layer_index,z_mm,part_area_mm2,part_perimeter_mm,part_component_count,new_island_count,unsupported_area_mm2,support_area_mm2,support_perimeter_mm
0,0.02,5.86163805,10.93081902,1,0,0.0,667.0,247.0
1,0.06,10.54320556,13.27160278,1,0,4.36156751,662.5,247.0
2,0.1,13.75119525,14.87559762,1,0,2.88798969,658.0,247.0
3,0.14,16.1883935,16.09419675,1,0,2.11719826,653.5,247.0
4,0.18,18.47270477,17.23635239,1,0,1.96431127,653.5,247.0
5,0.22,20.36244335,18.18122167,1,0,1.56973858,649.0,247.0
6,0.26,22.13149193,19.06574596,1,0,1.44904858,649.0,247.0
7,0.3,23.86381648,19.93190824,1,0,1.41232456,649.0,247.0
8,0.34,25.30351229,20.65175615,1,0,1.11969581,644.5,247.0
9,0.38,26.7432081,21.37160405,1,0,1.11969581,644.5,247.0
10,0.42,28.18290391,22.09145195,1,0,1.11969581,640.0,247.0
11,0.46,29.42162481,22.7108124,1,0,0.9187209,640.0,247.0
12,0.5,30.63191504,23.31595752,1,0,0.89029023,640.0,247.0
13,0.54,31.84220527,23.92110264,1,0,0.89029023,640.0,247.0
14,0.58,33.0415815,24.52079075,1,0,0.87937622,635.5,247.0
15,0.62,34.08245901,25.0412295,1,0,0.72087751,635.5,247.0
16,0.66,35.12333652,25.56166826,1,0,0.72087751,635.5,247.0
17,0.7,36.16421404,26.08210702,1,0,0.72087751,631.0,246.0
18,0.74,37.20509155,26.60254577,1,0,0.72087751,631.0,246.0
19,0.78,38.15689156,27.07844578,1,0,0.63180001,631.0,246.0
20,0.82,39.06724873,27.53362436,1,0,0.59035717,631.0,246.0
21,0.86,39.9776059,27.98880295,1,0,0.59035717,628.75,245.0
22,0.9,40.88796307,28.44398153,1,0,0.59035717,626.5,244.0
23,0.94,41.79832024,28.89916012,1,0,0.59035717,626.5,244.0
24,0.98,42.63199091,29.31599546,1,0,0.51367067,626.5,244.0
25,1.02,43.43836467,29.71918233,1,0,0.48637376,626.5,244.0
26,1.06,44.24473842,30.12236921,1,0,0.48637376,622.0,242.0
27,1.1,45.05111218,30.52555609,1,0,0.48637376,622.0,242.0
28,1.14,45.85748594,30.92874297,1,0,0.48637376,622.0,242.0
29,1.18,46.64367532,31.32183766,1,0,0.46618938,622.0,242.0
30,1.22,47.36497863,31.68248931,1,0,0.40130331,622.0,242.0
31,1.26,48.08628193,32.04314097,1,0,0.40130331,617.5,240.0
32,1.3,48.80758524,32.40379262,1,0,0.40130331,617.5,240.0
33,1.34,49.52888854,32.76444427,1,0,0.40130331,617.5,240.0
34,1.38,50.25019185,33.12509592,1,0,0.40130331,617.5,240.0
35,1.42,50.95798071,33.47899036,1,0,0.38778886,617.5,240.0
36,1.46,51.60823332,33.80411666,1,0,0.33025261,617.5,240.0
37,1.5,52.25848593,34.12924296,1,0,0.33025261,613.0,238.0
38,1.54,52.90873853,34.45436927,1,0,0.33025261,613.0,238.0
39,1.58,53.55899114,34.77949557,1,0,0.33025261,613.0,238.0
40,1.62,54.20924375,35.10462187,1,0,0.33025261,613.0,238.0
41,1.66,54.85949635,35.42974818,1,0,0.33025261,613.0,238.0
42,1.7,55.47312775,35.73656388,1,0,0.2936314,613.0,238.0
43,1.74,56.06295341,36.0314767,1,0,0.26982565,608.5,236.0
44,1.78,56.65277906,36.32638953,1,0,0.26982565,608.5,236.0
45,1.82,57.24260471,36.62130236,1,0,0.26982565,608.5,236.0
46,1.86,57.83243036,36.91621518,1,0,0.26982565,608.5,236.0
47,1.9,58.42225602,37.21112801,1,0,0.26982565,608.5,236.0
48,1.94,59.01208167,37.50604084,1,0,0.26982565,608.5,236.0
49,1.98,59.57608599,37.788043,1,0,0.24400432,608.5,236.0
50,2.02,60.11375406,38.05687703,1,0,0.21766807,604.0,234.0
51,2.06,60.65142213,38.32571106,1,0,0.21766807,604.0,234.0
52,2.1,61.18909019,38.5945451,1,0,0.21766807,604.0,234.0
53,2.14,61.72675826,38.86337913,1,0,0.21766807,604.0,234.0
54,2.18,62.26442633,39.13221316,1,0,0.21766807,604.0,234.0
55,2.22,62.8020944,39.4010472,1,0,0.21766807,604.0,234.0
56,2.26,63.33976246,39.66988123,1,0,0.21766807,604.0,234.0
57,2.3,63.83779775,39.91889888,1,0,0.17803529,604.0,234.0
58,2.34,64.32984383,40.16492191,1,0,0.17204608,599.5,232.0
59,2.38,64.82188991,40.41094495,1,0,0.17204608,599.5,232.0
60,2.42,65.31393599,40.65696799,1,0,0.17204608,599.5,232.0
61,2.46,65.80598206,40.90299103,1,0,0.17204608,599.5,232.0
62,2.5,66.29802814,41.14901407,1,0,0.17204608,599.5,232.0
63,2.54,66.79007422,41.39503711,1,0,0.17204608,599.5,232.0
64,2.58,67.2821203,41.64106015,1,0,0.17204608,599.5,232.0
65,2.62,67.74433472,41.87216736,1,0,0.14221442,599.5,232.0
66,2.66,68.19601477,42.09800739,1,0,0.13168005,595.0,230.0
67,2.7,68.64769482,42.32384741,1,0,0.13168005,595.0,230.0
68,2.74,69.09937488,42.54968744,1,0,0.13168005,595.0,230.0
69,2.78,69.55105493,42.77552746,1,0,0.13168005,595.0,230.0
70,2.82,70.00273498,43.00136749,1,0,0.13168005,595.0,230.0
71,2.86,70.45441504,43.22720752,1,0,0.13168005,595.0,230.0
72,2.9,70.90609509,43.45304754,1,0,0.13168005,595.0,230.0
73,2.94,71.35349009,43.67674504,1,0,0.127395,595.0,230.0
74,2.98,71.76909056,43.88454528,1,0,0.09560047,595.0,230.0
75,3.02,69.4334145,50.71678316,2,0,0.09560047,590.5,228.0
76,3.06,67.82812151,49.91408958,2,0,0.09560047,595.0,237.0
77,3.1,66.88903823,49.44473467,2,0,0.09560047,595.0,237.0
78,3.14,66.19791605,49.09912932,2,0,0.09560047,595.0,237.0
79,3.18,65.66872404,48.83450958,2,0,0.09560047,599.5,237.0
80,3.22,65.25174033,48.62604025,2,0,0.09560047,599.5,237.0
81,3.26,64.91622184,48.45832043,2,0,0.09560047,599.5,237.0
82,3.3,64.64135761,48.32086788,2,0,0.09490192,599.5,237.0
83,3.34,64.38218723,48.19116294,2,0,0.06307456,599.5,237.0
84,3.38,64.17404212,48.08714187,2,0,0.06307456,599.5,237.0
85,3.42,64.00416091,48.00229182,2,0,0.06307456,599.5,235.0
86,3.46,63.8583944,47.92928354,2,0,0.06307456,599.5,235.0
87,3.5,63.74819022,47.87425011,2,0,0.06307456,599.5,235.0
88,3.54,63.66198307,47.83118478,2,0,0.06307456,599.5,235.0
89,3.58,63.59262494,47.79635032,2,0,0.06307456,599.5,235.0
90,3.62,63.55419446,47.77730954,2,0,0.06307456,599.5,235.0
91,3.66,63.52305603,47.76153009,2,0,0.06307456,599.5,235.0
92,3.7,63.50802206,47.75422218,2,0,0.0494258,599.5,235.0
93,3.74,63.48241835,47.74125016,2,0,0.0335097,599.5,235.0
94,3.78,63.48113942,47.74078044,2,0,0.0335097,604.0,235.0
95,3.82,63.48488494,47.74248181,2,0,0.0335097,604.0,235.0
96,3.86,63.51071404,47.75557282,2,0,0.0335097,599.5,215.0
97,3.9,63.53929912,47.76965098,2,0,0.0335097,599.5,215.0
98,3.94,63.5900288,47.79523455,2,0,0.0335097,599.5,215.0
99,3.98,63.6416405,47.82085661,2,0,0.0335097,599.5,215.0
100,4.02,63.71359974,47.85701541,2,0,0.0335097,599.5,215.0
101,4.06,63.78821458,47.89419822,2,0,0.0335097,599.5,215.0
102,4.1,63.86462536,47.93248923,2,0,0.02119948,599.5,215.0
103,4.14,63.93354887,47.96694455,2,0,0.0,599.5,215.0
104,4.18,64.00975729,48.00497206,2,0,0.0,599.5,215.0
105,4.22,64.09869252,48.0495678,2,0,0.0,599.5,215.0
106,4.26,64.18856532,48.09447329,2,0,0.0,599.5,215.0
107,4.3,64.29547852,48.14795485,2,0,0.0,599.5,215.0
108,4.34,64.40398134,48.20212072,2,0,0.0,599.5,215.0
109,4.38,64.52138601,48.26082238,2,0,0.0,599.5,215.0
110,4.42,64.64765142,48.32404466,2,0,0.0,599.5,215.0
111,4.46,64.77491281,48.38767558,2,0,0.0,599.5,215.0
112,4.5,64.91699266,48.45871366,2,0,0.0,599.5,215.0
113,4.54,65.03584966,48.51807762,2,0,0.0,599.5,215.0
114,4.58,65.16114393,48.58066449,2,0,0.0,599.5,215.0
115,4.62,65.2960718,48.64826866,2,0,0.0,599.5,215.0
116,4.66,65.43165978,48.71587283,2,0,0.0,599.5,215.0
117,4.7,65.57843575,48.78939902,2,0,0.0,599.5,215.0
118,4.74,65.72939327,48.86490808,2,0,0.0,599.5,215.0
119,4.78,65.88192037,48.94116268,2,0,0.0,599.5,215.0
120,4.82,66.04747677,49.02396509,2,0,0.0,599.5,215.0
121,4.86,66.21385603,49.10709369,2,0,0.0,599.5,215.0
122,4.9,66.38492861,49.19252496,2,0,0.0,599.5,215.0
123,4.94,66.56179614,49.28114162,2,0,0.0,599.5,215.0
124,4.98,66.71988658,49.36005173,2,0,0.0,599.5,215.0
125,5.02,66.88520187,49.44272626,2,0,0.0,599.5,215.0
126,5.06,67.05707789,49.52878475,2,0,0.0,599.5,215.0
127,5.1,67.2295865,49.61484324,2,0,0.0,599.5,215.0
128,5.14,67.41123351,49.70578504,2,0,0.0,599.5,215.0
129,5.18,67.59713941,49.79880838,2,0,0.0,599.5,215.0
130,5.22,67.78368796,49.89190324,2,0,0.0,599.5,215.0
131,5.26,67.98074571,49.99057221,2,0,0.0,599.5,215.0
132,5.3,68.18033432,50.09039813,2,0,0.0,599.5,215.0
133,5.34,68.38082198,50.19064372,2,0,0.0,599.5,215.0
134,5.38,68.5923382,50.29638861,2,0,0.0,599.5,215.0
135,5.42,68.78567333,50.39305735,2,0,0.0,599.5,215.0
136,5.46,68.97841701,50.48946085,2,0,0.0,599.5,215.0
137,5.5,69.18199237,50.5912301,2,0,0.0,599.5,215.0
138,5.54,69.38656118,50.69349239,2,0,0.0,599.5,215.0
139,5.58,69.59294564,50.79667288,2,0,0.0,599.5,215.0
140,5.62,69.80972332,50.90510852,2,0,0.0,599.5,215.0
141,5.66,70.02729035,51.01385195,2,0,0.0,599.5,215.0
142,5.7,70.24707276,51.12366983,2,0,0.0,599.5,215.0
143,5.74,70.47679765,51.2386535,2,0,0.0,599.5,215.0
144,5.78,70.70723206,51.35381707,2,0,0.0,599.5,215.0
145,5.82,70.94019428,51.47017076,2,0,0.0,599.5,215.0
146,5.86,71.17706235,51.58879501,2,0,0.0,599.5,215.0
147,5.9,71.39998596,51.70019176,2,0,0.0,599.5,215.0
148,5.94,71.62570318,51.81287527,2,0,0.0,599.5,215.0
149,5.98,71.8606618,51.93060181,2,0,0.0,599.5,215.0
150,6.02,72.0963213,52.04835648,2,0,0.0,599.5,215.0
151,6.06,72.33501833,52.16751325,2,0,0.0,599.5,215.0
152,6.1,72.58268005,52.29162056,2,0,0.0,599.5,215.0
153,6.14,72.83106798,52.41572787,2,0,0.0,599.5,215.0
154,6.18,73.0827773,52.54140213,2,0,0.0,599.5,215.0
155,6.22,73.34319047,52.67188333,2,0,0.0,599.5,215.0
156,6.26,73.60435266,52.80236454,2,0,0.0,599.5,215.0
157,6.3,73.8691966,52.93462498,2,0,0.0,599.5,215.0
158,6.34,74.13700248,53.0687986,2,0,0.0,599.5,215.0
159,6.38,74.39190883,53.19613351,2,0,0.0,599.5,215.0
160,6.42,74.65099091,53.32554165,2,0,0.0,599.5,215.0
161,6.46,74.91807697,53.45934799,2,0,0.0,599.5,215.0
162,6.5,75.18597958,53.59315432,2,0,0.0,599.5,215.0
163,6.54,75.45874832,53.72944797,2,0,0.0,599.5,215.0
164,6.58,75.73897472,53.8698071,2,0,0.0,599.5,215.0
165,6.62,76.02005554,54.01016623,2,0,0.0,599.5,215.0
166,6.66,76.30694265,54.15358315,2,0,0.0,599.5,215.0
167,6.7,76.60054174,54.30060027,2,0,0.0,599.5,215.0
168,6.74,76.89504093,54.4476174,2,0,0.0,599.5,215.0
169,6.78,77.19659997,54.59846158,2,0,0.0,599.5,215.0
170,6.82,77.50385339,54.75226219,2,0,0.0,599.5,215.0
171,6.86,77.79488619,54.89747431,2,0,0.0,599.5,215.0
172,6.9,78.09369639,55.04706882,2,0,0.0,599.5,215.0
173,6.94,78.39684692,55.19875155,2,0,0.0,599.5,215.0
174,6.98,78.70116695,55.35082474,2,0,0.0,599.5,215.0
175,7.02,79.01602842,55.50829997,2,0,0.0,599.5,215.0
176,7.06,79.3336095,55.66710315,2,0,0.0,599.5,215.0
177,7.1,79.6534917,55.82707289,2,0,0.0,599.5,215.0
178,7.14,79.9845122,55.99260102,2,0,0.0,599.5,215.0
179,7.18,80.31702069,56.15873558,2,0,0.0,599.5,215.0
180,7.22,80.65459074,56.32735255,2,0,0.0,599.5,215.0
181,7.26,81.00137017,56.50106848,2,0,0.0,599.5,215.0
182,7.3,81.34940684,56.67478442,2,0,0.0,599.5,215.0
183,7.34,81.70140981,56.85093841,2,0,0.0,599.5,215.0
184,7.38,82.04706319,57.02389853,2,0,0.0,599.5,215.0
185,7.42,82.39472717,57.19776044,2,0,0.0,599.5,215.0
186,7.46,82.75489234,57.37781994,2,0,0.0,599.5,215.0
187,7.5,83.11746703,57.55897059,2,0,0.0,599.5,215.0
188,7.54,83.48658645,57.74340434,2,0,0.0,599.5,215.0
189,7.58,83.86540377,57.93312492,2,0,0.0,599.5,215.0
190,7.62,84.24600018,58.12325805,2,0,0.0,599.5,215.0
191,7.66,84.63965713,58.32020765,2,0,0.0,599.5,215.0
192,7.7,85.03729567,58.51891982,2,0,0.0,599.5,215.0
193,7.74,85.44223003,58.72124301,2,0,0.0,599.5,215.0
194,7.78,85.85800492,58.92944954,2,0,0.0,599.5,215.0
195,7.82,86.27654652,59.13873926,2,0,0.0,599.5,215.0
196,7.86,86.70512418,59.35302788,2,0,0.0,599.5,215.0
197,7.9,87.12589155,59.56305445,2,0,0.0,599.5,215.0
198,7.94,87.55934108,59.78003351,2,0,0.0,599.5,215.0
199,7.98,88.00087517,60.00076934,2,0,0.0,599.5,215.0
200,8.02,88.45169329,60.22603492,2,0,0.0,599.5,215.0
201,8.06,88.91557513,60.45825221,2,0,0.0,599.5,215.0
202,8.1,89.38637133,60.69320126,2,0,0.0,599.5,215.0
203,8.14,89.87445473,60.93776121,2,0,0.0,599.5,215.0
204,8.18,90.36853587,61.18464656,2,0,0.0,599.5,215.0
205,8.22,90.8828621,61.44200851,2,0,0.02886586,599.5,215.0
206,8.26,91.4039845,61.7024044,2,0,0.03566204,595.0,215.0
207,8.3,91.94742489,61.9743108,2,0,0.05798003,595.0,215.0
208,8.34,92.50024924,62.25015129,2,0,0.06736398,595.0,215.0
209,8.38,93.07517362,62.53814228,2,0,0.09072277,595.0,215.0
210,8.42,93.65042402,62.82553695,2,0,0.10560241,595.0,215.0
211,8.46,94.24755978,63.12407723,2,0,0.12748778,595.0,215.0
212,8.5,94.86932919,63.43536515,2,0,0.15212142,595.0,215.0
213,8.54,95.51027004,63.75591646,2,0,0.17129287,595.0,215.0
214,8.58,96.18823994,64.09479874,2,0,0.20832192,595.0,215.0
215,8.62,97.77455632,72.34073814,3,1,1.11666839,587.25,222.0
216,8.66,107.40681806,88.4102886,3,0,8.84187601,576.5,240.0
217,8.7,119.06179751,91.63220567,3,0,10.26688349,564.0,231.0
218,8.74,126.91380838,94.16432747,3,0,6.38667893,557.5,232.0
219,8.78,132.96571465,87.88037373,1,0,4.51370331,554.0,233.0
220,8.82,138.3484443,88.77207728,1,0,4.09795101,547.0,236.0
221,8.86,143.77733686,89.52200319,1,0,4.09755099,539.75,233.0
222,8.9,149.18271046,90.21794099,1,0,4.03412603,536.0,234.0
223,8.94,154.26801631,90.91436331,1,0,3.68474745,530.5,235.0
224,8.98,159.51994251,91.61164192,1,0,3.81641928,523.0,228.0
225,9.02,164.71312674,88.22856852,1,0,3.71632284,520.0,229.0
226,9.06,168.50613247,88.78753154,1,0,2.46982891,517.5,229.0
227,9.1,172.30129361,89.31655457,1,0,2.44412908,515.5,230.0
228,9.14,176.08968778,89.8302995,1,0,2.4111458,509.75,231.0
229,9.18,179.86611102,90.34412824,1,0,2.37374048,503.75,231.0
230,9.22,183.66587563,90.86568187,1,0,2.37215589,501.75,231.0
231,9.26,187.38638015,91.34613499,1,0,2.26784273,498.5,233.0
232,9.3,190.8691762,91.76064439,1,0,2.00700149,495.75,232.0
233,9.34,194.33321328,92.18310392,1,0,1.96803438,492.0,234.0
234,9.38,197.75216254,92.59737821,1,0,1.9026088,488.75,234.0
235,9.42,201.03687759,92.99782794,1,0,1.74850471,482.25,234.0
236,9.46,204.30418979,93.39217617,1,0,1.71204518,481.0,234.0
237,9.5,207.56079435,93.77778492,1,0,1.69479316,477.25,236.0
238,9.54,210.81384214,94.16601132,1,0,1.67539268,476.0,236.0
239,9.58,214.06209376,94.53042392,1,0,1.65219696,473.25,235.0
240,9.62,217.28579823,94.88053142,1,0,1.61023937,469.5,237.0
241,9.66,220.45944725,95.21412263,1,0,1.54355985,465.25,237.0
242,9.7,223.63517806,95.53762269,1,0,1.52983661,460.75,236.0
243,9.74,226.82080508,95.86177345,1,0,1.52441979,457.75,237.0
244,9.78,229.89001466,96.18535031,1,0,1.39276193,455.0,237.0
245,9.82,231.92853795,104.49984979,1,0,1.25284568,456.5,247.0
246,9.86,224.40163338,123.1255522,1,0,1.19787452,456.5,254.0
247,9.9,216.75716862,124.52192599,1,0,1.16827007,465.0,270.0
248,9.94,212.81976279,125.99859912,1,0,1.05409835,468.0,272.0
249,9.98,209.53511139,127.2392807,1,0,1.01213585,474.5,276.0
250,10.02,206.3581999,128.38553755,1,0,1.00406495,472.75,274.0
251,10.06,203.66098851,129.29570916,1,0,1.00265922,473.25,270.0
252,10.1,201.42865501,130.20325442,1,0,0.98127748,479.25,269.0
253,10.14,199.66600122,131.12531689,1,0,0.90749073,478.0,266.0
254,10.18,198.02536414,132.04010526,1,0,0.87384753,477.25,264.0
255,10.22,196.44441681,132.84280223,1,0,0.85071191,479.25,262.0
256,10.26,194.91100508,133.57643156,1,0,0.83093448,486.75,265.0
257,10.3,193.39649839,134.29561221,1,0,0.80518195,487.75,264.0
258,10.34,191.93169225,135.00336431,1,0,0.78617213,488.75,263.0
259,10.38,190.73804126,135.71959102,1,0,0.76354774,490.0,261.0
260,10.42,189.5452241,136.42632501,1,0,0.69993404,490.5,259.0
261,10.46,188.4831772,137.0561188,1,0,0.66930125,490.75,257.0
262,10.5,187.46269521,137.65531423,1,0,0.64320828,497.25,250.0
263,10.54,186.48543158,138.2468916,1,0,0.62405691,496.5,239.0
264,10.58,185.52552015,138.82637045,1,0,0.59228143,497.5,239.0
265,10.62,184.49965682,139.38866973,1,0,0.57014382,496.75,240.0
266,10.66,183.4737349,139.95537423,1,0,0.5587512,498.25,240.0
267,10.7,182.45876913,140.52165211,1,0,0.53326256,497.75,237.0
268,10.74,181.47007316,141.06881341,1,0,0.51362704,502.25,239.0
269,10.78,180.71520701,141.59369599,1,0,0.50784579,504.75,240.0
270,10.82,179.99754286,142.09541395,1,0,0.49240493,510.0,238.0
271,10.86,179.26910943,142.57551054,1,0,0.45725424,510.25,236.0
272,10.9,178.66369065,143.05848417,1,0,0.44377089,511.75,236.0
273,10.94,178.07795518,143.54435029,1,0,0.43358786,512.0,235.0
274,10.98,177.49954389,144.01851213,1,0,0.41658574,512.0,234.0
275,11.02,176.94047827,144.49482632,1,0,0.40508918,512.75,234.0
276,11.06,176.36821437,144.96799253,1,0,0.39693761,513.0,233.0
277,11.1,175.79198806,145.43601199,1,0,0.39142754,513.0,233.0
278,11.14,175.2301474,145.90432728,1,0,0.3859808,514.5,234.0
279,11.18,174.63557003,146.34570081,1,0,0.37703738,518.5,233.0
280,11.22,174.02088358,146.77132905,1,0,0.36752881,518.25,232.0
281,11.26,173.44608794,147.18927891,1,0,0.36112786,524.5,230.0
282,11.3,172.93985048,147.60769684,1,0,0.35533796,524.5,228.0
283,11.34,172.44451611,148.02012219,1,0,0.34836272,525.25,228.0
284,11.38,171.91414809,148.42537226,1,0,0.33949582,526.5,230.0
285,11.42,171.43370992,148.82755773,1,0,0.33449924,525.25,230.0
286,11.46,171.00224726,149.22600078,1,0,0.3303554,525.5,229.0
287,11.5,170.56730733,149.61703824,1,0,0.31828077,526.25,227.0
288,11.54,170.11566114,150.00585582,1,0,0.30042798,526.0,228.0
289,11.58,169.6770942,150.39743354,1,0,0.293844,525.75,228.0
290,11.62,169.25828661,150.78737886,1,0,0.29039755,527.0,228.0
291,11.66,168.84927131,151.16927321,1,0,0.28736163,526.25,229.0
292,11.7,168.45288638,151.54211157,1,0,0.28432571,526.75,229.0
293,11.74,168.07928265,151.91971168,1,0,0.28196084,526.75,229.0
294,11.78,167.70810717,152.28562879,1,0,0.28090948,526.25,229.0
295,11.82,167.34670391,152.64858418,1,0,0.27994183,526.5,227.0
296,11.86,167.02056437,153.00457497,1,0,0.27399448,526.0,227.0
297,11.9,166.76051731,153.36179587,1,0,0.26044645,526.75,227.0
298,11.94,166.51352948,153.71598025,1,0,0.25376018,527.0,229.0
299,11.98,166.24924048,154.05935841,1,0,0.24737237,525.75,227.0
300,12.02,165.95004348,154.39924426,1,0,0.24283138,525.75,227.0
301,12.06,165.69843264,154.74137553,1,0,0.24109518,526.5,228.0
302,12.1,165.46217322,155.079568,1,0,0.23390735,526.0,226.0
303,12.14,165.21851124,155.41521666,1,0,0.22847848,525.5,226.0
304,12.18,164.97803628,155.75022811,1,0,0.22317034,526.25,225.0
305,12.22,164.72801073,156.08926967,1,0,0.22016835,526.25,226.0
306,12.26,164.46090546,156.42295326,1,0,0.21799706,526.25,226.0
307,12.3,164.21072773,156.74810328,1,0,0.21250579,526.75,227.0
308,12.34,163.96440169,157.06626332,1,0,0.20690728,527.0,226.0
309,12.38,163.71755462,157.38033561,1,0,0.20055266,526.25,225.0
310,12.42,163.48177481,157.69356187,1,0,0.1971358,525.0,226.0
311,12.46,163.24882195,158.00487376,1,0,0.1953522,525.0,226.0
312,12.5,163.01710907,158.31303894,1,0,0.19342713,526.0,227.0
313,12.54,162.8052033,158.62138495,1,0,0.19110858,526.0,226.0
314,12.58,162.64666173,158.9304315,1,0,0.1885169,525.5,226.0
315,12.62,162.48696295,159.23842987,1,0,0.18157859,525.0,226.0
316,12.66,162.32434994,159.54245986,1,0,0.17454498,525.75,225.0
317,12.7,162.16215916,159.84595465,1,0,0.17221555,525.0,226.0
318,12.74,162.02343956,160.14837965,1,0,0.1681831,525.75,227.0
319,12.78,161.90531983,160.45135918,1,0,0.16235121,526.0,227.0
320,12.82,161.78981452,160.75420737,1,0,0.15857207,526.5,227.0
321,12.86,161.67363613,161.05600263,1,0,0.15561022,525.5,225.0
322,12.9,161.53585829,161.35469985,1,0,0.15346236,525.75,225.0
323,12.94,161.39357648,161.64649618,1,0,0.15150185,525.5,224.0
324,12.98,161.26214564,161.93326389,1,0,0.14954133,526.5,225.0
325,13.02,161.144087,162.21724369,1,0,0.14762026,525.5,224.0
326,13.06,161.03137861,162.49805537,1,0,0.14578465,526.25,224.0
327,13.1,160.91979775,162.77740243,1,0,0.1439531,526.25,224.0
328,13.14,160.7991955,163.06056302,1,0,0.14207977,526.0,223.0
329,13.18,160.64135634,163.34330589,1,0,0.14006164,525.5,223.0
330,13.22,160.47802957,163.62343276,1,0,0.13653454,525.75,224.0
331,13.26,160.31672595,163.89808527,1,0,0.13288483,525.5,222.0
332,13.3,160.19346133,164.17528935,1,0,0.1303275,524.0,222.0
333,13.34,160.09560587,164.45557172,1,0,0.12843022,524.25,222.0
334,13.38,159.9983523,164.7360514,1,0,0.12653954,524.25,222.0
335,13.42,159.90490571,165.0144318,1,0,0.12396068,523.5,222.0
336,13.46,159.80480354,165.28877016,1,0,0.11867708,523.5,222.0
337,13.5,159.73881006,165.5648049,1,0,0.11637438,523.25,221.0
338,13.54,159.70008239,165.83788058,1,0,0.11414001,523.5,221.0
339,13.58,159.67266773,166.10626201,1,0,0.11206549,523.5,221.0
340,13.62,159.65145644,166.37152989,1,0,0.11035872,523.5,222.0
341,13.66,159.63747491,166.63417987,1,0,0.10849027,522.75,222.0
342,13.7,159.63388207,166.895499,1,0,0.10662282,522.0,221.0
343,13.74,159.63356985,167.15726816,1,0,0.10475854,520.75,222.0
344,13.78,159.62895827,167.41762642,1,0,0.10105572,520.25,220.0
345,13.82,159.61876031,167.67678241,1,0,0.0970796,520.25,220.0
346,13.86,159.58624627,167.93485042,1,0,0.09538231,520.25,219.0
347,13.9,159.52850578,168.19361618,1,0,0.09412402,520.0,219.0
348,13.94,159.46274803,168.45373819,1,0,0.09306675,519.75,218.0
349,13.98,159.39499093,168.71091563,1,0,0.09201378,519.25,219.0
350,14.02,159.33136382,168.96774993,1,0,0.09080818,518.25,219.0
351,14.06,159.27872692,169.22419643,1,0,0.08909172,517.75,217.0
352,14.1,159.27171049,169.48354895,1,0,0.08734825,517.25,218.0
353,14.14,159.24580739,169.73718814,1,0,0.0854112,517.0,216.0
354,14.18,159.20765527,169.98774227,1,0,0.08276736,516.25,214.0
355,14.22,159.16953753,170.23684622,1,0,0.08008464,516.0,214.0
356,14.26,159.13558616,170.48601065,1,0,0.07740563,516.0,214.0
357,14.3,159.1415851,170.73685548,1,0,0.07495356,516.0,214.0
358,14.34,159.17165978,170.98678769,1,0,0.07456497,515.0,215.0
359,14.38,159.21257811,171.23712977,1,0,0.07360923,515.0,215.0
360,14.42,159.25535362,171.48562135,1,0,0.07235491,514.25,215.0
361,14.46,159.29521187,171.72995586,1,0,0.06995453,513.5,213.0
362,14.5,159.34192094,171.97526019,1,0,0.06863708,513.25,213.0
363,14.54,159.39465968,172.22124939,1,0,0.06700544,512.75,213.0
364,14.58,159.44950782,172.46580085,1,0,0.06535395,512.25,212.0
365,14.62,159.5016429,172.71068387,1,0,0.06370246,512.25,212.0
366,14.66,159.55326814,172.95401863,1,0,0.06211703,512.25,212.0
367,14.7,159.61005817,173.19800966,1,0,0.06064087,511.25,211.0
368,14.74,159.65997405,173.43818933,1,0,0.05916471,511.0,211.0
369,14.78,159.71154507,173.67728252,1,0,0.05766058,510.5,211.0
370,14.82,159.76539095,173.91421052,1,0,0.05615015,510.0,210.0
371,14.86,159.80116078,174.15194808,1,0,0.05463409,510.0,210.0
372,14.9,159.8548744,174.38960094,1,0,0.05311828,509.75,210.0
373,14.94,159.91420778,174.62935993,1,0,0.05180527,509.25,209.0
374,14.98,159.97070119,174.86857016,1,0,0.05069393,509.0,209.0
375,15.02,160.03050004,175.10703973,1,0,0.04973069,508.75,209.0
376,15.06,160.09329475,175.344261,1,0,0.04879843,508.25,210.0
377,15.1,160.17724003,175.58176193,1,0,0.04751277,508.25,210.0
378,15.14,160.25466922,175.82046179,1,0,0.04552623,507.5,210.0
379,15.18,160.33406427,176.05728283,1,0,0.04417442,507.25,210.0
380,15.22,160.41526371,176.29416893,1,0,0.04320316,507.0,209.0
381,15.26,160.49872293,176.53100513,1,0,0.04223485,507.0,208.0
382,15.3,160.58355679,176.76712715,1,0,0.04126941,507.0,208.0
383,15.34,160.66264617,176.99958727,1,0,0.04040071,506.75,208.0
384,15.38,160.7533378,177.23143335,1,0,0.0396037,506.25,208.0
385,15.42,160.85438044,177.46238164,1,0,0.03880668,506.0,207.0
386,15.46,160.95944326,177.69116277,1,0,0.03800967,506.0,207.0
387,15.5,161.06968337,177.92207831,1,0,0.03721266,505.0,207.0
388,15.54,161.18329819,178.15394256,1,0,0.03641564,504.75,207.0
389,15.58,161.29468982,178.38569113,1,0,0.03561863,504.5,207.0
390,15.62,161.40656258,178.61638956,1,0,0.03489614,504.0,207.0
391,15.66,161.52252526,178.84589706,1,0,0.03425795,503.75,207.0
392,15.7,161.67658774,179.07592089,1,0,0.03351046,503.75,207.0
393,15.74,161.85228711,179.31026733,1,0,0.03258792,503.5,207.0
394,15.78,162.03041464,179.54509459,1,0,0.03166469,503.5,207.0
395,15.82,162.20846105,179.77900735,1,0,0.03074147,503.25,207.0
396,15.86,162.36111942,180.01208258,1,0,0.02981824,503.0,205.0
397,15.9,162.5115838,180.24537752,1,0,0.02889502,502.75,206.0
398,15.94,162.68010721,180.47393149,1,0,0.02722264,502.0,206.0
399,15.98,162.86055282,180.70480442,1,0,0.02598469,501.5,205.0
400,16.02,163.04589604,180.93326903,1,0,0.0247866,501.75,205.0
401,16.06,163.22935913,181.16047609,1,0,0.02387342,500.75,205.0
402,16.1,163.40537636,181.38820278,1,0,0.02327708,500.5,205.0
403,16.14,163.57102496,181.61822729,1,0,0.02268659,500.25,203.0
404,16.18,163.73753725,181.84850356,1,0,0.02209609,500.0,201.0
405,16.22,163.9032215,182.07823448,1,0,0.0215056,500.0,201.0
406,16.26,164.06861678,182.30717107,1,0,0.02090766,499.75,201.0
407,16.3,164.23671431,182.53653586,1,0,0.02025293,499.75,201.0
408,16.34,164.40780158,182.76840549,1,0,0.01965532,499.5,202.0
409,16.38,164.57806397,182.99974148,1,0,0.01905772,498.75,201.0
410,16.42,164.75130698,183.23113152,1,0,0.01846011,498.5,200.0
411,16.46,164.93954694,183.46340529,1,0,0.01786251,498.25,199.0
412,16.5,165.16854151,183.69469782,1,0,0.0172649,498.0,198.0
413,16.54,165.40953915,183.92367246,1,0,0.0166673,498.0,196.0
414,16.58,165.65774578,184.15330797,1,0,0.01606969,498.0,196.0
415,16.62,165.91776875,184.3813126,1,0,0.01547208,498.25,197.0
416,16.66,166.1900092,184.60807139,1,0,0.01487448,497.75,195.0
417,16.7,166.49566844,184.83720248,1,0,0.01427687,497.25,193.0
418,16.74,166.81658555,185.06798764,1,0,0.01367927,497.25,193.0
419,16.78,167.13195712,185.29916246,1,0,0.01284089,497.0,192.0
420,16.82,167.42635419,185.53024189,1,0,0.01183473,496.5,188.0
421,16.86,167.68478364,185.75981647,1,0,0.0,496.5,188.0
422,16.9,167.94716428,185.99002969,1,0,0.0,496.5,188.0
423,16.94,168.21711224,186.22486985,1,0,0.0,496.5,188.0
424,16.98,168.48924052,186.45879113,1,0,0.0,496.5,188.0
425,17.02,168.76231482,186.69357819,1,0,0.0,496.5,188.0
426,17.06,169.03761176,186.92792558,1,0,0.0,496.5,188.0
427,17.1,169.30230284,187.15994745,1,0,0.0,496.5,188.0
428,17.14,169.56141354,187.39057417,1,0,0.0,496.5,188.0
429,17.18,169.82278071,187.62205316,1,0,0.0,496.5,188.0
430,17.22,170.09715919,187.85268458,1,0,0.0,496.5,188.0
431,17.26,170.40490852,188.08483955,1,0,0.0,496.5,188.0
432,17.3,170.72181401,188.32026895,1,0,0.0,496.5,188.0
433,17.34,171.04488089,188.55659921,1,0,0.0,496.5,188.0
434,17.38,171.37473287,188.79359445,1,0,0.0,496.5,188.0
435,17.42,171.72576279,189.02980778,1,0,0.0,496.5,188.0
436,17.46,172.12341183,189.26820721,1,0,0.0,496.5,188.0
437,17.5,172.535075,189.51186717,1,0,0.0,496.5,188.0
438,17.54,172.95085631,189.755553,1,0,0.0,496.5,188.0
439,17.58,173.36591158,189.99689169,1,0,0.0,496.5,188.0
440,17.62,173.78750085,190.24078398,1,0,0.0,496.5,188.0
441,17.66,174.22994911,190.48782535,1,0,0.0,496.5,188.0
442,17.7,174.67550774,190.73160953,1,0,0.0,496.5,188.0
443,17.74,175.11455627,190.97127939,1,0,0.0,496.5,188.0
444,17.78,175.52212755,191.21109855,1,0,0.0,496.5,188.0
445,17.82,175.93211281,191.45387255,1,0,0.0,496.5,188.0
446,17.86,176.34624797,191.70038193,1,0,0.0,496.5,188.0
447,17.9,176.76328944,191.94479152,1,0,0.0,496.5,188.0
448,17.94,177.21727725,192.19153151,1,0,0.0,496.5,188.0
449,17.98,177.67605376,192.44086368,1,0,0.0,496.5,188.0
450,18.02,178.11887906,192.69428028,1,0,0.0,496.5,188.0
451,18.06,178.56880791,192.94784444,1,0,0.0,496.5,188.0
452,18.1,179.04115873,193.20059308,1,0,0.0,496.5,188.0
453,18.14,179.58336201,193.45742188,1,0,0.0,496.5,188.0
454,18.18,180.15274681,193.71905594,1,0,0.0,496.5,188.0
455,18.22,180.73101374,193.97870606,1,0,0.0,496.5,188.0
456,18.26,181.31183302,194.23756398,1,0,0.0,496.5,188.0
457,18.3,181.88917222,194.49412139,1,0,0.0,496.5,188.0
458,18.34,182.47802077,194.75482247,1,0,0.0,496.5,188.0
459,18.38,183.07012546,195.01689974,1,0,0.0,496.5,188.0
460,18.42,183.67120705,195.27876809,1,0,0.0,496.5,188.0
461,18.46,184.27790524,195.5422379,1,0,0.0,496.5,188.0
462,18.5,184.89862023,195.81041385,1,0,0.0,496.5,188.0
463,18.54,185.54075585,196.07911188,1,0,0.0,496.5,188.0
464,18.58,186.23431987,196.3509218,1,0,0.02154885,496.5,188.0
465,18.62,186.91798252,196.62498325,1,0,0.02679742,496.5,188.0
466,18.66,187.60446388,196.90390503,1,0,0.02812575,496.5,188.0
467,18.7,188.31564724,197.1855424,1,0,0.02945409,496.5,188.0
468,18.74,189.11691833,197.4683953,1,0,0.1078147,495.5,188.0
469,18.78,189.96480527,197.75876687,1,0,0.147363,489.5,187.0
470,18.82,190.827756,198.05035624,1,0,0.16959642,488.5,187.0
471,18.86,191.64388929,198.33803027,1,0,0.18829997,488.0,187.0
472,18.9,192.46175869,198.62761575,1,0,0.20582979,487.5,187.0
473,18.94,193.30312217,198.92295223,1,0,0.22948693,487.25,187.0
474,18.98,194.15953652,199.2209172,1,0,0.24350251,487.0,187.0
475,19.02,195.03215878,199.51921767,1,0,0.26081146,486.75,187.0
476,19.06,195.93194591,199.82598936,1,0,0.28726835,484.25,187.0
477,19.1,196.91484389,200.13569819,1,0,0.37153736,482.5,187.0
478,19.14,197.95032037,200.44722973,1,0,0.42520317,481.0,187.0
479,19.18,199.01249737,200.76844537,1,0,0.45579612,476.25,188.0
480,19.22,200.14977494,201.09148952,1,0,0.54154385,471.0,186.0
481,19.26,201.41184557,201.41837074,1,0,0.69052935,470.25,186.0
482,19.3,202.71323764,201.75653641,1,0,0.74333091,469.75,186.0
483,19.34,204.04212092,202.09796469,1,0,0.77779524,469.25,186.0
484,19.38,205.40008927,202.4430627,1,0,0.83050861,467.25,187.0
485,19.42,206.76592018,202.79787675,1,0,0.87815667,464.5,187.0
486,19.46,208.17648427,203.15103904,1,0,0.94892005,463.0,187.0
487,19.5,209.61153007,203.51344484,1,0,0.98916641,456.5,188.0
488,19.54,211.16555522,203.88562026,1,0,1.12032284,452.5,186.0
489,19.58,212.78376813,204.26273484,1,0,1.2253411,451.5,186.0
490,19.62,214.48677001,204.65840288,1,0,1.37645644,450.0,186.0
491,19.66,216.44035828,205.05853091,1,0,1.64633571,447.5,187.0
492,19.7,218.52299097,205.47835853,1,0,1.79203332,445.0,187.0
493,19.74,220.69709204,205.90231881,1,0,1.89875302,438.0,188.0
494,19.78,222.94919218,206.34854059,1,0,1.99470466,433.0,186.0
495,19.82,225.28530975,206.80212563,1,0,2.09244833,431.25,186.0
496,19.86,227.94646115,207.28947353,1,0,2.42400052,427.75,186.0
497,19.9,230.90426918,207.79296425,1,0,2.7244907,423.0,187.0
498,19.94,234.65200145,208.33376082,1,0,3.52100521,414.75,185.0
499,19.98,238.77668566,208.91547732,1,0,3.91084695,410.75,186.0
500,20.02,243.22008374,209.54356695,1,0,4.25596499,405.5,187.0
501,20.06,249.09024211,210.27525212,1,0,5.76922084,396.75,185.0
502,20.1,258.83579649,211.34341845,1,0,9.67982098,388.0,175.0
503,20.14,268.08478532,196.24199611,1,0,9.19978553,388.0,159.0
504,20.18,271.09330249,186.54913904,1,0,3.65601747,385.5,157.0
505,20.22,271.66449602,185.35057893,1,0,1.72391794,382.25,156.0
506,20.26,271.77768414,184.52259899,1,0,1.37969143,380.75,155.0
507,20.3,271.74109576,183.84545341,1,0,1.29339631,378.25,154.0
508,20.34,271.51449737,183.31072976,1,0,1.17425929,377.0,153.0
509,20.38,271.07506151,182.87607559,1,0,1.0325063,375.5,152.0
510,20.42,270.53003872,182.5000443,1,0,0.98178169,373.5,151.0
511,20.46,269.84452469,182.17730328,1,0,0.89552595,371.25,151.0
512,20.5,269.03185402,181.91073497,1,0,0.82322686,371.0,150.0
513,20.54,268.10234771,181.69245822,1,0,0.76297504,369.0,149.0
514,20.58,267.02726023,181.49769342,1,0,0.72355242,368.0,149.0
515,20.62,265.73361325,181.34528932,1,0,0.67309874,366.25,148.0
516,20.66,264.32981775,181.21993776,1,0,0.64256794,365.5,148.0
517,20.7,262.79753067,181.12656967,1,0,0.60380033,363.75,147.0
518,20.74,261.05610993,181.05791905,1,0,0.5739814,363.25,147.0
519,20.78,259.19084917,181.0158225,1,0,0.54823608,362.5,147.0
520,20.82,257.21062586,180.99716298,1,0,0.51652056,361.0,146.0
521,20.86,255.10428937,181.00149397,1,0,0.49391974,359.75,146.0
522,20.9,252.89588772,181.02136942,1,0,0.47276992,359.5,146.0
523,20.94,250.59221752,181.07406875,1,0,0.44662479,358.25,145.0
524,20.98,248.07273693,181.14687888,1,0,0.43082458,357.25,145.0
525,21.02,243.8857497,185.24830432,1,0,0.41372913,356.5,145.0
526,21.06,239.70839942,185.38128748,1,0,0.39192336,357.0,150.0
527,21.1,235.32671854,185.56932514,1,0,0.3774363,356.5,150.0
528,21.14,230.84776643,185.77444521,1,0,0.3656779,356.0,150.0
529,21.18,226.2042631,186.03104479,1,0,0.34835724,357.25,152.0
530,21.22,221.03932296,186.36858761,1,0,0.33267577,356.25,151.0
531,21.26,213.5704547,194.16780926,3,0,0.32288714,355.5,151.0
532,21.3,201.68773137,193.56170012,3,0,0.31195989,354.5,150.0
533,21.34,191.2157384,176.03848782,4,0,0.29475865,357.25,162.0
534,21.38,187.40607114,168.45098905,3,0,0.28123349,358.75,154.0
535,21.42,184.60018532,166.70202376,3,0,0.27434926,362.25,156.0
536,21.46,182.2643856,165.28724675,3,0,0.26751792,362.0,156.0
537,21.5,180.06483225,164.04919881,3,0,0.25585242,360.25,156.0
538,21.54,178.05597448,162.93930208,3,0,0.24693047,359.75,155.0
539,21.58,176.2463677,161.93937246,3,0,0.242406,359.5,155.0
540,21.62,174.52491631,161.02213141,3,0,0.22925934,359.25,155.0
541,21.66,172.91122048,160.14640009,3,0,0.22387102,358.5,154.0
542,21.7,171.42035496,159.35596833,3,0,0.21401825,357.75,154.0
543,21.74,169.9944315,158.59673548,3,0,0.20854094,357.0,153.0
544,21.78,168.66207065,157.89145845,3,0,0.20531911,360.75,155.0
545,21.82,167.38220674,157.20862154,3,0,0.20108844,360.5,155.0
546,21.86,166.16690269,156.56765104,3,0,0.18808266,360.0,155.0
547,21.9,164.98809936,155.95080397,3,0,0.17706977,359.75,155.0
548,21.94,163.86811851,155.36428315,3,0,0.1687518,358.75,154.0
549,21.98,162.78746552,154.79899237,3,0,0.16399449,358.75,154.0
550,22.02,161.75645773,154.25167187,3,0,0.16317448,358.25,154.0
551,22.06,160.76411043,153.72508592,3,0,0.16284032,358.0,154.0
552,22.1,159.80657593,153.2212509,3,0,0.1574172,357.25,154.0
553,22.14,158.88084523,152.7282206,3,0,0.15516898,356.5,154.0
554,22.18,157.97300916,152.24932038,3,0,0.14793402,356.0,154.0
555,22.22,157.09191961,151.7845737,3,0,0.14246655,355.25,153.0
556,22.26,156.23090021,151.32488165,3,0,0.13703752,354.75,153.0
557,22.3,155.41262628,150.88808351,3,0,0.13008563,354.75,153.0
558,22.34,154.61533471,150.45978518,3,0,0.12467544,354.25,152.0
559,22.38,153.84046204,150.04134641,3,0,0.12138392,354.0,152.0
560,22.42,153.09138276,149.63836986,3,0,0.1184964,353.5,152.0
561,22.46,152.35040305,149.24141507,3,0,0.11569759,352.25,151.0
562,22.5,151.63584994,148.85728005,3,0,0.11308551,352.25,151.0
563,22.54,150.94121749,148.47972586,3,0,0.11081617,352.0,151.0
564,22.58,150.26818097,148.11345023,3,0,0.10737418,351.5,151.0
565,22.62,149.61358731,147.75821202,3,0,0.09949179,351.0,151.0
566,22.66,148.97012332,147.4069818,3,0,0.09683334,350.75,151.0
567,22.7,148.3394464,147.06068766,3,0,0.09549955,350.5,151.0
568,22.74,147.71784822,146.71960529,3,0,0.09295731,350.0,151.0
569,22.78,147.10194588,146.3814713,3,0,0.09071752,349.5,150.0
570,22.82,146.50580572,146.05357228,3,0,0.08846405,349.5,150.0
571,22.86,145.92543051,145.73105422,3,0,0.08764751,349.25,150.0
572,22.9,145.3487866,145.41422075,3,0,0.08724274,348.75,150.0
573,22.94,144.79345244,145.10630832,3,0,0.08616051,348.0,150.0
574,22.98,144.24951512,144.80079825,3,0,0.08712583,347.75,150.0
575,23.02,143.72167835,144.50095597,3,0,0.08604715,347.25,150.0
576,23.06,143.21156989,144.21061165,3,0,0.08214293,346.75,149.0
577,23.1,142.70560231,143.92365669,3,0,0.07576984,346.25,149.0
578,23.14,142.2137414,143.64315552,3,0,0.07339301,346.25,149.0
579,23.18,141.73434601,143.36719453,3,0,0.07122962,346.0,149.0
580,23.22,141.24115288,143.08634358,3,0,0.06837568,345.5,148.0
581,23.26,140.75797536,142.81303426,3,0,0.063755,344.75,148.0
582,23.3,140.28248472,142.54535482,3,0,0.06057447,344.25,148.0
583,23.34,139.80813952,142.27992799,3,0,0.05741559,343.75,148.0
584,23.38,139.34622436,142.02064649,3,0,0.05586446,343.75,148.0
585,23.42,138.89305132,141.76543104,3,0,0.05546524,343.25,147.0
586,23.46,138.44619834,141.51292067,3,0,0.05453274,343.0,146.0
587,23.5,138.01110359,141.26804746,3,0,0.05363385,342.5,146.0
588,23.54,137.58001676,141.02599236,3,0,0.05273638,342.5,146.0
589,23.58,137.1537354,140.78581394,3,0,0.05248634,342.5,146.0
590,23.62,136.73931373,140.55197511,3,0,0.05166682,341.5,146.0
591,23.66,136.32775688,140.32005826,3,0,0.04924591,341.5,146.0
592,23.7,135.90629966,140.08436186,3,0,0.0465021,341.5,146.0
593,23.74,135.49745482,139.85422705,3,0,0.04351266,340.5,145.0
594,23.78,135.09776167,139.6265717,3,0,0.0419453,340.0,144.0
595,23.82,134.70678012,139.40056207,3,0,0.04123317,339.75,144.0
596,23.86,134.33318133,139.18152859,3,0,0.04016859,339.75,144.0
597,23.9,133.96233814,138.96385676,3,0,0.03941411,340.0,144.0
598,23.94,133.58871695,138.74745316,3,0,0.03851654,339.75,144.0
599,23.98,133.22176802,138.53714438,3,0,0.03724764,339.25,144.0
600,24.02,132.84804999,138.32850435,3,0,0.03577003,339.25,144.0
601,24.06,132.46887506,138.12093056,3,0,0.03359146,339.0,144.0
602,24.1,132.10096956,137.92132195,3,0,0.03247978,339.0,144.0
603,24.14,131.73514386,137.72305037,3,0,0.03146269,338.0,143.0
604,24.18,131.35729584,137.51943485,3,0,0.0304964,337.75,143.0
605,24.22,130.99115132,137.32069767,3,0,0.0295331,337.75,143.0
606,24.26,130.62871772,137.12308487,3,0,0.02830221,337.5,143.0
607,24.3,130.27456567,136.92562565,3,0,0.02778278,337.5,143.0
608,24.34,129.94025931,136.73534687,3,0,0.02733048,337.5,143.0
609,24.38,129.61193456,136.54620598,3,0,0.02674631,337.25,143.0
610,24.42,129.28954308,136.35867577,3,0,0.02588637,337.0,143.0
611,24.46,128.98088934,136.17753137,3,0,0.02447867,337.0,143.0
612,24.5,128.67337367,135.99731145,3,0,0.02281418,336.25,143.0
613,24.54,128.36782951,135.82020326,3,0,0.02107721,335.75,143.0
614,24.58,128.07296718,135.64920008,3,0,0.01978157,335.5,142.0
615,24.62,127.77608952,135.47685361,3,0,0.01899909,335.25,142.0
616,24.66,127.4610249,135.29632528,3,0,0.01805142,335.25,142.0
617,24.7,127.15748686,135.12281695,3,0,0.01718019,335.25,142.0
618,24.74,126.85977294,134.95046511,3,0,0.01651032,335.25,142.0
619,24.78,126.56909862,134.78122758,3,0,0.01573189,335.0,142.0
620,24.82,126.29470976,134.61785946,3,0,0.015202,335.0,142.0
621,24.86,126.02278523,134.45572112,3,0,0.01481409,334.5,142.0
622,24.9,125.75711184,134.29697962,3,0,0.01441128,334.25,141.0
623,24.94,125.49915423,134.14271233,3,0,0.01398597,333.5,140.0
624,24.98,125.24100589,133.98919021,3,0,0.01347547,332.75,140.0
625,25.02,124.990819,133.8404813,3,0,0.012659,332.5,139.0
626,25.06,124.74463147,133.69453685,3,0,0.01175875,332.75,139.0
627,25.1,124.47606891,133.54092661,3,0,0.01036057,330.75,129.0
628,25.14,124.21521628,133.39247752,3,0,0.0,330.75,129.0
629,25.18,123.96056045,133.24639788,3,0,0.0,330.75,129.0
630,25.22,123.71095833,133.10094463,3,0,0.0,330.75,129.0
631,25.26,123.47794434,132.9628118,3,0,0.0,330.75,129.0
632,25.3,123.24761873,132.82578811,3,0,0.0,330.75,129.0
633,25.34,123.02504201,132.69310414,3,0,0.0,330.75,129.0
634,25.38,122.81362835,132.56620426,3,0,0.0,330.75,129.0
635,25.42,122.60474376,132.4406194,3,0,0.0,330.75,129.0
636,25.46,122.40999834,132.32170377,3,0,0.0,330.75,129.0
637,25.5,122.22134501,132.20523353,3,0,0.0,330.75,129.0
638,25.54,122.01152784,132.07804516,3,0,0.0,330.75,129.0
639,25.58,121.81692859,131.95864733,3,0,0.0,330.75,129.0
640,25.62,121.62487412,131.83998436,3,0,0.0,330.75,129.0
641,25.66,121.44491278,131.72779575,3,0,0.0,330.75,129.0
642,25.7,121.27267644,131.62034577,3,0,0.0,330.75,129.0
643,25.74,121.10302458,131.51494888,3,0,0.0,330.75,129.0
644,25.78,120.95019923,131.41805323,3,0,0.0,330.75,129.0
645,25.82,120.79773012,131.3217965,3,0,0.0,330.75,129.0
646,25.86,120.65894352,131.23354039,3,0,0.0,330.75,129.0
647,25.9,120.52445832,131.14842165,3,0,0.0,330.75,129.0
648,25.94,120.38623743,131.06074731,3,0,0.0,330.75,129.0
649,25.98,120.24712192,130.97364931,3,0,0.0,330.75,129.0
650,26.02,120.10950677,130.88895083,3,0,0.0,330.75,129.0
651,26.06,119.99077679,130.81422183,3,0,0.0,330.75,129.0
652,26.1,119.8729675,130.73995642,3,0,0.0,330.75,129.0
653,26.14,119.77981682,130.67836636,3,0,0.0,330.75,129.0
654,26.18,119.68880746,130.61747799,3,0,0.0,330.75,129.0
655,26.22,119.6239857,130.56917448,3,0,0.0308565,330.75,129.0
656,26.26,119.56301736,130.52318633,3,0,0.03369779,326.25,127.0
657,26.3,119.53085547,130.49096847,3,0,0.06014962,326.25,127.0
658,26.34,119.48595371,130.452704,3,0,0.06350128,326.25,127.0
659,26.38,119.45570406,130.42450361,3,0,0.09505901,326.25,127.0
660,26.42,119.430058,130.39987639,3,0,0.10201545,326.25,127.0
661,26.46,119.43433188,130.39030883,3,0,0.13165341,326.25,127.0
662,26.5,119.45786627,130.39002277,3,0,0.14987425,326.25,127.0
663,26.54,119.50340888,130.4013218,3,0,0.17219008,326.25,127.0
664,26.58,119.5885024,130.4319642,3,0,0.20956619,326.25,127.0
665,26.62,119.70080401,130.47470566,3,0,0.23336637,321.75,125.0
666,26.66,119.85278214,130.53533634,3,0,0.26999899,321.75,125.0
667,26.7,120.06076784,130.62271083,3,0,0.32278561,321.75,125.0
668,26.74,120.28845344,130.71910575,3,0,0.37011093,321.75,125.0
669,26.78,120.57884027,130.84571429,3,0,0.43127186,321.75,125.0
670,26.82,120.94986877,131.01318571,3,0,0.51266398,321.75,125.0
671,26.86,121.43354369,131.23678549,3,0,0.62471969,317.25,123.0
672,26.9,122.07716808,131.54108283,3,0,0.78633244,317.25,123.0
673,26.94,122.96735614,131.96905225,3,0,1.03393382,317.25,123.0
674,26.98,124.52530314,132.73160234,3,0,1.7021972,312.75,112.0
675,27.02,126.81105621,125.85838761,2,0,2.43065251,312.75,112.0
676,27.06,126.34446201,125.61050873,2,0,0.0,312.75,112.0
677,27.1,125.84516942,125.34701077,2,0,0.0,312.75,112.0
678,27.14,125.34027047,125.0824061,2,0,0.0,312.75,112.0
679,27.18,124.83557208,124.81792028,2,0,0.0,312.75,112.0
680,27.22,124.33313219,124.55372247,2,0,0.0,312.75,112.0
681,27.26,123.83083572,124.28947251,2,0,0.0,312.75,112.0
682,27.3,123.32708417,124.02512535,2,0,0.0,312.75,112.0
683,27.34,122.82348495,123.76113941,2,0,0.0,312.75,112.0
684,27.38,122.32199852,123.49713694,2,0,0.0,312.75,112.0
685,27.42,121.81253817,123.2287325,2,0,0.0,312.75,112.0
686,27.46,121.27431957,122.94615406,2,0,0.0,312.75,112.0
687,27.5,120.73619534,122.66371615,2,0,0.0,312.75,112.0
688,27.54,120.19818418,122.38115563,2,0,0.0,312.75,112.0
689,27.58,119.66071372,122.09929165,2,0,0.0,312.75,112.0
690,27.62,119.12373605,121.81746167,2,0,0.0,312.75,112.0
691,27.66,118.58756831,121.53599393,2,0,0.0,312.75,112.0
692,27.7,118.05431489,121.25486429,2,0,0.0,312.75,112.0
693,27.74,117.51722509,120.97132744,2,0,0.0,312.75,112.0
694,27.78,116.93927628,120.66821299,2,0,0.0,312.75,112.0
695,27.82,116.35846514,120.36523031,2,0,0.0,312.75,112.0
696,27.86,115.77558621,120.06251892,2,0,0.0,312.75,112.0
697,27.9,115.19188912,119.76009144,2,0,0.0,312.75,112.0
698,27.94,114.61119944,119.45766793,2,0,0.0,312.75,112.0
699,27.98,114.03334594,119.1554113,2,0,0.0,312.75,112.0
700,28.02,113.45695266,118.85303634,2,0,0.0,312.75,112.0
701,28.06,112.85416243,118.53830424,2,0,0.0,312.75,112.0
702,28.1,112.22559832,118.21096748,2,0,0.0,312.75,112.0
703,28.14,111.59701534,117.88419035,2,0,0.0,312.75,112.0
704,28.18,110.9685284,117.55771679,2,0,0.0,312.75,112.0
705,28.22,110.33788926,117.23134013,2,0,0.0,312.75,112.0
706,28.26,109.70453145,116.90500807,2,0,0.0,312.75,112.0
707,28.3,109.07011816,116.57857457,2,0,0.0,312.75,112.0
708,28.34,108.41239326,116.24032806,2,0,0.0,312.75,112.0
709,28.38,107.71905841,115.88416669,2,0,0.0,312.75,112.0
710,28.42,107.02711321,115.52848166,2,0,0.0,312.75,112.0
711,28.46,106.33736971,115.17287983,2,0,0.0,312.75,112.0
712,28.5,105.64994347,114.81773017,2,0,0.0,312.75,112.0
713,28.54,104.96455174,114.46264108,2,0,0.0,312.75,112.0
714,28.58,104.27748213,114.10767528,2,0,0.0,312.75,112.0
715,28.62,103.53049007,113.72418769,2,0,0.0,312.75,112.0
716,28.66,102.77025402,113.33419486,2,0,0.0,312.75,112.0
717,28.7,102.01069247,112.94432071,2,0,0.0,312.75,112.0
718,28.74,101.25209668,112.55447602,2,0,0.0,312.75,112.0
719,28.78,100.49517471,112.16473801,2,0,0.0,312.75,112.0
720,28.82,99.73938998,111.77523153,2,0,0.0,312.75,112.0
721,28.86,98.91940923,111.35335222,2,0,0.0,312.75,112.0
722,28.9,98.07938172,110.92180223,2,0,0.0,312.75,112.0
723,28.94,97.24006662,110.49034676,2,0,0.0,312.75,112.0
724,28.98,96.40075095,110.05908046,2,0,0.0,312.75,112.0
725,29.02,95.56153807,109.62843728,2,0,0.0,312.75,112.0
726,29.06,94.69472187,109.18471564,2,0,0.0,312.75,112.0
727,29.1,93.75104898,108.7028151,2,0,0.0,312.75,112.0
728,29.14,92.80632163,108.22118209,2,0,0.0,312.75,112.0
729,29.18,91.8603471,107.73956549,2,0,0.0,312.75,112.0
730,29.22,90.9142982,107.25787643,2,0,0.0,312.75,112.0
731,29.26,89.92893992,106.75553208,2,0,0.0,312.75,112.0
732,29.3,88.85516816,106.20882959,2,0,0.0,312.75,112.0
733,29.34,87.78186065,105.66235096,2,0,0.0,312.75,112.0
734,29.38,86.70933697,105.11618057,2,0,0.0,312.75,112.0
735,29.42,85.63851573,104.57033401,2,0,0.0,312.75,112.0
736,29.46,84.41040724,103.94531711,2,0,0.0,312.75,112.0
737,29.5,83.17296316,103.31475463,2,0,0.0,312.75,112.0
738,29.54,81.93668788,102.68424362,2,0,0.0,312.75,112.0
739,29.58,80.67196936,102.03978931,2,0,0.0,312.75,112.0
740,29.62,79.20620663,101.29494115,2,0,0.0,312.75,112.0
741,29.66,77.74013746,100.55008568,2,0,0.0,312.75,112.0
742,29.7,76.27407152,99.8052932,2,0,0.0,312.75,112.0
743,29.74,74.51488599,98.91454442,2,0,0.0,312.75,112.0
744,29.78,72.71983667,98.00525813,2,0,0.0,312.75,112.0
745,29.82,70.80425907,97.03547188,2,0,0.0,312.75,112.0
746,29.86,68.49242099,95.86859339,2,0,0.0,312.75,112.0
747,29.9,66.02658447,94.62574171,2,0,0.0,312.75,112.0
748,29.94,62.7905847,92.99794249,2,0,0.0,312.75,112.0
749,29.98,58.08031733,90.63359269,2,0,0.0,312.75,112.0
750,30.02,52.18663914,79.68003369,1,0,0.0,312.75,112.0
751,30.06,52.1528602,79.65739828,1,0,0.0,312.75,112.0
752,30.1,52.11895936,79.63483206,1,0,0.0,312.75,112.0
753,30.14,52.08509882,79.61226686,1,0,0.0,312.75,112.0
754,30.18,52.05119122,79.58975189,1,0,0.0,312.75,112.0
755,30.22,52.01931707,79.56736696,1,0,0.0,312.75,112.0
756,30.26,51.98979776,79.54527676,1,0,0.0,312.75,112.0
757,30.3,51.96217159,79.52310016,1,0,0.0,312.75,112.0
758,30.34,51.93564805,79.50061339,1,0,0.0,312.75,112.0
759,30.38,51.91111446,79.47815499,1,0,0.0,312.75,112.0
760,30.42,51.88826633,79.4558082,1,0,0.0,312.75,112.0
761,30.46,51.8659831,79.43351509,1,0,0.0,312.75,112.0
762,30.5,51.84345995,79.41143813,1,0,0.0,312.75,112.0
763,30.54,51.82004249,79.3895445,1,0,0.0,312.75,112.0
764,30.58,51.79565662,79.36769287,1,0,0.0,312.75,112.0
765,30.62,51.77081709,79.34572512,1,0,0.0,312.75,112.0
766,30.66,51.74589935,79.32386077,1,0,0.0,312.75,112.0
767,30.7,51.72123454,79.30216279,1,0,0.0,312.75,112.0
768,30.74,51.69667886,79.28078111,1,0,0.0,312.75,112.0
769,30.78,51.67157579,79.25960015,1,0,0.0,312.75,112.0
770,30.82,51.6438156,79.23868587,1,0,0.0,312.75,112.0
771,30.86,51.61548807,79.21791173,1,0,0.0,312.75,112.0
772,30.9,51.588001,79.19727294,1,0,0.0,312.75,112.0
773,30.94,51.56247143,79.17708936,1,0,0.0,312.75,112.0
774,30.98,51.53843267,79.15706789,1,0,0.0,312.75,112.0
775,31.02,51.5149093,79.13663525,1,0,0.0,312.75,112.0
776,31.06,51.49233722,79.11627251,1,0,0.0,312.75,112.0
777,31.1,51.47034605,79.0960136,1,0,0.0,312.75,112.0
778,31.14,51.4481454,79.075921,1,0,0.0,312.75,112.0
779,31.18,51.4253957,79.05570485,1,0,0.0,312.75,112.0
780,31.22,51.40108587,79.03545125,1,0,0.0,312.75,112.0
781,31.26,51.37532523,79.01554048,1,0,0.0,312.75,112.0
782,31.3,51.34915026,78.99574067,1,0,0.0,312.75,112.0
783,31.34,51.32361643,78.97625332,1,0,0.0,312.75,112.0
784,31.38,51.299667,78.95688308,1,0,0.0,312.75,112.0
785,31.42,51.27615524,78.93759928,1,0,0.0,312.75,112.0
786,31.46,51.25197705,78.91817955,1,0,0.0,312.75,112.0
787,31.5,51.22583265,78.89891634,1,0,0.0,312.75,112.0
788,31.54,51.19847702,78.87992127,1,0,0.0,312.75,112.0
789,31.58,51.17067138,78.86091942,1,0,0.0,312.75,112.0
790,31.62,51.14248545,78.84213554,1,0,0.0,312.75,112.0
791,31.66,51.11409686,78.82352935,1,0,0.0,312.75,112.0
792,31.7,51.08644072,78.80499904,1,0,0.0,312.75,112.0
793,31.74,51.05986056,78.78652912,1,0,0.0,312.75,112.0
794,31.78,51.03398564,78.76817311,1,0,0.0,312.75,112.0
795,31.82,51.00813225,78.74981709,1,0,0.0,312.75,112.0
796,31.86,50.98230417,78.7315023,1,0,0.0,312.75,112.0
797,31.9,50.95718148,78.71330464,1,0,0.0,312.75,112.0
798,31.94,50.93235727,78.6953991,1,0,0.0,312.75,112.0
799,31.98,50.90872212,78.67755572,1,0,0.0,312.75,112.0
800,32.02,50.88625114,78.65975253,1,0,0.0,312.75,112.0
801,32.06,50.86448961,78.64185588,1,0,0.0,312.75,112.0
802,32.1,50.84333749,78.62395548,1,0,0.0,312.75,112.0
803,32.14,50.82219964,78.60610541,1,0,0.0,312.75,112.0
804,32.18,50.80093297,78.58903961,1,0,0.0,312.75,112.0
805,32.22,50.77972038,78.57203234,1,0,0.0,312.75,112.0
806,32.26,50.75830338,78.55527657,1,0,0.0,312.75,112.0
807,32.3,50.73671433,78.53861083,1,0,0.0,312.75,112.0
808,32.34,50.71560123,78.52210654,1,0,0.0,312.75,112.0
809,32.38,50.69897117,78.50568355,1,0,0.0,312.75,112.0
810,32.42,50.682354,78.48933642,1,0,0.0,312.75,112.0
811,32.46,50.66299359,78.47330899,1,0,0.0,312.75,112.0
812,32.5,50.64366823,78.45734181,1,0,0.0,312.75,112.0
813,32.54,50.62448635,78.44144293,1,0,0.0,312.75,112.0
814,32.58,50.60556035,78.42583949,1,0,0.0,312.75,112.0
815,32.62,50.58755215,78.41053054,1,0,0.0,312.75,112.0
816,32.66,50.56939788,78.39540817,1,0,0.0,312.75,112.0
817,32.7,50.55058505,78.38018941,1,0,0.0,312.75,112.0
818,32.74,50.53417486,78.3648153,1,0,0.0,312.75,112.0
819,32.78,50.51854882,78.34963521,1,0,0.0,312.75,112.0
820,32.82,50.50315124,78.33438314,1,0,0.0,312.75,112.0
821,32.86,50.48872139,78.31916023,1,0,0.0,312.75,112.0
822,32.9,50.47574595,78.30412351,1,0,0.0,312.75,112.0
823,32.94,50.46226702,78.28910834,1,0,0.0,312.75,112.0
824,32.98,50.44779767,78.27378763,1,0,0.0,312.75,112.0
825,33.02,50.43338689,78.25841783,1,0,0.0,312.75,112.0
826,33.06,50.4192784,78.24308284,1,0,0.0,312.75,112.0
827,33.1,50.4058729,78.22783675,1,0,0.0,312.75,112.0
828,33.14,50.39379582,78.21248278,1,0,0.0,312.75,112.0
829,33.18,50.3819046,78.19720897,1,0,0.0,312.75,112.0
830,33.22,50.36914779,78.18226576,1,0,0.0,312.75,112.0
831,33.26,50.35491161,78.1673124,1,0,0.0,312.75,112.0
832,33.3,50.33632112,78.15264558,1,0,0.0,312.75,112.0
833,33.34,50.31425993,78.13796908,1,0,0.0,312.75,112.0
834,33.38,50.28986929,78.12353565,1,0,0.0,312.75,112.0
835,33.42,50.26476514,78.10925632,1,0,0.0,312.75,112.0
836,33.46,50.24098978,78.09516451,1,0,0.0,312.75,112.0
837,33.5,50.21863523,78.08099218,1,0,0.0,312.75,112.0
838,33.54,50.19828103,78.06703428,1,0,0.0,312.75,112.0
839,33.58,50.17927934,78.05315675,1,0,0.0,312.75,112.0
840,33.62,50.16066252,78.03943213,1,0,0.0,312.75,112.0
841,33.66,50.14335999,78.02560762,1,0,0.0,312.75,112.0
842,33.7,50.12741419,78.01154476,1,0,0.0,312.75,112.0
843,33.74,50.11255716,77.99760031,1,0,0.0,312.75,112.0
844,33.78,50.09906196,77.98390227,1,0,0.0,312.75,112.0
845,33.82,50.08682165,77.97014942,1,0,0.0,312.75,112.0
846,33.86,50.07497989,77.95641517,1,0,0.0,312.75,112.0
847,33.9,50.06107882,77.94276055,1,0,0.0,312.75,112.0
848,33.94,50.04661114,77.92919446,1,0,0.0,312.75,112.0
849,33.98,50.03140929,77.91582858,1,0,0.0,312.75,112.0
850,34.02,50.01596426,77.90266933,1,0,0.0,312.75,112.0
851,34.06,50.00151293,77.88954013,1,0,0.0,312.75,112.0
852,34.1,49.98839005,77.87642709,1,0,0.0,312.75,112.0
853,34.14,49.97462729,77.86348106,1,0,0.0,312.75,112.0
854,34.18,49.96123625,77.85049111,1,0,0.0,312.75,112.0
855,34.22,49.94839526,77.83740025,1,0,0.0,312.75,112.0
856,34.26,49.93571392,77.8244026,1,0,0.0,312.75,112.0
857,34.3,49.92252035,77.81165633,1,0,0.0,312.75,112.0
858,34.34,49.90852611,77.79879219,1,0,0.0,312.75,112.0
859,34.38,49.89369559,77.78578107,1,0,0.0,312.75,112.0
860,34.42,49.8786396,77.77266463,1,0,0.0,312.75,112.0
861,34.46,49.8633629,77.75964067,1,0,0.0,312.75,112.0
862,34.5,49.84753962,77.74708483,1,0,0.0,312.75,112.0
863,34.54,49.83078539,77.73467411,1,0,0.0,312.75,112.0
864,34.58,49.81298388,77.72215799,1,0,0.0,312.75,112.0
865,34.62,49.79463923,77.70955664,1,0,0.0,312.75,112.0
866,34.66,49.77623654,77.69702774,1,0,0.0,312.75,112.0
867,34.7,49.75857689,77.68473236,1,0,0.0,312.75,112.0
868,34.74,49.74225074,77.67252529,1,0,0.0,312.75,112.0
869,34.78,49.72639937,77.66077839,1,0,0.0,312.75,112.0
870,34.82,49.70985004,77.64899104,1,0,0.0,312.75,112.0
871,34.86,49.69286573,77.63705983,1,0,0.0,312.75,112.0
872,34.9,49.6757753,77.62527215,1,0,0.0,312.75,112.0
873,34.94,49.66354865,77.61349595,1,0,0.0,312.75,112.0
874,34.98,49.65141688,77.60185156,1,0,0.0,312.75,112.0
875,35.02,49.6389497,77.59028266,1,0,0.0,312.75,112.0
876,35.06,49.62648336,77.57879837,1,0,0.0,312.75,112.0
877,35.1,49.61412322,77.56719943,1,0,0.0,312.75,112.0
878,35.14,49.60141755,77.55571977,1,0,0.0,312.75,112.0
879,35.18,49.58705022,77.54429464,1,0,0.0,312.75,112.0
880,35.22,49.57086118,77.53288619,1,0,0.0,312.75,112.0
881,35.26,49.55422322,77.5214141,1,0,0.0,312.75,112.0
882,35.3,49.53784168,77.50986812,1,0,0.0,312.75,112.0
883,35.34,49.52320927,77.49853584,1,0,0.0,312.75,112.0
884,35.38,49.5107715,77.48735166,1,0,0.0,312.75,112.0
885,35.42,49.50057366,77.4761082,1,0,0.0,312.75,112.0
886,35.46,49.49130651,77.46521133,1,0,0.0,312.75,112.0
887,35.5,49.48278382,77.4543628,1,0,0.0,312.75,112.0
888,35.54,49.47509562,77.443482,1,0,0.0,312.75,112.0
889,35.58,49.46719462,77.43258608,1,0,0.0,312.75,112.0
890,35.62,49.45894764,77.42160844,1,0,0.0,312.75,112.0
891,35.66,49.45036443,77.41062091,1,0,0.0,312.75,112.0
892,35.7,49.44130096,77.39992644,1,0,0.0,312.75,112.0
893,35.74,49.43200473,77.3892939,1,0,0.0,312.75,112.0
894,35.78,49.42173997,77.37871191,1,0,0.0,312.75,112.0
895,35.82,49.40889709,77.36808123,1,0,0.0,312.75,112.0
896,35.86,49.3947564,77.35773282,1,0,0.0,312.75,112.0
897,35.9,49.38019123,77.3474642,1,0,0.0,312.75,112.0
898,35.94,49.36461388,77.33729564,1,0,0.0,312.75,112.0
899,35.98,49.34793409,77.32704577,1,0,0.0,312.75,112.0
900,36.02,49.33052847,77.31683041,1,0,0.0,312.75,112.0
901,36.06,49.31307749,77.30678553,1,0,0.0,312.75,112.0
902,36.1,49.29590737,77.29682892,1,0,0.0,312.75,112.0
903,36.14,49.27951886,77.28696385,1,0,0.0,312.75,112.0
904,36.18,49.26409306,77.27715616,1,0,0.0,312.75,112.0
905,36.22,49.24953651,77.26726215,1,0,0.0,312.75,112.0
906,36.26,49.23558874,77.25733983,1,0,0.0,312.75,112.0
907,36.3,49.22216586,77.24746169,1,0,0.0,312.75,112.0
908,36.34,49.20947801,77.23766559,1,0,0.0,312.75,112.0
909,36.38,49.19784379,77.2278994,1,0,0.0,312.75,112.0
910,36.42,49.18654549,77.21821681,1,0,0.0,312.75,112.0
911,36.46,49.17585842,77.20855038,1,0,0.0,312.75,112.0
912,36.5,49.16591991,77.19886253,1,0,0.0,312.75,112.0
913,36.54,49.15658113,77.1891332,1,0,0.0,312.75,112.0
914,36.58,49.14781916,77.17947098,1,0,0.0,312.75,112.0
915,36.62,49.13947631,77.16982116,1,0,0.0,312.75,112.0
916,36.66,49.1313186,77.16019764,1,0,0.0,312.75,112.0
917,36.7,49.12329332,77.15058333,1,0,0.0,312.75,112.0
918,36.74,49.11449819,77.14091214,1,0,0.0,312.75,112.0
919,36.78,49.10498531,77.13122245,1,0,0.0,312.75,112.0
920,36.82,49.09490993,77.12154884,1,0,0.0,312.75,112.0
921,36.86,49.08406963,77.11195983,1,0,0.0,312.75,112.0
922,36.9,49.07256975,77.10258474,1,0,0.0,312.75,112.0
923,36.94,49.06006214,77.09349992,1,0,0.0,312.75,112.0
924,36.98,49.04591494,77.08468339,1,0,0.0,312.75,112.0
925,37.02,49.0307928,77.07593582,1,0,0.0,312.75,112.0
926,37.06,49.0155987,77.06713795,1,0,0.0,312.75,112.0
927,37.1,49.0002,77.05832485,1,0,0.0,312.75,112.0
928,37.14,48.9848662,77.04962,1,0,0.0,312.75,112.0
929,37.18,48.96950746,77.04077883,1,0,0.0,312.75,112.0
930,37.22,48.95440117,77.03200354,1,0,0.0,312.75,112.0
931,37.26,48.93958109,77.0233507,1,0,0.0,312.75,112.0
932,37.3,48.92415203,77.01510023,1,0,0.0,312.75,112.0
933,37.34,48.91005076,77.00692374,1,0,0.0,312.75,112.0
934,37.38,48.8968855,76.99854894,1,0,0.0,312.75,112.0
935,37.42,48.88436225,76.9900005,1,0,0.0,312.75,112.0
936,37.46,48.87243961,76.98150436,1,0,0.0,312.75,112.0
937,37.5,48.86119156,76.97307024,1,0,0.0,312.75,112.0
938,37.54,48.85081014,76.96471406,1,0,0.0,312.75,112.0
939,37.58,48.84090277,76.95649243,1,0,0.0,312.75,112.0
940,37.62,48.83120548,76.94855134,1,0,0.0,312.75,112.0
941,37.66,48.82101313,76.94067059,1,0,0.0,312.75,112.0
942,37.7,48.81006103,76.93275062,1,0,0.0,312.75,112.0
943,37.74,48.79866182,76.92468027,1,0,0.0,312.75,112.0
944,37.78,48.78869925,76.91634239,1,0,0.0,312.75,112.0
945,37.82,48.78095556,76.90806979,1,0,0.0,312.75,112.0
946,37.86,48.7758286,76.8998399,1,0,0.0,312.75,112.0
947,37.9,48.77066426,76.89154365,1,0,0.0,312.75,112.0
948,37.94,48.76504576,76.88313201,1,0,0.0,312.75,112.0
949,37.98,48.75765289,76.87479292,1,0,0.0,312.75,112.0
950,38.02,48.74696973,76.86643097,1,0,0.0,312.75,112.0
951,38.06,48.735737,76.85828809,1,0,0.0,312.75,112.0
952,38.1,48.72444152,76.85024379,1,0,0.0,312.75,112.0
953,38.14,48.71393828,76.84219439,1,0,0.0,312.75,112.0
954,38.18,48.70461076,76.83438277,1,0,0.0,312.75,112.0
955,38.22,48.69588229,76.82692248,1,0,0.0,312.75,112.0
956,38.26,48.68852325,76.81938234,1,0,0.0,312.75,112.0
957,38.3,48.68223614,76.81162289,1,0,0.0,312.75,112.0
958,38.34,48.67587871,76.80374267,1,0,0.0,312.75,112.0
959,38.38,48.6677164,76.79610999,1,0,0.0,312.75,112.0
960,38.42,48.65772782,76.78880227,1,0,0.0,312.75,112.0
961,38.46,48.64763352,76.78133679,1,0,0.0,312.75,112.0
962,38.5,48.63722579,76.77374281,1,0,0.0,312.75,112.0
963,38.54,48.62755901,76.76591735,1,0,0.0,312.75,112.0
964,38.58,48.61868996,76.75803076,1,0,0.0,312.75,112.0
965,38.62,48.61069525,76.75015012,1,0,0.0,312.75,112.0
966,38.66,48.60384579,76.74223916,1,0,0.0,312.75,112.0
967,38.7,48.596461,76.73451244,1,0,0.0,312.75,112.0
968,38.74,48.58886485,76.72674447,1,0,0.0,312.75,112.0
969,38.78,48.58114118,76.7189655,1,0,0.0,312.75,112.0
970,38.82,48.57346837,76.71140543,1,0,0.0,312.75,112.0
971,38.86,48.56603287,76.70391197,1,0,0.0,312.75,112.0
972,38.9,48.55868159,76.69645497,1,0,0.0,312.75,112.0
973,38.94,48.55135478,76.6890199,1,0,0.0,312.75,112.0
974,38.98,48.54447079,76.68167138,1,0,0.0,312.75,112.0
975,39.02,48.53785852,76.67442724,1,0,0.0,312.75,112.0
976,39.06,48.5307989,76.66743761,1,0,0.0,312.75,112.0
977,39.1,48.5243214,76.66049647,1,0,0.0,312.75,112.0
978,39.14,48.52056489,76.6536228,1,0,0.0,312.75,112.0
979,39.18,48.51703215,76.64674774,1,0,0.0,312.75,112.0
980,39.22,48.51318245,76.63993733,1,0,0.0,312.75,112.0
981,39.26,48.50974206,76.6330728,1,0,0.0,312.75,112.0
982,39.3,48.50670498,76.62635463,1,0,0.0,312.75,112.0
983,39.34,48.50353587,76.61979877,1,0,0.0,312.75,112.0
984,39.38,48.49990779,76.61314081,1,0,0.0,312.75,112.0
985,39.42,48.49586037,76.60644395,1,0,0.0,312.75,112.0
986,39.46,48.49109384,76.59971241,1,0,0.0,312.75,112.0
987,39.5,48.48501105,76.59307195,1,0,0.0,312.75,112.0
988,39.54,48.47789857,76.58663258,1,0,0.0,312.75,112.0
989,39.58,48.46904872,76.58022044,1,0,0.0,312.75,112.0
990,39.62,48.45861986,76.5738214,1,0,0.0,312.75,112.0
991,39.66,48.44789986,76.5674839,1,0,0.0,312.75,112.0
992,39.7,48.4370317,76.56096815,1,0,0.0,312.75,112.0
993,39.74,48.42780691,76.55458619,1,0,0.0,312.75,112.0
994,39.78,48.41998764,76.54836735,1,0,0.0,312.75,112.0
995,39.82,48.41403755,76.54229528,1,0,0.0,312.75,112.0
996,39.86,48.40870337,76.53619982,1,0,0.0,312.75,112.0
997,39.9,48.40275832,76.52997964,1,0,0.0,312.75,112.0
998,39.94,48.39678722,76.52389339,1,0,0.0,312.75,112.0
999,39.98,48.39061302,76.51785057,1,0,0.0,312.75,112.0
1000,40.02,48.38411225,76.51173398,1,0,0.0,312.75,112.0
1001,40.06,48.37632112,76.50541183,1,0,0.0,312.75,112.0
1002,40.1,48.3664791,76.499119,1,0,0.0,312.75,112.0
1003,40.14,48.35540203,76.49276236,1,0,0.0,312.75,112.0
1004,40.18,48.34280044,76.48638058,1,0,0.0,312.75,112.0
1005,40.22,48.32869278,76.47994542,1,0,0.0,312.75,112.0
1006,40.26,48.31365744,76.47342898,1,0,0.0,312.75,112.0
1007,40.3,48.29828774,76.4669956,1,0,0.0,312.75,112.0
1008,40.34,48.28365988,76.46051727,1,0,0.0,312.75,112.0
1009,40.38,48.27127957,76.45404588,1,0,0.0,312.75,112.0
1010,40.42,48.26304616,76.44758244,1,0,0.0,312.75,112.0
1011,40.46,48.25587918,76.44121593,1,0,0.0,312.75,112.0
1012,40.5,48.25393491,76.43497045,1,0,0.0,312.75,112.0
1013,40.54,48.25349005,76.42903209,1,0,0.0,312.75,112.0
1014,40.58,48.25068576,76.42338964,1,0,0.0,312.75,112.0
1015,40.62,48.24528954,76.41790877,1,0,0.0,312.75,112.0
1016,40.66,48.23928309,76.4124525,1,0,0.0,312.75,112.0
1017,40.7,48.23257673,76.40691481,1,0,0.0,312.75,112.0
1018,40.74,48.22543059,76.40119194,1,0,0.0,312.75,112.0
1019,40.78,48.2183427,76.39533611,1,0,0.0,312.75,112.0
1020,40.82,48.2120443,76.38959605,1,0,0.0,312.75,112.0
1021,40.86,48.20667795,76.3838208,1,0,0.0,312.75,112.0
1022,40.9,48.20172702,76.3780331,1,0,0.0,312.75,112.0
1023,40.94,48.19697444,76.37253685,1,0,0.0,312.75,112.0
1024,40.98,48.19332369,76.36738057,1,0,0.0,312.75,112.0
1025,41.02,48.1912283,76.36233037,1,0,0.0,312.75,112.0
1026,41.06,48.189017,76.35724729,1,0,0.0,312.75,112.0
1027,41.1,48.18480755,76.35200403,1,0,0.0,312.75,112.0
1028,41.14,48.17921845,76.34673159,1,0,0.0,312.75,112.0
1029,41.18,48.17319353,76.3414908,1,0,0.0,312.75,112.0
1030,41.22,48.16719173,76.33624585,1,0,0.0,312.75,112.0
1031,41.26,48.16151554,76.33111926,1,0,0.0,312.75,112.0
1032,41.3,48.15620236,76.32607136,1,0,0.0,312.75,112.0
1033,41.34,48.15103214,76.3211929,1,0,0.0,312.75,112.0
1034,41.38,48.14548402,76.31642487,1,0,0.0,312.75,112.0
1035,41.42,48.13923458,76.31167315,1,0,0.0,312.75,112.0
1036,41.46,48.13227624,76.30672018,1,0,0.0,312.75,112.0
1037,41.5,48.12455968,76.30178116,1,0,0.0,312.75,112.0
1038,41.54,48.11776207,76.29685907,1,0,0.0,312.75,112.0
1039,41.58,48.11332164,76.29228379,1,0,0.0,312.75,112.0
1040,41.62,48.10844665,76.28779984,1,0,0.0,312.75,112.0
1041,41.66,48.10210888,76.28337113,1,0,0.0,312.75,112.0
1042,41.7,48.09313508,76.2788134,1,0,0.0,312.75,112.0
1043,41.74,48.08334922,76.27398384,1,0,0.0,312.75,112.0
1044,41.78,48.07259722,76.26904248,1,0,0.0,312.75,112.0
1045,41.82,48.06168697,76.26399594,1,0,0.0,312.75,112.0
1046,41.86,48.05080155,76.25891007,1,0,0.0,312.75,112.0
1047,41.9,48.04031597,76.25381161,1,0,0.0,312.75,112.0
1048,41.94,48.03057942,76.24862655,1,0,0.0,312.75,112.0
1049,41.98,48.02269706,76.24346405,1,0,0.0,312.75,112.0
1050,42.02,48.01619601,76.23831699,1,0,0.0,312.75,112.0
1051,42.06,48.01142748,76.23338651,1,0,0.0,312.75,112.0
1052,42.1,48.00987099,76.22863027,1,0,0.0,312.75,112.0
1053,42.14,48.01089947,76.22408738,1,0,0.0,312.75,112.0
1054,42.18,48.01360283,76.21989613,1,0,0.0,312.75,112.0
1055,42.22,48.01438719,76.2156638,1,0,0.0,312.75,112.0
1056,42.26,48.01170231,76.21157641,1,0,0.0,312.75,112.0
1057,42.3,48.00736391,76.20746599,1,0,0.0,312.75,112.0
1058,42.34,48.00238797,76.20327534,1,0,0.0,312.75,112.0
1059,42.38,47.99681436,76.19904387,1,0,0.0,312.75,112.0
1060,42.42,47.99091567,76.19490324,1,0,0.0,312.75,112.0
1061,42.46,47.98570969,76.19070734,1,0,0.0,312.75,112.0
1062,42.5,47.9811427,76.18653402,1,0,0.0,312.75,112.0
1063,42.54,47.97663082,76.18239452,1,0,0.0,312.75,112.0
1064,42.58,47.97195115,76.1782436,1,0,0.0,312.75,112.0
1065,42.62,47.96721816,76.17416619,1,0,0.0,312.75,112.0
1066,42.66,47.96215365,76.1701498,1,0,0.0,312.75,112.0
1067,42.7,47.95725229,76.16626896,1,0,0.0,312.75,112.0
1068,42.74,47.95207251,76.16237871,1,0,0.0,312.75,112.0
1069,42.78,47.94627741,76.15840043,1,0,0.0,312.75,112.0
1070,42.82,47.93992653,76.1543886,1,0,0.0,312.75,112.0
1071,42.86,47.93324175,76.15033523,1,0,0.0,312.75,112.0
1072,42.9,47.9268112,76.14641029,1,0,0.0,312.75,112.0
1073,42.94,47.92084491,76.14259829,1,0,0.0,312.75,112.0
1074,42.98,47.91579814,76.13870333,1,0,0.0,312.75,112.0
1075,43.02,47.91138027,76.13476704,1,0,0.0,312.75,112.0
1076,43.06,47.90631539,76.13078146,1,0,0.0,312.75,112.0
1077,43.1,47.90048074,76.12676274,1,0,0.0,312.75,112.0
1078,43.14,47.89431618,76.12259846,1,0,0.0,312.75,112.0
1079,43.18,47.88877754,76.11841225,1,0,0.0,312.75,112.0
1080,43.22,47.88354848,76.11433991,1,0,0.0,312.75,112.0
1081,43.26,47.87855369,76.11048112,1,0,0.0,312.75,112.0
1082,43.3,47.87356514,76.10653171,1,0,0.0,312.75,112.0
1083,43.34,47.86833482,76.10242182,1,0,0.0,312.75,112.0
1084,43.38,47.86245645,76.09838202,1,0,0.0,312.75,112.0
1085,43.42,47.85596401,76.09428336,1,0,0.0,312.75,112.0
1086,43.46,47.84845938,76.09021101,1,0,0.0,312.75,112.0
1087,43.5,47.84071105,76.08612981,1,0,0.0,312.75,112.0
1088,43.54,47.83361303,76.08209139,1,0,0.0,312.75,112.0
1089,43.58,47.8289516,76.07822804,1,0,0.0,312.75,112.0
1090,43.62,47.8256993,76.07448612,1,0,0.0,312.75,112.0
1091,43.66,47.82199536,76.07065261,1,0,0.0,312.75,112.0
1092,43.7,47.8174488,76.06689758,1,0,0.0,312.75,112.0
1093,43.74,47.81347476,76.06322606,1,0,0.0,312.75,112.0
1094,43.78,47.80977195,76.05963519,1,0,0.0,312.75,112.0
1095,43.82,47.80636415,76.05608112,1,0,0.0,312.75,112.0
1096,43.86,47.80322164,76.05242815,1,0,0.0,312.75,112.0
1097,43.9,47.80069215,76.04865473,1,0,0.0,312.75,112.0
1098,43.94,47.7978461,76.04505393,1,0,0.0,312.75,112.0
1099,43.98,47.79373629,76.04163023,1,0,0.0,312.75,112.0
1100,44.02,47.78925007,76.03824698,1,0,0.0,312.75,112.0
1101,44.06,47.78535284,76.03490668,1,0,0.0,312.75,112.0
1102,44.1,47.78165174,76.03175309,1,0,0.0,312.75,112.0
1103,44.14,47.77850596,76.0286725,1,0,0.0,312.75,112.0
1104,44.18,47.77587246,76.02572793,1,0,0.0,312.75,112.0
1105,44.22,47.7735506,76.02263701,1,0,0.0,312.75,112.0
1106,44.26,47.77091246,76.01952904,1,0,0.0,312.75,112.0
1107,44.3,47.76840483,76.01626407,1,0,0.0,312.75,112.0
1108,44.34,47.76748417,76.01282106,1,0,0.0,312.75,112.0
1109,44.38,47.76590188,76.00927118,1,0,0.0,312.75,112.0
1110,44.42,47.76374218,76.0057471,1,0,0.0,312.75,112.0
1111,44.46,47.76120686,76.00225414,1,0,0.0,312.75,112.0
1112,44.5,47.75893761,75.99878405,1,0,0.0,312.75,112.0
1113,44.54,47.75761995,75.99532148,1,0,0.0,312.75,112.0
1114,44.58,47.75650943,75.99188421,1,0,0.0,312.75,112.0
1115,44.62,47.75430438,75.98849902,1,0,0.0,312.75,112.0
1116,44.66,47.7514942,75.98503021,1,0,0.0,312.75,112.0
1117,44.7,47.74819833,75.98143436,1,0,0.0,312.75,112.0
1118,44.74,47.74467331,75.97778572,1,0,0.0,312.75,112.0
1119,44.78,47.74142297,75.97411494,1,0,0.0,312.75,112.0
1120,44.82,47.73797126,75.97034382,1,0,0.0,312.75,112.0
1121,44.86,47.73352362,75.96671512,1,0,0.0,312.75,112.0
1122,44.9,47.72817867,75.9631511,1,0,0.0,312.75,112.0
1123,44.94,47.7219437,75.95961485,1,0,0.0,312.75,112.0
1124,44.98,47.71514688,75.95615764,1,0,0.0,312.75,112.0
1125,45.02,47.70792364,75.95276161,1,0,0.0,312.75,112.0
1126,45.06,47.70013625,75.94941432,1,0,0.0,312.75,112.0
1127,45.1,47.69159779,75.94611613,1,0,0.0,312.75,112.0
1128,45.14,47.68221765,75.94291349,1,0,0.0,312.75,112.0
1129,45.18,47.67320312,75.93970371,1,0,0.0,312.75,112.0
1130,45.22,47.66700771,75.93662119,1,0,0.0,312.75,112.0
1131,45.26,47.66092242,75.93371255,1,0,0.0,312.75,112.0
1132,45.3,47.65412409,75.93086922,1,0,0.0,312.75,112.0
1133,45.34,47.64655038,75.92793296,1,0,0.0,312.75,112.0
1134,45.38,47.63804649,75.92513094,1,0,0.0,312.75,112.0
1135,45.42,47.62844151,75.92227513,1,0,0.0,312.75,112.0
1136,45.46,47.61771712,75.91942564,1,0,0.0,312.75,112.0
1137,45.5,47.60954948,75.91677107,1,0,0.0,312.75,112.0
1138,45.54,47.60169684,75.91419617,1,0,0.0,312.75,112.0
1139,45.58,47.59417654,75.91166365,1,0,0.0,312.75,112.0
1140,45.62,47.58730635,75.90931303,1,0,0.0,312.75,112.0
1141,45.66,47.58189203,75.90694511,1,0,0.0,312.75,112.0
1142,45.7,47.57857638,75.90442437,1,0,0.0,312.75,112.0
1143,45.74,47.57735811,75.90212651,1,0,0.0,312.75,112.0
1144,45.78,47.57786337,75.89991235,1,0,0.0,312.75,112.0
1145,45.82,47.57922259,75.89779479,1,0,0.0,312.75,112.0
1146,45.86,47.58115045,75.89553543,1,0,0.0,312.75,112.0
1147,45.9,47.5838679,75.89336173,1,0,0.0,312.75,112.0
1148,45.94,47.58736549,75.89118463,1,0,0.0,312.75,112.0
1149,45.98,47.59020775,75.88906095,1,0,0.0,312.75,112.0
1150,46.02,47.59245815,75.88705352,1,0,0.0,312.75,112.0
1151,46.06,47.59431078,75.88511208,1,0,0.0,312.75,112.0
1152,46.1,47.59591648,75.8832668,1,0,0.0,312.75,112.0
1153,46.14,47.59662056,75.88135029,1,0,0.0,312.75,112.0
1154,46.18,47.59700483,75.87946541,1,0,0.0,312.75,112.0
1155,46.22,47.59637435,75.87775541,1,0,0.0,312.75,112.0
1156,46.26,47.59490045,75.87629303,1,0,0.0,312.75,112.0
1157,46.3,47.59276925,75.87494783,1,0,0.0,312.75,112.0
1158,46.34,47.59014732,75.87349724,1,0,0.0,312.75,112.0
1159,46.38,47.58705674,75.87200016,1,0,0.0,312.75,112.0
1160,46.42,47.58360295,75.87055681,1,0,0.0,312.75,112.0
1161,46.46,47.57946729,75.869083,1,0,0.0,312.75,112.0
1162,46.5,47.57484869,75.86751293,1,0,0.0,312.75,112.0
1163,46.54,47.56997101,75.86578884,1,0,0.0,312.75,112.0
1164,46.58,47.56583536,75.86397976,1,0,0.0,312.75,112.0
1165,46.62,47.5615108,75.86218072,1,0,0.0,312.75,112.0
1166,46.66,47.55664648,75.86048699,1,0,0.0,312.75,112.0
1167,46.7,47.55152426,75.85870965,1,0,0.0,312.75,112.0
1168,46.74,47.54543878,75.85692638,1,0,0.0,312.75,112.0
1169,46.78,47.53967667,75.85517958,1,0,0.0,312.75,112.0
1170,46.82,47.53406123,75.85335451,1,0,0.0,312.75,112.0
1171,46.86,47.52901375,75.85156715,1,0,0.0,312.75,112.0
1172,46.9,47.52534265,75.8497563,1,0,0.0,312.75,112.0
1173,46.94,47.52233212,75.84794794,1,0,0.0,312.75,112.0
1174,46.98,47.51939228,75.84609444,1,0,0.0,312.75,112.0
1175,47.02,47.51671285,75.84435964,1,0,0.0,312.75,112.0
1176,47.06,47.51499857,75.84285718,1,0,0.0,312.75,112.0
1177,47.1,47.51354992,75.84133704,1,0,0.0,312.75,112.0
1178,47.14,47.51243066,75.83972448,1,0,0.0,312.75,112.0
1179,47.18,47.51162952,75.83802332,1,0,0.0,312.75,112.0
1180,47.22,47.5110579,75.83650644,1,0,0.0,312.75,112.0
1181,47.26,47.5107647,75.83515739,1,0,0.0,312.75,112.0
1182,47.3,47.51109154,75.83369355,1,0,0.0,312.75,112.0
1183,47.34,47.5120565,75.83211904,1,0,0.0,312.75,112.0
1184,47.38,47.51350148,75.83063306,1,0,0.0,312.75,112.0
1185,47.42,47.51536776,75.82911635,1,0,0.0,312.75,112.0
1186,47.46,47.51731056,75.82773192,1,0,0.0,312.75,112.0
1187,47.5,47.51851004,75.82645832,1,0,0.0,312.75,112.0
1188,47.54,47.51836812,75.82535788,1,0,0.0,312.75,112.0
1189,47.58,47.51709987,75.82433416,1,0,0.0,312.75,112.0
1190,47.62,47.51589088,75.82325471,1,0,0.0,312.75,112.0
1191,47.66,47.5153401,75.82216969,1,0,0.0,312.75,112.0
1192,47.7,47.51501686,75.82108034,1,0,0.0,312.75,112.0
1193,47.74,47.51472071,75.81984561,1,0,0.0,312.75,112.0
1194,47.78,47.51436672,75.81864027,1,0,0.0,312.75,112.0
1195,47.82,47.51405506,75.81743932,1,0,0.0,312.75,112.0
1196,47.86,47.51322536,75.81613691,1,0,0.0,312.75,112.0
1197,47.9,47.51180146,75.81481546,1,0,0.0,312.75,112.0
1198,47.94,47.50989603,75.8134766,1,0,0.0,312.75,112.0
1199,47.98,47.50744779,75.81211727,1,0,0.0,312.75,112.0
1200,48.02,47.50421522,75.81103191,1,0,0.0,312.75,112.0
1201,48.06,47.50151122,75.81002471,1,0,0.0,312.75,112.0
1202,48.1,47.49963691,75.8091785,1,0,0.0,312.75,112.0
1203,48.14,47.49834682,75.80845921,1,0,0.0,312.75,112.0
1204,48.18,47.49772946,75.80770896,1,0,0.0,312.75,112.0
1205,48.22,47.49786283,75.8070547,1,0,0.0,312.75,112.0
1206,48.26,47.49886569,75.80642583,1,0,0.0,312.75,112.0
1207,48.3,47.50046591,75.80572182,1,0,0.0,312.75,112.0
1208,48.34,47.50276818,75.80484773,1,0,0.0,312.75,112.0
1209,48.38,47.50512508,75.80378386,1,0,0.0,312.75,112.0
1210,48.42,47.50760776,75.80285358,1,0,0.0,312.75,112.0
1211,48.46,47.50899674,75.80204843,1,0,0.0,312.75,112.0
1212,48.5,47.5089781,75.80123956,1,0,0.0,312.75,112.0
1213,48.54,47.50839233,75.80043751,1,0,0.0,312.75,112.0
1214,48.58,47.50842556,75.79955275,1,0,0.0,312.75,112.0
1215,48.62,47.5086167,75.79861976,1,0,0.0,312.75,112.0
1216,48.66,47.5087297,75.79776846,1,0,0.0,312.75,112.0
1217,48.7,47.50874162,75.79699191,1,0,0.0,312.75,112.0
1218,48.74,47.50857997,75.79623764,1,0,0.0,312.75,112.0
1219,48.78,47.50822404,75.79566299,1,0,0.0,312.75,112.0
1220,48.82,47.50758389,75.79514804,1,0,0.0,312.75,112.0
1221,48.86,47.50663969,75.79466635,1,0,0.0,312.75,112.0
1222,48.9,47.50550696,75.79418283,1,0,0.0,312.75,112.0
1223,48.94,47.50431124,75.79361111,1,0,0.0,312.75,112.0
1224,48.98,47.50289853,75.7930484,1,0,0.0,312.75,112.0
1225,49.02,47.50132973,75.79243148,1,0,0.0,312.75,112.0
1226,49.06,47.49964111,75.79178209,1,0,0.0,312.75,112.0
1227,49.1,47.49752085,75.79111789,1,0,0.0,312.75,112.0
1228,49.14,47.49519069,75.79056421,1,0,0.0,312.75,112.0
1229,49.18,47.49257695,75.7901591,1,0,0.0,312.75,112.0
1230,49.22,47.48984057,75.78989917,1,0,0.0,312.75,112.0
1231,49.26,47.48755475,75.78963743,1,0,0.0,312.75,112.0
1232,49.3,47.48589283,75.7893495,1,0,0.0,312.75,112.0
1233,49.34,47.48429899,75.78899666,1,0,0.0,312.75,112.0
1234,49.38,47.48327739,75.78867502,1,0,0.0,312.75,112.0
1235,49.42,47.48371926,75.78827471,1,0,0.0,312.75,112.0
1236,49.46,47.48412607,75.78777006,1,0,0.0,312.75,112.0
1237,49.5,47.48487409,75.78728007,1,0,0.0,312.75,112.0
1238,49.54,47.48629865,75.78691553,1,0,0.0,312.75,112.0
1239,49.58,47.4879418,75.78655208,1,0,0.0,312.75,112.0
1240,49.62,47.48958467,75.78611626,1,0,0.0,312.75,112.0
1241,49.66,47.49160692,75.78567519,1,0,0.0,312.75,112.0
1242,49.7,47.49362706,75.78510337,1,0,0.0,312.75,112.0
1243,49.74,47.49559361,75.78459662,1,0,0.0,312.75,112.0
1244,49.78,47.49782552,75.7843363,1,0,0.0,312.75,112.0
1245,49.82,47.50087035,75.7841494,1,0,0.0,312.75,112.0
1246,49.86,47.50374884,75.78394085,1,0,0.0,312.75,112.0
1247,49.9,47.50534106,75.78374615,1,0,0.0,312.75,112.0
1248,49.94,47.50555524,75.78349469,1,0,0.0,312.75,112.0
1249,49.98,47.50435412,75.7831984,1,0,0.0,312.75,112.0
1250,50.02,47.50180205,75.78291176,1,0,0.0,312.75,112.0
1251,50.06,47.49828149,75.78279397,1,0,0.0,312.75,112.0
1252,50.1,47.49392275,75.78284945,1,0,0.0,312.75,112.0
1253,50.14,47.48886694,75.78308159,1,0,0.0,312.75,112.0
1254,50.18,47.48260005,75.78315614,1,0,0.0,312.75,112.0
1255,50.22,47.47495606,75.78332391,1,0,0.0,312.75,112.0
1256,50.26,47.46609135,75.78351596,1,0,0.0,312.75,112.0
1257,50.3,47.45734603,75.78379104,1,0,0.0,312.75,112.0
1258,50.34,47.44913777,75.78420048,1,0,0.0,312.75,112.0
1259,50.38,47.44161159,75.78464297,1,0,0.0,312.75,112.0
1260,50.42,47.43676684,75.78498001,1,0,0.0,312.75,112.0
1261,50.46,47.43425131,75.7853766,1,0,0.0,312.75,112.0
1262,50.5,47.43332578,75.78588024,1,0,0.0,312.75,112.0
1263,50.54,47.43368118,75.78642012,1,0,0.0,312.75,112.0
1264,50.58,47.43491773,75.78699111,1,0,0.0,312.75,112.0
1265,50.62,47.43692644,75.78733763,1,0,0.0,312.75,112.0
1266,50.66,47.43994668,75.78779167,1,0,0.0,312.75,112.0
1267,50.7,47.44446547,75.7881423,1,0,0.0,312.75,112.0
1268,50.74,47.44971767,75.78846839,1,0,0.0,312.75,112.0
1269,50.78,47.45617402,75.78883093,1,0,0.0,312.75,112.0
1270,50.82,47.46381197,75.78935148,1,0,0.0,312.75,112.0
1271,50.86,47.47338183,75.78993627,1,0,0.0,312.75,112.0
1272,50.9,47.48137899,75.79077885,1,0,0.0,312.75,112.0
1273,50.94,47.48794217,75.79167371,1,0,0.0,312.75,112.0
1274,50.98,47.49352863,75.79274761,1,0,0.0,312.75,112.0
1275,51.02,47.4980706,75.79392926,1,0,0.0,312.75,112.0
1276,51.06,47.50211753,75.79517148,1,0,0.0,312.75,112.0
1277,51.1,47.50555821,75.79647362,1,0,0.0,312.75,112.0
1278,51.14,47.50836422,75.79785775,1,0,0.0,312.75,112.0
1279,51.18,47.51026794,75.79926089,1,0,0.0,312.75,112.0
1280,51.22,47.5112143,75.80051751,1,0,0.0,312.75,112.0
1281,51.26,47.51073382,75.8017578,1,0,0.0,312.75,112.0
1282,51.3,47.50931045,75.80272634,1,0,0.0,312.75,112.0
1283,51.34,47.5069349,75.80351458,1,0,0.0,312.75,112.0
1284,51.38,47.50414266,75.80422265,1,0,0.0,312.75,112.0
1285,51.42,47.50170112,75.8050273,1,0,0.0,312.75,112.0
1286,51.46,47.49996353,75.80586399,1,0,0.0,312.75,112.0
1287,51.5,47.49861209,75.80689591,1,0,0.0,312.75,112.0
1288,51.54,47.49423208,75.80805472,1,0,0.0,312.75,112.0
1289,51.58,47.49114479,75.80912359,1,0,0.0,312.75,112.0
1290,51.62,47.48920377,75.80997626,1,0,0.0,312.75,112.0
1291,51.66,47.49053785,75.81079933,1,0,0.0,312.75,112.0
1292,51.7,47.49360276,75.81173795,1,0,0.0,312.75,112.0
1293,51.74,47.49698063,75.81280258,1,0,0.0,312.75,112.0
1294,51.78,47.50042523,75.81380766,1,0,0.0,312.75,112.0
1295,51.82,47.50346105,75.81464745,1,0,0.0,312.75,112.0
1296,51.86,47.50542107,75.81565228,1,0,0.0,312.75,112.0
1297,51.9,47.5059045,75.81679478,1,0,0.0,312.75,112.0
1298,51.94,47.50478353,75.81797636,1,0,0.0,312.75,112.0
1299,51.98,47.50178506,75.81921551,1,0,0.0,312.75,112.0
1300,52.02,47.49781104,75.82064127,1,0,0.0,312.75,112.0
1301,52.06,47.49405104,75.82206363,1,0,0.0,312.75,112.0
1302,52.1,47.49146562,75.82360289,1,0,0.0,312.75,112.0
1303,52.14,47.49029403,75.82539258,1,0,0.0,312.75,112.0
1304,52.18,47.49147026,75.82727905,1,0,0.0,312.75,112.0
1305,52.22,47.49383346,75.82903439,1,0,0.0,312.75,112.0
1306,52.26,47.49706231,75.83062939,1,0,0.0,312.75,112.0
1307,52.3,47.50071191,75.83225371,1,0,0.0,312.75,112.0
1308,52.34,47.50463286,75.83397875,1,0,0.0,312.75,112.0
1309,52.38,47.50879197,75.83578425,1,0,0.0,312.75,112.0
1310,52.42,47.51295161,75.83740846,1,0,0.0,312.75,112.0
1311,52.46,47.51627923,75.83896464,1,0,0.0,312.75,112.0
1312,52.5,47.51922238,75.84079857,1,0,0.0,312.75,112.0
1313,52.54,47.52226796,75.84254819,1,0,0.0,312.75,112.0
1314,52.58,47.52545541,75.84422294,1,0,0.0,312.75,112.0
1315,52.62,47.52898252,75.84597367,1,0,0.0,312.75,112.0
1316,52.66,47.53276506,75.84793905,1,0,0.0,312.75,112.0
1317,52.7,47.53682902,75.84994554,1,0,0.0,312.75,112.0
1318,52.74,47.54093423,75.85194806,1,0,0.0,312.75,112.0
1319,52.78,47.54443941,75.85394011,1,0,0.0,312.75,112.0
1320,52.82,47.54709547,75.85589733,1,0,0.0,312.75,112.0
1321,52.86,47.54922809,75.85782791,1,0,0.0,312.75,112.0
1322,52.9,47.55328885,75.85977386,1,0,0.0,312.75,112.0
1323,52.94,47.55980618,75.86158384,1,0,0.0,312.75,112.0
1324,52.98,47.56801214,75.86338211,1,0,0.0,312.75,112.0
1325,53.02,47.57641493,75.86533538,1,0,0.0,312.75,112.0
1326,53.06,47.58402502,75.86727577,1,0,0.0,312.75,112.0
1327,53.1,47.58969083,75.86901159,1,0,0.0,312.75,112.0
1328,53.14,47.59300628,75.87068408,1,0,0.0,312.75,112.0
1329,53.18,47.5959357,75.87230162,1,0,0.0,312.75,112.0
1330,53.22,47.59848911,75.87372285,1,0,0.0,312.75,112.0
1331,53.26,47.60061605,75.87514015,1,0,0.0,312.75,112.0
1332,53.3,47.60238406,75.87639941,1,0,0.0,312.75,112.0
1333,53.34,47.60354322,75.87773531,1,0,0.0,312.75,112.0
1334,53.38,47.60382582,75.87917681,1,0,0.0,312.75,112.0
1335,53.42,47.60280255,75.88073615,1,0,0.0,312.75,112.0
1336,53.46,47.60028231,75.88250892,1,0,0.0,312.75,112.0
1337,53.5,47.59709077,75.88437333,1,0,0.0,312.75,112.0
1338,53.54,47.59433346,75.88617592,1,0,0.0,312.75,112.0
1339,53.58,47.5919662,75.88795109,1,0,0.0,312.75,112.0
1340,53.62,47.59036165,75.88990411,1,0,0.0,312.75,112.0
1341,53.66,47.58904619,75.89182167,1,0,0.0,312.75,112.0
1342,53.7,47.58822296,75.89380661,1,0,0.0,312.75,112.0
1343,53.74,47.58845588,75.89567623,1,0,0.0,312.75,112.0
1344,53.78,47.59122837,75.89752756,1,0,0.0,312.75,112.0
1345,53.82,47.59632778,75.89939906,1,0,0.0,312.75,112.0
1346,53.86,47.60314659,75.90119966,1,0,0.0,312.75,112.0
1347,53.9,47.61092496,75.90296591,1,0,0.0,312.75,112.0
1348,53.94,47.61979083,75.90469325,1,0,0.0,312.75,112.0
1349,53.98,47.62892709,75.90667458,1,0,0.0,312.75,112.0
1350,54.02,47.63678441,75.90865614,1,0,0.0,312.75,112.0
1351,54.06,47.64347926,75.91058876,1,0,0.0,312.75,112.0
1352,54.1,47.64859707,75.91259858,1,0,0.0,312.75,112.0
1353,54.14,47.65698829,75.91486426,1,0,0.0,312.75,112.0
1354,54.18,47.66825818,75.91717801,1,0,0.0,312.75,112.0
1355,54.22,47.67898233,75.91955631,1,0,0.0,312.75,112.0
1356,54.26,47.68613089,75.92215127,1,0,0.0,312.75,112.0
1357,54.3,47.69042372,75.92488128,1,0,0.0,312.75,112.0
1358,54.34,47.69231701,75.92754461,1,0,0.0,312.75,112.0
1359,54.38,47.69293816,75.93013544,1,0,0.0,312.75,112.0
1360,54.42,47.69264817,75.93262812,1,0,0.0,312.75,112.0
1361,54.46,47.69182789,75.93500873,1,0,0.0,312.75,112.0
1362,54.5,47.69096201,75.93740571,1,0,0.0,312.75,112.0
1363,54.54,47.68995966,75.9399596,1,0,0.0,312.75,112.0
1364,54.58,47.68886888,75.94253197,1,0,0.0,312.75,112.0
1365,54.62,47.6878349,75.9449959,1,0,0.0,312.75,112.0
1366,54.66,47.68735774,75.9475799,1,0,0.0,312.75,112.0
1367,54.7,47.68679065,75.95010796,1,0,0.0,312.75,112.0
1368,54.74,47.68716407,75.9526159,1,0,0.0,312.75,112.0
1369,54.78,47.68794117,75.95510389,1,0,0.0,312.75,112.0
1370,54.82,47.68915156,75.95750834,1,0,0.0,312.75,112.0
1371,54.86,47.69107792,75.95961855,1,0,0.0,312.75,112.0
1372,54.9,47.69239483,75.9618525,1,0,0.0,312.75,112.0
1373,54.94,47.69372849,75.96425189,1,0,0.0,312.75,112.0
1374,54.98,47.69525934,75.9667065,1,0,0.0,312.75,112.0
1375,55.02,47.69648006,75.96912419,1,0,0.0,312.75,112.0
1376,55.06,47.6976542,75.97139551,1,0,0.0,312.75,112.0
1377,55.1,47.69846236,75.97344863,1,0,0.0,312.75,112.0
1378,55.14,47.69693284,75.97557423,1,0,0.0,312.75,112.0
1379,55.18,47.693269,75.9777656,1,0,0.0,312.75,112.0
1380,55.22,47.68765888,75.97976579,1,0,0.0,312.75,112.0
1381,55.26,47.68128986,75.98156388,1,0,0.0,312.75,112.0
1382,55.3,47.6743208,75.98341962,1,0,0.0,312.75,112.0
1383,55.34,47.66684843,75.98538642,1,0,0.0,312.75,112.0
1384,55.38,47.66281405,75.98752121,1,0,0.0,312.75,112.0
1385,55.42,47.6603417,75.98975413,1,0,0.0,312.75,112.0
1386,55.46,47.65855711,75.9921706,1,0,0.0,312.75,112.0
1387,55.5,47.65776959,75.99469741,1,0,0.0,312.75,112.0
1388,55.54,47.65846989,75.99711133,1,0,0.0,312.75,112.0
1389,55.58,47.66122076,75.99939636,1,0,0.0,312.75,112.0
1390,55.62,47.66498697,76.00179042,1,0,0.0,312.75,112.0
1391,55.66,47.67036148,76.00404208,1,0,0.0,312.75,112.0
1392,55.7,47.67634511,76.00622601,1,0,0.0,312.75,112.0
1393,55.74,47.68240611,76.00847538,1,0,0.0,312.75,112.0
1394,55.78,47.68988232,76.01046813,1,0,0.0,312.75,112.0
1395,55.82,47.69851943,76.01267536,1,0,0.0,312.75,112.0
1396,55.86,47.70658437,76.01498554,1,0,0.0,312.75,112.0
1397,55.9,47.71048601,76.01755697,1,0,0.0,312.75,112.0
1398,55.94,47.71312306,76.02025579,1,0,0.0,312.75,112.0
1399,55.98,47.71592811,76.02281108,1,0,0.0,312.75,112.0
1400,56.02,47.7192222,76.02540525,1,0,0.0,312.75,112.0
1401,56.06,47.72283846,76.02792648,1,0,0.0,312.75,112.0
1402,56.1,47.72737567,76.03050853,1,0,0.0,312.75,112.0
1403,56.14,47.73250786,76.03306175,1,0,0.0,312.75,112.0
1404,56.18,47.73868842,76.03556172,1,0,0.0,312.75,112.0
1405,56.22,47.74538848,76.03822617,1,0,0.0,312.75,112.0
1406,56.26,47.75121326,76.04103625,1,0,0.0,312.75,112.0
1407,56.3,47.75611452,76.04383558,1,0,0.0,312.75,112.0
1408,56.34,47.76081939,76.04671678,1,0,0.0,312.75,112.0
1409,56.38,47.76563734,76.0495496,1,0,0.0,312.75,112.0
1410,56.42,47.77053311,76.05237018,1,0,0.0,312.75,112.0
1411,56.46,47.77507097,76.05516876,1,0,0.0,312.75,112.0
1412,56.5,47.77845822,76.0580279,1,0,0.0,312.75,112.0
1413,56.54,47.7802592,76.0609629,1,0,0.0,312.75,112.0
1414,56.58,47.78062994,76.06388584,1,0,0.0,312.75,112.0
1415,56.62,47.78005025,76.06678351,1,0,0.0,312.75,112.0
1416,56.66,47.77857242,76.06972359,1,0,0.0,312.75,112.0
1417,56.7,47.77668615,76.07269294,1,0,0.0,312.75,112.0
1418,56.74,47.77512251,76.07549978,1,0,0.0,312.75,112.0
1419,56.78,47.77484752,76.07825891,1,0,0.0,312.75,112.0
1420,56.82,47.7764722,76.08105927,1,0,0.0,312.75,112.0
1421,56.86,47.7797763,76.08391302,1,0,0.0,312.75,112.0
1422,56.9,47.78449045,76.08662278,1,0,0.0,312.75,112.0
1423,56.94,47.78903233,76.08929126,1,0,0.0,312.75,112.0
1424,56.98,47.79301152,76.09200408,1,0,0.0,312.75,112.0
1425,57.02,47.79584338,76.09486466,1,0,0.0,312.75,112.0
1426,57.06,47.79778277,76.09775163,1,0,0.0,312.75,112.0
1427,57.1,47.7993949,76.10056408,1,0,0.0,312.75,112.0
1428,57.14,47.80170926,76.10342323,1,0,0.0,312.75,112.0
1429,57.18,47.80437927,76.1063164,1,0,0.0,312.75,112.0
1430,57.22,47.80710877,76.109275,1,0,0.0,312.75,112.0
1431,57.26,47.8094913,76.1121764,1,0,0.0,312.75,112.0
1432,57.3,47.81145007,76.1149766,1,0,0.0,312.75,112.0
1433,57.34,47.81333805,76.117523,1,0,0.0,312.75,112.0
1434,57.38,47.81558903,76.12016887,1,0,0.0,312.75,112.0
1435,57.42,47.81823727,76.12275451,1,0,0.0,312.75,112.0
1436,57.46,47.82123664,76.12529082,1,0,0.0,312.75,112.0
1437,57.5,47.82431929,76.12782999,1,0,0.0,312.75,112.0
1438,57.54,47.82765903,76.13031903,1,0,0.0,312.75,112.0
1439,57.58,47.8311444,76.13279747,1,0,0.0,312.75,112.0
1440,57.62,47.83465988,76.13524125,1,0,0.0,312.75,112.0
1441,57.66,47.83789427,76.13760816,1,0,0.0,312.75,112.0
1442,57.7,47.83918664,76.13989213,1,0,0.0,312.75,112.0
1443,57.74,47.83871841,76.14225855,1,0,0.0,312.75,112.0
1444,57.78,47.83686091,76.14479064,1,0,0.0,312.75,112.0
1445,57.82,47.83515085,76.14741739,1,0,0.0,312.75,112.0
1446,57.86,47.83392542,76.1499034,1,0,0.0,312.75,112.0
1447,57.9,47.83203838,76.15244835,1,0,0.0,312.75,112.0
1448,57.94,47.83026428,76.15489503,1,0,0.0,312.75,112.0
1449,57.98,47.82942207,76.15727359,1,0,0.0,312.75,112.0
1450,58.02,47.8298822,76.15963807,1,0,0.0,312.75,112.0
1451,58.06,47.83281221,76.16211448,1,0,0.0,312.75,112.0
1452,58.1,47.83791062,76.16476452,1,0,0.0,312.75,112.0
1453,58.14,47.84362862,76.16748329,1,0,0.0,312.75,112.0
1454,58.18,47.84983174,76.17024692,1,0,0.0,312.75,112.0
1455,58.22,47.85681314,76.17316364,1,0,0.0,312.75,112.0
1456,58.26,47.86560682,76.17593596,1,0,0.0,312.75,112.0
1457,58.3,47.87471551,76.17858088,1,0,0.0,312.75,112.0
1458,58.34,47.88350037,76.18130762,1,0,0.0,312.75,112.0
1459,58.38,47.89201321,76.18399265,1,0,0.0,312.75,112.0
1460,58.42,47.89956301,76.18659357,1,0,0.0,312.75,112.0
1461,58.46,47.90577816,76.18922908,1,0,0.0,312.75,112.0
1462,58.5,47.91088379,76.19174091,1,0,0.0,312.75,112.0
1463,58.54,47.91579057,76.19433394,1,0,0.0,312.75,112.0
1464,58.58,47.92112526,76.19698815,1,0,0.0,312.75,112.0
1465,58.62,47.92627218,76.19956885,1,0,0.0,312.75,112.0
1466,58.66,47.93118285,76.20213667,1,0,0.0,312.75,112.0
1467,58.7,47.93650527,76.20475543,1,0,0.0,312.75,112.0
1468,58.74,47.94232229,76.20725978,1,0,0.0,312.75,112.0
1469,58.78,47.9492332,76.20983631,1,0,0.0,312.75,112.0
1470,58.82,47.95716335,76.21237133,1,0,0.0,312.75,112.0
1471,58.86,47.96622058,76.21479917,1,0,0.0,312.75,112.0
1472,58.9,47.97607915,76.21723772,1,0,0.0,312.75,112.0
1473,58.94,47.98591782,76.21969907,1,0,0.0,312.75,112.0
1474,58.98,47.99461996,76.22218486,1,0,0.0,312.75,112.0
1475,59.02,48.00212403,76.22448128,1,0,0.0,312.75,112.0
1476,59.06,48.00772709,76.22680686,1,0,0.0,312.75,112.0
1477,59.1,48.01192583,76.22927884,1,0,0.0,312.75,112.0
1478,59.14,48.01514402,76.23166883,1,0,0.0,312.75,112.0
1479,59.18,48.01745333,76.23413368,1,0,0.0,312.75,112.0
1480,59.22,48.01849777,76.23670438,1,0,0.0,312.75,112.0
1481,59.26,48.01839141,76.23922766,1,0,0.0,312.75,112.0
1482,59.3,48.01748209,76.24170254,1,0,0.0,312.75,112.0
1483,59.34,48.01612521,76.2441264,1,0,0.0,312.75,112.0
1484,59.38,48.01451688,76.24648267,1,0,0.0,312.75,112.0
1485,59.42,48.01214414,76.24872127,1,0,0.0,312.75,112.0
1486,59.46,48.00953002,76.25108345,1,0,0.0,312.75,112.0
1487,59.5,48.00852623,76.25352217,1,0,0.0,312.75,112.0
1488,59.54,48.00910309,76.25580629,1,0,0.0,312.75,112.0
1489,59.58,48.00945132,76.25815596,1,0,0.0,312.75,112.0
1490,59.62,48.00931318,76.26055995,1,0,0.0,312.75,112.0
1491,59.66,48.00876546,76.26275055,1,0,0.0,312.75,112.0
1492,59.7,48.00816863,76.26492538,1,0,0.0,312.75,112.0
1493,59.74,48.00739578,76.26698056,1,0,0.0,312.75,112.0
1494,59.78,48.00670322,76.26897536,1,0,0.0,312.75,112.0
1495,59.82,48.00609748,76.27102236,1,0,0.0,312.75,112.0
1496,59.86,48.00664079,76.27313716,1,0,0.0,312.75,112.0
1497,59.9,48.01000744,76.27534124,1,0,0.0,312.75,112.0
1498,59.94,48.01521935,76.27740908,1,0,0.0,312.75,112.0
1499,59.98,48.02162471,76.27948763,1,0,0.0,312.75,112.0
1500,60.02,48.02797807,76.28148596,1,0,0.0,312.75,112.0
1501,60.06,48.03484264,76.28345666,1,0,0.0,312.75,112.0
1502,60.1,48.04199618,76.2855646,1,0,0.0,312.75,112.0
1503,60.14,48.04839441,76.28782458,1,0,0.0,312.75,112.0
1504,60.18,48.05525368,76.29012096,1,0,0.0,312.75,112.0
1505,60.22,48.06151587,76.29266528,1,0,0.0,312.75,112.0
1506,60.26,48.06636967,76.29520588,1,0,0.0,312.75,112.0
1507,60.3,48.06988648,76.29784406,1,0,0.0,312.75,112.0
1508,60.34,48.07302331,76.3006664,1,0,0.0,312.75,112.0
1509,60.38,48.07612414,76.30344538,1,0,0.0,312.75,112.0
1510,60.42,48.07899251,76.30603138,1,0,0.0,312.75,112.0
1511,60.46,48.08096989,76.30828023,1,0,0.0,312.75,112.0
1512,60.5,48.08225949,76.31049147,1,0,0.0,312.75,112.0
1513,60.54,48.08305813,76.31283717,1,0,0.0,312.75,112.0
1514,60.58,48.08294381,76.31532399,1,0,0.0,312.75,112.0
1515,60.62,48.08210149,76.31782075,1,0,0.0,312.75,112.0
1516,60.66,48.08026113,76.32033421,1,0,0.0,312.75,112.0
1517,60.7,48.07798933,76.32301973,1,0,0.0,312.75,112.0
1518,60.74,48.07645503,76.325705,1,0,0.0,312.75,112.0
1519,60.78,48.07636468,76.32828896,1,0,0.0,312.75,112.0
1520,60.82,48.0802257,76.33101477,1,0,0.0,312.75,112.0
1521,60.86,48.0841399,76.33369419,1,0,0.0,312.75,112.0
1522,60.9,48.08691353,76.33635452,1,0,0.0,312.75,112.0
1523,60.94,48.08884969,76.33895259,1,0,0.0,312.75,112.0
1524,60.98,48.09050719,76.34146734,1,0,0.0,312.75,112.0
1525,61.02,48.09229097,76.34393454,1,0,0.0,312.75,112.0
1526,61.06,48.09613405,76.346442,1,0,0.0,312.75,112.0
1527,61.1,48.09968783,76.34900675,1,0,0.0,312.75,112.0
1528,61.14,48.10293554,76.35164809,1,0,0.0,312.75,112.0
1529,61.18,48.10620615,76.35428705,1,0,0.0,312.75,112.0
1530,61.22,48.1093335,76.35680383,1,0,0.0,312.75,112.0
1531,61.26,48.11121577,76.35918444,1,0,0.0,312.75,112.0
1532,61.3,48.1122035,76.36158273,1,0,0.0,312.75,112.0
1533,61.34,48.1132554,76.36388251,1,0,0.0,312.75,112.0
1534,61.38,48.11561668,76.36623948,1,0,0.0,312.75,112.0
1535,61.42,48.11845975,76.36851697,1,0,0.0,312.75,112.0
1536,61.46,48.12176445,76.37081563,1,0,0.0,312.75,112.0
1537,61.5,48.12541011,76.37305059,1,0,0.0,312.75,112.0
1538,61.54,48.12884214,76.37519707,1,0,0.0,312.75,112.0
1539,61.58,48.13159405,76.37729528,1,0,0.0,312.75,112.0
1540,61.62,48.13445559,76.37929582,1,0,0.0,312.75,112.0
1541,61.66,48.13696083,76.3812041,1,0,0.0,312.75,112.0
1542,61.7,48.13909808,76.38314502,1,0,0.0,312.75,112.0
1543,61.74,48.14089204,76.38506749,1,0,0.0,312.75,112.0
1544,61.78,48.14231359,76.3870093,1,0,0.0,312.75,112.0
1545,61.82,48.14201978,76.38925238,1,0,0.0,312.75,112.0
1546,61.86,48.1403429,76.39161434,1,0,0.0,312.75,112.0
1547,61.9,48.13792606,76.39379705,1,0,0.0,312.75,112.0
1548,61.94,48.13525869,76.39586569,1,0,0.0,312.75,112.0
1549,61.98,48.13254763,76.39803084,1,0,0.0,312.75,112.0
1550,62.02,48.13034367,76.4002626,1,0,0.0,312.75,112.0
1551,62.06,48.12862243,76.40248303,1,0,0.0,312.75,112.0
1552,62.1,48.12724884,76.40471177,1,0,0.0,312.75,112.0
1553,62.14,48.12592184,76.40688786,1,0,0.0,312.75,112.0
1554,62.18,48.1250696,76.40894726,1,0,0.0,312.75,112.0
1555,62.22,48.12391516,76.41109335,1,0,0.0,312.75,112.0
1556,62.26,48.12199632,76.41313504,1,0,0.0,312.75,112.0
1557,62.3,48.11953903,76.41505829,1,0,0.0,312.75,112.0
1558,62.34,48.11725285,76.41690759,1,0,0.0,312.75,112.0
1559,62.38,48.11739709,76.41853619,1,0,0.0,312.75,112.0
1560,62.42,48.11852103,76.42010515,1,0,0.0,312.75,112.0
1561,62.46,48.12137264,76.42176685,1,0,0.0,312.75,112.0
1562,62.5,48.12481604,76.42333188,1,0,0.0,312.75,112.0
1563,62.54,48.12886515,76.42490191,1,0,0.0,312.75,112.0
1564,62.58,48.13343398,76.42652866,1,0,0.0,312.75,112.0
1565,62.62,48.13953492,76.42823043,1,0,0.0,312.75,112.0
1566,62.66,48.14713078,76.42994764,1,0,0.0,312.75,112.0
1567,62.7,48.15448331,76.43174041,1,0,0.0,312.75,112.0
1568,62.74,48.16131936,76.43357164,1,0,0.0,312.75,112.0
1569,62.78,48.16809772,76.43546314,1,0,0.0,312.75,112.0
1570,62.82,48.17415577,76.43739159,1,0,0.0,312.75,112.0
1571,62.86,48.17935855,76.43925562,1,0,0.0,312.75,112.0
1572,62.9,48.18433183,76.4409592,1,0,0.0,312.75,112.0
1573,62.94,48.18921688,76.44277103,1,0,0.0,312.75,112.0
1574,62.98,48.19271476,76.44475101,1,0,0.0,312.75,112.0
1575,63.02,48.1962168,76.44681873,1,0,0.0,312.75,112.0
1576,63.06,48.19958635,76.44897183,1,0,0.0,312.75,112.0
1577,63.1,48.20298058,76.45100035,1,0,0.0,312.75,112.0
1578,63.14,48.20748859,76.45282543,1,0,0.0,312.75,112.0
1579,63.18,48.21374858,76.45454939,1,0,0.0,312.75,112.0
1580,63.22,48.221272,76.45626762,1,0,0.0,312.75,112.0
1581,63.26,48.22923297,76.45787707,1,0,0.0,312.75,112.0
1582,63.3,48.23759278,76.45922531,1,0,0.0,312.75,112.0
1583,63.34,48.24485938,76.46053003,1,0,0.0,312.75,112.0
1584,63.38,48.25152151,76.46184705,1,0,0.0,312.75,112.0
1585,63.42,48.25706821,76.46313579,1,0,0.0,312.75,112.0
1586,63.46,48.26154253,76.46444292,1,0,0.0,312.75,112.0
1587,63.5,48.26498688,76.4657079,1,0,0.0,312.75,112.0
1588,63.54,48.26784155,76.46693197,1,0,0.0,312.75,112.0
1589,63.58,48.27066901,76.46814468,1,0,0.0,312.75,112.0
1590,63.62,48.27316403,76.46951564,1,0,0.0,312.75,112.0
1591,63.66,48.27469734,76.470845,1,0,0.0,312.75,112.0
1592,63.7,48.27602964,76.47211824,1,0,0.0,312.75,112.0
1593,63.74,48.27814509,76.47321557,1,0,0.0,312.75,112.0
1594,63.78,48.2815835,76.47431613,1,0,0.0,312.75,112.0
1595,63.82,48.28597043,76.47535298,1,0,0.0,312.75,112.0
1596,63.86,48.29137672,76.4762285,1,0,0.0,312.75,112.0
1597,63.9,48.29680652,76.47713741,1,0,0.0,312.75,112.0
1598,63.94,48.30079424,76.47817353,1,0,0.0,312.75,112.0
1599,63.98,48.30337813,76.47934121,1,0,0.0,312.75,112.0
1600,64.02,48.3043893,76.48057715,1,0,0.0,312.75,112.0
1601,64.06,48.3039891,76.48177689,1,0,0.0,312.75,112.0
1602,64.1,48.30185366,76.48293542,1,0,0.0,312.75,112.0
1603,64.14,48.29844666,76.48419017,1,0,0.0,312.75,112.0
1604,64.18,48.29500795,76.48549055,1,0,0.0,312.75,112.0
1605,64.22,48.29439594,76.48684047,1,0,0.0,312.75,112.0
1606,64.26,48.29493144,76.48817504,1,0,0.0,312.75,112.0
1607,64.3,48.2961474,76.48961741,1,0,0.0,312.75,112.0
1608,64.34,48.29828719,76.49101579,1,0,0.0,312.75,112.0
1609,64.38,48.30012166,76.49246819,1,0,0.0,312.75,112.0
1610,64.42,48.30214611,76.49397082,1,0,0.0,312.75,112.0
1611,64.46,48.30451585,76.49553182,1,0,0.0,312.75,112.0
1612,64.5,48.30636335,76.49708654,1,0,0.0,312.75,112.0
1613,64.54,48.30730576,76.49866592,1,0,0.0,312.75,112.0
1614,64.58,48.30700018,76.50010667,1,0,0.0,312.75,112.0
1615,64.62,48.30467951,76.50164216,1,0,0.0,312.75,112.0
1616,64.66,48.29927826,76.50315845,1,0,0.0,312.75,112.0
1617,64.7,48.29395128,76.50454107,1,0,0.0,312.75,112.0
1618,64.74,48.28779487,76.50584174,1,0,0.0,312.75,112.0
1619,64.78,48.28372619,76.50693911,1,0,0.0,312.75,112.0
1620,64.82,48.28111628,76.50794065,1,0,0.0,312.75,112.0
1621,64.86,48.27971845,76.50906373,1,0,0.0,312.75,112.0
1622,64.9,48.28000527,76.51024025,1,0,0.0,312.75,112.0
1623,64.94,48.28050154,76.51122504,1,0,0.0,312.75,112.0
1624,64.98,48.27979962,76.51204257,1,0,0.0,312.75,112.0
1625,65.02,48.2775604,76.51294338,1,0,0.0,312.75,112.0
1626,65.06,48.27465105,76.51400143,1,0,0.0,312.75,112.0
1627,65.1,48.27335768,76.51519579,1,0,0.0,312.75,112.0
1628,65.14,48.27351989,76.51644931,1,0,0.0,312.75,112.0
1629,65.18,48.27659061,76.51780853,1,0,0.0,312.75,112.0
1630,65.22,48.28082332,76.51891617,1,0,0.0,312.75,112.0
1631,65.26,48.28649584,76.51996691,1,0,0.0,312.75,112.0
1632,65.3,48.29369896,76.52093547,1,0,0.0,312.75,112.0
1633,65.34,48.30213767,76.52180872,1,0,0.0,312.75,112.0
1634,65.38,48.31109986,76.52253331,1,0,0.0,312.75,112.0
1635,65.42,48.32025352,76.52311688,1,0,0.0,312.75,112.0
1636,65.46,48.32655011,76.52378158,1,0,0.0,312.75,112.0
1637,65.5,48.32998321,76.52434862,1,0,0.0,312.75,112.0
1638,65.54,48.33192821,76.52473879,1,0,0.0,312.75,112.0
1639,65.58,48.33301556,76.52519045,1,0,0.0,312.75,112.0
1640,65.62,48.33348175,76.52569301,1,0,0.0,312.75,112.0
1641,65.66,48.33370867,76.52608738,1,0,0.0,312.75,112.0
1642,65.7,48.33282759,76.52652982,1,0,0.0,312.75,112.0
1643,65.74,48.33200185,76.52709694,1,0,0.0,312.75,112.0
1644,65.78,48.33128144,76.52758285,1,0,0.0,312.75,112.0
1645,65.82,48.32979398,76.52801797,1,0,0.0,312.75,112.0
1646,65.86,48.32683059,76.52845534,1,0,0.0,312.75,112.0
1647,65.9,48.32240391,76.52890358,1,0,0.0,312.75,112.0
1648,65.94,48.31732924,76.52931081,1,0,0.0,312.75,112.0
1649,65.98,48.31201749,76.52969536,1,0,0.0,312.75,112.0
1650,66.02,48.30572038,76.5300143,1,0,0.0,312.75,112.0
1651,66.06,48.29956909,76.53030496,1,0,0.0,312.75,112.0
1652,66.1,48.29435203,76.5304902,1,0,0.0,312.75,112.0
1653,66.14,48.29052614,76.53051796,1,0,0.0,312.75,112.0
1654,66.18,48.28880535,76.53054384,1,0,0.0,312.75,112.0
1655,66.22,48.28747946,76.53049594,1,0,0.0,312.75,112.0
1656,66.26,48.2870267,76.53028141,1,0,0.0,312.75,112.0
1657,66.3,48.28766815,76.52998689,1,0,0.0,312.75,112.0
1658,66.34,48.28921517,76.5295953,1,0,0.0,312.75,112.0
1659,66.38,48.29172513,76.52938618,1,0,0.0,312.75,112.0
1660,66.42,48.29527557,76.52926315,1,0,0.0,312.75,112.0
1661,66.46,48.29976719,76.52912012,1,0,0.0,312.75,112.0
1662,66.5,48.30287382,76.52895893,1,0,0.0,312.75,112.0
1663,66.54,48.30436599,76.52877237,1,0,0.0,312.75,112.0
1664,66.58,48.30490724,76.52874091,1,0,0.0,312.75,112.0
1665,66.62,48.30446396,76.52883167,1,0,0.0,312.75,112.0
1666,66.66,48.30368385,76.5288327,1,0,0.0,312.75,112.0
1667,66.7,48.30349036,76.52883994,1,0,0.0,312.75,112.0
1668,66.74,48.30376151,76.52880303,1,0,0.0,312.75,112.0
1669,66.78,48.3045656,76.52871312,1,0,0.0,312.75,112.0
1670,66.82,48.30590527,76.52853392,1,0,0.0,312.75,112.0
1671,66.86,48.30805451,76.52847435,1,0,0.0,312.75,112.0
1672,66.9,48.31023906,76.52851378,1,0,0.0,312.75,112.0
1673,66.94,48.31228964,76.52854636,1,0,0.0,312.75,112.0
1674,66.98,48.31462691,76.52857961,1,0,0.0,312.75,112.0
1675,67.02,48.31727445,76.52849687,1,0,0.0,312.75,112.0
1676,67.06,48.32048728,76.52822754,1,0,0.0,312.75,112.0
1677,67.1,48.32383037,76.52797125,1,0,0.0,312.75,112.0
1678,67.14,48.32682542,76.52768262,1,0,0.0,312.75,112.0
1679,67.18,48.32968126,76.52724029,1,0,0.0,312.75,112.0
1680,67.22,48.33314538,76.52662915,1,0,0.0,312.75,112.0
1681,67.26,48.33792102,76.52608877,1,0,0.0,312.75,112.0
1682,67.3,48.34289182,76.52557076,1,0,0.0,312.75,112.0
1683,67.34,48.34796352,76.52503415,1,0,0.0,312.75,112.0
1684,67.38,48.35236399,76.52448844,1,0,0.0,312.75,112.0
1685,67.42,48.35669317,76.52391318,1,0,0.0,312.75,112.0
1686,67.46,48.36188273,76.52349583,1,0,0.0,312.75,112.0
1687,67.5,48.3655973,76.52313094,1,0,0.0,312.75,112.0
1688,67.54,48.36604344,76.52271572,1,0,0.0,312.75,112.0
1689,67.58,48.3630551,76.52227365,1,0,0.0,312.75,112.0
1690,67.62,48.35947485,76.52189591,1,0,0.0,312.75,112.0
1691,67.66,48.35568591,76.52164604,1,0,0.0,312.75,112.0
1692,67.7,48.35195711,76.52140976,1,0,0.0,312.75,112.0
1693,67.74,48.34779677,76.52111574,1,0,0.0,312.75,112.0
1694,67.78,48.34198833,76.52065863,1,0,0.0,312.75,112.0
1695,67.82,48.33517868,76.52024911,1,0,0.0,312.75,112.0
1696,67.86,48.32880704,76.52005949,1,0,0.0,312.75,112.0
1697,67.9,48.32263825,76.51972829,1,0,0.0,312.75,112.0
1698,67.94,48.31667024,76.51944919,1,0,0.0,312.75,112.0
1699,67.98,48.31078079,76.519249,1,0,0.0,312.75,112.0
1700,68.02,48.30496909,76.51909453,1,0,0.0,312.75,112.0
1701,68.06,48.30150918,76.51895631,1,0,0.0,312.75,112.0
1702,68.1,48.3018327,76.5189107,1,0,0.0,312.75,112.0
1703,68.14,48.3028609,76.51894282,1,0,0.0,312.75,112.0
1704,68.18,48.30397038,76.51894865,1,0,0.0,312.75,112.0
1705,68.22,48.30514592,76.51884873,1,0,0.0,312.75,112.0
1706,68.26,48.3065439,76.51854425,1,0,0.0,312.75,112.0
1707,68.3,48.30809746,76.51809742,1,0,0.0,312.75,112.0
1708,68.34,48.31010965,76.51761968,1,0,0.0,312.75,112.0
1709,68.38,48.31277838,76.51711085,1,0,0.0,312.75,112.0
1710,68.42,48.31582276,76.51651391,1,0,0.0,312.75,112.0
1711,68.46,48.31651549,76.5157689,1,0,0.0,312.75,112.0
1712,68.5,48.31589577,76.51496449,1,0,0.0,312.75,112.0
1713,68.54,48.31299458,76.51415108,1,0,0.0,312.75,112.0
1714,68.58,48.30912291,76.51330465,1,0,0.0,312.75,112.0
1715,68.62,48.3075786,76.51242899,1,0,0.0,312.75,112.0
1716,68.66,48.30773056,76.51148804,1,0,0.0,312.75,112.0
1717,68.7,48.30807869,76.51051831,1,0,0.0,312.75,112.0
1718,68.74,48.30842747,76.50944131,1,0,0.0,312.75,112.0
1719,68.78,48.30893049,76.50832545,1,0,0.0,312.75,112.0
1720,68.82,48.30996751,76.50720753,1,0,0.0,312.75,112.0
1721,68.86,48.3108008,76.50603828,1,0,0.0,312.75,112.0
1722,68.9,48.31277628,76.50470048,1,0,0.0,312.75,112.0
1723,68.94,48.31616314,76.50330152,1,0,0.0,312.75,112.0
1724,68.98,48.32038499,76.50201683,1,0,0.0,312.75,112.0
1725,69.02,48.32469715,76.50070756,1,0,0.0,312.75,112.0
1726,69.06,48.32905755,76.49941156,1,0,0.0,312.75,112.0
1727,69.1,48.33295749,76.49809582,1,0,0.0,312.75,112.0
1728,69.14,48.33352657,76.49684409,1,0,0.0,312.75,112.0
1729,69.18,48.33295536,76.49563893,1,0,0.0,312.75,112.0
1730,69.22,48.33226619,76.49451591,1,0,0.0,312.75,112.0
1731,69.26,48.3312869,76.49340304,1,0,0.0,312.75,112.0
1732,69.3,48.32943454,76.49245677,1,0,0.0,312.75,112.0
1733,69.34,48.32641358,76.49148132,1,0,0.0,312.75,112.0
1734,69.38,48.32307334,76.4903685,1,0,0.0,312.75,112.0
1735,69.42,48.31990917,76.48908208,1,0,0.0,312.75,112.0
1736,69.46,48.31660294,76.48774965,1,0,0.0,312.75,112.0
1737,69.5,48.31295038,76.48639602,1,0,0.0,312.75,112.0
1738,69.54,48.30881019,76.48501979,1,0,0.0,312.75,112.0
1739,69.58,48.30405063,76.48363032,1,0,0.0,312.75,112.0
1740,69.62,48.29882173,76.48217716,1,0,0.0,312.75,112.0
1741,69.66,48.29380055,76.48066537,1,0,0.0,312.75,112.0
1742,69.7,48.2894238,76.4791565,1,0,0.0,312.75,112.0
1743,69.74,48.28578004,76.47763412,1,0,0.0,312.75,112.0
1744,69.78,48.28314954,76.47609622,1,0,0.0,312.75,112.0
1745,69.82,48.28103523,76.47442134,1,0,0.0,312.75,112.0
1746,69.86,48.28165841,76.47286229,1,0,0.0,312.75,112.0
1747,69.9,48.28355663,76.47137579,1,0,0.0,312.75,112.0
1748,69.94,48.28576498,76.46985054,1,0,0.0,312.75,112.0
1749,69.98,48.28807263,76.4683474,1,0,0.0,312.75,112.0
1750,70.02,48.28928651,76.46680817,1,0,0.0,312.75,112.0
1751,70.06,48.28919001,76.46524252,1,0,0.0,312.75,112.0
1752,70.1,48.28791087,76.46355616,1,0,0.0,312.75,112.0
1753,70.14,48.28567987,76.46185637,1,0,0.0,312.75,112.0
1754,70.18,48.28289473,76.45998368,1,0,0.0,312.75,112.0
1755,70.22,48.28092259,76.45795728,1,0,0.0,312.75,112.0
1756,70.26,48.27948318,76.45591273,1,0,0.0,312.75,112.0
1757,70.3,48.27679034,76.45391907,1,0,0.0,312.75,112.0
1758,70.34,48.27352103,76.45191064,1,0,0.0,312.75,112.0
1759,70.38,48.27021184,76.4499105,1,0,0.0,312.75,112.0
1760,70.42,48.26679579,76.44789036,1,0,0.0,312.75,112.0
1761,70.46,48.26365072,76.44587565,1,0,0.0,312.75,112.0
1762,70.5,48.26099651,76.44390674,1,0,0.0,312.75,112.0
1763,70.54,48.25881162,76.44183214,1,0,0.0,312.75,112.0
1764,70.58,48.25646717,76.43973472,1,0,0.0,312.75,112.0
1765,70.62,48.25395899,76.43759777,1,0,0.0,312.75,112.0
1766,70.66,48.25153448,76.43534417,1,0,0.0,312.75,112.0
1767,70.7,48.25033513,76.43315982,1,0,0.0,312.75,112.0
1768,70.74,48.25051918,76.43104104,1,0,0.0,312.75,112.0
1769,70.78,48.25099245,76.4288514,1,0,0.0,312.75,112.0
1770,70.82,48.25099323,76.42662066,1,0,0.0,312.75,112.0
1771,70.86,48.25032179,76.42432855,1,0,0.0,312.75,112.0
1772,70.9,48.24831204,76.42191928,1,0,0.0,312.75,112.0
1773,70.94,48.2445959,76.41943171,1,0,0.0,312.75,112.0
1774,70.98,48.24095826,76.41687264,1,0,0.0,312.75,112.0
1775,71.02,48.23851147,76.4143657,1,0,0.0,312.75,112.0
1776,71.06,48.23609665,76.41187607,1,0,0.0,312.75,112.0
1777,71.1,48.23196465,76.40943469,1,0,0.0,312.75,112.0
1778,71.14,48.22667803,76.40695601,1,0,0.0,312.75,112.0
1779,71.18,48.21934991,76.40426069,1,0,0.0,312.75,112.0
1780,71.22,48.2114188,76.40142925,1,0,0.0,312.75,112.0
1781,71.26,48.20483327,76.39849754,1,0,0.0,312.75,112.0
1782,71.3,48.19875062,76.39560436,1,0,0.0,312.75,112.0
1783,71.34,48.19269472,76.39262125,1,0,0.0,312.75,112.0
1784,71.38,48.18660986,76.38959191,1,0,0.0,312.75,112.0
1785,71.42,48.17907269,76.38681832,1,0,0.0,312.75,112.0
1786,71.46,48.17040585,76.38401315,1,0,0.0,312.75,112.0
1787,71.5,48.16149121,76.38126977,1,0,0.0,312.75,112.0
1788,71.54,48.15289448,76.37860524,1,0,0.0,312.75,112.0
1789,71.58,48.14588755,76.37591665,1,0,0.0,312.75,112.0
1790,71.62,48.14102849,76.37327857,1,0,0.0,312.75,112.0
1791,71.66,48.1368732,76.37057582,1,0,0.0,312.75,112.0
1792,71.7,48.13374334,76.3677709,1,0,0.0,312.75,112.0
1793,71.74,48.1306324,76.36507327,1,0,0.0,312.75,112.0
1794,71.78,48.12760991,76.36242352,1,0,0.0,312.75,112.0
1795,71.82,48.12498603,76.35977757,1,0,0.0,312.75,112.0
1796,71.86,48.12240056,76.35714694,1,0,0.0,312.75,112.0
1797,71.9,48.11878483,76.35448315,1,0,0.0,312.75,112.0
1798,71.94,48.11524526,76.35167957,1,0,0.0,312.75,112.0
1799,71.98,48.11185482,76.3488654,1,0,0.0,312.75,112.0
1800,72.02,48.10825923,76.34602361,1,0,0.0,312.75,112.0
1801,72.06,48.10474102,76.34315132,1,0,0.0,312.75,112.0
1802,72.1,48.10140431,76.34030958,1,0,0.0,312.75,112.0
1803,72.14,48.0980216,76.33726286,1,0,0.0,312.75,112.0
1804,72.18,48.0942949,76.33410996,1,0,0.0,312.75,112.0
1805,72.22,48.08990015,76.33083922,1,0,0.0,312.75,112.0
1806,72.26,48.08471919,76.32756703,1,0,0.0,312.75,112.0
1807,72.3,48.07847047,76.32442267,1,0,0.0,312.75,112.0
1808,72.34,48.07147104,76.32124196,1,0,0.0,312.75,112.0
1809,72.38,48.06459702,76.31799834,1,0,0.0,312.75,112.0
1810,72.42,48.05737859,76.31474766,1,0,0.0,312.75,112.0
1811,72.46,48.05002305,76.31157919,1,0,0.0,312.75,112.0
1812,72.5,48.04275181,76.30842267,1,0,0.0,312.75,112.0
1813,72.54,48.03638406,76.30519649,1,0,0.0,312.75,112.0
1814,72.58,48.03172245,76.30181267,1,0,0.0,312.75,112.0
1815,72.62,48.02836992,76.29828293,1,0,0.0,312.75,112.0
1816,72.66,48.02697347,76.2947378,1,0,0.0,312.75,112.0
1817,72.7,48.02647266,76.29121848,1,0,0.0,312.75,112.0
1818,72.74,48.02627889,76.28771131,1,0,0.0,312.75,112.0
1819,72.78,48.02565234,76.28431474,1,0,0.0,312.75,112.0
1820,72.82,48.02528678,76.28096892,1,0,0.0,312.75,112.0
1821,72.86,48.02453604,76.27778082,1,0,0.0,312.75,112.0
1822,72.9,48.02285407,76.27461665,1,0,0.0,312.75,112.0
1823,72.94,48.02013532,76.2714227,1,0,0.0,312.75,112.0
1824,72.98,48.01563971,76.26815734,1,0,0.0,312.75,112.0
1825,73.02,48.01002941,76.26484013,1,0,0.0,312.75,112.0
1826,73.06,48.00534924,76.26133976,1,0,0.0,312.75,112.0
1827,73.1,48.00122624,76.25781406,1,0,0.0,312.75,112.0
1828,73.14,47.99752148,76.25427609,1,0,0.0,312.75,112.0
1829,73.18,47.99455153,76.25067372,1,0,0.0,312.75,112.0
1830,73.22,47.99274744,76.24695564,1,0,0.0,312.75,112.0
1831,73.26,47.99255757,76.24310784,1,0,0.0,312.75,112.0
1832,73.3,47.99254185,76.23922121,1,0,0.0,312.75,112.0
1833,73.34,47.99162346,76.23512837,1,0,0.0,312.75,112.0
1834,73.38,47.99173441,76.23090044,1,0,0.0,312.75,112.0
1835,73.42,47.99204773,76.22670888,1,0,0.0,312.75,112.0
1836,73.46,47.99234821,76.22263843,1,0,0.0,312.75,112.0
1837,73.5,47.99166207,76.21863548,1,0,0.0,312.75,112.0
1838,73.54,47.98957711,76.21460484,1,0,0.0,312.75,112.0
1839,73.58,47.98590795,76.21064443,1,0,0.0,312.75,112.0
1840,73.62,47.97987174,76.20686327,1,0,0.0,312.75,112.0
1841,73.66,47.97126712,76.20312482,1,0,0.0,312.75,112.0
1842,73.7,47.96298415,76.19938248,1,0,0.0,312.75,112.0
1843,73.74,47.95383746,76.19530681,1,0,0.0,312.75,112.0
1844,73.78,47.94354532,76.19123052,1,0,0.0,312.75,112.0
1845,73.82,47.93338619,76.18729924,1,0,0.0,312.75,112.0
1846,73.86,47.92308616,76.18320293,1,0,0.0,312.75,112.0
1847,73.9,47.91231626,76.1789709,1,0,0.0,312.75,112.0
1848,73.94,47.90089006,76.17478506,1,0,0.0,312.75,112.0
1849,73.98,47.88787574,76.1706505,1,0,0.0,312.75,112.0
1850,74.02,47.87392414,76.16654795,1,0,0.0,312.75,112.0
1851,74.06,47.85975346,76.16249375,1,0,0.0,312.75,112.0
1852,74.1,47.84899827,76.15851894,1,0,0.0,312.75,112.0
1853,74.14,47.84392756,76.15489159,1,0,0.0,312.75,112.0
1854,74.18,47.84261389,76.15142711,1,0,0.0,312.75,112.0
1855,74.22,47.84551104,76.14797163,1,0,0.0,312.75,112.0
1856,74.26,47.8496247,76.14438515,1,0,0.0,312.75,112.0
1857,74.3,47.85524241,76.1407889,1,0,0.0,312.75,112.0
1858,74.34,47.86146551,76.13712074,1,0,0.0,312.75,112.0
1859,74.38,47.86727195,76.13345776,1,0,0.0,312.75,112.0
1860,74.42,47.87321378,76.12983396,1,0,0.0,312.75,112.0
1861,74.46,47.87812369,76.12618463,1,0,0.0,312.75,112.0
1862,74.5,47.88196831,76.12232916,1,0,0.0,312.75,112.0
1863,74.54,47.88547643,76.11830998,1,0,0.0,312.75,112.0
1864,74.58,47.88861657,76.11425111,1,0,0.0,312.75,112.0
1865,74.62,47.89053346,76.11016069,1,0,0.0,312.75,112.0
1866,74.66,47.89054874,76.10610908,1,0,0.0,312.75,112.0
1867,74.7,47.88881023,76.10203438,1,0,0.0,312.75,112.0
1868,74.74,47.88586701,76.09777359,1,0,0.0,312.75,112.0
1869,74.78,47.88104667,76.09358551,1,0,0.0,312.75,112.0
1870,74.82,47.87412335,76.08941026,1,0,0.0,312.75,112.0
1871,74.86,47.86521383,76.08525755,1,0,0.0,312.75,112.0
1872,74.9,47.85614639,76.08096239,1,0,0.0,312.75,112.0
1873,74.94,47.84761499,76.07664982,1,0,0.0,312.75,112.0
1874,74.98,47.8402623,76.07236699,1,0,0.0,312.75,112.0
1875,75.02,47.83354557,76.06792323,1,0,0.0,312.75,112.0
1876,75.06,47.82748932,76.0633595,1,0,0.0,312.75,112.0
1877,75.1,47.82213075,76.05877612,1,0,0.0,312.75,112.0
1878,75.14,47.81692198,76.05420566,1,0,0.0,312.75,112.0
1879,75.18,47.81111797,76.04967283,1,0,0.0,312.75,112.0
1880,75.22,47.80413544,76.04514213,1,0,0.0,312.75,112.0
1881,75.26,47.7975099,76.0404641,1,0,0.0,312.75,112.0
1882,75.3,47.79233052,76.03575081,1,0,0.0,312.75,112.0
1883,75.34,47.78869811,76.03103957,1,0,0.0,312.75,112.0
1884,75.38,47.78578129,76.02629852,1,0,0.0,312.75,112.0
1885,75.42,47.78325207,76.02143223,1,0,0.0,312.75,112.0
1886,75.46,47.77963112,76.01648333,1,0,0.0,312.75,112.0
1887,75.5,47.77483098,76.01155308,1,0,0.0,312.75,112.0
1888,75.54,47.76938963,76.00657233,1,0,0.0,312.75,112.0
1889,75.58,47.76419978,76.00156522,1,0,0.0,312.75,112.0
1890,75.62,47.75960369,75.99647324,1,0,0.0,312.75,112.0
1891,75.66,47.75522302,75.99136017,1,0,0.0,312.75,112.0
1892,75.7,47.75149719,75.986253,1,0,0.0,312.75,112.0
1893,75.74,47.74782403,75.98124392,1,0,0.0,312.75,112.0
1894,75.78,47.74406799,75.97625715,1,0,0.0,312.75,112.0
1895,75.82,47.73907027,75.97128084,1,0,0.0,312.75,112.0
1896,75.86,47.73258649,75.96613157,1,0,0.0,312.75,112.0
1897,75.9,47.72532568,75.96082628,1,0,0.0,312.75,112.0
1898,75.94,47.71807972,75.9554739,1,0,0.0,312.75,112.0
1899,75.98,47.71129033,75.95001257,1,0,0.0,312.75,112.0
1900,76.02,47.70420318,75.94441435,1,0,0.0,312.75,112.0
1901,76.06,47.69663049,75.93878015,1,0,0.0,312.75,112.0
1902,76.1,47.68822896,75.93318868,1,0,0.0,312.75,112.0
1903,76.14,47.67900951,75.92751717,1,0,0.0,312.75,112.0
1904,76.18,47.66832912,75.92191035,1,0,0.0,312.75,112.0
1905,76.22,47.65693404,75.91626545,1,0,0.0,312.75,112.0
1906,76.26,47.64524656,75.91059667,1,0,0.0,312.75,112.0
1907,76.3,47.63406463,75.90511463,1,0,0.0,312.75,112.0
1908,76.34,47.62514451,75.89967188,1,0,0.0,312.75,112.0
1909,76.38,47.61675864,75.89422773,1,0,0.0,312.75,112.0
1910,76.42,47.60909468,75.88881806,1,0,0.0,312.75,112.0
1911,76.46,47.60219861,75.88346521,1,0,0.0,312.75,112.0
1912,76.5,47.59556137,75.87819315,1,0,0.0,312.75,112.0
1913,76.54,47.58831195,75.87283827,1,0,0.0,312.75,112.0
1914,76.58,47.57959865,75.86730277,1,0,0.0,312.75,112.0
1915,76.62,47.57134859,75.8617438,1,0,0.0,312.75,112.0
1916,76.66,47.56281086,75.85621689,1,0,0.0,312.75,112.0
1917,76.7,47.5542985,75.85056944,1,0,0.0,312.75,112.0
1918,76.74,47.54657612,75.84486519,1,0,0.0,312.75,112.0
1919,76.78,47.5396413,75.83911131,1,0,0.0,312.75,112.0
1920,76.82,47.53322732,75.83334511,1,0,0.0,312.75,112.0
1921,76.86,47.52718685,75.82766256,1,0,0.0,312.75,112.0
1922,76.9,47.52186635,75.82207486,1,0,0.0,312.75,112.0
1923,76.94,47.51696124,75.81648002,1,0,0.0,312.75,112.0
1924,76.98,47.51270844,75.81085393,1,0,0.0,312.75,112.0
1925,77.02,47.50888915,75.80518525,1,0,0.0,312.75,112.0
1926,77.06,47.5053479,75.79950331,1,0,0.0,312.75,112.0
1927,77.1,47.50238927,75.79377897,1,0,0.0,312.75,112.0
1928,77.14,47.49824096,75.78825887,1,0,0.0,312.75,112.0
1929,77.18,47.49251154,75.78292892,1,0,0.0,312.75,112.0
1930,77.22,47.48661635,75.77750958,1,0,0.0,312.75,112.0
1931,77.26,47.48077709,75.77208297,1,0,0.0,312.75,112.0
1932,77.3,47.47351721,75.76668588,1,0,0.0,312.75,112.0
1933,77.34,47.46519282,75.76123433,1,0,0.0,312.75,112.0
1934,77.38,47.45765702,75.7557561,1,0,0.0,312.75,112.0
1935,77.42,47.45107553,75.75027588,1,0,0.0,312.75,112.0
1936,77.46,47.44507749,75.74477937,1,0,0.0,312.75,112.0
1937,77.5,47.43901752,75.73932919,1,0,0.0,312.75,112.0
1938,77.54,47.43227035,75.7339194,1,0,0.0,312.75,112.0
1939,77.58,47.42391443,75.72850433,1,0,0.0,312.75,112.0
1940,77.62,47.41538034,75.72310657,1,0,0.0,312.75,112.0
1941,77.66,47.40708517,75.71763635,1,0,0.0,312.75,112.0
1942,77.7,47.39996576,75.71201429,1,0,0.0,312.75,112.0
1943,77.74,47.39294927,75.70631074,1,0,0.0,312.75,112.0
1944,77.78,47.38639678,75.70065046,1,0,0.0,312.75,112.0
1945,77.82,47.3795013,75.69498453,1,0,0.0,312.75,112.0
1946,77.86,47.37256915,75.68927537,1,0,0.0,312.75,112.0
1947,77.9,47.36630763,75.6836032,1,0,0.0,312.75,112.0
1948,77.94,47.36097864,75.67790148,1,0,0.0,312.75,112.0
1949,77.98,47.35612812,75.67211336,1,0,0.0,312.75,112.0
1950,78.02,47.35147786,75.66616833,1,0,0.0,312.75,112.0
1951,78.06,47.3457519,75.66025271,1,0,0.0,312.75,112.0
1952,78.1,47.3379228,75.65418833,1,0,0.0,312.75,112.0
1953,78.14,47.32726355,75.64796165,1,0,0.0,312.75,112.0
1954,78.18,47.31496415,75.64189387,1,0,0.0,312.75,112.0
1955,78.22,47.30245528,75.63579785,1,0,0.0,312.75,112.0
1956,78.26,47.29005391,75.62958354,1,0,0.0,312.75,112.0
1957,78.3,47.27842124,75.62329408,1,0,0.0,312.75,112.0
1958,78.34,47.2716589,75.61712168,1,0,0.0,312.75,112.0
1959,78.38,47.26604783,75.61093645,1,0,0.0,312.75,112.0
1960,78.42,47.26065981,75.60474676,1,0,0.0,312.75,112.0
1961,78.46,47.25468725,75.59833064,1,0,0.0,312.75,112.0
1962,78.5,47.24823788,75.59187338,1,0,0.0,312.75,112.0
1963,78.54,47.24201572,75.5855175,1,0,0.0,312.75,112.0
1964,78.58,47.23603381,75.57905011,1,0,0.0,312.75,112.0
1965,78.62,47.22996588,75.57261122,1,0,0.0,312.75,112.0
1966,78.66,47.22302746,75.56619206,1,0,0.0,312.75,112.0
1967,78.7,47.21526675,75.55977609,1,0,0.0,312.75,112.0
1968,78.74,47.20764796,75.55319824,1,0,0.0,312.75,112.0
1969,78.78,47.20049992,75.54656004,1,0,0.0,312.75,112.0
1970,78.82,47.19130182,75.54004217,1,0,0.0,312.75,112.0
1971,78.86,47.17680703,75.5338342,1,0,0.0,312.75,112.0
1972,78.9,47.16165557,75.52769756,1,0,0.0,312.75,112.0
1973,78.94,47.14675627,75.52160395,1,0,0.0,312.75,112.0
1974,78.98,47.13161128,75.51532931,1,0,0.0,312.75,112.0
1975,79.02,47.11574943,75.50882825,1,0,0.0,312.75,112.0
1976,79.06,47.09932358,75.50244398,1,0,0.0,312.75,112.0
1977,79.1,47.08202242,75.49598616,1,0,0.0,312.75,112.0
1978,79.14,47.06461266,75.48974296,1,0,0.0,312.75,112.0
1979,79.18,47.04826464,75.48353944,1,0,0.0,312.75,112.0
1980,79.22,47.03332216,75.47722473,1,0,0.0,312.75,112.0
1981,79.26,47.02015468,75.47079654,1,0,0.0,312.75,112.0
1982,79.3,47.00853604,75.46445809,1,0,0.0,312.75,112.0
1983,79.34,46.99896074,75.45823772,1,0,0.0,312.75,112.0
1984,79.38,46.99094402,75.45205553,1,0,0.0,312.75,112.0
1985,79.42,46.98271838,75.44583566,1,0,0.0,312.75,112.0
1986,79.46,46.97408325,75.43946877,1,0,0.0,312.75,112.0
1987,79.5,46.96538619,75.43299907,1,0,0.0,312.75,112.0
1988,79.54,46.95743415,75.42659437,1,0,0.0,312.75,112.0
1989,79.58,46.94976877,75.42026389,1,0,0.0,312.75,112.0
1990,79.62,46.94185874,75.41383524,1,0,0.0,312.75,112.0
1991,79.66,46.93585809,75.40739304,1,0,0.0,312.75,112.0
1992,79.7,46.93131738,75.4010556,1,0,0.0,312.75,112.0
1993,79.74,46.92664604,75.39461739,1,0,0.0,312.75,112.0
1994,79.78,46.92148393,75.38820086,1,0,0.0,312.75,112.0
1995,79.82,46.91597047,75.3816992,1,0,0.0,312.75,112.0
1996,79.86,46.91043557,75.37496678,1,0,0.0,312.75,112.0
1997,79.9,46.90634561,75.36809859,1,0,0.0,312.75,112.0
1998,79.94,46.90192387,75.36119752,1,0,0.0,312.75,112.0
1999,79.98,46.89678976,75.35419293,1,0,0.0,312.75,112.0
2000,80.02,46.89062862,75.34720825,1,0,0.0,312.75,112.0
2001,80.06,46.88406285,75.34018747,1,0,0.0,312.75,112.0
2002,80.1,46.87749738,75.33307759,1,0,0.0,312.75,112.0
2003,80.14,46.87071564,75.3259038,1,0,0.0,312.75,112.0
2004,80.18,46.86466645,75.31866624,1,0,0.0,312.75,112.0
2005,80.22,46.85956815,75.31139424,1,0,0.0,312.75,112.0
2006,80.26,46.85443428,75.30441932,1,0,0.0,312.75,112.0
2007,80.3,46.84846831,75.29753179,1,0,0.0,312.75,112.0
2008,80.34,46.84175149,75.29077067,1,0,0.0,312.75,112.0
2009,80.38,46.83785095,75.28435427,1,0,0.0,312.75,112.0
2010,80.42,46.83713201,75.27829965,1,0,0.0,312.75,112.0
2011,80.46,46.83619987,75.27224674,1,0,0.0,312.75,112.0
2012,80.5,46.83415389,75.26623954,1,0,0.0,312.75,112.0
2013,80.54,46.83057442,75.26036032,1,0,0.0,312.75,112.0
2014,80.58,46.82604418,75.25445477,1,0,0.0,312.75,112.0
2015,80.62,46.82172792,75.24846509,1,0,0.0,312.75,112.0
2016,80.66,46.81733814,75.24253602,1,0,0.0,312.75,112.0
2017,80.7,46.81365968,75.23671074,1,0,0.0,312.75,112.0
2018,80.74,46.81058326,75.23104269,1,0,0.0,312.75,112.0
2019,80.78,46.8077042,75.22527419,1,0,0.0,312.75,112.0
2020,80.82,46.80492594,75.21949608,1,0,0.0,312.75,112.0
2021,80.86,46.80231916,75.21349657,1,0,0.0,312.75,112.0
2022,80.9,46.79913516,75.20751592,1,0,0.0,312.75,112.0
2023,80.94,46.79342346,75.20154107,1,0,0.0,312.75,112.0
2024,80.98,46.7873783,75.19544393,1,0,0.0,312.75,112.0
2025,81.02,46.78110744,75.18931124,1,0,0.0,312.75,112.0
2026,81.06,46.7747637,75.18315262,1,0,0.0,312.75,112.0
2027,81.1,46.76812242,75.17685059,1,0,0.0,312.75,112.0
2028,81.14,46.76006327,75.17036439,1,0,0.0,312.75,112.0
2029,81.18,46.75020306,75.16382714,1,0,0.0,312.75,112.0
2030,81.22,46.73817225,75.15701337,1,0,0.0,312.75,112.0
2031,81.26,46.72556779,75.14992176,1,0,0.0,312.75,112.0
2032,81.3,46.71354422,75.14291887,1,0,0.0,312.75,112.0
2033,81.34,46.70180178,75.135878,1,0,0.0,312.75,112.0
2034,81.38,46.69020755,75.12873853,1,0,0.0,312.75,112.0
2035,81.42,46.67906883,75.1215436,1,0,0.0,312.75,112.0
2036,81.46,46.66899832,75.11449433,1,0,0.0,312.75,112.0
2037,81.5,46.65964898,75.10750328,1,0,0.0,312.75,112.0
2038,81.54,46.65043169,75.10045087,1,0,0.0,312.75,112.0
2039,81.58,46.6420235,75.09338944,1,0,0.0,312.75,112.0
2040,81.62,46.63459543,75.0863482,1,0,0.0,312.75,112.0
2041,81.66,46.62712348,75.07949877,1,0,0.0,312.75,112.0
2042,81.7,46.61896851,75.07273061,1,0,0.0,312.75,112.0
2043,81.74,46.60976967,75.06593946,1,0,0.0,312.75,112.0
2044,81.78,46.59791437,75.05892619,1,0,0.0,312.75,112.0
2045,81.82,46.58400018,75.05184158,1,0,0.0,312.75,112.0
2046,81.86,46.56949799,75.04476316,1,0,0.0,312.75,112.0
2047,81.9,46.55529954,75.03785064,1,0,0.0,312.75,112.0
2048,81.94,46.5450049,75.03109955,1,0,0.0,312.75,112.0
2049,81.98,46.53954935,75.02436157,1,0,0.0,312.75,112.0
2050,82.02,46.53356774,75.01774379,1,0,0.0,312.75,112.0
2051,82.06,46.52637066,75.01107254,1,0,0.0,312.75,112.0
2052,82.1,46.51841315,75.00444238,1,0,0.0,312.75,112.0
2053,82.14,46.50653332,74.99764247,1,0,0.0,312.75,112.0
2054,82.18,46.49543381,74.99095726,1,0,0.0,312.75,112.0
2055,82.22,46.48397937,74.98431141,1,0,0.0,312.75,112.0
2056,82.26,46.47320723,74.97756926,1,0,0.0,312.75,112.0
2057,82.3,46.46306935,74.97059003,1,0,0.0,312.75,112.0
2058,82.34,46.45323065,74.96354537,1,0,0.0,312.75,112.0
2059,82.38,46.44289752,74.95667182,1,0,0.0,312.75,112.0
2060,82.42,46.43193222,74.94998436,1,0,0.0,312.75,112.0
2061,82.46,46.42037483,74.94336022,1,0,0.0,312.75,112.0
2062,82.5,46.40814087,74.93671786,1,0,0.0,312.75,112.0
2063,82.54,46.39477221,74.93000637,1,0,0.0,312.75,112.0
2064,82.58,46.37944163,74.92323603,1,0,0.0,312.75,112.0
2065,82.62,46.36580619,74.91666684,1,0,0.0,312.75,112.0
2066,82.66,46.35210205,74.91002134,1,0,0.0,312.75,112.0
2067,82.7,46.33792137,74.90354146,1,0,0.0,312.75,112.0
2068,82.74,46.32392217,74.89704181,1,0,0.0,312.75,112.0
2069,82.78,46.313578,74.8902899,1,0,0.0,312.75,112.0
2070,82.82,46.30965199,74.88356338,1,0,0.0,312.75,112.0
2071,82.86,46.31498184,74.87717466,1,0,0.0,312.75,112.0
2072,82.9,46.32044067,74.87074342,1,0,0.0,312.75,112.0
2073,82.94,46.32502838,74.86417063,1,0,0.0,312.75,112.0
2074,82.98,46.3300944,74.8575845,1,0,0.0,312.75,112.0
2075,83.02,46.33436355,74.85099805,1,0,0.0,312.75,112.0
2076,83.06,46.33665287,74.84440147,1,0,0.0,312.75,112.0
2077,83.1,46.33644222,74.83777039,1,0,0.0,312.75,112.0
2078,83.14,46.33330064,74.83098008,1,0,0.0,312.75,112.0
2079,83.18,46.32712103,74.82419677,1,0,0.0,312.75,112.0
2080,83.22,46.31811347,74.81726602,1,0,0.0,312.75,112.0
2081,83.26,46.30694895,74.81026425,1,0,0.0,312.75,112.0
2082,83.3,46.29358806,74.80323217,1,0,0.0,312.75,112.0
2083,83.34,46.2788859,74.79626215,1,0,0.0,312.75,112.0
2084,83.38,46.26270821,74.7894,1,0,0.0,312.75,112.0
2085,83.42,46.2444952,74.78275522,1,0,0.0,312.75,112.0
2086,83.46,46.22438126,74.77625916,1,0,0.0,312.75,112.0
2087,83.5,46.20358584,74.76969192,1,0,0.0,312.75,112.0
2088,83.54,46.18273493,74.763252,1,0,0.0,312.75,112.0
2089,83.58,46.16537588,74.75681809,1,0,0.0,312.75,112.0
2090,83.62,46.15744065,74.75043438,1,0,0.0,312.75,112.0
2091,83.66,46.15538481,74.74441376,1,0,0.0,312.75,112.0
2092,83.7,46.15452704,74.7385115,1,0,0.0,312.75,112.0
2093,83.74,46.15464349,74.73278512,1,0,0.0,312.75,112.0
2094,83.78,46.15503039,74.72704379,1,0,0.0,312.75,112.0
2095,83.82,46.15503849,74.72119484,1,0,0.0,312.75,112.0
2096,83.86,46.15405544,74.7152879,1,0,0.0,312.75,112.0
2097,83.9,46.15325454,74.70927872,1,0,0.0,312.75,112.0
2098,83.94,46.15187007,74.7032709,1,0,0.0,312.75,112.0
2099,83.98,46.14987971,74.69732312,1,0,0.0,312.75,112.0
2100,84.02,46.14849095,74.69144217,1,0,0.0,312.75,112.0
2101,84.06,46.14838013,74.68555298,1,0,0.0,312.75,112.0
2102,84.1,46.14877019,74.67998743,1,0,0.0,312.75,112.0
2103,84.14,46.14786932,74.67446805,1,0,0.0,312.75,112.0
2104,84.18,46.14579132,74.6688646,1,0,0.0,312.75,112.0
2105,84.22,46.1436798,74.66317207,1,0,0.0,312.75,112.0
2106,84.26,46.14134999,74.65734504,1,0,0.0,312.75,112.0
2107,84.3,46.13868874,74.65141386,1,0,0.0,312.75,112.0
2108,84.34,46.13542581,74.64550334,1,0,0.0,312.75,112.0
2109,84.38,46.13320846,74.63958955,1,0,0.0,312.75,112.0
2110,84.42,46.13271576,74.63365686,1,0,0.0,312.75,112.0
2111,84.46,46.13225615,74.62759328,1,0,0.0,312.75,112.0
2112,84.5,46.13088839,74.62164489,1,0,0.0,312.75,112.0
2113,84.54,46.12786038,74.61581317,1,0,0.0,312.75,112.0
2114,84.58,46.12353439,74.60981205,1,0,0.0,312.75,112.0
2115,84.62,46.11754996,74.60379921,1,0,0.0,312.75,112.0
2116,84.66,46.11023459,74.59768321,1,0,0.0,312.75,112.0
2117,84.7,46.10197521,74.59150993,1,0,0.0,312.75,112.0
2118,84.74,46.09317879,74.58535172,1,0,0.0,312.75,112.0
2119,84.78,46.08350939,74.57923526,1,0,0.0,312.75,112.0
2120,84.82,46.07507835,74.573133,1,0,0.0,312.75,112.0
2121,84.86,46.06590178,74.56699865,1,0,0.0,312.75,112.0
2122,84.9,46.05511477,74.56074453,1,0,0.0,312.75,112.0
2123,84.94,46.04282549,74.55440888,1,0,0.0,312.75,112.0
2124,84.98,46.03133059,74.54813853,1,0,0.0,312.75,112.0
2125,85.02,46.02166763,74.54207231,1,0,0.0,312.75,112.0
2126,85.06,46.0129421,74.53594009,1,0,0.0,312.75,112.0
2127,85.1,46.0055369,74.52959912,1,0,0.0,312.75,112.0
2128,85.14,45.99914486,74.52314528,1,0,0.0,312.75,112.0
2129,85.18,45.99428801,74.51676641,1,0,0.0,312.75,112.0
2130,85.22,45.99103555,74.51038983,1,0,0.0,312.75,112.0
2131,85.26,45.98830652,74.50423819,1,0,0.0,312.75,112.0
2132,85.3,45.98596604,74.49840881,1,0,0.0,312.75,112.0
2133,85.34,45.98311543,74.49256078,1,0,0.0,312.75,112.0
2134,85.38,45.97968781,74.48666944,1,0,0.0,312.75,112.0
2135,85.42,45.97457318,74.48076017,1,0,0.0,312.75,112.0
2136,85.46,45.96735045,74.47497331,1,0,0.0,312.75,112.0
2137,85.5,45.957392,74.46938753,1,0,0.0,312.75,112.0
2138,85.54,45.94537969,74.46376659,1,0,0.0,312.75,112.0
2139,85.58,45.93238462,74.45817643,1,0,0.0,312.75,112.0
2140,85.62,45.91727043,74.45244087,1,0,0.0,312.75,112.0
2141,85.66,45.9013917,74.44677407,1,0,0.0,312.75,112.0
2142,85.7,45.8866934,74.44097624,1,0,0.0,312.75,112.0
2143,85.74,45.87458697,74.43515852,1,0,0.0,312.75,112.0
2144,85.78,45.8643135,74.42957878,1,0,0.0,312.75,112.0
2145,85.82,45.85735887,74.42406734,1,0,0.0,312.75,112.0
2146,85.86,45.8522492,74.41856079,1,0,0.0,312.75,112.0
2147,85.9,45.84708416,74.41283686,1,0,0.0,312.75,112.0
2148,85.94,45.84163327,74.40705522,1,0,0.0,312.75,112.0
2149,85.98,45.83518402,74.40107239,1,0,0.0,312.75,112.0
2150,86.02,45.8278679,74.39540915,1,0,0.0,312.75,112.0
2151,86.06,45.81940804,74.38974961,1,0,0.0,312.75,112.0
2152,86.1,45.81077661,74.38422448,1,0,0.0,312.75,112.0
2153,86.14,45.80175574,74.37880093,1,0,0.0,312.75,112.0
2154,86.18,45.79306075,74.37323268,1,0,0.0,312.75,112.0
2155,86.22,45.78528088,74.36770948,1,0,0.0,312.75,112.0
2156,86.26,45.77739484,74.36220127,1,0,0.0,312.75,112.0
2157,86.3,45.76997566,74.35664112,1,0,0.0,312.75,112.0
2158,86.34,45.76523262,74.35118676,1,0,0.0,312.75,112.0
2159,86.38,45.76043666,74.34586115,1,0,0.0,312.75,112.0
2160,86.42,45.75499974,74.34064733,1,0,0.0,312.75,112.0
2161,86.46,45.74898229,74.3354011,1,0,0.0,312.75,112.0
2162,86.5,45.74185221,74.33020685,1,0,0.0,312.75,112.0
2163,86.54,45.73371976,74.32482317,1,0,0.0,312.75,112.0
2164,86.58,45.72650915,74.31944333,1,0,0.0,312.75,112.0
2165,86.62,45.72123882,74.31422875,1,0,0.0,312.75,112.0
2166,86.66,45.71841332,74.30904112,1,0,0.0,312.75,112.0
2167,86.7,45.71765706,74.30354143,1,0,0.0,312.75,112.0
2168,86.74,45.71702157,74.29815297,1,0,0.0,312.75,112.0
2169,86.78,45.71614401,74.29291189,1,0,0.0,312.75,112.0
2170,86.82,45.7152406,74.28777772,1,0,0.0,312.75,112.0
2171,86.86,45.71333979,74.28265218,1,0,0.0,312.75,112.0
2172,86.9,45.71057194,74.27750236,1,0,0.0,312.75,112.0
2173,86.94,45.7064441,74.2723118,1,0,0.0,312.75,112.0
2174,86.98,45.70080844,74.26715646,1,0,0.0,312.75,112.0
2175,87.02,45.69427789,74.26187881,1,0,0.0,312.75,112.0
2176,87.06,45.687959,74.25675977,1,0,0.0,312.75,112.0
2177,87.1,45.68318389,74.25183557,1,0,0.0,312.75,112.0
2178,87.14,45.67917781,74.24691087,1,0,0.0,312.75,112.0
2179,87.18,45.67565761,74.24220165,1,0,0.0,312.75,112.0
2180,87.22,45.67338601,74.23714454,1,0,0.0,312.75,112.0
2181,87.26,45.67107473,74.23237355,1,0,0.0,312.75,112.0
2182,87.3,45.66797616,74.22762442,1,0,0.0,312.75,112.0
2183,87.34,45.66176108,74.223004,1,0,0.0,312.75,112.0
2184,87.38,45.65238539,74.21843776,1,0,0.0,312.75,112.0
2185,87.42,45.64195145,74.21379021,1,0,0.0,312.75,112.0
2186,87.46,45.63082523,74.20907379,1,0,0.0,312.75,112.0
2187,87.5,45.61977686,74.20432988,1,0,0.0,312.75,112.0
2188,87.54,45.61019221,74.19950819,1,0,0.0,312.75,112.0
2189,87.58,45.60117072,74.19467984,1,0,0.0,312.75,112.0
2190,87.62,45.59244817,74.18996894,1,0,0.0,312.75,112.0
2191,87.66,45.58489459,74.18528,1,0,0.0,312.75,112.0
2192,87.7,45.5786293,74.18080076,1,0,0.0,312.75,112.0
2193,87.74,45.5731126,74.17637629,1,0,0.0,312.75,112.0
2194,87.78,45.56775843,74.17201587,1,0,0.0,312.75,112.0
2195,87.82,45.56159207,74.16765261,1,0,0.0,312.75,112.0
2196,87.86,45.55382823,74.16303287,1,0,0.0,312.75,112.0
2197,87.9,45.54471678,74.15822162,1,0,0.0,312.75,112.0
2198,87.94,45.53495412,74.15352791,1,0,0.0,312.75,112.0
2199,87.98,45.52478709,74.14876262,1,0,0.0,312.75,112.0
2200,88.02,45.51508521,74.1439207,1,0,0.0,312.75,112.0
2201,88.06,45.50543786,74.13907638,1,0,0.0,312.75,112.0
2202,88.1,45.49588225,74.13414377,1,0,0.0,312.75,112.0
2203,88.14,45.4865255,74.12892542,1,0,0.0,312.75,112.0
2204,88.18,45.47784829,74.12381093,1,0,0.0,312.75,112.0
2205,88.22,45.47048476,74.11887842,1,0,0.0,312.75,112.0
2206,88.26,45.46276627,74.11397119,1,0,0.0,312.75,112.0
2207,88.3,45.45797351,74.109126,1,0,0.0,312.75,112.0
2208,88.34,45.45405385,74.10437073,1,0,0.0,312.75,112.0
2209,88.38,45.45148762,74.10003216,1,0,0.0,312.75,112.0
2210,88.42,45.44934993,74.09587147,1,0,0.0,312.75,112.0
2211,88.46,45.44742354,74.09158704,1,0,0.0,312.75,112.0
2212,88.5,45.44587316,74.08714946,1,0,0.0,312.75,112.0
2213,88.54,45.44474371,74.08253506,1,0,0.0,312.75,112.0
2214,88.58,45.44474203,74.07778226,1,0,0.0,312.75,112.0
2215,88.62,45.44451974,74.0729609,1,0,0.0,312.75,112.0
2216,88.66,45.44054981,74.06839483,1,0,0.0,312.75,112.0
2217,88.7,45.43510711,74.06385033,1,0,0.0,312.75,112.0
2218,88.74,45.42933467,74.05926391,1,0,0.0,312.75,112.0
2219,88.78,45.42348148,74.05465476,1,0,0.0,312.75,112.0
2220,88.82,45.41821613,74.05012717,1,0,0.0,312.75,112.0
2221,88.86,45.41340001,74.04576943,1,0,0.0,312.75,112.0
2222,88.9,45.4090353,74.04167251,1,0,0.0,312.75,112.0
2223,88.94,45.4073736,74.03800986,1,0,0.0,312.75,112.0
2224,88.98,45.40901166,74.03435778,1,0,0.0,312.75,112.0
2225,89.02,45.41141647,74.03108025,1,0,0.0,312.75,112.0
2226,89.06,45.41118597,74.02814094,1,0,0.0,312.75,112.0
2227,89.1,45.41006254,74.0252213,1,0,0.0,312.75,112.0
2228,89.14,45.4081045,74.02203222,1,0,0.0,312.75,112.0
2229,89.18,45.40542056,74.01881561,1,0,0.0,312.75,112.0
2230,89.22,45.40216959,74.01559028,1,0,0.0,312.75,112.0
2231,89.26,45.39814346,74.01233916,1,0,0.0,312.75,112.0
2232,89.3,45.39210187,74.00899738,1,0,0.0,312.75,112.0
2233,89.34,45.38575583,74.00563317,1,0,0.0,312.75,112.0
2234,89.38,45.38095295,74.00218078,1,0,0.0,312.75,112.0
2235,89.42,45.37595151,73.9986972,1,0,0.0,312.75,112.0
2236,89.46,45.37050179,73.99519851,1,0,0.0,312.75,112.0
2237,89.5,45.36518155,73.99180305,1,0,0.0,312.75,112.0
2238,89.54,45.36022933,73.98839503,1,0,0.0,312.75,112.0
2239,89.58,45.35563038,73.98493442,1,0,0.0,312.75,112.0
2240,89.62,45.35097839,73.9816411,1,0,0.0,312.75,112.0
2241,89.66,45.34658484,73.97852987,1,0,0.0,312.75,112.0
2242,89.7,45.34231887,73.97552035,1,0,0.0,312.75,112.0
2243,89.74,45.33778188,73.9725464,1,0,0.0,312.75,112.0
2244,89.78,45.33383871,73.96974832,1,0,0.0,312.75,112.0
2245,89.82,45.3304577,73.96693411,1,0,0.0,312.75,112.0
2246,89.86,45.32740685,73.96403456,1,0,0.0,312.75,112.0
2247,89.9,45.32533523,73.96121168,1,0,0.0,312.75,112.0
2248,89.94,45.32420502,73.95831479,1,0,0.0,312.75,112.0
2249,89.98,45.32372032,73.95540353,1,0,0.0,312.75,112.0
2250,90.02,45.32388048,73.95236297,1,0,0.0,312.75,112.0
2251,90.06,45.32444174,73.94940002,1,0,0.0,312.75,112.0
2252,90.1,45.32449791,73.94623087,1,0,0.0,312.75,112.0
2253,90.14,45.32366132,73.9427155,1,0,0.0,312.75,112.0
2254,90.18,45.32130429,73.93928599,1,0,0.0,312.75,112.0
2255,90.22,45.3156864,73.93566755,1,0,0.0,312.75,112.0
2256,90.26,45.31050121,73.93217007,1,0,0.0,312.75,112.0
2257,90.3,45.30656445,73.92880309,1,0,0.0,312.75,112.0
2258,90.34,45.30377072,73.92536378,1,0,0.0,312.75,112.0
2259,90.38,45.29934116,73.92186229,1,0,0.0,312.75,112.0
2260,90.42,45.29439621,73.91853331,1,0,0.0,312.75,112.0
2261,90.46,45.28855368,73.91535709,1,0,0.0,312.75,112.0
2262,90.5,45.28348182,73.9126856,1,0,0.0,312.75,112.0
2263,90.54,45.28053173,73.91006519,1,0,0.0,312.75,112.0
2264,90.58,45.27833083,73.90774015,1,0,0.0,312.75,112.0
2265,90.62,45.27628878,73.90546939,1,0,0.0,312.75,112.0
2266,90.66,45.27488098,73.90294714,1,0,0.0,312.75,112.0
2267,90.7,45.27541758,73.90054307,1,0,0.0,312.75,112.0
2268,90.74,45.27717861,73.8984262,1,0,0.0,312.75,112.0
2269,90.78,45.2783069,73.89698963,1,0,0.0,312.75,112.0
2270,90.82,45.27935245,73.89564905,1,0,0.0,312.75,112.0
2271,90.86,45.28082273,73.89402384,1,0,0.0,312.75,112.0
2272,90.9,45.28194302,73.89232935,1,0,0.0,312.75,112.0
2273,90.94,45.28284391,73.89069243,1,0,0.0,312.75,112.0
2274,90.98,45.2834653,73.88894021,1,0,0.0,312.75,112.0
2275,91.02,45.28339797,73.88697863,1,0,0.0,312.75,112.0
2276,91.06,45.28278859,73.88472338,1,0,0.0,312.75,112.0
2277,91.1,45.28328993,73.88222203,1,0,0.0,312.75,112.0
2278,91.14,45.28434747,73.87974756,1,0,0.0,312.75,112.0
2279,91.18,45.28576306,73.87702489,1,0,0.0,312.75,112.0
2280,91.22,45.28660314,73.87426495,1,0,0.0,312.75,112.0
2281,91.26,45.28574059,73.87134531,1,0,0.0,312.75,112.0
2282,91.3,45.28340495,73.86874365,1,0,0.0,312.75,112.0
2283,91.34,45.27981875,73.86617522,1,0,0.0,312.75,112.0
2284,91.38,45.27471592,73.86368569,1,0,0.0,312.75,112.0
2285,91.42,45.26827156,73.86146901,1,0,0.0,312.75,112.0
2286,91.46,45.26131883,73.85968517,1,0,0.0,312.75,112.0
2287,91.5,45.25504774,73.85805923,1,0,0.0,312.75,112.0
2288,91.54,45.2495349,73.85654924,1,0,0.0,312.75,112.0
2289,91.58,45.24432883,73.85489231,1,0,0.0,312.75,112.0
2290,91.62,45.23824662,73.85321779,1,0,0.0,312.75,112.0
2291,91.66,45.23101743,73.85124942,1,0,0.0,312.75,112.0
2292,91.7,45.22359197,73.84925613,1,0,0.0,312.75,112.0
2293,91.74,45.21872283,73.84723296,1,0,0.0,312.75,112.0
2294,91.78,45.21355787,73.84539585,1,0,0.0,312.75,112.0
2295,91.82,45.2066538,73.84400059,1,0,0.0,312.75,112.0
2296,91.86,45.19999484,73.84283466,1,0,0.0,312.75,112.0
2297,91.9,45.19537582,73.84191119,1,0,0.0,312.75,112.0
2298,91.94,45.19238467,73.84095677,1,0,0.0,312.75,112.0
2299,91.98,45.18982615,73.84026773,1,0,0.0,312.75,112.0
2300,92.02,45.18918177,73.83886512,1,0,0.0,312.75,112.0
2301,92.06,45.19093032,73.83748543,1,0,0.0,312.75,112.0
2302,92.1,45.19279055,73.83637507,1,0,0.0,312.75,112.0
2303,92.14,45.19549051,73.83559681,1,0,0.0,312.75,112.0
2304,92.18,45.19892931,73.83496852,1,0,0.0,312.75,112.0
2305,92.22,45.20393149,73.83420897,1,0,0.0,312.75,112.0
2306,92.26,45.20834685,73.83333461,1,0,0.0,312.75,112.0
2307,92.3,45.20928754,73.83253827,1,0,0.0,312.75,112.0
2308,92.34,45.20886902,73.83259255,1,0,0.0,312.75,112.0
2309,92.38,45.20869484,73.83276047,1,0,0.0,312.75,112.0
2310,92.42,45.20875111,73.83286584,1,0,0.0,312.75,112.0
2311,92.46,45.20895691,73.83283375,1,0,0.0,312.75,112.0
2312,92.5,45.21012575,73.83263117,1,0,0.0,312.75,112.0
2313,92.54,45.21137164,73.83228783,1,0,0.0,312.75,112.0
2314,92.58,45.21249998,73.83194484,1,0,0.0,312.75,112.0
2315,92.62,45.21337369,73.83167541,1,0,0.0,312.75,112.0
2316,92.66,45.21443099,73.83139105,1,0,0.0,312.75,112.0
2317,92.7,45.21614781,73.83108043,1,0,0.0,312.75,112.0
2318,92.74,45.21882026,73.83062814,1,0,0.0,312.75,112.0
2319,92.78,45.22313909,73.83007646,1,0,0.0,312.75,112.0
2320,92.82,45.22922689,73.82956029,1,0,0.0,312.75,112.0
2321,92.86,45.23689349,73.82906471,1,0,0.0,312.75,112.0
2322,92.9,45.24629003,73.82852887,1,0,0.0,312.75,112.0
2323,92.94,45.2558629,73.8279648,1,0,0.0,312.75,112.0
2324,92.98,45.26455671,73.82743809,1,0,0.0,312.75,112.0
2325,93.02,45.26820495,73.82712163,1,0,0.0,312.75,112.0
2326,93.06,45.26686139,73.82693739,1,0,0.0,312.75,112.0
2327,93.1,45.25998308,73.82699058,1,0,0.0,312.75,112.0
2328,93.14,45.24970283,73.82748317,1,0,0.0,312.75,112.0
2329,93.18,45.23853471,73.82812444,1,0,0.0,312.75,112.0
2330,93.22,45.22600537,73.82843713,1,0,0.0,312.75,112.0
2331,93.26,45.21365204,73.82852446,1,0,0.0,312.75,112.0
2332,93.3,45.2027046,73.82894434,1,0,0.0,312.75,112.0
2333,93.34,45.19391831,73.82946044,1,0,0.0,312.75,112.0
2334,93.38,45.18715714,73.82996512,1,0,0.0,312.75,112.0
2335,93.42,45.18380713,73.8304151,1,0,0.0,312.75,112.0
2336,93.46,45.18389294,73.83109798,1,0,0.0,312.75,112.0
2337,93.5,45.18484594,73.83182479,1,0,0.0,312.75,112.0
2338,93.54,45.18665325,73.83255117,1,0,0.0,312.75,112.0
2339,93.58,45.1898337,73.83329395,1,0,0.0,312.75,112.0
2340,93.62,45.19339,73.83375403,1,0,0.0,312.75,112.0
2341,93.66,45.19787905,73.83448998,1,0,0.0,312.75,112.0
2342,93.7,45.20255553,73.83518226,1,0,0.0,312.75,112.0
2343,93.74,45.20744793,73.8358527,1,0,0.0,312.75,112.0
2344,93.78,45.20933281,73.83670199,1,0,0.0,312.75,112.0
2345,93.82,45.20910427,73.83733358,1,0,0.0,312.75,112.0
2346,93.86,45.20847419,73.83791446,1,0,0.0,312.75,112.0
2347,93.9,45.2074785,73.83859263,1,0,0.0,312.75,112.0
2348,93.94,45.20572075,73.83954145,1,0,0.0,312.75,112.0
2349,93.98,45.2029697,73.84040334,1,0,0.0,312.75,112.0
2350,94.02,45.19949451,73.84114608,1,0,0.0,312.75,112.0
2351,94.06,45.19756403,73.84203573,1,0,0.0,312.75,112.0
2352,94.1,45.19781432,73.84302466,1,0,0.0,312.75,112.0
2353,94.14,45.19868432,73.84392817,1,0,0.0,312.75,112.0
2354,94.18,45.19992564,73.84477857,1,0,0.0,312.75,112.0
2355,94.22,45.20136743,73.84580046,1,0,0.0,312.75,112.0
2356,94.26,45.2027239,73.84688668,1,0,0.0,312.75,112.0
2357,94.3,45.20428815,73.84802533,1,0,0.0,312.75,112.0
2358,94.34,45.20591195,73.84915947,1,0,0.0,312.75,112.0
2359,94.38,45.20796567,73.85039641,1,0,0.0,312.75,112.0
2360,94.42,45.21056212,73.85166725,1,0,0.0,312.75,112.0
2361,94.46,45.21358252,73.8529599,1,0,0.0,312.75,112.0
2362,94.5,45.21625051,73.85435837,1,0,0.0,312.75,112.0
2363,94.54,45.21810684,73.85574631,1,0,0.0,312.75,112.0
2364,94.58,45.21952194,73.85722555,1,0,0.0,312.75,112.0
2365,94.62,45.21872228,73.85881957,1,0,0.0,312.75,112.0
2366,94.66,45.21819373,73.86055318,1,0,0.0,312.75,112.0
2367,94.7,45.2181207,73.86243463,1,0,0.0,312.75,112.0
2368,94.74,45.21718409,73.86434219,1,0,0.0,312.75,112.0
2369,94.78,45.21598293,73.86612523,1,0,0.0,312.75,112.0
2370,94.82,45.21449723,73.86770053,1,0,0.0,312.75,112.0
2371,94.86,45.21244327,73.869028,1,0,0.0,312.75,112.0
2372,94.9,45.20940178,73.87038438,1,0,0.0,312.75,112.0
2373,94.94,45.20512628,73.87188749,1,0,0.0,312.75,112.0
2374,94.98,45.19967592,73.8736259,1,0,0.0,312.75,112.0
2375,95.02,45.19288441,73.8754914,1,0,0.0,312.75,112.0
2376,95.06,45.18634157,73.87734113,1,0,0.0,312.75,112.0
2377,95.1,45.18433343,73.87952892,1,0,0.0,312.75,112.0
2378,95.14,45.18538137,73.88174521,1,0,0.0,312.75,112.0
2379,95.18,45.18727837,73.8838719,1,0,0.0,312.75,112.0
2380,95.22,45.19028331,73.88587723,1,0,0.0,312.75,112.0
2381,95.26,45.19520562,73.88796707,1,0,0.0,312.75,112.0
2382,95.3,45.20166057,73.89029282,1,0,0.0,312.75,112.0
2383,95.34,45.20889284,73.89247396,1,0,0.0,312.75,112.0
2384,95.38,45.21640644,73.894611,1,0,0.0,312.75,112.0
2385,95.42,45.22407151,73.89693367,1,0,0.0,312.75,112.0
2386,95.46,45.2296302,73.89929054,1,0,0.0,312.75,112.0
2387,95.5,45.23197473,73.9019787,1,0,0.0,312.75,112.0
2388,95.54,45.23279879,73.90479308,1,0,0.0,312.75,112.0
2389,95.58,45.23196452,73.90782509,1,0,0.0,312.75,112.0
2390,95.62,45.22936103,73.91090735,1,0,0.0,312.75,112.0
2391,95.66,45.22658127,73.91386244,1,0,0.0,312.75,112.0
2392,95.7,45.22484745,73.91677732,1,0,0.0,312.75,112.0
2393,95.74,45.22438457,73.91967567,1,0,0.0,312.75,112.0
2394,95.78,45.22504109,73.92244434,1,0,0.0,312.75,112.0
2395,95.82,45.23024718,73.92538373,1,0,0.0,312.75,112.0
2396,95.86,45.23813263,73.9283093,1,0,0.0,312.75,112.0
2397,95.9,45.24743474,73.93130023,1,0,0.0,312.75,112.0
2398,95.94,45.25770463,73.93439267,1,0,0.0,312.75,112.0
2399,95.98,45.26865597,73.93755881,1,0,0.0,312.75,112.0
2400,96.02,45.27987435,73.94074545,1,0,0.0,312.75,112.0
2401,96.06,45.29096649,73.94408906,1,0,0.0,312.75,112.0
2402,96.1,45.30136116,73.94740303,1,0,0.0,312.75,112.0
2403,96.14,45.31139168,73.95075662,1,0,0.0,312.75,112.0
2404,96.18,45.31967172,73.95448599,1,0,0.0,312.75,112.0
2405,96.22,45.32539295,73.95835842,1,0,0.0,312.75,112.0
2406,96.26,45.32937083,73.96225179,1,0,0.0,312.75,112.0
2407,96.3,45.3320761,73.96611835,1,0,0.0,312.75,112.0
2408,96.34,45.33424405,73.97015974,1,0,0.0,312.75,112.0
2409,96.38,45.33600704,73.97410487,1,0,0.0,312.75,112.0
2410,96.42,45.33750947,73.97795609,1,0,0.0,312.75,112.0
2411,96.46,45.33875939,73.98188767,1,0,0.0,312.75,112.0
2412,96.5,45.3406019,73.98590102,1,0,0.0,312.75,112.0
2413,96.54,45.34687858,73.98989758,1,0,0.0,312.75,112.0
2414,96.58,45.35613427,73.99404444,1,0,0.0,312.75,112.0
2415,96.62,45.36720393,73.99850028,1,0,0.0,312.75,112.0
2416,96.66,45.37847865,74.00301766,1,0,0.0,312.75,112.0
2417,96.7,45.38989497,74.00757548,1,0,0.0,312.75,112.0
2418,96.74,45.40163998,74.01208795,1,0,0.0,312.75,112.0
2419,96.78,45.41422643,74.0163544,1,0,0.0,312.75,112.0
2420,96.82,45.42617811,74.02035462,1,0,0.0,312.75,112.0
2421,96.86,45.43766075,74.02410883,1,0,0.0,312.75,112.0
2422,96.9,45.4470474,74.02806443,1,0,0.0,312.75,112.0
2423,96.94,45.45399782,74.0321638,1,0,0.0,312.75,112.0
2424,96.98,45.45981558,74.03638047,1,0,0.0,312.75,112.0
2425,97.02,45.46522007,74.04070206,1,0,0.0,312.75,112.0
2426,97.06,45.47013374,74.04521925,1,0,0.0,312.75,112.0
2427,97.1,45.47409333,74.04990112,1,0,0.0,312.75,112.0
2428,97.14,45.47693685,74.05432502,1,0,0.0,312.75,112.0
2429,97.18,45.47896271,74.05884748,1,0,0.0,312.75,112.0
2430,97.22,45.480425,74.06364768,1,0,0.0,312.75,112.0
2431,97.26,45.48196864,74.06828591,1,0,0.0,312.75,112.0
2432,97.3,45.48370985,74.0728634,1,0,0.0,312.75,112.0
2433,97.34,45.48620649,74.0776485,1,0,0.0,312.75,112.0
2434,97.38,45.48980261,74.08238112,1,0,0.0,312.75,112.0
2435,97.42,45.49383232,74.08711995,1,0,0.0,312.75,112.0
2436,97.46,45.49823074,74.09195302,1,0,0.0,312.75,112.0
2437,97.5,45.50330304,74.09683604,1,0,0.0,312.75,112.0
2438,97.54,45.50930803,74.10189287,1,0,0.0,312.75,112.0
2439,97.58,45.51597592,74.10692667,1,0,0.0,312.75,112.0
2440,97.62,45.52262232,74.11190702,1,0,0.0,312.75,112.0
2441,97.66,45.52871701,74.116805,1,0,0.0,312.75,112.0
2442,97.7,45.53434733,74.12170274,1,0,0.0,312.75,112.0
2443,97.74,45.54016128,74.1268789,1,0,0.0,312.75,112.0
2444,97.78,45.54484093,74.13221605,1,0,0.0,312.75,112.0
2445,97.82,45.54832101,74.13762303,1,0,0.0,312.75,112.0
2446,97.86,45.55130858,74.14312328,1,0,0.0,312.75,112.0
2447,97.9,45.55355709,74.14856774,1,0,0.0,312.75,112.0
2448,97.94,45.55544317,74.15391164,1,0,0.0,312.75,112.0
2449,97.98,45.55735051,74.15927387,1,0,0.0,312.75,112.0
2450,98.02,45.55887292,74.16472673,1,0,0.0,312.75,112.0
2451,98.06,45.55987599,74.1698457,1,0,0.0,312.75,112.0
2452,98.1,45.56062655,74.17482676,1,0,0.0,312.75,112.0
2453,98.14,45.56331178,74.18002092,1,0,0.0,312.75,112.0
2454,98.18,45.5678101,74.18531533,1,0,0.0,312.75,112.0
2455,98.22,45.5726054,74.19076269,1,0,0.0,312.75,112.0
2456,98.26,45.57765124,74.19625298,1,0,0.0,312.75,112.0
2457,98.3,45.58357539,74.20174149,1,0,0.0,312.75,112.0
2458,98.34,45.59127252,74.20729404,1,0,0.0,312.75,112.0
2459,98.38,45.60064605,74.21279533,1,0,0.0,312.75,112.0
2460,98.42,45.61065167,74.2183785,1,0,0.0,312.75,112.0
2461,98.46,45.62083468,74.22413999,1,0,0.0,312.75,112.0
2462,98.5,45.63134925,74.23004506,1,0,0.0,312.75,112.0
2463,98.54,45.64151127,74.2360654,1,0,0.0,312.75,112.0
2464,98.58,45.65119651,74.24216497,1,0,0.0,312.75,112.0
2465,98.62,45.66030419,74.24828144,1,0,0.0,312.75,112.0
2466,98.66,45.66756692,74.25469757,1,0,0.0,312.75,112.0
2467,98.7,45.67270222,74.26143226,1,0,0.0,312.75,112.0
2468,98.74,45.67713679,74.26821561,1,0,0.0,312.75,112.0
2469,98.78,45.68175036,74.27513673,1,0,0.0,312.75,112.0
2470,98.82,45.68704358,74.28219328,1,0,0.0,312.75,112.0
2471,98.86,45.69262996,74.28912514,1,0,0.0,312.75,112.0
2472,98.9,45.69860823,74.29599761,1,0,0.0,312.75,112.0
2473,98.94,45.70494931,74.30301284,1,0,0.0,312.75,112.0
2474,98.98,45.71242232,74.31006354,1,0,0.0,312.75,112.0
2475,99.02,45.72133511,74.31721003,1,0,0.0,312.75,112.0
2476,99.06,45.73102743,74.32425658,1,0,0.0,312.75,112.0
2477,99.1,45.74181231,74.33123348,1,0,0.0,312.75,112.0
2478,99.14,45.75345107,74.33825362,1,0,0.0,312.75,112.0
2479,99.18,45.76639149,74.34535825,1,0,0.0,312.75,112.0
2480,99.22,45.78082672,74.35273734,1,0,0.0,312.75,112.0
2481,99.26,45.79519359,74.36012853,1,0,0.0,312.75,112.0
2482,99.3,45.80863469,74.36747965,1,0,0.0,312.75,112.0
2483,99.34,45.82013984,74.37469108,1,0,0.0,312.75,112.0
2484,99.38,45.82938311,74.38184907,1,0,0.0,312.75,112.0
2485,99.42,45.83855971,74.38888486,1,0,0.0,312.75,112.0
2486,99.46,45.8485859,74.39600901,1,0,0.0,312.75,112.0
2487,99.5,45.85851321,74.40335675,1,0,0.0,312.75,112.0
2488,99.54,45.86765327,74.41074649,1,0,0.0,312.75,112.0
2489,99.58,45.87567125,74.41776678,1,0,0.0,312.75,112.0
2490,99.62,45.8824913,74.42449933,1,0,0.0,312.75,112.0
2491,99.66,45.8879584,74.43131539,1,0,0.0,312.75,112.0
2492,99.7,45.89174907,74.43819049,1,0,0.0,312.75,112.0
2493,99.74,45.89877834,74.4451967,1,0,0.0,312.75,112.0
2494,99.78,45.90773813,74.45223213,1,0,0.0,312.75,112.0
2495,99.82,45.91741422,74.45953487,1,0,0.0,312.75,112.0
2496,99.86,45.92901404,74.46702951,1,0,0.0,312.75,112.0
2497,99.9,45.94236463,74.47467532,1,0,0.0,312.75,112.0
2498,99.94,45.95597679,74.48264358,1,0,0.0,312.75,112.0
2499,99.98,45.96883189,74.49053067,1,0,0.0,312.75,112.0
2500,100.02,45.98074064,74.49826535,1,0,0.0,312.75,112.0
2501,100.06,45.99258658,74.50580459,1,0,0.0,312.75,112.0
2502,100.1,46.00504539,74.51340844,1,0,0.0,312.75,112.0
2503,100.14,46.0188595,74.52091156,1,0,0.0,312.75,112.0
2504,100.18,46.03048285,74.52895661,1,0,0.0,312.75,112.0
2505,100.22,46.04130848,74.53740588,1,0,0.0,312.75,112.0
2506,100.26,46.05194517,74.54598817,1,0,0.0,312.75,112.0
2507,100.3,46.06210626,74.55478994,1,0,0.0,312.75,112.0
2508,100.34,46.07123896,74.56374653,1,0,0.0,312.75,112.0
2509,100.38,46.07956535,74.57241132,1,0,0.0,312.75,112.0
2510,100.42,46.08840911,74.58097019,1,0,0.0,312.75,112.0
2511,100.46,46.09795128,74.58953229,1,0,0.0,312.75,112.0
2512,100.5,46.10841531,74.59810024,1,0,0.0,312.75,112.0
2513,100.54,46.11909601,74.60666936,1,0,0.0,312.75,112.0
2514,100.58,46.12974702,74.61523165,1,0,0.0,312.75,112.0
2515,100.62,46.14124313,74.62376811,1,0,0.0,312.75,112.0
2516,100.66,46.15265256,74.63236975,1,0,0.0,312.75,112.0
2517,100.7,46.1643857,74.64075446,1,0,0.0,312.75,112.0
2518,100.74,46.17566808,74.64906763,1,0,0.0,312.75,112.0
2519,100.78,46.18632181,74.65749418,1,0,0.0,312.75,112.0
2520,100.82,46.19640601,74.66592732,1,0,0.0,312.75,112.0
2521,100.86,46.2060839,74.67460296,1,0,0.0,312.75,112.0
2522,100.9,46.21508287,74.68334537,1,0,0.0,312.75,112.0
2523,100.94,46.22294356,74.69207339,1,0,0.0,312.75,112.0
2524,100.98,46.22994442,74.70079165,1,0,0.0,312.75,112.0
2525,101.02,46.23722678,74.70952679,1,0,0.0,312.75,112.0
2526,101.06,46.24495067,74.7180741,1,0,0.0,312.75,112.0
2527,101.1,46.25283478,74.72684122,1,0,0.0,312.75,112.0
2528,101.14,46.26055012,74.73555409,1,0,0.0,312.75,112.0
2529,101.18,46.26735206,74.74423534,1,0,0.0,312.75,112.0
2530,101.22,46.27410252,74.75296463,1,0,0.0,312.75,112.0
2531,101.26,46.28175223,74.76165652,1,0,0.0,312.75,112.0
2532,101.3,46.29077035,74.77031805,1,0,0.0,312.75,112.0
2533,101.34,46.30462768,74.77922749,1,0,0.0,312.75,112.0
2534,101.38,46.32032661,74.78807395,1,0,0.0,312.75,112.0
2535,101.42,46.33610502,74.79716505,1,0,0.0,312.75,112.0
2536,101.46,46.35137982,74.80626289,1,0,0.0,312.75,112.0
2537,101.5,46.36544292,74.81542545,1,0,0.0,312.75,112.0
2538,101.54,46.37934849,74.82518116,1,0,0.0,312.75,112.0
2539,101.58,46.39397238,74.83485015,1,0,0.0,312.75,112.0
2540,101.62,46.40941278,74.84442651,1,0,0.0,312.75,112.0
2541,101.66,46.42571725,74.85403018,1,0,0.0,312.75,112.0
2542,101.7,46.44272969,74.86342526,1,0,0.0,312.75,112.0
2543,101.74,46.4602325,74.87291133,1,0,0.0,312.75,112.0
2544,101.78,46.47752086,74.88234464,1,0,0.0,312.75,112.0
2545,101.82,46.49200157,74.89175569,1,0,0.0,312.75,112.0
2546,101.86,46.50467174,74.90100914,1,0,0.0,312.75,112.0
2547,101.9,46.51631738,74.91031737,1,0,0.0,312.75,112.0
2548,101.94,46.52750654,74.91970672,1,0,0.0,312.75,112.0
2549,101.98,46.53850539,74.92916783,1,0,0.0,312.75,112.0
2550,102.02,46.54989369,74.93853385,1,0,0.0,312.75,112.0
2551,102.06,46.56096793,74.94808853,1,0,0.0,312.75,112.0
2552,102.1,46.57151576,74.95742546,1,0,0.0,312.75,112.0
2553,102.14,46.58283746,74.96655481,1,0,0.0,312.75,112.0
2554,102.18,46.59565374,74.97558552,1,0,0.0,312.75,112.0
2555,102.22,46.60966547,74.98460447,1,0,0.0,312.75,112.0
2556,102.26,46.62470165,74.9940118,1,0,0.0,312.75,112.0
2557,102.3,46.63982783,75.0037887,1,0,0.0,312.75,112.0
2558,102.34,46.65329887,75.01358549,1,0,0.0,312.75,112.0
2559,102.38,46.66828282,75.02351509,1,0,0.0,312.75,112.0
2560,102.42,46.68073294,75.03332897,1,0,0.0,312.75,112.0
2561,102.46,46.69103579,75.04299118,1,0,0.0,312.75,112.0
2562,102.5,46.69834743,75.05267872,1,0,0.0,312.75,112.0
2563,102.54,46.70352069,75.062804,1,0,0.0,312.75,112.0
2564,102.58,46.70867412,75.07286816,1,0,0.0,312.75,112.0
2565,102.62,46.71358069,75.08272039,1,0,0.0,312.75,112.0
2566,102.66,46.71788739,75.09250551,1,0,0.0,312.75,112.0
2567,102.7,46.72210043,75.10225644,1,0,0.0,312.75,112.0
2568,102.74,46.72605633,75.11197827,1,0,0.0,312.75,112.0
2569,102.78,46.72851568,75.12181273,1,0,0.0,312.75,112.0
2570,102.82,46.72969772,75.13187169,1,0,0.0,312.75,112.0
2571,102.86,46.72967718,75.14186575,1,0,0.0,312.75,112.0
2572,102.9,46.73320158,75.15214074,1,0,0.0,312.75,112.0
2573,102.94,46.74072507,75.16287892,1,0,0.0,312.75,112.0
2574,102.98,46.75087048,75.17368668,1,0,0.0,312.75,112.0
2575,103.02,46.76350027,75.18456563,1,0,0.0,312.75,112.0
2576,103.06,46.77821065,75.19545592,1,0,0.0,312.75,112.0
2577,103.1,46.79450985,75.20625026,1,0,0.0,312.75,112.0
2578,103.14,46.81179772,75.2171277,1,0,0.0,312.75,112.0
2579,103.18,46.82928406,75.22814598,1,0,0.0,312.75,112.0
2580,103.22,46.84703803,75.2391918,1,0,0.0,312.75,112.0
2581,103.26,46.86546464,75.25001039,1,0,0.0,312.75,112.0
2582,103.3,46.8840363,75.26089774,1,0,0.0,312.75,112.0
2583,103.34,46.90238575,75.27173021,1,0,0.0,312.75,112.0
2584,103.38,46.91963923,75.28278111,1,0,0.0,312.75,112.0
2585,103.42,46.93281601,75.29424091,1,0,0.0,312.75,112.0
2586,103.46,46.94428298,75.30568158,1,0,0.0,312.75,112.0
2587,103.5,46.95570958,75.31720487,1,0,0.0,312.75,112.0
2588,103.54,46.96827283,75.32847188,1,0,0.0,312.75,112.0
2589,103.58,46.98148694,75.33957538,1,0,0.0,312.75,112.0
2590,103.62,46.99576909,75.35077337,1,0,0.0,312.75,112.0
2591,103.66,47.01071184,75.36220011,1,0,0.0,312.75,112.0
2592,103.7,47.02771201,75.37363074,1,0,0.0,312.75,112.0
2593,103.74,47.04374552,75.38490343,1,0,0.0,312.75,112.0
2594,103.78,47.05774266,75.39614535,1,0,0.0,312.75,112.0
2595,103.82,47.07267527,75.40748467,1,0,0.0,312.75,112.0
2596,103.86,47.09093471,75.41885466,1,0,0.0,312.75,112.0
2597,103.9,47.11127034,75.43046008,1,0,0.0,312.75,112.0
2598,103.94,47.13206132,75.44193167,1,0,0.0,312.75,112.0
2599,103.98,47.1518769,75.45352302,1,0,0.0,312.75,112.0
2600,104.02,47.17071194,75.46527701,1,0,0.0,312.75,112.0
2601,104.06,47.18872994,75.47721752,1,0,0.0,312.75,112.0
2602,104.1,47.20611084,75.48919025,1,0,0.0,312.75,112.0
2603,104.14,47.22134828,75.50145691,1,0,0.0,312.75,112.0
2604,104.18,47.2325961,75.51374048,1,0,0.0,312.75,112.0
2605,104.22,47.24098805,75.5262503,1,0,0.0,312.75,112.0
2606,104.26,47.2503717,75.5395431,1,0,0.0,312.75,112.0
2607,104.3,47.26017158,75.55294387,1,0,0.0,312.75,112.0
2608,104.34,47.27013086,75.56636645,1,0,0.0,312.75,112.0
2609,104.38,47.28010454,75.57963407,1,0,0.0,312.75,112.0
2610,104.42,47.29036247,75.59283711,1,0,0.0,312.75,112.0
2611,104.46,47.30131848,75.60595483,1,0,0.0,312.75,112.0
2612,104.5,47.31342425,75.61890949,1,0,0.0,312.75,112.0
2613,104.54,47.32648499,75.63160673,1,0,0.0,312.75,112.0
2614,104.58,47.33922889,75.64409989,1,0,0.0,312.75,112.0
2615,104.62,47.3502931,75.65620686,1,0,0.0,312.75,112.0
2616,104.66,47.36145136,75.668158,1,0,0.0,312.75,112.0
2617,104.7,47.37313128,75.68016751,1,0,0.0,312.75,112.0
2618,104.74,47.38413937,75.692129,1,0,0.0,312.75,112.0
2619,104.78,47.39607078,75.70430142,1,0,0.0,312.75,112.0
2620,104.82,47.41025073,75.71659307,1,0,0.0,312.75,112.0
2621,104.86,47.42557493,75.72879398,1,0,0.0,312.75,112.0
2622,104.9,47.44184869,75.74124451,1,0,0.0,312.75,112.0
2623,104.94,47.4586377,75.75390009,1,0,0.0,312.75,112.0
2624,104.98,47.47586025,75.7665877,1,0,0.0,312.75,112.0
2625,105.02,47.49339067,75.77926091,1,0,0.0,312.75,112.0
2626,105.06,47.51154503,75.79188241,1,0,0.0,312.75,112.0
2627,105.1,47.53074858,75.80474676,1,0,0.0,312.75,112.0
2628,105.14,47.55070654,75.81794554,1,0,0.0,312.75,112.0
2629,105.18,47.57121777,75.83124577,1,0,0.0,312.75,112.0
2630,105.22,47.5922259,75.84444363,1,0,0.0,312.75,112.0
2631,105.26,47.61369082,75.85767439,1,0,0.0,312.75,112.0
2632,105.3,47.63496376,75.87107614,1,0,0.0,312.75,112.0
2633,105.34,47.65245978,75.88458169,1,0,0.0,312.75,112.0
2634,105.38,47.66752126,75.89820724,1,0,0.0,312.75,112.0
2635,105.42,47.68078289,75.91184307,1,0,0.0,312.75,112.0
2636,105.46,47.69341002,75.92548675,1,0,0.0,312.75,112.0
2637,105.5,47.70575215,75.9391623,1,0,0.0,312.75,112.0
2638,105.54,47.71831963,75.95273315,1,0,0.0,312.75,112.0
2639,105.58,47.73162133,75.96641878,1,0,0.0,312.75,112.0
2640,105.62,47.74573896,75.98012155,1,0,0.0,312.75,112.0
2641,105.66,47.7601494,75.99385812,1,0,0.0,312.75,112.0
2642,105.7,47.774985,76.00769408,1,0,0.0,312.75,112.0
2643,105.74,47.79037889,76.02149955,1,0,0.0,312.75,112.0
2644,105.78,47.80627833,76.03535751,1,0,0.0,312.75,112.0
2645,105.82,47.82275769,76.04914499,1,0,0.0,312.75,112.0
2646,105.86,47.83924004,76.06300799,1,0,0.0,312.75,112.0
2647,105.9,47.85598014,76.07694878,1,0,0.0,312.75,112.0
2648,105.94,47.87351886,76.09101182,1,0,0.0,312.75,112.0
2649,105.98,47.89170454,76.1052947,1,0,0.0,312.75,112.0
2650,106.02,47.91066443,76.11970551,1,0,0.0,312.75,112.0
2651,106.06,47.93032348,76.13408504,1,0,0.0,312.75,112.0
2652,106.1,47.95050877,76.14855324,1,0,0.0,312.75,112.0
2653,106.14,47.97153472,76.16290355,1,0,0.0,312.75,112.0
2654,106.18,47.99364159,76.17705538,1,0,0.0,312.75,112.0
2655,106.22,48.01604766,76.19126243,1,0,0.0,312.75,112.0
2656,106.26,48.03468178,76.20574801,1,0,0.0,312.75,112.0
2657,106.3,48.05220851,76.22014477,1,0,0.0,312.75,112.0
2658,106.34,48.06717758,76.23444239,1,0,0.0,312.75,112.0
2659,106.38,48.0859092,76.24894375,1,0,0.0,312.75,112.0
2660,106.42,48.10667606,76.26339763,1,0,0.0,312.75,112.0
2661,106.46,48.12668896,76.27766674,1,0,0.0,312.75,112.0
2662,106.5,48.14472873,76.29204717,1,0,0.0,312.75,112.0
2663,106.54,48.15974134,76.3063806,1,0,0.0,312.75,112.0
2664,106.58,48.1725919,76.32054429,1,0,0.0,312.75,112.0
2665,106.62,48.18957328,76.33519135,1,0,0.0,312.75,112.0
2666,106.66,48.20904688,76.35017268,1,0,0.0,312.75,112.0
2667,106.7,48.22984558,76.36552235,1,0,0.0,312.75,112.0
2668,106.74,48.25129542,76.38091592,1,0,0.0,312.75,112.0
2669,106.78,48.27379258,76.39630741,1,0,0.0,312.75,112.0
2670,106.82,48.29720423,76.41173801,1,0,0.0,312.75,112.0
2671,106.86,48.32104526,76.42736579,1,0,0.0,312.75,112.0
2672,106.9,48.33906167,76.44344319,1,0,0.0,312.75,112.0
2673,106.94,48.35361663,76.45970081,1,0,0.0,312.75,112.0
2674,106.98,48.36849055,76.47593047,1,0,0.0,312.75,112.0
2675,107.02,48.38367551,76.49217224,1,0,0.0,312.75,112.0
2676,107.06,48.3994072,76.50851713,1,0,0.0,312.75,112.0
2677,107.1,48.41613473,76.52489159,1,0,0.0,312.75,112.0
2678,107.14,48.43448111,76.54120195,1,0,0.0,312.75,112.0
2679,107.18,48.45442093,76.55753369,1,0,0.0,312.75,112.0
2680,107.22,48.47230089,76.57395036,1,0,0.0,312.75,112.0
2681,107.26,48.48949374,76.59054589,1,0,0.0,312.75,112.0
2682,107.3,48.51126742,76.60732141,1,0,0.0,312.75,112.0
2683,107.34,48.53250866,76.62413386,1,0,0.0,312.75,112.0
2684,107.38,48.55402432,76.64115578,1,0,0.0,312.75,112.0
2685,107.42,48.57590588,76.65823783,1,0,0.0,312.75,112.0
2686,107.46,48.59910545,76.67502079,1,0,0.0,312.75,112.0
2687,107.5,48.62194775,76.69169133,1,0,0.0,312.75,112.0
2688,107.54,48.64386461,76.70834985,1,0,0.0,312.75,112.0
2689,107.58,48.66578617,76.72507722,1,0,0.0,312.75,112.0
2690,107.62,48.68811589,76.74166979,1,0,0.0,312.75,112.0
2691,107.66,48.70991948,76.75830093,1,0,0.0,312.75,112.0
2692,107.7,48.73148509,76.77499449,1,0,0.0,312.75,112.0
2693,107.74,48.75323124,76.79175729,1,0,0.0,312.75,112.0
2694,107.78,48.77532038,76.80861125,1,0,0.0,312.75,112.0
2695,107.82,48.79744443,76.82583728,1,0,0.0,312.75,112.0
2696,107.86,48.81869157,76.84310834,1,0,0.0,312.75,112.0
2697,107.9,48.83907467,76.8603952,1,0,0.0,312.75,112.0
2698,107.94,48.85915767,76.87780374,1,0,0.0,312.75,112.0
2699,107.98,48.87888878,76.89526488,1,0,0.0,312.75,112.0
2700,108.02,48.89817092,76.91289156,1,0,0.0,312.75,112.0
2701,108.06,48.91725715,76.93093508,1,0,0.0,312.75,112.0
2702,108.1,48.93574795,76.94919326,1,0,0.0,312.75,112.0
2703,108.14,48.9540607,76.96762206,1,0,0.0,312.75,112.0
2704,108.18,48.97276951,76.986021,1,0,0.0,312.75,112.0
2705,108.22,48.99148951,77.00446407,1,0,0.0,312.75,112.0
2706,108.26,49.0105522,77.02300383,1,0,0.0,312.75,112.0
2707,108.3,49.03016799,77.04156146,1,0,0.0,312.75,112.0
2708,108.34,49.05076244,77.06003713,1,0,0.0,312.75,112.0
2709,108.38,49.07377682,77.07870602,1,0,0.0,312.75,112.0
2710,108.42,49.09994318,77.09736463,1,0,0.0,312.75,112.0
2711,108.46,49.12650491,77.11619491,1,0,0.0,312.75,112.0
2712,108.5,49.15260153,77.13514724,1,0,0.0,313.0,114.0
2713,108.54,49.17853852,77.15388801,1,0,0.0,313.25,115.0
2714,108.58,49.20333815,77.17247234,1,0,0.0,313.5,116.0
2715,108.62,49.22675482,77.19083275,1,0,0.0,313.75,117.0
2716,108.66,49.24914851,77.2090417,1,0,0.0,314.0,118.0
2717,108.7,49.26914256,77.22739825,1,0,0.0,314.0,118.0
2718,108.74,49.28900585,77.24597767,1,0,0.0,314.0,118.0
2719,108.78,49.30989115,77.26444611,1,0,0.0,314.0,118.0
2720,108.82,49.33115021,77.28287575,1,0,0.0,314.0,118.0
2721,108.86,49.35258944,77.30141873,1,0,0.0,314.0,118.0
2722,108.9,49.37540355,77.32012669,1,0,0.0,314.0,118.0
2723,108.94,49.39938353,77.33921381,1,0,0.0,314.25,119.0
2724,108.98,49.42301891,77.35843965,1,0,0.0,314.25,119.0
2725,109.02,49.44308278,77.37779746,1,0,0.0,314.25,119.0
2726,109.06,49.46208686,77.39740007,1,0,0.0,314.25,119.0
2727,109.1,49.48153181,77.41707026,1,0,0.0,314.25,119.0
2728,109.14,49.50136052,77.43694441,1,0,0.0,314.25,119.0
2729,109.18,49.52207835,77.45676331,1,0,0.0,314.25,119.0
2730,109.22,49.5444078,77.47658155,1,0,0.0,314.25,119.0
2731,109.26,49.56965447,77.49662534,1,0,0.0,314.25,119.0
2732,109.3,49.59516276,77.51672472,1,0,0.0,314.75,120.0
2733,109.34,49.62102108,77.53664183,1,0,0.0,314.75,120.0
2734,109.38,49.64707158,77.55657838,1,0,0.0,314.75,120.0
2735,109.42,49.67240375,77.57648871,1,0,0.0,315.0,120.0
2736,109.46,49.6973307,77.59666767,1,0,0.0,315.25,120.0
2737,109.5,49.72250902,77.61710427,1,0,0.0,315.5,120.0
2738,109.54,49.74740649,77.63765337,1,0,0.0,315.5,120.0
2739,109.58,49.77230827,77.65861365,1,0,0.0,315.5,120.0
2740,109.62,49.79545224,77.67958657,1,0,0.0,315.5,120.0
2741,109.66,49.8171416,77.70040929,1,0,0.0,315.75,121.0
2742,109.7,49.83795998,77.7212899,1,0,0.0,316.0,121.0
2743,109.74,49.85908558,77.74241191,1,0,0.0,316.0,121.0
2744,109.78,49.88063156,77.76353064,1,0,0.0,316.0,121.0
2745,109.82,49.90200923,77.78457269,1,0,0.0,316.0,121.0
2746,109.86,49.92343855,77.80559033,1,0,0.0,316.0,121.0
2747,109.9,49.94392662,77.82683782,1,0,0.0,316.0,121.0
2748,109.94,49.96400926,77.84827939,1,0,0.0,316.0,121.0
2749,109.98,49.98435592,77.86956707,1,0,0.0,316.0,121.0
2750,110.02,55.86531951,88.8214791,2,1,5.86131142,307.25,131.0
2751,110.06,60.56737237,91.18355023,2,0,4.36186157,303.0,132.0
2752,110.1,63.79623328,92.80877468,2,0,2.88815052,298.75,132.0
2753,110.14,66.2532006,94.04828415,2,0,2.11711569,294.5,132.0
2754,110.18,68.55491098,95.2115218,2,0,1.96423321,294.5,132.0
2755,110.22,70.46098854,96.17747523,2,0,1.5697442,290.25,132.0
2756,110.26,72.24709507,97.08307792,2,0,1.44906375,290.25,132.0
2757,110.3,73.99575432,97.97023563,2,0,1.41233455,290.5,132.0
2758,110.34,75.45066312,98.71093014,2,0,1.11966457,286.0,132.0
2759,110.38,76.90469886,99.45175174,2,0,1.11966457,286.0,132.0
2760,110.42,78.35806998,100.1927384,2,0,1.11966457,281.5,132.0
2761,110.46,79.60982012,100.833296,2,0,0.91872768,281.5,132.0
2762,110.5,80.83287144,101.45991261,2,0,0.89028366,281.5,132.0
2763,110.54,82.06038665,102.08666351,2,0,0.89028366,281.75,132.0
2764,110.58,83.2825016,102.70883845,2,0,0.87938867,277.25,132.0
2765,110.62,84.35277444,103.25206569,2,0,0.72091542,277.5,132.0
2766,110.66,85.42949479,103.79532434,2,0,0.72091542,277.5,132.0
2767,110.7,86.51223594,104.33889651,2,0,0.72091542,273.0,130.0
2768,110.74,87.59676589,104.88328878,2,0,0.72091542,273.25,130.0
2769,110.78,88.59146083,105.38326513,2,0,0.63180271,273.25,130.0
2770,110.82,89.54400942,105.86299055,2,0,0.59035717,273.75,131.0
2771,110.86,90.49403794,106.34289912,2,0,0.59035717,271.5,130.0
2772,110.9,91.44274512,106.82279084,2,0,0.59035717,269.75,129.0
2773,110.94,92.39022956,107.30270709,2,0,0.59035717,269.75,129.0
2774,110.98,93.26022808,107.74422431,2,0,0.51364879,270.0,129.0
2775,111.02,94.10342785,108.1724343,2,0,0.48635417,270.0,129.0
2776,111.06,94.94894211,108.60060426,2,0,0.48635417,265.5,127.0
2777,111.1,95.79506265,109.02890617,2,0,0.48635417,265.5,127.0
2778,111.14,96.64012003,109.45744675,2,0,0.48635417,265.5,127.0
2779,111.18,97.46245713,109.8758106,2,0,0.46618023,265.75,127.0
2780,111.22,98.21481946,110.26194248,2,0,0.40130204,265.75,127.0
2781,111.26,98.9637154,110.64844185,2,0,0.40130204,261.25,125.0
2782,111.3,99.71223851,111.03522031,2,0,0.40130204,261.5,125.0
2783,111.34,100.46075879,111.4218267,2,0,0.40130204,261.5,125.0
2784,111.38,101.20933921,111.80831215,2,0,0.40130204,261.75,126.0
2785,111.42,101.94627415,112.18868477,2,0,0.38779303,261.75,126.0
2786,111.46,102.63140672,112.54030636,2,0,0.33025319,261.75,126.0
2787,111.5,103.32314355,112.89191098,2,0,0.33025319,257.5,125.0
2788,111.54,104.01591167,113.24387109,2,0,0.33025319,257.75,125.0
2789,111.58,104.7046335,113.59587145,2,0,0.33025319,257.75,125.0
2790,111.62,105.39092061,113.94785933,2,0,0.33025319,257.75,125.0
2791,111.66,106.07408736,114.29997995,2,0,0.33025319,258.0,125.0
2792,111.7,106.71700325,114.63391751,2,0,0.29364129,258.0,125.0
2793,111.74,107.33685158,114.95589918,2,0,0.26983447,254.5,123.0
2794,111.78,107.96127058,115.27755185,2,0,0.26983447,254.5,123.0
2795,111.82,108.58573215,115.59919282,2,0,0.26983447,254.5,123.0
2796,111.86,109.20934811,115.92110299,2,0,0.26983447,254.5,123.0
2797,111.9,109.83310544,116.24317136,2,0,0.26983447,254.5,123.0
2798,111.94,110.45734743,116.56520026,2,0,0.26983447,254.5,123.0
2799,111.98,111.05720472,116.87436104,2,0,0.24400678,254.5,123.0
2800,112.02,111.62955035,117.17087136,2,0,0.21766907,250.5,121.0
2801,112.06,112.19868732,117.46761074,2,0,0.21766907,250.5,121.0
2802,112.1,112.76512366,117.76452707,2,0,0.21766907,250.5,121.0
2803,112.14,113.33403729,118.06198222,2,0,0.21766907,250.5,121.0
2804,112.18,113.90667911,118.35931544,2,0,0.21766907,250.75,122.0
2805,112.22,114.48105567,118.6570737,2,0,0.21766907,251.25,122.0
2806,112.26,115.05647654,118.95511729,2,0,0.21766907,251.5,122.0
2807,112.3,115.59431669,119.233627,2,0,0.17802907,251.5,122.0
2808,112.34,116.12917475,119.50930497,2,0,0.17204128,247.5,120.0
2809,112.38,116.66396539,119.78571039,2,0,0.17204128,247.5,120.0
2810,112.42,117.19783012,120.06200576,2,0,0.17204128,247.5,120.0
2811,112.46,117.72924256,120.33812495,2,0,0.17204128,247.5,120.0
2812,112.5,118.25499022,120.61391396,2,0,0.17204128,247.5,120.0
2813,112.54,118.77713378,120.8899783,2,0,0.17204128,247.5,120.0
2814,112.58,119.29829994,121.16615483,2,0,0.17204128,248.0,120.0
2815,112.62,119.78884983,121.42733655,2,0,0.14221255,248.0,120.0
2816,112.66,120.26797386,121.68332191,2,0,0.13167792,243.5,118.0
2817,112.7,120.75496586,121.94000057,2,0,0.13167792,243.5,118.0
2818,112.74,121.24725596,122.19693648,2,0,0.13167792,243.5,118.0
2819,112.78,121.74039668,122.45400855,2,0,0.13167792,243.5,118.0
2820,112.82,122.23483762,122.71128634,2,0,0.13167792,243.5,118.0
2821,112.86,122.7325265,122.96860272,2,0,0.13167792,243.75,119.0
2822,112.9,123.23115539,123.22585223,2,0,0.13167792,244.0,119.0
2823,112.94,123.7255175,123.48110847,2,0,0.12739532,244.25,119.0
2824,112.98,124.18897627,123.72050169,2,0,0.09560458,244.25,119.0
2825,113.02,121.90104234,130.58600704,3,0,0.09560458,239.75,117.0
2826,113.06,120.33545511,129.8144158,3,0,0.09560458,244.75,126.0
2827,113.1,119.44062531,129.37881065,3,0,0.09560458,245.5,126.0
2828,113.14,118.78977997,129.06663042,3,0,0.09560458,245.5,126.0
2829,113.18,118.29894632,128.83525143,3,0,0.09560458,250.0,126.0
2830,113.22,117.91936786,128.65999471,3,0,0.09560458,250.0,126.0
2831,113.26,117.62034606,128.5256598,3,0,0.09560458,250.0,126.0
2832,113.3,117.38180437,128.42267603,3,0,0.0949052,250.0,126.0
2833,113.34,117.15725293,128.3275094,3,0,0.06307647,250.0,126.0
2834,113.38,116.98864691,128.25973429,3,0,0.06307647,250.0,126.0
2835,113.42,116.856901,128.20877312,3,0,0.06307647,250.25,124.0
2836,113.46,116.75135333,128.16967726,3,0,0.06307647,250.5,125.0
2837,113.5,116.68814405,128.15056953,3,0,0.06307647,250.5,125.0
2838,113.54,116.64852213,128.14145584,3,0,0.06307647,250.5,125.0
2839,113.58,116.63083111,128.14262784,3,0,0.06307647,251.0,125.0
2840,113.62,116.64018121,128.15817754,3,0,0.06307647,251.0,125.0
2841,113.66,116.65813848,128.17797855,3,0,0.06307647,251.5,125.0
2842,113.7,116.68696778,128.20644946,3,0,0.04942355,251.75,126.0
2843,113.74,116.70222687,128.22887395,3,0,0.03350717,251.75,126.0
2844,113.78,116.74253153,128.26537692,3,0,0.03350717,256.5,127.0
2845,113.82,116.78361548,128.30333018,3,0,0.03350717,256.75,127.0
2846,113.86,116.84810986,128.35397895,3,0,0.03350717,252.25,107.0
2847,113.9,116.9154183,128.40614229,3,0,0.03350717,252.25,107.0
2848,113.94,117.00578369,128.46939266,3,0,0.03350717,252.75,107.0
2849,113.98,117.10207076,128.53351195,3,0,0.03350717,252.75,107.0
2850,114.02,117.21911913,128.60651599,3,0,0.03350717,252.75,107.0
2851,114.06,117.34680805,128.68335948,3,0,0.03350717,253.5,108.0
2852,114.1,117.47680418,128.75950709,3,0,0.02119742,253.5,108.0
2853,114.14,117.60355538,128.83370195,3,0,0.0,253.75,108.0
2854,114.18,117.73176536,128.90917701,3,0,0.0,254.0,108.0
2855,114.22,117.87438549,128.99365437,3,0,0.0,254.0,108.0
2856,114.26,118.01671691,129.07829086,3,0,0.0,254.25,108.0
2857,114.3,118.17152036,129.16983629,3,0,0.0,254.25,108.0
2858,114.34,118.3310255,129.26400339,3,0,0.0,254.25,108.0
2859,114.38,118.4954053,129.36040584,3,0,0.0,254.75,108.0
2860,114.42,118.6709275,129.46386745,3,0,0.0,255.0,108.0
2861,114.46,118.84618112,129.56773249,3,0,0.0,255.0,108.0
2862,114.5,119.03396302,129.67844981,3,0,0.0,255.0,108.0
2863,114.54,119.20580876,129.77924349,3,0,0.0,255.25,108.0
2864,114.58,119.38418946,129.88138171,3,0,0.0,255.25,108.0
2865,114.62,119.57701509,129.99146147,3,0,0.0,255.5,109.0
2866,114.66,119.76997388,130.1031619,3,0,0.0,255.75,109.0
2867,114.7,119.97143525,130.22139031,3,0,0.0,256.0,109.0
2868,114.74,120.17492957,130.34445035,3,0,0.0,256.0,109.0
2869,114.78,120.37619698,130.46681314,3,0,0.0,256.5,109.0
2870,114.82,120.59108114,130.59478468,3,0,0.0,256.5,109.0
2871,114.86,120.81094803,130.72512267,3,0,0.0,256.5,109.0
2872,114.9,121.03310991,130.8560334,3,0,0.0,256.75,109.0
2873,114.94,121.26516384,130.99124077,3,0,0.0,257.0,109.0
2874,114.98,121.47698816,131.11746738,3,0,0.0,257.0,109.0
2875,115.02,121.69250701,131.24497788,3,0,0.0,257.0,109.0
2876,115.06,121.91971844,131.37828281,3,0,0.0,257.0,109.0
2877,115.1,122.15087337,131.51170717,3,0,0.0,257.0,109.0
2878,115.14,122.39026141,131.64720708,3,0,0.0,257.25,110.0
2879,115.18,122.64015731,131.78731847,3,0,0.0,257.75,111.0
2880,115.22,122.89177734,131.92755424,3,0,0.0,258.75,111.0
2881,115.26,123.15027359,132.07119439,3,0,0.0,258.75,111.0
2882,115.3,123.41594528,132.21946556,3,0,0.0,259.0,111.0
2883,115.34,123.6824237,132.36801639,3,0,0.0,259.0,111.0
2884,115.38,123.95604421,132.52059593,3,0,0.0,259.25,111.0
2885,115.42,124.21582622,132.66666232,3,0,0.0,259.25,111.0
2886,115.46,124.47475031,132.81208765,3,0,0.0,259.25,111.0
2887,115.5,124.74088023,132.96190045,3,0,0.0,259.5,111.0
2888,115.54,125.00685912,133.1156907,3,0,0.0,260.0,111.0
2889,115.58,125.27011371,133.27019497,3,0,0.0,260.0,111.0
2890,115.62,125.54190522,133.42927561,3,0,0.0,260.0,111.0
2891,115.66,125.8194198,133.59093631,3,0,0.0,260.25,112.0
2892,115.7,126.09810995,133.7525958,3,0,0.0,260.5,112.0
2893,115.74,126.38476561,133.9195328,3,0,0.0,261.0,112.0
2894,115.78,126.67998592,134.08968439,3,0,0.0,261.0,112.0
2895,115.82,126.9833765,134.25994129,3,0,0.0,261.0,112.0
2896,115.86,127.2951312,134.43271496,3,0,0.01424018,261.25,112.0
2897,115.9,127.59937991,134.60027614,3,0,0.02233753,261.75,113.0
2898,115.94,127.90686365,134.76975722,3,0,0.02552428,261.5,114.0
2899,115.98,128.22080519,134.94478921,3,0,0.02323596,261.25,114.0
2900,116.02,128.53879021,135.12165656,3,0,0.02262679,261.75,114.0
2901,116.06,128.86093725,135.2985807,3,0,0.02506639,261.75,114.0
2902,116.1,129.19466668,135.48020696,3,0,0.0258288,261.5,114.0
2903,116.14,129.53030109,135.66408114,3,0,0.02647077,261.75,115.0
2904,116.18,129.8685146,135.84797869,3,0,0.02865358,261.75,113.0
2905,116.22,130.20964531,136.03708375,3,0,0.02663052,262.0,113.0
2906,116.26,130.55258601,136.22790182,3,0,0.0256522,262.25,113.0
2907,116.3,130.89504186,136.41909901,3,0,0.02467388,262.25,113.0
2908,116.34,131.24103895,136.61230669,3,0,0.02369556,262.0,114.0
2909,116.38,131.57849776,136.80052178,3,0,0.02261367,262.0,114.0
2910,116.42,131.91906317,136.98904826,3,0,0.02105011,260.75,113.0
2911,116.46,132.27157076,137.18257012,3,0,0.01992714,260.75,112.0
2912,116.5,132.63974774,137.37936874,3,0,0.02859594,261.0,112.0
2913,116.54,133.0161339,137.57826601,3,0,0.03383139,261.5,112.0
2914,116.58,133.40278046,137.78358379,3,0,0.03740292,261.25,112.0
2915,116.62,133.7869763,137.9915634,3,0,0.03957094,261.75,113.0
2916,116.66,134.16755087,138.20086236,3,0,0.04114096,262.0,113.0
2917,116.7,134.55409324,138.41504191,3,0,0.0420246,261.5,113.0
2918,116.74,134.93901957,138.63076807,3,0,0.04290504,261.25,114.0
2919,116.78,135.32145857,138.84796274,3,0,0.04369672,261.0,114.0
2920,116.82,135.71156459,139.07183452,3,0,0.04347658,261.25,114.0
2921,116.86,136.09204453,139.28904002,3,0,0.04308084,261.25,114.0
2922,116.9,136.47220295,139.507894,3,0,0.04259699,260.5,114.0
2923,116.94,136.85942052,139.73253265,3,0,0.04105471,260.75,115.0
2924,116.98,137.24987431,139.95866741,3,0,0.04234155,261.25,115.0
2925,117.02,137.65686603,140.18886655,3,0,0.05296411,261.25,115.0
2926,117.06,138.07832411,140.42487675,3,0,0.0581357,261.75,116.0
2927,117.1,138.50312966,140.66165663,3,0,0.06088927,261.75,117.0
2928,117.14,138.93678588,140.902483,3,0,0.06270301,261.5,117.0
2929,117.18,139.37920298,141.14789478,3,0,0.06403087,261.5,116.0
2930,117.22,139.82602776,141.39438113,3,0,0.06446681,261.25,116.0
2931,117.26,140.28311951,141.64604751,3,0,0.0648394,261.0,116.0
2932,117.3,140.74371405,141.90079725,3,0,0.0647393,260.25,116.0
2933,117.34,141.20314235,142.15502982,3,0,0.06423305,260.75,116.0
2934,117.38,141.66257594,142.40880923,3,0,0.06372681,260.75,116.0
2935,117.42,142.11824042,142.66476851,3,0,0.06331943,260.0,116.0
2936,117.46,142.58559312,142.92754273,3,0,0.07448308,260.0,118.0
2937,117.5,143.06757971,143.19700893,3,0,0.08315023,260.0,118.0
2938,117.54,143.55588272,143.46815066,3,0,0.08848154,259.75,118.0
2939,117.58,144.05864632,143.74665827,3,0,0.09162274,259.75,118.0
2940,117.62,144.56781188,144.02822883,3,0,0.09390058,259.5,117.0
2941,117.66,145.08445644,144.3140396,3,0,0.09407687,259.75,117.0
2942,117.7,145.6133885,144.60639245,3,0,0.09395565,260.0,117.0
2943,117.74,146.1457004,144.89930852,3,0,0.09383442,259.5,117.0
2944,117.78,146.69172498,145.20075514,3,0,0.0933454,259.0,118.0
2945,117.82,147.24357318,145.50444031,3,0,0.0922529,259.25,118.0
2946,117.86,147.8082927,145.8121895,3,0,0.09929021,259.25,118.0
2947,117.9,148.39045927,146.12255106,3,0,0.11401376,259.0,118.0
2948,117.94,148.98467136,146.43743127,3,0,0.12059061,258.25,118.0
2949,117.98,149.59010163,146.76274537,3,0,0.12406677,258.0,118.0
2950,118.02,150.20058833,147.09104793,3,0,0.1268892,258.5,118.0
2951,118.06,150.82936475,147.43007288,3,0,0.12924515,258.5,119.0
2952,118.1,151.463243,147.77322281,3,0,0.13028032,258.0,118.0
2953,118.14,152.11238249,148.12619628,3,0,0.13031966,256.75,118.0
2954,118.18,152.76884829,148.48421688,3,0,0.12941174,256.75,118.0
2955,118.22,153.44729315,148.85388572,3,0,0.16284704,257.0,119.0
2956,118.26,154.15485536,149.23189952,3,0,0.19315284,253.25,119.0
2957,118.3,154.88744091,149.62014317,3,0,0.21948156,253.0,118.0
2958,118.34,155.6395452,150.0174767,3,0,0.23743816,253.0,119.0
2959,118.38,156.41594855,150.4274987,3,0,0.26146906,252.0,119.0
2960,118.42,157.19276802,150.83815932,3,0,0.27628096,251.5,119.0
2961,118.46,157.98572794,151.26554351,3,0,0.30336436,250.75,119.0
2962,118.5,158.78910503,151.70143836,3,0,0.31958415,251.25,120.0
2963,118.54,159.63334072,152.15904228,3,0,0.36301302,250.75,120.0
2964,118.58,160.52563624,152.63758025,3,0,0.41333227,250.5,122.0
2965,118.62,161.45408292,153.13162642,3,0,0.45078397,246.0,122.0
2966,118.66,162.83408657,156.65637221,4,1,0.90354205,244.5,125.0
2967,118.7,166.40783839,161.21172446,4,0,3.00376506,240.5,121.0
2968,118.74,169.96358119,164.28060639,4,0,2.86264735,239.25,121.0
2969,118.78,173.55786743,158.97271625,2,0,2.82277018,236.75,121.0
2970,118.82,176.43914163,160.24516807,2,0,2.32651247,234.0,123.0
2971,118.86,179.42535665,161.45546044,2,0,2.36874512,228.25,123.0
2972,118.9,182.56432451,162.56557011,2,0,2.47686899,226.5,125.0
2973,118.94,185.93832575,163.64801103,2,0,2.67537621,224.0,126.0
2974,118.98,189.71660805,164.72260399,2,0,3.03721554,219.75,122.0
2975,119.02,193.88168159,161.76352875,2,0,3.37643408,216.75,123.0
2976,119.06,196.74885168,162.78848362,2,0,2.21953437,215.5,123.0
2977,119.1,199.73564061,163.80663469,2,0,2.29648288,210.75,124.0
2978,119.14,202.81877971,164.8362657,2,0,2.35260214,206.75,126.0
2979,119.18,205.91379595,165.84159779,2,0,2.32380527,204.25,127.0
2980,119.22,209.14717334,166.85335969,2,0,2.42210614,201.25,129.0
2981,119.26,212.39371007,167.90646371,2,0,2.39685982,197.5,130.0
2982,119.3,215.76595807,168.99612754,2,0,2.49853856,194.5,132.0
2983,119.34,219.1709284,170.10448924,2,0,2.50094369,191.5,133.0
2984,119.38,222.7645949,171.28321515,2,0,2.65377831,187.25,135.0
2985,119.42,226.45559002,172.47846824,2,0,2.71063465,183.0,137.0
2986,119.46,230.32350962,173.74039006,2,0,2.84185668,179.25,137.0
2987,119.5,234.36994891,175.06611345,2,0,2.98769936,173.75,139.0
2988,119.54,238.74124772,176.60754702,2,0,3.26638593,170.25,141.0
2989,119.58,243.28672406,178.4295647,2,0,3.3799601,166.0,143.0
2990,119.62,248.38946451,180.50066061,2,0,3.876469,161.75,144.0
2991,119.66,253.98920485,184.08625528,2,0,4.31400033,154.25,149.0
2992,119.7,261.42597712,186.08719019,1,0,6.02261283,146.5,146.0
2993,119.74,267.09380402,185.39070565,1,0,4.19010126,140.25,146.0
2994,119.78,271.6964397,185.04319622,1,0,3.1607447,135.75,145.0
2995,119.82,275.93116377,184.78936297,1,0,2.81404214,133.5,144.0
2996,119.86,278.27585025,190.23527946,1,0,2.53398941,129.25,143.0
2997,119.9,277.9638303,192.45231014,1,0,2.19506231,128.25,153.0
2998,119.94,277.96782525,193.91694781,1,0,1.95732229,127.75,157.0
2999,119.98,277.9374711,194.97422021,1,0,1.81979208,129.25,160.0
3000,120.02,277.83678479,196.07311802,1,0,1.70194293,128.25,161.0
3001,120.06,277.68280582,196.97203709,1,0,1.5563819,125.5,161.0
3002,120.1,277.32141753,197.82425689,1,0,1.40256635,128.75,166.0
3003,120.14,276.90178692,198.63631947,1,0,1.31828777,128.75,168.0
3004,120.18,276.34469045,199.41575785,1,0,1.22741151,127.75,171.0
3005,120.22,275.69486961,200.19495172,1,0,1.15141005,126.5,170.0
3006,120.26,274.9764673,200.94953437,1,0,1.0872122,128.5,170.0
3007,120.3,274.13241856,201.71052359,1,0,0.99313788,131.0,170.0
3008,120.34,273.14075753,202.46659519,1,0,0.88929736,130.5,169.0
3009,120.38,271.99951946,203.24098987,1,0,0.80625648,129.5,167.0
3010,120.42,270.77182852,204.01554151,1,0,0.74730239,129.75,168.0
3011,120.46,269.48124622,204.82185085,1,0,0.6699171,131.5,167.0
3012,120.5,268.0490499,205.66860461,1,0,0.6232965,134.5,170.0
3013,120.54,266.46410945,206.55719803,1,0,0.58477751,136.25,171.0
3014,120.58,264.76301201,207.47162639,1,0,0.54726503,138.25,168.0
3015,120.62,262.86187273,208.42696644,1,0,0.49968644,139.75,169.0
3016,120.66,260.71906835,209.47465911,1,0,0.46178536,139.25,164.0
3017,120.7,258.37653524,210.61288092,1,0,0.41349437,141.75,164.0
3018,120.74,255.81775666,211.98737406,1,0,0.38374198,143.5,164.0
3019,120.78,252.90714754,213.63445076,1,0,0.35748939,145.75,167.0
3020,120.82,249.76202345,215.52584447,1,0,0.32676333,148.25,166.0
3021,120.86,245.68997097,219.05580464,1,0,0.28964174,153.0,172.0
3022,120.9,240.13836733,220.73372889,1,0,0.25180837,156.25,172.0
3023,120.94,236.59329567,220.10790787,1,0,0.22776225,159.5,172.0
3024,120.98,233.38234329,219.59240949,1,0,0.1908271,162.0,171.0
3025,121.02,230.61080204,219.11848131,1,0,0.16678206,164.5,169.0
3026,121.06,228.10005322,218.66134353,1,0,0.14300342,167.75,173.0
3027,121.1,225.80565914,218.21902638,1,0,0.12272659,169.25,169.0
3028,121.14,223.70600668,217.83399903,1,0,0.10785472,169.75,165.0
3029,121.18,221.81654632,217.46377771,1,0,0.09025603,171.0,164.0
3030,121.22,220.07021863,217.10744051,1,0,0.07192944,172.75,162.0
3031,121.26,218.38673044,216.76760311,1,0,0.06180266,178.0,165.0
3032,121.3,216.77393541,216.43763282,1,0,0.05362917,180.25,166.0
3033,121.34,215.21359991,216.11050247,1,0,0.04613595,182.5,172.0
3034,121.38,213.72284763,215.78993306,1,0,0.01888444,184.75,174.0
3035,121.42,212.34051074,215.48092694,1,0,0.01280103,185.75,170.0
3036,121.46,211.02800868,215.17760449,1,0,0.0,187.5,173.0
3037,121.5,209.75367117,214.8781224,1,0,0.0,188.5,176.0
3038,121.54,208.53843418,214.58344671,1,0,0.0,190.75,180.0
3039,121.58,207.39918011,214.30014125,1,0,0.0,191.75,183.0
3040,121.62,206.2968323,214.01837063,1,0,0.0,194.0,186.0
3041,121.66,205.24559814,213.73872206,1,0,0.0,195.25,189.0
3042,121.7,204.25660196,213.46385175,1,0,0.0,196.0,190.0
3043,121.74,203.30951561,213.19606665,1,0,0.0,197.25,191.0
3044,121.78,202.37508929,212.92628415,1,0,0.0,199.0,193.0
3045,121.82,201.45605394,212.65667093,1,0,0.0,199.75,194.0
3046,121.86,200.53656039,212.39017808,1,0,0.0,201.0,195.0
3047,121.9,199.6341874,212.12922081,1,0,0.0,202.25,196.0
3048,121.94,198.75460161,211.86968988,1,0,0.0,204.5,197.0
3049,121.98,197.91843757,211.61136714,1,0,0.0,204.75,197.0
3050,122.02,197.11581659,211.35614024,1,0,0.0,205.25,197.0
3051,122.06,196.34572825,211.10689133,1,0,0.0,207.0,200.0
3052,122.1,195.60369593,210.85904083,1,0,0.0,207.25,201.0
3053,122.14,194.89492135,210.61234057,1,0,0.0,209.25,206.0
3054,122.18,194.21810008,210.36738558,1,0,0.0,210.0,206.0
3055,122.22,193.5608486,210.128143,1,0,0.0,210.5,206.0
3056,122.26,192.91777891,209.89179253,1,0,0.0,211.25,206.0
3057,122.3,192.27499363,209.6558113,1,0,0.0,211.75,206.0
3058,122.34,191.63600413,209.41928948,1,0,0.0,212.75,206.0
3059,122.38,191.00247237,209.18041288,1,0,0.0,213.5,205.0
3060,122.42,190.39739176,208.94587028,1,0,0.0,213.5,205.0
3061,122.46,189.80616302,208.71315665,1,0,0.0,213.5,205.0
3062,122.5,189.20922774,208.48117078,1,0,0.0,213.5,205.0
3063,122.54,188.62250694,208.2497937,1,0,0.0,213.5,205.0
3064,122.58,188.05305026,208.02277494,1,0,0.0,213.5,205.0
3065,122.62,187.49723678,207.79637465,1,0,0.0,213.5,205.0
3066,122.66,186.95904762,207.57175168,1,0,0.0,213.5,205.0
3067,122.7,186.4501374,207.34937235,1,0,0.0,213.5,205.0
3068,122.74,185.96134099,207.1288838,1,0,0.0,213.5,205.0
3069,122.78,185.49206943,206.91110718,1,0,0.0,213.5,205.0
3070,122.82,185.03416254,206.69298007,1,0,0.0,213.5,205.0
3071,122.86,184.58779846,206.47634946,1,0,0.0,213.5,205.0
3072,122.9,184.14846927,206.26083885,1,0,0.0,213.5,205.0
3073,122.94,183.71386812,206.04430434,1,0,0.0,213.5,205.0
3074,122.98,183.28704346,205.82559885,1,0,0.0,213.5,205.0
3075,123.02,182.86571589,205.60738984,1,0,0.0,213.5,205.0
3076,123.06,182.45277735,205.39016141,1,0,0.0,213.5,205.0
3077,123.1,182.0528782,205.17316627,1,0,0.0,213.5,205.0
3078,123.14,181.66273167,204.96140739,1,0,0.0,213.5,205.0
3079,123.18,181.26764511,204.7498631,1,0,0.0,213.5,205.0
3080,123.22,180.87465346,204.53948199,1,0,0.0,213.5,205.0
3081,123.26,180.49307222,204.32899179,1,0,0.0,213.5,205.0
3082,123.3,180.12264355,204.11847835,1,0,0.0,213.5,205.0
3083,123.34,179.76472036,203.91105428,1,0,0.0,213.5,205.0
3084,123.38,179.40997553,203.70620864,1,0,0.0,213.5,205.0
3085,123.42,179.06596999,203.50133449,1,0,0.0,213.5,205.0
3086,123.46,178.73366152,203.29624914,1,0,0.0,213.5,205.0
3087,123.5,178.4087812,203.09223929,1,0,0.0,213.5,205.0
3088,123.54,178.08600991,202.88611455,1,0,0.0,213.5,205.0
3089,123.58,177.76379719,202.67887095,1,0,0.0,213.5,205.0
3090,123.62,177.45269663,202.47240061,1,0,0.0,213.5,205.0
3091,123.66,177.15633796,202.26545057,1,0,0.0,213.5,205.0
3092,123.7,176.88024857,202.05978876,1,0,0.0,213.5,205.0
3093,123.74,176.62161797,201.85724211,1,0,0.0,213.5,205.0
3094,123.78,176.37080288,201.65443919,1,0,0.0,213.5,205.0
3095,123.82,176.11930459,201.45169849,1,0,0.0,213.5,205.0
3096,123.86,175.86612447,201.24988941,1,0,0.0,213.5,205.0
3097,123.9,175.60914031,201.04963015,1,0,0.0,213.5,205.0
3098,123.94,175.35614615,200.85108558,1,0,0.0,213.5,205.0
3099,123.98,175.10709158,200.65201956,1,0,0.0,213.5,205.0
3100,124.02,174.85928526,200.45271496,1,0,0.0,213.5,205.0
3101,124.06,174.60980981,200.25353244,1,0,0.0,213.5,205.0
3102,124.1,174.3630554,200.05724823,1,0,0.0,213.5,205.0
3103,124.14,174.11378946,199.85720695,1,0,0.0,213.5,205.0
3104,124.18,173.8819974,199.65596603,1,0,0.0,213.5,205.0
3105,124.22,173.67009822,199.45403566,1,0,0.01062208,213.5,205.0
3106,124.26,173.46702939,199.25149175,1,0,0.0116107,213.5,205.0
3107,124.3,173.27093102,199.05088635,1,0,0.01201803,213.5,205.0
3108,124.34,173.0723432,198.85350443,1,0,0.01226526,213.5,205.0
3109,124.38,172.87335779,198.6558385,1,0,0.01251256,213.5,205.0
3110,124.42,172.67500056,198.45732333,1,0,0.01274599,213.0,205.0
3111,124.46,172.48318125,198.25897119,1,0,0.01299789,213.0,205.0
3112,124.5,172.30671861,198.06149394,1,0,0.01329019,212.5,205.0
3113,124.54,172.14307904,197.86588039,1,0,0.0136094,212.5,205.0
3114,124.58,171.98706572,197.67114813,1,0,0.0143258,211.5,204.0
3115,124.62,171.8350209,197.47510756,1,0,0.01481233,211.5,204.0
3116,124.66,171.6825286,197.27968671,1,0,0.01532819,211.5,204.0
3117,124.7,171.5330706,197.08567276,1,0,0.01589448,211.25,204.0
3118,124.74,171.37800657,196.88739148,1,0,0.0167406,211.25,204.0
3119,124.78,171.22976639,196.68711072,1,0,0.01775399,211.0,204.0
3120,124.82,171.08293199,196.48792592,1,0,0.01896926,211.0,204.0
3121,124.86,170.94242189,196.28900665,1,0,0.02021985,211.0,204.0
3122,124.9,170.81266894,196.09041736,1,0,0.02148395,211.0,204.0
3123,124.94,170.68830433,195.89317635,1,0,0.02191111,211.0,204.0
3124,124.98,170.5686766,195.69541359,1,0,0.02233826,210.25,204.0
3125,125.02,170.45847979,195.4984602,1,0,0.02276393,209.75,203.0
3126,125.06,170.35132672,195.30220434,1,0,0.02314075,209.75,203.0
3127,125.1,170.24962842,195.10601166,1,0,0.02350065,209.75,203.0
3128,125.14,170.15238595,194.91177847,1,0,0.02386069,209.75,203.0
3129,125.18,170.05643511,194.71737041,1,0,0.02427379,209.25,203.0
3130,125.22,169.96229695,194.52332858,1,0,0.02478914,209.5,203.0
3131,125.26,169.86780781,194.3280288,1,0,0.02535086,209.0,203.0
3132,125.3,169.77835926,194.13300197,1,0,0.02638759,208.75,203.0
3133,125.34,169.68266438,193.93402867,1,0,0.02789511,208.5,202.0
3134,125.38,169.59089443,193.73579179,1,0,0.02931798,207.5,202.0
3135,125.42,169.50470544,193.53581543,1,0,0.03111485,207.25,201.0
3136,125.46,169.42553553,193.33418836,1,0,0.03187314,207.25,201.0
3137,125.5,169.35084847,193.13353446,1,0,0.03261493,207.25,201.0
3138,125.54,169.27845579,192.93532656,1,0,0.03369555,207.25,201.0
3139,125.58,169.20714503,192.73848539,1,0,0.03513582,207.0,201.0
3140,125.62,169.15689749,192.54036218,1,0,0.03561277,206.5,201.0
3141,125.66,169.11707968,192.34188557,1,0,0.03619996,206.25,201.0
3142,125.7,169.08465609,192.14397364,1,0,0.03676924,206.25,201.0
3143,125.74,169.05776132,191.94803957,1,0,0.03736147,206.25,201.0
3144,125.78,169.03589623,191.75204998,1,0,0.0379642,206.25,201.0
3145,125.82,169.01438117,191.55650313,1,0,0.03868845,205.25,200.0
3146,125.86,168.99625056,191.36033579,1,0,0.04007416,205.0,200.0
3147,125.9,168.97684412,191.16316632,1,0,0.04118973,204.75,200.0
3148,125.94,168.94899415,190.96083344,1,0,0.04241681,204.75,200.0
3149,125.98,168.92359655,190.75839411,1,0,0.04436955,204.5,200.0
3150,126.02,168.90031999,190.55654828,1,0,0.04605005,204.75,200.0
3151,126.06,168.88318673,190.3555063,1,0,0.04707772,203.75,200.0
3152,126.1,168.86718463,190.15351438,1,0,0.04875372,203.75,200.0
3153,126.14,168.85261958,189.95203852,1,0,0.05033416,203.75,200.0
3154,126.18,168.84440734,189.75148175,1,0,0.05125986,203.75,200.0
3155,126.22,168.84416714,189.55074764,1,0,0.05211245,203.0,199.0
3156,126.26,168.84825824,189.34793559,1,0,0.05292949,202.5,199.0
3157,126.3,168.85678099,189.14683832,1,0,0.05371681,202.5,199.0
3158,126.34,168.87296931,188.94785302,1,0,0.05454452,202.25,199.0
3159,126.38,168.90094987,188.74925359,1,0,0.05547715,202.0,198.0
3160,126.42,168.94054399,188.54886196,1,0,0.05732972,201.25,198.0
3161,126.46,168.98852739,188.34738624,1,0,0.05877473,201.25,198.0
3162,126.5,169.04157334,188.14552825,1,0,0.06026014,201.25,198.0
3163,126.54,169.09455197,187.94020023,1,0,0.0626312,201.0,198.0
3164,126.58,169.1532856,187.7329062,1,0,0.065015,200.25,197.0
3165,126.62,169.21655283,187.52516397,1,0,0.06596452,200.25,197.0
3166,126.66,169.2789797,187.31752576,1,0,0.06671721,200.0,197.0
3167,126.7,169.33782622,187.11133716,1,0,0.06750549,200.25,197.0
3168,126.74,169.38937706,186.90565297,1,0,0.06839383,200.25,197.0
3169,126.78,169.43869715,186.69976902,1,0,0.06935422,199.0,197.0
3170,126.82,169.49258228,186.49397488,1,0,0.0706067,199.0,197.0
3171,126.86,169.55243636,186.28707791,1,0,0.07349872,198.5,197.0
3172,126.9,169.62161265,186.07940471,1,0,0.07502675,198.0,197.0
3173,126.94,169.70426748,185.87411157,1,0,0.07653972,197.75,196.0
3174,126.98,169.8009831,185.66917206,1,0,0.07872019,197.25,196.0
3175,127.02,169.91120714,185.46472392,1,0,0.08135875,197.0,196.0
3176,127.06,170.0394996,185.2569005,1,0,0.08313344,197.0,196.0
3177,127.1,170.18015494,185.04608258,1,0,0.08490803,196.0,195.0
3178,127.14,170.32680469,184.83450888,1,0,0.08743818,196.0,195.0
3179,127.18,170.48024391,184.62257501,1,0,0.08893553,196.0,195.0
3180,127.22,170.6321991,184.40858876,1,0,0.09024689,195.75,195.0
3181,127.26,170.77802273,184.19567185,1,0,0.09176497,194.5,194.0
3182,127.3,170.9217887,183.98399923,1,0,0.09374953,194.5,194.0
3183,127.34,171.06762046,183.77085598,1,0,0.09604114,194.25,194.0
3184,127.38,171.21760441,183.5573069,1,0,0.09862725,194.0,194.0
3185,127.42,171.37307422,183.34338404,1,0,0.10041699,193.5,194.0
3186,127.46,171.52759307,183.13174964,1,0,0.10177715,193.25,194.0
3187,127.5,171.68643645,182.91872611,1,0,0.1037567,193.0,194.0
3188,127.54,171.85933061,182.70439676,1,0,0.10599925,192.75,194.0
3189,127.58,172.03808429,182.49050139,1,0,0.10805493,191.5,193.0
3190,127.62,172.22448884,182.27740299,1,0,0.11039769,192.25,193.0
3191,127.66,172.42288354,182.06268515,1,0,0.113469,192.0,193.0
3192,127.7,172.61882878,181.84324567,1,0,0.11784556,191.0,193.0
3193,127.74,172.81641322,181.62331904,1,0,0.12128851,190.5,193.0
3194,127.78,173.01666158,181.40099257,1,0,0.12268909,190.25,193.0
3195,127.82,173.22467788,181.17819094,1,0,0.12471721,189.75,193.0
3196,127.86,173.44797898,180.95622266,1,0,0.12794219,189.0,192.0
3197,127.9,173.69433629,180.73618835,1,0,0.13055422,189.0,192.0
3198,127.94,173.95408479,180.51284744,1,0,0.13321159,188.5,192.0
3199,127.98,174.22930447,180.29010489,1,0,0.1367147,188.0,192.0
3200,128.02,174.52278669,180.07048333,1,0,0.14078359,187.75,192.0
3201,128.06,174.82948851,179.84897164,1,0,0.14305054,187.75,192.0
3202,128.1,175.1460624,179.62547162,1,0,0.14571789,187.75,192.0
3203,128.14,175.46931975,179.40314472,1,0,0.1483993,186.0,191.0
3204,128.18,175.79629817,179.18347585,1,0,0.15076971,185.75,191.0
3205,128.22,176.12766979,178.96063072,1,0,0.15326418,185.5,191.0
3206,128.26,176.4562941,178.73719386,1,0,0.15634829,185.25,191.0
3207,128.3,176.7639299,178.50811836,1,0,0.16043241,184.0,191.0
3208,128.34,177.06922298,178.28033461,1,0,0.16363033,183.75,191.0
3209,128.38,177.39083853,178.05257839,1,0,0.16663698,183.5,191.0
3210,128.42,177.73697468,177.82276264,1,0,0.17090435,182.75,190.0
3211,128.46,178.10203071,177.59134949,1,0,0.1734347,182.5,190.0
3212,128.5,178.4888863,177.36310217,1,0,0.17991204,182.25,190.0
3213,128.54,178.89725303,177.13597382,1,0,0.18461682,181.75,189.0
3214,128.58,179.32632628,176.90325986,1,0,0.18984576,181.25,189.0
3215,128.62,179.78204245,176.66917595,1,0,0.1952761,180.75,189.0
3216,128.66,180.25475497,176.43996568,1,0,0.20033355,179.5,189.0
3217,128.7,180.73701053,176.20895404,1,0,0.20396737,179.5,188.0
3218,128.74,181.22822676,175.97723455,1,0,0.20883384,178.75,188.0
3219,128.78,181.74280039,175.74848755,1,0,0.23859455,176.0,187.0
3220,128.82,182.26051729,175.51468244,1,0,0.25291884,173.5,186.0
3221,128.86,182.77205906,175.27748826,1,0,0.26148355,172.75,186.0
3222,128.9,183.30789747,175.03964189,1,0,0.30146603,171.0,186.0
3223,128.94,183.86112163,174.80108536,1,0,0.32614065,169.5,184.0
3224,128.98,184.42812548,174.56399349,1,0,0.34036117,168.75,183.0
3225,129.02,185.01724262,174.32680276,1,0,0.3594888,168.25,183.0
3226,129.06,185.63232707,174.09285815,1,0,0.38414454,167.5,183.0
3227,129.1,186.26814444,173.86067452,1,0,0.41383303,166.0,182.0
3228,129.14,186.92455405,173.62234628,1,0,0.43971763,165.0,181.0
3229,129.18,187.60704192,173.38722068,1,0,0.49363848,164.25,181.0
3230,129.22,188.30842725,173.15048191,1,0,0.52675439,158.5,181.0
3231,129.26,189.05321885,172.91411182,1,0,0.5698201,156.5,181.0
3232,129.3,189.83718326,172.68605388,1,0,0.61758037,154.25,181.0
3233,129.34,190.65140901,172.45237785,1,0,0.65974393,152.5,181.0
3234,129.38,191.50250137,172.22319526,1,0,0.70702836,150.0,179.0
3235,129.42,192.39191074,171.99491224,1,0,0.7610153,148.5,179.0
3236,129.46,193.31437671,171.76216739,1,0,0.82174181,147.25,179.0
3237,129.5,194.29593316,171.53148325,1,0,0.88789796,144.75,180.0
3238,129.54,195.32616692,171.30340337,1,0,0.9562025,137.5,179.0
3239,129.58,196.38863601,171.07668237,1,0,1.0181178,135.5,178.0
3240,129.62,197.50579642,170.85845487,1,0,1.09821457,132.75,178.0
3241,129.66,198.66143056,170.63859308,1,0,1.17006466,129.75,178.0
3242,129.7,199.89282215,170.430356,1,0,1.27774035,125.25,177.0
3243,129.74,201.20742379,170.22235026,1,0,1.38670057,123.25,177.0
3244,129.78,202.62398529,170.03448072,1,0,1.51444804,116.5,175.0
3245,129.82,204.12973939,169.84381596,1,0,1.62851016,114.5,173.0
3246,129.86,205.75579696,169.67072893,1,0,1.78117911,110.75,168.0
3247,129.9,207.47924589,169.51115074,1,0,1.9318847,105.75,160.0
3248,129.94,209.37873285,169.37798312,1,0,2.14886329,98.5,158.0
3249,129.98,211.46874676,169.2780201,1,0,2.39065783,96.25,156.0
3250,130.02,213.75918219,169.21761273,1,0,2.65316269,92.5,150.0
3251,130.06,216.40228133,169.22923969,1,0,3.04228842,84.25,148.0
3252,130.1,219.64602013,169.40726128,1,0,3.67290401,80.5,141.0
3253,130.14,224.39868509,170.12510847,1,0,5.20495402,72.0,121.0
3254,130.18,228.73894077,162.21232098,1,0,4.8033629,84.0,150.0
3255,130.22,231.19779549,159.86925477,1,0,3.27905095,80.0,143.0
3256,130.26,233.36973855,157.87785817,1,0,3.1160178,76.25,135.0
3257,130.3,235.16767202,156.12075691,1,0,2.86474777,72.0,130.0
3258,130.34,236.82121632,154.39030541,1,0,2.83028757,68.5,123.0
3259,130.38,238.3690087,152.77377215,1,0,2.82324535,65.25,117.0
3260,130.42,239.68937111,151.20654667,1,0,2.68683049,62.0,111.0
3261,130.46,240.87598551,149.70484294,1,0,2.63942419,58.0,104.0
3262,130.5,241.97715336,148.18758525,1,0,2.64569283,55.25,99.0
3263,130.54,243.01237061,146.69127379,1,0,2.68093571,52.5,95.0
3264,130.58,243.9354562,145.1745717,1,0,2.6721384,50.25,89.0
3265,130.62,244.75525847,143.65364094,1,0,2.66901071,47.75,85.0
3266,130.66,245.49905032,142.09882261,1,0,2.69314214,44.5,78.0
3267,130.7,246.17647722,140.51732883,1,0,2.72873418,40.0,68.0
3268,130.74,246.79623124,138.90690121,1,0,2.79042176,37.0,63.0
3269,130.78,247.30114707,137.28025442,1,0,2.79145027,34.5,59.0
3270,130.82,247.69255202,135.60794074,1,0,2.79132811,30.75,50.0
3271,130.86,248.03896247,133.87079571,1,0,2.86781191,27.75,48.0
3272,130.9,248.2644187,132.02046988,1,0,2.86920034,24.5,40.0
3273,130.94,248.31473162,130.14560488,1,0,2.82066159,21.5,35.0
3274,130.98,248.28489023,128.13556966,1,0,2.87375471,17.0,29.0
3275,131.02,246.88286951,129.99442414,1,0,3.04464622,14.75,27.0
3276,131.06,245.78205512,127.3972556,1,0,3.14423185,12.75,26.0
3277,131.1,244.91571773,124.33457695,1,0,3.26057715,9.5,19.0
3278,131.14,243.80141868,120.34580361,1,0,3.11331357,4.75,15.0
3279,131.18,240.9608752,113.9115156,1,0,1.57699805,3.0,7.0
3280,131.22,236.24528254,113.88505043,1,0,0.0,3.0,7.0
3281,131.26,231.04208081,120.74784224,1,0,0.0,3.0,7.0
3282,131.3,224.57583136,120.50859172,3,0,0.0,3.0,7.0
3283,131.34,217.47243416,119.66508127,3,0,0.0,4.75,14.0
3284,131.38,209.32912059,114.17854476,3,0,0.0,8.75,14.0
3285,131.42,202.72413177,111.69820053,3,0,0.0,13.5,15.0
3286,131.46,196.48555316,109.56434491,3,0,0.0,13.5,15.0
3287,131.5,190.60064758,107.64514244,3,0,0.0,13.5,15.0
3288,131.54,184.8922408,105.8726874,3,0,0.0,13.5,15.0
3289,131.58,179.3048209,104.12678428,3,0,0.0,13.5,15.0
3290,131.62,173.89001749,102.36724036,3,0,0.0,13.5,15.0
3291,131.66,168.43506609,100.62736451,3,0,0.0,13.5,15.0
3292,131.7,163.1646544,98.95566059,3,0,0.0,13.5,15.0
3293,131.74,158.03405676,97.31170379,3,0,0.0,13.5,15.0
3294,131.78,152.98584878,95.68663198,3,0,0.0,18.0,17.0
3295,131.82,147.94376292,94.04077735,3,0,0.0,18.0,17.0
3296,131.86,142.92338157,92.37847192,3,0,0.0,18.0,17.0
3297,131.9,137.99581158,90.69778702,3,0,0.0,18.0,17.0
3298,131.94,133.15171316,89.00563808,3,0,0.0,18.0,17.0
3299,131.98,128.30481396,87.27529472,3,0,0.0,18.0,17.0
3300,132.02,123.4777896,85.47873662,3,0,0.0,18.0,17.0
3301,132.06,118.75580814,83.64091046,3,0,0.0,18.0,17.0
3302,132.1,114.09769347,81.6877715,3,0,0.0,18.0,17.0
3303,132.14,109.43703665,79.6237701,3,0,0.0,18.0,17.0
3304,132.18,104.69920091,77.40852737,3,0,0.0,18.0,17.0
3305,132.22,100.13770633,75.09049169,3,0,0.0,18.0,17.0
3306,132.26,95.39677922,72.26627356,3,0,0.0,18.0,17.0
3307,132.3,90.89681532,69.0579188,3,0,0.0,18.0,17.0
3308,132.34,86.3910946,64.63568719,3,0,0.0,18.0,17.0
3309,132.38,84.24813343,58.12445314,2,0,0.0,18.0,17.0
3310,132.42,83.86445426,57.93263565,2,0,0.0,18.0,17.0
3311,132.46,83.48598902,57.74335148,2,0,0.0,18.0,17.0
3312,132.5,83.11814649,57.55962162,2,0,0.0,18.0,17.0
3313,132.54,82.75298552,57.37654451,2,0,0.0,18.0,17.0
3314,132.58,82.39672694,57.1986171,2,0,0.0,18.0,17.0
3315,132.62,82.04665837,57.02380996,2,0,0.0,18.0,17.0
3316,132.66,81.69968529,56.85036464,2,0,0.0,18.0,17.0
3317,132.7,81.35086356,56.67587513,2,0,0.0,18.0,17.0
3318,132.74,81.00022091,56.50041907,2,0,0.0,18.0,17.0
3319,132.78,80.65442355,56.32742452,2,0,0.0,18.0,17.0
3320,132.82,80.31763903,56.15931584,2,0,0.0,18.0,17.0
3321,132.86,79.98285528,55.99153315,2,0,0.0,18.0,17.0
3322,132.9,79.65503832,55.82766151,2,0,0.0,18.0,17.0
3323,132.94,79.33363253,55.66729553,2,0,0.0,18.0,17.0
3324,132.98,79.01409004,55.50724693,2,0,0.0,18.0,17.0
3325,133.02,78.70311121,55.3518292,2,0,0.0,18.0,17.0
3326,133.06,78.39645274,55.19865869,2,0,0.0,18.0,17.0
3327,133.1,78.09188747,55.04636714,2,0,0.0,18.0,17.0
3328,133.14,77.79650201,54.89859594,2,0,0.0,18.0,17.0
3329,133.18,77.50316472,54.75196042,2,0,0.0,18.0,17.0
3330,133.22,77.19515359,54.59802885,2,0,0.0,18.0,17.0
3331,133.26,76.89630347,54.44853254,2,0,0.0,18.0,17.0
3332,133.3,76.59965463,54.30015534,2,0,0.0,18.0,17.0
3333,133.34,76.30593711,54.15335824,2,0,0.0,18.0,17.0
3334,133.38,76.02107633,54.01093486,2,0,0.0,18.0,17.0
3335,133.42,75.73796106,53.86926812,2,0,0.0,18.0,17.0
3336,133.46,75.45815841,53.72937571,2,0,0.0,18.0,17.0
3337,133.5,75.18682971,53.59381625,2,0,0.0,18.0,17.0
3338,133.54,74.91698518,53.4587502,2,0,0.0,18.0,17.0
3339,133.58,74.65074841,53.3255791,2,0,0.0,18.0,17.0
3340,133.62,74.3926397,53.19671998,2,0,0.0,18.0,17.0
3341,133.66,74.13586315,53.06816857,2,0,0.0,18.0,17.0
3342,133.7,73.86922017,52.93473854,2,0,0.0,18.0,17.0
3343,133.74,73.60500378,52.80289767,2,0,0.0,18.0,17.0
3344,133.78,73.34202613,52.67123666,2,0,0.0,18.0,17.0
3345,133.82,73.08299428,52.54156632,2,0,0.0,18.0,17.0
3346,133.86,72.83165971,52.41621988,2,0,0.0,18.0,17.0
3347,133.9,72.58150137,52.29096561,2,0,0.0,18.0,17.0
3348,133.94,72.33537885,52.16771138,2,0,0.0,18.0,17.0
3349,133.98,72.09685869,52.0488134,2,0,0.0,18.0,17.0
3350,134.02,71.85946978,51.92994354,2,0,0.0,18.0,17.0
3351,134.06,71.62620187,51.81310671,2,0,0.0,18.0,17.0
3352,134.1,71.40048175,51.70061917,2,0,0.0,18.0,17.0
3353,134.14,71.17585856,51.58813164,2,0,0.0,18.0,17.0
3354,134.18,70.94084045,51.47043844,2,0,0.0,18.0,17.0
3355,134.22,70.70767844,51.35421237,2,0,0.0,18.0,17.0
3356,134.26,70.47558482,51.23798629,2,0,0.0,18.0,17.0
3357,134.3,70.24793773,51.12400306,2,0,0.0,18.0,17.0
3358,134.34,70.02769439,51.01421598,2,0,0.0,18.0,17.0
3359,134.38,69.80849565,50.9044289,2,0,0.0,18.0,17.0
3360,134.42,69.59408325,50.79709766,2,0,0.0,18.0,17.0
3361,134.46,69.38688825,50.69380965,2,0,0.0,18.0,17.0
3362,134.5,69.18071967,50.59052164,2,0,0.0,18.0,17.0
3363,134.54,68.97987123,50.49002092,2,0,0.0,18.0,17.0
3364,134.58,68.78590294,50.39331364,2,0,0.0,18.0,17.0
3365,134.62,68.59100405,50.29563495,2,0,0.0,18.0,17.0
3366,134.66,68.38254765,50.19139667,2,0,0.0,18.0,17.0
3367,134.7,68.18042091,50.09056784,2,0,0.0,18.0,17.0
3368,134.74,67.97929673,49.98973902,2,0,0.0,18.0,17.0
3369,134.78,67.78541542,49.89287568,2,0,0.0,18.0,17.0
3370,134.82,67.59702627,49.79886095,2,0,0.0,18.0,17.0
3371,134.86,67.40963356,49.70484621,2,0,0.0,18.0,17.0
3372,134.9,67.2310374,49.61573739,2,0,0.0,18.0,17.0
3373,134.94,67.05672582,49.52869195,2,0,0.0,18.0,17.0
3374,134.98,66.88352367,49.44197731,2,0,0.0,18.0,17.0
3375,135.02,66.72097415,49.36075688,2,0,0.0,18.0,17.0
3376,135.06,66.56114382,49.28086439,2,0,0.0,18.0,17.0
3377,135.1,66.38393837,49.19228826,2,0,0.0,18.0,17.0
3378,135.14,66.21452291,49.1075748,2,0,0.0,18.0,17.0
3379,135.18,66.04648341,49.02346838,2,0,0.0,18.0,17.0
3380,135.22,65.88313436,48.94161544,2,0,0.0,18.0,17.0
3381,135.26,65.72957899,48.86512489,2,0,0.0,18.0,17.0
3382,135.3,65.57704131,48.78863434,2,0,0.0,18.0,17.0
3383,135.34,65.43313414,48.71675456,2,0,0.0,18.0,17.0
3384,135.38,65.29570166,48.64816808,2,0,0.0,18.0,17.0
3385,135.42,65.15953839,48.58004059,2,0,0.0,18.0,17.0
3386,135.46,65.03660906,48.51859585,2,0,0.0,18.0,17.0
3387,135.5,64.91602683,48.45824264,2,0,0.0,18.0,17.0
3388,135.54,64.77655148,48.38835512,2,0,0.0,18.0,17.0
3389,135.58,64.64761179,48.3241327,2,0,0.0,18.0,17.0
3390,135.62,64.51975789,48.25991027,2,0,0.0,18.0,17.0
3391,135.66,64.40490263,48.20271497,2,0,0.0,18.0,17.0
3392,135.7,64.29459303,48.14754127,2,0,0.0,18.0,17.0
3393,135.74,64.19027164,48.09521745,2,0,0.0,18.0,17.0
3394,135.78,64.09855104,48.04959534,2,0,0.0,18.0,17.0
3395,135.82,64.00804525,48.00414339,2,0,0.0,18.0,17.0
3396,135.86,63.9341142,47.9673526,2,0,0.0,18.0,17.0
3397,135.9,63.86338668,47.93185753,2,0,0.0,18.0,17.0
3398,135.94,63.78944608,47.89493325,2,0,0.0,18.0,17.0
3399,135.98,63.71285832,47.8566915,2,0,0.0,18.0,17.0
3400,136.02,63.64343284,47.82181609,2,0,0.0,18.0,17.0
3401,136.06,63.58967702,47.7951412,2,0,0.0,18.0,17.0
3402,136.1,63.53968054,47.76985764,2,0,0.0,18.0,17.0
3403,136.14,63.51062859,47.75562756,2,0,0.0,18.0,17.0
3404,136.18,63.48378767,47.74219967,2,0,0.0,18.0,17.0
3405,136.22,63.48116127,47.7408935,2,0,0.03088077,18.0,17.0
3406,136.26,63.48119354,47.7409042,2,0,0.03353945,13.5,15.0
3407,136.3,63.50795719,47.75428981,2,0,0.06027083,13.5,15.0
3408,136.34,63.52340538,47.76173362,2,0,0.06487173,13.5,15.0
3409,136.38,63.55383726,47.77721707,2,0,0.09350835,13.5,15.0
3410,136.42,63.594284,47.79726448,2,0,0.10352321,13.5,15.0
3411,136.46,63.6610929,47.83078439,2,0,0.12988537,13.5,15.0
3412,136.5,63.74899648,47.87475732,2,0,0.15098005,13.5,15.0
3413,136.54,63.85675393,47.92841885,2,0,0.17083392,13.5,15.0
3414,136.58,64.00385247,48.00222636,2,0,0.210175,13.5,15.0
3415,136.62,64.17519712,48.08781386,2,0,0.23442112,9.0,13.0
3416,136.66,64.38048401,48.19026946,2,0,0.26836337,9.0,13.0
3417,136.7,64.64055021,48.32052895,2,0,0.32314267,9.0,13.0
3418,136.74,64.91626054,48.4584366,2,0,0.37061553,9.0,13.0
3419,136.78,65.2523884,48.62646961,2,0,0.43173244,9.0,13.0
3420,136.82,65.66964778,48.83506358,2,0,0.51286395,9.0,13.0
3421,136.86,66.1986467,49.0995882,2,0,0.6246035,4.5,11.0
3422,136.9,66.88892777,49.44477226,2,0,0.78588564,4.5,11.0
3423,136.94,67.82639466,49.91322823,2,0,1.03307147,4.5,11.0
3424,136.98,69.43537619,50.71781174,2,0,1.7045861,0.0,0.0
3425,137.02,71.7690677,43.88453385,1,0,2.42929609,0.0,0.0
3426,137.06,71.35346313,43.67673156,1,0,0.0,0.0,0.0
3427,137.1,70.9060678,43.4530339,1,0,0.0,0.0,0.0
3428,137.14,70.45438988,43.22719494,1,0,0.0,0.0,0.0
3429,137.18,70.00271196,43.00135598,1,0,0.0,0.0,0.0
3430,137.22,69.55103405,42.77551702,1,0,0.0,0.0,0.0
3431,137.26,69.09935613,42.54967806,1,0,0.0,0.0,0.0
3432,137.3,68.64767821,42.3238391,1,0,0.0,0.0,0.0
3433,137.34,68.19600029,42.09800014,1,0,0.0,0.0,0.0
3434,137.38,67.74432237,41.87216119,1,0,0.0,0.0,0.0
3435,137.42,67.28210982,41.64105491,1,0,0.0,0.0,0.0
3436,137.46,66.79006854,41.39503427,1,0,0.0,0.0,0.0
3437,137.5,66.29802726,41.14901363,1,0,0.0,0.0,0.0
3438,137.54,65.80598598,40.90299299,1,0,0.0,0.0,0.0
3439,137.58,65.3139447,40.65697235,1,0,0.0,0.0,0.0
3440,137.62,64.82190342,40.41095171,1,0,0.0,0.0,0.0
3441,137.66,64.32986214,40.16493107,1,0,0.0,0.0,0.0
3442,137.7,63.83782086,39.91891043,1,0,0.0,0.0,0.0
3443,137.74,63.33979178,39.66989589,1,0,0.0,0.0,0.0
3444,137.78,62.80212272,39.40106136,1,0,0.0,0.0,0.0
3445,137.82,62.26445365,39.13222682,1,0,0.0,0.0,0.0
3446,137.86,61.72678458,38.86339229,1,0,0.0,0.0,0.0
3447,137.9,61.18911551,38.59455776,1,0,0.0,0.0,0.0
3448,137.94,60.65144645,38.32572322,1,0,0.0,0.0,0.0
3449,137.98,60.11377738,38.05688869,1,0,0.0,0.0,0.0
3450,138.02,59.57610831,37.78805416,1,0,0.0,0.0,0.0
3451,138.06,59.01210153,37.50605077,1,0,0.0,0.0,0.0
3452,138.1,58.42226706,37.21113353,1,0,0.0,0.0,0.0
3453,138.14,57.83243259,36.9162163,1,0,0.0,0.0,0.0
3454,138.18,57.24259813,36.62129906,1,0,0.0,0.0,0.0
3455,138.22,56.65276366,36.32638183,1,0,0.0,0.0,0.0
3456,138.26,56.06292919,36.03146459,1,0,0.0,0.0,0.0
3457,138.3,55.47309472,35.73654736,1,0,0.0,0.0,0.0
3458,138.34,54.85945343,35.42972672,1,0,0.0,0.0,0.0
3459,138.38,54.20920024,35.10460012,1,0,0.0,0.0,0.0
3460,138.42,53.55894706,34.77947353,1,0,0.0,0.0,0.0
3461,138.46,52.90869387,34.45434694,1,0,0.0,0.0,0.0
3462,138.5,52.25844068,34.12922034,1,0,0.0,0.0,0.0
3463,138.54,51.6081875,33.80409375,1,0,0.0,0.0,0.0
3464,138.58,50.95793431,33.47896716,1,0,0.0,0.0,0.0
3465,138.62,50.25014128,33.12507064,1,0,0.0,0.0,0.0
3466,138.66,49.52883923,32.76441962,1,0,0.0,0.0,0.0
3467,138.7,48.80753719,32.40376859,1,0,0.0,0.0,0.0
3468,138.74,48.08623515,32.04311757,1,0,0.0,0.0,0.0
3469,138.78,47.3649331,31.68246655,1,0,0.0,0.0,0.0
3470,138.82,46.64363106,31.32181553,1,0,0.0,0.0,0.0
3471,138.86,45.85745083,30.92872541,1,0,0.0,0.0,0.0
3472,138.9,45.05109666,30.52554833,1,0,0.0,0.0,0.0
3473,138.94,44.24474249,30.12237124,1,0,0.0,0.0,0.0
3474,138.98,43.43838831,29.71919416,1,0,0.0,0.0,0.0
3475,139.02,42.63203414,29.31601707,1,0,0.0,0.0,0.0
3476,139.06,41.79838535,28.89919268,1,0,0.0,0.0,0.0
3477,139.1,40.88802818,28.44401409,1,0,0.0,0.0,0.0
3478,139.14,39.97767101,27.98883551,1,0,0.0,0.0,0.0
3479,139.18,39.06731384,27.53365692,1,0,0.0,0.0,0.0
3480,139.22,38.15695667,27.07847834,1,0,0.0,0.0,0.0
3481,139.26,37.20515397,26.60257698,1,0,0.0,0.0,0.0
3482,139.3,36.16423855,26.08211927,1,0,0.0,0.0,0.0
3483,139.34,35.12332313,25.56166157,1,0,0.0,0.0,0.0
3484,139.38,34.08240771,25.04120386,1,0,0.0,0.0,0.0
3485,139.42,33.0414923,24.52074615,1,0,0.0,0.0,0.0
3486,139.46,31.84210363,23.92105181,1,0,0.0,0.0,0.0
3487,139.5,30.63181996,23.31590998,1,0,0.0,0.0,0.0
3488,139.54,29.4215363,22.71076815,1,0,0.0,0.0,0.0
3489,139.58,28.18280862,22.09140431,1,0,0.0,0.0,0.0
3490,139.62,26.74314405,21.37157203,1,0,0.0,0.0,0.0
3491,139.66,25.30347948,20.65173974,1,0,0.0,0.0,0.0
3492,139.7,23.86381491,19.93190745,1,0,0.0,0.0,0.0
3493,139.74,22.13148035,19.06574018,1,0,0.0,0.0,0.0
3494,139.78,20.3624166,18.1812083,1,0,0.0,0.0,0.0
3495,139.82,18.47267241,17.2363362,1,0,0.0,0.0,0.0
3496,139.86,16.1884392,16.0942196,1,0,0.0,0.0,0.0
3497,139.9,13.75132351,14.87566176,1,0,0.0,0.0,0.0
3498,139.94,10.54317299,13.27158649,1,0,0.0,0.0,0.0
3499,139.98,5.86131142,10.93065571,1,0,0.0,0.0,0.0
