layer_index,z_mm,part_area_mm2,part_perimeter_mm,part_component_count,new_island_count,unsupported_area_mm2,support_area_mm2,support_perimeter_mm
0,0.025,16.18093597,16.90566775,1,0,0.0,5547.5,3131.0
1,0.075,22.39304766,23.09331022,1,0,5.35911366,5540.75,3137.0
2,0.125,28.42126955,26.05325095,1,0,4.86754591,5533.5,3141.0
3,0.175,34.62894273,27.98075944,1,0,4.90326374,5526.75,3143.0
4,0.225,40.4664955,29.06324178,1,0,4.44119021,5521.0,3142.0
5,0.275,46.2192439,30.20581909,1,0,4.30408089,5514.75,3145.0
6,0.325,51.69073686,31.45141444,1,0,3.96605699,5508.75,3145.0
7,0.375,57.13910379,32.7504262,1,0,3.88122173,5502.5,3146.0
8,0.425,62.19974193,34.01631682,1,0,3.42901969,5497.75,3148.0
9,0.475,67.15631684,35.29375277,1,0,3.26209932,5493.5,3148.0
10,0.525,72.33801871,36.60044866,1,0,3.42407777,5486.0,3149.0
11,0.575,77.71668941,37.94616678,1,0,3.55643576,5482.0,3150.0
12,0.625,83.28160289,39.33735149,1,0,3.67572013,5474.5,3151.0
13,0.675,89.18010479,40.80013258,1,0,3.9389058,5468.5,3152.0
14,0.725,95.44484219,42.31472069,1,0,4.2311257,5464.0,3154.0
15,0.775,742.88671104,218.34835861,2,1,645.33135948,4770.75,3174.0
16,0.825,774.19451258,226.90208613,2,0,23.44519928,4738.5,3162.0
17,0.875,794.95508335,230.10330509,3,1,12.82914181,4714.75,3153.0
18,0.925,815.4777021,234.61543579,3,0,12.52581124,4696.5,3145.0
19,0.975,836.16354458,236.26850496,3,0,12.51845798,4683.25,3140.0
20,1.025,857.6840853,239.41115567,2,0,13.34575067,4661.5,3133.0
21,1.075,878.03688951,240.17471737,2,0,12.12306701,4644.25,3126.0
22,1.125,897.64061505,241.18638093,2,0,11.40587213,4622.25,3117.0
23,1.175,916.62103055,242.39086818,2,0,10.80509959,4600.75,3101.0
24,1.225,933.94755036,243.04006065,2,0,9.15112493,4587.0,3097.0
25,1.275,950.37672262,243.58605634,2,0,8.27100399,4574.75,3097.0
26,1.325,966.72176832,244.19453782,2,0,8.22512718,4565.75,3087.0
27,1.375,982.69688995,245.43733742,2,0,7.88185781,4544.0,3083.0
28,1.425,998.7701734,246.91249864,2,0,7.97761892,4528.0,3075.0
29,1.475,1015.04190162,248.4629375,2,0,8.14016194,4516.5,3070.0
30,1.525,1065.01371906,268.82318447,4,2,41.82004133,4461.75,3083.0
31,1.575,1085.30240121,274.53321072,4,0,11.16519056,4444.0,3078.0
32,1.625,1106.26390263,280.77127701,4,0,11.61484415,4420.0,3068.0
33,1.675,1125.61086481,286.23215587,4,0,9.75229721,4406.5,3065.0
34,1.725,1143.86049319,291.7818474,4,0,8.43531655,4389.0,3063.0
35,1.775,1162.54190412,297.4207594,4,0,8.65437417,4370.75,3058.0
36,1.825,1181.9352987,303.38918753,4,0,9.14953442,4351.25,3056.0
37,1.875,1202.61603817,311.09329591,3,0,10.19163362,4333.5,3053.0
38,1.925,1223.96522513,317.03463725,3,0,10.55036115,4318.5,3049.0
39,1.975,1247.00293846,316.3389791,2,0,12.02225705,4296.5,3043.0
40,2.025,1268.61536664,314.02940887,2,0,10.68761544,4278.75,3035.0
41,2.075,1289.17782667,316.94857934,2,0,9.76069014,4259.5,3020.0
42,2.125,1310.46150509,321.71306308,2,0,10.388524,4240.0,3018.0
43,2.175,1331.32565648,324.22696738,2,0,9.90958045,4217.75,3013.0
44,2.225,1351.87138897,327.30189006,2,0,9.57823606,4202.25,3014.0
45,2.275,1373.30170149,331.22288733,2,0,10.46714798,4183.75,3008.0
46,2.325,1395.44563894,335.85039138,3,1,11.09604045,4165.5,3005.0
47,2.375,1417.60781915,342.11284306,3,0,10.92883337,4144.75,3002.0
48,2.425,1439.30144234,348.31068924,3,0,10.25167268,4126.75,3002.0
49,2.475,1458.81280798,351.82532761,3,0,7.85498863,4111.25,2998.0
50,2.525,1479.92784586,353.03886455,1,0,9.36016474,4092.0,2992.0
51,2.575,1499.22519448,350.45830464,1,0,7.58880363,4078.75,2983.0
52,2.625,1518.18688006,350.02229506,1,0,7.47232517,4067.75,2979.0
53,2.675,1536.0291641,348.25101311,1,0,6.44311871,4051.25,2968.0
54,2.725,1553.3469326,347.04264542,1,0,6.07899351,4036.25,2955.0
55,2.775,1569.86277011,346.57524729,1,0,5.41271054,4026.0,2948.0
56,2.825,1586.09171684,346.37622007,1,0,5.30828984,4015.5,2932.0
57,2.875,1602.85939975,347.17298445,1,0,5.9382655,4005.25,2918.0
58,2.925,1618.58948184,345.5279739,1,0,4.9285635,3993.25,2912.0
59,2.975,1633.97917726,344.09410183,1,0,4.73033422,3984.0,2907.0
60,3.025,1651.17853469,350.1956108,3,2,6.6893953,3965.0,2906.0
61,3.075,1670.06197732,352.67018736,3,0,8.28821875,3948.75,2901.0
62,3.125,1689.06934154,354.61684583,3,0,8.41647499,3932.75,2886.0
63,3.175,1707.82204934,357.91558049,4,1,8.18009545,3918.0,2874.0
64,3.225,1726.72335619,361.83395693,4,0,8.28353481,3901.5,2869.0
65,3.275,1743.96712392,360.48182195,3,0,6.56681034,3888.5,2853.0
66,3.325,1759.25279926,360.06441554,3,0,4.78606676,3875.75,2839.0
67,3.375,1774.4493118,359.55009982,3,0,4.80146731,3861.25,2826.0
68,3.425,1794.46968143,351.89941125,3,0,9.75385376,3846.5,2810.0
69,3.475,1808.6386935,348.45588728,3,0,4.4739254,3829.5,2796.0
70,3.525,1822.69660932,348.29590134,3,0,4.50634922,3822.5,2789.0
71,3.575,1836.69697595,348.27863118,3,0,4.52333668,3812.25,2779.0
72,3.625,1850.48692361,345.64604596,3,0,4.36382746,3803.0,2776.0
73,3.675,1864.12185928,345.96874385,3,0,4.39749453,3793.75,2772.0
74,3.725,1877.81147301,346.25267596,2,0,4.48693805,3781.75,2760.0
75,3.775,1894.91893632,358.28907981,2,0,7.93073072,3766.75,2757.0
76,3.825,1915.24059751,360.03836919,2,0,10.67574596,3748.75,2744.0
77,3.875,1935.44962097,362.03774925,3,1,10.69391414,3728.75,2726.0
78,3.925,1955.82633846,365.14120289,3,0,10.90370454,3711.5,2710.0
79,3.975,1975.97133995,365.58080276,3,0,10.77871291,3690.5,2698.0
80,4.025,1997.162104,373.96575497,3,1,11.90150966,3672.0,2693.0
81,4.075,2018.28422088,378.48768216,2,0,11.63589132,3655.5,2686.0
82,4.125,2035.86825522,379.9450904,2,0,8.07201467,3641.0,2677.0
83,4.175,2052.4096605,382.41980299,2,0,7.08116922,3634.0,2665.0
84,4.225,2068.62798248,385.1240168,2,0,6.77846462,3615.75,2647.0
85,4.275,2084.69317889,387.8872978,2,0,6.61926605,3604.75,2639.0
86,4.325,2100.62521647,390.68996436,2,0,6.48024361,3589.25,2630.0
87,4.375,2116.46672053,393.60037075,2,0,6.38471047,3579.0,2610.0
88,4.425,2131.88507665,396.54767527,2,0,5.92973928,3570.25,2603.0
89,4.475,2146.98178917,399.1676746,2,0,5.71267601,3561.25,2596.0
90,4.525,2188.74072715,399.35732137,1,0,32.38108144,3520.75,2563.0
91,4.575,2202.55066388,396.93467889,1,0,4.93939342,3511.25,2547.0
92,4.625,2216.11181913,398.93680465,1,0,4.86446822,3511.25,2550.0
93,4.675,2229.1833153,393.51013615,1,0,4.46565095,3502.25,2542.0
94,4.725,2241.9418423,392.38878021,1,0,4.40841541,3493.0,2530.0
95,4.775,2254.04734846,390.371303,1,0,3.90266807,3484.5,2523.0
96,4.825,2265.93510349,388.33066747,1,0,3.86018656,3478.0,2514.0
97,4.875,2277.6751317,386.76238299,1,0,3.83729749,3473.0,2505.0
98,4.925,2289.06378415,385.37837662,1,0,3.59029533,3466.5,2498.0
99,4.975,2300.2998768,384.04770136,1,0,3.53244304,3460.5,2492.0
100,5.025,2311.40371606,382.86910851,1,0,3.51556526,3454.0,2482.0
101,5.075,2322.34421481,381.93977379,1,0,3.44635618,3446.5,2473.0
102,5.125,2333.21458705,381.09096114,1,0,3.48365795,3439.25,2464.0
103,5.175,2343.8079419,380.18198256,1,0,3.319624,3433.5,2457.0
104,5.225,2358.12578741,380.41679533,1,0,7.11355923,3426.25,2443.0
105,5.275,2385.09615535,381.62419499,1,0,19.79371236,3402.75,2415.0
106,5.325,2394.36863824,380.5490598,1,0,2.658736,3396.75,2409.0
107,5.375,2403.43571389,379.46388032,1,0,2.55912911,3392.0,2402.0
108,5.425,2411.53211249,378.35054827,1,0,1.71262542,3390.25,2397.0
109,5.475,2419.11214365,377.66998301,1,0,1.32470192,3385.75,2383.0
110,5.525,2426.61693213,377.2649278,1,0,1.30992518,3379.5,2369.0
111,5.575,2434.06931559,376.88585643,1,0,1.32483601,3377.25,2362.0
112,5.625,2441.29098483,376.80529314,2,1,1.15693239,3373.25,2352.0
113,5.675,2448.34026906,376.97141519,2,0,1.0808608,3372.5,2349.0
114,5.725,2455.30271679,377.16063679,2,0,1.08095032,3368.75,2344.0
115,5.775,2462.15349835,377.01954865,2,0,1.05957647,3365.5,2336.0
116,5.825,2468.87152967,376.594185,2,0,0.99505398,3363.25,2331.0
117,5.875,2475.48095245,376.75206984,2,0,0.95611987,3362.5,2329.0
118,5.925,2482.07209681,377.76369816,2,0,0.96328938,3359.5,2326.0
119,5.975,2488.67051477,378.74381311,1,0,0.96885094,3355.5,2321.0
120,6.025,2495.12099589,375.53132216,1,0,0.86567881,3353.25,2315.0
121,6.075,2501.278116,375.22435973,1,0,0.72866618,3352.75,2315.0
122,6.125,2507.32815239,374.92535672,1,0,0.72156735,3353.25,2313.0
123,6.175,2513.30663267,374.62939971,1,0,0.71011023,3351.75,2307.0
124,6.225,2519.21003268,374.34322949,1,0,0.67966359,3349.0,2304.0
125,6.275,2525.03133367,374.04636217,1,0,0.64363408,3345.75,2296.0
126,6.325,2530.75534296,373.62840088,1,0,0.60727747,3346.0,2295.0
127,6.375,2536.3226447,373.08797015,1,0,0.52281219,3345.75,2293.0
128,6.425,2541.87962851,372.58022905,1,0,0.56043988,3344.75,2291.0
129,6.475,2547.38036894,372.18638706,1,0,0.54023967,3342.25,2289.0
130,6.525,2552.80445016,371.99461514,1,0,0.52307802,3342.75,2289.0
131,6.575,2558.17313852,371.85087734,1,0,0.5063564,3340.25,2286.0
132,6.625,2563.49118588,371.71052388,1,0,0.50334707,3339.0,2284.0
133,6.675,2568.76458016,371.58607824,1,0,0.49319312,3337.5,2283.0
134,6.725,2573.97978362,371.48535067,1,0,0.47490028,3337.25,2283.0
135,6.775,2579.1533633,371.40419437,1,0,0.49015958,3337.25,2283.0
136,6.825,2584.29431762,371.3470002,1,0,0.4830499,3336.25,2281.0
137,6.875,2589.38392636,371.29095063,1,0,0.4812018,3336.5,2281.0
138,6.925,2594.30502036,371.05058891,1,0,0.36561338,3331.25,2270.0
139,6.975,2598.91074623,370.70451506,1,0,0.29997314,3330.75,2267.0
140,7.025,2603.47245957,370.45307988,1,0,0.30721431,3330.0,2259.0
141,7.075,2607.93111455,370.32441998,1,0,0.28775714,3329.75,2259.0
142,7.125,2612.32943986,370.189004,1,0,0.25508239,3329.5,2259.0
143,7.175,2616.5998626,369.9767463,1,0,0.20659446,3329.25,2259.0
144,7.225,2620.80696499,369.7404286,1,0,0.19755892,3327.0,2257.0
145,7.275,2624.97977907,369.49427331,1,0,0.20089148,3327.0,2256.0
146,7.325,2629.10127109,369.21287466,1,0,0.18352659,3327.0,2254.0
147,7.375,2633.17549414,368.92895273,1,0,0.17465981,3327.0,2254.0
148,7.425,2637.22873524,368.62537601,1,0,0.17859218,3326.5,2254.0
149,7.475,2641.27802287,368.25198054,1,0,0.18092081,3326.5,2253.0
150,7.525,2645.31401475,367.84774609,1,0,0.19386984,3326.0,2253.0
151,7.575,2649.35162256,367.43017106,1,0,0.21183411,3323.75,2252.0
152,7.625,2653.37921872,367.03592562,1,0,0.23280873,3323.75,2252.0
153,7.675,2657.28526397,366.59704524,1,0,0.22924175,3323.0,2249.0
154,7.725,2661.07017953,366.18102776,1,0,0.20230997,3323.5,2251.0
155,7.775,2664.74667154,365.83127219,1,0,0.20447198,3323.75,2251.0
156,7.825,2668.37497778,365.50364745,1,0,0.18994097,3323.0,2249.0
157,7.875,2671.9598902,365.14577407,1,0,0.18788576,3320.0,2247.0
158,7.925,2675.50569814,364.7975986,1,0,0.17574269,3320.5,2248.0
159,7.975,2679.01022409,364.40447795,1,0,0.17376583,3320.5,2248.0
160,8.025,2682.46495797,364.00121371,1,0,0.17064796,3320.5,2247.0
161,8.075,2685.85204135,363.6199393,1,0,0.15905623,3320.25,2242.0
162,8.125,2689.17480074,363.26638429,1,0,0.15880781,3321.25,2242.0
163,8.175,2692.46488184,362.91340713,1,0,0.16053116,3321.75,2240.0
164,8.225,2695.73175667,362.5627931,1,0,0.1622545,3319.75,2240.0
165,8.275,2698.94661546,362.20556414,1,0,0.16397198,3319.75,2239.0
166,8.325,2702.12052916,361.84563987,1,0,0.16559649,3319.25,2239.0
167,8.375,2705.23075508,361.5136128,1,0,0.13831903,3319.25,2239.0
168,8.425,2708.31049611,361.15813015,1,0,0.13748972,3319.5,2239.0
169,8.475,2711.38365924,360.80585545,1,0,0.1394507,3320.0,2239.0
170,8.525,2714.45959059,360.44604277,1,0,0.14150026,3318.5,2239.0
171,8.575,2717.4396444,353.18080758,1,0,0.14352802,3318.75,2239.0
172,8.625,2720.30070166,348.36972162,1,0,0.14526726,3318.25,2239.0
173,8.675,2723.0743171,343.57047661,1,0,0.14540831,3318.0,2239.0
174,8.725,2725.73669054,338.77914737,1,0,0.14528456,3318.0,2240.0
175,8.775,2728.26545759,333.9903966,1,0,0.14516082,3317.75,2238.0
176,8.825,2730.67456601,333.75095144,1,0,0.1449361,3318.0,2238.0
177,8.875,2733.00740441,333.78376906,1,0,0.14320433,3316.0,2228.0
178,8.925,2735.2975945,333.81933071,1,0,0.14102575,3316.25,2228.0
179,8.975,2737.56418992,333.86122081,1,0,0.13880089,3316.25,2228.0
180,9.025,2739.62048133,333.863177,1,0,0.02698583,3316.0,2226.0
181,9.075,2741.51382918,333.80175015,1,0,0.02378859,3316.25,2226.0
182,9.125,2743.34457372,333.72914148,1,0,0.02059136,3316.75,2226.0
183,9.175,2745.1529741,333.66010118,1,0,0.01739413,3316.5,2225.0
184,9.225,2746.94700193,333.59347206,1,0,0.0141969,3316.75,2223.0
185,9.275,2748.72340705,333.52817164,1,0,0.01103511,3317.25,2223.0
186,9.325,2750.48617764,333.46413745,1,0,0.0,3317.25,2223.0
187,9.375,2752.23273172,333.40136007,1,0,0.0,3318.25,2223.0
188,9.425,2753.95026263,333.34320872,1,0,0.0,3318.5,2223.0
189,9.475,2755.63448673,333.30701236,1,0,0.0,3318.75,2222.0
190,9.525,2757.28526512,333.25866188,1,0,0.0,3319.0,2222.0
191,9.575,2758.90919798,333.20346777,1,0,0.0,3319.25,2222.0
192,9.625,2760.50562941,333.15146305,1,0,0.0,3319.25,2222.0
193,9.675,2762.0766838,333.11259849,1,0,0.0,3319.25,2222.0
194,9.725,2763.63630596,333.08632152,1,0,0.0,3320.0,2224.0
195,9.775,2765.1844643,333.06263235,1,0,0.0,3321.0,2224.0
196,9.825,2766.71749307,333.04290262,1,0,0.0,3321.0,2224.0
197,9.875,2768.23191902,333.02472492,1,0,0.0,3322.25,2224.0
198,9.925,2769.72522841,332.99587799,1,0,0.0,3323.0,2224.0
199,9.975,2771.20047359,332.99496559,1,0,0.0,3323.75,2224.0
200,10.025,2772.65330362,332.99869547,1,0,0.0,3324.0,2224.0
201,10.075,2774.08421023,333.03156717,1,0,0.0,3324.25,2224.0
202,10.125,2775.44571741,333.09838561,1,0,0.0,3324.5,2224.0
203,10.175,2776.78987714,333.09739083,1,0,0.0,3324.75,2224.0
204,10.225,2778.12142027,332.99617852,1,0,0.0,3324.75,2224.0
205,10.275,2779.44256254,332.89700553,1,0,0.0,3325.75,2224.0
206,10.325,2780.7551579,332.79851458,1,0,0.0,3326.25,2224.0
207,10.375,2782.03900785,332.69859504,1,0,0.0,3326.25,2224.0
208,10.425,2783.29397427,332.59705729,1,0,0.0,3326.25,2224.0
209,10.475,2784.5418595,332.49652047,1,0,0.0,3326.75,2224.0
210,10.525,2785.78123879,332.39797914,1,0,0.0,3327.0,2224.0
211,10.575,2787.00605662,332.30434523,1,0,0.0,3327.75,2224.0
212,10.625,2788.22187643,332.21288518,1,0,0.0,3328.0,2224.0
213,10.675,2789.43526275,332.1226346,1,0,0.0,3328.5,2225.0
214,10.725,2790.64271048,332.03524867,1,0,0.0,3328.75,2225.0
215,10.775,2791.82281764,331.93798199,1,0,0.0,3329.0,2226.0
216,10.825,2792.99564259,331.81861527,1,0,0.0,3329.0,2226.0
217,10.875,2794.1570789,331.70137318,1,0,0.0,3329.5,2226.0
218,10.925,2795.30810054,331.58533539,1,0,0.0,3329.75,2226.0
219,10.975,2796.45157769,331.46945291,1,0,0.0,3330.25,2226.0
220,11.025,2797.58324351,331.35497628,1,0,0.0,3330.5,2226.0
221,11.075,2798.70505826,331.24096612,1,0,0.0,3330.75,2226.0
222,11.125,2799.79614666,331.11963128,1,0,0.0,3331.75,2226.0
223,11.175,2800.87477709,330.99818335,1,0,0.0,3332.0,2226.0
224,11.225,2801.94347512,330.8758079,1,0,0.0,3332.0,2226.0
225,11.275,2802.99501624,330.75669597,1,0,0.0,3332.75,2227.0
226,11.325,2804.00028894,330.63656939,1,0,0.0,3332.75,2227.0
227,11.375,2804.99202599,330.51751335,1,0,0.0,3332.75,2227.0
228,11.425,2805.9753742,330.3963039,1,0,0.0,3333.25,2226.0
229,11.475,2806.9560176,330.27630367,1,0,0.0,3333.25,2226.0
230,11.525,2807.92560622,330.16001837,1,0,0.0,3333.25,2226.0
231,11.575,2808.88158552,330.04744827,1,0,0.0,3334.5,2228.0
232,11.625,2809.82833966,329.93576375,1,0,0.0,3336.0,2229.0
233,11.675,2810.76387532,329.84347015,1,0,0.0,3336.75,2229.0
234,11.725,2811.69056505,329.75337388,1,0,0.0,3337.25,2229.0
235,11.775,2812.6035517,329.66489097,1,0,0.0,3337.5,2229.0
236,11.825,2813.49969498,329.58043246,1,0,0.0,3338.25,2229.0
237,11.875,2814.37946146,329.49455816,1,0,0.0,3338.25,2229.0
238,11.925,2815.25175885,329.40822417,1,0,0.0,3339.0,2229.0
239,11.975,2816.11756655,329.32241458,1,0,0.0,3339.25,2229.0
240,12.025,2816.979345,329.24008868,1,0,0.0,3339.25,2229.0
241,12.075,2817.83853588,329.16683523,1,0,0.0,3340.0,2230.0
242,12.125,2818.69764281,329.09423793,1,0,0.0,3340.5,2230.0
243,12.175,2819.55937658,329.01789423,1,0,0.0,3340.5,2230.0
244,12.225,2820.4206714,328.93749342,1,0,0.0,3340.5,2230.0
245,12.275,2821.27945258,328.85670669,1,0,0.0,3341.5,2231.0
246,12.325,2822.13444254,328.7780738,1,0,0.0,3342.0,2231.0
247,12.375,2822.98412029,328.7000288,1,0,0.0,3342.25,2231.0
248,12.425,2823.82665265,328.63266697,1,0,0.0,3342.75,2231.0
249,12.475,2824.65793419,328.54276707,1,0,0.0,3342.75,2231.0
250,12.525,2825.47745713,328.45323948,1,0,0.0,3343.25,2231.0
251,12.575,2826.2872739,328.36878592,1,0,0.0,3343.5,2231.0
252,12.625,2827.08049244,328.31663299,1,0,0.0,3343.5,2231.0
253,12.675,2827.86824131,328.26462924,1,0,0.0,3343.5,2231.0
254,12.725,2828.6568764,328.21329634,1,0,0.0,3343.75,2231.0
255,12.775,2829.4447959,328.16162971,1,0,0.0,3344.5,2231.0
256,12.825,2830.23155677,328.11005986,1,0,0.0,3344.75,2231.0
257,12.875,2831.01347718,328.05940766,1,0,0.0,3345.75,2231.0
258,12.925,2831.79303355,328.01343828,1,0,0.0,3345.75,2231.0
259,12.975,2832.5795715,327.97141799,1,0,0.0,3346.25,2231.0
260,13.025,2833.36858983,327.93045987,1,0,0.0,3346.25,2231.0
261,13.075,2834.15707042,327.8900525,1,0,0.0,3346.75,2231.0
262,13.125,2834.93850379,327.85185613,1,0,0.0,3347.0,2233.0
263,13.175,2835.71816502,327.81505,1,0,0.0,3347.25,2233.0
264,13.225,2836.48856037,327.77943166,1,0,0.0,3347.5,2233.0
265,13.275,2837.24826869,327.7444037,1,0,0.0,3347.75,2233.0
266,13.325,2837.9770789,327.7192754,1,0,0.0,3348.0,2233.0
267,13.375,2838.68447312,327.69532505,1,0,0.0,3348.5,2232.0
268,13.425,2839.38999569,327.67200211,1,0,0.0,3350.0,2234.0
269,13.475,2840.09441079,327.6490312,1,0,0.0,3351.0,2234.0
270,13.525,2840.79834641,327.62080408,1,0,0.0,3351.25,2234.0
271,13.575,2841.50274742,327.59177468,1,0,0.0,3352.0,2234.0
272,13.625,2842.20542586,327.56168744,1,0,0.0,3352.5,2234.0
273,13.675,2842.90222055,327.53128723,1,0,0.0,3353.0,2234.0
274,13.725,2843.59480463,327.50030563,1,0,0.0,3353.25,2234.0
275,13.775,2844.28299197,327.46748476,1,0,0.0,3353.75,2234.0
276,13.825,2844.96646639,327.43491991,1,0,0.0,3353.75,2234.0
277,13.875,2845.64654479,327.40272066,1,0,0.0,3353.75,2234.0
278,13.925,2846.32623579,327.37077898,1,0,0.0,3354.25,2234.0
279,13.975,2847.00538563,327.32347039,1,0,0.0,3355.0,2234.0
280,14.025,2847.68202094,327.26597056,1,0,0.0,3355.75,2234.0
281,14.075,2848.35441155,327.20881902,1,0,0.0,3355.75,2234.0
282,14.125,2849.02109406,327.15211437,1,0,0.0,3355.75,2234.0
283,14.175,2849.67685403,327.09803795,1,0,0.0,3356.0,2234.0
284,14.225,2850.32160427,327.02967949,1,0,0.0,3356.0,2234.0
285,14.275,2850.96779503,326.96210531,1,0,0.0,3357.0,2234.0
286,14.325,2851.61684503,326.89442712,1,0,0.0,3357.75,2234.0
287,14.375,2852.26739289,326.8271633,1,0,0.0,3357.75,2234.0
288,14.425,2852.91851958,326.75775901,1,0,0.0,3357.75,2234.0
289,14.475,2853.56964072,326.68715708,1,0,0.0,3359.0,2234.0
290,14.525,2854.22010025,326.61676822,1,0,0.0,3359.25,2234.0
291,14.575,2854.86839894,326.54656511,1,0,0.0,3359.25,2234.0
292,14.625,2855.51444962,326.47662607,1,0,0.0,3359.75,2235.0
293,14.675,2856.16001215,326.40725731,1,0,0.0,3360.0,2235.0
294,14.725,2856.8042941,326.33803925,1,0,0.0,3361.25,2235.0
295,14.775,2857.44493895,326.26917995,1,0,0.0,3361.75,2236.0
296,14.825,2858.09122087,326.20861312,1,0,0.0,3362.0,2236.0
297,14.875,2858.75022105,326.14992733,1,0,0.0,3362.0,2236.0
298,14.925,2859.41286323,326.10358396,1,0,0.0,3362.5,2236.0
299,14.975,2860.07372811,326.0569544,1,0,0.0,3362.75,2237.0
300,15.025,2860.73272201,326.0105872,1,0,0.0,3362.75,2237.0
301,15.075,2861.38595813,325.96581798,1,0,0.0,3362.75,2237.0
302,15.125,2862.0305556,325.92717036,1,0,0.0,3363.0,2237.0
303,15.175,2862.67045035,325.90464802,1,0,0.0,3363.5,2237.0
304,15.225,2863.31456829,325.882645,1,0,0.0,3364.25,2238.0
305,15.275,2863.95620981,325.86158122,1,0,0.0,3364.75,2237.0
306,15.325,2864.59437745,325.84422488,1,0,0.0,3365.5,2237.0
307,15.375,2865.23066656,325.82412437,1,0,0.0,3366.0,2237.0
308,15.425,2865.86532467,325.80290651,1,0,0.0,3366.75,2237.0
309,15.475,2866.5228266,325.78808607,1,0,0.0,3367.5,2238.0
310,15.525,2867.2208416,325.78295974,1,0,0.0,3367.5,2238.0
311,15.575,2867.92202432,325.77841535,1,0,0.0,3367.75,2238.0
312,15.625,2868.62473677,325.7741855,1,0,0.0,3368.0,2239.0
313,15.675,2869.32458954,325.75682366,1,0,0.0,3368.5,2239.0
314,15.725,2870.02749812,325.79149163,1,0,0.0,3369.0,2239.0
315,15.775,2870.74589595,325.82666348,1,0,0.0133426,3369.0,2239.0
316,15.825,2871.48187343,325.86205071,1,0,0.02417534,3369.75,2239.0
317,15.875,2872.22125769,325.93749103,1,0,0.02732218,3369.75,2239.0
318,15.925,2872.92862045,325.99815608,1,0,0.0,3370.0,2239.0
319,15.975,2873.6176103,325.97736998,1,0,0.0,3370.0,2239.0
320,16.025,2874.30624647,325.95752691,1,0,0.0,3370.0,2239.0
321,16.075,2874.99732862,325.93908647,1,0,0.0,3370.25,2239.0
322,16.125,2875.69188429,325.93290287,1,0,0.0,3371.0,2239.0
323,16.175,2876.39504713,325.93331786,1,0,0.0,3371.25,2239.0
324,16.225,2877.10822372,325.93609488,1,0,0.0,3371.5,2239.0
325,16.275,2877.83043805,325.95100477,1,0,0.0,3372.0,2239.0
326,16.325,2878.55639815,325.96863054,1,0,0.0,3372.0,2239.0
327,16.375,2879.28413945,325.98579374,1,0,0.0,3372.5,2239.0
328,16.425,2880.01380687,326.00046284,1,0,0.0,3373.25,2239.0
329,16.475,2880.746234,326.01580205,1,0,0.0,3373.5,2239.0
330,16.525,2881.48024482,326.03179087,1,0,0.0,3373.5,2239.0
331,16.575,2882.21436636,326.0545809,1,0,0.0,3374.0,2239.0
332,16.625,2882.95278715,326.07033559,1,0,0.0,3374.0,2239.0
333,16.675,2883.69366198,326.08608611,1,0,0.0,3374.5,2239.0
334,16.725,2884.43708521,326.10304181,1,0,0.0,3374.5,2239.0
335,16.775,2885.1858267,326.12042521,1,0,0.0,3374.75,2239.0
336,16.825,2885.93915479,326.13705712,1,0,0.0,3375.0,2239.0
337,16.875,2886.67545288,326.15979845,1,0,0.0,3375.0,2239.0
338,16.925,2887.42167028,326.1863356,1,0,0.0,3375.25,2239.0
339,16.975,2888.18161364,326.21133056,1,0,0.0,3375.5,2239.0
340,17.025,2888.99473935,326.24685056,1,0,0.0,3375.5,2239.0
341,17.075,2889.81137092,326.28124774,1,0,0.0,3377.25,2243.0
342,17.125,2890.63208131,326.3200626,1,0,0.0,3378.0,2242.0
343,17.175,2891.45707468,326.35869275,1,0,0.0,3378.5,2244.0
344,17.225,2892.28516034,326.39749174,1,0,0.0,3378.75,2245.0
345,17.275,2893.11441074,326.43878029,1,0,0.0,3379.5,2246.0
346,17.325,2893.94207736,326.46998248,1,0,0.0,3380.75,2247.0
347,17.375,2894.77336717,326.50175005,1,0,0.0,3381.0,2247.0
348,17.425,2895.60335369,326.54934963,1,0,0.0,3381.25,2247.0
349,17.475,2896.43111235,326.6061611,1,0,0.0,3381.5,2247.0
350,17.525,2897.26233989,326.67316924,1,0,0.0,3381.75,2248.0
351,17.575,2898.10051445,326.74056799,1,0,0.0,3382.0,2248.0
352,17.625,2898.9477076,326.80844982,1,0,0.0,3383.0,2249.0
353,17.675,2899.80411757,326.87645223,1,0,0.0,3383.0,2249.0
354,17.725,2900.6662627,326.94527799,1,0,0.0,3383.5,2249.0
355,17.775,2901.52460196,327.015649,1,0,0.0,3383.75,2250.0
356,17.825,2902.38366765,327.09804152,1,0,0.0,3384.0,2250.0
357,17.875,2903.24104385,327.18131269,1,0,0.0,3384.5,2251.0
358,17.925,2904.09854104,327.26492481,1,0,0.0,3385.25,2252.0
359,17.975,2904.95660732,327.34986625,1,0,0.0,3385.25,2252.0
360,18.025,2905.81473719,327.43511694,1,0,0.0,3385.75,2252.0
361,18.075,2906.67326339,327.52116212,1,0,0.0,3386.25,2253.0
362,18.125,2907.53277524,327.60728333,1,0,0.0,3386.5,2253.0
363,18.175,2908.39295127,327.69358946,1,0,0.0,3387.25,2255.0
364,18.225,2909.25134678,327.77952396,1,0,0.0,3387.5,2255.0
365,18.275,2910.10741589,327.86557046,1,0,0.0,3387.75,2255.0
366,18.325,2910.96038668,327.95195325,1,0,0.0,3388.0,2255.0
367,18.375,2911.81227762,328.03944251,1,0,0.0,3388.0,2255.0
368,18.425,2912.66828358,328.12739146,1,0,0.0,3388.0,2255.0
369,18.475,2913.52555065,328.21564536,1,0,0.0,3388.75,2256.0
370,18.525,2914.38200211,328.30390203,1,0,0.0,3389.5,2257.0
371,18.575,2915.23437619,328.39242921,1,0,0.0,3389.75,2257.0
372,18.625,2916.08480166,328.48108289,1,0,0.0,3389.75,2257.0
373,18.675,2916.93955694,328.5702556,1,0,0.0,3389.75,2257.0
374,18.725,2917.80387496,328.66050036,1,0,0.0,3390.25,2257.0
375,18.775,2918.67122218,328.75302906,1,0,0.0,3390.75,2258.0
376,18.825,2919.53981097,328.84604333,1,0,0.0,3391.0,2258.0
377,18.875,2920.4095844,328.94093657,1,0,0.0,3393.0,2261.0
378,18.925,2921.2783114,329.04037961,1,0,0.0,3393.75,2260.0
379,18.975,2922.1483317,329.14211988,1,0,0.0,3394.75,2260.0
380,19.025,2923.02107644,329.23913885,1,0,0.0,3395.0,2260.0
381,19.075,2923.89521262,329.33640173,1,0,0.0,3395.5,2261.0
382,19.125,2924.7740468,329.43390532,1,0,0.0,3396.75,2261.0
383,19.175,2925.65722191,329.53254694,1,0,0.0,3397.0,2261.0
384,19.225,2926.54192551,329.63165803,1,0,0.0,3397.75,2262.0
385,19.275,2927.42730492,329.73272307,1,0,0.0,3397.75,2262.0
386,19.325,2928.31476344,329.83475478,1,0,0.0,3398.25,2262.0
387,19.375,2929.20514014,329.93840985,1,0,0.0,3398.5,2262.0
388,19.425,2930.09871438,330.04208141,1,0,0.0,3399.0,2263.0
389,19.475,2930.99424804,330.14793985,1,0,0.0,3399.25,2263.0
390,19.525,2931.89103123,330.27527636,1,0,0.0,3399.5,2263.0
391,19.575,2932.79053927,330.40297276,1,0,0.0,3400.0,2264.0
392,19.625,2933.698072,330.54395537,1,0,0.0,3400.5,2264.0
393,19.675,2934.60967388,330.69137597,1,0,0.0,3401.0,2264.0
394,19.725,2935.52821904,330.84224033,1,0,0.0,3401.0,2264.0
395,19.775,2936.45289447,330.99491814,1,0,0.0,3401.5,2264.0
396,19.825,2937.40596189,331.12844797,1,0,0.0,3401.75,2264.0
397,19.875,2938.37321806,331.25026744,1,0,0.0,3402.0,2264.0
398,19.925,2939.33090281,331.38205842,1,0,0.0,3402.0,2264.0
399,19.975,2940.28840083,331.51566212,1,0,0.0,3403.25,2264.0
400,20.025,2941.24986765,331.64879591,1,0,0.0,3403.75,2264.0
401,20.075,2942.21879561,331.78009331,1,0,0.0,3404.25,2265.0
402,20.125,2943.18867393,331.91150073,1,0,0.0,3404.5,2265.0
403,20.175,2944.15918803,332.04511887,1,0,0.0,3404.75,2265.0
404,20.225,2945.13535015,332.11120564,1,0,0.0,3405.0,2265.0
405,20.275,2946.12144379,332.17773665,1,0,0.0,3406.0,2265.0
406,20.325,2947.11946133,332.24510578,1,0,0.0,3406.25,2266.0
407,20.375,2948.12600589,332.32468304,1,0,0.0,3406.25,2266.0
408,20.425,2949.1258954,332.42315697,1,0,0.0,3406.25,2266.0
409,20.475,2950.11571653,332.52168498,1,0,0.0,3406.75,2266.0
410,20.525,2951.10023756,332.62032402,1,0,0.0,3407.0,2266.0
411,20.575,2952.07878175,332.72086052,1,0,0.0,3407.0,2266.0
412,20.625,2953.05523288,332.86068756,1,0,0.0,3407.0,2266.0
413,20.675,2954.03678071,333.00124453,1,0,0.0,3407.25,2267.0
414,20.725,2955.02309972,333.14181422,1,0,0.0,3408.5,2268.0
415,20.775,2956.01231499,333.282715,1,0,0.0,3409.0,2268.0
416,20.825,2957.00295346,333.41954227,1,0,0.0,3409.75,2268.0
417,20.875,2957.99290338,333.55462328,1,0,0.0,3410.5,2268.0
418,20.925,2958.98608052,333.69047034,1,0,0.0,3411.75,2269.0
419,20.975,2959.98312612,333.82789759,1,0,0.0,3412.25,2269.0
420,21.025,2960.98226218,333.96556413,1,0,0.0,3412.5,2269.0
421,21.075,2961.98555336,334.10415213,1,0,0.0,3413.25,2269.0
422,21.125,2962.99284606,334.23715283,1,0,0.0,3413.5,2269.0
423,21.175,2964.01030466,334.31378794,1,0,0.0,3413.75,2269.0
424,21.225,2965.04130948,334.39034214,1,0,0.0,3414.75,2269.0
425,21.275,2966.08251437,334.48114908,1,0,0.0,3415.25,2269.0
426,21.325,2967.12125198,334.57857009,1,0,0.0,3415.75,2269.0
427,21.375,2968.15685911,334.67604877,1,0,0.0,3415.75,2269.0
428,21.425,2969.20118662,334.77621187,1,0,0.0,3416.0,2269.0
429,21.475,2970.25760567,334.88088649,1,0,0.0,3416.25,2269.0
430,21.525,2971.31013202,335.00146692,1,0,0.0,3416.75,2269.0
431,21.575,2972.36436058,335.14408326,1,0,0.0,3417.5,2268.0
432,21.625,2973.4209248,335.2934773,1,0,0.0,3417.75,2268.0
433,21.675,2974.47678859,335.44205821,1,0,0.0,3418.25,2268.0
434,21.725,2975.53174513,335.58856279,1,0,0.0,3418.25,2268.0
435,21.775,2976.5861865,335.7353128,1,0,0.0,3418.25,2268.0
436,21.825,2977.63874126,335.88273377,1,0,0.0,3418.25,2268.0
437,21.875,2978.69274161,336.03194519,1,0,0.0,3419.5,2269.0
438,21.925,2979.74380961,336.18432171,1,0,0.0,3419.5,2269.0
439,21.975,2980.79611687,336.33819088,1,0,0.0,3420.0,2269.0
440,22.025,2981.85000112,336.49214778,1,0,0.0,3420.75,2269.0
441,22.075,2982.90437425,336.6463897,1,0,0.0,3421.25,2270.0
442,22.125,2983.95213181,336.79871691,1,0,0.0,3421.75,2270.0
443,22.175,2985.00276479,336.95115078,1,0,0.0,3421.75,2270.0
444,22.225,2986.05503417,337.1043029,1,0,0.0,3422.75,2272.0
445,22.275,2987.1051505,337.25993171,1,0,0.0,3423.25,2273.0
446,22.325,2988.15170792,337.41619368,1,0,0.0,3423.5,2273.0
447,22.375,2989.19729754,337.5723214,1,0,0.0,3423.5,2273.0
448,22.425,2990.239688,337.72664384,1,0,0.0,3423.75,2273.0
449,22.475,2991.28722467,337.91821921,1,0,0.0,3424.75,2272.0
450,22.525,2992.33411758,338.12211443,1,0,0.0,3426.25,2274.0
451,22.575,2993.38649737,338.32759596,1,0,0.0,3427.25,2274.0
452,22.625,2994.4362216,338.53364107,1,0,0.0,3427.25,2274.0
453,22.675,2995.48441077,338.72172398,1,0,0.0,3427.5,2274.0
454,22.725,2996.54529496,338.90172237,1,0,0.0,3428.5,2274.0
455,22.775,2997.61786395,339.08982484,1,0,0.0,3428.5,2274.0
456,22.825,2998.69883447,339.29370915,1,0,0.0,3429.0,2274.0
457,22.875,2999.77678058,339.50525049,1,0,0.0,3429.0,2274.0
458,22.925,3000.8514203,339.68689399,1,0,0.0,3429.75,2274.0
459,22.975,3001.92223937,339.86938507,1,0,0.0,3430.0,2274.0
460,23.025,3002.98680304,340.04196256,1,0,0.0,3430.5,2275.0
461,23.075,3004.05203367,340.1949409,1,0,0.0,3431.25,2275.0
462,23.125,3005.1189337,340.3470518,1,0,0.0,3431.75,2275.0
463,23.175,3006.18632234,340.49958329,1,0,0.0,3431.75,2275.0
464,23.225,3007.25753872,340.65325108,1,0,0.0,3432.5,2275.0
465,23.275,3008.33984283,340.83874386,1,0,0.0,3432.5,2275.0
466,23.325,3009.43895214,341.00608057,1,0,0.0,3433.5,2275.0
467,23.375,3010.55068451,341.1929892,1,0,0.0,3434.0,2275.0
468,23.425,3011.65990519,341.41498813,1,0,0.0,3434.75,2276.0
469,23.475,3012.76104685,341.63949447,1,0,0.0,3435.25,2276.0
470,23.525,3013.85395768,341.81639648,1,0,0.0,3435.75,2277.0
471,23.575,3014.94389265,341.96933259,1,0,0.0,3436.0,2277.0
472,23.625,3016.03342771,342.14017277,1,0,0.0,3436.25,2277.0
473,23.675,3017.13359863,342.33079813,1,0,0.0,3436.25,2277.0
474,23.725,3018.24537847,342.52137919,1,0,0.0,3436.5,2277.0
475,23.775,3019.37063585,342.7330531,1,0,0.0,3436.75,2277.0
476,23.825,3020.50090974,342.96783909,1,0,0.0,3437.25,2278.0
477,23.875,3021.63522227,343.20384712,1,0,0.0,3437.75,2278.0
478,23.925,3022.7710942,343.43818139,1,0,0.0,3438.0,2278.0
479,23.975,3023.91068538,343.62928064,1,0,0.0,3438.5,2278.0
480,24.025,3025.05692103,343.82247427,1,0,0.0,3439.0,2278.0
481,24.075,3026.20811,344.02202923,1,0,0.0,3439.5,2278.0
482,24.125,3027.36517553,344.22530135,1,0,0.0,3440.25,2278.0
483,24.175,3028.5406358,344.42460432,1,0,0.0,3440.5,2278.0
484,24.225,3029.72160163,344.6287398,1,0,0.0,3440.75,2278.0
485,24.275,3030.89398385,344.8353695,1,0,0.0,3441.25,2279.0
486,24.325,3032.06942836,345.04385314,1,0,0.0,3441.75,2280.0
487,24.375,3033.24821457,345.2572983,1,0,0.0,3442.75,2281.0
488,24.425,3034.43159563,345.46705674,1,0,0.0,3444.0,2281.0
489,24.475,3035.61798487,345.67579058,1,0,0.0,3444.0,2281.0
490,24.525,3036.80579111,345.88766403,1,0,0.0,3445.0,2281.0
491,24.575,3037.98188387,346.10365588,1,0,0.0,3446.25,2281.0
492,24.625,3039.13801907,346.3202415,1,0,0.0,3446.25,2281.0
493,24.675,3040.25500708,346.54957608,1,0,0.0,3446.25,2281.0
494,24.725,3041.3676249,346.78103932,1,0,0.0,3447.25,2281.0
495,24.775,3042.48596548,347.01045551,1,0,0.0,3447.5,2281.0
496,24.825,3043.60784199,347.24061871,1,0,0.0,3447.75,2281.0
497,24.875,3044.73244842,347.47898806,1,0,0.0,3448.75,2281.0
498,24.925,3045.86697909,347.72461302,1,0,0.0,3449.5,2281.0
499,24.975,3047.00231649,347.96097822,1,0,0.0,3449.75,2281.0
500,25.025,3048.14291071,348.19333256,1,0,0.0,3449.75,2281.0
501,25.075,3049.29213851,348.42632128,1,0,0.0,3450.75,2281.0
502,25.125,3050.44806681,348.65343937,1,0,0.0,3451.5,2281.0
503,25.175,3051.60070261,348.88143354,1,0,0.0,3451.5,2281.0
504,25.225,3052.75395804,349.11188535,1,0,0.0,3451.5,2281.0
505,25.275,3053.90784829,349.33565233,1,0,0.0,3452.25,2281.0
506,25.325,3055.06240607,349.55862451,1,0,0.0,3452.5,2281.0
507,25.375,3056.21647827,349.78369231,1,0,0.0,3452.75,2281.0
508,25.425,3057.36706427,350.08232707,1,0,0.0,3453.5,2281.0
509,25.475,3058.5131647,350.40485344,1,0,0.0,3454.25,2282.0
510,25.525,3059.66459704,350.73325754,1,0,0.0,3454.25,2282.0
511,25.575,3060.82872577,351.06315648,1,0,0.0,3454.5,2282.0
512,25.625,3062.00356956,351.39832049,1,0,0.0,3455.0,2281.0
513,25.675,3063.19304309,351.73441773,1,0,0.0,3455.25,2281.0
514,25.725,3064.39925371,352.08119855,1,0,0.0,3455.25,2281.0
515,25.775,3065.61708955,352.42478892,1,0,0.0,3455.75,2281.0
516,25.825,3066.84399799,352.76120859,1,0,0.0,3455.75,2281.0
517,25.875,3068.07928636,353.09412418,1,0,0.0,3456.5,2281.0
518,25.925,3069.31779621,353.40526939,1,0,0.0,3456.75,2281.0
519,25.975,3070.55736477,353.71710227,1,0,0.0,3457.0,2281.0
520,26.025,3071.7999455,354.0486214,1,0,0.0,3457.25,2281.0
521,26.075,3073.05342397,354.38608442,1,0,0.0,3457.5,2281.0
522,26.125,3074.32012922,354.72566084,1,0,0.0,3458.5,2281.0
523,26.175,3075.58857566,355.07205943,1,0,0.0,3459.75,2283.0
524,26.225,3076.85937257,355.41933566,1,0,0.0,3460.75,2283.0
525,26.275,3078.14194529,355.76289684,1,0,0.0,3461.0,2283.0
526,26.325,3079.44021104,356.10172725,1,0,0.0,3462.0,2283.0
527,26.375,3080.74819998,356.43631544,1,0,0.0,3463.0,2283.0
528,26.425,3082.06706541,356.77033329,1,0,0.0,3463.25,2283.0
529,26.475,3083.39551462,357.09116505,1,0,0.0,3464.0,2283.0
530,26.525,3084.73711747,357.40973602,1,0,0.0,3465.0,2284.0
531,26.575,3086.09270031,357.73050505,1,0,0.0,3465.25,2284.0
532,26.625,3087.45980098,358.09776632,1,0,0.0,3465.25,2284.0
533,26.675,3088.83960797,358.58228295,1,0,0.01322194,3465.75,2284.0
534,26.725,3090.23523114,359.07097992,1,0,0.01718247,3466.25,2284.0
535,26.775,3091.7065237,359.5779502,1,0,0.01833641,3466.75,2284.0
536,26.825,3093.22478057,360.09146921,1,0,0.01745585,3467.5,2285.0
537,26.875,3094.75331625,360.60597644,1,0,0.01657529,3467.5,2284.0
538,26.925,3096.29429635,361.1199085,1,0,0.01570025,3467.75,2284.0
539,26.975,3097.84464061,361.55116558,1,0,0.01482192,3468.0,2284.0
540,27.025,3099.40187051,361.92164796,1,0,0.01394136,3468.25,2284.0
541,27.075,3100.96329874,362.29455419,1,0,0.01306081,3468.25,2285.0
542,27.125,3102.53916679,363.96115006,1,0,0.02583341,3468.25,2281.0
543,27.175,3104.12908649,364.35288136,1,0,0.01129956,3468.0,2279.0
544,27.225,3105.69769508,364.74881774,1,0,0.01089985,3468.25,2279.0
545,27.275,3107.28635974,365.14843861,1,0,0.01087558,3468.5,2279.0
546,27.325,3108.89008526,365.56569479,1,0,0.01085131,3469.75,2279.0
547,27.375,3110.50413817,365.99108983,1,0,0.01085347,3469.75,2279.0
548,27.425,3112.13110148,366.42965436,1,0,0.01221883,3471.0,2279.0
549,27.475,3113.77263525,366.87330711,1,0,0.01405985,3471.0,2279.0
550,27.525,3115.43094771,367.31967919,1,0,0.01590088,3471.0,2278.0
551,27.575,3117.10841309,367.77158035,1,0,0.01774191,3471.25,2278.0
552,27.625,3118.80054119,368.23073132,1,0,0.01958293,3471.5,2278.0
553,27.675,3120.493716,368.69423809,1,0,0.02142396,3471.5,2278.0
554,27.725,3122.19087019,369.16038515,1,0,0.02326498,3472.0,2278.0
555,27.775,3123.89026944,369.60107638,1,0,0.02510601,3472.25,2278.0
556,27.825,3125.59429079,370.0210058,1,0,0.02351339,3472.25,2278.0
557,27.875,3127.29633651,370.44982923,1,0,0.01074033,3472.5,2278.0
558,27.925,3129.01010321,370.87933996,1,0,0.01187928,3472.5,2277.0
559,27.975,3130.75622249,371.30598347,1,0,0.01301573,3472.75,2277.0
560,28.025,3132.50531562,371.73463628,1,0,0.01415217,3474.5,2279.0
561,28.075,3134.25561414,372.17048467,1,0,0.01528862,3476.0,2279.0
562,28.125,3136.05072774,372.67119594,1,0,0.01642506,3476.75,2279.0
563,28.175,3137.89127115,373.19146946,1,0,0.01756151,3477.0,2279.0
564,28.225,3139.78846802,373.72260712,1,0,0.01869795,3476.75,2279.0
565,28.275,3141.7412852,374.26014506,1,0,0.0198344,3476.75,2278.0
566,28.325,3143.70237536,374.78957338,1,0,0.01690669,3478.0,2273.0
567,28.375,3145.67448884,375.31813718,1,0,0.0,3479.0,2274.0
568,28.425,3147.65209229,375.863484,1,0,0.0,3479.25,2274.0
569,28.475,3149.63407566,376.37249519,1,0,0.0,3479.25,2274.0
570,28.525,3151.62306258,376.84958028,1,0,0.0,3479.5,2274.0
571,28.575,3153.62022501,377.31735017,1,0,0.0,3480.25,2274.0
572,28.625,3155.64666716,377.75272712,1,0,0.0,3480.5,2274.0
573,28.675,3157.70597543,378.17667278,1,0,0.0,3481.0,2274.0
574,28.725,3159.7765348,378.60188148,1,0,0.0,3481.25,2274.0
575,28.775,3161.85530616,379.01381165,1,0,0.01039056,3481.75,2274.0
576,28.825,3163.95173895,379.42105538,1,0,0.01186325,3482.0,2275.0
577,28.875,3166.07013571,379.82749106,1,0,0.01335634,3482.5,2275.0
578,28.925,3168.22123244,380.3371676,1,0,0.01484943,3482.5,2274.0
579,28.975,3170.43546784,380.9183287,1,0,0.05269434,3483.25,2274.0
580,29.025,3172.70456698,381.57634537,1,0,0.04189035,3483.75,2271.0
581,29.075,3175.01064978,382.05719488,1,0,0.01456821,3484.5,2271.0
582,29.125,3177.3943393,382.52985124,1,0,0.01242749,3484.5,2267.0
583,29.175,3179.87428571,383.04058081,1,0,0.0,3484.75,2267.0
584,29.225,3182.45681453,383.58890489,1,0,0.02052011,3485.25,2267.0
585,29.275,3185.08027532,384.14387659,1,0,0.02118376,3486.25,2267.0
586,29.325,3187.72984947,384.70392743,1,0,0.02184741,3485.75,2266.0
587,29.375,3190.39036466,385.27345851,1,0,0.02251105,3486.0,2266.0
588,29.425,3193.05942306,385.8455004,1,0,0.0231747,3486.0,2266.0
589,29.475,3195.77172336,386.33730818,1,0,0.02383835,3486.25,2266.0
590,29.525,3198.50804137,386.81728727,1,0,0.02450199,3487.25,2266.0
591,29.575,3201.26470121,387.33864699,1,0,0.02516564,3487.5,2267.0
592,29.625,3204.0611706,387.88532955,1,0,0.02666496,3487.5,2267.0
593,29.675,3206.89001394,388.46379655,1,0,0.02976634,3487.25,2266.0
594,29.725,3209.81091723,389.01455228,1,0,0.04151383,3486.5,2266.0
595,29.775,3212.7711599,389.57138435,1,0,0.05575968,3486.75,2266.0
596,29.825,3215.75381604,390.13213542,1,0,0.05574694,3488.0,2268.0
597,29.875,3218.75212269,390.67201422,1,0,0.05573419,3488.5,2268.0
598,29.925,3221.77214545,391.20201473,1,0,0.05515416,3489.5,2268.0
599,29.975,3224.86494133,391.79325236,1,0,0.07542094,3488.25,2265.0
600,30.025,3227.97741014,392.40262785,1,0,0.07785635,3488.75,2265.0
601,30.075,3231.11886662,393.02034399,1,0,0.07858774,3489.25,2265.0
602,30.125,3234.31043918,393.64556526,1,0,0.08162905,3488.5,2264.0
603,30.175,3237.55625181,394.2817485,1,0,0.07567262,3488.5,2262.0
604,30.225,3240.83577862,394.89904238,1,0,0.07776259,3489.5,2261.0
605,30.275,3244.15053495,395.49988644,1,0,0.09517193,3490.25,2261.0
606,30.325,3247.48955917,396.11856501,1,0,0.1084085,3490.25,2261.0
607,30.375,3250.96054597,396.70384099,1,0,0.10382194,3489.25,2259.0
608,30.425,3254.6345882,397.22621702,1,0,0.17124037,3490.25,2259.0
609,30.475,3258.34184185,397.66413787,1,0,0.17588563,3490.0,2259.0
610,30.525,3262.06983681,398.11708775,1,0,0.17792924,3488.0,2259.0
611,30.575,3265.86494232,398.53639527,1,0,0.18060345,3488.25,2259.0
612,30.625,3269.86153688,398.78542427,1,0,0.2433076,3488.75,2259.0
613,30.675,3273.94054036,399.02885617,1,0,0.28374306,3488.75,2259.0
614,30.725,3278.0746725,399.32452012,1,0,0.30481148,3488.5,2259.0
615,30.775,3282.30199074,399.70848572,1,0,0.32384819,3486.75,2257.0
616,30.825,3286.62539095,400.16076566,1,0,0.32807374,3485.75,2256.0
617,30.875,3291.02754676,400.71902881,1,0,0.34646293,3484.5,2255.0
618,30.925,3295.49687174,401.33987338,1,0,0.33796389,3483.75,2255.0
619,30.975,3300.30496355,402.04557186,1,0,0.57630859,3483.75,2255.0
620,31.025,3305.56255551,402.7824828,1,0,0.92579756,3481.25,2256.0
621,31.075,3311.34951152,403.55115431,1,0,1.28726177,3478.0,2252.0
622,31.125,3317.6216501,404.88242038,1,0,1.67348562,3476.0,2253.0
623,31.175,3324.12817486,406.29283835,1,0,1.82413528,3472.75,2252.0
624,31.225,3330.93097647,407.74994347,1,0,2.0153199,3470.0,2254.0
625,31.275,3338.02595078,409.25896253,1,0,2.19192752,3463.5,2253.0
626,31.325,3345.4796183,410.80014595,1,0,2.42063776,3460.25,2252.0
627,31.375,3353.3884162,412.49200436,1,0,2.75924195,3455.75,2251.0
628,31.425,3361.72994228,414.32304647,1,0,3.06908516,3450.5,2239.0
629,31.475,3371.20931371,416.77915116,1,0,4.08457664,3446.75,2238.0
630,31.525,3381.59800054,432.97151482,1,0,4.79859039,3438.5,2230.0
631,31.575,3391.41337964,435.57645028,1,0,4.19665381,3431.5,2220.0
632,31.625,3400.50027973,436.09681912,1,0,3.42526701,3426.0,2218.0
633,31.675,3409.04204925,436.9609204,1,0,2.86097033,3421.75,2212.0
634,31.725,3417.50445584,437.92447658,1,0,2.68177478,3416.0,2209.0
635,31.775,3425.9872507,438.91036824,1,0,2.68080674,3412.75,2205.0
636,31.825,3434.42804124,439.89180318,1,0,2.60800407,3409.0,2202.0
637,31.875,3442.93517228,441.03621808,1,0,2.62588687,3403.25,2202.0
638,31.925,3451.50206942,442.22281373,1,0,2.65281581,3398.25,2197.0
639,31.975,3460.07084181,443.59364567,1,0,2.59838779,3394.25,2197.0
640,32.025,3468.82735382,445.16158504,1,0,2.70058074,3388.75,2192.0
641,32.075,3477.75589232,446.96362233,1,0,2.78989793,3382.25,2189.0
642,32.125,3486.85075953,450.28172152,1,0,2.85625018,3376.75,2186.0
643,32.175,3496.30409035,453.62511333,1,0,3.07056436,3369.25,2180.0
644,32.225,3510.41692686,457.18078511,1,0,7.47957453,3358.75,2172.0
645,32.275,3526.2264782,481.71527074,1,0,9.07369359,3341.0,2164.0
646,32.325,3542.81138399,486.97100458,1,0,9.24423508,3331.25,2159.0
647,32.375,3559.38184472,489.12868771,2,1,9.11669149,3315.5,2151.0
648,32.425,3576.15032631,492.62724269,2,1,9.2275648,3299.75,2142.0
649,32.475,3591.40622501,496.25078305,2,0,7.61229991,3288.5,2136.0
650,32.525,3605.42434242,500.63778761,3,1,6.23746446,3276.0,2127.0
651,32.575,3621.04635175,505.13800029,3,0,7.64059106,3264.25,2125.0
652,32.625,3637.55487961,508.60850551,2,0,8.33427967,3252.25,2120.0
653,32.675,3654.78004551,512.59745015,2,0,8.91109002,3236.0,2113.0
654,32.725,3672.98519137,517.43782566,2,0,9.72283199,3221.75,2113.0
655,32.775,3691.83413808,522.64483547,2,0,10.09635853,3200.5,2109.0
656,32.825,3711.05676753,527.80453928,2,0,10.28017339,3188.0,2098.0
657,32.875,3730.66769341,532.95600295,2,0,10.47601448,3171.25,2093.0
658,32.925,3751.30113414,538.06249791,2,0,11.15638528,3152.0,2086.0
659,32.975,3776.36011289,542.26869466,1,0,15.3154455,3130.75,2069.0
660,33.025,3809.69069119,569.09985825,1,0,23.4098731,3093.5,2059.0
661,33.075,3848.68578469,595.97285794,2,1,28.13654698,3049.75,2050.0
662,33.125,3878.81514198,601.93106467,2,0,18.30834408,3021.0,2042.0
663,33.175,3908.37135808,606.56800422,2,0,17.50068992,2994.75,2036.0
664,33.225,3938.32448573,611.31651476,3,1,17.6614888,2975.0,2027.0
665,33.275,3970.3390367,616.60047719,3,0,19.51657855,2944.75,2021.0
666,33.325,4003.30967774,622.41199957,3,0,20.27173251,2916.25,2011.0
667,33.375,4039.3981088,632.15702132,3,0,23.17779661,2877.5,2004.0
668,33.425,4076.12576576,640.4831379,5,2,23.52284447,2841.75,1997.0
669,33.475,4114.91873634,652.69808667,5,0,25.31317513,2804.75,1992.0
670,33.525,4155.11776603,664.58416041,5,0,26.20277075,2765.25,1990.0
671,33.575,4197.29080784,680.02007401,6,1,27.71774265,2724.5,1979.0
672,33.625,4241.12006197,694.15730187,6,0,28.79059083,2683.75,1977.0
673,33.675,4286.81059432,713.57594807,7,1,30.07566681,2643.75,1974.0
674,33.725,4346.50828337,751.62398373,8,2,43.35770069,2579.0,1956.0
675,33.775,4620.16155094,916.32620214,7,0,255.76175189,2250.5,1866.0
676,33.825,4703.90849615,942.58080007,8,1,60.70218963,2168.5,1833.0
677,33.875,4771.88019674,962.67781509,8,0,44.3361849,2111.5,1799.0
678,33.925,4833.74369383,983.12605325,8,0,37.86585236,2047.0,1760.0
679,33.975,4893.06155758,1002.61418436,8,0,34.95890988,1987.25,1725.0
680,34.025,4948.94898917,1022.25410091,8,0,31.20599869,1936.75,1685.0
681,34.075,5002.54948034,1037.30819332,7,0,28.50476516,1891.0,1654.0
682,34.125,5056.50587585,1054.10774924,6,0,28.61476207,1841.25,1618.0
683,34.175,5110.05198443,1070.46198416,6,0,27.86091979,1795.0,1591.0
684,34.225,5163.82265132,1086.56700738,6,0,27.75511664,1750.75,1549.0
685,34.275,5217.20101153,1101.76086339,6,0,27.07731011,1706.25,1513.0
686,34.325,5270.30011059,1118.04098546,6,1,26.59807281,1659.25,1479.0
687,34.375,5325.65355849,1135.86762823,5,0,28.57761547,1613.75,1446.0
688,34.425,5380.36251358,1155.59703842,5,0,27.69495056,1563.75,1408.0
689,34.475,5436.8171578,1179.51506786,5,0,29.12700141,1515.75,1352.0
690,34.525,5529.44769811,1240.81657133,5,0,64.80993093,1416.75,1259.0
691,34.575,5581.85256049,1256.83052335,4,0,23.5498532,1372.25,1217.0
692,34.625,5631.17444653,1270.46294214,4,0,20.45268528,1337.0,1185.0
693,34.675,5679.49906486,1281.36122487,3,0,19.48024517,1307.0,1146.0
694,34.725,5725.5722879,1290.85956519,3,0,17.2833111,1278.25,1114.0
695,34.775,5770.53651489,1298.54288739,3,0,16.23712928,1262.25,1086.0
696,34.825,5814.38045828,1305.92398496,3,0,15.32191719,1236.0,1054.0
697,34.875,5856.55388847,1312.67224423,3,0,13.83619831,1210.75,1036.0
698,34.925,5898.63672751,1320.11373564,3,0,13.89731036,1184.75,1014.0
699,34.975,5939.46371196,1325.03672613,3,0,12.7694803,1159.75,986.0
700,35.025,5979.35033221,1331.10189252,3,0,12.09930721,1137.0,963.0
701,35.075,6017.79479877,1336.3156236,3,0,10.83022629,1119.75,943.0
702,35.125,6055.05229616,1340.63985015,3,0,9.85321891,1098.0,923.0
703,35.175,6091.40576559,1344.30044341,2,0,9.15782615,1084.0,911.0
704,35.225,6126.77765245,1344.68322743,2,0,8.42415916,1062.75,884.0
705,35.275,6161.17916171,1343.5646331,2,0,7.84766411,1048.75,855.0
706,35.325,6194.96719739,1342.94908005,2,0,7.66285607,1032.5,840.0
707,35.375,6227.78331979,1344.47237848,2,0,7.03241156,1021.0,826.0
708,35.425,6260.08158371,1344.44600878,2,0,6.77947387,1009.5,809.0
709,35.475,6291.94748071,1343.488008,2,0,6.67883871,990.25,783.0
710,35.525,6322.81478835,1341.66985733,2,0,6.00692442,981.75,771.0
711,35.575,6352.29911725,1338.67506415,2,0,4.95252472,974.75,765.0
712,35.625,6381.32765067,1335.73256966,2,0,4.8831529,961.25,742.0
713,35.675,6409.49172412,1334.02515535,2,0,4.38793177,948.0,726.0
714,35.725,6437.14592767,1333.65293408,2,0,4.168054,942.0,721.0
715,35.775,6464.52333313,1332.87967849,1,0,4.15337877,933.5,717.0
716,35.825,6491.53012842,1331.99395332,1,0,4.01528282,921.75,695.0
717,35.875,6518.06303746,1328.32161449,1,0,3.82233802,912.25,681.0
718,35.925,6543.69719395,1321.01714461,1,0,3.39397629,905.5,674.0
719,35.975,6568.32420057,1318.54014208,1,0,2.79131025,901.75,671.0
720,36.025,6592.47344435,1316.37767437,1,0,2.58941785,892.0,657.0
721,36.075,6616.32448516,1314.40027308,1,0,2.55908411,884.0,652.0
722,36.125,6639.91054182,1312.64798257,1,0,2.53375668,876.25,639.0
723,36.175,6663.07464542,1310.87799,1,0,2.31778644,870.0,632.0
724,36.225,6685.70615023,1309.17757068,1,0,2.01224268,866.75,630.0
725,36.275,6708.18743236,1307.94263888,1,0,2.01579083,863.0,623.0
726,36.325,6730.51161319,1306.71377536,1,0,2.02573282,856.75,615.0
727,36.375,6752.59303605,1304.75554425,1,0,1.97575735,859.75,614.0
728,36.425,6774.34146635,1302.67051472,1,0,1.84220845,855.0,611.0
729,36.475,6795.9559935,1301.03343233,1,0,1.87060077,846.75,605.0
730,36.525,6817.53875398,1299.79904177,1,0,1.99466973,843.25,601.0
731,36.575,6839.071211,1298.62819201,1,0,2.07883642,839.0,587.0
732,36.625,6860.37994864,1297.4194739,1,0,1.99574389,834.25,582.0
733,36.675,6881.49650728,1296.46695802,1,0,1.93615169,826.5,576.0
734,36.725,6902.47526742,1295.57657992,1,0,1.91291339,822.75,569.0
735,36.775,6923.30323731,1293.11699489,1,0,1.84892023,822.25,574.0
736,36.825,6943.81274761,1288.67255967,1,0,1.75323894,813.75,549.0
737,36.875,6963.84280585,1284.21388831,1,0,1.50060387,807.5,541.0
738,36.925,6983.39670671,1281.32100965,1,0,1.38185877,804.25,535.0
739,36.975,7002.82120216,1279.6781082,1,0,1.38260715,799.25,527.0
740,37.025,7022.15477212,1278.0936491,1,0,1.40430074,796.75,523.0
741,37.075,7041.22998918,1276.4789953,1,0,1.31901487,794.0,514.0
742,37.125,7060.12026388,1274.95904361,1,0,1.27607024,791.0,515.0
743,37.175,7078.8432877,1273.52141817,1,0,1.22006912,787.5,505.0
744,37.225,7097.41243671,1272.13314412,1,0,1.16926404,781.75,492.0
745,37.275,7115.71157072,1269.3592767,1,0,0.99972245,780.75,502.0
746,37.325,7133.77175883,1266.32885102,1,0,0.93408505,779.5,499.0
747,37.375,7151.68134296,1263.31090849,1,0,0.91451811,777.75,492.0
748,37.425,7169.41601059,1260.16921,1,0,0.86973739,774.0,481.0
749,37.475,7186.92014116,1256.92188706,1,0,0.83348307,771.75,475.0
750,37.525,7204.25361511,1253.35863067,1,0,0.81854039,766.5,463.0
751,37.575,7221.35277557,1249.61182145,1,0,0.72925169,765.25,461.0
752,37.625,7238.26069989,1245.71876179,1,0,0.67092763,763.25,459.0
753,37.675,7255.0312374,1241.94438566,1,0,0.68029023,760.25,449.0
754,37.725,7271.56372417,1238.07260597,1,0,0.59475326,760.25,450.0
755,37.775,7287.87672242,1224.32192871,1,0,0.58581032,759.0,449.0
756,37.825,7303.8572732,1215.84346015,1,0,0.60664754,756.25,439.0
757,37.875,7319.67156441,1210.11292345,1,0,0.59856523,755.75,434.0
758,37.925,7335.27495507,1204.06704925,1,0,0.58042205,751.25,419.0
759,37.975,7350.70191845,1199.46373138,1,0,0.55162508,751.75,418.0
760,38.025,7365.88884066,1196.53116962,1,0,0.40875103,750.0,414.0
761,38.075,7380.77135152,1193.48344681,1,0,0.38608013,749.0,409.0
762,38.125,7395.54183055,1190.36034955,1,0,0.35219732,746.75,400.0
763,38.175,7410.05495267,1186.08545601,1,0,0.28568076,747.0,400.0
764,38.225,7424.43639521,1181.54921796,1,0,0.28440409,746.0,396.0
765,38.275,7438.6509069,1176.3957959,1,0,0.25202919,746.25,395.0
766,38.325,7452.71327205,1171.07769055,1,0,0.22503402,745.0,395.0
767,38.375,7466.65900338,1165.80493006,1,0,0.22586923,743.25,393.0
768,38.425,7480.47766202,1160.4368346,1,0,0.22355126,742.75,392.0
769,38.475,7494.14960464,1154.91272366,1,0,0.21978866,741.5,386.0
770,38.525,7507.67360654,1149.64962062,1,0,0.22802752,741.25,380.0
771,38.575,7521.0682682,1145.0513932,1,0,0.22809612,740.75,376.0
772,38.625,7534.27752504,1140.17090931,1,0,0.19828125,740.25,373.0
773,38.675,7547.22334637,1135.12775234,1,0,0.17476035,740.75,371.0
774,38.725,7559.99850174,1130.1245617,1,0,0.18203905,739.75,365.0
775,38.775,7572.58506019,1125.01944832,1,0,0.17037264,737.5,358.0
776,38.825,7584.92930068,1119.76395786,1,0,0.17191079,738.0,355.0
777,38.875,7597.08832393,1114.49863735,1,0,0.1723169,737.25,350.0
778,38.925,7609.07445233,1109.19362217,1,0,0.14540191,737.75,349.0
779,38.975,7620.89628835,1103.84822557,1,0,0.13512762,738.25,349.0
780,39.025,7632.56841049,1098.2678696,1,0,0.12485333,740.25,349.0
781,39.075,7644.06087868,1091.0683531,1,0,0.10508487,741.25,353.0
782,39.125,7655.34355607,1082.0295593,1,0,0.11548664,741.0,350.0
783,39.175,7666.45996762,1072.95114474,1,0,0.18743667,740.0,345.0
784,39.225,7677.26467964,1064.06635369,1,0,0.17069609,738.75,339.0
785,39.275,7687.88396022,1055.31250135,1,0,0.20213787,739.25,339.0
786,39.325,7698.2670274,1046.23803339,1,0,0.18631386,740.0,337.0
787,39.375,7708.34875627,1037.02379171,1,0,0.11920379,740.25,337.0
788,39.425,7718.15624076,1028.45722634,1,0,0.08106923,741.25,337.0
789,39.475,7727.78692544,1020.56714884,1,0,0.08461266,741.5,337.0
790,39.525,7737.35984873,1012.72886991,1,0,0.18401806,741.25,336.0
791,39.575,7746.77658662,1005.03314095,1,0,0.19777582,742.75,336.0
792,39.625,7755.84687738,997.31219028,1,0,0.08621046,743.0,337.0
793,39.675,7764.70283373,989.53899658,1,0,0.10990698,744.5,337.0
794,39.725,7773.39423234,983.08182412,1,0,0.10192653,744.0,333.0
795,39.775,7781.95630974,978.61137099,1,0,0.06295161,743.75,333.0
796,39.825,7790.39664163,974.24985394,1,0,0.03656816,743.5,331.0
797,39.875,7798.71264213,969.59961331,1,0,0.02614113,744.5,331.0
798,39.925,7806.87284399,964.00537565,1,0,0.02506022,744.75,331.0
799,39.975,7814.82657774,958.76455436,1,0,0.0239793,744.5,330.0
800,40.025,7822.63449263,953.6616673,1,0,0.02176415,745.0,328.0
801,40.075,7830.32282518,948.58883183,1,0,0.01444635,745.25,328.0
802,40.125,7837.86081905,943.55595242,1,0,0.0,746.25,328.0
803,40.175,7845.23156292,938.49386971,1,0,0.0,746.5,328.0
804,40.225,7852.48919317,933.44914846,1,0,0.0,747.0,328.0
805,40.275,7859.61983499,928.58064353,1,0,0.0,747.0,328.0
806,40.325,7866.57768708,924.87831053,1,0,0.0,747.5,328.0
807,40.375,7873.33774199,921.34472818,1,0,0.0,748.5,328.0
808,40.425,7879.99039705,916.08559365,1,0,0.0,749.25,328.0
809,40.475,7886.53299356,910.73324043,1,0,0.0,750.75,328.0
810,40.525,7892.96608753,904.86224244,1,0,0.0,751.25,328.0
811,40.575,7899.28697552,898.32212573,1,0,0.0,751.75,328.0
812,40.625,7905.50020212,892.01091618,1,0,0.0,753.0,328.0
813,40.675,7911.58980248,885.74129006,1,0,0.01606902,753.5,328.0
814,40.725,7917.49108034,876.22860579,1,0,0.02556991,753.75,328.0
815,40.775,7923.25889686,866.75088524,1,0,0.0350708,754.75,330.0
816,40.825,7928.97596651,856.89701379,1,0,0.07701727,757.5,334.0
817,40.875,7934.55896717,846.75189171,1,0,0.0961841,758.5,332.0
818,40.925,7939.99470744,839.22123257,1,0,0.09571185,758.5,331.0
819,40.975,7945.28796077,832.69234344,1,0,0.08969922,758.0,329.0
820,41.025,7950.43346198,826.94734653,1,0,0.06276276,757.75,326.0
821,41.075,7955.45503029,821.3377834,1,0,0.04241167,757.5,324.0
822,41.125,7960.36128536,815.73808107,1,0,0.02037575,758.0,324.0
823,41.175,7965.14725071,810.08456963,1,0,0.02021788,759.0,323.0
824,41.225,7969.84489395,804.4623741,1,0,0.04202519,760.0,323.0
825,41.275,7974.49048129,798.75653263,1,0,0.09293305,760.5,323.0
826,41.325,7978.97522117,793.62936551,1,0,0.09587267,760.5,322.0
827,41.375,7983.31491358,788.89435586,1,0,0.09689819,762.25,321.0
828,41.425,7987.54247272,784.34166574,1,0,0.12141892,763.0,321.0
829,41.475,7991.64653272,779.79357546,1,0,0.12085197,763.75,321.0
830,41.525,7995.59381411,774.84766785,1,0,0.09130468,763.5,318.0
831,41.575,7999.44732583,769.94846952,1,0,0.09464417,763.75,317.0
832,41.625,8003.21206906,765.28268983,1,0,0.11305891,763.5,316.0
833,41.675,8006.8826723,760.78973145,1,0,0.12949751,763.25,315.0
834,41.725,8010.35830661,756.40034968,1,0,0.03345851,763.5,315.0
835,41.775,8013.7114427,752.05056251,1,0,0.03039793,764.25,313.0
836,41.825,8016.95478503,747.707801,1,0,0.02496156,765.0,312.0
837,41.875,8020.05991047,743.35472897,1,0,0.0,765.0,312.0
838,41.925,8023.0637575,739.12037383,1,0,0.01369278,765.0,311.0
839,41.975,8025.97976944,735.60571704,1,0,0.01769365,765.75,311.0
840,42.025,8028.83103879,732.72410933,1,0,0.02169453,766.25,312.0
841,42.075,8031.62427394,729.98358345,1,0,0.02024842,766.25,312.0
842,42.125,8034.34892318,727.34118335,1,0,0.01230554,767.0,312.0
843,42.175,8036.98467249,724.7098706,1,0,0.01057737,768.0,312.0
844,42.225,8039.5338276,722.11895613,1,0,0.01291963,768.5,311.0
845,42.275,8042.00943029,719.54545167,1,0,0.01526189,768.75,311.0
846,42.325,8044.4252076,717.47494876,1,0,0.02767501,769.75,307.0
847,42.375,8046.74688983,715.70794348,1,0,0.01533453,769.75,307.0
848,42.425,8049.02615301,714.24551684,1,0,0.02209914,770.75,307.0
849,42.475,8051.25240582,712.7315284,1,0,0.03819398,771.5,307.0
850,42.525,8053.44148213,711.15043423,1,0,0.05920744,772.0,307.0
851,42.575,8055.59267689,709.65681038,1,0,0.08480652,772.5,307.0
852,42.625,8057.68428465,708.19670361,1,0,0.10425604,772.75,307.0
853,42.675,8059.62404623,706.80314331,1,0,0.02882184,774.25,307.0
854,42.725,8061.45285469,705.64421356,1,0,0.0,775.0,307.0
855,42.775,8063.23446427,704.57622133,1,0,0.0,775.5,307.0
856,42.825,8064.98398207,703.49632702,1,0,0.0,776.5,307.0
857,42.875,8066.7103543,702.38051305,1,0,0.0,776.75,307.0
858,42.925,8068.46328878,701.2208256,1,0,0.0,777.5,307.0
859,42.975,8070.1804823,700.15374625,1,0,0.0,777.75,308.0
860,43.025,8071.86049319,699.09934756,1,0,0.0,778.25,308.0
861,43.075,8073.48655639,698.01913784,1,0,0.0,778.25,308.0
862,43.125,8075.03574671,696.9408976,1,0,0.0,779.0,308.0
863,43.175,8076.55168863,695.88179732,1,0,0.0,779.25,308.0
864,43.225,8078.02546269,694.81718437,1,0,0.0,780.5,308.0
865,43.275,8079.46669224,693.74999462,1,0,0.0,781.5,308.0
866,43.325,8080.88118966,692.70174678,1,0,0.0,782.5,308.0
867,43.375,8082.26214332,691.68001894,1,0,0.0,782.75,308.0
868,43.425,8083.61356551,690.69796006,1,0,0.0,784.0,308.0
869,43.475,8084.93579222,689.67652802,1,0,0.0,784.0,308.0
870,43.525,8086.25036247,688.59322278,1,0,0.0,785.0,308.0
871,43.575,8087.54348153,687.57984129,1,0,0.0,786.0,308.0
872,43.625,8088.82459864,686.62830677,1,0,0.0,786.0,308.0
873,43.675,8090.08890381,685.67702838,1,0,0.0,786.0,308.0
874,43.725,8091.34049709,684.73616897,1,0,0.0,787.0,308.0
875,43.775,8092.58052742,683.81160912,1,0,0.0,788.0,308.0
876,43.825,8093.80386656,682.89479883,1,0,0.0,788.25,308.0
877,43.875,8095.0098464,681.98052123,1,0,0.0,788.5,308.0
878,43.925,8096.19791443,681.06921096,1,0,0.0,789.25,308.0
879,43.975,8097.37292535,680.16134965,1,0,0.0,790.0,308.0
880,44.025,8098.53357973,679.25846936,1,0,0.0,790.75,308.0
881,44.075,8099.67660005,678.35715016,1,0,0.0,791.25,308.0
882,44.125,8100.81527373,677.46877213,1,0,0.0,791.25,308.0
883,44.175,8101.95476184,676.59156382,1,0,0.0,791.5,308.0
884,44.225,8103.0591911,675.73085326,1,0,0.0,791.75,308.0
885,44.275,8104.13655638,674.89259768,1,0,0.0,792.5,308.0
886,44.325,8105.17919079,674.08380749,1,0,0.0,792.75,308.0
887,44.375,8106.19660051,673.28400821,1,0,0.0,793.0,308.0
888,44.425,8107.19269413,672.46632796,1,0,0.0,794.75,311.0
889,44.475,8108.15772293,671.67091035,1,0,0.0,795.75,311.0
890,44.525,8109.05429135,671.05415955,1,0,0.0,795.75,311.0
891,44.575,8109.91284532,670.42736825,1,0,0.0,796.75,311.0
892,44.625,8110.75718687,669.78233705,1,0,0.0,797.0,311.0
893,44.675,8111.59566685,669.13730622,1,0,0.0,799.0,311.0
894,44.725,8112.42549121,668.50960717,1,0,0.0,799.25,311.0
895,44.775,8113.247214,667.87711618,1,0,0.0,799.75,311.0
896,44.825,8114.06460297,667.23846202,1,0,0.0,800.25,311.0
897,44.875,8114.88266668,666.60585417,1,0,0.0,801.0,311.0
898,44.925,8115.70044724,665.97899682,1,0,0.0,801.75,311.0
899,44.975,8116.50870759,665.39874411,1,0,0.0,802.5,311.0
900,45.025,8117.31179587,664.85041703,1,0,0.0,803.0,311.0
901,45.075,8118.11049743,664.30346587,1,0,0.0,803.5,311.0
902,45.125,8118.90746567,663.75745015,1,0,0.0,803.5,311.0
903,45.175,8119.69474707,663.22069282,1,0,0.0,804.0,311.0
904,45.225,8120.46280394,662.72912058,1,0,0.0,805.25,311.0
905,45.275,8121.20937819,662.24019431,1,0,0.0,805.75,311.0
906,45.325,8121.93272299,661.74929097,1,0,0.0,807.25,311.0
907,45.375,8122.62183461,661.24120772,1,0,0.0,807.5,311.0
908,45.425,8123.29505238,660.74466904,1,0,0.0,807.5,311.0
909,45.475,8123.95988191,660.31401911,1,0,0.0,808.5,311.0
910,45.525,8124.619858,659.8896483,1,0,0.0,809.0,311.0
911,45.575,8125.27351982,659.45994846,1,0,0.0,809.75,311.0
912,45.625,8125.91861658,659.03261654,1,0,0.0,809.75,311.0
913,45.675,8126.55646513,658.61001697,1,0,0.0,810.0,311.0
914,45.725,8127.18386286,658.20304189,1,0,0.0,810.25,311.0
915,45.775,8127.78952926,657.78261917,1,0,0.0,810.5,311.0
916,45.825,8128.39073322,657.47503011,1,0,0.0,811.0,311.0
917,45.875,8128.98468633,657.28683641,1,0,0.0,812.0,311.0
918,45.925,8129.5283528,657.09853691,1,0,0.0,812.0,311.0
919,45.975,8129.95569043,656.9130653,1,0,0.0,812.5,311.0
920,46.025,8130.29755806,656.73328991,1,0,0.0,813.0,311.0
921,46.075,8130.65126672,656.4291779,1,0,0.0,814.0,311.0
922,46.125,8131.01425719,656.12479007,1,0,0.01167754,814.25,311.0
923,46.175,8131.39283044,655.83968909,1,0,0.02391951,815.0,311.0
924,46.225,8131.79075844,655.61963759,1,0,0.03048404,814.75,309.0
925,46.275,8132.14670179,655.45825484,1,0,0.0,816.0,311.0
926,46.325,8132.47582402,655.33814122,1,0,0.0,817.0,311.0
927,46.375,8132.80711549,655.19569791,1,0,0.0,818.75,312.0
928,46.425,8133.14048664,655.05342882,1,0,0.0,819.75,312.0
929,46.475,8133.47322515,654.911518,1,0,0.0,820.25,312.0
930,46.525,8133.80455043,654.7725045,1,0,0.0,820.25,312.0
931,46.575,8134.14159361,654.63976649,1,0,0.0,820.75,312.0
932,46.625,8134.47400545,654.50736073,1,0,0.0,821.0,312.0
933,46.675,8134.76348147,654.38795812,1,0,0.0,822.0,312.0
934,46.725,8135.01554208,654.27732397,1,0,0.0,822.25,312.0
935,46.775,8135.2528592,654.1698868,1,0,0.0,823.5,312.0
936,46.825,8135.47478245,654.06071189,1,0,0.0,825.25,312.0
937,46.875,8135.68977401,653.93683006,1,0,0.0,826.25,313.0
938,46.925,8135.89718825,653.79754331,1,0,0.0,827.0,313.0
939,46.975,8136.10087861,653.67680652,1,0,0.0,827.75,313.0
940,47.025,8136.30103155,653.58019918,1,0,0.0,828.0,313.0
941,47.075,8136.44913884,653.54641234,1,0,0.0,828.5,313.0
942,47.125,8136.60974288,653.59297475,1,0,0.0,829.25,313.0
943,47.175,8136.80293334,653.57141307,1,0,0.0,830.0,313.0
944,47.225,8137.00316973,653.48568703,1,0,0.0,831.0,313.0
945,47.275,8137.20658213,653.40432076,1,0,0.0,832.0,313.0
946,47.325,8137.41272629,653.32501311,1,0,0.0,832.0,313.0
947,47.375,8137.617305,653.24004236,1,0,0.0,833.0,313.0
948,47.425,8137.81711502,653.15824393,1,0,0.0,833.5,313.0
949,47.475,8138.01419921,653.05326819,1,0,0.0,834.25,313.0
950,47.525,8138.21194408,652.91598276,1,0,0.0,834.25,313.0
951,47.575,8138.41284001,652.77622573,1,0,0.0,834.25,313.0
952,47.625,8138.61746427,652.64051012,1,0,0.0,834.5,313.0
953,47.675,8138.82214614,652.50932437,1,0,0.0,834.75,313.0
954,47.725,8139.02835293,652.36869378,1,0,0.0,835.25,313.0
955,47.775,8139.25741428,652.21000245,1,0,0.0,836.0,313.0
956,47.825,8139.47535676,652.20982955,1,0,0.0,836.75,315.0
957,47.875,8139.67068903,652.22620987,1,0,0.0,837.25,315.0
958,47.925,8139.84125087,652.24420541,1,0,0.0,837.5,315.0
959,47.975,8139.97334534,652.23321214,1,0,0.0,838.0,315.0
960,48.025,8140.12760511,652.07860801,1,0,0.0,839.0,315.0
961,48.075,8140.28009101,651.98035935,1,0,0.0,841.5,317.0
962,48.125,8140.42330168,651.88228008,1,0,0.0,842.0,317.0
963,48.175,8140.55994834,651.81765268,1,0,0.0,843.25,317.0
964,48.225,8140.69296187,651.75782011,1,0,0.0,844.25,317.0
965,48.275,8140.82467945,651.69979341,1,0,0.0,844.75,317.0
966,48.325,8140.95694301,651.64259298,1,0,0.0,845.25,317.0
967,48.375,8141.08707718,651.56556452,1,0,0.0,846.75,317.0
968,48.425,8141.21135196,651.49086296,1,0,0.0,847.25,317.0
969,48.475,8141.33752941,651.40278091,1,0,0.0,848.25,317.0
970,48.525,8141.47098593,651.31496025,1,0,0.0,848.25,317.0
971,48.575,8141.61255033,651.2457005,1,0,0.0,848.75,317.0
972,48.625,8141.75754337,651.20761289,1,0,0.0,849.75,317.0
973,48.675,8141.90424995,651.17115329,1,0,0.0,850.0,317.0
974,48.725,8142.0518392,651.13775817,1,0,0.0,850.75,317.0
975,48.775,8142.1998577,651.1150125,1,0,0.0,851.0,317.0
976,48.825,8142.34777104,651.09607602,1,0,0.0,851.75,317.0
977,48.875,8142.49631239,651.08204667,1,0,0.0,852.0,317.0
978,48.925,8142.64305369,651.0685811,1,0,0.0,853.25,317.0
979,48.975,8142.79024914,651.06606297,1,0,0.0,854.0,317.0
980,49.025,8142.93989075,651.0592429,1,0,0.0,854.0,317.0
981,49.075,8143.08896264,651.05011064,1,0,0.0,854.5,317.0
982,49.125,8143.23093411,651.04171841,1,0,0.0,854.75,317.0
983,49.175,8143.36448678,651.03501365,1,0,0.0,854.75,317.0
984,49.225,8143.48850114,651.03137567,1,0,0.0,855.5,317.0
985,49.275,8143.60633888,651.02838743,1,0,0.0,856.5,321.0
986,49.325,8143.71905118,651.03976102,1,0,0.0,857.75,321.0
987,49.375,8143.83114861,651.05563807,1,0,0.0,858.0,321.0
988,49.425,8143.9439067,651.07526875,1,0,0.0,858.5,321.0
989,49.475,8144.05484974,651.09700959,1,0,0.0,858.75,321.0
990,49.525,8144.15452228,651.12790118,1,0,0.0,859.0,322.0
991,49.575,8144.23184976,651.15910375,1,0,0.0,859.25,322.0
992,49.625,8144.29694917,651.20004125,1,0,0.0,859.25,322.0
993,49.675,8144.35397333,651.24560609,1,0,0.0,860.5,322.0
994,49.725,8144.39911952,651.29089056,1,0,0.0,861.25,323.0
995,49.775,8144.43518115,651.33283271,1,0,0.0,861.75,323.0
996,49.825,8144.46185175,651.37948127,1,0,0.0,862.25,325.0
997,49.875,8144.48043257,651.43831539,1,0,0.0,863.25,327.0
998,49.925,8144.49375752,651.50068662,1,0,0.0,864.0,327.0
999,49.975,8144.50882852,651.56148014,1,0,0.0,865.5,327.0
1000,50.025,8144.5242147,651.62221174,1,0,0.0,867.25,327.0
1001,50.075,8144.54167802,651.6820188,1,0,0.0,868.0,327.0
1002,50.125,8144.56024002,651.73926037,1,0,0.0,868.0,327.0
1003,50.175,8144.58077061,651.80172589,1,0,0.0,869.0,328.0
1004,50.225,8144.60107144,651.87029083,1,0,0.0,869.25,328.0
1005,50.275,8144.61878558,651.93772953,1,0,0.0,869.5,328.0
1006,50.325,8144.62856134,651.99550561,1,0,0.0,870.0,328.0
1007,50.375,8144.63940422,652.05287795,1,0,0.0,871.25,328.0
1008,50.425,8144.64880631,652.09893336,1,0,0.0,871.5,328.0
1009,50.475,8144.6562656,652.15095648,1,0,0.0,871.75,328.0
1010,50.525,8144.66351266,652.203761,1,0,0.0,872.25,328.0
1011,50.575,8144.66793771,652.25691794,1,0,0.0,872.75,330.0
1012,50.625,8144.66717727,652.3144335,1,0,0.0,873.0,330.0
1013,50.675,8144.66289913,652.38251421,1,0,0.0,873.5,330.0
1014,50.725,8144.65781469,652.45106344,1,0,0.0,874.75,333.0
1015,50.775,8144.65196111,652.51992534,1,0,0.0,875.75,335.0
1016,50.825,8144.61965431,652.59778395,1,0,0.0,876.0,335.0
1017,50.875,8144.57569349,652.6872761,1,0,0.0,878.5,338.0
1018,50.925,8144.5275397,652.77065449,1,0,0.0,878.5,338.0
1019,50.975,8144.4742143,652.84611421,1,0,0.0,879.25,339.0
1020,51.025,8144.41802735,652.92532535,1,0,0.0,879.75,343.0
1021,51.075,8144.35678742,653.0163062,1,0,0.0,881.25,345.0
1022,51.125,8144.27981775,653.10784032,1,0,0.0,883.25,351.0
1023,51.175,8106.01372744,730.15743232,2,0,0.0,901.25,426.0
1024,51.225,8084.54878758,728.51050273,2,0,0.0,922.5,430.0
1025,51.275,8068.84266505,727.93839078,2,0,0.0,943.25,433.0
1026,51.325,8056.0321037,727.29928691,2,0,0.0,953.75,452.0
1027,51.375,8044.99799509,726.73832242,2,0,0.0,964.75,435.0
1028,51.425,8035.34457372,726.21659292,2,0,0.0,977.25,450.0
1029,51.475,8026.66332156,725.96521912,2,0,0.0,985.0,437.0
1030,51.525,8018.69326412,725.84606942,2,0,0.0,986.25,439.0
1031,51.575,8011.38580092,725.82307064,2,0,0.0,1008.5,444.0
1032,51.625,3518.80690342,470.1003767,32,28,592.72900969,5491.5,864.0
1033,51.675,7913.20861221,912.5481421,5,1,5043.68213573,630.0,538.0
1034,51.725,7853.20980645,900.29166574,5,0,0.0,721.25,587.0
1035,51.775,7810.36870907,894.93657475,5,0,0.0,722.5,586.0
1036,51.825,7774.81826329,890.75004268,5,0,0.0,798.5,671.0
1037,51.875,7743.38615208,886.74646856,5,0,0.0,838.25,613.0
1038,51.925,7715.49128437,882.97165646,5,0,0.0,844.25,604.0
1039,51.975,7690.23899915,879.45755046,5,0,0.0,845.5,604.0
1040,52.025,7667.057138,876.46971455,4,0,0.0,846.25,604.0
1041,52.075,7645.73884775,875.64185161,4,0,0.0,945.25,640.0
1042,52.125,7625.9162137,874.8664948,4,0,0.0,954.0,616.0
1043,52.175,7607.29692328,874.09770157,4,0,0.0,954.75,616.0
1044,52.225,7589.53420988,873.31120385,4,0,0.0,955.5,616.0
1045,52.275,7572.64972276,872.54523673,4,0,0.0,956.25,616.0
1046,52.325,7556.60341477,871.84323174,4,0,0.0,956.5,616.0
1047,52.375,7541.28709019,871.14139407,4,0,0.0,958.25,616.0
1048,52.425,7526.71919762,870.44355787,4,0,0.0,1017.75,700.0
1049,52.475,7512.82287362,869.75187494,4,0,0.0,1033.25,667.0
1050,52.525,7499.60519519,869.19143695,4,0,0.0,1034.0,666.0
1051,52.575,7486.97088891,865.64489709,4,0,0.0,1035.25,664.0
1052,52.625,7474.87538185,865.15344685,4,0,0.0,1035.25,664.0
1053,52.675,7463.25533179,864.67795474,4,0,0.0,1035.75,664.0
1054,52.725,7452.14915587,864.21706118,4,0,0.0,1037.0,664.0
1055,52.775,7441.52481272,863.82705177,4,0,0.0,1037.25,664.0
1056,52.825,7431.38808829,863.44392287,4,0,0.0,1037.5,664.0
1057,52.875,7421.62489848,863.0660035,4,0,0.0,1037.75,664.0
1058,52.925,7412.24185848,862.70051159,4,0,0.0,1038.25,664.0
1059,52.975,7403.34622497,862.32404193,4,0,0.0,1038.75,664.0
1060,53.025,7394.84208142,861.86545473,4,0,0.0,1039.25,664.0
1061,53.075,7386.6751605,861.4207811,4,0,0.0,1039.75,664.0
1062,53.125,7378.84671942,861.0554603,4,0,0.0,1040.25,664.0
1063,53.175,7371.29314789,860.69003159,4,0,0.0,1040.75,664.0
1064,53.225,7363.99832847,860.31811411,4,0,0.0,1040.75,664.0
1065,53.275,7356.95901544,859.93921748,4,0,0.0,1041.0,666.0
1066,53.325,7350.16933046,859.58321024,4,0,0.0,1041.0,666.0
1067,53.375,7343.60561011,859.22883998,4,0,0.0,1041.0,666.0
1068,53.425,7337.27437906,858.91437463,4,0,0.0,1041.75,666.0
1069,53.475,7331.18791325,858.64517767,4,0,0.0,1042.25,666.0
1070,53.525,7325.3443209,858.44578972,4,0,0.0,1043.0,668.0
1071,53.575,7319.79338094,858.26322469,4,0,0.0,1044.25,668.0
1072,53.625,7314.52976518,858.08562265,4,0,0.0,1045.5,668.0
1073,53.675,7309.62296266,857.96114443,4,0,0.0,1045.75,668.0
1074,53.725,7305.0745636,857.86730121,4,0,0.0,1045.75,668.0
1075,53.775,7300.81979145,857.78356275,4,0,0.0,1046.25,668.0
1076,53.825,7296.85861496,857.74684408,4,0,0.0,1046.25,668.0
1077,53.875,7293.20415445,857.75131587,4,0,0.0,1047.25,668.0
1078,53.925,7289.83864879,857.75383431,4,0,0.0,1048.0,668.0
1079,53.975,7286.69017747,857.75681711,4,0,0.0,1049.25,668.0
1080,54.025,7283.69986606,857.74339753,4,0,0.0,1049.5,668.0
1081,54.075,7280.8510541,857.71445357,4,0,0.0,1049.75,668.0
1082,54.125,7278.14783105,857.68232476,4,0,0.0,1051.0,668.0
1083,54.175,7275.56156467,857.65132986,4,0,0.0,1051.75,668.0
1084,54.225,7273.08316028,857.64028924,4,0,0.0,1052.25,668.0
1085,54.275,7270.69513275,857.68429982,4,0,0.0,1052.75,668.0
1086,54.325,7268.41253748,857.752805,4,0,0.0,1053.5,668.0
1087,54.375,7266.26156612,857.81903708,4,0,0.0,1054.25,668.0
1088,54.425,7264.24940605,857.8952884,4,0,0.0,1055.0,668.0
1089,54.475,7262.36982673,857.98175287,4,0,0.0,1055.25,668.0
1090,54.525,7260.62007299,858.07265302,4,0,0.0,1055.25,668.0
1091,54.575,7258.99711736,858.16806826,4,0,0.0,1055.25,668.0
1092,54.625,7257.48175157,858.27769489,4,0,0.0,1055.25,668.0
1093,54.675,7257.55691269,858.56175006,4,0,0.0,1056.5,668.0
1094,54.725,7257.76166461,858.85805528,4,0,0.0,1057.25,668.0
1095,54.775,7258.08578628,859.19429459,4,0,0.0,1058.0,668.0
1096,54.825,7258.50590206,859.53084513,4,0,0.0,1058.25,668.0
1097,54.875,7259.02408583,859.86700785,4,0,0.0,1058.25,668.0
1098,54.925,7259.63302335,860.20342243,4,0,0.0,1058.75,668.0
1099,54.975,7260.33268606,860.54813827,4,0,0.0,1059.5,668.0
1100,55.025,7261.12767643,860.91243435,4,0,0.0,1059.5,668.0
1101,55.075,7262.02185624,861.29082019,4,0,0.0,1059.75,668.0
1102,55.125,7262.98224968,861.71326357,4,0,0.0,1060.0,669.0
1103,55.175,7264.04665671,862.15656346,4,0,0.0,1060.25,669.0
1104,55.225,7265.22722217,862.59690554,4,0,0.0,1061.25,669.0
1105,55.275,7266.55998436,863.03226398,4,0,0.0,1061.75,669.0
1106,55.325,7268.10264255,863.47648228,4,0,0.0,1062.75,669.0
1107,55.375,7269.92316287,863.93187948,4,0,0.0,1064.5,674.0
1108,55.425,7272.06090928,864.39748733,4,0,0.0,1065.25,674.0
1109,55.475,7274.56601474,864.91187493,4,0,0.0,1065.5,674.0
1110,55.525,7277.44640191,865.4833577,4,0,0.0,1065.75,674.0
1111,55.575,7280.69832071,866.09739498,4,0,0.0,1066.75,674.0
1112,55.625,7284.21163223,866.7490507,4,0,0.0,1068.0,674.0
1113,55.675,7287.98568664,867.45540096,4,0,0.0,1068.25,674.0
1114,55.725,7291.9171556,868.17153459,4,0,0.0,1069.0,674.0
1115,55.775,7296.04092005,868.89615955,4,0,0.0,1069.75,674.0
1116,55.825,7300.36276137,869.63806748,4,0,0.0,1070.5,674.0
1117,55.875,7304.84400638,870.44702524,4,0,0.0,1071.25,674.0
1118,55.925,7309.44096596,871.32347288,4,0,0.0,1072.25,675.0
1119,55.975,7314.14594646,872.29351605,4,0,0.0,1073.25,675.0
1120,56.025,7318.85537777,873.55701555,4,0,0.0,1073.25,675.0
1121,56.075,7323.92905065,874.88582947,4,0,0.0,1073.75,676.0
1122,56.125,7329.45286577,875.95365194,4,0,0.0,1074.5,676.0
1123,56.175,7335.375558,876.97174441,4,0,0.0,1075.5,677.0
1124,56.225,7341.69941176,878.07612042,4,0,0.0,1075.75,677.0
1125,56.275,7348.41124983,879.18318341,4,0,0.0,1076.0,677.0
1126,56.325,7355.50733758,880.19954963,4,0,0.0,1077.0,677.0
1127,56.375,7362.90368856,881.3271635,4,0,0.0,1077.5,677.0
1128,56.425,7370.38538881,882.64343721,4,0,0.0,1078.5,677.0
1129,56.475,7378.16416835,883.82748216,4,0,0.0,1078.5,677.0
1130,56.525,7386.31865917,884.81497725,4,0,0.0,1079.0,677.0
1131,56.575,7394.8245811,885.88447751,4,0,0.0,1079.75,677.0
1132,56.625,7403.73308771,886.96031139,4,0,0.01012808,1079.75,677.0
1133,56.675,7412.9957815,888.04651058,4,0,0.03621385,1080.25,677.0
1134,56.725,7422.75904423,889.14955615,4,0,0.11317487,1080.75,680.0
1135,56.775,7433.21865539,890.2758625,4,0,0.38616138,1081.0,681.0
1136,56.825,7444.42702059,891.51854248,4,0,0.91484537,1069.5,708.0
1137,56.875,7456.30573392,892.7448855,4,0,1.43583955,1008.75,637.0
1138,56.925,7468.65423914,893.82396215,4,0,1.94052561,1008.25,638.0
1139,56.975,7481.59539505,894.91466635,4,0,2.45508596,1009.0,638.0
1140,57.025,7495.19783293,899.11127941,4,0,3.08009102,1008.75,640.0
1141,57.075,7509.58732348,900.35499166,4,0,3.77301006,1009.75,641.0
1142,57.125,7524.88228767,901.58835554,4,0,4.6801809,1010.75,641.0
1143,57.175,7541.30575913,902.89078164,4,0,5.8786881,1000.25,672.0
1144,57.225,7559.06467821,904.84679479,5,1,7.33733071,906.75,632.0
1145,57.275,7578.21522799,908.24177194,5,0,8.92845223,908.5,633.0
1146,57.325,7598.99575818,911.98112504,5,0,10.62822854,908.75,633.0
1147,57.375,7621.69746646,916.00660098,5,0,12.58692756,905.5,644.0
1148,57.425,7647.07777638,920.22179007,5,0,15.3731606,870.75,687.0
1149,57.475,7677.11527285,924.68693423,5,0,20.04881979,793.25,618.0
1150,57.525,7715.20406206,931.68487575,5,0,28.14973453,792.5,622.0
1151,57.575,7771.48828292,948.04062849,4,0,46.34123066,704.75,562.0
1152,57.625,7851.20078778,774.24973151,2,0,69.43466189,672.75,424.0
1153,57.675,7854.17641328,775.02621908,2,0,2.93936912,673.5,424.0
1154,57.725,7857.20174234,775.88256155,2,0,3.41187181,656.0,426.0
1155,57.775,7860.62948706,777.15882358,2,0,3.90877717,657.0,428.0
1156,57.825,7864.60239804,778.8367971,2,0,4.57684803,651.5,444.0
1157,57.875,7869.49745228,780.79098058,2,0,5.62160316,638.75,426.0
1158,57.925,7875.58120031,782.76676688,2,0,6.97708103,628.25,441.0
1159,57.975,7883.01337773,785.49491806,2,0,8.86466713,621.25,431.0
1160,58.025,7892.59264628,788.06786424,2,0,11.24882688,602.25,430.0
1161,58.075,7908.18969106,792.20441313,2,0,17.4644896,582.0,426.0
1162,58.125,7941.4856107,713.35241786,1,0,35.26479251,565.25,347.0
1163,58.175,7935.14582741,714.61625293,1,0,0.0,566.25,347.0
1164,58.225,7928.57952672,716.84015,1,0,0.0,569.5,348.0
1165,58.275,7921.6029508,718.6934488,1,0,0.0,570.25,351.0
1166,58.325,7914.51088622,719.40058321,1,0,0.0,572.0,355.0
1167,58.375,7907.38306284,720.11821107,1,0,0.0,573.0,357.0
1168,58.425,7900.15694515,721.23886511,1,0,0.0,575.0,362.0
1169,58.475,7892.59031171,722.40878094,1,0,0.0,575.75,362.0
1170,58.525,7884.74203252,724.05166504,1,0,0.0,577.75,363.0
1171,58.575,7876.30324604,727.4215643,1,0,0.0,579.0,364.0
1172,58.625,7867.32921655,728.83216102,1,0,0.0,580.5,371.0
1173,58.675,7858.16616862,730.91086822,1,0,0.0,581.5,372.0
1174,58.725,7848.45451902,732.97185405,1,0,0.0,586.0,380.0
1175,58.775,7838.41519536,735.23393917,1,0,0.0,590.0,387.0
1176,58.825,7828.24524311,737.62060118,1,0,0.0,592.0,390.0
1177,58.875,7817.97124628,740.0216551,1,0,0.0,597.75,400.0
1178,58.925,7807.49802077,742.44629558,1,0,0.0,599.0,401.0
1179,58.975,7796.80339686,744.87678836,1,0,0.0,601.75,401.0
1180,59.025,7785.93813972,747.31215899,1,0,0.0,608.0,407.0
1181,59.075,7774.91091304,749.77370518,1,0,0.0,611.25,406.0
1182,59.125,7763.71150464,752.275023,1,0,0.0,614.0,412.0
1183,59.175,7752.28264848,754.7940776,1,0,0.0,621.25,414.0
1184,59.225,7740.58116771,757.14882626,1,0,0.0,623.25,416.0
1185,59.275,7728.48810227,759.14661699,1,0,0.0,629.0,421.0
1186,59.325,7716.06279977,760.80941376,1,0,0.0,634.25,422.0
1187,59.375,7702.83153911,761.87055701,1,0,0.0,640.5,433.0
1188,59.425,7689.35023842,762.83783044,1,0,0.0,645.5,436.0
1189,59.475,7675.71366231,763.81146736,1,0,0.0,650.5,435.0
1190,59.525,7661.93075413,764.79312815,1,0,0.0,656.25,440.0
1191,59.575,7648.02078782,765.81638371,1,0,0.0,662.0,438.0
1192,59.625,7633.44248549,766.72204991,1,0,0.0,668.75,443.0
1193,59.675,7618.62855005,767.62366085,1,0,0.0,673.5,447.0
1194,59.725,7603.60114955,768.53218149,1,0,0.0,679.25,451.0
1195,59.775,7588.35142443,769.45361147,1,0,0.0,684.25,455.0
1196,59.825,7572.88176823,770.44232641,1,0,0.0,691.0,466.0
1197,59.875,7554.56979644,770.93914799,1,0,0.0,702.0,472.0
1198,59.925,7532.9924477,771.32216783,1,0,0.0,711.25,486.0
1199,59.975,7508.14089368,771.55431579,1,0,0.0,725.25,503.0
1200,60.025,7475.99353372,769.88633926,1,0,0.0,746.25,515.0
1201,60.075,7444.73557696,768.08643148,1,0,0.0,767.75,538.0
1202,60.125,7415.17665049,765.15302456,1,0,0.0,787.75,546.0
1203,60.175,7387.24469135,762.9718306,1,0,0.0,806.75,553.0
1204,60.225,7361.37231202,760.22992466,1,0,0.0,823.25,559.0
1205,60.275,7335.74992495,757.52523641,1,0,0.0,838.75,566.0
1206,60.325,7310.76313678,754.70430089,1,0,0.0,858.5,574.0
1207,60.375,7285.86163342,751.80102343,1,0,0.0,875.5,590.0
1208,60.425,7261.02988234,748.76480643,1,0,0.0,892.75,596.0
1209,60.475,7235.87453768,745.8487343,1,0,0.0,908.5,606.0
1210,60.525,7210.7645401,742.83887186,1,0,0.0,926.25,616.0
1211,60.575,7185.67882259,739.69732593,1,0,0.0,944.5,625.0
1212,60.625,7159.97489817,737.01289009,1,0,0.0,960.75,632.0
1213,60.675,7134.07033458,734.10667009,1,0,0.0,980.5,638.0
1214,60.725,7105.50753069,729.08318293,1,0,0.0,1006.75,658.0
1215,60.775,7062.90531645,711.13076465,1,0,0.0,1048.75,669.0
1216,60.825,7022.61270469,693.48338538,1,0,0.0,1082.25,673.0
1217,60.875,7004.36348075,689.33079795,1,0,0.0,1100.75,681.0
1218,60.925,6988.46708395,686.2763421,1,0,0.0,1109.25,682.0
1219,60.975,6972.77179942,683.35613982,1,0,0.0,1121.75,688.0
1220,61.025,6957.25346917,680.70498275,1,0,0.0,1130.75,692.0
1221,61.075,6941.82631462,677.4911425,1,0,0.0,1143.75,701.0
1222,61.125,6926.54814061,674.77263425,1,0,0.0,1157.25,703.0
1223,61.175,6911.24357827,672.46348383,1,0,0.0,1165.25,704.0
1224,61.225,6895.96242013,669.72980847,2,0,0.0,1176.5,705.0
1225,61.275,6881.03378117,665.31650634,1,0,0.0,1184.5,708.0
1226,61.325,6866.33135237,662.67328314,1,0,0.0,1198.5,707.0
1227,61.375,6851.82380119,660.13942644,1,0,0.0,1208.75,711.0
1228,61.425,6837.57277508,657.60589264,1,0,0.0,1219.25,710.0
1229,61.475,6823.66672885,655.0974708,1,0,0.0,1225.5,714.0
1230,61.525,6810.6111282,653.51688357,1,0,0.0,1232.75,718.0
1231,61.575,6798.35152249,652.54732943,1,0,0.0,1243.0,720.0
1232,61.625,6786.34259256,651.66409206,1,0,0.0,1251.5,725.0
1233,61.675,6775.23814273,651.32771911,1,0,0.0,1255.5,727.0
1234,61.725,6764.7044081,650.83078091,1,0,0.0,1263.75,727.0
1235,61.775,6754.46795958,650.06444822,1,0,0.0,1271.25,728.0
1236,61.825,6744.6432407,649.31294341,1,0,0.0,1278.75,730.0
1237,61.875,6734.89470865,648.56121519,1,0,0.0,1286.25,731.0
1238,61.925,6725.16580453,647.53846172,1,0,0.0,1292.25,730.0
1239,61.975,6715.52123838,646.42329173,1,0,0.0,1301.25,731.0
1240,62.025,6706.721671,645.50838282,1,0,0.0,1308.5,732.0
1241,62.075,6698.06335015,644.60546136,1,0,0.0,1311.75,732.0
1242,62.125,6689.52233904,643.56545634,1,0,0.0,1319.75,734.0
1243,62.175,6681.15365574,642.5435039,1,0,0.0,1325.0,736.0
1244,62.225,6672.91820055,641.52866338,1,0,0.0,1328.75,736.0
1245,62.275,6664.78840181,640.53223284,1,0,0.0,1335.0,738.0
1246,62.325,6656.76576511,639.55628664,1,0,0.0,1339.5,737.0
1247,62.375,6648.90400099,638.61208108,1,0,0.0,1346.75,736.0
1248,62.425,6641.11415574,637.67989607,1,0,0.0,1349.25,737.0
1249,62.475,6633.34689416,636.8182851,1,0,0.0,1352.5,737.0
1250,62.525,6625.63574852,635.95305989,1,0,0.0,1357.0,740.0
1251,62.575,6618.12732071,634.96673405,1,0,0.0,1363.25,748.0
1252,62.625,6610.77864722,633.97840024,1,0,0.0,1368.25,750.0
1253,62.675,6603.75967128,633.03369504,1,0,0.0,1370.5,753.0
1254,62.725,6596.91127807,632.21123491,1,0,0.0,1374.0,755.0
1255,62.775,6590.20119736,631.42191298,1,0,0.0,1381.25,756.0
1256,62.825,6583.54291292,630.64945286,1,0,0.0,1384.25,756.0
1257,62.875,6576.95083208,629.89903921,1,0,0.0,1386.5,758.0
1258,62.925,6570.69309752,629.09707069,1,0,0.0,1388.75,757.0
1259,62.975,6564.62301892,628.28833257,1,0,0.0,1393.5,762.0
1260,63.025,6558.6446756,627.53204961,1,0,0.0,1399.5,763.0
1261,63.075,6552.79240516,626.80568371,1,0,0.0,1402.0,764.0
1262,63.125,6547.05282368,626.10393585,1,0,0.0,1407.0,764.0
1263,63.175,6541.385533,625.42404996,1,0,0.0,1408.0,766.0
1264,63.225,6535.78367922,624.81444813,1,0,0.0,1412.75,765.0
1265,63.275,6530.23068417,624.14088878,1,0,0.0,1414.5,766.0
1266,63.325,6524.76713575,623.41644748,1,0,0.0,1416.5,769.0
1267,63.375,6519.45631359,622.67756217,1,0,0.0,1417.75,769.0
1268,63.425,6514.19747129,621.93520689,1,0,0.0,1420.0,770.0
1269,63.475,6508.92117983,621.06504874,1,0,0.0,1424.5,771.0
1270,63.525,6503.7334757,620.20819982,1,0,0.0,1427.5,771.0
1271,63.575,6498.76938086,619.41946863,1,0,0.0,1428.5,771.0
1272,63.625,6493.85352234,618.8096307,1,0,0.0,1430.75,773.0
1273,63.675,6488.98142284,618.2068921,1,0,0.0,1433.75,775.0
1274,63.725,6484.16466239,617.62615473,1,0,0.0,1435.5,777.0
1275,63.775,6479.68416943,617.13430886,1,0,0.0,1438.0,778.0
1276,63.825,6475.22609489,616.66078113,1,0,0.0,1440.0,777.0
1277,63.875,6470.7795046,616.29807418,1,0,0.0,1443.5,779.0
1278,63.925,6466.36734825,615.9049042,1,0,0.0,1446.0,780.0
1279,63.975,6462.03175227,615.41229762,1,0,0.0,1448.25,781.0
1280,64.025,6457.69679137,614.61550483,1,0,0.0,1449.0,781.0
1281,64.075,6453.43673325,613.93723284,1,0,0.0,1450.75,782.0
1282,64.125,6449.19792315,613.48620513,1,0,0.0,1452.25,782.0
1283,64.175,6444.97796513,613.07641991,1,0,0.0,1453.5,784.0
1284,64.225,6440.74338922,613.64610887,2,0,0.0,1456.25,783.0
1285,64.275,6436.50198819,612.40205717,2,0,0.0,1459.75,785.0
1286,64.325,6432.37033182,611.2968477,1,0,0.0,1462.75,786.0
1287,64.375,6428.28727993,611.01277759,1,0,0.0,1464.0,790.0
1288,64.425,6424.20818859,610.73777487,1,0,0.0,1466.25,792.0
1289,64.475,6420.16499727,610.41743211,1,0,0.0,1468.5,792.0
1290,64.525,6416.18589345,610.09414358,1,0,0.0,1468.75,792.0
1291,64.575,6412.24557555,609.74206356,1,0,0.0,1471.5,793.0
1292,64.625,6408.31515827,609.0052164,1,0,0.0,1473.0,794.0
1293,64.675,6404.43464463,608.39467544,1,0,0.0,1476.75,797.0
1294,64.725,6400.55870041,608.02085724,1,0,0.0,1480.25,798.0
1295,64.775,6396.71995536,607.52579572,1,0,0.0,1481.75,800.0
1296,64.825,6392.97984456,607.05535729,1,0,0.0,1484.5,800.0
1297,64.875,6389.28805553,606.6360789,1,0,0.0,1484.75,800.0
1298,64.925,6385.61566202,606.34017147,1,0,0.0,1486.0,801.0
1299,64.975,6381.96879749,606.02332663,1,0,0.0,1487.25,801.0
1300,65.025,6378.40876869,605.68445724,1,0,0.0,1489.0,800.0
1301,65.075,6374.85643196,605.35737659,1,0,0.0,1492.25,801.0
1302,65.125,6371.30905631,605.04829482,1,0,0.0,1495.0,800.0
1303,65.175,6367.77543271,604.74213641,1,0,0.0,1495.5,800.0
1304,65.225,6364.26854859,604.41421317,1,0,0.0,1496.75,801.0
1305,65.275,6360.7987019,604.07584882,1,0,0.0,1498.0,802.0
1306,65.325,6357.36646788,603.78835364,1,0,0.0,1499.0,803.0
1307,65.375,6353.96665551,603.50315284,1,0,0.0,1501.0,806.0
1308,65.425,6350.58809825,603.22437382,1,0,0.0,1504.75,807.0
1309,65.475,6347.21399884,602.96758211,1,0,0.0,1506.25,806.0
1310,65.525,6343.84501859,602.73195905,1,0,0.0,1507.5,807.0
1311,65.575,6340.5029057,602.54781765,1,0,0.0,1508.75,807.0
1312,65.625,6337.19937801,602.36741947,1,0,0.0,1509.25,806.0
1313,65.675,6333.92189808,602.19144107,1,0,0.0,1510.75,807.0
1314,65.725,6330.63595578,602.00749987,1,0,0.0,1512.0,807.0
1315,65.775,6327.38172149,601.818411,1,0,0.0,1513.0,809.0
1316,65.825,6324.15434613,601.63531452,1,0,0.0,1515.75,810.0
1317,65.875,6320.95151383,601.45795445,1,0,0.0,1516.25,810.0
1318,65.925,6317.76102201,601.27752715,1,0,0.0,1516.5,810.0
1319,65.975,6314.5876297,601.06557744,1,0,0.0,1518.25,811.0
1320,66.025,6311.52453594,600.87686505,1,0,0.0,1519.0,812.0
1321,66.075,6308.53397008,600.70300289,1,0,0.0,1520.25,813.0
1322,66.125,6305.57058478,600.52626651,1,0,0.0,1521.0,812.0
1323,66.175,6302.63576071,600.33987945,1,0,0.0,1521.75,812.0
1324,66.225,6299.78051413,600.15241725,1,0,0.0,1522.25,812.0
1325,66.275,6296.97039097,599.97039281,1,0,0.0,1522.5,812.0
1326,66.325,6294.21041909,599.79492213,1,0,0.0,1525.25,820.0
1327,66.375,6291.46460216,599.65845954,1,0,0.0,1526.25,821.0
1328,66.425,6288.72602592,599.50350913,1,0,0.0,1529.5,822.0
1329,66.475,6286.04255447,599.31349318,1,0,0.0,1530.5,823.0
1330,66.525,6283.39850584,599.12771412,1,0,0.0,1531.25,825.0
1331,66.575,6280.76629444,598.94341813,1,0,0.0,1533.75,828.0
1332,66.625,6278.1467155,598.75922161,1,0,0.0,1535.5,827.0
1333,66.675,6275.55162474,598.57298255,1,0,0.0,1536.5,828.0
1334,66.725,6272.96365225,598.38468589,1,0,0.0,1538.0,833.0
1335,66.775,6270.38041311,598.20229106,1,0,0.0,1538.5,833.0
1336,66.825,6267.80128061,598.04215312,1,0,0.0,1538.75,833.0
1337,66.875,6265.22369089,597.88534998,1,0,0.0,1539.25,833.0
1338,66.925,6262.66488057,597.7145667,1,0,0.0,1541.5,835.0
1339,66.975,6260.12750309,597.54476902,1,0,0.0,1542.0,835.0
1340,67.025,6257.59700758,597.35470439,1,0,0.0,1542.75,837.0
1341,67.075,6255.07285528,597.16630926,1,0,0.0,1544.0,838.0
1342,67.125,6252.55380641,596.97871228,1,0,0.0,1545.0,839.0
1343,67.175,6250.04181526,596.79877003,1,0,0.0,1547.0,839.0
1344,67.225,6247.54686678,596.62013489,1,0,0.0,1547.25,839.0
1345,67.275,6245.08288187,596.43847954,1,0,0.0,1550.25,839.0
1346,67.325,6242.65176546,596.25654524,1,0,0.0,1551.25,841.0
1347,67.375,6240.26036211,596.07464521,1,0,0.0,1552.25,841.0
1348,67.425,6237.92748556,595.87949616,1,0,0.0,1553.0,842.0
1349,67.475,6235.6340668,595.67464908,1,0,0.0,1553.5,842.0
1350,67.525,6233.35143026,595.45229879,1,0,0.0,1554.0,842.0
1351,67.575,6231.06781224,595.23266205,1,0,0.0,1554.5,842.0
1352,67.625,6228.78807624,595.01455707,1,0,0.0,1554.5,842.0
1353,67.675,6226.52155731,594.79888537,1,0,0.0,1554.5,842.0
1354,67.725,6224.31594748,594.5838401,1,0,0.0,1555.25,842.0
1355,67.775,6222.13412201,594.38329029,1,0,0.0,1558.0,844.0
1356,67.825,6219.97536367,594.18394884,1,0,0.0,1558.25,844.0
1357,67.875,6217.84633308,593.98569134,1,0,0.0,1558.5,844.0
1358,67.925,6215.75304337,593.78952994,1,0,0.0,1559.5,844.0
1359,67.975,6213.68791628,593.61800416,1,0,0.0,1560.5,844.0
1360,68.025,6211.65681852,593.45113085,1,0,0.0,1561.25,845.0
1361,68.075,6209.68729673,593.29646837,1,0,0.0,1561.5,845.0
1362,68.125,6207.74482422,593.14033487,1,0,0.0,1565.75,846.0
1363,68.175,6205.82024353,592.99157404,1,0,0.0,1568.0,848.0
1364,68.225,6203.9099733,592.84848412,1,0,0.0,1569.0,848.0
1365,68.275,6202.00972705,592.70795542,1,0,0.0,1569.75,850.0
1366,68.325,6200.16115874,592.53948022,1,0,0.0,1571.25,851.0
1367,68.375,6198.326759,592.37092645,1,0,0.0,1571.5,851.0
1368,68.425,6196.5158394,592.19633759,1,0,0.0,1572.0,852.0
1369,68.475,6194.74522166,591.99717323,1,0,0.0,1574.75,853.0
1370,68.525,6192.99602891,591.8207293,1,0,0.0,1575.0,854.0
1371,68.575,6191.26139541,591.65265662,1,0,0.0,1575.5,854.0
1372,68.625,6189.54243508,591.48663582,1,0,0.0,1576.5,854.0
1373,68.675,6187.84156589,591.31906319,1,0,0.0,1578.0,854.0
1374,68.725,6186.16322489,591.15370797,1,0,0.0,1579.0,856.0
1375,68.775,6184.50484322,591.00287793,1,0,0.0,1581.25,857.0
1376,68.825,6182.86895828,590.88340384,1,0,0.0,1581.75,857.0
1377,68.875,6181.27543028,590.80473528,1,0,0.0,1583.5,857.0
1378,68.925,6179.69350422,590.73040743,1,0,0.0,1583.75,857.0
1379,68.975,6178.1218594,590.65636445,1,0,0.0,1586.5,857.0
1380,69.025,6176.56750905,590.58436472,1,0,0.0,1586.75,858.0
1381,69.075,6175.02867624,590.52530829,1,0,0.0,1587.5,858.0
1382,69.125,6173.50224342,590.41815776,1,0,0.0,1587.75,858.0
1383,69.175,6171.98929986,590.3120301,1,0,0.0,1588.0,858.0
1384,69.225,6170.49147025,590.20564808,1,0,0.0,1589.75,859.0
1385,69.275,6169.02019775,590.08002527,1,0,0.0,1590.0,859.0
1386,69.325,6167.55941593,589.94409365,1,0,0.0,1591.75,861.0
1387,69.375,6166.10453643,589.81337514,1,0,0.0,1593.25,862.0
1388,69.425,6164.65124423,589.68352578,1,0,0.0,1593.75,862.0
1389,69.475,6163.19915376,589.55291027,1,0,0.0,1594.75,862.0
1390,69.525,6161.74368986,589.4237189,1,0,0.0,1595.5,863.0
1391,69.575,6160.39710155,589.30938101,1,0,0.0,1596.25,863.0
1392,69.625,6159.07641328,589.17682811,1,0,0.0,1597.5,864.0
1393,69.675,6157.77572867,589.03702275,1,0,0.0,1598.25,864.0
1394,69.725,6156.4840315,588.87306501,1,0,0.0,1598.25,864.0
1395,69.775,6155.20710346,588.70995784,1,0,0.0,1598.75,864.0
1396,69.825,6153.94475007,588.54729356,1,0,0.0,1602.0,864.0
1397,69.875,6152.6923157,588.38461467,1,0,0.0,1602.75,864.0
1398,69.925,6151.4511291,588.2241339,1,0,0.0,1603.0,864.0
1399,69.975,6150.25215601,588.05820751,1,0,0.0,1604.0,866.0
1400,70.025,6149.07384621,587.8921374,1,0,0.0,1605.0,866.0
1401,70.075,6147.9053692,587.72779672,1,0,0.0,1605.75,866.0
1402,70.125,6146.74103805,587.59347779,1,0,0.0,1607.0,867.0
1403,70.175,6145.58028913,587.46832852,1,0,0.0,1609.25,869.0
1404,70.225,6144.42201471,587.35841182,1,0,0.0,1611.25,869.0
1405,70.275,6143.26816339,587.29940734,1,0,0.0,1611.5,869.0
1406,70.325,6142.14750911,587.25274916,1,0,0.0,1612.5,870.0
1407,70.375,6141.0721883,587.20543475,1,0,0.0,1613.25,870.0
1408,70.425,6140.00665667,587.15666827,1,0,0.0,1614.25,870.0
1409,70.475,6138.92047218,587.04455032,1,0,0.0,1614.5,870.0
1410,70.525,6137.84912289,586.90650488,1,0,0.0,1615.75,870.0
1411,70.575,6136.79938079,586.77423645,1,0,0.0,1616.5,870.0
1412,70.625,6135.76921504,586.64358504,1,0,0.0,1616.5,870.0
1413,70.675,6134.76170213,586.51277248,1,0,0.0,1618.5,870.0
1414,70.725,6133.77008655,586.46608855,1,0,0.0,1621.0,870.0
1415,70.775,6132.78095992,586.44801154,1,0,0.0,1621.0,870.0
1416,70.825,6131.79435992,586.42493095,1,0,0.0,1621.25,870.0
1417,70.875,6130.807806,586.40294474,1,0,0.0,1621.75,871.0
1418,70.925,6129.8138334,586.38141201,1,0,0.0,1622.25,871.0
1419,70.975,6128.80835811,586.34384039,1,0,0.0,1623.5,872.0
1420,71.025,6127.79916582,586.24198523,1,0,0.0,1625.5,873.0
1421,71.075,6126.78884282,586.14758807,1,0,0.0,1626.25,873.0
1422,71.125,6125.80408272,586.08835017,1,0,0.0,1626.75,873.0
1423,71.175,6124.85566351,586.04322932,1,0,0.0,1627.0,873.0
1424,71.225,6123.88178621,585.99163279,1,0,0.0,1627.75,873.0
1425,71.275,6122.95963838,585.79590343,1,0,0.0,1628.75,873.0
1426,71.325,6122.09453533,585.73852527,1,0,0.0,1629.75,873.0
1427,71.375,6121.23827065,585.73454194,1,0,0.0,1630.0,873.0
1428,71.425,6120.39469254,585.73403659,1,0,0.0,1630.0,873.0
1429,71.475,6119.54968984,585.73792164,1,0,0.0,1630.5,873.0
1430,71.525,6118.71286932,585.74935221,1,0,0.0,1631.25,873.0
1431,71.575,6117.87957979,585.76095692,1,0,0.0,1633.75,873.0
1432,71.625,6117.04274055,585.7557904,1,0,0.0,1633.75,873.0
1433,71.675,6086.39757945,603.76910096,1,0,0.0,1658.5,895.0
1434,71.725,6071.4404086,601.69929102,1,0,0.0,1670.5,898.0
1435,71.775,6060.4965185,601.73316384,1,0,0.0,1681.75,901.0
1436,71.825,6049.6782496,601.74057857,1,0,0.0,1690.25,904.0
1437,71.875,6039.02393354,601.72166142,1,0,0.0,1702.75,908.0
1438,71.925,6030.3392506,601.8864391,1,0,0.0,1711.0,912.0
1439,71.975,6023.43612638,602.1306452,1,0,0.0,1716.75,912.0
1440,72.025,6016.82258935,601.98938768,1,0,0.0,1723.0,916.0
1441,72.075,6010.35139203,601.85011783,1,0,0.0,1728.75,916.0
1442,72.125,6004.01613002,601.71113087,1,0,0.0,1735.25,919.0
1443,72.175,5997.88945753,601.61015308,1,0,0.0,1739.0,919.0
1444,72.225,5992.14317319,601.66095928,1,0,0.0,1744.0,922.0
1445,72.275,5986.61159818,601.7142649,1,0,0.0,1748.5,923.0
1446,72.325,5981.22539574,601.76774474,1,0,0.0,1753.75,925.0
1447,72.375,5975.97201223,601.8388216,1,0,0.0,1758.75,928.0
1448,72.425,5970.85187209,601.87794405,1,0,0.0,1766.5,928.0
1449,72.475,5965.9017383,601.82435252,1,0,0.0,1770.5,929.0
1450,72.525,5961.24467458,601.8071395,1,0,0.0,1776.0,929.0
1451,72.575,5956.76828973,601.88730647,1,0,0.0,1778.5,932.0
1452,72.625,5952.41428033,601.96987934,1,0,0.0,1783.25,932.0
1453,72.675,5948.14486493,602.05354301,1,0,0.0,1785.25,932.0
1454,72.725,5943.94109999,602.14159871,1,0,0.0,1791.25,935.0
1455,72.775,5939.80383936,602.20073944,1,0,0.0,1794.5,935.0
1456,72.825,5935.73240423,602.21791918,1,0,0.0,1798.75,936.0
1457,72.875,5931.7258066,602.20300355,1,0,0.0,1802.5,937.0
1458,72.925,5927.78276875,602.15476142,1,0,0.0,1806.5,939.0
1459,72.975,5923.93943717,602.15130555,1,0,0.0,1811.0,939.0
1460,73.025,5920.22459124,602.19264733,1,0,0.0,1813.5,941.0
1461,73.075,5916.69164135,602.22205791,1,0,0.0,1816.5,940.0
1462,73.125,5913.37211126,602.21248117,1,0,0.0,1820.0,941.0
1463,73.175,5910.1091086,602.20812333,1,0,0.0,1823.5,943.0
1464,73.225,5906.90503353,602.21074219,1,0,0.0,1825.5,944.0
1465,73.275,5903.80515379,601.25108672,1,0,0.0,1828.5,943.0
1466,73.325,5900.80661751,600.07967603,1,0,0.0,1835.25,944.0
1467,73.375,5897.88471925,598.90939356,1,0,0.0,1839.25,945.0
1468,73.425,5895.03700065,597.75909177,1,0,0.0,1840.25,944.0
1469,73.475,5892.25261169,596.61683917,1,0,0.0,1844.75,942.0
1470,73.525,5889.54136481,595.53211456,1,0,0.0,1848.25,943.0
1471,73.575,5886.97556598,594.50720992,1,0,0.0,1850.0,943.0
1472,73.625,5884.50839934,593.54086399,1,0,0.0,1854.25,944.0
1473,73.675,5882.13163174,592.57228169,1,0,0.0,1860.75,944.0
1474,73.725,5879.86090443,591.60140445,1,0,0.0,1862.5,944.0
1475,73.775,5877.66900348,590.63398682,1,0,0.0,1867.5,945.0
1476,73.825,5875.54762573,589.65369587,1,0,0.0,1870.25,946.0
1477,73.875,5873.49480911,588.655805,1,0,0.0,1871.5,946.0
1478,73.925,5871.50931156,587.68659875,1,0,0.0,1876.25,946.0
1479,73.975,5869.61849207,586.79215709,1,0,0.0,1877.25,944.0
1480,74.025,5867.77215053,585.89856793,1,0,0.0,1881.25,946.0
1481,74.075,5866.03366312,584.98382799,1,0,0.0,1884.75,946.0
1482,74.125,5864.44327603,584.05398816,1,0,0.0,1887.25,945.0
1483,74.175,5862.91343864,583.10708874,1,0,0.0,1889.5,945.0
1484,74.225,5861.41461978,582.14403364,1,0,0.0,1893.0,945.0
1485,74.275,5859.943133,581.18410272,1,0,0.0,1896.25,945.0
1486,74.325,5858.50875712,580.22726887,1,0,0.0,1896.75,943.0
1487,74.375,5857.15215747,579.34199961,1,0,0.0,1900.5,943.0
1488,74.425,5855.84484046,578.46394994,1,0,0.0,1901.25,943.0
1489,74.475,5854.59314665,577.59096497,1,0,0.0,1904.25,943.0
1490,74.525,5853.42595653,576.7249745,1,0,0.0,1908.0,944.0
1491,74.575,5852.33540272,575.87041236,1,0,0.0,1908.75,944.0
1492,74.625,5851.29441043,575.01788909,1,0,0.0,1912.25,944.0
1493,74.675,5850.3221868,574.17990749,1,0,0.0,1913.25,944.0
1494,74.725,5849.40270682,573.34816032,1,0,0.0,1918.5,945.0
1495,74.775,5848.52767719,572.51697386,1,0,0.0,1919.0,945.0
1496,74.825,5847.70654465,571.74845145,1,0,0.0,1922.25,943.0
1497,74.875,5846.94757632,571.00532166,1,0,0.0,1923.25,943.0
1498,74.925,5846.23180856,570.26491522,1,0,0.0,1926.75,944.0
1499,74.975,5845.58598479,569.50090217,1,0,0.0,1927.0,944.0
1500,75.025,5845.04186358,568.68609315,1,0,0.0,1929.5,944.0
1501,75.075,5844.52566249,567.87200283,1,0,0.0,1931.25,944.0
1502,75.125,5844.04040125,567.05202079,1,0,0.0,1935.0,944.0
1503,75.175,5843.5923696,566.22488189,1,0,0.0,1936.5,944.0
1504,75.225,5843.1827038,565.40740597,1,0,0.0,1937.5,945.0
1505,75.275,5842.81448521,564.59791793,1,0,0.0,1940.0,945.0
1506,75.325,5842.48759897,563.82343976,1,0,0.0,1940.5,945.0
1507,75.375,5842.21443104,563.06649832,1,0,0.0,1943.75,945.0
1508,75.425,5841.99125207,562.31028815,1,0,0.0,1943.75,945.0
1509,75.475,5841.86013357,561.53880825,1,0,0.0,1947.75,946.0
1510,75.525,5841.80038464,560.76867567,1,0,0.0,1949.75,947.0
1511,75.575,5841.82301994,560.02261008,1,0,0.0,1952.25,947.0
1512,75.625,5841.88235795,559.28667118,1,0,0.0,1953.75,946.0
1513,75.675,5841.97253106,558.55322272,1,0,0.0,1957.0,946.0
1514,75.725,5842.10022623,557.81266309,1,0,0.0,1958.25,947.0
1515,75.775,5842.26744313,557.05926251,1,0,0.0,1959.25,947.0
1516,75.825,5842.46394953,556.31948042,1,0,0.0,1962.25,947.0
1517,75.875,5842.6889992,555.60939804,1,0,0.0,1962.5,947.0
1518,75.925,5842.94384976,554.93163012,1,0,0.0,1965.25,947.0
1519,75.975,5843.24484605,554.26303132,1,0,0.0,1969.0,947.0
1520,76.025,5843.5598275,553.59521952,1,0,0.0,1971.25,947.0
1521,76.075,5843.89654883,552.93354229,1,0,0.0,1971.75,947.0
1522,76.125,5844.26047124,552.27327143,1,0,0.0,1971.75,947.0
1523,76.175,5844.64603578,551.62350541,1,0,0.0,1974.0,947.0
1524,76.225,5845.07473063,550.97969447,1,0,0.0,1975.25,946.0
1525,76.275,5845.63762846,550.35248343,1,0,0.0,1978.5,947.0
1526,76.325,5846.25789159,549.74984745,1,0,0.0,1978.75,948.0
1527,76.375,5846.89878173,549.16114472,1,0,0.0,1979.25,948.0
1528,76.425,5847.58156769,548.58750529,1,0,0.0,1981.5,948.0
1529,76.475,5848.28521421,548.04157519,1,0,0.0,1982.0,948.0
1530,76.525,5849.00996616,547.51784961,1,0,0.0,1986.0,949.0
1531,76.575,5849.77917328,547.00381038,1,0,0.0,1986.75,950.0
1532,76.625,5850.56897408,546.49311777,1,0,0.0,1987.75,950.0
1533,76.675,5851.36092898,545.94060598,1,0,0.0,1990.0,950.0
1534,76.725,5852.15222575,545.38249581,1,0,0.0,1992.0,953.0
1535,76.775,5852.97359649,544.81413923,1,0,0.01002058,1993.5,948.0
1536,76.825,5853.81900633,544.24443048,1,0,0.01189324,1995.0,948.0
1537,76.875,5854.68793399,543.68161495,1,0,0.01154584,1998.0,948.0
1538,76.925,5855.57056909,543.1242248,1,0,0.01119845,2001.0,948.0
1539,76.975,5856.46595095,542.56462205,1,0,0.01085106,2001.75,948.0
1540,77.025,5857.37565372,541.99624224,1,0,0.01050367,2002.0,947.0
1541,77.075,5858.38104042,541.46001862,1,0,0.0214496,2004.5,947.0
1542,77.125,5859.40811342,540.97082286,1,0,0.01575356,2004.75,948.0
1543,77.175,5860.46641858,540.50767399,1,0,0.01668042,2007.25,948.0
1544,77.225,5861.56482353,540.05294016,1,0,0.01760727,2007.5,948.0
1545,77.275,5862.68342442,539.60725902,1,0,0.01853413,2007.5,948.0
1546,77.325,5863.8159081,539.15582546,1,0,0.01944833,2009.0,947.0
1547,77.375,5864.95680003,538.72557949,1,0,0.02011461,2009.5,947.0
1548,77.425,5866.11606214,538.29424031,1,0,0.02077351,2009.75,947.0
1549,77.475,5867.30147701,537.85926411,1,0,0.03278578,2012.25,947.0
1550,77.525,5868.50841219,537.4274124,1,0,0.03529553,2014.5,949.0
1551,77.575,5869.72470402,536.99973357,1,0,0.03539911,2016.0,950.0
1552,77.625,5870.94672734,536.56720663,1,0,0.03492861,2018.75,951.0
1553,77.675,5872.17504286,536.12528594,1,0,0.03439444,2017.75,950.0
1554,77.725,5873.43122947,535.67633482,1,0,0.03385113,2018.75,950.0
1555,77.775,5874.719314,535.23854349,1,0,0.04432706,2023.75,950.0
1556,77.825,5876.0263146,534.81671398,1,0,0.04534181,2023.25,950.0
1557,77.875,5877.35507546,534.41862706,1,0,0.0362046,2023.75,948.0
1558,77.925,5878.74009966,534.0253726,1,0,0.047509,2026.0,948.0
1559,77.975,5880.17074107,533.62852943,1,0,0.0475035,2026.0,948.0
1560,78.025,5881.6461301,533.23514105,1,0,0.04233777,2027.0,951.0
1561,78.075,5883.1403924,532.84670007,1,0,0.06385833,2029.25,948.0
1562,78.125,5884.66137091,532.46211594,1,0,0.07013032,2027.5,941.0
1563,78.175,5886.22072427,532.06117452,1,0,0.07643609,2027.5,941.0
1564,78.225,5887.81147651,531.63128651,1,0,0.08179177,2029.0,939.0
1565,78.275,5889.42372917,531.20165706,1,0,0.08051979,2028.0,937.0
1566,78.325,5891.0710675,530.7598259,1,0,0.07330475,2026.5,935.0
1567,78.375,5892.74697888,530.32226592,1,0,0.05943461,2028.75,935.0
1568,78.425,5894.42659875,529.88298684,1,0,0.05840954,2029.25,935.0
1569,78.475,5896.0927769,529.42835611,1,0,0.05664221,2029.5,935.0
1570,78.525,5897.70394162,528.94841057,1,0,0.04627775,2033.5,937.0
1571,78.575,5899.32132233,528.47412559,1,0,0.04635237,2032.25,937.0
1572,78.625,5900.94567507,528.00541005,1,0,0.04626619,2032.75,937.0
1573,78.675,5902.59735814,527.54230259,1,0,0.04578662,2039.0,938.0
1574,78.725,5904.26873672,527.08311423,1,0,0.05645647,2038.75,936.0
1575,78.775,5905.94254556,526.62617155,1,0,0.06791498,2039.0,935.0
1576,78.825,5907.6217119,526.17250939,1,0,0.07720363,2040.5,934.0
1577,78.875,5909.30802207,525.720829,1,0,0.06793136,2040.75,934.0
1578,78.925,5911.00000727,525.27090962,1,0,0.0691859,2041.0,936.0
1579,78.975,5912.70437194,524.82299684,1,0,0.06997979,2042.75,935.0
1580,79.025,5914.42670293,524.3828178,1,0,0.07016738,2043.0,934.0
1581,79.075,5916.15875135,523.96260975,1,0,0.0684645,2042.5,934.0
1582,79.125,5917.89068588,523.5419996,1,0,0.0568416,2042.5,935.0
1583,79.175,5919.6342608,523.11548018,1,0,0.05489614,2044.25,934.0
1584,79.225,5921.40419667,522.69334624,1,0,0.0556643,2043.5,933.0
1585,79.275,5923.22460153,522.28542285,1,0,0.06568998,2042.75,932.0
1586,79.325,5925.04392623,521.88824905,1,0,0.06940799,2045.5,932.0
1587,79.375,5926.86855502,521.49578497,1,0,0.07257234,2045.5,933.0
1588,79.425,5928.68019125,521.1115618,1,0,0.06700328,2044.0,931.0
1589,79.475,5930.47642748,520.74468719,1,0,0.06264331,2045.5,932.0
1590,79.525,5932.25774021,520.3773865,1,0,0.07209474,2049.5,931.0
1591,79.575,5934.03538009,520.01159759,1,0,0.07252705,2052.5,932.0
1592,79.625,5935.81265763,519.6533575,1,0,0.06166821,2052.5,929.0
1593,79.675,5937.59466155,519.30766822,1,0,0.06033917,2054.5,927.0
1594,79.725,5939.39369943,518.96923591,1,0,0.05899582,2053.25,926.0
1595,79.775,5941.2063891,518.65785249,1,0,0.05619217,2053.5,926.0
1596,79.825,5943.03085368,518.35553915,1,0,0.05273729,2054.5,926.0
1597,79.875,5944.87055975,518.04790374,1,0,0.04939414,2055.25,926.0
1598,79.925,5946.72466107,517.73733678,1,0,0.03725219,2055.25,926.0
1599,79.975,5948.60066879,517.43613549,1,0,0.03792157,2055.0,927.0
1600,80.025,5950.48504212,517.16511088,1,0,0.0391495,2057.75,928.0
1601,80.075,5952.37381389,516.89916526,1,0,0.04039319,2058.0,928.0
1602,80.125,5954.27249749,516.63868602,1,0,0.05183308,2057.75,928.0
1603,80.175,5956.20261033,516.3932486,1,0,0.05349422,2058.75,927.0
1604,80.225,5958.14395203,516.1551943,1,0,0.05443936,2057.75,925.0
1605,80.275,5960.09031721,515.92112109,1,0,0.04540873,2056.5,925.0
1606,80.325,5962.03503125,515.63702706,1,0,0.0457209,2056.75,925.0
1607,80.375,5963.9816025,515.35405877,1,0,0.04498741,2058.75,925.0
1608,80.425,5965.93742326,515.0788837,1,0,0.04424207,2062.75,927.0
1609,80.475,5967.92952933,514.80549863,1,0,0.04346731,2063.75,929.0
1610,80.525,5969.94505881,514.52546676,1,0,0.04242675,2065.25,926.0
1611,80.575,5971.98633708,514.25287632,1,0,0.0535595,2068.75,926.0
1612,80.625,5974.04923404,514.00576002,1,0,0.06008229,2066.25,927.0
1613,80.675,5976.15257438,513.76213205,1,0,0.06095574,2063.75,917.0
1614,80.725,5978.36971305,513.50192695,1,0,0.10822852,2064.0,912.0
1615,80.775,5980.59155251,513.21602348,1,0,0.08594445,2065.75,912.0
1616,80.825,5982.82553835,512.91525644,1,0,0.08761636,2064.75,912.0
1617,80.875,5985.07479921,512.61808558,1,0,0.08955042,2064.75,912.0
1618,80.925,5987.3311568,512.30713766,1,0,0.09151715,2066.5,911.0
1619,80.975,5989.59152039,511.98987987,1,0,0.09311461,2066.5,908.0
1620,81.025,5991.89964071,511.6905743,1,0,0.10686443,2066.5,908.0
1621,81.075,5994.22035448,511.40327031,1,0,0.1187789,2066.25,909.0
1622,81.125,5996.55343046,511.11867814,1,0,0.12141393,2066.75,905.0
1623,81.175,5998.89911242,510.84363334,1,0,0.1298936,2065.5,899.0
1624,81.225,6001.25906594,510.57103767,1,0,0.13757635,2065.0,898.0
1625,81.275,6003.63733311,510.30234809,1,0,0.14652721,2064.5,897.0
1626,81.325,6006.03059127,510.03333974,1,0,0.15643455,2069.0,899.0
1627,81.375,6008.43340546,509.76398001,1,0,0.15624453,2070.25,897.0
1628,81.425,6010.84752594,509.49264978,1,0,0.16461894,2072.0,896.0
1629,81.475,6013.25774999,509.21549338,1,0,0.17213626,2072.5,898.0
1630,81.525,6015.663256,508.95124425,1,0,0.17978287,2074.5,898.0
1631,81.575,6018.0778245,508.697533,1,0,0.19029781,2073.0,898.0
1632,81.625,6020.51040628,508.45086111,1,0,0.19928497,2072.0,897.0
1633,81.675,6022.96136616,508.21113117,1,0,0.20093369,2070.5,894.0
1634,81.725,6025.42110053,507.98331514,1,0,0.20458609,2073.25,893.0
1635,81.775,6027.89045813,507.7616887,1,0,0.20821283,2074.0,893.0
1636,81.825,6030.37022505,507.55422669,1,0,0.22046746,2073.75,893.0
1637,81.875,6032.87769232,507.36067078,1,0,0.24286657,2072.25,892.0
1638,81.925,6035.48013729,507.18263389,1,0,0.25700227,2074.25,893.0
1639,81.975,6038.35850453,507.06162957,1,0,0.5267025,2073.25,893.0
1640,82.025,6041.25497769,506.94190661,1,0,0.5375552,2072.25,892.0
1641,82.075,6044.17540327,506.83456272,1,0,0.54852594,2070.5,890.0
1642,82.125,6047.12435882,506.72551806,1,0,0.56951315,2070.5,889.0
1643,82.175,6050.09850927,506.61839498,1,0,0.57812394,2073.5,889.0
1644,82.225,6053.05334975,506.53533528,1,0,0.56596239,2072.5,890.0
1645,82.275,6056.00450434,506.4631745,1,0,0.56751897,2072.25,891.0
1646,82.325,6058.96413045,506.40605175,1,0,0.5674301,2074.75,891.0
1647,82.375,6061.92302079,506.35635519,1,0,0.56542334,2075.75,892.0
1648,82.425,6064.83467887,506.32209041,1,0,0.56318804,2074.0,893.0
1649,82.475,6067.74251499,506.29643769,1,0,0.56282903,2071.5,893.0
1650,82.525,6070.66029518,506.27553805,1,0,0.58515881,2069.75,892.0
1651,82.575,6073.59797219,506.26845462,1,0,0.59566286,2071.75,890.0
1652,82.625,6076.56576705,506.27221272,1,0,0.61507286,2068.75,887.0
1653,82.675,6079.56740684,506.2794828,1,0,0.63507105,2069.0,886.0
1654,82.725,6082.62033159,506.27832203,1,0,0.65321859,2068.5,887.0
1655,82.775,6085.70180471,506.27891153,1,0,0.6639944,2071.0,888.0
1656,82.825,6088.79536527,506.30484649,1,0,0.67173183,2065.25,889.0
1657,82.875,6091.91157303,506.32853602,1,0,0.69079052,2064.0,886.0
1658,82.925,6095.08632932,506.32156257,1,0,0.74795499,2061.25,884.0
1659,82.975,6098.30925201,506.27476029,1,0,0.78582749,2060.5,882.0
1660,83.025,6101.51434697,506.23755542,1,0,0.75601497,2064.0,882.0
1661,83.075,6104.73278233,506.31171968,1,0,0.75431421,2064.0,883.0
1662,83.125,6107.97798193,506.39780403,1,0,0.76541103,2061.75,883.0
1663,83.175,6111.25322328,506.48671945,1,0,0.77996322,2060.75,884.0
1664,83.225,6114.55473907,506.60400344,1,0,0.79340272,2060.75,887.0
1665,83.275,6117.87481085,506.77272087,1,0,0.79320231,2060.5,886.0
1666,83.325,6121.24187012,506.96370267,1,0,0.81511836,2058.0,883.0
1667,83.375,6124.63938041,507.17675353,1,0,0.82206338,2056.0,882.0
1668,83.425,6128.06770293,507.39710387,1,0,0.83455975,2057.75,883.0
1669,83.475,6131.5167159,507.61733581,1,0,0.83196412,2059.0,882.0
1670,83.525,6134.98682112,507.85722236,1,0,0.83337476,2055.0,884.0
1671,83.575,6138.55389717,508.1222962,1,0,0.8983797,2052.0,885.0
1672,83.625,6142.21662324,508.37799082,1,0,0.96664726,2046.5,883.0
1673,83.675,6145.94772235,508.63805911,1,0,1.00339838,2046.5,881.0
1674,83.725,6149.95890602,508.8644515,1,0,1.25736823,2047.5,878.0
1675,83.775,6153.99605479,509.0923143,1,0,1.26601998,2045.25,878.0
1676,83.825,6158.04321992,509.32228826,1,0,1.25436673,2042.0,877.0
1677,83.875,6162.12260173,509.55479206,1,0,1.27102403,2038.5,877.0
1678,83.925,6166.22134656,509.83299862,1,0,1.29358783,2040.5,878.0
1679,83.975,6170.36782118,510.20659943,1,0,1.31761906,2038.0,875.0
1680,84.025,6174.78041502,511.38158496,1,0,1.55051976,2032.75,875.0
1681,84.075,6179.18455438,511.56736445,1,0,1.46955091,2032.0,878.0
1682,84.125,6183.48487181,512.09209755,1,0,1.3440393,2028.5,877.0
1683,84.175,6192.64557742,524.36820772,2,1,6.17821885,2022.5,889.0
1684,84.225,6202.9392931,528.47992443,2,0,6.76320099,2012.5,892.0
1685,84.275,6214.64196336,532.99725205,2,0,8.03027904,1999.75,893.0
1686,84.325,6228.33118859,538.10758735,2,0,9.84362853,1986.0,894.0
1687,84.375,6246.99560565,546.60580683,1,0,14.60894082,1966.25,892.0
1688,84.425,6267.46270775,546.64878756,1,0,16.02251701,1946.25,889.0
1689,84.475,6288.08229444,546.96491208,1,0,16.16103763,1928.25,888.0
1690,84.525,6310.52262211,547.62926505,1,0,17.93683117,1907.25,886.0
1691,84.575,6333.32238571,548.57939197,1,0,18.29229702,1885.25,880.0
1692,84.625,6353.74770917,543.56013884,1,0,15.8969437,1869.0,869.0
1693,84.675,6371.68691886,540.82616984,1,0,13.71398312,1852.5,851.0
1694,84.725,6386.20759817,533.95572192,1,0,10.64466768,1839.25,846.0
1695,84.775,6402.26180131,546.90231619,3,2,12.36139367,1817.5,837.0
1696,84.825,6417.68690222,552.94981048,3,0,11.19846318,1800.25,814.0
1697,84.875,6430.94450358,558.7892661,3,0,8.92266806,1792.25,807.0
1698,84.925,6443.38814591,566.46491869,3,0,8.00374951,1777.25,795.0
1699,84.975,6456.12992983,573.066166,3,0,8.09868173,1765.0,783.0
1700,85.025,6469.12171269,580.04909958,3,0,8.17575952,1753.5,776.0
1701,85.075,6482.1475267,587.01334226,2,0,8.00489549,1740.75,761.0
1702,85.125,6493.04121664,588.65004546,2,0,5.67586249,1732.75,751.0
1703,85.175,6503.71912599,591.26121053,2,0,5.46429805,1724.0,746.0
1704,85.225,6513.22235172,590.85539135,2,0,4.29307625,1714.25,742.0
1705,85.275,6522.68073303,593.67676582,2,0,4.28595351,1708.5,732.0
1706,85.325,6531.89457092,593.59612355,2,0,3.9828169,1702.0,726.0
1707,85.375,6540.65060931,596.50434503,2,0,3.59443003,1697.75,721.0
1708,85.425,6548.86721971,595.62954225,1,0,2.99988909,1692.25,716.0
1709,85.475,6556.46828836,596.79185262,1,0,2.48560105,1685.25,707.0
1710,85.525,6563.65138114,597.48867608,1,0,2.05226503,1682.0,699.0
1711,85.575,6570.60130759,598.04970465,1,0,1.83418712,1678.25,695.0
1712,85.625,6577.44188697,598.60597839,1,0,1.72116479,1675.75,691.0
1713,85.675,6584.17812363,599.12648732,1,0,1.62711101,1671.0,686.0
1714,85.725,6590.69408303,599.57670382,1,0,1.42329781,1667.0,680.0
1715,85.775,6597.07339226,599.9871324,1,0,1.2985444,1664.5,674.0
1716,85.825,6603.43232542,600.42647953,1,0,1.29146316,1660.25,665.0
1717,85.875,6609.75600694,600.87155303,1,0,1.26748819,1658.5,661.0
1718,85.925,6616.02604719,601.34812565,1,0,1.22063214,1655.0,658.0
1719,85.975,6622.23612398,601.83145606,1,0,1.17791116,1654.0,653.0
1720,86.025,6628.23923024,601.99667791,1,0,0.98848851,1650.25,650.0
1721,86.075,6633.96256018,601.92258526,1,0,0.77660857,1649.5,650.0
1722,86.125,6639.64771307,601.91539027,1,0,0.74630019,1646.75,643.0
1723,86.175,6645.27113558,601.94565915,1,0,0.70253344,1645.5,641.0
1724,86.225,6650.8986939,601.98981303,1,0,0.7421081,1643.0,640.0
1725,86.275,6656.69357452,602.03587101,1,0,0.92912379,1641.75,639.0
1726,86.325,6662.4455216,602.07293631,1,0,0.92556373,1638.75,636.0
1727,86.375,6668.14877834,602.14429862,1,0,0.90920604,1636.5,631.0
1728,86.425,6673.78300855,602.252365,1,0,0.87417099,1635.0,631.0
1729,86.475,6679.35144396,602.36620716,1,0,0.84654738,1632.25,626.0
1730,86.525,6684.88016926,602.48522982,1,0,0.82733293,1631.0,624.0
1731,86.575,6690.38451144,602.62525297,1,0,0.84680152,1628.75,622.0
1732,86.625,6695.87160839,602.79608532,1,0,0.85383336,1626.75,621.0
1733,86.675,6701.31887048,602.95223519,1,0,0.83600473,1624.25,615.0
1734,86.725,6706.66651011,602.83988531,1,0,0.7756718,1624.25,614.0
1735,86.775,6711.62307209,602.31420067,1,0,0.47647218,1622.5,611.0
1736,86.825,6716.52217571,601.77481911,1,0,0.4711165,1621.75,609.0
1737,86.875,6721.39357099,601.22905535,1,0,0.4949311,1619.75,606.0
1738,86.925,6726.23041418,600.68249358,1,0,0.51871969,1618.75,603.0
1739,86.975,6730.99816942,600.14631223,1,0,0.50242743,1615.75,601.0
1740,87.025,6735.68640286,599.61293237,1,0,0.46663672,1615.5,600.0
1741,87.075,6740.29483943,598.67181923,1,0,0.44541945,1614.25,599.0
1742,87.125,6744.81770921,597.72719408,1,0,0.41328028,1614.25,599.0
1743,87.175,6749.28031522,596.79516007,1,0,0.41908549,1612.75,595.0
1744,87.225,6753.70148046,595.88310069,1,0,0.42790471,1612.75,595.0
1745,87.275,6758.0902639,594.97594533,1,0,0.46004466,1611.0,589.0
1746,87.325,6762.44815053,594.0699226,1,0,0.49194327,1611.0,589.0
1747,87.375,6766.66807685,593.20718042,1,0,0.41233093,1608.75,588.0
1748,87.425,6770.58384981,592.35131679,1,0,0.21283622,1608.5,587.0
1749,87.475,6774.41867665,591.49363487,1,0,0.17019919,1608.0,584.0
1750,87.525,6778.19963381,590.65122617,1,0,0.15094095,1607.5,580.0
1751,87.575,6781.89024136,589.84929408,1,0,0.09823853,1607.5,580.0
1752,87.625,6785.52459626,589.05126846,1,0,0.09292649,1607.25,579.0
1753,87.675,6789.10262424,588.25856448,1,0,0.10745501,1607.25,579.0
1754,87.725,6792.64521029,587.48063395,1,0,0.09700152,1605.75,579.0
1755,87.775,6796.16754718,586.70330027,1,0,0.09753284,1606.0,580.0
1756,87.825,6799.66251959,585.93056973,1,0,0.09459007,1605.0,579.0
1757,87.875,6803.12872624,585.15457727,1,0,0.09631023,1604.75,578.0
1758,87.925,6806.56774962,584.32103023,1,0,0.10172652,1605.25,576.0
1759,87.975,6809.98947272,583.42016208,1,0,0.10095922,1604.5,574.0
1760,88.025,6813.39007169,582.52152086,1,0,0.10042484,1604.5,573.0
1761,88.075,6816.75623129,581.62088752,1,0,0.09568769,1603.75,569.0
1762,88.125,6820.09145566,580.5888121,1,0,0.08210221,1602.5,565.0
1763,88.175,6823.36951708,579.09407461,1,0,0.06737391,1602.75,566.0
1764,88.225,6826.58837108,577.61065667,1,0,0.0486732,1602.5,564.0
1765,88.275,6829.76268085,576.14876055,1,0,0.04701717,1601.5,560.0
1766,88.325,6832.88853857,574.72653885,1,0,0.04536114,1601.5,560.0
1767,88.375,6835.96001693,573.306061,1,0,0.03597521,1600.75,556.0
1768,88.425,6838.90278327,571.84048103,1,0,0.01536421,1603.5,568.0
1769,88.475,6841.80349211,570.3792968,1,0,0.01304633,1603.5,568.0
1770,88.525,6844.66347996,568.9308019,1,0,0.01072845,1603.5,568.0
1771,88.575,6847.48370316,567.50171861,1,0,0.0,1603.5,568.0
1772,88.625,6850.29032739,566.09533223,1,0,0.0,1603.5,568.0
1773,88.675,6853.07361453,564.69508516,1,0,0.0,1603.5,568.0
1774,88.725,6855.82349576,563.29273027,1,0,0.0,1603.5,568.0
1775,88.775,6858.5460328,561.89080183,1,0,0.0,1603.5,568.0
1776,88.825,6861.23771848,560.49641402,1,0,0.01173476,1603.75,569.0
1777,88.875,6863.89297361,559.10779353,1,0,0.0141991,1603.75,569.0
1778,88.925,6866.52348596,557.76734739,1,0,0.01666344,1603.5,567.0
1779,88.975,6869.35772974,555.92640109,1,0,0.19491094,1604.25,571.0
1780,89.025,6871.94940857,553.38690054,1,0,0.05358226,1603.5,567.0
1781,89.075,6874.35158434,551.46408109,1,0,0.0,1603.75,568.0
1782,89.125,6876.60946587,549.46570736,1,0,0.0,1603.75,568.0
1783,89.175,6878.79098525,547.56541509,2,1,0.0,1603.75,568.0
1784,89.225,6880.95402424,546.11788226,2,1,0.02193887,1603.25,565.0
1785,89.275,6883.09513498,544.6993212,2,0,0.04905176,1603.25,565.0
1786,89.325,6885.1731262,543.28384914,2,0,0.03837616,1606.0,566.0
1787,89.375,6887.2194337,541.89215279,2,0,0.02770056,1606.0,566.0
1788,89.425,6889.24616961,540.00061746,1,0,0.01609006,1606.0,566.0
1789,89.475,6891.1564162,537.90142852,1,0,0.01573962,1606.0,566.0
1790,89.525,6892.90286979,535.83033578,1,0,0.03980046,1606.0,566.0
1791,89.575,6894.65243132,533.82910381,1,0,0.07750433,1606.0,566.0
1792,89.625,6896.36764901,531.8478851,1,0,0.08287574,1606.0,566.0
1793,89.675,6898.04011506,529.81562566,1,0,0.07610449,1606.0,566.0
1794,89.725,6899.67408584,527.7813782,1,0,0.08223014,1605.75,564.0
1795,89.775,6901.28183773,525.76128531,1,0,0.08422028,1606.0,564.0
1796,89.825,6902.87406557,523.83767534,1,0,0.11568957,1606.0,564.0
1797,89.875,6904.45604473,522.09152617,1,0,0.13554451,1605.75,562.0
1798,89.925,6905.96426753,519.77017017,1,0,0.10457259,1606.75,567.0
1799,89.975,6907.31580661,516.74055302,1,0,0.05374996,1606.25,564.0
1800,90.025,6908.52360594,513.77457687,1,0,0.01272237,1606.25,564.0
1801,90.075,6909.59886209,511.07272072,1,0,0.0,1606.25,564.0
1802,90.125,6910.57051442,509.28541307,1,0,0.0,1606.25,564.0
1803,90.175,6911.5017926,507.76102933,1,0,0.0,1606.25,564.0
1804,90.225,6912.40003644,506.26741734,1,0,0.0,1606.25,564.0
1805,90.275,6913.26588765,504.78125685,1,0,0.0,1606.25,564.0
1806,90.325,6914.10260591,503.57725043,1,0,0.0,1606.25,564.0
1807,90.375,6914.91145467,502.70348981,1,0,0.01140579,1606.25,564.0
1808,90.425,6915.66036461,501.81496737,1,0,0.0,1606.25,564.0
1809,90.475,6916.35455768,500.9292555,1,0,0.0,1606.25,564.0
1810,90.525,6917.01107429,500.07962687,1,0,0.0,1606.5,566.0
1811,90.575,6917.63590605,499.40454675,1,0,0.0,1606.5,566.0
1812,90.625,6918.24287686,498.87900243,1,0,0.0,1606.5,566.0
1813,90.675,6918.84338583,498.37601968,1,0,0.0,1606.5,566.0
1814,90.725,6919.42507258,497.87120103,1,0,0.0,1606.5,566.0
1815,90.775,6919.98778618,497.35736451,1,0,0.0,1606.5,566.0
1816,90.825,6920.53239704,496.8439229,1,0,0.0,1606.5,566.0
1817,90.875,6921.04278253,496.32910775,1,0,0.0,1606.5,566.0
1818,90.925,6921.5066032,495.79050826,1,0,0.0,1606.5,566.0
1819,90.975,6921.93938234,495.25775671,1,0,0.0,1607.5,568.0
1820,91.025,6922.32231536,494.73127398,1,0,0.0,1607.5,568.0
1821,91.075,6922.66818925,494.21631574,1,0,0.0,1607.5,568.0
1822,91.125,6922.99399409,493.85798247,1,0,0.0,1607.5,568.0
1823,91.175,6923.31859518,493.61414813,1,0,0.0,1607.5,568.0
1824,91.225,6923.6413604,493.36711819,1,0,0.0,1607.5,568.0
1825,91.275,6923.9667654,493.12554718,1,0,0.0,1607.75,569.0
1826,91.325,6924.29595821,492.88751099,1,0,0.0,1609.5,576.0
1827,91.375,6924.62682916,492.65468559,1,0,0.0,1609.5,576.0
1828,91.425,6924.94916196,492.42540091,1,0,0.0,1609.5,576.0
1829,91.475,6925.26832388,492.18892128,1,0,0.0,1612.0,577.0
1830,91.525,6925.58394687,491.95430078,1,0,0.0,1612.0,577.0
1831,91.575,6925.89641607,491.71547775,1,0,0.0,1612.0,577.0
1832,91.625,6926.20413125,491.50082872,1,0,0.0,1612.0,577.0
1833,91.675,6926.51456646,491.30518134,1,0,0.0,1612.0,577.0
1834,91.725,6926.82338021,491.10702562,1,0,0.0,1612.0,577.0
1835,91.775,6927.11200981,490.86721814,1,0,0.0,1612.0,577.0
1836,91.825,6927.39398964,490.62105312,1,0,0.0,1612.0,577.0
1837,91.875,6927.66955677,490.37074966,1,0,0.0,1612.0,577.0
1838,91.925,6927.94712354,490.12313413,1,0,0.0,1612.0,577.0
1839,91.975,6928.20966028,489.88934071,1,0,0.0,1612.0,577.0
1840,92.025,6928.45472526,489.67462424,1,0,0.0,1612.0,577.0
1841,92.075,6928.71237246,489.42369786,1,0,0.0,1612.0,577.0
1842,92.125,6928.99317404,489.16546316,1,0,0.01803952,1612.0,577.0
1843,92.175,6929.29573272,488.92746204,1,0,0.033284,1612.0,577.0
1844,92.225,6929.57233137,488.71626722,1,0,0.0210131,1612.0,577.0
1845,92.275,6929.81576196,488.52384626,1,0,0.0,1612.0,577.0
1846,92.325,6930.03862375,488.36916638,1,0,0.0,1612.0,577.0
1847,92.375,6930.25415567,488.20562486,1,0,0.0,1612.0,577.0
1848,92.425,6930.48148735,488.02982062,1,0,0.0,1612.0,577.0
1849,92.475,6930.7007353,487.83237665,1,0,0.0,1612.0,577.0
1850,92.525,6930.92961269,487.62725826,1,0,0.0,1612.25,579.0
1851,92.575,6931.16773469,487.41968185,1,0,0.0,1612.25,579.0
1852,92.625,6931.41544921,487.20931873,1,0,0.0,1612.5,580.0
1853,92.675,6931.67341844,487.00089513,1,0,0.0,1612.5,580.0
1854,92.725,6931.93852647,486.79483025,1,0,0.0,1613.25,583.0
1855,92.775,6932.19854513,486.5934971,1,0,0.0,1613.5,583.0
1856,92.825,6932.44654123,486.3932247,1,0,0.0,1613.5,583.0
1857,92.875,6932.69152891,486.19598801,1,0,0.0,1613.5,583.0
1858,92.925,6932.95626498,485.98086308,1,0,0.0,1613.5,583.0
1859,92.975,6933.19375501,485.78776526,1,0,0.0,1613.75,583.0
1860,93.025,6933.42153075,485.61736785,1,0,0.0,1613.75,583.0
1861,93.075,6933.65353511,485.45708395,1,0,0.0,1613.75,583.0
1862,93.125,6933.87876008,485.30913085,1,0,0.0,1613.75,583.0
1863,93.175,6934.09554662,485.15717002,1,0,0.0,1614.0,583.0
1864,93.225,6934.31326165,484.99865735,1,0,0.0,1614.25,583.0
1865,93.275,6934.5353479,484.84247126,1,0,0.0,1614.5,585.0
1866,93.325,6934.76816039,484.68779918,1,0,0.0,1614.5,585.0
1867,93.375,6935.01182718,484.53453065,1,0,0.0,1614.5,585.0
1868,93.425,6935.26384993,484.38180273,1,0,0.0,1614.75,585.0
1869,93.475,6935.52426133,484.23125532,1,0,0.0,1614.75,585.0
1870,93.525,6935.79096761,484.14294322,1,0,0.0,1615.25,585.0
1871,93.575,6936.05102426,484.09696107,1,0,0.0,1615.5,585.0
1872,93.625,6936.30147768,484.05203704,1,0,0.0,1615.5,585.0
1873,93.675,6936.54445805,484.00867975,1,0,0.0,1617.75,585.0
1874,93.725,6936.77510375,483.97819563,1,0,0.0,1617.75,585.0
1875,93.775,6937.00879933,483.94919653,1,0,0.0,1617.75,585.0
1876,93.825,6937.22251491,483.92236499,1,0,0.0,1617.75,585.0
1877,93.875,6937.41751678,483.90157669,1,0,0.0,1617.75,585.0
1878,93.925,6937.59135849,483.88310823,1,0,0.0,1617.75,585.0
1879,93.975,6937.74382519,483.86802508,1,0,0.0,1617.75,585.0
1880,94.025,6937.87907093,483.87234434,1,0,0.0,1617.75,585.0
1881,94.075,6938.00193751,483.8755613,1,0,0.0,1617.75,585.0
1882,94.125,6938.11857136,483.87905377,1,0,0.0,1617.75,585.0
1883,94.175,6938.23327304,483.92643116,1,0,0.0,1617.75,585.0
1884,94.225,6938.34521879,483.98887418,1,0,0.0,1618.0,587.0
1885,94.275,6938.45606267,484.06067206,1,0,0.0,1618.0,587.0
1886,94.325,6938.56964096,484.13258561,1,0,0.0,1618.0,587.0
1887,94.375,6938.68756713,484.201952,1,0,0.0,1618.0,587.0
1888,94.425,6938.80804565,484.26670484,1,0,0.0,1618.0,587.0
1889,94.475,6938.92708341,484.30704925,1,0,0.0,1618.0,587.0
1890,94.525,6939.04011583,484.33967489,1,0,0.0,1618.0,587.0
1891,94.575,6939.14129814,484.37894238,1,0,0.0,1618.0,587.0
1892,94.625,6939.23156097,484.42853058,1,0,0.0,1618.0,587.0
1893,94.675,6939.30935362,484.48552993,1,0,0.0,1618.0,587.0
1894,94.725,6939.37518119,484.53686364,1,0,0.0,1618.0,587.0
1895,94.775,6939.43287681,484.58321767,1,0,0.0,1618.0,587.0
1896,94.825,6939.479535,484.63136616,1,0,0.0,1618.0,587.0
1897,94.875,6939.50349069,484.67625014,1,0,0.0,1618.5,587.0
1898,94.925,6939.52093053,484.73872435,1,0,0.0,1618.5,587.0
1899,94.975,6939.53697275,484.80490018,1,0,0.0,1618.5,587.0
1900,95.025,6939.55288164,484.87157036,1,0,0.0,1618.5,587.0
1901,95.075,6939.56617861,484.93625676,1,0,0.0,1618.5,587.0
1902,95.125,6939.57066681,484.991037,1,0,0.0,1618.5,587.0
1903,95.175,6939.57133832,485.05106175,1,0,0.0,1618.5,587.0
1904,95.225,6939.56912216,485.11378629,1,0,0.0,1619.5,587.0
1905,95.275,6939.56356954,485.17615125,1,0,0.0,1619.5,587.0
1906,95.325,6939.555835,485.23997305,1,0,0.0,1619.5,587.0
1907,95.375,6939.54161504,485.29834532,1,0,0.0,1619.5,587.0
1908,95.425,6939.5102016,485.36457847,1,0,0.0,1619.75,589.0
1909,95.475,6939.45166996,485.43357465,1,0,0.0,1620.0,589.0
1910,95.525,6939.37460006,485.50636462,1,0,0.0,1620.0,589.0
1911,95.575,6939.2847428,485.58170965,1,0,0.0,1620.5,589.0
1912,95.625,6939.18618507,485.66358586,1,0,0.0,1620.5,589.0
1913,95.675,6939.08488048,485.74665016,1,0,0.0,1620.5,589.0
1914,95.725,6938.97722626,485.83356503,1,0,0.0,1620.75,589.0
1915,95.775,6938.86224667,485.9283274,1,0,0.0,1621.0,589.0
1916,95.825,6938.74993074,486.0316264,1,0,0.0,1621.5,590.0
1917,95.875,6938.68718158,486.14629101,1,0,0.0,1621.5,590.0
1918,95.925,6938.66271029,486.25849654,1,0,0.0,1621.5,590.0
1919,95.975,6938.64858998,486.36944368,1,0,0.0,1621.5,590.0
1920,96.025,6938.64300107,486.46395541,1,0,0.0,1621.5,590.0
1921,96.075,6938.64395788,486.5474183,1,0,0.0,1621.5,590.0
1922,96.125,6938.64889718,486.63394893,1,0,0.0,1621.5,590.0
1923,96.175,6938.65445279,486.70776747,1,0,0.0,1621.5,590.0
1924,96.225,6938.6604112,486.7814369,1,0,0.0,1621.5,590.0
1925,96.275,6938.66738022,486.86453248,1,0,0.0,1621.5,590.0
1926,96.325,6938.66792679,486.96033039,1,0,0.0,1621.75,591.0
1927,96.375,6938.60540271,487.04130189,1,0,0.0,1621.75,591.0
1928,96.425,6938.50548286,487.12122418,1,0,0.0,1622.0,591.0
1929,96.475,6938.38053106,487.20301754,1,0,0.0,1622.0,591.0
1930,96.525,6938.23526029,487.29092006,1,0,0.0,1622.25,593.0
1931,96.575,6938.08241166,487.38975245,1,0,0.0,1622.25,593.0
1932,96.625,6937.92524048,487.51299848,1,0,0.0,1622.5,595.0
1933,96.675,6823.25950268,668.81022987,3,0,0.0,1692.25,813.0
1934,96.725,6763.06012054,663.00057243,3,0,0.0,1762.0,814.0
1935,96.775,6719.37938606,660.78180003,3,0,0.0,1790.25,810.0
1936,96.825,6682.47823379,659.16381238,3,0,0.0,1829.75,785.0
1937,96.875,6650.67912229,657.89528956,3,0,0.0,1874.75,789.0
1938,96.925,6622.79066072,656.81780705,3,0,0.0,1875.75,785.0
1939,96.975,6597.21061446,655.91835683,3,0,0.0,1931.25,789.0
1940,97.025,6573.65946433,655.16975827,3,0,0.0,1931.25,789.0
1941,97.075,6551.62185795,654.59262172,3,0,0.0,1977.0,790.0
1942,97.125,6530.87016717,654.02869707,3,0,0.0,1977.25,789.0
1943,97.175,6511.46848387,653.49502971,3,0,0.0,2014.75,839.0
1944,97.225,6493.11133258,652.98394414,3,0,0.0,2033.25,789.0
1945,97.275,6475.76049103,652.52037279,3,0,0.0,2033.25,789.0
1946,97.325,6459.18876383,652.0917805,3,0,0.0,2070.0,819.0
1947,97.375,6443.25461197,651.66368659,3,0,0.0,2079.75,788.0
1948,97.425,6427.98224771,651.26466026,3,0,0.0,2079.75,788.0
1949,97.475,6413.23527129,650.9469801,3,0,0.0,2089.0,813.0
1950,97.525,6399.08649847,650.68373992,3,0,0.0,2135.75,790.0
1951,97.575,6385.51625095,650.4132536,3,0,0.0,2136.0,789.0
1952,97.625,6372.42282852,650.14475948,3,0,0.0,2136.0,789.0
1953,97.675,6359.77819964,649.87872003,3,0,0.0,2155.25,823.0
1954,97.725,6347.55939293,649.6242991,3,0,0.0,2182.0,789.0
1955,97.775,6335.71207706,649.38538907,3,0,0.0,2182.0,789.0
1956,97.825,6324.2460265,649.18094332,3,0,0.0,2182.0,789.0
1957,97.875,6313.15416875,648.96939035,3,0,0.0,2182.0,789.0
1958,97.925,6302.37525851,648.75791455,3,0,0.0,2197.25,799.0
1959,97.975,6291.90783278,648.55080778,3,0,0.0,2198.0,798.0
1960,98.025,6281.80255166,648.37545422,3,0,0.0,2198.0,798.0
1961,98.075,6271.99957057,648.23368298,3,0,0.0,2198.0,798.0
1962,98.125,6262.47021628,648.11929153,3,0,0.0,2199.0,803.0
1963,98.175,6253.21395391,648.00484466,3,0,0.0,2199.0,803.0
1964,98.225,6244.15738854,647.88659874,3,0,0.0,2199.0,803.0
1965,98.275,6235.31198877,647.77491586,3,0,0.0,2199.0,803.0
1966,98.325,6226.72310844,647.66401062,3,0,0.0,2199.0,803.0
1967,98.375,6218.38305153,647.55341219,3,0,0.0,2199.0,803.0
1968,98.425,6210.26128974,647.46808014,3,0,0.0,2199.0,803.0
1969,98.475,6202.35473259,647.38774462,3,0,0.0,2199.0,803.0
1970,98.525,6194.68975684,647.32368732,3,0,0.0,2199.25,804.0
1971,98.575,6187.24120508,647.26099892,3,0,0.0,2199.25,804.0
1972,98.625,6179.98185738,647.20176624,3,0,0.0,2199.25,804.0
1973,98.675,6172.91463981,647.15517702,3,0,0.0,2199.25,804.0
1974,98.725,6166.02481142,647.11811707,3,0,0.0,2199.25,804.0
1975,98.775,6159.34277861,647.08435307,3,0,0.0,2199.25,804.0
1976,98.825,6152.85288588,647.07976232,3,0,0.0,2199.25,804.0
1977,98.875,6146.5465076,647.08576831,3,0,0.0,2199.25,804.0
1978,98.925,6140.39237277,647.09288857,3,0,0.0,2199.25,804.0
1979,98.975,6134.37056094,647.09985313,3,0,0.0,2199.25,804.0
1980,99.025,6128.47749084,647.11488186,3,0,0.0,2200.25,805.0
1981,99.075,6122.7248727,647.13288451,3,0,0.0,2200.25,805.0
1982,99.125,6117.14671081,647.16441396,3,0,0.0,2200.25,805.0
1983,99.175,6111.73534623,647.19611799,3,0,0.0,2200.25,805.0
1984,99.225,6106.53744948,647.23258596,3,0,0.0,2200.25,805.0
1985,99.275,6101.51847393,647.2801159,3,0,0.0,2200.25,805.0
1986,99.325,6096.67495656,647.34072993,3,0,0.0,2201.25,806.0
1987,99.375,6091.9936736,647.4118319,3,0,0.0,2201.25,806.0
1988,99.425,6087.43205703,647.48623922,3,0,0.0,2201.5,808.0
1989,99.475,6083.02472752,647.58032899,3,0,0.0,2201.5,808.0
1990,99.525,6078.75475486,647.67546152,3,0,0.0,2201.5,808.0
1991,99.575,6074.6160122,647.76361539,3,0,0.0,2201.5,808.0
1992,99.625,6070.6103071,647.87031111,3,0,0.0,2201.5,808.0
1993,99.675,6066.71620687,647.97791125,3,0,0.0,2201.5,808.0
1994,99.725,6062.9282356,648.10555499,3,0,0.0,2201.75,808.0
1995,99.775,6059.2602491,648.23454172,3,0,0.0,2201.75,808.0
1996,99.825,6055.73781584,648.26025784,3,0,0.0,2201.75,808.0
1997,99.875,6052.35273966,648.29017939,3,0,0.0,2201.75,808.0
1998,99.925,6049.09799012,648.32444193,3,0,0.0,2202.75,809.0
1999,99.975,6045.99394599,648.35775648,3,0,0.0,2202.75,809.0
2000,100.025,6043.0324841,648.39432018,3,0,0.0,2203.0,810.0
2001,100.075,6040.20762007,648.42749556,3,0,0.0,2203.0,810.0
2002,100.125,6037.52445973,648.45200208,3,0,0.0,2203.25,811.0
2003,100.175,6034.98572218,648.49087144,3,0,0.0,2203.25,811.0
2004,100.225,6032.60522743,648.54901779,3,0,0.0,2203.25,811.0
2005,100.275,6030.37336159,648.61812168,3,0,0.0,2203.5,811.0
2006,100.325,6028.32078779,648.69329649,3,0,0.0,2203.5,811.0
2007,100.375,6026.43895506,648.77155776,3,0,0.0,2203.5,811.0
2008,100.425,6024.71012081,648.85218127,3,0,0.0,2203.5,811.0
2009,100.475,6023.11857118,648.9347851,3,0,0.0,2204.5,816.0
2010,100.525,6021.65252329,649.01794783,3,0,0.0,2204.5,816.0
2011,100.575,6020.2817525,649.10280833,3,0,0.0,2204.5,816.0
2012,100.625,6019.00098066,649.11662456,3,0,0.0,2204.5,816.0
2013,100.675,6017.6980792,649.03696815,3,0,0.0,2204.5,816.0
2014,100.725,6016.42839952,648.94180562,3,0,0.0,2204.75,816.0
2015,100.775,6015.22507495,648.87070164,3,0,0.0,2206.0,818.0
2016,100.825,6014.07260077,648.8010319,3,0,0.0,2206.0,818.0
2017,100.875,6012.97899874,648.74360255,3,0,0.0,2206.0,818.0
2018,100.925,6011.93717689,648.68585898,3,0,0.0,2206.0,818.0
2019,100.975,6010.95050466,648.62792554,3,0,0.0,2206.0,818.0
2020,101.025,6009.97245146,648.56860989,3,0,0.0,2206.0,818.0
2021,101.075,6009.0508028,648.51204011,3,0,0.0,2206.0,818.0
2022,101.125,6008.20356906,648.45600792,3,0,0.0,2206.0,818.0
2023,101.175,6008.54103463,648.44249453,3,0,0.0,2206.75,822.0
2024,101.225,6008.95120114,648.42856117,3,0,0.0,2206.75,822.0
2025,101.275,6009.42258163,648.42476176,3,0,0.0,2207.0,824.0
2026,101.325,6009.95598536,648.41174418,3,0,0.0,2208.0,825.0
2027,101.375,6010.56098641,648.39844436,3,0,0.0,2208.25,827.0
2028,101.425,6011.23055498,648.39283326,3,0,0.0,2208.5,828.0
2029,101.475,6011.96053921,648.39403069,3,0,0.0,2208.75,828.0
2030,101.525,6012.75002785,648.3877298,3,0,0.0,2209.5,829.0
2031,101.575,6013.59622871,648.38626564,3,0,0.0,2209.75,829.0
2032,101.625,6014.49125501,648.39063046,3,0,0.0,2209.75,829.0
2033,101.675,6015.442022,648.41543371,3,0,0.0,2209.75,829.0
2034,101.725,6016.46622448,648.44237502,3,0,0.0,2210.75,830.0
2035,101.775,6017.56626093,648.46851077,3,0,0.0,2211.0,831.0
2036,101.825,6018.75698575,648.49402989,3,0,0.0,2211.0,831.0
2037,101.875,6020.08064195,648.51898679,3,0,0.0,2211.75,832.0
2038,101.925,6021.54900371,648.54768462,3,0,0.0,2211.75,832.0
2039,101.975,6023.1994744,648.58496777,3,0,0.0,2211.75,832.0
2040,102.025,6025.03954669,648.62102509,3,0,0.0,2211.75,832.0
2041,102.075,6027.05574866,648.65992751,3,0,0.0,2212.0,832.0
2042,102.125,6029.24087299,648.71154897,3,0,0.0,2212.0,832.0
2043,102.175,6031.59297373,648.77349622,3,0,0.0,2213.25,833.0
2044,102.225,6034.09478897,648.83622789,3,0,0.0,2214.5,836.0
2045,102.275,6036.74981163,648.89786935,3,0,0.0,2215.5,836.0
2046,102.325,6039.55386829,648.97431914,3,0,0.0,2215.75,837.0
2047,102.375,6042.49567508,649.05323857,3,0,0.0,2216.0,837.0
2048,102.425,6045.55679104,649.13791951,3,0,0.0,2216.25,838.0
2049,102.475,6048.74054282,649.22598714,3,0,0.0,2216.25,838.0
2050,102.525,6052.0625042,649.32454942,3,0,0.0,2216.25,838.0
2051,102.575,6055.54169217,649.43143744,3,0,0.0,2218.0,839.0
2052,102.625,6059.17048491,649.56381166,3,0,0.0,2218.0,839.0
2053,102.675,6062.92930005,649.73015148,3,0,0.0,2218.0,839.0
2054,102.725,6066.77901221,649.91457833,3,0,0.0,2218.25,839.0
2055,102.775,6070.73797519,650.1131319,3,0,0.0,2218.25,839.0
2056,102.825,6074.84549981,650.32385964,3,0,0.0,2218.5,839.0
2057,102.875,6079.11324114,650.53870263,3,0,0.0,2219.75,841.0
2058,102.925,6083.54130746,650.74717225,3,0,0.0,2220.5,843.0
2059,102.975,6088.16058093,650.95631366,3,0,0.0,2220.5,843.0
2060,103.025,6092.94428946,651.16709235,3,0,0.0,2222.0,843.0
2061,103.075,6097.91240634,651.38563952,3,0,0.0,2222.0,843.0
2062,103.125,6103.05850208,651.61974616,3,0,0.0,2222.25,844.0
2063,103.175,6108.37746215,651.86498749,3,0,0.0,2222.25,844.0
2064,103.225,6113.74180401,652.03504846,3,0,0.0,2224.5,848.0
2065,103.275,6119.29756185,652.21859145,3,0,0.0,2224.5,848.0
2066,103.325,6125.07625395,652.432997,3,0,0.0,2224.5,848.0
2067,103.375,6131.01688227,652.65731056,3,0,0.0,2224.5,848.0
2068,103.425,6137.0950089,652.88927572,3,0,0.0,2226.5,850.0
2069,103.475,6143.32187228,653.13718437,3,0,0.0,2227.0,850.0
2070,103.525,6149.73135699,653.38797071,3,0,0.0,2227.0,850.0
2071,103.575,6156.31633523,653.63424967,3,0,0.0,2228.25,853.0
2072,103.625,6163.07987382,653.88117673,3,0,0.0,2229.25,853.0
2073,103.675,6170.07611744,654.14134232,3,0,0.0,2229.75,855.0
2074,103.725,6177.31686176,654.40230317,3,0,0.0,2230.25,855.0
2075,103.775,6184.82459546,654.65595691,3,0,0.0,2230.25,855.0
2076,103.825,6192.54994925,654.91135759,3,0,0.0,2231.75,856.0
2077,103.875,6201.25844529,696.10021117,3,0,0.75981329,2222.25,846.0
2078,103.925,6213.11827924,695.23814647,3,0,2.60839373,2222.5,846.0
2079,103.975,6225.13534918,694.40149833,3,0,2.49798527,2223.0,845.0
2080,104.025,6237.32007731,693.58502682,3,0,2.38757681,2216.0,838.0
2081,104.075,6249.64295469,692.80267356,3,0,2.27711863,2217.75,838.0
2082,104.125,6262.0923568,691.67369122,3,0,2.14642991,2217.5,839.0
2083,104.175,6274.63672026,690.5309843,3,0,2.00999993,2211.5,836.0
2084,104.225,6287.29641227,689.42453769,3,0,1.89882916,2214.0,837.0
2085,104.275,6300.07084536,688.29781134,3,0,1.77936787,2215.0,837.0
2086,104.325,6312.95944107,686.58581607,3,0,1.69883428,2209.75,826.0
2087,104.375,6326.00448264,684.87351424,3,0,1.7376567,2191.75,818.0
2088,104.425,6339.22035456,683.20227417,3,0,1.90220965,2189.25,805.0
2089,104.475,6352.61933177,680.55549069,3,0,2.04681915,2189.25,805.0
2090,104.525,6366.12123124,677.84424501,3,0,2.22049617,2189.5,807.0
2091,104.575,6379.72457252,674.41893626,3,0,2.37071671,2163.25,854.0
2092,104.625,6393.34394078,670.27623845,3,0,2.51586557,2139.25,806.0
2093,104.675,6407.2010768,670.95635039,3,0,2.9345911,2140.25,807.0
2094,104.725,6421.58510146,671.67643702,3,0,3.46354906,2141.5,807.0
2095,104.775,6436.89373793,680.90605241,4,1,4.39304549,2091.5,840.0
2096,104.825,6452.9950931,682.28180754,4,0,4.85872767,2079.0,805.0
2097,104.875,6469.9308543,683.67329015,4,0,5.66397163,2080.0,807.0
2098,104.925,6487.75263704,685.11154373,4,0,6.51788341,2068.25,843.0
2099,104.975,6506.43603491,686.55621057,4,0,7.34699043,2026.25,806.0
2100,105.025,6525.93892978,687.99024162,4,0,8.13494749,2026.0,806.0
2101,105.075,6546.29195836,689.52554849,4,0,8.95821583,2004.25,857.0
2102,105.125,6567.82769421,691.20408219,4,0,10.11035916,1966.5,803.0
2103,105.175,6590.87844629,692.99750237,4,0,11.58603062,1966.5,804.0
2104,105.225,6615.59257361,694.91645801,4,0,13.20225088,1912.25,801.0
2105,105.275,6642.29349718,697.03055282,4,0,15.13095158,1913.75,803.0
2106,105.325,6671.69927823,699.18643869,4,0,17.64387674,1853.0,797.0
2107,105.375,6704.21347426,701.48026905,4,0,20.63953448,1851.25,802.0
2108,105.425,6740.57315323,704.04428954,4,0,24.43949703,1799.0,794.0
2109,105.475,6782.37020286,710.16645281,4,0,29.8392977,1758.25,828.0
2110,105.525,6832.79926346,714.44640926,4,0,38.39932638,1721.75,829.0
2111,105.575,6902.12967444,721.93934641,4,0,57.29269401,1643.5,827.0
2112,105.625,7034.82084133,498.69653675,1,0,120.43985357,1567.5,547.0
2113,105.675,7035.5815751,498.91098402,1,0,0.0,1567.5,547.0
2114,105.725,7036.36287181,499.12929065,1,0,0.0,1568.0,547.0
2115,105.775,7037.17002992,499.34644187,1,0,0.0,1568.25,547.0
2116,105.825,7037.94797604,499.54100465,1,0,0.0,1568.75,547.0
2117,105.875,7038.63055118,499.73155956,1,0,0.0,1569.5,547.0
2118,105.925,7039.31973244,499.92941877,1,0,0.0,1569.5,547.0
2119,105.975,7040.0089217,500.13829226,1,0,0.0,1569.5,547.0
2120,106.025,7040.69671717,500.34738812,1,0,0.0,1570.0,548.0
2121,106.075,7041.39437223,500.56486724,1,0,0.0,1571.75,550.0
2122,106.125,7042.09554996,500.79533911,1,0,0.0,1572.25,551.0
2123,106.175,7042.81339832,501.02772032,1,0,0.0,1572.5,551.0
2124,106.225,7043.54737243,501.26112096,1,0,0.0,1573.25,552.0
2125,106.275,7044.29502991,501.49771001,1,0,0.0,1574.25,553.0
2126,106.325,7045.05337448,501.73488889,1,0,0.0,1575.25,553.0
2127,106.375,7045.81511028,501.96965807,1,0,0.0,1575.5,552.0
2128,106.425,7046.58078151,502.20599239,1,0,0.0,1575.75,552.0
2129,106.475,7047.34997294,502.43421361,1,0,0.0,1576.25,553.0
2130,106.525,7048.12088286,502.67684459,1,0,0.0,1577.5,553.0
2131,106.575,7048.91203114,502.92949327,1,0,0.0,1577.75,553.0
2132,106.625,7049.71398445,503.19608918,1,0,0.0,1577.75,553.0
2133,106.675,7050.51808758,503.49145072,1,0,0.0,1577.75,553.0
2134,106.725,7051.34418445,503.79100884,1,0,0.0,1579.0,553.0
2135,106.775,7052.18841722,504.10267062,1,0,0.0,1579.75,554.0
2136,106.825,7053.05687265,504.41778276,1,0,0.0,1580.0,554.0
2137,106.875,7053.94074917,504.7485538,1,0,0.0,1580.0,554.0
2138,106.925,7054.8328817,505.0737664,1,0,0.0,1581.25,554.0
2139,106.975,7055.73659798,505.39194491,1,0,0.0,1581.75,554.0
2140,107.025,7056.65385872,505.71393789,1,0,0.0,1582.25,555.0
2141,107.075,7057.5824627,506.03844733,1,0,0.0,1582.75,556.0
2142,107.125,7058.52451584,506.36346161,1,0,0.0,1583.0,556.0
2143,107.175,7059.48825689,506.6900545,1,0,0.0,1583.75,556.0
2144,107.225,7060.47709451,507.02481642,1,0,0.0,1584.0,557.0
2145,107.275,7061.49631815,507.3693911,1,0,0.0,1584.0,557.0
2146,107.325,7062.53691804,507.7157232,1,0,0.0,1584.75,558.0
2147,107.375,7063.60405767,508.06181045,1,0,0.0,1586.25,559.0
2148,107.425,7064.7499998,508.35399365,1,0,0.0,1586.5,559.0
2149,107.475,7065.90470005,508.64628586,1,0,0.0,1586.5,559.0
2150,107.525,7067.05660907,508.95457166,1,0,0.0,1586.75,559.0
2151,107.575,7068.21543827,509.26454516,1,0,0.0,1587.75,560.0
2152,107.625,7069.38748606,509.57728782,1,0,0.0,1588.25,561.0
2153,107.675,7070.57258157,509.8878356,1,0,0.0,1588.25,561.0
2154,107.725,7071.76819935,510.19874973,1,0,0.0,1588.75,561.0
2155,107.775,7072.97817978,510.51115303,1,0,0.0,1589.5,561.0
2156,107.825,7074.20170109,510.80000208,1,0,0.0,1589.5,561.0
2157,107.875,7075.44162492,511.07029035,1,0,0.0,1590.25,562.0
2158,107.925,7076.69363407,511.34992069,1,0,0.0,1590.5,562.0
2159,107.975,7078.10441577,511.50816219,1,0,0.0,1590.75,562.0
2160,108.025,7079.51562773,511.62059915,1,0,0.0,1591.25,562.0
2161,108.075,7080.90498779,511.65248225,1,0,0.0,1591.75,564.0
2162,108.125,7082.31386703,511.68854991,1,0,0.0,1592.25,564.0
2163,108.175,7083.74989854,511.72289668,1,0,0.0,1592.5,564.0
2164,108.225,7085.28442441,511.79298761,1,0,0.0,1592.75,565.0
2165,108.275,7086.87036397,511.87904119,1,0,0.0264034,1594.0,570.0
2166,108.325,7088.46842097,511.97595098,1,0,0.0264034,1594.0,570.0
2167,108.375,7090.07210736,512.08334,1,0,0.0264034,1592.0,570.0
2168,108.425,7091.67936896,512.18993907,1,0,0.0264034,1593.25,572.0
2169,108.475,7093.2926553,512.2969254,1,0,0.0264034,1594.0,575.0
2170,108.525,7094.90644753,512.4103772,1,0,0.0264034,1594.25,575.0
2171,108.575,7096.52846292,512.5466493,1,0,0.0264034,1594.5,575.0
2172,108.625,7098.14150195,512.68541243,1,0,0.0264034,1595.0,576.0
2173,108.675,7099.72324649,512.91427865,1,0,0.0264034,1595.75,578.0
2174,108.725,7101.28395931,513.28633636,1,0,0.0264034,1596.25,578.0
2175,108.775,7102.85217373,513.6613532,1,0,0.0264034,1597.0,579.0
2176,108.825,7104.41021631,514.03830349,1,0,0.0264034,1594.75,579.0
2177,108.875,7105.96303613,514.39206772,1,0,0.0264034,1597.0,580.0
2178,108.925,7107.5122979,514.74116164,1,0,0.0264034,1597.5,581.0
2179,108.975,7109.05754564,515.09089519,1,0,0.0264034,1597.75,580.0
2180,109.025,7110.64171557,515.49566438,1,0,0.02641236,1598.25,581.0
2181,109.075,7112.27670943,515.95699889,1,0,0.02641244,1598.5,582.0
2182,109.125,7113.91696222,516.43196385,1,0,0.02641244,1599.25,583.0
2183,109.175,7115.55634647,516.65231182,1,0,0.02641244,1600.25,583.0
2184,109.225,7117.25051636,516.7392596,1,0,0.02641244,1601.75,589.0
2185,109.275,7119.00847733,516.82985175,1,0,0.02641244,1600.5,589.0
2186,109.325,7120.78431336,516.88606465,1,0,0.02641244,1601.0,590.0
2187,109.375,7122.54007456,517.70966452,1,0,0.02641244,1602.0,591.0
2188,109.425,7124.2416277,518.53920457,1,0,0.02641244,1602.0,591.0
2189,109.475,7125.80260845,520.69318503,1,0,0.02641244,1603.75,592.0
2190,109.525,7127.00913361,524.4192362,1,0,0.02641244,1604.5,590.0
2191,109.575,7127.97926983,527.83794754,1,0,0.02641244,1605.25,592.0
2192,109.625,7129.23782851,527.37511932,1,0,0.02641244,1605.5,592.0
2193,109.675,7130.6620148,527.26412532,1,0,0.02641244,1604.5,593.0
2194,109.725,7132.2049916,527.49245297,1,0,0.02641244,1605.5,593.0
2195,109.775,7133.87549256,527.82634536,1,0,0.03650717,1605.5,593.0
2196,109.825,7135.56735327,528.16608061,1,0,0.0375508,1605.5,593.0
2197,109.875,7137.27744976,528.51412995,1,0,0.03864361,1607.25,595.0
2198,109.925,7138.99753751,528.86130545,1,0,0.039736,1608.5,596.0
2199,109.975,7140.73646684,529.20903187,1,0,0.0408284,1608.75,596.0
2200,110.025,7142.48932549,529.56015154,1,0,0.04192079,1609.25,596.0
2201,110.075,7144.26370485,529.91857931,1,0,0.04301318,1609.25,596.0
2202,110.125,7146.0695908,530.27859723,1,0,0.04406686,1609.0,597.0
2203,110.175,7147.91025512,530.62469526,1,0,0.04462516,1609.25,597.0
2204,110.225,7149.79658041,530.99305672,1,0,0.04501991,1610.0,598.0
2205,110.275,7151.70830287,531.38661439,1,0,0.04541467,1610.25,598.0
2206,110.325,7153.65054374,531.79816077,1,0,0.04644511,1611.0,601.0
2207,110.375,7155.64461782,532.21688267,1,0,0.04825421,1611.5,601.0
2208,110.425,7157.66820469,532.61846602,1,0,0.0500607,1612.0,601.0
2209,110.475,7159.70875405,533.02016946,1,0,0.05177352,1612.25,601.0
2210,110.525,7161.77052811,533.42427043,1,0,0.05226733,1612.5,601.0
2211,110.575,7163.85648407,533.82904407,1,0,0.05370427,1611.25,603.0
2212,110.625,7165.96459403,534.24084143,1,0,0.05595624,1610.75,603.0
2213,110.675,7168.08783575,534.65803489,1,0,0.05761677,1611.5,606.0
2214,110.725,7170.23080586,535.08249592,1,0,0.0579699,1614.25,612.0
2215,110.775,7172.39696439,535.50301606,1,0,0.05827332,1614.25,612.0
2216,110.825,7174.60717726,535.90913769,1,0,0.05857674,1614.0,612.0
2217,110.875,7176.88392044,536.20087601,1,0,0.09302404,1614.75,613.0
2218,110.925,7179.20853984,536.4042565,1,0,0.12594547,1615.25,615.0
2219,110.975,7181.56254686,536.61595427,1,0,0.16075307,1615.5,615.0
2220,111.025,7183.98180118,536.82606541,1,0,0.22014606,1612.5,615.0
2221,111.075,7186.50327716,537.03915693,1,0,0.28573441,1612.75,616.0
2222,111.125,7189.12992936,537.24133467,1,0,0.3885531,1605.5,624.0
2223,111.175,7191.78678579,537.43165598,1,0,0.42262666,1601.75,618.0
2224,111.225,7194.47128038,537.65327173,1,0,0.45212709,1601.25,619.0
2225,111.275,7197.17400913,537.89432126,1,0,0.47987062,1601.25,619.0
2226,111.325,7199.88854141,538.15207826,1,0,0.50083688,1602.25,621.0
2227,111.375,7202.62637563,538.39959047,1,0,0.51982526,1591.75,622.0
2228,111.425,7205.35956846,538.62312194,1,0,0.53564451,1592.25,623.0
2229,111.475,7208.1098536,538.85984727,1,0,0.54950654,1589.75,624.0
2230,111.525,7210.84214528,539.1228264,1,0,0.56626205,1591.75,631.0
2231,111.575,7213.58583204,539.39696767,1,0,0.60174292,1581.5,632.0
2232,111.625,5637.26286918,486.47709008,1,0,0.46806558,3173.5,901.0
2233,111.675,7128.32048953,688.55805594,2,0,1575.63338156,1663.75,798.0
2234,111.725,7084.84177858,685.33486674,2,0,0.69821143,1714.5,788.0
2235,111.775,7052.87474549,684.5929201,2,0,0.73456125,1741.0,793.0
2236,111.825,7026.9289622,683.9862203,2,0,0.78946156,1762.25,804.0
2237,111.875,7005.00701054,683.50083648,2,0,0.85540384,1784.75,772.0
2238,111.925,6986.5193208,683.07562957,2,0,0.88303689,1817.0,776.0
2239,111.975,6969.86754006,682.66193087,2,0,0.90887023,1808.75,772.0
2240,112.025,6954.69835084,682.36089733,2,0,0.93260221,1846.0,780.0
2241,112.075,6940.38700891,682.14684617,2,0,0.98206138,1847.5,772.0
2242,112.125,6926.46991795,681.80358123,2,0,1.00774176,1883.0,784.0
2243,112.175,6913.47679164,681.49391538,2,0,1.02537051,1878.25,775.0
2244,112.225,6901.44325534,681.19194247,2,0,1.09608169,1882.25,786.0
2245,112.275,6890.40063449,680.88076465,2,0,1.14611407,1917.75,780.0
2246,112.325,6880.08714652,680.5912738,2,0,1.1701736,1905.5,780.0
2247,112.375,6870.34119211,680.29565751,2,0,1.19442293,1913.75,795.0
2248,112.425,6861.09797653,679.99941882,2,0,1.22046579,1946.25,779.0
2249,112.475,6852.29811298,679.70712587,2,0,1.28544987,1942.5,783.0
2250,112.525,6843.87032594,679.53974775,2,0,1.32319558,1937.0,779.0
2251,112.575,6836.16423438,679.37990925,2,0,1.41565279,1975.0,778.0
2252,112.625,6828.89755753,679.22025875,2,0,1.52673819,1976.0,781.0
2253,112.675,6822.50869487,679.26332442,2,0,2.09084476,1964.75,779.0
2254,112.725,6816.63827016,679.34557673,2,0,2.25221067,1970.75,790.0
2255,112.775,6811.25461605,679.41943678,2,0,2.30980777,2003.25,782.0
2256,112.825,6806.40906949,679.46949599,2,0,2.38610857,1991.75,779.0
2257,112.875,6801.9702379,679.53540162,2,0,2.51093732,1992.75,780.0
2258,112.925,6797.87335132,679.65173734,2,0,2.57527744,1985.25,783.0
2259,112.975,6794.09189128,679.78079187,2,0,2.62007802,2008.25,791.0
2260,113.025,6790.54062078,679.89254811,2,0,2.67148694,2011.0,787.0
2261,113.075,6787.20653021,680.00533185,2,0,2.74077753,2002.0,793.0
2262,113.125,6784.11435788,680.17630142,2,0,2.82412891,1998.5,785.0
2263,113.175,6781.30184223,680.37034618,2,0,2.92866169,1996.25,787.0
2264,113.225,6778.81803402,680.48135103,2,0,3.09134181,1986.5,787.0
2265,113.275,6776.51709692,680.59366751,2,0,3.17587842,1984.75,786.0
2266,113.325,6774.3803191,680.71010701,2,0,3.25346512,1976.0,794.0
2267,113.375,6772.49858544,680.82364574,2,0,3.35764988,1974.5,786.0
2268,113.425,6770.96004172,680.93961443,2,0,3.51115518,1969.5,787.0
2269,113.475,6769.83070468,681.01032903,2,0,3.72717848,1959.0,785.0
2270,113.525,6768.9950694,681.10268362,2,0,3.83732558,1958.75,785.0
2271,113.575,6768.42170758,681.28106934,2,0,3.92636758,1947.25,785.0
2272,113.625,6768.09473645,681.38910654,2,0,4.02267976,1944.0,787.0
2273,113.675,6768.10034964,681.45790753,2,0,4.19846959,1932.25,786.0
2274,113.725,6768.51533781,681.52200567,2,0,4.4232609,1932.25,786.0
2275,113.775,6769.20577135,681.60010497,2,0,4.57699693,1919.0,787.0
2276,113.825,6770.36338659,681.67108922,2,0,4.76722813,1919.25,789.0
2277,113.875,6772.11206035,681.80044489,2,0,5.21646741,1904.25,787.0
2278,113.925,6774.16206292,682.0205762,2,0,5.47876415,1904.0,793.0
2279,113.975,6776.45612907,682.26109775,2,0,5.593263,1893.75,789.0
2280,114.025,6779.00289499,682.48534079,2,0,5.7106902,1880.75,791.0
2281,114.075,6781.89627944,682.84847633,2,0,5.91981235,1875.75,791.0
2282,114.125,6785.18934001,683.07414702,2,0,6.1698413,1862.5,794.0
2283,114.175,6788.94796778,683.28857282,2,0,6.49295962,1853.0,798.0
2284,114.225,6794.16057097,683.76596215,2,0,7.83833716,1850.25,798.0
2285,114.275,6800.18761689,684.29990435,2,0,8.5072057,1838.5,798.0
2286,114.325,6806.91924513,684.83860699,2,0,9.07575055,1822.75,797.0
2287,114.375,6814.77592448,685.25868612,2,0,10.05359716,1808.5,798.0
2288,114.425,6823.36587315,685.92849741,2,0,10.63154208,1794.5,798.0
2289,114.475,6833.72909764,686.41753752,2,0,12.18279744,1779.0,799.0
2290,114.525,6845.67438277,686.93500892,2,0,13.73784359,1765.0,803.0
2291,114.575,6862.04633018,687.54871785,2,0,18.02099881,1741.5,804.0
2292,114.625,6883.4533823,688.43361895,2,0,22.85336628,1718.25,811.0
2293,114.675,6925.34377651,644.15083576,2,0,43.17432817,1678.25,763.0
2294,114.725,6923.94974091,644.63895659,2,0,2.2326561,1676.25,765.0
2295,114.775,6922.63000229,645.15538285,2,0,2.24912666,1673.75,766.0
2296,114.825,6921.36812994,645.69631878,2,0,2.26534398,1672.75,776.0
2297,114.875,6920.16446623,646.25049764,2,0,2.28191739,1667.75,772.0
2298,114.925,6919.01411412,646.80768468,2,0,2.29319027,1666.75,773.0
2299,114.975,6917.92026979,647.36723067,2,0,2.29533179,1665.25,774.0
2300,115.025,6916.90008855,647.93081592,2,0,2.29652802,1661.25,773.0
2301,115.075,6915.97009198,648.5047713,2,0,2.31337731,1657.5,774.0
2302,115.125,6915.22321117,649.1316337,2,0,2.43776889,1653.0,773.0
2303,115.175,6914.99474001,649.97680611,2,0,2.9058424,1648.5,772.0
2304,115.225,6914.84827006,650.82163525,2,0,2.93223734,1646.0,772.0
2305,115.275,6914.75885556,651.66879497,2,0,2.95612112,1644.0,772.0
2306,115.325,6914.7617065,652.52342209,2,0,2.98007071,1639.25,772.0
2307,115.375,6914.87630011,653.38807906,2,0,3.00510849,1636.75,771.0
2308,115.425,6915.09344085,654.26499552,2,0,3.02806449,1632.75,778.0
2309,115.475,6915.41003504,655.1441062,2,0,3.04784745,1628.5,781.0
2310,115.525,6915.72714838,656.01575371,2,0,3.06497117,1627.25,779.0
2311,115.575,6916.02357858,656.88801231,2,0,3.0786588,1625.5,781.0
2312,115.625,6916.41651636,657.78757549,2,0,3.10298229,1622.75,788.0
2313,115.675,6916.92192147,658.69192117,2,0,3.13146361,1620.25,787.0
2314,115.725,6917.53726786,659.58075434,2,0,3.15972251,1616.75,785.0
2315,115.775,6918.24549169,660.50677453,2,0,3.18982117,1612.25,785.0
2316,115.825,6918.90908096,661.35866612,2,0,3.06215373,1608.5,786.0
2317,115.875,6918.91176056,661.86680993,2,0,3.00072074,1607.5,787.0
2318,115.925,6918.66021471,662.21706755,2,0,3.02827855,1605.25,783.0
2319,115.975,6918.52221071,662.57020774,2,0,3.05556669,1602.0,783.0
2320,116.025,6918.47792187,662.92348653,2,0,3.08174414,1599.25,782.0
2321,116.075,6918.51286061,663.2771938,2,0,3.09682795,1595.25,782.0
2322,116.125,6918.69047145,663.62139089,2,0,3.12196446,1597.75,782.0
2323,116.175,6919.03167923,663.95979439,2,0,3.14968572,1595.75,787.0
2324,116.225,6919.45870926,664.30277276,2,0,3.18065506,1596.5,788.0
2325,116.275,6920.16762728,664.65696943,2,0,3.3913116,1594.0,794.0
2326,116.325,6921.06811473,665.0227228,2,0,3.51644079,1588.25,789.0
2327,116.375,6922.05602371,665.38871288,2,0,3.55116154,1588.5,791.0
2328,116.425,6923.11904881,665.77735201,2,0,3.58509286,1583.25,792.0
2329,116.475,6924.26125282,666.12689448,2,0,3.61967427,1581.5,793.0
2330,116.525,6925.48459762,666.4612207,2,0,3.6538314,1580.0,794.0
2331,116.575,6926.54398726,666.71398587,2,0,3.42683838,1580.5,787.0
2332,116.625,6926.38470832,666.37028844,2,0,2.19273262,1576.25,787.0
2333,116.675,6926.9687304,666.07098547,2,0,2.21595314,1577.0,788.0
2334,116.725,6927.6229513,665.7317687,2,0,2.23907614,1577.75,789.0
2335,116.775,6928.34213849,665.38443325,2,0,2.26531663,1578.75,790.0
2336,116.825,6929.11418926,665.03719684,2,0,2.29357411,1579.0,790.0
2337,116.875,6929.95543526,664.69285153,2,0,2.32798412,1575.75,791.0
2338,116.925,6930.87601254,664.34110035,2,0,2.37084495,1574.75,790.0
2339,116.975,6931.88022913,663.9884396,2,0,2.41398779,1573.0,794.0
2340,117.025,6932.97146702,663.55333144,2,0,2.45394413,1573.75,791.0
2341,117.075,6933.89617537,662.88722693,2,0,2.49396222,1572.25,791.0
2342,117.125,6934.9556786,662.13882574,2,0,2.54188371,1573.75,791.0
2343,117.175,6936.15970757,661.45256938,2,0,2.60067628,1572.5,792.0
2344,117.225,6937.52267963,660.7685619,2,0,2.67333903,1570.5,791.0
2345,117.275,6939.15986544,660.09417511,2,0,2.84292622,1568.75,790.0
2346,117.325,6941.01445736,659.42432198,2,0,2.91526084,1566.0,789.0
2347,117.375,6943.10154073,658.76157592,2,0,3.01609607,1566.0,788.0
2348,117.425,6945.43578008,658.10817212,2,0,3.15212316,1566.0,788.0
2349,117.475,6948.05140097,657.45821921,2,0,3.29150345,1566.25,790.0
2350,117.525,6950.98717044,656.87121597,2,0,3.44307757,1565.0,789.0
2351,117.575,6954.32153674,656.14482512,2,0,3.66435219,1562.25,787.0
2352,117.625,6958.09701714,655.53258903,2,0,3.95926767,1559.5,784.0
2353,117.675,6962.38187102,654.94378899,2,0,4.3258592,1558.75,782.0
2354,117.725,6967.47986705,654.36400612,2,0,5.00105175,1556.5,783.0
2355,117.775,6973.46820879,653.87944476,2,0,5.85602271,1547.0,780.0
2356,117.825,6981.48165297,653.19554211,2,0,7.74145381,1542.5,777.0
2357,117.875,6995.99250451,640.18845211,2,0,14.0575111,1531.5,756.0
2358,117.925,6997.09395259,639.48037662,2,0,1.33659985,1532.25,755.0
2359,117.975,6998.30272181,638.77836613,2,0,1.32710966,1533.75,755.0
2360,118.025,6999.5233901,638.07744068,2,0,1.21460788,1534.75,755.0
2361,118.075,7000.78426624,637.37840391,2,0,1.12374942,1533.75,754.0
2362,118.125,7002.17330523,636.6801395,2,0,1.12324757,1534.5,754.0
2363,118.175,7003.67318853,635.98279597,2,0,1.12350339,1534.25,753.0
2364,118.225,7005.2778425,635.28503712,2,0,1.12598169,1535.75,753.0
2365,118.275,7007.00401003,634.58797511,2,0,1.12754143,1536.5,753.0
2366,118.325,7008.86717557,633.89316162,2,0,1.12595543,1537.5,752.0
2367,118.375,7010.88166433,633.19801043,2,0,1.12511103,1536.5,752.0
2368,118.425,7013.32500729,632.63587875,2,0,1.12436612,1533.0,752.0
2369,118.475,7016.64451488,632.43776402,2,0,1.12401226,1529.5,751.0
2370,118.525,7020.0732043,632.24309217,2,0,1.12445261,1529.0,751.0
2371,118.575,7023.63976911,632.08359075,2,0,1.12700931,1526.75,750.0
2372,118.625,7027.33344189,631.93811701,2,0,1.13088227,1524.25,750.0
2373,118.675,7031.13681212,631.80037935,2,0,1.13519246,1521.75,750.0
2374,118.725,7035.04593995,631.66408034,2,0,1.13950264,1519.75,749.0
2375,118.775,7039.05406158,631.5293216,2,0,1.14371816,1517.25,749.0
2376,118.825,7043.18655971,631.39616191,2,0,1.15433794,1514.5,749.0
2377,118.875,7047.47507303,631.26329588,2,0,1.17175461,1511.75,748.0
2378,118.925,7051.90513986,631.1084547,2,0,1.17639727,1509.25,748.0
2379,118.975,7056.55647972,630.85310736,2,0,1.18122126,1508.0,748.0
2380,119.025,7061.32518588,630.53085036,2,0,1.18612647,1505.0,747.0
2381,119.075,7066.2143812,630.20926884,2,0,1.19370008,1503.0,747.0
2382,119.125,7071.2478342,629.8910219,2,0,1.22119535,1499.5,743.0
2383,119.175,7076.52219035,629.57337642,2,0,1.32841148,1496.5,737.0
2384,119.225,7082.71053451,629.19577807,2,0,2.08273024,1493.25,734.0
2385,119.275,7088.96332945,628.82002777,2,0,2.03709828,1491.25,731.0
2386,119.325,7095.33819995,628.43968335,2,0,1.98733998,1486.75,727.0
2387,119.375,7101.78143091,628.05514023,2,0,1.93451132,1483.5,724.0
2388,119.425,7108.27392541,627.69861143,2,0,1.88113237,1480.75,717.0
2389,119.475,7114.71218544,627.37762985,2,0,1.72513572,1478.75,715.0
2390,119.525,7120.61982184,627.05823405,2,0,1.08374193,1475.75,712.0
2391,119.575,7126.57613098,626.73937656,2,0,1.05093705,1474.75,711.0
2392,119.625,7132.61830216,626.42015465,2,0,1.01834144,1472.5,707.0
2393,119.675,7138.765841,626.0936177,2,0,0.9854237,1471.5,706.0
2394,119.725,7145.05089281,625.7657762,2,0,0.95006302,1469.5,703.0
2395,119.775,7151.94868386,625.63499679,2,0,0.91400892,1468.75,702.0
2396,119.825,7159.1878181,625.58970943,2,0,0.87816292,1467.25,700.0
2397,119.875,7166.60412648,625.54278344,2,0,0.83774514,1466.0,699.0
2398,119.925,7174.20945807,625.49742681,2,0,0.79683176,1465.5,698.0
2399,119.975,7181.97822091,625.45901034,2,0,0.76655515,1464.0,697.0
2400,120.025,7189.91356064,625.42650501,2,0,0.75586668,1462.75,696.0
2401,120.075,7197.9498618,625.40121253,2,0,0.66699539,1462.25,696.0
2402,120.125,7206.05390335,625.37479018,2,0,0.60657715,1461.25,695.0
2403,120.175,7214.31208808,625.36588144,2,0,0.63956297,1460.25,694.0
2404,120.225,7222.72416969,625.41598776,2,0,0.75902346,1459.5,694.0
2405,120.275,7231.28821737,625.46549917,2,0,0.83244406,1459.25,695.0
2406,120.325,7240.11252639,625.54243448,2,0,1.12490239,1429.75,685.0
2407,120.375,7249.18334743,625.63412386,2,0,1.39013503,1429.25,684.0
2408,120.425,7258.53361354,625.74580248,2,0,1.68742924,1428.25,683.0
2409,120.475,7268.31371962,625.94508693,2,0,2.10873603,1427.75,683.0
2410,120.525,7278.41443077,626.14789197,2,0,2.41462772,1395.75,695.0
2411,120.575,7288.90327505,626.4099678,2,0,2.77809659,1389.25,682.0
2412,120.625,7299.82974426,626.69061239,2,0,3.19146524,1388.25,682.0
2413,120.675,7311.12466209,627.08239492,2,0,3.5375372,1386.25,683.0
2414,120.725,7322.75307717,627.5754442,2,0,3.85355769,1349.25,680.0
2415,120.775,7334.7599075,628.07363572,2,0,4.21735193,1348.0,680.0
2416,120.825,7346.87287141,628.35534651,2,0,4.31246179,1347.0,680.0
2417,120.875,7359.35220549,628.63989773,2,0,4.68086571,1318.0,700.0
2418,120.925,7372.30205725,628.95930769,2,0,5.15232136,1310.0,680.0
2419,120.975,7385.80474983,629.3090894,2,0,5.7052016,1308.5,679.0
2420,121.025,7399.89758824,629.66489384,2,0,6.29325114,1272.75,683.0
2421,121.075,7414.85775043,630.028706,2,0,7.15638498,1270.0,678.0
2422,121.125,7430.59203612,630.39621856,2,0,7.9221387,1264.5,696.0
2423,121.175,7434.3623797,642.84443626,2,0,8.83953862,1232.5,678.0
2424,121.225,7445.63387606,643.44178739,2,0,10.01105269,1231.25,679.0
2425,121.275,7459.97700448,643.6660521,2,0,11.11071866,1195.25,679.0
2426,121.325,7476.32076688,644.26601684,2,0,12.50038138,1193.75,685.0
2427,121.375,7495.15545198,645.00484415,2,0,14.49978121,1156.75,679.0
2428,121.425,7517.23844756,645.82476643,2,0,17.39112373,1136.25,710.0
2429,121.475,7544.1768283,646.68660943,2,0,21.98159839,1111.5,698.0
2430,121.525,7577.87080751,647.45755368,2,0,28.47721857,1074.5,701.0
2431,121.575,7621.64069755,651.26787723,2,0,38.3886626,1025.5,716.0
2432,121.625,7710.91652809,502.02622939,1,0,83.69259857,969.0,528.0
2433,121.675,7709.2994948,501.85407758,1,0,0.24766973,969.25,527.0
2434,121.725,7707.78246701,501.76940275,1,0,0.23313757,969.5,527.0
2435,121.775,7706.3573767,501.67668876,1,0,0.23605124,968.0,525.0
2436,121.825,7705.02338791,501.53474879,1,0,0.23747895,968.75,528.0
2437,121.875,7703.77711743,501.39477162,1,0,0.23636188,967.75,527.0
2438,121.925,7702.61447529,501.19705387,1,0,0.23524978,967.75,527.0
2439,121.975,7701.51474751,501.02692291,1,0,0.23403676,967.5,527.0
2440,122.025,7700.45833817,500.87039709,1,0,0.23261388,966.5,524.0
2441,122.075,7699.44398357,500.71432342,1,0,0.23127007,966.5,524.0
2442,122.125,7698.47183816,500.55950777,1,0,0.23017638,966.5,524.0
2443,122.175,7697.54308583,500.4118141,1,0,0.22698644,965.75,519.0
2444,122.225,7696.65277384,500.33687906,1,0,0.2249566,965.75,519.0
2445,122.275,7695.7173017,500.14773175,1,0,0.14487815,966.0,521.0
2446,122.325,7694.64558665,499.7026492,1,0,0.01974798,965.75,520.0
2447,122.375,7693.61270031,499.26046354,1,0,0.02175106,966.0,522.0
2448,122.425,7692.61283036,498.8196005,1,0,0.02266793,965.5,518.0
2449,122.475,7691.65188148,498.35981936,1,0,0.02358481,965.5,518.0
2450,122.525,7690.72772027,497.89785711,1,0,0.02450168,965.75,519.0
2451,122.575,7689.82796679,497.46807185,1,0,0.02541856,966.25,519.0
2452,122.625,7688.92063905,497.06196721,1,0,0.0,966.25,519.0
2453,122.675,7688.01984886,496.66554067,1,0,0.0,966.5,519.0
2454,122.725,7687.12414599,496.27458732,1,0,0.0,966.5,519.0
2455,122.775,7686.23792956,495.88697155,1,0,0.0,966.5,519.0
2456,122.825,7685.36357248,495.51748865,1,0,0.0,966.75,520.0
2457,122.875,7684.50195694,495.18317783,1,0,0.0,966.75,520.0
2458,122.925,7683.65185314,494.83364486,1,0,0.0,966.75,520.0
2459,122.975,7682.81351903,494.45168311,1,0,0.0,966.75,520.0
2460,123.025,7681.9944965,494.07250932,1,0,0.0,967.0,520.0
2461,123.075,7681.20534721,493.69845215,1,0,0.0,967.0,520.0
2462,123.125,7680.45582117,493.32395357,1,0,0.0,967.25,520.0
2463,123.175,7679.76711169,492.9183413,1,0,0.0,967.5,521.0
2464,123.225,7679.12279746,492.51191449,1,0,0.0,967.5,521.0
2465,123.275,7678.53174457,492.12944475,1,0,0.0,967.75,521.0
2466,123.325,7678.15869365,491.80341064,1,0,0.0,967.75,521.0
2467,123.375,7677.81636913,491.23465304,1,0,0.0,967.75,521.0
2468,123.425,7677.4778253,489.87473848,1,0,0.0,968.25,521.0
2469,123.475,7677.123554,488.51350194,1,0,0.0,968.75,522.0
2470,123.525,7676.75703287,487.15545928,1,0,0.0,969.0,522.0
2471,123.575,7676.37956461,485.79971278,1,0,0.0,969.0,522.0
2472,123.625,7675.98929613,484.47985839,1,0,0.0,969.0,522.0
2473,123.675,7675.58594643,483.16732553,1,0,0.0,969.25,522.0
2474,123.725,7675.16944013,481.84298298,1,0,0.0,969.5,522.0
2475,123.775,7674.7298446,480.51024757,1,0,0.0,969.75,522.0
2476,123.825,7674.26593533,479.56407782,1,0,0.0,970.0,522.0
2477,123.875,7673.79876733,478.79979982,1,0,0.0,970.25,522.0
2478,123.925,7673.32979334,478.03196307,1,0,0.0,970.25,522.0
2479,123.975,7672.86213399,477.25862124,1,0,0.0,970.25,522.0
2480,124.025,7672.39080123,476.46670362,1,0,0.0,970.25,522.0
2481,124.075,7671.91416559,475.69585591,1,0,0.0,970.5,523.0
2482,124.125,7671.44189878,474.93452504,1,0,0.0,970.5,523.0
2483,124.175,7670.97219466,474.17589653,1,0,0.0,971.25,525.0
2484,124.225,7670.49979856,473.44660926,1,0,0.0,971.5,525.0
2485,124.275,7670.02130003,472.68846391,1,0,0.0,971.75,525.0
2486,124.325,7669.53188463,471.92510161,1,0,0.0,971.75,525.0
2487,124.375,7669.03188633,471.16309297,1,0,0.0,972.5,531.0
2488,124.425,7668.51278719,470.40606812,1,0,0.0,973.0,532.0
2489,124.475,7636.91129018,514.62830992,1,0,0.0,973.0,532.0
2490,124.525,7611.63711334,513.42757098,1,0,0.0,973.0,532.0
2491,124.575,7594.23418581,511.97043998,1,0,0.0,974.0,536.0
2492,124.625,7580.31213729,511.27468999,1,0,0.0,974.5,538.0
2493,124.675,7568.58597866,510.65364574,1,0,0.0,974.5,538.0
2494,124.725,7557.86204083,509.79360248,1,0,0.0,974.5,538.0
2495,124.775,7547.58383465,508.76766581,1,0,0.01011255,974.5,538.0
2496,124.825,7538.3462748,507.91928164,1,0,0.01500379,974.5,538.0
2497,124.875,7529.97516907,507.20072213,1,0,0.0192314,974.5,538.0
2498,124.925,7522.14350292,506.52108812,1,0,0.0,974.5,538.0
2499,124.975,7514.49548002,505.72121943,1,0,0.0,974.75,538.0
2500,125.025,7506.9862579,504.94431706,1,0,0.0,974.75,538.0
2501,125.075,7499.77610559,504.07975941,1,0,0.0,975.0,538.0
2502,125.125,7492.94077164,503.24368976,1,0,0.01327797,975.0,538.0
2503,125.175,7486.45297578,502.88100236,1,0,0.02003713,975.25,538.0
2504,125.225,7480.1928314,502.80687188,1,0,0.02678257,974.75,537.0
2505,125.275,7474.15562349,502.78907079,1,0,0.02674947,976.25,538.0
2506,125.325,7468.28370472,502.77218092,1,0,0.02307211,977.5,539.0
2507,125.375,7462.52052276,502.72254577,1,0,0.01939475,978.0,539.0
2508,125.425,7456.92431853,502.63813199,1,0,0.01585213,978.5,539.0
2509,125.475,7451.5578374,502.51917625,1,0,0.01369054,979.25,539.0
2510,125.525,7446.3742156,502.39753274,1,0,0.01222859,979.0,538.0
2511,125.575,7441.27702756,502.30649905,1,0,0.01076663,980.5,539.0
2512,125.625,7436.25799377,502.24185033,1,0,0.0,980.5,539.0
2513,125.675,7431.31140276,502.19555286,1,0,0.0,980.75,539.0
2514,125.725,7426.43231839,502.18860027,1,0,0.0,980.75,539.0
2515,125.775,7421.65099958,502.18255964,1,0,0.0,980.75,539.0
2516,125.825,7416.99186091,502.18966319,1,0,0.0,981.25,540.0
2517,125.875,7412.64724757,502.11925801,1,0,0.10216638,980.5,538.0
2518,125.925,7408.42130313,502.01943301,1,0,0.11570908,980.25,536.0
2519,125.975,7404.39289378,501.92140204,1,0,0.11538424,980.5,536.0
2520,126.025,7400.47072092,501.78357468,1,0,0.11409392,980.75,535.0
2521,126.075,7396.6211677,501.62603304,1,0,0.10291704,980.25,534.0
2522,126.125,7392.82166764,501.49859936,1,0,0.10291704,980.25,534.0
2523,126.175,7389.06700943,501.38857525,1,0,0.10291704,980.25,534.0
2524,126.225,7385.35315888,501.28167355,1,0,0.10287272,980.5,534.0
2525,126.275,7381.67371221,501.21169053,1,0,0.10310773,980.0,533.0
2526,126.325,7378.03210661,501.1454651,1,0,0.10310773,980.25,532.0
2527,126.375,7374.458374,501.08124047,1,0,0.10310773,980.25,532.0
2528,126.425,7370.98072981,501.02852597,1,0,0.10310773,980.25,532.0
2529,126.475,7367.63073138,500.98921618,1,0,0.11578229,980.0,531.0
2530,126.525,7364.35535428,500.93057421,1,0,0.12510402,979.75,530.0
2531,126.575,7361.10057324,500.86846292,1,0,0.12358836,979.5,530.0
2532,126.625,7357.9245964,500.83327562,1,0,0.12345147,979.5,530.0
2533,126.675,7354.83103185,500.77814796,1,0,0.12674553,979.0,530.0
2534,126.725,7351.78607032,500.73662483,1,0,0.13275346,979.0,530.0
2535,126.775,7348.78092939,500.72674301,1,0,0.13800961,979.25,530.0
2536,126.825,7345.81150722,500.719977,1,0,0.14107655,979.0,529.0
2537,126.875,7342.87658194,500.70927158,1,0,0.13701333,978.75,527.0
2538,126.925,7339.99890556,500.71723602,1,0,0.13268314,978.25,528.0
2539,126.975,7337.18952995,500.73873482,1,0,0.12854589,978.25,528.0
2540,127.025,7334.44611437,500.7577153,1,0,0.12448658,978.25,528.0
2541,127.075,7331.7660721,500.77506745,1,0,0.12013584,978.25,528.0
2542,127.125,7329.15056317,500.78891452,1,0,0.11580564,977.5,525.0
2543,127.175,7326.55374951,500.87008452,1,0,0.10364309,977.5,525.0
2544,127.225,7323.95090468,500.95419514,1,0,0.10364309,977.5,525.0
2545,127.275,7321.34740989,501.02478458,1,0,0.10364309,978.25,525.0
2546,127.325,7318.73222323,501.10971005,1,0,0.1167573,977.75,524.0
2547,127.375,7316.11485557,501.20809684,1,0,0.115309,977.5,522.0
2548,127.425,7313.48592847,501.29191082,1,0,0.10391282,977.5,522.0
2549,127.475,7310.83382272,501.36931285,1,0,0.10391282,978.0,524.0
2550,127.525,7308.17555301,501.46617348,1,0,0.10391282,977.25,523.0
2551,127.575,7305.55393598,501.52331109,1,0,0.10391044,977.25,523.0
2552,127.625,7303.04829225,501.5817639,1,0,0.10384349,978.25,524.0
2553,127.675,7300.60920669,501.66446127,1,0,0.10865812,979.25,525.0
2554,127.725,7298.23084961,501.76015182,1,0,0.10861147,979.0,526.0
2555,127.775,7295.91667898,501.85704605,1,0,0.10797755,979.5,526.0
2556,127.825,7293.64168361,501.95903805,1,0,0.10734363,979.5,526.0
2557,127.875,7291.3974157,502.06827066,1,0,0.1067097,979.5,525.0
2558,127.925,7289.12630427,502.16930856,1,0,0.10607578,978.75,521.0
2559,127.975,7286.85588644,502.27413192,1,0,0.10544186,978.75,521.0
2560,128.025,7284.60892529,502.33034401,1,0,0.07549016,979.0,520.0
2561,128.075,7282.32979394,502.28797384,1,0,0.05471011,979.0,520.0
2562,128.125,7280.08337581,502.26114904,1,0,0.05662879,980.0,520.0
2563,128.175,7277.87777489,502.24644085,1,0,0.05815144,980.0,519.0
2564,128.225,7275.72202993,502.22165701,1,0,0.05967351,980.0,519.0
2565,128.275,7273.60153187,502.19477791,1,0,0.06119557,980.25,519.0
2566,128.325,7271.53210148,502.18216183,1,0,0.06271763,980.5,519.0
2567,128.375,7269.5050793,502.167607,1,0,0.06423969,980.75,518.0
2568,128.425,7267.52468388,502.13485846,1,0,0.06570636,979.75,518.0
2569,128.475,7265.59140876,502.10073707,1,0,0.06206615,979.5,518.0
2570,128.525,7263.70486308,502.08501307,1,0,0.07861246,980.0,519.0
2571,128.575,7261.84860443,502.0974711,1,0,0.07799872,980.0,519.0
2572,128.625,7260.05174439,502.11329846,1,0,0.0657643,979.75,518.0
2573,128.675,7258.27994418,502.15467397,1,0,0.06705507,978.75,518.0
2574,128.725,7256.59188285,502.17357342,1,0,0.06834584,978.75,518.0
2575,128.775,7254.98870978,502.18266106,1,0,0.06963662,978.75,518.0
2576,128.825,7253.51331574,502.21973838,1,0,0.07092739,978.75,518.0
2577,128.875,7252.07905123,502.24759348,1,0,0.07071477,978.5,518.0
2578,128.925,7250.67186261,502.2723786,1,0,0.06597302,978.5,518.0
2579,128.975,7249.30713779,502.29889794,1,0,0.06539674,977.25,517.0
2580,129.025,7247.9893889,502.32620341,1,0,0.06613913,977.5,519.0
2581,129.075,7246.71401173,502.35368019,1,0,0.06688152,977.5,519.0
2582,129.125,7245.48020411,502.32661589,1,0,0.0676239,978.25,521.0
2583,129.175,7244.32271135,502.2446876,1,0,0.10853494,978.5,521.0
2584,129.225,7243.19835551,502.21755868,1,0,0.1236307,978.5,520.0
2585,129.275,7242.05175326,502.20283143,1,0,0.09697549,977.75,521.0
2586,129.325,7240.8891988,502.21099359,1,0,0.06994646,977.5,521.0
2587,129.375,7239.73658323,502.27988806,1,0,0.06918977,977.5,521.0
2588,129.425,7238.60265714,502.35703775,1,0,0.06714477,977.75,524.0
2589,129.475,7237.49543722,502.44563931,1,0,0.06607981,977.75,524.0
2590,129.525,7236.41118742,502.53815683,1,0,0.0668242,977.75,524.0
2591,129.575,7235.34696006,502.6307672,1,0,0.06756858,977.5,529.0
2592,129.625,7234.3113171,502.72978773,1,0,0.06831297,977.5,529.0
2593,129.675,7233.30980011,502.83705223,1,0,0.06878628,977.5,529.0
2594,129.725,7232.34782727,502.94693918,1,0,0.06743475,977.0,529.0
2595,129.775,7231.41263722,503.05812268,1,0,0.06754341,978.5,531.0
2596,129.825,7230.50303802,503.16242514,1,0,0.06807881,978.5,531.0
2597,129.875,7229.63716642,503.300745,1,0,0.0903192,978.0,531.0
2598,129.925,7228.78897947,503.43935299,1,0,0.09085303,980.0,531.0
2599,129.975,7227.95586587,503.56008523,1,0,0.09138842,980.75,531.0
2600,130.025,7227.15770521,503.6654455,1,0,0.09152095,981.75,531.0
2601,130.075,7226.37747883,503.77359687,1,0,0.09026474,981.5,530.0
2602,130.125,7225.61274969,503.87009497,1,0,0.08830655,981.5,529.0
2603,130.175,7224.866541,503.97174151,1,0,0.08819168,980.25,528.0
2604,130.225,7224.1525053,504.08909324,1,0,0.08868959,979.75,526.0
2605,130.275,7223.47248445,504.21031754,1,0,0.08918762,980.25,525.0
2606,130.325,7222.81697798,504.33578402,1,0,0.08968565,980.25,525.0
2607,130.375,7222.17909558,504.46752061,1,0,0.09018063,980.25,525.0
2608,130.425,7221.55155136,504.64115319,1,0,0.08901494,979.0,519.0
2609,130.475,7220.91943149,504.8235617,1,0,0.0758976,979.0,519.0
2610,130.525,7220.29110224,505.02038927,1,0,0.0758976,979.0,519.0
2611,130.575,7219.62130543,505.17987048,1,0,0.02170194,978.25,520.0
2612,130.625,7218.87266466,505.28123983,1,0,0.02170194,978.25,520.0
2613,130.675,7218.13699676,505.38126513,1,0,0.02170194,978.25,520.0
2614,130.725,7217.4179756,505.49241301,1,0,0.02170194,978.25,520.0
2615,130.775,7216.71394013,505.59981808,1,0,0.02170194,979.0,523.0
2616,130.825,7216.02717647,505.70706117,1,0,0.02170194,979.25,525.0
2617,130.875,7215.36196764,505.81370449,1,0,0.02170194,979.5,525.0
2618,130.925,7214.71930879,505.91110262,1,0,0.0217006,979.75,526.0
2619,130.975,7214.09018634,506.0097909,1,0,0.0217006,978.75,525.0
2620,131.025,7213.47453645,506.11142404,1,0,0.0217006,979.0,525.0
2621,131.075,7212.87527013,506.21780487,1,0,0.0217006,979.25,526.0
2622,131.125,7212.27999764,506.33071892,1,0,0.0217006,979.25,526.0
2623,131.175,7082.43588216,710.19106176,4,0,0.0217006,1050.75,768.0
2624,131.225,7015.39753219,704.35845496,4,0,0.0217006,1125.25,782.0
2625,131.275,6967.69774992,700.31935449,4,0,0.0217006,1154.5,776.0
2626,131.325,6928.09958804,696.23615103,4,1,0.0217006,1190.5,740.0
2627,131.375,6893.72327505,694.17351149,3,0,0.0217006,1245.25,737.0
2628,131.425,6863.13921765,692.9452808,3,0,0.0217006,1245.25,737.0
2629,131.475,6835.55328765,691.82844463,3,0,0.0217006,1293.25,739.0
2630,131.525,6810.02240348,690.82294433,3,0,0.0217006,1293.25,739.0
2631,131.575,6786.09498195,689.83708275,3,0,0.0217006,1348.75,743.0
2632,131.625,6763.75399518,688.9050435,3,0,0.02170179,1349.75,743.0
2633,131.675,6742.72043969,688.08400561,3,0,0.02170146,1383.25,786.0
2634,131.725,6722.83195592,687.31110132,3,0,0.02169774,1401.75,749.0
2635,131.775,6704.01577491,686.57947064,3,0,0.02169774,1401.0,747.0
2636,131.825,6686.06335332,685.9360185,3,0,0.02169774,1451.5,773.0
2637,131.875,6668.81574804,685.30347255,3,0,0.02169774,1459.0,747.0
2638,131.925,6652.15219732,684.77648649,3,0,0.02169774,1459.0,747.0
2639,131.975,6636.14639129,684.18461949,3,0,0.02169774,1467.0,767.0
2640,132.025,6620.81170775,683.49031518,3,0,0.02169774,1508.0,748.0
2641,132.075,6605.96229488,682.79773799,3,0,0.02169774,1508.25,747.0
2642,132.125,6591.59980375,682.10578943,3,0,0.02169774,1507.25,746.0
2643,132.175,6577.79247268,681.41965443,3,0,0.02169774,1538.5,801.0
2644,132.225,6564.47063476,680.77723168,3,0,0.02169774,1564.25,751.0
2645,132.275,6551.65193169,681.30856478,3,0,0.02169774,1564.5,750.0
2646,132.325,6539.07600653,683.83184027,3,0,0.02169774,1564.75,751.0
2647,132.375,6527.10106722,678.30417452,3,0,0.02169774,1564.75,751.0
2648,132.425,6515.60598897,677.79433862,3,0,0.02169774,1577.25,761.0
2649,132.475,6504.45193897,677.28785127,3,0,0.02169644,1578.25,760.0
2650,132.525,6493.63070665,676.79185355,3,0,0.02169635,1577.5,759.0
2651,132.575,6483.09317767,676.31813677,3,0,0.02169635,1577.5,759.0
2652,132.625,6472.80688655,675.84440638,3,0,0.02169635,1577.75,760.0
2653,132.675,6462.86270758,675.37491776,3,0,0.02169635,1577.75,760.0
2654,132.725,6453.22497945,674.91381026,3,0,0.02169635,1577.75,760.0
2655,132.775,6443.89159156,674.45349506,3,0,0.02169635,1577.75,760.0
2656,132.825,6434.81124536,673.98642455,3,0,0.02169635,1577.75,760.0
2657,132.875,6425.97702267,673.51900744,3,0,0.02169635,1577.75,760.0
2658,132.925,6417.38541176,673.08687064,3,0,0.02169635,1576.75,755.0
2659,132.975,6409.04753151,672.66727718,3,0,0.02169635,1577.0,755.0
2660,133.025,6400.91685204,672.2631575,3,0,0.02169635,1577.0,755.0
2661,133.075,6393.01372179,671.83566081,3,0,0.0,1577.0,755.0
2662,133.125,6385.29395192,671.30076718,3,0,0.0,1577.0,755.0
2663,133.175,6377.83035216,670.76928694,3,0,0.0,1579.25,757.0
2664,133.225,6370.59337434,670.23836777,3,0,0.0,1579.5,757.0
2665,133.275,6363.5489626,669.71061102,3,0,0.0,1580.5,757.0
2666,133.325,6356.6849954,669.19146441,3,0,0.0,1580.75,757.0
2667,133.375,6350.01510319,668.6857093,3,0,0.0,1581.25,756.0
2668,133.425,6343.53666153,668.30454061,3,0,0.0,1581.5,756.0
2669,133.475,6337.23644085,667.96967039,3,0,0.0,1582.25,755.0
2670,133.525,6331.13681422,667.63603402,3,0,0.0,1582.25,755.0
2671,133.575,6325.20378813,667.30821744,3,0,0.0,1582.25,755.0
2672,133.625,6319.44410928,666.98940299,3,0,0.0,1582.25,755.0
2673,133.675,6313.87431056,666.66933571,3,0,0.0,1582.25,755.0
2674,133.725,6308.4910761,666.35678649,3,0,0.0,1582.5,755.0
2675,133.775,6303.31072318,666.06448027,3,0,0.0,1582.75,755.0
2676,133.825,6298.34593147,665.78363913,3,0,0.0,1582.75,755.0
2677,133.875,6293.59150764,665.51713491,3,0,0.0,1583.0,755.0
2678,133.925,6289.04072567,665.25190653,3,0,0.0,1583.0,755.0
2679,133.975,6284.6748612,664.99193727,3,0,0.0,1583.25,757.0
2680,134.025,6280.48683949,664.73331365,3,0,0.0,1583.5,758.0
2681,134.075,6276.47320783,664.47369598,3,0,0.0,1583.5,758.0
2682,134.125,6272.58850055,664.21927001,3,0,0.0,1583.75,758.0
2683,134.175,6268.8102146,663.88106556,3,0,0.0,1583.75,758.0
2684,134.225,6265.14575964,663.3281343,3,0,0.0,1583.75,758.0
2685,134.275,6261.59275349,662.78567746,3,0,0.0,1583.75,758.0
2686,134.325,6258.1742192,662.24977114,3,0,0.0,1583.75,758.0
2687,134.375,6254.88918465,661.71463344,3,0,0.0,1583.75,758.0
2688,134.425,6251.70025089,661.1943696,3,0,0.0,1583.75,758.0
2689,134.475,6248.61362736,660.68839157,3,0,0.0,1584.75,758.0
2690,134.525,6245.66574227,660.18688872,3,0,0.0,1585.0,758.0
2691,134.575,6242.88862788,659.70351141,3,0,0.0,1585.5,759.0
2692,134.625,6240.27707766,659.22725953,3,0,0.0,1586.75,759.0
2693,134.675,6237.86289564,658.7644223,3,0,0.0,1587.75,760.0
2694,134.725,6235.67224187,658.31738514,3,0,0.0,1588.5,759.0
2695,134.775,6233.71892775,657.88749287,3,0,0.0,1589.5,759.0
2696,134.825,6231.97212435,657.47023552,3,0,0.0,1589.5,759.0
2697,134.875,6230.40611746,657.06824974,3,0,0.0,1589.75,758.0
2698,134.925,6228.9779355,656.66581629,3,0,0.0,1589.75,758.0
2699,134.975,6227.65989474,656.26293127,3,0,0.0,1589.75,758.0
2700,135.025,6226.43070972,655.86030728,3,0,0.0,1590.0,760.0
2701,135.075,6225.2795665,655.45616642,3,0,0.0,1590.0,760.0
2702,135.125,6224.19872653,655.05137482,3,0,0.0,1590.25,761.0
2703,135.175,6223.18493764,654.64912332,3,0,0.0,1590.5,761.0
2704,135.225,6222.24850813,654.24312122,3,0,0.0,1590.5,761.0
2705,135.275,6221.39250991,653.8421674,3,0,0.0,1590.75,761.0
2706,135.325,6220.6203541,653.4354611,3,0,0.0,1590.75,761.0
2707,135.375,6219.91934507,653.02544278,3,0,0.0,1590.75,761.0
2708,135.425,6219.29392093,652.61003054,3,0,0.0,1591.0,761.0
2709,135.475,6218.76397408,652.19936302,3,0,0.0,1591.0,761.0
2710,135.525,6218.32053117,651.79755934,3,0,0.0,1591.0,761.0
2711,135.575,6217.95418413,651.39625187,3,0,0.0,1591.0,761.0
2712,135.625,6217.66458509,650.99755913,3,0,0.0,1591.25,762.0
2713,135.675,6218.48614537,650.72465823,3,0,0.0,1592.25,762.0
2714,135.725,6219.38506201,650.46228209,3,0,0.0,1592.5,762.0
2715,135.775,6220.35759168,650.21801414,3,0,0.0,1592.75,762.0
2716,135.825,6221.41186884,649.98169833,3,0,0.0,1592.75,762.0
2717,135.875,6222.54704132,649.74771903,3,0,0.0,1592.75,762.0
2718,135.925,6223.75606169,649.52717837,3,0,0.0,1593.25,764.0
2719,135.975,6225.03374566,649.31370934,3,0,0.0,1593.5,764.0
2720,136.025,6226.36030129,649.10446611,3,0,0.0,1594.0,764.0
2721,136.075,6227.73301981,648.9046365,3,0,0.0,1594.5,763.0
2722,136.125,6229.15080287,648.70875648,3,0,0.0,1595.75,762.0
2723,136.175,6230.61174355,648.52115444,3,0,0.0,1596.75,762.0
2724,136.225,6232.14568151,648.34081354,3,0,0.0,1597.0,761.0
2725,136.275,6233.78056671,648.16524071,3,0,0.0,1597.25,762.0
2726,136.325,6235.52836185,647.9977934,3,0,0.0,1597.5,762.0
2727,136.375,6237.39403803,647.84607263,3,0,0.0,1597.5,762.0
2728,136.425,6239.39677258,647.70115037,3,0,0.0,1597.75,763.0
2729,136.475,6241.53778243,647.56386044,3,0,0.0,1598.0,764.0
2730,136.525,6243.8501747,647.42926192,3,0,0.0,1598.25,764.0
2731,136.575,6246.34969549,647.28684616,3,0,0.0,1598.25,764.0
2732,136.625,6249.03467192,647.16198353,3,0,0.0,1598.25,764.0
2733,136.675,6251.90304189,647.04667653,3,0,0.0,1598.5,764.0
2734,136.725,6254.96865581,646.94834403,3,0,0.0,1598.5,764.0
2735,136.775,6258.20285813,646.84840146,3,0,0.0,1598.5,764.0
2736,136.825,6261.57426567,646.74657043,3,0,0.0,1598.5,764.0
2737,136.875,6265.08141473,646.64960641,3,0,0.0,1599.75,765.0
2738,136.925,6268.70963694,646.55785082,3,0,0.0,1599.75,765.0
2739,136.975,6272.44938941,646.46916057,3,0,0.0,1600.0,765.0
2740,137.025,6276.32202905,646.3789398,3,0,0.0,1600.0,765.0
2741,137.075,6280.33095405,646.29239978,3,0,0.0,1600.0,765.0
2742,137.125,6284.46400264,646.21072901,3,0,0.0,1600.75,766.0
2743,137.175,6288.72864346,646.13109761,3,0,0.0,1601.0,767.0
2744,137.225,6293.10562003,646.05185152,3,0,0.0,1602.25,767.0
2745,137.275,6297.57539551,645.97311492,3,0,0.0,1602.75,766.0
2746,137.325,6302.15452424,645.89690483,3,0,0.0,1603.5,766.0
2747,137.375,6306.85885979,645.83403641,3,0,0.0,1604.5,765.0
2748,137.425,6311.71547504,645.77575105,3,0,0.0,1605.25,764.0
2749,137.475,6316.71190389,645.73964768,3,0,0.0,1605.75,765.0
2750,137.525,6321.91922599,645.7084629,3,0,0.0,1605.75,765.0
2751,137.575,6327.3507115,645.70629417,3,0,0.0,1605.75,765.0
2752,137.625,6332.95673388,645.70836334,3,0,0.0,1605.75,765.0
2753,137.675,6338.73587085,645.70921589,3,0,0.0,1605.75,765.0
2754,137.725,6344.67804722,645.70353305,3,0,0.0,1605.75,765.0
2755,137.775,6350.75500407,645.68901421,3,0,0.0,1606.5,765.0
2756,137.825,6356.97755317,645.80310365,3,0,0.0,1606.5,765.0
2757,137.875,6363.36606742,645.9217394,3,0,0.0,1606.5,765.0
2758,137.925,6369.91114583,646.03495553,3,0,0.0,1607.0,765.0
2759,137.975,6376.6072385,646.16326573,3,0,0.0,1607.0,765.0
2760,138.025,6383.45109126,646.30315045,3,0,0.0,1607.0,765.0
2761,138.075,6390.45265893,646.44799557,3,0,0.0,1608.0,765.0
2762,138.125,6397.61933474,646.59530992,3,0,0.0,1608.25,765.0
2763,138.175,6404.96625352,646.74095878,3,0,0.0,1608.75,765.0
2764,138.225,6412.52235162,646.90405964,3,0,0.0,1608.75,765.0
2765,138.275,6420.33154505,647.09669902,3,0,0.0,1609.75,767.0
2766,138.325,6428.42812303,647.30742337,3,0,0.0,1611.0,766.0
2767,138.375,6436.78063564,647.54364299,3,0,0.0,1612.25,766.0
2768,138.425,6445.40901796,647.79437924,3,0,0.0,1612.25,766.0
2769,138.475,6454.31478038,648.06866426,3,0,0.0,1612.75,765.0
2770,138.525,6463.50147629,648.35160496,3,0,0.0,1613.0,764.0
2771,138.575,6472.95148752,648.63313477,3,0,0.0,1613.0,764.0
2772,138.625,6482.62129335,648.92095042,3,0,0.0,1613.0,764.0
2773,138.675,6492.53066124,649.21321662,3,0,0.0,1613.5,765.0
2774,138.725,6502.67428596,649.53401253,3,0,0.01047695,1613.5,765.0
2775,138.775,6513.07898426,649.87974342,3,0,0.04015361,1613.75,766.0
2776,138.825,6523.73375432,650.22023519,3,0,0.15905185,1612.0,770.0
2777,138.875,6534.64824059,650.5599854,3,0,0.30143986,1600.5,757.0
2778,138.925,6545.90022483,650.95981321,3,0,0.55845683,1601.0,757.0
2779,138.975,6557.61075518,651.37504338,3,0,0.94131974,1601.0,757.0
2780,139.025,6569.83431231,651.81802511,3,0,1.47391144,1602.0,757.0
2781,139.075,6582.47746459,652.27565545,3,0,1.92819377,1577.0,799.0
2782,139.125,6595.53893951,652.75067661,3,0,2.35508148,1545.25,753.0
2783,139.175,6609.06091479,653.2301951,3,0,2.81604637,1545.25,753.0
2784,139.225,6623.08083662,653.72141987,3,0,3.32263309,1545.25,753.0
2785,139.275,6637.67083118,654.23872577,3,0,3.91241043,1504.75,773.0
2786,139.325,6652.78947693,654.76741,3,0,4.46501367,1497.75,752.0
2787,139.375,6668.4385622,655.3181156,3,0,5.01918126,1499.5,752.0
2788,139.425,6684.83641983,655.89077661,3,0,5.79210317,1492.75,775.0
2789,139.475,6701.97880976,656.57009149,3,0,6.55254541,1443.5,749.0
2790,139.525,6720.02091193,657.33537104,3,0,7.46344601,1443.75,748.0
2791,139.575,6739.05178868,658.16999023,3,0,8.4717285,1425.0,788.0
2792,139.625,6759.19925457,659.64573363,4,1,9.6275716,1394.5,744.0
2793,139.675,6780.58597864,661.46168037,4,0,10.86851487,1394.75,746.0
2794,139.725,6803.3654736,663.24309177,4,0,12.25178604,1336.75,740.0
2795,139.775,6827.80661271,664.87133761,4,0,13.9074716,1336.5,740.0
2796,139.825,6854.57964493,666.52896198,4,0,16.23865946,1288.5,738.0
2797,139.875,6883.86533368,668.45396211,4,0,18.75065255,1287.75,741.0
2798,139.925,6916.62247743,670.74387,4,0,22.23486206,1230.75,734.0
2799,139.975,6954.49484072,673.64686249,4,0,27.34807,1193.25,765.0
2800,140.025,7000.07378505,677.27744432,4,0,35.04930003,1167.25,771.0
2801,140.075,7064.95116371,684.3584629,4,0,54.32528775,1091.25,759.0
2802,140.125,7187.70797988,489.87034689,1,0,112.05289461,1015.5,491.0
2803,140.175,7187.78801677,489.95496411,1,0,0.0,1016.25,491.0
2804,140.225,7187.85541126,490.0405365,1,0,0.0,1016.5,491.0
2805,140.275,7187.91032446,490.12695992,1,0,0.0,1016.75,492.0
2806,140.325,7187.95927828,490.21635863,1,0,0.0,1016.75,492.0
2807,140.375,7188.00089844,490.31339776,1,0,0.0,1017.25,493.0
2808,140.425,7188.03222989,490.41068084,1,0,0.0,1018.75,491.0
2809,140.475,7188.04898142,490.50521952,1,0,0.0,1020.0,491.0
2810,140.525,7188.05831246,490.59974665,1,0,0.0,1020.75,491.0
2811,140.575,7188.06628066,490.69498826,1,0,0.0,1020.75,491.0
2812,140.625,7188.06570807,490.79633524,1,0,0.0,1020.75,491.0
2813,140.675,7188.05734963,490.90949522,1,0,0.0,1021.0,492.0
2814,140.725,7188.06248795,491.03358715,1,0,0.0,1021.5,492.0
2815,140.775,7188.07551171,491.16336189,1,0,0.0,1021.5,492.0
2816,140.825,7188.09143813,491.31008678,1,0,0.0,1021.75,492.0
2817,140.875,7188.10036012,491.46177584,1,0,0.0,1022.0,492.0
2818,140.925,7188.09858227,491.61353936,1,0,0.0,1022.0,492.0
2819,140.975,7188.08688711,491.75443531,1,0,0.0,1024.25,493.0
2820,141.025,7188.06251475,491.88913584,1,0,0.0,1024.5,493.0
2821,141.075,7188.03918536,492.00552911,1,0,0.0,1024.5,493.0
2822,141.125,7188.00887929,492.13855247,1,0,0.0,1024.5,493.0
2823,141.175,7187.95453739,492.30186677,1,0,0.0,1025.0,493.0
2824,141.225,7187.84208741,492.46825002,1,0,0.0,1025.25,494.0
2825,141.275,7187.64841448,492.60693477,1,0,0.0,1025.5,494.0
2826,141.325,7187.44870593,492.73836688,1,0,0.0,1026.25,495.0
2827,141.375,7187.24353138,492.86881542,1,0,0.0,1026.5,495.0
2828,141.425,7187.03250542,493.0014466,1,0,0.0,1027.0,495.0
2829,141.475,7186.82150477,493.14651882,1,0,0.0,1028.5,494.0
2830,141.525,7186.58418382,493.30707457,1,0,0.0,1030.0,492.0
2831,141.575,7186.32543517,493.48689026,1,0,0.0,1030.0,492.0
2832,141.625,7186.06533535,493.68327167,1,0,0.0,1030.5,493.0
2833,141.675,7185.78111766,493.9287427,1,0,0.0,1030.75,493.0
2834,141.725,7185.46811126,494.20652535,1,0,0.0,1031.0,493.0
2835,141.775,7185.13864182,494.48217597,1,0,0.0,1031.0,493.0
2836,141.825,7184.81035157,494.75767193,1,0,0.0,1031.25,493.0
2837,141.875,7184.53644739,495.04814955,1,0,0.0,1031.25,493.0
2838,141.925,7184.2638492,495.33927605,1,0,0.0,1031.25,493.0
2839,141.975,7183.98701922,495.60530153,1,0,0.0,1032.5,493.0
2840,142.025,7183.72677031,495.83724419,1,0,0.0,1032.5,493.0
2841,142.075,7183.47135141,496.05695916,1,0,0.0,1032.5,493.0
2842,142.125,7183.19977324,496.28410556,1,0,0.0,1033.0,494.0
2843,142.175,7182.92598026,496.51507979,1,0,0.0,1033.5,495.0
2844,142.225,7182.6348069,496.74463077,1,0,0.0,1033.75,495.0
2845,142.275,7182.31331143,496.97649989,1,0,0.0,1033.75,495.0
2846,142.325,7181.97018006,497.22447233,1,0,0.0,1035.5,494.0
2847,142.375,7181.60190789,497.49609199,1,0,0.0,1036.5,493.0
2848,142.425,7181.19735826,497.76284681,1,0,0.0,1037.0,493.0
2849,142.475,7180.75467613,498.04846723,1,0,0.0,1037.0,493.0
2850,142.525,7180.28496318,498.3457261,1,0,0.0,1038.25,494.0
2851,142.575,7179.7968168,498.63684746,1,0,0.0,1038.5,494.0
2852,142.625,7179.29673637,498.92763713,1,0,0.0,1038.5,494.0
2853,142.675,7178.79018846,499.23304286,1,0,0.0,1038.75,494.0
2854,142.725,7178.27085664,499.56410363,1,0,0.0,1038.75,494.0
2855,142.775,7177.73362196,499.89813109,1,0,0.0,1039.75,499.0
2856,142.825,7177.17425044,500.24162983,1,0,0.0,1039.75,499.0
2857,142.875,7176.57993642,500.62549737,1,0,0.0,1040.0,499.0
2858,142.925,7175.97175398,501.10814568,1,0,0.0,1041.25,500.0
2859,142.975,7175.34776858,501.59157717,1,0,0.0,1043.5,510.0
2860,143.025,7174.70894062,502.07864155,1,0,0.0,1044.25,512.0
2861,143.075,7174.06143464,502.56254785,1,0,0.0,1046.0,512.0
2862,143.125,7173.39665565,503.03539252,1,0,0.0,1047.75,512.0
2863,143.175,7172.70316545,503.48983699,1,0,0.0,1049.25,511.0
2864,143.225,7171.97543158,503.92795963,1,0,0.0,1049.5,512.0
2865,143.275,7171.21499059,504.36955611,1,0,0.0,1050.0,511.0
2866,143.325,7170.40802145,504.80546899,1,0,0.0,1050.25,511.0
2867,143.375,7169.55538159,505.28029441,1,0,0.0,1050.25,511.0
2868,143.425,7168.6788685,505.7824623,1,0,0.0,1050.5,512.0
2869,143.475,7167.74957984,506.2693395,1,0,0.0,1050.5,512.0
2870,143.525,7166.76662365,506.74931553,1,0,0.0,1050.5,512.0
2871,143.575,7165.74771462,507.2595583,1,0,0.0,1051.0,512.0
2872,143.625,7164.71194651,507.90145157,1,0,0.0,1051.5,514.0
2873,143.675,7163.66624521,508.57919703,1,0,0.0,1051.75,514.0
2874,143.725,7162.59934338,509.34820976,1,0,0.0,1051.75,514.0
2875,143.775,7161.49005605,510.29859908,1,0,0.0,1054.0,515.0
2876,143.825,7160.33633362,511.24228879,1,0,0.0,1054.5,517.0
2877,143.875,7159.13360251,512.19356897,1,0,0.0,1058.25,517.0
2878,143.925,7157.87083087,513.14376943,1,0,0.0,1059.75,518.0
2879,143.975,7156.59579263,513.98083592,1,0,0.0,1060.5,521.0
2880,144.025,7155.36504974,514.82346806,1,0,0.0,1061.0,521.0
2881,144.075,7154.11742188,515.5395625,1,0,0.0,1061.5,522.0
2882,144.125,7152.8236733,516.26463183,1,0,0.0,1061.75,523.0
2883,144.175,7151.49641725,517.00394663,1,0,0.0,1062.25,524.0
2884,144.225,7150.07019363,517.79675192,1,0,0.0,1062.75,525.0
2885,144.275,7148.58615017,518.61842065,1,0,0.0,1062.75,525.0
2886,144.325,7147.0554804,519.4116992,1,0,0.0,1063.5,528.0
2887,144.375,7145.49306281,520.19468402,1,0,0.0,1064.5,530.0
2888,144.425,7143.9024541,520.99449139,1,0,0.0,1065.75,535.0
2889,144.475,7142.28475939,521.80855995,1,0,0.0,1067.25,535.0
2890,144.525,7140.62328023,522.67554988,1,0,0.0,1067.5,536.0
2891,144.575,7138.89215453,523.60913192,1,0,0.0,1068.25,538.0
2892,144.625,7137.09602347,524.57790838,1,0,0.0,1069.0,538.0
2893,144.675,7135.24333792,525.55238878,1,0,0.0,1072.0,541.0
2894,144.725,7133.34546937,526.54632814,1,0,0.0,1075.75,544.0
2895,144.775,7131.25660864,527.07211095,2,0,0.0,1076.75,544.0
2896,144.825,7129.02763299,527.19140639,2,0,0.0,1078.75,543.0
2897,144.875,7126.6437498,527.19642197,2,0,0.0,1081.0,555.0
2898,144.925,7124.15770879,527.17328257,2,0,0.0,1082.25,556.0
2899,144.975,7121.61943588,527.14610619,2,0,0.0,1085.25,566.0
2900,145.025,7119.01944411,527.14024758,2,0,0.0,1087.0,569.0
2901,145.075,7116.21408736,527.07324024,2,0,0.0,1087.75,569.0
2902,145.125,7113.235187,527.87098991,2,0,0.0,1088.5,570.0
2903,145.175,7110.12508776,528.89527634,2,0,0.0,1089.0,571.0
2904,145.225,7106.90126779,529.93382352,2,0,0.0,1092.75,574.0
2905,145.275,7103.57927561,531.86706996,2,1,0.0,1094.75,575.0
2906,145.325,7099.89446957,535.35753692,1,0,0.0,1097.0,579.0
2907,145.375,7096.14252522,539.70011369,1,0,0.0,1098.25,583.0
2908,145.425,7092.41225151,543.68114578,1,0,0.0,1101.5,586.0
2909,145.475,7088.656946,547.48995324,1,0,0.0,1104.0,588.0
2910,145.525,7084.80866895,550.70030341,1,0,0.0,1105.5,587.0
2911,145.575,7080.89531193,553.39231471,1,0,0.0,1109.0,591.0
2912,145.625,7076.7747448,559.92907105,1,0,0.0,1114.75,603.0
2913,145.675,7072.25321401,567.29662845,1,0,0.0,1116.5,608.0
2914,145.725,7067.37882729,571.8219763,1,0,0.0,1118.25,613.0
2915,145.775,7062.39517597,572.80269716,1,0,0.0,1122.0,622.0
2916,145.825,7057.35288472,573.84737301,1,0,0.0,1124.5,622.0
2917,145.875,7052.25141315,574.92006585,1,0,0.0,1130.75,638.0
2918,145.925,7047.08389833,576.01211172,1,0,0.0,1133.5,643.0
2919,145.975,7041.85384105,577.12665228,1,0,0.0,1138.25,644.0
2920,146.025,7036.55087411,578.23156856,1,0,0.0,1141.75,654.0
2921,146.075,7031.1173942,579.37218557,1,0,0.0,1149.0,671.0
2922,146.125,7025.60494052,580.82570526,1,0,0.0,1156.25,677.0
2923,146.175,7019.96192591,582.3169402,1,0,0.0,1159.75,678.0
2924,146.225,7014.21911097,583.82816102,1,0,0.0,1163.5,679.0
2925,146.275,7008.36527078,585.34142075,1,0,0.0,1169.0,686.0
2926,146.325,7002.39633386,586.86073637,1,0,0.0,1174.75,689.0
2927,146.375,6996.31646845,588.39410904,1,0,0.0,1180.5,694.0
2928,146.425,6990.14038943,589.94077261,1,0,0.0,1185.75,701.0
2929,146.475,6983.8397828,591.50410198,1,0,0.0,1191.75,703.0
2930,146.525,6977.40822891,593.09530238,1,0,0.04223016,1198.75,707.0
2931,146.575,6970.82224291,594.75706891,1,0,0.04493705,1205.75,709.0
2932,146.625,6964.04568032,596.44877861,1,0,0.04358233,1210.75,712.0
2933,146.675,6957.05840739,598.14504446,1,0,0.04219274,1215.25,715.0
2934,146.725,6949.83611678,599.87029862,1,0,0.04081699,1218.5,713.0
2935,146.775,6942.37390379,601.70459674,1,0,0.02050189,1226.5,721.0
2936,146.825,6934.14214209,602.77403291,1,0,0.02056026,1235.25,728.0
2937,146.875,6925.45127993,603.44900311,1,0,0.02061862,1244.75,727.0
2938,146.925,6916.41459185,604.32954237,1,0,0.04092714,1251.25,728.0
2939,146.975,6906.91476444,605.27915191,1,0,0.04139632,1264.0,731.0
2940,147.025,6895.26170602,619.60525859,2,0,0.0418655,1273.75,733.0
2941,147.075,6879.56010352,620.33497148,2,0,0.02041508,1283.75,736.0
2942,147.125,6862.55206608,618.62261211,2,0,0.0,1298.5,754.0
2943,147.175,6845.14927957,617.10304807,2,0,0.0,1314.0,760.0
2944,147.225,6826.87232006,618.6584609,2,0,0.0,1334.5,767.0
2945,147.275,6808.88565224,616.0943201,1,0,0.0,1351.0,771.0
2946,147.325,6789.79100091,623.88576307,1,0,0.0,1369.5,785.0
2947,147.375,6766.99794431,627.79578734,1,0,0.0,1390.0,797.0
2948,147.425,6739.69209687,624.40091447,3,0,0.0,1419.5,804.0
2949,147.475,6718.88187725,619.79633841,3,0,0.0,1435.75,809.0
2950,147.525,6700.3319494,616.23028738,3,0,0.0,1455.0,812.0
2951,147.575,6682.93963335,619.0979887,3,0,0.0,1472.5,812.0
2952,147.625,6665.84620798,623.76437407,3,0,0.0,1491.75,820.0
2953,147.675,6649.54220835,618.58906737,4,0,0.0,1505.5,828.0
2954,147.725,6634.58211025,614.31864036,4,0,0.0,1521.0,835.0
2955,147.775,6622.85546401,600.28738266,2,0,0.0,1538.0,818.0
2956,147.825,6611.43418854,596.93358971,2,0,0.0,1547.75,825.0
2957,147.875,6599.79853887,593.33991824,2,0,0.0,1558.75,829.0
2958,147.925,6588.39195713,589.76754664,2,0,0.0,1567.5,832.0
2959,147.975,6577.15424831,586.18318165,2,0,0.0,1578.75,831.0
2960,148.025,6566.15321257,582.61615549,2,0,0.0,1589.25,834.0
2961,148.075,6555.27932749,578.95152884,2,0,0.0,1599.25,837.0
2962,148.125,6544.70663832,575.46758116,2,0,0.0,1611.25,837.0
2963,148.175,6534.92364488,569.31466528,2,0,0.0,1625.0,838.0
2964,148.225,6526.16010798,566.44573879,2,0,0.0,1632.25,839.0
2965,148.275,6517.57449079,561.31909446,3,0,0.0,1640.75,835.0
2966,148.325,6510.31152418,556.82116537,2,0,0.0,1644.75,837.0
2967,148.375,6503.35885172,555.00125062,2,0,0.0,1652.5,837.0
2968,148.425,6496.36850801,553.0454985,3,0,0.0,1658.75,838.0
2969,148.475,6489.58802461,547.01322032,3,0,0.0,1664.5,833.0
2970,148.525,6484.45316929,541.88088004,1,0,0.0,1669.5,828.0
2971,148.575,6479.75712446,541.23752199,1,0,0.01037745,1677.5,833.0
2972,148.625,6475.21175617,540.84076274,1,0,0.01118496,1678.5,833.0
2973,148.675,6470.64379357,540.45715144,1,0,0.01199247,1681.25,833.0
2974,148.725,6466.01715662,540.00566049,1,0,0.01279997,1686.75,837.0
2975,148.775,6461.37803326,537.93956533,2,0,0.01360748,1692.0,837.0
2976,148.825,6456.82764218,535.59818571,2,1,0.01448677,1697.5,841.0
2977,148.875,6452.32615943,534.81366374,1,0,0.01504985,1699.0,841.0
2978,148.925,6447.85779858,534.12806628,1,0,0.01550292,1704.25,845.0
2979,148.975,6443.43069069,533.45852883,1,0,0.015956,1707.5,846.0
2980,149.025,6439.03673622,532.8836557,1,0,0.0264855,1709.5,849.0
2981,149.075,6434.66504796,532.35161487,1,0,0.02702698,1713.25,851.0
2982,149.125,6430.30420291,531.84029247,1,0,0.02756846,1717.0,852.0
2983,149.175,6425.97241688,531.34839809,1,0,0.02810993,1719.25,855.0
2984,149.225,6421.70366406,530.87211878,1,0,0.02865141,1720.5,858.0
2985,149.275,6417.4925237,530.41053389,1,0,0.02919289,1724.5,861.0
2986,149.325,6413.32886296,529.97530527,1,0,0.02973437,1728.5,864.0
2987,149.375,6409.35170124,529.58995372,1,0,0.03027584,1731.75,864.0
2988,149.425,6405.65197321,529.28773149,1,0,0.03081732,1733.5,866.0
2989,149.475,6402.06841909,528.88924287,1,0,0.0313588,1736.0,867.0
2990,149.525,6398.52153819,528.46000552,1,0,0.03190027,1738.25,867.0
2991,149.575,6395.02346025,527.90287304,1,0,0.03254474,1739.5,866.0
2992,149.625,6391.60349532,527.02670615,1,0,0.03613081,1740.0,869.0
2993,149.675,6388.21487555,526.45630386,1,0,0.04316661,1742.75,867.0
2994,149.725,6384.78568265,526.05996948,1,0,0.05303261,1744.25,870.0
2995,149.775,6381.36472778,525.64607374,1,0,0.06291384,1748.0,869.0
2996,149.825,6377.95071043,525.24721822,1,0,0.07270626,1747.25,870.0
2997,149.875,6374.65943157,524.96438767,1,0,0.08110733,1747.5,868.0
2998,149.925,6371.44782649,524.78460592,1,0,0.08662243,1749.5,870.0
2999,149.975,6368.24771697,524.62406331,1,0,0.09196896,1755.75,872.0
3000,150.025,6365.06031525,524.46905457,1,0,0.09731549,1757.0,873.0
3001,150.075,6361.88909891,524.3663699,1,0,0.10266201,1755.5,872.0
3002,150.125,6358.72688771,524.26204979,1,0,0.10800854,1758.0,871.0
3003,150.175,6355.66781759,524.09649013,1,0,0.11314431,1759.75,873.0
3004,150.225,6352.6367619,523.93615078,1,0,0.1157504,1761.25,874.0
3005,150.275,6349.62837424,523.77038022,1,0,0.11678764,1759.0,876.0
3006,150.325,6346.62092968,523.61536067,1,0,0.11794297,1759.0,873.0
3007,150.375,6343.60840971,523.35370376,1,0,0.11911184,1760.0,872.0
3008,150.425,6340.59410862,523.05615842,1,0,0.12028071,1763.75,873.0
3009,150.475,6337.57957946,522.72101888,1,0,0.12144958,1769.0,879.0
3010,150.525,6334.64587457,522.39264815,1,0,0.12261845,1766.75,879.0
3011,150.575,6331.79397024,522.13271939,1,0,0.12378732,1771.75,879.0
3012,150.625,6328.9922321,521.91060386,1,0,0.12495619,1773.75,880.0
3013,150.675,6326.25350233,521.73114184,1,0,0.12612506,1774.0,881.0
3014,150.725,6323.57073544,521.57338598,1,0,0.12729393,1772.5,880.0
3015,150.775,6320.91991276,521.44888585,1,0,0.1284628,1773.5,881.0
3016,150.825,6318.2870481,521.32451901,1,0,0.12963168,1774.25,880.0
3017,150.875,6315.64887984,521.21228467,1,0,0.13080055,1775.5,882.0
3018,150.925,6313.03551887,521.105807,1,0,0.13196942,1774.25,880.0
3019,150.975,6310.43846632,521.00798276,1,0,0.13313829,1775.0,881.0
3020,151.025,6307.87546388,520.90631609,1,0,0.13430716,1776.25,880.0
3021,151.075,6305.36379717,520.80448338,1,0,0.14424953,1778.25,882.0
3022,151.125,6302.90717243,520.68352403,1,0,0.15554581,1778.25,882.0
3023,151.175,6300.4973105,520.59992642,1,0,0.16063092,1781.0,880.0
3024,151.225,6298.11549861,520.52343091,1,0,0.16559035,1781.5,880.0
3025,151.275,6295.75830819,520.45547039,1,0,0.1682867,1783.0,882.0
3026,151.325,6293.42346179,520.3373941,1,0,0.17014462,1783.0,884.0
3027,151.375,6291.09113763,520.21224109,1,0,0.17200255,1781.25,884.0
3028,151.425,6288.77136238,520.09766075,1,0,0.17386047,1783.25,886.0
3029,151.475,6286.48336302,519.99768905,1,0,0.17586496,1783.75,887.0
3030,151.525,6284.22346006,519.90899715,1,0,0.17874177,1784.5,888.0
3031,151.575,6281.99493115,519.82382026,1,0,0.18176226,1783.0,889.0
3032,151.625,6279.78669076,519.7440555,1,0,0.18478275,1783.75,892.0
3033,151.675,6277.63619809,519.6311877,1,0,0.18780324,1784.75,892.0
3034,151.725,6275.54810758,519.47099744,1,0,0.19082373,1785.25,894.0
3035,151.775,6273.47230269,519.31321681,1,0,0.19384422,1784.75,893.0
3036,151.825,6271.40727673,519.16165652,1,0,0.1968646,1789.0,896.0
3037,151.875,6269.35283177,519.00979238,1,0,0.19946374,1790.0,896.0
3038,151.925,6267.30544717,518.8596595,1,0,0.20195732,1791.25,897.0
3039,151.975,6265.27831162,518.71644131,1,0,0.20468714,1788.75,894.0
3040,152.025,6263.26476037,518.57262782,1,0,0.20741696,1789.25,895.0
3041,152.075,6261.26538971,518.43432006,1,0,0.21020364,1790.25,895.0
3042,152.125,6259.27679496,518.29270613,1,0,0.2149053,1789.75,897.0
3043,152.175,6257.28587812,518.15707401,1,0,0.22037811,1788.0,896.0
3044,152.225,6255.30239484,518.03053275,1,0,0.22577402,1788.0,896.0
3045,152.275,6253.34448422,517.93767756,1,0,0.23116993,1788.75,899.0
3046,152.325,6251.39620487,517.86030831,1,0,0.23656584,1790.5,901.0
3047,152.375,6249.45903589,517.79380246,1,0,0.24196174,1790.0,901.0
3048,152.425,6247.53557952,517.72918818,1,0,0.24735765,1791.75,902.0
3049,152.475,6245.63003649,517.66846555,1,0,0.25275356,1793.75,900.0
3050,152.525,6243.71090683,517.54404319,1,0,0.25814947,1792.25,903.0
3051,152.575,6241.75645446,517.39695448,1,0,0.26354538,1791.5,902.0
3052,152.625,6239.87676715,517.24557667,1,0,0.26894129,1792.75,902.0
3053,152.675,6238.03161142,517.10411672,1,0,0.2743372,1793.0,903.0
3054,152.725,6236.22473272,516.97046735,1,0,0.27899895,1789.75,903.0
3055,152.775,6234.44233499,516.83676477,1,0,0.28284235,1790.0,904.0
3056,152.825,6232.67677288,516.74252205,1,0,0.286939,1791.5,905.0
3057,152.875,6230.92385941,516.71463036,1,0,0.29182834,1791.75,907.0
3058,152.925,6229.18066497,516.70494621,1,0,0.29677482,1791.25,907.0
3059,152.975,6227.44546382,516.67495368,1,0,0.30149457,1793.0,907.0
3060,153.025,6225.72905362,516.66759759,1,0,0.30347445,1794.0,907.0
3061,153.075,6224.02658121,516.68210415,1,0,0.30471298,1793.25,907.0
3062,153.125,6222.33384092,516.70426115,1,0,0.30595853,1791.75,906.0
3063,153.175,6220.64532294,516.74047233,1,0,0.30720407,1791.75,906.0
3064,153.225,6218.96415084,516.79709726,1,0,0.30844962,1792.75,906.0
3065,153.275,6217.28206004,516.90658249,1,0,0.30969516,1789.75,906.0
3066,153.325,6215.55278675,517.04940833,1,0,0.31094071,1790.75,907.0
3067,153.375,6213.76689893,517.19742669,1,0,0.31218625,1791.0,908.0
3068,153.425,6211.96438119,517.17382644,1,0,0.3135958,1790.75,909.0
3069,153.475,6210.19160086,516.93435835,1,0,0.31604357,1790.5,907.0
3070,153.525,6208.49368355,516.58153084,1,0,0.31937084,1791.0,908.0
3071,153.575,6206.87000544,516.33918708,1,0,0.32336953,1792.0,910.0
3072,153.625,6205.28844388,516.33211755,1,0,0.32872725,1788.25,908.0
3073,153.675,6203.73414264,516.33114161,1,0,0.34247639,1788.75,908.0
3074,153.725,6202.2395474,516.37327333,1,0,0.35757752,1789.0,909.0
3075,153.775,6200.76114555,516.56009936,1,0,0.37026533,1788.0,910.0
3076,153.825,6199.30129221,516.76555999,1,0,0.37919734,1786.0,909.0
3077,153.875,6197.85018789,516.98694738,1,0,0.38584757,1786.5,911.0
3078,153.925,6196.39869045,517.22493239,1,0,0.38851414,1786.75,911.0
3079,153.975,6194.88233378,517.49983387,1,0,0.38919351,1782.75,910.0
3080,154.025,6193.36314258,517.81763489,1,0,0.38919293,1784.0,909.0
3081,154.075,6191.87067771,518.14055794,1,0,0.38919236,1784.0,909.0
3082,154.125,6190.40802718,518.45020737,1,0,0.38919178,1780.5,911.0
3083,154.175,6188.98057707,518.77278167,1,0,0.3891912,1780.75,912.0
3084,154.225,6187.58226476,519.05246312,1,0,0.38919063,1781.0,913.0
3085,154.275,6186.22020566,519.26446687,1,0,0.38958642,1779.25,913.0
3086,154.325,6184.87421135,519.47798864,1,0,0.39637293,1777.0,912.0
3087,154.375,6183.58423357,519.78803273,1,0,0.40505796,1777.0,912.0
3088,154.425,6182.37191141,520.30096627,1,0,0.41367913,1776.75,912.0
3089,154.475,6181.15880981,520.82645767,1,0,0.4229514,1774.5,912.0
3090,154.525,6179.94684222,521.3531799,1,0,0.43150594,1774.75,913.0
3091,154.575,6178.74408258,521.89002475,1,0,0.43529764,1774.5,914.0
3092,154.625,6177.55021991,522.43150073,1,0,0.43821351,1771.25,913.0
3093,154.675,6176.36507549,522.97525421,1,0,0.44112939,1771.5,914.0
3094,154.725,6175.19067814,523.52403915,1,0,0.44404526,1771.5,914.0
3095,154.775,6174.11066662,524.07910112,1,0,0.44696114,1767.75,913.0
3096,154.825,6173.09078504,524.64167939,1,0,0.44987701,1767.75,913.0
3097,154.875,6172.08887299,525.20940291,1,0,0.45279289,1767.25,913.0
3098,154.925,6171.10863539,525.78872494,1,0,0.45569203,1764.0,912.0
3099,154.975,6170.14397999,526.39130638,1,0,0.45817448,1764.0,912.0
3100,155.025,6169.19693048,527.02001032,1,0,0.46292656,1764.0,912.0
3101,155.075,6168.26427155,527.6673733,1,0,0.46932447,1762.5,912.0
3102,155.125,6167.34491114,528.31889421,1,0,0.47861232,1760.25,911.0
3103,155.175,6166.46630068,528.92747305,1,0,0.48817041,1760.25,911.0
3104,155.225,6165.61673513,529.52058535,1,0,0.50250035,1758.25,911.0
3105,155.275,6164.77761345,530.1175297,1,0,0.50696325,1756.5,910.0
3106,155.325,6163.95561482,530.71069802,1,0,0.50901513,1756.5,910.0
3107,155.375,6163.16089139,531.29232005,1,0,0.511067,1753.0,910.0
3108,155.425,6162.41203502,531.85978789,1,0,0.51311888,1752.75,909.0
3109,155.475,6161.68433327,532.42896048,1,0,0.51517075,1752.75,909.0
3110,155.525,6160.97852561,532.99947204,1,0,0.51722263,1749.0,908.0
3111,155.575,6160.29566459,533.57369788,1,0,0.51963105,1749.0,908.0
3112,155.625,6159.64333144,534.17729169,1,0,0.52340521,1748.5,908.0
3113,155.675,6159.01153402,534.78652361,1,0,0.52731007,1745.25,907.0
3114,155.725,6158.40113678,535.40041265,1,0,0.53121493,1745.25,907.0
3115,155.775,6157.82238532,536.01975741,1,0,0.53511979,1745.25,907.0
3116,155.825,6157.26638776,536.6501215,1,0,0.5431426,1741.5,906.0
3117,155.875,6156.73920679,537.28524311,1,0,0.5531942,1741.5,906.0
3118,155.925,6156.22076875,537.92221939,1,0,0.55827211,1741.0,906.0
3119,155.975,6155.72083004,538.58325024,1,0,0.57348412,1737.75,905.0
3120,156.025,6155.25674345,539.26652109,1,0,0.59787401,1737.75,905.0
3121,156.075,6154.82221012,539.954529,1,0,0.61150963,1737.0,905.0
3122,156.125,6154.3913183,540.65258907,1,0,0.61514987,1734.0,904.0
3123,156.175,6153.96596576,541.3686601,1,0,0.61923453,1734.25,906.0
3124,156.225,6153.59004158,542.09750446,1,0,0.62321118,1730.75,907.0
3125,156.275,6153.29054141,542.83908195,1,0,0.62718783,1730.75,907.0
3126,156.325,6153.02748707,543.58584915,1,0,0.63116447,1730.25,907.0
3127,156.375,6152.8129137,544.3352631,1,0,0.63514112,1727.0,906.0
3128,156.425,6152.64129286,545.08784096,1,0,0.64111848,1727.0,906.0
3129,156.475,6152.50965845,545.84396048,1,0,0.65737029,1726.75,906.0
3130,156.525,6152.40980686,546.59435219,1,0,0.66560673,1723.25,905.0
3131,156.575,6152.34490579,547.34972463,1,0,0.67080093,1722.75,905.0
3132,156.625,6152.29200654,548.10410165,1,0,0.67558231,1719.75,905.0
3133,156.675,6152.25055141,548.86205251,1,0,0.68047828,1719.75,905.0
3134,156.725,6152.23574532,549.65722482,1,0,0.69093348,1719.75,905.0
3135,156.775,6152.25602061,550.45423,1,0,0.70418484,1716.0,904.0
3136,156.825,6152.30177716,551.25298182,1,0,0.71743621,1715.75,904.0
3137,156.875,6152.36424765,552.06271578,1,0,0.73010381,1712.25,903.0
3138,156.925,6152.44401362,552.89774897,1,0,0.73736653,1712.25,903.0
3139,156.975,6152.54418774,553.74163667,1,0,0.74331947,1712.25,903.0
3140,157.025,6152.66721233,554.60965219,1,0,0.75251081,1708.5,902.0
3141,157.075,6152.82219876,555.48871459,1,0,0.76595619,1708.25,902.0
3142,157.125,6153.00532642,556.38239014,1,0,0.77420064,1704.75,901.0
3143,157.175,6153.25980542,557.29549555,1,0,0.78543338,1704.75,901.0
3144,157.225,6153.57466798,558.27266977,1,0,0.79709974,1703.75,902.0
3145,157.275,6153.91373917,559.2587207,1,0,0.80822935,1701.0,900.0
3146,157.325,6154.27517926,560.24743964,1,0,0.8193201,1700.75,900.0
3147,157.375,6154.66359972,561.22486524,1,0,0.83034301,1697.25,899.0
3148,157.425,6155.08370889,562.20111949,1,0,0.84122549,1697.25,899.0
3149,157.475,6155.54546884,563.17651874,1,0,0.8523557,1694.0,900.0
3150,157.525,6156.03962792,564.15222569,1,0,0.86486588,1693.5,899.0
3151,157.575,6156.56561611,565.13835615,1,0,0.87756406,1692.75,900.0
3152,157.625,6157.11636058,566.16075392,1,0,0.89084052,1689.25,897.0
3153,157.675,6157.69736721,567.20293465,1,0,0.90522256,1688.5,897.0
3154,157.725,6158.30713741,568.29421837,1,0,0.91982938,1685.5,898.0
3155,157.775,6158.94935565,569.40205327,1,0,0.93624689,1685.5,898.0
3156,157.825,6159.6799504,570.48654047,1,0,0.95678884,1681.75,898.0
3157,157.875,6160.52884811,571.5490749,1,0,0.98135776,1681.75,898.0
3158,157.925,6161.46878848,572.60534516,1,0,1.01019979,1677.75,897.0
3159,157.975,6162.45420382,573.67477698,1,0,1.03945825,1677.75,897.0
3160,158.025,6163.47488802,574.78029506,1,0,1.06442732,1676.5,898.0
3161,158.075,6164.52167383,575.89204093,1,0,1.0859478,1673.75,896.0
3162,158.125,6165.600351,577.00076844,1,0,1.10434444,1672.5,897.0
3163,158.175,6166.73407955,578.09576563,1,0,1.12270548,1669.75,895.0
3164,158.225,6167.91205025,579.19482644,1,0,1.14767582,1668.25,895.0
3165,158.275,6169.14684956,580.29700732,1,0,1.17869833,1665.75,894.0
3166,158.325,6170.43386675,581.05376531,1,0,1.19803661,1665.0,895.0
3167,158.375,6171.75482205,581.34019697,1,0,1.20985968,1661.75,893.0
3168,158.425,6173.1142681,581.63087297,1,0,1.22269917,1660.0,893.0
3169,158.475,6174.52590519,581.9356854,1,0,1.23568047,1657.75,892.0
3170,158.525,6175.98214752,582.27648667,1,0,1.25006276,1656.5,894.0
3171,158.575,6177.47608368,582.62216125,1,0,1.26668657,1653.75,891.0
3172,158.625,6179.00845809,582.88666634,1,0,1.28741469,1651.0,891.0
3173,158.675,6180.56400561,583.15478325,1,0,1.30079896,1649.75,890.0
3174,158.725,6182.14030008,583.41476172,1,0,1.31373566,1647.25,891.0
3175,158.775,6183.73516485,583.66583415,1,0,1.32585252,1645.75,889.0
3176,158.825,6185.34987594,583.91757541,1,0,1.33861899,1641.75,888.0
3177,158.875,6187.01192265,584.15595196,1,0,1.35273308,1641.75,888.0
3178,158.925,6188.74657329,584.36820274,1,0,1.36621262,1637.75,887.0
3179,158.975,6190.50541763,584.58393114,1,0,1.37762226,1637.75,887.0
3180,159.025,6192.29232125,584.80080447,1,0,1.39334643,1633.75,886.0
3181,159.075,6194.16261513,585.01354907,1,0,1.4198762,1632.75,890.0
3182,159.125,6196.22987218,585.21625629,1,0,1.4490787,1630.0,887.0
3183,159.175,6198.37432125,585.43763429,1,0,1.48053299,1629.75,888.0
3184,159.225,6200.64176248,585.70054614,1,0,1.58085327,1625.5,886.0
3185,159.275,6202.9549022,585.93811067,1,0,1.60276502,1622.0,885.0
3186,159.325,6205.308253,586.15826659,1,0,1.62052523,1622.0,885.0
3187,159.375,6207.70344016,586.3821488,1,0,1.63947561,1618.0,884.0
3188,159.425,6210.13820977,586.61064079,1,0,1.65842598,1616.0,885.0
3189,159.475,6212.6243259,586.82359873,1,0,1.68279675,1614.25,883.0
3190,159.525,6215.25319066,586.93882293,1,0,1.7147338,1610.25,882.0
3191,159.575,6217.95049013,587.05607626,1,0,1.76352397,1609.25,883.0
3192,159.625,6220.69228208,587.17027425,1,0,1.80187874,1606.0,881.0
3193,159.675,6223.46348873,587.28394361,1,0,1.81644454,1602.25,880.0
3194,159.725,6226.2697938,587.32339979,1,0,1.83074818,1601.0,882.0
3195,159.775,6229.12037941,587.30878849,1,0,1.84505182,1597.75,879.0
3196,159.825,6232.01683231,587.35149304,1,0,1.86814322,1594.25,878.0
3197,159.875,6234.96771081,587.40055665,1,0,1.90117672,1593.0,880.0
3198,159.925,6237.98038361,587.40335823,1,0,1.93542636,1589.75,877.0
3199,159.975,6241.06996573,587.38425297,1,0,1.98336583,1586.25,876.0
3200,160.025,6244.30550874,587.31554657,1,0,2.05143891,1584.75,877.0
3201,160.075,6247.66978873,587.23504239,1,0,2.14196774,1581.75,875.0
3202,160.125,6251.16155992,587.15662348,1,0,2.2478457,1577.75,874.0
3203,160.175,6254.77350618,587.08359897,1,0,2.34655759,1574.25,873.0
3204,160.225,6258.4804054,587.00672231,1,0,2.40904268,1570.25,872.0
3205,160.275,6262.24986994,586.88731864,1,0,2.43837217,1568.0,872.0
3206,160.325,6266.07453996,586.80979329,1,0,2.46677935,1566.25,871.0
3207,160.375,6270.01876198,586.75689452,1,0,2.51046769,1562.0,870.0
3208,160.425,6274.06203555,586.69934655,1,0,2.55648064,1558.25,869.0
3209,160.475,6278.193526,586.6317076,1,0,2.6024936,1554.25,868.0
3210,160.525,6282.45877116,586.62055933,1,0,2.64850655,1550.25,867.0
3211,160.575,6286.80522253,586.61702698,1,0,2.6945195,1549.25,867.0
3212,160.625,6291.2946227,586.61270084,1,0,2.82820479,1544.75,867.0
3213,160.675,6296.00914365,586.44812456,1,0,3.03876236,1541.5,865.0
3214,160.725,6300.90179353,586.28778486,1,0,3.20913691,1537.5,865.0
3215,160.775,6306.04839089,586.22978291,1,0,3.43088513,1530.25,862.0
3216,160.825,6311.30499555,586.21393463,1,0,3.52405079,1528.75,863.0
3217,160.875,6316.65688692,586.20097121,1,0,3.61329229,1522.25,860.0
3218,160.925,6322.12659773,586.20318794,1,0,3.71524864,1519.0,860.0
3219,160.975,6327.7310542,586.21714566,1,0,3.83540192,1513.25,855.0
3220,161.025,6333.4773626,586.25270236,1,0,3.94080811,1509.25,854.0
3221,161.075,6339.35071448,586.29244509,1,0,4.0462143,1504.5,854.0
3222,161.125,6345.59010205,586.49073055,1,0,4.38644334,1499.5,853.0
3223,161.175,6352.62482221,586.72682026,1,0,5.16733227,1493.75,850.0
3224,161.225,6360.00149499,586.96781622,1,0,5.50302167,1487.5,850.0
3225,161.275,6367.67789243,587.00152475,1,0,5.78702763,1480.75,848.0
3226,161.325,6375.78976949,586.55716219,1,0,6.10631795,1473.25,846.0
3227,161.375,6384.34175126,586.34176613,1,0,6.53327138,1465.75,841.0
3228,161.425,6393.7457678,586.35577092,1,0,7.38200882,1456.75,839.0
3229,161.475,6404.08925382,586.37783617,1,0,8.3134442,1448.5,837.0
3230,161.525,6415.66988536,586.40962861,1,0,9.53686504,1437.0,834.0
3231,161.575,6433.74100062,588.86644759,1,0,16.02125376,1420.0,833.0
3232,161.625,6462.03756039,570.32733307,1,0,26.06499795,1398.25,808.0
3233,161.675,6463.2615583,570.25661576,1,0,0.01593533,1398.0,807.0
3234,161.725,6464.48896373,570.20388332,1,0,0.01387827,1397.75,805.0
3235,161.775,6465.71631248,570.15512896,1,0,0.01182122,1397.75,805.0
3236,161.825,6466.944058,570.10729118,1,0,0.0,1397.75,805.0
3237,161.875,6468.17424859,570.06626905,1,0,0.0,1397.75,805.0
3238,161.925,6469.43044496,570.05945277,1,0,0.0,1397.75,805.0
3239,161.975,6470.69183083,570.04928013,1,0,0.0,1397.75,805.0
3240,162.025,6471.96327574,570.0262669,1,0,0.0,1397.75,805.0
3241,162.075,6473.25086786,570.00942158,1,0,0.0,1397.75,805.0
3242,162.125,6474.54752161,570.00516205,1,0,0.0,1397.75,805.0
3243,162.175,6475.84635749,569.95473163,1,0,0.0,1398.0,807.0
3244,162.225,6477.15038905,569.90396028,1,0,0.01014922,1398.0,807.0
3245,162.275,6456.90267143,600.28280454,1,0,0.01322987,1398.0,807.0
3246,162.325,6455.42189276,600.71807978,1,0,0.0146854,1397.75,805.0
3247,162.375,6453.86568838,601.15450518,1,0,0.01230206,1397.5,803.0
3248,162.425,6452.36030711,601.6751179,1,0,0.0,1397.5,803.0
3249,162.475,6450.86754964,602.22351757,1,0,0.0,1397.5,803.0
3250,162.525,6449.33174326,602.77966254,1,0,0.0,1397.5,803.0
3251,162.575,6447.91895368,603.39750331,1,0,0.0,1397.5,803.0
3252,162.625,6446.43364431,604.04977652,1,0,0.0,1397.5,803.0
3253,162.675,6444.90307365,604.72754761,1,0,0.0,1397.5,803.0
3254,162.725,6443.38907606,605.44745067,1,0,0.0,1397.5,803.0
3255,162.775,6441.18167446,613.6346135,1,0,0.0,1397.5,803.0
3256,162.825,6438.08362799,613.02287775,1,0,0.01133297,1397.5,803.0
3257,162.875,6435.21483993,612.44430537,1,0,0.01421181,1397.5,803.0
3258,162.925,6432.55957155,611.88714746,1,0,0.01709065,1397.25,802.0
3259,162.975,6430.04417547,611.39133251,1,0,0.01996949,1397.25,802.0
3260,163.025,6427.60910018,610.93720357,1,0,0.02052995,1397.25,802.0
3261,163.075,6425.23562213,610.50630734,1,0,0.01823266,1397.0,801.0
3262,163.125,6422.96752414,610.05037619,1,0,0.01593538,1396.75,800.0
3263,163.175,6420.78409687,609.59839581,1,0,0.01363809,1396.75,800.0
3264,163.225,6418.69021822,609.14817333,1,0,0.01237703,1396.5,800.0
3265,163.275,6416.68555067,608.72775865,1,0,0.01241983,1396.5,800.0
3266,163.325,6414.74859736,608.31703848,1,0,0.01191823,1396.25,798.0
3267,163.375,6412.88772009,607.91119743,1,0,0.01141663,1396.25,798.0
3268,163.425,6411.11072548,607.50247555,1,0,0.01091503,1396.0,796.0
3269,163.475,6409.41450216,607.0703483,1,0,0.01041343,1396.0,796.0
3270,163.525,6407.78151598,606.67665789,1,0,0.0,1396.0,796.0
3271,163.575,6406.26557996,606.28584268,1,0,0.01732094,1396.0,796.0
3272,163.625,6404.85394105,605.88475601,1,0,0.0356389,1396.0,796.0
3273,163.675,6403.52767809,605.49819869,1,0,0.05347728,1396.0,796.0
3274,163.725,6402.2517258,605.21131409,1,0,0.04622318,1395.5,793.0
3275,163.775,6401.00939184,604.92958375,1,0,0.02761758,1395.5,793.0
3276,163.825,6399.8082928,604.65538976,1,0,0.0,1395.5,793.0
3277,163.875,6398.65843561,604.31546005,1,0,0.0,1395.5,793.0
3278,163.925,6397.5837455,603.96591321,1,0,0.0,1395.5,793.0
3279,163.975,6397.05584003,603.84483105,1,0,0.01185763,1395.5,793.0
3280,164.025,6396.81686617,603.84853071,1,0,0.01403127,1395.5,793.0
3281,164.075,6396.60089829,603.86754558,1,0,0.01506627,1395.5,793.0
3282,164.125,6396.38071031,603.90171606,1,0,0.0,1395.5,793.0
3283,164.175,6396.15046913,603.90105806,1,0,0.0,1395.5,793.0
3284,164.225,6395.92778033,603.85477182,1,0,0.0,1395.5,793.0
3285,164.275,6395.73454929,603.80328201,1,0,0.0,1395.5,793.0
3286,164.325,6395.58288815,603.78299756,1,0,0.0,1395.5,793.0
3287,164.375,6395.46661544,603.79852825,1,0,0.01139964,1395.5,793.0
3288,164.425,6395.38219568,603.81977541,1,0,0.02044169,1395.25,793.0
3289,164.475,6395.33465417,603.85022717,1,0,0.02948373,1395.25,793.0
3290,164.525,6395.32268774,603.88157473,1,0,0.03852577,1395.0,791.0
3291,164.575,6395.32702793,603.7953337,1,0,0.03736042,1395.0,791.0
3292,164.625,6395.31265404,603.62950258,1,0,0.01911643,1394.75,789.0
3293,164.675,6395.32510418,603.43860265,1,0,0.0,1394.75,789.0
3294,164.725,6395.38691051,603.33453095,1,0,0.0,1394.75,789.0
3295,164.775,6395.81233514,603.35599879,1,0,0.0,1394.75,789.0
3296,164.825,6396.36010857,603.38501784,1,0,0.0,1394.75,789.0
3297,164.875,6396.92168553,603.42993065,1,0,0.0,1394.75,789.0
3298,164.925,6397.4901455,603.48364793,1,0,0.0,1394.75,789.0
3299,164.975,6398.06838237,603.54075949,1,0,0.0,1394.75,789.0
3300,165.025,6398.65504865,603.6002704,1,0,0.0,1394.75,789.0
3301,165.075,6399.2455386,603.66643645,1,0,0.0,1394.75,789.0
3302,165.125,6399.84869039,603.75631233,1,0,0.0,1394.75,789.0
3303,165.175,6400.48716193,603.86152501,1,0,0.0,1394.75,789.0
3304,165.225,6401.16822314,603.96146233,1,0,0.0,1394.75,789.0
3305,165.275,6401.8810299,604.05044224,1,0,0.0,1394.75,789.0
3306,165.325,6402.61645988,604.1453985,1,0,0.0,1394.75,789.0
3307,165.375,6403.36212097,604.25754562,1,0,0.0,1394.75,789.0
3308,165.425,6404.11407406,604.37233501,1,0,0.0,1394.75,789.0
3309,165.475,6404.87232726,604.49635367,1,0,0.0,1394.75,789.0
3310,165.525,6405.64047174,604.63235118,1,0,0.0,1394.75,789.0
3311,165.575,6406.44854515,604.76044175,1,0,0.0,1394.75,789.0
3312,165.625,6407.33223398,604.89773296,1,0,0.0,1394.75,789.0
3313,165.675,6408.35761207,605.05187631,1,0,0.0,1394.75,789.0
3314,165.725,6409.49911498,605.18709823,1,0,0.0,1394.75,789.0
3315,165.775,6410.76808349,605.33818743,1,0,0.0,1394.75,789.0
3316,165.825,6412.08136722,605.44317045,1,0,0.01012026,1394.75,789.0
3317,165.875,6413.44877369,605.55706711,1,0,0.01293327,1394.75,789.0
3318,165.925,6414.96023435,605.72562536,1,0,0.08604925,1394.5,788.0
3319,165.975,6416.658542,605.94795245,1,0,0.12582956,1394.5,788.0
3320,166.025,6418.38119557,606.18910753,1,0,0.06088349,1394.0,785.0
3321,166.075,6420.10557338,606.34414363,1,0,0.0,1394.0,785.0
3322,166.125,6421.87968241,606.42953845,1,0,0.0,1394.0,785.0
3323,166.175,6423.69526512,606.49227488,1,0,0.01080959,1393.5,782.0
3324,166.225,6425.56662225,606.54506509,1,0,0.0,1393.5,782.0
3325,166.275,6427.4852279,606.61033124,1,0,0.0125153,1393.25,780.0
3326,166.325,6429.46272888,606.67008526,1,0,0.01085074,1393.25,780.0
3327,166.375,6431.4985289,606.72084201,1,0,0.02085538,1392.5,780.0
3328,166.425,6433.55895644,606.77186632,1,0,0.02128203,1392.5,780.0
3329,166.475,6435.64027428,606.84016564,1,0,0.02170868,1392.5,780.0
3330,166.525,6437.76696949,606.91695048,1,0,0.02213534,1391.25,779.0
3331,166.575,6439.96058434,606.99011409,1,0,0.03493918,1391.0,779.0
3332,166.625,6442.19876183,607.07959428,1,0,0.05462691,1390.5,777.0
3333,166.675,6444.46783007,607.18781186,1,0,0.07180892,1390.5,777.0
3334,166.725,6446.77549009,607.27576328,1,0,0.08800847,1390.5,777.0
3335,166.775,6449.11669971,607.36797416,1,0,0.09570624,1390.0,776.0
3336,166.825,6451.4892804,607.46785602,1,0,0.10246433,1389.25,776.0
3337,166.875,6453.88121311,607.53671853,1,0,0.08803696,1389.0,774.0
3338,166.925,6456.26069834,607.56559785,1,0,0.0536911,1388.5,774.0
3339,166.975,6458.62940204,607.61232463,1,0,0.03874542,1387.25,772.0
3340,167.025,6461.01345883,607.66181161,1,0,0.03831001,1387.0,772.0
3341,167.075,6463.42156687,607.71027521,1,0,0.04803471,1386.25,771.0
3342,167.125,6465.85291815,607.75780653,1,0,0.04827542,1386.0,769.0
3343,167.175,6468.29964539,607.81185168,1,0,0.03900271,1386.0,769.0
3344,167.225,6470.75912155,607.87493026,1,0,0.03827726,1386.0,769.0
3345,167.275,6473.26763328,607.95269101,1,0,0.03911815,1385.5,769.0
3346,167.325,6475.86000456,608.01278302,1,0,0.03995905,1384.75,769.0
3347,167.375,6478.45844206,608.07933618,1,0,0.04079995,1384.75,769.0
3348,167.425,6481.06839735,608.15391748,1,0,0.04164085,1383.5,768.0
3349,167.475,6483.71016941,608.23523758,1,0,0.04248175,1383.25,768.0
3350,167.525,6486.57684223,608.36200507,1,0,0.0910379,1382.5,767.0
3351,167.575,6489.50819847,608.50800651,1,0,0.14768841,1382.5,767.0
3352,167.625,6492.46030608,608.66104318,1,0,0.13873804,1382.5,767.0
3353,167.675,6495.41841722,608.83599791,1,0,0.13979208,1382.5,767.0
3354,167.725,6498.38335629,609.01460133,1,0,0.14244367,1382.5,767.0
3355,167.775,6501.57919655,609.56103292,1,0,0.34546928,1380.75,767.0
3356,167.825,6504.65155389,609.88571781,1,0,0.1756227,1377.0,765.0
3357,167.875,6507.74938474,610.13462259,1,0,0.17012733,1377.25,765.0
3358,167.925,6510.87585834,610.36763513,1,0,0.19213491,1376.5,765.0
3359,167.975,6514.02420908,610.57657834,1,0,0.19609589,1375.5,761.0
3360,168.025,6517.22024145,610.7925788,1,0,0.21700684,1375.5,761.0
3361,168.075,6520.45591474,611.02223617,1,0,0.23099314,1375.25,759.0
3362,168.125,6523.70479071,611.22707526,1,0,0.22046918,1374.75,757.0
3363,168.175,6526.9612952,611.43069556,1,0,0.21654558,1372.25,758.0
3364,168.225,6530.23177712,611.64541995,1,0,0.22603559,1369.0,754.0
3365,168.275,6533.52179158,611.87055334,1,0,0.22153522,1367.75,751.0
3366,168.325,6536.84593244,612.1119433,1,0,0.23650494,1367.0,750.0
3367,168.375,6540.20096269,612.36298137,1,0,0.26079042,1366.75,749.0
3368,168.425,6543.57295885,612.64444618,1,0,0.28257798,1366.25,749.0
3369,168.475,6547.01589734,612.9381109,1,0,0.29576574,1365.5,746.0
3370,168.525,6550.52970898,613.24576107,1,0,0.35696384,1362.5,745.0
3371,168.575,6554.13438494,613.57238433,1,0,0.35838259,1362.0,745.0
3372,168.625,6557.84846002,613.91116531,1,0,0.43701073,1360.5,742.0
3373,168.675,6561.7015195,614.30009206,1,0,0.4527041,1358.25,741.0
3374,168.725,6565.6394879,614.70676916,1,0,0.45632627,1355.75,739.0
3375,168.775,6569.64537985,615.18225484,1,0,0.46368718,1354.0,737.0
3376,168.825,6573.71183726,615.67572225,1,0,0.48132605,1353.5,737.0
3377,168.875,6577.80963835,616.18823849,1,0,0.4815642,1349.5,736.0
3378,168.925,6581.93607281,616.73495624,1,0,0.47924803,1348.5,731.0
3379,168.975,6586.07144442,617.2882054,1,0,0.45168087,1346.75,727.0
3380,169.025,6590.23534934,617.87214162,1,0,0.45729373,1346.0,728.0
3381,169.075,6594.46070425,618.47843573,1,0,0.49280799,1344.25,726.0
3382,169.125,6598.74038437,619.08403475,1,0,0.51663927,1342.25,726.0
3383,169.175,6603.05933907,619.73492642,1,0,0.55851409,1339.0,722.0
3384,169.225,6607.47286839,620.49456221,1,0,0.61194877,1335.75,719.0
3385,169.275,6611.98434637,621.26727572,1,0,0.6659169,1333.75,715.0
3386,169.325,6616.53127505,622.02603547,1,0,0.66112908,1329.5,715.0
3387,169.375,6621.20244401,622.77887095,1,0,0.7381419,1327.5,713.0
3388,169.425,6625.94782284,623.53706577,1,0,0.7797645,1326.25,708.0
3389,169.475,6630.73807753,624.30544099,1,0,0.78215119,1325.0,706.0
3390,169.525,6635.58355201,625.11840247,1,0,0.8005661,1319.75,704.0
3391,169.575,6640.50176188,625.88413542,1,0,0.83041394,1314.25,703.0
3392,169.625,6645.48936467,626.66531716,1,0,0.83154056,1311.0,703.0
3393,169.675,6650.71561001,627.36056253,1,0,0.99444942,1309.75,703.0
3394,169.725,6656.06279167,628.02019662,1,0,1.03841698,1307.75,698.0
3395,169.775,6661.57462814,628.64663966,1,0,1.14253841,1302.75,690.0
3396,169.825,6667.1013077,629.28900256,1,0,1.09766295,1300.5,688.0
3397,169.875,6672.6515619,629.94614306,1,0,1.07144785,1294.25,685.0
3398,169.925,6678.36349622,630.50842844,1,0,1.17288674,1291.5,682.0
3399,169.975,6684.19668517,630.97825069,1,0,1.22816362,1287.25,679.0
3400,170.025,6690.25514826,631.21782361,1,0,1.39994547,1283.5,677.0
3401,170.075,6696.41681849,631.46901658,1,0,1.43436265,1280.0,676.0
3402,170.125,6702.8010046,631.72654852,1,0,1.59412404,1274.5,676.0
3403,170.175,6709.30590861,631.92773413,1,0,1.6396323,1270.25,667.0
3404,170.225,6715.94071141,632.15529427,1,0,1.71001807,1262.5,659.0
3405,170.275,6723.21050933,632.50940889,1,0,2.27127032,1256.75,655.0
3406,170.325,6731.10412409,632.9604733,1,0,2.8367449,1252.0,657.0
3407,170.375,6739.18267094,633.42333781,1,0,2.96788437,1244.75,654.0
3408,170.425,6747.42793618,633.89146142,1,0,3.08439355,1238.25,652.0
3409,170.475,6755.8652001,634.30626608,1,0,3.25025282,1234.0,649.0
3410,170.525,6764.49819792,634.76805524,1,0,3.42190779,1226.0,647.0
3411,170.575,6773.27424101,635.22848281,1,0,3.52629071,1218.5,644.0
3412,170.625,6782.14251294,635.69525803,1,0,3.61733402,1211.25,639.0
3413,170.675,6791.3995212,635.96132301,1,0,3.96618053,1202.25,634.0
3414,170.725,6800.77053067,636.16833288,1,0,4.05301186,1194.25,633.0
3415,170.775,6810.21315528,636.21812571,1,0,4.12407207,1187.0,627.0
3416,170.825,6819.71334132,636.13117967,1,0,4.16414134,1182.5,625.0
3417,170.875,6829.28250522,636.0451558,1,0,4.22956786,1172.0,621.0
3418,170.925,6838.89423041,635.97921464,1,0,4.28155412,1161.0,619.0
3419,170.975,6848.46743748,635.98008686,1,0,4.25145786,1152.0,616.0
3420,171.025,6858.05703564,636.12024718,1,0,4.26421162,1146.25,611.0
3421,171.075,6867.59125276,636.43978293,1,0,4.46894886,1136.0,607.0
3422,171.125,6877.04785065,636.61026654,1,0,4.38147526,1130.5,609.0
3423,171.175,6886.6044129,636.7006161,1,0,4.46141978,1118.25,605.0
3424,171.225,6896.15763898,636.83931515,1,0,4.43416959,1109.75,600.0
3425,171.275,6906.12452623,637.22579212,1,0,4.82760864,1100.25,596.0
3426,171.325,6916.58386262,637.91462713,1,0,5.30364953,1092.25,594.0
3427,171.375,6927.28005186,638.79980718,1,0,5.52636505,1086.0,594.0
3428,171.425,6938.15094263,639.49110652,1,0,5.6706545,1071.5,587.0
3429,171.475,6949.07087556,640.07640771,1,0,5.70309629,1060.0,579.0
3430,171.525,6960.23087737,641.1609737,1,0,6.04183808,1049.0,572.0
3431,171.575,6971.50435418,642.2640395,1,0,6.34291141,1037.0,570.0
3432,171.625,6982.86668811,643.25210999,1,0,6.41830698,1029.75,567.0
3433,171.675,6994.26925821,644.15117924,1,0,6.45620034,1016.5,561.0
3434,171.725,7006.03889667,644.81598356,1,0,6.76676195,1006.75,558.0
3435,171.775,7018.99474104,646.19231653,1,0,7.89465482,990.0,556.0
3436,171.825,7032.99141579,647.81914066,1,0,8.78136688,980.0,550.0
3437,171.875,7047.41660678,650.46330229,2,1,9.1122753,964.25,552.0
3438,171.925,7062.17511702,653.30637752,2,0,9.37427664,952.0,550.0
3439,171.975,7077.29658804,654.58760667,1,0,9.60161005,935.75,547.0
3440,172.025,7092.24414257,656.20948129,1,0,9.40810578,923.75,542.0
3441,172.075,7107.16525674,658.22282951,1,0,9.31926265,908.0,542.0
3442,172.125,7122.25681154,660.29977425,1,0,9.42180119,891.0,537.0
3443,172.175,7137.65558605,662.57198395,1,0,9.66039204,874.25,534.0
3444,172.225,7153.3883566,664.92688708,1,0,9.91324611,863.0,532.0
3445,172.275,7169.47705182,667.35701233,1,0,10.17911419,846.0,533.0
3446,172.325,7185.87763372,669.32109472,1,0,10.42416773,829.25,526.0
3447,172.375,7202.51632897,671.77582974,1,0,10.60623524,812.0,525.0
3448,172.425,7219.65769738,673.60417572,1,0,10.96461379,795.25,522.0
3449,172.475,7237.28256723,675.03875574,1,0,11.38663301,776.75,522.0
3450,172.525,7255.10251261,674.85434988,1,0,11.53030029,762.75,520.0
3451,172.575,7271.99344036,675.70983292,1,0,10.60575835,745.0,514.0
3452,172.625,7289.88405262,676.89350016,1,0,11.54592091,726.75,509.0
3453,172.675,7308.44442086,679.6643069,2,1,12.14200368,712.75,510.0
3454,172.725,7327.6815074,680.40328385,2,0,12.68975804,689.75,502.0
3455,172.775,7347.17820106,681.83047244,2,0,12.94766645,669.75,498.0
3456,172.825,7366.92639409,682.91268067,2,0,13.16069871,650.25,492.0
3457,172.875,7386.80207733,683.98077384,2,0,13.23969434,629.75,487.0
3458,172.925,7406.80897995,684.84633995,2,0,13.30303252,613.75,485.0
3459,172.975,7427.01581497,686.02552644,2,0,13.47195081,590.75,479.0
3460,173.025,7447.44669055,687.60027888,2,0,13.68946514,572.0,473.0
3461,173.075,7468.09915741,690.2512638,2,0,13.90770019,545.25,465.0
3462,173.125,7488.95689201,691.29795961,2,0,14.05394402,528.0,461.0
3463,173.175,7509.97937613,693.09801532,2,0,14.25196421,506.0,459.0
3464,173.225,7531.30007456,692.27435778,2,0,14.5523593,483.0,442.0
3465,173.275,7558.1935893,707.07465303,2,0,20.25733238,451.75,443.0
3466,173.325,7584.67282544,713.83824231,2,0,19.31474987,430.0,439.0
3467,173.375,7606.08386397,715.47379659,2,0,14.17031082,402.75,417.0
3468,173.425,7626.34128295,716.77010264,2,0,13.12222581,384.25,417.0
3469,173.475,7646.11768104,718.12247807,2,0,12.68991463,361.75,408.0
3470,173.525,7665.38678952,719.47049377,2,0,12.232021,345.0,396.0
3471,173.575,7684.2154283,720.70180539,2,0,11.84397067,326.75,392.0
3472,173.625,7702.6409187,721.97998312,2,0,11.4951001,307.0,389.0
3473,173.675,7721.02015288,723.35519011,2,0,11.49241357,288.75,376.0
3474,173.725,7739.21384055,723.80174282,1,0,11.32217262,274.25,370.0
3475,173.775,7757.309179,723.38251829,1,0,11.20017842,257.25,365.0
3476,173.825,7775.96860229,727.2217653,2,1,11.87871887,236.0,358.0
3477,173.875,7795.75043733,730.54046274,2,0,12.87000311,217.5,351.0
3478,173.925,7815.59812185,733.95891416,2,0,12.8557378,198.5,346.0
3479,173.975,7835.83833963,732.65676881,1,0,13.1602652,177.5,315.0
3480,174.025,7851.10570159,730.16252944,1,0,8.5356833,164.0,291.0
3481,174.075,7864.3874666,725.15834504,1,0,6.83281747,150.5,273.0
3482,174.125,7876.17740647,724.53078329,1,0,5.74311933,145.0,260.0
3483,174.175,7887.11185392,723.45232048,1,0,5.04485727,132.0,249.0
3484,174.225,7897.71810698,722.43942213,1,0,4.8742413,123.5,242.0
3485,174.275,7907.94774751,721.46877579,1,0,4.62742889,112.75,224.0
3486,174.325,7917.46344927,720.71164339,1,0,4.08614308,103.75,214.0
3487,174.375,7926.86089026,719.74904735,1,0,4.07976707,98.75,207.0
3488,174.425,7936.04106656,718.80323446,1,0,3.92992232,94.0,202.0
3489,174.475,7944.78190612,717.00552693,1,0,3.58129016,85.5,184.0
3490,174.525,7952.83779542,715.18466367,1,0,3.01231067,77.0,173.0
3491,174.575,7960.33397063,713.35305049,1,0,2.63714373,73.75,167.0
3492,174.625,7967.37869491,711.55538368,1,0,2.31925803,69.25,163.0
3493,174.675,7974.03288298,709.88539072,1,0,2.0455883,65.0,155.0
3494,174.725,7980.29680043,708.48487315,1,0,1.75057703,61.5,152.0
3495,174.775,7986.27546136,707.56869225,1,0,1.55421766,54.25,143.0
3496,174.825,7992.14268644,707.7402771,1,0,1.51095318,52.25,138.0
3497,174.875,7997.9749758,707.68955523,1,0,1.49194517,51.25,135.0
3498,174.925,8003.76355603,707.65735396,1,0,1.47968223,46.25,128.0
3499,174.975,8009.45394934,707.67512269,1,0,1.43100976,41.75,124.0
3500,175.025,8014.99093055,707.73563112,1,0,1.34018139,37.0,113.0
3501,175.075,8020.44209449,707.8829928,1,0,1.29944601,35.25,107.0
3502,175.125,8025.7776044,708.15189952,1,0,1.23565751,33.0,100.0
3503,175.175,8030.78051361,708.0715729,1,0,1.03700726,30.25,91.0
3504,175.225,8035.51558272,707.71969165,1,0,0.8555748,27.5,88.0
3505,175.275,8040.13282591,707.29837173,1,0,0.83595382,26.5,82.0
3506,175.325,8044.43703429,706.44643131,1,0,0.59765447,23.0,81.0
3507,175.375,8048.57410027,705.41789082,1,0,0.56800754,22.5,80.0
3508,175.425,8052.62437202,704.44548055,1,0,0.55260946,19.75,76.0
3509,175.475,8056.62102925,703.50784052,1,0,0.54581663,18.25,69.0
3510,175.525,8060.56137987,702.583423,1,0,0.53311628,17.25,67.0
3511,175.575,8064.43610252,701.66121096,1,0,0.52096294,15.75,67.0
3512,175.625,8068.23253558,700.74420981,1,0,0.50863454,15.5,66.0
3513,175.675,8071.96244518,699.82381162,1,0,0.49731808,11.25,45.0
3514,175.725,8075.62152311,698.92908102,1,0,0.48324478,10.25,44.0
3515,175.775,8079.21183957,698.04189605,1,0,0.48554401,10.0,42.0
3516,175.825,8082.50389375,697.10130971,1,0,0.31378245,8.75,38.0
3517,175.875,8085.32010752,696.11733349,1,0,0.25801851,7.5,36.0
3518,175.925,8088.04521786,695.1968078,1,0,0.23547813,7.0,34.0
3519,175.975,8090.66602191,694.31030129,1,0,0.23873068,7.0,34.0
3520,176.025,8093.1910269,693.46710928,1,0,0.22935243,6.75,32.0
3521,176.075,8095.60365918,692.67564943,1,0,0.18589557,6.75,32.0
3522,176.125,8097.94673335,691.9409886,1,0,0.16857273,4.75,27.0
3523,176.175,8100.23908648,691.21773063,1,0,0.16393203,3.25,19.0
3524,176.225,8102.49209932,690.4887217,1,0,0.16614134,3.25,19.0
3525,176.275,8104.72829834,689.67267138,1,0,0.18143065,3.25,19.0
3526,176.325,8106.8508236,688.73975049,1,0,0.15820291,3.25,19.0
3527,176.375,8108.90614987,687.82219581,1,0,0.15111025,1.75,10.0
3528,176.425,8110.73268839,686.70968605,1,0,0.0773236,1.75,10.0
3529,176.475,8112.47583289,685.67598941,1,0,0.08859203,1.5,8.0
3530,176.525,8114.06037774,684.47280942,1,0,0.03676174,1.25,6.0
3531,176.575,8115.4945238,683.25412184,1,0,0.0,1.25,6.0
3532,176.625,8116.88615614,682.03501819,1,0,0.0,1.25,6.0
3533,176.675,8118.24059053,680.82370826,1,0,0.0,1.25,6.0
3534,176.725,8119.56734934,679.68440969,1,0,0.0,1.25,6.0
3535,176.775,8120.86741281,678.55858504,1,0,0.0,1.25,6.0
3536,176.825,8122.13780463,677.4233213,1,0,0.01127509,1.25,6.0
3537,176.875,8123.38376828,676.28944087,1,0,0.02613522,1.25,6.0
3538,176.925,8124.58902321,675.17879004,1,0,0.01748812,1.25,6.0
3539,176.975,8125.74581699,674.09556152,1,0,0.01928126,1.0,4.0
3540,177.025,8126.86704726,673.02920149,1,0,0.01318567,1.0,4.0
3541,177.075,8127.95632005,671.98715225,1,0,0.0,1.0,4.0
3542,177.125,8129.01714479,670.95315277,1,0,0.0,1.0,4.0
3543,177.175,8130.05099585,669.95037681,1,0,0.0,1.0,4.0
3544,177.225,8131.03775301,668.96971369,1,0,0.0,1.0,4.0
3545,177.275,8131.99084696,667.99365839,1,0,0.0,1.25,5.0
3546,177.325,8132.9233641,667.02292496,1,0,0.0,1.25,5.0
3547,177.375,8133.84867819,666.06898884,1,0,0.0,1.25,5.0
3548,177.425,8134.7497318,665.12297497,1,0,0.0,1.25,5.0
3549,177.475,8135.62185708,664.18238943,1,0,0.0,1.25,5.0
3550,177.525,8136.46844566,663.25320324,1,0,0.0,1.25,5.0
3551,177.575,8137.29427409,662.32925101,1,0,0.0,1.25,5.0
3552,177.625,8138.06587112,661.42522854,1,0,0.0,1.25,5.0
3553,177.675,8138.81497141,660.55547943,1,0,0.01297928,1.5,7.0
3554,177.725,8139.54533427,659.69358435,1,0,0.01378455,1.25,5.0
3555,177.775,8140.26746031,658.82825515,1,0,0.01167047,1.25,5.0
3556,177.825,8140.97724666,657.93379077,1,0,0.0,1.25,5.0
3557,177.875,8141.6854923,657.01370703,1,0,0.01290283,1.25,5.0
3558,177.925,8142.36863513,656.11494494,1,0,0.01655216,1.25,5.0
3559,177.975,8143.10091937,655.24004182,1,0,0.01353659,1.25,5.0
3560,178.025,8143.81212326,654.34499889,1,0,0.01052101,1.25,5.0
3561,178.075,8144.50771976,653.44821575,1,0,0.0,1.25,5.0
3562,178.125,8145.18491237,652.55494553,1,0,0.0,1.25,5.0
3563,178.175,8145.82886528,651.72405708,1,0,0.0,1.25,5.0
3564,178.225,8146.43044089,650.9714063,1,0,0.01030199,1.25,5.0
3565,178.275,8147.03194224,650.36282465,1,0,0.03502785,0.5,3.0
3566,178.325,8147.67863475,649.67326203,1,0,0.10109215,0.5,3.0
3567,178.375,8148.26691328,648.91915615,1,0,0.07405982,0.25,2.0
3568,178.425,8148.78738203,648.16674629,1,0,0.0378877,0.25,2.0
3569,178.475,8149.2471404,647.47888968,1,0,0.0,0.25,2.0
3570,178.525,8149.69321926,646.93197722,1,0,0.0,0.25,2.0
3571,178.575,8150.13307504,646.41342819,1,0,0.0,0.25,2.0
3572,178.625,8150.57314927,645.90392757,1,0,0.0,0.25,2.0
3573,178.675,8151.01539013,645.40097663,1,0,0.0,0.25,2.0
3574,178.725,8151.45201468,644.90774378,1,0,0.0,0.25,2.0
3575,178.775,8151.87022039,644.44749504,1,0,0.0,0.25,2.0
3576,178.825,8152.23673074,644.00000814,1,0,0.0,0.25,2.0
3577,178.875,8152.54275498,643.52062165,1,0,0.0,0.25,2.0
3578,178.925,8152.8078114,643.03780322,1,0,0.0,0.25,2.0
3579,178.975,8153.09309853,642.70187618,1,0,0.04204589,0.0,0.0
3580,179.025,8153.4697802,641.93890639,1,0,0.14715271,0.0,0.0
3581,179.075,8153.68542971,641.09916714,1,0,0.02630909,0.0,0.0
3582,179.125,8153.84277081,640.65117056,1,0,0.0,0.0,0.0
3583,179.175,8154.00353238,640.20798601,1,0,0.0,0.0,0.0
3584,179.225,8154.16511568,639.76619614,1,0,0.0,0.0,0.0
3585,179.275,8154.32761021,639.32832811,1,0,0.0,0.0,0.0
3586,179.325,8154.49364644,638.89555959,1,0,0.0,0.0,0.0
3587,179.375,8154.66305068,638.39126745,1,0,0.0,0.0,0.0
3588,179.425,8154.82552549,637.87852576,1,0,0.0,0.0,0.0
3589,179.475,8154.96866679,637.37099143,1,0,0.0,0.0,0.0
3590,179.525,8155.09216996,636.88066458,1,0,0.0,0.0,0.0
3591,179.575,8155.20202526,636.39685939,1,0,0.0,0.0,0.0
3592,179.625,8155.2937793,635.92597924,1,0,0.0,0.0,0.0
3593,179.675,8155.35952571,635.49663629,1,0,0.0,0.0,0.0
3594,179.725,8155.40467213,635.14979474,1,0,0.0,0.0,0.0
3595,179.775,8155.44438672,634.76581166,1,0,0.0,0.0,0.0
3596,179.825,8155.48698048,634.40670218,1,0,0.0,0.0,0.0
3597,179.875,8155.53158735,634.04702335,1,0,0.0,0.0,0.0
3598,179.925,8155.56215325,633.66940104,1,0,0.0,0.0,0.0
3599,179.975,8155.55419475,633.29023393,1,0,0.0,0.0,0.0
3600,180.025,8155.53223941,632.90499318,1,0,0.0,0.0,0.0
3601,180.075,8155.51428578,632.52581342,1,0,0.01113141,0.0,0.0
3602,180.125,8155.55648729,632.15493288,1,0,0.01447127,0.0,0.0
3603,180.175,8155.61740267,631.80346016,1,0,0.01623186,0.0,0.0
3604,180.225,8155.65970879,631.46360515,1,0,0.01283151,0.0,0.0
3605,180.275,8155.67945042,631.11083214,1,0,0.0,0.0,0.0
3606,180.325,8155.66839899,630.79508534,1,0,0.0,0.0,0.0
3607,180.375,8155.62395218,630.46173591,1,0,0.0,0.0,0.0
3608,180.425,8155.56158958,630.14474723,1,0,0.0,0.0,0.0
3609,180.475,8155.48436353,629.86272872,1,0,0.0,0.0,0.0
3610,180.525,8155.39752761,629.59571731,1,0,0.0,0.0,0.0
3611,180.575,8155.29709025,629.33217579,1,0,0.0,0.0,0.0
3612,180.625,8155.18970232,629.07665196,1,0,0.0,0.0,0.0
3613,180.675,8155.08077988,628.81102579,1,0,0.0,0.0,0.0
3614,180.725,8154.9676308,628.53838721,1,0,0.0,0.0,0.0
3615,180.775,8154.84043451,628.26684863,1,0,0.0,0.0,0.0
3616,180.825,8154.69248385,628.00394144,1,0,0.0,0.0,0.0
3617,180.875,8154.53584344,627.75840138,1,0,0.0,0.0,0.0
3618,180.925,8154.37468486,627.51633882,1,0,0.0,0.0,0.0
3619,180.975,8154.21556389,627.31509007,1,0,0.0,0.0,0.0
3620,181.025,8154.07642887,627.0495574,1,0,0.01270127,0.0,0.0
3621,181.075,8153.93318468,626.66297268,1,0,0.01193801,0.0,0.0
3622,181.125,8153.75933122,626.29958106,1,0,0.0,0.0,0.0
3623,181.175,8153.56149961,625.94822925,1,0,0.0,0.0,0.0
3624,181.225,8153.35029941,625.60188343,1,0,0.0,0.0,0.0
3625,181.275,8153.13611674,625.31478035,1,0,0.0,0.0,0.0
3626,181.325,8152.93742232,625.09715307,1,0,0.0,0.0,0.0
3627,181.375,8152.73588106,624.8901275,1,0,0.0,0.0,0.0
3628,181.425,8152.53019707,624.68355885,1,0,0.0,0.0,0.0
3629,181.475,8152.320592,624.46710222,1,0,0.0,0.0,0.0
3630,181.525,8152.11053334,624.24614579,1,0,0.0,0.0,0.0
3631,181.575,8151.91731205,624.04195805,1,0,0.0,0.0,0.0
3632,181.625,8151.70940957,623.88575864,1,0,0.0,0.0,0.0
3633,181.675,8151.45531928,623.76109715,1,0,0.0,0.0,0.0
3634,181.725,8151.18696838,623.64507297,1,0,0.0,0.0,0.0
3635,181.775,8150.91250981,623.53273339,1,0,0.0,0.0,0.0
3636,181.825,8150.63051538,623.42570503,1,0,0.0,0.0,0.0
3637,181.875,8150.33705867,623.32482992,1,0,0.0,0.0,0.0
3638,181.925,8150.02726178,623.23454356,1,0,0.0,0.0,0.0
3639,181.975,8149.70033616,623.17784716,1,0,0.0,0.0,0.0
3640,182.025,8149.35557865,623.14459239,1,0,0.0,0.0,0.0
3641,182.075,8149.0228376,623.13077639,1,0,0.0,0.0,0.0
3642,182.125,8148.69079463,623.09597474,1,0,0.0,0.0,0.0
3643,182.175,8148.35105872,623.05616525,1,0,0.0,0.0,0.0
3644,182.225,8148.01493881,623.09302602,1,0,0.0,0.0,0.0
3645,182.275,8147.68735807,623.18711086,1,0,0.0,0.0,0.0
3646,182.325,8147.36709253,623.2829079,1,0,0.0,0.0,0.0
3647,182.375,8147.04699731,623.36109198,1,0,0.0,0.0,0.0
3648,182.425,8146.72482993,623.44284333,1,0,0.0,0.0,0.0
3649,182.475,8146.39353574,623.53080233,1,0,0.0,0.0,0.0
3650,182.525,8146.04477708,623.63521572,1,0,0.0,0.0,0.0
3651,182.575,8145.67380452,623.77963356,1,0,0.0,0.0,0.0
3652,182.625,8145.29276436,623.93062861,1,0,0.0,0.0,0.0
3653,182.675,8144.90714129,624.07372907,1,0,0.0,0.0,0.0
3654,182.725,8144.51390132,624.22233633,1,0,0.0,0.0,0.0
3655,182.775,8144.11825611,624.37232344,1,0,0.0,0.0,0.0
3656,182.825,8143.72133872,624.52273047,1,0,0.0,0.0,0.0
3657,182.875,8143.3166107,624.68377571,1,0,0.0,0.0,0.0
3658,182.925,8142.89347756,624.87419605,1,0,0.0,0.0,0.0
3659,182.975,8142.45988186,625.11114978,1,0,0.0,0.0,0.0
3660,183.025,8142.01158425,625.3707569,1,0,0.0,0.0,0.0
3661,183.075,8141.55162016,625.64393571,1,0,0.0,0.0,0.0
3662,183.125,8141.07808158,625.92333974,1,0,0.0,0.0,0.0
3663,183.175,8140.58941574,626.20614902,1,0,0.0,0.0,0.0
3664,183.225,8140.07747116,626.50157165,1,0,0.0,0.0,0.0
3665,183.275,8139.53937311,626.80405121,1,0,0.0,0.0,0.0
3666,183.325,8138.98745659,627.12200151,1,0,0.0,0.0,0.0
3667,183.375,8138.43196617,627.4486858,1,0,0.0,0.0,0.0
3668,183.425,8137.87396041,627.77661683,1,0,0.0,0.0,0.0
3669,183.475,8137.31465737,628.10457982,1,0,0.0,0.0,0.0
3670,183.525,8136.75574871,628.42362647,1,0,0.0,0.0,0.0
3671,183.575,8136.19685079,628.75664704,1,0,0.0,0.0,0.0
3672,183.625,8135.63178054,629.10636274,1,0,0.0,0.0,0.0
3673,183.675,8135.06122665,629.45941153,1,0,0.0,0.0,0.0
3674,183.725,8134.47379153,629.82319985,1,0,0.0,0.0,0.0
3675,183.775,8133.86533738,630.1918705,1,0,0.0,0.0,0.0
3676,183.825,8133.24865898,630.56670525,1,0,0.0,0.0,0.0
3677,183.875,8132.62553067,630.96626289,1,0,0.0,0.0,0.0
3678,183.925,8131.98542929,631.38633553,1,0,0.0,0.0,0.0
3679,183.975,8131.32485355,631.8258837,1,0,0.0,0.0,0.0
3680,184.025,8130.63222473,632.28621744,1,0,0.0,0.0,0.0
3681,184.075,8129.9090605,632.74974951,1,0,0.0,0.0,0.0
3682,184.125,8129.16281794,633.21915556,1,0,0.0,0.0,0.0
3683,184.175,8128.40217099,633.69784332,1,0,0.0,0.0,0.0
3684,184.225,8127.63415553,634.19310664,1,0,0.0,0.0,0.0
3685,184.275,8126.86576271,634.69313388,1,0,0.0,0.0,0.0
3686,184.325,8126.09749962,635.19066649,1,0,0.0,0.0,0.0
3687,184.375,8125.33259595,635.68445495,1,0,0.0,0.0,0.0
3688,184.425,8124.57214707,636.17486008,1,0,0.0,0.0,0.0
3689,184.475,8123.82337111,636.66734646,1,0,0.0,0.0,0.0
3690,184.525,8123.08402927,637.16744224,1,0,0.0,0.0,0.0
3691,184.575,8122.34776381,637.67723671,1,0,0.0,0.0,0.0
3692,184.625,8121.60481972,638.20518025,1,0,0.0,0.0,0.0
3693,184.675,8120.86837788,638.74588822,1,0,0.0,0.0,0.0
3694,184.725,8120.14446504,639.30798224,1,0,0.0,0.0,0.0
3695,184.775,8119.41244367,639.89187716,1,0,0.0,0.0,0.0
3696,184.825,8118.66705358,640.49080561,1,0,0.0,0.0,0.0
3697,184.875,8117.91048857,641.09933734,1,0,0.0,0.0,0.0
3698,184.925,8117.14228705,641.85285893,1,0,0.0,0.0,0.0
3699,184.975,8116.37771923,642.63004906,1,0,0.0,0.0,0.0
3700,185.025,8115.58636936,643.41814253,1,0,0.0,0.0,0.0
3701,185.075,8114.7822044,644.21867162,1,0,0.0,0.0,0.0
3702,185.125,8113.96946054,645.03535633,1,0,0.0,0.0,0.0
3703,185.175,8113.16164609,645.86433855,1,0,0.0,0.0,0.0
3704,185.225,8112.37239772,646.69892433,1,0,0.0,0.0,0.0
3705,185.275,8111.59255887,647.53612356,1,0,0.0,0.0,0.0
3706,185.325,8110.8192274,648.3766844,1,0,0.0,0.0,0.0
3707,185.375,8110.06964168,649.25055628,1,0,0.0,0.0,0.0
3708,185.425,8109.31630143,650.13661067,1,0,0.0,0.0,0.0
3709,185.475,8108.55485899,651.03798345,1,0,0.0,0.0,0.0
3710,185.525,8107.77470727,651.96328935,1,0,0.0,0.0,0.0
3711,185.575,8106.97037686,652.92392145,1,0,0.0,0.0,0.0
3712,185.625,8106.14231896,653.90026357,1,0,0.0,0.0,0.0
3713,185.675,8105.28567391,654.88395049,1,0,0.0,0.0,0.0
3714,185.725,8104.40335399,655.87449803,1,0,0.0,0.0,0.0
3715,185.775,8103.4918358,656.87481287,1,0,0.0,0.0,0.0
3716,185.825,8102.55921101,657.86840622,1,0,0.0,0.0,0.0
3717,185.875,8101.60474936,658.86338465,1,0,0.0,0.0,0.0
3718,185.925,8100.6174915,659.84713855,1,0,0.0,0.0,0.0
3719,185.975,8099.60124741,660.82960098,1,0,0.0,0.0,0.0
3720,186.025,8098.56460092,661.88630619,1,0,0.0,0.0,0.0
3721,186.075,8097.50170066,662.96100752,1,0,0.0,0.0,0.0
3722,186.125,8096.4034925,664.0342819,1,0,0.0,0.0,0.0
3723,186.175,8095.27981264,665.17840298,1,0,0.0,0.0,0.0
3724,186.225,8094.1240309,666.34254635,1,0,0.0,0.0,0.0
3725,186.275,8092.94542123,667.52930126,1,0,0.0,0.0,0.0
3726,186.325,8091.76403939,668.7396235,1,0,0.0,0.0,0.0
3727,186.375,8090.54621806,669.93786875,1,0,0.0,0.0,0.0
3728,186.425,8089.30103109,671.14188443,1,0,0.0,0.0,0.0
3729,186.475,8088.00771779,672.35556674,1,0,0.0,0.0,0.0
3730,186.525,8086.6694041,673.58902516,1,0,0.0,0.0,0.0
3731,186.575,8085.30467015,674.84251975,1,0,0.0,0.0,0.0
3732,186.625,8083.92358867,676.09783391,1,0,0.0,0.0,0.0
3733,186.675,8082.46323827,677.24306532,1,0,0.0,0.0,0.0
3734,186.725,8080.93275872,678.35961881,1,0,0.0,0.0,0.0
3735,186.775,8079.41937511,679.49874604,1,0,0.0,0.0,0.0
3736,186.825,8077.89565089,680.6585114,1,0,0.0,0.0,0.0
3737,186.875,8076.34608073,681.84512411,1,0,0.0,0.0,0.0
3738,186.925,8074.76068186,683.02101846,1,0,0.0,0.0,0.0
3739,186.975,8073.16012482,684.20521324,1,0,0.0,0.0,0.0
3740,187.025,8071.53900848,685.39296965,1,0,0.0,0.0,0.0
3741,187.075,8069.892028,686.58828143,1,0,0.0,0.0,0.0
3742,187.125,8068.22465932,687.81879544,1,0,0.0,0.0,0.0
3743,187.175,8066.52013027,689.13248058,1,0,0.0,0.0,0.0
3744,187.225,8064.77705053,690.46913461,1,0,0.0,0.0,0.0
3745,187.275,8062.99571021,691.80531726,1,0,0.0,0.0,0.0
3746,187.325,8061.17557449,693.12644701,1,0,0.0,0.0,0.0
3747,187.375,8059.31058841,694.47201547,1,0,0.0,0.0,0.0
3748,187.425,8057.40941142,695.99418239,1,0,0.0,0.0,0.0
3749,187.475,8055.46349344,697.53621919,1,0,0.0,0.0,0.0
3750,187.525,8053.43622225,701.41709941,1,0,0.0,0.0,0.0
3751,187.575,8051.23362387,709.2289613,1,0,0.0,0.0,0.0
3752,187.625,8048.91559932,713.089385,1,0,0.0,0.0,0.0
3753,187.675,8046.52457534,716.80103336,2,0,0.0,0.0,0.0
3754,187.725,8044.06951017,718.74927216,2,0,0.0,0.0,0.0
3755,187.775,8041.55125473,720.70753386,2,0,0.0,0.0,0.0
3756,187.825,8038.97200519,722.66356011,2,0,0.0,0.0,0.0
3757,187.875,8036.34294267,724.62632255,2,0,0.0,0.0,0.0
3758,187.925,8033.59357263,726.58209617,2,0,0.0,0.0,0.0
3759,187.975,8030.78776384,728.57025721,2,0,0.0,0.0,0.0
3760,188.025,8027.91379401,730.52417588,2,0,0.0,0.0,0.0
3761,188.075,8024.99932473,732.4734857,2,0,0.0,0.0,0.0
3762,188.125,8021.99294332,734.38724595,2,0,0.0,0.0,0.0
3763,188.175,8018.96965811,736.33155719,2,0,0.0,0.0,0.0
3764,188.225,8015.92138647,738.28123975,2,0,0.0,0.0,0.0
3765,188.275,8012.84854149,740.35268698,2,0,0.0,0.0,0.0
3766,188.325,8009.74939899,742.51422822,2,0,0.0,0.0,0.0
3767,188.375,8006.61456995,744.67762495,2,0,0.0,0.0,0.0
3768,188.425,8003.44590067,747.29737184,2,0,0.0,0.0,0.0
3769,188.475,8000.21720819,753.75940971,2,0,0.0,0.0,0.0
3770,188.525,7996.90832742,760.23681816,2,0,0.0,0.0,0.0
3771,188.575,7993.51688068,765.58688573,2,0,0.0,0.0,0.0
3772,188.625,7990.0771066,768.51979938,2,0,0.0,0.0,0.0
3773,188.675,7986.58148587,771.42258546,2,0,0.0,0.0,0.0
3774,188.725,7983.02927745,773.90532334,2,0,0.0,0.0,0.0
3775,188.775,7979.4279085,776.39178184,2,0,0.0,0.0,0.0
3776,188.825,7975.79050119,778.87659457,2,0,0.0,0.0,0.0
3777,188.875,7972.11969673,781.37073328,2,0,0.0,0.0,0.0
3778,188.925,7968.39793882,784.1807402,2,0,0.0,0.0,0.0
3779,188.975,7964.61572406,786.97359289,2,0,0.0,0.0,0.0
3780,189.025,7960.78256763,789.76408188,2,0,0.0,0.0,0.0
3781,189.075,7956.90441266,792.56406699,2,0,0.0,0.0,0.0
3782,189.125,7952.98339862,795.36612786,2,0,0.0,0.0,0.0
3783,189.175,7949.01997372,798.33603367,2,0,0.0,0.0,0.0
3784,189.225,7944.99911517,801.39679225,2,0,0.0,0.0,0.0
3785,189.275,7940.88245799,804.52079451,2,0,0.0,0.0,0.0
3786,189.325,7936.55703512,807.76893695,2,0,0.0,0.0,0.0
3787,189.375,7932.11810565,811.04264636,2,0,0.0,0.0,0.0
3788,189.425,7927.56776107,814.79687761,2,0,0.0,0.0,0.0
3789,189.475,7922.85537017,818.8273204,2,0,0.0,0.0,0.0
3790,189.525,7917.96740264,822.62345692,2,0,0.0,0.0,0.0
3791,189.575,7912.94437691,825.99805307,2,0,0.0,0.0,0.0
3792,189.625,7907.75231284,829.29930267,2,0,0.0,0.0,0.0
3793,189.675,7902.42528987,832.64148399,2,0,0.0,0.0,0.0
3794,189.725,7896.90185298,836.32076817,2,0,0.0,0.0,0.0
3795,189.775,7891.15344262,840.49261251,2,0,0.0,0.0,0.0
3796,189.825,7885.22333216,844.67878358,2,0,0.0,0.0,0.0
3797,189.875,7879.1261015,848.84535995,2,0,0.0,0.0,0.0
3798,189.925,7872.88010139,852.92589927,2,0,0.0,0.0,0.0
3799,189.975,7866.51499436,856.13101041,2,0,0.0,0.0,0.0
3800,190.025,7860.0222158,868.86046322,2,0,0.0,0.0,0.0
3801,190.075,7853.22608398,872.57392747,2,0,0.0,0.0,0.0
3802,190.125,7846.32434836,876.36803228,2,0,0.0,0.0,0.0
3803,190.175,7839.32096336,880.23579704,2,0,0.0,0.0,0.0
3804,190.225,7832.15479051,884.11430932,2,0,0.0,0.0,0.0
3805,190.275,7824.82317517,887.80809986,2,0,0.0,0.0,0.0
3806,190.325,7817.38134527,891.63292479,2,0,0.0,0.0,0.0
3807,190.375,7809.88170099,895.49166634,2,0,0.0,0.0,0.0
3808,190.425,7802.30963825,899.51939834,2,0,0.0,0.0,0.0
3809,190.475,7794.59236735,903.69036226,2,0,0.0,0.0,0.0
3810,190.525,7786.73624086,907.89761575,2,0,0.0,0.0,0.0
3811,190.575,7778.78948606,915.28435936,2,0,0.0,0.0,0.0
3812,190.625,7770.60628568,919.92286028,2,0,0.0,0.0,0.0
3813,190.675,7762.34426577,924.57369469,2,0,0.0,0.0,0.0
3814,190.725,7754.06447013,929.30646561,2,0,0.0,0.0,0.0
3815,190.775,7745.61928654,934.02500051,2,0,0.0,0.0,0.0
3816,190.825,7737.04545993,938.26755052,2,0,0.0,0.0,0.0
3817,190.875,7728.38807617,942.33833664,2,0,0.0,0.0,0.0
3818,190.925,7719.65819493,946.35497324,2,0,0.0,0.0,0.0
3819,190.975,7710.85923982,950.65940403,2,0,0.0,0.0,0.0
3820,191.025,7702.00640447,955.5492566,2,0,0.0,0.0,0.0
3821,191.075,7693.02827527,960.90715221,2,0,0.0,0.0,0.0
3822,191.125,7683.84679388,966.52506338,2,0,0.0,0.0,0.0
3823,191.175,7674.49872488,972.88330975,2,0,0.0,0.0,0.0
3824,191.225,7665.02884062,979.46889525,2,0,0.0,0.0,0.0
3825,191.275,7655.39469082,986.42014544,2,0,0.0,0.0,0.0
3826,191.325,7645.53641834,993.4595502,2,0,0.0,0.25,2.0
3827,191.375,7635.47864617,1000.4452906,2,0,0.0,0.5,3.0
3828,191.425,7625.18216142,1007.36997722,2,0,0.0,0.5,3.0
3829,191.475,7614.64732176,1014.83224243,2,0,0.0,0.5,3.0
3830,191.525,7603.75725145,1022.7998187,2,0,0.0,0.5,3.0
3831,191.575,7592.5335718,1030.47265545,2,0,0.0,0.5,3.0
3832,191.625,7581.05917569,1038.18875701,2,0,0.01053826,0.5,3.0
3833,191.675,7569.17433893,1048.99615268,2,0,0.01170154,0.5,3.0
3834,191.725,7556.9054035,1056.54765979,2,0,0.01286481,0.5,3.0
3835,191.775,7544.38564211,1063.79017764,2,0,0.01402809,0.5,3.0
3836,191.825,7531.62888051,1069.60495085,2,0,0.01519137,0.5,3.0
3837,191.875,7518.68584945,1075.23219476,2,0,0.01500737,0.5,3.0
3838,191.925,7505.49416879,1083.78407298,2,0,0.01131426,0.5,3.0
3839,191.975,7491.89974606,1096.27737875,2,0,0.0,0.5,3.0
3840,192.025,7477.79828434,1113.42029452,2,0,0.0,0.5,3.0
3841,192.075,7463.13104229,1127.8884766,2,0,0.0,0.5,3.0
3842,192.125,7448.073932,1137.60767489,2,0,0.0,0.5,3.0
3843,192.175,7432.65869242,1146.24133893,2,0,0.0,0.5,3.0
3844,192.225,7416.93007969,1154.80917388,2,0,0.01840991,0.5,3.0
3845,192.275,7400.84213921,1163.10594577,2,0,0.03657517,0.5,3.0
3846,192.325,7384.20097321,1171.7617263,2,0,0.03625699,0.25,2.0
3847,192.375,7367.16305008,1178.24201265,2,0,0.03539136,0.25,2.0
3848,192.425,7349.87189338,1184.86496891,2,0,0.03452573,0.25,2.0
3849,192.475,7332.38435974,1191.56187368,2,1,0.0336601,0.25,2.0
3850,192.525,7314.70613433,1199.16961218,2,1,0.03279447,0.0,0.0
3851,192.575,7296.77349677,1206.99756916,2,1,0.03153045,0.0,0.0
3852,192.625,7278.50018316,1214.63356239,2,1,0.0128235,0.0,0.0
3853,192.675,7259.79468705,1225.53756984,1,0,0.01078686,0.0,0.0
3854,192.725,7240.51791219,1241.68118704,1,0,0.0,0.0,0.0
3855,192.775,7220.76557983,1253.27064174,1,0,0.0,0.0,0.0
3856,192.825,7200.66969042,1259.86170675,1,0,0.0,0.0,0.0
3857,192.875,7180.0300752,1266.33496473,1,0,0.0,0.0,0.0
3858,192.925,7159.16302343,1272.21048735,1,0,0.0,0.0,0.0
3859,192.975,7138.07417444,1277.07398563,1,0,0.0,0.0,0.0
3860,193.025,7116.65877911,1282.46430429,1,0,0.0,0.0,0.0
3861,193.075,7094.79305303,1289.87971941,1,0,0.0,0.0,0.0
3862,193.125,7072.35280395,1299.19183849,1,0,0.0,0.0,0.0
3863,193.175,7049.47425614,1308.18232965,1,0,0.0,0.0,0.0
3864,193.225,7026.10167387,1316.66789989,1,0,0.0,0.0,0.0
3865,193.275,7002.23005233,1323.57789347,1,0,0.0,0.0,0.0
3866,193.325,6977.92596063,1329.61363777,1,0,0.0,0.0,0.0
3867,193.375,6953.14525499,1334.93035576,1,0,0.0,0.0,0.0
3868,193.425,6928.08073077,1333.953221,1,0,0.0,0.0,0.0
3869,193.475,6902.72541465,1331.64277284,1,0,0.0,0.0,0.0
3870,193.525,6877.23221003,1328.65547986,1,0,0.0,0.0,0.0
3871,193.575,6851.31351153,1329.01080132,1,0,0.0,0.0,0.0
3872,193.625,6824.76013945,1328.88304932,1,0,0.0,0.0,0.0
3873,193.675,6797.74524584,1328.48548817,1,0,0.0,0.0,0.0
3874,193.725,6767.69891669,1327.36184343,1,0,0.0,0.0,0.0
3875,193.775,6734.23325603,1325.88593551,1,0,0.0,0.0,0.0
3876,193.825,6705.4843579,1324.54961143,1,0,0.0,0.0,0.0
3877,193.875,6676.69464059,1323.31166876,1,0,0.0,0.0,0.0
3878,193.925,6647.69453503,1322.1804337,1,0,0.0,0.0,0.0
3879,193.975,6618.57200395,1320.90537931,1,0,0.0,0.0,0.0
3880,194.025,6589.27703512,1319.3326794,1,0,0.0,0.0,0.0
3881,194.075,6559.69480985,1317.55812301,1,0,0.0,0.0,0.0
3882,194.125,6529.89984219,1315.59297063,1,0,0.0,0.0,0.0
3883,194.175,6499.97812008,1313.64946816,1,0,0.0,0.0,0.0
3884,194.225,6470.03377515,1312.21518094,1,0,0.0,0.0,0.0
3885,194.275,6440.11523846,1310.0951763,1,0,0.0,0.0,0.0
3886,194.325,6409.93590921,1307.50585001,1,0,0.0,0.0,0.0
3887,194.375,6379.71659386,1304.97256183,1,0,0.0,0.0,0.0
3888,194.425,6349.53438475,1302.48206413,1,0,0.0,0.0,0.0
3889,194.475,6319.3513768,1300.38263701,1,0,0.0,0.0,0.0
3890,194.525,6289.31089354,1299.09617464,1,0,0.0,0.0,0.0
3891,194.575,6258.64028337,1297.37559487,1,0,0.0,0.0,0.0
3892,194.625,6227.21334554,1294.63597796,1,0,0.0,0.0,0.0
3893,194.675,6195.65534612,1291.68786605,1,0,0.0,0.0,0.0
3894,194.725,6163.72458146,1288.43992552,1,0,0.0,0.0,0.0
3895,194.775,6131.65527599,1285.20645356,1,0,0.0,0.0,0.0
3896,194.825,6097.52049871,1281.42544169,1,0,0.0,0.0,0.0
3897,194.875,6059.6790941,1273.12719464,2,0,0.0,0.0,0.0
3898,194.925,6020.5063326,1263.63642429,1,0,0.0,0.0,0.0
3899,194.975,5975.95859909,1254.01376307,2,0,0.0,0.0,0.0
3900,195.025,5924.90884744,1233.08642469,4,0,0.0,0.0,0.0
3901,195.075,5884.82353233,1219.05724884,3,0,0.0,0.0,0.0
3902,195.125,5845.03961257,1205.2439177,4,0,0.0,0.0,0.0
3903,195.175,5805.81880751,1191.52625714,3,0,0.0,0.0,0.0
3904,195.225,5767.86862602,1180.55300171,3,1,0.0,0.0,0.0
3905,195.275,5729.98294652,1168.94531844,2,1,0.0,0.0,0.0
3906,195.325,5692.85551936,1158.3372116,3,0,0.0,0.0,0.0
3907,195.375,5655.89533281,1145.86613234,3,1,0.0,0.0,0.0
3908,195.425,5620.68246979,1134.14183165,2,0,0.0,0.0,0.0
3909,195.475,5585.59916491,1122.79392789,2,1,0.0,0.0,0.0
3910,195.525,5550.72979352,1111.8955923,1,0,0.0,0.0,0.0
3911,195.575,5514.55495354,1099.15547692,1,0,0.0,0.0,0.0
3912,195.625,5476.01430501,1083.10130797,1,0,0.0,0.0,0.0
3913,195.675,5436.6802565,1063.53762384,1,0,0.0,0.0,0.0
3914,195.725,5391.04957901,1036.3866889,1,0,0.0,0.0,0.0
3915,195.775,5272.98968901,901.69994868,1,0,0.0,0.0,0.0
3916,195.825,5235.71783136,879.04952993,1,0,0.0,0.0,0.0
3917,195.875,5203.23426625,861.39457463,1,0,0.0,0.0,0.0
3918,195.925,5173.11725331,845.97740185,1,0,0.0,0.0,0.0
3919,195.975,5146.41740752,834.19195172,1,0,0.0,0.0,0.0
3920,196.025,5120.30249806,823.20578257,1,0,0.0,0.0,0.0
3921,196.075,5097.01261439,814.48324173,1,0,0.0,0.0,0.0
3922,196.125,5076.91294035,806.73689195,1,0,0.0,0.0,0.0
3923,196.175,5059.4977336,801.86971108,1,0,0.0,0.0,0.0
3924,196.225,5042.19457372,797.16883029,1,0,0.0,0.0,0.0
3925,196.275,5025.64859757,792.8503028,1,0,0.0,0.0,0.0
3926,196.325,5009.38714261,789.25433278,1,0,0.0,0.0,0.0
3927,196.375,4993.38340315,785.93647885,1,0,0.0,0.0,0.0
3928,196.425,4978.5929305,783.33352204,1,0,0.0,0.0,0.0
3929,196.475,4964.57969884,777.55071458,1,0,0.0,0.0,0.0
3930,196.525,4951.50335158,754.51321452,1,0,0.0,0.0,0.0
3931,196.575,4938.8255358,752.67497051,1,0,0.0,0.0,0.0
3932,196.625,4926.26287405,751.12136489,1,0,0.0,0.0,0.0
3933,196.675,4913.91673296,749.7087703,1,0,0.0,0.0,0.0
3934,196.725,4901.68674531,748.53725745,1,0,0.0,0.0,0.0
3935,196.775,4889.52749583,747.59563329,1,0,0.0,0.0,0.0
3936,196.825,4877.39187388,746.75055233,1,0,0.0,0.0,0.0
3937,196.875,4865.2531148,746.0380316,1,0,0.0,0.0,0.0
3938,196.925,4853.09174749,745.48105683,1,0,0.0,0.0,0.0
3939,196.975,4840.95074245,744.9977358,1,0,0.0,0.0,0.0
3940,197.025,4828.83337763,744.61805578,1,0,0.0,0.0,0.0
3941,197.075,4816.71176271,744.37751424,1,0,0.0,0.0,0.0
3942,197.125,4804.94381277,744.41186948,1,0,0.0,0.0,0.0
3943,197.175,4793.18689385,745.21417619,1,0,0.0,0.0,0.0
3944,197.225,4781.31625149,746.36406925,1,0,0.0,0.0,0.0
3945,197.275,4769.33746291,747.14209899,1,0,0.0,0.0,0.0
3946,197.325,4757.28711467,746.97266936,1,0,0.0,0.0,0.0
3947,197.375,4745.20956087,746.8566423,1,0,0.0,0.0,0.0
3948,197.425,4733.11626208,746.77036715,1,0,0.0,0.0,0.0
3949,197.475,4721.01077263,746.77389205,1,0,0.0,0.0,0.0
3950,197.525,4708.95429517,746.92729726,1,0,0.0,0.0,0.0
3951,197.575,4696.92837446,747.18647175,1,0,0.0,0.0,0.0
3952,197.625,4685.08759683,747.62434762,1,0,0.0,0.0,0.0
3953,197.675,4673.24968575,748.12214977,1,0,0.0,0.0,0.0
3954,197.725,4661.36906974,748.69388448,1,0,0.0,0.0,0.0
3955,197.775,4649.51029568,749.29929478,1,0,0.0,0.0,0.0
3956,197.825,4637.57827179,749.92770124,1,0,0.0,0.0,0.0
3957,197.875,4625.51435817,750.55351186,1,0,0.0,0.0,0.0
3958,197.925,4613.38158937,751.27864972,1,0,0.0,0.0,0.0
3959,197.975,4601.19111408,752.15443609,1,0,0.0,0.0,0.0
3960,198.025,4588.92316342,753.18529568,1,0,0.0,0.0,0.0
3961,198.075,4576.48861634,754.34566918,1,0,0.0,0.0,0.0
3962,198.125,4563.80981129,755.59189533,1,0,0.0,0.0,0.0
3963,198.175,4551.01140312,756.90279752,1,0,0.0,0.0,0.0
3964,198.225,4538.23378085,758.32509645,1,0,0.0,0.0,0.0
3965,198.275,4525.39174545,760.22575736,1,0,0.0,0.0,0.0
3966,198.325,4512.32777667,762.26808285,1,0,0.0,0.0,0.0
3967,198.375,4499.1263533,764.77021415,1,0,0.0,0.0,0.0
3968,198.425,4485.68152218,767.58506126,1,0,0.0,0.0,0.0
3969,198.475,4471.95637113,770.56246959,1,0,0.0,0.0,0.0
3970,198.525,4457.94773502,774.2934741,1,0,0.0,0.0,0.0
3971,198.575,4443.76376159,776.24184168,2,0,0.0,0.0,0.0
3972,198.625,4429.40832155,779.03124045,2,0,0.0,0.0,0.0
3973,198.675,4413.85705319,783.93779303,3,0,0.0,0.0,0.0
3974,198.725,4398.60014579,784.38891715,3,0,0.0,0.0,0.0
3975,198.775,4358.92801107,814.84089039,3,0,0.0,0.0,0.0
3976,198.825,4331.47050282,807.93754579,3,0,0.0,0.0,0.0
3977,198.875,4305.15365485,812.32596374,3,0,0.0,0.0,0.0
3978,198.925,4278.63481123,814.5273349,3,0,0.0,0.0,0.0
3979,198.975,4254.0879387,811.31469736,4,0,0.0,0.0,0.0
3980,199.025,4227.51947062,817.35191089,4,0,0.0,0.0,0.0
3981,199.075,4199.05334399,824.2597231,4,0,0.0,0.0,0.0
3982,199.125,4169.00672379,830.94524376,3,0,0.0,0.0,0.0
3983,199.175,4136.894336,838.1516199,3,0,0.0,0.0,0.0
3984,199.225,4097.97580214,856.3997534,4,0,0.0,0.0,0.0
3985,199.275,4055.15430031,864.87903541,4,0,0.0,0.0,0.0
3986,199.325,4007.99016417,872.13440657,5,0,0.0,0.0,0.0
3987,199.375,3959.33634881,871.99415385,6,0,0.0,0.0,0.0
3988,199.425,3906.22083804,875.83511918,6,0,0.0,0.0,0.0
3989,199.475,3841.50513143,881.80589831,5,0,0.0,0.0,0.0
3990,199.525,3545.30415047,848.98164777,6,0,0.0,0.0,0.0
3991,199.575,3498.19885163,840.7317625,5,0,0.0,0.0,0.0
3992,199.625,3466.1566466,836.88006712,5,0,0.0,0.0,0.0
3993,199.675,3436.23779185,834.48860594,6,0,0.0,0.0,0.0
3994,199.725,3406.95840535,832.80685893,6,0,0.0,0.0,0.0
3995,199.775,3377.8946392,833.12510691,7,0,0.0,0.0,0.0
3996,199.825,3349.17600392,829.13235795,7,0,0.0,0.0,0.0
3997,199.875,3321.2527997,825.23848212,7,0,0.0,0.0,0.0
3998,199.925,3293.98852871,820.16755614,6,0,0.0,0.0,0.0
3999,199.975,3267.32850547,817.60148663,6,1,0.0,0.0,0.0
4000,200.025,3229.43498527,823.32491078,6,0,0.0,0.0,0.0
4001,200.075,3187.08326606,818.14162561,7,0,0.0,0.0,0.0
4002,200.125,3159.53757278,800.65203052,6,0,0.0,0.0,0.0
4003,200.175,3134.65034534,796.10549908,6,0,0.0,0.0,0.0
4004,200.225,3110.06602359,792.07045991,6,0,0.0,0.0,0.0
4005,200.275,3086.64964524,783.96068947,7,0,0.0,0.0,0.0
4006,200.325,3063.74607616,778.87208367,7,0,0.0,0.0,0.0
4007,200.375,3041.67982867,772.34029097,6,0,0.0,0.0,0.0
4008,200.425,3019.86427656,769.39341239,6,0,0.0,0.0,0.0
4009,200.475,2998.13401,767.26393281,6,0,0.0,0.0,0.0
4010,200.525,2976.59258585,762.41457652,6,0,0.0,0.0,0.0
4011,200.575,2956.02192331,754.75896141,6,0,0.0,0.0,0.0
4012,200.625,2935.58446325,750.259197,6,0,0.0,0.0,0.0
4013,200.675,2915.39365755,743.83065413,5,1,0.0,0.0,0.0
4014,200.725,2893.97642389,738.70055327,5,0,0.0,0.0,0.0
4015,200.775,2873.15314757,734.23916594,5,0,0.0,0.0,0.0
4016,200.825,2852.98246951,729.77988835,5,1,0.0,0.0,0.0
4017,200.875,2833.30573437,725.55227075,4,0,0.0,0.0,0.0
4018,200.925,2813.78927464,722.12220853,4,0,0.0,0.0,0.0
4019,200.975,2794.58925485,715.6737442,3,0,0.0,0.0,0.0
4020,201.025,2776.77900289,726.50851494,3,0,0.0,0.0,0.0
4021,201.075,2758.30440975,724.92215436,3,0,0.0,0.0,0.0
4022,201.125,2738.46481339,726.10691469,5,0,0.0,0.0,0.0
4023,201.175,2716.85825887,720.91676415,6,0,0.0,0.0,0.0
4024,201.225,2694.93740404,715.48797573,6,0,0.0,0.0,0.0
4025,201.275,2672.91804684,709.16163496,6,1,0.0,0.0,0.0
4026,201.325,2651.00873564,702.96190926,4,0,0.0,0.0,0.0
4027,201.375,2628.96555672,698.20021375,5,0,0.0,0.0,0.0
4028,201.425,2608.0222474,696.51287597,4,0,0.0,0.0,0.0
4029,201.475,2586.85801579,695.1119794,4,0,0.0,0.0,0.0
4030,201.525,2565.57044037,687.3237042,6,1,0.0,0.0,0.0
4031,201.575,2544.23813865,683.77618676,4,0,0.0,0.0,0.0
4032,201.625,2522.49902589,682.08792171,5,0,0.0,0.0,0.0
4033,201.675,2500.66878766,676.83773968,5,0,0.0,0.0,0.0
4034,201.725,2478.54639443,674.96436144,4,0,0.0,0.0,0.0
4035,201.775,2430.52774844,636.00160881,4,0,0.0,0.0,0.0
4036,201.825,2408.42653583,634.61551569,4,0,0.0,0.0,0.0
4037,201.875,2385.53459311,632.98961216,4,0,0.0,0.0,0.0
4038,201.925,2361.78395452,631.86250914,4,0,0.0,0.0,0.0
4039,201.975,2337.75561703,627.06740652,4,0,0.0,0.0,0.0
4040,202.025,2313.85857615,623.89729914,4,0,0.0,0.0,0.0
4041,202.075,2289.08908414,619.8758262,5,0,0.0,0.0,0.0
4042,202.125,2264.18128619,616.25730331,5,0,0.0,0.0,0.0
4043,202.175,2239.10794881,613.43079063,5,0,0.0,0.0,0.0
4044,202.225,2214.62831424,608.3392527,7,0,0.0,0.0,0.0
4045,202.275,2190.11256543,602.19911187,7,0,0.0,0.0,0.0
4046,202.325,2163.57148409,597.5395572,7,0,0.0,0.0,0.0
4047,202.375,2136.57561653,588.85312259,7,0,0.0,0.0,0.0
4048,202.425,2109.30552852,580.67378501,7,1,0.0,0.0,0.0
4049,202.475,2078.55393222,573.58952641,6,0,0.0,0.0,0.0
4050,202.525,2022.19500081,511.96866194,5,0,0.0,0.0,0.0
4051,202.575,2000.01558981,502.7835651,5,0,0.0,0.0,0.0
4052,202.625,1981.93919232,497.78826851,5,0,0.0,0.0,0.0
4053,202.675,1963.92717482,494.04419739,5,0,0.0,0.0,0.0
4054,202.725,1946.20831171,489.51070553,5,0,0.0,0.0,0.0
4055,202.775,1928.72219183,485.10247815,5,0,0.0,0.0,0.0
4056,202.825,1911.51207156,480.75096986,5,0,0.0,0.0,0.0
4057,202.875,1894.57833011,476.57102314,5,0,0.0,0.0,0.0
4058,202.925,1877.7125567,472.48747591,5,0,0.0,0.0,0.0
4059,202.975,1860.58371736,468.40787305,5,0,0.0,0.0,0.0
4060,203.025,1843.03774665,464.21380255,5,0,0.0,0.0,0.0
4061,203.075,1825.40159816,459.95080284,5,0,0.0,0.0,0.0
4062,203.125,1807.43703936,455.43820146,5,0,0.0,0.0,0.0
4063,203.175,1788.93095175,450.75473062,5,0,0.0,0.0,0.0
4064,203.225,1769.95799903,446.13869187,5,0,0.0,0.0,0.0
4065,203.275,1724.41835473,403.98045475,4,0,0.0,0.0,0.0
4066,203.325,1704.55853277,399.59112077,4,0,0.0,0.0,0.0
4067,203.375,1684.76263577,395.31411088,4,0,0.0,0.0,0.0
4068,203.425,1665.16420392,391.12191858,4,0,0.0,0.0,0.0
4069,203.475,1645.77250072,387.05314906,4,0,0.0,0.0,0.0
4070,203.525,1626.14546621,383.16006052,4,0,0.0,0.0,0.0
4071,203.575,1606.03019901,379.39813423,4,0,0.0,0.0,0.0
4072,203.625,1585.91398925,376.11507919,4,0,0.0,0.0,0.0
4073,203.675,1565.68523581,372.93493582,4,0,0.0,0.0,0.0
4074,203.725,1545.0833241,369.7129357,4,0,0.0,0.0,0.0
4075,203.775,1524.32096048,366.6384046,4,0,0.0,0.0,0.0
4076,203.825,1503.3745486,363.73087583,4,0,0.0,0.0,0.0
4077,203.875,1482.884853,357.72938029,4,0,0.0,0.0,0.0
4078,203.925,1462.95001794,354.3400655,4,0,0.0,0.0,0.0
4079,203.975,1442.7093741,350.45124619,4,0,0.0,0.0,0.0
4080,204.025,1421.47664287,333.82852554,4,0,0.0,0.0,0.0
4081,204.075,1400.99942559,329.28923997,4,0,0.0,0.0,0.0
4082,204.125,1380.75442782,324.75719264,4,0,0.0,0.0,0.0
4083,204.175,1360.87927886,320.36583192,4,0,0.0,0.0,0.0
4084,204.225,1341.48657067,316.17061279,4,0,0.0,0.0,0.0
4085,204.275,1322.46211388,312.27387703,4,0,0.0,0.0,0.0
4086,204.325,1303.54878427,308.45346017,4,0,0.0,0.0,0.0
4087,204.375,1284.73542812,304.75991238,4,0,0.0,0.0,0.0
4088,204.425,1266.14976416,301.12055968,4,0,0.0,0.0,0.0
4089,204.475,1247.7887043,297.58041982,4,0,0.0,0.0,0.0
4090,204.525,1229.4107089,294.07318835,4,0,0.0,0.0,0.0
4091,204.575,1211.54251217,287.31559694,4,0,0.0,0.0,0.0
4092,204.625,1193.95063866,283.06931959,4,0,0.0,0.0,0.0
4093,204.675,1175.43576454,279.39900596,4,0,0.0,0.0,0.0
4094,204.725,1151.83334653,272.3981035,4,0,0.0,0.0,0.0
4095,204.775,1140.0866537,241.79100983,2,0,0.0,0.0,0.0
4096,204.825,1132.72116997,240.78843578,2,0,0.0,0.0,0.0
4097,204.875,1125.25322423,240.05300373,2,0,0.0,0.0,0.0
4098,204.925,1117.63588852,239.42076412,2,0,0.0,0.0,0.0
4099,204.975,1109.83793319,238.81865983,2,0,0.0,0.0,0.0
4100,205.025,1101.83186968,237.97401429,2,0,0.0,0.0,0.0
4101,205.075,1093.48010159,237.53213224,2,0,0.0,0.0,0.0
4102,205.125,1084.25447748,236.96966903,2,0,0.0,0.0,0.0
4103,205.175,1073.90738176,236.41913226,2,0,0.0,0.0,0.0
4104,205.225,1061.30824252,228.84150192,3,0,0.0,0.0,0.0
4105,205.275,1047.87516714,216.9204262,3,0,0.0,0.0,0.0
4106,205.325,1032.70593394,214.80996666,3,0,0.0,0.0,0.0
4107,205.375,1015.92586326,210.84536911,3,0,0.0,0.0,0.0
4108,205.425,996.19012066,207.65474683,3,0,0.0,0.0,0.0
4109,205.475,961.46731221,201.72975297,3,0,0.0,0.0,0.0
4110,205.50016474,0.28115876,3.9548695,1,0,0.0,0.0,0.0
