ISO-10303-21;
HEADER;
FILE_DESCRIPTION(('Open CASCADE Model'),'2;1');
FILE_NAME('Open CASCADE Shape Model','2026-09-25T12:46:32',('Author'),(
    'Open CASCADE'),'Open CASCADE STEP processor 7.9','build123d',
  'Unknown');
FILE_SCHEMA(('AUTOMOTIVE_DESIGN { 1 0 10303 214 1 1 1 1 }'));
ENDSEC;
DATA;
#1 = APPLICATION_PROTOCOL_DEFINITION('international standard',
  'automotive_design',2000,#2);
#2 = APPLICATION_CONTEXT(
  'core data for automotive mechanical design processes');
#3 = SHAPE_DEFINITION_REPRESENTATION(#4,#10);
#4 = PRODUCT_DEFINITION_SHAPE('','',#5);
#5 = PRODUCT_DEFINITION('design','',#6,#9);
#6 = PRODUCT_DEFINITION_FORMATION('','',#7);
#7 = PRODUCT('COMPOUND','COMPOUND','',(#8));
#8 = PRODUCT_CONTEXT('',#2,'mechanical');
#9 = PRODUCT_DEFINITION_CONTEXT('part definition',#2,'design');
#10 = SHAPE_REPRESENTATION('',(#11,#15,#19),#23);
#11 = AXIS2_PLACEMENT_3D('',#12,#13,#14);
#12 = CARTESIAN_POINT('',(0.,0.,0.));
#13 = DIRECTION('',(0.,0.,1.));
#14 = DIRECTION('',(1.,0.,-0.));
#15 = AXIS2_PLACEMENT_3D('',#16,#17,#18);
#16 = CARTESIAN_POINT('',(0.,0.,9.79));
#17 = DIRECTION('',(0.,0.,1.));
#18 = DIRECTION('',(1.,0.,-0.));
#19 = AXIS2_PLACEMENT_3D('',#20,#21,#22);
#20 = CARTESIAN_POINT('',(-12.,0.,9.3750001));
#21 = DIRECTION('',(0.,0.,1.));
#22 = DIRECTION('',(1.,0.,-0.));
#23 = ( GEOMETRIC_REPRESENTATION_CONTEXT(3) 
GLOBAL_UNCERTAINTY_ASSIGNED_CONTEXT((#27)) GLOBAL_UNIT_ASSIGNED_CONTEXT(
(#24,#25,#26)) REPRESENTATION_CONTEXT('Context #1',
  '3D Context with UNIT and UNCERTAINTY') );
#24 = ( LENGTH_UNIT() NAMED_UNIT(*) SI_UNIT(.MILLI.,.METRE.) );
#25 = ( NAMED_UNIT(*) PLANE_ANGLE_UNIT() SI_UNIT($,.RADIAN.) );
#26 = ( NAMED_UNIT(*) SI_UNIT($,.STERADIAN.) SOLID_ANGLE_UNIT() );
#27 = UNCERTAINTY_MEASURE_WITH_UNIT(LENGTH_MEASURE(1.E-07),#24,
  'distance_accuracy_value','confusion accuracy');
#28 = PRODUCT_RELATED_PRODUCT_CATEGORY('part',$,(#7));
#29 = SHAPE_DEFINITION_REPRESENTATION(#30,#36);
#30 = PRODUCT_DEFINITION_SHAPE('','',#31);
#31 = PRODUCT_DEFINITION('design','',#32,#35);
#32 = PRODUCT_DEFINITION_FORMATION('','',#33);
#33 = PRODUCT('SOLID','SOLID','',(#34));
#34 = PRODUCT_CONTEXT('',#2,'mechanical');
#35 = PRODUCT_DEFINITION_CONTEXT('part definition',#2,'design');
#36 = ADVANCED_BREP_SHAPE_REPRESENTATION('',(#11,#37),#13131);
#37 = MANIFOLD_SOLID_BREP('',#38);
#38 = CLOSED_SHELL('',(#39,#386,#485,#676,#941,#1088,#1162,#1167,#1481,
    #1530,#5326,#5353,#5380,#5430,#5457,#5509,#5535,#5545,#5596,#5601,
    #5608,#5635,#5662,#5688,#5840,#5867,#5874,#5901,#5908,#5984,#6033,
    #6082,#6131,#6180,#6229,#6278,#6327,#6376,#6425,#6474,#6523,#6550,
    #6618,#6708,#6757,#6820,#6847,#6923,#6972,#7021,#7070,#7119,#7168,
    #7217,#7266,#7315,#7364,#7391,#7467,#7516,#7565,#7592,#7674,#7723,
    #7772,#7821,#7876,#7925,#7974,#8001,#8077,#8126,#8175,#8230,#8279,
    #8306,#8382,#8431,#8480,#8529,#8578,#8627,#8676,#8725,#8774,#8801,
    #8869,#8945,#8994,#9043,#9092,#9141,#9190,#9239,#9266,#9342,#9391,
    #9440,#9489,#9538,#9587,#9636,#9685,#9734,#9761,#9829,#9907,#9956,
    #10011,#10060,#10109,#10158,#10207,#10258,#10307,#10356,#10383,
    #10465,#10514,#10563,#10612,#10661,#10710,#10759,#10792,#10878,
    #10927,#10976,#11035,#11094,#11143,#11192,#11229,#11305,#11354,
    #11403,#11452,#11501,#11550,#11599,#11648,#11697,#11746,#11795,
    #11822,#11857,#11887,#11903,#11960,#11967,#11981,#11988,#11999,
    #12133,#12146,#12203,#12214,#12227,#12284,#12423,#12434,#12445,
    #12460,#12487,#12555,#12631,#12680,#12729,#12762,#12830,#12898,
    #12974,#13023,#13072,#13105,#13109,#13116,#13120,#13124));
#39 = ADVANCED_FACE('',(#40,#272),#54,.T.);
#40 = FACE_BOUND('',#41,.T.);
#41 = EDGE_LOOP('',(#42,#76,#105,#133,#162,#184,#218,#245));
#42 = ORIENTED_EDGE('',*,*,#43,.F.);
#43 = EDGE_CURVE('',#44,#46,#48,.T.);
#44 = VERTEX_POINT('',#45);
#45 = CARTESIAN_POINT('',(14.000000000001,-36.4005494464,-9.375));
#46 = VERTEX_POINT('',#47);
#47 = CARTESIAN_POINT('',(14.,-36.4005494464,-4.180856388467));
#48 = SURFACE_CURVE('',#49,(#53,#64),.PCURVE_S1.);
#49 = LINE('',#50,#51);
#50 = CARTESIAN_POINT('',(14.,-36.4005494464,-9.375));
#51 = VECTOR('',#52,1.);
#52 = DIRECTION('',(0.,0.,1.));
#53 = PCURVE('',#54,#59);
#54 = CYLINDRICAL_SURFACE('',#55,39.);
#55 = AXIS2_PLACEMENT_3D('',#56,#57,#58);
#56 = CARTESIAN_POINT('',(0.,0.,-9.375));
#57 = DIRECTION('',(0.,0.,1.));
#58 = DIRECTION('',(1.,0.,0.));
#59 = DEFINITIONAL_REPRESENTATION('',(#60),#63);
#60 = B_SPLINE_CURVE_WITH_KNOTS('',1,(#61,#62),.UNSPECIFIED.,.F.,.F.,(2,
    2),(-2.399999999625E-06,18.7500024),.PIECEWISE_BEZIER_KNOTS.);
#61 = CARTESIAN_POINT('',(5.079557756773,-2.399999999625E-06));
#62 = CARTESIAN_POINT('',(5.079557756773,18.7500024));
#63 = ( GEOMETRIC_REPRESENTATION_CONTEXT(2) 
PARAMETRIC_REPRESENTATION_CONTEXT() REPRESENTATION_CONTEXT('2D SPACE',''
  ) );
#64 = PCURVE('',#65,#70);
#65 = PLANE('',#66);
#66 = AXIS2_PLACEMENT_3D('',#67,#68,#69);
#67 = CARTESIAN_POINT('',(14.,-42.,-9.375));
#68 = DIRECTION('',(1.,0.,0.));
#69 = DIRECTION('',(0.,0.,1.));
#70 = DEFINITIONAL_REPRESENTATION('',(#71),#75);
#71 = LINE('',#72,#73);
#72 = CARTESIAN_POINT('',(0.,-5.5994505536));
#73 = VECTOR('',#74,1.);
#74 = DIRECTION('',(1.,0.));
#75 = ( GEOMETRIC_REPRESENTATION_CONTEXT(2) 
PARAMETRIC_REPRESENTATION_CONTEXT() REPRESENTATION_CONTEXT('2D SPACE',''
  ) );
#76 = ORIENTED_EDGE('',*,*,#77,.T.);
#77 = EDGE_CURVE('',#44,#78,#80,.T.);
#78 = VERTEX_POINT('',#79);
#79 = CARTESIAN_POINT('',(39.,-9.552245033349E-15,-9.375));
#80 = SURFACE_CURVE('',#81,(#86,#93),.PCURVE_S1.);
#81 = CIRCLE('',#82,39.);
#82 = AXIS2_PLACEMENT_3D('',#83,#84,#85);
#83 = CARTESIAN_POINT('',(0.,0.,-9.375));
#84 = DIRECTION('',(0.,0.,1.));
#85 = DIRECTION('',(1.,0.,0.));
#86 = PCURVE('',#54,#87);
#87 = DEFINITIONAL_REPRESENTATION('',(#88),#92);
#88 = LINE('',#89,#90);
#89 = CARTESIAN_POINT('',(0.,0.));
#90 = VECTOR('',#91,1.);
#91 = DIRECTION('',(1.,0.));
#92 = ( GEOMETRIC_REPRESENTATION_CONTEXT(2) 
PARAMETRIC_REPRESENTATION_CONTEXT() REPRESENTATION_CONTEXT('2D SPACE',''
  ) );
#93 = PCURVE('',#94,#99);
#94 = PLANE('',#95);
#95 = AXIS2_PLACEMENT_3D('',#96,#97,#98);
#96 = CARTESIAN_POINT('',(0.,0.,-9.375));
#97 = DIRECTION('',(0.,0.,1.));
#98 = DIRECTION('',(1.,0.,0.));
#99 = DEFINITIONAL_REPRESENTATION('',(#100),#104);
#100 = CIRCLE('',#101,39.);
#101 = AXIS2_PLACEMENT_2D('',#102,#103);
#102 = CARTESIAN_POINT('',(0.,0.));
#103 = DIRECTION('',(1.,0.));
#104 = ( GEOMETRIC_REPRESENTATION_CONTEXT(2) 
PARAMETRIC_REPRESENTATION_CONTEXT() REPRESENTATION_CONTEXT('2D SPACE',''
  ) );
#105 = ORIENTED_EDGE('',*,*,#106,.T.);
#106 = EDGE_CURVE('',#78,#107,#109,.T.);
#107 = VERTEX_POINT('',#108);
#108 = CARTESIAN_POINT('',(39.,-9.552245033349E-15,9.375));
#109 = SURFACE_CURVE('',#110,(#114,#121),.PCURVE_S1.);
#110 = LINE('',#111,#112);
#111 = CARTESIAN_POINT('',(39.,-9.552245033349E-15,-9.375));
#112 = VECTOR('',#113,1.);
#113 = DIRECTION('',(0.,0.,1.));
#114 = PCURVE('',#54,#115);
#115 = DEFINITIONAL_REPRESENTATION('',(#116),#120);
#116 = LINE('',#117,#118);
#117 = CARTESIAN_POINT('',(6.28318530718,-0.));
#118 = VECTOR('',#119,1.);
#119 = DIRECTION('',(0.,1.));
#120 = ( GEOMETRIC_REPRESENTATION_CONTEXT(2) 
PARAMETRIC_REPRESENTATION_CONTEXT() REPRESENTATION_CONTEXT('2D SPACE',''
  ) );
#121 = PCURVE('',#122,#127);
#122 = CYLINDRICAL_SURFACE('',#123,39.);
#123 = AXIS2_PLACEMENT_3D('',#124,#125,#126);
#124 = CARTESIAN_POINT('',(0.,0.,-9.375));
#125 = DIRECTION('',(0.,0.,1.));
#126 = DIRECTION('',(1.,0.,0.));
#127 = DEFINITIONAL_REPRESENTATION('',(#128),#132);
#128 = LINE('',#129,#130);
#129 = CARTESIAN_POINT('',(0.,-0.));
#130 = VECTOR('',#131,1.);
#131 = DIRECTION('',(0.,1.));
#132 = ( GEOMETRIC_REPRESENTATION_CONTEXT(2) 
PARAMETRIC_REPRESENTATION_CONTEXT() REPRESENTATION_CONTEXT('2D SPACE',''
  ) );
#133 = ORIENTED_EDGE('',*,*,#134,.F.);
#134 = EDGE_CURVE('',#135,#107,#137,.T.);
#135 = VERTEX_POINT('',#136);
#136 = CARTESIAN_POINT('',(14.000000000001,-36.4005494464,9.375));
#137 = SURFACE_CURVE('',#138,(#143,#150),.PCURVE_S1.);
#138 = CIRCLE('',#139,39.);
#139 = AXIS2_PLACEMENT_3D('',#140,#141,#142);
#140 = CARTESIAN_POINT('',(0.,0.,9.375));
#141 = DIRECTION('',(0.,0.,1.));
#142 = DIRECTION('',(1.,0.,0.));
#143 = PCURVE('',#54,#144);
#144 = DEFINITIONAL_REPRESENTATION('',(#145),#149);
#145 = LINE('',#146,#147);
#146 = CARTESIAN_POINT('',(0.,18.75));
#147 = VECTOR('',#148,1.);
#148 = DIRECTION('',(1.,0.));
#149 = ( GEOMETRIC_REPRESENTATION_CONTEXT(2) 
PARAMETRIC_REPRESENTATION_CONTEXT() REPRESENTATION_CONTEXT('2D SPACE',''
  ) );
#150 = PCURVE('',#151,#156);
#151 = PLANE('',#152);
#152 = AXIS2_PLACEMENT_3D('',#153,#154,#155);
#153 = CARTESIAN_POINT('',(0.,0.,9.375));
#154 = DIRECTION('',(0.,0.,1.));
#155 = DIRECTION('',(1.,0.,0.));
#156 = DEFINITIONAL_REPRESENTATION('',(#157),#161);
#157 = CIRCLE('',#158,39.);
#158 = AXIS2_PLACEMENT_2D('',#159,#160);
#159 = CARTESIAN_POINT('',(0.,0.));
#160 = DIRECTION('',(1.,0.));
#161 = ( GEOMETRIC_REPRESENTATION_CONTEXT(2) 
PARAMETRIC_REPRESENTATION_CONTEXT() REPRESENTATION_CONTEXT('2D SPACE',''
  ) );
#162 = ORIENTED_EDGE('',*,*,#163,.F.);
#163 = EDGE_CURVE('',#164,#135,#166,.T.);
#164 = VERTEX_POINT('',#165);
#165 = CARTESIAN_POINT('',(14.,-36.4005494464,4.180856388467));
#166 = SURFACE_CURVE('',#167,(#171,#177),.PCURVE_S1.);
#167 = LINE('',#168,#169);
#168 = CARTESIAN_POINT('',(14.,-36.4005494464,-9.375));
#169 = VECTOR('',#170,1.);
#170 = DIRECTION('',(0.,0.,1.));
#171 = PCURVE('',#54,#172);
#172 = DEFINITIONAL_REPRESENTATION('',(#173),#176);
#173 = B_SPLINE_CURVE_WITH_KNOTS('',1,(#174,#175),.UNSPECIFIED.,.F.,.F.,
  (2,2),(-2.399999999625E-06,18.7500024),.PIECEWISE_BEZIER_KNOTS.);
#174 = CARTESIAN_POINT('',(5.079557756773,-2.399999999625E-06));
#175 = CARTESIAN_POINT('',(5.079557756773,18.7500024));
#176 = ( GEOMETRIC_REPRESENTATION_CONTEXT(2) 
PARAMETRIC_REPRESENTATION_CONTEXT() REPRESENTATION_CONTEXT('2D SPACE',''
  ) );
#177 = PCURVE('',#65,#178);
#178 = DEFINITIONAL_REPRESENTATION('',(#179),#183);
#179 = LINE('',#180,#181);
#180 = CARTESIAN_POINT('',(0.,-5.5994505536));
#181 = VECTOR('',#182,1.);
#182 = DIRECTION('',(1.,0.));
#183 = ( GEOMETRIC_REPRESENTATION_CONTEXT(2) 
PARAMETRIC_REPRESENTATION_CONTEXT() REPRESENTATION_CONTEXT('2D SPACE',''
  ) );
#184 = ORIENTED_EDGE('',*,*,#185,.F.);
#185 = EDGE_CURVE('',#186,#164,#188,.T.);
#186 = VERTEX_POINT('',#187);
#187 = CARTESIAN_POINT('',(15.,-36.,4.2));
#188 = SURFACE_CURVE('',#189,(#195,#204),.PCURVE_S1.);
#189 = B_SPLINE_CURVE_WITH_KNOTS('',4,(#190,#191,#192,#193,#194),
  .UNSPECIFIED.,.F.,.F.,(5,5),(0.,1.),.PIECEWISE_BEZIER_KNOTS.);
#190 = CARTESIAN_POINT('',(15.0000006,-35.99999975,4.2));
#191 = CARTESIAN_POINT('',(14.75073662021,-36.10385974645,4.200000006182
    ));
#192 = CARTESIAN_POINT('',(14.500929477375,-36.2052452546,4.19657594198)
  );
#193 = CARTESIAN_POINT('',(14.250665415376,-36.30414112651,
    4.190092845205));
#194 = CARTESIAN_POINT('',(14.,-36.4005494464,4.180856388467));
#195 = PCURVE('',#54,#196);
#196 = DEFINITIONAL_REPRESENTATION('',(#197),#203);
#197 = B_SPLINE_CURVE_WITH_KNOTS('',4,(#198,#199,#200,#201,#202),
  .UNSPECIFIED.,.F.,.F.,(5,5),(0.,1.),.PIECEWISE_BEZIER_KNOTS.);
#198 = CARTESIAN_POINT('',(5.107180116751,13.575));
#199 = CARTESIAN_POINT('',(5.100256117264,13.575000006182));
#200 = CARTESIAN_POINT('',(5.093343665187,13.57157594198));
#201 = CARTESIAN_POINT('',(5.086444065337,13.565092845205));
#202 = CARTESIAN_POINT('',(5.079557756773,13.555856388467));
#203 = ( GEOMETRIC_REPRESENTATION_CONTEXT(2) 
PARAMETRIC_REPRESENTATION_CONTEXT() REPRESENTATION_CONTEXT('2D SPACE',''
  ) );
#204 = PCURVE('',#205,#210);
#205 = CYLINDRICAL_SURFACE('',#206,4.2);
#206 = AXIS2_PLACEMENT_3D('',#207,#208,#209);
#207 = CARTESIAN_POINT('',(-15.,-36.,-3.330669073875E-15));
#208 = DIRECTION('',(1.,0.,2.22044604925E-16));
#209 = DIRECTION('',(2.22044604925E-16,0.,-1.));
#210 = DEFINITIONAL_REPRESENTATION('',(#211),#217);
#211 = B_SPLINE_CURVE_WITH_KNOTS('',4,(#212,#213,#214,#215,#216),
  .UNSPECIFIED.,.F.,.F.,(5,5),(0.,1.),.PIECEWISE_BEZIER_KNOTS.);
#212 = CARTESIAN_POINT('',(3.141592594066,30.0000006));
#213 = CARTESIAN_POINT('',(3.16632116465,29.75073662021));
#214 = CARTESIAN_POINT('',(3.190460656923,29.500929477375));
#215 = CARTESIAN_POINT('',(3.214047264361,29.250665415376));
#216 = CARTESIAN_POINT('',(3.237106731354,29.));
#217 = ( GEOMETRIC_REPRESENTATION_CONTEXT(2) 
PARAMETRIC_REPRESENTATION_CONTEXT() REPRESENTATION_CONTEXT('2D SPACE',''
  ) );
#218 = ORIENTED_EDGE('',*,*,#219,.F.);
#219 = EDGE_CURVE('',#220,#186,#222,.T.);
#220 = VERTEX_POINT('',#221);
#221 = CARTESIAN_POINT('',(15.,-36.,-4.2));
#222 = SURFACE_CURVE('',#223,(#227,#233),.PCURVE_S1.);
#223 = LINE('',#224,#225);
#224 = CARTESIAN_POINT('',(15.,-36.,-9.375));
#225 = VECTOR('',#226,1.);
#226 = DIRECTION('',(0.,0.,1.));
#227 = PCURVE('',#54,#228);
#228 = DEFINITIONAL_REPRESENTATION('',(#229),#232);
#229 = B_SPLINE_CURVE_WITH_KNOTS('',1,(#230,#231),.UNSPECIFIED.,.F.,.F.,
  (2,2),(4.335,14.415),.PIECEWISE_BEZIER_KNOTS.);
#230 = CARTESIAN_POINT('',(5.107180100084,4.335));
#231 = CARTESIAN_POINT('',(5.107180100084,14.415));
#232 = ( GEOMETRIC_REPRESENTATION_CONTEXT(2) 
PARAMETRIC_REPRESENTATION_CONTEXT() REPRESENTATION_CONTEXT('2D SPACE',''
  ) );
#233 = PCURVE('',#234,#239);
#234 = PLANE('',#235);
#235 = AXIS2_PLACEMENT_3D('',#236,#237,#238);
#236 = CARTESIAN_POINT('',(15.,-36.,3.330669073875E-15));
#237 = DIRECTION('',(1.,0.,2.22044604925E-16));
#238 = DIRECTION('',(2.22044604925E-16,0.,-1.));
#239 = DEFINITIONAL_REPRESENTATION('',(#240),#244);
#240 = LINE('',#241,#242);
#241 = CARTESIAN_POINT('',(9.375,0.));
#242 = VECTOR('',#243,1.);
#243 = DIRECTION('',(-1.,0.));
#244 = ( GEOMETRIC_REPRESENTATION_CONTEXT(2) 
PARAMETRIC_REPRESENTATION_CONTEXT() REPRESENTATION_CONTEXT('2D SPACE',''
  ) );
#245 = ORIENTED_EDGE('',*,*,#246,.F.);
#246 = EDGE_CURVE('',#46,#220,#247,.T.);
#247 = SURFACE_CURVE('',#248,(#254,#263),.PCURVE_S1.);
#248 = B_SPLINE_CURVE_WITH_KNOTS('',4,(#249,#250,#251,#252,#253),
  .UNSPECIFIED.,.F.,.F.,(5,5),(0.,1.),.PIECEWISE_BEZIER_KNOTS.);
#249 = CARTESIAN_POINT('',(14.,-36.4005494464,-4.180856388467));
#250 = CARTESIAN_POINT('',(14.250665416769,-36.30414112597,
    -4.190092845257));
#251 = CARTESIAN_POINT('',(14.500929071684,-36.20524542032,
    -4.19657593608));
#252 = CARTESIAN_POINT('',(14.75073673032,-36.1038596957,-4.2));
#253 = CARTESIAN_POINT('',(15.,-36.,-4.2));
#254 = PCURVE('',#54,#255);
#255 = DEFINITIONAL_REPRESENTATION('',(#256),#262);
#256 = B_SPLINE_CURVE_WITH_KNOTS('',4,(#257,#258,#259,#260,#261),
  .UNSPECIFIED.,.F.,.F.,(5,5),(0.,1.),.PIECEWISE_BEZIER_KNOTS.);
#257 = CARTESIAN_POINT('',(5.079557756773,5.194143611533));
#258 = CARTESIAN_POINT('',(5.086444065375,5.184907154743));
#259 = CARTESIAN_POINT('',(5.093343653949,5.17842406392));
#260 = CARTESIAN_POINT('',(5.100256120371,5.175));
#261 = CARTESIAN_POINT('',(5.107180100084,5.175));
#262 = ( GEOMETRIC_REPRESENTATION_CONTEXT(2) 
PARAMETRIC_REPRESENTATION_CONTEXT() REPRESENTATION_CONTEXT('2D SPACE',''
  ) );
#263 = PCURVE('',#205,#264);
#264 = DEFINITIONAL_REPRESENTATION('',(#265),#271);
#265 = B_SPLINE_CURVE_WITH_KNOTS('',4,(#266,#267,#268,#269,#270),
  .UNSPECIFIED.,.F.,.F.,(5,5),(0.,1.),.PIECEWISE_BEZIER_KNOTS.);
#266 = CARTESIAN_POINT('',(6.187671229415,29.));
#267 = CARTESIAN_POINT('',(6.210730696536,29.250665416769));
#268 = CARTESIAN_POINT('',(6.234317264745,29.500929071684));
#269 = CARTESIAN_POINT('',(6.258456808203,29.75073673032));
#270 = CARTESIAN_POINT('',(6.28318530718,30.));
#271 = ( GEOMETRIC_REPRESENTATION_CONTEXT(2) 
PARAMETRIC_REPRESENTATION_CONTEXT() REPRESENTATION_CONTEXT('2D SPACE',''
  ) );
#272 = FACE_BOUND('',#273,.T.);
#273 = EDGE_LOOP('',(#274,#305,#332,#361));
#274 = ORIENTED_EDGE('',*,*,#275,.F.);
#275 = EDGE_CURVE('',#276,#278,#280,.T.);
#276 = VERTEX_POINT('',#277);
#277 = CARTESIAN_POINT('',(31.48661655959,-23.01288720759,-7.));
#278 = VERTEX_POINT('',#279);
#279 = CARTESIAN_POINT('',(37.63182310251,-10.23942820578,-7.));
#280 = SURFACE_CURVE('',#281,(#286,#293),.PCURVE_S1.);
#281 = CIRCLE('',#282,39.);
#282 = AXIS2_PLACEMENT_3D('',#283,#284,#285);
#283 = CARTESIAN_POINT('',(0.,0.,-7.));
#284 = DIRECTION('',(0.,0.,1.));
#285 = DIRECTION('',(1.,0.,0.));
#286 = PCURVE('',#54,#287);
#287 = DEFINITIONAL_REPRESENTATION('',(#288),#292);
#288 = LINE('',#289,#290);
#289 = CARTESIAN_POINT('',(0.,2.375));
#290 = VECTOR('',#291,1.);
#291 = DIRECTION('',(1.,0.));
#292 = ( GEOMETRIC_REPRESENTATION_CONTEXT(2) 
PARAMETRIC_REPRESENTATION_CONTEXT() REPRESENTATION_CONTEXT('2D SPACE',''
  ) );
#293 = PCURVE('',#294,#299);
#294 = PLANE('',#295);
#295 = AXIS2_PLACEMENT_3D('',#296,#297,#298);
#296 = CARTESIAN_POINT('',(19.563938076993,16.616328803026,-7.));
#297 = DIRECTION('',(0.,0.,1.));
#298 = DIRECTION('',(0.942990333583,-0.332820117735,0.));
#299 = DEFINITIONAL_REPRESENTATION('',(#300),#304);
#300 = CIRCLE('',#301,39.);
#301 = AXIS2_PLACEMENT_2D('',#302,#303);
#302 = CARTESIAN_POINT('',(-12.91835598487,-22.18030961503));
#303 = DIRECTION('',(0.942990333583,0.332820117735));
#304 = ( GEOMETRIC_REPRESENTATION_CONTEXT(2) 
PARAMETRIC_REPRESENTATION_CONTEXT() REPRESENTATION_CONTEXT('2D SPACE',''
  ) );
#305 = ORIENTED_EDGE('',*,*,#306,.T.);
#306 = EDGE_CURVE('',#276,#307,#309,.T.);
#307 = VERTEX_POINT('',#308);
#308 = CARTESIAN_POINT('',(31.48661655959,-23.01288720759,7.));
#309 = SURFACE_CURVE('',#310,(#314,#320),.PCURVE_S1.);
#310 = LINE('',#311,#312);
#311 = CARTESIAN_POINT('',(31.48661655959,-23.01288720759,-9.375));
#312 = VECTOR('',#313,1.);
#313 = DIRECTION('',(0.,0.,1.));
#314 = PCURVE('',#54,#315);
#315 = DEFINITIONAL_REPRESENTATION('',(#316),#319);
#316 = B_SPLINE_CURVE_WITH_KNOTS('',1,(#317,#318),.UNSPECIFIED.,.F.,.F.,
  (2,2),(0.975,17.775),.PIECEWISE_BEZIER_KNOTS.);
#317 = CARTESIAN_POINT('',(5.652034773131,0.975));
#318 = CARTESIAN_POINT('',(5.652034773131,17.775));
#319 = ( GEOMETRIC_REPRESENTATION_CONTEXT(2) 
PARAMETRIC_REPRESENTATION_CONTEXT() REPRESENTATION_CONTEXT('2D SPACE',''
  ) );
#320 = PCURVE('',#321,#326);
#321 = PLANE('',#322);
#322 = AXIS2_PLACEMENT_3D('',#323,#324,#325);
#323 = CARTESIAN_POINT('',(22.892139254344,-26.04623213885,-7.));
#324 = DIRECTION('',(-0.332820117735,0.942990333583,0.));
#325 = DIRECTION('',(0.,0.,1.));
#326 = DEFINITIONAL_REPRESENTATION('',(#327),#331);
#327 = LINE('',#328,#329);
#328 = CARTESIAN_POINT('',(-2.375,9.114067238198));
#329 = VECTOR('',#330,1.);
#330 = DIRECTION('',(1.,0.));
#331 = ( GEOMETRIC_REPRESENTATION_CONTEXT(2) 
PARAMETRIC_REPRESENTATION_CONTEXT() REPRESENTATION_CONTEXT('2D SPACE',''
  ) );
#332 = ORIENTED_EDGE('',*,*,#333,.T.);
#333 = EDGE_CURVE('',#307,#334,#336,.T.);
#334 = VERTEX_POINT('',#335);
#335 = CARTESIAN_POINT('',(37.63182310251,-10.23942820578,7.));
#336 = SURFACE_CURVE('',#337,(#342,#349),.PCURVE_S1.);
#337 = CIRCLE('',#338,39.);
#338 = AXIS2_PLACEMENT_3D('',#339,#340,#341);
#339 = CARTESIAN_POINT('',(0.,0.,7.));
#340 = DIRECTION('',(0.,0.,1.));
#341 = DIRECTION('',(1.,0.,0.));
#342 = PCURVE('',#54,#343);
#343 = DEFINITIONAL_REPRESENTATION('',(#344),#348);
#344 = LINE('',#345,#346);
#345 = CARTESIAN_POINT('',(0.,16.375));
#346 = VECTOR('',#347,1.);
#347 = DIRECTION('',(1.,0.));
#348 = ( GEOMETRIC_REPRESENTATION_CONTEXT(2) 
PARAMETRIC_REPRESENTATION_CONTEXT() REPRESENTATION_CONTEXT('2D SPACE',''
  ) );
#349 = PCURVE('',#350,#355);
#350 = PLANE('',#351);
#351 = AXIS2_PLACEMENT_3D('',#352,#353,#354);
#352 = CARTESIAN_POINT('',(19.563938076993,16.616328803026,7.));
#353 = DIRECTION('',(0.,0.,1.));
#354 = DIRECTION('',(0.942990333583,-0.332820117735,0.));
#355 = DEFINITIONAL_REPRESENTATION('',(#356),#360);
#356 = CIRCLE('',#357,39.);
#357 = AXIS2_PLACEMENT_2D('',#358,#359);
#358 = CARTESIAN_POINT('',(-12.91835598487,-22.18030961503));
#359 = DIRECTION('',(0.942990333583,0.332820117735));
#360 = ( GEOMETRIC_REPRESENTATION_CONTEXT(2) 
PARAMETRIC_REPRESENTATION_CONTEXT() REPRESENTATION_CONTEXT('2D SPACE',''
  ) );
#361 = ORIENTED_EDGE('',*,*,#362,.F.);
#362 = EDGE_CURVE('',#278,#334,#363,.T.);
#363 = SURFACE_CURVE('',#364,(#368,#374),.PCURVE_S1.);
#364 = LINE('',#365,#366);
#365 = CARTESIAN_POINT('',(37.63182310251,-10.23942820578,-9.375));
#366 = VECTOR('',#367,1.);
#367 = DIRECTION('',(0.,0.,1.));
#368 = PCURVE('',#54,#369);
#369 = DEFINITIONAL_REPRESENTATION('',(#370),#373);
#370 = B_SPLINE_CURVE_WITH_KNOTS('',1,(#371,#372),.UNSPECIFIED.,.F.,.F.,
  (2,2),(0.975,17.775),.PIECEWISE_BEZIER_KNOTS.);
#371 = CARTESIAN_POINT('',(6.017521919264,0.975));
#372 = CARTESIAN_POINT('',(6.017521919264,17.775));
#373 = ( GEOMETRIC_REPRESENTATION_CONTEXT(2) 
PARAMETRIC_REPRESENTATION_CONTEXT() REPRESENTATION_CONTEXT('2D SPACE',''
  ) );
#374 = PCURVE('',#375,#380);
#375 = PLANE('',#376);
#376 = AXIS2_PLACEMENT_3D('',#377,#378,#379);
#377 = CARTESIAN_POINT('',(19.563938076993,-16.61632880302,-7.));
#378 = DIRECTION('',(-0.332820117735,0.942990333583,0.));
#379 = DIRECTION('',(0.,0.,1.));
#380 = DEFINITIONAL_REPRESENTATION('',(#381),#385);
#381 = LINE('',#382,#383);
#382 = CARTESIAN_POINT('',(-2.375,19.160201734908));
#383 = VECTOR('',#384,1.);
#384 = DIRECTION('',(1.,0.));
#385 = ( GEOMETRIC_REPRESENTATION_CONTEXT(2) 
PARAMETRIC_REPRESENTATION_CONTEXT() REPRESENTATION_CONTEXT('2D SPACE',''
  ) );
#386 = ADVANCED_FACE('',(#387),#65,.T.);
#387 = FACE_BOUND('',#388,.T.);
#388 = EDGE_LOOP('',(#389,#412,#440,#461,#462,#484));
#389 = ORIENTED_EDGE('',*,*,#390,.F.);
#390 = EDGE_CURVE('',#391,#135,#393,.T.);
#391 = VERTEX_POINT('',#392);
#392 = CARTESIAN_POINT('',(14.,-42.,9.375));
#393 = SURFACE_CURVE('',#394,(#398,#405),.PCURVE_S1.);
#394 = LINE('',#395,#396);
#395 = CARTESIAN_POINT('',(14.,-42.,9.375));
#396 = VECTOR('',#397,1.);
#397 = DIRECTION('',(0.,1.,0.));
#398 = PCURVE('',#65,#399);
#399 = DEFINITIONAL_REPRESENTATION('',(#400),#404);
#400 = LINE('',#401,#402);
#401 = CARTESIAN_POINT('',(18.75,0.));
#402 = VECTOR('',#403,1.);
#403 = DIRECTION('',(0.,-1.));
#404 = ( GEOMETRIC_REPRESENTATION_CONTEXT(2) 
PARAMETRIC_REPRESENTATION_CONTEXT() REPRESENTATION_CONTEXT('2D SPACE',''
  ) );
#405 = PCURVE('',#151,#406);
#406 = DEFINITIONAL_REPRESENTATION('',(#407),#411);
#407 = LINE('',#408,#409);
#408 = CARTESIAN_POINT('',(14.,-42.));
#409 = VECTOR('',#410,1.);
#410 = DIRECTION('',(0.,1.));
#411 = ( GEOMETRIC_REPRESENTATION_CONTEXT(2) 
PARAMETRIC_REPRESENTATION_CONTEXT() REPRESENTATION_CONTEXT('2D SPACE',''
  ) );
#412 = ORIENTED_EDGE('',*,*,#413,.F.);
#413 = EDGE_CURVE('',#414,#391,#416,.T.);
#414 = VERTEX_POINT('',#415);
#415 = CARTESIAN_POINT('',(14.,-42.,-9.375));
#416 = SURFACE_CURVE('',#417,(#421,#428),.PCURVE_S1.);
#417 = LINE('',#418,#419);
#418 = CARTESIAN_POINT('',(14.,-42.,-9.375));
#419 = VECTOR('',#420,1.);
#420 = DIRECTION('',(0.,0.,1.));
#421 = PCURVE('',#65,#422);
#422 = DEFINITIONAL_REPRESENTATION('',(#423),#427);
#423 = LINE('',#424,#425);
#424 = CARTESIAN_POINT('',(0.,0.));
#425 = VECTOR('',#426,1.);
#426 = DIRECTION('',(1.,0.));
#427 = ( GEOMETRIC_REPRESENTATION_CONTEXT(2) 
PARAMETRIC_REPRESENTATION_CONTEXT() REPRESENTATION_CONTEXT('2D SPACE',''
  ) );
#428 = PCURVE('',#429,#434);
#429 = PLANE('',#430);
#430 = AXIS2_PLACEMENT_3D('',#431,#432,#433);
#431 = CARTESIAN_POINT('',(-14.,-42.,-9.375));
#432 = DIRECTION('',(0.,1.,0.));
#433 = DIRECTION('',(0.,0.,1.));
#434 = DEFINITIONAL_REPRESENTATION('',(#435),#439);
#435 = LINE('',#436,#437);
#436 = CARTESIAN_POINT('',(0.,28.));
#437 = VECTOR('',#438,1.);
#438 = DIRECTION('',(1.,0.));
#439 = ( GEOMETRIC_REPRESENTATION_CONTEXT(2) 
PARAMETRIC_REPRESENTATION_CONTEXT() REPRESENTATION_CONTEXT('2D SPACE',''
  ) );
#440 = ORIENTED_EDGE('',*,*,#441,.T.);
#441 = EDGE_CURVE('',#414,#44,#442,.T.);
#442 = SURFACE_CURVE('',#443,(#447,#454),.PCURVE_S1.);
#443 = LINE('',#444,#445);
#444 = CARTESIAN_POINT('',(14.,-42.,-9.375));
#445 = VECTOR('',#446,1.);
#446 = DIRECTION('',(0.,1.,0.));
#447 = PCURVE('',#65,#448);
#448 = DEFINITIONAL_REPRESENTATION('',(#449),#453);
#449 = LINE('',#450,#451);
#450 = CARTESIAN_POINT('',(0.,0.));
#451 = VECTOR('',#452,1.);
#452 = DIRECTION('',(0.,-1.));
#453 = ( GEOMETRIC_REPRESENTATION_CONTEXT(2) 
PARAMETRIC_REPRESENTATION_CONTEXT() REPRESENTATION_CONTEXT('2D SPACE',''
  ) );
#454 = PCURVE('',#94,#455);
#455 = DEFINITIONAL_REPRESENTATION('',(#456),#460);
#456 = LINE('',#457,#458);
#457 = CARTESIAN_POINT('',(14.,-42.));
#458 = VECTOR('',#459,1.);
#459 = DIRECTION('',(0.,1.));
#460 = ( GEOMETRIC_REPRESENTATION_CONTEXT(2) 
PARAMETRIC_REPRESENTATION_CONTEXT() REPRESENTATION_CONTEXT('2D SPACE',''
  ) );
#461 = ORIENTED_EDGE('',*,*,#43,.T.);
#462 = ORIENTED_EDGE('',*,*,#463,.F.);
#463 = EDGE_CURVE('',#164,#46,#464,.T.);
#464 = SURFACE_CURVE('',#465,(#470,#477),.PCURVE_S1.);
#465 = CIRCLE('',#466,4.2);
#466 = AXIS2_PLACEMENT_3D('',#467,#468,#469);
#467 = CARTESIAN_POINT('',(14.,-36.,3.10862446895E-15));
#468 = DIRECTION('',(1.,-0.,2.22044604925E-16));
#469 = DIRECTION('',(2.22044604925E-16,0.,-1.));
#470 = PCURVE('',#65,#471);
#471 = DEFINITIONAL_REPRESENTATION('',(#472),#476);
#472 = CIRCLE('',#473,4.2);
#473 = AXIS2_PLACEMENT_2D('',#474,#475);
#474 = CARTESIAN_POINT('',(9.375,-6.));
#475 = DIRECTION('',(-1.,0.));
#476 = ( GEOMETRIC_REPRESENTATION_CONTEXT(2) 
PARAMETRIC_REPRESENTATION_CONTEXT() REPRESENTATION_CONTEXT('2D SPACE',''
  ) );
#477 = PCURVE('',#205,#478);
#478 = DEFINITIONAL_REPRESENTATION('',(#479),#483);
#479 = LINE('',#480,#481);
#480 = CARTESIAN_POINT('',(0.,29.));
#481 = VECTOR('',#482,1.);
#482 = DIRECTION('',(1.,0.));
#483 = ( GEOMETRIC_REPRESENTATION_CONTEXT(2) 
PARAMETRIC_REPRESENTATION_CONTEXT() REPRESENTATION_CONTEXT('2D SPACE',''
  ) );
#484 = ORIENTED_EDGE('',*,*,#163,.T.);
#485 = ADVANCED_FACE('',(#486),#94,.F.);
#486 = FACE_BOUND('',#487,.F.);
#487 = EDGE_LOOP('',(#488,#511,#512,#513,#537,#565,#593,#621,#650));
#488 = ORIENTED_EDGE('',*,*,#489,.T.);
#489 = EDGE_CURVE('',#490,#414,#492,.T.);
#490 = VERTEX_POINT('',#491);
#491 = CARTESIAN_POINT('',(0.2,-42.,-9.375));
#492 = SURFACE_CURVE('',#493,(#497,#504),.PCURVE_S1.);
#493 = LINE('',#494,#495);
#494 = CARTESIAN_POINT('',(-14.,-42.,-9.375));
#495 = VECTOR('',#496,1.);
#496 = DIRECTION('',(1.,0.,0.));
#497 = PCURVE('',#94,#498);
#498 = DEFINITIONAL_REPRESENTATION('',(#499),#503);
#499 = LINE('',#500,#501);
#500 = CARTESIAN_POINT('',(-14.,-42.));
#501 = VECTOR('',#502,1.);
#502 = DIRECTION('',(1.,0.));
#503 = ( GEOMETRIC_REPRESENTATION_CONTEXT(2) 
PARAMETRIC_REPRESENTATION_CONTEXT() REPRESENTATION_CONTEXT('2D SPACE',''
  ) );
#504 = PCURVE('',#429,#505);
#505 = DEFINITIONAL_REPRESENTATION('',(#506),#510);
#506 = LINE('',#507,#508);
#507 = CARTESIAN_POINT('',(0.,0.));
#508 = VECTOR('',#509,1.);
#509 = DIRECTION('',(0.,1.));
#510 = ( GEOMETRIC_REPRESENTATION_CONTEXT(2) 
PARAMETRIC_REPRESENTATION_CONTEXT() REPRESENTATION_CONTEXT('2D SPACE',''
  ) );
#511 = ORIENTED_EDGE('',*,*,#441,.T.);
#512 = ORIENTED_EDGE('',*,*,#77,.T.);
#513 = ORIENTED_EDGE('',*,*,#514,.T.);
#514 = EDGE_CURVE('',#78,#515,#517,.T.);
#515 = VERTEX_POINT('',#516);
#516 = CARTESIAN_POINT('',(14.000000000001,36.400549446402,-9.375));
#517 = SURFACE_CURVE('',#518,(#523,#530),.PCURVE_S1.);
#518 = CIRCLE('',#519,39.);
#519 = AXIS2_PLACEMENT_3D('',#520,#521,#522);
#520 = CARTESIAN_POINT('',(0.,0.,-9.375));
#521 = DIRECTION('',(0.,0.,1.));
#522 = DIRECTION('',(1.,0.,0.));
#523 = PCURVE('',#94,#524);
#524 = DEFINITIONAL_REPRESENTATION('',(#525),#529);
#525 = CIRCLE('',#526,39.);
#526 = AXIS2_PLACEMENT_2D('',#527,#528);
#527 = CARTESIAN_POINT('',(0.,0.));
#528 = DIRECTION('',(1.,0.));
#529 = ( GEOMETRIC_REPRESENTATION_CONTEXT(2) 
PARAMETRIC_REPRESENTATION_CONTEXT() REPRESENTATION_CONTEXT('2D SPACE',''
  ) );
#530 = PCURVE('',#122,#531);
#531 = DEFINITIONAL_REPRESENTATION('',(#532),#536);
#532 = LINE('',#533,#534);
#533 = CARTESIAN_POINT('',(0.,0.));
#534 = VECTOR('',#535,1.);
#535 = DIRECTION('',(1.,0.));
#536 = ( GEOMETRIC_REPRESENTATION_CONTEXT(2) 
PARAMETRIC_REPRESENTATION_CONTEXT() REPRESENTATION_CONTEXT('2D SPACE',''
  ) );
#537 = ORIENTED_EDGE('',*,*,#538,.T.);
#538 = EDGE_CURVE('',#515,#539,#541,.T.);
#539 = VERTEX_POINT('',#540);
#540 = CARTESIAN_POINT('',(14.,42.,-9.375));
#541 = SURFACE_CURVE('',#542,(#546,#553),.PCURVE_S1.);
#542 = LINE('',#543,#544);
#543 = CARTESIAN_POINT('',(14.,30.,-9.375));
#544 = VECTOR('',#545,1.);
#545 = DIRECTION('',(0.,1.,0.));
#546 = PCURVE('',#94,#547);
#547 = DEFINITIONAL_REPRESENTATION('',(#548),#552);
#548 = LINE('',#549,#550);
#549 = CARTESIAN_POINT('',(14.,30.));
#550 = VECTOR('',#551,1.);
#551 = DIRECTION('',(0.,1.));
#552 = ( GEOMETRIC_REPRESENTATION_CONTEXT(2) 
PARAMETRIC_REPRESENTATION_CONTEXT() REPRESENTATION_CONTEXT('2D SPACE',''
  ) );
#553 = PCURVE('',#554,#559);
#554 = PLANE('',#555);
#555 = AXIS2_PLACEMENT_3D('',#556,#557,#558);
#556 = CARTESIAN_POINT('',(14.,30.,-9.375));
#557 = DIRECTION('',(1.,0.,0.));
#558 = DIRECTION('',(0.,0.,1.));
#559 = DEFINITIONAL_REPRESENTATION('',(#560),#564);
#560 = LINE('',#561,#562);
#561 = CARTESIAN_POINT('',(0.,0.));
#562 = VECTOR('',#563,1.);
#563 = DIRECTION('',(0.,-1.));
#564 = ( GEOMETRIC_REPRESENTATION_CONTEXT(2) 
PARAMETRIC_REPRESENTATION_CONTEXT() REPRESENTATION_CONTEXT('2D SPACE',''
  ) );
#565 = ORIENTED_EDGE('',*,*,#566,.F.);
#566 = EDGE_CURVE('',#567,#539,#569,.T.);
#567 = VERTEX_POINT('',#568);
#568 = CARTESIAN_POINT('',(0.2,42.,-9.375));
#569 = SURFACE_CURVE('',#570,(#574,#581),.PCURVE_S1.);
#570 = LINE('',#571,#572);
#571 = CARTESIAN_POINT('',(-14.,42.,-9.375));
#572 = VECTOR('',#573,1.);
#573 = DIRECTION('',(1.,0.,0.));
#574 = PCURVE('',#94,#575);
#575 = DEFINITIONAL_REPRESENTATION('',(#576),#580);
#576 = LINE('',#577,#578);
#577 = CARTESIAN_POINT('',(-14.,42.));
#578 = VECTOR('',#579,1.);
#579 = DIRECTION('',(1.,0.));
#580 = ( GEOMETRIC_REPRESENTATION_CONTEXT(2) 
PARAMETRIC_REPRESENTATION_CONTEXT() REPRESENTATION_CONTEXT('2D SPACE',''
  ) );
#581 = PCURVE('',#582,#587);
#582 = PLANE('',#583);
#583 = AXIS2_PLACEMENT_3D('',#584,#585,#586);
#584 = CARTESIAN_POINT('',(-14.,42.,-9.375));
#585 = DIRECTION('',(0.,1.,0.));
#586 = DIRECTION('',(0.,0.,1.));
#587 = DEFINITIONAL_REPRESENTATION('',(#588),#592);
#588 = LINE('',#589,#590);
#589 = CARTESIAN_POINT('',(0.,0.));
#590 = VECTOR('',#591,1.);
#591 = DIRECTION('',(0.,1.));
#592 = ( GEOMETRIC_REPRESENTATION_CONTEXT(2) 
PARAMETRIC_REPRESENTATION_CONTEXT() REPRESENTATION_CONTEXT('2D SPACE',''
  ) );
#593 = ORIENTED_EDGE('',*,*,#594,.F.);
#594 = EDGE_CURVE('',#595,#567,#597,.T.);
#595 = VERTEX_POINT('',#596);
#596 = CARTESIAN_POINT('',(0.2,29.004310455517,-9.375));
#597 = SURFACE_CURVE('',#598,(#602,#609),.PCURVE_S1.);
#598 = LINE('',#599,#600);
#599 = CARTESIAN_POINT('',(0.2,-24.,-9.375));
#600 = VECTOR('',#601,1.);
#601 = DIRECTION('',(0.,1.,0.));
#602 = PCURVE('',#94,#603);
#603 = DEFINITIONAL_REPRESENTATION('',(#604),#608);
#604 = LINE('',#605,#606);
#605 = CARTESIAN_POINT('',(0.2,-24.));
#606 = VECTOR('',#607,1.);
#607 = DIRECTION('',(0.,1.));
#608 = ( GEOMETRIC_REPRESENTATION_CONTEXT(2) 
PARAMETRIC_REPRESENTATION_CONTEXT() REPRESENTATION_CONTEXT('2D SPACE',''
  ) );
#609 = PCURVE('',#610,#615);
#610 = PLANE('',#611);
#611 = AXIS2_PLACEMENT_3D('',#612,#613,#614);
#612 = CARTESIAN_POINT('',(0.2,-48.,-10.79));
#613 = DIRECTION('',(1.,0.,0.));
#614 = DIRECTION('',(0.,0.,1.));
#615 = DEFINITIONAL_REPRESENTATION('',(#616),#620);
#616 = LINE('',#617,#618);
#617 = CARTESIAN_POINT('',(1.415,-24.));
#618 = VECTOR('',#619,1.);
#619 = DIRECTION('',(0.,-1.));
#620 = ( GEOMETRIC_REPRESENTATION_CONTEXT(2) 
PARAMETRIC_REPRESENTATION_CONTEXT() REPRESENTATION_CONTEXT('2D SPACE',''
  ) );
#621 = ORIENTED_EDGE('',*,*,#622,.F.);
#622 = EDGE_CURVE('',#623,#595,#625,.T.);
#623 = VERTEX_POINT('',#624);
#624 = CARTESIAN_POINT('',(0.2,-29.00431045551,-9.375));
#625 = SURFACE_CURVE('',#626,(#631,#638),.PCURVE_S1.);
#626 = CIRCLE('',#627,29.005);
#627 = AXIS2_PLACEMENT_3D('',#628,#629,#630);
#628 = CARTESIAN_POINT('',(0.,0.,-9.375));
#629 = DIRECTION('',(-0.,0.,1.));
#630 = DIRECTION('',(6.89536286847E-03,-0.999976226703,0.));
#631 = PCURVE('',#94,#632);
#632 = DEFINITIONAL_REPRESENTATION('',(#633),#637);
#633 = CIRCLE('',#634,29.005);
#634 = AXIS2_PLACEMENT_2D('',#635,#636);
#635 = CARTESIAN_POINT('',(0.,0.));
#636 = DIRECTION('',(6.89536286847E-03,-0.999976226703));
#637 = ( GEOMETRIC_REPRESENTATION_CONTEXT(2) 
PARAMETRIC_REPRESENTATION_CONTEXT() REPRESENTATION_CONTEXT('2D SPACE',''
  ) );
#638 = PCURVE('',#639,#644);
#639 = CYLINDRICAL_SURFACE('',#640,29.005);
#640 = AXIS2_PLACEMENT_3D('',#641,#642,#643);
#641 = CARTESIAN_POINT('',(0.,0.,-10.375));
#642 = DIRECTION('',(0.,0.,1.));
#643 = DIRECTION('',(1.,0.,0.));
#644 = DEFINITIONAL_REPRESENTATION('',(#645),#649);
#645 = LINE('',#646,#647);
#646 = CARTESIAN_POINT('',(-1.563900909284,1.));
#647 = VECTOR('',#648,1.);
#648 = DIRECTION('',(1.,0.));
#649 = ( GEOMETRIC_REPRESENTATION_CONTEXT(2) 
PARAMETRIC_REPRESENTATION_CONTEXT() REPRESENTATION_CONTEXT('2D SPACE',''
  ) );
#650 = ORIENTED_EDGE('',*,*,#651,.F.);
#651 = EDGE_CURVE('',#490,#623,#652,.T.);
#652 = SURFACE_CURVE('',#653,(#657,#664),.PCURVE_S1.);
#653 = LINE('',#654,#655);
#654 = CARTESIAN_POINT('',(0.2,-24.,-9.375));
#655 = VECTOR('',#656,1.);
#656 = DIRECTION('',(0.,1.,0.));
#657 = PCURVE('',#94,#658);
#658 = DEFINITIONAL_REPRESENTATION('',(#659),#663);
#659 = LINE('',#660,#661);
#660 = CARTESIAN_POINT('',(0.2,-24.));
#661 = VECTOR('',#662,1.);
#662 = DIRECTION('',(0.,1.));
#663 = ( GEOMETRIC_REPRESENTATION_CONTEXT(2) 
PARAMETRIC_REPRESENTATION_CONTEXT() REPRESENTATION_CONTEXT('2D SPACE',''
  ) );
#664 = PCURVE('',#665,#670);
#665 = PLANE('',#666);
#666 = AXIS2_PLACEMENT_3D('',#667,#668,#669);
#667 = CARTESIAN_POINT('',(0.2,-48.,-10.79));
#668 = DIRECTION('',(1.,0.,0.));
#669 = DIRECTION('',(0.,0.,1.));
#670 = DEFINITIONAL_REPRESENTATION('',(#671),#675);
#671 = LINE('',#672,#673);
#672 = CARTESIAN_POINT('',(1.415,-24.));
#673 = VECTOR('',#674,1.);
#674 = DIRECTION('',(0.,-1.));
#675 = ( GEOMETRIC_REPRESENTATION_CONTEXT(2) 
PARAMETRIC_REPRESENTATION_CONTEXT() REPRESENTATION_CONTEXT('2D SPACE',''
  ) );
#676 = ADVANCED_FACE('',(#677,#837),#122,.T.);
#677 = FACE_BOUND('',#678,.T.);
#678 = EDGE_LOOP('',(#679,#703,#704,#705,#727,#761,#788,#817));
#679 = ORIENTED_EDGE('',*,*,#680,.F.);
#680 = EDGE_CURVE('',#107,#681,#683,.T.);
#681 = VERTEX_POINT('',#682);
#682 = CARTESIAN_POINT('',(14.000000000001,36.400549446402,9.375));
#683 = SURFACE_CURVE('',#684,(#689,#696),.PCURVE_S1.);
#684 = CIRCLE('',#685,39.);
#685 = AXIS2_PLACEMENT_3D('',#686,#687,#688);
#686 = CARTESIAN_POINT('',(0.,0.,9.375));
#687 = DIRECTION('',(0.,0.,1.));
#688 = DIRECTION('',(1.,0.,0.));
#689 = PCURVE('',#122,#690);
#690 = DEFINITIONAL_REPRESENTATION('',(#691),#695);
#691 = LINE('',#692,#693);
#692 = CARTESIAN_POINT('',(0.,18.75));
#693 = VECTOR('',#694,1.);
#694 = DIRECTION('',(1.,0.));
#695 = ( GEOMETRIC_REPRESENTATION_CONTEXT(2) 
PARAMETRIC_REPRESENTATION_CONTEXT() REPRESENTATION_CONTEXT('2D SPACE',''
  ) );
#696 = PCURVE('',#151,#697);
#697 = DEFINITIONAL_REPRESENTATION('',(#698),#702);
#698 = CIRCLE('',#699,39.);
#699 = AXIS2_PLACEMENT_2D('',#700,#701);
#700 = CARTESIAN_POINT('',(0.,0.));
#701 = DIRECTION('',(1.,0.));
#702 = ( GEOMETRIC_REPRESENTATION_CONTEXT(2) 
PARAMETRIC_REPRESENTATION_CONTEXT() REPRESENTATION_CONTEXT('2D SPACE',''
  ) );
#703 = ORIENTED_EDGE('',*,*,#106,.F.);
#704 = ORIENTED_EDGE('',*,*,#514,.T.);
#705 = ORIENTED_EDGE('',*,*,#706,.T.);
#706 = EDGE_CURVE('',#515,#707,#709,.T.);
#707 = VERTEX_POINT('',#708);
#708 = CARTESIAN_POINT('',(14.,36.400549446403,-4.180856388467));
#709 = SURFACE_CURVE('',#710,(#714,#720),.PCURVE_S1.);
#710 = LINE('',#711,#712);
#711 = CARTESIAN_POINT('',(14.,36.400549446403,-9.375));
#712 = VECTOR('',#713,1.);
#713 = DIRECTION('',(0.,0.,1.));
#714 = PCURVE('',#122,#715);
#715 = DEFINITIONAL_REPRESENTATION('',(#716),#719);
#716 = B_SPLINE_CURVE_WITH_KNOTS('',1,(#717,#718),.UNSPECIFIED.,.F.,.F.,
  (2,2),(-2.399999999625E-06,18.7500024),.PIECEWISE_BEZIER_KNOTS.);
#717 = CARTESIAN_POINT('',(1.203627550407,-2.399999999625E-06));
#718 = CARTESIAN_POINT('',(1.203627550407,18.7500024));
#719 = ( GEOMETRIC_REPRESENTATION_CONTEXT(2) 
PARAMETRIC_REPRESENTATION_CONTEXT() REPRESENTATION_CONTEXT('2D SPACE',''
  ) );
#720 = PCURVE('',#554,#721);
#721 = DEFINITIONAL_REPRESENTATION('',(#722),#726);
#722 = LINE('',#723,#724);
#723 = CARTESIAN_POINT('',(0.,-6.400549446403));
#724 = VECTOR('',#725,1.);
#725 = DIRECTION('',(1.,0.));
#726 = ( GEOMETRIC_REPRESENTATION_CONTEXT(2) 
PARAMETRIC_REPRESENTATION_CONTEXT() REPRESENTATION_CONTEXT('2D SPACE',''
  ) );
#727 = ORIENTED_EDGE('',*,*,#728,.F.);
#728 = EDGE_CURVE('',#729,#707,#731,.T.);
#729 = VERTEX_POINT('',#730);
#730 = CARTESIAN_POINT('',(15.,36.,-4.2));
#731 = SURFACE_CURVE('',#732,(#738,#747),.PCURVE_S1.);
#732 = B_SPLINE_CURVE_WITH_KNOTS('',4,(#733,#734,#735,#736,#737),
  .UNSPECIFIED.,.F.,.F.,(5,5),(0.,1.),.PIECEWISE_BEZIER_KNOTS.);
#733 = CARTESIAN_POINT('',(15.,36.,-4.2));
#734 = CARTESIAN_POINT('',(14.750736725165,36.103859697848,-4.2));
#735 = CARTESIAN_POINT('',(14.500929080277,36.20524541682,
    -4.196575936492));
#736 = CARTESIAN_POINT('',(14.250665410946,36.304141128215,
    -4.190092845042));
#737 = CARTESIAN_POINT('',(14.,36.400549446403,-4.180856388467));
#738 = PCURVE('',#122,#739);
#739 = DEFINITIONAL_REPRESENTATION('',(#740),#746);
#740 = B_SPLINE_CURVE_WITH_KNOTS('',4,(#741,#742,#743,#744,#745),
  .UNSPECIFIED.,.F.,.F.,(5,5),(0.,1.),.PIECEWISE_BEZIER_KNOTS.);
#741 = CARTESIAN_POINT('',(1.176005207095,5.175));
#742 = CARTESIAN_POINT('',(1.182929186952,5.175));
#743 = CARTESIAN_POINT('',(1.189841652993,5.178424063508));
#744 = CARTESIAN_POINT('',(1.196741241965,5.184907154958));
#745 = CARTESIAN_POINT('',(1.203627550407,5.194143611533));
#746 = ( GEOMETRIC_REPRESENTATION_CONTEXT(2) 
PARAMETRIC_REPRESENTATION_CONTEXT() REPRESENTATION_CONTEXT('2D SPACE',''
  ) );
#747 = PCURVE('',#748,#753);
#748 = CYLINDRICAL_SURFACE('',#749,4.2);
#749 = AXIS2_PLACEMENT_3D('',#750,#751,#752);
#750 = CARTESIAN_POINT('',(-15.,36.,-3.330669073875E-15));
#751 = DIRECTION('',(1.,0.,2.22044604925E-16));
#752 = DIRECTION('',(2.22044604925E-16,0.,-1.));
#753 = DEFINITIONAL_REPRESENTATION('',(#754),#760);
#754 = B_SPLINE_CURVE_WITH_KNOTS('',4,(#755,#756,#757,#758,#759),
  .UNSPECIFIED.,.F.,.F.,(5,5),(0.,1.),.PIECEWISE_BEZIER_KNOTS.);
#755 = CARTESIAN_POINT('',(0.,30.));
#756 = CARTESIAN_POINT('',(2.472849948758E-02,29.750736725165));
#757 = CARTESIAN_POINT('',(4.886804166104E-02,29.500929080277));
#758 = CARTESIAN_POINT('',(7.245461117884E-02,29.250665410946));
#759 = CARTESIAN_POINT('',(9.551407776413E-02,29.));
#760 = ( GEOMETRIC_REPRESENTATION_CONTEXT(2) 
PARAMETRIC_REPRESENTATION_CONTEXT() REPRESENTATION_CONTEXT('2D SPACE',''
  ) );
#761 = ORIENTED_EDGE('',*,*,#762,.T.);
#762 = EDGE_CURVE('',#729,#763,#765,.T.);
#763 = VERTEX_POINT('',#764);
#764 = CARTESIAN_POINT('',(15.,36.,4.2));
#765 = SURFACE_CURVE('',#766,(#770,#776),.PCURVE_S1.);
#766 = LINE('',#767,#768);
#767 = CARTESIAN_POINT('',(15.,36.,-9.375));
#768 = VECTOR('',#769,1.);
#769 = DIRECTION('',(0.,0.,1.));
#770 = PCURVE('',#122,#771);
#771 = DEFINITIONAL_REPRESENTATION('',(#772),#775);
#772 = B_SPLINE_CURVE_WITH_KNOTS('',1,(#773,#774),.UNSPECIFIED.,.F.,.F.,
  (2,2),(4.335,14.415),.PIECEWISE_BEZIER_KNOTS.);
#773 = CARTESIAN_POINT('',(1.176005207095,4.335));
#774 = CARTESIAN_POINT('',(1.176005207095,14.415));
#775 = ( GEOMETRIC_REPRESENTATION_CONTEXT(2) 
PARAMETRIC_REPRESENTATION_CONTEXT() REPRESENTATION_CONTEXT('2D SPACE',''
  ) );
#776 = PCURVE('',#777,#782);
#777 = PLANE('',#778);
#778 = AXIS2_PLACEMENT_3D('',#779,#780,#781);
#779 = CARTESIAN_POINT('',(15.,36.,3.330669073875E-15));
#780 = DIRECTION('',(1.,0.,2.22044604925E-16));
#781 = DIRECTION('',(2.22044604925E-16,0.,-1.));
#782 = DEFINITIONAL_REPRESENTATION('',(#783),#787);
#783 = LINE('',#784,#785);
#784 = CARTESIAN_POINT('',(9.375,0.));
#785 = VECTOR('',#786,1.);
#786 = DIRECTION('',(-1.,0.));
#787 = ( GEOMETRIC_REPRESENTATION_CONTEXT(2) 
PARAMETRIC_REPRESENTATION_CONTEXT() REPRESENTATION_CONTEXT('2D SPACE',''
  ) );
#788 = ORIENTED_EDGE('',*,*,#789,.F.);
#789 = EDGE_CURVE('',#790,#763,#792,.T.);
#790 = VERTEX_POINT('',#791);
#791 = CARTESIAN_POINT('',(14.,36.400549446403,4.180856388467));
#792 = SURFACE_CURVE('',#793,(#799,#808),.PCURVE_S1.);
#793 = B_SPLINE_CURVE_WITH_KNOTS('',4,(#794,#795,#796,#797,#798),
  .UNSPECIFIED.,.F.,.F.,(5,5),(0.,1.),.PIECEWISE_BEZIER_KNOTS.);
#794 = CARTESIAN_POINT('',(14.,36.400549446403,4.180856388467));
#795 = CARTESIAN_POINT('',(14.250665567613,36.304141067959,
    4.190092850815));
#796 = CARTESIAN_POINT('',(14.500929372888,36.205245301302,
    4.196575943882));
#797 = CARTESIAN_POINT('',(14.750737181303,36.103859512666,
    4.200000006182));
#798 = CARTESIAN_POINT('',(15.0000006,35.99999975,4.2));
#799 = PCURVE('',#122,#800);
#800 = DEFINITIONAL_REPRESENTATION('',(#801),#807);
#801 = B_SPLINE_CURVE_WITH_KNOTS('',4,(#802,#803,#804,#805,#806),
  .UNSPECIFIED.,.F.,.F.,(5,5),(0.,1.),.PIECEWISE_BEZIER_KNOTS.);
#802 = CARTESIAN_POINT('',(1.203627550407,13.555856388467));
#803 = CARTESIAN_POINT('',(1.196741237661,13.565092850815));
#804 = CARTESIAN_POINT('',(1.189841644927,13.571575943882));
#805 = CARTESIAN_POINT('',(1.182929174329,13.575000006182));
#806 = CARTESIAN_POINT('',(1.176005190428,13.575));
#807 = ( GEOMETRIC_REPRESENTATION_CONTEXT(2) 
PARAMETRIC_REPRESENTATION_CONTEXT() REPRESENTATION_CONTEXT('2D SPACE',''
  ) );
#808 = PCURVE('',#748,#809);
#809 = DEFINITIONAL_REPRESENTATION('',(#810),#816);
#810 = B_SPLINE_CURVE_WITH_KNOTS('',4,(#811,#812,#813,#814,#815),
  .UNSPECIFIED.,.F.,.F.,(5,5),(0.,1.),.PIECEWISE_BEZIER_KNOTS.);
#811 = CARTESIAN_POINT('',(3.046078575826,29.));
#812 = CARTESIAN_POINT('',(3.069138056823,29.250665567613));
#813 = CARTESIAN_POINT('',(3.092724639543,29.500929372888));
#814 = CARTESIAN_POINT('',(3.116864198193,29.750737181303));
#815 = CARTESIAN_POINT('',(3.141592713114,30.0000006));
#816 = ( GEOMETRIC_REPRESENTATION_CONTEXT(2) 
PARAMETRIC_REPRESENTATION_CONTEXT() REPRESENTATION_CONTEXT('2D SPACE',''
  ) );
#817 = ORIENTED_EDGE('',*,*,#818,.T.);
#818 = EDGE_CURVE('',#790,#681,#819,.T.);
#819 = SURFACE_CURVE('',#820,(#824,#830),.PCURVE_S1.);
#820 = LINE('',#821,#822);
#821 = CARTESIAN_POINT('',(14.,36.400549446403,-9.375));
#822 = VECTOR('',#823,1.);
#823 = DIRECTION('',(0.,0.,1.));
#824 = PCURVE('',#122,#825);
#825 = DEFINITIONAL_REPRESENTATION('',(#826),#829);
#826 = B_SPLINE_CURVE_WITH_KNOTS('',1,(#827,#828),.UNSPECIFIED.,.F.,.F.,
  (2,2),(-2.399999999625E-06,18.7500024),.PIECEWISE_BEZIER_KNOTS.);
#827 = CARTESIAN_POINT('',(1.203627550407,-2.399999999625E-06));
#828 = CARTESIAN_POINT('',(1.203627550407,18.7500024));
#829 = ( GEOMETRIC_REPRESENTATION_CONTEXT(2) 
PARAMETRIC_REPRESENTATION_CONTEXT() REPRESENTATION_CONTEXT('2D SPACE',''
  ) );
#830 = PCURVE('',#554,#831);
#831 = DEFINITIONAL_REPRESENTATION('',(#832),#836);
#832 = LINE('',#833,#834);
#833 = CARTESIAN_POINT('',(0.,-6.400549446403));
#834 = VECTOR('',#835,1.);
#835 = DIRECTION('',(1.,0.));
#836 = ( GEOMETRIC_REPRESENTATION_CONTEXT(2) 
PARAMETRIC_REPRESENTATION_CONTEXT() REPRESENTATION_CONTEXT('2D SPACE',''
  ) );
#837 = FACE_BOUND('',#838,.T.);
#838 = EDGE_LOOP('',(#839,#865,#892,#916));
#839 = ORIENTED_EDGE('',*,*,#840,.T.);
#840 = EDGE_CURVE('',#841,#843,#845,.T.);
#841 = VERTEX_POINT('',#842);
#842 = CARTESIAN_POINT('',(37.63182310251,10.239428205785,7.));
#843 = VERTEX_POINT('',#844);
#844 = CARTESIAN_POINT('',(31.48661655959,23.012887207592,7.));
#845 = SURFACE_CURVE('',#846,(#851,#858),.PCURVE_S1.);
#846 = CIRCLE('',#847,39.);
#847 = AXIS2_PLACEMENT_3D('',#848,#849,#850);
#848 = CARTESIAN_POINT('',(0.,0.,7.));
#849 = DIRECTION('',(0.,0.,1.));
#850 = DIRECTION('',(1.,0.,0.));
#851 = PCURVE('',#122,#852);
#852 = DEFINITIONAL_REPRESENTATION('',(#853),#857);
#853 = LINE('',#854,#855);
#854 = CARTESIAN_POINT('',(0.,16.375));
#855 = VECTOR('',#856,1.);
#856 = DIRECTION('',(1.,0.));
#857 = ( GEOMETRIC_REPRESENTATION_CONTEXT(2) 
PARAMETRIC_REPRESENTATION_CONTEXT() REPRESENTATION_CONTEXT('2D SPACE',''
  ) );
#858 = PCURVE('',#350,#859);
#859 = DEFINITIONAL_REPRESENTATION('',(#860),#864);
#860 = CIRCLE('',#861,39.);
#861 = AXIS2_PLACEMENT_2D('',#862,#863);
#862 = CARTESIAN_POINT('',(-12.91835598487,-22.18030961503));
#863 = DIRECTION('',(0.942990333583,0.332820117735));
#864 = ( GEOMETRIC_REPRESENTATION_CONTEXT(2) 
PARAMETRIC_REPRESENTATION_CONTEXT() REPRESENTATION_CONTEXT('2D SPACE',''
  ) );
#865 = ORIENTED_EDGE('',*,*,#866,.F.);
#866 = EDGE_CURVE('',#867,#843,#869,.T.);
#867 = VERTEX_POINT('',#868);
#868 = CARTESIAN_POINT('',(31.48661655959,23.012887207592,-7.));
#869 = SURFACE_CURVE('',#870,(#874,#880),.PCURVE_S1.);
#870 = LINE('',#871,#872);
#871 = CARTESIAN_POINT('',(31.48661655959,23.012887207592,-9.375));
#872 = VECTOR('',#873,1.);
#873 = DIRECTION('',(0.,0.,1.));
#874 = PCURVE('',#122,#875);
#875 = DEFINITIONAL_REPRESENTATION('',(#876),#879);
#876 = B_SPLINE_CURVE_WITH_KNOTS('',1,(#877,#878),.UNSPECIFIED.,.F.,.F.,
  (2,2),(0.975,17.775),.PIECEWISE_BEZIER_KNOTS.);
#877 = CARTESIAN_POINT('',(0.631150534049,0.975));
#878 = CARTESIAN_POINT('',(0.631150534049,17.775));
#879 = ( GEOMETRIC_REPRESENTATION_CONTEXT(2) 
PARAMETRIC_REPRESENTATION_CONTEXT() REPRESENTATION_CONTEXT('2D SPACE',''
  ) );
#880 = PCURVE('',#881,#886);
#881 = PLANE('',#882);
#882 = AXIS2_PLACEMENT_3D('',#883,#884,#885);
#883 = CARTESIAN_POINT('',(22.892139254344,26.046232138855,-7.));
#884 = DIRECTION('',(0.332820117735,0.942990333583,0.));
#885 = DIRECTION('',(0.,0.,1.));
#886 = DEFINITIONAL_REPRESENTATION('',(#887),#891);
#887 = LINE('',#888,#889);
#888 = CARTESIAN_POINT('',(-2.375,9.114067238199));
#889 = VECTOR('',#890,1.);
#890 = DIRECTION('',(1.,0.));
#891 = ( GEOMETRIC_REPRESENTATION_CONTEXT(2) 
PARAMETRIC_REPRESENTATION_CONTEXT() REPRESENTATION_CONTEXT('2D SPACE',''
  ) );
#892 = ORIENTED_EDGE('',*,*,#893,.F.);
#893 = EDGE_CURVE('',#894,#867,#896,.T.);
#894 = VERTEX_POINT('',#895);
#895 = CARTESIAN_POINT('',(37.63182310251,10.239428205785,-7.));
#896 = SURFACE_CURVE('',#897,(#902,#909),.PCURVE_S1.);
#897 = CIRCLE('',#898,39.);
#898 = AXIS2_PLACEMENT_3D('',#899,#900,#901);
#899 = CARTESIAN_POINT('',(0.,0.,-7.));
#900 = DIRECTION('',(0.,0.,1.));
#901 = DIRECTION('',(1.,0.,0.));
#902 = PCURVE('',#122,#903);
#903 = DEFINITIONAL_REPRESENTATION('',(#904),#908);
#904 = LINE('',#905,#906);
#905 = CARTESIAN_POINT('',(0.,2.375));
#906 = VECTOR('',#907,1.);
#907 = DIRECTION('',(1.,0.));
#908 = ( GEOMETRIC_REPRESENTATION_CONTEXT(2) 
PARAMETRIC_REPRESENTATION_CONTEXT() REPRESENTATION_CONTEXT('2D SPACE',''
  ) );
#909 = PCURVE('',#294,#910);
#910 = DEFINITIONAL_REPRESENTATION('',(#911),#915);
#911 = CIRCLE('',#912,39.);
#912 = AXIS2_PLACEMENT_2D('',#913,#914);
#913 = CARTESIAN_POINT('',(-12.91835598487,-22.18030961503));
#914 = DIRECTION('',(0.942990333583,0.332820117735));
#915 = ( GEOMETRIC_REPRESENTATION_CONTEXT(2) 
PARAMETRIC_REPRESENTATION_CONTEXT() REPRESENTATION_CONTEXT('2D SPACE',''
  ) );
#916 = ORIENTED_EDGE('',*,*,#917,.T.);
#917 = EDGE_CURVE('',#894,#841,#918,.T.);
#918 = SURFACE_CURVE('',#919,(#923,#929),.PCURVE_S1.);
#919 = LINE('',#920,#921);
#920 = CARTESIAN_POINT('',(37.63182310251,10.239428205785,-9.375));
#921 = VECTOR('',#922,1.);
#922 = DIRECTION('',(0.,0.,1.));
#923 = PCURVE('',#122,#924);
#924 = DEFINITIONAL_REPRESENTATION('',(#925),#928);
#925 = B_SPLINE_CURVE_WITH_KNOTS('',1,(#926,#927),.UNSPECIFIED.,.F.,.F.,
  (2,2),(0.975,17.775),.PIECEWISE_BEZIER_KNOTS.);
#926 = CARTESIAN_POINT('',(0.265663387915,0.975));
#927 = CARTESIAN_POINT('',(0.265663387915,17.775));
#928 = ( GEOMETRIC_REPRESENTATION_CONTEXT(2) 
PARAMETRIC_REPRESENTATION_CONTEXT() REPRESENTATION_CONTEXT('2D SPACE',''
  ) );
#929 = PCURVE('',#930,#935);
#930 = PLANE('',#931);
#931 = AXIS2_PLACEMENT_3D('',#932,#933,#934);
#932 = CARTESIAN_POINT('',(19.563938076993,16.616328803026,-7.));
#933 = DIRECTION('',(0.332820117735,0.942990333583,0.));
#934 = DIRECTION('',(0.,0.,1.));
#935 = DEFINITIONAL_REPRESENTATION('',(#936),#940);
#936 = LINE('',#937,#938);
#937 = CARTESIAN_POINT('',(-2.375,19.160201734909));
#938 = VECTOR('',#939,1.);
#939 = DIRECTION('',(1.,0.));
#940 = ( GEOMETRIC_REPRESENTATION_CONTEXT(2) 
PARAMETRIC_REPRESENTATION_CONTEXT() REPRESENTATION_CONTEXT('2D SPACE',''
  ) );
#941 = ADVANCED_FACE('',(#942),#151,.T.);
#942 = FACE_BOUND('',#943,.T.);
#943 = EDGE_LOOP('',(#944,#967,#968,#969,#970,#993,#1016,#1039,#1067));
#944 = ORIENTED_EDGE('',*,*,#945,.T.);
#945 = EDGE_CURVE('',#946,#391,#948,.T.);
#946 = VERTEX_POINT('',#947);
#947 = CARTESIAN_POINT('',(0.2,-42.,9.375));
#948 = SURFACE_CURVE('',#949,(#953,#960),.PCURVE_S1.);
#949 = LINE('',#950,#951);
#950 = CARTESIAN_POINT('',(-14.,-42.,9.375));
#951 = VECTOR('',#952,1.);
#952 = DIRECTION('',(1.,0.,0.));
#953 = PCURVE('',#151,#954);
#954 = DEFINITIONAL_REPRESENTATION('',(#955),#959);
#955 = LINE('',#956,#957);
#956 = CARTESIAN_POINT('',(-14.,-42.));
#957 = VECTOR('',#958,1.);
#958 = DIRECTION('',(1.,0.));
#959 = ( GEOMETRIC_REPRESENTATION_CONTEXT(2) 
PARAMETRIC_REPRESENTATION_CONTEXT() REPRESENTATION_CONTEXT('2D SPACE',''
  ) );
#960 = PCURVE('',#429,#961);
#961 = DEFINITIONAL_REPRESENTATION('',(#962),#966);
#962 = LINE('',#963,#964);
#963 = CARTESIAN_POINT('',(18.75,0.));
#964 = VECTOR('',#965,1.);
#965 = DIRECTION('',(0.,1.));
#966 = ( GEOMETRIC_REPRESENTATION_CONTEXT(2) 
PARAMETRIC_REPRESENTATION_CONTEXT() REPRESENTATION_CONTEXT('2D SPACE',''
  ) );
#967 = ORIENTED_EDGE('',*,*,#390,.T.);
#968 = ORIENTED_EDGE('',*,*,#134,.T.);
#969 = ORIENTED_EDGE('',*,*,#680,.T.);
#970 = ORIENTED_EDGE('',*,*,#971,.T.);
#971 = EDGE_CURVE('',#681,#972,#974,.T.);
#972 = VERTEX_POINT('',#973);
#973 = CARTESIAN_POINT('',(14.,42.,9.375));
#974 = SURFACE_CURVE('',#975,(#979,#986),.PCURVE_S1.);
#975 = LINE('',#976,#977);
#976 = CARTESIAN_POINT('',(14.,30.,9.375));
#977 = VECTOR('',#978,1.);
#978 = DIRECTION('',(0.,1.,0.));
#979 = PCURVE('',#151,#980);
#980 = DEFINITIONAL_REPRESENTATION('',(#981),#985);
#981 = LINE('',#982,#983);
#982 = CARTESIAN_POINT('',(14.,30.));
#983 = VECTOR('',#984,1.);
#984 = DIRECTION('',(0.,1.));
#985 = ( GEOMETRIC_REPRESENTATION_CONTEXT(2) 
PARAMETRIC_REPRESENTATION_CONTEXT() REPRESENTATION_CONTEXT('2D SPACE',''
  ) );
#986 = PCURVE('',#554,#987);
#987 = DEFINITIONAL_REPRESENTATION('',(#988),#992);
#988 = LINE('',#989,#990);
#989 = CARTESIAN_POINT('',(18.75,0.));
#990 = VECTOR('',#991,1.);
#991 = DIRECTION('',(0.,-1.));
#992 = ( GEOMETRIC_REPRESENTATION_CONTEXT(2) 
PARAMETRIC_REPRESENTATION_CONTEXT() REPRESENTATION_CONTEXT('2D SPACE',''
  ) );
#993 = ORIENTED_EDGE('',*,*,#994,.F.);
#994 = EDGE_CURVE('',#995,#972,#997,.T.);
#995 = VERTEX_POINT('',#996);
#996 = CARTESIAN_POINT('',(0.2,42.,9.375));
#997 = SURFACE_CURVE('',#998,(#1002,#1009),.PCURVE_S1.);
#998 = LINE('',#999,#1000);
#999 = CARTESIAN_POINT('',(-14.,42.,9.375));
#1000 = VECTOR('',#1001,1.);
#1001 = DIRECTION('',(1.,0.,0.));
#1002 = PCURVE('',#151,#1003);
#1003 = DEFINITIONAL_REPRESENTATION('',(#1004),#1008);
#1004 = LINE('',#1005,#1006);
#1005 = CARTESIAN_POINT('',(-14.,42.));
#1006 = VECTOR('',#1007,1.);
#1007 = DIRECTION('',(1.,0.));
#1008 = ( GEOMETRIC_REPRESENTATION_CONTEXT(2) 
PARAMETRIC_REPRESENTATION_CONTEXT() REPRESENTATION_CONTEXT('2D SPACE',''
  ) );
#1009 = PCURVE('',#582,#1010);
#1010 = DEFINITIONAL_REPRESENTATION('',(#1011),#1015);
#1011 = LINE('',#1012,#1013);
#1012 = CARTESIAN_POINT('',(18.75,0.));
#1013 = VECTOR('',#1014,1.);
#1014 = DIRECTION('',(0.,1.));
#1015 = ( GEOMETRIC_REPRESENTATION_CONTEXT(2) 
PARAMETRIC_REPRESENTATION_CONTEXT() REPRESENTATION_CONTEXT('2D SPACE',''
  ) );
#1016 = ORIENTED_EDGE('',*,*,#1017,.F.);
#1017 = EDGE_CURVE('',#1018,#995,#1020,.T.);
#1018 = VERTEX_POINT('',#1019);
#1019 = CARTESIAN_POINT('',(0.2,29.004310455517,9.375));
#1020 = SURFACE_CURVE('',#1021,(#1025,#1032),.PCURVE_S1.);
#1021 = LINE('',#1022,#1023);
#1022 = CARTESIAN_POINT('',(0.2,-24.,9.375));
#1023 = VECTOR('',#1024,1.);
#1024 = DIRECTION('',(0.,1.,0.));
#1025 = PCURVE('',#151,#1026);
#1026 = DEFINITIONAL_REPRESENTATION('',(#1027),#1031);
#1027 = LINE('',#1028,#1029);
#1028 = CARTESIAN_POINT('',(0.2,-24.));
#1029 = VECTOR('',#1030,1.);
#1030 = DIRECTION('',(0.,1.));
#1031 = ( GEOMETRIC_REPRESENTATION_CONTEXT(2) 
PARAMETRIC_REPRESENTATION_CONTEXT() REPRESENTATION_CONTEXT('2D SPACE',''
  ) );
#1032 = PCURVE('',#610,#1033);
#1033 = DEFINITIONAL_REPRESENTATION('',(#1034),#1038);
#1034 = LINE('',#1035,#1036);
#1035 = CARTESIAN_POINT('',(20.165,-24.));
#1036 = VECTOR('',#1037,1.);
#1037 = DIRECTION('',(0.,-1.));
#1038 = ( GEOMETRIC_REPRESENTATION_CONTEXT(2) 
PARAMETRIC_REPRESENTATION_CONTEXT() REPRESENTATION_CONTEXT('2D SPACE',''
  ) );
#1039 = ORIENTED_EDGE('',*,*,#1040,.T.);
#1040 = EDGE_CURVE('',#1018,#1041,#1043,.T.);
#1041 = VERTEX_POINT('',#1042);
#1042 = CARTESIAN_POINT('',(0.2,-29.00431045551,9.375));
#1043 = SURFACE_CURVE('',#1044,(#1049,#1060),.PCURVE_S1.);
#1044 = CIRCLE('',#1045,29.005);
#1045 = AXIS2_PLACEMENT_3D('',#1046,#1047,#1048);
#1046 = CARTESIAN_POINT('',(0.,0.,9.375));
#1047 = DIRECTION('',(0.,0.,-1.));
#1048 = DIRECTION('',(6.89536286847E-03,0.999976226703,0.));
#1049 = PCURVE('',#151,#1050);
#1050 = DEFINITIONAL_REPRESENTATION('',(#1051),#1059);
#1051 = ( BOUNDED_CURVE() B_SPLINE_CURVE(2,(#1052,#1053,#1054,#1055,
#1056,#1057,#1058),.UNSPECIFIED.,.T.,.F.) B_SPLINE_CURVE_WITH_KNOTS((1,2
    ,2,2,2,1),(-2.094395102393,0.,2.094395102393,4.188790204786,
6.28318530718,8.377580409573),.UNSPECIFIED.) CURVE() 
GEOMETRIC_REPRESENTATION_ITEM() RATIONAL_B_SPLINE_CURVE((1.,0.5,1.,0.5,
1.,0.5,1.)) REPRESENTATION_ITEM('') );
#1052 = CARTESIAN_POINT('',(0.2,29.004310455517));
#1053 = CARTESIAN_POINT('',(50.436939347456,28.657900294003));
#1054 = CARTESIAN_POINT('',(25.018469673728,-14.67536030851));
#1055 = CARTESIAN_POINT('',(-0.4,-58.00862091103));
#1056 = CARTESIAN_POINT('',(-25.21846967372,-14.328950147));
#1057 = CARTESIAN_POINT('',(-50.03693934745,29.35072061703));
#1058 = CARTESIAN_POINT('',(0.2,29.004310455517));
#1059 = ( GEOMETRIC_REPRESENTATION_CONTEXT(2) 
PARAMETRIC_REPRESENTATION_CONTEXT() REPRESENTATION_CONTEXT('2D SPACE',''
  ) );
#1060 = PCURVE('',#639,#1061);
#1061 = DEFINITIONAL_REPRESENTATION('',(#1062),#1066);
#1062 = LINE('',#1063,#1064);
#1063 = CARTESIAN_POINT('',(1.563900909284,19.75));
#1064 = VECTOR('',#1065,1.);
#1065 = DIRECTION('',(-1.,-0.));
#1066 = ( GEOMETRIC_REPRESENTATION_CONTEXT(2) 
PARAMETRIC_REPRESENTATION_CONTEXT() REPRESENTATION_CONTEXT('2D SPACE',''
  ) );
#1067 = ORIENTED_EDGE('',*,*,#1068,.F.);
#1068 = EDGE_CURVE('',#946,#1041,#1069,.T.);
#1069 = SURFACE_CURVE('',#1070,(#1074,#1081),.PCURVE_S1.);
#1070 = LINE('',#1071,#1072);
#1071 = CARTESIAN_POINT('',(0.2,-24.,9.375));
#1072 = VECTOR('',#1073,1.);
#1073 = DIRECTION('',(0.,1.,0.));
#1074 = PCURVE('',#151,#1075);
#1075 = DEFINITIONAL_REPRESENTATION('',(#1076),#1080);
#1076 = LINE('',#1077,#1078);
#1077 = CARTESIAN_POINT('',(0.2,-24.));
#1078 = VECTOR('',#1079,1.);
#1079 = DIRECTION('',(0.,1.));
#1080 = ( GEOMETRIC_REPRESENTATION_CONTEXT(2) 
PARAMETRIC_REPRESENTATION_CONTEXT() REPRESENTATION_CONTEXT('2D SPACE',''
  ) );
#1081 = PCURVE('',#665,#1082);
#1082 = DEFINITIONAL_REPRESENTATION('',(#1083),#1087);
#1083 = LINE('',#1084,#1085);
#1084 = CARTESIAN_POINT('',(20.165,-24.));
#1085 = VECTOR('',#1086,1.);
#1086 = DIRECTION('',(0.,-1.));
#1087 = ( GEOMETRIC_REPRESENTATION_CONTEXT(2) 
PARAMETRIC_REPRESENTATION_CONTEXT() REPRESENTATION_CONTEXT('2D SPACE',''
  ) );
#1088 = ADVANCED_FACE('',(#1089),#205,.F.);
#1089 = FACE_BOUND('',#1090,.F.);
#1090 = EDGE_LOOP('',(#1091,#1114,#1115,#1116,#1117,#1139,#1140));
#1091 = ORIENTED_EDGE('',*,*,#1092,.T.);
#1092 = EDGE_CURVE('',#1093,#220,#1095,.T.);
#1093 = VERTEX_POINT('',#1094);
#1094 = CARTESIAN_POINT('',(0.2,-36.,-4.2));
#1095 = SEAM_CURVE('',#1096,(#1100,#1107),.PCURVE_S1.);
#1096 = LINE('',#1097,#1098);
#1097 = CARTESIAN_POINT('',(-15.,-36.,-4.2));
#1098 = VECTOR('',#1099,1.);
#1099 = DIRECTION('',(1.,0.,2.22044604925E-16));
#1100 = PCURVE('',#205,#1101);
#1101 = DEFINITIONAL_REPRESENTATION('',(#1102),#1106);
#1102 = LINE('',#1103,#1104);
#1103 = CARTESIAN_POINT('',(6.28318530718,0.));
#1104 = VECTOR('',#1105,1.);
#1105 = DIRECTION('',(0.,1.));
#1106 = ( GEOMETRIC_REPRESENTATION_CONTEXT(2) 
PARAMETRIC_REPRESENTATION_CONTEXT() REPRESENTATION_CONTEXT('2D SPACE',''
  ) );
#1107 = PCURVE('',#205,#1108);
#1108 = DEFINITIONAL_REPRESENTATION('',(#1109),#1113);
#1109 = LINE('',#1110,#1111);
#1110 = CARTESIAN_POINT('',(4.138911435803E-13,0.));
#1111 = VECTOR('',#1112,1.);
#1112 = DIRECTION('',(0.,1.));
#1113 = ( GEOMETRIC_REPRESENTATION_CONTEXT(2) 
PARAMETRIC_REPRESENTATION_CONTEXT() REPRESENTATION_CONTEXT('2D SPACE',''
  ) );
#1114 = ORIENTED_EDGE('',*,*,#246,.F.);
#1115 = ORIENTED_EDGE('',*,*,#463,.F.);
#1116 = ORIENTED_EDGE('',*,*,#185,.F.);
#1117 = ORIENTED_EDGE('',*,*,#1118,.F.);
#1118 = EDGE_CURVE('',#220,#186,#1119,.T.);
#1119 = SURFACE_CURVE('',#1120,(#1125,#1132),.PCURVE_S1.);
#1120 = CIRCLE('',#1121,4.2);
#1121 = AXIS2_PLACEMENT_3D('',#1122,#1123,#1124);
#1122 = CARTESIAN_POINT('',(15.,-36.,3.330669073875E-15));
#1123 = DIRECTION('',(1.,-0.,2.22044604925E-16));
#1124 = DIRECTION('',(2.22044604925E-16,0.,-1.));
#1125 = PCURVE('',#205,#1126);
#1126 = DEFINITIONAL_REPRESENTATION('',(#1127),#1131);
#1127 = LINE('',#1128,#1129);
#1128 = CARTESIAN_POINT('',(0.,30.));
#1129 = VECTOR('',#1130,1.);
#1130 = DIRECTION('',(1.,0.));
#1131 = ( GEOMETRIC_REPRESENTATION_CONTEXT(2) 
PARAMETRIC_REPRESENTATION_CONTEXT() REPRESENTATION_CONTEXT('2D SPACE',''
  ) );
#1132 = PCURVE('',#234,#1133);
#1133 = DEFINITIONAL_REPRESENTATION('',(#1134),#1138);
#1134 = CIRCLE('',#1135,4.2);
#1135 = AXIS2_PLACEMENT_2D('',#1136,#1137);
#1136 = CARTESIAN_POINT('',(0.,0.));
#1137 = DIRECTION('',(1.,0.));
#1138 = ( GEOMETRIC_REPRESENTATION_CONTEXT(2) 
PARAMETRIC_REPRESENTATION_CONTEXT() REPRESENTATION_CONTEXT('2D SPACE',''
  ) );
#1139 = ORIENTED_EDGE('',*,*,#1092,.F.);
#1140 = ORIENTED_EDGE('',*,*,#1141,.T.);
#1141 = EDGE_CURVE('',#1093,#1093,#1142,.T.);
#1142 = SURFACE_CURVE('',#1143,(#1148,#1155),.PCURVE_S1.);
#1143 = CIRCLE('',#1144,4.2);
#1144 = AXIS2_PLACEMENT_3D('',#1145,#1146,#1147);
#1145 = CARTESIAN_POINT('',(0.2,-36.,4.440892098501E-17));
#1146 = DIRECTION('',(1.,-0.,2.22044604925E-16));
#1147 = DIRECTION('',(2.22044604925E-16,0.,-1.));
#1148 = PCURVE('',#205,#1149);
#1149 = DEFINITIONAL_REPRESENTATION('',(#1150),#1154);
#1150 = LINE('',#1151,#1152);
#1151 = CARTESIAN_POINT('',(0.,15.2));
#1152 = VECTOR('',#1153,1.);
#1153 = DIRECTION('',(1.,0.));
#1154 = ( GEOMETRIC_REPRESENTATION_CONTEXT(2) 
PARAMETRIC_REPRESENTATION_CONTEXT() REPRESENTATION_CONTEXT('2D SPACE',''
  ) );
#1155 = PCURVE('',#665,#1156);
#1156 = DEFINITIONAL_REPRESENTATION('',(#1157),#1161);
#1157 = CIRCLE('',#1158,4.2);
#1158 = AXIS2_PLACEMENT_2D('',#1159,#1160);
#1159 = CARTESIAN_POINT('',(10.79,-12.));
#1160 = DIRECTION('',(-1.,0.));
#1161 = ( GEOMETRIC_REPRESENTATION_CONTEXT(2) 
PARAMETRIC_REPRESENTATION_CONTEXT() REPRESENTATION_CONTEXT('2D SPACE',''
  ) );
#1162 = ADVANCED_FACE('',(#1163),#234,.F.);
#1163 = FACE_BOUND('',#1164,.F.);
#1164 = EDGE_LOOP('',(#1165,#1166));
#1165 = ORIENTED_EDGE('',*,*,#219,.F.);
#1166 = ORIENTED_EDGE('',*,*,#1118,.T.);
#1167 = ADVANCED_FACE('',(#1168),#294,.F.);
#1168 = FACE_BOUND('',#1169,.F.);
#1169 = EDGE_LOOP('',(#1170,#1193,#1194,#1217,#1238,#1239,#1262,#1290,
    #1318,#1347,#1375,#1403,#1427,#1455));
#1170 = ORIENTED_EDGE('',*,*,#1171,.F.);
#1171 = EDGE_CURVE('',#867,#1172,#1174,.T.);
#1172 = VERTEX_POINT('',#1173);
#1173 = CARTESIAN_POINT('',(81.666666666667,5.302281287447,-7.));
#1174 = SURFACE_CURVE('',#1175,(#1179,#1186),.PCURVE_S1.);
#1175 = LINE('',#1176,#1177);
#1176 = CARTESIAN_POINT('',(22.892139254344,26.046232138855,-7.));
#1177 = VECTOR('',#1178,1.);
#1178 = DIRECTION('',(0.942990333583,-0.332820117735,0.));
#1179 = PCURVE('',#294,#1180);
#1180 = DEFINITIONAL_REPRESENTATION('',(#1181),#1185);
#1181 = LINE('',#1182,#1183);
#1182 = CARTESIAN_POINT('',(1.27409194306E-12,10.));
#1183 = VECTOR('',#1184,1.);
#1184 = DIRECTION('',(1.,0.));
#1185 = ( GEOMETRIC_REPRESENTATION_CONTEXT(2) 
PARAMETRIC_REPRESENTATION_CONTEXT() REPRESENTATION_CONTEXT('2D SPACE',''
  ) );
#1186 = PCURVE('',#881,#1187);
#1187 = DEFINITIONAL_REPRESENTATION('',(#1188),#1192);
#1188 = LINE('',#1189,#1190);
#1189 = CARTESIAN_POINT('',(0.,0.));
#1190 = VECTOR('',#1191,1.);
#1191 = DIRECTION('',(0.,1.));
#1192 = ( GEOMETRIC_REPRESENTATION_CONTEXT(2) 
PARAMETRIC_REPRESENTATION_CONTEXT() REPRESENTATION_CONTEXT('2D SPACE',''
  ) );
#1193 = ORIENTED_EDGE('',*,*,#893,.F.);
#1194 = ORIENTED_EDGE('',*,*,#1195,.T.);
#1195 = EDGE_CURVE('',#894,#1196,#1198,.T.);
#1196 = VERTEX_POINT('',#1197);
#1197 = CARTESIAN_POINT('',(66.643536352233,0.,-7.));
#1198 = SURFACE_CURVE('',#1199,(#1203,#1210),.PCURVE_S1.);
#1199 = LINE('',#1200,#1201);
#1200 = CARTESIAN_POINT('',(19.563938076993,16.616328803026,-7.));
#1201 = VECTOR('',#1202,1.);
#1202 = DIRECTION('',(0.942990333583,-0.332820117735,0.));
#1203 = PCURVE('',#294,#1204);
#1204 = DEFINITIONAL_REPRESENTATION('',(#1205),#1209);
#1205 = LINE('',#1206,#1207);
#1206 = CARTESIAN_POINT('',(0.,0.));
#1207 = VECTOR('',#1208,1.);
#1208 = DIRECTION('',(1.,0.));
#1209 = ( GEOMETRIC_REPRESENTATION_CONTEXT(2) 
PARAMETRIC_REPRESENTATION_CONTEXT() REPRESENTATION_CONTEXT('2D SPACE',''
  ) );
#1210 = PCURVE('',#930,#1211);
#1211 = DEFINITIONAL_REPRESENTATION('',(#1212),#1216);
#1212 = LINE('',#1213,#1214);
#1213 = CARTESIAN_POINT('',(0.,0.));
#1214 = VECTOR('',#1215,1.);
#1215 = DIRECTION('',(0.,1.));
#1216 = ( GEOMETRIC_REPRESENTATION_CONTEXT(2) 
PARAMETRIC_REPRESENTATION_CONTEXT() REPRESENTATION_CONTEXT('2D SPACE',''
  ) );
#1217 = ORIENTED_EDGE('',*,*,#1218,.F.);
#1218 = EDGE_CURVE('',#278,#1196,#1219,.T.);
#1219 = SURFACE_CURVE('',#1220,(#1224,#1231),.PCURVE_S1.);
#1220 = LINE('',#1221,#1222);
#1221 = CARTESIAN_POINT('',(19.563938076993,-16.61632880302,-7.));
#1222 = VECTOR('',#1223,1.);
#1223 = DIRECTION('',(0.942990333583,0.332820117735,0.));
#1224 = PCURVE('',#294,#1225);
#1225 = DEFINITIONAL_REPRESENTATION('',(#1226),#1230);
#1226 = LINE('',#1227,#1228);
#1227 = CARTESIAN_POINT('',(11.060497017091,-31.33807488177));
#1228 = VECTOR('',#1229,1.);
#1229 = DIRECTION('',(0.778461538462,0.627692307692));
#1230 = ( GEOMETRIC_REPRESENTATION_CONTEXT(2) 
PARAMETRIC_REPRESENTATION_CONTEXT() REPRESENTATION_CONTEXT('2D SPACE',''
  ) );
#1231 = PCURVE('',#375,#1232);
#1232 = DEFINITIONAL_REPRESENTATION('',(#1233),#1237);
#1233 = LINE('',#1234,#1235);
#1234 = CARTESIAN_POINT('',(0.,0.));
#1235 = VECTOR('',#1236,1.);
#1236 = DIRECTION('',(0.,1.));
#1237 = ( GEOMETRIC_REPRESENTATION_CONTEXT(2) 
PARAMETRIC_REPRESENTATION_CONTEXT() REPRESENTATION_CONTEXT('2D SPACE',''
  ) );
#1238 = ORIENTED_EDGE('',*,*,#275,.F.);
#1239 = ORIENTED_EDGE('',*,*,#1240,.T.);
#1240 = EDGE_CURVE('',#276,#1241,#1243,.T.);
#1241 = VERTEX_POINT('',#1242);
#1242 = CARTESIAN_POINT('',(81.666666666667,-5.302281287447,-7.));
#1243 = SURFACE_CURVE('',#1244,(#1248,#1255),.PCURVE_S1.);
#1244 = LINE('',#1245,#1246);
#1245 = CARTESIAN_POINT('',(22.892139254344,-26.04623213885,-7.));
#1246 = VECTOR('',#1247,1.);
#1247 = DIRECTION('',(0.942990333583,0.332820117735,0.));
#1248 = PCURVE('',#294,#1249);
#1249 = DEFINITIONAL_REPRESENTATION('',(#1250),#1254);
#1250 = LINE('',#1251,#1252);
#1251 = CARTESIAN_POINT('',(17.337420094012,-39.12269026639));
#1252 = VECTOR('',#1253,1.);
#1253 = DIRECTION('',(0.778461538462,0.627692307692));
#1254 = ( GEOMETRIC_REPRESENTATION_CONTEXT(2) 
PARAMETRIC_REPRESENTATION_CONTEXT() REPRESENTATION_CONTEXT('2D SPACE',''
  ) );
#1255 = PCURVE('',#321,#1256);
#1256 = DEFINITIONAL_REPRESENTATION('',(#1257),#1261);
#1257 = LINE('',#1258,#1259);
#1258 = CARTESIAN_POINT('',(0.,0.));
#1259 = VECTOR('',#1260,1.);
#1260 = DIRECTION('',(0.,1.));
#1261 = ( GEOMETRIC_REPRESENTATION_CONTEXT(2) 
PARAMETRIC_REPRESENTATION_CONTEXT() REPRESENTATION_CONTEXT('2D SPACE',''
  ) );
#1262 = ORIENTED_EDGE('',*,*,#1263,.T.);
#1263 = EDGE_CURVE('',#1241,#1264,#1266,.T.);
#1264 = VERTEX_POINT('',#1265);
#1265 = CARTESIAN_POINT('',(112.10786074565,-16.04623213885,-7.));
#1266 = SURFACE_CURVE('',#1267,(#1271,#1278),.PCURVE_S1.);
#1267 = LINE('',#1268,#1269);
#1268 = CARTESIAN_POINT('',(19.563938076993,16.616328803026,-7.));
#1269 = VECTOR('',#1270,1.);
#1270 = DIRECTION('',(0.942990333583,-0.332820117735,0.));
#1271 = PCURVE('',#294,#1272);
#1272 = DEFINITIONAL_REPRESENTATION('',(#1273),#1277);
#1273 = LINE('',#1274,#1275);
#1274 = CARTESIAN_POINT('',(0.,0.));
#1275 = VECTOR('',#1276,1.);
#1276 = DIRECTION('',(1.,0.));
#1277 = ( GEOMETRIC_REPRESENTATION_CONTEXT(2) 
PARAMETRIC_REPRESENTATION_CONTEXT() REPRESENTATION_CONTEXT('2D SPACE',''
  ) );
#1278 = PCURVE('',#1279,#1284);
#1279 = PLANE('',#1280);
#1280 = AXIS2_PLACEMENT_3D('',#1281,#1282,#1283);
#1281 = CARTESIAN_POINT('',(19.563938076993,16.616328803026,-7.));
#1282 = DIRECTION('',(0.332820117735,0.942990333583,0.));
#1283 = DIRECTION('',(0.,0.,1.));
#1284 = DEFINITIONAL_REPRESENTATION('',(#1285),#1289);
#1285 = LINE('',#1286,#1287);
#1286 = CARTESIAN_POINT('',(0.,0.));
#1287 = VECTOR('',#1288,1.);
#1288 = DIRECTION('',(0.,1.));
#1289 = ( GEOMETRIC_REPRESENTATION_CONTEXT(2) 
PARAMETRIC_REPRESENTATION_CONTEXT() REPRESENTATION_CONTEXT('2D SPACE',''
  ) );
#1290 = ORIENTED_EDGE('',*,*,#1291,.T.);
#1291 = EDGE_CURVE('',#1264,#1292,#1294,.T.);
#1292 = VERTEX_POINT('',#1293);
#1293 = CARTESIAN_POINT('',(112.80029608002,-14.0843320248,-7.));
#1294 = SURFACE_CURVE('',#1295,(#1299,#1306),.PCURVE_S1.);
#1295 = LINE('',#1296,#1297);
#1296 = CARTESIAN_POINT('',(112.10786074565,-16.04623213885,-7.));
#1297 = VECTOR('',#1298,1.);
#1298 = DIRECTION('',(0.332820117735,0.942990333583,0.));
#1299 = PCURVE('',#294,#1300);
#1300 = DEFINITIONAL_REPRESENTATION('',(#1301),#1305);
#1301 = LINE('',#1302,#1303);
#1302 = CARTESIAN_POINT('',(98.138781886592,-1.356070811198E-11));
#1303 = VECTOR('',#1304,1.);
#1304 = DIRECTION('',(0.,1.));
#1305 = ( GEOMETRIC_REPRESENTATION_CONTEXT(2) 
PARAMETRIC_REPRESENTATION_CONTEXT() REPRESENTATION_CONTEXT('2D SPACE',''
  ) );
#1306 = PCURVE('',#1307,#1312);
#1307 = PLANE('',#1308);
#1308 = AXIS2_PLACEMENT_3D('',#1309,#1310,#1311);
#1309 = CARTESIAN_POINT('',(112.10786074565,-16.04623213885,-7.));
#1310 = DIRECTION('',(0.942990333583,-0.332820117735,0.));
#1311 = DIRECTION('',(0.,0.,1.));
#1312 = DEFINITIONAL_REPRESENTATION('',(#1313),#1317);
#1313 = LINE('',#1314,#1315);
#1314 = CARTESIAN_POINT('',(0.,0.));
#1315 = VECTOR('',#1316,1.);
#1316 = DIRECTION('',(0.,-1.));
#1317 = ( GEOMETRIC_REPRESENTATION_CONTEXT(2) 
PARAMETRIC_REPRESENTATION_CONTEXT() REPRESENTATION_CONTEXT('2D SPACE',''
  ) );
#1318 = ORIENTED_EDGE('',*,*,#1319,.F.);
#1319 = EDGE_CURVE('',#1320,#1292,#1322,.T.);
#1320 = VERTEX_POINT('',#1321);
#1321 = CARTESIAN_POINT('',(107.35759749062,-3.765106062183,-7.));
#1322 = SURFACE_CURVE('',#1323,(#1328,#1335),.PCURVE_S1.);
#1323 = CIRCLE('',#1324,20.);
#1324 = AXIS2_PLACEMENT_3D('',#1325,#1326,#1327);
#1325 = CARTESIAN_POINT('',(127.,0.,-7.));
#1326 = DIRECTION('',(0.,0.,1.));
#1327 = DIRECTION('',(1.,0.,0.));
#1328 = PCURVE('',#294,#1329);
#1329 = DEFINITIONAL_REPRESENTATION('',(#1330),#1334);
#1330 = CIRCLE('',#1331,20.);
#1331 = AXIS2_PLACEMENT_2D('',#1332,#1333);
#1332 = CARTESIAN_POINT('',(106.84141638016,20.087845337308));
#1333 = DIRECTION('',(0.942990333583,0.332820117735));
#1334 = ( GEOMETRIC_REPRESENTATION_CONTEXT(2) 
PARAMETRIC_REPRESENTATION_CONTEXT() REPRESENTATION_CONTEXT('2D SPACE',''
  ) );
#1335 = PCURVE('',#1336,#1341);
#1336 = CYLINDRICAL_SURFACE('',#1337,20.);
#1337 = AXIS2_PLACEMENT_3D('',#1338,#1339,#1340);
#1338 = CARTESIAN_POINT('',(127.,0.,-9.79));
#1339 = DIRECTION('',(0.,0.,1.));
#1340 = DIRECTION('',(1.,0.,0.));
#1341 = DEFINITIONAL_REPRESENTATION('',(#1342),#1346);
#1342 = LINE('',#1343,#1344);
#1343 = CARTESIAN_POINT('',(0.,2.79));
#1344 = VECTOR('',#1345,1.);
#1345 = DIRECTION('',(1.,0.));
#1346 = ( GEOMETRIC_REPRESENTATION_CONTEXT(2) 
PARAMETRIC_REPRESENTATION_CONTEXT() REPRESENTATION_CONTEXT('2D SPACE',''
  ) );
#1347 = ORIENTED_EDGE('',*,*,#1348,.F.);
#1348 = EDGE_CURVE('',#1349,#1320,#1351,.T.);
#1349 = VERTEX_POINT('',#1350);
#1350 = CARTESIAN_POINT('',(96.6897969811,0.,-7.));
#1351 = SURFACE_CURVE('',#1352,(#1356,#1363),.PCURVE_S1.);
#1352 = LINE('',#1353,#1354);
#1353 = CARTESIAN_POINT('',(22.892139254344,26.046232138855,-7.));
#1354 = VECTOR('',#1355,1.);
#1355 = DIRECTION('',(0.942990333583,-0.332820117735,0.));
#1356 = PCURVE('',#294,#1357);
#1357 = DEFINITIONAL_REPRESENTATION('',(#1358),#1362);
#1358 = LINE('',#1359,#1360);
#1359 = CARTESIAN_POINT('',(1.27409194306E-12,10.));
#1360 = VECTOR('',#1361,1.);
#1361 = DIRECTION('',(1.,0.));
#1362 = ( GEOMETRIC_REPRESENTATION_CONTEXT(2) 
PARAMETRIC_REPRESENTATION_CONTEXT() REPRESENTATION_CONTEXT('2D SPACE',''
  ) );
#1363 = PCURVE('',#1364,#1369);
#1364 = PLANE('',#1365);
#1365 = AXIS2_PLACEMENT_3D('',#1366,#1367,#1368);
#1366 = CARTESIAN_POINT('',(22.892139254344,26.046232138855,-7.));
#1367 = DIRECTION('',(0.332820117735,0.942990333583,0.));
#1368 = DIRECTION('',(0.,0.,1.));
#1369 = DEFINITIONAL_REPRESENTATION('',(#1370),#1374);
#1370 = LINE('',#1371,#1372);
#1371 = CARTESIAN_POINT('',(0.,0.));
#1372 = VECTOR('',#1373,1.);
#1373 = DIRECTION('',(0.,1.));
#1374 = ( GEOMETRIC_REPRESENTATION_CONTEXT(2) 
PARAMETRIC_REPRESENTATION_CONTEXT() REPRESENTATION_CONTEXT('2D SPACE',''
  ) );
#1375 = ORIENTED_EDGE('',*,*,#1376,.T.);
#1376 = EDGE_CURVE('',#1349,#1377,#1379,.T.);
#1377 = VERTEX_POINT('',#1378);
#1378 = CARTESIAN_POINT('',(107.35759749062,3.765106062183,-7.));
#1379 = SURFACE_CURVE('',#1380,(#1384,#1391),.PCURVE_S1.);
#1380 = LINE('',#1381,#1382);
#1381 = CARTESIAN_POINT('',(22.892139254344,-26.04623213885,-7.));
#1382 = VECTOR('',#1383,1.);
#1383 = DIRECTION('',(0.942990333583,0.332820117735,0.));
#1384 = PCURVE('',#294,#1385);
#1385 = DEFINITIONAL_REPRESENTATION('',(#1386),#1390);
#1386 = LINE('',#1387,#1388);
#1387 = CARTESIAN_POINT('',(17.337420094012,-39.12269026639));
#1388 = VECTOR('',#1389,1.);
#1389 = DIRECTION('',(0.778461538462,0.627692307692));
#1390 = ( GEOMETRIC_REPRESENTATION_CONTEXT(2) 
PARAMETRIC_REPRESENTATION_CONTEXT() REPRESENTATION_CONTEXT('2D SPACE',''
  ) );
#1391 = PCURVE('',#1392,#1397);
#1392 = PLANE('',#1393);
#1393 = AXIS2_PLACEMENT_3D('',#1394,#1395,#1396);
#1394 = CARTESIAN_POINT('',(22.892139254344,-26.04623213885,-7.));
#1395 = DIRECTION('',(-0.332820117735,0.942990333583,0.));
#1396 = DIRECTION('',(0.,0.,1.));
#1397 = DEFINITIONAL_REPRESENTATION('',(#1398),#1402);
#1398 = LINE('',#1399,#1400);
#1399 = CARTESIAN_POINT('',(0.,0.));
#1400 = VECTOR('',#1401,1.);
#1401 = DIRECTION('',(0.,1.));
#1402 = ( GEOMETRIC_REPRESENTATION_CONTEXT(2) 
PARAMETRIC_REPRESENTATION_CONTEXT() REPRESENTATION_CONTEXT('2D SPACE',''
  ) );
#1403 = ORIENTED_EDGE('',*,*,#1404,.F.);
#1404 = EDGE_CURVE('',#1405,#1377,#1407,.T.);
#1405 = VERTEX_POINT('',#1406);
#1406 = CARTESIAN_POINT('',(112.80029608002,14.084332024809,-7.));
#1407 = SURFACE_CURVE('',#1408,(#1413,#1420),.PCURVE_S1.);
#1408 = CIRCLE('',#1409,20.);
#1409 = AXIS2_PLACEMENT_3D('',#1410,#1411,#1412);
#1410 = CARTESIAN_POINT('',(127.,0.,-7.));
#1411 = DIRECTION('',(0.,0.,1.));
#1412 = DIRECTION('',(1.,0.,0.));
#1413 = PCURVE('',#294,#1414);
#1414 = DEFINITIONAL_REPRESENTATION('',(#1415),#1419);
#1415 = CIRCLE('',#1416,20.);
#1416 = AXIS2_PLACEMENT_2D('',#1417,#1418);
#1417 = CARTESIAN_POINT('',(106.84141638016,20.087845337308));
#1418 = DIRECTION('',(0.942990333583,0.332820117735));
#1419 = ( GEOMETRIC_REPRESENTATION_CONTEXT(2) 
PARAMETRIC_REPRESENTATION_CONTEXT() REPRESENTATION_CONTEXT('2D SPACE',''
  ) );
#1420 = PCURVE('',#1336,#1421);
#1421 = DEFINITIONAL_REPRESENTATION('',(#1422),#1426);
#1422 = LINE('',#1423,#1424);
#1423 = CARTESIAN_POINT('',(0.,2.79));
#1424 = VECTOR('',#1425,1.);
#1425 = DIRECTION('',(1.,0.));
#1426 = ( GEOMETRIC_REPRESENTATION_CONTEXT(2) 
PARAMETRIC_REPRESENTATION_CONTEXT() REPRESENTATION_CONTEXT('2D SPACE',''
  ) );
#1427 = ORIENTED_EDGE('',*,*,#1428,.T.);
#1428 = EDGE_CURVE('',#1405,#1429,#1431,.T.);
#1429 = VERTEX_POINT('',#1430);
#1430 = CARTESIAN_POINT('',(112.10786074565,16.046232138855,-7.));
#1431 = SURFACE_CURVE('',#1432,(#1436,#1443),.PCURVE_S1.);
#1432 = LINE('',#1433,#1434);
#1433 = CARTESIAN_POINT('',(115.436061923,6.616328803026,-7.));
#1434 = VECTOR('',#1435,1.);
#1435 = DIRECTION('',(-0.332820117735,0.942990333583,0.));
#1436 = PCURVE('',#294,#1437);
#1437 = DEFINITIONAL_REPRESENTATION('',(#1438),#1442);
#1438 = LINE('',#1439,#1440);
#1439 = CARTESIAN_POINT('',(93.734687224201,22.478268210101));
#1440 = VECTOR('',#1441,1.);
#1441 = DIRECTION('',(-0.627692307692,0.778461538462));
#1442 = ( GEOMETRIC_REPRESENTATION_CONTEXT(2) 
PARAMETRIC_REPRESENTATION_CONTEXT() REPRESENTATION_CONTEXT('2D SPACE',''
  ) );
#1443 = PCURVE('',#1444,#1449);
#1444 = PLANE('',#1445);
#1445 = AXIS2_PLACEMENT_3D('',#1446,#1447,#1448);
#1446 = CARTESIAN_POINT('',(115.436061923,6.616328803026,-7.));
#1447 = DIRECTION('',(0.942990333583,0.332820117735,0.));
#1448 = DIRECTION('',(0.,0.,1.));
#1449 = DEFINITIONAL_REPRESENTATION('',(#1450),#1454);
#1450 = LINE('',#1451,#1452);
#1451 = CARTESIAN_POINT('',(0.,0.));
#1452 = VECTOR('',#1453,1.);
#1453 = DIRECTION('',(0.,-1.));
#1454 = ( GEOMETRIC_REPRESENTATION_CONTEXT(2) 
PARAMETRIC_REPRESENTATION_CONTEXT() REPRESENTATION_CONTEXT('2D SPACE',''
  ) );
#1455 = ORIENTED_EDGE('',*,*,#1456,.F.);
#1456 = EDGE_CURVE('',#1172,#1429,#1457,.T.);
#1457 = SURFACE_CURVE('',#1458,(#1462,#1469),.PCURVE_S1.);
#1458 = LINE('',#1459,#1460);
#1459 = CARTESIAN_POINT('',(19.563938076993,-16.61632880302,-7.));
#1460 = VECTOR('',#1461,1.);
#1461 = DIRECTION('',(0.942990333583,0.332820117735,0.));
#1462 = PCURVE('',#294,#1463);
#1463 = DEFINITIONAL_REPRESENTATION('',(#1464),#1468);
#1464 = LINE('',#1465,#1466);
#1465 = CARTESIAN_POINT('',(11.060497017091,-31.33807488177));
#1466 = VECTOR('',#1467,1.);
#1467 = DIRECTION('',(0.778461538462,0.627692307692));
#1468 = ( GEOMETRIC_REPRESENTATION_CONTEXT(2) 
PARAMETRIC_REPRESENTATION_CONTEXT() REPRESENTATION_CONTEXT('2D SPACE',''
  ) );
#1469 = PCURVE('',#1470,#1475);
#1470 = PLANE('',#1471);
#1471 = AXIS2_PLACEMENT_3D('',#1472,#1473,#1474);
#1472 = CARTESIAN_POINT('',(19.563938076993,-16.61632880302,-7.));
#1473 = DIRECTION('',(-0.332820117735,0.942990333583,0.));
#1474 = DIRECTION('',(0.,0.,1.));
#1475 = DEFINITIONAL_REPRESENTATION('',(#1476),#1480);
#1476 = LINE('',#1477,#1478);
#1477 = CARTESIAN_POINT('',(0.,0.));
#1478 = VECTOR('',#1479,1.);
#1479 = DIRECTION('',(0.,1.));
#1480 = ( GEOMETRIC_REPRESENTATION_CONTEXT(2) 
PARAMETRIC_REPRESENTATION_CONTEXT() REPRESENTATION_CONTEXT('2D SPACE',''
  ) );
#1481 = ADVANCED_FACE('',(#1482),#321,.F.);
#1482 = FACE_BOUND('',#1483,.F.);
#1483 = EDGE_LOOP('',(#1484,#1507,#1508,#1509));
#1484 = ORIENTED_EDGE('',*,*,#1485,.F.);
#1485 = EDGE_CURVE('',#1241,#1486,#1488,.T.);
#1486 = VERTEX_POINT('',#1487);
#1487 = CARTESIAN_POINT('',(81.666666666667,-5.302281287447,7.));
#1488 = SURFACE_CURVE('',#1489,(#1493,#1500),.PCURVE_S1.);
#1489 = LINE('',#1490,#1491);
#1490 = CARTESIAN_POINT('',(81.666666666667,-5.302281287447,-7.));
#1491 = VECTOR('',#1492,1.);
#1492 = DIRECTION('',(0.,0.,1.));
#1493 = PCURVE('',#321,#1494);
#1494 = DEFINITIONAL_REPRESENTATION('',(#1495),#1499);
#1495 = LINE('',#1496,#1497);
#1496 = CARTESIAN_POINT('',(0.,62.327815375379));
#1497 = VECTOR('',#1498,1.);
#1498 = DIRECTION('',(1.,0.));
#1499 = ( GEOMETRIC_REPRESENTATION_CONTEXT(2) 
PARAMETRIC_REPRESENTATION_CONTEXT() REPRESENTATION_CONTEXT('2D SPACE',''
  ) );
#1500 = PCURVE('',#1279,#1501);
#1501 = DEFINITIONAL_REPRESENTATION('',(#1502),#1506);
#1502 = LINE('',#1503,#1504);
#1503 = CARTESIAN_POINT('',(0.,65.857227140086));
#1504 = VECTOR('',#1505,1.);
#1505 = DIRECTION('',(1.,0.));
#1506 = ( GEOMETRIC_REPRESENTATION_CONTEXT(2) 
PARAMETRIC_REPRESENTATION_CONTEXT() REPRESENTATION_CONTEXT('2D SPACE',''
  ) );
#1507 = ORIENTED_EDGE('',*,*,#1240,.F.);
#1508 = ORIENTED_EDGE('',*,*,#306,.T.);
#1509 = ORIENTED_EDGE('',*,*,#1510,.T.);
#1510 = EDGE_CURVE('',#307,#1486,#1511,.T.);
#1511 = SURFACE_CURVE('',#1512,(#1516,#1523),.PCURVE_S1.);
#1512 = LINE('',#1513,#1514);
#1513 = CARTESIAN_POINT('',(22.892139254344,-26.04623213885,7.));
#1514 = VECTOR('',#1515,1.);
#1515 = DIRECTION('',(0.942990333583,0.332820117735,0.));
#1516 = PCURVE('',#321,#1517);
#1517 = DEFINITIONAL_REPRESENTATION('',(#1518),#1522);
#1518 = LINE('',#1519,#1520);
#1519 = CARTESIAN_POINT('',(14.,0.));
#1520 = VECTOR('',#1521,1.);
#1521 = DIRECTION('',(0.,1.));
#1522 = ( GEOMETRIC_REPRESENTATION_CONTEXT(2) 
PARAMETRIC_REPRESENTATION_CONTEXT() REPRESENTATION_CONTEXT('2D SPACE',''
  ) );
#1523 = PCURVE('',#350,#1524);
#1524 = DEFINITIONAL_REPRESENTATION('',(#1525),#1529);
#1525 = LINE('',#1526,#1527);
#1526 = CARTESIAN_POINT('',(17.337420094012,-39.12269026639));
#1527 = VECTOR('',#1528,1.);
#1528 = DIRECTION('',(0.778461538462,0.627692307692));
#1529 = ( GEOMETRIC_REPRESENTATION_CONTEXT(2) 
PARAMETRIC_REPRESENTATION_CONTEXT() REPRESENTATION_CONTEXT('2D SPACE',''
  ) );
#1530 = ADVANCED_FACE('',(#1531,#1787,#2153,#2206,#2366,#2676,#2790,
    #3038,#3219,#3501,#3554,#3780,#4062,#4115,#4446,#4694,#4988),#350,
  .T.);
#1531 = FACE_BOUND('',#1532,.T.);
#1532 = EDGE_LOOP('',(#1533,#1556,#1557,#1580,#1601,#1602,#1603,#1626,
    #1649,#1673,#1696,#1719,#1743,#1766));
#1533 = ORIENTED_EDGE('',*,*,#1534,.F.);
#1534 = EDGE_CURVE('',#843,#1535,#1537,.T.);
#1535 = VERTEX_POINT('',#1536);
#1536 = CARTESIAN_POINT('',(81.666666666667,5.302281287447,7.));
#1537 = SURFACE_CURVE('',#1538,(#1542,#1549),.PCURVE_S1.);
#1538 = LINE('',#1539,#1540);
#1539 = CARTESIAN_POINT('',(22.892139254344,26.046232138855,7.));
#1540 = VECTOR('',#1541,1.);
#1541 = DIRECTION('',(0.942990333583,-0.332820117735,0.));
#1542 = PCURVE('',#350,#1543);
#1543 = DEFINITIONAL_REPRESENTATION('',(#1544),#1548);
#1544 = LINE('',#1545,#1546);
#1545 = CARTESIAN_POINT('',(1.27409194306E-12,10.));
#1546 = VECTOR('',#1547,1.);
#1547 = DIRECTION('',(1.,0.));
#1548 = ( GEOMETRIC_REPRESENTATION_CONTEXT(2) 
PARAMETRIC_REPRESENTATION_CONTEXT() REPRESENTATION_CONTEXT('2D SPACE',''
  ) );
#1549 = PCURVE('',#881,#1550);
#1550 = DEFINITIONAL_REPRESENTATION('',(#1551),#1555);
#1551 = LINE('',#1552,#1553);
#1552 = CARTESIAN_POINT('',(14.,0.));
#1553 = VECTOR('',#1554,1.);
#1554 = DIRECTION('',(0.,1.));
#1555 = ( GEOMETRIC_REPRESENTATION_CONTEXT(2) 
PARAMETRIC_REPRESENTATION_CONTEXT() REPRESENTATION_CONTEXT('2D SPACE',''
  ) );
#1556 = ORIENTED_EDGE('',*,*,#840,.F.);
#1557 = ORIENTED_EDGE('',*,*,#1558,.T.);
#1558 = EDGE_CURVE('',#841,#1559,#1561,.T.);
#1559 = VERTEX_POINT('',#1560);
#1560 = CARTESIAN_POINT('',(66.643536352233,0.,7.));
#1561 = SURFACE_CURVE('',#1562,(#1566,#1573),.PCURVE_S1.);
#1562 = LINE('',#1563,#1564);
#1563 = CARTESIAN_POINT('',(19.563938076993,16.616328803026,7.));
#1564 = VECTOR('',#1565,1.);
#1565 = DIRECTION('',(0.942990333583,-0.332820117735,0.));
#1566 = PCURVE('',#350,#1567);
#1567 = DEFINITIONAL_REPRESENTATION('',(#1568),#1572);
#1568 = LINE('',#1569,#1570);
#1569 = CARTESIAN_POINT('',(0.,0.));
#1570 = VECTOR('',#1571,1.);
#1571 = DIRECTION('',(1.,0.));
#1572 = ( GEOMETRIC_REPRESENTATION_CONTEXT(2) 
PARAMETRIC_REPRESENTATION_CONTEXT() REPRESENTATION_CONTEXT('2D SPACE',''
  ) );
#1573 = PCURVE('',#930,#1574);
#1574 = DEFINITIONAL_REPRESENTATION('',(#1575),#1579);
#1575 = LINE('',#1576,#1577);
#1576 = CARTESIAN_POINT('',(14.,0.));
#1577 = VECTOR('',#1578,1.);
#1578 = DIRECTION('',(0.,1.));
#1579 = ( GEOMETRIC_REPRESENTATION_CONTEXT(2) 
PARAMETRIC_REPRESENTATION_CONTEXT() REPRESENTATION_CONTEXT('2D SPACE',''
  ) );
#1580 = ORIENTED_EDGE('',*,*,#1581,.F.);
#1581 = EDGE_CURVE('',#334,#1559,#1582,.T.);
#1582 = SURFACE_CURVE('',#1583,(#1587,#1594),.PCURVE_S1.);
#1583 = LINE('',#1584,#1585);
#1584 = CARTESIAN_POINT('',(19.563938076993,-16.61632880302,7.));
#1585 = VECTOR('',#1586,1.);
#1586 = DIRECTION('',(0.942990333583,0.332820117735,0.));
#1587 = PCURVE('',#350,#1588);
#1588 = DEFINITIONAL_REPRESENTATION('',(#1589),#1593);
#1589 = LINE('',#1590,#1591);
#1590 = CARTESIAN_POINT('',(11.060497017091,-31.33807488177));
#1591 = VECTOR('',#1592,1.);
#1592 = DIRECTION('',(0.778461538462,0.627692307692));
#1593 = ( GEOMETRIC_REPRESENTATION_CONTEXT(2) 
PARAMETRIC_REPRESENTATION_CONTEXT() REPRESENTATION_CONTEXT('2D SPACE',''
  ) );
#1594 = PCURVE('',#375,#1595);
#1595 = DEFINITIONAL_REPRESENTATION('',(#1596),#1600);
#1596 = LINE('',#1597,#1598);
#1597 = CARTESIAN_POINT('',(14.,0.));
#1598 = VECTOR('',#1599,1.);
#1599 = DIRECTION('',(0.,1.));
#1600 = ( GEOMETRIC_REPRESENTATION_CONTEXT(2) 
PARAMETRIC_REPRESENTATION_CONTEXT() REPRESENTATION_CONTEXT('2D SPACE',''
  ) );
#1601 = ORIENTED_EDGE('',*,*,#333,.F.);
#1602 = ORIENTED_EDGE('',*,*,#1510,.T.);
#1603 = ORIENTED_EDGE('',*,*,#1604,.T.);
#1604 = EDGE_CURVE('',#1486,#1605,#1607,.T.);
#1605 = VERTEX_POINT('',#1606);
#1606 = CARTESIAN_POINT('',(112.10786074565,-16.04623213885,7.));
#1607 = SURFACE_CURVE('',#1608,(#1612,#1619),.PCURVE_S1.);
#1608 = LINE('',#1609,#1610);
#1609 = CARTESIAN_POINT('',(19.563938076993,16.616328803026,7.));
#1610 = VECTOR('',#1611,1.);
#1611 = DIRECTION('',(0.942990333583,-0.332820117735,0.));
#1612 = PCURVE('',#350,#1613);
#1613 = DEFINITIONAL_REPRESENTATION('',(#1614),#1618);
#1614 = LINE('',#1615,#1616);
#1615 = CARTESIAN_POINT('',(0.,0.));
#1616 = VECTOR('',#1617,1.);
#1617 = DIRECTION('',(1.,0.));
#1618 = ( GEOMETRIC_REPRESENTATION_CONTEXT(2) 
PARAMETRIC_REPRESENTATION_CONTEXT() REPRESENTATION_CONTEXT('2D SPACE',''
  ) );
#1619 = PCURVE('',#1279,#1620);
#1620 = DEFINITIONAL_REPRESENTATION('',(#1621),#1625);
#1621 = LINE('',#1622,#1623);
#1622 = CARTESIAN_POINT('',(14.,0.));
#1623 = VECTOR('',#1624,1.);
#1624 = DIRECTION('',(0.,1.));
#1625 = ( GEOMETRIC_REPRESENTATION_CONTEXT(2) 
PARAMETRIC_REPRESENTATION_CONTEXT() REPRESENTATION_CONTEXT('2D SPACE',''
  ) );
#1626 = ORIENTED_EDGE('',*,*,#1627,.T.);
#1627 = EDGE_CURVE('',#1605,#1628,#1630,.T.);
#1628 = VERTEX_POINT('',#1629);
#1629 = CARTESIAN_POINT('',(112.80029608002,-14.0843320248,7.));
#1630 = SURFACE_CURVE('',#1631,(#1635,#1642),.PCURVE_S1.);
#1631 = LINE('',#1632,#1633);
#1632 = CARTESIAN_POINT('',(112.10786074565,-16.04623213885,7.));
#1633 = VECTOR('',#1634,1.);
#1634 = DIRECTION('',(0.332820117735,0.942990333583,0.));
#1635 = PCURVE('',#350,#1636);
#1636 = DEFINITIONAL_REPRESENTATION('',(#1637),#1641);
#1637 = LINE('',#1638,#1639);
#1638 = CARTESIAN_POINT('',(98.138781886592,-1.356070811198E-11));
#1639 = VECTOR('',#1640,1.);
#1640 = DIRECTION('',(0.,1.));
#1641 = ( GEOMETRIC_REPRESENTATION_CONTEXT(2) 
PARAMETRIC_REPRESENTATION_CONTEXT() REPRESENTATION_CONTEXT('2D SPACE',''
  ) );
#1642 = PCURVE('',#1307,#1643);
#1643 = DEFINITIONAL_REPRESENTATION('',(#1644),#1648);
#1644 = LINE('',#1645,#1646);
#1645 = CARTESIAN_POINT('',(14.,0.));
#1646 = VECTOR('',#1647,1.);
#1647 = DIRECTION('',(0.,-1.));
#1648 = ( GEOMETRIC_REPRESENTATION_CONTEXT(2) 
PARAMETRIC_REPRESENTATION_CONTEXT() REPRESENTATION_CONTEXT('2D SPACE',''
  ) );
#1649 = ORIENTED_EDGE('',*,*,#1650,.F.);
#1650 = EDGE_CURVE('',#1651,#1628,#1653,.T.);
#1651 = VERTEX_POINT('',#1652);
#1652 = CARTESIAN_POINT('',(107.35759749062,-3.765106062183,7.));
#1653 = SURFACE_CURVE('',#1654,(#1659,#1666),.PCURVE_S1.);
#1654 = CIRCLE('',#1655,20.);
#1655 = AXIS2_PLACEMENT_3D('',#1656,#1657,#1658);
#1656 = CARTESIAN_POINT('',(127.,0.,7.));
#1657 = DIRECTION('',(0.,0.,1.));
#1658 = DIRECTION('',(1.,0.,0.));
#1659 = PCURVE('',#350,#1660);
#1660 = DEFINITIONAL_REPRESENTATION('',(#1661),#1665);
#1661 = CIRCLE('',#1662,20.);
#1662 = AXIS2_PLACEMENT_2D('',#1663,#1664);
#1663 = CARTESIAN_POINT('',(106.84141638016,20.087845337308));
#1664 = DIRECTION('',(0.942990333583,0.332820117735));
#1665 = ( GEOMETRIC_REPRESENTATION_CONTEXT(2) 
PARAMETRIC_REPRESENTATION_CONTEXT() REPRESENTATION_CONTEXT('2D SPACE',''
  ) );
#1666 = PCURVE('',#1336,#1667);
#1667 = DEFINITIONAL_REPRESENTATION('',(#1668),#1672);
#1668 = LINE('',#1669,#1670);
#1669 = CARTESIAN_POINT('',(0.,16.79));
#1670 = VECTOR('',#1671,1.);
#1671 = DIRECTION('',(1.,0.));
#1672 = ( GEOMETRIC_REPRESENTATION_CONTEXT(2) 
PARAMETRIC_REPRESENTATION_CONTEXT() REPRESENTATION_CONTEXT('2D SPACE',''
  ) );
#1673 = ORIENTED_EDGE('',*,*,#1674,.F.);
#1674 = EDGE_CURVE('',#1675,#1651,#1677,.T.);
#1675 = VERTEX_POINT('',#1676);
#1676 = CARTESIAN_POINT('',(96.6897969811,0.,7.));
#1677 = SURFACE_CURVE('',#1678,(#1682,#1689),.PCURVE_S1.);
#1678 = LINE('',#1679,#1680);
#1679 = CARTESIAN_POINT('',(22.892139254344,26.046232138855,7.));
#1680 = VECTOR('',#1681,1.);
#1681 = DIRECTION('',(0.942990333583,-0.332820117735,0.));
#1682 = PCURVE('',#350,#1683);
#1683 = DEFINITIONAL_REPRESENTATION('',(#1684),#1688);
#1684 = LINE('',#1685,#1686);
#1685 = CARTESIAN_POINT('',(1.27409194306E-12,10.));
#1686 = VECTOR('',#1687,1.);
#1687 = DIRECTION('',(1.,0.));
#1688 = ( GEOMETRIC_REPRESENTATION_CONTEXT(2) 
PARAMETRIC_REPRESENTATION_CONTEXT() REPRESENTATION_CONTEXT('2D SPACE',''
  ) );
#1689 = PCURVE('',#1364,#1690);
#1690 = DEFINITIONAL_REPRESENTATION('',(#1691),#1695);
#1691 = LINE('',#1692,#1693);
#1692 = CARTESIAN_POINT('',(14.,0.));
#1693 = VECTOR('',#1694,1.);
#1694 = DIRECTION('',(0.,1.));
#1695 = ( GEOMETRIC_REPRESENTATION_CONTEXT(2) 
PARAMETRIC_REPRESENTATION_CONTEXT() REPRESENTATION_CONTEXT('2D SPACE',''
  ) );
#1696 = ORIENTED_EDGE('',*,*,#1697,.T.);
#1697 = EDGE_CURVE('',#1675,#1698,#1700,.T.);
#1698 = VERTEX_POINT('',#1699);
#1699 = CARTESIAN_POINT('',(107.35759749062,3.765106062183,7.));
#1700 = SURFACE_CURVE('',#1701,(#1705,#1712),.PCURVE_S1.);
#1701 = LINE('',#1702,#1703);
#1702 = CARTESIAN_POINT('',(22.892139254344,-26.04623213885,7.));
#1703 = VECTOR('',#1704,1.);
#1704 = DIRECTION('',(0.942990333583,0.332820117735,0.));
#1705 = PCURVE('',#350,#1706);
#1706 = DEFINITIONAL_REPRESENTATION('',(#1707),#1711);
#1707 = LINE('',#1708,#1709);
#1708 = CARTESIAN_POINT('',(17.337420094012,-39.12269026639));
#1709 = VECTOR('',#1710,1.);
#1710 = DIRECTION('',(0.778461538462,0.627692307692));
#1711 = ( GEOMETRIC_REPRESENTATION_CONTEXT(2) 
PARAMETRIC_REPRESENTATION_CONTEXT() REPRESENTATION_CONTEXT('2D SPACE',''
  ) );
#1712 = PCURVE('',#1392,#1713);
#1713 = DEFINITIONAL_REPRESENTATION('',(#1714),#1718);
#1714 = LINE('',#1715,#1716);
#1715 = CARTESIAN_POINT('',(14.,0.));
#1716 = VECTOR('',#1717,1.);
#1717 = DIRECTION('',(0.,1.));
#1718 = ( GEOMETRIC_REPRESENTATION_CONTEXT(2) 
PARAMETRIC_REPRESENTATION_CONTEXT() REPRESENTATION_CONTEXT('2D SPACE',''
  ) );
#1719 = ORIENTED_EDGE('',*,*,#1720,.F.);
#1720 = EDGE_CURVE('',#1721,#1698,#1723,.T.);
#1721 = VERTEX_POINT('',#1722);
#1722 = CARTESIAN_POINT('',(112.80029608002,14.084332024809,7.));
#1723 = SURFACE_CURVE('',#1724,(#1729,#1736),.PCURVE_S1.);
#1724 = CIRCLE('',#1725,20.);
#1725 = AXIS2_PLACEMENT_3D('',#1726,#1727,#1728);
#1726 = CARTESIAN_POINT('',(127.,0.,7.));
#1727 = DIRECTION('',(0.,0.,1.));
#1728 = DIRECTION('',(1.,0.,0.));
#1729 = PCURVE('',#350,#1730);
#1730 = DEFINITIONAL_REPRESENTATION('',(#1731),#1735);
#1731 = CIRCLE('',#1732,20.);
#1732 = AXIS2_PLACEMENT_2D('',#1733,#1734);
#1733 = CARTESIAN_POINT('',(106.84141638016,20.087845337308));
#1734 = DIRECTION('',(0.942990333583,0.332820117735));
#1735 = ( GEOMETRIC_REPRESENTATION_CONTEXT(2) 
PARAMETRIC_REPRESENTATION_CONTEXT() REPRESENTATION_CONTEXT('2D SPACE',''
  ) );
#1736 = PCURVE('',#1336,#1737);
#1737 = DEFINITIONAL_REPRESENTATION('',(#1738),#1742);
#1738 = LINE('',#1739,#1740);
#1739 = CARTESIAN_POINT('',(0.,16.79));
#1740 = VECTOR('',#1741,1.);
#1741 = DIRECTION('',(1.,0.));
#1742 = ( GEOMETRIC_REPRESENTATION_CONTEXT(2) 
PARAMETRIC_REPRESENTATION_CONTEXT() REPRESENTATION_CONTEXT('2D SPACE',''
  ) );
#1743 = ORIENTED_EDGE('',*,*,#1744,.T.);
#1744 = EDGE_CURVE('',#1721,#1745,#1747,.T.);
#1745 = VERTEX_POINT('',#1746);
#1746 = CARTESIAN_POINT('',(112.10786074565,16.046232138855,7.));
#1747 = SURFACE_CURVE('',#1748,(#1752,#1759),.PCURVE_S1.);
#1748 = LINE('',#1749,#1750);
#1749 = CARTESIAN_POINT('',(115.436061923,6.616328803026,7.));
#1750 = VECTOR('',#1751,1.);
#1751 = DIRECTION('',(-0.332820117735,0.942990333583,0.));
#1752 = PCURVE('',#350,#1753);
#1753 = DEFINITIONAL_REPRESENTATION('',(#1754),#1758);
#1754 = LINE('',#1755,#1756);
#1755 = CARTESIAN_POINT('',(93.734687224201,22.478268210101));
#1756 = VECTOR('',#1757,1.);
#1757 = DIRECTION('',(-0.627692307692,0.778461538462));
#1758 = ( GEOMETRIC_REPRESENTATION_CONTEXT(2) 
PARAMETRIC_REPRESENTATION_CONTEXT() REPRESENTATION_CONTEXT('2D SPACE',''
  ) );
#1759 = PCURVE('',#1444,#1760);
#1760 = DEFINITIONAL_REPRESENTATION('',(#1761),#1765);
#1761 = LINE('',#1762,#1763);
#1762 = CARTESIAN_POINT('',(14.,0.));
#1763 = VECTOR('',#1764,1.);
#1764 = DIRECTION('',(0.,-1.));
#1765 = ( GEOMETRIC_REPRESENTATION_CONTEXT(2) 
PARAMETRIC_REPRESENTATION_CONTEXT() REPRESENTATION_CONTEXT('2D SPACE',''
  ) );
#1766 = ORIENTED_EDGE('',*,*,#1767,.F.);
#1767 = EDGE_CURVE('',#1535,#1745,#1768,.T.);
#1768 = SURFACE_CURVE('',#1769,(#1773,#1780),.PCURVE_S1.);
#1769 = LINE('',#1770,#1771);
#1770 = CARTESIAN_POINT('',(19.563938076993,-16.61632880302,7.));
#1771 = VECTOR('',#1772,1.);
#1772 = DIRECTION('',(0.942990333583,0.332820117735,0.));
#1773 = PCURVE('',#350,#1774);
#1774 = DEFINITIONAL_REPRESENTATION('',(#1775),#1779);
#1775 = LINE('',#1776,#1777);
#1776 = CARTESIAN_POINT('',(11.060497017091,-31.33807488177));
#1777 = VECTOR('',#1778,1.);
#1778 = DIRECTION('',(0.778461538462,0.627692307692));
#1779 = ( GEOMETRIC_REPRESENTATION_CONTEXT(2) 
PARAMETRIC_REPRESENTATION_CONTEXT() REPRESENTATION_CONTEXT('2D SPACE',''
  ) );
#1780 = PCURVE('',#1470,#1781);
#1781 = DEFINITIONAL_REPRESENTATION('',(#1782),#1786);
#1782 = LINE('',#1783,#1784);
#1783 = CARTESIAN_POINT('',(14.,0.));
#1784 = VECTOR('',#1785,1.);
#1785 = DIRECTION('',(0.,1.));
#1786 = ( GEOMETRIC_REPRESENTATION_CONTEXT(2) 
PARAMETRIC_REPRESENTATION_CONTEXT() REPRESENTATION_CONTEXT('2D SPACE',''
  ) );
#1787 = FACE_BOUND('',#1788,.T.);
#1788 = EDGE_LOOP('',(#1789,#1819,#1847,#1875,#1903,#1931,#1959,#1987,
    #2015,#2043,#2071,#2099,#2127));
#1789 = ORIENTED_EDGE('',*,*,#1790,.T.);
#1790 = EDGE_CURVE('',#1791,#1793,#1795,.T.);
#1791 = VERTEX_POINT('',#1792);
#1792 = CARTESIAN_POINT('',(44.15282316742,-14.78208759935,7.));
#1793 = VERTEX_POINT('',#1794);
#1794 = CARTESIAN_POINT('',(43.773785255992,-14.91586568574,7.));
#1795 = SURFACE_CURVE('',#1796,(#1800,#1807),.PCURVE_S1.);
#1796 = LINE('',#1797,#1798);
#1797 = CARTESIAN_POINT('',(44.15282316742,-14.78208759935,7.));
#1798 = VECTOR('',#1799,1.);
#1799 = DIRECTION('',(-0.942990333583,-0.332820117735,0.));
#1800 = PCURVE('',#350,#1801);
#1801 = DEFINITIONAL_REPRESENTATION('',(#1802),#1806);
#1802 = LINE('',#1803,#1804);
#1803 = CARTESIAN_POINT('',(33.637105597587,-21.42472752648));
#1804 = VECTOR('',#1805,1.);
#1805 = DIRECTION('',(-0.778461538462,-0.627692307692));
#1806 = ( GEOMETRIC_REPRESENTATION_CONTEXT(2) 
PARAMETRIC_REPRESENTATION_CONTEXT() REPRESENTATION_CONTEXT('2D SPACE',''
  ) );
#1807 = PCURVE('',#1808,#1813);
#1808 = PLANE('',#1809);
#1809 = AXIS2_PLACEMENT_3D('',#1810,#1811,#1812);
#1810 = CARTESIAN_POINT('',(44.15282316742,-14.78208759935,7.));
#1811 = DIRECTION('',(-0.332820117735,0.942990333583,0.));
#1812 = DIRECTION('',(-0.942990333583,-0.332820117735,0.));
#1813 = DEFINITIONAL_REPRESENTATION('',(#1814),#1818);
#1814 = LINE('',#1815,#1816);
#1815 = CARTESIAN_POINT('',(0.,0.));
#1816 = VECTOR('',#1817,1.);
#1817 = DIRECTION('',(1.,0.));
#1818 = ( GEOMETRIC_REPRESENTATION_CONTEXT(2) 
PARAMETRIC_REPRESENTATION_CONTEXT() REPRESENTATION_CONTEXT('2D SPACE',''
  ) );
#1819 = ORIENTED_EDGE('',*,*,#1820,.T.);
#1820 = EDGE_CURVE('',#1793,#1821,#1823,.T.);
#1821 = VERTEX_POINT('',#1822);
#1822 = CARTESIAN_POINT('',(42.75475115918,-12.02860241144,7.));
#1823 = SURFACE_CURVE('',#1824,(#1828,#1835),.PCURVE_S1.);
#1824 = LINE('',#1825,#1826);
#1825 = CARTESIAN_POINT('',(43.773785255992,-14.91586568574,7.));
#1826 = VECTOR('',#1827,1.);
#1827 = DIRECTION('',(-0.332820117735,0.942990333583,0.));
#1828 = PCURVE('',#350,#1829);
#1829 = DEFINITIONAL_REPRESENTATION('',(#1830),#1834);
#1830 = LINE('',#1831,#1832);
#1831 = CARTESIAN_POINT('',(33.32420054951,-21.6770304111));
#1832 = VECTOR('',#1833,1.);
#1833 = DIRECTION('',(-0.627692307692,0.778461538462));
#1834 = ( GEOMETRIC_REPRESENTATION_CONTEXT(2) 
PARAMETRIC_REPRESENTATION_CONTEXT() REPRESENTATION_CONTEXT('2D SPACE',''
  ) );
#1835 = PCURVE('',#1836,#1841);
#1836 = PLANE('',#1837);
#1837 = AXIS2_PLACEMENT_3D('',#1838,#1839,#1840);
#1838 = CARTESIAN_POINT('',(43.773785255992,-14.91586568574,7.));
#1839 = DIRECTION('',(0.942990333583,0.332820117735,-0.));
#1840 = DIRECTION('',(-0.332820117735,0.942990333583,0.));
#1841 = DEFINITIONAL_REPRESENTATION('',(#1842),#1846);
#1842 = LINE('',#1843,#1844);
#1843 = CARTESIAN_POINT('',(0.,0.));
#1844 = VECTOR('',#1845,1.);
#1845 = DIRECTION('',(1.,0.));
#1846 = ( GEOMETRIC_REPRESENTATION_CONTEXT(2) 
PARAMETRIC_REPRESENTATION_CONTEXT() REPRESENTATION_CONTEXT('2D SPACE',''
  ) );
#1847 = ORIENTED_EDGE('',*,*,#1848,.T.);
#1848 = EDGE_CURVE('',#1821,#1849,#1851,.T.);
#1849 = VERTEX_POINT('',#1850);
#1850 = CARTESIAN_POINT('',(43.336845094588,-11.82315749306,7.));
#1851 = SURFACE_CURVE('',#1852,(#1856,#1863),.PCURVE_S1.);
#1852 = LINE('',#1853,#1854);
#1853 = CARTESIAN_POINT('',(42.75475115918,-12.02860241144,7.));
#1854 = VECTOR('',#1855,1.);
#1855 = DIRECTION('',(0.942990333583,0.332820117735,0.));
#1856 = PCURVE('',#350,#1857);
#1857 = DEFINITIONAL_REPRESENTATION('',(#1858),#1862);
#1858 = LINE('',#1859,#1860);
#1859 = CARTESIAN_POINT('',(31.402321943741,-19.293524101));
#1860 = VECTOR('',#1861,1.);
#1861 = DIRECTION('',(0.778461538462,0.627692307692));
#1862 = ( GEOMETRIC_REPRESENTATION_CONTEXT(2) 
PARAMETRIC_REPRESENTATION_CONTEXT() REPRESENTATION_CONTEXT('2D SPACE',''
  ) );
#1863 = PCURVE('',#1864,#1869);
#1864 = PLANE('',#1865);
#1865 = AXIS2_PLACEMENT_3D('',#1866,#1867,#1868);
#1866 = CARTESIAN_POINT('',(42.75475115918,-12.02860241144,7.));
#1867 = DIRECTION('',(0.332820117735,-0.942990333583,0.));
#1868 = DIRECTION('',(0.942990333583,0.332820117735,0.));
#1869 = DEFINITIONAL_REPRESENTATION('',(#1870),#1874);
#1870 = LINE('',#1871,#1872);
#1871 = CARTESIAN_POINT('',(0.,0.));
#1872 = VECTOR('',#1873,1.);
#1873 = DIRECTION('',(1.,0.));
#1874 = ( GEOMETRIC_REPRESENTATION_CONTEXT(2) 
PARAMETRIC_REPRESENTATION_CONTEXT() REPRESENTATION_CONTEXT('2D SPACE',''
  ) );
#1875 = ORIENTED_EDGE('',*,*,#1876,.T.);
#1876 = EDGE_CURVE('',#1849,#1877,#1879,.T.);
#1877 = VERTEX_POINT('',#1878);
#1878 = CARTESIAN_POINT('',(44.767110298787,-13.52791803948,7.));
#1879 = SURFACE_CURVE('',#1880,(#1884,#1891),.PCURVE_S1.);
#1880 = LINE('',#1881,#1882);
#1881 = CARTESIAN_POINT('',(43.336845094588,-11.82315749306,7.));
#1882 = VECTOR('',#1883,1.);
#1883 = DIRECTION('',(0.64273519843,-0.76608841833,0.));
#1884 = PCURVE('',#350,#1885);
#1885 = DEFINITIONAL_REPRESENTATION('',(#1886),#1890);
#1886 = LINE('',#1887,#1888);
#1887 = CARTESIAN_POINT('',(31.882854696145,-18.90605895677));
#1888 = VECTOR('',#1889,1.);
#1889 = DIRECTION('',(0.861062716757,-0.508498768741));
#1890 = ( GEOMETRIC_REPRESENTATION_CONTEXT(2) 
PARAMETRIC_REPRESENTATION_CONTEXT() REPRESENTATION_CONTEXT('2D SPACE',''
  ) );
#1891 = PCURVE('',#1892,#1897);
#1892 = PLANE('',#1893);
#1893 = AXIS2_PLACEMENT_3D('',#1894,#1895,#1896);
#1894 = CARTESIAN_POINT('',(43.336845094588,-11.82315749306,7.));
#1895 = DIRECTION('',(-0.76608841833,-0.64273519843,0.));
#1896 = DIRECTION('',(0.64273519843,-0.76608841833,0.));
#1897 = DEFINITIONAL_REPRESENTATION('',(#1898),#1902);
#1898 = LINE('',#1899,#1900);
#1899 = CARTESIAN_POINT('',(0.,0.));
#1900 = VECTOR('',#1901,1.);
#1901 = DIRECTION('',(1.,0.));
#1902 = ( GEOMETRIC_REPRESENTATION_CONTEXT(2) 
PARAMETRIC_REPRESENTATION_CONTEXT() REPRESENTATION_CONTEXT('2D SPACE',''
  ) );
#1903 = ORIENTED_EDGE('',*,*,#1904,.T.);
#1904 = EDGE_CURVE('',#1877,#1905,#1907,.T.);
#1905 = VERTEX_POINT('',#1906);
#1906 = CARTESIAN_POINT('',(44.814319402401,-11.30169597265,7.));
#1907 = SURFACE_CURVE('',#1908,(#1912,#1919),.PCURVE_S1.);
#1908 = LINE('',#1909,#1910);
#1909 = CARTESIAN_POINT('',(44.767110298787,-13.52791803948,7.));
#1910 = VECTOR('',#1911,1.);
#1911 = DIRECTION('',(2.120116098631E-02,0.999775230126,0.));
#1912 = PCURVE('',#350,#1913);
#1913 = DEFINITIONAL_REPRESENTATION('',(#1914),#1918);
#1914 = LINE('',#1915,#1916);
#1915 = CARTESIAN_POINT('',(33.798959563933,-20.03761063947));
#1916 = VECTOR('',#1917,1.);
#1917 = DIRECTION('',(-0.312752819928,0.94983455066));
#1918 = ( GEOMETRIC_REPRESENTATION_CONTEXT(2) 
PARAMETRIC_REPRESENTATION_CONTEXT() REPRESENTATION_CONTEXT('2D SPACE',''
  ) );
#1919 = PCURVE('',#1920,#1925);
#1920 = PLANE('',#1921);
#1921 = AXIS2_PLACEMENT_3D('',#1922,#1923,#1924);
#1922 = CARTESIAN_POINT('',(44.767110298787,-13.52791803948,7.));
#1923 = DIRECTION('',(0.999775230126,-2.120116098631E-02,0.));
#1924 = DIRECTION('',(2.120116098631E-02,0.999775230126,0.));
#1925 = DEFINITIONAL_REPRESENTATION('',(#1926),#1930);
#1926 = LINE('',#1927,#1928);
#1927 = CARTESIAN_POINT('',(0.,0.));
#1928 = VECTOR('',#1929,1.);
#1929 = DIRECTION('',(1.,0.));
#1930 = ( GEOMETRIC_REPRESENTATION_CONTEXT(2) 
PARAMETRIC_REPRESENTATION_CONTEXT() REPRESENTATION_CONTEXT('2D SPACE',''
  ) );
#1931 = ORIENTED_EDGE('',*,*,#1932,.T.);
#1932 = EDGE_CURVE('',#1905,#1933,#1935,.T.);
#1933 = VERTEX_POINT('',#1934);
#1934 = CARTESIAN_POINT('',(45.396413337809,-11.09625105427,7.));
#1935 = SURFACE_CURVE('',#1936,(#1940,#1947),.PCURVE_S1.);
#1936 = LINE('',#1937,#1938);
#1937 = CARTESIAN_POINT('',(44.814319402401,-11.30169597265,7.));
#1938 = VECTOR('',#1939,1.);
#1939 = DIRECTION('',(0.942990333583,0.332820117735,0.));
#1940 = PCURVE('',#350,#1941);
#1941 = DEFINITIONAL_REPRESENTATION('',(#1942),#1946);
#1942 = LINE('',#1943,#1944);
#1943 = CARTESIAN_POINT('',(33.102545801914,-17.92259261062));
#1944 = VECTOR('',#1945,1.);
#1945 = DIRECTION('',(0.778461538462,0.627692307692));
#1946 = ( GEOMETRIC_REPRESENTATION_CONTEXT(2) 
PARAMETRIC_REPRESENTATION_CONTEXT() REPRESENTATION_CONTEXT('2D SPACE',''
  ) );
#1947 = PCURVE('',#1948,#1953);
#1948 = PLANE('',#1949);
#1949 = AXIS2_PLACEMENT_3D('',#1950,#1951,#1952);
#1950 = CARTESIAN_POINT('',(44.814319402401,-11.30169597265,7.));
#1951 = DIRECTION('',(0.332820117735,-0.942990333583,0.));
#1952 = DIRECTION('',(0.942990333583,0.332820117735,0.));
#1953 = DEFINITIONAL_REPRESENTATION('',(#1954),#1958);
#1954 = LINE('',#1955,#1956);
#1955 = CARTESIAN_POINT('',(0.,0.));
#1956 = VECTOR('',#1957,1.);
#1957 = DIRECTION('',(1.,0.));
#1958 = ( GEOMETRIC_REPRESENTATION_CONTEXT(2) 
PARAMETRIC_REPRESENTATION_CONTEXT() REPRESENTATION_CONTEXT('2D SPACE',''
  ) );
#1959 = ORIENTED_EDGE('',*,*,#1960,.T.);
#1960 = EDGE_CURVE('',#1933,#1961,#1963,.T.);
#1961 = VERTEX_POINT('',#1962);
#1962 = CARTESIAN_POINT('',(46.41544743462,-13.98351432857,7.));
#1963 = SURFACE_CURVE('',#1964,(#1968,#1975),.PCURVE_S1.);
#1964 = LINE('',#1965,#1966);
#1965 = CARTESIAN_POINT('',(45.396413337809,-11.09625105427,7.));
#1966 = VECTOR('',#1967,1.);
#1967 = DIRECTION('',(0.332820117735,-0.942990333583,0.));
#1968 = PCURVE('',#350,#1969);
#1969 = DEFINITIONAL_REPRESENTATION('',(#1970),#1974);
#1970 = LINE('',#1971,#1972);
#1971 = CARTESIAN_POINT('',(33.583078554318,-17.53512746639));
#1972 = VECTOR('',#1973,1.);
#1973 = DIRECTION('',(0.627692307692,-0.778461538462));
#1974 = ( GEOMETRIC_REPRESENTATION_CONTEXT(2) 
PARAMETRIC_REPRESENTATION_CONTEXT() REPRESENTATION_CONTEXT('2D SPACE',''
  ) );
#1975 = PCURVE('',#1976,#1981);
#1976 = PLANE('',#1977);
#1977 = AXIS2_PLACEMENT_3D('',#1978,#1979,#1980);
#1978 = CARTESIAN_POINT('',(45.396413337809,-11.09625105427,7.));
#1979 = DIRECTION('',(-0.942990333583,-0.332820117735,0.));
#1980 = DIRECTION('',(0.332820117735,-0.942990333583,0.));
#1981 = DEFINITIONAL_REPRESENTATION('',(#1982),#1986);
#1982 = LINE('',#1983,#1984);
#1983 = CARTESIAN_POINT('',(0.,0.));
#1984 = VECTOR('',#1985,1.);
#1985 = DIRECTION('',(1.,0.));
#1986 = ( GEOMETRIC_REPRESENTATION_CONTEXT(2) 
PARAMETRIC_REPRESENTATION_CONTEXT() REPRESENTATION_CONTEXT('2D SPACE',''
  ) );
#1987 = ORIENTED_EDGE('',*,*,#1988,.T.);
#1988 = EDGE_CURVE('',#1961,#1989,#1991,.T.);
#1989 = VERTEX_POINT('',#1990);
#1990 = CARTESIAN_POINT('',(46.034475656297,-14.11797495622,7.));
#1991 = SURFACE_CURVE('',#1992,(#1996,#2003),.PCURVE_S1.);
#1992 = LINE('',#1993,#1994);
#1993 = CARTESIAN_POINT('',(46.41544743462,-13.98351432857,7.));
#1994 = VECTOR('',#1995,1.);
#1995 = DIRECTION('',(-0.942990333583,-0.332820117735,0.));
#1996 = PCURVE('',#350,#1997);
#1997 = DEFINITIONAL_REPRESENTATION('',(#1998),#2002);
#1998 = LINE('',#1999,#2000);
#1999 = CARTESIAN_POINT('',(35.504957160087,-19.91863377648));
#2000 = VECTOR('',#2001,1.);
#2001 = DIRECTION('',(-0.778461538462,-0.627692307692));
#2002 = ( GEOMETRIC_REPRESENTATION_CONTEXT(2) 
PARAMETRIC_REPRESENTATION_CONTEXT() REPRESENTATION_CONTEXT('2D SPACE',''
  ) );
#2003 = PCURVE('',#2004,#2009);
#2004 = PLANE('',#2005);
#2005 = AXIS2_PLACEMENT_3D('',#2006,#2007,#2008);
#2006 = CARTESIAN_POINT('',(46.41544743462,-13.98351432857,7.));
#2007 = DIRECTION('',(-0.332820117735,0.942990333583,0.));
#2008 = DIRECTION('',(-0.942990333583,-0.332820117735,0.));
#2009 = DEFINITIONAL_REPRESENTATION('',(#2010),#2014);
#2010 = LINE('',#2011,#2012);
#2011 = CARTESIAN_POINT('',(0.,0.));
#2012 = VECTOR('',#2013,1.);
#2013 = DIRECTION('',(1.,0.));
#2014 = ( GEOMETRIC_REPRESENTATION_CONTEXT(2) 
PARAMETRIC_REPRESENTATION_CONTEXT() REPRESENTATION_CONTEXT('2D SPACE',''
  ) );
#2015 = ORIENTED_EDGE('',*,*,#2016,.T.);
#2016 = EDGE_CURVE('',#1989,#2017,#2019,.T.);
#2017 = VERTEX_POINT('',#2018);
#2018 = CARTESIAN_POINT('',(45.139664068273,-11.58267545682,7.));
#2019 = SURFACE_CURVE('',#2020,(#2024,#2031),.PCURVE_S1.);
#2020 = LINE('',#2021,#2022);
#2021 = CARTESIAN_POINT('',(46.034475656297,-14.11797495622,7.));
#2022 = VECTOR('',#2023,1.);
#2023 = DIRECTION('',(-0.332820117735,0.942990333583,0.));
#2024 = PCURVE('',#350,#2025);
#2025 = DEFINITIONAL_REPRESENTATION('',(#2026),#2030);
#2026 = LINE('',#2027,#2028);
#2027 = CARTESIAN_POINT('',(35.190455657683,-20.17222392072));
#2028 = VECTOR('',#2029,1.);
#2029 = DIRECTION('',(-0.627692307692,0.778461538462));
#2030 = ( GEOMETRIC_REPRESENTATION_CONTEXT(2) 
PARAMETRIC_REPRESENTATION_CONTEXT() REPRESENTATION_CONTEXT('2D SPACE',''
  ) );
#2031 = PCURVE('',#2032,#2037);
#2032 = PLANE('',#2033);
#2033 = AXIS2_PLACEMENT_3D('',#2034,#2035,#2036);
#2034 = CARTESIAN_POINT('',(46.034475656297,-14.11797495622,7.));
#2035 = DIRECTION('',(0.942990333583,0.332820117735,-0.));
#2036 = DIRECTION('',(-0.332820117735,0.942990333583,0.));
#2037 = DEFINITIONAL_REPRESENTATION('',(#2038),#2042);
#2038 = LINE('',#2039,#2040);
#2039 = CARTESIAN_POINT('',(0.,0.));
#2040 = VECTOR('',#2041,1.);
#2041 = DIRECTION('',(1.,0.));
#2042 = ( GEOMETRIC_REPRESENTATION_CONTEXT(2) 
PARAMETRIC_REPRESENTATION_CONTEXT() REPRESENTATION_CONTEXT('2D SPACE',''
  ) );
#2043 = ORIENTED_EDGE('',*,*,#2044,.T.);
#2044 = EDGE_CURVE('',#2017,#2045,#2047,.T.);
#2045 = VERTEX_POINT('',#2046);
#2046 = CARTESIAN_POINT('',(45.094047560925,-13.82573354131,7.));
#2047 = SURFACE_CURVE('',#2048,(#2052,#2059),.PCURVE_S1.);
#2048 = LINE('',#2049,#2050);
#2049 = CARTESIAN_POINT('',(45.139664068273,-11.58267545682,7.));
#2050 = VECTOR('',#2051,1.);
#2051 = DIRECTION('',(-2.033254398297E-02,-0.999793272459,0.));
#2052 = PCURVE('',#350,#2053);
#2053 = DEFINITIONAL_REPRESENTATION('',(#2054),#2058);
#2054 = LINE('',#2055,#2056);
#2055 = CARTESIAN_POINT('',(33.502858301914,-18.07927229812));
#2056 = VECTOR('',#2057,1.);
#2057 = DIRECTION('',(0.313577922218,-0.949562471193));
#2058 = ( GEOMETRIC_REPRESENTATION_CONTEXT(2) 
PARAMETRIC_REPRESENTATION_CONTEXT() REPRESENTATION_CONTEXT('2D SPACE',''
  ) );
#2059 = PCURVE('',#2060,#2065);
#2060 = PLANE('',#2061);
#2061 = AXIS2_PLACEMENT_3D('',#2062,#2063,#2064);
#2062 = CARTESIAN_POINT('',(45.139664068273,-11.58267545682,7.));
#2063 = DIRECTION('',(-0.999793272459,2.033254398297E-02,0.));
#2064 = DIRECTION('',(-2.033254398297E-02,-0.999793272459,0.));
#2065 = DEFINITIONAL_REPRESENTATION('',(#2066),#2070);
#2066 = LINE('',#2067,#2068);
#2067 = CARTESIAN_POINT('',(0.,0.));
#2068 = VECTOR('',#2069,1.);
#2069 = DIRECTION('',(1.,0.));
#2070 = ( GEOMETRIC_REPRESENTATION_CONTEXT(2) 
PARAMETRIC_REPRESENTATION_CONTEXT() REPRESENTATION_CONTEXT('2D SPACE',''
  ) );
#2071 = ORIENTED_EDGE('',*,*,#2072,.T.);
#2072 = EDGE_CURVE('',#2045,#2073,#2075,.T.);
#2073 = VERTEX_POINT('',#2074);
#2074 = CARTESIAN_POINT('',(44.701472581231,-13.9642894165,7.));
#2075 = SURFACE_CURVE('',#2076,(#2080,#2087),.PCURVE_S1.);
#2076 = LINE('',#2077,#2078);
#2077 = CARTESIAN_POINT('',(45.094047560925,-13.82573354131,7.));
#2078 = VECTOR('',#2079,1.);
#2079 = DIRECTION('',(-0.942990333583,-0.332820117735,0.));
#2080 = PCURVE('',#350,#2081);
#2081 = DEFINITIONAL_REPRESENTATION('',(#2082),#2086);
#2082 = LINE('',#2083,#2084);
#2083 = CARTESIAN_POINT('',(34.206377232202,-20.20963648081));
#2084 = VECTOR('',#2085,1.);
#2085 = DIRECTION('',(-0.778461538462,-0.627692307692));
#2086 = ( GEOMETRIC_REPRESENTATION_CONTEXT(2) 
PARAMETRIC_REPRESENTATION_CONTEXT() REPRESENTATION_CONTEXT('2D SPACE',''
  ) );
#2087 = PCURVE('',#2088,#2093);
#2088 = PLANE('',#2089);
#2089 = AXIS2_PLACEMENT_3D('',#2090,#2091,#2092);
#2090 = CARTESIAN_POINT('',(45.094047560925,-13.82573354131,7.));
#2091 = DIRECTION('',(-0.332820117735,0.942990333583,0.));
#2092 = DIRECTION('',(-0.942990333583,-0.332820117735,0.));
#2093 = DEFINITIONAL_REPRESENTATION('',(#2094),#2098);
#2094 = LINE('',#2095,#2096);
#2095 = CARTESIAN_POINT('',(0.,0.));
#2096 = VECTOR('',#2097,1.);
#2097 = DIRECTION('',(1.,0.));
#2098 = ( GEOMETRIC_REPRESENTATION_CONTEXT(2) 
PARAMETRIC_REPRESENTATION_CONTEXT() REPRESENTATION_CONTEXT('2D SPACE',''
  ) );
#2099 = ORIENTED_EDGE('',*,*,#2100,.T.);
#2100 = EDGE_CURVE('',#2073,#2101,#2103,.T.);
#2101 = VERTEX_POINT('',#2102);
#2102 = CARTESIAN_POINT('',(43.258011579396,-12.24678809995,7.));
#2103 = SURFACE_CURVE('',#2104,(#2108,#2115),.PCURVE_S1.);
#2104 = LINE('',#2105,#2106);
#2105 = CARTESIAN_POINT('',(44.701472581231,-13.9642894165,7.));
#2106 = VECTOR('',#2107,1.);
#2107 = DIRECTION('',(-0.643390649875,0.765538027568,0.));
#2108 = PCURVE('',#350,#2109);
#2109 = DEFINITIONAL_REPRESENTATION('',(#2110),#2114);
#2110 = LINE('',#2111,#2112);
#2111 = CARTESIAN_POINT('',(33.882297003837,-20.47095018273));
#2112 = VECTOR('',#2113,1.);
#2113 = DIRECTION('',(-0.861497620016,0.507761608146));
#2114 = ( GEOMETRIC_REPRESENTATION_CONTEXT(2) 
PARAMETRIC_REPRESENTATION_CONTEXT() REPRESENTATION_CONTEXT('2D SPACE',''
  ) );
#2115 = PCURVE('',#2116,#2121);
#2116 = PLANE('',#2117);
#2117 = AXIS2_PLACEMENT_3D('',#2118,#2119,#2120);
#2118 = CARTESIAN_POINT('',(44.701472581231,-13.9642894165,7.));
#2119 = DIRECTION('',(0.765538027568,0.643390649875,-0.));
#2120 = DIRECTION('',(-0.643390649875,0.765538027568,0.));
#2121 = DEFINITIONAL_REPRESENTATION('',(#2122),#2126);
#2122 = LINE('',#2123,#2124);
#2123 = CARTESIAN_POINT('',(0.,0.));
#2124 = VECTOR('',#2125,1.);
#2125 = DIRECTION('',(1.,0.));
#2126 = ( GEOMETRIC_REPRESENTATION_CONTEXT(2) 
PARAMETRIC_REPRESENTATION_CONTEXT() REPRESENTATION_CONTEXT('2D SPACE',''
  ) );
#2127 = ORIENTED_EDGE('',*,*,#2128,.T.);
#2128 = EDGE_CURVE('',#2101,#1791,#2129,.T.);
#2129 = SURFACE_CURVE('',#2130,(#2134,#2141),.PCURVE_S1.);
#2130 = LINE('',#2131,#2132);
#2131 = CARTESIAN_POINT('',(43.258011579396,-12.24678809995,7.));
#2132 = VECTOR('',#2133,1.);
#2133 = DIRECTION('',(0.332820117735,-0.942990333583,0.));
#2134 = PCURVE('',#350,#2135);
#2135 = DEFINITIONAL_REPRESENTATION('',(#2136),#2140);
#2136 = LINE('',#2137,#2138);
#2137 = CARTESIAN_POINT('',(31.949508241818,-19.33177590389));
#2138 = VECTOR('',#2139,1.);
#2139 = DIRECTION('',(0.627692307692,-0.778461538462));
#2140 = ( GEOMETRIC_REPRESENTATION_CONTEXT(2) 
PARAMETRIC_REPRESENTATION_CONTEXT() REPRESENTATION_CONTEXT('2D SPACE',''
  ) );
#2141 = PCURVE('',#2142,#2147);
#2142 = PLANE('',#2143);
#2143 = AXIS2_PLACEMENT_3D('',#2144,#2145,#2146);
#2144 = CARTESIAN_POINT('',(43.258011579396,-12.24678809995,7.));
#2145 = DIRECTION('',(-0.942990333583,-0.332820117735,0.));
#2146 = DIRECTION('',(0.332820117735,-0.942990333583,0.));
#2147 = DEFINITIONAL_REPRESENTATION('',(#2148),#2152);
#2148 = LINE('',#2149,#2150);
#2149 = CARTESIAN_POINT('',(0.,0.));
#2150 = VECTOR('',#2151,1.);
#2151 = DIRECTION('',(1.,0.));
#2152 = ( GEOMETRIC_REPRESENTATION_CONTEXT(2) 
PARAMETRIC_REPRESENTATION_CONTEXT() REPRESENTATION_CONTEXT('2D SPACE',''
  ) );
#2153 = FACE_BOUND('',#2154,.T.);
#2154 = EDGE_LOOP('',(#2155));
#2155 = ORIENTED_EDGE('',*,*,#2156,.F.);
#2156 = EDGE_CURVE('',#2157,#2157,#2159,.T.);
#2157 = VERTEX_POINT('',#2158);
#2158 = CARTESIAN_POINT('',(47.325388687176,-10.35671760223,7.));
#2159 = SURFACE_CURVE('',#2160,(#2171,#2185),.PCURVE_S1.);
#2160 = B_SPLINE_CURVE_WITH_KNOTS('',2,(#2161,#2162,#2163,#2164,#2165,
    #2166,#2167,#2168,#2169,#2170),.UNSPECIFIED.,.T.,.F.,(3,1,1,1,1,1,1,
    1,3),(0.,1.,2.,3.,4.,4.996825396825,5.993650793651,6.993300058456,
    7.992949323261),.UNSPECIFIED.);
#2161 = CARTESIAN_POINT('',(47.325388687176,-10.35671760223,7.));
#2162 = CARTESIAN_POINT('',(46.716220615238,-10.57171809821,7.));
#2163 = CARTESIAN_POINT('',(46.274502665035,-11.64319411494,7.));
#2164 = CARTESIAN_POINT('',(46.757741875043,-13.01237187663,7.));
#2165 = CARTESIAN_POINT('',(47.773477022445,-13.56727791863,7.));
#2166 = CARTESIAN_POINT('',(48.989879299427,-13.13795946793,7.));
#2167 = CARTESIAN_POINT('',(49.429663382735,-12.06716599246,7.));
#2168 = CARTESIAN_POINT('',(48.947106713984,-10.69992209767,7.));
#2169 = CARTESIAN_POINT('',(47.93262289222,-10.14239964751,7.));
#2170 = CARTESIAN_POINT('',(47.325388687176,-10.35671760223,7.));
#2171 = PCURVE('',#350,#2172);
#2172 = DEFINITIONAL_REPRESENTATION('',(#2173),#2184);
#2173 = B_SPLINE_CURVE_WITH_KNOTS('',2,(#2174,#2175,#2176,#2177,#2178,
    #2179,#2180,#2181,#2182,#2183),.UNSPECIFIED.,.T.,.F.,(3,1,1,1,1,1,1,
    1,3),(0.,1.,2.,3.,4.,4.996825396825,5.993650793651,6.993300058456,
    7.992949323261),.UNSPECIFIED.);
#2174 = CARTESIAN_POINT('',(35.155952051915,-16.19575276687));
#2175 = CARTESIAN_POINT('',(34.653068938934,-16.60123954572));
#2176 = CARTESIAN_POINT('',(34.59314195576,-17.75864369235));
#2177 = CARTESIAN_POINT('',(35.504521763453,-18.88893335581));
#2178 = CARTESIAN_POINT('',(36.647034083164,-19.07414729812));
#2179 = CARTESIAN_POINT('',(37.651203854799,-18.26446100004));
#2180 = CARTESIAN_POINT('',(37.709534383645,-17.10834411302));
#2181 = CARTESIAN_POINT('',(36.799441835568,-15.97965090389));
#2182 = CARTESIAN_POINT('',(35.657238710568,-15.79155324764));
#2183 = CARTESIAN_POINT('',(35.155952051915,-16.19575276687));
#2184 = ( GEOMETRIC_REPRESENTATION_CONTEXT(2) 
PARAMETRIC_REPRESENTATION_CONTEXT() REPRESENTATION_CONTEXT('2D SPACE',''
  ) );
#2185 = PCURVE('',#2186,#2200);
#2186 = SURFACE_OF_LINEAR_EXTRUSION('',#2187,#2198);
#2187 = B_SPLINE_CURVE_WITH_KNOTS('',2,(#2188,#2189,#2190,#2191,#2192,
    #2193,#2194,#2195,#2196,#2197),.UNSPECIFIED.,.T.,.F.,(3,1,1,1,1,1,1,
    1,3),(0.,1.,2.,3.,4.,4.996825396825,5.993650793651,6.993300058456,
    7.992949323261),.UNSPECIFIED.);
#2188 = CARTESIAN_POINT('',(47.325388687176,-10.35671760223,7.));
#2189 = CARTESIAN_POINT('',(46.716220615238,-10.57171809821,7.));
#2190 = CARTESIAN_POINT('',(46.274502665035,-11.64319411494,7.));
#2191 = CARTESIAN_POINT('',(46.757741875043,-13.01237187663,7.));
#2192 = CARTESIAN_POINT('',(47.773477022445,-13.56727791863,7.));
#2193 = CARTESIAN_POINT('',(48.989879299427,-13.13795946793,7.));
#2194 = CARTESIAN_POINT('',(49.429663382735,-12.06716599246,7.));
#2195 = CARTESIAN_POINT('',(48.947106713984,-10.69992209767,7.));
#2196 = CARTESIAN_POINT('',(47.93262289222,-10.14239964751,7.));
#2197 = CARTESIAN_POINT('',(47.325388687176,-10.35671760223,7.));
#2198 = VECTOR('',#2199,1.);
#2199 = DIRECTION('',(0.,0.,1.));
#2200 = DEFINITIONAL_REPRESENTATION('',(#2201),#2205);
#2201 = LINE('',#2202,#2203);
#2202 = CARTESIAN_POINT('',(0.,0.));
#2203 = VECTOR('',#2204,1.);
#2204 = DIRECTION('',(1.,0.));
#2205 = ( GEOMETRIC_REPRESENTATION_CONTEXT(2) 
PARAMETRIC_REPRESENTATION_CONTEXT() REPRESENTATION_CONTEXT('2D SPACE',''
  ) );
#2206 = FACE_BOUND('',#2207,.T.);
#2207 = EDGE_LOOP('',(#2208,#2261,#2289,#2340));
#2208 = ORIENTED_EDGE('',*,*,#2209,.F.);
#2209 = EDGE_CURVE('',#2210,#2212,#2214,.T.);
#2210 = VERTEX_POINT('',#2211);
#2211 = CARTESIAN_POINT('',(51.529842830752,-9.18160907131,7.));
#2212 = VERTEX_POINT('',#2213);
#2213 = CARTESIAN_POINT('',(52.391892438437,-11.62408295974,7.));
#2214 = SURFACE_CURVE('',#2215,(#2226,#2240),.PCURVE_S1.);
#2215 = B_SPLINE_CURVE_WITH_KNOTS('',2,(#2216,#2217,#2218,#2219,#2220,
    #2221,#2222,#2223,#2224,#2225),.UNSPECIFIED.,.F.,.F.,(3,1,1,1,1,1,1,
    1,3),(0.,1.,2.,4.529850746269,7.059701492537,9.582524875622,
    12.105348258706,13.087686567164,14.070024875622),.UNSPECIFIED.);
#2216 = CARTESIAN_POINT('',(51.529842830752,-9.18160907131,7.));
#2217 = CARTESIAN_POINT('',(51.280260244415,-9.115288812497,7.));
#2218 = CARTESIAN_POINT('',(50.773473361038,-9.139746540876,7.));
#2219 = CARTESIAN_POINT('',(49.858754319683,-9.462588555472,7.));
#2220 = CARTESIAN_POINT('',(49.387800852302,-10.53133440717,7.));
#2221 = CARTESIAN_POINT('',(49.878548016138,-11.92178470471,7.));
#2222 = CARTESIAN_POINT('',(50.91601072689,-12.45814837589,7.));
#2223 = CARTESIAN_POINT('',(51.826862034456,-12.13667144381,7.));
#2224 = CARTESIAN_POINT('',(52.236045518071,-11.83567074944,7.));
#2225 = CARTESIAN_POINT('',(52.391892438437,-11.62408295974,7.));
#2226 = PCURVE('',#350,#2227);
#2227 = DEFINITIONAL_REPRESENTATION('',(#2228),#2239);
#2228 = B_SPLINE_CURVE_WITH_KNOTS('',2,(#2229,#2230,#2231,#2232,#2233,
    #2234,#2235,#2236,#2237,#2238),.UNSPECIFIED.,.F.,.F.,(3,1,1,1,1,1,1,
    1,3),(0.,1.,2.,4.529850746269,7.059701492537,9.582524875622,
    12.105348258706,13.087686567164,14.070024875622),.UNSPECIFIED.);
#2229 = CARTESIAN_POINT('',(38.729611907684,-13.68830985822));
#2230 = CARTESIAN_POINT('',(38.472185224992,-13.708836601));
#2231 = CARTESIAN_POINT('',(38.002430116819,-13.90056887264));
#2232 = CARTESIAN_POINT('',(37.247307220184,-14.50944267072));
#2233 = CARTESIAN_POINT('',(37.158902773068,-15.67400246639));
#2234 = CARTESIAN_POINT('',(38.08444243653,-16.82185312745));
#2235 = CARTESIAN_POINT('',(39.241272364414,-16.98235042312));
#2236 = CARTESIAN_POINT('',(39.993202352395,-16.37605114427));
#2237 = CARTESIAN_POINT('',(40.278879335568,-15.95602590389));
#2238 = CARTESIAN_POINT('',(40.355420801915,-15.70463167312));
#2239 = ( GEOMETRIC_REPRESENTATION_CONTEXT(2) 
PARAMETRIC_REPRESENTATION_CONTEXT() REPRESENTATION_CONTEXT('2D SPACE',''
  ) );
#2240 = PCURVE('',#2241,#2255);
#2241 = SURFACE_OF_LINEAR_EXTRUSION('',#2242,#2253);
#2242 = B_SPLINE_CURVE_WITH_KNOTS('',2,(#2243,#2244,#2245,#2246,#2247,
    #2248,#2249,#2250,#2251,#2252),.UNSPECIFIED.,.F.,.F.,(3,1,1,1,1,1,1,
    1,3),(0.,1.,2.,4.529850746269,7.059701492537,9.582524875622,
    12.105348258706,13.087686567164,14.070024875622),.UNSPECIFIED.);
#2243 = CARTESIAN_POINT('',(51.529842830752,-9.18160907131,7.));
#2244 = CARTESIAN_POINT('',(51.280260244415,-9.115288812497,7.));
#2245 = CARTESIAN_POINT('',(50.773473361038,-9.139746540876,7.));
#2246 = CARTESIAN_POINT('',(49.858754319683,-9.462588555472,7.));
#2247 = CARTESIAN_POINT('',(49.387800852302,-10.53133440717,7.));
#2248 = CARTESIAN_POINT('',(49.878548016138,-11.92178470471,7.));
#2249 = CARTESIAN_POINT('',(50.91601072689,-12.45814837589,7.));
#2250 = CARTESIAN_POINT('',(51.826862034456,-12.13667144381,7.));
#2251 = CARTESIAN_POINT('',(52.236045518071,-11.83567074944,7.));
#2252 = CARTESIAN_POINT('',(52.391892438437,-11.62408295974,7.));
#2253 = VECTOR('',#2254,1.);
#2254 = DIRECTION('',(0.,0.,1.));
#2255 = DEFINITIONAL_REPRESENTATION('',(#2256),#2260);
#2256 = LINE('',#2257,#2258);
#2257 = CARTESIAN_POINT('',(0.,0.));
#2258 = VECTOR('',#2259,1.);
#2259 = DIRECTION('',(1.,0.));
#2260 = ( GEOMETRIC_REPRESENTATION_CONTEXT(2) 
PARAMETRIC_REPRESENTATION_CONTEXT() REPRESENTATION_CONTEXT('2D SPACE',''
  ) );
#2261 = ORIENTED_EDGE('',*,*,#2262,.T.);
#2262 = EDGE_CURVE('',#2210,#2263,#2265,.T.);
#2263 = VERTEX_POINT('',#2264);
#2264 = CARTESIAN_POINT('',(51.675224118509,-9.593522719954,7.));
#2265 = SURFACE_CURVE('',#2266,(#2270,#2277),.PCURVE_S1.);
#2266 = LINE('',#2267,#2268);
#2267 = CARTESIAN_POINT('',(51.529842830752,-9.18160907131,7.));
#2268 = VECTOR('',#2269,1.);
#2269 = DIRECTION('',(0.332820117735,-0.942990333583,0.));
#2270 = PCURVE('',#350,#2271);
#2271 = DEFINITIONAL_REPRESENTATION('',(#2272),#2276);
#2272 = LINE('',#2273,#2274);
#2273 = CARTESIAN_POINT('',(38.729611907684,-13.68830985822));
#2274 = VECTOR('',#2275,1.);
#2275 = DIRECTION('',(0.627692307692,-0.778461538462));
#2276 = ( GEOMETRIC_REPRESENTATION_CONTEXT(2) 
PARAMETRIC_REPRESENTATION_CONTEXT() REPRESENTATION_CONTEXT('2D SPACE',''
  ) );
#2277 = PCURVE('',#2278,#2283);
#2278 = PLANE('',#2279);
#2279 = AXIS2_PLACEMENT_3D('',#2280,#2281,#2282);
#2280 = CARTESIAN_POINT('',(51.529842830752,-9.18160907131,7.));
#2281 = DIRECTION('',(-0.942990333583,-0.332820117735,0.));
#2282 = DIRECTION('',(0.332820117735,-0.942990333583,0.));
#2283 = DEFINITIONAL_REPRESENTATION('',(#2284),#2288);
#2284 = LINE('',#2285,#2286);
#2285 = CARTESIAN_POINT('',(0.,0.));
#2286 = VECTOR('',#2287,1.);
#2287 = DIRECTION('',(1.,0.));
#2288 = ( GEOMETRIC_REPRESENTATION_CONTEXT(2) 
PARAMETRIC_REPRESENTATION_CONTEXT() REPRESENTATION_CONTEXT('2D SPACE',''
  ) );
#2289 = ORIENTED_EDGE('',*,*,#2290,.F.);
#2290 = EDGE_CURVE('',#2291,#2263,#2293,.T.);
#2291 = VERTEX_POINT('',#2292);
#2292 = CARTESIAN_POINT('',(52.247876233194,-11.21603704489,7.));
#2293 = SURFACE_CURVE('',#2294,(#2305,#2319),.PCURVE_S1.);
#2294 = B_SPLINE_CURVE_WITH_KNOTS('',2,(#2295,#2296,#2297,#2298,#2299,
    #2300,#2301,#2302,#2303,#2304),.UNSPECIFIED.,.F.,.F.,(3,1,1,1,1,1,1,
    1,3),(0.,1.,2.,3.969230769231,5.938461538461,7.914367666232,
    9.890273794002,10.893663624511,11.897053455019),.UNSPECIFIED.);
#2295 = CARTESIAN_POINT('',(52.247876233194,-11.21603704489,7.));
#2296 = CARTESIAN_POINT('',(52.115463229322,-11.46937360814,7.));
#2297 = CARTESIAN_POINT('',(51.732898854732,-11.80882412666,7.));
#2298 = CARTESIAN_POINT('',(50.986426233245,-12.07228505189,7.));
#2299 = CARTESIAN_POINT('',(50.246779024329,-11.65263593567,7.));
#2300 = CARTESIAN_POINT('',(49.843397141398,-10.5097206007,7.));
#2301 = CARTESIAN_POINT('',(50.155773523386,-9.718769040627,7.));
#2302 = CARTESIAN_POINT('',(50.902246144873,-9.455308115397,7.));
#2303 = CARTESIAN_POINT('',(51.413128275793,-9.479424573146,7.));
#2304 = CARTESIAN_POINT('',(51.675224118509,-9.593522719954,7.));
#2305 = PCURVE('',#350,#2306);
#2306 = DEFINITIONAL_REPRESENTATION('',(#2307),#2318);
#2307 = B_SPLINE_CURVE_WITH_KNOTS('',2,(#2308,#2309,#2310,#2311,#2312,
    #2313,#2314,#2315,#2316,#2317),.UNSPECIFIED.,.F.,.F.,(3,1,1,1,1,1,1,
    1,3),(0.,1.,2.,3.969230769231,5.938461538461,7.914367666232,
    9.890273794002,10.893663624511,11.897053455019),.UNSPECIFIED.);
#2308 = CARTESIAN_POINT('',(40.083809023069,-15.36777981014));
#2309 = CARTESIAN_POINT('',(40.043260345184,-15.65074345197));
#2310 = CARTESIAN_POINT('',(39.795481799511,-16.09816712985));
#2311 = CARTESIAN_POINT('',(39.179250429318,-16.59504934139));
#2312 = CARTESIAN_POINT('',(38.34210259278,-16.44549375245));
#2313 = CARTESIAN_POINT('',(37.581332160088,-15.50198924524));
#2314 = CARTESIAN_POINT('',(37.612655477396,-14.65216442552));
#2315 = CARTESIAN_POINT('',(38.228886847588,-14.15528221399));
#2316 = CARTESIAN_POINT('',(38.718670200953,-14.00799194956));
#2317 = CARTESIAN_POINT('',(39.003798205761,-14.02835462985));
#2318 = ( GEOMETRIC_REPRESENTATION_CONTEXT(2) 
PARAMETRIC_REPRESENTATION_CONTEXT() REPRESENTATION_CONTEXT('2D SPACE',''
  ) );
#2319 = PCURVE('',#2320,#2334);
#2320 = SURFACE_OF_LINEAR_EXTRUSION('',#2321,#2332);
#2321 = B_SPLINE_CURVE_WITH_KNOTS('',2,(#2322,#2323,#2324,#2325,#2326,
    #2327,#2328,#2329,#2330,#2331),.UNSPECIFIED.,.F.,.F.,(3,1,1,1,1,1,1,
    1,3),(0.,1.,2.,3.969230769231,5.938461538461,7.914367666232,
    9.890273794002,10.893663624511,11.897053455019),.UNSPECIFIED.);
#2322 = CARTESIAN_POINT('',(52.247876233194,-11.21603704489,7.));
#2323 = CARTESIAN_POINT('',(52.115463229322,-11.46937360814,7.));
#2324 = CARTESIAN_POINT('',(51.732898854732,-11.80882412666,7.));
#2325 = CARTESIAN_POINT('',(50.986426233245,-12.07228505189,7.));
#2326 = CARTESIAN_POINT('',(50.246779024329,-11.65263593567,7.));
#2327 = CARTESIAN_POINT('',(49.843397141398,-10.5097206007,7.));
#2328 = CARTESIAN_POINT('',(50.155773523386,-9.718769040627,7.));
#2329 = CARTESIAN_POINT('',(50.902246144873,-9.455308115397,7.));
#2330 = CARTESIAN_POINT('',(51.413128275793,-9.479424573146,7.));
#2331 = CARTESIAN_POINT('',(51.675224118509,-9.593522719954,7.));
#2332 = VECTOR('',#2333,1.);
#2333 = DIRECTION('',(0.,0.,1.));
#2334 = DEFINITIONAL_REPRESENTATION('',(#2335),#2339);
#2335 = LINE('',#2336,#2337);
#2336 = CARTESIAN_POINT('',(0.,0.));
#2337 = VECTOR('',#2338,1.);
#2338 = DIRECTION('',(1.,0.));
#2339 = ( GEOMETRIC_REPRESENTATION_CONTEXT(2) 
PARAMETRIC_REPRESENTATION_CONTEXT() REPRESENTATION_CONTEXT('2D SPACE',''
  ) );
#2340 = ORIENTED_EDGE('',*,*,#2341,.T.);
#2341 = EDGE_CURVE('',#2291,#2212,#2342,.T.);
#2342 = SURFACE_CURVE('',#2343,(#2347,#2354),.PCURVE_S1.);
#2343 = LINE('',#2344,#2345);
#2344 = CARTESIAN_POINT('',(52.247876233194,-11.21603704489,7.));
#2345 = VECTOR('',#2346,1.);
#2346 = DIRECTION('',(0.332820117735,-0.942990333583,0.));
#2347 = PCURVE('',#350,#2348);
#2348 = DEFINITIONAL_REPRESENTATION('',(#2349),#2353);
#2349 = LINE('',#2350,#2351);
#2350 = CARTESIAN_POINT('',(40.083809023069,-15.36777981014));
#2351 = VECTOR('',#2352,1.);
#2352 = DIRECTION('',(0.627692307692,-0.778461538462));
#2353 = ( GEOMETRIC_REPRESENTATION_CONTEXT(2) 
PARAMETRIC_REPRESENTATION_CONTEXT() REPRESENTATION_CONTEXT('2D SPACE',''
  ) );
#2354 = PCURVE('',#2355,#2360);
#2355 = PLANE('',#2356);
#2356 = AXIS2_PLACEMENT_3D('',#2357,#2358,#2359);
#2357 = CARTESIAN_POINT('',(52.247876233194,-11.21603704489,7.));
#2358 = DIRECTION('',(-0.942990333583,-0.332820117735,0.));
#2359 = DIRECTION('',(0.332820117735,-0.942990333583,0.));
#2360 = DEFINITIONAL_REPRESENTATION('',(#2361),#2365);
#2361 = LINE('',#2362,#2363);
#2362 = CARTESIAN_POINT('',(0.,0.));
#2363 = VECTOR('',#2364,1.);
#2364 = DIRECTION('',(1.,0.));
#2365 = ( GEOMETRIC_REPRESENTATION_CONTEXT(2) 
PARAMETRIC_REPRESENTATION_CONTEXT() REPRESENTATION_CONTEXT('2D SPACE',''
  ) );
#2366 = FACE_BOUND('',#2367,.T.);
#2367 = EDGE_LOOP('',(#2368,#2398,#2426,#2454,#2482,#2510,#2538,#2566,
    #2594,#2622,#2650));
#2368 = ORIENTED_EDGE('',*,*,#2369,.T.);
#2369 = EDGE_CURVE('',#2370,#2372,#2374,.T.);
#2370 = VERTEX_POINT('',#2371);
#2371 = CARTESIAN_POINT('',(53.464392267052,-11.49565144654,7.));
#2372 = VERTEX_POINT('',#2373);
#2373 = CARTESIAN_POINT('',(53.073751154254,-11.63352478047,7.));
#2374 = SURFACE_CURVE('',#2375,(#2379,#2386),.PCURVE_S1.);
#2375 = LINE('',#2376,#2377);
#2376 = CARTESIAN_POINT('',(53.464392267052,-11.49565144654,7.));
#2377 = VECTOR('',#2378,1.);
#2378 = DIRECTION('',(-0.942990333583,-0.332820117735,0.));
#2379 = PCURVE('',#350,#2380);
#2380 = DEFINITIONAL_REPRESENTATION('',(#2381),#2385);
#2381 = LINE('',#2382,#2383);
#2382 = CARTESIAN_POINT('',(41.324033181722,-15.22657247841));
#2383 = VECTOR('',#2384,1.);
#2384 = DIRECTION('',(-0.778461538462,-0.627692307692));
#2385 = ( GEOMETRIC_REPRESENTATION_CONTEXT(2) 
PARAMETRIC_REPRESENTATION_CONTEXT() REPRESENTATION_CONTEXT('2D SPACE',''
  ) );
#2386 = PCURVE('',#2387,#2392);
#2387 = PLANE('',#2388);
#2388 = AXIS2_PLACEMENT_3D('',#2389,#2390,#2391);
#2389 = CARTESIAN_POINT('',(53.464392267052,-11.49565144654,7.));
#2390 = DIRECTION('',(-0.332820117735,0.942990333583,0.));
#2391 = DIRECTION('',(-0.942990333583,-0.332820117735,0.));
#2392 = DEFINITIONAL_REPRESENTATION('',(#2393),#2397);
#2393 = LINE('',#2394,#2395);
#2394 = CARTESIAN_POINT('',(0.,0.));
#2395 = VECTOR('',#2396,1.);
#2396 = DIRECTION('',(1.,0.));
#2397 = ( GEOMETRIC_REPRESENTATION_CONTEXT(2) 
PARAMETRIC_REPRESENTATION_CONTEXT() REPRESENTATION_CONTEXT('2D SPACE',''
  ) );
#2398 = ORIENTED_EDGE('',*,*,#2399,.T.);
#2399 = EDGE_CURVE('',#2372,#2400,#2402,.T.);
#2400 = VERTEX_POINT('',#2401);
#2401 = CARTESIAN_POINT('',(52.054717057442,-8.746261506173,7.));
#2402 = SURFACE_CURVE('',#2403,(#2407,#2414),.PCURVE_S1.);
#2403 = LINE('',#2404,#2405);
#2404 = CARTESIAN_POINT('',(53.073751154254,-11.63352478047,7.));
#2405 = VECTOR('',#2406,1.);
#2406 = DIRECTION('',(-0.332820117735,0.942990333583,0.));
#2407 = PCURVE('',#350,#2408);
#2408 = DEFINITIONAL_REPRESENTATION('',(#2409),#2413);
#2409 = LINE('',#2410,#2411);
#2410 = CARTESIAN_POINT('',(41.001549407684,-15.48659892072));
#2411 = VECTOR('',#2412,1.);
#2412 = DIRECTION('',(-0.627692307692,0.778461538462));
#2413 = ( GEOMETRIC_REPRESENTATION_CONTEXT(2) 
PARAMETRIC_REPRESENTATION_CONTEXT() REPRESENTATION_CONTEXT('2D SPACE',''
  ) );
#2414 = PCURVE('',#2415,#2420);
#2415 = PLANE('',#2416);
#2416 = AXIS2_PLACEMENT_3D('',#2417,#2418,#2419);
#2417 = CARTESIAN_POINT('',(53.073751154254,-11.63352478047,7.));
#2418 = DIRECTION('',(0.942990333583,0.332820117735,-0.));
#2419 = DIRECTION('',(-0.332820117735,0.942990333583,0.));
#2420 = DEFINITIONAL_REPRESENTATION('',(#2421),#2425);
#2421 = LINE('',#2422,#2423);
#2422 = CARTESIAN_POINT('',(0.,0.));
#2423 = VECTOR('',#2424,1.);
#2424 = DIRECTION('',(1.,0.));
#2425 = ( GEOMETRIC_REPRESENTATION_CONTEXT(2) 
PARAMETRIC_REPRESENTATION_CONTEXT() REPRESENTATION_CONTEXT('2D SPACE',''
  ) );
#2426 = ORIENTED_EDGE('',*,*,#2427,.T.);
#2427 = EDGE_CURVE('',#2400,#2428,#2430,.T.);
#2428 = VERTEX_POINT('',#2429);
#2429 = CARTESIAN_POINT('',(52.445358170241,-8.608388172244,7.));
#2430 = SURFACE_CURVE('',#2431,(#2435,#2442),.PCURVE_S1.);
#2431 = LINE('',#2432,#2433);
#2432 = CARTESIAN_POINT('',(52.054717057442,-8.746261506173,7.));
#2433 = VECTOR('',#2434,1.);
#2434 = DIRECTION('',(0.942990333583,0.332820117735,0.));
#2435 = PCURVE('',#350,#2436);
#2436 = DEFINITIONAL_REPRESENTATION('',(#2437),#2441);
#2437 = LINE('',#2438,#2439);
#2438 = CARTESIAN_POINT('',(39.079670801915,-13.10309261062));
#2439 = VECTOR('',#2440,1.);
#2440 = DIRECTION('',(0.778461538462,0.627692307692));
#2441 = ( GEOMETRIC_REPRESENTATION_CONTEXT(2) 
PARAMETRIC_REPRESENTATION_CONTEXT() REPRESENTATION_CONTEXT('2D SPACE',''
  ) );
#2442 = PCURVE('',#2443,#2448);
#2443 = PLANE('',#2444);
#2444 = AXIS2_PLACEMENT_3D('',#2445,#2446,#2447);
#2445 = CARTESIAN_POINT('',(52.054717057442,-8.746261506173,7.));
#2446 = DIRECTION('',(0.332820117735,-0.942990333583,0.));
#2447 = DIRECTION('',(0.942990333583,0.332820117735,0.));
#2448 = DEFINITIONAL_REPRESENTATION('',(#2449),#2453);
#2449 = LINE('',#2450,#2451);
#2450 = CARTESIAN_POINT('',(0.,0.));
#2451 = VECTOR('',#2452,1.);
#2452 = DIRECTION('',(1.,0.));
#2453 = ( GEOMETRIC_REPRESENTATION_CONTEXT(2) 
PARAMETRIC_REPRESENTATION_CONTEXT() REPRESENTATION_CONTEXT('2D SPACE',''
  ) );
#2454 = ORIENTED_EDGE('',*,*,#2455,.T.);
#2455 = EDGE_CURVE('',#2428,#2456,#2458,.T.);
#2456 = VERTEX_POINT('',#2457);
#2457 = CARTESIAN_POINT('',(52.876041703454,-9.828658183016,7.));
#2458 = SURFACE_CURVE('',#2459,(#2463,#2470),.PCURVE_S1.);
#2459 = LINE('',#2460,#2461);
#2460 = CARTESIAN_POINT('',(52.445358170241,-8.608388172244,7.));
#2461 = VECTOR('',#2462,1.);
#2462 = DIRECTION('',(0.332820117735,-0.942990333583,0.));
#2463 = PCURVE('',#350,#2464);
#2464 = DEFINITIONAL_REPRESENTATION('',(#2465),#2469);
#2465 = LINE('',#2466,#2467);
#2466 = CARTESIAN_POINT('',(39.402154575954,-12.84306616831));
#2467 = VECTOR('',#2468,1.);
#2468 = DIRECTION('',(0.627692307692,-0.778461538462));
#2469 = ( GEOMETRIC_REPRESENTATION_CONTEXT(2) 
PARAMETRIC_REPRESENTATION_CONTEXT() REPRESENTATION_CONTEXT('2D SPACE',''
  ) );
#2470 = PCURVE('',#2471,#2476);
#2471 = PLANE('',#2472);
#2472 = AXIS2_PLACEMENT_3D('',#2473,#2474,#2475);
#2473 = CARTESIAN_POINT('',(52.445358170241,-8.608388172244,7.));
#2474 = DIRECTION('',(-0.942990333583,-0.332820117735,0.));
#2475 = DIRECTION('',(0.332820117735,-0.942990333583,0.));
#2476 = DEFINITIONAL_REPRESENTATION('',(#2477),#2481);
#2477 = LINE('',#2478,#2479);
#2478 = CARTESIAN_POINT('',(0.,0.));
#2479 = VECTOR('',#2480,1.);
#2480 = DIRECTION('',(1.,0.));
#2481 = ( GEOMETRIC_REPRESENTATION_CONTEXT(2) 
PARAMETRIC_REPRESENTATION_CONTEXT() REPRESENTATION_CONTEXT('2D SPACE',''
  ) );
#2482 = ORIENTED_EDGE('',*,*,#2483,.T.);
#2483 = EDGE_CURVE('',#2456,#2484,#2486,.T.);
#2484 = VERTEX_POINT('',#2485);
#2485 = CARTESIAN_POINT('',(53.74104898992,-8.151085530004,7.));
#2486 = SURFACE_CURVE('',#2487,(#2491,#2498),.PCURVE_S1.);
#2487 = LINE('',#2488,#2489);
#2488 = CARTESIAN_POINT('',(52.876041703454,-9.828658183016,7.));
#2489 = VECTOR('',#2490,1.);
#2490 = DIRECTION('',(0.458292852842,0.888801249456,0.));
#2491 = PCURVE('',#350,#2492);
#2492 = DEFINITIONAL_REPRESENTATION('',(#2493),#2497);
#2493 = LINE('',#2494,#2495);
#2494 = CARTESIAN_POINT('',(40.214415393261,-13.8504288486));
#2495 = VECTOR('',#2496,1.);
#2496 = DIRECTION('',(0.136354793693,0.990660067953));
#2497 = ( GEOMETRIC_REPRESENTATION_CONTEXT(2) 
PARAMETRIC_REPRESENTATION_CONTEXT() REPRESENTATION_CONTEXT('2D SPACE',''
  ) );
#2498 = PCURVE('',#2499,#2504);
#2499 = PLANE('',#2500);
#2500 = AXIS2_PLACEMENT_3D('',#2501,#2502,#2503);
#2501 = CARTESIAN_POINT('',(52.876041703454,-9.828658183016,7.));
#2502 = DIRECTION('',(0.888801249456,-0.458292852842,0.));
#2503 = DIRECTION('',(0.458292852842,0.888801249456,0.));
#2504 = DEFINITIONAL_REPRESENTATION('',(#2505),#2509);
#2505 = LINE('',#2506,#2507);
#2506 = CARTESIAN_POINT('',(0.,0.));
#2507 = VECTOR('',#2508,1.);
#2508 = DIRECTION('',(1.,0.));
#2509 = ( GEOMETRIC_REPRESENTATION_CONTEXT(2) 
PARAMETRIC_REPRESENTATION_CONTEXT() REPRESENTATION_CONTEXT('2D SPACE',''
  ) );
#2510 = ORIENTED_EDGE('',*,*,#2511,.T.);
#2511 = EDGE_CURVE('',#2484,#2512,#2514,.T.);
#2512 = VERTEX_POINT('',#2513);
#2513 = CARTESIAN_POINT('',(54.243854382631,-7.973624803165,7.));
#2514 = SURFACE_CURVE('',#2515,(#2519,#2526),.PCURVE_S1.);
#2515 = LINE('',#2516,#2517);
#2516 = CARTESIAN_POINT('',(53.74104898992,-8.151085530004,7.));
#2517 = VECTOR('',#2518,1.);
#2518 = DIRECTION('',(0.942990333583,0.332820117735,0.));
#2519 = PCURVE('',#350,#2520);
#2520 = DEFINITIONAL_REPRESENTATION('',(#2521),#2525);
#2521 = LINE('',#2522,#2523);
#2522 = CARTESIAN_POINT('',(40.471778974992,-11.980602226));
#2523 = VECTOR('',#2524,1.);
#2524 = DIRECTION('',(0.778461538462,0.627692307692));
#2525 = ( GEOMETRIC_REPRESENTATION_CONTEXT(2) 
PARAMETRIC_REPRESENTATION_CONTEXT() REPRESENTATION_CONTEXT('2D SPACE',''
  ) );
#2526 = PCURVE('',#2527,#2532);
#2527 = PLANE('',#2528);
#2528 = AXIS2_PLACEMENT_3D('',#2529,#2530,#2531);
#2529 = CARTESIAN_POINT('',(53.74104898992,-8.151085530004,7.));
#2530 = DIRECTION('',(0.332820117735,-0.942990333583,0.));
#2531 = DIRECTION('',(0.942990333583,0.332820117735,0.));
#2532 = DEFINITIONAL_REPRESENTATION('',(#2533),#2537);
#2533 = LINE('',#2534,#2535);
#2534 = CARTESIAN_POINT('',(0.,0.));
#2535 = VECTOR('',#2536,1.);
#2536 = DIRECTION('',(1.,0.));
#2537 = ( GEOMETRIC_REPRESENTATION_CONTEXT(2) 
PARAMETRIC_REPRESENTATION_CONTEXT() REPRESENTATION_CONTEXT('2D SPACE',''
  ) );
#2538 = ORIENTED_EDGE('',*,*,#2539,.T.);
#2539 = EDGE_CURVE('',#2512,#2540,#2542,.T.);
#2540 = VERTEX_POINT('',#2541);
#2541 = CARTESIAN_POINT('',(53.285907728327,-9.825359233607,7.));
#2542 = SURFACE_CURVE('',#2543,(#2547,#2554),.PCURVE_S1.);
#2543 = LINE('',#2544,#2545);
#2544 = CARTESIAN_POINT('',(54.243854382631,-7.973624803165,7.));
#2545 = VECTOR('',#2546,1.);
#2546 = DIRECTION('',(-0.459480808639,-0.888187697783,0.));
#2547 = PCURVE('',#350,#2548);
#2548 = DEFINITIONAL_REPRESENTATION('',(#2549),#2553);
#2549 = LINE('',#2550,#2551);
#2550 = CARTESIAN_POINT('',(40.886857099992,-11.64591472601));
#2551 = VECTOR('',#2552,1.);
#2552 = DIRECTION('',(-0.137679226867,-0.990476870245));
#2553 = ( GEOMETRIC_REPRESENTATION_CONTEXT(2) 
PARAMETRIC_REPRESENTATION_CONTEXT() REPRESENTATION_CONTEXT('2D SPACE',''
  ) );
#2554 = PCURVE('',#2555,#2560);
#2555 = PLANE('',#2556);
#2556 = AXIS2_PLACEMENT_3D('',#2557,#2558,#2559);
#2557 = CARTESIAN_POINT('',(54.243854382631,-7.973624803165,7.));
#2558 = DIRECTION('',(-0.888187697783,0.459480808639,0.));
#2559 = DIRECTION('',(-0.459480808639,-0.888187697783,0.));
#2560 = DEFINITIONAL_REPRESENTATION('',(#2561),#2565);
#2561 = LINE('',#2562,#2563);
#2562 = CARTESIAN_POINT('',(0.,0.));
#2563 = VECTOR('',#2564,1.);
#2564 = DIRECTION('',(1.,0.));
#2565 = ( GEOMETRIC_REPRESENTATION_CONTEXT(2) 
PARAMETRIC_REPRESENTATION_CONTEXT() REPRESENTATION_CONTEXT('2D SPACE',''
  ) );
#2566 = ORIENTED_EDGE('',*,*,#2567,.T.);
#2567 = EDGE_CURVE('',#2540,#2568,#2570,.T.);
#2568 = VERTEX_POINT('',#2569);
#2569 = CARTESIAN_POINT('',(55.36538342488,-10.82471339083,7.));
#2570 = SURFACE_CURVE('',#2571,(#2575,#2582),.PCURVE_S1.);
#2571 = LINE('',#2572,#2573);
#2572 = CARTESIAN_POINT('',(53.285907728327,-9.825359233607,7.));
#2573 = VECTOR('',#2574,1.);
#2574 = DIRECTION('',(0.901319064006,-0.433155797445,0.));
#2575 = PCURVE('',#350,#2576);
#2576 = DEFINITIONAL_REPRESENTATION('',(#2577),#2581);
#2577 = LINE('',#2578,#2579);
#2578 = CARTESIAN_POINT('',(40.59981713605,-13.71090631254));
#2579 = VECTOR('',#2580,1.);
#2580 = DIRECTION('',(0.994098128334,-0.108484612927));
#2581 = ( GEOMETRIC_REPRESENTATION_CONTEXT(2) 
PARAMETRIC_REPRESENTATION_CONTEXT() REPRESENTATION_CONTEXT('2D SPACE',''
  ) );
#2582 = PCURVE('',#2583,#2588);
#2583 = PLANE('',#2584);
#2584 = AXIS2_PLACEMENT_3D('',#2585,#2586,#2587);
#2585 = CARTESIAN_POINT('',(53.285907728327,-9.825359233607,7.));
#2586 = DIRECTION('',(-0.433155797445,-0.901319064006,0.));
#2587 = DIRECTION('',(0.901319064006,-0.433155797445,0.));
#2588 = DEFINITIONAL_REPRESENTATION('',(#2589),#2593);
#2589 = LINE('',#2590,#2591);
#2590 = CARTESIAN_POINT('',(0.,0.));
#2591 = VECTOR('',#2592,1.);
#2592 = DIRECTION('',(1.,0.));
#2593 = ( GEOMETRIC_REPRESENTATION_CONTEXT(2) 
PARAMETRIC_REPRESENTATION_CONTEXT() REPRESENTATION_CONTEXT('2D SPACE',''
  ) );
#2594 = ORIENTED_EDGE('',*,*,#2595,.T.);
#2595 = EDGE_CURVE('',#2568,#2596,#2598,.T.);
#2596 = VERTEX_POINT('',#2597);
#2597 = CARTESIAN_POINT('',(54.850974830798,-11.00626936522,7.));
#2598 = SURFACE_CURVE('',#2599,(#2603,#2610),.PCURVE_S1.);
#2599 = LINE('',#2600,#2601);
#2600 = CARTESIAN_POINT('',(55.36538342488,-10.82471339083,7.));
#2601 = VECTOR('',#2602,1.);
#2602 = DIRECTION('',(-0.942990333583,-0.332820117735,0.));
#2603 = PCURVE('',#350,#2604);
#2604 = DEFINITIONAL_REPRESENTATION('',(#2605),#2609);
#2605 = LINE('',#2606,#2607);
#2606 = CARTESIAN_POINT('',(42.893347785088,-13.96119627649));
#2607 = VECTOR('',#2608,1.);
#2608 = DIRECTION('',(-0.778461538462,-0.627692307692));
#2609 = ( GEOMETRIC_REPRESENTATION_CONTEXT(2) 
PARAMETRIC_REPRESENTATION_CONTEXT() REPRESENTATION_CONTEXT('2D SPACE',''
  ) );
#2610 = PCURVE('',#2611,#2616);
#2611 = PLANE('',#2612);
#2612 = AXIS2_PLACEMENT_3D('',#2613,#2614,#2615);
#2613 = CARTESIAN_POINT('',(55.36538342488,-10.82471339083,7.));
#2614 = DIRECTION('',(-0.332820117735,0.942990333583,0.));
#2615 = DIRECTION('',(-0.942990333583,-0.332820117735,0.));
#2616 = DEFINITIONAL_REPRESENTATION('',(#2617),#2621);
#2617 = LINE('',#2618,#2619);
#2618 = CARTESIAN_POINT('',(0.,0.));
#2619 = VECTOR('',#2620,1.);
#2620 = DIRECTION('',(1.,0.));
#2621 = ( GEOMETRIC_REPRESENTATION_CONTEXT(2) 
PARAMETRIC_REPRESENTATION_CONTEXT() REPRESENTATION_CONTEXT('2D SPACE',''
  ) );
#2622 = ORIENTED_EDGE('',*,*,#2623,.T.);
#2623 = EDGE_CURVE('',#2596,#2624,#2626,.T.);
#2624 = VERTEX_POINT('',#2625);
#2625 = CARTESIAN_POINT('',(52.973645103216,-10.105201149,7.));
#2626 = SURFACE_CURVE('',#2627,(#2631,#2638),.PCURVE_S1.);
#2627 = LINE('',#2628,#2629);
#2628 = CARTESIAN_POINT('',(54.850974830798,-11.00626936522,7.));
#2629 = VECTOR('',#2630,1.);
#2630 = DIRECTION('',(-0.901532434303,0.432711531971,0.));
#2631 = PCURVE('',#350,#2632);
#2632 = DEFINITIONAL_REPRESENTATION('',(#2633),#2637);
#2633 = LINE('',#2634,#2635);
#2634 = CARTESIAN_POINT('',(42.468690934126,-14.30360733418));
#2635 = VECTOR('',#2636,1.);
#2636 = DIRECTION('',(-0.994151473975,0.107994660952));
#2637 = ( GEOMETRIC_REPRESENTATION_CONTEXT(2) 
PARAMETRIC_REPRESENTATION_CONTEXT() REPRESENTATION_CONTEXT('2D SPACE',''
  ) );
#2638 = PCURVE('',#2639,#2644);
#2639 = PLANE('',#2640);
#2640 = AXIS2_PLACEMENT_3D('',#2641,#2642,#2643);
#2641 = CARTESIAN_POINT('',(54.850974830798,-11.00626936522,7.));
#2642 = DIRECTION('',(0.432711531971,0.901532434303,-0.));
#2643 = DIRECTION('',(-0.901532434303,0.432711531971,0.));
#2644 = DEFINITIONAL_REPRESENTATION('',(#2645),#2649);
#2645 = LINE('',#2646,#2647);
#2646 = CARTESIAN_POINT('',(0.,0.));
#2647 = VECTOR('',#2648,1.);
#2648 = DIRECTION('',(1.,0.));
#2649 = ( GEOMETRIC_REPRESENTATION_CONTEXT(2) 
PARAMETRIC_REPRESENTATION_CONTEXT() REPRESENTATION_CONTEXT('2D SPACE',''
  ) );
#2650 = ORIENTED_EDGE('',*,*,#2651,.T.);
#2651 = EDGE_CURVE('',#2624,#2370,#2652,.T.);
#2652 = SURFACE_CURVE('',#2653,(#2657,#2664),.PCURVE_S1.);
#2653 = LINE('',#2654,#2655);
#2654 = CARTESIAN_POINT('',(52.973645103216,-10.105201149,7.));
#2655 = VECTOR('',#2656,1.);
#2656 = DIRECTION('',(0.332820117735,-0.942990333583,0.));
#2657 = PCURVE('',#350,#2658);
#2658 = DEFINITIONAL_REPRESENTATION('',(#2659),#2663);
#2659 = LINE('',#2660,#2661);
#2660 = CARTESIAN_POINT('',(40.398493518261,-14.07872181735));
#2661 = VECTOR('',#2662,1.);
#2662 = DIRECTION('',(0.627692307692,-0.778461538462));
#2663 = ( GEOMETRIC_REPRESENTATION_CONTEXT(2) 
PARAMETRIC_REPRESENTATION_CONTEXT() REPRESENTATION_CONTEXT('2D SPACE',''
  ) );
#2664 = PCURVE('',#2665,#2670);
#2665 = PLANE('',#2666);
#2666 = AXIS2_PLACEMENT_3D('',#2667,#2668,#2669);
#2667 = CARTESIAN_POINT('',(52.973645103216,-10.105201149,7.));
#2668 = DIRECTION('',(-0.942990333583,-0.332820117735,0.));
#2669 = DIRECTION('',(0.332820117735,-0.942990333583,0.));
#2670 = DEFINITIONAL_REPRESENTATION('',(#2671),#2675);
#2671 = LINE('',#2672,#2673);
#2672 = CARTESIAN_POINT('',(0.,0.));
#2673 = VECTOR('',#2674,1.);
#2674 = DIRECTION('',(1.,0.));
#2675 = ( GEOMETRIC_REPRESENTATION_CONTEXT(2) 
PARAMETRIC_REPRESENTATION_CONTEXT() REPRESENTATION_CONTEXT('2D SPACE',''
  ) );
#2676 = FACE_BOUND('',#2677,.T.);
#2677 = EDGE_LOOP('',(#2678,#2708,#2736,#2764));
#2678 = ORIENTED_EDGE('',*,*,#2679,.T.);
#2679 = EDGE_CURVE('',#2680,#2682,#2684,.T.);
#2680 = VERTEX_POINT('',#2681);
#2681 = CARTESIAN_POINT('',(55.775249449753,-9.638342929169,7.));
#2682 = VERTEX_POINT('',#2683);
#2683 = CARTESIAN_POINT('',(54.732895193324,-10.00623266673,7.));
#2684 = SURFACE_CURVE('',#2685,(#2689,#2696),.PCURVE_S1.);
#2685 = LINE('',#2686,#2687);
#2686 = CARTESIAN_POINT('',(55.775249449753,-9.638342929169,7.));
#2687 = VECTOR('',#2688,1.);
#2688 = DIRECTION('',(-0.942990333583,-0.332820117735,0.));
#2689 = PCURVE('',#350,#2690);
#2690 = DEFINITIONAL_REPRESENTATION('',(#2691),#2695);
#2691 = LINE('',#2692,#2693);
#2692 = CARTESIAN_POINT('',(42.884999527877,-12.70604874043));
#2693 = VECTOR('',#2694,1.);
#2694 = DIRECTION('',(-0.778461538462,-0.627692307692));
#2695 = ( GEOMETRIC_REPRESENTATION_CONTEXT(2) 
PARAMETRIC_REPRESENTATION_CONTEXT() REPRESENTATION_CONTEXT('2D SPACE',''
  ) );
#2696 = PCURVE('',#2697,#2702);
#2697 = PLANE('',#2698);
#2698 = AXIS2_PLACEMENT_3D('',#2699,#2700,#2701);
#2699 = CARTESIAN_POINT('',(55.775249449753,-9.638342929169,7.));
#2700 = DIRECTION('',(-0.332820117735,0.942990333583,0.));
#2701 = DIRECTION('',(-0.942990333583,-0.332820117735,0.));
#2702 = DEFINITIONAL_REPRESENTATION('',(#2703),#2707);
#2703 = LINE('',#2704,#2705);
#2704 = CARTESIAN_POINT('',(0.,0.));
#2705 = VECTOR('',#2706,1.);
#2706 = DIRECTION('',(1.,0.));
#2707 = ( GEOMETRIC_REPRESENTATION_CONTEXT(2) 
PARAMETRIC_REPRESENTATION_CONTEXT() REPRESENTATION_CONTEXT('2D SPACE',''
  ) );
#2708 = ORIENTED_EDGE('',*,*,#2709,.T.);
#2709 = EDGE_CURVE('',#2682,#2710,#2712,.T.);
#2710 = VERTEX_POINT('',#2711);
#2711 = CARTESIAN_POINT('',(54.620958427164,-9.689078495944,7.));
#2712 = SURFACE_CURVE('',#2713,(#2717,#2724),.PCURVE_S1.);
#2713 = LINE('',#2714,#2715);
#2714 = CARTESIAN_POINT('',(54.732895193324,-10.00623266673,7.));
#2715 = VECTOR('',#2716,1.);
#2716 = DIRECTION('',(-0.332820117735,0.942990333583,0.));
#2717 = PCURVE('',#350,#2718);
#2718 = DEFINITIONAL_REPRESENTATION('',(#2719),#2723);
#2719 = LINE('',#2720,#2721);
#2720 = CARTESIAN_POINT('',(42.024510645665,-13.39988167312));
#2721 = VECTOR('',#2722,1.);
#2722 = DIRECTION('',(-0.627692307692,0.778461538462));
#2723 = ( GEOMETRIC_REPRESENTATION_CONTEXT(2) 
PARAMETRIC_REPRESENTATION_CONTEXT() REPRESENTATION_CONTEXT('2D SPACE',''
  ) );
#2724 = PCURVE('',#2725,#2730);
#2725 = PLANE('',#2726);
#2726 = AXIS2_PLACEMENT_3D('',#2727,#2728,#2729);
#2727 = CARTESIAN_POINT('',(54.732895193324,-10.00623266673,7.));
#2728 = DIRECTION('',(0.942990333583,0.332820117735,-0.));
#2729 = DIRECTION('',(-0.332820117735,0.942990333583,0.));
#2730 = DEFINITIONAL_REPRESENTATION('',(#2731),#2735);
#2731 = LINE('',#2732,#2733);
#2732 = CARTESIAN_POINT('',(0.,0.));
#2733 = VECTOR('',#2734,1.);
#2734 = DIRECTION('',(1.,0.));
#2735 = ( GEOMETRIC_REPRESENTATION_CONTEXT(2) 
PARAMETRIC_REPRESENTATION_CONTEXT() REPRESENTATION_CONTEXT('2D SPACE',''
  ) );
#2736 = ORIENTED_EDGE('',*,*,#2737,.T.);
#2737 = EDGE_CURVE('',#2710,#2738,#2740,.T.);
#2738 = VERTEX_POINT('',#2739);
#2739 = CARTESIAN_POINT('',(55.663312683592,-9.321188758381,7.));
#2740 = SURFACE_CURVE('',#2741,(#2745,#2752),.PCURVE_S1.);
#2741 = LINE('',#2742,#2743);
#2742 = CARTESIAN_POINT('',(54.620958427164,-9.689078495944,7.));
#2743 = VECTOR('',#2744,1.);
#2744 = DIRECTION('',(0.942990333583,0.332820117735,0.));
#2745 = PCURVE('',#350,#2746);
#2746 = DEFINITIONAL_REPRESENTATION('',(#2747),#2751);
#2747 = LINE('',#2748,#2749);
#2748 = CARTESIAN_POINT('',(41.813400068742,-13.13806316351));
#2749 = VECTOR('',#2750,1.);
#2750 = DIRECTION('',(0.778461538462,0.627692307692));
#2751 = ( GEOMETRIC_REPRESENTATION_CONTEXT(2) 
PARAMETRIC_REPRESENTATION_CONTEXT() REPRESENTATION_CONTEXT('2D SPACE',''
  ) );
#2752 = PCURVE('',#2753,#2758);
#2753 = PLANE('',#2754);
#2754 = AXIS2_PLACEMENT_3D('',#2755,#2756,#2757);
#2755 = CARTESIAN_POINT('',(54.620958427164,-9.689078495944,7.));
#2756 = DIRECTION('',(0.332820117735,-0.942990333583,0.));
#2757 = DIRECTION('',(0.942990333583,0.332820117735,0.));
#2758 = DEFINITIONAL_REPRESENTATION('',(#2759),#2763);
#2759 = LINE('',#2760,#2761);
#2760 = CARTESIAN_POINT('',(0.,0.));
#2761 = VECTOR('',#2762,1.);
#2762 = DIRECTION('',(1.,0.));
#2763 = ( GEOMETRIC_REPRESENTATION_CONTEXT(2) 
PARAMETRIC_REPRESENTATION_CONTEXT() REPRESENTATION_CONTEXT('2D SPACE',''
  ) );
#2764 = ORIENTED_EDGE('',*,*,#2765,.T.);
#2765 = EDGE_CURVE('',#2738,#2680,#2766,.T.);
#2766 = SURFACE_CURVE('',#2767,(#2771,#2778),.PCURVE_S1.);
#2767 = LINE('',#2768,#2769);
#2768 = CARTESIAN_POINT('',(55.663312683592,-9.321188758381,7.));
#2769 = VECTOR('',#2770,1.);
#2770 = DIRECTION('',(0.332820117735,-0.942990333583,0.));
#2771 = PCURVE('',#350,#2772);
#2772 = DEFINITIONAL_REPRESENTATION('',(#2773),#2777);
#2773 = LINE('',#2774,#2775);
#2774 = CARTESIAN_POINT('',(42.673888950954,-12.44423023081));
#2775 = VECTOR('',#2776,1.);
#2776 = DIRECTION('',(0.627692307692,-0.778461538462));
#2777 = ( GEOMETRIC_REPRESENTATION_CONTEXT(2) 
PARAMETRIC_REPRESENTATION_CONTEXT() REPRESENTATION_CONTEXT('2D SPACE',''
  ) );
#2778 = PCURVE('',#2779,#2784);
#2779 = PLANE('',#2780);
#2780 = AXIS2_PLACEMENT_3D('',#2781,#2782,#2783);
#2781 = CARTESIAN_POINT('',(55.663312683592,-9.321188758381,7.));
#2782 = DIRECTION('',(-0.942990333583,-0.332820117735,0.));
#2783 = DIRECTION('',(0.332820117735,-0.942990333583,0.));
#2784 = DEFINITIONAL_REPRESENTATION('',(#2785),#2789);
#2785 = LINE('',#2786,#2787);
#2786 = CARTESIAN_POINT('',(0.,0.));
#2787 = VECTOR('',#2788,1.);
#2788 = DIRECTION('',(1.,0.));
#2789 = ( GEOMETRIC_REPRESENTATION_CONTEXT(2) 
PARAMETRIC_REPRESENTATION_CONTEXT() REPRESENTATION_CONTEXT('2D SPACE',''
  ) );
#2790 = FACE_BOUND('',#2791,.T.);
#2791 = EDGE_LOOP('',(#2792,#2833,#2861,#2889,#2917,#2956,#2984,#3012));
#2792 = ORIENTED_EDGE('',*,*,#2793,.F.);
#2793 = EDGE_CURVE('',#2794,#2796,#2798,.T.);
#2794 = VERTEX_POINT('',#2795);
#2795 = CARTESIAN_POINT('',(56.256896063494,-9.290019374308,7.));
#2796 = VERTEX_POINT('',#2797);
#2797 = CARTESIAN_POINT('',(58.467305924529,-8.509874717473,7.));
#2798 = SURFACE_CURVE('',#2799,(#2806,#2816),.PCURVE_S1.);
#2799 = B_SPLINE_CURVE_WITH_KNOTS('',2,(#2800,#2801,#2802,#2803,#2804,
    #2805),.UNSPECIFIED.,.F.,.F.,(3,1,1,1,3),(0.,1.,2.,2.996466431095,
    3.992932862191),.UNSPECIFIED.);
#2800 = CARTESIAN_POINT('',(56.256896063494,-9.290019374308,7.));
#2801 = CARTESIAN_POINT('',(56.45619811056,-9.854708507661,7.));
#2802 = CARTESIAN_POINT('',(57.218482937836,-10.23374641908,7.));
#2803 = CARTESIAN_POINT('',(58.311117733535,-9.848110608843,7.));
#2804 = CARTESIAN_POINT('',(58.666607971594,-9.074563850825,7.));
#2805 = CARTESIAN_POINT('',(58.467305924529,-8.509874717473,7.));
#2806 = PCURVE('',#350,#2807);
#2807 = DEFINITIONAL_REPRESENTATION('',(#2808),#2815);
#2808 = B_SPLINE_CURVE_WITH_KNOTS('',2,(#2809,#2810,#2811,#2812,#2813,
    #2814),.UNSPECIFIED.,.F.,.F.,(3,1,1,1,3),(0.,1.,2.,2.996466431095,
    3.992932862191),.UNSPECIFIED.);
#2809 = CARTESIAN_POINT('',(43.2232585423,-12.21728131254));
#2810 = CARTESIAN_POINT('',(43.599138349992,-12.68344597601));
#2811 = CARTESIAN_POINT('',(44.444117015857,-12.78717133658));
#2812 = CARTESIAN_POINT('',(45.346113710569,-12.05986965389));
#2813 = CARTESIAN_POINT('',(45.423885645665,-11.21210823562));
#2814 = CARTESIAN_POINT('',(45.048005837973,-10.74594357216));
#2815 = ( GEOMETRIC_REPRESENTATION_CONTEXT(2) 
PARAMETRIC_REPRESENTATION_CONTEXT() REPRESENTATION_CONTEXT('2D SPACE',''
  ) );
#2816 = PCURVE('',#2817,#2827);
#2817 = SURFACE_OF_LINEAR_EXTRUSION('',#2818,#2825);
#2818 = B_SPLINE_CURVE_WITH_KNOTS('',2,(#2819,#2820,#2821,#2822,#2823,
    #2824),.UNSPECIFIED.,.F.,.F.,(3,1,1,1,3),(0.,1.,2.,2.996466431095,
    3.992932862191),.UNSPECIFIED.);
#2819 = CARTESIAN_POINT('',(56.256896063494,-9.290019374308,7.));
#2820 = CARTESIAN_POINT('',(56.45619811056,-9.854708507661,7.));
#2821 = CARTESIAN_POINT('',(57.218482937836,-10.23374641908,7.));
#2822 = CARTESIAN_POINT('',(58.311117733535,-9.848110608843,7.));
#2823 = CARTESIAN_POINT('',(58.666607971594,-9.074563850825,7.));
#2824 = CARTESIAN_POINT('',(58.467305924529,-8.509874717473,7.));
#2825 = VECTOR('',#2826,1.);
#2826 = DIRECTION('',(0.,0.,1.));
#2827 = DEFINITIONAL_REPRESENTATION('',(#2828),#2832);
#2828 = LINE('',#2829,#2830);
#2829 = CARTESIAN_POINT('',(0.,0.));
#2830 = VECTOR('',#2831,1.);
#2831 = DIRECTION('',(1.,0.));
#2832 = ( GEOMETRIC_REPRESENTATION_CONTEXT(2) 
PARAMETRIC_REPRESENTATION_CONTEXT() REPRESENTATION_CONTEXT('2D SPACE',''
  ) );
#2833 = ORIENTED_EDGE('',*,*,#2834,.T.);
#2834 = EDGE_CURVE('',#2794,#2835,#2837,.T.);
#2835 = VERTEX_POINT('',#2836);
#2836 = CARTESIAN_POINT('',(55.620767611901,-7.487655428128,7.));
#2837 = SURFACE_CURVE('',#2838,(#2842,#2849),.PCURVE_S1.);
#2838 = LINE('',#2839,#2840);
#2839 = CARTESIAN_POINT('',(56.256896063494,-9.290019374308,7.));
#2840 = VECTOR('',#2841,1.);
#2841 = DIRECTION('',(-0.332820117735,0.942990333583,0.));
#2842 = PCURVE('',#350,#2843);
#2843 = DEFINITIONAL_REPRESENTATION('',(#2844),#2848);
#2844 = LINE('',#2845,#2846);
#2845 = CARTESIAN_POINT('',(43.2232585423,-12.21728131254));
#2846 = VECTOR('',#2847,1.);
#2847 = DIRECTION('',(-0.627692307692,0.778461538462));
#2848 = ( GEOMETRIC_REPRESENTATION_CONTEXT(2) 
PARAMETRIC_REPRESENTATION_CONTEXT() REPRESENTATION_CONTEXT('2D SPACE',''
  ) );
#2849 = PCURVE('',#2850,#2855);
#2850 = PLANE('',#2851);
#2851 = AXIS2_PLACEMENT_3D('',#2852,#2853,#2854);
#2852 = CARTESIAN_POINT('',(56.256896063494,-9.290019374308,7.));
#2853 = DIRECTION('',(0.942990333583,0.332820117735,-0.));
#2854 = DIRECTION('',(-0.332820117735,0.942990333583,0.));
#2855 = DEFINITIONAL_REPRESENTATION('',(#2856),#2860);
#2856 = LINE('',#2857,#2858);
#2857 = CARTESIAN_POINT('',(0.,0.));
#2858 = VECTOR('',#2859,1.);
#2859 = DIRECTION('',(1.,0.));
#2860 = ( GEOMETRIC_REPRESENTATION_CONTEXT(2) 
PARAMETRIC_REPRESENTATION_CONTEXT() REPRESENTATION_CONTEXT('2D SPACE',''
  ) );
#2861 = ORIENTED_EDGE('',*,*,#2862,.T.);
#2862 = EDGE_CURVE('',#2835,#2863,#2865,.T.);
#2863 = VERTEX_POINT('',#2864);
#2864 = CARTESIAN_POINT('',(56.013342591595,-7.349099552942,7.));
#2865 = SURFACE_CURVE('',#2866,(#2870,#2877),.PCURVE_S1.);
#2866 = LINE('',#2867,#2868);
#2867 = CARTESIAN_POINT('',(55.620767611901,-7.487655428128,7.));
#2868 = VECTOR('',#2869,1.);
#2869 = DIRECTION('',(0.942990333583,0.332820117735,0.));
#2870 = PCURVE('',#350,#2871);
#2871 = DEFINITIONAL_REPRESENTATION('',(#2872),#2876);
#2872 = LINE('',#2873,#2874);
#2873 = CARTESIAN_POINT('',(42.023532580762,-10.72938587985));
#2874 = VECTOR('',#2875,1.);
#2875 = DIRECTION('',(0.778461538462,0.627692307692));
#2876 = ( GEOMETRIC_REPRESENTATION_CONTEXT(2) 
PARAMETRIC_REPRESENTATION_CONTEXT() REPRESENTATION_CONTEXT('2D SPACE',''
  ) );
#2877 = PCURVE('',#2878,#2883);
#2878 = PLANE('',#2879);
#2879 = AXIS2_PLACEMENT_3D('',#2880,#2881,#2882);
#2880 = CARTESIAN_POINT('',(55.620767611901,-7.487655428128,7.));
#2881 = DIRECTION('',(0.332820117735,-0.942990333583,0.));
#2882 = DIRECTION('',(0.942990333583,0.332820117735,0.));
#2883 = DEFINITIONAL_REPRESENTATION('',(#2884),#2888);
#2884 = LINE('',#2885,#2886);
#2885 = CARTESIAN_POINT('',(0.,0.));
#2886 = VECTOR('',#2887,1.);
#2887 = DIRECTION('',(1.,0.));
#2888 = ( GEOMETRIC_REPRESENTATION_CONTEXT(2) 
PARAMETRIC_REPRESENTATION_CONTEXT() REPRESENTATION_CONTEXT('2D SPACE',''
  ) );
#2889 = ORIENTED_EDGE('',*,*,#2890,.T.);
#2890 = EDGE_CURVE('',#2863,#2891,#2893,.T.);
#2891 = VERTEX_POINT('',#2892);
#2892 = CARTESIAN_POINT('',(56.632407511761,-9.103116826746,7.));
#2893 = SURFACE_CURVE('',#2894,(#2898,#2905),.PCURVE_S1.);
#2894 = LINE('',#2895,#2896);
#2895 = CARTESIAN_POINT('',(56.013342591595,-7.349099552942,7.));
#2896 = VECTOR('',#2897,1.);
#2897 = DIRECTION('',(0.332820117735,-0.942990333583,0.));
#2898 = PCURVE('',#350,#2899);
#2899 = DEFINITIONAL_REPRESENTATION('',(#2900),#2904);
#2900 = LINE('',#2901,#2902);
#2901 = CARTESIAN_POINT('',(42.347612809127,-10.46807217793));
#2902 = VECTOR('',#2903,1.);
#2903 = DIRECTION('',(0.627692307692,-0.778461538462));
#2904 = ( GEOMETRIC_REPRESENTATION_CONTEXT(2) 
PARAMETRIC_REPRESENTATION_CONTEXT() REPRESENTATION_CONTEXT('2D SPACE',''
  ) );
#2905 = PCURVE('',#2906,#2911);
#2906 = PLANE('',#2907);
#2907 = AXIS2_PLACEMENT_3D('',#2908,#2909,#2910);
#2908 = CARTESIAN_POINT('',(56.013342591595,-7.349099552942,7.));
#2909 = DIRECTION('',(-0.942990333583,-0.332820117735,0.));
#2910 = DIRECTION('',(0.332820117735,-0.942990333583,0.));
#2911 = DEFINITIONAL_REPRESENTATION('',(#2912),#2916);
#2912 = LINE('',#2913,#2914);
#2913 = CARTESIAN_POINT('',(0.,0.));
#2914 = VECTOR('',#2915,1.);
#2915 = DIRECTION('',(1.,0.));
#2916 = ( GEOMETRIC_REPRESENTATION_CONTEXT(2) 
PARAMETRIC_REPRESENTATION_CONTEXT() REPRESENTATION_CONTEXT('2D SPACE',''
  ) );
#2917 = ORIENTED_EDGE('',*,*,#2918,.F.);
#2918 = EDGE_CURVE('',#2919,#2891,#2921,.T.);
#2919 = VERTEX_POINT('',#2920);
#2920 = CARTESIAN_POINT('',(58.057667413408,-8.600083920283,7.));
#2921 = SURFACE_CURVE('',#2922,(#2929,#2939),.PCURVE_S1.);
#2922 = B_SPLINE_CURVE_WITH_KNOTS('',2,(#2923,#2924,#2925,#2926,#2927,
    #2928),.UNSPECIFIED.,.F.,.F.,(3,1,1,1,3),(0.,1.,2.,3.005154639175,
    4.010309278351),.UNSPECIFIED.);
#2923 = CARTESIAN_POINT('',(58.057667413408,-8.600083920283,7.));
#2924 = CARTESIAN_POINT('',(58.221477315106,-9.064211975093,7.));
#2925 = CARTESIAN_POINT('',(58.029000680611,-9.591020068678,7.));
#2926 = CARTESIAN_POINT('',(57.276726458439,-9.85652861768,7.));
#2927 = CARTESIAN_POINT('',(56.796217413459,-9.567244881557,7.));
#2928 = CARTESIAN_POINT('',(56.632407511761,-9.103116826746,7.));
#2929 = PCURVE('',#350,#2930);
#2930 = DEFINITIONAL_REPRESENTATION('',(#2931),#2938);
#2931 = B_SPLINE_CURVE_WITH_KNOTS('',2,(#2932,#2933,#2934,#2935,#2936,
    #2937),.UNSPECIFIED.,.F.,.F.,(3,1,1,1,3),(0.,1.,2.,3.005154639175,
    4.010309278351),.UNSPECIFIED.);
#2932 = CARTESIAN_POINT('',(44.691744119223,-10.96734591591));
#2933 = CARTESIAN_POINT('',(45.000686426915,-11.35049495437));
#2934 = CARTESIAN_POINT('',(44.994515152877,-11.91132999043));
#2935 = CARTESIAN_POINT('',(44.373494419704,-12.41207398081));
#2936 = CARTESIAN_POINT('',(43.824099587973,-12.29920529091));
#2937 = CARTESIAN_POINT('',(43.515157280281,-11.91605625245));
#2938 = ( GEOMETRIC_REPRESENTATION_CONTEXT(2) 
PARAMETRIC_REPRESENTATION_CONTEXT() REPRESENTATION_CONTEXT('2D SPACE',''
  ) );
#2939 = PCURVE('',#2940,#2950);
#2940 = SURFACE_OF_LINEAR_EXTRUSION('',#2941,#2948);
#2941 = B_SPLINE_CURVE_WITH_KNOTS('',2,(#2942,#2943,#2944,#2945,#2946,
    #2947),.UNSPECIFIED.,.F.,.F.,(3,1,1,1,3),(0.,1.,2.,3.005154639175,
    4.010309278351),.UNSPECIFIED.);
#2942 = CARTESIAN_POINT('',(58.057667413408,-8.600083920283,7.));
#2943 = CARTESIAN_POINT('',(58.221477315106,-9.064211975093,7.));
#2944 = CARTESIAN_POINT('',(58.029000680611,-9.591020068678,7.));
#2945 = CARTESIAN_POINT('',(57.276726458439,-9.85652861768,7.));
#2946 = CARTESIAN_POINT('',(56.796217413459,-9.567244881557,7.));
#2947 = CARTESIAN_POINT('',(56.632407511761,-9.103116826746,7.));
#2948 = VECTOR('',#2949,1.);
#2949 = DIRECTION('',(0.,0.,1.));
#2950 = DEFINITIONAL_REPRESENTATION('',(#2951),#2955);
#2951 = LINE('',#2952,#2953);
#2952 = CARTESIAN_POINT('',(0.,0.));
#2953 = VECTOR('',#2954,1.);
#2954 = DIRECTION('',(1.,0.));
#2955 = ( GEOMETRIC_REPRESENTATION_CONTEXT(2) 
PARAMETRIC_REPRESENTATION_CONTEXT() REPRESENTATION_CONTEXT('2D SPACE',''
  ) );
#2956 = ORIENTED_EDGE('',*,*,#2957,.T.);
#2957 = EDGE_CURVE('',#2919,#2958,#2960,.T.);
#2958 = VERTEX_POINT('',#2959);
#2959 = CARTESIAN_POINT('',(57.438602493242,-6.846066646479,7.));
#2960 = SURFACE_CURVE('',#2961,(#2965,#2972),.PCURVE_S1.);
#2961 = LINE('',#2962,#2963);
#2962 = CARTESIAN_POINT('',(58.057667413408,-8.600083920283,7.));
#2963 = VECTOR('',#2964,1.);
#2964 = DIRECTION('',(-0.332820117735,0.942990333583,0.));
#2965 = PCURVE('',#350,#2966);
#2966 = DEFINITIONAL_REPRESENTATION('',(#2967),#2971);
#2967 = LINE('',#2968,#2969);
#2968 = CARTESIAN_POINT('',(44.691744119223,-10.96734591591));
#2969 = VECTOR('',#2970,1.);
#2970 = DIRECTION('',(-0.627692307692,0.778461538462));
#2971 = ( GEOMETRIC_REPRESENTATION_CONTEXT(2) 
PARAMETRIC_REPRESENTATION_CONTEXT() REPRESENTATION_CONTEXT('2D SPACE',''
  ) );
#2972 = PCURVE('',#2973,#2978);
#2973 = PLANE('',#2974);
#2974 = AXIS2_PLACEMENT_3D('',#2975,#2976,#2977);
#2975 = CARTESIAN_POINT('',(58.057667413408,-8.600083920283,7.));
#2976 = DIRECTION('',(0.942990333583,0.332820117735,-0.));
#2977 = DIRECTION('',(-0.332820117735,0.942990333583,0.));
#2978 = DEFINITIONAL_REPRESENTATION('',(#2979),#2983);
#2979 = LINE('',#2980,#2981);
#2980 = CARTESIAN_POINT('',(0.,0.));
#2981 = VECTOR('',#2982,1.);
#2982 = DIRECTION('',(1.,0.));
#2983 = ( GEOMETRIC_REPRESENTATION_CONTEXT(2) 
PARAMETRIC_REPRESENTATION_CONTEXT() REPRESENTATION_CONTEXT('2D SPACE',''
  ) );
#2984 = ORIENTED_EDGE('',*,*,#2985,.T.);
#2985 = EDGE_CURVE('',#2958,#2986,#2988,.T.);
#2986 = VERTEX_POINT('',#2987);
#2987 = CARTESIAN_POINT('',(57.831177472936,-6.707510771293,7.));
#2988 = SURFACE_CURVE('',#2989,(#2993,#3000),.PCURVE_S1.);
#2989 = LINE('',#2990,#2991);
#2990 = CARTESIAN_POINT('',(57.438602493242,-6.846066646479,7.));
#2991 = VECTOR('',#2992,1.);
#2992 = DIRECTION('',(0.942990333583,0.332820117735,0.));
#2993 = PCURVE('',#350,#2994);
#2994 = DEFINITIONAL_REPRESENTATION('',(#2995),#2999);
#2995 = LINE('',#2996,#2997);
#2996 = CARTESIAN_POINT('',(43.524199648069,-9.519361841395));
#2997 = VECTOR('',#2998,1.);
#2998 = DIRECTION('',(0.778461538462,0.627692307692));
#2999 = ( GEOMETRIC_REPRESENTATION_CONTEXT(2) 
PARAMETRIC_REPRESENTATION_CONTEXT() REPRESENTATION_CONTEXT('2D SPACE',''
  ) );
#3000 = PCURVE('',#3001,#3006);
#3001 = PLANE('',#3002);
#3002 = AXIS2_PLACEMENT_3D('',#3003,#3004,#3005);
#3003 = CARTESIAN_POINT('',(57.438602493242,-6.846066646479,7.));
#3004 = DIRECTION('',(0.332820117735,-0.942990333583,0.));
#3005 = DIRECTION('',(0.942990333583,0.332820117735,0.));
#3006 = DEFINITIONAL_REPRESENTATION('',(#3007),#3011);
#3007 = LINE('',#3008,#3009);
#3008 = CARTESIAN_POINT('',(0.,0.));
#3009 = VECTOR('',#3010,1.);
#3010 = DIRECTION('',(1.,0.));
#3011 = ( GEOMETRIC_REPRESENTATION_CONTEXT(2) 
PARAMETRIC_REPRESENTATION_CONTEXT() REPRESENTATION_CONTEXT('2D SPACE',''
  ) );
#3012 = ORIENTED_EDGE('',*,*,#3013,.T.);
#3013 = EDGE_CURVE('',#2986,#2796,#3014,.T.);
#3014 = SURFACE_CURVE('',#3015,(#3019,#3026),.PCURVE_S1.);
#3015 = LINE('',#3016,#3017);
#3016 = CARTESIAN_POINT('',(57.831177472936,-6.707510771293,7.));
#3017 = VECTOR('',#3018,1.);
#3018 = DIRECTION('',(0.332820117735,-0.942990333583,0.));
#3019 = PCURVE('',#350,#3020);
#3020 = DEFINITIONAL_REPRESENTATION('',(#3021),#3025);
#3021 = LINE('',#3022,#3023);
#3022 = CARTESIAN_POINT('',(43.848279876435,-9.258048139472));
#3023 = VECTOR('',#3024,1.);
#3024 = DIRECTION('',(0.627692307692,-0.778461538462));
#3025 = ( GEOMETRIC_REPRESENTATION_CONTEXT(2) 
PARAMETRIC_REPRESENTATION_CONTEXT() REPRESENTATION_CONTEXT('2D SPACE',''
  ) );
#3026 = PCURVE('',#3027,#3032);
#3027 = PLANE('',#3028);
#3028 = AXIS2_PLACEMENT_3D('',#3029,#3030,#3031);
#3029 = CARTESIAN_POINT('',(57.831177472936,-6.707510771293,7.));
#3030 = DIRECTION('',(-0.942990333583,-0.332820117735,0.));
#3031 = DIRECTION('',(0.332820117735,-0.942990333583,0.));
#3032 = DEFINITIONAL_REPRESENTATION('',(#3033),#3037);
#3033 = LINE('',#3034,#3035);
#3034 = CARTESIAN_POINT('',(0.,0.));
#3035 = VECTOR('',#3036,1.);
#3036 = DIRECTION('',(1.,0.));
#3037 = ( GEOMETRIC_REPRESENTATION_CONTEXT(2) 
PARAMETRIC_REPRESENTATION_CONTEXT() REPRESENTATION_CONTEXT('2D SPACE',''
  ) );
#3038 = FACE_BOUND('',#3039,.T.);
#3039 = EDGE_LOOP('',(#3040,#3070,#3098,#3126,#3165,#3193));
#3040 = ORIENTED_EDGE('',*,*,#3041,.T.);
#3041 = EDGE_CURVE('',#3042,#3044,#3046,.T.);
#3042 = VERTEX_POINT('',#3043);
#3043 = CARTESIAN_POINT('',(59.973788235767,-9.198217575232,7.));
#3044 = VERTEX_POINT('',#3045);
#3045 = CARTESIAN_POINT('',(59.583147122968,-9.336090909161,7.));
#3046 = SURFACE_CURVE('',#3047,(#3051,#3058),.PCURVE_S1.);
#3047 = LINE('',#3048,#3049);
#3048 = CARTESIAN_POINT('',(59.973788235767,-9.198217575232,7.));
#3049 = VECTOR('',#3050,1.);
#3050 = DIRECTION('',(-0.942990333583,-0.332820117735,0.));
#3051 = PCURVE('',#350,#3052);
#3052 = DEFINITIONAL_REPRESENTATION('',(#3053),#3057);
#3053 = LINE('',#3054,#3055);
#3054 = CARTESIAN_POINT('',(46.697698446146,-10.89365661303));
#3055 = VECTOR('',#3056,1.);
#3056 = DIRECTION('',(-0.778461538462,-0.627692307692));
#3057 = ( GEOMETRIC_REPRESENTATION_CONTEXT(2) 
PARAMETRIC_REPRESENTATION_CONTEXT() REPRESENTATION_CONTEXT('2D SPACE',''
  ) );
#3058 = PCURVE('',#3059,#3064);
#3059 = PLANE('',#3060);
#3060 = AXIS2_PLACEMENT_3D('',#3061,#3062,#3063);
#3061 = CARTESIAN_POINT('',(59.973788235767,-9.198217575232,7.));
#3062 = DIRECTION('',(-0.332820117735,0.942990333583,0.));
#3063 = DIRECTION('',(-0.942990333583,-0.332820117735,0.));
#3064 = DEFINITIONAL_REPRESENTATION('',(#3065),#3069);
#3065 = LINE('',#3066,#3067);
#3066 = CARTESIAN_POINT('',(0.,0.));
#3067 = VECTOR('',#3068,1.);
#3068 = DIRECTION('',(1.,0.));
#3069 = ( GEOMETRIC_REPRESENTATION_CONTEXT(2) 
PARAMETRIC_REPRESENTATION_CONTEXT() REPRESENTATION_CONTEXT('2D SPACE',''
  ) );
#3070 = ORIENTED_EDGE('',*,*,#3071,.T.);
#3071 = EDGE_CURVE('',#3044,#3072,#3074,.T.);
#3072 = VERTEX_POINT('',#3073);
#3073 = CARTESIAN_POINT('',(58.564113026157,-6.448827634862,7.));
#3074 = SURFACE_CURVE('',#3075,(#3079,#3086),.PCURVE_S1.);
#3075 = LINE('',#3076,#3077);
#3076 = CARTESIAN_POINT('',(59.583147122968,-9.336090909161,7.));
#3077 = VECTOR('',#3078,1.);
#3078 = DIRECTION('',(-0.332820117735,0.942990333583,0.));
#3079 = PCURVE('',#350,#3080);
#3080 = DEFINITIONAL_REPRESENTATION('',(#3081),#3085);
#3081 = LINE('',#3082,#3083);
#3082 = CARTESIAN_POINT('',(46.375214672108,-11.15368305533));
#3083 = VECTOR('',#3084,1.);
#3084 = DIRECTION('',(-0.627692307692,0.778461538462));
#3085 = ( GEOMETRIC_REPRESENTATION_CONTEXT(2) 
PARAMETRIC_REPRESENTATION_CONTEXT() REPRESENTATION_CONTEXT('2D SPACE',''
  ) );
#3086 = PCURVE('',#3087,#3092);
#3087 = PLANE('',#3088);
#3088 = AXIS2_PLACEMENT_3D('',#3089,#3090,#3091);
#3089 = CARTESIAN_POINT('',(59.583147122968,-9.336090909161,7.));
#3090 = DIRECTION('',(0.942990333583,0.332820117735,-0.));
#3091 = DIRECTION('',(-0.332820117735,0.942990333583,0.));
#3092 = DEFINITIONAL_REPRESENTATION('',(#3093),#3097);
#3093 = LINE('',#3094,#3095);
#3094 = CARTESIAN_POINT('',(0.,0.));
#3095 = VECTOR('',#3096,1.);
#3096 = DIRECTION('',(1.,0.));
#3097 = ( GEOMETRIC_REPRESENTATION_CONTEXT(2) 
PARAMETRIC_REPRESENTATION_CONTEXT() REPRESENTATION_CONTEXT('2D SPACE',''
  ) );
#3098 = ORIENTED_EDGE('',*,*,#3099,.T.);
#3099 = EDGE_CURVE('',#3072,#3100,#3102,.T.);
#3100 = VERTEX_POINT('',#3101);
#3101 = CARTESIAN_POINT('',(59.445956330297,-6.137588821636,7.));
#3102 = SURFACE_CURVE('',#3103,(#3107,#3114),.PCURVE_S1.);
#3103 = LINE('',#3104,#3105);
#3104 = CARTESIAN_POINT('',(58.564113026157,-6.448827634862,7.));
#3105 = VECTOR('',#3106,1.);
#3106 = DIRECTION('',(0.942990333583,0.332820117735,0.));
#3107 = PCURVE('',#350,#3108);
#3108 = DEFINITIONAL_REPRESENTATION('',(#3109),#3113);
#3109 = LINE('',#3110,#3111);
#3110 = CARTESIAN_POINT('',(44.453336066339,-8.770176745241));
#3111 = VECTOR('',#3112,1.);
#3112 = DIRECTION('',(0.778461538462,0.627692307692));
#3113 = ( GEOMETRIC_REPRESENTATION_CONTEXT(2) 
PARAMETRIC_REPRESENTATION_CONTEXT() REPRESENTATION_CONTEXT('2D SPACE',''
  ) );
#3114 = PCURVE('',#3115,#3120);
#3115 = PLANE('',#3116);
#3116 = AXIS2_PLACEMENT_3D('',#3117,#3118,#3119);
#3117 = CARTESIAN_POINT('',(58.564113026157,-6.448827634862,7.));
#3118 = DIRECTION('',(0.332820117735,-0.942990333583,0.));
#3119 = DIRECTION('',(0.942990333583,0.332820117735,0.));
#3120 = DEFINITIONAL_REPRESENTATION('',(#3121),#3125);
#3121 = LINE('',#3122,#3123);
#3122 = CARTESIAN_POINT('',(0.,0.));
#3123 = VECTOR('',#3124,1.);
#3124 = DIRECTION('',(1.,0.));
#3125 = ( GEOMETRIC_REPRESENTATION_CONTEXT(2) 
PARAMETRIC_REPRESENTATION_CONTEXT() REPRESENTATION_CONTEXT('2D SPACE',''
  ) );
#3126 = ORIENTED_EDGE('',*,*,#3127,.F.);
#3127 = EDGE_CURVE('',#3128,#3100,#3130,.T.);
#3128 = VERTEX_POINT('',#3129);
#3129 = CARTESIAN_POINT('',(60.055465672864,-7.864531958909,7.));
#3130 = SURFACE_CURVE('',#3131,(#3138,#3148),.PCURVE_S1.);
#3131 = B_SPLINE_CURVE_WITH_KNOTS('',2,(#3132,#3133,#3134,#3135,#3136,
    #3137),.UNSPECIFIED.,.F.,.F.,(3,1,1,1,3),(0.,1.,2.,2.990950226244,
    3.981900452489),.UNSPECIFIED.);
#3132 = CARTESIAN_POINT('',(60.055465672864,-7.864531958909,7.));
#3133 = CARTESIAN_POINT('',(60.540866263519,-7.693214103384,7.));
#3134 = CARTESIAN_POINT('',(60.883615731447,-7.080747082036,7.));
#3135 = CARTESIAN_POINT('',(60.583297578334,-6.229845648217,7.));
#3136 = CARTESIAN_POINT('',(59.931356920952,-5.96627096611,7.));
#3137 = CARTESIAN_POINT('',(59.445956330297,-6.137588821636,7.));
#3138 = PCURVE('',#350,#3139);
#3139 = DEFINITIONAL_REPRESENTATION('',(#3140),#3147);
#3140 = B_SPLINE_CURVE_WITH_KNOTS('',2,(#3141,#3142,#3143,#3144,#3145,
    #3146),.UNSPECIFIED.,.F.,.F.,(3,1,1,1,3),(0.,1.,2.,2.990950226244,
    3.981900452489),.UNSPECIFIED.);
#3141 = CARTESIAN_POINT('',(46.330842075954,-9.608820074568));
#3142 = CARTESIAN_POINT('',(46.731552112012,-9.285717911107));
#3143 = CARTESIAN_POINT('',(46.850920200954,-8.594093512068));
#3144 = CARTESIAN_POINT('',(46.284525970185,-7.891653608222));
#3145 = CARTESIAN_POINT('',(45.582029275474,-7.860084197164));
#3146 = CARTESIAN_POINT('',(45.181319239416,-8.183186360626));
#3147 = ( GEOMETRIC_REPRESENTATION_CONTEXT(2) 
PARAMETRIC_REPRESENTATION_CONTEXT() REPRESENTATION_CONTEXT('2D SPACE',''
  ) );
#3148 = PCURVE('',#3149,#3159);
#3149 = SURFACE_OF_LINEAR_EXTRUSION('',#3150,#3157);
#3150 = B_SPLINE_CURVE_WITH_KNOTS('',2,(#3151,#3152,#3153,#3154,#3155,
    #3156),.UNSPECIFIED.,.F.,.F.,(3,1,1,1,3),(0.,1.,2.,2.990950226244,
    3.981900452489),.UNSPECIFIED.);
#3151 = CARTESIAN_POINT('',(60.055465672864,-7.864531958909,7.));
#3152 = CARTESIAN_POINT('',(60.540866263519,-7.693214103384,7.));
#3153 = CARTESIAN_POINT('',(60.883615731447,-7.080747082036,7.));
#3154 = CARTESIAN_POINT('',(60.583297578334,-6.229845648217,7.));
#3155 = CARTESIAN_POINT('',(59.931356920952,-5.96627096611,7.));
#3156 = CARTESIAN_POINT('',(59.445956330297,-6.137588821636,7.));
#3157 = VECTOR('',#3158,1.);
#3158 = DIRECTION('',(0.,0.,1.));
#3159 = DEFINITIONAL_REPRESENTATION('',(#3160),#3164);
#3160 = LINE('',#3161,#3162);
#3161 = CARTESIAN_POINT('',(0.,0.));
#3162 = VECTOR('',#3163,1.);
#3163 = DIRECTION('',(1.,0.));
#3164 = ( GEOMETRIC_REPRESENTATION_CONTEXT(2) 
PARAMETRIC_REPRESENTATION_CONTEXT() REPRESENTATION_CONTEXT('2D SPACE',''
  ) );
#3165 = ORIENTED_EDGE('',*,*,#3166,.T.);
#3166 = EDGE_CURVE('',#3128,#3167,#3169,.T.);
#3167 = VERTEX_POINT('',#3168);
#3168 = CARTESIAN_POINT('',(59.564263481523,-8.037897438206,7.));
#3169 = SURFACE_CURVE('',#3170,(#3174,#3181),.PCURVE_S1.);
#3170 = LINE('',#3171,#3172);
#3171 = CARTESIAN_POINT('',(60.055465672864,-7.864531958909,7.));
#3172 = VECTOR('',#3173,1.);
#3173 = DIRECTION('',(-0.942990333583,-0.332820117735,0.));
#3174 = PCURVE('',#350,#3175);
#3175 = DEFINITIONAL_REPRESENTATION('',(#3176),#3180);
#3176 = LINE('',#3177,#3178);
#3177 = CARTESIAN_POINT('',(46.330842075954,-9.608820074568));
#3178 = VECTOR('',#3179,1.);
#3179 = DIRECTION('',(-0.778461538462,-0.627692307692));
#3180 = ( GEOMETRIC_REPRESENTATION_CONTEXT(2) 
PARAMETRIC_REPRESENTATION_CONTEXT() REPRESENTATION_CONTEXT('2D SPACE',''
  ) );
#3181 = PCURVE('',#3182,#3187);
#3182 = PLANE('',#3183);
#3183 = AXIS2_PLACEMENT_3D('',#3184,#3185,#3186);
#3184 = CARTESIAN_POINT('',(60.055465672864,-7.864531958909,7.));
#3185 = DIRECTION('',(-0.332820117735,0.942990333583,0.));
#3186 = DIRECTION('',(-0.942990333583,-0.332820117735,0.));
#3187 = DEFINITIONAL_REPRESENTATION('',(#3188),#3192);
#3188 = LINE('',#3189,#3190);
#3189 = CARTESIAN_POINT('',(0.,0.));
#3190 = VECTOR('',#3191,1.);
#3191 = DIRECTION('',(1.,0.));
#3192 = ( GEOMETRIC_REPRESENTATION_CONTEXT(2) 
PARAMETRIC_REPRESENTATION_CONTEXT() REPRESENTATION_CONTEXT('2D SPACE',''
  ) );
#3193 = ORIENTED_EDGE('',*,*,#3194,.T.);
#3194 = EDGE_CURVE('',#3167,#3042,#3195,.T.);
#3195 = SURFACE_CURVE('',#3196,(#3200,#3207),.PCURVE_S1.);
#3196 = LINE('',#3197,#3198);
#3197 = CARTESIAN_POINT('',(59.564263481523,-8.037897438206,7.));
#3198 = VECTOR('',#3199,1.);
#3199 = DIRECTION('',(0.332820117735,-0.942990333583,0.));
#3200 = PCURVE('',#350,#3201);
#3201 = DEFINITIONAL_REPRESENTATION('',(#3202),#3206);
#3202 = LINE('',#3203,#3204);
#3203 = CARTESIAN_POINT('',(45.925342676916,-9.935784016876));
#3204 = VECTOR('',#3205,1.);
#3205 = DIRECTION('',(0.627692307692,-0.778461538462));
#3206 = ( GEOMETRIC_REPRESENTATION_CONTEXT(2) 
PARAMETRIC_REPRESENTATION_CONTEXT() REPRESENTATION_CONTEXT('2D SPACE',''
  ) );
#3207 = PCURVE('',#3208,#3213);
#3208 = PLANE('',#3209);
#3209 = AXIS2_PLACEMENT_3D('',#3210,#3211,#3212);
#3210 = CARTESIAN_POINT('',(59.564263481523,-8.037897438206,7.));
#3211 = DIRECTION('',(-0.942990333583,-0.332820117735,0.));
#3212 = DIRECTION('',(0.332820117735,-0.942990333583,0.));
#3213 = DEFINITIONAL_REPRESENTATION('',(#3214),#3218);
#3214 = LINE('',#3215,#3216);
#3215 = CARTESIAN_POINT('',(0.,0.));
#3216 = VECTOR('',#3217,1.);
#3217 = DIRECTION('',(1.,0.));
#3218 = ( GEOMETRIC_REPRESENTATION_CONTEXT(2) 
PARAMETRIC_REPRESENTATION_CONTEXT() REPRESENTATION_CONTEXT('2D SPACE',''
  ) );
#3219 = FACE_BOUND('',#3220,.T.);
#3220 = EDGE_LOOP('',(#3221,#3251,#3279,#3307,#3335,#3363,#3391,#3419,
    #3447,#3475));
#3221 = ORIENTED_EDGE('',*,*,#3222,.T.);
#3222 = EDGE_CURVE('',#3223,#3225,#3227,.T.);
#3223 = VERTEX_POINT('',#3224);
#3224 = CARTESIAN_POINT('',(38.743854340423,13.607320339054,7.));
#3225 = VERTEX_POINT('',#3226);
#3226 = CARTESIAN_POINT('',(38.364816428994,13.74109842544,7.));
#3227 = SURFACE_CURVE('',#3228,(#3232,#3239),.PCURVE_S1.);
#3228 = LINE('',#3229,#3230);
#3229 = CARTESIAN_POINT('',(38.743854340423,13.607320339054,7.));
#3230 = VECTOR('',#3231,1.);
#3231 = DIRECTION('',(-0.942990333583,0.332820117735,0.));
#3232 = PCURVE('',#350,#3233);
#3233 = DEFINITIONAL_REPRESENTATION('',(#3234),#3238);
#3234 = LINE('',#3235,#3236);
#3235 = CARTESIAN_POINT('',(19.087934186589,3.545996093747));
#3236 = VECTOR('',#3237,1.);
#3237 = DIRECTION('',(-1.,1.664224313913E-13));
#3238 = ( GEOMETRIC_REPRESENTATION_CONTEXT(2) 
PARAMETRIC_REPRESENTATION_CONTEXT() REPRESENTATION_CONTEXT('2D SPACE',''
  ) );
#3239 = PCURVE('',#3240,#3245);
#3240 = PLANE('',#3241);
#3241 = AXIS2_PLACEMENT_3D('',#3242,#3243,#3244);
#3242 = CARTESIAN_POINT('',(38.743854340423,13.607320339054,7.));
#3243 = DIRECTION('',(0.332820117735,0.942990333583,-0.));
#3244 = DIRECTION('',(-0.942990333583,0.332820117735,0.));
#3245 = DEFINITIONAL_REPRESENTATION('',(#3246),#3250);
#3246 = LINE('',#3247,#3248);
#3247 = CARTESIAN_POINT('',(0.,0.));
#3248 = VECTOR('',#3249,1.);
#3249 = DIRECTION('',(1.,0.));
#3250 = ( GEOMETRIC_REPRESENTATION_CONTEXT(2) 
PARAMETRIC_REPRESENTATION_CONTEXT() REPRESENTATION_CONTEXT('2D SPACE',''
  ) );
#3251 = ORIENTED_EDGE('',*,*,#3252,.T.);
#3252 = EDGE_CURVE('',#3225,#3253,#3255,.T.);
#3253 = VERTEX_POINT('',#3254);
#3254 = CARTESIAN_POINT('',(39.383850525806,16.62836169974,7.));
#3255 = SURFACE_CURVE('',#3256,(#3260,#3267),.PCURVE_S1.);
#3256 = LINE('',#3257,#3258);
#3257 = CARTESIAN_POINT('',(38.364816428994,13.74109842544,7.));
#3258 = VECTOR('',#3259,1.);
#3259 = DIRECTION('',(0.332820117735,0.942990333583,0.));
#3260 = PCURVE('',#350,#3261);
#3261 = DEFINITIONAL_REPRESENTATION('',(#3262),#3266);
#3262 = LINE('',#3263,#3264);
#3263 = CARTESIAN_POINT('',(18.685981061589,3.545996093747));
#3264 = VECTOR('',#3265,1.);
#3265 = DIRECTION('',(1.664224313913E-13,1.));
#3266 = ( GEOMETRIC_REPRESENTATION_CONTEXT(2) 
PARAMETRIC_REPRESENTATION_CONTEXT() REPRESENTATION_CONTEXT('2D SPACE',''
  ) );
#3267 = PCURVE('',#3268,#3273);
#3268 = PLANE('',#3269);
#3269 = AXIS2_PLACEMENT_3D('',#3270,#3271,#3272);
#3270 = CARTESIAN_POINT('',(38.364816428994,13.74109842544,7.));
#3271 = DIRECTION('',(0.942990333583,-0.332820117735,0.));
#3272 = DIRECTION('',(0.332820117735,0.942990333583,0.));
#3273 = DEFINITIONAL_REPRESENTATION('',(#3274),#3278);
#3274 = LINE('',#3275,#3276);
#3275 = CARTESIAN_POINT('',(0.,0.));
#3276 = VECTOR('',#3277,1.);
#3277 = DIRECTION('',(1.,0.));
#3278 = ( GEOMETRIC_REPRESENTATION_CONTEXT(2) 
PARAMETRIC_REPRESENTATION_CONTEXT() REPRESENTATION_CONTEXT('2D SPACE',''
  ) );
#3279 = ORIENTED_EDGE('',*,*,#3280,.T.);
#3280 = EDGE_CURVE('',#3253,#3281,#3283,.T.);
#3281 = VERTEX_POINT('',#3282);
#3282 = CARTESIAN_POINT('',(39.909862321258,16.442710477816,7.));
#3283 = SURFACE_CURVE('',#3284,(#3288,#3295),.PCURVE_S1.);
#3284 = LINE('',#3285,#3286);
#3285 = CARTESIAN_POINT('',(39.383850525806,16.62836169974,7.));
#3286 = VECTOR('',#3287,1.);
#3287 = DIRECTION('',(0.942990333583,-0.332820117735,0.));
#3288 = PCURVE('',#350,#3289);
#3289 = DEFINITIONAL_REPRESENTATION('',(#3290),#3294);
#3290 = LINE('',#3291,#3292);
#3291 = CARTESIAN_POINT('',(18.68598106159,6.607812499997));
#3292 = VECTOR('',#3293,1.);
#3293 = DIRECTION('',(1.,-1.664224313913E-13));
#3294 = ( GEOMETRIC_REPRESENTATION_CONTEXT(2) 
PARAMETRIC_REPRESENTATION_CONTEXT() REPRESENTATION_CONTEXT('2D SPACE',''
  ) );
#3295 = PCURVE('',#3296,#3301);
#3296 = PLANE('',#3297);
#3297 = AXIS2_PLACEMENT_3D('',#3298,#3299,#3300);
#3298 = CARTESIAN_POINT('',(39.383850525806,16.62836169974,7.));
#3299 = DIRECTION('',(-0.332820117735,-0.942990333583,0.));
#3300 = DIRECTION('',(0.942990333583,-0.332820117735,0.));
#3301 = DEFINITIONAL_REPRESENTATION('',(#3302),#3306);
#3302 = LINE('',#3303,#3304);
#3303 = CARTESIAN_POINT('',(0.,0.));
#3304 = VECTOR('',#3305,1.);
#3305 = DIRECTION('',(1.,0.));
#3306 = ( GEOMETRIC_REPRESENTATION_CONTEXT(2) 
PARAMETRIC_REPRESENTATION_CONTEXT() REPRESENTATION_CONTEXT('2D SPACE',''
  ) );
#3307 = ORIENTED_EDGE('',*,*,#3308,.T.);
#3308 = EDGE_CURVE('',#3281,#3309,#3311,.T.);
#3309 = VERTEX_POINT('',#3310);
#3310 = CARTESIAN_POINT('',(40.337588175691,13.575468413724,7.));
#3311 = SURFACE_CURVE('',#3312,(#3316,#3323),.PCURVE_S1.);
#3312 = LINE('',#3313,#3314);
#3313 = CARTESIAN_POINT('',(39.909862321258,16.442710477816,7.));
#3314 = VECTOR('',#3315,1.);
#3315 = DIRECTION('',(0.147544082798,-0.989055480563,0.));
#3316 = PCURVE('',#350,#3317);
#3317 = DEFINITIONAL_REPRESENTATION('',(#3318),#3322);
#3318 = LINE('',#3319,#3320);
#3319 = CARTESIAN_POINT('',(19.24379356159,6.607812499997));
#3320 = VECTOR('',#3321,1.);
#3321 = DIRECTION('',(0.468310205343,-0.88356411854));
#3322 = ( GEOMETRIC_REPRESENTATION_CONTEXT(2) 
PARAMETRIC_REPRESENTATION_CONTEXT() REPRESENTATION_CONTEXT('2D SPACE',''
  ) );
#3323 = PCURVE('',#3324,#3329);
#3324 = PLANE('',#3325);
#3325 = AXIS2_PLACEMENT_3D('',#3326,#3327,#3328);
#3326 = CARTESIAN_POINT('',(39.909862321258,16.442710477816,7.));
#3327 = DIRECTION('',(-0.989055480563,-0.147544082798,0.));
#3328 = DIRECTION('',(0.147544082798,-0.989055480563,0.));
#3329 = DEFINITIONAL_REPRESENTATION('',(#3330),#3334);
#3330 = LINE('',#3331,#3332);
#3331 = CARTESIAN_POINT('',(0.,0.));
#3332 = VECTOR('',#3333,1.);
#3333 = DIRECTION('',(1.,0.));
#3334 = ( GEOMETRIC_REPRESENTATION_CONTEXT(2) 
PARAMETRIC_REPRESENTATION_CONTEXT() REPRESENTATION_CONTEXT('2D SPACE',''
  ) );
#3335 = ORIENTED_EDGE('',*,*,#3336,.T.);
#3336 = EDGE_CURVE('',#3309,#3337,#3339,.T.);
#3337 = VERTEX_POINT('',#3338);
#3338 = CARTESIAN_POINT('',(41.190082205776,15.990868165633,7.));
#3339 = SURFACE_CURVE('',#3340,(#3344,#3351),.PCURVE_S1.);
#3340 = LINE('',#3341,#3342);
#3341 = CARTESIAN_POINT('',(40.337588175691,13.575468413724,7.));
#3342 = VECTOR('',#3343,1.);
#3343 = DIRECTION('',(0.332820117735,0.942990333583,0.));
#3344 = PCURVE('',#350,#3345);
#3345 = DEFINITIONAL_REPRESENTATION('',(#3346),#3350);
#3346 = LINE('',#3347,#3348);
#3347 = CARTESIAN_POINT('',(20.601410749089,4.046386718747));
#3348 = VECTOR('',#3349,1.);
#3349 = DIRECTION('',(1.664224313913E-13,1.));
#3350 = ( GEOMETRIC_REPRESENTATION_CONTEXT(2) 
PARAMETRIC_REPRESENTATION_CONTEXT() REPRESENTATION_CONTEXT('2D SPACE',''
  ) );
#3351 = PCURVE('',#3352,#3357);
#3352 = PLANE('',#3353);
#3353 = AXIS2_PLACEMENT_3D('',#3354,#3355,#3356);
#3354 = CARTESIAN_POINT('',(40.337588175691,13.575468413724,7.));
#3355 = DIRECTION('',(0.942990333583,-0.332820117735,0.));
#3356 = DIRECTION('',(0.332820117735,0.942990333583,0.));
#3357 = DEFINITIONAL_REPRESENTATION('',(#3358),#3362);
#3358 = LINE('',#3359,#3360);
#3359 = CARTESIAN_POINT('',(0.,0.));
#3360 = VECTOR('',#3361,1.);
#3361 = DIRECTION('',(1.,0.));
#3362 = ( GEOMETRIC_REPRESENTATION_CONTEXT(2) 
PARAMETRIC_REPRESENTATION_CONTEXT() REPRESENTATION_CONTEXT('2D SPACE',''
  ) );
#3363 = ORIENTED_EDGE('',*,*,#3364,.T.);
#3364 = EDGE_CURVE('',#3337,#3365,#3367,.T.);
#3365 = VERTEX_POINT('',#3366);
#3366 = CARTESIAN_POINT('',(41.569120117204,15.857090079246,7.));
#3367 = SURFACE_CURVE('',#3368,(#3372,#3379),.PCURVE_S1.);
#3368 = LINE('',#3369,#3370);
#3369 = CARTESIAN_POINT('',(41.190082205776,15.990868165633,7.));
#3370 = VECTOR('',#3371,1.);
#3371 = DIRECTION('',(0.942990333583,-0.332820117735,0.));
#3372 = PCURVE('',#350,#3373);
#3373 = DEFINITIONAL_REPRESENTATION('',(#3374),#3378);
#3374 = LINE('',#3375,#3376);
#3375 = CARTESIAN_POINT('',(20.60141074909,6.607812499997));
#3376 = VECTOR('',#3377,1.);
#3377 = DIRECTION('',(1.,-1.664224313913E-13));
#3378 = ( GEOMETRIC_REPRESENTATION_CONTEXT(2) 
PARAMETRIC_REPRESENTATION_CONTEXT() REPRESENTATION_CONTEXT('2D SPACE',''
  ) );
#3379 = PCURVE('',#3380,#3385);
#3380 = PLANE('',#3381);
#3381 = AXIS2_PLACEMENT_3D('',#3382,#3383,#3384);
#3382 = CARTESIAN_POINT('',(41.190082205776,15.990868165633,7.));
#3383 = DIRECTION('',(-0.332820117735,-0.942990333583,0.));
#3384 = DIRECTION('',(0.942990333583,-0.332820117735,0.));
#3385 = DEFINITIONAL_REPRESENTATION('',(#3386),#3390);
#3386 = LINE('',#3387,#3388);
#3387 = CARTESIAN_POINT('',(0.,0.));
#3388 = VECTOR('',#3389,1.);
#3389 = DIRECTION('',(1.,0.));
#3390 = ( GEOMETRIC_REPRESENTATION_CONTEXT(2) 
PARAMETRIC_REPRESENTATION_CONTEXT() REPRESENTATION_CONTEXT('2D SPACE',''
  ) );
#3391 = ORIENTED_EDGE('',*,*,#3392,.T.);
#3392 = EDGE_CURVE('',#3365,#3393,#3395,.T.);
#3393 = VERTEX_POINT('',#3394);
#3394 = CARTESIAN_POINT('',(40.550086020393,12.969826804947,7.));
#3395 = SURFACE_CURVE('',#3396,(#3400,#3407),.PCURVE_S1.);
#3396 = LINE('',#3397,#3398);
#3397 = CARTESIAN_POINT('',(41.569120117204,15.857090079246,7.));
#3398 = VECTOR('',#3399,1.);
#3399 = DIRECTION('',(-0.332820117735,-0.942990333583,0.));
#3400 = PCURVE('',#350,#3401);
#3401 = DEFINITIONAL_REPRESENTATION('',(#3402),#3406);
#3402 = LINE('',#3403,#3404);
#3403 = CARTESIAN_POINT('',(21.00336387409,6.607812499997));
#3404 = VECTOR('',#3405,1.);
#3405 = DIRECTION('',(-1.664224313913E-13,-1.));
#3406 = ( GEOMETRIC_REPRESENTATION_CONTEXT(2) 
PARAMETRIC_REPRESENTATION_CONTEXT() REPRESENTATION_CONTEXT('2D SPACE',''
  ) );
#3407 = PCURVE('',#3408,#3413);
#3408 = PLANE('',#3409);
#3409 = AXIS2_PLACEMENT_3D('',#3410,#3411,#3412);
#3410 = CARTESIAN_POINT('',(41.569120117204,15.857090079246,7.));
#3411 = DIRECTION('',(-0.942990333583,0.332820117735,0.));
#3412 = DIRECTION('',(-0.332820117735,-0.942990333583,0.));
#3413 = DEFINITIONAL_REPRESENTATION('',(#3414),#3418);
#3414 = LINE('',#3415,#3416);
#3415 = CARTESIAN_POINT('',(0.,0.));
#3416 = VECTOR('',#3417,1.);
#3417 = DIRECTION('',(1.,0.));
#3418 = ( GEOMETRIC_REPRESENTATION_CONTEXT(2) 
PARAMETRIC_REPRESENTATION_CONTEXT() REPRESENTATION_CONTEXT('2D SPACE',''
  ) );
#3419 = ORIENTED_EDGE('',*,*,#3420,.T.);
#3420 = EDGE_CURVE('',#3393,#3421,#3423,.T.);
#3421 = VERTEX_POINT('',#3422);
#3422 = CARTESIAN_POINT('',(40.024074224941,13.155478026871,7.));
#3423 = SURFACE_CURVE('',#3424,(#3428,#3435),.PCURVE_S1.);
#3424 = LINE('',#3425,#3426);
#3425 = CARTESIAN_POINT('',(40.550086020393,12.969826804947,7.));
#3426 = VECTOR('',#3427,1.);
#3427 = DIRECTION('',(-0.942990333583,0.332820117735,0.));
#3428 = PCURVE('',#350,#3429);
#3429 = DEFINITIONAL_REPRESENTATION('',(#3430),#3434);
#3430 = LINE('',#3431,#3432);
#3431 = CARTESIAN_POINT('',(21.003363874089,3.545996093747));
#3432 = VECTOR('',#3433,1.);
#3433 = DIRECTION('',(-1.,1.664224313913E-13));
#3434 = ( GEOMETRIC_REPRESENTATION_CONTEXT(2) 
PARAMETRIC_REPRESENTATION_CONTEXT() REPRESENTATION_CONTEXT('2D SPACE',''
  ) );
#3435 = PCURVE('',#3436,#3441);
#3436 = PLANE('',#3437);
#3437 = AXIS2_PLACEMENT_3D('',#3438,#3439,#3440);
#3438 = CARTESIAN_POINT('',(40.550086020393,12.969826804947,7.));
#3439 = DIRECTION('',(0.332820117735,0.942990333583,-0.));
#3440 = DIRECTION('',(-0.942990333583,0.332820117735,0.));
#3441 = DEFINITIONAL_REPRESENTATION('',(#3442),#3446);
#3442 = LINE('',#3443,#3444);
#3443 = CARTESIAN_POINT('',(0.,0.));
#3444 = VECTOR('',#3445,1.);
#3445 = DIRECTION('',(1.,0.));
#3446 = ( GEOMETRIC_REPRESENTATION_CONTEXT(2) 
PARAMETRIC_REPRESENTATION_CONTEXT() REPRESENTATION_CONTEXT('2D SPACE',''
  ) );
#3447 = ORIENTED_EDGE('',*,*,#3448,.T.);
#3448 = EDGE_CURVE('',#3421,#3449,#3451,.T.);
#3449 = VERTEX_POINT('',#3450);
#3450 = CARTESIAN_POINT('',(39.596348370508,16.022720090963,7.));
#3451 = SURFACE_CURVE('',#3452,(#3456,#3463),.PCURVE_S1.);
#3452 = LINE('',#3453,#3454);
#3453 = CARTESIAN_POINT('',(40.024074224941,13.155478026871,7.));
#3454 = VECTOR('',#3455,1.);
#3455 = DIRECTION('',(-0.147544082798,0.989055480563,0.));
#3456 = PCURVE('',#350,#3457);
#3457 = DEFINITIONAL_REPRESENTATION('',(#3458),#3462);
#3458 = LINE('',#3459,#3460);
#3459 = CARTESIAN_POINT('',(20.445551374089,3.545996093747));
#3460 = VECTOR('',#3461,1.);
#3461 = DIRECTION('',(-0.468310205343,0.88356411854));
#3462 = ( GEOMETRIC_REPRESENTATION_CONTEXT(2) 
PARAMETRIC_REPRESENTATION_CONTEXT() REPRESENTATION_CONTEXT('2D SPACE',''
  ) );
#3463 = PCURVE('',#3464,#3469);
#3464 = PLANE('',#3465);
#3465 = AXIS2_PLACEMENT_3D('',#3466,#3467,#3468);
#3466 = CARTESIAN_POINT('',(40.024074224941,13.155478026871,7.));
#3467 = DIRECTION('',(0.989055480563,0.147544082798,-0.));
#3468 = DIRECTION('',(-0.147544082798,0.989055480563,0.));
#3469 = DEFINITIONAL_REPRESENTATION('',(#3470),#3474);
#3470 = LINE('',#3471,#3472);
#3471 = CARTESIAN_POINT('',(0.,0.));
#3472 = VECTOR('',#3473,1.);
#3473 = DIRECTION('',(1.,0.));
#3474 = ( GEOMETRIC_REPRESENTATION_CONTEXT(2) 
PARAMETRIC_REPRESENTATION_CONTEXT() REPRESENTATION_CONTEXT('2D SPACE',''
  ) );
#3475 = ORIENTED_EDGE('',*,*,#3476,.T.);
#3476 = EDGE_CURVE('',#3449,#3223,#3477,.T.);
#3477 = SURFACE_CURVE('',#3478,(#3482,#3489),.PCURVE_S1.);
#3478 = LINE('',#3479,#3480);
#3479 = CARTESIAN_POINT('',(39.596348370508,16.022720090963,7.));
#3480 = VECTOR('',#3481,1.);
#3481 = DIRECTION('',(-0.332820117735,-0.942990333583,0.));
#3482 = PCURVE('',#350,#3483);
#3483 = DEFINITIONAL_REPRESENTATION('',(#3484),#3488);
#3484 = LINE('',#3485,#3486);
#3485 = CARTESIAN_POINT('',(19.08793418659,6.107421874997));
#3486 = VECTOR('',#3487,1.);
#3487 = DIRECTION('',(-1.664224313913E-13,-1.));
#3488 = ( GEOMETRIC_REPRESENTATION_CONTEXT(2) 
PARAMETRIC_REPRESENTATION_CONTEXT() REPRESENTATION_CONTEXT('2D SPACE',''
  ) );
#3489 = PCURVE('',#3490,#3495);
#3490 = PLANE('',#3491);
#3491 = AXIS2_PLACEMENT_3D('',#3492,#3493,#3494);
#3492 = CARTESIAN_POINT('',(39.596348370508,16.022720090963,7.));
#3493 = DIRECTION('',(-0.942990333583,0.332820117735,0.));
#3494 = DIRECTION('',(-0.332820117735,-0.942990333583,0.));
#3495 = DEFINITIONAL_REPRESENTATION('',(#3496),#3500);
#3496 = LINE('',#3497,#3498);
#3497 = CARTESIAN_POINT('',(0.,0.));
#3498 = VECTOR('',#3499,1.);
#3499 = DIRECTION('',(1.,0.));
#3500 = ( GEOMETRIC_REPRESENTATION_CONTEXT(2) 
PARAMETRIC_REPRESENTATION_CONTEXT() REPRESENTATION_CONTEXT('2D SPACE',''
  ) );
#3501 = FACE_BOUND('',#3502,.T.);
#3502 = EDGE_LOOP('',(#3503));
#3503 = ORIENTED_EDGE('',*,*,#3504,.F.);
#3504 = EDGE_CURVE('',#3505,#3505,#3507,.T.);
#3505 = VERTEX_POINT('',#3506);
#3506 = CARTESIAN_POINT('',(43.536886561349,15.221302898282,7.));
#3507 = SURFACE_CURVE('',#3508,(#3519,#3533),.PCURVE_S1.);
#3508 = B_SPLINE_CURVE_WITH_KNOTS('',2,(#3509,#3510,#3511,#3512,#3513,
    #3514,#3515,#3516,#3517,#3518),.UNSPECIFIED.,.T.,.F.,(3,1,1,1,1,1,1,
    1,3),(0.,1.,2.,3.,4.,4.996825396825,5.993650793651,6.993300058456,
    7.992949323261),.UNSPECIFIED.);
#3509 = CARTESIAN_POINT('',(43.536886561349,15.221302898282,7.));
#3510 = CARTESIAN_POINT('',(42.92771848941,15.43630339426,7.));
#3511 = CARTESIAN_POINT('',(41.911300800751,14.879463485364,7.));
#3512 = CARTESIAN_POINT('',(41.428061590743,13.510285723673,7.));
#3513 = CARTESIAN_POINT('',(41.870462082203,12.440743573838,7.));
#3514 = CARTESIAN_POINT('',(43.086864359185,12.011425123139,7.));
#3515 = CARTESIAN_POINT('',(44.101348180949,12.568947573292,7.));
#3516 = CARTESIAN_POINT('',(44.5839048497,13.936191468087,7.));
#3517 = CARTESIAN_POINT('',(44.144120766392,15.00698494356,7.));
#3518 = CARTESIAN_POINT('',(43.536886561349,15.221302898282,7.));
#3519 = PCURVE('',#350,#3520);
#3520 = DEFINITIONAL_REPRESENTATION('',(#3521),#3532);
#3521 = B_SPLINE_CURVE_WITH_KNOTS('',2,(#3522,#3523,#3524,#3525,#3526,
    #3527,#3528,#3529,#3530,#3531),.UNSPECIFIED.,.T.,.F.,(3,1,1,1,1,1,1,
    1,3),(0.,1.,2.,3.,4.,4.996825396825,5.993650793651,6.993300058456,
    7.992949323261),.UNSPECIFIED.);
#3522 = CARTESIAN_POINT('',(23.07055137409,6.663183593746));
#3523 = CARTESIAN_POINT('',(22.42455528034,6.663183593746));
#3524 = CARTESIAN_POINT('',(21.65141074909,5.799804687496));
#3525 = CARTESIAN_POINT('',(21.651410749089,4.347851562496));
#3526 = CARTESIAN_POINT('',(22.424555280339,3.486523437496));
#3527 = CARTESIAN_POINT('',(23.714496686589,3.486523437496));
#3528 = CARTESIAN_POINT('',(24.485590436589,4.349902343746));
#3529 = CARTESIAN_POINT('',(24.48559043659,5.799804687496));
#3530 = CARTESIAN_POINT('',(23.71449668659,6.663183593746));
#3531 = CARTESIAN_POINT('',(23.07055137409,6.663183593746));
#3532 = ( GEOMETRIC_REPRESENTATION_CONTEXT(2) 
PARAMETRIC_REPRESENTATION_CONTEXT() REPRESENTATION_CONTEXT('2D SPACE',''
  ) );
#3533 = PCURVE('',#3534,#3548);
#3534 = SURFACE_OF_LINEAR_EXTRUSION('',#3535,#3546);
#3535 = B_SPLINE_CURVE_WITH_KNOTS('',2,(#3536,#3537,#3538,#3539,#3540,
    #3541,#3542,#3543,#3544,#3545),.UNSPECIFIED.,.T.,.F.,(3,1,1,1,1,1,1,
    1,3),(0.,1.,2.,3.,4.,4.996825396825,5.993650793651,6.993300058456,
    7.992949323261),.UNSPECIFIED.);
#3536 = CARTESIAN_POINT('',(43.536886561349,15.221302898282,7.));
#3537 = CARTESIAN_POINT('',(42.92771848941,15.43630339426,7.));
#3538 = CARTESIAN_POINT('',(41.911300800751,14.879463485364,7.));
#3539 = CARTESIAN_POINT('',(41.428061590743,13.510285723673,7.));
#3540 = CARTESIAN_POINT('',(41.870462082203,12.440743573838,7.));
#3541 = CARTESIAN_POINT('',(43.086864359185,12.011425123139,7.));
#3542 = CARTESIAN_POINT('',(44.101348180949,12.568947573292,7.));
#3543 = CARTESIAN_POINT('',(44.5839048497,13.936191468087,7.));
#3544 = CARTESIAN_POINT('',(44.144120766392,15.00698494356,7.));
#3545 = CARTESIAN_POINT('',(43.536886561349,15.221302898282,7.));
#3546 = VECTOR('',#3547,1.);
#3547 = DIRECTION('',(0.,0.,1.));
#3548 = DEFINITIONAL_REPRESENTATION('',(#3549),#3553);
#3549 = LINE('',#3550,#3551);
#3550 = CARTESIAN_POINT('',(0.,0.));
#3551 = VECTOR('',#3552,1.);
#3552 = DIRECTION('',(1.,0.));
#3553 = ( GEOMETRIC_REPRESENTATION_CONTEXT(2) 
PARAMETRIC_REPRESENTATION_CONTEXT() REPRESENTATION_CONTEXT('2D SPACE',''
  ) );
#3554 = FACE_BOUND('',#3555,.T.);
#3555 = EDGE_LOOP('',(#3556,#3586,#3614,#3642,#3670,#3698,#3726,#3754));
#3556 = ORIENTED_EDGE('',*,*,#3557,.T.);
#3557 = EDGE_CURVE('',#3558,#3560,#3562,.T.);
#3558 = VERTEX_POINT('',#3559);
#3559 = CARTESIAN_POINT('',(45.972535037217,13.933233789307,7.));
#3560 = VERTEX_POINT('',#3561);
#3561 = CARTESIAN_POINT('',(44.947585582845,14.294980655556,7.));
#3562 = SURFACE_CURVE('',#3563,(#3567,#3574),.PCURVE_S1.);
#3563 = LINE('',#3564,#3565);
#3564 = CARTESIAN_POINT('',(45.972535037217,13.933233789307,7.));
#3565 = VECTOR('',#3566,1.);
#3566 = DIRECTION('',(-0.942990333583,0.332820117735,0.));
#3567 = PCURVE('',#350,#3568);
#3568 = DEFINITIONAL_REPRESENTATION('',(#3569),#3573);
#3569 = LINE('',#3570,#3571);
#3570 = CARTESIAN_POINT('',(25.79603965534,6.259179687496));
#3571 = VECTOR('',#3572,1.);
#3572 = DIRECTION('',(-1.,1.664224313913E-13));
#3573 = ( GEOMETRIC_REPRESENTATION_CONTEXT(2) 
PARAMETRIC_REPRESENTATION_CONTEXT() REPRESENTATION_CONTEXT('2D SPACE',''
  ) );
#3574 = PCURVE('',#3575,#3580);
#3575 = PLANE('',#3576);
#3576 = AXIS2_PLACEMENT_3D('',#3577,#3578,#3579);
#3577 = CARTESIAN_POINT('',(45.972535037217,13.933233789307,7.));
#3578 = DIRECTION('',(0.332820117735,0.942990333583,-0.));
#3579 = DIRECTION('',(-0.942990333583,0.332820117735,0.));
#3580 = DEFINITIONAL_REPRESENTATION('',(#3581),#3585);
#3581 = LINE('',#3582,#3583);
#3582 = CARTESIAN_POINT('',(0.,0.));
#3583 = VECTOR('',#3584,1.);
#3584 = DIRECTION('',(1.,0.));
#3585 = ( GEOMETRIC_REPRESENTATION_CONTEXT(2) 
PARAMETRIC_REPRESENTATION_CONTEXT() REPRESENTATION_CONTEXT('2D SPACE',''
  ) );
#3586 = ORIENTED_EDGE('',*,*,#3587,.T.);
#3587 = EDGE_CURVE('',#3560,#3588,#3590,.T.);
#3588 = VERTEX_POINT('',#3589);
#3589 = CARTESIAN_POINT('',(45.063617596547,14.623738027713,7.));
#3590 = SURFACE_CURVE('',#3591,(#3595,#3602),.PCURVE_S1.);
#3591 = LINE('',#3592,#3593);
#3592 = CARTESIAN_POINT('',(44.947585582845,14.294980655556,7.));
#3593 = VECTOR('',#3594,1.);
#3594 = DIRECTION('',(0.332820117735,0.942990333583,0.));
#3595 = PCURVE('',#350,#3596);
#3596 = DEFINITIONAL_REPRESENTATION('',(#3597),#3601);
#3597 = LINE('',#3598,#3599);
#3598 = CARTESIAN_POINT('',(24.70912559284,6.259179687496));
#3599 = VECTOR('',#3600,1.);
#3600 = DIRECTION('',(1.664224313913E-13,1.));
#3601 = ( GEOMETRIC_REPRESENTATION_CONTEXT(2) 
PARAMETRIC_REPRESENTATION_CONTEXT() REPRESENTATION_CONTEXT('2D SPACE',''
  ) );
#3602 = PCURVE('',#3603,#3608);
#3603 = PLANE('',#3604);
#3604 = AXIS2_PLACEMENT_3D('',#3605,#3606,#3607);
#3605 = CARTESIAN_POINT('',(44.947585582845,14.294980655556,7.));
#3606 = DIRECTION('',(0.942990333583,-0.332820117735,0.));
#3607 = DIRECTION('',(0.332820117735,0.942990333583,0.));
#3608 = DEFINITIONAL_REPRESENTATION('',(#3609),#3613);
#3609 = LINE('',#3610,#3611);
#3610 = CARTESIAN_POINT('',(0.,0.));
#3611 = VECTOR('',#3612,1.);
#3612 = DIRECTION('',(1.,0.));
#3613 = ( GEOMETRIC_REPRESENTATION_CONTEXT(2) 
PARAMETRIC_REPRESENTATION_CONTEXT() REPRESENTATION_CONTEXT('2D SPACE',''
  ) );
#3614 = ORIENTED_EDGE('',*,*,#3615,.T.);
#3615 = EDGE_CURVE('',#3588,#3616,#3618,.T.);
#3616 = VERTEX_POINT('',#3617);
#3617 = CARTESIAN_POINT('',(47.506091484987,13.761688420029,7.));
#3618 = SURFACE_CURVE('',#3619,(#3623,#3630),.PCURVE_S1.);
#3619 = LINE('',#3620,#3621);
#3620 = CARTESIAN_POINT('',(45.063617596547,14.623738027713,7.));
#3621 = VECTOR('',#3622,1.);
#3622 = DIRECTION('',(0.942990333583,-0.332820117735,0.));
#3623 = PCURVE('',#350,#3624);
#3624 = DEFINITIONAL_REPRESENTATION('',(#3625),#3629);
#3625 = LINE('',#3626,#3627);
#3626 = CARTESIAN_POINT('',(24.70912559284,6.607812499996));
#3627 = VECTOR('',#3628,1.);
#3628 = DIRECTION('',(1.,-1.664224313913E-13));
#3629 = ( GEOMETRIC_REPRESENTATION_CONTEXT(2) 
PARAMETRIC_REPRESENTATION_CONTEXT() REPRESENTATION_CONTEXT('2D SPACE',''
  ) );
#3630 = PCURVE('',#3631,#3636);
#3631 = PLANE('',#3632);
#3632 = AXIS2_PLACEMENT_3D('',#3633,#3634,#3635);
#3633 = CARTESIAN_POINT('',(45.063617596547,14.623738027713,7.));
#3634 = DIRECTION('',(-0.332820117735,-0.942990333583,0.));
#3635 = DIRECTION('',(0.942990333583,-0.332820117735,0.));
#3636 = DEFINITIONAL_REPRESENTATION('',(#3637),#3641);
#3637 = LINE('',#3638,#3639);
#3638 = CARTESIAN_POINT('',(0.,0.));
#3639 = VECTOR('',#3640,1.);
#3640 = DIRECTION('',(1.,0.));
#3641 = ( GEOMETRIC_REPRESENTATION_CONTEXT(2) 
PARAMETRIC_REPRESENTATION_CONTEXT() REPRESENTATION_CONTEXT('2D SPACE',''
  ) );
#3642 = ORIENTED_EDGE('',*,*,#3643,.T.);
#3643 = EDGE_CURVE('',#3616,#3644,#3646,.T.);
#3644 = VERTEX_POINT('',#3645);
#3645 = CARTESIAN_POINT('',(47.390059471284,13.432931047872,7.));
#3646 = SURFACE_CURVE('',#3647,(#3651,#3658),.PCURVE_S1.);
#3647 = LINE('',#3648,#3649);
#3648 = CARTESIAN_POINT('',(47.506091484987,13.761688420029,7.));
#3649 = VECTOR('',#3650,1.);
#3650 = DIRECTION('',(-0.332820117735,-0.942990333583,0.));
#3651 = PCURVE('',#350,#3652);
#3652 = DEFINITIONAL_REPRESENTATION('',(#3653),#3657);
#3653 = LINE('',#3654,#3655);
#3654 = CARTESIAN_POINT('',(27.29926231159,6.607812499995));
#3655 = VECTOR('',#3656,1.);
#3656 = DIRECTION('',(-1.664224313913E-13,-1.));
#3657 = ( GEOMETRIC_REPRESENTATION_CONTEXT(2) 
PARAMETRIC_REPRESENTATION_CONTEXT() REPRESENTATION_CONTEXT('2D SPACE',''
  ) );
#3658 = PCURVE('',#3659,#3664);
#3659 = PLANE('',#3660);
#3660 = AXIS2_PLACEMENT_3D('',#3661,#3662,#3663);
#3661 = CARTESIAN_POINT('',(47.506091484987,13.761688420029,7.));
#3662 = DIRECTION('',(-0.942990333583,0.332820117735,0.));
#3663 = DIRECTION('',(-0.332820117735,-0.942990333583,0.));
#3664 = DEFINITIONAL_REPRESENTATION('',(#3665),#3669);
#3665 = LINE('',#3666,#3667);
#3666 = CARTESIAN_POINT('',(0.,0.));
#3667 = VECTOR('',#3668,1.);
#3668 = DIRECTION('',(1.,0.));
#3669 = ( GEOMETRIC_REPRESENTATION_CONTEXT(2) 
PARAMETRIC_REPRESENTATION_CONTEXT() REPRESENTATION_CONTEXT('2D SPACE',''
  ) );
#3670 = ORIENTED_EDGE('',*,*,#3671,.T.);
#3671 = EDGE_CURVE('',#3644,#3672,#3674,.T.);
#3672 = VERTEX_POINT('',#3673);
#3673 = CARTESIAN_POINT('',(46.365110016911,13.794677914121,7.));
#3674 = SURFACE_CURVE('',#3675,(#3679,#3686),.PCURVE_S1.);
#3675 = LINE('',#3676,#3677);
#3676 = CARTESIAN_POINT('',(47.390059471284,13.432931047872,7.));
#3677 = VECTOR('',#3678,1.);
#3678 = DIRECTION('',(-0.942990333583,0.332820117735,0.));
#3679 = PCURVE('',#350,#3680);
#3680 = DEFINITIONAL_REPRESENTATION('',(#3681),#3685);
#3681 = LINE('',#3682,#3683);
#3682 = CARTESIAN_POINT('',(27.29926231159,6.259179687495));
#3683 = VECTOR('',#3684,1.);
#3684 = DIRECTION('',(-1.,1.664224313913E-13));
#3685 = ( GEOMETRIC_REPRESENTATION_CONTEXT(2) 
PARAMETRIC_REPRESENTATION_CONTEXT() REPRESENTATION_CONTEXT('2D SPACE',''
  ) );
#3686 = PCURVE('',#3687,#3692);
#3687 = PLANE('',#3688);
#3688 = AXIS2_PLACEMENT_3D('',#3689,#3690,#3691);
#3689 = CARTESIAN_POINT('',(47.390059471284,13.432931047872,7.));
#3690 = DIRECTION('',(0.332820117735,0.942990333583,-0.));
#3691 = DIRECTION('',(-0.942990333583,0.332820117735,0.));
#3692 = DEFINITIONAL_REPRESENTATION('',(#3693),#3697);
#3693 = LINE('',#3694,#3695);
#3694 = CARTESIAN_POINT('',(0.,0.));
#3695 = VECTOR('',#3696,1.);
#3696 = DIRECTION('',(1.,0.));
#3697 = ( GEOMETRIC_REPRESENTATION_CONTEXT(2) 
PARAMETRIC_REPRESENTATION_CONTEXT() REPRESENTATION_CONTEXT('2D SPACE',''
  ) );
#3698 = ORIENTED_EDGE('',*,*,#3699,.T.);
#3699 = EDGE_CURVE('',#3672,#3700,#3702,.T.);
#3700 = VERTEX_POINT('',#3701);
#3701 = CARTESIAN_POINT('',(45.462107933802,11.236172011979,7.));
#3702 = SURFACE_CURVE('',#3703,(#3707,#3714),.PCURVE_S1.);
#3703 = LINE('',#3704,#3705);
#3704 = CARTESIAN_POINT('',(46.365110016911,13.794677914121,7.));
#3705 = VECTOR('',#3706,1.);
#3706 = DIRECTION('',(-0.332820117735,-0.942990333583,0.));
#3707 = PCURVE('',#350,#3708);
#3708 = DEFINITIONAL_REPRESENTATION('',(#3709),#3713);
#3709 = LINE('',#3710,#3711);
#3710 = CARTESIAN_POINT('',(26.21234824909,6.259179687496));
#3711 = VECTOR('',#3712,1.);
#3712 = DIRECTION('',(-1.664224313913E-13,-1.));
#3713 = ( GEOMETRIC_REPRESENTATION_CONTEXT(2) 
PARAMETRIC_REPRESENTATION_CONTEXT() REPRESENTATION_CONTEXT('2D SPACE',''
  ) );
#3714 = PCURVE('',#3715,#3720);
#3715 = PLANE('',#3716);
#3716 = AXIS2_PLACEMENT_3D('',#3717,#3718,#3719);
#3717 = CARTESIAN_POINT('',(46.365110016911,13.794677914121,7.));
#3718 = DIRECTION('',(-0.942990333583,0.332820117735,0.));
#3719 = DIRECTION('',(-0.332820117735,-0.942990333583,0.));
#3720 = DEFINITIONAL_REPRESENTATION('',(#3721),#3725);
#3721 = LINE('',#3722,#3723);
#3722 = CARTESIAN_POINT('',(0.,0.));
#3723 = VECTOR('',#3724,1.);
#3724 = DIRECTION('',(1.,0.));
#3725 = ( GEOMETRIC_REPRESENTATION_CONTEXT(2) 
PARAMETRIC_REPRESENTATION_CONTEXT() REPRESENTATION_CONTEXT('2D SPACE',''
  ) );
#3726 = ORIENTED_EDGE('',*,*,#3727,.T.);
#3727 = EDGE_CURVE('',#3700,#3728,#3730,.T.);
#3728 = VERTEX_POINT('',#3729);
#3729 = CARTESIAN_POINT('',(45.069532954109,11.374727887165,7.));
#3730 = SURFACE_CURVE('',#3731,(#3735,#3742),.PCURVE_S1.);
#3731 = LINE('',#3732,#3733);
#3732 = CARTESIAN_POINT('',(45.462107933802,11.236172011979,7.));
#3733 = VECTOR('',#3734,1.);
#3734 = DIRECTION('',(-0.942990333583,0.332820117735,0.));
#3735 = PCURVE('',#350,#3736);
#3736 = DEFINITIONAL_REPRESENTATION('',(#3737),#3741);
#3737 = LINE('',#3738,#3739);
#3738 = CARTESIAN_POINT('',(26.212348249089,3.545996093746));
#3739 = VECTOR('',#3740,1.);
#3740 = DIRECTION('',(-1.,1.664224313913E-13));
#3741 = ( GEOMETRIC_REPRESENTATION_CONTEXT(2) 
PARAMETRIC_REPRESENTATION_CONTEXT() REPRESENTATION_CONTEXT('2D SPACE',''
  ) );
#3742 = PCURVE('',#3743,#3748);
#3743 = PLANE('',#3744);
#3744 = AXIS2_PLACEMENT_3D('',#3745,#3746,#3747);
#3745 = CARTESIAN_POINT('',(45.462107933802,11.236172011979,7.));
#3746 = DIRECTION('',(0.332820117735,0.942990333583,-0.));
#3747 = DIRECTION('',(-0.942990333583,0.332820117735,0.));
#3748 = DEFINITIONAL_REPRESENTATION('',(#3749),#3753);
#3749 = LINE('',#3750,#3751);
#3750 = CARTESIAN_POINT('',(0.,0.));
#3751 = VECTOR('',#3752,1.);
#3752 = DIRECTION('',(1.,0.));
#3753 = ( GEOMETRIC_REPRESENTATION_CONTEXT(2) 
PARAMETRIC_REPRESENTATION_CONTEXT() REPRESENTATION_CONTEXT('2D SPACE',''
  ) );
#3754 = ORIENTED_EDGE('',*,*,#3755,.T.);
#3755 = EDGE_CURVE('',#3728,#3558,#3756,.T.);
#3756 = SURFACE_CURVE('',#3757,(#3761,#3768),.PCURVE_S1.);
#3757 = LINE('',#3758,#3759);
#3758 = CARTESIAN_POINT('',(45.069532954109,11.374727887165,7.));
#3759 = VECTOR('',#3760,1.);
#3760 = DIRECTION('',(0.332820117735,0.942990333583,0.));
#3761 = PCURVE('',#350,#3762);
#3762 = DEFINITIONAL_REPRESENTATION('',(#3763),#3767);
#3763 = LINE('',#3764,#3765);
#3764 = CARTESIAN_POINT('',(25.796039655339,3.545996093746));
#3765 = VECTOR('',#3766,1.);
#3766 = DIRECTION('',(1.664224313913E-13,1.));
#3767 = ( GEOMETRIC_REPRESENTATION_CONTEXT(2) 
PARAMETRIC_REPRESENTATION_CONTEXT() REPRESENTATION_CONTEXT('2D SPACE',''
  ) );
#3768 = PCURVE('',#3769,#3774);
#3769 = PLANE('',#3770);
#3770 = AXIS2_PLACEMENT_3D('',#3771,#3772,#3773);
#3771 = CARTESIAN_POINT('',(45.069532954109,11.374727887165,7.));
#3772 = DIRECTION('',(0.942990333583,-0.332820117735,0.));
#3773 = DIRECTION('',(0.332820117735,0.942990333583,0.));
#3774 = DEFINITIONAL_REPRESENTATION('',(#3775),#3779);
#3775 = LINE('',#3776,#3777);
#3776 = CARTESIAN_POINT('',(0.,0.));
#3777 = VECTOR('',#3778,1.);
#3778 = DIRECTION('',(1.,0.));
#3779 = ( GEOMETRIC_REPRESENTATION_CONTEXT(2) 
PARAMETRIC_REPRESENTATION_CONTEXT() REPRESENTATION_CONTEXT('2D SPACE',''
  ) );
#3780 = FACE_BOUND('',#3781,.T.);
#3781 = EDGE_LOOP('',(#3782,#3812,#3840,#3868,#3896,#3924,#3952,#3980,
    #4008,#4036));
#3782 = ORIENTED_EDGE('',*,*,#3783,.T.);
#3783 = EDGE_CURVE('',#3784,#3786,#3788,.T.);
#3784 = VERTEX_POINT('',#3785);
#3785 = CARTESIAN_POINT('',(48.51374989418,10.159121908316,7.));
#3786 = VERTEX_POINT('',#3787);
#3787 = CARTESIAN_POINT('',(48.123108781382,10.296995242245,7.));
#3788 = SURFACE_CURVE('',#3789,(#3793,#3800),.PCURVE_S1.);
#3789 = LINE('',#3790,#3791);
#3790 = CARTESIAN_POINT('',(48.51374989418,10.159121908316,7.));
#3791 = VECTOR('',#3792,1.);
#3792 = DIRECTION('',(-0.942990333583,0.332820117735,0.));
#3793 = PCURVE('',#350,#3794);
#3794 = DEFINITIONAL_REPRESENTATION('',(#3795),#3799);
#3795 = LINE('',#3796,#3797);
#3796 = CARTESIAN_POINT('',(29.448481061589,3.545996093745));
#3797 = VECTOR('',#3798,1.);
#3798 = DIRECTION('',(-1.,1.664224313913E-13));
#3799 = ( GEOMETRIC_REPRESENTATION_CONTEXT(2) 
PARAMETRIC_REPRESENTATION_CONTEXT() REPRESENTATION_CONTEXT('2D SPACE',''
  ) );
#3800 = PCURVE('',#3801,#3806);
#3801 = PLANE('',#3802);
#3802 = AXIS2_PLACEMENT_3D('',#3803,#3804,#3805);
#3803 = CARTESIAN_POINT('',(48.51374989418,10.159121908316,7.));
#3804 = DIRECTION('',(0.332820117735,0.942990333583,-0.));
#3805 = DIRECTION('',(-0.942990333583,0.332820117735,0.));
#3806 = DEFINITIONAL_REPRESENTATION('',(#3807),#3811);
#3807 = LINE('',#3808,#3809);
#3808 = CARTESIAN_POINT('',(0.,0.));
#3809 = VECTOR('',#3810,1.);
#3810 = DIRECTION('',(1.,0.));
#3811 = ( GEOMETRIC_REPRESENTATION_CONTEXT(2) 
PARAMETRIC_REPRESENTATION_CONTEXT() REPRESENTATION_CONTEXT('2D SPACE',''
  ) );
#3812 = ORIENTED_EDGE('',*,*,#3813,.T.);
#3813 = EDGE_CURVE('',#3786,#3814,#3816,.T.);
#3814 = VERTEX_POINT('',#3815);
#3815 = CARTESIAN_POINT('',(49.142142878193,13.184258516544,7.));
#3816 = SURFACE_CURVE('',#3817,(#3821,#3828),.PCURVE_S1.);
#3817 = LINE('',#3818,#3819);
#3818 = CARTESIAN_POINT('',(48.123108781382,10.296995242245,7.));
#3819 = VECTOR('',#3820,1.);
#3820 = DIRECTION('',(0.332820117735,0.942990333583,0.));
#3821 = PCURVE('',#350,#3822);
#3822 = DEFINITIONAL_REPRESENTATION('',(#3823),#3827);
#3823 = LINE('',#3824,#3825);
#3824 = CARTESIAN_POINT('',(29.034223249089,3.545996093745));
#3825 = VECTOR('',#3826,1.);
#3826 = DIRECTION('',(1.664224313913E-13,1.));
#3827 = ( GEOMETRIC_REPRESENTATION_CONTEXT(2) 
PARAMETRIC_REPRESENTATION_CONTEXT() REPRESENTATION_CONTEXT('2D SPACE',''
  ) );
#3828 = PCURVE('',#3829,#3834);
#3829 = PLANE('',#3830);
#3830 = AXIS2_PLACEMENT_3D('',#3831,#3832,#3833);
#3831 = CARTESIAN_POINT('',(48.123108781382,10.296995242245,7.));
#3832 = DIRECTION('',(0.942990333583,-0.332820117735,0.));
#3833 = DIRECTION('',(0.332820117735,0.942990333583,0.));
#3834 = DEFINITIONAL_REPRESENTATION('',(#3835),#3839);
#3835 = LINE('',#3836,#3837);
#3836 = CARTESIAN_POINT('',(0.,0.));
#3837 = VECTOR('',#3838,1.);
#3838 = DIRECTION('',(1.,0.));
#3839 = ( GEOMETRIC_REPRESENTATION_CONTEXT(2) 
PARAMETRIC_REPRESENTATION_CONTEXT() REPRESENTATION_CONTEXT('2D SPACE',''
  ) );
#3840 = ORIENTED_EDGE('',*,*,#3841,.T.);
#3841 = EDGE_CURVE('',#3814,#3842,#3844,.T.);
#3842 = VERTEX_POINT('',#3843);
#3843 = CARTESIAN_POINT('',(50.80140067414,12.598638117975,7.));
#3844 = SURFACE_CURVE('',#3845,(#3849,#3856),.PCURVE_S1.);
#3845 = LINE('',#3846,#3847);
#3846 = CARTESIAN_POINT('',(49.142142878193,13.184258516544,7.));
#3847 = VECTOR('',#3848,1.);
#3848 = DIRECTION('',(0.942990333583,-0.332820117735,0.));
#3849 = PCURVE('',#350,#3850);
#3850 = DEFINITIONAL_REPRESENTATION('',(#3851),#3855);
#3851 = LINE('',#3852,#3853);
#3852 = CARTESIAN_POINT('',(29.03422324909,6.607812499995));
#3853 = VECTOR('',#3854,1.);
#3854 = DIRECTION('',(1.,-1.664224313913E-13));
#3855 = ( GEOMETRIC_REPRESENTATION_CONTEXT(2) 
PARAMETRIC_REPRESENTATION_CONTEXT() REPRESENTATION_CONTEXT('2D SPACE',''
  ) );
#3856 = PCURVE('',#3857,#3862);
#3857 = PLANE('',#3858);
#3858 = AXIS2_PLACEMENT_3D('',#3859,#3860,#3861);
#3859 = CARTESIAN_POINT('',(49.142142878193,13.184258516544,7.));
#3860 = DIRECTION('',(-0.332820117735,-0.942990333583,0.));
#3861 = DIRECTION('',(0.942990333583,-0.332820117735,0.));
#3862 = DEFINITIONAL_REPRESENTATION('',(#3863),#3867);
#3863 = LINE('',#3864,#3865);
#3864 = CARTESIAN_POINT('',(0.,0.));
#3865 = VECTOR('',#3866,1.);
#3866 = DIRECTION('',(1.,0.));
#3867 = ( GEOMETRIC_REPRESENTATION_CONTEXT(2) 
PARAMETRIC_REPRESENTATION_CONTEXT() REPRESENTATION_CONTEXT('2D SPACE',''
  ) );
#3868 = ORIENTED_EDGE('',*,*,#3869,.T.);
#3869 = EDGE_CURVE('',#3842,#3870,#3872,.T.);
#3870 = VERTEX_POINT('',#3871);
#3871 = CARTESIAN_POINT('',(50.685368660437,12.269880745817,7.));
#3872 = SURFACE_CURVE('',#3873,(#3877,#3884),.PCURVE_S1.);
#3873 = LINE('',#3874,#3875);
#3874 = CARTESIAN_POINT('',(50.80140067414,12.598638117975,7.));
#3875 = VECTOR('',#3876,1.);
#3876 = DIRECTION('',(-0.332820117735,-0.942990333583,0.));
#3877 = PCURVE('',#350,#3878);
#3878 = DEFINITIONAL_REPRESENTATION('',(#3879),#3883);
#3879 = LINE('',#3880,#3881);
#3880 = CARTESIAN_POINT('',(30.79379356159,6.607812499995));
#3881 = VECTOR('',#3882,1.);
#3882 = DIRECTION('',(-1.664224313913E-13,-1.));
#3883 = ( GEOMETRIC_REPRESENTATION_CONTEXT(2) 
PARAMETRIC_REPRESENTATION_CONTEXT() REPRESENTATION_CONTEXT('2D SPACE',''
  ) );
#3884 = PCURVE('',#3885,#3890);
#3885 = PLANE('',#3886);
#3886 = AXIS2_PLACEMENT_3D('',#3887,#3888,#3889);
#3887 = CARTESIAN_POINT('',(50.80140067414,12.598638117975,7.));
#3888 = DIRECTION('',(-0.942990333583,0.332820117735,0.));
#3889 = DIRECTION('',(-0.332820117735,-0.942990333583,0.));
#3890 = DEFINITIONAL_REPRESENTATION('',(#3891),#3895);
#3891 = LINE('',#3892,#3893);
#3892 = CARTESIAN_POINT('',(0.,0.));
#3893 = VECTOR('',#3894,1.);
#3894 = DIRECTION('',(1.,0.));
#3895 = ( GEOMETRIC_REPRESENTATION_CONTEXT(2) 
PARAMETRIC_REPRESENTATION_CONTEXT() REPRESENTATION_CONTEXT('2D SPACE',''
  ) );
#3896 = ORIENTED_EDGE('',*,*,#3897,.T.);
#3897 = EDGE_CURVE('',#3870,#3898,#3900,.T.);
#3898 = VERTEX_POINT('',#3899);
#3899 = CARTESIAN_POINT('',(49.416751977289,12.717627810458,7.));
#3900 = SURFACE_CURVE('',#3901,(#3905,#3912),.PCURVE_S1.);
#3901 = LINE('',#3902,#3903);
#3902 = CARTESIAN_POINT('',(50.685368660437,12.269880745817,7.));
#3903 = VECTOR('',#3904,1.);
#3904 = DIRECTION('',(-0.942990333583,0.332820117735,0.));
#3905 = PCURVE('',#350,#3906);
#3906 = DEFINITIONAL_REPRESENTATION('',(#3907),#3911);
#3907 = LINE('',#3908,#3909);
#3908 = CARTESIAN_POINT('',(30.79379356159,6.259179687495));
#3909 = VECTOR('',#3910,1.);
#3910 = DIRECTION('',(-1.,1.664224313913E-13));
#3911 = ( GEOMETRIC_REPRESENTATION_CONTEXT(2) 
PARAMETRIC_REPRESENTATION_CONTEXT() REPRESENTATION_CONTEXT('2D SPACE',''
  ) );
#3912 = PCURVE('',#3913,#3918);
#3913 = PLANE('',#3914);
#3914 = AXIS2_PLACEMENT_3D('',#3915,#3916,#3917);
#3915 = CARTESIAN_POINT('',(50.685368660437,12.269880745817,7.));
#3916 = DIRECTION('',(0.332820117735,0.942990333583,-0.));
#3917 = DIRECTION('',(-0.942990333583,0.332820117735,0.));
#3918 = DEFINITIONAL_REPRESENTATION('',(#3919),#3923);
#3919 = LINE('',#3920,#3921);
#3920 = CARTESIAN_POINT('',(0.,0.));
#3921 = VECTOR('',#3922,1.);
#3922 = DIRECTION('',(1.,0.));
#3923 = ( GEOMETRIC_REPRESENTATION_CONTEXT(2) 
PARAMETRIC_REPRESENTATION_CONTEXT() REPRESENTATION_CONTEXT('2D SPACE',''
  ) );
#3924 = ORIENTED_EDGE('',*,*,#3925,.T.);
#3925 = EDGE_CURVE('',#3898,#3926,#3928,.T.);
#3926 = VERTEX_POINT('',#3927);
#3927 = CARTESIAN_POINT('',(49.116433824177,11.866726376639,7.));
#3928 = SURFACE_CURVE('',#3929,(#3933,#3940),.PCURVE_S1.);
#3929 = LINE('',#3930,#3931);
#3930 = CARTESIAN_POINT('',(49.416751977289,12.717627810458,7.));
#3931 = VECTOR('',#3932,1.);
#3932 = DIRECTION('',(-0.332820117735,-0.942990333583,0.));
#3933 = PCURVE('',#350,#3934);
#3934 = DEFINITIONAL_REPRESENTATION('',(#3935),#3939);
#3935 = LINE('',#3936,#3937);
#3936 = CARTESIAN_POINT('',(29.44848106159,6.259179687495));
#3937 = VECTOR('',#3938,1.);
#3938 = DIRECTION('',(-1.664224313913E-13,-1.));
#3939 = ( GEOMETRIC_REPRESENTATION_CONTEXT(2) 
PARAMETRIC_REPRESENTATION_CONTEXT() REPRESENTATION_CONTEXT('2D SPACE',''
  ) );
#3940 = PCURVE('',#3941,#3946);
#3941 = PLANE('',#3942);
#3942 = AXIS2_PLACEMENT_3D('',#3943,#3944,#3945);
#3943 = CARTESIAN_POINT('',(49.416751977289,12.717627810458,7.));
#3944 = DIRECTION('',(-0.942990333583,0.332820117735,0.));
#3945 = DIRECTION('',(-0.332820117735,-0.942990333583,0.));
#3946 = DEFINITIONAL_REPRESENTATION('',(#3947),#3951);
#3947 = LINE('',#3948,#3949);
#3948 = CARTESIAN_POINT('',(0.,0.));
#3949 = VECTOR('',#3950,1.);
#3950 = DIRECTION('',(1.,0.));
#3951 = ( GEOMETRIC_REPRESENTATION_CONTEXT(2) 
PARAMETRIC_REPRESENTATION_CONTEXT() REPRESENTATION_CONTEXT('2D SPACE',''
  ) );
#3952 = ORIENTED_EDGE('',*,*,#3953,.T.);
#3953 = EDGE_CURVE('',#3926,#3954,#3956,.T.);
#3954 = VERTEX_POINT('',#3955);
#3955 = CARTESIAN_POINT('',(50.261283026042,11.462661952451,7.));
#3956 = SURFACE_CURVE('',#3957,(#3961,#3968),.PCURVE_S1.);
#3957 = LINE('',#3958,#3959);
#3958 = CARTESIAN_POINT('',(49.116433824177,11.866726376639,7.));
#3959 = VECTOR('',#3960,1.);
#3960 = DIRECTION('',(0.942990333583,-0.332820117735,0.));
#3961 = PCURVE('',#350,#3962);
#3962 = DEFINITIONAL_REPRESENTATION('',(#3963),#3967);
#3963 = LINE('',#3964,#3965);
#3964 = CARTESIAN_POINT('',(29.44848106159,5.356835937495));
#3965 = VECTOR('',#3966,1.);
#3966 = DIRECTION('',(1.,-1.664224313913E-13));
#3967 = ( GEOMETRIC_REPRESENTATION_CONTEXT(2) 
PARAMETRIC_REPRESENTATION_CONTEXT() REPRESENTATION_CONTEXT('2D SPACE',''
  ) );
#3968 = PCURVE('',#3969,#3974);
#3969 = PLANE('',#3970);
#3970 = AXIS2_PLACEMENT_3D('',#3971,#3972,#3973);
#3971 = CARTESIAN_POINT('',(49.116433824177,11.866726376639,7.));
#3972 = DIRECTION('',(-0.332820117735,-0.942990333583,0.));
#3973 = DIRECTION('',(0.942990333583,-0.332820117735,0.));
#3974 = DEFINITIONAL_REPRESENTATION('',(#3975),#3979);
#3975 = LINE('',#3976,#3977);
#3976 = CARTESIAN_POINT('',(0.,0.));
#3977 = VECTOR('',#3978,1.);
#3978 = DIRECTION('',(1.,0.));
#3979 = ( GEOMETRIC_REPRESENTATION_CONTEXT(2) 
PARAMETRIC_REPRESENTATION_CONTEXT() REPRESENTATION_CONTEXT('2D SPACE',''
  ) );
#3980 = ORIENTED_EDGE('',*,*,#3981,.T.);
#3981 = EDGE_CURVE('',#3954,#3982,#3984,.T.);
#3982 = VERTEX_POINT('',#3983);
#3983 = CARTESIAN_POINT('',(50.145251012339,11.133904580294,7.));
#3984 = SURFACE_CURVE('',#3985,(#3989,#3996),.PCURVE_S1.);
#3985 = LINE('',#3986,#3987);
#3986 = CARTESIAN_POINT('',(50.261283026042,11.462661952451,7.));
#3987 = VECTOR('',#3988,1.);
#3988 = DIRECTION('',(-0.332820117735,-0.942990333583,0.));
#3989 = PCURVE('',#350,#3990);
#3990 = DEFINITIONAL_REPRESENTATION('',(#3991),#3995);
#3991 = LINE('',#3992,#3993);
#3992 = CARTESIAN_POINT('',(30.66254356159,5.356835937495));
#3993 = VECTOR('',#3994,1.);
#3994 = DIRECTION('',(-1.664224313913E-13,-1.));
#3995 = ( GEOMETRIC_REPRESENTATION_CONTEXT(2) 
PARAMETRIC_REPRESENTATION_CONTEXT() REPRESENTATION_CONTEXT('2D SPACE',''
  ) );
#3996 = PCURVE('',#3997,#4002);
#3997 = PLANE('',#3998);
#3998 = AXIS2_PLACEMENT_3D('',#3999,#4000,#4001);
#3999 = CARTESIAN_POINT('',(50.261283026042,11.462661952451,7.));
#4000 = DIRECTION('',(-0.942990333583,0.332820117735,0.));
#4001 = DIRECTION('',(-0.332820117735,-0.942990333583,0.));
#4002 = DEFINITIONAL_REPRESENTATION('',(#4003),#4007);
#4003 = LINE('',#4004,#4005);
#4004 = CARTESIAN_POINT('',(0.,0.));
#4005 = VECTOR('',#4006,1.);
#4006 = DIRECTION('',(1.,0.));
#4007 = ( GEOMETRIC_REPRESENTATION_CONTEXT(2) 
PARAMETRIC_REPRESENTATION_CONTEXT() REPRESENTATION_CONTEXT('2D SPACE',''
  ) );
#4008 = ORIENTED_EDGE('',*,*,#4009,.T.);
#4009 = EDGE_CURVE('',#3982,#4010,#4012,.T.);
#4010 = VERTEX_POINT('',#4011);
#4011 = CARTESIAN_POINT('',(49.000401810474,11.537969004482,7.));
#4012 = SURFACE_CURVE('',#4013,(#4017,#4024),.PCURVE_S1.);
#4013 = LINE('',#4014,#4015);
#4014 = CARTESIAN_POINT('',(50.145251012339,11.133904580294,7.));
#4015 = VECTOR('',#4016,1.);
#4016 = DIRECTION('',(-0.942990333583,0.332820117735,0.));
#4017 = PCURVE('',#350,#4018);
#4018 = DEFINITIONAL_REPRESENTATION('',(#4019),#4023);
#4019 = LINE('',#4020,#4021);
#4020 = CARTESIAN_POINT('',(30.66254356159,5.008203124995));
#4021 = VECTOR('',#4022,1.);
#4022 = DIRECTION('',(-1.,1.664224313913E-13));
#4023 = ( GEOMETRIC_REPRESENTATION_CONTEXT(2) 
PARAMETRIC_REPRESENTATION_CONTEXT() REPRESENTATION_CONTEXT('2D SPACE',''
  ) );
#4024 = PCURVE('',#4025,#4030);
#4025 = PLANE('',#4026);
#4026 = AXIS2_PLACEMENT_3D('',#4027,#4028,#4029);
#4027 = CARTESIAN_POINT('',(50.145251012339,11.133904580294,7.));
#4028 = DIRECTION('',(0.332820117735,0.942990333583,-0.));
#4029 = DIRECTION('',(-0.942990333583,0.332820117735,0.));
#4030 = DEFINITIONAL_REPRESENTATION('',(#4031),#4035);
#4031 = LINE('',#4032,#4033);
#4032 = CARTESIAN_POINT('',(0.,0.));
#4033 = VECTOR('',#4034,1.);
#4034 = DIRECTION('',(1.,0.));
#4035 = ( GEOMETRIC_REPRESENTATION_CONTEXT(2) 
PARAMETRIC_REPRESENTATION_CONTEXT() REPRESENTATION_CONTEXT('2D SPACE',''
  ) );
#4036 = ORIENTED_EDGE('',*,*,#4037,.T.);
#4037 = EDGE_CURVE('',#4010,#3784,#4038,.T.);
#4038 = SURFACE_CURVE('',#4039,(#4043,#4050),.PCURVE_S1.);
#4039 = LINE('',#4040,#4041);
#4040 = CARTESIAN_POINT('',(49.000401810474,11.537969004482,7.));
#4041 = VECTOR('',#4042,1.);
#4042 = DIRECTION('',(-0.332820117735,-0.942990333583,0.));
#4043 = PCURVE('',#350,#4044);
#4044 = DEFINITIONAL_REPRESENTATION('',(#4045),#4049);
#4045 = LINE('',#4046,#4047);
#4046 = CARTESIAN_POINT('',(29.44848106159,5.008203124995));
#4047 = VECTOR('',#4048,1.);
#4048 = DIRECTION('',(-1.664224313913E-13,-1.));
#4049 = ( GEOMETRIC_REPRESENTATION_CONTEXT(2) 
PARAMETRIC_REPRESENTATION_CONTEXT() REPRESENTATION_CONTEXT('2D SPACE',''
  ) );
#4050 = PCURVE('',#4051,#4056);
#4051 = PLANE('',#4052);
#4052 = AXIS2_PLACEMENT_3D('',#4053,#4054,#4055);
#4053 = CARTESIAN_POINT('',(49.000401810474,11.537969004482,7.));
#4054 = DIRECTION('',(-0.942990333583,0.332820117735,0.));
#4055 = DIRECTION('',(-0.332820117735,-0.942990333583,0.));
#4056 = DEFINITIONAL_REPRESENTATION('',(#4057),#4061);
#4057 = LINE('',#4058,#4059);
#4058 = CARTESIAN_POINT('',(0.,0.));
#4059 = VECTOR('',#4060,1.);
#4060 = DIRECTION('',(1.,0.));
#4061 = ( GEOMETRIC_REPRESENTATION_CONTEXT(2) 
PARAMETRIC_REPRESENTATION_CONTEXT() REPRESENTATION_CONTEXT('2D SPACE',''
  ) );
#4062 = FACE_BOUND('',#4063,.T.);
#4063 = EDGE_LOOP('',(#4064));
#4064 = ORIENTED_EDGE('',*,*,#4065,.F.);
#4065 = EDGE_CURVE('',#4066,#4066,#4068,.T.);
#4066 = VERTEX_POINT('',#4067);
#4067 = CARTESIAN_POINT('',(52.610590032891,12.01881932009,7.));
#4068 = SURFACE_CURVE('',#4069,(#4080,#4094),.PCURVE_S1.);
#4069 = B_SPLINE_CURVE_WITH_KNOTS('',2,(#4070,#4071,#4072,#4073,#4074,
    #4075,#4076,#4077,#4078,#4079),.UNSPECIFIED.,.T.,.F.,(3,1,1,1,1,1,1,
    1,3),(0.,1.,2.,3.,4.,4.996825396825,5.993650793651,6.993300058456,
    7.992949323261),.UNSPECIFIED.);
#4070 = CARTESIAN_POINT('',(52.610590032891,12.01881932009,7.));
#4071 = CARTESIAN_POINT('',(52.001421960952,12.233819816069,7.));
#4072 = CARTESIAN_POINT('',(50.985004272293,11.676979907172,7.));
#4073 = CARTESIAN_POINT('',(50.501765062284,10.307802145482,7.));
#4074 = CARTESIAN_POINT('',(50.944165553745,9.238259995647,7.));
#4075 = CARTESIAN_POINT('',(52.160567830727,8.808941544947,7.));
#4076 = CARTESIAN_POINT('',(53.175051652491,9.366463995101,7.));
#4077 = CARTESIAN_POINT('',(53.657608321242,10.733707889896,7.));
#4078 = CARTESIAN_POINT('',(53.217824237934,11.804501365369,7.));
#4079 = CARTESIAN_POINT('',(52.610590032891,12.01881932009,7.));
#4080 = PCURVE('',#350,#4081);
#4081 = DEFINITIONAL_REPRESENTATION('',(#4082),#4093);
#4082 = B_SPLINE_CURVE_WITH_KNOTS('',2,(#4083,#4084,#4085,#4086,#4087,
    #4088,#4089,#4090,#4091,#4092),.UNSPECIFIED.,.T.,.F.,(3,1,1,1,1,1,1,
    1,3),(0.,1.,2.,3.,4.,4.996825396825,5.993650793651,6.993300058456,
    7.992949323261),.UNSPECIFIED.);
#4083 = CARTESIAN_POINT('',(32.69281699909,6.663183593745));
#4084 = CARTESIAN_POINT('',(32.04682090534,6.663183593745));
#4085 = CARTESIAN_POINT('',(31.27367637409,5.799804687495));
#4086 = CARTESIAN_POINT('',(31.273676374089,4.347851562495));
#4087 = CARTESIAN_POINT('',(32.046820905339,3.486523437495));
#4088 = CARTESIAN_POINT('',(33.336762311589,3.486523437494));
#4089 = CARTESIAN_POINT('',(34.10785606159,4.349902343744));
#4090 = CARTESIAN_POINT('',(34.10785606159,5.799804687494));
#4091 = CARTESIAN_POINT('',(33.33676231159,6.663183593744));
#4092 = CARTESIAN_POINT('',(32.69281699909,6.663183593745));
#4093 = ( GEOMETRIC_REPRESENTATION_CONTEXT(2) 
PARAMETRIC_REPRESENTATION_CONTEXT() REPRESENTATION_CONTEXT('2D SPACE',''
  ) );
#4094 = PCURVE('',#4095,#4109);
#4095 = SURFACE_OF_LINEAR_EXTRUSION('',#4096,#4107);
#4096 = B_SPLINE_CURVE_WITH_KNOTS('',2,(#4097,#4098,#4099,#4100,#4101,
    #4102,#4103,#4104,#4105,#4106),.UNSPECIFIED.,.T.,.F.,(3,1,1,1,1,1,1,
    1,3),(0.,1.,2.,3.,4.,4.996825396825,5.993650793651,6.993300058456,
    7.992949323261),.UNSPECIFIED.);
#4097 = CARTESIAN_POINT('',(52.610590032891,12.01881932009,7.));
#4098 = CARTESIAN_POINT('',(52.001421960952,12.233819816069,7.));
#4099 = CARTESIAN_POINT('',(50.985004272293,11.676979907172,7.));
#4100 = CARTESIAN_POINT('',(50.501765062284,10.307802145482,7.));
#4101 = CARTESIAN_POINT('',(50.944165553745,9.238259995647,7.));
#4102 = CARTESIAN_POINT('',(52.160567830727,8.808941544947,7.));
#4103 = CARTESIAN_POINT('',(53.175051652491,9.366463995101,7.));
#4104 = CARTESIAN_POINT('',(53.657608321242,10.733707889896,7.));
#4105 = CARTESIAN_POINT('',(53.217824237934,11.804501365369,7.));
#4106 = CARTESIAN_POINT('',(52.610590032891,12.01881932009,7.));
#4107 = VECTOR('',#4108,1.);
#4108 = DIRECTION('',(0.,0.,1.));
#4109 = DEFINITIONAL_REPRESENTATION('',(#4110),#4114);
#4110 = LINE('',#4111,#4112);
#4111 = CARTESIAN_POINT('',(0.,0.));
#4112 = VECTOR('',#4113,1.);
#4113 = DIRECTION('',(1.,0.));
#4114 = ( GEOMETRIC_REPRESENTATION_CONTEXT(2) 
PARAMETRIC_REPRESENTATION_CONTEXT() REPRESENTATION_CONTEXT('2D SPACE',''
  ) );
#4115 = FACE_BOUND('',#4116,.T.);
#4116 = EDGE_LOOP('',(#4117,#4152,#4180,#4208,#4236,#4269,#4297,#4325,
    #4353,#4381,#4409));
#4117 = ORIENTED_EDGE('',*,*,#4118,.F.);
#4118 = EDGE_CURVE('',#4119,#4121,#4123,.T.);
#4119 = VERTEX_POINT('',#4120);
#4120 = CARTESIAN_POINT('',(55.649718736889,8.527848303909,7.));
#4121 = VERTEX_POINT('',#4122);
#4122 = CARTESIAN_POINT('',(55.365554060194,9.26317275153,7.));
#4123 = SURFACE_CURVE('',#4124,(#4129,#4137),.PCURVE_S1.);
#4124 = B_SPLINE_CURVE_WITH_KNOTS('',2,(#4125,#4126,#4127,#4128),
  .UNSPECIFIED.,.F.,.F.,(3,1,3),(0.,1.,2.),.UNSPECIFIED.);
#4125 = CARTESIAN_POINT('',(55.649718736889,8.527848303909,7.));
#4126 = CARTESIAN_POINT('',(55.615819187788,8.813833090623,7.));
#4127 = CARTESIAN_POINT('',(55.476239500716,9.176262498129,7.));
#4128 = CARTESIAN_POINT('',(55.365554060194,9.26317275153,7.));
#4129 = PCURVE('',#350,#4130);
#4130 = DEFINITIONAL_REPRESENTATION('',(#4131),#4136);
#4131 = B_SPLINE_CURVE_WITH_KNOTS('',2,(#4132,#4133,#4134,#4135),
  .UNSPECIFIED.,.F.,.F.,(3,1,3),(0.,1.,2.),.UNSPECIFIED.);
#4132 = CARTESIAN_POINT('',(36.720551374089,4.382714843744));
#4133 = CARTESIAN_POINT('',(36.59340293659,4.641113281244));
#4134 = CARTESIAN_POINT('',(36.34115684284,4.936425781244));
#4135 = CARTESIAN_POINT('',(36.20785606159,4.981542968744));
#4136 = ( GEOMETRIC_REPRESENTATION_CONTEXT(2) 
PARAMETRIC_REPRESENTATION_CONTEXT() REPRESENTATION_CONTEXT('2D SPACE',''
  ) );
#4137 = PCURVE('',#4138,#4146);
#4138 = SURFACE_OF_LINEAR_EXTRUSION('',#4139,#4144);
#4139 = B_SPLINE_CURVE_WITH_KNOTS('',2,(#4140,#4141,#4142,#4143),
  .UNSPECIFIED.,.F.,.F.,(3,1,3),(0.,1.,2.),.UNSPECIFIED.);
#4140 = CARTESIAN_POINT('',(55.649718736889,8.527848303909,7.));
#4141 = CARTESIAN_POINT('',(55.615819187788,8.813833090623,7.));
#4142 = CARTESIAN_POINT('',(55.476239500716,9.176262498129,7.));
#4143 = CARTESIAN_POINT('',(55.365554060194,9.26317275153,7.));
#4144 = VECTOR('',#4145,1.);
#4145 = DIRECTION('',(0.,0.,1.));
#4146 = DEFINITIONAL_REPRESENTATION('',(#4147),#4151);
#4147 = LINE('',#4148,#4149);
#4148 = CARTESIAN_POINT('',(0.,0.));
#4149 = VECTOR('',#4150,1.);
#4150 = DIRECTION('',(1.,0.));
#4151 = ( GEOMETRIC_REPRESENTATION_CONTEXT(2) 
PARAMETRIC_REPRESENTATION_CONTEXT() REPRESENTATION_CONTEXT('2D SPACE',''
  ) );
#4152 = ORIENTED_EDGE('',*,*,#4153,.T.);
#4153 = EDGE_CURVE('',#4119,#4154,#4156,.T.);
#4154 = VERTEX_POINT('',#4155);
#4155 = CARTESIAN_POINT('',(55.767684617487,7.598909653031,7.));
#4156 = SURFACE_CURVE('',#4157,(#4161,#4168),.PCURVE_S1.);
#4157 = LINE('',#4158,#4159);
#4158 = CARTESIAN_POINT('',(55.649718736889,8.527848303909,7.));
#4159 = VECTOR('',#4160,1.);
#4160 = DIRECTION('',(0.125978230162,-0.992033006268,0.));
#4161 = PCURVE('',#350,#4162);
#4162 = DEFINITIONAL_REPRESENTATION('',(#4163),#4167);
#4163 = LINE('',#4164,#4165);
#4164 = CARTESIAN_POINT('',(36.72055137409,4.382714843744));
#4165 = VECTOR('',#4166,1.);
#4166 = DIRECTION('',(0.448964795227,-0.893549446112));
#4167 = ( GEOMETRIC_REPRESENTATION_CONTEXT(2) 
PARAMETRIC_REPRESENTATION_CONTEXT() REPRESENTATION_CONTEXT('2D SPACE',''
  ) );
#4168 = PCURVE('',#4169,#4174);
#4169 = PLANE('',#4170);
#4170 = AXIS2_PLACEMENT_3D('',#4171,#4172,#4173);
#4171 = CARTESIAN_POINT('',(55.649718736889,8.527848303909,7.));
#4172 = DIRECTION('',(-0.992033006268,-0.125978230162,0.));
#4173 = DIRECTION('',(0.125978230162,-0.992033006268,0.));
#4174 = DEFINITIONAL_REPRESENTATION('',(#4175),#4179);
#4175 = LINE('',#4176,#4177);
#4176 = CARTESIAN_POINT('',(0.,0.));
#4177 = VECTOR('',#4178,1.);
#4178 = DIRECTION('',(1.,0.));
#4179 = ( GEOMETRIC_REPRESENTATION_CONTEXT(2) 
PARAMETRIC_REPRESENTATION_CONTEXT() REPRESENTATION_CONTEXT('2D SPACE',''
  ) );
#4180 = ORIENTED_EDGE('',*,*,#4181,.T.);
#4181 = EDGE_CURVE('',#4154,#4182,#4184,.T.);
#4182 = VERTEX_POINT('',#4183);
#4183 = CARTESIAN_POINT('',(55.348035501262,7.747021105816,7.));
#4184 = SURFACE_CURVE('',#4185,(#4189,#4196),.PCURVE_S1.);
#4185 = LINE('',#4186,#4187);
#4186 = CARTESIAN_POINT('',(55.767684617487,7.598909653031,7.));
#4187 = VECTOR('',#4188,1.);
#4188 = DIRECTION('',(-0.942990333583,0.332820117735,0.));
#4189 = PCURVE('',#350,#4190);
#4190 = DEFINITIONAL_REPRESENTATION('',(#4191),#4195);
#4191 = LINE('',#4192,#4193);
#4192 = CARTESIAN_POINT('',(37.140961530339,3.545996093744));
#4193 = VECTOR('',#4194,1.);
#4194 = DIRECTION('',(-1.,1.664224313913E-13));
#4195 = ( GEOMETRIC_REPRESENTATION_CONTEXT(2) 
PARAMETRIC_REPRESENTATION_CONTEXT() REPRESENTATION_CONTEXT('2D SPACE',''
  ) );
#4196 = PCURVE('',#4197,#4202);
#4197 = PLANE('',#4198);
#4198 = AXIS2_PLACEMENT_3D('',#4199,#4200,#4201);
#4199 = CARTESIAN_POINT('',(55.767684617487,7.598909653031,7.));
#4200 = DIRECTION('',(0.332820117735,0.942990333583,-0.));
#4201 = DIRECTION('',(-0.942990333583,0.332820117735,0.));
#4202 = DEFINITIONAL_REPRESENTATION('',(#4203),#4207);
#4203 = LINE('',#4204,#4205);
#4204 = CARTESIAN_POINT('',(0.,0.));
#4205 = VECTOR('',#4206,1.);
#4206 = DIRECTION('',(1.,0.));
#4207 = ( GEOMETRIC_REPRESENTATION_CONTEXT(2) 
PARAMETRIC_REPRESENTATION_CONTEXT() REPRESENTATION_CONTEXT('2D SPACE',''
  ) );
#4208 = ORIENTED_EDGE('',*,*,#4209,.T.);
#4209 = EDGE_CURVE('',#4182,#4210,#4212,.T.);
#4210 = VERTEX_POINT('',#4211);
#4211 = CARTESIAN_POINT('',(55.240080225768,8.618057506719,7.));
#4212 = SURFACE_CURVE('',#4213,(#4217,#4224),.PCURVE_S1.);
#4213 = LINE('',#4214,#4215);
#4214 = CARTESIAN_POINT('',(55.348035501262,7.747021105816,7.));
#4215 = VECTOR('',#4216,1.);
#4216 = DIRECTION('',(-0.122997804455,0.992406942791,0.));
#4217 = PCURVE('',#350,#4218);
#4218 = DEFINITIONAL_REPRESENTATION('',(#4219),#4223);
#4219 = LINE('',#4220,#4221);
#4220 = CARTESIAN_POINT('',(36.695941999089,3.545996093744));
#4221 = VECTOR('',#4222,1.);
#4222 = DIRECTION('',(-0.446278736193,0.894894010273));
#4223 = ( GEOMETRIC_REPRESENTATION_CONTEXT(2) 
PARAMETRIC_REPRESENTATION_CONTEXT() REPRESENTATION_CONTEXT('2D SPACE',''
  ) );
#4224 = PCURVE('',#4225,#4230);
#4225 = PLANE('',#4226);
#4226 = AXIS2_PLACEMENT_3D('',#4227,#4228,#4229);
#4227 = CARTESIAN_POINT('',(55.348035501262,7.747021105816,7.));
#4228 = DIRECTION('',(0.992406942791,0.122997804455,-0.));
#4229 = DIRECTION('',(-0.122997804455,0.992406942791,0.));
#4230 = DEFINITIONAL_REPRESENTATION('',(#4231),#4235);
#4231 = LINE('',#4232,#4233);
#4232 = CARTESIAN_POINT('',(0.,0.));
#4233 = VECTOR('',#4234,1.);
#4234 = DIRECTION('',(1.,0.));
#4235 = ( GEOMETRIC_REPRESENTATION_CONTEXT(2) 
PARAMETRIC_REPRESENTATION_CONTEXT() REPRESENTATION_CONTEXT('2D SPACE',''
  ) );
#4236 = ORIENTED_EDGE('',*,*,#4237,.F.);
#4237 = EDGE_CURVE('',#4238,#4210,#4240,.T.);
#4238 = VERTEX_POINT('',#4239);
#4239 = CARTESIAN_POINT('',(54.765372781473,9.324942735295,7.));
#4240 = SURFACE_CURVE('',#4241,(#4246,#4254),.PCURVE_S1.);
#4241 = B_SPLINE_CURVE_WITH_KNOTS('',2,(#4242,#4243,#4244,#4245),
  .UNSPECIFIED.,.F.,.F.,(3,1,3),(0.,1.,2.),.UNSPECIFIED.);
#4242 = CARTESIAN_POINT('',(54.765372781473,9.324942735295,7.));
#4243 = CARTESIAN_POINT('',(54.997436808879,9.243037784447,7.));
#4244 = CARTESIAN_POINT('',(55.199355264096,8.958645593999,7.));
#4245 = CARTESIAN_POINT('',(55.240080225768,8.618057506719,7.));
#4246 = PCURVE('',#350,#4247);
#4247 = DEFINITIONAL_REPRESENTATION('',(#4248),#4253);
#4248 = B_SPLINE_CURVE_WITH_KNOTS('',2,(#4249,#4250,#4251,#4252),
  .UNSPECIFIED.,.F.,.F.,(3,1,3),(0.,1.,2.),.UNSPECIFIED.);
#4249 = CARTESIAN_POINT('',(35.62133262409,4.840039062494));
#4250 = CARTESIAN_POINT('',(35.86742637409,4.840039062494));
#4251 = CARTESIAN_POINT('',(36.15248496784,4.639062499994));
#4252 = CARTESIAN_POINT('',(36.304242780339,4.331445312494));
#4253 = ( GEOMETRIC_REPRESENTATION_CONTEXT(2) 
PARAMETRIC_REPRESENTATION_CONTEXT() REPRESENTATION_CONTEXT('2D SPACE',''
  ) );
#4254 = PCURVE('',#4255,#4263);
#4255 = SURFACE_OF_LINEAR_EXTRUSION('',#4256,#4261);
#4256 = B_SPLINE_CURVE_WITH_KNOTS('',2,(#4257,#4258,#4259,#4260),
  .UNSPECIFIED.,.F.,.F.,(3,1,3),(0.,1.,2.),.UNSPECIFIED.);
#4257 = CARTESIAN_POINT('',(54.765372781473,9.324942735295,7.));
#4258 = CARTESIAN_POINT('',(54.997436808879,9.243037784447,7.));
#4259 = CARTESIAN_POINT('',(55.199355264096,8.958645593999,7.));
#4260 = CARTESIAN_POINT('',(55.240080225768,8.618057506719,7.));
#4261 = VECTOR('',#4262,1.);
#4262 = DIRECTION('',(0.,0.,1.));
#4263 = DEFINITIONAL_REPRESENTATION('',(#4264),#4268);
#4264 = LINE('',#4265,#4266);
#4265 = CARTESIAN_POINT('',(0.,0.));
#4266 = VECTOR('',#4267,1.);
#4267 = DIRECTION('',(1.,0.));
#4268 = ( GEOMETRIC_REPRESENTATION_CONTEXT(2) 
PARAMETRIC_REPRESENTATION_CONTEXT() REPRESENTATION_CONTEXT('2D SPACE',''
  ) );
#4269 = ORIENTED_EDGE('',*,*,#4270,.T.);
#4270 = EDGE_CURVE('',#4238,#4271,#4273,.T.);
#4271 = VERTEX_POINT('',#4272);
#4272 = CARTESIAN_POINT('',(54.339922064564,9.475101811852,7.));
#4273 = SURFACE_CURVE('',#4274,(#4278,#4285),.PCURVE_S1.);
#4274 = LINE('',#4275,#4276);
#4275 = CARTESIAN_POINT('',(54.765372781473,9.324942735295,7.));
#4276 = VECTOR('',#4277,1.);
#4277 = DIRECTION('',(-0.942990333583,0.332820117735,0.));
#4278 = PCURVE('',#350,#4279);
#4279 = DEFINITIONAL_REPRESENTATION('',(#4280),#4284);
#4280 = LINE('',#4281,#4282);
#4281 = CARTESIAN_POINT('',(35.62133262409,4.840039062494));
#4282 = VECTOR('',#4283,1.);
#4283 = DIRECTION('',(-1.,1.664224313913E-13));
#4284 = ( GEOMETRIC_REPRESENTATION_CONTEXT(2) 
PARAMETRIC_REPRESENTATION_CONTEXT() REPRESENTATION_CONTEXT('2D SPACE',''
  ) );
#4285 = PCURVE('',#4286,#4291);
#4286 = PLANE('',#4287);
#4287 = AXIS2_PLACEMENT_3D('',#4288,#4289,#4290);
#4288 = CARTESIAN_POINT('',(54.765372781473,9.324942735295,7.));
#4289 = DIRECTION('',(0.332820117735,0.942990333583,-0.));
#4290 = DIRECTION('',(-0.942990333583,0.332820117735,0.));
#4291 = DEFINITIONAL_REPRESENTATION('',(#4292),#4296);
#4292 = LINE('',#4293,#4294);
#4293 = CARTESIAN_POINT('',(0.,0.));
#4294 = VECTOR('',#4295,1.);
#4295 = DIRECTION('',(1.,0.));
#4296 = ( GEOMETRIC_REPRESENTATION_CONTEXT(2) 
PARAMETRIC_REPRESENTATION_CONTEXT() REPRESENTATION_CONTEXT('2D SPACE',''
  ) );
#4297 = ORIENTED_EDGE('',*,*,#4298,.T.);
#4298 = EDGE_CURVE('',#4271,#4299,#4301,.T.);
#4299 = VERTEX_POINT('',#4300);
#4300 = CARTESIAN_POINT('',(53.90923853135,8.25483180108,7.));
#4301 = SURFACE_CURVE('',#4302,(#4306,#4313),.PCURVE_S1.);
#4302 = LINE('',#4303,#4304);
#4303 = CARTESIAN_POINT('',(54.339922064564,9.475101811852,7.));
#4304 = VECTOR('',#4305,1.);
#4305 = DIRECTION('',(-0.332820117735,-0.942990333583,0.));
#4306 = PCURVE('',#350,#4307);
#4307 = DEFINITIONAL_REPRESENTATION('',(#4308),#4312);
#4308 = LINE('',#4309,#4310);
#4309 = CARTESIAN_POINT('',(35.17016074909,4.840039062494));
#4310 = VECTOR('',#4311,1.);
#4311 = DIRECTION('',(-1.664224313913E-13,-1.));
#4312 = ( GEOMETRIC_REPRESENTATION_CONTEXT(2) 
PARAMETRIC_REPRESENTATION_CONTEXT() REPRESENTATION_CONTEXT('2D SPACE',''
  ) );
#4313 = PCURVE('',#4314,#4319);
#4314 = PLANE('',#4315);
#4315 = AXIS2_PLACEMENT_3D('',#4316,#4317,#4318);
#4316 = CARTESIAN_POINT('',(54.339922064564,9.475101811852,7.));
#4317 = DIRECTION('',(-0.942990333583,0.332820117735,0.));
#4318 = DIRECTION('',(-0.332820117735,-0.942990333583,0.));
#4319 = DEFINITIONAL_REPRESENTATION('',(#4320),#4324);
#4320 = LINE('',#4321,#4322);
#4321 = CARTESIAN_POINT('',(0.,0.));
#4322 = VECTOR('',#4323,1.);
#4323 = DIRECTION('',(1.,0.));
#4324 = ( GEOMETRIC_REPRESENTATION_CONTEXT(2) 
PARAMETRIC_REPRESENTATION_CONTEXT() REPRESENTATION_CONTEXT('2D SPACE',''
  ) );
#4325 = ORIENTED_EDGE('',*,*,#4326,.T.);
#4326 = EDGE_CURVE('',#4299,#4327,#4329,.T.);
#4327 = VERTEX_POINT('',#4328);
#4328 = CARTESIAN_POINT('',(53.518597418552,8.392705135008,7.));
#4329 = SURFACE_CURVE('',#4330,(#4334,#4341),.PCURVE_S1.);
#4330 = LINE('',#4331,#4332);
#4331 = CARTESIAN_POINT('',(53.90923853135,8.25483180108,7.));
#4332 = VECTOR('',#4333,1.);
#4333 = DIRECTION('',(-0.942990333583,0.332820117735,0.));
#4334 = PCURVE('',#350,#4335);
#4335 = DEFINITIONAL_REPRESENTATION('',(#4336),#4340);
#4336 = LINE('',#4337,#4338);
#4337 = CARTESIAN_POINT('',(35.170160749089,3.545996093744));
#4338 = VECTOR('',#4339,1.);
#4339 = DIRECTION('',(-1.,1.664224313913E-13));
#4340 = ( GEOMETRIC_REPRESENTATION_CONTEXT(2) 
PARAMETRIC_REPRESENTATION_CONTEXT() REPRESENTATION_CONTEXT('2D SPACE',''
  ) );
#4341 = PCURVE('',#4342,#4347);
#4342 = PLANE('',#4343);
#4343 = AXIS2_PLACEMENT_3D('',#4344,#4345,#4346);
#4344 = CARTESIAN_POINT('',(53.90923853135,8.25483180108,7.));
#4345 = DIRECTION('',(0.332820117735,0.942990333583,-0.));
#4346 = DIRECTION('',(-0.942990333583,0.332820117735,0.));
#4347 = DEFINITIONAL_REPRESENTATION('',(#4348),#4352);
#4348 = LINE('',#4349,#4350);
#4349 = CARTESIAN_POINT('',(0.,0.));
#4350 = VECTOR('',#4351,1.);
#4351 = DIRECTION('',(1.,0.));
#4352 = ( GEOMETRIC_REPRESENTATION_CONTEXT(2) 
PARAMETRIC_REPRESENTATION_CONTEXT() REPRESENTATION_CONTEXT('2D SPACE',''
  ) );
#4353 = ORIENTED_EDGE('',*,*,#4354,.T.);
#4354 = EDGE_CURVE('',#4327,#4355,#4357,.T.);
#4355 = VERTEX_POINT('',#4356);
#4356 = CARTESIAN_POINT('',(54.537631515363,11.279968409308,7.));
#4357 = SURFACE_CURVE('',#4358,(#4362,#4369),.PCURVE_S1.);
#4358 = LINE('',#4359,#4360);
#4359 = CARTESIAN_POINT('',(53.518597418552,8.392705135008,7.));
#4360 = VECTOR('',#4361,1.);
#4361 = DIRECTION('',(0.332820117735,0.942990333583,0.));
#4362 = PCURVE('',#350,#4363);
#4363 = DEFINITIONAL_REPRESENTATION('',(#4364),#4368);
#4364 = LINE('',#4365,#4366);
#4365 = CARTESIAN_POINT('',(34.755902936589,3.545996093744));
#4366 = VECTOR('',#4367,1.);
#4367 = DIRECTION('',(1.664224313913E-13,1.));
#4368 = ( GEOMETRIC_REPRESENTATION_CONTEXT(2) 
PARAMETRIC_REPRESENTATION_CONTEXT() REPRESENTATION_CONTEXT('2D SPACE',''
  ) );
#4369 = PCURVE('',#4370,#4375);
#4370 = PLANE('',#4371);
#4371 = AXIS2_PLACEMENT_3D('',#4372,#4373,#4374);
#4372 = CARTESIAN_POINT('',(53.518597418552,8.392705135008,7.));
#4373 = DIRECTION('',(0.942990333583,-0.332820117735,0.));
#4374 = DIRECTION('',(0.332820117735,0.942990333583,0.));
#4375 = DEFINITIONAL_REPRESENTATION('',(#4376),#4380);
#4376 = LINE('',#4377,#4378);
#4377 = CARTESIAN_POINT('',(0.,0.));
#4378 = VECTOR('',#4379,1.);
#4379 = DIRECTION('',(1.,0.));
#4380 = ( GEOMETRIC_REPRESENTATION_CONTEXT(2) 
PARAMETRIC_REPRESENTATION_CONTEXT() REPRESENTATION_CONTEXT('2D SPACE',''
  ) );
#4381 = ORIENTED_EDGE('',*,*,#4382,.T.);
#4382 = EDGE_CURVE('',#4355,#4383,#4385,.T.);
#4383 = VERTEX_POINT('',#4384);
#4384 = CARTESIAN_POINT('',(55.419474819503,10.968729596082,7.));
#4385 = SURFACE_CURVE('',#4386,(#4390,#4397),.PCURVE_S1.);
#4386 = LINE('',#4387,#4388);
#4387 = CARTESIAN_POINT('',(54.537631515363,11.279968409308,7.));
#4388 = VECTOR('',#4389,1.);
#4389 = DIRECTION('',(0.942990333583,-0.332820117735,0.));
#4390 = PCURVE('',#350,#4391);
#4391 = DEFINITIONAL_REPRESENTATION('',(#4392),#4396);
#4392 = LINE('',#4393,#4394);
#4393 = CARTESIAN_POINT('',(34.75590293659,6.607812499994));
#4394 = VECTOR('',#4395,1.);
#4395 = DIRECTION('',(1.,-1.664224313913E-13));
#4396 = ( GEOMETRIC_REPRESENTATION_CONTEXT(2) 
PARAMETRIC_REPRESENTATION_CONTEXT() REPRESENTATION_CONTEXT('2D SPACE',''
  ) );
#4397 = PCURVE('',#4398,#4403);
#4398 = PLANE('',#4399);
#4399 = AXIS2_PLACEMENT_3D('',#4400,#4401,#4402);
#4400 = CARTESIAN_POINT('',(54.537631515363,11.279968409308,7.));
#4401 = DIRECTION('',(-0.332820117735,-0.942990333583,0.));
#4402 = DIRECTION('',(0.942990333583,-0.332820117735,0.));
#4403 = DEFINITIONAL_REPRESENTATION('',(#4404),#4408);
#4404 = LINE('',#4405,#4406);
#4405 = CARTESIAN_POINT('',(0.,0.));
#4406 = VECTOR('',#4407,1.);
#4407 = DIRECTION('',(1.,0.));
#4408 = ( GEOMETRIC_REPRESENTATION_CONTEXT(2) 
PARAMETRIC_REPRESENTATION_CONTEXT() REPRESENTATION_CONTEXT('2D SPACE',''
  ) );
#4409 = ORIENTED_EDGE('',*,*,#4410,.F.);
#4410 = EDGE_CURVE('',#4121,#4383,#4411,.T.);
#4411 = SURFACE_CURVE('',#4412,(#4419,#4429),.PCURVE_S1.);
#4412 = B_SPLINE_CURVE_WITH_KNOTS('',2,(#4413,#4414,#4415,#4416,#4417,
    #4418),.UNSPECIFIED.,.F.,.F.,(3,1,1,1,3),(0.,1.,2.,3.531914893617,
    5.063829787234),.UNSPECIFIED.);
#4413 = CARTESIAN_POINT('',(55.365554060194,9.26317275153,7.));
#4414 = CARTESIAN_POINT('',(55.631858907329,9.247474302617,7.));
#4415 = CARTESIAN_POINT('',(56.012148144395,9.517760640419,7.));
#4416 = CARTESIAN_POINT('',(56.255815373171,10.208151121949,7.));
#4417 = CARTESIAN_POINT('',(55.914544744634,10.793999034271,7.));
#4418 = CARTESIAN_POINT('',(55.419474819503,10.968729596082,7.));
#4419 = PCURVE('',#350,#4420);
#4420 = DEFINITIONAL_REPRESENTATION('',(#4421),#4428);
#4421 = B_SPLINE_CURVE_WITH_KNOTS('',2,(#4422,#4423,#4424,#4425,#4426,
    #4427),.UNSPECIFIED.,.F.,.F.,(3,1,1,1,3),(0.,1.,2.,3.531914893617,
    5.063829787234),.UNSPECIFIED.);
#4422 = CARTESIAN_POINT('',(36.20785606159,4.981542968744));
#4423 = CARTESIAN_POINT('',(36.46420371784,5.055371093744));
#4424 = CARTESIAN_POINT('',(36.73285606159,5.436816406244));
#4425 = CARTESIAN_POINT('',(36.73285606159,6.168945312494));
#4426 = CARTESIAN_POINT('',(36.21605918659,6.607812499994));
#4427 = CARTESIAN_POINT('',(35.69105918659,6.607812499994));
#4428 = ( GEOMETRIC_REPRESENTATION_CONTEXT(2) 
PARAMETRIC_REPRESENTATION_CONTEXT() REPRESENTATION_CONTEXT('2D SPACE',''
  ) );
#4429 = PCURVE('',#4430,#4440);
#4430 = SURFACE_OF_LINEAR_EXTRUSION('',#4431,#4438);
#4431 = B_SPLINE_CURVE_WITH_KNOTS('',2,(#4432,#4433,#4434,#4435,#4436,
    #4437),.UNSPECIFIED.,.F.,.F.,(3,1,1,1,3),(0.,1.,2.,3.531914893617,
    5.063829787234),.UNSPECIFIED.);
#4432 = CARTESIAN_POINT('',(55.365554060194,9.26317275153,7.));
#4433 = CARTESIAN_POINT('',(55.631858907329,9.247474302617,7.));
#4434 = CARTESIAN_POINT('',(56.012148144395,9.517760640419,7.));
#4435 = CARTESIAN_POINT('',(56.255815373171,10.208151121949,7.));
#4436 = CARTESIAN_POINT('',(55.914544744634,10.793999034271,7.));
#4437 = CARTESIAN_POINT('',(55.419474819503,10.968729596082,7.));
#4438 = VECTOR('',#4439,1.);
#4439 = DIRECTION('',(0.,0.,1.));
#4440 = DEFINITIONAL_REPRESENTATION('',(#4441),#4445);
#4441 = LINE('',#4442,#4443);
#4442 = CARTESIAN_POINT('',(0.,0.));
#4443 = VECTOR('',#4444,1.);
#4444 = DIRECTION('',(1.,0.));
#4445 = ( GEOMETRIC_REPRESENTATION_CONTEXT(2) 
PARAMETRIC_REPRESENTATION_CONTEXT() REPRESENTATION_CONTEXT('2D SPACE',''
  ) );
#4446 = FACE_BOUND('',#4447,.T.);
#4447 = EDGE_LOOP('',(#4448,#4489,#4517,#4545,#4573,#4612,#4640,#4668));
#4448 = ORIENTED_EDGE('',*,*,#4449,.F.);
#4449 = EDGE_CURVE('',#4450,#4452,#4454,.T.);
#4450 = VERTEX_POINT('',#4451);
#4451 = CARTESIAN_POINT('',(57.867864065503,8.077712344869,7.));
#4452 = VERTEX_POINT('',#4453);
#4453 = CARTESIAN_POINT('',(60.078273926538,7.297567688033,7.));
#4454 = SURFACE_CURVE('',#4455,(#4462,#4472),.PCURVE_S1.);
#4455 = B_SPLINE_CURVE_WITH_KNOTS('',2,(#4456,#4457,#4458,#4459,#4460,
    #4461),.UNSPECIFIED.,.F.,.F.,(3,1,1,1,3),(0.,1.,2.,2.996466431095,
    3.992932862191),.UNSPECIFIED.);
#4456 = CARTESIAN_POINT('',(57.867864065503,8.077712344869,7.));
#4457 = CARTESIAN_POINT('',(57.668562018438,7.513023211516,7.));
#4458 = CARTESIAN_POINT('',(58.024052256497,6.739476453499,7.));
#4459 = CARTESIAN_POINT('',(59.116687052196,6.353840643252,7.));
#4460 = CARTESIAN_POINT('',(59.878971879472,6.732878554681,7.));
#4461 = CARTESIAN_POINT('',(60.078273926538,7.297567688033,7.));
#4462 = PCURVE('',#350,#4463);
#4463 = DEFINITIONAL_REPRESENTATION('',(#4464),#4471);
#4464 = B_SPLINE_CURVE_WITH_KNOTS('',2,(#4465,#4466,#4467,#4468,#4469,
    #4470),.UNSPECIFIED.,.F.,.F.,(3,1,1,1,3),(0.,1.,2.,2.996466431095,
    3.992932862191),.UNSPECIFIED.);
#4465 = CARTESIAN_POINT('',(38.96205528034,4.696484374994));
#4466 = CARTESIAN_POINT('',(38.962055280339,4.097656249994));
#4467 = CARTESIAN_POINT('',(39.554731061589,3.486523437493));
#4468 = CARTESIAN_POINT('',(40.713422467839,3.486523437493));
#4469 = CARTESIAN_POINT('',(41.306098249089,4.097656249993));
#4470 = CARTESIAN_POINT('',(41.30609824909,4.696484374993));
#4471 = ( GEOMETRIC_REPRESENTATION_CONTEXT(2) 
PARAMETRIC_REPRESENTATION_CONTEXT() REPRESENTATION_CONTEXT('2D SPACE',''
  ) );
#4472 = PCURVE('',#4473,#4483);
#4473 = SURFACE_OF_LINEAR_EXTRUSION('',#4474,#4481);
#4474 = B_SPLINE_CURVE_WITH_KNOTS('',2,(#4475,#4476,#4477,#4478,#4479,
    #4480),.UNSPECIFIED.,.F.,.F.,(3,1,1,1,3),(0.,1.,2.,2.996466431095,
    3.992932862191),.UNSPECIFIED.);
#4475 = CARTESIAN_POINT('',(57.867864065503,8.077712344869,7.));
#4476 = CARTESIAN_POINT('',(57.668562018438,7.513023211516,7.));
#4477 = CARTESIAN_POINT('',(58.024052256497,6.739476453499,7.));
#4478 = CARTESIAN_POINT('',(59.116687052196,6.353840643252,7.));
#4479 = CARTESIAN_POINT('',(59.878971879472,6.732878554681,7.));
#4480 = CARTESIAN_POINT('',(60.078273926538,7.297567688033,7.));
#4481 = VECTOR('',#4482,1.);
#4482 = DIRECTION('',(0.,0.,1.));
#4483 = DEFINITIONAL_REPRESENTATION('',(#4484),#4488);
#4484 = LINE('',#4485,#4486);
#4485 = CARTESIAN_POINT('',(0.,0.));
#4486 = VECTOR('',#4487,1.);
#4487 = DIRECTION('',(1.,0.));
#4488 = ( GEOMETRIC_REPRESENTATION_CONTEXT(2) 
PARAMETRIC_REPRESENTATION_CONTEXT() REPRESENTATION_CONTEXT('2D SPACE',''
  ) );
#4489 = ORIENTED_EDGE('',*,*,#4490,.T.);
#4490 = EDGE_CURVE('',#4450,#4491,#4493,.T.);
#4491 = VERTEX_POINT('',#4492);
#4492 = CARTESIAN_POINT('',(58.503992517096,9.880076291049,7.));
#4493 = SURFACE_CURVE('',#4494,(#4498,#4505),.PCURVE_S1.);
#4494 = LINE('',#4495,#4496);
#4495 = CARTESIAN_POINT('',(57.867864065503,8.077712344869,7.));
#4496 = VECTOR('',#4497,1.);
#4497 = DIRECTION('',(0.332820117735,0.942990333583,0.));
#4498 = PCURVE('',#350,#4499);
#4499 = DEFINITIONAL_REPRESENTATION('',(#4500),#4504);
#4500 = LINE('',#4501,#4502);
#4501 = CARTESIAN_POINT('',(38.96205528034,4.696484374994));
#4502 = VECTOR('',#4503,1.);
#4503 = DIRECTION('',(1.664224313913E-13,1.));
#4504 = ( GEOMETRIC_REPRESENTATION_CONTEXT(2) 
PARAMETRIC_REPRESENTATION_CONTEXT() REPRESENTATION_CONTEXT('2D SPACE',''
  ) );
#4505 = PCURVE('',#4506,#4511);
#4506 = PLANE('',#4507);
#4507 = AXIS2_PLACEMENT_3D('',#4508,#4509,#4510);
#4508 = CARTESIAN_POINT('',(57.867864065503,8.077712344869,7.));
#4509 = DIRECTION('',(0.942990333583,-0.332820117735,0.));
#4510 = DIRECTION('',(0.332820117735,0.942990333583,0.));
#4511 = DEFINITIONAL_REPRESENTATION('',(#4512),#4516);
#4512 = LINE('',#4513,#4514);
#4513 = CARTESIAN_POINT('',(0.,0.));
#4514 = VECTOR('',#4515,1.);
#4515 = DIRECTION('',(1.,0.));
#4516 = ( GEOMETRIC_REPRESENTATION_CONTEXT(2) 
PARAMETRIC_REPRESENTATION_CONTEXT() REPRESENTATION_CONTEXT('2D SPACE',''
  ) );
#4517 = ORIENTED_EDGE('',*,*,#4518,.T.);
#4518 = EDGE_CURVE('',#4491,#4519,#4521,.T.);
#4519 = VERTEX_POINT('',#4520);
#4520 = CARTESIAN_POINT('',(58.89656749679,9.741520415863,7.));
#4521 = SURFACE_CURVE('',#4522,(#4526,#4533),.PCURVE_S1.);
#4522 = LINE('',#4523,#4524);
#4523 = CARTESIAN_POINT('',(58.503992517096,9.880076291049,7.));
#4524 = VECTOR('',#4525,1.);
#4525 = DIRECTION('',(0.942990333583,-0.332820117735,0.));
#4526 = PCURVE('',#350,#4527);
#4527 = DEFINITIONAL_REPRESENTATION('',(#4528),#4532);
#4528 = LINE('',#4529,#4530);
#4529 = CARTESIAN_POINT('',(38.96205528034,6.607812499994));
#4530 = VECTOR('',#4531,1.);
#4531 = DIRECTION('',(1.,-1.664224313913E-13));
#4532 = ( GEOMETRIC_REPRESENTATION_CONTEXT(2) 
PARAMETRIC_REPRESENTATION_CONTEXT() REPRESENTATION_CONTEXT('2D SPACE',''
  ) );
#4533 = PCURVE('',#4534,#4539);
#4534 = PLANE('',#4535);
#4535 = AXIS2_PLACEMENT_3D('',#4536,#4537,#4538);
#4536 = CARTESIAN_POINT('',(58.503992517096,9.880076291049,7.));
#4537 = DIRECTION('',(-0.332820117735,-0.942990333583,0.));
#4538 = DIRECTION('',(0.942990333583,-0.332820117735,0.));
#4539 = DEFINITIONAL_REPRESENTATION('',(#4540),#4544);
#4540 = LINE('',#4541,#4542);
#4541 = CARTESIAN_POINT('',(0.,0.));
#4542 = VECTOR('',#4543,1.);
#4543 = DIRECTION('',(1.,0.));
#4544 = ( GEOMETRIC_REPRESENTATION_CONTEXT(2) 
PARAMETRIC_REPRESENTATION_CONTEXT() REPRESENTATION_CONTEXT('2D SPACE',''
  ) );
#4545 = ORIENTED_EDGE('',*,*,#4546,.T.);
#4546 = EDGE_CURVE('',#4519,#4547,#4549,.T.);
#4547 = VERTEX_POINT('',#4548);
#4548 = CARTESIAN_POINT('',(58.277502576624,7.987503142059,7.));
#4549 = SURFACE_CURVE('',#4550,(#4554,#4561),.PCURVE_S1.);
#4550 = LINE('',#4551,#4552);
#4551 = CARTESIAN_POINT('',(58.89656749679,9.741520415863,7.));
#4552 = VECTOR('',#4553,1.);
#4553 = DIRECTION('',(-0.332820117735,-0.942990333583,0.));
#4554 = PCURVE('',#350,#4555);
#4555 = DEFINITIONAL_REPRESENTATION('',(#4556),#4560);
#4556 = LINE('',#4557,#4558);
#4557 = CARTESIAN_POINT('',(39.37836387409,6.607812499993));
#4558 = VECTOR('',#4559,1.);
#4559 = DIRECTION('',(-1.664224313913E-13,-1.));
#4560 = ( GEOMETRIC_REPRESENTATION_CONTEXT(2) 
PARAMETRIC_REPRESENTATION_CONTEXT() REPRESENTATION_CONTEXT('2D SPACE',''
  ) );
#4561 = PCURVE('',#4562,#4567);
#4562 = PLANE('',#4563);
#4563 = AXIS2_PLACEMENT_3D('',#4564,#4565,#4566);
#4564 = CARTESIAN_POINT('',(58.89656749679,9.741520415863,7.));
#4565 = DIRECTION('',(-0.942990333583,0.332820117735,0.));
#4566 = DIRECTION('',(-0.332820117735,-0.942990333583,0.));
#4567 = DEFINITIONAL_REPRESENTATION('',(#4568),#4572);
#4568 = LINE('',#4569,#4570);
#4569 = CARTESIAN_POINT('',(0.,0.));
#4570 = VECTOR('',#4571,1.);
#4571 = DIRECTION('',(1.,0.));
#4572 = ( GEOMETRIC_REPRESENTATION_CONTEXT(2) 
PARAMETRIC_REPRESENTATION_CONTEXT() REPRESENTATION_CONTEXT('2D SPACE',''
  ) );
#4573 = ORIENTED_EDGE('',*,*,#4574,.F.);
#4574 = EDGE_CURVE('',#4575,#4547,#4577,.T.);
#4575 = VERTEX_POINT('',#4576);
#4576 = CARTESIAN_POINT('',(59.702762478271,7.484470235595,7.));
#4577 = SURFACE_CURVE('',#4578,(#4585,#4595),.PCURVE_S1.);
#4578 = B_SPLINE_CURVE_WITH_KNOTS('',2,(#4579,#4580,#4581,#4582,#4583,
    #4584),.UNSPECIFIED.,.F.,.F.,(3,1,1,1,3),(0.,1.,2.,3.005154639175,
    4.010309278351),.UNSPECIFIED.);
#4579 = CARTESIAN_POINT('',(59.702762478271,7.484470235595,7.));
#4580 = CARTESIAN_POINT('',(59.538952576573,7.020342180785,7.));
#4581 = CARTESIAN_POINT('',(59.058443531593,6.731058444662,7.));
#4582 = CARTESIAN_POINT('',(58.306169309421,6.996566993664,7.));
#4583 = CARTESIAN_POINT('',(58.113692674926,7.523375087249,7.));
#4584 = CARTESIAN_POINT('',(58.277502576624,7.987503142059,7.));
#4585 = PCURVE('',#350,#4586);
#4586 = DEFINITIONAL_REPRESENTATION('',(#4587),#4594);
#4587 = B_SPLINE_CURVE_WITH_KNOTS('',2,(#4588,#4589,#4590,#4591,#4592,
    #4593),.UNSPECIFIED.,.F.,.F.,(3,1,1,1,3),(0.,1.,2.,3.005154639175,
    4.010309278351),.UNSPECIFIED.);
#4588 = CARTESIAN_POINT('',(40.88978965534,4.747753906243));
#4589 = CARTESIAN_POINT('',(40.889789655339,4.255566406243));
#4590 = CARTESIAN_POINT('',(40.532953717839,3.822851562493));
#4591 = CARTESIAN_POINT('',(39.735199811589,3.822851562493));
#4592 = CARTESIAN_POINT('',(39.378363874089,4.255566406243));
#4593 = CARTESIAN_POINT('',(39.37836387409,4.747753906243));
#4594 = ( GEOMETRIC_REPRESENTATION_CONTEXT(2) 
PARAMETRIC_REPRESENTATION_CONTEXT() REPRESENTATION_CONTEXT('2D SPACE',''
  ) );
#4595 = PCURVE('',#4596,#4606);
#4596 = SURFACE_OF_LINEAR_EXTRUSION('',#4597,#4604);
#4597 = B_SPLINE_CURVE_WITH_KNOTS('',2,(#4598,#4599,#4600,#4601,#4602,
    #4603),.UNSPECIFIED.,.F.,.F.,(3,1,1,1,3),(0.,1.,2.,3.005154639175,
    4.010309278351),.UNSPECIFIED.);
#4598 = CARTESIAN_POINT('',(59.702762478271,7.484470235595,7.));
#4599 = CARTESIAN_POINT('',(59.538952576573,7.020342180785,7.));
#4600 = CARTESIAN_POINT('',(59.058443531593,6.731058444662,7.));
#4601 = CARTESIAN_POINT('',(58.306169309421,6.996566993664,7.));
#4602 = CARTESIAN_POINT('',(58.113692674926,7.523375087249,7.));
#4603 = CARTESIAN_POINT('',(58.277502576624,7.987503142059,7.));
#4604 = VECTOR('',#4605,1.);
#4605 = DIRECTION('',(0.,0.,1.));
#4606 = DEFINITIONAL_REPRESENTATION('',(#4607),#4611);
#4607 = LINE('',#4608,#4609);
#4608 = CARTESIAN_POINT('',(0.,0.));
#4609 = VECTOR('',#4610,1.);
#4610 = DIRECTION('',(1.,0.));
#4611 = ( GEOMETRIC_REPRESENTATION_CONTEXT(2) 
PARAMETRIC_REPRESENTATION_CONTEXT() REPRESENTATION_CONTEXT('2D SPACE',''
  ) );
#4612 = ORIENTED_EDGE('',*,*,#4613,.T.);
#4613 = EDGE_CURVE('',#4575,#4614,#4616,.T.);
#4614 = VERTEX_POINT('',#4615);
#4615 = CARTESIAN_POINT('',(60.321827398437,9.238487509399,7.));
#4616 = SURFACE_CURVE('',#4617,(#4621,#4628),.PCURVE_S1.);
#4617 = LINE('',#4618,#4619);
#4618 = CARTESIAN_POINT('',(59.702762478271,7.484470235595,7.));
#4619 = VECTOR('',#4620,1.);
#4620 = DIRECTION('',(0.332820117735,0.942990333583,0.));
#4621 = PCURVE('',#350,#4622);
#4622 = DEFINITIONAL_REPRESENTATION('',(#4623),#4627);
#4623 = LINE('',#4624,#4625);
#4624 = CARTESIAN_POINT('',(40.88978965534,4.747753906243));
#4625 = VECTOR('',#4626,1.);
#4626 = DIRECTION('',(1.664224313913E-13,1.));
#4627 = ( GEOMETRIC_REPRESENTATION_CONTEXT(2) 
PARAMETRIC_REPRESENTATION_CONTEXT() REPRESENTATION_CONTEXT('2D SPACE',''
  ) );
#4628 = PCURVE('',#4629,#4634);
#4629 = PLANE('',#4630);
#4630 = AXIS2_PLACEMENT_3D('',#4631,#4632,#4633);
#4631 = CARTESIAN_POINT('',(59.702762478271,7.484470235595,7.));
#4632 = DIRECTION('',(0.942990333583,-0.332820117735,0.));
#4633 = DIRECTION('',(0.332820117735,0.942990333583,0.));
#4634 = DEFINITIONAL_REPRESENTATION('',(#4635),#4639);
#4635 = LINE('',#4636,#4637);
#4636 = CARTESIAN_POINT('',(0.,0.));
#4637 = VECTOR('',#4638,1.);
#4638 = DIRECTION('',(1.,0.));
#4639 = ( GEOMETRIC_REPRESENTATION_CONTEXT(2) 
PARAMETRIC_REPRESENTATION_CONTEXT() REPRESENTATION_CONTEXT('2D SPACE',''
  ) );
#4640 = ORIENTED_EDGE('',*,*,#4641,.T.);
#4641 = EDGE_CURVE('',#4614,#4642,#4644,.T.);
#4642 = VERTEX_POINT('',#4643);
#4643 = CARTESIAN_POINT('',(60.714402378131,9.099931634213,7.));
#4644 = SURFACE_CURVE('',#4645,(#4649,#4656),.PCURVE_S1.);
#4645 = LINE('',#4646,#4647);
#4646 = CARTESIAN_POINT('',(60.321827398437,9.238487509399,7.));
#4647 = VECTOR('',#4648,1.);
#4648 = DIRECTION('',(0.942990333583,-0.332820117735,0.));
#4649 = PCURVE('',#350,#4650);
#4650 = DEFINITIONAL_REPRESENTATION('',(#4651),#4655);
#4651 = LINE('',#4652,#4653);
#4652 = CARTESIAN_POINT('',(40.88978965534,6.607812499993));
#4653 = VECTOR('',#4654,1.);
#4654 = DIRECTION('',(1.,-1.664224313913E-13));
#4655 = ( GEOMETRIC_REPRESENTATION_CONTEXT(2) 
PARAMETRIC_REPRESENTATION_CONTEXT() REPRESENTATION_CONTEXT('2D SPACE',''
  ) );
#4656 = PCURVE('',#4657,#4662);
#4657 = PLANE('',#4658);
#4658 = AXIS2_PLACEMENT_3D('',#4659,#4660,#4661);
#4659 = CARTESIAN_POINT('',(60.321827398437,9.238487509399,7.));
#4660 = DIRECTION('',(-0.332820117735,-0.942990333583,0.));
#4661 = DIRECTION('',(0.942990333583,-0.332820117735,0.));
#4662 = DEFINITIONAL_REPRESENTATION('',(#4663),#4667);
#4663 = LINE('',#4664,#4665);
#4664 = CARTESIAN_POINT('',(0.,0.));
#4665 = VECTOR('',#4666,1.);
#4666 = DIRECTION('',(1.,0.));
#4667 = ( GEOMETRIC_REPRESENTATION_CONTEXT(2) 
PARAMETRIC_REPRESENTATION_CONTEXT() REPRESENTATION_CONTEXT('2D SPACE',''
  ) );
#4668 = ORIENTED_EDGE('',*,*,#4669,.T.);
#4669 = EDGE_CURVE('',#4642,#4452,#4670,.T.);
#4670 = SURFACE_CURVE('',#4671,(#4675,#4682),.PCURVE_S1.);
#4671 = LINE('',#4672,#4673);
#4672 = CARTESIAN_POINT('',(60.714402378131,9.099931634213,7.));
#4673 = VECTOR('',#4674,1.);
#4674 = DIRECTION('',(-0.332820117735,-0.942990333583,0.));
#4675 = PCURVE('',#350,#4676);
#4676 = DEFINITIONAL_REPRESENTATION('',(#4677),#4681);
#4677 = LINE('',#4678,#4679);
#4678 = CARTESIAN_POINT('',(41.30609824909,6.607812499993));
#4679 = VECTOR('',#4680,1.);
#4680 = DIRECTION('',(-1.664224313913E-13,-1.));
#4681 = ( GEOMETRIC_REPRESENTATION_CONTEXT(2) 
PARAMETRIC_REPRESENTATION_CONTEXT() REPRESENTATION_CONTEXT('2D SPACE',''
  ) );
#4682 = PCURVE('',#4683,#4688);
#4683 = PLANE('',#4684);
#4684 = AXIS2_PLACEMENT_3D('',#4685,#4686,#4687);
#4685 = CARTESIAN_POINT('',(60.714402378131,9.099931634213,7.));
#4686 = DIRECTION('',(-0.942990333583,0.332820117735,0.));
#4687 = DIRECTION('',(-0.332820117735,-0.942990333583,0.));
#4688 = DEFINITIONAL_REPRESENTATION('',(#4689),#4693);
#4689 = LINE('',#4690,#4691);
#4690 = CARTESIAN_POINT('',(0.,0.));
#4691 = VECTOR('',#4692,1.);
#4692 = DIRECTION('',(1.,0.));
#4693 = ( GEOMETRIC_REPRESENTATION_CONTEXT(2) 
PARAMETRIC_REPRESENTATION_CONTEXT() REPRESENTATION_CONTEXT('2D SPACE',''
  ) );
#4694 = FACE_BOUND('',#4695,.T.);
#4695 = EDGE_LOOP('',(#4696,#4743,#4771,#4816,#4844,#4889,#4917,#4962));
#4696 = ORIENTED_EDGE('',*,*,#4697,.F.);
#4697 = EDGE_CURVE('',#4698,#4700,#4702,.T.);
#4698 = VERTEX_POINT('',#4699);
#4699 = CARTESIAN_POINT('',(63.144704280819,8.135614594844,7.));
#4700 = VERTEX_POINT('',#4701);
#4701 = CARTESIAN_POINT('',(61.596586952899,7.033537978422,7.));
#4702 = SURFACE_CURVE('',#4703,(#4712,#4724),.PCURVE_S1.);
#4703 = B_SPLINE_CURVE_WITH_KNOTS('',2,(#4704,#4705,#4706,#4707,#4708,
    #4709,#4710,#4711),.UNSPECIFIED.,.F.,.F.,(3,1,1,1,1,1,3),(0.,1.,2.,
    4.333333333333,6.666666666667,8.681818181819,10.69696969697),
  .UNSPECIFIED.);
#4704 = CARTESIAN_POINT('',(63.144704280819,8.135614594844,7.));
#4705 = CARTESIAN_POINT('',(62.950180022553,8.286911240162,7.));
#4706 = CARTESIAN_POINT('',(62.554533607202,8.509192176216,7.));
#4707 = CARTESIAN_POINT('',(61.877680193937,8.748081616192,7.));
#4708 = CARTESIAN_POINT('',(61.182511923607,8.497588974846,7.));
#4709 = CARTESIAN_POINT('',(60.930654199747,7.783992090575,7.));
#4710 = CARTESIAN_POINT('',(61.190247391187,7.274816312797,7.));
#4711 = CARTESIAN_POINT('',(61.596586952899,7.033537978422,7.));
#4712 = PCURVE('',#350,#4713);
#4713 = DEFINITIONAL_REPRESENTATION('',(#4714),#4723);
#4714 = B_SPLINE_CURVE_WITH_KNOTS('',2,(#4715,#4716,#4717,#4718,#4719,
    #4720,#4721,#4722),.UNSPECIFIED.,.F.,.F.,(3,1,1,1,1,1,3),(0.,1.,2.,
    4.333333333333,6.666666666667,8.681818181819,10.69696969697),
  .UNSPECIFIED.);
#4715 = CARTESIAN_POINT('',(43.91879356159,6.507324218743));
#4716 = CARTESIAN_POINT('',(43.68500449909,6.585253906243));
#4717 = CARTESIAN_POINT('',(43.23793418659,6.663183593743));
#4718 = CARTESIAN_POINT('',(42.52016074909,6.663183593743));
#4719 = CARTESIAN_POINT('',(41.94799278034,6.195605468743));
#4720 = CARTESIAN_POINT('',(41.94799278034,5.438867187493));
#4721 = CARTESIAN_POINT('',(42.36225059284,5.045117187493));
#4722 = CARTESIAN_POINT('',(42.82572715534,4.952832031243));
#4723 = ( GEOMETRIC_REPRESENTATION_CONTEXT(2) 
PARAMETRIC_REPRESENTATION_CONTEXT() REPRESENTATION_CONTEXT('2D SPACE',''
  ) );
#4724 = PCURVE('',#4725,#4737);
#4725 = SURFACE_OF_LINEAR_EXTRUSION('',#4726,#4735);
#4726 = B_SPLINE_CURVE_WITH_KNOTS('',2,(#4727,#4728,#4729,#4730,#4731,
    #4732,#4733,#4734),.UNSPECIFIED.,.F.,.F.,(3,1,1,1,1,1,3),(0.,1.,2.,
    4.333333333333,6.666666666667,8.681818181819,10.69696969697),
  .UNSPECIFIED.);
#4727 = CARTESIAN_POINT('',(63.144704280819,8.135614594844,7.));
#4728 = CARTESIAN_POINT('',(62.950180022553,8.286911240162,7.));
#4729 = CARTESIAN_POINT('',(62.554533607202,8.509192176216,7.));
#4730 = CARTESIAN_POINT('',(61.877680193937,8.748081616192,7.));
#4731 = CARTESIAN_POINT('',(61.182511923607,8.497588974846,7.));
#4732 = CARTESIAN_POINT('',(60.930654199747,7.783992090575,7.));
#4733 = CARTESIAN_POINT('',(61.190247391187,7.274816312797,7.));
#4734 = CARTESIAN_POINT('',(61.596586952899,7.033537978422,7.));
#4735 = VECTOR('',#4736,1.);
#4736 = DIRECTION('',(0.,0.,1.));
#4737 = DEFINITIONAL_REPRESENTATION('',(#4738),#4742);
#4738 = LINE('',#4739,#4740);
#4739 = CARTESIAN_POINT('',(0.,0.));
#4740 = VECTOR('',#4741,1.);
#4741 = DIRECTION('',(1.,0.));
#4742 = ( GEOMETRIC_REPRESENTATION_CONTEXT(2) 
PARAMETRIC_REPRESENTATION_CONTEXT() REPRESENTATION_CONTEXT('2D SPACE',''
  ) );
#4743 = ORIENTED_EDGE('',*,*,#4744,.T.);
#4744 = EDGE_CURVE('',#4698,#4745,#4747,.T.);
#4745 = VERTEX_POINT('',#4746);
#4746 = CARTESIAN_POINT('',(63.010243653175,7.75464281652,7.));
#4747 = SURFACE_CURVE('',#4748,(#4752,#4759),.PCURVE_S1.);
#4748 = LINE('',#4749,#4750);
#4749 = CARTESIAN_POINT('',(63.144704280819,8.135614594844,7.));
#4750 = VECTOR('',#4751,1.);
#4751 = DIRECTION('',(-0.332820117735,-0.942990333583,0.));
#4752 = PCURVE('',#350,#4753);
#4753 = DEFINITIONAL_REPRESENTATION('',(#4754),#4758);
#4754 = LINE('',#4755,#4756);
#4755 = CARTESIAN_POINT('',(43.91879356159,6.507324218743));
#4756 = VECTOR('',#4757,1.);
#4757 = DIRECTION('',(-1.664224313913E-13,-1.));
#4758 = ( GEOMETRIC_REPRESENTATION_CONTEXT(2) 
PARAMETRIC_REPRESENTATION_CONTEXT() REPRESENTATION_CONTEXT('2D SPACE',''
  ) );
#4759 = PCURVE('',#4760,#4765);
#4760 = PLANE('',#4761);
#4761 = AXIS2_PLACEMENT_3D('',#4762,#4763,#4764);
#4762 = CARTESIAN_POINT('',(63.144704280819,8.135614594844,7.));
#4763 = DIRECTION('',(-0.942990333583,0.332820117735,0.));
#4764 = DIRECTION('',(-0.332820117735,-0.942990333583,0.));
#4765 = DEFINITIONAL_REPRESENTATION('',(#4766),#4770);
#4766 = LINE('',#4767,#4768);
#4767 = CARTESIAN_POINT('',(0.,0.));
#4768 = VECTOR('',#4769,1.);
#4769 = DIRECTION('',(1.,0.));
#4770 = ( GEOMETRIC_REPRESENTATION_CONTEXT(2) 
PARAMETRIC_REPRESENTATION_CONTEXT() REPRESENTATION_CONTEXT('2D SPACE',''
  ) );
#4771 = ORIENTED_EDGE('',*,*,#4772,.F.);
#4772 = EDGE_CURVE('',#4773,#4745,#4775,.T.);
#4773 = VERTEX_POINT('',#4774);
#4774 = CARTESIAN_POINT('',(61.844349429217,7.365821813741,7.));
#4775 = SURFACE_CURVE('',#4776,(#4785,#4797),.PCURVE_S1.);
#4776 = B_SPLINE_CURVE_WITH_KNOTS('',2,(#4777,#4778,#4779,#4780,#4781,
    #4782,#4783,#4784),.UNSPECIFIED.,.F.,.F.,(3,1,1,1,1,1,3),(0.,1.,2.,
    3.191919191919,4.383838383839,5.070094888277,5.756351392715),
  .UNSPECIFIED.);
#4777 = CARTESIAN_POINT('',(61.844349429217,7.365821813741,7.));
#4778 = CARTESIAN_POINT('',(61.544486303609,7.539073536161,7.));
#4779 = CARTESIAN_POINT('',(61.383292810063,7.815616502152,7.));
#4780 = CARTESIAN_POINT('',(61.531404262848,8.235265618377,7.));
#4781 = CARTESIAN_POINT('',(61.964931717966,8.360625695926,7.));
#4782 = CARTESIAN_POINT('',(62.467737110677,8.183164969087,7.));
#4783 = CARTESIAN_POINT('',(62.825388729384,7.939497740311,7.));
#4784 = CARTESIAN_POINT('',(63.010243653175,7.75464281652,7.));
#4785 = PCURVE('',#350,#4786);
#4786 = DEFINITIONAL_REPRESENTATION('',(#4787),#4796);
#4787 = B_SPLINE_CURVE_WITH_KNOTS('',2,(#4788,#4789,#4790,#4791,#4792,
    #4793,#4794,#4795),.UNSPECIFIED.,.F.,.F.,(3,1,1,1,1,1,3),(0.,1.,2.,
    3.191919191919,4.383838383839,5.070094888277,5.756351392715),
  .UNSPECIFIED.);
#4788 = CARTESIAN_POINT('',(42.94877403034,5.348632812493));
#4789 = CARTESIAN_POINT('',(42.60834434284,5.412207031243));
#4790 = CARTESIAN_POINT('',(42.36430137409,5.619335937493));
#4791 = CARTESIAN_POINT('',(42.36430137409,6.064355468743));
#4792 = CARTESIAN_POINT('',(42.73139121784,6.326855468743));
#4793 = CARTESIAN_POINT('',(43.26459434284,6.326855468743));
#4794 = CARTESIAN_POINT('',(43.68295371784,6.216113281243));
#4795 = CARTESIAN_POINT('',(43.91879356159,6.103320312493));
#4796 = ( GEOMETRIC_REPRESENTATION_CONTEXT(2) 
PARAMETRIC_REPRESENTATION_CONTEXT() REPRESENTATION_CONTEXT('2D SPACE',''
  ) );
#4797 = PCURVE('',#4798,#4810);
#4798 = SURFACE_OF_LINEAR_EXTRUSION('',#4799,#4808);
#4799 = B_SPLINE_CURVE_WITH_KNOTS('',2,(#4800,#4801,#4802,#4803,#4804,
    #4805,#4806,#4807),.UNSPECIFIED.,.F.,.F.,(3,1,1,1,1,1,3),(0.,1.,2.,
    3.191919191919,4.383838383839,5.070094888277,5.756351392715),
  .UNSPECIFIED.);
#4800 = CARTESIAN_POINT('',(61.844349429217,7.365821813741,7.));
#4801 = CARTESIAN_POINT('',(61.544486303609,7.539073536161,7.));
#4802 = CARTESIAN_POINT('',(61.383292810063,7.815616502152,7.));
#4803 = CARTESIAN_POINT('',(61.531404262848,8.235265618377,7.));
#4804 = CARTESIAN_POINT('',(61.964931717966,8.360625695926,7.));
#4805 = CARTESIAN_POINT('',(62.467737110677,8.183164969087,7.));
#4806 = CARTESIAN_POINT('',(62.825388729384,7.939497740311,7.));
#4807 = CARTESIAN_POINT('',(63.010243653175,7.75464281652,7.));
#4808 = VECTOR('',#4809,1.);
#4809 = DIRECTION('',(0.,0.,1.));
#4810 = DEFINITIONAL_REPRESENTATION('',(#4811),#4815);
#4811 = LINE('',#4812,#4813);
#4812 = CARTESIAN_POINT('',(0.,0.));
#4813 = VECTOR('',#4814,1.);
#4814 = DIRECTION('',(1.,0.));
#4815 = ( GEOMETRIC_REPRESENTATION_CONTEXT(2) 
PARAMETRIC_REPRESENTATION_CONTEXT() REPRESENTATION_CONTEXT('2D SPACE',''
  ) );
#4816 = ORIENTED_EDGE('',*,*,#4817,.T.);
#4817 = EDGE_CURVE('',#4773,#4818,#4820,.T.);
#4818 = VERTEX_POINT('',#4819);
#4819 = CARTESIAN_POINT('',(62.063217658985,7.234205108002,7.));
#4820 = SURFACE_CURVE('',#4821,(#4825,#4832),.PCURVE_S1.);
#4821 = LINE('',#4822,#4823);
#4822 = CARTESIAN_POINT('',(61.844349429217,7.365821813741,7.));
#4823 = VECTOR('',#4824,1.);
#4824 = DIRECTION('',(0.856981583838,-0.515347033524,0.));
#4825 = PCURVE('',#350,#4826);
#4826 = DEFINITIONAL_REPRESENTATION('',(#4827),#4831);
#4827 = LINE('',#4828,#4829);
#4828 = CARTESIAN_POINT('',(42.94877403034,5.348632812493));
#4829 = VECTOR('',#4830,1.);
#4830 = DIRECTION('',(0.97964320999,-0.200746559424));
#4831 = ( GEOMETRIC_REPRESENTATION_CONTEXT(2) 
PARAMETRIC_REPRESENTATION_CONTEXT() REPRESENTATION_CONTEXT('2D SPACE',''
  ) );
#4832 = PCURVE('',#4833,#4838);
#4833 = PLANE('',#4834);
#4834 = AXIS2_PLACEMENT_3D('',#4835,#4836,#4837);
#4835 = CARTESIAN_POINT('',(61.844349429217,7.365821813741,7.));
#4836 = DIRECTION('',(-0.515347033524,-0.856981583838,0.));
#4837 = DIRECTION('',(0.856981583838,-0.515347033524,0.));
#4838 = DEFINITIONAL_REPRESENTATION('',(#4839),#4843);
#4839 = LINE('',#4840,#4841);
#4840 = CARTESIAN_POINT('',(0.,0.));
#4841 = VECTOR('',#4842,1.);
#4842 = DIRECTION('',(1.,0.));
#4843 = ( GEOMETRIC_REPRESENTATION_CONTEXT(2) 
PARAMETRIC_REPRESENTATION_CONTEXT() REPRESENTATION_CONTEXT('2D SPACE',''
  ) );
#4844 = ORIENTED_EDGE('',*,*,#4845,.F.);
#4845 = EDGE_CURVE('',#4846,#4818,#4848,.T.);
#4846 = VERTEX_POINT('',#4847);
#4847 = CARTESIAN_POINT('',(60.357319543805,6.12257291398,7.));
#4848 = SURFACE_CURVE('',#4849,(#4858,#4870),.PCURVE_S1.);
#4849 = B_SPLINE_CURVE_WITH_KNOTS('',2,(#4850,#4851,#4852,#4853,#4854,
    #4855,#4856,#4857),.UNSPECIFIED.,.F.,.F.,(3,1,1,1,1,1,3),(0.,1.,2.,
    4.650943396227,7.301886792453,9.525258673159,11.748630553865),
  .UNSPECIFIED.);
#4850 = CARTESIAN_POINT('',(60.357319543805,6.12257291398,7.));
#4851 = CARTESIAN_POINT('',(60.572775067288,5.944315889008,7.));
#4852 = CARTESIAN_POINT('',(61.002207274863,5.688362917605,7.));
#4853 = CARTESIAN_POINT('',(61.750613763245,5.424219451117,7.));
#4854 = CARTESIAN_POINT('',(62.466258271287,5.658786129799,7.));
#4855 = CARTESIAN_POINT('',(62.73859223286,6.430399020921,7.));
#4856 = CARTESIAN_POINT('',(62.470922303211,6.996794507416,7.));
#4857 = CARTESIAN_POINT('',(62.063217658985,7.234205108002,7.));
#4858 = PCURVE('',#350,#4859);
#4859 = DEFINITIONAL_REPRESENTATION('',(#4860),#4869);
#4860 = B_SPLINE_CURVE_WITH_KNOTS('',2,(#4861,#4862,#4863,#4864,#4865,
    #4866,#4867,#4868),.UNSPECIFIED.,.F.,.F.,(3,1,1,1,1,1,3),(0.,1.,2.,
    4.650943396227,7.301886792453,9.525258673159,11.748630553865),
  .UNSPECIFIED.);
#4861 = CARTESIAN_POINT('',(41.960297467839,3.681347656243));
#4862 = CARTESIAN_POINT('',(42.222797467839,3.584960937493));
#4863 = CARTESIAN_POINT('',(42.712934186589,3.486523437493));
#4864 = CARTESIAN_POINT('',(43.506586530339,3.486523437493));
#4865 = CARTESIAN_POINT('',(44.103363874089,3.945898437493));
#4866 = CARTESIAN_POINT('',(44.10336387409,4.764160156243));
#4867 = CARTESIAN_POINT('',(43.66244590534,5.209179687493));
#4868 = CARTESIAN_POINT('',(43.19896934284,5.297363281243));
#4869 = ( GEOMETRIC_REPRESENTATION_CONTEXT(2) 
PARAMETRIC_REPRESENTATION_CONTEXT() REPRESENTATION_CONTEXT('2D SPACE',''
  ) );
#4870 = PCURVE('',#4871,#4883);
#4871 = SURFACE_OF_LINEAR_EXTRUSION('',#4872,#4881);
#4872 = B_SPLINE_CURVE_WITH_KNOTS('',2,(#4873,#4874,#4875,#4876,#4877,
    #4878,#4879,#4880),.UNSPECIFIED.,.F.,.F.,(3,1,1,1,1,1,3),(0.,1.,2.,
    4.650943396227,7.301886792453,9.525258673159,11.748630553865),
  .UNSPECIFIED.);
#4873 = CARTESIAN_POINT('',(60.357319543805,6.12257291398,7.));
#4874 = CARTESIAN_POINT('',(60.572775067288,5.944315889008,7.));
#4875 = CARTESIAN_POINT('',(61.002207274863,5.688362917605,7.));
#4876 = CARTESIAN_POINT('',(61.750613763245,5.424219451117,7.));
#4877 = CARTESIAN_POINT('',(62.466258271287,5.658786129799,7.));
#4878 = CARTESIAN_POINT('',(62.73859223286,6.430399020921,7.));
#4879 = CARTESIAN_POINT('',(62.470922303211,6.996794507416,7.));
#4880 = CARTESIAN_POINT('',(62.063217658985,7.234205108002,7.));
#4881 = VECTOR('',#4882,1.);
#4882 = DIRECTION('',(0.,0.,1.));
#4883 = DEFINITIONAL_REPRESENTATION('',(#4884),#4888);
#4884 = LINE('',#4885,#4886);
#4885 = CARTESIAN_POINT('',(0.,0.));
#4886 = VECTOR('',#4887,1.);
#4887 = DIRECTION('',(1.,0.));
#4888 = ( GEOMETRIC_REPRESENTATION_CONTEXT(2) 
PARAMETRIC_REPRESENTATION_CONTEXT() REPRESENTATION_CONTEXT('2D SPACE',''
  ) );
#4889 = ORIENTED_EDGE('',*,*,#4890,.T.);
#4890 = EDGE_CURVE('',#4846,#4891,#4893,.T.);
#4891 = VERTEX_POINT('',#4892);
#4892 = CARTESIAN_POINT('',(60.499288125276,6.524817228149,7.));
#4893 = SURFACE_CURVE('',#4894,(#4898,#4905),.PCURVE_S1.);
#4894 = LINE('',#4895,#4896);
#4895 = CARTESIAN_POINT('',(60.357319543805,6.12257291398,7.));
#4896 = VECTOR('',#4897,1.);
#4897 = DIRECTION('',(0.332820117735,0.942990333583,0.));
#4898 = PCURVE('',#350,#4899);
#4899 = DEFINITIONAL_REPRESENTATION('',(#4900),#4904);
#4900 = LINE('',#4901,#4902);
#4901 = CARTESIAN_POINT('',(41.960297467839,3.681347656243));
#4902 = VECTOR('',#4903,1.);
#4903 = DIRECTION('',(1.664224313913E-13,1.));
#4904 = ( GEOMETRIC_REPRESENTATION_CONTEXT(2) 
PARAMETRIC_REPRESENTATION_CONTEXT() REPRESENTATION_CONTEXT('2D SPACE',''
  ) );
#4905 = PCURVE('',#4906,#4911);
#4906 = PLANE('',#4907);
#4907 = AXIS2_PLACEMENT_3D('',#4908,#4909,#4910);
#4908 = CARTESIAN_POINT('',(60.357319543805,6.12257291398,7.));
#4909 = DIRECTION('',(0.942990333583,-0.332820117735,0.));
#4910 = DIRECTION('',(0.332820117735,0.942990333583,0.));
#4911 = DEFINITIONAL_REPRESENTATION('',(#4912),#4916);
#4912 = LINE('',#4913,#4914);
#4913 = CARTESIAN_POINT('',(0.,0.));
#4914 = VECTOR('',#4915,1.);
#4915 = DIRECTION('',(1.,0.));
#4916 = ( GEOMETRIC_REPRESENTATION_CONTEXT(2) 
PARAMETRIC_REPRESENTATION_CONTEXT() REPRESENTATION_CONTEXT('2D SPACE',''
  ) );
#4917 = ORIENTED_EDGE('',*,*,#4918,.F.);
#4918 = EDGE_CURVE('',#4919,#4891,#4921,.T.);
#4919 = VERTEX_POINT('',#4920);
#4920 = CARTESIAN_POINT('',(61.818071590819,6.903172598321,7.));
#4921 = SURFACE_CURVE('',#4922,(#4931,#4943),.PCURVE_S1.);
#4922 = B_SPLINE_CURVE_WITH_KNOTS('',2,(#4923,#4924,#4925,#4926,#4927,
    #4928,#4929,#4930),.UNSPECIFIED.,.F.,.F.,(3,1,1,1,1,1,3),(0.,1.,2.,
    3.145454545455,4.290909090909,5.045717288492,5.800525486075),
  .UNSPECIFIED.);
#4923 = CARTESIAN_POINT('',(61.818071590819,6.903172598321,7.));
#4924 = CARTESIAN_POINT('',(62.094728313687,6.738111370985,7.));
#4925 = CARTESIAN_POINT('',(62.27116522864,6.406168806295,7.));
#4926 = CARTESIAN_POINT('',(62.110085491971,5.949776219064,7.));
#4927 = CARTESIAN_POINT('',(61.653692904741,5.815088077668,7.));
#4928 = CARTESIAN_POINT('',(61.098673105863,6.010977418449,7.));
#4929 = CARTESIAN_POINT('',(60.690058406628,6.307427837771,7.));
#4930 = CARTESIAN_POINT('',(60.499288125276,6.524817228149,7.));
#4931 = PCURVE('',#350,#4932);
#4932 = DEFINITIONAL_REPRESENTATION('',(#4933),#4942);
#4933 = B_SPLINE_CURVE_WITH_KNOTS('',2,(#4934,#4935,#4936,#4937,#4938,
    #4939,#4940,#4941),.UNSPECIFIED.,.F.,.F.,(3,1,1,1,1,1,3),(0.,1.,2.,
    3.145454545455,4.290909090909,5.045717288492,5.800525486075),
  .UNSPECIFIED.);
#4934 = CARTESIAN_POINT('',(43.07797324909,4.903613281243));
#4935 = CARTESIAN_POINT('',(43.39379356159,4.840039062493));
#4936 = CARTESIAN_POINT('',(43.67064903034,4.585742187493));
#4937 = CARTESIAN_POINT('',(43.670649030339,4.101757812493));
#4938 = CARTESIAN_POINT('',(43.285102155339,3.822851562493));
#4939 = CARTESIAN_POINT('',(42.696527936589,3.822851562493));
#4940 = CARTESIAN_POINT('',(42.212543561589,3.966406249993));
#4941 = CARTESIAN_POINT('',(41.960297467839,4.107910156243));
#4942 = ( GEOMETRIC_REPRESENTATION_CONTEXT(2) 
PARAMETRIC_REPRESENTATION_CONTEXT() REPRESENTATION_CONTEXT('2D SPACE',''
  ) );
#4943 = PCURVE('',#4944,#4956);
#4944 = SURFACE_OF_LINEAR_EXTRUSION('',#4945,#4954);
#4945 = B_SPLINE_CURVE_WITH_KNOTS('',2,(#4946,#4947,#4948,#4949,#4950,
    #4951,#4952,#4953),.UNSPECIFIED.,.F.,.F.,(3,1,1,1,1,1,3),(0.,1.,2.,
    3.145454545455,4.290909090909,5.045717288492,5.800525486075),
  .UNSPECIFIED.);
#4946 = CARTESIAN_POINT('',(61.818071590819,6.903172598321,7.));
#4947 = CARTESIAN_POINT('',(62.094728313687,6.738111370985,7.));
#4948 = CARTESIAN_POINT('',(62.27116522864,6.406168806295,7.));
#4949 = CARTESIAN_POINT('',(62.110085491971,5.949776219064,7.));
#4950 = CARTESIAN_POINT('',(61.653692904741,5.815088077668,7.));
#4951 = CARTESIAN_POINT('',(61.098673105863,6.010977418449,7.));
#4952 = CARTESIAN_POINT('',(60.690058406628,6.307427837771,7.));
#4953 = CARTESIAN_POINT('',(60.499288125276,6.524817228149,7.));
#4954 = VECTOR('',#4955,1.);
#4955 = DIRECTION('',(0.,0.,1.));
#4956 = DEFINITIONAL_REPRESENTATION('',(#4957),#4961);
#4957 = LINE('',#4958,#4959);
#4958 = CARTESIAN_POINT('',(0.,0.));
#4959 = VECTOR('',#4960,1.);
#4960 = DIRECTION('',(1.,0.));
#4961 = ( GEOMETRIC_REPRESENTATION_CONTEXT(2) 
PARAMETRIC_REPRESENTATION_CONTEXT() REPRESENTATION_CONTEXT('2D SPACE',''
  ) );
#4962 = ORIENTED_EDGE('',*,*,#4963,.T.);
#4963 = EDGE_CURVE('',#4919,#4700,#4964,.T.);
#4964 = SURFACE_CURVE('',#4965,(#4969,#4976),.PCURVE_S1.);
#4965 = LINE('',#4966,#4967);
#4966 = CARTESIAN_POINT('',(61.818071590819,6.903172598321,7.));
#4967 = VECTOR('',#4968,1.);
#4968 = DIRECTION('',(-0.861797640413,0.507252232108,0.));
#4969 = PCURVE('',#350,#4970);
#4970 = DEFINITIONAL_REPRESENTATION('',(#4971),#4975);
#4971 = LINE('',#4972,#4973);
#4972 = CARTESIAN_POINT('',(43.07797324909,4.903613281243));
#4973 = VECTOR('',#4974,1.);
#4974 = DIRECTION('',(-0.981490592026,0.19151035942));
#4975 = ( GEOMETRIC_REPRESENTATION_CONTEXT(2) 
PARAMETRIC_REPRESENTATION_CONTEXT() REPRESENTATION_CONTEXT('2D SPACE',''
  ) );
#4976 = PCURVE('',#4977,#4982);
#4977 = PLANE('',#4978);
#4978 = AXIS2_PLACEMENT_3D('',#4979,#4980,#4981);
#4979 = CARTESIAN_POINT('',(61.818071590819,6.903172598321,7.));
#4980 = DIRECTION('',(0.507252232108,0.861797640413,-0.));
#4981 = DIRECTION('',(-0.861797640413,0.507252232108,0.));
#4982 = DEFINITIONAL_REPRESENTATION('',(#4983),#4987);
#4983 = LINE('',#4984,#4985);
#4984 = CARTESIAN_POINT('',(0.,0.));
#4985 = VECTOR('',#4986,1.);
#4986 = DIRECTION('',(1.,0.));
#4987 = ( GEOMETRIC_REPRESENTATION_CONTEXT(2) 
PARAMETRIC_REPRESENTATION_CONTEXT() REPRESENTATION_CONTEXT('2D SPACE',''
  ) );
#4988 = FACE_BOUND('',#4989,.T.);
#4989 = EDGE_LOOP('',(#4990,#5020,#5048,#5076,#5104,#5132,#5160,#5188,
    #5216,#5244,#5272,#5300));
#4990 = ORIENTED_EDGE('',*,*,#4991,.T.);
#4991 = EDGE_CURVE('',#4992,#4994,#4996,.T.);
#4992 = VERTEX_POINT('',#4993);
#4993 = CARTESIAN_POINT('',(64.802710751128,4.410076899982,7.));
#4994 = VERTEX_POINT('',#4995);
#4995 = CARTESIAN_POINT('',(62.942330798096,5.066681589287,7.));
#4996 = SURFACE_CURVE('',#4997,(#5001,#5008),.PCURVE_S1.);
#4997 = LINE('',#4998,#4999);
#4998 = CARTESIAN_POINT('',(64.802710751128,4.410076899982,7.));
#4999 = VECTOR('',#5000,1.);
#5000 = DIRECTION('',(-0.942990333583,0.332820117735,0.));
#5001 = PCURVE('',#350,#5002);
#5002 = DEFINITIONAL_REPRESENTATION('',(#5003),#5007);
#5003 = LINE('',#5004,#5005);
#5004 = CARTESIAN_POINT('',(46.722211530339,3.545996093742));
#5005 = VECTOR('',#5006,1.);
#5006 = DIRECTION('',(-1.,1.664224313913E-13));
#5007 = ( GEOMETRIC_REPRESENTATION_CONTEXT(2) 
PARAMETRIC_REPRESENTATION_CONTEXT() REPRESENTATION_CONTEXT('2D SPACE',''
  ) );
#5008 = PCURVE('',#5009,#5014);
#5009 = PLANE('',#5010);
#5010 = AXIS2_PLACEMENT_3D('',#5011,#5012,#5013);
#5011 = CARTESIAN_POINT('',(64.802710751128,4.410076899982,7.));
#5012 = DIRECTION('',(0.332820117735,0.942990333583,-0.));
#5013 = DIRECTION('',(-0.942990333583,0.332820117735,0.));
#5014 = DEFINITIONAL_REPRESENTATION('',(#5015),#5019);
#5015 = LINE('',#5016,#5017);
#5016 = CARTESIAN_POINT('',(0.,0.));
#5017 = VECTOR('',#5018,1.);
#5018 = DIRECTION('',(1.,0.));
#5019 = ( GEOMETRIC_REPRESENTATION_CONTEXT(2) 
PARAMETRIC_REPRESENTATION_CONTEXT() REPRESENTATION_CONTEXT('2D SPACE',''
  ) );
#5020 = ORIENTED_EDGE('',*,*,#5021,.T.);
#5021 = EDGE_CURVE('',#4994,#5022,#5024,.T.);
#5022 = VERTEX_POINT('',#5023);
#5023 = CARTESIAN_POINT('',(63.961364894908,7.953944863586,7.));
#5024 = SURFACE_CURVE('',#5025,(#5029,#5036),.PCURVE_S1.);
#5025 = LINE('',#5026,#5027);
#5026 = CARTESIAN_POINT('',(62.942330798096,5.066681589287,7.));
#5027 = VECTOR('',#5028,1.);
#5028 = DIRECTION('',(0.332820117735,0.942990333583,0.));
#5029 = PCURVE('',#350,#5030);
#5030 = DEFINITIONAL_REPRESENTATION('',(#5031),#5035);
#5031 = LINE('',#5032,#5033);
#5032 = CARTESIAN_POINT('',(44.749359967839,3.545996093743));
#5033 = VECTOR('',#5034,1.);
#5034 = DIRECTION('',(1.664224313913E-13,1.));
#5035 = ( GEOMETRIC_REPRESENTATION_CONTEXT(2) 
PARAMETRIC_REPRESENTATION_CONTEXT() REPRESENTATION_CONTEXT('2D SPACE',''
  ) );
#5036 = PCURVE('',#5037,#5042);
#5037 = PLANE('',#5038);
#5038 = AXIS2_PLACEMENT_3D('',#5039,#5040,#5041);
#5039 = CARTESIAN_POINT('',(62.942330798096,5.066681589287,7.));
#5040 = DIRECTION('',(0.942990333583,-0.332820117735,0.));
#5041 = DIRECTION('',(0.332820117735,0.942990333583,0.));
#5042 = DEFINITIONAL_REPRESENTATION('',(#5043),#5047);
#5043 = LINE('',#5044,#5045);
#5044 = CARTESIAN_POINT('',(0.,0.));
#5045 = VECTOR('',#5046,1.);
#5046 = DIRECTION('',(1.,0.));
#5047 = ( GEOMETRIC_REPRESENTATION_CONTEXT(2) 
PARAMETRIC_REPRESENTATION_CONTEXT() REPRESENTATION_CONTEXT('2D SPACE',''
  ) );
#5048 = ORIENTED_EDGE('',*,*,#5049,.T.);
#5049 = EDGE_CURVE('',#5022,#5050,#5052,.T.);
#5050 = VERTEX_POINT('',#5051);
#5051 = CARTESIAN_POINT('',(65.786935243828,7.309625916908,7.));
#5052 = SURFACE_CURVE('',#5053,(#5057,#5064),.PCURVE_S1.);
#5053 = LINE('',#5054,#5055);
#5054 = CARTESIAN_POINT('',(63.961364894908,7.953944863586,7.));
#5055 = VECTOR('',#5056,1.);
#5056 = DIRECTION('',(0.942990333583,-0.332820117735,0.));
#5057 = PCURVE('',#350,#5058);
#5058 = DEFINITIONAL_REPRESENTATION('',(#5059),#5063);
#5059 = LINE('',#5060,#5061);
#5060 = CARTESIAN_POINT('',(44.74935996784,6.607812499993));
#5061 = VECTOR('',#5062,1.);
#5062 = DIRECTION('',(1.,-1.664224313913E-13));
#5063 = ( GEOMETRIC_REPRESENTATION_CONTEXT(2) 
PARAMETRIC_REPRESENTATION_CONTEXT() REPRESENTATION_CONTEXT('2D SPACE',''
  ) );
#5064 = PCURVE('',#5065,#5070);
#5065 = PLANE('',#5066);
#5066 = AXIS2_PLACEMENT_3D('',#5067,#5068,#5069);
#5067 = CARTESIAN_POINT('',(63.961364894908,7.953944863586,7.));
#5068 = DIRECTION('',(-0.332820117735,-0.942990333583,0.));
#5069 = DIRECTION('',(0.942990333583,-0.332820117735,0.));
#5070 = DEFINITIONAL_REPRESENTATION('',(#5071),#5075);
#5071 = LINE('',#5072,#5073);
#5072 = CARTESIAN_POINT('',(0.,0.));
#5073 = VECTOR('',#5074,1.);
#5074 = DIRECTION('',(1.,0.));
#5075 = ( GEOMETRIC_REPRESENTATION_CONTEXT(2) 
PARAMETRIC_REPRESENTATION_CONTEXT() REPRESENTATION_CONTEXT('2D SPACE',''
  ) );
#5076 = ORIENTED_EDGE('',*,*,#5077,.T.);
#5077 = EDGE_CURVE('',#5050,#5078,#5080,.T.);
#5078 = VERTEX_POINT('',#5079);
#5079 = CARTESIAN_POINT('',(65.670903230126,6.980868544751,7.));
#5080 = SURFACE_CURVE('',#5081,(#5085,#5092),.PCURVE_S1.);
#5081 = LINE('',#5082,#5083);
#5082 = CARTESIAN_POINT('',(65.786935243828,7.309625916908,7.));
#5083 = VECTOR('',#5084,1.);
#5084 = DIRECTION('',(-0.332820117735,-0.942990333583,0.));
#5085 = PCURVE('',#350,#5086);
#5086 = DEFINITIONAL_REPRESENTATION('',(#5087),#5091);
#5087 = LINE('',#5088,#5089);
#5088 = CARTESIAN_POINT('',(46.68529746784,6.607812499992));
#5089 = VECTOR('',#5090,1.);
#5090 = DIRECTION('',(-1.664224313913E-13,-1.));
#5091 = ( GEOMETRIC_REPRESENTATION_CONTEXT(2) 
PARAMETRIC_REPRESENTATION_CONTEXT() REPRESENTATION_CONTEXT('2D SPACE',''
  ) );
#5092 = PCURVE('',#5093,#5098);
#5093 = PLANE('',#5094);
#5094 = AXIS2_PLACEMENT_3D('',#5095,#5096,#5097);
#5095 = CARTESIAN_POINT('',(65.786935243828,7.309625916908,7.));
#5096 = DIRECTION('',(-0.942990333583,0.332820117735,0.));
#5097 = DIRECTION('',(-0.332820117735,-0.942990333583,0.));
#5098 = DEFINITIONAL_REPRESENTATION('',(#5099),#5103);
#5099 = LINE('',#5100,#5101);
#5100 = CARTESIAN_POINT('',(0.,0.));
#5101 = VECTOR('',#5102,1.);
#5102 = DIRECTION('',(1.,0.));
#5103 = ( GEOMETRIC_REPRESENTATION_CONTEXT(2) 
PARAMETRIC_REPRESENTATION_CONTEXT() REPRESENTATION_CONTEXT('2D SPACE',''
  ) );
#5104 = ORIENTED_EDGE('',*,*,#5105,.T.);
#5105 = EDGE_CURVE('',#5078,#5106,#5108,.T.);
#5106 = VERTEX_POINT('',#5107);
#5107 = CARTESIAN_POINT('',(64.235973994004,7.4873141575,7.));
#5108 = SURFACE_CURVE('',#5109,(#5113,#5120),.PCURVE_S1.);
#5109 = LINE('',#5110,#5111);
#5110 = CARTESIAN_POINT('',(65.670903230126,6.980868544751,7.));
#5111 = VECTOR('',#5112,1.);
#5112 = DIRECTION('',(-0.942990333583,0.332820117735,0.));
#5113 = PCURVE('',#350,#5114);
#5114 = DEFINITIONAL_REPRESENTATION('',(#5115),#5119);
#5115 = LINE('',#5116,#5117);
#5116 = CARTESIAN_POINT('',(46.68529746784,6.259179687492));
#5117 = VECTOR('',#5118,1.);
#5118 = DIRECTION('',(-1.,1.664224313913E-13));
#5119 = ( GEOMETRIC_REPRESENTATION_CONTEXT(2) 
PARAMETRIC_REPRESENTATION_CONTEXT() REPRESENTATION_CONTEXT('2D SPACE',''
  ) );
#5120 = PCURVE('',#5121,#5126);
#5121 = PLANE('',#5122);
#5122 = AXIS2_PLACEMENT_3D('',#5123,#5124,#5125);
#5123 = CARTESIAN_POINT('',(65.670903230126,6.980868544751,7.));
#5124 = DIRECTION('',(0.332820117735,0.942990333583,-0.));
#5125 = DIRECTION('',(-0.942990333583,0.332820117735,0.));
#5126 = DEFINITIONAL_REPRESENTATION('',(#5127),#5131);
#5127 = LINE('',#5128,#5129);
#5128 = CARTESIAN_POINT('',(0.,0.));
#5129 = VECTOR('',#5130,1.);
#5130 = DIRECTION('',(1.,0.));
#5131 = ( GEOMETRIC_REPRESENTATION_CONTEXT(2) 
PARAMETRIC_REPRESENTATION_CONTEXT() REPRESENTATION_CONTEXT('2D SPACE',''
  ) );
#5132 = ORIENTED_EDGE('',*,*,#5133,.T.);
#5133 = EDGE_CURVE('',#5106,#5134,#5136,.T.);
#5134 = VERTEX_POINT('',#5135);
#5135 = CARTESIAN_POINT('',(63.934290758377,6.632544989891,7.));
#5136 = SURFACE_CURVE('',#5137,(#5141,#5148),.PCURVE_S1.);
#5137 = LINE('',#5138,#5139);
#5138 = CARTESIAN_POINT('',(64.235973994004,7.4873141575,7.));
#5139 = VECTOR('',#5140,1.);
#5140 = DIRECTION('',(-0.332820117735,-0.942990333583,0.));
#5141 = PCURVE('',#350,#5142);
#5142 = DEFINITIONAL_REPRESENTATION('',(#5143),#5147);
#5143 = LINE('',#5144,#5145);
#5144 = CARTESIAN_POINT('',(45.16361778034,6.259179687493));
#5145 = VECTOR('',#5146,1.);
#5146 = DIRECTION('',(-1.664224313913E-13,-1.));
#5147 = ( GEOMETRIC_REPRESENTATION_CONTEXT(2) 
PARAMETRIC_REPRESENTATION_CONTEXT() REPRESENTATION_CONTEXT('2D SPACE',''
  ) );
#5148 = PCURVE('',#5149,#5154);
#5149 = PLANE('',#5150);
#5150 = AXIS2_PLACEMENT_3D('',#5151,#5152,#5153);
#5151 = CARTESIAN_POINT('',(64.235973994004,7.4873141575,7.));
#5152 = DIRECTION('',(-0.942990333583,0.332820117735,0.));
#5153 = DIRECTION('',(-0.332820117735,-0.942990333583,0.));
#5154 = DEFINITIONAL_REPRESENTATION('',(#5155),#5159);
#5155 = LINE('',#5156,#5157);
#5156 = CARTESIAN_POINT('',(0.,0.));
#5157 = VECTOR('',#5158,1.);
#5158 = DIRECTION('',(1.,0.));
#5159 = ( GEOMETRIC_REPRESENTATION_CONTEXT(2) 
PARAMETRIC_REPRESENTATION_CONTEXT() REPRESENTATION_CONTEXT('2D SPACE',''
  ) );
#5160 = ORIENTED_EDGE('',*,*,#5161,.T.);
#5161 = EDGE_CURVE('',#5134,#5162,#5164,.T.);
#5162 = VERTEX_POINT('',#5163);
#5163 = CARTESIAN_POINT('',(65.309270120753,6.147258156111,7.));
#5164 = SURFACE_CURVE('',#5165,(#5169,#5176),.PCURVE_S1.);
#5165 = LINE('',#5166,#5167);
#5166 = CARTESIAN_POINT('',(63.934290758377,6.632544989891,7.));
#5167 = VECTOR('',#5168,1.);
#5168 = DIRECTION('',(0.942990333583,-0.332820117735,0.));
#5169 = PCURVE('',#350,#5170);
#5170 = DEFINITIONAL_REPRESENTATION('',(#5171),#5175);
#5171 = LINE('',#5172,#5173);
#5172 = CARTESIAN_POINT('',(45.16361778034,5.352734374992));
#5173 = VECTOR('',#5174,1.);
#5174 = DIRECTION('',(1.,-1.664224313913E-13));
#5175 = ( GEOMETRIC_REPRESENTATION_CONTEXT(2) 
PARAMETRIC_REPRESENTATION_CONTEXT() REPRESENTATION_CONTEXT('2D SPACE',''
  ) );
#5176 = PCURVE('',#5177,#5182);
#5177 = PLANE('',#5178);
#5178 = AXIS2_PLACEMENT_3D('',#5179,#5180,#5181);
#5179 = CARTESIAN_POINT('',(63.934290758377,6.632544989891,7.));
#5180 = DIRECTION('',(-0.332820117735,-0.942990333583,0.));
#5181 = DIRECTION('',(0.942990333583,-0.332820117735,0.));
#5182 = DEFINITIONAL_REPRESENTATION('',(#5183),#5187);
#5183 = LINE('',#5184,#5185);
#5184 = CARTESIAN_POINT('',(0.,0.));
#5185 = VECTOR('',#5186,1.);
#5186 = DIRECTION('',(1.,0.));
#5187 = ( GEOMETRIC_REPRESENTATION_CONTEXT(2) 
PARAMETRIC_REPRESENTATION_CONTEXT() REPRESENTATION_CONTEXT('2D SPACE',''
  ) );
#5188 = ORIENTED_EDGE('',*,*,#5189,.T.);
#5189 = EDGE_CURVE('',#5162,#5190,#5192,.T.);
#5190 = VERTEX_POINT('',#5191);
#5191 = CARTESIAN_POINT('',(65.19323810705,5.818500783954,7.));
#5192 = SURFACE_CURVE('',#5193,(#5197,#5204),.PCURVE_S1.);
#5193 = LINE('',#5194,#5195);
#5194 = CARTESIAN_POINT('',(65.309270120753,6.147258156111,7.));
#5195 = VECTOR('',#5196,1.);
#5196 = DIRECTION('',(-0.332820117735,-0.942990333583,0.));
#5197 = PCURVE('',#350,#5198);
#5198 = DEFINITIONAL_REPRESENTATION('',(#5199),#5203);
#5199 = LINE('',#5200,#5201);
#5200 = CARTESIAN_POINT('',(46.62172324909,5.352734374992));
#5201 = VECTOR('',#5202,1.);
#5202 = DIRECTION('',(-1.664224313913E-13,-1.));
#5203 = ( GEOMETRIC_REPRESENTATION_CONTEXT(2) 
PARAMETRIC_REPRESENTATION_CONTEXT() REPRESENTATION_CONTEXT('2D SPACE',''
  ) );
#5204 = PCURVE('',#5205,#5210);
#5205 = PLANE('',#5206);
#5206 = AXIS2_PLACEMENT_3D('',#5207,#5208,#5209);
#5207 = CARTESIAN_POINT('',(65.309270120753,6.147258156111,7.));
#5208 = DIRECTION('',(-0.942990333583,0.332820117735,0.));
#5209 = DIRECTION('',(-0.332820117735,-0.942990333583,0.));
#5210 = DEFINITIONAL_REPRESENTATION('',(#5211),#5215);
#5211 = LINE('',#5212,#5213);
#5212 = CARTESIAN_POINT('',(0.,0.));
#5213 = VECTOR('',#5214,1.);
#5214 = DIRECTION('',(1.,0.));
#5215 = ( GEOMETRIC_REPRESENTATION_CONTEXT(2) 
PARAMETRIC_REPRESENTATION_CONTEXT() REPRESENTATION_CONTEXT('2D SPACE',''
  ) );
#5216 = ORIENTED_EDGE('',*,*,#5217,.T.);
#5217 = EDGE_CURVE('',#5190,#5218,#5220,.T.);
#5218 = VERTEX_POINT('',#5219);
#5219 = CARTESIAN_POINT('',(63.818258744675,6.303787617733,7.));
#5220 = SURFACE_CURVE('',#5221,(#5225,#5232),.PCURVE_S1.);
#5221 = LINE('',#5222,#5223);
#5222 = CARTESIAN_POINT('',(65.19323810705,5.818500783954,7.));
#5223 = VECTOR('',#5224,1.);
#5224 = DIRECTION('',(-0.942990333583,0.332820117735,0.));
#5225 = PCURVE('',#350,#5226);
#5226 = DEFINITIONAL_REPRESENTATION('',(#5227),#5231);
#5227 = LINE('',#5228,#5229);
#5228 = CARTESIAN_POINT('',(46.62172324909,5.004101562492));
#5229 = VECTOR('',#5230,1.);
#5230 = DIRECTION('',(-1.,1.664224313913E-13));
#5231 = ( GEOMETRIC_REPRESENTATION_CONTEXT(2) 
PARAMETRIC_REPRESENTATION_CONTEXT() REPRESENTATION_CONTEXT('2D SPACE',''
  ) );
#5232 = PCURVE('',#5233,#5238);
#5233 = PLANE('',#5234);
#5234 = AXIS2_PLACEMENT_3D('',#5235,#5236,#5237);
#5235 = CARTESIAN_POINT('',(65.19323810705,5.818500783954,7.));
#5236 = DIRECTION('',(0.332820117735,0.942990333583,-0.));
#5237 = DIRECTION('',(-0.942990333583,0.332820117735,0.));
#5238 = DEFINITIONAL_REPRESENTATION('',(#5239),#5243);
#5239 = LINE('',#5240,#5241);
#5240 = CARTESIAN_POINT('',(0.,0.));
#5241 = VECTOR('',#5242,1.);
#5242 = DIRECTION('',(1.,0.));
#5243 = ( GEOMETRIC_REPRESENTATION_CONTEXT(2) 
PARAMETRIC_REPRESENTATION_CONTEXT() REPRESENTATION_CONTEXT('2D SPACE',''
  ) );
#5244 = ORIENTED_EDGE('',*,*,#5245,.T.);
#5245 = EDGE_CURVE('',#5218,#5246,#5248,.T.);
#5246 = VERTEX_POINT('',#5247);
#5247 = CARTESIAN_POINT('',(63.449003924598,5.257565627515,7.));
#5248 = SURFACE_CURVE('',#5249,(#5253,#5260),.PCURVE_S1.);
#5249 = LINE('',#5250,#5251);
#5250 = CARTESIAN_POINT('',(63.818258744675,6.303787617733,7.));
#5251 = VECTOR('',#5252,1.);
#5252 = DIRECTION('',(-0.332820117735,-0.942990333583,0.));
#5253 = PCURVE('',#350,#5254);
#5254 = DEFINITIONAL_REPRESENTATION('',(#5255),#5259);
#5255 = LINE('',#5256,#5257);
#5256 = CARTESIAN_POINT('',(45.16361778034,5.004101562492));
#5257 = VECTOR('',#5258,1.);
#5258 = DIRECTION('',(-1.664224313913E-13,-1.));
#5259 = ( GEOMETRIC_REPRESENTATION_CONTEXT(2) 
PARAMETRIC_REPRESENTATION_CONTEXT() REPRESENTATION_CONTEXT('2D SPACE',''
  ) );
#5260 = PCURVE('',#5261,#5266);
#5261 = PLANE('',#5262);
#5262 = AXIS2_PLACEMENT_3D('',#5263,#5264,#5265);
#5263 = CARTESIAN_POINT('',(63.818258744675,6.303787617733,7.));
#5264 = DIRECTION('',(-0.942990333583,0.332820117735,0.));
#5265 = DIRECTION('',(-0.332820117735,-0.942990333583,0.));
#5266 = DEFINITIONAL_REPRESENTATION('',(#5267),#5271);
#5267 = LINE('',#5268,#5269);
#5268 = CARTESIAN_POINT('',(0.,0.));
#5269 = VECTOR('',#5270,1.);
#5270 = DIRECTION('',(1.,0.));
#5271 = ( GEOMETRIC_REPRESENTATION_CONTEXT(2) 
PARAMETRIC_REPRESENTATION_CONTEXT() REPRESENTATION_CONTEXT('2D SPACE',''
  ) );
#5272 = ORIENTED_EDGE('',*,*,#5273,.T.);
#5273 = EDGE_CURVE('',#5246,#5274,#5276,.T.);
#5274 = VERTEX_POINT('',#5275);
#5275 = CARTESIAN_POINT('',(64.91874276483,4.738834272139,7.));
#5276 = SURFACE_CURVE('',#5277,(#5281,#5288),.PCURVE_S1.);
#5277 = LINE('',#5278,#5279);
#5278 = CARTESIAN_POINT('',(63.449003924598,5.257565627515,7.));
#5279 = VECTOR('',#5280,1.);
#5280 = DIRECTION('',(0.942990333583,-0.332820117735,0.));
#5281 = PCURVE('',#350,#5282);
#5282 = DEFINITIONAL_REPRESENTATION('',(#5283),#5287);
#5283 = LINE('',#5284,#5285);
#5284 = CARTESIAN_POINT('',(45.163617780339,3.894628906242));
#5285 = VECTOR('',#5286,1.);
#5286 = DIRECTION('',(1.,-1.664224313913E-13));
#5287 = ( GEOMETRIC_REPRESENTATION_CONTEXT(2) 
PARAMETRIC_REPRESENTATION_CONTEXT() REPRESENTATION_CONTEXT('2D SPACE',''
  ) );
#5288 = PCURVE('',#5289,#5294);
#5289 = PLANE('',#5290);
#5290 = AXIS2_PLACEMENT_3D('',#5291,#5292,#5293);
#5291 = CARTESIAN_POINT('',(63.449003924598,5.257565627515,7.));
#5292 = DIRECTION('',(-0.332820117735,-0.942990333583,0.));
#5293 = DIRECTION('',(0.942990333583,-0.332820117735,0.));
#5294 = DEFINITIONAL_REPRESENTATION('',(#5295),#5299);
#5295 = LINE('',#5296,#5297);
#5296 = CARTESIAN_POINT('',(0.,0.));
#5297 = VECTOR('',#5298,1.);
#5298 = DIRECTION('',(1.,0.));
#5299 = ( GEOMETRIC_REPRESENTATION_CONTEXT(2) 
PARAMETRIC_REPRESENTATION_CONTEXT() REPRESENTATION_CONTEXT('2D SPACE',''
  ) );
#5300 = ORIENTED_EDGE('',*,*,#5301,.T.);
#5301 = EDGE_CURVE('',#5274,#4992,#5302,.T.);
#5302 = SURFACE_CURVE('',#5303,(#5307,#5314),.PCURVE_S1.);
#5303 = LINE('',#5304,#5305);
#5304 = CARTESIAN_POINT('',(64.91874276483,4.738834272139,7.));
#5305 = VECTOR('',#5306,1.);
#5306 = DIRECTION('',(-0.332820117735,-0.942990333583,0.));
#5307 = PCURVE('',#350,#5308);
#5308 = DEFINITIONAL_REPRESENTATION('',(#5309),#5313);
#5309 = LINE('',#5310,#5311);
#5310 = CARTESIAN_POINT('',(46.722211530339,3.894628906242));
#5311 = VECTOR('',#5312,1.);
#5312 = DIRECTION('',(-1.664224313913E-13,-1.));
#5313 = ( GEOMETRIC_REPRESENTATION_CONTEXT(2) 
PARAMETRIC_REPRESENTATION_CONTEXT() REPRESENTATION_CONTEXT('2D SPACE',''
  ) );
#5314 = PCURVE('',#5315,#5320);
#5315 = PLANE('',#5316);
#5316 = AXIS2_PLACEMENT_3D('',#5317,#5318,#5319);
#5317 = CARTESIAN_POINT('',(64.91874276483,4.738834272139,7.));
#5318 = DIRECTION('',(-0.942990333583,0.332820117735,0.));
#5319 = DIRECTION('',(-0.332820117735,-0.942990333583,0.));
#5320 = DEFINITIONAL_REPRESENTATION('',(#5321),#5325);
#5321 = LINE('',#5322,#5323);
#5322 = CARTESIAN_POINT('',(0.,0.));
#5323 = VECTOR('',#5324,1.);
#5324 = DIRECTION('',(1.,0.));
#5325 = ( GEOMETRIC_REPRESENTATION_CONTEXT(2) 
PARAMETRIC_REPRESENTATION_CONTEXT() REPRESENTATION_CONTEXT('2D SPACE',''
  ) );
#5326 = ADVANCED_FACE('',(#5327),#375,.T.);
#5327 = FACE_BOUND('',#5328,.T.);
#5328 = EDGE_LOOP('',(#5329,#5350,#5351,#5352));
#5329 = ORIENTED_EDGE('',*,*,#5330,.F.);
#5330 = EDGE_CURVE('',#1196,#1559,#5331,.T.);
#5331 = SURFACE_CURVE('',#5332,(#5336,#5343),.PCURVE_S1.);
#5332 = LINE('',#5333,#5334);
#5333 = CARTESIAN_POINT('',(66.643536352233,0.,-7.));
#5334 = VECTOR('',#5335,1.);
#5335 = DIRECTION('',(0.,0.,1.));
#5336 = PCURVE('',#375,#5337);
#5337 = DEFINITIONAL_REPRESENTATION('',(#5338),#5342);
#5338 = LINE('',#5339,#5340);
#5339 = CARTESIAN_POINT('',(0.,49.925854591064));
#5340 = VECTOR('',#5341,1.);
#5341 = DIRECTION('',(1.,0.));
#5342 = ( GEOMETRIC_REPRESENTATION_CONTEXT(2) 
PARAMETRIC_REPRESENTATION_CONTEXT() REPRESENTATION_CONTEXT('2D SPACE',''
  ) );
#5343 = PCURVE('',#930,#5344);
#5344 = DEFINITIONAL_REPRESENTATION('',(#5345),#5349);
#5345 = LINE('',#5346,#5347);
#5346 = CARTESIAN_POINT('',(0.,49.925854591066));
#5347 = VECTOR('',#5348,1.);
#5348 = DIRECTION('',(1.,0.));
#5349 = ( GEOMETRIC_REPRESENTATION_CONTEXT(2) 
PARAMETRIC_REPRESENTATION_CONTEXT() REPRESENTATION_CONTEXT('2D SPACE',''
  ) );
#5350 = ORIENTED_EDGE('',*,*,#1218,.F.);
#5351 = ORIENTED_EDGE('',*,*,#362,.T.);
#5352 = ORIENTED_EDGE('',*,*,#1581,.T.);
#5353 = ADVANCED_FACE('',(#5354),#429,.F.);
#5354 = FACE_BOUND('',#5355,.F.);
#5355 = EDGE_LOOP('',(#5356,#5357,#5378,#5379));
#5356 = ORIENTED_EDGE('',*,*,#489,.F.);
#5357 = ORIENTED_EDGE('',*,*,#5358,.F.);
#5358 = EDGE_CURVE('',#946,#490,#5359,.T.);
#5359 = SURFACE_CURVE('',#5360,(#5364,#5371),.PCURVE_S1.);
#5360 = LINE('',#5361,#5362);
#5361 = CARTESIAN_POINT('',(0.2,-42.,-10.0825));
#5362 = VECTOR('',#5363,1.);
#5363 = DIRECTION('',(0.,0.,-1.));
#5364 = PCURVE('',#429,#5365);
#5365 = DEFINITIONAL_REPRESENTATION('',(#5366),#5370);
#5366 = LINE('',#5367,#5368);
#5367 = CARTESIAN_POINT('',(-0.7075,14.2));
#5368 = VECTOR('',#5369,1.);
#5369 = DIRECTION('',(-1.,0.));
#5370 = ( GEOMETRIC_REPRESENTATION_CONTEXT(2) 
PARAMETRIC_REPRESENTATION_CONTEXT() REPRESENTATION_CONTEXT('2D SPACE',''
  ) );
#5371 = PCURVE('',#665,#5372);
#5372 = DEFINITIONAL_REPRESENTATION('',(#5373),#5377);
#5373 = LINE('',#5374,#5375);
#5374 = CARTESIAN_POINT('',(0.7075,-6.));
#5375 = VECTOR('',#5376,1.);
#5376 = DIRECTION('',(-1.,-0.));
#5377 = ( GEOMETRIC_REPRESENTATION_CONTEXT(2) 
PARAMETRIC_REPRESENTATION_CONTEXT() REPRESENTATION_CONTEXT('2D SPACE',''
  ) );
#5378 = ORIENTED_EDGE('',*,*,#945,.T.);
#5379 = ORIENTED_EDGE('',*,*,#413,.F.);
#5380 = ADVANCED_FACE('',(#5381),#554,.T.);
#5381 = FACE_BOUND('',#5382,.T.);
#5382 = EDGE_LOOP('',(#5383,#5384,#5385,#5407,#5408,#5409));
#5383 = ORIENTED_EDGE('',*,*,#971,.F.);
#5384 = ORIENTED_EDGE('',*,*,#818,.F.);
#5385 = ORIENTED_EDGE('',*,*,#5386,.F.);
#5386 = EDGE_CURVE('',#707,#790,#5387,.T.);
#5387 = SURFACE_CURVE('',#5388,(#5393,#5400),.PCURVE_S1.);
#5388 = CIRCLE('',#5389,4.2);
#5389 = AXIS2_PLACEMENT_3D('',#5390,#5391,#5392);
#5390 = CARTESIAN_POINT('',(14.,36.,3.10862446895E-15));
#5391 = DIRECTION('',(1.,-0.,2.22044604925E-16));
#5392 = DIRECTION('',(2.22044604925E-16,0.,-1.));
#5393 = PCURVE('',#554,#5394);
#5394 = DEFINITIONAL_REPRESENTATION('',(#5395),#5399);
#5395 = CIRCLE('',#5396,4.2);
#5396 = AXIS2_PLACEMENT_2D('',#5397,#5398);
#5397 = CARTESIAN_POINT('',(9.375,-6.));
#5398 = DIRECTION('',(-1.,0.));
#5399 = ( GEOMETRIC_REPRESENTATION_CONTEXT(2) 
PARAMETRIC_REPRESENTATION_CONTEXT() REPRESENTATION_CONTEXT('2D SPACE',''
  ) );
#5400 = PCURVE('',#748,#5401);
#5401 = DEFINITIONAL_REPRESENTATION('',(#5402),#5406);
#5402 = LINE('',#5403,#5404);
#5403 = CARTESIAN_POINT('',(0.,29.));
#5404 = VECTOR('',#5405,1.);
#5405 = DIRECTION('',(1.,0.));
#5406 = ( GEOMETRIC_REPRESENTATION_CONTEXT(2) 
PARAMETRIC_REPRESENTATION_CONTEXT() REPRESENTATION_CONTEXT('2D SPACE',''
  ) );
#5407 = ORIENTED_EDGE('',*,*,#706,.F.);
#5408 = ORIENTED_EDGE('',*,*,#538,.T.);
#5409 = ORIENTED_EDGE('',*,*,#5410,.T.);
#5410 = EDGE_CURVE('',#539,#972,#5411,.T.);
#5411 = SURFACE_CURVE('',#5412,(#5416,#5423),.PCURVE_S1.);
#5412 = LINE('',#5413,#5414);
#5413 = CARTESIAN_POINT('',(14.,42.,-9.375));
#5414 = VECTOR('',#5415,1.);
#5415 = DIRECTION('',(0.,0.,1.));
#5416 = PCURVE('',#554,#5417);
#5417 = DEFINITIONAL_REPRESENTATION('',(#5418),#5422);
#5418 = LINE('',#5419,#5420);
#5419 = CARTESIAN_POINT('',(0.,-12.));
#5420 = VECTOR('',#5421,1.);
#5421 = DIRECTION('',(1.,0.));
#5422 = ( GEOMETRIC_REPRESENTATION_CONTEXT(2) 
PARAMETRIC_REPRESENTATION_CONTEXT() REPRESENTATION_CONTEXT('2D SPACE',''
  ) );
#5423 = PCURVE('',#582,#5424);
#5424 = DEFINITIONAL_REPRESENTATION('',(#5425),#5429);
#5425 = LINE('',#5426,#5427);
#5426 = CARTESIAN_POINT('',(0.,28.));
#5427 = VECTOR('',#5428,1.);
#5428 = DIRECTION('',(1.,0.));
#5429 = ( GEOMETRIC_REPRESENTATION_CONTEXT(2) 
PARAMETRIC_REPRESENTATION_CONTEXT() REPRESENTATION_CONTEXT('2D SPACE',''
  ) );
#5430 = ADVANCED_FACE('',(#5431),#582,.T.);
#5431 = FACE_BOUND('',#5432,.T.);
#5432 = EDGE_LOOP('',(#5433,#5434,#5455,#5456));
#5433 = ORIENTED_EDGE('',*,*,#566,.F.);
#5434 = ORIENTED_EDGE('',*,*,#5435,.F.);
#5435 = EDGE_CURVE('',#995,#567,#5436,.T.);
#5436 = SURFACE_CURVE('',#5437,(#5441,#5448),.PCURVE_S1.);
#5437 = LINE('',#5438,#5439);
#5438 = CARTESIAN_POINT('',(0.2,42.,-10.0825));
#5439 = VECTOR('',#5440,1.);
#5440 = DIRECTION('',(0.,0.,-1.));
#5441 = PCURVE('',#582,#5442);
#5442 = DEFINITIONAL_REPRESENTATION('',(#5443),#5447);
#5443 = LINE('',#5444,#5445);
#5444 = CARTESIAN_POINT('',(-0.7075,14.2));
#5445 = VECTOR('',#5446,1.);
#5446 = DIRECTION('',(-1.,0.));
#5447 = ( GEOMETRIC_REPRESENTATION_CONTEXT(2) 
PARAMETRIC_REPRESENTATION_CONTEXT() REPRESENTATION_CONTEXT('2D SPACE',''
  ) );
#5448 = PCURVE('',#610,#5449);
#5449 = DEFINITIONAL_REPRESENTATION('',(#5450),#5454);
#5450 = LINE('',#5451,#5452);
#5451 = CARTESIAN_POINT('',(0.7075,-90.));
#5452 = VECTOR('',#5453,1.);
#5453 = DIRECTION('',(-1.,-0.));
#5454 = ( GEOMETRIC_REPRESENTATION_CONTEXT(2) 
PARAMETRIC_REPRESENTATION_CONTEXT() REPRESENTATION_CONTEXT('2D SPACE',''
  ) );
#5455 = ORIENTED_EDGE('',*,*,#994,.T.);
#5456 = ORIENTED_EDGE('',*,*,#5410,.F.);
#5457 = ADVANCED_FACE('',(#5458,#5483),#610,.F.);
#5458 = FACE_BOUND('',#5459,.F.);
#5459 = EDGE_LOOP('',(#5460,#5480,#5481,#5482));
#5460 = ORIENTED_EDGE('',*,*,#5461,.F.);
#5461 = EDGE_CURVE('',#595,#1018,#5462,.T.);
#5462 = SURFACE_CURVE('',#5463,(#5467,#5474),.PCURVE_S1.);
#5463 = LINE('',#5464,#5465);
#5464 = CARTESIAN_POINT('',(0.2,29.004310455517,-10.375));
#5465 = VECTOR('',#5466,1.);
#5466 = DIRECTION('',(0.,0.,1.));
#5467 = PCURVE('',#610,#5468);
#5468 = DEFINITIONAL_REPRESENTATION('',(#5469),#5473);
#5469 = LINE('',#5470,#5471);
#5470 = CARTESIAN_POINT('',(0.415,-77.00431045551));
#5471 = VECTOR('',#5472,1.);
#5472 = DIRECTION('',(1.,0.));
#5473 = ( GEOMETRIC_REPRESENTATION_CONTEXT(2) 
PARAMETRIC_REPRESENTATION_CONTEXT() REPRESENTATION_CONTEXT('2D SPACE',''
  ) );
#5474 = PCURVE('',#639,#5475);
#5475 = DEFINITIONAL_REPRESENTATION('',(#5476),#5479);
#5476 = B_SPLINE_CURVE_WITH_KNOTS('',1,(#5477,#5478),.UNSPECIFIED.,.F.,
  .F.,(2,2),(1.,19.75),.PIECEWISE_BEZIER_KNOTS.);
#5477 = CARTESIAN_POINT('',(1.563900909284,1.));
#5478 = CARTESIAN_POINT('',(1.563900909284,19.75));
#5479 = ( GEOMETRIC_REPRESENTATION_CONTEXT(2) 
PARAMETRIC_REPRESENTATION_CONTEXT() REPRESENTATION_CONTEXT('2D SPACE',''
  ) );
#5480 = ORIENTED_EDGE('',*,*,#594,.T.);
#5481 = ORIENTED_EDGE('',*,*,#5435,.F.);
#5482 = ORIENTED_EDGE('',*,*,#1017,.F.);
#5483 = FACE_BOUND('',#5484,.F.);
#5484 = EDGE_LOOP('',(#5485));
#5485 = ORIENTED_EDGE('',*,*,#5486,.F.);
#5486 = EDGE_CURVE('',#5487,#5487,#5489,.T.);
#5487 = VERTEX_POINT('',#5488);
#5488 = CARTESIAN_POINT('',(0.2,36.,-4.2));
#5489 = SURFACE_CURVE('',#5490,(#5495,#5502),.PCURVE_S1.);
#5490 = CIRCLE('',#5491,4.2);
#5491 = AXIS2_PLACEMENT_3D('',#5492,#5493,#5494);
#5492 = CARTESIAN_POINT('',(0.2,36.,4.440892098501E-17));
#5493 = DIRECTION('',(1.,-0.,2.22044604925E-16));
#5494 = DIRECTION('',(2.22044604925E-16,0.,-1.));
#5495 = PCURVE('',#610,#5496);
#5496 = DEFINITIONAL_REPRESENTATION('',(#5497),#5501);
#5497 = CIRCLE('',#5498,4.2);
#5498 = AXIS2_PLACEMENT_2D('',#5499,#5500);
#5499 = CARTESIAN_POINT('',(10.79,-84.));
#5500 = DIRECTION('',(-1.,0.));
#5501 = ( GEOMETRIC_REPRESENTATION_CONTEXT(2) 
PARAMETRIC_REPRESENTATION_CONTEXT() REPRESENTATION_CONTEXT('2D SPACE',''
  ) );
#5502 = PCURVE('',#748,#5503);
#5503 = DEFINITIONAL_REPRESENTATION('',(#5504),#5508);
#5504 = LINE('',#5505,#5506);
#5505 = CARTESIAN_POINT('',(0.,15.2));
#5506 = VECTOR('',#5507,1.);
#5507 = DIRECTION('',(1.,0.));
#5508 = ( GEOMETRIC_REPRESENTATION_CONTEXT(2) 
PARAMETRIC_REPRESENTATION_CONTEXT() REPRESENTATION_CONTEXT('2D SPACE',''
  ) );
#5509 = ADVANCED_FACE('',(#5510),#639,.F.);
#5510 = FACE_BOUND('',#5511,.F.);
#5511 = EDGE_LOOP('',(#5512,#5513,#5514,#5515));
#5512 = ORIENTED_EDGE('',*,*,#622,.T.);
#5513 = ORIENTED_EDGE('',*,*,#5461,.T.);
#5514 = ORIENTED_EDGE('',*,*,#1040,.T.);
#5515 = ORIENTED_EDGE('',*,*,#5516,.F.);
#5516 = EDGE_CURVE('',#623,#1041,#5517,.T.);
#5517 = SURFACE_CURVE('',#5518,(#5522,#5528),.PCURVE_S1.);
#5518 = LINE('',#5519,#5520);
#5519 = CARTESIAN_POINT('',(0.2,-29.00431045551,-10.375));
#5520 = VECTOR('',#5521,1.);
#5521 = DIRECTION('',(0.,0.,1.));
#5522 = PCURVE('',#639,#5523);
#5523 = DEFINITIONAL_REPRESENTATION('',(#5524),#5527);
#5524 = B_SPLINE_CURVE_WITH_KNOTS('',1,(#5525,#5526),.UNSPECIFIED.,.F.,
  .F.,(2,2),(1.,19.75),.PIECEWISE_BEZIER_KNOTS.);
#5525 = CARTESIAN_POINT('',(-1.563900909284,1.));
#5526 = CARTESIAN_POINT('',(-1.563900909284,19.75));
#5527 = ( GEOMETRIC_REPRESENTATION_CONTEXT(2) 
PARAMETRIC_REPRESENTATION_CONTEXT() REPRESENTATION_CONTEXT('2D SPACE',''
  ) );
#5528 = PCURVE('',#665,#5529);
#5529 = DEFINITIONAL_REPRESENTATION('',(#5530),#5534);
#5530 = LINE('',#5531,#5532);
#5531 = CARTESIAN_POINT('',(0.415,-18.99568954449));
#5532 = VECTOR('',#5533,1.);
#5533 = DIRECTION('',(1.,0.));
#5534 = ( GEOMETRIC_REPRESENTATION_CONTEXT(2) 
PARAMETRIC_REPRESENTATION_CONTEXT() REPRESENTATION_CONTEXT('2D SPACE',''
  ) );
#5535 = ADVANCED_FACE('',(#5536,#5542),#665,.F.);
#5536 = FACE_BOUND('',#5537,.F.);
#5537 = EDGE_LOOP('',(#5538,#5539,#5540,#5541));
#5538 = ORIENTED_EDGE('',*,*,#5358,.T.);
#5539 = ORIENTED_EDGE('',*,*,#651,.T.);
#5540 = ORIENTED_EDGE('',*,*,#5516,.T.);
#5541 = ORIENTED_EDGE('',*,*,#1068,.F.);
#5542 = FACE_BOUND('',#5543,.F.);
#5543 = EDGE_LOOP('',(#5544));
#5544 = ORIENTED_EDGE('',*,*,#1141,.F.);
#5545 = ADVANCED_FACE('',(#5546),#748,.F.);
#5546 = FACE_BOUND('',#5547,.F.);
#5547 = EDGE_LOOP('',(#5548,#5549,#5570,#5592,#5593,#5594,#5595));
#5548 = ORIENTED_EDGE('',*,*,#5486,.T.);
#5549 = ORIENTED_EDGE('',*,*,#5550,.T.);
#5550 = EDGE_CURVE('',#5487,#729,#5551,.T.);
#5551 = SEAM_CURVE('',#5552,(#5556,#5563),.PCURVE_S1.);
#5552 = LINE('',#5553,#5554);
#5553 = CARTESIAN_POINT('',(-15.,36.,-4.2));
#5554 = VECTOR('',#5555,1.);
#5555 = DIRECTION('',(1.,0.,2.22044604925E-16));
#5556 = PCURVE('',#748,#5557);
#5557 = DEFINITIONAL_REPRESENTATION('',(#5558),#5562);
#5558 = LINE('',#5559,#5560);
#5559 = CARTESIAN_POINT('',(6.28318530718,0.));
#5560 = VECTOR('',#5561,1.);
#5561 = DIRECTION('',(0.,1.));
#5562 = ( GEOMETRIC_REPRESENTATION_CONTEXT(2) 
PARAMETRIC_REPRESENTATION_CONTEXT() REPRESENTATION_CONTEXT('2D SPACE',''
  ) );
#5563 = PCURVE('',#748,#5564);
#5564 = DEFINITIONAL_REPRESENTATION('',(#5565),#5569);
#5565 = LINE('',#5566,#5567);
#5566 = CARTESIAN_POINT('',(4.138911435803E-13,0.));
#5567 = VECTOR('',#5568,1.);
#5568 = DIRECTION('',(0.,1.));
#5569 = ( GEOMETRIC_REPRESENTATION_CONTEXT(2) 
PARAMETRIC_REPRESENTATION_CONTEXT() REPRESENTATION_CONTEXT('2D SPACE',''
  ) );
#5570 = ORIENTED_EDGE('',*,*,#5571,.F.);
#5571 = EDGE_CURVE('',#763,#729,#5572,.T.);
#5572 = SURFACE_CURVE('',#5573,(#5578,#5585),.PCURVE_S1.);
#5573 = CIRCLE('',#5574,4.2);
#5574 = AXIS2_PLACEMENT_3D('',#5575,#5576,#5577);
#5575 = CARTESIAN_POINT('',(15.,36.,3.330669073875E-15));
#5576 = DIRECTION('',(1.,-0.,2.22044604925E-16));
#5577 = DIRECTION('',(2.22044604925E-16,0.,-1.));
#5578 = PCURVE('',#748,#5579);
#5579 = DEFINITIONAL_REPRESENTATION('',(#5580),#5584);
#5580 = LINE('',#5581,#5582);
#5581 = CARTESIAN_POINT('',(0.,30.));
#5582 = VECTOR('',#5583,1.);
#5583 = DIRECTION('',(1.,0.));
#5584 = ( GEOMETRIC_REPRESENTATION_CONTEXT(2) 
PARAMETRIC_REPRESENTATION_CONTEXT() REPRESENTATION_CONTEXT('2D SPACE',''
  ) );
#5585 = PCURVE('',#777,#5586);
#5586 = DEFINITIONAL_REPRESENTATION('',(#5587),#5591);
#5587 = CIRCLE('',#5588,4.2);
#5588 = AXIS2_PLACEMENT_2D('',#5589,#5590);
#5589 = CARTESIAN_POINT('',(0.,0.));
#5590 = DIRECTION('',(1.,0.));
#5591 = ( GEOMETRIC_REPRESENTATION_CONTEXT(2) 
PARAMETRIC_REPRESENTATION_CONTEXT() REPRESENTATION_CONTEXT('2D SPACE',''
  ) );
#5592 = ORIENTED_EDGE('',*,*,#789,.F.);
#5593 = ORIENTED_EDGE('',*,*,#5386,.F.);
#5594 = ORIENTED_EDGE('',*,*,#728,.F.);
#5595 = ORIENTED_EDGE('',*,*,#5550,.F.);
#5596 = ADVANCED_FACE('',(#5597),#777,.F.);
#5597 = FACE_BOUND('',#5598,.F.);
#5598 = EDGE_LOOP('',(#5599,#5600));
#5599 = ORIENTED_EDGE('',*,*,#5571,.T.);
#5600 = ORIENTED_EDGE('',*,*,#762,.T.);
#5601 = ADVANCED_FACE('',(#5602),#930,.F.);
#5602 = FACE_BOUND('',#5603,.F.);
#5603 = EDGE_LOOP('',(#5604,#5605,#5606,#5607));
#5604 = ORIENTED_EDGE('',*,*,#1195,.F.);
#5605 = ORIENTED_EDGE('',*,*,#917,.T.);
#5606 = ORIENTED_EDGE('',*,*,#1558,.T.);
#5607 = ORIENTED_EDGE('',*,*,#5330,.F.);
#5608 = ADVANCED_FACE('',(#5609),#881,.T.);
#5609 = FACE_BOUND('',#5610,.T.);
#5610 = EDGE_LOOP('',(#5611,#5612,#5613,#5614));
#5611 = ORIENTED_EDGE('',*,*,#1171,.F.);
#5612 = ORIENTED_EDGE('',*,*,#866,.T.);
#5613 = ORIENTED_EDGE('',*,*,#1534,.T.);
#5614 = ORIENTED_EDGE('',*,*,#5615,.F.);
#5615 = EDGE_CURVE('',#1172,#1535,#5616,.T.);
#5616 = SURFACE_CURVE('',#5617,(#5621,#5628),.PCURVE_S1.);
#5617 = LINE('',#5618,#5619);
#5618 = CARTESIAN_POINT('',(81.666666666667,5.302281287447,-7.));
#5619 = VECTOR('',#5620,1.);
#5620 = DIRECTION('',(0.,0.,1.));
#5621 = PCURVE('',#881,#5622);
#5622 = DEFINITIONAL_REPRESENTATION('',(#5623),#5627);
#5623 = LINE('',#5624,#5625);
#5624 = CARTESIAN_POINT('',(0.,62.327815375381));
#5625 = VECTOR('',#5626,1.);
#5626 = DIRECTION('',(1.,0.));
#5627 = ( GEOMETRIC_REPRESENTATION_CONTEXT(2) 
PARAMETRIC_REPRESENTATION_CONTEXT() REPRESENTATION_CONTEXT('2D SPACE',''
  ) );
#5628 = PCURVE('',#1470,#5629);
#5629 = DEFINITIONAL_REPRESENTATION('',(#5630),#5634);
#5630 = LINE('',#5631,#5632);
#5631 = CARTESIAN_POINT('',(0.,65.857227140084));
#5632 = VECTOR('',#5633,1.);
#5633 = DIRECTION('',(1.,0.));
#5634 = ( GEOMETRIC_REPRESENTATION_CONTEXT(2) 
PARAMETRIC_REPRESENTATION_CONTEXT() REPRESENTATION_CONTEXT('2D SPACE',''
  ) );
#5635 = ADVANCED_FACE('',(#5636),#1279,.F.);
#5636 = FACE_BOUND('',#5637,.F.);
#5637 = EDGE_LOOP('',(#5638,#5639,#5640,#5641));
#5638 = ORIENTED_EDGE('',*,*,#1263,.F.);
#5639 = ORIENTED_EDGE('',*,*,#1485,.T.);
#5640 = ORIENTED_EDGE('',*,*,#1604,.T.);
#5641 = ORIENTED_EDGE('',*,*,#5642,.F.);
#5642 = EDGE_CURVE('',#1264,#1605,#5643,.T.);
#5643 = SURFACE_CURVE('',#5644,(#5648,#5655),.PCURVE_S1.);
#5644 = LINE('',#5645,#5646);
#5645 = CARTESIAN_POINT('',(112.10786074565,-16.04623213885,-7.));
#5646 = VECTOR('',#5647,1.);
#5647 = DIRECTION('',(0.,0.,1.));
#5648 = PCURVE('',#1279,#5649);
#5649 = DEFINITIONAL_REPRESENTATION('',(#5650),#5654);
#5650 = LINE('',#5651,#5652);
#5651 = CARTESIAN_POINT('',(0.,98.138781886592));
#5652 = VECTOR('',#5653,1.);
#5653 = DIRECTION('',(1.,0.));
#5654 = ( GEOMETRIC_REPRESENTATION_CONTEXT(2) 
PARAMETRIC_REPRESENTATION_CONTEXT() REPRESENTATION_CONTEXT('2D SPACE',''
  ) );
#5655 = PCURVE('',#1307,#5656);
#5656 = DEFINITIONAL_REPRESENTATION('',(#5657),#5661);
#5657 = LINE('',#5658,#5659);
#5658 = CARTESIAN_POINT('',(0.,0.));
#5659 = VECTOR('',#5660,1.);
#5660 = DIRECTION('',(1.,0.));
#5661 = ( GEOMETRIC_REPRESENTATION_CONTEXT(2) 
PARAMETRIC_REPRESENTATION_CONTEXT() REPRESENTATION_CONTEXT('2D SPACE',''
  ) );
#5662 = ADVANCED_FACE('',(#5663),#1307,.T.);
#5663 = FACE_BOUND('',#5664,.T.);
#5664 = EDGE_LOOP('',(#5665,#5666,#5667,#5668));
#5665 = ORIENTED_EDGE('',*,*,#1627,.F.);
#5666 = ORIENTED_EDGE('',*,*,#5642,.F.);
#5667 = ORIENTED_EDGE('',*,*,#1291,.T.);
#5668 = ORIENTED_EDGE('',*,*,#5669,.T.);
#5669 = EDGE_CURVE('',#1292,#1628,#5670,.T.);
#5670 = SURFACE_CURVE('',#5671,(#5675,#5682),.PCURVE_S1.);
#5671 = LINE('',#5672,#5673);
#5672 = CARTESIAN_POINT('',(112.80029608002,-14.0843320248,-9.79));
#5673 = VECTOR('',#5674,1.);
#5674 = DIRECTION('',(0.,0.,1.));
#5675 = PCURVE('',#1307,#5676);
#5676 = DEFINITIONAL_REPRESENTATION('',(#5677),#5681);
#5677 = LINE('',#5678,#5679);
#5678 = CARTESIAN_POINT('',(-2.79,-2.080509252513));
#5679 = VECTOR('',#5680,1.);
#5680 = DIRECTION('',(1.,0.));
#5681 = ( GEOMETRIC_REPRESENTATION_CONTEXT(2) 
PARAMETRIC_REPRESENTATION_CONTEXT() REPRESENTATION_CONTEXT('2D SPACE',''
  ) );
#5682 = PCURVE('',#1336,#5683);
#5683 = DEFINITIONAL_REPRESENTATION('',(#5684),#5687);
#5684 = B_SPLINE_CURVE_WITH_KNOTS('',1,(#5685,#5686),.UNSPECIFIED.,.F.,
  .F.,(2,2),(1.39,18.19),.PIECEWISE_BEZIER_KNOTS.);
#5685 = CARTESIAN_POINT('',(3.922911793204,1.39));
#5686 = CARTESIAN_POINT('',(3.922911793204,18.19));
#5687 = ( GEOMETRIC_REPRESENTATION_CONTEXT(2) 
PARAMETRIC_REPRESENTATION_CONTEXT() REPRESENTATION_CONTEXT('2D SPACE',''
  ) );
#5688 = ADVANCED_FACE('',(#5689,#5771,#5815),#1336,.T.);
#5689 = FACE_BOUND('',#5690,.T.);
#5690 = EDGE_LOOP('',(#5691,#5720,#5743,#5770));
#5691 = ORIENTED_EDGE('',*,*,#5692,.F.);
#5692 = EDGE_CURVE('',#5693,#5693,#5695,.T.);
#5693 = VERTEX_POINT('',#5694);
#5694 = CARTESIAN_POINT('',(147.,-4.898587196589E-15,9.79));
#5695 = SURFACE_CURVE('',#5696,(#5701,#5708),.PCURVE_S1.);
#5696 = CIRCLE('',#5697,20.);
#5697 = AXIS2_PLACEMENT_3D('',#5698,#5699,#5700);
#5698 = CARTESIAN_POINT('',(127.,0.,9.79));
#5699 = DIRECTION('',(0.,0.,1.));
#5700 = DIRECTION('',(1.,0.,0.));
#5701 = PCURVE('',#1336,#5702);
#5702 = DEFINITIONAL_REPRESENTATION('',(#5703),#5707);
#5703 = LINE('',#5704,#5705);
#5704 = CARTESIAN_POINT('',(0.,19.58));
#5705 = VECTOR('',#5706,1.);
#5706 = DIRECTION('',(1.,0.));
#5707 = ( GEOMETRIC_REPRESENTATION_CONTEXT(2) 
PARAMETRIC_REPRESENTATION_CONTEXT() REPRESENTATION_CONTEXT('2D SPACE',''
  ) );
#5708 = PCURVE('',#5709,#5714);
#5709 = PLANE('',#5710);
#5710 = AXIS2_PLACEMENT_3D('',#5711,#5712,#5713);
#5711 = CARTESIAN_POINT('',(127.,0.,9.79));
#5712 = DIRECTION('',(0.,0.,1.));
#5713 = DIRECTION('',(1.,0.,0.));
#5714 = DEFINITIONAL_REPRESENTATION('',(#5715),#5719);
#5715 = CIRCLE('',#5716,20.);
#5716 = AXIS2_PLACEMENT_2D('',#5717,#5718);
#5717 = CARTESIAN_POINT('',(0.,0.));
#5718 = DIRECTION('',(1.,0.));
#5719 = ( GEOMETRIC_REPRESENTATION_CONTEXT(2) 
PARAMETRIC_REPRESENTATION_CONTEXT() REPRESENTATION_CONTEXT('2D SPACE',''
  ) );
#5720 = ORIENTED_EDGE('',*,*,#5721,.F.);
#5721 = EDGE_CURVE('',#5722,#5693,#5724,.T.);
#5722 = VERTEX_POINT('',#5723);
#5723 = CARTESIAN_POINT('',(147.,-4.898587196589E-15,-9.79));
#5724 = SEAM_CURVE('',#5725,(#5729,#5736),.PCURVE_S1.);
#5725 = LINE('',#5726,#5727);
#5726 = CARTESIAN_POINT('',(147.,-4.898587196589E-15,-9.79));
#5727 = VECTOR('',#5728,1.);
#5728 = DIRECTION('',(0.,0.,1.));
#5729 = PCURVE('',#1336,#5730);
#5730 = DEFINITIONAL_REPRESENTATION('',(#5731),#5735);
#5731 = LINE('',#5732,#5733);
#5732 = CARTESIAN_POINT('',(0.,-0.));
#5733 = VECTOR('',#5734,1.);
#5734 = DIRECTION('',(0.,1.));
#5735 = ( GEOMETRIC_REPRESENTATION_CONTEXT(2) 
PARAMETRIC_REPRESENTATION_CONTEXT() REPRESENTATION_CONTEXT('2D SPACE',''
  ) );
#5736 = PCURVE('',#1336,#5737);
#5737 = DEFINITIONAL_REPRESENTATION('',(#5738),#5742);
#5738 = LINE('',#5739,#5740);
#5739 = CARTESIAN_POINT('',(6.28318530718,-0.));
#5740 = VECTOR('',#5741,1.);
#5741 = DIRECTION('',(0.,1.));
#5742 = ( GEOMETRIC_REPRESENTATION_CONTEXT(2) 
PARAMETRIC_REPRESENTATION_CONTEXT() REPRESENTATION_CONTEXT('2D SPACE',''
  ) );
#5743 = ORIENTED_EDGE('',*,*,#5744,.T.);
#5744 = EDGE_CURVE('',#5722,#5722,#5745,.T.);
#5745 = SURFACE_CURVE('',#5746,(#5751,#5758),.PCURVE_S1.);
#5746 = CIRCLE('',#5747,20.);
#5747 = AXIS2_PLACEMENT_3D('',#5748,#5749,#5750);
#5748 = CARTESIAN_POINT('',(127.,0.,-9.79));
#5749 = DIRECTION('',(0.,0.,1.));
#5750 = DIRECTION('',(1.,0.,0.));
#5751 = PCURVE('',#1336,#5752);
#5752 = DEFINITIONAL_REPRESENTATION('',(#5753),#5757);
#5753 = LINE('',#5754,#5755);
#5754 = CARTESIAN_POINT('',(0.,0.));
#5755 = VECTOR('',#5756,1.);
#5756 = DIRECTION('',(1.,0.));
#5757 = ( GEOMETRIC_REPRESENTATION_CONTEXT(2) 
PARAMETRIC_REPRESENTATION_CONTEXT() REPRESENTATION_CONTEXT('2D SPACE',''
  ) );
#5758 = PCURVE('',#5759,#5764);
#5759 = PLANE('',#5760);
#5760 = AXIS2_PLACEMENT_3D('',#5761,#5762,#5763);
#5761 = CARTESIAN_POINT('',(127.,0.,-9.79));
#5762 = DIRECTION('',(0.,0.,1.));
#5763 = DIRECTION('',(1.,0.,0.));
#5764 = DEFINITIONAL_REPRESENTATION('',(#5765),#5769);
#5765 = CIRCLE('',#5766,20.);
#5766 = AXIS2_PLACEMENT_2D('',#5767,#5768);
#5767 = CARTESIAN_POINT('',(0.,0.));
#5768 = DIRECTION('',(1.,0.));
#5769 = ( GEOMETRIC_REPRESENTATION_CONTEXT(2) 
PARAMETRIC_REPRESENTATION_CONTEXT() REPRESENTATION_CONTEXT('2D SPACE',''
  ) );
#5770 = ORIENTED_EDGE('',*,*,#5721,.T.);
#5771 = FACE_BOUND('',#5772,.T.);
#5772 = EDGE_LOOP('',(#5773,#5774,#5794,#5795));
#5773 = ORIENTED_EDGE('',*,*,#1404,.F.);
#5774 = ORIENTED_EDGE('',*,*,#5775,.T.);
#5775 = EDGE_CURVE('',#1405,#1721,#5776,.T.);
#5776 = SURFACE_CURVE('',#5777,(#5781,#5787),.PCURVE_S1.);
#5777 = LINE('',#5778,#5779);
#5778 = CARTESIAN_POINT('',(112.80029608002,14.084332024809,-9.79));
#5779 = VECTOR('',#5780,1.);
#5780 = DIRECTION('',(0.,0.,1.));
#5781 = PCURVE('',#1336,#5782);
#5782 = DEFINITIONAL_REPRESENTATION('',(#5783),#5786);
#5783 = B_SPLINE_CURVE_WITH_KNOTS('',1,(#5784,#5785),.UNSPECIFIED.,.F.,
  .F.,(2,2),(1.39,18.19),.PIECEWISE_BEZIER_KNOTS.);
#5784 = CARTESIAN_POINT('',(2.360273513975,1.39));
#5785 = CARTESIAN_POINT('',(2.360273513975,18.19));
#5786 = ( GEOMETRIC_REPRESENTATION_CONTEXT(2) 
PARAMETRIC_REPRESENTATION_CONTEXT() REPRESENTATION_CONTEXT('2D SPACE',''
  ) );
#5787 = PCURVE('',#1444,#5788);
#5788 = DEFINITIONAL_REPRESENTATION('',(#5789),#5793);
#5789 = LINE('',#5790,#5791);
#5790 = CARTESIAN_POINT('',(-2.79,-7.91949074749));
#5791 = VECTOR('',#5792,1.);
#5792 = DIRECTION('',(1.,0.));
#5793 = ( GEOMETRIC_REPRESENTATION_CONTEXT(2) 
PARAMETRIC_REPRESENTATION_CONTEXT() REPRESENTATION_CONTEXT('2D SPACE',''
  ) );
#5794 = ORIENTED_EDGE('',*,*,#1720,.T.);
#5795 = ORIENTED_EDGE('',*,*,#5796,.F.);
#5796 = EDGE_CURVE('',#1377,#1698,#5797,.T.);
#5797 = SURFACE_CURVE('',#5798,(#5802,#5808),.PCURVE_S1.);
#5798 = LINE('',#5799,#5800);
#5799 = CARTESIAN_POINT('',(107.35759749062,3.765106062183,-9.79));
#5800 = VECTOR('',#5801,1.);
#5801 = DIRECTION('',(0.,0.,1.));
#5802 = PCURVE('',#1336,#5803);
#5803 = DEFINITIONAL_REPRESENTATION('',(#5804),#5807);
#5804 = B_SPLINE_CURVE_WITH_KNOTS('',1,(#5805,#5806),.UNSPECIFIED.,.F.,
  .F.,(2,2),(1.39,18.19),.PIECEWISE_BEZIER_KNOTS.);
#5805 = CARTESIAN_POINT('',(2.952207270322,1.39));
#5806 = CARTESIAN_POINT('',(2.952207270322,18.19));
#5807 = ( GEOMETRIC_REPRESENTATION_CONTEXT(2) 
PARAMETRIC_REPRESENTATION_CONTEXT() REPRESENTATION_CONTEXT('2D SPACE',''
  ) );
#5808 = PCURVE('',#1392,#5809);
#5809 = DEFINITIONAL_REPRESENTATION('',(#5810),#5814);
#5810 = LINE('',#5811,#5812);
#5811 = CARTESIAN_POINT('',(-2.79,89.571923728367));
#5812 = VECTOR('',#5813,1.);
#5813 = DIRECTION('',(1.,0.));
#5814 = ( GEOMETRIC_REPRESENTATION_CONTEXT(2) 
PARAMETRIC_REPRESENTATION_CONTEXT() REPRESENTATION_CONTEXT('2D SPACE',''
  ) );
#5815 = FACE_BOUND('',#5816,.T.);
#5816 = EDGE_LOOP('',(#5817,#5818,#5819,#5839));
#5817 = ORIENTED_EDGE('',*,*,#5669,.F.);
#5818 = ORIENTED_EDGE('',*,*,#1319,.F.);
#5819 = ORIENTED_EDGE('',*,*,#5820,.T.);
#5820 = EDGE_CURVE('',#1320,#1651,#5821,.T.);
#5821 = SURFACE_CURVE('',#5822,(#5826,#5832),.PCURVE_S1.);
#5822 = LINE('',#5823,#5824);
#5823 = CARTESIAN_POINT('',(107.35759749062,-3.765106062183,-9.79));
#5824 = VECTOR('',#5825,1.);
#5825 = DIRECTION('',(0.,0.,1.));
#5826 = PCURVE('',#1336,#5827);
#5827 = DEFINITIONAL_REPRESENTATION('',(#5828),#5831);
#5828 = B_SPLINE_CURVE_WITH_KNOTS('',1,(#5829,#5830),.UNSPECIFIED.,.F.,
  .F.,(2,2),(1.39,18.19),.PIECEWISE_BEZIER_KNOTS.);
#5829 = CARTESIAN_POINT('',(3.330978036857,1.39));
#5830 = CARTESIAN_POINT('',(3.330978036857,18.19));
#5831 = ( GEOMETRIC_REPRESENTATION_CONTEXT(2) 
PARAMETRIC_REPRESENTATION_CONTEXT() REPRESENTATION_CONTEXT('2D SPACE',''
  ) );
#5832 = PCURVE('',#1364,#5833);
#5833 = DEFINITIONAL_REPRESENTATION('',(#5834),#5838);
#5834 = LINE('',#5835,#5836);
#5835 = CARTESIAN_POINT('',(-2.79,89.571923728369));
#5836 = VECTOR('',#5837,1.);
#5837 = DIRECTION('',(1.,0.));
#5838 = ( GEOMETRIC_REPRESENTATION_CONTEXT(2) 
PARAMETRIC_REPRESENTATION_CONTEXT() REPRESENTATION_CONTEXT('2D SPACE',''
  ) );
#5839 = ORIENTED_EDGE('',*,*,#1650,.T.);
#5840 = ADVANCED_FACE('',(#5841),#1364,.T.);
#5841 = FACE_BOUND('',#5842,.T.);
#5842 = EDGE_LOOP('',(#5843,#5844,#5865,#5866));
#5843 = ORIENTED_EDGE('',*,*,#1348,.F.);
#5844 = ORIENTED_EDGE('',*,*,#5845,.T.);
#5845 = EDGE_CURVE('',#1349,#1675,#5846,.T.);
#5846 = SURFACE_CURVE('',#5847,(#5851,#5858),.PCURVE_S1.);
#5847 = LINE('',#5848,#5849);
#5848 = CARTESIAN_POINT('',(96.6897969811,0.,-7.));
#5849 = VECTOR('',#5850,1.);
#5850 = DIRECTION('',(0.,0.,1.));
#5851 = PCURVE('',#1364,#5852);
#5852 = DEFINITIONAL_REPRESENTATION('',(#5853),#5857);
#5853 = LINE('',#5854,#5855);
#5854 = CARTESIAN_POINT('',(0.,78.2591879244));
#5855 = VECTOR('',#5856,1.);
#5856 = DIRECTION('',(1.,0.));
#5857 = ( GEOMETRIC_REPRESENTATION_CONTEXT(2) 
PARAMETRIC_REPRESENTATION_CONTEXT() REPRESENTATION_CONTEXT('2D SPACE',''
  ) );
#5858 = PCURVE('',#1392,#5859);
#5859 = DEFINITIONAL_REPRESENTATION('',(#5860),#5864);
#5860 = LINE('',#5861,#5862);
#5861 = CARTESIAN_POINT('',(0.,78.259187924398));
#5862 = VECTOR('',#5863,1.);
#5863 = DIRECTION('',(1.,0.));
#5864 = ( GEOMETRIC_REPRESENTATION_CONTEXT(2) 
PARAMETRIC_REPRESENTATION_CONTEXT() REPRESENTATION_CONTEXT('2D SPACE',''
  ) );
#5865 = ORIENTED_EDGE('',*,*,#1674,.T.);
#5866 = ORIENTED_EDGE('',*,*,#5820,.F.);
#5867 = ADVANCED_FACE('',(#5868),#1392,.F.);
#5868 = FACE_BOUND('',#5869,.F.);
#5869 = EDGE_LOOP('',(#5870,#5871,#5872,#5873));
#5870 = ORIENTED_EDGE('',*,*,#1376,.F.);
#5871 = ORIENTED_EDGE('',*,*,#5845,.T.);
#5872 = ORIENTED_EDGE('',*,*,#1697,.T.);
#5873 = ORIENTED_EDGE('',*,*,#5796,.F.);
#5874 = ADVANCED_FACE('',(#5875),#1444,.T.);
#5875 = FACE_BOUND('',#5876,.T.);
#5876 = EDGE_LOOP('',(#5877,#5878,#5879,#5880));
#5877 = ORIENTED_EDGE('',*,*,#1744,.F.);
#5878 = ORIENTED_EDGE('',*,*,#5775,.F.);
#5879 = ORIENTED_EDGE('',*,*,#1428,.T.);
#5880 = ORIENTED_EDGE('',*,*,#5881,.T.);
#5881 = EDGE_CURVE('',#1429,#1745,#5882,.T.);
#5882 = SURFACE_CURVE('',#5883,(#5887,#5894),.PCURVE_S1.);
#5883 = LINE('',#5884,#5885);
#5884 = CARTESIAN_POINT('',(112.10786074565,16.046232138855,-7.));
#5885 = VECTOR('',#5886,1.);
#5886 = DIRECTION('',(0.,0.,1.));
#5887 = PCURVE('',#1444,#5888);
#5888 = DEFINITIONAL_REPRESENTATION('',(#5889),#5893);
#5889 = LINE('',#5890,#5891);
#5890 = CARTESIAN_POINT('',(0.,-10.));
#5891 = VECTOR('',#5892,1.);
#5892 = DIRECTION('',(1.,0.));
#5893 = ( GEOMETRIC_REPRESENTATION_CONTEXT(2) 
PARAMETRIC_REPRESENTATION_CONTEXT() REPRESENTATION_CONTEXT('2D SPACE',''
  ) );
#5894 = PCURVE('',#1470,#5895);
#5895 = DEFINITIONAL_REPRESENTATION('',(#5896),#5900);
#5896 = LINE('',#5897,#5898);
#5897 = CARTESIAN_POINT('',(0.,98.138781886592));
#5898 = VECTOR('',#5899,1.);
#5899 = DIRECTION('',(1.,0.));
#5900 = ( GEOMETRIC_REPRESENTATION_CONTEXT(2) 
PARAMETRIC_REPRESENTATION_CONTEXT() REPRESENTATION_CONTEXT('2D SPACE',''
  ) );
#5901 = ADVANCED_FACE('',(#5902),#1470,.T.);
#5902 = FACE_BOUND('',#5903,.T.);
#5903 = EDGE_LOOP('',(#5904,#5905,#5906,#5907));
#5904 = ORIENTED_EDGE('',*,*,#1456,.F.);
#5905 = ORIENTED_EDGE('',*,*,#5615,.T.);
#5906 = ORIENTED_EDGE('',*,*,#1767,.T.);
#5907 = ORIENTED_EDGE('',*,*,#5881,.F.);
#5908 = ADVANCED_FACE('',(#5909),#1808,.T.);
#5909 = FACE_BOUND('',#5910,.T.);
#5910 = EDGE_LOOP('',(#5911,#5934,#5962,#5983));
#5911 = ORIENTED_EDGE('',*,*,#5912,.T.);
#5912 = EDGE_CURVE('',#1791,#5913,#5915,.T.);
#5913 = VERTEX_POINT('',#5914);
#5914 = CARTESIAN_POINT('',(44.15282316742,-14.78208759935,6.4));
#5915 = SURFACE_CURVE('',#5916,(#5920,#5927),.PCURVE_S1.);
#5916 = LINE('',#5917,#5918);
#5917 = CARTESIAN_POINT('',(44.15282316742,-14.78208759935,7.));
#5918 = VECTOR('',#5919,1.);
#5919 = DIRECTION('',(-0.,-0.,-1.));
#5920 = PCURVE('',#1808,#5921);
#5921 = DEFINITIONAL_REPRESENTATION('',(#5922),#5926);
#5922 = LINE('',#5923,#5924);
#5923 = CARTESIAN_POINT('',(0.,0.));
#5924 = VECTOR('',#5925,1.);
#5925 = DIRECTION('',(0.,-1.));
#5926 = ( GEOMETRIC_REPRESENTATION_CONTEXT(2) 
PARAMETRIC_REPRESENTATION_CONTEXT() REPRESENTATION_CONTEXT('2D SPACE',''
  ) );
#5927 = PCURVE('',#2142,#5928);
#5928 = DEFINITIONAL_REPRESENTATION('',(#5929),#5933);
#5929 = LINE('',#5930,#5931);
#5930 = CARTESIAN_POINT('',(2.68857421875,0.));
#5931 = VECTOR('',#5932,1.);
#5932 = DIRECTION('',(0.,-1.));
#5933 = ( GEOMETRIC_REPRESENTATION_CONTEXT(2) 
PARAMETRIC_REPRESENTATION_CONTEXT() REPRESENTATION_CONTEXT('2D SPACE',''
  ) );
#5934 = ORIENTED_EDGE('',*,*,#5935,.T.);
#5935 = EDGE_CURVE('',#5913,#5936,#5938,.T.);
#5936 = VERTEX_POINT('',#5937);
#5937 = CARTESIAN_POINT('',(43.773785255992,-14.91586568574,6.4));
#5938 = SURFACE_CURVE('',#5939,(#5943,#5950),.PCURVE_S1.);
#5939 = LINE('',#5940,#5941);
#5940 = CARTESIAN_POINT('',(44.15282316742,-14.78208759935,6.4));
#5941 = VECTOR('',#5942,1.);
#5942 = DIRECTION('',(-0.942990333583,-0.332820117735,0.));
#5943 = PCURVE('',#1808,#5944);
#5944 = DEFINITIONAL_REPRESENTATION('',(#5945),#5949);
#5945 = LINE('',#5946,#5947);
#5946 = CARTESIAN_POINT('',(-0.,-0.6));
#5947 = VECTOR('',#5948,1.);
#5948 = DIRECTION('',(1.,0.));
#5949 = ( GEOMETRIC_REPRESENTATION_CONTEXT(2) 
PARAMETRIC_REPRESENTATION_CONTEXT() REPRESENTATION_CONTEXT('2D SPACE',''
  ) );
#5950 = PCURVE('',#5951,#5956);
#5951 = PLANE('',#5952);
#5952 = AXIS2_PLACEMENT_3D('',#5953,#5954,#5955);
#5953 = CARTESIAN_POINT('',(43.385078010088,-15.05305647841,6.4));
#5954 = DIRECTION('',(0.,0.,1.));
#5955 = DIRECTION('',(0.942990333583,0.332820117735,0.));
#5956 = DEFINITIONAL_REPRESENTATION('',(#5957),#5961);
#5957 = LINE('',#5958,#5959);
#5958 = CARTESIAN_POINT('',(0.81416015625,0.));
#5959 = VECTOR('',#5960,1.);
#5960 = DIRECTION('',(-1.,0.));
#5961 = ( GEOMETRIC_REPRESENTATION_CONTEXT(2) 
PARAMETRIC_REPRESENTATION_CONTEXT() REPRESENTATION_CONTEXT('2D SPACE',''
  ) );
#5962 = ORIENTED_EDGE('',*,*,#5963,.F.);
#5963 = EDGE_CURVE('',#1793,#5936,#5964,.T.);
#5964 = SURFACE_CURVE('',#5965,(#5969,#5976),.PCURVE_S1.);
#5965 = LINE('',#5966,#5967);
#5966 = CARTESIAN_POINT('',(43.773785255992,-14.91586568574,7.));
#5967 = VECTOR('',#5968,1.);
#5968 = DIRECTION('',(-0.,-0.,-1.));
#5969 = PCURVE('',#1808,#5970);
#5970 = DEFINITIONAL_REPRESENTATION('',(#5971),#5975);
#5971 = LINE('',#5972,#5973);
#5972 = CARTESIAN_POINT('',(0.401953125,0.));
#5973 = VECTOR('',#5974,1.);
#5974 = DIRECTION('',(0.,-1.));
#5975 = ( GEOMETRIC_REPRESENTATION_CONTEXT(2) 
PARAMETRIC_REPRESENTATION_CONTEXT() REPRESENTATION_CONTEXT('2D SPACE',''
  ) );
#5976 = PCURVE('',#1836,#5977);
#5977 = DEFINITIONAL_REPRESENTATION('',(#5978),#5982);
#5978 = LINE('',#5979,#5980);
#5979 = CARTESIAN_POINT('',(0.,0.));
#5980 = VECTOR('',#5981,1.);
#5981 = DIRECTION('',(0.,-1.));
#5982 = ( GEOMETRIC_REPRESENTATION_CONTEXT(2) 
PARAMETRIC_REPRESENTATION_CONTEXT() REPRESENTATION_CONTEXT('2D SPACE',''
  ) );
#5983 = ORIENTED_EDGE('',*,*,#1790,.F.);
#5984 = ADVANCED_FACE('',(#5985),#2142,.T.);
#5985 = FACE_BOUND('',#5986,.T.);
#5986 = EDGE_LOOP('',(#5987,#6010,#6031,#6032));
#5987 = ORIENTED_EDGE('',*,*,#5988,.T.);
#5988 = EDGE_CURVE('',#2101,#5989,#5991,.T.);
#5989 = VERTEX_POINT('',#5990);
#5990 = CARTESIAN_POINT('',(43.258011579396,-12.24678809995,6.4));
#5991 = SURFACE_CURVE('',#5992,(#5996,#6003),.PCURVE_S1.);
#5992 = LINE('',#5993,#5994);
#5993 = CARTESIAN_POINT('',(43.258011579396,-12.24678809995,7.));
#5994 = VECTOR('',#5995,1.);
#5995 = DIRECTION('',(-0.,-0.,-1.));
#5996 = PCURVE('',#2142,#5997);
#5997 = DEFINITIONAL_REPRESENTATION('',(#5998),#6002);
#5998 = LINE('',#5999,#6000);
#5999 = CARTESIAN_POINT('',(0.,0.));
#6000 = VECTOR('',#6001,1.);
#6001 = DIRECTION('',(0.,-1.));
#6002 = ( GEOMETRIC_REPRESENTATION_CONTEXT(2) 
PARAMETRIC_REPRESENTATION_CONTEXT() REPRESENTATION_CONTEXT('2D SPACE',''
  ) );
#6003 = PCURVE('',#2116,#6004);
#6004 = DEFINITIONAL_REPRESENTATION('',(#6005),#6009);
#6005 = LINE('',#6006,#6007);
#6006 = CARTESIAN_POINT('',(2.243521882258,0.));
#6007 = VECTOR('',#6008,1.);
#6008 = DIRECTION('',(0.,-1.));
#6009 = ( GEOMETRIC_REPRESENTATION_CONTEXT(2) 
PARAMETRIC_REPRESENTATION_CONTEXT() REPRESENTATION_CONTEXT('2D SPACE',''
  ) );
#6010 = ORIENTED_EDGE('',*,*,#6011,.T.);
#6011 = EDGE_CURVE('',#5989,#5913,#6012,.T.);
#6012 = SURFACE_CURVE('',#6013,(#6017,#6024),.PCURVE_S1.);
#6013 = LINE('',#6014,#6015);
#6014 = CARTESIAN_POINT('',(43.258011579396,-12.24678809995,6.4));
#6015 = VECTOR('',#6016,1.);
#6016 = DIRECTION('',(0.332820117735,-0.942990333583,0.));
#6017 = PCURVE('',#2142,#6018);
#6018 = DEFINITIONAL_REPRESENTATION('',(#6019),#6023);
#6019 = LINE('',#6020,#6021);
#6020 = CARTESIAN_POINT('',(0.,-0.6));
#6021 = VECTOR('',#6022,1.);
#6022 = DIRECTION('',(1.,0.));
#6023 = ( GEOMETRIC_REPRESENTATION_CONTEXT(2) 
PARAMETRIC_REPRESENTATION_CONTEXT() REPRESENTATION_CONTEXT('2D SPACE',''
  ) );
#6024 = PCURVE('',#5951,#6025);
#6025 = DEFINITIONAL_REPRESENTATION('',(#6026),#6030);
#6026 = LINE('',#6027,#6028);
#6027 = CARTESIAN_POINT('',(0.81416015625,2.68857421875));
#6028 = VECTOR('',#6029,1.);
#6029 = DIRECTION('',(0.,-1.));
#6030 = ( GEOMETRIC_REPRESENTATION_CONTEXT(2) 
PARAMETRIC_REPRESENTATION_CONTEXT() REPRESENTATION_CONTEXT('2D SPACE',''
  ) );
#6031 = ORIENTED_EDGE('',*,*,#5912,.F.);
#6032 = ORIENTED_EDGE('',*,*,#2128,.F.);
#6033 = ADVANCED_FACE('',(#6034),#2116,.T.);
#6034 = FACE_BOUND('',#6035,.T.);
#6035 = EDGE_LOOP('',(#6036,#6059,#6080,#6081));
#6036 = ORIENTED_EDGE('',*,*,#6037,.T.);
#6037 = EDGE_CURVE('',#2073,#6038,#6040,.T.);
#6038 = VERTEX_POINT('',#6039);
#6039 = CARTESIAN_POINT('',(44.701472581231,-13.9642894165,6.4));
#6040 = SURFACE_CURVE('',#6041,(#6045,#6052),.PCURVE_S1.);
#6041 = LINE('',#6042,#6043);
#6042 = CARTESIAN_POINT('',(44.701472581231,-13.9642894165,7.));
#6043 = VECTOR('',#6044,1.);
#6044 = DIRECTION('',(-0.,-0.,-1.));
#6045 = PCURVE('',#2116,#6046);
#6046 = DEFINITIONAL_REPRESENTATION('',(#6047),#6051);
#6047 = LINE('',#6048,#6049);
#6048 = CARTESIAN_POINT('',(0.,0.));
#6049 = VECTOR('',#6050,1.);
#6050 = DIRECTION('',(0.,-1.));
#6051 = ( GEOMETRIC_REPRESENTATION_CONTEXT(2) 
PARAMETRIC_REPRESENTATION_CONTEXT() REPRESENTATION_CONTEXT('2D SPACE',''
  ) );
#6052 = PCURVE('',#2088,#6053);
#6053 = DEFINITIONAL_REPRESENTATION('',(#6054),#6058);
#6054 = LINE('',#6055,#6056);
#6055 = CARTESIAN_POINT('',(0.41630859375,0.));
#6056 = VECTOR('',#6057,1.);
#6057 = DIRECTION('',(0.,-1.));
#6058 = ( GEOMETRIC_REPRESENTATION_CONTEXT(2) 
PARAMETRIC_REPRESENTATION_CONTEXT() REPRESENTATION_CONTEXT('2D SPACE',''
  ) );
#6059 = ORIENTED_EDGE('',*,*,#6060,.T.);
#6060 = EDGE_CURVE('',#6038,#5989,#6061,.T.);
#6061 = SURFACE_CURVE('',#6062,(#6066,#6073),.PCURVE_S1.);
#6062 = LINE('',#6063,#6064);
#6063 = CARTESIAN_POINT('',(44.701472581231,-13.9642894165,6.4));
#6064 = VECTOR('',#6065,1.);
#6065 = DIRECTION('',(-0.643390649875,0.765538027568,0.));
#6066 = PCURVE('',#2116,#6067);
#6067 = DEFINITIONAL_REPRESENTATION('',(#6068),#6072);
#6068 = LINE('',#6069,#6070);
#6069 = CARTESIAN_POINT('',(0.,-0.6));
#6070 = VECTOR('',#6071,1.);
#6071 = DIRECTION('',(1.,0.));
#6072 = ( GEOMETRIC_REPRESENTATION_CONTEXT(2) 
PARAMETRIC_REPRESENTATION_CONTEXT() REPRESENTATION_CONTEXT('2D SPACE',''
  ) );
#6073 = PCURVE('',#5951,#6074);
#6074 = DEFINITIONAL_REPRESENTATION('',(#6075),#6079);
#6075 = LINE('',#6076,#6077);
#6076 = CARTESIAN_POINT('',(1.6037109375,0.58857421875));
#6077 = VECTOR('',#6078,1.);
#6078 = DIRECTION('',(-0.351924707084,0.936028311828));
#6079 = ( GEOMETRIC_REPRESENTATION_CONTEXT(2) 
PARAMETRIC_REPRESENTATION_CONTEXT() REPRESENTATION_CONTEXT('2D SPACE',''
  ) );
#6080 = ORIENTED_EDGE('',*,*,#5988,.F.);
#6081 = ORIENTED_EDGE('',*,*,#2100,.F.);
#6082 = ADVANCED_FACE('',(#6083),#2088,.T.);
#6083 = FACE_BOUND('',#6084,.T.);
#6084 = EDGE_LOOP('',(#6085,#6108,#6129,#6130));
#6085 = ORIENTED_EDGE('',*,*,#6086,.T.);
#6086 = EDGE_CURVE('',#2045,#6087,#6089,.T.);
#6087 = VERTEX_POINT('',#6088);
#6088 = CARTESIAN_POINT('',(45.094047560925,-13.82573354131,6.4));
#6089 = SURFACE_CURVE('',#6090,(#6094,#6101),.PCURVE_S1.);
#6090 = LINE('',#6091,#6092);
#6091 = CARTESIAN_POINT('',(45.094047560925,-13.82573354131,7.));
#6092 = VECTOR('',#6093,1.);
#6093 = DIRECTION('',(-0.,-0.,-1.));
#6094 = PCURVE('',#2088,#6095);
#6095 = DEFINITIONAL_REPRESENTATION('',(#6096),#6100);
#6096 = LINE('',#6097,#6098);
#6097 = CARTESIAN_POINT('',(0.,0.));
#6098 = VECTOR('',#6099,1.);
#6099 = DIRECTION('',(0.,-1.));
#6100 = ( GEOMETRIC_REPRESENTATION_CONTEXT(2) 
PARAMETRIC_REPRESENTATION_CONTEXT() REPRESENTATION_CONTEXT('2D SPACE',''
  ) );
#6101 = PCURVE('',#2060,#6102);
#6102 = DEFINITIONAL_REPRESENTATION('',(#6103),#6107);
#6103 = LINE('',#6104,#6105);
#6104 = CARTESIAN_POINT('',(2.243521882258,0.));
#6105 = VECTOR('',#6106,1.);
#6106 = DIRECTION('',(0.,-1.));
#6107 = ( GEOMETRIC_REPRESENTATION_CONTEXT(2) 
PARAMETRIC_REPRESENTATION_CONTEXT() REPRESENTATION_CONTEXT('2D SPACE',''
  ) );
#6108 = ORIENTED_EDGE('',*,*,#6109,.T.);
#6109 = EDGE_CURVE('',#6087,#6038,#6110,.T.);
#6110 = SURFACE_CURVE('',#6111,(#6115,#6122),.PCURVE_S1.);
#6111 = LINE('',#6112,#6113);
#6112 = CARTESIAN_POINT('',(45.094047560925,-13.82573354131,6.4));
#6113 = VECTOR('',#6114,1.);
#6114 = DIRECTION('',(-0.942990333583,-0.332820117735,0.));
#6115 = PCURVE('',#2088,#6116);
#6116 = DEFINITIONAL_REPRESENTATION('',(#6117),#6121);
#6117 = LINE('',#6118,#6119);
#6118 = CARTESIAN_POINT('',(-0.,-0.6));
#6119 = VECTOR('',#6120,1.);
#6120 = DIRECTION('',(1.,0.));
#6121 = ( GEOMETRIC_REPRESENTATION_CONTEXT(2) 
PARAMETRIC_REPRESENTATION_CONTEXT() REPRESENTATION_CONTEXT('2D SPACE',''
  ) );
#6122 = PCURVE('',#5951,#6123);
#6123 = DEFINITIONAL_REPRESENTATION('',(#6124),#6128);
#6124 = LINE('',#6125,#6126);
#6125 = CARTESIAN_POINT('',(2.02001953125,0.58857421875));
#6126 = VECTOR('',#6127,1.);
#6127 = DIRECTION('',(-1.,0.));
#6128 = ( GEOMETRIC_REPRESENTATION_CONTEXT(2) 
PARAMETRIC_REPRESENTATION_CONTEXT() REPRESENTATION_CONTEXT('2D SPACE',''
  ) );
#6129 = ORIENTED_EDGE('',*,*,#6037,.F.);
#6130 = ORIENTED_EDGE('',*,*,#2072,.F.);
#6131 = ADVANCED_FACE('',(#6132),#2060,.T.);
#6132 = FACE_BOUND('',#6133,.T.);
#6133 = EDGE_LOOP('',(#6134,#6157,#6178,#6179));
#6134 = ORIENTED_EDGE('',*,*,#6135,.T.);
#6135 = EDGE_CURVE('',#2017,#6136,#6138,.T.);
#6136 = VERTEX_POINT('',#6137);
#6137 = CARTESIAN_POINT('',(45.139664068273,-11.58267545682,6.4));
#6138 = SURFACE_CURVE('',#6139,(#6143,#6150),.PCURVE_S1.);
#6139 = LINE('',#6140,#6141);
#6140 = CARTESIAN_POINT('',(45.139664068273,-11.58267545682,7.));
#6141 = VECTOR('',#6142,1.);
#6142 = DIRECTION('',(-0.,-0.,-1.));
#6143 = PCURVE('',#2060,#6144);
#6144 = DEFINITIONAL_REPRESENTATION('',(#6145),#6149);
#6145 = LINE('',#6146,#6147);
#6146 = CARTESIAN_POINT('',(0.,0.));
#6147 = VECTOR('',#6148,1.);
#6148 = DIRECTION('',(0.,-1.));
#6149 = ( GEOMETRIC_REPRESENTATION_CONTEXT(2) 
PARAMETRIC_REPRESENTATION_CONTEXT() REPRESENTATION_CONTEXT('2D SPACE',''
  ) );
#6150 = PCURVE('',#2032,#6151);
#6151 = DEFINITIONAL_REPRESENTATION('',(#6152),#6156);
#6152 = LINE('',#6153,#6154);
#6153 = CARTESIAN_POINT('',(2.68857421875,0.));
#6154 = VECTOR('',#6155,1.);
#6155 = DIRECTION('',(0.,-1.));
#6156 = ( GEOMETRIC_REPRESENTATION_CONTEXT(2) 
PARAMETRIC_REPRESENTATION_CONTEXT() REPRESENTATION_CONTEXT('2D SPACE',''
  ) );
#6157 = ORIENTED_EDGE('',*,*,#6158,.T.);
#6158 = EDGE_CURVE('',#6136,#6087,#6159,.T.);
#6159 = SURFACE_CURVE('',#6160,(#6164,#6171),.PCURVE_S1.);
#6160 = LINE('',#6161,#6162);
#6161 = CARTESIAN_POINT('',(45.139664068273,-11.58267545682,6.4));
#6162 = VECTOR('',#6163,1.);
#6163 = DIRECTION('',(-2.033254398297E-02,-0.999793272459,0.));
#6164 = PCURVE('',#2060,#6165);
#6165 = DEFINITIONAL_REPRESENTATION('',(#6166),#6170);
#6166 = LINE('',#6167,#6168);
#6167 = CARTESIAN_POINT('',(-0.,-0.6));
#6168 = VECTOR('',#6169,1.);
#6169 = DIRECTION('',(1.,0.));
#6170 = ( GEOMETRIC_REPRESENTATION_CONTEXT(2) 
PARAMETRIC_REPRESENTATION_CONTEXT() REPRESENTATION_CONTEXT('2D SPACE',''
  ) );
#6171 = PCURVE('',#5951,#6172);
#6172 = DEFINITIONAL_REPRESENTATION('',(#6173),#6177);
#6173 = LINE('',#6174,#6175);
#6174 = CARTESIAN_POINT('',(2.8095703125,2.68857421875));
#6175 = VECTOR('',#6176,1.);
#6176 = DIRECTION('',(-0.351924707084,-0.936028311828));
#6177 = ( GEOMETRIC_REPRESENTATION_CONTEXT(2) 
PARAMETRIC_REPRESENTATION_CONTEXT() REPRESENTATION_CONTEXT('2D SPACE',''
  ) );
#6178 = ORIENTED_EDGE('',*,*,#6086,.F.);
#6179 = ORIENTED_EDGE('',*,*,#2044,.F.);
#6180 = ADVANCED_FACE('',(#6181),#2032,.T.);
#6181 = FACE_BOUND('',#6182,.T.);
#6182 = EDGE_LOOP('',(#6183,#6206,#6227,#6228));
#6183 = ORIENTED_EDGE('',*,*,#6184,.T.);
#6184 = EDGE_CURVE('',#1989,#6185,#6187,.T.);
#6185 = VERTEX_POINT('',#6186);
#6186 = CARTESIAN_POINT('',(46.034475656297,-14.11797495622,6.4));
#6187 = SURFACE_CURVE('',#6188,(#6192,#6199),.PCURVE_S1.);
#6188 = LINE('',#6189,#6190);
#6189 = CARTESIAN_POINT('',(46.034475656297,-14.11797495622,7.));
#6190 = VECTOR('',#6191,1.);
#6191 = DIRECTION('',(-0.,-0.,-1.));
#6192 = PCURVE('',#2032,#6193);
#6193 = DEFINITIONAL_REPRESENTATION('',(#6194),#6198);
#6194 = LINE('',#6195,#6196);
#6195 = CARTESIAN_POINT('',(0.,0.));
#6196 = VECTOR('',#6197,1.);
#6197 = DIRECTION('',(0.,-1.));
#6198 = ( GEOMETRIC_REPRESENTATION_CONTEXT(2) 
PARAMETRIC_REPRESENTATION_CONTEXT() REPRESENTATION_CONTEXT('2D SPACE',''
  ) );
#6199 = PCURVE('',#2004,#6200);
#6200 = DEFINITIONAL_REPRESENTATION('',(#6201),#6205);
#6201 = LINE('',#6202,#6203);
#6202 = CARTESIAN_POINT('',(0.40400390625,0.));
#6203 = VECTOR('',#6204,1.);
#6204 = DIRECTION('',(0.,-1.));
#6205 = ( GEOMETRIC_REPRESENTATION_CONTEXT(2) 
PARAMETRIC_REPRESENTATION_CONTEXT() REPRESENTATION_CONTEXT('2D SPACE',''
  ) );
#6206 = ORIENTED_EDGE('',*,*,#6207,.T.);
#6207 = EDGE_CURVE('',#6185,#6136,#6208,.T.);
#6208 = SURFACE_CURVE('',#6209,(#6213,#6220),.PCURVE_S1.);
#6209 = LINE('',#6210,#6211);
#6210 = CARTESIAN_POINT('',(46.034475656297,-14.11797495622,6.4));
#6211 = VECTOR('',#6212,1.);
#6212 = DIRECTION('',(-0.332820117735,0.942990333583,0.));
#6213 = PCURVE('',#2032,#6214);
#6214 = DEFINITIONAL_REPRESENTATION('',(#6215),#6219);
#6215 = LINE('',#6216,#6217);
#6216 = CARTESIAN_POINT('',(0.,-0.6));
#6217 = VECTOR('',#6218,1.);
#6218 = DIRECTION('',(1.,0.));
#6219 = ( GEOMETRIC_REPRESENTATION_CONTEXT(2) 
PARAMETRIC_REPRESENTATION_CONTEXT() REPRESENTATION_CONTEXT('2D SPACE',''
  ) );
#6220 = PCURVE('',#5951,#6221);
#6221 = DEFINITIONAL_REPRESENTATION('',(#6222),#6226);
#6222 = LINE('',#6223,#6224);
#6223 = CARTESIAN_POINT('',(2.8095703125,0.));
#6224 = VECTOR('',#6225,1.);
#6225 = DIRECTION('',(0.,1.));
#6226 = ( GEOMETRIC_REPRESENTATION_CONTEXT(2) 
PARAMETRIC_REPRESENTATION_CONTEXT() REPRESENTATION_CONTEXT('2D SPACE',''
  ) );
#6227 = ORIENTED_EDGE('',*,*,#6135,.F.);
#6228 = ORIENTED_EDGE('',*,*,#2016,.F.);
#6229 = ADVANCED_FACE('',(#6230),#2004,.T.);
#6230 = FACE_BOUND('',#6231,.T.);
#6231 = EDGE_LOOP('',(#6232,#6255,#6276,#6277));
#6232 = ORIENTED_EDGE('',*,*,#6233,.T.);
#6233 = EDGE_CURVE('',#1961,#6234,#6236,.T.);
#6234 = VERTEX_POINT('',#6235);
#6235 = CARTESIAN_POINT('',(46.41544743462,-13.98351432857,6.4));
#6236 = SURFACE_CURVE('',#6237,(#6241,#6248),.PCURVE_S1.);
#6237 = LINE('',#6238,#6239);
#6238 = CARTESIAN_POINT('',(46.41544743462,-13.98351432857,7.));
#6239 = VECTOR('',#6240,1.);
#6240 = DIRECTION('',(-0.,-0.,-1.));
#6241 = PCURVE('',#2004,#6242);
#6242 = DEFINITIONAL_REPRESENTATION('',(#6243),#6247);
#6243 = LINE('',#6244,#6245);
#6244 = CARTESIAN_POINT('',(0.,0.));
#6245 = VECTOR('',#6246,1.);
#6246 = DIRECTION('',(0.,-1.));
#6247 = ( GEOMETRIC_REPRESENTATION_CONTEXT(2) 
PARAMETRIC_REPRESENTATION_CONTEXT() REPRESENTATION_CONTEXT('2D SPACE',''
  ) );
#6248 = PCURVE('',#1976,#6249);
#6249 = DEFINITIONAL_REPRESENTATION('',(#6250),#6254);
#6250 = LINE('',#6251,#6252);
#6251 = CARTESIAN_POINT('',(3.06181640625,0.));
#6252 = VECTOR('',#6253,1.);
#6253 = DIRECTION('',(0.,-1.));
#6254 = ( GEOMETRIC_REPRESENTATION_CONTEXT(2) 
PARAMETRIC_REPRESENTATION_CONTEXT() REPRESENTATION_CONTEXT('2D SPACE',''
  ) );
#6255 = ORIENTED_EDGE('',*,*,#6256,.T.);
#6256 = EDGE_CURVE('',#6234,#6185,#6257,.T.);
#6257 = SURFACE_CURVE('',#6258,(#6262,#6269),.PCURVE_S1.);
#6258 = LINE('',#6259,#6260);
#6259 = CARTESIAN_POINT('',(46.41544743462,-13.98351432857,6.4));
#6260 = VECTOR('',#6261,1.);
#6261 = DIRECTION('',(-0.942990333583,-0.332820117735,0.));
#6262 = PCURVE('',#2004,#6263);
#6263 = DEFINITIONAL_REPRESENTATION('',(#6264),#6268);
#6264 = LINE('',#6265,#6266);
#6265 = CARTESIAN_POINT('',(-0.,-0.6));
#6266 = VECTOR('',#6267,1.);
#6267 = DIRECTION('',(1.,0.));
#6268 = ( GEOMETRIC_REPRESENTATION_CONTEXT(2) 
PARAMETRIC_REPRESENTATION_CONTEXT() REPRESENTATION_CONTEXT('2D SPACE',''
  ) );
#6269 = PCURVE('',#5951,#6270);
#6270 = DEFINITIONAL_REPRESENTATION('',(#6271),#6275);
#6271 = LINE('',#6272,#6273);
#6272 = CARTESIAN_POINT('',(3.21357421875,0.));
#6273 = VECTOR('',#6274,1.);
#6274 = DIRECTION('',(-1.,0.));
#6275 = ( GEOMETRIC_REPRESENTATION_CONTEXT(2) 
PARAMETRIC_REPRESENTATION_CONTEXT() REPRESENTATION_CONTEXT('2D SPACE',''
  ) );
#6276 = ORIENTED_EDGE('',*,*,#6184,.F.);
#6277 = ORIENTED_EDGE('',*,*,#1988,.F.);
#6278 = ADVANCED_FACE('',(#6279),#1976,.T.);
#6279 = FACE_BOUND('',#6280,.T.);
#6280 = EDGE_LOOP('',(#6281,#6304,#6325,#6326));
#6281 = ORIENTED_EDGE('',*,*,#6282,.T.);
#6282 = EDGE_CURVE('',#1933,#6283,#6285,.T.);
#6283 = VERTEX_POINT('',#6284);
#6284 = CARTESIAN_POINT('',(45.396413337809,-11.09625105427,6.4));
#6285 = SURFACE_CURVE('',#6286,(#6290,#6297),.PCURVE_S1.);
#6286 = LINE('',#6287,#6288);
#6287 = CARTESIAN_POINT('',(45.396413337809,-11.09625105427,7.));
#6288 = VECTOR('',#6289,1.);
#6289 = DIRECTION('',(-0.,-0.,-1.));
#6290 = PCURVE('',#1976,#6291);
#6291 = DEFINITIONAL_REPRESENTATION('',(#6292),#6296);
#6292 = LINE('',#6293,#6294);
#6293 = CARTESIAN_POINT('',(0.,0.));
#6294 = VECTOR('',#6295,1.);
#6295 = DIRECTION('',(0.,-1.));
#6296 = ( GEOMETRIC_REPRESENTATION_CONTEXT(2) 
PARAMETRIC_REPRESENTATION_CONTEXT() REPRESENTATION_CONTEXT('2D SPACE',''
  ) );
#6297 = PCURVE('',#1948,#6298);
#6298 = DEFINITIONAL_REPRESENTATION('',(#6299),#6303);
#6299 = LINE('',#6300,#6301);
#6300 = CARTESIAN_POINT('',(0.61728515625,0.));
#6301 = VECTOR('',#6302,1.);
#6302 = DIRECTION('',(0.,-1.));
#6303 = ( GEOMETRIC_REPRESENTATION_CONTEXT(2) 
PARAMETRIC_REPRESENTATION_CONTEXT() REPRESENTATION_CONTEXT('2D SPACE',''
  ) );
#6304 = ORIENTED_EDGE('',*,*,#6305,.T.);
#6305 = EDGE_CURVE('',#6283,#6234,#6306,.T.);
#6306 = SURFACE_CURVE('',#6307,(#6311,#6318),.PCURVE_S1.);
#6307 = LINE('',#6308,#6309);
#6308 = CARTESIAN_POINT('',(45.396413337809,-11.09625105427,6.4));
#6309 = VECTOR('',#6310,1.);
#6310 = DIRECTION('',(0.332820117735,-0.942990333583,0.));
#6311 = PCURVE('',#1976,#6312);
#6312 = DEFINITIONAL_REPRESENTATION('',(#6313),#6317);
#6313 = LINE('',#6314,#6315);
#6314 = CARTESIAN_POINT('',(0.,-0.6));
#6315 = VECTOR('',#6316,1.);
#6316 = DIRECTION('',(1.,0.));
#6317 = ( GEOMETRIC_REPRESENTATION_CONTEXT(2) 
PARAMETRIC_REPRESENTATION_CONTEXT() REPRESENTATION_CONTEXT('2D SPACE',''
  ) );
#6318 = PCURVE('',#5951,#6319);
#6319 = DEFINITIONAL_REPRESENTATION('',(#6320),#6324);
#6320 = LINE('',#6321,#6322);
#6321 = CARTESIAN_POINT('',(3.21357421875,3.06181640625));
#6322 = VECTOR('',#6323,1.);
#6323 = DIRECTION('',(0.,-1.));
#6324 = ( GEOMETRIC_REPRESENTATION_CONTEXT(2) 
PARAMETRIC_REPRESENTATION_CONTEXT() REPRESENTATION_CONTEXT('2D SPACE',''
  ) );
#6325 = ORIENTED_EDGE('',*,*,#6233,.F.);
#6326 = ORIENTED_EDGE('',*,*,#1960,.F.);
#6327 = ADVANCED_FACE('',(#6328),#1948,.T.);
#6328 = FACE_BOUND('',#6329,.T.);
#6329 = EDGE_LOOP('',(#6330,#6353,#6374,#6375));
#6330 = ORIENTED_EDGE('',*,*,#6331,.T.);
#6331 = EDGE_CURVE('',#1905,#6332,#6334,.T.);
#6332 = VERTEX_POINT('',#6333);
#6333 = CARTESIAN_POINT('',(44.814319402401,-11.30169597265,6.4));
#6334 = SURFACE_CURVE('',#6335,(#6339,#6346),.PCURVE_S1.);
#6335 = LINE('',#6336,#6337);
#6336 = CARTESIAN_POINT('',(44.814319402401,-11.30169597265,7.));
#6337 = VECTOR('',#6338,1.);
#6338 = DIRECTION('',(-0.,-0.,-1.));
#6339 = PCURVE('',#1948,#6340);
#6340 = DEFINITIONAL_REPRESENTATION('',(#6341),#6345);
#6341 = LINE('',#6342,#6343);
#6342 = CARTESIAN_POINT('',(0.,0.));
#6343 = VECTOR('',#6344,1.);
#6344 = DIRECTION('',(0.,-1.));
#6345 = ( GEOMETRIC_REPRESENTATION_CONTEXT(2) 
PARAMETRIC_REPRESENTATION_CONTEXT() REPRESENTATION_CONTEXT('2D SPACE',''
  ) );
#6346 = PCURVE('',#1920,#6347);
#6347 = DEFINITIONAL_REPRESENTATION('',(#6348),#6352);
#6348 = LINE('',#6349,#6350);
#6349 = CARTESIAN_POINT('',(2.226722566975,0.));
#6350 = VECTOR('',#6351,1.);
#6351 = DIRECTION('',(0.,-1.));
#6352 = ( GEOMETRIC_REPRESENTATION_CONTEXT(2) 
PARAMETRIC_REPRESENTATION_CONTEXT() REPRESENTATION_CONTEXT('2D SPACE',''
  ) );
#6353 = ORIENTED_EDGE('',*,*,#6354,.T.);
#6354 = EDGE_CURVE('',#6332,#6283,#6355,.T.);
#6355 = SURFACE_CURVE('',#6356,(#6360,#6367),.PCURVE_S1.);
#6356 = LINE('',#6357,#6358);
#6357 = CARTESIAN_POINT('',(44.814319402401,-11.30169597265,6.4));
#6358 = VECTOR('',#6359,1.);
#6359 = DIRECTION('',(0.942990333583,0.332820117735,0.));
#6360 = PCURVE('',#1948,#6361);
#6361 = DEFINITIONAL_REPRESENTATION('',(#6362),#6366);
#6362 = LINE('',#6363,#6364);
#6363 = CARTESIAN_POINT('',(0.,-0.6));
#6364 = VECTOR('',#6365,1.);
#6365 = DIRECTION('',(1.,0.));
#6366 = ( GEOMETRIC_REPRESENTATION_CONTEXT(2) 
PARAMETRIC_REPRESENTATION_CONTEXT() REPRESENTATION_CONTEXT('2D SPACE',''
  ) );
#6367 = PCURVE('',#5951,#6368);
#6368 = DEFINITIONAL_REPRESENTATION('',(#6369),#6373);
#6369 = LINE('',#6370,#6371);
#6370 = CARTESIAN_POINT('',(2.5962890625,3.06181640625));
#6371 = VECTOR('',#6372,1.);
#6372 = DIRECTION('',(1.,0.));
#6373 = ( GEOMETRIC_REPRESENTATION_CONTEXT(2) 
PARAMETRIC_REPRESENTATION_CONTEXT() REPRESENTATION_CONTEXT('2D SPACE',''
  ) );
#6374 = ORIENTED_EDGE('',*,*,#6282,.F.);
#6375 = ORIENTED_EDGE('',*,*,#1932,.F.);
#6376 = ADVANCED_FACE('',(#6377),#1920,.T.);
#6377 = FACE_BOUND('',#6378,.T.);
#6378 = EDGE_LOOP('',(#6379,#6402,#6423,#6424));
#6379 = ORIENTED_EDGE('',*,*,#6380,.T.);
#6380 = EDGE_CURVE('',#1877,#6381,#6383,.T.);
#6381 = VERTEX_POINT('',#6382);
#6382 = CARTESIAN_POINT('',(44.767110298787,-13.52791803948,6.4));
#6383 = SURFACE_CURVE('',#6384,(#6388,#6395),.PCURVE_S1.);
#6384 = LINE('',#6385,#6386);
#6385 = CARTESIAN_POINT('',(44.767110298787,-13.52791803948,7.));
#6386 = VECTOR('',#6387,1.);
#6387 = DIRECTION('',(-0.,-0.,-1.));
#6388 = PCURVE('',#1920,#6389);
#6389 = DEFINITIONAL_REPRESENTATION('',(#6390),#6394);
#6390 = LINE('',#6391,#6392);
#6391 = CARTESIAN_POINT('',(0.,0.));
#6392 = VECTOR('',#6393,1.);
#6393 = DIRECTION('',(0.,-1.));
#6394 = ( GEOMETRIC_REPRESENTATION_CONTEXT(2) 
PARAMETRIC_REPRESENTATION_CONTEXT() REPRESENTATION_CONTEXT('2D SPACE',''
  ) );
#6395 = PCURVE('',#1892,#6396);
#6396 = DEFINITIONAL_REPRESENTATION('',(#6397),#6401);
#6397 = LINE('',#6398,#6399);
#6398 = CARTESIAN_POINT('',(2.225279100465,0.));
#6399 = VECTOR('',#6400,1.);
#6400 = DIRECTION('',(0.,-1.));
#6401 = ( GEOMETRIC_REPRESENTATION_CONTEXT(2) 
PARAMETRIC_REPRESENTATION_CONTEXT() REPRESENTATION_CONTEXT('2D SPACE',''
  ) );
#6402 = ORIENTED_EDGE('',*,*,#6403,.T.);
#6403 = EDGE_CURVE('',#6381,#6332,#6404,.T.);
#6404 = SURFACE_CURVE('',#6405,(#6409,#6416),.PCURVE_S1.);
#6405 = LINE('',#6406,#6407);
#6406 = CARTESIAN_POINT('',(44.767110298787,-13.52791803948,6.4));
#6407 = VECTOR('',#6408,1.);
#6408 = DIRECTION('',(2.120116098631E-02,0.999775230126,0.));
#6409 = PCURVE('',#1920,#6410);
#6410 = DEFINITIONAL_REPRESENTATION('',(#6411),#6415);
#6411 = LINE('',#6412,#6413);
#6412 = CARTESIAN_POINT('',(0.,-0.6));
#6413 = VECTOR('',#6414,1.);
#6414 = DIRECTION('',(1.,0.));
#6415 = ( GEOMETRIC_REPRESENTATION_CONTEXT(2) 
PARAMETRIC_REPRESENTATION_CONTEXT() REPRESENTATION_CONTEXT('2D SPACE',''
  ) );
#6416 = PCURVE('',#5951,#6417);
#6417 = DEFINITIONAL_REPRESENTATION('',(#6418),#6422);
#6418 = LINE('',#6419,#6420);
#6419 = CARTESIAN_POINT('',(1.81083984375,0.97822265625));
#6420 = VECTOR('',#6421,1.);
#6421 = DIRECTION('',(0.35273779967,0.935722204869));
#6422 = ( GEOMETRIC_REPRESENTATION_CONTEXT(2) 
PARAMETRIC_REPRESENTATION_CONTEXT() REPRESENTATION_CONTEXT('2D SPACE',''
  ) );
#6423 = ORIENTED_EDGE('',*,*,#6331,.F.);
#6424 = ORIENTED_EDGE('',*,*,#1904,.F.);
#6425 = ADVANCED_FACE('',(#6426),#1892,.T.);
#6426 = FACE_BOUND('',#6427,.T.);
#6427 = EDGE_LOOP('',(#6428,#6451,#6472,#6473));
#6428 = ORIENTED_EDGE('',*,*,#6429,.T.);
#6429 = EDGE_CURVE('',#1849,#6430,#6432,.T.);
#6430 = VERTEX_POINT('',#6431);
#6431 = CARTESIAN_POINT('',(43.336845094588,-11.82315749306,6.4));
#6432 = SURFACE_CURVE('',#6433,(#6437,#6444),.PCURVE_S1.);
#6433 = LINE('',#6434,#6435);
#6434 = CARTESIAN_POINT('',(43.336845094588,-11.82315749306,7.));
#6435 = VECTOR('',#6436,1.);
#6436 = DIRECTION('',(-0.,-0.,-1.));
#6437 = PCURVE('',#1892,#6438);
#6438 = DEFINITIONAL_REPRESENTATION('',(#6439),#6443);
#6439 = LINE('',#6440,#6441);
#6440 = CARTESIAN_POINT('',(0.,0.));
#6441 = VECTOR('',#6442,1.);
#6442 = DIRECTION('',(0.,-1.));
#6443 = ( GEOMETRIC_REPRESENTATION_CONTEXT(2) 
PARAMETRIC_REPRESENTATION_CONTEXT() REPRESENTATION_CONTEXT('2D SPACE',''
  ) );
#6444 = PCURVE('',#1864,#6445);
#6445 = DEFINITIONAL_REPRESENTATION('',(#6446),#6450);
#6446 = LINE('',#6447,#6448);
#6447 = CARTESIAN_POINT('',(0.61728515625,0.));
#6448 = VECTOR('',#6449,1.);
#6449 = DIRECTION('',(0.,-1.));
#6450 = ( GEOMETRIC_REPRESENTATION_CONTEXT(2) 
PARAMETRIC_REPRESENTATION_CONTEXT() REPRESENTATION_CONTEXT('2D SPACE',''
  ) );
#6451 = ORIENTED_EDGE('',*,*,#6452,.T.);
#6452 = EDGE_CURVE('',#6430,#6381,#6453,.T.);
#6453 = SURFACE_CURVE('',#6454,(#6458,#6465),.PCURVE_S1.);
#6454 = LINE('',#6455,#6456);
#6455 = CARTESIAN_POINT('',(43.336845094588,-11.82315749306,6.4));
#6456 = VECTOR('',#6457,1.);
#6457 = DIRECTION('',(0.64273519843,-0.76608841833,0.));
#6458 = PCURVE('',#1892,#6459);
#6459 = DEFINITIONAL_REPRESENTATION('',(#6460),#6464);
#6460 = LINE('',#6461,#6462);
#6461 = CARTESIAN_POINT('',(0.,-0.6));
#6462 = VECTOR('',#6463,1.);
#6463 = DIRECTION('',(1.,0.));
#6464 = ( GEOMETRIC_REPRESENTATION_CONTEXT(2) 
PARAMETRIC_REPRESENTATION_CONTEXT() REPRESENTATION_CONTEXT('2D SPACE',''
  ) );
#6465 = PCURVE('',#5951,#6466);
#6466 = DEFINITIONAL_REPRESENTATION('',(#6467),#6471);
#6467 = LINE('',#6468,#6469);
#6468 = CARTESIAN_POINT('',(1.0294921875,3.06181640625));
#6469 = VECTOR('',#6470,1.);
#6470 = DIRECTION('',(0.351123441588,-0.936329177569));
#6471 = ( GEOMETRIC_REPRESENTATION_CONTEXT(2) 
PARAMETRIC_REPRESENTATION_CONTEXT() REPRESENTATION_CONTEXT('2D SPACE',''
  ) );
#6472 = ORIENTED_EDGE('',*,*,#6380,.F.);
#6473 = ORIENTED_EDGE('',*,*,#1876,.F.);
#6474 = ADVANCED_FACE('',(#6475),#1864,.T.);
#6475 = FACE_BOUND('',#6476,.T.);
#6476 = EDGE_LOOP('',(#6477,#6500,#6521,#6522));
#6477 = ORIENTED_EDGE('',*,*,#6478,.T.);
#6478 = EDGE_CURVE('',#1821,#6479,#6481,.T.);
#6479 = VERTEX_POINT('',#6480);
#6480 = CARTESIAN_POINT('',(42.75475115918,-12.02860241144,6.4));
#6481 = SURFACE_CURVE('',#6482,(#6486,#6493),.PCURVE_S1.);
#6482 = LINE('',#6483,#6484);
#6483 = CARTESIAN_POINT('',(42.75475115918,-12.02860241144,7.));
#6484 = VECTOR('',#6485,1.);
#6485 = DIRECTION('',(-0.,-0.,-1.));
#6486 = PCURVE('',#1864,#6487);
#6487 = DEFINITIONAL_REPRESENTATION('',(#6488),#6492);
#6488 = LINE('',#6489,#6490);
#6489 = CARTESIAN_POINT('',(0.,0.));
#6490 = VECTOR('',#6491,1.);
#6491 = DIRECTION('',(0.,-1.));
#6492 = ( GEOMETRIC_REPRESENTATION_CONTEXT(2) 
PARAMETRIC_REPRESENTATION_CONTEXT() REPRESENTATION_CONTEXT('2D SPACE',''
  ) );
#6493 = PCURVE('',#1836,#6494);
#6494 = DEFINITIONAL_REPRESENTATION('',(#6495),#6499);
#6495 = LINE('',#6496,#6497);
#6496 = CARTESIAN_POINT('',(3.06181640625,0.));
#6497 = VECTOR('',#6498,1.);
#6498 = DIRECTION('',(0.,-1.));
#6499 = ( GEOMETRIC_REPRESENTATION_CONTEXT(2) 
PARAMETRIC_REPRESENTATION_CONTEXT() REPRESENTATION_CONTEXT('2D SPACE',''
  ) );
#6500 = ORIENTED_EDGE('',*,*,#6501,.T.);
#6501 = EDGE_CURVE('',#6479,#6430,#6502,.T.);
#6502 = SURFACE_CURVE('',#6503,(#6507,#6514),.PCURVE_S1.);
#6503 = LINE('',#6504,#6505);
#6504 = CARTESIAN_POINT('',(42.75475115918,-12.02860241144,6.4));
#6505 = VECTOR('',#6506,1.);
#6506 = DIRECTION('',(0.942990333583,0.332820117735,0.));
#6507 = PCURVE('',#1864,#6508);
#6508 = DEFINITIONAL_REPRESENTATION('',(#6509),#6513);
#6509 = LINE('',#6510,#6511);
#6510 = CARTESIAN_POINT('',(0.,-0.6));
#6511 = VECTOR('',#6512,1.);
#6512 = DIRECTION('',(1.,0.));
#6513 = ( GEOMETRIC_REPRESENTATION_CONTEXT(2) 
PARAMETRIC_REPRESENTATION_CONTEXT() REPRESENTATION_CONTEXT('2D SPACE',''
  ) );
#6514 = PCURVE('',#5951,#6515);
#6515 = DEFINITIONAL_REPRESENTATION('',(#6516),#6520);
#6516 = LINE('',#6517,#6518);
#6517 = CARTESIAN_POINT('',(0.41220703125,3.06181640625));
#6518 = VECTOR('',#6519,1.);
#6519 = DIRECTION('',(1.,0.));
#6520 = ( GEOMETRIC_REPRESENTATION_CONTEXT(2) 
PARAMETRIC_REPRESENTATION_CONTEXT() REPRESENTATION_CONTEXT('2D SPACE',''
  ) );
#6521 = ORIENTED_EDGE('',*,*,#6429,.F.);
#6522 = ORIENTED_EDGE('',*,*,#1848,.F.);
#6523 = ADVANCED_FACE('',(#6524),#1836,.T.);
#6524 = FACE_BOUND('',#6525,.T.);
#6525 = EDGE_LOOP('',(#6526,#6527,#6548,#6549));
#6526 = ORIENTED_EDGE('',*,*,#5963,.T.);
#6527 = ORIENTED_EDGE('',*,*,#6528,.T.);
#6528 = EDGE_CURVE('',#5936,#6479,#6529,.T.);
#6529 = SURFACE_CURVE('',#6530,(#6534,#6541),.PCURVE_S1.);
#6530 = LINE('',#6531,#6532);
#6531 = CARTESIAN_POINT('',(43.773785255992,-14.91586568574,6.4));
#6532 = VECTOR('',#6533,1.);
#6533 = DIRECTION('',(-0.332820117735,0.942990333583,0.));
#6534 = PCURVE('',#1836,#6535);
#6535 = DEFINITIONAL_REPRESENTATION('',(#6536),#6540);
#6536 = LINE('',#6537,#6538);
#6537 = CARTESIAN_POINT('',(0.,-0.6));
#6538 = VECTOR('',#6539,1.);
#6539 = DIRECTION('',(1.,0.));
#6540 = ( GEOMETRIC_REPRESENTATION_CONTEXT(2) 
PARAMETRIC_REPRESENTATION_CONTEXT() REPRESENTATION_CONTEXT('2D SPACE',''
  ) );
#6541 = PCURVE('',#5951,#6542);
#6542 = DEFINITIONAL_REPRESENTATION('',(#6543),#6547);
#6543 = LINE('',#6544,#6545);
#6544 = CARTESIAN_POINT('',(0.41220703125,0.));
#6545 = VECTOR('',#6546,1.);
#6546 = DIRECTION('',(0.,1.));
#6547 = ( GEOMETRIC_REPRESENTATION_CONTEXT(2) 
PARAMETRIC_REPRESENTATION_CONTEXT() REPRESENTATION_CONTEXT('2D SPACE',''
  ) );
#6548 = ORIENTED_EDGE('',*,*,#6478,.F.);
#6549 = ORIENTED_EDGE('',*,*,#1820,.F.);
#6550 = ADVANCED_FACE('',(#6551),#2186,.F.);
#6551 = FACE_BOUND('',#6552,.F.);
#6552 = EDGE_LOOP('',(#6553,#6576,#6616,#6617));
#6553 = ORIENTED_EDGE('',*,*,#6554,.T.);
#6554 = EDGE_CURVE('',#2157,#6555,#6557,.T.);
#6555 = VERTEX_POINT('',#6556);
#6556 = CARTESIAN_POINT('',(47.325388687176,-10.35671760223,6.4));
#6557 = SEAM_CURVE('',#6558,(#6562,#6569),.PCURVE_S1.);
#6558 = LINE('',#6559,#6560);
#6559 = CARTESIAN_POINT('',(47.325388687176,-10.35671760223,7.));
#6560 = VECTOR('',#6561,1.);
#6561 = DIRECTION('',(-0.,-0.,-1.));
#6562 = PCURVE('',#2186,#6563);
#6563 = DEFINITIONAL_REPRESENTATION('',(#6564),#6568);
#6564 = LINE('',#6565,#6566);
#6565 = CARTESIAN_POINT('',(0.,0.));
#6566 = VECTOR('',#6567,1.);
#6567 = DIRECTION('',(0.,-1.));
#6568 = ( GEOMETRIC_REPRESENTATION_CONTEXT(2) 
PARAMETRIC_REPRESENTATION_CONTEXT() REPRESENTATION_CONTEXT('2D SPACE',''
  ) );
#6569 = PCURVE('',#2186,#6570);
#6570 = DEFINITIONAL_REPRESENTATION('',(#6571),#6575);
#6571 = LINE('',#6572,#6573);
#6572 = CARTESIAN_POINT('',(7.992949323261,0.));
#6573 = VECTOR('',#6574,1.);
#6574 = DIRECTION('',(0.,-1.));
#6575 = ( GEOMETRIC_REPRESENTATION_CONTEXT(2) 
PARAMETRIC_REPRESENTATION_CONTEXT() REPRESENTATION_CONTEXT('2D SPACE',''
  ) );
#6576 = ORIENTED_EDGE('',*,*,#6577,.T.);
#6577 = EDGE_CURVE('',#6555,#6555,#6578,.T.);
#6578 = SURFACE_CURVE('',#6579,(#6590,#6597),.PCURVE_S1.);
#6579 = B_SPLINE_CURVE_WITH_KNOTS('',2,(#6580,#6581,#6582,#6583,#6584,
    #6585,#6586,#6587,#6588,#6589),.UNSPECIFIED.,.T.,.F.,(3,1,1,1,1,1,1,
    1,3),(0.,1.,2.,3.,4.,4.996825396825,5.993650793651,6.993300058456,
    7.992949323261),.UNSPECIFIED.);
#6580 = CARTESIAN_POINT('',(47.325388687176,-10.35671760223,6.4));
#6581 = CARTESIAN_POINT('',(46.716220615238,-10.57171809821,6.4));
#6582 = CARTESIAN_POINT('',(46.274502665035,-11.64319411494,6.4));
#6583 = CARTESIAN_POINT('',(46.757741875043,-13.01237187663,6.4));
#6584 = CARTESIAN_POINT('',(47.773477022445,-13.56727791863,6.4));
#6585 = CARTESIAN_POINT('',(48.989879299427,-13.13795946793,6.4));
#6586 = CARTESIAN_POINT('',(49.429663382735,-12.06716599246,6.4));
#6587 = CARTESIAN_POINT('',(48.947106713984,-10.69992209767,6.4));
#6588 = CARTESIAN_POINT('',(47.93262289222,-10.14239964751,6.4));
#6589 = CARTESIAN_POINT('',(47.325388687176,-10.35671760223,6.4));
#6590 = PCURVE('',#2186,#6591);
#6591 = DEFINITIONAL_REPRESENTATION('',(#6592),#6596);
#6592 = LINE('',#6593,#6594);
#6593 = CARTESIAN_POINT('',(0.,-0.6));
#6594 = VECTOR('',#6595,1.);
#6595 = DIRECTION('',(1.,0.));
#6596 = ( GEOMETRIC_REPRESENTATION_CONTEXT(2) 
PARAMETRIC_REPRESENTATION_CONTEXT() REPRESENTATION_CONTEXT('2D SPACE',''
  ) );
#6597 = PCURVE('',#6598,#6603);
#6598 = PLANE('',#6599);
#6599 = AXIS2_PLACEMENT_3D('',#6600,#6601,#6602);
#6600 = CARTESIAN_POINT('',(46.802220813629,-13.84700607716,6.4));
#6601 = DIRECTION('',(0.,0.,1.));
#6602 = DIRECTION('',(0.942990333583,0.332820117735,0.));
#6603 = DEFINITIONAL_REPRESENTATION('',(#6604),#6615);
#6604 = B_SPLINE_CURVE_WITH_KNOTS('',2,(#6605,#6606,#6607,#6608,#6609,
    #6610,#6611,#6612,#6613,#6614),.UNSPECIFIED.,.T.,.F.,(3,1,1,1,1,1,1,
    1,3),(0.,1.,2.,3.,4.,4.996825396825,5.993650793651,6.993300058456,
    7.992949323261),.UNSPECIFIED.);
#6605 = CARTESIAN_POINT('',(1.65498046875,3.1171875));
#6606 = CARTESIAN_POINT('',(1.008984375,3.1171875));
#6607 = CARTESIAN_POINT('',(0.23583984375,2.25380859375));
#6608 = CARTESIAN_POINT('',(0.23583984375,0.80185546875));
#6609 = CARTESIAN_POINT('',(1.008984375,-5.947265624999E-02));
#6610 = CARTESIAN_POINT('',(2.29892578125,-5.947265624999E-02));
#6611 = CARTESIAN_POINT('',(3.07001953125,0.80390625));
#6612 = CARTESIAN_POINT('',(3.07001953125,2.25380859375));
#6613 = CARTESIAN_POINT('',(2.29892578125,3.1171875));
#6614 = CARTESIAN_POINT('',(1.65498046875,3.1171875));
#6615 = ( GEOMETRIC_REPRESENTATION_CONTEXT(2) 
PARAMETRIC_REPRESENTATION_CONTEXT() REPRESENTATION_CONTEXT('2D SPACE',''
  ) );
#6616 = ORIENTED_EDGE('',*,*,#6554,.F.);
#6617 = ORIENTED_EDGE('',*,*,#2156,.F.);
#6618 = ADVANCED_FACE('',(#6619),#2241,.F.);
#6619 = FACE_BOUND('',#6620,.F.);
#6620 = EDGE_LOOP('',(#6621,#6644,#6686,#6707));
#6621 = ORIENTED_EDGE('',*,*,#6622,.T.);
#6622 = EDGE_CURVE('',#2210,#6623,#6625,.T.);
#6623 = VERTEX_POINT('',#6624);
#6624 = CARTESIAN_POINT('',(51.529842830752,-9.18160907131,6.4));
#6625 = SURFACE_CURVE('',#6626,(#6630,#6637),.PCURVE_S1.);
#6626 = LINE('',#6627,#6628);
#6627 = CARTESIAN_POINT('',(51.529842830752,-9.18160907131,7.));
#6628 = VECTOR('',#6629,1.);
#6629 = DIRECTION('',(-0.,-0.,-1.));
#6630 = PCURVE('',#2241,#6631);
#6631 = DEFINITIONAL_REPRESENTATION('',(#6632),#6636);
#6632 = LINE('',#6633,#6634);
#6633 = CARTESIAN_POINT('',(0.,0.));
#6634 = VECTOR('',#6635,1.);
#6635 = DIRECTION('',(0.,-1.));
#6636 = ( GEOMETRIC_REPRESENTATION_CONTEXT(2) 
PARAMETRIC_REPRESENTATION_CONTEXT() REPRESENTATION_CONTEXT('2D SPACE',''
  ) );
#6637 = PCURVE('',#2278,#6638);
#6638 = DEFINITIONAL_REPRESENTATION('',(#6639),#6643);
#6639 = LINE('',#6640,#6641);
#6640 = CARTESIAN_POINT('',(0.,0.));
#6641 = VECTOR('',#6642,1.);
#6642 = DIRECTION('',(0.,-1.));
#6643 = ( GEOMETRIC_REPRESENTATION_CONTEXT(2) 
PARAMETRIC_REPRESENTATION_CONTEXT() REPRESENTATION_CONTEXT('2D SPACE',''
  ) );
#6644 = ORIENTED_EDGE('',*,*,#6645,.T.);
#6645 = EDGE_CURVE('',#6623,#6646,#6648,.T.);
#6646 = VERTEX_POINT('',#6647);
#6647 = CARTESIAN_POINT('',(52.391892438437,-11.62408295974,6.4));
#6648 = SURFACE_CURVE('',#6649,(#6660,#6667),.PCURVE_S1.);
#6649 = B_SPLINE_CURVE_WITH_KNOTS('',2,(#6650,#6651,#6652,#6653,#6654,
    #6655,#6656,#6657,#6658,#6659),.UNSPECIFIED.,.F.,.F.,(3,1,1,1,1,1,1,
    1,3),(0.,1.,2.,4.529850746269,7.059701492537,9.582524875622,
    12.105348258706,13.087686567164,14.070024875622),.UNSPECIFIED.);
#6650 = CARTESIAN_POINT('',(51.529842830752,-9.18160907131,6.4));
#6651 = CARTESIAN_POINT('',(51.280260244415,-9.115288812497,6.4));
#6652 = CARTESIAN_POINT('',(50.773473361038,-9.139746540876,6.4));
#6653 = CARTESIAN_POINT('',(49.858754319683,-9.462588555472,6.4));
#6654 = CARTESIAN_POINT('',(49.387800852302,-10.53133440717,6.4));
#6655 = CARTESIAN_POINT('',(49.878548016138,-11.92178470471,6.4));
#6656 = CARTESIAN_POINT('',(50.91601072689,-12.45814837589,6.4));
#6657 = CARTESIAN_POINT('',(51.826862034456,-12.13667144381,6.4));
#6658 = CARTESIAN_POINT('',(52.236045518071,-11.83567074944,6.4));
#6659 = CARTESIAN_POINT('',(52.391892438437,-11.62408295974,6.4));
#6660 = PCURVE('',#2241,#6661);
#6661 = DEFINITIONAL_REPRESENTATION('',(#6662),#6666);
#6662 = LINE('',#6663,#6664);
#6663 = CARTESIAN_POINT('',(0.,-0.6));
#6664 = VECTOR('',#6665,1.);
#6665 = DIRECTION('',(1.,0.));
#6666 = ( GEOMETRIC_REPRESENTATION_CONTEXT(2) 
PARAMETRIC_REPRESENTATION_CONTEXT() REPRESENTATION_CONTEXT('2D SPACE',''
  ) );
#6667 = PCURVE('',#6668,#6673);
#6668 = PLANE('',#6669);
#6669 = AXIS2_PLACEMENT_3D('',#6670,#6671,#6672);
#6670 = CARTESIAN_POINT('',(49.919614248438,-12.74674957076,6.4));
#6671 = DIRECTION('',(0.,0.,1.));
#6672 = DIRECTION('',(0.942990333583,0.332820117735,0.));
#6673 = DEFINITIONAL_REPRESENTATION('',(#6674),#6685);
#6674 = B_SPLINE_CURVE_WITH_KNOTS('',2,(#6675,#6676,#6677,#6678,#6679,
    #6680,#6681,#6682,#6683,#6684),.UNSPECIFIED.,.F.,.F.,(3,1,1,1,1,1,1,
    1,3),(0.,1.,2.,4.529850746269,7.059701492537,9.582524875622,
    12.105348258706,13.087686567164,14.070024875622),.UNSPECIFIED.);
#6675 = CARTESIAN_POINT('',(2.70498046875,2.8259765625));
#6676 = CARTESIAN_POINT('',(2.49169921875,2.97158203125));
#6677 = CARTESIAN_POINT('',(2.0056640625,3.1171875));
#6678 = CARTESIAN_POINT('',(1.03564453125,3.1171875));
#6679 = CARTESIAN_POINT('',(0.23583984375,2.26611328125));
#6680 = CARTESIAN_POINT('',(0.23583984375,0.7916015625));
#6681 = CARTESIAN_POINT('',(1.03564453125,-5.947265624999E-02));
#6682 = CARTESIAN_POINT('',(2.0015625,-5.947265625E-02));
#6683 = CARTESIAN_POINT('',(2.48759765625,8.818359375E-02));
#6684 = CARTESIAN_POINT('',(2.70498046875,0.23583984375));
#6685 = ( GEOMETRIC_REPRESENTATION_CONTEXT(2) 
PARAMETRIC_REPRESENTATION_CONTEXT() REPRESENTATION_CONTEXT('2D SPACE',''
  ) );
#6686 = ORIENTED_EDGE('',*,*,#6687,.F.);
#6687 = EDGE_CURVE('',#2212,#6646,#6688,.T.);
#6688 = SURFACE_CURVE('',#6689,(#6693,#6700),.PCURVE_S1.);
#6689 = LINE('',#6690,#6691);
#6690 = CARTESIAN_POINT('',(52.391892438437,-11.62408295974,7.));
#6691 = VECTOR('',#6692,1.);
#6692 = DIRECTION('',(-0.,-0.,-1.));
#6693 = PCURVE('',#2241,#6694);
#6694 = DEFINITIONAL_REPRESENTATION('',(#6695),#6699);
#6695 = LINE('',#6696,#6697);
#6696 = CARTESIAN_POINT('',(14.070024875622,0.));
#6697 = VECTOR('',#6698,1.);
#6698 = DIRECTION('',(0.,-1.));
#6699 = ( GEOMETRIC_REPRESENTATION_CONTEXT(2) 
PARAMETRIC_REPRESENTATION_CONTEXT() REPRESENTATION_CONTEXT('2D SPACE',''
  ) );
#6700 = PCURVE('',#2355,#6701);
#6701 = DEFINITIONAL_REPRESENTATION('',(#6702),#6706);
#6702 = LINE('',#6703,#6704);
#6703 = CARTESIAN_POINT('',(0.43271484375,0.));
#6704 = VECTOR('',#6705,1.);
#6705 = DIRECTION('',(0.,-1.));
#6706 = ( GEOMETRIC_REPRESENTATION_CONTEXT(2) 
PARAMETRIC_REPRESENTATION_CONTEXT() REPRESENTATION_CONTEXT('2D SPACE',''
  ) );
#6707 = ORIENTED_EDGE('',*,*,#2209,.F.);
#6708 = ADVANCED_FACE('',(#6709),#2355,.T.);
#6709 = FACE_BOUND('',#6710,.T.);
#6710 = EDGE_LOOP('',(#6711,#6734,#6755,#6756));
#6711 = ORIENTED_EDGE('',*,*,#6712,.T.);
#6712 = EDGE_CURVE('',#2291,#6713,#6715,.T.);
#6713 = VERTEX_POINT('',#6714);
#6714 = CARTESIAN_POINT('',(52.247876233194,-11.21603704489,6.4));
#6715 = SURFACE_CURVE('',#6716,(#6720,#6727),.PCURVE_S1.);
#6716 = LINE('',#6717,#6718);
#6717 = CARTESIAN_POINT('',(52.247876233194,-11.21603704489,7.));
#6718 = VECTOR('',#6719,1.);
#6719 = DIRECTION('',(-0.,-0.,-1.));
#6720 = PCURVE('',#2355,#6721);
#6721 = DEFINITIONAL_REPRESENTATION('',(#6722),#6726);
#6722 = LINE('',#6723,#6724);
#6723 = CARTESIAN_POINT('',(0.,0.));
#6724 = VECTOR('',#6725,1.);
#6725 = DIRECTION('',(0.,-1.));
#6726 = ( GEOMETRIC_REPRESENTATION_CONTEXT(2) 
PARAMETRIC_REPRESENTATION_CONTEXT() REPRESENTATION_CONTEXT('2D SPACE',''
  ) );
#6727 = PCURVE('',#2320,#6728);
#6728 = DEFINITIONAL_REPRESENTATION('',(#6729),#6733);
#6729 = LINE('',#6730,#6731);
#6730 = CARTESIAN_POINT('',(0.,0.));
#6731 = VECTOR('',#6732,1.);
#6732 = DIRECTION('',(0.,-1.));
#6733 = ( GEOMETRIC_REPRESENTATION_CONTEXT(2) 
PARAMETRIC_REPRESENTATION_CONTEXT() REPRESENTATION_CONTEXT('2D SPACE',''
  ) );
#6734 = ORIENTED_EDGE('',*,*,#6735,.T.);
#6735 = EDGE_CURVE('',#6713,#6646,#6736,.T.);
#6736 = SURFACE_CURVE('',#6737,(#6741,#6748),.PCURVE_S1.);
#6737 = LINE('',#6738,#6739);
#6738 = CARTESIAN_POINT('',(52.247876233194,-11.21603704489,6.4));
#6739 = VECTOR('',#6740,1.);
#6740 = DIRECTION('',(0.332820117735,-0.942990333583,0.));
#6741 = PCURVE('',#2355,#6742);
#6742 = DEFINITIONAL_REPRESENTATION('',(#6743),#6747);
#6743 = LINE('',#6744,#6745);
#6744 = CARTESIAN_POINT('',(0.,-0.6));
#6745 = VECTOR('',#6746,1.);
#6746 = DIRECTION('',(1.,0.));
#6747 = ( GEOMETRIC_REPRESENTATION_CONTEXT(2) 
PARAMETRIC_REPRESENTATION_CONTEXT() REPRESENTATION_CONTEXT('2D SPACE',''
  ) );
#6748 = PCURVE('',#6668,#6749);
#6749 = DEFINITIONAL_REPRESENTATION('',(#6750),#6754);
#6750 = LINE('',#6751,#6752);
#6751 = CARTESIAN_POINT('',(2.70498046875,0.6685546875));
#6752 = VECTOR('',#6753,1.);
#6753 = DIRECTION('',(0.,-1.));
#6754 = ( GEOMETRIC_REPRESENTATION_CONTEXT(2) 
PARAMETRIC_REPRESENTATION_CONTEXT() REPRESENTATION_CONTEXT('2D SPACE',''
  ) );
#6755 = ORIENTED_EDGE('',*,*,#6687,.F.);
#6756 = ORIENTED_EDGE('',*,*,#2341,.F.);
#6757 = ADVANCED_FACE('',(#6758),#2320,.F.);
#6758 = FACE_BOUND('',#6759,.F.);
#6759 = EDGE_LOOP('',(#6760,#6761,#6798,#6819));
#6760 = ORIENTED_EDGE('',*,*,#6712,.T.);
#6761 = ORIENTED_EDGE('',*,*,#6762,.T.);
#6762 = EDGE_CURVE('',#6713,#6763,#6765,.T.);
#6763 = VERTEX_POINT('',#6764);
#6764 = CARTESIAN_POINT('',(51.675224118509,-9.593522719954,6.4));
#6765 = SURFACE_CURVE('',#6766,(#6777,#6784),.PCURVE_S1.);
#6766 = B_SPLINE_CURVE_WITH_KNOTS('',2,(#6767,#6768,#6769,#6770,#6771,
    #6772,#6773,#6774,#6775,#6776),.UNSPECIFIED.,.F.,.F.,(3,1,1,1,1,1,1,
    1,3),(0.,1.,2.,3.969230769231,5.938461538461,7.914367666232,
    9.890273794002,10.893663624511,11.897053455019),.UNSPECIFIED.);
#6767 = CARTESIAN_POINT('',(52.247876233194,-11.21603704489,6.4));
#6768 = CARTESIAN_POINT('',(52.115463229322,-11.46937360814,6.4));
#6769 = CARTESIAN_POINT('',(51.732898854732,-11.80882412666,6.4));
#6770 = CARTESIAN_POINT('',(50.986426233245,-12.07228505189,6.4));
#6771 = CARTESIAN_POINT('',(50.246779024329,-11.65263593567,6.4));
#6772 = CARTESIAN_POINT('',(49.843397141398,-10.5097206007,6.4));
#6773 = CARTESIAN_POINT('',(50.155773523386,-9.718769040627,6.4));
#6774 = CARTESIAN_POINT('',(50.902246144873,-9.455308115397,6.4));
#6775 = CARTESIAN_POINT('',(51.413128275793,-9.479424573146,6.4));
#6776 = CARTESIAN_POINT('',(51.675224118509,-9.593522719954,6.4));
#6777 = PCURVE('',#2320,#6778);
#6778 = DEFINITIONAL_REPRESENTATION('',(#6779),#6783);
#6779 = LINE('',#6780,#6781);
#6780 = CARTESIAN_POINT('',(0.,-0.6));
#6781 = VECTOR('',#6782,1.);
#6782 = DIRECTION('',(1.,0.));
#6783 = ( GEOMETRIC_REPRESENTATION_CONTEXT(2) 
PARAMETRIC_REPRESENTATION_CONTEXT() REPRESENTATION_CONTEXT('2D SPACE',''
  ) );
#6784 = PCURVE('',#6668,#6785);
#6785 = DEFINITIONAL_REPRESENTATION('',(#6786),#6797);
#6786 = B_SPLINE_CURVE_WITH_KNOTS('',2,(#6787,#6788,#6789,#6790,#6791,
    #6792,#6793,#6794,#6795,#6796),.UNSPECIFIED.,.F.,.F.,(3,1,1,1,1,1,1,
    1,3),(0.,1.,2.,3.969230769231,5.938461538461,7.914367666232,
    9.890273794002,10.893663624511,11.897053455019),.UNSPECIFIED.);
#6787 = CARTESIAN_POINT('',(2.70498046875,0.6685546875));
#6788 = CARTESIAN_POINT('',(2.49580078125,0.47373046875));
#6789 = CARTESIAN_POINT('',(2.0220703125,0.28095703125));
#6790 = CARTESIAN_POINT('',(1.23046875,0.28095703125));
#6791 = CARTESIAN_POINT('',(0.67265625,0.9228515625));
#6792 = CARTESIAN_POINT('',(0.67265625,2.13486328125));
#6793 = CARTESIAN_POINT('',(1.23046875,2.7767578125));
#6794 = CARTESIAN_POINT('',(2.0220703125,2.7767578125));
#6795 = CARTESIAN_POINT('',(2.49580078125,2.583984375));
#6796 = CARTESIAN_POINT('',(2.70498046875,2.38916015625));
#6797 = ( GEOMETRIC_REPRESENTATION_CONTEXT(2) 
PARAMETRIC_REPRESENTATION_CONTEXT() REPRESENTATION_CONTEXT('2D SPACE',''
  ) );
#6798 = ORIENTED_EDGE('',*,*,#6799,.F.);
#6799 = EDGE_CURVE('',#2263,#6763,#6800,.T.);
#6800 = SURFACE_CURVE('',#6801,(#6805,#6812),.PCURVE_S1.);
#6801 = LINE('',#6802,#6803);
#6802 = CARTESIAN_POINT('',(51.675224118509,-9.593522719954,7.));
#6803 = VECTOR('',#6804,1.);
#6804 = DIRECTION('',(-0.,-0.,-1.));
#6805 = PCURVE('',#2320,#6806);
#6806 = DEFINITIONAL_REPRESENTATION('',(#6807),#6811);
#6807 = LINE('',#6808,#6809);
#6808 = CARTESIAN_POINT('',(11.897053455019,0.));
#6809 = VECTOR('',#6810,1.);
#6810 = DIRECTION('',(0.,-1.));
#6811 = ( GEOMETRIC_REPRESENTATION_CONTEXT(2) 
PARAMETRIC_REPRESENTATION_CONTEXT() REPRESENTATION_CONTEXT('2D SPACE',''
  ) );
#6812 = PCURVE('',#2278,#6813);
#6813 = DEFINITIONAL_REPRESENTATION('',(#6814),#6818);
#6814 = LINE('',#6815,#6816);
#6815 = CARTESIAN_POINT('',(0.43681640625,0.));
#6816 = VECTOR('',#6817,1.);
#6817 = DIRECTION('',(0.,-1.));
#6818 = ( GEOMETRIC_REPRESENTATION_CONTEXT(2) 
PARAMETRIC_REPRESENTATION_CONTEXT() REPRESENTATION_CONTEXT('2D SPACE',''
  ) );
#6819 = ORIENTED_EDGE('',*,*,#2290,.F.);
#6820 = ADVANCED_FACE('',(#6821),#2278,.T.);
#6821 = FACE_BOUND('',#6822,.T.);
#6822 = EDGE_LOOP('',(#6823,#6824,#6845,#6846));
#6823 = ORIENTED_EDGE('',*,*,#6622,.T.);
#6824 = ORIENTED_EDGE('',*,*,#6825,.T.);
#6825 = EDGE_CURVE('',#6623,#6763,#6826,.T.);
#6826 = SURFACE_CURVE('',#6827,(#6831,#6838),.PCURVE_S1.);
#6827 = LINE('',#6828,#6829);
#6828 = CARTESIAN_POINT('',(51.529842830752,-9.18160907131,6.4));
#6829 = VECTOR('',#6830,1.);
#6830 = DIRECTION('',(0.332820117735,-0.942990333583,0.));
#6831 = PCURVE('',#2278,#6832);
#6832 = DEFINITIONAL_REPRESENTATION('',(#6833),#6837);
#6833 = LINE('',#6834,#6835);
#6834 = CARTESIAN_POINT('',(0.,-0.6));
#6835 = VECTOR('',#6836,1.);
#6836 = DIRECTION('',(1.,0.));
#6837 = ( GEOMETRIC_REPRESENTATION_CONTEXT(2) 
PARAMETRIC_REPRESENTATION_CONTEXT() REPRESENTATION_CONTEXT('2D SPACE',''
  ) );
#6838 = PCURVE('',#6668,#6839);
#6839 = DEFINITIONAL_REPRESENTATION('',(#6840),#6844);
#6840 = LINE('',#6841,#6842);
#6841 = CARTESIAN_POINT('',(2.70498046875,2.8259765625));
#6842 = VECTOR('',#6843,1.);
#6843 = DIRECTION('',(0.,-1.));
#6844 = ( GEOMETRIC_REPRESENTATION_CONTEXT(2) 
PARAMETRIC_REPRESENTATION_CONTEXT() REPRESENTATION_CONTEXT('2D SPACE',''
  ) );
#6845 = ORIENTED_EDGE('',*,*,#6799,.F.);
#6846 = ORIENTED_EDGE('',*,*,#2262,.F.);
#6847 = ADVANCED_FACE('',(#6848),#2387,.T.);
#6848 = FACE_BOUND('',#6849,.T.);
#6849 = EDGE_LOOP('',(#6850,#6873,#6901,#6922));
#6850 = ORIENTED_EDGE('',*,*,#6851,.T.);
#6851 = EDGE_CURVE('',#2370,#6852,#6854,.T.);
#6852 = VERTEX_POINT('',#6853);
#6853 = CARTESIAN_POINT('',(53.464392267052,-11.49565144654,6.4));
#6854 = SURFACE_CURVE('',#6855,(#6859,#6866),.PCURVE_S1.);
#6855 = LINE('',#6856,#6857);
#6856 = CARTESIAN_POINT('',(53.464392267052,-11.49565144654,7.));
#6857 = VECTOR('',#6858,1.);
#6858 = DIRECTION('',(-0.,-0.,-1.));
#6859 = PCURVE('',#2387,#6860);
#6860 = DEFINITIONAL_REPRESENTATION('',(#6861),#6865);
#6861 = LINE('',#6862,#6863);
#6862 = CARTESIAN_POINT('',(0.,0.));
#6863 = VECTOR('',#6864,1.);
#6864 = DIRECTION('',(0.,-1.));
#6865 = ( GEOMETRIC_REPRESENTATION_CONTEXT(2) 
PARAMETRIC_REPRESENTATION_CONTEXT() REPRESENTATION_CONTEXT('2D SPACE',''
  ) );
#6866 = PCURVE('',#2665,#6867);
#6867 = DEFINITIONAL_REPRESENTATION('',(#6868),#6872);
#6868 = LINE('',#6869,#6870);
#6869 = CARTESIAN_POINT('',(1.47451171875,0.));
#6870 = VECTOR('',#6871,1.);
#6871 = DIRECTION('',(0.,-1.));
#6872 = ( GEOMETRIC_REPRESENTATION_CONTEXT(2) 
PARAMETRIC_REPRESENTATION_CONTEXT() REPRESENTATION_CONTEXT('2D SPACE',''
  ) );
#6873 = ORIENTED_EDGE('',*,*,#6874,.T.);
#6874 = EDGE_CURVE('',#6852,#6875,#6877,.T.);
#6875 = VERTEX_POINT('',#6876);
#6876 = CARTESIAN_POINT('',(53.073751154254,-11.63352478047,6.4));
#6877 = SURFACE_CURVE('',#6878,(#6882,#6889),.PCURVE_S1.);
#6878 = LINE('',#6879,#6880);
#6879 = CARTESIAN_POINT('',(53.464392267052,-11.49565144654,6.4));
#6880 = VECTOR('',#6881,1.);
#6881 = DIRECTION('',(-0.942990333583,-0.332820117735,0.));
#6882 = PCURVE('',#2387,#6883);
#6883 = DEFINITIONAL_REPRESENTATION('',(#6884),#6888);
#6884 = LINE('',#6885,#6886);
#6885 = CARTESIAN_POINT('',(-0.,-0.6));
#6886 = VECTOR('',#6887,1.);
#6887 = DIRECTION('',(1.,0.));
#6888 = ( GEOMETRIC_REPRESENTATION_CONTEXT(2) 
PARAMETRIC_REPRESENTATION_CONTEXT() REPRESENTATION_CONTEXT('2D SPACE',''
  ) );
#6889 = PCURVE('',#6890,#6895);
#6890 = PLANE('',#6891);
#6891 = AXIS2_PLACEMENT_3D('',#6892,#6893,#6894);
#6892 = CARTESIAN_POINT('',(52.68504390835,-11.77071557314,6.4));
#6893 = DIRECTION('',(0.,0.,1.));
#6894 = DIRECTION('',(0.942990333583,0.332820117735,0.));
#6895 = DEFINITIONAL_REPRESENTATION('',(#6896),#6900);
#6896 = LINE('',#6897,#6898);
#6897 = CARTESIAN_POINT('',(0.82646484375,0.));
#6898 = VECTOR('',#6899,1.);
#6899 = DIRECTION('',(-1.,0.));
#6900 = ( GEOMETRIC_REPRESENTATION_CONTEXT(2) 
PARAMETRIC_REPRESENTATION_CONTEXT() REPRESENTATION_CONTEXT('2D SPACE',''
  ) );
#6901 = ORIENTED_EDGE('',*,*,#6902,.F.);
#6902 = EDGE_CURVE('',#2372,#6875,#6903,.T.);
#6903 = SURFACE_CURVE('',#6904,(#6908,#6915),.PCURVE_S1.);
#6904 = LINE('',#6905,#6906);
#6905 = CARTESIAN_POINT('',(53.073751154254,-11.63352478047,7.));
#6906 = VECTOR('',#6907,1.);
#6907 = DIRECTION('',(-0.,-0.,-1.));
#6908 = PCURVE('',#2387,#6909);
#6909 = DEFINITIONAL_REPRESENTATION('',(#6910),#6914);
#6910 = LINE('',#6911,#6912);
#6911 = CARTESIAN_POINT('',(0.4142578125,0.));
#6912 = VECTOR('',#6913,1.);
#6913 = DIRECTION('',(0.,-1.));
#6914 = ( GEOMETRIC_REPRESENTATION_CONTEXT(2) 
PARAMETRIC_REPRESENTATION_CONTEXT() REPRESENTATION_CONTEXT('2D SPACE',''
  ) );
#6915 = PCURVE('',#2415,#6916);
#6916 = DEFINITIONAL_REPRESENTATION('',(#6917),#6921);
#6917 = LINE('',#6918,#6919);
#6918 = CARTESIAN_POINT('',(0.,0.));
#6919 = VECTOR('',#6920,1.);
#6920 = DIRECTION('',(0.,-1.));
#6921 = ( GEOMETRIC_REPRESENTATION_CONTEXT(2) 
PARAMETRIC_REPRESENTATION_CONTEXT() REPRESENTATION_CONTEXT('2D SPACE',''
  ) );
#6922 = ORIENTED_EDGE('',*,*,#2369,.F.);
#6923 = ADVANCED_FACE('',(#6924),#2665,.T.);
#6924 = FACE_BOUND('',#6925,.T.);
#6925 = EDGE_LOOP('',(#6926,#6949,#6970,#6971));
#6926 = ORIENTED_EDGE('',*,*,#6927,.T.);
#6927 = EDGE_CURVE('',#2624,#6928,#6930,.T.);
#6928 = VERTEX_POINT('',#6929);
#6929 = CARTESIAN_POINT('',(52.973645103216,-10.105201149,6.4));
#6930 = SURFACE_CURVE('',#6931,(#6935,#6942),.PCURVE_S1.);
#6931 = LINE('',#6932,#6933);
#6932 = CARTESIAN_POINT('',(52.973645103216,-10.105201149,7.));
#6933 = VECTOR('',#6934,1.);
#6934 = DIRECTION('',(-0.,-0.,-1.));
#6935 = PCURVE('',#2665,#6936);
#6936 = DEFINITIONAL_REPRESENTATION('',(#6937),#6941);
#6937 = LINE('',#6938,#6939);
#6938 = CARTESIAN_POINT('',(-1.675087328548E-15,0.));
#6939 = VECTOR('',#6940,1.);
#6940 = DIRECTION('',(0.,-1.));
#6941 = ( GEOMETRIC_REPRESENTATION_CONTEXT(2) 
PARAMETRIC_REPRESENTATION_CONTEXT() REPRESENTATION_CONTEXT('2D SPACE',''
  ) );
#6942 = PCURVE('',#2639,#6943);
#6943 = DEFINITIONAL_REPRESENTATION('',(#6944),#6948);
#6944 = LINE('',#6945,#6946);
#6945 = CARTESIAN_POINT('',(2.082376247544,0.));
#6946 = VECTOR('',#6947,1.);
#6947 = DIRECTION('',(0.,-1.));
#6948 = ( GEOMETRIC_REPRESENTATION_CONTEXT(2) 
PARAMETRIC_REPRESENTATION_CONTEXT() REPRESENTATION_CONTEXT('2D SPACE',''
  ) );
#6949 = ORIENTED_EDGE('',*,*,#6950,.T.);
#6950 = EDGE_CURVE('',#6928,#6852,#6951,.T.);
#6951 = SURFACE_CURVE('',#6952,(#6956,#6963),.PCURVE_S1.);
#6952 = LINE('',#6953,#6954);
#6953 = CARTESIAN_POINT('',(52.973645103216,-10.105201149,6.4));
#6954 = VECTOR('',#6955,1.);
#6955 = DIRECTION('',(0.332820117735,-0.942990333583,0.));
#6956 = PCURVE('',#2665,#6957);
#6957 = DEFINITIONAL_REPRESENTATION('',(#6958),#6962);
#6958 = LINE('',#6959,#6960);
#6959 = CARTESIAN_POINT('',(0.,-0.6));
#6960 = VECTOR('',#6961,1.);
#6961 = DIRECTION('',(1.,0.));
#6962 = ( GEOMETRIC_REPRESENTATION_CONTEXT(2) 
PARAMETRIC_REPRESENTATION_CONTEXT() REPRESENTATION_CONTEXT('2D SPACE',''
  ) );
#6963 = PCURVE('',#6890,#6964);
#6964 = DEFINITIONAL_REPRESENTATION('',(#6965),#6969);
#6965 = LINE('',#6966,#6967);
#6966 = CARTESIAN_POINT('',(0.82646484375,1.47451171875));
#6967 = VECTOR('',#6968,1.);
#6968 = DIRECTION('',(0.,-1.));
#6969 = ( GEOMETRIC_REPRESENTATION_CONTEXT(2) 
PARAMETRIC_REPRESENTATION_CONTEXT() REPRESENTATION_CONTEXT('2D SPACE',''
  ) );
#6970 = ORIENTED_EDGE('',*,*,#6851,.F.);
#6971 = ORIENTED_EDGE('',*,*,#2651,.F.);
#6972 = ADVANCED_FACE('',(#6973),#2639,.T.);
#6973 = FACE_BOUND('',#6974,.T.);
#6974 = EDGE_LOOP('',(#6975,#6998,#7019,#7020));
#6975 = ORIENTED_EDGE('',*,*,#6976,.T.);
#6976 = EDGE_CURVE('',#2596,#6977,#6979,.T.);
#6977 = VERTEX_POINT('',#6978);
#6978 = CARTESIAN_POINT('',(54.850974830798,-11.00626936522,6.4));
#6979 = SURFACE_CURVE('',#6980,(#6984,#6991),.PCURVE_S1.);
#6980 = LINE('',#6981,#6982);
#6981 = CARTESIAN_POINT('',(54.850974830798,-11.00626936522,7.));
#6982 = VECTOR('',#6983,1.);
#6983 = DIRECTION('',(-0.,-0.,-1.));
#6984 = PCURVE('',#2639,#6985);
#6985 = DEFINITIONAL_REPRESENTATION('',(#6986),#6990);
#6986 = LINE('',#6987,#6988);
#6987 = CARTESIAN_POINT('',(0.,0.));
#6988 = VECTOR('',#6989,1.);
#6989 = DIRECTION('',(0.,-1.));
#6990 = ( GEOMETRIC_REPRESENTATION_CONTEXT(2) 
PARAMETRIC_REPRESENTATION_CONTEXT() REPRESENTATION_CONTEXT('2D SPACE',''
  ) );
#6991 = PCURVE('',#2611,#6992);
#6992 = DEFINITIONAL_REPRESENTATION('',(#6993),#6997);
#6993 = LINE('',#6994,#6995);
#6994 = CARTESIAN_POINT('',(0.5455078125,0.));
#6995 = VECTOR('',#6996,1.);
#6996 = DIRECTION('',(0.,-1.));
#6997 = ( GEOMETRIC_REPRESENTATION_CONTEXT(2) 
PARAMETRIC_REPRESENTATION_CONTEXT() REPRESENTATION_CONTEXT('2D SPACE',''
  ) );
#6998 = ORIENTED_EDGE('',*,*,#6999,.T.);
#6999 = EDGE_CURVE('',#6977,#6928,#7000,.T.);
#7000 = SURFACE_CURVE('',#7001,(#7005,#7012),.PCURVE_S1.);
#7001 = LINE('',#7002,#7003);
#7002 = CARTESIAN_POINT('',(54.850974830798,-11.00626936522,6.4));
#7003 = VECTOR('',#7004,1.);
#7004 = DIRECTION('',(-0.901532434303,0.432711531971,0.));
#7005 = PCURVE('',#2639,#7006);
#7006 = DEFINITIONAL_REPRESENTATION('',(#7007),#7011);
#7007 = LINE('',#7008,#7009);
#7008 = CARTESIAN_POINT('',(0.,-0.6));
#7009 = VECTOR('',#7010,1.);
#7010 = DIRECTION('',(1.,0.));
#7011 = ( GEOMETRIC_REPRESENTATION_CONTEXT(2) 
PARAMETRIC_REPRESENTATION_CONTEXT() REPRESENTATION_CONTEXT('2D SPACE',''
  ) );
#7012 = PCURVE('',#6890,#7013);
#7013 = DEFINITIONAL_REPRESENTATION('',(#7014),#7018);
#7014 = LINE('',#7015,#7016);
#7015 = CARTESIAN_POINT('',(2.296875,0.));
#7016 = VECTOR('',#7017,1.);
#7017 = DIRECTION('',(-0.706121267943,0.708090922805));
#7018 = ( GEOMETRIC_REPRESENTATION_CONTEXT(2) 
PARAMETRIC_REPRESENTATION_CONTEXT() REPRESENTATION_CONTEXT('2D SPACE',''
  ) );
#7019 = ORIENTED_EDGE('',*,*,#6927,.F.);
#7020 = ORIENTED_EDGE('',*,*,#2623,.F.);
#7021 = ADVANCED_FACE('',(#7022),#2611,.T.);
#7022 = FACE_BOUND('',#7023,.T.);
#7023 = EDGE_LOOP('',(#7024,#7047,#7068,#7069));
#7024 = ORIENTED_EDGE('',*,*,#7025,.T.);
#7025 = EDGE_CURVE('',#2568,#7026,#7028,.T.);
#7026 = VERTEX_POINT('',#7027);
#7027 = CARTESIAN_POINT('',(55.36538342488,-10.82471339083,6.4));
#7028 = SURFACE_CURVE('',#7029,(#7033,#7040),.PCURVE_S1.);
#7029 = LINE('',#7030,#7031);
#7030 = CARTESIAN_POINT('',(55.36538342488,-10.82471339083,7.));
#7031 = VECTOR('',#7032,1.);
#7032 = DIRECTION('',(-0.,-0.,-1.));
#7033 = PCURVE('',#2611,#7034);
#7034 = DEFINITIONAL_REPRESENTATION('',(#7035),#7039);
#7035 = LINE('',#7036,#7037);
#7036 = CARTESIAN_POINT('',(0.,0.));
#7037 = VECTOR('',#7038,1.);
#7038 = DIRECTION('',(0.,-1.));
#7039 = ( GEOMETRIC_REPRESENTATION_CONTEXT(2) 
PARAMETRIC_REPRESENTATION_CONTEXT() REPRESENTATION_CONTEXT('2D SPACE',''
  ) );
#7040 = PCURVE('',#2583,#7041);
#7041 = DEFINITIONAL_REPRESENTATION('',(#7042),#7046);
#7042 = LINE('',#7043,#7044);
#7043 = CARTESIAN_POINT('',(2.307147135345,0.));
#7044 = VECTOR('',#7045,1.);
#7045 = DIRECTION('',(0.,-1.));
#7046 = ( GEOMETRIC_REPRESENTATION_CONTEXT(2) 
PARAMETRIC_REPRESENTATION_CONTEXT() REPRESENTATION_CONTEXT('2D SPACE',''
  ) );
#7047 = ORIENTED_EDGE('',*,*,#7048,.T.);
#7048 = EDGE_CURVE('',#7026,#6977,#7049,.T.);
#7049 = SURFACE_CURVE('',#7050,(#7054,#7061),.PCURVE_S1.);
#7050 = LINE('',#7051,#7052);
#7051 = CARTESIAN_POINT('',(55.36538342488,-10.82471339083,6.4));
#7052 = VECTOR('',#7053,1.);
#7053 = DIRECTION('',(-0.942990333583,-0.332820117735,0.));
#7054 = PCURVE('',#2611,#7055);
#7055 = DEFINITIONAL_REPRESENTATION('',(#7056),#7060);
#7056 = LINE('',#7057,#7058);
#7057 = CARTESIAN_POINT('',(-0.,-0.6));
#7058 = VECTOR('',#7059,1.);
#7059 = DIRECTION('',(1.,0.));
#7060 = ( GEOMETRIC_REPRESENTATION_CONTEXT(2) 
PARAMETRIC_REPRESENTATION_CONTEXT() REPRESENTATION_CONTEXT('2D SPACE',''
  ) );
#7061 = PCURVE('',#6890,#7062);
#7062 = DEFINITIONAL_REPRESENTATION('',(#7063),#7067);
#7063 = LINE('',#7064,#7065);
#7064 = CARTESIAN_POINT('',(2.8423828125,0.));
#7065 = VECTOR('',#7066,1.);
#7066 = DIRECTION('',(-1.,0.));
#7067 = ( GEOMETRIC_REPRESENTATION_CONTEXT(2) 
PARAMETRIC_REPRESENTATION_CONTEXT() REPRESENTATION_CONTEXT('2D SPACE',''
  ) );
#7068 = ORIENTED_EDGE('',*,*,#6976,.F.);
#7069 = ORIENTED_EDGE('',*,*,#2595,.F.);
#7070 = ADVANCED_FACE('',(#7071),#2583,.T.);
#7071 = FACE_BOUND('',#7072,.T.);
#7072 = EDGE_LOOP('',(#7073,#7096,#7117,#7118));
#7073 = ORIENTED_EDGE('',*,*,#7074,.T.);
#7074 = EDGE_CURVE('',#2540,#7075,#7077,.T.);
#7075 = VERTEX_POINT('',#7076);
#7076 = CARTESIAN_POINT('',(53.285907728327,-9.825359233607,6.4));
#7077 = SURFACE_CURVE('',#7078,(#7082,#7089),.PCURVE_S1.);
#7078 = LINE('',#7079,#7080);
#7079 = CARTESIAN_POINT('',(53.285907728327,-9.825359233607,7.));
#7080 = VECTOR('',#7081,1.);
#7081 = DIRECTION('',(-0.,-0.,-1.));
#7082 = PCURVE('',#2583,#7083);
#7083 = DEFINITIONAL_REPRESENTATION('',(#7084),#7088);
#7084 = LINE('',#7085,#7086);
#7085 = CARTESIAN_POINT('',(0.,0.));
#7086 = VECTOR('',#7087,1.);
#7087 = DIRECTION('',(0.,-1.));
#7088 = ( GEOMETRIC_REPRESENTATION_CONTEXT(2) 
PARAMETRIC_REPRESENTATION_CONTEXT() REPRESENTATION_CONTEXT('2D SPACE',''
  ) );
#7089 = PCURVE('',#2555,#7090);
#7090 = DEFINITIONAL_REPRESENTATION('',(#7091),#7095);
#7091 = LINE('',#7092,#7093);
#7092 = CARTESIAN_POINT('',(2.084845844031,0.));
#7093 = VECTOR('',#7094,1.);
#7094 = DIRECTION('',(0.,-1.));
#7095 = ( GEOMETRIC_REPRESENTATION_CONTEXT(2) 
PARAMETRIC_REPRESENTATION_CONTEXT() REPRESENTATION_CONTEXT('2D SPACE',''
  ) );
#7096 = ORIENTED_EDGE('',*,*,#7097,.T.);
#7097 = EDGE_CURVE('',#7075,#7026,#7098,.T.);
#7098 = SURFACE_CURVE('',#7099,(#7103,#7110),.PCURVE_S1.);
#7099 = LINE('',#7100,#7101);
#7100 = CARTESIAN_POINT('',(53.285907728327,-9.825359233607,6.4));
#7101 = VECTOR('',#7102,1.);
#7102 = DIRECTION('',(0.901319064006,-0.433155797445,0.));
#7103 = PCURVE('',#2583,#7104);
#7104 = DEFINITIONAL_REPRESENTATION('',(#7105),#7109);
#7105 = LINE('',#7106,#7107);
#7106 = CARTESIAN_POINT('',(0.,-0.6));
#7107 = VECTOR('',#7108,1.);
#7108 = DIRECTION('',(1.,0.));
#7109 = ( GEOMETRIC_REPRESENTATION_CONTEXT(2) 
PARAMETRIC_REPRESENTATION_CONTEXT() REPRESENTATION_CONTEXT('2D SPACE',''
  ) );
#7110 = PCURVE('',#6890,#7111);
#7111 = DEFINITIONAL_REPRESENTATION('',(#7112),#7116);
#7112 = LINE('',#7113,#7114);
#7113 = CARTESIAN_POINT('',(1.2140625,1.63447265625));
#7114 = VECTOR('',#7115,1.);
#7115 = DIRECTION('',(0.705772201328,-0.708438846925));
#7116 = ( GEOMETRIC_REPRESENTATION_CONTEXT(2) 
PARAMETRIC_REPRESENTATION_CONTEXT() REPRESENTATION_CONTEXT('2D SPACE',''
  ) );
#7117 = ORIENTED_EDGE('',*,*,#7025,.F.);
#7118 = ORIENTED_EDGE('',*,*,#2567,.F.);
#7119 = ADVANCED_FACE('',(#7120),#2555,.T.);
#7120 = FACE_BOUND('',#7121,.T.);
#7121 = EDGE_LOOP('',(#7122,#7145,#7166,#7167));
#7122 = ORIENTED_EDGE('',*,*,#7123,.T.);
#7123 = EDGE_CURVE('',#2512,#7124,#7126,.T.);
#7124 = VERTEX_POINT('',#7125);
#7125 = CARTESIAN_POINT('',(54.243854382631,-7.973624803165,6.4));
#7126 = SURFACE_CURVE('',#7127,(#7131,#7138),.PCURVE_S1.);
#7127 = LINE('',#7128,#7129);
#7128 = CARTESIAN_POINT('',(54.243854382631,-7.973624803165,7.));
#7129 = VECTOR('',#7130,1.);
#7130 = DIRECTION('',(-0.,-0.,-1.));
#7131 = PCURVE('',#2555,#7132);
#7132 = DEFINITIONAL_REPRESENTATION('',(#7133),#7137);
#7133 = LINE('',#7134,#7135);
#7134 = CARTESIAN_POINT('',(0.,0.));
#7135 = VECTOR('',#7136,1.);
#7136 = DIRECTION('',(0.,-1.));
#7137 = ( GEOMETRIC_REPRESENTATION_CONTEXT(2) 
PARAMETRIC_REPRESENTATION_CONTEXT() REPRESENTATION_CONTEXT('2D SPACE',''
  ) );
#7138 = PCURVE('',#2527,#7139);
#7139 = DEFINITIONAL_REPRESENTATION('',(#7140),#7144);
#7140 = LINE('',#7141,#7142);
#7141 = CARTESIAN_POINT('',(0.533203125,0.));
#7142 = VECTOR('',#7143,1.);
#7143 = DIRECTION('',(0.,-1.));
#7144 = ( GEOMETRIC_REPRESENTATION_CONTEXT(2) 
PARAMETRIC_REPRESENTATION_CONTEXT() REPRESENTATION_CONTEXT('2D SPACE',''
  ) );
#7145 = ORIENTED_EDGE('',*,*,#7146,.T.);
#7146 = EDGE_CURVE('',#7124,#7075,#7147,.T.);
#7147 = SURFACE_CURVE('',#7148,(#7152,#7159),.PCURVE_S1.);
#7148 = LINE('',#7149,#7150);
#7149 = CARTESIAN_POINT('',(54.243854382631,-7.973624803165,6.4));
#7150 = VECTOR('',#7151,1.);
#7151 = DIRECTION('',(-0.459480808639,-0.888187697783,0.));
#7152 = PCURVE('',#2555,#7153);
#7153 = DEFINITIONAL_REPRESENTATION('',(#7154),#7158);
#7154 = LINE('',#7155,#7156);
#7155 = CARTESIAN_POINT('',(-0.,-0.6));
#7156 = VECTOR('',#7157,1.);
#7157 = DIRECTION('',(1.,0.));
#7158 = ( GEOMETRIC_REPRESENTATION_CONTEXT(2) 
PARAMETRIC_REPRESENTATION_CONTEXT() REPRESENTATION_CONTEXT('2D SPACE',''
  ) );
#7159 = PCURVE('',#6890,#7160);
#7160 = DEFINITIONAL_REPRESENTATION('',(#7161),#7165);
#7161 = LINE('',#7162,#7163);
#7162 = CARTESIAN_POINT('',(2.73369140625,3.06181640625));
#7163 = VECTOR('',#7164,1.);
#7164 = DIRECTION('',(-0.72889269516,-0.684627956588));
#7165 = ( GEOMETRIC_REPRESENTATION_CONTEXT(2) 
PARAMETRIC_REPRESENTATION_CONTEXT() REPRESENTATION_CONTEXT('2D SPACE',''
  ) );
#7166 = ORIENTED_EDGE('',*,*,#7074,.F.);
#7167 = ORIENTED_EDGE('',*,*,#2539,.F.);
#7168 = ADVANCED_FACE('',(#7169),#2527,.T.);
#7169 = FACE_BOUND('',#7170,.T.);
#7170 = EDGE_LOOP('',(#7171,#7194,#7215,#7216));
#7171 = ORIENTED_EDGE('',*,*,#7172,.T.);
#7172 = EDGE_CURVE('',#2484,#7173,#7175,.T.);
#7173 = VERTEX_POINT('',#7174);
#7174 = CARTESIAN_POINT('',(53.74104898992,-8.151085530004,6.4));
#7175 = SURFACE_CURVE('',#7176,(#7180,#7187),.PCURVE_S1.);
#7176 = LINE('',#7177,#7178);
#7177 = CARTESIAN_POINT('',(53.74104898992,-8.151085530004,7.));
#7178 = VECTOR('',#7179,1.);
#7179 = DIRECTION('',(-0.,-0.,-1.));
#7180 = PCURVE('',#2527,#7181);
#7181 = DEFINITIONAL_REPRESENTATION('',(#7182),#7186);
#7182 = LINE('',#7183,#7184);
#7183 = CARTESIAN_POINT('',(0.,0.));
#7184 = VECTOR('',#7185,1.);
#7185 = DIRECTION('',(0.,-1.));
#7186 = ( GEOMETRIC_REPRESENTATION_CONTEXT(2) 
PARAMETRIC_REPRESENTATION_CONTEXT() REPRESENTATION_CONTEXT('2D SPACE',''
  ) );
#7187 = PCURVE('',#2499,#7188);
#7188 = DEFINITIONAL_REPRESENTATION('',(#7189),#7193);
#7189 = LINE('',#7190,#7191);
#7190 = CARTESIAN_POINT('',(1.887455327093,0.));
#7191 = VECTOR('',#7192,1.);
#7192 = DIRECTION('',(0.,-1.));
#7193 = ( GEOMETRIC_REPRESENTATION_CONTEXT(2) 
PARAMETRIC_REPRESENTATION_CONTEXT() REPRESENTATION_CONTEXT('2D SPACE',''
  ) );
#7194 = ORIENTED_EDGE('',*,*,#7195,.T.);
#7195 = EDGE_CURVE('',#7173,#7124,#7196,.T.);
#7196 = SURFACE_CURVE('',#7197,(#7201,#7208),.PCURVE_S1.);
#7197 = LINE('',#7198,#7199);
#7198 = CARTESIAN_POINT('',(53.74104898992,-8.151085530004,6.4));
#7199 = VECTOR('',#7200,1.);
#7200 = DIRECTION('',(0.942990333583,0.332820117735,0.));
#7201 = PCURVE('',#2527,#7202);
#7202 = DEFINITIONAL_REPRESENTATION('',(#7203),#7207);
#7203 = LINE('',#7204,#7205);
#7204 = CARTESIAN_POINT('',(0.,-0.6));
#7205 = VECTOR('',#7206,1.);
#7206 = DIRECTION('',(1.,0.));
#7207 = ( GEOMETRIC_REPRESENTATION_CONTEXT(2) 
PARAMETRIC_REPRESENTATION_CONTEXT() REPRESENTATION_CONTEXT('2D SPACE',''
  ) );
#7208 = PCURVE('',#6890,#7209);
#7209 = DEFINITIONAL_REPRESENTATION('',(#7210),#7214);
#7210 = LINE('',#7211,#7212);
#7211 = CARTESIAN_POINT('',(2.20048828125,3.06181640625));
#7212 = VECTOR('',#7213,1.);
#7213 = DIRECTION('',(1.,0.));
#7214 = ( GEOMETRIC_REPRESENTATION_CONTEXT(2) 
PARAMETRIC_REPRESENTATION_CONTEXT() REPRESENTATION_CONTEXT('2D SPACE',''
  ) );
#7215 = ORIENTED_EDGE('',*,*,#7123,.F.);
#7216 = ORIENTED_EDGE('',*,*,#2511,.F.);
#7217 = ADVANCED_FACE('',(#7218),#2499,.T.);
#7218 = FACE_BOUND('',#7219,.T.);
#7219 = EDGE_LOOP('',(#7220,#7243,#7264,#7265));
#7220 = ORIENTED_EDGE('',*,*,#7221,.T.);
#7221 = EDGE_CURVE('',#2456,#7222,#7224,.T.);
#7222 = VERTEX_POINT('',#7223);
#7223 = CARTESIAN_POINT('',(52.876041703454,-9.828658183016,6.4));
#7224 = SURFACE_CURVE('',#7225,(#7229,#7236),.PCURVE_S1.);
#7225 = LINE('',#7226,#7227);
#7226 = CARTESIAN_POINT('',(52.876041703454,-9.828658183016,7.));
#7227 = VECTOR('',#7228,1.);
#7228 = DIRECTION('',(-0.,-0.,-1.));
#7229 = PCURVE('',#2499,#7230);
#7230 = DEFINITIONAL_REPRESENTATION('',(#7231),#7235);
#7231 = LINE('',#7232,#7233);
#7232 = CARTESIAN_POINT('',(0.,0.));
#7233 = VECTOR('',#7234,1.);
#7234 = DIRECTION('',(0.,-1.));
#7235 = ( GEOMETRIC_REPRESENTATION_CONTEXT(2) 
PARAMETRIC_REPRESENTATION_CONTEXT() REPRESENTATION_CONTEXT('2D SPACE',''
  ) );
#7236 = PCURVE('',#2471,#7237);
#7237 = DEFINITIONAL_REPRESENTATION('',(#7238),#7242);
#7238 = LINE('',#7239,#7240);
#7239 = CARTESIAN_POINT('',(1.29404296875,0.));
#7240 = VECTOR('',#7241,1.);
#7241 = DIRECTION('',(0.,-1.));
#7242 = ( GEOMETRIC_REPRESENTATION_CONTEXT(2) 
PARAMETRIC_REPRESENTATION_CONTEXT() REPRESENTATION_CONTEXT('2D SPACE',''
  ) );
#7243 = ORIENTED_EDGE('',*,*,#7244,.T.);
#7244 = EDGE_CURVE('',#7222,#7173,#7245,.T.);
#7245 = SURFACE_CURVE('',#7246,(#7250,#7257),.PCURVE_S1.);
#7246 = LINE('',#7247,#7248);
#7247 = CARTESIAN_POINT('',(52.876041703454,-9.828658183016,6.4));
#7248 = VECTOR('',#7249,1.);
#7249 = DIRECTION('',(0.458292852842,0.888801249456,0.));
#7250 = PCURVE('',#2499,#7251);
#7251 = DEFINITIONAL_REPRESENTATION('',(#7252),#7256);
#7252 = LINE('',#7253,#7254);
#7253 = CARTESIAN_POINT('',(0.,-0.6));
#7254 = VECTOR('',#7255,1.);
#7255 = DIRECTION('',(1.,0.));
#7256 = ( GEOMETRIC_REPRESENTATION_CONTEXT(2) 
PARAMETRIC_REPRESENTATION_CONTEXT() REPRESENTATION_CONTEXT('2D SPACE',''
  ) );
#7257 = PCURVE('',#6890,#7258);
#7258 = DEFINITIONAL_REPRESENTATION('',(#7259),#7263);
#7259 = LINE('',#7260,#7261);
#7260 = CARTESIAN_POINT('',(0.82646484375,1.7677734375));
#7261 = VECTOR('',#7262,1.);
#7262 = DIRECTION('',(0.727976666667,0.685601905473));
#7263 = ( GEOMETRIC_REPRESENTATION_CONTEXT(2) 
PARAMETRIC_REPRESENTATION_CONTEXT() REPRESENTATION_CONTEXT('2D SPACE',''
  ) );
#7264 = ORIENTED_EDGE('',*,*,#7172,.F.);
#7265 = ORIENTED_EDGE('',*,*,#2483,.F.);
#7266 = ADVANCED_FACE('',(#7267),#2471,.T.);
#7267 = FACE_BOUND('',#7268,.T.);
#7268 = EDGE_LOOP('',(#7269,#7292,#7313,#7314));
#7269 = ORIENTED_EDGE('',*,*,#7270,.T.);
#7270 = EDGE_CURVE('',#2428,#7271,#7273,.T.);
#7271 = VERTEX_POINT('',#7272);
#7272 = CARTESIAN_POINT('',(52.445358170241,-8.608388172244,6.4));
#7273 = SURFACE_CURVE('',#7274,(#7278,#7285),.PCURVE_S1.);
#7274 = LINE('',#7275,#7276);
#7275 = CARTESIAN_POINT('',(52.445358170241,-8.608388172244,7.));
#7276 = VECTOR('',#7277,1.);
#7277 = DIRECTION('',(-0.,-0.,-1.));
#7278 = PCURVE('',#2471,#7279);
#7279 = DEFINITIONAL_REPRESENTATION('',(#7280),#7284);
#7280 = LINE('',#7281,#7282);
#7281 = CARTESIAN_POINT('',(0.,0.));
#7282 = VECTOR('',#7283,1.);
#7283 = DIRECTION('',(0.,-1.));
#7284 = ( GEOMETRIC_REPRESENTATION_CONTEXT(2) 
PARAMETRIC_REPRESENTATION_CONTEXT() REPRESENTATION_CONTEXT('2D SPACE',''
  ) );
#7285 = PCURVE('',#2443,#7286);
#7286 = DEFINITIONAL_REPRESENTATION('',(#7287),#7291);
#7287 = LINE('',#7288,#7289);
#7288 = CARTESIAN_POINT('',(0.4142578125,0.));
#7289 = VECTOR('',#7290,1.);
#7290 = DIRECTION('',(0.,-1.));
#7291 = ( GEOMETRIC_REPRESENTATION_CONTEXT(2) 
PARAMETRIC_REPRESENTATION_CONTEXT() REPRESENTATION_CONTEXT('2D SPACE',''
  ) );
#7292 = ORIENTED_EDGE('',*,*,#7293,.T.);
#7293 = EDGE_CURVE('',#7271,#7222,#7294,.T.);
#7294 = SURFACE_CURVE('',#7295,(#7299,#7306),.PCURVE_S1.);
#7295 = LINE('',#7296,#7297);
#7296 = CARTESIAN_POINT('',(52.445358170241,-8.608388172244,6.4));
#7297 = VECTOR('',#7298,1.);
#7298 = DIRECTION('',(0.332820117735,-0.942990333583,0.));
#7299 = PCURVE('',#2471,#7300);
#7300 = DEFINITIONAL_REPRESENTATION('',(#7301),#7305);
#7301 = LINE('',#7302,#7303);
#7302 = CARTESIAN_POINT('',(0.,-0.6));
#7303 = VECTOR('',#7304,1.);
#7304 = DIRECTION('',(1.,0.));
#7305 = ( GEOMETRIC_REPRESENTATION_CONTEXT(2) 
PARAMETRIC_REPRESENTATION_CONTEXT() REPRESENTATION_CONTEXT('2D SPACE',''
  ) );
#7306 = PCURVE('',#6890,#7307);
#7307 = DEFINITIONAL_REPRESENTATION('',(#7308),#7312);
#7308 = LINE('',#7309,#7310);
#7309 = CARTESIAN_POINT('',(0.82646484375,3.06181640625));
#7310 = VECTOR('',#7311,1.);
#7311 = DIRECTION('',(0.,-1.));
#7312 = ( GEOMETRIC_REPRESENTATION_CONTEXT(2) 
PARAMETRIC_REPRESENTATION_CONTEXT() REPRESENTATION_CONTEXT('2D SPACE',''
  ) );
#7313 = ORIENTED_EDGE('',*,*,#7221,.F.);
#7314 = ORIENTED_EDGE('',*,*,#2455,.F.);
#7315 = ADVANCED_FACE('',(#7316),#2443,.T.);
#7316 = FACE_BOUND('',#7317,.T.);
#7317 = EDGE_LOOP('',(#7318,#7341,#7362,#7363));
#7318 = ORIENTED_EDGE('',*,*,#7319,.T.);
#7319 = EDGE_CURVE('',#2400,#7320,#7322,.T.);
#7320 = VERTEX_POINT('',#7321);
#7321 = CARTESIAN_POINT('',(52.054717057442,-8.746261506173,6.4));
#7322 = SURFACE_CURVE('',#7323,(#7327,#7334),.PCURVE_S1.);
#7323 = LINE('',#7324,#7325);
#7324 = CARTESIAN_POINT('',(52.054717057442,-8.746261506173,7.));
#7325 = VECTOR('',#7326,1.);
#7326 = DIRECTION('',(-0.,-0.,-1.));
#7327 = PCURVE('',#2443,#7328);
#7328 = DEFINITIONAL_REPRESENTATION('',(#7329),#7333);
#7329 = LINE('',#7330,#7331);
#7330 = CARTESIAN_POINT('',(0.,0.));
#7331 = VECTOR('',#7332,1.);
#7332 = DIRECTION('',(0.,-1.));
#7333 = ( GEOMETRIC_REPRESENTATION_CONTEXT(2) 
PARAMETRIC_REPRESENTATION_CONTEXT() REPRESENTATION_CONTEXT('2D SPACE',''
  ) );
#7334 = PCURVE('',#2415,#7335);
#7335 = DEFINITIONAL_REPRESENTATION('',(#7336),#7340);
#7336 = LINE('',#7337,#7338);
#7337 = CARTESIAN_POINT('',(3.06181640625,0.));
#7338 = VECTOR('',#7339,1.);
#7339 = DIRECTION('',(0.,-1.));
#7340 = ( GEOMETRIC_REPRESENTATION_CONTEXT(2) 
PARAMETRIC_REPRESENTATION_CONTEXT() REPRESENTATION_CONTEXT('2D SPACE',''
  ) );
#7341 = ORIENTED_EDGE('',*,*,#7342,.T.);
#7342 = EDGE_CURVE('',#7320,#7271,#7343,.T.);
#7343 = SURFACE_CURVE('',#7344,(#7348,#7355),.PCURVE_S1.);
#7344 = LINE('',#7345,#7346);
#7345 = CARTESIAN_POINT('',(52.054717057442,-8.746261506173,6.4));
#7346 = VECTOR('',#7347,1.);
#7347 = DIRECTION('',(0.942990333583,0.332820117735,0.));
#7348 = PCURVE('',#2443,#7349);
#7349 = DEFINITIONAL_REPRESENTATION('',(#7350),#7354);
#7350 = LINE('',#7351,#7352);
#7351 = CARTESIAN_POINT('',(0.,-0.6));
#7352 = VECTOR('',#7353,1.);
#7353 = DIRECTION('',(1.,0.));
#7354 = ( GEOMETRIC_REPRESENTATION_CONTEXT(2) 
PARAMETRIC_REPRESENTATION_CONTEXT() REPRESENTATION_CONTEXT('2D SPACE',''
  ) );
#7355 = PCURVE('',#6890,#7356);
#7356 = DEFINITIONAL_REPRESENTATION('',(#7357),#7361);
#7357 = LINE('',#7358,#7359);
#7358 = CARTESIAN_POINT('',(0.41220703125,3.06181640625));
#7359 = VECTOR('',#7360,1.);
#7360 = DIRECTION('',(1.,0.));
#7361 = ( GEOMETRIC_REPRESENTATION_CONTEXT(2) 
PARAMETRIC_REPRESENTATION_CONTEXT() REPRESENTATION_CONTEXT('2D SPACE',''
  ) );
#7362 = ORIENTED_EDGE('',*,*,#7270,.F.);
#7363 = ORIENTED_EDGE('',*,*,#2427,.F.);
#7364 = ADVANCED_FACE('',(#7365),#2415,.T.);
#7365 = FACE_BOUND('',#7366,.T.);
#7366 = EDGE_LOOP('',(#7367,#7368,#7389,#7390));
#7367 = ORIENTED_EDGE('',*,*,#6902,.T.);
#7368 = ORIENTED_EDGE('',*,*,#7369,.T.);
#7369 = EDGE_CURVE('',#6875,#7320,#7370,.T.);
#7370 = SURFACE_CURVE('',#7371,(#7375,#7382),.PCURVE_S1.);
#7371 = LINE('',#7372,#7373);
#7372 = CARTESIAN_POINT('',(53.073751154254,-11.63352478047,6.4));
#7373 = VECTOR('',#7374,1.);
#7374 = DIRECTION('',(-0.332820117735,0.942990333583,0.));
#7375 = PCURVE('',#2415,#7376);
#7376 = DEFINITIONAL_REPRESENTATION('',(#7377),#7381);
#7377 = LINE('',#7378,#7379);
#7378 = CARTESIAN_POINT('',(0.,-0.6));
#7379 = VECTOR('',#7380,1.);
#7380 = DIRECTION('',(1.,0.));
#7381 = ( GEOMETRIC_REPRESENTATION_CONTEXT(2) 
PARAMETRIC_REPRESENTATION_CONTEXT() REPRESENTATION_CONTEXT('2D SPACE',''
  ) );
#7382 = PCURVE('',#6890,#7383);
#7383 = DEFINITIONAL_REPRESENTATION('',(#7384),#7388);
#7384 = LINE('',#7385,#7386);
#7385 = CARTESIAN_POINT('',(0.41220703125,0.));
#7386 = VECTOR('',#7387,1.);
#7387 = DIRECTION('',(0.,1.));
#7388 = ( GEOMETRIC_REPRESENTATION_CONTEXT(2) 
PARAMETRIC_REPRESENTATION_CONTEXT() REPRESENTATION_CONTEXT('2D SPACE',''
  ) );
#7389 = ORIENTED_EDGE('',*,*,#7319,.F.);
#7390 = ORIENTED_EDGE('',*,*,#2399,.F.);
#7391 = ADVANCED_FACE('',(#7392),#2697,.T.);
#7392 = FACE_BOUND('',#7393,.T.);
#7393 = EDGE_LOOP('',(#7394,#7417,#7445,#7466));
#7394 = ORIENTED_EDGE('',*,*,#7395,.T.);
#7395 = EDGE_CURVE('',#2680,#7396,#7398,.T.);
#7396 = VERTEX_POINT('',#7397);
#7397 = CARTESIAN_POINT('',(55.775249449753,-9.638342929169,6.4));
#7398 = SURFACE_CURVE('',#7399,(#7403,#7410),.PCURVE_S1.);
#7399 = LINE('',#7400,#7401);
#7400 = CARTESIAN_POINT('',(55.775249449753,-9.638342929169,7.));
#7401 = VECTOR('',#7402,1.);
#7402 = DIRECTION('',(-0.,-0.,-1.));
#7403 = PCURVE('',#2697,#7404);
#7404 = DEFINITIONAL_REPRESENTATION('',(#7405),#7409);
#7405 = LINE('',#7406,#7407);
#7406 = CARTESIAN_POINT('',(0.,0.));
#7407 = VECTOR('',#7408,1.);
#7408 = DIRECTION('',(0.,-1.));
#7409 = ( GEOMETRIC_REPRESENTATION_CONTEXT(2) 
PARAMETRIC_REPRESENTATION_CONTEXT() REPRESENTATION_CONTEXT('2D SPACE',''
  ) );
#7410 = PCURVE('',#2779,#7411);
#7411 = DEFINITIONAL_REPRESENTATION('',(#7412),#7416);
#7412 = LINE('',#7413,#7414);
#7413 = CARTESIAN_POINT('',(0.336328125,0.));
#7414 = VECTOR('',#7415,1.);
#7415 = DIRECTION('',(0.,-1.));
#7416 = ( GEOMETRIC_REPRESENTATION_CONTEXT(2) 
PARAMETRIC_REPRESENTATION_CONTEXT() REPRESENTATION_CONTEXT('2D SPACE',''
  ) );
#7417 = ORIENTED_EDGE('',*,*,#7418,.T.);
#7418 = EDGE_CURVE('',#7396,#7419,#7421,.T.);
#7419 = VERTEX_POINT('',#7420);
#7420 = CARTESIAN_POINT('',(54.732895193324,-10.00623266673,6.4));
#7421 = SURFACE_CURVE('',#7422,(#7426,#7433),.PCURVE_S1.);
#7422 = LINE('',#7423,#7424);
#7423 = CARTESIAN_POINT('',(55.775249449753,-9.638342929169,6.4));
#7424 = VECTOR('',#7425,1.);
#7425 = DIRECTION('',(-0.942990333583,-0.332820117735,0.));
#7426 = PCURVE('',#2697,#7427);
#7427 = DEFINITIONAL_REPRESENTATION('',(#7428),#7432);
#7428 = LINE('',#7429,#7430);
#7429 = CARTESIAN_POINT('',(-0.,-0.6));
#7430 = VECTOR('',#7431,1.);
#7431 = DIRECTION('',(1.,0.));
#7432 = ( GEOMETRIC_REPRESENTATION_CONTEXT(2) 
PARAMETRIC_REPRESENTATION_CONTEXT() REPRESENTATION_CONTEXT('2D SPACE',''
  ) );
#7433 = PCURVE('',#7434,#7439);
#7434 = PLANE('',#7435);
#7435 = AXIS2_PLACEMENT_3D('',#7436,#7437,#7438);
#7436 = CARTESIAN_POINT('',(54.866445765958,-11.00080903516,6.4));
#7437 = DIRECTION('',(0.,0.,1.));
#7438 = DIRECTION('',(0.942990333583,0.332820117735,0.));
#7439 = DEFINITIONAL_REPRESENTATION('',(#7440),#7444);
#7440 = LINE('',#7441,#7442);
#7441 = CARTESIAN_POINT('',(1.31044921875,0.98232421875));
#7442 = VECTOR('',#7443,1.);
#7443 = DIRECTION('',(-1.,0.));
#7444 = ( GEOMETRIC_REPRESENTATION_CONTEXT(2) 
PARAMETRIC_REPRESENTATION_CONTEXT() REPRESENTATION_CONTEXT('2D SPACE',''
  ) );
#7445 = ORIENTED_EDGE('',*,*,#7446,.F.);
#7446 = EDGE_CURVE('',#2682,#7419,#7447,.T.);
#7447 = SURFACE_CURVE('',#7448,(#7452,#7459),.PCURVE_S1.);
#7448 = LINE('',#7449,#7450);
#7449 = CARTESIAN_POINT('',(54.732895193324,-10.00623266673,7.));
#7450 = VECTOR('',#7451,1.);
#7451 = DIRECTION('',(-0.,-0.,-1.));
#7452 = PCURVE('',#2697,#7453);
#7453 = DEFINITIONAL_REPRESENTATION('',(#7454),#7458);
#7454 = LINE('',#7455,#7456);
#7455 = CARTESIAN_POINT('',(1.10537109375,0.));
#7456 = VECTOR('',#7457,1.);
#7457 = DIRECTION('',(0.,-1.));
#7458 = ( GEOMETRIC_REPRESENTATION_CONTEXT(2) 
PARAMETRIC_REPRESENTATION_CONTEXT() REPRESENTATION_CONTEXT('2D SPACE',''
  ) );
#7459 = PCURVE('',#2725,#7460);
#7460 = DEFINITIONAL_REPRESENTATION('',(#7461),#7465);
#7461 = LINE('',#7462,#7463);
#7462 = CARTESIAN_POINT('',(0.,0.));
#7463 = VECTOR('',#7464,1.);
#7464 = DIRECTION('',(0.,-1.));
#7465 = ( GEOMETRIC_REPRESENTATION_CONTEXT(2) 
PARAMETRIC_REPRESENTATION_CONTEXT() REPRESENTATION_CONTEXT('2D SPACE',''
  ) );
#7466 = ORIENTED_EDGE('',*,*,#2679,.F.);
#7467 = ADVANCED_FACE('',(#7468),#2779,.T.);
#7468 = FACE_BOUND('',#7469,.T.);
#7469 = EDGE_LOOP('',(#7470,#7493,#7514,#7515));
#7470 = ORIENTED_EDGE('',*,*,#7471,.T.);
#7471 = EDGE_CURVE('',#2738,#7472,#7474,.T.);
#7472 = VERTEX_POINT('',#7473);
#7473 = CARTESIAN_POINT('',(55.663312683592,-9.321188758381,6.4));
#7474 = SURFACE_CURVE('',#7475,(#7479,#7486),.PCURVE_S1.);
#7475 = LINE('',#7476,#7477);
#7476 = CARTESIAN_POINT('',(55.663312683592,-9.321188758381,7.));
#7477 = VECTOR('',#7478,1.);
#7478 = DIRECTION('',(-0.,-0.,-1.));
#7479 = PCURVE('',#2779,#7480);
#7480 = DEFINITIONAL_REPRESENTATION('',(#7481),#7485);
#7481 = LINE('',#7482,#7483);
#7482 = CARTESIAN_POINT('',(0.,0.));
#7483 = VECTOR('',#7484,1.);
#7484 = DIRECTION('',(0.,-1.));
#7485 = ( GEOMETRIC_REPRESENTATION_CONTEXT(2) 
PARAMETRIC_REPRESENTATION_CONTEXT() REPRESENTATION_CONTEXT('2D SPACE',''
  ) );
#7486 = PCURVE('',#2753,#7487);
#7487 = DEFINITIONAL_REPRESENTATION('',(#7488),#7492);
#7488 = LINE('',#7489,#7490);
#7489 = CARTESIAN_POINT('',(1.10537109375,0.));
#7490 = VECTOR('',#7491,1.);
#7491 = DIRECTION('',(0.,-1.));
#7492 = ( GEOMETRIC_REPRESENTATION_CONTEXT(2) 
PARAMETRIC_REPRESENTATION_CONTEXT() REPRESENTATION_CONTEXT('2D SPACE',''
  ) );
#7493 = ORIENTED_EDGE('',*,*,#7494,.T.);
#7494 = EDGE_CURVE('',#7472,#7396,#7495,.T.);
#7495 = SURFACE_CURVE('',#7496,(#7500,#7507),.PCURVE_S1.);
#7496 = LINE('',#7497,#7498);
#7497 = CARTESIAN_POINT('',(55.663312683592,-9.321188758381,6.4));
#7498 = VECTOR('',#7499,1.);
#7499 = DIRECTION('',(0.332820117735,-0.942990333583,0.));
#7500 = PCURVE('',#2779,#7501);
#7501 = DEFINITIONAL_REPRESENTATION('',(#7502),#7506);
#7502 = LINE('',#7503,#7504);
#7503 = CARTESIAN_POINT('',(0.,-0.6));
#7504 = VECTOR('',#7505,1.);
#7505 = DIRECTION('',(1.,0.));
#7506 = ( GEOMETRIC_REPRESENTATION_CONTEXT(2) 
PARAMETRIC_REPRESENTATION_CONTEXT() REPRESENTATION_CONTEXT('2D SPACE',''
  ) );
#7507 = PCURVE('',#7434,#7508);
#7508 = DEFINITIONAL_REPRESENTATION('',(#7509),#7513);
#7509 = LINE('',#7510,#7511);
#7510 = CARTESIAN_POINT('',(1.31044921875,1.31865234375));
#7511 = VECTOR('',#7512,1.);
#7512 = DIRECTION('',(0.,-1.));
#7513 = ( GEOMETRIC_REPRESENTATION_CONTEXT(2) 
PARAMETRIC_REPRESENTATION_CONTEXT() REPRESENTATION_CONTEXT('2D SPACE',''
  ) );
#7514 = ORIENTED_EDGE('',*,*,#7395,.F.);
#7515 = ORIENTED_EDGE('',*,*,#2765,.F.);
#7516 = ADVANCED_FACE('',(#7517),#2753,.T.);
#7517 = FACE_BOUND('',#7518,.T.);
#7518 = EDGE_LOOP('',(#7519,#7542,#7563,#7564));
#7519 = ORIENTED_EDGE('',*,*,#7520,.T.);
#7520 = EDGE_CURVE('',#2710,#7521,#7523,.T.);
#7521 = VERTEX_POINT('',#7522);
#7522 = CARTESIAN_POINT('',(54.620958427164,-9.689078495944,6.4));
#7523 = SURFACE_CURVE('',#7524,(#7528,#7535),.PCURVE_S1.);
#7524 = LINE('',#7525,#7526);
#7525 = CARTESIAN_POINT('',(54.620958427164,-9.689078495944,7.));
#7526 = VECTOR('',#7527,1.);
#7527 = DIRECTION('',(-0.,-0.,-1.));
#7528 = PCURVE('',#2753,#7529);
#7529 = DEFINITIONAL_REPRESENTATION('',(#7530),#7534);
#7530 = LINE('',#7531,#7532);
#7531 = CARTESIAN_POINT('',(0.,0.));
#7532 = VECTOR('',#7533,1.);
#7533 = DIRECTION('',(0.,-1.));
#7534 = ( GEOMETRIC_REPRESENTATION_CONTEXT(2) 
PARAMETRIC_REPRESENTATION_CONTEXT() REPRESENTATION_CONTEXT('2D SPACE',''
  ) );
#7535 = PCURVE('',#2725,#7536);
#7536 = DEFINITIONAL_REPRESENTATION('',(#7537),#7541);
#7537 = LINE('',#7538,#7539);
#7538 = CARTESIAN_POINT('',(0.336328125,0.));
#7539 = VECTOR('',#7540,1.);
#7540 = DIRECTION('',(0.,-1.));
#7541 = ( GEOMETRIC_REPRESENTATION_CONTEXT(2) 
PARAMETRIC_REPRESENTATION_CONTEXT() REPRESENTATION_CONTEXT('2D SPACE',''
  ) );
#7542 = ORIENTED_EDGE('',*,*,#7543,.T.);
#7543 = EDGE_CURVE('',#7521,#7472,#7544,.T.);
#7544 = SURFACE_CURVE('',#7545,(#7549,#7556),.PCURVE_S1.);
#7545 = LINE('',#7546,#7547);
#7546 = CARTESIAN_POINT('',(54.620958427164,-9.689078495944,6.4));
#7547 = VECTOR('',#7548,1.);
#7548 = DIRECTION('',(0.942990333583,0.332820117735,0.));
#7549 = PCURVE('',#2753,#7550);
#7550 = DEFINITIONAL_REPRESENTATION('',(#7551),#7555);
#7551 = LINE('',#7552,#7553);
#7552 = CARTESIAN_POINT('',(0.,-0.6));
#7553 = VECTOR('',#7554,1.);
#7554 = DIRECTION('',(1.,0.));
#7555 = ( GEOMETRIC_REPRESENTATION_CONTEXT(2) 
PARAMETRIC_REPRESENTATION_CONTEXT() REPRESENTATION_CONTEXT('2D SPACE',''
  ) );
#7556 = PCURVE('',#7434,#7557);
#7557 = DEFINITIONAL_REPRESENTATION('',(#7558),#7562);
#7558 = LINE('',#7559,#7560);
#7559 = CARTESIAN_POINT('',(0.205078125,1.31865234375));
#7560 = VECTOR('',#7561,1.);
#7561 = DIRECTION('',(1.,0.));
#7562 = ( GEOMETRIC_REPRESENTATION_CONTEXT(2) 
PARAMETRIC_REPRESENTATION_CONTEXT() REPRESENTATION_CONTEXT('2D SPACE',''
  ) );
#7563 = ORIENTED_EDGE('',*,*,#7471,.F.);
#7564 = ORIENTED_EDGE('',*,*,#2737,.F.);
#7565 = ADVANCED_FACE('',(#7566),#2725,.T.);
#7566 = FACE_BOUND('',#7567,.T.);
#7567 = EDGE_LOOP('',(#7568,#7569,#7590,#7591));
#7568 = ORIENTED_EDGE('',*,*,#7446,.T.);
#7569 = ORIENTED_EDGE('',*,*,#7570,.T.);
#7570 = EDGE_CURVE('',#7419,#7521,#7571,.T.);
#7571 = SURFACE_CURVE('',#7572,(#7576,#7583),.PCURVE_S1.);
#7572 = LINE('',#7573,#7574);
#7573 = CARTESIAN_POINT('',(54.732895193324,-10.00623266673,6.4));
#7574 = VECTOR('',#7575,1.);
#7575 = DIRECTION('',(-0.332820117735,0.942990333583,0.));
#7576 = PCURVE('',#2725,#7577);
#7577 = DEFINITIONAL_REPRESENTATION('',(#7578),#7582);
#7578 = LINE('',#7579,#7580);
#7579 = CARTESIAN_POINT('',(0.,-0.6));
#7580 = VECTOR('',#7581,1.);
#7581 = DIRECTION('',(1.,0.));
#7582 = ( GEOMETRIC_REPRESENTATION_CONTEXT(2) 
PARAMETRIC_REPRESENTATION_CONTEXT() REPRESENTATION_CONTEXT('2D SPACE',''
  ) );
#7583 = PCURVE('',#7434,#7584);
#7584 = DEFINITIONAL_REPRESENTATION('',(#7585),#7589);
#7585 = LINE('',#7586,#7587);
#7586 = CARTESIAN_POINT('',(0.205078125,0.98232421875));
#7587 = VECTOR('',#7588,1.);
#7588 = DIRECTION('',(0.,1.));
#7589 = ( GEOMETRIC_REPRESENTATION_CONTEXT(2) 
PARAMETRIC_REPRESENTATION_CONTEXT() REPRESENTATION_CONTEXT('2D SPACE',''
  ) );
#7590 = ORIENTED_EDGE('',*,*,#7520,.F.);
#7591 = ORIENTED_EDGE('',*,*,#2709,.F.);
#7592 = ADVANCED_FACE('',(#7593),#2817,.F.);
#7593 = FACE_BOUND('',#7594,.F.);
#7594 = EDGE_LOOP('',(#7595,#7618,#7652,#7673));
#7595 = ORIENTED_EDGE('',*,*,#7596,.T.);
#7596 = EDGE_CURVE('',#2794,#7597,#7599,.T.);
#7597 = VERTEX_POINT('',#7598);
#7598 = CARTESIAN_POINT('',(56.256896063494,-9.290019374308,6.4));
#7599 = SURFACE_CURVE('',#7600,(#7604,#7611),.PCURVE_S1.);
#7600 = LINE('',#7601,#7602);
#7601 = CARTESIAN_POINT('',(56.256896063494,-9.290019374308,7.));
#7602 = VECTOR('',#7603,1.);
#7603 = DIRECTION('',(-0.,-0.,-1.));
#7604 = PCURVE('',#2817,#7605);
#7605 = DEFINITIONAL_REPRESENTATION('',(#7606),#7610);
#7606 = LINE('',#7607,#7608);
#7607 = CARTESIAN_POINT('',(0.,0.));
#7608 = VECTOR('',#7609,1.);
#7609 = DIRECTION('',(0.,-1.));
#7610 = ( GEOMETRIC_REPRESENTATION_CONTEXT(2) 
PARAMETRIC_REPRESENTATION_CONTEXT() REPRESENTATION_CONTEXT('2D SPACE',''
  ) );
#7611 = PCURVE('',#2850,#7612);
#7612 = DEFINITIONAL_REPRESENTATION('',(#7613),#7617);
#7613 = LINE('',#7614,#7615);
#7614 = CARTESIAN_POINT('',(0.,0.));
#7615 = VECTOR('',#7616,1.);
#7616 = DIRECTION('',(0.,-1.));
#7617 = ( GEOMETRIC_REPRESENTATION_CONTEXT(2) 
PARAMETRIC_REPRESENTATION_CONTEXT() REPRESENTATION_CONTEXT('2D SPACE',''
  ) );
#7618 = ORIENTED_EDGE('',*,*,#7619,.T.);
#7619 = EDGE_CURVE('',#7597,#7620,#7622,.T.);
#7620 = VERTEX_POINT('',#7621);
#7621 = CARTESIAN_POINT('',(58.467305924529,-8.509874717473,6.4));
#7622 = SURFACE_CURVE('',#7623,(#7630,#7637),.PCURVE_S1.);
#7623 = B_SPLINE_CURVE_WITH_KNOTS('',2,(#7624,#7625,#7626,#7627,#7628,
    #7629),.UNSPECIFIED.,.F.,.F.,(3,1,1,1,3),(0.,1.,2.,2.996466431095,
    3.992932862191),.UNSPECIFIED.);
#7624 = CARTESIAN_POINT('',(56.256896063494,-9.290019374308,6.4));
#7625 = CARTESIAN_POINT('',(56.45619811056,-9.854708507661,6.4));
#7626 = CARTESIAN_POINT('',(57.218482937836,-10.23374641908,6.4));
#7627 = CARTESIAN_POINT('',(58.311117733535,-9.848110608843,6.4));
#7628 = CARTESIAN_POINT('',(58.666607971594,-9.074563850825,6.4));
#7629 = CARTESIAN_POINT('',(58.467305924529,-8.509874717473,6.4));
#7630 = PCURVE('',#2817,#7631);
#7631 = DEFINITIONAL_REPRESENTATION('',(#7632),#7636);
#7632 = LINE('',#7633,#7634);
#7633 = CARTESIAN_POINT('',(0.,-0.6));
#7634 = VECTOR('',#7635,1.);
#7635 = DIRECTION('',(1.,0.));
#7636 = ( GEOMETRIC_REPRESENTATION_CONTEXT(2) 
PARAMETRIC_REPRESENTATION_CONTEXT() REPRESENTATION_CONTEXT('2D SPACE',''
  ) );
#7637 = PCURVE('',#7638,#7643);
#7638 = PLANE('',#7639);
#7639 = AXIS2_PLACEMENT_3D('',#7640,#7641,#7642);
#7640 = CARTESIAN_POINT('',(56.295573401395,-10.49641104618,6.4));
#7641 = DIRECTION('',(0.,0.,1.));
#7642 = DIRECTION('',(0.942990333583,0.332820117735,0.));
#7643 = DEFINITIONAL_REPRESENTATION('',(#7644),#7651);
#7644 = B_SPLINE_CURVE_WITH_KNOTS('',2,(#7645,#7646,#7647,#7648,#7649,
    #7650),.UNSPECIFIED.,.F.,.F.,(3,1,1,1,3),(0.,1.,2.,2.996466431095,
    3.992932862191),.UNSPECIFIED.);
#7645 = CARTESIAN_POINT('',(0.3650390625,1.15048828125));
#7646 = CARTESIAN_POINT('',(0.3650390625,0.55166015625));
#7647 = CARTESIAN_POINT('',(0.95771484375,-5.947265624999E-02));
#7648 = CARTESIAN_POINT('',(2.11640625,-5.947265624999E-02));
#7649 = CARTESIAN_POINT('',(2.70908203125,0.55166015625));
#7650 = CARTESIAN_POINT('',(2.70908203125,1.15048828125));
#7651 = ( GEOMETRIC_REPRESENTATION_CONTEXT(2) 
PARAMETRIC_REPRESENTATION_CONTEXT() REPRESENTATION_CONTEXT('2D SPACE',''
  ) );
#7652 = ORIENTED_EDGE('',*,*,#7653,.F.);
#7653 = EDGE_CURVE('',#2796,#7620,#7654,.T.);
#7654 = SURFACE_CURVE('',#7655,(#7659,#7666),.PCURVE_S1.);
#7655 = LINE('',#7656,#7657);
#7656 = CARTESIAN_POINT('',(58.467305924529,-8.509874717473,7.));
#7657 = VECTOR('',#7658,1.);
#7658 = DIRECTION('',(-0.,-0.,-1.));
#7659 = PCURVE('',#2817,#7660);
#7660 = DEFINITIONAL_REPRESENTATION('',(#7661),#7665);
#7661 = LINE('',#7662,#7663);
#7662 = CARTESIAN_POINT('',(3.992932862191,0.));
#7663 = VECTOR('',#7664,1.);
#7664 = DIRECTION('',(0.,-1.));
#7665 = ( GEOMETRIC_REPRESENTATION_CONTEXT(2) 
PARAMETRIC_REPRESENTATION_CONTEXT() REPRESENTATION_CONTEXT('2D SPACE',''
  ) );
#7666 = PCURVE('',#3027,#7667);
#7667 = DEFINITIONAL_REPRESENTATION('',(#7668),#7672);
#7668 = LINE('',#7669,#7670);
#7669 = CARTESIAN_POINT('',(1.911328125,0.));
#7670 = VECTOR('',#7671,1.);
#7671 = DIRECTION('',(0.,-1.));
#7672 = ( GEOMETRIC_REPRESENTATION_CONTEXT(2) 
PARAMETRIC_REPRESENTATION_CONTEXT() REPRESENTATION_CONTEXT('2D SPACE',''
  ) );
#7673 = ORIENTED_EDGE('',*,*,#2793,.F.);
#7674 = ADVANCED_FACE('',(#7675),#3027,.T.);
#7675 = FACE_BOUND('',#7676,.T.);
#7676 = EDGE_LOOP('',(#7677,#7700,#7721,#7722));
#7677 = ORIENTED_EDGE('',*,*,#7678,.T.);
#7678 = EDGE_CURVE('',#2986,#7679,#7681,.T.);
#7679 = VERTEX_POINT('',#7680);
#7680 = CARTESIAN_POINT('',(57.831177472936,-6.707510771293,6.4));
#7681 = SURFACE_CURVE('',#7682,(#7686,#7693),.PCURVE_S1.);
#7682 = LINE('',#7683,#7684);
#7683 = CARTESIAN_POINT('',(57.831177472936,-6.707510771293,7.));
#7684 = VECTOR('',#7685,1.);
#7685 = DIRECTION('',(-0.,-0.,-1.));
#7686 = PCURVE('',#3027,#7687);
#7687 = DEFINITIONAL_REPRESENTATION('',(#7688),#7692);
#7688 = LINE('',#7689,#7690);
#7689 = CARTESIAN_POINT('',(0.,0.));
#7690 = VECTOR('',#7691,1.);
#7691 = DIRECTION('',(0.,-1.));
#7692 = ( GEOMETRIC_REPRESENTATION_CONTEXT(2) 
PARAMETRIC_REPRESENTATION_CONTEXT() REPRESENTATION_CONTEXT('2D SPACE',''
  ) );
#7693 = PCURVE('',#3001,#7694);
#7694 = DEFINITIONAL_REPRESENTATION('',(#7695),#7699);
#7695 = LINE('',#7696,#7697);
#7696 = CARTESIAN_POINT('',(0.41630859375,0.));
#7697 = VECTOR('',#7698,1.);
#7698 = DIRECTION('',(0.,-1.));
#7699 = ( GEOMETRIC_REPRESENTATION_CONTEXT(2) 
PARAMETRIC_REPRESENTATION_CONTEXT() REPRESENTATION_CONTEXT('2D SPACE',''
  ) );
#7700 = ORIENTED_EDGE('',*,*,#7701,.T.);
#7701 = EDGE_CURVE('',#7679,#7620,#7702,.T.);
#7702 = SURFACE_CURVE('',#7703,(#7707,#7714),.PCURVE_S1.);
#7703 = LINE('',#7704,#7705);
#7704 = CARTESIAN_POINT('',(57.831177472936,-6.707510771293,6.4));
#7705 = VECTOR('',#7706,1.);
#7706 = DIRECTION('',(0.332820117735,-0.942990333583,0.));
#7707 = PCURVE('',#3027,#7708);
#7708 = DEFINITIONAL_REPRESENTATION('',(#7709),#7713);
#7709 = LINE('',#7710,#7711);
#7710 = CARTESIAN_POINT('',(0.,-0.6));
#7711 = VECTOR('',#7712,1.);
#7712 = DIRECTION('',(1.,0.));
#7713 = ( GEOMETRIC_REPRESENTATION_CONTEXT(2) 
PARAMETRIC_REPRESENTATION_CONTEXT() REPRESENTATION_CONTEXT('2D SPACE',''
  ) );
#7714 = PCURVE('',#7638,#7715);
#7715 = DEFINITIONAL_REPRESENTATION('',(#7716),#7720);
#7716 = LINE('',#7717,#7718);
#7717 = CARTESIAN_POINT('',(2.70908203125,3.06181640625));
#7718 = VECTOR('',#7719,1.);
#7719 = DIRECTION('',(0.,-1.));
#7720 = ( GEOMETRIC_REPRESENTATION_CONTEXT(2) 
PARAMETRIC_REPRESENTATION_CONTEXT() REPRESENTATION_CONTEXT('2D SPACE',''
  ) );
#7721 = ORIENTED_EDGE('',*,*,#7653,.F.);
#7722 = ORIENTED_EDGE('',*,*,#3013,.F.);
#7723 = ADVANCED_FACE('',(#7724),#3001,.T.);
#7724 = FACE_BOUND('',#7725,.T.);
#7725 = EDGE_LOOP('',(#7726,#7749,#7770,#7771));
#7726 = ORIENTED_EDGE('',*,*,#7727,.T.);
#7727 = EDGE_CURVE('',#2958,#7728,#7730,.T.);
#7728 = VERTEX_POINT('',#7729);
#7729 = CARTESIAN_POINT('',(57.438602493242,-6.846066646479,6.4));
#7730 = SURFACE_CURVE('',#7731,(#7735,#7742),.PCURVE_S1.);
#7731 = LINE('',#7732,#7733);
#7732 = CARTESIAN_POINT('',(57.438602493242,-6.846066646479,7.));
#7733 = VECTOR('',#7734,1.);
#7734 = DIRECTION('',(-0.,-0.,-1.));
#7735 = PCURVE('',#3001,#7736);
#7736 = DEFINITIONAL_REPRESENTATION('',(#7737),#7741);
#7737 = LINE('',#7738,#7739);
#7738 = CARTESIAN_POINT('',(0.,0.));
#7739 = VECTOR('',#7740,1.);
#7740 = DIRECTION('',(0.,-1.));
#7741 = ( GEOMETRIC_REPRESENTATION_CONTEXT(2) 
PARAMETRIC_REPRESENTATION_CONTEXT() REPRESENTATION_CONTEXT('2D SPACE',''
  ) );
#7742 = PCURVE('',#2973,#7743);
#7743 = DEFINITIONAL_REPRESENTATION('',(#7744),#7748);
#7744 = LINE('',#7745,#7746);
#7745 = CARTESIAN_POINT('',(1.86005859375,0.));
#7746 = VECTOR('',#7747,1.);
#7747 = DIRECTION('',(0.,-1.));
#7748 = ( GEOMETRIC_REPRESENTATION_CONTEXT(2) 
PARAMETRIC_REPRESENTATION_CONTEXT() REPRESENTATION_CONTEXT('2D SPACE',''
  ) );
#7749 = ORIENTED_EDGE('',*,*,#7750,.T.);
#7750 = EDGE_CURVE('',#7728,#7679,#7751,.T.);
#7751 = SURFACE_CURVE('',#7752,(#7756,#7763),.PCURVE_S1.);
#7752 = LINE('',#7753,#7754);
#7753 = CARTESIAN_POINT('',(57.438602493242,-6.846066646479,6.4));
#7754 = VECTOR('',#7755,1.);
#7755 = DIRECTION('',(0.942990333583,0.332820117735,0.));
#7756 = PCURVE('',#3001,#7757);
#7757 = DEFINITIONAL_REPRESENTATION('',(#7758),#7762);
#7758 = LINE('',#7759,#7760);
#7759 = CARTESIAN_POINT('',(0.,-0.6));
#7760 = VECTOR('',#7761,1.);
#7761 = DIRECTION('',(1.,0.));
#7762 = ( GEOMETRIC_REPRESENTATION_CONTEXT(2) 
PARAMETRIC_REPRESENTATION_CONTEXT() REPRESENTATION_CONTEXT('2D SPACE',''
  ) );
#7763 = PCURVE('',#7638,#7764);
#7764 = DEFINITIONAL_REPRESENTATION('',(#7765),#7769);
#7765 = LINE('',#7766,#7767);
#7766 = CARTESIAN_POINT('',(2.2927734375,3.06181640625));
#7767 = VECTOR('',#7768,1.);
#7768 = DIRECTION('',(1.,0.));
#7769 = ( GEOMETRIC_REPRESENTATION_CONTEXT(2) 
PARAMETRIC_REPRESENTATION_CONTEXT() REPRESENTATION_CONTEXT('2D SPACE',''
  ) );
#7770 = ORIENTED_EDGE('',*,*,#7678,.F.);
#7771 = ORIENTED_EDGE('',*,*,#2985,.F.);
#7772 = ADVANCED_FACE('',(#7773),#2973,.T.);
#7773 = FACE_BOUND('',#7774,.T.);
#7774 = EDGE_LOOP('',(#7775,#7798,#7819,#7820));
#7775 = ORIENTED_EDGE('',*,*,#7776,.T.);
#7776 = EDGE_CURVE('',#2919,#7777,#7779,.T.);
#7777 = VERTEX_POINT('',#7778);
#7778 = CARTESIAN_POINT('',(58.057667413408,-8.600083920283,6.4));
#7779 = SURFACE_CURVE('',#7780,(#7784,#7791),.PCURVE_S1.);
#7780 = LINE('',#7781,#7782);
#7781 = CARTESIAN_POINT('',(58.057667413408,-8.600083920283,7.));
#7782 = VECTOR('',#7783,1.);
#7783 = DIRECTION('',(-0.,-0.,-1.));
#7784 = PCURVE('',#2973,#7785);
#7785 = DEFINITIONAL_REPRESENTATION('',(#7786),#7790);
#7786 = LINE('',#7787,#7788);
#7787 = CARTESIAN_POINT('',(0.,0.));
#7788 = VECTOR('',#7789,1.);
#7789 = DIRECTION('',(0.,-1.));
#7790 = ( GEOMETRIC_REPRESENTATION_CONTEXT(2) 
PARAMETRIC_REPRESENTATION_CONTEXT() REPRESENTATION_CONTEXT('2D SPACE',''
  ) );
#7791 = PCURVE('',#2940,#7792);
#7792 = DEFINITIONAL_REPRESENTATION('',(#7793),#7797);
#7793 = LINE('',#7794,#7795);
#7794 = CARTESIAN_POINT('',(0.,0.));
#7795 = VECTOR('',#7796,1.);
#7796 = DIRECTION('',(0.,-1.));
#7797 = ( GEOMETRIC_REPRESENTATION_CONTEXT(2) 
PARAMETRIC_REPRESENTATION_CONTEXT() REPRESENTATION_CONTEXT('2D SPACE',''
  ) );
#7798 = ORIENTED_EDGE('',*,*,#7799,.T.);
#7799 = EDGE_CURVE('',#7777,#7728,#7800,.T.);
#7800 = SURFACE_CURVE('',#7801,(#7805,#7812),.PCURVE_S1.);
#7801 = LINE('',#7802,#7803);
#7802 = CARTESIAN_POINT('',(58.057667413408,-8.600083920283,6.4));
#7803 = VECTOR('',#7804,1.);
#7804 = DIRECTION('',(-0.332820117735,0.942990333583,0.));
#7805 = PCURVE('',#2973,#7806);
#7806 = DEFINITIONAL_REPRESENTATION('',(#7807),#7811);
#7807 = LINE('',#7808,#7809);
#7808 = CARTESIAN_POINT('',(0.,-0.6));
#7809 = VECTOR('',#7810,1.);
#7810 = DIRECTION('',(1.,0.));
#7811 = ( GEOMETRIC_REPRESENTATION_CONTEXT(2) 
PARAMETRIC_REPRESENTATION_CONTEXT() REPRESENTATION_CONTEXT('2D SPACE',''
  ) );
#7812 = PCURVE('',#7638,#7813);
#7813 = DEFINITIONAL_REPRESENTATION('',(#7814),#7818);
#7814 = LINE('',#7815,#7816);
#7815 = CARTESIAN_POINT('',(2.2927734375,1.2017578125));
#7816 = VECTOR('',#7817,1.);
#7817 = DIRECTION('',(0.,1.));
#7818 = ( GEOMETRIC_REPRESENTATION_CONTEXT(2) 
PARAMETRIC_REPRESENTATION_CONTEXT() REPRESENTATION_CONTEXT('2D SPACE',''
  ) );
#7819 = ORIENTED_EDGE('',*,*,#7727,.F.);
#7820 = ORIENTED_EDGE('',*,*,#2957,.F.);
#7821 = ADVANCED_FACE('',(#7822),#2940,.F.);
#7822 = FACE_BOUND('',#7823,.F.);
#7823 = EDGE_LOOP('',(#7824,#7825,#7854,#7875));
#7824 = ORIENTED_EDGE('',*,*,#7776,.T.);
#7825 = ORIENTED_EDGE('',*,*,#7826,.T.);
#7826 = EDGE_CURVE('',#7777,#7827,#7829,.T.);
#7827 = VERTEX_POINT('',#7828);
#7828 = CARTESIAN_POINT('',(56.632407511761,-9.103116826746,6.4));
#7829 = SURFACE_CURVE('',#7830,(#7837,#7844),.PCURVE_S1.);
#7830 = B_SPLINE_CURVE_WITH_KNOTS('',2,(#7831,#7832,#7833,#7834,#7835,
    #7836),.UNSPECIFIED.,.F.,.F.,(3,1,1,1,3),(0.,1.,2.,3.005154639175,
    4.010309278351),.UNSPECIFIED.);
#7831 = CARTESIAN_POINT('',(58.057667413408,-8.600083920283,6.4));
#7832 = CARTESIAN_POINT('',(58.221477315106,-9.064211975093,6.4));
#7833 = CARTESIAN_POINT('',(58.029000680611,-9.591020068678,6.4));
#7834 = CARTESIAN_POINT('',(57.276726458439,-9.85652861768,6.4));
#7835 = CARTESIAN_POINT('',(56.796217413459,-9.567244881557,6.4));
#7836 = CARTESIAN_POINT('',(56.632407511761,-9.103116826746,6.4));
#7837 = PCURVE('',#2940,#7838);
#7838 = DEFINITIONAL_REPRESENTATION('',(#7839),#7843);
#7839 = LINE('',#7840,#7841);
#7840 = CARTESIAN_POINT('',(0.,-0.6));
#7841 = VECTOR('',#7842,1.);
#7842 = DIRECTION('',(1.,0.));
#7843 = ( GEOMETRIC_REPRESENTATION_CONTEXT(2) 
PARAMETRIC_REPRESENTATION_CONTEXT() REPRESENTATION_CONTEXT('2D SPACE',''
  ) );
#7844 = PCURVE('',#7638,#7845);
#7845 = DEFINITIONAL_REPRESENTATION('',(#7846),#7853);
#7846 = B_SPLINE_CURVE_WITH_KNOTS('',2,(#7847,#7848,#7849,#7850,#7851,
    #7852),.UNSPECIFIED.,.F.,.F.,(3,1,1,1,3),(0.,1.,2.,3.005154639175,
    4.010309278351),.UNSPECIFIED.);
#7847 = CARTESIAN_POINT('',(2.2927734375,1.2017578125));
#7848 = CARTESIAN_POINT('',(2.2927734375,0.7095703125));
#7849 = CARTESIAN_POINT('',(1.9359375,0.27685546875));
#7850 = CARTESIAN_POINT('',(1.13818359375,0.27685546875));
#7851 = CARTESIAN_POINT('',(0.78134765625,0.7095703125));
#7852 = CARTESIAN_POINT('',(0.78134765625,1.2017578125));
#7853 = ( GEOMETRIC_REPRESENTATION_CONTEXT(2) 
PARAMETRIC_REPRESENTATION_CONTEXT() REPRESENTATION_CONTEXT('2D SPACE',''
  ) );
#7854 = ORIENTED_EDGE('',*,*,#7855,.F.);
#7855 = EDGE_CURVE('',#2891,#7827,#7856,.T.);
#7856 = SURFACE_CURVE('',#7857,(#7861,#7868),.PCURVE_S1.);
#7857 = LINE('',#7858,#7859);
#7858 = CARTESIAN_POINT('',(56.632407511761,-9.103116826746,7.));
#7859 = VECTOR('',#7860,1.);
#7860 = DIRECTION('',(-0.,-0.,-1.));
#7861 = PCURVE('',#2940,#7862);
#7862 = DEFINITIONAL_REPRESENTATION('',(#7863),#7867);
#7863 = LINE('',#7864,#7865);
#7864 = CARTESIAN_POINT('',(4.010309278351,0.));
#7865 = VECTOR('',#7866,1.);
#7866 = DIRECTION('',(0.,-1.));
#7867 = ( GEOMETRIC_REPRESENTATION_CONTEXT(2) 
PARAMETRIC_REPRESENTATION_CONTEXT() REPRESENTATION_CONTEXT('2D SPACE',''
  ) );
#7868 = PCURVE('',#2906,#7869);
#7869 = DEFINITIONAL_REPRESENTATION('',(#7870),#7874);
#7870 = LINE('',#7871,#7872);
#7871 = CARTESIAN_POINT('',(1.86005859375,0.));
#7872 = VECTOR('',#7873,1.);
#7873 = DIRECTION('',(0.,-1.));
#7874 = ( GEOMETRIC_REPRESENTATION_CONTEXT(2) 
PARAMETRIC_REPRESENTATION_CONTEXT() REPRESENTATION_CONTEXT('2D SPACE',''
  ) );
#7875 = ORIENTED_EDGE('',*,*,#2918,.F.);
#7876 = ADVANCED_FACE('',(#7877),#2906,.T.);
#7877 = FACE_BOUND('',#7878,.T.);
#7878 = EDGE_LOOP('',(#7879,#7902,#7923,#7924));
#7879 = ORIENTED_EDGE('',*,*,#7880,.T.);
#7880 = EDGE_CURVE('',#2863,#7881,#7883,.T.);
#7881 = VERTEX_POINT('',#7882);
#7882 = CARTESIAN_POINT('',(56.013342591595,-7.349099552942,6.4));
#7883 = SURFACE_CURVE('',#7884,(#7888,#7895),.PCURVE_S1.);
#7884 = LINE('',#7885,#7886);
#7885 = CARTESIAN_POINT('',(56.013342591595,-7.349099552942,7.));
#7886 = VECTOR('',#7887,1.);
#7887 = DIRECTION('',(-0.,-0.,-1.));
#7888 = PCURVE('',#2906,#7889);
#7889 = DEFINITIONAL_REPRESENTATION('',(#7890),#7894);
#7890 = LINE('',#7891,#7892);
#7891 = CARTESIAN_POINT('',(0.,0.));
#7892 = VECTOR('',#7893,1.);
#7893 = DIRECTION('',(0.,-1.));
#7894 = ( GEOMETRIC_REPRESENTATION_CONTEXT(2) 
PARAMETRIC_REPRESENTATION_CONTEXT() REPRESENTATION_CONTEXT('2D SPACE',''
  ) );
#7895 = PCURVE('',#2878,#7896);
#7896 = DEFINITIONAL_REPRESENTATION('',(#7897),#7901);
#7897 = LINE('',#7898,#7899);
#7898 = CARTESIAN_POINT('',(0.41630859375,0.));
#7899 = VECTOR('',#7900,1.);
#7900 = DIRECTION('',(0.,-1.));
#7901 = ( GEOMETRIC_REPRESENTATION_CONTEXT(2) 
PARAMETRIC_REPRESENTATION_CONTEXT() REPRESENTATION_CONTEXT('2D SPACE',''
  ) );
#7902 = ORIENTED_EDGE('',*,*,#7903,.T.);
#7903 = EDGE_CURVE('',#7881,#7827,#7904,.T.);
#7904 = SURFACE_CURVE('',#7905,(#7909,#7916),.PCURVE_S1.);
#7905 = LINE('',#7906,#7907);
#7906 = CARTESIAN_POINT('',(56.013342591595,-7.349099552942,6.4));
#7907 = VECTOR('',#7908,1.);
#7908 = DIRECTION('',(0.332820117735,-0.942990333583,0.));
#7909 = PCURVE('',#2906,#7910);
#7910 = DEFINITIONAL_REPRESENTATION('',(#7911),#7915);
#7911 = LINE('',#7912,#7913);
#7912 = CARTESIAN_POINT('',(0.,-0.6));
#7913 = VECTOR('',#7914,1.);
#7914 = DIRECTION('',(1.,0.));
#7915 = ( GEOMETRIC_REPRESENTATION_CONTEXT(2) 
PARAMETRIC_REPRESENTATION_CONTEXT() REPRESENTATION_CONTEXT('2D SPACE',''
  ) );
#7916 = PCURVE('',#7638,#7917);
#7917 = DEFINITIONAL_REPRESENTATION('',(#7918),#7922);
#7918 = LINE('',#7919,#7920);
#7919 = CARTESIAN_POINT('',(0.78134765625,3.06181640625));
#7920 = VECTOR('',#7921,1.);
#7921 = DIRECTION('',(0.,-1.));
#7922 = ( GEOMETRIC_REPRESENTATION_CONTEXT(2) 
PARAMETRIC_REPRESENTATION_CONTEXT() REPRESENTATION_CONTEXT('2D SPACE',''
  ) );
#7923 = ORIENTED_EDGE('',*,*,#7855,.F.);
#7924 = ORIENTED_EDGE('',*,*,#2890,.F.);
#7925 = ADVANCED_FACE('',(#7926),#2878,.T.);
#7926 = FACE_BOUND('',#7927,.T.);
#7927 = EDGE_LOOP('',(#7928,#7951,#7972,#7973));
#7928 = ORIENTED_EDGE('',*,*,#7929,.T.);
#7929 = EDGE_CURVE('',#2835,#7930,#7932,.T.);
#7930 = VERTEX_POINT('',#7931);
#7931 = CARTESIAN_POINT('',(55.620767611901,-7.487655428128,6.4));
#7932 = SURFACE_CURVE('',#7933,(#7937,#7944),.PCURVE_S1.);
#7933 = LINE('',#7934,#7935);
#7934 = CARTESIAN_POINT('',(55.620767611901,-7.487655428128,7.));
#7935 = VECTOR('',#7936,1.);
#7936 = DIRECTION('',(-0.,-0.,-1.));
#7937 = PCURVE('',#2878,#7938);
#7938 = DEFINITIONAL_REPRESENTATION('',(#7939),#7943);
#7939 = LINE('',#7940,#7941);
#7940 = CARTESIAN_POINT('',(0.,0.));
#7941 = VECTOR('',#7942,1.);
#7942 = DIRECTION('',(0.,-1.));
#7943 = ( GEOMETRIC_REPRESENTATION_CONTEXT(2) 
PARAMETRIC_REPRESENTATION_CONTEXT() REPRESENTATION_CONTEXT('2D SPACE',''
  ) );
#7944 = PCURVE('',#2850,#7945);
#7945 = DEFINITIONAL_REPRESENTATION('',(#7946),#7950);
#7946 = LINE('',#7947,#7948);
#7947 = CARTESIAN_POINT('',(1.911328125,0.));
#7948 = VECTOR('',#7949,1.);
#7949 = DIRECTION('',(0.,-1.));
#7950 = ( GEOMETRIC_REPRESENTATION_CONTEXT(2) 
PARAMETRIC_REPRESENTATION_CONTEXT() REPRESENTATION_CONTEXT('2D SPACE',''
  ) );
#7951 = ORIENTED_EDGE('',*,*,#7952,.T.);
#7952 = EDGE_CURVE('',#7930,#7881,#7953,.T.);
#7953 = SURFACE_CURVE('',#7954,(#7958,#7965),.PCURVE_S1.);
#7954 = LINE('',#7955,#7956);
#7955 = CARTESIAN_POINT('',(55.620767611901,-7.487655428128,6.4));
#7956 = VECTOR('',#7957,1.);
#7957 = DIRECTION('',(0.942990333583,0.332820117735,0.));
#7958 = PCURVE('',#2878,#7959);
#7959 = DEFINITIONAL_REPRESENTATION('',(#7960),#7964);
#7960 = LINE('',#7961,#7962);
#7961 = CARTESIAN_POINT('',(0.,-0.6));
#7962 = VECTOR('',#7963,1.);
#7963 = DIRECTION('',(1.,0.));
#7964 = ( GEOMETRIC_REPRESENTATION_CONTEXT(2) 
PARAMETRIC_REPRESENTATION_CONTEXT() REPRESENTATION_CONTEXT('2D SPACE',''
  ) );
#7965 = PCURVE('',#7638,#7966);
#7966 = DEFINITIONAL_REPRESENTATION('',(#7967),#7971);
#7967 = LINE('',#7968,#7969);
#7968 = CARTESIAN_POINT('',(0.3650390625,3.06181640625));
#7969 = VECTOR('',#7970,1.);
#7970 = DIRECTION('',(1.,0.));
#7971 = ( GEOMETRIC_REPRESENTATION_CONTEXT(2) 
PARAMETRIC_REPRESENTATION_CONTEXT() REPRESENTATION_CONTEXT('2D SPACE',''
  ) );
#7972 = ORIENTED_EDGE('',*,*,#7880,.F.);
#7973 = ORIENTED_EDGE('',*,*,#2862,.F.);
#7974 = ADVANCED_FACE('',(#7975),#2850,.T.);
#7975 = FACE_BOUND('',#7976,.T.);
#7976 = EDGE_LOOP('',(#7977,#7978,#7999,#8000));
#7977 = ORIENTED_EDGE('',*,*,#7596,.T.);
#7978 = ORIENTED_EDGE('',*,*,#7979,.T.);
#7979 = EDGE_CURVE('',#7597,#7930,#7980,.T.);
#7980 = SURFACE_CURVE('',#7981,(#7985,#7992),.PCURVE_S1.);
#7981 = LINE('',#7982,#7983);
#7982 = CARTESIAN_POINT('',(56.256896063494,-9.290019374308,6.4));
#7983 = VECTOR('',#7984,1.);
#7984 = DIRECTION('',(-0.332820117735,0.942990333583,0.));
#7985 = PCURVE('',#2850,#7986);
#7986 = DEFINITIONAL_REPRESENTATION('',(#7987),#7991);
#7987 = LINE('',#7988,#7989);
#7988 = CARTESIAN_POINT('',(0.,-0.6));
#7989 = VECTOR('',#7990,1.);
#7990 = DIRECTION('',(1.,0.));
#7991 = ( GEOMETRIC_REPRESENTATION_CONTEXT(2) 
PARAMETRIC_REPRESENTATION_CONTEXT() REPRESENTATION_CONTEXT('2D SPACE',''
  ) );
#7992 = PCURVE('',#7638,#7993);
#7993 = DEFINITIONAL_REPRESENTATION('',(#7994),#7998);
#7994 = LINE('',#7995,#7996);
#7995 = CARTESIAN_POINT('',(0.3650390625,1.15048828125));
#7996 = VECTOR('',#7997,1.);
#7997 = DIRECTION('',(0.,1.));
#7998 = ( GEOMETRIC_REPRESENTATION_CONTEXT(2) 
PARAMETRIC_REPRESENTATION_CONTEXT() REPRESENTATION_CONTEXT('2D SPACE',''
  ) );
#7999 = ORIENTED_EDGE('',*,*,#7929,.F.);
#8000 = ORIENTED_EDGE('',*,*,#2834,.F.);
#8001 = ADVANCED_FACE('',(#8002),#3059,.T.);
#8002 = FACE_BOUND('',#8003,.T.);
#8003 = EDGE_LOOP('',(#8004,#8027,#8055,#8076));
#8004 = ORIENTED_EDGE('',*,*,#8005,.T.);
#8005 = EDGE_CURVE('',#3042,#8006,#8008,.T.);
#8006 = VERTEX_POINT('',#8007);
#8007 = CARTESIAN_POINT('',(59.973788235767,-9.198217575232,6.4));
#8008 = SURFACE_CURVE('',#8009,(#8013,#8020),.PCURVE_S1.);
#8009 = LINE('',#8010,#8011);
#8010 = CARTESIAN_POINT('',(59.973788235767,-9.198217575232,7.));
#8011 = VECTOR('',#8012,1.);
#8012 = DIRECTION('',(-0.,-0.,-1.));
#8013 = PCURVE('',#3059,#8014);
#8014 = DEFINITIONAL_REPRESENTATION('',(#8015),#8019);
#8015 = LINE('',#8016,#8017);
#8016 = CARTESIAN_POINT('',(0.,0.));
#8017 = VECTOR('',#8018,1.);
#8018 = DIRECTION('',(0.,-1.));
#8019 = ( GEOMETRIC_REPRESENTATION_CONTEXT(2) 
PARAMETRIC_REPRESENTATION_CONTEXT() REPRESENTATION_CONTEXT('2D SPACE',''
  ) );
#8020 = PCURVE('',#3208,#8021);
#8021 = DEFINITIONAL_REPRESENTATION('',(#8022),#8026);
#8022 = LINE('',#8023,#8024);
#8023 = CARTESIAN_POINT('',(1.23046875,0.));
#8024 = VECTOR('',#8025,1.);
#8025 = DIRECTION('',(0.,-1.));
#8026 = ( GEOMETRIC_REPRESENTATION_CONTEXT(2) 
PARAMETRIC_REPRESENTATION_CONTEXT() REPRESENTATION_CONTEXT('2D SPACE',''
  ) );
#8027 = ORIENTED_EDGE('',*,*,#8028,.T.);
#8028 = EDGE_CURVE('',#8006,#8029,#8031,.T.);
#8029 = VERTEX_POINT('',#8030);
#8030 = CARTESIAN_POINT('',(59.583147122968,-9.336090909161,6.4));
#8031 = SURFACE_CURVE('',#8032,(#8036,#8043),.PCURVE_S1.);
#8032 = LINE('',#8033,#8034);
#8033 = CARTESIAN_POINT('',(59.973788235767,-9.198217575232,6.4));
#8034 = VECTOR('',#8035,1.);
#8035 = DIRECTION('',(-0.942990333583,-0.332820117735,0.));
#8036 = PCURVE('',#3059,#8037);
#8037 = DEFINITIONAL_REPRESENTATION('',(#8038),#8042);
#8038 = LINE('',#8039,#8040);
#8039 = CARTESIAN_POINT('',(-0.,-0.6));
#8040 = VECTOR('',#8041,1.);
#8041 = DIRECTION('',(1.,0.));
#8042 = ( GEOMETRIC_REPRESENTATION_CONTEXT(2) 
PARAMETRIC_REPRESENTATION_CONTEXT() REPRESENTATION_CONTEXT('2D SPACE',''
  ) );
#8043 = PCURVE('',#8044,#8049);
#8044 = PLANE('',#8045);
#8045 = AXIS2_PLACEMENT_3D('',#8046,#8047,#8048);
#8046 = CARTESIAN_POINT('',(59.194439877065,-9.473281701833,6.4));
#8047 = DIRECTION('',(0.,0.,1.));
#8048 = DIRECTION('',(0.942990333583,0.332820117735,0.));
#8049 = DEFINITIONAL_REPRESENTATION('',(#8050),#8054);
#8050 = LINE('',#8051,#8052);
#8051 = CARTESIAN_POINT('',(0.82646484375,0.));
#8052 = VECTOR('',#8053,1.);
#8053 = DIRECTION('',(-1.,0.));
#8054 = ( GEOMETRIC_REPRESENTATION_CONTEXT(2) 
PARAMETRIC_REPRESENTATION_CONTEXT() REPRESENTATION_CONTEXT('2D SPACE',''
  ) );
#8055 = ORIENTED_EDGE('',*,*,#8056,.F.);
#8056 = EDGE_CURVE('',#3044,#8029,#8057,.T.);
#8057 = SURFACE_CURVE('',#8058,(#8062,#8069),.PCURVE_S1.);
#8058 = LINE('',#8059,#8060);
#8059 = CARTESIAN_POINT('',(59.583147122968,-9.336090909161,7.));
#8060 = VECTOR('',#8061,1.);
#8061 = DIRECTION('',(-0.,-0.,-1.));
#8062 = PCURVE('',#3059,#8063);
#8063 = DEFINITIONAL_REPRESENTATION('',(#8064),#8068);
#8064 = LINE('',#8065,#8066);
#8065 = CARTESIAN_POINT('',(0.4142578125,0.));
#8066 = VECTOR('',#8067,1.);
#8067 = DIRECTION('',(0.,-1.));
#8068 = ( GEOMETRIC_REPRESENTATION_CONTEXT(2) 
PARAMETRIC_REPRESENTATION_CONTEXT() REPRESENTATION_CONTEXT('2D SPACE',''
  ) );
#8069 = PCURVE('',#3087,#8070);
#8070 = DEFINITIONAL_REPRESENTATION('',(#8071),#8075);
#8071 = LINE('',#8072,#8073);
#8072 = CARTESIAN_POINT('',(0.,0.));
#8073 = VECTOR('',#8074,1.);
#8074 = DIRECTION('',(0.,-1.));
#8075 = ( GEOMETRIC_REPRESENTATION_CONTEXT(2) 
PARAMETRIC_REPRESENTATION_CONTEXT() REPRESENTATION_CONTEXT('2D SPACE',''
  ) );
#8076 = ORIENTED_EDGE('',*,*,#3041,.F.);
#8077 = ADVANCED_FACE('',(#8078),#3208,.T.);
#8078 = FACE_BOUND('',#8079,.T.);
#8079 = EDGE_LOOP('',(#8080,#8103,#8124,#8125));
#8080 = ORIENTED_EDGE('',*,*,#8081,.T.);
#8081 = EDGE_CURVE('',#3167,#8082,#8084,.T.);
#8082 = VERTEX_POINT('',#8083);
#8083 = CARTESIAN_POINT('',(59.564263481523,-8.037897438206,6.4));
#8084 = SURFACE_CURVE('',#8085,(#8089,#8096),.PCURVE_S1.);
#8085 = LINE('',#8086,#8087);
#8086 = CARTESIAN_POINT('',(59.564263481523,-8.037897438206,7.));
#8087 = VECTOR('',#8088,1.);
#8088 = DIRECTION('',(-0.,-0.,-1.));
#8089 = PCURVE('',#3208,#8090);
#8090 = DEFINITIONAL_REPRESENTATION('',(#8091),#8095);
#8091 = LINE('',#8092,#8093);
#8092 = CARTESIAN_POINT('',(0.,0.));
#8093 = VECTOR('',#8094,1.);
#8094 = DIRECTION('',(0.,-1.));
#8095 = ( GEOMETRIC_REPRESENTATION_CONTEXT(2) 
PARAMETRIC_REPRESENTATION_CONTEXT() REPRESENTATION_CONTEXT('2D SPACE',''
  ) );
#8096 = PCURVE('',#3182,#8097);
#8097 = DEFINITIONAL_REPRESENTATION('',(#8098),#8102);
#8098 = LINE('',#8099,#8100);
#8099 = CARTESIAN_POINT('',(0.5208984375,0.));
#8100 = VECTOR('',#8101,1.);
#8101 = DIRECTION('',(0.,-1.));
#8102 = ( GEOMETRIC_REPRESENTATION_CONTEXT(2) 
PARAMETRIC_REPRESENTATION_CONTEXT() REPRESENTATION_CONTEXT('2D SPACE',''
  ) );
#8103 = ORIENTED_EDGE('',*,*,#8104,.T.);
#8104 = EDGE_CURVE('',#8082,#8006,#8105,.T.);
#8105 = SURFACE_CURVE('',#8106,(#8110,#8117),.PCURVE_S1.);
#8106 = LINE('',#8107,#8108);
#8107 = CARTESIAN_POINT('',(59.564263481523,-8.037897438206,6.4));
#8108 = VECTOR('',#8109,1.);
#8109 = DIRECTION('',(0.332820117735,-0.942990333583,0.));
#8110 = PCURVE('',#3208,#8111);
#8111 = DEFINITIONAL_REPRESENTATION('',(#8112),#8116);
#8112 = LINE('',#8113,#8114);
#8113 = CARTESIAN_POINT('',(0.,-0.6));
#8114 = VECTOR('',#8115,1.);
#8115 = DIRECTION('',(1.,0.));
#8116 = ( GEOMETRIC_REPRESENTATION_CONTEXT(2) 
PARAMETRIC_REPRESENTATION_CONTEXT() REPRESENTATION_CONTEXT('2D SPACE',''
  ) );
#8117 = PCURVE('',#8044,#8118);
#8118 = DEFINITIONAL_REPRESENTATION('',(#8119),#8123);
#8119 = LINE('',#8120,#8121);
#8120 = CARTESIAN_POINT('',(0.82646484375,1.23046875));
#8121 = VECTOR('',#8122,1.);
#8122 = DIRECTION('',(0.,-1.));
#8123 = ( GEOMETRIC_REPRESENTATION_CONTEXT(2) 
PARAMETRIC_REPRESENTATION_CONTEXT() REPRESENTATION_CONTEXT('2D SPACE',''
  ) );
#8124 = ORIENTED_EDGE('',*,*,#8005,.F.);
#8125 = ORIENTED_EDGE('',*,*,#3194,.F.);
#8126 = ADVANCED_FACE('',(#8127),#3182,.T.);
#8127 = FACE_BOUND('',#8128,.T.);
#8128 = EDGE_LOOP('',(#8129,#8152,#8173,#8174));
#8129 = ORIENTED_EDGE('',*,*,#8130,.T.);
#8130 = EDGE_CURVE('',#3128,#8131,#8133,.T.);
#8131 = VERTEX_POINT('',#8132);
#8132 = CARTESIAN_POINT('',(60.055465672864,-7.864531958909,6.4));
#8133 = SURFACE_CURVE('',#8134,(#8138,#8145),.PCURVE_S1.);
#8134 = LINE('',#8135,#8136);
#8135 = CARTESIAN_POINT('',(60.055465672864,-7.864531958909,7.));
#8136 = VECTOR('',#8137,1.);
#8137 = DIRECTION('',(-0.,-0.,-1.));
#8138 = PCURVE('',#3182,#8139);
#8139 = DEFINITIONAL_REPRESENTATION('',(#8140),#8144);
#8140 = LINE('',#8141,#8142);
#8141 = CARTESIAN_POINT('',(0.,0.));
#8142 = VECTOR('',#8143,1.);
#8143 = DIRECTION('',(0.,-1.));
#8144 = ( GEOMETRIC_REPRESENTATION_CONTEXT(2) 
PARAMETRIC_REPRESENTATION_CONTEXT() REPRESENTATION_CONTEXT('2D SPACE',''
  ) );
#8145 = PCURVE('',#3149,#8146);
#8146 = DEFINITIONAL_REPRESENTATION('',(#8147),#8151);
#8147 = LINE('',#8148,#8149);
#8148 = CARTESIAN_POINT('',(0.,0.));
#8149 = VECTOR('',#8150,1.);
#8150 = DIRECTION('',(0.,-1.));
#8151 = ( GEOMETRIC_REPRESENTATION_CONTEXT(2) 
PARAMETRIC_REPRESENTATION_CONTEXT() REPRESENTATION_CONTEXT('2D SPACE',''
  ) );
#8152 = ORIENTED_EDGE('',*,*,#8153,.T.);
#8153 = EDGE_CURVE('',#8131,#8082,#8154,.T.);
#8154 = SURFACE_CURVE('',#8155,(#8159,#8166),.PCURVE_S1.);
#8155 = LINE('',#8156,#8157);
#8156 = CARTESIAN_POINT('',(60.055465672864,-7.864531958909,6.4));
#8157 = VECTOR('',#8158,1.);
#8158 = DIRECTION('',(-0.942990333583,-0.332820117735,0.));
#8159 = PCURVE('',#3182,#8160);
#8160 = DEFINITIONAL_REPRESENTATION('',(#8161),#8165);
#8161 = LINE('',#8162,#8163);
#8162 = CARTESIAN_POINT('',(-0.,-0.6));
#8163 = VECTOR('',#8164,1.);
#8164 = DIRECTION('',(1.,0.));
#8165 = ( GEOMETRIC_REPRESENTATION_CONTEXT(2) 
PARAMETRIC_REPRESENTATION_CONTEXT() REPRESENTATION_CONTEXT('2D SPACE',''
  ) );
#8166 = PCURVE('',#8044,#8167);
#8167 = DEFINITIONAL_REPRESENTATION('',(#8168),#8172);
#8168 = LINE('',#8169,#8170);
#8169 = CARTESIAN_POINT('',(1.34736328125,1.23046875));
#8170 = VECTOR('',#8171,1.);
#8171 = DIRECTION('',(-1.,0.));
#8172 = ( GEOMETRIC_REPRESENTATION_CONTEXT(2) 
PARAMETRIC_REPRESENTATION_CONTEXT() REPRESENTATION_CONTEXT('2D SPACE',''
  ) );
#8173 = ORIENTED_EDGE('',*,*,#8081,.F.);
#8174 = ORIENTED_EDGE('',*,*,#3166,.F.);
#8175 = ADVANCED_FACE('',(#8176),#3149,.F.);
#8176 = FACE_BOUND('',#8177,.F.);
#8177 = EDGE_LOOP('',(#8178,#8179,#8208,#8229));
#8178 = ORIENTED_EDGE('',*,*,#8130,.T.);
#8179 = ORIENTED_EDGE('',*,*,#8180,.T.);
#8180 = EDGE_CURVE('',#8131,#8181,#8183,.T.);
#8181 = VERTEX_POINT('',#8182);
#8182 = CARTESIAN_POINT('',(59.445956330297,-6.137588821636,6.4));
#8183 = SURFACE_CURVE('',#8184,(#8191,#8198),.PCURVE_S1.);
#8184 = B_SPLINE_CURVE_WITH_KNOTS('',2,(#8185,#8186,#8187,#8188,#8189,
    #8190),.UNSPECIFIED.,.F.,.F.,(3,1,1,1,3),(0.,1.,2.,2.990950226244,
    3.981900452489),.UNSPECIFIED.);
#8185 = CARTESIAN_POINT('',(60.055465672864,-7.864531958909,6.4));
#8186 = CARTESIAN_POINT('',(60.540866263519,-7.693214103384,6.4));
#8187 = CARTESIAN_POINT('',(60.883615731447,-7.080747082036,6.4));
#8188 = CARTESIAN_POINT('',(60.583297578334,-6.229845648217,6.4));
#8189 = CARTESIAN_POINT('',(59.931356920952,-5.96627096611,6.4));
#8190 = CARTESIAN_POINT('',(59.445956330297,-6.137588821636,6.4));
#8191 = PCURVE('',#3149,#8192);
#8192 = DEFINITIONAL_REPRESENTATION('',(#8193),#8197);
#8193 = LINE('',#8194,#8195);
#8194 = CARTESIAN_POINT('',(0.,-0.6));
#8195 = VECTOR('',#8196,1.);
#8196 = DIRECTION('',(1.,0.));
#8197 = ( GEOMETRIC_REPRESENTATION_CONTEXT(2) 
PARAMETRIC_REPRESENTATION_CONTEXT() REPRESENTATION_CONTEXT('2D SPACE',''
  ) );
#8198 = PCURVE('',#8044,#8199);
#8199 = DEFINITIONAL_REPRESENTATION('',(#8200),#8207);
#8200 = B_SPLINE_CURVE_WITH_KNOTS('',2,(#8201,#8202,#8203,#8204,#8205,
    #8206),.UNSPECIFIED.,.F.,.F.,(3,1,1,1,3),(0.,1.,2.,2.990950226244,
    3.981900452489),.UNSPECIFIED.);
#8201 = CARTESIAN_POINT('',(1.34736328125,1.23046875));
#8202 = CARTESIAN_POINT('',(1.862109375,1.23046875));
#8203 = CARTESIAN_POINT('',(2.38916015625,1.6939453125));
#8204 = CARTESIAN_POINT('',(2.38916015625,2.5962890625));
#8205 = CARTESIAN_POINT('',(1.862109375,3.06181640625));
#8206 = CARTESIAN_POINT('',(1.34736328125,3.06181640625));
#8207 = ( GEOMETRIC_REPRESENTATION_CONTEXT(2) 
PARAMETRIC_REPRESENTATION_CONTEXT() REPRESENTATION_CONTEXT('2D SPACE',''
  ) );
#8208 = ORIENTED_EDGE('',*,*,#8209,.F.);
#8209 = EDGE_CURVE('',#3100,#8181,#8210,.T.);
#8210 = SURFACE_CURVE('',#8211,(#8215,#8222),.PCURVE_S1.);
#8211 = LINE('',#8212,#8213);
#8212 = CARTESIAN_POINT('',(59.445956330297,-6.137588821636,7.));
#8213 = VECTOR('',#8214,1.);
#8214 = DIRECTION('',(-0.,-0.,-1.));
#8215 = PCURVE('',#3149,#8216);
#8216 = DEFINITIONAL_REPRESENTATION('',(#8217),#8221);
#8217 = LINE('',#8218,#8219);
#8218 = CARTESIAN_POINT('',(3.981900452489,0.));
#8219 = VECTOR('',#8220,1.);
#8220 = DIRECTION('',(0.,-1.));
#8221 = ( GEOMETRIC_REPRESENTATION_CONTEXT(2) 
PARAMETRIC_REPRESENTATION_CONTEXT() REPRESENTATION_CONTEXT('2D SPACE',''
  ) );
#8222 = PCURVE('',#3115,#8223);
#8223 = DEFINITIONAL_REPRESENTATION('',(#8224),#8228);
#8224 = LINE('',#8225,#8226);
#8225 = CARTESIAN_POINT('',(0.93515625,0.));
#8226 = VECTOR('',#8227,1.);
#8227 = DIRECTION('',(0.,-1.));
#8228 = ( GEOMETRIC_REPRESENTATION_CONTEXT(2) 
PARAMETRIC_REPRESENTATION_CONTEXT() REPRESENTATION_CONTEXT('2D SPACE',''
  ) );
#8229 = ORIENTED_EDGE('',*,*,#3127,.F.);
#8230 = ADVANCED_FACE('',(#8231),#3115,.T.);
#8231 = FACE_BOUND('',#8232,.T.);
#8232 = EDGE_LOOP('',(#8233,#8256,#8277,#8278));
#8233 = ORIENTED_EDGE('',*,*,#8234,.T.);
#8234 = EDGE_CURVE('',#3072,#8235,#8237,.T.);
#8235 = VERTEX_POINT('',#8236);
#8236 = CARTESIAN_POINT('',(58.564113026157,-6.448827634862,6.4));
#8237 = SURFACE_CURVE('',#8238,(#8242,#8249),.PCURVE_S1.);
#8238 = LINE('',#8239,#8240);
#8239 = CARTESIAN_POINT('',(58.564113026157,-6.448827634862,7.));
#8240 = VECTOR('',#8241,1.);
#8241 = DIRECTION('',(-0.,-0.,-1.));
#8242 = PCURVE('',#3115,#8243);
#8243 = DEFINITIONAL_REPRESENTATION('',(#8244),#8248);
#8244 = LINE('',#8245,#8246);
#8245 = CARTESIAN_POINT('',(0.,0.));
#8246 = VECTOR('',#8247,1.);
#8247 = DIRECTION('',(0.,-1.));
#8248 = ( GEOMETRIC_REPRESENTATION_CONTEXT(2) 
PARAMETRIC_REPRESENTATION_CONTEXT() REPRESENTATION_CONTEXT('2D SPACE',''
  ) );
#8249 = PCURVE('',#3087,#8250);
#8250 = DEFINITIONAL_REPRESENTATION('',(#8251),#8255);
#8251 = LINE('',#8252,#8253);
#8252 = CARTESIAN_POINT('',(3.06181640625,0.));
#8253 = VECTOR('',#8254,1.);
#8254 = DIRECTION('',(0.,-1.));
#8255 = ( GEOMETRIC_REPRESENTATION_CONTEXT(2) 
PARAMETRIC_REPRESENTATION_CONTEXT() REPRESENTATION_CONTEXT('2D SPACE',''
  ) );
#8256 = ORIENTED_EDGE('',*,*,#8257,.T.);
#8257 = EDGE_CURVE('',#8235,#8181,#8258,.T.);
#8258 = SURFACE_CURVE('',#8259,(#8263,#8270),.PCURVE_S1.);
#8259 = LINE('',#8260,#8261);
#8260 = CARTESIAN_POINT('',(58.564113026157,-6.448827634862,6.4));
#8261 = VECTOR('',#8262,1.);
#8262 = DIRECTION('',(0.942990333583,0.332820117735,0.));
#8263 = PCURVE('',#3115,#8264);
#8264 = DEFINITIONAL_REPRESENTATION('',(#8265),#8269);
#8265 = LINE('',#8266,#8267);
#8266 = CARTESIAN_POINT('',(0.,-0.6));
#8267 = VECTOR('',#8268,1.);
#8268 = DIRECTION('',(1.,0.));
#8269 = ( GEOMETRIC_REPRESENTATION_CONTEXT(2) 
PARAMETRIC_REPRESENTATION_CONTEXT() REPRESENTATION_CONTEXT('2D SPACE',''
  ) );
#8270 = PCURVE('',#8044,#8271);
#8271 = DEFINITIONAL_REPRESENTATION('',(#8272),#8276);
#8272 = LINE('',#8273,#8274);
#8273 = CARTESIAN_POINT('',(0.41220703125,3.06181640625));
#8274 = VECTOR('',#8275,1.);
#8275 = DIRECTION('',(1.,0.));
#8276 = ( GEOMETRIC_REPRESENTATION_CONTEXT(2) 
PARAMETRIC_REPRESENTATION_CONTEXT() REPRESENTATION_CONTEXT('2D SPACE',''
  ) );
#8277 = ORIENTED_EDGE('',*,*,#8209,.F.);
#8278 = ORIENTED_EDGE('',*,*,#3099,.F.);
#8279 = ADVANCED_FACE('',(#8280),#3087,.T.);
#8280 = FACE_BOUND('',#8281,.T.);
#8281 = EDGE_LOOP('',(#8282,#8283,#8304,#8305));
#8282 = ORIENTED_EDGE('',*,*,#8056,.T.);
#8283 = ORIENTED_EDGE('',*,*,#8284,.T.);
#8284 = EDGE_CURVE('',#8029,#8235,#8285,.T.);
#8285 = SURFACE_CURVE('',#8286,(#8290,#8297),.PCURVE_S1.);
#8286 = LINE('',#8287,#8288);
#8287 = CARTESIAN_POINT('',(59.583147122968,-9.336090909161,6.4));
#8288 = VECTOR('',#8289,1.);
#8289 = DIRECTION('',(-0.332820117735,0.942990333583,0.));
#8290 = PCURVE('',#3087,#8291);
#8291 = DEFINITIONAL_REPRESENTATION('',(#8292),#8296);
#8292 = LINE('',#8293,#8294);
#8293 = CARTESIAN_POINT('',(0.,-0.6));
#8294 = VECTOR('',#8295,1.);
#8295 = DIRECTION('',(1.,0.));
#8296 = ( GEOMETRIC_REPRESENTATION_CONTEXT(2) 
PARAMETRIC_REPRESENTATION_CONTEXT() REPRESENTATION_CONTEXT('2D SPACE',''
  ) );
#8297 = PCURVE('',#8044,#8298);
#8298 = DEFINITIONAL_REPRESENTATION('',(#8299),#8303);
#8299 = LINE('',#8300,#8301);
#8300 = CARTESIAN_POINT('',(0.41220703125,0.));
#8301 = VECTOR('',#8302,1.);
#8302 = DIRECTION('',(0.,1.));
#8303 = ( GEOMETRIC_REPRESENTATION_CONTEXT(2) 
PARAMETRIC_REPRESENTATION_CONTEXT() REPRESENTATION_CONTEXT('2D SPACE',''
  ) );
#8304 = ORIENTED_EDGE('',*,*,#8234,.F.);
#8305 = ORIENTED_EDGE('',*,*,#3071,.F.);
#8306 = ADVANCED_FACE('',(#8307),#3240,.T.);
#8307 = FACE_BOUND('',#8308,.T.);
#8308 = EDGE_LOOP('',(#8309,#8332,#8360,#8381));
#8309 = ORIENTED_EDGE('',*,*,#8310,.T.);
#8310 = EDGE_CURVE('',#3223,#8311,#8313,.T.);
#8311 = VERTEX_POINT('',#8312);
#8312 = CARTESIAN_POINT('',(38.743854340423,13.607320339054,6.4));
#8313 = SURFACE_CURVE('',#8314,(#8318,#8325),.PCURVE_S1.);
#8314 = LINE('',#8315,#8316);
#8315 = CARTESIAN_POINT('',(38.743854340423,13.607320339054,7.));
#8316 = VECTOR('',#8317,1.);
#8317 = DIRECTION('',(-0.,-0.,-1.));
#8318 = PCURVE('',#3240,#8319);
#8319 = DEFINITIONAL_REPRESENTATION('',(#8320),#8324);
#8320 = LINE('',#8321,#8322);
#8321 = CARTESIAN_POINT('',(0.,0.));
#8322 = VECTOR('',#8323,1.);
#8323 = DIRECTION('',(0.,-1.));
#8324 = ( GEOMETRIC_REPRESENTATION_CONTEXT(2) 
PARAMETRIC_REPRESENTATION_CONTEXT() REPRESENTATION_CONTEXT('2D SPACE',''
  ) );
#8325 = PCURVE('',#3490,#8326);
#8326 = DEFINITIONAL_REPRESENTATION('',(#8327),#8331);
#8327 = LINE('',#8328,#8329);
#8328 = CARTESIAN_POINT('',(2.56142578125,0.));
#8329 = VECTOR('',#8330,1.);
#8330 = DIRECTION('',(0.,-1.));
#8331 = ( GEOMETRIC_REPRESENTATION_CONTEXT(2) 
PARAMETRIC_REPRESENTATION_CONTEXT() REPRESENTATION_CONTEXT('2D SPACE',''
  ) );
#8332 = ORIENTED_EDGE('',*,*,#8333,.T.);
#8333 = EDGE_CURVE('',#8311,#8334,#8336,.T.);
#8334 = VERTEX_POINT('',#8335);
#8335 = CARTESIAN_POINT('',(38.364816428994,13.74109842544,6.4));
#8336 = SURFACE_CURVE('',#8337,(#8341,#8348),.PCURVE_S1.);
#8337 = LINE('',#8338,#8339);
#8338 = CARTESIAN_POINT('',(38.743854340423,13.607320339054,6.4));
#8339 = VECTOR('',#8340,1.);
#8340 = DIRECTION('',(-0.942990333583,0.332820117735,0.));
#8341 = PCURVE('',#3240,#8342);
#8342 = DEFINITIONAL_REPRESENTATION('',(#8343),#8347);
#8343 = LINE('',#8344,#8345);
#8344 = CARTESIAN_POINT('',(0.,-0.6));
#8345 = VECTOR('',#8346,1.);
#8346 = DIRECTION('',(1.,0.));
#8347 = ( GEOMETRIC_REPRESENTATION_CONTEXT(2) 
PARAMETRIC_REPRESENTATION_CONTEXT() REPRESENTATION_CONTEXT('2D SPACE',''
  ) );
#8348 = PCURVE('',#8349,#8354);
#8349 = PLANE('',#8350);
#8350 = AXIS2_PLACEMENT_3D('',#8351,#8352,#8353);
#8351 = CARTESIAN_POINT('',(37.976109183091,13.878289218112,6.4));
#8352 = DIRECTION('',(0.,0.,1.));
#8353 = DIRECTION('',(0.942990333583,-0.332820117735,0.));
#8354 = DEFINITIONAL_REPRESENTATION('',(#8355),#8359);
#8355 = LINE('',#8356,#8357);
#8356 = CARTESIAN_POINT('',(0.81416015625,0.));
#8357 = VECTOR('',#8358,1.);
#8358 = DIRECTION('',(-1.,0.));
#8359 = ( GEOMETRIC_REPRESENTATION_CONTEXT(2) 
PARAMETRIC_REPRESENTATION_CONTEXT() REPRESENTATION_CONTEXT('2D SPACE',''
  ) );
#8360 = ORIENTED_EDGE('',*,*,#8361,.F.);
#8361 = EDGE_CURVE('',#3225,#8334,#8362,.T.);
#8362 = SURFACE_CURVE('',#8363,(#8367,#8374),.PCURVE_S1.);
#8363 = LINE('',#8364,#8365);
#8364 = CARTESIAN_POINT('',(38.364816428994,13.74109842544,7.));
#8365 = VECTOR('',#8366,1.);
#8366 = DIRECTION('',(-0.,-0.,-1.));
#8367 = PCURVE('',#3240,#8368);
#8368 = DEFINITIONAL_REPRESENTATION('',(#8369),#8373);
#8369 = LINE('',#8370,#8371);
#8370 = CARTESIAN_POINT('',(0.401953125,0.));
#8371 = VECTOR('',#8372,1.);
#8372 = DIRECTION('',(0.,-1.));
#8373 = ( GEOMETRIC_REPRESENTATION_CONTEXT(2) 
PARAMETRIC_REPRESENTATION_CONTEXT() REPRESENTATION_CONTEXT('2D SPACE',''
  ) );
#8374 = PCURVE('',#3268,#8375);
#8375 = DEFINITIONAL_REPRESENTATION('',(#8376),#8380);
#8376 = LINE('',#8377,#8378);
#8377 = CARTESIAN_POINT('',(0.,0.));
#8378 = VECTOR('',#8379,1.);
#8379 = DIRECTION('',(0.,-1.));
#8380 = ( GEOMETRIC_REPRESENTATION_CONTEXT(2) 
PARAMETRIC_REPRESENTATION_CONTEXT() REPRESENTATION_CONTEXT('2D SPACE',''
  ) );
#8381 = ORIENTED_EDGE('',*,*,#3222,.F.);
#8382 = ADVANCED_FACE('',(#8383),#3490,.T.);
#8383 = FACE_BOUND('',#8384,.T.);
#8384 = EDGE_LOOP('',(#8385,#8408,#8429,#8430));
#8385 = ORIENTED_EDGE('',*,*,#8386,.T.);
#8386 = EDGE_CURVE('',#3449,#8387,#8389,.T.);
#8387 = VERTEX_POINT('',#8388);
#8388 = CARTESIAN_POINT('',(39.596348370508,16.022720090963,6.4));
#8389 = SURFACE_CURVE('',#8390,(#8394,#8401),.PCURVE_S1.);
#8390 = LINE('',#8391,#8392);
#8391 = CARTESIAN_POINT('',(39.596348370508,16.022720090963,7.));
#8392 = VECTOR('',#8393,1.);
#8393 = DIRECTION('',(-0.,-0.,-1.));
#8394 = PCURVE('',#3490,#8395);
#8395 = DEFINITIONAL_REPRESENTATION('',(#8396),#8400);
#8396 = LINE('',#8397,#8398);
#8397 = CARTESIAN_POINT('',(0.,0.));
#8398 = VECTOR('',#8399,1.);
#8399 = DIRECTION('',(0.,-1.));
#8400 = ( GEOMETRIC_REPRESENTATION_CONTEXT(2) 
PARAMETRIC_REPRESENTATION_CONTEXT() REPRESENTATION_CONTEXT('2D SPACE',''
  ) );
#8401 = PCURVE('',#3464,#8402);
#8402 = DEFINITIONAL_REPRESENTATION('',(#8403),#8407);
#8403 = LINE('',#8404,#8405);
#8404 = CARTESIAN_POINT('',(2.898969896471,0.));
#8405 = VECTOR('',#8406,1.);
#8406 = DIRECTION('',(0.,-1.));
#8407 = ( GEOMETRIC_REPRESENTATION_CONTEXT(2) 
PARAMETRIC_REPRESENTATION_CONTEXT() REPRESENTATION_CONTEXT('2D SPACE',''
  ) );
#8408 = ORIENTED_EDGE('',*,*,#8409,.T.);
#8409 = EDGE_CURVE('',#8387,#8311,#8410,.T.);
#8410 = SURFACE_CURVE('',#8411,(#8415,#8422),.PCURVE_S1.);
#8411 = LINE('',#8412,#8413);
#8412 = CARTESIAN_POINT('',(39.596348370508,16.022720090963,6.4));
#8413 = VECTOR('',#8414,1.);
#8414 = DIRECTION('',(-0.332820117735,-0.942990333583,0.));
#8415 = PCURVE('',#3490,#8416);
#8416 = DEFINITIONAL_REPRESENTATION('',(#8417),#8421);
#8417 = LINE('',#8418,#8419);
#8418 = CARTESIAN_POINT('',(-0.,-0.6));
#8419 = VECTOR('',#8420,1.);
#8420 = DIRECTION('',(1.,0.));
#8421 = ( GEOMETRIC_REPRESENTATION_CONTEXT(2) 
PARAMETRIC_REPRESENTATION_CONTEXT() REPRESENTATION_CONTEXT('2D SPACE',''
  ) );
#8422 = PCURVE('',#8349,#8423);
#8423 = DEFINITIONAL_REPRESENTATION('',(#8424),#8428);
#8424 = LINE('',#8425,#8426);
#8425 = CARTESIAN_POINT('',(0.81416015625,2.56142578125));
#8426 = VECTOR('',#8427,1.);
#8427 = DIRECTION('',(0.,-1.));
#8428 = ( GEOMETRIC_REPRESENTATION_CONTEXT(2) 
PARAMETRIC_REPRESENTATION_CONTEXT() REPRESENTATION_CONTEXT('2D SPACE',''
  ) );
#8429 = ORIENTED_EDGE('',*,*,#8310,.F.);
#8430 = ORIENTED_EDGE('',*,*,#3476,.F.);
#8431 = ADVANCED_FACE('',(#8432),#3268,.T.);
#8432 = FACE_BOUND('',#8433,.T.);
#8433 = EDGE_LOOP('',(#8434,#8435,#8458,#8479));
#8434 = ORIENTED_EDGE('',*,*,#8361,.T.);
#8435 = ORIENTED_EDGE('',*,*,#8436,.T.);
#8436 = EDGE_CURVE('',#8334,#8437,#8439,.T.);
#8437 = VERTEX_POINT('',#8438);
#8438 = CARTESIAN_POINT('',(39.383850525806,16.62836169974,6.4));
#8439 = SURFACE_CURVE('',#8440,(#8444,#8451),.PCURVE_S1.);
#8440 = LINE('',#8441,#8442);
#8441 = CARTESIAN_POINT('',(38.364816428994,13.74109842544,6.4));
#8442 = VECTOR('',#8443,1.);
#8443 = DIRECTION('',(0.332820117735,0.942990333583,0.));
#8444 = PCURVE('',#3268,#8445);
#8445 = DEFINITIONAL_REPRESENTATION('',(#8446),#8450);
#8446 = LINE('',#8447,#8448);
#8447 = CARTESIAN_POINT('',(0.,-0.6));
#8448 = VECTOR('',#8449,1.);
#8449 = DIRECTION('',(1.,0.));
#8450 = ( GEOMETRIC_REPRESENTATION_CONTEXT(2) 
PARAMETRIC_REPRESENTATION_CONTEXT() REPRESENTATION_CONTEXT('2D SPACE',''
  ) );
#8451 = PCURVE('',#8349,#8452);
#8452 = DEFINITIONAL_REPRESENTATION('',(#8453),#8457);
#8453 = LINE('',#8454,#8455);
#8454 = CARTESIAN_POINT('',(0.41220703125,0.));
#8455 = VECTOR('',#8456,1.);
#8456 = DIRECTION('',(0.,1.));
#8457 = ( GEOMETRIC_REPRESENTATION_CONTEXT(2) 
PARAMETRIC_REPRESENTATION_CONTEXT() REPRESENTATION_CONTEXT('2D SPACE',''
  ) );
#8458 = ORIENTED_EDGE('',*,*,#8459,.F.);
#8459 = EDGE_CURVE('',#3253,#8437,#8460,.T.);
#8460 = SURFACE_CURVE('',#8461,(#8465,#8472),.PCURVE_S1.);
#8461 = LINE('',#8462,#8463);
#8462 = CARTESIAN_POINT('',(39.383850525806,16.62836169974,7.));
#8463 = VECTOR('',#8464,1.);
#8464 = DIRECTION('',(-0.,-0.,-1.));
#8465 = PCURVE('',#3268,#8466);
#8466 = DEFINITIONAL_REPRESENTATION('',(#8467),#8471);
#8467 = LINE('',#8468,#8469);
#8468 = CARTESIAN_POINT('',(3.06181640625,0.));
#8469 = VECTOR('',#8470,1.);
#8470 = DIRECTION('',(0.,-1.));
#8471 = ( GEOMETRIC_REPRESENTATION_CONTEXT(2) 
PARAMETRIC_REPRESENTATION_CONTEXT() REPRESENTATION_CONTEXT('2D SPACE',''
  ) );
#8472 = PCURVE('',#3296,#8473);
#8473 = DEFINITIONAL_REPRESENTATION('',(#8474),#8478);
#8474 = LINE('',#8475,#8476);
#8475 = CARTESIAN_POINT('',(0.,0.));
#8476 = VECTOR('',#8477,1.);
#8477 = DIRECTION('',(0.,-1.));
#8478 = ( GEOMETRIC_REPRESENTATION_CONTEXT(2) 
PARAMETRIC_REPRESENTATION_CONTEXT() REPRESENTATION_CONTEXT('2D SPACE',''
  ) );
#8479 = ORIENTED_EDGE('',*,*,#3252,.F.);
#8480 = ADVANCED_FACE('',(#8481),#3464,.T.);
#8481 = FACE_BOUND('',#8482,.T.);
#8482 = EDGE_LOOP('',(#8483,#8506,#8527,#8528));
#8483 = ORIENTED_EDGE('',*,*,#8484,.T.);
#8484 = EDGE_CURVE('',#3421,#8485,#8487,.T.);
#8485 = VERTEX_POINT('',#8486);
#8486 = CARTESIAN_POINT('',(40.024074224941,13.155478026871,6.4));
#8487 = SURFACE_CURVE('',#8488,(#8492,#8499),.PCURVE_S1.);
#8488 = LINE('',#8489,#8490);
#8489 = CARTESIAN_POINT('',(40.024074224941,13.155478026871,7.));
#8490 = VECTOR('',#8491,1.);
#8491 = DIRECTION('',(-0.,-0.,-1.));
#8492 = PCURVE('',#3464,#8493);
#8493 = DEFINITIONAL_REPRESENTATION('',(#8494),#8498);
#8494 = LINE('',#8495,#8496);
#8495 = CARTESIAN_POINT('',(0.,0.));
#8496 = VECTOR('',#8497,1.);
#8497 = DIRECTION('',(0.,-1.));
#8498 = ( GEOMETRIC_REPRESENTATION_CONTEXT(2) 
PARAMETRIC_REPRESENTATION_CONTEXT() REPRESENTATION_CONTEXT('2D SPACE',''
  ) );
#8499 = PCURVE('',#3436,#8500);
#8500 = DEFINITIONAL_REPRESENTATION('',(#8501),#8505);
#8501 = LINE('',#8502,#8503);
#8502 = CARTESIAN_POINT('',(0.5578125,0.));
#8503 = VECTOR('',#8504,1.);
#8504 = DIRECTION('',(0.,-1.));
#8505 = ( GEOMETRIC_REPRESENTATION_CONTEXT(2) 
PARAMETRIC_REPRESENTATION_CONTEXT() REPRESENTATION_CONTEXT('2D SPACE',''
  ) );
#8506 = ORIENTED_EDGE('',*,*,#8507,.T.);
#8507 = EDGE_CURVE('',#8485,#8387,#8508,.T.);
#8508 = SURFACE_CURVE('',#8509,(#8513,#8520),.PCURVE_S1.);
#8509 = LINE('',#8510,#8511);
#8510 = CARTESIAN_POINT('',(40.024074224941,13.155478026871,6.4));
#8511 = VECTOR('',#8512,1.);
#8512 = DIRECTION('',(-0.147544082798,0.989055480563,0.));
#8513 = PCURVE('',#3464,#8514);
#8514 = DEFINITIONAL_REPRESENTATION('',(#8515),#8519);
#8515 = LINE('',#8516,#8517);
#8516 = CARTESIAN_POINT('',(0.,-0.6));
#8517 = VECTOR('',#8518,1.);
#8518 = DIRECTION('',(1.,0.));
#8519 = ( GEOMETRIC_REPRESENTATION_CONTEXT(2) 
PARAMETRIC_REPRESENTATION_CONTEXT() REPRESENTATION_CONTEXT('2D SPACE',''
  ) );
#8520 = PCURVE('',#8349,#8521);
#8521 = DEFINITIONAL_REPRESENTATION('',(#8522),#8526);
#8522 = LINE('',#8523,#8524);
#8523 = CARTESIAN_POINT('',(2.17177734375,0.));
#8524 = VECTOR('',#8525,1.);
#8525 = DIRECTION('',(-0.468310205343,0.88356411854));
#8526 = ( GEOMETRIC_REPRESENTATION_CONTEXT(2) 
PARAMETRIC_REPRESENTATION_CONTEXT() REPRESENTATION_CONTEXT('2D SPACE',''
  ) );
#8527 = ORIENTED_EDGE('',*,*,#8386,.F.);
#8528 = ORIENTED_EDGE('',*,*,#3448,.F.);
#8529 = ADVANCED_FACE('',(#8530),#3296,.T.);
#8530 = FACE_BOUND('',#8531,.T.);
#8531 = EDGE_LOOP('',(#8532,#8533,#8556,#8577));
#8532 = ORIENTED_EDGE('',*,*,#8459,.T.);
#8533 = ORIENTED_EDGE('',*,*,#8534,.T.);
#8534 = EDGE_CURVE('',#8437,#8535,#8537,.T.);
#8535 = VERTEX_POINT('',#8536);
#8536 = CARTESIAN_POINT('',(39.909862321258,16.442710477816,6.4));
#8537 = SURFACE_CURVE('',#8538,(#8542,#8549),.PCURVE_S1.);
#8538 = LINE('',#8539,#8540);
#8539 = CARTESIAN_POINT('',(39.383850525806,16.62836169974,6.4));
#8540 = VECTOR('',#8541,1.);
#8541 = DIRECTION('',(0.942990333583,-0.332820117735,0.));
#8542 = PCURVE('',#3296,#8543);
#8543 = DEFINITIONAL_REPRESENTATION('',(#8544),#8548);
#8544 = LINE('',#8545,#8546);
#8545 = CARTESIAN_POINT('',(0.,-0.6));
#8546 = VECTOR('',#8547,1.);
#8547 = DIRECTION('',(1.,0.));
#8548 = ( GEOMETRIC_REPRESENTATION_CONTEXT(2) 
PARAMETRIC_REPRESENTATION_CONTEXT() REPRESENTATION_CONTEXT('2D SPACE',''
  ) );
#8549 = PCURVE('',#8349,#8550);
#8550 = DEFINITIONAL_REPRESENTATION('',(#8551),#8555);
#8551 = LINE('',#8552,#8553);
#8552 = CARTESIAN_POINT('',(0.41220703125,3.06181640625));
#8553 = VECTOR('',#8554,1.);
#8554 = DIRECTION('',(1.,0.));
#8555 = ( GEOMETRIC_REPRESENTATION_CONTEXT(2) 
PARAMETRIC_REPRESENTATION_CONTEXT() REPRESENTATION_CONTEXT('2D SPACE',''
  ) );
#8556 = ORIENTED_EDGE('',*,*,#8557,.F.);
#8557 = EDGE_CURVE('',#3281,#8535,#8558,.T.);
#8558 = SURFACE_CURVE('',#8559,(#8563,#8570),.PCURVE_S1.);
#8559 = LINE('',#8560,#8561);
#8560 = CARTESIAN_POINT('',(39.909862321258,16.442710477816,7.));
#8561 = VECTOR('',#8562,1.);
#8562 = DIRECTION('',(-0.,-0.,-1.));
#8563 = PCURVE('',#3296,#8564);
#8564 = DEFINITIONAL_REPRESENTATION('',(#8565),#8569);
#8565 = LINE('',#8566,#8567);
#8566 = CARTESIAN_POINT('',(0.5578125,0.));
#8567 = VECTOR('',#8568,1.);
#8568 = DIRECTION('',(0.,-1.));
#8569 = ( GEOMETRIC_REPRESENTATION_CONTEXT(2) 
PARAMETRIC_REPRESENTATION_CONTEXT() REPRESENTATION_CONTEXT('2D SPACE',''
  ) );
#8570 = PCURVE('',#3324,#8571);
#8571 = DEFINITIONAL_REPRESENTATION('',(#8572),#8576);
#8572 = LINE('',#8573,#8574);
#8573 = CARTESIAN_POINT('',(0.,0.));
#8574 = VECTOR('',#8575,1.);
#8575 = DIRECTION('',(0.,-1.));
#8576 = ( GEOMETRIC_REPRESENTATION_CONTEXT(2) 
PARAMETRIC_REPRESENTATION_CONTEXT() REPRESENTATION_CONTEXT('2D SPACE',''
  ) );
#8577 = ORIENTED_EDGE('',*,*,#3280,.F.);
#8578 = ADVANCED_FACE('',(#8579),#3436,.T.);
#8579 = FACE_BOUND('',#8580,.T.);
#8580 = EDGE_LOOP('',(#8581,#8604,#8625,#8626));
#8581 = ORIENTED_EDGE('',*,*,#8582,.T.);
#8582 = EDGE_CURVE('',#3393,#8583,#8585,.T.);
#8583 = VERTEX_POINT('',#8584);
#8584 = CARTESIAN_POINT('',(40.550086020393,12.969826804947,6.4));
#8585 = SURFACE_CURVE('',#8586,(#8590,#8597),.PCURVE_S1.);
#8586 = LINE('',#8587,#8588);
#8587 = CARTESIAN_POINT('',(40.550086020393,12.969826804947,7.));
#8588 = VECTOR('',#8589,1.);
#8589 = DIRECTION('',(-0.,-0.,-1.));
#8590 = PCURVE('',#3436,#8591);
#8591 = DEFINITIONAL_REPRESENTATION('',(#8592),#8596);
#8592 = LINE('',#8593,#8594);
#8593 = CARTESIAN_POINT('',(0.,0.));
#8594 = VECTOR('',#8595,1.);
#8595 = DIRECTION('',(0.,-1.));
#8596 = ( GEOMETRIC_REPRESENTATION_CONTEXT(2) 
PARAMETRIC_REPRESENTATION_CONTEXT() REPRESENTATION_CONTEXT('2D SPACE',''
  ) );
#8597 = PCURVE('',#3408,#8598);
#8598 = DEFINITIONAL_REPRESENTATION('',(#8599),#8603);
#8599 = LINE('',#8600,#8601);
#8600 = CARTESIAN_POINT('',(3.06181640625,0.));
#8601 = VECTOR('',#8602,1.);
#8602 = DIRECTION('',(0.,-1.));
#8603 = ( GEOMETRIC_REPRESENTATION_CONTEXT(2) 
PARAMETRIC_REPRESENTATION_CONTEXT() REPRESENTATION_CONTEXT('2D SPACE',''
  ) );
#8604 = ORIENTED_EDGE('',*,*,#8605,.T.);
#8605 = EDGE_CURVE('',#8583,#8485,#8606,.T.);
#8606 = SURFACE_CURVE('',#8607,(#8611,#8618),.PCURVE_S1.);
#8607 = LINE('',#8608,#8609);
#8608 = CARTESIAN_POINT('',(40.550086020393,12.969826804947,6.4));
#8609 = VECTOR('',#8610,1.);
#8610 = DIRECTION('',(-0.942990333583,0.332820117735,0.));
#8611 = PCURVE('',#3436,#8612);
#8612 = DEFINITIONAL_REPRESENTATION('',(#8613),#8617);
#8613 = LINE('',#8614,#8615);
#8614 = CARTESIAN_POINT('',(0.,-0.6));
#8615 = VECTOR('',#8616,1.);
#8616 = DIRECTION('',(1.,0.));
#8617 = ( GEOMETRIC_REPRESENTATION_CONTEXT(2) 
PARAMETRIC_REPRESENTATION_CONTEXT() REPRESENTATION_CONTEXT('2D SPACE',''
  ) );
#8618 = PCURVE('',#8349,#8619);
#8619 = DEFINITIONAL_REPRESENTATION('',(#8620),#8624);
#8620 = LINE('',#8621,#8622);
#8621 = CARTESIAN_POINT('',(2.72958984375,0.));
#8622 = VECTOR('',#8623,1.);
#8623 = DIRECTION('',(-1.,0.));
#8624 = ( GEOMETRIC_REPRESENTATION_CONTEXT(2) 
PARAMETRIC_REPRESENTATION_CONTEXT() REPRESENTATION_CONTEXT('2D SPACE',''
  ) );
#8625 = ORIENTED_EDGE('',*,*,#8484,.F.);
#8626 = ORIENTED_EDGE('',*,*,#3420,.F.);
#8627 = ADVANCED_FACE('',(#8628),#3324,.T.);
#8628 = FACE_BOUND('',#8629,.T.);
#8629 = EDGE_LOOP('',(#8630,#8631,#8654,#8675));
#8630 = ORIENTED_EDGE('',*,*,#8557,.T.);
#8631 = ORIENTED_EDGE('',*,*,#8632,.T.);
#8632 = EDGE_CURVE('',#8535,#8633,#8635,.T.);
#8633 = VERTEX_POINT('',#8634);
#8634 = CARTESIAN_POINT('',(40.337588175691,13.575468413724,6.4));
#8635 = SURFACE_CURVE('',#8636,(#8640,#8647),.PCURVE_S1.);
#8636 = LINE('',#8637,#8638);
#8637 = CARTESIAN_POINT('',(39.909862321258,16.442710477816,6.4));
#8638 = VECTOR('',#8639,1.);
#8639 = DIRECTION('',(0.147544082798,-0.989055480563,0.));
#8640 = PCURVE('',#3324,#8641);
#8641 = DEFINITIONAL_REPRESENTATION('',(#8642),#8646);
#8642 = LINE('',#8643,#8644);
#8643 = CARTESIAN_POINT('',(0.,-0.6));
#8644 = VECTOR('',#8645,1.);
#8645 = DIRECTION('',(1.,0.));
#8646 = ( GEOMETRIC_REPRESENTATION_CONTEXT(2) 
PARAMETRIC_REPRESENTATION_CONTEXT() REPRESENTATION_CONTEXT('2D SPACE',''
  ) );
#8647 = PCURVE('',#8349,#8648);
#8648 = DEFINITIONAL_REPRESENTATION('',(#8649),#8653);
#8649 = LINE('',#8650,#8651);
#8650 = CARTESIAN_POINT('',(0.97001953125,3.06181640625));
#8651 = VECTOR('',#8652,1.);
#8652 = DIRECTION('',(0.468310205343,-0.88356411854));
#8653 = ( GEOMETRIC_REPRESENTATION_CONTEXT(2) 
PARAMETRIC_REPRESENTATION_CONTEXT() REPRESENTATION_CONTEXT('2D SPACE',''
  ) );
#8654 = ORIENTED_EDGE('',*,*,#8655,.F.);
#8655 = EDGE_CURVE('',#3309,#8633,#8656,.T.);
#8656 = SURFACE_CURVE('',#8657,(#8661,#8668),.PCURVE_S1.);
#8657 = LINE('',#8658,#8659);
#8658 = CARTESIAN_POINT('',(40.337588175691,13.575468413724,7.));
#8659 = VECTOR('',#8660,1.);
#8660 = DIRECTION('',(-0.,-0.,-1.));
#8661 = PCURVE('',#3324,#8662);
#8662 = DEFINITIONAL_REPRESENTATION('',(#8663),#8667);
#8663 = LINE('',#8664,#8665);
#8664 = CARTESIAN_POINT('',(2.898969896471,0.));
#8665 = VECTOR('',#8666,1.);
#8666 = DIRECTION('',(0.,-1.));
#8667 = ( GEOMETRIC_REPRESENTATION_CONTEXT(2) 
PARAMETRIC_REPRESENTATION_CONTEXT() REPRESENTATION_CONTEXT('2D SPACE',''
  ) );
#8668 = PCURVE('',#3352,#8669);
#8669 = DEFINITIONAL_REPRESENTATION('',(#8670),#8674);
#8670 = LINE('',#8671,#8672);
#8671 = CARTESIAN_POINT('',(0.,0.));
#8672 = VECTOR('',#8673,1.);
#8673 = DIRECTION('',(0.,-1.));
#8674 = ( GEOMETRIC_REPRESENTATION_CONTEXT(2) 
PARAMETRIC_REPRESENTATION_CONTEXT() REPRESENTATION_CONTEXT('2D SPACE',''
  ) );
#8675 = ORIENTED_EDGE('',*,*,#3308,.F.);
#8676 = ADVANCED_FACE('',(#8677),#3408,.T.);
#8677 = FACE_BOUND('',#8678,.T.);
#8678 = EDGE_LOOP('',(#8679,#8702,#8723,#8724));
#8679 = ORIENTED_EDGE('',*,*,#8680,.T.);
#8680 = EDGE_CURVE('',#3365,#8681,#8683,.T.);
#8681 = VERTEX_POINT('',#8682);
#8682 = CARTESIAN_POINT('',(41.569120117204,15.857090079246,6.4));
#8683 = SURFACE_CURVE('',#8684,(#8688,#8695),.PCURVE_S1.);
#8684 = LINE('',#8685,#8686);
#8685 = CARTESIAN_POINT('',(41.569120117204,15.857090079246,7.));
#8686 = VECTOR('',#8687,1.);
#8687 = DIRECTION('',(-0.,-0.,-1.));
#8688 = PCURVE('',#3408,#8689);
#8689 = DEFINITIONAL_REPRESENTATION('',(#8690),#8694);
#8690 = LINE('',#8691,#8692);
#8691 = CARTESIAN_POINT('',(0.,0.));
#8692 = VECTOR('',#8693,1.);
#8693 = DIRECTION('',(0.,-1.));
#8694 = ( GEOMETRIC_REPRESENTATION_CONTEXT(2) 
PARAMETRIC_REPRESENTATION_CONTEXT() REPRESENTATION_CONTEXT('2D SPACE',''
  ) );
#8695 = PCURVE('',#3380,#8696);
#8696 = DEFINITIONAL_REPRESENTATION('',(#8697),#8701);
#8697 = LINE('',#8698,#8699);
#8698 = CARTESIAN_POINT('',(0.401953125,0.));
#8699 = VECTOR('',#8700,1.);
#8700 = DIRECTION('',(0.,-1.));
#8701 = ( GEOMETRIC_REPRESENTATION_CONTEXT(2) 
PARAMETRIC_REPRESENTATION_CONTEXT() REPRESENTATION_CONTEXT('2D SPACE',''
  ) );
#8702 = ORIENTED_EDGE('',*,*,#8703,.T.);
#8703 = EDGE_CURVE('',#8681,#8583,#8704,.T.);
#8704 = SURFACE_CURVE('',#8705,(#8709,#8716),.PCURVE_S1.);
#8705 = LINE('',#8706,#8707);
#8706 = CARTESIAN_POINT('',(41.569120117204,15.857090079246,6.4));
#8707 = VECTOR('',#8708,1.);
#8708 = DIRECTION('',(-0.332820117735,-0.942990333583,0.));
#8709 = PCURVE('',#3408,#8710);
#8710 = DEFINITIONAL_REPRESENTATION('',(#8711),#8715);
#8711 = LINE('',#8712,#8713);
#8712 = CARTESIAN_POINT('',(-0.,-0.6));
#8713 = VECTOR('',#8714,1.);
#8714 = DIRECTION('',(1.,0.));
#8715 = ( GEOMETRIC_REPRESENTATION_CONTEXT(2) 
PARAMETRIC_REPRESENTATION_CONTEXT() REPRESENTATION_CONTEXT('2D SPACE',''
  ) );
#8716 = PCURVE('',#8349,#8717);
#8717 = DEFINITIONAL_REPRESENTATION('',(#8718),#8722);
#8718 = LINE('',#8719,#8720);
#8719 = CARTESIAN_POINT('',(2.72958984375,3.06181640625));
#8720 = VECTOR('',#8721,1.);
#8721 = DIRECTION('',(0.,-1.));
#8722 = ( GEOMETRIC_REPRESENTATION_CONTEXT(2) 
PARAMETRIC_REPRESENTATION_CONTEXT() REPRESENTATION_CONTEXT('2D SPACE',''
  ) );
#8723 = ORIENTED_EDGE('',*,*,#8582,.F.);
#8724 = ORIENTED_EDGE('',*,*,#3392,.F.);
#8725 = ADVANCED_FACE('',(#8726),#3352,.T.);
#8726 = FACE_BOUND('',#8727,.T.);
#8727 = EDGE_LOOP('',(#8728,#8729,#8752,#8773));
#8728 = ORIENTED_EDGE('',*,*,#8655,.T.);
#8729 = ORIENTED_EDGE('',*,*,#8730,.T.);
#8730 = EDGE_CURVE('',#8633,#8731,#8733,.T.);
#8731 = VERTEX_POINT('',#8732);
#8732 = CARTESIAN_POINT('',(41.190082205776,15.990868165633,6.4));
#8733 = SURFACE_CURVE('',#8734,(#8738,#8745),.PCURVE_S1.);
#8734 = LINE('',#8735,#8736);
#8735 = CARTESIAN_POINT('',(40.337588175691,13.575468413724,6.4));
#8736 = VECTOR('',#8737,1.);
#8737 = DIRECTION('',(0.332820117735,0.942990333583,0.));
#8738 = PCURVE('',#3352,#8739);
#8739 = DEFINITIONAL_REPRESENTATION('',(#8740),#8744);
#8740 = LINE('',#8741,#8742);
#8741 = CARTESIAN_POINT('',(0.,-0.6));
#8742 = VECTOR('',#8743,1.);
#8743 = DIRECTION('',(1.,0.));
#8744 = ( GEOMETRIC_REPRESENTATION_CONTEXT(2) 
PARAMETRIC_REPRESENTATION_CONTEXT() REPRESENTATION_CONTEXT('2D SPACE',''
  ) );
#8745 = PCURVE('',#8349,#8746);
#8746 = DEFINITIONAL_REPRESENTATION('',(#8747),#8751);
#8747 = LINE('',#8748,#8749);
#8748 = CARTESIAN_POINT('',(2.32763671875,0.500390625));
#8749 = VECTOR('',#8750,1.);
#8750 = DIRECTION('',(0.,1.));
#8751 = ( GEOMETRIC_REPRESENTATION_CONTEXT(2) 
PARAMETRIC_REPRESENTATION_CONTEXT() REPRESENTATION_CONTEXT('2D SPACE',''
  ) );
#8752 = ORIENTED_EDGE('',*,*,#8753,.F.);
#8753 = EDGE_CURVE('',#3337,#8731,#8754,.T.);
#8754 = SURFACE_CURVE('',#8755,(#8759,#8766),.PCURVE_S1.);
#8755 = LINE('',#8756,#8757);
#8756 = CARTESIAN_POINT('',(41.190082205776,15.990868165633,7.));
#8757 = VECTOR('',#8758,1.);
#8758 = DIRECTION('',(-0.,-0.,-1.));
#8759 = PCURVE('',#3352,#8760);
#8760 = DEFINITIONAL_REPRESENTATION('',(#8761),#8765);
#8761 = LINE('',#8762,#8763);
#8762 = CARTESIAN_POINT('',(2.56142578125,0.));
#8763 = VECTOR('',#8764,1.);
#8764 = DIRECTION('',(0.,-1.));
#8765 = ( GEOMETRIC_REPRESENTATION_CONTEXT(2) 
PARAMETRIC_REPRESENTATION_CONTEXT() REPRESENTATION_CONTEXT('2D SPACE',''
  ) );
#8766 = PCURVE('',#3380,#8767);
#8767 = DEFINITIONAL_REPRESENTATION('',(#8768),#8772);
#8768 = LINE('',#8769,#8770);
#8769 = CARTESIAN_POINT('',(0.,0.));
#8770 = VECTOR('',#8771,1.);
#8771 = DIRECTION('',(0.,-1.));
#8772 = ( GEOMETRIC_REPRESENTATION_CONTEXT(2) 
PARAMETRIC_REPRESENTATION_CONTEXT() REPRESENTATION_CONTEXT('2D SPACE',''
  ) );
#8773 = ORIENTED_EDGE('',*,*,#3336,.F.);
#8774 = ADVANCED_FACE('',(#8775),#3380,.T.);
#8775 = FACE_BOUND('',#8776,.T.);
#8776 = EDGE_LOOP('',(#8777,#8778,#8799,#8800));
#8777 = ORIENTED_EDGE('',*,*,#8753,.T.);
#8778 = ORIENTED_EDGE('',*,*,#8779,.T.);
#8779 = EDGE_CURVE('',#8731,#8681,#8780,.T.);
#8780 = SURFACE_CURVE('',#8781,(#8785,#8792),.PCURVE_S1.);
#8781 = LINE('',#8782,#8783);
#8782 = CARTESIAN_POINT('',(41.190082205776,15.990868165633,6.4));
#8783 = VECTOR('',#8784,1.);
#8784 = DIRECTION('',(0.942990333583,-0.332820117735,0.));
#8785 = PCURVE('',#3380,#8786);
#8786 = DEFINITIONAL_REPRESENTATION('',(#8787),#8791);
#8787 = LINE('',#8788,#8789);
#8788 = CARTESIAN_POINT('',(0.,-0.6));
#8789 = VECTOR('',#8790,1.);
#8790 = DIRECTION('',(1.,0.));
#8791 = ( GEOMETRIC_REPRESENTATION_CONTEXT(2) 
PARAMETRIC_REPRESENTATION_CONTEXT() REPRESENTATION_CONTEXT('2D SPACE',''
  ) );
#8792 = PCURVE('',#8349,#8793);
#8793 = DEFINITIONAL_REPRESENTATION('',(#8794),#8798);
#8794 = LINE('',#8795,#8796);
#8795 = CARTESIAN_POINT('',(2.32763671875,3.06181640625));
#8796 = VECTOR('',#8797,1.);
#8797 = DIRECTION('',(1.,0.));
#8798 = ( GEOMETRIC_REPRESENTATION_CONTEXT(2) 
PARAMETRIC_REPRESENTATION_CONTEXT() REPRESENTATION_CONTEXT('2D SPACE',''
  ) );
#8799 = ORIENTED_EDGE('',*,*,#8680,.F.);
#8800 = ORIENTED_EDGE('',*,*,#3364,.F.);
#8801 = ADVANCED_FACE('',(#8802),#3534,.F.);
#8802 = FACE_BOUND('',#8803,.F.);
#8803 = EDGE_LOOP('',(#8804,#8827,#8867,#8868));
#8804 = ORIENTED_EDGE('',*,*,#8805,.T.);
#8805 = EDGE_CURVE('',#3505,#8806,#8808,.T.);
#8806 = VERTEX_POINT('',#8807);
#8807 = CARTESIAN_POINT('',(43.536886561349,15.221302898282,6.4));
#8808 = SEAM_CURVE('',#8809,(#8813,#8820),.PCURVE_S1.);
#8809 = LINE('',#8810,#8811);
#8810 = CARTESIAN_POINT('',(43.536886561349,15.221302898282,7.));
#8811 = VECTOR('',#8812,1.);
#8812 = DIRECTION('',(-0.,-0.,-1.));
#8813 = PCURVE('',#3534,#8814);
#8814 = DEFINITIONAL_REPRESENTATION('',(#8815),#8819);
#8815 = LINE('',#8816,#8817);
#8816 = CARTESIAN_POINT('',(0.,0.));
#8817 = VECTOR('',#8818,1.);
#8818 = DIRECTION('',(0.,-1.));
#8819 = ( GEOMETRIC_REPRESENTATION_CONTEXT(2) 
PARAMETRIC_REPRESENTATION_CONTEXT() REPRESENTATION_CONTEXT('2D SPACE',''
  ) );
#8820 = PCURVE('',#3534,#8821);
#8821 = DEFINITIONAL_REPRESENTATION('',(#8822),#8826);
#8822 = LINE('',#8823,#8824);
#8823 = CARTESIAN_POINT('',(7.992949323261,0.));
#8824 = VECTOR('',#8825,1.);
#8825 = DIRECTION('',(0.,-1.));
#8826 = ( GEOMETRIC_REPRESENTATION_CONTEXT(2) 
PARAMETRIC_REPRESENTATION_CONTEXT() REPRESENTATION_CONTEXT('2D SPACE',''
  ) );
#8827 = ORIENTED_EDGE('',*,*,#8828,.T.);
#8828 = EDGE_CURVE('',#8806,#8806,#8829,.T.);
#8829 = SURFACE_CURVE('',#8830,(#8841,#8848),.PCURVE_S1.);
#8830 = B_SPLINE_CURVE_WITH_KNOTS('',2,(#8831,#8832,#8833,#8834,#8835,
    #8836,#8837,#8838,#8839,#8840),.UNSPECIFIED.,.T.,.F.,(3,1,1,1,1,1,1,
    1,3),(0.,1.,2.,3.,4.,4.996825396825,5.993650793651,6.993300058456,
    7.992949323261),.UNSPECIFIED.);
#8831 = CARTESIAN_POINT('',(43.536886561349,15.221302898282,6.4));
#8832 = CARTESIAN_POINT('',(42.92771848941,15.43630339426,6.4));
#8833 = CARTESIAN_POINT('',(41.911300800751,14.879463485364,6.4));
#8834 = CARTESIAN_POINT('',(41.428061590743,13.510285723673,6.4));
#8835 = CARTESIAN_POINT('',(41.870462082203,12.440743573838,6.4));
#8836 = CARTESIAN_POINT('',(43.086864359185,12.011425123139,6.4));
#8837 = CARTESIAN_POINT('',(44.101348180949,12.568947573292,6.4));
#8838 = CARTESIAN_POINT('',(44.5839048497,13.936191468087,6.4));
#8839 = CARTESIAN_POINT('',(44.144120766392,15.00698494356,6.4));
#8840 = CARTESIAN_POINT('',(43.536886561349,15.221302898282,6.4));
#8841 = PCURVE('',#3534,#8842);
#8842 = DEFINITIONAL_REPRESENTATION('',(#8843),#8847);
#8843 = LINE('',#8844,#8845);
#8844 = CARTESIAN_POINT('',(0.,-0.6));
#8845 = VECTOR('',#8846,1.);
#8846 = DIRECTION('',(1.,0.));
#8847 = ( GEOMETRIC_REPRESENTATION_CONTEXT(2) 
PARAMETRIC_REPRESENTATION_CONTEXT() REPRESENTATION_CONTEXT('2D SPACE',''
  ) );
#8848 = PCURVE('',#8849,#8854);
#8849 = PLANE('',#8850);
#8850 = AXIS2_PLACEMENT_3D('',#8851,#8852,#8853);
#8851 = CARTESIAN_POINT('',(40.938793266297,12.832636012275,6.4));
#8852 = DIRECTION('',(0.,0.,1.));
#8853 = DIRECTION('',(0.942990333583,-0.332820117735,0.));
#8854 = DEFINITIONAL_REPRESENTATION('',(#8855),#8866);
#8855 = B_SPLINE_CURVE_WITH_KNOTS('',2,(#8856,#8857,#8858,#8859,#8860,
    #8861,#8862,#8863,#8864,#8865),.UNSPECIFIED.,.T.,.F.,(3,1,1,1,1,1,1,
    1,3),(0.,1.,2.,3.,4.,4.996825396825,5.993650793651,6.993300058456,
    7.992949323261),.UNSPECIFIED.);
#8856 = CARTESIAN_POINT('',(1.65498046875,3.1171875));
#8857 = CARTESIAN_POINT('',(1.008984375,3.1171875));
#8858 = CARTESIAN_POINT('',(0.23583984375,2.25380859375));
#8859 = CARTESIAN_POINT('',(0.23583984375,0.80185546875));
#8860 = CARTESIAN_POINT('',(1.008984375,-5.947265625E-02));
#8861 = CARTESIAN_POINT('',(2.29892578125,-5.947265625E-02));
#8862 = CARTESIAN_POINT('',(3.07001953125,0.80390625));
#8863 = CARTESIAN_POINT('',(3.07001953125,2.25380859375));
#8864 = CARTESIAN_POINT('',(2.29892578125,3.1171875));
#8865 = CARTESIAN_POINT('',(1.65498046875,3.1171875));
#8866 = ( GEOMETRIC_REPRESENTATION_CONTEXT(2) 
PARAMETRIC_REPRESENTATION_CONTEXT() REPRESENTATION_CONTEXT('2D SPACE',''
  ) );
#8867 = ORIENTED_EDGE('',*,*,#8805,.F.);
#8868 = ORIENTED_EDGE('',*,*,#3504,.F.);
#8869 = ADVANCED_FACE('',(#8870),#3575,.T.);
#8870 = FACE_BOUND('',#8871,.T.);
#8871 = EDGE_LOOP('',(#8872,#8895,#8923,#8944));
#8872 = ORIENTED_EDGE('',*,*,#8873,.T.);
#8873 = EDGE_CURVE('',#3558,#8874,#8876,.T.);
#8874 = VERTEX_POINT('',#8875);
#8875 = CARTESIAN_POINT('',(45.972535037217,13.933233789307,6.4));
#8876 = SURFACE_CURVE('',#8877,(#8881,#8888),.PCURVE_S1.);
#8877 = LINE('',#8878,#8879);
#8878 = CARTESIAN_POINT('',(45.972535037217,13.933233789307,7.));
#8879 = VECTOR('',#8880,1.);
#8880 = DIRECTION('',(-0.,-0.,-1.));
#8881 = PCURVE('',#3575,#8882);
#8882 = DEFINITIONAL_REPRESENTATION('',(#8883),#8887);
#8883 = LINE('',#8884,#8885);
#8884 = CARTESIAN_POINT('',(0.,0.));
#8885 = VECTOR('',#8886,1.);
#8886 = DIRECTION('',(0.,-1.));
#8887 = ( GEOMETRIC_REPRESENTATION_CONTEXT(2) 
PARAMETRIC_REPRESENTATION_CONTEXT() REPRESENTATION_CONTEXT('2D SPACE',''
  ) );
#8888 = PCURVE('',#3769,#8889);
#8889 = DEFINITIONAL_REPRESENTATION('',(#8890),#8894);
#8890 = LINE('',#8891,#8892);
#8891 = CARTESIAN_POINT('',(2.71318359375,0.));
#8892 = VECTOR('',#8893,1.);
#8893 = DIRECTION('',(0.,-1.));
#8894 = ( GEOMETRIC_REPRESENTATION_CONTEXT(2) 
PARAMETRIC_REPRESENTATION_CONTEXT() REPRESENTATION_CONTEXT('2D SPACE',''
  ) );
#8895 = ORIENTED_EDGE('',*,*,#8896,.T.);
#8896 = EDGE_CURVE('',#8874,#8897,#8899,.T.);
#8897 = VERTEX_POINT('',#8898);
#8898 = CARTESIAN_POINT('',(44.947585582845,14.294980655556,6.4));
#8899 = SURFACE_CURVE('',#8900,(#8904,#8911),.PCURVE_S1.);
#8900 = LINE('',#8901,#8902);
#8901 = CARTESIAN_POINT('',(45.972535037217,13.933233789307,6.4));
#8902 = VECTOR('',#8903,1.);
#8903 = DIRECTION('',(-0.942990333583,0.332820117735,0.));
#8904 = PCURVE('',#3575,#8905);
#8905 = DEFINITIONAL_REPRESENTATION('',(#8906),#8910);
#8906 = LINE('',#8907,#8908);
#8907 = CARTESIAN_POINT('',(0.,-0.6));
#8908 = VECTOR('',#8909,1.);
#8909 = DIRECTION('',(1.,0.));
#8910 = ( GEOMETRIC_REPRESENTATION_CONTEXT(2) 
PARAMETRIC_REPRESENTATION_CONTEXT() REPRESENTATION_CONTEXT('2D SPACE',''
  ) );
#8911 = PCURVE('',#8912,#8917);
#8912 = PLANE('',#8913);
#8913 = AXIS2_PLACEMENT_3D('',#8914,#8915,#8916);
#8914 = CARTESIAN_POINT('',(44.056186701106,11.732379505872,6.4));
#8915 = DIRECTION('',(0.,0.,1.));
#8916 = DIRECTION('',(0.942990333583,-0.332820117735,0.));
#8917 = DEFINITIONAL_REPRESENTATION('',(#8918),#8922);
#8918 = LINE('',#8919,#8920);
#8919 = CARTESIAN_POINT('',(1.074609375,2.71318359375));
#8920 = VECTOR('',#8921,1.);
#8921 = DIRECTION('',(-1.,0.));
#8922 = ( GEOMETRIC_REPRESENTATION_CONTEXT(2) 
PARAMETRIC_REPRESENTATION_CONTEXT() REPRESENTATION_CONTEXT('2D SPACE',''
  ) );
#8923 = ORIENTED_EDGE('',*,*,#8924,.F.);
#8924 = EDGE_CURVE('',#3560,#8897,#8925,.T.);
#8925 = SURFACE_CURVE('',#8926,(#8930,#8937),.PCURVE_S1.);
#8926 = LINE('',#8927,#8928);
#8927 = CARTESIAN_POINT('',(44.947585582845,14.294980655556,7.));
#8928 = VECTOR('',#8929,1.);
#8929 = DIRECTION('',(-0.,-0.,-1.));
#8930 = PCURVE('',#3575,#8931);
#8931 = DEFINITIONAL_REPRESENTATION('',(#8932),#8936);
#8932 = LINE('',#8933,#8934);
#8933 = CARTESIAN_POINT('',(1.0869140625,0.));
#8934 = VECTOR('',#8935,1.);
#8935 = DIRECTION('',(0.,-1.));
#8936 = ( GEOMETRIC_REPRESENTATION_CONTEXT(2) 
PARAMETRIC_REPRESENTATION_CONTEXT() REPRESENTATION_CONTEXT('2D SPACE',''
  ) );
#8937 = PCURVE('',#3603,#8938);
#8938 = DEFINITIONAL_REPRESENTATION('',(#8939),#8943);
#8939 = LINE('',#8940,#8941);
#8940 = CARTESIAN_POINT('',(0.,0.));
#8941 = VECTOR('',#8942,1.);
#8942 = DIRECTION('',(0.,-1.));
#8943 = ( GEOMETRIC_REPRESENTATION_CONTEXT(2) 
PARAMETRIC_REPRESENTATION_CONTEXT() REPRESENTATION_CONTEXT('2D SPACE',''
  ) );
#8944 = ORIENTED_EDGE('',*,*,#3557,.F.);
#8945 = ADVANCED_FACE('',(#8946),#3769,.T.);
#8946 = FACE_BOUND('',#8947,.T.);
#8947 = EDGE_LOOP('',(#8948,#8971,#8992,#8993));
#8948 = ORIENTED_EDGE('',*,*,#8949,.T.);
#8949 = EDGE_CURVE('',#3728,#8950,#8952,.T.);
#8950 = VERTEX_POINT('',#8951);
#8951 = CARTESIAN_POINT('',(45.069532954109,11.374727887165,6.4));
#8952 = SURFACE_CURVE('',#8953,(#8957,#8964),.PCURVE_S1.);
#8953 = LINE('',#8954,#8955);
#8954 = CARTESIAN_POINT('',(45.069532954109,11.374727887165,7.));
#8955 = VECTOR('',#8956,1.);
#8956 = DIRECTION('',(-0.,-0.,-1.));
#8957 = PCURVE('',#3769,#8958);
#8958 = DEFINITIONAL_REPRESENTATION('',(#8959),#8963);
#8959 = LINE('',#8960,#8961);
#8960 = CARTESIAN_POINT('',(0.,0.));
#8961 = VECTOR('',#8962,1.);
#8962 = DIRECTION('',(0.,-1.));
#8963 = ( GEOMETRIC_REPRESENTATION_CONTEXT(2) 
PARAMETRIC_REPRESENTATION_CONTEXT() REPRESENTATION_CONTEXT('2D SPACE',''
  ) );
#8964 = PCURVE('',#3743,#8965);
#8965 = DEFINITIONAL_REPRESENTATION('',(#8966),#8970);
#8966 = LINE('',#8967,#8968);
#8967 = CARTESIAN_POINT('',(0.41630859375,0.));
#8968 = VECTOR('',#8969,1.);
#8969 = DIRECTION('',(0.,-1.));
#8970 = ( GEOMETRIC_REPRESENTATION_CONTEXT(2) 
PARAMETRIC_REPRESENTATION_CONTEXT() REPRESENTATION_CONTEXT('2D SPACE',''
  ) );
#8971 = ORIENTED_EDGE('',*,*,#8972,.T.);
#8972 = EDGE_CURVE('',#8950,#8874,#8973,.T.);
#8973 = SURFACE_CURVE('',#8974,(#8978,#8985),.PCURVE_S1.);
#8974 = LINE('',#8975,#8976);
#8975 = CARTESIAN_POINT('',(45.069532954109,11.374727887165,6.4));
#8976 = VECTOR('',#8977,1.);
#8977 = DIRECTION('',(0.332820117735,0.942990333583,0.));
#8978 = PCURVE('',#3769,#8979);
#8979 = DEFINITIONAL_REPRESENTATION('',(#8980),#8984);
#8980 = LINE('',#8981,#8982);
#8981 = CARTESIAN_POINT('',(0.,-0.6));
#8982 = VECTOR('',#8983,1.);
#8983 = DIRECTION('',(1.,0.));
#8984 = ( GEOMETRIC_REPRESENTATION_CONTEXT(2) 
PARAMETRIC_REPRESENTATION_CONTEXT() REPRESENTATION_CONTEXT('2D SPACE',''
  ) );
#8985 = PCURVE('',#8912,#8986);
#8986 = DEFINITIONAL_REPRESENTATION('',(#8987),#8991);
#8987 = LINE('',#8988,#8989);
#8988 = CARTESIAN_POINT('',(1.074609375,0.));
#8989 = VECTOR('',#8990,1.);
#8990 = DIRECTION('',(0.,1.));
#8991 = ( GEOMETRIC_REPRESENTATION_CONTEXT(2) 
PARAMETRIC_REPRESENTATION_CONTEXT() REPRESENTATION_CONTEXT('2D SPACE',''
  ) );
#8992 = ORIENTED_EDGE('',*,*,#8873,.F.);
#8993 = ORIENTED_EDGE('',*,*,#3755,.F.);
#8994 = ADVANCED_FACE('',(#8995),#3603,.T.);
#8995 = FACE_BOUND('',#8996,.T.);
#8996 = EDGE_LOOP('',(#8997,#8998,#9021,#9042));
#8997 = ORIENTED_EDGE('',*,*,#8924,.T.);
#8998 = ORIENTED_EDGE('',*,*,#8999,.T.);
#8999 = EDGE_CURVE('',#8897,#9000,#9002,.T.);
#9000 = VERTEX_POINT('',#9001);
#9001 = CARTESIAN_POINT('',(45.063617596547,14.623738027713,6.4));
#9002 = SURFACE_CURVE('',#9003,(#9007,#9014),.PCURVE_S1.);
#9003 = LINE('',#9004,#9005);
#9004 = CARTESIAN_POINT('',(44.947585582845,14.294980655556,6.4));
#9005 = VECTOR('',#9006,1.);
#9006 = DIRECTION('',(0.332820117735,0.942990333583,0.));
#9007 = PCURVE('',#3603,#9008);
#9008 = DEFINITIONAL_REPRESENTATION('',(#9009),#9013);
#9009 = LINE('',#9010,#9011);
#9010 = CARTESIAN_POINT('',(0.,-0.6));
#9011 = VECTOR('',#9012,1.);
#9012 = DIRECTION('',(1.,0.));
#9013 = ( GEOMETRIC_REPRESENTATION_CONTEXT(2) 
PARAMETRIC_REPRESENTATION_CONTEXT() REPRESENTATION_CONTEXT('2D SPACE',''
  ) );
#9014 = PCURVE('',#8912,#9015);
#9015 = DEFINITIONAL_REPRESENTATION('',(#9016),#9020);
#9016 = LINE('',#9017,#9018);
#9017 = CARTESIAN_POINT('',(-1.23046875E-02,2.71318359375));
#9018 = VECTOR('',#9019,1.);
#9019 = DIRECTION('',(0.,1.));
#9020 = ( GEOMETRIC_REPRESENTATION_CONTEXT(2) 
PARAMETRIC_REPRESENTATION_CONTEXT() REPRESENTATION_CONTEXT('2D SPACE',''
  ) );
#9021 = ORIENTED_EDGE('',*,*,#9022,.F.);
#9022 = EDGE_CURVE('',#3588,#9000,#9023,.T.);
#9023 = SURFACE_CURVE('',#9024,(#9028,#9035),.PCURVE_S1.);
#9024 = LINE('',#9025,#9026);
#9025 = CARTESIAN_POINT('',(45.063617596547,14.623738027713,7.));
#9026 = VECTOR('',#9027,1.);
#9027 = DIRECTION('',(-0.,-0.,-1.));
#9028 = PCURVE('',#3603,#9029);
#9029 = DEFINITIONAL_REPRESENTATION('',(#9030),#9034);
#9030 = LINE('',#9031,#9032);
#9031 = CARTESIAN_POINT('',(0.3486328125,0.));
#9032 = VECTOR('',#9033,1.);
#9033 = DIRECTION('',(0.,-1.));
#9034 = ( GEOMETRIC_REPRESENTATION_CONTEXT(2) 
PARAMETRIC_REPRESENTATION_CONTEXT() REPRESENTATION_CONTEXT('2D SPACE',''
  ) );
#9035 = PCURVE('',#3631,#9036);
#9036 = DEFINITIONAL_REPRESENTATION('',(#9037),#9041);
#9037 = LINE('',#9038,#9039);
#9038 = CARTESIAN_POINT('',(0.,0.));
#9039 = VECTOR('',#9040,1.);
#9040 = DIRECTION('',(0.,-1.));
#9041 = ( GEOMETRIC_REPRESENTATION_CONTEXT(2) 
PARAMETRIC_REPRESENTATION_CONTEXT() REPRESENTATION_CONTEXT('2D SPACE',''
  ) );
#9042 = ORIENTED_EDGE('',*,*,#3587,.F.);
#9043 = ADVANCED_FACE('',(#9044),#3743,.T.);
#9044 = FACE_BOUND('',#9045,.T.);
#9045 = EDGE_LOOP('',(#9046,#9069,#9090,#9091));
#9046 = ORIENTED_EDGE('',*,*,#9047,.T.);
#9047 = EDGE_CURVE('',#3700,#9048,#9050,.T.);
#9048 = VERTEX_POINT('',#9049);
#9049 = CARTESIAN_POINT('',(45.462107933802,11.236172011979,6.4));
#9050 = SURFACE_CURVE('',#9051,(#9055,#9062),.PCURVE_S1.);
#9051 = LINE('',#9052,#9053);
#9052 = CARTESIAN_POINT('',(45.462107933802,11.236172011979,7.));
#9053 = VECTOR('',#9054,1.);
#9054 = DIRECTION('',(-0.,-0.,-1.));
#9055 = PCURVE('',#3743,#9056);
#9056 = DEFINITIONAL_REPRESENTATION('',(#9057),#9061);
#9057 = LINE('',#9058,#9059);
#9058 = CARTESIAN_POINT('',(0.,0.));
#9059 = VECTOR('',#9060,1.);
#9060 = DIRECTION('',(0.,-1.));
#9061 = ( GEOMETRIC_REPRESENTATION_CONTEXT(2) 
PARAMETRIC_REPRESENTATION_CONTEXT() REPRESENTATION_CONTEXT('2D SPACE',''
  ) );
#9062 = PCURVE('',#3715,#9063);
#9063 = DEFINITIONAL_REPRESENTATION('',(#9064),#9068);
#9064 = LINE('',#9065,#9066);
#9065 = CARTESIAN_POINT('',(2.71318359375,0.));
#9066 = VECTOR('',#9067,1.);
#9067 = DIRECTION('',(0.,-1.));
#9068 = ( GEOMETRIC_REPRESENTATION_CONTEXT(2) 
PARAMETRIC_REPRESENTATION_CONTEXT() REPRESENTATION_CONTEXT('2D SPACE',''
  ) );
#9069 = ORIENTED_EDGE('',*,*,#9070,.T.);
#9070 = EDGE_CURVE('',#9048,#8950,#9071,.T.);
#9071 = SURFACE_CURVE('',#9072,(#9076,#9083),.PCURVE_S1.);
#9072 = LINE('',#9073,#9074);
#9073 = CARTESIAN_POINT('',(45.462107933802,11.236172011979,6.4));
#9074 = VECTOR('',#9075,1.);
#9075 = DIRECTION('',(-0.942990333583,0.332820117735,0.));
#9076 = PCURVE('',#3743,#9077);
#9077 = DEFINITIONAL_REPRESENTATION('',(#9078),#9082);
#9078 = LINE('',#9079,#9080);
#9079 = CARTESIAN_POINT('',(0.,-0.6));
#9080 = VECTOR('',#9081,1.);
#9081 = DIRECTION('',(1.,0.));
#9082 = ( GEOMETRIC_REPRESENTATION_CONTEXT(2) 
PARAMETRIC_REPRESENTATION_CONTEXT() REPRESENTATION_CONTEXT('2D SPACE',''
  ) );
#9083 = PCURVE('',#8912,#9084);
#9084 = DEFINITIONAL_REPRESENTATION('',(#9085),#9089);
#9085 = LINE('',#9086,#9087);
#9086 = CARTESIAN_POINT('',(1.49091796875,0.));
#9087 = VECTOR('',#9088,1.);
#9088 = DIRECTION('',(-1.,0.));
#9089 = ( GEOMETRIC_REPRESENTATION_CONTEXT(2) 
PARAMETRIC_REPRESENTATION_CONTEXT() REPRESENTATION_CONTEXT('2D SPACE',''
  ) );
#9090 = ORIENTED_EDGE('',*,*,#8949,.F.);
#9091 = ORIENTED_EDGE('',*,*,#3727,.F.);
#9092 = ADVANCED_FACE('',(#9093),#3631,.T.);
#9093 = FACE_BOUND('',#9094,.T.);
#9094 = EDGE_LOOP('',(#9095,#9096,#9119,#9140));
#9095 = ORIENTED_EDGE('',*,*,#9022,.T.);
#9096 = ORIENTED_EDGE('',*,*,#9097,.T.);
#9097 = EDGE_CURVE('',#9000,#9098,#9100,.T.);
#9098 = VERTEX_POINT('',#9099);
#9099 = CARTESIAN_POINT('',(47.506091484987,13.761688420029,6.4));
#9100 = SURFACE_CURVE('',#9101,(#9105,#9112),.PCURVE_S1.);
#9101 = LINE('',#9102,#9103);
#9102 = CARTESIAN_POINT('',(45.063617596547,14.623738027713,6.4));
#9103 = VECTOR('',#9104,1.);
#9104 = DIRECTION('',(0.942990333583,-0.332820117735,0.));
#9105 = PCURVE('',#3631,#9106);
#9106 = DEFINITIONAL_REPRESENTATION('',(#9107),#9111);
#9107 = LINE('',#9108,#9109);
#9108 = CARTESIAN_POINT('',(0.,-0.6));
#9109 = VECTOR('',#9110,1.);
#9110 = DIRECTION('',(1.,0.));
#9111 = ( GEOMETRIC_REPRESENTATION_CONTEXT(2) 
PARAMETRIC_REPRESENTATION_CONTEXT() REPRESENTATION_CONTEXT('2D SPACE',''
  ) );
#9112 = PCURVE('',#8912,#9113);
#9113 = DEFINITIONAL_REPRESENTATION('',(#9114),#9118);
#9114 = LINE('',#9115,#9116);
#9115 = CARTESIAN_POINT('',(-1.23046875E-02,3.06181640625));
#9116 = VECTOR('',#9117,1.);
#9117 = DIRECTION('',(1.,0.));
#9118 = ( GEOMETRIC_REPRESENTATION_CONTEXT(2) 
PARAMETRIC_REPRESENTATION_CONTEXT() REPRESENTATION_CONTEXT('2D SPACE',''
  ) );
#9119 = ORIENTED_EDGE('',*,*,#9120,.F.);
#9120 = EDGE_CURVE('',#3616,#9098,#9121,.T.);
#9121 = SURFACE_CURVE('',#9122,(#9126,#9133),.PCURVE_S1.);
#9122 = LINE('',#9123,#9124);
#9123 = CARTESIAN_POINT('',(47.506091484987,13.761688420029,7.));
#9124 = VECTOR('',#9125,1.);
#9125 = DIRECTION('',(-0.,-0.,-1.));
#9126 = PCURVE('',#3631,#9127);
#9127 = DEFINITIONAL_REPRESENTATION('',(#9128),#9132);
#9128 = LINE('',#9129,#9130);
#9129 = CARTESIAN_POINT('',(2.59013671875,0.));
#9130 = VECTOR('',#9131,1.);
#9131 = DIRECTION('',(0.,-1.));
#9132 = ( GEOMETRIC_REPRESENTATION_CONTEXT(2) 
PARAMETRIC_REPRESENTATION_CONTEXT() REPRESENTATION_CONTEXT('2D SPACE',''
  ) );
#9133 = PCURVE('',#3659,#9134);
#9134 = DEFINITIONAL_REPRESENTATION('',(#9135),#9139);
#9135 = LINE('',#9136,#9137);
#9136 = CARTESIAN_POINT('',(0.,0.));
#9137 = VECTOR('',#9138,1.);
#9138 = DIRECTION('',(0.,-1.));
#9139 = ( GEOMETRIC_REPRESENTATION_CONTEXT(2) 
PARAMETRIC_REPRESENTATION_CONTEXT() REPRESENTATION_CONTEXT('2D SPACE',''
  ) );
#9140 = ORIENTED_EDGE('',*,*,#3615,.F.);
#9141 = ADVANCED_FACE('',(#9142),#3715,.T.);
#9142 = FACE_BOUND('',#9143,.T.);
#9143 = EDGE_LOOP('',(#9144,#9167,#9188,#9189));
#9144 = ORIENTED_EDGE('',*,*,#9145,.T.);
#9145 = EDGE_CURVE('',#3672,#9146,#9148,.T.);
#9146 = VERTEX_POINT('',#9147);
#9147 = CARTESIAN_POINT('',(46.365110016911,13.794677914121,6.4));
#9148 = SURFACE_CURVE('',#9149,(#9153,#9160),.PCURVE_S1.);
#9149 = LINE('',#9150,#9151);
#9150 = CARTESIAN_POINT('',(46.365110016911,13.794677914121,7.));
#9151 = VECTOR('',#9152,1.);
#9152 = DIRECTION('',(-0.,-0.,-1.));
#9153 = PCURVE('',#3715,#9154);
#9154 = DEFINITIONAL_REPRESENTATION('',(#9155),#9159);
#9155 = LINE('',#9156,#9157);
#9156 = CARTESIAN_POINT('',(0.,0.));
#9157 = VECTOR('',#9158,1.);
#9158 = DIRECTION('',(0.,-1.));
#9159 = ( GEOMETRIC_REPRESENTATION_CONTEXT(2) 
PARAMETRIC_REPRESENTATION_CONTEXT() REPRESENTATION_CONTEXT('2D SPACE',''
  ) );
#9160 = PCURVE('',#3687,#9161);
#9161 = DEFINITIONAL_REPRESENTATION('',(#9162),#9166);
#9162 = LINE('',#9163,#9164);
#9163 = CARTESIAN_POINT('',(1.0869140625,0.));
#9164 = VECTOR('',#9165,1.);
#9165 = DIRECTION('',(0.,-1.));
#9166 = ( GEOMETRIC_REPRESENTATION_CONTEXT(2) 
PARAMETRIC_REPRESENTATION_CONTEXT() REPRESENTATION_CONTEXT('2D SPACE',''
  ) );
#9167 = ORIENTED_EDGE('',*,*,#9168,.T.);
#9168 = EDGE_CURVE('',#9146,#9048,#9169,.T.);
#9169 = SURFACE_CURVE('',#9170,(#9174,#9181),.PCURVE_S1.);
#9170 = LINE('',#9171,#9172);
#9171 = CARTESIAN_POINT('',(46.365110016911,13.794677914121,6.4));
#9172 = VECTOR('',#9173,1.);
#9173 = DIRECTION('',(-0.332820117735,-0.942990333583,0.));
#9174 = PCURVE('',#3715,#9175);
#9175 = DEFINITIONAL_REPRESENTATION('',(#9176),#9180);
#9176 = LINE('',#9177,#9178);
#9177 = CARTESIAN_POINT('',(-0.,-0.6));
#9178 = VECTOR('',#9179,1.);
#9179 = DIRECTION('',(1.,0.));
#9180 = ( GEOMETRIC_REPRESENTATION_CONTEXT(2) 
PARAMETRIC_REPRESENTATION_CONTEXT() REPRESENTATION_CONTEXT('2D SPACE',''
  ) );
#9181 = PCURVE('',#8912,#9182);
#9182 = DEFINITIONAL_REPRESENTATION('',(#9183),#9187);
#9183 = LINE('',#9184,#9185);
#9184 = CARTESIAN_POINT('',(1.49091796875,2.71318359375));
#9185 = VECTOR('',#9186,1.);
#9186 = DIRECTION('',(0.,-1.));
#9187 = ( GEOMETRIC_REPRESENTATION_CONTEXT(2) 
PARAMETRIC_REPRESENTATION_CONTEXT() REPRESENTATION_CONTEXT('2D SPACE',''
  ) );
#9188 = ORIENTED_EDGE('',*,*,#9047,.F.);
#9189 = ORIENTED_EDGE('',*,*,#3699,.F.);
#9190 = ADVANCED_FACE('',(#9191),#3659,.T.);
#9191 = FACE_BOUND('',#9192,.T.);
#9192 = EDGE_LOOP('',(#9193,#9194,#9217,#9238));
#9193 = ORIENTED_EDGE('',*,*,#9120,.T.);
#9194 = ORIENTED_EDGE('',*,*,#9195,.T.);
#9195 = EDGE_CURVE('',#9098,#9196,#9198,.T.);
#9196 = VERTEX_POINT('',#9197);
#9197 = CARTESIAN_POINT('',(47.390059471284,13.432931047872,6.4));
#9198 = SURFACE_CURVE('',#9199,(#9203,#9210),.PCURVE_S1.);
#9199 = LINE('',#9200,#9201);
#9200 = CARTESIAN_POINT('',(47.506091484987,13.761688420029,6.4));
#9201 = VECTOR('',#9202,1.);
#9202 = DIRECTION('',(-0.332820117735,-0.942990333583,0.));
#9203 = PCURVE('',#3659,#9204);
#9204 = DEFINITIONAL_REPRESENTATION('',(#9205),#9209);
#9205 = LINE('',#9206,#9207);
#9206 = CARTESIAN_POINT('',(-0.,-0.6));
#9207 = VECTOR('',#9208,1.);
#9208 = DIRECTION('',(1.,0.));
#9209 = ( GEOMETRIC_REPRESENTATION_CONTEXT(2) 
PARAMETRIC_REPRESENTATION_CONTEXT() REPRESENTATION_CONTEXT('2D SPACE',''
  ) );
#9210 = PCURVE('',#8912,#9211);
#9211 = DEFINITIONAL_REPRESENTATION('',(#9212),#9216);
#9212 = LINE('',#9213,#9214);
#9213 = CARTESIAN_POINT('',(2.57783203125,3.06181640625));
#9214 = VECTOR('',#9215,1.);
#9215 = DIRECTION('',(0.,-1.));
#9216 = ( GEOMETRIC_REPRESENTATION_CONTEXT(2) 
PARAMETRIC_REPRESENTATION_CONTEXT() REPRESENTATION_CONTEXT('2D SPACE',''
  ) );
#9217 = ORIENTED_EDGE('',*,*,#9218,.F.);
#9218 = EDGE_CURVE('',#3644,#9196,#9219,.T.);
#9219 = SURFACE_CURVE('',#9220,(#9224,#9231),.PCURVE_S1.);
#9220 = LINE('',#9221,#9222);
#9221 = CARTESIAN_POINT('',(47.390059471284,13.432931047872,7.));
#9222 = VECTOR('',#9223,1.);
#9223 = DIRECTION('',(-0.,-0.,-1.));
#9224 = PCURVE('',#3659,#9225);
#9225 = DEFINITIONAL_REPRESENTATION('',(#9226),#9230);
#9226 = LINE('',#9227,#9228);
#9227 = CARTESIAN_POINT('',(0.3486328125,0.));
#9228 = VECTOR('',#9229,1.);
#9229 = DIRECTION('',(0.,-1.));
#9230 = ( GEOMETRIC_REPRESENTATION_CONTEXT(2) 
PARAMETRIC_REPRESENTATION_CONTEXT() REPRESENTATION_CONTEXT('2D SPACE',''
  ) );
#9231 = PCURVE('',#3687,#9232);
#9232 = DEFINITIONAL_REPRESENTATION('',(#9233),#9237);
#9233 = LINE('',#9234,#9235);
#9234 = CARTESIAN_POINT('',(0.,0.));
#9235 = VECTOR('',#9236,1.);
#9236 = DIRECTION('',(0.,-1.));
#9237 = ( GEOMETRIC_REPRESENTATION_CONTEXT(2) 
PARAMETRIC_REPRESENTATION_CONTEXT() REPRESENTATION_CONTEXT('2D SPACE',''
  ) );
#9238 = ORIENTED_EDGE('',*,*,#3643,.F.);
#9239 = ADVANCED_FACE('',(#9240),#3687,.T.);
#9240 = FACE_BOUND('',#9241,.T.);
#9241 = EDGE_LOOP('',(#9242,#9243,#9264,#9265));
#9242 = ORIENTED_EDGE('',*,*,#9218,.T.);
#9243 = ORIENTED_EDGE('',*,*,#9244,.T.);
#9244 = EDGE_CURVE('',#9196,#9146,#9245,.T.);
#9245 = SURFACE_CURVE('',#9246,(#9250,#9257),.PCURVE_S1.);
#9246 = LINE('',#9247,#9248);
#9247 = CARTESIAN_POINT('',(47.390059471284,13.432931047872,6.4));
#9248 = VECTOR('',#9249,1.);
#9249 = DIRECTION('',(-0.942990333583,0.332820117735,0.));
#9250 = PCURVE('',#3687,#9251);
#9251 = DEFINITIONAL_REPRESENTATION('',(#9252),#9256);
#9252 = LINE('',#9253,#9254);
#9253 = CARTESIAN_POINT('',(0.,-0.6));
#9254 = VECTOR('',#9255,1.);
#9255 = DIRECTION('',(1.,0.));
#9256 = ( GEOMETRIC_REPRESENTATION_CONTEXT(2) 
PARAMETRIC_REPRESENTATION_CONTEXT() REPRESENTATION_CONTEXT('2D SPACE',''
  ) );
#9257 = PCURVE('',#8912,#9258);
#9258 = DEFINITIONAL_REPRESENTATION('',(#9259),#9263);
#9259 = LINE('',#9260,#9261);
#9260 = CARTESIAN_POINT('',(2.57783203125,2.71318359375));
#9261 = VECTOR('',#9262,1.);
#9262 = DIRECTION('',(-1.,0.));
#9263 = ( GEOMETRIC_REPRESENTATION_CONTEXT(2) 
PARAMETRIC_REPRESENTATION_CONTEXT() REPRESENTATION_CONTEXT('2D SPACE',''
  ) );
#9264 = ORIENTED_EDGE('',*,*,#9145,.F.);
#9265 = ORIENTED_EDGE('',*,*,#3671,.F.);
#9266 = ADVANCED_FACE('',(#9267),#3801,.T.);
#9267 = FACE_BOUND('',#9268,.T.);
#9268 = EDGE_LOOP('',(#9269,#9292,#9320,#9341));
#9269 = ORIENTED_EDGE('',*,*,#9270,.T.);
#9270 = EDGE_CURVE('',#3784,#9271,#9273,.T.);
#9271 = VERTEX_POINT('',#9272);
#9272 = CARTESIAN_POINT('',(48.51374989418,10.159121908316,6.4));
#9273 = SURFACE_CURVE('',#9274,(#9278,#9285),.PCURVE_S1.);
#9274 = LINE('',#9275,#9276);
#9275 = CARTESIAN_POINT('',(48.51374989418,10.159121908316,7.));
#9276 = VECTOR('',#9277,1.);
#9277 = DIRECTION('',(-0.,-0.,-1.));
#9278 = PCURVE('',#3801,#9279);
#9279 = DEFINITIONAL_REPRESENTATION('',(#9280),#9284);
#9280 = LINE('',#9281,#9282);
#9281 = CARTESIAN_POINT('',(0.,0.));
#9282 = VECTOR('',#9283,1.);
#9283 = DIRECTION('',(0.,-1.));
#9284 = ( GEOMETRIC_REPRESENTATION_CONTEXT(2) 
PARAMETRIC_REPRESENTATION_CONTEXT() REPRESENTATION_CONTEXT('2D SPACE',''
  ) );
#9285 = PCURVE('',#4051,#9286);
#9286 = DEFINITIONAL_REPRESENTATION('',(#9287),#9291);
#9287 = LINE('',#9288,#9289);
#9288 = CARTESIAN_POINT('',(1.46220703125,0.));
#9289 = VECTOR('',#9290,1.);
#9290 = DIRECTION('',(0.,-1.));
#9291 = ( GEOMETRIC_REPRESENTATION_CONTEXT(2) 
PARAMETRIC_REPRESENTATION_CONTEXT() REPRESENTATION_CONTEXT('2D SPACE',''
  ) );
#9292 = ORIENTED_EDGE('',*,*,#9293,.T.);
#9293 = EDGE_CURVE('',#9271,#9294,#9296,.T.);
#9294 = VERTEX_POINT('',#9295);
#9295 = CARTESIAN_POINT('',(48.123108781382,10.296995242245,6.4));
#9296 = SURFACE_CURVE('',#9297,(#9301,#9308),.PCURVE_S1.);
#9297 = LINE('',#9298,#9299);
#9298 = CARTESIAN_POINT('',(48.51374989418,10.159121908316,6.4));
#9299 = VECTOR('',#9300,1.);
#9300 = DIRECTION('',(-0.942990333583,0.332820117735,0.));
#9301 = PCURVE('',#3801,#9302);
#9302 = DEFINITIONAL_REPRESENTATION('',(#9303),#9307);
#9303 = LINE('',#9304,#9305);
#9304 = CARTESIAN_POINT('',(0.,-0.6));
#9305 = VECTOR('',#9306,1.);
#9306 = DIRECTION('',(1.,0.));
#9307 = ( GEOMETRIC_REPRESENTATION_CONTEXT(2) 
PARAMETRIC_REPRESENTATION_CONTEXT() REPRESENTATION_CONTEXT('2D SPACE',''
  ) );
#9308 = PCURVE('',#9309,#9314);
#9309 = PLANE('',#9310);
#9310 = AXIS2_PLACEMENT_3D('',#9311,#9312,#9313);
#9311 = CARTESIAN_POINT('',(47.734401535478,10.434186034917,6.4));
#9312 = DIRECTION('',(0.,0.,1.));
#9313 = DIRECTION('',(0.942990333583,-0.332820117735,0.));
#9314 = DEFINITIONAL_REPRESENTATION('',(#9315),#9319);
#9315 = LINE('',#9316,#9317);
#9316 = CARTESIAN_POINT('',(0.82646484375,0.));
#9317 = VECTOR('',#9318,1.);
#9318 = DIRECTION('',(-1.,0.));
#9319 = ( GEOMETRIC_REPRESENTATION_CONTEXT(2) 
PARAMETRIC_REPRESENTATION_CONTEXT() REPRESENTATION_CONTEXT('2D SPACE',''
  ) );
#9320 = ORIENTED_EDGE('',*,*,#9321,.F.);
#9321 = EDGE_CURVE('',#3786,#9294,#9322,.T.);
#9322 = SURFACE_CURVE('',#9323,(#9327,#9334),.PCURVE_S1.);
#9323 = LINE('',#9324,#9325);
#9324 = CARTESIAN_POINT('',(48.123108781382,10.296995242245,7.));
#9325 = VECTOR('',#9326,1.);
#9326 = DIRECTION('',(-0.,-0.,-1.));
#9327 = PCURVE('',#3801,#9328);
#9328 = DEFINITIONAL_REPRESENTATION('',(#9329),#9333);
#9329 = LINE('',#9330,#9331);
#9330 = CARTESIAN_POINT('',(0.4142578125,0.));
#9331 = VECTOR('',#9332,1.);
#9332 = DIRECTION('',(0.,-1.));
#9333 = ( GEOMETRIC_REPRESENTATION_CONTEXT(2) 
PARAMETRIC_REPRESENTATION_CONTEXT() REPRESENTATION_CONTEXT('2D SPACE',''
  ) );
#9334 = PCURVE('',#3829,#9335);
#9335 = DEFINITIONAL_REPRESENTATION('',(#9336),#9340);
#9336 = LINE('',#9337,#9338);
#9337 = CARTESIAN_POINT('',(0.,0.));
#9338 = VECTOR('',#9339,1.);
#9339 = DIRECTION('',(0.,-1.));
#9340 = ( GEOMETRIC_REPRESENTATION_CONTEXT(2) 
PARAMETRIC_REPRESENTATION_CONTEXT() REPRESENTATION_CONTEXT('2D SPACE',''
  ) );
#9341 = ORIENTED_EDGE('',*,*,#3783,.F.);
#9342 = ADVANCED_FACE('',(#9343),#4051,.T.);
#9343 = FACE_BOUND('',#9344,.T.);
#9344 = EDGE_LOOP('',(#9345,#9368,#9389,#9390));
#9345 = ORIENTED_EDGE('',*,*,#9346,.T.);
#9346 = EDGE_CURVE('',#4010,#9347,#9349,.T.);
#9347 = VERTEX_POINT('',#9348);
#9348 = CARTESIAN_POINT('',(49.000401810474,11.537969004482,6.4));
#9349 = SURFACE_CURVE('',#9350,(#9354,#9361),.PCURVE_S1.);
#9350 = LINE('',#9351,#9352);
#9351 = CARTESIAN_POINT('',(49.000401810474,11.537969004482,7.));
#9352 = VECTOR('',#9353,1.);
#9353 = DIRECTION('',(-0.,-0.,-1.));
#9354 = PCURVE('',#4051,#9355);
#9355 = DEFINITIONAL_REPRESENTATION('',(#9356),#9360);
#9356 = LINE('',#9357,#9358);
#9357 = CARTESIAN_POINT('',(0.,0.));
#9358 = VECTOR('',#9359,1.);
#9359 = DIRECTION('',(0.,-1.));
#9360 = ( GEOMETRIC_REPRESENTATION_CONTEXT(2) 
PARAMETRIC_REPRESENTATION_CONTEXT() REPRESENTATION_CONTEXT('2D SPACE',''
  ) );
#9361 = PCURVE('',#4025,#9362);
#9362 = DEFINITIONAL_REPRESENTATION('',(#9363),#9367);
#9363 = LINE('',#9364,#9365);
#9364 = CARTESIAN_POINT('',(1.2140625,0.));
#9365 = VECTOR('',#9366,1.);
#9366 = DIRECTION('',(0.,-1.));
#9367 = ( GEOMETRIC_REPRESENTATION_CONTEXT(2) 
PARAMETRIC_REPRESENTATION_CONTEXT() REPRESENTATION_CONTEXT('2D SPACE',''
  ) );
#9368 = ORIENTED_EDGE('',*,*,#9369,.T.);
#9369 = EDGE_CURVE('',#9347,#9271,#9370,.T.);
#9370 = SURFACE_CURVE('',#9371,(#9375,#9382),.PCURVE_S1.);
#9371 = LINE('',#9372,#9373);
#9372 = CARTESIAN_POINT('',(49.000401810474,11.537969004482,6.4));
#9373 = VECTOR('',#9374,1.);
#9374 = DIRECTION('',(-0.332820117735,-0.942990333583,0.));
#9375 = PCURVE('',#4051,#9376);
#9376 = DEFINITIONAL_REPRESENTATION('',(#9377),#9381);
#9377 = LINE('',#9378,#9379);
#9378 = CARTESIAN_POINT('',(-0.,-0.6));
#9379 = VECTOR('',#9380,1.);
#9380 = DIRECTION('',(1.,0.));
#9381 = ( GEOMETRIC_REPRESENTATION_CONTEXT(2) 
PARAMETRIC_REPRESENTATION_CONTEXT() REPRESENTATION_CONTEXT('2D SPACE',''
  ) );
#9382 = PCURVE('',#9309,#9383);
#9383 = DEFINITIONAL_REPRESENTATION('',(#9384),#9388);
#9384 = LINE('',#9385,#9386);
#9385 = CARTESIAN_POINT('',(0.82646484375,1.46220703125));
#9386 = VECTOR('',#9387,1.);
#9387 = DIRECTION('',(0.,-1.));
#9388 = ( GEOMETRIC_REPRESENTATION_CONTEXT(2) 
PARAMETRIC_REPRESENTATION_CONTEXT() REPRESENTATION_CONTEXT('2D SPACE',''
  ) );
#9389 = ORIENTED_EDGE('',*,*,#9270,.F.);
#9390 = ORIENTED_EDGE('',*,*,#4037,.F.);
#9391 = ADVANCED_FACE('',(#9392),#3829,.T.);
#9392 = FACE_BOUND('',#9393,.T.);
#9393 = EDGE_LOOP('',(#9394,#9395,#9418,#9439));
#9394 = ORIENTED_EDGE('',*,*,#9321,.T.);
#9395 = ORIENTED_EDGE('',*,*,#9396,.T.);
#9396 = EDGE_CURVE('',#9294,#9397,#9399,.T.);
#9397 = VERTEX_POINT('',#9398);
#9398 = CARTESIAN_POINT('',(49.142142878193,13.184258516544,6.4));
#9399 = SURFACE_CURVE('',#9400,(#9404,#9411),.PCURVE_S1.);
#9400 = LINE('',#9401,#9402);
#9401 = CARTESIAN_POINT('',(48.123108781382,10.296995242245,6.4));
#9402 = VECTOR('',#9403,1.);
#9403 = DIRECTION('',(0.332820117735,0.942990333583,0.));
#9404 = PCURVE('',#3829,#9405);
#9405 = DEFINITIONAL_REPRESENTATION('',(#9406),#9410);
#9406 = LINE('',#9407,#9408);
#9407 = CARTESIAN_POINT('',(0.,-0.6));
#9408 = VECTOR('',#9409,1.);
#9409 = DIRECTION('',(1.,0.));
#9410 = ( GEOMETRIC_REPRESENTATION_CONTEXT(2) 
PARAMETRIC_REPRESENTATION_CONTEXT() REPRESENTATION_CONTEXT('2D SPACE',''
  ) );
#9411 = PCURVE('',#9309,#9412);
#9412 = DEFINITIONAL_REPRESENTATION('',(#9413),#9417);
#9413 = LINE('',#9414,#9415);
#9414 = CARTESIAN_POINT('',(0.41220703125,0.));
#9415 = VECTOR('',#9416,1.);
#9416 = DIRECTION('',(0.,1.));
#9417 = ( GEOMETRIC_REPRESENTATION_CONTEXT(2) 
PARAMETRIC_REPRESENTATION_CONTEXT() REPRESENTATION_CONTEXT('2D SPACE',''
  ) );
#9418 = ORIENTED_EDGE('',*,*,#9419,.F.);
#9419 = EDGE_CURVE('',#3814,#9397,#9420,.T.);
#9420 = SURFACE_CURVE('',#9421,(#9425,#9432),.PCURVE_S1.);
#9421 = LINE('',#9422,#9423);
#9422 = CARTESIAN_POINT('',(49.142142878193,13.184258516544,7.));
#9423 = VECTOR('',#9424,1.);
#9424 = DIRECTION('',(-0.,-0.,-1.));
#9425 = PCURVE('',#3829,#9426);
#9426 = DEFINITIONAL_REPRESENTATION('',(#9427),#9431);
#9427 = LINE('',#9428,#9429);
#9428 = CARTESIAN_POINT('',(3.06181640625,0.));
#9429 = VECTOR('',#9430,1.);
#9430 = DIRECTION('',(0.,-1.));
#9431 = ( GEOMETRIC_REPRESENTATION_CONTEXT(2) 
PARAMETRIC_REPRESENTATION_CONTEXT() REPRESENTATION_CONTEXT('2D SPACE',''
  ) );
#9432 = PCURVE('',#3857,#9433);
#9433 = DEFINITIONAL_REPRESENTATION('',(#9434),#9438);
#9434 = LINE('',#9435,#9436);
#9435 = CARTESIAN_POINT('',(0.,0.));
#9436 = VECTOR('',#9437,1.);
#9437 = DIRECTION('',(0.,-1.));
#9438 = ( GEOMETRIC_REPRESENTATION_CONTEXT(2) 
PARAMETRIC_REPRESENTATION_CONTEXT() REPRESENTATION_CONTEXT('2D SPACE',''
  ) );
#9439 = ORIENTED_EDGE('',*,*,#3813,.F.);
#9440 = ADVANCED_FACE('',(#9441),#4025,.T.);
#9441 = FACE_BOUND('',#9442,.T.);
#9442 = EDGE_LOOP('',(#9443,#9466,#9487,#9488));
#9443 = ORIENTED_EDGE('',*,*,#9444,.T.);
#9444 = EDGE_CURVE('',#3982,#9445,#9447,.T.);
#9445 = VERTEX_POINT('',#9446);
#9446 = CARTESIAN_POINT('',(50.145251012339,11.133904580294,6.4));
#9447 = SURFACE_CURVE('',#9448,(#9452,#9459),.PCURVE_S1.);
#9448 = LINE('',#9449,#9450);
#9449 = CARTESIAN_POINT('',(50.145251012339,11.133904580294,7.));
#9450 = VECTOR('',#9451,1.);
#9451 = DIRECTION('',(-0.,-0.,-1.));
#9452 = PCURVE('',#4025,#9453);
#9453 = DEFINITIONAL_REPRESENTATION('',(#9454),#9458);
#9454 = LINE('',#9455,#9456);
#9455 = CARTESIAN_POINT('',(0.,0.));
#9456 = VECTOR('',#9457,1.);
#9457 = DIRECTION('',(0.,-1.));
#9458 = ( GEOMETRIC_REPRESENTATION_CONTEXT(2) 
PARAMETRIC_REPRESENTATION_CONTEXT() REPRESENTATION_CONTEXT('2D SPACE',''
  ) );
#9459 = PCURVE('',#3997,#9460);
#9460 = DEFINITIONAL_REPRESENTATION('',(#9461),#9465);
#9461 = LINE('',#9462,#9463);
#9462 = CARTESIAN_POINT('',(0.3486328125,0.));
#9463 = VECTOR('',#9464,1.);
#9464 = DIRECTION('',(0.,-1.));
#9465 = ( GEOMETRIC_REPRESENTATION_CONTEXT(2) 
PARAMETRIC_REPRESENTATION_CONTEXT() REPRESENTATION_CONTEXT('2D SPACE',''
  ) );
#9466 = ORIENTED_EDGE('',*,*,#9467,.T.);
#9467 = EDGE_CURVE('',#9445,#9347,#9468,.T.);
#9468 = SURFACE_CURVE('',#9469,(#9473,#9480),.PCURVE_S1.);
#9469 = LINE('',#9470,#9471);
#9470 = CARTESIAN_POINT('',(50.145251012339,11.133904580294,6.4));
#9471 = VECTOR('',#9472,1.);
#9472 = DIRECTION('',(-0.942990333583,0.332820117735,0.));
#9473 = PCURVE('',#4025,#9474);
#9474 = DEFINITIONAL_REPRESENTATION('',(#9475),#9479);
#9475 = LINE('',#9476,#9477);
#9476 = CARTESIAN_POINT('',(0.,-0.6));
#9477 = VECTOR('',#9478,1.);
#9478 = DIRECTION('',(1.,0.));
#9479 = ( GEOMETRIC_REPRESENTATION_CONTEXT(2) 
PARAMETRIC_REPRESENTATION_CONTEXT() REPRESENTATION_CONTEXT('2D SPACE',''
  ) );
#9480 = PCURVE('',#9309,#9481);
#9481 = DEFINITIONAL_REPRESENTATION('',(#9482),#9486);
#9482 = LINE('',#9483,#9484);
#9483 = CARTESIAN_POINT('',(2.04052734375,1.46220703125));
#9484 = VECTOR('',#9485,1.);
#9485 = DIRECTION('',(-1.,0.));
#9486 = ( GEOMETRIC_REPRESENTATION_CONTEXT(2) 
PARAMETRIC_REPRESENTATION_CONTEXT() REPRESENTATION_CONTEXT('2D SPACE',''
  ) );
#9487 = ORIENTED_EDGE('',*,*,#9346,.F.);
#9488 = ORIENTED_EDGE('',*,*,#4009,.F.);
#9489 = ADVANCED_FACE('',(#9490),#3857,.T.);
#9490 = FACE_BOUND('',#9491,.T.);
#9491 = EDGE_LOOP('',(#9492,#9493,#9516,#9537));
#9492 = ORIENTED_EDGE('',*,*,#9419,.T.);
#9493 = ORIENTED_EDGE('',*,*,#9494,.T.);
#9494 = EDGE_CURVE('',#9397,#9495,#9497,.T.);
#9495 = VERTEX_POINT('',#9496);
#9496 = CARTESIAN_POINT('',(50.80140067414,12.598638117975,6.4));
#9497 = SURFACE_CURVE('',#9498,(#9502,#9509),.PCURVE_S1.);
#9498 = LINE('',#9499,#9500);
#9499 = CARTESIAN_POINT('',(49.142142878193,13.184258516544,6.4));
#9500 = VECTOR('',#9501,1.);
#9501 = DIRECTION('',(0.942990333583,-0.332820117735,0.));
#9502 = PCURVE('',#3857,#9503);
#9503 = DEFINITIONAL_REPRESENTATION('',(#9504),#9508);
#9504 = LINE('',#9505,#9506);
#9505 = CARTESIAN_POINT('',(0.,-0.6));
#9506 = VECTOR('',#9507,1.);
#9507 = DIRECTION('',(1.,0.));
#9508 = ( GEOMETRIC_REPRESENTATION_CONTEXT(2) 
PARAMETRIC_REPRESENTATION_CONTEXT() REPRESENTATION_CONTEXT('2D SPACE',''
  ) );
#9509 = PCURVE('',#9309,#9510);
#9510 = DEFINITIONAL_REPRESENTATION('',(#9511),#9515);
#9511 = LINE('',#9512,#9513);
#9512 = CARTESIAN_POINT('',(0.41220703125,3.06181640625));
#9513 = VECTOR('',#9514,1.);
#9514 = DIRECTION('',(1.,0.));
#9515 = ( GEOMETRIC_REPRESENTATION_CONTEXT(2) 
PARAMETRIC_REPRESENTATION_CONTEXT() REPRESENTATION_CONTEXT('2D SPACE',''
  ) );
#9516 = ORIENTED_EDGE('',*,*,#9517,.F.);
#9517 = EDGE_CURVE('',#3842,#9495,#9518,.T.);
#9518 = SURFACE_CURVE('',#9519,(#9523,#9530),.PCURVE_S1.);
#9519 = LINE('',#9520,#9521);
#9520 = CARTESIAN_POINT('',(50.80140067414,12.598638117975,7.));
#9521 = VECTOR('',#9522,1.);
#9522 = DIRECTION('',(-0.,-0.,-1.));
#9523 = PCURVE('',#3857,#9524);
#9524 = DEFINITIONAL_REPRESENTATION('',(#9525),#9529);
#9525 = LINE('',#9526,#9527);
#9526 = CARTESIAN_POINT('',(1.7595703125,0.));
#9527 = VECTOR('',#9528,1.);
#9528 = DIRECTION('',(0.,-1.));
#9529 = ( GEOMETRIC_REPRESENTATION_CONTEXT(2) 
PARAMETRIC_REPRESENTATION_CONTEXT() REPRESENTATION_CONTEXT('2D SPACE',''
  ) );
#9530 = PCURVE('',#3885,#9531);
#9531 = DEFINITIONAL_REPRESENTATION('',(#9532),#9536);
#9532 = LINE('',#9533,#9534);
#9533 = CARTESIAN_POINT('',(0.,0.));
#9534 = VECTOR('',#9535,1.);
#9535 = DIRECTION('',(0.,-1.));
#9536 = ( GEOMETRIC_REPRESENTATION_CONTEXT(2) 
PARAMETRIC_REPRESENTATION_CONTEXT() REPRESENTATION_CONTEXT('2D SPACE',''
  ) );
#9537 = ORIENTED_EDGE('',*,*,#3841,.F.);
#9538 = ADVANCED_FACE('',(#9539),#3997,.T.);
#9539 = FACE_BOUND('',#9540,.T.);
#9540 = EDGE_LOOP('',(#9541,#9564,#9585,#9586));
#9541 = ORIENTED_EDGE('',*,*,#9542,.T.);
#9542 = EDGE_CURVE('',#3954,#9543,#9545,.T.);
#9543 = VERTEX_POINT('',#9544);
#9544 = CARTESIAN_POINT('',(50.261283026042,11.462661952451,6.4));
#9545 = SURFACE_CURVE('',#9546,(#9550,#9557),.PCURVE_S1.);
#9546 = LINE('',#9547,#9548);
#9547 = CARTESIAN_POINT('',(50.261283026042,11.462661952451,7.));
#9548 = VECTOR('',#9549,1.);
#9549 = DIRECTION('',(-0.,-0.,-1.));
#9550 = PCURVE('',#3997,#9551);
#9551 = DEFINITIONAL_REPRESENTATION('',(#9552),#9556);
#9552 = LINE('',#9553,#9554);
#9553 = CARTESIAN_POINT('',(0.,0.));
#9554 = VECTOR('',#9555,1.);
#9555 = DIRECTION('',(0.,-1.));
#9556 = ( GEOMETRIC_REPRESENTATION_CONTEXT(2) 
PARAMETRIC_REPRESENTATION_CONTEXT() REPRESENTATION_CONTEXT('2D SPACE',''
  ) );
#9557 = PCURVE('',#3969,#9558);
#9558 = DEFINITIONAL_REPRESENTATION('',(#9559),#9563);
#9559 = LINE('',#9560,#9561);
#9560 = CARTESIAN_POINT('',(1.2140625,0.));
#9561 = VECTOR('',#9562,1.);
#9562 = DIRECTION('',(0.,-1.));
#9563 = ( GEOMETRIC_REPRESENTATION_CONTEXT(2) 
PARAMETRIC_REPRESENTATION_CONTEXT() REPRESENTATION_CONTEXT('2D SPACE',''
  ) );
#9564 = ORIENTED_EDGE('',*,*,#9565,.T.);
#9565 = EDGE_CURVE('',#9543,#9445,#9566,.T.);
#9566 = SURFACE_CURVE('',#9567,(#9571,#9578),.PCURVE_S1.);
#9567 = LINE('',#9568,#9569);
#9568 = CARTESIAN_POINT('',(50.261283026042,11.462661952451,6.4));
#9569 = VECTOR('',#9570,1.);
#9570 = DIRECTION('',(-0.332820117735,-0.942990333583,0.));
#9571 = PCURVE('',#3997,#9572);
#9572 = DEFINITIONAL_REPRESENTATION('',(#9573),#9577);
#9573 = LINE('',#9574,#9575);
#9574 = CARTESIAN_POINT('',(-0.,-0.6));
#9575 = VECTOR('',#9576,1.);
#9576 = DIRECTION('',(1.,0.));
#9577 = ( GEOMETRIC_REPRESENTATION_CONTEXT(2) 
PARAMETRIC_REPRESENTATION_CONTEXT() REPRESENTATION_CONTEXT('2D SPACE',''
  ) );
#9578 = PCURVE('',#9309,#9579);
#9579 = DEFINITIONAL_REPRESENTATION('',(#9580),#9584);
#9580 = LINE('',#9581,#9582);
#9581 = CARTESIAN_POINT('',(2.04052734375,1.81083984375));
#9582 = VECTOR('',#9583,1.);
#9583 = DIRECTION('',(0.,-1.));
#9584 = ( GEOMETRIC_REPRESENTATION_CONTEXT(2) 
PARAMETRIC_REPRESENTATION_CONTEXT() REPRESENTATION_CONTEXT('2D SPACE',''
  ) );
#9585 = ORIENTED_EDGE('',*,*,#9444,.F.);
#9586 = ORIENTED_EDGE('',*,*,#3981,.F.);
#9587 = ADVANCED_FACE('',(#9588),#3885,.T.);
#9588 = FACE_BOUND('',#9589,.T.);
#9589 = EDGE_LOOP('',(#9590,#9591,#9614,#9635));
#9590 = ORIENTED_EDGE('',*,*,#9517,.T.);
#9591 = ORIENTED_EDGE('',*,*,#9592,.T.);
#9592 = EDGE_CURVE('',#9495,#9593,#9595,.T.);
#9593 = VERTEX_POINT('',#9594);
#9594 = CARTESIAN_POINT('',(50.685368660437,12.269880745817,6.4));
#9595 = SURFACE_CURVE('',#9596,(#9600,#9607),.PCURVE_S1.);
#9596 = LINE('',#9597,#9598);
#9597 = CARTESIAN_POINT('',(50.80140067414,12.598638117975,6.4));
#9598 = VECTOR('',#9599,1.);
#9599 = DIRECTION('',(-0.332820117735,-0.942990333583,0.));
#9600 = PCURVE('',#3885,#9601);
#9601 = DEFINITIONAL_REPRESENTATION('',(#9602),#9606);
#9602 = LINE('',#9603,#9604);
#9603 = CARTESIAN_POINT('',(-0.,-0.6));
#9604 = VECTOR('',#9605,1.);
#9605 = DIRECTION('',(1.,0.));
#9606 = ( GEOMETRIC_REPRESENTATION_CONTEXT(2) 
PARAMETRIC_REPRESENTATION_CONTEXT() REPRESENTATION_CONTEXT('2D SPACE',''
  ) );
#9607 = PCURVE('',#9309,#9608);
#9608 = DEFINITIONAL_REPRESENTATION('',(#9609),#9613);
#9609 = LINE('',#9610,#9611);
#9610 = CARTESIAN_POINT('',(2.17177734375,3.06181640625));
#9611 = VECTOR('',#9612,1.);
#9612 = DIRECTION('',(0.,-1.));
#9613 = ( GEOMETRIC_REPRESENTATION_CONTEXT(2) 
PARAMETRIC_REPRESENTATION_CONTEXT() REPRESENTATION_CONTEXT('2D SPACE',''
  ) );
#9614 = ORIENTED_EDGE('',*,*,#9615,.F.);
#9615 = EDGE_CURVE('',#3870,#9593,#9616,.T.);
#9616 = SURFACE_CURVE('',#9617,(#9621,#9628),.PCURVE_S1.);
#9617 = LINE('',#9618,#9619);
#9618 = CARTESIAN_POINT('',(50.685368660437,12.269880745817,7.));
#9619 = VECTOR('',#9620,1.);
#9620 = DIRECTION('',(-0.,-0.,-1.));
#9621 = PCURVE('',#3885,#9622);
#9622 = DEFINITIONAL_REPRESENTATION('',(#9623),#9627);
#9623 = LINE('',#9624,#9625);
#9624 = CARTESIAN_POINT('',(0.3486328125,0.));
#9625 = VECTOR('',#9626,1.);
#9626 = DIRECTION('',(0.,-1.));
#9627 = ( GEOMETRIC_REPRESENTATION_CONTEXT(2) 
PARAMETRIC_REPRESENTATION_CONTEXT() REPRESENTATION_CONTEXT('2D SPACE',''
  ) );
#9628 = PCURVE('',#3913,#9629);
#9629 = DEFINITIONAL_REPRESENTATION('',(#9630),#9634);
#9630 = LINE('',#9631,#9632);
#9631 = CARTESIAN_POINT('',(0.,0.));
#9632 = VECTOR('',#9633,1.);
#9633 = DIRECTION('',(0.,-1.));
#9634 = ( GEOMETRIC_REPRESENTATION_CONTEXT(2) 
PARAMETRIC_REPRESENTATION_CONTEXT() REPRESENTATION_CONTEXT('2D SPACE',''
  ) );
#9635 = ORIENTED_EDGE('',*,*,#3869,.F.);
#9636 = ADVANCED_FACE('',(#9637),#3969,.T.);
#9637 = FACE_BOUND('',#9638,.T.);
#9638 = EDGE_LOOP('',(#9639,#9662,#9683,#9684));
#9639 = ORIENTED_EDGE('',*,*,#9640,.T.);
#9640 = EDGE_CURVE('',#3926,#9641,#9643,.T.);
#9641 = VERTEX_POINT('',#9642);
#9642 = CARTESIAN_POINT('',(49.116433824177,11.866726376639,6.4));
#9643 = SURFACE_CURVE('',#9644,(#9648,#9655),.PCURVE_S1.);
#9644 = LINE('',#9645,#9646);
#9645 = CARTESIAN_POINT('',(49.116433824177,11.866726376639,7.));
#9646 = VECTOR('',#9647,1.);
#9647 = DIRECTION('',(-0.,-0.,-1.));
#9648 = PCURVE('',#3969,#9649);
#9649 = DEFINITIONAL_REPRESENTATION('',(#9650),#9654);
#9650 = LINE('',#9651,#9652);
#9651 = CARTESIAN_POINT('',(0.,0.));
#9652 = VECTOR('',#9653,1.);
#9653 = DIRECTION('',(0.,-1.));
#9654 = ( GEOMETRIC_REPRESENTATION_CONTEXT(2) 
PARAMETRIC_REPRESENTATION_CONTEXT() REPRESENTATION_CONTEXT('2D SPACE',''
  ) );
#9655 = PCURVE('',#3941,#9656);
#9656 = DEFINITIONAL_REPRESENTATION('',(#9657),#9661);
#9657 = LINE('',#9658,#9659);
#9658 = CARTESIAN_POINT('',(0.90234375,0.));
#9659 = VECTOR('',#9660,1.);
#9660 = DIRECTION('',(0.,-1.));
#9661 = ( GEOMETRIC_REPRESENTATION_CONTEXT(2) 
PARAMETRIC_REPRESENTATION_CONTEXT() REPRESENTATION_CONTEXT('2D SPACE',''
  ) );
#9662 = ORIENTED_EDGE('',*,*,#9663,.T.);
#9663 = EDGE_CURVE('',#9641,#9543,#9664,.T.);
#9664 = SURFACE_CURVE('',#9665,(#9669,#9676),.PCURVE_S1.);
#9665 = LINE('',#9666,#9667);
#9666 = CARTESIAN_POINT('',(49.116433824177,11.866726376639,6.4));
#9667 = VECTOR('',#9668,1.);
#9668 = DIRECTION('',(0.942990333583,-0.332820117735,0.));
#9669 = PCURVE('',#3969,#9670);
#9670 = DEFINITIONAL_REPRESENTATION('',(#9671),#9675);
#9671 = LINE('',#9672,#9673);
#9672 = CARTESIAN_POINT('',(0.,-0.6));
#9673 = VECTOR('',#9674,1.);
#9674 = DIRECTION('',(1.,0.));
#9675 = ( GEOMETRIC_REPRESENTATION_CONTEXT(2) 
PARAMETRIC_REPRESENTATION_CONTEXT() REPRESENTATION_CONTEXT('2D SPACE',''
  ) );
#9676 = PCURVE('',#9309,#9677);
#9677 = DEFINITIONAL_REPRESENTATION('',(#9678),#9682);
#9678 = LINE('',#9679,#9680);
#9679 = CARTESIAN_POINT('',(0.82646484375,1.81083984375));
#9680 = VECTOR('',#9681,1.);
#9681 = DIRECTION('',(1.,0.));
#9682 = ( GEOMETRIC_REPRESENTATION_CONTEXT(2) 
PARAMETRIC_REPRESENTATION_CONTEXT() REPRESENTATION_CONTEXT('2D SPACE',''
  ) );
#9683 = ORIENTED_EDGE('',*,*,#9542,.F.);
#9684 = ORIENTED_EDGE('',*,*,#3953,.F.);
#9685 = ADVANCED_FACE('',(#9686),#3913,.T.);
#9686 = FACE_BOUND('',#9687,.T.);
#9687 = EDGE_LOOP('',(#9688,#9689,#9712,#9733));
#9688 = ORIENTED_EDGE('',*,*,#9615,.T.);
#9689 = ORIENTED_EDGE('',*,*,#9690,.T.);
#9690 = EDGE_CURVE('',#9593,#9691,#9693,.T.);
#9691 = VERTEX_POINT('',#9692);
#9692 = CARTESIAN_POINT('',(49.416751977289,12.717627810458,6.4));
#9693 = SURFACE_CURVE('',#9694,(#9698,#9705),.PCURVE_S1.);
#9694 = LINE('',#9695,#9696);
#9695 = CARTESIAN_POINT('',(50.685368660437,12.269880745817,6.4));
#9696 = VECTOR('',#9697,1.);
#9697 = DIRECTION('',(-0.942990333583,0.332820117735,0.));
#9698 = PCURVE('',#3913,#9699);
#9699 = DEFINITIONAL_REPRESENTATION('',(#9700),#9704);
#9700 = LINE('',#9701,#9702);
#9701 = CARTESIAN_POINT('',(0.,-0.6));
#9702 = VECTOR('',#9703,1.);
#9703 = DIRECTION('',(1.,0.));
#9704 = ( GEOMETRIC_REPRESENTATION_CONTEXT(2) 
PARAMETRIC_REPRESENTATION_CONTEXT() REPRESENTATION_CONTEXT('2D SPACE',''
  ) );
#9705 = PCURVE('',#9309,#9706);
#9706 = DEFINITIONAL_REPRESENTATION('',(#9707),#9711);
#9707 = LINE('',#9708,#9709);
#9708 = CARTESIAN_POINT('',(2.17177734375,2.71318359375));
#9709 = VECTOR('',#9710,1.);
#9710 = DIRECTION('',(-1.,0.));
#9711 = ( GEOMETRIC_REPRESENTATION_CONTEXT(2) 
PARAMETRIC_REPRESENTATION_CONTEXT() REPRESENTATION_CONTEXT('2D SPACE',''
  ) );
#9712 = ORIENTED_EDGE('',*,*,#9713,.F.);
#9713 = EDGE_CURVE('',#3898,#9691,#9714,.T.);
#9714 = SURFACE_CURVE('',#9715,(#9719,#9726),.PCURVE_S1.);
#9715 = LINE('',#9716,#9717);
#9716 = CARTESIAN_POINT('',(49.416751977289,12.717627810458,7.));
#9717 = VECTOR('',#9718,1.);
#9718 = DIRECTION('',(-0.,-0.,-1.));
#9719 = PCURVE('',#3913,#9720);
#9720 = DEFINITIONAL_REPRESENTATION('',(#9721),#9725);
#9721 = LINE('',#9722,#9723);
#9722 = CARTESIAN_POINT('',(1.3453125,0.));
#9723 = VECTOR('',#9724,1.);
#9724 = DIRECTION('',(0.,-1.));
#9725 = ( GEOMETRIC_REPRESENTATION_CONTEXT(2) 
PARAMETRIC_REPRESENTATION_CONTEXT() REPRESENTATION_CONTEXT('2D SPACE',''
  ) );
#9726 = PCURVE('',#3941,#9727);
#9727 = DEFINITIONAL_REPRESENTATION('',(#9728),#9732);
#9728 = LINE('',#9729,#9730);
#9729 = CARTESIAN_POINT('',(0.,0.));
#9730 = VECTOR('',#9731,1.);
#9731 = DIRECTION('',(0.,-1.));
#9732 = ( GEOMETRIC_REPRESENTATION_CONTEXT(2) 
PARAMETRIC_REPRESENTATION_CONTEXT() REPRESENTATION_CONTEXT('2D SPACE',''
  ) );
#9733 = ORIENTED_EDGE('',*,*,#3897,.F.);
#9734 = ADVANCED_FACE('',(#9735),#3941,.T.);
#9735 = FACE_BOUND('',#9736,.T.);
#9736 = EDGE_LOOP('',(#9737,#9738,#9759,#9760));
#9737 = ORIENTED_EDGE('',*,*,#9713,.T.);
#9738 = ORIENTED_EDGE('',*,*,#9739,.T.);
#9739 = EDGE_CURVE('',#9691,#9641,#9740,.T.);
#9740 = SURFACE_CURVE('',#9741,(#9745,#9752),.PCURVE_S1.);
#9741 = LINE('',#9742,#9743);
#9742 = CARTESIAN_POINT('',(49.416751977289,12.717627810458,6.4));
#9743 = VECTOR('',#9744,1.);
#9744 = DIRECTION('',(-0.332820117735,-0.942990333583,0.));
#9745 = PCURVE('',#3941,#9746);
#9746 = DEFINITIONAL_REPRESENTATION('',(#9747),#9751);
#9747 = LINE('',#9748,#9749);
#9748 = CARTESIAN_POINT('',(-0.,-0.6));
#9749 = VECTOR('',#9750,1.);
#9750 = DIRECTION('',(1.,0.));
#9751 = ( GEOMETRIC_REPRESENTATION_CONTEXT(2) 
PARAMETRIC_REPRESENTATION_CONTEXT() REPRESENTATION_CONTEXT('2D SPACE',''
  ) );
#9752 = PCURVE('',#9309,#9753);
#9753 = DEFINITIONAL_REPRESENTATION('',(#9754),#9758);
#9754 = LINE('',#9755,#9756);
#9755 = CARTESIAN_POINT('',(0.82646484375,2.71318359375));
#9756 = VECTOR('',#9757,1.);
#9757 = DIRECTION('',(0.,-1.));
#9758 = ( GEOMETRIC_REPRESENTATION_CONTEXT(2) 
PARAMETRIC_REPRESENTATION_CONTEXT() REPRESENTATION_CONTEXT('2D SPACE',''
  ) );
#9759 = ORIENTED_EDGE('',*,*,#9640,.F.);
#9760 = ORIENTED_EDGE('',*,*,#3925,.F.);
#9761 = ADVANCED_FACE('',(#9762),#4095,.F.);
#9762 = FACE_BOUND('',#9763,.F.);
#9763 = EDGE_LOOP('',(#9764,#9787,#9827,#9828));
#9764 = ORIENTED_EDGE('',*,*,#9765,.T.);
#9765 = EDGE_CURVE('',#4066,#9766,#9768,.T.);
#9766 = VERTEX_POINT('',#9767);
#9767 = CARTESIAN_POINT('',(52.610590032891,12.01881932009,6.4));
#9768 = SEAM_CURVE('',#9769,(#9773,#9780),.PCURVE_S1.);
#9769 = LINE('',#9770,#9771);
#9770 = CARTESIAN_POINT('',(52.610590032891,12.01881932009,7.));
#9771 = VECTOR('',#9772,1.);
#9772 = DIRECTION('',(-0.,-0.,-1.));
#9773 = PCURVE('',#4095,#9774);
#9774 = DEFINITIONAL_REPRESENTATION('',(#9775),#9779);
#9775 = LINE('',#9776,#9777);
#9776 = CARTESIAN_POINT('',(0.,0.));
#9777 = VECTOR('',#9778,1.);
#9778 = DIRECTION('',(0.,-1.));
#9779 = ( GEOMETRIC_REPRESENTATION_CONTEXT(2) 
PARAMETRIC_REPRESENTATION_CONTEXT() REPRESENTATION_CONTEXT('2D SPACE',''
  ) );
#9780 = PCURVE('',#4095,#9781);
#9781 = DEFINITIONAL_REPRESENTATION('',(#9782),#9786);
#9782 = LINE('',#9783,#9784);
#9783 = CARTESIAN_POINT('',(7.992949323261,0.));
#9784 = VECTOR('',#9785,1.);
#9785 = DIRECTION('',(0.,-1.));
#9786 = ( GEOMETRIC_REPRESENTATION_CONTEXT(2) 
PARAMETRIC_REPRESENTATION_CONTEXT() REPRESENTATION_CONTEXT('2D SPACE',''
  ) );
#9787 = ORIENTED_EDGE('',*,*,#9788,.T.);
#9788 = EDGE_CURVE('',#9766,#9766,#9789,.T.);
#9789 = SURFACE_CURVE('',#9790,(#9801,#9808),.PCURVE_S1.);
#9790 = B_SPLINE_CURVE_WITH_KNOTS('',2,(#9791,#9792,#9793,#9794,#9795,
    #9796,#9797,#9798,#9799,#9800),.UNSPECIFIED.,.T.,.F.,(3,1,1,1,1,1,1,
    1,3),(0.,1.,2.,3.,4.,4.996825396825,5.993650793651,6.993300058456,
    7.992949323261),.UNSPECIFIED.);
#9791 = CARTESIAN_POINT('',(52.610590032891,12.01881932009,6.4));
#9792 = CARTESIAN_POINT('',(52.001421960952,12.233819816069,6.4));
#9793 = CARTESIAN_POINT('',(50.985004272293,11.676979907172,6.4));
#9794 = CARTESIAN_POINT('',(50.501765062284,10.307802145482,6.4));
#9795 = CARTESIAN_POINT('',(50.944165553745,9.238259995647,6.4));
#9796 = CARTESIAN_POINT('',(52.160567830727,8.808941544947,6.4));
#9797 = CARTESIAN_POINT('',(53.175051652491,9.366463995101,6.4));
#9798 = CARTESIAN_POINT('',(53.657608321242,10.733707889896,6.4));
#9799 = CARTESIAN_POINT('',(53.217824237934,11.804501365369,6.4));
#9800 = CARTESIAN_POINT('',(52.610590032891,12.01881932009,6.4));
#9801 = PCURVE('',#4095,#9802);
#9802 = DEFINITIONAL_REPRESENTATION('',(#9803),#9807);
#9803 = LINE('',#9804,#9805);
#9804 = CARTESIAN_POINT('',(0.,-0.6));
#9805 = VECTOR('',#9806,1.);
#9806 = DIRECTION('',(1.,0.));
#9807 = ( GEOMETRIC_REPRESENTATION_CONTEXT(2) 
PARAMETRIC_REPRESENTATION_CONTEXT() REPRESENTATION_CONTEXT('2D SPACE',''
  ) );
#9808 = PCURVE('',#9809,#9814);
#9809 = PLANE('',#9810);
#9810 = AXIS2_PLACEMENT_3D('',#9811,#9812,#9813);
#9811 = CARTESIAN_POINT('',(50.012496737839,9.630152434084,6.4));
#9812 = DIRECTION('',(0.,0.,1.));
#9813 = DIRECTION('',(0.942990333583,-0.332820117735,0.));
#9814 = DEFINITIONAL_REPRESENTATION('',(#9815),#9826);
#9815 = B_SPLINE_CURVE_WITH_KNOTS('',2,(#9816,#9817,#9818,#9819,#9820,
    #9821,#9822,#9823,#9824,#9825),.UNSPECIFIED.,.T.,.F.,(3,1,1,1,1,1,1,
    1,3),(0.,1.,2.,3.,4.,4.996825396825,5.993650793651,6.993300058456,
    7.992949323261),.UNSPECIFIED.);
#9816 = CARTESIAN_POINT('',(1.65498046875,3.1171875));
#9817 = CARTESIAN_POINT('',(1.008984375,3.1171875));
#9818 = CARTESIAN_POINT('',(0.23583984375,2.25380859375));
#9819 = CARTESIAN_POINT('',(0.23583984375,0.80185546875));
#9820 = CARTESIAN_POINT('',(1.008984375,-5.947265625E-02));
#9821 = CARTESIAN_POINT('',(2.29892578125,-5.947265625E-02));
#9822 = CARTESIAN_POINT('',(3.07001953125,0.80390625));
#9823 = CARTESIAN_POINT('',(3.07001953125,2.25380859375));
#9824 = CARTESIAN_POINT('',(2.29892578125,3.1171875));
#9825 = CARTESIAN_POINT('',(1.65498046875,3.1171875));
#9826 = ( GEOMETRIC_REPRESENTATION_CONTEXT(2) 
PARAMETRIC_REPRESENTATION_CONTEXT() REPRESENTATION_CONTEXT('2D SPACE',''
  ) );
#9827 = ORIENTED_EDGE('',*,*,#9765,.F.);
#9828 = ORIENTED_EDGE('',*,*,#4065,.F.);
#9829 = ADVANCED_FACE('',(#9830),#4138,.F.);
#9830 = FACE_BOUND('',#9831,.F.);
#9831 = EDGE_LOOP('',(#9832,#9855,#9885,#9906));
#9832 = ORIENTED_EDGE('',*,*,#9833,.T.);
#9833 = EDGE_CURVE('',#4119,#9834,#9836,.T.);
#9834 = VERTEX_POINT('',#9835);
#9835 = CARTESIAN_POINT('',(55.649718736889,8.527848303909,6.4));
#9836 = SURFACE_CURVE('',#9837,(#9841,#9848),.PCURVE_S1.);
#9837 = LINE('',#9838,#9839);
#9838 = CARTESIAN_POINT('',(55.649718736889,8.527848303909,7.));
#9839 = VECTOR('',#9840,1.);
#9840 = DIRECTION('',(-0.,-0.,-1.));
#9841 = PCURVE('',#4138,#9842);
#9842 = DEFINITIONAL_REPRESENTATION('',(#9843),#9847);
#9843 = LINE('',#9844,#9845);
#9844 = CARTESIAN_POINT('',(0.,0.));
#9845 = VECTOR('',#9846,1.);
#9846 = DIRECTION('',(0.,-1.));
#9847 = ( GEOMETRIC_REPRESENTATION_CONTEXT(2) 
PARAMETRIC_REPRESENTATION_CONTEXT() REPRESENTATION_CONTEXT('2D SPACE',''
  ) );
#9848 = PCURVE('',#4169,#9849);
#9849 = DEFINITIONAL_REPRESENTATION('',(#9850),#9854);
#9850 = LINE('',#9851,#9852);
#9851 = CARTESIAN_POINT('',(0.,0.));
#9852 = VECTOR('',#9853,1.);
#9853 = DIRECTION('',(0.,-1.));
#9854 = ( GEOMETRIC_REPRESENTATION_CONTEXT(2) 
PARAMETRIC_REPRESENTATION_CONTEXT() REPRESENTATION_CONTEXT('2D SPACE',''
  ) );
#9855 = ORIENTED_EDGE('',*,*,#9856,.T.);
#9856 = EDGE_CURVE('',#9834,#9857,#9859,.T.);
#9857 = VERTEX_POINT('',#9858);
#9858 = CARTESIAN_POINT('',(55.365554060194,9.26317275153,6.4));
#9859 = SURFACE_CURVE('',#9860,(#9865,#9872),.PCURVE_S1.);
#9860 = B_SPLINE_CURVE_WITH_KNOTS('',2,(#9861,#9862,#9863,#9864),
  .UNSPECIFIED.,.F.,.F.,(3,1,3),(0.,1.,2.),.UNSPECIFIED.);
#9861 = CARTESIAN_POINT('',(55.649718736889,8.527848303909,6.4));
#9862 = CARTESIAN_POINT('',(55.615819187788,8.813833090623,6.4));
#9863 = CARTESIAN_POINT('',(55.476239500716,9.176262498129,6.4));
#9864 = CARTESIAN_POINT('',(55.365554060194,9.26317275153,6.4));
#9865 = PCURVE('',#4138,#9866);
#9866 = DEFINITIONAL_REPRESENTATION('',(#9867),#9871);
#9867 = LINE('',#9868,#9869);
#9868 = CARTESIAN_POINT('',(0.,-0.6));
#9869 = VECTOR('',#9870,1.);
#9870 = DIRECTION('',(1.,0.));
#9871 = ( GEOMETRIC_REPRESENTATION_CONTEXT(2) 
PARAMETRIC_REPRESENTATION_CONTEXT() REPRESENTATION_CONTEXT('2D SPACE',''
  ) );
#9872 = PCURVE('',#9873,#9878);
#9873 = PLANE('',#9874);
#9874 = AXIS2_PLACEMENT_3D('',#9875,#9876,#9877);
#9875 = CARTESIAN_POINT('',(53.129890172648,8.52989592768,6.4));
#9876 = DIRECTION('',(0.,0.,1.));
#9877 = DIRECTION('',(0.942990333583,-0.332820117735,0.));
#9878 = DEFINITIONAL_REPRESENTATION('',(#9879),#9884);
#9879 = B_SPLINE_CURVE_WITH_KNOTS('',2,(#9880,#9881,#9882,#9883),
  .UNSPECIFIED.,.F.,.F.,(3,1,3),(0.,1.,2.),.UNSPECIFIED.);
#9880 = CARTESIAN_POINT('',(2.37685546875,0.83671875));
#9881 = CARTESIAN_POINT('',(2.24970703125,1.0951171875));
#9882 = CARTESIAN_POINT('',(1.9974609375,1.3904296875));
#9883 = CARTESIAN_POINT('',(1.86416015625,1.435546875));
#9884 = ( GEOMETRIC_REPRESENTATION_CONTEXT(2) 
PARAMETRIC_REPRESENTATION_CONTEXT() REPRESENTATION_CONTEXT('2D SPACE',''
  ) );
#9885 = ORIENTED_EDGE('',*,*,#9886,.F.);
#9886 = EDGE_CURVE('',#4121,#9857,#9887,.T.);
#9887 = SURFACE_CURVE('',#9888,(#9892,#9899),.PCURVE_S1.);
#9888 = LINE('',#9889,#9890);
#9889 = CARTESIAN_POINT('',(55.365554060194,9.26317275153,7.));
#9890 = VECTOR('',#9891,1.);
#9891 = DIRECTION('',(-0.,-0.,-1.));
#9892 = PCURVE('',#4138,#9893);
#9893 = DEFINITIONAL_REPRESENTATION('',(#9894),#9898);
#9894 = LINE('',#9895,#9896);
#9895 = CARTESIAN_POINT('',(2.,0.));
#9896 = VECTOR('',#9897,1.);
#9897 = DIRECTION('',(0.,-1.));
#9898 = ( GEOMETRIC_REPRESENTATION_CONTEXT(2) 
PARAMETRIC_REPRESENTATION_CONTEXT() REPRESENTATION_CONTEXT('2D SPACE',''
  ) );
#9899 = PCURVE('',#4430,#9900);
#9900 = DEFINITIONAL_REPRESENTATION('',(#9901),#9905);
#9901 = LINE('',#9902,#9903);
#9902 = CARTESIAN_POINT('',(0.,0.));
#9903 = VECTOR('',#9904,1.);
#9904 = DIRECTION('',(0.,-1.));
#9905 = ( GEOMETRIC_REPRESENTATION_CONTEXT(2) 
PARAMETRIC_REPRESENTATION_CONTEXT() REPRESENTATION_CONTEXT('2D SPACE',''
  ) );
#9906 = ORIENTED_EDGE('',*,*,#4118,.F.);
#9907 = ADVANCED_FACE('',(#9908),#4169,.T.);
#9908 = FACE_BOUND('',#9909,.T.);
#9909 = EDGE_LOOP('',(#9910,#9911,#9934,#9955));
#9910 = ORIENTED_EDGE('',*,*,#9833,.T.);
#9911 = ORIENTED_EDGE('',*,*,#9912,.T.);
#9912 = EDGE_CURVE('',#9834,#9913,#9915,.T.);
#9913 = VERTEX_POINT('',#9914);
#9914 = CARTESIAN_POINT('',(55.767684617487,7.598909653031,6.4));
#9915 = SURFACE_CURVE('',#9916,(#9920,#9927),.PCURVE_S1.);
#9916 = LINE('',#9917,#9918);
#9917 = CARTESIAN_POINT('',(55.649718736889,8.527848303909,6.4));
#9918 = VECTOR('',#9919,1.);
#9919 = DIRECTION('',(0.125978230162,-0.992033006268,0.));
#9920 = PCURVE('',#4169,#9921);
#9921 = DEFINITIONAL_REPRESENTATION('',(#9922),#9926);
#9922 = LINE('',#9923,#9924);
#9923 = CARTESIAN_POINT('',(0.,-0.6));
#9924 = VECTOR('',#9925,1.);
#9925 = DIRECTION('',(1.,0.));
#9926 = ( GEOMETRIC_REPRESENTATION_CONTEXT(2) 
PARAMETRIC_REPRESENTATION_CONTEXT() REPRESENTATION_CONTEXT('2D SPACE',''
  ) );
#9927 = PCURVE('',#9873,#9928);
#9928 = DEFINITIONAL_REPRESENTATION('',(#9929),#9933);
#9929 = LINE('',#9930,#9931);
#9930 = CARTESIAN_POINT('',(2.37685546875,0.83671875));
#9931 = VECTOR('',#9932,1.);
#9932 = DIRECTION('',(0.448964795228,-0.893549446112));
#9933 = ( GEOMETRIC_REPRESENTATION_CONTEXT(2) 
PARAMETRIC_REPRESENTATION_CONTEXT() REPRESENTATION_CONTEXT('2D SPACE',''
  ) );
#9934 = ORIENTED_EDGE('',*,*,#9935,.F.);
#9935 = EDGE_CURVE('',#4154,#9913,#9936,.T.);
#9936 = SURFACE_CURVE('',#9937,(#9941,#9948),.PCURVE_S1.);
#9937 = LINE('',#9938,#9939);
#9938 = CARTESIAN_POINT('',(55.767684617487,7.598909653031,7.));
#9939 = VECTOR('',#9940,1.);
#9940 = DIRECTION('',(-0.,-0.,-1.));
#9941 = PCURVE('',#4169,#9942);
#9942 = DEFINITIONAL_REPRESENTATION('',(#9943),#9947);
#9943 = LINE('',#9944,#9945);
#9944 = CARTESIAN_POINT('',(0.936398935326,0.));
#9945 = VECTOR('',#9946,1.);
#9946 = DIRECTION('',(0.,-1.));
#9947 = ( GEOMETRIC_REPRESENTATION_CONTEXT(2) 
PARAMETRIC_REPRESENTATION_CONTEXT() REPRESENTATION_CONTEXT('2D SPACE',''
  ) );
#9948 = PCURVE('',#4197,#9949);
#9949 = DEFINITIONAL_REPRESENTATION('',(#9950),#9954);
#9950 = LINE('',#9951,#9952);
#9951 = CARTESIAN_POINT('',(0.,0.));
#9952 = VECTOR('',#9953,1.);
#9953 = DIRECTION('',(0.,-1.));
#9954 = ( GEOMETRIC_REPRESENTATION_CONTEXT(2) 
PARAMETRIC_REPRESENTATION_CONTEXT() REPRESENTATION_CONTEXT('2D SPACE',''
  ) );
#9955 = ORIENTED_EDGE('',*,*,#4153,.F.);
#9956 = ADVANCED_FACE('',(#9957),#4430,.F.);
#9957 = FACE_BOUND('',#9958,.F.);
#9958 = EDGE_LOOP('',(#9959,#9960,#9989,#10010));
#9959 = ORIENTED_EDGE('',*,*,#9886,.T.);
#9960 = ORIENTED_EDGE('',*,*,#9961,.T.);
#9961 = EDGE_CURVE('',#9857,#9962,#9964,.T.);
#9962 = VERTEX_POINT('',#9963);
#9963 = CARTESIAN_POINT('',(55.419474819503,10.968729596082,6.4));
#9964 = SURFACE_CURVE('',#9965,(#9972,#9979),.PCURVE_S1.);
#9965 = B_SPLINE_CURVE_WITH_KNOTS('',2,(#9966,#9967,#9968,#9969,#9970,
    #9971),.UNSPECIFIED.,.F.,.F.,(3,1,1,1,3),(0.,1.,2.,3.531914893617,
    5.063829787234),.UNSPECIFIED.);
#9966 = CARTESIAN_POINT('',(55.365554060194,9.26317275153,6.4));
#9967 = CARTESIAN_POINT('',(55.631858907329,9.247474302617,6.4));
#9968 = CARTESIAN_POINT('',(56.012148144395,9.517760640419,6.4));
#9969 = CARTESIAN_POINT('',(56.255815373171,10.208151121949,6.4));
#9970 = CARTESIAN_POINT('',(55.914544744634,10.793999034271,6.4));
#9971 = CARTESIAN_POINT('',(55.419474819503,10.968729596082,6.4));
#9972 = PCURVE('',#4430,#9973);
#9973 = DEFINITIONAL_REPRESENTATION('',(#9974),#9978);
#9974 = LINE('',#9975,#9976);
#9975 = CARTESIAN_POINT('',(0.,-0.6));
#9976 = VECTOR('',#9977,1.);
#9977 = DIRECTION('',(1.,0.));
#9978 = ( GEOMETRIC_REPRESENTATION_CONTEXT(2) 
PARAMETRIC_REPRESENTATION_CONTEXT() REPRESENTATION_CONTEXT('2D SPACE',''
  ) );
#9979 = PCURVE('',#9873,#9980);
#9980 = DEFINITIONAL_REPRESENTATION('',(#9981),#9988);
#9981 = B_SPLINE_CURVE_WITH_KNOTS('',2,(#9982,#9983,#9984,#9985,#9986,
    #9987),.UNSPECIFIED.,.F.,.F.,(3,1,1,1,3),(0.,1.,2.,3.531914893617,
    5.063829787234),.UNSPECIFIED.);
#9982 = CARTESIAN_POINT('',(1.86416015625,1.435546875));
#9983 = CARTESIAN_POINT('',(2.1205078125,1.509375));
#9984 = CARTESIAN_POINT('',(2.38916015625,1.8908203125));
#9985 = CARTESIAN_POINT('',(2.38916015625,2.62294921875));
#9986 = CARTESIAN_POINT('',(1.87236328125,3.06181640625));
#9987 = CARTESIAN_POINT('',(1.34736328125,3.06181640625));
#9988 = ( GEOMETRIC_REPRESENTATION_CONTEXT(2) 
PARAMETRIC_REPRESENTATION_CONTEXT() REPRESENTATION_CONTEXT('2D SPACE',''
  ) );
#9989 = ORIENTED_EDGE('',*,*,#9990,.F.);
#9990 = EDGE_CURVE('',#4383,#9962,#9991,.T.);
#9991 = SURFACE_CURVE('',#9992,(#9996,#10003),.PCURVE_S1.);
#9992 = LINE('',#9993,#9994);
#9993 = CARTESIAN_POINT('',(55.419474819503,10.968729596082,7.));
#9994 = VECTOR('',#9995,1.);
#9995 = DIRECTION('',(-0.,-0.,-1.));
#9996 = PCURVE('',#4430,#9997);
#9997 = DEFINITIONAL_REPRESENTATION('',(#9998),#10002);
#9998 = LINE('',#9999,#10000);
#9999 = CARTESIAN_POINT('',(5.063829787234,0.));
#10000 = VECTOR('',#10001,1.);
#10001 = DIRECTION('',(0.,-1.));
#10002 = ( GEOMETRIC_REPRESENTATION_CONTEXT(2) 
PARAMETRIC_REPRESENTATION_CONTEXT() REPRESENTATION_CONTEXT('2D SPACE',''
  ) );
#10003 = PCURVE('',#4398,#10004);
#10004 = DEFINITIONAL_REPRESENTATION('',(#10005),#10009);
#10005 = LINE('',#10006,#10007);
#10006 = CARTESIAN_POINT('',(0.93515625,0.));
#10007 = VECTOR('',#10008,1.);
#10008 = DIRECTION('',(0.,-1.));
#10009 = ( GEOMETRIC_REPRESENTATION_CONTEXT(2) 
PARAMETRIC_REPRESENTATION_CONTEXT() REPRESENTATION_CONTEXT('2D SPACE',''
  ) );
#10010 = ORIENTED_EDGE('',*,*,#4410,.F.);
#10011 = ADVANCED_FACE('',(#10012),#4197,.T.);
#10012 = FACE_BOUND('',#10013,.T.);
#10013 = EDGE_LOOP('',(#10014,#10015,#10038,#10059));
#10014 = ORIENTED_EDGE('',*,*,#9935,.T.);
#10015 = ORIENTED_EDGE('',*,*,#10016,.T.);
#10016 = EDGE_CURVE('',#9913,#10017,#10019,.T.);
#10017 = VERTEX_POINT('',#10018);
#10018 = CARTESIAN_POINT('',(55.348035501262,7.747021105816,6.4));
#10019 = SURFACE_CURVE('',#10020,(#10024,#10031),.PCURVE_S1.);
#10020 = LINE('',#10021,#10022);
#10021 = CARTESIAN_POINT('',(55.767684617487,7.598909653031,6.4));
#10022 = VECTOR('',#10023,1.);
#10023 = DIRECTION('',(-0.942990333583,0.332820117735,0.));
#10024 = PCURVE('',#4197,#10025);
#10025 = DEFINITIONAL_REPRESENTATION('',(#10026),#10030);
#10026 = LINE('',#10027,#10028);
#10027 = CARTESIAN_POINT('',(0.,-0.6));
#10028 = VECTOR('',#10029,1.);
#10029 = DIRECTION('',(1.,0.));
#10030 = ( GEOMETRIC_REPRESENTATION_CONTEXT(2) 
PARAMETRIC_REPRESENTATION_CONTEXT() REPRESENTATION_CONTEXT('2D SPACE',''
  ) );
#10031 = PCURVE('',#9873,#10032);
#10032 = DEFINITIONAL_REPRESENTATION('',(#10033),#10037);
#10033 = LINE('',#10034,#10035);
#10034 = CARTESIAN_POINT('',(2.797265625,0.));
#10035 = VECTOR('',#10036,1.);
#10036 = DIRECTION('',(-1.,0.));
#10037 = ( GEOMETRIC_REPRESENTATION_CONTEXT(2) 
PARAMETRIC_REPRESENTATION_CONTEXT() REPRESENTATION_CONTEXT('2D SPACE',''
  ) );
#10038 = ORIENTED_EDGE('',*,*,#10039,.F.);
#10039 = EDGE_CURVE('',#4182,#10017,#10040,.T.);
#10040 = SURFACE_CURVE('',#10041,(#10045,#10052),.PCURVE_S1.);
#10041 = LINE('',#10042,#10043);
#10042 = CARTESIAN_POINT('',(55.348035501262,7.747021105816,7.));
#10043 = VECTOR('',#10044,1.);
#10044 = DIRECTION('',(-0.,-0.,-1.));
#10045 = PCURVE('',#4197,#10046);
#10046 = DEFINITIONAL_REPRESENTATION('',(#10047),#10051);
#10047 = LINE('',#10048,#10049);
#10048 = CARTESIAN_POINT('',(0.44501953125,0.));
#10049 = VECTOR('',#10050,1.);
#10050 = DIRECTION('',(0.,-1.));
#10051 = ( GEOMETRIC_REPRESENTATION_CONTEXT(2) 
PARAMETRIC_REPRESENTATION_CONTEXT() REPRESENTATION_CONTEXT('2D SPACE',''
  ) );
#10052 = PCURVE('',#4225,#10053);
#10053 = DEFINITIONAL_REPRESENTATION('',(#10054),#10058);
#10054 = LINE('',#10055,#10056);
#10055 = CARTESIAN_POINT('',(0.,0.));
#10056 = VECTOR('',#10057,1.);
#10057 = DIRECTION('',(0.,-1.));
#10058 = ( GEOMETRIC_REPRESENTATION_CONTEXT(2) 
PARAMETRIC_REPRESENTATION_CONTEXT() REPRESENTATION_CONTEXT('2D SPACE',''
  ) );
#10059 = ORIENTED_EDGE('',*,*,#4181,.F.);
#10060 = ADVANCED_FACE('',(#10061),#4398,.T.);
#10061 = FACE_BOUND('',#10062,.T.);
#10062 = EDGE_LOOP('',(#10063,#10086,#10107,#10108));
#10063 = ORIENTED_EDGE('',*,*,#10064,.T.);
#10064 = EDGE_CURVE('',#4355,#10065,#10067,.T.);
#10065 = VERTEX_POINT('',#10066);
#10066 = CARTESIAN_POINT('',(54.537631515363,11.279968409308,6.4));
#10067 = SURFACE_CURVE('',#10068,(#10072,#10079),.PCURVE_S1.);
#10068 = LINE('',#10069,#10070);
#10069 = CARTESIAN_POINT('',(54.537631515363,11.279968409308,7.));
#10070 = VECTOR('',#10071,1.);
#10071 = DIRECTION('',(-0.,-0.,-1.));
#10072 = PCURVE('',#4398,#10073);
#10073 = DEFINITIONAL_REPRESENTATION('',(#10074),#10078);
#10074 = LINE('',#10075,#10076);
#10075 = CARTESIAN_POINT('',(0.,0.));
#10076 = VECTOR('',#10077,1.);
#10077 = DIRECTION('',(0.,-1.));
#10078 = ( GEOMETRIC_REPRESENTATION_CONTEXT(2) 
PARAMETRIC_REPRESENTATION_CONTEXT() REPRESENTATION_CONTEXT('2D SPACE',''
  ) );
#10079 = PCURVE('',#4370,#10080);
#10080 = DEFINITIONAL_REPRESENTATION('',(#10081),#10085);
#10081 = LINE('',#10082,#10083);
#10082 = CARTESIAN_POINT('',(3.06181640625,0.));
#10083 = VECTOR('',#10084,1.);
#10084 = DIRECTION('',(0.,-1.));
#10085 = ( GEOMETRIC_REPRESENTATION_CONTEXT(2) 
PARAMETRIC_REPRESENTATION_CONTEXT() REPRESENTATION_CONTEXT('2D SPACE',''
  ) );
#10086 = ORIENTED_EDGE('',*,*,#10087,.T.);
#10087 = EDGE_CURVE('',#10065,#9962,#10088,.T.);
#10088 = SURFACE_CURVE('',#10089,(#10093,#10100),.PCURVE_S1.);
#10089 = LINE('',#10090,#10091);
#10090 = CARTESIAN_POINT('',(54.537631515363,11.279968409308,6.4));
#10091 = VECTOR('',#10092,1.);
#10092 = DIRECTION('',(0.942990333583,-0.332820117735,0.));
#10093 = PCURVE('',#4398,#10094);
#10094 = DEFINITIONAL_REPRESENTATION('',(#10095),#10099);
#10095 = LINE('',#10096,#10097);
#10096 = CARTESIAN_POINT('',(0.,-0.6));
#10097 = VECTOR('',#10098,1.);
#10098 = DIRECTION('',(1.,0.));
#10099 = ( GEOMETRIC_REPRESENTATION_CONTEXT(2) 
PARAMETRIC_REPRESENTATION_CONTEXT() REPRESENTATION_CONTEXT('2D SPACE',''
  ) );
#10100 = PCURVE('',#9873,#10101);
#10101 = DEFINITIONAL_REPRESENTATION('',(#10102),#10106);
#10102 = LINE('',#10103,#10104);
#10103 = CARTESIAN_POINT('',(0.41220703125,3.06181640625));
#10104 = VECTOR('',#10105,1.);
#10105 = DIRECTION('',(1.,0.));
#10106 = ( GEOMETRIC_REPRESENTATION_CONTEXT(2) 
PARAMETRIC_REPRESENTATION_CONTEXT() REPRESENTATION_CONTEXT('2D SPACE',''
  ) );
#10107 = ORIENTED_EDGE('',*,*,#9990,.F.);
#10108 = ORIENTED_EDGE('',*,*,#4382,.F.);
#10109 = ADVANCED_FACE('',(#10110),#4225,.T.);
#10110 = FACE_BOUND('',#10111,.T.);
#10111 = EDGE_LOOP('',(#10112,#10113,#10136,#10157));
#10112 = ORIENTED_EDGE('',*,*,#10039,.T.);
#10113 = ORIENTED_EDGE('',*,*,#10114,.T.);
#10114 = EDGE_CURVE('',#10017,#10115,#10117,.T.);
#10115 = VERTEX_POINT('',#10116);
#10116 = CARTESIAN_POINT('',(55.240080225768,8.618057506719,6.4));
#10117 = SURFACE_CURVE('',#10118,(#10122,#10129),.PCURVE_S1.);
#10118 = LINE('',#10119,#10120);
#10119 = CARTESIAN_POINT('',(55.348035501262,7.747021105816,6.4));
#10120 = VECTOR('',#10121,1.);
#10121 = DIRECTION('',(-0.122997804455,0.992406942791,0.));
#10122 = PCURVE('',#4225,#10123);
#10123 = DEFINITIONAL_REPRESENTATION('',(#10124),#10128);
#10124 = LINE('',#10125,#10126);
#10125 = CARTESIAN_POINT('',(0.,-0.6));
#10126 = VECTOR('',#10127,1.);
#10127 = DIRECTION('',(1.,0.));
#10128 = ( GEOMETRIC_REPRESENTATION_CONTEXT(2) 
PARAMETRIC_REPRESENTATION_CONTEXT() REPRESENTATION_CONTEXT('2D SPACE',''
  ) );
#10129 = PCURVE('',#9873,#10130);
#10130 = DEFINITIONAL_REPRESENTATION('',(#10131),#10135);
#10131 = LINE('',#10132,#10133);
#10132 = CARTESIAN_POINT('',(2.35224609375,0.));
#10133 = VECTOR('',#10134,1.);
#10134 = DIRECTION('',(-0.446278736193,0.894894010273));
#10135 = ( GEOMETRIC_REPRESENTATION_CONTEXT(2) 
PARAMETRIC_REPRESENTATION_CONTEXT() REPRESENTATION_CONTEXT('2D SPACE',''
  ) );
#10136 = ORIENTED_EDGE('',*,*,#10137,.F.);
#10137 = EDGE_CURVE('',#4210,#10115,#10138,.T.);
#10138 = SURFACE_CURVE('',#10139,(#10143,#10150),.PCURVE_S1.);
#10139 = LINE('',#10140,#10141);
#10140 = CARTESIAN_POINT('',(55.240080225768,8.618057506719,7.));
#10141 = VECTOR('',#10142,1.);
#10142 = DIRECTION('',(-0.,-0.,-1.));
#10143 = PCURVE('',#4225,#10144);
#10144 = DEFINITIONAL_REPRESENTATION('',(#10145),#10149);
#10145 = LINE('',#10146,#10147);
#10146 = CARTESIAN_POINT('',(0.877700833544,0.));
#10147 = VECTOR('',#10148,1.);
#10148 = DIRECTION('',(0.,-1.));
#10149 = ( GEOMETRIC_REPRESENTATION_CONTEXT(2) 
PARAMETRIC_REPRESENTATION_CONTEXT() REPRESENTATION_CONTEXT('2D SPACE',''
  ) );
#10150 = PCURVE('',#4255,#10151);
#10151 = DEFINITIONAL_REPRESENTATION('',(#10152),#10156);
#10152 = LINE('',#10153,#10154);
#10153 = CARTESIAN_POINT('',(2.,0.));
#10154 = VECTOR('',#10155,1.);
#10155 = DIRECTION('',(0.,-1.));
#10156 = ( GEOMETRIC_REPRESENTATION_CONTEXT(2) 
PARAMETRIC_REPRESENTATION_CONTEXT() REPRESENTATION_CONTEXT('2D SPACE',''
  ) );
#10157 = ORIENTED_EDGE('',*,*,#4209,.F.);
#10158 = ADVANCED_FACE('',(#10159),#4370,.T.);
#10159 = FACE_BOUND('',#10160,.T.);
#10160 = EDGE_LOOP('',(#10161,#10184,#10205,#10206));
#10161 = ORIENTED_EDGE('',*,*,#10162,.T.);
#10162 = EDGE_CURVE('',#4327,#10163,#10165,.T.);
#10163 = VERTEX_POINT('',#10164);
#10164 = CARTESIAN_POINT('',(53.518597418552,8.392705135008,6.4));
#10165 = SURFACE_CURVE('',#10166,(#10170,#10177),.PCURVE_S1.);
#10166 = LINE('',#10167,#10168);
#10167 = CARTESIAN_POINT('',(53.518597418552,8.392705135008,7.));
#10168 = VECTOR('',#10169,1.);
#10169 = DIRECTION('',(-0.,-0.,-1.));
#10170 = PCURVE('',#4370,#10171);
#10171 = DEFINITIONAL_REPRESENTATION('',(#10172),#10176);
#10172 = LINE('',#10173,#10174);
#10173 = CARTESIAN_POINT('',(0.,0.));
#10174 = VECTOR('',#10175,1.);
#10175 = DIRECTION('',(0.,-1.));
#10176 = ( GEOMETRIC_REPRESENTATION_CONTEXT(2) 
PARAMETRIC_REPRESENTATION_CONTEXT() REPRESENTATION_CONTEXT('2D SPACE',''
  ) );
#10177 = PCURVE('',#4342,#10178);
#10178 = DEFINITIONAL_REPRESENTATION('',(#10179),#10183);
#10179 = LINE('',#10180,#10181);
#10180 = CARTESIAN_POINT('',(0.4142578125,0.));
#10181 = VECTOR('',#10182,1.);
#10182 = DIRECTION('',(0.,-1.));
#10183 = ( GEOMETRIC_REPRESENTATION_CONTEXT(2) 
PARAMETRIC_REPRESENTATION_CONTEXT() REPRESENTATION_CONTEXT('2D SPACE',''
  ) );
#10184 = ORIENTED_EDGE('',*,*,#10185,.T.);
#10185 = EDGE_CURVE('',#10163,#10065,#10186,.T.);
#10186 = SURFACE_CURVE('',#10187,(#10191,#10198),.PCURVE_S1.);
#10187 = LINE('',#10188,#10189);
#10188 = CARTESIAN_POINT('',(53.518597418552,8.392705135008,6.4));
#10189 = VECTOR('',#10190,1.);
#10190 = DIRECTION('',(0.332820117735,0.942990333583,0.));
#10191 = PCURVE('',#4370,#10192);
#10192 = DEFINITIONAL_REPRESENTATION('',(#10193),#10197);
#10193 = LINE('',#10194,#10195);
#10194 = CARTESIAN_POINT('',(0.,-0.6));
#10195 = VECTOR('',#10196,1.);
#10196 = DIRECTION('',(1.,0.));
#10197 = ( GEOMETRIC_REPRESENTATION_CONTEXT(2) 
PARAMETRIC_REPRESENTATION_CONTEXT() REPRESENTATION_CONTEXT('2D SPACE',''
  ) );
#10198 = PCURVE('',#9873,#10199);
#10199 = DEFINITIONAL_REPRESENTATION('',(#10200),#10204);
#10200 = LINE('',#10201,#10202);
#10201 = CARTESIAN_POINT('',(0.41220703125,0.));
#10202 = VECTOR('',#10203,1.);
#10203 = DIRECTION('',(0.,1.));
#10204 = ( GEOMETRIC_REPRESENTATION_CONTEXT(2) 
PARAMETRIC_REPRESENTATION_CONTEXT() REPRESENTATION_CONTEXT('2D SPACE',''
  ) );
#10205 = ORIENTED_EDGE('',*,*,#10064,.F.);
#10206 = ORIENTED_EDGE('',*,*,#4354,.F.);
#10207 = ADVANCED_FACE('',(#10208),#4255,.F.);
#10208 = FACE_BOUND('',#10209,.F.);
#10209 = EDGE_LOOP('',(#10210,#10233,#10256,#10257));
#10210 = ORIENTED_EDGE('',*,*,#10211,.T.);
#10211 = EDGE_CURVE('',#4238,#10212,#10214,.T.);
#10212 = VERTEX_POINT('',#10213);
#10213 = CARTESIAN_POINT('',(54.765372781473,9.324942735295,6.4));
#10214 = SURFACE_CURVE('',#10215,(#10219,#10226),.PCURVE_S1.);
#10215 = LINE('',#10216,#10217);
#10216 = CARTESIAN_POINT('',(54.765372781473,9.324942735295,7.));
#10217 = VECTOR('',#10218,1.);
#10218 = DIRECTION('',(-0.,-0.,-1.));
#10219 = PCURVE('',#4255,#10220);
#10220 = DEFINITIONAL_REPRESENTATION('',(#10221),#10225);
#10221 = LINE('',#10222,#10223);
#10222 = CARTESIAN_POINT('',(0.,0.));
#10223 = VECTOR('',#10224,1.);
#10224 = DIRECTION('',(0.,-1.));
#10225 = ( GEOMETRIC_REPRESENTATION_CONTEXT(2) 
PARAMETRIC_REPRESENTATION_CONTEXT() REPRESENTATION_CONTEXT('2D SPACE',''
  ) );
#10226 = PCURVE('',#4286,#10227);
#10227 = DEFINITIONAL_REPRESENTATION('',(#10228),#10232);
#10228 = LINE('',#10229,#10230);
#10229 = CARTESIAN_POINT('',(0.,0.));
#10230 = VECTOR('',#10231,1.);
#10231 = DIRECTION('',(0.,-1.));
#10232 = ( GEOMETRIC_REPRESENTATION_CONTEXT(2) 
PARAMETRIC_REPRESENTATION_CONTEXT() REPRESENTATION_CONTEXT('2D SPACE',''
  ) );
#10233 = ORIENTED_EDGE('',*,*,#10234,.T.);
#10234 = EDGE_CURVE('',#10212,#10115,#10235,.T.);
#10235 = SURFACE_CURVE('',#10236,(#10241,#10248),.PCURVE_S1.);
#10236 = B_SPLINE_CURVE_WITH_KNOTS('',2,(#10237,#10238,#10239,#10240),
  .UNSPECIFIED.,.F.,.F.,(3,1,3),(0.,1.,2.),.UNSPECIFIED.);
#10237 = CARTESIAN_POINT('',(54.765372781473,9.324942735295,6.4));
#10238 = CARTESIAN_POINT('',(54.997436808879,9.243037784447,6.4));
#10239 = CARTESIAN_POINT('',(55.199355264096,8.958645593999,6.4));
#10240 = CARTESIAN_POINT('',(55.240080225768,8.618057506719,6.4));
#10241 = PCURVE('',#4255,#10242);
#10242 = DEFINITIONAL_REPRESENTATION('',(#10243),#10247);
#10243 = LINE('',#10244,#10245);
#10244 = CARTESIAN_POINT('',(0.,-0.6));
#10245 = VECTOR('',#10246,1.);
#10246 = DIRECTION('',(1.,0.));
#10247 = ( GEOMETRIC_REPRESENTATION_CONTEXT(2) 
PARAMETRIC_REPRESENTATION_CONTEXT() REPRESENTATION_CONTEXT('2D SPACE',''
  ) );
#10248 = PCURVE('',#9873,#10249);
#10249 = DEFINITIONAL_REPRESENTATION('',(#10250),#10255);
#10250 = B_SPLINE_CURVE_WITH_KNOTS('',2,(#10251,#10252,#10253,#10254),
  .UNSPECIFIED.,.F.,.F.,(3,1,3),(0.,1.,2.),.UNSPECIFIED.);
#10251 = CARTESIAN_POINT('',(1.27763671875,1.29404296875));
#10252 = CARTESIAN_POINT('',(1.52373046875,1.29404296875));
#10253 = CARTESIAN_POINT('',(1.8087890625,1.09306640625));
#10254 = CARTESIAN_POINT('',(1.960546875,0.78544921875));
#10255 = ( GEOMETRIC_REPRESENTATION_CONTEXT(2) 
PARAMETRIC_REPRESENTATION_CONTEXT() REPRESENTATION_CONTEXT('2D SPACE',''
  ) );
#10256 = ORIENTED_EDGE('',*,*,#10137,.F.);
#10257 = ORIENTED_EDGE('',*,*,#4237,.F.);
#10258 = ADVANCED_FACE('',(#10259),#4342,.T.);
#10259 = FACE_BOUND('',#10260,.T.);
#10260 = EDGE_LOOP('',(#10261,#10284,#10305,#10306));
#10261 = ORIENTED_EDGE('',*,*,#10262,.T.);
#10262 = EDGE_CURVE('',#4299,#10263,#10265,.T.);
#10263 = VERTEX_POINT('',#10264);
#10264 = CARTESIAN_POINT('',(53.90923853135,8.25483180108,6.4));
#10265 = SURFACE_CURVE('',#10266,(#10270,#10277),.PCURVE_S1.);
#10266 = LINE('',#10267,#10268);
#10267 = CARTESIAN_POINT('',(53.90923853135,8.25483180108,7.));
#10268 = VECTOR('',#10269,1.);
#10269 = DIRECTION('',(-0.,-0.,-1.));
#10270 = PCURVE('',#4342,#10271);
#10271 = DEFINITIONAL_REPRESENTATION('',(#10272),#10276);
#10272 = LINE('',#10273,#10274);
#10273 = CARTESIAN_POINT('',(0.,0.));
#10274 = VECTOR('',#10275,1.);
#10275 = DIRECTION('',(0.,-1.));
#10276 = ( GEOMETRIC_REPRESENTATION_CONTEXT(2) 
PARAMETRIC_REPRESENTATION_CONTEXT() REPRESENTATION_CONTEXT('2D SPACE',''
  ) );
#10277 = PCURVE('',#4314,#10278);
#10278 = DEFINITIONAL_REPRESENTATION('',(#10279),#10283);
#10279 = LINE('',#10280,#10281);
#10280 = CARTESIAN_POINT('',(1.29404296875,0.));
#10281 = VECTOR('',#10282,1.);
#10282 = DIRECTION('',(0.,-1.));
#10283 = ( GEOMETRIC_REPRESENTATION_CONTEXT(2) 
PARAMETRIC_REPRESENTATION_CONTEXT() REPRESENTATION_CONTEXT('2D SPACE',''
  ) );
#10284 = ORIENTED_EDGE('',*,*,#10285,.T.);
#10285 = EDGE_CURVE('',#10263,#10163,#10286,.T.);
#10286 = SURFACE_CURVE('',#10287,(#10291,#10298),.PCURVE_S1.);
#10287 = LINE('',#10288,#10289);
#10288 = CARTESIAN_POINT('',(53.90923853135,8.25483180108,6.4));
#10289 = VECTOR('',#10290,1.);
#10290 = DIRECTION('',(-0.942990333583,0.332820117735,0.));
#10291 = PCURVE('',#4342,#10292);
#10292 = DEFINITIONAL_REPRESENTATION('',(#10293),#10297);
#10293 = LINE('',#10294,#10295);
#10294 = CARTESIAN_POINT('',(0.,-0.6));
#10295 = VECTOR('',#10296,1.);
#10296 = DIRECTION('',(1.,0.));
#10297 = ( GEOMETRIC_REPRESENTATION_CONTEXT(2) 
PARAMETRIC_REPRESENTATION_CONTEXT() REPRESENTATION_CONTEXT('2D SPACE',''
  ) );
#10298 = PCURVE('',#9873,#10299);
#10299 = DEFINITIONAL_REPRESENTATION('',(#10300),#10304);
#10300 = LINE('',#10301,#10302);
#10301 = CARTESIAN_POINT('',(0.82646484375,0.));
#10302 = VECTOR('',#10303,1.);
#10303 = DIRECTION('',(-1.,0.));
#10304 = ( GEOMETRIC_REPRESENTATION_CONTEXT(2) 
PARAMETRIC_REPRESENTATION_CONTEXT() REPRESENTATION_CONTEXT('2D SPACE',''
  ) );
#10305 = ORIENTED_EDGE('',*,*,#10162,.F.);
#10306 = ORIENTED_EDGE('',*,*,#4326,.F.);
#10307 = ADVANCED_FACE('',(#10308),#4286,.T.);
#10308 = FACE_BOUND('',#10309,.T.);
#10309 = EDGE_LOOP('',(#10310,#10311,#10334,#10355));
#10310 = ORIENTED_EDGE('',*,*,#10211,.T.);
#10311 = ORIENTED_EDGE('',*,*,#10312,.T.);
#10312 = EDGE_CURVE('',#10212,#10313,#10315,.T.);
#10313 = VERTEX_POINT('',#10314);
#10314 = CARTESIAN_POINT('',(54.339922064564,9.475101811852,6.4));
#10315 = SURFACE_CURVE('',#10316,(#10320,#10327),.PCURVE_S1.);
#10316 = LINE('',#10317,#10318);
#10317 = CARTESIAN_POINT('',(54.765372781473,9.324942735295,6.4));
#10318 = VECTOR('',#10319,1.);
#10319 = DIRECTION('',(-0.942990333583,0.332820117735,0.));
#10320 = PCURVE('',#4286,#10321);
#10321 = DEFINITIONAL_REPRESENTATION('',(#10322),#10326);
#10322 = LINE('',#10323,#10324);
#10323 = CARTESIAN_POINT('',(0.,-0.6));
#10324 = VECTOR('',#10325,1.);
#10325 = DIRECTION('',(1.,0.));
#10326 = ( GEOMETRIC_REPRESENTATION_CONTEXT(2) 
PARAMETRIC_REPRESENTATION_CONTEXT() REPRESENTATION_CONTEXT('2D SPACE',''
  ) );
#10327 = PCURVE('',#9873,#10328);
#10328 = DEFINITIONAL_REPRESENTATION('',(#10329),#10333);
#10329 = LINE('',#10330,#10331);
#10330 = CARTESIAN_POINT('',(1.27763671875,1.29404296875));
#10331 = VECTOR('',#10332,1.);
#10332 = DIRECTION('',(-1.,0.));
#10333 = ( GEOMETRIC_REPRESENTATION_CONTEXT(2) 
PARAMETRIC_REPRESENTATION_CONTEXT() REPRESENTATION_CONTEXT('2D SPACE',''
  ) );
#10334 = ORIENTED_EDGE('',*,*,#10335,.F.);
#10335 = EDGE_CURVE('',#4271,#10313,#10336,.T.);
#10336 = SURFACE_CURVE('',#10337,(#10341,#10348),.PCURVE_S1.);
#10337 = LINE('',#10338,#10339);
#10338 = CARTESIAN_POINT('',(54.339922064564,9.475101811852,7.));
#10339 = VECTOR('',#10340,1.);
#10340 = DIRECTION('',(-0.,-0.,-1.));
#10341 = PCURVE('',#4286,#10342);
#10342 = DEFINITIONAL_REPRESENTATION('',(#10343),#10347);
#10343 = LINE('',#10344,#10345);
#10344 = CARTESIAN_POINT('',(0.451171875,0.));
#10345 = VECTOR('',#10346,1.);
#10346 = DIRECTION('',(0.,-1.));
#10347 = ( GEOMETRIC_REPRESENTATION_CONTEXT(2) 
PARAMETRIC_REPRESENTATION_CONTEXT() REPRESENTATION_CONTEXT('2D SPACE',''
  ) );
#10348 = PCURVE('',#4314,#10349);
#10349 = DEFINITIONAL_REPRESENTATION('',(#10350),#10354);
#10350 = LINE('',#10351,#10352);
#10351 = CARTESIAN_POINT('',(0.,0.));
#10352 = VECTOR('',#10353,1.);
#10353 = DIRECTION('',(0.,-1.));
#10354 = ( GEOMETRIC_REPRESENTATION_CONTEXT(2) 
PARAMETRIC_REPRESENTATION_CONTEXT() REPRESENTATION_CONTEXT('2D SPACE',''
  ) );
#10355 = ORIENTED_EDGE('',*,*,#4270,.F.);
#10356 = ADVANCED_FACE('',(#10357),#4314,.T.);
#10357 = FACE_BOUND('',#10358,.T.);
#10358 = EDGE_LOOP('',(#10359,#10360,#10381,#10382));
#10359 = ORIENTED_EDGE('',*,*,#10335,.T.);
#10360 = ORIENTED_EDGE('',*,*,#10361,.T.);
#10361 = EDGE_CURVE('',#10313,#10263,#10362,.T.);
#10362 = SURFACE_CURVE('',#10363,(#10367,#10374),.PCURVE_S1.);
#10363 = LINE('',#10364,#10365);
#10364 = CARTESIAN_POINT('',(54.339922064564,9.475101811852,6.4));
#10365 = VECTOR('',#10366,1.);
#10366 = DIRECTION('',(-0.332820117735,-0.942990333583,0.));
#10367 = PCURVE('',#4314,#10368);
#10368 = DEFINITIONAL_REPRESENTATION('',(#10369),#10373);
#10369 = LINE('',#10370,#10371);
#10370 = CARTESIAN_POINT('',(-0.,-0.6));
#10371 = VECTOR('',#10372,1.);
#10372 = DIRECTION('',(1.,0.));
#10373 = ( GEOMETRIC_REPRESENTATION_CONTEXT(2) 
PARAMETRIC_REPRESENTATION_CONTEXT() REPRESENTATION_CONTEXT('2D SPACE',''
  ) );
#10374 = PCURVE('',#9873,#10375);
#10375 = DEFINITIONAL_REPRESENTATION('',(#10376),#10380);
#10376 = LINE('',#10377,#10378);
#10377 = CARTESIAN_POINT('',(0.82646484375,1.29404296875));
#10378 = VECTOR('',#10379,1.);
#10379 = DIRECTION('',(0.,-1.));
#10380 = ( GEOMETRIC_REPRESENTATION_CONTEXT(2) 
PARAMETRIC_REPRESENTATION_CONTEXT() REPRESENTATION_CONTEXT('2D SPACE',''
  ) );
#10381 = ORIENTED_EDGE('',*,*,#10262,.F.);
#10382 = ORIENTED_EDGE('',*,*,#4298,.F.);
#10383 = ADVANCED_FACE('',(#10384),#4473,.F.);
#10384 = FACE_BOUND('',#10385,.F.);
#10385 = EDGE_LOOP('',(#10386,#10409,#10443,#10464));
#10386 = ORIENTED_EDGE('',*,*,#10387,.T.);
#10387 = EDGE_CURVE('',#4450,#10388,#10390,.T.);
#10388 = VERTEX_POINT('',#10389);
#10389 = CARTESIAN_POINT('',(57.867864065503,8.077712344869,6.4));
#10390 = SURFACE_CURVE('',#10391,(#10395,#10402),.PCURVE_S1.);
#10391 = LINE('',#10392,#10393);
#10392 = CARTESIAN_POINT('',(57.867864065503,8.077712344869,7.));
#10393 = VECTOR('',#10394,1.);
#10394 = DIRECTION('',(-0.,-0.,-1.));
#10395 = PCURVE('',#4473,#10396);
#10396 = DEFINITIONAL_REPRESENTATION('',(#10397),#10401);
#10397 = LINE('',#10398,#10399);
#10398 = CARTESIAN_POINT('',(0.,0.));
#10399 = VECTOR('',#10400,1.);
#10400 = DIRECTION('',(0.,-1.));
#10401 = ( GEOMETRIC_REPRESENTATION_CONTEXT(2) 
PARAMETRIC_REPRESENTATION_CONTEXT() REPRESENTATION_CONTEXT('2D SPACE',''
  ) );
#10402 = PCURVE('',#4506,#10403);
#10403 = DEFINITIONAL_REPRESENTATION('',(#10404),#10408);
#10404 = LINE('',#10405,#10406);
#10405 = CARTESIAN_POINT('',(0.,0.));
#10406 = VECTOR('',#10407,1.);
#10407 = DIRECTION('',(0.,-1.));
#10408 = ( GEOMETRIC_REPRESENTATION_CONTEXT(2) 
PARAMETRIC_REPRESENTATION_CONTEXT() REPRESENTATION_CONTEXT('2D SPACE',''
  ) );
#10409 = ORIENTED_EDGE('',*,*,#10410,.T.);
#10410 = EDGE_CURVE('',#10388,#10411,#10413,.T.);
#10411 = VERTEX_POINT('',#10412);
#10412 = CARTESIAN_POINT('',(60.078273926538,7.297567688033,6.4));
#10413 = SURFACE_CURVE('',#10414,(#10421,#10428),.PCURVE_S1.);
#10414 = B_SPLINE_CURVE_WITH_KNOTS('',2,(#10415,#10416,#10417,#10418,
    #10419,#10420),.UNSPECIFIED.,.F.,.F.,(3,1,1,1,3),(0.,1.,2.,
    2.996466431095,3.992932862191),.UNSPECIFIED.);
#10415 = CARTESIAN_POINT('',(57.867864065503,8.077712344869,6.4));
#10416 = CARTESIAN_POINT('',(57.668562018438,7.513023211516,6.4));
#10417 = CARTESIAN_POINT('',(58.024052256497,6.739476453499,6.4));
#10418 = CARTESIAN_POINT('',(59.116687052196,6.353840643252,6.4));
#10419 = CARTESIAN_POINT('',(59.878971879472,6.732878554681,6.4));
#10420 = CARTESIAN_POINT('',(60.078273926538,7.297567688033,6.4));
#10421 = PCURVE('',#4473,#10422);
#10422 = DEFINITIONAL_REPRESENTATION('',(#10423),#10427);
#10423 = LINE('',#10424,#10425);
#10424 = CARTESIAN_POINT('',(0.,-0.6));
#10425 = VECTOR('',#10426,1.);
#10426 = DIRECTION('',(1.,0.));
#10427 = ( GEOMETRIC_REPRESENTATION_CONTEXT(2) 
PARAMETRIC_REPRESENTATION_CONTEXT() REPRESENTATION_CONTEXT('2D SPACE',''
  ) );
#10428 = PCURVE('',#10429,#10434);
#10429 = PLANE('',#10430);
#10430 = AXIS2_PLACEMENT_3D('',#10431,#10432,#10433);
#10431 = CARTESIAN_POINT('',(57.140730112967,7.114305360509,6.4));
#10432 = DIRECTION('',(0.,0.,1.));
#10433 = DIRECTION('',(0.942990333583,-0.332820117735,0.));
#10434 = DEFINITIONAL_REPRESENTATION('',(#10435),#10442);
#10435 = B_SPLINE_CURVE_WITH_KNOTS('',2,(#10436,#10437,#10438,#10439,
    #10440,#10441),.UNSPECIFIED.,.F.,.F.,(3,1,1,1,3),(0.,1.,2.,
    2.996466431095,3.992932862191),.UNSPECIFIED.);
#10436 = CARTESIAN_POINT('',(0.3650390625,1.15048828125));
#10437 = CARTESIAN_POINT('',(0.3650390625,0.55166015625));
#10438 = CARTESIAN_POINT('',(0.95771484375,-5.947265625E-02));
#10439 = CARTESIAN_POINT('',(2.11640625,-5.947265625E-02));
#10440 = CARTESIAN_POINT('',(2.70908203125,0.55166015625));
#10441 = CARTESIAN_POINT('',(2.70908203125,1.15048828125));
#10442 = ( GEOMETRIC_REPRESENTATION_CONTEXT(2) 
PARAMETRIC_REPRESENTATION_CONTEXT() REPRESENTATION_CONTEXT('2D SPACE',''
  ) );
#10443 = ORIENTED_EDGE('',*,*,#10444,.F.);
#10444 = EDGE_CURVE('',#4452,#10411,#10445,.T.);
#10445 = SURFACE_CURVE('',#10446,(#10450,#10457),.PCURVE_S1.);
#10446 = LINE('',#10447,#10448);
#10447 = CARTESIAN_POINT('',(60.078273926538,7.297567688033,7.));
#10448 = VECTOR('',#10449,1.);
#10449 = DIRECTION('',(-0.,-0.,-1.));
#10450 = PCURVE('',#4473,#10451);
#10451 = DEFINITIONAL_REPRESENTATION('',(#10452),#10456);
#10452 = LINE('',#10453,#10454);
#10453 = CARTESIAN_POINT('',(3.992932862191,0.));
#10454 = VECTOR('',#10455,1.);
#10455 = DIRECTION('',(0.,-1.));
#10456 = ( GEOMETRIC_REPRESENTATION_CONTEXT(2) 
PARAMETRIC_REPRESENTATION_CONTEXT() REPRESENTATION_CONTEXT('2D SPACE',''
  ) );
#10457 = PCURVE('',#4683,#10458);
#10458 = DEFINITIONAL_REPRESENTATION('',(#10459),#10463);
#10459 = LINE('',#10460,#10461);
#10460 = CARTESIAN_POINT('',(1.911328125,0.));
#10461 = VECTOR('',#10462,1.);
#10462 = DIRECTION('',(0.,-1.));
#10463 = ( GEOMETRIC_REPRESENTATION_CONTEXT(2) 
PARAMETRIC_REPRESENTATION_CONTEXT() REPRESENTATION_CONTEXT('2D SPACE',''
  ) );
#10464 = ORIENTED_EDGE('',*,*,#4449,.F.);
#10465 = ADVANCED_FACE('',(#10466),#4506,.T.);
#10466 = FACE_BOUND('',#10467,.T.);
#10467 = EDGE_LOOP('',(#10468,#10469,#10492,#10513));
#10468 = ORIENTED_EDGE('',*,*,#10387,.T.);
#10469 = ORIENTED_EDGE('',*,*,#10470,.T.);
#10470 = EDGE_CURVE('',#10388,#10471,#10473,.T.);
#10471 = VERTEX_POINT('',#10472);
#10472 = CARTESIAN_POINT('',(58.503992517096,9.880076291049,6.4));
#10473 = SURFACE_CURVE('',#10474,(#10478,#10485),.PCURVE_S1.);
#10474 = LINE('',#10475,#10476);
#10475 = CARTESIAN_POINT('',(57.867864065503,8.077712344869,6.4));
#10476 = VECTOR('',#10477,1.);
#10477 = DIRECTION('',(0.332820117735,0.942990333583,0.));
#10478 = PCURVE('',#4506,#10479);
#10479 = DEFINITIONAL_REPRESENTATION('',(#10480),#10484);
#10480 = LINE('',#10481,#10482);
#10481 = CARTESIAN_POINT('',(0.,-0.6));
#10482 = VECTOR('',#10483,1.);
#10483 = DIRECTION('',(1.,0.));
#10484 = ( GEOMETRIC_REPRESENTATION_CONTEXT(2) 
PARAMETRIC_REPRESENTATION_CONTEXT() REPRESENTATION_CONTEXT('2D SPACE',''
  ) );
#10485 = PCURVE('',#10429,#10486);
#10486 = DEFINITIONAL_REPRESENTATION('',(#10487),#10491);
#10487 = LINE('',#10488,#10489);
#10488 = CARTESIAN_POINT('',(0.3650390625,1.15048828125));
#10489 = VECTOR('',#10490,1.);
#10490 = DIRECTION('',(0.,1.));
#10491 = ( GEOMETRIC_REPRESENTATION_CONTEXT(2) 
PARAMETRIC_REPRESENTATION_CONTEXT() REPRESENTATION_CONTEXT('2D SPACE',''
  ) );
#10492 = ORIENTED_EDGE('',*,*,#10493,.F.);
#10493 = EDGE_CURVE('',#4491,#10471,#10494,.T.);
#10494 = SURFACE_CURVE('',#10495,(#10499,#10506),.PCURVE_S1.);
#10495 = LINE('',#10496,#10497);
#10496 = CARTESIAN_POINT('',(58.503992517096,9.880076291049,7.));
#10497 = VECTOR('',#10498,1.);
#10498 = DIRECTION('',(-0.,-0.,-1.));
#10499 = PCURVE('',#4506,#10500);
#10500 = DEFINITIONAL_REPRESENTATION('',(#10501),#10505);
#10501 = LINE('',#10502,#10503);
#10502 = CARTESIAN_POINT('',(1.911328125,0.));
#10503 = VECTOR('',#10504,1.);
#10504 = DIRECTION('',(0.,-1.));
#10505 = ( GEOMETRIC_REPRESENTATION_CONTEXT(2) 
PARAMETRIC_REPRESENTATION_CONTEXT() REPRESENTATION_CONTEXT('2D SPACE',''
  ) );
#10506 = PCURVE('',#4534,#10507);
#10507 = DEFINITIONAL_REPRESENTATION('',(#10508),#10512);
#10508 = LINE('',#10509,#10510);
#10509 = CARTESIAN_POINT('',(0.,0.));
#10510 = VECTOR('',#10511,1.);
#10511 = DIRECTION('',(0.,-1.));
#10512 = ( GEOMETRIC_REPRESENTATION_CONTEXT(2) 
PARAMETRIC_REPRESENTATION_CONTEXT() REPRESENTATION_CONTEXT('2D SPACE',''
  ) );
#10513 = ORIENTED_EDGE('',*,*,#4490,.F.);
#10514 = ADVANCED_FACE('',(#10515),#4683,.T.);
#10515 = FACE_BOUND('',#10516,.T.);
#10516 = EDGE_LOOP('',(#10517,#10540,#10561,#10562));
#10517 = ORIENTED_EDGE('',*,*,#10518,.T.);
#10518 = EDGE_CURVE('',#4642,#10519,#10521,.T.);
#10519 = VERTEX_POINT('',#10520);
#10520 = CARTESIAN_POINT('',(60.714402378131,9.099931634213,6.4));
#10521 = SURFACE_CURVE('',#10522,(#10526,#10533),.PCURVE_S1.);
#10522 = LINE('',#10523,#10524);
#10523 = CARTESIAN_POINT('',(60.714402378131,9.099931634213,7.));
#10524 = VECTOR('',#10525,1.);
#10525 = DIRECTION('',(-0.,-0.,-1.));
#10526 = PCURVE('',#4683,#10527);
#10527 = DEFINITIONAL_REPRESENTATION('',(#10528),#10532);
#10528 = LINE('',#10529,#10530);
#10529 = CARTESIAN_POINT('',(0.,0.));
#10530 = VECTOR('',#10531,1.);
#10531 = DIRECTION('',(0.,-1.));
#10532 = ( GEOMETRIC_REPRESENTATION_CONTEXT(2) 
PARAMETRIC_REPRESENTATION_CONTEXT() REPRESENTATION_CONTEXT('2D SPACE',''
  ) );
#10533 = PCURVE('',#4657,#10534);
#10534 = DEFINITIONAL_REPRESENTATION('',(#10535),#10539);
#10535 = LINE('',#10536,#10537);
#10536 = CARTESIAN_POINT('',(0.41630859375,0.));
#10537 = VECTOR('',#10538,1.);
#10538 = DIRECTION('',(0.,-1.));
#10539 = ( GEOMETRIC_REPRESENTATION_CONTEXT(2) 
PARAMETRIC_REPRESENTATION_CONTEXT() REPRESENTATION_CONTEXT('2D SPACE',''
  ) );
#10540 = ORIENTED_EDGE('',*,*,#10541,.T.);
#10541 = EDGE_CURVE('',#10519,#10411,#10542,.T.);
#10542 = SURFACE_CURVE('',#10543,(#10547,#10554),.PCURVE_S1.);
#10543 = LINE('',#10544,#10545);
#10544 = CARTESIAN_POINT('',(60.714402378131,9.099931634213,6.4));
#10545 = VECTOR('',#10546,1.);
#10546 = DIRECTION('',(-0.332820117735,-0.942990333583,0.));
#10547 = PCURVE('',#4683,#10548);
#10548 = DEFINITIONAL_REPRESENTATION('',(#10549),#10553);
#10549 = LINE('',#10550,#10551);
#10550 = CARTESIAN_POINT('',(-0.,-0.6));
#10551 = VECTOR('',#10552,1.);
#10552 = DIRECTION('',(1.,0.));
#10553 = ( GEOMETRIC_REPRESENTATION_CONTEXT(2) 
PARAMETRIC_REPRESENTATION_CONTEXT() REPRESENTATION_CONTEXT('2D SPACE',''
  ) );
#10554 = PCURVE('',#10429,#10555);
#10555 = DEFINITIONAL_REPRESENTATION('',(#10556),#10560);
#10556 = LINE('',#10557,#10558);
#10557 = CARTESIAN_POINT('',(2.70908203125,3.06181640625));
#10558 = VECTOR('',#10559,1.);
#10559 = DIRECTION('',(0.,-1.));
#10560 = ( GEOMETRIC_REPRESENTATION_CONTEXT(2) 
PARAMETRIC_REPRESENTATION_CONTEXT() REPRESENTATION_CONTEXT('2D SPACE',''
  ) );
#10561 = ORIENTED_EDGE('',*,*,#10444,.F.);
#10562 = ORIENTED_EDGE('',*,*,#4669,.F.);
#10563 = ADVANCED_FACE('',(#10564),#4534,.T.);
#10564 = FACE_BOUND('',#10565,.T.);
#10565 = EDGE_LOOP('',(#10566,#10567,#10590,#10611));
#10566 = ORIENTED_EDGE('',*,*,#10493,.T.);
#10567 = ORIENTED_EDGE('',*,*,#10568,.T.);
#10568 = EDGE_CURVE('',#10471,#10569,#10571,.T.);
#10569 = VERTEX_POINT('',#10570);
#10570 = CARTESIAN_POINT('',(58.89656749679,9.741520415863,6.4));
#10571 = SURFACE_CURVE('',#10572,(#10576,#10583),.PCURVE_S1.);
#10572 = LINE('',#10573,#10574);
#10573 = CARTESIAN_POINT('',(58.503992517096,9.880076291049,6.4));
#10574 = VECTOR('',#10575,1.);
#10575 = DIRECTION('',(0.942990333583,-0.332820117735,0.));
#10576 = PCURVE('',#4534,#10577);
#10577 = DEFINITIONAL_REPRESENTATION('',(#10578),#10582);
#10578 = LINE('',#10579,#10580);
#10579 = CARTESIAN_POINT('',(0.,-0.6));
#10580 = VECTOR('',#10581,1.);
#10581 = DIRECTION('',(1.,0.));
#10582 = ( GEOMETRIC_REPRESENTATION_CONTEXT(2) 
PARAMETRIC_REPRESENTATION_CONTEXT() REPRESENTATION_CONTEXT('2D SPACE',''
  ) );
#10583 = PCURVE('',#10429,#10584);
#10584 = DEFINITIONAL_REPRESENTATION('',(#10585),#10589);
#10585 = LINE('',#10586,#10587);
#10586 = CARTESIAN_POINT('',(0.3650390625,3.06181640625));
#10587 = VECTOR('',#10588,1.);
#10588 = DIRECTION('',(1.,0.));
#10589 = ( GEOMETRIC_REPRESENTATION_CONTEXT(2) 
PARAMETRIC_REPRESENTATION_CONTEXT() REPRESENTATION_CONTEXT('2D SPACE',''
  ) );
#10590 = ORIENTED_EDGE('',*,*,#10591,.F.);
#10591 = EDGE_CURVE('',#4519,#10569,#10592,.T.);
#10592 = SURFACE_CURVE('',#10593,(#10597,#10604),.PCURVE_S1.);
#10593 = LINE('',#10594,#10595);
#10594 = CARTESIAN_POINT('',(58.89656749679,9.741520415863,7.));
#10595 = VECTOR('',#10596,1.);
#10596 = DIRECTION('',(-0.,-0.,-1.));
#10597 = PCURVE('',#4534,#10598);
#10598 = DEFINITIONAL_REPRESENTATION('',(#10599),#10603);
#10599 = LINE('',#10600,#10601);
#10600 = CARTESIAN_POINT('',(0.41630859375,0.));
#10601 = VECTOR('',#10602,1.);
#10602 = DIRECTION('',(0.,-1.));
#10603 = ( GEOMETRIC_REPRESENTATION_CONTEXT(2) 
PARAMETRIC_REPRESENTATION_CONTEXT() REPRESENTATION_CONTEXT('2D SPACE',''
  ) );
#10604 = PCURVE('',#4562,#10605);
#10605 = DEFINITIONAL_REPRESENTATION('',(#10606),#10610);
#10606 = LINE('',#10607,#10608);
#10607 = CARTESIAN_POINT('',(0.,0.));
#10608 = VECTOR('',#10609,1.);
#10609 = DIRECTION('',(0.,-1.));
#10610 = ( GEOMETRIC_REPRESENTATION_CONTEXT(2) 
PARAMETRIC_REPRESENTATION_CONTEXT() REPRESENTATION_CONTEXT('2D SPACE',''
  ) );
#10611 = ORIENTED_EDGE('',*,*,#4518,.F.);
#10612 = ADVANCED_FACE('',(#10613),#4657,.T.);
#10613 = FACE_BOUND('',#10614,.T.);
#10614 = EDGE_LOOP('',(#10615,#10638,#10659,#10660));
#10615 = ORIENTED_EDGE('',*,*,#10616,.T.);
#10616 = EDGE_CURVE('',#4614,#10617,#10619,.T.);
#10617 = VERTEX_POINT('',#10618);
#10618 = CARTESIAN_POINT('',(60.321827398437,9.238487509399,6.4));
#10619 = SURFACE_CURVE('',#10620,(#10624,#10631),.PCURVE_S1.);
#10620 = LINE('',#10621,#10622);
#10621 = CARTESIAN_POINT('',(60.321827398437,9.238487509399,7.));
#10622 = VECTOR('',#10623,1.);
#10623 = DIRECTION('',(-0.,-0.,-1.));
#10624 = PCURVE('',#4657,#10625);
#10625 = DEFINITIONAL_REPRESENTATION('',(#10626),#10630);
#10626 = LINE('',#10627,#10628);
#10627 = CARTESIAN_POINT('',(0.,0.));
#10628 = VECTOR('',#10629,1.);
#10629 = DIRECTION('',(0.,-1.));
#10630 = ( GEOMETRIC_REPRESENTATION_CONTEXT(2) 
PARAMETRIC_REPRESENTATION_CONTEXT() REPRESENTATION_CONTEXT('2D SPACE',''
  ) );
#10631 = PCURVE('',#4629,#10632);
#10632 = DEFINITIONAL_REPRESENTATION('',(#10633),#10637);
#10633 = LINE('',#10634,#10635);
#10634 = CARTESIAN_POINT('',(1.86005859375,0.));
#10635 = VECTOR('',#10636,1.);
#10636 = DIRECTION('',(0.,-1.));
#10637 = ( GEOMETRIC_REPRESENTATION_CONTEXT(2) 
PARAMETRIC_REPRESENTATION_CONTEXT() REPRESENTATION_CONTEXT('2D SPACE',''
  ) );
#10638 = ORIENTED_EDGE('',*,*,#10639,.T.);
#10639 = EDGE_CURVE('',#10617,#10519,#10640,.T.);
#10640 = SURFACE_CURVE('',#10641,(#10645,#10652),.PCURVE_S1.);
#10641 = LINE('',#10642,#10643);
#10642 = CARTESIAN_POINT('',(60.321827398437,9.238487509399,6.4));
#10643 = VECTOR('',#10644,1.);
#10644 = DIRECTION('',(0.942990333583,-0.332820117735,0.));
#10645 = PCURVE('',#4657,#10646);
#10646 = DEFINITIONAL_REPRESENTATION('',(#10647),#10651);
#10647 = LINE('',#10648,#10649);
#10648 = CARTESIAN_POINT('',(0.,-0.6));
#10649 = VECTOR('',#10650,1.);
#10650 = DIRECTION('',(1.,0.));
#10651 = ( GEOMETRIC_REPRESENTATION_CONTEXT(2) 
PARAMETRIC_REPRESENTATION_CONTEXT() REPRESENTATION_CONTEXT('2D SPACE',''
  ) );
#10652 = PCURVE('',#10429,#10653);
#10653 = DEFINITIONAL_REPRESENTATION('',(#10654),#10658);
#10654 = LINE('',#10655,#10656);
#10655 = CARTESIAN_POINT('',(2.2927734375,3.06181640625));
#10656 = VECTOR('',#10657,1.);
#10657 = DIRECTION('',(1.,0.));
#10658 = ( GEOMETRIC_REPRESENTATION_CONTEXT(2) 
PARAMETRIC_REPRESENTATION_CONTEXT() REPRESENTATION_CONTEXT('2D SPACE',''
  ) );
#10659 = ORIENTED_EDGE('',*,*,#10518,.F.);
#10660 = ORIENTED_EDGE('',*,*,#4641,.F.);
#10661 = ADVANCED_FACE('',(#10662),#4562,.T.);
#10662 = FACE_BOUND('',#10663,.T.);
#10663 = EDGE_LOOP('',(#10664,#10665,#10688,#10709));
#10664 = ORIENTED_EDGE('',*,*,#10591,.T.);
#10665 = ORIENTED_EDGE('',*,*,#10666,.T.);
#10666 = EDGE_CURVE('',#10569,#10667,#10669,.T.);
#10667 = VERTEX_POINT('',#10668);
#10668 = CARTESIAN_POINT('',(58.277502576624,7.987503142059,6.4));
#10669 = SURFACE_CURVE('',#10670,(#10674,#10681),.PCURVE_S1.);
#10670 = LINE('',#10671,#10672);
#10671 = CARTESIAN_POINT('',(58.89656749679,9.741520415863,6.4));
#10672 = VECTOR('',#10673,1.);
#10673 = DIRECTION('',(-0.332820117735,-0.942990333583,0.));
#10674 = PCURVE('',#4562,#10675);
#10675 = DEFINITIONAL_REPRESENTATION('',(#10676),#10680);
#10676 = LINE('',#10677,#10678);
#10677 = CARTESIAN_POINT('',(-0.,-0.6));
#10678 = VECTOR('',#10679,1.);
#10679 = DIRECTION('',(1.,0.));
#10680 = ( GEOMETRIC_REPRESENTATION_CONTEXT(2) 
PARAMETRIC_REPRESENTATION_CONTEXT() REPRESENTATION_CONTEXT('2D SPACE',''
  ) );
#10681 = PCURVE('',#10429,#10682);
#10682 = DEFINITIONAL_REPRESENTATION('',(#10683),#10687);
#10683 = LINE('',#10684,#10685);
#10684 = CARTESIAN_POINT('',(0.78134765625,3.06181640625));
#10685 = VECTOR('',#10686,1.);
#10686 = DIRECTION('',(0.,-1.));
#10687 = ( GEOMETRIC_REPRESENTATION_CONTEXT(2) 
PARAMETRIC_REPRESENTATION_CONTEXT() REPRESENTATION_CONTEXT('2D SPACE',''
  ) );
#10688 = ORIENTED_EDGE('',*,*,#10689,.F.);
#10689 = EDGE_CURVE('',#4547,#10667,#10690,.T.);
#10690 = SURFACE_CURVE('',#10691,(#10695,#10702),.PCURVE_S1.);
#10691 = LINE('',#10692,#10693);
#10692 = CARTESIAN_POINT('',(58.277502576624,7.987503142059,7.));
#10693 = VECTOR('',#10694,1.);
#10694 = DIRECTION('',(-0.,-0.,-1.));
#10695 = PCURVE('',#4562,#10696);
#10696 = DEFINITIONAL_REPRESENTATION('',(#10697),#10701);
#10697 = LINE('',#10698,#10699);
#10698 = CARTESIAN_POINT('',(1.86005859375,0.));
#10699 = VECTOR('',#10700,1.);
#10700 = DIRECTION('',(0.,-1.));
#10701 = ( GEOMETRIC_REPRESENTATION_CONTEXT(2) 
PARAMETRIC_REPRESENTATION_CONTEXT() REPRESENTATION_CONTEXT('2D SPACE',''
  ) );
#10702 = PCURVE('',#4596,#10703);
#10703 = DEFINITIONAL_REPRESENTATION('',(#10704),#10708);
#10704 = LINE('',#10705,#10706);
#10705 = CARTESIAN_POINT('',(4.010309278351,0.));
#10706 = VECTOR('',#10707,1.);
#10707 = DIRECTION('',(0.,-1.));
#10708 = ( GEOMETRIC_REPRESENTATION_CONTEXT(2) 
PARAMETRIC_REPRESENTATION_CONTEXT() REPRESENTATION_CONTEXT('2D SPACE',''
  ) );
#10709 = ORIENTED_EDGE('',*,*,#4546,.F.);
#10710 = ADVANCED_FACE('',(#10711),#4629,.T.);
#10711 = FACE_BOUND('',#10712,.T.);
#10712 = EDGE_LOOP('',(#10713,#10736,#10757,#10758));
#10713 = ORIENTED_EDGE('',*,*,#10714,.T.);
#10714 = EDGE_CURVE('',#4575,#10715,#10717,.T.);
#10715 = VERTEX_POINT('',#10716);
#10716 = CARTESIAN_POINT('',(59.702762478271,7.484470235595,6.4));
#10717 = SURFACE_CURVE('',#10718,(#10722,#10729),.PCURVE_S1.);
#10718 = LINE('',#10719,#10720);
#10719 = CARTESIAN_POINT('',(59.702762478271,7.484470235595,7.));
#10720 = VECTOR('',#10721,1.);
#10721 = DIRECTION('',(-0.,-0.,-1.));
#10722 = PCURVE('',#4629,#10723);
#10723 = DEFINITIONAL_REPRESENTATION('',(#10724),#10728);
#10724 = LINE('',#10725,#10726);
#10725 = CARTESIAN_POINT('',(0.,0.));
#10726 = VECTOR('',#10727,1.);
#10727 = DIRECTION('',(0.,-1.));
#10728 = ( GEOMETRIC_REPRESENTATION_CONTEXT(2) 
PARAMETRIC_REPRESENTATION_CONTEXT() REPRESENTATION_CONTEXT('2D SPACE',''
  ) );
#10729 = PCURVE('',#4596,#10730);
#10730 = DEFINITIONAL_REPRESENTATION('',(#10731),#10735);
#10731 = LINE('',#10732,#10733);
#10732 = CARTESIAN_POINT('',(0.,0.));
#10733 = VECTOR('',#10734,1.);
#10734 = DIRECTION('',(0.,-1.));
#10735 = ( GEOMETRIC_REPRESENTATION_CONTEXT(2) 
PARAMETRIC_REPRESENTATION_CONTEXT() REPRESENTATION_CONTEXT('2D SPACE',''
  ) );
#10736 = ORIENTED_EDGE('',*,*,#10737,.T.);
#10737 = EDGE_CURVE('',#10715,#10617,#10738,.T.);
#10738 = SURFACE_CURVE('',#10739,(#10743,#10750),.PCURVE_S1.);
#10739 = LINE('',#10740,#10741);
#10740 = CARTESIAN_POINT('',(59.702762478271,7.484470235595,6.4));
#10741 = VECTOR('',#10742,1.);
#10742 = DIRECTION('',(0.332820117735,0.942990333583,0.));
#10743 = PCURVE('',#4629,#10744);
#10744 = DEFINITIONAL_REPRESENTATION('',(#10745),#10749);
#10745 = LINE('',#10746,#10747);
#10746 = CARTESIAN_POINT('',(0.,-0.6));
#10747 = VECTOR('',#10748,1.);
#10748 = DIRECTION('',(1.,0.));
#10749 = ( GEOMETRIC_REPRESENTATION_CONTEXT(2) 
PARAMETRIC_REPRESENTATION_CONTEXT() REPRESENTATION_CONTEXT('2D SPACE',''
  ) );
#10750 = PCURVE('',#10429,#10751);
#10751 = DEFINITIONAL_REPRESENTATION('',(#10752),#10756);
#10752 = LINE('',#10753,#10754);
#10753 = CARTESIAN_POINT('',(2.2927734375,1.2017578125));
#10754 = VECTOR('',#10755,1.);
#10755 = DIRECTION('',(0.,1.));
#10756 = ( GEOMETRIC_REPRESENTATION_CONTEXT(2) 
PARAMETRIC_REPRESENTATION_CONTEXT() REPRESENTATION_CONTEXT('2D SPACE',''
  ) );
#10757 = ORIENTED_EDGE('',*,*,#10616,.F.);
#10758 = ORIENTED_EDGE('',*,*,#4613,.F.);
#10759 = ADVANCED_FACE('',(#10760),#4596,.F.);
#10760 = FACE_BOUND('',#10761,.F.);
#10761 = EDGE_LOOP('',(#10762,#10763,#10790,#10791));
#10762 = ORIENTED_EDGE('',*,*,#10714,.T.);
#10763 = ORIENTED_EDGE('',*,*,#10764,.T.);
#10764 = EDGE_CURVE('',#10715,#10667,#10765,.T.);
#10765 = SURFACE_CURVE('',#10766,(#10773,#10780),.PCURVE_S1.);
#10766 = B_SPLINE_CURVE_WITH_KNOTS('',2,(#10767,#10768,#10769,#10770,
    #10771,#10772),.UNSPECIFIED.,.F.,.F.,(3,1,1,1,3),(0.,1.,2.,
    3.005154639175,4.010309278351),.UNSPECIFIED.);
#10767 = CARTESIAN_POINT('',(59.702762478271,7.484470235595,6.4));
#10768 = CARTESIAN_POINT('',(59.538952576573,7.020342180785,6.4));
#10769 = CARTESIAN_POINT('',(59.058443531593,6.731058444662,6.4));
#10770 = CARTESIAN_POINT('',(58.306169309421,6.996566993664,6.4));
#10771 = CARTESIAN_POINT('',(58.113692674926,7.523375087249,6.4));
#10772 = CARTESIAN_POINT('',(58.277502576624,7.987503142059,6.4));
#10773 = PCURVE('',#4596,#10774);
#10774 = DEFINITIONAL_REPRESENTATION('',(#10775),#10779);
#10775 = LINE('',#10776,#10777);
#10776 = CARTESIAN_POINT('',(0.,-0.6));
#10777 = VECTOR('',#10778,1.);
#10778 = DIRECTION('',(1.,0.));
#10779 = ( GEOMETRIC_REPRESENTATION_CONTEXT(2) 
PARAMETRIC_REPRESENTATION_CONTEXT() REPRESENTATION_CONTEXT('2D SPACE',''
  ) );
#10780 = PCURVE('',#10429,#10781);
#10781 = DEFINITIONAL_REPRESENTATION('',(#10782),#10789);
#10782 = B_SPLINE_CURVE_WITH_KNOTS('',2,(#10783,#10784,#10785,#10786,
    #10787,#10788),.UNSPECIFIED.,.F.,.F.,(3,1,1,1,3),(0.,1.,2.,
    3.005154639175,4.010309278351),.UNSPECIFIED.);
#10783 = CARTESIAN_POINT('',(2.2927734375,1.2017578125));
#10784 = CARTESIAN_POINT('',(2.2927734375,0.7095703125));
#10785 = CARTESIAN_POINT('',(1.9359375,0.27685546875));
#10786 = CARTESIAN_POINT('',(1.13818359375,0.27685546875));
#10787 = CARTESIAN_POINT('',(0.78134765625,0.7095703125));
#10788 = CARTESIAN_POINT('',(0.78134765625,1.2017578125));
#10789 = ( GEOMETRIC_REPRESENTATION_CONTEXT(2) 
PARAMETRIC_REPRESENTATION_CONTEXT() REPRESENTATION_CONTEXT('2D SPACE',''
  ) );
#10790 = ORIENTED_EDGE('',*,*,#10689,.F.);
#10791 = ORIENTED_EDGE('',*,*,#4574,.F.);
#10792 = ADVANCED_FACE('',(#10793),#4725,.F.);
#10793 = FACE_BOUND('',#10794,.F.);
#10794 = EDGE_LOOP('',(#10795,#10818,#10856,#10877));
#10795 = ORIENTED_EDGE('',*,*,#10796,.T.);
#10796 = EDGE_CURVE('',#4698,#10797,#10799,.T.);
#10797 = VERTEX_POINT('',#10798);
#10798 = CARTESIAN_POINT('',(63.144704280819,8.135614594844,6.4));
#10799 = SURFACE_CURVE('',#10800,(#10804,#10811),.PCURVE_S1.);
#10800 = LINE('',#10801,#10802);
#10801 = CARTESIAN_POINT('',(63.144704280819,8.135614594844,7.));
#10802 = VECTOR('',#10803,1.);
#10803 = DIRECTION('',(-0.,-0.,-1.));
#10804 = PCURVE('',#4725,#10805);
#10805 = DEFINITIONAL_REPRESENTATION('',(#10806),#10810);
#10806 = LINE('',#10807,#10808);
#10807 = CARTESIAN_POINT('',(0.,0.));
#10808 = VECTOR('',#10809,1.);
#10809 = DIRECTION('',(0.,-1.));
#10810 = ( GEOMETRIC_REPRESENTATION_CONTEXT(2) 
PARAMETRIC_REPRESENTATION_CONTEXT() REPRESENTATION_CONTEXT('2D SPACE',''
  ) );
#10811 = PCURVE('',#4760,#10812);
#10812 = DEFINITIONAL_REPRESENTATION('',(#10813),#10817);
#10813 = LINE('',#10814,#10815);
#10814 = CARTESIAN_POINT('',(0.,0.));
#10815 = VECTOR('',#10816,1.);
#10816 = DIRECTION('',(0.,-1.));
#10817 = ( GEOMETRIC_REPRESENTATION_CONTEXT(2) 
PARAMETRIC_REPRESENTATION_CONTEXT() REPRESENTATION_CONTEXT('2D SPACE',''
  ) );
#10818 = ORIENTED_EDGE('',*,*,#10819,.T.);
#10819 = EDGE_CURVE('',#10797,#10820,#10822,.T.);
#10820 = VERTEX_POINT('',#10821);
#10821 = CARTESIAN_POINT('',(61.596586952899,7.033537978422,6.4));
#10822 = SURFACE_CURVE('',#10823,(#10832,#10839),.PCURVE_S1.);
#10823 = B_SPLINE_CURVE_WITH_KNOTS('',2,(#10824,#10825,#10826,#10827,
    #10828,#10829,#10830,#10831),.UNSPECIFIED.,.F.,.F.,(3,1,1,1,1,1,3),(
    0.,1.,2.,4.333333333333,6.666666666667,8.681818181819,10.69696969697
    ),.UNSPECIFIED.);
#10824 = CARTESIAN_POINT('',(63.144704280819,8.135614594844,6.4));
#10825 = CARTESIAN_POINT('',(62.950180022553,8.286911240162,6.4));
#10826 = CARTESIAN_POINT('',(62.554533607202,8.509192176216,6.4));
#10827 = CARTESIAN_POINT('',(61.877680193937,8.748081616192,6.4));
#10828 = CARTESIAN_POINT('',(61.182511923607,8.497588974846,6.4));
#10829 = CARTESIAN_POINT('',(60.930654199747,7.783992090575,6.4));
#10830 = CARTESIAN_POINT('',(61.190247391187,7.274816312797,6.4));
#10831 = CARTESIAN_POINT('',(61.596586952899,7.033537978422,6.4));
#10832 = PCURVE('',#4725,#10833);
#10833 = DEFINITIONAL_REPRESENTATION('',(#10834),#10838);
#10834 = LINE('',#10835,#10836);
#10835 = CARTESIAN_POINT('',(0.,-0.6));
#10836 = VECTOR('',#10837,1.);
#10837 = DIRECTION('',(1.,0.));
#10838 = ( GEOMETRIC_REPRESENTATION_CONTEXT(2) 
PARAMETRIC_REPRESENTATION_CONTEXT() REPRESENTATION_CONTEXT('2D SPACE',''
  ) );
#10839 = PCURVE('',#10840,#10845);
#10840 = PLANE('',#10841);
#10841 = AXIS2_PLACEMENT_3D('',#10842,#10843,#10844);
#10842 = CARTESIAN_POINT('',(60.039596588637,6.091176016155,6.4));
#10843 = DIRECTION('',(0.,0.,1.));
#10844 = DIRECTION('',(0.942990333583,-0.332820117735,0.));
#10845 = DEFINITIONAL_REPRESENTATION('',(#10846),#10855);
#10846 = B_SPLINE_CURVE_WITH_KNOTS('',2,(#10847,#10848,#10849,#10850,
    #10851,#10852,#10853,#10854),.UNSPECIFIED.,.F.,.F.,(3,1,1,1,1,1,3),(
    0.,1.,2.,4.333333333333,6.666666666667,8.681818181819,10.69696969697
    ),.UNSPECIFIED.);
#10847 = CARTESIAN_POINT('',(2.24765625,2.961328125));
#10848 = CARTESIAN_POINT('',(2.0138671875,3.0392578125));
#10849 = CARTESIAN_POINT('',(1.566796875,3.1171875));
#10850 = CARTESIAN_POINT('',(0.8490234375,3.1171875));
#10851 = CARTESIAN_POINT('',(0.27685546875,2.649609375));
#10852 = CARTESIAN_POINT('',(0.27685546875,1.89287109375));
#10853 = CARTESIAN_POINT('',(0.69111328125,1.49912109375));
#10854 = CARTESIAN_POINT('',(1.15458984375,1.4068359375));
#10855 = ( GEOMETRIC_REPRESENTATION_CONTEXT(2) 
PARAMETRIC_REPRESENTATION_CONTEXT() REPRESENTATION_CONTEXT('2D SPACE',''
  ) );
#10856 = ORIENTED_EDGE('',*,*,#10857,.F.);
#10857 = EDGE_CURVE('',#4700,#10820,#10858,.T.);
#10858 = SURFACE_CURVE('',#10859,(#10863,#10870),.PCURVE_S1.);
#10859 = LINE('',#10860,#10861);
#10860 = CARTESIAN_POINT('',(61.596586952899,7.033537978422,7.));
#10861 = VECTOR('',#10862,1.);
#10862 = DIRECTION('',(-0.,-0.,-1.));
#10863 = PCURVE('',#4725,#10864);
#10864 = DEFINITIONAL_REPRESENTATION('',(#10865),#10869);
#10865 = LINE('',#10866,#10867);
#10866 = CARTESIAN_POINT('',(10.69696969697,0.));
#10867 = VECTOR('',#10868,1.);
#10868 = DIRECTION('',(0.,-1.));
#10869 = ( GEOMETRIC_REPRESENTATION_CONTEXT(2) 
PARAMETRIC_REPRESENTATION_CONTEXT() REPRESENTATION_CONTEXT('2D SPACE',''
  ) );
#10870 = PCURVE('',#4977,#10871);
#10871 = DEFINITIONAL_REPRESENTATION('',(#10872),#10876);
#10872 = LINE('',#10873,#10874);
#10873 = CARTESIAN_POINT('',(0.257003068394,0.));
#10874 = VECTOR('',#10875,1.);
#10875 = DIRECTION('',(0.,-1.));
#10876 = ( GEOMETRIC_REPRESENTATION_CONTEXT(2) 
PARAMETRIC_REPRESENTATION_CONTEXT() REPRESENTATION_CONTEXT('2D SPACE',''
  ) );
#10877 = ORIENTED_EDGE('',*,*,#4697,.F.);
#10878 = ADVANCED_FACE('',(#10879),#4760,.T.);
#10879 = FACE_BOUND('',#10880,.T.);
#10880 = EDGE_LOOP('',(#10881,#10882,#10905,#10926));
#10881 = ORIENTED_EDGE('',*,*,#10796,.T.);
#10882 = ORIENTED_EDGE('',*,*,#10883,.T.);
#10883 = EDGE_CURVE('',#10797,#10884,#10886,.T.);
#10884 = VERTEX_POINT('',#10885);
#10885 = CARTESIAN_POINT('',(63.010243653175,7.75464281652,6.4));
#10886 = SURFACE_CURVE('',#10887,(#10891,#10898),.PCURVE_S1.);
#10887 = LINE('',#10888,#10889);
#10888 = CARTESIAN_POINT('',(63.144704280819,8.135614594844,6.4));
#10889 = VECTOR('',#10890,1.);
#10890 = DIRECTION('',(-0.332820117735,-0.942990333583,0.));
#10891 = PCURVE('',#4760,#10892);
#10892 = DEFINITIONAL_REPRESENTATION('',(#10893),#10897);
#10893 = LINE('',#10894,#10895);
#10894 = CARTESIAN_POINT('',(-0.,-0.6));
#10895 = VECTOR('',#10896,1.);
#10896 = DIRECTION('',(1.,0.));
#10897 = ( GEOMETRIC_REPRESENTATION_CONTEXT(2) 
PARAMETRIC_REPRESENTATION_CONTEXT() REPRESENTATION_CONTEXT('2D SPACE',''
  ) );
#10898 = PCURVE('',#10840,#10899);
#10899 = DEFINITIONAL_REPRESENTATION('',(#10900),#10904);
#10900 = LINE('',#10901,#10902);
#10901 = CARTESIAN_POINT('',(2.24765625,2.961328125));
#10902 = VECTOR('',#10903,1.);
#10903 = DIRECTION('',(0.,-1.));
#10904 = ( GEOMETRIC_REPRESENTATION_CONTEXT(2) 
PARAMETRIC_REPRESENTATION_CONTEXT() REPRESENTATION_CONTEXT('2D SPACE',''
  ) );
#10905 = ORIENTED_EDGE('',*,*,#10906,.F.);
#10906 = EDGE_CURVE('',#4745,#10884,#10907,.T.);
#10907 = SURFACE_CURVE('',#10908,(#10912,#10919),.PCURVE_S1.);
#10908 = LINE('',#10909,#10910);
#10909 = CARTESIAN_POINT('',(63.010243653175,7.75464281652,7.));
#10910 = VECTOR('',#10911,1.);
#10911 = DIRECTION('',(-0.,-0.,-1.));
#10912 = PCURVE('',#4760,#10913);
#10913 = DEFINITIONAL_REPRESENTATION('',(#10914),#10918);
#10914 = LINE('',#10915,#10916);
#10915 = CARTESIAN_POINT('',(0.40400390625,0.));
#10916 = VECTOR('',#10917,1.);
#10917 = DIRECTION('',(0.,-1.));
#10918 = ( GEOMETRIC_REPRESENTATION_CONTEXT(2) 
PARAMETRIC_REPRESENTATION_CONTEXT() REPRESENTATION_CONTEXT('2D SPACE',''
  ) );
#10919 = PCURVE('',#4798,#10920);
#10920 = DEFINITIONAL_REPRESENTATION('',(#10921),#10925);
#10921 = LINE('',#10922,#10923);
#10922 = CARTESIAN_POINT('',(5.756351392715,0.));
#10923 = VECTOR('',#10924,1.);
#10924 = DIRECTION('',(0.,-1.));
#10925 = ( GEOMETRIC_REPRESENTATION_CONTEXT(2) 
PARAMETRIC_REPRESENTATION_CONTEXT() REPRESENTATION_CONTEXT('2D SPACE',''
  ) );
#10926 = ORIENTED_EDGE('',*,*,#4744,.F.);
#10927 = ADVANCED_FACE('',(#10928),#4977,.T.);
#10928 = FACE_BOUND('',#10929,.T.);
#10929 = EDGE_LOOP('',(#10930,#10953,#10974,#10975));
#10930 = ORIENTED_EDGE('',*,*,#10931,.T.);
#10931 = EDGE_CURVE('',#4919,#10932,#10934,.T.);
#10932 = VERTEX_POINT('',#10933);
#10933 = CARTESIAN_POINT('',(61.818071590819,6.903172598321,6.4));
#10934 = SURFACE_CURVE('',#10935,(#10939,#10946),.PCURVE_S1.);
#10935 = LINE('',#10936,#10937);
#10936 = CARTESIAN_POINT('',(61.818071590819,6.903172598321,7.));
#10937 = VECTOR('',#10938,1.);
#10938 = DIRECTION('',(-0.,-0.,-1.));
#10939 = PCURVE('',#4977,#10940);
#10940 = DEFINITIONAL_REPRESENTATION('',(#10941),#10945);
#10941 = LINE('',#10942,#10943);
#10942 = CARTESIAN_POINT('',(0.,0.));
#10943 = VECTOR('',#10944,1.);
#10944 = DIRECTION('',(0.,-1.));
#10945 = ( GEOMETRIC_REPRESENTATION_CONTEXT(2) 
PARAMETRIC_REPRESENTATION_CONTEXT() REPRESENTATION_CONTEXT('2D SPACE',''
  ) );
#10946 = PCURVE('',#4944,#10947);
#10947 = DEFINITIONAL_REPRESENTATION('',(#10948),#10952);
#10948 = LINE('',#10949,#10950);
#10949 = CARTESIAN_POINT('',(0.,0.));
#10950 = VECTOR('',#10951,1.);
#10951 = DIRECTION('',(0.,-1.));
#10952 = ( GEOMETRIC_REPRESENTATION_CONTEXT(2) 
PARAMETRIC_REPRESENTATION_CONTEXT() REPRESENTATION_CONTEXT('2D SPACE',''
  ) );
#10953 = ORIENTED_EDGE('',*,*,#10954,.T.);
#10954 = EDGE_CURVE('',#10932,#10820,#10955,.T.);
#10955 = SURFACE_CURVE('',#10956,(#10960,#10967),.PCURVE_S1.);
#10956 = LINE('',#10957,#10958);
#10957 = CARTESIAN_POINT('',(61.818071590819,6.903172598321,6.4));
#10958 = VECTOR('',#10959,1.);
#10959 = DIRECTION('',(-0.861797640413,0.507252232108,0.));
#10960 = PCURVE('',#4977,#10961);
#10961 = DEFINITIONAL_REPRESENTATION('',(#10962),#10966);
#10962 = LINE('',#10963,#10964);
#10963 = CARTESIAN_POINT('',(0.,-0.6));
#10964 = VECTOR('',#10965,1.);
#10965 = DIRECTION('',(1.,0.));
#10966 = ( GEOMETRIC_REPRESENTATION_CONTEXT(2) 
PARAMETRIC_REPRESENTATION_CONTEXT() REPRESENTATION_CONTEXT('2D SPACE',''
  ) );
#10967 = PCURVE('',#10840,#10968);
#10968 = DEFINITIONAL_REPRESENTATION('',(#10969),#10973);
#10969 = LINE('',#10970,#10971);
#10970 = CARTESIAN_POINT('',(1.4068359375,1.3576171875));
#10971 = VECTOR('',#10972,1.);
#10972 = DIRECTION('',(-0.981490592026,0.19151035942));
#10973 = ( GEOMETRIC_REPRESENTATION_CONTEXT(2) 
PARAMETRIC_REPRESENTATION_CONTEXT() REPRESENTATION_CONTEXT('2D SPACE',''
  ) );
#10974 = ORIENTED_EDGE('',*,*,#10857,.F.);
#10975 = ORIENTED_EDGE('',*,*,#4963,.F.);
#10976 = ADVANCED_FACE('',(#10977),#4798,.F.);
#10977 = FACE_BOUND('',#10978,.F.);
#10978 = EDGE_LOOP('',(#10979,#11002,#11033,#11034));
#10979 = ORIENTED_EDGE('',*,*,#10980,.T.);
#10980 = EDGE_CURVE('',#4773,#10981,#10983,.T.);
#10981 = VERTEX_POINT('',#10982);
#10982 = CARTESIAN_POINT('',(61.844349429217,7.365821813741,6.4));
#10983 = SURFACE_CURVE('',#10984,(#10988,#10995),.PCURVE_S1.);
#10984 = LINE('',#10985,#10986);
#10985 = CARTESIAN_POINT('',(61.844349429217,7.365821813741,7.));
#10986 = VECTOR('',#10987,1.);
#10987 = DIRECTION('',(-0.,-0.,-1.));
#10988 = PCURVE('',#4798,#10989);
#10989 = DEFINITIONAL_REPRESENTATION('',(#10990),#10994);
#10990 = LINE('',#10991,#10992);
#10991 = CARTESIAN_POINT('',(0.,0.));
#10992 = VECTOR('',#10993,1.);
#10993 = DIRECTION('',(0.,-1.));
#10994 = ( GEOMETRIC_REPRESENTATION_CONTEXT(2) 
PARAMETRIC_REPRESENTATION_CONTEXT() REPRESENTATION_CONTEXT('2D SPACE',''
  ) );
#10995 = PCURVE('',#4833,#10996);
#10996 = DEFINITIONAL_REPRESENTATION('',(#10997),#11001);
#10997 = LINE('',#10998,#10999);
#10998 = CARTESIAN_POINT('',(0.,0.));
#10999 = VECTOR('',#11000,1.);
#11000 = DIRECTION('',(0.,-1.));
#11001 = ( GEOMETRIC_REPRESENTATION_CONTEXT(2) 
PARAMETRIC_REPRESENTATION_CONTEXT() REPRESENTATION_CONTEXT('2D SPACE',''
  ) );
#11002 = ORIENTED_EDGE('',*,*,#11003,.T.);
#11003 = EDGE_CURVE('',#10981,#10884,#11004,.T.);
#11004 = SURFACE_CURVE('',#11005,(#11014,#11021),.PCURVE_S1.);
#11005 = B_SPLINE_CURVE_WITH_KNOTS('',2,(#11006,#11007,#11008,#11009,
    #11010,#11011,#11012,#11013),.UNSPECIFIED.,.F.,.F.,(3,1,1,1,1,1,3),(
    0.,1.,2.,3.191919191919,4.383838383839,5.070094888277,5.756351392715
    ),.UNSPECIFIED.);
#11006 = CARTESIAN_POINT('',(61.844349429217,7.365821813741,6.4));
#11007 = CARTESIAN_POINT('',(61.544486303609,7.539073536161,6.4));
#11008 = CARTESIAN_POINT('',(61.383292810063,7.815616502152,6.4));
#11009 = CARTESIAN_POINT('',(61.531404262848,8.235265618377,6.4));
#11010 = CARTESIAN_POINT('',(61.964931717966,8.360625695926,6.4));
#11011 = CARTESIAN_POINT('',(62.467737110677,8.183164969087,6.4));
#11012 = CARTESIAN_POINT('',(62.825388729384,7.939497740311,6.4));
#11013 = CARTESIAN_POINT('',(63.010243653175,7.75464281652,6.4));
#11014 = PCURVE('',#4798,#11015);
#11015 = DEFINITIONAL_REPRESENTATION('',(#11016),#11020);
#11016 = LINE('',#11017,#11018);
#11017 = CARTESIAN_POINT('',(0.,-0.6));
#11018 = VECTOR('',#11019,1.);
#11019 = DIRECTION('',(1.,0.));
#11020 = ( GEOMETRIC_REPRESENTATION_CONTEXT(2) 
PARAMETRIC_REPRESENTATION_CONTEXT() REPRESENTATION_CONTEXT('2D SPACE',''
  ) );
#11021 = PCURVE('',#10840,#11022);
#11022 = DEFINITIONAL_REPRESENTATION('',(#11023),#11032);
#11023 = B_SPLINE_CURVE_WITH_KNOTS('',2,(#11024,#11025,#11026,#11027,
    #11028,#11029,#11030,#11031),.UNSPECIFIED.,.F.,.F.,(3,1,1,1,1,1,3),(
    0.,1.,2.,3.191919191919,4.383838383839,5.070094888277,5.756351392715
    ),.UNSPECIFIED.);
#11024 = CARTESIAN_POINT('',(1.27763671875,1.80263671875));
#11025 = CARTESIAN_POINT('',(0.93720703125,1.8662109375));
#11026 = CARTESIAN_POINT('',(0.6931640625,2.07333984375));
#11027 = CARTESIAN_POINT('',(0.6931640625,2.518359375));
#11028 = CARTESIAN_POINT('',(1.06025390625,2.780859375));
#11029 = CARTESIAN_POINT('',(1.59345703125,2.780859375));
#11030 = CARTESIAN_POINT('',(2.01181640625,2.6701171875));
#11031 = CARTESIAN_POINT('',(2.24765625,2.55732421875));
#11032 = ( GEOMETRIC_REPRESENTATION_CONTEXT(2) 
PARAMETRIC_REPRESENTATION_CONTEXT() REPRESENTATION_CONTEXT('2D SPACE',''
  ) );
#11033 = ORIENTED_EDGE('',*,*,#10906,.F.);
#11034 = ORIENTED_EDGE('',*,*,#4772,.F.);
#11035 = ADVANCED_FACE('',(#11036),#4944,.F.);
#11036 = FACE_BOUND('',#11037,.F.);
#11037 = EDGE_LOOP('',(#11038,#11039,#11072,#11093));
#11038 = ORIENTED_EDGE('',*,*,#10931,.T.);
#11039 = ORIENTED_EDGE('',*,*,#11040,.T.);
#11040 = EDGE_CURVE('',#10932,#11041,#11043,.T.);
#11041 = VERTEX_POINT('',#11042);
#11042 = CARTESIAN_POINT('',(60.499288125276,6.524817228149,6.4));
#11043 = SURFACE_CURVE('',#11044,(#11053,#11060),.PCURVE_S1.);
#11044 = B_SPLINE_CURVE_WITH_KNOTS('',2,(#11045,#11046,#11047,#11048,
    #11049,#11050,#11051,#11052),.UNSPECIFIED.,.F.,.F.,(3,1,1,1,1,1,3),(
    0.,1.,2.,3.145454545455,4.290909090909,5.045717288492,5.800525486075
    ),.UNSPECIFIED.);
#11045 = CARTESIAN_POINT('',(61.818071590819,6.903172598321,6.4));
#11046 = CARTESIAN_POINT('',(62.094728313687,6.738111370985,6.4));
#11047 = CARTESIAN_POINT('',(62.27116522864,6.406168806295,6.4));
#11048 = CARTESIAN_POINT('',(62.110085491971,5.949776219064,6.4));
#11049 = CARTESIAN_POINT('',(61.653692904741,5.815088077668,6.4));
#11050 = CARTESIAN_POINT('',(61.098673105863,6.010977418449,6.4));
#11051 = CARTESIAN_POINT('',(60.690058406628,6.307427837771,6.4));
#11052 = CARTESIAN_POINT('',(60.499288125276,6.524817228149,6.4));
#11053 = PCURVE('',#4944,#11054);
#11054 = DEFINITIONAL_REPRESENTATION('',(#11055),#11059);
#11055 = LINE('',#11056,#11057);
#11056 = CARTESIAN_POINT('',(0.,-0.6));
#11057 = VECTOR('',#11058,1.);
#11058 = DIRECTION('',(1.,0.));
#11059 = ( GEOMETRIC_REPRESENTATION_CONTEXT(2) 
PARAMETRIC_REPRESENTATION_CONTEXT() REPRESENTATION_CONTEXT('2D SPACE',''
  ) );
#11060 = PCURVE('',#10840,#11061);
#11061 = DEFINITIONAL_REPRESENTATION('',(#11062),#11071);
#11062 = B_SPLINE_CURVE_WITH_KNOTS('',2,(#11063,#11064,#11065,#11066,
    #11067,#11068,#11069,#11070),.UNSPECIFIED.,.F.,.F.,(3,1,1,1,1,1,3),(
    0.,1.,2.,3.145454545455,4.290909090909,5.045717288492,5.800525486075
    ),.UNSPECIFIED.);
#11063 = CARTESIAN_POINT('',(1.4068359375,1.3576171875));
#11064 = CARTESIAN_POINT('',(1.72265625,1.29404296875));
#11065 = CARTESIAN_POINT('',(1.99951171875,1.03974609375));
#11066 = CARTESIAN_POINT('',(1.99951171875,0.55576171875));
#11067 = CARTESIAN_POINT('',(1.61396484375,0.27685546875));
#11068 = CARTESIAN_POINT('',(1.025390625,0.27685546875));
#11069 = CARTESIAN_POINT('',(0.54140625,0.42041015625));
#11070 = CARTESIAN_POINT('',(0.28916015625,0.5619140625));
#11071 = ( GEOMETRIC_REPRESENTATION_CONTEXT(2) 
PARAMETRIC_REPRESENTATION_CONTEXT() REPRESENTATION_CONTEXT('2D SPACE',''
  ) );
#11072 = ORIENTED_EDGE('',*,*,#11073,.F.);
#11073 = EDGE_CURVE('',#4891,#11041,#11074,.T.);
#11074 = SURFACE_CURVE('',#11075,(#11079,#11086),.PCURVE_S1.);
#11075 = LINE('',#11076,#11077);
#11076 = CARTESIAN_POINT('',(60.499288125276,6.524817228149,7.));
#11077 = VECTOR('',#11078,1.);
#11078 = DIRECTION('',(-0.,-0.,-1.));
#11079 = PCURVE('',#4944,#11080);
#11080 = DEFINITIONAL_REPRESENTATION('',(#11081),#11085);
#11081 = LINE('',#11082,#11083);
#11082 = CARTESIAN_POINT('',(5.800525486075,0.));
#11083 = VECTOR('',#11084,1.);
#11084 = DIRECTION('',(0.,-1.));
#11085 = ( GEOMETRIC_REPRESENTATION_CONTEXT(2) 
PARAMETRIC_REPRESENTATION_CONTEXT() REPRESENTATION_CONTEXT('2D SPACE',''
  ) );
#11086 = PCURVE('',#4906,#11087);
#11087 = DEFINITIONAL_REPRESENTATION('',(#11088),#11092);
#11088 = LINE('',#11089,#11090);
#11089 = CARTESIAN_POINT('',(0.4265625,0.));
#11090 = VECTOR('',#11091,1.);
#11091 = DIRECTION('',(0.,-1.));
#11092 = ( GEOMETRIC_REPRESENTATION_CONTEXT(2) 
PARAMETRIC_REPRESENTATION_CONTEXT() REPRESENTATION_CONTEXT('2D SPACE',''
  ) );
#11093 = ORIENTED_EDGE('',*,*,#4918,.F.);
#11094 = ADVANCED_FACE('',(#11095),#4833,.T.);
#11095 = FACE_BOUND('',#11096,.T.);
#11096 = EDGE_LOOP('',(#11097,#11098,#11121,#11142));
#11097 = ORIENTED_EDGE('',*,*,#10980,.T.);
#11098 = ORIENTED_EDGE('',*,*,#11099,.T.);
#11099 = EDGE_CURVE('',#10981,#11100,#11102,.T.);
#11100 = VERTEX_POINT('',#11101);
#11101 = CARTESIAN_POINT('',(62.063217658985,7.234205108002,6.4));
#11102 = SURFACE_CURVE('',#11103,(#11107,#11114),.PCURVE_S1.);
#11103 = LINE('',#11104,#11105);
#11104 = CARTESIAN_POINT('',(61.844349429217,7.365821813741,6.4));
#11105 = VECTOR('',#11106,1.);
#11106 = DIRECTION('',(0.856981583838,-0.515347033524,0.));
#11107 = PCURVE('',#4833,#11108);
#11108 = DEFINITIONAL_REPRESENTATION('',(#11109),#11113);
#11109 = LINE('',#11110,#11111);
#11110 = CARTESIAN_POINT('',(0.,-0.6));
#11111 = VECTOR('',#11112,1.);
#11112 = DIRECTION('',(1.,0.));
#11113 = ( GEOMETRIC_REPRESENTATION_CONTEXT(2) 
PARAMETRIC_REPRESENTATION_CONTEXT() REPRESENTATION_CONTEXT('2D SPACE',''
  ) );
#11114 = PCURVE('',#10840,#11115);
#11115 = DEFINITIONAL_REPRESENTATION('',(#11116),#11120);
#11116 = LINE('',#11117,#11118);
#11117 = CARTESIAN_POINT('',(1.27763671875,1.80263671875));
#11118 = VECTOR('',#11119,1.);
#11119 = DIRECTION('',(0.97964320999,-0.200746559424));
#11120 = ( GEOMETRIC_REPRESENTATION_CONTEXT(2) 
PARAMETRIC_REPRESENTATION_CONTEXT() REPRESENTATION_CONTEXT('2D SPACE',''
  ) );
#11121 = ORIENTED_EDGE('',*,*,#11122,.F.);
#11122 = EDGE_CURVE('',#4818,#11100,#11123,.T.);
#11123 = SURFACE_CURVE('',#11124,(#11128,#11135),.PCURVE_S1.);
#11124 = LINE('',#11125,#11126);
#11125 = CARTESIAN_POINT('',(62.063217658985,7.234205108002,7.));
#11126 = VECTOR('',#11127,1.);
#11127 = DIRECTION('',(-0.,-0.,-1.));
#11128 = PCURVE('',#4833,#11129);
#11129 = DEFINITIONAL_REPRESENTATION('',(#11130),#11134);
#11130 = LINE('',#11131,#11132);
#11131 = CARTESIAN_POINT('',(0.255394321064,0.));
#11132 = VECTOR('',#11133,1.);
#11133 = DIRECTION('',(0.,-1.));
#11134 = ( GEOMETRIC_REPRESENTATION_CONTEXT(2) 
PARAMETRIC_REPRESENTATION_CONTEXT() REPRESENTATION_CONTEXT('2D SPACE',''
  ) );
#11135 = PCURVE('',#4871,#11136);
#11136 = DEFINITIONAL_REPRESENTATION('',(#11137),#11141);
#11137 = LINE('',#11138,#11139);
#11138 = CARTESIAN_POINT('',(11.748630553865,0.));
#11139 = VECTOR('',#11140,1.);
#11140 = DIRECTION('',(0.,-1.));
#11141 = ( GEOMETRIC_REPRESENTATION_CONTEXT(2) 
PARAMETRIC_REPRESENTATION_CONTEXT() REPRESENTATION_CONTEXT('2D SPACE',''
  ) );
#11142 = ORIENTED_EDGE('',*,*,#4817,.F.);
#11143 = ADVANCED_FACE('',(#11144),#4906,.T.);
#11144 = FACE_BOUND('',#11145,.T.);
#11145 = EDGE_LOOP('',(#11146,#11169,#11190,#11191));
#11146 = ORIENTED_EDGE('',*,*,#11147,.T.);
#11147 = EDGE_CURVE('',#4846,#11148,#11150,.T.);
#11148 = VERTEX_POINT('',#11149);
#11149 = CARTESIAN_POINT('',(60.357319543805,6.12257291398,6.4));
#11150 = SURFACE_CURVE('',#11151,(#11155,#11162),.PCURVE_S1.);
#11151 = LINE('',#11152,#11153);
#11152 = CARTESIAN_POINT('',(60.357319543805,6.12257291398,7.));
#11153 = VECTOR('',#11154,1.);
#11154 = DIRECTION('',(-0.,-0.,-1.));
#11155 = PCURVE('',#4906,#11156);
#11156 = DEFINITIONAL_REPRESENTATION('',(#11157),#11161);
#11157 = LINE('',#11158,#11159);
#11158 = CARTESIAN_POINT('',(0.,0.));
#11159 = VECTOR('',#11160,1.);
#11160 = DIRECTION('',(0.,-1.));
#11161 = ( GEOMETRIC_REPRESENTATION_CONTEXT(2) 
PARAMETRIC_REPRESENTATION_CONTEXT() REPRESENTATION_CONTEXT('2D SPACE',''
  ) );
#11162 = PCURVE('',#4871,#11163);
#11163 = DEFINITIONAL_REPRESENTATION('',(#11164),#11168);
#11164 = LINE('',#11165,#11166);
#11165 = CARTESIAN_POINT('',(0.,0.));
#11166 = VECTOR('',#11167,1.);
#11167 = DIRECTION('',(0.,-1.));
#11168 = ( GEOMETRIC_REPRESENTATION_CONTEXT(2) 
PARAMETRIC_REPRESENTATION_CONTEXT() REPRESENTATION_CONTEXT('2D SPACE',''
  ) );
#11169 = ORIENTED_EDGE('',*,*,#11170,.T.);
#11170 = EDGE_CURVE('',#11148,#11041,#11171,.T.);
#11171 = SURFACE_CURVE('',#11172,(#11176,#11183),.PCURVE_S1.);
#11172 = LINE('',#11173,#11174);
#11173 = CARTESIAN_POINT('',(60.357319543805,6.12257291398,6.4));
#11174 = VECTOR('',#11175,1.);
#11175 = DIRECTION('',(0.332820117735,0.942990333583,0.));
#11176 = PCURVE('',#4906,#11177);
#11177 = DEFINITIONAL_REPRESENTATION('',(#11178),#11182);
#11178 = LINE('',#11179,#11180);
#11179 = CARTESIAN_POINT('',(0.,-0.6));
#11180 = VECTOR('',#11181,1.);
#11181 = DIRECTION('',(1.,0.));
#11182 = ( GEOMETRIC_REPRESENTATION_CONTEXT(2) 
PARAMETRIC_REPRESENTATION_CONTEXT() REPRESENTATION_CONTEXT('2D SPACE',''
  ) );
#11183 = PCURVE('',#10840,#11184);
#11184 = DEFINITIONAL_REPRESENTATION('',(#11185),#11189);
#11185 = LINE('',#11186,#11187);
#11186 = CARTESIAN_POINT('',(0.28916015625,0.1353515625));
#11187 = VECTOR('',#11188,1.);
#11188 = DIRECTION('',(0.,1.));
#11189 = ( GEOMETRIC_REPRESENTATION_CONTEXT(2) 
PARAMETRIC_REPRESENTATION_CONTEXT() REPRESENTATION_CONTEXT('2D SPACE',''
  ) );
#11190 = ORIENTED_EDGE('',*,*,#11073,.F.);
#11191 = ORIENTED_EDGE('',*,*,#4890,.F.);
#11192 = ADVANCED_FACE('',(#11193),#4871,.F.);
#11193 = FACE_BOUND('',#11194,.F.);
#11194 = EDGE_LOOP('',(#11195,#11196,#11227,#11228));
#11195 = ORIENTED_EDGE('',*,*,#11147,.T.);
#11196 = ORIENTED_EDGE('',*,*,#11197,.T.);
#11197 = EDGE_CURVE('',#11148,#11100,#11198,.T.);
#11198 = SURFACE_CURVE('',#11199,(#11208,#11215),.PCURVE_S1.);
#11199 = B_SPLINE_CURVE_WITH_KNOTS('',2,(#11200,#11201,#11202,#11203,
    #11204,#11205,#11206,#11207),.UNSPECIFIED.,.F.,.F.,(3,1,1,1,1,1,3),(
    0.,1.,2.,4.650943396227,7.301886792453,9.525258673159,
    11.748630553865),.UNSPECIFIED.);
#11200 = CARTESIAN_POINT('',(60.357319543805,6.12257291398,6.4));
#11201 = CARTESIAN_POINT('',(60.572775067288,5.944315889008,6.4));
#11202 = CARTESIAN_POINT('',(61.002207274863,5.688362917605,6.4));
#11203 = CARTESIAN_POINT('',(61.750613763245,5.424219451117,6.4));
#11204 = CARTESIAN_POINT('',(62.466258271287,5.658786129799,6.4));
#11205 = CARTESIAN_POINT('',(62.73859223286,6.430399020921,6.4));
#11206 = CARTESIAN_POINT('',(62.470922303211,6.996794507416,6.4));
#11207 = CARTESIAN_POINT('',(62.063217658985,7.234205108002,6.4));
#11208 = PCURVE('',#4871,#11209);
#11209 = DEFINITIONAL_REPRESENTATION('',(#11210),#11214);
#11210 = LINE('',#11211,#11212);
#11211 = CARTESIAN_POINT('',(0.,-0.6));
#11212 = VECTOR('',#11213,1.);
#11213 = DIRECTION('',(1.,0.));
#11214 = ( GEOMETRIC_REPRESENTATION_CONTEXT(2) 
PARAMETRIC_REPRESENTATION_CONTEXT() REPRESENTATION_CONTEXT('2D SPACE',''
  ) );
#11215 = PCURVE('',#10840,#11216);
#11216 = DEFINITIONAL_REPRESENTATION('',(#11217),#11226);
#11217 = B_SPLINE_CURVE_WITH_KNOTS('',2,(#11218,#11219,#11220,#11221,
    #11222,#11223,#11224,#11225),.UNSPECIFIED.,.F.,.F.,(3,1,1,1,1,1,3),(
    0.,1.,2.,4.650943396227,7.301886792453,9.525258673159,
    11.748630553865),.UNSPECIFIED.);
#11218 = CARTESIAN_POINT('',(0.28916015625,0.1353515625));
#11219 = CARTESIAN_POINT('',(0.55166015625,3.896484375E-02));
#11220 = CARTESIAN_POINT('',(1.041796875,-5.947265625E-02));
#11221 = CARTESIAN_POINT('',(1.83544921875,-5.947265625E-02));
#11222 = CARTESIAN_POINT('',(2.4322265625,0.39990234375));
#11223 = CARTESIAN_POINT('',(2.4322265625,1.2181640625));
#11224 = CARTESIAN_POINT('',(1.99130859375,1.66318359375));
#11225 = CARTESIAN_POINT('',(1.52783203125,1.7513671875));
#11226 = ( GEOMETRIC_REPRESENTATION_CONTEXT(2) 
PARAMETRIC_REPRESENTATION_CONTEXT() REPRESENTATION_CONTEXT('2D SPACE',''
  ) );
#11227 = ORIENTED_EDGE('',*,*,#11122,.F.);
#11228 = ORIENTED_EDGE('',*,*,#4845,.F.);
#11229 = ADVANCED_FACE('',(#11230),#5009,.T.);
#11230 = FACE_BOUND('',#11231,.T.);
#11231 = EDGE_LOOP('',(#11232,#11255,#11283,#11304));
#11232 = ORIENTED_EDGE('',*,*,#11233,.T.);
#11233 = EDGE_CURVE('',#4992,#11234,#11236,.T.);
#11234 = VERTEX_POINT('',#11235);
#11235 = CARTESIAN_POINT('',(64.802710751128,4.410076899982,6.4));
#11236 = SURFACE_CURVE('',#11237,(#11241,#11248),.PCURVE_S1.);
#11237 = LINE('',#11238,#11239);
#11238 = CARTESIAN_POINT('',(64.802710751128,4.410076899982,7.));
#11239 = VECTOR('',#11240,1.);
#11240 = DIRECTION('',(-0.,-0.,-1.));
#11241 = PCURVE('',#5009,#11242);
#11242 = DEFINITIONAL_REPRESENTATION('',(#11243),#11247);
#11243 = LINE('',#11244,#11245);
#11244 = CARTESIAN_POINT('',(0.,0.));
#11245 = VECTOR('',#11246,1.);
#11246 = DIRECTION('',(0.,-1.));
#11247 = ( GEOMETRIC_REPRESENTATION_CONTEXT(2) 
PARAMETRIC_REPRESENTATION_CONTEXT() REPRESENTATION_CONTEXT('2D SPACE',''
  ) );
#11248 = PCURVE('',#5315,#11249);
#11249 = DEFINITIONAL_REPRESENTATION('',(#11250),#11254);
#11250 = LINE('',#11251,#11252);
#11251 = CARTESIAN_POINT('',(0.3486328125,0.));
#11252 = VECTOR('',#11253,1.);
#11253 = DIRECTION('',(0.,-1.));
#11254 = ( GEOMETRIC_REPRESENTATION_CONTEXT(2) 
PARAMETRIC_REPRESENTATION_CONTEXT() REPRESENTATION_CONTEXT('2D SPACE',''
  ) );
#11255 = ORIENTED_EDGE('',*,*,#11256,.T.);
#11256 = EDGE_CURVE('',#11234,#11257,#11259,.T.);
#11257 = VERTEX_POINT('',#11258);
#11258 = CARTESIAN_POINT('',(62.942330798096,5.066681589287,6.4));
#11259 = SURFACE_CURVE('',#11260,(#11264,#11271),.PCURVE_S1.);
#11260 = LINE('',#11261,#11262);
#11261 = CARTESIAN_POINT('',(64.802710751128,4.410076899982,6.4));
#11262 = VECTOR('',#11263,1.);
#11263 = DIRECTION('',(-0.942990333583,0.332820117735,0.));
#11264 = PCURVE('',#5009,#11265);
#11265 = DEFINITIONAL_REPRESENTATION('',(#11266),#11270);
#11266 = LINE('',#11267,#11268);
#11267 = CARTESIAN_POINT('',(0.,-0.6));
#11268 = VECTOR('',#11269,1.);
#11269 = DIRECTION('',(1.,0.));
#11270 = ( GEOMETRIC_REPRESENTATION_CONTEXT(2) 
PARAMETRIC_REPRESENTATION_CONTEXT() REPRESENTATION_CONTEXT('2D SPACE',''
  ) );
#11271 = PCURVE('',#11272,#11277);
#11272 = PLANE('',#11273);
#11273 = AXIS2_PLACEMENT_3D('',#11274,#11275,#11276);
#11274 = CARTESIAN_POINT('',(62.553623552193,5.203872381959,6.4));
#11275 = DIRECTION('',(0.,0.,1.));
#11276 = DIRECTION('',(0.942990333583,-0.332820117735,0.));
#11277 = DEFINITIONAL_REPRESENTATION('',(#11278),#11282);
#11278 = LINE('',#11279,#11280);
#11279 = CARTESIAN_POINT('',(2.38505859375,0.));
#11280 = VECTOR('',#11281,1.);
#11281 = DIRECTION('',(-1.,0.));
#11282 = ( GEOMETRIC_REPRESENTATION_CONTEXT(2) 
PARAMETRIC_REPRESENTATION_CONTEXT() REPRESENTATION_CONTEXT('2D SPACE',''
  ) );
#11283 = ORIENTED_EDGE('',*,*,#11284,.F.);
#11284 = EDGE_CURVE('',#4994,#11257,#11285,.T.);
#11285 = SURFACE_CURVE('',#11286,(#11290,#11297),.PCURVE_S1.);
#11286 = LINE('',#11287,#11288);
#11287 = CARTESIAN_POINT('',(62.942330798096,5.066681589287,7.));
#11288 = VECTOR('',#11289,1.);
#11289 = DIRECTION('',(-0.,-0.,-1.));
#11290 = PCURVE('',#5009,#11291);
#11291 = DEFINITIONAL_REPRESENTATION('',(#11292),#11296);
#11292 = LINE('',#11293,#11294);
#11293 = CARTESIAN_POINT('',(1.9728515625,0.));
#11294 = VECTOR('',#11295,1.);
#11295 = DIRECTION('',(0.,-1.));
#11296 = ( GEOMETRIC_REPRESENTATION_CONTEXT(2) 
PARAMETRIC_REPRESENTATION_CONTEXT() REPRESENTATION_CONTEXT('2D SPACE',''
  ) );
#11297 = PCURVE('',#5037,#11298);
#11298 = DEFINITIONAL_REPRESENTATION('',(#11299),#11303);
#11299 = LINE('',#11300,#11301);
#11300 = CARTESIAN_POINT('',(8.375436642741E-16,0.));
#11301 = VECTOR('',#11302,1.);
#11302 = DIRECTION('',(0.,-1.));
#11303 = ( GEOMETRIC_REPRESENTATION_CONTEXT(2) 
PARAMETRIC_REPRESENTATION_CONTEXT() REPRESENTATION_CONTEXT('2D SPACE',''
  ) );
#11304 = ORIENTED_EDGE('',*,*,#4991,.F.);
#11305 = ADVANCED_FACE('',(#11306),#5315,.T.);
#11306 = FACE_BOUND('',#11307,.T.);
#11307 = EDGE_LOOP('',(#11308,#11331,#11352,#11353));
#11308 = ORIENTED_EDGE('',*,*,#11309,.T.);
#11309 = EDGE_CURVE('',#5274,#11310,#11312,.T.);
#11310 = VERTEX_POINT('',#11311);
#11311 = CARTESIAN_POINT('',(64.91874276483,4.738834272139,6.4));
#11312 = SURFACE_CURVE('',#11313,(#11317,#11324),.PCURVE_S1.);
#11313 = LINE('',#11314,#11315);
#11314 = CARTESIAN_POINT('',(64.91874276483,4.738834272139,7.));
#11315 = VECTOR('',#11316,1.);
#11316 = DIRECTION('',(-0.,-0.,-1.));
#11317 = PCURVE('',#5315,#11318);
#11318 = DEFINITIONAL_REPRESENTATION('',(#11319),#11323);
#11319 = LINE('',#11320,#11321);
#11320 = CARTESIAN_POINT('',(0.,0.));
#11321 = VECTOR('',#11322,1.);
#11322 = DIRECTION('',(0.,-1.));
#11323 = ( GEOMETRIC_REPRESENTATION_CONTEXT(2) 
PARAMETRIC_REPRESENTATION_CONTEXT() REPRESENTATION_CONTEXT('2D SPACE',''
  ) );
#11324 = PCURVE('',#5289,#11325);
#11325 = DEFINITIONAL_REPRESENTATION('',(#11326),#11330);
#11326 = LINE('',#11327,#11328);
#11327 = CARTESIAN_POINT('',(1.55859375,0.));
#11328 = VECTOR('',#11329,1.);
#11329 = DIRECTION('',(0.,-1.));
#11330 = ( GEOMETRIC_REPRESENTATION_CONTEXT(2) 
PARAMETRIC_REPRESENTATION_CONTEXT() REPRESENTATION_CONTEXT('2D SPACE',''
  ) );
#11331 = ORIENTED_EDGE('',*,*,#11332,.T.);
#11332 = EDGE_CURVE('',#11310,#11234,#11333,.T.);
#11333 = SURFACE_CURVE('',#11334,(#11338,#11345),.PCURVE_S1.);
#11334 = LINE('',#11335,#11336);
#11335 = CARTESIAN_POINT('',(64.91874276483,4.738834272139,6.4));
#11336 = VECTOR('',#11337,1.);
#11337 = DIRECTION('',(-0.332820117735,-0.942990333583,0.));
#11338 = PCURVE('',#5315,#11339);
#11339 = DEFINITIONAL_REPRESENTATION('',(#11340),#11344);
#11340 = LINE('',#11341,#11342);
#11341 = CARTESIAN_POINT('',(-0.,-0.6));
#11342 = VECTOR('',#11343,1.);
#11343 = DIRECTION('',(1.,0.));
#11344 = ( GEOMETRIC_REPRESENTATION_CONTEXT(2) 
PARAMETRIC_REPRESENTATION_CONTEXT() REPRESENTATION_CONTEXT('2D SPACE',''
  ) );
#11345 = PCURVE('',#11272,#11346);
#11346 = DEFINITIONAL_REPRESENTATION('',(#11347),#11351);
#11347 = LINE('',#11348,#11349);
#11348 = CARTESIAN_POINT('',(2.38505859375,0.3486328125));
#11349 = VECTOR('',#11350,1.);
#11350 = DIRECTION('',(0.,-1.));
#11351 = ( GEOMETRIC_REPRESENTATION_CONTEXT(2) 
PARAMETRIC_REPRESENTATION_CONTEXT() REPRESENTATION_CONTEXT('2D SPACE',''
  ) );
#11352 = ORIENTED_EDGE('',*,*,#11233,.F.);
#11353 = ORIENTED_EDGE('',*,*,#5301,.F.);
#11354 = ADVANCED_FACE('',(#11355),#5037,.T.);
#11355 = FACE_BOUND('',#11356,.T.);
#11356 = EDGE_LOOP('',(#11357,#11358,#11381,#11402));
#11357 = ORIENTED_EDGE('',*,*,#11284,.T.);
#11358 = ORIENTED_EDGE('',*,*,#11359,.T.);
#11359 = EDGE_CURVE('',#11257,#11360,#11362,.T.);
#11360 = VERTEX_POINT('',#11361);
#11361 = CARTESIAN_POINT('',(63.961364894908,7.953944863586,6.4));
#11362 = SURFACE_CURVE('',#11363,(#11367,#11374),.PCURVE_S1.);
#11363 = LINE('',#11364,#11365);
#11364 = CARTESIAN_POINT('',(62.942330798096,5.066681589287,6.4));
#11365 = VECTOR('',#11366,1.);
#11366 = DIRECTION('',(0.332820117735,0.942990333583,0.));
#11367 = PCURVE('',#5037,#11368);
#11368 = DEFINITIONAL_REPRESENTATION('',(#11369),#11373);
#11369 = LINE('',#11370,#11371);
#11370 = CARTESIAN_POINT('',(0.,-0.6));
#11371 = VECTOR('',#11372,1.);
#11372 = DIRECTION('',(1.,0.));
#11373 = ( GEOMETRIC_REPRESENTATION_CONTEXT(2) 
PARAMETRIC_REPRESENTATION_CONTEXT() REPRESENTATION_CONTEXT('2D SPACE',''
  ) );
#11374 = PCURVE('',#11272,#11375);
#11375 = DEFINITIONAL_REPRESENTATION('',(#11376),#11380);
#11376 = LINE('',#11377,#11378);
#11377 = CARTESIAN_POINT('',(0.41220703125,0.));
#11378 = VECTOR('',#11379,1.);
#11379 = DIRECTION('',(0.,1.));
#11380 = ( GEOMETRIC_REPRESENTATION_CONTEXT(2) 
PARAMETRIC_REPRESENTATION_CONTEXT() REPRESENTATION_CONTEXT('2D SPACE',''
  ) );
#11381 = ORIENTED_EDGE('',*,*,#11382,.F.);
#11382 = EDGE_CURVE('',#5022,#11360,#11383,.T.);
#11383 = SURFACE_CURVE('',#11384,(#11388,#11395),.PCURVE_S1.);
#11384 = LINE('',#11385,#11386);
#11385 = CARTESIAN_POINT('',(63.961364894908,7.953944863586,7.));
#11386 = VECTOR('',#11387,1.);
#11387 = DIRECTION('',(-0.,-0.,-1.));
#11388 = PCURVE('',#5037,#11389);
#11389 = DEFINITIONAL_REPRESENTATION('',(#11390),#11394);
#11390 = LINE('',#11391,#11392);
#11391 = CARTESIAN_POINT('',(3.06181640625,0.));
#11392 = VECTOR('',#11393,1.);
#11393 = DIRECTION('',(0.,-1.));
#11394 = ( GEOMETRIC_REPRESENTATION_CONTEXT(2) 
PARAMETRIC_REPRESENTATION_CONTEXT() REPRESENTATION_CONTEXT('2D SPACE',''
  ) );
#11395 = PCURVE('',#5065,#11396);
#11396 = DEFINITIONAL_REPRESENTATION('',(#11397),#11401);
#11397 = LINE('',#11398,#11399);
#11398 = CARTESIAN_POINT('',(0.,0.));
#11399 = VECTOR('',#11400,1.);
#11400 = DIRECTION('',(0.,-1.));
#11401 = ( GEOMETRIC_REPRESENTATION_CONTEXT(2) 
PARAMETRIC_REPRESENTATION_CONTEXT() REPRESENTATION_CONTEXT('2D SPACE',''
  ) );
#11402 = ORIENTED_EDGE('',*,*,#5021,.F.);
#11403 = ADVANCED_FACE('',(#11404),#5289,.T.);
#11404 = FACE_BOUND('',#11405,.T.);
#11405 = EDGE_LOOP('',(#11406,#11429,#11450,#11451));
#11406 = ORIENTED_EDGE('',*,*,#11407,.T.);
#11407 = EDGE_CURVE('',#5246,#11408,#11410,.T.);
#11408 = VERTEX_POINT('',#11409);
#11409 = CARTESIAN_POINT('',(63.449003924598,5.257565627515,6.4));
#11410 = SURFACE_CURVE('',#11411,(#11415,#11422),.PCURVE_S1.);
#11411 = LINE('',#11412,#11413);
#11412 = CARTESIAN_POINT('',(63.449003924598,5.257565627515,7.));
#11413 = VECTOR('',#11414,1.);
#11414 = DIRECTION('',(-0.,-0.,-1.));
#11415 = PCURVE('',#5289,#11416);
#11416 = DEFINITIONAL_REPRESENTATION('',(#11417),#11421);
#11417 = LINE('',#11418,#11419);
#11418 = CARTESIAN_POINT('',(0.,0.));
#11419 = VECTOR('',#11420,1.);
#11420 = DIRECTION('',(0.,-1.));
#11421 = ( GEOMETRIC_REPRESENTATION_CONTEXT(2) 
PARAMETRIC_REPRESENTATION_CONTEXT() REPRESENTATION_CONTEXT('2D SPACE',''
  ) );
#11422 = PCURVE('',#5261,#11423);
#11423 = DEFINITIONAL_REPRESENTATION('',(#11424),#11428);
#11424 = LINE('',#11425,#11426);
#11425 = CARTESIAN_POINT('',(1.10947265625,0.));
#11426 = VECTOR('',#11427,1.);
#11427 = DIRECTION('',(0.,-1.));
#11428 = ( GEOMETRIC_REPRESENTATION_CONTEXT(2) 
PARAMETRIC_REPRESENTATION_CONTEXT() REPRESENTATION_CONTEXT('2D SPACE',''
  ) );
#11429 = ORIENTED_EDGE('',*,*,#11430,.T.);
#11430 = EDGE_CURVE('',#11408,#11310,#11431,.T.);
#11431 = SURFACE_CURVE('',#11432,(#11436,#11443),.PCURVE_S1.);
#11432 = LINE('',#11433,#11434);
#11433 = CARTESIAN_POINT('',(63.449003924598,5.257565627515,6.4));
#11434 = VECTOR('',#11435,1.);
#11435 = DIRECTION('',(0.942990333583,-0.332820117735,0.));
#11436 = PCURVE('',#5289,#11437);
#11437 = DEFINITIONAL_REPRESENTATION('',(#11438),#11442);
#11438 = LINE('',#11439,#11440);
#11439 = CARTESIAN_POINT('',(0.,-0.6));
#11440 = VECTOR('',#11441,1.);
#11441 = DIRECTION('',(1.,0.));
#11442 = ( GEOMETRIC_REPRESENTATION_CONTEXT(2) 
PARAMETRIC_REPRESENTATION_CONTEXT() REPRESENTATION_CONTEXT('2D SPACE',''
  ) );
#11443 = PCURVE('',#11272,#11444);
#11444 = DEFINITIONAL_REPRESENTATION('',(#11445),#11449);
#11445 = LINE('',#11446,#11447);
#11446 = CARTESIAN_POINT('',(0.82646484375,0.3486328125));
#11447 = VECTOR('',#11448,1.);
#11448 = DIRECTION('',(1.,0.));
#11449 = ( GEOMETRIC_REPRESENTATION_CONTEXT(2) 
PARAMETRIC_REPRESENTATION_CONTEXT() REPRESENTATION_CONTEXT('2D SPACE',''
  ) );
#11450 = ORIENTED_EDGE('',*,*,#11309,.F.);
#11451 = ORIENTED_EDGE('',*,*,#5273,.F.);
#11452 = ADVANCED_FACE('',(#11453),#5065,.T.);
#11453 = FACE_BOUND('',#11454,.T.);
#11454 = EDGE_LOOP('',(#11455,#11456,#11479,#11500));
#11455 = ORIENTED_EDGE('',*,*,#11382,.T.);
#11456 = ORIENTED_EDGE('',*,*,#11457,.T.);
#11457 = EDGE_CURVE('',#11360,#11458,#11460,.T.);
#11458 = VERTEX_POINT('',#11459);
#11459 = CARTESIAN_POINT('',(65.786935243828,7.309625916908,6.4));
#11460 = SURFACE_CURVE('',#11461,(#11465,#11472),.PCURVE_S1.);
#11461 = LINE('',#11462,#11463);
#11462 = CARTESIAN_POINT('',(63.961364894908,7.953944863586,6.4));
#11463 = VECTOR('',#11464,1.);
#11464 = DIRECTION('',(0.942990333583,-0.332820117735,0.));
#11465 = PCURVE('',#5065,#11466);
#11466 = DEFINITIONAL_REPRESENTATION('',(#11467),#11471);
#11467 = LINE('',#11468,#11469);
#11468 = CARTESIAN_POINT('',(0.,-0.6));
#11469 = VECTOR('',#11470,1.);
#11470 = DIRECTION('',(1.,0.));
#11471 = ( GEOMETRIC_REPRESENTATION_CONTEXT(2) 
PARAMETRIC_REPRESENTATION_CONTEXT() REPRESENTATION_CONTEXT('2D SPACE',''
  ) );
#11472 = PCURVE('',#11272,#11473);
#11473 = DEFINITIONAL_REPRESENTATION('',(#11474),#11478);
#11474 = LINE('',#11475,#11476);
#11475 = CARTESIAN_POINT('',(0.41220703125,3.06181640625));
#11476 = VECTOR('',#11477,1.);
#11477 = DIRECTION('',(1.,0.));
#11478 = ( GEOMETRIC_REPRESENTATION_CONTEXT(2) 
PARAMETRIC_REPRESENTATION_CONTEXT() REPRESENTATION_CONTEXT('2D SPACE',''
  ) );
#11479 = ORIENTED_EDGE('',*,*,#11480,.F.);
#11480 = EDGE_CURVE('',#5050,#11458,#11481,.T.);
#11481 = SURFACE_CURVE('',#11482,(#11486,#11493),.PCURVE_S1.);
#11482 = LINE('',#11483,#11484);
#11483 = CARTESIAN_POINT('',(65.786935243828,7.309625916908,7.));
#11484 = VECTOR('',#11485,1.);
#11485 = DIRECTION('',(-0.,-0.,-1.));
#11486 = PCURVE('',#5065,#11487);
#11487 = DEFINITIONAL_REPRESENTATION('',(#11488),#11492);
#11488 = LINE('',#11489,#11490);
#11489 = CARTESIAN_POINT('',(1.9359375,0.));
#11490 = VECTOR('',#11491,1.);
#11491 = DIRECTION('',(0.,-1.));
#11492 = ( GEOMETRIC_REPRESENTATION_CONTEXT(2) 
PARAMETRIC_REPRESENTATION_CONTEXT() REPRESENTATION_CONTEXT('2D SPACE',''
  ) );
#11493 = PCURVE('',#5093,#11494);
#11494 = DEFINITIONAL_REPRESENTATION('',(#11495),#11499);
#11495 = LINE('',#11496,#11497);
#11496 = CARTESIAN_POINT('',(0.,0.));
#11497 = VECTOR('',#11498,1.);
#11498 = DIRECTION('',(0.,-1.));
#11499 = ( GEOMETRIC_REPRESENTATION_CONTEXT(2) 
PARAMETRIC_REPRESENTATION_CONTEXT() REPRESENTATION_CONTEXT('2D SPACE',''
  ) );
#11500 = ORIENTED_EDGE('',*,*,#5049,.F.);
#11501 = ADVANCED_FACE('',(#11502),#5261,.T.);
#11502 = FACE_BOUND('',#11503,.T.);
#11503 = EDGE_LOOP('',(#11504,#11527,#11548,#11549));
#11504 = ORIENTED_EDGE('',*,*,#11505,.T.);
#11505 = EDGE_CURVE('',#5218,#11506,#11508,.T.);
#11506 = VERTEX_POINT('',#11507);
#11507 = CARTESIAN_POINT('',(63.818258744675,6.303787617733,6.4));
#11508 = SURFACE_CURVE('',#11509,(#11513,#11520),.PCURVE_S1.);
#11509 = LINE('',#11510,#11511);
#11510 = CARTESIAN_POINT('',(63.818258744675,6.303787617733,7.));
#11511 = VECTOR('',#11512,1.);
#11512 = DIRECTION('',(-0.,-0.,-1.));
#11513 = PCURVE('',#5261,#11514);
#11514 = DEFINITIONAL_REPRESENTATION('',(#11515),#11519);
#11515 = LINE('',#11516,#11517);
#11516 = CARTESIAN_POINT('',(0.,0.));
#11517 = VECTOR('',#11518,1.);
#11518 = DIRECTION('',(0.,-1.));
#11519 = ( GEOMETRIC_REPRESENTATION_CONTEXT(2) 
PARAMETRIC_REPRESENTATION_CONTEXT() REPRESENTATION_CONTEXT('2D SPACE',''
  ) );
#11520 = PCURVE('',#5233,#11521);
#11521 = DEFINITIONAL_REPRESENTATION('',(#11522),#11526);
#11522 = LINE('',#11523,#11524);
#11523 = CARTESIAN_POINT('',(1.45810546875,0.));
#11524 = VECTOR('',#11525,1.);
#11525 = DIRECTION('',(0.,-1.));
#11526 = ( GEOMETRIC_REPRESENTATION_CONTEXT(2) 
PARAMETRIC_REPRESENTATION_CONTEXT() REPRESENTATION_CONTEXT('2D SPACE',''
  ) );
#11527 = ORIENTED_EDGE('',*,*,#11528,.T.);
#11528 = EDGE_CURVE('',#11506,#11408,#11529,.T.);
#11529 = SURFACE_CURVE('',#11530,(#11534,#11541),.PCURVE_S1.);
#11530 = LINE('',#11531,#11532);
#11531 = CARTESIAN_POINT('',(63.818258744675,6.303787617733,6.4));
#11532 = VECTOR('',#11533,1.);
#11533 = DIRECTION('',(-0.332820117735,-0.942990333583,0.));
#11534 = PCURVE('',#5261,#11535);
#11535 = DEFINITIONAL_REPRESENTATION('',(#11536),#11540);
#11536 = LINE('',#11537,#11538);
#11537 = CARTESIAN_POINT('',(-0.,-0.6));
#11538 = VECTOR('',#11539,1.);
#11539 = DIRECTION('',(1.,0.));
#11540 = ( GEOMETRIC_REPRESENTATION_CONTEXT(2) 
PARAMETRIC_REPRESENTATION_CONTEXT() REPRESENTATION_CONTEXT('2D SPACE',''
  ) );
#11541 = PCURVE('',#11272,#11542);
#11542 = DEFINITIONAL_REPRESENTATION('',(#11543),#11547);
#11543 = LINE('',#11544,#11545);
#11544 = CARTESIAN_POINT('',(0.82646484375,1.45810546875));
#11545 = VECTOR('',#11546,1.);
#11546 = DIRECTION('',(0.,-1.));
#11547 = ( GEOMETRIC_REPRESENTATION_CONTEXT(2) 
PARAMETRIC_REPRESENTATION_CONTEXT() REPRESENTATION_CONTEXT('2D SPACE',''
  ) );
#11548 = ORIENTED_EDGE('',*,*,#11407,.F.);
#11549 = ORIENTED_EDGE('',*,*,#5245,.F.);
#11550 = ADVANCED_FACE('',(#11551),#5093,.T.);
#11551 = FACE_BOUND('',#11552,.T.);
#11552 = EDGE_LOOP('',(#11553,#11554,#11577,#11598));
#11553 = ORIENTED_EDGE('',*,*,#11480,.T.);
#11554 = ORIENTED_EDGE('',*,*,#11555,.T.);
#11555 = EDGE_CURVE('',#11458,#11556,#11558,.T.);
#11556 = VERTEX_POINT('',#11557);
#11557 = CARTESIAN_POINT('',(65.670903230126,6.980868544751,6.4));
#11558 = SURFACE_CURVE('',#11559,(#11563,#11570),.PCURVE_S1.);
#11559 = LINE('',#11560,#11561);
#11560 = CARTESIAN_POINT('',(65.786935243828,7.309625916908,6.4));
#11561 = VECTOR('',#11562,1.);
#11562 = DIRECTION('',(-0.332820117735,-0.942990333583,0.));
#11563 = PCURVE('',#5093,#11564);
#11564 = DEFINITIONAL_REPRESENTATION('',(#11565),#11569);
#11565 = LINE('',#11566,#11567);
#11566 = CARTESIAN_POINT('',(-0.,-0.6));
#11567 = VECTOR('',#11568,1.);
#11568 = DIRECTION('',(1.,0.));
#11569 = ( GEOMETRIC_REPRESENTATION_CONTEXT(2) 
PARAMETRIC_REPRESENTATION_CONTEXT() REPRESENTATION_CONTEXT('2D SPACE',''
  ) );
#11570 = PCURVE('',#11272,#11571);
#11571 = DEFINITIONAL_REPRESENTATION('',(#11572),#11576);
#11572 = LINE('',#11573,#11574);
#11573 = CARTESIAN_POINT('',(2.34814453125,3.06181640625));
#11574 = VECTOR('',#11575,1.);
#11575 = DIRECTION('',(0.,-1.));
#11576 = ( GEOMETRIC_REPRESENTATION_CONTEXT(2) 
PARAMETRIC_REPRESENTATION_CONTEXT() REPRESENTATION_CONTEXT('2D SPACE',''
  ) );
#11577 = ORIENTED_EDGE('',*,*,#11578,.F.);
#11578 = EDGE_CURVE('',#5078,#11556,#11579,.T.);
#11579 = SURFACE_CURVE('',#11580,(#11584,#11591),.PCURVE_S1.);
#11580 = LINE('',#11581,#11582);
#11581 = CARTESIAN_POINT('',(65.670903230126,6.980868544751,7.));
#11582 = VECTOR('',#11583,1.);
#11583 = DIRECTION('',(-0.,-0.,-1.));
#11584 = PCURVE('',#5093,#11585);
#11585 = DEFINITIONAL_REPRESENTATION('',(#11586),#11590);
#11586 = LINE('',#11587,#11588);
#11587 = CARTESIAN_POINT('',(0.3486328125,0.));
#11588 = VECTOR('',#11589,1.);
#11589 = DIRECTION('',(0.,-1.));
#11590 = ( GEOMETRIC_REPRESENTATION_CONTEXT(2) 
PARAMETRIC_REPRESENTATION_CONTEXT() REPRESENTATION_CONTEXT('2D SPACE',''
  ) );
#11591 = PCURVE('',#5121,#11592);
#11592 = DEFINITIONAL_REPRESENTATION('',(#11593),#11597);
#11593 = LINE('',#11594,#11595);
#11594 = CARTESIAN_POINT('',(0.,0.));
#11595 = VECTOR('',#11596,1.);
#11596 = DIRECTION('',(0.,-1.));
#11597 = ( GEOMETRIC_REPRESENTATION_CONTEXT(2) 
PARAMETRIC_REPRESENTATION_CONTEXT() REPRESENTATION_CONTEXT('2D SPACE',''
  ) );
#11598 = ORIENTED_EDGE('',*,*,#5077,.F.);
#11599 = ADVANCED_FACE('',(#11600),#5233,.T.);
#11600 = FACE_BOUND('',#11601,.T.);
#11601 = EDGE_LOOP('',(#11602,#11625,#11646,#11647));
#11602 = ORIENTED_EDGE('',*,*,#11603,.T.);
#11603 = EDGE_CURVE('',#5190,#11604,#11606,.T.);
#11604 = VERTEX_POINT('',#11605);
#11605 = CARTESIAN_POINT('',(65.19323810705,5.818500783954,6.4));
#11606 = SURFACE_CURVE('',#11607,(#11611,#11618),.PCURVE_S1.);
#11607 = LINE('',#11608,#11609);
#11608 = CARTESIAN_POINT('',(65.19323810705,5.818500783954,7.));
#11609 = VECTOR('',#11610,1.);
#11610 = DIRECTION('',(-0.,-0.,-1.));
#11611 = PCURVE('',#5233,#11612);
#11612 = DEFINITIONAL_REPRESENTATION('',(#11613),#11617);
#11613 = LINE('',#11614,#11615);
#11614 = CARTESIAN_POINT('',(0.,0.));
#11615 = VECTOR('',#11616,1.);
#11616 = DIRECTION('',(0.,-1.));
#11617 = ( GEOMETRIC_REPRESENTATION_CONTEXT(2) 
PARAMETRIC_REPRESENTATION_CONTEXT() REPRESENTATION_CONTEXT('2D SPACE',''
  ) );
#11618 = PCURVE('',#5205,#11619);
#11619 = DEFINITIONAL_REPRESENTATION('',(#11620),#11624);
#11620 = LINE('',#11621,#11622);
#11621 = CARTESIAN_POINT('',(0.3486328125,0.));
#11622 = VECTOR('',#11623,1.);
#11623 = DIRECTION('',(0.,-1.));
#11624 = ( GEOMETRIC_REPRESENTATION_CONTEXT(2) 
PARAMETRIC_REPRESENTATION_CONTEXT() REPRESENTATION_CONTEXT('2D SPACE',''
  ) );
#11625 = ORIENTED_EDGE('',*,*,#11626,.T.);
#11626 = EDGE_CURVE('',#11604,#11506,#11627,.T.);
#11627 = SURFACE_CURVE('',#11628,(#11632,#11639),.PCURVE_S1.);
#11628 = LINE('',#11629,#11630);
#11629 = CARTESIAN_POINT('',(65.19323810705,5.818500783954,6.4));
#11630 = VECTOR('',#11631,1.);
#11631 = DIRECTION('',(-0.942990333583,0.332820117735,0.));
#11632 = PCURVE('',#5233,#11633);
#11633 = DEFINITIONAL_REPRESENTATION('',(#11634),#11638);
#11634 = LINE('',#11635,#11636);
#11635 = CARTESIAN_POINT('',(0.,-0.6));
#11636 = VECTOR('',#11637,1.);
#11637 = DIRECTION('',(1.,0.));
#11638 = ( GEOMETRIC_REPRESENTATION_CONTEXT(2) 
PARAMETRIC_REPRESENTATION_CONTEXT() REPRESENTATION_CONTEXT('2D SPACE',''
  ) );
#11639 = PCURVE('',#11272,#11640);
#11640 = DEFINITIONAL_REPRESENTATION('',(#11641),#11645);
#11641 = LINE('',#11642,#11643);
#11642 = CARTESIAN_POINT('',(2.2845703125,1.45810546875));
#11643 = VECTOR('',#11644,1.);
#11644 = DIRECTION('',(-1.,0.));
#11645 = ( GEOMETRIC_REPRESENTATION_CONTEXT(2) 
PARAMETRIC_REPRESENTATION_CONTEXT() REPRESENTATION_CONTEXT('2D SPACE',''
  ) );
#11646 = ORIENTED_EDGE('',*,*,#11505,.F.);
#11647 = ORIENTED_EDGE('',*,*,#5217,.F.);
#11648 = ADVANCED_FACE('',(#11649),#5121,.T.);
#11649 = FACE_BOUND('',#11650,.T.);
#11650 = EDGE_LOOP('',(#11651,#11652,#11675,#11696));
#11651 = ORIENTED_EDGE('',*,*,#11578,.T.);
#11652 = ORIENTED_EDGE('',*,*,#11653,.T.);
#11653 = EDGE_CURVE('',#11556,#11654,#11656,.T.);
#11654 = VERTEX_POINT('',#11655);
#11655 = CARTESIAN_POINT('',(64.235973994004,7.4873141575,6.4));
#11656 = SURFACE_CURVE('',#11657,(#11661,#11668),.PCURVE_S1.);
#11657 = LINE('',#11658,#11659);
#11658 = CARTESIAN_POINT('',(65.670903230126,6.980868544751,6.4));
#11659 = VECTOR('',#11660,1.);
#11660 = DIRECTION('',(-0.942990333583,0.332820117735,0.));
#11661 = PCURVE('',#5121,#11662);
#11662 = DEFINITIONAL_REPRESENTATION('',(#11663),#11667);
#11663 = LINE('',#11664,#11665);
#11664 = CARTESIAN_POINT('',(0.,-0.6));
#11665 = VECTOR('',#11666,1.);
#11666 = DIRECTION('',(1.,0.));
#11667 = ( GEOMETRIC_REPRESENTATION_CONTEXT(2) 
PARAMETRIC_REPRESENTATION_CONTEXT() REPRESENTATION_CONTEXT('2D SPACE',''
  ) );
#11668 = PCURVE('',#11272,#11669);
#11669 = DEFINITIONAL_REPRESENTATION('',(#11670),#11674);
#11670 = LINE('',#11671,#11672);
#11671 = CARTESIAN_POINT('',(2.34814453125,2.71318359375));
#11672 = VECTOR('',#11673,1.);
#11673 = DIRECTION('',(-1.,0.));
#11674 = ( GEOMETRIC_REPRESENTATION_CONTEXT(2) 
PARAMETRIC_REPRESENTATION_CONTEXT() REPRESENTATION_CONTEXT('2D SPACE',''
  ) );
#11675 = ORIENTED_EDGE('',*,*,#11676,.F.);
#11676 = EDGE_CURVE('',#5106,#11654,#11677,.T.);
#11677 = SURFACE_CURVE('',#11678,(#11682,#11689),.PCURVE_S1.);
#11678 = LINE('',#11679,#11680);
#11679 = CARTESIAN_POINT('',(64.235973994004,7.4873141575,7.));
#11680 = VECTOR('',#11681,1.);
#11681 = DIRECTION('',(-0.,-0.,-1.));
#11682 = PCURVE('',#5121,#11683);
#11683 = DEFINITIONAL_REPRESENTATION('',(#11684),#11688);
#11684 = LINE('',#11685,#11686);
#11685 = CARTESIAN_POINT('',(1.5216796875,0.));
#11686 = VECTOR('',#11687,1.);
#11687 = DIRECTION('',(0.,-1.));
#11688 = ( GEOMETRIC_REPRESENTATION_CONTEXT(2) 
PARAMETRIC_REPRESENTATION_CONTEXT() REPRESENTATION_CONTEXT('2D SPACE',''
  ) );
#11689 = PCURVE('',#5149,#11690);
#11690 = DEFINITIONAL_REPRESENTATION('',(#11691),#11695);
#11691 = LINE('',#11692,#11693);
#11692 = CARTESIAN_POINT('',(0.,0.));
#11693 = VECTOR('',#11694,1.);
#11694 = DIRECTION('',(0.,-1.));
#11695 = ( GEOMETRIC_REPRESENTATION_CONTEXT(2) 
PARAMETRIC_REPRESENTATION_CONTEXT() REPRESENTATION_CONTEXT('2D SPACE',''
  ) );
#11696 = ORIENTED_EDGE('',*,*,#5105,.F.);
#11697 = ADVANCED_FACE('',(#11698),#5205,.T.);
#11698 = FACE_BOUND('',#11699,.T.);
#11699 = EDGE_LOOP('',(#11700,#11723,#11744,#11745));
#11700 = ORIENTED_EDGE('',*,*,#11701,.T.);
#11701 = EDGE_CURVE('',#5162,#11702,#11704,.T.);
#11702 = VERTEX_POINT('',#11703);
#11703 = CARTESIAN_POINT('',(65.309270120753,6.147258156111,6.4));
#11704 = SURFACE_CURVE('',#11705,(#11709,#11716),.PCURVE_S1.);
#11705 = LINE('',#11706,#11707);
#11706 = CARTESIAN_POINT('',(65.309270120753,6.147258156111,7.));
#11707 = VECTOR('',#11708,1.);
#11708 = DIRECTION('',(-0.,-0.,-1.));
#11709 = PCURVE('',#5205,#11710);
#11710 = DEFINITIONAL_REPRESENTATION('',(#11711),#11715);
#11711 = LINE('',#11712,#11713);
#11712 = CARTESIAN_POINT('',(0.,0.));
#11713 = VECTOR('',#11714,1.);
#11714 = DIRECTION('',(0.,-1.));
#11715 = ( GEOMETRIC_REPRESENTATION_CONTEXT(2) 
PARAMETRIC_REPRESENTATION_CONTEXT() REPRESENTATION_CONTEXT('2D SPACE',''
  ) );
#11716 = PCURVE('',#5177,#11717);
#11717 = DEFINITIONAL_REPRESENTATION('',(#11718),#11722);
#11718 = LINE('',#11719,#11720);
#11719 = CARTESIAN_POINT('',(1.45810546875,0.));
#11720 = VECTOR('',#11721,1.);
#11721 = DIRECTION('',(0.,-1.));
#11722 = ( GEOMETRIC_REPRESENTATION_CONTEXT(2) 
PARAMETRIC_REPRESENTATION_CONTEXT() REPRESENTATION_CONTEXT('2D SPACE',''
  ) );
#11723 = ORIENTED_EDGE('',*,*,#11724,.T.);
#11724 = EDGE_CURVE('',#11702,#11604,#11725,.T.);
#11725 = SURFACE_CURVE('',#11726,(#11730,#11737),.PCURVE_S1.);
#11726 = LINE('',#11727,#11728);
#11727 = CARTESIAN_POINT('',(65.309270120753,6.147258156111,6.4));
#11728 = VECTOR('',#11729,1.);
#11729 = DIRECTION('',(-0.332820117735,-0.942990333583,0.));
#11730 = PCURVE('',#5205,#11731);
#11731 = DEFINITIONAL_REPRESENTATION('',(#11732),#11736);
#11732 = LINE('',#11733,#11734);
#11733 = CARTESIAN_POINT('',(-0.,-0.6));
#11734 = VECTOR('',#11735,1.);
#11735 = DIRECTION('',(1.,0.));
#11736 = ( GEOMETRIC_REPRESENTATION_CONTEXT(2) 
PARAMETRIC_REPRESENTATION_CONTEXT() REPRESENTATION_CONTEXT('2D SPACE',''
  ) );
#11737 = PCURVE('',#11272,#11738);
#11738 = DEFINITIONAL_REPRESENTATION('',(#11739),#11743);
#11739 = LINE('',#11740,#11741);
#11740 = CARTESIAN_POINT('',(2.2845703125,1.80673828125));
#11741 = VECTOR('',#11742,1.);
#11742 = DIRECTION('',(0.,-1.));
#11743 = ( GEOMETRIC_REPRESENTATION_CONTEXT(2) 
PARAMETRIC_REPRESENTATION_CONTEXT() REPRESENTATION_CONTEXT('2D SPACE',''
  ) );
#11744 = ORIENTED_EDGE('',*,*,#11603,.F.);
#11745 = ORIENTED_EDGE('',*,*,#5189,.F.);
#11746 = ADVANCED_FACE('',(#11747),#5149,.T.);
#11747 = FACE_BOUND('',#11748,.T.);
#11748 = EDGE_LOOP('',(#11749,#11750,#11773,#11794));
#11749 = ORIENTED_EDGE('',*,*,#11676,.T.);
#11750 = ORIENTED_EDGE('',*,*,#11751,.T.);
#11751 = EDGE_CURVE('',#11654,#11752,#11754,.T.);
#11752 = VERTEX_POINT('',#11753);
#11753 = CARTESIAN_POINT('',(63.934290758377,6.632544989891,6.4));
#11754 = SURFACE_CURVE('',#11755,(#11759,#11766),.PCURVE_S1.);
#11755 = LINE('',#11756,#11757);
#11756 = CARTESIAN_POINT('',(64.235973994004,7.4873141575,6.4));
#11757 = VECTOR('',#11758,1.);
#11758 = DIRECTION('',(-0.332820117735,-0.942990333583,0.));
#11759 = PCURVE('',#5149,#11760);
#11760 = DEFINITIONAL_REPRESENTATION('',(#11761),#11765);
#11761 = LINE('',#11762,#11763);
#11762 = CARTESIAN_POINT('',(-0.,-0.6));
#11763 = VECTOR('',#11764,1.);
#11764 = DIRECTION('',(1.,0.));
#11765 = ( GEOMETRIC_REPRESENTATION_CONTEXT(2) 
PARAMETRIC_REPRESENTATION_CONTEXT() REPRESENTATION_CONTEXT('2D SPACE',''
  ) );
#11766 = PCURVE('',#11272,#11767);
#11767 = DEFINITIONAL_REPRESENTATION('',(#11768),#11772);
#11768 = LINE('',#11769,#11770);
#11769 = CARTESIAN_POINT('',(0.82646484375,2.71318359375));
#11770 = VECTOR('',#11771,1.);
#11771 = DIRECTION('',(0.,-1.));
#11772 = ( GEOMETRIC_REPRESENTATION_CONTEXT(2) 
PARAMETRIC_REPRESENTATION_CONTEXT() REPRESENTATION_CONTEXT('2D SPACE',''
  ) );
#11773 = ORIENTED_EDGE('',*,*,#11774,.F.);
#11774 = EDGE_CURVE('',#5134,#11752,#11775,.T.);
#11775 = SURFACE_CURVE('',#11776,(#11780,#11787),.PCURVE_S1.);
#11776 = LINE('',#11777,#11778);
#11777 = CARTESIAN_POINT('',(63.934290758377,6.632544989891,7.));
#11778 = VECTOR('',#11779,1.);
#11779 = DIRECTION('',(-0.,-0.,-1.));
#11780 = PCURVE('',#5149,#11781);
#11781 = DEFINITIONAL_REPRESENTATION('',(#11782),#11786);
#11782 = LINE('',#11783,#11784);
#11783 = CARTESIAN_POINT('',(0.9064453125,0.));
#11784 = VECTOR('',#11785,1.);
#11785 = DIRECTION('',(0.,-1.));
#11786 = ( GEOMETRIC_REPRESENTATION_CONTEXT(2) 
PARAMETRIC_REPRESENTATION_CONTEXT() REPRESENTATION_CONTEXT('2D SPACE',''
  ) );
#11787 = PCURVE('',#5177,#11788);
#11788 = DEFINITIONAL_REPRESENTATION('',(#11789),#11793);
#11789 = LINE('',#11790,#11791);
#11790 = CARTESIAN_POINT('',(0.,0.));
#11791 = VECTOR('',#11792,1.);
#11792 = DIRECTION('',(0.,-1.));
#11793 = ( GEOMETRIC_REPRESENTATION_CONTEXT(2) 
PARAMETRIC_REPRESENTATION_CONTEXT() REPRESENTATION_CONTEXT('2D SPACE',''
  ) );
#11794 = ORIENTED_EDGE('',*,*,#5133,.F.);
#11795 = ADVANCED_FACE('',(#11796),#5177,.T.);
#11796 = FACE_BOUND('',#11797,.T.);
#11797 = EDGE_LOOP('',(#11798,#11799,#11820,#11821));
#11798 = ORIENTED_EDGE('',*,*,#11774,.T.);
#11799 = ORIENTED_EDGE('',*,*,#11800,.T.);
#11800 = EDGE_CURVE('',#11752,#11702,#11801,.T.);
#11801 = SURFACE_CURVE('',#11802,(#11806,#11813),.PCURVE_S1.);
#11802 = LINE('',#11803,#11804);
#11803 = CARTESIAN_POINT('',(63.934290758377,6.632544989891,6.4));
#11804 = VECTOR('',#11805,1.);
#11805 = DIRECTION('',(0.942990333583,-0.332820117735,0.));
#11806 = PCURVE('',#5177,#11807);
#11807 = DEFINITIONAL_REPRESENTATION('',(#11808),#11812);
#11808 = LINE('',#11809,#11810);
#11809 = CARTESIAN_POINT('',(0.,-0.6));
#11810 = VECTOR('',#11811,1.);
#11811 = DIRECTION('',(1.,0.));
#11812 = ( GEOMETRIC_REPRESENTATION_CONTEXT(2) 
PARAMETRIC_REPRESENTATION_CONTEXT() REPRESENTATION_CONTEXT('2D SPACE',''
  ) );
#11813 = PCURVE('',#11272,#11814);
#11814 = DEFINITIONAL_REPRESENTATION('',(#11815),#11819);
#11815 = LINE('',#11816,#11817);
#11816 = CARTESIAN_POINT('',(0.82646484375,1.80673828125));
#11817 = VECTOR('',#11818,1.);
#11818 = DIRECTION('',(1.,0.));
#11819 = ( GEOMETRIC_REPRESENTATION_CONTEXT(2) 
PARAMETRIC_REPRESENTATION_CONTEXT() REPRESENTATION_CONTEXT('2D SPACE',''
  ) );
#11820 = ORIENTED_EDGE('',*,*,#11701,.F.);
#11821 = ORIENTED_EDGE('',*,*,#5161,.F.);
#11822 = ADVANCED_FACE('',(#11823,#11826),#5709,.T.);
#11823 = FACE_BOUND('',#11824,.T.);
#11824 = EDGE_LOOP('',(#11825));
#11825 = ORIENTED_EDGE('',*,*,#5692,.T.);
#11826 = FACE_BOUND('',#11827,.T.);
#11827 = EDGE_LOOP('',(#11828));
#11828 = ORIENTED_EDGE('',*,*,#11829,.F.);
#11829 = EDGE_CURVE('',#11830,#11830,#11832,.T.);
#11830 = VERTEX_POINT('',#11831);
#11831 = CARTESIAN_POINT('',(138.505,-2.817912284838E-15,9.79));
#11832 = SURFACE_CURVE('',#11833,(#11838,#11845),.PCURVE_S1.);
#11833 = CIRCLE('',#11834,11.505);
#11834 = AXIS2_PLACEMENT_3D('',#11835,#11836,#11837);
#11835 = CARTESIAN_POINT('',(127.,0.,9.79));
#11836 = DIRECTION('',(0.,0.,1.));
#11837 = DIRECTION('',(1.,0.,0.));
#11838 = PCURVE('',#5709,#11839);
#11839 = DEFINITIONAL_REPRESENTATION('',(#11840),#11844);
#11840 = CIRCLE('',#11841,11.505);
#11841 = AXIS2_PLACEMENT_2D('',#11842,#11843);
#11842 = CARTESIAN_POINT('',(0.,0.));
#11843 = DIRECTION('',(1.,0.));
#11844 = ( GEOMETRIC_REPRESENTATION_CONTEXT(2) 
PARAMETRIC_REPRESENTATION_CONTEXT() REPRESENTATION_CONTEXT('2D SPACE',''
  ) );
#11845 = PCURVE('',#11846,#11851);
#11846 = CYLINDRICAL_SURFACE('',#11847,11.505);
#11847 = AXIS2_PLACEMENT_3D('',#11848,#11849,#11850);
#11848 = CARTESIAN_POINT('',(127.,0.,-10.79));
#11849 = DIRECTION('',(0.,0.,1.));
#11850 = DIRECTION('',(1.,0.,0.));
#11851 = DEFINITIONAL_REPRESENTATION('',(#11852),#11856);
#11852 = LINE('',#11853,#11854);
#11853 = CARTESIAN_POINT('',(0.,20.58));
#11854 = VECTOR('',#11855,1.);
#11855 = DIRECTION('',(1.,0.));
#11856 = ( GEOMETRIC_REPRESENTATION_CONTEXT(2) 
PARAMETRIC_REPRESENTATION_CONTEXT() REPRESENTATION_CONTEXT('2D SPACE',''
  ) );
#11857 = ADVANCED_FACE('',(#11858,#11861),#5759,.F.);
#11858 = FACE_BOUND('',#11859,.F.);
#11859 = EDGE_LOOP('',(#11860));
#11860 = ORIENTED_EDGE('',*,*,#5744,.T.);
#11861 = FACE_BOUND('',#11862,.F.);
#11862 = EDGE_LOOP('',(#11863));
#11863 = ORIENTED_EDGE('',*,*,#11864,.F.);
#11864 = EDGE_CURVE('',#11865,#11865,#11867,.T.);
#11865 = VERTEX_POINT('',#11866);
#11866 = CARTESIAN_POINT('',(138.505,-2.817912284838E-15,-9.79));
#11867 = SURFACE_CURVE('',#11868,(#11873,#11880),.PCURVE_S1.);
#11868 = CIRCLE('',#11869,11.505);
#11869 = AXIS2_PLACEMENT_3D('',#11870,#11871,#11872);
#11870 = CARTESIAN_POINT('',(127.,0.,-9.79));
#11871 = DIRECTION('',(0.,0.,1.));
#11872 = DIRECTION('',(1.,0.,0.));
#11873 = PCURVE('',#5759,#11874);
#11874 = DEFINITIONAL_REPRESENTATION('',(#11875),#11879);
#11875 = CIRCLE('',#11876,11.505);
#11876 = AXIS2_PLACEMENT_2D('',#11877,#11878);
#11877 = CARTESIAN_POINT('',(0.,0.));
#11878 = DIRECTION('',(1.,0.));
#11879 = ( GEOMETRIC_REPRESENTATION_CONTEXT(2) 
PARAMETRIC_REPRESENTATION_CONTEXT() REPRESENTATION_CONTEXT('2D SPACE',''
  ) );
#11880 = PCURVE('',#11846,#11881);
#11881 = DEFINITIONAL_REPRESENTATION('',(#11882),#11886);
#11882 = LINE('',#11883,#11884);
#11883 = CARTESIAN_POINT('',(0.,1.));
#11884 = VECTOR('',#11885,1.);
#11885 = DIRECTION('',(1.,0.));
#11886 = ( GEOMETRIC_REPRESENTATION_CONTEXT(2) 
PARAMETRIC_REPRESENTATION_CONTEXT() REPRESENTATION_CONTEXT('2D SPACE',''
  ) );
#11887 = ADVANCED_FACE('',(#11888),#5951,.T.);
#11888 = FACE_BOUND('',#11889,.F.);
#11889 = EDGE_LOOP('',(#11890,#11891,#11892,#11893,#11894,#11895,#11896,
    #11897,#11898,#11899,#11900,#11901,#11902));
#11890 = ORIENTED_EDGE('',*,*,#6528,.T.);
#11891 = ORIENTED_EDGE('',*,*,#6501,.T.);
#11892 = ORIENTED_EDGE('',*,*,#6452,.T.);
#11893 = ORIENTED_EDGE('',*,*,#6403,.T.);
#11894 = ORIENTED_EDGE('',*,*,#6354,.T.);
#11895 = ORIENTED_EDGE('',*,*,#6305,.T.);
#11896 = ORIENTED_EDGE('',*,*,#6256,.T.);
#11897 = ORIENTED_EDGE('',*,*,#6207,.T.);
#11898 = ORIENTED_EDGE('',*,*,#6158,.T.);
#11899 = ORIENTED_EDGE('',*,*,#6109,.T.);
#11900 = ORIENTED_EDGE('',*,*,#6060,.T.);
#11901 = ORIENTED_EDGE('',*,*,#6011,.T.);
#11902 = ORIENTED_EDGE('',*,*,#5935,.T.);
#11903 = ADVANCED_FACE('',(#11904,#11907),#6598,.T.);
#11904 = FACE_BOUND('',#11905,.F.);
#11905 = EDGE_LOOP('',(#11906));
#11906 = ORIENTED_EDGE('',*,*,#6577,.F.);
#11907 = FACE_BOUND('',#11908,.F.);
#11908 = EDGE_LOOP('',(#11909));
#11909 = ORIENTED_EDGE('',*,*,#11910,.F.);
#11910 = EDGE_CURVE('',#11911,#11911,#11913,.T.);
#11911 = VERTEX_POINT('',#11912);
#11912 = CARTESIAN_POINT('',(47.437325453336,-10.67387177302,6.4));
#11913 = SURFACE_CURVE('',#11914,(#11925,#11939),.PCURVE_S1.);
#11914 = B_SPLINE_CURVE_WITH_KNOTS('',2,(#11915,#11916,#11917,#11918,
    #11919,#11920,#11921,#11922,#11923,#11924),.UNSPECIFIED.,.T.,.F.,(3,
    1,1,1,1,1,1,1,3),(0.,1.,2.,2.996466431095,3.992932862191,
    4.989399293286,5.985865724382,6.985865724382,7.985865724382),
  .UNSPECIFIED.);
#11915 = CARTESIAN_POINT('',(47.437325453336,-10.67387177302,6.4));
#11916 = CARTESIAN_POINT('',(47.862776170246,-10.52371269647,6.4));
#11917 = CARTESIAN_POINT('',(48.583653494592,-10.98260793497,6.4));
#11918 = CARTESIAN_POINT('',(48.969289304839,-12.07524273067,6.4));
#11919 = CARTESIAN_POINT('',(48.696159045133,-12.88496417531,6.4));
#11920 = CARTESIAN_POINT('',(47.845257611314,-13.18528232843,6.4));
#11921 = CARTESIAN_POINT('',(47.120512553178,-12.72775217243,6.4));
#11922 = CARTESIAN_POINT('',(46.734876742931,-11.63511737673,6.4));
#11923 = CARTESIAN_POINT('',(47.011874736427,-10.82403084958,6.4));
#11924 = CARTESIAN_POINT('',(47.437325453336,-10.67387177302,6.4));
#11925 = PCURVE('',#6598,#11926);
#11926 = DEFINITIONAL_REPRESENTATION('',(#11927),#11938);
#11927 = B_SPLINE_CURVE_WITH_KNOTS('',2,(#11928,#11929,#11930,#11931,
    #11932,#11933,#11934,#11935,#11936,#11937),.UNSPECIFIED.,.T.,.F.,(3,
    1,1,1,1,1,1,1,3),(0.,1.,2.,2.996466431095,3.992932862191,
    4.989399293286,5.985865724382,6.985865724382,7.985865724382),
  .UNSPECIFIED.);
#11928 = CARTESIAN_POINT('',(1.65498046875,2.780859375));
#11929 = CARTESIAN_POINT('',(2.10615234375,2.780859375));
#11930 = CARTESIAN_POINT('',(2.633203125,2.108203125));
#11931 = CARTESIAN_POINT('',(2.633203125,0.94951171875));
#11932 = CARTESIAN_POINT('',(2.10615234375,0.27685546875));
#11933 = CARTESIAN_POINT('',(1.20380859375,0.27685546875));
#11934 = CARTESIAN_POINT('',(0.67265625,0.94951171875));
#11935 = CARTESIAN_POINT('',(0.67265625,2.108203125));
#11936 = CARTESIAN_POINT('',(1.20380859375,2.780859375));
#11937 = CARTESIAN_POINT('',(1.65498046875,2.780859375));
#11938 = ( GEOMETRIC_REPRESENTATION_CONTEXT(2) 
PARAMETRIC_REPRESENTATION_CONTEXT() REPRESENTATION_CONTEXT('2D SPACE',''
  ) );
#11939 = PCURVE('',#11940,#11954);
#11940 = SURFACE_OF_LINEAR_EXTRUSION('',#11941,#11952);
#11941 = B_SPLINE_CURVE_WITH_KNOTS('',2,(#11942,#11943,#11944,#11945,
    #11946,#11947,#11948,#11949,#11950,#11951),.UNSPECIFIED.,.T.,.F.,(3,
    1,1,1,1,1,1,1,3),(0.,1.,2.,2.996466431095,3.992932862191,
    4.989399293286,5.985865724382,6.985865724382,7.985865724382),
  .UNSPECIFIED.);
#11942 = CARTESIAN_POINT('',(47.437325453336,-10.67387177302,7.));
#11943 = CARTESIAN_POINT('',(47.862776170246,-10.52371269647,7.));
#11944 = CARTESIAN_POINT('',(48.583653494592,-10.98260793497,7.));
#11945 = CARTESIAN_POINT('',(48.969289304839,-12.07524273067,7.));
#11946 = CARTESIAN_POINT('',(48.696159045133,-12.88496417531,7.));
#11947 = CARTESIAN_POINT('',(47.845257611314,-13.18528232843,7.));
#11948 = CARTESIAN_POINT('',(47.120512553178,-12.72775217243,7.));
#11949 = CARTESIAN_POINT('',(46.734876742931,-11.63511737673,7.));
#11950 = CARTESIAN_POINT('',(47.011874736427,-10.82403084958,7.));
#11951 = CARTESIAN_POINT('',(47.437325453336,-10.67387177302,7.));
#11952 = VECTOR('',#11953,1.);
#11953 = DIRECTION('',(0.,0.,1.));
#11954 = DEFINITIONAL_REPRESENTATION('',(#11955),#11959);
#11955 = LINE('',#11956,#11957);
#11956 = CARTESIAN_POINT('',(0.,-0.6));
#11957 = VECTOR('',#11958,1.);
#11958 = DIRECTION('',(1.,0.));
#11959 = ( GEOMETRIC_REPRESENTATION_CONTEXT(2) 
PARAMETRIC_REPRESENTATION_CONTEXT() REPRESENTATION_CONTEXT('2D SPACE',''
  ) );
#11960 = ADVANCED_FACE('',(#11961),#6668,.T.);
#11961 = FACE_BOUND('',#11962,.F.);
#11962 = EDGE_LOOP('',(#11963,#11964,#11965,#11966));
#11963 = ORIENTED_EDGE('',*,*,#6825,.T.);
#11964 = ORIENTED_EDGE('',*,*,#6762,.F.);
#11965 = ORIENTED_EDGE('',*,*,#6735,.T.);
#11966 = ORIENTED_EDGE('',*,*,#6645,.F.);
#11967 = ADVANCED_FACE('',(#11968),#6890,.T.);
#11968 = FACE_BOUND('',#11969,.F.);
#11969 = EDGE_LOOP('',(#11970,#11971,#11972,#11973,#11974,#11975,#11976,
    #11977,#11978,#11979,#11980));
#11970 = ORIENTED_EDGE('',*,*,#7369,.T.);
#11971 = ORIENTED_EDGE('',*,*,#7342,.T.);
#11972 = ORIENTED_EDGE('',*,*,#7293,.T.);
#11973 = ORIENTED_EDGE('',*,*,#7244,.T.);
#11974 = ORIENTED_EDGE('',*,*,#7195,.T.);
#11975 = ORIENTED_EDGE('',*,*,#7146,.T.);
#11976 = ORIENTED_EDGE('',*,*,#7097,.T.);
#11977 = ORIENTED_EDGE('',*,*,#7048,.T.);
#11978 = ORIENTED_EDGE('',*,*,#6999,.T.);
#11979 = ORIENTED_EDGE('',*,*,#6950,.T.);
#11980 = ORIENTED_EDGE('',*,*,#6874,.T.);
#11981 = ADVANCED_FACE('',(#11982),#7434,.T.);
#11982 = FACE_BOUND('',#11983,.F.);
#11983 = EDGE_LOOP('',(#11984,#11985,#11986,#11987));
#11984 = ORIENTED_EDGE('',*,*,#7570,.T.);
#11985 = ORIENTED_EDGE('',*,*,#7543,.T.);
#11986 = ORIENTED_EDGE('',*,*,#7494,.T.);
#11987 = ORIENTED_EDGE('',*,*,#7418,.T.);
#11988 = ADVANCED_FACE('',(#11989),#7638,.T.);
#11989 = FACE_BOUND('',#11990,.F.);
#11990 = EDGE_LOOP('',(#11991,#11992,#11993,#11994,#11995,#11996,#11997,
    #11998));
#11991 = ORIENTED_EDGE('',*,*,#7979,.T.);
#11992 = ORIENTED_EDGE('',*,*,#7952,.T.);
#11993 = ORIENTED_EDGE('',*,*,#7903,.T.);
#11994 = ORIENTED_EDGE('',*,*,#7826,.F.);
#11995 = ORIENTED_EDGE('',*,*,#7799,.T.);
#11996 = ORIENTED_EDGE('',*,*,#7750,.T.);
#11997 = ORIENTED_EDGE('',*,*,#7701,.T.);
#11998 = ORIENTED_EDGE('',*,*,#7619,.F.);
#11999 = ADVANCED_FACE('',(#12000,#12008),#8044,.T.);
#12000 = FACE_BOUND('',#12001,.F.);
#12001 = EDGE_LOOP('',(#12002,#12003,#12004,#12005,#12006,#12007));
#12002 = ORIENTED_EDGE('',*,*,#8284,.T.);
#12003 = ORIENTED_EDGE('',*,*,#8257,.T.);
#12004 = ORIENTED_EDGE('',*,*,#8180,.F.);
#12005 = ORIENTED_EDGE('',*,*,#8153,.T.);
#12006 = ORIENTED_EDGE('',*,*,#8104,.T.);
#12007 = ORIENTED_EDGE('',*,*,#8028,.T.);
#12008 = FACE_BOUND('',#12009,.F.);
#12009 = EDGE_LOOP('',(#12010,#12040,#12068,#12096));
#12010 = ORIENTED_EDGE('',*,*,#12011,.T.);
#12011 = EDGE_CURVE('',#12012,#12014,#12016,.T.);
#12012 = VERTEX_POINT('',#12013);
#12013 = CARTESIAN_POINT('',(59.559258178971,-6.458610726213,6.4));
#12014 = VERTEX_POINT('',#12015);
#12015 = CARTESIAN_POINT('',(59.06805598763,-6.63197620551,6.4));
#12016 = SURFACE_CURVE('',#12017,(#12021,#12028),.PCURVE_S1.);
#12017 = LINE('',#12018,#12019);
#12018 = CARTESIAN_POINT('',(59.559258178971,-6.458610726213,6.4));
#12019 = VECTOR('',#12020,1.);
#12020 = DIRECTION('',(-0.942990333583,-0.332820117735,0.));
#12021 = PCURVE('',#8044,#12022);
#12022 = DEFINITIONAL_REPRESENTATION('',(#12023),#12027);
#12023 = LINE('',#12024,#12025);
#12024 = CARTESIAN_POINT('',(1.34736328125,2.72138671875));
#12025 = VECTOR('',#12026,1.);
#12026 = DIRECTION('',(-1.,0.));
#12027 = ( GEOMETRIC_REPRESENTATION_CONTEXT(2) 
PARAMETRIC_REPRESENTATION_CONTEXT() REPRESENTATION_CONTEXT('2D SPACE',''
  ) );
#12028 = PCURVE('',#12029,#12034);
#12029 = PLANE('',#12030);
#12030 = AXIS2_PLACEMENT_3D('',#12031,#12032,#12033);
#12031 = CARTESIAN_POINT('',(59.559258178971,-6.458610726213,7.));
#12032 = DIRECTION('',(-0.332820117735,0.942990333583,0.));
#12033 = DIRECTION('',(-0.942990333583,-0.332820117735,0.));
#12034 = DEFINITIONAL_REPRESENTATION('',(#12035),#12039);
#12035 = LINE('',#12036,#12037);
#12036 = CARTESIAN_POINT('',(-0.,-0.6));
#12037 = VECTOR('',#12038,1.);
#12038 = DIRECTION('',(1.,0.));
#12039 = ( GEOMETRIC_REPRESENTATION_CONTEXT(2) 
PARAMETRIC_REPRESENTATION_CONTEXT() REPRESENTATION_CONTEXT('2D SPACE',''
  ) );
#12040 = ORIENTED_EDGE('',*,*,#12041,.T.);
#12041 = EDGE_CURVE('',#12014,#12042,#12044,.T.);
#12042 = VERTEX_POINT('',#12043);
#12043 = CARTESIAN_POINT('',(59.450961632848,-7.716875533629,6.4));
#12044 = SURFACE_CURVE('',#12045,(#12049,#12056),.PCURVE_S1.);
#12045 = LINE('',#12046,#12047);
#12046 = CARTESIAN_POINT('',(59.06805598763,-6.63197620551,6.4));
#12047 = VECTOR('',#12048,1.);
#12048 = DIRECTION('',(0.332820117735,-0.942990333583,0.));
#12049 = PCURVE('',#8044,#12050);
#12050 = DEFINITIONAL_REPRESENTATION('',(#12051),#12055);
#12051 = LINE('',#12052,#12053);
#12052 = CARTESIAN_POINT('',(0.82646484375,2.72138671875));
#12053 = VECTOR('',#12054,1.);
#12054 = DIRECTION('',(0.,-1.));
#12055 = ( GEOMETRIC_REPRESENTATION_CONTEXT(2) 
PARAMETRIC_REPRESENTATION_CONTEXT() REPRESENTATION_CONTEXT('2D SPACE',''
  ) );
#12056 = PCURVE('',#12057,#12062);
#12057 = PLANE('',#12058);
#12058 = AXIS2_PLACEMENT_3D('',#12059,#12060,#12061);
#12059 = CARTESIAN_POINT('',(59.06805598763,-6.63197620551,7.));
#12060 = DIRECTION('',(-0.942990333583,-0.332820117735,0.));
#12061 = DIRECTION('',(0.332820117735,-0.942990333583,0.));
#12062 = DEFINITIONAL_REPRESENTATION('',(#12063),#12067);
#12063 = LINE('',#12064,#12065);
#12064 = CARTESIAN_POINT('',(0.,-0.6));
#12065 = VECTOR('',#12066,1.);
#12066 = DIRECTION('',(1.,0.));
#12067 = ( GEOMETRIC_REPRESENTATION_CONTEXT(2) 
PARAMETRIC_REPRESENTATION_CONTEXT() REPRESENTATION_CONTEXT('2D SPACE',''
  ) );
#12068 = ORIENTED_EDGE('',*,*,#12069,.T.);
#12069 = EDGE_CURVE('',#12042,#12070,#12072,.T.);
#12070 = VERTEX_POINT('',#12071);
#12071 = CARTESIAN_POINT('',(59.942163824189,-7.543510054332,6.4));
#12072 = SURFACE_CURVE('',#12073,(#12077,#12084),.PCURVE_S1.);
#12073 = LINE('',#12074,#12075);
#12074 = CARTESIAN_POINT('',(59.450961632848,-7.716875533629,6.4));
#12075 = VECTOR('',#12076,1.);
#12076 = DIRECTION('',(0.942990333583,0.332820117735,0.));
#12077 = PCURVE('',#8044,#12078);
#12078 = DEFINITIONAL_REPRESENTATION('',(#12079),#12083);
#12079 = LINE('',#12080,#12081);
#12080 = CARTESIAN_POINT('',(0.82646484375,1.5708984375));
#12081 = VECTOR('',#12082,1.);
#12082 = DIRECTION('',(1.,0.));
#12083 = ( GEOMETRIC_REPRESENTATION_CONTEXT(2) 
PARAMETRIC_REPRESENTATION_CONTEXT() REPRESENTATION_CONTEXT('2D SPACE',''
  ) );
#12084 = PCURVE('',#12085,#12090);
#12085 = PLANE('',#12086);
#12086 = AXIS2_PLACEMENT_3D('',#12087,#12088,#12089);
#12087 = CARTESIAN_POINT('',(59.450961632848,-7.716875533629,7.));
#12088 = DIRECTION('',(0.332820117735,-0.942990333583,0.));
#12089 = DIRECTION('',(0.942990333583,0.332820117735,0.));
#12090 = DEFINITIONAL_REPRESENTATION('',(#12091),#12095);
#12091 = LINE('',#12092,#12093);
#12092 = CARTESIAN_POINT('',(0.,-0.6));
#12093 = VECTOR('',#12094,1.);
#12094 = DIRECTION('',(1.,0.));
#12095 = ( GEOMETRIC_REPRESENTATION_CONTEXT(2) 
PARAMETRIC_REPRESENTATION_CONTEXT() REPRESENTATION_CONTEXT('2D SPACE',''
  ) );
#12096 = ORIENTED_EDGE('',*,*,#12097,.F.);
#12097 = EDGE_CURVE('',#12012,#12070,#12098,.T.);
#12098 = SURFACE_CURVE('',#12099,(#12106,#12116),.PCURVE_S1.);
#12099 = B_SPLINE_CURVE_WITH_KNOTS('',2,(#12100,#12101,#12102,#12103,
    #12104,#12105),.UNSPECIFIED.,.F.,.F.,(3,1,1,1,3),(0.,1.,2.,
    3.007462686567,4.014925373134),.UNSPECIFIED.);
#12100 = CARTESIAN_POINT('',(59.559258178971,-6.458610726213,6.4));
#12101 = CARTESIAN_POINT('',(59.831933411172,-6.362372408966,6.4));
#12102 = CARTESIAN_POINT('',(60.229399936541,-6.539605622053,6.4));
#12103 = CARTESIAN_POINT('',(60.413003534694,-7.059815816819,6.4));
#12104 = CARTESIAN_POINT('',(60.21483905639,-7.447271737085,6.4));
#12105 = CARTESIAN_POINT('',(59.942163824189,-7.543510054332,6.4));
#12106 = PCURVE('',#8044,#12107);
#12107 = DEFINITIONAL_REPRESENTATION('',(#12108),#12115);
#12108 = B_SPLINE_CURVE_WITH_KNOTS('',2,(#12109,#12110,#12111,#12112,
    #12113,#12114),.UNSPECIFIED.,.F.,.F.,(3,1,1,1,3),(0.,1.,2.,
    3.007462686567,4.014925373134),.UNSPECIFIED.);
#12109 = CARTESIAN_POINT('',(1.34736328125,2.72138671875));
#12110 = CARTESIAN_POINT('',(1.6365234375,2.72138671875));
#12111 = CARTESIAN_POINT('',(1.95234375,2.42197265625));
#12112 = CARTESIAN_POINT('',(1.95234375,1.8703125));
#12113 = CARTESIAN_POINT('',(1.6365234375,1.5708984375));
#12114 = CARTESIAN_POINT('',(1.34736328125,1.5708984375));
#12115 = ( GEOMETRIC_REPRESENTATION_CONTEXT(2) 
PARAMETRIC_REPRESENTATION_CONTEXT() REPRESENTATION_CONTEXT('2D SPACE',''
  ) );
#12116 = PCURVE('',#12117,#12127);
#12117 = SURFACE_OF_LINEAR_EXTRUSION('',#12118,#12125);
#12118 = B_SPLINE_CURVE_WITH_KNOTS('',2,(#12119,#12120,#12121,#12122,
    #12123,#12124),.UNSPECIFIED.,.F.,.F.,(3,1,1,1,3),(0.,1.,2.,
    3.007462686567,4.014925373134),.UNSPECIFIED.);
#12119 = CARTESIAN_POINT('',(59.559258178971,-6.458610726213,7.));
#12120 = CARTESIAN_POINT('',(59.831933411172,-6.362372408966,7.));
#12121 = CARTESIAN_POINT('',(60.229399936541,-6.539605622053,7.));
#12122 = CARTESIAN_POINT('',(60.413003534694,-7.059815816819,7.));
#12123 = CARTESIAN_POINT('',(60.21483905639,-7.447271737085,7.));
#12124 = CARTESIAN_POINT('',(59.942163824189,-7.543510054332,7.));
#12125 = VECTOR('',#12126,1.);
#12126 = DIRECTION('',(0.,0.,1.));
#12127 = DEFINITIONAL_REPRESENTATION('',(#12128),#12132);
#12128 = LINE('',#12129,#12130);
#12129 = CARTESIAN_POINT('',(0.,-0.6));
#12130 = VECTOR('',#12131,1.);
#12131 = DIRECTION('',(1.,0.));
#12132 = ( GEOMETRIC_REPRESENTATION_CONTEXT(2) 
PARAMETRIC_REPRESENTATION_CONTEXT() REPRESENTATION_CONTEXT('2D SPACE',''
  ) );
#12133 = ADVANCED_FACE('',(#12134),#8349,.T.);
#12134 = FACE_BOUND('',#12135,.F.);
#12135 = EDGE_LOOP('',(#12136,#12137,#12138,#12139,#12140,#12141,#12142,
    #12143,#12144,#12145));
#12136 = ORIENTED_EDGE('',*,*,#8436,.T.);
#12137 = ORIENTED_EDGE('',*,*,#8534,.T.);
#12138 = ORIENTED_EDGE('',*,*,#8632,.T.);
#12139 = ORIENTED_EDGE('',*,*,#8730,.T.);
#12140 = ORIENTED_EDGE('',*,*,#8779,.T.);
#12141 = ORIENTED_EDGE('',*,*,#8703,.T.);
#12142 = ORIENTED_EDGE('',*,*,#8605,.T.);
#12143 = ORIENTED_EDGE('',*,*,#8507,.T.);
#12144 = ORIENTED_EDGE('',*,*,#8409,.T.);
#12145 = ORIENTED_EDGE('',*,*,#8333,.T.);
#12146 = ADVANCED_FACE('',(#12147,#12150),#8849,.T.);
#12147 = FACE_BOUND('',#12148,.F.);
#12148 = EDGE_LOOP('',(#12149));
#12149 = ORIENTED_EDGE('',*,*,#8828,.F.);
#12150 = FACE_BOUND('',#12151,.F.);
#12151 = EDGE_LOOP('',(#12152));
#12152 = ORIENTED_EDGE('',*,*,#12153,.F.);
#12153 = EDGE_CURVE('',#12154,#12154,#12156,.T.);
#12154 = VERTEX_POINT('',#12155);
#12155 = CARTESIAN_POINT('',(43.424949795189,14.904148727495,6.4));
#12156 = SURFACE_CURVE('',#12157,(#12168,#12182),.PCURVE_S1.);
#12157 = B_SPLINE_CURVE_WITH_KNOTS('',2,(#12158,#12159,#12160,#12161,
    #12162,#12163,#12164,#12165,#12166,#12167),.UNSPECIFIED.,.T.,.F.,(3,
    1,1,1,1,1,1,1,3),(0.,1.,2.,2.996466431095,3.992932862191,
    4.989399293286,5.985865724382,6.985865724382,7.985865724382),
  .UNSPECIFIED.);
#12158 = CARTESIAN_POINT('',(43.424949795189,14.904148727495,6.4));
#12159 = CARTESIAN_POINT('',(43.850400512098,14.753989650938,6.4));
#12160 = CARTESIAN_POINT('',(44.123530771804,13.944268206296,6.4));
#12161 = CARTESIAN_POINT('',(43.737894961557,12.851633410597,6.4));
#12162 = CARTESIAN_POINT('',(43.017017637211,12.392738172091,6.4));
#12163 = CARTESIAN_POINT('',(42.166116203392,12.693056325203,6.4));
#12164 = CARTESIAN_POINT('',(41.889118209896,13.50414285236,6.4));
#12165 = CARTESIAN_POINT('',(42.274754020143,14.596777648059,6.4));
#12166 = CARTESIAN_POINT('',(42.999499078279,15.054307804051,6.4));
#12167 = CARTESIAN_POINT('',(43.424949795189,14.904148727495,6.4));
#12168 = PCURVE('',#8849,#12169);
#12169 = DEFINITIONAL_REPRESENTATION('',(#12170),#12181);
#12170 = B_SPLINE_CURVE_WITH_KNOTS('',2,(#12171,#12172,#12173,#12174,
    #12175,#12176,#12177,#12178,#12179,#12180),.UNSPECIFIED.,.T.,.F.,(3,
    1,1,1,1,1,1,1,3),(0.,1.,2.,2.996466431095,3.992932862191,
    4.989399293286,5.985865724382,6.985865724382,7.985865724382),
  .UNSPECIFIED.);
#12171 = CARTESIAN_POINT('',(1.65498046875,2.780859375));
#12172 = CARTESIAN_POINT('',(2.10615234375,2.780859375));
#12173 = CARTESIAN_POINT('',(2.633203125,2.108203125));
#12174 = CARTESIAN_POINT('',(2.633203125,0.94951171875));
#12175 = CARTESIAN_POINT('',(2.10615234375,0.27685546875));
#12176 = CARTESIAN_POINT('',(1.20380859375,0.27685546875));
#12177 = CARTESIAN_POINT('',(0.67265625,0.94951171875));
#12178 = CARTESIAN_POINT('',(0.67265625,2.108203125));
#12179 = CARTESIAN_POINT('',(1.20380859375,2.780859375));
#12180 = CARTESIAN_POINT('',(1.65498046875,2.780859375));
#12181 = ( GEOMETRIC_REPRESENTATION_CONTEXT(2) 
PARAMETRIC_REPRESENTATION_CONTEXT() REPRESENTATION_CONTEXT('2D SPACE',''
  ) );
#12182 = PCURVE('',#12183,#12197);
#12183 = SURFACE_OF_LINEAR_EXTRUSION('',#12184,#12195);
#12184 = B_SPLINE_CURVE_WITH_KNOTS('',2,(#12185,#12186,#12187,#12188,
    #12189,#12190,#12191,#12192,#12193,#12194),.UNSPECIFIED.,.T.,.F.,(3,
    1,1,1,1,1,1,1,3),(0.,1.,2.,2.996466431095,3.992932862191,
    4.989399293286,5.985865724382,6.985865724382,7.985865724382),
  .UNSPECIFIED.);
#12185 = CARTESIAN_POINT('',(43.424949795189,14.904148727495,7.));
#12186 = CARTESIAN_POINT('',(43.850400512098,14.753989650938,7.));
#12187 = CARTESIAN_POINT('',(44.123530771804,13.944268206296,7.));
#12188 = CARTESIAN_POINT('',(43.737894961557,12.851633410597,7.));
#12189 = CARTESIAN_POINT('',(43.017017637211,12.392738172091,7.));
#12190 = CARTESIAN_POINT('',(42.166116203392,12.693056325203,7.));
#12191 = CARTESIAN_POINT('',(41.889118209896,13.50414285236,7.));
#12192 = CARTESIAN_POINT('',(42.274754020143,14.596777648059,7.));
#12193 = CARTESIAN_POINT('',(42.999499078279,15.054307804051,7.));
#12194 = CARTESIAN_POINT('',(43.424949795189,14.904148727495,7.));
#12195 = VECTOR('',#12196,1.);
#12196 = DIRECTION('',(0.,0.,1.));
#12197 = DEFINITIONAL_REPRESENTATION('',(#12198),#12202);
#12198 = LINE('',#12199,#12200);
#12199 = CARTESIAN_POINT('',(0.,-0.6));
#12200 = VECTOR('',#12201,1.);
#12201 = DIRECTION('',(1.,0.));
#12202 = ( GEOMETRIC_REPRESENTATION_CONTEXT(2) 
PARAMETRIC_REPRESENTATION_CONTEXT() REPRESENTATION_CONTEXT('2D SPACE',''
  ) );
#12203 = ADVANCED_FACE('',(#12204),#8912,.T.);
#12204 = FACE_BOUND('',#12205,.F.);
#12205 = EDGE_LOOP('',(#12206,#12207,#12208,#12209,#12210,#12211,#12212,
    #12213));
#12206 = ORIENTED_EDGE('',*,*,#8999,.T.);
#12207 = ORIENTED_EDGE('',*,*,#9097,.T.);
#12208 = ORIENTED_EDGE('',*,*,#9195,.T.);
#12209 = ORIENTED_EDGE('',*,*,#9244,.T.);
#12210 = ORIENTED_EDGE('',*,*,#9168,.T.);
#12211 = ORIENTED_EDGE('',*,*,#9070,.T.);
#12212 = ORIENTED_EDGE('',*,*,#8972,.T.);
#12213 = ORIENTED_EDGE('',*,*,#8896,.T.);
#12214 = ADVANCED_FACE('',(#12215),#9309,.T.);
#12215 = FACE_BOUND('',#12216,.F.);
#12216 = EDGE_LOOP('',(#12217,#12218,#12219,#12220,#12221,#12222,#12223,
    #12224,#12225,#12226));
#12217 = ORIENTED_EDGE('',*,*,#9396,.T.);
#12218 = ORIENTED_EDGE('',*,*,#9494,.T.);
#12219 = ORIENTED_EDGE('',*,*,#9592,.T.);
#12220 = ORIENTED_EDGE('',*,*,#9690,.T.);
#12221 = ORIENTED_EDGE('',*,*,#9739,.T.);
#12222 = ORIENTED_EDGE('',*,*,#9663,.T.);
#12223 = ORIENTED_EDGE('',*,*,#9565,.T.);
#12224 = ORIENTED_EDGE('',*,*,#9467,.T.);
#12225 = ORIENTED_EDGE('',*,*,#9369,.T.);
#12226 = ORIENTED_EDGE('',*,*,#9293,.T.);
#12227 = ADVANCED_FACE('',(#12228,#12231),#9809,.T.);
#12228 = FACE_BOUND('',#12229,.F.);
#12229 = EDGE_LOOP('',(#12230));
#12230 = ORIENTED_EDGE('',*,*,#9788,.F.);
#12231 = FACE_BOUND('',#12232,.F.);
#12232 = EDGE_LOOP('',(#12233));
#12233 = ORIENTED_EDGE('',*,*,#12234,.F.);
#12234 = EDGE_CURVE('',#12235,#12235,#12237,.T.);
#12235 = VERTEX_POINT('',#12236);
#12236 = CARTESIAN_POINT('',(52.498653266731,11.701665149303,6.4));
#12237 = SURFACE_CURVE('',#12238,(#12249,#12263),.PCURVE_S1.);
#12238 = B_SPLINE_CURVE_WITH_KNOTS('',2,(#12239,#12240,#12241,#12242,
    #12243,#12244,#12245,#12246,#12247,#12248),.UNSPECIFIED.,.T.,.F.,(3,
    1,1,1,1,1,1,1,3),(0.,1.,2.,2.996466431095,3.992932862191,
    4.989399293286,5.985865724382,6.985865724382,7.985865724381),
  .UNSPECIFIED.);
#12239 = CARTESIAN_POINT('',(52.498653266731,11.701665149303,6.4));
#12240 = CARTESIAN_POINT('',(52.92410398364,11.551506072747,6.4));
#12241 = CARTESIAN_POINT('',(53.197234243346,10.741784628105,6.4));
#12242 = CARTESIAN_POINT('',(52.811598433099,9.649149832406,6.4));
#12243 = CARTESIAN_POINT('',(52.090721108753,9.190254593899,6.4));
#12244 = CARTESIAN_POINT('',(51.239819674934,9.490572747012,6.4));
#12245 = CARTESIAN_POINT('',(50.962821681438,10.301659274168,6.4));
#12246 = CARTESIAN_POINT('',(51.348457491685,11.394294069868,6.4));
#12247 = CARTESIAN_POINT('',(52.073202549821,11.85182422586,6.4));
#12248 = CARTESIAN_POINT('',(52.498653266731,11.701665149303,6.4));
#12249 = PCURVE('',#9809,#12250);
#12250 = DEFINITIONAL_REPRESENTATION('',(#12251),#12262);
#12251 = B_SPLINE_CURVE_WITH_KNOTS('',2,(#12252,#12253,#12254,#12255,
    #12256,#12257,#12258,#12259,#12260,#12261),.UNSPECIFIED.,.T.,.F.,(3,
    1,1,1,1,1,1,1,3),(0.,1.,2.,2.996466431095,3.992932862191,
    4.989399293286,5.985865724382,6.985865724382,7.985865724381),
  .UNSPECIFIED.);
#12252 = CARTESIAN_POINT('',(1.65498046875,2.780859375));
#12253 = CARTESIAN_POINT('',(2.10615234375,2.780859375));
#12254 = CARTESIAN_POINT('',(2.633203125,2.108203125));
#12255 = CARTESIAN_POINT('',(2.633203125,0.94951171875));
#12256 = CARTESIAN_POINT('',(2.10615234375,0.27685546875));
#12257 = CARTESIAN_POINT('',(1.20380859375,0.27685546875));
#12258 = CARTESIAN_POINT('',(0.67265625,0.94951171875));
#12259 = CARTESIAN_POINT('',(0.67265625,2.108203125));
#12260 = CARTESIAN_POINT('',(1.20380859375,2.780859375));
#12261 = CARTESIAN_POINT('',(1.65498046875,2.780859375));
#12262 = ( GEOMETRIC_REPRESENTATION_CONTEXT(2) 
PARAMETRIC_REPRESENTATION_CONTEXT() REPRESENTATION_CONTEXT('2D SPACE',''
  ) );
#12263 = PCURVE('',#12264,#12278);
#12264 = SURFACE_OF_LINEAR_EXTRUSION('',#12265,#12276);
#12265 = B_SPLINE_CURVE_WITH_KNOTS('',2,(#12266,#12267,#12268,#12269,
    #12270,#12271,#12272,#12273,#12274,#12275),.UNSPECIFIED.,.T.,.F.,(3,
    1,1,1,1,1,1,1,3),(0.,1.,2.,2.996466431095,3.992932862191,
    4.989399293286,5.985865724382,6.985865724382,7.985865724381),
  .UNSPECIFIED.);
#12266 = CARTESIAN_POINT('',(52.498653266731,11.701665149303,7.));
#12267 = CARTESIAN_POINT('',(52.92410398364,11.551506072747,7.));
#12268 = CARTESIAN_POINT('',(53.197234243346,10.741784628105,7.));
#12269 = CARTESIAN_POINT('',(52.811598433099,9.649149832406,7.));
#12270 = CARTESIAN_POINT('',(52.090721108753,9.190254593899,7.));
#12271 = CARTESIAN_POINT('',(51.239819674934,9.490572747012,7.));
#12272 = CARTESIAN_POINT('',(50.962821681438,10.301659274168,7.));
#12273 = CARTESIAN_POINT('',(51.348457491685,11.394294069868,7.));
#12274 = CARTESIAN_POINT('',(52.073202549821,11.85182422586,7.));
#12275 = CARTESIAN_POINT('',(52.498653266731,11.701665149303,7.));
#12276 = VECTOR('',#12277,1.);
#12277 = DIRECTION('',(0.,0.,1.));
#12278 = DEFINITIONAL_REPRESENTATION('',(#12279),#12283);
#12279 = LINE('',#12280,#12281);
#12280 = CARTESIAN_POINT('',(0.,-0.6));
#12281 = VECTOR('',#12282,1.);
#12282 = DIRECTION('',(1.,0.));
#12283 = ( GEOMETRIC_REPRESENTATION_CONTEXT(2) 
PARAMETRIC_REPRESENTATION_CONTEXT() REPRESENTATION_CONTEXT('2D SPACE',''
  ) );
#12284 = ADVANCED_FACE('',(#12285,#12298),#9873,.T.);
#12285 = FACE_BOUND('',#12286,.F.);
#12286 = EDGE_LOOP('',(#12287,#12288,#12289,#12290,#12291,#12292,#12293,
    #12294,#12295,#12296,#12297));
#12287 = ORIENTED_EDGE('',*,*,#9856,.F.);
#12288 = ORIENTED_EDGE('',*,*,#9912,.T.);
#12289 = ORIENTED_EDGE('',*,*,#10016,.T.);
#12290 = ORIENTED_EDGE('',*,*,#10114,.T.);
#12291 = ORIENTED_EDGE('',*,*,#10234,.F.);
#12292 = ORIENTED_EDGE('',*,*,#10312,.T.);
#12293 = ORIENTED_EDGE('',*,*,#10361,.T.);
#12294 = ORIENTED_EDGE('',*,*,#10285,.T.);
#12295 = ORIENTED_EDGE('',*,*,#10185,.T.);
#12296 = ORIENTED_EDGE('',*,*,#10087,.T.);
#12297 = ORIENTED_EDGE('',*,*,#9961,.F.);
#12298 = FACE_BOUND('',#12299,.F.);
#12299 = EDGE_LOOP('',(#12300,#12330,#12358,#12386));
#12300 = ORIENTED_EDGE('',*,*,#12301,.T.);
#12301 = EDGE_CURVE('',#12302,#12304,#12306,.T.);
#12302 = VERTEX_POINT('',#12303);
#12303 = CARTESIAN_POINT('',(55.306172970828,10.647707691505,6.4));
#12304 = VERTEX_POINT('',#12305);
#12305 = CARTESIAN_POINT('',(54.814970779487,10.821073170802,6.4));
#12306 = SURFACE_CURVE('',#12307,(#12311,#12318),.PCURVE_S1.);
#12307 = LINE('',#12308,#12309);
#12308 = CARTESIAN_POINT('',(55.306172970828,10.647707691505,6.4));
#12309 = VECTOR('',#12310,1.);
#12310 = DIRECTION('',(-0.942990333583,0.332820117735,0.));
#12311 = PCURVE('',#9873,#12312);
#12312 = DEFINITIONAL_REPRESENTATION('',(#12313),#12317);
#12313 = LINE('',#12314,#12315);
#12314 = CARTESIAN_POINT('',(1.34736328125,2.72138671875));
#12315 = VECTOR('',#12316,1.);
#12316 = DIRECTION('',(-1.,0.));
#12317 = ( GEOMETRIC_REPRESENTATION_CONTEXT(2) 
PARAMETRIC_REPRESENTATION_CONTEXT() REPRESENTATION_CONTEXT('2D SPACE',''
  ) );
#12318 = PCURVE('',#12319,#12324);
#12319 = PLANE('',#12320);
#12320 = AXIS2_PLACEMENT_3D('',#12321,#12322,#12323);
#12321 = CARTESIAN_POINT('',(55.306172970828,10.647707691505,7.));
#12322 = DIRECTION('',(0.332820117735,0.942990333583,-0.));
#12323 = DIRECTION('',(-0.942990333583,0.332820117735,0.));
#12324 = DEFINITIONAL_REPRESENTATION('',(#12325),#12329);
#12325 = LINE('',#12326,#12327);
#12326 = CARTESIAN_POINT('',(0.,-0.6));
#12327 = VECTOR('',#12328,1.);
#12328 = DIRECTION('',(1.,0.));
#12329 = ( GEOMETRIC_REPRESENTATION_CONTEXT(2) 
PARAMETRIC_REPRESENTATION_CONTEXT() REPRESENTATION_CONTEXT('2D SPACE',''
  ) );
#12330 = ORIENTED_EDGE('',*,*,#12331,.T.);
#12331 = EDGE_CURVE('',#12304,#12332,#12334,.T.);
#12332 = VERTEX_POINT('',#12333);
#12333 = CARTESIAN_POINT('',(54.453223913238,9.796123716429,6.4));
#12334 = SURFACE_CURVE('',#12335,(#12339,#12346),.PCURVE_S1.);
#12335 = LINE('',#12336,#12337);
#12336 = CARTESIAN_POINT('',(54.814970779487,10.821073170802,6.4));
#12337 = VECTOR('',#12338,1.);
#12338 = DIRECTION('',(-0.332820117735,-0.942990333583,0.));
#12339 = PCURVE('',#9873,#12340);
#12340 = DEFINITIONAL_REPRESENTATION('',(#12341),#12345);
#12341 = LINE('',#12342,#12343);
#12342 = CARTESIAN_POINT('',(0.82646484375,2.72138671875));
#12343 = VECTOR('',#12344,1.);
#12344 = DIRECTION('',(0.,-1.));
#12345 = ( GEOMETRIC_REPRESENTATION_CONTEXT(2) 
PARAMETRIC_REPRESENTATION_CONTEXT() REPRESENTATION_CONTEXT('2D SPACE',''
  ) );
#12346 = PCURVE('',#12347,#12352);
#12347 = PLANE('',#12348);
#12348 = AXIS2_PLACEMENT_3D('',#12349,#12350,#12351);
#12349 = CARTESIAN_POINT('',(54.814970779487,10.821073170802,7.));
#12350 = DIRECTION('',(-0.942990333583,0.332820117735,0.));
#12351 = DIRECTION('',(-0.332820117735,-0.942990333583,0.));
#12352 = DEFINITIONAL_REPRESENTATION('',(#12353),#12357);
#12353 = LINE('',#12354,#12355);
#12354 = CARTESIAN_POINT('',(-0.,-0.6));
#12355 = VECTOR('',#12356,1.);
#12356 = DIRECTION('',(1.,0.));
#12357 = ( GEOMETRIC_REPRESENTATION_CONTEXT(2) 
PARAMETRIC_REPRESENTATION_CONTEXT() REPRESENTATION_CONTEXT('2D SPACE',''
  ) );
#12358 = ORIENTED_EDGE('',*,*,#12359,.T.);
#12359 = EDGE_CURVE('',#12332,#12360,#12362,.T.);
#12360 = VERTEX_POINT('',#12361);
#12361 = CARTESIAN_POINT('',(54.944426104579,9.622758237132,6.4));
#12362 = SURFACE_CURVE('',#12363,(#12367,#12374),.PCURVE_S1.);
#12363 = LINE('',#12364,#12365);
#12364 = CARTESIAN_POINT('',(54.453223913238,9.796123716429,6.4));
#12365 = VECTOR('',#12366,1.);
#12366 = DIRECTION('',(0.942990333583,-0.332820117735,0.));
#12367 = PCURVE('',#9873,#12368);
#12368 = DEFINITIONAL_REPRESENTATION('',(#12369),#12373);
#12369 = LINE('',#12370,#12371);
#12370 = CARTESIAN_POINT('',(0.82646484375,1.63447265625));
#12371 = VECTOR('',#12372,1.);
#12372 = DIRECTION('',(1.,0.));
#12373 = ( GEOMETRIC_REPRESENTATION_CONTEXT(2) 
PARAMETRIC_REPRESENTATION_CONTEXT() REPRESENTATION_CONTEXT('2D SPACE',''
  ) );
#12374 = PCURVE('',#12375,#12380);
#12375 = PLANE('',#12376);
#12376 = AXIS2_PLACEMENT_3D('',#12377,#12378,#12379);
#12377 = CARTESIAN_POINT('',(54.453223913238,9.796123716429,7.));
#12378 = DIRECTION('',(-0.332820117735,-0.942990333583,0.));
#12379 = DIRECTION('',(0.942990333583,-0.332820117735,0.));
#12380 = DEFINITIONAL_REPRESENTATION('',(#12381),#12385);
#12381 = LINE('',#12382,#12383);
#12382 = CARTESIAN_POINT('',(0.,-0.6));
#12383 = VECTOR('',#12384,1.);
#12384 = DIRECTION('',(1.,0.));
#12385 = ( GEOMETRIC_REPRESENTATION_CONTEXT(2) 
PARAMETRIC_REPRESENTATION_CONTEXT() REPRESENTATION_CONTEXT('2D SPACE',''
  ) );
#12386 = ORIENTED_EDGE('',*,*,#12387,.F.);
#12387 = EDGE_CURVE('',#12302,#12360,#12388,.T.);
#12388 = SURFACE_CURVE('',#12389,(#12396,#12406),.PCURVE_S1.);
#12389 = B_SPLINE_CURVE_WITH_KNOTS('',2,(#12390,#12391,#12392,#12393,
    #12394,#12395),.UNSPECIFIED.,.F.,.F.,(3,1,1,1,3),(0.,1.,2.,3.,4.),
  .UNSPECIFIED.);
#12390 = CARTESIAN_POINT('',(55.306172970828,10.647707691505,6.4));
#12391 = CARTESIAN_POINT('',(55.588517537505,10.548056667972,6.4));
#12392 = CARTESIAN_POINT('',(55.785885717675,10.189153723627,6.4));
#12393 = CARTESIAN_POINT('',(55.607059908322,9.682480597126,6.4));
#12394 = CARTESIAN_POINT('',(55.226770671255,9.523107213599,6.4));
#12395 = CARTESIAN_POINT('',(54.944426104579,9.622758237132,6.4));
#12396 = PCURVE('',#9873,#12397);
#12397 = DEFINITIONAL_REPRESENTATION('',(#12398),#12405);
#12398 = B_SPLINE_CURVE_WITH_KNOTS('',2,(#12399,#12400,#12401,#12402,
    #12403,#12404),.UNSPECIFIED.,.F.,.F.,(3,1,1,1,3),(0.,1.,2.,3.,4.),
  .UNSPECIFIED.);
#12399 = CARTESIAN_POINT('',(1.34736328125,2.72138671875));
#12400 = CARTESIAN_POINT('',(1.64677734375,2.72138671875));
#12401 = CARTESIAN_POINT('',(1.95234375,2.4486328125));
#12402 = CARTESIAN_POINT('',(1.95234375,1.911328125));
#12403 = CARTESIAN_POINT('',(1.64677734375,1.63447265625));
#12404 = CARTESIAN_POINT('',(1.34736328125,1.63447265625));
#12405 = ( GEOMETRIC_REPRESENTATION_CONTEXT(2) 
PARAMETRIC_REPRESENTATION_CONTEXT() REPRESENTATION_CONTEXT('2D SPACE',''
  ) );
#12406 = PCURVE('',#12407,#12417);
#12407 = SURFACE_OF_LINEAR_EXTRUSION('',#12408,#12415);
#12408 = B_SPLINE_CURVE_WITH_KNOTS('',2,(#12409,#12410,#12411,#12412,
    #12413,#12414),.UNSPECIFIED.,.F.,.F.,(3,1,1,1,3),(0.,1.,2.,3.,4.),
  .UNSPECIFIED.);
#12409 = CARTESIAN_POINT('',(55.306172970828,10.647707691505,7.));
#12410 = CARTESIAN_POINT('',(55.588517537505,10.548056667972,7.));
#12411 = CARTESIAN_POINT('',(55.785885717675,10.189153723627,7.));
#12412 = CARTESIAN_POINT('',(55.607059908322,9.682480597126,7.));
#12413 = CARTESIAN_POINT('',(55.226770671255,9.523107213599,7.));
#12414 = CARTESIAN_POINT('',(54.944426104579,9.622758237132,7.));
#12415 = VECTOR('',#12416,1.);
#12416 = DIRECTION('',(0.,0.,1.));
#12417 = DEFINITIONAL_REPRESENTATION('',(#12418),#12422);
#12418 = LINE('',#12419,#12420);
#12419 = CARTESIAN_POINT('',(0.,-0.6));
#12420 = VECTOR('',#12421,1.);
#12421 = DIRECTION('',(1.,0.));
#12422 = ( GEOMETRIC_REPRESENTATION_CONTEXT(2) 
PARAMETRIC_REPRESENTATION_CONTEXT() REPRESENTATION_CONTEXT('2D SPACE',''
  ) );
#12423 = ADVANCED_FACE('',(#12424),#10429,.T.);
#12424 = FACE_BOUND('',#12425,.F.);
#12425 = EDGE_LOOP('',(#12426,#12427,#12428,#12429,#12430,#12431,#12432,
    #12433));
#12426 = ORIENTED_EDGE('',*,*,#10470,.T.);
#12427 = ORIENTED_EDGE('',*,*,#10568,.T.);
#12428 = ORIENTED_EDGE('',*,*,#10666,.T.);
#12429 = ORIENTED_EDGE('',*,*,#10764,.F.);
#12430 = ORIENTED_EDGE('',*,*,#10737,.T.);
#12431 = ORIENTED_EDGE('',*,*,#10639,.T.);
#12432 = ORIENTED_EDGE('',*,*,#10541,.T.);
#12433 = ORIENTED_EDGE('',*,*,#10410,.F.);
#12434 = ADVANCED_FACE('',(#12435),#10840,.T.);
#12435 = FACE_BOUND('',#12436,.F.);
#12436 = EDGE_LOOP('',(#12437,#12438,#12439,#12440,#12441,#12442,#12443,
    #12444));
#12437 = ORIENTED_EDGE('',*,*,#10883,.T.);
#12438 = ORIENTED_EDGE('',*,*,#11003,.F.);
#12439 = ORIENTED_EDGE('',*,*,#11099,.T.);
#12440 = ORIENTED_EDGE('',*,*,#11197,.F.);
#12441 = ORIENTED_EDGE('',*,*,#11170,.T.);
#12442 = ORIENTED_EDGE('',*,*,#11040,.F.);
#12443 = ORIENTED_EDGE('',*,*,#10954,.T.);
#12444 = ORIENTED_EDGE('',*,*,#10819,.F.);
#12445 = ADVANCED_FACE('',(#12446),#11272,.T.);
#12446 = FACE_BOUND('',#12447,.F.);
#12447 = EDGE_LOOP('',(#12448,#12449,#12450,#12451,#12452,#12453,#12454,
    #12455,#12456,#12457,#12458,#12459));
#12448 = ORIENTED_EDGE('',*,*,#11359,.T.);
#12449 = ORIENTED_EDGE('',*,*,#11457,.T.);
#12450 = ORIENTED_EDGE('',*,*,#11555,.T.);
#12451 = ORIENTED_EDGE('',*,*,#11653,.T.);
#12452 = ORIENTED_EDGE('',*,*,#11751,.T.);
#12453 = ORIENTED_EDGE('',*,*,#11800,.T.);
#12454 = ORIENTED_EDGE('',*,*,#11724,.T.);
#12455 = ORIENTED_EDGE('',*,*,#11626,.T.);
#12456 = ORIENTED_EDGE('',*,*,#11528,.T.);
#12457 = ORIENTED_EDGE('',*,*,#11430,.T.);
#12458 = ORIENTED_EDGE('',*,*,#11332,.T.);
#12459 = ORIENTED_EDGE('',*,*,#11256,.T.);
#12460 = ADVANCED_FACE('',(#12461),#11846,.F.);
#12461 = FACE_BOUND('',#12462,.F.);
#12462 = EDGE_LOOP('',(#12463,#12464,#12485,#12486));
#12463 = ORIENTED_EDGE('',*,*,#11829,.F.);
#12464 = ORIENTED_EDGE('',*,*,#12465,.F.);
#12465 = EDGE_CURVE('',#11865,#11830,#12466,.T.);
#12466 = SEAM_CURVE('',#12467,(#12471,#12478),.PCURVE_S1.);
#12467 = LINE('',#12468,#12469);
#12468 = CARTESIAN_POINT('',(138.505,-2.817912284838E-15,-10.79));
#12469 = VECTOR('',#12470,1.);
#12470 = DIRECTION('',(0.,0.,1.));
#12471 = PCURVE('',#11846,#12472);
#12472 = DEFINITIONAL_REPRESENTATION('',(#12473),#12477);
#12473 = LINE('',#12474,#12475);
#12474 = CARTESIAN_POINT('',(0.,-0.));
#12475 = VECTOR('',#12476,1.);
#12476 = DIRECTION('',(0.,1.));
#12477 = ( GEOMETRIC_REPRESENTATION_CONTEXT(2) 
PARAMETRIC_REPRESENTATION_CONTEXT() REPRESENTATION_CONTEXT('2D SPACE',''
  ) );
#12478 = PCURVE('',#11846,#12479);
#12479 = DEFINITIONAL_REPRESENTATION('',(#12480),#12484);
#12480 = LINE('',#12481,#12482);
#12481 = CARTESIAN_POINT('',(6.28318530718,-0.));
#12482 = VECTOR('',#12483,1.);
#12483 = DIRECTION('',(0.,1.));
#12484 = ( GEOMETRIC_REPRESENTATION_CONTEXT(2) 
PARAMETRIC_REPRESENTATION_CONTEXT() REPRESENTATION_CONTEXT('2D SPACE',''
  ) );
#12485 = ORIENTED_EDGE('',*,*,#11864,.T.);
#12486 = ORIENTED_EDGE('',*,*,#12465,.T.);
#12487 = ADVANCED_FACE('',(#12488),#11940,.F.);
#12488 = FACE_BOUND('',#12489,.F.);
#12489 = EDGE_LOOP('',(#12490,#12513,#12514,#12515));
#12490 = ORIENTED_EDGE('',*,*,#12491,.T.);
#12491 = EDGE_CURVE('',#12492,#11911,#12494,.T.);
#12492 = VERTEX_POINT('',#12493);
#12493 = CARTESIAN_POINT('',(47.437325453336,-10.67387177302,7.));
#12494 = SEAM_CURVE('',#12495,(#12499,#12506),.PCURVE_S1.);
#12495 = LINE('',#12496,#12497);
#12496 = CARTESIAN_POINT('',(47.437325453336,-10.67387177302,7.));
#12497 = VECTOR('',#12498,1.);
#12498 = DIRECTION('',(-0.,-0.,-1.));
#12499 = PCURVE('',#11940,#12500);
#12500 = DEFINITIONAL_REPRESENTATION('',(#12501),#12505);
#12501 = LINE('',#12502,#12503);
#12502 = CARTESIAN_POINT('',(0.,0.));
#12503 = VECTOR('',#12504,1.);
#12504 = DIRECTION('',(0.,-1.));
#12505 = ( GEOMETRIC_REPRESENTATION_CONTEXT(2) 
PARAMETRIC_REPRESENTATION_CONTEXT() REPRESENTATION_CONTEXT('2D SPACE',''
  ) );
#12506 = PCURVE('',#11940,#12507);
#12507 = DEFINITIONAL_REPRESENTATION('',(#12508),#12512);
#12508 = LINE('',#12509,#12510);
#12509 = CARTESIAN_POINT('',(7.985865724382,0.));
#12510 = VECTOR('',#12511,1.);
#12511 = DIRECTION('',(0.,-1.));
#12512 = ( GEOMETRIC_REPRESENTATION_CONTEXT(2) 
PARAMETRIC_REPRESENTATION_CONTEXT() REPRESENTATION_CONTEXT('2D SPACE',''
  ) );
#12513 = ORIENTED_EDGE('',*,*,#11910,.T.);
#12514 = ORIENTED_EDGE('',*,*,#12491,.F.);
#12515 = ORIENTED_EDGE('',*,*,#12516,.F.);
#12516 = EDGE_CURVE('',#12492,#12492,#12517,.T.);
#12517 = SURFACE_CURVE('',#12518,(#12529,#12536),.PCURVE_S1.);
#12518 = B_SPLINE_CURVE_WITH_KNOTS('',2,(#12519,#12520,#12521,#12522,
    #12523,#12524,#12525,#12526,#12527,#12528),.UNSPECIFIED.,.T.,.F.,(3,
    1,1,1,1,1,1,1,3),(0.,1.,2.,2.996466431095,3.992932862191,
    4.989399293286,5.985865724382,6.985865724382,7.985865724382),
  .UNSPECIFIED.);
#12519 = CARTESIAN_POINT('',(47.437325453336,-10.67387177302,7.));
#12520 = CARTESIAN_POINT('',(47.862776170246,-10.52371269647,7.));
#12521 = CARTESIAN_POINT('',(48.583653494592,-10.98260793497,7.));
#12522 = CARTESIAN_POINT('',(48.969289304839,-12.07524273067,7.));
#12523 = CARTESIAN_POINT('',(48.696159045133,-12.88496417531,7.));
#12524 = CARTESIAN_POINT('',(47.845257611314,-13.18528232843,7.));
#12525 = CARTESIAN_POINT('',(47.120512553178,-12.72775217243,7.));
#12526 = CARTESIAN_POINT('',(46.734876742931,-11.63511737673,7.));
#12527 = CARTESIAN_POINT('',(47.011874736427,-10.82403084958,7.));
#12528 = CARTESIAN_POINT('',(47.437325453336,-10.67387177302,7.));
#12529 = PCURVE('',#11940,#12530);
#12530 = DEFINITIONAL_REPRESENTATION('',(#12531),#12535);
#12531 = LINE('',#12532,#12533);
#12532 = CARTESIAN_POINT('',(0.,0.));
#12533 = VECTOR('',#12534,1.);
#12534 = DIRECTION('',(1.,0.));
#12535 = ( GEOMETRIC_REPRESENTATION_CONTEXT(2) 
PARAMETRIC_REPRESENTATION_CONTEXT() REPRESENTATION_CONTEXT('2D SPACE',''
  ) );
#12536 = PCURVE('',#12537,#12542);
#12537 = PLANE('',#12538);
#12538 = AXIS2_PLACEMENT_3D('',#12539,#12540,#12541);
#12539 = CARTESIAN_POINT('',(19.563938076993,16.616328803026,7.));
#12540 = DIRECTION('',(0.,0.,1.));
#12541 = DIRECTION('',(0.942990333583,-0.332820117735,0.));
#12542 = DEFINITIONAL_REPRESENTATION('',(#12543),#12554);
#12543 = B_SPLINE_CURVE_WITH_KNOTS('',2,(#12544,#12545,#12546,#12547,
    #12548,#12549,#12550,#12551,#12552,#12553),.UNSPECIFIED.,.T.,.F.,(3,
    1,1,1,1,1,1,1,3),(0.,1.,2.,2.996466431095,3.992932862191,
    4.989399293286,5.985865724382,6.985865724382,7.985865724382),
  .UNSPECIFIED.);
#12544 = CARTESIAN_POINT('',(35.367062628838,-16.45757127648));
#12545 = CARTESIAN_POINT('',(35.718282580761,-16.1743741611));
#12546 = CARTESIAN_POINT('',(36.550792496626,-16.36718545918));
#12547 = CARTESIAN_POINT('',(37.278094179318,-17.26918215389));
#12548 = CARTESIAN_POINT('',(37.290026571145,-18.12364489427));
#12549 = CARTESIAN_POINT('',(36.587586667299,-18.69003912504));
#12550 = CARTESIAN_POINT('',(35.75188384278,-18.4998023462));
#12551 = CARTESIAN_POINT('',(35.024582160087,-17.59780565148));
#12552 = CARTESIAN_POINT('',(35.015842676914,-16.74076839187));
#12553 = CARTESIAN_POINT('',(35.367062628838,-16.45757127648));
#12554 = ( GEOMETRIC_REPRESENTATION_CONTEXT(2) 
PARAMETRIC_REPRESENTATION_CONTEXT() REPRESENTATION_CONTEXT('2D SPACE',''
  ) );
#12555 = ADVANCED_FACE('',(#12556),#12029,.T.);
#12556 = FACE_BOUND('',#12557,.T.);
#12557 = EDGE_LOOP('',(#12558,#12581,#12582,#12605));
#12558 = ORIENTED_EDGE('',*,*,#12559,.T.);
#12559 = EDGE_CURVE('',#12560,#12012,#12562,.T.);
#12560 = VERTEX_POINT('',#12561);
#12561 = CARTESIAN_POINT('',(59.559258178971,-6.458610726213,7.));
#12562 = SURFACE_CURVE('',#12563,(#12567,#12574),.PCURVE_S1.);
#12563 = LINE('',#12564,#12565);
#12564 = CARTESIAN_POINT('',(59.559258178971,-6.458610726213,7.));
#12565 = VECTOR('',#12566,1.);
#12566 = DIRECTION('',(-0.,-0.,-1.));
#12567 = PCURVE('',#12029,#12568);
#12568 = DEFINITIONAL_REPRESENTATION('',(#12569),#12573);
#12569 = LINE('',#12570,#12571);
#12570 = CARTESIAN_POINT('',(0.,0.));
#12571 = VECTOR('',#12572,1.);
#12572 = DIRECTION('',(0.,-1.));
#12573 = ( GEOMETRIC_REPRESENTATION_CONTEXT(2) 
PARAMETRIC_REPRESENTATION_CONTEXT() REPRESENTATION_CONTEXT('2D SPACE',''
  ) );
#12574 = PCURVE('',#12117,#12575);
#12575 = DEFINITIONAL_REPRESENTATION('',(#12576),#12580);
#12576 = LINE('',#12577,#12578);
#12577 = CARTESIAN_POINT('',(0.,0.));
#12578 = VECTOR('',#12579,1.);
#12579 = DIRECTION('',(0.,-1.));
#12580 = ( GEOMETRIC_REPRESENTATION_CONTEXT(2) 
PARAMETRIC_REPRESENTATION_CONTEXT() REPRESENTATION_CONTEXT('2D SPACE',''
  ) );
#12581 = ORIENTED_EDGE('',*,*,#12011,.T.);
#12582 = ORIENTED_EDGE('',*,*,#12583,.F.);
#12583 = EDGE_CURVE('',#12584,#12014,#12586,.T.);
#12584 = VERTEX_POINT('',#12585);
#12585 = CARTESIAN_POINT('',(59.06805598763,-6.63197620551,7.));
#12586 = SURFACE_CURVE('',#12587,(#12591,#12598),.PCURVE_S1.);
#12587 = LINE('',#12588,#12589);
#12588 = CARTESIAN_POINT('',(59.06805598763,-6.63197620551,7.));
#12589 = VECTOR('',#12590,1.);
#12590 = DIRECTION('',(-0.,-0.,-1.));
#12591 = PCURVE('',#12029,#12592);
#12592 = DEFINITIONAL_REPRESENTATION('',(#12593),#12597);
#12593 = LINE('',#12594,#12595);
#12594 = CARTESIAN_POINT('',(0.5208984375,0.));
#12595 = VECTOR('',#12596,1.);
#12596 = DIRECTION('',(0.,-1.));
#12597 = ( GEOMETRIC_REPRESENTATION_CONTEXT(2) 
PARAMETRIC_REPRESENTATION_CONTEXT() REPRESENTATION_CONTEXT('2D SPACE',''
  ) );
#12598 = PCURVE('',#12057,#12599);
#12599 = DEFINITIONAL_REPRESENTATION('',(#12600),#12604);
#12600 = LINE('',#12601,#12602);
#12601 = CARTESIAN_POINT('',(0.,0.));
#12602 = VECTOR('',#12603,1.);
#12603 = DIRECTION('',(0.,-1.));
#12604 = ( GEOMETRIC_REPRESENTATION_CONTEXT(2) 
PARAMETRIC_REPRESENTATION_CONTEXT() REPRESENTATION_CONTEXT('2D SPACE',''
  ) );
#12605 = ORIENTED_EDGE('',*,*,#12606,.F.);
#12606 = EDGE_CURVE('',#12560,#12584,#12607,.T.);
#12607 = SURFACE_CURVE('',#12608,(#12612,#12619),.PCURVE_S1.);
#12608 = LINE('',#12609,#12610);
#12609 = CARTESIAN_POINT('',(59.559258178971,-6.458610726213,7.));
#12610 = VECTOR('',#12611,1.);
#12611 = DIRECTION('',(-0.942990333583,-0.332820117735,0.));
#12612 = PCURVE('',#12029,#12613);
#12613 = DEFINITIONAL_REPRESENTATION('',(#12614),#12618);
#12614 = LINE('',#12615,#12616);
#12615 = CARTESIAN_POINT('',(0.,0.));
#12616 = VECTOR('',#12617,1.);
#12617 = DIRECTION('',(1.,0.));
#12618 = ( GEOMETRIC_REPRESENTATION_CONTEXT(2) 
PARAMETRIC_REPRESENTATION_CONTEXT() REPRESENTATION_CONTEXT('2D SPACE',''
  ) );
#12619 = PCURVE('',#12620,#12625);
#12620 = PLANE('',#12621);
#12621 = AXIS2_PLACEMENT_3D('',#12622,#12623,#12624);
#12622 = CARTESIAN_POINT('',(19.563938076993,16.616328803026,7.));
#12623 = DIRECTION('',(0.,0.,1.));
#12624 = DIRECTION('',(0.942990333583,-0.332820117735,0.));
#12625 = DEFINITIONAL_REPRESENTATION('',(#12626),#12630);
#12626 = LINE('',#12627,#12628);
#12627 = CARTESIAN_POINT('',(45.39500433557,-8.448197778895));
#12628 = VECTOR('',#12629,1.);
#12629 = DIRECTION('',(-0.778461538462,-0.627692307692));
#12630 = ( GEOMETRIC_REPRESENTATION_CONTEXT(2) 
PARAMETRIC_REPRESENTATION_CONTEXT() REPRESENTATION_CONTEXT('2D SPACE',''
  ) );
#12631 = ADVANCED_FACE('',(#12632),#12057,.T.);
#12632 = FACE_BOUND('',#12633,.T.);
#12633 = EDGE_LOOP('',(#12634,#12635,#12636,#12659));
#12634 = ORIENTED_EDGE('',*,*,#12583,.T.);
#12635 = ORIENTED_EDGE('',*,*,#12041,.T.);
#12636 = ORIENTED_EDGE('',*,*,#12637,.F.);
#12637 = EDGE_CURVE('',#12638,#12042,#12640,.T.);
#12638 = VERTEX_POINT('',#12639);
#12639 = CARTESIAN_POINT('',(59.450961632848,-7.716875533629,7.));
#12640 = SURFACE_CURVE('',#12641,(#12645,#12652),.PCURVE_S1.);
#12641 = LINE('',#12642,#12643);
#12642 = CARTESIAN_POINT('',(59.450961632848,-7.716875533629,7.));
#12643 = VECTOR('',#12644,1.);
#12644 = DIRECTION('',(-0.,-0.,-1.));
#12645 = PCURVE('',#12057,#12646);
#12646 = DEFINITIONAL_REPRESENTATION('',(#12647),#12651);
#12647 = LINE('',#12648,#12649);
#12648 = CARTESIAN_POINT('',(1.15048828125,0.));
#12649 = VECTOR('',#12650,1.);
#12650 = DIRECTION('',(0.,-1.));
#12651 = ( GEOMETRIC_REPRESENTATION_CONTEXT(2) 
PARAMETRIC_REPRESENTATION_CONTEXT() REPRESENTATION_CONTEXT('2D SPACE',''
  ) );
#12652 = PCURVE('',#12085,#12653);
#12653 = DEFINITIONAL_REPRESENTATION('',(#12654),#12658);
#12654 = LINE('',#12655,#12656);
#12655 = CARTESIAN_POINT('',(0.,0.));
#12656 = VECTOR('',#12657,1.);
#12657 = DIRECTION('',(0.,-1.));
#12658 = ( GEOMETRIC_REPRESENTATION_CONTEXT(2) 
PARAMETRIC_REPRESENTATION_CONTEXT() REPRESENTATION_CONTEXT('2D SPACE',''
  ) );
#12659 = ORIENTED_EDGE('',*,*,#12660,.F.);
#12660 = EDGE_CURVE('',#12584,#12638,#12661,.T.);
#12661 = SURFACE_CURVE('',#12662,(#12666,#12673),.PCURVE_S1.);
#12662 = LINE('',#12663,#12664);
#12663 = CARTESIAN_POINT('',(59.06805598763,-6.63197620551,7.));
#12664 = VECTOR('',#12665,1.);
#12665 = DIRECTION('',(0.332820117735,-0.942990333583,0.));
#12666 = PCURVE('',#12057,#12667);
#12667 = DEFINITIONAL_REPRESENTATION('',(#12668),#12672);
#12668 = LINE('',#12669,#12670);
#12669 = CARTESIAN_POINT('',(0.,0.));
#12670 = VECTOR('',#12671,1.);
#12671 = DIRECTION('',(1.,0.));
#12672 = ( GEOMETRIC_REPRESENTATION_CONTEXT(2) 
PARAMETRIC_REPRESENTATION_CONTEXT() REPRESENTATION_CONTEXT('2D SPACE',''
  ) );
#12673 = PCURVE('',#12620,#12674);
#12674 = DEFINITIONAL_REPRESENTATION('',(#12675),#12679);
#12675 = LINE('',#12676,#12677);
#12676 = CARTESIAN_POINT('',(44.989504936531,-8.775161721203));
#12677 = VECTOR('',#12678,1.);
#12678 = DIRECTION('',(0.627692307692,-0.778461538462));
#12679 = ( GEOMETRIC_REPRESENTATION_CONTEXT(2) 
PARAMETRIC_REPRESENTATION_CONTEXT() REPRESENTATION_CONTEXT('2D SPACE',''
  ) );
#12680 = ADVANCED_FACE('',(#12681),#12085,.T.);
#12681 = FACE_BOUND('',#12682,.T.);
#12682 = EDGE_LOOP('',(#12683,#12684,#12685,#12708));
#12683 = ORIENTED_EDGE('',*,*,#12637,.T.);
#12684 = ORIENTED_EDGE('',*,*,#12069,.T.);
#12685 = ORIENTED_EDGE('',*,*,#12686,.F.);
#12686 = EDGE_CURVE('',#12687,#12070,#12689,.T.);
#12687 = VERTEX_POINT('',#12688);
#12688 = CARTESIAN_POINT('',(59.942163824189,-7.543510054332,7.));
#12689 = SURFACE_CURVE('',#12690,(#12694,#12701),.PCURVE_S1.);
#12690 = LINE('',#12691,#12692);
#12691 = CARTESIAN_POINT('',(59.942163824189,-7.543510054332,7.));
#12692 = VECTOR('',#12693,1.);
#12693 = DIRECTION('',(-0.,-0.,-1.));
#12694 = PCURVE('',#12085,#12695);
#12695 = DEFINITIONAL_REPRESENTATION('',(#12696),#12700);
#12696 = LINE('',#12697,#12698);
#12697 = CARTESIAN_POINT('',(0.5208984375,0.));
#12698 = VECTOR('',#12699,1.);
#12699 = DIRECTION('',(0.,-1.));
#12700 = ( GEOMETRIC_REPRESENTATION_CONTEXT(2) 
PARAMETRIC_REPRESENTATION_CONTEXT() REPRESENTATION_CONTEXT('2D SPACE',''
  ) );
#12701 = PCURVE('',#12117,#12702);
#12702 = DEFINITIONAL_REPRESENTATION('',(#12703),#12707);
#12703 = LINE('',#12704,#12705);
#12704 = CARTESIAN_POINT('',(4.014925373134,0.));
#12705 = VECTOR('',#12706,1.);
#12706 = DIRECTION('',(0.,-1.));
#12707 = ( GEOMETRIC_REPRESENTATION_CONTEXT(2) 
PARAMETRIC_REPRESENTATION_CONTEXT() REPRESENTATION_CONTEXT('2D SPACE',''
  ) );
#12708 = ORIENTED_EDGE('',*,*,#12709,.F.);
#12709 = EDGE_CURVE('',#12638,#12687,#12710,.T.);
#12710 = SURFACE_CURVE('',#12711,(#12715,#12722),.PCURVE_S1.);
#12711 = LINE('',#12712,#12713);
#12712 = CARTESIAN_POINT('',(59.450961632848,-7.716875533629,7.));
#12713 = VECTOR('',#12714,1.);
#12714 = DIRECTION('',(0.942990333583,0.332820117735,0.));
#12715 = PCURVE('',#12085,#12716);
#12716 = DEFINITIONAL_REPRESENTATION('',(#12717),#12721);
#12717 = LINE('',#12718,#12719);
#12718 = CARTESIAN_POINT('',(0.,0.));
#12719 = VECTOR('',#12720,1.);
#12720 = DIRECTION('',(1.,0.));
#12721 = ( GEOMETRIC_REPRESENTATION_CONTEXT(2) 
PARAMETRIC_REPRESENTATION_CONTEXT() REPRESENTATION_CONTEXT('2D SPACE',''
  ) );
#12722 = PCURVE('',#12620,#12723);
#12723 = DEFINITIONAL_REPRESENTATION('',(#12724),#12728);
#12724 = LINE('',#12725,#12726);
#12725 = CARTESIAN_POINT('',(45.711657580762,-9.670772598607));
#12726 = VECTOR('',#12727,1.);
#12727 = DIRECTION('',(0.778461538462,0.627692307692));
#12728 = ( GEOMETRIC_REPRESENTATION_CONTEXT(2) 
PARAMETRIC_REPRESENTATION_CONTEXT() REPRESENTATION_CONTEXT('2D SPACE',''
  ) );
#12729 = ADVANCED_FACE('',(#12730),#12117,.F.);
#12730 = FACE_BOUND('',#12731,.F.);
#12731 = EDGE_LOOP('',(#12732,#12733,#12734,#12735));
#12732 = ORIENTED_EDGE('',*,*,#12559,.T.);
#12733 = ORIENTED_EDGE('',*,*,#12097,.T.);
#12734 = ORIENTED_EDGE('',*,*,#12686,.F.);
#12735 = ORIENTED_EDGE('',*,*,#12736,.F.);
#12736 = EDGE_CURVE('',#12560,#12687,#12737,.T.);
#12737 = SURFACE_CURVE('',#12738,(#12745,#12752),.PCURVE_S1.);
#12738 = B_SPLINE_CURVE_WITH_KNOTS('',2,(#12739,#12740,#12741,#12742,
    #12743,#12744),.UNSPECIFIED.,.F.,.F.,(3,1,1,1,3),(0.,1.,2.,
    3.007462686567,4.014925373134),.UNSPECIFIED.);
#12739 = CARTESIAN_POINT('',(59.559258178971,-6.458610726213,7.));
#12740 = CARTESIAN_POINT('',(59.831933411172,-6.362372408966,7.));
#12741 = CARTESIAN_POINT('',(60.229399936541,-6.539605622053,7.));
#12742 = CARTESIAN_POINT('',(60.413003534694,-7.059815816819,7.));
#12743 = CARTESIAN_POINT('',(60.21483905639,-7.447271737085,7.));
#12744 = CARTESIAN_POINT('',(59.942163824189,-7.543510054332,7.));
#12745 = PCURVE('',#12117,#12746);
#12746 = DEFINITIONAL_REPRESENTATION('',(#12747),#12751);
#12747 = LINE('',#12748,#12749);
#12748 = CARTESIAN_POINT('',(0.,0.));
#12749 = VECTOR('',#12750,1.);
#12750 = DIRECTION('',(1.,0.));
#12751 = ( GEOMETRIC_REPRESENTATION_CONTEXT(2) 
PARAMETRIC_REPRESENTATION_CONTEXT() REPRESENTATION_CONTEXT('2D SPACE',''
  ) );
#12752 = PCURVE('',#12620,#12753);
#12753 = DEFINITIONAL_REPRESENTATION('',(#12754),#12761);
#12754 = B_SPLINE_CURVE_WITH_KNOTS('',2,(#12755,#12756,#12757,#12758,
    #12759,#12760),.UNSPECIFIED.,.F.,.F.,(3,1,1,1,3),(0.,1.,2.,
    3.007462686567,4.014925373134),.UNSPECIFIED.);
#12755 = CARTESIAN_POINT('',(45.39500433557,-8.448197778895));
#12756 = CARTESIAN_POINT('',(45.620104395666,-8.266694173126));
#12757 = CARTESIAN_POINT('',(46.053898265858,-8.301538524087));
#12758 = CARTESIAN_POINT('',(46.400171102397,-8.73098473803));
#12759 = CARTESIAN_POINT('',(46.342257039896,-9.16230505053));
#12760 = CARTESIAN_POINT('',(46.1171569798,-9.343808656299));
#12761 = ( GEOMETRIC_REPRESENTATION_CONTEXT(2) 
PARAMETRIC_REPRESENTATION_CONTEXT() REPRESENTATION_CONTEXT('2D SPACE',''
  ) );
#12762 = ADVANCED_FACE('',(#12763),#12183,.F.);
#12763 = FACE_BOUND('',#12764,.F.);
#12764 = EDGE_LOOP('',(#12765,#12788,#12789,#12790));
#12765 = ORIENTED_EDGE('',*,*,#12766,.T.);
#12766 = EDGE_CURVE('',#12767,#12154,#12769,.T.);
#12767 = VERTEX_POINT('',#12768);
#12768 = CARTESIAN_POINT('',(43.424949795189,14.904148727495,7.));
#12769 = SEAM_CURVE('',#12770,(#12774,#12781),.PCURVE_S1.);
#12770 = LINE('',#12771,#12772);
#12771 = CARTESIAN_POINT('',(43.424949795189,14.904148727495,7.));
#12772 = VECTOR('',#12773,1.);
#12773 = DIRECTION('',(-0.,-0.,-1.));
#12774 = PCURVE('',#12183,#12775);
#12775 = DEFINITIONAL_REPRESENTATION('',(#12776),#12780);
#12776 = LINE('',#12777,#12778);
#12777 = CARTESIAN_POINT('',(0.,0.));
#12778 = VECTOR('',#12779,1.);
#12779 = DIRECTION('',(0.,-1.));
#12780 = ( GEOMETRIC_REPRESENTATION_CONTEXT(2) 
PARAMETRIC_REPRESENTATION_CONTEXT() REPRESENTATION_CONTEXT('2D SPACE',''
  ) );
#12781 = PCURVE('',#12183,#12782);
#12782 = DEFINITIONAL_REPRESENTATION('',(#12783),#12787);
#12783 = LINE('',#12784,#12785);
#12784 = CARTESIAN_POINT('',(7.985865724382,0.));
#12785 = VECTOR('',#12786,1.);
#12786 = DIRECTION('',(0.,-1.));
#12787 = ( GEOMETRIC_REPRESENTATION_CONTEXT(2) 
PARAMETRIC_REPRESENTATION_CONTEXT() REPRESENTATION_CONTEXT('2D SPACE',''
  ) );
#12788 = ORIENTED_EDGE('',*,*,#12153,.T.);
#12789 = ORIENTED_EDGE('',*,*,#12766,.F.);
#12790 = ORIENTED_EDGE('',*,*,#12791,.F.);
#12791 = EDGE_CURVE('',#12767,#12767,#12792,.T.);
#12792 = SURFACE_CURVE('',#12793,(#12804,#12811),.PCURVE_S1.);
#12793 = B_SPLINE_CURVE_WITH_KNOTS('',2,(#12794,#12795,#12796,#12797,
    #12798,#12799,#12800,#12801,#12802,#12803),.UNSPECIFIED.,.T.,.F.,(3,
    1,1,1,1,1,1,1,3),(0.,1.,2.,2.996466431095,3.992932862191,
    4.989399293286,5.985865724382,6.985865724382,7.985865724382),
  .UNSPECIFIED.);
#12794 = CARTESIAN_POINT('',(43.424949795189,14.904148727495,7.));
#12795 = CARTESIAN_POINT('',(43.850400512098,14.753989650938,7.));
#12796 = CARTESIAN_POINT('',(44.123530771804,13.944268206296,7.));
#12797 = CARTESIAN_POINT('',(43.737894961557,12.851633410597,7.));
#12798 = CARTESIAN_POINT('',(43.017017637211,12.392738172091,7.));
#12799 = CARTESIAN_POINT('',(42.166116203392,12.693056325203,7.));
#12800 = CARTESIAN_POINT('',(41.889118209896,13.50414285236,7.));
#12801 = CARTESIAN_POINT('',(42.274754020143,14.596777648059,7.));
#12802 = CARTESIAN_POINT('',(42.999499078279,15.054307804051,7.));
#12803 = CARTESIAN_POINT('',(43.424949795189,14.904148727495,7.));
#12804 = PCURVE('',#12183,#12805);
#12805 = DEFINITIONAL_REPRESENTATION('',(#12806),#12810);
#12806 = LINE('',#12807,#12808);
#12807 = CARTESIAN_POINT('',(0.,0.));
#12808 = VECTOR('',#12809,1.);
#12809 = DIRECTION('',(1.,0.));
#12810 = ( GEOMETRIC_REPRESENTATION_CONTEXT(2) 
PARAMETRIC_REPRESENTATION_CONTEXT() REPRESENTATION_CONTEXT('2D SPACE',''
  ) );
#12811 = PCURVE('',#12812,#12817);
#12812 = PLANE('',#12813);
#12813 = AXIS2_PLACEMENT_3D('',#12814,#12815,#12816);
#12814 = CARTESIAN_POINT('',(19.563938076993,16.616328803026,7.));
#12815 = DIRECTION('',(0.,0.,1.));
#12816 = DIRECTION('',(0.942990333583,-0.332820117735,0.));
#12817 = DEFINITIONAL_REPRESENTATION('',(#12818),#12829);
#12818 = B_SPLINE_CURVE_WITH_KNOTS('',2,(#12819,#12820,#12821,#12822,
    #12823,#12824,#12825,#12826,#12827,#12828),.UNSPECIFIED.,.T.,.F.,(3,
    1,1,1,1,1,1,1,3),(0.,1.,2.,2.996466431095,3.992932862191,
    4.989399293286,5.985865724382,6.985865724382,7.985865724382),
  .UNSPECIFIED.);
#12819 = CARTESIAN_POINT('',(23.07055137409,6.326855468746));
#12820 = CARTESIAN_POINT('',(23.52172324909,6.326855468746));
#12821 = CARTESIAN_POINT('',(24.04877403034,5.654199218746));
#12822 = CARTESIAN_POINT('',(24.04877403034,4.495507812496));
#12823 = CARTESIAN_POINT('',(23.521723249089,3.822851562496));
#12824 = CARTESIAN_POINT('',(22.619379499089,3.822851562496));
#12825 = CARTESIAN_POINT('',(22.08822715534,4.495507812496));
#12826 = CARTESIAN_POINT('',(22.08822715534,5.654199218746));
#12827 = CARTESIAN_POINT('',(22.61937949909,6.326855468746));
#12828 = CARTESIAN_POINT('',(23.07055137409,6.326855468746));
#12829 = ( GEOMETRIC_REPRESENTATION_CONTEXT(2) 
PARAMETRIC_REPRESENTATION_CONTEXT() REPRESENTATION_CONTEXT('2D SPACE',''
  ) );
#12830 = ADVANCED_FACE('',(#12831),#12264,.F.);
#12831 = FACE_BOUND('',#12832,.F.);
#12832 = EDGE_LOOP('',(#12833,#12856,#12857,#12858));
#12833 = ORIENTED_EDGE('',*,*,#12834,.T.);
#12834 = EDGE_CURVE('',#12835,#12235,#12837,.T.);
#12835 = VERTEX_POINT('',#12836);
#12836 = CARTESIAN_POINT('',(52.498653266731,11.701665149303,7.));
#12837 = SEAM_CURVE('',#12838,(#12842,#12849),.PCURVE_S1.);
#12838 = LINE('',#12839,#12840);
#12839 = CARTESIAN_POINT('',(52.498653266731,11.701665149303,7.));
#12840 = VECTOR('',#12841,1.);
#12841 = DIRECTION('',(-0.,-0.,-1.));
#12842 = PCURVE('',#12264,#12843);
#12843 = DEFINITIONAL_REPRESENTATION('',(#12844),#12848);
#12844 = LINE('',#12845,#12846);
#12845 = CARTESIAN_POINT('',(0.,0.));
#12846 = VECTOR('',#12847,1.);
#12847 = DIRECTION('',(0.,-1.));
#12848 = ( GEOMETRIC_REPRESENTATION_CONTEXT(2) 
PARAMETRIC_REPRESENTATION_CONTEXT() REPRESENTATION_CONTEXT('2D SPACE',''
  ) );
#12849 = PCURVE('',#12264,#12850);
#12850 = DEFINITIONAL_REPRESENTATION('',(#12851),#12855);
#12851 = LINE('',#12852,#12853);
#12852 = CARTESIAN_POINT('',(7.985865724381,0.));
#12853 = VECTOR('',#12854,1.);
#12854 = DIRECTION('',(0.,-1.));
#12855 = ( GEOMETRIC_REPRESENTATION_CONTEXT(2) 
PARAMETRIC_REPRESENTATION_CONTEXT() REPRESENTATION_CONTEXT('2D SPACE',''
  ) );
#12856 = ORIENTED_EDGE('',*,*,#12234,.T.);
#12857 = ORIENTED_EDGE('',*,*,#12834,.F.);
#12858 = ORIENTED_EDGE('',*,*,#12859,.F.);
#12859 = EDGE_CURVE('',#12835,#12835,#12860,.T.);
#12860 = SURFACE_CURVE('',#12861,(#12872,#12879),.PCURVE_S1.);
#12861 = B_SPLINE_CURVE_WITH_KNOTS('',2,(#12862,#12863,#12864,#12865,
    #12866,#12867,#12868,#12869,#12870,#12871),.UNSPECIFIED.,.T.,.F.,(3,
    1,1,1,1,1,1,1,3),(0.,1.,2.,2.996466431095,3.992932862191,
    4.989399293286,5.985865724382,6.985865724382,7.985865724381),
  .UNSPECIFIED.);
#12862 = CARTESIAN_POINT('',(52.498653266731,11.701665149303,7.));
#12863 = CARTESIAN_POINT('',(52.92410398364,11.551506072747,7.));
#12864 = CARTESIAN_POINT('',(53.197234243346,10.741784628105,7.));
#12865 = CARTESIAN_POINT('',(52.811598433099,9.649149832406,7.));
#12866 = CARTESIAN_POINT('',(52.090721108753,9.190254593899,7.));
#12867 = CARTESIAN_POINT('',(51.239819674934,9.490572747012,7.));
#12868 = CARTESIAN_POINT('',(50.962821681438,10.301659274168,7.));
#12869 = CARTESIAN_POINT('',(51.348457491685,11.394294069868,7.));
#12870 = CARTESIAN_POINT('',(52.073202549821,11.85182422586,7.));
#12871 = CARTESIAN_POINT('',(52.498653266731,11.701665149303,7.));
#12872 = PCURVE('',#12264,#12873);
#12873 = DEFINITIONAL_REPRESENTATION('',(#12874),#12878);
#12874 = LINE('',#12875,#12876);
#12875 = CARTESIAN_POINT('',(0.,0.));
#12876 = VECTOR('',#12877,1.);
#12877 = DIRECTION('',(1.,0.));
#12878 = ( GEOMETRIC_REPRESENTATION_CONTEXT(2) 
PARAMETRIC_REPRESENTATION_CONTEXT() REPRESENTATION_CONTEXT('2D SPACE',''
  ) );
#12879 = PCURVE('',#12880,#12885);
#12880 = PLANE('',#12881);
#12881 = AXIS2_PLACEMENT_3D('',#12882,#12883,#12884);
#12882 = CARTESIAN_POINT('',(19.563938076993,16.616328803026,7.));
#12883 = DIRECTION('',(0.,0.,1.));
#12884 = DIRECTION('',(0.942990333583,-0.332820117735,0.));
#12885 = DEFINITIONAL_REPRESENTATION('',(#12886),#12897);
#12886 = B_SPLINE_CURVE_WITH_KNOTS('',2,(#12887,#12888,#12889,#12890,
    #12891,#12892,#12893,#12894,#12895,#12896),.UNSPECIFIED.,.T.,.F.,(3,
    1,1,1,1,1,1,1,3),(0.,1.,2.,2.996466431095,3.992932862191,
    4.989399293286,5.985865724382,6.985865724382,7.985865724381),
  .UNSPECIFIED.);
#12887 = CARTESIAN_POINT('',(32.69281699909,6.326855468745));
#12888 = CARTESIAN_POINT('',(33.14398887409,6.326855468744));
#12889 = CARTESIAN_POINT('',(33.67103965534,5.654199218744));
#12890 = CARTESIAN_POINT('',(33.67103965534,4.495507812494));
#12891 = CARTESIAN_POINT('',(33.143988874089,3.822851562494));
#12892 = CARTESIAN_POINT('',(32.241645124089,3.822851562495));
#12893 = CARTESIAN_POINT('',(31.71049278034,4.495507812495));
#12894 = CARTESIAN_POINT('',(31.71049278034,5.654199218745));
#12895 = CARTESIAN_POINT('',(32.24164512409,6.326855468745));
#12896 = CARTESIAN_POINT('',(32.69281699909,6.326855468745));
#12897 = ( GEOMETRIC_REPRESENTATION_CONTEXT(2) 
PARAMETRIC_REPRESENTATION_CONTEXT() REPRESENTATION_CONTEXT('2D SPACE',''
  ) );
#12898 = ADVANCED_FACE('',(#12899),#12319,.T.);
#12899 = FACE_BOUND('',#12900,.T.);
#12900 = EDGE_LOOP('',(#12901,#12924,#12925,#12948));
#12901 = ORIENTED_EDGE('',*,*,#12902,.T.);
#12902 = EDGE_CURVE('',#12903,#12302,#12905,.T.);
#12903 = VERTEX_POINT('',#12904);
#12904 = CARTESIAN_POINT('',(55.306172970828,10.647707691505,7.));
#12905 = SURFACE_CURVE('',#12906,(#12910,#12917),.PCURVE_S1.);
#12906 = LINE('',#12907,#12908);
#12907 = CARTESIAN_POINT('',(55.306172970828,10.647707691505,7.));
#12908 = VECTOR('',#12909,1.);
#12909 = DIRECTION('',(-0.,-0.,-1.));
#12910 = PCURVE('',#12319,#12911);
#12911 = DEFINITIONAL_REPRESENTATION('',(#12912),#12916);
#12912 = LINE('',#12913,#12914);
#12913 = CARTESIAN_POINT('',(0.,0.));
#12914 = VECTOR('',#12915,1.);
#12915 = DIRECTION('',(0.,-1.));
#12916 = ( GEOMETRIC_REPRESENTATION_CONTEXT(2) 
PARAMETRIC_REPRESENTATION_CONTEXT() REPRESENTATION_CONTEXT('2D SPACE',''
  ) );
#12917 = PCURVE('',#12407,#12918);
#12918 = DEFINITIONAL_REPRESENTATION('',(#12919),#12923);
#12919 = LINE('',#12920,#12921);
#12920 = CARTESIAN_POINT('',(0.,0.));
#12921 = VECTOR('',#12922,1.);
#12922 = DIRECTION('',(0.,-1.));
#12923 = ( GEOMETRIC_REPRESENTATION_CONTEXT(2) 
PARAMETRIC_REPRESENTATION_CONTEXT() REPRESENTATION_CONTEXT('2D SPACE',''
  ) );
#12924 = ORIENTED_EDGE('',*,*,#12301,.T.);
#12925 = ORIENTED_EDGE('',*,*,#12926,.F.);
#12926 = EDGE_CURVE('',#12927,#12304,#12929,.T.);
#12927 = VERTEX_POINT('',#12928);
#12928 = CARTESIAN_POINT('',(54.814970779487,10.821073170802,7.));
#12929 = SURFACE_CURVE('',#12930,(#12934,#12941),.PCURVE_S1.);
#12930 = LINE('',#12931,#12932);
#12931 = CARTESIAN_POINT('',(54.814970779487,10.821073170802,7.));
#12932 = VECTOR('',#12933,1.);
#12933 = DIRECTION('',(-0.,-0.,-1.));
#12934 = PCURVE('',#12319,#12935);
#12935 = DEFINITIONAL_REPRESENTATION('',(#12936),#12940);
#12936 = LINE('',#12937,#12938);
#12937 = CARTESIAN_POINT('',(0.5208984375,0.));
#12938 = VECTOR('',#12939,1.);
#12939 = DIRECTION('',(0.,-1.));
#12940 = ( GEOMETRIC_REPRESENTATION_CONTEXT(2) 
PARAMETRIC_REPRESENTATION_CONTEXT() REPRESENTATION_CONTEXT('2D SPACE',''
  ) );
#12941 = PCURVE('',#12347,#12942);
#12942 = DEFINITIONAL_REPRESENTATION('',(#12943),#12947);
#12943 = LINE('',#12944,#12945);
#12944 = CARTESIAN_POINT('',(0.,0.));
#12945 = VECTOR('',#12946,1.);
#12946 = DIRECTION('',(0.,-1.));
#12947 = ( GEOMETRIC_REPRESENTATION_CONTEXT(2) 
PARAMETRIC_REPRESENTATION_CONTEXT() REPRESENTATION_CONTEXT('2D SPACE',''
  ) );
#12948 = ORIENTED_EDGE('',*,*,#12949,.F.);
#12949 = EDGE_CURVE('',#12903,#12927,#12950,.T.);
#12950 = SURFACE_CURVE('',#12951,(#12955,#12962),.PCURVE_S1.);
#12951 = LINE('',#12952,#12953);
#12952 = CARTESIAN_POINT('',(55.306172970828,10.647707691505,7.));
#12953 = VECTOR('',#12954,1.);
#12954 = DIRECTION('',(-0.942990333583,0.332820117735,0.));
#12955 = PCURVE('',#12319,#12956);
#12956 = DEFINITIONAL_REPRESENTATION('',(#12957),#12961);
#12957 = LINE('',#12958,#12959);
#12958 = CARTESIAN_POINT('',(0.,0.));
#12959 = VECTOR('',#12960,1.);
#12960 = DIRECTION('',(1.,0.));
#12961 = ( GEOMETRIC_REPRESENTATION_CONTEXT(2) 
PARAMETRIC_REPRESENTATION_CONTEXT() REPRESENTATION_CONTEXT('2D SPACE',''
  ) );
#12962 = PCURVE('',#12963,#12968);
#12963 = PLANE('',#12964);
#12964 = AXIS2_PLACEMENT_3D('',#12965,#12966,#12967);
#12965 = CARTESIAN_POINT('',(19.563938076993,16.616328803026,7.));
#12966 = DIRECTION('',(0.,0.,1.));
#12967 = DIRECTION('',(0.942990333583,-0.332820117735,0.));
#12968 = DEFINITIONAL_REPRESENTATION('',(#12969),#12973);
#12969 = LINE('',#12970,#12971);
#12970 = CARTESIAN_POINT('',(35.69105918659,6.267382812494));
#12971 = VECTOR('',#12972,1.);
#12972 = DIRECTION('',(-1.,1.664224313913E-13));
#12973 = ( GEOMETRIC_REPRESENTATION_CONTEXT(2) 
PARAMETRIC_REPRESENTATION_CONTEXT() REPRESENTATION_CONTEXT('2D SPACE',''
  ) );
#12974 = ADVANCED_FACE('',(#12975),#12347,.T.);
#12975 = FACE_BOUND('',#12976,.T.);
#12976 = EDGE_LOOP('',(#12977,#12978,#12979,#13002));
#12977 = ORIENTED_EDGE('',*,*,#12926,.T.);
#12978 = ORIENTED_EDGE('',*,*,#12331,.T.);
#12979 = ORIENTED_EDGE('',*,*,#12980,.F.);
#12980 = EDGE_CURVE('',#12981,#12332,#12983,.T.);
#12981 = VERTEX_POINT('',#12982);
#12982 = CARTESIAN_POINT('',(54.453223913238,9.796123716429,7.));
#12983 = SURFACE_CURVE('',#12984,(#12988,#12995),.PCURVE_S1.);
#12984 = LINE('',#12985,#12986);
#12985 = CARTESIAN_POINT('',(54.453223913238,9.796123716429,7.));
#12986 = VECTOR('',#12987,1.);
#12987 = DIRECTION('',(-0.,-0.,-1.));
#12988 = PCURVE('',#12347,#12989);
#12989 = DEFINITIONAL_REPRESENTATION('',(#12990),#12994);
#12990 = LINE('',#12991,#12992);
#12991 = CARTESIAN_POINT('',(1.0869140625,0.));
#12992 = VECTOR('',#12993,1.);
#12993 = DIRECTION('',(0.,-1.));
#12994 = ( GEOMETRIC_REPRESENTATION_CONTEXT(2) 
PARAMETRIC_REPRESENTATION_CONTEXT() REPRESENTATION_CONTEXT('2D SPACE',''
  ) );
#12995 = PCURVE('',#12375,#12996);
#12996 = DEFINITIONAL_REPRESENTATION('',(#12997),#13001);
#12997 = LINE('',#12998,#12999);
#12998 = CARTESIAN_POINT('',(0.,0.));
#12999 = VECTOR('',#13000,1.);
#13000 = DIRECTION('',(0.,-1.));
#13001 = ( GEOMETRIC_REPRESENTATION_CONTEXT(2) 
PARAMETRIC_REPRESENTATION_CONTEXT() REPRESENTATION_CONTEXT('2D SPACE',''
  ) );
#13002 = ORIENTED_EDGE('',*,*,#13003,.F.);
#13003 = EDGE_CURVE('',#12927,#12981,#13004,.T.);
#13004 = SURFACE_CURVE('',#13005,(#13009,#13016),.PCURVE_S1.);
#13005 = LINE('',#13006,#13007);
#13006 = CARTESIAN_POINT('',(54.814970779487,10.821073170802,7.));
#13007 = VECTOR('',#13008,1.);
#13008 = DIRECTION('',(-0.332820117735,-0.942990333583,0.));
#13009 = PCURVE('',#12347,#13010);
#13010 = DEFINITIONAL_REPRESENTATION('',(#13011),#13015);
#13011 = LINE('',#13012,#13013);
#13012 = CARTESIAN_POINT('',(0.,0.));
#13013 = VECTOR('',#13014,1.);
#13014 = DIRECTION('',(1.,0.));
#13015 = ( GEOMETRIC_REPRESENTATION_CONTEXT(2) 
PARAMETRIC_REPRESENTATION_CONTEXT() REPRESENTATION_CONTEXT('2D SPACE',''
  ) );
#13016 = PCURVE('',#12963,#13017);
#13017 = DEFINITIONAL_REPRESENTATION('',(#13018),#13022);
#13018 = LINE('',#13019,#13020);
#13019 = CARTESIAN_POINT('',(35.17016074909,6.267382812494));
#13020 = VECTOR('',#13021,1.);
#13021 = DIRECTION('',(-1.664224313913E-13,-1.));
#13022 = ( GEOMETRIC_REPRESENTATION_CONTEXT(2) 
PARAMETRIC_REPRESENTATION_CONTEXT() REPRESENTATION_CONTEXT('2D SPACE',''
  ) );
#13023 = ADVANCED_FACE('',(#13024),#12375,.T.);
#13024 = FACE_BOUND('',#13025,.T.);
#13025 = EDGE_LOOP('',(#13026,#13027,#13028,#13051));
#13026 = ORIENTED_EDGE('',*,*,#12980,.T.);
#13027 = ORIENTED_EDGE('',*,*,#12359,.T.);
#13028 = ORIENTED_EDGE('',*,*,#13029,.F.);
#13029 = EDGE_CURVE('',#13030,#12360,#13032,.T.);
#13030 = VERTEX_POINT('',#13031);
#13031 = CARTESIAN_POINT('',(54.944426104579,9.622758237132,7.));
#13032 = SURFACE_CURVE('',#13033,(#13037,#13044),.PCURVE_S1.);
#13033 = LINE('',#13034,#13035);
#13034 = CARTESIAN_POINT('',(54.944426104579,9.622758237132,7.));
#13035 = VECTOR('',#13036,1.);
#13036 = DIRECTION('',(-0.,-0.,-1.));
#13037 = PCURVE('',#12375,#13038);
#13038 = DEFINITIONAL_REPRESENTATION('',(#13039),#13043);
#13039 = LINE('',#13040,#13041);
#13040 = CARTESIAN_POINT('',(0.5208984375,0.));
#13041 = VECTOR('',#13042,1.);
#13042 = DIRECTION('',(0.,-1.));
#13043 = ( GEOMETRIC_REPRESENTATION_CONTEXT(2) 
PARAMETRIC_REPRESENTATION_CONTEXT() REPRESENTATION_CONTEXT('2D SPACE',''
  ) );
#13044 = PCURVE('',#12407,#13045);
#13045 = DEFINITIONAL_REPRESENTATION('',(#13046),#13050);
#13046 = LINE('',#13047,#13048);
#13047 = CARTESIAN_POINT('',(4.,0.));
#13048 = VECTOR('',#13049,1.);
#13049 = DIRECTION('',(0.,-1.));
#13050 = ( GEOMETRIC_REPRESENTATION_CONTEXT(2) 
PARAMETRIC_REPRESENTATION_CONTEXT() REPRESENTATION_CONTEXT('2D SPACE',''
  ) );
#13051 = ORIENTED_EDGE('',*,*,#13052,.F.);
#13052 = EDGE_CURVE('',#12981,#13030,#13053,.T.);
#13053 = SURFACE_CURVE('',#13054,(#13058,#13065),.PCURVE_S1.);
#13054 = LINE('',#13055,#13056);
#13055 = CARTESIAN_POINT('',(54.453223913238,9.796123716429,7.));
#13056 = VECTOR('',#13057,1.);
#13057 = DIRECTION('',(0.942990333583,-0.332820117735,0.));
#13058 = PCURVE('',#12375,#13059);
#13059 = DEFINITIONAL_REPRESENTATION('',(#13060),#13064);
#13060 = LINE('',#13061,#13062);
#13061 = CARTESIAN_POINT('',(0.,0.));
#13062 = VECTOR('',#13063,1.);
#13063 = DIRECTION('',(1.,0.));
#13064 = ( GEOMETRIC_REPRESENTATION_CONTEXT(2) 
PARAMETRIC_REPRESENTATION_CONTEXT() REPRESENTATION_CONTEXT('2D SPACE',''
  ) );
#13065 = PCURVE('',#12963,#13066);
#13066 = DEFINITIONAL_REPRESENTATION('',(#13067),#13071);
#13067 = LINE('',#13068,#13069);
#13068 = CARTESIAN_POINT('',(35.17016074909,5.180468749994));
#13069 = VECTOR('',#13070,1.);
#13070 = DIRECTION('',(1.,-1.664224313913E-13));
#13071 = ( GEOMETRIC_REPRESENTATION_CONTEXT(2) 
PARAMETRIC_REPRESENTATION_CONTEXT() REPRESENTATION_CONTEXT('2D SPACE',''
  ) );
#13072 = ADVANCED_FACE('',(#13073),#12407,.F.);
#13073 = FACE_BOUND('',#13074,.F.);
#13074 = EDGE_LOOP('',(#13075,#13076,#13077,#13078));
#13075 = ORIENTED_EDGE('',*,*,#12902,.T.);
#13076 = ORIENTED_EDGE('',*,*,#12387,.T.);
#13077 = ORIENTED_EDGE('',*,*,#13029,.F.);
#13078 = ORIENTED_EDGE('',*,*,#13079,.F.);
#13079 = EDGE_CURVE('',#12903,#13030,#13080,.T.);
#13080 = SURFACE_CURVE('',#13081,(#13088,#13095),.PCURVE_S1.);
#13081 = B_SPLINE_CURVE_WITH_KNOTS('',2,(#13082,#13083,#13084,#13085,
    #13086,#13087),.UNSPECIFIED.,.F.,.F.,(3,1,1,1,3),(0.,1.,2.,3.,4.),
  .UNSPECIFIED.);
#13082 = CARTESIAN_POINT('',(55.306172970828,10.647707691505,7.));
#13083 = CARTESIAN_POINT('',(55.588517537505,10.548056667972,7.));
#13084 = CARTESIAN_POINT('',(55.785885717675,10.189153723627,7.));
#13085 = CARTESIAN_POINT('',(55.607059908322,9.682480597126,7.));
#13086 = CARTESIAN_POINT('',(55.226770671255,9.523107213599,7.));
#13087 = CARTESIAN_POINT('',(54.944426104579,9.622758237132,7.));
#13088 = PCURVE('',#12407,#13089);
#13089 = DEFINITIONAL_REPRESENTATION('',(#13090),#13094);
#13090 = LINE('',#13091,#13092);
#13091 = CARTESIAN_POINT('',(0.,0.));
#13092 = VECTOR('',#13093,1.);
#13093 = DIRECTION('',(1.,0.));
#13094 = ( GEOMETRIC_REPRESENTATION_CONTEXT(2) 
PARAMETRIC_REPRESENTATION_CONTEXT() REPRESENTATION_CONTEXT('2D SPACE',''
  ) );
#13095 = PCURVE('',#12963,#13096);
#13096 = DEFINITIONAL_REPRESENTATION('',(#13097),#13104);
#13097 = B_SPLINE_CURVE_WITH_KNOTS('',2,(#13098,#13099,#13100,#13101,
    #13102,#13103),.UNSPECIFIED.,.F.,.F.,(3,1,1,1,3),(0.,1.,2.,3.,4.),
  .UNSPECIFIED.);
#13098 = CARTESIAN_POINT('',(35.69105918659,6.267382812494));
#13099 = CARTESIAN_POINT('',(35.99047324909,6.267382812494));
#13100 = CARTESIAN_POINT('',(36.29603965534,5.994628906244));
#13101 = CARTESIAN_POINT('',(36.29603965534,5.457324218744));
#13102 = CARTESIAN_POINT('',(35.99047324909,5.180468749994));
#13103 = CARTESIAN_POINT('',(35.69105918659,5.180468749994));
#13104 = ( GEOMETRIC_REPRESENTATION_CONTEXT(2) 
PARAMETRIC_REPRESENTATION_CONTEXT() REPRESENTATION_CONTEXT('2D SPACE',''
  ) );
#13105 = ADVANCED_FACE('',(#13106),#12537,.T.);
#13106 = FACE_BOUND('',#13107,.T.);
#13107 = EDGE_LOOP('',(#13108));
#13108 = ORIENTED_EDGE('',*,*,#12516,.F.);
#13109 = ADVANCED_FACE('',(#13110),#12620,.T.);
#13110 = FACE_BOUND('',#13111,.T.);
#13111 = EDGE_LOOP('',(#13112,#13113,#13114,#13115));
#13112 = ORIENTED_EDGE('',*,*,#12736,.F.);
#13113 = ORIENTED_EDGE('',*,*,#12606,.T.);
#13114 = ORIENTED_EDGE('',*,*,#12660,.T.);
#13115 = ORIENTED_EDGE('',*,*,#12709,.T.);
#13116 = ADVANCED_FACE('',(#13117),#12812,.T.);
#13117 = FACE_BOUND('',#13118,.T.);
#13118 = EDGE_LOOP('',(#13119));
#13119 = ORIENTED_EDGE('',*,*,#12791,.F.);
#13120 = ADVANCED_FACE('',(#13121),#12880,.T.);
#13121 = FACE_BOUND('',#13122,.T.);
#13122 = EDGE_LOOP('',(#13123));
#13123 = ORIENTED_EDGE('',*,*,#12859,.F.);
#13124 = ADVANCED_FACE('',(#13125),#12963,.T.);
#13125 = FACE_BOUND('',#13126,.T.);
#13126 = EDGE_LOOP('',(#13127,#13128,#13129,#13130));
#13127 = ORIENTED_EDGE('',*,*,#13079,.F.);
#13128 = ORIENTED_EDGE('',*,*,#12949,.T.);
#13129 = ORIENTED_EDGE('',*,*,#13003,.T.);
#13130 = ORIENTED_EDGE('',*,*,#13052,.T.);
#13131 = ( GEOMETRIC_REPRESENTATION_CONTEXT(3) 
GLOBAL_UNCERTAINTY_ASSIGNED_CONTEXT((#13135)) 
GLOBAL_UNIT_ASSIGNED_CONTEXT((#13132,#13133,#13134)) 
REPRESENTATION_CONTEXT('Context #1',
  '3D Context with UNIT and UNCERTAINTY') );
#13132 = ( LENGTH_UNIT() NAMED_UNIT(*) SI_UNIT(.MILLI.,.METRE.) );
#13133 = ( NAMED_UNIT(*) PLANE_ANGLE_UNIT() SI_UNIT($,.RADIAN.) );
#13134 = ( NAMED_UNIT(*) SI_UNIT($,.STERADIAN.) SOLID_ANGLE_UNIT() );
#13135 = UNCERTAINTY_MEASURE_WITH_UNIT(LENGTH_MEASURE(1.E-07),#13132,
  'distance_accuracy_value','confusion accuracy');
#13136 = CONTEXT_DEPENDENT_SHAPE_REPRESENTATION(#13137,#13139);
#13137 = ( REPRESENTATION_RELATIONSHIP('','',#36,#10) 
REPRESENTATION_RELATIONSHIP_WITH_TRANSFORMATION(#13138) 
SHAPE_REPRESENTATION_RELATIONSHIP() );
#13138 = ITEM_DEFINED_TRANSFORMATION('','',#11,#15);
#13139 = PRODUCT_DEFINITION_SHAPE('Placement','Placement of an item',
  #13140);
#13140 = NEXT_ASSEMBLY_USAGE_OCCURRENCE('1','=>[0:1:1:2]','',#5,#31,$);
#13141 = PRODUCT_RELATED_PRODUCT_CATEGORY('part',$,(#33));
#13142 = SHAPE_DEFINITION_REPRESENTATION(#13143,#13149);
#13143 = PRODUCT_DEFINITION_SHAPE('','',#13144);
#13144 = PRODUCT_DEFINITION('design','',#13145,#13148);
#13145 = PRODUCT_DEFINITION_FORMATION('','',#13146);
#13146 = PRODUCT('SOLID','SOLID','',(#13147));
#13147 = PRODUCT_CONTEXT('',#2,'mechanical');
#13148 = PRODUCT_DEFINITION_CONTEXT('part definition',#2,'design');
#13149 = ADVANCED_BREP_SHAPE_REPRESENTATION('',(#11,#13150),#18588);
#13150 = MANIFOLD_SOLID_BREP('',#13151);
#13151 = CLOSED_SHELL('',(#13152,#13386,#13462,#13541,#13590,#13670,
    #13719,#13813,#14053,#14103,#15546,#15597,#15648,#15653,#15658,
    #15734,#15783,#15832,#15881,#15930,#15979,#16028,#16077,#16126,
    #16175,#16224,#16273,#16300,#16368,#16458,#16507,#16570,#16597,
    #16673,#16722,#16771,#16820,#16869,#16918,#16967,#17016,#17065,
    #17114,#17141,#17217,#17266,#17315,#17370,#17419,#17446,#17522,
    #17571,#17620,#17647,#17729,#17778,#17827,#17876,#17931,#17980,
    #18029,#18056,#18072,#18129,#18136,#18150,#18284,#18291,#18302,
    #18370,#18446,#18495,#18544,#18577,#18581));
#13152 = ADVANCED_FACE('',(#13153),#13167,.F.);
#13153 = FACE_BOUND('',#13154,.F.);
#13154 = EDGE_LOOP('',(#13155,#13190,#13218,#13247,#13275,#13303,#13331,
    #13360));
#13155 = ORIENTED_EDGE('',*,*,#13156,.T.);
#13156 = EDGE_CURVE('',#13157,#13159,#13161,.T.);
#13157 = VERTEX_POINT('',#13158);
#13158 = CARTESIAN_POINT('',(-14.,-42.,-9.375));
#13159 = VERTEX_POINT('',#13160);
#13160 = CARTESIAN_POINT('',(-0.2,-42.,-9.375));
#13161 = SURFACE_CURVE('',#13162,(#13166,#13178),.PCURVE_S1.);
#13162 = LINE('',#13163,#13164);
#13163 = CARTESIAN_POINT('',(-14.,-42.,-9.375));
#13164 = VECTOR('',#13165,1.);
#13165 = DIRECTION('',(1.,0.,0.));
#13166 = PCURVE('',#13167,#13172);
#13167 = PLANE('',#13168);
#13168 = AXIS2_PLACEMENT_3D('',#13169,#13170,#13171);
#13169 = CARTESIAN_POINT('',(0.,0.,-9.375));
#13170 = DIRECTION('',(0.,0.,1.));
#13171 = DIRECTION('',(1.,0.,0.));
#13172 = DEFINITIONAL_REPRESENTATION('',(#13173),#13177);
#13173 = LINE('',#13174,#13175);
#13174 = CARTESIAN_POINT('',(-14.,-42.));
#13175 = VECTOR('',#13176,1.);
#13176 = DIRECTION('',(1.,0.));
#13177 = ( GEOMETRIC_REPRESENTATION_CONTEXT(2) 
PARAMETRIC_REPRESENTATION_CONTEXT() REPRESENTATION_CONTEXT('2D SPACE',''
  ) );
#13178 = PCURVE('',#13179,#13184);
#13179 = PLANE('',#13180);
#13180 = AXIS2_PLACEMENT_3D('',#13181,#13182,#13183);
#13181 = CARTESIAN_POINT('',(-14.,-42.,-9.375));
#13182 = DIRECTION('',(0.,1.,0.));
#13183 = DIRECTION('',(0.,0.,1.));
#13184 = DEFINITIONAL_REPRESENTATION('',(#13185),#13189);
#13185 = LINE('',#13186,#13187);
#13186 = CARTESIAN_POINT('',(0.,0.));
#13187 = VECTOR('',#13188,1.);
#13188 = DIRECTION('',(0.,1.));
#13189 = ( GEOMETRIC_REPRESENTATION_CONTEXT(2) 
PARAMETRIC_REPRESENTATION_CONTEXT() REPRESENTATION_CONTEXT('2D SPACE',''
  ) );
#13190 = ORIENTED_EDGE('',*,*,#13191,.T.);
#13191 = EDGE_CURVE('',#13159,#13192,#13194,.T.);
#13192 = VERTEX_POINT('',#13193);
#13193 = CARTESIAN_POINT('',(-0.2,-29.00431045551,-9.375));
#13194 = SURFACE_CURVE('',#13195,(#13199,#13206),.PCURVE_S1.);
#13195 = LINE('',#13196,#13197);
#13196 = CARTESIAN_POINT('',(-0.2,-24.,-9.375));
#13197 = VECTOR('',#13198,1.);
#13198 = DIRECTION('',(0.,1.,0.));
#13199 = PCURVE('',#13167,#13200);
#13200 = DEFINITIONAL_REPRESENTATION('',(#13201),#13205);
#13201 = LINE('',#13202,#13203);
#13202 = CARTESIAN_POINT('',(-0.2,-24.));
#13203 = VECTOR('',#13204,1.);
#13204 = DIRECTION('',(0.,1.));
#13205 = ( GEOMETRIC_REPRESENTATION_CONTEXT(2) 
PARAMETRIC_REPRESENTATION_CONTEXT() REPRESENTATION_CONTEXT('2D SPACE',''
  ) );
#13206 = PCURVE('',#13207,#13212);
#13207 = PLANE('',#13208);
#13208 = AXIS2_PLACEMENT_3D('',#13209,#13210,#13211);
#13209 = CARTESIAN_POINT('',(-0.2,-48.,-10.79));
#13210 = DIRECTION('',(1.,0.,0.));
#13211 = DIRECTION('',(0.,0.,1.));
#13212 = DEFINITIONAL_REPRESENTATION('',(#13213),#13217);
#13213 = LINE('',#13214,#13215);
#13214 = CARTESIAN_POINT('',(1.415,-24.));
#13215 = VECTOR('',#13216,1.);
#13216 = DIRECTION('',(0.,-1.));
#13217 = ( GEOMETRIC_REPRESENTATION_CONTEXT(2) 
PARAMETRIC_REPRESENTATION_CONTEXT() REPRESENTATION_CONTEXT('2D SPACE',''
  ) );
#13218 = ORIENTED_EDGE('',*,*,#13219,.F.);
#13219 = EDGE_CURVE('',#13220,#13192,#13222,.T.);
#13220 = VERTEX_POINT('',#13221);
#13221 = CARTESIAN_POINT('',(-0.2,29.004310455517,-9.375));
#13222 = SURFACE_CURVE('',#13223,(#13228,#13235),.PCURVE_S1.);
#13223 = CIRCLE('',#13224,29.005);
#13224 = AXIS2_PLACEMENT_3D('',#13225,#13226,#13227);
#13225 = CARTESIAN_POINT('',(0.,0.,-9.375));
#13226 = DIRECTION('',(0.,0.,1.));
#13227 = DIRECTION('',(1.,0.,0.));
#13228 = PCURVE('',#13167,#13229);
#13229 = DEFINITIONAL_REPRESENTATION('',(#13230),#13234);
#13230 = CIRCLE('',#13231,29.005);
#13231 = AXIS2_PLACEMENT_2D('',#13232,#13233);
#13232 = CARTESIAN_POINT('',(0.,0.));
#13233 = DIRECTION('',(1.,0.));
#13234 = ( GEOMETRIC_REPRESENTATION_CONTEXT(2) 
PARAMETRIC_REPRESENTATION_CONTEXT() REPRESENTATION_CONTEXT('2D SPACE',''
  ) );
#13235 = PCURVE('',#13236,#13241);
#13236 = CYLINDRICAL_SURFACE('',#13237,29.005);
#13237 = AXIS2_PLACEMENT_3D('',#13238,#13239,#13240);
#13238 = CARTESIAN_POINT('',(0.,0.,-10.375));
#13239 = DIRECTION('',(0.,0.,1.));
#13240 = DIRECTION('',(1.,0.,0.));
#13241 = DEFINITIONAL_REPRESENTATION('',(#13242),#13246);
#13242 = LINE('',#13243,#13244);
#13243 = CARTESIAN_POINT('',(0.,1.));
#13244 = VECTOR('',#13245,1.);
#13245 = DIRECTION('',(1.,0.));
#13246 = ( GEOMETRIC_REPRESENTATION_CONTEXT(2) 
PARAMETRIC_REPRESENTATION_CONTEXT() REPRESENTATION_CONTEXT('2D SPACE',''
  ) );
#13247 = ORIENTED_EDGE('',*,*,#13248,.T.);
#13248 = EDGE_CURVE('',#13220,#13249,#13251,.T.);
#13249 = VERTEX_POINT('',#13250);
#13250 = CARTESIAN_POINT('',(-0.2,42.,-9.375));
#13251 = SURFACE_CURVE('',#13252,(#13256,#13263),.PCURVE_S1.);
#13252 = LINE('',#13253,#13254);
#13253 = CARTESIAN_POINT('',(-0.2,-24.,-9.375));
#13254 = VECTOR('',#13255,1.);
#13255 = DIRECTION('',(0.,1.,0.));
#13256 = PCURVE('',#13167,#13257);
#13257 = DEFINITIONAL_REPRESENTATION('',(#13258),#13262);
#13258 = LINE('',#13259,#13260);
#13259 = CARTESIAN_POINT('',(-0.2,-24.));
#13260 = VECTOR('',#13261,1.);
#13261 = DIRECTION('',(0.,1.));
#13262 = ( GEOMETRIC_REPRESENTATION_CONTEXT(2) 
PARAMETRIC_REPRESENTATION_CONTEXT() REPRESENTATION_CONTEXT('2D SPACE',''
  ) );
#13263 = PCURVE('',#13264,#13269);
#13264 = PLANE('',#13265);
#13265 = AXIS2_PLACEMENT_3D('',#13266,#13267,#13268);
#13266 = CARTESIAN_POINT('',(-0.2,-48.,-10.79));
#13267 = DIRECTION('',(1.,0.,0.));
#13268 = DIRECTION('',(0.,0.,1.));
#13269 = DEFINITIONAL_REPRESENTATION('',(#13270),#13274);
#13270 = LINE('',#13271,#13272);
#13271 = CARTESIAN_POINT('',(1.415,-24.));
#13272 = VECTOR('',#13273,1.);
#13273 = DIRECTION('',(0.,-1.));
#13274 = ( GEOMETRIC_REPRESENTATION_CONTEXT(2) 
PARAMETRIC_REPRESENTATION_CONTEXT() REPRESENTATION_CONTEXT('2D SPACE',''
  ) );
#13275 = ORIENTED_EDGE('',*,*,#13276,.F.);
#13276 = EDGE_CURVE('',#13277,#13249,#13279,.T.);
#13277 = VERTEX_POINT('',#13278);
#13278 = CARTESIAN_POINT('',(-14.,42.,-9.375));
#13279 = SURFACE_CURVE('',#13280,(#13284,#13291),.PCURVE_S1.);
#13280 = LINE('',#13281,#13282);
#13281 = CARTESIAN_POINT('',(-14.,42.,-9.375));
#13282 = VECTOR('',#13283,1.);
#13283 = DIRECTION('',(1.,0.,0.));
#13284 = PCURVE('',#13167,#13285);
#13285 = DEFINITIONAL_REPRESENTATION('',(#13286),#13290);
#13286 = LINE('',#13287,#13288);
#13287 = CARTESIAN_POINT('',(-14.,42.));
#13288 = VECTOR('',#13289,1.);
#13289 = DIRECTION('',(1.,0.));
#13290 = ( GEOMETRIC_REPRESENTATION_CONTEXT(2) 
PARAMETRIC_REPRESENTATION_CONTEXT() REPRESENTATION_CONTEXT('2D SPACE',''
  ) );
#13291 = PCURVE('',#13292,#13297);
#13292 = PLANE('',#13293);
#13293 = AXIS2_PLACEMENT_3D('',#13294,#13295,#13296);
#13294 = CARTESIAN_POINT('',(-14.,42.,-9.375));
#13295 = DIRECTION('',(0.,1.,0.));
#13296 = DIRECTION('',(0.,0.,1.));
#13297 = DEFINITIONAL_REPRESENTATION('',(#13298),#13302);
#13298 = LINE('',#13299,#13300);
#13299 = CARTESIAN_POINT('',(0.,0.));
#13300 = VECTOR('',#13301,1.);
#13301 = DIRECTION('',(0.,1.));
#13302 = ( GEOMETRIC_REPRESENTATION_CONTEXT(2) 
PARAMETRIC_REPRESENTATION_CONTEXT() REPRESENTATION_CONTEXT('2D SPACE',''
  ) );
#13303 = ORIENTED_EDGE('',*,*,#13304,.F.);
#13304 = EDGE_CURVE('',#13305,#13277,#13307,.T.);
#13305 = VERTEX_POINT('',#13306);
#13306 = CARTESIAN_POINT('',(-14.,36.400549446403,-9.375));
#13307 = SURFACE_CURVE('',#13308,(#13312,#13319),.PCURVE_S1.);
#13308 = LINE('',#13309,#13310);
#13309 = CARTESIAN_POINT('',(-14.,30.,-9.375));
#13310 = VECTOR('',#13311,1.);
#13311 = DIRECTION('',(0.,1.,0.));
#13312 = PCURVE('',#13167,#13313);
#13313 = DEFINITIONAL_REPRESENTATION('',(#13314),#13318);
#13314 = LINE('',#13315,#13316);
#13315 = CARTESIAN_POINT('',(-14.,30.));
#13316 = VECTOR('',#13317,1.);
#13317 = DIRECTION('',(0.,1.));
#13318 = ( GEOMETRIC_REPRESENTATION_CONTEXT(2) 
PARAMETRIC_REPRESENTATION_CONTEXT() REPRESENTATION_CONTEXT('2D SPACE',''
  ) );
#13319 = PCURVE('',#13320,#13325);
#13320 = PLANE('',#13321);
#13321 = AXIS2_PLACEMENT_3D('',#13322,#13323,#13324);
#13322 = CARTESIAN_POINT('',(-14.,30.,-9.375));
#13323 = DIRECTION('',(1.,0.,0.));
#13324 = DIRECTION('',(0.,0.,1.));
#13325 = DEFINITIONAL_REPRESENTATION('',(#13326),#13330);
#13326 = LINE('',#13327,#13328);
#13327 = CARTESIAN_POINT('',(0.,0.));
#13328 = VECTOR('',#13329,1.);
#13329 = DIRECTION('',(0.,-1.));
#13330 = ( GEOMETRIC_REPRESENTATION_CONTEXT(2) 
PARAMETRIC_REPRESENTATION_CONTEXT() REPRESENTATION_CONTEXT('2D SPACE',''
  ) );
#13331 = ORIENTED_EDGE('',*,*,#13332,.T.);
#13332 = EDGE_CURVE('',#13305,#13333,#13335,.T.);
#13333 = VERTEX_POINT('',#13334);
#13334 = CARTESIAN_POINT('',(-14.,-36.4005494464,-9.375));
#13335 = SURFACE_CURVE('',#13336,(#13341,#13348),.PCURVE_S1.);
#13336 = CIRCLE('',#13337,39.);
#13337 = AXIS2_PLACEMENT_3D('',#13338,#13339,#13340);
#13338 = CARTESIAN_POINT('',(0.,0.,-9.375));
#13339 = DIRECTION('',(0.,0.,1.));
#13340 = DIRECTION('',(1.,0.,0.));
#13341 = PCURVE('',#13167,#13342);
#13342 = DEFINITIONAL_REPRESENTATION('',(#13343),#13347);
#13343 = CIRCLE('',#13344,39.);
#13344 = AXIS2_PLACEMENT_2D('',#13345,#13346);
#13345 = CARTESIAN_POINT('',(0.,0.));
#13346 = DIRECTION('',(1.,0.));
#13347 = ( GEOMETRIC_REPRESENTATION_CONTEXT(2) 
PARAMETRIC_REPRESENTATION_CONTEXT() REPRESENTATION_CONTEXT('2D SPACE',''
  ) );
#13348 = PCURVE('',#13349,#13354);
#13349 = CYLINDRICAL_SURFACE('',#13350,39.);
#13350 = AXIS2_PLACEMENT_3D('',#13351,#13352,#13353);
#13351 = CARTESIAN_POINT('',(0.,0.,-9.375));
#13352 = DIRECTION('',(0.,0.,1.));
#13353 = DIRECTION('',(1.,0.,0.));
#13354 = DEFINITIONAL_REPRESENTATION('',(#13355),#13359);
#13355 = LINE('',#13356,#13357);
#13356 = CARTESIAN_POINT('',(0.,0.));
#13357 = VECTOR('',#13358,1.);
#13358 = DIRECTION('',(1.,0.));
#13359 = ( GEOMETRIC_REPRESENTATION_CONTEXT(2) 
PARAMETRIC_REPRESENTATION_CONTEXT() REPRESENTATION_CONTEXT('2D SPACE',''
  ) );
#13360 = ORIENTED_EDGE('',*,*,#13361,.F.);
#13361 = EDGE_CURVE('',#13157,#13333,#13362,.T.);
#13362 = SURFACE_CURVE('',#13363,(#13367,#13374),.PCURVE_S1.);
#13363 = LINE('',#13364,#13365);
#13364 = CARTESIAN_POINT('',(-14.,-42.,-9.375));
#13365 = VECTOR('',#13366,1.);
#13366 = DIRECTION('',(0.,1.,0.));
#13367 = PCURVE('',#13167,#13368);
#13368 = DEFINITIONAL_REPRESENTATION('',(#13369),#13373);
#13369 = LINE('',#13370,#13371);
#13370 = CARTESIAN_POINT('',(-14.,-42.));
#13371 = VECTOR('',#13372,1.);
#13372 = DIRECTION('',(0.,1.));
#13373 = ( GEOMETRIC_REPRESENTATION_CONTEXT(2) 
PARAMETRIC_REPRESENTATION_CONTEXT() REPRESENTATION_CONTEXT('2D SPACE',''
  ) );
#13374 = PCURVE('',#13375,#13380);
#13375 = PLANE('',#13376);
#13376 = AXIS2_PLACEMENT_3D('',#13377,#13378,#13379);
#13377 = CARTESIAN_POINT('',(-14.,-42.,-9.375));
#13378 = DIRECTION('',(1.,0.,0.));
#13379 = DIRECTION('',(0.,0.,1.));
#13380 = DEFINITIONAL_REPRESENTATION('',(#13381),#13385);
#13381 = LINE('',#13382,#13383);
#13382 = CARTESIAN_POINT('',(0.,0.));
#13383 = VECTOR('',#13384,1.);
#13384 = DIRECTION('',(0.,-1.));
#13385 = ( GEOMETRIC_REPRESENTATION_CONTEXT(2) 
PARAMETRIC_REPRESENTATION_CONTEXT() REPRESENTATION_CONTEXT('2D SPACE',''
  ) );
#13386 = ADVANCED_FACE('',(#13387),#13179,.F.);
#13387 = FACE_BOUND('',#13388,.F.);
#13388 = EDGE_LOOP('',(#13389,#13390,#13413,#13441));
#13389 = ORIENTED_EDGE('',*,*,#13156,.F.);
#13390 = ORIENTED_EDGE('',*,*,#13391,.T.);
#13391 = EDGE_CURVE('',#13157,#13392,#13394,.T.);
#13392 = VERTEX_POINT('',#13393);
#13393 = CARTESIAN_POINT('',(-14.,-42.,9.375));
#13394 = SURFACE_CURVE('',#13395,(#13399,#13406),.PCURVE_S1.);
#13395 = LINE('',#13396,#13397);
#13396 = CARTESIAN_POINT('',(-14.,-42.,-9.375));
#13397 = VECTOR('',#13398,1.);
#13398 = DIRECTION('',(0.,0.,1.));
#13399 = PCURVE('',#13179,#13400);
#13400 = DEFINITIONAL_REPRESENTATION('',(#13401),#13405);
#13401 = LINE('',#13402,#13403);
#13402 = CARTESIAN_POINT('',(0.,0.));
#13403 = VECTOR('',#13404,1.);
#13404 = DIRECTION('',(1.,0.));
#13405 = ( GEOMETRIC_REPRESENTATION_CONTEXT(2) 
PARAMETRIC_REPRESENTATION_CONTEXT() REPRESENTATION_CONTEXT('2D SPACE',''
  ) );
#13406 = PCURVE('',#13375,#13407);
#13407 = DEFINITIONAL_REPRESENTATION('',(#13408),#13412);
#13408 = LINE('',#13409,#13410);
#13409 = CARTESIAN_POINT('',(0.,0.));
#13410 = VECTOR('',#13411,1.);
#13411 = DIRECTION('',(1.,0.));
#13412 = ( GEOMETRIC_REPRESENTATION_CONTEXT(2) 
PARAMETRIC_REPRESENTATION_CONTEXT() REPRESENTATION_CONTEXT('2D SPACE',''
  ) );
#13413 = ORIENTED_EDGE('',*,*,#13414,.T.);
#13414 = EDGE_CURVE('',#13392,#13415,#13417,.T.);
#13415 = VERTEX_POINT('',#13416);
#13416 = CARTESIAN_POINT('',(-0.2,-42.,9.375));
#13417 = SURFACE_CURVE('',#13418,(#13422,#13429),.PCURVE_S1.);
#13418 = LINE('',#13419,#13420);
#13419 = CARTESIAN_POINT('',(-14.,-42.,9.375));
#13420 = VECTOR('',#13421,1.);
#13421 = DIRECTION('',(1.,0.,0.));
#13422 = PCURVE('',#13179,#13423);
#13423 = DEFINITIONAL_REPRESENTATION('',(#13424),#13428);
#13424 = LINE('',#13425,#13426);
#13425 = CARTESIAN_POINT('',(18.75,0.));
#13426 = VECTOR('',#13427,1.);
#13427 = DIRECTION('',(0.,1.));
#13428 = ( GEOMETRIC_REPRESENTATION_CONTEXT(2) 
PARAMETRIC_REPRESENTATION_CONTEXT() REPRESENTATION_CONTEXT('2D SPACE',''
  ) );
#13429 = PCURVE('',#13430,#13435);
#13430 = PLANE('',#13431);
#13431 = AXIS2_PLACEMENT_3D('',#13432,#13433,#13434);
#13432 = CARTESIAN_POINT('',(0.,0.,9.375));
#13433 = DIRECTION('',(0.,0.,1.));
#13434 = DIRECTION('',(1.,0.,0.));
#13435 = DEFINITIONAL_REPRESENTATION('',(#13436),#13440);
#13436 = LINE('',#13437,#13438);
#13437 = CARTESIAN_POINT('',(-14.,-42.));
#13438 = VECTOR('',#13439,1.);
#13439 = DIRECTION('',(1.,0.));
#13440 = ( GEOMETRIC_REPRESENTATION_CONTEXT(2) 
PARAMETRIC_REPRESENTATION_CONTEXT() REPRESENTATION_CONTEXT('2D SPACE',''
  ) );
#13441 = ORIENTED_EDGE('',*,*,#13442,.T.);
#13442 = EDGE_CURVE('',#13415,#13159,#13443,.T.);
#13443 = SURFACE_CURVE('',#13444,(#13448,#13455),.PCURVE_S1.);
#13444 = LINE('',#13445,#13446);
#13445 = CARTESIAN_POINT('',(-0.2,-42.,-10.0825));
#13446 = VECTOR('',#13447,1.);
#13447 = DIRECTION('',(0.,0.,-1.));
#13448 = PCURVE('',#13179,#13449);
#13449 = DEFINITIONAL_REPRESENTATION('',(#13450),#13454);
#13450 = LINE('',#13451,#13452);
#13451 = CARTESIAN_POINT('',(-0.7075,13.8));
#13452 = VECTOR('',#13453,1.);
#13453 = DIRECTION('',(-1.,0.));
#13454 = ( GEOMETRIC_REPRESENTATION_CONTEXT(2) 
PARAMETRIC_REPRESENTATION_CONTEXT() REPRESENTATION_CONTEXT('2D SPACE',''
  ) );
#13455 = PCURVE('',#13207,#13456);
#13456 = DEFINITIONAL_REPRESENTATION('',(#13457),#13461);
#13457 = LINE('',#13458,#13459);
#13458 = CARTESIAN_POINT('',(0.7075,-6.));
#13459 = VECTOR('',#13460,1.);
#13460 = DIRECTION('',(-1.,-0.));
#13461 = ( GEOMETRIC_REPRESENTATION_CONTEXT(2) 
PARAMETRIC_REPRESENTATION_CONTEXT() REPRESENTATION_CONTEXT('2D SPACE',''
  ) );
#13462 = ADVANCED_FACE('',(#13463,#13510),#13207,.T.);
#13463 = FACE_BOUND('',#13464,.T.);
#13464 = EDGE_LOOP('',(#13465,#13466,#13467,#13489));
#13465 = ORIENTED_EDGE('',*,*,#13442,.T.);
#13466 = ORIENTED_EDGE('',*,*,#13191,.T.);
#13467 = ORIENTED_EDGE('',*,*,#13468,.T.);
#13468 = EDGE_CURVE('',#13192,#13469,#13471,.T.);
#13469 = VERTEX_POINT('',#13470);
#13470 = CARTESIAN_POINT('',(-0.2,-29.00431045551,9.375));
#13471 = SURFACE_CURVE('',#13472,(#13476,#13483),.PCURVE_S1.);
#13472 = LINE('',#13473,#13474);
#13473 = CARTESIAN_POINT('',(-0.2,-29.00431045551,-10.375));
#13474 = VECTOR('',#13475,1.);
#13475 = DIRECTION('',(0.,0.,1.));
#13476 = PCURVE('',#13207,#13477);
#13477 = DEFINITIONAL_REPRESENTATION('',(#13478),#13482);
#13478 = LINE('',#13479,#13480);
#13479 = CARTESIAN_POINT('',(0.415,-18.99568954449));
#13480 = VECTOR('',#13481,1.);
#13481 = DIRECTION('',(1.,0.));
#13482 = ( GEOMETRIC_REPRESENTATION_CONTEXT(2) 
PARAMETRIC_REPRESENTATION_CONTEXT() REPRESENTATION_CONTEXT('2D SPACE',''
  ) );
#13483 = PCURVE('',#13236,#13484);
#13484 = DEFINITIONAL_REPRESENTATION('',(#13485),#13488);
#13485 = B_SPLINE_CURVE_WITH_KNOTS('',1,(#13486,#13487),.UNSPECIFIED.,
  .F.,.F.,(2,2),(0.9999994,19.7500006),.PIECEWISE_BEZIER_KNOTS.);
#13486 = CARTESIAN_POINT('',(4.705493562874,0.9999994));
#13487 = CARTESIAN_POINT('',(4.705493562874,19.7500006));
#13488 = ( GEOMETRIC_REPRESENTATION_CONTEXT(2) 
PARAMETRIC_REPRESENTATION_CONTEXT() REPRESENTATION_CONTEXT('2D SPACE',''
  ) );
#13489 = ORIENTED_EDGE('',*,*,#13490,.F.);
#13490 = EDGE_CURVE('',#13415,#13469,#13491,.T.);
#13491 = SURFACE_CURVE('',#13492,(#13496,#13503),.PCURVE_S1.);
#13492 = LINE('',#13493,#13494);
#13493 = CARTESIAN_POINT('',(-0.2,-24.,9.375));
#13494 = VECTOR('',#13495,1.);
#13495 = DIRECTION('',(0.,1.,0.));
#13496 = PCURVE('',#13207,#13497);
#13497 = DEFINITIONAL_REPRESENTATION('',(#13498),#13502);
#13498 = LINE('',#13499,#13500);
#13499 = CARTESIAN_POINT('',(20.165,-24.));
#13500 = VECTOR('',#13501,1.);
#13501 = DIRECTION('',(0.,-1.));
#13502 = ( GEOMETRIC_REPRESENTATION_CONTEXT(2) 
PARAMETRIC_REPRESENTATION_CONTEXT() REPRESENTATION_CONTEXT('2D SPACE',''
  ) );
#13503 = PCURVE('',#13430,#13504);
#13504 = DEFINITIONAL_REPRESENTATION('',(#13505),#13509);
#13505 = LINE('',#13506,#13507);
#13506 = CARTESIAN_POINT('',(-0.2,-24.));
#13507 = VECTOR('',#13508,1.);
#13508 = DIRECTION('',(0.,1.));
#13509 = ( GEOMETRIC_REPRESENTATION_CONTEXT(2) 
PARAMETRIC_REPRESENTATION_CONTEXT() REPRESENTATION_CONTEXT('2D SPACE',''
  ) );
#13510 = FACE_BOUND('',#13511,.T.);
#13511 = EDGE_LOOP('',(#13512));
#13512 = ORIENTED_EDGE('',*,*,#13513,.F.);
#13513 = EDGE_CURVE('',#13514,#13514,#13516,.T.);
#13514 = VERTEX_POINT('',#13515);
#13515 = CARTESIAN_POINT('',(-0.2,-36.,-4.2));
#13516 = SURFACE_CURVE('',#13517,(#13522,#13529),.PCURVE_S1.);
#13517 = CIRCLE('',#13518,4.2);
#13518 = AXIS2_PLACEMENT_3D('',#13519,#13520,#13521);
#13519 = CARTESIAN_POINT('',(-0.2,-36.,-4.440892098501E-17));
#13520 = DIRECTION('',(1.,-0.,2.22044604925E-16));
#13521 = DIRECTION('',(2.22044604925E-16,0.,-1.));
#13522 = PCURVE('',#13207,#13523);
#13523 = DEFINITIONAL_REPRESENTATION('',(#13524),#13528);
#13524 = CIRCLE('',#13525,4.2);
#13525 = AXIS2_PLACEMENT_2D('',#13526,#13527);
#13526 = CARTESIAN_POINT('',(10.79,-12.));
#13527 = DIRECTION('',(-1.,0.));
#13528 = ( GEOMETRIC_REPRESENTATION_CONTEXT(2) 
PARAMETRIC_REPRESENTATION_CONTEXT() REPRESENTATION_CONTEXT('2D SPACE',''
  ) );
#13529 = PCURVE('',#13530,#13535);
#13530 = CYLINDRICAL_SURFACE('',#13531,4.2);
#13531 = AXIS2_PLACEMENT_3D('',#13532,#13533,#13534);
#13532 = CARTESIAN_POINT('',(-15.,-36.,-3.330669073875E-15));
#13533 = DIRECTION('',(1.,0.,2.22044604925E-16));
#13534 = DIRECTION('',(2.22044604925E-16,0.,-1.));
#13535 = DEFINITIONAL_REPRESENTATION('',(#13536),#13540);
#13536 = LINE('',#13537,#13538);
#13537 = CARTESIAN_POINT('',(0.,14.8));
#13538 = VECTOR('',#13539,1.);
#13539 = DIRECTION('',(1.,0.));
#13540 = ( GEOMETRIC_REPRESENTATION_CONTEXT(2) 
PARAMETRIC_REPRESENTATION_CONTEXT() REPRESENTATION_CONTEXT('2D SPACE',''
  ) );
#13541 = ADVANCED_FACE('',(#13542),#13236,.F.);
#13542 = FACE_BOUND('',#13543,.F.);
#13543 = EDGE_LOOP('',(#13544,#13568,#13588,#13589));
#13544 = ORIENTED_EDGE('',*,*,#13545,.F.);
#13545 = EDGE_CURVE('',#13546,#13469,#13548,.T.);
#13546 = VERTEX_POINT('',#13547);
#13547 = CARTESIAN_POINT('',(-0.2,29.004310455517,9.375));
#13548 = SURFACE_CURVE('',#13549,(#13554,#13561),.PCURVE_S1.);
#13549 = CIRCLE('',#13550,29.005);
#13550 = AXIS2_PLACEMENT_3D('',#13551,#13552,#13553);
#13551 = CARTESIAN_POINT('',(0.,0.,9.375));
#13552 = DIRECTION('',(0.,0.,1.));
#13553 = DIRECTION('',(1.,0.,0.));
#13554 = PCURVE('',#13236,#13555);
#13555 = DEFINITIONAL_REPRESENTATION('',(#13556),#13560);
#13556 = LINE('',#13557,#13558);
#13557 = CARTESIAN_POINT('',(0.,19.75));
#13558 = VECTOR('',#13559,1.);
#13559 = DIRECTION('',(1.,0.));
#13560 = ( GEOMETRIC_REPRESENTATION_CONTEXT(2) 
PARAMETRIC_REPRESENTATION_CONTEXT() REPRESENTATION_CONTEXT('2D SPACE',''
  ) );
#13561 = PCURVE('',#13430,#13562);
#13562 = DEFINITIONAL_REPRESENTATION('',(#13563),#13567);
#13563 = CIRCLE('',#13564,29.005);
#13564 = AXIS2_PLACEMENT_2D('',#13565,#13566);
#13565 = CARTESIAN_POINT('',(0.,0.));
#13566 = DIRECTION('',(1.,0.));
#13567 = ( GEOMETRIC_REPRESENTATION_CONTEXT(2) 
PARAMETRIC_REPRESENTATION_CONTEXT() REPRESENTATION_CONTEXT('2D SPACE',''
  ) );
#13568 = ORIENTED_EDGE('',*,*,#13569,.F.);
#13569 = EDGE_CURVE('',#13220,#13546,#13570,.T.);
#13570 = SURFACE_CURVE('',#13571,(#13575,#13581),.PCURVE_S1.);
#13571 = LINE('',#13572,#13573);
#13572 = CARTESIAN_POINT('',(-0.2,29.004310455517,-10.375));
#13573 = VECTOR('',#13574,1.);
#13574 = DIRECTION('',(0.,0.,1.));
#13575 = PCURVE('',#13236,#13576);
#13576 = DEFINITIONAL_REPRESENTATION('',(#13577),#13580);
#13577 = B_SPLINE_CURVE_WITH_KNOTS('',1,(#13578,#13579),.UNSPECIFIED.,
  .F.,.F.,(2,2),(0.9999994,19.7500006),.PIECEWISE_BEZIER_KNOTS.);
#13578 = CARTESIAN_POINT('',(1.577691744306,0.9999994));
#13579 = CARTESIAN_POINT('',(1.577691744306,19.7500006));
#13580 = ( GEOMETRIC_REPRESENTATION_CONTEXT(2) 
PARAMETRIC_REPRESENTATION_CONTEXT() REPRESENTATION_CONTEXT('2D SPACE',''
  ) );
#13581 = PCURVE('',#13264,#13582);
#13582 = DEFINITIONAL_REPRESENTATION('',(#13583),#13587);
#13583 = LINE('',#13584,#13585);
#13584 = CARTESIAN_POINT('',(0.415,-77.00431045551));
#13585 = VECTOR('',#13586,1.);
#13586 = DIRECTION('',(1.,0.));
#13587 = ( GEOMETRIC_REPRESENTATION_CONTEXT(2) 
PARAMETRIC_REPRESENTATION_CONTEXT() REPRESENTATION_CONTEXT('2D SPACE',''
  ) );
#13588 = ORIENTED_EDGE('',*,*,#13219,.T.);
#13589 = ORIENTED_EDGE('',*,*,#13468,.T.);
#13590 = ADVANCED_FACE('',(#13591,#13639),#13264,.T.);
#13591 = FACE_BOUND('',#13592,.T.);
#13592 = EDGE_LOOP('',(#13593,#13594,#13595,#13618));
#13593 = ORIENTED_EDGE('',*,*,#13569,.F.);
#13594 = ORIENTED_EDGE('',*,*,#13248,.T.);
#13595 = ORIENTED_EDGE('',*,*,#13596,.F.);
#13596 = EDGE_CURVE('',#13597,#13249,#13599,.T.);
#13597 = VERTEX_POINT('',#13598);
#13598 = CARTESIAN_POINT('',(-0.2,42.,9.375));
#13599 = SURFACE_CURVE('',#13600,(#13604,#13611),.PCURVE_S1.);
#13600 = LINE('',#13601,#13602);
#13601 = CARTESIAN_POINT('',(-0.2,42.,-10.0825));
#13602 = VECTOR('',#13603,1.);
#13603 = DIRECTION('',(0.,0.,-1.));
#13604 = PCURVE('',#13264,#13605);
#13605 = DEFINITIONAL_REPRESENTATION('',(#13606),#13610);
#13606 = LINE('',#13607,#13608);
#13607 = CARTESIAN_POINT('',(0.7075,-90.));
#13608 = VECTOR('',#13609,1.);
#13609 = DIRECTION('',(-1.,-0.));
#13610 = ( GEOMETRIC_REPRESENTATION_CONTEXT(2) 
PARAMETRIC_REPRESENTATION_CONTEXT() REPRESENTATION_CONTEXT('2D SPACE',''
  ) );
#13611 = PCURVE('',#13292,#13612);
#13612 = DEFINITIONAL_REPRESENTATION('',(#13613),#13617);
#13613 = LINE('',#13614,#13615);
#13614 = CARTESIAN_POINT('',(-0.7075,13.8));
#13615 = VECTOR('',#13616,1.);
#13616 = DIRECTION('',(-1.,0.));
#13617 = ( GEOMETRIC_REPRESENTATION_CONTEXT(2) 
PARAMETRIC_REPRESENTATION_CONTEXT() REPRESENTATION_CONTEXT('2D SPACE',''
  ) );
#13618 = ORIENTED_EDGE('',*,*,#13619,.F.);
#13619 = EDGE_CURVE('',#13546,#13597,#13620,.T.);
#13620 = SURFACE_CURVE('',#13621,(#13625,#13632),.PCURVE_S1.);
#13621 = LINE('',#13622,#13623);
#13622 = CARTESIAN_POINT('',(-0.2,-24.,9.375));
#13623 = VECTOR('',#13624,1.);
#13624 = DIRECTION('',(0.,1.,0.));
#13625 = PCURVE('',#13264,#13626);
#13626 = DEFINITIONAL_REPRESENTATION('',(#13627),#13631);
#13627 = LINE('',#13628,#13629);
#13628 = CARTESIAN_POINT('',(20.165,-24.));
#13629 = VECTOR('',#13630,1.);
#13630 = DIRECTION('',(0.,-1.));
#13631 = ( GEOMETRIC_REPRESENTATION_CONTEXT(2) 
PARAMETRIC_REPRESENTATION_CONTEXT() REPRESENTATION_CONTEXT('2D SPACE',''
  ) );
#13632 = PCURVE('',#13430,#13633);
#13633 = DEFINITIONAL_REPRESENTATION('',(#13634),#13638);
#13634 = LINE('',#13635,#13636);
#13635 = CARTESIAN_POINT('',(-0.2,-24.));
#13636 = VECTOR('',#13637,1.);
#13637 = DIRECTION('',(0.,1.));
#13638 = ( GEOMETRIC_REPRESENTATION_CONTEXT(2) 
PARAMETRIC_REPRESENTATION_CONTEXT() REPRESENTATION_CONTEXT('2D SPACE',''
  ) );
#13639 = FACE_BOUND('',#13640,.T.);
#13640 = EDGE_LOOP('',(#13641));
#13641 = ORIENTED_EDGE('',*,*,#13642,.F.);
#13642 = EDGE_CURVE('',#13643,#13643,#13645,.T.);
#13643 = VERTEX_POINT('',#13644);
#13644 = CARTESIAN_POINT('',(-0.2,36.,-4.2));
#13645 = SURFACE_CURVE('',#13646,(#13651,#13658),.PCURVE_S1.);
#13646 = CIRCLE('',#13647,4.2);
#13647 = AXIS2_PLACEMENT_3D('',#13648,#13649,#13650);
#13648 = CARTESIAN_POINT('',(-0.2,36.,-4.440892098501E-17));
#13649 = DIRECTION('',(1.,-0.,2.22044604925E-16));
#13650 = DIRECTION('',(2.22044604925E-16,0.,-1.));
#13651 = PCURVE('',#13264,#13652);
#13652 = DEFINITIONAL_REPRESENTATION('',(#13653),#13657);
#13653 = CIRCLE('',#13654,4.2);
#13654 = AXIS2_PLACEMENT_2D('',#13655,#13656);
#13655 = CARTESIAN_POINT('',(10.79,-84.));
#13656 = DIRECTION('',(-1.,0.));
#13657 = ( GEOMETRIC_REPRESENTATION_CONTEXT(2) 
PARAMETRIC_REPRESENTATION_CONTEXT() REPRESENTATION_CONTEXT('2D SPACE',''
  ) );
#13658 = PCURVE('',#13659,#13664);
#13659 = CYLINDRICAL_SURFACE('',#13660,4.2);
#13660 = AXIS2_PLACEMENT_3D('',#13661,#13662,#13663);
#13661 = CARTESIAN_POINT('',(-15.,36.,-3.330669073875E-15));
#13662 = DIRECTION('',(1.,0.,2.22044604925E-16));
#13663 = DIRECTION('',(2.22044604925E-16,0.,-1.));
#13664 = DEFINITIONAL_REPRESENTATION('',(#13665),#13669);
#13665 = LINE('',#13666,#13667);
#13666 = CARTESIAN_POINT('',(0.,14.8));
#13667 = VECTOR('',#13668,1.);
#13668 = DIRECTION('',(1.,0.));
#13669 = ( GEOMETRIC_REPRESENTATION_CONTEXT(2) 
PARAMETRIC_REPRESENTATION_CONTEXT() REPRESENTATION_CONTEXT('2D SPACE',''
  ) );
#13670 = ADVANCED_FACE('',(#13671),#13292,.T.);
#13671 = FACE_BOUND('',#13672,.T.);
#13672 = EDGE_LOOP('',(#13673,#13674,#13697,#13718));
#13673 = ORIENTED_EDGE('',*,*,#13276,.F.);
#13674 = ORIENTED_EDGE('',*,*,#13675,.T.);
#13675 = EDGE_CURVE('',#13277,#13676,#13678,.T.);
#13676 = VERTEX_POINT('',#13677);
#13677 = CARTESIAN_POINT('',(-14.,42.,9.375));
#13678 = SURFACE_CURVE('',#13679,(#13683,#13690),.PCURVE_S1.);
#13679 = LINE('',#13680,#13681);
#13680 = CARTESIAN_POINT('',(-14.,42.,-9.375));
#13681 = VECTOR('',#13682,1.);
#13682 = DIRECTION('',(0.,0.,1.));
#13683 = PCURVE('',#13292,#13684);
#13684 = DEFINITIONAL_REPRESENTATION('',(#13685),#13689);
#13685 = LINE('',#13686,#13687);
#13686 = CARTESIAN_POINT('',(0.,0.));
#13687 = VECTOR('',#13688,1.);
#13688 = DIRECTION('',(1.,0.));
#13689 = ( GEOMETRIC_REPRESENTATION_CONTEXT(2) 
PARAMETRIC_REPRESENTATION_CONTEXT() REPRESENTATION_CONTEXT('2D SPACE',''
  ) );
#13690 = PCURVE('',#13320,#13691);
#13691 = DEFINITIONAL_REPRESENTATION('',(#13692),#13696);
#13692 = LINE('',#13693,#13694);
#13693 = CARTESIAN_POINT('',(0.,-12.));
#13694 = VECTOR('',#13695,1.);
#13695 = DIRECTION('',(1.,0.));
#13696 = ( GEOMETRIC_REPRESENTATION_CONTEXT(2) 
PARAMETRIC_REPRESENTATION_CONTEXT() REPRESENTATION_CONTEXT('2D SPACE',''
  ) );
#13697 = ORIENTED_EDGE('',*,*,#13698,.T.);
#13698 = EDGE_CURVE('',#13676,#13597,#13699,.T.);
#13699 = SURFACE_CURVE('',#13700,(#13704,#13711),.PCURVE_S1.);
#13700 = LINE('',#13701,#13702);
#13701 = CARTESIAN_POINT('',(-14.,42.,9.375));
#13702 = VECTOR('',#13703,1.);
#13703 = DIRECTION('',(1.,0.,0.));
#13704 = PCURVE('',#13292,#13705);
#13705 = DEFINITIONAL_REPRESENTATION('',(#13706),#13710);
#13706 = LINE('',#13707,#13708);
#13707 = CARTESIAN_POINT('',(18.75,0.));
#13708 = VECTOR('',#13709,1.);
#13709 = DIRECTION('',(0.,1.));
#13710 = ( GEOMETRIC_REPRESENTATION_CONTEXT(2) 
PARAMETRIC_REPRESENTATION_CONTEXT() REPRESENTATION_CONTEXT('2D SPACE',''
  ) );
#13711 = PCURVE('',#13430,#13712);
#13712 = DEFINITIONAL_REPRESENTATION('',(#13713),#13717);
#13713 = LINE('',#13714,#13715);
#13714 = CARTESIAN_POINT('',(-14.,42.));
#13715 = VECTOR('',#13716,1.);
#13716 = DIRECTION('',(1.,0.));
#13717 = ( GEOMETRIC_REPRESENTATION_CONTEXT(2) 
PARAMETRIC_REPRESENTATION_CONTEXT() REPRESENTATION_CONTEXT('2D SPACE',''
  ) );
#13718 = ORIENTED_EDGE('',*,*,#13596,.T.);
#13719 = ADVANCED_FACE('',(#13720),#13320,.F.);
#13720 = FACE_BOUND('',#13721,.F.);
#13721 = EDGE_LOOP('',(#13722,#13745,#13767,#13791,#13811,#13812));
#13722 = ORIENTED_EDGE('',*,*,#13723,.F.);
#13723 = EDGE_CURVE('',#13724,#13676,#13726,.T.);
#13724 = VERTEX_POINT('',#13725);
#13725 = CARTESIAN_POINT('',(-14.,36.400549446403,9.375));
#13726 = SURFACE_CURVE('',#13727,(#13731,#13738),.PCURVE_S1.);
#13727 = LINE('',#13728,#13729);
#13728 = CARTESIAN_POINT('',(-14.,30.,9.375));
#13729 = VECTOR('',#13730,1.);
#13730 = DIRECTION('',(0.,1.,0.));
#13731 = PCURVE('',#13320,#13732);
#13732 = DEFINITIONAL_REPRESENTATION('',(#13733),#13737);
#13733 = LINE('',#13734,#13735);
#13734 = CARTESIAN_POINT('',(18.75,0.));
#13735 = VECTOR('',#13736,1.);
#13736 = DIRECTION('',(0.,-1.));
#13737 = ( GEOMETRIC_REPRESENTATION_CONTEXT(2) 
PARAMETRIC_REPRESENTATION_CONTEXT() REPRESENTATION_CONTEXT('2D SPACE',''
  ) );
#13738 = PCURVE('',#13430,#13739);
#13739 = DEFINITIONAL_REPRESENTATION('',(#13740),#13744);
#13740 = LINE('',#13741,#13742);
#13741 = CARTESIAN_POINT('',(-14.,30.));
#13742 = VECTOR('',#13743,1.);
#13743 = DIRECTION('',(0.,1.));
#13744 = ( GEOMETRIC_REPRESENTATION_CONTEXT(2) 
PARAMETRIC_REPRESENTATION_CONTEXT() REPRESENTATION_CONTEXT('2D SPACE',''
  ) );
#13745 = ORIENTED_EDGE('',*,*,#13746,.F.);
#13746 = EDGE_CURVE('',#13747,#13724,#13749,.T.);
#13747 = VERTEX_POINT('',#13748);
#13748 = CARTESIAN_POINT('',(-14.,36.400549446403,4.180856388467));
#13749 = SURFACE_CURVE('',#13750,(#13754,#13761),.PCURVE_S1.);
#13750 = LINE('',#13751,#13752);
#13751 = CARTESIAN_POINT('',(-14.,36.400549446403,-9.375));
#13752 = VECTOR('',#13753,1.);
#13753 = DIRECTION('',(0.,0.,1.));
#13754 = PCURVE('',#13320,#13755);
#13755 = DEFINITIONAL_REPRESENTATION('',(#13756),#13760);
#13756 = LINE('',#13757,#13758);
#13757 = CARTESIAN_POINT('',(0.,-6.400549446403));
#13758 = VECTOR('',#13759,1.);
#13759 = DIRECTION('',(1.,0.));
#13760 = ( GEOMETRIC_REPRESENTATION_CONTEXT(2) 
PARAMETRIC_REPRESENTATION_CONTEXT() REPRESENTATION_CONTEXT('2D SPACE',''
  ) );
#13761 = PCURVE('',#13349,#13762);
#13762 = DEFINITIONAL_REPRESENTATION('',(#13763),#13766);
#13763 = B_SPLINE_CURVE_WITH_KNOTS('',1,(#13764,#13765),.UNSPECIFIED.,
  .F.,.F.,(2,2),(-2.399999999625E-06,18.7500024),
  .PIECEWISE_BEZIER_KNOTS.);
#13764 = CARTESIAN_POINT('',(1.937965103183,-2.399999999625E-06));
#13765 = CARTESIAN_POINT('',(1.937965103183,18.7500024));
#13766 = ( GEOMETRIC_REPRESENTATION_CONTEXT(2) 
PARAMETRIC_REPRESENTATION_CONTEXT() REPRESENTATION_CONTEXT('2D SPACE',''
  ) );
#13767 = ORIENTED_EDGE('',*,*,#13768,.F.);
#13768 = EDGE_CURVE('',#13769,#13747,#13771,.T.);
#13769 = VERTEX_POINT('',#13770);
#13770 = CARTESIAN_POINT('',(-14.,36.400549446403,-4.180856388467));
#13771 = SURFACE_CURVE('',#13772,(#13777,#13784),.PCURVE_S1.);
#13772 = CIRCLE('',#13773,4.2);
#13773 = AXIS2_PLACEMENT_3D('',#13774,#13775,#13776);
#13774 = CARTESIAN_POINT('',(-14.,36.,-3.10862446895E-15));
#13775 = DIRECTION('',(1.,-0.,2.22044604925E-16));
#13776 = DIRECTION('',(2.22044604925E-16,0.,-1.));
#13777 = PCURVE('',#13320,#13778);
#13778 = DEFINITIONAL_REPRESENTATION('',(#13779),#13783);
#13779 = CIRCLE('',#13780,4.2);
#13780 = AXIS2_PLACEMENT_2D('',#13781,#13782);
#13781 = CARTESIAN_POINT('',(9.375,-6.));
#13782 = DIRECTION('',(-1.,0.));
#13783 = ( GEOMETRIC_REPRESENTATION_CONTEXT(2) 
PARAMETRIC_REPRESENTATION_CONTEXT() REPRESENTATION_CONTEXT('2D SPACE',''
  ) );
#13784 = PCURVE('',#13659,#13785);
#13785 = DEFINITIONAL_REPRESENTATION('',(#13786),#13790);
#13786 = LINE('',#13787,#13788);
#13787 = CARTESIAN_POINT('',(0.,1.));
#13788 = VECTOR('',#13789,1.);
#13789 = DIRECTION('',(1.,0.));
#13790 = ( GEOMETRIC_REPRESENTATION_CONTEXT(2) 
PARAMETRIC_REPRESENTATION_CONTEXT() REPRESENTATION_CONTEXT('2D SPACE',''
  ) );
#13791 = ORIENTED_EDGE('',*,*,#13792,.F.);
#13792 = EDGE_CURVE('',#13305,#13769,#13793,.T.);
#13793 = SURFACE_CURVE('',#13794,(#13798,#13805),.PCURVE_S1.);
#13794 = LINE('',#13795,#13796);
#13795 = CARTESIAN_POINT('',(-14.,36.400549446403,-9.375));
#13796 = VECTOR('',#13797,1.);
#13797 = DIRECTION('',(0.,0.,1.));
#13798 = PCURVE('',#13320,#13799);
#13799 = DEFINITIONAL_REPRESENTATION('',(#13800),#13804);
#13800 = LINE('',#13801,#13802);
#13801 = CARTESIAN_POINT('',(0.,-6.400549446403));
#13802 = VECTOR('',#13803,1.);
#13803 = DIRECTION('',(1.,0.));
#13804 = ( GEOMETRIC_REPRESENTATION_CONTEXT(2) 
PARAMETRIC_REPRESENTATION_CONTEXT() REPRESENTATION_CONTEXT('2D SPACE',''
  ) );
#13805 = PCURVE('',#13349,#13806);
#13806 = DEFINITIONAL_REPRESENTATION('',(#13807),#13810);
#13807 = B_SPLINE_CURVE_WITH_KNOTS('',1,(#13808,#13809),.UNSPECIFIED.,
  .F.,.F.,(2,2),(-2.399999999625E-06,18.7500024),
  .PIECEWISE_BEZIER_KNOTS.);
#13808 = CARTESIAN_POINT('',(1.937965103183,-2.399999999625E-06));
#13809 = CARTESIAN_POINT('',(1.937965103183,18.7500024));
#13810 = ( GEOMETRIC_REPRESENTATION_CONTEXT(2) 
PARAMETRIC_REPRESENTATION_CONTEXT() REPRESENTATION_CONTEXT('2D SPACE',''
  ) );
#13811 = ORIENTED_EDGE('',*,*,#13304,.T.);
#13812 = ORIENTED_EDGE('',*,*,#13675,.T.);
#13813 = ADVANCED_FACE('',(#13814),#13349,.T.);
#13814 = FACE_BOUND('',#13815,.T.);
#13815 = EDGE_LOOP('',(#13816,#13840,#13841,#13870,#13897,#13924,#13925,
    #13926,#13948,#13977,#14004,#14033));
#13816 = ORIENTED_EDGE('',*,*,#13817,.F.);
#13817 = EDGE_CURVE('',#13724,#13818,#13820,.T.);
#13818 = VERTEX_POINT('',#13819);
#13819 = CARTESIAN_POINT('',(-14.,-36.4005494464,9.375));
#13820 = SURFACE_CURVE('',#13821,(#13826,#13833),.PCURVE_S1.);
#13821 = CIRCLE('',#13822,39.);
#13822 = AXIS2_PLACEMENT_3D('',#13823,#13824,#13825);
#13823 = CARTESIAN_POINT('',(0.,0.,9.375));
#13824 = DIRECTION('',(0.,0.,1.));
#13825 = DIRECTION('',(1.,0.,0.));
#13826 = PCURVE('',#13349,#13827);
#13827 = DEFINITIONAL_REPRESENTATION('',(#13828),#13832);
#13828 = LINE('',#13829,#13830);
#13829 = CARTESIAN_POINT('',(0.,18.75));
#13830 = VECTOR('',#13831,1.);
#13831 = DIRECTION('',(1.,0.));
#13832 = ( GEOMETRIC_REPRESENTATION_CONTEXT(2) 
PARAMETRIC_REPRESENTATION_CONTEXT() REPRESENTATION_CONTEXT('2D SPACE',''
  ) );
#13833 = PCURVE('',#13430,#13834);
#13834 = DEFINITIONAL_REPRESENTATION('',(#13835),#13839);
#13835 = CIRCLE('',#13836,39.);
#13836 = AXIS2_PLACEMENT_2D('',#13837,#13838);
#13837 = CARTESIAN_POINT('',(0.,0.));
#13838 = DIRECTION('',(1.,0.));
#13839 = ( GEOMETRIC_REPRESENTATION_CONTEXT(2) 
PARAMETRIC_REPRESENTATION_CONTEXT() REPRESENTATION_CONTEXT('2D SPACE',''
  ) );
#13840 = ORIENTED_EDGE('',*,*,#13746,.F.);
#13841 = ORIENTED_EDGE('',*,*,#13842,.T.);
#13842 = EDGE_CURVE('',#13747,#13843,#13845,.T.);
#13843 = VERTEX_POINT('',#13844);
#13844 = CARTESIAN_POINT('',(-15.,36.,4.2));
#13845 = SURFACE_CURVE('',#13846,(#13852,#13861),.PCURVE_S1.);
#13846 = B_SPLINE_CURVE_WITH_KNOTS('',4,(#13847,#13848,#13849,#13850,
    #13851),.UNSPECIFIED.,.F.,.F.,(5,5),(0.,1.),
  .PIECEWISE_BEZIER_KNOTS.);
#13847 = CARTESIAN_POINT('',(-14.,36.400549446403,4.180856388467));
#13848 = CARTESIAN_POINT('',(-14.25066556761,36.304141067959,
    4.190092850815));
#13849 = CARTESIAN_POINT('',(-14.50092937288,36.205245301302,
    4.196575943882));
#13850 = CARTESIAN_POINT('',(-14.7507371813,36.103859512666,
    4.200000006182));
#13851 = CARTESIAN_POINT('',(-15.0000006,35.99999975,4.2));
#13852 = PCURVE('',#13349,#13853);
#13853 = DEFINITIONAL_REPRESENTATION('',(#13854),#13860);
#13854 = B_SPLINE_CURVE_WITH_KNOTS('',4,(#13855,#13856,#13857,#13858,
    #13859),.UNSPECIFIED.,.F.,.F.,(5,5),(0.,1.),
  .PIECEWISE_BEZIER_KNOTS.);
#13855 = CARTESIAN_POINT('',(1.937965103183,13.555856388467));
#13856 = CARTESIAN_POINT('',(1.944851415929,13.565092850815));
#13857 = CARTESIAN_POINT('',(1.951751008663,13.571575943882));
#13858 = CARTESIAN_POINT('',(1.958663479261,13.575000006182));
#13859 = CARTESIAN_POINT('',(1.965587463161,13.575));
#13860 = ( GEOMETRIC_REPRESENTATION_CONTEXT(2) 
PARAMETRIC_REPRESENTATION_CONTEXT() REPRESENTATION_CONTEXT('2D SPACE',''
  ) );
#13861 = PCURVE('',#13659,#13862);
#13862 = DEFINITIONAL_REPRESENTATION('',(#13863),#13869);
#13863 = B_SPLINE_CURVE_WITH_KNOTS('',4,(#13864,#13865,#13866,#13867,
    #13868),.UNSPECIFIED.,.F.,.F.,(5,5),(0.,1.),
  .PIECEWISE_BEZIER_KNOTS.);
#13864 = CARTESIAN_POINT('',(3.046078575826,1.));
#13865 = CARTESIAN_POINT('',(3.069138056823,0.749334432387));
#13866 = CARTESIAN_POINT('',(3.092724639543,0.499070627112));
#13867 = CARTESIAN_POINT('',(3.116864198193,0.249262818697));
#13868 = CARTESIAN_POINT('',(3.141592713114,-6.E-07));
#13869 = ( GEOMETRIC_REPRESENTATION_CONTEXT(2) 
PARAMETRIC_REPRESENTATION_CONTEXT() REPRESENTATION_CONTEXT('2D SPACE',''
  ) );
#13870 = ORIENTED_EDGE('',*,*,#13871,.F.);
#13871 = EDGE_CURVE('',#13872,#13843,#13874,.T.);
#13872 = VERTEX_POINT('',#13873);
#13873 = CARTESIAN_POINT('',(-15.,36.,-4.2));
#13874 = SURFACE_CURVE('',#13875,(#13879,#13885),.PCURVE_S1.);
#13875 = LINE('',#13876,#13877);
#13876 = CARTESIAN_POINT('',(-15.,36.,-9.375));
#13877 = VECTOR('',#13878,1.);
#13878 = DIRECTION('',(0.,0.,1.));
#13879 = PCURVE('',#13349,#13880);
#13880 = DEFINITIONAL_REPRESENTATION('',(#13881),#13884);
#13881 = B_SPLINE_CURVE_WITH_KNOTS('',1,(#13882,#13883),.UNSPECIFIED.,
  .F.,.F.,(2,2),(4.335,14.415),.PIECEWISE_BEZIER_KNOTS.);
#13882 = CARTESIAN_POINT('',(1.965587446495,4.335));
#13883 = CARTESIAN_POINT('',(1.965587446495,14.415));
#13884 = ( GEOMETRIC_REPRESENTATION_CONTEXT(2) 
PARAMETRIC_REPRESENTATION_CONTEXT() REPRESENTATION_CONTEXT('2D SPACE',''
  ) );
#13885 = PCURVE('',#13886,#13891);
#13886 = PLANE('',#13887);
#13887 = AXIS2_PLACEMENT_3D('',#13888,#13889,#13890);
#13888 = CARTESIAN_POINT('',(-15.,36.,-3.330669073875E-15));
#13889 = DIRECTION('',(1.,0.,2.22044604925E-16));
#13890 = DIRECTION('',(2.22044604925E-16,0.,-1.));
#13891 = DEFINITIONAL_REPRESENTATION('',(#13892),#13896);
#13892 = LINE('',#13893,#13894);
#13893 = CARTESIAN_POINT('',(9.375,0.));
#13894 = VECTOR('',#13895,1.);
#13895 = DIRECTION('',(-1.,0.));
#13896 = ( GEOMETRIC_REPRESENTATION_CONTEXT(2) 
PARAMETRIC_REPRESENTATION_CONTEXT() REPRESENTATION_CONTEXT('2D SPACE',''
  ) );
#13897 = ORIENTED_EDGE('',*,*,#13898,.T.);
#13898 = EDGE_CURVE('',#13872,#13769,#13899,.T.);
#13899 = SURFACE_CURVE('',#13900,(#13906,#13915),.PCURVE_S1.);
#13900 = B_SPLINE_CURVE_WITH_KNOTS('',4,(#13901,#13902,#13903,#13904,
    #13905),.UNSPECIFIED.,.F.,.F.,(5,5),(0.,1.),
  .PIECEWISE_BEZIER_KNOTS.);
#13901 = CARTESIAN_POINT('',(-15.,36.,-4.2));
#13902 = CARTESIAN_POINT('',(-14.75073672516,36.103859697848,-4.2));
#13903 = CARTESIAN_POINT('',(-14.50092908027,36.20524541682,
    -4.196575936492));
#13904 = CARTESIAN_POINT('',(-14.25066541094,36.304141128215,
    -4.190092845042));
#13905 = CARTESIAN_POINT('',(-14.,36.400549446403,-4.180856388467));
#13906 = PCURVE('',#13349,#13907);
#13907 = DEFINITIONAL_REPRESENTATION('',(#13908),#13914);
#13908 = B_SPLINE_CURVE_WITH_KNOTS('',4,(#13909,#13910,#13911,#13912,
    #13913),.UNSPECIFIED.,.F.,.F.,(5,5),(0.,1.),
  .PIECEWISE_BEZIER_KNOTS.);
#13909 = CARTESIAN_POINT('',(1.965587446495,5.175));
#13910 = CARTESIAN_POINT('',(1.958663466638,5.175));
#13911 = CARTESIAN_POINT('',(1.951751000597,5.178424063508));
#13912 = CARTESIAN_POINT('',(1.944851411625,5.184907154958));
#13913 = CARTESIAN_POINT('',(1.937965103183,5.194143611533));
#13914 = ( GEOMETRIC_REPRESENTATION_CONTEXT(2) 
PARAMETRIC_REPRESENTATION_CONTEXT() REPRESENTATION_CONTEXT('2D SPACE',''
  ) );
#13915 = PCURVE('',#13659,#13916);
#13916 = DEFINITIONAL_REPRESENTATION('',(#13917),#13923);
#13917 = B_SPLINE_CURVE_WITH_KNOTS('',4,(#13918,#13919,#13920,#13921,
    #13922),.UNSPECIFIED.,.F.,.F.,(5,5),(0.,1.),
  .PIECEWISE_BEZIER_KNOTS.);
#13918 = CARTESIAN_POINT('',(0.,8.881784197001E-15));
#13919 = CARTESIAN_POINT('',(2.472849948758E-02,0.249263274835));
#13920 = CARTESIAN_POINT('',(4.886804166104E-02,0.499070919723));
#13921 = CARTESIAN_POINT('',(7.245461117884E-02,0.749334589054));
#13922 = CARTESIAN_POINT('',(9.551407776413E-02,1.));
#13923 = ( GEOMETRIC_REPRESENTATION_CONTEXT(2) 
PARAMETRIC_REPRESENTATION_CONTEXT() REPRESENTATION_CONTEXT('2D SPACE',''
  ) );
#13924 = ORIENTED_EDGE('',*,*,#13792,.F.);
#13925 = ORIENTED_EDGE('',*,*,#13332,.T.);
#13926 = ORIENTED_EDGE('',*,*,#13927,.T.);
#13927 = EDGE_CURVE('',#13333,#13928,#13930,.T.);
#13928 = VERTEX_POINT('',#13929);
#13929 = CARTESIAN_POINT('',(-14.,-36.4005494464,-4.180856388467));
#13930 = SURFACE_CURVE('',#13931,(#13935,#13941),.PCURVE_S1.);
#13931 = LINE('',#13932,#13933);
#13932 = CARTESIAN_POINT('',(-14.,-36.4005494464,-9.375));
#13933 = VECTOR('',#13934,1.);
#13934 = DIRECTION('',(0.,0.,1.));
#13935 = PCURVE('',#13349,#13936);
#13936 = DEFINITIONAL_REPRESENTATION('',(#13937),#13940);
#13937 = B_SPLINE_CURVE_WITH_KNOTS('',1,(#13938,#13939),.UNSPECIFIED.,
  .F.,.F.,(2,2),(-2.399999999625E-06,18.7500024),
  .PIECEWISE_BEZIER_KNOTS.);
#13938 = CARTESIAN_POINT('',(4.345220203996,-2.399999999625E-06));
#13939 = CARTESIAN_POINT('',(4.345220203996,18.7500024));
#13940 = ( GEOMETRIC_REPRESENTATION_CONTEXT(2) 
PARAMETRIC_REPRESENTATION_CONTEXT() REPRESENTATION_CONTEXT('2D SPACE',''
  ) );
#13941 = PCURVE('',#13375,#13942);
#13942 = DEFINITIONAL_REPRESENTATION('',(#13943),#13947);
#13943 = LINE('',#13944,#13945);
#13944 = CARTESIAN_POINT('',(0.,-5.5994505536));
#13945 = VECTOR('',#13946,1.);
#13946 = DIRECTION('',(1.,0.));
#13947 = ( GEOMETRIC_REPRESENTATION_CONTEXT(2) 
PARAMETRIC_REPRESENTATION_CONTEXT() REPRESENTATION_CONTEXT('2D SPACE',''
  ) );
#13948 = ORIENTED_EDGE('',*,*,#13949,.T.);
#13949 = EDGE_CURVE('',#13928,#13950,#13952,.T.);
#13950 = VERTEX_POINT('',#13951);
#13951 = CARTESIAN_POINT('',(-15.,-36.,-4.2));
#13952 = SURFACE_CURVE('',#13953,(#13959,#13968),.PCURVE_S1.);
#13953 = B_SPLINE_CURVE_WITH_KNOTS('',4,(#13954,#13955,#13956,#13957,
    #13958),.UNSPECIFIED.,.F.,.F.,(5,5),(0.,1.),
  .PIECEWISE_BEZIER_KNOTS.);
#13954 = CARTESIAN_POINT('',(-14.,-36.4005494464,-4.180856388467));
#13955 = CARTESIAN_POINT('',(-14.25066541676,-36.30414112597,
    -4.190092845257));
#13956 = CARTESIAN_POINT('',(-14.50092907168,-36.20524542032,
    -4.19657593608));
#13957 = CARTESIAN_POINT('',(-14.75073673032,-36.1038596957,-4.2));
#13958 = CARTESIAN_POINT('',(-15.,-36.,-4.2));
#13959 = PCURVE('',#13349,#13960);
#13960 = DEFINITIONAL_REPRESENTATION('',(#13961),#13967);
#13961 = B_SPLINE_CURVE_WITH_KNOTS('',4,(#13962,#13963,#13964,#13965,
    #13966),.UNSPECIFIED.,.F.,.F.,(5,5),(0.,1.),
  .PIECEWISE_BEZIER_KNOTS.);
#13962 = CARTESIAN_POINT('',(4.345220203996,5.194143611533));
#13963 = CARTESIAN_POINT('',(4.338333895394,5.184907154743));
#13964 = CARTESIAN_POINT('',(4.331434306821,5.17842406392));
#13965 = CARTESIAN_POINT('',(4.324521840398,5.175));
#13966 = CARTESIAN_POINT('',(4.317597860685,5.175));
#13967 = ( GEOMETRIC_REPRESENTATION_CONTEXT(2) 
PARAMETRIC_REPRESENTATION_CONTEXT() REPRESENTATION_CONTEXT('2D SPACE',''
  ) );
#13968 = PCURVE('',#13530,#13969);
#13969 = DEFINITIONAL_REPRESENTATION('',(#13970),#13976);
#13970 = B_SPLINE_CURVE_WITH_KNOTS('',4,(#13971,#13972,#13973,#13974,
    #13975),.UNSPECIFIED.,.F.,.F.,(5,5),(0.,1.),
  .PIECEWISE_BEZIER_KNOTS.);
#13971 = CARTESIAN_POINT('',(6.187671229415,1.));
#13972 = CARTESIAN_POINT('',(6.210730696536,0.749334583231));
#13973 = CARTESIAN_POINT('',(6.234317264745,0.499070928316));
#13974 = CARTESIAN_POINT('',(6.258456808203,0.24926326968));
#13975 = CARTESIAN_POINT('',(6.28318530718,-1.7763568394E-14));
#13976 = ( GEOMETRIC_REPRESENTATION_CONTEXT(2) 
PARAMETRIC_REPRESENTATION_CONTEXT() REPRESENTATION_CONTEXT('2D SPACE',''
  ) );
#13977 = ORIENTED_EDGE('',*,*,#13978,.T.);
#13978 = EDGE_CURVE('',#13950,#13979,#13981,.T.);
#13979 = VERTEX_POINT('',#13980);
#13980 = CARTESIAN_POINT('',(-15.,-36.,4.2));
#13981 = SURFACE_CURVE('',#13982,(#13986,#13992),.PCURVE_S1.);
#13982 = LINE('',#13983,#13984);
#13983 = CARTESIAN_POINT('',(-15.,-36.,-9.375));
#13984 = VECTOR('',#13985,1.);
#13985 = DIRECTION('',(0.,0.,1.));
#13986 = PCURVE('',#13349,#13987);
#13987 = DEFINITIONAL_REPRESENTATION('',(#13988),#13991);
#13988 = B_SPLINE_CURVE_WITH_KNOTS('',1,(#13989,#13990),.UNSPECIFIED.,
  .F.,.F.,(2,2),(4.335,14.415),.PIECEWISE_BEZIER_KNOTS.);
#13989 = CARTESIAN_POINT('',(4.317597860685,4.335));
#13990 = CARTESIAN_POINT('',(4.317597860685,14.415));
#13991 = ( GEOMETRIC_REPRESENTATION_CONTEXT(2) 
PARAMETRIC_REPRESENTATION_CONTEXT() REPRESENTATION_CONTEXT('2D SPACE',''
  ) );
#13992 = PCURVE('',#13993,#13998);
#13993 = PLANE('',#13994);
#13994 = AXIS2_PLACEMENT_3D('',#13995,#13996,#13997);
#13995 = CARTESIAN_POINT('',(-15.,-36.,-3.330669073875E-15));
#13996 = DIRECTION('',(1.,0.,2.22044604925E-16));
#13997 = DIRECTION('',(2.22044604925E-16,0.,-1.));
#13998 = DEFINITIONAL_REPRESENTATION('',(#13999),#14003);
#13999 = LINE('',#14000,#14001);
#14000 = CARTESIAN_POINT('',(9.375,0.));
#14001 = VECTOR('',#14002,1.);
#14002 = DIRECTION('',(-1.,0.));
#14003 = ( GEOMETRIC_REPRESENTATION_CONTEXT(2) 
PARAMETRIC_REPRESENTATION_CONTEXT() REPRESENTATION_CONTEXT('2D SPACE',''
  ) );
#14004 = ORIENTED_EDGE('',*,*,#14005,.T.);
#14005 = EDGE_CURVE('',#13979,#14006,#14008,.T.);
#14006 = VERTEX_POINT('',#14007);
#14007 = CARTESIAN_POINT('',(-14.,-36.4005494464,4.180856388467));
#14008 = SURFACE_CURVE('',#14009,(#14015,#14024),.PCURVE_S1.);
#14009 = B_SPLINE_CURVE_WITH_KNOTS('',4,(#14010,#14011,#14012,#14013,
    #14014),.UNSPECIFIED.,.F.,.F.,(5,5),(0.,1.),
  .PIECEWISE_BEZIER_KNOTS.);
#14010 = CARTESIAN_POINT('',(-15.0000006,-35.99999975,4.2));
#14011 = CARTESIAN_POINT('',(-14.75073662021,-36.10385974645,
    4.200000006182));
#14012 = CARTESIAN_POINT('',(-14.50092947737,-36.2052452546,
    4.19657594198));
#14013 = CARTESIAN_POINT('',(-14.25066541537,-36.30414112651,
    4.190092845205));
#14014 = CARTESIAN_POINT('',(-14.,-36.4005494464,4.180856388467));
#14015 = PCURVE('',#13349,#14016);
#14016 = DEFINITIONAL_REPRESENTATION('',(#14017),#14023);
#14017 = B_SPLINE_CURVE_WITH_KNOTS('',4,(#14018,#14019,#14020,#14021,
    #14022),.UNSPECIFIED.,.F.,.F.,(5,5),(0.,1.),
  .PIECEWISE_BEZIER_KNOTS.);
#14018 = CARTESIAN_POINT('',(4.317597844018,13.575));
#14019 = CARTESIAN_POINT('',(4.324521843505,13.575000006182));
#14020 = CARTESIAN_POINT('',(4.331434295582,13.57157594198));
#14021 = CARTESIAN_POINT('',(4.338333895433,13.565092845205));
#14022 = CARTESIAN_POINT('',(4.345220203996,13.555856388467));
#14023 = ( GEOMETRIC_REPRESENTATION_CONTEXT(2) 
PARAMETRIC_REPRESENTATION_CONTEXT() REPRESENTATION_CONTEXT('2D SPACE',''
  ) );
#14024 = PCURVE('',#13530,#14025);
#14025 = DEFINITIONAL_REPRESENTATION('',(#14026),#14032);
#14026 = B_SPLINE_CURVE_WITH_KNOTS('',4,(#14027,#14028,#14029,#14030,
    #14031),.UNSPECIFIED.,.F.,.F.,(5,5),(0.,1.),
  .PIECEWISE_BEZIER_KNOTS.);
#14027 = CARTESIAN_POINT('',(3.141592594066,-6.E-07));
#14028 = CARTESIAN_POINT('',(3.16632116465,0.24926337979));
#14029 = CARTESIAN_POINT('',(3.190460656923,0.499070522625));
#14030 = CARTESIAN_POINT('',(3.214047264361,0.749334584624));
#14031 = CARTESIAN_POINT('',(3.237106731354,1.));
#14032 = ( GEOMETRIC_REPRESENTATION_CONTEXT(2) 
PARAMETRIC_REPRESENTATION_CONTEXT() REPRESENTATION_CONTEXT('2D SPACE',''
  ) );
#14033 = ORIENTED_EDGE('',*,*,#14034,.T.);
#14034 = EDGE_CURVE('',#14006,#13818,#14035,.T.);
#14035 = SURFACE_CURVE('',#14036,(#14040,#14046),.PCURVE_S1.);
#14036 = LINE('',#14037,#14038);
#14037 = CARTESIAN_POINT('',(-14.,-36.4005494464,-9.375));
#14038 = VECTOR('',#14039,1.);
#14039 = DIRECTION('',(0.,0.,1.));
#14040 = PCURVE('',#13349,#14041);
#14041 = DEFINITIONAL_REPRESENTATION('',(#14042),#14045);
#14042 = B_SPLINE_CURVE_WITH_KNOTS('',1,(#14043,#14044),.UNSPECIFIED.,
  .F.,.F.,(2,2),(-2.399999999625E-06,18.7500024),
  .PIECEWISE_BEZIER_KNOTS.);
#14043 = CARTESIAN_POINT('',(4.345220203996,-2.399999999625E-06));
#14044 = CARTESIAN_POINT('',(4.345220203996,18.7500024));
#14045 = ( GEOMETRIC_REPRESENTATION_CONTEXT(2) 
PARAMETRIC_REPRESENTATION_CONTEXT() REPRESENTATION_CONTEXT('2D SPACE',''
  ) );
#14046 = PCURVE('',#13375,#14047);
#14047 = DEFINITIONAL_REPRESENTATION('',(#14048),#14052);
#14048 = LINE('',#14049,#14050);
#14049 = CARTESIAN_POINT('',(0.,-5.5994505536));
#14050 = VECTOR('',#14051,1.);
#14051 = DIRECTION('',(1.,0.));
#14052 = ( GEOMETRIC_REPRESENTATION_CONTEXT(2) 
PARAMETRIC_REPRESENTATION_CONTEXT() REPRESENTATION_CONTEXT('2D SPACE',''
  ) );
#14053 = ADVANCED_FACE('',(#14054),#13375,.F.);
#14054 = FACE_BOUND('',#14055,.F.);
#14055 = EDGE_LOOP('',(#14056,#14077,#14078,#14079,#14080,#14102));
#14056 = ORIENTED_EDGE('',*,*,#14057,.F.);
#14057 = EDGE_CURVE('',#13392,#13818,#14058,.T.);
#14058 = SURFACE_CURVE('',#14059,(#14063,#14070),.PCURVE_S1.);
#14059 = LINE('',#14060,#14061);
#14060 = CARTESIAN_POINT('',(-14.,-42.,9.375));
#14061 = VECTOR('',#14062,1.);
#14062 = DIRECTION('',(0.,1.,0.));
#14063 = PCURVE('',#13375,#14064);
#14064 = DEFINITIONAL_REPRESENTATION('',(#14065),#14069);
#14065 = LINE('',#14066,#14067);
#14066 = CARTESIAN_POINT('',(18.75,0.));
#14067 = VECTOR('',#14068,1.);
#14068 = DIRECTION('',(0.,-1.));
#14069 = ( GEOMETRIC_REPRESENTATION_CONTEXT(2) 
PARAMETRIC_REPRESENTATION_CONTEXT() REPRESENTATION_CONTEXT('2D SPACE',''
  ) );
#14070 = PCURVE('',#13430,#14071);
#14071 = DEFINITIONAL_REPRESENTATION('',(#14072),#14076);
#14072 = LINE('',#14073,#14074);
#14073 = CARTESIAN_POINT('',(-14.,-42.));
#14074 = VECTOR('',#14075,1.);
#14075 = DIRECTION('',(0.,1.));
#14076 = ( GEOMETRIC_REPRESENTATION_CONTEXT(2) 
PARAMETRIC_REPRESENTATION_CONTEXT() REPRESENTATION_CONTEXT('2D SPACE',''
  ) );
#14077 = ORIENTED_EDGE('',*,*,#13391,.F.);
#14078 = ORIENTED_EDGE('',*,*,#13361,.T.);
#14079 = ORIENTED_EDGE('',*,*,#13927,.T.);
#14080 = ORIENTED_EDGE('',*,*,#14081,.F.);
#14081 = EDGE_CURVE('',#14006,#13928,#14082,.T.);
#14082 = SURFACE_CURVE('',#14083,(#14088,#14095),.PCURVE_S1.);
#14083 = CIRCLE('',#14084,4.2);
#14084 = AXIS2_PLACEMENT_3D('',#14085,#14086,#14087);
#14085 = CARTESIAN_POINT('',(-14.,-36.,-3.10862446895E-15));
#14086 = DIRECTION('',(1.,-0.,2.22044604925E-16));
#14087 = DIRECTION('',(2.22044604925E-16,0.,-1.));
#14088 = PCURVE('',#13375,#14089);
#14089 = DEFINITIONAL_REPRESENTATION('',(#14090),#14094);
#14090 = CIRCLE('',#14091,4.2);
#14091 = AXIS2_PLACEMENT_2D('',#14092,#14093);
#14092 = CARTESIAN_POINT('',(9.375,-6.));
#14093 = DIRECTION('',(-1.,0.));
#14094 = ( GEOMETRIC_REPRESENTATION_CONTEXT(2) 
PARAMETRIC_REPRESENTATION_CONTEXT() REPRESENTATION_CONTEXT('2D SPACE',''
  ) );
#14095 = PCURVE('',#13530,#14096);
#14096 = DEFINITIONAL_REPRESENTATION('',(#14097),#14101);
#14097 = LINE('',#14098,#14099);
#14098 = CARTESIAN_POINT('',(0.,1.));
#14099 = VECTOR('',#14100,1.);
#14100 = DIRECTION('',(1.,0.));
#14101 = ( GEOMETRIC_REPRESENTATION_CONTEXT(2) 
PARAMETRIC_REPRESENTATION_CONTEXT() REPRESENTATION_CONTEXT('2D SPACE',''
  ) );
#14102 = ORIENTED_EDGE('',*,*,#14034,.T.);
#14103 = ADVANCED_FACE('',(#14104,#14114,#14480,#14533,#14693,#15003,
    #15184,#15298),#13430,.T.);
#14104 = FACE_BOUND('',#14105,.T.);
#14105 = EDGE_LOOP('',(#14106,#14107,#14108,#14109,#14110,#14111,#14112,
    #14113));
#14106 = ORIENTED_EDGE('',*,*,#13414,.T.);
#14107 = ORIENTED_EDGE('',*,*,#13490,.T.);
#14108 = ORIENTED_EDGE('',*,*,#13545,.F.);
#14109 = ORIENTED_EDGE('',*,*,#13619,.T.);
#14110 = ORIENTED_EDGE('',*,*,#13698,.F.);
#14111 = ORIENTED_EDGE('',*,*,#13723,.F.);
#14112 = ORIENTED_EDGE('',*,*,#13817,.T.);
#14113 = ORIENTED_EDGE('',*,*,#14057,.F.);
#14114 = FACE_BOUND('',#14115,.T.);
#14115 = EDGE_LOOP('',(#14116,#14146,#14174,#14202,#14230,#14258,#14286,
    #14314,#14342,#14370,#14398,#14426,#14454));
#14116 = ORIENTED_EDGE('',*,*,#14117,.T.);
#14117 = EDGE_CURVE('',#14118,#14120,#14122,.T.);
#14118 = VERTEX_POINT('',#14119);
#14119 = CARTESIAN_POINT('',(-32.54599609375,-8.834765625,9.375));
#14120 = VERTEX_POINT('',#14121);
#14121 = CARTESIAN_POINT('',(-32.54599609375,-9.23671875,9.375));
#14122 = SURFACE_CURVE('',#14123,(#14127,#14134),.PCURVE_S1.);
#14123 = LINE('',#14124,#14125);
#14124 = CARTESIAN_POINT('',(-32.54599609375,-8.834765625,9.375));
#14125 = VECTOR('',#14126,1.);
#14126 = DIRECTION('',(-1.110223024625E-16,-1.,0.));
#14127 = PCURVE('',#13430,#14128);
#14128 = DEFINITIONAL_REPRESENTATION('',(#14129),#14133);
#14129 = LINE('',#14130,#14131);
#14130 = CARTESIAN_POINT('',(-32.54599609375,-8.834765625));
#14131 = VECTOR('',#14132,1.);
#14132 = DIRECTION('',(-1.110223024625E-16,-1.));
#14133 = ( GEOMETRIC_REPRESENTATION_CONTEXT(2) 
PARAMETRIC_REPRESENTATION_CONTEXT() REPRESENTATION_CONTEXT('2D SPACE',''
  ) );
#14134 = PCURVE('',#14135,#14140);
#14135 = PLANE('',#14136);
#14136 = AXIS2_PLACEMENT_3D('',#14137,#14138,#14139);
#14137 = CARTESIAN_POINT('',(-32.54599609375,-8.834765625,9.375));
#14138 = DIRECTION('',(-1.,1.110223024625E-16,0.));
#14139 = DIRECTION('',(-1.110223024625E-16,-1.,0.));
#14140 = DEFINITIONAL_REPRESENTATION('',(#14141),#14145);
#14141 = LINE('',#14142,#14143);
#14142 = CARTESIAN_POINT('',(0.,0.));
#14143 = VECTOR('',#14144,1.);
#14144 = DIRECTION('',(1.,0.));
#14145 = ( GEOMETRIC_REPRESENTATION_CONTEXT(2) 
PARAMETRIC_REPRESENTATION_CONTEXT() REPRESENTATION_CONTEXT('2D SPACE',''
  ) );
#14146 = ORIENTED_EDGE('',*,*,#14147,.T.);
#14147 = EDGE_CURVE('',#14120,#14148,#14150,.T.);
#14148 = VERTEX_POINT('',#14149);
#14149 = CARTESIAN_POINT('',(-35.6078125,-9.23671875,9.375));
#14150 = SURFACE_CURVE('',#14151,(#14155,#14162),.PCURVE_S1.);
#14151 = LINE('',#14152,#14153);
#14152 = CARTESIAN_POINT('',(-32.54599609375,-9.23671875,9.375));
#14153 = VECTOR('',#14154,1.);
#14154 = DIRECTION('',(-1.,1.110223024625E-16,0.));
#14155 = PCURVE('',#13430,#14156);
#14156 = DEFINITIONAL_REPRESENTATION('',(#14157),#14161);
#14157 = LINE('',#14158,#14159);
#14158 = CARTESIAN_POINT('',(-32.54599609375,-9.23671875));
#14159 = VECTOR('',#14160,1.);
#14160 = DIRECTION('',(-1.,1.110223024625E-16));
#14161 = ( GEOMETRIC_REPRESENTATION_CONTEXT(2) 
PARAMETRIC_REPRESENTATION_CONTEXT() REPRESENTATION_CONTEXT('2D SPACE',''
  ) );
#14162 = PCURVE('',#14163,#14168);
#14163 = PLANE('',#14164);
#14164 = AXIS2_PLACEMENT_3D('',#14165,#14166,#14167);
#14165 = CARTESIAN_POINT('',(-32.54599609375,-9.23671875,9.375));
#14166 = DIRECTION('',(1.110223024625E-16,1.,-0.));
#14167 = DIRECTION('',(-1.,1.110223024625E-16,0.));
#14168 = DEFINITIONAL_REPRESENTATION('',(#14169),#14173);
#14169 = LINE('',#14170,#14171);
#14170 = CARTESIAN_POINT('',(0.,0.));
#14171 = VECTOR('',#14172,1.);
#14172 = DIRECTION('',(1.,0.));
#14173 = ( GEOMETRIC_REPRESENTATION_CONTEXT(2) 
PARAMETRIC_REPRESENTATION_CONTEXT() REPRESENTATION_CONTEXT('2D SPACE',''
  ) );
#14174 = ORIENTED_EDGE('',*,*,#14175,.T.);
#14175 = EDGE_CURVE('',#14148,#14176,#14178,.T.);
#14176 = VERTEX_POINT('',#14177);
#14177 = CARTESIAN_POINT('',(-35.6078125,-8.61943359375,9.375));
#14178 = SURFACE_CURVE('',#14179,(#14183,#14190),.PCURVE_S1.);
#14179 = LINE('',#14180,#14181);
#14180 = CARTESIAN_POINT('',(-35.6078125,-9.23671875,9.375));
#14181 = VECTOR('',#14182,1.);
#14182 = DIRECTION('',(1.110223024625E-16,1.,0.));
#14183 = PCURVE('',#13430,#14184);
#14184 = DEFINITIONAL_REPRESENTATION('',(#14185),#14189);
#14185 = LINE('',#14186,#14187);
#14186 = CARTESIAN_POINT('',(-35.6078125,-9.23671875));
#14187 = VECTOR('',#14188,1.);
#14188 = DIRECTION('',(1.110223024625E-16,1.));
#14189 = ( GEOMETRIC_REPRESENTATION_CONTEXT(2) 
PARAMETRIC_REPRESENTATION_CONTEXT() REPRESENTATION_CONTEXT('2D SPACE',''
  ) );
#14190 = PCURVE('',#14191,#14196);
#14191 = PLANE('',#14192);
#14192 = AXIS2_PLACEMENT_3D('',#14193,#14194,#14195);
#14193 = CARTESIAN_POINT('',(-35.6078125,-9.23671875,9.375));
#14194 = DIRECTION('',(1.,-1.110223024625E-16,0.));
#14195 = DIRECTION('',(1.110223024625E-16,1.,0.));
#14196 = DEFINITIONAL_REPRESENTATION('',(#14197),#14201);
#14197 = LINE('',#14198,#14199);
#14198 = CARTESIAN_POINT('',(0.,0.));
#14199 = VECTOR('',#14200,1.);
#14200 = DIRECTION('',(1.,0.));
#14201 = ( GEOMETRIC_REPRESENTATION_CONTEXT(2) 
PARAMETRIC_REPRESENTATION_CONTEXT() REPRESENTATION_CONTEXT('2D SPACE',''
  ) );
#14202 = ORIENTED_EDGE('',*,*,#14203,.T.);
#14203 = EDGE_CURVE('',#14176,#14204,#14206,.T.);
#14204 = VERTEX_POINT('',#14205);
#14205 = CARTESIAN_POINT('',(-33.52421875,-7.8380859375,9.375));
#14206 = SURFACE_CURVE('',#14207,(#14211,#14218),.PCURVE_S1.);
#14207 = LINE('',#14208,#14209);
#14208 = CARTESIAN_POINT('',(-35.6078125,-8.61943359375,9.375));
#14209 = VECTOR('',#14210,1.);
#14210 = DIRECTION('',(0.936329177569,0.351123441588,0.));
#14211 = PCURVE('',#13430,#14212);
#14212 = DEFINITIONAL_REPRESENTATION('',(#14213),#14217);
#14213 = LINE('',#14214,#14215);
#14214 = CARTESIAN_POINT('',(-35.6078125,-8.61943359375));
#14215 = VECTOR('',#14216,1.);
#14216 = DIRECTION('',(0.936329177569,0.351123441588));
#14217 = ( GEOMETRIC_REPRESENTATION_CONTEXT(2) 
PARAMETRIC_REPRESENTATION_CONTEXT() REPRESENTATION_CONTEXT('2D SPACE',''
  ) );
#14218 = PCURVE('',#14219,#14224);
#14219 = PLANE('',#14220);
#14220 = AXIS2_PLACEMENT_3D('',#14221,#14222,#14223);
#14221 = CARTESIAN_POINT('',(-35.6078125,-8.61943359375,9.375));
#14222 = DIRECTION('',(0.351123441588,-0.936329177569,0.));
#14223 = DIRECTION('',(0.936329177569,0.351123441588,0.));
#14224 = DEFINITIONAL_REPRESENTATION('',(#14225),#14229);
#14225 = LINE('',#14226,#14227);
#14226 = CARTESIAN_POINT('',(0.,0.));
#14227 = VECTOR('',#14228,1.);
#14228 = DIRECTION('',(1.,0.));
#14229 = ( GEOMETRIC_REPRESENTATION_CONTEXT(2) 
PARAMETRIC_REPRESENTATION_CONTEXT() REPRESENTATION_CONTEXT('2D SPACE',''
  ) );
#14230 = ORIENTED_EDGE('',*,*,#14231,.T.);
#14231 = EDGE_CURVE('',#14204,#14232,#14234,.T.);
#14232 = VERTEX_POINT('',#14233);
#14233 = CARTESIAN_POINT('',(-35.6078125,-7.05263671875,9.375));
#14234 = SURFACE_CURVE('',#14235,(#14239,#14246),.PCURVE_S1.);
#14235 = LINE('',#14236,#14237);
#14236 = CARTESIAN_POINT('',(-33.52421875,-7.8380859375,9.375));
#14237 = VECTOR('',#14238,1.);
#14238 = DIRECTION('',(-0.935722204869,0.35273779967,0.));
#14239 = PCURVE('',#13430,#14240);
#14240 = DEFINITIONAL_REPRESENTATION('',(#14241),#14245);
#14241 = LINE('',#14242,#14243);
#14242 = CARTESIAN_POINT('',(-33.52421875,-7.8380859375));
#14243 = VECTOR('',#14244,1.);
#14244 = DIRECTION('',(-0.935722204869,0.35273779967));
#14245 = ( GEOMETRIC_REPRESENTATION_CONTEXT(2) 
PARAMETRIC_REPRESENTATION_CONTEXT() REPRESENTATION_CONTEXT('2D SPACE',''
  ) );
#14246 = PCURVE('',#14247,#14252);
#14247 = PLANE('',#14248);
#14248 = AXIS2_PLACEMENT_3D('',#14249,#14250,#14251);
#14249 = CARTESIAN_POINT('',(-33.52421875,-7.8380859375,9.375));
#14250 = DIRECTION('',(0.35273779967,0.935722204869,-0.));
#14251 = DIRECTION('',(-0.935722204869,0.35273779967,0.));
#14252 = DEFINITIONAL_REPRESENTATION('',(#14253),#14257);
#14253 = LINE('',#14254,#14255);
#14254 = CARTESIAN_POINT('',(0.,0.));
#14255 = VECTOR('',#14256,1.);
#14256 = DIRECTION('',(1.,0.));
#14257 = ( GEOMETRIC_REPRESENTATION_CONTEXT(2) 
PARAMETRIC_REPRESENTATION_CONTEXT() REPRESENTATION_CONTEXT('2D SPACE',''
  ) );
#14258 = ORIENTED_EDGE('',*,*,#14259,.T.);
#14259 = EDGE_CURVE('',#14232,#14260,#14262,.T.);
#14260 = VERTEX_POINT('',#14261);
#14261 = CARTESIAN_POINT('',(-35.6078125,-6.4353515625,9.375));
#14262 = SURFACE_CURVE('',#14263,(#14267,#14274),.PCURVE_S1.);
#14263 = LINE('',#14264,#14265);
#14264 = CARTESIAN_POINT('',(-35.6078125,-7.05263671875,9.375));
#14265 = VECTOR('',#14266,1.);
#14266 = DIRECTION('',(1.110223024625E-16,1.,0.));
#14267 = PCURVE('',#13430,#14268);
#14268 = DEFINITIONAL_REPRESENTATION('',(#14269),#14273);
#14269 = LINE('',#14270,#14271);
#14270 = CARTESIAN_POINT('',(-35.6078125,-7.05263671875));
#14271 = VECTOR('',#14272,1.);
#14272 = DIRECTION('',(1.110223024625E-16,1.));
#14273 = ( GEOMETRIC_REPRESENTATION_CONTEXT(2) 
PARAMETRIC_REPRESENTATION_CONTEXT() REPRESENTATION_CONTEXT('2D SPACE',''
  ) );
#14274 = PCURVE('',#14275,#14280);
#14275 = PLANE('',#14276);
#14276 = AXIS2_PLACEMENT_3D('',#14277,#14278,#14279);
#14277 = CARTESIAN_POINT('',(-35.6078125,-7.05263671875,9.375));
#14278 = DIRECTION('',(1.,-1.110223024625E-16,0.));
#14279 = DIRECTION('',(1.110223024625E-16,1.,0.));
#14280 = DEFINITIONAL_REPRESENTATION('',(#14281),#14285);
#14281 = LINE('',#14282,#14283);
#14282 = CARTESIAN_POINT('',(0.,0.));
#14283 = VECTOR('',#14284,1.);
#14284 = DIRECTION('',(1.,0.));
#14285 = ( GEOMETRIC_REPRESENTATION_CONTEXT(2) 
PARAMETRIC_REPRESENTATION_CONTEXT() REPRESENTATION_CONTEXT('2D SPACE',''
  ) );
#14286 = ORIENTED_EDGE('',*,*,#14287,.T.);
#14287 = EDGE_CURVE('',#14260,#14288,#14290,.T.);
#14288 = VERTEX_POINT('',#14289);
#14289 = CARTESIAN_POINT('',(-32.54599609375,-6.4353515625,9.375));
#14290 = SURFACE_CURVE('',#14291,(#14295,#14302),.PCURVE_S1.);
#14291 = LINE('',#14292,#14293);
#14292 = CARTESIAN_POINT('',(-35.6078125,-6.4353515625,9.375));
#14293 = VECTOR('',#14294,1.);
#14294 = DIRECTION('',(1.,-1.110223024625E-16,0.));
#14295 = PCURVE('',#13430,#14296);
#14296 = DEFINITIONAL_REPRESENTATION('',(#14297),#14301);
#14297 = LINE('',#14298,#14299);
#14298 = CARTESIAN_POINT('',(-35.6078125,-6.4353515625));
#14299 = VECTOR('',#14300,1.);
#14300 = DIRECTION('',(1.,-1.110223024625E-16));
#14301 = ( GEOMETRIC_REPRESENTATION_CONTEXT(2) 
PARAMETRIC_REPRESENTATION_CONTEXT() REPRESENTATION_CONTEXT('2D SPACE',''
  ) );
#14302 = PCURVE('',#14303,#14308);
#14303 = PLANE('',#14304);
#14304 = AXIS2_PLACEMENT_3D('',#14305,#14306,#14307);
#14305 = CARTESIAN_POINT('',(-35.6078125,-6.4353515625,9.375));
#14306 = DIRECTION('',(-1.110223024625E-16,-1.,0.));
#14307 = DIRECTION('',(1.,-1.110223024625E-16,0.));
#14308 = DEFINITIONAL_REPRESENTATION('',(#14309),#14313);
#14309 = LINE('',#14310,#14311);
#14310 = CARTESIAN_POINT('',(0.,0.));
#14311 = VECTOR('',#14312,1.);
#14312 = DIRECTION('',(1.,0.));
#14313 = ( GEOMETRIC_REPRESENTATION_CONTEXT(2) 
PARAMETRIC_REPRESENTATION_CONTEXT() REPRESENTATION_CONTEXT('2D SPACE',''
  ) );
#14314 = ORIENTED_EDGE('',*,*,#14315,.T.);
#14315 = EDGE_CURVE('',#14288,#14316,#14318,.T.);
#14316 = VERTEX_POINT('',#14317);
#14317 = CARTESIAN_POINT('',(-32.54599609375,-6.83935546875,9.375));
#14318 = SURFACE_CURVE('',#14319,(#14323,#14330),.PCURVE_S1.);
#14319 = LINE('',#14320,#14321);
#14320 = CARTESIAN_POINT('',(-32.54599609375,-6.4353515625,9.375));
#14321 = VECTOR('',#14322,1.);
#14322 = DIRECTION('',(-1.110223024625E-16,-1.,0.));
#14323 = PCURVE('',#13430,#14324);
#14324 = DEFINITIONAL_REPRESENTATION('',(#14325),#14329);
#14325 = LINE('',#14326,#14327);
#14326 = CARTESIAN_POINT('',(-32.54599609375,-6.4353515625));
#14327 = VECTOR('',#14328,1.);
#14328 = DIRECTION('',(-1.110223024625E-16,-1.));
#14329 = ( GEOMETRIC_REPRESENTATION_CONTEXT(2) 
PARAMETRIC_REPRESENTATION_CONTEXT() REPRESENTATION_CONTEXT('2D SPACE',''
  ) );
#14330 = PCURVE('',#14331,#14336);
#14331 = PLANE('',#14332);
#14332 = AXIS2_PLACEMENT_3D('',#14333,#14334,#14335);
#14333 = CARTESIAN_POINT('',(-32.54599609375,-6.4353515625,9.375));
#14334 = DIRECTION('',(-1.,1.110223024625E-16,0.));
#14335 = DIRECTION('',(-1.110223024625E-16,-1.,0.));
#14336 = DEFINITIONAL_REPRESENTATION('',(#14337),#14341);
#14337 = LINE('',#14338,#14339);
#14338 = CARTESIAN_POINT('',(0.,0.));
#14339 = VECTOR('',#14340,1.);
#14340 = DIRECTION('',(1.,0.));
#14341 = ( GEOMETRIC_REPRESENTATION_CONTEXT(2) 
PARAMETRIC_REPRESENTATION_CONTEXT() REPRESENTATION_CONTEXT('2D SPACE',''
  ) );
#14342 = ORIENTED_EDGE('',*,*,#14343,.T.);
#14343 = EDGE_CURVE('',#14316,#14344,#14346,.T.);
#14344 = VERTEX_POINT('',#14345);
#14345 = CARTESIAN_POINT('',(-35.2345703125,-6.83935546875,9.375));
#14346 = SURFACE_CURVE('',#14347,(#14351,#14358),.PCURVE_S1.);
#14347 = LINE('',#14348,#14349);
#14348 = CARTESIAN_POINT('',(-32.54599609375,-6.83935546875,9.375));
#14349 = VECTOR('',#14350,1.);
#14350 = DIRECTION('',(-1.,1.110223024625E-16,0.));
#14351 = PCURVE('',#13430,#14352);
#14352 = DEFINITIONAL_REPRESENTATION('',(#14353),#14357);
#14353 = LINE('',#14354,#14355);
#14354 = CARTESIAN_POINT('',(-32.54599609375,-6.83935546875));
#14355 = VECTOR('',#14356,1.);
#14356 = DIRECTION('',(-1.,1.110223024625E-16));
#14357 = ( GEOMETRIC_REPRESENTATION_CONTEXT(2) 
PARAMETRIC_REPRESENTATION_CONTEXT() REPRESENTATION_CONTEXT('2D SPACE',''
  ) );
#14358 = PCURVE('',#14359,#14364);
#14359 = PLANE('',#14360);
#14360 = AXIS2_PLACEMENT_3D('',#14361,#14362,#14363);
#14361 = CARTESIAN_POINT('',(-32.54599609375,-6.83935546875,9.375));
#14362 = DIRECTION('',(1.110223024625E-16,1.,-0.));
#14363 = DIRECTION('',(-1.,1.110223024625E-16,0.));
#14364 = DEFINITIONAL_REPRESENTATION('',(#14365),#14369);
#14365 = LINE('',#14366,#14367);
#14366 = CARTESIAN_POINT('',(0.,0.));
#14367 = VECTOR('',#14368,1.);
#14368 = DIRECTION('',(1.,0.));
#14369 = ( GEOMETRIC_REPRESENTATION_CONTEXT(2) 
PARAMETRIC_REPRESENTATION_CONTEXT() REPRESENTATION_CONTEXT('2D SPACE',''
  ) );
#14370 = ORIENTED_EDGE('',*,*,#14371,.T.);
#14371 = EDGE_CURVE('',#14344,#14372,#14374,.T.);
#14372 = VERTEX_POINT('',#14373);
#14373 = CARTESIAN_POINT('',(-33.1345703125,-7.62890625,9.375));
#14374 = SURFACE_CURVE('',#14375,(#14379,#14386),.PCURVE_S1.);
#14375 = LINE('',#14376,#14377);
#14376 = CARTESIAN_POINT('',(-35.2345703125,-6.83935546875,9.375));
#14377 = VECTOR('',#14378,1.);
#14378 = DIRECTION('',(0.936028311828,-0.351924707084,0.));
#14379 = PCURVE('',#13430,#14380);
#14380 = DEFINITIONAL_REPRESENTATION('',(#14381),#14385);
#14381 = LINE('',#14382,#14383);
#14382 = CARTESIAN_POINT('',(-35.2345703125,-6.83935546875));
#14383 = VECTOR('',#14384,1.);
#14384 = DIRECTION('',(0.936028311828,-0.351924707084));
#14385 = ( GEOMETRIC_REPRESENTATION_CONTEXT(2) 
PARAMETRIC_REPRESENTATION_CONTEXT() REPRESENTATION_CONTEXT('2D SPACE',''
  ) );
#14386 = PCURVE('',#14387,#14392);
#14387 = PLANE('',#14388);
#14388 = AXIS2_PLACEMENT_3D('',#14389,#14390,#14391);
#14389 = CARTESIAN_POINT('',(-35.2345703125,-6.83935546875,9.375));
#14390 = DIRECTION('',(-0.351924707084,-0.936028311828,0.));
#14391 = DIRECTION('',(0.936028311828,-0.351924707084,0.));
#14392 = DEFINITIONAL_REPRESENTATION('',(#14393),#14397);
#14393 = LINE('',#14394,#14395);
#14394 = CARTESIAN_POINT('',(0.,0.));
#14395 = VECTOR('',#14396,1.);
#14396 = DIRECTION('',(1.,0.));
#14397 = ( GEOMETRIC_REPRESENTATION_CONTEXT(2) 
PARAMETRIC_REPRESENTATION_CONTEXT() REPRESENTATION_CONTEXT('2D SPACE',''
  ) );
#14398 = ORIENTED_EDGE('',*,*,#14399,.T.);
#14399 = EDGE_CURVE('',#14372,#14400,#14402,.T.);
#14400 = VERTEX_POINT('',#14401);
#14401 = CARTESIAN_POINT('',(-33.1345703125,-8.04521484375,9.375));
#14402 = SURFACE_CURVE('',#14403,(#14407,#14414),.PCURVE_S1.);
#14403 = LINE('',#14404,#14405);
#14404 = CARTESIAN_POINT('',(-33.1345703125,-7.62890625,9.375));
#14405 = VECTOR('',#14406,1.);
#14406 = DIRECTION('',(-1.110223024625E-16,-1.,0.));
#14407 = PCURVE('',#13430,#14408);
#14408 = DEFINITIONAL_REPRESENTATION('',(#14409),#14413);
#14409 = LINE('',#14410,#14411);
#14410 = CARTESIAN_POINT('',(-33.1345703125,-7.62890625));
#14411 = VECTOR('',#14412,1.);
#14412 = DIRECTION('',(-1.110223024625E-16,-1.));
#14413 = ( GEOMETRIC_REPRESENTATION_CONTEXT(2) 
PARAMETRIC_REPRESENTATION_CONTEXT() REPRESENTATION_CONTEXT('2D SPACE',''
  ) );
#14414 = PCURVE('',#14415,#14420);
#14415 = PLANE('',#14416);
#14416 = AXIS2_PLACEMENT_3D('',#14417,#14418,#14419);
#14417 = CARTESIAN_POINT('',(-33.1345703125,-7.62890625,9.375));
#14418 = DIRECTION('',(-1.,1.110223024625E-16,0.));
#14419 = DIRECTION('',(-1.110223024625E-16,-1.,0.));
#14420 = DEFINITIONAL_REPRESENTATION('',(#14421),#14425);
#14421 = LINE('',#14422,#14423);
#14422 = CARTESIAN_POINT('',(0.,0.));
#14423 = VECTOR('',#14424,1.);
#14424 = DIRECTION('',(1.,0.));
#14425 = ( GEOMETRIC_REPRESENTATION_CONTEXT(2) 
PARAMETRIC_REPRESENTATION_CONTEXT() REPRESENTATION_CONTEXT('2D SPACE',''
  ) );
#14426 = ORIENTED_EDGE('',*,*,#14427,.T.);
#14427 = EDGE_CURVE('',#14400,#14428,#14430,.T.);
#14428 = VERTEX_POINT('',#14429);
#14429 = CARTESIAN_POINT('',(-35.2345703125,-8.834765625,9.375));
#14430 = SURFACE_CURVE('',#14431,(#14435,#14442),.PCURVE_S1.);
#14431 = LINE('',#14432,#14433);
#14432 = CARTESIAN_POINT('',(-33.1345703125,-8.04521484375,9.375));
#14433 = VECTOR('',#14434,1.);
#14434 = DIRECTION('',(-0.936028311828,-0.351924707084,0.));
#14435 = PCURVE('',#13430,#14436);
#14436 = DEFINITIONAL_REPRESENTATION('',(#14437),#14441);
#14437 = LINE('',#14438,#14439);
#14438 = CARTESIAN_POINT('',(-33.1345703125,-8.04521484375));
#14439 = VECTOR('',#14440,1.);
#14440 = DIRECTION('',(-0.936028311828,-0.351924707084));
#14441 = ( GEOMETRIC_REPRESENTATION_CONTEXT(2) 
PARAMETRIC_REPRESENTATION_CONTEXT() REPRESENTATION_CONTEXT('2D SPACE',''
  ) );
#14442 = PCURVE('',#14443,#14448);
#14443 = PLANE('',#14444);
#14444 = AXIS2_PLACEMENT_3D('',#14445,#14446,#14447);
#14445 = CARTESIAN_POINT('',(-33.1345703125,-8.04521484375,9.375));
#14446 = DIRECTION('',(-0.351924707084,0.936028311828,0.));
#14447 = DIRECTION('',(-0.936028311828,-0.351924707084,0.));
#14448 = DEFINITIONAL_REPRESENTATION('',(#14449),#14453);
#14449 = LINE('',#14450,#14451);
#14450 = CARTESIAN_POINT('',(0.,0.));
#14451 = VECTOR('',#14452,1.);
#14452 = DIRECTION('',(1.,0.));
#14453 = ( GEOMETRIC_REPRESENTATION_CONTEXT(2) 
PARAMETRIC_REPRESENTATION_CONTEXT() REPRESENTATION_CONTEXT('2D SPACE',''
  ) );
#14454 = ORIENTED_EDGE('',*,*,#14455,.T.);
#14455 = EDGE_CURVE('',#14428,#14118,#14456,.T.);
#14456 = SURFACE_CURVE('',#14457,(#14461,#14468),.PCURVE_S1.);
#14457 = LINE('',#14458,#14459);
#14458 = CARTESIAN_POINT('',(-35.2345703125,-8.834765625,9.375));
#14459 = VECTOR('',#14460,1.);
#14460 = DIRECTION('',(1.,-1.110223024625E-16,0.));
#14461 = PCURVE('',#13430,#14462);
#14462 = DEFINITIONAL_REPRESENTATION('',(#14463),#14467);
#14463 = LINE('',#14464,#14465);
#14464 = CARTESIAN_POINT('',(-35.2345703125,-8.834765625));
#14465 = VECTOR('',#14466,1.);
#14466 = DIRECTION('',(1.,-1.110223024625E-16));
#14467 = ( GEOMETRIC_REPRESENTATION_CONTEXT(2) 
PARAMETRIC_REPRESENTATION_CONTEXT() REPRESENTATION_CONTEXT('2D SPACE',''
  ) );
#14468 = PCURVE('',#14469,#14474);
#14469 = PLANE('',#14470);
#14470 = AXIS2_PLACEMENT_3D('',#14471,#14472,#14473);
#14471 = CARTESIAN_POINT('',(-35.2345703125,-8.834765625,9.375));
#14472 = DIRECTION('',(-1.110223024625E-16,-1.,0.));
#14473 = DIRECTION('',(1.,-1.110223024625E-16,0.));
#14474 = DEFINITIONAL_REPRESENTATION('',(#14475),#14479);
#14475 = LINE('',#14476,#14477);
#14476 = CARTESIAN_POINT('',(0.,0.));
#14477 = VECTOR('',#14478,1.);
#14478 = DIRECTION('',(1.,0.));
#14479 = ( GEOMETRIC_REPRESENTATION_CONTEXT(2) 
PARAMETRIC_REPRESENTATION_CONTEXT() REPRESENTATION_CONTEXT('2D SPACE',''
  ) );
#14480 = FACE_BOUND('',#14481,.T.);
#14481 = EDGE_LOOP('',(#14482));
#14482 = ORIENTED_EDGE('',*,*,#14483,.F.);
#14483 = EDGE_CURVE('',#14484,#14484,#14486,.T.);
#14484 = VERTEX_POINT('',#14485);
#14485 = CARTESIAN_POINT('',(-35.66318359375,-4.37021484375,9.375));
#14486 = SURFACE_CURVE('',#14487,(#14498,#14512),.PCURVE_S1.);
#14487 = B_SPLINE_CURVE_WITH_KNOTS('',2,(#14488,#14489,#14490,#14491,
    #14492,#14493,#14494,#14495,#14496,#14497),.UNSPECIFIED.,.T.,.F.,(3,
    1,1,1,1,1,1,1,3),(0.,1.,2.,3.,4.,4.996825396825,5.993650793651,
    6.993300058456,7.992949323261),.UNSPECIFIED.);
#14488 = CARTESIAN_POINT('',(-35.66318359375,-4.37021484375,9.375));
#14489 = CARTESIAN_POINT('',(-35.66318359375,-5.0162109375,9.375));
#14490 = CARTESIAN_POINT('',(-34.7998046875,-5.78935546875,9.375));
#14491 = CARTESIAN_POINT('',(-33.3478515625,-5.78935546875,9.375));
#14492 = CARTESIAN_POINT('',(-32.4865234375,-5.0162109375,9.375));
#14493 = CARTESIAN_POINT('',(-32.4865234375,-3.72626953125,9.375));
#14494 = CARTESIAN_POINT('',(-33.34990234375,-2.95517578125,9.375));
#14495 = CARTESIAN_POINT('',(-34.7998046875,-2.95517578125,9.375));
#14496 = CARTESIAN_POINT('',(-35.66318359375,-3.72626953125,9.375));
#14497 = CARTESIAN_POINT('',(-35.66318359375,-4.37021484375,9.375));
#14498 = PCURVE('',#13430,#14499);
#14499 = DEFINITIONAL_REPRESENTATION('',(#14500),#14511);
#14500 = B_SPLINE_CURVE_WITH_KNOTS('',2,(#14501,#14502,#14503,#14504,
    #14505,#14506,#14507,#14508,#14509,#14510),.UNSPECIFIED.,.T.,.F.,(3,
    1,1,1,1,1,1,1,3),(0.,1.,2.,3.,4.,4.996825396825,5.993650793651,
    6.993300058456,7.992949323261),.UNSPECIFIED.);
#14501 = CARTESIAN_POINT('',(-35.66318359375,-4.37021484375));
#14502 = CARTESIAN_POINT('',(-35.66318359375,-5.0162109375));
#14503 = CARTESIAN_POINT('',(-34.7998046875,-5.78935546875));
#14504 = CARTESIAN_POINT('',(-33.3478515625,-5.78935546875));
#14505 = CARTESIAN_POINT('',(-32.4865234375,-5.0162109375));
#14506 = CARTESIAN_POINT('',(-32.4865234375,-3.72626953125));
#14507 = CARTESIAN_POINT('',(-33.34990234375,-2.95517578125));
#14508 = CARTESIAN_POINT('',(-34.7998046875,-2.95517578125));
#14509 = CARTESIAN_POINT('',(-35.66318359375,-3.72626953125));
#14510 = CARTESIAN_POINT('',(-35.66318359375,-4.37021484375));
#14511 = ( GEOMETRIC_REPRESENTATION_CONTEXT(2) 
PARAMETRIC_REPRESENTATION_CONTEXT() REPRESENTATION_CONTEXT('2D SPACE',''
  ) );
#14512 = PCURVE('',#14513,#14527);
#14513 = SURFACE_OF_LINEAR_EXTRUSION('',#14514,#14525);
#14514 = B_SPLINE_CURVE_WITH_KNOTS('',2,(#14515,#14516,#14517,#14518,
    #14519,#14520,#14521,#14522,#14523,#14524),.UNSPECIFIED.,.T.,.F.,(3,
    1,1,1,1,1,1,1,3),(0.,1.,2.,3.,4.,4.996825396825,5.993650793651,
    6.993300058456,7.992949323261),.UNSPECIFIED.);
#14515 = CARTESIAN_POINT('',(-35.66318359375,-4.37021484375,9.375));
#14516 = CARTESIAN_POINT('',(-35.66318359375,-5.0162109375,9.375));
#14517 = CARTESIAN_POINT('',(-34.7998046875,-5.78935546875,9.375));
#14518 = CARTESIAN_POINT('',(-33.3478515625,-5.78935546875,9.375));
#14519 = CARTESIAN_POINT('',(-32.4865234375,-5.0162109375,9.375));
#14520 = CARTESIAN_POINT('',(-32.4865234375,-3.72626953125,9.375));
#14521 = CARTESIAN_POINT('',(-33.34990234375,-2.95517578125,9.375));
#14522 = CARTESIAN_POINT('',(-34.7998046875,-2.95517578125,9.375));
#14523 = CARTESIAN_POINT('',(-35.66318359375,-3.72626953125,9.375));
#14524 = CARTESIAN_POINT('',(-35.66318359375,-4.37021484375,9.375));
#14525 = VECTOR('',#14526,1.);
#14526 = DIRECTION('',(0.,0.,1.));
#14527 = DEFINITIONAL_REPRESENTATION('',(#14528),#14532);
#14528 = LINE('',#14529,#14530);
#14529 = CARTESIAN_POINT('',(0.,0.));
#14530 = VECTOR('',#14531,1.);
#14531 = DIRECTION('',(1.,0.));
#14532 = ( GEOMETRIC_REPRESENTATION_CONTEXT(2) 
PARAMETRIC_REPRESENTATION_CONTEXT() REPRESENTATION_CONTEXT('2D SPACE',''
  ) );
#14533 = FACE_BOUND('',#14534,.T.);
#14534 = EDGE_LOOP('',(#14535,#14588,#14616,#14667));
#14535 = ORIENTED_EDGE('',*,*,#14536,.F.);
#14536 = EDGE_CURVE('',#14537,#14539,#14541,.T.);
#14537 = VERTEX_POINT('',#14538);
#14538 = CARTESIAN_POINT('',(-35.37197265625,-1.435546875E-02,9.375));
#14539 = VERTEX_POINT('',#14540);
#14540 = CARTESIAN_POINT('',(-32.7818359375,-1.435546875E-02,9.375));
#14541 = SURFACE_CURVE('',#14542,(#14553,#14567),.PCURVE_S1.);
#14542 = B_SPLINE_CURVE_WITH_KNOTS('',2,(#14543,#14544,#14545,#14546,
    #14547,#14548,#14549,#14550,#14551,#14552),.UNSPECIFIED.,.F.,.F.,(3,
    1,1,1,1,1,1,1,3),(0.,1.,2.,4.529850746269,7.059701492537,
    9.582524875622,12.105348258707,13.087686567164,14.070024875622),
  .UNSPECIFIED.);
#14543 = CARTESIAN_POINT('',(-35.37197265625,-1.435546875E-02,9.375));
#14544 = CARTESIAN_POINT('',(-35.517578125,-0.22763671875,9.375));
#14545 = CARTESIAN_POINT('',(-35.66318359375,-0.713671875,9.375));
#14546 = CARTESIAN_POINT('',(-35.66318359375,-1.68369140625,9.375));
#14547 = CARTESIAN_POINT('',(-34.812109375,-2.48349609375,9.375));
#14548 = CARTESIAN_POINT('',(-33.33759765625,-2.48349609375,9.375));
#14549 = CARTESIAN_POINT('',(-32.4865234375,-1.68369140625,9.375));
#14550 = CARTESIAN_POINT('',(-32.4865234375,-0.7177734375,9.375));
#14551 = CARTESIAN_POINT('',(-32.6341796875,-0.23173828125,9.375));
#14552 = CARTESIAN_POINT('',(-32.7818359375,-1.435546875E-02,9.375));
#14553 = PCURVE('',#13430,#14554);
#14554 = DEFINITIONAL_REPRESENTATION('',(#14555),#14566);
#14555 = B_SPLINE_CURVE_WITH_KNOTS('',2,(#14556,#14557,#14558,#14559,
    #14560,#14561,#14562,#14563,#14564,#14565),.UNSPECIFIED.,.F.,.F.,(3,
    1,1,1,1,1,1,1,3),(0.,1.,2.,4.529850746269,7.059701492537,
    9.582524875622,12.105348258707,13.087686567164,14.070024875622),
  .UNSPECIFIED.);
#14556 = CARTESIAN_POINT('',(-35.37197265625,-1.435546875E-02));
#14557 = CARTESIAN_POINT('',(-35.517578125,-0.22763671875));
#14558 = CARTESIAN_POINT('',(-35.66318359375,-0.713671875));
#14559 = CARTESIAN_POINT('',(-35.66318359375,-1.68369140625));
#14560 = CARTESIAN_POINT('',(-34.812109375,-2.48349609375));
#14561 = CARTESIAN_POINT('',(-33.33759765625,-2.48349609375));
#14562 = CARTESIAN_POINT('',(-32.4865234375,-1.68369140625));
#14563 = CARTESIAN_POINT('',(-32.4865234375,-0.7177734375));
#14564 = CARTESIAN_POINT('',(-32.6341796875,-0.23173828125));
#14565 = CARTESIAN_POINT('',(-32.7818359375,-1.435546875E-02));
#14566 = ( GEOMETRIC_REPRESENTATION_CONTEXT(2) 
PARAMETRIC_REPRESENTATION_CONTEXT() REPRESENTATION_CONTEXT('2D SPACE',''
  ) );
#14567 = PCURVE('',#14568,#14582);
#14568 = SURFACE_OF_LINEAR_EXTRUSION('',#14569,#14580);
#14569 = B_SPLINE_CURVE_WITH_KNOTS('',2,(#14570,#14571,#14572,#14573,
    #14574,#14575,#14576,#14577,#14578,#14579),.UNSPECIFIED.,.F.,.F.,(3,
    1,1,1,1,1,1,1,3),(0.,1.,2.,4.529850746269,7.059701492537,
    9.582524875622,12.105348258707,13.087686567164,14.070024875622),
  .UNSPECIFIED.);
#14570 = CARTESIAN_POINT('',(-35.37197265625,-1.435546875E-02,9.375));
#14571 = CARTESIAN_POINT('',(-35.517578125,-0.22763671875,9.375));
#14572 = CARTESIAN_POINT('',(-35.66318359375,-0.713671875,9.375));
#14573 = CARTESIAN_POINT('',(-35.66318359375,-1.68369140625,9.375));
#14574 = CARTESIAN_POINT('',(-34.812109375,-2.48349609375,9.375));
#14575 = CARTESIAN_POINT('',(-33.33759765625,-2.48349609375,9.375));
#14576 = CARTESIAN_POINT('',(-32.4865234375,-1.68369140625,9.375));
#14577 = CARTESIAN_POINT('',(-32.4865234375,-0.7177734375,9.375));
#14578 = CARTESIAN_POINT('',(-32.6341796875,-0.23173828125,9.375));
#14579 = CARTESIAN_POINT('',(-32.7818359375,-1.435546875E-02,9.375));
#14580 = VECTOR('',#14581,1.);
#14581 = DIRECTION('',(0.,0.,1.));
#14582 = DEFINITIONAL_REPRESENTATION('',(#14583),#14587);
#14583 = LINE('',#14584,#14585);
#14584 = CARTESIAN_POINT('',(0.,0.));
#14585 = VECTOR('',#14586,1.);
#14586 = DIRECTION('',(1.,0.));
#14587 = ( GEOMETRIC_REPRESENTATION_CONTEXT(2) 
PARAMETRIC_REPRESENTATION_CONTEXT() REPRESENTATION_CONTEXT('2D SPACE',''
  ) );
#14588 = ORIENTED_EDGE('',*,*,#14589,.T.);
#14589 = EDGE_CURVE('',#14537,#14590,#14592,.T.);
#14590 = VERTEX_POINT('',#14591);
#14591 = CARTESIAN_POINT('',(-34.93515625,-1.435546875E-02,9.375));
#14592 = SURFACE_CURVE('',#14593,(#14597,#14604),.PCURVE_S1.);
#14593 = LINE('',#14594,#14595);
#14594 = CARTESIAN_POINT('',(-35.37197265625,-1.435546875E-02,9.375));
#14595 = VECTOR('',#14596,1.);
#14596 = DIRECTION('',(1.,-1.110223024625E-16,0.));
#14597 = PCURVE('',#13430,#14598);
#14598 = DEFINITIONAL_REPRESENTATION('',(#14599),#14603);
#14599 = LINE('',#14600,#14601);
#14600 = CARTESIAN_POINT('',(-35.37197265625,-1.435546875E-02));
#14601 = VECTOR('',#14602,1.);
#14602 = DIRECTION('',(1.,-1.110223024625E-16));
#14603 = ( GEOMETRIC_REPRESENTATION_CONTEXT(2) 
PARAMETRIC_REPRESENTATION_CONTEXT() REPRESENTATION_CONTEXT('2D SPACE',''
  ) );
#14604 = PCURVE('',#14605,#14610);
#14605 = PLANE('',#14606);
#14606 = AXIS2_PLACEMENT_3D('',#14607,#14608,#14609);
#14607 = CARTESIAN_POINT('',(-35.37197265625,-1.435546875E-02,9.375));
#14608 = DIRECTION('',(-1.110223024625E-16,-1.,0.));
#14609 = DIRECTION('',(1.,-1.110223024625E-16,0.));
#14610 = DEFINITIONAL_REPRESENTATION('',(#14611),#14615);
#14611 = LINE('',#14612,#14613);
#14612 = CARTESIAN_POINT('',(0.,0.));
#14613 = VECTOR('',#14614,1.);
#14614 = DIRECTION('',(1.,0.));
#14615 = ( GEOMETRIC_REPRESENTATION_CONTEXT(2) 
PARAMETRIC_REPRESENTATION_CONTEXT() REPRESENTATION_CONTEXT('2D SPACE',''
  ) );
#14616 = ORIENTED_EDGE('',*,*,#14617,.F.);
#14617 = EDGE_CURVE('',#14618,#14590,#14620,.T.);
#14618 = VERTEX_POINT('',#14619);
#14619 = CARTESIAN_POINT('',(-33.21455078125,-1.435546875E-02,9.375));
#14620 = SURFACE_CURVE('',#14621,(#14632,#14646),.PCURVE_S1.);
#14621 = B_SPLINE_CURVE_WITH_KNOTS('',2,(#14622,#14623,#14624,#14625,
    #14626,#14627,#14628,#14629,#14630,#14631),.UNSPECIFIED.,.F.,.F.,(3,
    1,1,1,1,1,1,1,3),(0.,1.,2.,3.969230769231,5.938461538462,
    7.914367666232,9.890273794003,10.893663624511,11.89705345502),
  .UNSPECIFIED.);
#14622 = CARTESIAN_POINT('',(-33.21455078125,-1.435546875E-02,9.375));
#14623 = CARTESIAN_POINT('',(-33.0197265625,-0.22353515625,9.375));
#14624 = CARTESIAN_POINT('',(-32.826953125,-0.697265625,9.375));
#14625 = CARTESIAN_POINT('',(-32.826953125,-1.4888671875,9.375));
#14626 = CARTESIAN_POINT('',(-33.46884765625,-2.0466796875,9.375));
#14627 = CARTESIAN_POINT('',(-34.680859375,-2.0466796875,9.375));
#14628 = CARTESIAN_POINT('',(-35.32275390625,-1.4888671875,9.375));
#14629 = CARTESIAN_POINT('',(-35.32275390625,-0.697265625,9.375));
#14630 = CARTESIAN_POINT('',(-35.12998046875,-0.22353515625,9.375));
#14631 = CARTESIAN_POINT('',(-34.93515625,-1.435546875E-02,9.375));
#14632 = PCURVE('',#13430,#14633);
#14633 = DEFINITIONAL_REPRESENTATION('',(#14634),#14645);
#14634 = B_SPLINE_CURVE_WITH_KNOTS('',2,(#14635,#14636,#14637,#14638,
    #14639,#14640,#14641,#14642,#14643,#14644),.UNSPECIFIED.,.F.,.F.,(3,
    1,1,1,1,1,1,1,3),(0.,1.,2.,3.969230769231,5.938461538462,
    7.914367666232,9.890273794003,10.893663624511,11.89705345502),
  .UNSPECIFIED.);
#14635 = CARTESIAN_POINT('',(-33.21455078125,-1.435546875E-02));
#14636 = CARTESIAN_POINT('',(-33.0197265625,-0.22353515625));
#14637 = CARTESIAN_POINT('',(-32.826953125,-0.697265625));
#14638 = CARTESIAN_POINT('',(-32.826953125,-1.4888671875));
#14639 = CARTESIAN_POINT('',(-33.46884765625,-2.0466796875));
#14640 = CARTESIAN_POINT('',(-34.680859375,-2.0466796875));
#14641 = CARTESIAN_POINT('',(-35.32275390625,-1.4888671875));
#14642 = CARTESIAN_POINT('',(-35.32275390625,-0.697265625));
#14643 = CARTESIAN_POINT('',(-35.12998046875,-0.22353515625));
#14644 = CARTESIAN_POINT('',(-34.93515625,-1.435546875E-02));
#14645 = ( GEOMETRIC_REPRESENTATION_CONTEXT(2) 
PARAMETRIC_REPRESENTATION_CONTEXT() REPRESENTATION_CONTEXT('2D SPACE',''
  ) );
#14646 = PCURVE('',#14647,#14661);
#14647 = SURFACE_OF_LINEAR_EXTRUSION('',#14648,#14659);
#14648 = B_SPLINE_CURVE_WITH_KNOTS('',2,(#14649,#14650,#14651,#14652,
    #14653,#14654,#14655,#14656,#14657,#14658),.UNSPECIFIED.,.F.,.F.,(3,
    1,1,1,1,1,1,1,3),(0.,1.,2.,3.969230769231,5.938461538462,
    7.914367666232,9.890273794003,10.893663624511,11.89705345502),
  .UNSPECIFIED.);
#14649 = CARTESIAN_POINT('',(-33.21455078125,-1.435546875E-02,9.375));
#14650 = CARTESIAN_POINT('',(-33.0197265625,-0.22353515625,9.375));
#14651 = CARTESIAN_POINT('',(-32.826953125,-0.697265625,9.375));
#14652 = CARTESIAN_POINT('',(-32.826953125,-1.4888671875,9.375));
#14653 = CARTESIAN_POINT('',(-33.46884765625,-2.0466796875,9.375));
#14654 = CARTESIAN_POINT('',(-34.680859375,-2.0466796875,9.375));
#14655 = CARTESIAN_POINT('',(-35.32275390625,-1.4888671875,9.375));
#14656 = CARTESIAN_POINT('',(-35.32275390625,-0.697265625,9.375));
#14657 = CARTESIAN_POINT('',(-35.12998046875,-0.22353515625,9.375));
#14658 = CARTESIAN_POINT('',(-34.93515625,-1.435546875E-02,9.375));
#14659 = VECTOR('',#14660,1.);
#14660 = DIRECTION('',(0.,0.,1.));
#14661 = DEFINITIONAL_REPRESENTATION('',(#14662),#14666);
#14662 = LINE('',#14663,#14664);
#14663 = CARTESIAN_POINT('',(0.,0.));
#14664 = VECTOR('',#14665,1.);
#14665 = DIRECTION('',(1.,0.));
#14666 = ( GEOMETRIC_REPRESENTATION_CONTEXT(2) 
PARAMETRIC_REPRESENTATION_CONTEXT() REPRESENTATION_CONTEXT('2D SPACE',''
  ) );
#14667 = ORIENTED_EDGE('',*,*,#14668,.T.);
#14668 = EDGE_CURVE('',#14618,#14539,#14669,.T.);
#14669 = SURFACE_CURVE('',#14670,(#14674,#14681),.PCURVE_S1.);
#14670 = LINE('',#14671,#14672);
#14671 = CARTESIAN_POINT('',(-33.21455078125,-1.435546875E-02,9.375));
#14672 = VECTOR('',#14673,1.);
#14673 = DIRECTION('',(1.,-1.110223024625E-16,0.));
#14674 = PCURVE('',#13430,#14675);
#14675 = DEFINITIONAL_REPRESENTATION('',(#14676),#14680);
#14676 = LINE('',#14677,#14678);
#14677 = CARTESIAN_POINT('',(-33.21455078125,-1.435546875E-02));
#14678 = VECTOR('',#14679,1.);
#14679 = DIRECTION('',(1.,-1.110223024625E-16));
#14680 = ( GEOMETRIC_REPRESENTATION_CONTEXT(2) 
PARAMETRIC_REPRESENTATION_CONTEXT() REPRESENTATION_CONTEXT('2D SPACE',''
  ) );
#14681 = PCURVE('',#14682,#14687);
#14682 = PLANE('',#14683);
#14683 = AXIS2_PLACEMENT_3D('',#14684,#14685,#14686);
#14684 = CARTESIAN_POINT('',(-33.21455078125,-1.435546875E-02,9.375));
#14685 = DIRECTION('',(-1.110223024625E-16,-1.,0.));
#14686 = DIRECTION('',(1.,-1.110223024625E-16,0.));
#14687 = DEFINITIONAL_REPRESENTATION('',(#14688),#14692);
#14688 = LINE('',#14689,#14690);
#14689 = CARTESIAN_POINT('',(0.,0.));
#14690 = VECTOR('',#14691,1.);
#14691 = DIRECTION('',(1.,0.));
#14692 = ( GEOMETRIC_REPRESENTATION_CONTEXT(2) 
PARAMETRIC_REPRESENTATION_CONTEXT() REPRESENTATION_CONTEXT('2D SPACE',''
  ) );
#14693 = FACE_BOUND('',#14694,.T.);
#14694 = EDGE_LOOP('',(#14695,#14725,#14753,#14781,#14809,#14837,#14865,
    #14893,#14921,#14949,#14977));
#14695 = ORIENTED_EDGE('',*,*,#14696,.T.);
#14696 = EDGE_CURVE('',#14697,#14699,#14701,.T.);
#14697 = VERTEX_POINT('',#14698);
#14698 = CARTESIAN_POINT('',(-32.54599609375,1.03974609375,9.375));
#14699 = VERTEX_POINT('',#14700);
#14700 = CARTESIAN_POINT('',(-32.54599609375,0.62548828125,9.375));
#14701 = SURFACE_CURVE('',#14702,(#14706,#14713),.PCURVE_S1.);
#14702 = LINE('',#14703,#14704);
#14703 = CARTESIAN_POINT('',(-32.54599609375,1.03974609375,9.375));
#14704 = VECTOR('',#14705,1.);
#14705 = DIRECTION('',(-1.110223024625E-16,-1.,0.));
#14706 = PCURVE('',#13430,#14707);
#14707 = DEFINITIONAL_REPRESENTATION('',(#14708),#14712);
#14708 = LINE('',#14709,#14710);
#14709 = CARTESIAN_POINT('',(-32.54599609375,1.03974609375));
#14710 = VECTOR('',#14711,1.);
#14711 = DIRECTION('',(-1.110223024625E-16,-1.));
#14712 = ( GEOMETRIC_REPRESENTATION_CONTEXT(2) 
PARAMETRIC_REPRESENTATION_CONTEXT() REPRESENTATION_CONTEXT('2D SPACE',''
  ) );
#14713 = PCURVE('',#14714,#14719);
#14714 = PLANE('',#14715);
#14715 = AXIS2_PLACEMENT_3D('',#14716,#14717,#14718);
#14716 = CARTESIAN_POINT('',(-32.54599609375,1.03974609375,9.375));
#14717 = DIRECTION('',(-1.,1.110223024625E-16,0.));
#14718 = DIRECTION('',(-1.110223024625E-16,-1.,0.));
#14719 = DEFINITIONAL_REPRESENTATION('',(#14720),#14724);
#14720 = LINE('',#14721,#14722);
#14721 = CARTESIAN_POINT('',(0.,0.));
#14722 = VECTOR('',#14723,1.);
#14723 = DIRECTION('',(1.,0.));
#14724 = ( GEOMETRIC_REPRESENTATION_CONTEXT(2) 
PARAMETRIC_REPRESENTATION_CONTEXT() REPRESENTATION_CONTEXT('2D SPACE',''
  ) );
#14725 = ORIENTED_EDGE('',*,*,#14726,.T.);
#14726 = EDGE_CURVE('',#14699,#14727,#14729,.T.);
#14727 = VERTEX_POINT('',#14728);
#14728 = CARTESIAN_POINT('',(-35.6078125,0.62548828125,9.375));
#14729 = SURFACE_CURVE('',#14730,(#14734,#14741),.PCURVE_S1.);
#14730 = LINE('',#14731,#14732);
#14731 = CARTESIAN_POINT('',(-32.54599609375,0.62548828125,9.375));
#14732 = VECTOR('',#14733,1.);
#14733 = DIRECTION('',(-1.,1.110223024625E-16,0.));
#14734 = PCURVE('',#13430,#14735);
#14735 = DEFINITIONAL_REPRESENTATION('',(#14736),#14740);
#14736 = LINE('',#14737,#14738);
#14737 = CARTESIAN_POINT('',(-32.54599609375,0.62548828125));
#14738 = VECTOR('',#14739,1.);
#14739 = DIRECTION('',(-1.,1.110223024625E-16));
#14740 = ( GEOMETRIC_REPRESENTATION_CONTEXT(2) 
PARAMETRIC_REPRESENTATION_CONTEXT() REPRESENTATION_CONTEXT('2D SPACE',''
  ) );
#14741 = PCURVE('',#14742,#14747);
#14742 = PLANE('',#14743);
#14743 = AXIS2_PLACEMENT_3D('',#14744,#14745,#14746);
#14744 = CARTESIAN_POINT('',(-32.54599609375,0.62548828125,9.375));
#14745 = DIRECTION('',(1.110223024625E-16,1.,-0.));
#14746 = DIRECTION('',(-1.,1.110223024625E-16,0.));
#14747 = DEFINITIONAL_REPRESENTATION('',(#14748),#14752);
#14748 = LINE('',#14749,#14750);
#14749 = CARTESIAN_POINT('',(0.,0.));
#14750 = VECTOR('',#14751,1.);
#14751 = DIRECTION('',(1.,0.));
#14752 = ( GEOMETRIC_REPRESENTATION_CONTEXT(2) 
PARAMETRIC_REPRESENTATION_CONTEXT() REPRESENTATION_CONTEXT('2D SPACE',''
  ) );
#14753 = ORIENTED_EDGE('',*,*,#14754,.T.);
#14754 = EDGE_CURVE('',#14727,#14755,#14757,.T.);
#14755 = VERTEX_POINT('',#14756);
#14756 = CARTESIAN_POINT('',(-35.6078125,1.03974609375,9.375));
#14757 = SURFACE_CURVE('',#14758,(#14762,#14769),.PCURVE_S1.);
#14758 = LINE('',#14759,#14760);
#14759 = CARTESIAN_POINT('',(-35.6078125,0.62548828125,9.375));
#14760 = VECTOR('',#14761,1.);
#14761 = DIRECTION('',(1.110223024625E-16,1.,0.));
#14762 = PCURVE('',#13430,#14763);
#14763 = DEFINITIONAL_REPRESENTATION('',(#14764),#14768);
#14764 = LINE('',#14765,#14766);
#14765 = CARTESIAN_POINT('',(-35.6078125,0.62548828125));
#14766 = VECTOR('',#14767,1.);
#14767 = DIRECTION('',(1.110223024625E-16,1.));
#14768 = ( GEOMETRIC_REPRESENTATION_CONTEXT(2) 
PARAMETRIC_REPRESENTATION_CONTEXT() REPRESENTATION_CONTEXT('2D SPACE',''
  ) );
#14769 = PCURVE('',#14770,#14775);
#14770 = PLANE('',#14771);
#14771 = AXIS2_PLACEMENT_3D('',#14772,#14773,#14774);
#14772 = CARTESIAN_POINT('',(-35.6078125,0.62548828125,9.375));
#14773 = DIRECTION('',(1.,-1.110223024625E-16,0.));
#14774 = DIRECTION('',(1.110223024625E-16,1.,0.));
#14775 = DEFINITIONAL_REPRESENTATION('',(#14776),#14780);
#14776 = LINE('',#14777,#14778);
#14777 = CARTESIAN_POINT('',(0.,0.));
#14778 = VECTOR('',#14779,1.);
#14779 = DIRECTION('',(1.,0.));
#14780 = ( GEOMETRIC_REPRESENTATION_CONTEXT(2) 
PARAMETRIC_REPRESENTATION_CONTEXT() REPRESENTATION_CONTEXT('2D SPACE',''
  ) );
#14781 = ORIENTED_EDGE('',*,*,#14782,.T.);
#14782 = EDGE_CURVE('',#14755,#14783,#14785,.T.);
#14783 = VERTEX_POINT('',#14784);
#14784 = CARTESIAN_POINT('',(-34.31376953125,1.03974609375,9.375));
#14785 = SURFACE_CURVE('',#14786,(#14790,#14797),.PCURVE_S1.);
#14786 = LINE('',#14787,#14788);
#14787 = CARTESIAN_POINT('',(-35.6078125,1.03974609375,9.375));
#14788 = VECTOR('',#14789,1.);
#14789 = DIRECTION('',(1.,-1.110223024625E-16,0.));
#14790 = PCURVE('',#13430,#14791);
#14791 = DEFINITIONAL_REPRESENTATION('',(#14792),#14796);
#14792 = LINE('',#14793,#14794);
#14793 = CARTESIAN_POINT('',(-35.6078125,1.03974609375));
#14794 = VECTOR('',#14795,1.);
#14795 = DIRECTION('',(1.,-1.110223024625E-16));
#14796 = ( GEOMETRIC_REPRESENTATION_CONTEXT(2) 
PARAMETRIC_REPRESENTATION_CONTEXT() REPRESENTATION_CONTEXT('2D SPACE',''
  ) );
#14797 = PCURVE('',#14798,#14803);
#14798 = PLANE('',#14799);
#14799 = AXIS2_PLACEMENT_3D('',#14800,#14801,#14802);
#14800 = CARTESIAN_POINT('',(-35.6078125,1.03974609375,9.375));
#14801 = DIRECTION('',(-1.110223024625E-16,-1.,0.));
#14802 = DIRECTION('',(1.,-1.110223024625E-16,0.));
#14803 = DEFINITIONAL_REPRESENTATION('',(#14804),#14808);
#14804 = LINE('',#14805,#14806);
#14805 = CARTESIAN_POINT('',(0.,0.));
#14806 = VECTOR('',#14807,1.);
#14807 = DIRECTION('',(1.,0.));
#14808 = ( GEOMETRIC_REPRESENTATION_CONTEXT(2) 
PARAMETRIC_REPRESENTATION_CONTEXT() REPRESENTATION_CONTEXT('2D SPACE',''
  ) );
#14809 = ORIENTED_EDGE('',*,*,#14810,.T.);
#14810 = EDGE_CURVE('',#14783,#14811,#14813,.T.);
#14811 = VERTEX_POINT('',#14812);
#14812 = CARTESIAN_POINT('',(-35.6078125,2.41376953125,9.375));
#14813 = SURFACE_CURVE('',#14814,(#14818,#14825),.PCURVE_S1.);
#14814 = LINE('',#14815,#14816);
#14815 = CARTESIAN_POINT('',(-34.31376953125,1.03974609375,9.375));
#14816 = VECTOR('',#14817,1.);
#14817 = DIRECTION('',(-0.685601905473,0.727976666667,0.));
#14818 = PCURVE('',#13430,#14819);
#14819 = DEFINITIONAL_REPRESENTATION('',(#14820),#14824);
#14820 = LINE('',#14821,#14822);
#14821 = CARTESIAN_POINT('',(-34.31376953125,1.03974609375));
#14822 = VECTOR('',#14823,1.);
#14823 = DIRECTION('',(-0.685601905473,0.727976666667));
#14824 = ( GEOMETRIC_REPRESENTATION_CONTEXT(2) 
PARAMETRIC_REPRESENTATION_CONTEXT() REPRESENTATION_CONTEXT('2D SPACE',''
  ) );
#14825 = PCURVE('',#14826,#14831);
#14826 = PLANE('',#14827);
#14827 = AXIS2_PLACEMENT_3D('',#14828,#14829,#14830);
#14828 = CARTESIAN_POINT('',(-34.31376953125,1.03974609375,9.375));
#14829 = DIRECTION('',(0.727976666667,0.685601905473,-0.));
#14830 = DIRECTION('',(-0.685601905473,0.727976666667,0.));
#14831 = DEFINITIONAL_REPRESENTATION('',(#14832),#14836);
#14832 = LINE('',#14833,#14834);
#14833 = CARTESIAN_POINT('',(0.,0.));
#14834 = VECTOR('',#14835,1.);
#14835 = DIRECTION('',(1.,0.));
#14836 = ( GEOMETRIC_REPRESENTATION_CONTEXT(2) 
PARAMETRIC_REPRESENTATION_CONTEXT() REPRESENTATION_CONTEXT('2D SPACE',''
  ) );
#14837 = ORIENTED_EDGE('',*,*,#14838,.T.);
#14838 = EDGE_CURVE('',#14811,#14839,#14841,.T.);
#14839 = VERTEX_POINT('',#14840);
#14840 = CARTESIAN_POINT('',(-35.6078125,2.94697265625,9.375));
#14841 = SURFACE_CURVE('',#14842,(#14846,#14853),.PCURVE_S1.);
#14842 = LINE('',#14843,#14844);
#14843 = CARTESIAN_POINT('',(-35.6078125,2.41376953125,9.375));
#14844 = VECTOR('',#14845,1.);
#14845 = DIRECTION('',(1.110223024625E-16,1.,0.));
#14846 = PCURVE('',#13430,#14847);
#14847 = DEFINITIONAL_REPRESENTATION('',(#14848),#14852);
#14848 = LINE('',#14849,#14850);
#14849 = CARTESIAN_POINT('',(-35.6078125,2.41376953125));
#14850 = VECTOR('',#14851,1.);
#14851 = DIRECTION('',(1.110223024625E-16,1.));
#14852 = ( GEOMETRIC_REPRESENTATION_CONTEXT(2) 
PARAMETRIC_REPRESENTATION_CONTEXT() REPRESENTATION_CONTEXT('2D SPACE',''
  ) );
#14853 = PCURVE('',#14854,#14859);
#14854 = PLANE('',#14855);
#14855 = AXIS2_PLACEMENT_3D('',#14856,#14857,#14858);
#14856 = CARTESIAN_POINT('',(-35.6078125,2.41376953125,9.375));
#14857 = DIRECTION('',(1.,-1.110223024625E-16,0.));
#14858 = DIRECTION('',(1.110223024625E-16,1.,0.));
#14859 = DEFINITIONAL_REPRESENTATION('',(#14860),#14864);
#14860 = LINE('',#14861,#14862);
#14861 = CARTESIAN_POINT('',(0.,0.));
#14862 = VECTOR('',#14863,1.);
#14863 = DIRECTION('',(1.,0.));
#14864 = ( GEOMETRIC_REPRESENTATION_CONTEXT(2) 
PARAMETRIC_REPRESENTATION_CONTEXT() REPRESENTATION_CONTEXT('2D SPACE',''
  ) );
#14865 = ORIENTED_EDGE('',*,*,#14866,.T.);
#14866 = EDGE_CURVE('',#14839,#14867,#14869,.T.);
#14867 = VERTEX_POINT('',#14868);
#14868 = CARTESIAN_POINT('',(-34.18046875,1.42734375,9.375));
#14869 = SURFACE_CURVE('',#14870,(#14874,#14881),.PCURVE_S1.);
#14870 = LINE('',#14871,#14872);
#14871 = CARTESIAN_POINT('',(-35.6078125,2.94697265625,9.375));
#14872 = VECTOR('',#14873,1.);
#14873 = DIRECTION('',(0.684627956588,-0.72889269516,0.));
#14874 = PCURVE('',#13430,#14875);
#14875 = DEFINITIONAL_REPRESENTATION('',(#14876),#14880);
#14876 = LINE('',#14877,#14878);
#14877 = CARTESIAN_POINT('',(-35.6078125,2.94697265625));
#14878 = VECTOR('',#14879,1.);
#14879 = DIRECTION('',(0.684627956588,-0.72889269516));
#14880 = ( GEOMETRIC_REPRESENTATION_CONTEXT(2) 
PARAMETRIC_REPRESENTATION_CONTEXT() REPRESENTATION_CONTEXT('2D SPACE',''
  ) );
#14881 = PCURVE('',#14882,#14887);
#14882 = PLANE('',#14883);
#14883 = AXIS2_PLACEMENT_3D('',#14884,#14885,#14886);
#14884 = CARTESIAN_POINT('',(-35.6078125,2.94697265625,9.375));
#14885 = DIRECTION('',(-0.72889269516,-0.684627956588,0.));
#14886 = DIRECTION('',(0.684627956588,-0.72889269516,0.));
#14887 = DEFINITIONAL_REPRESENTATION('',(#14888),#14892);
#14888 = LINE('',#14889,#14890);
#14889 = CARTESIAN_POINT('',(0.,0.));
#14890 = VECTOR('',#14891,1.);
#14891 = DIRECTION('',(1.,0.));
#14892 = ( GEOMETRIC_REPRESENTATION_CONTEXT(2) 
PARAMETRIC_REPRESENTATION_CONTEXT() REPRESENTATION_CONTEXT('2D SPACE',''
  ) );
#14893 = ORIENTED_EDGE('',*,*,#14894,.T.);
#14894 = EDGE_CURVE('',#14867,#14895,#14897,.T.);
#14895 = VERTEX_POINT('',#14896);
#14896 = CARTESIAN_POINT('',(-32.54599609375,3.0556640625,9.375));
#14897 = SURFACE_CURVE('',#14898,(#14902,#14909),.PCURVE_S1.);
#14898 = LINE('',#14899,#14900);
#14899 = CARTESIAN_POINT('',(-34.18046875,1.42734375,9.375));
#14900 = VECTOR('',#14901,1.);
#14901 = DIRECTION('',(0.708438846925,0.705772201328,0.));
#14902 = PCURVE('',#13430,#14903);
#14903 = DEFINITIONAL_REPRESENTATION('',(#14904),#14908);
#14904 = LINE('',#14905,#14906);
#14905 = CARTESIAN_POINT('',(-34.18046875,1.42734375));
#14906 = VECTOR('',#14907,1.);
#14907 = DIRECTION('',(0.708438846925,0.705772201328));
#14908 = ( GEOMETRIC_REPRESENTATION_CONTEXT(2) 
PARAMETRIC_REPRESENTATION_CONTEXT() REPRESENTATION_CONTEXT('2D SPACE',''
  ) );
#14909 = PCURVE('',#14910,#14915);
#14910 = PLANE('',#14911);
#14911 = AXIS2_PLACEMENT_3D('',#14912,#14913,#14914);
#14912 = CARTESIAN_POINT('',(-34.18046875,1.42734375,9.375));
#14913 = DIRECTION('',(0.705772201328,-0.708438846925,0.));
#14914 = DIRECTION('',(0.708438846925,0.705772201328,0.));
#14915 = DEFINITIONAL_REPRESENTATION('',(#14916),#14920);
#14916 = LINE('',#14917,#14918);
#14917 = CARTESIAN_POINT('',(0.,0.));
#14918 = VECTOR('',#14919,1.);
#14919 = DIRECTION('',(1.,0.));
#14920 = ( GEOMETRIC_REPRESENTATION_CONTEXT(2) 
PARAMETRIC_REPRESENTATION_CONTEXT() REPRESENTATION_CONTEXT('2D SPACE',''
  ) );
#14921 = ORIENTED_EDGE('',*,*,#14922,.T.);
#14922 = EDGE_CURVE('',#14895,#14923,#14925,.T.);
#14923 = VERTEX_POINT('',#14924);
#14924 = CARTESIAN_POINT('',(-32.54599609375,2.51015625,9.375));
#14925 = SURFACE_CURVE('',#14926,(#14930,#14937),.PCURVE_S1.);
#14926 = LINE('',#14927,#14928);
#14927 = CARTESIAN_POINT('',(-32.54599609375,3.0556640625,9.375));
#14928 = VECTOR('',#14929,1.);
#14929 = DIRECTION('',(-1.110223024625E-16,-1.,0.));
#14930 = PCURVE('',#13430,#14931);
#14931 = DEFINITIONAL_REPRESENTATION('',(#14932),#14936);
#14932 = LINE('',#14933,#14934);
#14933 = CARTESIAN_POINT('',(-32.54599609375,3.0556640625));
#14934 = VECTOR('',#14935,1.);
#14935 = DIRECTION('',(-1.110223024625E-16,-1.));
#14936 = ( GEOMETRIC_REPRESENTATION_CONTEXT(2) 
PARAMETRIC_REPRESENTATION_CONTEXT() REPRESENTATION_CONTEXT('2D SPACE',''
  ) );
#14937 = PCURVE('',#14938,#14943);
#14938 = PLANE('',#14939);
#14939 = AXIS2_PLACEMENT_3D('',#14940,#14941,#14942);
#14940 = CARTESIAN_POINT('',(-32.54599609375,3.0556640625,9.375));
#14941 = DIRECTION('',(-1.,1.110223024625E-16,0.));
#14942 = DIRECTION('',(-1.110223024625E-16,-1.,0.));
#14943 = DEFINITIONAL_REPRESENTATION('',(#14944),#14948);
#14944 = LINE('',#14945,#14946);
#14945 = CARTESIAN_POINT('',(0.,0.));
#14946 = VECTOR('',#14947,1.);
#14947 = DIRECTION('',(1.,0.));
#14948 = ( GEOMETRIC_REPRESENTATION_CONTEXT(2) 
PARAMETRIC_REPRESENTATION_CONTEXT() REPRESENTATION_CONTEXT('2D SPACE',''
  ) );
#14949 = ORIENTED_EDGE('',*,*,#14950,.T.);
#14950 = EDGE_CURVE('',#14923,#14951,#14953,.T.);
#14951 = VERTEX_POINT('',#14952);
#14952 = CARTESIAN_POINT('',(-34.0205078125,1.03974609375,9.375));
#14953 = SURFACE_CURVE('',#14954,(#14958,#14965),.PCURVE_S1.);
#14954 = LINE('',#14955,#14956);
#14955 = CARTESIAN_POINT('',(-32.54599609375,2.51015625,9.375));
#14956 = VECTOR('',#14957,1.);
#14957 = DIRECTION('',(-0.708090922805,-0.706121267943,0.));
#14958 = PCURVE('',#13430,#14959);
#14959 = DEFINITIONAL_REPRESENTATION('',(#14960),#14964);
#14960 = LINE('',#14961,#14962);
#14961 = CARTESIAN_POINT('',(-32.54599609375,2.51015625));
#14962 = VECTOR('',#14963,1.);
#14963 = DIRECTION('',(-0.708090922805,-0.706121267943));
#14964 = ( GEOMETRIC_REPRESENTATION_CONTEXT(2) 
PARAMETRIC_REPRESENTATION_CONTEXT() REPRESENTATION_CONTEXT('2D SPACE',''
  ) );
#14965 = PCURVE('',#14966,#14971);
#14966 = PLANE('',#14967);
#14967 = AXIS2_PLACEMENT_3D('',#14968,#14969,#14970);
#14968 = CARTESIAN_POINT('',(-32.54599609375,2.51015625,9.375));
#14969 = DIRECTION('',(-0.706121267943,0.708090922805,0.));
#14970 = DIRECTION('',(-0.708090922805,-0.706121267943,0.));
#14971 = DEFINITIONAL_REPRESENTATION('',(#14972),#14976);
#14972 = LINE('',#14973,#14974);
#14973 = CARTESIAN_POINT('',(0.,0.));
#14974 = VECTOR('',#14975,1.);
#14975 = DIRECTION('',(1.,0.));
#14976 = ( GEOMETRIC_REPRESENTATION_CONTEXT(2) 
PARAMETRIC_REPRESENTATION_CONTEXT() REPRESENTATION_CONTEXT('2D SPACE',''
  ) );
#14977 = ORIENTED_EDGE('',*,*,#14978,.T.);
#14978 = EDGE_CURVE('',#14951,#14697,#14979,.T.);
#14979 = SURFACE_CURVE('',#14980,(#14984,#14991),.PCURVE_S1.);
#14980 = LINE('',#14981,#14982);
#14981 = CARTESIAN_POINT('',(-34.0205078125,1.03974609375,9.375));
#14982 = VECTOR('',#14983,1.);
#14983 = DIRECTION('',(1.,-1.110223024625E-16,0.));
#14984 = PCURVE('',#13430,#14985);
#14985 = DEFINITIONAL_REPRESENTATION('',(#14986),#14990);
#14986 = LINE('',#14987,#14988);
#14987 = CARTESIAN_POINT('',(-34.0205078125,1.03974609375));
#14988 = VECTOR('',#14989,1.);
#14989 = DIRECTION('',(1.,-1.110223024625E-16));
#14990 = ( GEOMETRIC_REPRESENTATION_CONTEXT(2) 
PARAMETRIC_REPRESENTATION_CONTEXT() REPRESENTATION_CONTEXT('2D SPACE',''
  ) );
#14991 = PCURVE('',#14992,#14997);
#14992 = PLANE('',#14993);
#14993 = AXIS2_PLACEMENT_3D('',#14994,#14995,#14996);
#14994 = CARTESIAN_POINT('',(-34.0205078125,1.03974609375,9.375));
#14995 = DIRECTION('',(-1.110223024625E-16,-1.,0.));
#14996 = DIRECTION('',(1.,-1.110223024625E-16,0.));
#14997 = DEFINITIONAL_REPRESENTATION('',(#14998),#15002);
#14998 = LINE('',#14999,#15000);
#14999 = CARTESIAN_POINT('',(0.,0.));
#15000 = VECTOR('',#15001,1.);
#15001 = DIRECTION('',(1.,0.));
#15002 = ( GEOMETRIC_REPRESENTATION_CONTEXT(2) 
PARAMETRIC_REPRESENTATION_CONTEXT() REPRESENTATION_CONTEXT('2D SPACE',''
  ) );
#15003 = FACE_BOUND('',#15004,.T.);
#15004 = EDGE_LOOP('',(#15005,#15035,#15063,#15091,#15130,#15158));
#15005 = ORIENTED_EDGE('',*,*,#15006,.T.);
#15006 = EDGE_CURVE('',#15007,#15009,#15011,.T.);
#15007 = VERTEX_POINT('',#15008);
#15008 = CARTESIAN_POINT('',(-32.54599609375,7.94267578125,9.375));
#15009 = VERTEX_POINT('',#15010);
#15010 = CARTESIAN_POINT('',(-32.54599609375,7.52841796875,9.375));
#15011 = SURFACE_CURVE('',#15012,(#15016,#15023),.PCURVE_S1.);
#15012 = LINE('',#15013,#15014);
#15013 = CARTESIAN_POINT('',(-32.54599609375,7.94267578125,9.375));
#15014 = VECTOR('',#15015,1.);
#15015 = DIRECTION('',(-1.110223024625E-16,-1.,0.));
#15016 = PCURVE('',#13430,#15017);
#15017 = DEFINITIONAL_REPRESENTATION('',(#15018),#15022);
#15018 = LINE('',#15019,#15020);
#15019 = CARTESIAN_POINT('',(-32.54599609375,7.94267578125));
#15020 = VECTOR('',#15021,1.);
#15021 = DIRECTION('',(-1.110223024625E-16,-1.));
#15022 = ( GEOMETRIC_REPRESENTATION_CONTEXT(2) 
PARAMETRIC_REPRESENTATION_CONTEXT() REPRESENTATION_CONTEXT('2D SPACE',''
  ) );
#15023 = PCURVE('',#15024,#15029);
#15024 = PLANE('',#15025);
#15025 = AXIS2_PLACEMENT_3D('',#15026,#15027,#15028);
#15026 = CARTESIAN_POINT('',(-32.54599609375,7.94267578125,9.375));
#15027 = DIRECTION('',(-1.,1.110223024625E-16,0.));
#15028 = DIRECTION('',(-1.110223024625E-16,-1.,0.));
#15029 = DEFINITIONAL_REPRESENTATION('',(#15030),#15034);
#15030 = LINE('',#15031,#15032);
#15031 = CARTESIAN_POINT('',(0.,0.));
#15032 = VECTOR('',#15033,1.);
#15033 = DIRECTION('',(1.,0.));
#15034 = ( GEOMETRIC_REPRESENTATION_CONTEXT(2) 
PARAMETRIC_REPRESENTATION_CONTEXT() REPRESENTATION_CONTEXT('2D SPACE',''
  ) );
#15035 = ORIENTED_EDGE('',*,*,#15036,.T.);
#15036 = EDGE_CURVE('',#15009,#15037,#15039,.T.);
#15037 = VERTEX_POINT('',#15038);
#15038 = CARTESIAN_POINT('',(-35.6078125,7.52841796875,9.375));
#15039 = SURFACE_CURVE('',#15040,(#15044,#15051),.PCURVE_S1.);
#15040 = LINE('',#15041,#15042);
#15041 = CARTESIAN_POINT('',(-32.54599609375,7.52841796875,9.375));
#15042 = VECTOR('',#15043,1.);
#15043 = DIRECTION('',(-1.,1.110223024625E-16,0.));
#15044 = PCURVE('',#13430,#15045);
#15045 = DEFINITIONAL_REPRESENTATION('',(#15046),#15050);
#15046 = LINE('',#15047,#15048);
#15047 = CARTESIAN_POINT('',(-32.54599609375,7.52841796875));
#15048 = VECTOR('',#15049,1.);
#15049 = DIRECTION('',(-1.,1.110223024625E-16));
#15050 = ( GEOMETRIC_REPRESENTATION_CONTEXT(2) 
PARAMETRIC_REPRESENTATION_CONTEXT() REPRESENTATION_CONTEXT('2D SPACE',''
  ) );
#15051 = PCURVE('',#15052,#15057);
#15052 = PLANE('',#15053);
#15053 = AXIS2_PLACEMENT_3D('',#15054,#15055,#15056);
#15054 = CARTESIAN_POINT('',(-32.54599609375,7.52841796875,9.375));
#15055 = DIRECTION('',(1.110223024625E-16,1.,-0.));
#15056 = DIRECTION('',(-1.,1.110223024625E-16,0.));
#15057 = DEFINITIONAL_REPRESENTATION('',(#15058),#15062);
#15058 = LINE('',#15059,#15060);
#15059 = CARTESIAN_POINT('',(0.,0.));
#15060 = VECTOR('',#15061,1.);
#15061 = DIRECTION('',(1.,0.));
#15062 = ( GEOMETRIC_REPRESENTATION_CONTEXT(2) 
PARAMETRIC_REPRESENTATION_CONTEXT() REPRESENTATION_CONTEXT('2D SPACE',''
  ) );
#15063 = ORIENTED_EDGE('',*,*,#15064,.T.);
#15064 = EDGE_CURVE('',#15037,#15065,#15067,.T.);
#15065 = VERTEX_POINT('',#15066);
#15066 = CARTESIAN_POINT('',(-35.6078125,8.46357421875,9.375));
#15067 = SURFACE_CURVE('',#15068,(#15072,#15079),.PCURVE_S1.);
#15068 = LINE('',#15069,#15070);
#15069 = CARTESIAN_POINT('',(-35.6078125,7.52841796875,9.375));
#15070 = VECTOR('',#15071,1.);
#15071 = DIRECTION('',(1.110223024625E-16,1.,0.));
#15072 = PCURVE('',#13430,#15073);
#15073 = DEFINITIONAL_REPRESENTATION('',(#15074),#15078);
#15074 = LINE('',#15075,#15076);
#15075 = CARTESIAN_POINT('',(-35.6078125,7.52841796875));
#15076 = VECTOR('',#15077,1.);
#15077 = DIRECTION('',(1.110223024625E-16,1.));
#15078 = ( GEOMETRIC_REPRESENTATION_CONTEXT(2) 
PARAMETRIC_REPRESENTATION_CONTEXT() REPRESENTATION_CONTEXT('2D SPACE',''
  ) );
#15079 = PCURVE('',#15080,#15085);
#15080 = PLANE('',#15081);
#15081 = AXIS2_PLACEMENT_3D('',#15082,#15083,#15084);
#15082 = CARTESIAN_POINT('',(-35.6078125,7.52841796875,9.375));
#15083 = DIRECTION('',(1.,-1.110223024625E-16,0.));
#15084 = DIRECTION('',(1.110223024625E-16,1.,0.));
#15085 = DEFINITIONAL_REPRESENTATION('',(#15086),#15090);
#15086 = LINE('',#15087,#15088);
#15087 = CARTESIAN_POINT('',(0.,0.));
#15088 = VECTOR('',#15089,1.);
#15089 = DIRECTION('',(1.,0.));
#15090 = ( GEOMETRIC_REPRESENTATION_CONTEXT(2) 
PARAMETRIC_REPRESENTATION_CONTEXT() REPRESENTATION_CONTEXT('2D SPACE',''
  ) );
#15091 = ORIENTED_EDGE('',*,*,#15092,.F.);
#15092 = EDGE_CURVE('',#15093,#15065,#15095,.T.);
#15093 = VERTEX_POINT('',#15094);
#15094 = CARTESIAN_POINT('',(-33.77646484375,8.46357421875,9.375));
#15095 = SURFACE_CURVE('',#15096,(#15103,#15113),.PCURVE_S1.);
#15096 = B_SPLINE_CURVE_WITH_KNOTS('',2,(#15097,#15098,#15099,#15100,
    #15101,#15102),.UNSPECIFIED.,.F.,.F.,(3,1,1,1,3),(0.,1.,2.,
    2.990950226244,3.981900452489),.UNSPECIFIED.);
#15097 = CARTESIAN_POINT('',(-33.77646484375,8.46357421875,9.375));
#15098 = CARTESIAN_POINT('',(-33.77646484375,8.9783203125,9.375));
#15099 = CARTESIAN_POINT('',(-34.23994140625,9.50537109375,9.375));
#15100 = CARTESIAN_POINT('',(-35.14228515625,9.50537109375,9.375));
#15101 = CARTESIAN_POINT('',(-35.6078125,8.9783203125,9.375));
#15102 = CARTESIAN_POINT('',(-35.6078125,8.46357421875,9.375));
#15103 = PCURVE('',#13430,#15104);
#15104 = DEFINITIONAL_REPRESENTATION('',(#15105),#15112);
#15105 = B_SPLINE_CURVE_WITH_KNOTS('',2,(#15106,#15107,#15108,#15109,
    #15110,#15111),.UNSPECIFIED.,.F.,.F.,(3,1,1,1,3),(0.,1.,2.,
    2.990950226244,3.981900452489),.UNSPECIFIED.);
#15106 = CARTESIAN_POINT('',(-33.77646484375,8.46357421875));
#15107 = CARTESIAN_POINT('',(-33.77646484375,8.9783203125));
#15108 = CARTESIAN_POINT('',(-34.23994140625,9.50537109375));
#15109 = CARTESIAN_POINT('',(-35.14228515625,9.50537109375));
#15110 = CARTESIAN_POINT('',(-35.6078125,8.9783203125));
#15111 = CARTESIAN_POINT('',(-35.6078125,8.46357421875));
#15112 = ( GEOMETRIC_REPRESENTATION_CONTEXT(2) 
PARAMETRIC_REPRESENTATION_CONTEXT() REPRESENTATION_CONTEXT('2D SPACE',''
  ) );
#15113 = PCURVE('',#15114,#15124);
#15114 = SURFACE_OF_LINEAR_EXTRUSION('',#15115,#15122);
#15115 = B_SPLINE_CURVE_WITH_KNOTS('',2,(#15116,#15117,#15118,#15119,
    #15120,#15121),.UNSPECIFIED.,.F.,.F.,(3,1,1,1,3),(0.,1.,2.,
    2.990950226244,3.981900452489),.UNSPECIFIED.);
#15116 = CARTESIAN_POINT('',(-33.77646484375,8.46357421875,9.375));
#15117 = CARTESIAN_POINT('',(-33.77646484375,8.9783203125,9.375));
#15118 = CARTESIAN_POINT('',(-34.23994140625,9.50537109375,9.375));
#15119 = CARTESIAN_POINT('',(-35.14228515625,9.50537109375,9.375));
#15120 = CARTESIAN_POINT('',(-35.6078125,8.9783203125,9.375));
#15121 = CARTESIAN_POINT('',(-35.6078125,8.46357421875,9.375));
#15122 = VECTOR('',#15123,1.);
#15123 = DIRECTION('',(0.,0.,1.));
#15124 = DEFINITIONAL_REPRESENTATION('',(#15125),#15129);
#15125 = LINE('',#15126,#15127);
#15126 = CARTESIAN_POINT('',(0.,0.));
#15127 = VECTOR('',#15128,1.);
#15128 = DIRECTION('',(1.,0.));
#15129 = ( GEOMETRIC_REPRESENTATION_CONTEXT(2) 
PARAMETRIC_REPRESENTATION_CONTEXT() REPRESENTATION_CONTEXT('2D SPACE',''
  ) );
#15130 = ORIENTED_EDGE('',*,*,#15131,.T.);
#15131 = EDGE_CURVE('',#15093,#15132,#15134,.T.);
#15132 = VERTEX_POINT('',#15133);
#15133 = CARTESIAN_POINT('',(-33.77646484375,7.94267578125,9.375));
#15134 = SURFACE_CURVE('',#15135,(#15139,#15146),.PCURVE_S1.);
#15135 = LINE('',#15136,#15137);
#15136 = CARTESIAN_POINT('',(-33.77646484375,8.46357421875,9.375));
#15137 = VECTOR('',#15138,1.);
#15138 = DIRECTION('',(-1.110223024625E-16,-1.,0.));
#15139 = PCURVE('',#13430,#15140);
#15140 = DEFINITIONAL_REPRESENTATION('',(#15141),#15145);
#15141 = LINE('',#15142,#15143);
#15142 = CARTESIAN_POINT('',(-33.77646484375,8.46357421875));
#15143 = VECTOR('',#15144,1.);
#15144 = DIRECTION('',(-1.110223024625E-16,-1.));
#15145 = ( GEOMETRIC_REPRESENTATION_CONTEXT(2) 
PARAMETRIC_REPRESENTATION_CONTEXT() REPRESENTATION_CONTEXT('2D SPACE',''
  ) );
#15146 = PCURVE('',#15147,#15152);
#15147 = PLANE('',#15148);
#15148 = AXIS2_PLACEMENT_3D('',#15149,#15150,#15151);
#15149 = CARTESIAN_POINT('',(-33.77646484375,8.46357421875,9.375));
#15150 = DIRECTION('',(-1.,1.110223024625E-16,0.));
#15151 = DIRECTION('',(-1.110223024625E-16,-1.,0.));
#15152 = DEFINITIONAL_REPRESENTATION('',(#15153),#15157);
#15153 = LINE('',#15154,#15155);
#15154 = CARTESIAN_POINT('',(0.,0.));
#15155 = VECTOR('',#15156,1.);
#15156 = DIRECTION('',(1.,0.));
#15157 = ( GEOMETRIC_REPRESENTATION_CONTEXT(2) 
PARAMETRIC_REPRESENTATION_CONTEXT() REPRESENTATION_CONTEXT('2D SPACE',''
  ) );
#15158 = ORIENTED_EDGE('',*,*,#15159,.T.);
#15159 = EDGE_CURVE('',#15132,#15007,#15160,.T.);
#15160 = SURFACE_CURVE('',#15161,(#15165,#15172),.PCURVE_S1.);
#15161 = LINE('',#15162,#15163);
#15162 = CARTESIAN_POINT('',(-33.77646484375,7.94267578125,9.375));
#15163 = VECTOR('',#15164,1.);
#15164 = DIRECTION('',(1.,-1.110223024625E-16,0.));
#15165 = PCURVE('',#13430,#15166);
#15166 = DEFINITIONAL_REPRESENTATION('',(#15167),#15171);
#15167 = LINE('',#15168,#15169);
#15168 = CARTESIAN_POINT('',(-33.77646484375,7.94267578125));
#15169 = VECTOR('',#15170,1.);
#15170 = DIRECTION('',(1.,-1.110223024625E-16));
#15171 = ( GEOMETRIC_REPRESENTATION_CONTEXT(2) 
PARAMETRIC_REPRESENTATION_CONTEXT() REPRESENTATION_CONTEXT('2D SPACE',''
  ) );
#15172 = PCURVE('',#15173,#15178);
#15173 = PLANE('',#15174);
#15174 = AXIS2_PLACEMENT_3D('',#15175,#15176,#15177);
#15175 = CARTESIAN_POINT('',(-33.77646484375,7.94267578125,9.375));
#15176 = DIRECTION('',(-1.110223024625E-16,-1.,0.));
#15177 = DIRECTION('',(1.,-1.110223024625E-16,0.));
#15178 = DEFINITIONAL_REPRESENTATION('',(#15179),#15183);
#15179 = LINE('',#15180,#15181);
#15180 = CARTESIAN_POINT('',(0.,0.));
#15181 = VECTOR('',#15182,1.);
#15182 = DIRECTION('',(1.,0.));
#15183 = ( GEOMETRIC_REPRESENTATION_CONTEXT(2) 
PARAMETRIC_REPRESENTATION_CONTEXT() REPRESENTATION_CONTEXT('2D SPACE',''
  ) );
#15184 = FACE_BOUND('',#15185,.T.);
#15185 = EDGE_LOOP('',(#15186,#15216,#15244,#15272));
#15186 = ORIENTED_EDGE('',*,*,#15187,.T.);
#15187 = EDGE_CURVE('',#15188,#15190,#15192,.T.);
#15188 = VERTEX_POINT('',#15189);
#15189 = CARTESIAN_POINT('',(-33.5283203125,3.83701171875,9.375));
#15190 = VERTEX_POINT('',#15191);
#15191 = CARTESIAN_POINT('',(-33.5283203125,2.731640625,9.375));
#15192 = SURFACE_CURVE('',#15193,(#15197,#15204),.PCURVE_S1.);
#15193 = LINE('',#15194,#15195);
#15194 = CARTESIAN_POINT('',(-33.5283203125,3.83701171875,9.375));
#15195 = VECTOR('',#15196,1.);
#15196 = DIRECTION('',(-1.110223024625E-16,-1.,0.));
#15197 = PCURVE('',#13430,#15198);
#15198 = DEFINITIONAL_REPRESENTATION('',(#15199),#15203);
#15199 = LINE('',#15200,#15201);
#15200 = CARTESIAN_POINT('',(-33.5283203125,3.83701171875));
#15201 = VECTOR('',#15202,1.);
#15202 = DIRECTION('',(-1.110223024625E-16,-1.));
#15203 = ( GEOMETRIC_REPRESENTATION_CONTEXT(2) 
PARAMETRIC_REPRESENTATION_CONTEXT() REPRESENTATION_CONTEXT('2D SPACE',''
  ) );
#15204 = PCURVE('',#15205,#15210);
#15205 = PLANE('',#15206);
#15206 = AXIS2_PLACEMENT_3D('',#15207,#15208,#15209);
#15207 = CARTESIAN_POINT('',(-33.5283203125,3.83701171875,9.375));
#15208 = DIRECTION('',(-1.,1.110223024625E-16,0.));
#15209 = DIRECTION('',(-1.110223024625E-16,-1.,0.));
#15210 = DEFINITIONAL_REPRESENTATION('',(#15211),#15215);
#15211 = LINE('',#15212,#15213);
#15212 = CARTESIAN_POINT('',(0.,0.));
#15213 = VECTOR('',#15214,1.);
#15214 = DIRECTION('',(1.,0.));
#15215 = ( GEOMETRIC_REPRESENTATION_CONTEXT(2) 
PARAMETRIC_REPRESENTATION_CONTEXT() REPRESENTATION_CONTEXT('2D SPACE',''
  ) );
#15216 = ORIENTED_EDGE('',*,*,#15217,.T.);
#15217 = EDGE_CURVE('',#15190,#15218,#15220,.T.);
#15218 = VERTEX_POINT('',#15219);
#15219 = CARTESIAN_POINT('',(-33.8646484375,2.731640625,9.375));
#15220 = SURFACE_CURVE('',#15221,(#15225,#15232),.PCURVE_S1.);
#15221 = LINE('',#15222,#15223);
#15222 = CARTESIAN_POINT('',(-33.5283203125,2.731640625,9.375));
#15223 = VECTOR('',#15224,1.);
#15224 = DIRECTION('',(-1.,1.110223024625E-16,0.));
#15225 = PCURVE('',#13430,#15226);
#15226 = DEFINITIONAL_REPRESENTATION('',(#15227),#15231);
#15227 = LINE('',#15228,#15229);
#15228 = CARTESIAN_POINT('',(-33.5283203125,2.731640625));
#15229 = VECTOR('',#15230,1.);
#15230 = DIRECTION('',(-1.,1.110223024625E-16));
#15231 = ( GEOMETRIC_REPRESENTATION_CONTEXT(2) 
PARAMETRIC_REPRESENTATION_CONTEXT() REPRESENTATION_CONTEXT('2D SPACE',''
  ) );
#15232 = PCURVE('',#15233,#15238);
#15233 = PLANE('',#15234);
#15234 = AXIS2_PLACEMENT_3D('',#15235,#15236,#15237);
#15235 = CARTESIAN_POINT('',(-33.5283203125,2.731640625,9.375));
#15236 = DIRECTION('',(1.110223024625E-16,1.,-0.));
#15237 = DIRECTION('',(-1.,1.110223024625E-16,0.));
#15238 = DEFINITIONAL_REPRESENTATION('',(#15239),#15243);
#15239 = LINE('',#15240,#15241);
#15240 = CARTESIAN_POINT('',(0.,0.));
#15241 = VECTOR('',#15242,1.);
#15242 = DIRECTION('',(1.,0.));
#15243 = ( GEOMETRIC_REPRESENTATION_CONTEXT(2) 
PARAMETRIC_REPRESENTATION_CONTEXT() REPRESENTATION_CONTEXT('2D SPACE',''
  ) );
#15244 = ORIENTED_EDGE('',*,*,#15245,.T.);
#15245 = EDGE_CURVE('',#15218,#15246,#15248,.T.);
#15246 = VERTEX_POINT('',#15247);
#15247 = CARTESIAN_POINT('',(-33.8646484375,3.83701171875,9.375));
#15248 = SURFACE_CURVE('',#15249,(#15253,#15260),.PCURVE_S1.);
#15249 = LINE('',#15250,#15251);
#15250 = CARTESIAN_POINT('',(-33.8646484375,2.731640625,9.375));
#15251 = VECTOR('',#15252,1.);
#15252 = DIRECTION('',(1.110223024625E-16,1.,0.));
#15253 = PCURVE('',#13430,#15254);
#15254 = DEFINITIONAL_REPRESENTATION('',(#15255),#15259);
#15255 = LINE('',#15256,#15257);
#15256 = CARTESIAN_POINT('',(-33.8646484375,2.731640625));
#15257 = VECTOR('',#15258,1.);
#15258 = DIRECTION('',(1.110223024625E-16,1.));
#15259 = ( GEOMETRIC_REPRESENTATION_CONTEXT(2) 
PARAMETRIC_REPRESENTATION_CONTEXT() REPRESENTATION_CONTEXT('2D SPACE',''
  ) );
#15260 = PCURVE('',#15261,#15266);
#15261 = PLANE('',#15262);
#15262 = AXIS2_PLACEMENT_3D('',#15263,#15264,#15265);
#15263 = CARTESIAN_POINT('',(-33.8646484375,2.731640625,9.375));
#15264 = DIRECTION('',(1.,-1.110223024625E-16,0.));
#15265 = DIRECTION('',(1.110223024625E-16,1.,0.));
#15266 = DEFINITIONAL_REPRESENTATION('',(#15267),#15271);
#15267 = LINE('',#15268,#15269);
#15268 = CARTESIAN_POINT('',(0.,0.));
#15269 = VECTOR('',#15270,1.);
#15270 = DIRECTION('',(1.,0.));
#15271 = ( GEOMETRIC_REPRESENTATION_CONTEXT(2) 
PARAMETRIC_REPRESENTATION_CONTEXT() REPRESENTATION_CONTEXT('2D SPACE',''
  ) );
#15272 = ORIENTED_EDGE('',*,*,#15273,.T.);
#15273 = EDGE_CURVE('',#15246,#15188,#15274,.T.);
#15274 = SURFACE_CURVE('',#15275,(#15279,#15286),.PCURVE_S1.);
#15275 = LINE('',#15276,#15277);
#15276 = CARTESIAN_POINT('',(-33.8646484375,3.83701171875,9.375));
#15277 = VECTOR('',#15278,1.);
#15278 = DIRECTION('',(1.,-1.110223024625E-16,0.));
#15279 = PCURVE('',#13430,#15280);
#15280 = DEFINITIONAL_REPRESENTATION('',(#15281),#15285);
#15281 = LINE('',#15282,#15283);
#15282 = CARTESIAN_POINT('',(-33.8646484375,3.83701171875));
#15283 = VECTOR('',#15284,1.);
#15284 = DIRECTION('',(1.,-1.110223024625E-16));
#15285 = ( GEOMETRIC_REPRESENTATION_CONTEXT(2) 
PARAMETRIC_REPRESENTATION_CONTEXT() REPRESENTATION_CONTEXT('2D SPACE',''
  ) );
#15286 = PCURVE('',#15287,#15292);
#15287 = PLANE('',#15288);
#15288 = AXIS2_PLACEMENT_3D('',#15289,#15290,#15291);
#15289 = CARTESIAN_POINT('',(-33.8646484375,3.83701171875,9.375));
#15290 = DIRECTION('',(-1.110223024625E-16,-1.,0.));
#15291 = DIRECTION('',(1.,-1.110223024625E-16,0.));
#15292 = DEFINITIONAL_REPRESENTATION('',(#15293),#15297);
#15293 = LINE('',#15294,#15295);
#15294 = CARTESIAN_POINT('',(0.,0.));
#15295 = VECTOR('',#15296,1.);
#15296 = DIRECTION('',(1.,0.));
#15297 = ( GEOMETRIC_REPRESENTATION_CONTEXT(2) 
PARAMETRIC_REPRESENTATION_CONTEXT() REPRESENTATION_CONTEXT('2D SPACE',''
  ) );
#15298 = FACE_BOUND('',#15299,.T.);
#15299 = EDGE_LOOP('',(#15300,#15341,#15369,#15397,#15425,#15464,#15492,
    #15520));
#15300 = ORIENTED_EDGE('',*,*,#15301,.F.);
#15301 = EDGE_CURVE('',#15302,#15304,#15306,.T.);
#15302 = VERTEX_POINT('',#15303);
#15303 = CARTESIAN_POINT('',(-33.696484375,4.40712890625,9.375));
#15304 = VERTEX_POINT('',#15305);
#15305 = CARTESIAN_POINT('',(-33.696484375,6.751171875,9.375));
#15306 = SURFACE_CURVE('',#15307,(#15314,#15324),.PCURVE_S1.);
#15307 = B_SPLINE_CURVE_WITH_KNOTS('',2,(#15308,#15309,#15310,#15311,
    #15312,#15313),.UNSPECIFIED.,.F.,.F.,(3,1,1,1,3),(0.,1.,2.,
    2.996466431095,3.992932862191),.UNSPECIFIED.);
#15308 = CARTESIAN_POINT('',(-33.696484375,4.40712890625,9.375));
#15309 = CARTESIAN_POINT('',(-33.09765625,4.40712890625,9.375));
#15310 = CARTESIAN_POINT('',(-32.4865234375,4.9998046875,9.375));
#15311 = CARTESIAN_POINT('',(-32.4865234375,6.15849609375,9.375));
#15312 = CARTESIAN_POINT('',(-33.09765625,6.751171875,9.375));
#15313 = CARTESIAN_POINT('',(-33.696484375,6.751171875,9.375));
#15314 = PCURVE('',#13430,#15315);
#15315 = DEFINITIONAL_REPRESENTATION('',(#15316),#15323);
#15316 = B_SPLINE_CURVE_WITH_KNOTS('',2,(#15317,#15318,#15319,#15320,
    #15321,#15322),.UNSPECIFIED.,.F.,.F.,(3,1,1,1,3),(0.,1.,2.,
    2.996466431095,3.992932862191),.UNSPECIFIED.);
#15317 = CARTESIAN_POINT('',(-33.696484375,4.40712890625));
#15318 = CARTESIAN_POINT('',(-33.09765625,4.40712890625));
#15319 = CARTESIAN_POINT('',(-32.4865234375,4.9998046875));
#15320 = CARTESIAN_POINT('',(-32.4865234375,6.15849609375));
#15321 = CARTESIAN_POINT('',(-33.09765625,6.751171875));
#15322 = CARTESIAN_POINT('',(-33.696484375,6.751171875));
#15323 = ( GEOMETRIC_REPRESENTATION_CONTEXT(2) 
PARAMETRIC_REPRESENTATION_CONTEXT() REPRESENTATION_CONTEXT('2D SPACE',''
  ) );
#15324 = PCURVE('',#15325,#15335);
#15325 = SURFACE_OF_LINEAR_EXTRUSION('',#15326,#15333);
#15326 = B_SPLINE_CURVE_WITH_KNOTS('',2,(#15327,#15328,#15329,#15330,
    #15331,#15332),.UNSPECIFIED.,.F.,.F.,(3,1,1,1,3),(0.,1.,2.,
    2.996466431095,3.992932862191),.UNSPECIFIED.);
#15327 = CARTESIAN_POINT('',(-33.696484375,4.40712890625,9.375));
#15328 = CARTESIAN_POINT('',(-33.09765625,4.40712890625,9.375));
#15329 = CARTESIAN_POINT('',(-32.4865234375,4.9998046875,9.375));
#15330 = CARTESIAN_POINT('',(-32.4865234375,6.15849609375,9.375));
#15331 = CARTESIAN_POINT('',(-33.09765625,6.751171875,9.375));
#15332 = CARTESIAN_POINT('',(-33.696484375,6.751171875,9.375));
#15333 = VECTOR('',#15334,1.);
#15334 = DIRECTION('',(0.,0.,1.));
#15335 = DEFINITIONAL_REPRESENTATION('',(#15336),#15340);
#15336 = LINE('',#15337,#15338);
#15337 = CARTESIAN_POINT('',(0.,0.));
#15338 = VECTOR('',#15339,1.);
#15339 = DIRECTION('',(1.,0.));
#15340 = ( GEOMETRIC_REPRESENTATION_CONTEXT(2) 
PARAMETRIC_REPRESENTATION_CONTEXT() REPRESENTATION_CONTEXT('2D SPACE',''
  ) );
#15341 = ORIENTED_EDGE('',*,*,#15342,.T.);
#15342 = EDGE_CURVE('',#15302,#15343,#15345,.T.);
#15343 = VERTEX_POINT('',#15344);
#15344 = CARTESIAN_POINT('',(-35.6078125,4.40712890625,9.375));
#15345 = SURFACE_CURVE('',#15346,(#15350,#15357),.PCURVE_S1.);
#15346 = LINE('',#15347,#15348);
#15347 = CARTESIAN_POINT('',(-33.696484375,4.40712890625,9.375));
#15348 = VECTOR('',#15349,1.);
#15349 = DIRECTION('',(-1.,1.110223024625E-16,0.));
#15350 = PCURVE('',#13430,#15351);
#15351 = DEFINITIONAL_REPRESENTATION('',(#15352),#15356);
#15352 = LINE('',#15353,#15354);
#15353 = CARTESIAN_POINT('',(-33.696484375,4.40712890625));
#15354 = VECTOR('',#15355,1.);
#15355 = DIRECTION('',(-1.,1.110223024625E-16));
#15356 = ( GEOMETRIC_REPRESENTATION_CONTEXT(2) 
PARAMETRIC_REPRESENTATION_CONTEXT() REPRESENTATION_CONTEXT('2D SPACE',''
  ) );
#15357 = PCURVE('',#15358,#15363);
#15358 = PLANE('',#15359);
#15359 = AXIS2_PLACEMENT_3D('',#15360,#15361,#15362);
#15360 = CARTESIAN_POINT('',(-33.696484375,4.40712890625,9.375));
#15361 = DIRECTION('',(1.110223024625E-16,1.,-0.));
#15362 = DIRECTION('',(-1.,1.110223024625E-16,0.));
#15363 = DEFINITIONAL_REPRESENTATION('',(#15364),#15368);
#15364 = LINE('',#15365,#15366);
#15365 = CARTESIAN_POINT('',(0.,0.));
#15366 = VECTOR('',#15367,1.);
#15367 = DIRECTION('',(1.,0.));
#15368 = ( GEOMETRIC_REPRESENTATION_CONTEXT(2) 
PARAMETRIC_REPRESENTATION_CONTEXT() REPRESENTATION_CONTEXT('2D SPACE',''
  ) );
#15369 = ORIENTED_EDGE('',*,*,#15370,.T.);
#15370 = EDGE_CURVE('',#15343,#15371,#15373,.T.);
#15371 = VERTEX_POINT('',#15372);
#15372 = CARTESIAN_POINT('',(-35.6078125,4.8234375,9.375));
#15373 = SURFACE_CURVE('',#15374,(#15378,#15385),.PCURVE_S1.);
#15374 = LINE('',#15375,#15376);
#15375 = CARTESIAN_POINT('',(-35.6078125,4.40712890625,9.375));
#15376 = VECTOR('',#15377,1.);
#15377 = DIRECTION('',(1.110223024625E-16,1.,0.));
#15378 = PCURVE('',#13430,#15379);
#15379 = DEFINITIONAL_REPRESENTATION('',(#15380),#15384);
#15380 = LINE('',#15381,#15382);
#15381 = CARTESIAN_POINT('',(-35.6078125,4.40712890625));
#15382 = VECTOR('',#15383,1.);
#15383 = DIRECTION('',(1.110223024625E-16,1.));
#15384 = ( GEOMETRIC_REPRESENTATION_CONTEXT(2) 
PARAMETRIC_REPRESENTATION_CONTEXT() REPRESENTATION_CONTEXT('2D SPACE',''
  ) );
#15385 = PCURVE('',#15386,#15391);
#15386 = PLANE('',#15387);
#15387 = AXIS2_PLACEMENT_3D('',#15388,#15389,#15390);
#15388 = CARTESIAN_POINT('',(-35.6078125,4.40712890625,9.375));
#15389 = DIRECTION('',(1.,-1.110223024625E-16,0.));
#15390 = DIRECTION('',(1.110223024625E-16,1.,0.));
#15391 = DEFINITIONAL_REPRESENTATION('',(#15392),#15396);
#15392 = LINE('',#15393,#15394);
#15393 = CARTESIAN_POINT('',(0.,0.));
#15394 = VECTOR('',#15395,1.);
#15395 = DIRECTION('',(1.,0.));
#15396 = ( GEOMETRIC_REPRESENTATION_CONTEXT(2) 
PARAMETRIC_REPRESENTATION_CONTEXT() REPRESENTATION_CONTEXT('2D SPACE',''
  ) );
#15397 = ORIENTED_EDGE('',*,*,#15398,.T.);
#15398 = EDGE_CURVE('',#15371,#15399,#15401,.T.);
#15399 = VERTEX_POINT('',#15400);
#15400 = CARTESIAN_POINT('',(-33.74775390625,4.8234375,9.375));
#15401 = SURFACE_CURVE('',#15402,(#15406,#15413),.PCURVE_S1.);
#15402 = LINE('',#15403,#15404);
#15403 = CARTESIAN_POINT('',(-35.6078125,4.8234375,9.375));
#15404 = VECTOR('',#15405,1.);
#15405 = DIRECTION('',(1.,-1.110223024625E-16,0.));
#15406 = PCURVE('',#13430,#15407);
#15407 = DEFINITIONAL_REPRESENTATION('',(#15408),#15412);
#15408 = LINE('',#15409,#15410);
#15409 = CARTESIAN_POINT('',(-35.6078125,4.8234375));
#15410 = VECTOR('',#15411,1.);
#15411 = DIRECTION('',(1.,-1.110223024625E-16));
#15412 = ( GEOMETRIC_REPRESENTATION_CONTEXT(2) 
PARAMETRIC_REPRESENTATION_CONTEXT() REPRESENTATION_CONTEXT('2D SPACE',''
  ) );
#15413 = PCURVE('',#15414,#15419);
#15414 = PLANE('',#15415);
#15415 = AXIS2_PLACEMENT_3D('',#15416,#15417,#15418);
#15416 = CARTESIAN_POINT('',(-35.6078125,4.8234375,9.375));
#15417 = DIRECTION('',(-1.110223024625E-16,-1.,0.));
#15418 = DIRECTION('',(1.,-1.110223024625E-16,0.));
#15419 = DEFINITIONAL_REPRESENTATION('',(#15420),#15424);
#15420 = LINE('',#15421,#15422);
#15421 = CARTESIAN_POINT('',(0.,0.));
#15422 = VECTOR('',#15423,1.);
#15423 = DIRECTION('',(1.,0.));
#15424 = ( GEOMETRIC_REPRESENTATION_CONTEXT(2) 
PARAMETRIC_REPRESENTATION_CONTEXT() REPRESENTATION_CONTEXT('2D SPACE',''
  ) );
#15425 = ORIENTED_EDGE('',*,*,#15426,.F.);
#15426 = EDGE_CURVE('',#15427,#15399,#15429,.T.);
#15427 = VERTEX_POINT('',#15428);
#15428 = CARTESIAN_POINT('',(-33.74775390625,6.33486328125,9.375));
#15429 = SURFACE_CURVE('',#15430,(#15437,#15447),.PCURVE_S1.);
#15430 = B_SPLINE_CURVE_WITH_KNOTS('',2,(#15431,#15432,#15433,#15434,
    #15435,#15436),.UNSPECIFIED.,.F.,.F.,(3,1,1,1,3),(0.,1.,2.,
    3.005154639175,4.010309278351),.UNSPECIFIED.);
#15431 = CARTESIAN_POINT('',(-33.74775390625,6.33486328125,9.375));
#15432 = CARTESIAN_POINT('',(-33.25556640625,6.33486328125,9.375));
#15433 = CARTESIAN_POINT('',(-32.8228515625,5.97802734375,9.375));
#15434 = CARTESIAN_POINT('',(-32.8228515625,5.1802734375,9.375));
#15435 = CARTESIAN_POINT('',(-33.25556640625,4.8234375,9.375));
#15436 = CARTESIAN_POINT('',(-33.74775390625,4.8234375,9.375));
#15437 = PCURVE('',#13430,#15438);
#15438 = DEFINITIONAL_REPRESENTATION('',(#15439),#15446);
#15439 = B_SPLINE_CURVE_WITH_KNOTS('',2,(#15440,#15441,#15442,#15443,
    #15444,#15445),.UNSPECIFIED.,.F.,.F.,(3,1,1,1,3),(0.,1.,2.,
    3.005154639175,4.010309278351),.UNSPECIFIED.);
#15440 = CARTESIAN_POINT('',(-33.74775390625,6.33486328125));
#15441 = CARTESIAN_POINT('',(-33.25556640625,6.33486328125));
#15442 = CARTESIAN_POINT('',(-32.8228515625,5.97802734375));
#15443 = CARTESIAN_POINT('',(-32.8228515625,5.1802734375));
#15444 = CARTESIAN_POINT('',(-33.25556640625,4.8234375));
#15445 = CARTESIAN_POINT('',(-33.74775390625,4.8234375));
#15446 = ( GEOMETRIC_REPRESENTATION_CONTEXT(2) 
PARAMETRIC_REPRESENTATION_CONTEXT() REPRESENTATION_CONTEXT('2D SPACE',''
  ) );
#15447 = PCURVE('',#15448,#15458);
#15448 = SURFACE_OF_LINEAR_EXTRUSION('',#15449,#15456);
#15449 = B_SPLINE_CURVE_WITH_KNOTS('',2,(#15450,#15451,#15452,#15453,
    #15454,#15455),.UNSPECIFIED.,.F.,.F.,(3,1,1,1,3),(0.,1.,2.,
    3.005154639175,4.010309278351),.UNSPECIFIED.);
#15450 = CARTESIAN_POINT('',(-33.74775390625,6.33486328125,9.375));
#15451 = CARTESIAN_POINT('',(-33.25556640625,6.33486328125,9.375));
#15452 = CARTESIAN_POINT('',(-32.8228515625,5.97802734375,9.375));
#15453 = CARTESIAN_POINT('',(-32.8228515625,5.1802734375,9.375));
#15454 = CARTESIAN_POINT('',(-33.25556640625,4.8234375,9.375));
#15455 = CARTESIAN_POINT('',(-33.74775390625,4.8234375,9.375));
#15456 = VECTOR('',#15457,1.);
#15457 = DIRECTION('',(0.,0.,1.));
#15458 = DEFINITIONAL_REPRESENTATION('',(#15459),#15463);
#15459 = LINE('',#15460,#15461);
#15460 = CARTESIAN_POINT('',(0.,0.));
#15461 = VECTOR('',#15462,1.);
#15462 = DIRECTION('',(1.,0.));
#15463 = ( GEOMETRIC_REPRESENTATION_CONTEXT(2) 
PARAMETRIC_REPRESENTATION_CONTEXT() REPRESENTATION_CONTEXT('2D SPACE',''
  ) );
#15464 = ORIENTED_EDGE('',*,*,#15465,.T.);
#15465 = EDGE_CURVE('',#15427,#15466,#15468,.T.);
#15466 = VERTEX_POINT('',#15467);
#15467 = CARTESIAN_POINT('',(-35.6078125,6.33486328125,9.375));
#15468 = SURFACE_CURVE('',#15469,(#15473,#15480),.PCURVE_S1.);
#15469 = LINE('',#15470,#15471);
#15470 = CARTESIAN_POINT('',(-33.74775390625,6.33486328125,9.375));
#15471 = VECTOR('',#15472,1.);
#15472 = DIRECTION('',(-1.,1.110223024625E-16,0.));
#15473 = PCURVE('',#13430,#15474);
#15474 = DEFINITIONAL_REPRESENTATION('',(#15475),#15479);
#15475 = LINE('',#15476,#15477);
#15476 = CARTESIAN_POINT('',(-33.74775390625,6.33486328125));
#15477 = VECTOR('',#15478,1.);
#15478 = DIRECTION('',(-1.,1.110223024625E-16));
#15479 = ( GEOMETRIC_REPRESENTATION_CONTEXT(2) 
PARAMETRIC_REPRESENTATION_CONTEXT() REPRESENTATION_CONTEXT('2D SPACE',''
  ) );
#15480 = PCURVE('',#15481,#15486);
#15481 = PLANE('',#15482);
#15482 = AXIS2_PLACEMENT_3D('',#15483,#15484,#15485);
#15483 = CARTESIAN_POINT('',(-33.74775390625,6.33486328125,9.375));
#15484 = DIRECTION('',(1.110223024625E-16,1.,-0.));
#15485 = DIRECTION('',(-1.,1.110223024625E-16,0.));
#15486 = DEFINITIONAL_REPRESENTATION('',(#15487),#15491);
#15487 = LINE('',#15488,#15489);
#15488 = CARTESIAN_POINT('',(0.,0.));
#15489 = VECTOR('',#15490,1.);
#15490 = DIRECTION('',(1.,0.));
#15491 = ( GEOMETRIC_REPRESENTATION_CONTEXT(2) 
PARAMETRIC_REPRESENTATION_CONTEXT() REPRESENTATION_CONTEXT('2D SPACE',''
  ) );
#15492 = ORIENTED_EDGE('',*,*,#15493,.T.);
#15493 = EDGE_CURVE('',#15466,#15494,#15496,.T.);
#15494 = VERTEX_POINT('',#15495);
#15495 = CARTESIAN_POINT('',(-35.6078125,6.751171875,9.375));
#15496 = SURFACE_CURVE('',#15497,(#15501,#15508),.PCURVE_S1.);
#15497 = LINE('',#15498,#15499);
#15498 = CARTESIAN_POINT('',(-35.6078125,6.33486328125,9.375));
#15499 = VECTOR('',#15500,1.);
#15500 = DIRECTION('',(1.110223024625E-16,1.,0.));
#15501 = PCURVE('',#13430,#15502);
#15502 = DEFINITIONAL_REPRESENTATION('',(#15503),#15507);
#15503 = LINE('',#15504,#15505);
#15504 = CARTESIAN_POINT('',(-35.6078125,6.33486328125));
#15505 = VECTOR('',#15506,1.);
#15506 = DIRECTION('',(1.110223024625E-16,1.));
#15507 = ( GEOMETRIC_REPRESENTATION_CONTEXT(2) 
PARAMETRIC_REPRESENTATION_CONTEXT() REPRESENTATION_CONTEXT('2D SPACE',''
  ) );
#15508 = PCURVE('',#15509,#15514);
#15509 = PLANE('',#15510);
#15510 = AXIS2_PLACEMENT_3D('',#15511,#15512,#15513);
#15511 = CARTESIAN_POINT('',(-35.6078125,6.33486328125,9.375));
#15512 = DIRECTION('',(1.,-1.110223024625E-16,0.));
#15513 = DIRECTION('',(1.110223024625E-16,1.,0.));
#15514 = DEFINITIONAL_REPRESENTATION('',(#15515),#15519);
#15515 = LINE('',#15516,#15517);
#15516 = CARTESIAN_POINT('',(0.,0.));
#15517 = VECTOR('',#15518,1.);
#15518 = DIRECTION('',(1.,0.));
#15519 = ( GEOMETRIC_REPRESENTATION_CONTEXT(2) 
PARAMETRIC_REPRESENTATION_CONTEXT() REPRESENTATION_CONTEXT('2D SPACE',''
  ) );
#15520 = ORIENTED_EDGE('',*,*,#15521,.T.);
#15521 = EDGE_CURVE('',#15494,#15304,#15522,.T.);
#15522 = SURFACE_CURVE('',#15523,(#15527,#15534),.PCURVE_S1.);
#15523 = LINE('',#15524,#15525);
#15524 = CARTESIAN_POINT('',(-35.6078125,6.751171875,9.375));
#15525 = VECTOR('',#15526,1.);
#15526 = DIRECTION('',(1.,-1.110223024625E-16,0.));
#15527 = PCURVE('',#13430,#15528);
#15528 = DEFINITIONAL_REPRESENTATION('',(#15529),#15533);
#15529 = LINE('',#15530,#15531);
#15530 = CARTESIAN_POINT('',(-35.6078125,6.751171875));
#15531 = VECTOR('',#15532,1.);
#15532 = DIRECTION('',(1.,-1.110223024625E-16));
#15533 = ( GEOMETRIC_REPRESENTATION_CONTEXT(2) 
PARAMETRIC_REPRESENTATION_CONTEXT() REPRESENTATION_CONTEXT('2D SPACE',''
  ) );
#15534 = PCURVE('',#15535,#15540);
#15535 = PLANE('',#15536);
#15536 = AXIS2_PLACEMENT_3D('',#15537,#15538,#15539);
#15537 = CARTESIAN_POINT('',(-35.6078125,6.751171875,9.375));
#15538 = DIRECTION('',(-1.110223024625E-16,-1.,0.));
#15539 = DIRECTION('',(1.,-1.110223024625E-16,0.));
#15540 = DEFINITIONAL_REPRESENTATION('',(#15541),#15545);
#15541 = LINE('',#15542,#15543);
#15542 = CARTESIAN_POINT('',(0.,0.));
#15543 = VECTOR('',#15544,1.);
#15544 = DIRECTION('',(1.,0.));
#15545 = ( GEOMETRIC_REPRESENTATION_CONTEXT(2) 
PARAMETRIC_REPRESENTATION_CONTEXT() REPRESENTATION_CONTEXT('2D SPACE',''
  ) );
#15546 = ADVANCED_FACE('',(#15547),#13530,.F.);
#15547 = FACE_BOUND('',#15548,.F.);
#15548 = EDGE_LOOP('',(#15549,#15550,#15571,#15593,#15594,#15595,#15596)
  );
#15549 = ORIENTED_EDGE('',*,*,#13513,.F.);
#15550 = ORIENTED_EDGE('',*,*,#15551,.F.);
#15551 = EDGE_CURVE('',#13950,#13514,#15552,.T.);
#15552 = SEAM_CURVE('',#15553,(#15557,#15564),.PCURVE_S1.);
#15553 = LINE('',#15554,#15555);
#15554 = CARTESIAN_POINT('',(-15.,-36.,-4.2));
#15555 = VECTOR('',#15556,1.);
#15556 = DIRECTION('',(1.,0.,2.22044604925E-16));
#15557 = PCURVE('',#13530,#15558);
#15558 = DEFINITIONAL_REPRESENTATION('',(#15559),#15563);
#15559 = LINE('',#15560,#15561);
#15560 = CARTESIAN_POINT('',(0.,-0.));
#15561 = VECTOR('',#15562,1.);
#15562 = DIRECTION('',(0.,1.));
#15563 = ( GEOMETRIC_REPRESENTATION_CONTEXT(2) 
PARAMETRIC_REPRESENTATION_CONTEXT() REPRESENTATION_CONTEXT('2D SPACE',''
  ) );
#15564 = PCURVE('',#13530,#15565);
#15565 = DEFINITIONAL_REPRESENTATION('',(#15566),#15570);
#15566 = LINE('',#15567,#15568);
#15567 = CARTESIAN_POINT('',(6.28318530718,-0.));
#15568 = VECTOR('',#15569,1.);
#15569 = DIRECTION('',(0.,1.));
#15570 = ( GEOMETRIC_REPRESENTATION_CONTEXT(2) 
PARAMETRIC_REPRESENTATION_CONTEXT() REPRESENTATION_CONTEXT('2D SPACE',''
  ) );
#15571 = ORIENTED_EDGE('',*,*,#15572,.T.);
#15572 = EDGE_CURVE('',#13950,#13979,#15573,.T.);
#15573 = SURFACE_CURVE('',#15574,(#15579,#15586),.PCURVE_S1.);
#15574 = CIRCLE('',#15575,4.2);
#15575 = AXIS2_PLACEMENT_3D('',#15576,#15577,#15578);
#15576 = CARTESIAN_POINT('',(-15.,-36.,-3.330669073875E-15));
#15577 = DIRECTION('',(1.,-0.,2.22044604925E-16));
#15578 = DIRECTION('',(2.22044604925E-16,0.,-1.));
#15579 = PCURVE('',#13530,#15580);
#15580 = DEFINITIONAL_REPRESENTATION('',(#15581),#15585);
#15581 = LINE('',#15582,#15583);
#15582 = CARTESIAN_POINT('',(0.,0.));
#15583 = VECTOR('',#15584,1.);
#15584 = DIRECTION('',(1.,0.));
#15585 = ( GEOMETRIC_REPRESENTATION_CONTEXT(2) 
PARAMETRIC_REPRESENTATION_CONTEXT() REPRESENTATION_CONTEXT('2D SPACE',''
  ) );
#15586 = PCURVE('',#13993,#15587);
#15587 = DEFINITIONAL_REPRESENTATION('',(#15588),#15592);
#15588 = CIRCLE('',#15589,4.2);
#15589 = AXIS2_PLACEMENT_2D('',#15590,#15591);
#15590 = CARTESIAN_POINT('',(0.,0.));
#15591 = DIRECTION('',(1.,0.));
#15592 = ( GEOMETRIC_REPRESENTATION_CONTEXT(2) 
PARAMETRIC_REPRESENTATION_CONTEXT() REPRESENTATION_CONTEXT('2D SPACE',''
  ) );
#15593 = ORIENTED_EDGE('',*,*,#14005,.T.);
#15594 = ORIENTED_EDGE('',*,*,#14081,.T.);
#15595 = ORIENTED_EDGE('',*,*,#13949,.T.);
#15596 = ORIENTED_EDGE('',*,*,#15551,.T.);
#15597 = ADVANCED_FACE('',(#15598),#13659,.F.);
#15598 = FACE_BOUND('',#15599,.F.);
#15599 = EDGE_LOOP('',(#15600,#15622,#15643,#15644,#15645,#15646,#15647)
  );
#15600 = ORIENTED_EDGE('',*,*,#15601,.T.);
#15601 = EDGE_CURVE('',#13843,#13872,#15602,.T.);
#15602 = SURFACE_CURVE('',#15603,(#15608,#15615),.PCURVE_S1.);
#15603 = CIRCLE('',#15604,4.2);
#15604 = AXIS2_PLACEMENT_3D('',#15605,#15606,#15607);
#15605 = CARTESIAN_POINT('',(-15.,36.,-3.330669073875E-15));
#15606 = DIRECTION('',(1.,-0.,2.22044604925E-16));
#15607 = DIRECTION('',(2.22044604925E-16,0.,-1.));
#15608 = PCURVE('',#13659,#15609);
#15609 = DEFINITIONAL_REPRESENTATION('',(#15610),#15614);
#15610 = LINE('',#15611,#15612);
#15611 = CARTESIAN_POINT('',(0.,0.));
#15612 = VECTOR('',#15613,1.);
#15613 = DIRECTION('',(1.,0.));
#15614 = ( GEOMETRIC_REPRESENTATION_CONTEXT(2) 
PARAMETRIC_REPRESENTATION_CONTEXT() REPRESENTATION_CONTEXT('2D SPACE',''
  ) );
#15615 = PCURVE('',#13886,#15616);
#15616 = DEFINITIONAL_REPRESENTATION('',(#15617),#15621);
#15617 = CIRCLE('',#15618,4.2);
#15618 = AXIS2_PLACEMENT_2D('',#15619,#15620);
#15619 = CARTESIAN_POINT('',(0.,0.));
#15620 = DIRECTION('',(1.,0.));
#15621 = ( GEOMETRIC_REPRESENTATION_CONTEXT(2) 
PARAMETRIC_REPRESENTATION_CONTEXT() REPRESENTATION_CONTEXT('2D SPACE',''
  ) );
#15622 = ORIENTED_EDGE('',*,*,#15623,.T.);
#15623 = EDGE_CURVE('',#13872,#13643,#15624,.T.);
#15624 = SEAM_CURVE('',#15625,(#15629,#15636),.PCURVE_S1.);
#15625 = LINE('',#15626,#15627);
#15626 = CARTESIAN_POINT('',(-15.,36.,-4.2));
#15627 = VECTOR('',#15628,1.);
#15628 = DIRECTION('',(1.,0.,2.22044604925E-16));
#15629 = PCURVE('',#13659,#15630);
#15630 = DEFINITIONAL_REPRESENTATION('',(#15631),#15635);
#15631 = LINE('',#15632,#15633);
#15632 = CARTESIAN_POINT('',(6.28318530718,0.));
#15633 = VECTOR('',#15634,1.);
#15634 = DIRECTION('',(0.,1.));
#15635 = ( GEOMETRIC_REPRESENTATION_CONTEXT(2) 
PARAMETRIC_REPRESENTATION_CONTEXT() REPRESENTATION_CONTEXT('2D SPACE',''
  ) );
#15636 = PCURVE('',#13659,#15637);
#15637 = DEFINITIONAL_REPRESENTATION('',(#15638),#15642);
#15638 = LINE('',#15639,#15640);
#15639 = CARTESIAN_POINT('',(4.138911435803E-13,0.));
#15640 = VECTOR('',#15641,1.);
#15641 = DIRECTION('',(0.,1.));
#15642 = ( GEOMETRIC_REPRESENTATION_CONTEXT(2) 
PARAMETRIC_REPRESENTATION_CONTEXT() REPRESENTATION_CONTEXT('2D SPACE',''
  ) );
#15643 = ORIENTED_EDGE('',*,*,#13642,.F.);
#15644 = ORIENTED_EDGE('',*,*,#15623,.F.);
#15645 = ORIENTED_EDGE('',*,*,#13898,.T.);
#15646 = ORIENTED_EDGE('',*,*,#13768,.T.);
#15647 = ORIENTED_EDGE('',*,*,#13842,.T.);
#15648 = ADVANCED_FACE('',(#15649),#13886,.T.);
#15649 = FACE_BOUND('',#15650,.T.);
#15650 = EDGE_LOOP('',(#15651,#15652));
#15651 = ORIENTED_EDGE('',*,*,#15601,.T.);
#15652 = ORIENTED_EDGE('',*,*,#13871,.T.);
#15653 = ADVANCED_FACE('',(#15654),#13993,.T.);
#15654 = FACE_BOUND('',#15655,.T.);
#15655 = EDGE_LOOP('',(#15656,#15657));
#15656 = ORIENTED_EDGE('',*,*,#13978,.F.);
#15657 = ORIENTED_EDGE('',*,*,#15572,.T.);
#15658 = ADVANCED_FACE('',(#15659),#14135,.T.);
#15659 = FACE_BOUND('',#15660,.T.);
#15660 = EDGE_LOOP('',(#15661,#15684,#15712,#15733));
#15661 = ORIENTED_EDGE('',*,*,#15662,.T.);
#15662 = EDGE_CURVE('',#14118,#15663,#15665,.T.);
#15663 = VERTEX_POINT('',#15664);
#15664 = CARTESIAN_POINT('',(-32.54599609375,-8.834765625,8.775));
#15665 = SURFACE_CURVE('',#15666,(#15670,#15677),.PCURVE_S1.);
#15666 = LINE('',#15667,#15668);
#15667 = CARTESIAN_POINT('',(-32.54599609375,-8.834765625,9.375));
#15668 = VECTOR('',#15669,1.);
#15669 = DIRECTION('',(-0.,-0.,-1.));
#15670 = PCURVE('',#14135,#15671);
#15671 = DEFINITIONAL_REPRESENTATION('',(#15672),#15676);
#15672 = LINE('',#15673,#15674);
#15673 = CARTESIAN_POINT('',(0.,0.));
#15674 = VECTOR('',#15675,1.);
#15675 = DIRECTION('',(0.,-1.));
#15676 = ( GEOMETRIC_REPRESENTATION_CONTEXT(2) 
PARAMETRIC_REPRESENTATION_CONTEXT() REPRESENTATION_CONTEXT('2D SPACE',''
  ) );
#15677 = PCURVE('',#14469,#15678);
#15678 = DEFINITIONAL_REPRESENTATION('',(#15679),#15683);
#15679 = LINE('',#15680,#15681);
#15680 = CARTESIAN_POINT('',(2.68857421875,0.));
#15681 = VECTOR('',#15682,1.);
#15682 = DIRECTION('',(0.,-1.));
#15683 = ( GEOMETRIC_REPRESENTATION_CONTEXT(2) 
PARAMETRIC_REPRESENTATION_CONTEXT() REPRESENTATION_CONTEXT('2D SPACE',''
  ) );
#15684 = ORIENTED_EDGE('',*,*,#15685,.T.);
#15685 = EDGE_CURVE('',#15663,#15686,#15688,.T.);
#15686 = VERTEX_POINT('',#15687);
#15687 = CARTESIAN_POINT('',(-32.54599609375,-9.23671875,8.775));
#15688 = SURFACE_CURVE('',#15689,(#15693,#15700),.PCURVE_S1.);
#15689 = LINE('',#15690,#15691);
#15690 = CARTESIAN_POINT('',(-32.54599609375,-8.834765625,8.775));
#15691 = VECTOR('',#15692,1.);
#15692 = DIRECTION('',(-1.110223024625E-16,-1.,0.));
#15693 = PCURVE('',#14135,#15694);
#15694 = DEFINITIONAL_REPRESENTATION('',(#15695),#15699);
#15695 = LINE('',#15696,#15697);
#15696 = CARTESIAN_POINT('',(-0.,-0.6));
#15697 = VECTOR('',#15698,1.);
#15698 = DIRECTION('',(1.,0.));
#15699 = ( GEOMETRIC_REPRESENTATION_CONTEXT(2) 
PARAMETRIC_REPRESENTATION_CONTEXT() REPRESENTATION_CONTEXT('2D SPACE',''
  ) );
#15700 = PCURVE('',#15701,#15706);
#15701 = PLANE('',#15702);
#15702 = AXIS2_PLACEMENT_3D('',#15703,#15704,#15705);
#15703 = CARTESIAN_POINT('',(-32.54599609375,-9.64892578125,8.775));
#15704 = DIRECTION('',(0.,0.,1.));
#15705 = DIRECTION('',(1.110223024625E-16,1.,0.));
#15706 = DEFINITIONAL_REPRESENTATION('',(#15707),#15711);
#15707 = LINE('',#15708,#15709);
#15708 = CARTESIAN_POINT('',(0.81416015625,0.));
#15709 = VECTOR('',#15710,1.);
#15710 = DIRECTION('',(-1.,0.));
#15711 = ( GEOMETRIC_REPRESENTATION_CONTEXT(2) 
PARAMETRIC_REPRESENTATION_CONTEXT() REPRESENTATION_CONTEXT('2D SPACE',''
  ) );
#15712 = ORIENTED_EDGE('',*,*,#15713,.F.);
#15713 = EDGE_CURVE('',#14120,#15686,#15714,.T.);
#15714 = SURFACE_CURVE('',#15715,(#15719,#15726),.PCURVE_S1.);
#15715 = LINE('',#15716,#15717);
#15716 = CARTESIAN_POINT('',(-32.54599609375,-9.23671875,9.375));
#15717 = VECTOR('',#15718,1.);
#15718 = DIRECTION('',(-0.,-0.,-1.));
#15719 = PCURVE('',#14135,#15720);
#15720 = DEFINITIONAL_REPRESENTATION('',(#15721),#15725);
#15721 = LINE('',#15722,#15723);
#15722 = CARTESIAN_POINT('',(0.401953125,0.));
#15723 = VECTOR('',#15724,1.);
#15724 = DIRECTION('',(0.,-1.));
#15725 = ( GEOMETRIC_REPRESENTATION_CONTEXT(2) 
PARAMETRIC_REPRESENTATION_CONTEXT() REPRESENTATION_CONTEXT('2D SPACE',''
  ) );
#15726 = PCURVE('',#14163,#15727);
#15727 = DEFINITIONAL_REPRESENTATION('',(#15728),#15732);
#15728 = LINE('',#15729,#15730);
#15729 = CARTESIAN_POINT('',(0.,0.));
#15730 = VECTOR('',#15731,1.);
#15731 = DIRECTION('',(0.,-1.));
#15732 = ( GEOMETRIC_REPRESENTATION_CONTEXT(2) 
PARAMETRIC_REPRESENTATION_CONTEXT() REPRESENTATION_CONTEXT('2D SPACE',''
  ) );
#15733 = ORIENTED_EDGE('',*,*,#14117,.F.);
#15734 = ADVANCED_FACE('',(#15735),#14469,.T.);
#15735 = FACE_BOUND('',#15736,.T.);
#15736 = EDGE_LOOP('',(#15737,#15760,#15781,#15782));
#15737 = ORIENTED_EDGE('',*,*,#15738,.T.);
#15738 = EDGE_CURVE('',#14428,#15739,#15741,.T.);
#15739 = VERTEX_POINT('',#15740);
#15740 = CARTESIAN_POINT('',(-35.2345703125,-8.834765625,8.775));
#15741 = SURFACE_CURVE('',#15742,(#15746,#15753),.PCURVE_S1.);
#15742 = LINE('',#15743,#15744);
#15743 = CARTESIAN_POINT('',(-35.2345703125,-8.834765625,9.375));
#15744 = VECTOR('',#15745,1.);
#15745 = DIRECTION('',(-0.,-0.,-1.));
#15746 = PCURVE('',#14469,#15747);
#15747 = DEFINITIONAL_REPRESENTATION('',(#15748),#15752);
#15748 = LINE('',#15749,#15750);
#15749 = CARTESIAN_POINT('',(0.,0.));
#15750 = VECTOR('',#15751,1.);
#15751 = DIRECTION('',(0.,-1.));
#15752 = ( GEOMETRIC_REPRESENTATION_CONTEXT(2) 
PARAMETRIC_REPRESENTATION_CONTEXT() REPRESENTATION_CONTEXT('2D SPACE',''
  ) );
#15753 = PCURVE('',#14443,#15754);
#15754 = DEFINITIONAL_REPRESENTATION('',(#15755),#15759);
#15755 = LINE('',#15756,#15757);
#15756 = CARTESIAN_POINT('',(2.243521882258,0.));
#15757 = VECTOR('',#15758,1.);
#15758 = DIRECTION('',(0.,-1.));
#15759 = ( GEOMETRIC_REPRESENTATION_CONTEXT(2) 
PARAMETRIC_REPRESENTATION_CONTEXT() REPRESENTATION_CONTEXT('2D SPACE',''
  ) );
#15760 = ORIENTED_EDGE('',*,*,#15761,.T.);
#15761 = EDGE_CURVE('',#15739,#15663,#15762,.T.);
#15762 = SURFACE_CURVE('',#15763,(#15767,#15774),.PCURVE_S1.);
#15763 = LINE('',#15764,#15765);
#15764 = CARTESIAN_POINT('',(-35.2345703125,-8.834765625,8.775));
#15765 = VECTOR('',#15766,1.);
#15766 = DIRECTION('',(1.,-1.110223024625E-16,0.));
#15767 = PCURVE('',#14469,#15768);
#15768 = DEFINITIONAL_REPRESENTATION('',(#15769),#15773);
#15769 = LINE('',#15770,#15771);
#15770 = CARTESIAN_POINT('',(0.,-0.6));
#15771 = VECTOR('',#15772,1.);
#15772 = DIRECTION('',(1.,0.));
#15773 = ( GEOMETRIC_REPRESENTATION_CONTEXT(2) 
PARAMETRIC_REPRESENTATION_CONTEXT() REPRESENTATION_CONTEXT('2D SPACE',''
  ) );
#15774 = PCURVE('',#15701,#15775);
#15775 = DEFINITIONAL_REPRESENTATION('',(#15776),#15780);
#15776 = LINE('',#15777,#15778);
#15777 = CARTESIAN_POINT('',(0.81416015625,2.68857421875));
#15778 = VECTOR('',#15779,1.);
#15779 = DIRECTION('',(0.,-1.));
#15780 = ( GEOMETRIC_REPRESENTATION_CONTEXT(2) 
PARAMETRIC_REPRESENTATION_CONTEXT() REPRESENTATION_CONTEXT('2D SPACE',''
  ) );
#15781 = ORIENTED_EDGE('',*,*,#15662,.F.);
#15782 = ORIENTED_EDGE('',*,*,#14455,.F.);
#15783 = ADVANCED_FACE('',(#15784),#14443,.T.);
#15784 = FACE_BOUND('',#15785,.T.);
#15785 = EDGE_LOOP('',(#15786,#15809,#15830,#15831));
#15786 = ORIENTED_EDGE('',*,*,#15787,.T.);
#15787 = EDGE_CURVE('',#14400,#15788,#15790,.T.);
#15788 = VERTEX_POINT('',#15789);
#15789 = CARTESIAN_POINT('',(-33.1345703125,-8.04521484375,8.775));
#15790 = SURFACE_CURVE('',#15791,(#15795,#15802),.PCURVE_S1.);
#15791 = LINE('',#15792,#15793);
#15792 = CARTESIAN_POINT('',(-33.1345703125,-8.04521484375,9.375));
#15793 = VECTOR('',#15794,1.);
#15794 = DIRECTION('',(-0.,-0.,-1.));
#15795 = PCURVE('',#14443,#15796);
#15796 = DEFINITIONAL_REPRESENTATION('',(#15797),#15801);
#15797 = LINE('',#15798,#15799);
#15798 = CARTESIAN_POINT('',(0.,0.));
#15799 = VECTOR('',#15800,1.);
#15800 = DIRECTION('',(0.,-1.));
#15801 = ( GEOMETRIC_REPRESENTATION_CONTEXT(2) 
PARAMETRIC_REPRESENTATION_CONTEXT() REPRESENTATION_CONTEXT('2D SPACE',''
  ) );
#15802 = PCURVE('',#14415,#15803);
#15803 = DEFINITIONAL_REPRESENTATION('',(#15804),#15808);
#15804 = LINE('',#15805,#15806);
#15805 = CARTESIAN_POINT('',(0.41630859375,0.));
#15806 = VECTOR('',#15807,1.);
#15807 = DIRECTION('',(0.,-1.));
#15808 = ( GEOMETRIC_REPRESENTATION_CONTEXT(2) 
PARAMETRIC_REPRESENTATION_CONTEXT() REPRESENTATION_CONTEXT('2D SPACE',''
  ) );
#15809 = ORIENTED_EDGE('',*,*,#15810,.T.);
#15810 = EDGE_CURVE('',#15788,#15739,#15811,.T.);
#15811 = SURFACE_CURVE('',#15812,(#15816,#15823),.PCURVE_S1.);
#15812 = LINE('',#15813,#15814);
#15813 = CARTESIAN_POINT('',(-33.1345703125,-8.04521484375,8.775));
#15814 = VECTOR('',#15815,1.);
#15815 = DIRECTION('',(-0.936028311828,-0.351924707084,0.));
#15816 = PCURVE('',#14443,#15817);
#15817 = DEFINITIONAL_REPRESENTATION('',(#15818),#15822);
#15818 = LINE('',#15819,#15820);
#15819 = CARTESIAN_POINT('',(-0.,-0.6));
#15820 = VECTOR('',#15821,1.);
#15821 = DIRECTION('',(1.,0.));
#15822 = ( GEOMETRIC_REPRESENTATION_CONTEXT(2) 
PARAMETRIC_REPRESENTATION_CONTEXT() REPRESENTATION_CONTEXT('2D SPACE',''
  ) );
#15823 = PCURVE('',#15701,#15824);
#15824 = DEFINITIONAL_REPRESENTATION('',(#15825),#15829);
#15825 = LINE('',#15826,#15827);
#15826 = CARTESIAN_POINT('',(1.6037109375,0.58857421875));
#15827 = VECTOR('',#15828,1.);
#15828 = DIRECTION('',(-0.351924707084,0.936028311828));
#15829 = ( GEOMETRIC_REPRESENTATION_CONTEXT(2) 
PARAMETRIC_REPRESENTATION_CONTEXT() REPRESENTATION_CONTEXT('2D SPACE',''
  ) );
#15830 = ORIENTED_EDGE('',*,*,#15738,.F.);
#15831 = ORIENTED_EDGE('',*,*,#14427,.F.);
#15832 = ADVANCED_FACE('',(#15833),#14415,.T.);
#15833 = FACE_BOUND('',#15834,.T.);
#15834 = EDGE_LOOP('',(#15835,#15858,#15879,#15880));
#15835 = ORIENTED_EDGE('',*,*,#15836,.T.);
#15836 = EDGE_CURVE('',#14372,#15837,#15839,.T.);
#15837 = VERTEX_POINT('',#15838);
#15838 = CARTESIAN_POINT('',(-33.1345703125,-7.62890625,8.775));
#15839 = SURFACE_CURVE('',#15840,(#15844,#15851),.PCURVE_S1.);
#15840 = LINE('',#15841,#15842);
#15841 = CARTESIAN_POINT('',(-33.1345703125,-7.62890625,9.375));
#15842 = VECTOR('',#15843,1.);
#15843 = DIRECTION('',(-0.,-0.,-1.));
#15844 = PCURVE('',#14415,#15845);
#15845 = DEFINITIONAL_REPRESENTATION('',(#15846),#15850);
#15846 = LINE('',#15847,#15848);
#15847 = CARTESIAN_POINT('',(0.,0.));
#15848 = VECTOR('',#15849,1.);
#15849 = DIRECTION('',(0.,-1.));
#15850 = ( GEOMETRIC_REPRESENTATION_CONTEXT(2) 
PARAMETRIC_REPRESENTATION_CONTEXT() REPRESENTATION_CONTEXT('2D SPACE',''
  ) );
#15851 = PCURVE('',#14387,#15852);
#15852 = DEFINITIONAL_REPRESENTATION('',(#15853),#15857);
#15853 = LINE('',#15854,#15855);
#15854 = CARTESIAN_POINT('',(2.243521882258,0.));
#15855 = VECTOR('',#15856,1.);
#15856 = DIRECTION('',(0.,-1.));
#15857 = ( GEOMETRIC_REPRESENTATION_CONTEXT(2) 
PARAMETRIC_REPRESENTATION_CONTEXT() REPRESENTATION_CONTEXT('2D SPACE',''
  ) );
#15858 = ORIENTED_EDGE('',*,*,#15859,.T.);
#15859 = EDGE_CURVE('',#15837,#15788,#15860,.T.);
#15860 = SURFACE_CURVE('',#15861,(#15865,#15872),.PCURVE_S1.);
#15861 = LINE('',#15862,#15863);
#15862 = CARTESIAN_POINT('',(-33.1345703125,-7.62890625,8.775));
#15863 = VECTOR('',#15864,1.);
#15864 = DIRECTION('',(-1.110223024625E-16,-1.,0.));
#15865 = PCURVE('',#14415,#15866);
#15866 = DEFINITIONAL_REPRESENTATION('',(#15867),#15871);
#15867 = LINE('',#15868,#15869);
#15868 = CARTESIAN_POINT('',(-0.,-0.6));
#15869 = VECTOR('',#15870,1.);
#15870 = DIRECTION('',(1.,0.));
#15871 = ( GEOMETRIC_REPRESENTATION_CONTEXT(2) 
PARAMETRIC_REPRESENTATION_CONTEXT() REPRESENTATION_CONTEXT('2D SPACE',''
  ) );
#15872 = PCURVE('',#15701,#15873);
#15873 = DEFINITIONAL_REPRESENTATION('',(#15874),#15878);
#15874 = LINE('',#15875,#15876);
#15875 = CARTESIAN_POINT('',(2.02001953125,0.58857421875));
#15876 = VECTOR('',#15877,1.);
#15877 = DIRECTION('',(-1.,0.));
#15878 = ( GEOMETRIC_REPRESENTATION_CONTEXT(2) 
PARAMETRIC_REPRESENTATION_CONTEXT() REPRESENTATION_CONTEXT('2D SPACE',''
  ) );
#15879 = ORIENTED_EDGE('',*,*,#15787,.F.);
#15880 = ORIENTED_EDGE('',*,*,#14399,.F.);
#15881 = ADVANCED_FACE('',(#15882),#14387,.T.);
#15882 = FACE_BOUND('',#15883,.T.);
#15883 = EDGE_LOOP('',(#15884,#15907,#15928,#15929));
#15884 = ORIENTED_EDGE('',*,*,#15885,.T.);
#15885 = EDGE_CURVE('',#14344,#15886,#15888,.T.);
#15886 = VERTEX_POINT('',#15887);
#15887 = CARTESIAN_POINT('',(-35.2345703125,-6.83935546875,8.775));
#15888 = SURFACE_CURVE('',#15889,(#15893,#15900),.PCURVE_S1.);
#15889 = LINE('',#15890,#15891);
#15890 = CARTESIAN_POINT('',(-35.2345703125,-6.83935546875,9.375));
#15891 = VECTOR('',#15892,1.);
#15892 = DIRECTION('',(-0.,-0.,-1.));
#15893 = PCURVE('',#14387,#15894);
#15894 = DEFINITIONAL_REPRESENTATION('',(#15895),#15899);
#15895 = LINE('',#15896,#15897);
#15896 = CARTESIAN_POINT('',(0.,0.));
#15897 = VECTOR('',#15898,1.);
#15898 = DIRECTION('',(0.,-1.));
#15899 = ( GEOMETRIC_REPRESENTATION_CONTEXT(2) 
PARAMETRIC_REPRESENTATION_CONTEXT() REPRESENTATION_CONTEXT('2D SPACE',''
  ) );
#15900 = PCURVE('',#14359,#15901);
#15901 = DEFINITIONAL_REPRESENTATION('',(#15902),#15906);
#15902 = LINE('',#15903,#15904);
#15903 = CARTESIAN_POINT('',(2.68857421875,0.));
#15904 = VECTOR('',#15905,1.);
#15905 = DIRECTION('',(0.,-1.));
#15906 = ( GEOMETRIC_REPRESENTATION_CONTEXT(2) 
PARAMETRIC_REPRESENTATION_CONTEXT() REPRESENTATION_CONTEXT('2D SPACE',''
  ) );
#15907 = ORIENTED_EDGE('',*,*,#15908,.T.);
#15908 = EDGE_CURVE('',#15886,#15837,#15909,.T.);
#15909 = SURFACE_CURVE('',#15910,(#15914,#15921),.PCURVE_S1.);
#15910 = LINE('',#15911,#15912);
#15911 = CARTESIAN_POINT('',(-35.2345703125,-6.83935546875,8.775));
#15912 = VECTOR('',#15913,1.);
#15913 = DIRECTION('',(0.936028311828,-0.351924707084,0.));
#15914 = PCURVE('',#14387,#15915);
#15915 = DEFINITIONAL_REPRESENTATION('',(#15916),#15920);
#15916 = LINE('',#15917,#15918);
#15917 = CARTESIAN_POINT('',(0.,-0.6));
#15918 = VECTOR('',#15919,1.);
#15919 = DIRECTION('',(1.,0.));
#15920 = ( GEOMETRIC_REPRESENTATION_CONTEXT(2) 
PARAMETRIC_REPRESENTATION_CONTEXT() REPRESENTATION_CONTEXT('2D SPACE',''
  ) );
#15921 = PCURVE('',#15701,#15922);
#15922 = DEFINITIONAL_REPRESENTATION('',(#15923),#15927);
#15923 = LINE('',#15924,#15925);
#15924 = CARTESIAN_POINT('',(2.8095703125,2.68857421875));
#15925 = VECTOR('',#15926,1.);
#15926 = DIRECTION('',(-0.351924707084,-0.936028311828));
#15927 = ( GEOMETRIC_REPRESENTATION_CONTEXT(2) 
PARAMETRIC_REPRESENTATION_CONTEXT() REPRESENTATION_CONTEXT('2D SPACE',''
  ) );
#15928 = ORIENTED_EDGE('',*,*,#15836,.F.);
#15929 = ORIENTED_EDGE('',*,*,#14371,.F.);
#15930 = ADVANCED_FACE('',(#15931),#14359,.T.);
#15931 = FACE_BOUND('',#15932,.T.);
#15932 = EDGE_LOOP('',(#15933,#15956,#15977,#15978));
#15933 = ORIENTED_EDGE('',*,*,#15934,.T.);
#15934 = EDGE_CURVE('',#14316,#15935,#15937,.T.);
#15935 = VERTEX_POINT('',#15936);
#15936 = CARTESIAN_POINT('',(-32.54599609375,-6.83935546875,8.775));
#15937 = SURFACE_CURVE('',#15938,(#15942,#15949),.PCURVE_S1.);
#15938 = LINE('',#15939,#15940);
#15939 = CARTESIAN_POINT('',(-32.54599609375,-6.83935546875,9.375));
#15940 = VECTOR('',#15941,1.);
#15941 = DIRECTION('',(-0.,-0.,-1.));
#15942 = PCURVE('',#14359,#15943);
#15943 = DEFINITIONAL_REPRESENTATION('',(#15944),#15948);
#15944 = LINE('',#15945,#15946);
#15945 = CARTESIAN_POINT('',(0.,0.));
#15946 = VECTOR('',#15947,1.);
#15947 = DIRECTION('',(0.,-1.));
#15948 = ( GEOMETRIC_REPRESENTATION_CONTEXT(2) 
PARAMETRIC_REPRESENTATION_CONTEXT() REPRESENTATION_CONTEXT('2D SPACE',''
  ) );
#15949 = PCURVE('',#14331,#15950);
#15950 = DEFINITIONAL_REPRESENTATION('',(#15951),#15955);
#15951 = LINE('',#15952,#15953);
#15952 = CARTESIAN_POINT('',(0.40400390625,0.));
#15953 = VECTOR('',#15954,1.);
#15954 = DIRECTION('',(0.,-1.));
#15955 = ( GEOMETRIC_REPRESENTATION_CONTEXT(2) 
PARAMETRIC_REPRESENTATION_CONTEXT() REPRESENTATION_CONTEXT('2D SPACE',''
  ) );
#15956 = ORIENTED_EDGE('',*,*,#15957,.T.);
#15957 = EDGE_CURVE('',#15935,#15886,#15958,.T.);
#15958 = SURFACE_CURVE('',#15959,(#15963,#15970),.PCURVE_S1.);
#15959 = LINE('',#15960,#15961);
#15960 = CARTESIAN_POINT('',(-32.54599609375,-6.83935546875,8.775));
#15961 = VECTOR('',#15962,1.);
#15962 = DIRECTION('',(-1.,1.110223024625E-16,0.));
#15963 = PCURVE('',#14359,#15964);
#15964 = DEFINITIONAL_REPRESENTATION('',(#15965),#15969);
#15965 = LINE('',#15966,#15967);
#15966 = CARTESIAN_POINT('',(0.,-0.6));
#15967 = VECTOR('',#15968,1.);
#15968 = DIRECTION('',(1.,0.));
#15969 = ( GEOMETRIC_REPRESENTATION_CONTEXT(2) 
PARAMETRIC_REPRESENTATION_CONTEXT() REPRESENTATION_CONTEXT('2D SPACE',''
  ) );
#15970 = PCURVE('',#15701,#15971);
#15971 = DEFINITIONAL_REPRESENTATION('',(#15972),#15976);
#15972 = LINE('',#15973,#15974);
#15973 = CARTESIAN_POINT('',(2.8095703125,0.));
#15974 = VECTOR('',#15975,1.);
#15975 = DIRECTION('',(0.,1.));
#15976 = ( GEOMETRIC_REPRESENTATION_CONTEXT(2) 
PARAMETRIC_REPRESENTATION_CONTEXT() REPRESENTATION_CONTEXT('2D SPACE',''
  ) );
#15977 = ORIENTED_EDGE('',*,*,#15885,.F.);
#15978 = ORIENTED_EDGE('',*,*,#14343,.F.);
#15979 = ADVANCED_FACE('',(#15980),#14331,.T.);
#15980 = FACE_BOUND('',#15981,.T.);
#15981 = EDGE_LOOP('',(#15982,#16005,#16026,#16027));
#15982 = ORIENTED_EDGE('',*,*,#15983,.T.);
#15983 = EDGE_CURVE('',#14288,#15984,#15986,.T.);
#15984 = VERTEX_POINT('',#15985);
#15985 = CARTESIAN_POINT('',(-32.54599609375,-6.4353515625,8.775));
#15986 = SURFACE_CURVE('',#15987,(#15991,#15998),.PCURVE_S1.);
#15987 = LINE('',#15988,#15989);
#15988 = CARTESIAN_POINT('',(-32.54599609375,-6.4353515625,9.375));
#15989 = VECTOR('',#15990,1.);
#15990 = DIRECTION('',(-0.,-0.,-1.));
#15991 = PCURVE('',#14331,#15992);
#15992 = DEFINITIONAL_REPRESENTATION('',(#15993),#15997);
#15993 = LINE('',#15994,#15995);
#15994 = CARTESIAN_POINT('',(0.,0.));
#15995 = VECTOR('',#15996,1.);
#15996 = DIRECTION('',(0.,-1.));
#15997 = ( GEOMETRIC_REPRESENTATION_CONTEXT(2) 
PARAMETRIC_REPRESENTATION_CONTEXT() REPRESENTATION_CONTEXT('2D SPACE',''
  ) );
#15998 = PCURVE('',#14303,#15999);
#15999 = DEFINITIONAL_REPRESENTATION('',(#16000),#16004);
#16000 = LINE('',#16001,#16002);
#16001 = CARTESIAN_POINT('',(3.06181640625,0.));
#16002 = VECTOR('',#16003,1.);
#16003 = DIRECTION('',(0.,-1.));
#16004 = ( GEOMETRIC_REPRESENTATION_CONTEXT(2) 
PARAMETRIC_REPRESENTATION_CONTEXT() REPRESENTATION_CONTEXT('2D SPACE',''
  ) );
#16005 = ORIENTED_EDGE('',*,*,#16006,.T.);
#16006 = EDGE_CURVE('',#15984,#15935,#16007,.T.);
#16007 = SURFACE_CURVE('',#16008,(#16012,#16019),.PCURVE_S1.);
#16008 = LINE('',#16009,#16010);
#16009 = CARTESIAN_POINT('',(-32.54599609375,-6.4353515625,8.775));
#16010 = VECTOR('',#16011,1.);
#16011 = DIRECTION('',(-1.110223024625E-16,-1.,0.));
#16012 = PCURVE('',#14331,#16013);
#16013 = DEFINITIONAL_REPRESENTATION('',(#16014),#16018);
#16014 = LINE('',#16015,#16016);
#16015 = CARTESIAN_POINT('',(-0.,-0.6));
#16016 = VECTOR('',#16017,1.);
#16017 = DIRECTION('',(1.,0.));
#16018 = ( GEOMETRIC_REPRESENTATION_CONTEXT(2) 
PARAMETRIC_REPRESENTATION_CONTEXT() REPRESENTATION_CONTEXT('2D SPACE',''
  ) );
#16019 = PCURVE('',#15701,#16020);
#16020 = DEFINITIONAL_REPRESENTATION('',(#16021),#16025);
#16021 = LINE('',#16022,#16023);
#16022 = CARTESIAN_POINT('',(3.21357421875,0.));
#16023 = VECTOR('',#16024,1.);
#16024 = DIRECTION('',(-1.,0.));
#16025 = ( GEOMETRIC_REPRESENTATION_CONTEXT(2) 
PARAMETRIC_REPRESENTATION_CONTEXT() REPRESENTATION_CONTEXT('2D SPACE',''
  ) );
#16026 = ORIENTED_EDGE('',*,*,#15934,.F.);
#16027 = ORIENTED_EDGE('',*,*,#14315,.F.);
#16028 = ADVANCED_FACE('',(#16029),#14303,.T.);
#16029 = FACE_BOUND('',#16030,.T.);
#16030 = EDGE_LOOP('',(#16031,#16054,#16075,#16076));
#16031 = ORIENTED_EDGE('',*,*,#16032,.T.);
#16032 = EDGE_CURVE('',#14260,#16033,#16035,.T.);
#16033 = VERTEX_POINT('',#16034);
#16034 = CARTESIAN_POINT('',(-35.6078125,-6.4353515625,8.775));
#16035 = SURFACE_CURVE('',#16036,(#16040,#16047),.PCURVE_S1.);
#16036 = LINE('',#16037,#16038);
#16037 = CARTESIAN_POINT('',(-35.6078125,-6.4353515625,9.375));
#16038 = VECTOR('',#16039,1.);
#16039 = DIRECTION('',(-0.,-0.,-1.));
#16040 = PCURVE('',#14303,#16041);
#16041 = DEFINITIONAL_REPRESENTATION('',(#16042),#16046);
#16042 = LINE('',#16043,#16044);
#16043 = CARTESIAN_POINT('',(0.,0.));
#16044 = VECTOR('',#16045,1.);
#16045 = DIRECTION('',(0.,-1.));
#16046 = ( GEOMETRIC_REPRESENTATION_CONTEXT(2) 
PARAMETRIC_REPRESENTATION_CONTEXT() REPRESENTATION_CONTEXT('2D SPACE',''
  ) );
#16047 = PCURVE('',#14275,#16048);
#16048 = DEFINITIONAL_REPRESENTATION('',(#16049),#16053);
#16049 = LINE('',#16050,#16051);
#16050 = CARTESIAN_POINT('',(0.61728515625,0.));
#16051 = VECTOR('',#16052,1.);
#16052 = DIRECTION('',(0.,-1.));
#16053 = ( GEOMETRIC_REPRESENTATION_CONTEXT(2) 
PARAMETRIC_REPRESENTATION_CONTEXT() REPRESENTATION_CONTEXT('2D SPACE',''
  ) );
#16054 = ORIENTED_EDGE('',*,*,#16055,.T.);
#16055 = EDGE_CURVE('',#16033,#15984,#16056,.T.);
#16056 = SURFACE_CURVE('',#16057,(#16061,#16068),.PCURVE_S1.);
#16057 = LINE('',#16058,#16059);
#16058 = CARTESIAN_POINT('',(-35.6078125,-6.4353515625,8.775));
#16059 = VECTOR('',#16060,1.);
#16060 = DIRECTION('',(1.,-1.110223024625E-16,0.));
#16061 = PCURVE('',#14303,#16062);
#16062 = DEFINITIONAL_REPRESENTATION('',(#16063),#16067);
#16063 = LINE('',#16064,#16065);
#16064 = CARTESIAN_POINT('',(0.,-0.6));
#16065 = VECTOR('',#16066,1.);
#16066 = DIRECTION('',(1.,0.));
#16067 = ( GEOMETRIC_REPRESENTATION_CONTEXT(2) 
PARAMETRIC_REPRESENTATION_CONTEXT() REPRESENTATION_CONTEXT('2D SPACE',''
  ) );
#16068 = PCURVE('',#15701,#16069);
#16069 = DEFINITIONAL_REPRESENTATION('',(#16070),#16074);
#16070 = LINE('',#16071,#16072);
#16071 = CARTESIAN_POINT('',(3.21357421875,3.06181640625));
#16072 = VECTOR('',#16073,1.);
#16073 = DIRECTION('',(0.,-1.));
#16074 = ( GEOMETRIC_REPRESENTATION_CONTEXT(2) 
PARAMETRIC_REPRESENTATION_CONTEXT() REPRESENTATION_CONTEXT('2D SPACE',''
  ) );
#16075 = ORIENTED_EDGE('',*,*,#15983,.F.);
#16076 = ORIENTED_EDGE('',*,*,#14287,.F.);
#16077 = ADVANCED_FACE('',(#16078),#14275,.T.);
#16078 = FACE_BOUND('',#16079,.T.);
#16079 = EDGE_LOOP('',(#16080,#16103,#16124,#16125));
#16080 = ORIENTED_EDGE('',*,*,#16081,.T.);
#16081 = EDGE_CURVE('',#14232,#16082,#16084,.T.);
#16082 = VERTEX_POINT('',#16083);
#16083 = CARTESIAN_POINT('',(-35.6078125,-7.05263671875,8.775));
#16084 = SURFACE_CURVE('',#16085,(#16089,#16096),.PCURVE_S1.);
#16085 = LINE('',#16086,#16087);
#16086 = CARTESIAN_POINT('',(-35.6078125,-7.05263671875,9.375));
#16087 = VECTOR('',#16088,1.);
#16088 = DIRECTION('',(-0.,-0.,-1.));
#16089 = PCURVE('',#14275,#16090);
#16090 = DEFINITIONAL_REPRESENTATION('',(#16091),#16095);
#16091 = LINE('',#16092,#16093);
#16092 = CARTESIAN_POINT('',(0.,0.));
#16093 = VECTOR('',#16094,1.);
#16094 = DIRECTION('',(0.,-1.));
#16095 = ( GEOMETRIC_REPRESENTATION_CONTEXT(2) 
PARAMETRIC_REPRESENTATION_CONTEXT() REPRESENTATION_CONTEXT('2D SPACE',''
  ) );
#16096 = PCURVE('',#14247,#16097);
#16097 = DEFINITIONAL_REPRESENTATION('',(#16098),#16102);
#16098 = LINE('',#16099,#16100);
#16099 = CARTESIAN_POINT('',(2.226722566975,0.));
#16100 = VECTOR('',#16101,1.);
#16101 = DIRECTION('',(0.,-1.));
#16102 = ( GEOMETRIC_REPRESENTATION_CONTEXT(2) 
PARAMETRIC_REPRESENTATION_CONTEXT() REPRESENTATION_CONTEXT('2D SPACE',''
  ) );
#16103 = ORIENTED_EDGE('',*,*,#16104,.T.);
#16104 = EDGE_CURVE('',#16082,#16033,#16105,.T.);
#16105 = SURFACE_CURVE('',#16106,(#16110,#16117),.PCURVE_S1.);
#16106 = LINE('',#16107,#16108);
#16107 = CARTESIAN_POINT('',(-35.6078125,-7.05263671875,8.775));
#16108 = VECTOR('',#16109,1.);
#16109 = DIRECTION('',(1.110223024625E-16,1.,0.));
#16110 = PCURVE('',#14275,#16111);
#16111 = DEFINITIONAL_REPRESENTATION('',(#16112),#16116);
#16112 = LINE('',#16113,#16114);
#16113 = CARTESIAN_POINT('',(0.,-0.6));
#16114 = VECTOR('',#16115,1.);
#16115 = DIRECTION('',(1.,0.));
#16116 = ( GEOMETRIC_REPRESENTATION_CONTEXT(2) 
PARAMETRIC_REPRESENTATION_CONTEXT() REPRESENTATION_CONTEXT('2D SPACE',''
  ) );
#16117 = PCURVE('',#15701,#16118);
#16118 = DEFINITIONAL_REPRESENTATION('',(#16119),#16123);
#16119 = LINE('',#16120,#16121);
#16120 = CARTESIAN_POINT('',(2.5962890625,3.06181640625));
#16121 = VECTOR('',#16122,1.);
#16122 = DIRECTION('',(1.,0.));
#16123 = ( GEOMETRIC_REPRESENTATION_CONTEXT(2) 
PARAMETRIC_REPRESENTATION_CONTEXT() REPRESENTATION_CONTEXT('2D SPACE',''
  ) );
#16124 = ORIENTED_EDGE('',*,*,#16032,.F.);
#16125 = ORIENTED_EDGE('',*,*,#14259,.F.);
#16126 = ADVANCED_FACE('',(#16127),#14247,.T.);
#16127 = FACE_BOUND('',#16128,.T.);
#16128 = EDGE_LOOP('',(#16129,#16152,#16173,#16174));
#16129 = ORIENTED_EDGE('',*,*,#16130,.T.);
#16130 = EDGE_CURVE('',#14204,#16131,#16133,.T.);
#16131 = VERTEX_POINT('',#16132);
#16132 = CARTESIAN_POINT('',(-33.52421875,-7.8380859375,8.775));
#16133 = SURFACE_CURVE('',#16134,(#16138,#16145),.PCURVE_S1.);
#16134 = LINE('',#16135,#16136);
#16135 = CARTESIAN_POINT('',(-33.52421875,-7.8380859375,9.375));
#16136 = VECTOR('',#16137,1.);
#16137 = DIRECTION('',(-0.,-0.,-1.));
#16138 = PCURVE('',#14247,#16139);
#16139 = DEFINITIONAL_REPRESENTATION('',(#16140),#16144);
#16140 = LINE('',#16141,#16142);
#16141 = CARTESIAN_POINT('',(0.,0.));
#16142 = VECTOR('',#16143,1.);
#16143 = DIRECTION('',(0.,-1.));
#16144 = ( GEOMETRIC_REPRESENTATION_CONTEXT(2) 
PARAMETRIC_REPRESENTATION_CONTEXT() REPRESENTATION_CONTEXT('2D SPACE',''
  ) );
#16145 = PCURVE('',#14219,#16146);
#16146 = DEFINITIONAL_REPRESENTATION('',(#16147),#16151);
#16147 = LINE('',#16148,#16149);
#16148 = CARTESIAN_POINT('',(2.225279100465,0.));
#16149 = VECTOR('',#16150,1.);
#16150 = DIRECTION('',(0.,-1.));
#16151 = ( GEOMETRIC_REPRESENTATION_CONTEXT(2) 
PARAMETRIC_REPRESENTATION_CONTEXT() REPRESENTATION_CONTEXT('2D SPACE',''
  ) );
#16152 = ORIENTED_EDGE('',*,*,#16153,.T.);
#16153 = EDGE_CURVE('',#16131,#16082,#16154,.T.);
#16154 = SURFACE_CURVE('',#16155,(#16159,#16166),.PCURVE_S1.);
#16155 = LINE('',#16156,#16157);
#16156 = CARTESIAN_POINT('',(-33.52421875,-7.8380859375,8.775));
#16157 = VECTOR('',#16158,1.);
#16158 = DIRECTION('',(-0.935722204869,0.35273779967,0.));
#16159 = PCURVE('',#14247,#16160);
#16160 = DEFINITIONAL_REPRESENTATION('',(#16161),#16165);
#16161 = LINE('',#16162,#16163);
#16162 = CARTESIAN_POINT('',(0.,-0.6));
#16163 = VECTOR('',#16164,1.);
#16164 = DIRECTION('',(1.,0.));
#16165 = ( GEOMETRIC_REPRESENTATION_CONTEXT(2) 
PARAMETRIC_REPRESENTATION_CONTEXT() REPRESENTATION_CONTEXT('2D SPACE',''
  ) );
#16166 = PCURVE('',#15701,#16167);
#16167 = DEFINITIONAL_REPRESENTATION('',(#16168),#16172);
#16168 = LINE('',#16169,#16170);
#16169 = CARTESIAN_POINT('',(1.81083984375,0.97822265625));
#16170 = VECTOR('',#16171,1.);
#16171 = DIRECTION('',(0.35273779967,0.935722204869));
#16172 = ( GEOMETRIC_REPRESENTATION_CONTEXT(2) 
PARAMETRIC_REPRESENTATION_CONTEXT() REPRESENTATION_CONTEXT('2D SPACE',''
  ) );
#16173 = ORIENTED_EDGE('',*,*,#16081,.F.);
#16174 = ORIENTED_EDGE('',*,*,#14231,.F.);
#16175 = ADVANCED_FACE('',(#16176),#14219,.T.);
#16176 = FACE_BOUND('',#16177,.T.);
#16177 = EDGE_LOOP('',(#16178,#16201,#16222,#16223));
#16178 = ORIENTED_EDGE('',*,*,#16179,.T.);
#16179 = EDGE_CURVE('',#14176,#16180,#16182,.T.);
#16180 = VERTEX_POINT('',#16181);
#16181 = CARTESIAN_POINT('',(-35.6078125,-8.61943359375,8.775));
#16182 = SURFACE_CURVE('',#16183,(#16187,#16194),.PCURVE_S1.);
#16183 = LINE('',#16184,#16185);
#16184 = CARTESIAN_POINT('',(-35.6078125,-8.61943359375,9.375));
#16185 = VECTOR('',#16186,1.);
#16186 = DIRECTION('',(-0.,-0.,-1.));
#16187 = PCURVE('',#14219,#16188);
#16188 = DEFINITIONAL_REPRESENTATION('',(#16189),#16193);
#16189 = LINE('',#16190,#16191);
#16190 = CARTESIAN_POINT('',(0.,0.));
#16191 = VECTOR('',#16192,1.);
#16192 = DIRECTION('',(0.,-1.));
#16193 = ( GEOMETRIC_REPRESENTATION_CONTEXT(2) 
PARAMETRIC_REPRESENTATION_CONTEXT() REPRESENTATION_CONTEXT('2D SPACE',''
  ) );
#16194 = PCURVE('',#14191,#16195);
#16195 = DEFINITIONAL_REPRESENTATION('',(#16196),#16200);
#16196 = LINE('',#16197,#16198);
#16197 = CARTESIAN_POINT('',(0.61728515625,0.));
#16198 = VECTOR('',#16199,1.);
#16199 = DIRECTION('',(0.,-1.));
#16200 = ( GEOMETRIC_REPRESENTATION_CONTEXT(2) 
PARAMETRIC_REPRESENTATION_CONTEXT() REPRESENTATION_CONTEXT('2D SPACE',''
  ) );
#16201 = ORIENTED_EDGE('',*,*,#16202,.T.);
#16202 = EDGE_CURVE('',#16180,#16131,#16203,.T.);
#16203 = SURFACE_CURVE('',#16204,(#16208,#16215),.PCURVE_S1.);
#16204 = LINE('',#16205,#16206);
#16205 = CARTESIAN_POINT('',(-35.6078125,-8.61943359375,8.775));
#16206 = VECTOR('',#16207,1.);
#16207 = DIRECTION('',(0.936329177569,0.351123441588,0.));
#16208 = PCURVE('',#14219,#16209);
#16209 = DEFINITIONAL_REPRESENTATION('',(#16210),#16214);
#16210 = LINE('',#16211,#16212);
#16211 = CARTESIAN_POINT('',(0.,-0.6));
#16212 = VECTOR('',#16213,1.);
#16213 = DIRECTION('',(1.,0.));
#16214 = ( GEOMETRIC_REPRESENTATION_CONTEXT(2) 
PARAMETRIC_REPRESENTATION_CONTEXT() REPRESENTATION_CONTEXT('2D SPACE',''
  ) );
#16215 = PCURVE('',#15701,#16216);
#16216 = DEFINITIONAL_REPRESENTATION('',(#16217),#16221);
#16217 = LINE('',#16218,#16219);
#16218 = CARTESIAN_POINT('',(1.0294921875,3.06181640625));
#16219 = VECTOR('',#16220,1.);
#16220 = DIRECTION('',(0.351123441588,-0.936329177569));
#16221 = ( GEOMETRIC_REPRESENTATION_CONTEXT(2) 
PARAMETRIC_REPRESENTATION_CONTEXT() REPRESENTATION_CONTEXT('2D SPACE',''
  ) );
#16222 = ORIENTED_EDGE('',*,*,#16130,.F.);
#16223 = ORIENTED_EDGE('',*,*,#14203,.F.);
#16224 = ADVANCED_FACE('',(#16225),#14191,.T.);
#16225 = FACE_BOUND('',#16226,.T.);
#16226 = EDGE_LOOP('',(#16227,#16250,#16271,#16272));
#16227 = ORIENTED_EDGE('',*,*,#16228,.T.);
#16228 = EDGE_CURVE('',#14148,#16229,#16231,.T.);
#16229 = VERTEX_POINT('',#16230);
#16230 = CARTESIAN_POINT('',(-35.6078125,-9.23671875,8.775));
#16231 = SURFACE_CURVE('',#16232,(#16236,#16243),.PCURVE_S1.);
#16232 = LINE('',#16233,#16234);
#16233 = CARTESIAN_POINT('',(-35.6078125,-9.23671875,9.375));
#16234 = VECTOR('',#16235,1.);
#16235 = DIRECTION('',(-0.,-0.,-1.));
#16236 = PCURVE('',#14191,#16237);
#16237 = DEFINITIONAL_REPRESENTATION('',(#16238),#16242);
#16238 = LINE('',#16239,#16240);
#16239 = CARTESIAN_POINT('',(0.,0.));
#16240 = VECTOR('',#16241,1.);
#16241 = DIRECTION('',(0.,-1.));
#16242 = ( GEOMETRIC_REPRESENTATION_CONTEXT(2) 
PARAMETRIC_REPRESENTATION_CONTEXT() REPRESENTATION_CONTEXT('2D SPACE',''
  ) );
#16243 = PCURVE('',#14163,#16244);
#16244 = DEFINITIONAL_REPRESENTATION('',(#16245),#16249);
#16245 = LINE('',#16246,#16247);
#16246 = CARTESIAN_POINT('',(3.06181640625,0.));
#16247 = VECTOR('',#16248,1.);
#16248 = DIRECTION('',(0.,-1.));
#16249 = ( GEOMETRIC_REPRESENTATION_CONTEXT(2) 
PARAMETRIC_REPRESENTATION_CONTEXT() REPRESENTATION_CONTEXT('2D SPACE',''
  ) );
#16250 = ORIENTED_EDGE('',*,*,#16251,.T.);
#16251 = EDGE_CURVE('',#16229,#16180,#16252,.T.);
#16252 = SURFACE_CURVE('',#16253,(#16257,#16264),.PCURVE_S1.);
#16253 = LINE('',#16254,#16255);
#16254 = CARTESIAN_POINT('',(-35.6078125,-9.23671875,8.775));
#16255 = VECTOR('',#16256,1.);
#16256 = DIRECTION('',(1.110223024625E-16,1.,0.));
#16257 = PCURVE('',#14191,#16258);
#16258 = DEFINITIONAL_REPRESENTATION('',(#16259),#16263);
#16259 = LINE('',#16260,#16261);
#16260 = CARTESIAN_POINT('',(0.,-0.6));
#16261 = VECTOR('',#16262,1.);
#16262 = DIRECTION('',(1.,0.));
#16263 = ( GEOMETRIC_REPRESENTATION_CONTEXT(2) 
PARAMETRIC_REPRESENTATION_CONTEXT() REPRESENTATION_CONTEXT('2D SPACE',''
  ) );
#16264 = PCURVE('',#15701,#16265);
#16265 = DEFINITIONAL_REPRESENTATION('',(#16266),#16270);
#16266 = LINE('',#16267,#16268);
#16267 = CARTESIAN_POINT('',(0.41220703125,3.06181640625));
#16268 = VECTOR('',#16269,1.);
#16269 = DIRECTION('',(1.,0.));
#16270 = ( GEOMETRIC_REPRESENTATION_CONTEXT(2) 
PARAMETRIC_REPRESENTATION_CONTEXT() REPRESENTATION_CONTEXT('2D SPACE',''
  ) );
#16271 = ORIENTED_EDGE('',*,*,#16179,.F.);
#16272 = ORIENTED_EDGE('',*,*,#14175,.F.);
#16273 = ADVANCED_FACE('',(#16274),#14163,.T.);
#16274 = FACE_BOUND('',#16275,.T.);
#16275 = EDGE_LOOP('',(#16276,#16277,#16298,#16299));
#16276 = ORIENTED_EDGE('',*,*,#15713,.T.);
#16277 = ORIENTED_EDGE('',*,*,#16278,.T.);
#16278 = EDGE_CURVE('',#15686,#16229,#16279,.T.);
#16279 = SURFACE_CURVE('',#16280,(#16284,#16291),.PCURVE_S1.);
#16280 = LINE('',#16281,#16282);
#16281 = CARTESIAN_POINT('',(-32.54599609375,-9.23671875,8.775));
#16282 = VECTOR('',#16283,1.);
#16283 = DIRECTION('',(-1.,1.110223024625E-16,0.));
#16284 = PCURVE('',#14163,#16285);
#16285 = DEFINITIONAL_REPRESENTATION('',(#16286),#16290);
#16286 = LINE('',#16287,#16288);
#16287 = CARTESIAN_POINT('',(0.,-0.6));
#16288 = VECTOR('',#16289,1.);
#16289 = DIRECTION('',(1.,0.));
#16290 = ( GEOMETRIC_REPRESENTATION_CONTEXT(2) 
PARAMETRIC_REPRESENTATION_CONTEXT() REPRESENTATION_CONTEXT('2D SPACE',''
  ) );
#16291 = PCURVE('',#15701,#16292);
#16292 = DEFINITIONAL_REPRESENTATION('',(#16293),#16297);
#16293 = LINE('',#16294,#16295);
#16294 = CARTESIAN_POINT('',(0.41220703125,0.));
#16295 = VECTOR('',#16296,1.);
#16296 = DIRECTION('',(0.,1.));
#16297 = ( GEOMETRIC_REPRESENTATION_CONTEXT(2) 
PARAMETRIC_REPRESENTATION_CONTEXT() REPRESENTATION_CONTEXT('2D SPACE',''
  ) );
#16298 = ORIENTED_EDGE('',*,*,#16228,.F.);
#16299 = ORIENTED_EDGE('',*,*,#14147,.F.);
#16300 = ADVANCED_FACE('',(#16301),#14513,.F.);
#16301 = FACE_BOUND('',#16302,.F.);
#16302 = EDGE_LOOP('',(#16303,#16326,#16366,#16367));
#16303 = ORIENTED_EDGE('',*,*,#16304,.T.);
#16304 = EDGE_CURVE('',#14484,#16305,#16307,.T.);
#16305 = VERTEX_POINT('',#16306);
#16306 = CARTESIAN_POINT('',(-35.66318359375,-4.37021484375,8.775));
#16307 = SEAM_CURVE('',#16308,(#16312,#16319),.PCURVE_S1.);
#16308 = LINE('',#16309,#16310);
#16309 = CARTESIAN_POINT('',(-35.66318359375,-4.37021484375,9.375));
#16310 = VECTOR('',#16311,1.);
#16311 = DIRECTION('',(-0.,-0.,-1.));
#16312 = PCURVE('',#14513,#16313);
#16313 = DEFINITIONAL_REPRESENTATION('',(#16314),#16318);
#16314 = LINE('',#16315,#16316);
#16315 = CARTESIAN_POINT('',(0.,0.));
#16316 = VECTOR('',#16317,1.);
#16317 = DIRECTION('',(0.,-1.));
#16318 = ( GEOMETRIC_REPRESENTATION_CONTEXT(2) 
PARAMETRIC_REPRESENTATION_CONTEXT() REPRESENTATION_CONTEXT('2D SPACE',''
  ) );
#16319 = PCURVE('',#14513,#16320);
#16320 = DEFINITIONAL_REPRESENTATION('',(#16321),#16325);
#16321 = LINE('',#16322,#16323);
#16322 = CARTESIAN_POINT('',(7.992949323261,0.));
#16323 = VECTOR('',#16324,1.);
#16324 = DIRECTION('',(0.,-1.));
#16325 = ( GEOMETRIC_REPRESENTATION_CONTEXT(2) 
PARAMETRIC_REPRESENTATION_CONTEXT() REPRESENTATION_CONTEXT('2D SPACE',''
  ) );
#16326 = ORIENTED_EDGE('',*,*,#16327,.T.);
#16327 = EDGE_CURVE('',#16305,#16305,#16328,.T.);
#16328 = SURFACE_CURVE('',#16329,(#16340,#16347),.PCURVE_S1.);
#16329 = B_SPLINE_CURVE_WITH_KNOTS('',2,(#16330,#16331,#16332,#16333,
    #16334,#16335,#16336,#16337,#16338,#16339),.UNSPECIFIED.,.T.,.F.,(3,
    1,1,1,1,1,1,1,3),(0.,1.,2.,3.,4.,4.996825396825,5.993650793651,
    6.993300058456,7.992949323261),.UNSPECIFIED.);
#16330 = CARTESIAN_POINT('',(-35.66318359375,-4.37021484375,8.775));
#16331 = CARTESIAN_POINT('',(-35.66318359375,-5.0162109375,8.775));
#16332 = CARTESIAN_POINT('',(-34.7998046875,-5.78935546875,8.775));
#16333 = CARTESIAN_POINT('',(-33.3478515625,-5.78935546875,8.775));
#16334 = CARTESIAN_POINT('',(-32.4865234375,-5.0162109375,8.775));
#16335 = CARTESIAN_POINT('',(-32.4865234375,-3.72626953125,8.775));
#16336 = CARTESIAN_POINT('',(-33.34990234375,-2.95517578125,8.775));
#16337 = CARTESIAN_POINT('',(-34.7998046875,-2.95517578125,8.775));
#16338 = CARTESIAN_POINT('',(-35.66318359375,-3.72626953125,8.775));
#16339 = CARTESIAN_POINT('',(-35.66318359375,-4.37021484375,8.775));
#16340 = PCURVE('',#14513,#16341);
#16341 = DEFINITIONAL_REPRESENTATION('',(#16342),#16346);
#16342 = LINE('',#16343,#16344);
#16343 = CARTESIAN_POINT('',(0.,-0.6));
#16344 = VECTOR('',#16345,1.);
#16345 = DIRECTION('',(1.,0.));
#16346 = ( GEOMETRIC_REPRESENTATION_CONTEXT(2) 
PARAMETRIC_REPRESENTATION_CONTEXT() REPRESENTATION_CONTEXT('2D SPACE',''
  ) );
#16347 = PCURVE('',#16348,#16353);
#16348 = PLANE('',#16349);
#16349 = AXIS2_PLACEMENT_3D('',#16350,#16351,#16352);
#16350 = CARTESIAN_POINT('',(-32.54599609375,-6.0251953125,8.775));
#16351 = DIRECTION('',(0.,0.,1.));
#16352 = DIRECTION('',(1.110223024625E-16,1.,0.));
#16353 = DEFINITIONAL_REPRESENTATION('',(#16354),#16365);
#16354 = B_SPLINE_CURVE_WITH_KNOTS('',2,(#16355,#16356,#16357,#16358,
    #16359,#16360,#16361,#16362,#16363,#16364),.UNSPECIFIED.,.T.,.F.,(3,
    1,1,1,1,1,1,1,3),(0.,1.,2.,3.,4.,4.996825396825,5.993650793651,
    6.993300058456,7.992949323261),.UNSPECIFIED.);
#16355 = CARTESIAN_POINT('',(1.65498046875,3.1171875));
#16356 = CARTESIAN_POINT('',(1.008984375,3.1171875));
#16357 = CARTESIAN_POINT('',(0.23583984375,2.25380859375));
#16358 = CARTESIAN_POINT('',(0.23583984375,0.80185546875));
#16359 = CARTESIAN_POINT('',(1.008984375,-5.947265625E-02));
#16360 = CARTESIAN_POINT('',(2.29892578125,-5.947265625E-02));
#16361 = CARTESIAN_POINT('',(3.07001953125,0.80390625));
#16362 = CARTESIAN_POINT('',(3.07001953125,2.25380859375));
#16363 = CARTESIAN_POINT('',(2.29892578125,3.1171875));
#16364 = CARTESIAN_POINT('',(1.65498046875,3.1171875));
#16365 = ( GEOMETRIC_REPRESENTATION_CONTEXT(2) 
PARAMETRIC_REPRESENTATION_CONTEXT() REPRESENTATION_CONTEXT('2D SPACE',''
  ) );
#16366 = ORIENTED_EDGE('',*,*,#16304,.F.);
#16367 = ORIENTED_EDGE('',*,*,#14483,.F.);
#16368 = ADVANCED_FACE('',(#16369),#14568,.F.);
#16369 = FACE_BOUND('',#16370,.F.);
#16370 = EDGE_LOOP('',(#16371,#16394,#16436,#16457));
#16371 = ORIENTED_EDGE('',*,*,#16372,.T.);
#16372 = EDGE_CURVE('',#14537,#16373,#16375,.T.);
#16373 = VERTEX_POINT('',#16374);
#16374 = CARTESIAN_POINT('',(-35.37197265625,-1.435546875E-02,8.775));
#16375 = SURFACE_CURVE('',#16376,(#16380,#16387),.PCURVE_S1.);
#16376 = LINE('',#16377,#16378);
#16377 = CARTESIAN_POINT('',(-35.37197265625,-1.435546875E-02,9.375));
#16378 = VECTOR('',#16379,1.);
#16379 = DIRECTION('',(-0.,-0.,-1.));
#16380 = PCURVE('',#14568,#16381);
#16381 = DEFINITIONAL_REPRESENTATION('',(#16382),#16386);
#16382 = LINE('',#16383,#16384);
#16383 = CARTESIAN_POINT('',(0.,0.));
#16384 = VECTOR('',#16385,1.);
#16385 = DIRECTION('',(0.,-1.));
#16386 = ( GEOMETRIC_REPRESENTATION_CONTEXT(2) 
PARAMETRIC_REPRESENTATION_CONTEXT() REPRESENTATION_CONTEXT('2D SPACE',''
  ) );
#16387 = PCURVE('',#14605,#16388);
#16388 = DEFINITIONAL_REPRESENTATION('',(#16389),#16393);
#16389 = LINE('',#16390,#16391);
#16390 = CARTESIAN_POINT('',(0.,0.));
#16391 = VECTOR('',#16392,1.);
#16392 = DIRECTION('',(0.,-1.));
#16393 = ( GEOMETRIC_REPRESENTATION_CONTEXT(2) 
PARAMETRIC_REPRESENTATION_CONTEXT() REPRESENTATION_CONTEXT('2D SPACE',''
  ) );
#16394 = ORIENTED_EDGE('',*,*,#16395,.T.);
#16395 = EDGE_CURVE('',#16373,#16396,#16398,.T.);
#16396 = VERTEX_POINT('',#16397);
#16397 = CARTESIAN_POINT('',(-32.7818359375,-1.435546875E-02,8.775));
#16398 = SURFACE_CURVE('',#16399,(#16410,#16417),.PCURVE_S1.);
#16399 = B_SPLINE_CURVE_WITH_KNOTS('',2,(#16400,#16401,#16402,#16403,
    #16404,#16405,#16406,#16407,#16408,#16409),.UNSPECIFIED.,.F.,.F.,(3,
    1,1,1,1,1,1,1,3),(0.,1.,2.,4.529850746269,7.059701492537,
    9.582524875622,12.105348258707,13.087686567164,14.070024875622),
  .UNSPECIFIED.);
#16400 = CARTESIAN_POINT('',(-35.37197265625,-1.435546875E-02,8.775));
#16401 = CARTESIAN_POINT('',(-35.517578125,-0.22763671875,8.775));
#16402 = CARTESIAN_POINT('',(-35.66318359375,-0.713671875,8.775));
#16403 = CARTESIAN_POINT('',(-35.66318359375,-1.68369140625,8.775));
#16404 = CARTESIAN_POINT('',(-34.812109375,-2.48349609375,8.775));
#16405 = CARTESIAN_POINT('',(-33.33759765625,-2.48349609375,8.775));
#16406 = CARTESIAN_POINT('',(-32.4865234375,-1.68369140625,8.775));
#16407 = CARTESIAN_POINT('',(-32.4865234375,-0.7177734375,8.775));
#16408 = CARTESIAN_POINT('',(-32.6341796875,-0.23173828125,8.775));
#16409 = CARTESIAN_POINT('',(-32.7818359375,-1.435546875E-02,8.775));
#16410 = PCURVE('',#14568,#16411);
#16411 = DEFINITIONAL_REPRESENTATION('',(#16412),#16416);
#16412 = LINE('',#16413,#16414);
#16413 = CARTESIAN_POINT('',(0.,-0.6));
#16414 = VECTOR('',#16415,1.);
#16415 = DIRECTION('',(1.,0.));
#16416 = ( GEOMETRIC_REPRESENTATION_CONTEXT(2) 
PARAMETRIC_REPRESENTATION_CONTEXT() REPRESENTATION_CONTEXT('2D SPACE',''
  ) );
#16417 = PCURVE('',#16418,#16423);
#16418 = PLANE('',#16419);
#16419 = AXIS2_PLACEMENT_3D('',#16420,#16421,#16422);
#16420 = CARTESIAN_POINT('',(-32.54599609375,-2.7193359375,8.775));
#16421 = DIRECTION('',(0.,0.,1.));
#16422 = DIRECTION('',(1.110223024625E-16,1.,0.));
#16423 = DEFINITIONAL_REPRESENTATION('',(#16424),#16435);
#16424 = B_SPLINE_CURVE_WITH_KNOTS('',2,(#16425,#16426,#16427,#16428,
    #16429,#16430,#16431,#16432,#16433,#16434),.UNSPECIFIED.,.F.,.F.,(3,
    1,1,1,1,1,1,1,3),(0.,1.,2.,4.529850746269,7.059701492537,
    9.582524875622,12.105348258707,13.087686567164,14.070024875622),
  .UNSPECIFIED.);
#16425 = CARTESIAN_POINT('',(2.70498046875,2.8259765625));
#16426 = CARTESIAN_POINT('',(2.49169921875,2.97158203125));
#16427 = CARTESIAN_POINT('',(2.0056640625,3.1171875));
#16428 = CARTESIAN_POINT('',(1.03564453125,3.1171875));
#16429 = CARTESIAN_POINT('',(0.23583984375,2.26611328125));
#16430 = CARTESIAN_POINT('',(0.23583984375,0.7916015625));
#16431 = CARTESIAN_POINT('',(1.03564453125,-5.947265625E-02));
#16432 = CARTESIAN_POINT('',(2.0015625,-5.947265625E-02));
#16433 = CARTESIAN_POINT('',(2.48759765625,8.818359375E-02));
#16434 = CARTESIAN_POINT('',(2.70498046875,0.23583984375));
#16435 = ( GEOMETRIC_REPRESENTATION_CONTEXT(2) 
PARAMETRIC_REPRESENTATION_CONTEXT() REPRESENTATION_CONTEXT('2D SPACE',''
  ) );
#16436 = ORIENTED_EDGE('',*,*,#16437,.F.);
#16437 = EDGE_CURVE('',#14539,#16396,#16438,.T.);
#16438 = SURFACE_CURVE('',#16439,(#16443,#16450),.PCURVE_S1.);
#16439 = LINE('',#16440,#16441);
#16440 = CARTESIAN_POINT('',(-32.7818359375,-1.435546875E-02,9.375));
#16441 = VECTOR('',#16442,1.);
#16442 = DIRECTION('',(-0.,-0.,-1.));
#16443 = PCURVE('',#14568,#16444);
#16444 = DEFINITIONAL_REPRESENTATION('',(#16445),#16449);
#16445 = LINE('',#16446,#16447);
#16446 = CARTESIAN_POINT('',(14.070024875622,0.));
#16447 = VECTOR('',#16448,1.);
#16448 = DIRECTION('',(0.,-1.));
#16449 = ( GEOMETRIC_REPRESENTATION_CONTEXT(2) 
PARAMETRIC_REPRESENTATION_CONTEXT() REPRESENTATION_CONTEXT('2D SPACE',''
  ) );
#16450 = PCURVE('',#14682,#16451);
#16451 = DEFINITIONAL_REPRESENTATION('',(#16452),#16456);
#16452 = LINE('',#16453,#16454);
#16453 = CARTESIAN_POINT('',(0.43271484375,0.));
#16454 = VECTOR('',#16455,1.);
#16455 = DIRECTION('',(0.,-1.));
#16456 = ( GEOMETRIC_REPRESENTATION_CONTEXT(2) 
PARAMETRIC_REPRESENTATION_CONTEXT() REPRESENTATION_CONTEXT('2D SPACE',''
  ) );
#16457 = ORIENTED_EDGE('',*,*,#14536,.F.);
#16458 = ADVANCED_FACE('',(#16459),#14682,.T.);
#16459 = FACE_BOUND('',#16460,.T.);
#16460 = EDGE_LOOP('',(#16461,#16484,#16505,#16506));
#16461 = ORIENTED_EDGE('',*,*,#16462,.T.);
#16462 = EDGE_CURVE('',#14618,#16463,#16465,.T.);
#16463 = VERTEX_POINT('',#16464);
#16464 = CARTESIAN_POINT('',(-33.21455078125,-1.435546875E-02,8.775));
#16465 = SURFACE_CURVE('',#16466,(#16470,#16477),.PCURVE_S1.);
#16466 = LINE('',#16467,#16468);
#16467 = CARTESIAN_POINT('',(-33.21455078125,-1.435546875E-02,9.375));
#16468 = VECTOR('',#16469,1.);
#16469 = DIRECTION('',(-0.,-0.,-1.));
#16470 = PCURVE('',#14682,#16471);
#16471 = DEFINITIONAL_REPRESENTATION('',(#16472),#16476);
#16472 = LINE('',#16473,#16474);
#16473 = CARTESIAN_POINT('',(0.,0.));
#16474 = VECTOR('',#16475,1.);
#16475 = DIRECTION('',(0.,-1.));
#16476 = ( GEOMETRIC_REPRESENTATION_CONTEXT(2) 
PARAMETRIC_REPRESENTATION_CONTEXT() REPRESENTATION_CONTEXT('2D SPACE',''
  ) );
#16477 = PCURVE('',#14647,#16478);
#16478 = DEFINITIONAL_REPRESENTATION('',(#16479),#16483);
#16479 = LINE('',#16480,#16481);
#16480 = CARTESIAN_POINT('',(0.,0.));
#16481 = VECTOR('',#16482,1.);
#16482 = DIRECTION('',(0.,-1.));
#16483 = ( GEOMETRIC_REPRESENTATION_CONTEXT(2) 
PARAMETRIC_REPRESENTATION_CONTEXT() REPRESENTATION_CONTEXT('2D SPACE',''
  ) );
#16484 = ORIENTED_EDGE('',*,*,#16485,.T.);
#16485 = EDGE_CURVE('',#16463,#16396,#16486,.T.);
#16486 = SURFACE_CURVE('',#16487,(#16491,#16498),.PCURVE_S1.);
#16487 = LINE('',#16488,#16489);
#16488 = CARTESIAN_POINT('',(-33.21455078125,-1.435546875E-02,8.775));
#16489 = VECTOR('',#16490,1.);
#16490 = DIRECTION('',(1.,-1.110223024625E-16,0.));
#16491 = PCURVE('',#14682,#16492);
#16492 = DEFINITIONAL_REPRESENTATION('',(#16493),#16497);
#16493 = LINE('',#16494,#16495);
#16494 = CARTESIAN_POINT('',(0.,-0.6));
#16495 = VECTOR('',#16496,1.);
#16496 = DIRECTION('',(1.,0.));
#16497 = ( GEOMETRIC_REPRESENTATION_CONTEXT(2) 
PARAMETRIC_REPRESENTATION_CONTEXT() REPRESENTATION_CONTEXT('2D SPACE',''
  ) );
#16498 = PCURVE('',#16418,#16499);
#16499 = DEFINITIONAL_REPRESENTATION('',(#16500),#16504);
#16500 = LINE('',#16501,#16502);
#16501 = CARTESIAN_POINT('',(2.70498046875,0.6685546875));
#16502 = VECTOR('',#16503,1.);
#16503 = DIRECTION('',(0.,-1.));
#16504 = ( GEOMETRIC_REPRESENTATION_CONTEXT(2) 
PARAMETRIC_REPRESENTATION_CONTEXT() REPRESENTATION_CONTEXT('2D SPACE',''
  ) );
#16505 = ORIENTED_EDGE('',*,*,#16437,.F.);
#16506 = ORIENTED_EDGE('',*,*,#14668,.F.);
#16507 = ADVANCED_FACE('',(#16508),#14647,.F.);
#16508 = FACE_BOUND('',#16509,.F.);
#16509 = EDGE_LOOP('',(#16510,#16511,#16548,#16569));
#16510 = ORIENTED_EDGE('',*,*,#16462,.T.);
#16511 = ORIENTED_EDGE('',*,*,#16512,.T.);
#16512 = EDGE_CURVE('',#16463,#16513,#16515,.T.);
#16513 = VERTEX_POINT('',#16514);
#16514 = CARTESIAN_POINT('',(-34.93515625,-1.435546875E-02,8.775));
#16515 = SURFACE_CURVE('',#16516,(#16527,#16534),.PCURVE_S1.);
#16516 = B_SPLINE_CURVE_WITH_KNOTS('',2,(#16517,#16518,#16519,#16520,
    #16521,#16522,#16523,#16524,#16525,#16526),.UNSPECIFIED.,.F.,.F.,(3,
    1,1,1,1,1,1,1,3),(0.,1.,2.,3.969230769231,5.938461538462,
    7.914367666232,9.890273794003,10.893663624511,11.89705345502),
  .UNSPECIFIED.);
#16517 = CARTESIAN_POINT('',(-33.21455078125,-1.435546875E-02,8.775));
#16518 = CARTESIAN_POINT('',(-33.0197265625,-0.22353515625,8.775));
#16519 = CARTESIAN_POINT('',(-32.826953125,-0.697265625,8.775));
#16520 = CARTESIAN_POINT('',(-32.826953125,-1.4888671875,8.775));
#16521 = CARTESIAN_POINT('',(-33.46884765625,-2.0466796875,8.775));
#16522 = CARTESIAN_POINT('',(-34.680859375,-2.0466796875,8.775));
#16523 = CARTESIAN_POINT('',(-35.32275390625,-1.4888671875,8.775));
#16524 = CARTESIAN_POINT('',(-35.32275390625,-0.697265625,8.775));
#16525 = CARTESIAN_POINT('',(-35.12998046875,-0.22353515625,8.775));
#16526 = CARTESIAN_POINT('',(-34.93515625,-1.435546875E-02,8.775));
#16527 = PCURVE('',#14647,#16528);
#16528 = DEFINITIONAL_REPRESENTATION('',(#16529),#16533);
#16529 = LINE('',#16530,#16531);
#16530 = CARTESIAN_POINT('',(0.,-0.6));
#16531 = VECTOR('',#16532,1.);
#16532 = DIRECTION('',(1.,0.));
#16533 = ( GEOMETRIC_REPRESENTATION_CONTEXT(2) 
PARAMETRIC_REPRESENTATION_CONTEXT() REPRESENTATION_CONTEXT('2D SPACE',''
  ) );
#16534 = PCURVE('',#16418,#16535);
#16535 = DEFINITIONAL_REPRESENTATION('',(#16536),#16547);
#16536 = B_SPLINE_CURVE_WITH_KNOTS('',2,(#16537,#16538,#16539,#16540,
    #16541,#16542,#16543,#16544,#16545,#16546),.UNSPECIFIED.,.F.,.F.,(3,
    1,1,1,1,1,1,1,3),(0.,1.,2.,3.969230769231,5.938461538462,
    7.914367666232,9.890273794003,10.893663624511,11.89705345502),
  .UNSPECIFIED.);
#16537 = CARTESIAN_POINT('',(2.70498046875,0.6685546875));
#16538 = CARTESIAN_POINT('',(2.49580078125,0.47373046875));
#16539 = CARTESIAN_POINT('',(2.0220703125,0.28095703125));
#16540 = CARTESIAN_POINT('',(1.23046875,0.28095703125));
#16541 = CARTESIAN_POINT('',(0.67265625,0.9228515625));
#16542 = CARTESIAN_POINT('',(0.67265625,2.13486328125));
#16543 = CARTESIAN_POINT('',(1.23046875,2.7767578125));
#16544 = CARTESIAN_POINT('',(2.0220703125,2.7767578125));
#16545 = CARTESIAN_POINT('',(2.49580078125,2.583984375));
#16546 = CARTESIAN_POINT('',(2.70498046875,2.38916015625));
#16547 = ( GEOMETRIC_REPRESENTATION_CONTEXT(2) 
PARAMETRIC_REPRESENTATION_CONTEXT() REPRESENTATION_CONTEXT('2D SPACE',''
  ) );
#16548 = ORIENTED_EDGE('',*,*,#16549,.F.);
#16549 = EDGE_CURVE('',#14590,#16513,#16550,.T.);
#16550 = SURFACE_CURVE('',#16551,(#16555,#16562),.PCURVE_S1.);
#16551 = LINE('',#16552,#16553);
#16552 = CARTESIAN_POINT('',(-34.93515625,-1.435546875E-02,9.375));
#16553 = VECTOR('',#16554,1.);
#16554 = DIRECTION('',(-0.,-0.,-1.));
#16555 = PCURVE('',#14647,#16556);
#16556 = DEFINITIONAL_REPRESENTATION('',(#16557),#16561);
#16557 = LINE('',#16558,#16559);
#16558 = CARTESIAN_POINT('',(11.89705345502,0.));
#16559 = VECTOR('',#16560,1.);
#16560 = DIRECTION('',(0.,-1.));
#16561 = ( GEOMETRIC_REPRESENTATION_CONTEXT(2) 
PARAMETRIC_REPRESENTATION_CONTEXT() REPRESENTATION_CONTEXT('2D SPACE',''
  ) );
#16562 = PCURVE('',#14605,#16563);
#16563 = DEFINITIONAL_REPRESENTATION('',(#16564),#16568);
#16564 = LINE('',#16565,#16566);
#16565 = CARTESIAN_POINT('',(0.43681640625,0.));
#16566 = VECTOR('',#16567,1.);
#16567 = DIRECTION('',(0.,-1.));
#16568 = ( GEOMETRIC_REPRESENTATION_CONTEXT(2) 
PARAMETRIC_REPRESENTATION_CONTEXT() REPRESENTATION_CONTEXT('2D SPACE',''
  ) );
#16569 = ORIENTED_EDGE('',*,*,#14617,.F.);
#16570 = ADVANCED_FACE('',(#16571),#14605,.T.);
#16571 = FACE_BOUND('',#16572,.T.);
#16572 = EDGE_LOOP('',(#16573,#16574,#16595,#16596));
#16573 = ORIENTED_EDGE('',*,*,#16372,.T.);
#16574 = ORIENTED_EDGE('',*,*,#16575,.T.);
#16575 = EDGE_CURVE('',#16373,#16513,#16576,.T.);
#16576 = SURFACE_CURVE('',#16577,(#16581,#16588),.PCURVE_S1.);
#16577 = LINE('',#16578,#16579);
#16578 = CARTESIAN_POINT('',(-35.37197265625,-1.435546875E-02,8.775));
#16579 = VECTOR('',#16580,1.);
#16580 = DIRECTION('',(1.,-1.110223024625E-16,0.));
#16581 = PCURVE('',#14605,#16582);
#16582 = DEFINITIONAL_REPRESENTATION('',(#16583),#16587);
#16583 = LINE('',#16584,#16585);
#16584 = CARTESIAN_POINT('',(0.,-0.6));
#16585 = VECTOR('',#16586,1.);
#16586 = DIRECTION('',(1.,0.));
#16587 = ( GEOMETRIC_REPRESENTATION_CONTEXT(2) 
PARAMETRIC_REPRESENTATION_CONTEXT() REPRESENTATION_CONTEXT('2D SPACE',''
  ) );
#16588 = PCURVE('',#16418,#16589);
#16589 = DEFINITIONAL_REPRESENTATION('',(#16590),#16594);
#16590 = LINE('',#16591,#16592);
#16591 = CARTESIAN_POINT('',(2.70498046875,2.8259765625));
#16592 = VECTOR('',#16593,1.);
#16593 = DIRECTION('',(0.,-1.));
#16594 = ( GEOMETRIC_REPRESENTATION_CONTEXT(2) 
PARAMETRIC_REPRESENTATION_CONTEXT() REPRESENTATION_CONTEXT('2D SPACE',''
  ) );
#16595 = ORIENTED_EDGE('',*,*,#16549,.F.);
#16596 = ORIENTED_EDGE('',*,*,#14589,.F.);
#16597 = ADVANCED_FACE('',(#16598),#14714,.T.);
#16598 = FACE_BOUND('',#16599,.T.);
#16599 = EDGE_LOOP('',(#16600,#16623,#16651,#16672));
#16600 = ORIENTED_EDGE('',*,*,#16601,.T.);
#16601 = EDGE_CURVE('',#14697,#16602,#16604,.T.);
#16602 = VERTEX_POINT('',#16603);
#16603 = CARTESIAN_POINT('',(-32.54599609375,1.03974609375,8.775));
#16604 = SURFACE_CURVE('',#16605,(#16609,#16616),.PCURVE_S1.);
#16605 = LINE('',#16606,#16607);
#16606 = CARTESIAN_POINT('',(-32.54599609375,1.03974609375,9.375));
#16607 = VECTOR('',#16608,1.);
#16608 = DIRECTION('',(-0.,-0.,-1.));
#16609 = PCURVE('',#14714,#16610);
#16610 = DEFINITIONAL_REPRESENTATION('',(#16611),#16615);
#16611 = LINE('',#16612,#16613);
#16612 = CARTESIAN_POINT('',(0.,0.));
#16613 = VECTOR('',#16614,1.);
#16614 = DIRECTION('',(0.,-1.));
#16615 = ( GEOMETRIC_REPRESENTATION_CONTEXT(2) 
PARAMETRIC_REPRESENTATION_CONTEXT() REPRESENTATION_CONTEXT('2D SPACE',''
  ) );
#16616 = PCURVE('',#14992,#16617);
#16617 = DEFINITIONAL_REPRESENTATION('',(#16618),#16622);
#16618 = LINE('',#16619,#16620);
#16619 = CARTESIAN_POINT('',(1.47451171875,0.));
#16620 = VECTOR('',#16621,1.);
#16621 = DIRECTION('',(0.,-1.));
#16622 = ( GEOMETRIC_REPRESENTATION_CONTEXT(2) 
PARAMETRIC_REPRESENTATION_CONTEXT() REPRESENTATION_CONTEXT('2D SPACE',''
  ) );
#16623 = ORIENTED_EDGE('',*,*,#16624,.T.);
#16624 = EDGE_CURVE('',#16602,#16625,#16627,.T.);
#16625 = VERTEX_POINT('',#16626);
#16626 = CARTESIAN_POINT('',(-32.54599609375,0.62548828125,8.775));
#16627 = SURFACE_CURVE('',#16628,(#16632,#16639),.PCURVE_S1.);
#16628 = LINE('',#16629,#16630);
#16629 = CARTESIAN_POINT('',(-32.54599609375,1.03974609375,8.775));
#16630 = VECTOR('',#16631,1.);
#16631 = DIRECTION('',(-1.110223024625E-16,-1.,0.));
#16632 = PCURVE('',#14714,#16633);
#16633 = DEFINITIONAL_REPRESENTATION('',(#16634),#16638);
#16634 = LINE('',#16635,#16636);
#16635 = CARTESIAN_POINT('',(-0.,-0.6));
#16636 = VECTOR('',#16637,1.);
#16637 = DIRECTION('',(1.,0.));
#16638 = ( GEOMETRIC_REPRESENTATION_CONTEXT(2) 
PARAMETRIC_REPRESENTATION_CONTEXT() REPRESENTATION_CONTEXT('2D SPACE',''
  ) );
#16639 = PCURVE('',#16640,#16645);
#16640 = PLANE('',#16641);
#16641 = AXIS2_PLACEMENT_3D('',#16642,#16643,#16644);
#16642 = CARTESIAN_POINT('',(-32.54599609375,0.21328125,8.775));
#16643 = DIRECTION('',(0.,0.,1.));
#16644 = DIRECTION('',(1.110223024625E-16,1.,0.));
#16645 = DEFINITIONAL_REPRESENTATION('',(#16646),#16650);
#16646 = LINE('',#16647,#16648);
#16647 = CARTESIAN_POINT('',(0.82646484375,0.));
#16648 = VECTOR('',#16649,1.);
#16649 = DIRECTION('',(-1.,0.));
#16650 = ( GEOMETRIC_REPRESENTATION_CONTEXT(2) 
PARAMETRIC_REPRESENTATION_CONTEXT() REPRESENTATION_CONTEXT('2D SPACE',''
  ) );
#16651 = ORIENTED_EDGE('',*,*,#16652,.F.);
#16652 = EDGE_CURVE('',#14699,#16625,#16653,.T.);
#16653 = SURFACE_CURVE('',#16654,(#16658,#16665),.PCURVE_S1.);
#16654 = LINE('',#16655,#16656);
#16655 = CARTESIAN_POINT('',(-32.54599609375,0.62548828125,9.375));
#16656 = VECTOR('',#16657,1.);
#16657 = DIRECTION('',(-0.,-0.,-1.));
#16658 = PCURVE('',#14714,#16659);
#16659 = DEFINITIONAL_REPRESENTATION('',(#16660),#16664);
#16660 = LINE('',#16661,#16662);
#16661 = CARTESIAN_POINT('',(0.4142578125,0.));
#16662 = VECTOR('',#16663,1.);
#16663 = DIRECTION('',(0.,-1.));
#16664 = ( GEOMETRIC_REPRESENTATION_CONTEXT(2) 
PARAMETRIC_REPRESENTATION_CONTEXT() REPRESENTATION_CONTEXT('2D SPACE',''
  ) );
#16665 = PCURVE('',#14742,#16666);
#16666 = DEFINITIONAL_REPRESENTATION('',(#16667),#16671);
#16667 = LINE('',#16668,#16669);
#16668 = CARTESIAN_POINT('',(0.,0.));
#16669 = VECTOR('',#16670,1.);
#16670 = DIRECTION('',(0.,-1.));
#16671 = ( GEOMETRIC_REPRESENTATION_CONTEXT(2) 
PARAMETRIC_REPRESENTATION_CONTEXT() REPRESENTATION_CONTEXT('2D SPACE',''
  ) );
#16672 = ORIENTED_EDGE('',*,*,#14696,.F.);
#16673 = ADVANCED_FACE('',(#16674),#14992,.T.);
#16674 = FACE_BOUND('',#16675,.T.);
#16675 = EDGE_LOOP('',(#16676,#16699,#16720,#16721));
#16676 = ORIENTED_EDGE('',*,*,#16677,.T.);
#16677 = EDGE_CURVE('',#14951,#16678,#16680,.T.);
#16678 = VERTEX_POINT('',#16679);
#16679 = CARTESIAN_POINT('',(-34.0205078125,1.03974609375,8.775));
#16680 = SURFACE_CURVE('',#16681,(#16685,#16692),.PCURVE_S1.);
#16681 = LINE('',#16682,#16683);
#16682 = CARTESIAN_POINT('',(-34.0205078125,1.03974609375,9.375));
#16683 = VECTOR('',#16684,1.);
#16684 = DIRECTION('',(-0.,-0.,-1.));
#16685 = PCURVE('',#14992,#16686);
#16686 = DEFINITIONAL_REPRESENTATION('',(#16687),#16691);
#16687 = LINE('',#16688,#16689);
#16688 = CARTESIAN_POINT('',(0.,0.));
#16689 = VECTOR('',#16690,1.);
#16690 = DIRECTION('',(0.,-1.));
#16691 = ( GEOMETRIC_REPRESENTATION_CONTEXT(2) 
PARAMETRIC_REPRESENTATION_CONTEXT() REPRESENTATION_CONTEXT('2D SPACE',''
  ) );
#16692 = PCURVE('',#14966,#16693);
#16693 = DEFINITIONAL_REPRESENTATION('',(#16694),#16698);
#16694 = LINE('',#16695,#16696);
#16695 = CARTESIAN_POINT('',(2.082376247544,0.));
#16696 = VECTOR('',#16697,1.);
#16697 = DIRECTION('',(0.,-1.));
#16698 = ( GEOMETRIC_REPRESENTATION_CONTEXT(2) 
PARAMETRIC_REPRESENTATION_CONTEXT() REPRESENTATION_CONTEXT('2D SPACE',''
  ) );
#16699 = ORIENTED_EDGE('',*,*,#16700,.T.);
#16700 = EDGE_CURVE('',#16678,#16602,#16701,.T.);
#16701 = SURFACE_CURVE('',#16702,(#16706,#16713),.PCURVE_S1.);
#16702 = LINE('',#16703,#16704);
#16703 = CARTESIAN_POINT('',(-34.0205078125,1.03974609375,8.775));
#16704 = VECTOR('',#16705,1.);
#16705 = DIRECTION('',(1.,-1.110223024625E-16,0.));
#16706 = PCURVE('',#14992,#16707);
#16707 = DEFINITIONAL_REPRESENTATION('',(#16708),#16712);
#16708 = LINE('',#16709,#16710);
#16709 = CARTESIAN_POINT('',(0.,-0.6));
#16710 = VECTOR('',#16711,1.);
#16711 = DIRECTION('',(1.,0.));
#16712 = ( GEOMETRIC_REPRESENTATION_CONTEXT(2) 
PARAMETRIC_REPRESENTATION_CONTEXT() REPRESENTATION_CONTEXT('2D SPACE',''
  ) );
#16713 = PCURVE('',#16640,#16714);
#16714 = DEFINITIONAL_REPRESENTATION('',(#16715),#16719);
#16715 = LINE('',#16716,#16717);
#16716 = CARTESIAN_POINT('',(0.82646484375,1.47451171875));
#16717 = VECTOR('',#16718,1.);
#16718 = DIRECTION('',(0.,-1.));
#16719 = ( GEOMETRIC_REPRESENTATION_CONTEXT(2) 
PARAMETRIC_REPRESENTATION_CONTEXT() REPRESENTATION_CONTEXT('2D SPACE',''
  ) );
#16720 = ORIENTED_EDGE('',*,*,#16601,.F.);
#16721 = ORIENTED_EDGE('',*,*,#14978,.F.);
#16722 = ADVANCED_FACE('',(#16723),#14966,.T.);
#16723 = FACE_BOUND('',#16724,.T.);
#16724 = EDGE_LOOP('',(#16725,#16748,#16769,#16770));
#16725 = ORIENTED_EDGE('',*,*,#16726,.T.);
#16726 = EDGE_CURVE('',#14923,#16727,#16729,.T.);
#16727 = VERTEX_POINT('',#16728);
#16728 = CARTESIAN_POINT('',(-32.54599609375,2.51015625,8.775));
#16729 = SURFACE_CURVE('',#16730,(#16734,#16741),.PCURVE_S1.);
#16730 = LINE('',#16731,#16732);
#16731 = CARTESIAN_POINT('',(-32.54599609375,2.51015625,9.375));
#16732 = VECTOR('',#16733,1.);
#16733 = DIRECTION('',(-0.,-0.,-1.));
#16734 = PCURVE('',#14966,#16735);
#16735 = DEFINITIONAL_REPRESENTATION('',(#16736),#16740);
#16736 = LINE('',#16737,#16738);
#16737 = CARTESIAN_POINT('',(0.,0.));
#16738 = VECTOR('',#16739,1.);
#16739 = DIRECTION('',(0.,-1.));
#16740 = ( GEOMETRIC_REPRESENTATION_CONTEXT(2) 
PARAMETRIC_REPRESENTATION_CONTEXT() REPRESENTATION_CONTEXT('2D SPACE',''
  ) );
#16741 = PCURVE('',#14938,#16742);
#16742 = DEFINITIONAL_REPRESENTATION('',(#16743),#16747);
#16743 = LINE('',#16744,#16745);
#16744 = CARTESIAN_POINT('',(0.5455078125,0.));
#16745 = VECTOR('',#16746,1.);
#16746 = DIRECTION('',(0.,-1.));
#16747 = ( GEOMETRIC_REPRESENTATION_CONTEXT(2) 
PARAMETRIC_REPRESENTATION_CONTEXT() REPRESENTATION_CONTEXT('2D SPACE',''
  ) );
#16748 = ORIENTED_EDGE('',*,*,#16749,.T.);
#16749 = EDGE_CURVE('',#16727,#16678,#16750,.T.);
#16750 = SURFACE_CURVE('',#16751,(#16755,#16762),.PCURVE_S1.);
#16751 = LINE('',#16752,#16753);
#16752 = CARTESIAN_POINT('',(-32.54599609375,2.51015625,8.775));
#16753 = VECTOR('',#16754,1.);
#16754 = DIRECTION('',(-0.708090922805,-0.706121267943,0.));
#16755 = PCURVE('',#14966,#16756);
#16756 = DEFINITIONAL_REPRESENTATION('',(#16757),#16761);
#16757 = LINE('',#16758,#16759);
#16758 = CARTESIAN_POINT('',(-0.,-0.6));
#16759 = VECTOR('',#16760,1.);
#16760 = DIRECTION('',(1.,0.));
#16761 = ( GEOMETRIC_REPRESENTATION_CONTEXT(2) 
PARAMETRIC_REPRESENTATION_CONTEXT() REPRESENTATION_CONTEXT('2D SPACE',''
  ) );
#16762 = PCURVE('',#16640,#16763);
#16763 = DEFINITIONAL_REPRESENTATION('',(#16764),#16768);
#16764 = LINE('',#16765,#16766);
#16765 = CARTESIAN_POINT('',(2.296875,0.));
#16766 = VECTOR('',#16767,1.);
#16767 = DIRECTION('',(-0.706121267943,0.708090922805));
#16768 = ( GEOMETRIC_REPRESENTATION_CONTEXT(2) 
PARAMETRIC_REPRESENTATION_CONTEXT() REPRESENTATION_CONTEXT('2D SPACE',''
  ) );
#16769 = ORIENTED_EDGE('',*,*,#16677,.F.);
#16770 = ORIENTED_EDGE('',*,*,#14950,.F.);
#16771 = ADVANCED_FACE('',(#16772),#14938,.T.);
#16772 = FACE_BOUND('',#16773,.T.);
#16773 = EDGE_LOOP('',(#16774,#16797,#16818,#16819));
#16774 = ORIENTED_EDGE('',*,*,#16775,.T.);
#16775 = EDGE_CURVE('',#14895,#16776,#16778,.T.);
#16776 = VERTEX_POINT('',#16777);
#16777 = CARTESIAN_POINT('',(-32.54599609375,3.0556640625,8.775));
#16778 = SURFACE_CURVE('',#16779,(#16783,#16790),.PCURVE_S1.);
#16779 = LINE('',#16780,#16781);
#16780 = CARTESIAN_POINT('',(-32.54599609375,3.0556640625,9.375));
#16781 = VECTOR('',#16782,1.);
#16782 = DIRECTION('',(-0.,-0.,-1.));
#16783 = PCURVE('',#14938,#16784);
#16784 = DEFINITIONAL_REPRESENTATION('',(#16785),#16789);
#16785 = LINE('',#16786,#16787);
#16786 = CARTESIAN_POINT('',(0.,0.));
#16787 = VECTOR('',#16788,1.);
#16788 = DIRECTION('',(0.,-1.));
#16789 = ( GEOMETRIC_REPRESENTATION_CONTEXT(2) 
PARAMETRIC_REPRESENTATION_CONTEXT() REPRESENTATION_CONTEXT('2D SPACE',''
  ) );
#16790 = PCURVE('',#14910,#16791);
#16791 = DEFINITIONAL_REPRESENTATION('',(#16792),#16796);
#16792 = LINE('',#16793,#16794);
#16793 = CARTESIAN_POINT('',(2.307147135345,0.));
#16794 = VECTOR('',#16795,1.);
#16795 = DIRECTION('',(0.,-1.));
#16796 = ( GEOMETRIC_REPRESENTATION_CONTEXT(2) 
PARAMETRIC_REPRESENTATION_CONTEXT() REPRESENTATION_CONTEXT('2D SPACE',''
  ) );
#16797 = ORIENTED_EDGE('',*,*,#16798,.T.);
#16798 = EDGE_CURVE('',#16776,#16727,#16799,.T.);
#16799 = SURFACE_CURVE('',#16800,(#16804,#16811),.PCURVE_S1.);
#16800 = LINE('',#16801,#16802);
#16801 = CARTESIAN_POINT('',(-32.54599609375,3.0556640625,8.775));
#16802 = VECTOR('',#16803,1.);
#16803 = DIRECTION('',(-1.110223024625E-16,-1.,0.));
#16804 = PCURVE('',#14938,#16805);
#16805 = DEFINITIONAL_REPRESENTATION('',(#16806),#16810);
#16806 = LINE('',#16807,#16808);
#16807 = CARTESIAN_POINT('',(-0.,-0.6));
#16808 = VECTOR('',#16809,1.);
#16809 = DIRECTION('',(1.,0.));
#16810 = ( GEOMETRIC_REPRESENTATION_CONTEXT(2) 
PARAMETRIC_REPRESENTATION_CONTEXT() REPRESENTATION_CONTEXT('2D SPACE',''
  ) );
#16811 = PCURVE('',#16640,#16812);
#16812 = DEFINITIONAL_REPRESENTATION('',(#16813),#16817);
#16813 = LINE('',#16814,#16815);
#16814 = CARTESIAN_POINT('',(2.8423828125,0.));
#16815 = VECTOR('',#16816,1.);
#16816 = DIRECTION('',(-1.,0.));
#16817 = ( GEOMETRIC_REPRESENTATION_CONTEXT(2) 
PARAMETRIC_REPRESENTATION_CONTEXT() REPRESENTATION_CONTEXT('2D SPACE',''
  ) );
#16818 = ORIENTED_EDGE('',*,*,#16726,.F.);
#16819 = ORIENTED_EDGE('',*,*,#14922,.F.);
#16820 = ADVANCED_FACE('',(#16821),#14910,.T.);
#16821 = FACE_BOUND('',#16822,.T.);
#16822 = EDGE_LOOP('',(#16823,#16846,#16867,#16868));
#16823 = ORIENTED_EDGE('',*,*,#16824,.T.);
#16824 = EDGE_CURVE('',#14867,#16825,#16827,.T.);
#16825 = VERTEX_POINT('',#16826);
#16826 = CARTESIAN_POINT('',(-34.18046875,1.42734375,8.775));
#16827 = SURFACE_CURVE('',#16828,(#16832,#16839),.PCURVE_S1.);
#16828 = LINE('',#16829,#16830);
#16829 = CARTESIAN_POINT('',(-34.18046875,1.42734375,9.375));
#16830 = VECTOR('',#16831,1.);
#16831 = DIRECTION('',(-0.,-0.,-1.));
#16832 = PCURVE('',#14910,#16833);
#16833 = DEFINITIONAL_REPRESENTATION('',(#16834),#16838);
#16834 = LINE('',#16835,#16836);
#16835 = CARTESIAN_POINT('',(0.,0.));
#16836 = VECTOR('',#16837,1.);
#16837 = DIRECTION('',(0.,-1.));
#16838 = ( GEOMETRIC_REPRESENTATION_CONTEXT(2) 
PARAMETRIC_REPRESENTATION_CONTEXT() REPRESENTATION_CONTEXT('2D SPACE',''
  ) );
#16839 = PCURVE('',#14882,#16840);
#16840 = DEFINITIONAL_REPRESENTATION('',(#16841),#16845);
#16841 = LINE('',#16842,#16843);
#16842 = CARTESIAN_POINT('',(2.084845844031,0.));
#16843 = VECTOR('',#16844,1.);
#16844 = DIRECTION('',(0.,-1.));
#16845 = ( GEOMETRIC_REPRESENTATION_CONTEXT(2) 
PARAMETRIC_REPRESENTATION_CONTEXT() REPRESENTATION_CONTEXT('2D SPACE',''
  ) );
#16846 = ORIENTED_EDGE('',*,*,#16847,.T.);
#16847 = EDGE_CURVE('',#16825,#16776,#16848,.T.);
#16848 = SURFACE_CURVE('',#16849,(#16853,#16860),.PCURVE_S1.);
#16849 = LINE('',#16850,#16851);
#16850 = CARTESIAN_POINT('',(-34.18046875,1.42734375,8.775));
#16851 = VECTOR('',#16852,1.);
#16852 = DIRECTION('',(0.708438846925,0.705772201328,0.));
#16853 = PCURVE('',#14910,#16854);
#16854 = DEFINITIONAL_REPRESENTATION('',(#16855),#16859);
#16855 = LINE('',#16856,#16857);
#16856 = CARTESIAN_POINT('',(0.,-0.6));
#16857 = VECTOR('',#16858,1.);
#16858 = DIRECTION('',(1.,0.));
#16859 = ( GEOMETRIC_REPRESENTATION_CONTEXT(2) 
PARAMETRIC_REPRESENTATION_CONTEXT() REPRESENTATION_CONTEXT('2D SPACE',''
  ) );
#16860 = PCURVE('',#16640,#16861);
#16861 = DEFINITIONAL_REPRESENTATION('',(#16862),#16866);
#16862 = LINE('',#16863,#16864);
#16863 = CARTESIAN_POINT('',(1.2140625,1.63447265625));
#16864 = VECTOR('',#16865,1.);
#16865 = DIRECTION('',(0.705772201328,-0.708438846925));
#16866 = ( GEOMETRIC_REPRESENTATION_CONTEXT(2) 
PARAMETRIC_REPRESENTATION_CONTEXT() REPRESENTATION_CONTEXT('2D SPACE',''
  ) );
#16867 = ORIENTED_EDGE('',*,*,#16775,.F.);
#16868 = ORIENTED_EDGE('',*,*,#14894,.F.);
#16869 = ADVANCED_FACE('',(#16870),#14882,.T.);
#16870 = FACE_BOUND('',#16871,.T.);
#16871 = EDGE_LOOP('',(#16872,#16895,#16916,#16917));
#16872 = ORIENTED_EDGE('',*,*,#16873,.T.);
#16873 = EDGE_CURVE('',#14839,#16874,#16876,.T.);
#16874 = VERTEX_POINT('',#16875);
#16875 = CARTESIAN_POINT('',(-35.6078125,2.94697265625,8.775));
#16876 = SURFACE_CURVE('',#16877,(#16881,#16888),.PCURVE_S1.);
#16877 = LINE('',#16878,#16879);
#16878 = CARTESIAN_POINT('',(-35.6078125,2.94697265625,9.375));
#16879 = VECTOR('',#16880,1.);
#16880 = DIRECTION('',(-0.,-0.,-1.));
#16881 = PCURVE('',#14882,#16882);
#16882 = DEFINITIONAL_REPRESENTATION('',(#16883),#16887);
#16883 = LINE('',#16884,#16885);
#16884 = CARTESIAN_POINT('',(0.,0.));
#16885 = VECTOR('',#16886,1.);
#16886 = DIRECTION('',(0.,-1.));
#16887 = ( GEOMETRIC_REPRESENTATION_CONTEXT(2) 
PARAMETRIC_REPRESENTATION_CONTEXT() REPRESENTATION_CONTEXT('2D SPACE',''
  ) );
#16888 = PCURVE('',#14854,#16889);
#16889 = DEFINITIONAL_REPRESENTATION('',(#16890),#16894);
#16890 = LINE('',#16891,#16892);
#16891 = CARTESIAN_POINT('',(0.533203125,0.));
#16892 = VECTOR('',#16893,1.);
#16893 = DIRECTION('',(0.,-1.));
#16894 = ( GEOMETRIC_REPRESENTATION_CONTEXT(2) 
PARAMETRIC_REPRESENTATION_CONTEXT() REPRESENTATION_CONTEXT('2D SPACE',''
  ) );
#16895 = ORIENTED_EDGE('',*,*,#16896,.T.);
#16896 = EDGE_CURVE('',#16874,#16825,#16897,.T.);
#16897 = SURFACE_CURVE('',#16898,(#16902,#16909),.PCURVE_S1.);
#16898 = LINE('',#16899,#16900);
#16899 = CARTESIAN_POINT('',(-35.6078125,2.94697265625,8.775));
#16900 = VECTOR('',#16901,1.);
#16901 = DIRECTION('',(0.684627956588,-0.72889269516,0.));
#16902 = PCURVE('',#14882,#16903);
#16903 = DEFINITIONAL_REPRESENTATION('',(#16904),#16908);
#16904 = LINE('',#16905,#16906);
#16905 = CARTESIAN_POINT('',(0.,-0.6));
#16906 = VECTOR('',#16907,1.);
#16907 = DIRECTION('',(1.,0.));
#16908 = ( GEOMETRIC_REPRESENTATION_CONTEXT(2) 
PARAMETRIC_REPRESENTATION_CONTEXT() REPRESENTATION_CONTEXT('2D SPACE',''
  ) );
#16909 = PCURVE('',#16640,#16910);
#16910 = DEFINITIONAL_REPRESENTATION('',(#16911),#16915);
#16911 = LINE('',#16912,#16913);
#16912 = CARTESIAN_POINT('',(2.73369140625,3.06181640625));
#16913 = VECTOR('',#16914,1.);
#16914 = DIRECTION('',(-0.72889269516,-0.684627956588));
#16915 = ( GEOMETRIC_REPRESENTATION_CONTEXT(2) 
PARAMETRIC_REPRESENTATION_CONTEXT() REPRESENTATION_CONTEXT('2D SPACE',''
  ) );
#16916 = ORIENTED_EDGE('',*,*,#16824,.F.);
#16917 = ORIENTED_EDGE('',*,*,#14866,.F.);
#16918 = ADVANCED_FACE('',(#16919),#14854,.T.);
#16919 = FACE_BOUND('',#16920,.T.);
#16920 = EDGE_LOOP('',(#16921,#16944,#16965,#16966));
#16921 = ORIENTED_EDGE('',*,*,#16922,.T.);
#16922 = EDGE_CURVE('',#14811,#16923,#16925,.T.);
#16923 = VERTEX_POINT('',#16924);
#16924 = CARTESIAN_POINT('',(-35.6078125,2.41376953125,8.775));
#16925 = SURFACE_CURVE('',#16926,(#16930,#16937),.PCURVE_S1.);
#16926 = LINE('',#16927,#16928);
#16927 = CARTESIAN_POINT('',(-35.6078125,2.41376953125,9.375));
#16928 = VECTOR('',#16929,1.);
#16929 = DIRECTION('',(-0.,-0.,-1.));
#16930 = PCURVE('',#14854,#16931);
#16931 = DEFINITIONAL_REPRESENTATION('',(#16932),#16936);
#16932 = LINE('',#16933,#16934);
#16933 = CARTESIAN_POINT('',(0.,0.));
#16934 = VECTOR('',#16935,1.);
#16935 = DIRECTION('',(0.,-1.));
#16936 = ( GEOMETRIC_REPRESENTATION_CONTEXT(2) 
PARAMETRIC_REPRESENTATION_CONTEXT() REPRESENTATION_CONTEXT('2D SPACE',''
  ) );
#16937 = PCURVE('',#14826,#16938);
#16938 = DEFINITIONAL_REPRESENTATION('',(#16939),#16943);
#16939 = LINE('',#16940,#16941);
#16940 = CARTESIAN_POINT('',(1.887455327093,0.));
#16941 = VECTOR('',#16942,1.);
#16942 = DIRECTION('',(0.,-1.));
#16943 = ( GEOMETRIC_REPRESENTATION_CONTEXT(2) 
PARAMETRIC_REPRESENTATION_CONTEXT() REPRESENTATION_CONTEXT('2D SPACE',''
  ) );
#16944 = ORIENTED_EDGE('',*,*,#16945,.T.);
#16945 = EDGE_CURVE('',#16923,#16874,#16946,.T.);
#16946 = SURFACE_CURVE('',#16947,(#16951,#16958),.PCURVE_S1.);
#16947 = LINE('',#16948,#16949);
#16948 = CARTESIAN_POINT('',(-35.6078125,2.41376953125,8.775));
#16949 = VECTOR('',#16950,1.);
#16950 = DIRECTION('',(1.110223024625E-16,1.,0.));
#16951 = PCURVE('',#14854,#16952);
#16952 = DEFINITIONAL_REPRESENTATION('',(#16953),#16957);
#16953 = LINE('',#16954,#16955);
#16954 = CARTESIAN_POINT('',(0.,-0.6));
#16955 = VECTOR('',#16956,1.);
#16956 = DIRECTION('',(1.,0.));
#16957 = ( GEOMETRIC_REPRESENTATION_CONTEXT(2) 
PARAMETRIC_REPRESENTATION_CONTEXT() REPRESENTATION_CONTEXT('2D SPACE',''
  ) );
#16958 = PCURVE('',#16640,#16959);
#16959 = DEFINITIONAL_REPRESENTATION('',(#16960),#16964);
#16960 = LINE('',#16961,#16962);
#16961 = CARTESIAN_POINT('',(2.20048828125,3.06181640625));
#16962 = VECTOR('',#16963,1.);
#16963 = DIRECTION('',(1.,0.));
#16964 = ( GEOMETRIC_REPRESENTATION_CONTEXT(2) 
PARAMETRIC_REPRESENTATION_CONTEXT() REPRESENTATION_CONTEXT('2D SPACE',''
  ) );
#16965 = ORIENTED_EDGE('',*,*,#16873,.F.);
#16966 = ORIENTED_EDGE('',*,*,#14838,.F.);
#16967 = ADVANCED_FACE('',(#16968),#14826,.T.);
#16968 = FACE_BOUND('',#16969,.T.);
#16969 = EDGE_LOOP('',(#16970,#16993,#17014,#17015));
#16970 = ORIENTED_EDGE('',*,*,#16971,.T.);
#16971 = EDGE_CURVE('',#14783,#16972,#16974,.T.);
#16972 = VERTEX_POINT('',#16973);
#16973 = CARTESIAN_POINT('',(-34.31376953125,1.03974609375,8.775));
#16974 = SURFACE_CURVE('',#16975,(#16979,#16986),.PCURVE_S1.);
#16975 = LINE('',#16976,#16977);
#16976 = CARTESIAN_POINT('',(-34.31376953125,1.03974609375,9.375));
#16977 = VECTOR('',#16978,1.);
#16978 = DIRECTION('',(-0.,-0.,-1.));
#16979 = PCURVE('',#14826,#16980);
#16980 = DEFINITIONAL_REPRESENTATION('',(#16981),#16985);
#16981 = LINE('',#16982,#16983);
#16982 = CARTESIAN_POINT('',(0.,0.));
#16983 = VECTOR('',#16984,1.);
#16984 = DIRECTION('',(0.,-1.));
#16985 = ( GEOMETRIC_REPRESENTATION_CONTEXT(2) 
PARAMETRIC_REPRESENTATION_CONTEXT() REPRESENTATION_CONTEXT('2D SPACE',''
  ) );
#16986 = PCURVE('',#14798,#16987);
#16987 = DEFINITIONAL_REPRESENTATION('',(#16988),#16992);
#16988 = LINE('',#16989,#16990);
#16989 = CARTESIAN_POINT('',(1.29404296875,0.));
#16990 = VECTOR('',#16991,1.);
#16991 = DIRECTION('',(0.,-1.));
#16992 = ( GEOMETRIC_REPRESENTATION_CONTEXT(2) 
PARAMETRIC_REPRESENTATION_CONTEXT() REPRESENTATION_CONTEXT('2D SPACE',''
  ) );
#16993 = ORIENTED_EDGE('',*,*,#16994,.T.);
#16994 = EDGE_CURVE('',#16972,#16923,#16995,.T.);
#16995 = SURFACE_CURVE('',#16996,(#17000,#17007),.PCURVE_S1.);
#16996 = LINE('',#16997,#16998);
#16997 = CARTESIAN_POINT('',(-34.31376953125,1.03974609375,8.775));
#16998 = VECTOR('',#16999,1.);
#16999 = DIRECTION('',(-0.685601905473,0.727976666667,0.));
#17000 = PCURVE('',#14826,#17001);
#17001 = DEFINITIONAL_REPRESENTATION('',(#17002),#17006);
#17002 = LINE('',#17003,#17004);
#17003 = CARTESIAN_POINT('',(0.,-0.6));
#17004 = VECTOR('',#17005,1.);
#17005 = DIRECTION('',(1.,0.));
#17006 = ( GEOMETRIC_REPRESENTATION_CONTEXT(2) 
PARAMETRIC_REPRESENTATION_CONTEXT() REPRESENTATION_CONTEXT('2D SPACE',''
  ) );
#17007 = PCURVE('',#16640,#17008);
#17008 = DEFINITIONAL_REPRESENTATION('',(#17009),#17013);
#17009 = LINE('',#17010,#17011);
#17010 = CARTESIAN_POINT('',(0.82646484375,1.7677734375));
#17011 = VECTOR('',#17012,1.);
#17012 = DIRECTION('',(0.727976666667,0.685601905473));
#17013 = ( GEOMETRIC_REPRESENTATION_CONTEXT(2) 
PARAMETRIC_REPRESENTATION_CONTEXT() REPRESENTATION_CONTEXT('2D SPACE',''
  ) );
#17014 = ORIENTED_EDGE('',*,*,#16922,.F.);
#17015 = ORIENTED_EDGE('',*,*,#14810,.F.);
#17016 = ADVANCED_FACE('',(#17017),#14798,.T.);
#17017 = FACE_BOUND('',#17018,.T.);
#17018 = EDGE_LOOP('',(#17019,#17042,#17063,#17064));
#17019 = ORIENTED_EDGE('',*,*,#17020,.T.);
#17020 = EDGE_CURVE('',#14755,#17021,#17023,.T.);
#17021 = VERTEX_POINT('',#17022);
#17022 = CARTESIAN_POINT('',(-35.6078125,1.03974609375,8.775));
#17023 = SURFACE_CURVE('',#17024,(#17028,#17035),.PCURVE_S1.);
#17024 = LINE('',#17025,#17026);
#17025 = CARTESIAN_POINT('',(-35.6078125,1.03974609375,9.375));
#17026 = VECTOR('',#17027,1.);
#17027 = DIRECTION('',(-0.,-0.,-1.));
#17028 = PCURVE('',#14798,#17029);
#17029 = DEFINITIONAL_REPRESENTATION('',(#17030),#17034);
#17030 = LINE('',#17031,#17032);
#17031 = CARTESIAN_POINT('',(0.,0.));
#17032 = VECTOR('',#17033,1.);
#17033 = DIRECTION('',(0.,-1.));
#17034 = ( GEOMETRIC_REPRESENTATION_CONTEXT(2) 
PARAMETRIC_REPRESENTATION_CONTEXT() REPRESENTATION_CONTEXT('2D SPACE',''
  ) );
#17035 = PCURVE('',#14770,#17036);
#17036 = DEFINITIONAL_REPRESENTATION('',(#17037),#17041);
#17037 = LINE('',#17038,#17039);
#17038 = CARTESIAN_POINT('',(0.4142578125,0.));
#17039 = VECTOR('',#17040,1.);
#17040 = DIRECTION('',(0.,-1.));
#17041 = ( GEOMETRIC_REPRESENTATION_CONTEXT(2) 
PARAMETRIC_REPRESENTATION_CONTEXT() REPRESENTATION_CONTEXT('2D SPACE',''
  ) );
#17042 = ORIENTED_EDGE('',*,*,#17043,.T.);
#17043 = EDGE_CURVE('',#17021,#16972,#17044,.T.);
#17044 = SURFACE_CURVE('',#17045,(#17049,#17056),.PCURVE_S1.);
#17045 = LINE('',#17046,#17047);
#17046 = CARTESIAN_POINT('',(-35.6078125,1.03974609375,8.775));
#17047 = VECTOR('',#17048,1.);
#17048 = DIRECTION('',(1.,-1.110223024625E-16,0.));
#17049 = PCURVE('',#14798,#17050);
#17050 = DEFINITIONAL_REPRESENTATION('',(#17051),#17055);
#17051 = LINE('',#17052,#17053);
#17052 = CARTESIAN_POINT('',(0.,-0.6));
#17053 = VECTOR('',#17054,1.);
#17054 = DIRECTION('',(1.,0.));
#17055 = ( GEOMETRIC_REPRESENTATION_CONTEXT(2) 
PARAMETRIC_REPRESENTATION_CONTEXT() REPRESENTATION_CONTEXT('2D SPACE',''
  ) );
#17056 = PCURVE('',#16640,#17057);
#17057 = DEFINITIONAL_REPRESENTATION('',(#17058),#17062);
#17058 = LINE('',#17059,#17060);
#17059 = CARTESIAN_POINT('',(0.82646484375,3.06181640625));
#17060 = VECTOR('',#17061,1.);
#17061 = DIRECTION('',(0.,-1.));
#17062 = ( GEOMETRIC_REPRESENTATION_CONTEXT(2) 
PARAMETRIC_REPRESENTATION_CONTEXT() REPRESENTATION_CONTEXT('2D SPACE',''
  ) );
#17063 = ORIENTED_EDGE('',*,*,#16971,.F.);
#17064 = ORIENTED_EDGE('',*,*,#14782,.F.);
#17065 = ADVANCED_FACE('',(#17066),#14770,.T.);
#17066 = FACE_BOUND('',#17067,.T.);
#17067 = EDGE_LOOP('',(#17068,#17091,#17112,#17113));
#17068 = ORIENTED_EDGE('',*,*,#17069,.T.);
#17069 = EDGE_CURVE('',#14727,#17070,#17072,.T.);
#17070 = VERTEX_POINT('',#17071);
#17071 = CARTESIAN_POINT('',(-35.6078125,0.62548828125,8.775));
#17072 = SURFACE_CURVE('',#17073,(#17077,#17084),.PCURVE_S1.);
#17073 = LINE('',#17074,#17075);
#17074 = CARTESIAN_POINT('',(-35.6078125,0.62548828125,9.375));
#17075 = VECTOR('',#17076,1.);
#17076 = DIRECTION('',(-0.,-0.,-1.));
#17077 = PCURVE('',#14770,#17078);
#17078 = DEFINITIONAL_REPRESENTATION('',(#17079),#17083);
#17079 = LINE('',#17080,#17081);
#17080 = CARTESIAN_POINT('',(0.,0.));
#17081 = VECTOR('',#17082,1.);
#17082 = DIRECTION('',(0.,-1.));
#17083 = ( GEOMETRIC_REPRESENTATION_CONTEXT(2) 
PARAMETRIC_REPRESENTATION_CONTEXT() REPRESENTATION_CONTEXT('2D SPACE',''
  ) );
#17084 = PCURVE('',#14742,#17085);
#17085 = DEFINITIONAL_REPRESENTATION('',(#17086),#17090);
#17086 = LINE('',#17087,#17088);
#17087 = CARTESIAN_POINT('',(3.06181640625,0.));
#17088 = VECTOR('',#17089,1.);
#17089 = DIRECTION('',(0.,-1.));
#17090 = ( GEOMETRIC_REPRESENTATION_CONTEXT(2) 
PARAMETRIC_REPRESENTATION_CONTEXT() REPRESENTATION_CONTEXT('2D SPACE',''
  ) );
#17091 = ORIENTED_EDGE('',*,*,#17092,.T.);
#17092 = EDGE_CURVE('',#17070,#17021,#17093,.T.);
#17093 = SURFACE_CURVE('',#17094,(#17098,#17105),.PCURVE_S1.);
#17094 = LINE('',#17095,#17096);
#17095 = CARTESIAN_POINT('',(-35.6078125,0.62548828125,8.775));
#17096 = VECTOR('',#17097,1.);
#17097 = DIRECTION('',(1.110223024625E-16,1.,0.));
#17098 = PCURVE('',#14770,#17099);
#17099 = DEFINITIONAL_REPRESENTATION('',(#17100),#17104);
#17100 = LINE('',#17101,#17102);
#17101 = CARTESIAN_POINT('',(0.,-0.6));
#17102 = VECTOR('',#17103,1.);
#17103 = DIRECTION('',(1.,0.));
#17104 = ( GEOMETRIC_REPRESENTATION_CONTEXT(2) 
PARAMETRIC_REPRESENTATION_CONTEXT() REPRESENTATION_CONTEXT('2D SPACE',''
  ) );
#17105 = PCURVE('',#16640,#17106);
#17106 = DEFINITIONAL_REPRESENTATION('',(#17107),#17111);
#17107 = LINE('',#17108,#17109);
#17108 = CARTESIAN_POINT('',(0.41220703125,3.06181640625));
#17109 = VECTOR('',#17110,1.);
#17110 = DIRECTION('',(1.,0.));
#17111 = ( GEOMETRIC_REPRESENTATION_CONTEXT(2) 
PARAMETRIC_REPRESENTATION_CONTEXT() REPRESENTATION_CONTEXT('2D SPACE',''
  ) );
#17112 = ORIENTED_EDGE('',*,*,#17020,.F.);
#17113 = ORIENTED_EDGE('',*,*,#14754,.F.);
#17114 = ADVANCED_FACE('',(#17115),#14742,.T.);
#17115 = FACE_BOUND('',#17116,.T.);
#17116 = EDGE_LOOP('',(#17117,#17118,#17139,#17140));
#17117 = ORIENTED_EDGE('',*,*,#16652,.T.);
#17118 = ORIENTED_EDGE('',*,*,#17119,.T.);
#17119 = EDGE_CURVE('',#16625,#17070,#17120,.T.);
#17120 = SURFACE_CURVE('',#17121,(#17125,#17132),.PCURVE_S1.);
#17121 = LINE('',#17122,#17123);
#17122 = CARTESIAN_POINT('',(-32.54599609375,0.62548828125,8.775));
#17123 = VECTOR('',#17124,1.);
#17124 = DIRECTION('',(-1.,1.110223024625E-16,0.));
#17125 = PCURVE('',#14742,#17126);
#17126 = DEFINITIONAL_REPRESENTATION('',(#17127),#17131);
#17127 = LINE('',#17128,#17129);
#17128 = CARTESIAN_POINT('',(0.,-0.6));
#17129 = VECTOR('',#17130,1.);
#17130 = DIRECTION('',(1.,0.));
#17131 = ( GEOMETRIC_REPRESENTATION_CONTEXT(2) 
PARAMETRIC_REPRESENTATION_CONTEXT() REPRESENTATION_CONTEXT('2D SPACE',''
  ) );
#17132 = PCURVE('',#16640,#17133);
#17133 = DEFINITIONAL_REPRESENTATION('',(#17134),#17138);
#17134 = LINE('',#17135,#17136);
#17135 = CARTESIAN_POINT('',(0.41220703125,0.));
#17136 = VECTOR('',#17137,1.);
#17137 = DIRECTION('',(0.,1.));
#17138 = ( GEOMETRIC_REPRESENTATION_CONTEXT(2) 
PARAMETRIC_REPRESENTATION_CONTEXT() REPRESENTATION_CONTEXT('2D SPACE',''
  ) );
#17139 = ORIENTED_EDGE('',*,*,#17069,.F.);
#17140 = ORIENTED_EDGE('',*,*,#14726,.F.);
#17141 = ADVANCED_FACE('',(#17142),#15024,.T.);
#17142 = FACE_BOUND('',#17143,.T.);
#17143 = EDGE_LOOP('',(#17144,#17167,#17195,#17216));
#17144 = ORIENTED_EDGE('',*,*,#17145,.T.);
#17145 = EDGE_CURVE('',#15007,#17146,#17148,.T.);
#17146 = VERTEX_POINT('',#17147);
#17147 = CARTESIAN_POINT('',(-32.54599609375,7.94267578125,8.775));
#17148 = SURFACE_CURVE('',#17149,(#17153,#17160),.PCURVE_S1.);
#17149 = LINE('',#17150,#17151);
#17150 = CARTESIAN_POINT('',(-32.54599609375,7.94267578125,9.375));
#17151 = VECTOR('',#17152,1.);
#17152 = DIRECTION('',(-0.,-0.,-1.));
#17153 = PCURVE('',#15024,#17154);
#17154 = DEFINITIONAL_REPRESENTATION('',(#17155),#17159);
#17155 = LINE('',#17156,#17157);
#17156 = CARTESIAN_POINT('',(0.,0.));
#17157 = VECTOR('',#17158,1.);
#17158 = DIRECTION('',(0.,-1.));
#17159 = ( GEOMETRIC_REPRESENTATION_CONTEXT(2) 
PARAMETRIC_REPRESENTATION_CONTEXT() REPRESENTATION_CONTEXT('2D SPACE',''
  ) );
#17160 = PCURVE('',#15173,#17161);
#17161 = DEFINITIONAL_REPRESENTATION('',(#17162),#17166);
#17162 = LINE('',#17163,#17164);
#17163 = CARTESIAN_POINT('',(1.23046875,0.));
#17164 = VECTOR('',#17165,1.);
#17165 = DIRECTION('',(0.,-1.));
#17166 = ( GEOMETRIC_REPRESENTATION_CONTEXT(2) 
PARAMETRIC_REPRESENTATION_CONTEXT() REPRESENTATION_CONTEXT('2D SPACE',''
  ) );
#17167 = ORIENTED_EDGE('',*,*,#17168,.T.);
#17168 = EDGE_CURVE('',#17146,#17169,#17171,.T.);
#17169 = VERTEX_POINT('',#17170);
#17170 = CARTESIAN_POINT('',(-32.54599609375,7.52841796875,8.775));
#17171 = SURFACE_CURVE('',#17172,(#17176,#17183),.PCURVE_S1.);
#17172 = LINE('',#17173,#17174);
#17173 = CARTESIAN_POINT('',(-32.54599609375,7.94267578125,8.775));
#17174 = VECTOR('',#17175,1.);
#17175 = DIRECTION('',(-1.110223024625E-16,-1.,0.));
#17176 = PCURVE('',#15024,#17177);
#17177 = DEFINITIONAL_REPRESENTATION('',(#17178),#17182);
#17178 = LINE('',#17179,#17180);
#17179 = CARTESIAN_POINT('',(-0.,-0.6));
#17180 = VECTOR('',#17181,1.);
#17181 = DIRECTION('',(1.,0.));
#17182 = ( GEOMETRIC_REPRESENTATION_CONTEXT(2) 
PARAMETRIC_REPRESENTATION_CONTEXT() REPRESENTATION_CONTEXT('2D SPACE',''
  ) );
#17183 = PCURVE('',#17184,#17189);
#17184 = PLANE('',#17185);
#17185 = AXIS2_PLACEMENT_3D('',#17186,#17187,#17188);
#17186 = CARTESIAN_POINT('',(-32.54599609375,7.1162109375,8.775));
#17187 = DIRECTION('',(0.,0.,1.));
#17188 = DIRECTION('',(1.110223024625E-16,1.,0.));
#17189 = DEFINITIONAL_REPRESENTATION('',(#17190),#17194);
#17190 = LINE('',#17191,#17192);
#17191 = CARTESIAN_POINT('',(0.82646484375,0.));
#17192 = VECTOR('',#17193,1.);
#17193 = DIRECTION('',(-1.,0.));
#17194 = ( GEOMETRIC_REPRESENTATION_CONTEXT(2) 
PARAMETRIC_REPRESENTATION_CONTEXT() REPRESENTATION_CONTEXT('2D SPACE',''
  ) );
#17195 = ORIENTED_EDGE('',*,*,#17196,.F.);
#17196 = EDGE_CURVE('',#15009,#17169,#17197,.T.);
#17197 = SURFACE_CURVE('',#17198,(#17202,#17209),.PCURVE_S1.);
#17198 = LINE('',#17199,#17200);
#17199 = CARTESIAN_POINT('',(-32.54599609375,7.52841796875,9.375));
#17200 = VECTOR('',#17201,1.);
#17201 = DIRECTION('',(-0.,-0.,-1.));
#17202 = PCURVE('',#15024,#17203);
#17203 = DEFINITIONAL_REPRESENTATION('',(#17204),#17208);
#17204 = LINE('',#17205,#17206);
#17205 = CARTESIAN_POINT('',(0.4142578125,0.));
#17206 = VECTOR('',#17207,1.);
#17207 = DIRECTION('',(0.,-1.));
#17208 = ( GEOMETRIC_REPRESENTATION_CONTEXT(2) 
PARAMETRIC_REPRESENTATION_CONTEXT() REPRESENTATION_CONTEXT('2D SPACE',''
  ) );
#17209 = PCURVE('',#15052,#17210);
#17210 = DEFINITIONAL_REPRESENTATION('',(#17211),#17215);
#17211 = LINE('',#17212,#17213);
#17212 = CARTESIAN_POINT('',(0.,0.));
#17213 = VECTOR('',#17214,1.);
#17214 = DIRECTION('',(0.,-1.));
#17215 = ( GEOMETRIC_REPRESENTATION_CONTEXT(2) 
PARAMETRIC_REPRESENTATION_CONTEXT() REPRESENTATION_CONTEXT('2D SPACE',''
  ) );
#17216 = ORIENTED_EDGE('',*,*,#15006,.F.);
#17217 = ADVANCED_FACE('',(#17218),#15173,.T.);
#17218 = FACE_BOUND('',#17219,.T.);
#17219 = EDGE_LOOP('',(#17220,#17243,#17264,#17265));
#17220 = ORIENTED_EDGE('',*,*,#17221,.T.);
#17221 = EDGE_CURVE('',#15132,#17222,#17224,.T.);
#17222 = VERTEX_POINT('',#17223);
#17223 = CARTESIAN_POINT('',(-33.77646484375,7.94267578125,8.775));
#17224 = SURFACE_CURVE('',#17225,(#17229,#17236),.PCURVE_S1.);
#17225 = LINE('',#17226,#17227);
#17226 = CARTESIAN_POINT('',(-33.77646484375,7.94267578125,9.375));
#17227 = VECTOR('',#17228,1.);
#17228 = DIRECTION('',(-0.,-0.,-1.));
#17229 = PCURVE('',#15173,#17230);
#17230 = DEFINITIONAL_REPRESENTATION('',(#17231),#17235);
#17231 = LINE('',#17232,#17233);
#17232 = CARTESIAN_POINT('',(0.,0.));
#17233 = VECTOR('',#17234,1.);
#17234 = DIRECTION('',(0.,-1.));
#17235 = ( GEOMETRIC_REPRESENTATION_CONTEXT(2) 
PARAMETRIC_REPRESENTATION_CONTEXT() REPRESENTATION_CONTEXT('2D SPACE',''
  ) );
#17236 = PCURVE('',#15147,#17237);
#17237 = DEFINITIONAL_REPRESENTATION('',(#17238),#17242);
#17238 = LINE('',#17239,#17240);
#17239 = CARTESIAN_POINT('',(0.5208984375,0.));
#17240 = VECTOR('',#17241,1.);
#17241 = DIRECTION('',(0.,-1.));
#17242 = ( GEOMETRIC_REPRESENTATION_CONTEXT(2) 
PARAMETRIC_REPRESENTATION_CONTEXT() REPRESENTATION_CONTEXT('2D SPACE',''
  ) );
#17243 = ORIENTED_EDGE('',*,*,#17244,.T.);
#17244 = EDGE_CURVE('',#17222,#17146,#17245,.T.);
#17245 = SURFACE_CURVE('',#17246,(#17250,#17257),.PCURVE_S1.);
#17246 = LINE('',#17247,#17248);
#17247 = CARTESIAN_POINT('',(-33.77646484375,7.94267578125,8.775));
#17248 = VECTOR('',#17249,1.);
#17249 = DIRECTION('',(1.,-1.110223024625E-16,0.));
#17250 = PCURVE('',#15173,#17251);
#17251 = DEFINITIONAL_REPRESENTATION('',(#17252),#17256);
#17252 = LINE('',#17253,#17254);
#17253 = CARTESIAN_POINT('',(0.,-0.6));
#17254 = VECTOR('',#17255,1.);
#17255 = DIRECTION('',(1.,0.));
#17256 = ( GEOMETRIC_REPRESENTATION_CONTEXT(2) 
PARAMETRIC_REPRESENTATION_CONTEXT() REPRESENTATION_CONTEXT('2D SPACE',''
  ) );
#17257 = PCURVE('',#17184,#17258);
#17258 = DEFINITIONAL_REPRESENTATION('',(#17259),#17263);
#17259 = LINE('',#17260,#17261);
#17260 = CARTESIAN_POINT('',(0.82646484375,1.23046875));
#17261 = VECTOR('',#17262,1.);
#17262 = DIRECTION('',(0.,-1.));
#17263 = ( GEOMETRIC_REPRESENTATION_CONTEXT(2) 
PARAMETRIC_REPRESENTATION_CONTEXT() REPRESENTATION_CONTEXT('2D SPACE',''
  ) );
#17264 = ORIENTED_EDGE('',*,*,#17145,.F.);
#17265 = ORIENTED_EDGE('',*,*,#15159,.F.);
#17266 = ADVANCED_FACE('',(#17267),#15147,.T.);
#17267 = FACE_BOUND('',#17268,.T.);
#17268 = EDGE_LOOP('',(#17269,#17292,#17313,#17314));
#17269 = ORIENTED_EDGE('',*,*,#17270,.T.);
#17270 = EDGE_CURVE('',#15093,#17271,#17273,.T.);
#17271 = VERTEX_POINT('',#17272);
#17272 = CARTESIAN_POINT('',(-33.77646484375,8.46357421875,8.775));
#17273 = SURFACE_CURVE('',#17274,(#17278,#17285),.PCURVE_S1.);
#17274 = LINE('',#17275,#17276);
#17275 = CARTESIAN_POINT('',(-33.77646484375,8.46357421875,9.375));
#17276 = VECTOR('',#17277,1.);
#17277 = DIRECTION('',(-0.,-0.,-1.));
#17278 = PCURVE('',#15147,#17279);
#17279 = DEFINITIONAL_REPRESENTATION('',(#17280),#17284);
#17280 = LINE('',#17281,#17282);
#17281 = CARTESIAN_POINT('',(0.,0.));
#17282 = VECTOR('',#17283,1.);
#17283 = DIRECTION('',(0.,-1.));
#17284 = ( GEOMETRIC_REPRESENTATION_CONTEXT(2) 
PARAMETRIC_REPRESENTATION_CONTEXT() REPRESENTATION_CONTEXT('2D SPACE',''
  ) );
#17285 = PCURVE('',#15114,#17286);
#17286 = DEFINITIONAL_REPRESENTATION('',(#17287),#17291);
#17287 = LINE('',#17288,#17289);
#17288 = CARTESIAN_POINT('',(0.,0.));
#17289 = VECTOR('',#17290,1.);
#17290 = DIRECTION('',(0.,-1.));
#17291 = ( GEOMETRIC_REPRESENTATION_CONTEXT(2) 
PARAMETRIC_REPRESENTATION_CONTEXT() REPRESENTATION_CONTEXT('2D SPACE',''
  ) );
#17292 = ORIENTED_EDGE('',*,*,#17293,.T.);
#17293 = EDGE_CURVE('',#17271,#17222,#17294,.T.);
#17294 = SURFACE_CURVE('',#17295,(#17299,#17306),.PCURVE_S1.);
#17295 = LINE('',#17296,#17297);
#17296 = CARTESIAN_POINT('',(-33.77646484375,8.46357421875,8.775));
#17297 = VECTOR('',#17298,1.);
#17298 = DIRECTION('',(-1.110223024625E-16,-1.,0.));
#17299 = PCURVE('',#15147,#17300);
#17300 = DEFINITIONAL_REPRESENTATION('',(#17301),#17305);
#17301 = LINE('',#17302,#17303);
#17302 = CARTESIAN_POINT('',(-0.,-0.6));
#17303 = VECTOR('',#17304,1.);
#17304 = DIRECTION('',(1.,0.));
#17305 = ( GEOMETRIC_REPRESENTATION_CONTEXT(2) 
PARAMETRIC_REPRESENTATION_CONTEXT() REPRESENTATION_CONTEXT('2D SPACE',''
  ) );
#17306 = PCURVE('',#17184,#17307);
#17307 = DEFINITIONAL_REPRESENTATION('',(#17308),#17312);
#17308 = LINE('',#17309,#17310);
#17309 = CARTESIAN_POINT('',(1.34736328125,1.23046875));
#17310 = VECTOR('',#17311,1.);
#17311 = DIRECTION('',(-1.,0.));
#17312 = ( GEOMETRIC_REPRESENTATION_CONTEXT(2) 
PARAMETRIC_REPRESENTATION_CONTEXT() REPRESENTATION_CONTEXT('2D SPACE',''
  ) );
#17313 = ORIENTED_EDGE('',*,*,#17221,.F.);
#17314 = ORIENTED_EDGE('',*,*,#15131,.F.);
#17315 = ADVANCED_FACE('',(#17316),#15114,.F.);
#17316 = FACE_BOUND('',#17317,.F.);
#17317 = EDGE_LOOP('',(#17318,#17319,#17348,#17369));
#17318 = ORIENTED_EDGE('',*,*,#17270,.T.);
#17319 = ORIENTED_EDGE('',*,*,#17320,.T.);
#17320 = EDGE_CURVE('',#17271,#17321,#17323,.T.);
#17321 = VERTEX_POINT('',#17322);
#17322 = CARTESIAN_POINT('',(-35.6078125,8.46357421875,8.775));
#17323 = SURFACE_CURVE('',#17324,(#17331,#17338),.PCURVE_S1.);
#17324 = B_SPLINE_CURVE_WITH_KNOTS('',2,(#17325,#17326,#17327,#17328,
    #17329,#17330),.UNSPECIFIED.,.F.,.F.,(3,1,1,1,3),(0.,1.,2.,
    2.990950226244,3.981900452489),.UNSPECIFIED.);
#17325 = CARTESIAN_POINT('',(-33.77646484375,8.46357421875,8.775));
#17326 = CARTESIAN_POINT('',(-33.77646484375,8.9783203125,8.775));
#17327 = CARTESIAN_POINT('',(-34.23994140625,9.50537109375,8.775));
#17328 = CARTESIAN_POINT('',(-35.14228515625,9.50537109375,8.775));
#17329 = CARTESIAN_POINT('',(-35.6078125,8.9783203125,8.775));
#17330 = CARTESIAN_POINT('',(-35.6078125,8.46357421875,8.775));
#17331 = PCURVE('',#15114,#17332);
#17332 = DEFINITIONAL_REPRESENTATION('',(#17333),#17337);
#17333 = LINE('',#17334,#17335);
#17334 = CARTESIAN_POINT('',(0.,-0.6));
#17335 = VECTOR('',#17336,1.);
#17336 = DIRECTION('',(1.,0.));
#17337 = ( GEOMETRIC_REPRESENTATION_CONTEXT(2) 
PARAMETRIC_REPRESENTATION_CONTEXT() REPRESENTATION_CONTEXT('2D SPACE',''
  ) );
#17338 = PCURVE('',#17184,#17339);
#17339 = DEFINITIONAL_REPRESENTATION('',(#17340),#17347);
#17340 = B_SPLINE_CURVE_WITH_KNOTS('',2,(#17341,#17342,#17343,#17344,
    #17345,#17346),.UNSPECIFIED.,.F.,.F.,(3,1,1,1,3),(0.,1.,2.,
    2.990950226244,3.981900452489),.UNSPECIFIED.);
#17341 = CARTESIAN_POINT('',(1.34736328125,1.23046875));
#17342 = CARTESIAN_POINT('',(1.862109375,1.23046875));
#17343 = CARTESIAN_POINT('',(2.38916015625,1.6939453125));
#17344 = CARTESIAN_POINT('',(2.38916015625,2.5962890625));
#17345 = CARTESIAN_POINT('',(1.862109375,3.06181640625));
#17346 = CARTESIAN_POINT('',(1.34736328125,3.06181640625));
#17347 = ( GEOMETRIC_REPRESENTATION_CONTEXT(2) 
PARAMETRIC_REPRESENTATION_CONTEXT() REPRESENTATION_CONTEXT('2D SPACE',''
  ) );
#17348 = ORIENTED_EDGE('',*,*,#17349,.F.);
#17349 = EDGE_CURVE('',#15065,#17321,#17350,.T.);
#17350 = SURFACE_CURVE('',#17351,(#17355,#17362),.PCURVE_S1.);
#17351 = LINE('',#17352,#17353);
#17352 = CARTESIAN_POINT('',(-35.6078125,8.46357421875,9.375));
#17353 = VECTOR('',#17354,1.);
#17354 = DIRECTION('',(-0.,-0.,-1.));
#17355 = PCURVE('',#15114,#17356);
#17356 = DEFINITIONAL_REPRESENTATION('',(#17357),#17361);
#17357 = LINE('',#17358,#17359);
#17358 = CARTESIAN_POINT('',(3.981900452489,0.));
#17359 = VECTOR('',#17360,1.);
#17360 = DIRECTION('',(0.,-1.));
#17361 = ( GEOMETRIC_REPRESENTATION_CONTEXT(2) 
PARAMETRIC_REPRESENTATION_CONTEXT() REPRESENTATION_CONTEXT('2D SPACE',''
  ) );
#17362 = PCURVE('',#15080,#17363);
#17363 = DEFINITIONAL_REPRESENTATION('',(#17364),#17368);
#17364 = LINE('',#17365,#17366);
#17365 = CARTESIAN_POINT('',(0.93515625,0.));
#17366 = VECTOR('',#17367,1.);
#17367 = DIRECTION('',(0.,-1.));
#17368 = ( GEOMETRIC_REPRESENTATION_CONTEXT(2) 
PARAMETRIC_REPRESENTATION_CONTEXT() REPRESENTATION_CONTEXT('2D SPACE',''
  ) );
#17369 = ORIENTED_EDGE('',*,*,#15092,.F.);
#17370 = ADVANCED_FACE('',(#17371),#15080,.T.);
#17371 = FACE_BOUND('',#17372,.T.);
#17372 = EDGE_LOOP('',(#17373,#17396,#17417,#17418));
#17373 = ORIENTED_EDGE('',*,*,#17374,.T.);
#17374 = EDGE_CURVE('',#15037,#17375,#17377,.T.);
#17375 = VERTEX_POINT('',#17376);
#17376 = CARTESIAN_POINT('',(-35.6078125,7.52841796875,8.775));
#17377 = SURFACE_CURVE('',#17378,(#17382,#17389),.PCURVE_S1.);
#17378 = LINE('',#17379,#17380);
#17379 = CARTESIAN_POINT('',(-35.6078125,7.52841796875,9.375));
#17380 = VECTOR('',#17381,1.);
#17381 = DIRECTION('',(-0.,-0.,-1.));
#17382 = PCURVE('',#15080,#17383);
#17383 = DEFINITIONAL_REPRESENTATION('',(#17384),#17388);
#17384 = LINE('',#17385,#17386);
#17385 = CARTESIAN_POINT('',(0.,0.));
#17386 = VECTOR('',#17387,1.);
#17387 = DIRECTION('',(0.,-1.));
#17388 = ( GEOMETRIC_REPRESENTATION_CONTEXT(2) 
PARAMETRIC_REPRESENTATION_CONTEXT() REPRESENTATION_CONTEXT('2D SPACE',''
  ) );
#17389 = PCURVE('',#15052,#17390);
#17390 = DEFINITIONAL_REPRESENTATION('',(#17391),#17395);
#17391 = LINE('',#17392,#17393);
#17392 = CARTESIAN_POINT('',(3.06181640625,0.));
#17393 = VECTOR('',#17394,1.);
#17394 = DIRECTION('',(0.,-1.));
#17395 = ( GEOMETRIC_REPRESENTATION_CONTEXT(2) 
PARAMETRIC_REPRESENTATION_CONTEXT() REPRESENTATION_CONTEXT('2D SPACE',''
  ) );
#17396 = ORIENTED_EDGE('',*,*,#17397,.T.);
#17397 = EDGE_CURVE('',#17375,#17321,#17398,.T.);
#17398 = SURFACE_CURVE('',#17399,(#17403,#17410),.PCURVE_S1.);
#17399 = LINE('',#17400,#17401);
#17400 = CARTESIAN_POINT('',(-35.6078125,7.52841796875,8.775));
#17401 = VECTOR('',#17402,1.);
#17402 = DIRECTION('',(1.110223024625E-16,1.,0.));
#17403 = PCURVE('',#15080,#17404);
#17404 = DEFINITIONAL_REPRESENTATION('',(#17405),#17409);
#17405 = LINE('',#17406,#17407);
#17406 = CARTESIAN_POINT('',(0.,-0.6));
#17407 = VECTOR('',#17408,1.);
#17408 = DIRECTION('',(1.,0.));
#17409 = ( GEOMETRIC_REPRESENTATION_CONTEXT(2) 
PARAMETRIC_REPRESENTATION_CONTEXT() REPRESENTATION_CONTEXT('2D SPACE',''
  ) );
#17410 = PCURVE('',#17184,#17411);
#17411 = DEFINITIONAL_REPRESENTATION('',(#17412),#17416);
#17412 = LINE('',#17413,#17414);
#17413 = CARTESIAN_POINT('',(0.41220703125,3.06181640625));
#17414 = VECTOR('',#17415,1.);
#17415 = DIRECTION('',(1.,0.));
#17416 = ( GEOMETRIC_REPRESENTATION_CONTEXT(2) 
PARAMETRIC_REPRESENTATION_CONTEXT() REPRESENTATION_CONTEXT('2D SPACE',''
  ) );
#17417 = ORIENTED_EDGE('',*,*,#17349,.F.);
#17418 = ORIENTED_EDGE('',*,*,#15064,.F.);
#17419 = ADVANCED_FACE('',(#17420),#15052,.T.);
#17420 = FACE_BOUND('',#17421,.T.);
#17421 = EDGE_LOOP('',(#17422,#17423,#17444,#17445));
#17422 = ORIENTED_EDGE('',*,*,#17196,.T.);
#17423 = ORIENTED_EDGE('',*,*,#17424,.T.);
#17424 = EDGE_CURVE('',#17169,#17375,#17425,.T.);
#17425 = SURFACE_CURVE('',#17426,(#17430,#17437),.PCURVE_S1.);
#17426 = LINE('',#17427,#17428);
#17427 = CARTESIAN_POINT('',(-32.54599609375,7.52841796875,8.775));
#17428 = VECTOR('',#17429,1.);
#17429 = DIRECTION('',(-1.,1.110223024625E-16,0.));
#17430 = PCURVE('',#15052,#17431);
#17431 = DEFINITIONAL_REPRESENTATION('',(#17432),#17436);
#17432 = LINE('',#17433,#17434);
#17433 = CARTESIAN_POINT('',(0.,-0.6));
#17434 = VECTOR('',#17435,1.);
#17435 = DIRECTION('',(1.,0.));
#17436 = ( GEOMETRIC_REPRESENTATION_CONTEXT(2) 
PARAMETRIC_REPRESENTATION_CONTEXT() REPRESENTATION_CONTEXT('2D SPACE',''
  ) );
#17437 = PCURVE('',#17184,#17438);
#17438 = DEFINITIONAL_REPRESENTATION('',(#17439),#17443);
#17439 = LINE('',#17440,#17441);
#17440 = CARTESIAN_POINT('',(0.41220703125,0.));
#17441 = VECTOR('',#17442,1.);
#17442 = DIRECTION('',(0.,1.));
#17443 = ( GEOMETRIC_REPRESENTATION_CONTEXT(2) 
PARAMETRIC_REPRESENTATION_CONTEXT() REPRESENTATION_CONTEXT('2D SPACE',''
  ) );
#17444 = ORIENTED_EDGE('',*,*,#17374,.F.);
#17445 = ORIENTED_EDGE('',*,*,#15036,.F.);
#17446 = ADVANCED_FACE('',(#17447),#15205,.T.);
#17447 = FACE_BOUND('',#17448,.T.);
#17448 = EDGE_LOOP('',(#17449,#17472,#17500,#17521));
#17449 = ORIENTED_EDGE('',*,*,#17450,.T.);
#17450 = EDGE_CURVE('',#15188,#17451,#17453,.T.);
#17451 = VERTEX_POINT('',#17452);
#17452 = CARTESIAN_POINT('',(-33.5283203125,3.83701171875,8.775));
#17453 = SURFACE_CURVE('',#17454,(#17458,#17465),.PCURVE_S1.);
#17454 = LINE('',#17455,#17456);
#17455 = CARTESIAN_POINT('',(-33.5283203125,3.83701171875,9.375));
#17456 = VECTOR('',#17457,1.);
#17457 = DIRECTION('',(-0.,-0.,-1.));
#17458 = PCURVE('',#15205,#17459);
#17459 = DEFINITIONAL_REPRESENTATION('',(#17460),#17464);
#17460 = LINE('',#17461,#17462);
#17461 = CARTESIAN_POINT('',(0.,0.));
#17462 = VECTOR('',#17463,1.);
#17463 = DIRECTION('',(0.,-1.));
#17464 = ( GEOMETRIC_REPRESENTATION_CONTEXT(2) 
PARAMETRIC_REPRESENTATION_CONTEXT() REPRESENTATION_CONTEXT('2D SPACE',''
  ) );
#17465 = PCURVE('',#15287,#17466);
#17466 = DEFINITIONAL_REPRESENTATION('',(#17467),#17471);
#17467 = LINE('',#17468,#17469);
#17468 = CARTESIAN_POINT('',(0.336328125,0.));
#17469 = VECTOR('',#17470,1.);
#17470 = DIRECTION('',(0.,-1.));
#17471 = ( GEOMETRIC_REPRESENTATION_CONTEXT(2) 
PARAMETRIC_REPRESENTATION_CONTEXT() REPRESENTATION_CONTEXT('2D SPACE',''
  ) );
#17472 = ORIENTED_EDGE('',*,*,#17473,.T.);
#17473 = EDGE_CURVE('',#17451,#17474,#17476,.T.);
#17474 = VERTEX_POINT('',#17475);
#17475 = CARTESIAN_POINT('',(-33.5283203125,2.731640625,8.775));
#17476 = SURFACE_CURVE('',#17477,(#17481,#17488),.PCURVE_S1.);
#17477 = LINE('',#17478,#17479);
#17478 = CARTESIAN_POINT('',(-33.5283203125,3.83701171875,8.775));
#17479 = VECTOR('',#17480,1.);
#17480 = DIRECTION('',(-1.110223024625E-16,-1.,0.));
#17481 = PCURVE('',#15205,#17482);
#17482 = DEFINITIONAL_REPRESENTATION('',(#17483),#17487);
#17483 = LINE('',#17484,#17485);
#17484 = CARTESIAN_POINT('',(-0.,-0.6));
#17485 = VECTOR('',#17486,1.);
#17486 = DIRECTION('',(1.,0.));
#17487 = ( GEOMETRIC_REPRESENTATION_CONTEXT(2) 
PARAMETRIC_REPRESENTATION_CONTEXT() REPRESENTATION_CONTEXT('2D SPACE',''
  ) );
#17488 = PCURVE('',#17489,#17494);
#17489 = PLANE('',#17490);
#17490 = AXIS2_PLACEMENT_3D('',#17491,#17492,#17493);
#17491 = CARTESIAN_POINT('',(-32.54599609375,2.5265625,8.775));
#17492 = DIRECTION('',(0.,0.,1.));
#17493 = DIRECTION('',(1.110223024625E-16,1.,0.));
#17494 = DEFINITIONAL_REPRESENTATION('',(#17495),#17499);
#17495 = LINE('',#17496,#17497);
#17496 = CARTESIAN_POINT('',(1.31044921875,0.98232421875));
#17497 = VECTOR('',#17498,1.);
#17498 = DIRECTION('',(-1.,0.));
#17499 = ( GEOMETRIC_REPRESENTATION_CONTEXT(2) 
PARAMETRIC_REPRESENTATION_CONTEXT() REPRESENTATION_CONTEXT('2D SPACE',''
  ) );
#17500 = ORIENTED_EDGE('',*,*,#17501,.F.);
#17501 = EDGE_CURVE('',#15190,#17474,#17502,.T.);
#17502 = SURFACE_CURVE('',#17503,(#17507,#17514),.PCURVE_S1.);
#17503 = LINE('',#17504,#17505);
#17504 = CARTESIAN_POINT('',(-33.5283203125,2.731640625,9.375));
#17505 = VECTOR('',#17506,1.);
#17506 = DIRECTION('',(-0.,-0.,-1.));
#17507 = PCURVE('',#15205,#17508);
#17508 = DEFINITIONAL_REPRESENTATION('',(#17509),#17513);
#17509 = LINE('',#17510,#17511);
#17510 = CARTESIAN_POINT('',(1.10537109375,0.));
#17511 = VECTOR('',#17512,1.);
#17512 = DIRECTION('',(0.,-1.));
#17513 = ( GEOMETRIC_REPRESENTATION_CONTEXT(2) 
PARAMETRIC_REPRESENTATION_CONTEXT() REPRESENTATION_CONTEXT('2D SPACE',''
  ) );
#17514 = PCURVE('',#15233,#17515);
#17515 = DEFINITIONAL_REPRESENTATION('',(#17516),#17520);
#17516 = LINE('',#17517,#17518);
#17517 = CARTESIAN_POINT('',(0.,0.));
#17518 = VECTOR('',#17519,1.);
#17519 = DIRECTION('',(0.,-1.));
#17520 = ( GEOMETRIC_REPRESENTATION_CONTEXT(2) 
PARAMETRIC_REPRESENTATION_CONTEXT() REPRESENTATION_CONTEXT('2D SPACE',''
  ) );
#17521 = ORIENTED_EDGE('',*,*,#15187,.F.);
#17522 = ADVANCED_FACE('',(#17523),#15287,.T.);
#17523 = FACE_BOUND('',#17524,.T.);
#17524 = EDGE_LOOP('',(#17525,#17548,#17569,#17570));
#17525 = ORIENTED_EDGE('',*,*,#17526,.T.);
#17526 = EDGE_CURVE('',#15246,#17527,#17529,.T.);
#17527 = VERTEX_POINT('',#17528);
#17528 = CARTESIAN_POINT('',(-33.8646484375,3.83701171875,8.775));
#17529 = SURFACE_CURVE('',#17530,(#17534,#17541),.PCURVE_S1.);
#17530 = LINE('',#17531,#17532);
#17531 = CARTESIAN_POINT('',(-33.8646484375,3.83701171875,9.375));
#17532 = VECTOR('',#17533,1.);
#17533 = DIRECTION('',(-0.,-0.,-1.));
#17534 = PCURVE('',#15287,#17535);
#17535 = DEFINITIONAL_REPRESENTATION('',(#17536),#17540);
#17536 = LINE('',#17537,#17538);
#17537 = CARTESIAN_POINT('',(0.,0.));
#17538 = VECTOR('',#17539,1.);
#17539 = DIRECTION('',(0.,-1.));
#17540 = ( GEOMETRIC_REPRESENTATION_CONTEXT(2) 
PARAMETRIC_REPRESENTATION_CONTEXT() REPRESENTATION_CONTEXT('2D SPACE',''
  ) );
#17541 = PCURVE('',#15261,#17542);
#17542 = DEFINITIONAL_REPRESENTATION('',(#17543),#17547);
#17543 = LINE('',#17544,#17545);
#17544 = CARTESIAN_POINT('',(1.10537109375,0.));
#17545 = VECTOR('',#17546,1.);
#17546 = DIRECTION('',(0.,-1.));
#17547 = ( GEOMETRIC_REPRESENTATION_CONTEXT(2) 
PARAMETRIC_REPRESENTATION_CONTEXT() REPRESENTATION_CONTEXT('2D SPACE',''
  ) );
#17548 = ORIENTED_EDGE('',*,*,#17549,.T.);
#17549 = EDGE_CURVE('',#17527,#17451,#17550,.T.);
#17550 = SURFACE_CURVE('',#17551,(#17555,#17562),.PCURVE_S1.);
#17551 = LINE('',#17552,#17553);
#17552 = CARTESIAN_POINT('',(-33.8646484375,3.83701171875,8.775));
#17553 = VECTOR('',#17554,1.);
#17554 = DIRECTION('',(1.,-1.110223024625E-16,0.));
#17555 = PCURVE('',#15287,#17556);
#17556 = DEFINITIONAL_REPRESENTATION('',(#17557),#17561);
#17557 = LINE('',#17558,#17559);
#17558 = CARTESIAN_POINT('',(0.,-0.6));
#17559 = VECTOR('',#17560,1.);
#17560 = DIRECTION('',(1.,0.));
#17561 = ( GEOMETRIC_REPRESENTATION_CONTEXT(2) 
PARAMETRIC_REPRESENTATION_CONTEXT() REPRESENTATION_CONTEXT('2D SPACE',''
  ) );
#17562 = PCURVE('',#17489,#17563);
#17563 = DEFINITIONAL_REPRESENTATION('',(#17564),#17568);
#17564 = LINE('',#17565,#17566);
#17565 = CARTESIAN_POINT('',(1.31044921875,1.31865234375));
#17566 = VECTOR('',#17567,1.);
#17567 = DIRECTION('',(0.,-1.));
#17568 = ( GEOMETRIC_REPRESENTATION_CONTEXT(2) 
PARAMETRIC_REPRESENTATION_CONTEXT() REPRESENTATION_CONTEXT('2D SPACE',''
  ) );
#17569 = ORIENTED_EDGE('',*,*,#17450,.F.);
#17570 = ORIENTED_EDGE('',*,*,#15273,.F.);
#17571 = ADVANCED_FACE('',(#17572),#15261,.T.);
#17572 = FACE_BOUND('',#17573,.T.);
#17573 = EDGE_LOOP('',(#17574,#17597,#17618,#17619));
#17574 = ORIENTED_EDGE('',*,*,#17575,.T.);
#17575 = EDGE_CURVE('',#15218,#17576,#17578,.T.);
#17576 = VERTEX_POINT('',#17577);
#17577 = CARTESIAN_POINT('',(-33.8646484375,2.731640625,8.775));
#17578 = SURFACE_CURVE('',#17579,(#17583,#17590),.PCURVE_S1.);
#17579 = LINE('',#17580,#17581);
#17580 = CARTESIAN_POINT('',(-33.8646484375,2.731640625,9.375));
#17581 = VECTOR('',#17582,1.);
#17582 = DIRECTION('',(-0.,-0.,-1.));
#17583 = PCURVE('',#15261,#17584);
#17584 = DEFINITIONAL_REPRESENTATION('',(#17585),#17589);
#17585 = LINE('',#17586,#17587);
#17586 = CARTESIAN_POINT('',(0.,0.));
#17587 = VECTOR('',#17588,1.);
#17588 = DIRECTION('',(0.,-1.));
#17589 = ( GEOMETRIC_REPRESENTATION_CONTEXT(2) 
PARAMETRIC_REPRESENTATION_CONTEXT() REPRESENTATION_CONTEXT('2D SPACE',''
  ) );
#17590 = PCURVE('',#15233,#17591);
#17591 = DEFINITIONAL_REPRESENTATION('',(#17592),#17596);
#17592 = LINE('',#17593,#17594);
#17593 = CARTESIAN_POINT('',(0.336328125,0.));
#17594 = VECTOR('',#17595,1.);
#17595 = DIRECTION('',(0.,-1.));
#17596 = ( GEOMETRIC_REPRESENTATION_CONTEXT(2) 
PARAMETRIC_REPRESENTATION_CONTEXT() REPRESENTATION_CONTEXT('2D SPACE',''
  ) );
#17597 = ORIENTED_EDGE('',*,*,#17598,.T.);
#17598 = EDGE_CURVE('',#17576,#17527,#17599,.T.);
#17599 = SURFACE_CURVE('',#17600,(#17604,#17611),.PCURVE_S1.);
#17600 = LINE('',#17601,#17602);
#17601 = CARTESIAN_POINT('',(-33.8646484375,2.731640625,8.775));
#17602 = VECTOR('',#17603,1.);
#17603 = DIRECTION('',(1.110223024625E-16,1.,0.));
#17604 = PCURVE('',#15261,#17605);
#17605 = DEFINITIONAL_REPRESENTATION('',(#17606),#17610);
#17606 = LINE('',#17607,#17608);
#17607 = CARTESIAN_POINT('',(0.,-0.6));
#17608 = VECTOR('',#17609,1.);
#17609 = DIRECTION('',(1.,0.));
#17610 = ( GEOMETRIC_REPRESENTATION_CONTEXT(2) 
PARAMETRIC_REPRESENTATION_CONTEXT() REPRESENTATION_CONTEXT('2D SPACE',''
  ) );
#17611 = PCURVE('',#17489,#17612);
#17612 = DEFINITIONAL_REPRESENTATION('',(#17613),#17617);
#17613 = LINE('',#17614,#17615);
#17614 = CARTESIAN_POINT('',(0.205078125,1.31865234375));
#17615 = VECTOR('',#17616,1.);
#17616 = DIRECTION('',(1.,0.));
#17617 = ( GEOMETRIC_REPRESENTATION_CONTEXT(2) 
PARAMETRIC_REPRESENTATION_CONTEXT() REPRESENTATION_CONTEXT('2D SPACE',''
  ) );
#17618 = ORIENTED_EDGE('',*,*,#17526,.F.);
#17619 = ORIENTED_EDGE('',*,*,#15245,.F.);
#17620 = ADVANCED_FACE('',(#17621),#15233,.T.);
#17621 = FACE_BOUND('',#17622,.T.);
#17622 = EDGE_LOOP('',(#17623,#17624,#17645,#17646));
#17623 = ORIENTED_EDGE('',*,*,#17501,.T.);
#17624 = ORIENTED_EDGE('',*,*,#17625,.T.);
#17625 = EDGE_CURVE('',#17474,#17576,#17626,.T.);
#17626 = SURFACE_CURVE('',#17627,(#17631,#17638),.PCURVE_S1.);
#17627 = LINE('',#17628,#17629);
#17628 = CARTESIAN_POINT('',(-33.5283203125,2.731640625,8.775));
#17629 = VECTOR('',#17630,1.);
#17630 = DIRECTION('',(-1.,1.110223024625E-16,0.));
#17631 = PCURVE('',#15233,#17632);
#17632 = DEFINITIONAL_REPRESENTATION('',(#17633),#17637);
#17633 = LINE('',#17634,#17635);
#17634 = CARTESIAN_POINT('',(0.,-0.6));
#17635 = VECTOR('',#17636,1.);
#17636 = DIRECTION('',(1.,0.));
#17637 = ( GEOMETRIC_REPRESENTATION_CONTEXT(2) 
PARAMETRIC_REPRESENTATION_CONTEXT() REPRESENTATION_CONTEXT('2D SPACE',''
  ) );
#17638 = PCURVE('',#17489,#17639);
#17639 = DEFINITIONAL_REPRESENTATION('',(#17640),#17644);
#17640 = LINE('',#17641,#17642);
#17641 = CARTESIAN_POINT('',(0.205078125,0.98232421875));
#17642 = VECTOR('',#17643,1.);
#17643 = DIRECTION('',(0.,1.));
#17644 = ( GEOMETRIC_REPRESENTATION_CONTEXT(2) 
PARAMETRIC_REPRESENTATION_CONTEXT() REPRESENTATION_CONTEXT('2D SPACE',''
  ) );
#17645 = ORIENTED_EDGE('',*,*,#17575,.F.);
#17646 = ORIENTED_EDGE('',*,*,#15217,.F.);
#17647 = ADVANCED_FACE('',(#17648),#15325,.F.);
#17648 = FACE_BOUND('',#17649,.F.);
#17649 = EDGE_LOOP('',(#17650,#17673,#17707,#17728));
#17650 = ORIENTED_EDGE('',*,*,#17651,.T.);
#17651 = EDGE_CURVE('',#15302,#17652,#17654,.T.);
#17652 = VERTEX_POINT('',#17653);
#17653 = CARTESIAN_POINT('',(-33.696484375,4.40712890625,8.775));
#17654 = SURFACE_CURVE('',#17655,(#17659,#17666),.PCURVE_S1.);
#17655 = LINE('',#17656,#17657);
#17656 = CARTESIAN_POINT('',(-33.696484375,4.40712890625,9.375));
#17657 = VECTOR('',#17658,1.);
#17658 = DIRECTION('',(-0.,-0.,-1.));
#17659 = PCURVE('',#15325,#17660);
#17660 = DEFINITIONAL_REPRESENTATION('',(#17661),#17665);
#17661 = LINE('',#17662,#17663);
#17662 = CARTESIAN_POINT('',(0.,0.));
#17663 = VECTOR('',#17664,1.);
#17664 = DIRECTION('',(0.,-1.));
#17665 = ( GEOMETRIC_REPRESENTATION_CONTEXT(2) 
PARAMETRIC_REPRESENTATION_CONTEXT() REPRESENTATION_CONTEXT('2D SPACE',''
  ) );
#17666 = PCURVE('',#15358,#17667);
#17667 = DEFINITIONAL_REPRESENTATION('',(#17668),#17672);
#17668 = LINE('',#17669,#17670);
#17669 = CARTESIAN_POINT('',(0.,0.));
#17670 = VECTOR('',#17671,1.);
#17671 = DIRECTION('',(0.,-1.));
#17672 = ( GEOMETRIC_REPRESENTATION_CONTEXT(2) 
PARAMETRIC_REPRESENTATION_CONTEXT() REPRESENTATION_CONTEXT('2D SPACE',''
  ) );
#17673 = ORIENTED_EDGE('',*,*,#17674,.T.);
#17674 = EDGE_CURVE('',#17652,#17675,#17677,.T.);
#17675 = VERTEX_POINT('',#17676);
#17676 = CARTESIAN_POINT('',(-33.696484375,6.751171875,8.775));
#17677 = SURFACE_CURVE('',#17678,(#17685,#17692),.PCURVE_S1.);
#17678 = B_SPLINE_CURVE_WITH_KNOTS('',2,(#17679,#17680,#17681,#17682,
    #17683,#17684),.UNSPECIFIED.,.F.,.F.,(3,1,1,1,3),(0.,1.,2.,
    2.996466431095,3.992932862191),.UNSPECIFIED.);
#17679 = CARTESIAN_POINT('',(-33.696484375,4.40712890625,8.775));
#17680 = CARTESIAN_POINT('',(-33.09765625,4.40712890625,8.775));
#17681 = CARTESIAN_POINT('',(-32.4865234375,4.9998046875,8.775));
#17682 = CARTESIAN_POINT('',(-32.4865234375,6.15849609375,8.775));
#17683 = CARTESIAN_POINT('',(-33.09765625,6.751171875,8.775));
#17684 = CARTESIAN_POINT('',(-33.696484375,6.751171875,8.775));
#17685 = PCURVE('',#15325,#17686);
#17686 = DEFINITIONAL_REPRESENTATION('',(#17687),#17691);
#17687 = LINE('',#17688,#17689);
#17688 = CARTESIAN_POINT('',(0.,-0.6));
#17689 = VECTOR('',#17690,1.);
#17690 = DIRECTION('',(1.,0.));
#17691 = ( GEOMETRIC_REPRESENTATION_CONTEXT(2) 
PARAMETRIC_REPRESENTATION_CONTEXT() REPRESENTATION_CONTEXT('2D SPACE',''
  ) );
#17692 = PCURVE('',#17693,#17698);
#17693 = PLANE('',#17694);
#17694 = AXIS2_PLACEMENT_3D('',#17695,#17696,#17697);
#17695 = CARTESIAN_POINT('',(-32.54599609375,4.04208984375,8.775));
#17696 = DIRECTION('',(0.,0.,1.));
#17697 = DIRECTION('',(1.110223024625E-16,1.,0.));
#17698 = DEFINITIONAL_REPRESENTATION('',(#17699),#17706);
#17699 = B_SPLINE_CURVE_WITH_KNOTS('',2,(#17700,#17701,#17702,#17703,
    #17704,#17705),.UNSPECIFIED.,.F.,.F.,(3,1,1,1,3),(0.,1.,2.,
    2.996466431095,3.992932862191),.UNSPECIFIED.);
#17700 = CARTESIAN_POINT('',(0.3650390625,1.15048828125));
#17701 = CARTESIAN_POINT('',(0.3650390625,0.55166015625));
#17702 = CARTESIAN_POINT('',(0.95771484375,-5.947265625E-02));
#17703 = CARTESIAN_POINT('',(2.11640625,-5.947265625E-02));
#17704 = CARTESIAN_POINT('',(2.70908203125,0.55166015625));
#17705 = CARTESIAN_POINT('',(2.70908203125,1.15048828125));
#17706 = ( GEOMETRIC_REPRESENTATION_CONTEXT(2) 
PARAMETRIC_REPRESENTATION_CONTEXT() REPRESENTATION_CONTEXT('2D SPACE',''
  ) );
#17707 = ORIENTED_EDGE('',*,*,#17708,.F.);
#17708 = EDGE_CURVE('',#15304,#17675,#17709,.T.);
#17709 = SURFACE_CURVE('',#17710,(#17714,#17721),.PCURVE_S1.);
#17710 = LINE('',#17711,#17712);
#17711 = CARTESIAN_POINT('',(-33.696484375,6.751171875,9.375));
#17712 = VECTOR('',#17713,1.);
#17713 = DIRECTION('',(-0.,-0.,-1.));
#17714 = PCURVE('',#15325,#17715);
#17715 = DEFINITIONAL_REPRESENTATION('',(#17716),#17720);
#17716 = LINE('',#17717,#17718);
#17717 = CARTESIAN_POINT('',(3.992932862191,0.));
#17718 = VECTOR('',#17719,1.);
#17719 = DIRECTION('',(0.,-1.));
#17720 = ( GEOMETRIC_REPRESENTATION_CONTEXT(2) 
PARAMETRIC_REPRESENTATION_CONTEXT() REPRESENTATION_CONTEXT('2D SPACE',''
  ) );
#17721 = PCURVE('',#15535,#17722);
#17722 = DEFINITIONAL_REPRESENTATION('',(#17723),#17727);
#17723 = LINE('',#17724,#17725);
#17724 = CARTESIAN_POINT('',(1.911328125,0.));
#17725 = VECTOR('',#17726,1.);
#17726 = DIRECTION('',(0.,-1.));
#17727 = ( GEOMETRIC_REPRESENTATION_CONTEXT(2) 
PARAMETRIC_REPRESENTATION_CONTEXT() REPRESENTATION_CONTEXT('2D SPACE',''
  ) );
#17728 = ORIENTED_EDGE('',*,*,#15301,.F.);
#17729 = ADVANCED_FACE('',(#17730),#15535,.T.);
#17730 = FACE_BOUND('',#17731,.T.);
#17731 = EDGE_LOOP('',(#17732,#17755,#17776,#17777));
#17732 = ORIENTED_EDGE('',*,*,#17733,.T.);
#17733 = EDGE_CURVE('',#15494,#17734,#17736,.T.);
#17734 = VERTEX_POINT('',#17735);
#17735 = CARTESIAN_POINT('',(-35.6078125,6.751171875,8.775));
#17736 = SURFACE_CURVE('',#17737,(#17741,#17748),.PCURVE_S1.);
#17737 = LINE('',#17738,#17739);
#17738 = CARTESIAN_POINT('',(-35.6078125,6.751171875,9.375));
#17739 = VECTOR('',#17740,1.);
#17740 = DIRECTION('',(-0.,-0.,-1.));
#17741 = PCURVE('',#15535,#17742);
#17742 = DEFINITIONAL_REPRESENTATION('',(#17743),#17747);
#17743 = LINE('',#17744,#17745);
#17744 = CARTESIAN_POINT('',(0.,0.));
#17745 = VECTOR('',#17746,1.);
#17746 = DIRECTION('',(0.,-1.));
#17747 = ( GEOMETRIC_REPRESENTATION_CONTEXT(2) 
PARAMETRIC_REPRESENTATION_CONTEXT() REPRESENTATION_CONTEXT('2D SPACE',''
  ) );
#17748 = PCURVE('',#15509,#17749);
#17749 = DEFINITIONAL_REPRESENTATION('',(#17750),#17754);
#17750 = LINE('',#17751,#17752);
#17751 = CARTESIAN_POINT('',(0.41630859375,0.));
#17752 = VECTOR('',#17753,1.);
#17753 = DIRECTION('',(0.,-1.));
#17754 = ( GEOMETRIC_REPRESENTATION_CONTEXT(2) 
PARAMETRIC_REPRESENTATION_CONTEXT() REPRESENTATION_CONTEXT('2D SPACE',''
  ) );
#17755 = ORIENTED_EDGE('',*,*,#17756,.T.);
#17756 = EDGE_CURVE('',#17734,#17675,#17757,.T.);
#17757 = SURFACE_CURVE('',#17758,(#17762,#17769),.PCURVE_S1.);
#17758 = LINE('',#17759,#17760);
#17759 = CARTESIAN_POINT('',(-35.6078125,6.751171875,8.775));
#17760 = VECTOR('',#17761,1.);
#17761 = DIRECTION('',(1.,-1.110223024625E-16,0.));
#17762 = PCURVE('',#15535,#17763);
#17763 = DEFINITIONAL_REPRESENTATION('',(#17764),#17768);
#17764 = LINE('',#17765,#17766);
#17765 = CARTESIAN_POINT('',(0.,-0.6));
#17766 = VECTOR('',#17767,1.);
#17767 = DIRECTION('',(1.,0.));
#17768 = ( GEOMETRIC_REPRESENTATION_CONTEXT(2) 
PARAMETRIC_REPRESENTATION_CONTEXT() REPRESENTATION_CONTEXT('2D SPACE',''
  ) );
#17769 = PCURVE('',#17693,#17770);
#17770 = DEFINITIONAL_REPRESENTATION('',(#17771),#17775);
#17771 = LINE('',#17772,#17773);
#17772 = CARTESIAN_POINT('',(2.70908203125,3.06181640625));
#17773 = VECTOR('',#17774,1.);
#17774 = DIRECTION('',(0.,-1.));
#17775 = ( GEOMETRIC_REPRESENTATION_CONTEXT(2) 
PARAMETRIC_REPRESENTATION_CONTEXT() REPRESENTATION_CONTEXT('2D SPACE',''
  ) );
#17776 = ORIENTED_EDGE('',*,*,#17708,.F.);
#17777 = ORIENTED_EDGE('',*,*,#15521,.F.);
#17778 = ADVANCED_FACE('',(#17779),#15509,.T.);
#17779 = FACE_BOUND('',#17780,.T.);
#17780 = EDGE_LOOP('',(#17781,#17804,#17825,#17826));
#17781 = ORIENTED_EDGE('',*,*,#17782,.T.);
#17782 = EDGE_CURVE('',#15466,#17783,#17785,.T.);
#17783 = VERTEX_POINT('',#17784);
#17784 = CARTESIAN_POINT('',(-35.6078125,6.33486328125,8.775));
#17785 = SURFACE_CURVE('',#17786,(#17790,#17797),.PCURVE_S1.);
#17786 = LINE('',#17787,#17788);
#17787 = CARTESIAN_POINT('',(-35.6078125,6.33486328125,9.375));
#17788 = VECTOR('',#17789,1.);
#17789 = DIRECTION('',(-0.,-0.,-1.));
#17790 = PCURVE('',#15509,#17791);
#17791 = DEFINITIONAL_REPRESENTATION('',(#17792),#17796);
#17792 = LINE('',#17793,#17794);
#17793 = CARTESIAN_POINT('',(0.,0.));
#17794 = VECTOR('',#17795,1.);
#17795 = DIRECTION('',(0.,-1.));
#17796 = ( GEOMETRIC_REPRESENTATION_CONTEXT(2) 
PARAMETRIC_REPRESENTATION_CONTEXT() REPRESENTATION_CONTEXT('2D SPACE',''
  ) );
#17797 = PCURVE('',#15481,#17798);
#17798 = DEFINITIONAL_REPRESENTATION('',(#17799),#17803);
#17799 = LINE('',#17800,#17801);
#17800 = CARTESIAN_POINT('',(1.86005859375,0.));
#17801 = VECTOR('',#17802,1.);
#17802 = DIRECTION('',(0.,-1.));
#17803 = ( GEOMETRIC_REPRESENTATION_CONTEXT(2) 
PARAMETRIC_REPRESENTATION_CONTEXT() REPRESENTATION_CONTEXT('2D SPACE',''
  ) );
#17804 = ORIENTED_EDGE('',*,*,#17805,.T.);
#17805 = EDGE_CURVE('',#17783,#17734,#17806,.T.);
#17806 = SURFACE_CURVE('',#17807,(#17811,#17818),.PCURVE_S1.);
#17807 = LINE('',#17808,#17809);
#17808 = CARTESIAN_POINT('',(-35.6078125,6.33486328125,8.775));
#17809 = VECTOR('',#17810,1.);
#17810 = DIRECTION('',(1.110223024625E-16,1.,0.));
#17811 = PCURVE('',#15509,#17812);
#17812 = DEFINITIONAL_REPRESENTATION('',(#17813),#17817);
#17813 = LINE('',#17814,#17815);
#17814 = CARTESIAN_POINT('',(0.,-0.6));
#17815 = VECTOR('',#17816,1.);
#17816 = DIRECTION('',(1.,0.));
#17817 = ( GEOMETRIC_REPRESENTATION_CONTEXT(2) 
PARAMETRIC_REPRESENTATION_CONTEXT() REPRESENTATION_CONTEXT('2D SPACE',''
  ) );
#17818 = PCURVE('',#17693,#17819);
#17819 = DEFINITIONAL_REPRESENTATION('',(#17820),#17824);
#17820 = LINE('',#17821,#17822);
#17821 = CARTESIAN_POINT('',(2.2927734375,3.06181640625));
#17822 = VECTOR('',#17823,1.);
#17823 = DIRECTION('',(1.,0.));
#17824 = ( GEOMETRIC_REPRESENTATION_CONTEXT(2) 
PARAMETRIC_REPRESENTATION_CONTEXT() REPRESENTATION_CONTEXT('2D SPACE',''
  ) );
#17825 = ORIENTED_EDGE('',*,*,#17733,.F.);
#17826 = ORIENTED_EDGE('',*,*,#15493,.F.);
#17827 = ADVANCED_FACE('',(#17828),#15481,.T.);
#17828 = FACE_BOUND('',#17829,.T.);
#17829 = EDGE_LOOP('',(#17830,#17853,#17874,#17875));
#17830 = ORIENTED_EDGE('',*,*,#17831,.T.);
#17831 = EDGE_CURVE('',#15427,#17832,#17834,.T.);
#17832 = VERTEX_POINT('',#17833);
#17833 = CARTESIAN_POINT('',(-33.74775390625,6.33486328125,8.775));
#17834 = SURFACE_CURVE('',#17835,(#17839,#17846),.PCURVE_S1.);
#17835 = LINE('',#17836,#17837);
#17836 = CARTESIAN_POINT('',(-33.74775390625,6.33486328125,9.375));
#17837 = VECTOR('',#17838,1.);
#17838 = DIRECTION('',(-0.,-0.,-1.));
#17839 = PCURVE('',#15481,#17840);
#17840 = DEFINITIONAL_REPRESENTATION('',(#17841),#17845);
#17841 = LINE('',#17842,#17843);
#17842 = CARTESIAN_POINT('',(0.,0.));
#17843 = VECTOR('',#17844,1.);
#17844 = DIRECTION('',(0.,-1.));
#17845 = ( GEOMETRIC_REPRESENTATION_CONTEXT(2) 
PARAMETRIC_REPRESENTATION_CONTEXT() REPRESENTATION_CONTEXT('2D SPACE',''
  ) );
#17846 = PCURVE('',#15448,#17847);
#17847 = DEFINITIONAL_REPRESENTATION('',(#17848),#17852);
#17848 = LINE('',#17849,#17850);
#17849 = CARTESIAN_POINT('',(0.,0.));
#17850 = VECTOR('',#17851,1.);
#17851 = DIRECTION('',(0.,-1.));
#17852 = ( GEOMETRIC_REPRESENTATION_CONTEXT(2) 
PARAMETRIC_REPRESENTATION_CONTEXT() REPRESENTATION_CONTEXT('2D SPACE',''
  ) );
#17853 = ORIENTED_EDGE('',*,*,#17854,.T.);
#17854 = EDGE_CURVE('',#17832,#17783,#17855,.T.);
#17855 = SURFACE_CURVE('',#17856,(#17860,#17867),.PCURVE_S1.);
#17856 = LINE('',#17857,#17858);
#17857 = CARTESIAN_POINT('',(-33.74775390625,6.33486328125,8.775));
#17858 = VECTOR('',#17859,1.);
#17859 = DIRECTION('',(-1.,1.110223024625E-16,0.));
#17860 = PCURVE('',#15481,#17861);
#17861 = DEFINITIONAL_REPRESENTATION('',(#17862),#17866);
#17862 = LINE('',#17863,#17864);
#17863 = CARTESIAN_POINT('',(0.,-0.6));
#17864 = VECTOR('',#17865,1.);
#17865 = DIRECTION('',(1.,0.));
#17866 = ( GEOMETRIC_REPRESENTATION_CONTEXT(2) 
PARAMETRIC_REPRESENTATION_CONTEXT() REPRESENTATION_CONTEXT('2D SPACE',''
  ) );
#17867 = PCURVE('',#17693,#17868);
#17868 = DEFINITIONAL_REPRESENTATION('',(#17869),#17873);
#17869 = LINE('',#17870,#17871);
#17870 = CARTESIAN_POINT('',(2.2927734375,1.2017578125));
#17871 = VECTOR('',#17872,1.);
#17872 = DIRECTION('',(0.,1.));
#17873 = ( GEOMETRIC_REPRESENTATION_CONTEXT(2) 
PARAMETRIC_REPRESENTATION_CONTEXT() REPRESENTATION_CONTEXT('2D SPACE',''
  ) );
#17874 = ORIENTED_EDGE('',*,*,#17782,.F.);
#17875 = ORIENTED_EDGE('',*,*,#15465,.F.);
#17876 = ADVANCED_FACE('',(#17877),#15448,.F.);
#17877 = FACE_BOUND('',#17878,.F.);
#17878 = EDGE_LOOP('',(#17879,#17880,#17909,#17930));
#17879 = ORIENTED_EDGE('',*,*,#17831,.T.);
#17880 = ORIENTED_EDGE('',*,*,#17881,.T.);
#17881 = EDGE_CURVE('',#17832,#17882,#17884,.T.);
#17882 = VERTEX_POINT('',#17883);
#17883 = CARTESIAN_POINT('',(-33.74775390625,4.8234375,8.775));
#17884 = SURFACE_CURVE('',#17885,(#17892,#17899),.PCURVE_S1.);
#17885 = B_SPLINE_CURVE_WITH_KNOTS('',2,(#17886,#17887,#17888,#17889,
    #17890,#17891),.UNSPECIFIED.,.F.,.F.,(3,1,1,1,3),(0.,1.,2.,
    3.005154639175,4.010309278351),.UNSPECIFIED.);
#17886 = CARTESIAN_POINT('',(-33.74775390625,6.33486328125,8.775));
#17887 = CARTESIAN_POINT('',(-33.25556640625,6.33486328125,8.775));
#17888 = CARTESIAN_POINT('',(-32.8228515625,5.97802734375,8.775));
#17889 = CARTESIAN_POINT('',(-32.8228515625,5.1802734375,8.775));
#17890 = CARTESIAN_POINT('',(-33.25556640625,4.8234375,8.775));
#17891 = CARTESIAN_POINT('',(-33.74775390625,4.8234375,8.775));
#17892 = PCURVE('',#15448,#17893);
#17893 = DEFINITIONAL_REPRESENTATION('',(#17894),#17898);
#17894 = LINE('',#17895,#17896);
#17895 = CARTESIAN_POINT('',(0.,-0.6));
#17896 = VECTOR('',#17897,1.);
#17897 = DIRECTION('',(1.,0.));
#17898 = ( GEOMETRIC_REPRESENTATION_CONTEXT(2) 
PARAMETRIC_REPRESENTATION_CONTEXT() REPRESENTATION_CONTEXT('2D SPACE',''
  ) );
#17899 = PCURVE('',#17693,#17900);
#17900 = DEFINITIONAL_REPRESENTATION('',(#17901),#17908);
#17901 = B_SPLINE_CURVE_WITH_KNOTS('',2,(#17902,#17903,#17904,#17905,
    #17906,#17907),.UNSPECIFIED.,.F.,.F.,(3,1,1,1,3),(0.,1.,2.,
    3.005154639175,4.010309278351),.UNSPECIFIED.);
#17902 = CARTESIAN_POINT('',(2.2927734375,1.2017578125));
#17903 = CARTESIAN_POINT('',(2.2927734375,0.7095703125));
#17904 = CARTESIAN_POINT('',(1.9359375,0.27685546875));
#17905 = CARTESIAN_POINT('',(1.13818359375,0.27685546875));
#17906 = CARTESIAN_POINT('',(0.78134765625,0.7095703125));
#17907 = CARTESIAN_POINT('',(0.78134765625,1.2017578125));
#17908 = ( GEOMETRIC_REPRESENTATION_CONTEXT(2) 
PARAMETRIC_REPRESENTATION_CONTEXT() REPRESENTATION_CONTEXT('2D SPACE',''
  ) );
#17909 = ORIENTED_EDGE('',*,*,#17910,.F.);
#17910 = EDGE_CURVE('',#15399,#17882,#17911,.T.);
#17911 = SURFACE_CURVE('',#17912,(#17916,#17923),.PCURVE_S1.);
#17912 = LINE('',#17913,#17914);
#17913 = CARTESIAN_POINT('',(-33.74775390625,4.8234375,9.375));
#17914 = VECTOR('',#17915,1.);
#17915 = DIRECTION('',(-0.,-0.,-1.));
#17916 = PCURVE('',#15448,#17917);
#17917 = DEFINITIONAL_REPRESENTATION('',(#17918),#17922);
#17918 = LINE('',#17919,#17920);
#17919 = CARTESIAN_POINT('',(4.010309278351,0.));
#17920 = VECTOR('',#17921,1.);
#17921 = DIRECTION('',(0.,-1.));
#17922 = ( GEOMETRIC_REPRESENTATION_CONTEXT(2) 
PARAMETRIC_REPRESENTATION_CONTEXT() REPRESENTATION_CONTEXT('2D SPACE',''
  ) );
#17923 = PCURVE('',#15414,#17924);
#17924 = DEFINITIONAL_REPRESENTATION('',(#17925),#17929);
#17925 = LINE('',#17926,#17927);
#17926 = CARTESIAN_POINT('',(1.86005859375,0.));
#17927 = VECTOR('',#17928,1.);
#17928 = DIRECTION('',(0.,-1.));
#17929 = ( GEOMETRIC_REPRESENTATION_CONTEXT(2) 
PARAMETRIC_REPRESENTATION_CONTEXT() REPRESENTATION_CONTEXT('2D SPACE',''
  ) );
#17930 = ORIENTED_EDGE('',*,*,#15426,.F.);
#17931 = ADVANCED_FACE('',(#17932),#15414,.T.);
#17932 = FACE_BOUND('',#17933,.T.);
#17933 = EDGE_LOOP('',(#17934,#17957,#17978,#17979));
#17934 = ORIENTED_EDGE('',*,*,#17935,.T.);
#17935 = EDGE_CURVE('',#15371,#17936,#17938,.T.);
#17936 = VERTEX_POINT('',#17937);
#17937 = CARTESIAN_POINT('',(-35.6078125,4.8234375,8.775));
#17938 = SURFACE_CURVE('',#17939,(#17943,#17950),.PCURVE_S1.);
#17939 = LINE('',#17940,#17941);
#17940 = CARTESIAN_POINT('',(-35.6078125,4.8234375,9.375));
#17941 = VECTOR('',#17942,1.);
#17942 = DIRECTION('',(-0.,-0.,-1.));
#17943 = PCURVE('',#15414,#17944);
#17944 = DEFINITIONAL_REPRESENTATION('',(#17945),#17949);
#17945 = LINE('',#17946,#17947);
#17946 = CARTESIAN_POINT('',(0.,0.));
#17947 = VECTOR('',#17948,1.);
#17948 = DIRECTION('',(0.,-1.));
#17949 = ( GEOMETRIC_REPRESENTATION_CONTEXT(2) 
PARAMETRIC_REPRESENTATION_CONTEXT() REPRESENTATION_CONTEXT('2D SPACE',''
  ) );
#17950 = PCURVE('',#15386,#17951);
#17951 = DEFINITIONAL_REPRESENTATION('',(#17952),#17956);
#17952 = LINE('',#17953,#17954);
#17953 = CARTESIAN_POINT('',(0.41630859375,0.));
#17954 = VECTOR('',#17955,1.);
#17955 = DIRECTION('',(0.,-1.));
#17956 = ( GEOMETRIC_REPRESENTATION_CONTEXT(2) 
PARAMETRIC_REPRESENTATION_CONTEXT() REPRESENTATION_CONTEXT('2D SPACE',''
  ) );
#17957 = ORIENTED_EDGE('',*,*,#17958,.T.);
#17958 = EDGE_CURVE('',#17936,#17882,#17959,.T.);
#17959 = SURFACE_CURVE('',#17960,(#17964,#17971),.PCURVE_S1.);
#17960 = LINE('',#17961,#17962);
#17961 = CARTESIAN_POINT('',(-35.6078125,4.8234375,8.775));
#17962 = VECTOR('',#17963,1.);
#17963 = DIRECTION('',(1.,-1.110223024625E-16,0.));
#17964 = PCURVE('',#15414,#17965);
#17965 = DEFINITIONAL_REPRESENTATION('',(#17966),#17970);
#17966 = LINE('',#17967,#17968);
#17967 = CARTESIAN_POINT('',(0.,-0.6));
#17968 = VECTOR('',#17969,1.);
#17969 = DIRECTION('',(1.,0.));
#17970 = ( GEOMETRIC_REPRESENTATION_CONTEXT(2) 
PARAMETRIC_REPRESENTATION_CONTEXT() REPRESENTATION_CONTEXT('2D SPACE',''
  ) );
#17971 = PCURVE('',#17693,#17972);
#17972 = DEFINITIONAL_REPRESENTATION('',(#17973),#17977);
#17973 = LINE('',#17974,#17975);
#17974 = CARTESIAN_POINT('',(0.78134765625,3.06181640625));
#17975 = VECTOR('',#17976,1.);
#17976 = DIRECTION('',(0.,-1.));
#17977 = ( GEOMETRIC_REPRESENTATION_CONTEXT(2) 
PARAMETRIC_REPRESENTATION_CONTEXT() REPRESENTATION_CONTEXT('2D SPACE',''
  ) );
#17978 = ORIENTED_EDGE('',*,*,#17910,.F.);
#17979 = ORIENTED_EDGE('',*,*,#15398,.F.);
#17980 = ADVANCED_FACE('',(#17981),#15386,.T.);
#17981 = FACE_BOUND('',#17982,.T.);
#17982 = EDGE_LOOP('',(#17983,#18006,#18027,#18028));
#17983 = ORIENTED_EDGE('',*,*,#17984,.T.);
#17984 = EDGE_CURVE('',#15343,#17985,#17987,.T.);
#17985 = VERTEX_POINT('',#17986);
#17986 = CARTESIAN_POINT('',(-35.6078125,4.40712890625,8.775));
#17987 = SURFACE_CURVE('',#17988,(#17992,#17999),.PCURVE_S1.);
#17988 = LINE('',#17989,#17990);
#17989 = CARTESIAN_POINT('',(-35.6078125,4.40712890625,9.375));
#17990 = VECTOR('',#17991,1.);
#17991 = DIRECTION('',(-0.,-0.,-1.));
#17992 = PCURVE('',#15386,#17993);
#17993 = DEFINITIONAL_REPRESENTATION('',(#17994),#17998);
#17994 = LINE('',#17995,#17996);
#17995 = CARTESIAN_POINT('',(0.,0.));
#17996 = VECTOR('',#17997,1.);
#17997 = DIRECTION('',(0.,-1.));
#17998 = ( GEOMETRIC_REPRESENTATION_CONTEXT(2) 
PARAMETRIC_REPRESENTATION_CONTEXT() REPRESENTATION_CONTEXT('2D SPACE',''
  ) );
#17999 = PCURVE('',#15358,#18000);
#18000 = DEFINITIONAL_REPRESENTATION('',(#18001),#18005);
#18001 = LINE('',#18002,#18003);
#18002 = CARTESIAN_POINT('',(1.911328125,0.));
#18003 = VECTOR('',#18004,1.);
#18004 = DIRECTION('',(0.,-1.));
#18005 = ( GEOMETRIC_REPRESENTATION_CONTEXT(2) 
PARAMETRIC_REPRESENTATION_CONTEXT() REPRESENTATION_CONTEXT('2D SPACE',''
  ) );
#18006 = ORIENTED_EDGE('',*,*,#18007,.T.);
#18007 = EDGE_CURVE('',#17985,#17936,#18008,.T.);
#18008 = SURFACE_CURVE('',#18009,(#18013,#18020),.PCURVE_S1.);
#18009 = LINE('',#18010,#18011);
#18010 = CARTESIAN_POINT('',(-35.6078125,4.40712890625,8.775));
#18011 = VECTOR('',#18012,1.);
#18012 = DIRECTION('',(1.110223024625E-16,1.,0.));
#18013 = PCURVE('',#15386,#18014);
#18014 = DEFINITIONAL_REPRESENTATION('',(#18015),#18019);
#18015 = LINE('',#18016,#18017);
#18016 = CARTESIAN_POINT('',(0.,-0.6));
#18017 = VECTOR('',#18018,1.);
#18018 = DIRECTION('',(1.,0.));
#18019 = ( GEOMETRIC_REPRESENTATION_CONTEXT(2) 
PARAMETRIC_REPRESENTATION_CONTEXT() REPRESENTATION_CONTEXT('2D SPACE',''
  ) );
#18020 = PCURVE('',#17693,#18021);
#18021 = DEFINITIONAL_REPRESENTATION('',(#18022),#18026);
#18022 = LINE('',#18023,#18024);
#18023 = CARTESIAN_POINT('',(0.3650390625,3.06181640625));
#18024 = VECTOR('',#18025,1.);
#18025 = DIRECTION('',(1.,0.));
#18026 = ( GEOMETRIC_REPRESENTATION_CONTEXT(2) 
PARAMETRIC_REPRESENTATION_CONTEXT() REPRESENTATION_CONTEXT('2D SPACE',''
  ) );
#18027 = ORIENTED_EDGE('',*,*,#17935,.F.);
#18028 = ORIENTED_EDGE('',*,*,#15370,.F.);
#18029 = ADVANCED_FACE('',(#18030),#15358,.T.);
#18030 = FACE_BOUND('',#18031,.T.);
#18031 = EDGE_LOOP('',(#18032,#18033,#18054,#18055));
#18032 = ORIENTED_EDGE('',*,*,#17651,.T.);
#18033 = ORIENTED_EDGE('',*,*,#18034,.T.);
#18034 = EDGE_CURVE('',#17652,#17985,#18035,.T.);
#18035 = SURFACE_CURVE('',#18036,(#18040,#18047),.PCURVE_S1.);
#18036 = LINE('',#18037,#18038);
#18037 = CARTESIAN_POINT('',(-33.696484375,4.40712890625,8.775));
#18038 = VECTOR('',#18039,1.);
#18039 = DIRECTION('',(-1.,1.110223024625E-16,0.));
#18040 = PCURVE('',#15358,#18041);
#18041 = DEFINITIONAL_REPRESENTATION('',(#18042),#18046);
#18042 = LINE('',#18043,#18044);
#18043 = CARTESIAN_POINT('',(0.,-0.6));
#18044 = VECTOR('',#18045,1.);
#18045 = DIRECTION('',(1.,0.));
#18046 = ( GEOMETRIC_REPRESENTATION_CONTEXT(2) 
PARAMETRIC_REPRESENTATION_CONTEXT() REPRESENTATION_CONTEXT('2D SPACE',''
  ) );
#18047 = PCURVE('',#17693,#18048);
#18048 = DEFINITIONAL_REPRESENTATION('',(#18049),#18053);
#18049 = LINE('',#18050,#18051);
#18050 = CARTESIAN_POINT('',(0.3650390625,1.15048828125));
#18051 = VECTOR('',#18052,1.);
#18052 = DIRECTION('',(0.,1.));
#18053 = ( GEOMETRIC_REPRESENTATION_CONTEXT(2) 
PARAMETRIC_REPRESENTATION_CONTEXT() REPRESENTATION_CONTEXT('2D SPACE',''
  ) );
#18054 = ORIENTED_EDGE('',*,*,#17984,.F.);
#18055 = ORIENTED_EDGE('',*,*,#15342,.F.);
#18056 = ADVANCED_FACE('',(#18057),#15701,.T.);
#18057 = FACE_BOUND('',#18058,.F.);
#18058 = EDGE_LOOP('',(#18059,#18060,#18061,#18062,#18063,#18064,#18065,
    #18066,#18067,#18068,#18069,#18070,#18071));
#18059 = ORIENTED_EDGE('',*,*,#16278,.T.);
#18060 = ORIENTED_EDGE('',*,*,#16251,.T.);
#18061 = ORIENTED_EDGE('',*,*,#16202,.T.);
#18062 = ORIENTED_EDGE('',*,*,#16153,.T.);
#18063 = ORIENTED_EDGE('',*,*,#16104,.T.);
#18064 = ORIENTED_EDGE('',*,*,#16055,.T.);
#18065 = ORIENTED_EDGE('',*,*,#16006,.T.);
#18066 = ORIENTED_EDGE('',*,*,#15957,.T.);
#18067 = ORIENTED_EDGE('',*,*,#15908,.T.);
#18068 = ORIENTED_EDGE('',*,*,#15859,.T.);
#18069 = ORIENTED_EDGE('',*,*,#15810,.T.);
#18070 = ORIENTED_EDGE('',*,*,#15761,.T.);
#18071 = ORIENTED_EDGE('',*,*,#15685,.T.);
#18072 = ADVANCED_FACE('',(#18073,#18076),#16348,.T.);
#18073 = FACE_BOUND('',#18074,.F.);
#18074 = EDGE_LOOP('',(#18075));
#18075 = ORIENTED_EDGE('',*,*,#16327,.F.);
#18076 = FACE_BOUND('',#18077,.F.);
#18077 = EDGE_LOOP('',(#18078));
#18078 = ORIENTED_EDGE('',*,*,#18079,.F.);
#18079 = EDGE_CURVE('',#18080,#18080,#18082,.T.);
#18080 = VERTEX_POINT('',#18081);
#18081 = CARTESIAN_POINT('',(-35.32685546875,-4.37021484375,8.775));
#18082 = SURFACE_CURVE('',#18083,(#18094,#18108),.PCURVE_S1.);
#18083 = B_SPLINE_CURVE_WITH_KNOTS('',2,(#18084,#18085,#18086,#18087,
    #18088,#18089,#18090,#18091,#18092,#18093),.UNSPECIFIED.,.T.,.F.,(3,
    1,1,1,1,1,1,1,3),(0.,1.,2.,2.996466431095,3.992932862191,
    4.989399293286,5.985865724382,6.985865724382,7.985865724382),
  .UNSPECIFIED.);
#18084 = CARTESIAN_POINT('',(-35.32685546875,-4.37021484375,8.775));
#18085 = CARTESIAN_POINT('',(-35.32685546875,-3.91904296875,8.775));
#18086 = CARTESIAN_POINT('',(-34.65419921875,-3.3919921875,8.775));
#18087 = CARTESIAN_POINT('',(-33.4955078125,-3.3919921875,8.775));
#18088 = CARTESIAN_POINT('',(-32.8228515625,-3.91904296875,8.775));
#18089 = CARTESIAN_POINT('',(-32.8228515625,-4.82138671875,8.775));
#18090 = CARTESIAN_POINT('',(-33.4955078125,-5.3525390625,8.775));
#18091 = CARTESIAN_POINT('',(-34.65419921875,-5.3525390625,8.775));
#18092 = CARTESIAN_POINT('',(-35.32685546875,-4.82138671875,8.775));
#18093 = CARTESIAN_POINT('',(-35.32685546875,-4.37021484375,8.775));
#18094 = PCURVE('',#16348,#18095);
#18095 = DEFINITIONAL_REPRESENTATION('',(#18096),#18107);
#18096 = B_SPLINE_CURVE_WITH_KNOTS('',2,(#18097,#18098,#18099,#18100,
    #18101,#18102,#18103,#18104,#18105,#18106),.UNSPECIFIED.,.T.,.F.,(3,
    1,1,1,1,1,1,1,3),(0.,1.,2.,2.996466431095,3.992932862191,
    4.989399293286,5.985865724382,6.985865724382,7.985865724382),
  .UNSPECIFIED.);
#18097 = CARTESIAN_POINT('',(1.65498046875,2.780859375));
#18098 = CARTESIAN_POINT('',(2.10615234375,2.780859375));
#18099 = CARTESIAN_POINT('',(2.633203125,2.108203125));
#18100 = CARTESIAN_POINT('',(2.633203125,0.94951171875));
#18101 = CARTESIAN_POINT('',(2.10615234375,0.27685546875));
#18102 = CARTESIAN_POINT('',(1.20380859375,0.27685546875));
#18103 = CARTESIAN_POINT('',(0.67265625,0.94951171875));
#18104 = CARTESIAN_POINT('',(0.67265625,2.108203125));
#18105 = CARTESIAN_POINT('',(1.20380859375,2.780859375));
#18106 = CARTESIAN_POINT('',(1.65498046875,2.780859375));
#18107 = ( GEOMETRIC_REPRESENTATION_CONTEXT(2) 
PARAMETRIC_REPRESENTATION_CONTEXT() REPRESENTATION_CONTEXT('2D SPACE',''
  ) );
#18108 = PCURVE('',#18109,#18123);
#18109 = SURFACE_OF_LINEAR_EXTRUSION('',#18110,#18121);
#18110 = B_SPLINE_CURVE_WITH_KNOTS('',2,(#18111,#18112,#18113,#18114,
    #18115,#18116,#18117,#18118,#18119,#18120),.UNSPECIFIED.,.T.,.F.,(3,
    1,1,1,1,1,1,1,3),(0.,1.,2.,2.996466431095,3.992932862191,
    4.989399293286,5.985865724382,6.985865724382,7.985865724382),
  .UNSPECIFIED.);
#18111 = CARTESIAN_POINT('',(-35.32685546875,-4.37021484375,9.375));
#18112 = CARTESIAN_POINT('',(-35.32685546875,-3.91904296875,9.375));
#18113 = CARTESIAN_POINT('',(-34.65419921875,-3.3919921875,9.375));
#18114 = CARTESIAN_POINT('',(-33.4955078125,-3.3919921875,9.375));
#18115 = CARTESIAN_POINT('',(-32.8228515625,-3.91904296875,9.375));
#18116 = CARTESIAN_POINT('',(-32.8228515625,-4.82138671875,9.375));
#18117 = CARTESIAN_POINT('',(-33.4955078125,-5.3525390625,9.375));
#18118 = CARTESIAN_POINT('',(-34.65419921875,-5.3525390625,9.375));
#18119 = CARTESIAN_POINT('',(-35.32685546875,-4.82138671875,9.375));
#18120 = CARTESIAN_POINT('',(-35.32685546875,-4.37021484375,9.375));
#18121 = VECTOR('',#18122,1.);
#18122 = DIRECTION('',(0.,0.,1.));
#18123 = DEFINITIONAL_REPRESENTATION('',(#18124),#18128);
#18124 = LINE('',#18125,#18126);
#18125 = CARTESIAN_POINT('',(0.,-0.6));
#18126 = VECTOR('',#18127,1.);
#18127 = DIRECTION('',(1.,0.));
#18128 = ( GEOMETRIC_REPRESENTATION_CONTEXT(2) 
PARAMETRIC_REPRESENTATION_CONTEXT() REPRESENTATION_CONTEXT('2D SPACE',''
  ) );
#18129 = ADVANCED_FACE('',(#18130),#16418,.T.);
#18130 = FACE_BOUND('',#18131,.F.);
#18131 = EDGE_LOOP('',(#18132,#18133,#18134,#18135));
#18132 = ORIENTED_EDGE('',*,*,#16575,.T.);
#18133 = ORIENTED_EDGE('',*,*,#16512,.F.);
#18134 = ORIENTED_EDGE('',*,*,#16485,.T.);
#18135 = ORIENTED_EDGE('',*,*,#16395,.F.);
#18136 = ADVANCED_FACE('',(#18137),#16640,.T.);
#18137 = FACE_BOUND('',#18138,.F.);
#18138 = EDGE_LOOP('',(#18139,#18140,#18141,#18142,#18143,#18144,#18145,
    #18146,#18147,#18148,#18149));
#18139 = ORIENTED_EDGE('',*,*,#17119,.T.);
#18140 = ORIENTED_EDGE('',*,*,#17092,.T.);
#18141 = ORIENTED_EDGE('',*,*,#17043,.T.);
#18142 = ORIENTED_EDGE('',*,*,#16994,.T.);
#18143 = ORIENTED_EDGE('',*,*,#16945,.T.);
#18144 = ORIENTED_EDGE('',*,*,#16896,.T.);
#18145 = ORIENTED_EDGE('',*,*,#16847,.T.);
#18146 = ORIENTED_EDGE('',*,*,#16798,.T.);
#18147 = ORIENTED_EDGE('',*,*,#16749,.T.);
#18148 = ORIENTED_EDGE('',*,*,#16700,.T.);
#18149 = ORIENTED_EDGE('',*,*,#16624,.T.);
#18150 = ADVANCED_FACE('',(#18151,#18159),#17184,.T.);
#18151 = FACE_BOUND('',#18152,.F.);
#18152 = EDGE_LOOP('',(#18153,#18154,#18155,#18156,#18157,#18158));
#18153 = ORIENTED_EDGE('',*,*,#17424,.T.);
#18154 = ORIENTED_EDGE('',*,*,#17397,.T.);
#18155 = ORIENTED_EDGE('',*,*,#17320,.F.);
#18156 = ORIENTED_EDGE('',*,*,#17293,.T.);
#18157 = ORIENTED_EDGE('',*,*,#17244,.T.);
#18158 = ORIENTED_EDGE('',*,*,#17168,.T.);
#18159 = FACE_BOUND('',#18160,.F.);
#18160 = EDGE_LOOP('',(#18161,#18191,#18219,#18247));
#18161 = ORIENTED_EDGE('',*,*,#18162,.T.);
#18162 = EDGE_CURVE('',#18163,#18165,#18167,.T.);
#18163 = VERTEX_POINT('',#18164);
#18164 = CARTESIAN_POINT('',(-35.2673828125,8.46357421875,8.775));
#18165 = VERTEX_POINT('',#18166);
#18166 = CARTESIAN_POINT('',(-35.2673828125,7.94267578125,8.775));
#18167 = SURFACE_CURVE('',#18168,(#18172,#18179),.PCURVE_S1.);
#18168 = LINE('',#18169,#18170);
#18169 = CARTESIAN_POINT('',(-35.2673828125,8.46357421875,8.775));
#18170 = VECTOR('',#18171,1.);
#18171 = DIRECTION('',(-1.110223024625E-16,-1.,0.));
#18172 = PCURVE('',#17184,#18173);
#18173 = DEFINITIONAL_REPRESENTATION('',(#18174),#18178);
#18174 = LINE('',#18175,#18176);
#18175 = CARTESIAN_POINT('',(1.34736328125,2.72138671875));
#18176 = VECTOR('',#18177,1.);
#18177 = DIRECTION('',(-1.,0.));
#18178 = ( GEOMETRIC_REPRESENTATION_CONTEXT(2) 
PARAMETRIC_REPRESENTATION_CONTEXT() REPRESENTATION_CONTEXT('2D SPACE',''
  ) );
#18179 = PCURVE('',#18180,#18185);
#18180 = PLANE('',#18181);
#18181 = AXIS2_PLACEMENT_3D('',#18182,#18183,#18184);
#18182 = CARTESIAN_POINT('',(-35.2673828125,8.46357421875,9.375));
#18183 = DIRECTION('',(-1.,1.110223024625E-16,0.));
#18184 = DIRECTION('',(-1.110223024625E-16,-1.,0.));
#18185 = DEFINITIONAL_REPRESENTATION('',(#18186),#18190);
#18186 = LINE('',#18187,#18188);
#18187 = CARTESIAN_POINT('',(-0.,-0.6));
#18188 = VECTOR('',#18189,1.);
#18189 = DIRECTION('',(1.,0.));
#18190 = ( GEOMETRIC_REPRESENTATION_CONTEXT(2) 
PARAMETRIC_REPRESENTATION_CONTEXT() REPRESENTATION_CONTEXT('2D SPACE',''
  ) );
#18191 = ORIENTED_EDGE('',*,*,#18192,.T.);
#18192 = EDGE_CURVE('',#18165,#18193,#18195,.T.);
#18193 = VERTEX_POINT('',#18194);
#18194 = CARTESIAN_POINT('',(-34.11689453125,7.94267578125,8.775));
#18195 = SURFACE_CURVE('',#18196,(#18200,#18207),.PCURVE_S1.);
#18196 = LINE('',#18197,#18198);
#18197 = CARTESIAN_POINT('',(-35.2673828125,7.94267578125,8.775));
#18198 = VECTOR('',#18199,1.);
#18199 = DIRECTION('',(1.,-1.110223024625E-16,0.));
#18200 = PCURVE('',#17184,#18201);
#18201 = DEFINITIONAL_REPRESENTATION('',(#18202),#18206);
#18202 = LINE('',#18203,#18204);
#18203 = CARTESIAN_POINT('',(0.82646484375,2.72138671875));
#18204 = VECTOR('',#18205,1.);
#18205 = DIRECTION('',(0.,-1.));
#18206 = ( GEOMETRIC_REPRESENTATION_CONTEXT(2) 
PARAMETRIC_REPRESENTATION_CONTEXT() REPRESENTATION_CONTEXT('2D SPACE',''
  ) );
#18207 = PCURVE('',#18208,#18213);
#18208 = PLANE('',#18209);
#18209 = AXIS2_PLACEMENT_3D('',#18210,#18211,#18212);
#18210 = CARTESIAN_POINT('',(-35.2673828125,7.94267578125,9.375));
#18211 = DIRECTION('',(-1.110223024625E-16,-1.,0.));
#18212 = DIRECTION('',(1.,-1.110223024625E-16,0.));
#18213 = DEFINITIONAL_REPRESENTATION('',(#18214),#18218);
#18214 = LINE('',#18215,#18216);
#18215 = CARTESIAN_POINT('',(0.,-0.6));
#18216 = VECTOR('',#18217,1.);
#18217 = DIRECTION('',(1.,0.));
#18218 = ( GEOMETRIC_REPRESENTATION_CONTEXT(2) 
PARAMETRIC_REPRESENTATION_CONTEXT() REPRESENTATION_CONTEXT('2D SPACE',''
  ) );
#18219 = ORIENTED_EDGE('',*,*,#18220,.T.);
#18220 = EDGE_CURVE('',#18193,#18221,#18223,.T.);
#18221 = VERTEX_POINT('',#18222);
#18222 = CARTESIAN_POINT('',(-34.11689453125,8.46357421875,8.775));
#18223 = SURFACE_CURVE('',#18224,(#18228,#18235),.PCURVE_S1.);
#18224 = LINE('',#18225,#18226);
#18225 = CARTESIAN_POINT('',(-34.11689453125,7.94267578125,8.775));
#18226 = VECTOR('',#18227,1.);
#18227 = DIRECTION('',(1.110223024625E-16,1.,0.));
#18228 = PCURVE('',#17184,#18229);
#18229 = DEFINITIONAL_REPRESENTATION('',(#18230),#18234);
#18230 = LINE('',#18231,#18232);
#18231 = CARTESIAN_POINT('',(0.82646484375,1.5708984375));
#18232 = VECTOR('',#18233,1.);
#18233 = DIRECTION('',(1.,0.));
#18234 = ( GEOMETRIC_REPRESENTATION_CONTEXT(2) 
PARAMETRIC_REPRESENTATION_CONTEXT() REPRESENTATION_CONTEXT('2D SPACE',''
  ) );
#18235 = PCURVE('',#18236,#18241);
#18236 = PLANE('',#18237);
#18237 = AXIS2_PLACEMENT_3D('',#18238,#18239,#18240);
#18238 = CARTESIAN_POINT('',(-34.11689453125,7.94267578125,9.375));
#18239 = DIRECTION('',(1.,-1.110223024625E-16,0.));
#18240 = DIRECTION('',(1.110223024625E-16,1.,0.));
#18241 = DEFINITIONAL_REPRESENTATION('',(#18242),#18246);
#18242 = LINE('',#18243,#18244);
#18243 = CARTESIAN_POINT('',(0.,-0.6));
#18244 = VECTOR('',#18245,1.);
#18245 = DIRECTION('',(1.,0.));
#18246 = ( GEOMETRIC_REPRESENTATION_CONTEXT(2) 
PARAMETRIC_REPRESENTATION_CONTEXT() REPRESENTATION_CONTEXT('2D SPACE',''
  ) );
#18247 = ORIENTED_EDGE('',*,*,#18248,.F.);
#18248 = EDGE_CURVE('',#18163,#18221,#18249,.T.);
#18249 = SURFACE_CURVE('',#18250,(#18257,#18267),.PCURVE_S1.);
#18250 = B_SPLINE_CURVE_WITH_KNOTS('',2,(#18251,#18252,#18253,#18254,
    #18255,#18256),.UNSPECIFIED.,.F.,.F.,(3,1,1,1,3),(0.,1.,2.,
    3.007462686567,4.014925373134),.UNSPECIFIED.);
#18251 = CARTESIAN_POINT('',(-35.2673828125,8.46357421875,8.775));
#18252 = CARTESIAN_POINT('',(-35.2673828125,8.752734375,8.775));
#18253 = CARTESIAN_POINT('',(-34.96796875,9.0685546875,8.775));
#18254 = CARTESIAN_POINT('',(-34.41630859375,9.0685546875,8.775));
#18255 = CARTESIAN_POINT('',(-34.11689453125,8.752734375,8.775));
#18256 = CARTESIAN_POINT('',(-34.11689453125,8.46357421875,8.775));
#18257 = PCURVE('',#17184,#18258);
#18258 = DEFINITIONAL_REPRESENTATION('',(#18259),#18266);
#18259 = B_SPLINE_CURVE_WITH_KNOTS('',2,(#18260,#18261,#18262,#18263,
    #18264,#18265),.UNSPECIFIED.,.F.,.F.,(3,1,1,1,3),(0.,1.,2.,
    3.007462686567,4.014925373134),.UNSPECIFIED.);
#18260 = CARTESIAN_POINT('',(1.34736328125,2.72138671875));
#18261 = CARTESIAN_POINT('',(1.6365234375,2.72138671875));
#18262 = CARTESIAN_POINT('',(1.95234375,2.42197265625));
#18263 = CARTESIAN_POINT('',(1.95234375,1.8703125));
#18264 = CARTESIAN_POINT('',(1.6365234375,1.5708984375));
#18265 = CARTESIAN_POINT('',(1.34736328125,1.5708984375));
#18266 = ( GEOMETRIC_REPRESENTATION_CONTEXT(2) 
PARAMETRIC_REPRESENTATION_CONTEXT() REPRESENTATION_CONTEXT('2D SPACE',''
  ) );
#18267 = PCURVE('',#18268,#18278);
#18268 = SURFACE_OF_LINEAR_EXTRUSION('',#18269,#18276);
#18269 = B_SPLINE_CURVE_WITH_KNOTS('',2,(#18270,#18271,#18272,#18273,
    #18274,#18275),.UNSPECIFIED.,.F.,.F.,(3,1,1,1,3),(0.,1.,2.,
    3.007462686567,4.014925373134),.UNSPECIFIED.);
#18270 = CARTESIAN_POINT('',(-35.2673828125,8.46357421875,9.375));
#18271 = CARTESIAN_POINT('',(-35.2673828125,8.752734375,9.375));
#18272 = CARTESIAN_POINT('',(-34.96796875,9.0685546875,9.375));
#18273 = CARTESIAN_POINT('',(-34.41630859375,9.0685546875,9.375));
#18274 = CARTESIAN_POINT('',(-34.11689453125,8.752734375,9.375));
#18275 = CARTESIAN_POINT('',(-34.11689453125,8.46357421875,9.375));
#18276 = VECTOR('',#18277,1.);
#18277 = DIRECTION('',(0.,0.,1.));
#18278 = DEFINITIONAL_REPRESENTATION('',(#18279),#18283);
#18279 = LINE('',#18280,#18281);
#18280 = CARTESIAN_POINT('',(0.,-0.6));
#18281 = VECTOR('',#18282,1.);
#18282 = DIRECTION('',(1.,0.));
#18283 = ( GEOMETRIC_REPRESENTATION_CONTEXT(2) 
PARAMETRIC_REPRESENTATION_CONTEXT() REPRESENTATION_CONTEXT('2D SPACE',''
  ) );
#18284 = ADVANCED_FACE('',(#18285),#17489,.T.);
#18285 = FACE_BOUND('',#18286,.F.);
#18286 = EDGE_LOOP('',(#18287,#18288,#18289,#18290));
#18287 = ORIENTED_EDGE('',*,*,#17625,.T.);
#18288 = ORIENTED_EDGE('',*,*,#17598,.T.);
#18289 = ORIENTED_EDGE('',*,*,#17549,.T.);
#18290 = ORIENTED_EDGE('',*,*,#17473,.T.);
#18291 = ADVANCED_FACE('',(#18292),#17693,.T.);
#18292 = FACE_BOUND('',#18293,.F.);
#18293 = EDGE_LOOP('',(#18294,#18295,#18296,#18297,#18298,#18299,#18300,
    #18301));
#18294 = ORIENTED_EDGE('',*,*,#18034,.T.);
#18295 = ORIENTED_EDGE('',*,*,#18007,.T.);
#18296 = ORIENTED_EDGE('',*,*,#17958,.T.);
#18297 = ORIENTED_EDGE('',*,*,#17881,.F.);
#18298 = ORIENTED_EDGE('',*,*,#17854,.T.);
#18299 = ORIENTED_EDGE('',*,*,#17805,.T.);
#18300 = ORIENTED_EDGE('',*,*,#17756,.T.);
#18301 = ORIENTED_EDGE('',*,*,#17674,.F.);
#18302 = ADVANCED_FACE('',(#18303),#18109,.F.);
#18303 = FACE_BOUND('',#18304,.F.);
#18304 = EDGE_LOOP('',(#18305,#18328,#18329,#18330));
#18305 = ORIENTED_EDGE('',*,*,#18306,.T.);
#18306 = EDGE_CURVE('',#18307,#18080,#18309,.T.);
#18307 = VERTEX_POINT('',#18308);
#18308 = CARTESIAN_POINT('',(-35.32685546875,-4.37021484375,9.375));
#18309 = SEAM_CURVE('',#18310,(#18314,#18321),.PCURVE_S1.);
#18310 = LINE('',#18311,#18312);
#18311 = CARTESIAN_POINT('',(-35.32685546875,-4.37021484375,9.375));
#18312 = VECTOR('',#18313,1.);
#18313 = DIRECTION('',(-0.,-0.,-1.));
#18314 = PCURVE('',#18109,#18315);
#18315 = DEFINITIONAL_REPRESENTATION('',(#18316),#18320);
#18316 = LINE('',#18317,#18318);
#18317 = CARTESIAN_POINT('',(0.,0.));
#18318 = VECTOR('',#18319,1.);
#18319 = DIRECTION('',(0.,-1.));
#18320 = ( GEOMETRIC_REPRESENTATION_CONTEXT(2) 
PARAMETRIC_REPRESENTATION_CONTEXT() REPRESENTATION_CONTEXT('2D SPACE',''
  ) );
#18321 = PCURVE('',#18109,#18322);
#18322 = DEFINITIONAL_REPRESENTATION('',(#18323),#18327);
#18323 = LINE('',#18324,#18325);
#18324 = CARTESIAN_POINT('',(7.985865724382,0.));
#18325 = VECTOR('',#18326,1.);
#18326 = DIRECTION('',(0.,-1.));
#18327 = ( GEOMETRIC_REPRESENTATION_CONTEXT(2) 
PARAMETRIC_REPRESENTATION_CONTEXT() REPRESENTATION_CONTEXT('2D SPACE',''
  ) );
#18328 = ORIENTED_EDGE('',*,*,#18079,.T.);
#18329 = ORIENTED_EDGE('',*,*,#18306,.F.);
#18330 = ORIENTED_EDGE('',*,*,#18331,.F.);
#18331 = EDGE_CURVE('',#18307,#18307,#18332,.T.);
#18332 = SURFACE_CURVE('',#18333,(#18344,#18351),.PCURVE_S1.);
#18333 = B_SPLINE_CURVE_WITH_KNOTS('',2,(#18334,#18335,#18336,#18337,
    #18338,#18339,#18340,#18341,#18342,#18343),.UNSPECIFIED.,.T.,.F.,(3,
    1,1,1,1,1,1,1,3),(0.,1.,2.,2.996466431095,3.992932862191,
    4.989399293286,5.985865724382,6.985865724382,7.985865724382),
  .UNSPECIFIED.);
#18334 = CARTESIAN_POINT('',(-35.32685546875,-4.37021484375,9.375));
#18335 = CARTESIAN_POINT('',(-35.32685546875,-3.91904296875,9.375));
#18336 = CARTESIAN_POINT('',(-34.65419921875,-3.3919921875,9.375));
#18337 = CARTESIAN_POINT('',(-33.4955078125,-3.3919921875,9.375));
#18338 = CARTESIAN_POINT('',(-32.8228515625,-3.91904296875,9.375));
#18339 = CARTESIAN_POINT('',(-32.8228515625,-4.82138671875,9.375));
#18340 = CARTESIAN_POINT('',(-33.4955078125,-5.3525390625,9.375));
#18341 = CARTESIAN_POINT('',(-34.65419921875,-5.3525390625,9.375));
#18342 = CARTESIAN_POINT('',(-35.32685546875,-4.82138671875,9.375));
#18343 = CARTESIAN_POINT('',(-35.32685546875,-4.37021484375,9.375));
#18344 = PCURVE('',#18109,#18345);
#18345 = DEFINITIONAL_REPRESENTATION('',(#18346),#18350);
#18346 = LINE('',#18347,#18348);
#18347 = CARTESIAN_POINT('',(0.,0.));
#18348 = VECTOR('',#18349,1.);
#18349 = DIRECTION('',(1.,0.));
#18350 = ( GEOMETRIC_REPRESENTATION_CONTEXT(2) 
PARAMETRIC_REPRESENTATION_CONTEXT() REPRESENTATION_CONTEXT('2D SPACE',''
  ) );
#18351 = PCURVE('',#18352,#18357);
#18352 = PLANE('',#18353);
#18353 = AXIS2_PLACEMENT_3D('',#18354,#18355,#18356);
#18354 = CARTESIAN_POINT('',(0.,0.,9.375));
#18355 = DIRECTION('',(0.,0.,1.));
#18356 = DIRECTION('',(1.,0.,0.));
#18357 = DEFINITIONAL_REPRESENTATION('',(#18358),#18369);
#18358 = B_SPLINE_CURVE_WITH_KNOTS('',2,(#18359,#18360,#18361,#18362,
    #18363,#18364,#18365,#18366,#18367,#18368),.UNSPECIFIED.,.T.,.F.,(3,
    1,1,1,1,1,1,1,3),(0.,1.,2.,2.996466431095,3.992932862191,
    4.989399293286,5.985865724382,6.985865724382,7.985865724382),
  .UNSPECIFIED.);
#18359 = CARTESIAN_POINT('',(-35.32685546875,-4.37021484375));
#18360 = CARTESIAN_POINT('',(-35.32685546875,-3.91904296875));
#18361 = CARTESIAN_POINT('',(-34.65419921875,-3.3919921875));
#18362 = CARTESIAN_POINT('',(-33.4955078125,-3.3919921875));
#18363 = CARTESIAN_POINT('',(-32.8228515625,-3.91904296875));
#18364 = CARTESIAN_POINT('',(-32.8228515625,-4.82138671875));
#18365 = CARTESIAN_POINT('',(-33.4955078125,-5.3525390625));
#18366 = CARTESIAN_POINT('',(-34.65419921875,-5.3525390625));
#18367 = CARTESIAN_POINT('',(-35.32685546875,-4.82138671875));
#18368 = CARTESIAN_POINT('',(-35.32685546875,-4.37021484375));
#18369 = ( GEOMETRIC_REPRESENTATION_CONTEXT(2) 
PARAMETRIC_REPRESENTATION_CONTEXT() REPRESENTATION_CONTEXT('2D SPACE',''
  ) );
#18370 = ADVANCED_FACE('',(#18371),#18180,.T.);
#18371 = FACE_BOUND('',#18372,.T.);
#18372 = EDGE_LOOP('',(#18373,#18396,#18397,#18420));
#18373 = ORIENTED_EDGE('',*,*,#18374,.T.);
#18374 = EDGE_CURVE('',#18375,#18163,#18377,.T.);
#18375 = VERTEX_POINT('',#18376);
#18376 = CARTESIAN_POINT('',(-35.2673828125,8.46357421875,9.375));
#18377 = SURFACE_CURVE('',#18378,(#18382,#18389),.PCURVE_S1.);
#18378 = LINE('',#18379,#18380);
#18379 = CARTESIAN_POINT('',(-35.2673828125,8.46357421875,9.375));
#18380 = VECTOR('',#18381,1.);
#18381 = DIRECTION('',(-0.,-0.,-1.));
#18382 = PCURVE('',#18180,#18383);
#18383 = DEFINITIONAL_REPRESENTATION('',(#18384),#18388);
#18384 = LINE('',#18385,#18386);
#18385 = CARTESIAN_POINT('',(0.,0.));
#18386 = VECTOR('',#18387,1.);
#18387 = DIRECTION('',(0.,-1.));
#18388 = ( GEOMETRIC_REPRESENTATION_CONTEXT(2) 
PARAMETRIC_REPRESENTATION_CONTEXT() REPRESENTATION_CONTEXT('2D SPACE',''
  ) );
#18389 = PCURVE('',#18268,#18390);
#18390 = DEFINITIONAL_REPRESENTATION('',(#18391),#18395);
#18391 = LINE('',#18392,#18393);
#18392 = CARTESIAN_POINT('',(0.,0.));
#18393 = VECTOR('',#18394,1.);
#18394 = DIRECTION('',(0.,-1.));
#18395 = ( GEOMETRIC_REPRESENTATION_CONTEXT(2) 
PARAMETRIC_REPRESENTATION_CONTEXT() REPRESENTATION_CONTEXT('2D SPACE',''
  ) );
#18396 = ORIENTED_EDGE('',*,*,#18162,.T.);
#18397 = ORIENTED_EDGE('',*,*,#18398,.F.);
#18398 = EDGE_CURVE('',#18399,#18165,#18401,.T.);
#18399 = VERTEX_POINT('',#18400);
#18400 = CARTESIAN_POINT('',(-35.2673828125,7.94267578125,9.375));
#18401 = SURFACE_CURVE('',#18402,(#18406,#18413),.PCURVE_S1.);
#18402 = LINE('',#18403,#18404);
#18403 = CARTESIAN_POINT('',(-35.2673828125,7.94267578125,9.375));
#18404 = VECTOR('',#18405,1.);
#18405 = DIRECTION('',(-0.,-0.,-1.));
#18406 = PCURVE('',#18180,#18407);
#18407 = DEFINITIONAL_REPRESENTATION('',(#18408),#18412);
#18408 = LINE('',#18409,#18410);
#18409 = CARTESIAN_POINT('',(0.5208984375,0.));
#18410 = VECTOR('',#18411,1.);
#18411 = DIRECTION('',(0.,-1.));
#18412 = ( GEOMETRIC_REPRESENTATION_CONTEXT(2) 
PARAMETRIC_REPRESENTATION_CONTEXT() REPRESENTATION_CONTEXT('2D SPACE',''
  ) );
#18413 = PCURVE('',#18208,#18414);
#18414 = DEFINITIONAL_REPRESENTATION('',(#18415),#18419);
#18415 = LINE('',#18416,#18417);
#18416 = CARTESIAN_POINT('',(0.,0.));
#18417 = VECTOR('',#18418,1.);
#18418 = DIRECTION('',(0.,-1.));
#18419 = ( GEOMETRIC_REPRESENTATION_CONTEXT(2) 
PARAMETRIC_REPRESENTATION_CONTEXT() REPRESENTATION_CONTEXT('2D SPACE',''
  ) );
#18420 = ORIENTED_EDGE('',*,*,#18421,.F.);
#18421 = EDGE_CURVE('',#18375,#18399,#18422,.T.);
#18422 = SURFACE_CURVE('',#18423,(#18427,#18434),.PCURVE_S1.);
#18423 = LINE('',#18424,#18425);
#18424 = CARTESIAN_POINT('',(-35.2673828125,8.46357421875,9.375));
#18425 = VECTOR('',#18426,1.);
#18426 = DIRECTION('',(-1.110223024625E-16,-1.,0.));
#18427 = PCURVE('',#18180,#18428);
#18428 = DEFINITIONAL_REPRESENTATION('',(#18429),#18433);
#18429 = LINE('',#18430,#18431);
#18430 = CARTESIAN_POINT('',(0.,0.));
#18431 = VECTOR('',#18432,1.);
#18432 = DIRECTION('',(1.,0.));
#18433 = ( GEOMETRIC_REPRESENTATION_CONTEXT(2) 
PARAMETRIC_REPRESENTATION_CONTEXT() REPRESENTATION_CONTEXT('2D SPACE',''
  ) );
#18434 = PCURVE('',#18435,#18440);
#18435 = PLANE('',#18436);
#18436 = AXIS2_PLACEMENT_3D('',#18437,#18438,#18439);
#18437 = CARTESIAN_POINT('',(0.,0.,9.375));
#18438 = DIRECTION('',(0.,0.,1.));
#18439 = DIRECTION('',(1.,0.,0.));
#18440 = DEFINITIONAL_REPRESENTATION('',(#18441),#18445);
#18441 = LINE('',#18442,#18443);
#18442 = CARTESIAN_POINT('',(-35.2673828125,8.46357421875));
#18443 = VECTOR('',#18444,1.);
#18444 = DIRECTION('',(-1.110223024625E-16,-1.));
#18445 = ( GEOMETRIC_REPRESENTATION_CONTEXT(2) 
PARAMETRIC_REPRESENTATION_CONTEXT() REPRESENTATION_CONTEXT('2D SPACE',''
  ) );
#18446 = ADVANCED_FACE('',(#18447),#18208,.T.);
#18447 = FACE_BOUND('',#18448,.T.);
#18448 = EDGE_LOOP('',(#18449,#18450,#18451,#18474));
#18449 = ORIENTED_EDGE('',*,*,#18398,.T.);
#18450 = ORIENTED_EDGE('',*,*,#18192,.T.);
#18451 = ORIENTED_EDGE('',*,*,#18452,.F.);
#18452 = EDGE_CURVE('',#18453,#18193,#18455,.T.);
#18453 = VERTEX_POINT('',#18454);
#18454 = CARTESIAN_POINT('',(-34.11689453125,7.94267578125,9.375));
#18455 = SURFACE_CURVE('',#18456,(#18460,#18467),.PCURVE_S1.);
#18456 = LINE('',#18457,#18458);
#18457 = CARTESIAN_POINT('',(-34.11689453125,7.94267578125,9.375));
#18458 = VECTOR('',#18459,1.);
#18459 = DIRECTION('',(-0.,-0.,-1.));
#18460 = PCURVE('',#18208,#18461);
#18461 = DEFINITIONAL_REPRESENTATION('',(#18462),#18466);
#18462 = LINE('',#18463,#18464);
#18463 = CARTESIAN_POINT('',(1.15048828125,0.));
#18464 = VECTOR('',#18465,1.);
#18465 = DIRECTION('',(0.,-1.));
#18466 = ( GEOMETRIC_REPRESENTATION_CONTEXT(2) 
PARAMETRIC_REPRESENTATION_CONTEXT() REPRESENTATION_CONTEXT('2D SPACE',''
  ) );
#18467 = PCURVE('',#18236,#18468);
#18468 = DEFINITIONAL_REPRESENTATION('',(#18469),#18473);
#18469 = LINE('',#18470,#18471);
#18470 = CARTESIAN_POINT('',(0.,0.));
#18471 = VECTOR('',#18472,1.);
#18472 = DIRECTION('',(0.,-1.));
#18473 = ( GEOMETRIC_REPRESENTATION_CONTEXT(2) 
PARAMETRIC_REPRESENTATION_CONTEXT() REPRESENTATION_CONTEXT('2D SPACE',''
  ) );
#18474 = ORIENTED_EDGE('',*,*,#18475,.F.);
#18475 = EDGE_CURVE('',#18399,#18453,#18476,.T.);
#18476 = SURFACE_CURVE('',#18477,(#18481,#18488),.PCURVE_S1.);
#18477 = LINE('',#18478,#18479);
#18478 = CARTESIAN_POINT('',(-35.2673828125,7.94267578125,9.375));
#18479 = VECTOR('',#18480,1.);
#18480 = DIRECTION('',(1.,-1.110223024625E-16,0.));
#18481 = PCURVE('',#18208,#18482);
#18482 = DEFINITIONAL_REPRESENTATION('',(#18483),#18487);
#18483 = LINE('',#18484,#18485);
#18484 = CARTESIAN_POINT('',(0.,0.));
#18485 = VECTOR('',#18486,1.);
#18486 = DIRECTION('',(1.,0.));
#18487 = ( GEOMETRIC_REPRESENTATION_CONTEXT(2) 
PARAMETRIC_REPRESENTATION_CONTEXT() REPRESENTATION_CONTEXT('2D SPACE',''
  ) );
#18488 = PCURVE('',#18435,#18489);
#18489 = DEFINITIONAL_REPRESENTATION('',(#18490),#18494);
#18490 = LINE('',#18491,#18492);
#18491 = CARTESIAN_POINT('',(-35.2673828125,7.94267578125));
#18492 = VECTOR('',#18493,1.);
#18493 = DIRECTION('',(1.,-1.110223024625E-16));
#18494 = ( GEOMETRIC_REPRESENTATION_CONTEXT(2) 
PARAMETRIC_REPRESENTATION_CONTEXT() REPRESENTATION_CONTEXT('2D SPACE',''
  ) );
#18495 = ADVANCED_FACE('',(#18496),#18236,.T.);
#18496 = FACE_BOUND('',#18497,.T.);
#18497 = EDGE_LOOP('',(#18498,#18499,#18500,#18523));
#18498 = ORIENTED_EDGE('',*,*,#18452,.T.);
#18499 = ORIENTED_EDGE('',*,*,#18220,.T.);
#18500 = ORIENTED_EDGE('',*,*,#18501,.F.);
#18501 = EDGE_CURVE('',#18502,#18221,#18504,.T.);
#18502 = VERTEX_POINT('',#18503);
#18503 = CARTESIAN_POINT('',(-34.11689453125,8.46357421875,9.375));
#18504 = SURFACE_CURVE('',#18505,(#18509,#18516),.PCURVE_S1.);
#18505 = LINE('',#18506,#18507);
#18506 = CARTESIAN_POINT('',(-34.11689453125,8.46357421875,9.375));
#18507 = VECTOR('',#18508,1.);
#18508 = DIRECTION('',(-0.,-0.,-1.));
#18509 = PCURVE('',#18236,#18510);
#18510 = DEFINITIONAL_REPRESENTATION('',(#18511),#18515);
#18511 = LINE('',#18512,#18513);
#18512 = CARTESIAN_POINT('',(0.5208984375,0.));
#18513 = VECTOR('',#18514,1.);
#18514 = DIRECTION('',(0.,-1.));
#18515 = ( GEOMETRIC_REPRESENTATION_CONTEXT(2) 
PARAMETRIC_REPRESENTATION_CONTEXT() REPRESENTATION_CONTEXT('2D SPACE',''
  ) );
#18516 = PCURVE('',#18268,#18517);
#18517 = DEFINITIONAL_REPRESENTATION('',(#18518),#18522);
#18518 = LINE('',#18519,#18520);
#18519 = CARTESIAN_POINT('',(4.014925373134,0.));
#18520 = VECTOR('',#18521,1.);
#18521 = DIRECTION('',(0.,-1.));
#18522 = ( GEOMETRIC_REPRESENTATION_CONTEXT(2) 
PARAMETRIC_REPRESENTATION_CONTEXT() REPRESENTATION_CONTEXT('2D SPACE',''
  ) );
#18523 = ORIENTED_EDGE('',*,*,#18524,.F.);
#18524 = EDGE_CURVE('',#18453,#18502,#18525,.T.);
#18525 = SURFACE_CURVE('',#18526,(#18530,#18537),.PCURVE_S1.);
#18526 = LINE('',#18527,#18528);
#18527 = CARTESIAN_POINT('',(-34.11689453125,7.94267578125,9.375));
#18528 = VECTOR('',#18529,1.);
#18529 = DIRECTION('',(1.110223024625E-16,1.,0.));
#18530 = PCURVE('',#18236,#18531);
#18531 = DEFINITIONAL_REPRESENTATION('',(#18532),#18536);
#18532 = LINE('',#18533,#18534);
#18533 = CARTESIAN_POINT('',(0.,0.));
#18534 = VECTOR('',#18535,1.);
#18535 = DIRECTION('',(1.,0.));
#18536 = ( GEOMETRIC_REPRESENTATION_CONTEXT(2) 
PARAMETRIC_REPRESENTATION_CONTEXT() REPRESENTATION_CONTEXT('2D SPACE',''
  ) );
#18537 = PCURVE('',#18435,#18538);
#18538 = DEFINITIONAL_REPRESENTATION('',(#18539),#18543);
#18539 = LINE('',#18540,#18541);
#18540 = CARTESIAN_POINT('',(-34.11689453125,7.94267578125));
#18541 = VECTOR('',#18542,1.);
#18542 = DIRECTION('',(1.110223024625E-16,1.));
#18543 = ( GEOMETRIC_REPRESENTATION_CONTEXT(2) 
PARAMETRIC_REPRESENTATION_CONTEXT() REPRESENTATION_CONTEXT('2D SPACE',''
  ) );
#18544 = ADVANCED_FACE('',(#18545),#18268,.F.);
#18545 = FACE_BOUND('',#18546,.F.);
#18546 = EDGE_LOOP('',(#18547,#18548,#18549,#18550));
#18547 = ORIENTED_EDGE('',*,*,#18374,.T.);
#18548 = ORIENTED_EDGE('',*,*,#18248,.T.);
#18549 = ORIENTED_EDGE('',*,*,#18501,.F.);
#18550 = ORIENTED_EDGE('',*,*,#18551,.F.);
#18551 = EDGE_CURVE('',#18375,#18502,#18552,.T.);
#18552 = SURFACE_CURVE('',#18553,(#18560,#18567),.PCURVE_S1.);
#18553 = B_SPLINE_CURVE_WITH_KNOTS('',2,(#18554,#18555,#18556,#18557,
    #18558,#18559),.UNSPECIFIED.,.F.,.F.,(3,1,1,1,3),(0.,1.,2.,
    3.007462686567,4.014925373134),.UNSPECIFIED.);
#18554 = CARTESIAN_POINT('',(-35.2673828125,8.46357421875,9.375));
#18555 = CARTESIAN_POINT('',(-35.2673828125,8.752734375,9.375));
#18556 = CARTESIAN_POINT('',(-34.96796875,9.0685546875,9.375));
#18557 = CARTESIAN_POINT('',(-34.41630859375,9.0685546875,9.375));
#18558 = CARTESIAN_POINT('',(-34.11689453125,8.752734375,9.375));
#18559 = CARTESIAN_POINT('',(-34.11689453125,8.46357421875,9.375));
#18560 = PCURVE('',#18268,#18561);
#18561 = DEFINITIONAL_REPRESENTATION('',(#18562),#18566);
#18562 = LINE('',#18563,#18564);
#18563 = CARTESIAN_POINT('',(0.,0.));
#18564 = VECTOR('',#18565,1.);
#18565 = DIRECTION('',(1.,0.));
#18566 = ( GEOMETRIC_REPRESENTATION_CONTEXT(2) 
PARAMETRIC_REPRESENTATION_CONTEXT() REPRESENTATION_CONTEXT('2D SPACE',''
  ) );
#18567 = PCURVE('',#18435,#18568);
#18568 = DEFINITIONAL_REPRESENTATION('',(#18569),#18576);
#18569 = B_SPLINE_CURVE_WITH_KNOTS('',2,(#18570,#18571,#18572,#18573,
    #18574,#18575),.UNSPECIFIED.,.F.,.F.,(3,1,1,1,3),(0.,1.,2.,
    3.007462686567,4.014925373134),.UNSPECIFIED.);
#18570 = CARTESIAN_POINT('',(-35.2673828125,8.46357421875));
#18571 = CARTESIAN_POINT('',(-35.2673828125,8.752734375));
#18572 = CARTESIAN_POINT('',(-34.96796875,9.0685546875));
#18573 = CARTESIAN_POINT('',(-34.41630859375,9.0685546875));
#18574 = CARTESIAN_POINT('',(-34.11689453125,8.752734375));
#18575 = CARTESIAN_POINT('',(-34.11689453125,8.46357421875));
#18576 = ( GEOMETRIC_REPRESENTATION_CONTEXT(2) 
PARAMETRIC_REPRESENTATION_CONTEXT() REPRESENTATION_CONTEXT('2D SPACE',''
  ) );
#18577 = ADVANCED_FACE('',(#18578),#18352,.T.);
#18578 = FACE_BOUND('',#18579,.T.);
#18579 = EDGE_LOOP('',(#18580));
#18580 = ORIENTED_EDGE('',*,*,#18331,.F.);
#18581 = ADVANCED_FACE('',(#18582),#18435,.T.);
#18582 = FACE_BOUND('',#18583,.T.);
#18583 = EDGE_LOOP('',(#18584,#18585,#18586,#18587));
#18584 = ORIENTED_EDGE('',*,*,#18551,.F.);
#18585 = ORIENTED_EDGE('',*,*,#18421,.T.);
#18586 = ORIENTED_EDGE('',*,*,#18475,.T.);
#18587 = ORIENTED_EDGE('',*,*,#18524,.T.);
#18588 = ( GEOMETRIC_REPRESENTATION_CONTEXT(3) 
GLOBAL_UNCERTAINTY_ASSIGNED_CONTEXT((#18592)) 
GLOBAL_UNIT_ASSIGNED_CONTEXT((#18589,#18590,#18591)) 
REPRESENTATION_CONTEXT('Context #1',
  '3D Context with UNIT and UNCERTAINTY') );
#18589 = ( LENGTH_UNIT() NAMED_UNIT(*) SI_UNIT(.MILLI.,.METRE.) );
#18590 = ( NAMED_UNIT(*) PLANE_ANGLE_UNIT() SI_UNIT($,.RADIAN.) );
#18591 = ( NAMED_UNIT(*) SI_UNIT($,.STERADIAN.) SOLID_ANGLE_UNIT() );
#18592 = UNCERTAINTY_MEASURE_WITH_UNIT(LENGTH_MEASURE(1.E-07),#18589,
  'distance_accuracy_value','confusion accuracy');
#18593 = CONTEXT_DEPENDENT_SHAPE_REPRESENTATION(#18594,#18596);
#18594 = ( REPRESENTATION_RELATIONSHIP('','',#13149,#10) 
REPRESENTATION_RELATIONSHIP_WITH_TRANSFORMATION(#18595) 
SHAPE_REPRESENTATION_RELATIONSHIP() );
#18595 = ITEM_DEFINED_TRANSFORMATION('','',#11,#19);
#18596 = PRODUCT_DEFINITION_SHAPE('Placement','Placement of an item',
  #18597);
#18597 = NEXT_ASSEMBLY_USAGE_OCCURRENCE('2','=>[0:1:1:3]','',#5,#13144,$
  );
#18598 = PRODUCT_RELATED_PRODUCT_CATEGORY('part',$,(#13146));
ENDSEC;
END-ISO-10303-21;
