ISO-10303-21;
HEADER;
FILE_DESCRIPTION(('Open CASCADE Model'),'2;1');
FILE_NAME('Open CASCADE Shape Model','2026-09-14T17:19:56',('Author'),(
    'Open CASCADE'),'Open CASCADE STEP processor 7.9','Open CASCADE 7.9'
  ,'Unknown');
FILE_SCHEMA(('AUTOMOTIVE_DESIGN { 1 0 10303 214 1 1 1 1 }'));
ENDSEC;
DATA;
#1 = APPLICATION_PROTOCOL_DEFINITION('international standard',
  'automotive_design',2000,#2);
#2 = APPLICATION_CONTEXT(
  'core data for automotive mechanical design processes');
#3 = SHAPE_DEFINITION_REPRESENTATION(#4,#10);
#4 = PRODUCT_DEFINITION_SHAPE('','',#5);
#5 = PRODUCT_DEFINITION('design','',#6,#9);
#6 = PRODUCT_DEFINITION_FORMATION('','',#7);
#7 = PRODUCT('Open CASCADE STEP translator 7.9 1',
  'Open CASCADE STEP translator 7.9 1','',(#8));
#8 = PRODUCT_CONTEXT('',#2,'mechanical');
#9 = PRODUCT_DEFINITION_CONTEXT('part definition',#2,'design');
#10 = ADVANCED_BREP_SHAPE_REPRESENTATION('',(#11,#15),#10145);
#11 = AXIS2_PLACEMENT_3D('',#12,#13,#14);
#12 = CARTESIAN_POINT('',(0.,0.,0.));
#13 = DIRECTION('',(0.,0.,1.));
#14 = DIRECTION('',(1.,0.,-0.));
#15 = MANIFOLD_SOLID_BREP('',#16);
#16 = CLOSED_SHELL('',(#17,#465,#1226,#1276,#1333,#1368,#1493,#1516,
    #1629,#1656,#1686,#1716,#1884,#2035,#2172,#2238,#2267,#2568,#3263,
    #3603,#4799,#4825,#4853,#4910,#4945,#5075,#5099,#5396,#5494,#5548,
    #5634,#5660,#5690,#5720,#6790,#6816,#6844,#6901,#6936,#7066,#7090,
    #7176,#7202,#7233,#7263,#7270,#7324,#7356,#7387,#7665,#7715,#7823,
    #7873,#7974,#8020,#8044,#8332,#8400,#8518,#8566,#8684,#8732,#8850,
    #8898,#8996,#9022,#9055,#9066,#9136,#9297,#9332,#9387,#9697,#9747,
    #9804,#9839,#9964,#9987,#10034,#10075,#10138));
#17 = ADVANCED_FACE('',(#18,#137),#32,.F.);
#18 = FACE_BOUND('',#19,.F.);
#19 = EDGE_LOOP('',(#20,#55,#83,#111));
#20 = ORIENTED_EDGE('',*,*,#21,.F.);
#21 = EDGE_CURVE('',#22,#24,#26,.T.);
#22 = VERTEX_POINT('',#23);
#23 = CARTESIAN_POINT('',(-107.217,-65.,0.));
#24 = VERTEX_POINT('',#25);
#25 = CARTESIAN_POINT('',(-107.217,-65.,86.461));
#26 = SURFACE_CURVE('',#27,(#31,#43),.PCURVE_S1.);
#27 = LINE('',#28,#29);
#28 = CARTESIAN_POINT('',(-107.217,-65.,0.));
#29 = VECTOR('',#30,1.);
#30 = DIRECTION('',(0.,0.,1.));
#31 = PCURVE('',#32,#37);
#32 = PLANE('',#33);
#33 = AXIS2_PLACEMENT_3D('',#34,#35,#36);
#34 = CARTESIAN_POINT('',(-107.217,-65.,0.));
#35 = DIRECTION('',(1.,0.,-0.));
#36 = DIRECTION('',(0.,0.,1.));
#37 = DEFINITIONAL_REPRESENTATION('',(#38),#42);
#38 = LINE('',#39,#40);
#39 = CARTESIAN_POINT('',(0.,0.));
#40 = VECTOR('',#41,1.);
#41 = DIRECTION('',(1.,0.));
#42 = ( GEOMETRIC_REPRESENTATION_CONTEXT(2) 
PARAMETRIC_REPRESENTATION_CONTEXT() REPRESENTATION_CONTEXT('2D SPACE',''
  ) );
#43 = PCURVE('',#44,#49);
#44 = PLANE('',#45);
#45 = AXIS2_PLACEMENT_3D('',#46,#47,#48);
#46 = CARTESIAN_POINT('',(-107.217,-65.,0.));
#47 = DIRECTION('',(-0.,1.,0.));
#48 = DIRECTION('',(0.,0.,1.));
#49 = DEFINITIONAL_REPRESENTATION('',(#50),#54);
#50 = LINE('',#51,#52);
#51 = CARTESIAN_POINT('',(0.,0.));
#52 = VECTOR('',#53,1.);
#53 = DIRECTION('',(1.,0.));
#54 = ( GEOMETRIC_REPRESENTATION_CONTEXT(2) 
PARAMETRIC_REPRESENTATION_CONTEXT() REPRESENTATION_CONTEXT('2D SPACE',''
  ) );
#55 = ORIENTED_EDGE('',*,*,#56,.T.);
#56 = EDGE_CURVE('',#22,#57,#59,.T.);
#57 = VERTEX_POINT('',#58);
#58 = CARTESIAN_POINT('',(-107.217,65.,0.));
#59 = SURFACE_CURVE('',#60,(#64,#71),.PCURVE_S1.);
#60 = LINE('',#61,#62);
#61 = CARTESIAN_POINT('',(-107.217,-65.,0.));
#62 = VECTOR('',#63,1.);
#63 = DIRECTION('',(-0.,1.,0.));
#64 = PCURVE('',#32,#65);
#65 = DEFINITIONAL_REPRESENTATION('',(#66),#70);
#66 = LINE('',#67,#68);
#67 = CARTESIAN_POINT('',(0.,0.));
#68 = VECTOR('',#69,1.);
#69 = DIRECTION('',(0.,-1.));
#70 = ( GEOMETRIC_REPRESENTATION_CONTEXT(2) 
PARAMETRIC_REPRESENTATION_CONTEXT() REPRESENTATION_CONTEXT('2D SPACE',''
  ) );
#71 = PCURVE('',#72,#77);
#72 = PLANE('',#73);
#73 = AXIS2_PLACEMENT_3D('',#74,#75,#76);
#74 = CARTESIAN_POINT('',(-107.217,-65.,0.));
#75 = DIRECTION('',(0.,0.,1.));
#76 = DIRECTION('',(1.,0.,-0.));
#77 = DEFINITIONAL_REPRESENTATION('',(#78),#82);
#78 = LINE('',#79,#80);
#79 = CARTESIAN_POINT('',(0.,0.));
#80 = VECTOR('',#81,1.);
#81 = DIRECTION('',(0.,1.));
#82 = ( GEOMETRIC_REPRESENTATION_CONTEXT(2) 
PARAMETRIC_REPRESENTATION_CONTEXT() REPRESENTATION_CONTEXT('2D SPACE',''
  ) );
#83 = ORIENTED_EDGE('',*,*,#84,.T.);
#84 = EDGE_CURVE('',#57,#85,#87,.T.);
#85 = VERTEX_POINT('',#86);
#86 = CARTESIAN_POINT('',(-107.217,65.,86.461));
#87 = SURFACE_CURVE('',#88,(#92,#99),.PCURVE_S1.);
#88 = LINE('',#89,#90);
#89 = CARTESIAN_POINT('',(-107.217,65.,0.));
#90 = VECTOR('',#91,1.);
#91 = DIRECTION('',(0.,0.,1.));
#92 = PCURVE('',#32,#93);
#93 = DEFINITIONAL_REPRESENTATION('',(#94),#98);
#94 = LINE('',#95,#96);
#95 = CARTESIAN_POINT('',(0.,-130.));
#96 = VECTOR('',#97,1.);
#97 = DIRECTION('',(1.,0.));
#98 = ( GEOMETRIC_REPRESENTATION_CONTEXT(2) 
PARAMETRIC_REPRESENTATION_CONTEXT() REPRESENTATION_CONTEXT('2D SPACE',''
  ) );
#99 = PCURVE('',#100,#105);
#100 = PLANE('',#101);
#101 = AXIS2_PLACEMENT_3D('',#102,#103,#104);
#102 = CARTESIAN_POINT('',(-107.217,65.,0.));
#103 = DIRECTION('',(-0.,1.,0.));
#104 = DIRECTION('',(0.,0.,1.));
#105 = DEFINITIONAL_REPRESENTATION('',(#106),#110);
#106 = LINE('',#107,#108);
#107 = CARTESIAN_POINT('',(0.,0.));
#108 = VECTOR('',#109,1.);
#109 = DIRECTION('',(1.,0.));
#110 = ( GEOMETRIC_REPRESENTATION_CONTEXT(2) 
PARAMETRIC_REPRESENTATION_CONTEXT() REPRESENTATION_CONTEXT('2D SPACE',''
  ) );
#111 = ORIENTED_EDGE('',*,*,#112,.F.);
#112 = EDGE_CURVE('',#24,#85,#113,.T.);
#113 = SURFACE_CURVE('',#114,(#118,#125),.PCURVE_S1.);
#114 = LINE('',#115,#116);
#115 = CARTESIAN_POINT('',(-107.217,-65.,86.461));
#116 = VECTOR('',#117,1.);
#117 = DIRECTION('',(-0.,1.,0.));
#118 = PCURVE('',#32,#119);
#119 = DEFINITIONAL_REPRESENTATION('',(#120),#124);
#120 = LINE('',#121,#122);
#121 = CARTESIAN_POINT('',(86.461,0.));
#122 = VECTOR('',#123,1.);
#123 = DIRECTION('',(0.,-1.));
#124 = ( GEOMETRIC_REPRESENTATION_CONTEXT(2) 
PARAMETRIC_REPRESENTATION_CONTEXT() REPRESENTATION_CONTEXT('2D SPACE',''
  ) );
#125 = PCURVE('',#126,#131);
#126 = PLANE('',#127);
#127 = AXIS2_PLACEMENT_3D('',#128,#129,#130);
#128 = CARTESIAN_POINT('',(-107.217,-65.,86.461));
#129 = DIRECTION('',(0.,0.,1.));
#130 = DIRECTION('',(1.,0.,-0.));
#131 = DEFINITIONAL_REPRESENTATION('',(#132),#136);
#132 = LINE('',#133,#134);
#133 = CARTESIAN_POINT('',(0.,0.));
#134 = VECTOR('',#135,1.);
#135 = DIRECTION('',(0.,1.));
#136 = ( GEOMETRIC_REPRESENTATION_CONTEXT(2) 
PARAMETRIC_REPRESENTATION_CONTEXT() REPRESENTATION_CONTEXT('2D SPACE',''
  ) );
#137 = FACE_BOUND('',#138,.F.);
#138 = EDGE_LOOP('',(#139,#197,#248,#304,#355,#411));
#139 = ORIENTED_EDGE('',*,*,#140,.F.);
#140 = EDGE_CURVE('',#141,#143,#145,.T.);
#141 = VERTEX_POINT('',#142);
#142 = CARTESIAN_POINT('',(-107.217,1.360798006248,29.665636609984));
#143 = VERTEX_POINT('',#144);
#144 = CARTESIAN_POINT('',(-107.217,17.517242190349,47.5255));
#145 = SURFACE_CURVE('',#146,(#151,#158),.PCURVE_S1.);
#146 = ELLIPSE('',#147,18.403267793498,17.);
#147 = AXIS2_PLACEMENT_3D('',#148,#149,#150);
#148 = CARTESIAN_POINT('',(-107.217,0.,47.5255));
#149 = DIRECTION('',(1.,0.,0.));
#150 = DIRECTION('',(0.,-0.629799444529,0.776757787004));
#151 = PCURVE('',#32,#152);
#152 = DEFINITIONAL_REPRESENTATION('',(#153),#157);
#153 = ELLIPSE('',#154,18.403267793498,17.);
#154 = AXIS2_PLACEMENT_2D('',#155,#156);
#155 = CARTESIAN_POINT('',(47.5255,-65.));
#156 = DIRECTION('',(0.776757787004,0.629799444529));
#157 = ( GEOMETRIC_REPRESENTATION_CONTEXT(2) 
PARAMETRIC_REPRESENTATION_CONTEXT() REPRESENTATION_CONTEXT('2D SPACE',''
  ) );
#158 = PCURVE('',#159,#164);
#159 = CYLINDRICAL_SURFACE('',#160,17.);
#160 = AXIS2_PLACEMENT_3D('',#161,#162,#163);
#161 = CARTESIAN_POINT('',(-24.52133133276,21.59375,20.89303214246));
#162 = DIRECTION('',(-0.923748987993,-0.241212206527,0.297497022851));
#163 = DIRECTION('',(-0.306548670599,0.,-0.951854985044));
#164 = DEFINITIONAL_REPRESENTATION('',(#165),#196);
#165 = B_SPLINE_CURVE_WITH_KNOTS('',8,(#166,#167,#168,#169,#170,#171,
    #172,#173,#174,#175,#176,#177,#178,#179,#180,#181,#182,#183,#184,
    #185,#186,#187,#188,#189,#190,#191,#192,#193,#194,#195),
  .UNSPECIFIED.,.F.,.F.,(9,7,7,7,9),(2.498744209038,4.069540535832,
    5.247637780929,7.014783648573,8.781929516217),.UNSPECIFIED.);
#166 = CARTESIAN_POINT('',(6.28318530718,83.880298949434));
#167 = CARTESIAN_POINT('',(6.08683576633,83.050648971455));
#168 = CARTESIAN_POINT('',(5.89048622548,82.469567544096));
#169 = CARTESIAN_POINT('',(5.694136684635,82.185794347635));
#170 = CARTESIAN_POINT('',(5.497787143781,82.227626298147));
#171 = CARTESIAN_POINT('',(5.301437602935,82.596902105724));
#172 = CARTESIAN_POINT('',(5.105088062083,83.267185719436));
#173 = CARTESIAN_POINT('',(4.908738521234,84.188718185205));
#174 = CARTESIAN_POINT('',(4.565126824748,86.127202635201));
#175 = CARTESIAN_POINT('',(4.417864669111,87.062704081047));
#176 = CARTESIAN_POINT('',(4.270602513474,88.075473804338));
#177 = CARTESIAN_POINT('',(4.123340357837,89.133215487647));
#178 = CARTESIAN_POINT('',(3.9760782022,90.200686050931));
#179 = CARTESIAN_POINT('',(3.828816046562,91.242183145374));
#180 = CARTESIAN_POINT('',(3.681553890926,92.224082133914));
#181 = CARTESIAN_POINT('',(3.313398501833,94.45607676827));
#182 = CARTESIAN_POINT('',(3.092505268378,95.594796245452));
#183 = CARTESIAN_POINT('',(2.871612034927,96.433463214547));
#184 = CARTESIAN_POINT('',(2.650718801476,96.893385988136));
#185 = CARTESIAN_POINT('',(2.429825568007,96.932233714324));
#186 = CARTESIAN_POINT('',(2.20893233456,96.554378873174));
#187 = CARTESIAN_POINT('',(1.9880391011,95.806716065826));
#188 = CARTESIAN_POINT('',(1.546252634189,93.72644600838));
#189 = CARTESIAN_POINT('',(1.325359400735,92.393837607146));
#190 = CARTESIAN_POINT('',(1.104466167289,90.846103962685));
#191 = CARTESIAN_POINT('',(0.883572933824,89.190976653132));
#192 = CARTESIAN_POINT('',(0.662679700384,87.554746196722));
#193 = CARTESIAN_POINT('',(0.441786466912,86.061607185286));
#194 = CARTESIAN_POINT('',(0.220893233456,84.81365517466));
#195 = CARTESIAN_POINT('',(8.881784197001E-15,83.880298949434));
#196 = ( GEOMETRIC_REPRESENTATION_CONTEXT(2) 
PARAMETRIC_REPRESENTATION_CONTEXT() REPRESENTATION_CONTEXT('2D SPACE',''
  ) );
#197 = ORIENTED_EDGE('',*,*,#198,.F.);
#198 = EDGE_CURVE('',#199,#141,#201,.T.);
#199 = VERTEX_POINT('',#200);
#200 = CARTESIAN_POINT('',(-107.217,-8.881784197001E-15,29.719283405343)
  );
#201 = SURFACE_CURVE('',#202,(#207,#214),.PCURVE_S1.);
#202 = ELLIPSE('',#203,18.403267793498,17.);
#203 = AXIS2_PLACEMENT_3D('',#204,#205,#206);
#204 = CARTESIAN_POINT('',(-107.217,0.,47.5255));
#205 = DIRECTION('',(1.,0.,0.));
#206 = DIRECTION('',(0.,-0.629799444529,0.776757787004));
#207 = PCURVE('',#32,#208);
#208 = DEFINITIONAL_REPRESENTATION('',(#209),#213);
#209 = ELLIPSE('',#210,18.403267793498,17.);
#210 = AXIS2_PLACEMENT_2D('',#211,#212);
#211 = CARTESIAN_POINT('',(47.5255,-65.));
#212 = DIRECTION('',(0.776757787004,0.629799444529));
#213 = ( GEOMETRIC_REPRESENTATION_CONTEXT(2) 
PARAMETRIC_REPRESENTATION_CONTEXT() REPRESENTATION_CONTEXT('2D SPACE',''
  ) );
#214 = PCURVE('',#159,#215);
#215 = DEFINITIONAL_REPRESENTATION('',(#216),#247);
#216 = B_SPLINE_CURVE_WITH_KNOTS('',8,(#217,#218,#219,#220,#221,#222,
    #223,#224,#225,#226,#227,#228,#229,#230,#231,#232,#233,#234,#235,
    #236,#237,#238,#239,#240,#241,#242,#243,#244,#245,#246),
  .UNSPECIFIED.,.F.,.F.,(9,7,7,7,9),(2.498744209038,4.069540535832,
    5.247637780929,7.014783648573,8.781929516217),.UNSPECIFIED.);
#217 = CARTESIAN_POINT('',(6.28318530718,83.880298949434));
#218 = CARTESIAN_POINT('',(6.08683576633,83.050648971455));
#219 = CARTESIAN_POINT('',(5.89048622548,82.469567544096));
#220 = CARTESIAN_POINT('',(5.694136684635,82.185794347635));
#221 = CARTESIAN_POINT('',(5.497787143781,82.227626298147));
#222 = CARTESIAN_POINT('',(5.301437602935,82.596902105724));
#223 = CARTESIAN_POINT('',(5.105088062083,83.267185719436));
#224 = CARTESIAN_POINT('',(4.908738521234,84.188718185205));
#225 = CARTESIAN_POINT('',(4.565126824748,86.127202635201));
#226 = CARTESIAN_POINT('',(4.417864669111,87.062704081047));
#227 = CARTESIAN_POINT('',(4.270602513474,88.075473804338));
#228 = CARTESIAN_POINT('',(4.123340357837,89.133215487647));
#229 = CARTESIAN_POINT('',(3.9760782022,90.200686050931));
#230 = CARTESIAN_POINT('',(3.828816046562,91.242183145374));
#231 = CARTESIAN_POINT('',(3.681553890926,92.224082133914));
#232 = CARTESIAN_POINT('',(3.313398501833,94.45607676827));
#233 = CARTESIAN_POINT('',(3.092505268378,95.594796245452));
#234 = CARTESIAN_POINT('',(2.871612034927,96.433463214547));
#235 = CARTESIAN_POINT('',(2.650718801476,96.893385988136));
#236 = CARTESIAN_POINT('',(2.429825568007,96.932233714324));
#237 = CARTESIAN_POINT('',(2.20893233456,96.554378873174));
#238 = CARTESIAN_POINT('',(1.9880391011,95.806716065826));
#239 = CARTESIAN_POINT('',(1.546252634189,93.72644600838));
#240 = CARTESIAN_POINT('',(1.325359400735,92.393837607146));
#241 = CARTESIAN_POINT('',(1.104466167289,90.846103962685));
#242 = CARTESIAN_POINT('',(0.883572933824,89.190976653132));
#243 = CARTESIAN_POINT('',(0.662679700384,87.554746196722));
#244 = CARTESIAN_POINT('',(0.441786466912,86.061607185286));
#245 = CARTESIAN_POINT('',(0.220893233456,84.81365517466));
#246 = CARTESIAN_POINT('',(8.881784197001E-15,83.880298949434));
#247 = ( GEOMETRIC_REPRESENTATION_CONTEXT(2) 
PARAMETRIC_REPRESENTATION_CONTEXT() REPRESENTATION_CONTEXT('2D SPACE',''
  ) );
#248 = ORIENTED_EDGE('',*,*,#249,.F.);
#249 = EDGE_CURVE('',#250,#199,#252,.T.);
#250 = VERTEX_POINT('',#251);
#251 = CARTESIAN_POINT('',(-107.217,-1.360798006248,29.665636609984));
#252 = SURFACE_CURVE('',#253,(#258,#265),.PCURVE_S1.);
#253 = ELLIPSE('',#254,18.403267793498,17.);
#254 = AXIS2_PLACEMENT_3D('',#255,#256,#257);
#255 = CARTESIAN_POINT('',(-107.217,0.,47.5255));
#256 = DIRECTION('',(1.,0.,-0.));
#257 = DIRECTION('',(0.,0.629799444529,0.776757787004));
#258 = PCURVE('',#32,#259);
#259 = DEFINITIONAL_REPRESENTATION('',(#260),#264);
#260 = ELLIPSE('',#261,18.403267793498,17.);
#261 = AXIS2_PLACEMENT_2D('',#262,#263);
#262 = CARTESIAN_POINT('',(47.5255,-65.));
#263 = DIRECTION('',(0.776757787004,-0.629799444529));
#264 = ( GEOMETRIC_REPRESENTATION_CONTEXT(2) 
PARAMETRIC_REPRESENTATION_CONTEXT() REPRESENTATION_CONTEXT('2D SPACE',''
  ) );
#265 = PCURVE('',#266,#271);
#266 = CYLINDRICAL_SURFACE('',#267,17.);
#267 = AXIS2_PLACEMENT_3D('',#268,#269,#270);
#268 = CARTESIAN_POINT('',(-24.52133133276,-21.59375,20.89303214246));
#269 = DIRECTION('',(-0.923748987993,0.241212206527,0.297497022851));
#270 = DIRECTION('',(-0.306548670599,0.,-0.951854985044));
#271 = DEFINITIONAL_REPRESENTATION('',(#272),#303);
#272 = B_SPLINE_CURVE_WITH_KNOTS('',8,(#273,#274,#275,#276,#277,#278,
    #279,#280,#281,#282,#283,#284,#285,#286,#287,#288,#289,#290,#291,
    #292,#293,#294,#295,#296,#297,#298,#299,#300,#301,#302),
  .UNSPECIFIED.,.F.,.F.,(9,7,7,7,9),(3.784441098142,5.355237424937,
    6.533334670033,8.300480537677,10.067626405322),.UNSPECIFIED.);
#273 = CARTESIAN_POINT('',(6.28318530718,83.880298949434));
#274 = CARTESIAN_POINT('',(6.08683576633,84.709948927413));
#275 = CARTESIAN_POINT('',(5.890486225481,85.788168875203));
#276 = CARTESIAN_POINT('',(5.694136684634,87.066207908528));
#277 = CARTESIAN_POINT('',(5.497787143784,88.474919482716));
#278 = CARTESIAN_POINT('',(5.301437602933,89.930607432102));
#279 = CARTESIAN_POINT('',(5.105088062084,91.345585647135));
#280 = CARTESIAN_POINT('',(4.908738521234,92.639463467216));
#281 = CARTESIAN_POINT('',(4.565126824748,94.577947917211));
#282 = CARTESIAN_POINT('',(4.417864669111,95.304003963264));
#283 = CARTESIAN_POINT('',(4.270602513474,95.897888046502));
#284 = CARTESIAN_POINT('',(4.123340357837,96.336978139247));
#285 = CARTESIAN_POINT('',(3.9760782022,96.605436802492));
#286 = CARTESIAN_POINT('',(3.828816046563,96.695481552097));
#287 = CARTESIAN_POINT('',(3.681553890926,96.607787295181));
#288 = CARTESIAN_POINT('',(3.313398501833,95.965419552776));
#289 = CARTESIAN_POINT('',(3.092505268374,95.1991804789));
#290 = CARTESIAN_POINT('',(2.871612034934,94.080789990607));
#291 = CARTESIAN_POINT('',(2.650718801448,92.678503160016));
#292 = CARTESIAN_POINT('',(2.429825568013,91.095901013352));
#293 = CARTESIAN_POINT('',(2.208932334553,89.456564169232));
#294 = CARTESIAN_POINT('',(1.9880391011,87.882527017864));
#295 = CARTESIAN_POINT('',(1.546252634189,85.073901894277));
#296 = CARTESIAN_POINT('',(1.325359400733,83.839312367498));
#297 = CARTESIAN_POINT('',(1.104466167277,82.878863585735));
#298 = CARTESIAN_POINT('',(0.88357293382,82.279285857629));
#299 = CARTESIAN_POINT('',(0.662679700366,82.093409992813));
#300 = CARTESIAN_POINT('',(0.441786466911,82.328181251127));
#301 = CARTESIAN_POINT('',(0.220893233456,82.946942724208));
#302 = CARTESIAN_POINT('',(7.73237683033E-15,83.880298949434));
#303 = ( GEOMETRIC_REPRESENTATION_CONTEXT(2) 
PARAMETRIC_REPRESENTATION_CONTEXT() REPRESENTATION_CONTEXT('2D SPACE',''
  ) );
#304 = ORIENTED_EDGE('',*,*,#305,.F.);
#305 = EDGE_CURVE('',#306,#250,#308,.T.);
#306 = VERTEX_POINT('',#307);
#307 = CARTESIAN_POINT('',(-107.217,-17.51724219034,47.5255));
#308 = SURFACE_CURVE('',#309,(#314,#321),.PCURVE_S1.);
#309 = ELLIPSE('',#310,18.403267793498,17.);
#310 = AXIS2_PLACEMENT_3D('',#311,#312,#313);
#311 = CARTESIAN_POINT('',(-107.217,0.,47.5255));
#312 = DIRECTION('',(1.,0.,-0.));
#313 = DIRECTION('',(0.,0.629799444529,0.776757787004));
#314 = PCURVE('',#32,#315);
#315 = DEFINITIONAL_REPRESENTATION('',(#316),#320);
#316 = ELLIPSE('',#317,18.403267793498,17.);
#317 = AXIS2_PLACEMENT_2D('',#318,#319);
#318 = CARTESIAN_POINT('',(47.5255,-65.));
#319 = DIRECTION('',(0.776757787004,-0.629799444529));
#320 = ( GEOMETRIC_REPRESENTATION_CONTEXT(2) 
PARAMETRIC_REPRESENTATION_CONTEXT() REPRESENTATION_CONTEXT('2D SPACE',''
  ) );
#321 = PCURVE('',#266,#322);
#322 = DEFINITIONAL_REPRESENTATION('',(#323),#354);
#323 = B_SPLINE_CURVE_WITH_KNOTS('',8,(#324,#325,#326,#327,#328,#329,
    #330,#331,#332,#333,#334,#335,#336,#337,#338,#339,#340,#341,#342,
    #343,#344,#345,#346,#347,#348,#349,#350,#351,#352,#353),
  .UNSPECIFIED.,.F.,.F.,(9,7,7,7,9),(3.784441098142,5.355237424937,
    6.533334670033,8.300480537677,10.067626405322),.UNSPECIFIED.);
#324 = CARTESIAN_POINT('',(6.28318530718,83.880298949434));
#325 = CARTESIAN_POINT('',(6.08683576633,84.709948927413));
#326 = CARTESIAN_POINT('',(5.890486225481,85.788168875203));
#327 = CARTESIAN_POINT('',(5.694136684634,87.066207908528));
#328 = CARTESIAN_POINT('',(5.497787143784,88.474919482716));
#329 = CARTESIAN_POINT('',(5.301437602933,89.930607432102));
#330 = CARTESIAN_POINT('',(5.105088062084,91.345585647135));
#331 = CARTESIAN_POINT('',(4.908738521234,92.639463467216));
#332 = CARTESIAN_POINT('',(4.565126824748,94.577947917211));
#333 = CARTESIAN_POINT('',(4.417864669111,95.304003963264));
#334 = CARTESIAN_POINT('',(4.270602513474,95.897888046502));
#335 = CARTESIAN_POINT('',(4.123340357837,96.336978139247));
#336 = CARTESIAN_POINT('',(3.9760782022,96.605436802492));
#337 = CARTESIAN_POINT('',(3.828816046563,96.695481552097));
#338 = CARTESIAN_POINT('',(3.681553890926,96.607787295181));
#339 = CARTESIAN_POINT('',(3.313398501833,95.965419552776));
#340 = CARTESIAN_POINT('',(3.092505268374,95.1991804789));
#341 = CARTESIAN_POINT('',(2.871612034934,94.080789990607));
#342 = CARTESIAN_POINT('',(2.650718801448,92.678503160016));
#343 = CARTESIAN_POINT('',(2.429825568013,91.095901013352));
#344 = CARTESIAN_POINT('',(2.208932334553,89.456564169232));
#345 = CARTESIAN_POINT('',(1.9880391011,87.882527017864));
#346 = CARTESIAN_POINT('',(1.546252634189,85.073901894277));
#347 = CARTESIAN_POINT('',(1.325359400733,83.839312367498));
#348 = CARTESIAN_POINT('',(1.104466167277,82.878863585735));
#349 = CARTESIAN_POINT('',(0.88357293382,82.279285857629));
#350 = CARTESIAN_POINT('',(0.662679700366,82.093409992813));
#351 = CARTESIAN_POINT('',(0.441786466911,82.328181251127));
#352 = CARTESIAN_POINT('',(0.220893233456,82.946942724208));
#353 = CARTESIAN_POINT('',(7.73237683033E-15,83.880298949434));
#354 = ( GEOMETRIC_REPRESENTATION_CONTEXT(2) 
PARAMETRIC_REPRESENTATION_CONTEXT() REPRESENTATION_CONTEXT('2D SPACE',''
  ) );
#355 = ORIENTED_EDGE('',*,*,#356,.F.);
#356 = EDGE_CURVE('',#357,#306,#359,.T.);
#357 = VERTEX_POINT('',#358);
#358 = CARTESIAN_POINT('',(-107.217,-1.030286966852E-13,65.331716594657)
  );
#359 = SURFACE_CURVE('',#360,(#365,#372),.PCURVE_S1.);
#360 = ELLIPSE('',#361,18.403267793498,17.);
#361 = AXIS2_PLACEMENT_3D('',#362,#363,#364);
#362 = CARTESIAN_POINT('',(-107.217,0.,47.5255));
#363 = DIRECTION('',(1.,0.,0.));
#364 = DIRECTION('',(0.,-0.629799444529,0.776757787004));
#365 = PCURVE('',#32,#366);
#366 = DEFINITIONAL_REPRESENTATION('',(#367),#371);
#367 = ELLIPSE('',#368,18.403267793498,17.);
#368 = AXIS2_PLACEMENT_2D('',#369,#370);
#369 = CARTESIAN_POINT('',(47.5255,-65.));
#370 = DIRECTION('',(0.776757787004,0.629799444529));
#371 = ( GEOMETRIC_REPRESENTATION_CONTEXT(2) 
PARAMETRIC_REPRESENTATION_CONTEXT() REPRESENTATION_CONTEXT('2D SPACE',''
  ) );
#372 = PCURVE('',#373,#378);
#373 = CYLINDRICAL_SURFACE('',#374,17.);
#374 = AXIS2_PLACEMENT_3D('',#375,#376,#377);
#375 = CARTESIAN_POINT('',(-24.52133133276,21.59375,20.89303214246));
#376 = DIRECTION('',(-0.923748987993,-0.241212206527,0.297497022851));
#377 = DIRECTION('',(-0.306548670599,0.,-0.951854985044));
#378 = DEFINITIONAL_REPRESENTATION('',(#379),#410);
#379 = B_SPLINE_CURVE_WITH_KNOTS('',8,(#380,#381,#382,#383,#384,#385,
    #386,#387,#388,#389,#390,#391,#392,#393,#394,#395,#396,#397,#398,
    #399,#400,#401,#402,#403,#404,#405,#406,#407,#408,#409),
  .UNSPECIFIED.,.F.,.F.,(9,7,7,7,9),(2.498744209038,4.069540535832,
    5.247637780929,7.014783648573,8.781929516217),.UNSPECIFIED.);
#380 = CARTESIAN_POINT('',(6.28318530718,83.880298949434));
#381 = CARTESIAN_POINT('',(6.08683576633,83.050648971455));
#382 = CARTESIAN_POINT('',(5.89048622548,82.469567544096));
#383 = CARTESIAN_POINT('',(5.694136684635,82.185794347635));
#384 = CARTESIAN_POINT('',(5.497787143781,82.227626298147));
#385 = CARTESIAN_POINT('',(5.301437602935,82.596902105724));
#386 = CARTESIAN_POINT('',(5.105088062083,83.267185719436));
#387 = CARTESIAN_POINT('',(4.908738521234,84.188718185205));
#388 = CARTESIAN_POINT('',(4.565126824748,86.127202635201));
#389 = CARTESIAN_POINT('',(4.417864669111,87.062704081047));
#390 = CARTESIAN_POINT('',(4.270602513474,88.075473804338));
#391 = CARTESIAN_POINT('',(4.123340357837,89.133215487647));
#392 = CARTESIAN_POINT('',(3.9760782022,90.200686050931));
#393 = CARTESIAN_POINT('',(3.828816046562,91.242183145374));
#394 = CARTESIAN_POINT('',(3.681553890926,92.224082133914));
#395 = CARTESIAN_POINT('',(3.313398501833,94.45607676827));
#396 = CARTESIAN_POINT('',(3.092505268378,95.594796245452));
#397 = CARTESIAN_POINT('',(2.871612034927,96.433463214547));
#398 = CARTESIAN_POINT('',(2.650718801476,96.893385988136));
#399 = CARTESIAN_POINT('',(2.429825568007,96.932233714324));
#400 = CARTESIAN_POINT('',(2.20893233456,96.554378873174));
#401 = CARTESIAN_POINT('',(1.9880391011,95.806716065826));
#402 = CARTESIAN_POINT('',(1.546252634189,93.72644600838));
#403 = CARTESIAN_POINT('',(1.325359400735,92.393837607146));
#404 = CARTESIAN_POINT('',(1.104466167289,90.846103962685));
#405 = CARTESIAN_POINT('',(0.883572933824,89.190976653132));
#406 = CARTESIAN_POINT('',(0.662679700384,87.554746196722));
#407 = CARTESIAN_POINT('',(0.441786466912,86.061607185286));
#408 = CARTESIAN_POINT('',(0.220893233456,84.81365517466));
#409 = CARTESIAN_POINT('',(8.881784197001E-15,83.880298949434));
#410 = ( GEOMETRIC_REPRESENTATION_CONTEXT(2) 
PARAMETRIC_REPRESENTATION_CONTEXT() REPRESENTATION_CONTEXT('2D SPACE',''
  ) );
#411 = ORIENTED_EDGE('',*,*,#412,.F.);
#412 = EDGE_CURVE('',#143,#357,#413,.T.);
#413 = SURFACE_CURVE('',#414,(#419,#426),.PCURVE_S1.);
#414 = ELLIPSE('',#415,18.403267793498,17.);
#415 = AXIS2_PLACEMENT_3D('',#416,#417,#418);
#416 = CARTESIAN_POINT('',(-107.217,0.,47.5255));
#417 = DIRECTION('',(1.,0.,-0.));
#418 = DIRECTION('',(0.,0.629799444529,0.776757787004));
#419 = PCURVE('',#32,#420);
#420 = DEFINITIONAL_REPRESENTATION('',(#421),#425);
#421 = ELLIPSE('',#422,18.403267793498,17.);
#422 = AXIS2_PLACEMENT_2D('',#423,#424);
#423 = CARTESIAN_POINT('',(47.5255,-65.));
#424 = DIRECTION('',(0.776757787004,-0.629799444529));
#425 = ( GEOMETRIC_REPRESENTATION_CONTEXT(2) 
PARAMETRIC_REPRESENTATION_CONTEXT() REPRESENTATION_CONTEXT('2D SPACE',''
  ) );
#426 = PCURVE('',#427,#432);
#427 = CYLINDRICAL_SURFACE('',#428,17.);
#428 = AXIS2_PLACEMENT_3D('',#429,#430,#431);
#429 = CARTESIAN_POINT('',(-24.52133133276,-21.59375,20.89303214246));
#430 = DIRECTION('',(-0.923748987993,0.241212206527,0.297497022851));
#431 = DIRECTION('',(-0.306548670599,0.,-0.951854985044));
#432 = DEFINITIONAL_REPRESENTATION('',(#433),#464);
#433 = B_SPLINE_CURVE_WITH_KNOTS('',8,(#434,#435,#436,#437,#438,#439,
    #440,#441,#442,#443,#444,#445,#446,#447,#448,#449,#450,#451,#452,
    #453,#454,#455,#456,#457,#458,#459,#460,#461,#462,#463),
  .UNSPECIFIED.,.F.,.F.,(9,7,7,7,9),(3.784441098142,5.355237424937,
    6.533334670033,8.300480537677,10.067626405322),.UNSPECIFIED.);
#434 = CARTESIAN_POINT('',(6.28318530718,83.880298949434));
#435 = CARTESIAN_POINT('',(6.08683576633,84.709948927413));
#436 = CARTESIAN_POINT('',(5.890486225481,85.788168875203));
#437 = CARTESIAN_POINT('',(5.694136684634,87.066207908528));
#438 = CARTESIAN_POINT('',(5.497787143784,88.474919482716));
#439 = CARTESIAN_POINT('',(5.301437602933,89.930607432102));
#440 = CARTESIAN_POINT('',(5.105088062084,91.345585647135));
#441 = CARTESIAN_POINT('',(4.908738521234,92.639463467216));
#442 = CARTESIAN_POINT('',(4.565126824748,94.577947917211));
#443 = CARTESIAN_POINT('',(4.417864669111,95.304003963264));
#444 = CARTESIAN_POINT('',(4.270602513474,95.897888046502));
#445 = CARTESIAN_POINT('',(4.123340357837,96.336978139247));
#446 = CARTESIAN_POINT('',(3.9760782022,96.605436802492));
#447 = CARTESIAN_POINT('',(3.828816046563,96.695481552097));
#448 = CARTESIAN_POINT('',(3.681553890926,96.607787295181));
#449 = CARTESIAN_POINT('',(3.313398501833,95.965419552776));
#450 = CARTESIAN_POINT('',(3.092505268374,95.1991804789));
#451 = CARTESIAN_POINT('',(2.871612034934,94.080789990607));
#452 = CARTESIAN_POINT('',(2.650718801448,92.678503160016));
#453 = CARTESIAN_POINT('',(2.429825568013,91.095901013352));
#454 = CARTESIAN_POINT('',(2.208932334553,89.456564169232));
#455 = CARTESIAN_POINT('',(1.9880391011,87.882527017864));
#456 = CARTESIAN_POINT('',(1.546252634189,85.073901894277));
#457 = CARTESIAN_POINT('',(1.325359400733,83.839312367498));
#458 = CARTESIAN_POINT('',(1.104466167277,82.878863585735));
#459 = CARTESIAN_POINT('',(0.88357293382,82.279285857629));
#460 = CARTESIAN_POINT('',(0.662679700366,82.093409992813));
#461 = CARTESIAN_POINT('',(0.441786466911,82.328181251127));
#462 = CARTESIAN_POINT('',(0.220893233456,82.946942724208));
#463 = CARTESIAN_POINT('',(7.73237683033E-15,83.880298949434));
#464 = ( GEOMETRIC_REPRESENTATION_CONTEXT(2) 
PARAMETRIC_REPRESENTATION_CONTEXT() REPRESENTATION_CONTEXT('2D SPACE',''
  ) );
#465 = ADVANCED_FACE('',(#466,#956),#266,.F.);
#466 = FACE_BOUND('',#467,.F.);
#467 = EDGE_LOOP('',(#468,#504,#505,#528,#562,#597,#627,#661,#690,#720,
    #750,#780,#808,#809,#810,#874,#923));
#468 = ORIENTED_EDGE('',*,*,#469,.F.);
#469 = EDGE_CURVE('',#306,#470,#472,.T.);
#470 = VERTEX_POINT('',#471);
#471 = CARTESIAN_POINT('',(-103.9349088981,-13.60665427818,
    57.716621594503));
#472 = SURFACE_CURVE('',#473,(#478,#491),.PCURVE_S1.);
#473 = ELLIPSE('',#474,17.517242190349,17.);
#474 = AXIS2_PLACEMENT_3D('',#475,#476,#477);
#475 = CARTESIAN_POINT('',(-107.217,-3.552713678801E-15,47.5255));
#476 = DIRECTION('',(-0.951854985044,0.,0.306548670599));
#477 = DIRECTION('',(0.,-1.,0.));
#478 = PCURVE('',#266,#479);
#479 = DEFINITIONAL_REPRESENTATION('',(#480),#490);
#480 = B_SPLINE_CURVE_WITH_KNOTS('',8,(#481,#482,#483,#484,#485,#486,
    #487,#488,#489),.UNSPECIFIED.,.F.,.F.,(9,9),(0.,1.570796326795),
  .PIECEWISE_BEZIER_KNOTS.);
#481 = CARTESIAN_POINT('',(1.570796326795,85.296423585203));
#482 = CARTESIAN_POINT('',(1.767145867644,85.296423585203));
#483 = CARTESIAN_POINT('',(1.963495408489,85.482596782589));
#484 = CARTESIAN_POINT('',(2.159844949349,85.854941595811));
#485 = CARTESIAN_POINT('',(2.356194490172,86.398152526817));
#486 = CARTESIAN_POINT('',(2.552544031047,87.081587492197));
#487 = CARTESIAN_POINT('',(2.748893571887,87.862496073169));
#488 = CARTESIAN_POINT('',(2.94524311274,88.692146248229));
#489 = CARTESIAN_POINT('',(3.14159265359,89.521796226208));
#490 = ( GEOMETRIC_REPRESENTATION_CONTEXT(2) 
PARAMETRIC_REPRESENTATION_CONTEXT() REPRESENTATION_CONTEXT('2D SPACE',''
  ) );
#491 = PCURVE('',#373,#492);
#492 = DEFINITIONAL_REPRESENTATION('',(#493),#503);
#493 = B_SPLINE_CURVE_WITH_KNOTS('',8,(#494,#495,#496,#497,#498,#499,
    #500,#501,#502),.UNSPECIFIED.,.F.,.F.,(9,9),(0.,1.570796326795),
  .PIECEWISE_BEZIER_KNOTS.);
#494 = CARTESIAN_POINT('',(1.570796326795,93.747168867213));
#495 = CARTESIAN_POINT('',(1.767145867644,93.747168867213));
#496 = CARTESIAN_POINT('',(1.963495408489,93.56099566973));
#497 = CARTESIAN_POINT('',(2.159844949349,93.188650856668));
#498 = CARTESIAN_POINT('',(2.356194490172,92.645439925196));
#499 = CARTESIAN_POINT('',(2.552544031047,91.962004959874));
#500 = CARTESIAN_POINT('',(2.748893571887,91.181096379063));
#501 = CARTESIAN_POINT('',(2.94524311274,90.351446204187));
#502 = CARTESIAN_POINT('',(3.14159265359,89.521796226208));
#503 = ( GEOMETRIC_REPRESENTATION_CONTEXT(2) 
PARAMETRIC_REPRESENTATION_CONTEXT() REPRESENTATION_CONTEXT('2D SPACE',''
  ) );
#504 = ORIENTED_EDGE('',*,*,#305,.T.);
#505 = ORIENTED_EDGE('',*,*,#506,.F.);
#506 = EDGE_CURVE('',#507,#250,#509,.T.);
#507 = VERTEX_POINT('',#508);
#508 = CARTESIAN_POINT('',(-41.50978201597,-18.51847096796,
    8.504366628484));
#509 = SEAM_CURVE('',#510,(#514,#521),.PCURVE_S1.);
#510 = LINE('',#511,#512);
#511 = CARTESIAN_POINT('',(-29.73265873294,-21.59375,4.711497396704));
#512 = VECTOR('',#513,1.);
#513 = DIRECTION('',(-0.923748987993,0.241212206527,0.297497022851));
#514 = PCURVE('',#266,#515);
#515 = DEFINITIONAL_REPRESENTATION('',(#516),#520);
#516 = LINE('',#517,#518);
#517 = CARTESIAN_POINT('',(6.28318530718,-0.));
#518 = VECTOR('',#519,1.);
#519 = DIRECTION('',(0.,1.));
#520 = ( GEOMETRIC_REPRESENTATION_CONTEXT(2) 
PARAMETRIC_REPRESENTATION_CONTEXT() REPRESENTATION_CONTEXT('2D SPACE',''
  ) );
#521 = PCURVE('',#266,#522);
#522 = DEFINITIONAL_REPRESENTATION('',(#523),#527);
#523 = LINE('',#524,#525);
#524 = CARTESIAN_POINT('',(0.,-0.));
#525 = VECTOR('',#526,1.);
#526 = DIRECTION('',(0.,1.));
#527 = ( GEOMETRIC_REPRESENTATION_CONTEXT(2) 
PARAMETRIC_REPRESENTATION_CONTEXT() REPRESENTATION_CONTEXT('2D SPACE',''
  ) );
#528 = ORIENTED_EDGE('',*,*,#529,.T.);
#529 = EDGE_CURVE('',#507,#530,#532,.T.);
#530 = VERTEX_POINT('',#531);
#531 = CARTESIAN_POINT('',(-31.22768371768,-36.20515568074,
    15.277726120345));
#532 = SURFACE_CURVE('',#533,(#538,#550),.PCURVE_S1.);
#533 = ELLIPSE('',#534,22.468771616085,17.);
#534 = AXIS2_PLACEMENT_3D('',#535,#536,#537);
#535 = CARTESIAN_POINT('',(-23.30041927148,-21.91255835173,
    20.499832574054));
#536 = DIRECTION('',(-0.550116416595,2.775557561563E-17,0.835087976319)
  );
#537 = DIRECTION('',(-0.776188952296,0.368898519952,-0.511316528494));
#538 = PCURVE('',#266,#539);
#539 = DEFINITIONAL_REPRESENTATION('',(#540),#549);
#540 = B_SPLINE_CURVE_WITH_KNOTS('',7,(#541,#542,#543,#544,#545,#546,
    #547,#548),.UNSPECIFIED.,.F.,.F.,(8,8),(0.291723087101,
    1.480712659087),.PIECEWISE_BEZIER_KNOTS.);
#541 = CARTESIAN_POINT('',(0.,12.74926785968));
#542 = CARTESIAN_POINT('',(0.169855653141,12.031564429978));
#543 = CARTESIAN_POINT('',(0.339711306282,10.840238985936));
#544 = CARTESIAN_POINT('',(0.509566959423,9.209124147581));
#545 = CARTESIAN_POINT('',(0.679422612563,7.205469204348));
#546 = CARTESIAN_POINT('',(0.849278265704,4.926206047599));
#547 = CARTESIAN_POINT('',(1.019133918845,2.485347077806));
#548 = CARTESIAN_POINT('',(1.188989571986,-6.000000034589E-07));
#549 = ( GEOMETRIC_REPRESENTATION_CONTEXT(2) 
PARAMETRIC_REPRESENTATION_CONTEXT() REPRESENTATION_CONTEXT('2D SPACE',''
  ) );
#550 = PCURVE('',#551,#556);
#551 = PLANE('',#552);
#552 = AXIS2_PLACEMENT_3D('',#553,#554,#555);
#553 = CARTESIAN_POINT('',(-23.97121491616,21.59375,20.057944166141));
#554 = DIRECTION('',(-0.550116416595,0.,0.835087976319));
#555 = DIRECTION('',(0.835087976319,0.,0.550116416595));
#556 = DEFINITIONAL_REPRESENTATION('',(#557),#561);
#557 = ELLIPSE('',#558,22.468771616085,17.);
#558 = AXIS2_PLACEMENT_2D('',#559,#560);
#559 = CARTESIAN_POINT('',(0.803263444941,-43.50630835173));
#560 = DIRECTION('',(-0.929469677815,0.368898519952));
#561 = ( GEOMETRIC_REPRESENTATION_CONTEXT(2) 
PARAMETRIC_REPRESENTATION_CONTEXT() REPRESENTATION_CONTEXT('2D SPACE',''
  ) );
#562 = ORIENTED_EDGE('',*,*,#563,.T.);
#563 = EDGE_CURVE('',#530,#564,#566,.T.);
#564 = VERTEX_POINT('',#565);
#565 = CARTESIAN_POINT('',(-29.75839754716,-37.39473452285,
    17.44310090044));
#566 = SURFACE_CURVE('',#567,(#572,#582),.PCURVE_S1.);
#567 = ELLIPSE('',#568,18.139561280732,17.);
#568 = AXIS2_PLACEMENT_3D('',#569,#570,#571);
#569 = CARTESIAN_POINT('',(-24.52133133276,-21.59375,20.89303214246));
#570 = DIRECTION('',(-0.786331524296,0.128690694175,0.604252794061));
#571 = DIRECTION('',(0.535518529438,-0.345723622646,0.770516113636));
#572 = PCURVE('',#266,#573);
#573 = DEFINITIONAL_REPRESENTATION('',(#574),#581);
#574 = B_SPLINE_CURVE_WITH_KNOTS('',5,(#575,#576,#577,#578,#579,#580),
  .UNSPECIFIED.,.F.,.F.,(6,6),(4.553696034446,4.71238897631),
  .PIECEWISE_BEZIER_KNOTS.);
#575 = CARTESIAN_POINT('',(1.120380293755,1.0000006));
#576 = CARTESIAN_POINT('',(1.152118882128,0.801682208312));
#577 = CARTESIAN_POINT('',(1.183857470501,0.602104643649));
#578 = CARTESIAN_POINT('',(1.215596058873,0.40168409925));
#579 = CARTESIAN_POINT('',(1.247334647246,0.200842062425));
#580 = CARTESIAN_POINT('',(1.279073235619,2.578275370979E-08));
#581 = ( GEOMETRIC_REPRESENTATION_CONTEXT(2) 
PARAMETRIC_REPRESENTATION_CONTEXT() REPRESENTATION_CONTEXT('2D SPACE',''
  ) );
#582 = PCURVE('',#583,#588);
#583 = CYLINDRICAL_SURFACE('',#584,17.);
#584 = AXIS2_PLACEMENT_3D('',#585,#586,#587);
#585 = CARTESIAN_POINT('',(-20.1204,-21.59375,14.21232833191));
#586 = DIRECTION('',(-0.550116416595,0.,0.835087976319));
#587 = DIRECTION('',(0.835087976319,0.,0.550116416595));
#588 = DEFINITIONAL_REPRESENTATION('',(#589),#596);
#589 = B_SPLINE_CURVE_WITH_KNOTS('',5,(#590,#591,#592,#593,#594,#595),
  .UNSPECIFIED.,.F.,.F.,(6,6),(4.553696130469,4.71238897631),
  .PIECEWISE_BEZIER_KNOTS.);
#590 = CARTESIAN_POINT('',(4.175872451791,7.));
#591 = CARTESIAN_POINT('',(4.207611020959,7.198318274736));
#592 = CARTESIAN_POINT('',(4.239349590127,7.397895720167));
#593 = CARTESIAN_POINT('',(4.271088159296,7.598316143804));
#594 = CARTESIAN_POINT('',(4.302826728464,7.799158059102));
#595 = CARTESIAN_POINT('',(4.334565297632,7.999999974217));
#596 = ( GEOMETRIC_REPRESENTATION_CONTEXT(2) 
PARAMETRIC_REPRESENTATION_CONTEXT() REPRESENTATION_CONTEXT('2D SPACE',''
  ) );
#597 = ORIENTED_EDGE('',*,*,#598,.F.);
#598 = EDGE_CURVE('',#599,#564,#601,.T.);
#599 = VERTEX_POINT('',#600);
#600 = CARTESIAN_POINT('',(-31.43145676878,-37.1049414224,
    18.735925952248));
#601 = SURFACE_CURVE('',#602,(#607,#617),.PCURVE_S1.);
#602 = ELLIPSE('',#603,48.731377815444,17.);
#603 = AXIS2_PLACEMENT_3D('',#604,#605,#606);
#604 = CARTESIAN_POINT('',(-24.52133133276,-21.59375,20.89303214246));
#605 = DIRECTION('',(0.535518529438,-0.345723622646,0.770516113636));
#606 = DIRECTION('',(-0.786331524296,0.128690694175,0.604252794061));
#607 = PCURVE('',#266,#608);
#608 = DEFINITIONAL_REPRESENTATION('',(#609),#616);
#609 = B_SPLINE_CURVE_WITH_KNOTS('',5,(#610,#611,#612,#613,#614,#615),
  .UNSPECIFIED.,.F.,.F.,(6,6),(1.52698986226,1.570796340497),
  .PIECEWISE_BEZIER_KNOTS.);
#610 = CARTESIAN_POINT('',(1.322879704228,2.0000006));
#611 = CARTESIAN_POINT('',(1.314118408581,1.600256255292));
#612 = CARTESIAN_POINT('',(1.305357112934,1.200320009773));
#613 = CARTESIAN_POINT('',(1.296595817286,0.800255789475));
#614 = CARTESIAN_POINT('',(1.287834521639,0.400127581816));
#615 = CARTESIAN_POINT('',(1.279073225991,-6.257827465106E-07));
#616 = ( GEOMETRIC_REPRESENTATION_CONTEXT(2) 
PARAMETRIC_REPRESENTATION_CONTEXT() REPRESENTATION_CONTEXT('2D SPACE',''
  ) );
#617 = PCURVE('',#583,#618);
#618 = DEFINITIONAL_REPRESENTATION('',(#619),#626);
#619 = B_SPLINE_CURVE_WITH_KNOTS('',5,(#620,#621,#622,#623,#624,#625),
  .UNSPECIFIED.,.F.,.F.,(6,6),(1.526989875411,1.570796326795),
  .PIECEWISE_BEZIER_KNOTS.);
#620 = CARTESIAN_POINT('',(4.290758850322,10.));
#621 = CARTESIAN_POINT('',(4.299520140599,9.600255900098));
#622 = CARTESIAN_POINT('',(4.308281430876,9.200319899677));
#623 = CARTESIAN_POINT('',(4.317042721153,8.800255924654));
#624 = CARTESIAN_POINT('',(4.32580401143,8.400127962327));
#625 = CARTESIAN_POINT('',(4.334565301707,8.));
#626 = ( GEOMETRIC_REPRESENTATION_CONTEXT(2) 
PARAMETRIC_REPRESENTATION_CONTEXT() REPRESENTATION_CONTEXT('2D SPACE',''
  ) );
#627 = ORIENTED_EDGE('',*,*,#628,.T.);
#628 = EDGE_CURVE('',#599,#629,#631,.T.);
#629 = VERTEX_POINT('',#630);
#630 = CARTESIAN_POINT('',(-28.97688165711,-37.99058844786,
    20.352883809367));
#631 = SURFACE_CURVE('',#632,(#637,#649),.PCURVE_S1.);
#632 = ELLIPSE('',#633,22.468771616085,17.);
#633 = AXIS2_PLACEMENT_3D('',#634,#635,#636);
#634 = CARTESIAN_POINT('',(-26.96315545532,-20.95613329653,
    21.679431279271));
#635 = DIRECTION('',(-0.550116416595,2.775557561563E-17,0.835087976319)
  );
#636 = DIRECTION('',(-0.776188952296,0.368898519952,-0.511316528494));
#637 = PCURVE('',#266,#638);
#638 = DEFINITIONAL_REPRESENTATION('',(#639),#648);
#639 = B_SPLINE_CURVE_WITH_KNOTS('',7,(#640,#641,#642,#643,#644,#645,
    #646,#647),.UNSPECIFIED.,.F.,.F.,(8,8),(0.823562968209,
    1.751705393071),.PIECEWISE_BEZIER_KNOTS.);
#640 = CARTESIAN_POINT('',(0.531839881107,12.628029947773));
#641 = CARTESIAN_POINT('',(0.664431656088,11.199034058058));
#642 = CARTESIAN_POINT('',(0.797023431068,9.565246260919));
#643 = CARTESIAN_POINT('',(0.929615206049,7.767700900004));
#644 = CARTESIAN_POINT('',(1.062206981029,5.856249040923));
#645 = CARTESIAN_POINT('',(1.194798756009,3.886630408891));
#646 = CARTESIAN_POINT('',(1.327390530989,1.916206130993));
#647 = CARTESIAN_POINT('',(1.45998230597,-6.000000034589E-07));
#648 = ( GEOMETRIC_REPRESENTATION_CONTEXT(2) 
PARAMETRIC_REPRESENTATION_CONTEXT() REPRESENTATION_CONTEXT('2D SPACE',''
  ) );
#649 = PCURVE('',#650,#655);
#650 = PLANE('',#651);
#651 = AXIS2_PLACEMENT_3D('',#652,#653,#654);
#652 = CARTESIAN_POINT('',(-25.62156416595,-21.59375,22.563208095097));
#653 = DIRECTION('',(-0.550116416595,0.,0.835087976319));
#654 = DIRECTION('',(0.835087976319,0.,0.550116416595));
#655 = DEFINITIONAL_REPRESENTATION('',(#656),#660);
#656 = ELLIPSE('',#657,22.468771616085,17.);
#657 = AXIS2_PLACEMENT_2D('',#658,#659);
#658 = CARTESIAN_POINT('',(-1.606526889882,0.637616703467));
#659 = DIRECTION('',(-0.929469677815,0.368898519952));
#660 = ( GEOMETRIC_REPRESENTATION_CONTEXT(2) 
PARAMETRIC_REPRESENTATION_CONTEXT() REPRESENTATION_CONTEXT('2D SPACE',''
  ) );
#661 = ORIENTED_EDGE('',*,*,#662,.T.);
#662 = EDGE_CURVE('',#629,#663,#665,.T.);
#663 = VERTEX_POINT('',#664);
#664 = CARTESIAN_POINT('',(-18.67368137155,-6.904346345269,
    27.140144291247));
#665 = SURFACE_CURVE('',#666,(#671,#678),.PCURVE_S1.);
#666 = CIRCLE('',#667,17.);
#667 = AXIS2_PLACEMENT_3D('',#668,#669,#670);
#668 = CARTESIAN_POINT('',(-24.52133133276,-21.59375,20.89303214246));
#669 = DIRECTION('',(-0.923748987993,0.241212206527,0.297497022851));
#670 = DIRECTION('',(-0.306548670599,0.,-0.951854985044));
#671 = PCURVE('',#266,#672);
#672 = DEFINITIONAL_REPRESENTATION('',(#673),#677);
#673 = LINE('',#674,#675);
#674 = CARTESIAN_POINT('',(0.,0.));
#675 = VECTOR('',#676,1.);
#676 = DIRECTION('',(1.,0.));
#677 = ( GEOMETRIC_REPRESENTATION_CONTEXT(2) 
PARAMETRIC_REPRESENTATION_CONTEXT() REPRESENTATION_CONTEXT('2D SPACE',''
  ) );
#678 = PCURVE('',#679,#684);
#679 = PLANE('',#680);
#680 = AXIS2_PLACEMENT_3D('',#681,#682,#683);
#681 = CARTESIAN_POINT('',(-24.52133133276,-21.59375,20.89303214246));
#682 = DIRECTION('',(-0.923748987993,0.241212206527,0.297497022851));
#683 = DIRECTION('',(-0.306548670599,0.,-0.951854985044));
#684 = DEFINITIONAL_REPRESENTATION('',(#685),#689);
#685 = CIRCLE('',#686,17.);
#686 = AXIS2_PLACEMENT_2D('',#687,#688);
#687 = CARTESIAN_POINT('',(0.,0.));
#688 = DIRECTION('',(1.,0.));
#689 = ( GEOMETRIC_REPRESENTATION_CONTEXT(2) 
PARAMETRIC_REPRESENTATION_CONTEXT() REPRESENTATION_CONTEXT('2D SPACE',''
  ) );
#690 = ORIENTED_EDGE('',*,*,#691,.T.);
#691 = EDGE_CURVE('',#663,#692,#694,.T.);
#692 = VERTEX_POINT('',#693);
#693 = CARTESIAN_POINT('',(-20.96737269014,-5.533289699179,
    25.629169059007));
#694 = SURFACE_CURVE('',#695,(#700,#713),.PCURVE_S1.);
#695 = ELLIPSE('',#696,22.468771616085,17.);
#696 = AXIS2_PLACEMENT_3D('',#697,#698,#699);
#697 = CARTESIAN_POINT('',(-26.96315545532,-20.95613329653,
    21.679431279271));
#698 = DIRECTION('',(-0.550116416595,2.775557561563E-17,0.835087976319)
  );
#699 = DIRECTION('',(-0.776188952296,0.368898519952,-0.511316528494));
#700 = PCURVE('',#266,#701);
#701 = DEFINITIONAL_REPRESENTATION('',(#702),#712);
#702 = B_SPLINE_CURVE_WITH_KNOTS('',8,(#703,#704,#705,#706,#707,#708,
    #709,#710,#711),.UNSPECIFIED.,.F.,.F.,(9,9),(4.531479914109,
    6.043068513173),.PIECEWISE_BEZIER_KNOTS.);
#703 = CARTESIAN_POINT('',(4.239756827008,-6.000000034589E-07));
#704 = CARTESIAN_POINT('',(4.428705401891,2.73067052237));
#705 = CARTESIAN_POINT('',(4.617653976777,5.569197063181));
#706 = CARTESIAN_POINT('',(4.806602551642,8.367018840669));
#707 = CARTESIAN_POINT('',(4.995551126558,10.967388806195));
#708 = CARTESIAN_POINT('',(5.184499701423,13.222228788138));
#709 = CARTESIAN_POINT('',(5.373448276306,15.010979566901));
#710 = CARTESIAN_POINT('',(5.562396851189,16.253400331346));
#711 = CARTESIAN_POINT('',(5.751345426072,16.913571447985));
#712 = ( GEOMETRIC_REPRESENTATION_CONTEXT(2) 
PARAMETRIC_REPRESENTATION_CONTEXT() REPRESENTATION_CONTEXT('2D SPACE',''
  ) );
#713 = PCURVE('',#650,#714);
#714 = DEFINITIONAL_REPRESENTATION('',(#715),#719);
#715 = ELLIPSE('',#716,22.468771616085,17.);
#716 = AXIS2_PLACEMENT_2D('',#717,#718);
#717 = CARTESIAN_POINT('',(-1.606526889882,0.637616703467));
#718 = DIRECTION('',(-0.929469677815,0.368898519952));
#719 = ( GEOMETRIC_REPRESENTATION_CONTEXT(2) 
PARAMETRIC_REPRESENTATION_CONTEXT() REPRESENTATION_CONTEXT('2D SPACE',''
  ) );
#720 = ORIENTED_EDGE('',*,*,#721,.F.);
#721 = EDGE_CURVE('',#722,#692,#724,.T.);
#722 = VERTEX_POINT('',#723);
#723 = CARTESIAN_POINT('',(-19.28426511836,-5.79276547715,24.34296338448
    ));
#724 = SURFACE_CURVE('',#725,(#730,#740),.PCURVE_S1.);
#725 = ELLIPSE('',#726,48.731377815444,17.);
#726 = AXIS2_PLACEMENT_3D('',#727,#728,#729);
#727 = CARTESIAN_POINT('',(-24.52133133276,-21.59375,20.89303214246));
#728 = DIRECTION('',(0.535518529438,-0.345723622646,0.770516113636));
#729 = DIRECTION('',(-0.786331524296,0.128690694175,0.604252794061));
#730 = PCURVE('',#266,#731);
#731 = DEFINITIONAL_REPRESENTATION('',(#732),#739);
#732 = B_SPLINE_CURVE_WITH_KNOTS('',5,(#733,#734,#735,#736,#737,#738),
  .UNSPECIFIED.,.F.,.F.,(6,6),(4.712388973816,4.756195444919),
  .PIECEWISE_BEZIER_KNOTS.);
#733 = CARTESIAN_POINT('',(4.420665899852,-3.00000014164E-07));
#734 = CARTESIAN_POINT('',(4.411904605632,0.400127842442));
#735 = CARTESIAN_POINT('',(4.403143311411,0.800255984913));
#736 = CARTESIAN_POINT('',(4.39438201719,1.200320140023));
#737 = CARTESIAN_POINT('',(4.385620722969,1.600256320386));
#738 = CARTESIAN_POINT('',(4.376859428749,2.0000006));
#739 = ( GEOMETRIC_REPRESENTATION_CONTEXT(2) 
PARAMETRIC_REPRESENTATION_CONTEXT() REPRESENTATION_CONTEXT('2D SPACE',''
  ) );
#740 = PCURVE('',#583,#741);
#741 = DEFINITIONAL_REPRESENTATION('',(#742),#749);
#742 = B_SPLINE_CURVE_WITH_KNOTS('',5,(#743,#744,#745,#746,#747,#748),
  .UNSPECIFIED.,.F.,.F.,(6,6),(4.712388980385,4.756195431769),
  .PIECEWISE_BEZIER_KNOTS.);
#743 = CARTESIAN_POINT('',(7.476157955296,8.));
#744 = CARTESIAN_POINT('',(7.484919245573,8.400127962327));
#745 = CARTESIAN_POINT('',(7.49368053585,8.800255924654));
#746 = CARTESIAN_POINT('',(7.502441826127,9.200319899677));
#747 = CARTESIAN_POINT('',(7.511203116404,9.600255900098));
#748 = CARTESIAN_POINT('',(7.519964406681,10.));
#749 = ( GEOMETRIC_REPRESENTATION_CONTEXT(2) 
PARAMETRIC_REPRESENTATION_CONTEXT() REPRESENTATION_CONTEXT('2D SPACE',''
  ) );
#750 = ORIENTED_EDGE('',*,*,#751,.T.);
#751 = EDGE_CURVE('',#722,#752,#754,.T.);
#752 = VERTEX_POINT('',#753);
#753 = CARTESIAN_POINT('',(-20.8851619814,-5.000275086915,
    22.090889712048));
#754 = SURFACE_CURVE('',#755,(#760,#770),.PCURVE_S1.);
#755 = ELLIPSE('',#756,18.139561280732,17.);
#756 = AXIS2_PLACEMENT_3D('',#757,#758,#759);
#757 = CARTESIAN_POINT('',(-24.52133133276,-21.59375,20.89303214246));
#758 = DIRECTION('',(-0.786331524296,0.128690694175,0.604252794061));
#759 = DIRECTION('',(0.535518529438,-0.345723622646,0.770516113636));
#760 = PCURVE('',#266,#761);
#761 = DEFINITIONAL_REPRESENTATION('',(#762),#769);
#762 = B_SPLINE_CURVE_WITH_KNOTS('',5,(#763,#764,#765,#766,#767,#768),
  .UNSPECIFIED.,.F.,.F.,(6,6),(1.570796279387,1.729489272734),
  .PIECEWISE_BEZIER_KNOTS.);
#763 = CARTESIAN_POINT('',(4.420665845875,-3.000000070585E-07));
#764 = CARTESIAN_POINT('',(4.452404444545,0.200841801798));
#765 = CARTESIAN_POINT('',(4.484143043214,0.401683904191));
#766 = CARTESIAN_POINT('',(4.515881641883,0.602104514157));
#767 = CARTESIAN_POINT('',(4.547620240553,0.801682143974));
#768 = CARTESIAN_POINT('',(4.579358839222,1.0000006));
#769 = ( GEOMETRIC_REPRESENTATION_CONTEXT(2) 
PARAMETRIC_REPRESENTATION_CONTEXT() REPRESENTATION_CONTEXT('2D SPACE',''
  ) );
#770 = PCURVE('',#583,#771);
#771 = DEFINITIONAL_REPRESENTATION('',(#772),#779);
#772 = B_SPLINE_CURVE_WITH_KNOTS('',5,(#773,#774,#775,#776,#777,#778),
  .UNSPECIFIED.,.F.,.F.,(6,6),(1.570796326795,1.729489176711),
  .PIECEWISE_BEZIER_KNOTS.);
#773 = CARTESIAN_POINT('',(7.476157955296,8.));
#774 = CARTESIAN_POINT('',(7.50789652528,7.799158079729));
#775 = CARTESIAN_POINT('',(7.539635095263,7.598316159241));
#776 = CARTESIAN_POINT('',(7.571373665246,7.397895730415));
#777 = CARTESIAN_POINT('',(7.603112235229,7.198318279827));
#778 = CARTESIAN_POINT('',(7.634850805212,7.));
#779 = ( GEOMETRIC_REPRESENTATION_CONTEXT(2) 
PARAMETRIC_REPRESENTATION_CONTEXT() REPRESENTATION_CONTEXT('2D SPACE',''
  ) );
#780 = ORIENTED_EDGE('',*,*,#781,.T.);
#781 = EDGE_CURVE('',#752,#507,#782,.T.);
#782 = SURFACE_CURVE('',#783,(#788,#801),.PCURVE_S1.);
#783 = ELLIPSE('',#784,22.468771616085,17.);
#784 = AXIS2_PLACEMENT_3D('',#785,#786,#787);
#785 = CARTESIAN_POINT('',(-23.30041927148,-21.91255835173,
    20.499832574054));
#786 = DIRECTION('',(-0.550116416595,2.775557561563E-17,0.835087976319)
  );
#787 = DIRECTION('',(-0.776188952296,0.368898519952,-0.511316528494));
#788 = PCURVE('',#266,#789);
#789 = DEFINITIONAL_REPRESENTATION('',(#790),#800);
#790 = B_SPLINE_CURVE_WITH_KNOTS('',8,(#791,#792,#793,#794,#795,#796,
    #797,#798,#799),.UNSPECIFIED.,.F.,.F.,(9,9),(4.802472648092,
    6.574908394281),.PIECEWISE_BEZIER_KNOTS.);
#791 = CARTESIAN_POINT('',(4.510749560991,-6.000000070117E-07));
#792 = CARTESIAN_POINT('',(4.732304029265,3.241810155481));
#793 = CARTESIAN_POINT('',(4.953858497533,6.409477338584));
#794 = CARTESIAN_POINT('',(5.175412965815,9.260503726851));
#795 = CARTESIAN_POINT('',(5.396967434073,11.560239933839));
#796 = CARTESIAN_POINT('',(5.618521902357,13.119615331751));
#797 = CARTESIAN_POINT('',(5.840076370626,13.832203945407));
#798 = CARTESIAN_POINT('',(6.061630838906,13.685418048415));
#799 = CARTESIAN_POINT('',(6.28318530718,12.74926785968));
#800 = ( GEOMETRIC_REPRESENTATION_CONTEXT(2) 
PARAMETRIC_REPRESENTATION_CONTEXT() REPRESENTATION_CONTEXT('2D SPACE',''
  ) );
#801 = PCURVE('',#551,#802);
#802 = DEFINITIONAL_REPRESENTATION('',(#803),#807);
#803 = ELLIPSE('',#804,22.468771616085,17.);
#804 = AXIS2_PLACEMENT_2D('',#805,#806);
#805 = CARTESIAN_POINT('',(0.803263444941,-43.50630835173));
#806 = DIRECTION('',(-0.929469677815,0.368898519952));
#807 = ( GEOMETRIC_REPRESENTATION_CONTEXT(2) 
PARAMETRIC_REPRESENTATION_CONTEXT() REPRESENTATION_CONTEXT('2D SPACE',''
  ) );
#808 = ORIENTED_EDGE('',*,*,#506,.T.);
#809 = ORIENTED_EDGE('',*,*,#249,.T.);
#810 = ORIENTED_EDGE('',*,*,#811,.T.);
#811 = EDGE_CURVE('',#199,#812,#814,.T.);
#812 = VERTEX_POINT('',#813);
#813 = CARTESIAN_POINT('',(-92.217,-3.552713678801E-15,60.361176895201)
  );
#814 = SURFACE_CURVE('',#815,(#820,#847),.PCURVE_S1.);
#815 = ELLIPSE('',#816,70.477362007319,17.);
#816 = AXIS2_PLACEMENT_3D('',#817,#818,#819);
#817 = CARTESIAN_POINT('',(-107.217,-3.552713678801E-15,47.5255));
#818 = DIRECTION('',(0.,-1.,0.));
#819 = DIRECTION('',(-0.951854985044,0.,0.306548670599));
#820 = PCURVE('',#266,#821);
#821 = DEFINITIONAL_REPRESENTATION('',(#822),#846);
#822 = B_SPLINE_CURVE_WITH_KNOTS('',8,(#823,#824,#825,#826,#827,#828,
    #829,#830,#831,#832,#833,#834,#835,#836,#837,#838,#839,#840,#841,
    #842,#843,#844,#845),.UNSPECIFIED.,.F.,.F.,(9,7,7,9),(1.570796326795
    ,2.356194490192,3.534291735289,4.712388980385),.UNSPECIFIED.);
#823 = CARTESIAN_POINT('',(6.28318530718,89.521796226208));
#824 = CARTESIAN_POINT('',(6.185010536755,82.807001801359));
#825 = CARTESIAN_POINT('',(6.08683576633,76.092207475784));
#826 = CARTESIAN_POINT('',(5.988660995906,69.476032183496));
#827 = CARTESIAN_POINT('',(5.890486225481,63.057097343619));
#828 = CARTESIAN_POINT('',(5.792311455056,56.930978236302));
#829 = CARTESIAN_POINT('',(5.694136684632,51.187170799269));
#830 = CARTESIAN_POINT('',(5.595961914207,45.906361055631));
#831 = CARTESIAN_POINT('',(5.350524988145,34.036169375419));
#832 = CARTESIAN_POINT('',(5.20326283251,28.112703444516));
#833 = CARTESIAN_POINT('',(5.056000676867,23.623241520196));
#834 = CARTESIAN_POINT('',(4.90873852124,20.747680455941));
#835 = CARTESIAN_POINT('',(4.761476365593,19.594144477975));
#836 = CARTESIAN_POINT('',(4.614214209962,20.189011709004));
#837 = CARTESIAN_POINT('',(4.466952054323,22.477361934035));
#838 = CARTESIAN_POINT('',(4.172427743049,30.186283668417));
#839 = CARTESIAN_POINT('',(4.02516558741,35.6068553898));
#840 = CARTESIAN_POINT('',(3.87790343178,42.466162820492));
#841 = CARTESIAN_POINT('',(3.730641276127,50.564389046864));
#842 = CARTESIAN_POINT('',(3.583379120513,59.638064127677));
#843 = CARTESIAN_POINT('',(3.436116964864,69.377412674548));
#844 = CARTESIAN_POINT('',(3.288854809227,79.449604588934));
#845 = CARTESIAN_POINT('',(3.14159265359,89.521796226208));
#846 = ( GEOMETRIC_REPRESENTATION_CONTEXT(2) 
PARAMETRIC_REPRESENTATION_CONTEXT() REPRESENTATION_CONTEXT('2D SPACE',''
  ) );
#847 = PCURVE('',#159,#848);
#848 = DEFINITIONAL_REPRESENTATION('',(#849),#873);
#849 = B_SPLINE_CURVE_WITH_KNOTS('',8,(#850,#851,#852,#853,#854,#855,
    #856,#857,#858,#859,#860,#861,#862,#863,#864,#865,#866,#867,#868,
    #869,#870,#871,#872),.UNSPECIFIED.,.F.,.F.,(9,7,7,9),(1.570796326795
    ,2.356194490192,3.534291735289,4.712388980385),.UNSPECIFIED.);
#850 = CARTESIAN_POINT('',(0.,89.521796226208));
#851 = CARTESIAN_POINT('',(9.817477042468E-02,82.807001801359));
#852 = CARTESIAN_POINT('',(0.196349540849,76.092207475784));
#853 = CARTESIAN_POINT('',(0.294524311274,69.476032183496));
#854 = CARTESIAN_POINT('',(0.392699081699,63.057097343619));
#855 = CARTESIAN_POINT('',(0.490873852123,56.930978236302));
#856 = CARTESIAN_POINT('',(0.589048622548,51.187170799269));
#857 = CARTESIAN_POINT('',(0.687223392973,45.906361055631));
#858 = CARTESIAN_POINT('',(0.932660319034,34.036169375419));
#859 = CARTESIAN_POINT('',(1.07992247467,28.112703444516));
#860 = CARTESIAN_POINT('',(1.227184630312,23.623241520196));
#861 = CARTESIAN_POINT('',(1.374446785941,20.747680455941));
#862 = CARTESIAN_POINT('',(1.521708941586,19.594144477975));
#863 = CARTESIAN_POINT('',(1.668971097218,20.189011709004));
#864 = CARTESIAN_POINT('',(1.816233252857,22.477361934035));
#865 = CARTESIAN_POINT('',(2.110757564131,30.186283668417));
#866 = CARTESIAN_POINT('',(2.258019719768,35.6068553898));
#867 = CARTESIAN_POINT('',(2.405281875403,42.466162820492));
#868 = CARTESIAN_POINT('',(2.552544031039,50.564389046864));
#869 = CARTESIAN_POINT('',(2.699806186674,59.638064127677));
#870 = CARTESIAN_POINT('',(2.847068342316,69.377412674548));
#871 = CARTESIAN_POINT('',(2.994330497953,79.449604588934));
#872 = CARTESIAN_POINT('',(3.14159265359,89.521796226208));
#873 = ( GEOMETRIC_REPRESENTATION_CONTEXT(2) 
PARAMETRIC_REPRESENTATION_CONTEXT() REPRESENTATION_CONTEXT('2D SPACE',''
  ) );
#874 = ORIENTED_EDGE('',*,*,#875,.F.);
#875 = EDGE_CURVE('',#876,#812,#878,.T.);
#876 = VERTEX_POINT('',#877);
#877 = CARTESIAN_POINT('',(-92.217,-14.88033898084,55.745932580789));
#878 = SURFACE_CURVE('',#879,(#884,#911),.PCURVE_S1.);
#879 = ELLIPSE('',#880,18.403267793498,17.);
#880 = AXIS2_PLACEMENT_3D('',#881,#882,#883);
#881 = CARTESIAN_POINT('',(-92.217,-3.916846616277,42.694690547686));
#882 = DIRECTION('',(-1.,0.,0.));
#883 = DIRECTION('',(0.,0.629799444529,0.776757787004));
#884 = PCURVE('',#266,#885);
#885 = DEFINITIONAL_REPRESENTATION('',(#886),#910);
#886 = B_SPLINE_CURVE_WITH_KNOTS('',8,(#887,#888,#889,#890,#891,#892,
    #893,#894,#895,#896,#897,#898,#899,#900,#901,#902,#903,#904,#905,
    #906,#907,#908,#909),.UNSPECIFIED.,.F.,.F.,(9,7,7,9),(4.345587664787
    ,5.32666060203,6.798270007895,8.26987941376),.UNSPECIFIED.);
#887 = CARTESIAN_POINT('',(1.846843455749,70.755833224827));
#888 = CARTESIAN_POINT('',(1.969477572905,71.56271134634));
#889 = CARTESIAN_POINT('',(2.09211169006,72.413035952497));
#890 = CARTESIAN_POINT('',(2.214745807216,73.288316092465));
#891 = CARTESIAN_POINT('',(2.337379924371,74.168666646856));
#892 = CARTESIAN_POINT('',(2.460014041527,75.033698609083));
#893 = CARTESIAN_POINT('',(2.582648158682,75.863521672905));
#894 = CARTESIAN_POINT('',(2.705282275837,76.639708757262));
#895 = CARTESIAN_POINT('',(3.011867568726,78.405617112913));
#896 = CARTESIAN_POINT('',(3.195818744459,79.308058833558));
#897 = CARTESIAN_POINT('',(3.379769920202,79.998763614014));
#898 = CARTESIAN_POINT('',(3.563721095921,80.43444228539));
#899 = CARTESIAN_POINT('',(3.747672271667,80.589050124574));
#900 = CARTESIAN_POINT('',(3.931623447391,80.457704206579));
#901 = CARTESIAN_POINT('',(4.115574623125,80.056215207882));
#902 = CARTESIAN_POINT('',(4.483476974591,78.778816497533));
#903 = CARTESIAN_POINT('',(4.66742815032,77.902906598189));
#904 = CARTESIAN_POINT('',(4.851379326064,76.822721302975));
#905 = CARTESIAN_POINT('',(5.035330501785,75.588308535283));
#906 = CARTESIAN_POINT('',(5.219281677528,74.263307451503));
#907 = CARTESIAN_POINT('',(5.403232853253,72.918177589498));
#908 = CARTESIAN_POINT('',(5.58718402899,71.622014584302));
#909 = CARTESIAN_POINT('',(5.771135204723,70.435975972628));
#910 = ( GEOMETRIC_REPRESENTATION_CONTEXT(2) 
PARAMETRIC_REPRESENTATION_CONTEXT() REPRESENTATION_CONTEXT('2D SPACE',''
  ) );
#911 = PCURVE('',#912,#917);
#912 = PLANE('',#913);
#913 = AXIS2_PLACEMENT_3D('',#914,#915,#916);
#914 = CARTESIAN_POINT('',(-92.217,0.,47.5255));
#915 = DIRECTION('',(-1.,0.,0.));
#916 = DIRECTION('',(0.,0.,-1.));
#917 = DEFINITIONAL_REPRESENTATION('',(#918),#922);
#918 = ELLIPSE('',#919,18.403267793498,17.);
#919 = AXIS2_PLACEMENT_2D('',#920,#921);
#920 = CARTESIAN_POINT('',(4.830809452314,3.916846616277));
#921 = DIRECTION('',(-0.776757787004,-0.629799444529));
#922 = ( GEOMETRIC_REPRESENTATION_CONTEXT(2) 
PARAMETRIC_REPRESENTATION_CONTEXT() REPRESENTATION_CONTEXT('2D SPACE',''
  ) );
#923 = ORIENTED_EDGE('',*,*,#924,.F.);
#924 = EDGE_CURVE('',#470,#876,#925,.T.);
#925 = SURFACE_CURVE('',#926,(#931,#941),.PCURVE_S1.);
#926 = ELLIPSE('',#927,87.064500586306,17.);
#927 = AXIS2_PLACEMENT_3D('',#928,#929,#930);
#928 = CARTESIAN_POINT('',(-107.217,0.,47.5255));
#929 = DIRECTION('',(0.195257537636,0.617677067547,0.761806756483));
#930 = DIRECTION('',(-0.980752004329,0.122973088743,0.15166781283));
#931 = PCURVE('',#266,#932);
#932 = DEFINITIONAL_REPRESENTATION('',(#933),#940);
#933 = B_SPLINE_CURVE_WITH_KNOTS('',5,(#934,#935,#936,#937,#938,#939),
  .UNSPECIFIED.,.F.,.F.,(6,6),(1.570796326887,1.747379908124),
  .PIECEWISE_BEZIER_KNOTS.);
#934 = CARTESIAN_POINT('',(2.21364477144,89.521796218321));
#935 = CARTESIAN_POINT('',(2.248961487687,86.506148313967));
#936 = CARTESIAN_POINT('',(2.284278203934,83.490500403466));
#937 = CARTESIAN_POINT('',(2.319594920182,80.482688625811));
#938 = CARTESIAN_POINT('',(2.354911636429,77.490548968963));
#939 = CARTESIAN_POINT('',(2.390228352677,74.521795626208));
#940 = ( GEOMETRIC_REPRESENTATION_CONTEXT(2) 
PARAMETRIC_REPRESENTATION_CONTEXT() REPRESENTATION_CONTEXT('2D SPACE',''
  ) );
#941 = PCURVE('',#942,#947);
#942 = CYLINDRICAL_SURFACE('',#943,17.);
#943 = AXIS2_PLACEMENT_3D('',#944,#945,#946);
#944 = CARTESIAN_POINT('',(-92.217,0.,47.5255));
#945 = DIRECTION('',(-1.,0.,0.));
#946 = DIRECTION('',(0.,0.,-1.));
#947 = DEFINITIONAL_REPRESENTATION('',(#948),#955);
#948 = B_SPLINE_CURVE_WITH_KNOTS('',5,(#949,#950,#951,#952,#953,#954),
  .UNSPECIFIED.,.F.,.F.,(6,6),(1.570796326887,1.747379908124),
  .PIECEWISE_BEZIER_KNOTS.);
#949 = CARTESIAN_POINT('',(2.252091315595,14.999999992113));
#950 = CARTESIAN_POINT('',(2.216774599347,11.984352087759));
#951 = CARTESIAN_POINT('',(2.1814578831,8.968704177258));
#952 = CARTESIAN_POINT('',(2.146141166852,5.960892399603));
#953 = CARTESIAN_POINT('',(2.110824450605,2.968752742755));
#954 = CARTESIAN_POINT('',(2.075507734358,-6.000000070117E-07));
#955 = ( GEOMETRIC_REPRESENTATION_CONTEXT(2) 
PARAMETRIC_REPRESENTATION_CONTEXT() REPRESENTATION_CONTEXT('2D SPACE',''
  ) );
#956 = FACE_BOUND('',#957,.F.);
#957 = EDGE_LOOP('',(#958,#1195));
#958 = ORIENTED_EDGE('',*,*,#959,.F.);
#959 = EDGE_CURVE('',#960,#962,#964,.T.);
#960 = VERTEX_POINT('',#961);
#961 = CARTESIAN_POINT('',(-31.52223866704,-17.70869554083,
    40.993412486028));
#962 = VERTEX_POINT('',#963);
#963 = CARTESIAN_POINT('',(-34.93152891412,-27.99501620637,
    38.747533504363));
#964 = SURFACE_CURVE('',#965,(#1038,#1114),.PCURVE_S1.);
#965 = B_SPLINE_CURVE_WITH_KNOTS('',8,(#966,#967,#968,#969,#970,#971,
    #972,#973,#974,#975,#976,#977,#978,#979,#980,#981,#982,#983,#984,
    #985,#986,#987,#988,#989,#990,#991,#992,#993,#994,#995,#996,#997,
    #998,#999,#1000,#1001,#1002,#1003,#1004,#1005,#1006,#1007,#1008,
    #1009,#1010,#1011,#1012,#1013,#1014,#1015,#1016,#1017,#1018,#1019,
    #1020,#1021,#1022,#1023,#1024,#1025,#1026,#1027,#1028,#1029,#1030,
    #1031,#1032,#1033,#1034,#1035,#1036,#1037),.UNSPECIFIED.,.F.,.F.,(9,
    7,7,7,7,7,7,7,7,7,9),(0.,8.59857387761E-02,0.240972543992,
    0.392469511407,0.477778568906,0.53063517432,0.56339165229,
    0.626320230558,0.772813549158,0.880981360338,1.),.UNSPECIFIED.);
#966 = CARTESIAN_POINT('',(-31.52223791447,-17.70869621947,
    40.993412263301));
#967 = CARTESIAN_POINT('',(-31.82141541109,-17.4389118798,
    41.081955325318));
#968 = CARTESIAN_POINT('',(-32.13102864873,-17.19217908153,
    41.172437564431));
#969 = CARTESIAN_POINT('',(-32.44860278131,-16.96663845134,
    41.265109017849));
#970 = CARTESIAN_POINT('',(-32.77229534893,-16.76053405607,
    41.360051494045));
#971 = CARTESIAN_POINT('',(-33.10078875114,-16.57224263197,
    41.457263422565));
#972 = CARTESIAN_POINT('',(-33.43320988879,-16.400295552,41.556723324908
    ));
#973 = CARTESIAN_POINT('',(-33.76907697425,-16.24339353118,
    41.658431906461));
#974 = CARTESIAN_POINT('',(-34.71966544764,-15.84269773002,
    41.949891314722));
#975 = CARTESIAN_POINT('',(-35.34177238206,-15.63025684837,
    42.144767276651));
#976 = CARTESIAN_POINT('',(-35.97017996794,-15.4580686527,
    42.346176433644));
#977 = CARTESIAN_POINT('',(-36.60232085103,-15.32212596227,
    42.552978869474));
#978 = CARTESIAN_POINT('',(-37.23706911215,-15.219398165,42.764172380526
    ));
#979 = CARTESIAN_POINT('',(-37.87435770318,-15.14786216354,
    42.978970768462));
#980 = CARTESIAN_POINT('',(-38.51475862511,-15.10659107777,
    43.196659968052));
#981 = CARTESIAN_POINT('',(-39.78866696415,-15.08542689453,
    43.631043755276));
#982 = CARTESIAN_POINT('',(-40.41373498478,-15.10430997655,
    43.844829980482));
#983 = CARTESIAN_POINT('',(-41.0388972405,-15.15141690836,
    44.058188653622));
#984 = CARTESIAN_POINT('',(-41.66845035428,-15.22785329539,
    44.271390912783));
#985 = CARTESIAN_POINT('',(-42.30493624771,-15.33663937136,
    44.483802385208));
#986 = CARTESIAN_POINT('',(-42.94795522227,-15.48240399573,
    44.693131395388));
#987 = CARTESIAN_POINT('',(-43.59305402656,-15.67108894853,
    44.894681023539));
#988 = CARTESIAN_POINT('',(-44.58964914337,-16.04401364629,
    45.185431501202));
#989 = CARTESIAN_POINT('',(-44.93744026097,-16.19087035868,
    45.282664656702));
#990 = CARTESIAN_POINT('',(-45.28410418493,-16.35446957449,
    45.374820963731));
#991 = CARTESIAN_POINT('',(-45.63575669084,-16.54052644084,
    45.462395747268));
#992 = CARTESIAN_POINT('',(-45.99350912344,-16.75539014444,
    45.543571627664));
#993 = CARTESIAN_POINT('',(-46.3532703171,-17.00575956476,
    45.613964544302));
#994 = CARTESIAN_POINT('',(-46.70571069758,-17.29854828689,
    45.666472895286));
#995 = CARTESIAN_POINT('',(-47.24021038728,-17.8523421842,
    45.706539002576));
#996 = CARTESIAN_POINT('',(-47.45883051734,-18.10663663337,
    45.71291190788));
#997 = CARTESIAN_POINT('',(-47.66768658344,-18.39474895268,
    45.702553872044));
#998 = CARTESIAN_POINT('',(-47.85007754623,-18.71005778865,
    45.670008045035));
#999 = CARTESIAN_POINT('',(-47.99489186958,-19.04460476648,
    45.612779727415));
#1000 = CARTESIAN_POINT('',(-48.09664234121,-19.38977012781,
    45.531478707726));
#1001 = CARTESIAN_POINT('',(-48.15532028354,-19.73571920632,
    45.429897895433));
#1002 = CARTESIAN_POINT('',(-48.18940158169,-20.27893288614,
    45.243698026117));
#1003 = CARTESIAN_POINT('',(-48.18774475764,-20.47885341238,
    45.168640524818));
#1004 = CARTESIAN_POINT('',(-48.17377009525,-20.67077372181,
    45.090935346879));
#1005 = CARTESIAN_POINT('',(-48.1495280488,-20.85479819589,
    45.011527751021));
#1006 = CARTESIAN_POINT('',(-48.11674324255,-21.03120494667,
    44.931141191994));
#1007 = CARTESIAN_POINT('',(-48.0768155685,-21.20043522685,
    44.850280520561));
#1008 = CARTESIAN_POINT('',(-48.03081981249,-21.36308430163,
    44.769237675609));
#1009 = CARTESIAN_POINT('',(-47.88092046382,-21.82114099492,
    44.532225758311));
#1010 = CARTESIAN_POINT('',(-47.76162720855,-22.10412263171,
    44.374300323302));
#1011 = CARTESIAN_POINT('',(-47.62738746195,-22.36956677833,
    44.216845572446));
#1012 = CARTESIAN_POINT('',(-47.48244441482,-22.61881376218,
    44.06138853825));
#1013 = CARTESIAN_POINT('',(-47.3295360369,-22.85377344484,
    43.908511812753));
#1014 = CARTESIAN_POINT('',(-47.16992505495,-23.0768485187,
    43.757936682572));
#1015 = CARTESIAN_POINT('',(-47.00344390172,-23.29082380769,
    43.60863886286));
#1016 = CARTESIAN_POINT('',(-46.4214246858,-23.98269299336,
    43.110640668783));
#1017 = CARTESIAN_POINT('',(-45.97416529257,-24.42726331628,
    42.76506964942));
#1018 = CARTESIAN_POINT('',(-45.5008842592,-24.83475356262,
    42.428768001021));
#1019 = CARTESIAN_POINT('',(-45.01012065457,-25.20874851192,
    42.104832132635));
#1020 = CARTESIAN_POINT('',(-44.50577913664,-25.55336378741,
    41.793926627639));
#1021 = CARTESIAN_POINT('',(-43.9879154869,-25.87267162728,
    41.495247852794));
#1022 = CARTESIAN_POINT('',(-43.45359903328,-26.17006760959,
    41.207526831552));
#1023 = CARTESIAN_POINT('',(-42.48789146858,-26.65210833683,
    40.725258704008));
#1024 = CARTESIAN_POINT('',(-42.06954038075,-26.84420054404,
    40.527724342458));
#1025 = CARTESIAN_POINT('',(-41.64306207242,-27.02387709863,
    40.337879441641));
#1026 = CARTESIAN_POINT('',(-41.20830991572,-27.19110726653,
    40.156164956613));
#1027 = CARTESIAN_POINT('',(-40.76506149488,-27.34556733176,
    39.983145856305));
#1028 = CARTESIAN_POINT('',(-40.31310972079,-27.48660766399,
    39.819546660399));
#1029 = CARTESIAN_POINT('',(-39.85233652312,-27.6132092231,
    39.666259959031));
#1030 = CARTESIAN_POINT('',(-38.86609717312,-27.84575665648,
    39.368157992116));
#1031 = CARTESIAN_POINT('',(-38.34033600042,-27.94798889359,
    39.226205994904));
#1032 = CARTESIAN_POINT('',(-37.80351315681,-28.02940618278,
    39.09907116287));
#1033 = CARTESIAN_POINT('',(-37.25413185283,-28.08764795849,
    38.988011453514));
#1034 = CARTESIAN_POINT('',(-36.6914577041,-28.11913046013,
    38.894903431222));
#1035 = CARTESIAN_POINT('',(-36.11564007112,-28.11891529747,
    38.822111780088));
#1036 = CARTESIAN_POINT('',(-35.52796388918,-28.08043934365,
    38.772214952113));
#1037 = CARTESIAN_POINT('',(-34.9315278879,-27.99501605939,
    38.747533461897));
#1038 = PCURVE('',#266,#1039);
#1039 = DEFINITIONAL_REPRESENTATION('',(#1040),#1113);
#1040 = B_SPLINE_CURVE_WITH_KNOTS('',8,(#1041,#1042,#1043,#1044,#1045,
    #1046,#1047,#1048,#1049,#1050,#1051,#1052,#1053,#1054,#1055,#1056,
    #1057,#1058,#1059,#1060,#1061,#1062,#1063,#1064,#1065,#1066,#1067,
    #1068,#1069,#1070,#1071,#1072,#1073,#1074,#1075,#1076,#1077,#1078,
    #1079,#1080,#1081,#1082,#1083,#1084,#1085,#1086,#1087,#1088,#1089,
    #1090,#1091,#1092,#1093,#1094,#1095,#1096,#1097,#1098,#1099,#1100,
    #1101,#1102,#1103,#1104,#1105,#1106,#1107,#1108,#1109,#1110,#1111,
    #1112),.UNSPECIFIED.,.F.,.F.,(9,7,7,7,7,7,7,7,7,7,9),(0.,
    8.59857387761E-02,0.240972543992,0.392469511407,0.477778568906,
    0.53063517432,0.56339165229,0.626320230558,0.772813549158,
    0.880981360338,1.),.UNSPECIFIED.);
#1041 = CARTESIAN_POINT('',(3.181405991478,13.384006008879));
#1042 = CARTESIAN_POINT('',(3.192390002987,13.751787491813));
#1043 = CARTESIAN_POINT('',(3.201913051515,14.124225566202));
#1044 = CARTESIAN_POINT('',(3.210113101907,14.499556984357));
#1045 = CARTESIAN_POINT('',(3.217113254689,14.87652766608));
#1046 = CARTESIAN_POINT('',(3.223022166448,15.254311563133));
#1047 = CARTESIAN_POINT('',(3.227934158119,15.632450012033));
#1048 = CARTESIAN_POINT('',(3.231929011205,16.010811575187));
#1049 = CARTESIAN_POINT('',(3.240735610316,17.072277740057));
#1050 = CARTESIAN_POINT('',(3.243629506472,17.756166743467));
#1051 = CARTESIAN_POINT('',(3.24409919564,18.438110134175));
#1052 = CARTESIAN_POINT('',(3.24241293191,19.116363780488));
#1053 = CARTESIAN_POINT('',(3.238766058971,19.790320483766));
#1054 = CARTESIAN_POINT('',(3.233282532781,20.460172412474));
#1055 = CARTESIAN_POINT('',(3.226014839459,21.126459094461));
#1056 = CARTESIAN_POINT('',(3.208077550454,22.437563576259));
#1057 = CARTESIAN_POINT('',(3.197604683925,23.074015463386));
#1058 = CARTESIAN_POINT('',(3.185526617593,23.703619267533));
#1059 = CARTESIAN_POINT('',(3.171723455969,24.330157967064));
#1060 = CARTESIAN_POINT('',(3.155992227,24.95506241823));
#1061 = CARTESIAN_POINT('',(3.138082949309,25.57616509589));
#1062 = CARTESIAN_POINT('',(3.117728420381,26.186521764037));
#1063 = CARTESIAN_POINT('',(3.081675229398,27.103668906916));
#1064 = CARTESIAN_POINT('',(3.068147595844,27.418443542475));
#1065 = CARTESIAN_POINT('',(3.053686828732,27.726628090548));
#1066 = CARTESIAN_POINT('',(3.037873875317,28.032640787117));
#1067 = CARTESIAN_POINT('',(3.020325977738,28.335436069379));
#1068 = CARTESIAN_POINT('',(3.000712003903,28.628314630746));
#1069 = CARTESIAN_POINT('',(2.97875296084,28.898877939927));
#1070 = CARTESIAN_POINT('',(2.939050850454,29.270959187071));
#1071 = CARTESIAN_POINT('',(2.921192055634,29.413466306135));
#1072 = CARTESIAN_POINT('',(2.9014905212,29.533819192738));
#1073 = CARTESIAN_POINT('',(2.880548552056,29.616564033327));
#1074 = CARTESIAN_POINT('',(2.85896079486,29.652614049148));
#1075 = CARTESIAN_POINT('',(2.837285239207,29.639161034606));
#1076 = CARTESIAN_POINT('',(2.816088781844,29.579697594642));
#1077 = CARTESIAN_POINT('',(2.783501062595,29.424756482222));
#1078 = CARTESIAN_POINT('',(2.771677754742,29.35267333823));
#1079 = CARTESIAN_POINT('',(2.76047357619,29.270353677586));
#1080 = CARTESIAN_POINT('',(2.749856734294,29.179947638903));
#1081 = CARTESIAN_POINT('',(2.739789794122,29.083196483715));
#1082 = CARTESIAN_POINT('',(2.730229925397,28.981437116909));
#1083 = CARTESIAN_POINT('',(2.721129217491,28.875605636527));
#1084 = CARTESIAN_POINT('',(2.695732692501,28.556137059419));
#1085 = CARTESIAN_POINT('',(2.680348530371,28.330699063825));
#1086 = CARTESIAN_POINT('',(2.66617247796,28.095824545817));
#1087 = CARTESIAN_POINT('',(2.653078090944,27.855564132919));
#1088 = CARTESIAN_POINT('',(2.640923064167,27.612159659366));
#1089 = CARTESIAN_POINT('',(2.62955258562,27.36611509258));
#1090 = CARTESIAN_POINT('',(2.618805559039,27.116299187285));
#1091 = CARTESIAN_POINT('',(2.584588236689,26.263619252556));
#1092 = CARTESIAN_POINT('',(2.563493293105,25.6404217027));
#1093 = CARTESIAN_POINT('',(2.544970705525,25.00488846646));
#1094 = CARTESIAN_POINT('',(2.528743047912,24.364963979945));
#1095 = CARTESIAN_POINT('',(2.514548270872,23.723460140025));
#1096 = CARTESIAN_POINT('',(2.502170443624,23.07920712274));
#1097 = CARTESIAN_POINT('',(2.491478024182,22.4283011511));
#1098 = CARTESIAN_POINT('',(2.475820541587,21.276482325903));
#1099 = CARTESIAN_POINT('',(2.470143992284,20.784930062262));
#1100 = CARTESIAN_POINT('',(2.46544105991,20.291152685548));
#1101 = CARTESIAN_POINT('',(2.461730012025,19.795153344669));
#1102 = CARTESIAN_POINT('',(2.459048037899,19.296972744097));
#1103 = CARTESIAN_POINT('',(2.457451620979,18.796791826694));
#1104 = CARTESIAN_POINT('',(2.457017009677,18.295012872928));
#1105 = CARTESIAN_POINT('',(2.458747200258,17.239197544254));
#1106 = CARTESIAN_POINT('',(2.461174394544,16.686636233001));
#1107 = CARTESIAN_POINT('',(2.46523878497,16.13328559647));
#1108 = CARTESIAN_POINT('',(2.471117487978,15.578706612777));
#1109 = CARTESIAN_POINT('',(2.479045832018,15.023643614196));
#1110 = CARTESIAN_POINT('',(2.489315414063,14.470129258823));
#1111 = CARTESIAN_POINT('',(2.502274571759,13.921700692436));
#1112 = CARTESIAN_POINT('',(2.518333141499,13.384006008879));
#1113 = ( GEOMETRIC_REPRESENTATION_CONTEXT(2) 
PARAMETRIC_REPRESENTATION_CONTEXT() REPRESENTATION_CONTEXT('2D SPACE',''
  ) );
#1114 = PCURVE('',#1115,#1120);
#1115 = CYLINDRICAL_SURFACE('',#1116,6.5);
#1116 = AXIS2_PLACEMENT_3D('',#1117,#1118,#1119);
#1117 = CARTESIAN_POINT('',(-35.8740288104,-21.59375,38.126659200952));
#1118 = DIRECTION('',(-0.550116416595,0.,0.835087976319));
#1119 = DIRECTION('',(0.835087976319,0.,0.550116416595));
#1120 = DEFINITIONAL_REPRESENTATION('',(#1121),#1194);
#1121 = B_SPLINE_CURVE_WITH_KNOTS('',8,(#1122,#1123,#1124,#1125,#1126,
    #1127,#1128,#1129,#1130,#1131,#1132,#1133,#1134,#1135,#1136,#1137,
    #1138,#1139,#1140,#1141,#1142,#1143,#1144,#1145,#1146,#1147,#1148,
    #1149,#1150,#1151,#1152,#1153,#1154,#1155,#1156,#1157,#1158,#1159,
    #1160,#1161,#1162,#1163,#1164,#1165,#1166,#1167,#1168,#1169,#1170,
    #1171,#1172,#1173,#1174,#1175,#1176,#1177,#1178,#1179,#1180,#1181,
    #1182,#1183,#1184,#1185,#1186,#1187,#1188,#1189,#1190,#1191,#1192,
    #1193),.UNSPECIFIED.,.F.,.F.,(9,7,7,7,7,7,7,7,7,7,9),(0.,
    8.59857387761E-02,0.240972543992,0.392469511407,0.477778568906,
    0.53063517432,0.56339165229,0.626320230558,0.772813549158,
    0.880981360338,1.),.UNSPECIFIED.);
#1122 = CARTESIAN_POINT('',(0.640629923261,-6.E-07));
#1123 = CARTESIAN_POINT('',(0.692400258907,0.238523098843));
#1124 = CARTESIAN_POINT('',(0.742030837024,0.484407053617));
#1125 = CARTESIAN_POINT('',(0.789758837303,0.736498613938));
#1126 = CARTESIAN_POINT('',(0.835794892358,0.993852529626));
#1127 = CARTESIAN_POINT('',(0.880333282369,1.255742655588));
#1128 = CARTESIAN_POINT('',(0.92355968813,1.521670749206));
#1129 = CARTESIAN_POINT('',(0.965656502501,1.791372360255));
#1130 = CARTESIAN_POINT('',(1.080975938155,2.557700932313));
#1131 = CARTESIAN_POINT('',(1.152055643342,3.062670742496));
#1132 = CARTESIAN_POINT('',(1.220663096655,3.576562437132));
#1133 = CARTESIAN_POINT('',(1.287336489246,4.097011742151));
#1134 = CARTESIAN_POINT('',(1.352594495504,4.622562342757));
#1135 = CARTESIAN_POINT('',(1.416955942154,5.152520809892));
#1136 = CARTESIAN_POINT('',(1.480949480185,5.686605503398));
#1137 = CARTESIAN_POINT('',(1.607893380617,6.750152071761));
#1138 = CARTESIAN_POINT('',(1.670010587699,7.272542557569));
#1139 = CARTESIAN_POINT('',(1.732441334055,7.794627840059));
#1140 = CARTESIAN_POINT('',(1.796054569756,8.318997986218));
#1141 = CARTESIAN_POINT('',(1.861646423329,8.846521591777));
#1142 = CARTESIAN_POINT('',(1.929933932386,9.375065025363));
#1143 = CARTESIAN_POINT('',(2.001573889348,9.898256139029));
#1144 = CARTESIAN_POINT('',(2.119851210189,10.689301701494));
#1145 = CARTESIAN_POINT('',(2.162688095739,10.961825543888));
#1146 = CARTESIAN_POINT('',(2.207141359496,11.22948968344));
#1147 = CARTESIAN_POINT('',(2.25441151618,11.49607214864));
#1148 = CARTESIAN_POINT('',(2.305438554239,11.760666636574));
#1149 = CARTESIAN_POINT('',(2.3609448602,12.017361453563));
#1150 = CARTESIAN_POINT('',(2.421536757802,12.2550937853));
#1151 = CARTESIAN_POINT('',(2.528869057937,12.582589563724));
#1152 = CARTESIAN_POINT('',(2.576678348765,12.708178022864));
#1153 = CARTESIAN_POINT('',(2.628820760583,12.814423302342));
#1154 = CARTESIAN_POINT('',(2.683717011744,12.887580936404));
#1155 = CARTESIAN_POINT('',(2.740019581237,12.919454993079));
#1156 = CARTESIAN_POINT('',(2.79654587999,12.907536093918));
#1157 = CARTESIAN_POINT('',(2.852067853993,12.854986878314));
#1158 = CARTESIAN_POINT('',(2.938031097155,12.71824228787));
#1159 = CARTESIAN_POINT('',(2.969370522584,12.65465122489));
#1160 = CARTESIAN_POINT('',(2.999249312483,12.582072873903));
#1161 = CARTESIAN_POINT('',(3.027758957415,12.502424597649));
#1162 = CARTESIAN_POINT('',(3.054997121265,12.417259288614));
#1163 = CARTESIAN_POINT('',(3.081071693789,12.327768645171));
#1164 = CARTESIAN_POINT('',(3.106103821097,12.234787719308));
#1165 = CARTESIAN_POINT('',(3.176578631121,11.954399824392));
#1166 = CARTESIAN_POINT('',(3.220089331994,11.756893014347));
#1167 = CARTESIAN_POINT('',(3.261031011404,11.551556956726));
#1168 = CARTESIAN_POINT('',(3.299689592462,11.342001106939));
#1169 = CARTESIAN_POINT('',(3.336395292046,11.130218182691));
#1170 = CARTESIAN_POINT('',(3.371539101397,10.916670080501));
#1171 = CARTESIAN_POINT('',(3.405578381936,10.700409250925));
#1172 = CARTESIAN_POINT('',(3.516908267537,9.964358621369));
#1173 = CARTESIAN_POINT('',(3.590569542623,9.429731683445));
#1174 = CARTESIAN_POINT('',(3.660705700775,8.888530554332));
#1175 = CARTESIAN_POINT('',(3.727993233874,8.34803848997));
#1176 = CARTESIAN_POINT('',(3.793166280303,7.810958492393));
#1177 = CARTESIAN_POINT('',(3.857048390385,7.276650143457));
#1178 = CARTESIAN_POINT('',(3.92055707763,6.742441525289));
#1179 = CARTESIAN_POINT('',(4.032050810135,5.808453625646));
#1180 = CARTESIAN_POINT('',(4.079358298144,5.413353254087));
#1181 = CARTESIAN_POINT('',(4.126822366737,5.020203341313));
#1182 = CARTESIAN_POINT('',(4.174643017613,4.629291461194));
#1183 = CARTESIAN_POINT('',(4.22301641542,4.240967057919));
#1184 = CARTESIAN_POINT('',(4.272138442504,3.85572124605));
#1185 = CARTESIAN_POINT('',(4.322209374406,3.47423446444));
#1186 = CARTESIAN_POINT('',(4.429809133448,2.682746639024));
#1187 = CARTESIAN_POINT('',(4.487412223038,2.27497438063));
#1188 = CARTESIAN_POINT('',(4.546747316279,1.873490551948));
#1189 = CARTESIAN_POINT('',(4.608295912209,1.478522249724));
#1190 = CARTESIAN_POINT('',(4.672542976646,1.091232573399));
#1191 = CARTESIAN_POINT('',(4.739995932603,0.713678407894));
#1192 = CARTESIAN_POINT('',(4.811220055486,0.348719851468));
#1193 = CARTESIAN_POINT('',(4.886908026562,-6.E-07));
#1194 = ( GEOMETRIC_REPRESENTATION_CONTEXT(2) 
PARAMETRIC_REPRESENTATION_CONTEXT() REPRESENTATION_CONTEXT('2D SPACE',''
  ) );
#1195 = ORIENTED_EDGE('',*,*,#1196,.F.);
#1196 = EDGE_CURVE('',#962,#960,#1197,.T.);
#1197 = SURFACE_CURVE('',#1198,(#1203,#1214),.PCURVE_S1.);
#1198 = ELLIPSE('',#1199,22.468771616085,17.);
#1199 = AXIS2_PLACEMENT_3D('',#1200,#1201,#1202);
#1200 = CARTESIAN_POINT('',(-49.71717145023,-15.0145339261,
    29.007452315691));
#1201 = DIRECTION('',(-0.550116416595,2.775557561563E-17,0.835087976319)
  );
#1202 = DIRECTION('',(-0.776188952296,0.368898519952,-0.511316528494));
#1203 = PCURVE('',#266,#1204);
#1204 = DEFINITIONAL_REPRESENTATION('',(#1205),#1213);
#1205 = B_SPLINE_CURVE_WITH_KNOTS('',6,(#1206,#1207,#1208,#1209,#1210,
    #1211,#1212),.UNSPECIFIED.,.F.,.F.,(7,7),(2.687552543381,
    3.693172697445),.PIECEWISE_BEZIER_KNOTS.);
#1206 = CARTESIAN_POINT('',(2.39582945628,14.072472668123));
#1207 = CARTESIAN_POINT('',(2.56343281529,12.992474732854));
#1208 = CARTESIAN_POINT('',(2.731036174301,12.357542973875));
#1209 = CARTESIAN_POINT('',(2.898639533312,12.22228400195));
#1210 = CARTESIAN_POINT('',(3.066242892322,12.603822712228));
#1211 = CARTESIAN_POINT('',(3.233846251333,13.472391672357));
#1212 = CARTESIAN_POINT('',(3.401449610343,14.762759577532));
#1213 = ( GEOMETRIC_REPRESENTATION_CONTEXT(2) 
PARAMETRIC_REPRESENTATION_CONTEXT() REPRESENTATION_CONTEXT('2D SPACE',''
  ) );
#1214 = PCURVE('',#1215,#1220);
#1215 = PLANE('',#1216);
#1216 = AXIS2_PLACEMENT_3D('',#1217,#1218,#1219);
#1217 = CARTESIAN_POINT('',(-35.8740288104,-21.59375,38.126659200952));
#1218 = DIRECTION('',(-0.550116416595,0.,0.835087976319));
#1219 = DIRECTION('',(0.835087976319,0.,0.550116416595));
#1220 = DEFINITIONAL_REPRESENTATION('',(#1221),#1225);
#1221 = ELLIPSE('',#1222,22.468771616085,17.);
#1222 = AXIS2_PLACEMENT_2D('',#1223,#1224);
#1223 = CARTESIAN_POINT('',(-16.5768673869,6.579216073891));
#1224 = DIRECTION('',(-0.929469677815,0.368898519952));
#1225 = ( GEOMETRIC_REPRESENTATION_CONTEXT(2) 
PARAMETRIC_REPRESENTATION_CONTEXT() REPRESENTATION_CONTEXT('2D SPACE',''
  ) );
#1226 = ADVANCED_FACE('',(#1227),#1215,.T.);
#1227 = FACE_BOUND('',#1228,.T.);
#1228 = EDGE_LOOP('',(#1229,#1253,#1275));
#1229 = ORIENTED_EDGE('',*,*,#1230,.T.);
#1230 = EDGE_CURVE('',#962,#1231,#1233,.T.);
#1231 = VERTEX_POINT('',#1232);
#1232 = CARTESIAN_POINT('',(-30.44595696433,-21.59375,41.702415908823));
#1233 = SURFACE_CURVE('',#1234,(#1239,#1246),.PCURVE_S1.);
#1234 = CIRCLE('',#1235,6.5);
#1235 = AXIS2_PLACEMENT_3D('',#1236,#1237,#1238);
#1236 = CARTESIAN_POINT('',(-35.8740288104,-21.59375,38.126659200952));
#1237 = DIRECTION('',(-0.550116416595,0.,0.835087976319));
#1238 = DIRECTION('',(0.835087976319,0.,0.550116416595));
#1239 = PCURVE('',#1215,#1240);
#1240 = DEFINITIONAL_REPRESENTATION('',(#1241),#1245);
#1241 = CIRCLE('',#1242,6.5);
#1242 = AXIS2_PLACEMENT_2D('',#1243,#1244);
#1243 = CARTESIAN_POINT('',(0.,0.));
#1244 = DIRECTION('',(1.,0.));
#1245 = ( GEOMETRIC_REPRESENTATION_CONTEXT(2) 
PARAMETRIC_REPRESENTATION_CONTEXT() REPRESENTATION_CONTEXT('2D SPACE',''
  ) );
#1246 = PCURVE('',#1115,#1247);
#1247 = DEFINITIONAL_REPRESENTATION('',(#1248),#1252);
#1248 = LINE('',#1249,#1250);
#1249 = CARTESIAN_POINT('',(0.,0.));
#1250 = VECTOR('',#1251,1.);
#1251 = DIRECTION('',(1.,0.));
#1252 = ( GEOMETRIC_REPRESENTATION_CONTEXT(2) 
PARAMETRIC_REPRESENTATION_CONTEXT() REPRESENTATION_CONTEXT('2D SPACE',''
  ) );
#1253 = ORIENTED_EDGE('',*,*,#1254,.T.);
#1254 = EDGE_CURVE('',#1231,#960,#1255,.T.);
#1255 = SURFACE_CURVE('',#1256,(#1261,#1268),.PCURVE_S1.);
#1256 = CIRCLE('',#1257,6.5);
#1257 = AXIS2_PLACEMENT_3D('',#1258,#1259,#1260);
#1258 = CARTESIAN_POINT('',(-35.8740288104,-21.59375,38.126659200952));
#1259 = DIRECTION('',(-0.550116416595,0.,0.835087976319));
#1260 = DIRECTION('',(0.835087976319,0.,0.550116416595));
#1261 = PCURVE('',#1215,#1262);
#1262 = DEFINITIONAL_REPRESENTATION('',(#1263),#1267);
#1263 = CIRCLE('',#1264,6.5);
#1264 = AXIS2_PLACEMENT_2D('',#1265,#1266);
#1265 = CARTESIAN_POINT('',(0.,0.));
#1266 = DIRECTION('',(1.,0.));
#1267 = ( GEOMETRIC_REPRESENTATION_CONTEXT(2) 
PARAMETRIC_REPRESENTATION_CONTEXT() REPRESENTATION_CONTEXT('2D SPACE',''
  ) );
#1268 = PCURVE('',#1115,#1269);
#1269 = DEFINITIONAL_REPRESENTATION('',(#1270),#1274);
#1270 = LINE('',#1271,#1272);
#1271 = CARTESIAN_POINT('',(0.,0.));
#1272 = VECTOR('',#1273,1.);
#1273 = DIRECTION('',(1.,0.));
#1274 = ( GEOMETRIC_REPRESENTATION_CONTEXT(2) 
PARAMETRIC_REPRESENTATION_CONTEXT() REPRESENTATION_CONTEXT('2D SPACE',''
  ) );
#1275 = ORIENTED_EDGE('',*,*,#1196,.F.);
#1276 = ADVANCED_FACE('',(#1277),#1115,.F.);
#1277 = FACE_BOUND('',#1278,.F.);
#1278 = EDGE_LOOP('',(#1279,#1302,#1329,#1330,#1331,#1332));
#1279 = ORIENTED_EDGE('',*,*,#1280,.T.);
#1280 = EDGE_CURVE('',#1231,#1281,#1283,.T.);
#1281 = VERTEX_POINT('',#1282);
#1282 = CARTESIAN_POINT('',(-51.84548556989,-21.59375,74.187338187622));
#1283 = SEAM_CURVE('',#1284,(#1288,#1295),.PCURVE_S1.);
#1284 = LINE('',#1285,#1286);
#1285 = CARTESIAN_POINT('',(-30.44595696433,-21.59375,41.702415908823));
#1286 = VECTOR('',#1287,1.);
#1287 = DIRECTION('',(-0.550116416595,0.,0.835087976319));
#1288 = PCURVE('',#1115,#1289);
#1289 = DEFINITIONAL_REPRESENTATION('',(#1290),#1294);
#1290 = LINE('',#1291,#1292);
#1291 = CARTESIAN_POINT('',(6.28318530718,-0.));
#1292 = VECTOR('',#1293,1.);
#1293 = DIRECTION('',(0.,1.));
#1294 = ( GEOMETRIC_REPRESENTATION_CONTEXT(2) 
PARAMETRIC_REPRESENTATION_CONTEXT() REPRESENTATION_CONTEXT('2D SPACE',''
  ) );
#1295 = PCURVE('',#1115,#1296);
#1296 = DEFINITIONAL_REPRESENTATION('',(#1297),#1301);
#1297 = LINE('',#1298,#1299);
#1298 = CARTESIAN_POINT('',(0.,-0.));
#1299 = VECTOR('',#1300,1.);
#1300 = DIRECTION('',(0.,1.));
#1301 = ( GEOMETRIC_REPRESENTATION_CONTEXT(2) 
PARAMETRIC_REPRESENTATION_CONTEXT() REPRESENTATION_CONTEXT('2D SPACE',''
  ) );
#1302 = ORIENTED_EDGE('',*,*,#1303,.F.);
#1303 = EDGE_CURVE('',#1281,#1281,#1304,.T.);
#1304 = SURFACE_CURVE('',#1305,(#1310,#1317),.PCURVE_S1.);
#1305 = CIRCLE('',#1306,6.5);
#1306 = AXIS2_PLACEMENT_3D('',#1307,#1308,#1309);
#1307 = CARTESIAN_POINT('',(-57.27355741596,-21.59375,70.611581479751));
#1308 = DIRECTION('',(-0.550116416595,0.,0.835087976319));
#1309 = DIRECTION('',(0.835087976319,0.,0.550116416595));
#1310 = PCURVE('',#1115,#1311);
#1311 = DEFINITIONAL_REPRESENTATION('',(#1312),#1316);
#1312 = LINE('',#1313,#1314);
#1313 = CARTESIAN_POINT('',(0.,38.9));
#1314 = VECTOR('',#1315,1.);
#1315 = DIRECTION('',(1.,0.));
#1316 = ( GEOMETRIC_REPRESENTATION_CONTEXT(2) 
PARAMETRIC_REPRESENTATION_CONTEXT() REPRESENTATION_CONTEXT('2D SPACE',''
  ) );
#1317 = PCURVE('',#1318,#1323);
#1318 = PLANE('',#1319);
#1319 = AXIS2_PLACEMENT_3D('',#1320,#1321,#1322);
#1320 = CARTESIAN_POINT('',(-57.27355741596,-21.59375,70.611581479751));
#1321 = DIRECTION('',(-0.550116416595,0.,0.835087976319));
#1322 = DIRECTION('',(0.835087976319,0.,0.550116416595));
#1323 = DEFINITIONAL_REPRESENTATION('',(#1324),#1328);
#1324 = CIRCLE('',#1325,6.5);
#1325 = AXIS2_PLACEMENT_2D('',#1326,#1327);
#1326 = CARTESIAN_POINT('',(0.,0.));
#1327 = DIRECTION('',(1.,0.));
#1328 = ( GEOMETRIC_REPRESENTATION_CONTEXT(2) 
PARAMETRIC_REPRESENTATION_CONTEXT() REPRESENTATION_CONTEXT('2D SPACE',''
  ) );
#1329 = ORIENTED_EDGE('',*,*,#1280,.F.);
#1330 = ORIENTED_EDGE('',*,*,#1254,.T.);
#1331 = ORIENTED_EDGE('',*,*,#959,.T.);
#1332 = ORIENTED_EDGE('',*,*,#1230,.T.);
#1333 = ADVANCED_FACE('',(#1334,#1365),#1318,.T.);
#1334 = FACE_BOUND('',#1335,.T.);
#1335 = EDGE_LOOP('',(#1336));
#1336 = ORIENTED_EDGE('',*,*,#1337,.T.);
#1337 = EDGE_CURVE('',#1338,#1338,#1340,.T.);
#1338 = VERTEX_POINT('',#1339);
#1339 = CARTESIAN_POINT('',(-43.91214979486,-21.59375,79.413444145279));
#1340 = SURFACE_CURVE('',#1341,(#1346,#1353),.PCURVE_S1.);
#1341 = CIRCLE('',#1342,16.);
#1342 = AXIS2_PLACEMENT_3D('',#1343,#1344,#1345);
#1343 = CARTESIAN_POINT('',(-57.27355741596,-21.59375,70.611581479751));
#1344 = DIRECTION('',(-0.550116416595,0.,0.835087976319));
#1345 = DIRECTION('',(0.835087976319,0.,0.550116416595));
#1346 = PCURVE('',#1318,#1347);
#1347 = DEFINITIONAL_REPRESENTATION('',(#1348),#1352);
#1348 = CIRCLE('',#1349,16.);
#1349 = AXIS2_PLACEMENT_2D('',#1350,#1351);
#1350 = CARTESIAN_POINT('',(0.,0.));
#1351 = DIRECTION('',(1.,0.));
#1352 = ( GEOMETRIC_REPRESENTATION_CONTEXT(2) 
PARAMETRIC_REPRESENTATION_CONTEXT() REPRESENTATION_CONTEXT('2D SPACE',''
  ) );
#1353 = PCURVE('',#1354,#1359);
#1354 = CYLINDRICAL_SURFACE('',#1355,16.);
#1355 = AXIS2_PLACEMENT_3D('',#1356,#1357,#1358);
#1356 = CARTESIAN_POINT('',(-57.27355741596,-21.59375,70.611581479751));
#1357 = DIRECTION('',(-0.550116416595,0.,0.835087976319));
#1358 = DIRECTION('',(0.835087976319,0.,0.550116416595));
#1359 = DEFINITIONAL_REPRESENTATION('',(#1360),#1364);
#1360 = LINE('',#1361,#1362);
#1361 = CARTESIAN_POINT('',(0.,0.));
#1362 = VECTOR('',#1363,1.);
#1363 = DIRECTION('',(1.,0.));
#1364 = ( GEOMETRIC_REPRESENTATION_CONTEXT(2) 
PARAMETRIC_REPRESENTATION_CONTEXT() REPRESENTATION_CONTEXT('2D SPACE',''
  ) );
#1365 = FACE_BOUND('',#1366,.T.);
#1366 = EDGE_LOOP('',(#1367));
#1367 = ORIENTED_EDGE('',*,*,#1303,.F.);
#1368 = ADVANCED_FACE('',(#1369),#1354,.F.);
#1369 = FACE_BOUND('',#1370,.F.);
#1370 = EDGE_LOOP('',(#1371,#1402,#1437,#1458,#1459,#1460));
#1371 = ORIENTED_EDGE('',*,*,#1372,.F.);
#1372 = EDGE_CURVE('',#1373,#1375,#1377,.T.);
#1373 = VERTEX_POINT('',#1374);
#1374 = CARTESIAN_POINT('',(-78.59826940243,-8.425973156495,86.461));
#1375 = VERTEX_POINT('',#1376);
#1376 = CARTESIAN_POINT('',(-78.59826940243,-34.7615268435,86.461));
#1377 = SURFACE_CURVE('',#1378,(#1383,#1390),.PCURVE_S1.);
#1378 = CIRCLE('',#1379,16.);
#1379 = AXIS2_PLACEMENT_3D('',#1380,#1381,#1382);
#1380 = CARTESIAN_POINT('',(-71.00816709747,-21.59375,91.461));
#1381 = DIRECTION('',(-0.550116416595,0.,0.835087976319));
#1382 = DIRECTION('',(0.835087976319,0.,0.550116416595));
#1383 = PCURVE('',#1354,#1384);
#1384 = DEFINITIONAL_REPRESENTATION('',(#1385),#1389);
#1385 = LINE('',#1386,#1387);
#1386 = CARTESIAN_POINT('',(0.,24.966732980827));
#1387 = VECTOR('',#1388,1.);
#1388 = DIRECTION('',(1.,0.));
#1389 = ( GEOMETRIC_REPRESENTATION_CONTEXT(2) 
PARAMETRIC_REPRESENTATION_CONTEXT() REPRESENTATION_CONTEXT('2D SPACE',''
  ) );
#1390 = PCURVE('',#1391,#1396);
#1391 = PLANE('',#1392);
#1392 = AXIS2_PLACEMENT_3D('',#1393,#1394,#1395);
#1393 = CARTESIAN_POINT('',(-71.00816709747,-21.59375,91.461));
#1394 = DIRECTION('',(-0.550116416595,0.,0.835087976319));
#1395 = DIRECTION('',(0.835087976319,0.,0.550116416595));
#1396 = DEFINITIONAL_REPRESENTATION('',(#1397),#1401);
#1397 = CIRCLE('',#1398,16.);
#1398 = AXIS2_PLACEMENT_2D('',#1399,#1400);
#1399 = CARTESIAN_POINT('',(0.,0.));
#1400 = DIRECTION('',(1.,0.));
#1401 = ( GEOMETRIC_REPRESENTATION_CONTEXT(2) 
PARAMETRIC_REPRESENTATION_CONTEXT() REPRESENTATION_CONTEXT('2D SPACE',''
  ) );
#1402 = ORIENTED_EDGE('',*,*,#1403,.F.);
#1403 = EDGE_CURVE('',#1404,#1373,#1406,.T.);
#1404 = VERTEX_POINT('',#1405);
#1405 = CARTESIAN_POINT('',(-48.55474588354,-21.59375,86.461));
#1406 = SURFACE_CURVE('',#1407,(#1412,#1430),.PCURVE_S1.);
#1407 = ELLIPSE('',#1408,19.159657968651,16.);
#1408 = AXIS2_PLACEMENT_3D('',#1409,#1410,#1411);
#1409 = CARTESIAN_POINT('',(-67.71440385219,-21.59375,86.461));
#1410 = DIRECTION('',(0.,0.,1.));
#1411 = DIRECTION('',(-1.,0.,0.));
#1412 = PCURVE('',#1354,#1413);
#1413 = DEFINITIONAL_REPRESENTATION('',(#1414),#1429);
#1414 = B_SPLINE_CURVE_WITH_KNOTS('',7,(#1415,#1416,#1417,#1418,#1419,
    #1420,#1421,#1422,#1423,#1424,#1425,#1426,#1427,#1428),
  .UNSPECIFIED.,.F.,.F.,(8,6,8),(3.14159265359,4.229065143455,
    5.31653763332),.UNSPECIFIED.);
#1415 = CARTESIAN_POINT('',(0.,8.439297480714));
#1416 = CARTESIAN_POINT('',(0.155353212838,8.439297480714));
#1417 = CARTESIAN_POINT('',(0.310706425676,8.736074737576));
#1418 = CARTESIAN_POINT('',(0.466059638514,9.329623689199));
#1419 = CARTESIAN_POINT('',(0.621412851351,10.202418093811));
#1420 = CARTESIAN_POINT('',(0.77676606419,11.319299722542));
#1421 = CARTESIAN_POINT('',(0.932119277027,12.631249961177));
#1422 = CARTESIAN_POINT('',(1.242825702703,15.530990626962));
#1423 = CARTESIAN_POINT('',(1.398178915541,17.118780395434));
#1424 = CARTESIAN_POINT('',(1.553532128379,18.787335914149));
#1425 = CARTESIAN_POINT('',(1.708885341217,20.471348808869));
#1426 = CARTESIAN_POINT('',(1.864238554055,22.102983045769));
#1427 = CARTESIAN_POINT('',(2.019591766893,23.619152047197));
#1428 = CARTESIAN_POINT('',(2.174944979731,24.966733580827));
#1429 = ( GEOMETRIC_REPRESENTATION_CONTEXT(2) 
PARAMETRIC_REPRESENTATION_CONTEXT() REPRESENTATION_CONTEXT('2D SPACE',''
  ) );
#1430 = PCURVE('',#126,#1431);
#1431 = DEFINITIONAL_REPRESENTATION('',(#1432),#1436);
#1432 = ELLIPSE('',#1433,19.159657968651,16.);
#1433 = AXIS2_PLACEMENT_2D('',#1434,#1435);
#1434 = CARTESIAN_POINT('',(39.502596147807,43.40625));
#1435 = DIRECTION('',(-1.,0.));
#1436 = ( GEOMETRIC_REPRESENTATION_CONTEXT(2) 
PARAMETRIC_REPRESENTATION_CONTEXT() REPRESENTATION_CONTEXT('2D SPACE',''
  ) );
#1437 = ORIENTED_EDGE('',*,*,#1438,.F.);
#1438 = EDGE_CURVE('',#1338,#1404,#1439,.T.);
#1439 = SEAM_CURVE('',#1440,(#1444,#1451),.PCURVE_S1.);
#1440 = LINE('',#1441,#1442);
#1441 = CARTESIAN_POINT('',(-43.91214979486,-21.59375,79.413444145279));
#1442 = VECTOR('',#1443,1.);
#1443 = DIRECTION('',(-0.550116416595,0.,0.835087976319));
#1444 = PCURVE('',#1354,#1445);
#1445 = DEFINITIONAL_REPRESENTATION('',(#1446),#1450);
#1446 = LINE('',#1447,#1448);
#1447 = CARTESIAN_POINT('',(6.28318530718,-0.));
#1448 = VECTOR('',#1449,1.);
#1449 = DIRECTION('',(0.,1.));
#1450 = ( GEOMETRIC_REPRESENTATION_CONTEXT(2) 
PARAMETRIC_REPRESENTATION_CONTEXT() REPRESENTATION_CONTEXT('2D SPACE',''
  ) );
#1451 = PCURVE('',#1354,#1452);
#1452 = DEFINITIONAL_REPRESENTATION('',(#1453),#1457);
#1453 = LINE('',#1454,#1455);
#1454 = CARTESIAN_POINT('',(0.,-0.));
#1455 = VECTOR('',#1456,1.);
#1456 = DIRECTION('',(0.,1.));
#1457 = ( GEOMETRIC_REPRESENTATION_CONTEXT(2) 
PARAMETRIC_REPRESENTATION_CONTEXT() REPRESENTATION_CONTEXT('2D SPACE',''
  ) );
#1458 = ORIENTED_EDGE('',*,*,#1337,.T.);
#1459 = ORIENTED_EDGE('',*,*,#1438,.T.);
#1460 = ORIENTED_EDGE('',*,*,#1461,.F.);
#1461 = EDGE_CURVE('',#1375,#1404,#1462,.T.);
#1462 = SURFACE_CURVE('',#1463,(#1468,#1486),.PCURVE_S1.);
#1463 = ELLIPSE('',#1464,19.159657968651,16.);
#1464 = AXIS2_PLACEMENT_3D('',#1465,#1466,#1467);
#1465 = CARTESIAN_POINT('',(-67.71440385219,-21.59375,86.461));
#1466 = DIRECTION('',(0.,0.,1.));
#1467 = DIRECTION('',(-1.,0.,0.));
#1468 = PCURVE('',#1354,#1469);
#1469 = DEFINITIONAL_REPRESENTATION('',(#1470),#1485);
#1470 = B_SPLINE_CURVE_WITH_KNOTS('',7,(#1471,#1472,#1473,#1474,#1475,
    #1476,#1477,#1478,#1479,#1480,#1481,#1482,#1483,#1484),
  .UNSPECIFIED.,.F.,.F.,(8,6,8),(0.966647673859,2.054120163724,
    3.14159265359),.UNSPECIFIED.);
#1471 = CARTESIAN_POINT('',(4.108240327449,24.966733580827));
#1472 = CARTESIAN_POINT('',(4.263593540287,23.619152047197));
#1473 = CARTESIAN_POINT('',(4.418946753124,22.102983045771));
#1474 = CARTESIAN_POINT('',(4.574299965965,20.471348808846));
#1475 = CARTESIAN_POINT('',(4.729653178801,18.787335914161));
#1476 = CARTESIAN_POINT('',(4.885006391639,17.118780395425));
#1477 = CARTESIAN_POINT('',(5.040359604476,15.530990626962));
#1478 = CARTESIAN_POINT('',(5.351066030152,12.631249961177));
#1479 = CARTESIAN_POINT('',(5.50641924299,11.319299722545));
#1480 = CARTESIAN_POINT('',(5.661772455831,10.202418093805));
#1481 = CARTESIAN_POINT('',(5.817125668664,9.329623689204));
#1482 = CARTESIAN_POINT('',(5.972478881504,8.736074737575));
#1483 = CARTESIAN_POINT('',(6.127832094342,8.439297480714));
#1484 = CARTESIAN_POINT('',(6.28318530718,8.439297480714));
#1485 = ( GEOMETRIC_REPRESENTATION_CONTEXT(2) 
PARAMETRIC_REPRESENTATION_CONTEXT() REPRESENTATION_CONTEXT('2D SPACE',''
  ) );
#1486 = PCURVE('',#126,#1487);
#1487 = DEFINITIONAL_REPRESENTATION('',(#1488),#1492);
#1488 = ELLIPSE('',#1489,19.159657968651,16.);
#1489 = AXIS2_PLACEMENT_2D('',#1490,#1491);
#1490 = CARTESIAN_POINT('',(39.502596147807,43.40625));
#1491 = DIRECTION('',(-1.,0.));
#1492 = ( GEOMETRIC_REPRESENTATION_CONTEXT(2) 
PARAMETRIC_REPRESENTATION_CONTEXT() REPRESENTATION_CONTEXT('2D SPACE',''
  ) );
#1493 = ADVANCED_FACE('',(#1494),#1391,.F.);
#1494 = FACE_BOUND('',#1495,.F.);
#1495 = EDGE_LOOP('',(#1496,#1515));
#1496 = ORIENTED_EDGE('',*,*,#1497,.F.);
#1497 = EDGE_CURVE('',#1373,#1375,#1498,.T.);
#1498 = SURFACE_CURVE('',#1499,(#1503,#1509),.PCURVE_S1.);
#1499 = LINE('',#1500,#1501);
#1500 = CARTESIAN_POINT('',(-78.59826940243,-43.296875,86.461));
#1501 = VECTOR('',#1502,1.);
#1502 = DIRECTION('',(0.,-1.,0.));
#1503 = PCURVE('',#1391,#1504);
#1504 = DEFINITIONAL_REPRESENTATION('',(#1505),#1508);
#1505 = B_SPLINE_CURVE_WITH_KNOTS('',1,(#1506,#1507),.UNSPECIFIED.,.F.,
  .F.,(2,2),(-37.703125,-5.703125),.PIECEWISE_BEZIER_KNOTS.);
#1506 = CARTESIAN_POINT('',(-9.088985256873,16.));
#1507 = CARTESIAN_POINT('',(-9.088985256873,-16.));
#1508 = ( GEOMETRIC_REPRESENTATION_CONTEXT(2) 
PARAMETRIC_REPRESENTATION_CONTEXT() REPRESENTATION_CONTEXT('2D SPACE',''
  ) );
#1509 = PCURVE('',#126,#1510);
#1510 = DEFINITIONAL_REPRESENTATION('',(#1511),#1514);
#1511 = B_SPLINE_CURVE_WITH_KNOTS('',1,(#1512,#1513),.UNSPECIFIED.,.F.,
  .F.,(2,2),(-37.703125,-5.703125),.PIECEWISE_BEZIER_KNOTS.);
#1512 = CARTESIAN_POINT('',(28.61873059757,59.40625));
#1513 = CARTESIAN_POINT('',(28.61873059757,27.40625));
#1514 = ( GEOMETRIC_REPRESENTATION_CONTEXT(2) 
PARAMETRIC_REPRESENTATION_CONTEXT() REPRESENTATION_CONTEXT('2D SPACE',''
  ) );
#1515 = ORIENTED_EDGE('',*,*,#1372,.T.);
#1516 = ADVANCED_FACE('',(#1517),#679,.T.);
#1517 = FACE_BOUND('',#1518,.T.);
#1518 = EDGE_LOOP('',(#1519,#1520,#1541,#1575,#1610));
#1519 = ORIENTED_EDGE('',*,*,#662,.T.);
#1520 = ORIENTED_EDGE('',*,*,#1521,.T.);
#1521 = EDGE_CURVE('',#663,#1522,#1524,.T.);
#1522 = VERTEX_POINT('',#1523);
#1523 = CARTESIAN_POINT('',(-22.63637004521,-18.86034992401,
    24.529712630082));
#1524 = SURFACE_CURVE('',#1525,(#1529,#1535),.PCURVE_S1.);
#1525 = LINE('',#1526,#1527);
#1526 = CARTESIAN_POINT('',(-23.82528151433,-22.44746739656,
    23.746514050307));
#1527 = VECTOR('',#1528,1.);
#1528 = DIRECTION('',(-0.308062718494,-0.929469677815,-0.202937131884));
#1529 = PCURVE('',#679,#1530);
#1530 = DEFINITIONAL_REPRESENTATION('',(#1531),#1534);
#1531 = B_SPLINE_CURVE_WITH_KNOTS('',1,(#1532,#1533),.UNSPECIFIED.,.F.,
  .F.,(2,2),(-18.66843915723,16.83144023851),.PIECEWISE_BEZIER_KNOTS.);
#1532 = CARTESIAN_POINT('',(-8.298572064444,-17.));
#1533 = CARTESIAN_POINT('',(1.911297528871,17.));
#1534 = ( GEOMETRIC_REPRESENTATION_CONTEXT(2) 
PARAMETRIC_REPRESENTATION_CONTEXT() REPRESENTATION_CONTEXT('2D SPACE',''
  ) );
#1535 = PCURVE('',#650,#1536);
#1536 = DEFINITIONAL_REPRESENTATION('',(#1537),#1540);
#1537 = B_SPLINE_CURVE_WITH_KNOTS('',1,(#1538,#1539),.UNSPECIFIED.,.F.,
  .F.,(2,2),(-18.66843915723,16.83144023851),.PIECEWISE_BEZIER_KNOTS.);
#1538 = CARTESIAN_POINT('',(9.037769651177,16.498030732213));
#1539 = CARTESIAN_POINT('',(-4.058083316398,-16.49803073221));
#1540 = ( GEOMETRIC_REPRESENTATION_CONTEXT(2) 
PARAMETRIC_REPRESENTATION_CONTEXT() REPRESENTATION_CONTEXT('2D SPACE',''
  ) );
#1541 = ORIENTED_EDGE('',*,*,#1542,.F.);
#1542 = EDGE_CURVE('',#1543,#1522,#1545,.T.);
#1543 = VERTEX_POINT('',#1544);
#1544 = CARTESIAN_POINT('',(-22.75193327493,-21.59375,26.387136418229));
#1545 = SURFACE_CURVE('',#1546,(#1551,#1558),.PCURVE_S1.);
#1546 = ELLIPSE('',#1547,5.947616016023,4.5);
#1547 = AXIS2_PLACEMENT_3D('',#1548,#1549,#1550);
#1548 = CARTESIAN_POINT('',(-24.52133133276,-21.59375,20.89303214246));
#1549 = DIRECTION('',(-0.923748987993,0.241212206527,0.297497022851));
#1550 = DIRECTION('',(0.227563548612,-0.279110711807,0.932905162328));
#1551 = PCURVE('',#679,#1552);
#1552 = DEFINITIONAL_REPRESENTATION('',(#1553),#1557);
#1553 = ELLIPSE('',#1554,5.947616016023,4.5);
#1554 = AXIS2_PLACEMENT_2D('',#1555,#1556);
#1555 = CARTESIAN_POINT('',(-1.089079655255E-15,-8.156996544403E-16));
#1556 = DIRECTION('',(-0.957749732639,0.287602937449));
#1557 = ( GEOMETRIC_REPRESENTATION_CONTEXT(2) 
PARAMETRIC_REPRESENTATION_CONTEXT() REPRESENTATION_CONTEXT('2D SPACE',''
  ) );
#1558 = PCURVE('',#1559,#1564);
#1559 = CYLINDRICAL_SURFACE('',#1560,4.5);
#1560 = AXIS2_PLACEMENT_3D('',#1561,#1562,#1563);
#1561 = CARTESIAN_POINT('',(-20.1204,-21.59375,14.21232833191));
#1562 = DIRECTION('',(-0.550116416595,0.,0.835087976319));
#1563 = DIRECTION('',(0.835087976319,0.,0.550116416595));
#1564 = DEFINITIONAL_REPRESENTATION('',(#1565),#1574);
#1565 = B_SPLINE_CURVE_WITH_KNOTS('',7,(#1566,#1567,#1568,#1569,#1570,
    #1571,#1572,#1573),.UNSPECIFIED.,.F.,.F.,(8,8),(0.377823678678,
    1.03063522724),.PIECEWISE_BEZIER_KNOTS.);
#1566 = CARTESIAN_POINT('',(6.28318530718,11.614685502234));
#1567 = CARTESIAN_POINT('',(6.376444099831,11.480892933369));
#1568 = CARTESIAN_POINT('',(6.469702892483,11.310423047842));
#1569 = CARTESIAN_POINT('',(6.562961685135,11.105176716023));
#1570 = CARTESIAN_POINT('',(6.656220477787,10.86783543519));
#1571 = CARTESIAN_POINT('',(6.749479270438,10.601796096305));
#1572 = CARTESIAN_POINT('',(6.84273806309,10.311044784574));
#1573 = CARTESIAN_POINT('',(6.935996855742,9.999999999901));
#1574 = ( GEOMETRIC_REPRESENTATION_CONTEXT(2) 
PARAMETRIC_REPRESENTATION_CONTEXT() REPRESENTATION_CONTEXT('2D SPACE',''
  ) );
#1575 = ORIENTED_EDGE('',*,*,#1576,.F.);
#1576 = EDGE_CURVE('',#1577,#1543,#1579,.T.);
#1577 = VERTEX_POINT('',#1578);
#1578 = CARTESIAN_POINT('',(-25.01419298345,-26.03458486912,
    22.963315470531));
#1579 = SURFACE_CURVE('',#1580,(#1585,#1592),.PCURVE_S1.);
#1580 = ELLIPSE('',#1581,5.947616016023,4.5);
#1581 = AXIS2_PLACEMENT_3D('',#1582,#1583,#1584);
#1582 = CARTESIAN_POINT('',(-24.52133133276,-21.59375,20.89303214246));
#1583 = DIRECTION('',(-0.923748987993,0.241212206527,0.297497022851));
#1584 = DIRECTION('',(0.227563548612,-0.279110711807,0.932905162328));
#1585 = PCURVE('',#679,#1586);
#1586 = DEFINITIONAL_REPRESENTATION('',(#1587),#1591);
#1587 = ELLIPSE('',#1588,5.947616016023,4.5);
#1588 = AXIS2_PLACEMENT_2D('',#1589,#1590);
#1589 = CARTESIAN_POINT('',(-1.089079655255E-15,-8.156996544403E-16));
#1590 = DIRECTION('',(-0.957749732639,0.287602937449));
#1591 = ( GEOMETRIC_REPRESENTATION_CONTEXT(2) 
PARAMETRIC_REPRESENTATION_CONTEXT() REPRESENTATION_CONTEXT('2D SPACE',''
  ) );
#1592 = PCURVE('',#1559,#1593);
#1593 = DEFINITIONAL_REPRESENTATION('',(#1594),#1609);
#1594 = B_SPLINE_CURVE_WITH_KNOTS('',7,(#1595,#1596,#1597,#1598,#1599,
    #1600,#1601,#1602,#1603,#1604,#1605,#1606,#1607,#1608),
  .UNSPECIFIED.,.F.,.F.,(8,6,8),(5.252550079939,5.447867478126,
    6.661008985858),.UNSPECIFIED.);
#1595 = CARTESIAN_POINT('',(4.874726401261,10.000000000672));
#1596 = CARTESIAN_POINT('',(4.902628886717,10.093062782707));
#1597 = CARTESIAN_POINT('',(4.930531372172,10.184308951136));
#1598 = CARTESIAN_POINT('',(4.958433857627,10.27362016515));
#1599 = CARTESIAN_POINT('',(4.986336343083,10.360881549176));
#1600 = CARTESIAN_POINT('',(5.014238828538,10.445982068768));
#1601 = CARTESIAN_POINT('',(5.042141313993,10.528814883863));
#1602 = CARTESIAN_POINT('',(5.243349729124,11.109042403128));
#1603 = CARTESIAN_POINT('',(5.416655658801,11.517375381383));
#1604 = CARTESIAN_POINT('',(5.589961588476,11.809764933879));
#1605 = CARTESIAN_POINT('',(5.763267518153,11.968401367791));
#1606 = CARTESIAN_POINT('',(5.936573447828,11.985285870325));
#1607 = CARTESIAN_POINT('',(6.109879377504,11.863316702269));
#1608 = CARTESIAN_POINT('',(6.28318530718,11.614685502234));
#1609 = ( GEOMETRIC_REPRESENTATION_CONTEXT(2) 
PARAMETRIC_REPRESENTATION_CONTEXT() REPRESENTATION_CONTEXT('2D SPACE',''
  ) );
#1610 = ORIENTED_EDGE('',*,*,#1611,.T.);
#1611 = EDGE_CURVE('',#1577,#629,#1612,.T.);
#1612 = SURFACE_CURVE('',#1613,(#1617,#1623),.PCURVE_S1.);
#1613 = LINE('',#1614,#1615);
#1614 = CARTESIAN_POINT('',(-23.82528151433,-22.44746739656,
    23.746514050307));
#1615 = VECTOR('',#1616,1.);
#1616 = DIRECTION('',(-0.308062718494,-0.929469677815,-0.202937131884));
#1617 = PCURVE('',#679,#1618);
#1618 = DEFINITIONAL_REPRESENTATION('',(#1619),#1622);
#1619 = B_SPLINE_CURVE_WITH_KNOTS('',1,(#1620,#1621),.UNSPECIFIED.,.F.,
  .F.,(2,2),(-18.66843915723,16.83144023851),.PIECEWISE_BEZIER_KNOTS.);
#1620 = CARTESIAN_POINT('',(-8.298572064444,-17.));
#1621 = CARTESIAN_POINT('',(1.911297528871,17.));
#1622 = ( GEOMETRIC_REPRESENTATION_CONTEXT(2) 
PARAMETRIC_REPRESENTATION_CONTEXT() REPRESENTATION_CONTEXT('2D SPACE',''
  ) );
#1623 = PCURVE('',#650,#1624);
#1624 = DEFINITIONAL_REPRESENTATION('',(#1625),#1628);
#1625 = B_SPLINE_CURVE_WITH_KNOTS('',1,(#1626,#1627),.UNSPECIFIED.,.F.,
  .F.,(2,2),(-18.66843915723,16.83144023851),.PIECEWISE_BEZIER_KNOTS.);
#1626 = CARTESIAN_POINT('',(9.037769651177,16.498030732213));
#1627 = CARTESIAN_POINT('',(-4.058083316398,-16.49803073221));
#1628 = ( GEOMETRIC_REPRESENTATION_CONTEXT(2) 
PARAMETRIC_REPRESENTATION_CONTEXT() REPRESENTATION_CONTEXT('2D SPACE',''
  ) );
#1629 = ADVANCED_FACE('',(#1630),#1559,.F.);
#1630 = FACE_BOUND('',#1631,.F.);
#1631 = EDGE_LOOP('',(#1632,#1654,#1655));
#1632 = ORIENTED_EDGE('',*,*,#1633,.T.);
#1633 = EDGE_CURVE('',#1577,#1522,#1634,.T.);
#1634 = SURFACE_CURVE('',#1635,(#1640,#1647),.PCURVE_S1.);
#1635 = CIRCLE('',#1636,4.5);
#1636 = AXIS2_PLACEMENT_3D('',#1637,#1638,#1639);
#1637 = CARTESIAN_POINT('',(-25.62156416595,-21.59375,22.563208095097));
#1638 = DIRECTION('',(-0.550116416595,-6.661338147751E-16,0.835087976319
    ));
#1639 = DIRECTION('',(0.134971373889,-0.986852193138,8.891275009638E-02)
  );
#1640 = PCURVE('',#1559,#1641);
#1641 = DEFINITIONAL_REPRESENTATION('',(#1642),#1646);
#1642 = LINE('',#1643,#1644);
#1643 = CARTESIAN_POINT('',(4.874726401261,10.));
#1644 = VECTOR('',#1645,1.);
#1645 = DIRECTION('',(1.,0.));
#1646 = ( GEOMETRIC_REPRESENTATION_CONTEXT(2) 
PARAMETRIC_REPRESENTATION_CONTEXT() REPRESENTATION_CONTEXT('2D SPACE',''
  ) );
#1647 = PCURVE('',#650,#1648);
#1648 = DEFINITIONAL_REPRESENTATION('',(#1649),#1653);
#1649 = CIRCLE('',#1650,4.5);
#1650 = AXIS2_PLACEMENT_2D('',#1651,#1652);
#1651 = CARTESIAN_POINT('',(4.921234594641E-15,0.));
#1652 = DIRECTION('',(0.161625334955,-0.986852193138));
#1653 = ( GEOMETRIC_REPRESENTATION_CONTEXT(2) 
PARAMETRIC_REPRESENTATION_CONTEXT() REPRESENTATION_CONTEXT('2D SPACE',''
  ) );
#1654 = ORIENTED_EDGE('',*,*,#1542,.F.);
#1655 = ORIENTED_EDGE('',*,*,#1576,.F.);
#1656 = ADVANCED_FACE('',(#1657),#650,.F.);
#1657 = FACE_BOUND('',#1658,.F.);
#1658 = EDGE_LOOP('',(#1659,#1660,#1682,#1683,#1684,#1685));
#1659 = ORIENTED_EDGE('',*,*,#628,.F.);
#1660 = ORIENTED_EDGE('',*,*,#1661,.T.);
#1661 = EDGE_CURVE('',#599,#692,#1662,.T.);
#1662 = SURFACE_CURVE('',#1663,(#1668,#1675),.PCURVE_S1.);
#1663 = CIRCLE('',#1664,17.);
#1664 = AXIS2_PLACEMENT_3D('',#1665,#1666,#1667);
#1665 = CARTESIAN_POINT('',(-25.62156416595,-21.59375,22.563208095097));
#1666 = DIRECTION('',(-0.550116416595,2.775557561563E-17,0.835087976319)
  );
#1667 = DIRECTION('',(-0.341758388402,-0.912423024848,-0.225134243697));
#1668 = PCURVE('',#650,#1669);
#1669 = DEFINITIONAL_REPRESENTATION('',(#1670),#1674);
#1670 = CIRCLE('',#1671,17.);
#1671 = AXIS2_PLACEMENT_2D('',#1672,#1673);
#1672 = CARTESIAN_POINT('',(0.,0.));
#1673 = DIRECTION('',(-0.409248364356,-0.912423024848));
#1674 = ( GEOMETRIC_REPRESENTATION_CONTEXT(2) 
PARAMETRIC_REPRESENTATION_CONTEXT() REPRESENTATION_CONTEXT('2D SPACE',''
  ) );
#1675 = PCURVE('',#583,#1676);
#1676 = DEFINITIONAL_REPRESENTATION('',(#1677),#1681);
#1677 = LINE('',#1678,#1679);
#1678 = CARTESIAN_POINT('',(4.290758850322,10.));
#1679 = VECTOR('',#1680,1.);
#1680 = DIRECTION('',(1.,0.));
#1681 = ( GEOMETRIC_REPRESENTATION_CONTEXT(2) 
PARAMETRIC_REPRESENTATION_CONTEXT() REPRESENTATION_CONTEXT('2D SPACE',''
  ) );
#1682 = ORIENTED_EDGE('',*,*,#691,.F.);
#1683 = ORIENTED_EDGE('',*,*,#1521,.T.);
#1684 = ORIENTED_EDGE('',*,*,#1633,.F.);
#1685 = ORIENTED_EDGE('',*,*,#1611,.T.);
#1686 = ADVANCED_FACE('',(#1687),#583,.F.);
#1687 = FACE_BOUND('',#1688,.F.);
#1688 = EDGE_LOOP('',(#1689,#1690,#1691,#1692,#1714,#1715));
#1689 = ORIENTED_EDGE('',*,*,#1661,.F.);
#1690 = ORIENTED_EDGE('',*,*,#598,.T.);
#1691 = ORIENTED_EDGE('',*,*,#563,.F.);
#1692 = ORIENTED_EDGE('',*,*,#1693,.T.);
#1693 = EDGE_CURVE('',#530,#752,#1694,.T.);
#1694 = SURFACE_CURVE('',#1695,(#1700,#1707),.PCURVE_S1.);
#1695 = CIRCLE('',#1696,17.);
#1696 = AXIS2_PLACEMENT_3D('',#1697,#1698,#1699);
#1697 = CARTESIAN_POINT('',(-23.97121491616,-21.59375,20.057944166141));
#1698 = DIRECTION('',(-0.550116416595,-8.326672684689E-17,0.835087976319
    ));
#1699 = DIRECTION('',(-0.426851105971,-0.859494451808,-0.281189296812));
#1700 = PCURVE('',#583,#1701);
#1701 = DEFINITIONAL_REPRESENTATION('',(#1702),#1706);
#1702 = LINE('',#1703,#1704);
#1703 = CARTESIAN_POINT('',(4.175872451791,7.));
#1704 = VECTOR('',#1705,1.);
#1705 = DIRECTION('',(1.,0.));
#1706 = ( GEOMETRIC_REPRESENTATION_CONTEXT(2) 
PARAMETRIC_REPRESENTATION_CONTEXT() REPRESENTATION_CONTEXT('2D SPACE',''
  ) );
#1707 = PCURVE('',#551,#1708);
#1708 = DEFINITIONAL_REPRESENTATION('',(#1709),#1713);
#1709 = CIRCLE('',#1710,17.);
#1710 = AXIS2_PLACEMENT_2D('',#1711,#1712);
#1711 = CARTESIAN_POINT('',(-2.966828476469E-15,-43.1875));
#1712 = DIRECTION('',(-0.511145074622,-0.859494451808));
#1713 = ( GEOMETRIC_REPRESENTATION_CONTEXT(2) 
PARAMETRIC_REPRESENTATION_CONTEXT() REPRESENTATION_CONTEXT('2D SPACE',''
  ) );
#1714 = ORIENTED_EDGE('',*,*,#751,.F.);
#1715 = ORIENTED_EDGE('',*,*,#721,.T.);
#1716 = ADVANCED_FACE('',(#1717,#1785,#1879),#551,.F.);
#1717 = FACE_BOUND('',#1718,.F.);
#1718 = EDGE_LOOP('',(#1719,#1754));
#1719 = ORIENTED_EDGE('',*,*,#1720,.F.);
#1720 = EDGE_CURVE('',#1721,#1723,#1725,.T.);
#1721 = VERTEX_POINT('',#1722);
#1722 = CARTESIAN_POINT('',(-27.48553271727,-1.7763568394E-15,
    17.742878005033));
#1723 = VERTEX_POINT('',#1724);
#1724 = CARTESIAN_POINT('',(-20.45689711506,-1.7763568394E-15,
    22.373010327249));
#1725 = SURFACE_CURVE('',#1726,(#1731,#1742),.PCURVE_S1.);
#1726 = CIRCLE('',#1727,22.);
#1727 = AXIS2_PLACEMENT_3D('',#1728,#1729,#1730);
#1728 = CARTESIAN_POINT('',(-23.97121491616,21.59375,20.057944166141));
#1729 = DIRECTION('',(0.550116416595,1.387778780781E-17,-0.835087976319)
  );
#1730 = DIRECTION('',(-0.159741718232,-0.981534090909,-0.10523028005));
#1731 = PCURVE('',#551,#1732);
#1732 = DEFINITIONAL_REPRESENTATION('',(#1733),#1741);
#1733 = ( BOUNDED_CURVE() B_SPLINE_CURVE(2,(#1734,#1735,#1736,#1737,
#1738,#1739,#1740),.UNSPECIFIED.,.T.,.F.) B_SPLINE_CURVE_WITH_KNOTS((1,2
    ,2,2,2,1),(-2.094395102393,0.,2.094395102393,4.188790204786,
6.28318530718,8.377580409573),.UNSPECIFIED.) CURVE() 
GEOMETRIC_REPRESENTATION_ITEM() RATIONAL_B_SPLINE_CURVE((1.,0.5,1.,0.5,
1.,0.5,1.)) REPRESENTATION_ITEM('') );
#1734 = CARTESIAN_POINT('',(-4.208320441399,-21.59375));
#1735 = CARTESIAN_POINT('',(-41.60979256734,-14.30472518096));
#1736 = CARTESIAN_POINT('',(-16.59657584227,14.441387409517));
#1737 = CARTESIAN_POINT('',(8.416640882798,43.1875));
#1738 = CARTESIAN_POINT('',(20.80489628367,7.152362590483));
#1739 = CARTESIAN_POINT('',(33.193151684542,-28.88277481903));
#1740 = CARTESIAN_POINT('',(-4.208320441399,-21.59375));
#1741 = ( GEOMETRIC_REPRESENTATION_CONTEXT(2) 
PARAMETRIC_REPRESENTATION_CONTEXT() REPRESENTATION_CONTEXT('2D SPACE',''
  ) );
#1742 = PCURVE('',#1743,#1748);
#1743 = CYLINDRICAL_SURFACE('',#1744,22.);
#1744 = AXIS2_PLACEMENT_3D('',#1745,#1746,#1747);
#1745 = CARTESIAN_POINT('',(-19.5702835834,21.59375,13.377240355591));
#1746 = DIRECTION('',(-0.550116416595,0.,0.835087976319));
#1747 = DIRECTION('',(0.835087976319,0.,0.550116416595));
#1748 = DEFINITIONAL_REPRESENTATION('',(#1749),#1753);
#1749 = LINE('',#1750,#1751);
#1750 = CARTESIAN_POINT('',(10.803100797188,8.));
#1751 = VECTOR('',#1752,1.);
#1752 = DIRECTION('',(-1.,-0.));
#1753 = ( GEOMETRIC_REPRESENTATION_CONTEXT(2) 
PARAMETRIC_REPRESENTATION_CONTEXT() REPRESENTATION_CONTEXT('2D SPACE',''
  ) );
#1754 = ORIENTED_EDGE('',*,*,#1755,.F.);
#1755 = EDGE_CURVE('',#1723,#1721,#1756,.T.);
#1756 = SURFACE_CURVE('',#1757,(#1762,#1773),.PCURVE_S1.);
#1757 = CIRCLE('',#1758,22.);
#1758 = AXIS2_PLACEMENT_3D('',#1759,#1760,#1761);
#1759 = CARTESIAN_POINT('',(-23.97121491616,-21.59375,20.057944166141));
#1760 = DIRECTION('',(0.550116416595,6.938893903907E-17,-0.835087976319)
  );
#1761 = DIRECTION('',(0.159741718232,0.981534090909,0.10523028005));
#1762 = PCURVE('',#551,#1763);
#1763 = DEFINITIONAL_REPRESENTATION('',(#1764),#1772);
#1764 = ( BOUNDED_CURVE() B_SPLINE_CURVE(2,(#1765,#1766,#1767,#1768,
#1769,#1770,#1771),.UNSPECIFIED.,.T.,.F.) B_SPLINE_CURVE_WITH_KNOTS((1,2
    ,2,2,2,1),(-2.094395102393,0.,2.094395102393,4.188790204786,
6.28318530718,8.377580409573),.UNSPECIFIED.) CURVE() 
GEOMETRIC_REPRESENTATION_ITEM() RATIONAL_B_SPLINE_CURVE((1.,0.5,1.,0.5,
1.,0.5,1.)) REPRESENTATION_ITEM('') );
#1765 = CARTESIAN_POINT('',(4.208320441399,-21.59375));
#1766 = CARTESIAN_POINT('',(41.60979256734,-28.88277481903));
#1767 = CARTESIAN_POINT('',(16.596575842271,-57.62888740951));
#1768 = CARTESIAN_POINT('',(-8.416640882798,-86.375));
#1769 = CARTESIAN_POINT('',(-20.80489628367,-50.33986259048));
#1770 = CARTESIAN_POINT('',(-33.19315168454,-14.30472518096));
#1771 = CARTESIAN_POINT('',(4.208320441399,-21.59375));
#1772 = ( GEOMETRIC_REPRESENTATION_CONTEXT(2) 
PARAMETRIC_REPRESENTATION_CONTEXT() REPRESENTATION_CONTEXT('2D SPACE',''
  ) );
#1773 = PCURVE('',#1774,#1779);
#1774 = CYLINDRICAL_SURFACE('',#1775,22.);
#1775 = AXIS2_PLACEMENT_3D('',#1776,#1777,#1778);
#1776 = CARTESIAN_POINT('',(-19.5702835834,-21.59375,13.377240355591));
#1777 = DIRECTION('',(-0.550116416595,0.,0.835087976319));
#1778 = DIRECTION('',(0.835087976319,0.,0.550116416595));
#1779 = DEFINITIONAL_REPRESENTATION('',(#1780),#1784);
#1780 = LINE('',#1781,#1782);
#1781 = CARTESIAN_POINT('',(7.661508143598,8.));
#1782 = VECTOR('',#1783,1.);
#1783 = DIRECTION('',(-1.,-0.));
#1784 = ( GEOMETRIC_REPRESENTATION_CONTEXT(2) 
PARAMETRIC_REPRESENTATION_CONTEXT() REPRESENTATION_CONTEXT('2D SPACE',''
  ) );
#1785 = FACE_BOUND('',#1786,.F.);
#1786 = EDGE_LOOP('',(#1787,#1822,#1852));
#1787 = ORIENTED_EDGE('',*,*,#1788,.T.);
#1788 = EDGE_CURVE('',#1789,#1791,#1793,.T.);
#1789 = VERTEX_POINT('',#1790);
#1790 = CARTESIAN_POINT('',(-31.22768371768,36.205155680744,
    15.277726120345));
#1791 = VERTEX_POINT('',#1792);
#1792 = CARTESIAN_POINT('',(-20.8851619814,5.000275086915,
    22.090889712048));
#1793 = SURFACE_CURVE('',#1794,(#1799,#1810),.PCURVE_S1.);
#1794 = CIRCLE('',#1795,17.);
#1795 = AXIS2_PLACEMENT_3D('',#1796,#1797,#1798);
#1796 = CARTESIAN_POINT('',(-23.97121491616,21.59375,20.057944166141));
#1797 = DIRECTION('',(0.550116416595,0.,-0.835087976319));
#1798 = DIRECTION('',(-0.426851105971,0.859494451808,-0.281189296812));
#1799 = PCURVE('',#551,#1800);
#1800 = DEFINITIONAL_REPRESENTATION('',(#1801),#1809);
#1801 = ( BOUNDED_CURVE() B_SPLINE_CURVE(2,(#1802,#1803,#1804,#1805,
#1806,#1807,#1808),.UNSPECIFIED.,.T.,.F.) B_SPLINE_CURVE_WITH_KNOTS((1,2
    ,2,2,2,1),(-2.094395102393,0.,2.094395102393,4.188790204786,
6.28318530718,8.377580409573),.UNSPECIFIED.) CURVE() 
GEOMETRIC_REPRESENTATION_ITEM() RATIONAL_B_SPLINE_CURVE((1.,0.5,1.,0.5,
1.,0.5,1.)) REPRESENTATION_ITEM('') );
#1802 = CARTESIAN_POINT('',(-8.689466268576,14.611405680744));
#1803 = CARTESIAN_POINT('',(16.618230740474,29.662002748573));
#1804 = CARTESIAN_POINT('',(16.998581638813,0.219595693542));
#1805 = CARTESIAN_POINT('',(17.378932537151,-29.22281136148));
#1806 = CARTESIAN_POINT('',(-8.309115370237,-14.83100137428));
#1807 = CARTESIAN_POINT('',(-33.99716327762,-0.439191387084));
#1808 = CARTESIAN_POINT('',(-8.689466268576,14.611405680744));
#1809 = ( GEOMETRIC_REPRESENTATION_CONTEXT(2) 
PARAMETRIC_REPRESENTATION_CONTEXT() REPRESENTATION_CONTEXT('2D SPACE',''
  ) );
#1810 = PCURVE('',#1811,#1816);
#1811 = CYLINDRICAL_SURFACE('',#1812,17.);
#1812 = AXIS2_PLACEMENT_3D('',#1813,#1814,#1815);
#1813 = CARTESIAN_POINT('',(-20.1204,21.59375,14.21232833191));
#1814 = DIRECTION('',(-0.550116416595,0.,0.835087976319));
#1815 = DIRECTION('',(0.835087976319,0.,0.550116416595));
#1816 = DEFINITIONAL_REPRESENTATION('',(#1817),#1821);
#1817 = LINE('',#1818,#1819);
#1818 = CARTESIAN_POINT('',(8.390498162568,7.));
#1819 = VECTOR('',#1820,1.);
#1820 = DIRECTION('',(-1.,-0.));
#1821 = ( GEOMETRIC_REPRESENTATION_CONTEXT(2) 
PARAMETRIC_REPRESENTATION_CONTEXT() REPRESENTATION_CONTEXT('2D SPACE',''
  ) );
#1822 = ORIENTED_EDGE('',*,*,#1823,.F.);
#1823 = EDGE_CURVE('',#1824,#1791,#1826,.T.);
#1824 = VERTEX_POINT('',#1825);
#1825 = CARTESIAN_POINT('',(-41.50978201597,18.518470967961,
    8.504366628484));
#1826 = SURFACE_CURVE('',#1827,(#1832,#1839),.PCURVE_S1.);
#1827 = ELLIPSE('',#1828,22.468771616085,17.);
#1828 = AXIS2_PLACEMENT_3D('',#1829,#1830,#1831);
#1829 = CARTESIAN_POINT('',(-23.30041927148,21.912558351734,
    20.499832574054));
#1830 = DIRECTION('',(-0.550116416595,-2.775557561563E-17,0.835087976319
    ));
#1831 = DIRECTION('',(-0.776188952296,-0.368898519952,-0.511316528494));
#1832 = PCURVE('',#551,#1833);
#1833 = DEFINITIONAL_REPRESENTATION('',(#1834),#1838);
#1834 = ELLIPSE('',#1835,22.468771616085,17.);
#1835 = AXIS2_PLACEMENT_2D('',#1836,#1837);
#1836 = CARTESIAN_POINT('',(0.803263444941,0.318808351734));
#1837 = DIRECTION('',(-0.929469677815,-0.368898519952));
#1838 = ( GEOMETRIC_REPRESENTATION_CONTEXT(2) 
PARAMETRIC_REPRESENTATION_CONTEXT() REPRESENTATION_CONTEXT('2D SPACE',''
  ) );
#1839 = PCURVE('',#159,#1840);
#1840 = DEFINITIONAL_REPRESENTATION('',(#1841),#1851);
#1841 = B_SPLINE_CURVE_WITH_KNOTS('',8,(#1842,#1843,#1844,#1845,#1846,
    #1847,#1848,#1849,#1850),.UNSPECIFIED.,.F.,.F.,(9,9),(5.991462220078
    ,7.763897966267),.PIECEWISE_BEZIER_KNOTS.);
#1842 = CARTESIAN_POINT('',(0.,12.74926785968));
#1843 = CARTESIAN_POINT('',(0.221554468274,13.685418048415));
#1844 = CARTESIAN_POINT('',(0.443108936546,13.832203945423));
#1845 = CARTESIAN_POINT('',(0.664663404817,13.119615331641));
#1846 = CARTESIAN_POINT('',(0.886217873091,11.560239933977));
#1847 = CARTESIAN_POINT('',(1.107772341364,9.260503726786));
#1848 = CARTESIAN_POINT('',(1.32932680964,6.409477338615));
#1849 = CARTESIAN_POINT('',(1.550881277915,3.241810155481));
#1850 = CARTESIAN_POINT('',(1.772435746188,-6.000000034589E-07));
#1851 = ( GEOMETRIC_REPRESENTATION_CONTEXT(2) 
PARAMETRIC_REPRESENTATION_CONTEXT() REPRESENTATION_CONTEXT('2D SPACE',''
  ) );
#1852 = ORIENTED_EDGE('',*,*,#1853,.F.);
#1853 = EDGE_CURVE('',#1789,#1824,#1854,.T.);
#1854 = SURFACE_CURVE('',#1855,(#1860,#1867),.PCURVE_S1.);
#1855 = ELLIPSE('',#1856,22.468771616085,17.);
#1856 = AXIS2_PLACEMENT_3D('',#1857,#1858,#1859);
#1857 = CARTESIAN_POINT('',(-23.30041927148,21.912558351734,
    20.499832574054));
#1858 = DIRECTION('',(-0.550116416595,-2.775557561563E-17,0.835087976319
    ));
#1859 = DIRECTION('',(-0.776188952296,-0.368898519952,-0.511316528494));
#1860 = PCURVE('',#551,#1861);
#1861 = DEFINITIONAL_REPRESENTATION('',(#1862),#1866);
#1862 = ELLIPSE('',#1863,22.468771616085,17.);
#1863 = AXIS2_PLACEMENT_2D('',#1864,#1865);
#1864 = CARTESIAN_POINT('',(0.803263444941,0.318808351734));
#1865 = DIRECTION('',(-0.929469677815,-0.368898519952));
#1866 = ( GEOMETRIC_REPRESENTATION_CONTEXT(2) 
PARAMETRIC_REPRESENTATION_CONTEXT() REPRESENTATION_CONTEXT('2D SPACE',''
  ) );
#1867 = PCURVE('',#159,#1868);
#1868 = DEFINITIONAL_REPRESENTATION('',(#1869),#1878);
#1869 = B_SPLINE_CURVE_WITH_KNOTS('',7,(#1870,#1871,#1872,#1873,#1874,
    #1875,#1876,#1877),.UNSPECIFIED.,.F.,.F.,(8,8),(4.802472648092,
    5.991462220078),.PIECEWISE_BEZIER_KNOTS.);
#1870 = CARTESIAN_POINT('',(5.094195735194,-6.000000105644E-07));
#1871 = CARTESIAN_POINT('',(5.264051388335,2.485347077806));
#1872 = CARTESIAN_POINT('',(5.433907041475,4.926206047599));
#1873 = CARTESIAN_POINT('',(5.603762694616,7.205469204348));
#1874 = CARTESIAN_POINT('',(5.773618347758,9.209124147585));
#1875 = CARTESIAN_POINT('',(5.943474000898,10.840238985936));
#1876 = CARTESIAN_POINT('',(6.113329654039,12.031564429978));
#1877 = CARTESIAN_POINT('',(6.28318530718,12.74926785968));
#1878 = ( GEOMETRIC_REPRESENTATION_CONTEXT(2) 
PARAMETRIC_REPRESENTATION_CONTEXT() REPRESENTATION_CONTEXT('2D SPACE',''
  ) );
#1879 = FACE_BOUND('',#1880,.F.);
#1880 = EDGE_LOOP('',(#1881,#1882,#1883));
#1881 = ORIENTED_EDGE('',*,*,#1693,.F.);
#1882 = ORIENTED_EDGE('',*,*,#529,.F.);
#1883 = ORIENTED_EDGE('',*,*,#781,.F.);
#1884 = ADVANCED_FACE('',(#1885),#1811,.F.);
#1885 = FACE_BOUND('',#1886,.F.);
#1886 = EDGE_LOOP('',(#1887,#1918,#1948,#1976,#1977,#2007));
#1887 = ORIENTED_EDGE('',*,*,#1888,.F.);
#1888 = EDGE_CURVE('',#1889,#1891,#1893,.T.);
#1889 = VERTEX_POINT('',#1890);
#1890 = CARTESIAN_POINT('',(-20.96737269014,5.533289699179,
    25.629169059007));
#1891 = VERTEX_POINT('',#1892);
#1892 = CARTESIAN_POINT('',(-31.43145676878,37.104941422409,
    18.735925952248));
#1893 = SURFACE_CURVE('',#1894,(#1899,#1906),.PCURVE_S1.);
#1894 = CIRCLE('',#1895,17.);
#1895 = AXIS2_PLACEMENT_3D('',#1896,#1897,#1898);
#1896 = CARTESIAN_POINT('',(-25.62156416595,21.59375,22.563208095097));
#1897 = DIRECTION('',(-0.550116416595,-5.551115123126E-17,0.835087976319
    ));
#1898 = DIRECTION('',(0.273775969165,-0.944732958872,0.180350644936));
#1899 = PCURVE('',#1811,#1900);
#1900 = DEFINITIONAL_REPRESENTATION('',(#1901),#1905);
#1901 = LINE('',#1902,#1903);
#1902 = CARTESIAN_POINT('',(5.046406207678,10.));
#1903 = VECTOR('',#1904,1.);
#1904 = DIRECTION('',(1.,0.));
#1905 = ( GEOMETRIC_REPRESENTATION_CONTEXT(2) 
PARAMETRIC_REPRESENTATION_CONTEXT() REPRESENTATION_CONTEXT('2D SPACE',''
  ) );
#1906 = PCURVE('',#1907,#1912);
#1907 = PLANE('',#1908);
#1908 = AXIS2_PLACEMENT_3D('',#1909,#1910,#1911);
#1909 = CARTESIAN_POINT('',(-25.62156416595,21.59375,22.563208095097));
#1910 = DIRECTION('',(-0.550116416595,0.,0.835087976319));
#1911 = DIRECTION('',(0.835087976319,0.,0.550116416595));
#1912 = DEFINITIONAL_REPRESENTATION('',(#1913),#1917);
#1913 = CIRCLE('',#1914,17.);
#1914 = AXIS2_PLACEMENT_2D('',#1915,#1916);
#1915 = CARTESIAN_POINT('',(0.,0.));
#1916 = DIRECTION('',(0.327840870578,-0.944732958872));
#1917 = ( GEOMETRIC_REPRESENTATION_CONTEXT(2) 
PARAMETRIC_REPRESENTATION_CONTEXT() REPRESENTATION_CONTEXT('2D SPACE',''
  ) );
#1918 = ORIENTED_EDGE('',*,*,#1919,.T.);
#1919 = EDGE_CURVE('',#1889,#1920,#1922,.T.);
#1920 = VERTEX_POINT('',#1921);
#1921 = CARTESIAN_POINT('',(-19.28426511836,5.79276547715,24.34296338448
    ));
#1922 = SURFACE_CURVE('',#1923,(#1928,#1938),.PCURVE_S1.);
#1923 = ELLIPSE('',#1924,48.731377815444,17.);
#1924 = AXIS2_PLACEMENT_3D('',#1925,#1926,#1927);
#1925 = CARTESIAN_POINT('',(-24.52133133276,21.59375,20.89303214246));
#1926 = DIRECTION('',(0.535518529438,0.345723622646,0.770516113636));
#1927 = DIRECTION('',(-0.786331524296,-0.128690694175,0.604252794061));
#1928 = PCURVE('',#1811,#1929);
#1929 = DEFINITIONAL_REPRESENTATION('',(#1930),#1937);
#1930 = B_SPLINE_CURVE_WITH_KNOTS('',5,(#1931,#1932,#1933,#1934,#1935,
    #1936),.UNSPECIFIED.,.F.,.F.,(6,6),(1.526989875411,1.570796326795),
  .PIECEWISE_BEZIER_KNOTS.);
#1931 = CARTESIAN_POINT('',(5.046406207678,10.));
#1932 = CARTESIAN_POINT('',(5.055167497955,9.600255900098));
#1933 = CARTESIAN_POINT('',(5.063928788232,9.200319899677));
#1934 = CARTESIAN_POINT('',(5.072690078509,8.800255924654));
#1935 = CARTESIAN_POINT('',(5.081451368786,8.400127962327));
#1936 = CARTESIAN_POINT('',(5.090212659063,8.));
#1937 = ( GEOMETRIC_REPRESENTATION_CONTEXT(2) 
PARAMETRIC_REPRESENTATION_CONTEXT() REPRESENTATION_CONTEXT('2D SPACE',''
  ) );
#1938 = PCURVE('',#159,#1939);
#1939 = DEFINITIONAL_REPRESENTATION('',(#1940),#1947);
#1940 = B_SPLINE_CURVE_WITH_KNOTS('',5,(#1941,#1942,#1943,#1944,#1945,
    #1946),.UNSPECIFIED.,.F.,.F.,(6,6),(1.52698986226,1.570796333364),
  .PIECEWISE_BEZIER_KNOTS.);
#1941 = CARTESIAN_POINT('',(1.906325878431,2.0000006));
#1942 = CARTESIAN_POINT('',(1.89756458421,1.600256320386));
#1943 = CARTESIAN_POINT('',(1.888803289989,1.200320140023));
#1944 = CARTESIAN_POINT('',(1.880041995769,0.800255984913));
#1945 = CARTESIAN_POINT('',(1.871280701548,0.400127842442));
#1946 = CARTESIAN_POINT('',(1.862519407327,-3.000000070585E-07));
#1947 = ( GEOMETRIC_REPRESENTATION_CONTEXT(2) 
PARAMETRIC_REPRESENTATION_CONTEXT() REPRESENTATION_CONTEXT('2D SPACE',''
  ) );
#1948 = ORIENTED_EDGE('',*,*,#1949,.F.);
#1949 = EDGE_CURVE('',#1791,#1920,#1950,.T.);
#1950 = SURFACE_CURVE('',#1951,(#1956,#1966),.PCURVE_S1.);
#1951 = ELLIPSE('',#1952,18.139561280732,17.);
#1952 = AXIS2_PLACEMENT_3D('',#1953,#1954,#1955);
#1953 = CARTESIAN_POINT('',(-24.52133133276,21.59375,20.89303214246));
#1954 = DIRECTION('',(-0.786331524296,-0.128690694175,0.604252794061));
#1955 = DIRECTION('',(0.535518529438,0.345723622646,0.770516113636));
#1956 = PCURVE('',#1811,#1957);
#1957 = DEFINITIONAL_REPRESENTATION('',(#1958),#1965);
#1958 = B_SPLINE_CURVE_WITH_KNOTS('',5,(#1959,#1960,#1961,#1962,#1963,
    #1964),.UNSPECIFIED.,.F.,.F.,(6,6),(4.553696130469,4.712388980385),
  .PIECEWISE_BEZIER_KNOTS.);
#1959 = CARTESIAN_POINT('',(4.931519809147,7.));
#1960 = CARTESIAN_POINT('',(4.96325837913,7.198318279827));
#1961 = CARTESIAN_POINT('',(4.994996949113,7.397895730415));
#1962 = CARTESIAN_POINT('',(5.026735519096,7.598316159241));
#1963 = CARTESIAN_POINT('',(5.05847408908,7.799158079729));
#1964 = CARTESIAN_POINT('',(5.090212659063,8.));
#1965 = ( GEOMETRIC_REPRESENTATION_CONTEXT(2) 
PARAMETRIC_REPRESENTATION_CONTEXT() REPRESENTATION_CONTEXT('2D SPACE',''
  ) );
#1966 = PCURVE('',#159,#1967);
#1967 = DEFINITIONAL_REPRESENTATION('',(#1968),#1975);
#1968 = B_SPLINE_CURVE_WITH_KNOTS('',5,(#1969,#1970,#1971,#1972,#1973,
    #1974),.UNSPECIFIED.,.F.,.F.,(6,6),(4.553696034446,4.712389027793),
  .PIECEWISE_BEZIER_KNOTS.);
#1969 = CARTESIAN_POINT('',(1.703826467957,1.0000006));
#1970 = CARTESIAN_POINT('',(1.735565066627,0.801682143974));
#1971 = CARTESIAN_POINT('',(1.767303665296,0.602104514157));
#1972 = CARTESIAN_POINT('',(1.799042263966,0.401683904191));
#1973 = CARTESIAN_POINT('',(1.830780862635,0.200841801798));
#1974 = CARTESIAN_POINT('',(1.862519461304,-2.999999999531E-07));
#1975 = ( GEOMETRIC_REPRESENTATION_CONTEXT(2) 
PARAMETRIC_REPRESENTATION_CONTEXT() REPRESENTATION_CONTEXT('2D SPACE',''
  ) );
#1976 = ORIENTED_EDGE('',*,*,#1788,.F.);
#1977 = ORIENTED_EDGE('',*,*,#1978,.F.);
#1978 = EDGE_CURVE('',#1979,#1789,#1981,.T.);
#1979 = VERTEX_POINT('',#1980);
#1980 = CARTESIAN_POINT('',(-29.75839754716,37.39473452285,
    17.44310090044));
#1981 = SURFACE_CURVE('',#1982,(#1987,#1997),.PCURVE_S1.);
#1982 = ELLIPSE('',#1983,18.139561280732,17.);
#1983 = AXIS2_PLACEMENT_3D('',#1984,#1985,#1986);
#1984 = CARTESIAN_POINT('',(-24.52133133276,21.59375,20.89303214246));
#1985 = DIRECTION('',(-0.786331524296,-0.128690694175,0.604252794061));
#1986 = DIRECTION('',(0.535518529438,0.345723622646,0.770516113636));
#1987 = PCURVE('',#1811,#1988);
#1988 = DEFINITIONAL_REPRESENTATION('',(#1989),#1996);
#1989 = B_SPLINE_CURVE_WITH_KNOTS('',5,(#1990,#1991,#1992,#1993,#1994,
    #1995),.UNSPECIFIED.,.F.,.F.,(6,6),(1.570796326795,1.729489176711),
  .PIECEWISE_BEZIER_KNOTS.);
#1990 = CARTESIAN_POINT('',(8.231805312653,8.));
#1991 = CARTESIAN_POINT('',(8.263543882636,7.799158079729));
#1992 = CARTESIAN_POINT('',(8.295282452619,7.598316159241));
#1993 = CARTESIAN_POINT('',(8.327021022602,7.397895730415));
#1994 = CARTESIAN_POINT('',(8.358759592585,7.198318279827));
#1995 = CARTESIAN_POINT('',(8.390498162568,7.));
#1996 = ( GEOMETRIC_REPRESENTATION_CONTEXT(2) 
PARAMETRIC_REPRESENTATION_CONTEXT() REPRESENTATION_CONTEXT('2D SPACE',''
  ) );
#1997 = PCURVE('',#159,#1998);
#1998 = DEFINITIONAL_REPRESENTATION('',(#1999),#2006);
#1999 = B_SPLINE_CURVE_WITH_KNOTS('',5,(#2000,#2001,#2002,#2003,#2004,
    #2005),.UNSPECIFIED.,.F.,.F.,(6,6),(1.570796227684,1.729489272734),
  .PIECEWISE_BEZIER_KNOTS.);
#2000 = CARTESIAN_POINT('',(5.004111968375,-6.271726462614E-07));
#2001 = CARTESIAN_POINT('',(5.035850577385,0.20084154006));
#2002 = CARTESIAN_POINT('',(5.067589186395,0.401683708299));
#2003 = CARTESIAN_POINT('',(5.099327795405,0.602104384112));
#2004 = CARTESIAN_POINT('',(5.131066404415,0.801682079362));
#2005 = CARTESIAN_POINT('',(5.162805013425,1.0000006));
#2006 = ( GEOMETRIC_REPRESENTATION_CONTEXT(2) 
PARAMETRIC_REPRESENTATION_CONTEXT() REPRESENTATION_CONTEXT('2D SPACE',''
  ) );
#2007 = ORIENTED_EDGE('',*,*,#2008,.T.);
#2008 = EDGE_CURVE('',#1979,#1891,#2009,.T.);
#2009 = SURFACE_CURVE('',#2010,(#2015,#2025),.PCURVE_S1.);
#2010 = ELLIPSE('',#2011,48.731377815444,17.);
#2011 = AXIS2_PLACEMENT_3D('',#2012,#2013,#2014);
#2012 = CARTESIAN_POINT('',(-24.52133133276,21.59375,20.89303214246));
#2013 = DIRECTION('',(0.535518529438,0.345723622646,0.770516113636));
#2014 = DIRECTION('',(-0.786331524296,-0.128690694175,0.604252794061));
#2015 = PCURVE('',#1811,#2016);
#2016 = DEFINITIONAL_REPRESENTATION('',(#2017),#2024);
#2017 = B_SPLINE_CURVE_WITH_KNOTS('',5,(#2018,#2019,#2020,#2021,#2022,
    #2023),.UNSPECIFIED.,.F.,.F.,(6,6),(4.71238898098,4.756195431769),
  .PIECEWISE_BEZIER_KNOTS.);
#2018 = CARTESIAN_POINT('',(8.231805313247,8.000000027173));
#2019 = CARTESIAN_POINT('',(8.240566603405,8.400127984065));
#2020 = CARTESIAN_POINT('',(8.249327893563,8.800255940955));
#2021 = CARTESIAN_POINT('',(8.258089183721,9.200319910541));
#2022 = CARTESIAN_POINT('',(8.266850473879,9.600255905527));
#2023 = CARTESIAN_POINT('',(8.275611764037,10.));
#2024 = ( GEOMETRIC_REPRESENTATION_CONTEXT(2) 
PARAMETRIC_REPRESENTATION_CONTEXT() REPRESENTATION_CONTEXT('2D SPACE',''
  ) );
#2025 = PCURVE('',#159,#2026);
#2026 = DEFINITIONAL_REPRESENTATION('',(#2027),#2034);
#2027 = B_SPLINE_CURVE_WITH_KNOTS('',5,(#2028,#2029,#2030,#2031,#2032,
    #2033),.UNSPECIFIED.,.F.,.F.,(6,6),(4.71238898098,4.756195444919),
  .PIECEWISE_BEZIER_KNOTS.);
#2028 = CARTESIAN_POINT('',(5.004112066891,2.717263569707E-08));
#2029 = CARTESIAN_POINT('',(4.995350774103,0.40012810418));
#2030 = CARTESIAN_POINT('',(4.986589481315,0.800256181186));
#2031 = CARTESIAN_POINT('',(4.977828188527,1.200320270829));
#2032 = CARTESIAN_POINT('',(4.969066895739,1.600256385757));
#2033 = CARTESIAN_POINT('',(4.960305602951,2.0000006));
#2034 = ( GEOMETRIC_REPRESENTATION_CONTEXT(2) 
PARAMETRIC_REPRESENTATION_CONTEXT() REPRESENTATION_CONTEXT('2D SPACE',''
  ) );
#2035 = ADVANCED_FACE('',(#2036),#1907,.F.);
#2036 = FACE_BOUND('',#2037,.F.);
#2037 = EDGE_LOOP('',(#2038,#2068,#2069,#2098,#2124,#2153));
#2038 = ORIENTED_EDGE('',*,*,#2039,.F.);
#2039 = EDGE_CURVE('',#1889,#2040,#2042,.T.);
#2040 = VERTEX_POINT('',#2041);
#2041 = CARTESIAN_POINT('',(-18.67368137155,6.904346345269,
    27.140144291247));
#2042 = SURFACE_CURVE('',#2043,(#2048,#2055),.PCURVE_S1.);
#2043 = ELLIPSE('',#2044,22.468771616085,17.);
#2044 = AXIS2_PLACEMENT_3D('',#2045,#2046,#2047);
#2045 = CARTESIAN_POINT('',(-26.96315545532,20.956133296533,
    21.679431279271));
#2046 = DIRECTION('',(-0.550116416595,-2.775557561563E-17,0.835087976319
    ));
#2047 = DIRECTION('',(-0.776188952296,-0.368898519952,-0.511316528494));
#2048 = PCURVE('',#1907,#2049);
#2049 = DEFINITIONAL_REPRESENTATION('',(#2050),#2054);
#2050 = ELLIPSE('',#2051,22.468771616085,17.);
#2051 = AXIS2_PLACEMENT_2D('',#2052,#2053);
#2052 = CARTESIAN_POINT('',(-1.606526889882,-0.637616703467));
#2053 = DIRECTION('',(-0.929469677815,-0.368898519952));
#2054 = ( GEOMETRIC_REPRESENTATION_CONTEXT(2) 
PARAMETRIC_REPRESENTATION_CONTEXT() REPRESENTATION_CONTEXT('2D SPACE',''
  ) );
#2055 = PCURVE('',#159,#2056);
#2056 = DEFINITIONAL_REPRESENTATION('',(#2057),#2067);
#2057 = B_SPLINE_CURVE_WITH_KNOTS('',8,(#2058,#2059,#2060,#2061,#2062,
    #2063,#2064,#2065,#2066),.UNSPECIFIED.,.F.,.F.,(9,9),(0.240116794006
    ,1.751705393071),.PIECEWISE_BEZIER_KNOTS.);
#2058 = CARTESIAN_POINT('',(0.531839881107,16.913571447985));
#2059 = CARTESIAN_POINT('',(0.72078845599,16.253400331346));
#2060 = CARTESIAN_POINT('',(0.909737030873,15.010979566928));
#2061 = CARTESIAN_POINT('',(1.098685605754,13.222228788043));
#2062 = CARTESIAN_POINT('',(1.287634180635,10.967388806275));
#2063 = CARTESIAN_POINT('',(1.476582755522,8.367018840567));
#2064 = CARTESIAN_POINT('',(1.665531330405,5.569197063207));
#2065 = CARTESIAN_POINT('',(1.854479905289,2.73067052237));
#2066 = CARTESIAN_POINT('',(2.043428480172,-6.000000034589E-07));
#2067 = ( GEOMETRIC_REPRESENTATION_CONTEXT(2) 
PARAMETRIC_REPRESENTATION_CONTEXT() REPRESENTATION_CONTEXT('2D SPACE',''
  ) );
#2068 = ORIENTED_EDGE('',*,*,#1888,.T.);
#2069 = ORIENTED_EDGE('',*,*,#2070,.F.);
#2070 = EDGE_CURVE('',#2071,#1891,#2073,.T.);
#2071 = VERTEX_POINT('',#2072);
#2072 = CARTESIAN_POINT('',(-28.97688165711,37.990588447866,
    20.352883809367));
#2073 = SURFACE_CURVE('',#2074,(#2079,#2086),.PCURVE_S1.);
#2074 = ELLIPSE('',#2075,22.468771616085,17.);
#2075 = AXIS2_PLACEMENT_3D('',#2076,#2077,#2078);
#2076 = CARTESIAN_POINT('',(-26.96315545532,20.956133296533,
    21.679431279271));
#2077 = DIRECTION('',(-0.550116416595,-2.775557561563E-17,0.835087976319
    ));
#2078 = DIRECTION('',(-0.776188952296,-0.368898519952,-0.511316528494));
#2079 = PCURVE('',#1907,#2080);
#2080 = DEFINITIONAL_REPRESENTATION('',(#2081),#2085);
#2081 = ELLIPSE('',#2082,22.468771616085,17.);
#2082 = AXIS2_PLACEMENT_2D('',#2083,#2084);
#2083 = CARTESIAN_POINT('',(-1.606526889882,-0.637616703467));
#2084 = DIRECTION('',(-0.929469677815,-0.368898519952));
#2085 = ( GEOMETRIC_REPRESENTATION_CONTEXT(2) 
PARAMETRIC_REPRESENTATION_CONTEXT() REPRESENTATION_CONTEXT('2D SPACE',''
  ) );
#2086 = PCURVE('',#159,#2087);
#2087 = DEFINITIONAL_REPRESENTATION('',(#2088),#2097);
#2088 = B_SPLINE_CURVE_WITH_KNOTS('',7,(#2089,#2090,#2091,#2092,#2093,
    #2094,#2095,#2096),.UNSPECIFIED.,.F.,.F.,(8,8),(4.531479914109,
    5.459622338971),.PIECEWISE_BEZIER_KNOTS.);
#2089 = CARTESIAN_POINT('',(4.82320300121,-6.000000034589E-07));
#2090 = CARTESIAN_POINT('',(4.95579477619,1.916206130993));
#2091 = CARTESIAN_POINT('',(5.088386551171,3.886630408892));
#2092 = CARTESIAN_POINT('',(5.22097832615,5.856249040919));
#2093 = CARTESIAN_POINT('',(5.353570101133,7.767700900008));
#2094 = CARTESIAN_POINT('',(5.486161876111,9.565246260918));
#2095 = CARTESIAN_POINT('',(5.618753651092,11.199034058058));
#2096 = CARTESIAN_POINT('',(5.751345426072,12.628029947773));
#2097 = ( GEOMETRIC_REPRESENTATION_CONTEXT(2) 
PARAMETRIC_REPRESENTATION_CONTEXT() REPRESENTATION_CONTEXT('2D SPACE',''
  ) );
#2098 = ORIENTED_EDGE('',*,*,#2099,.T.);
#2099 = EDGE_CURVE('',#2071,#2100,#2102,.T.);
#2100 = VERTEX_POINT('',#2101);
#2101 = CARTESIAN_POINT('',(-25.01419298345,26.03458486912,
    22.963315470531));
#2102 = SURFACE_CURVE('',#2103,(#2107,#2113),.PCURVE_S1.);
#2103 = LINE('',#2104,#2105);
#2104 = CARTESIAN_POINT('',(-23.82528151433,22.447467396567,
    23.746514050307));
#2105 = VECTOR('',#2106,1.);
#2106 = DIRECTION('',(0.308062718494,-0.929469677815,0.202937131884));
#2107 = PCURVE('',#1907,#2108);
#2108 = DEFINITIONAL_REPRESENTATION('',(#2109),#2112);
#2109 = B_SPLINE_CURVE_WITH_KNOTS('',1,(#2110,#2111),.UNSPECIFIED.,.F.,
  .F.,(2,2),(-16.83144023851,18.668439157236),.PIECEWISE_BEZIER_KNOTS.);
#2110 = CARTESIAN_POINT('',(-4.058083316398,16.498030732213));
#2111 = CARTESIAN_POINT('',(9.037769651177,-16.49803073221));
#2112 = ( GEOMETRIC_REPRESENTATION_CONTEXT(2) 
PARAMETRIC_REPRESENTATION_CONTEXT() REPRESENTATION_CONTEXT('2D SPACE',''
  ) );
#2113 = PCURVE('',#2114,#2119);
#2114 = PLANE('',#2115);
#2115 = AXIS2_PLACEMENT_3D('',#2116,#2117,#2118);
#2116 = CARTESIAN_POINT('',(-24.52133133276,21.59375,20.89303214246));
#2117 = DIRECTION('',(-0.923748987993,-0.241212206527,0.297497022851));
#2118 = DIRECTION('',(-0.306548670599,0.,-0.951854985044));
#2119 = DEFINITIONAL_REPRESENTATION('',(#2120),#2123);
#2120 = B_SPLINE_CURVE_WITH_KNOTS('',1,(#2121,#2122),.UNSPECIFIED.,.F.,
  .F.,(2,2),(-16.83144023851,18.668439157236),.PIECEWISE_BEZIER_KNOTS.);
#2121 = CARTESIAN_POINT('',(1.911297528871,-17.));
#2122 = CARTESIAN_POINT('',(-8.298572064444,17.));
#2123 = ( GEOMETRIC_REPRESENTATION_CONTEXT(2) 
PARAMETRIC_REPRESENTATION_CONTEXT() REPRESENTATION_CONTEXT('2D SPACE',''
  ) );
#2124 = ORIENTED_EDGE('',*,*,#2125,.F.);
#2125 = EDGE_CURVE('',#2126,#2100,#2128,.T.);
#2126 = VERTEX_POINT('',#2127);
#2127 = CARTESIAN_POINT('',(-22.63637004521,18.860349924015,
    24.529712630082));
#2128 = SURFACE_CURVE('',#2129,(#2134,#2141),.PCURVE_S1.);
#2129 = CIRCLE('',#2130,4.5);
#2130 = AXIS2_PLACEMENT_3D('',#2131,#2132,#2133);
#2131 = CARTESIAN_POINT('',(-25.62156416595,21.59375,22.563208095097));
#2132 = DIRECTION('',(-0.550116416595,-8.326672684689E-16,0.835087976319
    ));
#2133 = DIRECTION('',(0.663376471275,-0.607422239108,0.437001007774));
#2134 = PCURVE('',#1907,#2135);
#2135 = DEFINITIONAL_REPRESENTATION('',(#2136),#2140);
#2136 = CIRCLE('',#2137,4.5);
#2137 = AXIS2_PLACEMENT_2D('',#2138,#2139);
#2138 = CARTESIAN_POINT('',(4.921234594641E-15,0.));
#2139 = DIRECTION('',(0.79437914338,-0.607422239108));
#2140 = ( GEOMETRIC_REPRESENTATION_CONTEXT(2) 
PARAMETRIC_REPRESENTATION_CONTEXT() REPRESENTATION_CONTEXT('2D SPACE',''
  ) );
#2141 = PCURVE('',#2142,#2147);
#2142 = CYLINDRICAL_SURFACE('',#2143,4.5);
#2143 = AXIS2_PLACEMENT_3D('',#2144,#2145,#2146);
#2144 = CARTESIAN_POINT('',(-20.1204,21.59375,14.21232833191));
#2145 = DIRECTION('',(-0.550116416595,0.,0.835087976319));
#2146 = DIRECTION('',(0.835087976319,0.,0.550116416595));
#2147 = DEFINITIONAL_REPRESENTATION('',(#2148),#2152);
#2148 = LINE('',#2149,#2150);
#2149 = CARTESIAN_POINT('',(5.630373758617,10.));
#2150 = VECTOR('',#2151,1.);
#2151 = DIRECTION('',(1.,0.));
#2152 = ( GEOMETRIC_REPRESENTATION_CONTEXT(2) 
PARAMETRIC_REPRESENTATION_CONTEXT() REPRESENTATION_CONTEXT('2D SPACE',''
  ) );
#2153 = ORIENTED_EDGE('',*,*,#2154,.T.);
#2154 = EDGE_CURVE('',#2126,#2040,#2155,.T.);
#2155 = SURFACE_CURVE('',#2156,(#2160,#2166),.PCURVE_S1.);
#2156 = LINE('',#2157,#2158);
#2157 = CARTESIAN_POINT('',(-23.82528151433,22.447467396567,
    23.746514050307));
#2158 = VECTOR('',#2159,1.);
#2159 = DIRECTION('',(0.308062718494,-0.929469677815,0.202937131884));
#2160 = PCURVE('',#1907,#2161);
#2161 = DEFINITIONAL_REPRESENTATION('',(#2162),#2165);
#2162 = B_SPLINE_CURVE_WITH_KNOTS('',1,(#2163,#2164),.UNSPECIFIED.,.F.,
  .F.,(2,2),(-16.83144023851,18.668439157236),.PIECEWISE_BEZIER_KNOTS.);
#2163 = CARTESIAN_POINT('',(-4.058083316398,16.498030732213));
#2164 = CARTESIAN_POINT('',(9.037769651177,-16.49803073221));
#2165 = ( GEOMETRIC_REPRESENTATION_CONTEXT(2) 
PARAMETRIC_REPRESENTATION_CONTEXT() REPRESENTATION_CONTEXT('2D SPACE',''
  ) );
#2166 = PCURVE('',#2114,#2167);
#2167 = DEFINITIONAL_REPRESENTATION('',(#2168),#2171);
#2168 = B_SPLINE_CURVE_WITH_KNOTS('',1,(#2169,#2170),.UNSPECIFIED.,.F.,
  .F.,(2,2),(-16.83144023851,18.668439157236),.PIECEWISE_BEZIER_KNOTS.);
#2169 = CARTESIAN_POINT('',(1.911297528871,-17.));
#2170 = CARTESIAN_POINT('',(-8.298572064444,17.));
#2171 = ( GEOMETRIC_REPRESENTATION_CONTEXT(2) 
PARAMETRIC_REPRESENTATION_CONTEXT() REPRESENTATION_CONTEXT('2D SPACE',''
  ) );
#2172 = ADVANCED_FACE('',(#2173),#2142,.F.);
#2173 = FACE_BOUND('',#2174,.F.);
#2174 = EDGE_LOOP('',(#2175,#2176,#2211));
#2175 = ORIENTED_EDGE('',*,*,#2125,.T.);
#2176 = ORIENTED_EDGE('',*,*,#2177,.F.);
#2177 = EDGE_CURVE('',#2178,#2100,#2180,.T.);
#2178 = VERTEX_POINT('',#2179);
#2179 = CARTESIAN_POINT('',(-22.75193327493,21.59375,26.387136418229));
#2180 = SURFACE_CURVE('',#2181,(#2186,#2204),.PCURVE_S1.);
#2181 = ELLIPSE('',#2182,5.947616016023,4.5);
#2182 = AXIS2_PLACEMENT_3D('',#2183,#2184,#2185);
#2183 = CARTESIAN_POINT('',(-24.52133133276,21.59375,20.89303214246));
#2184 = DIRECTION('',(-0.923748987993,-0.241212206527,0.297497022851));
#2185 = DIRECTION('',(0.227563548612,0.279110711807,0.932905162328));
#2186 = PCURVE('',#2142,#2187);
#2187 = DEFINITIONAL_REPRESENTATION('',(#2188),#2203);
#2188 = B_SPLINE_CURVE_WITH_KNOTS('',7,(#2189,#2190,#2191,#2192,#2193,
    #2194,#2195,#2196,#2197,#2198,#2199,#2200,#2201,#2202),
  .UNSPECIFIED.,.F.,.F.,(8,6,8),(5.905361628502,7.118503136233,
    7.31382053442),.UNSPECIFIED.);
#2189 = CARTESIAN_POINT('',(6.28318530718,11.614685502234));
#2190 = CARTESIAN_POINT('',(6.456491236855,11.863316702269));
#2191 = CARTESIAN_POINT('',(6.629797166531,11.985285870324));
#2192 = CARTESIAN_POINT('',(6.803103096207,11.968401367797));
#2193 = CARTESIAN_POINT('',(6.976409025883,11.809764933872));
#2194 = CARTESIAN_POINT('',(7.149714955559,11.517375381386));
#2195 = CARTESIAN_POINT('',(7.323020885235,11.109042403128));
#2196 = CARTESIAN_POINT('',(7.524229300366,10.528814883863));
#2197 = CARTESIAN_POINT('',(7.552131785821,10.445982068768));
#2198 = CARTESIAN_POINT('',(7.580034271277,10.360881549176));
#2199 = CARTESIAN_POINT('',(7.607936756732,10.27362016515));
#2200 = CARTESIAN_POINT('',(7.635839242187,10.184308951136));
#2201 = CARTESIAN_POINT('',(7.663741727643,10.093062782707));
#2202 = CARTESIAN_POINT('',(7.691644213098,10.000000000672));
#2203 = ( GEOMETRIC_REPRESENTATION_CONTEXT(2) 
PARAMETRIC_REPRESENTATION_CONTEXT() REPRESENTATION_CONTEXT('2D SPACE',''
  ) );
#2204 = PCURVE('',#2114,#2205);
#2205 = DEFINITIONAL_REPRESENTATION('',(#2206),#2210);
#2206 = ELLIPSE('',#2207,5.947616016023,4.5);
#2207 = AXIS2_PLACEMENT_2D('',#2208,#2209);
#2208 = CARTESIAN_POINT('',(-1.089079655255E-15,8.156996544403E-16));
#2209 = DIRECTION('',(-0.957749732639,-0.287602937449));
#2210 = ( GEOMETRIC_REPRESENTATION_CONTEXT(2) 
PARAMETRIC_REPRESENTATION_CONTEXT() REPRESENTATION_CONTEXT('2D SPACE',''
  ) );
#2211 = ORIENTED_EDGE('',*,*,#2212,.F.);
#2212 = EDGE_CURVE('',#2126,#2178,#2213,.T.);
#2213 = SURFACE_CURVE('',#2214,(#2219,#2231),.PCURVE_S1.);
#2214 = ELLIPSE('',#2215,5.947616016023,4.5);
#2215 = AXIS2_PLACEMENT_3D('',#2216,#2217,#2218);
#2216 = CARTESIAN_POINT('',(-24.52133133276,21.59375,20.89303214246));
#2217 = DIRECTION('',(-0.923748987993,-0.241212206527,0.297497022851));
#2218 = DIRECTION('',(0.227563548612,0.279110711807,0.932905162328));
#2219 = PCURVE('',#2142,#2220);
#2220 = DEFINITIONAL_REPRESENTATION('',(#2221),#2230);
#2221 = B_SPLINE_CURVE_WITH_KNOTS('',7,(#2222,#2223,#2224,#2225,#2226,
    #2227,#2228,#2229),.UNSPECIFIED.,.F.,.F.,(8,8),(5.252550079939,
    5.905361628502),.PIECEWISE_BEZIER_KNOTS.);
#2222 = CARTESIAN_POINT('',(5.630373758617,9.999999999901));
#2223 = CARTESIAN_POINT('',(5.723632551269,10.311044784573));
#2224 = CARTESIAN_POINT('',(5.816891343921,10.601796096304));
#2225 = CARTESIAN_POINT('',(5.910150136573,10.867835435189));
#2226 = CARTESIAN_POINT('',(6.003408929224,11.105176716022));
#2227 = CARTESIAN_POINT('',(6.096667721876,11.310423047842));
#2228 = CARTESIAN_POINT('',(6.189926514528,11.480892933369));
#2229 = CARTESIAN_POINT('',(6.28318530718,11.614685502234));
#2230 = ( GEOMETRIC_REPRESENTATION_CONTEXT(2) 
PARAMETRIC_REPRESENTATION_CONTEXT() REPRESENTATION_CONTEXT('2D SPACE',''
  ) );
#2231 = PCURVE('',#2114,#2232);
#2232 = DEFINITIONAL_REPRESENTATION('',(#2233),#2237);
#2233 = ELLIPSE('',#2234,5.947616016023,4.5);
#2234 = AXIS2_PLACEMENT_2D('',#2235,#2236);
#2235 = CARTESIAN_POINT('',(-1.089079655255E-15,8.156996544403E-16));
#2236 = DIRECTION('',(-0.957749732639,-0.287602937449));
#2237 = ( GEOMETRIC_REPRESENTATION_CONTEXT(2) 
PARAMETRIC_REPRESENTATION_CONTEXT() REPRESENTATION_CONTEXT('2D SPACE',''
  ) );
#2238 = ADVANCED_FACE('',(#2239),#2114,.T.);
#2239 = FACE_BOUND('',#2240,.T.);
#2240 = EDGE_LOOP('',(#2241,#2263,#2264,#2265,#2266));
#2241 = ORIENTED_EDGE('',*,*,#2242,.T.);
#2242 = EDGE_CURVE('',#2040,#2071,#2243,.T.);
#2243 = SURFACE_CURVE('',#2244,(#2249,#2256),.PCURVE_S1.);
#2244 = CIRCLE('',#2245,17.);
#2245 = AXIS2_PLACEMENT_3D('',#2246,#2247,#2248);
#2246 = CARTESIAN_POINT('',(-24.52133133276,21.59375,20.89303214246));
#2247 = DIRECTION('',(-0.923748987993,-0.241212206527,0.297497022851));
#2248 = DIRECTION('',(-0.306548670599,0.,-0.951854985044));
#2249 = PCURVE('',#2114,#2250);
#2250 = DEFINITIONAL_REPRESENTATION('',(#2251),#2255);
#2251 = CIRCLE('',#2252,17.);
#2252 = AXIS2_PLACEMENT_2D('',#2253,#2254);
#2253 = CARTESIAN_POINT('',(0.,0.));
#2254 = DIRECTION('',(1.,0.));
#2255 = ( GEOMETRIC_REPRESENTATION_CONTEXT(2) 
PARAMETRIC_REPRESENTATION_CONTEXT() REPRESENTATION_CONTEXT('2D SPACE',''
  ) );
#2256 = PCURVE('',#159,#2257);
#2257 = DEFINITIONAL_REPRESENTATION('',(#2258),#2262);
#2258 = LINE('',#2259,#2260);
#2259 = CARTESIAN_POINT('',(0.,0.));
#2260 = VECTOR('',#2261,1.);
#2261 = DIRECTION('',(1.,0.));
#2262 = ( GEOMETRIC_REPRESENTATION_CONTEXT(2) 
PARAMETRIC_REPRESENTATION_CONTEXT() REPRESENTATION_CONTEXT('2D SPACE',''
  ) );
#2263 = ORIENTED_EDGE('',*,*,#2099,.T.);
#2264 = ORIENTED_EDGE('',*,*,#2177,.F.);
#2265 = ORIENTED_EDGE('',*,*,#2212,.F.);
#2266 = ORIENTED_EDGE('',*,*,#2154,.T.);
#2267 = ADVANCED_FACE('',(#2268),#1774,.F.);
#2268 = FACE_BOUND('',#2269,.F.);
#2269 = EDGE_LOOP('',(#2270,#2301,#2320,#2321,#2342,#2370,#2403,#2431));
#2270 = ORIENTED_EDGE('',*,*,#2271,.T.);
#2271 = EDGE_CURVE('',#2272,#2274,#2276,.T.);
#2272 = VERTEX_POINT('',#2273);
#2273 = CARTESIAN_POINT('',(-27.63314153297,-41.67024704772,
    9.263289945386));
#2274 = VERTEX_POINT('',#2275);
#2275 = CARTESIAN_POINT('',(-16.60608219889,0.,16.527394493018));
#2276 = SURFACE_CURVE('',#2277,(#2282,#2289),.PCURVE_S1.);
#2277 = CIRCLE('',#2278,22.);
#2278 = AXIS2_PLACEMENT_3D('',#2279,#2280,#2281);
#2279 = CARTESIAN_POINT('',(-20.1204,-21.59375,14.21232833191));
#2280 = DIRECTION('',(-0.550116416595,5.551115123126E-17,0.835087976319)
  );
#2281 = DIRECTION('',(-0.341488251499,-0.912568047624,-0.224956290297));
#2282 = PCURVE('',#1774,#2283);
#2283 = DEFINITIONAL_REPRESENTATION('',(#2284),#2288);
#2284 = LINE('',#2285,#2286);
#2285 = CARTESIAN_POINT('',(4.291113354153,1.));
#2286 = VECTOR('',#2287,1.);
#2287 = DIRECTION('',(1.,0.));
#2288 = ( GEOMETRIC_REPRESENTATION_CONTEXT(2) 
PARAMETRIC_REPRESENTATION_CONTEXT() REPRESENTATION_CONTEXT('2D SPACE',''
  ) );
#2289 = PCURVE('',#2290,#2295);
#2290 = PLANE('',#2291);
#2291 = AXIS2_PLACEMENT_3D('',#2292,#2293,#2294);
#2292 = CARTESIAN_POINT('',(-334.0351905274,-400.,-192.5798715062));
#2293 = DIRECTION('',(-0.550116416595,0.,0.835087976319));
#2294 = DIRECTION('',(0.835087976319,0.,0.550116416595));
#2295 = DEFINITIONAL_REPRESENTATION('',(#2296),#2300);
#2296 = CIRCLE('',#2297,22.);
#2297 = AXIS2_PLACEMENT_2D('',#2298,#2299);
#2298 = CARTESIAN_POINT('',(375.90625111297,378.40625));
#2299 = DIRECTION('',(-0.408924881189,-0.912568047624));
#2300 = ( GEOMETRIC_REPRESENTATION_CONTEXT(2) 
PARAMETRIC_REPRESENTATION_CONTEXT() REPRESENTATION_CONTEXT('2D SPACE',''
  ) );
#2301 = ORIENTED_EDGE('',*,*,#2302,.T.);
#2302 = EDGE_CURVE('',#2274,#1723,#2303,.T.);
#2303 = SURFACE_CURVE('',#2304,(#2308,#2314),.PCURVE_S1.);
#2304 = LINE('',#2305,#2306);
#2305 = CARTESIAN_POINT('',(-16.05596578229,0.,15.692306516699));
#2306 = VECTOR('',#2307,1.);
#2307 = DIRECTION('',(-0.550116416595,0.,0.835087976319));
#2308 = PCURVE('',#1774,#2309);
#2309 = DEFINITIONAL_REPRESENTATION('',(#2310),#2313);
#2310 = B_SPLINE_CURVE_WITH_KNOTS('',1,(#2311,#2312),.UNSPECIFIED.,.F.,
  .F.,(2,2),(1.,8.),.PIECEWISE_BEZIER_KNOTS.);
#2311 = CARTESIAN_POINT('',(7.661508143598,1.));
#2312 = CARTESIAN_POINT('',(7.661508143598,8.));
#2313 = ( GEOMETRIC_REPRESENTATION_CONTEXT(2) 
PARAMETRIC_REPRESENTATION_CONTEXT() REPRESENTATION_CONTEXT('2D SPACE',''
  ) );
#2314 = PCURVE('',#1743,#2315);
#2315 = DEFINITIONAL_REPRESENTATION('',(#2316),#2319);
#2316 = B_SPLINE_CURVE_WITH_KNOTS('',1,(#2317,#2318),.UNSPECIFIED.,.F.,
  .F.,(2,2),(1.,8.),.PIECEWISE_BEZIER_KNOTS.);
#2317 = CARTESIAN_POINT('',(4.904862470761,1.));
#2318 = CARTESIAN_POINT('',(4.904862470761,8.));
#2319 = ( GEOMETRIC_REPRESENTATION_CONTEXT(2) 
PARAMETRIC_REPRESENTATION_CONTEXT() REPRESENTATION_CONTEXT('2D SPACE',''
  ) );
#2320 = ORIENTED_EDGE('',*,*,#1755,.T.);
#2321 = ORIENTED_EDGE('',*,*,#2322,.F.);
#2322 = EDGE_CURVE('',#2323,#1721,#2325,.T.);
#2323 = VERTEX_POINT('',#2324);
#2324 = CARTESIAN_POINT('',(-23.6347178011,0.,11.897262170802));
#2325 = SURFACE_CURVE('',#2326,(#2330,#2336),.PCURVE_S1.);
#2326 = LINE('',#2327,#2328);
#2327 = CARTESIAN_POINT('',(-23.08460138451,0.,11.062174194483));
#2328 = VECTOR('',#2329,1.);
#2329 = DIRECTION('',(-0.550116416595,0.,0.835087976319));
#2330 = PCURVE('',#1774,#2331);
#2331 = DEFINITIONAL_REPRESENTATION('',(#2332),#2335);
#2332 = B_SPLINE_CURVE_WITH_KNOTS('',1,(#2333,#2334),.UNSPECIFIED.,.F.,
  .F.,(2,2),(1.,8.),.PIECEWISE_BEZIER_KNOTS.);
#2333 = CARTESIAN_POINT('',(1.763269817171,1.));
#2334 = CARTESIAN_POINT('',(1.763269817171,8.));
#2335 = ( GEOMETRIC_REPRESENTATION_CONTEXT(2) 
PARAMETRIC_REPRESENTATION_CONTEXT() REPRESENTATION_CONTEXT('2D SPACE',''
  ) );
#2336 = PCURVE('',#1743,#2337);
#2337 = DEFINITIONAL_REPRESENTATION('',(#2338),#2341);
#2338 = B_SPLINE_CURVE_WITH_KNOTS('',1,(#2339,#2340),.UNSPECIFIED.,.F.,
  .F.,(2,2),(1.,8.),.PIECEWISE_BEZIER_KNOTS.);
#2339 = CARTESIAN_POINT('',(10.803100797188,1.));
#2340 = CARTESIAN_POINT('',(10.803100797188,8.));
#2341 = ( GEOMETRIC_REPRESENTATION_CONTEXT(2) 
PARAMETRIC_REPRESENTATION_CONTEXT() REPRESENTATION_CONTEXT('2D SPACE',''
  ) );
#2342 = ORIENTED_EDGE('',*,*,#2343,.T.);
#2343 = EDGE_CURVE('',#2323,#2344,#2346,.T.);
#2344 = VERTEX_POINT('',#2345);
#2345 = CARTESIAN_POINT('',(-38.34017998736,-18.76820017296,2.21));
#2346 = SURFACE_CURVE('',#2347,(#2352,#2358),.PCURVE_S1.);
#2347 = CIRCLE('',#2348,22.);
#2348 = AXIS2_PLACEMENT_3D('',#2349,#2350,#2351);
#2349 = CARTESIAN_POINT('',(-20.1204,-21.59375,14.21232833191));
#2350 = DIRECTION('',(-0.550116416595,0.,0.835087976319));
#2351 = DIRECTION('',(0.835087976319,0.,0.550116416595));
#2352 = PCURVE('',#1774,#2353);
#2353 = DEFINITIONAL_REPRESENTATION('',(#2354),#2357);
#2354 = B_SPLINE_CURVE_WITH_KNOTS('',1,(#2355,#2356),.UNSPECIFIED.,.F.,
  .F.,(2,2),(1.763269817171,3.012802830127),.PIECEWISE_BEZIER_KNOTS.);
#2355 = CARTESIAN_POINT('',(1.763269817171,1.));
#2356 = CARTESIAN_POINT('',(3.012802830127,1.));
#2357 = ( GEOMETRIC_REPRESENTATION_CONTEXT(2) 
PARAMETRIC_REPRESENTATION_CONTEXT() REPRESENTATION_CONTEXT('2D SPACE',''
  ) );
#2358 = PCURVE('',#2359,#2364);
#2359 = PLANE('',#2360);
#2360 = AXIS2_PLACEMENT_3D('',#2361,#2362,#2363);
#2361 = CARTESIAN_POINT('',(-334.0351905274,-400.,-192.5798715062));
#2362 = DIRECTION('',(-0.550116416595,0.,0.835087976319));
#2363 = DIRECTION('',(0.835087976319,0.,0.550116416595));
#2364 = DEFINITIONAL_REPRESENTATION('',(#2365),#2369);
#2365 = CIRCLE('',#2366,22.);
#2366 = AXIS2_PLACEMENT_2D('',#2367,#2368);
#2367 = CARTESIAN_POINT('',(375.90625111297,378.40625));
#2368 = DIRECTION('',(1.,0.));
#2369 = ( GEOMETRIC_REPRESENTATION_CONTEXT(2) 
PARAMETRIC_REPRESENTATION_CONTEXT() REPRESENTATION_CONTEXT('2D SPACE',''
  ) );
#2370 = ORIENTED_EDGE('',*,*,#2371,.T.);
#2371 = EDGE_CURVE('',#2344,#2372,#2374,.T.);
#2372 = VERTEX_POINT('',#2373);
#2373 = CARTESIAN_POINT('',(-38.34017998736,-24.41929982703,2.21));
#2374 = SURFACE_CURVE('',#2375,(#2380,#2391),.PCURVE_S1.);
#2375 = ELLIPSE('',#2376,26.344529706895,22.);
#2376 = AXIS2_PLACEMENT_3D('',#2377,#2378,#2379);
#2377 = CARTESIAN_POINT('',(-12.2138344165,-21.59375,2.21));
#2378 = DIRECTION('',(0.,0.,1.));
#2379 = DIRECTION('',(-1.,0.,0.));
#2380 = PCURVE('',#1774,#2381);
#2381 = DEFINITIONAL_REPRESENTATION('',(#2382),#2390);
#2382 = B_SPLINE_CURVE_WITH_KNOTS('',6,(#2383,#2384,#2385,#2386,#2387,
    #2388,#2389),.UNSPECIFIED.,.F.,.F.,(7,7),(6.154395483717,
    6.411975130642),.PIECEWISE_BEZIER_KNOTS.);
#2383 = CARTESIAN_POINT('',(3.012802830127,1.000000002876));
#2384 = CARTESIAN_POINT('',(3.055732771281,1.079907148993));
#2385 = CARTESIAN_POINT('',(3.098662712436,1.128028349666));
#2386 = CARTESIAN_POINT('',(3.14159265359,1.14409852726));
#2387 = CARTESIAN_POINT('',(3.184522594744,1.128028349666));
#2388 = CARTESIAN_POINT('',(3.227452535898,1.079907148993));
#2389 = CARTESIAN_POINT('',(3.270382477052,1.000000002876));
#2390 = ( GEOMETRIC_REPRESENTATION_CONTEXT(2) 
PARAMETRIC_REPRESENTATION_CONTEXT() REPRESENTATION_CONTEXT('2D SPACE',''
  ) );
#2391 = PCURVE('',#2392,#2397);
#2392 = PLANE('',#2393);
#2393 = AXIS2_PLACEMENT_3D('',#2394,#2395,#2396);
#2394 = CARTESIAN_POINT('',(0.,0.,2.21));
#2395 = DIRECTION('',(0.,0.,1.));
#2396 = DIRECTION('',(1.,0.,-0.));
#2397 = DEFINITIONAL_REPRESENTATION('',(#2398),#2402);
#2398 = ELLIPSE('',#2399,26.344529706895,22.);
#2399 = AXIS2_PLACEMENT_2D('',#2400,#2401);
#2400 = CARTESIAN_POINT('',(-12.2138344165,-21.59375));
#2401 = DIRECTION('',(-1.,0.));
#2402 = ( GEOMETRIC_REPRESENTATION_CONTEXT(2) 
PARAMETRIC_REPRESENTATION_CONTEXT() REPRESENTATION_CONTEXT('2D SPACE',''
  ) );
#2403 = ORIENTED_EDGE('',*,*,#2404,.T.);
#2404 = EDGE_CURVE('',#2372,#2405,#2407,.T.);
#2405 = VERTEX_POINT('',#2406);
#2406 = CARTESIAN_POINT('',(-31.74567579884,-38.62916085128,
    6.554147103405));
#2407 = SURFACE_CURVE('',#2408,(#2413,#2419),.PCURVE_S1.);
#2408 = CIRCLE('',#2409,22.);
#2409 = AXIS2_PLACEMENT_3D('',#2410,#2411,#2412);
#2410 = CARTESIAN_POINT('',(-20.1204,-21.59375,14.21232833191));
#2411 = DIRECTION('',(-0.550116416595,0.,0.835087976319));
#2412 = DIRECTION('',(0.835087976319,0.,0.550116416595));
#2413 = PCURVE('',#1774,#2414);
#2414 = DEFINITIONAL_REPRESENTATION('',(#2415),#2418);
#2415 = B_SPLINE_CURVE_WITH_KNOTS('',1,(#2416,#2417),.UNSPECIFIED.,.F.,
  .F.,(2,2),(3.270382477052,4.027259081242),.PIECEWISE_BEZIER_KNOTS.);
#2416 = CARTESIAN_POINT('',(3.270382477052,1.));
#2417 = CARTESIAN_POINT('',(4.027259081242,1.));
#2418 = ( GEOMETRIC_REPRESENTATION_CONTEXT(2) 
PARAMETRIC_REPRESENTATION_CONTEXT() REPRESENTATION_CONTEXT('2D SPACE',''
  ) );
#2419 = PCURVE('',#2420,#2425);
#2420 = PLANE('',#2421);
#2421 = AXIS2_PLACEMENT_3D('',#2422,#2423,#2424);
#2422 = CARTESIAN_POINT('',(-334.0351905274,-400.,-192.5798715062));
#2423 = DIRECTION('',(-0.550116416595,0.,0.835087976319));
#2424 = DIRECTION('',(0.835087976319,0.,0.550116416595));
#2425 = DEFINITIONAL_REPRESENTATION('',(#2426),#2430);
#2426 = CIRCLE('',#2427,22.);
#2427 = AXIS2_PLACEMENT_2D('',#2428,#2429);
#2428 = CARTESIAN_POINT('',(375.90625111297,378.40625));
#2429 = DIRECTION('',(1.,0.));
#2430 = ( GEOMETRIC_REPRESENTATION_CONTEXT(2) 
PARAMETRIC_REPRESENTATION_CONTEXT() REPRESENTATION_CONTEXT('2D SPACE',''
  ) );
#2431 = ORIENTED_EDGE('',*,*,#2432,.T.);
#2432 = EDGE_CURVE('',#2405,#2272,#2433,.T.);
#2433 = SURFACE_CURVE('',#2434,(#2491,#2527),.PCURVE_S1.);
#2434 = B_SPLINE_CURVE_WITH_KNOTS('',7,(#2435,#2436,#2437,#2438,#2439,
    #2440,#2441,#2442,#2443,#2444,#2445,#2446,#2447,#2448,#2449,#2450,
    #2451,#2452,#2453,#2454,#2455,#2456,#2457,#2458,#2459,#2460,#2461,
    #2462,#2463,#2464,#2465,#2466,#2467,#2468,#2469,#2470,#2471,#2472,
    #2473,#2474,#2475,#2476,#2477,#2478,#2479,#2480,#2481,#2482,#2483,
    #2484,#2485,#2486,#2487,#2488,#2489,#2490),.UNSPECIFIED.,.F.,.F.,(8,
    6,6,6,6,6,6,6,6,8),(0.,0.225180435708,0.288242338975,0.320771340901,
    0.385242677485,0.457654447938,0.494767880045,0.569338903085,
    0.825694229137,1.),.UNSPECIFIED.);
#2435 = CARTESIAN_POINT('',(-38.34017998736,-32.09408977578,
    6.727892197621));
#2436 = CARTESIAN_POINT('',(-37.74719444035,-32.8024810329,
    6.527143877782));
#2437 = CARTESIAN_POINT('',(-37.12760029615,-33.51163547557,
    6.35804604569));
#2438 = CARTESIAN_POINT('',(-36.4792081475,-34.22203138198,
    6.223982707634));
#2439 = CARTESIAN_POINT('',(-35.80079812846,-34.9325000786,
    6.130272641539));
#2440 = CARTESIAN_POINT('',(-35.09279147959,-35.63996518357,
    6.084238717447));
#2441 = CARTESIAN_POINT('',(-34.35801690213,-36.33961892792,
    6.095302492346));
#2442 = CARTESIAN_POINT('',(-33.39078673184,-37.21742902562,
    6.197424999397));
#2443 = CARTESIAN_POINT('',(-33.17750940145,-37.4084156424,
    6.225160020134));
#2444 = CARTESIAN_POINT('',(-32.96282992217,-37.59808493549,
    6.258531282868));
#2445 = CARTESIAN_POINT('',(-32.74701937199,-37.78619318631,
    6.297777807084));
#2446 = CARTESIAN_POINT('',(-32.53035616204,-37.97250886089,
    6.343133961821));
#2447 = CARTESIAN_POINT('',(-32.31312603656,-38.15681260983,
    6.394829465682));
#2448 = CARTESIAN_POINT('',(-31.98342776085,-38.43282136358,
    6.483141399037));
#2449 = CARTESIAN_POINT('',(-31.87117680228,-38.52614131383,
    6.514935680972));
#2450 = CARTESIAN_POINT('',(-31.75893394708,-38.61880861158,
    6.548495639177));
#2451 = CARTESIAN_POINT('',(-31.64676281405,-38.71077757266,
    6.583842427606));
#2452 = CARTESIAN_POINT('',(-31.53472589091,-38.80200533629,
    6.620994947615));
#2453 = CARTESIAN_POINT('',(-31.42288453427,-38.89245186506,
    6.659969847969));
#2454 = CARTESIAN_POINT('',(-31.09014030916,-39.15971964368,
    6.781668831547));
#2455 = CARTESIAN_POINT('',(-30.86989605715,-39.33421662834,
    6.869804291586));
#2456 = CARTESIAN_POINT('',(-30.65125982845,-39.50509570046,
    6.965228847029));
#2457 = CARTESIAN_POINT('',(-30.43488152948,-39.67195780748,
    7.067912207718));
#2458 = CARTESIAN_POINT('',(-30.22136344054,-39.83447408599,
    7.177752907083));
#2459 = CARTESIAN_POINT('',(-30.0112562982,-39.992379905,7.294578357964)
  );
#2460 = CARTESIAN_POINT('',(-29.57345829077,-40.31741269725,
    7.556930191347));
#2461 = CARTESIAN_POINT('',(-29.34702951865,-40.48310122209,
    7.704075186598));
#2462 = CARTESIAN_POINT('',(-29.12645850269,-40.64226128993,
    7.859199676241));
#2463 = CARTESIAN_POINT('',(-28.91234896519,-40.79470705148,
    8.021807692174));
#2464 = CARTESIAN_POINT('',(-28.70522005129,-40.94032741484,
    8.191283101289));
#2465 = CARTESIAN_POINT('',(-28.50550747109,-41.07907345828,
    8.366885190618));
#2466 = CARTESIAN_POINT('',(-28.21518758062,-41.27853481053,
    8.640440515409));
#2467 = CARTESIAN_POINT('',(-28.11882182564,-41.34433859643,
    8.734545766224));
#2468 = CARTESIAN_POINT('',(-28.02447733572,-41.40838288498,
    8.829982069641));
#2469 = CARTESIAN_POINT('',(-27.93216134592,-41.47069391364,
    8.926667676901));
#2470 = CARTESIAN_POINT('',(-27.84187836739,-41.53129847313,
    9.024517025777));
#2471 = CARTESIAN_POINT('',(-27.75363018736,-41.59022390738,
    9.123440740564));
#2472 = CARTESIAN_POINT('',(-27.49418775362,-41.7625776389,
    9.424081849256));
#2473 = CARTESIAN_POINT('',(-27.32924516664,-41.8709413466,
    9.628692865874));
#2474 = CARTESIAN_POINT('',(-27.1723337225,-41.97298072534,
    9.836688270923));
#2475 = CARTESIAN_POINT('',(-27.02319181013,-42.06906030929,
    10.047584355087));
#2476 = CARTESIAN_POINT('',(-26.88155221701,-42.15952039955,
    10.26090390453));
#2477 = CARTESIAN_POINT('',(-26.74714375311,-42.24467978563,
    10.476175994676));
#2478 = CARTESIAN_POINT('',(-26.18155068305,-42.60040267466,
    11.438098237174));
#2479 = CARTESIAN_POINT('',(-25.82370158885,-42.81808326227,
    12.204127000348));
#2480 = CARTESIAN_POINT('',(-25.53276684864,-42.99136529476,
    12.978516547165));
#2481 = CARTESIAN_POINT('',(-25.29672449895,-43.12985317387,
    13.753001470884));
#2482 = CARTESIAN_POINT('',(-25.1055539918,-43.24079683211,
    14.523765567455));
#2483 = CARTESIAN_POINT('',(-24.95132867352,-43.32956604311,
    15.291705441433));
#2484 = CARTESIAN_POINT('',(-24.74461554237,-43.44782264265,
    16.586765456414));
#2485 = CARTESIAN_POINT('',(-24.67564895449,-43.48702739555,
    17.110513313135));
#2486 = CARTESIAN_POINT('',(-24.61981085779,-43.51863073539,
    17.633023314508));
#2487 = CARTESIAN_POINT('',(-24.57571148936,-43.54351588881,
    18.153849133331));
#2488 = CARTESIAN_POINT('',(-24.54215060958,-43.56241679244,
    18.672937221006));
#2489 = CARTESIAN_POINT('',(-24.51812252553,-43.57593345102,
    19.190643491003));
#2490 = CARTESIAN_POINT('',(-24.5028168445,-43.58453816073,
    19.707750706092));
#2491 = PCURVE('',#1774,#2492);
#2492 = DEFINITIONAL_REPRESENTATION('',(#2493),#2526);
#2493 = B_SPLINE_CURVE_WITH_KNOTS('',7,(#2494,#2495,#2496,#2497,#2498,
    #2499,#2500,#2501,#2502,#2503,#2504,#2505,#2506,#2507,#2508,#2509,
    #2510,#2511,#2512,#2513,#2514,#2515,#2516,#2517,#2518,#2519,#2520,
    #2521,#2522,#2523,#2524,#2525),.UNSPECIFIED.,.F.,.F.,(8,6,6,6,6,8),(
    0.302735295418,0.320771340901,0.385242677485,0.457654447938,
    0.494767880045,0.496884253802),.UNSPECIFIED.);
#2494 = CARTESIAN_POINT('',(4.027259080972,0.999999997478));
#2495 = CARTESIAN_POINT('',(4.030930106262,0.981892480064));
#2496 = CARTESIAN_POINT('',(4.034604767117,0.964258925424));
#2497 = CARTESIAN_POINT('',(4.038282680692,0.947107976543));
#2498 = CARTESIAN_POINT('',(4.041963471501,0.930448039812));
#2499 = CARTESIAN_POINT('',(4.045646771413,0.91428728503));
#2500 = CARTESIAN_POINT('',(4.049332219655,0.898633645401));
#2501 = CARTESIAN_POINT('',(4.066199818506,0.829379824988));
#2502 = CARTESIAN_POINT('',(4.079408474074,0.781820709262));
#2503 = CARTESIAN_POINT('',(4.0926159495,0.74123322949));
#2504 = CARTESIAN_POINT('',(4.105794832238,0.707949614909));
#2505 = CARTESIAN_POINT('',(4.11891956177,0.682216456296));
#2506 = CARTESIAN_POINT('',(4.131966214166,0.664192597405));
#2507 = CARTESIAN_POINT('',(4.159452826324,0.642439587992));
#2508 = CARTESIAN_POINT('',(4.173851370632,0.640756419569));
#2509 = CARTESIAN_POINT('',(4.188076206143,0.648959278799));
#2510 = CARTESIAN_POINT('',(4.202097557928,0.666966106226));
#2511 = CARTESIAN_POINT('',(4.215886987188,0.69454796677));
#2512 = CARTESIAN_POINT('',(4.22941678889,0.731325991217));
#2513 = CARTESIAN_POINT('',(4.249446661048,0.800059015999));
#2514 = CARTESIAN_POINT('',(4.2561605423,0.82563279565));
#2515 = CARTESIAN_POINT('',(4.262799996571,0.853430052418));
#2516 = CARTESIAN_POINT('',(4.269363957226,0.883386499022));
#2517 = CARTESIAN_POINT('',(4.275851327601,0.915433165127));
#2518 = CARTESIAN_POINT('',(4.282260981001,0.949496397352));
#2519 = CARTESIAN_POINT('',(4.288952770049,0.987550823514));
#2520 = CARTESIAN_POINT('',(4.289313518515,0.989610065367));
#2521 = CARTESIAN_POINT('',(4.289674006286,0.991675572264));
#2522 = CARTESIAN_POINT('',(4.290034233552,0.993747331646));
#2523 = CARTESIAN_POINT('',(4.290394200501,0.995825330953));
#2524 = CARTESIAN_POINT('',(4.290753907321,0.997909557629));
#2525 = CARTESIAN_POINT('',(4.291113354198,0.999999999117));
#2526 = ( GEOMETRIC_REPRESENTATION_CONTEXT(2) 
PARAMETRIC_REPRESENTATION_CONTEXT() REPRESENTATION_CONTEXT('2D SPACE',''
  ) );
#2527 = PCURVE('',#2528,#2533);
#2528 = CYLINDRICAL_SURFACE('',#2529,50.);
#2529 = AXIS2_PLACEMENT_3D('',#2530,#2531,#2532);
#2530 = CARTESIAN_POINT('',(0.,0.,-1.));
#2531 = DIRECTION('',(0.,0.,1.));
#2532 = DIRECTION('',(1.,0.,-0.));
#2533 = DEFINITIONAL_REPRESENTATION('',(#2534),#2567);
#2534 = B_SPLINE_CURVE_WITH_KNOTS('',7,(#2535,#2536,#2537,#2538,#2539,
    #2540,#2541,#2542,#2543,#2544,#2545,#2546,#2547,#2548,#2549,#2550,
    #2551,#2552,#2553,#2554,#2555,#2556,#2557,#2558,#2559,#2560,#2561,
    #2562,#2563,#2564,#2565,#2566),.UNSPECIFIED.,.F.,.F.,(8,6,6,6,6,8),(
    0.302735295418,0.320771340901,0.385242677485,0.457654447938,
    0.494767880045,0.496884253802),.UNSPECIFIED.);
#2535 = CARTESIAN_POINT('',(4.02449240684,7.554147103393));
#2536 = CARTESIAN_POINT('',(4.026102213782,7.573428589609));
#2537 = CARTESIAN_POINT('',(4.027708856879,7.593260350924));
#2538 = CARTESIAN_POINT('',(4.029312083588,7.61364569283));
#2539 = CARTESIAN_POINT('',(4.030911646277,7.634587707922));
#2540 = CARTESIAN_POINT('',(4.032507302231,7.656089275899));
#2541 = CARTESIAN_POINT('',(4.034098813646,7.678153063567));
#2542 = CARTESIAN_POINT('',(4.041359289351,7.781668831547));
#2543 = CARTESIAN_POINT('',(4.046979011116,7.869804291586));
#2544 = CARTESIAN_POINT('',(4.052528647078,7.965228847029));
#2545 = CARTESIAN_POINT('',(4.057993334635,8.067912207718));
#2546 = CARTESIAN_POINT('',(4.063359790717,8.177752907083));
#2547 = CARTESIAN_POINT('',(4.06861628809,8.294578357964));
#2548 = CARTESIAN_POINT('',(4.079521578758,8.556930191347));
#2549 = CARTESIAN_POINT('',(4.085132955756,8.704075186599));
#2550 = CARTESIAN_POINT('',(4.090572751785,8.859199676241));
#2551 = CARTESIAN_POINT('',(4.095829288046,9.021807692174));
#2552 = CARTESIAN_POINT('',(4.100893055428,9.191283101289));
#2553 = CARTESIAN_POINT('',(4.105756552125,9.366885190618));
#2554 = CARTESIAN_POINT('',(4.112801279794,9.640440515409));
#2555 = CARTESIAN_POINT('',(4.115135065516,9.734545766224));
#2556 = CARTESIAN_POINT('',(4.117415626738,9.829982069641));
#2557 = CARTESIAN_POINT('',(4.119643159252,9.926667676901));
#2558 = CARTESIAN_POINT('',(4.121817906335,10.024517025777));
#2559 = CARTESIAN_POINT('',(4.123940158744,10.123440740564));
#2560 = CARTESIAN_POINT('',(4.126128300842,10.22904265547));
#2561 = CARTESIAN_POINT('',(4.126246175924,10.234742799856));
#2562 = CARTESIAN_POINT('',(4.126363880164,10.240446054031));
#2563 = CARTESIAN_POINT('',(4.126481413759,10.246152406789));
#2564 = CARTESIAN_POINT('',(4.126598776909,10.251861846929));
#2565 = CARTESIAN_POINT('',(4.126715969811,10.257574363252));
#2566 = CARTESIAN_POINT('',(4.126832992663,10.263289944567));
#2567 = ( GEOMETRIC_REPRESENTATION_CONTEXT(2) 
PARAMETRIC_REPRESENTATION_CONTEXT() REPRESENTATION_CONTEXT('2D SPACE',''
  ) );
#2568 = ADVANCED_FACE('',(#2569),#2528,.F.);
#2569 = FACE_BOUND('',#2570,.F.);
#2570 = EDGE_LOOP('',(#2571,#2600,#2624,#2658,#2792,#2821,#2856,#2989,
    #3024,#3054,#3205,#3235,#3262));
#2571 = ORIENTED_EDGE('',*,*,#2572,.F.);
#2572 = EDGE_CURVE('',#2573,#2405,#2575,.T.);
#2573 = VERTEX_POINT('',#2574);
#2574 = CARTESIAN_POINT('',(-38.34017998736,-32.09408977578,2.21));
#2575 = SURFACE_CURVE('',#2576,(#2581,#2593),.PCURVE_S1.);
#2576 = ELLIPSE('',#2577,59.873931152034,50.);
#2577 = AXIS2_PLACEMENT_3D('',#2578,#2579,#2580);
#2578 = CARTESIAN_POINT('',(0.,0.,27.466695131993));
#2579 = DIRECTION('',(-0.550116416595,0.,0.835087976319));
#2580 = DIRECTION('',(0.835087976319,0.,0.550116416595));
#2581 = PCURVE('',#2528,#2582);
#2582 = DEFINITIONAL_REPRESENTATION('',(#2583),#2592);
#2583 = B_SPLINE_CURVE_WITH_KNOTS('',7,(#2584,#2585,#2586,#2587,#2588,
    #2589,#2590,#2591),.UNSPECIFIED.,.F.,.F.,(8,8),(3.838542483726,
    4.024492406868),.PIECEWISE_BEZIER_KNOTS.);
#2584 = CARTESIAN_POINT('',(3.838542483726,3.210000001976));
#2585 = CARTESIAN_POINT('',(3.865106758461,3.7716236471));
#2586 = CARTESIAN_POINT('',(3.891671033195,4.35404038953));
#2587 = CARTESIAN_POINT('',(3.91823530793,4.956602920699));
#2588 = CARTESIAN_POINT('',(3.944799582664,5.578627982842));
#2589 = CARTESIAN_POINT('',(3.971363857399,6.219398229093));
#2590 = CARTESIAN_POINT('',(3.997928132134,6.878164298784));
#2591 = CARTESIAN_POINT('',(4.024492406868,7.554147064504));
#2592 = ( GEOMETRIC_REPRESENTATION_CONTEXT(2) 
PARAMETRIC_REPRESENTATION_CONTEXT() REPRESENTATION_CONTEXT('2D SPACE',''
  ) );
#2593 = PCURVE('',#2420,#2594);
#2594 = DEFINITIONAL_REPRESENTATION('',(#2595),#2599);
#2595 = ELLIPSE('',#2596,59.873931152034,50.);
#2596 = AXIS2_PLACEMENT_2D('',#2597,#2598);
#2597 = CARTESIAN_POINT('',(400.,400.));
#2598 = DIRECTION('',(1.,0.));
#2599 = ( GEOMETRIC_REPRESENTATION_CONTEXT(2) 
PARAMETRIC_REPRESENTATION_CONTEXT() REPRESENTATION_CONTEXT('2D SPACE',''
  ) );
#2600 = ORIENTED_EDGE('',*,*,#2601,.T.);
#2601 = EDGE_CURVE('',#2573,#2602,#2604,.T.);
#2602 = VERTEX_POINT('',#2603);
#2603 = CARTESIAN_POINT('',(-38.34017998736,32.094089775789,2.21));
#2604 = SURFACE_CURVE('',#2605,(#2610,#2617),.PCURVE_S1.);
#2605 = CIRCLE('',#2606,50.);
#2606 = AXIS2_PLACEMENT_3D('',#2607,#2608,#2609);
#2607 = CARTESIAN_POINT('',(0.,0.,2.21));
#2608 = DIRECTION('',(7.703719777549E-33,2.767420499865E-17,1.));
#2609 = DIRECTION('',(-0.766803599747,-0.641881795516,1.7763568394E-17)
  );
#2610 = PCURVE('',#2528,#2611);
#2611 = DEFINITIONAL_REPRESENTATION('',(#2612),#2616);
#2612 = LINE('',#2613,#2614);
#2613 = CARTESIAN_POINT('',(3.838542483726,3.21));
#2614 = VECTOR('',#2615,1.);
#2615 = DIRECTION('',(1.,0.));
#2616 = ( GEOMETRIC_REPRESENTATION_CONTEXT(2) 
PARAMETRIC_REPRESENTATION_CONTEXT() REPRESENTATION_CONTEXT('2D SPACE',''
  ) );
#2617 = PCURVE('',#2392,#2618);
#2618 = DEFINITIONAL_REPRESENTATION('',(#2619),#2623);
#2619 = CIRCLE('',#2620,50.);
#2620 = AXIS2_PLACEMENT_2D('',#2621,#2622);
#2621 = CARTESIAN_POINT('',(0.,0.));
#2622 = DIRECTION('',(-0.766803599747,-0.641881795516));
#2623 = ( GEOMETRIC_REPRESENTATION_CONTEXT(2) 
PARAMETRIC_REPRESENTATION_CONTEXT() REPRESENTATION_CONTEXT('2D SPACE',''
  ) );
#2624 = ORIENTED_EDGE('',*,*,#2625,.F.);
#2625 = EDGE_CURVE('',#2626,#2602,#2628,.T.);
#2626 = VERTEX_POINT('',#2627);
#2627 = CARTESIAN_POINT('',(-31.74567579884,38.629160851288,
    6.554147103405));
#2628 = SURFACE_CURVE('',#2629,(#2634,#2646),.PCURVE_S1.);
#2629 = ELLIPSE('',#2630,59.873931152034,50.);
#2630 = AXIS2_PLACEMENT_3D('',#2631,#2632,#2633);
#2631 = CARTESIAN_POINT('',(0.,0.,27.466695131993));
#2632 = DIRECTION('',(-0.550116416595,0.,0.835087976319));
#2633 = DIRECTION('',(0.835087976319,0.,0.550116416595));
#2634 = PCURVE('',#2528,#2635);
#2635 = DEFINITIONAL_REPRESENTATION('',(#2636),#2645);
#2636 = B_SPLINE_CURVE_WITH_KNOTS('',7,(#2637,#2638,#2639,#2640,#2641,
    #2642,#2643,#2644),.UNSPECIFIED.,.F.,.F.,(8,8),(2.258692900311,
    2.444642823454),.PIECEWISE_BEZIER_KNOTS.);
#2637 = CARTESIAN_POINT('',(8.541878207491,7.554147064503));
#2638 = CARTESIAN_POINT('',(8.568442482225,6.878164298783));
#2639 = CARTESIAN_POINT('',(8.59500675696,6.219398229093));
#2640 = CARTESIAN_POINT('',(8.621571031695,5.578627982842));
#2641 = CARTESIAN_POINT('',(8.648135306429,4.956602920699));
#2642 = CARTESIAN_POINT('',(8.674699581164,4.35404038953));
#2643 = CARTESIAN_POINT('',(8.701263855899,3.7716236471));
#2644 = CARTESIAN_POINT('',(8.727828130633,3.210000001976));
#2645 = ( GEOMETRIC_REPRESENTATION_CONTEXT(2) 
PARAMETRIC_REPRESENTATION_CONTEXT() REPRESENTATION_CONTEXT('2D SPACE',''
  ) );
#2646 = PCURVE('',#2647,#2652);
#2647 = PLANE('',#2648);
#2648 = AXIS2_PLACEMENT_3D('',#2649,#2650,#2651);
#2649 = CARTESIAN_POINT('',(-334.0351905274,-400.,-192.5798715062));
#2650 = DIRECTION('',(-0.550116416595,0.,0.835087976319));
#2651 = DIRECTION('',(0.835087976319,0.,0.550116416595));
#2652 = DEFINITIONAL_REPRESENTATION('',(#2653),#2657);
#2653 = ELLIPSE('',#2654,59.873931152034,50.);
#2654 = AXIS2_PLACEMENT_2D('',#2655,#2656);
#2655 = CARTESIAN_POINT('',(400.,400.));
#2656 = DIRECTION('',(1.,0.));
#2657 = ( GEOMETRIC_REPRESENTATION_CONTEXT(2) 
PARAMETRIC_REPRESENTATION_CONTEXT() REPRESENTATION_CONTEXT('2D SPACE',''
  ) );
#2658 = ORIENTED_EDGE('',*,*,#2659,.F.);
#2659 = EDGE_CURVE('',#2660,#2626,#2662,.T.);
#2660 = VERTEX_POINT('',#2661);
#2661 = CARTESIAN_POINT('',(-27.63314153297,41.670247047729,
    9.263289945386));
#2662 = SURFACE_CURVE('',#2663,(#2720,#2756),.PCURVE_S1.);
#2663 = B_SPLINE_CURVE_WITH_KNOTS('',7,(#2664,#2665,#2666,#2667,#2668,
    #2669,#2670,#2671,#2672,#2673,#2674,#2675,#2676,#2677,#2678,#2679,
    #2680,#2681,#2682,#2683,#2684,#2685,#2686,#2687,#2688,#2689,#2690,
    #2691,#2692,#2693,#2694,#2695,#2696,#2697,#2698,#2699,#2700,#2701,
    #2702,#2703,#2704,#2705,#2706,#2707,#2708,#2709,#2710,#2711,#2712,
    #2713,#2714,#2715,#2716,#2717,#2718,#2719),.UNSPECIFIED.,.F.,.F.,(8,
    6,6,6,6,6,6,6,6,8),(0.,0.31496305838,0.468232611398,0.522110578244,
    0.552755630798,0.61389148951,0.679576596562,0.712716086844,
    0.774438350276,1.),.UNSPECIFIED.);
#2664 = CARTESIAN_POINT('',(-24.5028168445,43.584538160735,
    19.707750706092));
#2665 = CARTESIAN_POINT('',(-24.53057132652,43.568934852357,
    18.770056860305));
#2666 = CARTESIAN_POINT('',(-24.58678359467,43.537306131353,
    17.837934297754));
#2667 = CARTESIAN_POINT('',(-24.6756393837,43.487195470635,
    16.900580582308));
#2668 = CARTESIAN_POINT('',(-24.80419409115,43.414368644649,
    15.953397774166));
#2669 = CARTESIAN_POINT('',(-24.98230291044,43.312641460352,
    14.997974195896));
#2670 = CARTESIAN_POINT('',(-25.22260469194,43.173563106634,
    14.041613438146));
#2671 = CARTESIAN_POINT('',(-25.69451361681,42.893172601502,
    12.63665488195));
#2672 = CARTESIAN_POINT('',(-25.86789341082,42.789280334368,
    12.17752814817));
#2673 = CARTESIAN_POINT('',(-26.06245543918,42.671533241291,
    11.719784088682));
#2674 = CARTESIAN_POINT('',(-26.28076520216,42.537852673499,
    11.264711654472));
#2675 = CARTESIAN_POINT('',(-26.52566077495,42.385775097129,
    10.814261835159));
#2676 = CARTESIAN_POINT('',(-26.8002072647,42.212352888321,
    10.371041105477));
#2677 = CARTESIAN_POINT('',(-27.21568744937,41.944283232533,
    9.786194280527));
#2678 = CARTESIAN_POINT('',(-27.32779264243,41.871493195837,
    9.635403981827));
#2679 = CARTESIAN_POINT('',(-27.4440093521,41.795526090961,
    9.486173489704));
#2680 = CARTESIAN_POINT('',(-27.56440277858,41.716268412168,
    9.338731420294));
#2681 = CARTESIAN_POINT('',(-27.68903262161,41.633603370582,
    9.193300476296));
#2682 = CARTESIAN_POINT('',(-27.81795288684,41.547410595316,
    9.050097477844));
#2683 = CARTESIAN_POINT('',(-28.02700748302,41.406463360343,8.8292687024
    ));
#2684 = CARTESIAN_POINT('',(-28.10419691108,41.354186141253,
    8.750003580779));
#2685 = CARTESIAN_POINT('',(-28.1827723039,41.300722509884,
    8.671593241551));
#2686 = CARTESIAN_POINT('',(-28.26272434326,41.246061470495,
    8.594090501227));
#2687 = CARTESIAN_POINT('',(-28.34404206536,41.190192699048,
    8.517545779806));
#2688 = CARTESIAN_POINT('',(-28.42671286079,41.13310654321,
    8.442007100766));
#2689 = CARTESIAN_POINT('',(-28.67831885468,40.958462486301,
    8.218920988728));
#2690 = CARTESIAN_POINT('',(-28.85129279611,40.837216036617,
    8.074463612385));
#2691 = CARTESIAN_POINT('',(-29.02939634746,40.711076390875,
    7.934640236534));
#2692 = CARTESIAN_POINT('',(-29.21233385141,40.580097226213,
    7.79987882841));
#2693 = CARTESIAN_POINT('',(-29.39976421042,40.444368015858,
    7.670543000645));
#2694 = CARTESIAN_POINT('',(-29.59130315242,40.304017865651,
    7.546931963923));
#2695 = CARTESIAN_POINT('',(-29.99627474737,40.003646072239,
    7.302874299968));
#2696 = CARTESIAN_POINT('',(-30.21011366342,39.84305821302,
    7.183445530686));
#2697 = CARTESIAN_POINT('',(-30.42752102788,39.677671137014,
    7.071256475682));
#2698 = CARTESIAN_POINT('',(-30.64791565188,39.507762810465,
    6.966492738096));
#2699 = CARTESIAN_POINT('',(-30.87066067188,39.333680350607,
    6.869263161118));
#2700 = CARTESIAN_POINT('',(-31.09506784725,39.155846574512,
    6.779599768772));
#2701 = CARTESIAN_POINT('',(-31.43408751026,38.883407942453,
    6.656015343459));
#2702 = CARTESIAN_POINT('',(-31.54803397103,38.79120311267,
    6.616478423778));
#2703 = CARTESIAN_POINT('',(-31.66217790876,38.698191230262,
    6.578831412191));
#2704 = CARTESIAN_POINT('',(-31.77645481623,38.604414466372,
    6.543056381989));
#2705 = CARTESIAN_POINT('',(-31.89079901041,38.509917991608,
    6.509133015231));
#2706 = CARTESIAN_POINT('',(-32.00514363238,38.414749976043,
    6.477038602749));
#2707 = CARTESIAN_POINT('',(-32.33226145951,38.140555826325,
    6.390331912764));
#2708 = CARTESIAN_POINT('',(-32.54481383691,37.960043668339,
    6.340187558592));
#2709 = CARTESIAN_POINT('',(-32.75680467945,37.777619202774,
    6.296102960081));
#2710 = CARTESIAN_POINT('',(-32.96796777641,37.593487455422,
    6.257862048125));
#2711 = CARTESIAN_POINT('',(-33.17804380642,37.40786439035,
    6.225244706058));
#2712 = CARTESIAN_POINT('',(-33.38678033749,37.220976909901,
    6.198026769656));
#2713 = CARTESIAN_POINT('',(-34.35095901833,36.346338131028,
    6.095411050269));
#2714 = CARTESIAN_POINT('',(-35.08712396037,35.64562751475,
    6.083871482794));
#2715 = CARTESIAN_POINT('',(-35.79645410051,34.9370489653,6.129673218167
    ));
#2716 = CARTESIAN_POINT('',(-36.47609467251,34.225442357012,
    6.223339254109));
#2717 = CARTESIAN_POINT('',(-37.12561687102,33.513905501591,
    6.35750486745));
#2718 = CARTESIAN_POINT('',(-37.74624512957,32.803615096731,
    6.526822499723));
#2719 = CARTESIAN_POINT('',(-38.34017998736,32.094089775789,
    6.727892197621));
#2720 = PCURVE('',#2528,#2721);
#2721 = DEFINITIONAL_REPRESENTATION('',(#2722),#2755);
#2722 = B_SPLINE_CURVE_WITH_KNOTS('',7,(#2723,#2724,#2725,#2726,#2727,
    #2728,#2729,#2730,#2731,#2732,#2733,#2734,#2735,#2736,#2737,#2738,
    #2739,#2740,#2741,#2742,#2743,#2744,#2745,#2746,#2747,#2748,#2749,
    #2750,#2751,#2752,#2753,#2754),.UNSPECIFIED.,.F.,.F.,(8,6,6,6,6,8),(
    0.50308772345,0.522110578244,0.552755630798,0.61389148951,
    0.679576596562,0.697235626067),.UNSPECIFIED.);
#2723 = CARTESIAN_POINT('',(8.439537621718,10.263289945371));
#2724 = CARTESIAN_POINT('',(8.440589657675,10.211906836985));
#2725 = CARTESIAN_POINT('',(8.441655253237,10.160780425755));
#2726 = CARTESIAN_POINT('',(8.442734509494,10.109920362064));
#2727 = CARTESIAN_POINT('',(8.443827526897,10.059336204853));
#2728 = CARTESIAN_POINT('',(8.444934405274,10.009037421785));
#2729 = CARTESIAN_POINT('',(8.446055243855,9.959033389421));
#2730 = CARTESIAN_POINT('',(8.449018415305,9.8292687024));
#2731 = CARTESIAN_POINT('',(8.450882934356,9.750003580779));
#2732 = CARTESIAN_POINT('',(8.452783711422,9.671593241551));
#2733 = CARTESIAN_POINT('',(8.454720726731,9.594090501227));
#2734 = CARTESIAN_POINT('',(8.45669392776,9.517545779806));
#2735 = CARTESIAN_POINT('',(8.458703229227,9.442007100766));
#2736 = CARTESIAN_POINT('',(8.464828786272,9.218920988728));
#2737 = CARTESIAN_POINT('',(8.469053463805,9.074463612385));
#2738 = CARTESIAN_POINT('',(8.473418333733,8.934640236534));
#2739 = CARTESIAN_POINT('',(8.477918074224,8.79987882841));
#2740 = CARTESIAN_POINT('',(8.482546245988,8.670543000645));
#2741 = CARTESIAN_POINT('',(8.487295284682,8.546931963923));
#2742 = CARTESIAN_POINT('',(8.49737943476,8.302874299968));
#2743 = CARTESIAN_POINT('',(8.502727818967,8.183445530686));
#2744 = CARTESIAN_POINT('',(8.50819093663,8.071256475682));
#2745 = CARTESIAN_POINT('',(8.513756426898,7.966492738096));
#2746 = CARTESIAN_POINT('',(8.519410251265,7.869263161118));
#2747 = CARTESIAN_POINT('',(8.525136667457,7.779599768772));
#2748 = CARTESIAN_POINT('',(8.532472533015,7.675374327966));
#2749 = CARTESIAN_POINT('',(8.534031027501,7.653832000096));
#2750 = CARTESIAN_POINT('',(8.535593469365,7.632828372458));
#2751 = CARTESIAN_POINT('',(8.537159636767,7.612360901605));
#2752 = CARTESIAN_POINT('',(8.53872930345,7.59242685129));
#2753 = CARTESIAN_POINT('',(8.540302238731,7.573023292466));
#2754 = CARTESIAN_POINT('',(8.541878207507,7.554147103288));
#2755 = ( GEOMETRIC_REPRESENTATION_CONTEXT(2) 
PARAMETRIC_REPRESENTATION_CONTEXT() REPRESENTATION_CONTEXT('2D SPACE',''
  ) );
#2756 = PCURVE('',#1743,#2757);
#2757 = DEFINITIONAL_REPRESENTATION('',(#2758),#2791);
#2758 = B_SPLINE_CURVE_WITH_KNOTS('',7,(#2759,#2760,#2761,#2762,#2763,
    #2764,#2765,#2766,#2767,#2768,#2769,#2770,#2771,#2772,#2773,#2774,
    #2775,#2776,#2777,#2778,#2779,#2780,#2781,#2782,#2783,#2784,#2785,
    #2786,#2787,#2788,#2789,#2790),.UNSPECIFIED.,.F.,.F.,(8,6,6,6,6,8),(
    0.50308772345,0.522110578244,0.552755630798,0.61389148951,
    0.679576596562,0.697235626067),.UNSPECIFIED.);
#2759 = CARTESIAN_POINT('',(8.275257260205,0.999999999977));
#2760 = CARTESIAN_POINT('',(8.278488689333,0.981206916655));
#2761 = CARTESIAN_POINT('',(8.281740562226,0.962919402726));
#2762 = CARTESIAN_POINT('',(8.285012896964,0.945146880017));
#2763 = CARTESIAN_POINT('',(8.288305714822,0.927898645412));
#2764 = CARTESIAN_POINT('',(8.291619040362,0.911183870405));
#2765 = CARTESIAN_POINT('',(8.294952901524,0.895011600662));
#2766 = CARTESIAN_POINT('',(8.303711178362,0.854226203576));
#2767 = CARTESIAN_POINT('',(8.309167691469,0.830496025134));
#2768 = CARTESIAN_POINT('',(8.314675845549,0.808242107155));
#2769 = CARTESIAN_POINT('',(8.320234623942,0.787503429974));
#2770 = CARTESIAN_POINT('',(8.325843016807,0.768316067352));
#2771 = CARTESIAN_POINT('',(8.331500021128,0.750713186477));
#2772 = CARTESIAN_POINT('',(8.34858516669,0.702829244385));
#2773 = CARTESIAN_POINT('',(8.36015854272,0.677350431134));
#2774 = CARTESIAN_POINT('',(8.371907473349,0.6585632986));
#2775 = CARTESIAN_POINT('',(8.383814197958,0.646662591138));
#2776 = CARTESIAN_POINT('',(8.395860390656,0.641764313927));
#2777 = CARTESIAN_POINT('',(8.408027060169,0.643906939832));
#2778 = CARTESIAN_POINT('',(8.433474681681,0.662878841773));
#2779 = CARTESIAN_POINT('',(8.446760978959,0.68078161074));
#2780 = CARTESIAN_POINT('',(8.460129582352,0.706693240112));
#2781 = CARTESIAN_POINT('',(8.473555209585,0.740449003292));
#2782 = CARTESIAN_POINT('',(8.487010818615,0.781789444833));
#2783 = CARTESIAN_POINT('',(8.500467370927,0.830362695142));
#2784 = CARTESIAN_POINT('',(8.517503150998,0.900611073933));
#2785 = CARTESIAN_POINT('',(8.52111093452,0.915987927484));
#2786 = CARTESIAN_POINT('',(8.524716616912,0.931850111316));
#2787 = CARTESIAN_POINT('',(8.528319863058,0.948190177744));
#2788 = CARTESIAN_POINT('',(8.531920331205,0.965000465928));
#2789 = CARTESIAN_POINT('',(8.535517672956,0.982273101865));
#2790 = CARTESIAN_POINT('',(8.539111533278,0.999999998396));
#2791 = ( GEOMETRIC_REPRESENTATION_CONTEXT(2) 
PARAMETRIC_REPRESENTATION_CONTEXT() REPRESENTATION_CONTEXT('2D SPACE',''
  ) );
#2792 = ORIENTED_EDGE('',*,*,#2793,.F.);
#2793 = EDGE_CURVE('',#2794,#2660,#2796,.T.);
#2794 = VERTEX_POINT('',#2795);
#2795 = CARTESIAN_POINT('',(1.416384724412E-14,50.,27.466695131993));
#2796 = SURFACE_CURVE('',#2797,(#2802,#2814),.PCURVE_S1.);
#2797 = ELLIPSE('',#2798,59.873931152034,50.);
#2798 = AXIS2_PLACEMENT_3D('',#2799,#2800,#2801);
#2799 = CARTESIAN_POINT('',(0.,0.,27.466695131993));
#2800 = DIRECTION('',(-0.550116416595,0.,0.835087976319));
#2801 = DIRECTION('',(0.835087976319,0.,0.550116416595));
#2802 = PCURVE('',#2528,#2803);
#2803 = DEFINITIONAL_REPRESENTATION('',(#2804),#2813);
#2804 = B_SPLINE_CURVE_WITH_KNOTS('',7,(#2805,#2806,#2807,#2808,#2809,
    #2810,#2811,#2812),.UNSPECIFIED.,.F.,.F.,(8,8),(1.570796326795,
    2.156352314539),.PIECEWISE_BEZIER_KNOTS.);
#2805 = CARTESIAN_POINT('',(7.853981633974,28.466695143093));
#2806 = CARTESIAN_POINT('',(7.937632489366,25.711434062151));
#2807 = CARTESIAN_POINT('',(8.021283344758,22.956173024771));
#2808 = CARTESIAN_POINT('',(8.104934200151,20.232401757786));
#2809 = CARTESIAN_POINT('',(8.188585055543,17.571612304906));
#2810 = CARTESIAN_POINT('',(8.272235910935,15.004393847226));
#2811 = CARTESIAN_POINT('',(8.355886766327,12.559538286315));
#2812 = CARTESIAN_POINT('',(8.439537621718,10.263289989668));
#2813 = ( GEOMETRIC_REPRESENTATION_CONTEXT(2) 
PARAMETRIC_REPRESENTATION_CONTEXT() REPRESENTATION_CONTEXT('2D SPACE',''
  ) );
#2814 = PCURVE('',#2290,#2815);
#2815 = DEFINITIONAL_REPRESENTATION('',(#2816),#2820);
#2816 = ELLIPSE('',#2817,59.873931152034,50.);
#2817 = AXIS2_PLACEMENT_2D('',#2818,#2819);
#2818 = CARTESIAN_POINT('',(400.,400.));
#2819 = DIRECTION('',(1.,0.));
#2820 = ( GEOMETRIC_REPRESENTATION_CONTEXT(2) 
PARAMETRIC_REPRESENTATION_CONTEXT() REPRESENTATION_CONTEXT('2D SPACE',''
  ) );
#2821 = ORIENTED_EDGE('',*,*,#2822,.F.);
#2822 = EDGE_CURVE('',#2823,#2794,#2825,.T.);
#2823 = VERTEX_POINT('',#2824);
#2824 = CARTESIAN_POINT('',(38.135634393827,32.336873525132,
    9.990169984647));
#2825 = SURFACE_CURVE('',#2826,(#2831,#2844),.PCURVE_S1.);
#2826 = ELLIPSE('',#2827,55.00031790622,50.);
#2827 = AXIS2_PLACEMENT_3D('',#2828,#2829,#2830);
#2828 = CARTESIAN_POINT('',(0.,0.,27.466695131993));
#2829 = DIRECTION('',(0.416609256776,0.,0.909085654473));
#2830 = DIRECTION('',(-0.909085654473,0.,0.416609256776));
#2831 = PCURVE('',#2528,#2832);
#2832 = DEFINITIONAL_REPRESENTATION('',(#2833),#2843);
#2833 = B_SPLINE_CURVE_WITH_KNOTS('',8,(#2834,#2835,#2836,#2837,#2838,
    #2839,#2840,#2841,#2842),.UNSPECIFIED.,.F.,.F.,(9,9),(3.844891757302
    ,4.712388980385),.PIECEWISE_BEZIER_KNOTS.);
#2834 = CARTESIAN_POINT('',(6.98648441089,10.990170053993));
#2835 = CARTESIAN_POINT('',(7.094921563776,12.597112171332));
#2836 = CARTESIAN_POINT('',(7.203358716661,14.438911061712));
#2837 = CARTESIAN_POINT('',(7.311795869547,16.486773779949));
#2838 = CARTESIAN_POINT('',(7.420233022432,18.706016173438));
#2839 = CARTESIAN_POINT('',(7.528670175318,21.057146044309));
#2840 = CARTESIAN_POINT('',(7.637107328204,23.497314898718));
#2841 = CARTESIAN_POINT('',(7.745544481089,25.982005002531));
#2842 = CARTESIAN_POINT('',(7.853981633974,28.466695115259));
#2843 = ( GEOMETRIC_REPRESENTATION_CONTEXT(2) 
PARAMETRIC_REPRESENTATION_CONTEXT() REPRESENTATION_CONTEXT('2D SPACE',''
  ) );
#2844 = PCURVE('',#2845,#2850);
#2845 = PLANE('',#2846);
#2846 = AXIS2_PLACEMENT_3D('',#2847,#2848,#2849);
#2847 = CARTESIAN_POINT('',(-363.6342617892,-400.,194.11039784234));
#2848 = DIRECTION('',(0.416609256776,0.,0.909085654473));
#2849 = DIRECTION('',(0.909085654473,0.,-0.416609256776));
#2850 = DEFINITIONAL_REPRESENTATION('',(#2851),#2855);
#2851 = ELLIPSE('',#2852,55.00031790622,50.);
#2852 = AXIS2_PLACEMENT_2D('',#2853,#2854);
#2853 = CARTESIAN_POINT('',(400.,400.));
#2854 = DIRECTION('',(-1.,0.));
#2855 = ( GEOMETRIC_REPRESENTATION_CONTEXT(2) 
PARAMETRIC_REPRESENTATION_CONTEXT() REPRESENTATION_CONTEXT('2D SPACE',''
  ) );
#2856 = ORIENTED_EDGE('',*,*,#2857,.F.);
#2857 = EDGE_CURVE('',#2858,#2823,#2860,.T.);
#2858 = VERTEX_POINT('',#2859);
#2859 = CARTESIAN_POINT('',(42.339383099891,26.596553136087,
    8.063706163017));
#2860 = SURFACE_CURVE('',#2861,(#2912,#2948),.PCURVE_S1.);
#2861 = B_SPLINE_CURVE_WITH_KNOTS('',7,(#2862,#2863,#2864,#2865,#2866,
    #2867,#2868,#2869,#2870,#2871,#2872,#2873,#2874,#2875,#2876,#2877,
    #2878,#2879,#2880,#2881,#2882,#2883,#2884,#2885,#2886,#2887,#2888,
    #2889,#2890,#2891,#2892,#2893,#2894,#2895,#2896,#2897,#2898,#2899,
    #2900,#2901,#2902,#2903,#2904,#2905,#2906,#2907,#2908,#2909,#2910,
    #2911),.UNSPECIFIED.,.F.,.F.,(8,6,6,6,6,6,6,6,8),(0.,0.272123768785,
    0.355405363103,0.388209932185,0.447729477165,0.524240326415,
    0.579988350698,0.772977858343,1.),.UNSPECIFIED.);
#2862 = CARTESIAN_POINT('',(46.611331357702,18.09375,12.417409846323));
#2863 = CARTESIAN_POINT('',(46.308993823338,18.872602089595,
    11.757677229179));
#2864 = CARTESIAN_POINT('',(45.979627763925,19.676072763738,
    11.130790659194));
#2865 = CARTESIAN_POINT('',(45.615661308218,20.51733606682,
    10.530667828631));
#2866 = CARTESIAN_POINT('',(45.208411215253,21.407033390065,
    9.95985000276));
#2867 = CARTESIAN_POINT('',(44.74896280853,22.35133339885,9.430527196338
    ));
#2868 = CARTESIAN_POINT('',(44.228916155799,23.350357518689,
    8.965352115394));
#2869 = CARTESIAN_POINT('',(43.46521304138,24.716589066425,
    8.487209058943));
#2870 = CARTESIAN_POINT('',(43.279491445536,25.042403433072,
    8.384005183592));
#2871 = CARTESIAN_POINT('',(43.086784931489,25.373761480728,
    8.290761050951));
#2872 = CARTESIAN_POINT('',(42.886920300808,25.710429559553,
    8.208759629769));
#2873 = CARTESIAN_POINT('',(42.679788333574,26.052061818706,
    8.139448020389));
#2874 = CARTESIAN_POINT('',(42.465360262034,26.398197915302,
    8.084439705659));
#2875 = CARTESIAN_POINT('',(42.15639407435,26.886150249436,
    8.030185093828));
#2876 = CARTESIAN_POINT('',(42.067986230583,27.024611553469,
    8.017353312702));
#2877 = CARTESIAN_POINT('',(41.978528624002,27.16354151207,8.00713541561
    ));
#2878 = CARTESIAN_POINT('',(41.888070512999,27.302839376517,
    7.999641077768));
#2879 = CARTESIAN_POINT('',(41.796662503293,27.442406772764,
    7.994975692462));
#2880 = CARTESIAN_POINT('',(41.704356547926,27.582147701442,
    7.993240371053));
#2881 = CARTESIAN_POINT('',(41.442196522028,27.97565492348,
    7.996875329116));
#2882 = CARTESIAN_POINT('',(41.270225073698,28.229877098446,
    8.009185442873));
#2883 = CARTESIAN_POINT('',(41.096050749196,28.483397978314,
    8.032073261895));
#2884 = CARTESIAN_POINT('',(40.920429431244,28.735097795015,
    8.065948731305));
#2885 = CARTESIAN_POINT('',(40.744107630879,28.98396914036,
    8.111020978395));
#2886 = CARTESIAN_POINT('',(40.567816379957,29.229112009553,
    8.167298527339));
#2887 = CARTESIAN_POINT('',(40.166598484064,29.7790356179,8.321090352071
    ));
#2888 = CARTESIAN_POINT('',(39.943274620653,30.07932778976,
    8.425361311944));
#2889 = CARTESIAN_POINT('',(39.723616268632,30.369264920924,
    8.54673106521));
#2890 = CARTESIAN_POINT('',(39.508889490668,30.647735713656,
    8.684060154954));
#2891 = CARTESIAN_POINT('',(39.300292568859,30.91382034675,
    8.835733903273));
#2892 = CARTESIAN_POINT('',(39.098950319984,31.16675364416,
    8.999654149016));
#2893 = CARTESIAN_POINT('',(38.765261850556,31.580130091074,
    9.299702081664));
#2894 = CARTESIAN_POINT('',(38.62874714778,31.74738310604,9.431545249018
    ));
#2895 = CARTESIAN_POINT('',(38.49635707354,31.907904396408,9.56819827448
    ));
#2896 = CARTESIAN_POINT('',(38.368067114186,32.061941473054,
    9.709117387823));
#2897 = CARTESIAN_POINT('',(38.243841787409,32.209733782609,
    9.853776007866));
#2898 = CARTESIAN_POINT('',(38.123635535076,32.351513406527,
    10.001664658511));
#2899 = CARTESIAN_POINT('',(37.604985261477,32.958286522422,
    10.673731449172));
#2900 = CARTESIAN_POINT('',(37.247785872733,33.362402611605,
    11.230960131873));
#2901 = CARTESIAN_POINT('',(36.93123292026,33.711600868833,
    11.808483905671));
#2902 = CARTESIAN_POINT('',(36.649977530919,34.015703952143,
    12.396040975148));
#2903 = CARTESIAN_POINT('',(36.398627242932,34.283013548835,
    12.988322845815));
#2904 = CARTESIAN_POINT('',(36.172111792111,34.52052200661,
    13.584841388271));
#2905 = CARTESIAN_POINT('',(35.723337179392,34.985212700753,
    14.901561737302));
#2906 = CARTESIAN_POINT('',(35.509944202428,35.202079132627,
    15.62188406182));
#2907 = CARTESIAN_POINT('',(35.322199654637,35.390186666627,
    16.345008711343));
#2908 = CARTESIAN_POINT('',(35.156721824643,35.554122897832,
    17.067584102203));
#2909 = CARTESIAN_POINT('',(35.01045053154,35.697686996283,
    17.788681675875));
#2910 = CARTESIAN_POINT('',(34.880757631752,35.823992911915,
    18.509763859845));
#2911 = CARTESIAN_POINT('',(34.765492308459,35.935505347086,
    19.23465970689));
#2912 = PCURVE('',#2528,#2913);
#2913 = DEFINITIONAL_REPRESENTATION('',(#2914),#2947);
#2914 = B_SPLINE_CURVE_WITH_KNOTS('',7,(#2915,#2916,#2917,#2918,#2919,
    #2920,#2921,#2922,#2923,#2924,#2925,#2926,#2927,#2928,#2929,#2930,
    #2931,#2932,#2933,#2934,#2935,#2936,#2937,#2938,#2939,#2940,#2941,
    #2942,#2943,#2944,#2945,#2946),.UNSPECIFIED.,.F.,.F.,(8,6,6,6,6,8),(
    0.350238420382,0.355405363103,0.388209932185,0.447729477165,
    0.524240326415,0.571340021298),.UNSPECIFIED.);
#2915 = CARTESIAN_POINT('',(6.844064700356,9.063706163101));
#2916 = CARTESIAN_POINT('',(6.84457547338,9.060926153994));
#2917 = CARTESIAN_POINT('',(6.84508681046,9.058205957696));
#2918 = CARTESIAN_POINT('',(6.845598709484,9.055545989813));
#2919 = CARTESIAN_POINT('',(6.8461111683,9.052946668444));
#2920 = CARTESIAN_POINT('',(6.846624184712,9.050408414183));
#2921 = CARTESIAN_POINT('',(6.847137756482,9.04793165012));
#2922 = CARTESIAN_POINT('',(6.850916025149,9.030185093828));
#2923 = CARTESIAN_POINT('',(6.854201574479,9.017353312702));
#2924 = CARTESIAN_POINT('',(6.857506332049,9.00713541561));
#2925 = CARTESIAN_POINT('',(6.860828128329,8.999641077768));
#2926 = CARTESIAN_POINT('',(6.864164821533,8.994975692462));
#2927 = CARTESIAN_POINT('',(6.867514297614,8.993240371053));
#2928 = CARTESIAN_POINT('',(6.876971058434,8.996875329116));
#2929 = CARTESIAN_POINT('',(6.88310940906,9.009185442873));
#2930 = CARTESIAN_POINT('',(6.889260886451,9.032073261895));
#2931 = CARTESIAN_POINT('',(6.895398860376,9.065948731305));
#2932 = CARTESIAN_POINT('',(6.901498657133,9.111020978395));
#2933 = CARTESIAN_POINT('',(6.907537510617,9.167298527339));
#2934 = CARTESIAN_POINT('',(6.921152087731,9.321090352071));
#2935 = CARTESIAN_POINT('',(6.928636397447,9.425361311944));
#2936 = CARTESIAN_POINT('',(6.935910927236,9.54673106521));
#2937 = CARTESIAN_POINT('',(6.942943379846,9.684060154954));
#2938 = CARTESIAN_POINT('',(6.949705134691,9.835733903273));
#2939 = CARTESIAN_POINT('',(6.956170707916,9.999654149016));
#2940 = CARTESIAN_POINT('',(6.966100972183,10.280082125074));
#2941 = CARTESIAN_POINT('',(6.969770005771,10.3907681899));
#2942 = CARTESIAN_POINT('',(6.973326903719,10.504949663257));
#2943 = CARTESIAN_POINT('',(6.976774238254,10.622296999075));
#2944 = CARTESIAN_POINT('',(6.980114568588,10.742489415948));
#2945 = CARTESIAN_POINT('',(6.983350444695,10.865214860987));
#2946 = CARTESIAN_POINT('',(6.986484411101,10.990169973679));
#2947 = ( GEOMETRIC_REPRESENTATION_CONTEXT(2) 
PARAMETRIC_REPRESENTATION_CONTEXT() REPRESENTATION_CONTEXT('2D SPACE',''
  ) );
#2948 = PCURVE('',#2949,#2954);
#2949 = CYLINDRICAL_SURFACE('',#2950,18.5);
#2950 = AXIS2_PLACEMENT_3D('',#2951,#2952,#2953);
#2951 = CARTESIAN_POINT('',(26.986290743224,18.09375,13.999604908499));
#2952 = DIRECTION('',(0.416609256776,0.,0.909085654473));
#2953 = DIRECTION('',(0.909085654473,0.,-0.416609256776));
#2954 = DEFINITIONAL_REPRESENTATION('',(#2955),#2988);
#2955 = B_SPLINE_CURVE_WITH_KNOTS('',7,(#2956,#2957,#2958,#2959,#2960,
    #2961,#2962,#2963,#2964,#2965,#2966,#2967,#2968,#2969,#2970,#2971,
    #2972,#2973,#2974,#2975,#2976,#2977,#2978,#2979,#2980,#2981,#2982,
    #2983,#2984,#2985,#2986,#2987),.UNSPECIFIED.,.F.,.F.,(8,6,6,6,6,8),(
    0.350238420382,0.355405363103,0.388209932185,0.447729477165,
    0.524240326415,0.571340021298),.UNSPECIFIED.);
#2956 = CARTESIAN_POINT('',(6.760742430232,0.999999994606));
#2957 = CARTESIAN_POINT('',(6.762058651619,0.991813174996));
#2958 = CARTESIAN_POINT('',(6.76337687981,0.983669111576));
#2959 = CARTESIAN_POINT('',(6.764697116308,0.975568186593));
#2960 = CARTESIAN_POINT('',(6.766019362578,0.967510785142));
#2961 = CARTESIAN_POINT('',(6.767343620049,0.959497295167));
#2962 = CARTESIAN_POINT('',(6.768669890114,0.951528107477));
#2963 = CARTESIAN_POINT('',(6.778431359295,0.893291554949));
#2964 = CARTESIAN_POINT('',(6.786943426624,0.844794840721));
#2965 = CARTESIAN_POINT('',(6.795530537916,0.798237030066));
#2966 = CARTESIAN_POINT('',(6.804188962797,0.753738348649));
#2967 = CARTESIAN_POINT('',(6.812915078713,0.711415690808));
#2968 = CARTESIAN_POINT('',(6.821705370934,0.671382619548));
#2969 = CARTESIAN_POINT('',(6.846615511367,0.565468814232));
#2970 = CARTESIAN_POINT('',(6.862891880908,0.505014864778));
#2971 = CARTESIAN_POINT('',(6.879322962431,0.453259216833));
#2972 = CARTESIAN_POINT('',(6.895850123564,0.410889453366));
#2973 = CARTESIAN_POINT('',(6.9124180138,0.378406692407));
#2974 = CARTESIAN_POINT('',(6.928973899968,0.356123237799));
#2975 = CARTESIAN_POINT('',(6.966668461212,0.328782090023));
#2976 = CARTESIAN_POINT('',(6.987660941674,0.330534535067));
#2977 = CARTESIAN_POINT('',(7.008353603182,0.349358333868));
#2978 = CARTESIAN_POINT('',(7.028659228809,0.384745075918));
#2979 = CARTESIAN_POINT('',(7.048491215664,0.435726096114));
#2980 = CARTESIAN_POINT('',(7.067760944581,0.500862595336));
#2981 = CARTESIAN_POINT('',(7.097834572912,0.625868225642));
#2982 = CARTESIAN_POINT('',(7.109064087335,0.678215035053));
#2983 = CARTESIAN_POINT('',(7.120067113629,0.734966620069));
#2984 = CARTESIAN_POINT('',(7.130846447177,0.795817698506));
#2985 = CARTESIAN_POINT('',(7.141404682339,0.860468598318));
#2986 = CARTESIAN_POINT('',(7.151744257928,0.92862538486));
#2987 = CARTESIAN_POINT('',(7.161867502699,0.999999988147));
#2988 = ( GEOMETRIC_REPRESENTATION_CONTEXT(2) 
PARAMETRIC_REPRESENTATION_CONTEXT() REPRESENTATION_CONTEXT('2D SPACE',''
  ) );
#2989 = ORIENTED_EDGE('',*,*,#2990,.F.);
#2990 = EDGE_CURVE('',#2991,#2858,#2993,.T.);
#2991 = VERTEX_POINT('',#2992);
#2992 = CARTESIAN_POINT('',(50.,-1.224646799147E-14,4.553053566646));
#2993 = SURFACE_CURVE('',#2994,(#2999,#3012),.PCURVE_S1.);
#2994 = ELLIPSE('',#2995,55.00031790622,50.);
#2995 = AXIS2_PLACEMENT_3D('',#2996,#2997,#2998);
#2996 = CARTESIAN_POINT('',(0.,0.,27.466695131993));
#2997 = DIRECTION('',(0.416609256776,0.,0.909085654473));
#2998 = DIRECTION('',(-0.909085654473,0.,0.416609256776));
#2999 = PCURVE('',#2528,#3000);
#3000 = DEFINITIONAL_REPRESENTATION('',(#3001),#3011);
#3001 = B_SPLINE_CURVE_WITH_KNOTS('',8,(#3002,#3003,#3004,#3005,#3006,
    #3007,#3008,#3009,#3010),.UNSPECIFIED.,.F.,.F.,(9,9),(3.14159265359,
    3.702472046678),.PIECEWISE_BEZIER_KNOTS.);
#3002 = CARTESIAN_POINT('',(6.28318530718,5.553053566646));
#3003 = CARTESIAN_POINT('',(6.353295231316,5.553053566646));
#3004 = CARTESIAN_POINT('',(6.423405155452,5.68177342981));
#3005 = CARTESIAN_POINT('',(6.493515079587,5.939212685997));
#3006 = CARTESIAN_POINT('',(6.563625003723,6.324021932855));
#3007 = CARTESIAN_POINT('',(6.633734927859,6.833501663091));
#3008 = CARTESIAN_POINT('',(6.703844851995,7.463637880288));
#3009 = CARTESIAN_POINT('',(6.773954776131,8.2091729315));
#3010 = CARTESIAN_POINT('',(6.844064700267,9.063706218291));
#3011 = ( GEOMETRIC_REPRESENTATION_CONTEXT(2) 
PARAMETRIC_REPRESENTATION_CONTEXT() REPRESENTATION_CONTEXT('2D SPACE',''
  ) );
#3012 = PCURVE('',#3013,#3018);
#3013 = PLANE('',#3014);
#3014 = AXIS2_PLACEMENT_3D('',#3015,#3016,#3017);
#3015 = CARTESIAN_POINT('',(-363.6342617892,-400.,194.11039784234));
#3016 = DIRECTION('',(0.416609256776,0.,0.909085654473));
#3017 = DIRECTION('',(0.909085654473,0.,-0.416609256776));
#3018 = DEFINITIONAL_REPRESENTATION('',(#3019),#3023);
#3019 = ELLIPSE('',#3020,55.00031790622,50.);
#3020 = AXIS2_PLACEMENT_2D('',#3021,#3022);
#3021 = CARTESIAN_POINT('',(400.,400.));
#3022 = DIRECTION('',(-1.,0.));
#3023 = ( GEOMETRIC_REPRESENTATION_CONTEXT(2) 
PARAMETRIC_REPRESENTATION_CONTEXT() REPRESENTATION_CONTEXT('2D SPACE',''
  ) );
#3024 = ORIENTED_EDGE('',*,*,#3025,.F.);
#3025 = EDGE_CURVE('',#3026,#2991,#3028,.T.);
#3026 = VERTEX_POINT('',#3027);
#3027 = CARTESIAN_POINT('',(42.339383099891,-26.59655313608,
    8.063706163017));
#3028 = SURFACE_CURVE('',#3029,(#3034,#3047),.PCURVE_S1.);
#3029 = ELLIPSE('',#3030,55.00031790622,50.);
#3030 = AXIS2_PLACEMENT_3D('',#3031,#3032,#3033);
#3031 = CARTESIAN_POINT('',(0.,0.,27.466695131993));
#3032 = DIRECTION('',(0.416609256776,0.,0.909085654473));
#3033 = DIRECTION('',(-0.909085654473,0.,0.416609256776));
#3034 = PCURVE('',#2528,#3035);
#3035 = DEFINITIONAL_REPRESENTATION('',(#3036),#3046);
#3036 = B_SPLINE_CURVE_WITH_KNOTS('',8,(#3037,#3038,#3039,#3040,#3041,
    #3042,#3043,#3044,#3045),.UNSPECIFIED.,.F.,.F.,(9,9),(2.580713260502
    ,3.14159265359),.PIECEWISE_BEZIER_KNOTS.);
#3037 = CARTESIAN_POINT('',(5.722305914092,9.063706218302));
#3038 = CARTESIAN_POINT('',(5.792415838228,8.209172931511));
#3039 = CARTESIAN_POINT('',(5.862525762364,7.463637880296));
#3040 = CARTESIAN_POINT('',(5.932635686499,6.833501663096));
#3041 = CARTESIAN_POINT('',(6.002745610635,6.324021932857));
#3042 = CARTESIAN_POINT('',(6.072855534771,5.939212685995));
#3043 = CARTESIAN_POINT('',(6.142965458908,5.681773429807));
#3044 = CARTESIAN_POINT('',(6.213075383044,5.553053566646));
#3045 = CARTESIAN_POINT('',(6.28318530718,5.553053566646));
#3046 = ( GEOMETRIC_REPRESENTATION_CONTEXT(2) 
PARAMETRIC_REPRESENTATION_CONTEXT() REPRESENTATION_CONTEXT('2D SPACE',''
  ) );
#3047 = PCURVE('',#3013,#3048);
#3048 = DEFINITIONAL_REPRESENTATION('',(#3049),#3053);
#3049 = ELLIPSE('',#3050,55.00031790622,50.);
#3050 = AXIS2_PLACEMENT_2D('',#3051,#3052);
#3051 = CARTESIAN_POINT('',(400.,400.));
#3052 = DIRECTION('',(-1.,0.));
#3053 = ( GEOMETRIC_REPRESENTATION_CONTEXT(2) 
PARAMETRIC_REPRESENTATION_CONTEXT() REPRESENTATION_CONTEXT('2D SPACE',''
  ) );
#3054 = ORIENTED_EDGE('',*,*,#3055,.F.);
#3055 = EDGE_CURVE('',#3056,#3026,#3058,.T.);
#3056 = VERTEX_POINT('',#3057);
#3057 = CARTESIAN_POINT('',(38.135634393827,-32.33687352513,
    9.990169984647));
#3058 = SURFACE_CURVE('',#3059,(#3116,#3158),.PCURVE_S1.);
#3059 = B_SPLINE_CURVE_WITH_KNOTS('',7,(#3060,#3061,#3062,#3063,#3064,
    #3065,#3066,#3067,#3068,#3069,#3070,#3071,#3072,#3073,#3074,#3075,
    #3076,#3077,#3078,#3079,#3080,#3081,#3082,#3083,#3084,#3085,#3086,
    #3087,#3088,#3089,#3090,#3091,#3092,#3093,#3094,#3095,#3096,#3097,
    #3098,#3099,#3100,#3101,#3102,#3103,#3104,#3105,#3106,#3107,#3108,
    #3109,#3110,#3111,#3112,#3113,#3114,#3115),.UNSPECIFIED.,.F.,.F.,(8,
    6,6,6,6,6,6,6,6,8),(0.,0.284958517442,0.440614210979,0.483714777505,
    0.553482635422,0.601486934608,0.628010911656,0.681678232497,
    0.908978095692,1.),.UNSPECIFIED.);
#3060 = CARTESIAN_POINT('',(34.765492308459,-35.93550534708,
    19.23465970689));
#3061 = CARTESIAN_POINT('',(34.910684555737,-35.79504036942,
    18.321555452562));
#3062 = CARTESIAN_POINT('',(35.077789849661,-35.63205111474,
    17.420660624627));
#3063 = CARTESIAN_POINT('',(35.27123567427,-35.44151068285,
    16.51985436691));
#3064 = CARTESIAN_POINT('',(35.496982333177,-35.21648213877,
    15.614085577302));
#3065 = CARTESIAN_POINT('',(35.762228161993,-34.94800700295,
    14.705700895067));
#3066 = CARTESIAN_POINT('',(36.075088646284,-34.6248156522,
    13.804555643803));
#3067 = CARTESIAN_POINT('',(36.645059953781,-34.01802573228,
    12.449244744365));
#3068 = CARTESIAN_POINT('',(36.863591143664,-33.78242990787,
    11.976515599256));
#3069 = CARTESIAN_POINT('',(37.102236839962,-33.52149114554,
    11.509316082904));
#3070 = CARTESIAN_POINT('',(37.364096513404,-33.23048412429,
    11.049557454709));
#3071 = CARTESIAN_POINT('',(37.652334750228,-32.90398950775,
    10.601606095604));
#3072 = CARTESIAN_POINT('',(37.969963236801,-32.53579527984,
    10.172366495885));
#3073 = CARTESIAN_POINT('',(38.416288323366,-32.00330440226,
    9.660418347993));
#3074 = CARTESIAN_POINT('',(38.515549863076,-31.88405514285,
    9.551539144207));
#3075 = CARTESIAN_POINT('',(38.617279697188,-31.76094822995,
    9.445076161844));
#3076 = CARTESIAN_POINT('',(38.721466246929,-31.63390318937,
    9.341306761253));
#3077 = CARTESIAN_POINT('',(38.828093395288,-31.5028388411,
    9.240506893195));
#3078 = CARTESIAN_POINT('',(38.937140487016,-31.36767329932,
    9.142951098846));
#3079 = CARTESIAN_POINT('',(39.228975747976,-31.00275607789,
    8.89669012738));
#3080 = CARTESIAN_POINT('',(39.416008249267,-30.76576962029,
    8.753376134042));
#3081 = CARTESIAN_POINT('',(39.608788546798,-30.51797280733,
    8.620897976783));
#3082 = CARTESIAN_POINT('',(39.806369709837,-30.26007221897,
    8.500809861296));
#3083 = CARTESIAN_POINT('',(40.007753640383,-29.9928982589,
    8.394297951702));
#3084 = CARTESIAN_POINT('',(40.211895550939,-29.71743060611,
    8.302185570283));
#3085 = CARTESIAN_POINT('',(40.559319549557,-29.24037383685,
    8.171787899028));
#3086 = CARTESIAN_POINT('',(40.701419327273,-29.04295959416,
    8.125788366359));
#3087 = CARTESIAN_POINT('',(40.843611927934,-28.84303206191,
    8.087050677695));
#3088 = CARTESIAN_POINT('',(40.985491521677,-28.64108894495,
    8.055593792448));
#3089 = CARTESIAN_POINT('',(41.126644606837,-28.4376764991,
    8.031344676261));
#3090 = CARTESIAN_POINT('',(41.266652320529,-28.23339150096,
    8.014138226302));
#3091 = CARTESIAN_POINT('',(41.481585705385,-27.91588556732,
    7.997959229907));
#3092 = CARTESIAN_POINT('',(41.557620030164,-27.80279043125,
    7.994271322365));
#3093 = CARTESIAN_POINT('',(41.63315646179,-27.68965934242,7.99260960055
    ));
#3094 = CARTESIAN_POINT('',(41.708156054477,-27.57655589843,
    7.992926656302));
#3095 = CARTESIAN_POINT('',(41.782580178418,-27.46354576151,
    7.995171546686));
#3096 = CARTESIAN_POINT('',(41.85639051979,-27.35069665851,
    7.999289793987));
#3097 = CARTESIAN_POINT('',(42.077574543015,-27.01021205354,
    8.017229125675));
#3098 = CARTESIAN_POINT('',(42.222865861801,-26.78339209667,
    8.036661435614));
#3099 = CARTESIAN_POINT('',(42.365323624623,-26.55787070224,
    8.063045026298));
#3100 = CARTESIAN_POINT('',(42.504863258454,-26.33389381801,
    8.095913118787));
#3101 = CARTESIAN_POINT('',(42.641414064108,-26.11170033745,
    8.13480746365));
#3102 = CARTESIAN_POINT('',(42.774918250616,-25.89152128976,
    8.17927836017));
#3103 = CARTESIAN_POINT('',(43.457669184983,-24.75051737706,
    8.43898476115));
#3104 = CARTESIAN_POINT('',(43.958160831923,-23.86152062306,
    8.742583890992));
#3105 = CARTESIAN_POINT('',(44.408361464625,-23.01381437397,
    9.110769280396));
#3106 = CARTESIAN_POINT('',(44.813600611777,-22.20896938477,
    9.52333360362));
#3107 = CARTESIAN_POINT('',(45.180519174457,-21.44342041918,
    9.968041799191));
#3108 = CARTESIAN_POINT('',(45.516072784079,-20.70968222164,
    10.440035817764));
#3109 = CARTESIAN_POINT('',(45.951309930092,-19.71227900618,
    11.142091713051));
#3110 = CARTESIAN_POINT('',(46.071282115192,-19.43169792627,
    11.346719696316));
#3111 = CARTESIAN_POINT('',(46.186987682933,-19.15563923255,
    11.554857862131));
#3112 = CARTESIAN_POINT('',(46.298638398503,-18.88397930471,
    11.766201953062));
#3113 = CARTESIAN_POINT('',(46.406443046055,-18.61656760859,
    11.980513225215));
#3114 = CARTESIAN_POINT('',(46.510606926898,-18.35322632856,
    12.197618438404));
#3115 = CARTESIAN_POINT('',(46.611331357702,-18.09375,12.417409846323));
#3116 = PCURVE('',#2528,#3117);
#3117 = DEFINITIONAL_REPRESENTATION('',(#3118),#3157);
#3118 = B_SPLINE_CURVE_WITH_KNOTS('',7,(#3119,#3120,#3121,#3122,#3123,
    #3124,#3125,#3126,#3127,#3128,#3129,#3130,#3131,#3132,#3133,#3134,
    #3135,#3136,#3137,#3138,#3139,#3140,#3141,#3142,#3143,#3144,#3145,
    #3146,#3147,#3148,#3149,#3150,#3151,#3152,#3153,#3154,#3155,#3156),
  .UNSPECIFIED.,.F.,.F.,(8,6,6,6,6,6,8),(0.428668640343,0.440614210979,
    0.483714777505,0.553482635422,0.601486934608,0.628010911656,
    0.649736239739),.UNSPECIFIED.);
#3119 = CARTESIAN_POINT('',(5.579886202859,10.990169973542));
#3120 = CARTESIAN_POINT('',(5.580681413968,10.958463931156));
#3121 = CARTESIAN_POINT('',(5.58148312592,10.926903854019));
#3122 = CARTESIAN_POINT('',(5.582291402302,10.89549370846));
#3123 = CARTESIAN_POINT('',(5.583106307044,10.864237552997));
#3124 = CARTESIAN_POINT('',(5.583927904412,10.833139538716));
#3125 = CARTESIAN_POINT('',(5.584756259008,10.802203909664));
#3126 = CARTESIAN_POINT('',(5.588604819756,10.660418347993));
#3127 = CARTESIAN_POINT('',(5.591707913549,10.551539144207));
#3128 = CARTESIAN_POINT('',(5.594901891094,10.445076161844));
#3129 = CARTESIAN_POINT('',(5.598187894452,10.341306761253));
#3130 = CARTESIAN_POINT('',(5.601567033791,10.240506893195));
#3131 = CARTESIAN_POINT('',(5.605040387387,10.142951098846));
#3132 = CARTESIAN_POINT('',(5.614385597883,9.89669012738));
#3133 = CARTESIAN_POINT('',(5.620423479115,9.753376134042));
#3134 = CARTESIAN_POINT('',(5.626702317082,9.620897976783));
#3135 = CARTESIAN_POINT('',(5.633199701953,9.500809861296));
#3136 = CARTESIAN_POINT('',(5.639890769357,9.394297951702));
#3137 = CARTESIAN_POINT('',(5.646747827426,9.302185570283));
#3138 = CARTESIAN_POINT('',(5.658550989644,9.171787899028));
#3139 = CARTESIAN_POINT('',(5.66341567523,9.125788366359));
#3140 = CARTESIAN_POINT('',(5.668322267306,9.087050677695));
#3141 = CARTESIAN_POINT('',(5.673258142774,9.055593792448));
#3142 = CARTESIAN_POINT('',(5.678209809867,9.031344676261));
#3143 = CARTESIAN_POINT('',(5.683162889279,9.014138226302));
#3144 = CARTESIAN_POINT('',(5.690831171429,8.997959229907));
#3145 = CARTESIAN_POINT('',(5.693556719928,8.994271322365));
#3146 = CARTESIAN_POINT('',(5.69627731523,8.99260960055));
#3147 = CARTESIAN_POINT('',(5.698991500073,8.992926656302));
#3148 = CARTESIAN_POINT('',(5.701697785491,8.995171546686));
#3149 = CARTESIAN_POINT('',(5.704394650824,8.999289793987));
#3150 = CARTESIAN_POINT('',(5.70928051184,9.010083487458));
#3151 = CARTESIAN_POINT('',(5.711472722319,9.016160618782));
#3152 = CARTESIAN_POINT('',(5.713656840127,9.023423249449));
#3153 = CARTESIAN_POINT('',(5.715832536812,9.031840077764));
#3154 = CARTESIAN_POINT('',(5.71799949049,9.041380030785));
#3155 = CARTESIAN_POINT('',(5.720157385839,9.052012264534));
#3156 = CARTESIAN_POINT('',(5.722305914098,9.063706164201));
#3157 = ( GEOMETRIC_REPRESENTATION_CONTEXT(2) 
PARAMETRIC_REPRESENTATION_CONTEXT() REPRESENTATION_CONTEXT('2D SPACE',''
  ) );
#3158 = PCURVE('',#3159,#3164);
#3159 = CYLINDRICAL_SURFACE('',#3160,18.5);
#3160 = AXIS2_PLACEMENT_3D('',#3161,#3162,#3163);
#3161 = CARTESIAN_POINT('',(26.986290743224,-18.09375,13.999604908499));
#3162 = DIRECTION('',(0.416609256776,0.,0.909085654473));
#3163 = DIRECTION('',(0.909085654473,0.,-0.416609256776));
#3164 = DEFINITIONAL_REPRESENTATION('',(#3165),#3204);
#3165 = B_SPLINE_CURVE_WITH_KNOTS('',7,(#3166,#3167,#3168,#3169,#3170,
    #3171,#3172,#3173,#3174,#3175,#3176,#3177,#3178,#3179,#3180,#3181,
    #3182,#3183,#3184,#3185,#3186,#3187,#3188,#3189,#3190,#3191,#3192,
    #3193,#3194,#3195,#3196,#3197,#3198,#3199,#3200,#3201,#3202,#3203),
  .UNSPECIFIED.,.F.,.F.,(8,6,6,6,6,6,8),(0.428668640343,0.440614210979,
    0.483714777505,0.553482635422,0.601486934608,0.628010911656,
    0.649736239739),.UNSPECIFIED.);
#3166 = CARTESIAN_POINT('',(5.404503108083,0.999999991956));
#3167 = CARTESIAN_POINT('',(5.407071775628,0.981889439527));
#3168 = CARTESIAN_POINT('',(5.409654176037,0.963987438899));
#3169 = CARTESIAN_POINT('',(5.412250420449,0.946298096555));
#3170 = CARTESIAN_POINT('',(5.414860620232,0.928825596775));
#3171 = CARTESIAN_POINT('',(5.417484887005,0.911574201632));
#3172 = CARTESIAN_POINT('',(5.42012333268,0.894548250979));
#3173 = CARTESIAN_POINT('',(5.43234735432,0.817150542575));
#3174 = CARTESIAN_POINT('',(5.442107544998,0.759523296628));
#3175 = CARTESIAN_POINT('',(5.452055836522,0.70512091721));
#3176 = CARTESIAN_POINT('',(5.462191592118,0.654190724813));
#3177 = CARTESIAN_POINT('',(5.472514343231,0.606976867819));
#3178 = CARTESIAN_POINT('',(5.483023789527,0.563720322504));
#3179 = CARTESIAN_POINT('',(5.511033670188,0.461429277258));
#3180 = CARTESIAN_POINT('',(5.528871423142,0.409064053185));
#3181 = CARTESIAN_POINT('',(5.547156371974,0.368944117365));
#3182 = CARTESIAN_POINT('',(5.565814647122,0.34208787579));
#3183 = CARTESIAN_POINT('',(5.584773337508,0.329157836378));
#3184 = CARTESIAN_POINT('',(5.603958632798,0.330467201465));
#3185 = CARTESIAN_POINT('',(5.636597786811,0.356664603));
#3186 = CARTESIAN_POINT('',(5.649944208294,0.374047170521));
#3187 = CARTESIAN_POINT('',(5.663304349464,0.398070047149));
#3188 = CARTESIAN_POINT('',(5.676648432838,0.428581396137));
#3189 = CARTESIAN_POINT('',(5.689945537359,0.465342554378));
#3190 = CARTESIAN_POINT('',(5.703163351664,0.508028927101));
#3191 = CARTESIAN_POINT('',(5.723508642671,0.582864071295));
#3192 = CARTESIAN_POINT('',(5.730716662644,0.61118805099));
#3193 = CARTESIAN_POINT('',(5.737889302368,0.641146580165));
#3194 = CARTESIAN_POINT('',(5.745023800759,0.672680335569));
#3195 = CARTESIAN_POINT('',(5.752117320543,0.705726912173));
#3196 = CARTESIAN_POINT('',(5.75916694826,0.740220823178));
#3197 = CARTESIAN_POINT('',(5.771905521669,0.805476185417));
#3198 = CARTESIAN_POINT('',(5.777608861725,0.835778589883));
#3199 = CARTESIAN_POINT('',(5.783279427482,0.866969302209));
#3200 = CARTESIAN_POINT('',(5.788916931132,0.899017284989));
#3201 = CARTESIAN_POINT('',(5.794521084279,0.931891870425));
#3202 = CARTESIAN_POINT('',(5.800091598219,0.965562756143));
#3203 = CARTESIAN_POINT('',(5.805628184213,1.000000001007));
#3204 = ( GEOMETRIC_REPRESENTATION_CONTEXT(2) 
PARAMETRIC_REPRESENTATION_CONTEXT() REPRESENTATION_CONTEXT('2D SPACE',''
  ) );
#3205 = ORIENTED_EDGE('',*,*,#3206,.F.);
#3206 = EDGE_CURVE('',#3207,#3056,#3209,.T.);
#3207 = VERTEX_POINT('',#3208);
#3208 = CARTESIAN_POINT('',(-9.184850993605E-15,-50.,27.466695131993));
#3209 = SURFACE_CURVE('',#3210,(#3215,#3228),.PCURVE_S1.);
#3210 = ELLIPSE('',#3211,55.00031790622,50.);
#3211 = AXIS2_PLACEMENT_3D('',#3212,#3213,#3214);
#3212 = CARTESIAN_POINT('',(0.,0.,27.466695131993));
#3213 = DIRECTION('',(0.416609256776,0.,0.909085654473));
#3214 = DIRECTION('',(-0.909085654473,0.,0.416609256776));
#3215 = PCURVE('',#2528,#3216);
#3216 = DEFINITIONAL_REPRESENTATION('',(#3217),#3227);
#3217 = B_SPLINE_CURVE_WITH_KNOTS('',8,(#3218,#3219,#3220,#3221,#3222,
    #3223,#3224,#3225,#3226),.UNSPECIFIED.,.F.,.F.,(9,9),(1.570796326795
    ,2.438293549878),.PIECEWISE_BEZIER_KNOTS.);
#3218 = CARTESIAN_POINT('',(4.712388980385,28.466695115259));
#3219 = CARTESIAN_POINT('',(4.82082613327,25.982005002529));
#3220 = CARTESIAN_POINT('',(4.929263286154,23.497314898712));
#3221 = CARTESIAN_POINT('',(5.037700439039,21.057146044311));
#3222 = CARTESIAN_POINT('',(5.146137591925,18.706016173443));
#3223 = CARTESIAN_POINT('',(5.254574744812,16.486773779956));
#3224 = CARTESIAN_POINT('',(5.363011897698,14.438911061721));
#3225 = CARTESIAN_POINT('',(5.471449050583,12.597112171344));
#3226 = CARTESIAN_POINT('',(5.579886203468,10.990170054005));
#3227 = ( GEOMETRIC_REPRESENTATION_CONTEXT(2) 
PARAMETRIC_REPRESENTATION_CONTEXT() REPRESENTATION_CONTEXT('2D SPACE',''
  ) );
#3228 = PCURVE('',#2845,#3229);
#3229 = DEFINITIONAL_REPRESENTATION('',(#3230),#3234);
#3230 = ELLIPSE('',#3231,55.00031790622,50.);
#3231 = AXIS2_PLACEMENT_2D('',#3232,#3233);
#3232 = CARTESIAN_POINT('',(400.,400.));
#3233 = DIRECTION('',(-1.,0.));
#3234 = ( GEOMETRIC_REPRESENTATION_CONTEXT(2) 
PARAMETRIC_REPRESENTATION_CONTEXT() REPRESENTATION_CONTEXT('2D SPACE',''
  ) );
#3235 = ORIENTED_EDGE('',*,*,#3236,.F.);
#3236 = EDGE_CURVE('',#2272,#3207,#3237,.T.);
#3237 = SURFACE_CURVE('',#3238,(#3243,#3255),.PCURVE_S1.);
#3238 = ELLIPSE('',#3239,59.873931152034,50.);
#3239 = AXIS2_PLACEMENT_3D('',#3240,#3241,#3242);
#3240 = CARTESIAN_POINT('',(0.,0.,27.466695131993));
#3241 = DIRECTION('',(-0.550116416595,0.,0.835087976319));
#3242 = DIRECTION('',(0.835087976319,0.,0.550116416595));
#3243 = PCURVE('',#2528,#3244);
#3244 = DEFINITIONAL_REPRESENTATION('',(#3245),#3254);
#3245 = B_SPLINE_CURVE_WITH_KNOTS('',7,(#3246,#3247,#3248,#3249,#3250,
    #3251,#3252,#3253),.UNSPECIFIED.,.F.,.F.,(8,8),(4.126832992641,
    4.712388980385),.PIECEWISE_BEZIER_KNOTS.);
#3246 = CARTESIAN_POINT('',(4.126832992641,10.26328998967));
#3247 = CARTESIAN_POINT('',(4.210483848032,12.559538286317));
#3248 = CARTESIAN_POINT('',(4.294134703424,15.004393847228));
#3249 = CARTESIAN_POINT('',(4.377785558816,17.571612304907));
#3250 = CARTESIAN_POINT('',(4.461436414209,20.232401757787));
#3251 = CARTESIAN_POINT('',(4.545087269601,22.956173024771));
#3252 = CARTESIAN_POINT('',(4.628738124993,25.711434062151));
#3253 = CARTESIAN_POINT('',(4.712388980385,28.466695143093));
#3254 = ( GEOMETRIC_REPRESENTATION_CONTEXT(2) 
PARAMETRIC_REPRESENTATION_CONTEXT() REPRESENTATION_CONTEXT('2D SPACE',''
  ) );
#3255 = PCURVE('',#2290,#3256);
#3256 = DEFINITIONAL_REPRESENTATION('',(#3257),#3261);
#3257 = ELLIPSE('',#3258,59.873931152034,50.);
#3258 = AXIS2_PLACEMENT_2D('',#3259,#3260);
#3259 = CARTESIAN_POINT('',(400.,400.));
#3260 = DIRECTION('',(1.,0.));
#3261 = ( GEOMETRIC_REPRESENTATION_CONTEXT(2) 
PARAMETRIC_REPRESENTATION_CONTEXT() REPRESENTATION_CONTEXT('2D SPACE',''
  ) );
#3262 = ORIENTED_EDGE('',*,*,#2432,.F.);
#3263 = ADVANCED_FACE('',(#3264),#3159,.F.);
#3264 = FACE_BOUND('',#3265,.F.);
#3265 = EDGE_LOOP('',(#3266,#3294,#3315,#3343,#3537,#3560,#3581,#3602));
#3266 = ORIENTED_EDGE('',*,*,#3267,.F.);
#3267 = EDGE_CURVE('',#3268,#3026,#3270,.T.);
#3268 = VERTEX_POINT('',#3269);
#3269 = CARTESIAN_POINT('',(30.908036618248,0.,13.30238168081));
#3270 = SURFACE_CURVE('',#3271,(#3276,#3283),.PCURVE_S1.);
#3271 = CIRCLE('',#3272,18.5);
#3272 = AXIS2_PLACEMENT_3D('',#3273,#3274,#3275);
#3273 = CARTESIAN_POINT('',(27.4029,-18.09375,14.908690562972));
#3274 = DIRECTION('',(-0.416609256776,-6.938893903907E-17,
    -0.909085654473));
#3275 = DIRECTION('',(0.18946684423,0.978040540541,-8.682750714391E-02)
  );
#3276 = PCURVE('',#3159,#3277);
#3277 = DEFINITIONAL_REPRESENTATION('',(#3278),#3282);
#3278 = LINE('',#3279,#3280);
#3279 = CARTESIAN_POINT('',(7.644027814843,1.));
#3280 = VECTOR('',#3281,1.);
#3281 = DIRECTION('',(-1.,-0.));
#3282 = ( GEOMETRIC_REPRESENTATION_CONTEXT(2) 
PARAMETRIC_REPRESENTATION_CONTEXT() REPRESENTATION_CONTEXT('2D SPACE',''
  ) );
#3283 = PCURVE('',#3013,#3284);
#3284 = DEFINITIONAL_REPRESENTATION('',(#3285),#3293);
#3285 = ( BOUNDED_CURVE() B_SPLINE_CURVE(2,(#3286,#3287,#3288,#3289,
#3290,#3291,#3292),.UNSPECIFIED.,.T.,.F.) B_SPLINE_CURVE_WITH_KNOTS((1,2
    ,2,2,2,1),(-2.094395102393,0.,2.094395102393,4.188790204786,
6.28318530718,8.377580409573),.UNSPECIFIED.) CURVE() 
GEOMETRIC_REPRESENTATION_ITEM() RATIONAL_B_SPLINE_CURVE((1.,0.5,1.,0.5,
1.,0.5,1.)) REPRESENTATION_ITEM('') );
#3286 = CARTESIAN_POINT('',(433.99903679721,400.));
#3287 = CARTESIAN_POINT('',(465.33833109666,393.32177921804));
#3288 = CARTESIAN_POINT('',(443.88517509768,369.52026460902));
#3289 = CARTESIAN_POINT('',(422.43201909871,345.71875));
#3290 = CARTESIAN_POINT('',(412.54588079823,376.19848539097));
#3291 = CARTESIAN_POINT('',(402.65974249776,406.67822078195));
#3292 = CARTESIAN_POINT('',(433.99903679721,400.));
#3293 = ( GEOMETRIC_REPRESENTATION_CONTEXT(2) 
PARAMETRIC_REPRESENTATION_CONTEXT() REPRESENTATION_CONTEXT('2D SPACE',''
  ) );
#3294 = ORIENTED_EDGE('',*,*,#3295,.T.);
#3295 = EDGE_CURVE('',#3268,#3296,#3298,.T.);
#3296 = VERTEX_POINT('',#3297);
#3297 = CARTESIAN_POINT('',(33.824301415679,0.,19.665981262121));
#3298 = SURFACE_CURVE('',#3299,(#3303,#3309),.PCURVE_S1.);
#3299 = LINE('',#3300,#3301);
#3300 = CARTESIAN_POINT('',(30.491427361473,0.,12.393296026337));
#3301 = VECTOR('',#3302,1.);
#3302 = DIRECTION('',(0.416609256776,0.,0.909085654473));
#3303 = PCURVE('',#3159,#3304);
#3304 = DEFINITIONAL_REPRESENTATION('',(#3305),#3308);
#3305 = B_SPLINE_CURVE_WITH_KNOTS('',1,(#3306,#3307),.UNSPECIFIED.,.F.,
  .F.,(2,2),(1.,8.),.PIECEWISE_BEZIER_KNOTS.);
#3306 = CARTESIAN_POINT('',(7.644027814843,1.));
#3307 = CARTESIAN_POINT('',(7.644027814843,8.));
#3308 = ( GEOMETRIC_REPRESENTATION_CONTEXT(2) 
PARAMETRIC_REPRESENTATION_CONTEXT() REPRESENTATION_CONTEXT('2D SPACE',''
  ) );
#3309 = PCURVE('',#2949,#3310);
#3310 = DEFINITIONAL_REPRESENTATION('',(#3311),#3314);
#3311 = B_SPLINE_CURVE_WITH_KNOTS('',1,(#3312,#3313),.UNSPECIFIED.,.F.,
  .F.,(2,2),(1.,8.),.PIECEWISE_BEZIER_KNOTS.);
#3312 = CARTESIAN_POINT('',(4.922342799516,1.));
#3313 = CARTESIAN_POINT('',(4.922342799516,8.));
#3314 = ( GEOMETRIC_REPRESENTATION_CONTEXT(2) 
PARAMETRIC_REPRESENTATION_CONTEXT() REPRESENTATION_CONTEXT('2D SPACE',''
  ) );
#3315 = ORIENTED_EDGE('',*,*,#3316,.F.);
#3316 = EDGE_CURVE('',#3317,#3296,#3319,.T.);
#3317 = VERTEX_POINT('',#3318);
#3318 = CARTESIAN_POINT('',(40.046387500253,-3.002035251435,
    16.814568255508));
#3319 = SURFACE_CURVE('',#3320,(#3325,#3331),.PCURVE_S1.);
#3320 = CIRCLE('',#3321,18.5);
#3321 = AXIS2_PLACEMENT_3D('',#3322,#3323,#3324);
#3322 = CARTESIAN_POINT('',(30.319164797431,-18.09375,21.272290144283));
#3323 = DIRECTION('',(0.416609256776,0.,0.909085654473));
#3324 = DIRECTION('',(0.909085654473,0.,-0.416609256776));
#3325 = PCURVE('',#3159,#3326);
#3326 = DEFINITIONAL_REPRESENTATION('',(#3327),#3330);
#3327 = B_SPLINE_CURVE_WITH_KNOTS('',1,(#3328,#3329),.UNSPECIFIED.,.F.,
  .F.,(2,2),(0.954056433369,1.360842507664),.PIECEWISE_BEZIER_KNOTS.);
#3328 = CARTESIAN_POINT('',(7.237241740548,8.));
#3329 = CARTESIAN_POINT('',(7.644027814843,8.));
#3330 = ( GEOMETRIC_REPRESENTATION_CONTEXT(2) 
PARAMETRIC_REPRESENTATION_CONTEXT() REPRESENTATION_CONTEXT('2D SPACE',''
  ) );
#3331 = PCURVE('',#3332,#3337);
#3332 = PLANE('',#3333);
#3333 = AXIS2_PLACEMENT_3D('',#3334,#3335,#3336);
#3334 = CARTESIAN_POINT('',(30.319164797431,18.09375,21.272290144283));
#3335 = DIRECTION('',(0.416609256776,0.,0.909085654473));
#3336 = DIRECTION('',(0.909085654473,0.,-0.416609256776));
#3337 = DEFINITIONAL_REPRESENTATION('',(#3338),#3342);
#3338 = CIRCLE('',#3339,18.5);
#3339 = AXIS2_PLACEMENT_2D('',#3340,#3341);
#3340 = CARTESIAN_POINT('',(0.,-36.1875));
#3341 = DIRECTION('',(1.,0.));
#3342 = ( GEOMETRIC_REPRESENTATION_CONTEXT(2) 
PARAMETRIC_REPRESENTATION_CONTEXT() REPRESENTATION_CONTEXT('2D SPACE',''
  ) );
#3343 = ORIENTED_EDGE('',*,*,#3344,.T.);
#3344 = EDGE_CURVE('',#3317,#3345,#3347,.T.);
#3345 = VERTEX_POINT('',#3346);
#3346 = CARTESIAN_POINT('',(46.990655330002,-20.53104570629,
    13.632198975815));
#3347 = SURFACE_CURVE('',#3348,(#3386,#3459),.PCURVE_S1.);
#3348 = B_SPLINE_CURVE_WITH_KNOTS('',6,(#3349,#3350,#3351,#3352,#3353,
    #3354,#3355,#3356,#3357,#3358,#3359,#3360,#3361,#3362,#3363,#3364,
    #3365,#3366,#3367,#3368,#3369,#3370,#3371,#3372,#3373,#3374,#3375,
    #3376,#3377,#3378,#3379,#3380,#3381,#3382,#3383,#3384,#3385),
  .UNSPECIFIED.,.F.,.F.,(7,5,5,5,5,5,5,7),(0.,0.28053606937,
    0.379844363748,0.58318643911,0.753545614254,0.83718232226,
    0.999999931523,1.158529150164),.UNSPECIFIED.);
#3349 = CARTESIAN_POINT('',(40.046387500253,-3.002035251435,
    16.814568255508));
#3350 = CARTESIAN_POINT('',(40.374045158363,-3.390687810196,
    16.213760352004));
#3351 = CARTESIAN_POINT('',(40.726965723751,-3.824836804815,
    15.635601107735));
#3352 = CARTESIAN_POINT('',(41.098887721684,-4.306373240542,
    15.085374730023));
#3353 = CARTESIAN_POINT('',(41.483192179622,-4.836140217918,
    14.568424817851));
#3354 = CARTESIAN_POINT('',(41.87348463015,-5.413743893267,
    14.090008933047));
#3355 = CARTESIAN_POINT('',(42.401992716813,-6.25843735933,
    13.501234069493));
#3356 = CARTESIAN_POINT('',(42.540148511501,-6.485033732634,
    13.352790031875));
#3357 = CARTESIAN_POINT('',(42.677990336715,-6.717262879695,
    13.210087615031));
#3358 = CARTESIAN_POINT('',(42.81523471955,-6.954979244274,
    13.073365745262));
#3359 = CARTESIAN_POINT('',(42.951610343819,-7.198014117128,
    12.942848888221));
#3360 = CARTESIAN_POINT('',(43.363793667063,-7.954305457709,
    12.564638735158));
#3361 = CARTESIAN_POINT('',(43.636090532511,-8.484084000427,
    12.337348278598));
#3362 = CARTESIAN_POINT('',(43.901260967641,-9.033385653744,
    12.138959604061));
#3363 = CARTESIAN_POINT('',(44.157131090327,-9.599614493474,
    11.971083667969));
#3364 = CARTESIAN_POINT('',(44.401948133682,-10.17977685896,
    11.834842119735));
#3365 = CARTESIAN_POINT('',(44.829188803794,-11.26554855828,
    11.643699875566));
#3366 = CARTESIAN_POINT('',(45.015211795217,-11.76778234945,
    11.579225908039));
#3367 = CARTESIAN_POINT('',(45.191739063618,-12.27531493015,
    11.537734731808));
#3368 = CARTESIAN_POINT('',(45.358261716186,-12.78605175695,
    11.51928310631));
#3369 = CARTESIAN_POINT('',(45.514517898441,-13.29781563826,
    11.523658171879));
#3370 = CARTESIAN_POINT('',(45.732163278653,-14.0590595581,
    11.563486711949));
#3371 = CARTESIAN_POINT('',(45.801358850309,-14.30945992418,
    11.581986823517));
#3372 = CARTESIAN_POINT('',(45.868090462715,-14.55936672321,
    11.605817776682));
#3373 = CARTESIAN_POINT('',(45.932377903875,-14.80855180758,
    11.634914023108));
#3374 = CARTESIAN_POINT('',(45.994253201354,-15.05678758923,
    11.669198846452));
#3375 = CARTESIAN_POINT('',(46.169605162774,-15.78480366765,
    11.785257102063));
#3376 = CARTESIAN_POINT('',(46.276456826277,-16.26122395426,
    11.881247786401));
#3377 = CARTESIAN_POINT('',(46.374703097168,-16.73168019678,
    11.995932880406));
#3378 = CARTESIAN_POINT('',(46.46488065812,-17.19479295573,
    12.128603257431));
#3379 = CARTESIAN_POINT('',(46.547656069578,-17.649237458,
    12.278463603443));
#3380 = CARTESIAN_POINT('',(46.697951133259,-18.52655469648,
    12.606423398163));
#3381 = CARTESIAN_POINT('',(46.765830616727,-18.95003363964,
    12.783708620304));
#3382 = CARTESIAN_POINT('',(46.828177848043,-19.36314179774,
    12.975731120517));
#3383 = CARTESIAN_POINT('',(46.88582245118,-19.76491631408,
    13.181701963266));
#3384 = CARTESIAN_POINT('',(46.939665672908,-20.15448014642,
    13.400804458562));
#3385 = CARTESIAN_POINT('',(46.990655330002,-20.53104570629,
    13.632198975815));
#3386 = PCURVE('',#3159,#3387);
#3387 = DEFINITIONAL_REPRESENTATION('',(#3388),#3458);
#3388 = B_SPLINE_CURVE_WITH_KNOTS('',3,(#3389,#3390,#3391,#3392,#3393,
    #3394,#3395,#3396,#3397,#3398,#3399,#3400,#3401,#3402,#3403,#3404,
    #3405,#3406,#3407,#3408,#3409,#3410,#3411,#3412,#3413,#3414,#3415,
    #3416,#3417,#3418,#3419,#3420,#3421,#3422,#3423,#3424,#3425,#3426,
    #3427,#3428,#3429,#3430,#3431,#3432,#3433,#3434,#3435,#3436,#3437,
    #3438,#3439,#3440,#3441,#3442,#3443,#3444,#3445,#3446,#3447,#3448,
    #3449,#3450,#3451,#3452,#3453,#3454,#3455,#3456,#3457),
  .UNSPECIFIED.,.F.,.F.,(4,1,1,1,1,1,1,1,1,1,1,1,1,1,1,1,1,1,1,1,1,1,1,1
    ,1,1,1,1,1,1,1,1,1,1,1,1,1,1,1,1,1,1,1,1,1,1,1,1,1,1,1,1,1,1,1,1,1,1
    ,1,1,1,1,1,1,1,1,4),(0.,1.755347197218E-02,3.510694394437E-02,
    5.266041591655E-02,7.021388788874E-02,8.776735986092E-02,
    0.105320831833,0.122874303805,0.140427775777,0.15798124775,
    0.175534719722,0.193088191694,0.210641663666,0.228195135638,
    0.245748607611,0.263302079583,0.280855551555,0.298409023527,
    0.315962495499,0.333515967472,0.351069439444,0.368622911416,
    0.386176383388,0.40372985536,0.421283327332,0.438836799305,
    0.456390271277,0.473943743249,0.491497215221,0.509050687193,
    0.526604159166,0.544157631138,0.56171110311,0.579264575082,
    0.596818047054,0.614371519026,0.631924990999,0.649478462971,
    0.667031934943,0.684585406915,0.702138878887,0.71969235086,
    0.737245822832,0.754799294804,0.772352766776,0.789906238748,
    0.80745971072,0.825013182693,0.842566654665,0.860120126637,
    0.877673598609,0.895227070581,0.912780542554,0.930334014526,
    0.947887486498,0.96544095847,0.982994430442,1.000547902415,
    1.018101374387,1.035654846359,1.053208318331,1.070761790303,
    1.088315262275,1.105868734248,1.12342220622,1.140975678192,
    1.158529150164),.QUASI_UNIFORM_KNOTS.);
#3389 = CARTESIAN_POINT('',(7.237241740548,8.));
#3390 = CARTESIAN_POINT('',(7.232696237976,7.948731565));
#3391 = CARTESIAN_POINT('',(7.223526189155,7.847413008814));
#3392 = CARTESIAN_POINT('',(7.209539927184,7.6991539145));
#3393 = CARTESIAN_POINT('',(7.195328427048,7.554677514728));
#3394 = CARTESIAN_POINT('',(7.180897610331,7.414047217891));
#3395 = CARTESIAN_POINT('',(7.166253366038,7.277326153573));
#3396 = CARTESIAN_POINT('',(7.151401539527,7.144577172549));
#3397 = CARTESIAN_POINT('',(7.13634792497,7.015862910876));
#3398 = CARTESIAN_POINT('',(7.121098258323,6.891245829116));
#3399 = CARTESIAN_POINT('',(7.105658211693,6.770788251138));
#3400 = CARTESIAN_POINT('',(7.090033388365,6.654552393642));
#3401 = CARTESIAN_POINT('',(7.074229320256,6.542600397371));
#3402 = CARTESIAN_POINT('',(7.058251461235,6.434994325033));
#3403 = CARTESIAN_POINT('',(7.042105200458,6.331796254843));
#3404 = CARTESIAN_POINT('',(7.025795805303,6.233067989055));
#3405 = CARTESIAN_POINT('',(7.009328631054,6.138872171098));
#3406 = CARTESIAN_POINT('',(6.99270833872,6.049268117443));
#3407 = CARTESIAN_POINT('',(6.975941820522,5.964327360077));
#3408 = CARTESIAN_POINT('',(6.959038029558,5.884128440744));
#3409 = CARTESIAN_POINT('',(6.942003773504,5.808735985541));
#3410 = CARTESIAN_POINT('',(6.924846348361,5.73821468293));
#3411 = CARTESIAN_POINT('',(6.907572744388,5.672625357283));
#3412 = CARTESIAN_POINT('',(6.890190283445,5.612027302579));
#3413 = CARTESIAN_POINT('',(6.87270417659,5.556470849597));
#3414 = CARTESIAN_POINT('',(6.855124081538,5.506018131268));
#3415 = CARTESIAN_POINT('',(6.837459308794,5.460724096466));
#3416 = CARTESIAN_POINT('',(6.819719178911,5.420638291486));
#3417 = CARTESIAN_POINT('',(6.801912936077,5.385804469692));
#3418 = CARTESIAN_POINT('',(6.784049782044,5.356260768174));
#3419 = CARTESIAN_POINT('',(6.76613887652,5.332039716593));
#3420 = CARTESIAN_POINT('',(6.748189355117,5.313168278712));
#3421 = CARTESIAN_POINT('',(6.730210313921,5.299667859421));
#3422 = CARTESIAN_POINT('',(6.712210912863,5.291554345501));
#3423 = CARTESIAN_POINT('',(6.694200039672,5.288837974392));
#3424 = CARTESIAN_POINT('',(6.67618761456,5.291523785597));
#3425 = CARTESIAN_POINT('',(6.658186747189,5.299607839221));
#3426 = CARTESIAN_POINT('',(6.64020579393,5.313079931804));
#3427 = CARTESIAN_POINT('',(6.622254230562,5.331924347434));
#3428 = CARTESIAN_POINT('',(6.604341244915,5.356119622761));
#3429 = CARTESIAN_POINT('',(6.586476129737,5.385638563266));
#3430 = CARTESIAN_POINT('',(6.568668180287,5.420448227677));
#3431 = CARTESIAN_POINT('',(6.550926770134,5.460509788517));
#3432 = CARTESIAN_POINT('',(6.533261206926,5.505778920012));
#3433 = CARTESIAN_POINT('',(6.51568128785,5.556204200396));
#3434 = CARTESIAN_POINT('',(6.498195250323,5.611732999659));
#3435 = CARTESIAN_POINT('',(6.480809828791,5.672314243343));
#3436 = CARTESIAN_POINT('',(6.463532810232,5.737890480826));
#3437 = CARTESIAN_POINT('',(6.446371827416,5.808401177695));
#3438 = CARTESIAN_POINT('',(6.429334421364,5.883783331377));
#3439 = CARTESIAN_POINT('',(6.41242948857,5.963964037768));
#3440 = CARTESIAN_POINT('',(6.395662784932,6.048881742404));
#3441 = CARTESIAN_POINT('',(6.37904020744,6.138473949422));
#3442 = CARTESIAN_POINT('',(6.362567686242,6.232677214758));
#3443 = CARTESIAN_POINT('',(6.346251228654,6.331427014054));
#3444 = CARTESIAN_POINT('',(6.330096909203,6.434657737303));
#3445 = CARTESIAN_POINT('',(6.314110919234,6.54230230184));
#3446 = CARTESIAN_POINT('',(6.298299427812,6.654293165205));
#3447 = CARTESIAN_POINT('',(6.282669133415,6.770558120158));
#3448 = CARTESIAN_POINT('',(6.267225231449,6.891035601214));
#3449 = CARTESIAN_POINT('',(6.251972156179,7.015671394922));
#3450 = CARTESIAN_POINT('',(6.236915678063,7.144401952769));
#3451 = CARTESIAN_POINT('',(6.22206125205,7.277166791977));
#3452 = CARTESIAN_POINT('',(6.207414462229,7.41390508064));
#3453 = CARTESIAN_POINT('',(6.192980903228,7.554556460558));
#3454 = CARTESIAN_POINT('',(6.17876621248,7.699060734971));
#3455 = CARTESIAN_POINT('',(6.164776056576,7.847357858955));
#3456 = CARTESIAN_POINT('',(6.155602782154,7.948711189194));
#3457 = CARTESIAN_POINT('',(6.15105546852,8.));
#3458 = ( GEOMETRIC_REPRESENTATION_CONTEXT(2) 
PARAMETRIC_REPRESENTATION_CONTEXT() REPRESENTATION_CONTEXT('2D SPACE',''
  ) );
#3459 = PCURVE('',#3460,#3465);
#3460 = CYLINDRICAL_SURFACE('',#3461,14.025);
#3461 = AXIS2_PLACEMENT_3D('',#3462,#3463,#3464);
#3462 = CARTESIAN_POINT('',(30.735774054207,-18.09375,22.181375798756));
#3463 = DIRECTION('',(0.917245625869,0.320414326196,0.236632883159));
#3464 = DIRECTION('',(-0.329780374171,0.944057680871,-1.387778780781E-17
    ));
#3465 = DEFINITIONAL_REPRESENTATION('',(#3466),#3536);
#3466 = B_SPLINE_CURVE_WITH_KNOTS('',3,(#3467,#3468,#3469,#3470,#3471,
    #3472,#3473,#3474,#3475,#3476,#3477,#3478,#3479,#3480,#3481,#3482,
    #3483,#3484,#3485,#3486,#3487,#3488,#3489,#3490,#3491,#3492,#3493,
    #3494,#3495,#3496,#3497,#3498,#3499,#3500,#3501,#3502,#3503,#3504,
    #3505,#3506,#3507,#3508,#3509,#3510,#3511,#3512,#3513,#3514,#3515,
    #3516,#3517,#3518,#3519,#3520,#3521,#3522,#3523,#3524,#3525,#3526,
    #3527,#3528,#3529,#3530,#3531,#3532,#3533,#3534,#3535),
  .UNSPECIFIED.,.F.,.F.,(4,1,1,1,1,1,1,1,1,1,1,1,1,1,1,1,1,1,1,1,1,1,1,1
    ,1,1,1,1,1,1,1,1,1,1,1,1,1,1,1,1,1,1,1,1,1,1,1,1,1,1,1,1,1,1,1,1,1,1
    ,1,1,1,1,1,1,1,1,4),(0.,1.755347197218E-02,3.510694394437E-02,
    5.266041591655E-02,7.021388788874E-02,8.776735986092E-02,
    0.105320831833,0.122874303805,0.140427775777,0.15798124775,
    0.175534719722,0.193088191694,0.210641663666,0.228195135638,
    0.245748607611,0.263302079583,0.280855551555,0.298409023527,
    0.315962495499,0.333515967472,0.351069439444,0.368622911416,
    0.386176383388,0.40372985536,0.421283327332,0.438836799305,
    0.456390271277,0.473943743249,0.491497215221,0.509050687193,
    0.526604159166,0.544157631138,0.56171110311,0.579264575082,
    0.596818047054,0.614371519026,0.631924990999,0.649478462971,
    0.667031934943,0.684585406915,0.702138878887,0.71969235086,
    0.737245822832,0.754799294804,0.772352766776,0.789906238748,
    0.80745971072,0.825013182693,0.842566654665,0.860120126637,
    0.877673598609,0.895227070581,0.912780542554,0.930334014526,
    0.947887486498,0.96544095847,0.982994430442,1.000547902415,
    1.018101374387,1.035654846359,1.053208318331,1.070761790303,
    1.088315262275,1.105868734248,1.12342220622,1.140975678192,
    1.158529150164),.QUASI_UNIFORM_KNOTS.);
#3467 = CARTESIAN_POINT('',(5.634590556878,12.105757927532));
#3468 = CARTESIAN_POINT('',(5.627574733884,12.109993017507));
#3469 = CARTESIAN_POINT('',(5.613500927901,12.11900934721));
#3470 = CARTESIAN_POINT('',(5.592265835585,12.134023129757));
#3471 = CARTESIAN_POINT('',(5.570908480164,12.150376731706));
#3472 = CARTESIAN_POINT('',(5.549430899296,12.167921760092));
#3473 = CARTESIAN_POINT('',(5.527835073939,12.186510966994));
#3474 = CARTESIAN_POINT('',(5.506122919191,12.205998648907));
#3475 = CARTESIAN_POINT('',(5.484296284836,12.226240935698));
#3476 = CARTESIAN_POINT('',(5.462356953545,12.247096087172));
#3477 = CARTESIAN_POINT('',(5.440306640068,12.268424765487));
#3478 = CARTESIAN_POINT('',(5.418146989914,12.290090292453));
#3479 = CARTESIAN_POINT('',(5.395879580081,12.311958887313));
#3480 = CARTESIAN_POINT('',(5.373505912866,12.333899893612));
#3481 = CARTESIAN_POINT('',(5.351027435894,12.355785965098));
#3482 = CARTESIAN_POINT('',(5.328445464573,12.377493322298));
#3483 = CARTESIAN_POINT('',(5.305761468779,12.398901663255));
#3484 = CARTESIAN_POINT('',(5.282976000187,12.419895282799));
#3485 = CARTESIAN_POINT('',(5.260092696118,12.4403595962));
#3486 = CARTESIAN_POINT('',(5.237117967281,12.460182189699));
#3487 = CARTESIAN_POINT('',(5.214055270945,12.479258137283));
#3488 = CARTESIAN_POINT('',(5.19090872113,12.497486979157));
#3489 = CARTESIAN_POINT('',(5.167682008114,12.514773868565));
#3490 = CARTESIAN_POINT('',(5.144379257339,12.531029205093));
#3491 = CARTESIAN_POINT('',(5.121001768217,12.546170859784));
#3492 = CARTESIAN_POINT('',(5.097556778779,12.560118657196));
#3493 = CARTESIAN_POINT('',(5.074051017745,12.572799639784));
#3494 = CARTESIAN_POINT('',(5.050491196572,12.584147828557));
#3495 = CARTESIAN_POINT('',(5.026883897879,12.594104522833));
#3496 = CARTESIAN_POINT('',(5.003235626219,12.602618429308));
#3497 = CARTESIAN_POINT('',(4.979552812476,12.609645810752));
#3498 = CARTESIAN_POINT('',(4.955841841002,12.615150602829));
#3499 = CARTESIAN_POINT('',(4.93210903204,12.619104514762));
#3500 = CARTESIAN_POINT('',(4.908360780344,12.621487102458));
#3501 = CARTESIAN_POINT('',(4.88460311406,12.622285843914));
#3502 = CARTESIAN_POINT('',(4.860843416927,12.621496108992));
#3503 = CARTESIAN_POINT('',(4.837093278455,12.619122189298));
#3504 = CARTESIAN_POINT('',(4.813358024224,12.615176468297));
#3505 = CARTESIAN_POINT('',(4.789644463638,12.609679363216));
#3506 = CARTESIAN_POINT('',(4.765959036041,12.602659202973));
#3507 = CARTESIAN_POINT('',(4.742308331858,12.594152120667));
#3508 = CARTESIAN_POINT('',(4.718698960842,12.584201930391));
#3509 = CARTESIAN_POINT('',(4.695137656609,12.572860052179));
#3510 = CARTESIAN_POINT('',(4.671631088907,12.560185260122));
#3511 = CARTESIAN_POINT('',(4.648186608958,12.546244089646));
#3512 = CARTESIAN_POINT('',(4.624809523257,12.531108760746));
#3513 = CARTESIAN_POINT('',(4.601503141291,12.514856580916));
#3514 = CARTESIAN_POINT('',(4.578272190709,12.497571666094));
#3515 = CARTESIAN_POINT('',(4.555121213129,12.479343807644));
#3516 = CARTESIAN_POINT('',(4.532054637465,12.460268510827));
#3517 = CARTESIAN_POINT('',(4.509078759479,12.440448341905));
#3518 = CARTESIAN_POINT('',(4.486195639572,12.419987157808));
#3519 = CARTESIAN_POINT('',(4.463407507552,12.398993585708));
#3520 = CARTESIAN_POINT('',(4.440716623631,12.377580655546));
#3521 = CARTESIAN_POINT('',(4.41812533735,12.355865637325));
#3522 = CARTESIAN_POINT('',(4.395636076159,12.333969806395));
#3523 = CARTESIAN_POINT('',(4.373251418369,12.312018292012));
#3524 = CARTESIAN_POINT('',(4.350973899319,12.290139664802));
#3525 = CARTESIAN_POINT('',(4.328806800127,12.268466485314));
#3526 = CARTESIAN_POINT('',(4.306751264736,12.247132262071));
#3527 = CARTESIAN_POINT('',(4.284807295817,12.226272018709));
#3528 = CARTESIAN_POINT('',(4.262976758101,12.20602526807));
#3529 = CARTESIAN_POINT('',(4.241261035981,12.186533432547));
#3530 = CARTESIAN_POINT('',(4.219661671052,12.167940187524));
#3531 = CARTESIAN_POINT('',(4.198180200243,12.150391012983));
#3532 = CARTESIAN_POINT('',(4.176818209966,12.134032989398));
#3533 = CARTESIAN_POINT('',(4.155577323587,12.119014408279));
#3534 = CARTESIAN_POINT('',(4.141498599413,12.109994722656));
#3535 = CARTESIAN_POINT('',(4.134479983246,12.105757927532));
#3536 = ( GEOMETRIC_REPRESENTATION_CONTEXT(2) 
PARAMETRIC_REPRESENTATION_CONTEXT() REPRESENTATION_CONTEXT('2D SPACE',''
  ) );
#3537 = ORIENTED_EDGE('',*,*,#3538,.F.);
#3538 = EDGE_CURVE('',#3539,#3345,#3541,.T.);
#3539 = VERTEX_POINT('',#3540);
#3540 = CARTESIAN_POINT('',(26.814028179183,0.,22.878599026445));
#3541 = SURFACE_CURVE('',#3542,(#3547,#3553),.PCURVE_S1.);
#3542 = CIRCLE('',#3543,18.5);
#3543 = AXIS2_PLACEMENT_3D('',#3544,#3545,#3546);
#3544 = CARTESIAN_POINT('',(30.319164797431,-18.09375,21.272290144283));
#3545 = DIRECTION('',(0.416609256776,0.,0.909085654473));
#3546 = DIRECTION('',(0.909085654473,0.,-0.416609256776));
#3547 = PCURVE('',#3159,#3548);
#3548 = DEFINITIONAL_REPRESENTATION('',(#3549),#3552);
#3549 = B_SPLINE_CURVE_WITH_KNOTS('',1,(#3550,#3551),.UNSPECIFIED.,.F.,
  .F.,(2,2),(1.780750145926,6.15105546852),.PIECEWISE_BEZIER_KNOTS.);
#3550 = CARTESIAN_POINT('',(1.780750145926,8.));
#3551 = CARTESIAN_POINT('',(6.15105546852,8.));
#3552 = ( GEOMETRIC_REPRESENTATION_CONTEXT(2) 
PARAMETRIC_REPRESENTATION_CONTEXT() REPRESENTATION_CONTEXT('2D SPACE',''
  ) );
#3553 = PCURVE('',#3332,#3554);
#3554 = DEFINITIONAL_REPRESENTATION('',(#3555),#3559);
#3555 = CIRCLE('',#3556,18.5);
#3556 = AXIS2_PLACEMENT_2D('',#3557,#3558);
#3557 = CARTESIAN_POINT('',(0.,-36.1875));
#3558 = DIRECTION('',(1.,0.));
#3559 = ( GEOMETRIC_REPRESENTATION_CONTEXT(2) 
PARAMETRIC_REPRESENTATION_CONTEXT() REPRESENTATION_CONTEXT('2D SPACE',''
  ) );
#3560 = ORIENTED_EDGE('',*,*,#3561,.F.);
#3561 = EDGE_CURVE('',#3562,#3539,#3564,.T.);
#3562 = VERTEX_POINT('',#3563);
#3563 = CARTESIAN_POINT('',(23.897763381752,0.,16.514999445134));
#3564 = SURFACE_CURVE('',#3565,(#3569,#3575),.PCURVE_S1.);
#3565 = LINE('',#3566,#3567);
#3566 = CARTESIAN_POINT('',(23.481154124976,0.,15.605913790661));
#3567 = VECTOR('',#3568,1.);
#3568 = DIRECTION('',(0.416609256776,0.,0.909085654473));
#3569 = PCURVE('',#3159,#3570);
#3570 = DEFINITIONAL_REPRESENTATION('',(#3571),#3574);
#3571 = B_SPLINE_CURVE_WITH_KNOTS('',1,(#3572,#3573),.UNSPECIFIED.,.F.,
  .F.,(2,2),(1.,8.),.PIECEWISE_BEZIER_KNOTS.);
#3572 = CARTESIAN_POINT('',(1.780750145926,1.));
#3573 = CARTESIAN_POINT('',(1.780750145926,8.));
#3574 = ( GEOMETRIC_REPRESENTATION_CONTEXT(2) 
PARAMETRIC_REPRESENTATION_CONTEXT() REPRESENTATION_CONTEXT('2D SPACE',''
  ) );
#3575 = PCURVE('',#2949,#3576);
#3576 = DEFINITIONAL_REPRESENTATION('',(#3577),#3580);
#3577 = B_SPLINE_CURVE_WITH_KNOTS('',1,(#3578,#3579),.UNSPECIFIED.,.F.,
  .F.,(2,2),(1.,8.),.PIECEWISE_BEZIER_KNOTS.);
#3578 = CARTESIAN_POINT('',(10.785620468433,1.));
#3579 = CARTESIAN_POINT('',(10.785620468433,8.));
#3580 = ( GEOMETRIC_REPRESENTATION_CONTEXT(2) 
PARAMETRIC_REPRESENTATION_CONTEXT() REPRESENTATION_CONTEXT('2D SPACE',''
  ) );
#3581 = ORIENTED_EDGE('',*,*,#3582,.T.);
#3582 = EDGE_CURVE('',#3562,#3056,#3583,.T.);
#3583 = SURFACE_CURVE('',#3584,(#3589,#3595),.PCURVE_S1.);
#3584 = CIRCLE('',#3585,18.5);
#3585 = AXIS2_PLACEMENT_3D('',#3586,#3587,#3588);
#3586 = CARTESIAN_POINT('',(27.4029,-18.09375,14.908690562972));
#3587 = DIRECTION('',(0.416609256776,0.,0.909085654473));
#3588 = DIRECTION('',(0.909085654473,0.,-0.416609256776));
#3589 = PCURVE('',#3159,#3590);
#3590 = DEFINITIONAL_REPRESENTATION('',(#3591),#3594);
#3591 = B_SPLINE_CURVE_WITH_KNOTS('',1,(#3592,#3593),.UNSPECIFIED.,.F.,
  .F.,(2,2),(1.780750145926,5.404503112205),.PIECEWISE_BEZIER_KNOTS.);
#3592 = CARTESIAN_POINT('',(1.780750145926,1.));
#3593 = CARTESIAN_POINT('',(5.404503112205,1.));
#3594 = ( GEOMETRIC_REPRESENTATION_CONTEXT(2) 
PARAMETRIC_REPRESENTATION_CONTEXT() REPRESENTATION_CONTEXT('2D SPACE',''
  ) );
#3595 = PCURVE('',#2845,#3596);
#3596 = DEFINITIONAL_REPRESENTATION('',(#3597),#3601);
#3597 = CIRCLE('',#3598,18.5);
#3598 = AXIS2_PLACEMENT_2D('',#3599,#3600);
#3599 = CARTESIAN_POINT('',(430.14336423104,381.90625));
#3600 = DIRECTION('',(1.,0.));
#3601 = ( GEOMETRIC_REPRESENTATION_CONTEXT(2) 
PARAMETRIC_REPRESENTATION_CONTEXT() REPRESENTATION_CONTEXT('2D SPACE',''
  ) );
#3602 = ORIENTED_EDGE('',*,*,#3055,.T.);
#3603 = ADVANCED_FACE('',(#3604,#4286),#3460,.F.);
#3604 = FACE_BOUND('',#3605,.F.);
#3605 = EDGE_LOOP('',(#3606,#3664,#3705,#3728,#3755,#3790,#3820,#3852,
    #3881,#3909,#3939,#3969,#4004,#4005,#4040,#4041,#4087,#4143));
#3606 = ORIENTED_EDGE('',*,*,#3607,.F.);
#3607 = EDGE_CURVE('',#3608,#3610,#3612,.T.);
#3608 = VERTEX_POINT('',#3609);
#3609 = CARTESIAN_POINT('',(67.5325,3.552713678801E-15,45.602411779737)
  );
#3610 = VERTEX_POINT('',#3611);
#3611 = CARTESIAN_POINT('',(67.5325,-19.84915076395,33.120938671905));
#3612 = SURFACE_CURVE('',#3613,(#3618,#3652),.PCURVE_S1.);
#3613 = ELLIPSE('',#3614,15.290342744024,14.025);
#3614 = AXIS2_PLACEMENT_3D('',#3615,#3616,#3617);
#3615 = CARTESIAN_POINT('',(67.5325,-5.239834083027,31.674269638501));
#3616 = DIRECTION('',(1.,0.,0.));
#3617 = DIRECTION('',(-0.,0.804410199805,0.594074263413));
#3618 = PCURVE('',#3460,#3619);
#3619 = DEFINITIONAL_REPRESENTATION('',(#3620),#3651);
#3620 = B_SPLINE_CURVE_WITH_KNOTS('',8,(#3621,#3622,#3623,#3624,#3625,
    #3626,#3627,#3628,#3629,#3630,#3631,#3632,#3633,#3634,#3635,#3636,
    #3637,#3638,#3639,#3640,#3641,#3642,#3643,#3644,#3645,#3646,#3647,
    #3648,#3649,#3650),.UNSPECIFIED.,.F.,.F.,(9,7,7,7,9),(5.687784821224
    ,7.258581148019,8.436678393115,10.203824260759,11.970970128403),
  .UNSPECIFIED.);
#3621 = CARTESIAN_POINT('',(0.,45.159000517759));
#3622 = CARTESIAN_POINT('',(0.196349540849,45.829688826413));
#3623 = CARTESIAN_POINT('',(0.392699081698,46.278202816247));
#3624 = CARTESIAN_POINT('',(0.589048622547,46.465141553723));
#3625 = CARTESIAN_POINT('',(0.785398163396,46.369375318231));
#3626 = CARTESIAN_POINT('',(0.981747704246,45.992912210932));
#3627 = CARTESIAN_POINT('',(1.178097245096,45.361998489301));
#3628 = CARTESIAN_POINT('',(1.374446785946,44.522416787952));
#3629 = CARTESIAN_POINT('',(1.718058482432,42.789770287668));
#3630 = CARTESIAN_POINT('',(1.865320638069,41.962550035585));
#3631 = CARTESIAN_POINT('',(2.012582793706,41.075211000085));
#3632 = CARTESIAN_POINT('',(2.159844949343,40.15620694537));
#3633 = CARTESIAN_POINT('',(2.30710710498,39.236209890331));
#3634 = CARTESIAN_POINT('',(2.454369260617,38.345938730187));
#3635 = CARTESIAN_POINT('',(2.601631416254,37.513982807142));
#3636 = CARTESIAN_POINT('',(2.969786805347,35.641750616079));
#3637 = CARTESIAN_POINT('',(3.190680038803,34.705302923772));
#3638 = CARTESIAN_POINT('',(3.411573272248,34.039271705697));
#3639 = CARTESIAN_POINT('',(3.632466505725,33.707716975536));
#3640 = CARTESIAN_POINT('',(3.853359739151,33.742243092216));
#3641 = CARTESIAN_POINT('',(4.074252972625,34.133850728023));
#3642 = CARTESIAN_POINT('',(4.29514620608,34.837415720976));
#3643 = CARTESIAN_POINT('',(4.736932672991,36.727898875603));
#3644 = CARTESIAN_POINT('',(4.957825906451,37.914818083707));
#3645 = CARTESIAN_POINT('',(5.17871913988,39.273123916428));
#3646 = CARTESIAN_POINT('',(5.399612373356,40.707421196043));
#3647 = CARTESIAN_POINT('',(5.620505606796,42.107966870419));
#3648 = CARTESIAN_POINT('',(5.841398840271,43.368761432052));
#3649 = CARTESIAN_POINT('',(6.062292073724,44.404476170523));
#3650 = CARTESIAN_POINT('',(6.28318530718,45.159000517759));
#3651 = ( GEOMETRIC_REPRESENTATION_CONTEXT(2) 
PARAMETRIC_REPRESENTATION_CONTEXT() REPRESENTATION_CONTEXT('2D SPACE',''
  ) );
#3652 = PCURVE('',#3653,#3658);
#3653 = PLANE('',#3654);
#3654 = AXIS2_PLACEMENT_3D('',#3655,#3656,#3657);
#3655 = CARTESIAN_POINT('',(67.5325,0.,35.544));
#3656 = DIRECTION('',(1.,0.,0.));
#3657 = DIRECTION('',(-0.,0.,1.));
#3658 = DEFINITIONAL_REPRESENTATION('',(#3659),#3663);
#3659 = ELLIPSE('',#3660,15.290342744024,14.025);
#3660 = AXIS2_PLACEMENT_2D('',#3661,#3662);
#3661 = CARTESIAN_POINT('',(-3.869730361499,5.239834083027));
#3662 = DIRECTION('',(0.594074263413,-0.804410199805));
#3663 = ( GEOMETRIC_REPRESENTATION_CONTEXT(2) 
PARAMETRIC_REPRESENTATION_CONTEXT() REPRESENTATION_CONTEXT('2D SPACE',''
  ) );
#3664 = ORIENTED_EDGE('',*,*,#3665,.T.);
#3665 = EDGE_CURVE('',#3608,#3666,#3668,.T.);
#3666 = VERTEX_POINT('',#3667);
#3667 = CARTESIAN_POINT('',(40.004196018181,-8.881784197001E-16,
    25.765672710565));
#3668 = SURFACE_CURVE('',#3669,(#3674,#3687),.PCURVE_S1.);
#3669 = ELLIPSE('',#3670,43.771451066223,14.025);
#3670 = AXIS2_PLACEMENT_3D('',#3671,#3672,#3673);
#3671 = CARTESIAN_POINT('',(82.5325,3.552713678801E-15,35.544));
#3672 = DIRECTION('',(0.,-1.,0.));
#3673 = DIRECTION('',(0.968296647092,0.,0.249803128946));
#3674 = PCURVE('',#3460,#3675);
#3675 = DEFINITIONAL_REPRESENTATION('',(#3676),#3686);
#3676 = B_SPLINE_CURVE_WITH_KNOTS('',8,(#3677,#3678,#3679,#3680,#3681,
    #3682,#3683,#3684,#3685),.UNSPECIFIED.,.F.,.F.,(9,9),(1.570796326795
    ,3.059119019811),.PIECEWISE_BEZIER_KNOTS.);
#3677 = CARTESIAN_POINT('',(1.488322693016,56.469853314045));
#3678 = CARTESIAN_POINT('',(1.302282356389,48.755930621137));
#3679 = CARTESIAN_POINT('',(1.116242019762,41.042006695621));
#3680 = CARTESIAN_POINT('',(0.930201683132,33.734929607148));
#3681 = CARTESIAN_POINT('',(0.744161346508,27.24148651422));
#3682 = CARTESIAN_POINT('',(0.558121009879,21.923600697628));
#3683 = CARTESIAN_POINT('',(0.372080673254,18.052568755935));
#3684 = CARTESIAN_POINT('',(0.186040336627,15.782552989775));
#3685 = CARTESIAN_POINT('',(0.,15.147078732112));
#3686 = ( GEOMETRIC_REPRESENTATION_CONTEXT(2) 
PARAMETRIC_REPRESENTATION_CONTEXT() REPRESENTATION_CONTEXT('2D SPACE',''
  ) );
#3687 = PCURVE('',#3688,#3693);
#3688 = CYLINDRICAL_SURFACE('',#3689,14.025);
#3689 = AXIS2_PLACEMENT_3D('',#3690,#3691,#3692);
#3690 = CARTESIAN_POINT('',(30.735774054207,18.09375,22.181375798756));
#3691 = DIRECTION('',(0.917245625869,-0.320414326196,0.236632883159));
#3692 = DIRECTION('',(0.329780374171,0.944057680871,1.387778780781E-17)
  );
#3693 = DEFINITIONAL_REPRESENTATION('',(#3694),#3704);
#3694 = B_SPLINE_CURVE_WITH_KNOTS('',8,(#3695,#3696,#3697,#3698,#3699,
    #3700,#3701,#3702,#3703),.UNSPECIFIED.,.F.,.F.,(9,9),(1.570796326795
    ,3.059119019811),.PIECEWISE_BEZIER_KNOTS.);
#3695 = CARTESIAN_POINT('',(1.653269960574,56.469853314045));
#3696 = CARTESIAN_POINT('',(1.839310297201,48.755930621137));
#3697 = CARTESIAN_POINT('',(2.025350633827,41.042006695621));
#3698 = CARTESIAN_POINT('',(2.211390970448,33.734929607148));
#3699 = CARTESIAN_POINT('',(2.397431307085,27.24148651422));
#3700 = CARTESIAN_POINT('',(2.583471643697,21.923600697628));
#3701 = CARTESIAN_POINT('',(2.769511980336,18.052568755935));
#3702 = CARTESIAN_POINT('',(2.955552316963,15.782552989775));
#3703 = CARTESIAN_POINT('',(3.14159265359,15.147078732112));
#3704 = ( GEOMETRIC_REPRESENTATION_CONTEXT(2) 
PARAMETRIC_REPRESENTATION_CONTEXT() REPRESENTATION_CONTEXT('2D SPACE',''
  ) );
#3705 = ORIENTED_EDGE('',*,*,#3706,.F.);
#3706 = EDGE_CURVE('',#3707,#3666,#3709,.T.);
#3707 = VERTEX_POINT('',#3708);
#3708 = CARTESIAN_POINT('',(27.534096614753,-4.356083458188,
    22.548611225742));
#3709 = SEAM_CURVE('',#3710,(#3714,#3721),.PCURVE_S1.);
#3710 = LINE('',#3711,#3712);
#3711 = CARTESIAN_POINT('',(26.110604306453,-4.853341025785,
    22.181375798756));
#3712 = VECTOR('',#3713,1.);
#3713 = DIRECTION('',(0.917245625869,0.320414326196,0.236632883159));
#3714 = PCURVE('',#3460,#3715);
#3715 = DEFINITIONAL_REPRESENTATION('',(#3716),#3720);
#3716 = LINE('',#3717,#3718);
#3717 = CARTESIAN_POINT('',(0.,-0.));
#3718 = VECTOR('',#3719,1.);
#3719 = DIRECTION('',(0.,1.));
#3720 = ( GEOMETRIC_REPRESENTATION_CONTEXT(2) 
PARAMETRIC_REPRESENTATION_CONTEXT() REPRESENTATION_CONTEXT('2D SPACE',''
  ) );
#3721 = PCURVE('',#3460,#3722);
#3722 = DEFINITIONAL_REPRESENTATION('',(#3723),#3727);
#3723 = LINE('',#3724,#3725);
#3724 = CARTESIAN_POINT('',(6.28318530718,-0.));
#3725 = VECTOR('',#3726,1.);
#3726 = DIRECTION('',(0.,1.));
#3727 = ( GEOMETRIC_REPRESENTATION_CONTEXT(2) 
PARAMETRIC_REPRESENTATION_CONTEXT() REPRESENTATION_CONTEXT('2D SPACE',''
  ) );
#3728 = ORIENTED_EDGE('',*,*,#3729,.T.);
#3729 = EDGE_CURVE('',#3707,#3730,#3732,.T.);
#3730 = VERTEX_POINT('',#3731);
#3731 = CARTESIAN_POINT('',(26.936934975017,-4.571224499418,
    22.822274181132));
#3732 = SURFACE_CURVE('',#3733,(#3738,#3748),.PCURVE_S1.);
#3733 = ELLIPSE('',#3734,23.482527356515,14.025);
#3734 = AXIS2_PLACEMENT_3D('',#3735,#3736,#3737);
#3735 = CARTESIAN_POINT('',(29.199998973842,-18.63023044066,
    21.785173434961));
#3736 = DIRECTION('',(0.416609256776,0.,0.909085654473));
#3737 = DIRECTION('',(0.83339192658,0.399492602967,-0.381920877782));
#3738 = PCURVE('',#3460,#3739);
#3739 = DEFINITIONAL_REPRESENTATION('',(#3740),#3747);
#3740 = B_SPLINE_CURVE_WITH_KNOTS('',5,(#3741,#3742,#3743,#3744,#3745,
    #3746),.UNSPECIFIED.,.F.,.F.,(6,6),(1.398650037117,1.481780447072),
  .PIECEWISE_BEZIER_KNOTS.);
#3741 = CARTESIAN_POINT('',(0.,1.5519205196));
#3742 = CARTESIAN_POINT('',(1.662608199101E-02,1.243409354632));
#3743 = CARTESIAN_POINT('',(3.325216398202E-02,0.933783411642));
#3744 = CARTESIAN_POINT('',(4.987824597303E-02,0.623220358572));
#3745 = CARTESIAN_POINT('',(6.650432796405E-02,0.311899148121));
#3746 = CARTESIAN_POINT('',(8.313040995506E-02,-6.000000034589E-07));
#3747 = ( GEOMETRIC_REPRESENTATION_CONTEXT(2) 
PARAMETRIC_REPRESENTATION_CONTEXT() REPRESENTATION_CONTEXT('2D SPACE',''
  ) );
#3748 = PCURVE('',#3332,#3749);
#3749 = DEFINITIONAL_REPRESENTATION('',(#3750),#3754);
#3750 = ELLIPSE('',#3751,23.482527356515,14.025);
#3751 = AXIS2_PLACEMENT_2D('',#3752,#3753);
#3752 = CARTESIAN_POINT('',(-1.231089521744,-36.72398044066));
#3753 = DIRECTION('',(0.916736418047,0.399492602967));
#3754 = ( GEOMETRIC_REPRESENTATION_CONTEXT(2) 
PARAMETRIC_REPRESENTATION_CONTEXT() REPRESENTATION_CONTEXT('2D SPACE',''
  ) );
#3755 = ORIENTED_EDGE('',*,*,#3756,.T.);
#3756 = EDGE_CURVE('',#3730,#3757,#3759,.T.);
#3757 = VERTEX_POINT('',#3758);
#3758 = CARTESIAN_POINT('',(25.642272807389,-5.236521736884,
    24.515589036401));
#3759 = SURFACE_CURVE('',#3760,(#3765,#3775),.PCURVE_S1.);
#3760 = ELLIPSE('',#3761,15.693906789588,14.025);
#3761 = AXIS2_PLACEMENT_3D('',#3762,#3763,#3764);
#3762 = CARTESIAN_POINT('',(30.735774054207,-18.09375,22.181375798756));
#3763 = DIRECTION('',(0.746288563247,0.179271036341,0.641026735711));
#3764 = DIRECTION('',(-0.557816059725,-0.357010133406,0.749256303382));
#3765 = PCURVE('',#3460,#3766);
#3766 = DEFINITIONAL_REPRESENTATION('',(#3767),#3774);
#3767 = B_SPLINE_CURVE_WITH_KNOTS('',5,(#3768,#3769,#3770,#3771,#3772,
    #3773),.UNSPECIFIED.,.F.,.F.,(6,6),(4.569914167192,4.712388980385),
  .PIECEWISE_BEZIER_KNOTS.);
#3768 = CARTESIAN_POINT('',(2.967147648468E-02,1.0000006));
#3769 = CARTESIAN_POINT('',(5.816643912325E-02,0.801355587197));
#3770 = CARTESIAN_POINT('',(8.666140176182E-02,0.601695620308));
#3771 = CARTESIAN_POINT('',(0.1151563644,0.401356724145));
#3772 = CARTESIAN_POINT('',(0.143651327039,0.200678362016));
#3773 = CARTESIAN_POINT('',(0.172146289678,0.));
#3774 = ( GEOMETRIC_REPRESENTATION_CONTEXT(2) 
PARAMETRIC_REPRESENTATION_CONTEXT() REPRESENTATION_CONTEXT('2D SPACE',''
  ) );
#3775 = PCURVE('',#3776,#3781);
#3776 = CYLINDRICAL_SURFACE('',#3777,14.025);
#3777 = AXIS2_PLACEMENT_3D('',#3778,#3779,#3780);
#3778 = CARTESIAN_POINT('',(27.4029,-18.09375,14.908690562972));
#3779 = DIRECTION('',(0.416609256776,0.,0.909085654473));
#3780 = DIRECTION('',(0.909085654473,0.,-0.416609256776));
#3781 = DEFINITIONAL_REPRESENTATION('',(#3782),#3789);
#3782 = B_SPLINE_CURVE_WITH_KNOTS('',5,(#3783,#3784,#3785,#3786,#3787,
    #3788),.UNSPECIFIED.,.F.,.F.,(6,6),(4.569914167192,4.712388980385),
  .PIECEWISE_BEZIER_KNOTS.);
#3783 = CARTESIAN_POINT('',(1.839284810957,6.9999994));
#3784 = CARTESIAN_POINT('',(1.867779773595,7.198644412803));
#3785 = CARTESIAN_POINT('',(1.896274736234,7.398304379692));
#3786 = CARTESIAN_POINT('',(1.924769698872,7.598643275855));
#3787 = CARTESIAN_POINT('',(1.953264661511,7.799321637984));
#3788 = CARTESIAN_POINT('',(1.981759624149,8.));
#3789 = ( GEOMETRIC_REPRESENTATION_CONTEXT(2) 
PARAMETRIC_REPRESENTATION_CONTEXT() REPRESENTATION_CONTEXT('2D SPACE',''
  ) );
#3790 = ORIENTED_EDGE('',*,*,#3791,.F.);
#3791 = EDGE_CURVE('',#3792,#3757,#3794,.T.);
#3792 = VERTEX_POINT('',#3793);
#3793 = CARTESIAN_POINT('',(27.325534832748,-4.868320573079,
    25.944208498457));
#3794 = SURFACE_CURVE('',#3795,(#3800,#3810),.PCURVE_S1.);
#3795 = ELLIPSE('',#3796,31.253703169064,14.025);
#3796 = AXIS2_PLACEMENT_3D('',#3797,#3798,#3799);
#3797 = CARTESIAN_POINT('',(30.735774054207,-18.09375,22.181375798756));
#3798 = DIRECTION('',(-0.557816059725,-0.357010133406,0.749256303382));
#3799 = DIRECTION('',(0.746288563247,0.179271036341,0.641026735711));
#3800 = PCURVE('',#3460,#3801);
#3801 = DEFINITIONAL_REPRESENTATION('',(#3802),#3809);
#3802 = B_SPLINE_CURVE_WITH_KNOTS('',5,(#3803,#3804,#3805,#3806,#3807,
    #3808),.UNSPECIFIED.,.F.,.F.,(6,6),(1.499127765024,1.570796326795),
  .PIECEWISE_BEZIER_KNOTS.);
#3803 = CARTESIAN_POINT('',(0.243814851448,2.0000006));
#3804 = CARTESIAN_POINT('',(0.229481139094,1.600685565864));
#3805 = CARTESIAN_POINT('',(0.21514742674,1.200856893303));
#3806 = CARTESIAN_POINT('',(0.200813714386,0.800685501858));
#3807 = CARTESIAN_POINT('',(0.186480002032,0.400342750927));
#3808 = CARTESIAN_POINT('',(0.172146289678,0.));
#3809 = ( GEOMETRIC_REPRESENTATION_CONTEXT(2) 
PARAMETRIC_REPRESENTATION_CONTEXT() REPRESENTATION_CONTEXT('2D SPACE',''
  ) );
#3810 = PCURVE('',#3776,#3811);
#3811 = DEFINITIONAL_REPRESENTATION('',(#3812),#3819);
#3812 = B_SPLINE_CURVE_WITH_KNOTS('',5,(#3813,#3814,#3815,#3816,#3817,
    #3818),.UNSPECIFIED.,.F.,.F.,(6,6),(1.499127765024,1.570796326795),
  .PIECEWISE_BEZIER_KNOTS.);
#3813 = CARTESIAN_POINT('',(1.910091062379,10.0000006));
#3814 = CARTESIAN_POINT('',(1.924424774733,9.600685565864));
#3815 = CARTESIAN_POINT('',(1.938758487087,9.200856893303));
#3816 = CARTESIAN_POINT('',(1.953092199441,8.800685501858));
#3817 = CARTESIAN_POINT('',(1.967425911795,8.400342750927));
#3818 = CARTESIAN_POINT('',(1.981759624149,8.));
#3819 = ( GEOMETRIC_REPRESENTATION_CONTEXT(2) 
PARAMETRIC_REPRESENTATION_CONTEXT() REPRESENTATION_CONTEXT('2D SPACE',''
  ) );
#3820 = ORIENTED_EDGE('',*,*,#3821,.T.);
#3821 = EDGE_CURVE('',#3792,#3822,#3824,.T.);
#3822 = VERTEX_POINT('',#3823);
#3823 = CARTESIAN_POINT('',(25.315466759182,-6.036341070888,
    26.86536808565));
#3824 = SURFACE_CURVE('',#3825,(#3830,#3840),.PCURVE_S1.);
#3825 = ELLIPSE('',#3826,23.482527356515,14.025);
#3826 = AXIS2_PLACEMENT_3D('',#3827,#3828,#3829);
#3827 = CARTESIAN_POINT('',(33.807324214937,-17.02078911867,
    22.973780526346));
#3828 = DIRECTION('',(0.416609256776,0.,0.909085654473));
#3829 = DIRECTION('',(0.83339192658,0.399492602967,-0.381920877782));
#3830 = PCURVE('',#3460,#3831);
#3831 = DEFINITIONAL_REPRESENTATION('',(#3832),#3839);
#3832 = B_SPLINE_CURVE_WITH_KNOTS('',5,(#3833,#3834,#3835,#3836,#3837,
    #3838),.UNSPECIFIED.,.F.,.F.,(6,6),(1.398650037117,1.749543484928),
  .PIECEWISE_BEZIER_KNOTS.);
#3833 = CARTESIAN_POINT('',(-8.881784197001E-16,6.574921023667));
#3834 = CARTESIAN_POINT('',(7.017868956221E-02,5.272695443132));
#3835 = CARTESIAN_POINT('',(0.140357379124,3.950608058348));
#3836 = CARTESIAN_POINT('',(0.210536068687,2.622020194592));
#3837 = CARTESIAN_POINT('',(0.280714758249,1.300702090679));
#3838 = CARTESIAN_POINT('',(0.350893447811,-5.999999999062E-07));
#3839 = ( GEOMETRIC_REPRESENTATION_CONTEXT(2) 
PARAMETRIC_REPRESENTATION_CONTEXT() REPRESENTATION_CONTEXT('2D SPACE',''
  ) );
#3840 = PCURVE('',#3841,#3846);
#3841 = PLANE('',#3842);
#3842 = AXIS2_PLACEMENT_3D('',#3843,#3844,#3845);
#3843 = CARTESIAN_POINT('',(31.568992567759,-18.09375,23.999547107702));
#3844 = DIRECTION('',(0.416609256776,0.,0.909085654473));
#3845 = DIRECTION('',(0.909085654473,0.,-0.416609256776));
#3846 = DEFINITIONAL_REPRESENTATION('',(#3847),#3851);
#3847 = ELLIPSE('',#3848,23.482527356515,14.025);
#3848 = AXIS2_PLACEMENT_2D('',#3849,#3850);
#3849 = CARTESIAN_POINT('',(2.462179043487,1.072960881328));
#3850 = DIRECTION('',(0.916736418047,0.399492602967));
#3851 = ( GEOMETRIC_REPRESENTATION_CONTEXT(2) 
PARAMETRIC_REPRESENTATION_CONTEXT() REPRESENTATION_CONTEXT('2D SPACE',''
  ) );
#3852 = ORIENTED_EDGE('',*,*,#3853,.T.);
#3853 = EDGE_CURVE('',#3822,#3854,#3856,.T.);
#3854 = VERTEX_POINT('',#3855);
#3855 = CARTESIAN_POINT('',(35.340162004655,-31.34109487255,
    22.271322612518));
#3856 = SURFACE_CURVE('',#3857,(#3862,#3869),.PCURVE_S1.);
#3857 = CIRCLE('',#3858,14.025);
#3858 = AXIS2_PLACEMENT_3D('',#3859,#3860,#3861);
#3859 = CARTESIAN_POINT('',(30.735774054207,-18.09375,22.181375798756));
#3860 = DIRECTION('',(0.917245625869,0.320414326196,0.236632883159));
#3861 = DIRECTION('',(-0.329780374171,0.944057680871,-1.387778780781E-17
    ));
#3862 = PCURVE('',#3460,#3863);
#3863 = DEFINITIONAL_REPRESENTATION('',(#3864),#3868);
#3864 = LINE('',#3865,#3866);
#3865 = CARTESIAN_POINT('',(0.,0.));
#3866 = VECTOR('',#3867,1.);
#3867 = DIRECTION('',(1.,0.));
#3868 = ( GEOMETRIC_REPRESENTATION_CONTEXT(2) 
PARAMETRIC_REPRESENTATION_CONTEXT() REPRESENTATION_CONTEXT('2D SPACE',''
  ) );
#3869 = PCURVE('',#3870,#3875);
#3870 = PLANE('',#3871);
#3871 = AXIS2_PLACEMENT_3D('',#3872,#3873,#3874);
#3872 = CARTESIAN_POINT('',(30.735774054207,-18.09375,22.181375798756));
#3873 = DIRECTION('',(0.917245625869,0.320414326196,0.236632883159));
#3874 = DIRECTION('',(-0.329780374171,0.944057680871,-1.387778780781E-17
    ));
#3875 = DEFINITIONAL_REPRESENTATION('',(#3876),#3880);
#3876 = CIRCLE('',#3877,14.025);
#3877 = AXIS2_PLACEMENT_2D('',#3878,#3879);
#3878 = CARTESIAN_POINT('',(0.,0.));
#3879 = DIRECTION('',(1.,0.));
#3880 = ( GEOMETRIC_REPRESENTATION_CONTEXT(2) 
PARAMETRIC_REPRESENTATION_CONTEXT() REPRESENTATION_CONTEXT('2D SPACE',''
  ) );
#3881 = ORIENTED_EDGE('',*,*,#3882,.T.);
#3882 = EDGE_CURVE('',#3854,#3883,#3885,.T.);
#3883 = VERTEX_POINT('',#3884);
#3884 = CARTESIAN_POINT('',(37.486386366499,-30.51676575578,
    21.287766297595));
#3885 = SURFACE_CURVE('',#3886,(#3891,#3902),.PCURVE_S1.);
#3886 = ELLIPSE('',#3887,23.482527356515,14.025);
#3887 = AXIS2_PLACEMENT_3D('',#3888,#3889,#3890);
#3888 = CARTESIAN_POINT('',(33.807324214937,-17.02078911867,
    22.973780526346));
#3889 = DIRECTION('',(0.416609256776,0.,0.909085654473));
#3890 = DIRECTION('',(0.83339192658,0.399492602967,-0.381920877782));
#3891 = PCURVE('',#3460,#3892);
#3892 = DEFINITIONAL_REPRESENTATION('',(#3893),#3901);
#3893 = B_SPLINE_CURVE_WITH_KNOTS('',6,(#3894,#3895,#3896,#3897,#3898,
    #3899,#3900),.UNSPECIFIED.,.F.,.F.,(7,7),(4.533641822251,
    5.159977599698),.PIECEWISE_BEZIER_KNOTS.);
#3894 = CARTESIAN_POINT('',(3.134991785134,-5.999999999062E-07));
#3895 = CARTESIAN_POINT('',(3.239381081375,1.934766768072));
#3896 = CARTESIAN_POINT('',(3.343770377616,3.913322345006));
#3897 = CARTESIAN_POINT('',(3.448159673857,5.89772194478));
#3898 = CARTESIAN_POINT('',(3.552548970099,7.848562420519));
#3899 = CARTESIAN_POINT('',(3.65693826634,9.727572317849));
#3900 = CARTESIAN_POINT('',(3.761327562581,11.499991812017));
#3901 = ( GEOMETRIC_REPRESENTATION_CONTEXT(2) 
PARAMETRIC_REPRESENTATION_CONTEXT() REPRESENTATION_CONTEXT('2D SPACE',''
  ) );
#3902 = PCURVE('',#3841,#3903);
#3903 = DEFINITIONAL_REPRESENTATION('',(#3904),#3908);
#3904 = ELLIPSE('',#3905,23.482527356515,14.025);
#3905 = AXIS2_PLACEMENT_2D('',#3906,#3907);
#3906 = CARTESIAN_POINT('',(2.462179043487,1.072960881328));
#3907 = DIRECTION('',(0.916736418047,0.399492602967));
#3908 = ( GEOMETRIC_REPRESENTATION_CONTEXT(2) 
PARAMETRIC_REPRESENTATION_CONTEXT() REPRESENTATION_CONTEXT('2D SPACE',''
  ) );
#3909 = ORIENTED_EDGE('',*,*,#3910,.F.);
#3910 = EDGE_CURVE('',#3911,#3883,#3913,.T.);
#3911 = VERTEX_POINT('',#3912);
#3912 = CARTESIAN_POINT('',(35.829275301025,-30.95097826311,
    19.847162561111));
#3913 = SURFACE_CURVE('',#3914,(#3919,#3929),.PCURVE_S1.);
#3914 = ELLIPSE('',#3915,31.253703169064,14.025);
#3915 = AXIS2_PLACEMENT_3D('',#3916,#3917,#3918);
#3916 = CARTESIAN_POINT('',(30.735774054207,-18.09375,22.181375798756));
#3917 = DIRECTION('',(-0.557816059725,-0.357010133406,0.749256303382));
#3918 = DIRECTION('',(0.746288563247,0.179271036341,0.641026735711));
#3919 = PCURVE('',#3460,#3920);
#3920 = DEFINITIONAL_REPRESENTATION('',(#3921),#3928);
#3921 = B_SPLINE_CURVE_WITH_KNOTS('',5,(#3922,#3923,#3924,#3925,#3926,
    #3927),.UNSPECIFIED.,.F.,.F.,(6,6),(4.712388969644,4.784057542155),
  .PIECEWISE_BEZIER_KNOTS.);
#3922 = CARTESIAN_POINT('',(3.313738954008,-2.999850146068E-07));
#3923 = CARTESIAN_POINT('',(3.299405239506,0.400342510939));
#3924 = CARTESIAN_POINT('',(3.285071525003,0.800685321944));
#3925 = CARTESIAN_POINT('',(3.270737810501,1.200856773463));
#3926 = CARTESIAN_POINT('',(3.256404095999,1.600685506021));
#3927 = CARTESIAN_POINT('',(3.242070381497,2.0000006));
#3928 = ( GEOMETRIC_REPRESENTATION_CONTEXT(2) 
PARAMETRIC_REPRESENTATION_CONTEXT() REPRESENTATION_CONTEXT('2D SPACE',''
  ) );
#3929 = PCURVE('',#3776,#3930);
#3930 = DEFINITIONAL_REPRESENTATION('',(#3931),#3938);
#3931 = B_SPLINE_CURVE_WITH_KNOTS('',5,(#3932,#3933,#3934,#3935,#3936,
    #3937),.UNSPECIFIED.,.F.,.F.,(6,6),(4.712388969644,4.784057542155),
  .PIECEWISE_BEZIER_KNOTS.);
#3932 = CARTESIAN_POINT('',(5.123352266999,7.999999700015));
#3933 = CARTESIAN_POINT('',(5.137685981501,8.400342510939));
#3934 = CARTESIAN_POINT('',(5.152019696003,8.800685321944));
#3935 = CARTESIAN_POINT('',(5.166353410505,9.200856773463));
#3936 = CARTESIAN_POINT('',(5.180687125008,9.600685506021));
#3937 = CARTESIAN_POINT('',(5.19502083951,10.0000006));
#3938 = ( GEOMETRIC_REPRESENTATION_CONTEXT(2) 
PARAMETRIC_REPRESENTATION_CONTEXT() REPRESENTATION_CONTEXT('2D SPACE',''
  ) );
#3939 = ORIENTED_EDGE('',*,*,#3940,.T.);
#3940 = EDGE_CURVE('',#3911,#3941,#3943,.T.);
#3941 = VERTEX_POINT('',#3942);
#3942 = CARTESIAN_POINT('',(37.020719023391,-30.02513272157,
    18.201149914995));
#3943 = SURFACE_CURVE('',#3944,(#3949,#3959),.PCURVE_S1.);
#3944 = ELLIPSE('',#3945,15.693906789588,14.025);
#3945 = AXIS2_PLACEMENT_3D('',#3946,#3947,#3948);
#3946 = CARTESIAN_POINT('',(30.735774054207,-18.09375,22.181375798756));
#3947 = DIRECTION('',(0.746288563247,0.179271036341,0.641026735711));
#3948 = DIRECTION('',(-0.557816059725,-0.357010133406,0.749256303382));
#3949 = PCURVE('',#3460,#3950);
#3950 = DEFINITIONAL_REPRESENTATION('',(#3951),#3958);
#3951 = B_SPLINE_CURVE_WITH_KNOTS('',5,(#3952,#3953,#3954,#3955,#3956,
    #3957),.UNSPECIFIED.,.F.,.F.,(6,6),(1.570796284195,1.713271139988),
  .PIECEWISE_BEZIER_KNOTS.);
#3952 = CARTESIAN_POINT('',(3.313738900667,-3.00015003063E-07));
#3953 = CARTESIAN_POINT('',(3.342233871826,0.200678122004));
#3954 = CARTESIAN_POINT('',(3.370728842984,0.401356544441));
#3955 = CARTESIAN_POINT('',(3.399223814143,0.601695500911));
#3956 = CARTESIAN_POINT('',(3.427718785302,0.801355527802));
#3957 = CARTESIAN_POINT('',(3.45621375646,1.0000006));
#3958 = ( GEOMETRIC_REPRESENTATION_CONTEXT(2) 
PARAMETRIC_REPRESENTATION_CONTEXT() REPRESENTATION_CONTEXT('2D SPACE',''
  ) );
#3959 = PCURVE('',#3776,#3960);
#3960 = DEFINITIONAL_REPRESENTATION('',(#3961),#3968);
#3961 = B_SPLINE_CURVE_WITH_KNOTS('',5,(#3962,#3963,#3964,#3965,#3966,
    #3967),.UNSPECIFIED.,.F.,.F.,(6,6),(1.570796284195,1.713271139988),
  .PIECEWISE_BEZIER_KNOTS.);
#3962 = CARTESIAN_POINT('',(5.123352235139,8.000000300015));
#3963 = CARTESIAN_POINT('',(5.151847206298,7.799321877996));
#3964 = CARTESIAN_POINT('',(5.180342177456,7.598643455559));
#3965 = CARTESIAN_POINT('',(5.208837148615,7.398304499089));
#3966 = CARTESIAN_POINT('',(5.237332119774,7.198644472198));
#3967 = CARTESIAN_POINT('',(5.265827090932,6.9999994));
#3968 = ( GEOMETRIC_REPRESENTATION_CONTEXT(2) 
PARAMETRIC_REPRESENTATION_CONTEXT() REPRESENTATION_CONTEXT('2D SPACE',''
  ) );
#3969 = ORIENTED_EDGE('',*,*,#3970,.T.);
#3970 = EDGE_CURVE('',#3941,#3345,#3971,.T.);
#3971 = SURFACE_CURVE('',#3972,(#3977,#3997),.PCURVE_S1.);
#3972 = ELLIPSE('',#3973,23.482527356515,14.025);
#3973 = AXIS2_PLACEMENT_3D('',#3974,#3975,#3976);
#3974 = CARTESIAN_POINT('',(29.199998973842,-18.63023044066,
    21.785173434961));
#3975 = DIRECTION('',(0.416609256776,0.,0.909085654473));
#3976 = DIRECTION('',(0.83339192658,0.399492602967,-0.381920877782));
#3977 = PCURVE('',#3460,#3978);
#3978 = DEFINITIONAL_REPRESENTATION('',(#3979),#3996);
#3979 = B_SPLINE_CURVE_WITH_KNOTS('',8,(#3980,#3981,#3982,#3983,#3984,
    #3985,#3986,#3987,#3988,#3989,#3990,#3991,#3992,#3993,#3994,#3995),
  .UNSPECIFIED.,.F.,.F.,(9,7,9),(4.801404860107,6.241620102202,
    7.681835344297),.UNSPECIFIED.);
#3980 = CARTESIAN_POINT('',(3.40275482299,-6.000000105644E-07));
#3981 = CARTESIAN_POINT('',(3.582781728252,3.37724404709));
#3982 = CARTESIAN_POINT('',(3.762808633518,6.69247239612));
#3983 = CARTESIAN_POINT('',(3.942835538755,9.778891597591));
#3984 = CARTESIAN_POINT('',(4.122862444063,12.474016154578));
#3985 = CARTESIAN_POINT('',(4.302889349277,14.636883642561));
#3986 = CARTESIAN_POINT('',(4.482916254566,16.164837971293));
#3987 = CARTESIAN_POINT('',(4.662943159823,17.002742455889));
#3988 = CARTESIAN_POINT('',(5.022996970347,17.28452903104));
#3989 = CARTESIAN_POINT('',(5.203023875608,16.728411156864));
#3990 = CARTESIAN_POINT('',(5.383050780852,15.468326785624));
#3991 = CARTESIAN_POINT('',(5.563077686133,13.545497654239));
#3992 = CARTESIAN_POINT('',(5.74310459138,11.050102611509));
#3993 = CARTESIAN_POINT('',(5.923131496657,8.113527850574));
#3994 = CARTESIAN_POINT('',(6.103158401918,4.892473651599));
#3995 = CARTESIAN_POINT('',(6.28318530718,1.5519205196));
#3996 = ( GEOMETRIC_REPRESENTATION_CONTEXT(2) 
PARAMETRIC_REPRESENTATION_CONTEXT() REPRESENTATION_CONTEXT('2D SPACE',''
  ) );
#3997 = PCURVE('',#3332,#3998);
#3998 = DEFINITIONAL_REPRESENTATION('',(#3999),#4003);
#3999 = ELLIPSE('',#4000,23.482527356515,14.025);
#4000 = AXIS2_PLACEMENT_2D('',#4001,#4002);
#4001 = CARTESIAN_POINT('',(-1.231089521744,-36.72398044066));
#4002 = DIRECTION('',(0.916736418047,0.399492602967));
#4003 = ( GEOMETRIC_REPRESENTATION_CONTEXT(2) 
PARAMETRIC_REPRESENTATION_CONTEXT() REPRESENTATION_CONTEXT('2D SPACE',''
  ) );
#4004 = ORIENTED_EDGE('',*,*,#3344,.F.);
#4005 = ORIENTED_EDGE('',*,*,#4006,.T.);
#4006 = EDGE_CURVE('',#3317,#3707,#4007,.T.);
#4007 = SURFACE_CURVE('',#4008,(#4013,#4033),.PCURVE_S1.);
#4008 = ELLIPSE('',#4009,23.482527356515,14.025);
#4009 = AXIS2_PLACEMENT_3D('',#4010,#4011,#4012);
#4010 = CARTESIAN_POINT('',(29.199998973842,-18.63023044066,
    21.785173434961));
#4011 = DIRECTION('',(0.416609256776,0.,0.909085654473));
#4012 = DIRECTION('',(0.83339192658,0.399492602967,-0.381920877782));
#4013 = PCURVE('',#3460,#4014);
#4014 = DEFINITIONAL_REPRESENTATION('',(#4015),#4032);
#4015 = B_SPLINE_CURVE_WITH_KNOTS('',8,(#4016,#4017,#4018,#4019,#4020,
    #4021,#4022,#4023,#4024,#4025,#4026,#4027,#4028,#4029,#4030,#4031),
  .UNSPECIFIED.,.F.,.F.,(9,7,9),(4.801404860107,6.241620102202,
    7.681835344297),.UNSPECIFIED.);
#4016 = CARTESIAN_POINT('',(3.40275482299,-6.000000105644E-07));
#4017 = CARTESIAN_POINT('',(3.582781728252,3.37724404709));
#4018 = CARTESIAN_POINT('',(3.762808633518,6.69247239612));
#4019 = CARTESIAN_POINT('',(3.942835538755,9.778891597591));
#4020 = CARTESIAN_POINT('',(4.122862444063,12.474016154578));
#4021 = CARTESIAN_POINT('',(4.302889349277,14.636883642561));
#4022 = CARTESIAN_POINT('',(4.482916254566,16.164837971293));
#4023 = CARTESIAN_POINT('',(4.662943159823,17.002742455889));
#4024 = CARTESIAN_POINT('',(5.022996970347,17.28452903104));
#4025 = CARTESIAN_POINT('',(5.203023875608,16.728411156864));
#4026 = CARTESIAN_POINT('',(5.383050780852,15.468326785624));
#4027 = CARTESIAN_POINT('',(5.563077686133,13.545497654239));
#4028 = CARTESIAN_POINT('',(5.74310459138,11.050102611509));
#4029 = CARTESIAN_POINT('',(5.923131496657,8.113527850574));
#4030 = CARTESIAN_POINT('',(6.103158401918,4.892473651599));
#4031 = CARTESIAN_POINT('',(6.28318530718,1.5519205196));
#4032 = ( GEOMETRIC_REPRESENTATION_CONTEXT(2) 
PARAMETRIC_REPRESENTATION_CONTEXT() REPRESENTATION_CONTEXT('2D SPACE',''
  ) );
#4033 = PCURVE('',#3332,#4034);
#4034 = DEFINITIONAL_REPRESENTATION('',(#4035),#4039);
#4035 = ELLIPSE('',#4036,23.482527356515,14.025);
#4036 = AXIS2_PLACEMENT_2D('',#4037,#4038);
#4037 = CARTESIAN_POINT('',(-1.231089521744,-36.72398044066));
#4038 = DIRECTION('',(0.916736418047,0.399492602967));
#4039 = ( GEOMETRIC_REPRESENTATION_CONTEXT(2) 
PARAMETRIC_REPRESENTATION_CONTEXT() REPRESENTATION_CONTEXT('2D SPACE',''
  ) );
#4040 = ORIENTED_EDGE('',*,*,#3706,.T.);
#4041 = ORIENTED_EDGE('',*,*,#4042,.T.);
#4042 = EDGE_CURVE('',#3666,#4043,#4045,.T.);
#4043 = VERTEX_POINT('',#4044);
#4044 = CARTESIAN_POINT('',(67.5325,3.552713678801E-15,18.587833284904)
  );
#4045 = SURFACE_CURVE('',#4046,(#4051,#4069),.PCURVE_S1.);
#4046 = ELLIPSE('',#4047,43.771451066223,14.025);
#4047 = AXIS2_PLACEMENT_3D('',#4048,#4049,#4050);
#4048 = CARTESIAN_POINT('',(82.5325,3.552713678801E-15,35.544));
#4049 = DIRECTION('',(0.,-1.,0.));
#4050 = DIRECTION('',(0.968296647092,0.,0.249803128946));
#4051 = PCURVE('',#3460,#4052);
#4052 = DEFINITIONAL_REPRESENTATION('',(#4053),#4068);
#4053 = B_SPLINE_CURVE_WITH_KNOTS('',7,(#4054,#4055,#4056,#4057,#4058,
    #4059,#4060,#4061,#4062,#4063,#4064,#4065,#4066,#4067),
  .UNSPECIFIED.,.F.,.F.,(8,6,8),(3.059119019811,3.885754000098,
    4.712388980385),.UNSPECIFIED.);
#4054 = CARTESIAN_POINT('',(6.28318530718,15.147078732112));
#4055 = CARTESIAN_POINT('',(6.16509459571,14.743705955172));
#4056 = CARTESIAN_POINT('',(6.04700388424,15.012640672002));
#4057 = CARTESIAN_POINT('',(5.928913172771,15.963068051755));
#4058 = CARTESIAN_POINT('',(5.810822461301,17.581216190392));
#4059 = CARTESIAN_POINT('',(5.692731749832,19.829780410158));
#4060 = CARTESIAN_POINT('',(5.574641038362,22.650161319059));
#4061 = CARTESIAN_POINT('',(5.338459615423,29.283471375622));
#4062 = CARTESIAN_POINT('',(5.220368903954,33.096400351507));
#4063 = CARTESIAN_POINT('',(5.102278192484,37.330056901257));
#4064 = CARTESIAN_POINT('',(4.984187481015,41.891945021398));
#4065 = CARTESIAN_POINT('',(4.866096769545,46.676895251852));
#4066 = CARTESIAN_POINT('',(4.748006058075,51.57337421955));
#4067 = CARTESIAN_POINT('',(4.629915346606,56.469853314045));
#4068 = ( GEOMETRIC_REPRESENTATION_CONTEXT(2) 
PARAMETRIC_REPRESENTATION_CONTEXT() REPRESENTATION_CONTEXT('2D SPACE',''
  ) );
#4069 = PCURVE('',#3688,#4070);
#4070 = DEFINITIONAL_REPRESENTATION('',(#4071),#4086);
#4071 = B_SPLINE_CURVE_WITH_KNOTS('',7,(#4072,#4073,#4074,#4075,#4076,
    #4077,#4078,#4079,#4080,#4081,#4082,#4083,#4084,#4085),
  .UNSPECIFIED.,.F.,.F.,(8,6,8),(3.059119019811,3.885754000098,
    4.712388980385),.UNSPECIFIED.);
#4072 = CARTESIAN_POINT('',(3.14159265359,15.147078732112));
#4073 = CARTESIAN_POINT('',(3.259683365059,14.743705955172));
#4074 = CARTESIAN_POINT('',(3.377774076528,15.012640672002));
#4075 = CARTESIAN_POINT('',(3.495864788002,15.963068051755));
#4076 = CARTESIAN_POINT('',(3.613955499465,17.581216190392));
#4077 = CARTESIAN_POINT('',(3.732046210939,19.829780410158));
#4078 = CARTESIAN_POINT('',(3.850136922407,22.650161319059));
#4079 = CARTESIAN_POINT('',(4.086318345346,29.283471375622));
#4080 = CARTESIAN_POINT('',(4.204409056817,33.096400351507));
#4081 = CARTESIAN_POINT('',(4.322499768285,37.330056901257));
#4082 = CARTESIAN_POINT('',(4.440590479756,41.891945021398));
#4083 = CARTESIAN_POINT('',(4.558681191224,46.676895251852));
#4084 = CARTESIAN_POINT('',(4.676771902694,51.57337421955));
#4085 = CARTESIAN_POINT('',(4.794862614164,56.469853314045));
#4086 = ( GEOMETRIC_REPRESENTATION_CONTEXT(2) 
PARAMETRIC_REPRESENTATION_CONTEXT() REPRESENTATION_CONTEXT('2D SPACE',''
  ) );
#4087 = ORIENTED_EDGE('',*,*,#4088,.F.);
#4088 = EDGE_CURVE('',#4089,#4043,#4091,.T.);
#4089 = VERTEX_POINT('',#4090);
#4090 = CARTESIAN_POINT('',(67.5325,-8.154520419431,17.285746825639));
#4091 = SURFACE_CURVE('',#4092,(#4097,#4131),.PCURVE_S1.);
#4092 = ELLIPSE('',#4093,15.290342744024,14.025);
#4093 = AXIS2_PLACEMENT_3D('',#4094,#4095,#4096);
#4094 = CARTESIAN_POINT('',(67.5325,-5.239834083027,31.674269638501));
#4095 = DIRECTION('',(1.,0.,0.));
#4096 = DIRECTION('',(-0.,0.804410199805,0.594074263413));
#4097 = PCURVE('',#3460,#4098);
#4098 = DEFINITIONAL_REPRESENTATION('',(#4099),#4130);
#4099 = B_SPLINE_CURVE_WITH_KNOTS('',8,(#4100,#4101,#4102,#4103,#4104,
    #4105,#4106,#4107,#4108,#4109,#4110,#4111,#4112,#4113,#4114,#4115,
    #4116,#4117,#4118,#4119,#4120,#4121,#4122,#4123,#4124,#4125,#4126,
    #4127,#4128,#4129),.UNSPECIFIED.,.F.,.F.,(9,7,7,7,9),(5.687784821224
    ,7.258581148019,8.436678393115,10.203824260759,11.970970128403),
  .UNSPECIFIED.);
#4100 = CARTESIAN_POINT('',(0.,45.159000517759));
#4101 = CARTESIAN_POINT('',(0.196349540849,45.829688826413));
#4102 = CARTESIAN_POINT('',(0.392699081698,46.278202816247));
#4103 = CARTESIAN_POINT('',(0.589048622547,46.465141553723));
#4104 = CARTESIAN_POINT('',(0.785398163396,46.369375318231));
#4105 = CARTESIAN_POINT('',(0.981747704246,45.992912210932));
#4106 = CARTESIAN_POINT('',(1.178097245096,45.361998489301));
#4107 = CARTESIAN_POINT('',(1.374446785946,44.522416787952));
#4108 = CARTESIAN_POINT('',(1.718058482432,42.789770287668));
#4109 = CARTESIAN_POINT('',(1.865320638069,41.962550035585));
#4110 = CARTESIAN_POINT('',(2.012582793706,41.075211000085));
#4111 = CARTESIAN_POINT('',(2.159844949343,40.15620694537));
#4112 = CARTESIAN_POINT('',(2.30710710498,39.236209890331));
#4113 = CARTESIAN_POINT('',(2.454369260617,38.345938730187));
#4114 = CARTESIAN_POINT('',(2.601631416254,37.513982807142));
#4115 = CARTESIAN_POINT('',(2.969786805347,35.641750616079));
#4116 = CARTESIAN_POINT('',(3.190680038803,34.705302923772));
#4117 = CARTESIAN_POINT('',(3.411573272248,34.039271705697));
#4118 = CARTESIAN_POINT('',(3.632466505725,33.707716975536));
#4119 = CARTESIAN_POINT('',(3.853359739151,33.742243092216));
#4120 = CARTESIAN_POINT('',(4.074252972625,34.133850728023));
#4121 = CARTESIAN_POINT('',(4.29514620608,34.837415720976));
#4122 = CARTESIAN_POINT('',(4.736932672991,36.727898875603));
#4123 = CARTESIAN_POINT('',(4.957825906451,37.914818083707));
#4124 = CARTESIAN_POINT('',(5.17871913988,39.273123916428));
#4125 = CARTESIAN_POINT('',(5.399612373356,40.707421196043));
#4126 = CARTESIAN_POINT('',(5.620505606796,42.107966870419));
#4127 = CARTESIAN_POINT('',(5.841398840271,43.368761432052));
#4128 = CARTESIAN_POINT('',(6.062292073724,44.404476170523));
#4129 = CARTESIAN_POINT('',(6.28318530718,45.159000517759));
#4130 = ( GEOMETRIC_REPRESENTATION_CONTEXT(2) 
PARAMETRIC_REPRESENTATION_CONTEXT() REPRESENTATION_CONTEXT('2D SPACE',''
  ) );
#4131 = PCURVE('',#4132,#4137);
#4132 = PLANE('',#4133);
#4133 = AXIS2_PLACEMENT_3D('',#4134,#4135,#4136);
#4134 = CARTESIAN_POINT('',(67.5325,0.,35.544));
#4135 = DIRECTION('',(1.,0.,0.));
#4136 = DIRECTION('',(-0.,0.,1.));
#4137 = DEFINITIONAL_REPRESENTATION('',(#4138),#4142);
#4138 = ELLIPSE('',#4139,15.290342744024,14.025);
#4139 = AXIS2_PLACEMENT_2D('',#4140,#4141);
#4140 = CARTESIAN_POINT('',(-3.869730361499,5.239834083027));
#4141 = DIRECTION('',(0.594074263413,-0.804410199805));
#4142 = ( GEOMETRIC_REPRESENTATION_CONTEXT(2) 
PARAMETRIC_REPRESENTATION_CONTEXT() REPRESENTATION_CONTEXT('2D SPACE',''
  ) );
#4143 = ORIENTED_EDGE('',*,*,#4144,.F.);
#4144 = EDGE_CURVE('',#3610,#4089,#4145,.T.);
#4145 = SURFACE_CURVE('',#4146,(#4189,#4235),.PCURVE_S1.);
#4146 = B_SPLINE_CURVE_WITH_KNOTS('',6,(#4147,#4148,#4149,#4150,#4151,
    #4152,#4153,#4154,#4155,#4156,#4157,#4158,#4159,#4160,#4161,#4162,
    #4163,#4164,#4165,#4166,#4167,#4168,#4169,#4170,#4171,#4172,#4173,
    #4174,#4175,#4176,#4177,#4178,#4179,#4180,#4181,#4182,#4183,#4184,
    #4185,#4186,#4187,#4188),.UNSPECIFIED.,.F.,.F.,(7,5,5,5,5,5,5,5,7),(
    0.,0.195302773264,0.29461647075,0.35817961704,0.50000440578,
    0.599572346806,0.704784313986,0.802877963534,1.),.UNSPECIFIED.);
#4147 = CARTESIAN_POINT('',(67.5324994,-19.84915083527,33.120939256138)
  );
#4148 = CARTESIAN_POINT('',(67.976431913629,-19.79638241339,
    32.688672600044));
#4149 = CARTESIAN_POINT('',(68.408976935676,-19.72788072168,
    32.221439198012));
#4150 = CARTESIAN_POINT('',(68.825703137692,-19.63992981033,
    31.718415450324));
#4151 = CARTESIAN_POINT('',(69.22240869891,-19.5281002735,
    31.179287590385));
#4152 = CARTESIAN_POINT('',(69.594849125259,-19.38720866134,
    30.604672020794));
#4153 = CARTESIAN_POINT('',(70.113168468798,-19.1222574748,
    29.687130196547));
#4154 = CARTESIAN_POINT('',(70.280289940566,-19.02403206015,
    29.369388850003));
#4155 = CARTESIAN_POINT('',(70.439021626122,-18.91628117735,
    29.043842622208));
#4156 = CARTESIAN_POINT('',(70.588632513195,-18.79842755131,
    28.7112557316));
#4157 = CARTESIAN_POINT('',(70.728445693159,-18.6699594997,
    28.372501508156));
#4158 = CARTESIAN_POINT('',(70.940647264643,-18.44117708316,
    27.808404789985));
#4159 = CARTESIAN_POINT('',(71.019178442988,-18.34738723901,
    27.586162874975));
#4160 = CARTESIAN_POINT('',(71.093245566398,-18.24900588434,
    27.362128603568));
#4161 = CARTESIAN_POINT('',(71.162682095569,-18.14597082531,
    27.13662685653));
#4162 = CARTESIAN_POINT('',(71.227337223403,-18.0382463396,
    26.909995355044));
#4163 = CARTESIAN_POINT('',(71.420365021295,-17.67499282722,
    26.175167184292));
#4164 = CARTESIAN_POINT('',(71.529206978593,-17.40072688266,
    25.663739013781));
#4165 = CARTESIAN_POINT('',(71.611950590802,-17.1031741751,
    25.152609114437));
#4166 = CARTESIAN_POINT('',(71.667500058524,-16.78332789878,
    24.646275984701));
#4167 = CARTESIAN_POINT('',(71.695284054021,-16.44314001518,
    24.149009723745));
#4168 = CARTESIAN_POINT('',(71.695284054021,-15.83422953474,
    23.324510445798));
#4169 = CARTESIAN_POINT('',(71.681590192145,-15.57445197188,
    22.990812126032));
#4170 = CARTESIAN_POINT('',(71.654204563426,-15.30702785898,
    22.664812547424));
#4171 = CARTESIAN_POINT('',(71.613266993885,-15.03310802862,
    22.347674804884));
#4172 = CARTESIAN_POINT('',(71.559050972349,-14.75398644001,
    22.040371140094));
#4173 = CARTESIAN_POINT('',(71.421081802777,-14.17204121323,
    21.430143215279));
#4174 = CARTESIAN_POINT('',(71.335835891354,-13.86880384153,
    21.128489198427));
#4175 = CARTESIAN_POINT('',(71.236698513421,-13.56283619217,
    20.839493318092));
#4176 = CARTESIAN_POINT('',(71.124259369532,-13.25569924457,
    20.563673593897));
#4177 = CARTESIAN_POINT('',(70.999238559067,-12.94895186418,
    20.301313204609));
#4178 = CARTESIAN_POINT('',(70.735004683401,-12.35987843934,
    19.82051385694));
#4179 = CARTESIAN_POINT('',(70.597329067953,-12.07731411604,
    19.600312347127));
#4180 = CARTESIAN_POINT('',(70.450071705082,-11.79741834912,
    19.391784119097));
#4181 = CARTESIAN_POINT('',(70.29388365349,-11.52114312245,
    19.194709034787));
#4182 = CARTESIAN_POINT('',(70.12946750839,-11.24936003658,
    19.008776061081));
#4183 = CARTESIAN_POINT('',(69.612168884476,-10.44725029112,
    18.481592820088));
#4184 = CARTESIAN_POINT('',(69.23718524226,-9.933828977841,
    18.173646632508));
#4185 = CARTESIAN_POINT('',(68.837347821629,-9.446173139074,
    17.90475778281));
#4186 = CARTESIAN_POINT('',(68.417027560454,-8.986491422609,
    17.670018795874));
#4187 = CARTESIAN_POINT('',(67.980553840067,-8.555832547675,
    17.464981260302));
#4188 = CARTESIAN_POINT('',(67.5324994,-8.154519882024,17.285746585621)
  );
#4189 = PCURVE('',#3460,#4190);
#4190 = DEFINITIONAL_REPRESENTATION('',(#4191),#4234);
#4191 = B_SPLINE_CURVE_WITH_KNOTS('',6,(#4192,#4193,#4194,#4195,#4196,
    #4197,#4198,#4199,#4200,#4201,#4202,#4203,#4204,#4205,#4206,#4207,
    #4208,#4209,#4210,#4211,#4212,#4213,#4214,#4215,#4216,#4217,#4218,
    #4219,#4220,#4221,#4222,#4223,#4224,#4225,#4226,#4227,#4228,#4229,
    #4230,#4231,#4232,#4233),.UNSPECIFIED.,.F.,.F.,(7,5,5,5,5,5,5,5,7),(
    0.,0.195302773264,0.29461647075,0.35817961704,0.50000440578,
    0.599572346806,0.704784313986,0.802877963534,1.),.UNSPECIFIED.);
#4192 = CARTESIAN_POINT('',(2.959073027252,35.777840235323));
#4193 = CARTESIAN_POINT('',(2.997013769258,36.099654644847));
#4194 = CARTESIAN_POINT('',(3.037003529512,36.407790810672));
#4195 = CARTESIAN_POINT('',(3.079083334436,36.699179868945));
#4196 = CARTESIAN_POINT('',(3.123312307573,36.971312715533));
#4197 = CARTESIAN_POINT('',(3.169754131765,37.222102819536));
#4198 = CARTESIAN_POINT('',(3.243265372822,37.565302558819));
#4199 = CARTESIAN_POINT('',(3.268617331677,37.674878776905));
#4200 = CARTESIAN_POINT('',(3.294519731047,37.777964705192));
#4201 = CARTESIAN_POINT('',(3.320949527339,37.874255632295));
#4202 = CARTESIAN_POINT('',(3.34788228112,37.963501275676));
#4203 = CARTESIAN_POINT('',(3.392835775527,38.097963569961));
#4204 = CARTESIAN_POINT('',(3.410572260226,38.147457814404));
#4205 = CARTESIAN_POINT('',(3.428490812006,38.193904479269));
#4206 = CARTESIAN_POINT('',(3.446579972718,38.237247612383));
#4207 = CARTESIAN_POINT('',(3.464827910875,38.277440248471));
#4208 = CARTESIAN_POINT('',(3.524264694616,38.397001272494));
#4209 = CARTESIAN_POINT('',(3.566045993879,38.463694097046));
#4210 = CARTESIAN_POINT('',(3.608393325365,38.513980321961));
#4211 = CARTESIAN_POINT('',(3.651124831677,38.547601089036));
#4212 = CARTESIAN_POINT('',(3.694055536135,38.56441735985));
#4213 = CARTESIAN_POINT('',(3.767137438029,38.56441735985));
#4214 = CARTESIAN_POINT('',(3.797280576481,38.556129182196));
#4215 = CARTESIAN_POINT('',(3.827355340654,38.539554130793));
#4216 = CARTESIAN_POINT('',(3.857295593862,38.514726943699));
#4217 = CARTESIAN_POINT('',(3.887036001646,38.481713938628));
#4218 = CARTESIAN_POINT('',(3.947660330777,38.397225915823));
#4219 = CARTESIAN_POINT('',(3.978510047694,38.344814814853));
#4220 = CARTESIAN_POINT('',(4.00899764131,38.283531978408));
#4221 = CARTESIAN_POINT('',(4.039063623915,38.213540727044));
#4222 = CARTESIAN_POINT('',(4.06865131571,38.13506909536));
#4223 = CARTESIAN_POINT('',(4.124792829971,37.967676357337));
#4224 = CARTESIAN_POINT('',(4.151415547447,37.879824740395));
#4225 = CARTESIAN_POINT('',(4.177548463209,37.785091546167));
#4226 = CARTESIAN_POINT('',(4.203167942512,37.683716834232));
#4227 = CARTESIAN_POINT('',(4.22825167718,37.575992183003));
#4228 = CARTESIAN_POINT('',(4.302067507109,37.233760846309));
#4229 = CARTESIAN_POINT('',(4.34902416218,36.981446090639));
#4230 = CARTESIAN_POINT('',(4.393726286636,36.707320938746));
#4231 = CARTESIAN_POINT('',(4.436238315825,36.413525661897));
#4232 = CARTESIAN_POINT('',(4.476620228929,36.102642701099));
#4233 = CARTESIAN_POINT('',(4.514913251839,35.777840235323));
#4234 = ( GEOMETRIC_REPRESENTATION_CONTEXT(2) 
PARAMETRIC_REPRESENTATION_CONTEXT() REPRESENTATION_CONTEXT('2D SPACE',''
  ) );
#4235 = PCURVE('',#4236,#4241);
#4236 = CYLINDRICAL_SURFACE('',#4237,19.9965);
#4237 = AXIS2_PLACEMENT_3D('',#4238,#4239,#4240);
#4238 = CARTESIAN_POINT('',(67.5325,0.,35.544));
#4239 = DIRECTION('',(1.,0.,0.));
#4240 = DIRECTION('',(-0.,0.,1.));
#4241 = DEFINITIONAL_REPRESENTATION('',(#4242),#4285);
#4242 = B_SPLINE_CURVE_WITH_KNOTS('',6,(#4243,#4244,#4245,#4246,#4247,
    #4248,#4249,#4250,#4251,#4252,#4253,#4254,#4255,#4256,#4257,#4258,
    #4259,#4260,#4261,#4262,#4263,#4264,#4265,#4266,#4267,#4268,#4269,
    #4270,#4271,#4272,#4273,#4274,#4275,#4276,#4277,#4278,#4279,#4280,
    #4281,#4282,#4283,#4284),.UNSPECIFIED.,.F.,.F.,(7,5,5,5,5,5,5,5,7),(
    0.,0.195302773264,0.29461647075,0.35817961704,0.50000440578,
    0.599572346806,0.704784313986,0.802877963534,1.),.UNSPECIFIED.);
#4243 = CARTESIAN_POINT('',(1.69226908368,-6.E-07));
#4244 = CARTESIAN_POINT('',(1.714046673043,0.443931913629));
#4245 = CARTESIAN_POINT('',(1.737655355478,0.876476935676));
#4246 = CARTESIAN_POINT('',(1.763177156963,1.293203137692));
#4247 = CARTESIAN_POINT('',(1.790688605767,1.68990869891));
#4248 = CARTESIAN_POINT('',(1.820251131566,2.062349125259));
#4249 = CARTESIAN_POINT('',(1.86801098508,2.580668468798));
#4250 = CARTESIAN_POINT('',(1.884639871315,2.747789940566));
#4251 = CARTESIAN_POINT('',(1.901783381336,2.906521626122));
#4252 = CARTESIAN_POINT('',(1.919422865488,3.056132513195));
#4253 = CARTESIAN_POINT('',(1.937536114886,3.195945693159));
#4254 = CARTESIAN_POINT('',(1.967977707605,3.408147264643));
#4255 = CARTESIAN_POINT('',(1.980039725567,3.486678442988));
#4256 = CARTESIAN_POINT('',(1.992274118271,3.560745566398));
#4257 = CARTESIAN_POINT('',(2.004670488735,3.630182095569));
#4258 = CARTESIAN_POINT('',(2.017217750893,3.694837223403));
#4259 = CARTESIAN_POINT('',(2.058210457271,3.887865021295));
#4260 = CARTESIAN_POINT('',(2.087216013828,3.996706978593));
#4261 = CARTESIAN_POINT('',(2.116765030833,4.079450590802));
#4262 = CARTESIAN_POINT('',(2.146684969369,4.135000058524));
#4263 = CARTESIAN_POINT('',(2.176795394698,4.162784054021));
#4264 = CARTESIAN_POINT('',(2.22805304849,4.162784054021));
#4265 = CARTESIAN_POINT('',(2.249194624081,4.149090192145));
#4266 = CARTESIAN_POINT('',(2.270270674154,4.121704563426));
#4267 = CARTESIAN_POINT('',(2.291217249116,4.080766993885));
#4268 = CARTESIAN_POINT('',(2.31197194512,4.026550972349));
#4269 = CARTESIAN_POINT('',(2.354140870171,3.888581802777));
#4270 = CARTESIAN_POINT('',(2.375523387701,3.803335891354));
#4271 = CARTESIAN_POINT('',(2.396560420854,3.704198513421));
#4272 = CARTESIAN_POINT('',(2.417195059375,3.591759369532));
#4273 = CARTESIAN_POINT('',(2.437375368236,3.466738559067));
#4274 = CARTESIAN_POINT('',(2.475400949334,3.202504683401));
#4275 = CARTESIAN_POINT('',(2.493311200681,3.064829067953));
#4276 = CARTESIAN_POINT('',(2.510760089957,2.917571705082));
#4277 = CARTESIAN_POINT('',(2.527726085855,2.76138365349));
#4278 = CARTESIAN_POINT('',(2.54419104162,2.59696750839));
#4279 = CARTESIAN_POINT('',(2.592191686246,2.079668884476));
#4280 = CARTESIAN_POINT('',(2.622106138628,1.70468524226));
#4281 = CARTESIAN_POINT('',(2.649930362657,1.304847821629));
#4282 = CARTESIAN_POINT('',(2.675726446242,0.884527560454));
#4283 = CARTESIAN_POINT('',(2.699572439921,0.448053840067));
#4284 = CARTESIAN_POINT('',(2.721552234841,-6.E-07));
#4285 = ( GEOMETRIC_REPRESENTATION_CONTEXT(2) 
PARAMETRIC_REPRESENTATION_CONTEXT() REPRESENTATION_CONTEXT('2D SPACE',''
  ) );
#4286 = FACE_BOUND('',#4287,.F.);
#4287 = EDGE_LOOP('',(#4288,#4357,#4391,#4626,#4655));
#4288 = ORIENTED_EDGE('',*,*,#4289,.F.);
#4289 = EDGE_CURVE('',#4290,#4292,#4294,.T.);
#4290 = VERTEX_POINT('',#4291);
#4291 = CARTESIAN_POINT('',(43.269921891178,-21.86700973244,
    36.828024241404));
#4292 = VERTEX_POINT('',#4293);
#4293 = CARTESIAN_POINT('',(45.652456315926,-18.09375,39.129011362838));
#4294 = SURFACE_CURVE('',#4295,(#4312,#4332),.PCURVE_S1.);
#4295 = B_SPLINE_CURVE_WITH_KNOTS('',8,(#4296,#4297,#4298,#4299,#4300,
    #4301,#4302,#4303,#4304,#4305,#4306,#4307,#4308,#4309,#4310,#4311),
  .UNSPECIFIED.,.F.,.F.,(9,7,9),(0.,0.910977855262,1.),.UNSPECIFIED.);
#4296 = CARTESIAN_POINT('',(43.269921295668,-21.8670102656,
    36.828023854306));
#4297 = CARTESIAN_POINT('',(43.636469883706,-21.53883875068,
    37.06629037974));
#4298 = CARTESIAN_POINT('',(43.977926399724,-21.1963668652,
    37.309522430106));
#4299 = CARTESIAN_POINT('',(44.300346813204,-20.83425300515,
    37.559748640377));
#4300 = CARTESIAN_POINT('',(44.606017288739,-20.44602205381,
    37.819172642717));
#4301 = CARTESIAN_POINT('',(44.892661743091,-20.02553983273,
    38.088451335186));
#4302 = CARTESIAN_POINT('',(45.153034156188,-19.56780233426,
    38.365629358309));
#4303 = CARTESIAN_POINT('',(45.374660074139,-19.06950741082,
    38.645155712672));
#4304 = CARTESIAN_POINT('',(45.555314345195,-18.47747155795,
    38.943731820082));
#4305 = CARTESIAN_POINT('',(45.570886019669,-18.42426270934,
    38.97029656393));
#4306 = CARTESIAN_POINT('',(45.585928723183,-18.37053757803,
    38.996840729422));
#4307 = CARTESIAN_POINT('',(45.60042251463,-18.31628432941,
    39.023358147914));
#4308 = CARTESIAN_POINT('',(45.614345926571,-18.26149102973,
    39.04984191887));
#4309 = CARTESIAN_POINT('',(45.627675965229,-18.20614564612,
    39.076284409867));
#4310 = CARTESIAN_POINT('',(45.640388110496,-18.15023604659,
    39.102677256591));
#4311 = CARTESIAN_POINT('',(45.652456315926,-18.09375,39.129011362838));
#4312 = PCURVE('',#3460,#4313);
#4313 = DEFINITIONAL_REPRESENTATION('',(#4314),#4331);
#4314 = B_SPLINE_CURVE_WITH_KNOTS('',8,(#4315,#4316,#4317,#4318,#4319,
    #4320,#4321,#4322,#4323,#4324,#4325,#4326,#4327,#4328,#4329,#4330),
  .UNSPECIFIED.,.F.,.F.,(9,7,9),(0.,0.910977855262,1.),.UNSPECIFIED.);
#4315 = CARTESIAN_POINT('',(2.151619587823,13.753763643662));
#4316 = CARTESIAN_POINT('',(2.135506036516,14.25151128241));
#4317 = CARTESIAN_POINT('',(2.117730098103,14.732000377934));
#4318 = CARTESIAN_POINT('',(2.098095934226,15.202977309941));
#4319 = CARTESIAN_POINT('',(2.076228343129,15.669135224901));
#4320 = CARTESIAN_POINT('',(2.051689326341,16.130507317751));
#4321 = CARTESIAN_POINT('',(2.02403991411,16.58158786167));
#4322 = CARTESIAN_POINT('',(1.992875089843,17.010679224782));
#4323 = CARTESIAN_POINT('',(1.954427379102,17.43673325872));
#4324 = CARTESIAN_POINT('',(1.950960499448,17.474351278322));
#4325 = CARTESIAN_POINT('',(1.94744830223,17.511644656482));
#4326 = CARTESIAN_POINT('',(1.943889614175,17.548597434583));
#4327 = CARTESIAN_POINT('',(1.940283224322,17.585192112557));
#4328 = CARTESIAN_POINT('',(1.936627884017,17.621409648887));
#4329 = CARTESIAN_POINT('',(1.932922306913,17.657229460605));
#4330 = CARTESIAN_POINT('',(1.929165168976,17.692629423294));
#4331 = ( GEOMETRIC_REPRESENTATION_CONTEXT(2) 
PARAMETRIC_REPRESENTATION_CONTEXT() REPRESENTATION_CONTEXT('2D SPACE',''
  ) );
#4332 = PCURVE('',#4333,#4338);
#4333 = CYLINDRICAL_SURFACE('',#4334,6.5);
#4334 = AXIS2_PLACEMENT_3D('',#4335,#4336,#4337);
#4335 = CARTESIAN_POINT('',(38.458418186136,-18.09375,39.033005667157));
#4336 = DIRECTION('',(0.416609256776,0.,0.909085654473));
#4337 = DIRECTION('',(0.909085654473,0.,-0.416609256776));
#4338 = DEFINITIONAL_REPRESENTATION('',(#4339),#4356);
#4339 = B_SPLINE_CURVE_WITH_KNOTS('',8,(#4340,#4341,#4342,#4343,#4344,
    #4345,#4346,#4347,#4348,#4349,#4350,#4351,#4352,#4353,#4354,#4355),
  .UNSPECIFIED.,.F.,.F.,(9,7,9),(0.,0.910977855262,1.),.UNSPECIFIED.);
#4340 = CARTESIAN_POINT('',(5.663840756943,-6.E-07));
#4341 = CARTESIAN_POINT('',(5.725845497276,0.369311615048));
#4342 = CARTESIAN_POINT('',(5.787419775866,0.732684328105));
#4343 = CARTESIAN_POINT('',(5.85001170165,1.09448471506));
#4344 = CARTESIAN_POINT('',(5.914879993356,1.457668503652));
#4345 = CARTESIAN_POINT('',(5.983074052939,1.82188463311));
#4346 = CARTESIAN_POINT('',(6.055464472171,2.182336755175));
#4347 = CARTESIAN_POINT('',(6.132830569491,2.528781562933));
#4348 = CARTESIAN_POINT('',(6.224119009864,2.875475060545));
#4349 = CARTESIAN_POINT('',(6.232318429783,2.906111991822));
#4350 = CARTESIAN_POINT('',(6.240593029098,2.936509841412));
#4351 = CARTESIAN_POINT('',(6.248945342358,2.966654693839));
#4352 = CARTESIAN_POINT('',(6.257377986437,2.996531332392));
#4353 = CARTESIAN_POINT('',(6.265893660532,3.026123239124));
#4354 = CARTESIAN_POINT('',(6.274495146165,3.055412594853));
#4355 = CARTESIAN_POINT('',(6.28318530718,3.084380279161));
#4356 = ( GEOMETRIC_REPRESENTATION_CONTEXT(2) 
PARAMETRIC_REPRESENTATION_CONTEXT() REPRESENTATION_CONTEXT('2D SPACE',''
  ) );
#4357 = ORIENTED_EDGE('',*,*,#4358,.F.);
#4358 = EDGE_CURVE('',#4359,#4290,#4361,.T.);
#4359 = VERTEX_POINT('',#4360);
#4360 = CARTESIAN_POINT('',(41.790155154405,-20.70493259499,
    37.506161133538));
#4361 = SURFACE_CURVE('',#4362,(#4367,#4379),.PCURVE_S1.);
#4362 = ELLIPSE('',#4363,23.482527356515,14.025);
#4363 = AXIS2_PLACEMENT_3D('',#4364,#4365,#4366);
#4364 = CARTESIAN_POINT('',(59.204283141428,-8.149065719454,
    29.525739396184));
#4365 = DIRECTION('',(0.416609256776,0.,0.909085654473));
#4366 = DIRECTION('',(0.83339192658,0.399492602967,-0.381920877782));
#4367 = PCURVE('',#3460,#4368);
#4368 = DEFINITIONAL_REPRESENTATION('',(#4369),#4378);
#4369 = B_SPLINE_CURVE_WITH_KNOTS('',7,(#4370,#4371,#4372,#4373,#4374,
    #4375,#4376,#4377),.UNSPECIFIED.,.F.,.F.,(8,8),(2.646415342957,
    3.716465151945),.PIECEWISE_BEZIER_KNOTS.);
#4370 = CARTESIAN_POINT('',(1.247765305839,14.46500048598));
#4371 = CARTESIAN_POINT('',(1.400629564266,13.096896403265));
#4372 = CARTESIAN_POINT('',(1.553493822693,12.180579118202));
#4373 = CARTESIAN_POINT('',(1.70635808112,11.768255012596));
#4374 = CARTESIAN_POINT('',(1.859222339547,11.886314272735));
#4375 = CARTESIAN_POINT('',(2.012086597974,12.530155769076));
#4376 = CARTESIAN_POINT('',(2.164950856401,13.664663850152));
#4377 = CARTESIAN_POINT('',(2.317815114828,15.230100520551));
#4378 = ( GEOMETRIC_REPRESENTATION_CONTEXT(2) 
PARAMETRIC_REPRESENTATION_CONTEXT() REPRESENTATION_CONTEXT('2D SPACE',''
  ) );
#4379 = PCURVE('',#4380,#4385);
#4380 = PLANE('',#4381);
#4381 = AXIS2_PLACEMENT_3D('',#4382,#4383,#4384);
#4382 = CARTESIAN_POINT('',(38.458418186136,-18.09375,39.033005667157));
#4383 = DIRECTION('',(0.416609256776,0.,0.909085654473));
#4384 = DIRECTION('',(0.909085654473,0.,-0.416609256776));
#4385 = DEFINITIONAL_REPRESENTATION('',(#4386),#4390);
#4386 = ELLIPSE('',#4387,23.482527356515,14.025);
#4387 = AXIS2_PLACEMENT_2D('',#4388,#4389);
#4388 = CARTESIAN_POINT('',(22.820583355611,9.944684280546));
#4389 = DIRECTION('',(0.916736418047,0.399492602967));
#4390 = ( GEOMETRIC_REPRESENTATION_CONTEXT(2) 
PARAMETRIC_REPRESENTATION_CONTEXT() REPRESENTATION_CONTEXT('2D SPACE',''
  ) );
#4391 = ORIENTED_EDGE('',*,*,#4392,.F.);
#4392 = EDGE_CURVE('',#4393,#4359,#4395,.T.);
#4393 = VERTEX_POINT('',#4394);
#4394 = CARTESIAN_POINT('',(38.98799996819,-13.63161561478,
    38.790312724487));
#4395 = SURFACE_CURVE('',#4396,(#4469,#4545),.PCURVE_S1.);
#4396 = B_SPLINE_CURVE_WITH_KNOTS('',8,(#4397,#4398,#4399,#4400,#4401,
    #4402,#4403,#4404,#4405,#4406,#4407,#4408,#4409,#4410,#4411,#4412,
    #4413,#4414,#4415,#4416,#4417,#4418,#4419,#4420,#4421,#4422,#4423,
    #4424,#4425,#4426,#4427,#4428,#4429,#4430,#4431,#4432,#4433,#4434,
    #4435,#4436,#4437,#4438,#4439,#4440,#4441,#4442,#4443,#4444,#4445,
    #4446,#4447,#4448,#4449,#4450,#4451,#4452,#4453,#4454,#4455,#4456,
    #4457,#4458,#4459,#4460,#4461,#4462,#4463,#4464,#4465,#4466,#4467,
    #4468),.UNSPECIFIED.,.F.,.F.,(9,7,7,7,7,7,7,7,7,7,9),(0.,
    6.762794822453E-02,0.303373184235,0.372930114038,0.452675840531,
    0.500216758132,0.56629619045,0.614835938195,0.685797068649,
    0.932359375771,1.),.UNSPECIFIED.);
#4397 = CARTESIAN_POINT('',(38.988000876107,-13.63161570927,
    38.790312968417));
#4398 = CARTESIAN_POINT('',(38.829086678436,-13.61507737737,
    38.74761746321));
#4399 = CARTESIAN_POINT('',(38.670585930339,-13.60277838722,
    38.704737308908));
#4400 = CARTESIAN_POINT('',(38.512554681051,-13.59460594658,
    38.661767814755));
#4401 = CARTESIAN_POINT('',(38.355029405018,-13.59046912082,
    38.618790252127));
#4402 = CARTESIAN_POINT('',(38.198031418695,-13.59029891291,
    38.575874086195));
#4403 = CARTESIAN_POINT('',(38.041571297338,-13.5940483435,
    38.533079207583));
#4404 = CARTESIAN_POINT('',(37.885653291801,-13.60169253087,
    38.490458164032));
#4405 = CARTESIAN_POINT('',(37.188660868142,-13.65344311639,
    38.30025641796));
#4406 = CARTESIAN_POINT('',(36.655535434889,-13.74081240457,
    38.155654814916));
#4407 = CARTESIAN_POINT('',(36.130940276989,-13.87464931401,
    38.01622693256));
#4408 = CARTESIAN_POINT('',(35.615740588226,-14.05743189989,
    37.883383577497));
#4409 = CARTESIAN_POINT('',(35.112950761679,-14.29391227536,
    37.758662181576));
#4410 = CARTESIAN_POINT('',(34.628808158518,-14.59069096031,
    37.64353622321));
#4411 = CARTESIAN_POINT('',(34.173383309153,-14.95616664177,
    37.538556030377));
#4412 = CARTESIAN_POINT('',(33.643745683125,-15.52998476794,
    37.41256197776));
#4413 = CARTESIAN_POINT('',(33.527019477898,-15.66758588115,
    37.384501842735));
#4414 = CARTESIAN_POINT('',(33.414720540619,-15.81228374846,
    37.357030032051));
#4415 = CARTESIAN_POINT('',(33.307398285539,-15.96430318817,
    37.33006749589));
#4416 = CARTESIAN_POINT('',(33.205674895312,-16.12385397127,
    37.30350795436));
#4417 = CARTESIAN_POINT('',(33.110255032161,-16.29111902963,
    37.277213078003));
#4418 = CARTESIAN_POINT('',(33.021935664556,-16.46624223081,
    37.251007768858));
#4419 = CARTESIAN_POINT('',(32.849531018461,-16.85920607053,
    37.194486133778));
#4420 = CARTESIAN_POINT('',(32.767668601902,-17.0802136609,
    37.164034114333));
#4421 = CARTESIAN_POINT('',(32.697825004879,-17.3118560809,
    37.133097364764));
#4422 = CARTESIAN_POINT('',(32.64175598645,-17.55347879994,
    37.101362374085));
#4423 = CARTESIAN_POINT('',(32.601179059014,-17.80422399042,
    37.068439885714));
#4424 = CARTESIAN_POINT('',(32.577771259965,-18.06300201148,
    37.033898100425));
#4425 = CARTESIAN_POINT('',(32.573162455596,-18.32846555333,
    36.997313435824));
#4426 = CARTESIAN_POINT('',(32.598320626948,-18.76025917508,
    36.935103892781));
#4427 = CARTESIAN_POINT('',(32.614944318594,-18.92311533759,
    36.911050382305));
#4428 = CARTESIAN_POINT('',(32.639072059238,-19.08680851391,
    36.886165615291));
#4429 = CARTESIAN_POINT('',(32.670872671549,-19.25057840717,
    36.86045256154));
#4430 = CARTESIAN_POINT('',(32.710407740586,-19.4136641667,
    36.833938746679));
#4431 = CARTESIAN_POINT('',(32.757632960975,-19.57531725151,
    36.806681899737));
#4432 = CARTESIAN_POINT('',(32.812400084467,-19.73481382963,
    36.778772357917));
#4433 = CARTESIAN_POINT('',(32.96071882159,-20.10920617126,
    36.71080191032));
#4434 = CARTESIAN_POINT('',(33.060758226856,-20.32067415216,
    36.670388006823));
#4435 = CARTESIAN_POINT('',(33.173794250942,-20.5242528757,
    36.629400335274));
#4436 = CARTESIAN_POINT('',(33.298741203303,-20.71849842314,
    36.588255595066));
#4437 = CARTESIAN_POINT('',(33.434250805124,-20.90219642491,
    36.547453407954));
#4438 = CARTESIAN_POINT('',(33.578745228583,-21.07439983382,
    36.507540006889));
#4439 = CARTESIAN_POINT('',(33.730443505824,-21.23444878401,
    36.469059573499));
#4440 = CARTESIAN_POINT('',(34.002662584229,-21.49033856453,
    36.405632803293));
#4441 = CARTESIAN_POINT('',(34.12098873,-21.59215072565,36.379754495455)
  );
#4442 = CARTESIAN_POINT('',(34.24190376493,-21.68750357868,
    36.354986368822));
#4443 = CARTESIAN_POINT('',(34.364975071421,-21.77651777143,
    36.331445742682));
#4444 = CARTESIAN_POINT('',(34.489791252182,-21.85933714165,
    36.309237129967));
#4445 = CARTESIAN_POINT('',(34.615959988095,-21.93612581895,
    36.288450179701));
#4446 = CARTESIAN_POINT('',(34.743105896081,-22.00706532677,
    36.269157619438));
#4447 = CARTESIAN_POINT('',(35.057646670819,-22.16779498491,
    36.225472308359));
#4448 = CARTESIAN_POINT('',(35.245827891266,-22.25120029369,
    36.202828543883));
#4449 = CARTESIAN_POINT('',(35.434667192711,-22.32335484574,
    36.183604817077));
#4450 = CARTESIAN_POINT('',(35.623549169327,-22.3850087242,
    36.16787147598));
#4451 = CARTESIAN_POINT('',(35.811969008928,-22.43687112279,
    36.155652733294));
#4452 = CARTESIAN_POINT('',(35.999514027539,-22.47960742801,
    36.146933855678));
#4453 = CARTESIAN_POINT('',(36.185845594641,-22.51383712051,
    36.141669112917));
#4454 = CARTESIAN_POINT('',(37.012914097146,-22.63149869122,
    36.133262993026));
#4455 = CARTESIAN_POINT('',(37.639474988549,-22.62741648748,
    36.167589833028));
#4456 = CARTESIAN_POINT('',(38.240819027315,-22.5510225028,
    36.24040800485));
#4457 = CARTESIAN_POINT('',(38.814360518022,-22.41742053124,
    36.34671273131));
#4458 = CARTESIAN_POINT('',(39.359444821371,-22.23668586349,
    36.481505709108));
#4459 = CARTESIAN_POINT('',(39.877068872384,-22.01465717923,
    36.640901729176));
#4460 = CARTESIAN_POINT('',(40.368506633304,-21.75350686036,
    36.82243370714));
#4461 = CARTESIAN_POINT('',(40.96060666279,-21.36896122122,
    37.079771507578));
#4462 = CARTESIAN_POINT('',(41.085900141668,-21.28322152389,
    37.136639015071));
#4463 = CARTESIAN_POINT('',(41.209012435431,-21.19451124376,
    37.194930600588));
#4464 = CARTESIAN_POINT('',(41.329917443665,-21.10280019249,
    37.254603450733));
#4465 = CARTESIAN_POINT('',(41.448568686033,-21.00804499531,
    37.315613802098));
#4466 = CARTESIAN_POINT('',(41.56489580102,-20.91019142514,
    37.377914251894));
#4467 = CARTESIAN_POINT('',(41.678801044682,-20.80917673669,
    37.44145106859));
#4468 = CARTESIAN_POINT('',(41.790155789395,-20.70493200055,
    37.506161502543));
#4469 = PCURVE('',#3460,#4470);
#4470 = DEFINITIONAL_REPRESENTATION('',(#4471),#4544);
#4471 = B_SPLINE_CURVE_WITH_KNOTS('',8,(#4472,#4473,#4474,#4475,#4476,
    #4477,#4478,#4479,#4480,#4481,#4482,#4483,#4484,#4485,#4486,#4487,
    #4488,#4489,#4490,#4491,#4492,#4493,#4494,#4495,#4496,#4497,#4498,
    #4499,#4500,#4501,#4502,#4503,#4504,#4505,#4506,#4507,#4508,#4509,
    #4510,#4511,#4512,#4513,#4514,#4515,#4516,#4517,#4518,#4519,#4520,
    #4521,#4522,#4523,#4524,#4525,#4526,#4527,#4528,#4529,#4530,#4531,
    #4532,#4533,#4534,#4535,#4536,#4537,#4538,#4539,#4540,#4541,#4542,
    #4543),.UNSPECIFIED.,.F.,.F.,(9,7,7,7,7,7,7,7,7,7,9),(0.,
    6.762794822453E-02,0.303373184235,0.372930114038,0.452675840531,
    0.500216758132,0.56629619045,0.614835938195,0.685797068649,
    0.932359375771,1.),.UNSPECIFIED.);
#4472 = CARTESIAN_POINT('',(1.464278458513,12.929271396884));
#4473 = CARTESIAN_POINT('',(1.459400908818,12.778704002159));
#4474 = CARTESIAN_POINT('',(1.454817215431,12.627113802371));
#4475 = CARTESIAN_POINT('',(1.450521507471,12.474610901982));
#4476 = CARTESIAN_POINT('',(1.446508943242,12.321277125259));
#4477 = CARTESIAN_POINT('',(1.442775810359,12.167170570006));
#4478 = CARTESIAN_POINT('',(1.439319625874,12.012330161285));
#4479 = CARTESIAN_POINT('',(1.436139236414,11.856780205146));
#4480 = CARTESIAN_POINT('',(1.423110714086,11.155877336735));
#4481 = CARTESIAN_POINT('',(1.416376313467,10.604658499206));
#4482 = CARTESIAN_POINT('',(1.413003178289,10.047599400314));
#4483 = CARTESIAN_POINT('',(1.413193470251,9.485033474138));
#4484 = CARTESIAN_POINT('',(1.417345267145,8.918566821331));
#4485 = CARTESIAN_POINT('',(1.426051307863,8.352154406466));
#4486 = CARTESIAN_POINT('',(1.440081104762,7.792472545551));
#4487 = CARTESIAN_POINT('',(1.466412718073,7.092990865593));
#4488 = CARTESIAN_POINT('',(1.472965672045,6.935194945799));
#4489 = CARTESIAN_POINT('',(1.480098283826,6.779325233366));
#4490 = CARTESIAN_POINT('',(1.487837596777,6.625794935325));
#4491 = CARTESIAN_POINT('',(1.496211379906,6.475082383039));
#4492 = CARTESIAN_POINT('',(1.505247712473,6.327742577569));
#4493 = CARTESIAN_POINT('',(1.514974641004,6.184419003589));
#4494 = CARTESIAN_POINT('',(1.537395213892,5.886995474685));
#4495 = CARTESIAN_POINT('',(1.550352782294,5.733887583861));
#4496 = CARTESIAN_POINT('',(1.564302930372,5.58828164783));
#4497 = CARTESIAN_POINT('',(1.579244786218,5.451923662871));
#4498 = CARTESIAN_POINT('',(1.595165287906,5.326571759073));
#4499 = CARTESIAN_POINT('',(1.612037947607,5.214011150289));
#4500 = CARTESIAN_POINT('',(1.629821381476,5.116068288085));
#4501 = CARTESIAN_POINT('',(1.659567707642,4.986070824812));
#4502 = CARTESIAN_POINT('',(1.670966149262,4.943445534149));
#4503 = CARTESIAN_POINT('',(1.682612143455,4.907238405759));
#4504 = CARTESIAN_POINT('',(1.694461701183,4.877848604257));
#4505 = CARTESIAN_POINT('',(1.706468349101,4.855582919193));
#4506 = CARTESIAN_POINT('',(1.718583801219,4.8406542155));
#4507 = CARTESIAN_POINT('',(1.730758584229,4.833179816009));
#4508 = CARTESIAN_POINT('',(1.759877795148,4.833179816009));
#4509 = CARTESIAN_POINT('',(1.776770365397,4.847619893788));
#4510 = CARTESIAN_POINT('',(1.793497981991,4.876373122022));
#4511 = CARTESIAN_POINT('',(1.809940522963,4.919004912837));
#4512 = CARTESIAN_POINT('',(1.825983668208,4.974785891738));
#4513 = CARTESIAN_POINT('',(1.841521815148,5.042701507212));
#4514 = CARTESIAN_POINT('',(1.856460331478,5.12145837603));
#4515 = CARTESIAN_POINT('',(1.881189724811,5.274150523868));
#4516 = CARTESIAN_POINT('',(1.891314240527,5.343938929904));
#4517 = CARTESIAN_POINT('',(1.901083365039,5.418434343426));
#4518 = CARTESIAN_POINT('',(1.910491757079,5.497229052145));
#4519 = CARTESIAN_POINT('',(1.919535930379,5.579924347223));
#4520 = CARTESIAN_POINT('',(1.928214122864,5.666129000091));
#4521 = CARTESIAN_POINT('',(1.936526165837,5.755457739283));
#4522 = CARTESIAN_POINT('',(1.956091489311,5.982131422842));
#4523 = CARTESIAN_POINT('',(1.96693517746,6.122657309083));
#4524 = CARTESIAN_POINT('',(1.977030792954,6.268201014247));
#4525 = CARTESIAN_POINT('',(1.98640604738,6.417974369316));
#4526 = CARTESIAN_POINT('',(1.995089559011,6.571292831206));
#4527 = CARTESIAN_POINT('',(2.00311034209,6.727561181593));
#4528 = CARTESIAN_POINT('',(2.010497214975,6.886259501359));
#4529 = CARTESIAN_POINT('',(2.040839157483,7.605194850295));
#4530 = CARTESIAN_POINT('',(2.057172266858,8.189335942953));
#4531 = CARTESIAN_POINT('',(2.067448667494,8.78262503322));
#4532 = CARTESIAN_POINT('',(2.072596520856,9.376666636448));
#4533 = CARTESIAN_POINT('',(2.073336245454,9.96644925717));
#4534 = CARTESIAN_POINT('',(2.070152211982,10.550097164867));
#4535 = CARTESIAN_POINT('',(2.063287937914,11.127499040245));
#4536 = CARTESIAN_POINT('',(2.049788327691,11.854708719888));
#4537 = CARTESIAN_POINT('',(2.046605045196,12.010562564941));
#4538 = CARTESIAN_POINT('',(2.04314492571,12.165704528465));
#4539 = CARTESIAN_POINT('',(2.039406820076,12.320110211689));
#4540 = CARTESIAN_POINT('',(2.035388239223,12.473740522759));
#4541 = CARTESIAN_POINT('',(2.031085455047,12.626537080959));
#4542 = CARTESIAN_POINT('',(2.026493601292,12.77841762093));
#4543 = CARTESIAN_POINT('',(2.021606774432,12.929271396884));
#4544 = ( GEOMETRIC_REPRESENTATION_CONTEXT(2) 
PARAMETRIC_REPRESENTATION_CONTEXT() REPRESENTATION_CONTEXT('2D SPACE',''
  ) );
#4545 = PCURVE('',#4546,#4551);
#4546 = CYLINDRICAL_SURFACE('',#4547,4.5);
#4547 = AXIS2_PLACEMENT_3D('',#4548,#4549,#4550);
#4548 = CARTESIAN_POINT('',(27.4029,-18.09375,14.908690562972));
#4549 = DIRECTION('',(0.416609256776,0.,0.909085654473));
#4550 = DIRECTION('',(0.909085654473,0.,-0.416609256776));
#4551 = DEFINITIONAL_REPRESENTATION('',(#4552),#4625);
#4552 = B_SPLINE_CURVE_WITH_KNOTS('',8,(#4553,#4554,#4555,#4556,#4557,
    #4558,#4559,#4560,#4561,#4562,#4563,#4564,#4565,#4566,#4567,#4568,
    #4569,#4570,#4571,#4572,#4573,#4574,#4575,#4576,#4577,#4578,#4579,
    #4580,#4581,#4582,#4583,#4584,#4585,#4586,#4587,#4588,#4589,#4590,
    #4591,#4592,#4593,#4594,#4595,#4596,#4597,#4598,#4599,#4600,#4601,
    #4602,#4603,#4604,#4605,#4606,#4607,#4608,#4609,#4610,#4611,#4612,
    #4613,#4614,#4615,#4616,#4617,#4618,#4619,#4620,#4621,#4622,#4623,
    #4624),.UNSPECIFIED.,.F.,.F.,(9,7,7,7,7,7,7,7,7,7,9),(0.,
    6.762794822453E-02,0.303373184235,0.372930114038,0.452675840531,
    0.500216758132,0.56629619045,0.614835938195,0.685797068649,
    0.932359375771,1.),.UNSPECIFIED.);
#4553 = CARTESIAN_POINT('',(1.440977764684,26.5369006));
#4554 = CARTESIAN_POINT('',(1.469367603816,26.431881602923));
#4555 = CARTESIAN_POINT('',(1.497535724194,26.326866990923));
#4556 = CARTESIAN_POINT('',(1.525517726445,26.221966758894));
#4557 = CARTESIAN_POINT('',(1.55334899287,26.117269985074));
#4558 = CARTESIAN_POINT('',(1.581064820711,26.012848699883));
#4559 = CARTESIAN_POINT('',(1.608700555397,25.908761754779));
#4560 = CARTESIAN_POINT('',(1.636291723811,25.805058691102));
#4561 = CARTESIAN_POINT('',(1.760024204304,25.341775516694));
#4562 = CARTESIAN_POINT('',(1.855735081829,24.988215283237));
#4563 = CARTESIAN_POINT('',(1.952519105824,24.642912196713));
#4564 = CARTESIAN_POINT('',(2.051696172586,24.307509248906));
#4565 = CARTESIAN_POINT('',(2.154530951689,23.984659921116));
#4566 = CARTESIAN_POINT('',(2.26236128448,23.678302273832));
#4567 = CARTESIAN_POINT('',(2.376680429377,23.393132078512));
#4568 = CARTESIAN_POINT('',(2.535892150323,23.057940754989));
#4569 = CARTESIAN_POINT('',(2.572946797798,22.983802471169));
#4570 = CARTESIAN_POINT('',(2.61083426508,22.912043465378));
#4571 = CARTESIAN_POINT('',(2.649609739941,22.842820765622));
#4572 = CARTESIAN_POINT('',(2.689331521641,22.776296961428));
#4573 = CARTESIAN_POINT('',(2.73006149997,22.712639868276));
#4574 = CARTESIAN_POINT('',(2.771866843566,22.652022331565));
#4575 = CARTESIAN_POINT('',(2.864071214496,22.528813952471));
#4576 = CARTESIAN_POINT('',(2.914988603231,22.467025817924));
#4577 = CARTESIAN_POINT('',(2.967532513408,22.409804173649));
#4578 = CARTESIAN_POINT('',(3.021675770921,22.357595476781));
#4579 = CARTESIAN_POINT('',(3.077403567226,22.310761391313));
#4580 = CARTESIAN_POINT('',(3.134711744606,22.269608044062));
#4581 = CARTESIAN_POINT('',(3.19360637735,22.234429379737));
#4582 = CARTESIAN_POINT('',(3.290171074818,22.188356703653));
#4583 = CARTESIAN_POINT('',(3.326759588896,22.173415586162));
#4584 = CARTESIAN_POINT('',(3.363783242435,22.160845041552));
#4585 = CARTESIAN_POINT('',(3.401158178618,22.150718102714));
#4586 = CARTESIAN_POINT('',(3.438802969689,22.143085449707));
#4587 = CARTESIAN_POINT('',(3.476637641272,22.137981105133));
#4588 = CARTESIAN_POINT('',(3.514582383786,22.135425431655));
#4589 = CARTESIAN_POINT('',(3.605337257817,22.135425431655));
#4590 = CARTESIAN_POINT('',(3.657985772698,22.140363074021));
#4591 = CARTESIAN_POINT('',(3.710321166241,22.150193623789));
#4592 = CARTESIAN_POINT('',(3.762165825194,22.164843587668));
#4593 = CARTESIAN_POINT('',(3.813341453374,22.184205459195));
#4594 = CARTESIAN_POINT('',(3.863664723637,22.208118473231));
#4595 = CARTESIAN_POINT('',(3.912941980857,22.236335369793));
#4596 = CARTESIAN_POINT('',(3.996237632442,22.292083990824));
#4597 = CARTESIAN_POINT('',(4.030901057744,22.317854160053));
#4598 = CARTESIAN_POINT('',(4.064958472401,22.345712134278));
#4599 = CARTESIAN_POINT('',(4.098413570414,22.375584334284));
#4600 = CARTESIAN_POINT('',(4.131268492187,22.40739437936));
#4601 = CARTESIAN_POINT('',(4.163523777506,22.44106032437));
#4602 = CARTESIAN_POINT('',(4.195178318531,22.476491896825));
#4603 = CARTESIAN_POINT('',(4.271623319859,22.567818805601));
#4604 = CARTESIAN_POINT('',(4.3157481483,22.625631722543));
#4605 = CARTESIAN_POINT('',(4.358684866772,22.686827909303));
#4606 = CARTESIAN_POINT('',(4.400504946522,22.751214934511));
#4607 = CARTESIAN_POINT('',(4.441273766719,22.818604500158));
#4608 = CARTESIAN_POINT('',(4.481052580772,22.888811284409));
#4609 = CARTESIAN_POINT('',(4.519898943638,22.961652637975));
#4610 = CARTESIAN_POINT('',(4.689784952974,23.298575149103));
#4611 = CARTESIAN_POINT('',(4.811575381404,23.590812254206));
#4612 = CARTESIAN_POINT('',(4.925828499939,23.907535702647));
#4613 = CARTESIAN_POINT('',(5.03428079575,24.243118498656));
#4614 = CARTESIAN_POINT('',(5.138487363312,24.592744027587));
#4615 = CARTESIAN_POINT('',(5.239907640532,24.953295633996));
#4616 = CARTESIAN_POINT('',(5.340084388377,25.323061271319));
#4617 = CARTESIAN_POINT('',(5.468452754793,25.803677727272));
#4618 = CARTESIAN_POINT('',(5.49609587969,25.907573585654));
#4619 = CARTESIAN_POINT('',(5.523783425273,26.011855351028));
#4620 = CARTESIAN_POINT('',(5.551551111647,26.116473228678));
#4621 = CARTESIAN_POINT('',(5.579434477358,26.221368069776));
#4622 = CARTESIAN_POINT('',(5.607469013898,26.326467467871));
#4623 = CARTESIAN_POINT('',(5.635690300213,26.431681855365));
#4624 = CARTESIAN_POINT('',(5.664134137205,26.5369006));
#4625 = ( GEOMETRIC_REPRESENTATION_CONTEXT(2) 
PARAMETRIC_REPRESENTATION_CONTEXT() REPRESENTATION_CONTEXT('2D SPACE',''
  ) );
#4626 = ORIENTED_EDGE('',*,*,#4627,.F.);
#4627 = EDGE_CURVE('',#4628,#4393,#4630,.T.);
#4628 = VERTEX_POINT('',#4629);
#4629 = CARTESIAN_POINT('',(39.221652143786,-11.64819840979,
    38.683236280435));
#4630 = SURFACE_CURVE('',#4631,(#4636,#4648),.PCURVE_S1.);
#4631 = ELLIPSE('',#4632,23.482527356515,14.025);
#4632 = AXIS2_PLACEMENT_3D('',#4633,#4634,#4635);
#4633 = CARTESIAN_POINT('',(59.204283141428,-8.149065719454,
    29.525739396184));
#4634 = DIRECTION('',(0.416609256776,0.,0.909085654473));
#4635 = DIRECTION('',(0.83339192658,0.399492602967,-0.381920877782));
#4636 = PCURVE('',#3460,#4637);
#4637 = DEFINITIONAL_REPRESENTATION('',(#4638),#4647);
#4638 = B_SPLINE_CURVE_WITH_KNOTS('',7,(#4639,#4640,#4641,#4642,#4643,
    #4644,#4645,#4646),.UNSPECIFIED.,.F.,.F.,(8,8),(2.646415342957,
    3.716465151945),.PIECEWISE_BEZIER_KNOTS.);
#4639 = CARTESIAN_POINT('',(1.247765305839,14.46500048598));
#4640 = CARTESIAN_POINT('',(1.400629564266,13.096896403265));
#4641 = CARTESIAN_POINT('',(1.553493822693,12.180579118202));
#4642 = CARTESIAN_POINT('',(1.70635808112,11.768255012596));
#4643 = CARTESIAN_POINT('',(1.859222339547,11.886314272735));
#4644 = CARTESIAN_POINT('',(2.012086597974,12.530155769076));
#4645 = CARTESIAN_POINT('',(2.164950856401,13.664663850152));
#4646 = CARTESIAN_POINT('',(2.317815114828,15.230100520551));
#4647 = ( GEOMETRIC_REPRESENTATION_CONTEXT(2) 
PARAMETRIC_REPRESENTATION_CONTEXT() REPRESENTATION_CONTEXT('2D SPACE',''
  ) );
#4648 = PCURVE('',#4380,#4649);
#4649 = DEFINITIONAL_REPRESENTATION('',(#4650),#4654);
#4650 = ELLIPSE('',#4651,23.482527356515,14.025);
#4651 = AXIS2_PLACEMENT_2D('',#4652,#4653);
#4652 = CARTESIAN_POINT('',(22.820583355611,9.944684280546));
#4653 = DIRECTION('',(0.916736418047,0.399492602967));
#4654 = ( GEOMETRIC_REPRESENTATION_CONTEXT(2) 
PARAMETRIC_REPRESENTATION_CONTEXT() REPRESENTATION_CONTEXT('2D SPACE',''
  ) );
#4655 = ORIENTED_EDGE('',*,*,#4656,.F.);
#4656 = EDGE_CURVE('',#4292,#4628,#4657,.T.);
#4657 = SURFACE_CURVE('',#4658,(#4703,#4751),.PCURVE_S1.);
#4658 = B_SPLINE_CURVE_WITH_KNOTS('',7,(#4659,#4660,#4661,#4662,#4663,
    #4664,#4665,#4666,#4667,#4668,#4669,#4670,#4671,#4672,#4673,#4674,
    #4675,#4676,#4677,#4678,#4679,#4680,#4681,#4682,#4683,#4684,#4685,
    #4686,#4687,#4688,#4689,#4690,#4691,#4692,#4693,#4694,#4695,#4696,
    #4697,#4698,#4699,#4700,#4701,#4702),.UNSPECIFIED.,.F.,.F.,(8,6,6,6,
    6,6,6,8),(0.,0.11823717563,0.231854528414,0.321167458242,
    0.386340234281,0.490201450903,0.890131088389,1.),.UNSPECIFIED.);
#4659 = CARTESIAN_POINT('',(45.652456315926,-18.09375,39.129011362838));
#4660 = CARTESIAN_POINT('',(45.686603005664,-17.93392412374,
    39.203523067232));
#4661 = CARTESIAN_POINT('',(45.715497599477,-17.76933355028,
    39.277578985938));
#4662 = CARTESIAN_POINT('',(45.738494242034,-17.59968310599,
    39.35095223114));
#4663 = CARTESIAN_POINT('',(45.754797292027,-17.42475543271,
    39.423310112634));
#4664 = CARTESIAN_POINT('',(45.763460986901,-17.24442004179,
    39.494210421409));
#4665 = CARTESIAN_POINT('',(45.763389107599,-17.05864236828,
    39.563097713231));
#4666 = CARTESIAN_POINT('',(45.743673032119,-16.68381197351,
    39.692914797868));
#4667 = CARTESIAN_POINT('',(45.724731482007,-16.49398626402,
    39.754460861567));
#4668 = CARTESIAN_POINT('',(45.695287751467,-16.29986430055,
    39.812625404641));
#4669 = CARTESIAN_POINT('',(45.654471193895,-16.10313455284,
    39.866312253813));
#4670 = CARTESIAN_POINT('',(45.601759829833,-15.90535121792,
    39.914649230076));
#4671 = CARTESIAN_POINT('',(45.536979541114,-15.70795498603,
    39.95699175403));
#4672 = CARTESIAN_POINT('',(45.40003296208,-15.35847833001,
    40.021166715963));
#4673 = CARTESIAN_POINT('',(45.332932790216,-15.2070686893,
    40.045204633207));
#4674 = CARTESIAN_POINT('',(45.259381359661,-15.05883433122,
    40.064927838331));
#4675 = CARTESIAN_POINT('',(45.179940069908,-14.91449892523,
    40.08034666254));
#4676 = CARTESIAN_POINT('',(45.095360618496,-14.77474167406,
    40.091586718602));
#4677 = CARTESIAN_POINT('',(45.006590387904,-14.64020371999,
    40.098885670115));
#4678 = CARTESIAN_POINT('',(44.847781047941,-14.41757384049,
    40.105293097774));
#4679 = CARTESIAN_POINT('',(44.779029950232,-14.32656832203,
    40.106087353495));
#4680 = CARTESIAN_POINT('',(44.708741962389,-14.23843331195,
    40.105102307641));
#4681 = CARTESIAN_POINT('',(44.637127556641,-14.15312247748,
    40.102464380538));
#4682 = CARTESIAN_POINT('',(44.564390254391,-14.0705878369,
    40.098296873139));
#4683 = CARTESIAN_POINT('',(44.49072662621,-13.99077975952,
    40.092719967021));
#4684 = CARTESIAN_POINT('',(44.297759771972,-13.79072591951,
    40.074903701094));
#4685 = CARTESIAN_POINT('',(44.17720479416,-13.67447676355,
    40.060663481389));
#4686 = CARTESIAN_POINT('',(44.055192810737,-13.56447942618,
    40.043569579395));
#4687 = CARTESIAN_POINT('',(43.932142452031,-13.46032038476,
    40.02400070048));
#4688 = CARTESIAN_POINT('',(43.8083591628,-13.36159320648,
    40.002275518045));
#4689 = CARTESIAN_POINT('',(43.68403483867,-13.26789908923,
    39.978653450321));
#4690 = CARTESIAN_POINT('',(43.078739225651,-12.83594357399,
    39.855845496684));
#4691 = CARTESIAN_POINT('',(42.583312969924,-12.55613212617,
    39.73157475261));
#4692 = CARTESIAN_POINT('',(42.087934788833,-12.3291292008,
    39.592698470794));
#4693 = CARTESIAN_POINT('',(41.59954010221,-12.14529966216,
    39.446753359617));
#4694 = CARTESIAN_POINT('',(41.118584062364,-11.99651882839,
    39.297209108824));
#4695 = CARTESIAN_POINT('',(40.639604463267,-11.87680168484,
    39.144405756111));
#4696 = CARTESIAN_POINT('',(40.019811422114,-11.75816246551,
    38.943812711072));
#4697 = CARTESIAN_POINT('',(39.886387076363,-11.73473832933,
    38.900463365693));
#4698 = CARTESIAN_POINT('',(39.753122406351,-11.71340725775,
    38.857036629986));
#4699 = CARTESIAN_POINT('',(39.620021412377,-11.69412398974,
    38.813569437241));
#4700 = CARTESIAN_POINT('',(39.487082214567,-11.67684925931,
    38.770094698077));
#4701 = CARTESIAN_POINT('',(39.354296888955,-11.66154979596,
    38.726641616422));
#4702 = CARTESIAN_POINT('',(39.221651303555,-11.64819832522,
    38.683236005487));
#4703 = PCURVE('',#3460,#4704);
#4704 = DEFINITIONAL_REPRESENTATION('',(#4705),#4750);
#4705 = B_SPLINE_CURVE_WITH_KNOTS('',7,(#4706,#4707,#4708,#4709,#4710,
    #4711,#4712,#4713,#4714,#4715,#4716,#4717,#4718,#4719,#4720,#4721,
    #4722,#4723,#4724,#4725,#4726,#4727,#4728,#4729,#4730,#4731,#4732,
    #4733,#4734,#4735,#4736,#4737,#4738,#4739,#4740,#4741,#4742,#4743,
    #4744,#4745,#4746,#4747,#4748,#4749),.UNSPECIFIED.,.F.,.F.,(8,6,6,6,
    6,6,6,8),(0.,0.11823717563,0.231854528414,0.321167458242,
    0.386340234281,0.490201450903,0.890131088389,1.),.UNSPECIFIED.);
#4706 = CARTESIAN_POINT('',(1.929165168976,17.692629423294));
#4707 = CARTESIAN_POINT('',(1.918534439811,17.792792744983));
#4708 = CARTESIAN_POINT('',(1.907478749524,17.889557428022));
#4709 = CARTESIAN_POINT('',(1.895965763052,17.982371953171));
#4710 = CARTESIAN_POINT('',(1.883965684369,18.07049744115));
#4711 = CARTESIAN_POINT('',(1.871451514054,18.153003564629));
#4712 = CARTESIAN_POINT('',(1.858399306873,18.228764460212));
#4713 = CARTESIAN_POINT('',(1.831709362922,18.361499995618));
#4714 = CARTESIAN_POINT('',(1.818030072908,18.41951264093));
#4715 = CARTESIAN_POINT('',(1.803855587026,18.468468609533));
#4716 = CARTESIAN_POINT('',(1.789284681666,18.506768904099));
#4717 = CARTESIAN_POINT('',(1.77441176036,18.533230368027));
#4718 = CARTESIAN_POINT('',(1.759328795221,18.547079145715));
#4719 = CARTESIAN_POINT('',(1.732177684218,18.548628728647));
#4720 = CARTESIAN_POINT('',(1.72025827874,18.541283369181));
#4721 = CARTESIAN_POINT('',(1.708427967237,18.525982212086));
#4722 = CARTESIAN_POINT('',(1.69674575443,18.503010769231));
#4723 = CARTESIAN_POINT('',(1.685271691062,18.47287062972));
#4724 = CARTESIAN_POINT('',(1.674067767497,18.436281583845));
#4725 = CARTESIAN_POINT('',(1.655267589438,18.363464422327));
#4726 = CARTESIAN_POINT('',(1.647498808406,18.329750197578));
#4727 = CARTESIAN_POINT('',(1.639893276033,18.293285473808));
#4728 = CARTESIAN_POINT('',(1.632451671239,18.254308066634));
#4729 = CARTESIAN_POINT('',(1.625174540063,18.213049206265));
#4730 = CARTESIAN_POINT('',(1.618062295662,18.169733537496));
#4731 = CARTESIAN_POINT('',(1.600044155369,18.052619736485));
#4732 = CARTESIAN_POINT('',(1.589381530222,17.975919401142));
#4733 = CARTESIAN_POINT('',(1.579108581535,17.895204186467));
#4734 = CARTESIAN_POINT('',(1.569205138427,17.811080192018));
#4735 = CARTESIAN_POINT('',(1.55964946715,17.724033221164));
#4736 = CARTESIAN_POINT('',(1.550418117771,17.634428458123));
#4737 = CARTESIAN_POINT('',(1.507090735039,17.188568039941));
#4738 = CARTESIAN_POINT('',(1.476553037368,16.794389525989));
#4739 = CARTESIAN_POINT('',(1.449482056253,16.379878350638));
#4740 = CARTESIAN_POINT('',(1.425403824575,15.956266665955));
#4741 = CARTESIAN_POINT('',(1.403798625352,15.527396265549));
#4742 = CARTESIAN_POINT('',(1.384144608278,15.090255113371));
#4743 = CARTESIAN_POINT('',(1.361103877113,14.512299452363));
#4744 = CARTESIAN_POINT('',(1.35628331483,14.387164103068));
#4745 = CARTESIAN_POINT('',(1.351604937004,14.26148625467));
#4746 = CARTESIAN_POINT('',(1.347066160444,14.13529281833));
#4747 = CARTESIAN_POINT('',(1.342664673896,14.00860243887));
#4748 = CARTESIAN_POINT('',(1.338398431311,13.881425419019));
#4749 = CARTESIAN_POINT('',(1.334265645122,13.753763643662));
#4750 = ( GEOMETRIC_REPRESENTATION_CONTEXT(2) 
PARAMETRIC_REPRESENTATION_CONTEXT() REPRESENTATION_CONTEXT('2D SPACE',''
  ) );
#4751 = PCURVE('',#4333,#4752);
#4752 = DEFINITIONAL_REPRESENTATION('',(#4753),#4798);
#4753 = B_SPLINE_CURVE_WITH_KNOTS('',7,(#4754,#4755,#4756,#4757,#4758,
    #4759,#4760,#4761,#4762,#4763,#4764,#4765,#4766,#4767,#4768,#4769,
    #4770,#4771,#4772,#4773,#4774,#4775,#4776,#4777,#4778,#4779,#4780,
    #4781,#4782,#4783,#4784,#4785,#4786,#4787,#4788,#4789,#4790,#4791,
    #4792,#4793,#4794,#4795,#4796,#4797),.UNSPECIFIED.,.F.,.F.,(8,6,6,6,
    6,6,6,8),(0.,0.11823717563,0.231854528414,0.321167458242,
    0.386340234281,0.490201450903,0.890131088389,1.),.UNSPECIFIED.);
#4754 = CARTESIAN_POINT('',(0.,3.084380279161));
#4755 = CARTESIAN_POINT('',(2.458859634663E-02,3.166343627749));
#4756 = CARTESIAN_POINT('',(4.991015837895E-02,3.245704556326));
#4757 = CARTESIAN_POINT('',(7.603461699487E-02,3.321987735126));
#4758 = CARTESIAN_POINT('',(0.103025947325,3.39455924872));
#4759 = CARTESIAN_POINT('',(0.130944108656,3.462623077807));
#4760 = CARTESIAN_POINT('',(0.159846984349,3.525217580996));
#4761 = CARTESIAN_POINT('',(0.218567619789,3.635018530793));
#4762 = CARTESIAN_POINT('',(0.248491142915,3.683077949277));
#4763 = CARTESIAN_POINT('',(0.279338865354,3.723687970287));
#4764 = CARTESIAN_POINT('',(0.310918387519,3.755489358989));
#4765 = CARTESIAN_POINT('',(0.343059874739,3.777471768485));
#4766 = CARTESIAN_POINT('',(0.375606879183,3.788976681649));
#4767 = CARTESIAN_POINT('',(0.434190772832,3.790264006409));
#4768 = CARTESIAN_POINT('',(0.459907690354,3.78416197941));
#4769 = CARTESIAN_POINT('',(0.485452813889,3.771449855429));
#4770 = CARTESIAN_POINT('',(0.510720346769,3.752370910645));
#4771 = CARTESIAN_POINT('',(0.535599589676,3.727352501975));
#4772 = CARTESIAN_POINT('',(0.559970851021,3.697005374298));
#4773 = CARTESIAN_POINT('',(0.601017808316,3.636668833774));
#4774 = CARTESIAN_POINT('',(0.618027877139,3.608748536537));
#4775 = CARTESIAN_POINT('',(0.634733458973,3.578570419106));
#4776 = CARTESIAN_POINT('',(0.651135915048,3.546337093067));
#4777 = CARTESIAN_POINT('',(0.667236072648,3.512245438445));
#4778 = CARTESIAN_POINT('',(0.683034225104,3.476486603708));
#4779 = CARTESIAN_POINT('',(0.723224855883,3.379898314211));
#4780 = CARTESIAN_POINT('',(0.747176671269,3.316728415054));
#4781 = CARTESIAN_POINT('',(0.770429886699,3.250357272241));
#4782 = CARTESIAN_POINT('',(0.793029247213,3.181303566658));
#4783 = CARTESIAN_POINT('',(0.815021575282,3.109984250838));
#4784 = CARTESIAN_POINT('',(0.83645741194,3.036715103667));
#4785 = CARTESIAN_POINT('',(0.938006245984,2.67290039929));
#4786 = CARTESIAN_POINT('',(1.012547570513,2.353528484396));
#4787 = CARTESIAN_POINT('',(1.081914448139,2.020898913003));
#4788 = CARTESIAN_POINT('',(1.146986906845,1.684752558685));
#4789 = CARTESIAN_POINT('',(1.208822781857,1.348433287278));
#4790 = CARTESIAN_POINT('',(1.268767447588,1.009974616581));
#4791 = CARTESIAN_POINT('',(1.344817303714,0.569406838719));
#4792 = CARTESIAN_POINT('',(1.361100221374,0.474412753184));
#4793 = CARTESIAN_POINT('',(1.377286551082,0.379414835605));
#4794 = CARTESIAN_POINT('',(1.393386490337,0.284448328064));
#4795 = CARTESIAN_POINT('',(1.409410255856,0.189542365962));
#4796 = CARTESIAN_POINT('',(1.425368236293,9.472019697362E-02));
#4797 = CARTESIAN_POINT('',(1.441271144946,-6.E-07));
#4798 = ( GEOMETRIC_REPRESENTATION_CONTEXT(2) 
PARAMETRIC_REPRESENTATION_CONTEXT() REPRESENTATION_CONTEXT('2D SPACE',''
  ) );
#4799 = ADVANCED_FACE('',(#4800),#4546,.F.);
#4800 = FACE_BOUND('',#4801,.F.);
#4801 = EDGE_LOOP('',(#4802,#4824));
#4802 = ORIENTED_EDGE('',*,*,#4803,.F.);
#4803 = EDGE_CURVE('',#4393,#4359,#4804,.T.);
#4804 = SURFACE_CURVE('',#4805,(#4810,#4817),.PCURVE_S1.);
#4805 = CIRCLE('',#4806,4.5);
#4806 = AXIS2_PLACEMENT_3D('',#4807,#4808,#4809);
#4807 = CARTESIAN_POINT('',(38.458418186136,-18.09375,39.033005667157));
#4808 = DIRECTION('',(0.416609256776,0.,0.909085654473));
#4809 = DIRECTION('',(0.909085654473,0.,-0.416609256776));
#4810 = PCURVE('',#4546,#4811);
#4811 = DEFINITIONAL_REPRESENTATION('',(#4812),#4816);
#4812 = LINE('',#4813,#4814);
#4813 = CARTESIAN_POINT('',(0.,26.5369));
#4814 = VECTOR('',#4815,1.);
#4815 = DIRECTION('',(1.,0.));
#4816 = ( GEOMETRIC_REPRESENTATION_CONTEXT(2) 
PARAMETRIC_REPRESENTATION_CONTEXT() REPRESENTATION_CONTEXT('2D SPACE',''
  ) );
#4817 = PCURVE('',#4380,#4818);
#4818 = DEFINITIONAL_REPRESENTATION('',(#4819),#4823);
#4819 = CIRCLE('',#4820,4.5);
#4820 = AXIS2_PLACEMENT_2D('',#4821,#4822);
#4821 = CARTESIAN_POINT('',(0.,0.));
#4822 = DIRECTION('',(1.,0.));
#4823 = ( GEOMETRIC_REPRESENTATION_CONTEXT(2) 
PARAMETRIC_REPRESENTATION_CONTEXT() REPRESENTATION_CONTEXT('2D SPACE',''
  ) );
#4824 = ORIENTED_EDGE('',*,*,#4392,.T.);
#4825 = ADVANCED_FACE('',(#4826),#4380,.T.);
#4826 = FACE_BOUND('',#4827,.T.);
#4827 = EDGE_LOOP('',(#4828,#4829,#4851,#4852));
#4828 = ORIENTED_EDGE('',*,*,#4627,.F.);
#4829 = ORIENTED_EDGE('',*,*,#4830,.T.);
#4830 = EDGE_CURVE('',#4628,#4290,#4831,.T.);
#4831 = SURFACE_CURVE('',#4832,(#4837,#4844),.PCURVE_S1.);
#4832 = CIRCLE('',#4833,6.5);
#4833 = AXIS2_PLACEMENT_3D('',#4834,#4835,#4836);
#4834 = CARTESIAN_POINT('',(38.458418186136,-18.09375,39.033005667157));
#4835 = DIRECTION('',(0.416609256776,0.,0.909085654473));
#4836 = DIRECTION('',(0.909085654473,0.,-0.416609256776));
#4837 = PCURVE('',#4380,#4838);
#4838 = DEFINITIONAL_REPRESENTATION('',(#4839),#4843);
#4839 = CIRCLE('',#4840,6.5);
#4840 = AXIS2_PLACEMENT_2D('',#4841,#4842);
#4841 = CARTESIAN_POINT('',(0.,0.));
#4842 = DIRECTION('',(1.,0.));
#4843 = ( GEOMETRIC_REPRESENTATION_CONTEXT(2) 
PARAMETRIC_REPRESENTATION_CONTEXT() REPRESENTATION_CONTEXT('2D SPACE',''
  ) );
#4844 = PCURVE('',#4333,#4845);
#4845 = DEFINITIONAL_REPRESENTATION('',(#4846),#4850);
#4846 = LINE('',#4847,#4848);
#4847 = CARTESIAN_POINT('',(0.,0.));
#4848 = VECTOR('',#4849,1.);
#4849 = DIRECTION('',(1.,0.));
#4850 = ( GEOMETRIC_REPRESENTATION_CONTEXT(2) 
PARAMETRIC_REPRESENTATION_CONTEXT() REPRESENTATION_CONTEXT('2D SPACE',''
  ) );
#4851 = ORIENTED_EDGE('',*,*,#4358,.F.);
#4852 = ORIENTED_EDGE('',*,*,#4803,.F.);
#4853 = ADVANCED_FACE('',(#4854),#4333,.F.);
#4854 = FACE_BOUND('',#4855,.F.);
#4855 = EDGE_LOOP('',(#4856,#4879,#4906,#4907,#4908,#4909));
#4856 = ORIENTED_EDGE('',*,*,#4857,.T.);
#4857 = EDGE_CURVE('',#4292,#4858,#4860,.T.);
#4858 = VERTEX_POINT('',#4859);
#4859 = CARTESIAN_POINT('',(60.990184285569,-18.09375,72.597563111587));
#4860 = SEAM_CURVE('',#4861,(#4865,#4872),.PCURVE_S1.);
#4861 = LINE('',#4862,#4863);
#4862 = CARTESIAN_POINT('',(44.367474940211,-18.09375,36.325045498114));
#4863 = VECTOR('',#4864,1.);
#4864 = DIRECTION('',(0.416609256776,0.,0.909085654473));
#4865 = PCURVE('',#4333,#4866);
#4866 = DEFINITIONAL_REPRESENTATION('',(#4867),#4871);
#4867 = LINE('',#4868,#4869);
#4868 = CARTESIAN_POINT('',(6.28318530718,-0.));
#4869 = VECTOR('',#4870,1.);
#4870 = DIRECTION('',(0.,1.));
#4871 = ( GEOMETRIC_REPRESENTATION_CONTEXT(2) 
PARAMETRIC_REPRESENTATION_CONTEXT() REPRESENTATION_CONTEXT('2D SPACE',''
  ) );
#4872 = PCURVE('',#4333,#4873);
#4873 = DEFINITIONAL_REPRESENTATION('',(#4874),#4878);
#4874 = LINE('',#4875,#4876);
#4875 = CARTESIAN_POINT('',(0.,-0.));
#4876 = VECTOR('',#4877,1.);
#4877 = DIRECTION('',(0.,1.));
#4878 = ( GEOMETRIC_REPRESENTATION_CONTEXT(2) 
PARAMETRIC_REPRESENTATION_CONTEXT() REPRESENTATION_CONTEXT('2D SPACE',''
  ) );
#4879 = ORIENTED_EDGE('',*,*,#4880,.F.);
#4880 = EDGE_CURVE('',#4858,#4858,#4881,.T.);
#4881 = SURFACE_CURVE('',#4882,(#4887,#4894),.PCURVE_S1.);
#4882 = CIRCLE('',#4883,6.5);
#4883 = AXIS2_PLACEMENT_3D('',#4884,#4885,#4886);
#4884 = CARTESIAN_POINT('',(55.081127531494,-18.09375,75.305523280631));
#4885 = DIRECTION('',(0.416609256776,0.,0.909085654473));
#4886 = DIRECTION('',(0.909085654473,0.,-0.416609256776));
#4887 = PCURVE('',#4333,#4888);
#4888 = DEFINITIONAL_REPRESENTATION('',(#4889),#4893);
#4889 = LINE('',#4890,#4891);
#4890 = CARTESIAN_POINT('',(0.,39.9));
#4891 = VECTOR('',#4892,1.);
#4892 = DIRECTION('',(1.,0.));
#4893 = ( GEOMETRIC_REPRESENTATION_CONTEXT(2) 
PARAMETRIC_REPRESENTATION_CONTEXT() REPRESENTATION_CONTEXT('2D SPACE',''
  ) );
#4894 = PCURVE('',#4895,#4900);
#4895 = PLANE('',#4896);
#4896 = AXIS2_PLACEMENT_3D('',#4897,#4898,#4899);
#4897 = CARTESIAN_POINT('',(55.081127531494,-18.09375,75.305523280631));
#4898 = DIRECTION('',(0.416609256776,0.,0.909085654473));
#4899 = DIRECTION('',(0.909085654473,0.,-0.416609256776));
#4900 = DEFINITIONAL_REPRESENTATION('',(#4901),#4905);
#4901 = CIRCLE('',#4902,6.5);
#4902 = AXIS2_PLACEMENT_2D('',#4903,#4904);
#4903 = CARTESIAN_POINT('',(0.,0.));
#4904 = DIRECTION('',(1.,0.));
#4905 = ( GEOMETRIC_REPRESENTATION_CONTEXT(2) 
PARAMETRIC_REPRESENTATION_CONTEXT() REPRESENTATION_CONTEXT('2D SPACE',''
  ) );
#4906 = ORIENTED_EDGE('',*,*,#4857,.F.);
#4907 = ORIENTED_EDGE('',*,*,#4656,.T.);
#4908 = ORIENTED_EDGE('',*,*,#4830,.T.);
#4909 = ORIENTED_EDGE('',*,*,#4289,.T.);
#4910 = ADVANCED_FACE('',(#4911,#4942),#4895,.T.);
#4911 = FACE_BOUND('',#4912,.T.);
#4912 = EDGE_LOOP('',(#4913));
#4913 = ORIENTED_EDGE('',*,*,#4914,.T.);
#4914 = EDGE_CURVE('',#4915,#4915,#4917,.T.);
#4915 = VERTEX_POINT('',#4916);
#4916 = CARTESIAN_POINT('',(69.626498003062,-18.09375,68.639775172216));
#4917 = SURFACE_CURVE('',#4918,(#4923,#4930),.PCURVE_S1.);
#4918 = CIRCLE('',#4919,16.);
#4919 = AXIS2_PLACEMENT_3D('',#4920,#4921,#4922);
#4920 = CARTESIAN_POINT('',(55.081127531494,-18.09375,75.305523280631));
#4921 = DIRECTION('',(0.416609256776,0.,0.909085654473));
#4922 = DIRECTION('',(0.909085654473,0.,-0.416609256776));
#4923 = PCURVE('',#4895,#4924);
#4924 = DEFINITIONAL_REPRESENTATION('',(#4925),#4929);
#4925 = CIRCLE('',#4926,16.);
#4926 = AXIS2_PLACEMENT_2D('',#4927,#4928);
#4927 = CARTESIAN_POINT('',(0.,0.));
#4928 = DIRECTION('',(1.,0.));
#4929 = ( GEOMETRIC_REPRESENTATION_CONTEXT(2) 
PARAMETRIC_REPRESENTATION_CONTEXT() REPRESENTATION_CONTEXT('2D SPACE',''
  ) );
#4930 = PCURVE('',#4931,#4936);
#4931 = CYLINDRICAL_SURFACE('',#4932,16.);
#4932 = AXIS2_PLACEMENT_3D('',#4933,#4934,#4935);
#4933 = CARTESIAN_POINT('',(55.081127531494,-18.09375,75.305523280631));
#4934 = DIRECTION('',(0.416609256776,0.,0.909085654473));
#4935 = DIRECTION('',(0.909085654473,0.,-0.416609256776));
#4936 = DEFINITIONAL_REPRESENTATION('',(#4937),#4941);
#4937 = LINE('',#4938,#4939);
#4938 = CARTESIAN_POINT('',(0.,0.));
#4939 = VECTOR('',#4940,1.);
#4940 = DIRECTION('',(1.,0.));
#4941 = ( GEOMETRIC_REPRESENTATION_CONTEXT(2) 
PARAMETRIC_REPRESENTATION_CONTEXT() REPRESENTATION_CONTEXT('2D SPACE',''
  ) );
#4942 = FACE_BOUND('',#4943,.T.);
#4943 = EDGE_LOOP('',(#4944));
#4944 = ORIENTED_EDGE('',*,*,#4880,.F.);
#4945 = ADVANCED_FACE('',(#4946),#4931,.F.);
#4946 = FACE_BOUND('',#4947,.F.);
#4947 = EDGE_LOOP('',(#4948,#4971,#5000,#5051,#5073,#5074));
#4948 = ORIENTED_EDGE('',*,*,#4949,.T.);
#4949 = EDGE_CURVE('',#4915,#4950,#4952,.T.);
#4950 = VERTEX_POINT('',#4951);
#4951 = CARTESIAN_POINT('',(77.030114060361,-18.09375,84.795251891586));
#4952 = SEAM_CURVE('',#4953,(#4957,#4964),.PCURVE_S1.);
#4953 = LINE('',#4954,#4955);
#4954 = CARTESIAN_POINT('',(69.626498003062,-18.09375,68.639775172216));
#4955 = VECTOR('',#4956,1.);
#4956 = DIRECTION('',(0.416609256776,1.232595164408E-32,0.909085654473)
  );
#4957 = PCURVE('',#4931,#4958);
#4958 = DEFINITIONAL_REPRESENTATION('',(#4959),#4963);
#4959 = LINE('',#4960,#4961);
#4960 = CARTESIAN_POINT('',(6.28318530718,-0.));
#4961 = VECTOR('',#4962,1.);
#4962 = DIRECTION('',(0.,1.));
#4963 = ( GEOMETRIC_REPRESENTATION_CONTEXT(2) 
PARAMETRIC_REPRESENTATION_CONTEXT() REPRESENTATION_CONTEXT('2D SPACE',''
  ) );
#4964 = PCURVE('',#4931,#4965);
#4965 = DEFINITIONAL_REPRESENTATION('',(#4966),#4970);
#4966 = LINE('',#4967,#4968);
#4967 = CARTESIAN_POINT('',(0.,-0.));
#4968 = VECTOR('',#4969,1.);
#4969 = DIRECTION('',(0.,1.));
#4970 = ( GEOMETRIC_REPRESENTATION_CONTEXT(2) 
PARAMETRIC_REPRESENTATION_CONTEXT() REPRESENTATION_CONTEXT('2D SPACE',''
  ) );
#4971 = ORIENTED_EDGE('',*,*,#4972,.F.);
#4972 = EDGE_CURVE('',#4973,#4950,#4975,.T.);
#4973 = VERTEX_POINT('',#4974);
#4974 = CARTESIAN_POINT('',(73.395274736233,-28.67487990567,86.461));
#4975 = SURFACE_CURVE('',#4976,(#4981,#4988),.PCURVE_S1.);
#4976 = CIRCLE('',#4977,16.);
#4977 = AXIS2_PLACEMENT_3D('',#4978,#4979,#4980);
#4978 = CARTESIAN_POINT('',(62.484743588793,-18.09375,91.461));
#4979 = DIRECTION('',(0.416609256776,0.,0.909085654473));
#4980 = DIRECTION('',(0.909085654473,0.,-0.416609256776));
#4981 = PCURVE('',#4931,#4982);
#4982 = DEFINITIONAL_REPRESENTATION('',(#4983),#4987);
#4983 = LINE('',#4984,#4985);
#4984 = CARTESIAN_POINT('',(0.,17.771127109837));
#4985 = VECTOR('',#4986,1.);
#4986 = DIRECTION('',(1.,0.));
#4987 = ( GEOMETRIC_REPRESENTATION_CONTEXT(2) 
PARAMETRIC_REPRESENTATION_CONTEXT() REPRESENTATION_CONTEXT('2D SPACE',''
  ) );
#4988 = PCURVE('',#4989,#4994);
#4989 = PLANE('',#4990);
#4990 = AXIS2_PLACEMENT_3D('',#4991,#4992,#4993);
#4991 = CARTESIAN_POINT('',(62.484743588793,-18.09375,91.461));
#4992 = DIRECTION('',(0.416609256776,0.,0.909085654473));
#4993 = DIRECTION('',(0.909085654473,0.,-0.416609256776));
#4994 = DEFINITIONAL_REPRESENTATION('',(#4995),#4999);
#4995 = CIRCLE('',#4996,16.);
#4996 = AXIS2_PLACEMENT_2D('',#4997,#4998);
#4997 = CARTESIAN_POINT('',(0.,0.));
#4998 = DIRECTION('',(1.,0.));
#4999 = ( GEOMETRIC_REPRESENTATION_CONTEXT(2) 
PARAMETRIC_REPRESENTATION_CONTEXT() REPRESENTATION_CONTEXT('2D SPACE',''
  ) );
#5000 = ORIENTED_EDGE('',*,*,#5001,.F.);
#5001 = EDGE_CURVE('',#5002,#4973,#5004,.T.);
#5002 = VERTEX_POINT('',#5003);
#5003 = CARTESIAN_POINT('',(73.395274736233,-7.512620094326,86.461));
#5004 = SURFACE_CURVE('',#5005,(#5010,#5044),.PCURVE_S1.);
#5005 = ELLIPSE('',#5006,17.60010172999,16.);
#5006 = AXIS2_PLACEMENT_3D('',#5007,#5008,#5009);
#5007 = CARTESIAN_POINT('',(60.193379432258,-18.09375,86.461));
#5008 = DIRECTION('',(0.,0.,1.));
#5009 = DIRECTION('',(1.,0.,-0.));
#5010 = PCURVE('',#4931,#5011);
#5011 = DEFINITIONAL_REPRESENTATION('',(#5012),#5043);
#5012 = B_SPLINE_CURVE_WITH_KNOTS('',8,(#5013,#5014,#5015,#5016,#5017,
    #5018,#5019,#5020,#5021,#5022,#5023,#5024,#5025,#5026,#5027,#5028,
    #5029,#5030,#5031,#5032,#5033,#5034,#5035,#5036,#5037,#5038,#5039,
    #5040,#5041,#5042),.UNSPECIFIED.,.F.,.F.,(9,7,7,7,9),(0.72257785663,
    1.93208525511,3.74634635283,4.65347690169,5.56060745055),
  .UNSPECIFIED.);
#5013 = CARTESIAN_POINT('',(0.72257785663,17.771127709837));
#5014 = CARTESIAN_POINT('',(0.87376628144,17.038008434061));
#5015 = CARTESIAN_POINT('',(1.02495470625,16.161209564627));
#5016 = CARTESIAN_POINT('',(1.17614313106,15.166268409014));
#5017 = CARTESIAN_POINT('',(1.32733155587,14.085720499857));
#5018 = CARTESIAN_POINT('',(1.47851998068,12.957258181718));
#5019 = CARTESIAN_POINT('',(1.62970840549,11.820960124048));
#5020 = CARTESIAN_POINT('',(1.7808968303,10.716250808887));
#5021 = CARTESIAN_POINT('',(2.158867892325,8.12374639126));
#5022 = CARTESIAN_POINT('',(2.385650529539,6.720585547133));
#5023 = CARTESIAN_POINT('',(2.612433166751,5.591676989789));
#5024 = CARTESIAN_POINT('',(2.839215803977,4.842184942547));
#5025 = CARTESIAN_POINT('',(3.06599844118,4.540604430749));
#5026 = CARTESIAN_POINT('',(3.2927810784,4.702862192882));
#5027 = CARTESIAN_POINT('',(3.519563715615,5.293751585806));
#5028 = CARTESIAN_POINT('',(3.859737671437,6.711897950984));
#5029 = CARTESIAN_POINT('',(3.973128990045,7.273248734029));
#5030 = CARTESIAN_POINT('',(4.086520308652,7.913972816649));
#5031 = CARTESIAN_POINT('',(4.199911627261,8.622378327094));
#5032 = CARTESIAN_POINT('',(4.313302945868,9.384720354075));
#5033 = CARTESIAN_POINT('',(4.426694264475,10.185755694566));
#5034 = CARTESIAN_POINT('',(4.540085583082,11.009396060532));
#5035 = CARTESIAN_POINT('',(4.766868220297,12.66936445846));
#5036 = CARTESIAN_POINT('',(4.880259538904,13.505692413422));
#5037 = CARTESIAN_POINT('',(4.993650857513,14.332102862275));
#5038 = CARTESIAN_POINT('',(5.10704217612,15.132159709287));
#5039 = CARTESIAN_POINT('',(5.220433494727,15.889923375674));
#5040 = CARTESIAN_POINT('',(5.333824813335,16.590629136487));
#5041 = CARTESIAN_POINT('',(5.447216131942,17.221288253005));
#5042 = CARTESIAN_POINT('',(5.56060745055,17.771127709837));
#5043 = ( GEOMETRIC_REPRESENTATION_CONTEXT(2) 
PARAMETRIC_REPRESENTATION_CONTEXT() REPRESENTATION_CONTEXT('2D SPACE',''
  ) );
#5044 = PCURVE('',#126,#5045);
#5045 = DEFINITIONAL_REPRESENTATION('',(#5046),#5050);
#5046 = ELLIPSE('',#5047,17.60010172999,16.);
#5047 = AXIS2_PLACEMENT_2D('',#5048,#5049);
#5048 = CARTESIAN_POINT('',(167.41037943225,46.90625));
#5049 = DIRECTION('',(1.,0.));
#5050 = ( GEOMETRIC_REPRESENTATION_CONTEXT(2) 
PARAMETRIC_REPRESENTATION_CONTEXT() REPRESENTATION_CONTEXT('2D SPACE',''
  ) );
#5051 = ORIENTED_EDGE('',*,*,#5052,.F.);
#5052 = EDGE_CURVE('',#4950,#5002,#5053,.T.);
#5053 = SURFACE_CURVE('',#5054,(#5059,#5066),.PCURVE_S1.);
#5054 = CIRCLE('',#5055,16.);
#5055 = AXIS2_PLACEMENT_3D('',#5056,#5057,#5058);
#5056 = CARTESIAN_POINT('',(62.484743588793,-18.09375,91.461));
#5057 = DIRECTION('',(0.416609256776,0.,0.909085654473));
#5058 = DIRECTION('',(0.909085654473,0.,-0.416609256776));
#5059 = PCURVE('',#4931,#5060);
#5060 = DEFINITIONAL_REPRESENTATION('',(#5061),#5065);
#5061 = LINE('',#5062,#5063);
#5062 = CARTESIAN_POINT('',(0.,17.771127109837));
#5063 = VECTOR('',#5064,1.);
#5064 = DIRECTION('',(1.,0.));
#5065 = ( GEOMETRIC_REPRESENTATION_CONTEXT(2) 
PARAMETRIC_REPRESENTATION_CONTEXT() REPRESENTATION_CONTEXT('2D SPACE',''
  ) );
#5066 = PCURVE('',#4989,#5067);
#5067 = DEFINITIONAL_REPRESENTATION('',(#5068),#5072);
#5068 = CIRCLE('',#5069,16.);
#5069 = AXIS2_PLACEMENT_2D('',#5070,#5071);
#5070 = CARTESIAN_POINT('',(0.,0.));
#5071 = DIRECTION('',(1.,0.));
#5072 = ( GEOMETRIC_REPRESENTATION_CONTEXT(2) 
PARAMETRIC_REPRESENTATION_CONTEXT() REPRESENTATION_CONTEXT('2D SPACE',''
  ) );
#5073 = ORIENTED_EDGE('',*,*,#4949,.F.);
#5074 = ORIENTED_EDGE('',*,*,#4914,.T.);
#5075 = ADVANCED_FACE('',(#5076),#4989,.F.);
#5076 = FACE_BOUND('',#5077,.F.);
#5077 = EDGE_LOOP('',(#5078,#5079,#5080));
#5078 = ORIENTED_EDGE('',*,*,#4972,.T.);
#5079 = ORIENTED_EDGE('',*,*,#5052,.T.);
#5080 = ORIENTED_EDGE('',*,*,#5081,.F.);
#5081 = EDGE_CURVE('',#4973,#5002,#5082,.T.);
#5082 = SURFACE_CURVE('',#5083,(#5087,#5093),.PCURVE_S1.);
#5083 = LINE('',#5084,#5085);
#5084 = CARTESIAN_POINT('',(73.395274736233,-41.546875,86.461));
#5085 = VECTOR('',#5086,1.);
#5086 = DIRECTION('',(0.,1.,0.));
#5087 = PCURVE('',#4989,#5088);
#5088 = DEFINITIONAL_REPRESENTATION('',(#5089),#5092);
#5089 = B_SPLINE_CURVE_WITH_KNOTS('',1,(#5090,#5091),.UNSPECIFIED.,.F.,
  .F.,(2,2),(7.453125,39.453125),.PIECEWISE_BEZIER_KNOTS.);
#5090 = CARTESIAN_POINT('',(12.001653632698,-16.));
#5091 = CARTESIAN_POINT('',(12.001653632698,16.));
#5092 = ( GEOMETRIC_REPRESENTATION_CONTEXT(2) 
PARAMETRIC_REPRESENTATION_CONTEXT() REPRESENTATION_CONTEXT('2D SPACE',''
  ) );
#5093 = PCURVE('',#126,#5094);
#5094 = DEFINITIONAL_REPRESENTATION('',(#5095),#5098);
#5095 = B_SPLINE_CURVE_WITH_KNOTS('',1,(#5096,#5097),.UNSPECIFIED.,.F.,
  .F.,(2,2),(7.453125,39.453125),.PIECEWISE_BEZIER_KNOTS.);
#5096 = CARTESIAN_POINT('',(180.61227473623,30.90625));
#5097 = CARTESIAN_POINT('',(180.61227473623,62.90625));
#5098 = ( GEOMETRIC_REPRESENTATION_CONTEXT(2) 
PARAMETRIC_REPRESENTATION_CONTEXT() REPRESENTATION_CONTEXT('2D SPACE',''
  ) );
#5099 = ADVANCED_FACE('',(#5100),#4236,.F.);
#5100 = FACE_BOUND('',#5101,.F.);
#5101 = EDGE_LOOP('',(#5102,#5131,#5154,#5176,#5177,#5201,#5341,#5373,
    #5395));
#5102 = ORIENTED_EDGE('',*,*,#5103,.F.);
#5103 = EDGE_CURVE('',#5104,#5104,#5106,.T.);
#5104 = VERTEX_POINT('',#5105);
#5105 = CARTESIAN_POINT('',(82.5325,4.89772994383E-15,55.5405));
#5106 = SURFACE_CURVE('',#5107,(#5112,#5119),.PCURVE_S1.);
#5107 = CIRCLE('',#5108,19.9965);
#5108 = AXIS2_PLACEMENT_3D('',#5109,#5110,#5111);
#5109 = CARTESIAN_POINT('',(82.5325,0.,35.544));
#5110 = DIRECTION('',(1.,0.,0.));
#5111 = DIRECTION('',(-0.,0.,1.));
#5112 = PCURVE('',#4236,#5113);
#5113 = DEFINITIONAL_REPRESENTATION('',(#5114),#5118);
#5114 = LINE('',#5115,#5116);
#5115 = CARTESIAN_POINT('',(0.,15.));
#5116 = VECTOR('',#5117,1.);
#5117 = DIRECTION('',(1.,0.));
#5118 = ( GEOMETRIC_REPRESENTATION_CONTEXT(2) 
PARAMETRIC_REPRESENTATION_CONTEXT() REPRESENTATION_CONTEXT('2D SPACE',''
  ) );
#5119 = PCURVE('',#5120,#5125);
#5120 = PLANE('',#5121);
#5121 = AXIS2_PLACEMENT_3D('',#5122,#5123,#5124);
#5122 = CARTESIAN_POINT('',(82.5325,-65.,0.));
#5123 = DIRECTION('',(1.,0.,-0.));
#5124 = DIRECTION('',(0.,0.,1.));
#5125 = DEFINITIONAL_REPRESENTATION('',(#5126),#5130);
#5126 = CIRCLE('',#5127,19.9965);
#5127 = AXIS2_PLACEMENT_2D('',#5128,#5129);
#5128 = CARTESIAN_POINT('',(35.544,-65.));
#5129 = DIRECTION('',(1.,0.));
#5130 = ( GEOMETRIC_REPRESENTATION_CONTEXT(2) 
PARAMETRIC_REPRESENTATION_CONTEXT() REPRESENTATION_CONTEXT('2D SPACE',''
  ) );
#5131 = ORIENTED_EDGE('',*,*,#5132,.F.);
#5132 = EDGE_CURVE('',#5133,#5104,#5135,.T.);
#5133 = VERTEX_POINT('',#5134);
#5134 = CARTESIAN_POINT('',(67.5325,4.89772994383E-15,55.5405));
#5135 = SEAM_CURVE('',#5136,(#5140,#5147),.PCURVE_S1.);
#5136 = LINE('',#5137,#5138);
#5137 = CARTESIAN_POINT('',(67.5325,4.89772994383E-15,55.5405));
#5138 = VECTOR('',#5139,1.);
#5139 = DIRECTION('',(1.,0.,0.));
#5140 = PCURVE('',#4236,#5141);
#5141 = DEFINITIONAL_REPRESENTATION('',(#5142),#5146);
#5142 = LINE('',#5143,#5144);
#5143 = CARTESIAN_POINT('',(6.28318530718,-0.));
#5144 = VECTOR('',#5145,1.);
#5145 = DIRECTION('',(0.,1.));
#5146 = ( GEOMETRIC_REPRESENTATION_CONTEXT(2) 
PARAMETRIC_REPRESENTATION_CONTEXT() REPRESENTATION_CONTEXT('2D SPACE',''
  ) );
#5147 = PCURVE('',#4236,#5148);
#5148 = DEFINITIONAL_REPRESENTATION('',(#5149),#5153);
#5149 = LINE('',#5150,#5151);
#5150 = CARTESIAN_POINT('',(0.,-0.));
#5151 = VECTOR('',#5152,1.);
#5152 = DIRECTION('',(0.,1.));
#5153 = ( GEOMETRIC_REPRESENTATION_CONTEXT(2) 
PARAMETRIC_REPRESENTATION_CONTEXT() REPRESENTATION_CONTEXT('2D SPACE',''
  ) );
#5154 = ORIENTED_EDGE('',*,*,#5155,.T.);
#5155 = EDGE_CURVE('',#5133,#3610,#5156,.T.);
#5156 = SURFACE_CURVE('',#5157,(#5162,#5169),.PCURVE_S1.);
#5157 = CIRCLE('',#5158,19.9965);
#5158 = AXIS2_PLACEMENT_3D('',#5159,#5160,#5161);
#5159 = CARTESIAN_POINT('',(67.5325,0.,35.544));
#5160 = DIRECTION('',(1.,0.,0.));
#5161 = DIRECTION('',(-0.,0.,1.));
#5162 = PCURVE('',#4236,#5163);
#5163 = DEFINITIONAL_REPRESENTATION('',(#5164),#5168);
#5164 = LINE('',#5165,#5166);
#5165 = CARTESIAN_POINT('',(0.,0.));
#5166 = VECTOR('',#5167,1.);
#5167 = DIRECTION('',(1.,0.));
#5168 = ( GEOMETRIC_REPRESENTATION_CONTEXT(2) 
PARAMETRIC_REPRESENTATION_CONTEXT() REPRESENTATION_CONTEXT('2D SPACE',''
  ) );
#5169 = PCURVE('',#3653,#5170);
#5170 = DEFINITIONAL_REPRESENTATION('',(#5171),#5175);
#5171 = CIRCLE('',#5172,19.9965);
#5172 = AXIS2_PLACEMENT_2D('',#5173,#5174);
#5173 = CARTESIAN_POINT('',(0.,0.));
#5174 = DIRECTION('',(1.,0.));
#5175 = ( GEOMETRIC_REPRESENTATION_CONTEXT(2) 
PARAMETRIC_REPRESENTATION_CONTEXT() REPRESENTATION_CONTEXT('2D SPACE',''
  ) );
#5176 = ORIENTED_EDGE('',*,*,#4144,.T.);
#5177 = ORIENTED_EDGE('',*,*,#5178,.T.);
#5178 = EDGE_CURVE('',#4089,#5179,#5181,.T.);
#5179 = VERTEX_POINT('',#5180);
#5180 = CARTESIAN_POINT('',(67.5325,8.154520419431,17.285746825639));
#5181 = SURFACE_CURVE('',#5182,(#5187,#5194),.PCURVE_S1.);
#5182 = CIRCLE('',#5183,19.9965);
#5183 = AXIS2_PLACEMENT_3D('',#5184,#5185,#5186);
#5184 = CARTESIAN_POINT('',(67.5325,0.,35.544));
#5185 = DIRECTION('',(1.,0.,0.));
#5186 = DIRECTION('',(-0.,0.,1.));
#5187 = PCURVE('',#4236,#5188);
#5188 = DEFINITIONAL_REPRESENTATION('',(#5189),#5193);
#5189 = LINE('',#5190,#5191);
#5190 = CARTESIAN_POINT('',(0.,0.));
#5191 = VECTOR('',#5192,1.);
#5192 = DIRECTION('',(1.,0.));
#5193 = ( GEOMETRIC_REPRESENTATION_CONTEXT(2) 
PARAMETRIC_REPRESENTATION_CONTEXT() REPRESENTATION_CONTEXT('2D SPACE',''
  ) );
#5194 = PCURVE('',#4132,#5195);
#5195 = DEFINITIONAL_REPRESENTATION('',(#5196),#5200);
#5196 = CIRCLE('',#5197,19.9965);
#5197 = AXIS2_PLACEMENT_2D('',#5198,#5199);
#5198 = CARTESIAN_POINT('',(0.,0.));
#5199 = DIRECTION('',(1.,0.));
#5200 = ( GEOMETRIC_REPRESENTATION_CONTEXT(2) 
PARAMETRIC_REPRESENTATION_CONTEXT() REPRESENTATION_CONTEXT('2D SPACE',''
  ) );
#5201 = ORIENTED_EDGE('',*,*,#5202,.T.);
#5202 = EDGE_CURVE('',#5179,#5203,#5205,.T.);
#5203 = VERTEX_POINT('',#5204);
#5204 = CARTESIAN_POINT('',(69.348549677739,19.461531262987,
    30.949567156899));
#5205 = SURFACE_CURVE('',#5206,(#5249,#5295),.PCURVE_S1.);
#5206 = B_SPLINE_CURVE_WITH_KNOTS('',6,(#5207,#5208,#5209,#5210,#5211,
    #5212,#5213,#5214,#5215,#5216,#5217,#5218,#5219,#5220,#5221,#5222,
    #5223,#5224,#5225,#5226,#5227,#5228,#5229,#5230,#5231,#5232,#5233,
    #5234,#5235,#5236,#5237,#5238,#5239,#5240,#5241,#5242,#5243,#5244,
    #5245,#5246,#5247,#5248),.UNSPECIFIED.,.F.,.F.,(7,5,5,5,5,5,5,5,7),(
    0.,0.229666284876,0.343513782019,0.417625385823,0.582986340498,
    0.713851915072,0.769286794607,0.854926596379,1.),.UNSPECIFIED.);
#5207 = CARTESIAN_POINT('',(67.5324994,8.154519882024,17.285746585621));
#5208 = CARTESIAN_POINT('',(67.980222276109,8.555535573014,
    17.464848625174));
#5209 = CARTESIAN_POINT('',(68.416383403905,8.985855700158,
    17.669716085486));
#5210 = CARTESIAN_POINT('',(68.836418496623,9.445156725774,
    17.90423870495));
#5211 = CARTESIAN_POINT('',(69.236007082991,9.932392154387,
    18.172854420886));
#5212 = CARTESIAN_POINT('',(69.610788115558,10.445359990419,
    18.480459108778));
#5213 = CARTESIAN_POINT('',(70.127206525956,11.245730777066,
    19.006337230063));
#5214 = CARTESIAN_POINT('',(70.290958535787,11.516203190777,
    19.191282812189));
#5215 = CARTESIAN_POINT('',(70.446565039711,11.791133440552,
    19.387263327768));
#5216 = CARTESIAN_POINT('',(70.59333355367,12.069664163016,
    19.594587030168));
#5217 = CARTESIAN_POINT('',(70.730621882191,12.350858965325,
    19.813473436226));
#5218 = CARTESIAN_POINT('',(70.940647264643,12.817863769553,
    20.194120070468));
#5219 = CARTESIAN_POINT('',(71.019178442988,13.002685007178,
    20.349133340143));
#5220 = CARTESIAN_POINT('',(71.093245566398,13.187868705309,
    20.509062210764));
#5221 = CARTESIAN_POINT('',(71.162682095569,13.373086061875,
    20.673870560474));
#5222 = CARTESIAN_POINT('',(71.227337223404,13.558003789116,
    20.843493189976));
#5223 = CARTESIAN_POINT('',(71.420365021295,14.15347069554,
    21.406826766234));
#5224 = CARTESIAN_POINT('',(71.529206978594,14.561596917221,
    21.819396238102));
#5225 = CARTESIAN_POINT('',(71.611950590802,14.962588226433,
    22.254134501551));
#5226 = CARTESIAN_POINT('',(71.667500058524,15.352437293349,
    22.708769062248));
#5227 = CARTESIAN_POINT('',(71.695284054021,15.727637105604,
    23.180178259561));
#5228 = CARTESIAN_POINT('',(71.695284054021,16.36851071446,
    24.047957423714));
#5229 = CARTESIAN_POINT('',(71.677882957476,16.64065109151,
    24.439394042295));
#5230 = CARTESIAN_POINT('',(71.643085143801,16.900424004856,
    24.837022163187));
#5231 = CARTESIAN_POINT('',(71.591116010877,17.146762728611,
    25.238759273879));
#5232 = CARTESIAN_POINT('',(71.522414049823,17.378968016092,
    25.642404778752));
#5233 = CARTESIAN_POINT('',(71.401727936141,17.688920771421,
    26.216631931065));
#5234 = CARTESIAN_POINT('',(71.36293135704,17.778554485887,
    26.387453426882));
#5235 = CARTESIAN_POINT('',(71.321296573897,17.865572621546,
    26.558074514477));
#5236 = CARTESIAN_POINT('',(71.27687684436,17.949964374664,
    26.728340328948));
#5237 = CARTESIAN_POINT('',(71.229731225816,18.031729026471,
    26.898098120097));
#5238 = CARTESIAN_POINT('',(71.102979668054,18.233147810872,
    27.328433793292));
#5239 = CARTESIAN_POINT('',(71.019689357726,18.349163097109,
    27.588080328995));
#5240 = CARTESIAN_POINT('',(70.930279963038,18.458979871819,
    27.845634267101));
#5241 = CARTESIAN_POINT('',(70.835001327171,18.562704089996,
    28.100615131219));
#5242 = CARTESIAN_POINT('',(70.73412809048,18.660481482105,
    28.352570010518));
#5243 = CARTESIAN_POINT('',(70.448114370743,18.908350480948,
    29.022052032656));
#5244 = CARTESIAN_POINT('',(70.253155203274,19.047587071663,
    29.432951997907));
#5245 = CARTESIAN_POINT('',(70.044350079995,19.171279824442,
    29.832269567897));
#5246 = CARTESIAN_POINT('',(69.823021126385,19.280654848647,
    30.218759283927));
#5247 = CARTESIAN_POINT('',(69.590578413137,19.3769852352,
    30.591439131279));
#5248 = CARTESIAN_POINT('',(69.348549677739,19.461531262987,
    30.949567156899));
#5249 = PCURVE('',#4236,#5250);
#5250 = DEFINITIONAL_REPRESENTATION('',(#5251),#5294);
#5251 = B_SPLINE_CURVE_WITH_KNOTS('',6,(#5252,#5253,#5254,#5255,#5256,
    #5257,#5258,#5259,#5260,#5261,#5262,#5263,#5264,#5265,#5266,#5267,
    #5268,#5269,#5270,#5271,#5272,#5273,#5274,#5275,#5276,#5277,#5278,
    #5279,#5280,#5281,#5282,#5283,#5284,#5285,#5286,#5287,#5288,#5289,
    #5290,#5291,#5292,#5293),.UNSPECIFIED.,.F.,.F.,(7,5,5,5,5,5,5,5,7),(
    0.,0.229666284876,0.343513782019,0.417625385823,0.582986340498,
    0.713851915072,0.769286794607,0.854926596379,1.),.UNSPECIFIED.);
#5252 = CARTESIAN_POINT('',(3.561633072339,-6.E-07));
#5253 = CARTESIAN_POINT('',(3.58359660203,0.447722276109));
#5254 = CARTESIAN_POINT('',(3.607423659559,0.883883403905));
#5255 = CARTESIAN_POINT('',(3.633197905096,1.303918496623));
#5256 = CARTESIAN_POINT('',(3.660997188557,1.703507082991));
#5257 = CARTESIAN_POINT('',(3.690883484473,2.078288115558));
#5258 = CARTESIAN_POINT('',(3.738775610085,2.594706525956));
#5259 = CARTESIAN_POINT('',(3.755158628745,2.758458535787));
#5260 = CARTESIAN_POINT('',(3.772038157712,2.914065039711));
#5261 = CARTESIAN_POINT('',(3.789396411377,3.06083355367));
#5262 = CARTESIAN_POINT('',(3.807212290961,3.198121882191));
#5263 = CARTESIAN_POINT('',(3.837341696263,3.408147264643));
#5264 = CARTESIAN_POINT('',(3.849403714226,3.486678442988));
#5265 = CARTESIAN_POINT('',(3.86163810693,3.560745566398));
#5266 = CARTESIAN_POINT('',(3.874034477394,3.630182095569));
#5267 = CARTESIAN_POINT('',(3.886581739552,3.694837223404));
#5268 = CARTESIAN_POINT('',(3.92757444593,3.887865021295));
#5269 = CARTESIAN_POINT('',(3.956580002487,3.996706978594));
#5270 = CARTESIAN_POINT('',(3.986129019492,4.079450590801));
#5271 = CARTESIAN_POINT('',(4.016048958028,4.135000058524));
#5272 = CARTESIAN_POINT('',(4.046159383356,4.162784054021));
#5273 = CARTESIAN_POINT('',(4.100107670704,4.162784054021));
#5274 = CARTESIAN_POINT('',(4.123939203566,4.145382957477));
#5275 = CARTESIAN_POINT('',(4.147676735814,4.110585143801));
#5276 = CARTESIAN_POINT('',(4.171229207962,4.058616010877));
#5277 = CARTESIAN_POINT('',(4.194508271336,3.989914049823));
#5278 = CARTESIAN_POINT('',(4.22714094686,3.869227936141));
#5279 = CARTESIAN_POINT('',(4.236787456107,3.83043135704));
#5280 = CARTESIAN_POINT('',(4.246364673593,3.788796573897));
#5281 = CARTESIAN_POINT('',(4.255867056683,3.74437684436));
#5282 = CARTESIAN_POINT('',(4.265289261932,3.697231225816));
#5283 = CARTESIAN_POINT('',(4.289050435856,3.570479668054));
#5284 = CARTESIAN_POINT('',(4.30327007219,3.487189357726));
#5285 = CARTESIAN_POINT('',(4.317268934275,3.397779963038));
#5286 = CARTESIAN_POINT('',(4.331032120091,3.302501327171));
#5287 = CARTESIAN_POINT('',(4.344545956489,3.20162809048));
#5288 = CARTESIAN_POINT('',(4.380246924306,2.915614370743));
#5289 = CARTESIAN_POINT('',(4.40193477774,2.720655203274));
#5290 = CARTESIAN_POINT('',(4.422829923008,2.511850079995));
#5291 = CARTESIAN_POINT('',(4.442908664686,2.290521126385));
#5292 = CARTESIAN_POINT('',(4.462154158377,2.058078413137));
#5293 = CARTESIAN_POINT('',(4.480556000492,1.816049677739));
#5294 = ( GEOMETRIC_REPRESENTATION_CONTEXT(2) 
PARAMETRIC_REPRESENTATION_CONTEXT() REPRESENTATION_CONTEXT('2D SPACE',''
  ) );
#5295 = PCURVE('',#3688,#5296);
#5296 = DEFINITIONAL_REPRESENTATION('',(#5297),#5340);
#5297 = B_SPLINE_CURVE_WITH_KNOTS('',6,(#5298,#5299,#5300,#5301,#5302,
    #5303,#5304,#5305,#5306,#5307,#5308,#5309,#5310,#5311,#5312,#5313,
    #5314,#5315,#5316,#5317,#5318,#5319,#5320,#5321,#5322,#5323,#5324,
    #5325,#5326,#5327,#5328,#5329,#5330,#5331,#5332,#5333,#5334,#5335,
    #5336,#5337,#5338,#5339),.UNSPECIFIED.,.F.,.F.,(7,5,5,5,5,5,5,5,7),(
    0.,0.229666284876,0.343513782019,0.417625385823,0.582986340498,
    0.713851915072,0.769286794607,0.854926596379,1.),.UNSPECIFIED.);
#5298 = CARTESIAN_POINT('',(4.90986470893,35.777840235323));
#5299 = CARTESIAN_POINT('',(4.94812939469,36.102402344612));
#5300 = CARTESIAN_POINT('',(4.988480037139,36.413066875469));
#5301 = CARTESIAN_POINT('',(5.030957674402,36.706671361942));
#5302 = CARTESIAN_POINT('',(5.075622088167,36.980638344701));
#5303 = CARTESIAN_POINT('',(5.122537568795,37.232831748108));
#5304 = CARTESIAN_POINT('',(5.196191764523,37.574504065884));
#5305 = CARTESIAN_POINT('',(5.221153392978,37.681805850761));
#5306 = CARTESIAN_POINT('',(5.246645930149,37.782819079554));
#5307 = CARTESIAN_POINT('',(5.272647510205,37.87725622868));
#5308 = CARTESIAN_POINT('',(5.299134974,37.964880225738));
#5309 = CARTESIAN_POINT('',(5.343627457206,38.097963569962));
#5310 = CARTESIAN_POINT('',(5.361363941904,38.147457814404));
#5311 = CARTESIAN_POINT('',(5.379282493685,38.193904479269));
#5312 = CARTESIAN_POINT('',(5.397371654396,38.237247612383));
#5313 = CARTESIAN_POINT('',(5.415619592554,38.277440248471));
#5314 = CARTESIAN_POINT('',(5.475056376294,38.397001272494));
#5315 = CARTESIAN_POINT('',(5.516837675557,38.463694097047));
#5316 = CARTESIAN_POINT('',(5.559185007044,38.513980321961));
#5317 = CARTESIAN_POINT('',(5.601916513356,38.547601089036));
#5318 = CARTESIAN_POINT('',(5.644847217814,38.56441735985));
#5319 = CARTESIAN_POINT('',(5.721765358843,38.56441735985));
#5320 = CARTESIAN_POINT('',(5.755743772268,38.553885380245));
#5321 = CARTESIAN_POINT('',(5.789624044808,38.532824163539));
#5322 = CARTESIAN_POINT('',(5.823312207458,38.501289458271));
#5323 = CARTESIAN_POINT('',(5.856715611046,38.45938678387));
#5324 = CARTESIAN_POINT('',(5.903735378399,38.385255697381));
#5325 = CARTESIAN_POINT('',(5.917659764878,38.361371761737));
#5326 = CARTESIAN_POINT('',(5.931511514491,38.335675141597));
#5327 = CARTESIAN_POINT('',(5.945284749047,38.308181502846));
#5328 = CARTESIAN_POINT('',(5.958973706062,38.278909100201));
#5329 = CARTESIAN_POINT('',(5.993581505696,38.199940895259));
#5330 = CARTESIAN_POINT('',(6.014374155958,38.147811171011));
#5331 = CARTESIAN_POINT('',(6.03493394314,38.09155965789));
#5332 = CARTESIAN_POINT('',(6.055244860865,38.031267877452));
#5333 = CARTESIAN_POINT('',(6.075291528557,37.967033874634));
#5334 = CARTESIAN_POINT('',(6.128545207572,37.783689724139));
#5335 = CARTESIAN_POINT('',(6.161215689965,37.657483325626));
#5336 = CARTESIAN_POINT('',(6.193040669275,37.520816477485));
#5337 = CARTESIAN_POINT('',(6.22399372853,37.37421431404));
#5338 = CARTESIAN_POINT('',(6.254050004545,37.218329922922));
#5339 = CARTESIAN_POINT('',(6.28318530718,37.05398523276));
#5340 = ( GEOMETRIC_REPRESENTATION_CONTEXT(2) 
PARAMETRIC_REPRESENTATION_CONTEXT() REPRESENTATION_CONTEXT('2D SPACE',''
  ) );
#5341 = ORIENTED_EDGE('',*,*,#5342,.T.);
#5342 = EDGE_CURVE('',#5203,#5343,#5345,.T.);
#5343 = VERTEX_POINT('',#5344);
#5344 = CARTESIAN_POINT('',(67.5325,19.849150763957,33.120938671905));
#5345 = SURFACE_CURVE('',#5346,(#5353,#5363),.PCURVE_S1.);
#5346 = B_SPLINE_CURVE_WITH_KNOTS('',5,(#5347,#5348,#5349,#5350,#5351,
    #5352),.UNSPECIFIED.,.F.,.F.,(6,6),(0.,1.),
  .PIECEWISE_BEZIER_KNOTS.);
#5347 = CARTESIAN_POINT('',(69.348549677739,19.461531262987,
    30.949567156899));
#5348 = CARTESIAN_POINT('',(69.016615635068,19.577483216994,
    31.440727362081));
#5349 = CARTESIAN_POINT('',(68.665874413967,19.670354478459,
    31.903414329711));
#5350 = CARTESIAN_POINT('',(68.299601397819,19.744351007996,
    32.337293790431));
#5351 = CARTESIAN_POINT('',(67.920794717516,19.802995776793,
    32.742847736985));
#5352 = CARTESIAN_POINT('',(67.5324994,19.849150835276,33.120939256138)
  );
#5353 = PCURVE('',#4236,#5354);
#5354 = DEFINITIONAL_REPRESENTATION('',(#5355),#5362);
#5355 = B_SPLINE_CURVE_WITH_KNOTS('',5,(#5356,#5357,#5358,#5359,#5360,
    #5361),.UNSPECIFIED.,.F.,.F.,(6,6),(0.,1.),
  .PIECEWISE_BEZIER_KNOTS.);
#5356 = CARTESIAN_POINT('',(4.480556000492,1.816049677739));
#5357 = CARTESIAN_POINT('',(4.505793490726,1.484115635068));
#5358 = CARTESIAN_POINT('',(4.529380002974,1.133374413967));
#5359 = CARTESIAN_POINT('',(4.551380837581,0.767101397819));
#5360 = CARTESIAN_POINT('',(4.571867976938,0.388294717516));
#5361 = CARTESIAN_POINT('',(4.5909162235,-6.E-07));
#5362 = ( GEOMETRIC_REPRESENTATION_CONTEXT(2) 
PARAMETRIC_REPRESENTATION_CONTEXT() REPRESENTATION_CONTEXT('2D SPACE',''
  ) );
#5363 = PCURVE('',#3688,#5364);
#5364 = DEFINITIONAL_REPRESENTATION('',(#5365),#5372);
#5365 = B_SPLINE_CURVE_WITH_KNOTS('',5,(#5366,#5367,#5368,#5369,#5370,
    #5371),.UNSPECIFIED.,.F.,.F.,(6,6),(0.,1.),
  .PIECEWISE_BEZIER_KNOTS.);
#5366 = CARTESIAN_POINT('',(8.881784197001E-16,37.05398523276));
#5367 = CARTESIAN_POINT('',(3.995806023592E-02,36.828592172274));
#5368 = CARTESIAN_POINT('',(7.811482344122E-02,36.586605989892));
#5369 = CARTESIAN_POINT('',(0.114550775655,36.329604267538));
#5370 = CARTESIAN_POINT('',(0.14933392353,36.05932227255));
#5371 = CARTESIAN_POINT('',(0.182519626338,35.777840235323));
#5372 = ( GEOMETRIC_REPRESENTATION_CONTEXT(2) 
PARAMETRIC_REPRESENTATION_CONTEXT() REPRESENTATION_CONTEXT('2D SPACE',''
  ) );
#5373 = ORIENTED_EDGE('',*,*,#5374,.T.);
#5374 = EDGE_CURVE('',#5343,#5133,#5375,.T.);
#5375 = SURFACE_CURVE('',#5376,(#5381,#5388),.PCURVE_S1.);
#5376 = CIRCLE('',#5377,19.9965);
#5377 = AXIS2_PLACEMENT_3D('',#5378,#5379,#5380);
#5378 = CARTESIAN_POINT('',(67.5325,0.,35.544));
#5379 = DIRECTION('',(1.,0.,0.));
#5380 = DIRECTION('',(-0.,0.,1.));
#5381 = PCURVE('',#4236,#5382);
#5382 = DEFINITIONAL_REPRESENTATION('',(#5383),#5387);
#5383 = LINE('',#5384,#5385);
#5384 = CARTESIAN_POINT('',(0.,0.));
#5385 = VECTOR('',#5386,1.);
#5386 = DIRECTION('',(1.,0.));
#5387 = ( GEOMETRIC_REPRESENTATION_CONTEXT(2) 
PARAMETRIC_REPRESENTATION_CONTEXT() REPRESENTATION_CONTEXT('2D SPACE',''
  ) );
#5388 = PCURVE('',#3653,#5389);
#5389 = DEFINITIONAL_REPRESENTATION('',(#5390),#5394);
#5390 = CIRCLE('',#5391,19.9965);
#5391 = AXIS2_PLACEMENT_2D('',#5392,#5393);
#5392 = CARTESIAN_POINT('',(0.,0.));
#5393 = DIRECTION('',(1.,0.));
#5394 = ( GEOMETRIC_REPRESENTATION_CONTEXT(2) 
PARAMETRIC_REPRESENTATION_CONTEXT() REPRESENTATION_CONTEXT('2D SPACE',''
  ) );
#5395 = ORIENTED_EDGE('',*,*,#5132,.T.);
#5396 = ADVANCED_FACE('',(#5397,#5491),#5120,.T.);
#5397 = FACE_BOUND('',#5398,.T.);
#5398 = EDGE_LOOP('',(#5399,#5424,#5447,#5470));
#5399 = ORIENTED_EDGE('',*,*,#5400,.F.);
#5400 = EDGE_CURVE('',#5401,#5403,#5405,.T.);
#5401 = VERTEX_POINT('',#5402);
#5402 = CARTESIAN_POINT('',(82.5325,-65.,0.));
#5403 = VERTEX_POINT('',#5404);
#5404 = CARTESIAN_POINT('',(82.5325,-65.,86.461));
#5405 = SURFACE_CURVE('',#5406,(#5410,#5417),.PCURVE_S1.);
#5406 = LINE('',#5407,#5408);
#5407 = CARTESIAN_POINT('',(82.5325,-65.,0.));
#5408 = VECTOR('',#5409,1.);
#5409 = DIRECTION('',(0.,0.,1.));
#5410 = PCURVE('',#5120,#5411);
#5411 = DEFINITIONAL_REPRESENTATION('',(#5412),#5416);
#5412 = LINE('',#5413,#5414);
#5413 = CARTESIAN_POINT('',(0.,0.));
#5414 = VECTOR('',#5415,1.);
#5415 = DIRECTION('',(1.,0.));
#5416 = ( GEOMETRIC_REPRESENTATION_CONTEXT(2) 
PARAMETRIC_REPRESENTATION_CONTEXT() REPRESENTATION_CONTEXT('2D SPACE',''
  ) );
#5417 = PCURVE('',#44,#5418);
#5418 = DEFINITIONAL_REPRESENTATION('',(#5419),#5423);
#5419 = LINE('',#5420,#5421);
#5420 = CARTESIAN_POINT('',(0.,189.7495));
#5421 = VECTOR('',#5422,1.);
#5422 = DIRECTION('',(1.,0.));
#5423 = ( GEOMETRIC_REPRESENTATION_CONTEXT(2) 
PARAMETRIC_REPRESENTATION_CONTEXT() REPRESENTATION_CONTEXT('2D SPACE',''
  ) );
#5424 = ORIENTED_EDGE('',*,*,#5425,.T.);
#5425 = EDGE_CURVE('',#5401,#5426,#5428,.T.);
#5426 = VERTEX_POINT('',#5427);
#5427 = CARTESIAN_POINT('',(82.5325,65.,0.));
#5428 = SURFACE_CURVE('',#5429,(#5433,#5440),.PCURVE_S1.);
#5429 = LINE('',#5430,#5431);
#5430 = CARTESIAN_POINT('',(82.5325,-65.,0.));
#5431 = VECTOR('',#5432,1.);
#5432 = DIRECTION('',(-0.,1.,0.));
#5433 = PCURVE('',#5120,#5434);
#5434 = DEFINITIONAL_REPRESENTATION('',(#5435),#5439);
#5435 = LINE('',#5436,#5437);
#5436 = CARTESIAN_POINT('',(0.,0.));
#5437 = VECTOR('',#5438,1.);
#5438 = DIRECTION('',(0.,-1.));
#5439 = ( GEOMETRIC_REPRESENTATION_CONTEXT(2) 
PARAMETRIC_REPRESENTATION_CONTEXT() REPRESENTATION_CONTEXT('2D SPACE',''
  ) );
#5440 = PCURVE('',#72,#5441);
#5441 = DEFINITIONAL_REPRESENTATION('',(#5442),#5446);
#5442 = LINE('',#5443,#5444);
#5443 = CARTESIAN_POINT('',(189.7495,0.));
#5444 = VECTOR('',#5445,1.);
#5445 = DIRECTION('',(0.,1.));
#5446 = ( GEOMETRIC_REPRESENTATION_CONTEXT(2) 
PARAMETRIC_REPRESENTATION_CONTEXT() REPRESENTATION_CONTEXT('2D SPACE',''
  ) );
#5447 = ORIENTED_EDGE('',*,*,#5448,.T.);
#5448 = EDGE_CURVE('',#5426,#5449,#5451,.T.);
#5449 = VERTEX_POINT('',#5450);
#5450 = CARTESIAN_POINT('',(82.5325,65.,86.461));
#5451 = SURFACE_CURVE('',#5452,(#5456,#5463),.PCURVE_S1.);
#5452 = LINE('',#5453,#5454);
#5453 = CARTESIAN_POINT('',(82.5325,65.,0.));
#5454 = VECTOR('',#5455,1.);
#5455 = DIRECTION('',(0.,0.,1.));
#5456 = PCURVE('',#5120,#5457);
#5457 = DEFINITIONAL_REPRESENTATION('',(#5458),#5462);
#5458 = LINE('',#5459,#5460);
#5459 = CARTESIAN_POINT('',(0.,-130.));
#5460 = VECTOR('',#5461,1.);
#5461 = DIRECTION('',(1.,0.));
#5462 = ( GEOMETRIC_REPRESENTATION_CONTEXT(2) 
PARAMETRIC_REPRESENTATION_CONTEXT() REPRESENTATION_CONTEXT('2D SPACE',''
  ) );
#5463 = PCURVE('',#100,#5464);
#5464 = DEFINITIONAL_REPRESENTATION('',(#5465),#5469);
#5465 = LINE('',#5466,#5467);
#5466 = CARTESIAN_POINT('',(0.,189.7495));
#5467 = VECTOR('',#5468,1.);
#5468 = DIRECTION('',(1.,0.));
#5469 = ( GEOMETRIC_REPRESENTATION_CONTEXT(2) 
PARAMETRIC_REPRESENTATION_CONTEXT() REPRESENTATION_CONTEXT('2D SPACE',''
  ) );
#5470 = ORIENTED_EDGE('',*,*,#5471,.F.);
#5471 = EDGE_CURVE('',#5403,#5449,#5472,.T.);
#5472 = SURFACE_CURVE('',#5473,(#5477,#5484),.PCURVE_S1.);
#5473 = LINE('',#5474,#5475);
#5474 = CARTESIAN_POINT('',(82.5325,-65.,86.461));
#5475 = VECTOR('',#5476,1.);
#5476 = DIRECTION('',(-0.,1.,0.));
#5477 = PCURVE('',#5120,#5478);
#5478 = DEFINITIONAL_REPRESENTATION('',(#5479),#5483);
#5479 = LINE('',#5480,#5481);
#5480 = CARTESIAN_POINT('',(86.461,0.));
#5481 = VECTOR('',#5482,1.);
#5482 = DIRECTION('',(0.,-1.));
#5483 = ( GEOMETRIC_REPRESENTATION_CONTEXT(2) 
PARAMETRIC_REPRESENTATION_CONTEXT() REPRESENTATION_CONTEXT('2D SPACE',''
  ) );
#5484 = PCURVE('',#126,#5485);
#5485 = DEFINITIONAL_REPRESENTATION('',(#5486),#5490);
#5486 = LINE('',#5487,#5488);
#5487 = CARTESIAN_POINT('',(189.7495,0.));
#5488 = VECTOR('',#5489,1.);
#5489 = DIRECTION('',(0.,1.));
#5490 = ( GEOMETRIC_REPRESENTATION_CONTEXT(2) 
PARAMETRIC_REPRESENTATION_CONTEXT() REPRESENTATION_CONTEXT('2D SPACE',''
  ) );
#5491 = FACE_BOUND('',#5492,.T.);
#5492 = EDGE_LOOP('',(#5493));
#5493 = ORIENTED_EDGE('',*,*,#5103,.F.);
#5494 = ADVANCED_FACE('',(#5495),#4132,.T.);
#5495 = FACE_BOUND('',#5496,.T.);
#5496 = EDGE_LOOP('',(#5497,#5498,#5499));
#5497 = ORIENTED_EDGE('',*,*,#4088,.F.);
#5498 = ORIENTED_EDGE('',*,*,#5178,.T.);
#5499 = ORIENTED_EDGE('',*,*,#5500,.F.);
#5500 = EDGE_CURVE('',#4043,#5179,#5501,.T.);
#5501 = SURFACE_CURVE('',#5502,(#5507,#5514),.PCURVE_S1.);
#5502 = ELLIPSE('',#5503,15.290342744024,14.025);
#5503 = AXIS2_PLACEMENT_3D('',#5504,#5505,#5506);
#5504 = CARTESIAN_POINT('',(67.5325,5.239834083027,31.674269638501));
#5505 = DIRECTION('',(1.,0.,0.));
#5506 = DIRECTION('',(0.,-0.804410199805,0.594074263413));
#5507 = PCURVE('',#4132,#5508);
#5508 = DEFINITIONAL_REPRESENTATION('',(#5509),#5513);
#5509 = ELLIPSE('',#5510,15.290342744024,14.025);
#5510 = AXIS2_PLACEMENT_2D('',#5511,#5512);
#5511 = CARTESIAN_POINT('',(-3.869730361499,-5.239834083027));
#5512 = DIRECTION('',(0.594074263413,0.804410199805));
#5513 = ( GEOMETRIC_REPRESENTATION_CONTEXT(2) 
PARAMETRIC_REPRESENTATION_CONTEXT() REPRESENTATION_CONTEXT('2D SPACE',''
  ) );
#5514 = PCURVE('',#3688,#5515);
#5515 = DEFINITIONAL_REPRESENTATION('',(#5516),#5547);
#5516 = B_SPLINE_CURVE_WITH_KNOTS('',8,(#5517,#5518,#5519,#5520,#5521,
    #5522,#5523,#5524,#5525,#5526,#5527,#5528,#5529,#5530,#5531,#5532,
    #5533,#5534,#5535,#5536,#5537,#5538,#5539,#5540,#5541,#5542,#5543,
    #5544,#5545,#5546),.UNSPECIFIED.,.F.,.F.,(9,7,7,7,9),(3.736993139546
    ,5.30778946634,6.485886711437,8.253032579081,10.020178446725),
  .UNSPECIFIED.);
#5517 = CARTESIAN_POINT('',(7.599387548236E-15,35.074090615092));
#5518 = CARTESIAN_POINT('',(0.196349540849,35.744778923745));
#5519 = CARTESIAN_POINT('',(0.392699081698,36.637641869685));
#5520 = CARTESIAN_POINT('',(0.589048622551,37.713274744587));
#5521 = CARTESIAN_POINT('',(0.785398163393,38.914017424046));
#5522 = CARTESIAN_POINT('',(0.981747704248,40.168743004033));
#5523 = CARTESIAN_POINT('',(1.178097245096,41.40166316137));
#5524 = CARTESIAN_POINT('',(1.374446785946,42.542249359056));
#5525 = CARTESIAN_POINT('',(1.718058482432,44.27489585934));
#5526 = CARTESIAN_POINT('',(1.865320638069,44.932800635408));
#5527 = CARTESIAN_POINT('',(2.012582793706,45.481512889889));
#5528 = CARTESIAN_POINT('',(2.159844949343,45.900399545788));
#5529 = CARTESIAN_POINT('',(2.30710710498,46.174476087265));
#5530 = CARTESIAN_POINT('',(2.454369260617,46.29559401306));
#5531 = CARTESIAN_POINT('',(2.601631416254,46.262891702176));
#5532 = CARTESIAN_POINT('',(2.969786805347,45.811491889264));
#5533 = CARTESIAN_POINT('',(3.190680038801,45.207972772983));
#5534 = CARTESIAN_POINT('',(3.411573272257,44.291920474003));
#5535 = CARTESIAN_POINT('',(3.632466505711,43.118066604657));
#5536 = CARTESIAN_POINT('',(3.853359739162,41.772761846019));
#5537 = CARTESIAN_POINT('',(4.074252972623,40.361373273554));
#5538 = CARTESIAN_POINT('',(4.29514620608,38.989767991761));
#5539 = CARTESIAN_POINT('',(4.736932672991,36.510483245649));
#5540 = CARTESIAN_POINT('',(4.957825906436,35.402802409));
#5541 = CARTESIAN_POINT('',(5.17871913992,34.519257139124));
#5542 = CARTESIAN_POINT('',(5.399612373283,33.938265209144));
#5543 = CARTESIAN_POINT('',(5.620505606832,33.710184903088));
#5544 = CARTESIAN_POINT('',(5.841398840254,33.846231476578));
#5545 = CARTESIAN_POINT('',(6.062292073724,34.319566267856));
#5546 = CARTESIAN_POINT('',(6.28318530718,35.074090615091));
#5547 = ( GEOMETRIC_REPRESENTATION_CONTEXT(2) 
PARAMETRIC_REPRESENTATION_CONTEXT() REPRESENTATION_CONTEXT('2D SPACE',''
  ) );
#5548 = ADVANCED_FACE('',(#5549),#3870,.T.);
#5549 = FACE_BOUND('',#5550,.T.);
#5550 = EDGE_LOOP('',(#5551,#5552,#5573,#5615));
#5551 = ORIENTED_EDGE('',*,*,#3853,.T.);
#5552 = ORIENTED_EDGE('',*,*,#5553,.T.);
#5553 = EDGE_CURVE('',#3854,#5554,#5556,.T.);
#5554 = VERTEX_POINT('',#5555);
#5555 = CARTESIAN_POINT('',(31.869994127897,-22.58155240053,
    23.86160627051));
#5556 = SURFACE_CURVE('',#5557,(#5561,#5567),.PCURVE_S1.);
#5557 = LINE('',#5558,#5559);
#5558 = CARTESIAN_POINT('',(30.327814381918,-18.68871797172,
    24.568345349084));
#5559 = VECTOR('',#5560,1.);
#5560 = DIRECTION('',(-0.363172994426,0.916736418047,0.16643231641));
#5561 = PCURVE('',#3870,#5562);
#5562 = DEFINITIONAL_REPRESENTATION('',(#5563),#5566);
#5563 = B_SPLINE_CURVE_WITH_KNOTS('',1,(#5564,#5565),.UNSPECIFIED.,.F.,
  .F.,(2,2),(-13.80185291462,14.668963322045),.PIECEWISE_BEZIER_KNOTS.);
#5564 = CARTESIAN_POINT('',(-14.025,9.252293027987E-02));
#5565 = CARTESIAN_POINT('',(14.025,4.969497113318));
#5566 = ( GEOMETRIC_REPRESENTATION_CONTEXT(2) 
PARAMETRIC_REPRESENTATION_CONTEXT() REPRESENTATION_CONTEXT('2D SPACE',''
  ) );
#5567 = PCURVE('',#3841,#5568);
#5568 = DEFINITIONAL_REPRESENTATION('',(#5569),#5572);
#5569 = B_SPLINE_CURVE_WITH_KNOTS('',1,(#5570,#5571),.UNSPECIFIED.,.F.,
  .F.,(2,2),(-13.80185291462,14.668963322045),.PIECEWISE_BEZIER_KNOTS.);
#5570 = CARTESIAN_POINT('',(4.148434250642,-13.24762917509));
#5571 = CARTESIAN_POINT('',(-7.225446236343,12.852604920599));
#5572 = ( GEOMETRIC_REPRESENTATION_CONTEXT(2) 
PARAMETRIC_REPRESENTATION_CONTEXT() REPRESENTATION_CONTEXT('2D SPACE',''
  ) );
#5573 = ORIENTED_EDGE('',*,*,#5574,.F.);
#5574 = EDGE_CURVE('',#5575,#5554,#5577,.T.);
#5575 = VERTEX_POINT('',#5576);
#5576 = CARTESIAN_POINT('',(28.78563463594,-14.79588354291,
    25.275084427658));
#5577 = SURFACE_CURVE('',#5578,(#5583,#5590),.PCURVE_S1.);
#5578 = ELLIPSE('',#5579,7.534500756101,4.5);
#5579 = AXIS2_PLACEMENT_3D('',#5580,#5581,#5582);
#5580 = CARTESIAN_POINT('',(30.735774054207,-18.09375,22.181375798756));
#5581 = DIRECTION('',(0.917245625869,0.320414326196,0.236632883159));
#5582 = DIRECTION('',(-0.163602683179,-0.238597986986,0.957238299831));
#5583 = PCURVE('',#3870,#5584);
#5584 = DEFINITIONAL_REPRESENTATION('',(#5585),#5589);
#5585 = ELLIPSE('',#5586,7.534500756101,4.5);
#5586 = AXIS2_PLACEMENT_2D('',#5587,#5588);
#5587 = CARTESIAN_POINT('',(0.,0.));
#5588 = DIRECTION('',(-0.17129730818,0.985219382782));
#5589 = ( GEOMETRIC_REPRESENTATION_CONTEXT(2) 
PARAMETRIC_REPRESENTATION_CONTEXT() REPRESENTATION_CONTEXT('2D SPACE',''
  ) );
#5590 = PCURVE('',#5591,#5596);
#5591 = CYLINDRICAL_SURFACE('',#5592,4.5);
#5592 = AXIS2_PLACEMENT_3D('',#5593,#5594,#5595);
#5593 = CARTESIAN_POINT('',(27.4029,-18.09375,14.908690562972));
#5594 = DIRECTION('',(0.416609256776,0.,0.909085654473));
#5595 = DIRECTION('',(0.909085654473,0.,-0.416609256776));
#5596 = DEFINITIONAL_REPRESENTATION('',(#5597),#5614);
#5597 = B_SPLINE_CURVE_WITH_KNOTS('',8,(#5598,#5599,#5600,#5601,#5602,
    #5603,#5604,#5605,#5606,#5607,#5608,#5609,#5610,#5611,#5612,#5613),
  .UNSPECIFIED.,.F.,.F.,(9,7,9),(4.433741918779,6.179713548787,
    7.925685178795),.UNSPECIFIED.);
#5598 = CARTESIAN_POINT('',(1.703112562544,6.337822340785));
#5599 = CARTESIAN_POINT('',(1.921359016295,7.605829862242));
#5600 = CARTESIAN_POINT('',(2.139605470045,8.964320554827));
#5601 = CARTESIAN_POINT('',(2.357851923795,10.32125302733));
#5602 = CARTESIAN_POINT('',(2.576098377542,11.575432942125));
#5603 = CARTESIAN_POINT('',(2.794344831298,12.630367753583));
#5604 = CARTESIAN_POINT('',(3.01259128505,13.411100937943));
#5605 = CARTESIAN_POINT('',(3.230837738801,13.874526301142));
#5606 = CARTESIAN_POINT('',(3.667330646303,14.146972939077));
#5607 = CARTESIAN_POINT('',(3.885577100054,13.955994352295));
#5608 = CARTESIAN_POINT('',(4.103823553793,13.427932259903));
#5609 = CARTESIAN_POINT('',(4.322070007565,12.586123964233));
#5610 = CARTESIAN_POINT('',(4.540316461293,11.488748648037));
#5611 = CARTESIAN_POINT('',(4.758562915058,10.221609245142));
#5612 = CARTESIAN_POINT('',(4.976809368809,8.882551356305));
#5613 = CARTESIAN_POINT('',(5.19505582256,7.567061627554));
#5614 = ( GEOMETRIC_REPRESENTATION_CONTEXT(2) 
PARAMETRIC_REPRESENTATION_CONTEXT() REPRESENTATION_CONTEXT('2D SPACE',''
  ) );
#5615 = ORIENTED_EDGE('',*,*,#5616,.T.);
#5616 = EDGE_CURVE('',#5575,#3822,#5617,.T.);
#5617 = SURFACE_CURVE('',#5618,(#5622,#5628),.PCURVE_S1.);
#5618 = LINE('',#5619,#5620);
#5619 = CARTESIAN_POINT('',(30.327814381918,-18.68871797172,
    24.568345349084));
#5620 = VECTOR('',#5621,1.);
#5621 = DIRECTION('',(-0.363172994426,0.916736418047,0.16643231641));
#5622 = PCURVE('',#3870,#5623);
#5623 = DEFINITIONAL_REPRESENTATION('',(#5624),#5627);
#5624 = B_SPLINE_CURVE_WITH_KNOTS('',1,(#5625,#5626),.UNSPECIFIED.,.F.,
  .F.,(2,2),(-13.80185291462,14.668963322045),.PIECEWISE_BEZIER_KNOTS.);
#5625 = CARTESIAN_POINT('',(-14.025,9.252293027987E-02));
#5626 = CARTESIAN_POINT('',(14.025,4.969497113318));
#5627 = ( GEOMETRIC_REPRESENTATION_CONTEXT(2) 
PARAMETRIC_REPRESENTATION_CONTEXT() REPRESENTATION_CONTEXT('2D SPACE',''
  ) );
#5628 = PCURVE('',#3841,#5629);
#5629 = DEFINITIONAL_REPRESENTATION('',(#5630),#5633);
#5630 = B_SPLINE_CURVE_WITH_KNOTS('',1,(#5631,#5632),.UNSPECIFIED.,.F.,
  .F.,(2,2),(-13.80185291462,14.668963322045),.PIECEWISE_BEZIER_KNOTS.);
#5631 = CARTESIAN_POINT('',(4.148434250642,-13.24762917509));
#5632 = CARTESIAN_POINT('',(-7.225446236343,12.852604920599));
#5633 = ( GEOMETRIC_REPRESENTATION_CONTEXT(2) 
PARAMETRIC_REPRESENTATION_CONTEXT() REPRESENTATION_CONTEXT('2D SPACE',''
  ) );
#5634 = ADVANCED_FACE('',(#5635),#5591,.F.);
#5635 = FACE_BOUND('',#5636,.F.);
#5636 = EDGE_LOOP('',(#5637,#5638));
#5637 = ORIENTED_EDGE('',*,*,#5574,.F.);
#5638 = ORIENTED_EDGE('',*,*,#5639,.T.);
#5639 = EDGE_CURVE('',#5575,#5554,#5640,.T.);
#5640 = SURFACE_CURVE('',#5641,(#5646,#5653),.PCURVE_S1.);
#5641 = CIRCLE('',#5642,4.5);
#5642 = AXIS2_PLACEMENT_3D('',#5643,#5644,#5645);
#5643 = CARTESIAN_POINT('',(31.568992567759,-18.09375,23.999547107702));
#5644 = DIRECTION('',(0.416609256776,0.,0.909085654473));
#5645 = DIRECTION('',(0.909085654473,0.,-0.416609256776));
#5646 = PCURVE('',#5591,#5647);
#5647 = DEFINITIONAL_REPRESENTATION('',(#5648),#5652);
#5648 = LINE('',#5649,#5650);
#5649 = CARTESIAN_POINT('',(0.,10.));
#5650 = VECTOR('',#5651,1.);
#5651 = DIRECTION('',(1.,0.));
#5652 = ( GEOMETRIC_REPRESENTATION_CONTEXT(2) 
PARAMETRIC_REPRESENTATION_CONTEXT() REPRESENTATION_CONTEXT('2D SPACE',''
  ) );
#5653 = PCURVE('',#3841,#5654);
#5654 = DEFINITIONAL_REPRESENTATION('',(#5655),#5659);
#5655 = CIRCLE('',#5656,4.5);
#5656 = AXIS2_PLACEMENT_2D('',#5657,#5658);
#5657 = CARTESIAN_POINT('',(-2.960186810525E-15,0.));
#5658 = DIRECTION('',(1.,0.));
#5659 = ( GEOMETRIC_REPRESENTATION_CONTEXT(2) 
PARAMETRIC_REPRESENTATION_CONTEXT() REPRESENTATION_CONTEXT('2D SPACE',''
  ) );
#5660 = ADVANCED_FACE('',(#5661),#3841,.F.);
#5661 = FACE_BOUND('',#5662,.F.);
#5662 = EDGE_LOOP('',(#5663,#5664,#5686,#5687,#5688,#5689));
#5663 = ORIENTED_EDGE('',*,*,#3821,.F.);
#5664 = ORIENTED_EDGE('',*,*,#5665,.T.);
#5665 = EDGE_CURVE('',#3792,#3883,#5666,.T.);
#5666 = SURFACE_CURVE('',#5667,(#5672,#5679),.PCURVE_S1.);
#5667 = CIRCLE('',#5668,14.025);
#5668 = AXIS2_PLACEMENT_3D('',#5669,#5670,#5671);
#5669 = CARTESIAN_POINT('',(31.568992567759,-18.09375,23.999547107702));
#5670 = DIRECTION('',(0.416609256776,0.,0.909085654473));
#5671 = DIRECTION('',(0.909085654473,0.,-0.416609256776));
#5672 = PCURVE('',#3841,#5673);
#5673 = DEFINITIONAL_REPRESENTATION('',(#5674),#5678);
#5674 = CIRCLE('',#5675,14.025);
#5675 = AXIS2_PLACEMENT_2D('',#5676,#5677);
#5676 = CARTESIAN_POINT('',(0.,0.));
#5677 = DIRECTION('',(1.,0.));
#5678 = ( GEOMETRIC_REPRESENTATION_CONTEXT(2) 
PARAMETRIC_REPRESENTATION_CONTEXT() REPRESENTATION_CONTEXT('2D SPACE',''
  ) );
#5679 = PCURVE('',#3776,#5680);
#5680 = DEFINITIONAL_REPRESENTATION('',(#5681),#5685);
#5681 = LINE('',#5682,#5683);
#5682 = CARTESIAN_POINT('',(0.,10.));
#5683 = VECTOR('',#5684,1.);
#5684 = DIRECTION('',(1.,0.));
#5685 = ( GEOMETRIC_REPRESENTATION_CONTEXT(2) 
PARAMETRIC_REPRESENTATION_CONTEXT() REPRESENTATION_CONTEXT('2D SPACE',''
  ) );
#5686 = ORIENTED_EDGE('',*,*,#3882,.F.);
#5687 = ORIENTED_EDGE('',*,*,#5553,.T.);
#5688 = ORIENTED_EDGE('',*,*,#5639,.F.);
#5689 = ORIENTED_EDGE('',*,*,#5616,.T.);
#5690 = ADVANCED_FACE('',(#5691),#3776,.F.);
#5691 = FACE_BOUND('',#5692,.F.);
#5692 = EDGE_LOOP('',(#5693,#5694,#5716,#5717,#5718,#5719));
#5693 = ORIENTED_EDGE('',*,*,#3756,.F.);
#5694 = ORIENTED_EDGE('',*,*,#5695,.T.);
#5695 = EDGE_CURVE('',#3730,#3941,#5696,.T.);
#5696 = SURFACE_CURVE('',#5697,(#5702,#5709),.PCURVE_S1.);
#5697 = CIRCLE('',#5698,14.025);
#5698 = AXIS2_PLACEMENT_3D('',#5699,#5700,#5701);
#5699 = CARTESIAN_POINT('',(30.319164797431,-18.09375,21.272290144283));
#5700 = DIRECTION('',(0.416609256776,0.,0.909085654473));
#5701 = DIRECTION('',(0.909085654473,0.,-0.416609256776));
#5702 = PCURVE('',#3776,#5703);
#5703 = DEFINITIONAL_REPRESENTATION('',(#5704),#5708);
#5704 = LINE('',#5705,#5706);
#5705 = CARTESIAN_POINT('',(0.,7.));
#5706 = VECTOR('',#5707,1.);
#5707 = DIRECTION('',(1.,0.));
#5708 = ( GEOMETRIC_REPRESENTATION_CONTEXT(2) 
PARAMETRIC_REPRESENTATION_CONTEXT() REPRESENTATION_CONTEXT('2D SPACE',''
  ) );
#5709 = PCURVE('',#3332,#5710);
#5710 = DEFINITIONAL_REPRESENTATION('',(#5711),#5715);
#5711 = CIRCLE('',#5712,14.025);
#5712 = AXIS2_PLACEMENT_2D('',#5713,#5714);
#5713 = CARTESIAN_POINT('',(0.,-36.1875));
#5714 = DIRECTION('',(1.,0.));
#5715 = ( GEOMETRIC_REPRESENTATION_CONTEXT(2) 
PARAMETRIC_REPRESENTATION_CONTEXT() REPRESENTATION_CONTEXT('2D SPACE',''
  ) );
#5716 = ORIENTED_EDGE('',*,*,#3940,.F.);
#5717 = ORIENTED_EDGE('',*,*,#3910,.T.);
#5718 = ORIENTED_EDGE('',*,*,#5665,.F.);
#5719 = ORIENTED_EDGE('',*,*,#3791,.T.);
#5720 = ADVANCED_FACE('',(#5721,#6304),#3688,.F.);
#5721 = FACE_BOUND('',#5722,.F.);
#5722 = EDGE_LOOP('',(#5723,#5760,#5793,#5814,#5815,#5816,#5817,#5818,
    #5867,#5868,#5869,#5896,#5925,#5953,#5983,#6013,#6050,#6239,#6276));
#5723 = ORIENTED_EDGE('',*,*,#5724,.F.);
#5724 = EDGE_CURVE('',#5725,#5727,#5729,.T.);
#5725 = VERTEX_POINT('',#5726);
#5726 = CARTESIAN_POINT('',(37.486386366499,30.516765755789,
    21.287766297595));
#5727 = VERTEX_POINT('',#5728);
#5728 = CARTESIAN_POINT('',(35.829275301025,30.950978263116,
    19.847162561111));
#5729 = SURFACE_CURVE('',#5730,(#5735,#5745),.PCURVE_S1.);
#5730 = ELLIPSE('',#5731,31.253703169064,14.025);
#5731 = AXIS2_PLACEMENT_3D('',#5732,#5733,#5734);
#5732 = CARTESIAN_POINT('',(30.735774054207,18.09375,22.181375798756));
#5733 = DIRECTION('',(-0.557816059725,0.357010133406,0.749256303382));
#5734 = DIRECTION('',(0.746288563247,-0.179271036341,0.641026735711));
#5735 = PCURVE('',#3688,#5736);
#5736 = DEFINITIONAL_REPRESENTATION('',(#5737),#5744);
#5737 = B_SPLINE_CURVE_WITH_KNOTS('',5,(#5738,#5739,#5740,#5741,#5742,
    #5743),.UNSPECIFIED.,.F.,.F.,(6,6),(1.499127765024,1.570796337536),
  .PIECEWISE_BEZIER_KNOTS.);
#5738 = CARTESIAN_POINT('',(6.182707579272,2.0000006));
#5739 = CARTESIAN_POINT('',(6.16837386477,1.600685506018));
#5740 = CARTESIAN_POINT('',(6.154040150268,1.200856773457));
#5741 = CARTESIAN_POINT('',(6.139706435766,0.800685321935));
#5742 = CARTESIAN_POINT('',(6.125372721263,0.400342510927));
#5743 = CARTESIAN_POINT('',(6.111039006761,-3.000000319275E-07));
#5744 = ( GEOMETRIC_REPRESENTATION_CONTEXT(2) 
PARAMETRIC_REPRESENTATION_CONTEXT() REPRESENTATION_CONTEXT('2D SPACE',''
  ) );
#5745 = PCURVE('',#5746,#5751);
#5746 = CYLINDRICAL_SURFACE('',#5747,14.025);
#5747 = AXIS2_PLACEMENT_3D('',#5748,#5749,#5750);
#5748 = CARTESIAN_POINT('',(27.4029,18.09375,14.908690562972));
#5749 = DIRECTION('',(0.416609256776,0.,0.909085654473));
#5750 = DIRECTION('',(0.909085654473,0.,-0.416609256776));
#5751 = DEFINITIONAL_REPRESENTATION('',(#5752),#5759);
#5752 = B_SPLINE_CURVE_WITH_KNOTS('',5,(#5753,#5754,#5755,#5756,#5757,
    #5758),.UNSPECIFIED.,.F.,.F.,(6,6),(1.499127765024,1.570796337536),
  .PIECEWISE_BEZIER_KNOTS.);
#5753 = CARTESIAN_POINT('',(1.08816446767,10.0000006));
#5754 = CARTESIAN_POINT('',(1.102498182172,9.600685506018));
#5755 = CARTESIAN_POINT('',(1.116831896674,9.200856773457));
#5756 = CARTESIAN_POINT('',(1.131165611177,8.800685321935));
#5757 = CARTESIAN_POINT('',(1.145499325679,8.400342510927));
#5758 = CARTESIAN_POINT('',(1.159833040181,7.9999997));
#5759 = ( GEOMETRIC_REPRESENTATION_CONTEXT(2) 
PARAMETRIC_REPRESENTATION_CONTEXT() REPRESENTATION_CONTEXT('2D SPACE',''
  ) );
#5760 = ORIENTED_EDGE('',*,*,#5761,.T.);
#5761 = EDGE_CURVE('',#5725,#5762,#5764,.T.);
#5762 = VERTEX_POINT('',#5763);
#5763 = CARTESIAN_POINT('',(35.473226574026,31.294936101148,
    22.210342735565));
#5764 = SURFACE_CURVE('',#5765,(#5770,#5781),.PCURVE_S1.);
#5765 = ELLIPSE('',#5766,23.482527356515,14.025);
#5766 = AXIS2_PLACEMENT_3D('',#5767,#5768,#5769);
#5767 = CARTESIAN_POINT('',(33.807324214937,17.020789118672,
    22.973780526346));
#5768 = DIRECTION('',(0.416609256776,0.,0.909085654473));
#5769 = DIRECTION('',(0.83339192658,-0.399492602967,-0.381920877782));
#5770 = PCURVE('',#3688,#5771);
#5771 = DEFINITIONAL_REPRESENTATION('',(#5772),#5780);
#5772 = B_SPLINE_CURVE_WITH_KNOTS('',6,(#5773,#5774,#5775,#5776,#5777,
    #5778,#5779),.UNSPECIFIED.,.F.,.F.,(7,7),(1.123207707481,
    1.742942616472),.PIECEWISE_BEZIER_KNOTS.);
#5773 = CARTESIAN_POINT('',(5.663450398188,11.499991812017));
#5774 = CARTESIAN_POINT('',(5.766739549687,9.746251608337));
#5775 = CARTESIAN_POINT('',(5.870028701185,7.888155805601));
#5776 = CARTESIAN_POINT('',(5.973317852684,5.959377021025));
#5777 = CARTESIAN_POINT('',(6.076607004182,3.996952969927));
#5778 = CARTESIAN_POINT('',(6.179896155681,2.039031489629));
#5779 = CARTESIAN_POINT('',(6.28318530718,0.122412981756));
#5780 = ( GEOMETRIC_REPRESENTATION_CONTEXT(2) 
PARAMETRIC_REPRESENTATION_CONTEXT() REPRESENTATION_CONTEXT('2D SPACE',''
  ) );
#5781 = PCURVE('',#5782,#5787);
#5782 = PLANE('',#5783);
#5783 = AXIS2_PLACEMENT_3D('',#5784,#5785,#5786);
#5784 = CARTESIAN_POINT('',(31.568992567759,18.09375,23.999547107702));
#5785 = DIRECTION('',(0.416609256776,0.,0.909085654473));
#5786 = DIRECTION('',(0.909085654473,0.,-0.416609256776));
#5787 = DEFINITIONAL_REPRESENTATION('',(#5788),#5792);
#5788 = ELLIPSE('',#5789,23.482527356515,14.025);
#5789 = AXIS2_PLACEMENT_2D('',#5790,#5791);
#5790 = CARTESIAN_POINT('',(2.462179043487,-1.072960881328));
#5791 = DIRECTION('',(0.916736418047,-0.399492602967));
#5792 = ( GEOMETRIC_REPRESENTATION_CONTEXT(2) 
PARAMETRIC_REPRESENTATION_CONTEXT() REPRESENTATION_CONTEXT('2D SPACE',''
  ) );
#5793 = ORIENTED_EDGE('',*,*,#5794,.T.);
#5794 = EDGE_CURVE('',#5762,#5203,#5795,.T.);
#5795 = SEAM_CURVE('',#5796,(#5800,#5807),.PCURVE_S1.);
#5796 = LINE('',#5797,#5798);
#5797 = CARTESIAN_POINT('',(35.360943801961,31.334158974214,
    22.181375798756));
#5798 = VECTOR('',#5799,1.);
#5799 = DIRECTION('',(0.917245625869,-0.320414326196,0.236632883159));
#5800 = PCURVE('',#3688,#5801);
#5801 = DEFINITIONAL_REPRESENTATION('',(#5802),#5806);
#5802 = LINE('',#5803,#5804);
#5803 = CARTESIAN_POINT('',(6.28318530718,-0.));
#5804 = VECTOR('',#5805,1.);
#5805 = DIRECTION('',(0.,1.));
#5806 = ( GEOMETRIC_REPRESENTATION_CONTEXT(2) 
PARAMETRIC_REPRESENTATION_CONTEXT() REPRESENTATION_CONTEXT('2D SPACE',''
  ) );
#5807 = PCURVE('',#3688,#5808);
#5808 = DEFINITIONAL_REPRESENTATION('',(#5809),#5813);
#5809 = LINE('',#5810,#5811);
#5810 = CARTESIAN_POINT('',(0.,-0.));
#5811 = VECTOR('',#5812,1.);
#5812 = DIRECTION('',(0.,1.));
#5813 = ( GEOMETRIC_REPRESENTATION_CONTEXT(2) 
PARAMETRIC_REPRESENTATION_CONTEXT() REPRESENTATION_CONTEXT('2D SPACE',''
  ) );
#5814 = ORIENTED_EDGE('',*,*,#5202,.F.);
#5815 = ORIENTED_EDGE('',*,*,#5500,.F.);
#5816 = ORIENTED_EDGE('',*,*,#4042,.F.);
#5817 = ORIENTED_EDGE('',*,*,#3665,.F.);
#5818 = ORIENTED_EDGE('',*,*,#5819,.F.);
#5819 = EDGE_CURVE('',#5343,#3608,#5820,.T.);
#5820 = SURFACE_CURVE('',#5821,(#5826,#5860),.PCURVE_S1.);
#5821 = ELLIPSE('',#5822,15.290342744024,14.025);
#5822 = AXIS2_PLACEMENT_3D('',#5823,#5824,#5825);
#5823 = CARTESIAN_POINT('',(67.5325,5.239834083027,31.674269638501));
#5824 = DIRECTION('',(1.,0.,0.));
#5825 = DIRECTION('',(0.,-0.804410199805,0.594074263413));
#5826 = PCURVE('',#3688,#5827);
#5827 = DEFINITIONAL_REPRESENTATION('',(#5828),#5859);
#5828 = B_SPLINE_CURVE_WITH_KNOTS('',8,(#5829,#5830,#5831,#5832,#5833,
    #5834,#5835,#5836,#5837,#5838,#5839,#5840,#5841,#5842,#5843,#5844,
    #5845,#5846,#5847,#5848,#5849,#5850,#5851,#5852,#5853,#5854,#5855,
    #5856,#5857,#5858),.UNSPECIFIED.,.F.,.F.,(9,7,7,7,9),(3.736993139546
    ,5.30778946634,6.485886711437,8.253032579081,10.020178446725),
  .UNSPECIFIED.);
#5829 = CARTESIAN_POINT('',(7.599387548236E-15,35.074090615092));
#5830 = CARTESIAN_POINT('',(0.196349540849,35.744778923745));
#5831 = CARTESIAN_POINT('',(0.392699081698,36.637641869685));
#5832 = CARTESIAN_POINT('',(0.589048622551,37.713274744587));
#5833 = CARTESIAN_POINT('',(0.785398163393,38.914017424046));
#5834 = CARTESIAN_POINT('',(0.981747704248,40.168743004033));
#5835 = CARTESIAN_POINT('',(1.178097245096,41.40166316137));
#5836 = CARTESIAN_POINT('',(1.374446785946,42.542249359056));
#5837 = CARTESIAN_POINT('',(1.718058482432,44.27489585934));
#5838 = CARTESIAN_POINT('',(1.865320638069,44.932800635408));
#5839 = CARTESIAN_POINT('',(2.012582793706,45.481512889889));
#5840 = CARTESIAN_POINT('',(2.159844949343,45.900399545788));
#5841 = CARTESIAN_POINT('',(2.30710710498,46.174476087265));
#5842 = CARTESIAN_POINT('',(2.454369260617,46.29559401306));
#5843 = CARTESIAN_POINT('',(2.601631416254,46.262891702176));
#5844 = CARTESIAN_POINT('',(2.969786805347,45.811491889264));
#5845 = CARTESIAN_POINT('',(3.190680038801,45.207972772983));
#5846 = CARTESIAN_POINT('',(3.411573272257,44.291920474003));
#5847 = CARTESIAN_POINT('',(3.632466505711,43.118066604657));
#5848 = CARTESIAN_POINT('',(3.853359739162,41.772761846019));
#5849 = CARTESIAN_POINT('',(4.074252972623,40.361373273554));
#5850 = CARTESIAN_POINT('',(4.29514620608,38.989767991761));
#5851 = CARTESIAN_POINT('',(4.736932672991,36.510483245649));
#5852 = CARTESIAN_POINT('',(4.957825906436,35.402802409));
#5853 = CARTESIAN_POINT('',(5.17871913992,34.519257139124));
#5854 = CARTESIAN_POINT('',(5.399612373283,33.938265209144));
#5855 = CARTESIAN_POINT('',(5.620505606832,33.710184903088));
#5856 = CARTESIAN_POINT('',(5.841398840254,33.846231476578));
#5857 = CARTESIAN_POINT('',(6.062292073724,34.319566267856));
#5858 = CARTESIAN_POINT('',(6.28318530718,35.074090615091));
#5859 = ( GEOMETRIC_REPRESENTATION_CONTEXT(2) 
PARAMETRIC_REPRESENTATION_CONTEXT() REPRESENTATION_CONTEXT('2D SPACE',''
  ) );
#5860 = PCURVE('',#3653,#5861);
#5861 = DEFINITIONAL_REPRESENTATION('',(#5862),#5866);
#5862 = ELLIPSE('',#5863,15.290342744024,14.025);
#5863 = AXIS2_PLACEMENT_2D('',#5864,#5865);
#5864 = CARTESIAN_POINT('',(-3.869730361499,-5.239834083027));
#5865 = DIRECTION('',(0.594074263413,0.804410199805));
#5866 = ( GEOMETRIC_REPRESENTATION_CONTEXT(2) 
PARAMETRIC_REPRESENTATION_CONTEXT() REPRESENTATION_CONTEXT('2D SPACE',''
  ) );
#5867 = ORIENTED_EDGE('',*,*,#5342,.F.);
#5868 = ORIENTED_EDGE('',*,*,#5794,.F.);
#5869 = ORIENTED_EDGE('',*,*,#5870,.T.);
#5870 = EDGE_CURVE('',#5762,#5871,#5873,.T.);
#5871 = VERTEX_POINT('',#5872);
#5872 = CARTESIAN_POINT('',(35.340162004655,31.341094872557,
    22.271322612518));
#5873 = SURFACE_CURVE('',#5874,(#5879,#5889),.PCURVE_S1.);
#5874 = ELLIPSE('',#5875,23.482527356515,14.025);
#5875 = AXIS2_PLACEMENT_3D('',#5876,#5877,#5878);
#5876 = CARTESIAN_POINT('',(33.807324214937,17.020789118672,
    22.973780526346));
#5877 = DIRECTION('',(0.416609256776,0.,0.909085654473));
#5878 = DIRECTION('',(0.83339192658,-0.399492602967,-0.381920877782));
#5879 = PCURVE('',#3688,#5880);
#5880 = DEFINITIONAL_REPRESENTATION('',(#5881),#5888);
#5881 = B_SPLINE_CURVE_WITH_KNOTS('',5,(#5882,#5883,#5884,#5885,#5886,
    #5887),.UNSPECIFIED.,.F.,.F.,(6,6),(1.742942616472,1.749543484928),
  .PIECEWISE_BEZIER_KNOTS.);
#5882 = CARTESIAN_POINT('',(0.,0.122412981756));
#5883 = CARTESIAN_POINT('',(1.320173691196E-03,9.791603030022E-02));
#5884 = CARTESIAN_POINT('',(2.640347382391E-03,7.34261074752E-02));
#5885 = CARTESIAN_POINT('',(3.96052107359E-03,4.894330222813E-02));
#5886 = CARTESIAN_POINT('',(5.280694764784E-03,2.446770345528E-02));
#5887 = CARTESIAN_POINT('',(6.60086845598E-03,-6.000000034589E-07));
#5888 = ( GEOMETRIC_REPRESENTATION_CONTEXT(2) 
PARAMETRIC_REPRESENTATION_CONTEXT() REPRESENTATION_CONTEXT('2D SPACE',''
  ) );
#5889 = PCURVE('',#5782,#5890);
#5890 = DEFINITIONAL_REPRESENTATION('',(#5891),#5895);
#5891 = ELLIPSE('',#5892,23.482527356515,14.025);
#5892 = AXIS2_PLACEMENT_2D('',#5893,#5894);
#5893 = CARTESIAN_POINT('',(2.462179043487,-1.072960881328));
#5894 = DIRECTION('',(0.916736418047,-0.399492602967));
#5895 = ( GEOMETRIC_REPRESENTATION_CONTEXT(2) 
PARAMETRIC_REPRESENTATION_CONTEXT() REPRESENTATION_CONTEXT('2D SPACE',''
  ) );
#5896 = ORIENTED_EDGE('',*,*,#5897,.T.);
#5897 = EDGE_CURVE('',#5871,#5898,#5900,.T.);
#5898 = VERTEX_POINT('',#5899);
#5899 = CARTESIAN_POINT('',(25.315466759182,6.036341070888,
    26.86536808565));
#5900 = SURFACE_CURVE('',#5901,(#5906,#5913),.PCURVE_S1.);
#5901 = CIRCLE('',#5902,14.025);
#5902 = AXIS2_PLACEMENT_3D('',#5903,#5904,#5905);
#5903 = CARTESIAN_POINT('',(30.735774054207,18.09375,22.181375798756));
#5904 = DIRECTION('',(0.917245625869,-0.320414326196,0.236632883159));
#5905 = DIRECTION('',(0.329780374171,0.944057680871,1.387778780781E-17)
  );
#5906 = PCURVE('',#3688,#5907);
#5907 = DEFINITIONAL_REPRESENTATION('',(#5908),#5912);
#5908 = LINE('',#5909,#5910);
#5909 = CARTESIAN_POINT('',(0.,0.));
#5910 = VECTOR('',#5911,1.);
#5911 = DIRECTION('',(1.,0.));
#5912 = ( GEOMETRIC_REPRESENTATION_CONTEXT(2) 
PARAMETRIC_REPRESENTATION_CONTEXT() REPRESENTATION_CONTEXT('2D SPACE',''
  ) );
#5913 = PCURVE('',#5914,#5919);
#5914 = PLANE('',#5915);
#5915 = AXIS2_PLACEMENT_3D('',#5916,#5917,#5918);
#5916 = CARTESIAN_POINT('',(30.735774054207,18.09375,22.181375798756));
#5917 = DIRECTION('',(0.917245625869,-0.320414326196,0.236632883159));
#5918 = DIRECTION('',(0.329780374171,0.944057680871,1.387778780781E-17)
  );
#5919 = DEFINITIONAL_REPRESENTATION('',(#5920),#5924);
#5920 = CIRCLE('',#5921,14.025);
#5921 = AXIS2_PLACEMENT_2D('',#5922,#5923);
#5922 = CARTESIAN_POINT('',(0.,0.));
#5923 = DIRECTION('',(1.,0.));
#5924 = ( GEOMETRIC_REPRESENTATION_CONTEXT(2) 
PARAMETRIC_REPRESENTATION_CONTEXT() REPRESENTATION_CONTEXT('2D SPACE',''
  ) );
#5925 = ORIENTED_EDGE('',*,*,#5926,.T.);
#5926 = EDGE_CURVE('',#5898,#5927,#5929,.T.);
#5927 = VERTEX_POINT('',#5928);
#5928 = CARTESIAN_POINT('',(27.325534832748,4.868320573079,
    25.944208498457));
#5929 = SURFACE_CURVE('',#5930,(#5935,#5946),.PCURVE_S1.);
#5930 = ELLIPSE('',#5931,23.482527356515,14.025);
#5931 = AXIS2_PLACEMENT_3D('',#5932,#5933,#5934);
#5932 = CARTESIAN_POINT('',(33.807324214937,17.020789118672,
    22.973780526346));
#5933 = DIRECTION('',(0.416609256776,0.,0.909085654473));
#5934 = DIRECTION('',(0.83339192658,-0.399492602967,-0.381920877782));
#5935 = PCURVE('',#3688,#5936);
#5936 = DEFINITIONAL_REPRESENTATION('',(#5937),#5945);
#5937 = B_SPLINE_CURVE_WITH_KNOTS('',6,(#5938,#5939,#5940,#5941,#5942,
    #5943,#5944),.UNSPECIFIED.,.F.,.F.,(7,7),(4.533641822251,
    5.201358524604),.PIECEWISE_BEZIER_KNOTS.);
#5938 = CARTESIAN_POINT('',(2.790699205779,-6.000000034589E-07));
#5939 = CARTESIAN_POINT('',(2.901985322838,2.062593512211));
#5940 = CARTESIAN_POINT('',(3.013271439897,4.17495264842));
#5941 = CARTESIAN_POINT('',(3.124557556955,6.29110615337));
#5942 = CARTESIAN_POINT('',(3.235843674014,8.36319151646));
#5943 = CARTESIAN_POINT('',(3.347129791073,10.345041918322));
#5944 = CARTESIAN_POINT('',(3.458415908132,12.195417417534));
#5945 = ( GEOMETRIC_REPRESENTATION_CONTEXT(2) 
PARAMETRIC_REPRESENTATION_CONTEXT() REPRESENTATION_CONTEXT('2D SPACE',''
  ) );
#5946 = PCURVE('',#5782,#5947);
#5947 = DEFINITIONAL_REPRESENTATION('',(#5948),#5952);
#5948 = ELLIPSE('',#5949,23.482527356515,14.025);
#5949 = AXIS2_PLACEMENT_2D('',#5950,#5951);
#5950 = CARTESIAN_POINT('',(2.462179043487,-1.072960881328));
#5951 = DIRECTION('',(0.916736418047,-0.399492602967));
#5952 = ( GEOMETRIC_REPRESENTATION_CONTEXT(2) 
PARAMETRIC_REPRESENTATION_CONTEXT() REPRESENTATION_CONTEXT('2D SPACE',''
  ) );
#5953 = ORIENTED_EDGE('',*,*,#5954,.F.);
#5954 = EDGE_CURVE('',#5955,#5927,#5957,.T.);
#5955 = VERTEX_POINT('',#5956);
#5956 = CARTESIAN_POINT('',(25.642272807389,5.236521736884,
    24.515589036401));
#5957 = SURFACE_CURVE('',#5958,(#5963,#5973),.PCURVE_S1.);
#5958 = ELLIPSE('',#5959,31.253703169064,14.025);
#5959 = AXIS2_PLACEMENT_3D('',#5960,#5961,#5962);
#5960 = CARTESIAN_POINT('',(30.735774054207,18.09375,22.181375798756));
#5961 = DIRECTION('',(-0.557816059725,0.357010133406,0.749256303382));
#5962 = DIRECTION('',(0.746288563247,-0.179271036341,0.641026735711));
#5963 = PCURVE('',#3688,#5964);
#5964 = DEFINITIONAL_REPRESENTATION('',(#5965),#5972);
#5965 = B_SPLINE_CURVE_WITH_KNOTS('',5,(#5966,#5967,#5968,#5969,#5970,
    #5971),.UNSPECIFIED.,.F.,.F.,(6,6),(4.71238898291,4.784057542155),
  .PIECEWISE_BEZIER_KNOTS.);
#5966 = CARTESIAN_POINT('',(2.969446361387,7.053775519239E-08));
#5967 = CARTESIAN_POINT('',(2.955112649538,0.400342807357));
#5968 = CARTESIAN_POINT('',(2.940778937689,0.800685544162));
#5969 = CARTESIAN_POINT('',(2.92644522584,1.200856921482));
#5970 = CARTESIAN_POINT('',(2.912111513991,1.600685579935));
#5971 = CARTESIAN_POINT('',(2.897777802142,2.0000006));
#5972 = ( GEOMETRIC_REPRESENTATION_CONTEXT(2) 
PARAMETRIC_REPRESENTATION_CONTEXT() REPRESENTATION_CONTEXT('2D SPACE',''
  ) );
#5973 = PCURVE('',#5746,#5974);
#5974 = DEFINITIONAL_REPRESENTATION('',(#5975),#5982);
#5975 = B_SPLINE_CURVE_WITH_KNOTS('',5,(#5976,#5977,#5978,#5979,#5980,
    #5981),.UNSPECIFIED.,.F.,.F.,(6,6),(4.71238898291,4.784057542155),
  .PIECEWISE_BEZIER_KNOTS.);
#5976 = CARTESIAN_POINT('',(4.301425685556,8.000000070538));
#5977 = CARTESIAN_POINT('',(4.315759397405,8.400342807357));
#5978 = CARTESIAN_POINT('',(4.330093109254,8.800685544162));
#5979 = CARTESIAN_POINT('',(4.344426821103,9.200856921482));
#5980 = CARTESIAN_POINT('',(4.358760532952,9.600685579935));
#5981 = CARTESIAN_POINT('',(4.373094244801,10.0000006));
#5982 = ( GEOMETRIC_REPRESENTATION_CONTEXT(2) 
PARAMETRIC_REPRESENTATION_CONTEXT() REPRESENTATION_CONTEXT('2D SPACE',''
  ) );
#5983 = ORIENTED_EDGE('',*,*,#5984,.T.);
#5984 = EDGE_CURVE('',#5955,#5985,#5987,.T.);
#5985 = VERTEX_POINT('',#5986);
#5986 = CARTESIAN_POINT('',(26.936934975017,4.571224499418,
    22.822274181132));
#5987 = SURFACE_CURVE('',#5988,(#5993,#6003),.PCURVE_S1.);
#5988 = ELLIPSE('',#5989,15.693906789588,14.025);
#5989 = AXIS2_PLACEMENT_3D('',#5990,#5991,#5992);
#5990 = CARTESIAN_POINT('',(30.735774054207,18.09375,22.181375798756));
#5991 = DIRECTION('',(0.746288563247,-0.179271036341,0.641026735711));
#5992 = DIRECTION('',(-0.557816059725,0.357010133406,0.749256303382));
#5993 = PCURVE('',#3688,#5994);
#5994 = DEFINITIONAL_REPRESENTATION('',(#5995),#6002);
#5995 = B_SPLINE_CURVE_WITH_KNOTS('',5,(#5996,#5997,#5998,#5999,#6000,
    #6001),.UNSPECIFIED.,.F.,.F.,(6,6),(1.570796231583,1.713271139988),
  .PIECEWISE_BEZIER_KNOTS.);
#5996 = CARTESIAN_POINT('',(2.9694462687,-6.705377693095E-07));
#5997 = CARTESIAN_POINT('',(2.997941250381,0.200677825586));
#5998 = CARTESIAN_POINT('',(3.026436232062,0.401356322503));
#5999 = CARTESIAN_POINT('',(3.054931213743,0.601695353454));
#6000 = CARTESIAN_POINT('',(3.083426195424,0.801355454449));
#6001 = CARTESIAN_POINT('',(3.111921177105,1.0000006));
#6002 = ( GEOMETRIC_REPRESENTATION_CONTEXT(2) 
PARAMETRIC_REPRESENTATION_CONTEXT() REPRESENTATION_CONTEXT('2D SPACE',''
  ) );
#6003 = PCURVE('',#5746,#6004);
#6004 = DEFINITIONAL_REPRESENTATION('',(#6005),#6012);
#6005 = B_SPLINE_CURVE_WITH_KNOTS('',5,(#6006,#6007,#6008,#6009,#6010,
    #6011),.UNSPECIFIED.,.F.,.F.,(6,6),(1.570796231583,1.713271139988),
  .PIECEWISE_BEZIER_KNOTS.);
#6006 = CARTESIAN_POINT('',(4.301425587818,8.000000670538));
#6007 = CARTESIAN_POINT('',(4.329920569499,7.799322174414));
#6008 = CARTESIAN_POINT('',(4.35841555118,7.598643677497));
#6009 = CARTESIAN_POINT('',(4.386910532861,7.398304646546));
#6010 = CARTESIAN_POINT('',(4.415405514542,7.198644545551));
#6011 = CARTESIAN_POINT('',(4.443900496223,6.9999994));
#6012 = ( GEOMETRIC_REPRESENTATION_CONTEXT(2) 
PARAMETRIC_REPRESENTATION_CONTEXT() REPRESENTATION_CONTEXT('2D SPACE',''
  ) );
#6013 = ORIENTED_EDGE('',*,*,#6014,.T.);
#6014 = EDGE_CURVE('',#5985,#6015,#6017,.T.);
#6015 = VERTEX_POINT('',#6016);
#6016 = CARTESIAN_POINT('',(40.046387500253,3.002035251435,
    16.814568255508));
#6017 = SURFACE_CURVE('',#6018,(#6023,#6043),.PCURVE_S1.);
#6018 = ELLIPSE('',#6019,23.482527356515,14.025);
#6019 = AXIS2_PLACEMENT_3D('',#6020,#6021,#6022);
#6020 = CARTESIAN_POINT('',(29.199998973842,18.630230440664,
    21.785173434961));
#6021 = DIRECTION('',(0.416609256776,0.,0.909085654473));
#6022 = DIRECTION('',(0.83339192658,-0.399492602967,-0.381920877782));
#6023 = PCURVE('',#3688,#6024);
#6024 = DEFINITIONAL_REPRESENTATION('',(#6025),#6042);
#6025 = B_SPLINE_CURVE_WITH_KNOTS('',8,(#6026,#6027,#6028,#6029,#6030,
    #6031,#6032,#6033,#6034,#6035,#6036,#6037,#6038,#6039,#6040,#6041),
  .UNSPECIFIED.,.F.,.F.,(9,7,9),(4.801404860107,6.28318530718,
    7.764965754252),.UNSPECIFIED.);
#6026 = CARTESIAN_POINT('',(3.058462243635,-6.000000141171E-07));
#6027 = CARTESIAN_POINT('',(3.243684799519,3.474712718378));
#6028 = CARTESIAN_POINT('',(3.428907355398,6.883778533753));
#6029 = CARTESIAN_POINT('',(3.614129911293,10.045541435575));
#6030 = CARTESIAN_POINT('',(3.79935246714,12.783175448378));
#6031 = CARTESIAN_POINT('',(3.984575023058,14.944521918391));
#6032 = CARTESIAN_POINT('',(4.169797578933,16.421441338251));
#6033 = CARTESIAN_POINT('',(4.355020134823,17.159903038771));
#6034 = CARTESIAN_POINT('',(4.725465246591,17.159903038771));
#6035 = CARTESIAN_POINT('',(4.910687802469,16.42144133824));
#6036 = CARTESIAN_POINT('',(5.095910358374,14.944521918391));
#6037 = CARTESIAN_POINT('',(5.281132914217,12.783175448349));
#6038 = CARTESIAN_POINT('',(5.46635547014,10.045541435618));
#6039 = CARTESIAN_POINT('',(5.651578026003,6.883778533747));
#6040 = CARTESIAN_POINT('',(5.836800581896,3.474712718378));
#6041 = CARTESIAN_POINT('',(6.02202313778,-6.000000034589E-07));
#6042 = ( GEOMETRIC_REPRESENTATION_CONTEXT(2) 
PARAMETRIC_REPRESENTATION_CONTEXT() REPRESENTATION_CONTEXT('2D SPACE',''
  ) );
#6043 = PCURVE('',#3332,#6044);
#6044 = DEFINITIONAL_REPRESENTATION('',(#6045),#6049);
#6045 = ELLIPSE('',#6046,23.482527356515,14.025);
#6046 = AXIS2_PLACEMENT_2D('',#6047,#6048);
#6047 = CARTESIAN_POINT('',(-1.231089521744,0.536480440664));
#6048 = DIRECTION('',(0.916736418047,-0.399492602967));
#6049 = ( GEOMETRIC_REPRESENTATION_CONTEXT(2) 
PARAMETRIC_REPRESENTATION_CONTEXT() REPRESENTATION_CONTEXT('2D SPACE',''
  ) );
#6050 = ORIENTED_EDGE('',*,*,#6051,.F.);
#6051 = EDGE_CURVE('',#6052,#6015,#6054,.T.);
#6052 = VERTEX_POINT('',#6053);
#6053 = CARTESIAN_POINT('',(46.990655330002,20.531045706292,
    13.632198975815));
#6054 = SURFACE_CURVE('',#6055,(#6093,#6166),.PCURVE_S1.);
#6055 = B_SPLINE_CURVE_WITH_KNOTS('',6,(#6056,#6057,#6058,#6059,#6060,
    #6061,#6062,#6063,#6064,#6065,#6066,#6067,#6068,#6069,#6070,#6071,
    #6072,#6073,#6074,#6075,#6076,#6077,#6078,#6079,#6080,#6081,#6082,
    #6083,#6084,#6085,#6086,#6087,#6088,#6089,#6090,#6091,#6092),
  .UNSPECIFIED.,.F.,.F.,(7,5,5,5,5,5,5,7),(0.,0.999999568222,
    2.025164846502,2.55017066424,3.653670962225,4.903629543445,
    5.535009548558,7.307904050825),.UNSPECIFIED.);
#6056 = CARTESIAN_POINT('',(46.990655330002,20.531045706292,
    13.632198975815));
#6057 = CARTESIAN_POINT('',(46.939665675138,20.154480162901,
    13.400804468684));
#6058 = CARTESIAN_POINT('',(46.885822452323,19.764916321817,
    13.181701966204));
#6059 = CARTESIAN_POINT('',(46.828177847527,19.363141793894,
    12.975731118014));
#6060 = CARTESIAN_POINT('',(46.765830615796,18.950033633422,
    12.783708618095));
#6061 = CARTESIAN_POINT('',(46.697951133279,18.526554696598,
    12.606423398206));
#6062 = CARTESIAN_POINT('',(46.547795860803,17.650053461193,
    12.278768642745));
#6063 = CARTESIAN_POINT('',(46.465184628518,17.196461906973,
    12.129153706692));
#6064 = CARTESIAN_POINT('',(46.375199874943,16.734231758273,
    11.996664059452));
#6065 = CARTESIAN_POINT('',(46.277178447404,16.264680082687,
    11.882090695176));
#6066 = CARTESIAN_POINT('',(46.170586062644,15.789178253967,
    11.786139143831));
#6067 = CARTESIAN_POINT('',(45.995861390219,15.063312149012,
    11.670145939242));
#6068 = CARTESIAN_POINT('',(45.934342189347,14.816310897178,
    11.635911677533));
#6069 = CARTESIAN_POINT('',(45.870435071557,14.568365381742,
    11.606813946179));
#6070 = CARTESIAN_POINT('',(45.804108248883,14.31969969512,
    11.582928489611));
#6071 = CARTESIAN_POINT('',(45.735341922667,14.070538496419,
    11.564320124544));
#6072 = CARTESIAN_POINT('',(45.514445614692,13.296831453502,
    11.523135243851));
#6073 = CARTESIAN_POINT('',(45.353923711615,12.771262771413,
    11.518774416096));
#6074 = CARTESIAN_POINT('',(45.182572074883,12.246800482846,
    11.53849343522));
#6075 = CARTESIAN_POINT('',(45.000679354757,11.72580517187,
    11.582518388151));
#6076 = CARTESIAN_POINT('',(44.808809071136,11.210544104644,
    11.650774754176));
#6077 = CARTESIAN_POINT('',(44.380102738572,10.128385701508,
    11.847239218999));
#6078 = CARTESIAN_POINT('',(44.140783744386,9.563978481159,
    11.982153301424));
#6079 = CARTESIAN_POINT('',(43.891056153267,9.012947614191,
    12.147052081135));
#6080 = CARTESIAN_POINT('',(43.632554211223,8.478051290177,
    12.340883075744));
#6081 = CARTESIAN_POINT('',(43.367290767033,7.961688800856,
    12.562152330798));
#6082 = CARTESIAN_POINT('',(42.961320374446,7.215370477134,
    12.933595408566));
#6083 = CARTESIAN_POINT('',(42.823917550413,6.970101325881,
    13.06478107992));
#6084 = CARTESIAN_POINT('',(42.685619603049,6.730226950029,
    13.202280838099));
#6085 = CARTESIAN_POINT('',(42.546704142851,6.49592124073,
    13.345865142038));
#6086 = CARTESIAN_POINT('',(42.407461391567,6.267334174566,
    13.495289434434));
#6087 = CARTESIAN_POINT('',(41.877130446467,5.419140762754,
    14.085541496294));
#6088 = CARTESIAN_POINT('',(41.486063338526,4.840098621392,
    14.56456351649));
#6089 = CARTESIAN_POINT('',(41.100970035574,4.309069134103,
    15.082294240472));
#6090 = CARTESIAN_POINT('',(40.728280737499,3.826454377543,
    15.633446390244));
#6091 = CARTESIAN_POINT('',(40.374653961182,3.391409944311,
    16.212644023617));
#6092 = CARTESIAN_POINT('',(40.046387500253,3.002035251435,
    16.814568255508));
#6093 = PCURVE('',#3688,#6094);
#6094 = DEFINITIONAL_REPRESENTATION('',(#6095),#6165);
#6095 = B_SPLINE_CURVE_WITH_KNOTS('',3,(#6096,#6097,#6098,#6099,#6100,
    #6101,#6102,#6103,#6104,#6105,#6106,#6107,#6108,#6109,#6110,#6111,
    #6112,#6113,#6114,#6115,#6116,#6117,#6118,#6119,#6120,#6121,#6122,
    #6123,#6124,#6125,#6126,#6127,#6128,#6129,#6130,#6131,#6132,#6133,
    #6134,#6135,#6136,#6137,#6138,#6139,#6140,#6141,#6142,#6143,#6144,
    #6145,#6146,#6147,#6148,#6149,#6150,#6151,#6152,#6153,#6154,#6155,
    #6156,#6157,#6158,#6159,#6160,#6161,#6162,#6163,#6164),
  .UNSPECIFIED.,.F.,.F.,(4,1,1,1,1,1,1,1,1,1,1,1,1,1,1,1,1,1,1,1,1,1,1,1
    ,1,1,1,1,1,1,1,1,1,1,1,1,1,1,1,1,1,1,1,1,1,1,1,1,1,1,1,1,1,1,1,1,1,1
    ,1,1,1,1,1,1,1,1,4),(0.,0.110725818952,0.221451637904,0.332177456856
    ,0.442903275808,0.553629094759,0.664354913711,0.775080732663,
    0.885806551615,0.996532370567,1.107258189519,1.217984008471,
    1.328709827423,1.439435646375,1.550161465327,1.660887284278,
    1.77161310323,1.882338922182,1.993064741134,2.103790560086,
    2.214516379038,2.32524219799,2.435968016942,2.546693835894,
    2.657419654846,2.768145473797,2.878871292749,2.989597111701,
    3.100322930653,3.211048749605,3.321774568557,3.432500387509,
    3.543226206461,3.653952025413,3.764677844364,3.875403663316,
    3.986129482268,4.09685530122,4.207581120172,4.318306939124,
    4.429032758076,4.539758577028,4.65048439598,4.761210214932,
    4.871936033883,4.982661852835,5.093387671787,5.204113490739,
    5.314839309691,5.425565128643,5.536290947595,5.647016766547,
    5.757742585499,5.86846840445,5.979194223402,6.089920042354,
    6.200645861306,6.311371680258,6.42209749921,6.532823318162,
    6.643549137114,6.754274956066,6.865000775018,6.975726593969,
    7.086452412921,7.197178231873,7.307904050825),
  .QUASI_UNIFORM_KNOTS.);
#6096 = CARTESIAN_POINT('',(5.290297977523,12.105757927532));
#6097 = CARTESIAN_POINT('',(5.283279436361,12.109994677371));
#6098 = CARTESIAN_POINT('',(5.269200862831,12.119014260932));
#6099 = CARTESIAN_POINT('',(5.247960204507,12.134032659143));
#6100 = CARTESIAN_POINT('',(5.226598444582,12.150390474691));
#6101 = CARTESIAN_POINT('',(5.20511720655,12.167939420656));
#6102 = CARTESIAN_POINT('',(5.183518076888,12.186532421112));
#6103 = CARTESIAN_POINT('',(5.161802592585,12.206024000515));
#6104 = CARTESIAN_POINT('',(5.139972295036,12.226270488073));
#6105 = CARTESIAN_POINT('',(5.118028569149,12.247130465166));
#6106 = CARTESIAN_POINT('',(5.095973277247,12.268464425602));
#6107 = CARTESIAN_POINT('',(5.073806430238,12.290137341467));
#6108 = CARTESIAN_POINT('',(5.051529177239,12.312015703258));
#6109 = CARTESIAN_POINT('',(5.029144792957,12.333966961043));
#6110 = CARTESIAN_POINT('',(5.006655809702,12.355862551056));
#6111 = CARTESIAN_POINT('',(4.984064801995,12.377577351331));
#6112 = CARTESIAN_POINT('',(4.961374194231,12.398990092743));
#6113 = CARTESIAN_POINT('',(4.938586331695,12.419983512085));
#6114 = CARTESIAN_POINT('',(4.915703475313,12.440444581591));
#6115 = CARTESIAN_POINT('',(4.892727837709,12.46026469066));
#6116 = CARTESIAN_POINT('',(4.869661529404,12.479339942301));
#6117 = CARTESIAN_POINT('',(4.846510853876,12.497567764038));
#6118 = CARTESIAN_POINT('',(4.823280209911,12.514852687034));
#6119 = CARTESIAN_POINT('',(4.799974115224,12.531104938247));
#6120 = CARTESIAN_POINT('',(4.776597339763,12.546240362209));
#6121 = CARTESIAN_POINT('',(4.753152968842,12.560181807767));
#6122 = CARTESIAN_POINT('',(4.729646454113,12.572856924806));
#6123 = CARTESIAN_POINT('',(4.706085152899,12.584199163));
#6124 = CARTESIAN_POINT('',(4.682475770606,12.594149724425));
#6125 = CARTESIAN_POINT('',(4.658825067124,12.602657181266));
#6126 = CARTESIAN_POINT('',(4.635139682132,12.609677717995));
#6127 = CARTESIAN_POINT('',(4.611426226893,12.615175205551));
#6128 = CARTESIAN_POINT('',(4.587691190817,12.619121323034));
#6129 = CARTESIAN_POINT('',(4.563941322467,12.621495657348));
#6130 = CARTESIAN_POINT('',(4.540182298249,12.622285843554));
#6131 = CARTESIAN_POINT('',(4.516423766539,12.621487564391));
#6132 = CARTESIAN_POINT('',(4.49267511846,12.619105347988));
#6133 = CARTESIAN_POINT('',(4.468941840395,12.615151754262));
#6134 = CARTESIAN_POINT('',(4.4452304699,12.609647226462));
#6135 = CARTESIAN_POINT('',(4.421547288142,12.602620064554));
#6136 = CARTESIAN_POINT('',(4.397898690506,12.594106339657));
#6137 = CARTESIAN_POINT('',(4.374291107496,12.584149797747));
#6138 = CARTESIAN_POINT('',(4.350731046033,12.572801740523));
#6139 = CARTESIAN_POINT('',(4.327225098836,12.560120883676));
#6140 = CARTESIAN_POINT('',(4.303779961292,12.546173203674));
#6141 = CARTESIAN_POINT('',(4.280402450731,12.531031728381));
#6142 = CARTESIAN_POINT('',(4.257099509265,12.514776439122));
#6143 = CARTESIAN_POINT('',(4.233872474114,12.497489462908));
#6144 = CARTESIAN_POINT('',(4.210725593941,12.479260488017));
#6145 = CARTESIAN_POINT('',(4.187662550238,12.460184355787));
#6146 = CARTESIAN_POINT('',(4.164687501089,12.440361566073));
#6147 = CARTESIAN_POINT('',(4.141803875927,12.419897025251));
#6148 = CARTESIAN_POINT('',(4.119018302029,12.398903351869));
#6149 = CARTESIAN_POINT('',(4.096334134039,12.377494883187));
#6150 = CARTESIAN_POINT('',(4.073751998792,12.355787391744));
#6151 = CARTESIAN_POINT('',(4.051273347245,12.333901164553));
#6152 = CARTESIAN_POINT('',(4.028899501917,12.311959989511));
#6153 = CARTESIAN_POINT('',(4.006631911372,12.290091216358));
#6154 = CARTESIAN_POINT('',(3.984472081298,12.268425507601));
#6155 = CARTESIAN_POINT('',(3.962421592226,12.24709665041));
#6156 = CARTESIAN_POINT('',(3.940482093966,12.226241330029));
#6157 = CARTESIAN_POINT('',(3.918655306176,12.205998891515));
#6158 = CARTESIAN_POINT('',(3.896943017102,12.186511082047));
#6159 = CARTESIAN_POINT('',(3.875347082774,12.167921777979));
#6160 = CARTESIAN_POINT('',(3.853869425229,12.150376687719));
#6161 = CARTESIAN_POINT('',(3.832512033102,12.134023061945));
#6162 = CARTESIAN_POINT('',(3.811276952392,12.119009294015));
#6163 = CARTESIAN_POINT('',(3.797203192633,12.109992996423));
#6164 = CARTESIAN_POINT('',(3.790187403891,12.105757927532));
#6165 = ( GEOMETRIC_REPRESENTATION_CONTEXT(2) 
PARAMETRIC_REPRESENTATION_CONTEXT() REPRESENTATION_CONTEXT('2D SPACE',''
  ) );
#6166 = PCURVE('',#2949,#6167);
#6167 = DEFINITIONAL_REPRESENTATION('',(#6168),#6238);
#6168 = B_SPLINE_CURVE_WITH_KNOTS('',3,(#6169,#6170,#6171,#6172,#6173,
    #6174,#6175,#6176,#6177,#6178,#6179,#6180,#6181,#6182,#6183,#6184,
    #6185,#6186,#6187,#6188,#6189,#6190,#6191,#6192,#6193,#6194,#6195,
    #6196,#6197,#6198,#6199,#6200,#6201,#6202,#6203,#6204,#6205,#6206,
    #6207,#6208,#6209,#6210,#6211,#6212,#6213,#6214,#6215,#6216,#6217,
    #6218,#6219,#6220,#6221,#6222,#6223,#6224,#6225,#6226,#6227,#6228,
    #6229,#6230,#6231,#6232,#6233,#6234,#6235,#6236,#6237),
  .UNSPECIFIED.,.F.,.F.,(4,1,1,1,1,1,1,1,1,1,1,1,1,1,1,1,1,1,1,1,1,1,1,1
    ,1,1,1,1,1,1,1,1,1,1,1,1,1,1,1,1,1,1,1,1,1,1,1,1,1,1,1,1,1,1,1,1,1,1
    ,1,1,1,1,1,1,1,1,4),(0.,0.110725818952,0.221451637904,0.332177456856
    ,0.442903275808,0.553629094759,0.664354913711,0.775080732663,
    0.885806551615,0.996532370567,1.107258189519,1.217984008471,
    1.328709827423,1.439435646375,1.550161465327,1.660887284278,
    1.77161310323,1.882338922182,1.993064741134,2.103790560086,
    2.214516379038,2.32524219799,2.435968016942,2.546693835894,
    2.657419654846,2.768145473797,2.878871292749,2.989597111701,
    3.100322930653,3.211048749605,3.321774568557,3.432500387509,
    3.543226206461,3.653952025413,3.764677844364,3.875403663316,
    3.986129482268,4.09685530122,4.207581120172,4.318306939124,
    4.429032758076,4.539758577028,4.65048439598,4.761210214932,
    4.871936033883,4.982661852835,5.093387671787,5.204113490739,
    5.314839309691,5.425565128643,5.536290947595,5.647016766547,
    5.757742585499,5.86846840445,5.979194223402,6.089920042354,
    6.200645861306,6.311371680258,6.42209749921,6.532823318162,
    6.643549137114,6.754274956066,6.865000775018,6.975726593969,
    7.086452412921,7.197178231873,7.307904050825),
  .QUASI_UNIFORM_KNOTS.);
#6169 = CARTESIAN_POINT('',(6.415315145839,8.));
#6170 = CARTESIAN_POINT('',(6.410767880801,7.948711737277));
#6171 = CARTESIAN_POINT('',(6.401594705086,7.847359475257));
#6172 = CARTESIAN_POINT('',(6.387604701754,7.69906386975));
#6173 = CARTESIAN_POINT('',(6.373390168073,7.554561030183));
#6174 = CARTESIAN_POINT('',(6.358956770568,7.413911000864));
#6175 = CARTESIAN_POINT('',(6.344310146571,7.277173977375));
#6176 = CARTESIAN_POINT('',(6.329455890608,7.144410316546));
#6177 = CARTESIAN_POINT('',(6.314399586488,7.015680847428));
#6178 = CARTESIAN_POINT('',(6.299146689384,6.891046053671));
#6179 = CARTESIAN_POINT('',(6.283702967917,6.770569469271));
#6180 = CARTESIAN_POINT('',(6.268072862017,6.65430534945));
#6181 = CARTESIAN_POINT('',(6.252261570731,6.542315278575));
#6182 = CARTESIAN_POINT('',(6.236275787954,6.434671424481));
#6183 = CARTESIAN_POINT('',(6.220121680485,6.331441310745));
#6184 = CARTESIAN_POINT('',(6.203805436806,6.232692000158));
#6185 = CARTESIAN_POINT('',(6.187333129066,6.138489088944));
#6186 = CARTESIAN_POINT('',(6.170710761266,6.048897086813));
#6187 = CARTESIAN_POINT('',(6.153944263867,5.963979442905));
#6188 = CARTESIAN_POINT('',(6.137039520927,5.883798602348));
#6189 = CARTESIAN_POINT('',(6.120002325077,5.808416294484));
#6190 = CARTESIAN_POINT('',(6.102841578731,5.737905419677));
#6191 = CARTESIAN_POINT('',(6.085564800502,5.672328877319));
#6192 = CARTESIAN_POINT('',(6.068179605094,5.611747147499));
#6193 = CARTESIAN_POINT('',(6.050693811122,5.55621776654));
#6194 = CARTESIAN_POINT('',(6.033113984456,5.505791356289));
#6195 = CARTESIAN_POINT('',(6.015448470643,5.460520948708));
#6196 = CARTESIAN_POINT('',(5.997707071287,5.420458000552));
#6197 = CARTESIAN_POINT('',(5.9798991207,5.385646925173));
#6198 = CARTESIAN_POINT('',(5.962034012259,5.356126591968));
#6199 = CARTESIAN_POINT('',(5.944121063892,5.331929962904));
#6200 = CARTESIAN_POINT('',(5.926169584219,5.313084227635));
#6201 = CARTESIAN_POINT('',(5.908188799114,5.299610807148));
#6202 = CARTESIAN_POINT('',(5.890188138284,5.291525384728));
#6203 = CARTESIAN_POINT('',(5.872176223981,5.2888379591));
#6204 = CARTESIAN_POINT('',(5.854164694043,5.291552781551));
#6205 = CARTESIAN_POINT('',(5.836164990802,5.299665017408));
#6206 = CARTESIAN_POINT('',(5.818185591492,5.313164338993));
#6207 = CARTESIAN_POINT('',(5.800235764494,5.332034850015));
#6208 = CARTESIAN_POINT('',(5.782324576414,5.356255114546));
#6209 = CARTESIAN_POINT('',(5.764461171328,5.385798142569));
#6210 = CARTESIAN_POINT('',(5.746654708695,5.420631372701));
#6211 = CARTESIAN_POINT('',(5.728914392068,5.460716637708));
#6212 = CARTESIAN_POINT('',(5.711249473131,5.506010129685));
#6213 = CARTESIAN_POINT('',(5.693669260327,5.556462311832));
#6214 = CARTESIAN_POINT('',(5.676183130091,5.612017972227));
#6215 = CARTESIAN_POINT('',(5.658800518919,5.67261569104));
#6216 = CARTESIAN_POINT('',(5.641526667352,5.738205164078));
#6217 = CARTESIAN_POINT('',(5.624368989495,5.808726789393));
#6218 = CARTESIAN_POINT('',(5.607334469378,5.884119775612));
#6219 = CARTESIAN_POINT('',(5.590430435617,5.964319280668));
#6220 = CARTESIAN_POINT('',(5.573663675729,6.049260781971));
#6221 = CARTESIAN_POINT('',(5.55704330036,6.138864845355));
#6222 = CARTESIAN_POINT('',(5.540575994814,6.233060994094));
#6223 = CARTESIAN_POINT('',(5.524266475341,6.331789637194));
#6224 = CARTESIAN_POINT('',(5.50812008354,6.434988204874));
#6225 = CARTESIAN_POINT('',(5.492142092148,6.542594870152));
#6226 = CARTESIAN_POINT('',(5.476337891124,6.654547550616));
#6227 = CARTESIAN_POINT('',(5.460712936888,6.770784167246));
#6228 = CARTESIAN_POINT('',(5.445272763937,6.891242558776));
#6229 = CARTESIAN_POINT('',(5.430022978602,7.015860480751));
#6230 = CARTESIAN_POINT('',(5.414969256351,7.144575574175));
#6231 = CARTESIAN_POINT('',(5.40011733684,7.277325335028));
#6232 = CARTESIAN_POINT('',(5.385473018237,7.414047074626));
#6233 = CARTESIAN_POINT('',(5.371042150173,7.554677879637));
#6234 = CARTESIAN_POINT('',(5.356830626183,7.699154546583));
#6235 = CARTESIAN_POINT('',(5.342844372587,7.847413582623));
#6236 = CARTESIAN_POINT('',(5.333674354162,7.948731814641));
#6237 = CARTESIAN_POINT('',(5.329128873811,8.));
#6238 = ( GEOMETRIC_REPRESENTATION_CONTEXT(2) 
PARAMETRIC_REPRESENTATION_CONTEXT() REPRESENTATION_CONTEXT('2D SPACE',''
  ) );
#6239 = ORIENTED_EDGE('',*,*,#6240,.T.);
#6240 = EDGE_CURVE('',#6052,#6241,#6243,.T.);
#6241 = VERTEX_POINT('',#6242);
#6242 = CARTESIAN_POINT('',(37.020719023391,30.02513272157,
    18.201149914995));
#6243 = SURFACE_CURVE('',#6244,(#6249,#6269),.PCURVE_S1.);
#6244 = ELLIPSE('',#6245,23.482527356515,14.025);
#6245 = AXIS2_PLACEMENT_3D('',#6246,#6247,#6248);
#6246 = CARTESIAN_POINT('',(29.199998973842,18.630230440664,
    21.785173434961));
#6247 = DIRECTION('',(0.416609256776,0.,0.909085654473));
#6248 = DIRECTION('',(0.83339192658,-0.399492602967,-0.381920877782));
#6249 = PCURVE('',#3688,#6250);
#6250 = DEFINITIONAL_REPRESENTATION('',(#6251),#6268);
#6251 = B_SPLINE_CURVE_WITH_KNOTS('',8,(#6252,#6253,#6254,#6255,#6256,
    #6257,#6258,#6259,#6260,#6261,#6262,#6263,#6264,#6265,#6266,#6267),
  .UNSPECIFIED.,.F.,.F.,(9,7,9),(4.801404860107,6.28318530718,
    7.764965754252),.UNSPECIFIED.);
#6252 = CARTESIAN_POINT('',(3.058462243635,-6.000000141171E-07));
#6253 = CARTESIAN_POINT('',(3.243684799519,3.474712718378));
#6254 = CARTESIAN_POINT('',(3.428907355398,6.883778533753));
#6255 = CARTESIAN_POINT('',(3.614129911293,10.045541435575));
#6256 = CARTESIAN_POINT('',(3.79935246714,12.783175448378));
#6257 = CARTESIAN_POINT('',(3.984575023058,14.944521918391));
#6258 = CARTESIAN_POINT('',(4.169797578933,16.421441338251));
#6259 = CARTESIAN_POINT('',(4.355020134823,17.159903038771));
#6260 = CARTESIAN_POINT('',(4.725465246591,17.159903038771));
#6261 = CARTESIAN_POINT('',(4.910687802469,16.42144133824));
#6262 = CARTESIAN_POINT('',(5.095910358374,14.944521918391));
#6263 = CARTESIAN_POINT('',(5.281132914217,12.783175448349));
#6264 = CARTESIAN_POINT('',(5.46635547014,10.045541435618));
#6265 = CARTESIAN_POINT('',(5.651578026003,6.883778533747));
#6266 = CARTESIAN_POINT('',(5.836800581896,3.474712718378));
#6267 = CARTESIAN_POINT('',(6.02202313778,-6.000000034589E-07));
#6268 = ( GEOMETRIC_REPRESENTATION_CONTEXT(2) 
PARAMETRIC_REPRESENTATION_CONTEXT() REPRESENTATION_CONTEXT('2D SPACE',''
  ) );
#6269 = PCURVE('',#3332,#6270);
#6270 = DEFINITIONAL_REPRESENTATION('',(#6271),#6275);
#6271 = ELLIPSE('',#6272,23.482527356515,14.025);
#6272 = AXIS2_PLACEMENT_2D('',#6273,#6274);
#6273 = CARTESIAN_POINT('',(-1.231089521744,0.536480440664));
#6274 = DIRECTION('',(0.916736418047,-0.399492602967));
#6275 = ( GEOMETRIC_REPRESENTATION_CONTEXT(2) 
PARAMETRIC_REPRESENTATION_CONTEXT() REPRESENTATION_CONTEXT('2D SPACE',''
  ) );
#6276 = ORIENTED_EDGE('',*,*,#6277,.T.);
#6277 = EDGE_CURVE('',#6241,#5727,#6278,.T.);
#6278 = SURFACE_CURVE('',#6279,(#6284,#6294),.PCURVE_S1.);
#6279 = ELLIPSE('',#6280,15.693906789588,14.025);
#6280 = AXIS2_PLACEMENT_3D('',#6281,#6282,#6283);
#6281 = CARTESIAN_POINT('',(30.735774054207,18.09375,22.181375798756));
#6282 = DIRECTION('',(0.746288563247,-0.179271036341,0.641026735711));
#6283 = DIRECTION('',(-0.557816059725,0.357010133406,0.749256303382));
#6284 = PCURVE('',#3688,#6285);
#6285 = DEFINITIONAL_REPRESENTATION('',(#6286),#6293);
#6286 = B_SPLINE_CURVE_WITH_KNOTS('',5,(#6287,#6288,#6289,#6290,#6291,
    #6292),.UNSPECIFIED.,.F.,.F.,(6,6),(4.569914167192,4.712389022983),
  .PIECEWISE_BEZIER_KNOTS.);
#6287 = CARTESIAN_POINT('',(5.968564204309,1.0000006));
#6288 = CARTESIAN_POINT('',(5.997059175467,0.801355527805));
#6289 = CARTESIAN_POINT('',(6.025554146626,0.601695500917));
#6290 = CARTESIAN_POINT('',(6.054049117784,0.40135654445));
#6291 = CARTESIAN_POINT('',(6.082544088942,0.200678122016));
#6292 = CARTESIAN_POINT('',(6.1110390601,-2.999999750841E-07));
#6293 = ( GEOMETRIC_REPRESENTATION_CONTEXT(2) 
PARAMETRIC_REPRESENTATION_CONTEXT() REPRESENTATION_CONTEXT('2D SPACE',''
  ) );
#6294 = PCURVE('',#5746,#6295);
#6295 = DEFINITIONAL_REPRESENTATION('',(#6296),#6303);
#6296 = B_SPLINE_CURVE_WITH_KNOTS('',5,(#6297,#6298,#6299,#6300,#6301,
    #6302),.UNSPECIFIED.,.F.,.F.,(6,6),(4.569914167192,4.712389022983),
  .PIECEWISE_BEZIER_KNOTS.);
#6297 = CARTESIAN_POINT('',(1.017358216247,6.9999994));
#6298 = CARTESIAN_POINT('',(1.045853187406,7.198644472195));
#6299 = CARTESIAN_POINT('',(1.074348158564,7.398304499083));
#6300 = CARTESIAN_POINT('',(1.102843129722,7.59864345555));
#6301 = CARTESIAN_POINT('',(1.13133810088,7.799321877984));
#6302 = CARTESIAN_POINT('',(1.159833072038,8.0000003));
#6303 = ( GEOMETRIC_REPRESENTATION_CONTEXT(2) 
PARAMETRIC_REPRESENTATION_CONTEXT() REPRESENTATION_CONTEXT('2D SPACE',''
  ) );
#6304 = FACE_BOUND('',#6305,.F.);
#6305 = EDGE_LOOP('',(#6306,#6438,#6472,#6707,#6736));
#6306 = ORIENTED_EDGE('',*,*,#6307,.F.);
#6307 = EDGE_CURVE('',#6308,#6310,#6312,.T.);
#6308 = VERTEX_POINT('',#6309);
#6309 = CARTESIAN_POINT('',(39.221652143786,11.648198409794,
    38.683236280435));
#6310 = VERTEX_POINT('',#6311);
#6311 = CARTESIAN_POINT('',(45.652456315926,18.09375,39.129011362838));
#6312 = SURFACE_CURVE('',#6313,(#6351,#6392),.PCURVE_S1.);
#6313 = B_SPLINE_CURVE_WITH_KNOTS('',8,(#6314,#6315,#6316,#6317,#6318,
    #6319,#6320,#6321,#6322,#6323,#6324,#6325,#6326,#6327,#6328,#6329,
    #6330,#6331,#6332,#6333,#6334,#6335,#6336,#6337,#6338,#6339,#6340,
    #6341,#6342,#6343,#6344,#6345,#6346,#6347,#6348,#6349,#6350),
  .UNSPECIFIED.,.F.,.F.,(9,7,7,7,7,9),(0.,0.489246456445,0.643749265016,
    0.76774558802,0.881909225768,1.),.UNSPECIFIED.);
#6314 = CARTESIAN_POINT('',(39.221651303555,11.648198325221,
    38.683236005487));
#6315 = CARTESIAN_POINT('',(39.740839901559,11.700457368428,
    38.853130074855));
#6316 = CARTESIAN_POINT('',(40.251473022206,11.780879087067,
    39.020250687943));
#6317 = CARTESIAN_POINT('',(40.761986421688,11.889669851681,
    39.185653814057));
#6318 = CARTESIAN_POINT('',(41.278774688218,12.030445828755,
    39.349749588737));
#6319 = CARTESIAN_POINT('',(41.80437235337,12.209199690708,
    39.510996795736));
#6320 = CARTESIAN_POINT('',(42.336482370552,12.43369537454,
    39.665072312175));
#6321 = CARTESIAN_POINT('',(42.867277776067,12.712938426304,
    39.804068179306));
#6322 = CARTESIAN_POINT('',(43.544665883092,13.165096150949,
    39.951434387231));
#6323 = CARTESIAN_POINT('',(43.706620781928,13.280687321052,
    39.984322120815));
#6324 = CARTESIAN_POINT('',(43.867932701598,13.404104151954,
    40.0144001314));
#6325 = CARTESIAN_POINT('',(44.028326189374,13.536137853933,
    40.041207305018));
#6326 = CARTESIAN_POINT('',(44.187265010432,13.677604717462,
    40.064143597437));
#6327 = CARTESIAN_POINT('',(44.343943730482,13.829335241882,
    40.082465801144));
#6328 = CARTESIAN_POINT('',(44.497277801751,13.992164081628,
    40.095285778986));
#6329 = CARTESIAN_POINT('',(44.76516268977,14.30717192869,
    40.106615504413));
#6330 = CARTESIAN_POINT('',(44.882272575024,14.456139250276,
    40.10748830306));
#6331 = CARTESIAN_POINT('',(44.995397799211,14.613235075324,
    40.103503146444));
#6332 = CARTESIAN_POINT('',(45.10296284424,14.777833540878,
    40.094096736829));
#6333 = CARTESIAN_POINT('',(45.203630788326,14.949264101904,
    40.07883702397));
#6334 = CARTESIAN_POINT('',(45.296295071638,15.126805451798,
    40.057429480419));
#6335 = CARTESIAN_POINT('',(45.380072922037,15.309679882001,
    40.029721520887));
#6336 = CARTESIAN_POINT('',(45.522641851155,15.669558318478,
    39.964386054084));
#6337 = CARTESIAN_POINT('',(45.581937990231,15.843480843282,
    39.928154587676));
#6338 = CARTESIAN_POINT('',(45.632056053252,16.017949482291,
    39.887269762949));
#6339 = CARTESIAN_POINT('',(45.673046755953,16.192046515069,
    39.842109914269));
#6340 = CARTESIAN_POINT('',(45.705143800521,16.364796635175,
    39.793172914493));
#6341 = CARTESIAN_POINT('',(45.728763900199,16.535159478662,
    39.741075355207));
#6342 = CARTESIAN_POINT('',(45.744507362685,16.702020719488,
    39.686550606579));
#6343 = CARTESIAN_POINT('',(45.76210871922,17.031920951399,
    39.572410945721));
#6344 = CARTESIAN_POINT('',(45.763522591883,17.195612357141,
    39.512345707648));
#6345 = CARTESIAN_POINT('',(45.758186905514,17.355210814193,
    39.450674161844));
#6346 = CARTESIAN_POINT('',(45.746811607927,17.510724233706,
    39.387761381141));
#6347 = CARTESIAN_POINT('',(45.730030661199,17.66221013767,
    39.323914795908));
#6348 = CARTESIAN_POINT('',(45.708402163339,17.809772223735,
    39.259385598001));
#6349 = CARTESIAN_POINT('',(45.682408469956,17.953556930033,
    39.194370144735));
#6350 = CARTESIAN_POINT('',(45.652456315926,18.09375,39.129011362838));
#6351 = PCURVE('',#3688,#6352);
#6352 = DEFINITIONAL_REPRESENTATION('',(#6353),#6391);
#6353 = B_SPLINE_CURVE_WITH_KNOTS('',8,(#6354,#6355,#6356,#6357,#6358,
    #6359,#6360,#6361,#6362,#6363,#6364,#6365,#6366,#6367,#6368,#6369,
    #6370,#6371,#6372,#6373,#6374,#6375,#6376,#6377,#6378,#6379,#6380,
    #6381,#6382,#6383,#6384,#6385,#6386,#6387,#6388,#6389,#6390),
  .UNSPECIFIED.,.F.,.F.,(9,7,7,7,7,9),(0.,0.489246456445,0.643749265016,
    0.76774558802,0.881909225768,1.),.UNSPECIFIED.);
#6354 = CARTESIAN_POINT('',(1.807327008468,13.753763643662));
#6355 = CARTESIAN_POINT('',(1.791150854087,14.253445091532));
#6356 = CARTESIAN_POINT('',(1.773303727666,14.73559904959));
#6357 = CARTESIAN_POINT('',(1.753586873995,15.208146931289));
#6358 = CARTESIAN_POINT('',(1.731618092983,15.675892524701));
#6359 = CARTESIAN_POINT('',(1.706951727769,16.138875777292));
#6360 = CARTESIAN_POINT('',(1.67914185171,16.591479063442));
#6361 = CARTESIAN_POINT('',(1.647777759749,17.021766345893));
#6362 = CARTESIAN_POINT('',(1.601373593038,17.533091502063));
#6363 = CARTESIAN_POINT('',(1.589780522686,17.652389176943));
#6364 = CARTESIAN_POINT('',(1.577680020462,17.767924755312));
#6365 = CARTESIAN_POINT('',(1.565023482545,17.87908294952));
#6366 = CARTESIAN_POINT('',(1.551765911936,17.984968359164));
#6367 = CARTESIAN_POINT('',(1.537866416651,18.08440023194));
#6368 = CARTESIAN_POINT('',(1.523288572146,18.175906173454));
#6369 = CARTESIAN_POINT('',(1.495731315154,18.323370373757));
#6370 = CARTESIAN_POINT('',(1.482914200743,18.38326417264));
#6371 = CARTESIAN_POINT('',(1.469627417539,18.435749017672));
#6372 = CARTESIAN_POINT('',(1.455945008792,18.47944701246));
#6373 = CARTESIAN_POINT('',(1.441937874187,18.513244486287));
#6374 = CARTESIAN_POINT('',(1.427674718431,18.53628787408));
#6375 = CARTESIAN_POINT('',(1.413223022436,18.54798053922));
#6376 = CARTESIAN_POINT('',(1.385232663308,18.54798053922));
#6377 = CARTESIAN_POINT('',(1.371898903693,18.538068838466));
#6378 = CARTESIAN_POINT('',(1.358708215279,18.518462467187));
#6379 = CARTESIAN_POINT('',(1.345720261198,18.489591521294));
#6380 = CARTESIAN_POINT('',(1.332995697379,18.452100678343));
#6381 = CARTESIAN_POINT('',(1.320596948359,18.406851420091));
#6382 = CARTESIAN_POINT('',(1.308588972207,18.354924961674));
#6383 = CARTESIAN_POINT('',(1.285093782182,18.238355771414));
#6384 = CARTESIAN_POINT('',(1.273568792739,18.172990157992));
#6385 = CARTESIAN_POINT('',(1.262452086079,18.102364875238));
#6386 = CARTESIAN_POINT('',(1.251729028169,18.02721497307));
#6387 = CARTESIAN_POINT('',(1.241383408732,17.948176267696));
#6388 = CARTESIAN_POINT('',(1.231397538855,17.865786886112));
#6389 = CARTESIAN_POINT('',(1.2217523486,17.780488810615));
#6390 = CARTESIAN_POINT('',(1.212427484613,17.692629423294));
#6391 = ( GEOMETRIC_REPRESENTATION_CONTEXT(2) 
PARAMETRIC_REPRESENTATION_CONTEXT() REPRESENTATION_CONTEXT('2D SPACE',''
  ) );
#6392 = PCURVE('',#6393,#6398);
#6393 = CYLINDRICAL_SURFACE('',#6394,6.5);
#6394 = AXIS2_PLACEMENT_3D('',#6395,#6396,#6397);
#6395 = CARTESIAN_POINT('',(38.458418186136,18.09375,39.033005667157));
#6396 = DIRECTION('',(0.416609256776,0.,0.909085654473));
#6397 = DIRECTION('',(0.909085654473,0.,-0.416609256776));
#6398 = DEFINITIONAL_REPRESENTATION('',(#6399),#6437);
#6399 = B_SPLINE_CURVE_WITH_KNOTS('',8,(#6400,#6401,#6402,#6403,#6404,
    #6405,#6406,#6407,#6408,#6409,#6410,#6411,#6412,#6413,#6414,#6415,
    #6416,#6417,#6418,#6419,#6420,#6421,#6422,#6423,#6424,#6425,#6426,
    #6427,#6428,#6429,#6430,#6431,#6432,#6433,#6434,#6435,#6436),
  .UNSPECIFIED.,.F.,.F.,(9,7,7,7,7,9),(0.,0.489246456445,0.643749265016,
    0.76774558802,0.881909225768,1.),.UNSPECIFIED.);
#6400 = CARTESIAN_POINT('',(4.841914162234,-6.E-07));
#6401 = CARTESIAN_POINT('',(4.9041597984,0.370746437184));
#6402 = CARTESIAN_POINT('',(4.965954858704,0.735407873986));
#6403 = CARTESIAN_POINT('',(5.028773259439,1.098458091077));
#6404 = CARTESIAN_POINT('',(5.093894776082,1.462933981423));
#6405 = CARTESIAN_POINT('',(5.162384404526,1.828490356776));
#6406 = CARTESIAN_POINT('',(5.235123828501,2.190240157255));
#6407 = CARTESIAN_POINT('',(5.312901763195,2.537733585487));
#6408 = CARTESIAN_POINT('',(5.422965403306,2.953908246882));
#6409 = CARTESIAN_POINT('',(5.45012464213,3.051277923727));
#6410 = CARTESIAN_POINT('',(5.478142702552,3.145825450627));
#6411 = CARTESIAN_POINT('',(5.507124412853,3.237016879335));
#6412 = CARTESIAN_POINT('',(5.537165479817,3.324083317854));
#6413 = CARTESIAN_POINT('',(5.568354615415,3.406013575515));
#6414 = CARTESIAN_POINT('',(5.600776373191,3.481548426931));
#6415 = CARTESIAN_POINT('',(5.661591404532,3.603451441885));
#6416 = CARTESIAN_POINT('',(5.689715675274,3.653033952871));
#6417 = CARTESIAN_POINT('',(5.718718140241,3.696540119732));
#6418 = CARTESIAN_POINT('',(5.748450906669,3.732801481155));
#6419 = CARTESIAN_POINT('',(5.778782980377,3.76086829247));
#6420 = CARTESIAN_POINT('',(5.809595673008,3.780011799931));
#6421 = CARTESIAN_POINT('',(5.840777991504,3.789725519395));
#6422 = CARTESIAN_POINT('',(5.901172574084,3.789725519395));
#6423 = CARTESIAN_POINT('',(5.9299427276,3.781491333473));
#6424 = CARTESIAN_POINT('',(5.958433202361,3.765203174814));
#6425 = CARTESIAN_POINT('',(5.986542784209,3.741226110409));
#6426 = CARTESIAN_POINT('',(6.014164632854,3.710110111821));
#6427 = CARTESIAN_POINT('',(6.041182621226,3.672589320213));
#6428 = CARTESIAN_POINT('',(6.067467694139,3.629580525627));
#6429 = CARTESIAN_POINT('',(6.11915476321,3.533150685399));
#6430 = CARTESIAN_POINT('',(6.144649081873,3.479135271574));
#6431 = CARTESIAN_POINT('',(6.16939353987,3.420847657661));
#6432 = CARTESIAN_POINT('',(6.193424536071,3.358915496968));
#6433 = CARTESIAN_POINT('',(6.216779267806,3.2938823845));
#6434 = CARTESIAN_POINT('',(6.239496468042,3.22620918397));
#6435 = CARTESIAN_POINT('',(6.261617142569,3.156275354806));
#6436 = CARTESIAN_POINT('',(6.28318530718,3.084380279161));
#6437 = ( GEOMETRIC_REPRESENTATION_CONTEXT(2) 
PARAMETRIC_REPRESENTATION_CONTEXT() REPRESENTATION_CONTEXT('2D SPACE',''
  ) );
#6438 = ORIENTED_EDGE('',*,*,#6439,.F.);
#6439 = EDGE_CURVE('',#6440,#6308,#6442,.T.);
#6440 = VERTEX_POINT('',#6441);
#6441 = CARTESIAN_POINT('',(38.98799996819,13.631615614788,
    38.790312724487));
#6442 = SURFACE_CURVE('',#6443,(#6448,#6460),.PCURVE_S1.);
#6443 = ELLIPSE('',#6444,23.482527356515,14.025);
#6444 = AXIS2_PLACEMENT_3D('',#6445,#6446,#6447);
#6445 = CARTESIAN_POINT('',(59.204283141428,8.149065719454,
    29.525739396184));
#6446 = DIRECTION('',(0.416609256776,0.,0.909085654473));
#6447 = DIRECTION('',(0.83339192658,-0.399492602967,-0.381920877782));
#6448 = PCURVE('',#3688,#6449);
#6449 = DEFINITIONAL_REPRESENTATION('',(#6450),#6459);
#6450 = B_SPLINE_CURVE_WITH_KNOTS('',7,(#6451,#6452,#6453,#6454,#6455,
    #6456,#6457,#6458),.UNSPECIFIED.,.F.,.F.,(8,8),(2.566720155234,
    3.636769964223),.PIECEWISE_BEZIER_KNOTS.);
#6451 = CARTESIAN_POINT('',(0.823777538762,15.230100520551));
#6452 = CARTESIAN_POINT('',(0.976641797189,13.664663850152));
#6453 = CARTESIAN_POINT('',(1.129506055616,12.530155769078));
#6454 = CARTESIAN_POINT('',(1.282370314043,11.88631427273));
#6455 = CARTESIAN_POINT('',(1.43523457247,11.768255012601));
#6456 = CARTESIAN_POINT('',(1.588098830897,12.180579118201));
#6457 = CARTESIAN_POINT('',(1.740963089324,13.096896403265));
#6458 = CARTESIAN_POINT('',(1.893827347751,14.46500048598));
#6459 = ( GEOMETRIC_REPRESENTATION_CONTEXT(2) 
PARAMETRIC_REPRESENTATION_CONTEXT() REPRESENTATION_CONTEXT('2D SPACE',''
  ) );
#6460 = PCURVE('',#6461,#6466);
#6461 = PLANE('',#6462);
#6462 = AXIS2_PLACEMENT_3D('',#6463,#6464,#6465);
#6463 = CARTESIAN_POINT('',(38.458418186136,18.09375,39.033005667157));
#6464 = DIRECTION('',(0.416609256776,0.,0.909085654473));
#6465 = DIRECTION('',(0.909085654473,0.,-0.416609256776));
#6466 = DEFINITIONAL_REPRESENTATION('',(#6467),#6471);
#6467 = ELLIPSE('',#6468,23.482527356515,14.025);
#6468 = AXIS2_PLACEMENT_2D('',#6469,#6470);
#6469 = CARTESIAN_POINT('',(22.820583355611,-9.944684280546));
#6470 = DIRECTION('',(0.916736418047,-0.399492602967));
#6471 = ( GEOMETRIC_REPRESENTATION_CONTEXT(2) 
PARAMETRIC_REPRESENTATION_CONTEXT() REPRESENTATION_CONTEXT('2D SPACE',''
  ) );
#6472 = ORIENTED_EDGE('',*,*,#6473,.F.);
#6473 = EDGE_CURVE('',#6474,#6440,#6476,.T.);
#6474 = VERTEX_POINT('',#6475);
#6475 = CARTESIAN_POINT('',(41.790155154405,20.704932594999,
    37.506161133538));
#6476 = SURFACE_CURVE('',#6477,(#6550,#6626),.PCURVE_S1.);
#6477 = B_SPLINE_CURVE_WITH_KNOTS('',8,(#6478,#6479,#6480,#6481,#6482,
    #6483,#6484,#6485,#6486,#6487,#6488,#6489,#6490,#6491,#6492,#6493,
    #6494,#6495,#6496,#6497,#6498,#6499,#6500,#6501,#6502,#6503,#6504,
    #6505,#6506,#6507,#6508,#6509,#6510,#6511,#6512,#6513,#6514,#6515,
    #6516,#6517,#6518,#6519,#6520,#6521,#6522,#6523,#6524,#6525,#6526,
    #6527,#6528,#6529,#6530,#6531,#6532,#6533,#6534,#6535,#6536,#6537,
    #6538,#6539,#6540,#6541,#6542,#6543,#6544,#6545,#6546,#6547,#6548,
    #6549),.UNSPECIFIED.,.F.,.F.,(9,7,7,7,7,7,7,7,7,7,9),(0.,
    6.800876260771E-02,0.303374327938,0.372931143306,0.4526767386,
    0.500217577987,0.566296901591,0.614836569478,0.685797583196,
    0.932359484671,1.),.UNSPECIFIED.);
#6478 = CARTESIAN_POINT('',(41.790155789395,20.704932000553,
    37.506161502543));
#6479 = CARTESIAN_POINT('',(41.678387881064,20.809563519784,
    37.441210971079));
#6480 = CARTESIAN_POINT('',(41.56405028578,20.910941191297,
    37.377442650641));
#6481 = CARTESIAN_POINT('',(41.447273118862,21.009134622204,
    37.314920040471));
#6482 = CARTESIAN_POINT('',(41.328155188405,21.104207139749,
    37.253697497733));
#6483 = CARTESIAN_POINT('',(41.206767549665,21.196213421825,
    37.193822968792));
#6484 = CARTESIAN_POINT('',(41.083157059439,21.28519712748,
    37.135340720493));
#6485 = CARTESIAN_POINT('',(40.957349930452,21.371188527423,
    37.078294071442));
#6486 = CARTESIAN_POINT('',(40.386389838972,21.741496651,36.830424803839
    ));
#6487 = CARTESIAN_POINT('',(39.91875976385,21.992129503957,
    36.656521999325));
#6488 = CARTESIAN_POINT('',(39.427169967463,22.207123418072,
    36.502671797529));
#6489 = CARTESIAN_POINT('',(38.910779994908,22.38463809701,
    36.371062090864));
#6490 = CARTESIAN_POINT('',(38.368836909959,22.51990802454,
    36.264947228529));
#6491 = CARTESIAN_POINT('',(37.801717422278,22.604762528888,
    36.188467531612));
#6492 = CARTESIAN_POINT('',(37.211307019138,22.626994129763,
    36.14590007092));
#6493 = CARTESIAN_POINT('',(36.425041989088,22.550648892739,
    36.137969444923));
#6494 = CARTESIAN_POINT('',(36.244090630396,22.52613019517,
    36.139341952817));
#6495 = CARTESIAN_POINT('',(36.061744294813,22.494011498473,
    36.14397096168));
#6496 = CARTESIAN_POINT('',(35.878248211623,22.453749784562,
    36.151916821399));
#6497 = CARTESIAN_POINT('',(35.693907910715,22.404755516331,
    36.16321836544));
#6498 = CARTESIAN_POINT('',(35.509103641273,22.346392728699,
    36.177885934028));
#6499 = CARTESIAN_POINT('',(35.324305176115,22.277979368338,
    36.195894374081));
#6500 = CARTESIAN_POINT('',(34.928884290521,22.107996315799,
    36.241575022503));
#6501 = CARTESIAN_POINT('',(34.717773189984,22.002748987973,
    36.270354163408));
#6502 = CARTESIAN_POINT('',(34.508370485014,21.882110487612,
    36.303373561373));
#6503 = CARTESIAN_POINT('',(34.302366715612,21.745261655474,
    36.340349593533));
#6504 = CARTESIAN_POINT('',(34.101550476447,21.591524092772,
    36.380860428235));
#6505 = CARTESIAN_POINT('',(33.907829778147,21.42039119093,
    36.424368417493));
#6506 = CARTESIAN_POINT('',(33.723250470247,21.231565682399,
    36.470259345098));
#6507 = CARTESIAN_POINT('',(33.446734356118,20.901860491927,
    36.546298930994));
#6508 = CARTESIAN_POINT('',(33.347624451298,20.77257708376,
    36.575282983448));
#6509 = CARTESIAN_POINT('',(33.253381278995,20.637473465159,
    36.604644389855));
#6510 = CARTESIAN_POINT('',(33.164635744505,20.496955747487,
    36.634174360102));
#6511 = CARTESIAN_POINT('',(33.081943140886,20.351509318403,
    36.663674166853));
#6512 = CARTESIAN_POINT('',(33.005776258123,20.201690910578,
    36.692964568383));
#6513 = CARTESIAN_POINT('',(32.936518851313,20.04811959707,
    36.721892099216));
#6514 = CARTESIAN_POINT('',(32.78820011419,19.673727255442,
    36.789862546813));
#6515 = CARTESIAN_POINT('',(32.716154942983,19.450812171908,
    36.828310329401));
#6516 = CARTESIAN_POINT('',(32.658861863536,19.224439069025,
    36.865379858382));
#6517 = CARTESIAN_POINT('',(32.616533411549,18.996441064876,
    36.900892891332));
#6518 = CARTESIAN_POINT('',(32.589045977286,18.768695150638,
    36.934787817442));
#6519 = CARTESIAN_POINT('',(32.575934587878,18.543063394027,
    36.96710087847));
#6520 = CARTESIAN_POINT('',(32.576393243815,18.321346984932,
    36.99792945454));
#6521 = CARTESIAN_POINT('',(32.598747585748,17.946517777453,
    37.049008904561));
#6522 = CARTESIAN_POINT('',(32.614938762227,17.790516589717,
    37.069936278276));
#6523 = CARTESIAN_POINT('',(32.637471159107,17.6375278849,
    37.090254241734));
#6524 = CARTESIAN_POINT('',(32.665960125592,17.487793390617,
    37.11005813234));
#6525 = CARTESIAN_POINT('',(32.700019643954,17.341521008757,
    37.129440832263));
#6526 = CARTESIAN_POINT('',(32.739262433454,17.198887587019,
    37.148489681573));
#6527 = CARTESIAN_POINT('',(32.783300054264,17.060041690453,
    37.167283391379));
#6528 = CARTESIAN_POINT('',(32.902562641902,16.727842004923,
    37.213088768003));
#6529 = CARTESIAN_POINT('',(32.982829421773,16.538845182478,
    37.239899259738));
#6530 = CARTESIAN_POINT('',(33.07148564442,16.358113429097,
    37.266586716095));
#6531 = CARTESIAN_POINT('',(33.16758728946,16.18556732529,
    37.293372080246));
#6532 = CARTESIAN_POINT('',(33.270293406438,16.021067570634,
    37.320433607921));
#6533 = CARTESIAN_POINT('',(33.378855332435,15.86443145963,
    37.34791053578));
#6534 = CARTESIAN_POINT('',(33.492605743555,15.715448771428,
    37.375907764852));
#6535 = CARTESIAN_POINT('',(34.022139219997,15.082060021107,
    37.503853863775));
#6536 = CARTESIAN_POINT('',(34.490287977293,14.678107302096,
    37.610776680998));
#6537 = CARTESIAN_POINT('',(34.992675023233,14.351921949355,
    37.728944154087));
#6538 = CARTESIAN_POINT('',(35.516734595938,14.093415656764,
    37.857925099219));
#6539 = CARTESIAN_POINT('',(36.054671698913,13.894639727802,
    37.995993444758));
#6540 = CARTESIAN_POINT('',(36.602862824562,13.749769728047,
    38.141381404999));
#6541 = CARTESIAN_POINT('',(37.160501118821,13.65572555624,
    38.292575477107));
#6542 = CARTESIAN_POINT('',(37.883577008183,13.601794630467,
    38.48989060342));
#6543 = CARTESIAN_POINT('',(38.039785278842,13.594091362015,
    38.532590695375));
#6544 = CARTESIAN_POINT('',(38.196537912658,13.590297437359,
    38.575465825324));
#6545 = CARTESIAN_POINT('',(38.353830621577,13.590437723651,
    38.618463184969));
#6546 = CARTESIAN_POINT('',(38.51165276965,13.594559346058,
    38.661522578535));
#6547 = CARTESIAN_POINT('',(38.669982925663,13.602731609544,
    38.704574173986));
#6548 = CARTESIAN_POINT('',(38.828784415767,13.615045920649,
    38.747536254246));
#6549 = CARTESIAN_POINT('',(38.988000876107,13.631615709275,
    38.790312968417));
#6550 = PCURVE('',#3688,#6551);
#6551 = DEFINITIONAL_REPRESENTATION('',(#6552),#6625);
#6552 = B_SPLINE_CURVE_WITH_KNOTS('',8,(#6553,#6554,#6555,#6556,#6557,
    #6558,#6559,#6560,#6561,#6562,#6563,#6564,#6565,#6566,#6567,#6568,
    #6569,#6570,#6571,#6572,#6573,#6574,#6575,#6576,#6577,#6578,#6579,
    #6580,#6581,#6582,#6583,#6584,#6585,#6586,#6587,#6588,#6589,#6590,
    #6591,#6592,#6593,#6594,#6595,#6596,#6597,#6598,#6599,#6600,#6601,
    #6602,#6603,#6604,#6605,#6606,#6607,#6608,#6609,#6610,#6611,#6612,
    #6613,#6614,#6615,#6616,#6617,#6618,#6619,#6620,#6621,#6622,#6623,
    #6624),.UNSPECIFIED.,.F.,.F.,(9,7,7,7,7,7,7,7,7,7,9),(0.,
    6.800876260771E-02,0.303374327938,0.372931143306,0.4526767386,
    0.500217577987,0.566296901591,0.614836569478,0.685797583196,
    0.932359484671,1.),.UNSPECIFIED.);
#6553 = CARTESIAN_POINT('',(1.119985879158,12.929271396884));
#6554 = CARTESIAN_POINT('',(1.115080920524,12.777857902599));
#6555 = CARTESIAN_POINT('',(1.110473117912,12.625409703623));
#6556 = CARTESIAN_POINT('',(1.106156507302,12.472038870558));
#6557 = CARTESIAN_POINT('',(1.102126176839,12.317828606433));
#6558 = CARTESIAN_POINT('',(1.098378369254,12.162837912475));
#6559 = CARTESIAN_POINT('',(1.094910584272,12.007106253885));
#6560 = CARTESIAN_POINT('',(1.091721681026,11.850658225608));
#6561 = CARTESIAN_POINT('',(1.078742052861,11.149641531812));
#6562 = CARTESIAN_POINT('',(1.072051110033,10.599252412155));
#6563 = CARTESIAN_POINT('',(1.068712268789,10.043050674753));
#6564 = CARTESIAN_POINT('',(1.068927856068,9.481372800586));
#6565 = CARTESIAN_POINT('',(1.07309493111,8.915825187959));
#6566 = CARTESIAN_POINT('',(1.081803981313,8.350351108509));
#6567 = CARTESIAN_POINT('',(1.095821237737,7.791603564396));
#6568 = CARTESIAN_POINT('',(1.122120138718,7.092990865593));
#6569 = CARTESIAN_POINT('',(1.12867309269,6.935194945799));
#6570 = CARTESIAN_POINT('',(1.135805704471,6.779325233366));
#6571 = CARTESIAN_POINT('',(1.143545017422,6.625794935325));
#6572 = CARTESIAN_POINT('',(1.151918800551,6.475082383039));
#6573 = CARTESIAN_POINT('',(1.160955133118,6.327742577569));
#6574 = CARTESIAN_POINT('',(1.170682061649,6.184419003589));
#6575 = CARTESIAN_POINT('',(1.193102634537,5.886995474685));
#6576 = CARTESIAN_POINT('',(1.206060202939,5.733887583861));
#6577 = CARTESIAN_POINT('',(1.220010351017,5.58828164783));
#6578 = CARTESIAN_POINT('',(1.234952206863,5.451923662871));
#6579 = CARTESIAN_POINT('',(1.250872708551,5.326571759073));
#6580 = CARTESIAN_POINT('',(1.267745368252,5.214011150289));
#6581 = CARTESIAN_POINT('',(1.285528802121,5.116068288085));
#6582 = CARTESIAN_POINT('',(1.315275128287,4.986070824812));
#6583 = CARTESIAN_POINT('',(1.326673569907,4.943445534149));
#6584 = CARTESIAN_POINT('',(1.3383195641,4.907238405759));
#6585 = CARTESIAN_POINT('',(1.350169121828,4.877848604257));
#6586 = CARTESIAN_POINT('',(1.362175769745,4.855582919193));
#6587 = CARTESIAN_POINT('',(1.374291221864,4.8406542155));
#6588 = CARTESIAN_POINT('',(1.386466004874,4.833179816009));
#6589 = CARTESIAN_POINT('',(1.415585215793,4.833179816009));
#6590 = CARTESIAN_POINT('',(1.432477786042,4.847619893789));
#6591 = CARTESIAN_POINT('',(1.449205402636,4.876373122022));
#6592 = CARTESIAN_POINT('',(1.465647943608,4.919004912837));
#6593 = CARTESIAN_POINT('',(1.481691088853,4.974785891738));
#6594 = CARTESIAN_POINT('',(1.497229235793,5.042701507212));
#6595 = CARTESIAN_POINT('',(1.512167752123,5.12145837603));
#6596 = CARTESIAN_POINT('',(1.536897145456,5.274150523868));
#6597 = CARTESIAN_POINT('',(1.547021661172,5.343938929904));
#6598 = CARTESIAN_POINT('',(1.556790785684,5.418434343426));
#6599 = CARTESIAN_POINT('',(1.566199177724,5.497229052145));
#6600 = CARTESIAN_POINT('',(1.575243351024,5.579924347223));
#6601 = CARTESIAN_POINT('',(1.583921543509,5.666129000091));
#6602 = CARTESIAN_POINT('',(1.592233586482,5.755457739283));
#6603 = CARTESIAN_POINT('',(1.611798909958,5.98213142286));
#6604 = CARTESIAN_POINT('',(1.622642598104,6.122657309074));
#6605 = CARTESIAN_POINT('',(1.632738213597,6.268201014227));
#6606 = CARTESIAN_POINT('',(1.642113468025,6.417974369314));
#6607 = CARTESIAN_POINT('',(1.650796979657,6.571292831225));
#6608 = CARTESIAN_POINT('',(1.658817762736,6.727561181607));
#6609 = CARTESIAN_POINT('',(1.666204635619,6.886259501339));
#6610 = CARTESIAN_POINT('',(1.696546578128,7.605194850288));
#6611 = CARTESIAN_POINT('',(1.712879687504,8.189335942968));
#6612 = CARTESIAN_POINT('',(1.723156088138,8.782625033204));
#6613 = CARTESIAN_POINT('',(1.728303941502,9.37666663646));
#6614 = CARTESIAN_POINT('',(1.729043666099,9.966449257159));
#6615 = CARTESIAN_POINT('',(1.725859632626,10.550097164876));
#6616 = CARTESIAN_POINT('',(1.718995358559,11.127499040241));
#6617 = CARTESIAN_POINT('',(1.705495748233,11.854708725403));
#6618 = CARTESIAN_POINT('',(1.702312465935,12.010562561831));
#6619 = CARTESIAN_POINT('',(1.698852346477,12.16570452297));
#6620 = CARTESIAN_POINT('',(1.69511424069,12.320110211651));
#6621 = CARTESIAN_POINT('',(1.691095659713,12.473740528216));
#6622 = CARTESIAN_POINT('',(1.686792875628,12.62653708412));
#6623 = CARTESIAN_POINT('',(1.682201022112,12.778417615522));
#6624 = CARTESIAN_POINT('',(1.677314195076,12.929271396884));
#6625 = ( GEOMETRIC_REPRESENTATION_CONTEXT(2) 
PARAMETRIC_REPRESENTATION_CONTEXT() REPRESENTATION_CONTEXT('2D SPACE',''
  ) );
#6626 = PCURVE('',#6627,#6632);
#6627 = CYLINDRICAL_SURFACE('',#6628,4.5);
#6628 = AXIS2_PLACEMENT_3D('',#6629,#6630,#6631);
#6629 = CARTESIAN_POINT('',(27.4029,18.09375,14.908690562972));
#6630 = DIRECTION('',(0.416609256776,0.,0.909085654473));
#6631 = DIRECTION('',(0.909085654473,0.,-0.416609256776));
#6632 = DEFINITIONAL_REPRESENTATION('',(#6633),#6706);
#6633 = B_SPLINE_CURVE_WITH_KNOTS('',8,(#6634,#6635,#6636,#6637,#6638,
    #6639,#6640,#6641,#6642,#6643,#6644,#6645,#6646,#6647,#6648,#6649,
    #6650,#6651,#6652,#6653,#6654,#6655,#6656,#6657,#6658,#6659,#6660,
    #6661,#6662,#6663,#6664,#6665,#6666,#6667,#6668,#6669,#6670,#6671,
    #6672,#6673,#6674,#6675,#6676,#6677,#6678,#6679,#6680,#6681,#6682,
    #6683,#6684,#6685,#6686,#6687,#6688,#6689,#6690,#6691,#6692,#6693,
    #6694,#6695,#6696,#6697,#6698,#6699,#6700,#6701,#6702,#6703,#6704,
    #6705),.UNSPECIFIED.,.F.,.F.,(9,7,7,7,7,7,7,7,7,7,9),(0.,
    6.800876260771E-02,0.303374327938,0.372931143306,0.4526767386,
    0.500217577987,0.566296901591,0.614836569478,0.685797583196,
    0.932359484671,1.),.UNSPECIFIED.);
#6634 = CARTESIAN_POINT('',(0.619051169974,26.5369006));
#6635 = CARTESIAN_POINT('',(0.647600543185,26.431291458374));
#6636 = CARTESIAN_POINT('',(0.675925769411,26.325686492461));
#6637 = CARTESIAN_POINT('',(0.704063029273,26.220197635758));
#6638 = CARTESIAN_POINT('',(0.732048274544,26.114915467948));
#6639 = CARTESIAN_POINT('',(0.759917366896,26.009913178662));
#6640 = CARTESIAN_POINT('',(0.78770621666,25.905250531229));
#6641 = CARTESIAN_POINT('',(0.815450921577,25.800977826436));
#6642 = CARTESIAN_POINT('',(0.939180402147,25.337776171714));
#6643 = CARTESIAN_POINT('',(1.034747784039,24.984864608815));
#6644 = CARTESIAN_POINT('',(1.131394472516,24.640200737713));
#6645 = CARTESIAN_POINT('',(1.230434286229,24.305423398723));
#6646 = CARTESIAN_POINT('',(1.333126416035,23.983177393811));
#6647 = CARTESIAN_POINT('',(1.440803122223,23.67738357022));
#6648 = CARTESIAN_POINT('',(1.554951626817,23.392715663112));
#6649 = CARTESIAN_POINT('',(1.713965555614,23.057940754989));
#6650 = CARTESIAN_POINT('',(1.751020203088,22.983802471169));
#6651 = CARTESIAN_POINT('',(1.788907670371,22.912043465378));
#6652 = CARTESIAN_POINT('',(1.827683145232,22.842820765622));
#6653 = CARTESIAN_POINT('',(1.867404926932,22.776296961428));
#6654 = CARTESIAN_POINT('',(1.908134905261,22.712639868276));
#6655 = CARTESIAN_POINT('',(1.949940248857,22.652022331565));
#6656 = CARTESIAN_POINT('',(2.042144619786,22.528813952471));
#6657 = CARTESIAN_POINT('',(2.093062008522,22.467025817924));
#6658 = CARTESIAN_POINT('',(2.145605918698,22.409804173649));
#6659 = CARTESIAN_POINT('',(2.199749176212,22.357595476781));
#6660 = CARTESIAN_POINT('',(2.255476972517,22.310761391313));
#6661 = CARTESIAN_POINT('',(2.312785149897,22.269608044061));
#6662 = CARTESIAN_POINT('',(2.371679782641,22.234429379737));
#6663 = CARTESIAN_POINT('',(2.468244480109,22.188356703653));
#6664 = CARTESIAN_POINT('',(2.504832994187,22.173415586162));
#6665 = CARTESIAN_POINT('',(2.541856647726,22.160845041552));
#6666 = CARTESIAN_POINT('',(2.579231583909,22.150718102714));
#6667 = CARTESIAN_POINT('',(2.61687637498,22.143085449707));
#6668 = CARTESIAN_POINT('',(2.654711046563,22.137981105133));
#6669 = CARTESIAN_POINT('',(2.692655789077,22.135425431655));
#6670 = CARTESIAN_POINT('',(2.783410663108,22.135425431655));
#6671 = CARTESIAN_POINT('',(2.836059177989,22.140363074021));
#6672 = CARTESIAN_POINT('',(2.888394571531,22.150193623789));
#6673 = CARTESIAN_POINT('',(2.940239230485,22.164843587668));
#6674 = CARTESIAN_POINT('',(2.991414858665,22.184205459195));
#6675 = CARTESIAN_POINT('',(3.041738128928,22.208118473231));
#6676 = CARTESIAN_POINT('',(3.091015386148,22.236335369793));
#6677 = CARTESIAN_POINT('',(3.174311037733,22.292083990824));
#6678 = CARTESIAN_POINT('',(3.208974463035,22.317854160053));
#6679 = CARTESIAN_POINT('',(3.243031877692,22.345712134278));
#6680 = CARTESIAN_POINT('',(3.276486975705,22.375584334284));
#6681 = CARTESIAN_POINT('',(3.309341897477,22.40739437936));
#6682 = CARTESIAN_POINT('',(3.341597182797,22.44106032437));
#6683 = CARTESIAN_POINT('',(3.373251723822,22.476491896825));
#6684 = CARTESIAN_POINT('',(3.449696725156,22.567818805609));
#6685 = CARTESIAN_POINT('',(3.493821553588,22.625631722539));
#6686 = CARTESIAN_POINT('',(3.536758272057,22.686827909294));
#6687 = CARTESIAN_POINT('',(3.578578351813,22.751214934509));
#6688 = CARTESIAN_POINT('',(3.619347172015,22.818604500166));
#6689 = CARTESIAN_POINT('',(3.659125986066,22.888811284416));
#6690 = CARTESIAN_POINT('',(3.697972348924,22.961652637965));
#6691 = CARTESIAN_POINT('',(3.867858358264,23.2985751491));
#6692 = CARTESIAN_POINT('',(3.989648786699,23.590812254213));
#6693 = CARTESIAN_POINT('',(4.103901905226,23.90753570264));
#6694 = CARTESIAN_POINT('',(4.212354201044,24.243118498662));
#6695 = CARTESIAN_POINT('',(4.3165607686,24.59274402758));
#6696 = CARTESIAN_POINT('',(4.417981045825,24.953295634002));
#6697 = CARTESIAN_POINT('',(4.518157793667,25.323061271316));
#6698 = CARTESIAN_POINT('',(4.646526161057,25.803677730917));
#6699 = CARTESIAN_POINT('',(4.674169284401,25.9075735835));
#6700 = CARTESIAN_POINT('',(4.701856829577,26.011855347342));
#6701 = CARTESIAN_POINT('',(4.729624516958,26.116473228735));
#6702 = CARTESIAN_POINT('',(4.757507883658,26.221368073527));
#6703 = CARTESIAN_POINT('',(4.785542419751,26.326467469976));
#6704 = CARTESIAN_POINT('',(4.813763704484,26.431681851593));
#6705 = CARTESIAN_POINT('',(4.842207542496,26.5369006));
#6706 = ( GEOMETRIC_REPRESENTATION_CONTEXT(2) 
PARAMETRIC_REPRESENTATION_CONTEXT() REPRESENTATION_CONTEXT('2D SPACE',''
  ) );
#6707 = ORIENTED_EDGE('',*,*,#6708,.F.);
#6708 = EDGE_CURVE('',#6709,#6474,#6711,.T.);
#6709 = VERTEX_POINT('',#6710);
#6710 = CARTESIAN_POINT('',(43.269921891178,21.86700973244,
    36.828024241404));
#6711 = SURFACE_CURVE('',#6712,(#6717,#6729),.PCURVE_S1.);
#6712 = ELLIPSE('',#6713,23.482527356515,14.025);
#6713 = AXIS2_PLACEMENT_3D('',#6714,#6715,#6716);
#6714 = CARTESIAN_POINT('',(59.204283141428,8.149065719454,
    29.525739396184));
#6715 = DIRECTION('',(0.416609256776,0.,0.909085654473));
#6716 = DIRECTION('',(0.83339192658,-0.399492602967,-0.381920877782));
#6717 = PCURVE('',#3688,#6718);
#6718 = DEFINITIONAL_REPRESENTATION('',(#6719),#6728);
#6719 = B_SPLINE_CURVE_WITH_KNOTS('',7,(#6720,#6721,#6722,#6723,#6724,
    #6725,#6726,#6727),.UNSPECIFIED.,.F.,.F.,(8,8),(2.566720155234,
    3.636769964223),.PIECEWISE_BEZIER_KNOTS.);
#6720 = CARTESIAN_POINT('',(0.823777538762,15.230100520551));
#6721 = CARTESIAN_POINT('',(0.976641797189,13.664663850152));
#6722 = CARTESIAN_POINT('',(1.129506055616,12.530155769078));
#6723 = CARTESIAN_POINT('',(1.282370314043,11.88631427273));
#6724 = CARTESIAN_POINT('',(1.43523457247,11.768255012601));
#6725 = CARTESIAN_POINT('',(1.588098830897,12.180579118201));
#6726 = CARTESIAN_POINT('',(1.740963089324,13.096896403265));
#6727 = CARTESIAN_POINT('',(1.893827347751,14.46500048598));
#6728 = ( GEOMETRIC_REPRESENTATION_CONTEXT(2) 
PARAMETRIC_REPRESENTATION_CONTEXT() REPRESENTATION_CONTEXT('2D SPACE',''
  ) );
#6729 = PCURVE('',#6461,#6730);
#6730 = DEFINITIONAL_REPRESENTATION('',(#6731),#6735);
#6731 = ELLIPSE('',#6732,23.482527356515,14.025);
#6732 = AXIS2_PLACEMENT_2D('',#6733,#6734);
#6733 = CARTESIAN_POINT('',(22.820583355611,-9.944684280546));
#6734 = DIRECTION('',(0.916736418047,-0.399492602967));
#6735 = ( GEOMETRIC_REPRESENTATION_CONTEXT(2) 
PARAMETRIC_REPRESENTATION_CONTEXT() REPRESENTATION_CONTEXT('2D SPACE',''
  ) );
#6736 = ORIENTED_EDGE('',*,*,#6737,.F.);
#6737 = EDGE_CURVE('',#6310,#6709,#6738,.T.);
#6738 = SURFACE_CURVE('',#6739,(#6754,#6772),.PCURVE_S1.);
#6739 = B_SPLINE_CURVE_WITH_KNOTS('',7,(#6740,#6741,#6742,#6743,#6744,
    #6745,#6746,#6747,#6748,#6749,#6750,#6751,#6752,#6753),
  .UNSPECIFIED.,.F.,.F.,(8,6,8),(0.,0.655881907622,1.),.UNSPECIFIED.);
#6740 = CARTESIAN_POINT('',(45.652456315926,18.09375,39.129011362838));
#6741 = CARTESIAN_POINT('',(45.550694444596,18.570053277981,
    38.906956149486));
#6742 = CARTESIAN_POINT('',(45.400679841293,19.011562734738,
    38.677347478735));
#6743 = CARTESIAN_POINT('',(45.217884131721,19.418832702856,
    38.448247920301));
#6744 = CARTESIAN_POINT('',(45.012662851273,19.795142950575,
    38.223886844439));
#6745 = CARTESIAN_POINT('',(44.79061573024,20.145532519342,
    38.005260005961));
#6746 = CARTESIAN_POINT('',(44.552602082463,20.476472498117,
    37.790834740671));
#6747 = CARTESIAN_POINT('',(44.160087797337,20.961479670121,
    37.466139462474));
#6748 = CARTESIAN_POINT('',(44.020794506587,21.123455162133,
    37.355740698274));
#6749 = CARTESIAN_POINT('',(43.877626447504,21.280719390838,
    37.246837862004));
#6750 = CARTESIAN_POINT('',(43.730832804432,21.433493012949,
    37.139545094112));
#6751 = CARTESIAN_POINT('',(43.580574316701,21.581995707753,
    37.033941918737));
#6752 = CARTESIAN_POINT('',(43.426932904652,21.726437530467,
    36.930085659334));
#6753 = CARTESIAN_POINT('',(43.269921295668,21.867010265601,
    36.828023854306));
#6754 = PCURVE('',#3688,#6755);
#6755 = DEFINITIONAL_REPRESENTATION('',(#6756),#6771);
#6756 = B_SPLINE_CURVE_WITH_KNOTS('',7,(#6757,#6758,#6759,#6760,#6761,
    #6762,#6763,#6764,#6765,#6766,#6767,#6768,#6769,#6770),
  .UNSPECIFIED.,.F.,.F.,(8,6,8),(0.,0.655881907622,1.),.UNSPECIFIED.);
#6757 = CARTESIAN_POINT('',(1.212427484613,17.692629423294));
#6758 = CARTESIAN_POINT('',(1.180746437293,17.394128832702));
#6759 = CARTESIAN_POINT('',(1.152339322297,17.060729677151));
#6760 = CARTESIAN_POINT('',(1.12688909552,16.708353490662));
#6761 = CARTESIAN_POINT('',(1.104008816753,16.346448766123));
#6762 = CARTESIAN_POINT('',(1.083266659712,15.978772878911));
#6763 = CARTESIAN_POINT('',(1.064210777969,15.603677922532));
#6764 = CARTESIAN_POINT('',(1.037159111897,15.011409085363));
#6765 = CARTESIAN_POINT('',(1.028289255462,14.805619677707));
#6766 = CARTESIAN_POINT('',(1.019841146894,14.598139697743));
#6767 = CARTESIAN_POINT('',(1.011798659733,14.389154016532));
#6768 = CARTESIAN_POINT('',(1.004147421111,14.178758501157));
#6769 = CARTESIAN_POINT('',(0.996875328385,13.966974552607));
#6770 = CARTESIAN_POINT('',(0.989973065766,13.753763643662));
#6771 = ( GEOMETRIC_REPRESENTATION_CONTEXT(2) 
PARAMETRIC_REPRESENTATION_CONTEXT() REPRESENTATION_CONTEXT('2D SPACE',''
  ) );
#6772 = PCURVE('',#6393,#6773);
#6773 = DEFINITIONAL_REPRESENTATION('',(#6774),#6789);
#6774 = B_SPLINE_CURVE_WITH_KNOTS('',7,(#6775,#6776,#6777,#6778,#6779,
    #6780,#6781,#6782,#6783,#6784,#6785,#6786,#6787,#6788),
  .UNSPECIFIED.,.F.,.F.,(8,6,8),(0.,0.655881907622,1.),.UNSPECIFIED.);
#6775 = CARTESIAN_POINT('',(0.,3.084380279161));
#6776 = CARTESIAN_POINT('',(7.327742738168E-02,2.840118132618));
#6777 = CARTESIAN_POINT('',(0.141202000553,2.568886711508));
#6778 = CARTESIAN_POINT('',(0.204501316477,2.284461204783));
#6779 = CARTESIAN_POINT('',(0.263901702223,1.995000684173));
#6780 = CARTESIAN_POINT('',(0.32026996586,1.703743275567));
#6781 = CARTESIAN_POINT('',(0.374701778241,1.409653654032));
#6782 = CARTESIAN_POINT('',(0.45673509882,0.950952749948));
#6783 = CARTESIAN_POINT('',(0.484556080603,0.79255994281));
#6784 = CARTESIAN_POINT('',(0.512019504755,0.633912797936));
#6785 = CARTESIAN_POINT('',(0.539176837054,0.475218891277));
#6786 = CARTESIAN_POINT('',(0.566080626234,0.316617482579));
#6787 = CARTESIAN_POINT('',(0.592784731533,0.158194812545));
#6788 = CARTESIAN_POINT('',(0.619344550237,-6.E-07));
#6789 = ( GEOMETRIC_REPRESENTATION_CONTEXT(2) 
PARAMETRIC_REPRESENTATION_CONTEXT() REPRESENTATION_CONTEXT('2D SPACE',''
  ) );
#6790 = ADVANCED_FACE('',(#6791),#6627,.F.);
#6791 = FACE_BOUND('',#6792,.F.);
#6792 = EDGE_LOOP('',(#6793,#6815));
#6793 = ORIENTED_EDGE('',*,*,#6794,.F.);
#6794 = EDGE_CURVE('',#6474,#6440,#6795,.T.);
#6795 = SURFACE_CURVE('',#6796,(#6801,#6808),.PCURVE_S1.);
#6796 = CIRCLE('',#6797,4.5);
#6797 = AXIS2_PLACEMENT_3D('',#6798,#6799,#6800);
#6798 = CARTESIAN_POINT('',(38.458418186136,18.09375,39.033005667157));
#6799 = DIRECTION('',(0.416609256776,0.,0.909085654473));
#6800 = DIRECTION('',(0.909085654473,0.,-0.416609256776));
#6801 = PCURVE('',#6627,#6802);
#6802 = DEFINITIONAL_REPRESENTATION('',(#6803),#6807);
#6803 = LINE('',#6804,#6805);
#6804 = CARTESIAN_POINT('',(0.,26.5369));
#6805 = VECTOR('',#6806,1.);
#6806 = DIRECTION('',(1.,0.));
#6807 = ( GEOMETRIC_REPRESENTATION_CONTEXT(2) 
PARAMETRIC_REPRESENTATION_CONTEXT() REPRESENTATION_CONTEXT('2D SPACE',''
  ) );
#6808 = PCURVE('',#6461,#6809);
#6809 = DEFINITIONAL_REPRESENTATION('',(#6810),#6814);
#6810 = CIRCLE('',#6811,4.5);
#6811 = AXIS2_PLACEMENT_2D('',#6812,#6813);
#6812 = CARTESIAN_POINT('',(0.,0.));
#6813 = DIRECTION('',(1.,0.));
#6814 = ( GEOMETRIC_REPRESENTATION_CONTEXT(2) 
PARAMETRIC_REPRESENTATION_CONTEXT() REPRESENTATION_CONTEXT('2D SPACE',''
  ) );
#6815 = ORIENTED_EDGE('',*,*,#6473,.T.);
#6816 = ADVANCED_FACE('',(#6817),#6461,.T.);
#6817 = FACE_BOUND('',#6818,.T.);
#6818 = EDGE_LOOP('',(#6819,#6820,#6842,#6843));
#6819 = ORIENTED_EDGE('',*,*,#6708,.F.);
#6820 = ORIENTED_EDGE('',*,*,#6821,.T.);
#6821 = EDGE_CURVE('',#6709,#6308,#6822,.T.);
#6822 = SURFACE_CURVE('',#6823,(#6828,#6835),.PCURVE_S1.);
#6823 = CIRCLE('',#6824,6.5);
#6824 = AXIS2_PLACEMENT_3D('',#6825,#6826,#6827);
#6825 = CARTESIAN_POINT('',(38.458418186136,18.09375,39.033005667157));
#6826 = DIRECTION('',(0.416609256776,0.,0.909085654473));
#6827 = DIRECTION('',(0.909085654473,0.,-0.416609256776));
#6828 = PCURVE('',#6461,#6829);
#6829 = DEFINITIONAL_REPRESENTATION('',(#6830),#6834);
#6830 = CIRCLE('',#6831,6.5);
#6831 = AXIS2_PLACEMENT_2D('',#6832,#6833);
#6832 = CARTESIAN_POINT('',(0.,0.));
#6833 = DIRECTION('',(1.,0.));
#6834 = ( GEOMETRIC_REPRESENTATION_CONTEXT(2) 
PARAMETRIC_REPRESENTATION_CONTEXT() REPRESENTATION_CONTEXT('2D SPACE',''
  ) );
#6835 = PCURVE('',#6393,#6836);
#6836 = DEFINITIONAL_REPRESENTATION('',(#6837),#6841);
#6837 = LINE('',#6838,#6839);
#6838 = CARTESIAN_POINT('',(0.,0.));
#6839 = VECTOR('',#6840,1.);
#6840 = DIRECTION('',(1.,0.));
#6841 = ( GEOMETRIC_REPRESENTATION_CONTEXT(2) 
PARAMETRIC_REPRESENTATION_CONTEXT() REPRESENTATION_CONTEXT('2D SPACE',''
  ) );
#6842 = ORIENTED_EDGE('',*,*,#6439,.F.);
#6843 = ORIENTED_EDGE('',*,*,#6794,.F.);
#6844 = ADVANCED_FACE('',(#6845),#6393,.F.);
#6845 = FACE_BOUND('',#6846,.F.);
#6846 = EDGE_LOOP('',(#6847,#6870,#6897,#6898,#6899,#6900));
#6847 = ORIENTED_EDGE('',*,*,#6848,.T.);
#6848 = EDGE_CURVE('',#6310,#6849,#6851,.T.);
#6849 = VERTEX_POINT('',#6850);
#6850 = CARTESIAN_POINT('',(60.990184285569,18.09375,72.597563111587));
#6851 = SEAM_CURVE('',#6852,(#6856,#6863),.PCURVE_S1.);
#6852 = LINE('',#6853,#6854);
#6853 = CARTESIAN_POINT('',(44.367474940211,18.09375,36.325045498114));
#6854 = VECTOR('',#6855,1.);
#6855 = DIRECTION('',(0.416609256776,0.,0.909085654473));
#6856 = PCURVE('',#6393,#6857);
#6857 = DEFINITIONAL_REPRESENTATION('',(#6858),#6862);
#6858 = LINE('',#6859,#6860);
#6859 = CARTESIAN_POINT('',(6.28318530718,-0.));
#6860 = VECTOR('',#6861,1.);
#6861 = DIRECTION('',(0.,1.));
#6862 = ( GEOMETRIC_REPRESENTATION_CONTEXT(2) 
PARAMETRIC_REPRESENTATION_CONTEXT() REPRESENTATION_CONTEXT('2D SPACE',''
  ) );
#6863 = PCURVE('',#6393,#6864);
#6864 = DEFINITIONAL_REPRESENTATION('',(#6865),#6869);
#6865 = LINE('',#6866,#6867);
#6866 = CARTESIAN_POINT('',(0.,-0.));
#6867 = VECTOR('',#6868,1.);
#6868 = DIRECTION('',(0.,1.));
#6869 = ( GEOMETRIC_REPRESENTATION_CONTEXT(2) 
PARAMETRIC_REPRESENTATION_CONTEXT() REPRESENTATION_CONTEXT('2D SPACE',''
  ) );
#6870 = ORIENTED_EDGE('',*,*,#6871,.F.);
#6871 = EDGE_CURVE('',#6849,#6849,#6872,.T.);
#6872 = SURFACE_CURVE('',#6873,(#6878,#6885),.PCURVE_S1.);
#6873 = CIRCLE('',#6874,6.5);
#6874 = AXIS2_PLACEMENT_3D('',#6875,#6876,#6877);
#6875 = CARTESIAN_POINT('',(55.081127531494,18.09375,75.305523280631));
#6876 = DIRECTION('',(0.416609256776,0.,0.909085654473));
#6877 = DIRECTION('',(0.909085654473,0.,-0.416609256776));
#6878 = PCURVE('',#6393,#6879);
#6879 = DEFINITIONAL_REPRESENTATION('',(#6880),#6884);
#6880 = LINE('',#6881,#6882);
#6881 = CARTESIAN_POINT('',(0.,39.9));
#6882 = VECTOR('',#6883,1.);
#6883 = DIRECTION('',(1.,0.));
#6884 = ( GEOMETRIC_REPRESENTATION_CONTEXT(2) 
PARAMETRIC_REPRESENTATION_CONTEXT() REPRESENTATION_CONTEXT('2D SPACE',''
  ) );
#6885 = PCURVE('',#6886,#6891);
#6886 = PLANE('',#6887);
#6887 = AXIS2_PLACEMENT_3D('',#6888,#6889,#6890);
#6888 = CARTESIAN_POINT('',(55.081127531494,18.09375,75.305523280631));
#6889 = DIRECTION('',(0.416609256776,0.,0.909085654473));
#6890 = DIRECTION('',(0.909085654473,0.,-0.416609256776));
#6891 = DEFINITIONAL_REPRESENTATION('',(#6892),#6896);
#6892 = CIRCLE('',#6893,6.5);
#6893 = AXIS2_PLACEMENT_2D('',#6894,#6895);
#6894 = CARTESIAN_POINT('',(0.,0.));
#6895 = DIRECTION('',(1.,0.));
#6896 = ( GEOMETRIC_REPRESENTATION_CONTEXT(2) 
PARAMETRIC_REPRESENTATION_CONTEXT() REPRESENTATION_CONTEXT('2D SPACE',''
  ) );
#6897 = ORIENTED_EDGE('',*,*,#6848,.F.);
#6898 = ORIENTED_EDGE('',*,*,#6737,.T.);
#6899 = ORIENTED_EDGE('',*,*,#6821,.T.);
#6900 = ORIENTED_EDGE('',*,*,#6307,.T.);
#6901 = ADVANCED_FACE('',(#6902,#6933),#6886,.T.);
#6902 = FACE_BOUND('',#6903,.T.);
#6903 = EDGE_LOOP('',(#6904));
#6904 = ORIENTED_EDGE('',*,*,#6905,.T.);
#6905 = EDGE_CURVE('',#6906,#6906,#6908,.T.);
#6906 = VERTEX_POINT('',#6907);
#6907 = CARTESIAN_POINT('',(69.626498003062,18.09375,68.639775172216));
#6908 = SURFACE_CURVE('',#6909,(#6914,#6921),.PCURVE_S1.);
#6909 = CIRCLE('',#6910,16.);
#6910 = AXIS2_PLACEMENT_3D('',#6911,#6912,#6913);
#6911 = CARTESIAN_POINT('',(55.081127531494,18.09375,75.305523280631));
#6912 = DIRECTION('',(0.416609256776,0.,0.909085654473));
#6913 = DIRECTION('',(0.909085654473,0.,-0.416609256776));
#6914 = PCURVE('',#6886,#6915);
#6915 = DEFINITIONAL_REPRESENTATION('',(#6916),#6920);
#6916 = CIRCLE('',#6917,16.);
#6917 = AXIS2_PLACEMENT_2D('',#6918,#6919);
#6918 = CARTESIAN_POINT('',(0.,0.));
#6919 = DIRECTION('',(1.,0.));
#6920 = ( GEOMETRIC_REPRESENTATION_CONTEXT(2) 
PARAMETRIC_REPRESENTATION_CONTEXT() REPRESENTATION_CONTEXT('2D SPACE',''
  ) );
#6921 = PCURVE('',#6922,#6927);
#6922 = CYLINDRICAL_SURFACE('',#6923,16.);
#6923 = AXIS2_PLACEMENT_3D('',#6924,#6925,#6926);
#6924 = CARTESIAN_POINT('',(55.081127531494,18.09375,75.305523280631));
#6925 = DIRECTION('',(0.416609256776,0.,0.909085654473));
#6926 = DIRECTION('',(0.909085654473,0.,-0.416609256776));
#6927 = DEFINITIONAL_REPRESENTATION('',(#6928),#6932);
#6928 = LINE('',#6929,#6930);
#6929 = CARTESIAN_POINT('',(0.,0.));
#6930 = VECTOR('',#6931,1.);
#6931 = DIRECTION('',(1.,0.));
#6932 = ( GEOMETRIC_REPRESENTATION_CONTEXT(2) 
PARAMETRIC_REPRESENTATION_CONTEXT() REPRESENTATION_CONTEXT('2D SPACE',''
  ) );
#6933 = FACE_BOUND('',#6934,.T.);
#6934 = EDGE_LOOP('',(#6935));
#6935 = ORIENTED_EDGE('',*,*,#6871,.F.);
#6936 = ADVANCED_FACE('',(#6937),#6922,.F.);
#6937 = FACE_BOUND('',#6938,.F.);
#6938 = EDGE_LOOP('',(#6939,#6962,#6991,#7042,#7064,#7065));
#6939 = ORIENTED_EDGE('',*,*,#6940,.T.);
#6940 = EDGE_CURVE('',#6906,#6941,#6943,.T.);
#6941 = VERTEX_POINT('',#6942);
#6942 = CARTESIAN_POINT('',(77.030114060361,18.09375,84.795251891586));
#6943 = SEAM_CURVE('',#6944,(#6948,#6955),.PCURVE_S1.);
#6944 = LINE('',#6945,#6946);
#6945 = CARTESIAN_POINT('',(69.626498003062,18.09375,68.639775172216));
#6946 = VECTOR('',#6947,1.);
#6947 = DIRECTION('',(0.416609256776,1.232595164408E-32,0.909085654473)
  );
#6948 = PCURVE('',#6922,#6949);
#6949 = DEFINITIONAL_REPRESENTATION('',(#6950),#6954);
#6950 = LINE('',#6951,#6952);
#6951 = CARTESIAN_POINT('',(6.28318530718,-0.));
#6952 = VECTOR('',#6953,1.);
#6953 = DIRECTION('',(0.,1.));
#6954 = ( GEOMETRIC_REPRESENTATION_CONTEXT(2) 
PARAMETRIC_REPRESENTATION_CONTEXT() REPRESENTATION_CONTEXT('2D SPACE',''
  ) );
#6955 = PCURVE('',#6922,#6956);
#6956 = DEFINITIONAL_REPRESENTATION('',(#6957),#6961);
#6957 = LINE('',#6958,#6959);
#6958 = CARTESIAN_POINT('',(0.,-0.));
#6959 = VECTOR('',#6960,1.);
#6960 = DIRECTION('',(0.,1.));
#6961 = ( GEOMETRIC_REPRESENTATION_CONTEXT(2) 
PARAMETRIC_REPRESENTATION_CONTEXT() REPRESENTATION_CONTEXT('2D SPACE',''
  ) );
#6962 = ORIENTED_EDGE('',*,*,#6963,.F.);
#6963 = EDGE_CURVE('',#6964,#6941,#6966,.T.);
#6964 = VERTEX_POINT('',#6965);
#6965 = CARTESIAN_POINT('',(73.395274736233,7.512620094326,86.461));
#6966 = SURFACE_CURVE('',#6967,(#6972,#6979),.PCURVE_S1.);
#6967 = CIRCLE('',#6968,16.);
#6968 = AXIS2_PLACEMENT_3D('',#6969,#6970,#6971);
#6969 = CARTESIAN_POINT('',(62.484743588793,18.09375,91.461));
#6970 = DIRECTION('',(0.416609256776,0.,0.909085654473));
#6971 = DIRECTION('',(0.909085654473,0.,-0.416609256776));
#6972 = PCURVE('',#6922,#6973);
#6973 = DEFINITIONAL_REPRESENTATION('',(#6974),#6978);
#6974 = LINE('',#6975,#6976);
#6975 = CARTESIAN_POINT('',(0.,17.771127109837));
#6976 = VECTOR('',#6977,1.);
#6977 = DIRECTION('',(1.,0.));
#6978 = ( GEOMETRIC_REPRESENTATION_CONTEXT(2) 
PARAMETRIC_REPRESENTATION_CONTEXT() REPRESENTATION_CONTEXT('2D SPACE',''
  ) );
#6979 = PCURVE('',#6980,#6985);
#6980 = PLANE('',#6981);
#6981 = AXIS2_PLACEMENT_3D('',#6982,#6983,#6984);
#6982 = CARTESIAN_POINT('',(62.484743588793,18.09375,91.461));
#6983 = DIRECTION('',(0.416609256776,0.,0.909085654473));
#6984 = DIRECTION('',(0.909085654473,0.,-0.416609256776));
#6985 = DEFINITIONAL_REPRESENTATION('',(#6986),#6990);
#6986 = CIRCLE('',#6987,16.);
#6987 = AXIS2_PLACEMENT_2D('',#6988,#6989);
#6988 = CARTESIAN_POINT('',(0.,0.));
#6989 = DIRECTION('',(1.,0.));
#6990 = ( GEOMETRIC_REPRESENTATION_CONTEXT(2) 
PARAMETRIC_REPRESENTATION_CONTEXT() REPRESENTATION_CONTEXT('2D SPACE',''
  ) );
#6991 = ORIENTED_EDGE('',*,*,#6992,.F.);
#6992 = EDGE_CURVE('',#6993,#6964,#6995,.T.);
#6993 = VERTEX_POINT('',#6994);
#6994 = CARTESIAN_POINT('',(73.395274736233,28.674879905674,86.461));
#6995 = SURFACE_CURVE('',#6996,(#7001,#7035),.PCURVE_S1.);
#6996 = ELLIPSE('',#6997,17.60010172999,16.);
#6997 = AXIS2_PLACEMENT_3D('',#6998,#6999,#7000);
#6998 = CARTESIAN_POINT('',(60.193379432258,18.09375,86.461));
#6999 = DIRECTION('',(0.,0.,1.));
#7000 = DIRECTION('',(1.,0.,-0.));
#7001 = PCURVE('',#6922,#7002);
#7002 = DEFINITIONAL_REPRESENTATION('',(#7003),#7034);
#7003 = B_SPLINE_CURVE_WITH_KNOTS('',8,(#7004,#7005,#7006,#7007,#7008,
    #7009,#7010,#7011,#7012,#7013,#7014,#7015,#7016,#7017,#7018,#7019,
    #7020,#7021,#7022,#7023,#7024,#7025,#7026,#7027,#7028,#7029,#7030,
    #7031,#7032,#7033),.UNSPECIFIED.,.F.,.F.,(9,7,7,7,9),(0.72257785663,
    1.93208525511,3.74634635283,4.65347690169,5.56060745055),
  .UNSPECIFIED.);
#7004 = CARTESIAN_POINT('',(0.72257785663,17.771127709837));
#7005 = CARTESIAN_POINT('',(0.87376628144,17.038008434061));
#7006 = CARTESIAN_POINT('',(1.02495470625,16.161209564627));
#7007 = CARTESIAN_POINT('',(1.17614313106,15.166268409014));
#7008 = CARTESIAN_POINT('',(1.32733155587,14.085720499857));
#7009 = CARTESIAN_POINT('',(1.47851998068,12.957258181718));
#7010 = CARTESIAN_POINT('',(1.62970840549,11.820960124048));
#7011 = CARTESIAN_POINT('',(1.7808968303,10.716250808887));
#7012 = CARTESIAN_POINT('',(2.158867892325,8.12374639126));
#7013 = CARTESIAN_POINT('',(2.385650529538,6.720585547133));
#7014 = CARTESIAN_POINT('',(2.612433166758,5.591676989789));
#7015 = CARTESIAN_POINT('',(2.839215803962,4.842184942547));
#7016 = CARTESIAN_POINT('',(3.065998441187,4.540604430749));
#7017 = CARTESIAN_POINT('',(3.292781078399,4.702862192882));
#7018 = CARTESIAN_POINT('',(3.519563715615,5.293751585806));
#7019 = CARTESIAN_POINT('',(3.859737671437,6.711897950984));
#7020 = CARTESIAN_POINT('',(3.973128990045,7.273248734029));
#7021 = CARTESIAN_POINT('',(4.086520308652,7.913972816649));
#7022 = CARTESIAN_POINT('',(4.199911627261,8.622378327094));
#7023 = CARTESIAN_POINT('',(4.313302945868,9.384720354075));
#7024 = CARTESIAN_POINT('',(4.426694264475,10.185755694566));
#7025 = CARTESIAN_POINT('',(4.540085583082,11.009396060532));
#7026 = CARTESIAN_POINT('',(4.766868220297,12.66936445846));
#7027 = CARTESIAN_POINT('',(4.880259538904,13.505692413422));
#7028 = CARTESIAN_POINT('',(4.993650857513,14.332102862275));
#7029 = CARTESIAN_POINT('',(5.10704217612,15.132159709287));
#7030 = CARTESIAN_POINT('',(5.220433494727,15.889923375674));
#7031 = CARTESIAN_POINT('',(5.333824813335,16.590629136487));
#7032 = CARTESIAN_POINT('',(5.447216131942,17.221288253005));
#7033 = CARTESIAN_POINT('',(5.56060745055,17.771127709837));
#7034 = ( GEOMETRIC_REPRESENTATION_CONTEXT(2) 
PARAMETRIC_REPRESENTATION_CONTEXT() REPRESENTATION_CONTEXT('2D SPACE',''
  ) );
#7035 = PCURVE('',#126,#7036);
#7036 = DEFINITIONAL_REPRESENTATION('',(#7037),#7041);
#7037 = ELLIPSE('',#7038,17.60010172999,16.);
#7038 = AXIS2_PLACEMENT_2D('',#7039,#7040);
#7039 = CARTESIAN_POINT('',(167.41037943225,83.09375));
#7040 = DIRECTION('',(1.,0.));
#7041 = ( GEOMETRIC_REPRESENTATION_CONTEXT(2) 
PARAMETRIC_REPRESENTATION_CONTEXT() REPRESENTATION_CONTEXT('2D SPACE',''
  ) );
#7042 = ORIENTED_EDGE('',*,*,#7043,.F.);
#7043 = EDGE_CURVE('',#6941,#6993,#7044,.T.);
#7044 = SURFACE_CURVE('',#7045,(#7050,#7057),.PCURVE_S1.);
#7045 = CIRCLE('',#7046,16.);
#7046 = AXIS2_PLACEMENT_3D('',#7047,#7048,#7049);
#7047 = CARTESIAN_POINT('',(62.484743588793,18.09375,91.461));
#7048 = DIRECTION('',(0.416609256776,0.,0.909085654473));
#7049 = DIRECTION('',(0.909085654473,0.,-0.416609256776));
#7050 = PCURVE('',#6922,#7051);
#7051 = DEFINITIONAL_REPRESENTATION('',(#7052),#7056);
#7052 = LINE('',#7053,#7054);
#7053 = CARTESIAN_POINT('',(0.,17.771127109837));
#7054 = VECTOR('',#7055,1.);
#7055 = DIRECTION('',(1.,0.));
#7056 = ( GEOMETRIC_REPRESENTATION_CONTEXT(2) 
PARAMETRIC_REPRESENTATION_CONTEXT() REPRESENTATION_CONTEXT('2D SPACE',''
  ) );
#7057 = PCURVE('',#6980,#7058);
#7058 = DEFINITIONAL_REPRESENTATION('',(#7059),#7063);
#7059 = CIRCLE('',#7060,16.);
#7060 = AXIS2_PLACEMENT_2D('',#7061,#7062);
#7061 = CARTESIAN_POINT('',(0.,0.));
#7062 = DIRECTION('',(1.,0.));
#7063 = ( GEOMETRIC_REPRESENTATION_CONTEXT(2) 
PARAMETRIC_REPRESENTATION_CONTEXT() REPRESENTATION_CONTEXT('2D SPACE',''
  ) );
#7064 = ORIENTED_EDGE('',*,*,#6940,.F.);
#7065 = ORIENTED_EDGE('',*,*,#6905,.T.);
#7066 = ADVANCED_FACE('',(#7067),#6980,.F.);
#7067 = FACE_BOUND('',#7068,.F.);
#7068 = EDGE_LOOP('',(#7069,#7070,#7071));
#7069 = ORIENTED_EDGE('',*,*,#6963,.T.);
#7070 = ORIENTED_EDGE('',*,*,#7043,.T.);
#7071 = ORIENTED_EDGE('',*,*,#7072,.F.);
#7072 = EDGE_CURVE('',#6964,#6993,#7073,.T.);
#7073 = SURFACE_CURVE('',#7074,(#7078,#7084),.PCURVE_S1.);
#7074 = LINE('',#7075,#7076);
#7075 = CARTESIAN_POINT('',(73.395274736233,-23.453125,86.461));
#7076 = VECTOR('',#7077,1.);
#7077 = DIRECTION('',(0.,1.,0.));
#7078 = PCURVE('',#6980,#7079);
#7079 = DEFINITIONAL_REPRESENTATION('',(#7080),#7083);
#7080 = B_SPLINE_CURVE_WITH_KNOTS('',1,(#7081,#7082),.UNSPECIFIED.,.F.,
  .F.,(2,2),(25.546875,57.546875),.PIECEWISE_BEZIER_KNOTS.);
#7081 = CARTESIAN_POINT('',(12.001653632698,-16.));
#7082 = CARTESIAN_POINT('',(12.001653632698,16.));
#7083 = ( GEOMETRIC_REPRESENTATION_CONTEXT(2) 
PARAMETRIC_REPRESENTATION_CONTEXT() REPRESENTATION_CONTEXT('2D SPACE',''
  ) );
#7084 = PCURVE('',#126,#7085);
#7085 = DEFINITIONAL_REPRESENTATION('',(#7086),#7089);
#7086 = B_SPLINE_CURVE_WITH_KNOTS('',1,(#7087,#7088),.UNSPECIFIED.,.F.,
  .F.,(2,2),(25.546875,57.546875),.PIECEWISE_BEZIER_KNOTS.);
#7087 = CARTESIAN_POINT('',(180.61227473623,67.09375));
#7088 = CARTESIAN_POINT('',(180.61227473623,99.09375));
#7089 = ( GEOMETRIC_REPRESENTATION_CONTEXT(2) 
PARAMETRIC_REPRESENTATION_CONTEXT() REPRESENTATION_CONTEXT('2D SPACE',''
  ) );
#7090 = ADVANCED_FACE('',(#7091),#5914,.T.);
#7091 = FACE_BOUND('',#7092,.T.);
#7092 = EDGE_LOOP('',(#7093,#7094,#7115,#7157));
#7093 = ORIENTED_EDGE('',*,*,#5897,.T.);
#7094 = ORIENTED_EDGE('',*,*,#7095,.T.);
#7095 = EDGE_CURVE('',#5898,#7096,#7098,.T.);
#7096 = VERTEX_POINT('',#7097);
#7097 = CARTESIAN_POINT('',(28.78563463594,14.795883542913,
    25.275084427658));
#7098 = SURFACE_CURVE('',#7099,(#7103,#7109),.PCURVE_S1.);
#7099 = LINE('',#7100,#7101);
#7100 = CARTESIAN_POINT('',(30.327814381918,18.688717971723,
    24.568345349084));
#7101 = VECTOR('',#7102,1.);
#7102 = DIRECTION('',(0.363172994426,0.916736418047,-0.16643231641));
#7103 = PCURVE('',#5914,#7104);
#7104 = DEFINITIONAL_REPRESENTATION('',(#7105),#7108);
#7105 = B_SPLINE_CURVE_WITH_KNOTS('',1,(#7106,#7107),.UNSPECIFIED.,.F.,
  .F.,(2,2),(-14.66896332204,13.801852914622),.PIECEWISE_BEZIER_KNOTS.);
#7106 = CARTESIAN_POINT('',(-14.025,4.969497113318));
#7107 = CARTESIAN_POINT('',(14.025,9.252293027987E-02));
#7108 = ( GEOMETRIC_REPRESENTATION_CONTEXT(2) 
PARAMETRIC_REPRESENTATION_CONTEXT() REPRESENTATION_CONTEXT('2D SPACE',''
  ) );
#7109 = PCURVE('',#5782,#7110);
#7110 = DEFINITIONAL_REPRESENTATION('',(#7111),#7114);
#7111 = B_SPLINE_CURVE_WITH_KNOTS('',1,(#7112,#7113),.UNSPECIFIED.,.F.,
  .F.,(2,2),(-14.66896332204,13.801852914622),.PIECEWISE_BEZIER_KNOTS.);
#7112 = CARTESIAN_POINT('',(-7.225446236343,-12.85260492059));
#7113 = CARTESIAN_POINT('',(4.148434250642,13.247629175091));
#7114 = ( GEOMETRIC_REPRESENTATION_CONTEXT(2) 
PARAMETRIC_REPRESENTATION_CONTEXT() REPRESENTATION_CONTEXT('2D SPACE',''
  ) );
#7115 = ORIENTED_EDGE('',*,*,#7116,.F.);
#7116 = EDGE_CURVE('',#7117,#7096,#7119,.T.);
#7117 = VERTEX_POINT('',#7118);
#7118 = CARTESIAN_POINT('',(31.869994127897,22.581552400533,
    23.86160627051));
#7119 = SURFACE_CURVE('',#7120,(#7125,#7132),.PCURVE_S1.);
#7120 = ELLIPSE('',#7121,7.534500756101,4.5);
#7121 = AXIS2_PLACEMENT_3D('',#7122,#7123,#7124);
#7122 = CARTESIAN_POINT('',(30.735774054207,18.09375,22.181375798756));
#7123 = DIRECTION('',(0.917245625869,-0.320414326196,0.236632883159));
#7124 = DIRECTION('',(-0.163602683179,0.238597986986,0.957238299831));
#7125 = PCURVE('',#5914,#7126);
#7126 = DEFINITIONAL_REPRESENTATION('',(#7127),#7131);
#7127 = ELLIPSE('',#7128,7.534500756101,4.5);
#7128 = AXIS2_PLACEMENT_2D('',#7129,#7130);
#7129 = CARTESIAN_POINT('',(0.,0.));
#7130 = DIRECTION('',(0.17129730818,0.985219382782));
#7131 = ( GEOMETRIC_REPRESENTATION_CONTEXT(2) 
PARAMETRIC_REPRESENTATION_CONTEXT() REPRESENTATION_CONTEXT('2D SPACE',''
  ) );
#7132 = PCURVE('',#7133,#7138);
#7133 = CYLINDRICAL_SURFACE('',#7134,4.5);
#7134 = AXIS2_PLACEMENT_3D('',#7135,#7136,#7137);
#7135 = CARTESIAN_POINT('',(27.4029,18.09375,14.908690562972));
#7136 = DIRECTION('',(0.416609256776,0.,0.909085654473));
#7137 = DIRECTION('',(0.909085654473,0.,-0.416609256776));
#7138 = DEFINITIONAL_REPRESENTATION('',(#7139),#7156);
#7139 = B_SPLINE_CURVE_WITH_KNOTS('',8,(#7140,#7141,#7142,#7143,#7144,
    #7145,#7146,#7147,#7148,#7149,#7150,#7151,#7152,#7153,#7154,#7155),
  .UNSPECIFIED.,.F.,.F.,(9,7,9),(4.640685435564,6.386657065572,
    8.13262869558),.UNSPECIFIED.);
#7140 = CARTESIAN_POINT('',(1.08812948462,7.567061627554));
#7141 = CARTESIAN_POINT('',(1.306375938371,8.882551356305));
#7142 = CARTESIAN_POINT('',(1.524622392119,10.221609245136));
#7143 = CARTESIAN_POINT('',(1.742868845873,11.488748648102));
#7144 = CARTESIAN_POINT('',(1.961115299611,12.586123964218));
#7145 = CARTESIAN_POINT('',(2.179361753375,13.42793225994));
#7146 = CARTESIAN_POINT('',(2.397608207123,13.955994352285));
#7147 = CARTESIAN_POINT('',(2.615854660877,14.146972939077));
#7148 = CARTESIAN_POINT('',(3.052347568379,13.874526301142));
#7149 = CARTESIAN_POINT('',(3.27059402213,13.411100937958));
#7150 = CARTESIAN_POINT('',(3.488840475875,12.630367753525));
#7151 = CARTESIAN_POINT('',(3.707086929637,11.575432942183));
#7152 = CARTESIAN_POINT('',(3.925333383379,10.321253027309));
#7153 = CARTESIAN_POINT('',(4.143579837134,8.964320554849));
#7154 = CARTESIAN_POINT('',(4.361826290884,7.605829862242));
#7155 = CARTESIAN_POINT('',(4.580072744635,6.337822340785));
#7156 = ( GEOMETRIC_REPRESENTATION_CONTEXT(2) 
PARAMETRIC_REPRESENTATION_CONTEXT() REPRESENTATION_CONTEXT('2D SPACE',''
  ) );
#7157 = ORIENTED_EDGE('',*,*,#7158,.T.);
#7158 = EDGE_CURVE('',#7117,#5871,#7159,.T.);
#7159 = SURFACE_CURVE('',#7160,(#7164,#7170),.PCURVE_S1.);
#7160 = LINE('',#7161,#7162);
#7161 = CARTESIAN_POINT('',(30.327814381918,18.688717971723,
    24.568345349084));
#7162 = VECTOR('',#7163,1.);
#7163 = DIRECTION('',(0.363172994426,0.916736418047,-0.16643231641));
#7164 = PCURVE('',#5914,#7165);
#7165 = DEFINITIONAL_REPRESENTATION('',(#7166),#7169);
#7166 = B_SPLINE_CURVE_WITH_KNOTS('',1,(#7167,#7168),.UNSPECIFIED.,.F.,
  .F.,(2,2),(-14.66896332204,13.801852914622),.PIECEWISE_BEZIER_KNOTS.);
#7167 = CARTESIAN_POINT('',(-14.025,4.969497113318));
#7168 = CARTESIAN_POINT('',(14.025,9.252293027987E-02));
#7169 = ( GEOMETRIC_REPRESENTATION_CONTEXT(2) 
PARAMETRIC_REPRESENTATION_CONTEXT() REPRESENTATION_CONTEXT('2D SPACE',''
  ) );
#7170 = PCURVE('',#5782,#7171);
#7171 = DEFINITIONAL_REPRESENTATION('',(#7172),#7175);
#7172 = B_SPLINE_CURVE_WITH_KNOTS('',1,(#7173,#7174),.UNSPECIFIED.,.F.,
  .F.,(2,2),(-14.66896332204,13.801852914622),.PIECEWISE_BEZIER_KNOTS.);
#7173 = CARTESIAN_POINT('',(-7.225446236343,-12.85260492059));
#7174 = CARTESIAN_POINT('',(4.148434250642,13.247629175091));
#7175 = ( GEOMETRIC_REPRESENTATION_CONTEXT(2) 
PARAMETRIC_REPRESENTATION_CONTEXT() REPRESENTATION_CONTEXT('2D SPACE',''
  ) );
#7176 = ADVANCED_FACE('',(#7177),#7133,.F.);
#7177 = FACE_BOUND('',#7178,.F.);
#7178 = EDGE_LOOP('',(#7179,#7180));
#7179 = ORIENTED_EDGE('',*,*,#7116,.F.);
#7180 = ORIENTED_EDGE('',*,*,#7181,.T.);
#7181 = EDGE_CURVE('',#7117,#7096,#7182,.T.);
#7182 = SURFACE_CURVE('',#7183,(#7188,#7195),.PCURVE_S1.);
#7183 = CIRCLE('',#7184,4.5);
#7184 = AXIS2_PLACEMENT_3D('',#7185,#7186,#7187);
#7185 = CARTESIAN_POINT('',(31.568992567759,18.09375,23.999547107702));
#7186 = DIRECTION('',(0.416609256776,0.,0.909085654473));
#7187 = DIRECTION('',(0.909085654473,0.,-0.416609256776));
#7188 = PCURVE('',#7133,#7189);
#7189 = DEFINITIONAL_REPRESENTATION('',(#7190),#7194);
#7190 = LINE('',#7191,#7192);
#7191 = CARTESIAN_POINT('',(0.,10.));
#7192 = VECTOR('',#7193,1.);
#7193 = DIRECTION('',(1.,0.));
#7194 = ( GEOMETRIC_REPRESENTATION_CONTEXT(2) 
PARAMETRIC_REPRESENTATION_CONTEXT() REPRESENTATION_CONTEXT('2D SPACE',''
  ) );
#7195 = PCURVE('',#5782,#7196);
#7196 = DEFINITIONAL_REPRESENTATION('',(#7197),#7201);
#7197 = CIRCLE('',#7198,4.5);
#7198 = AXIS2_PLACEMENT_2D('',#7199,#7200);
#7199 = CARTESIAN_POINT('',(-2.960186810525E-15,0.));
#7200 = DIRECTION('',(1.,0.));
#7201 = ( GEOMETRIC_REPRESENTATION_CONTEXT(2) 
PARAMETRIC_REPRESENTATION_CONTEXT() REPRESENTATION_CONTEXT('2D SPACE',''
  ) );
#7202 = ADVANCED_FACE('',(#7203),#5782,.F.);
#7203 = FACE_BOUND('',#7204,.F.);
#7204 = EDGE_LOOP('',(#7205,#7206,#7228,#7229,#7230,#7231,#7232));
#7205 = ORIENTED_EDGE('',*,*,#5761,.F.);
#7206 = ORIENTED_EDGE('',*,*,#7207,.T.);
#7207 = EDGE_CURVE('',#5725,#5927,#7208,.T.);
#7208 = SURFACE_CURVE('',#7209,(#7214,#7221),.PCURVE_S1.);
#7209 = CIRCLE('',#7210,14.025);
#7210 = AXIS2_PLACEMENT_3D('',#7211,#7212,#7213);
#7211 = CARTESIAN_POINT('',(31.568992567759,18.09375,23.999547107702));
#7212 = DIRECTION('',(0.416609256776,0.,0.909085654473));
#7213 = DIRECTION('',(0.909085654473,0.,-0.416609256776));
#7214 = PCURVE('',#5782,#7215);
#7215 = DEFINITIONAL_REPRESENTATION('',(#7216),#7220);
#7216 = CIRCLE('',#7217,14.025);
#7217 = AXIS2_PLACEMENT_2D('',#7218,#7219);
#7218 = CARTESIAN_POINT('',(0.,0.));
#7219 = DIRECTION('',(1.,0.));
#7220 = ( GEOMETRIC_REPRESENTATION_CONTEXT(2) 
PARAMETRIC_REPRESENTATION_CONTEXT() REPRESENTATION_CONTEXT('2D SPACE',''
  ) );
#7221 = PCURVE('',#5746,#7222);
#7222 = DEFINITIONAL_REPRESENTATION('',(#7223),#7227);
#7223 = LINE('',#7224,#7225);
#7224 = CARTESIAN_POINT('',(0.,10.));
#7225 = VECTOR('',#7226,1.);
#7226 = DIRECTION('',(1.,0.));
#7227 = ( GEOMETRIC_REPRESENTATION_CONTEXT(2) 
PARAMETRIC_REPRESENTATION_CONTEXT() REPRESENTATION_CONTEXT('2D SPACE',''
  ) );
#7228 = ORIENTED_EDGE('',*,*,#5926,.F.);
#7229 = ORIENTED_EDGE('',*,*,#7095,.T.);
#7230 = ORIENTED_EDGE('',*,*,#7181,.F.);
#7231 = ORIENTED_EDGE('',*,*,#7158,.T.);
#7232 = ORIENTED_EDGE('',*,*,#5870,.F.);
#7233 = ADVANCED_FACE('',(#7234),#5746,.F.);
#7234 = FACE_BOUND('',#7235,.F.);
#7235 = EDGE_LOOP('',(#7236,#7237,#7259,#7260,#7261,#7262));
#7236 = ORIENTED_EDGE('',*,*,#6277,.F.);
#7237 = ORIENTED_EDGE('',*,*,#7238,.T.);
#7238 = EDGE_CURVE('',#6241,#5985,#7239,.T.);
#7239 = SURFACE_CURVE('',#7240,(#7245,#7252),.PCURVE_S1.);
#7240 = CIRCLE('',#7241,14.025);
#7241 = AXIS2_PLACEMENT_3D('',#7242,#7243,#7244);
#7242 = CARTESIAN_POINT('',(30.319164797431,18.09375,21.272290144283));
#7243 = DIRECTION('',(0.416609256776,0.,0.909085654473));
#7244 = DIRECTION('',(0.909085654473,0.,-0.416609256776));
#7245 = PCURVE('',#5746,#7246);
#7246 = DEFINITIONAL_REPRESENTATION('',(#7247),#7251);
#7247 = LINE('',#7248,#7249);
#7248 = CARTESIAN_POINT('',(0.,7.));
#7249 = VECTOR('',#7250,1.);
#7250 = DIRECTION('',(1.,0.));
#7251 = ( GEOMETRIC_REPRESENTATION_CONTEXT(2) 
PARAMETRIC_REPRESENTATION_CONTEXT() REPRESENTATION_CONTEXT('2D SPACE',''
  ) );
#7252 = PCURVE('',#3332,#7253);
#7253 = DEFINITIONAL_REPRESENTATION('',(#7254),#7258);
#7254 = CIRCLE('',#7255,14.025);
#7255 = AXIS2_PLACEMENT_2D('',#7256,#7257);
#7256 = CARTESIAN_POINT('',(0.,0.));
#7257 = DIRECTION('',(1.,0.));
#7258 = ( GEOMETRIC_REPRESENTATION_CONTEXT(2) 
PARAMETRIC_REPRESENTATION_CONTEXT() REPRESENTATION_CONTEXT('2D SPACE',''
  ) );
#7259 = ORIENTED_EDGE('',*,*,#5984,.F.);
#7260 = ORIENTED_EDGE('',*,*,#5954,.T.);
#7261 = ORIENTED_EDGE('',*,*,#7207,.F.);
#7262 = ORIENTED_EDGE('',*,*,#5724,.T.);
#7263 = ADVANCED_FACE('',(#7264),#3653,.T.);
#7264 = FACE_BOUND('',#7265,.T.);
#7265 = EDGE_LOOP('',(#7266,#7267,#7268,#7269));
#7266 = ORIENTED_EDGE('',*,*,#5374,.T.);
#7267 = ORIENTED_EDGE('',*,*,#5155,.T.);
#7268 = ORIENTED_EDGE('',*,*,#3607,.F.);
#7269 = ORIENTED_EDGE('',*,*,#5819,.F.);
#7270 = ADVANCED_FACE('',(#7271),#3332,.F.);
#7271 = FACE_BOUND('',#7272,.F.);
#7272 = EDGE_LOOP('',(#7273,#7274,#7295,#7296,#7297,#7298,#7299,#7300,
    #7301,#7322,#7323));
#7273 = ORIENTED_EDGE('',*,*,#6240,.F.);
#7274 = ORIENTED_EDGE('',*,*,#7275,.T.);
#7275 = EDGE_CURVE('',#6052,#3539,#7276,.T.);
#7276 = SURFACE_CURVE('',#7277,(#7282,#7289),.PCURVE_S1.);
#7277 = CIRCLE('',#7278,18.5);
#7278 = AXIS2_PLACEMENT_3D('',#7279,#7280,#7281);
#7279 = CARTESIAN_POINT('',(30.319164797431,18.09375,21.272290144283));
#7280 = DIRECTION('',(0.416609256776,0.,0.909085654473));
#7281 = DIRECTION('',(0.909085654473,0.,-0.416609256776));
#7282 = PCURVE('',#3332,#7283);
#7283 = DEFINITIONAL_REPRESENTATION('',(#7284),#7288);
#7284 = CIRCLE('',#7285,18.5);
#7285 = AXIS2_PLACEMENT_2D('',#7286,#7287);
#7286 = CARTESIAN_POINT('',(0.,0.));
#7287 = DIRECTION('',(1.,0.));
#7288 = ( GEOMETRIC_REPRESENTATION_CONTEXT(2) 
PARAMETRIC_REPRESENTATION_CONTEXT() REPRESENTATION_CONTEXT('2D SPACE',''
  ) );
#7289 = PCURVE('',#2949,#7290);
#7290 = DEFINITIONAL_REPRESENTATION('',(#7291),#7294);
#7291 = B_SPLINE_CURVE_WITH_KNOTS('',1,(#7292,#7293),.UNSPECIFIED.,.F.,
  .F.,(2,2),(0.132129838659,4.502435161254),.PIECEWISE_BEZIER_KNOTS.);
#7292 = CARTESIAN_POINT('',(6.415315145839,8.));
#7293 = CARTESIAN_POINT('',(10.785620468433,8.));
#7294 = ( GEOMETRIC_REPRESENTATION_CONTEXT(2) 
PARAMETRIC_REPRESENTATION_CONTEXT() REPRESENTATION_CONTEXT('2D SPACE',''
  ) );
#7295 = ORIENTED_EDGE('',*,*,#3538,.T.);
#7296 = ORIENTED_EDGE('',*,*,#3970,.F.);
#7297 = ORIENTED_EDGE('',*,*,#5695,.F.);
#7298 = ORIENTED_EDGE('',*,*,#3729,.F.);
#7299 = ORIENTED_EDGE('',*,*,#4006,.F.);
#7300 = ORIENTED_EDGE('',*,*,#3316,.T.);
#7301 = ORIENTED_EDGE('',*,*,#7302,.T.);
#7302 = EDGE_CURVE('',#3296,#6015,#7303,.T.);
#7303 = SURFACE_CURVE('',#7304,(#7309,#7316),.PCURVE_S1.);
#7304 = CIRCLE('',#7305,18.5);
#7305 = AXIS2_PLACEMENT_3D('',#7306,#7307,#7308);
#7306 = CARTESIAN_POINT('',(30.319164797431,18.09375,21.272290144283));
#7307 = DIRECTION('',(0.416609256776,0.,0.909085654473));
#7308 = DIRECTION('',(0.909085654473,0.,-0.416609256776));
#7309 = PCURVE('',#3332,#7310);
#7310 = DEFINITIONAL_REPRESENTATION('',(#7311),#7315);
#7311 = CIRCLE('',#7312,18.5);
#7312 = AXIS2_PLACEMENT_2D('',#7313,#7314);
#7313 = CARTESIAN_POINT('',(0.,0.));
#7314 = DIRECTION('',(1.,0.));
#7315 = ( GEOMETRIC_REPRESENTATION_CONTEXT(2) 
PARAMETRIC_REPRESENTATION_CONTEXT() REPRESENTATION_CONTEXT('2D SPACE',''
  ) );
#7316 = PCURVE('',#2949,#7317);
#7317 = DEFINITIONAL_REPRESENTATION('',(#7318),#7321);
#7318 = B_SPLINE_CURVE_WITH_KNOTS('',1,(#7319,#7320),.UNSPECIFIED.,.F.,
  .F.,(2,2),(4.922342799516,5.329128873811),.PIECEWISE_BEZIER_KNOTS.);
#7319 = CARTESIAN_POINT('',(4.922342799516,8.));
#7320 = CARTESIAN_POINT('',(5.329128873811,8.));
#7321 = ( GEOMETRIC_REPRESENTATION_CONTEXT(2) 
PARAMETRIC_REPRESENTATION_CONTEXT() REPRESENTATION_CONTEXT('2D SPACE',''
  ) );
#7322 = ORIENTED_EDGE('',*,*,#6014,.F.);
#7323 = ORIENTED_EDGE('',*,*,#7238,.F.);
#7324 = ADVANCED_FACE('',(#7325),#3013,.F.);
#7325 = FACE_BOUND('',#7326,.F.);
#7326 = EDGE_LOOP('',(#7327,#7328,#7329,#7330));
#7327 = ORIENTED_EDGE('',*,*,#3267,.T.);
#7328 = ORIENTED_EDGE('',*,*,#3025,.T.);
#7329 = ORIENTED_EDGE('',*,*,#2990,.T.);
#7330 = ORIENTED_EDGE('',*,*,#7331,.T.);
#7331 = EDGE_CURVE('',#2858,#3268,#7332,.T.);
#7332 = SURFACE_CURVE('',#7333,(#7338,#7349),.PCURVE_S1.);
#7333 = CIRCLE('',#7334,18.5);
#7334 = AXIS2_PLACEMENT_3D('',#7335,#7336,#7337);
#7335 = CARTESIAN_POINT('',(27.4029,18.09375,14.908690562972));
#7336 = DIRECTION('',(-0.416609256776,-6.106226635438E-16,
    -0.909085654473));
#7337 = DIRECTION('',(0.807377464859,0.459610980329,-0.369999156754));
#7338 = PCURVE('',#3013,#7339);
#7339 = DEFINITIONAL_REPRESENTATION('',(#7340),#7348);
#7340 = ( BOUNDED_CURVE() B_SPLINE_CURVE(2,(#7341,#7342,#7343,#7344,
#7345,#7346,#7347),.UNSPECIFIED.,.T.,.F.) B_SPLINE_CURVE_WITH_KNOTS((1,2
    ,2,2,2,1),(-2.094395102393,0.,2.094395102393,4.188790204786,
6.28318530718,8.377580409573),.UNSPECIFIED.) CURVE() 
GEOMETRIC_REPRESENTATION_ITEM() RATIONAL_B_SPLINE_CURVE((1.,0.5,1.,0.5,
1.,0.5,1.)) REPRESENTATION_ITEM('') );
#7341 = CARTESIAN_POINT('',(446.57359060894,426.59655313608));
#7342 = CARTESIAN_POINT('',(461.3008776474,398.13856626971));
#7343 = CARTESIAN_POINT('',(429.29189456132,399.61335499876));
#7344 = CARTESIAN_POINT('',(397.28291147525,401.08814372782));
#7345 = CARTESIAN_POINT('',(414.56460752286,428.07134186514));
#7346 = CARTESIAN_POINT('',(431.84630357048,455.05454000246));
#7347 = CARTESIAN_POINT('',(446.57359060894,426.59655313608));
#7348 = ( GEOMETRIC_REPRESENTATION_CONTEXT(2) 
PARAMETRIC_REPRESENTATION_CONTEXT() REPRESENTATION_CONTEXT('2D SPACE',''
  ) );
#7349 = PCURVE('',#2949,#7350);
#7350 = DEFINITIONAL_REPRESENTATION('',(#7351),#7355);
#7351 = LINE('',#7352,#7353);
#7352 = CARTESIAN_POINT('',(6.760742430175,1.));
#7353 = VECTOR('',#7354,1.);
#7354 = DIRECTION('',(-1.,-0.));
#7355 = ( GEOMETRIC_REPRESENTATION_CONTEXT(2) 
PARAMETRIC_REPRESENTATION_CONTEXT() REPRESENTATION_CONTEXT('2D SPACE',''
  ) );
#7356 = ADVANCED_FACE('',(#7357),#2949,.F.);
#7357 = FACE_BOUND('',#7358,.F.);
#7358 = EDGE_LOOP('',(#7359,#7360,#7381,#7382,#7383,#7384,#7385,#7386));
#7359 = ORIENTED_EDGE('',*,*,#2857,.T.);
#7360 = ORIENTED_EDGE('',*,*,#7361,.T.);
#7361 = EDGE_CURVE('',#2823,#3562,#7362,.T.);
#7362 = SURFACE_CURVE('',#7363,(#7368,#7374),.PCURVE_S1.);
#7363 = CIRCLE('',#7364,18.5);
#7364 = AXIS2_PLACEMENT_3D('',#7365,#7366,#7367);
#7365 = CARTESIAN_POINT('',(27.4029,18.09375,14.908690562972));
#7366 = DIRECTION('',(0.416609256776,0.,0.909085654473));
#7367 = DIRECTION('',(0.909085654473,0.,-0.416609256776));
#7368 = PCURVE('',#2949,#7369);
#7369 = DEFINITIONAL_REPRESENTATION('',(#7370),#7373);
#7370 = B_SPLINE_CURVE_WITH_KNOTS('',1,(#7371,#7372),.UNSPECIFIED.,.F.,
  .F.,(2,2),(0.878682194975,4.502435161254),.PIECEWISE_BEZIER_KNOTS.);
#7371 = CARTESIAN_POINT('',(7.161867502154,1.));
#7372 = CARTESIAN_POINT('',(10.785620468433,1.));
#7373 = ( GEOMETRIC_REPRESENTATION_CONTEXT(2) 
PARAMETRIC_REPRESENTATION_CONTEXT() REPRESENTATION_CONTEXT('2D SPACE',''
  ) );
#7374 = PCURVE('',#2845,#7375);
#7375 = DEFINITIONAL_REPRESENTATION('',(#7376),#7380);
#7376 = CIRCLE('',#7377,18.5);
#7377 = AXIS2_PLACEMENT_2D('',#7378,#7379);
#7378 = CARTESIAN_POINT('',(430.14336423104,418.09375));
#7379 = DIRECTION('',(1.,0.));
#7380 = ( GEOMETRIC_REPRESENTATION_CONTEXT(2) 
PARAMETRIC_REPRESENTATION_CONTEXT() REPRESENTATION_CONTEXT('2D SPACE',''
  ) );
#7381 = ORIENTED_EDGE('',*,*,#3561,.T.);
#7382 = ORIENTED_EDGE('',*,*,#7275,.F.);
#7383 = ORIENTED_EDGE('',*,*,#6051,.T.);
#7384 = ORIENTED_EDGE('',*,*,#7302,.F.);
#7385 = ORIENTED_EDGE('',*,*,#3295,.F.);
#7386 = ORIENTED_EDGE('',*,*,#7331,.F.);
#7387 = ADVANCED_FACE('',(#7388),#2845,.F.);
#7388 = FACE_BOUND('',#7389,.F.);
#7389 = EDGE_LOOP('',(#7390,#7411,#7412,#7413,#7414,#7415,#7436,#7478,
    #7504,#7541,#7562,#7604,#7630));
#7390 = ORIENTED_EDGE('',*,*,#7391,.F.);
#7391 = EDGE_CURVE('',#3207,#7392,#7394,.T.);
#7392 = VERTEX_POINT('',#7393);
#7393 = CARTESIAN_POINT('',(-8.526512829121E-14,-38.15909577116,
    27.466695131993));
#7394 = SURFACE_CURVE('',#7395,(#7399,#7405),.PCURVE_S1.);
#7395 = LINE('',#7396,#7397);
#7396 = CARTESIAN_POINT('',(-8.526512829121E-14,-400.,27.466695131993));
#7397 = VECTOR('',#7398,1.);
#7398 = DIRECTION('',(0.,1.,-0.));
#7399 = PCURVE('',#2845,#7400);
#7400 = DEFINITIONAL_REPRESENTATION('',(#7401),#7404);
#7401 = B_SPLINE_CURVE_WITH_KNOTS('',1,(#7402,#7403),.UNSPECIFIED.,.F.,
  .F.,(2,2),(350.,450.),.PIECEWISE_BEZIER_KNOTS.);
#7402 = CARTESIAN_POINT('',(400.,350.));
#7403 = CARTESIAN_POINT('',(400.,450.));
#7404 = ( GEOMETRIC_REPRESENTATION_CONTEXT(2) 
PARAMETRIC_REPRESENTATION_CONTEXT() REPRESENTATION_CONTEXT('2D SPACE',''
  ) );
#7405 = PCURVE('',#2290,#7406);
#7406 = DEFINITIONAL_REPRESENTATION('',(#7407),#7410);
#7407 = B_SPLINE_CURVE_WITH_KNOTS('',1,(#7408,#7409),.UNSPECIFIED.,.F.,
  .F.,(2,2),(350.,450.),.PIECEWISE_BEZIER_KNOTS.);
#7408 = CARTESIAN_POINT('',(400.,350.));
#7409 = CARTESIAN_POINT('',(400.,450.));
#7410 = ( GEOMETRIC_REPRESENTATION_CONTEXT(2) 
PARAMETRIC_REPRESENTATION_CONTEXT() REPRESENTATION_CONTEXT('2D SPACE',''
  ) );
#7411 = ORIENTED_EDGE('',*,*,#3206,.T.);
#7412 = ORIENTED_EDGE('',*,*,#3582,.F.);
#7413 = ORIENTED_EDGE('',*,*,#7361,.F.);
#7414 = ORIENTED_EDGE('',*,*,#2822,.T.);
#7415 = ORIENTED_EDGE('',*,*,#7416,.F.);
#7416 = EDGE_CURVE('',#7417,#2794,#7419,.T.);
#7417 = VERTEX_POINT('',#7418);
#7418 = CARTESIAN_POINT('',(-8.526512829121E-14,38.159095771172,
    27.466695131993));
#7419 = SURFACE_CURVE('',#7420,(#7424,#7430),.PCURVE_S1.);
#7420 = LINE('',#7421,#7422);
#7421 = CARTESIAN_POINT('',(-8.526512829121E-14,-400.,27.466695131993));
#7422 = VECTOR('',#7423,1.);
#7423 = DIRECTION('',(0.,1.,-0.));
#7424 = PCURVE('',#2845,#7425);
#7425 = DEFINITIONAL_REPRESENTATION('',(#7426),#7429);
#7426 = B_SPLINE_CURVE_WITH_KNOTS('',1,(#7427,#7428),.UNSPECIFIED.,.F.,
  .F.,(2,2),(350.,450.),.PIECEWISE_BEZIER_KNOTS.);
#7427 = CARTESIAN_POINT('',(400.,350.));
#7428 = CARTESIAN_POINT('',(400.,450.));
#7429 = ( GEOMETRIC_REPRESENTATION_CONTEXT(2) 
PARAMETRIC_REPRESENTATION_CONTEXT() REPRESENTATION_CONTEXT('2D SPACE',''
  ) );
#7430 = PCURVE('',#2290,#7431);
#7431 = DEFINITIONAL_REPRESENTATION('',(#7432),#7435);
#7432 = B_SPLINE_CURVE_WITH_KNOTS('',1,(#7433,#7434),.UNSPECIFIED.,.F.,
  .F.,(2,2),(350.,450.),.PIECEWISE_BEZIER_KNOTS.);
#7433 = CARTESIAN_POINT('',(400.,350.));
#7434 = CARTESIAN_POINT('',(400.,450.));
#7435 = ( GEOMETRIC_REPRESENTATION_CONTEXT(2) 
PARAMETRIC_REPRESENTATION_CONTEXT() REPRESENTATION_CONTEXT('2D SPACE',''
  ) );
#7436 = ORIENTED_EDGE('',*,*,#7437,.F.);
#7437 = EDGE_CURVE('',#7438,#7417,#7440,.T.);
#7438 = VERTEX_POINT('',#7439);
#7439 = CARTESIAN_POINT('',(9.305835446663,39.684206286396,
    23.202083574174));
#7440 = SURFACE_CURVE('',#7441,(#7446,#7453),.PCURVE_S1.);
#7441 = ELLIPSE('',#7442,7.40152785429,7.);
#7442 = AXIS2_PLACEMENT_3D('',#7443,#7444,#7445);
#7443 = CARTESIAN_POINT('',(5.485923531059,33.997044765024,
    24.952645423081));
#7444 = DIRECTION('',(0.416609256776,0.,0.909085654473));
#7445 = DIRECTION('',(-0.893410991524,0.184897710514,0.409425984606));
#7446 = PCURVE('',#2845,#7447);
#7447 = DEFINITIONAL_REPRESENTATION('',(#7448),#7452);
#7448 = ELLIPSE('',#7449,7.40152785429,7.);
#7449 = AXIS2_PLACEMENT_2D('',#7450,#7451);
#7450 = CARTESIAN_POINT('',(406.03455076434,433.99704476502));
#7451 = DIRECTION('',(-0.982757771095,0.184897710514));
#7452 = ( GEOMETRIC_REPRESENTATION_CONTEXT(2) 
PARAMETRIC_REPRESENTATION_CONTEXT() REPRESENTATION_CONTEXT('2D SPACE',''
  ) );
#7453 = PCURVE('',#7454,#7459);
#7454 = CYLINDRICAL_SURFACE('',#7455,7.);
#7455 = AXIS2_PLACEMENT_3D('',#7456,#7457,#7458);
#7456 = CARTESIAN_POINT('',(5.382178281945,33.936972739055,
    23.95985729111));
#7457 = DIRECTION('',(0.103745249114,6.007202596834E-02,0.992788131971)
  );
#7458 = DIRECTION('',(0.994584306361,0.,-0.103932947328));
#7459 = DEFINITIONAL_REPRESENTATION('',(#7460),#7477);
#7460 = B_SPLINE_CURVE_WITH_KNOTS('',8,(#7461,#7462,#7463,#7464,#7465,
    #7466,#7467,#7468,#7469,#7470,#7471,#7472,#7473,#7474,#7475,#7476),
  .UNSPECIFIED.,.F.,.F.,(9,7,9),(4.283510221746,6.28318530718,
    8.282860392613),.UNSPECIFIED.);
#7461 = CARTESIAN_POINT('',(0.965825411757,-5.999999643791E-07));
#7462 = CARTESIAN_POINT('',(1.215784797436,0.546640253492));
#7463 = CARTESIAN_POINT('',(1.465744183115,1.164687661272));
#7464 = CARTESIAN_POINT('',(1.71570356879,1.802087015189));
#7465 = CARTESIAN_POINT('',(1.965662954481,2.397322472252));
#7466 = CARTESIAN_POINT('',(2.215622340147,2.889586100526));
#7467 = CARTESIAN_POINT('',(2.465581725834,3.232996737635));
#7468 = CARTESIAN_POINT('',(2.715541111511,3.404706755061));
#7469 = CARTESIAN_POINT('',(3.215459882869,3.404706755061));
#7470 = CARTESIAN_POINT('',(3.465419268547,3.232996737636));
#7471 = CARTESIAN_POINT('',(3.715378654217,2.889586100519));
#7472 = CARTESIAN_POINT('',(3.965338039921,2.397322472249));
#7473 = CARTESIAN_POINT('',(4.215297425575,1.802087015179));
#7474 = CARTESIAN_POINT('',(4.465256811266,1.164687661272));
#7475 = CARTESIAN_POINT('',(4.715216196945,0.546640253492));
#7476 = CARTESIAN_POINT('',(4.965175582624,-5.999999643791E-07));
#7477 = ( GEOMETRIC_REPRESENTATION_CONTEXT(2) 
PARAMETRIC_REPRESENTATION_CONTEXT() REPRESENTATION_CONTEXT('2D SPACE',''
  ) );
#7478 = ORIENTED_EDGE('',*,*,#7479,.T.);
#7479 = EDGE_CURVE('',#7438,#7480,#7482,.T.);
#7480 = VERTEX_POINT('',#7481);
#7481 = CARTESIAN_POINT('',(7.165731134416,27.171677471423,
    24.18283523664));
#7482 = SURFACE_CURVE('',#7483,(#7487,#7493),.PCURVE_S1.);
#7483 = LINE('',#7484,#7485);
#7484 = CARTESIAN_POINT('',(-33.91971203175,-213.0422170339,
    43.0111776019));
#7485 = VECTOR('',#7486,1.);
#7486 = DIRECTION('',(-0.168087856173,-0.982757771095,7.703009775678E-02
    ));
#7487 = PCURVE('',#2845,#7488);
#7488 = DEFINITIONAL_REPRESENTATION('',(#7489),#7492);
#7489 = B_SPLINE_CURVE_WITH_KNOTS('',1,(#7490,#7491),.UNSPECIFIED.,.F.,
  .F.,(2,2),(-258.4223249702,-244.2024255783),.PIECEWISE_BEZIER_KNOTS.);
#7490 = CARTESIAN_POINT('',(410.46979733201,440.92433105483));
#7491 = CARTESIAN_POINT('',(407.84057049071,426.94961442327));
#7492 = ( GEOMETRIC_REPRESENTATION_CONTEXT(2) 
PARAMETRIC_REPRESENTATION_CONTEXT() REPRESENTATION_CONTEXT('2D SPACE',''
  ) );
#7493 = PCURVE('',#7494,#7499);
#7494 = PLANE('',#7495);
#7495 = AXIS2_PLACEMENT_3D('',#7496,#7497,#7498);
#7496 = CARTESIAN_POINT('',(5.382178281945,33.936972739055,
    23.95985729111));
#7497 = DIRECTION('',(0.103745249114,6.007202596834E-02,0.992788131971)
  );
#7498 = DIRECTION('',(0.994584306361,0.,-0.103932947328));
#7499 = DEFINITIONAL_REPRESENTATION('',(#7500),#7503);
#7500 = B_SPLINE_CURVE_WITH_KNOTS('',1,(#7501,#7502),.UNSPECIFIED.,.F.,
  .F.,(2,2),(-258.4223249702,-244.2024255783),.PIECEWISE_BEZIER_KNOTS.);
#7501 = CARTESIAN_POINT('',(4.202226488066,7.));
#7502 = CARTESIAN_POINT('',(1.711134615927,-7.));
#7503 = ( GEOMETRIC_REPRESENTATION_CONTEXT(2) 
PARAMETRIC_REPRESENTATION_CONTEXT() REPRESENTATION_CONTEXT('2D SPACE',''
  ) );
#7504 = ORIENTED_EDGE('',*,*,#7505,.F.);
#7505 = EDGE_CURVE('',#7506,#7480,#7508,.T.);
#7506 = VERTEX_POINT('',#7507);
#7507 = CARTESIAN_POINT('',(-8.526512829121E-14,30.067323336329,
    27.466695131993));
#7508 = SURFACE_CURVE('',#7509,(#7514,#7521),.PCURVE_S1.);
#7509 = ELLIPSE('',#7510,7.40152785429,7.);
#7510 = AXIS2_PLACEMENT_3D('',#7511,#7512,#7513);
#7511 = CARTESIAN_POINT('',(5.485923531059,33.997044765024,
    24.952645423081));
#7512 = DIRECTION('',(0.416609256776,0.,0.909085654473));
#7513 = DIRECTION('',(-0.893410991524,0.184897710514,0.409425984606));
#7514 = PCURVE('',#2845,#7515);
#7515 = DEFINITIONAL_REPRESENTATION('',(#7516),#7520);
#7516 = ELLIPSE('',#7517,7.40152785429,7.);
#7517 = AXIS2_PLACEMENT_2D('',#7518,#7519);
#7518 = CARTESIAN_POINT('',(406.03455076434,433.99704476502));
#7519 = DIRECTION('',(-0.982757771095,0.184897710514));
#7520 = ( GEOMETRIC_REPRESENTATION_CONTEXT(2) 
PARAMETRIC_REPRESENTATION_CONTEXT() REPRESENTATION_CONTEXT('2D SPACE',''
  ) );
#7521 = PCURVE('',#7454,#7522);
#7522 = DEFINITIONAL_REPRESENTATION('',(#7523),#7540);
#7523 = B_SPLINE_CURVE_WITH_KNOTS('',8,(#7524,#7525,#7526,#7527,#7528,
    #7529,#7530,#7531,#7532,#7533,#7534,#7535,#7536,#7537,#7538,#7539),
  .UNSPECIFIED.,.F.,.F.,(9,7,9),(4.283510221746,6.28318530718,
    8.282860392613),.UNSPECIFIED.);
#7524 = CARTESIAN_POINT('',(0.965825411757,-5.999999643791E-07));
#7525 = CARTESIAN_POINT('',(1.215784797436,0.546640253492));
#7526 = CARTESIAN_POINT('',(1.465744183115,1.164687661272));
#7527 = CARTESIAN_POINT('',(1.71570356879,1.802087015189));
#7528 = CARTESIAN_POINT('',(1.965662954481,2.397322472252));
#7529 = CARTESIAN_POINT('',(2.215622340147,2.889586100526));
#7530 = CARTESIAN_POINT('',(2.465581725834,3.232996737635));
#7531 = CARTESIAN_POINT('',(2.715541111511,3.404706755061));
#7532 = CARTESIAN_POINT('',(3.215459882869,3.404706755061));
#7533 = CARTESIAN_POINT('',(3.465419268547,3.232996737636));
#7534 = CARTESIAN_POINT('',(3.715378654217,2.889586100519));
#7535 = CARTESIAN_POINT('',(3.965338039921,2.397322472249));
#7536 = CARTESIAN_POINT('',(4.215297425575,1.802087015179));
#7537 = CARTESIAN_POINT('',(4.465256811266,1.164687661272));
#7538 = CARTESIAN_POINT('',(4.715216196945,0.546640253492));
#7539 = CARTESIAN_POINT('',(4.965175582624,-5.999999643791E-07));
#7540 = ( GEOMETRIC_REPRESENTATION_CONTEXT(2) 
PARAMETRIC_REPRESENTATION_CONTEXT() REPRESENTATION_CONTEXT('2D SPACE',''
  ) );
#7541 = ORIENTED_EDGE('',*,*,#7542,.F.);
#7542 = EDGE_CURVE('',#7543,#7506,#7545,.T.);
#7543 = VERTEX_POINT('',#7544);
#7544 = CARTESIAN_POINT('',(-8.526512829121E-14,-30.06732333634,
    27.466695131993));
#7545 = SURFACE_CURVE('',#7546,(#7550,#7556),.PCURVE_S1.);
#7546 = LINE('',#7547,#7548);
#7547 = CARTESIAN_POINT('',(-8.526512829121E-14,-400.,27.466695131993));
#7548 = VECTOR('',#7549,1.);
#7549 = DIRECTION('',(0.,1.,-0.));
#7550 = PCURVE('',#2845,#7551);
#7551 = DEFINITIONAL_REPRESENTATION('',(#7552),#7555);
#7552 = B_SPLINE_CURVE_WITH_KNOTS('',1,(#7553,#7554),.UNSPECIFIED.,.F.,
  .F.,(2,2),(350.,450.),.PIECEWISE_BEZIER_KNOTS.);
#7553 = CARTESIAN_POINT('',(400.,350.));
#7554 = CARTESIAN_POINT('',(400.,450.));
#7555 = ( GEOMETRIC_REPRESENTATION_CONTEXT(2) 
PARAMETRIC_REPRESENTATION_CONTEXT() REPRESENTATION_CONTEXT('2D SPACE',''
  ) );
#7556 = PCURVE('',#2290,#7557);
#7557 = DEFINITIONAL_REPRESENTATION('',(#7558),#7561);
#7558 = B_SPLINE_CURVE_WITH_KNOTS('',1,(#7559,#7560),.UNSPECIFIED.,.F.,
  .F.,(2,2),(350.,450.),.PIECEWISE_BEZIER_KNOTS.);
#7559 = CARTESIAN_POINT('',(400.,350.));
#7560 = CARTESIAN_POINT('',(400.,450.));
#7561 = ( GEOMETRIC_REPRESENTATION_CONTEXT(2) 
PARAMETRIC_REPRESENTATION_CONTEXT() REPRESENTATION_CONTEXT('2D SPACE',''
  ) );
#7562 = ORIENTED_EDGE('',*,*,#7563,.F.);
#7563 = EDGE_CURVE('',#7564,#7543,#7566,.T.);
#7564 = VERTEX_POINT('',#7565);
#7565 = CARTESIAN_POINT('',(7.165731134416,-27.17167747142,
    24.18283523664));
#7566 = SURFACE_CURVE('',#7567,(#7572,#7579),.PCURVE_S1.);
#7567 = ELLIPSE('',#7568,7.40152785429,7.);
#7568 = AXIS2_PLACEMENT_3D('',#7569,#7570,#7571);
#7569 = CARTESIAN_POINT('',(5.485923531059,-33.99704476502,
    24.952645423081));
#7570 = DIRECTION('',(0.416609256776,0.,0.909085654473));
#7571 = DIRECTION('',(-0.893410991524,-0.184897710514,0.409425984606));
#7572 = PCURVE('',#2845,#7573);
#7573 = DEFINITIONAL_REPRESENTATION('',(#7574),#7578);
#7574 = ELLIPSE('',#7575,7.40152785429,7.);
#7575 = AXIS2_PLACEMENT_2D('',#7576,#7577);
#7576 = CARTESIAN_POINT('',(406.03455076434,366.00295523497));
#7577 = DIRECTION('',(-0.982757771095,-0.184897710514));
#7578 = ( GEOMETRIC_REPRESENTATION_CONTEXT(2) 
PARAMETRIC_REPRESENTATION_CONTEXT() REPRESENTATION_CONTEXT('2D SPACE',''
  ) );
#7579 = PCURVE('',#7580,#7585);
#7580 = CYLINDRICAL_SURFACE('',#7581,7.);
#7581 = AXIS2_PLACEMENT_3D('',#7582,#7583,#7584);
#7582 = CARTESIAN_POINT('',(5.382178281945,-33.93697273905,
    23.95985729111));
#7583 = DIRECTION('',(0.103745249114,-6.007202596834E-02,0.992788131971)
  );
#7584 = DIRECTION('',(0.994584306361,0.,-0.103932947328));
#7585 = DEFINITIONAL_REPRESENTATION('',(#7586),#7603);
#7586 = B_SPLINE_CURVE_WITH_KNOTS('',8,(#7587,#7588,#7589,#7590,#7591,
    #7592,#7593,#7594,#7595,#7596,#7597,#7598,#7599,#7600,#7601,#7602),
  .UNSPECIFIED.,.F.,.F.,(9,7,9),(4.283510221746,6.28318530718,
    8.282860392613),.UNSPECIFIED.);
#7587 = CARTESIAN_POINT('',(1.318009724556,-5.999999501682E-07));
#7588 = CARTESIAN_POINT('',(1.567969110235,0.546640253492));
#7589 = CARTESIAN_POINT('',(1.817928495913,1.164687661273));
#7590 = CARTESIAN_POINT('',(2.067887881594,1.80208701518));
#7591 = CARTESIAN_POINT('',(2.317847267266,2.397322472249));
#7592 = CARTESIAN_POINT('',(2.567806652949,2.889586100517));
#7593 = CARTESIAN_POINT('',(2.81776603863,3.232996737635));
#7594 = CARTESIAN_POINT('',(3.06772542431,3.404706755061));
#7595 = CARTESIAN_POINT('',(3.567644195669,3.404706755061));
#7596 = CARTESIAN_POINT('',(3.817603581349,3.232996737636));
#7597 = CARTESIAN_POINT('',(4.067562967019,2.889586100518));
#7598 = CARTESIAN_POINT('',(4.317522352725,2.397322472254));
#7599 = CARTESIAN_POINT('',(4.567481738377,1.802087015179));
#7600 = CARTESIAN_POINT('',(4.817441124066,1.164687661274));
#7601 = CARTESIAN_POINT('',(5.067400509744,0.546640253492));
#7602 = CARTESIAN_POINT('',(5.317359895423,-5.999999501682E-07));
#7603 = ( GEOMETRIC_REPRESENTATION_CONTEXT(2) 
PARAMETRIC_REPRESENTATION_CONTEXT() REPRESENTATION_CONTEXT('2D SPACE',''
  ) );
#7604 = ORIENTED_EDGE('',*,*,#7605,.T.);
#7605 = EDGE_CURVE('',#7564,#7606,#7608,.T.);
#7606 = VERTEX_POINT('',#7607);
#7607 = CARTESIAN_POINT('',(9.305835446663,-39.68420628639,
    23.202083574174));
#7608 = SURFACE_CURVE('',#7609,(#7613,#7619),.PCURVE_S1.);
#7609 = LINE('',#7610,#7611);
#7610 = CARTESIAN_POINT('',(32.15614672056,-173.2829176247,
    12.73040673044));
#7611 = VECTOR('',#7612,1.);
#7612 = DIRECTION('',(0.168087856173,-0.982757771095,-7.703009775678E-02
    ));
#7613 = PCURVE('',#2845,#7614);
#7614 = DEFINITIONAL_REPRESENTATION('',(#7615),#7618);
#7615 = B_SPLINE_CURVE_WITH_KNOTS('',1,(#7616,#7617),.UNSPECIFIED.,.F.,
  .F.,(2,2),(-148.9006828594,-134.6807834675),.PIECEWISE_BEZIER_KNOTS.);
#7616 = CARTESIAN_POINT('',(407.84057049071,373.05038557672));
#7617 = CARTESIAN_POINT('',(410.46979733201,359.07566894516));
#7618 = ( GEOMETRIC_REPRESENTATION_CONTEXT(2) 
PARAMETRIC_REPRESENTATION_CONTEXT() REPRESENTATION_CONTEXT('2D SPACE',''
  ) );
#7619 = PCURVE('',#7620,#7625);
#7620 = PLANE('',#7621);
#7621 = AXIS2_PLACEMENT_3D('',#7622,#7623,#7624);
#7622 = CARTESIAN_POINT('',(5.382178281945,-33.93697273905,
    23.95985729111));
#7623 = DIRECTION('',(0.103745249114,-6.007202596834E-02,0.992788131971)
  );
#7624 = DIRECTION('',(0.994584306361,0.,-0.103932947328));
#7625 = DEFINITIONAL_REPRESENTATION('',(#7626),#7629);
#7626 = B_SPLINE_CURVE_WITH_KNOTS('',1,(#7627,#7628),.UNSPECIFIED.,.F.,
  .F.,(2,2),(-148.9006828594,-134.6807834675),.PIECEWISE_BEZIER_KNOTS.);
#7627 = CARTESIAN_POINT('',(1.711134615927,7.));
#7628 = CARTESIAN_POINT('',(4.202226488066,-7.));
#7629 = ( GEOMETRIC_REPRESENTATION_CONTEXT(2) 
PARAMETRIC_REPRESENTATION_CONTEXT() REPRESENTATION_CONTEXT('2D SPACE',''
  ) );
#7630 = ORIENTED_EDGE('',*,*,#7631,.F.);
#7631 = EDGE_CURVE('',#7392,#7606,#7632,.T.);
#7632 = SURFACE_CURVE('',#7633,(#7638,#7645),.PCURVE_S1.);
#7633 = ELLIPSE('',#7634,7.40152785429,7.);
#7634 = AXIS2_PLACEMENT_3D('',#7635,#7636,#7637);
#7635 = CARTESIAN_POINT('',(5.485923531059,-33.99704476502,
    24.952645423081));
#7636 = DIRECTION('',(0.416609256776,0.,0.909085654473));
#7637 = DIRECTION('',(-0.893410991524,-0.184897710514,0.409425984606));
#7638 = PCURVE('',#2845,#7639);
#7639 = DEFINITIONAL_REPRESENTATION('',(#7640),#7644);
#7640 = ELLIPSE('',#7641,7.40152785429,7.);
#7641 = AXIS2_PLACEMENT_2D('',#7642,#7643);
#7642 = CARTESIAN_POINT('',(406.03455076434,366.00295523497));
#7643 = DIRECTION('',(-0.982757771095,-0.184897710514));
#7644 = ( GEOMETRIC_REPRESENTATION_CONTEXT(2) 
PARAMETRIC_REPRESENTATION_CONTEXT() REPRESENTATION_CONTEXT('2D SPACE',''
  ) );
#7645 = PCURVE('',#7580,#7646);
#7646 = DEFINITIONAL_REPRESENTATION('',(#7647),#7664);
#7647 = B_SPLINE_CURVE_WITH_KNOTS('',8,(#7648,#7649,#7650,#7651,#7652,
    #7653,#7654,#7655,#7656,#7657,#7658,#7659,#7660,#7661,#7662,#7663),
  .UNSPECIFIED.,.F.,.F.,(9,7,9),(4.283510221746,6.28318530718,
    8.282860392613),.UNSPECIFIED.);
#7648 = CARTESIAN_POINT('',(1.318009724556,-5.999999501682E-07));
#7649 = CARTESIAN_POINT('',(1.567969110235,0.546640253492));
#7650 = CARTESIAN_POINT('',(1.817928495913,1.164687661273));
#7651 = CARTESIAN_POINT('',(2.067887881594,1.80208701518));
#7652 = CARTESIAN_POINT('',(2.317847267266,2.397322472249));
#7653 = CARTESIAN_POINT('',(2.567806652949,2.889586100517));
#7654 = CARTESIAN_POINT('',(2.81776603863,3.232996737635));
#7655 = CARTESIAN_POINT('',(3.06772542431,3.404706755061));
#7656 = CARTESIAN_POINT('',(3.567644195669,3.404706755061));
#7657 = CARTESIAN_POINT('',(3.817603581349,3.232996737636));
#7658 = CARTESIAN_POINT('',(4.067562967019,2.889586100518));
#7659 = CARTESIAN_POINT('',(4.317522352725,2.397322472254));
#7660 = CARTESIAN_POINT('',(4.567481738377,1.802087015179));
#7661 = CARTESIAN_POINT('',(4.817441124066,1.164687661274));
#7662 = CARTESIAN_POINT('',(5.067400509744,0.546640253492));
#7663 = CARTESIAN_POINT('',(5.317359895423,-5.999999501682E-07));
#7664 = ( GEOMETRIC_REPRESENTATION_CONTEXT(2) 
PARAMETRIC_REPRESENTATION_CONTEXT() REPRESENTATION_CONTEXT('2D SPACE',''
  ) );
#7665 = ADVANCED_FACE('',(#7666),#7494,.T.);
#7666 = FACE_BOUND('',#7667,.T.);
#7667 = EDGE_LOOP('',(#7668,#7692,#7714));
#7668 = ORIENTED_EDGE('',*,*,#7669,.T.);
#7669 = EDGE_CURVE('',#7480,#7670,#7672,.T.);
#7670 = VERTEX_POINT('',#7671);
#7671 = CARTESIAN_POINT('',(12.344268426473,33.936972739055,
    23.232326659812));
#7672 = SURFACE_CURVE('',#7673,(#7678,#7685),.PCURVE_S1.);
#7673 = CIRCLE('',#7674,7.);
#7674 = AXIS2_PLACEMENT_3D('',#7675,#7676,#7677);
#7675 = CARTESIAN_POINT('',(5.382178281945,33.936972739055,
    23.95985729111));
#7676 = DIRECTION('',(0.103745249114,6.007202596834E-02,0.992788131971)
  );
#7677 = DIRECTION('',(0.994584306361,-8.673617379884E-19,-0.103932947328
    ));
#7678 = PCURVE('',#7494,#7679);
#7679 = DEFINITIONAL_REPRESENTATION('',(#7680),#7684);
#7680 = CIRCLE('',#7681,7.);
#7681 = AXIS2_PLACEMENT_2D('',#7682,#7683);
#7682 = CARTESIAN_POINT('',(0.,0.));
#7683 = DIRECTION('',(1.,0.));
#7684 = ( GEOMETRIC_REPRESENTATION_CONTEXT(2) 
PARAMETRIC_REPRESENTATION_CONTEXT() REPRESENTATION_CONTEXT('2D SPACE',''
  ) );
#7685 = PCURVE('',#7454,#7686);
#7686 = DEFINITIONAL_REPRESENTATION('',(#7687),#7691);
#7687 = LINE('',#7688,#7689);
#7688 = CARTESIAN_POINT('',(0.,0.));
#7689 = VECTOR('',#7690,1.);
#7690 = DIRECTION('',(1.,0.));
#7691 = ( GEOMETRIC_REPRESENTATION_CONTEXT(2) 
PARAMETRIC_REPRESENTATION_CONTEXT() REPRESENTATION_CONTEXT('2D SPACE',''
  ) );
#7692 = ORIENTED_EDGE('',*,*,#7693,.T.);
#7693 = EDGE_CURVE('',#7670,#7438,#7694,.T.);
#7694 = SURFACE_CURVE('',#7695,(#7700,#7707),.PCURVE_S1.);
#7695 = CIRCLE('',#7696,7.);
#7696 = AXIS2_PLACEMENT_3D('',#7697,#7698,#7699);
#7697 = CARTESIAN_POINT('',(5.382178281945,33.936972739055,
    23.95985729111));
#7698 = DIRECTION('',(0.103745249114,6.007202596834E-02,0.992788131971)
  );
#7699 = DIRECTION('',(0.994584306361,-8.673617379884E-19,-0.103932947328
    ));
#7700 = PCURVE('',#7494,#7701);
#7701 = DEFINITIONAL_REPRESENTATION('',(#7702),#7706);
#7702 = CIRCLE('',#7703,7.);
#7703 = AXIS2_PLACEMENT_2D('',#7704,#7705);
#7704 = CARTESIAN_POINT('',(0.,0.));
#7705 = DIRECTION('',(1.,0.));
#7706 = ( GEOMETRIC_REPRESENTATION_CONTEXT(2) 
PARAMETRIC_REPRESENTATION_CONTEXT() REPRESENTATION_CONTEXT('2D SPACE',''
  ) );
#7707 = PCURVE('',#7454,#7708);
#7708 = DEFINITIONAL_REPRESENTATION('',(#7709),#7713);
#7709 = LINE('',#7710,#7711);
#7710 = CARTESIAN_POINT('',(0.,0.));
#7711 = VECTOR('',#7712,1.);
#7712 = DIRECTION('',(1.,0.));
#7713 = ( GEOMETRIC_REPRESENTATION_CONTEXT(2) 
PARAMETRIC_REPRESENTATION_CONTEXT() REPRESENTATION_CONTEXT('2D SPACE',''
  ) );
#7714 = ORIENTED_EDGE('',*,*,#7479,.T.);
#7715 = ADVANCED_FACE('',(#7716),#7454,.F.);
#7716 = FACE_BOUND('',#7717,.F.);
#7717 = EDGE_LOOP('',(#7718,#7769,#7790,#7791,#7792,#7820,#7821,#7822));
#7718 = ORIENTED_EDGE('',*,*,#7719,.F.);
#7719 = EDGE_CURVE('',#7720,#7720,#7722,.T.);
#7720 = VERTEX_POINT('',#7721);
#7721 = CARTESIAN_POINT('',(18.951594053746,37.762838887651,86.461));
#7722 = SURFACE_CURVE('',#7723,(#7728,#7762),.PCURVE_S1.);
#7723 = ELLIPSE('',#7724,7.050849798238,7.);
#7724 = AXIS2_PLACEMENT_3D('',#7725,#7726,#7727);
#7725 = CARTESIAN_POINT('',(11.91347777217,37.718817169856,86.461));
#7726 = DIRECTION('',(0.,0.,1.));
#7727 = DIRECTION('',(0.865393777931,0.501092415746,-0.));
#7728 = PCURVE('',#7454,#7729);
#7729 = DEFINITIONAL_REPRESENTATION('',(#7730),#7761);
#7730 = B_SPLINE_CURVE_WITH_KNOTS('',8,(#7731,#7732,#7733,#7734,#7735,
    #7736,#7737,#7738,#7739,#7740,#7741,#7742,#7743,#7744,#7745,#7746,
    #7747,#7748,#7749,#7750,#7751,#7752,#7753,#7754,#7755,#7756,#7757,
    #7758,#7759,#7760),.UNSPECIFIED.,.F.,.F.,(9,7,7,7,9),(5.761457692508
    ,7.332254019303,9.688448509496,10.866545754592,12.044642999688),
  .UNSPECIFIED.);
#7731 = CARTESIAN_POINT('',(0.,63.687982666214));
#7732 = CARTESIAN_POINT('',(0.196349540849,63.77069784912));
#7733 = CARTESIAN_POINT('',(0.392699081699,63.821123786278));
#7734 = CARTESIAN_POINT('',(0.589048622548,63.834406967873));
#7735 = CARTESIAN_POINT('',(0.785398163397,63.808326509432));
#7736 = CARTESIAN_POINT('',(0.981747704247,63.743962329058));
#7737 = CARTESIAN_POINT('',(1.178097245096,63.64564597723));
#7738 = CARTESIAN_POINT('',(1.374446785946,63.520320039544));
#7739 = CARTESIAN_POINT('',(1.865320638069,63.160600022732));
#7740 = CARTESIAN_POINT('',(2.159844949341,62.903003547231));
#7741 = CARTESIAN_POINT('',(2.454369260611,62.632187068666));
#7742 = CARTESIAN_POINT('',(2.74889357189,62.384340770775));
#7743 = CARTESIAN_POINT('',(3.043417883158,62.195729753847));
#7744 = CARTESIAN_POINT('',(3.337942194438,62.09024447039));
#7745 = CARTESIAN_POINT('',(3.632466505713,62.074225292022));
#7746 = CARTESIAN_POINT('',(4.074252972624,62.171550658752));
#7747 = CARTESIAN_POINT('',(4.221515128261,62.224217827665));
#7748 = CARTESIAN_POINT('',(4.368777283899,62.296037900182));
#7749 = CARTESIAN_POINT('',(4.516039439537,62.385004388474));
#7750 = CARTESIAN_POINT('',(4.663301595173,62.48824601628));
#7751 = CARTESIAN_POINT('',(4.81056375081,62.602217624431));
#7752 = CARTESIAN_POINT('',(4.957825906446,62.722963687955));
#7753 = CARTESIAN_POINT('',(5.25235021772,62.969847059691));
#7754 = CARTESIAN_POINT('',(5.399612373358,63.095984277539));
#7755 = CARTESIAN_POINT('',(5.546874528995,63.220738061553));
#7756 = CARTESIAN_POINT('',(5.694136684632,63.33990386912));
#7757 = CARTESIAN_POINT('',(5.841398840269,63.449437037149));
#7758 = CARTESIAN_POINT('',(5.988660995905,63.545747628125));
#7759 = CARTESIAN_POINT('',(6.135923151543,63.625946279034));
#7760 = CARTESIAN_POINT('',(6.28318530718,63.687982666214));
#7761 = ( GEOMETRIC_REPRESENTATION_CONTEXT(2) 
PARAMETRIC_REPRESENTATION_CONTEXT() REPRESENTATION_CONTEXT('2D SPACE',''
  ) );
#7762 = PCURVE('',#126,#7763);
#7763 = DEFINITIONAL_REPRESENTATION('',(#7764),#7768);
#7764 = ELLIPSE('',#7765,7.050849798238,7.);
#7765 = AXIS2_PLACEMENT_2D('',#7766,#7767);
#7766 = CARTESIAN_POINT('',(119.13047777217,102.71881716985));
#7767 = DIRECTION('',(0.865393777931,0.501092415746));
#7768 = ( GEOMETRIC_REPRESENTATION_CONTEXT(2) 
PARAMETRIC_REPRESENTATION_CONTEXT() REPRESENTATION_CONTEXT('2D SPACE',''
  ) );
#7769 = ORIENTED_EDGE('',*,*,#7770,.F.);
#7770 = EDGE_CURVE('',#7670,#7720,#7771,.T.);
#7771 = SEAM_CURVE('',#7772,(#7776,#7783),.PCURVE_S1.);
#7772 = LINE('',#7773,#7774);
#7773 = CARTESIAN_POINT('',(12.344268426473,33.936972739055,
    23.232326659812));
#7774 = VECTOR('',#7775,1.);
#7775 = DIRECTION('',(0.103745249114,6.007202596834E-02,0.992788131971)
  );
#7776 = PCURVE('',#7454,#7777);
#7777 = DEFINITIONAL_REPRESENTATION('',(#7778),#7782);
#7778 = LINE('',#7779,#7780);
#7779 = CARTESIAN_POINT('',(6.28318530718,-0.));
#7780 = VECTOR('',#7781,1.);
#7781 = DIRECTION('',(0.,1.));
#7782 = ( GEOMETRIC_REPRESENTATION_CONTEXT(2) 
PARAMETRIC_REPRESENTATION_CONTEXT() REPRESENTATION_CONTEXT('2D SPACE',''
  ) );
#7783 = PCURVE('',#7454,#7784);
#7784 = DEFINITIONAL_REPRESENTATION('',(#7785),#7789);
#7785 = LINE('',#7786,#7787);
#7786 = CARTESIAN_POINT('',(0.,-0.));
#7787 = VECTOR('',#7788,1.);
#7788 = DIRECTION('',(0.,1.));
#7789 = ( GEOMETRIC_REPRESENTATION_CONTEXT(2) 
PARAMETRIC_REPRESENTATION_CONTEXT() REPRESENTATION_CONTEXT('2D SPACE',''
  ) );
#7790 = ORIENTED_EDGE('',*,*,#7693,.T.);
#7791 = ORIENTED_EDGE('',*,*,#7437,.T.);
#7792 = ORIENTED_EDGE('',*,*,#7793,.T.);
#7793 = EDGE_CURVE('',#7417,#7506,#7794,.T.);
#7794 = SURFACE_CURVE('',#7795,(#7800,#7813),.PCURVE_S1.);
#7795 = ELLIPSE('',#7796,9.067434241306,7.);
#7796 = AXIS2_PLACEMENT_3D('',#7797,#7798,#7799);
#7797 = CARTESIAN_POINT('',(6.17362452613,34.395247018979,
    31.533586642864));
#7798 = DIRECTION('',(-0.550116416595,6.938893903907E-18,0.835087976319)
  );
#7799 = DIRECTION('',(0.831350225029,9.450778306129E-02,0.547654163032)
  );
#7800 = PCURVE('',#7454,#7801);
#7801 = DEFINITIONAL_REPRESENTATION('',(#7802),#7812);
#7802 = B_SPLINE_CURVE_WITH_KNOTS('',8,(#7803,#7804,#7805,#7806,#7807,
    #7808,#7809,#7810,#7811),.UNSPECIFIED.,.F.,.F.,(9,9),(1.96574131356,
    4.171130737958),.PIECEWISE_BEZIER_KNOTS.);
#7803 = CARTESIAN_POINT('',(2.03889794139,5.411183126026));
#7804 = CARTESIAN_POINT('',(2.31457161944,3.944641267694));
#7805 = CARTESIAN_POINT('',(2.590245297491,2.67069937211));
#7806 = CARTESIAN_POINT('',(2.865918975527,1.75919930111));
#7807 = CARTESIAN_POINT('',(3.141592653606,1.348687260301));
#7808 = CARTESIAN_POINT('',(3.417266331619,1.50545995963));
#7809 = CARTESIAN_POINT('',(3.692940009691,2.193699705862));
#7810 = CARTESIAN_POINT('',(3.968613687739,3.297540853327));
#7811 = CARTESIAN_POINT('',(4.244287365789,4.659287141073));
#7812 = ( GEOMETRIC_REPRESENTATION_CONTEXT(2) 
PARAMETRIC_REPRESENTATION_CONTEXT() REPRESENTATION_CONTEXT('2D SPACE',''
  ) );
#7813 = PCURVE('',#2290,#7814);
#7814 = DEFINITIONAL_REPRESENTATION('',(#7815),#7819);
#7815 = ELLIPSE('',#7816,9.067434241306,7.);
#7816 = AXIS2_PLACEMENT_2D('',#7817,#7818);
#7817 = CARTESIAN_POINT('',(407.39278339672,434.39524701897));
#7818 = DIRECTION('',(0.995524122732,9.450778306129E-02));
#7819 = ( GEOMETRIC_REPRESENTATION_CONTEXT(2) 
PARAMETRIC_REPRESENTATION_CONTEXT() REPRESENTATION_CONTEXT('2D SPACE',''
  ) );
#7820 = ORIENTED_EDGE('',*,*,#7505,.T.);
#7821 = ORIENTED_EDGE('',*,*,#7669,.T.);
#7822 = ORIENTED_EDGE('',*,*,#7770,.T.);
#7823 = ADVANCED_FACE('',(#7824),#7620,.T.);
#7824 = FACE_BOUND('',#7825,.T.);
#7825 = EDGE_LOOP('',(#7826,#7850,#7872));
#7826 = ORIENTED_EDGE('',*,*,#7827,.T.);
#7827 = EDGE_CURVE('',#7606,#7828,#7830,.T.);
#7828 = VERTEX_POINT('',#7829);
#7829 = CARTESIAN_POINT('',(12.344268426473,-33.93697273905,
    23.232326659812));
#7830 = SURFACE_CURVE('',#7831,(#7836,#7843),.PCURVE_S1.);
#7831 = CIRCLE('',#7832,7.);
#7832 = AXIS2_PLACEMENT_3D('',#7833,#7834,#7835);
#7833 = CARTESIAN_POINT('',(5.382178281945,-33.93697273905,
    23.95985729111));
#7834 = DIRECTION('',(0.103745249114,-6.007202596834E-02,0.992788131971)
  );
#7835 = DIRECTION('',(0.994584306361,8.673617379884E-19,-0.103932947328)
  );
#7836 = PCURVE('',#7620,#7837);
#7837 = DEFINITIONAL_REPRESENTATION('',(#7838),#7842);
#7838 = CIRCLE('',#7839,7.);
#7839 = AXIS2_PLACEMENT_2D('',#7840,#7841);
#7840 = CARTESIAN_POINT('',(0.,0.));
#7841 = DIRECTION('',(1.,0.));
#7842 = ( GEOMETRIC_REPRESENTATION_CONTEXT(2) 
PARAMETRIC_REPRESENTATION_CONTEXT() REPRESENTATION_CONTEXT('2D SPACE',''
  ) );
#7843 = PCURVE('',#7580,#7844);
#7844 = DEFINITIONAL_REPRESENTATION('',(#7845),#7849);
#7845 = LINE('',#7846,#7847);
#7846 = CARTESIAN_POINT('',(0.,0.));
#7847 = VECTOR('',#7848,1.);
#7848 = DIRECTION('',(1.,0.));
#7849 = ( GEOMETRIC_REPRESENTATION_CONTEXT(2) 
PARAMETRIC_REPRESENTATION_CONTEXT() REPRESENTATION_CONTEXT('2D SPACE',''
  ) );
#7850 = ORIENTED_EDGE('',*,*,#7851,.T.);
#7851 = EDGE_CURVE('',#7828,#7564,#7852,.T.);
#7852 = SURFACE_CURVE('',#7853,(#7858,#7865),.PCURVE_S1.);
#7853 = CIRCLE('',#7854,7.);
#7854 = AXIS2_PLACEMENT_3D('',#7855,#7856,#7857);
#7855 = CARTESIAN_POINT('',(5.382178281945,-33.93697273905,
    23.95985729111));
#7856 = DIRECTION('',(0.103745249114,-6.007202596834E-02,0.992788131971)
  );
#7857 = DIRECTION('',(0.994584306361,8.673617379884E-19,-0.103932947328)
  );
#7858 = PCURVE('',#7620,#7859);
#7859 = DEFINITIONAL_REPRESENTATION('',(#7860),#7864);
#7860 = CIRCLE('',#7861,7.);
#7861 = AXIS2_PLACEMENT_2D('',#7862,#7863);
#7862 = CARTESIAN_POINT('',(0.,0.));
#7863 = DIRECTION('',(1.,0.));
#7864 = ( GEOMETRIC_REPRESENTATION_CONTEXT(2) 
PARAMETRIC_REPRESENTATION_CONTEXT() REPRESENTATION_CONTEXT('2D SPACE',''
  ) );
#7865 = PCURVE('',#7580,#7866);
#7866 = DEFINITIONAL_REPRESENTATION('',(#7867),#7871);
#7867 = LINE('',#7868,#7869);
#7868 = CARTESIAN_POINT('',(0.,0.));
#7869 = VECTOR('',#7870,1.);
#7870 = DIRECTION('',(1.,0.));
#7871 = ( GEOMETRIC_REPRESENTATION_CONTEXT(2) 
PARAMETRIC_REPRESENTATION_CONTEXT() REPRESENTATION_CONTEXT('2D SPACE',''
  ) );
#7872 = ORIENTED_EDGE('',*,*,#7605,.T.);
#7873 = ADVANCED_FACE('',(#7874),#7580,.F.);
#7874 = FACE_BOUND('',#7875,.F.);
#7875 = EDGE_LOOP('',(#7876,#7920,#7941,#7942,#7943,#7971,#7972,#7973));
#7876 = ORIENTED_EDGE('',*,*,#7877,.F.);
#7877 = EDGE_CURVE('',#7878,#7878,#7880,.T.);
#7878 = VERTEX_POINT('',#7879);
#7879 = CARTESIAN_POINT('',(18.951594053746,-37.76283888765,86.461));
#7880 = SURFACE_CURVE('',#7881,(#7886,#7913),.PCURVE_S1.);
#7881 = ELLIPSE('',#7882,7.050849798238,7.);
#7882 = AXIS2_PLACEMENT_3D('',#7883,#7884,#7885);
#7883 = CARTESIAN_POINT('',(11.91347777217,-37.71881716985,86.461));
#7884 = DIRECTION('',(0.,0.,1.));
#7885 = DIRECTION('',(0.865393777931,-0.501092415746,0.));
#7886 = PCURVE('',#7580,#7887);
#7887 = DEFINITIONAL_REPRESENTATION('',(#7888),#7912);
#7888 = B_SPLINE_CURVE_WITH_KNOTS('',8,(#7889,#7890,#7891,#7892,#7893,
    #7894,#7895,#7896,#7897,#7898,#7899,#7900,#7901,#7902,#7903,#7904,
    #7905,#7906,#7907,#7908,#7909,#7910,#7911),.UNSPECIFIED.,.F.,.F.,(9,
    7,7,9),(0.521727614671,2.092523941466,4.448718431658,6.804912921851)
  ,.UNSPECIFIED.);
#7889 = CARTESIAN_POINT('',(-8.881784197001E-16,63.687982666214));
#7890 = CARTESIAN_POINT('',(0.196349540849,63.605267483308));
#7891 = CARTESIAN_POINT('',(0.392699081699,63.490263630435));
#7892 = CARTESIAN_POINT('',(0.589048622548,63.347832424146));
#7893 = CARTESIAN_POINT('',(0.785398163398,63.185482324698));
#7894 = CARTESIAN_POINT('',(0.981747704248,63.012797316104));
#7895 = CARTESIAN_POINT('',(1.178097245096,62.840239179088));
#7896 = CARTESIAN_POINT('',(1.374446785946,62.677790104933));
#7897 = CARTESIAN_POINT('',(1.865320638069,62.318070088122));
#7898 = CARTESIAN_POINT('',(2.159844949347,62.144000979279));
#7899 = CARTESIAN_POINT('',(2.454369260581,62.040223406395));
#7900 = CARTESIAN_POINT('',(2.748893571913,62.027537413989));
#7901 = CARTESIAN_POINT('',(3.043417883154,62.11111258241));
#7902 = CARTESIAN_POINT('',(3.337942194442,62.276008897039));
#7903 = CARTESIAN_POINT('',(3.632466505713,62.494518521918));
#7904 = CARTESIAN_POINT('',(4.221515128261,62.975216477998));
#7905 = CARTESIAN_POINT('',(4.516039439523,63.237406551001));
#7906 = CARTESIAN_POINT('',(4.810563750809,63.489655484969));
#7907 = CARTESIAN_POINT('',(5.105088062058,63.696207205474));
#7908 = CARTESIAN_POINT('',(5.399612373342,63.825860365469));
#7909 = CARTESIAN_POINT('',(5.694136684625,63.863478240164));
#7910 = CARTESIAN_POINT('',(5.988660995906,63.812055440573));
#7911 = CARTESIAN_POINT('',(6.28318530718,63.687982666214));
#7912 = ( GEOMETRIC_REPRESENTATION_CONTEXT(2) 
PARAMETRIC_REPRESENTATION_CONTEXT() REPRESENTATION_CONTEXT('2D SPACE',''
  ) );
#7913 = PCURVE('',#126,#7914);
#7914 = DEFINITIONAL_REPRESENTATION('',(#7915),#7919);
#7915 = ELLIPSE('',#7916,7.050849798238,7.);
#7916 = AXIS2_PLACEMENT_2D('',#7917,#7918);
#7917 = CARTESIAN_POINT('',(119.13047777217,27.281182830144));
#7918 = DIRECTION('',(0.865393777931,-0.501092415746));
#7919 = ( GEOMETRIC_REPRESENTATION_CONTEXT(2) 
PARAMETRIC_REPRESENTATION_CONTEXT() REPRESENTATION_CONTEXT('2D SPACE',''
  ) );
#7920 = ORIENTED_EDGE('',*,*,#7921,.F.);
#7921 = EDGE_CURVE('',#7828,#7878,#7922,.T.);
#7922 = SEAM_CURVE('',#7923,(#7927,#7934),.PCURVE_S1.);
#7923 = LINE('',#7924,#7925);
#7924 = CARTESIAN_POINT('',(12.344268426473,-33.93697273905,
    23.232326659812));
#7925 = VECTOR('',#7926,1.);
#7926 = DIRECTION('',(0.103745249114,-6.007202596834E-02,0.992788131971)
  );
#7927 = PCURVE('',#7580,#7928);
#7928 = DEFINITIONAL_REPRESENTATION('',(#7929),#7933);
#7929 = LINE('',#7930,#7931);
#7930 = CARTESIAN_POINT('',(6.28318530718,-0.));
#7931 = VECTOR('',#7932,1.);
#7932 = DIRECTION('',(0.,1.));
#7933 = ( GEOMETRIC_REPRESENTATION_CONTEXT(2) 
PARAMETRIC_REPRESENTATION_CONTEXT() REPRESENTATION_CONTEXT('2D SPACE',''
  ) );
#7934 = PCURVE('',#7580,#7935);
#7935 = DEFINITIONAL_REPRESENTATION('',(#7936),#7940);
#7936 = LINE('',#7937,#7938);
#7937 = CARTESIAN_POINT('',(0.,-0.));
#7938 = VECTOR('',#7939,1.);
#7939 = DIRECTION('',(0.,1.));
#7940 = ( GEOMETRIC_REPRESENTATION_CONTEXT(2) 
PARAMETRIC_REPRESENTATION_CONTEXT() REPRESENTATION_CONTEXT('2D SPACE',''
  ) );
#7941 = ORIENTED_EDGE('',*,*,#7851,.T.);
#7942 = ORIENTED_EDGE('',*,*,#7563,.T.);
#7943 = ORIENTED_EDGE('',*,*,#7944,.T.);
#7944 = EDGE_CURVE('',#7543,#7392,#7945,.T.);
#7945 = SURFACE_CURVE('',#7946,(#7951,#7964),.PCURVE_S1.);
#7946 = ELLIPSE('',#7947,9.067434241306,7.);
#7947 = AXIS2_PLACEMENT_3D('',#7948,#7949,#7950);
#7948 = CARTESIAN_POINT('',(6.17362452613,-34.39524701897,
    31.533586642864));
#7949 = DIRECTION('',(-0.550116416595,-6.938893903907E-18,0.835087976319
    ));
#7950 = DIRECTION('',(0.831350225029,-9.450778306129E-02,0.547654163032)
  );
#7951 = PCURVE('',#7580,#7952);
#7952 = DEFINITIONAL_REPRESENTATION('',(#7953),#7963);
#7953 = B_SPLINE_CURVE_WITH_KNOTS('',8,(#7954,#7955,#7956,#7957,#7958,
    #7959,#7960,#7961,#7962),.UNSPECIFIED.,.F.,.F.,(9,9),(2.112054569221
    ,4.31744399362),.PIECEWISE_BEZIER_KNOTS.);
#7954 = CARTESIAN_POINT('',(2.03889794139,4.659287141074));
#7955 = CARTESIAN_POINT('',(2.31457161944,3.297540853328));
#7956 = CARTESIAN_POINT('',(2.59024529749,2.193699705862));
#7957 = CARTESIAN_POINT('',(2.865918975525,1.505459959631));
#7958 = CARTESIAN_POINT('',(3.141592653596,1.348687260301));
#7959 = CARTESIAN_POINT('',(3.417266331633,1.759199301106));
#7960 = CARTESIAN_POINT('',(3.692940009691,2.670699372109));
#7961 = CARTESIAN_POINT('',(3.96861368774,3.944641267695));
#7962 = CARTESIAN_POINT('',(4.244287365789,5.411183126028));
#7963 = ( GEOMETRIC_REPRESENTATION_CONTEXT(2) 
PARAMETRIC_REPRESENTATION_CONTEXT() REPRESENTATION_CONTEXT('2D SPACE',''
  ) );
#7964 = PCURVE('',#2290,#7965);
#7965 = DEFINITIONAL_REPRESENTATION('',(#7966),#7970);
#7966 = ELLIPSE('',#7967,9.067434241306,7.);
#7967 = AXIS2_PLACEMENT_2D('',#7968,#7969);
#7968 = CARTESIAN_POINT('',(407.39278339672,365.60475298102));
#7969 = DIRECTION('',(0.995524122732,-9.450778306129E-02));
#7970 = ( GEOMETRIC_REPRESENTATION_CONTEXT(2) 
PARAMETRIC_REPRESENTATION_CONTEXT() REPRESENTATION_CONTEXT('2D SPACE',''
  ) );
#7971 = ORIENTED_EDGE('',*,*,#7631,.T.);
#7972 = ORIENTED_EDGE('',*,*,#7827,.T.);
#7973 = ORIENTED_EDGE('',*,*,#7921,.T.);
#7974 = ADVANCED_FACE('',(#7975),#2647,.F.);
#7975 = FACE_BOUND('',#7976,.F.);
#7976 = EDGE_LOOP('',(#7977,#7998,#8019));
#7977 = ORIENTED_EDGE('',*,*,#7978,.T.);
#7978 = EDGE_CURVE('',#2602,#7979,#7981,.T.);
#7979 = VERTEX_POINT('',#7980);
#7980 = CARTESIAN_POINT('',(-38.34017998736,24.419299827031,2.21));
#7981 = SURFACE_CURVE('',#7982,(#7986,#7992),.PCURVE_S1.);
#7982 = LINE('',#7983,#7984);
#7983 = CARTESIAN_POINT('',(-38.34017998736,-200.,2.21));
#7984 = VECTOR('',#7985,1.);
#7985 = DIRECTION('',(0.,-1.,0.));
#7986 = PCURVE('',#2647,#7987);
#7987 = DEFINITIONAL_REPRESENTATION('',(#7988),#7991);
#7988 = B_SPLINE_CURVE_WITH_KNOTS('',1,(#7989,#7990),.UNSPECIFIED.,.F.,
  .F.,(2,2),(-250.,-150.),.PIECEWISE_BEZIER_KNOTS.);
#7989 = CARTESIAN_POINT('',(354.08845406159,450.));
#7990 = CARTESIAN_POINT('',(354.08845406159,350.));
#7991 = ( GEOMETRIC_REPRESENTATION_CONTEXT(2) 
PARAMETRIC_REPRESENTATION_CONTEXT() REPRESENTATION_CONTEXT('2D SPACE',''
  ) );
#7992 = PCURVE('',#2392,#7993);
#7993 = DEFINITIONAL_REPRESENTATION('',(#7994),#7997);
#7994 = B_SPLINE_CURVE_WITH_KNOTS('',1,(#7995,#7996),.UNSPECIFIED.,.F.,
  .F.,(2,2),(-250.,-150.),.PIECEWISE_BEZIER_KNOTS.);
#7995 = CARTESIAN_POINT('',(-38.34017998736,50.));
#7996 = CARTESIAN_POINT('',(-38.34017998736,-50.));
#7997 = ( GEOMETRIC_REPRESENTATION_CONTEXT(2) 
PARAMETRIC_REPRESENTATION_CONTEXT() REPRESENTATION_CONTEXT('2D SPACE',''
  ) );
#7998 = ORIENTED_EDGE('',*,*,#7999,.F.);
#7999 = EDGE_CURVE('',#2626,#7979,#8000,.T.);
#8000 = SURFACE_CURVE('',#8001,(#8006,#8013),.PCURVE_S1.);
#8001 = CIRCLE('',#8002,22.);
#8002 = AXIS2_PLACEMENT_3D('',#8003,#8004,#8005);
#8003 = CARTESIAN_POINT('',(-20.1204,21.59375,14.21232833191));
#8004 = DIRECTION('',(-0.550116416595,0.,0.835087976319));
#8005 = DIRECTION('',(0.835087976319,0.,0.550116416595));
#8006 = PCURVE('',#2647,#8007);
#8007 = DEFINITIONAL_REPRESENTATION('',(#8008),#8012);
#8008 = CIRCLE('',#8009,22.);
#8009 = AXIS2_PLACEMENT_2D('',#8010,#8011);
#8010 = CARTESIAN_POINT('',(375.90625111297,421.59375));
#8011 = DIRECTION('',(1.,0.));
#8012 = ( GEOMETRIC_REPRESENTATION_CONTEXT(2) 
PARAMETRIC_REPRESENTATION_CONTEXT() REPRESENTATION_CONTEXT('2D SPACE',''
  ) );
#8013 = PCURVE('',#1743,#8014);
#8014 = DEFINITIONAL_REPRESENTATION('',(#8015),#8018);
#8015 = B_SPLINE_CURVE_WITH_KNOTS('',1,(#8016,#8017),.UNSPECIFIED.,.F.,
  .F.,(2,2),(2.255926225938,3.012802830127),.PIECEWISE_BEZIER_KNOTS.);
#8016 = CARTESIAN_POINT('',(8.539111533117,1.));
#8017 = CARTESIAN_POINT('',(9.295988137307,1.));
#8018 = ( GEOMETRIC_REPRESENTATION_CONTEXT(2) 
PARAMETRIC_REPRESENTATION_CONTEXT() REPRESENTATION_CONTEXT('2D SPACE',''
  ) );
#8019 = ORIENTED_EDGE('',*,*,#2625,.T.);
#8020 = ADVANCED_FACE('',(#8021),#2420,.F.);
#8021 = FACE_BOUND('',#8022,.F.);
#8022 = EDGE_LOOP('',(#8023,#8024,#8043));
#8023 = ORIENTED_EDGE('',*,*,#2404,.F.);
#8024 = ORIENTED_EDGE('',*,*,#8025,.T.);
#8025 = EDGE_CURVE('',#2372,#2573,#8026,.T.);
#8026 = SURFACE_CURVE('',#8027,(#8031,#8037),.PCURVE_S1.);
#8027 = LINE('',#8028,#8029);
#8028 = CARTESIAN_POINT('',(-38.34017998736,-200.,2.21));
#8029 = VECTOR('',#8030,1.);
#8030 = DIRECTION('',(0.,-1.,0.));
#8031 = PCURVE('',#2420,#8032);
#8032 = DEFINITIONAL_REPRESENTATION('',(#8033),#8036);
#8033 = B_SPLINE_CURVE_WITH_KNOTS('',1,(#8034,#8035),.UNSPECIFIED.,.F.,
  .F.,(2,2),(-250.,-150.),.PIECEWISE_BEZIER_KNOTS.);
#8034 = CARTESIAN_POINT('',(354.08845406159,450.));
#8035 = CARTESIAN_POINT('',(354.08845406159,350.));
#8036 = ( GEOMETRIC_REPRESENTATION_CONTEXT(2) 
PARAMETRIC_REPRESENTATION_CONTEXT() REPRESENTATION_CONTEXT('2D SPACE',''
  ) );
#8037 = PCURVE('',#2392,#8038);
#8038 = DEFINITIONAL_REPRESENTATION('',(#8039),#8042);
#8039 = B_SPLINE_CURVE_WITH_KNOTS('',1,(#8040,#8041),.UNSPECIFIED.,.F.,
  .F.,(2,2),(-250.,-150.),.PIECEWISE_BEZIER_KNOTS.);
#8040 = CARTESIAN_POINT('',(-38.34017998736,50.));
#8041 = CARTESIAN_POINT('',(-38.34017998736,-50.));
#8042 = ( GEOMETRIC_REPRESENTATION_CONTEXT(2) 
PARAMETRIC_REPRESENTATION_CONTEXT() REPRESENTATION_CONTEXT('2D SPACE',''
  ) );
#8043 = ORIENTED_EDGE('',*,*,#2572,.T.);
#8044 = ADVANCED_FACE('',(#8045,#8279),#2392,.F.);
#8045 = FACE_BOUND('',#8046,.F.);
#8046 = EDGE_LOOP('',(#8047,#8078,#8107,#8136,#8165,#8194,#8223,#8252));
#8047 = ORIENTED_EDGE('',*,*,#8048,.F.);
#8048 = EDGE_CURVE('',#8049,#8051,#8053,.T.);
#8049 = VERTEX_POINT('',#8050);
#8050 = CARTESIAN_POINT('',(-37.5274584326,-42.51922031081,2.21));
#8051 = VERTEX_POINT('',#8052);
#8052 = CARTESIAN_POINT('',(-42.1880342861,-37.8993930733,2.21));
#8053 = SURFACE_CURVE('',#8054,(#8059,#8066),.PCURVE_S1.);
#8054 = CIRCLE('',#8055,5.4395);
#8055 = AXIS2_PLACEMENT_3D('',#8056,#8057,#8058);
#8056 = CARTESIAN_POINT('',(-42.912,-43.2905,2.21));
#8057 = DIRECTION('',(0.,0.,1.));
#8058 = DIRECTION('',(1.,0.,-0.));
#8059 = PCURVE('',#2392,#8060);
#8060 = DEFINITIONAL_REPRESENTATION('',(#8061),#8065);
#8061 = CIRCLE('',#8062,5.4395);
#8062 = AXIS2_PLACEMENT_2D('',#8063,#8064);
#8063 = CARTESIAN_POINT('',(-42.912,-43.2905));
#8064 = DIRECTION('',(1.,0.));
#8065 = ( GEOMETRIC_REPRESENTATION_CONTEXT(2) 
PARAMETRIC_REPRESENTATION_CONTEXT() REPRESENTATION_CONTEXT('2D SPACE',''
  ) );
#8066 = PCURVE('',#8067,#8072);
#8067 = CYLINDRICAL_SURFACE('',#8068,5.4395);
#8068 = AXIS2_PLACEMENT_3D('',#8069,#8070,#8071);
#8069 = CARTESIAN_POINT('',(-42.912,-43.2905,-5.));
#8070 = DIRECTION('',(0.,0.,1.));
#8071 = DIRECTION('',(1.,0.,-0.));
#8072 = DEFINITIONAL_REPRESENTATION('',(#8073),#8077);
#8073 = LINE('',#8074,#8075);
#8074 = CARTESIAN_POINT('',(0.,7.21));
#8075 = VECTOR('',#8076,1.);
#8076 = DIRECTION('',(1.,0.));
#8077 = ( GEOMETRIC_REPRESENTATION_CONTEXT(2) 
PARAMETRIC_REPRESENTATION_CONTEXT() REPRESENTATION_CONTEXT('2D SPACE',''
  ) );
#8078 = ORIENTED_EDGE('',*,*,#8079,.T.);
#8079 = EDGE_CURVE('',#8049,#8080,#8082,.T.);
#8080 = VERTEX_POINT('',#8081);
#8081 = CARTESIAN_POINT('',(37.527458432601,-42.51922031081,2.21));
#8082 = SURFACE_CURVE('',#8083,(#8088,#8095),.PCURVE_S1.);
#8083 = CIRCLE('',#8084,56.7115);
#8084 = AXIS2_PLACEMENT_3D('',#8085,#8086,#8087);
#8085 = CARTESIAN_POINT('',(0.,0.,2.21));
#8086 = DIRECTION('',(0.,0.,1.));
#8087 = DIRECTION('',(1.,0.,-0.));
#8088 = PCURVE('',#2392,#8089);
#8089 = DEFINITIONAL_REPRESENTATION('',(#8090),#8094);
#8090 = CIRCLE('',#8091,56.7115);
#8091 = AXIS2_PLACEMENT_2D('',#8092,#8093);
#8092 = CARTESIAN_POINT('',(0.,0.));
#8093 = DIRECTION('',(1.,0.));
#8094 = ( GEOMETRIC_REPRESENTATION_CONTEXT(2) 
PARAMETRIC_REPRESENTATION_CONTEXT() REPRESENTATION_CONTEXT('2D SPACE',''
  ) );
#8095 = PCURVE('',#8096,#8101);
#8096 = CYLINDRICAL_SURFACE('',#8097,56.7115);
#8097 = AXIS2_PLACEMENT_3D('',#8098,#8099,#8100);
#8098 = CARTESIAN_POINT('',(0.,0.,-1.));
#8099 = DIRECTION('',(0.,0.,1.));
#8100 = DIRECTION('',(1.,0.,-0.));
#8101 = DEFINITIONAL_REPRESENTATION('',(#8102),#8106);
#8102 = LINE('',#8103,#8104);
#8103 = CARTESIAN_POINT('',(0.,3.21));
#8104 = VECTOR('',#8105,1.);
#8105 = DIRECTION('',(1.,0.));
#8106 = ( GEOMETRIC_REPRESENTATION_CONTEXT(2) 
PARAMETRIC_REPRESENTATION_CONTEXT() REPRESENTATION_CONTEXT('2D SPACE',''
  ) );
#8107 = ORIENTED_EDGE('',*,*,#8108,.F.);
#8108 = EDGE_CURVE('',#8109,#8080,#8111,.T.);
#8109 = VERTEX_POINT('',#8110);
#8110 = CARTESIAN_POINT('',(42.188034286103,-37.8993930733,2.21));
#8111 = SURFACE_CURVE('',#8112,(#8117,#8124),.PCURVE_S1.);
#8112 = CIRCLE('',#8113,5.4395);
#8113 = AXIS2_PLACEMENT_3D('',#8114,#8115,#8116);
#8114 = CARTESIAN_POINT('',(42.912,-43.2905,2.21));
#8115 = DIRECTION('',(0.,0.,1.));
#8116 = DIRECTION('',(1.,0.,-0.));
#8117 = PCURVE('',#2392,#8118);
#8118 = DEFINITIONAL_REPRESENTATION('',(#8119),#8123);
#8119 = CIRCLE('',#8120,5.4395);
#8120 = AXIS2_PLACEMENT_2D('',#8121,#8122);
#8121 = CARTESIAN_POINT('',(42.912,-43.2905));
#8122 = DIRECTION('',(1.,0.));
#8123 = ( GEOMETRIC_REPRESENTATION_CONTEXT(2) 
PARAMETRIC_REPRESENTATION_CONTEXT() REPRESENTATION_CONTEXT('2D SPACE',''
  ) );
#8124 = PCURVE('',#8125,#8130);
#8125 = CYLINDRICAL_SURFACE('',#8126,5.4395);
#8126 = AXIS2_PLACEMENT_3D('',#8127,#8128,#8129);
#8127 = CARTESIAN_POINT('',(42.912,-43.2905,-5.));
#8128 = DIRECTION('',(0.,0.,1.));
#8129 = DIRECTION('',(1.,0.,-0.));
#8130 = DEFINITIONAL_REPRESENTATION('',(#8131),#8135);
#8131 = LINE('',#8132,#8133);
#8132 = CARTESIAN_POINT('',(0.,7.21));
#8133 = VECTOR('',#8134,1.);
#8134 = DIRECTION('',(1.,0.));
#8135 = ( GEOMETRIC_REPRESENTATION_CONTEXT(2) 
PARAMETRIC_REPRESENTATION_CONTEXT() REPRESENTATION_CONTEXT('2D SPACE',''
  ) );
#8136 = ORIENTED_EDGE('',*,*,#8137,.T.);
#8137 = EDGE_CURVE('',#8109,#8138,#8140,.T.);
#8138 = VERTEX_POINT('',#8139);
#8139 = CARTESIAN_POINT('',(42.188034286103,37.899393073301,2.21));
#8140 = SURFACE_CURVE('',#8141,(#8146,#8153),.PCURVE_S1.);
#8141 = CIRCLE('',#8142,56.7115);
#8142 = AXIS2_PLACEMENT_3D('',#8143,#8144,#8145);
#8143 = CARTESIAN_POINT('',(0.,0.,2.21));
#8144 = DIRECTION('',(0.,0.,1.));
#8145 = DIRECTION('',(0.743906161645,-0.668284088294,0.));
#8146 = PCURVE('',#2392,#8147);
#8147 = DEFINITIONAL_REPRESENTATION('',(#8148),#8152);
#8148 = CIRCLE('',#8149,56.7115);
#8149 = AXIS2_PLACEMENT_2D('',#8150,#8151);
#8150 = CARTESIAN_POINT('',(0.,0.));
#8151 = DIRECTION('',(0.743906161645,-0.668284088294));
#8152 = ( GEOMETRIC_REPRESENTATION_CONTEXT(2) 
PARAMETRIC_REPRESENTATION_CONTEXT() REPRESENTATION_CONTEXT('2D SPACE',''
  ) );
#8153 = PCURVE('',#8154,#8159);
#8154 = CYLINDRICAL_SURFACE('',#8155,56.7115);
#8155 = AXIS2_PLACEMENT_3D('',#8156,#8157,#8158);
#8156 = CARTESIAN_POINT('',(0.,0.,-1.));
#8157 = DIRECTION('',(0.,0.,1.));
#8158 = DIRECTION('',(1.,0.,-0.));
#8159 = DEFINITIONAL_REPRESENTATION('',(#8160),#8164);
#8160 = LINE('',#8161,#8162);
#8161 = CARTESIAN_POINT('',(5.551285540438,3.21));
#8162 = VECTOR('',#8163,1.);
#8163 = DIRECTION('',(1.,0.));
#8164 = ( GEOMETRIC_REPRESENTATION_CONTEXT(2) 
PARAMETRIC_REPRESENTATION_CONTEXT() REPRESENTATION_CONTEXT('2D SPACE',''
  ) );
#8165 = ORIENTED_EDGE('',*,*,#8166,.F.);
#8166 = EDGE_CURVE('',#8167,#8138,#8169,.T.);
#8167 = VERTEX_POINT('',#8168);
#8168 = CARTESIAN_POINT('',(37.527458432601,42.519220310812,2.21));
#8169 = SURFACE_CURVE('',#8170,(#8175,#8182),.PCURVE_S1.);
#8170 = CIRCLE('',#8171,5.4395);
#8171 = AXIS2_PLACEMENT_3D('',#8172,#8173,#8174);
#8172 = CARTESIAN_POINT('',(42.912,43.2905,2.21));
#8173 = DIRECTION('',(0.,0.,1.));
#8174 = DIRECTION('',(1.,0.,-0.));
#8175 = PCURVE('',#2392,#8176);
#8176 = DEFINITIONAL_REPRESENTATION('',(#8177),#8181);
#8177 = CIRCLE('',#8178,5.4395);
#8178 = AXIS2_PLACEMENT_2D('',#8179,#8180);
#8179 = CARTESIAN_POINT('',(42.912,43.2905));
#8180 = DIRECTION('',(1.,0.));
#8181 = ( GEOMETRIC_REPRESENTATION_CONTEXT(2) 
PARAMETRIC_REPRESENTATION_CONTEXT() REPRESENTATION_CONTEXT('2D SPACE',''
  ) );
#8182 = PCURVE('',#8183,#8188);
#8183 = CYLINDRICAL_SURFACE('',#8184,5.4395);
#8184 = AXIS2_PLACEMENT_3D('',#8185,#8186,#8187);
#8185 = CARTESIAN_POINT('',(42.912,43.2905,-5.));
#8186 = DIRECTION('',(0.,0.,1.));
#8187 = DIRECTION('',(1.,0.,-0.));
#8188 = DEFINITIONAL_REPRESENTATION('',(#8189),#8193);
#8189 = LINE('',#8190,#8191);
#8190 = CARTESIAN_POINT('',(0.,7.21));
#8191 = VECTOR('',#8192,1.);
#8192 = DIRECTION('',(1.,0.));
#8193 = ( GEOMETRIC_REPRESENTATION_CONTEXT(2) 
PARAMETRIC_REPRESENTATION_CONTEXT() REPRESENTATION_CONTEXT('2D SPACE',''
  ) );
#8194 = ORIENTED_EDGE('',*,*,#8195,.T.);
#8195 = EDGE_CURVE('',#8167,#8196,#8198,.T.);
#8196 = VERTEX_POINT('',#8197);
#8197 = CARTESIAN_POINT('',(-37.5274584326,42.519220310812,2.21));
#8198 = SURFACE_CURVE('',#8199,(#8204,#8211),.PCURVE_S1.);
#8199 = CIRCLE('',#8200,56.7115);
#8200 = AXIS2_PLACEMENT_3D('',#8201,#8202,#8203);
#8201 = CARTESIAN_POINT('',(0.,0.,2.21));
#8202 = DIRECTION('',(0.,0.,1.));
#8203 = DIRECTION('',(1.,0.,-0.));
#8204 = PCURVE('',#2392,#8205);
#8205 = DEFINITIONAL_REPRESENTATION('',(#8206),#8210);
#8206 = CIRCLE('',#8207,56.7115);
#8207 = AXIS2_PLACEMENT_2D('',#8208,#8209);
#8208 = CARTESIAN_POINT('',(0.,0.));
#8209 = DIRECTION('',(1.,0.));
#8210 = ( GEOMETRIC_REPRESENTATION_CONTEXT(2) 
PARAMETRIC_REPRESENTATION_CONTEXT() REPRESENTATION_CONTEXT('2D SPACE',''
  ) );
#8211 = PCURVE('',#8212,#8217);
#8212 = CYLINDRICAL_SURFACE('',#8213,56.7115);
#8213 = AXIS2_PLACEMENT_3D('',#8214,#8215,#8216);
#8214 = CARTESIAN_POINT('',(0.,0.,-1.));
#8215 = DIRECTION('',(0.,0.,1.));
#8216 = DIRECTION('',(1.,0.,-0.));
#8217 = DEFINITIONAL_REPRESENTATION('',(#8218),#8222);
#8218 = LINE('',#8219,#8220);
#8219 = CARTESIAN_POINT('',(0.,3.21));
#8220 = VECTOR('',#8221,1.);
#8221 = DIRECTION('',(1.,0.));
#8222 = ( GEOMETRIC_REPRESENTATION_CONTEXT(2) 
PARAMETRIC_REPRESENTATION_CONTEXT() REPRESENTATION_CONTEXT('2D SPACE',''
  ) );
#8223 = ORIENTED_EDGE('',*,*,#8224,.F.);
#8224 = EDGE_CURVE('',#8225,#8196,#8227,.T.);
#8225 = VERTEX_POINT('',#8226);
#8226 = CARTESIAN_POINT('',(-42.1880342861,37.899393073301,2.21));
#8227 = SURFACE_CURVE('',#8228,(#8233,#8240),.PCURVE_S1.);
#8228 = CIRCLE('',#8229,5.4395);
#8229 = AXIS2_PLACEMENT_3D('',#8230,#8231,#8232);
#8230 = CARTESIAN_POINT('',(-42.912,43.2905,2.21));
#8231 = DIRECTION('',(0.,0.,1.));
#8232 = DIRECTION('',(1.,0.,-0.));
#8233 = PCURVE('',#2392,#8234);
#8234 = DEFINITIONAL_REPRESENTATION('',(#8235),#8239);
#8235 = CIRCLE('',#8236,5.4395);
#8236 = AXIS2_PLACEMENT_2D('',#8237,#8238);
#8237 = CARTESIAN_POINT('',(-42.912,43.2905));
#8238 = DIRECTION('',(1.,0.));
#8239 = ( GEOMETRIC_REPRESENTATION_CONTEXT(2) 
PARAMETRIC_REPRESENTATION_CONTEXT() REPRESENTATION_CONTEXT('2D SPACE',''
  ) );
#8240 = PCURVE('',#8241,#8246);
#8241 = CYLINDRICAL_SURFACE('',#8242,5.4395);
#8242 = AXIS2_PLACEMENT_3D('',#8243,#8244,#8245);
#8243 = CARTESIAN_POINT('',(-42.912,43.2905,-5.));
#8244 = DIRECTION('',(0.,0.,1.));
#8245 = DIRECTION('',(1.,0.,-0.));
#8246 = DEFINITIONAL_REPRESENTATION('',(#8247),#8251);
#8247 = LINE('',#8248,#8249);
#8248 = CARTESIAN_POINT('',(0.,7.21));
#8249 = VECTOR('',#8250,1.);
#8250 = DIRECTION('',(1.,0.));
#8251 = ( GEOMETRIC_REPRESENTATION_CONTEXT(2) 
PARAMETRIC_REPRESENTATION_CONTEXT() REPRESENTATION_CONTEXT('2D SPACE',''
  ) );
#8252 = ORIENTED_EDGE('',*,*,#8253,.T.);
#8253 = EDGE_CURVE('',#8225,#8051,#8254,.T.);
#8254 = SURFACE_CURVE('',#8255,(#8260,#8267),.PCURVE_S1.);
#8255 = CIRCLE('',#8256,56.7115);
#8256 = AXIS2_PLACEMENT_3D('',#8257,#8258,#8259);
#8257 = CARTESIAN_POINT('',(0.,0.,2.21));
#8258 = DIRECTION('',(0.,0.,1.));
#8259 = DIRECTION('',(1.,0.,-0.));
#8260 = PCURVE('',#2392,#8261);
#8261 = DEFINITIONAL_REPRESENTATION('',(#8262),#8266);
#8262 = CIRCLE('',#8263,56.7115);
#8263 = AXIS2_PLACEMENT_2D('',#8264,#8265);
#8264 = CARTESIAN_POINT('',(0.,0.));
#8265 = DIRECTION('',(1.,0.));
#8266 = ( GEOMETRIC_REPRESENTATION_CONTEXT(2) 
PARAMETRIC_REPRESENTATION_CONTEXT() REPRESENTATION_CONTEXT('2D SPACE',''
  ) );
#8267 = PCURVE('',#8268,#8273);
#8268 = CYLINDRICAL_SURFACE('',#8269,56.7115);
#8269 = AXIS2_PLACEMENT_3D('',#8270,#8271,#8272);
#8270 = CARTESIAN_POINT('',(0.,0.,-1.));
#8271 = DIRECTION('',(0.,0.,1.));
#8272 = DIRECTION('',(1.,0.,-0.));
#8273 = DEFINITIONAL_REPRESENTATION('',(#8274),#8278);
#8274 = LINE('',#8275,#8276);
#8275 = CARTESIAN_POINT('',(0.,3.21));
#8276 = VECTOR('',#8277,1.);
#8277 = DIRECTION('',(1.,0.));
#8278 = ( GEOMETRIC_REPRESENTATION_CONTEXT(2) 
PARAMETRIC_REPRESENTATION_CONTEXT() REPRESENTATION_CONTEXT('2D SPACE',''
  ) );
#8279 = FACE_BOUND('',#8280,.F.);
#8280 = EDGE_LOOP('',(#8281,#8282,#8283,#8284,#8305,#8331));
#8281 = ORIENTED_EDGE('',*,*,#2601,.F.);
#8282 = ORIENTED_EDGE('',*,*,#8025,.F.);
#8283 = ORIENTED_EDGE('',*,*,#2371,.F.);
#8284 = ORIENTED_EDGE('',*,*,#8285,.F.);
#8285 = EDGE_CURVE('',#8286,#2344,#8288,.T.);
#8286 = VERTEX_POINT('',#8287);
#8287 = CARTESIAN_POINT('',(-38.34017998736,18.768200172969,2.21));
#8288 = SURFACE_CURVE('',#8289,(#8293,#8299),.PCURVE_S1.);
#8289 = LINE('',#8290,#8291);
#8290 = CARTESIAN_POINT('',(-38.34017998736,-200.,2.21));
#8291 = VECTOR('',#8292,1.);
#8292 = DIRECTION('',(0.,-1.,0.));
#8293 = PCURVE('',#2392,#8294);
#8294 = DEFINITIONAL_REPRESENTATION('',(#8295),#8298);
#8295 = B_SPLINE_CURVE_WITH_KNOTS('',1,(#8296,#8297),.UNSPECIFIED.,.F.,
  .F.,(2,2),(-250.,-150.),.PIECEWISE_BEZIER_KNOTS.);
#8296 = CARTESIAN_POINT('',(-38.34017998736,50.));
#8297 = CARTESIAN_POINT('',(-38.34017998736,-50.));
#8298 = ( GEOMETRIC_REPRESENTATION_CONTEXT(2) 
PARAMETRIC_REPRESENTATION_CONTEXT() REPRESENTATION_CONTEXT('2D SPACE',''
  ) );
#8299 = PCURVE('',#2359,#8300);
#8300 = DEFINITIONAL_REPRESENTATION('',(#8301),#8304);
#8301 = B_SPLINE_CURVE_WITH_KNOTS('',1,(#8302,#8303),.UNSPECIFIED.,.F.,
  .F.,(2,2),(-250.,-150.),.PIECEWISE_BEZIER_KNOTS.);
#8302 = CARTESIAN_POINT('',(354.08845406159,450.));
#8303 = CARTESIAN_POINT('',(354.08845406159,350.));
#8304 = ( GEOMETRIC_REPRESENTATION_CONTEXT(2) 
PARAMETRIC_REPRESENTATION_CONTEXT() REPRESENTATION_CONTEXT('2D SPACE',''
  ) );
#8305 = ORIENTED_EDGE('',*,*,#8306,.F.);
#8306 = EDGE_CURVE('',#7979,#8286,#8307,.T.);
#8307 = SURFACE_CURVE('',#8308,(#8313,#8320),.PCURVE_S1.);
#8308 = ELLIPSE('',#8309,26.344529706895,22.);
#8309 = AXIS2_PLACEMENT_3D('',#8310,#8311,#8312);
#8310 = CARTESIAN_POINT('',(-12.2138344165,21.59375,2.21));
#8311 = DIRECTION('',(0.,0.,1.));
#8312 = DIRECTION('',(-1.,0.,0.));
#8313 = PCURVE('',#2392,#8314);
#8314 = DEFINITIONAL_REPRESENTATION('',(#8315),#8319);
#8315 = ELLIPSE('',#8316,26.344529706895,22.);
#8316 = AXIS2_PLACEMENT_2D('',#8317,#8318);
#8317 = CARTESIAN_POINT('',(-12.2138344165,21.59375));
#8318 = DIRECTION('',(-1.,0.));
#8319 = ( GEOMETRIC_REPRESENTATION_CONTEXT(2) 
PARAMETRIC_REPRESENTATION_CONTEXT() REPRESENTATION_CONTEXT('2D SPACE',''
  ) );
#8320 = PCURVE('',#1743,#8321);
#8321 = DEFINITIONAL_REPRESENTATION('',(#8322),#8330);
#8322 = B_SPLINE_CURVE_WITH_KNOTS('',6,(#8323,#8324,#8325,#8326,#8327,
    #8328,#8329),.UNSPECIFIED.,.F.,.F.,(7,7),(6.154395483717,
    6.411975130642),.PIECEWISE_BEZIER_KNOTS.);
#8323 = CARTESIAN_POINT('',(9.295988137307,1.000000002876));
#8324 = CARTESIAN_POINT('',(9.338918078461,1.079907148993));
#8325 = CARTESIAN_POINT('',(9.381848019615,1.128028349666));
#8326 = CARTESIAN_POINT('',(9.424777960769,1.14409852726));
#8327 = CARTESIAN_POINT('',(9.467707901923,1.128028349666));
#8328 = CARTESIAN_POINT('',(9.510637843078,1.079907148993));
#8329 = CARTESIAN_POINT('',(9.553567784232,1.000000002876));
#8330 = ( GEOMETRIC_REPRESENTATION_CONTEXT(2) 
PARAMETRIC_REPRESENTATION_CONTEXT() REPRESENTATION_CONTEXT('2D SPACE',''
  ) );
#8331 = ORIENTED_EDGE('',*,*,#7978,.F.);
#8332 = ADVANCED_FACE('',(#8333),#8268,.F.);
#8333 = FACE_BOUND('',#8334,.F.);
#8334 = EDGE_LOOP('',(#8335,#8356,#8380,#8399));
#8335 = ORIENTED_EDGE('',*,*,#8336,.F.);
#8336 = EDGE_CURVE('',#8337,#8225,#8339,.T.);
#8337 = VERTEX_POINT('',#8338);
#8338 = CARTESIAN_POINT('',(-42.1880342861,37.899393073301,0.));
#8339 = SURFACE_CURVE('',#8340,(#8344,#8350),.PCURVE_S1.);
#8340 = LINE('',#8341,#8342);
#8341 = CARTESIAN_POINT('',(-42.1880342861,37.899393073301,-1.));
#8342 = VECTOR('',#8343,1.);
#8343 = DIRECTION('',(0.,0.,1.));
#8344 = PCURVE('',#8268,#8345);
#8345 = DEFINITIONAL_REPRESENTATION('',(#8346),#8349);
#8346 = B_SPLINE_CURVE_WITH_KNOTS('',1,(#8347,#8348),.UNSPECIFIED.,.F.,
  .F.,(2,2),(0.9999994,3.2100006),.PIECEWISE_BEZIER_KNOTS.);
#8347 = CARTESIAN_POINT('',(2.409692886849,0.9999994));
#8348 = CARTESIAN_POINT('',(2.409692886849,3.2100006));
#8349 = ( GEOMETRIC_REPRESENTATION_CONTEXT(2) 
PARAMETRIC_REPRESENTATION_CONTEXT() REPRESENTATION_CONTEXT('2D SPACE',''
  ) );
#8350 = PCURVE('',#8241,#8351);
#8351 = DEFINITIONAL_REPRESENTATION('',(#8352),#8355);
#8352 = B_SPLINE_CURVE_WITH_KNOTS('',1,(#8353,#8354),.UNSPECIFIED.,.F.,
  .F.,(2,2),(0.9999994,3.2100006),.PIECEWISE_BEZIER_KNOTS.);
#8353 = CARTESIAN_POINT('',(4.84587925129,4.9999994));
#8354 = CARTESIAN_POINT('',(4.84587925129,7.2100006));
#8355 = ( GEOMETRIC_REPRESENTATION_CONTEXT(2) 
PARAMETRIC_REPRESENTATION_CONTEXT() REPRESENTATION_CONTEXT('2D SPACE',''
  ) );
#8356 = ORIENTED_EDGE('',*,*,#8357,.T.);
#8357 = EDGE_CURVE('',#8337,#8358,#8360,.T.);
#8358 = VERTEX_POINT('',#8359);
#8359 = CARTESIAN_POINT('',(-42.1880342861,-37.8993930733,0.));
#8360 = SURFACE_CURVE('',#8361,(#8366,#8373),.PCURVE_S1.);
#8361 = CIRCLE('',#8362,56.7115);
#8362 = AXIS2_PLACEMENT_3D('',#8363,#8364,#8365);
#8363 = CARTESIAN_POINT('',(0.,0.,0.));
#8364 = DIRECTION('',(0.,0.,1.));
#8365 = DIRECTION('',(1.,0.,-0.));
#8366 = PCURVE('',#8268,#8367);
#8367 = DEFINITIONAL_REPRESENTATION('',(#8368),#8372);
#8368 = LINE('',#8369,#8370);
#8369 = CARTESIAN_POINT('',(0.,1.));
#8370 = VECTOR('',#8371,1.);
#8371 = DIRECTION('',(1.,0.));
#8372 = ( GEOMETRIC_REPRESENTATION_CONTEXT(2) 
PARAMETRIC_REPRESENTATION_CONTEXT() REPRESENTATION_CONTEXT('2D SPACE',''
  ) );
#8373 = PCURVE('',#72,#8374);
#8374 = DEFINITIONAL_REPRESENTATION('',(#8375),#8379);
#8375 = CIRCLE('',#8376,56.7115);
#8376 = AXIS2_PLACEMENT_2D('',#8377,#8378);
#8377 = CARTESIAN_POINT('',(107.217,65.));
#8378 = DIRECTION('',(1.,0.));
#8379 = ( GEOMETRIC_REPRESENTATION_CONTEXT(2) 
PARAMETRIC_REPRESENTATION_CONTEXT() REPRESENTATION_CONTEXT('2D SPACE',''
  ) );
#8380 = ORIENTED_EDGE('',*,*,#8381,.T.);
#8381 = EDGE_CURVE('',#8358,#8051,#8382,.T.);
#8382 = SURFACE_CURVE('',#8383,(#8387,#8393),.PCURVE_S1.);
#8383 = LINE('',#8384,#8385);
#8384 = CARTESIAN_POINT('',(-42.1880342861,-37.8993930733,-1.));
#8385 = VECTOR('',#8386,1.);
#8386 = DIRECTION('',(0.,0.,1.));
#8387 = PCURVE('',#8268,#8388);
#8388 = DEFINITIONAL_REPRESENTATION('',(#8389),#8392);
#8389 = B_SPLINE_CURVE_WITH_KNOTS('',1,(#8390,#8391),.UNSPECIFIED.,.F.,
  .F.,(2,2),(0.9999994,3.2100006),.PIECEWISE_BEZIER_KNOTS.);
#8390 = CARTESIAN_POINT('',(3.873492420331,0.9999994));
#8391 = CARTESIAN_POINT('',(3.873492420331,3.2100006));
#8392 = ( GEOMETRIC_REPRESENTATION_CONTEXT(2) 
PARAMETRIC_REPRESENTATION_CONTEXT() REPRESENTATION_CONTEXT('2D SPACE',''
  ) );
#8393 = PCURVE('',#8067,#8394);
#8394 = DEFINITIONAL_REPRESENTATION('',(#8395),#8398);
#8395 = B_SPLINE_CURVE_WITH_KNOTS('',1,(#8396,#8397),.UNSPECIFIED.,.F.,
  .F.,(2,2),(0.9999994,3.2100006),.PIECEWISE_BEZIER_KNOTS.);
#8396 = CARTESIAN_POINT('',(1.43730605589,4.9999994));
#8397 = CARTESIAN_POINT('',(1.43730605589,7.2100006));
#8398 = ( GEOMETRIC_REPRESENTATION_CONTEXT(2) 
PARAMETRIC_REPRESENTATION_CONTEXT() REPRESENTATION_CONTEXT('2D SPACE',''
  ) );
#8399 = ORIENTED_EDGE('',*,*,#8253,.F.);
#8400 = ADVANCED_FACE('',(#8401),#8241,.F.);
#8401 = FACE_BOUND('',#8402,.F.);
#8402 = EDGE_LOOP('',(#8403,#8427,#8450,#8472,#8473,#8474,#8495,#8517));
#8403 = ORIENTED_EDGE('',*,*,#8404,.F.);
#8404 = EDGE_CURVE('',#8405,#8405,#8407,.T.);
#8405 = VERTEX_POINT('',#8406);
#8406 = CARTESIAN_POINT('',(-37.4725,43.2905,86.461));
#8407 = SURFACE_CURVE('',#8408,(#8413,#8420),.PCURVE_S1.);
#8408 = CIRCLE('',#8409,5.4395);
#8409 = AXIS2_PLACEMENT_3D('',#8410,#8411,#8412);
#8410 = CARTESIAN_POINT('',(-42.912,43.2905,86.461));
#8411 = DIRECTION('',(0.,0.,1.));
#8412 = DIRECTION('',(1.,0.,-0.));
#8413 = PCURVE('',#8241,#8414);
#8414 = DEFINITIONAL_REPRESENTATION('',(#8415),#8419);
#8415 = LINE('',#8416,#8417);
#8416 = CARTESIAN_POINT('',(0.,91.461));
#8417 = VECTOR('',#8418,1.);
#8418 = DIRECTION('',(1.,0.));
#8419 = ( GEOMETRIC_REPRESENTATION_CONTEXT(2) 
PARAMETRIC_REPRESENTATION_CONTEXT() REPRESENTATION_CONTEXT('2D SPACE',''
  ) );
#8420 = PCURVE('',#126,#8421);
#8421 = DEFINITIONAL_REPRESENTATION('',(#8422),#8426);
#8422 = CIRCLE('',#8423,5.4395);
#8423 = AXIS2_PLACEMENT_2D('',#8424,#8425);
#8424 = CARTESIAN_POINT('',(64.305,108.2905));
#8425 = DIRECTION('',(1.,0.));
#8426 = ( GEOMETRIC_REPRESENTATION_CONTEXT(2) 
PARAMETRIC_REPRESENTATION_CONTEXT() REPRESENTATION_CONTEXT('2D SPACE',''
  ) );
#8427 = ORIENTED_EDGE('',*,*,#8428,.F.);
#8428 = EDGE_CURVE('',#8429,#8405,#8431,.T.);
#8429 = VERTEX_POINT('',#8430);
#8430 = CARTESIAN_POINT('',(-37.4725,43.2905,0.));
#8431 = SEAM_CURVE('',#8432,(#8436,#8443),.PCURVE_S1.);
#8432 = LINE('',#8433,#8434);
#8433 = CARTESIAN_POINT('',(-37.4725,43.2905,-5.));
#8434 = VECTOR('',#8435,1.);
#8435 = DIRECTION('',(0.,0.,1.));
#8436 = PCURVE('',#8241,#8437);
#8437 = DEFINITIONAL_REPRESENTATION('',(#8438),#8442);
#8438 = LINE('',#8439,#8440);
#8439 = CARTESIAN_POINT('',(6.28318530718,-0.));
#8440 = VECTOR('',#8441,1.);
#8441 = DIRECTION('',(0.,1.));
#8442 = ( GEOMETRIC_REPRESENTATION_CONTEXT(2) 
PARAMETRIC_REPRESENTATION_CONTEXT() REPRESENTATION_CONTEXT('2D SPACE',''
  ) );
#8443 = PCURVE('',#8241,#8444);
#8444 = DEFINITIONAL_REPRESENTATION('',(#8445),#8449);
#8445 = LINE('',#8446,#8447);
#8446 = CARTESIAN_POINT('',(0.,-0.));
#8447 = VECTOR('',#8448,1.);
#8448 = DIRECTION('',(0.,1.));
#8449 = ( GEOMETRIC_REPRESENTATION_CONTEXT(2) 
PARAMETRIC_REPRESENTATION_CONTEXT() REPRESENTATION_CONTEXT('2D SPACE',''
  ) );
#8450 = ORIENTED_EDGE('',*,*,#8451,.T.);
#8451 = EDGE_CURVE('',#8429,#8337,#8452,.T.);
#8452 = SURFACE_CURVE('',#8453,(#8458,#8465),.PCURVE_S1.);
#8453 = CIRCLE('',#8454,5.4395);
#8454 = AXIS2_PLACEMENT_3D('',#8455,#8456,#8457);
#8455 = CARTESIAN_POINT('',(-42.912,43.2905,0.));
#8456 = DIRECTION('',(0.,0.,1.));
#8457 = DIRECTION('',(1.,0.,-0.));
#8458 = PCURVE('',#8241,#8459);
#8459 = DEFINITIONAL_REPRESENTATION('',(#8460),#8464);
#8460 = LINE('',#8461,#8462);
#8461 = CARTESIAN_POINT('',(0.,5.));
#8462 = VECTOR('',#8463,1.);
#8463 = DIRECTION('',(1.,0.));
#8464 = ( GEOMETRIC_REPRESENTATION_CONTEXT(2) 
PARAMETRIC_REPRESENTATION_CONTEXT() REPRESENTATION_CONTEXT('2D SPACE',''
  ) );
#8465 = PCURVE('',#72,#8466);
#8466 = DEFINITIONAL_REPRESENTATION('',(#8467),#8471);
#8467 = CIRCLE('',#8468,5.4395);
#8468 = AXIS2_PLACEMENT_2D('',#8469,#8470);
#8469 = CARTESIAN_POINT('',(64.305,108.2905));
#8470 = DIRECTION('',(1.,0.));
#8471 = ( GEOMETRIC_REPRESENTATION_CONTEXT(2) 
PARAMETRIC_REPRESENTATION_CONTEXT() REPRESENTATION_CONTEXT('2D SPACE',''
  ) );
#8472 = ORIENTED_EDGE('',*,*,#8336,.T.);
#8473 = ORIENTED_EDGE('',*,*,#8224,.T.);
#8474 = ORIENTED_EDGE('',*,*,#8475,.F.);
#8475 = EDGE_CURVE('',#8476,#8196,#8478,.T.);
#8476 = VERTEX_POINT('',#8477);
#8477 = CARTESIAN_POINT('',(-37.5274584326,42.519220310812,0.));
#8478 = SURFACE_CURVE('',#8479,(#8483,#8489),.PCURVE_S1.);
#8479 = LINE('',#8480,#8481);
#8480 = CARTESIAN_POINT('',(-37.5274584326,42.519220310812,-1.));
#8481 = VECTOR('',#8482,1.);
#8482 = DIRECTION('',(0.,0.,1.));
#8483 = PCURVE('',#8241,#8484);
#8484 = DEFINITIONAL_REPRESENTATION('',(#8485),#8488);
#8485 = B_SPLINE_CURVE_WITH_KNOTS('',1,(#8486,#8487),.UNSPECIFIED.,.F.,
  .F.,(2,2),(0.9999994,3.2100006),.PIECEWISE_BEZIER_KNOTS.);
#8486 = CARTESIAN_POINT('',(6.140913444844,4.9999994));
#8487 = CARTESIAN_POINT('',(6.140913444844,7.2100006));
#8488 = ( GEOMETRIC_REPRESENTATION_CONTEXT(2) 
PARAMETRIC_REPRESENTATION_CONTEXT() REPRESENTATION_CONTEXT('2D SPACE',''
  ) );
#8489 = PCURVE('',#8212,#8490);
#8490 = DEFINITIONAL_REPRESENTATION('',(#8491),#8494);
#8491 = B_SPLINE_CURVE_WITH_KNOTS('',1,(#8492,#8493),.UNSPECIFIED.,.F.,
  .F.,(2,2),(0.9999994,3.2100006),.PIECEWISE_BEZIER_KNOTS.);
#8492 = CARTESIAN_POINT('',(2.293914502106,0.9999994));
#8493 = CARTESIAN_POINT('',(2.293914502106,3.2100006));
#8494 = ( GEOMETRIC_REPRESENTATION_CONTEXT(2) 
PARAMETRIC_REPRESENTATION_CONTEXT() REPRESENTATION_CONTEXT('2D SPACE',''
  ) );
#8495 = ORIENTED_EDGE('',*,*,#8496,.T.);
#8496 = EDGE_CURVE('',#8476,#8429,#8497,.T.);
#8497 = SURFACE_CURVE('',#8498,(#8503,#8510),.PCURVE_S1.);
#8498 = CIRCLE('',#8499,5.4395);
#8499 = AXIS2_PLACEMENT_3D('',#8500,#8501,#8502);
#8500 = CARTESIAN_POINT('',(-42.912,43.2905,0.));
#8501 = DIRECTION('',(0.,0.,1.));
#8502 = DIRECTION('',(1.,0.,-0.));
#8503 = PCURVE('',#8241,#8504);
#8504 = DEFINITIONAL_REPRESENTATION('',(#8505),#8509);
#8505 = LINE('',#8506,#8507);
#8506 = CARTESIAN_POINT('',(0.,5.));
#8507 = VECTOR('',#8508,1.);
#8508 = DIRECTION('',(1.,0.));
#8509 = ( GEOMETRIC_REPRESENTATION_CONTEXT(2) 
PARAMETRIC_REPRESENTATION_CONTEXT() REPRESENTATION_CONTEXT('2D SPACE',''
  ) );
#8510 = PCURVE('',#72,#8511);
#8511 = DEFINITIONAL_REPRESENTATION('',(#8512),#8516);
#8512 = CIRCLE('',#8513,5.4395);
#8513 = AXIS2_PLACEMENT_2D('',#8514,#8515);
#8514 = CARTESIAN_POINT('',(64.305,108.2905));
#8515 = DIRECTION('',(1.,0.));
#8516 = ( GEOMETRIC_REPRESENTATION_CONTEXT(2) 
PARAMETRIC_REPRESENTATION_CONTEXT() REPRESENTATION_CONTEXT('2D SPACE',''
  ) );
#8517 = ORIENTED_EDGE('',*,*,#8428,.T.);
#8518 = ADVANCED_FACE('',(#8519),#8212,.F.);
#8519 = FACE_BOUND('',#8520,.F.);
#8520 = EDGE_LOOP('',(#8521,#8542,#8564,#8565));
#8521 = ORIENTED_EDGE('',*,*,#8522,.F.);
#8522 = EDGE_CURVE('',#8523,#8167,#8525,.T.);
#8523 = VERTEX_POINT('',#8524);
#8524 = CARTESIAN_POINT('',(37.527458432601,42.519220310812,0.));
#8525 = SURFACE_CURVE('',#8526,(#8530,#8536),.PCURVE_S1.);
#8526 = LINE('',#8527,#8528);
#8527 = CARTESIAN_POINT('',(37.527458432601,42.519220310812,-1.));
#8528 = VECTOR('',#8529,1.);
#8529 = DIRECTION('',(0.,0.,1.));
#8530 = PCURVE('',#8212,#8531);
#8531 = DEFINITIONAL_REPRESENTATION('',(#8532),#8535);
#8532 = B_SPLINE_CURVE_WITH_KNOTS('',1,(#8533,#8534),.UNSPECIFIED.,.F.,
  .F.,(2,2),(0.9999994,3.2100006),.PIECEWISE_BEZIER_KNOTS.);
#8533 = CARTESIAN_POINT('',(0.847678151484,0.9999994));
#8534 = CARTESIAN_POINT('',(0.847678151484,3.2100006));
#8535 = ( GEOMETRIC_REPRESENTATION_CONTEXT(2) 
PARAMETRIC_REPRESENTATION_CONTEXT() REPRESENTATION_CONTEXT('2D SPACE',''
  ) );
#8536 = PCURVE('',#8183,#8537);
#8537 = DEFINITIONAL_REPRESENTATION('',(#8538),#8541);
#8538 = B_SPLINE_CURVE_WITH_KNOTS('',1,(#8539,#8540),.UNSPECIFIED.,.F.,
  .F.,(2,2),(0.9999994,3.2100006),.PIECEWISE_BEZIER_KNOTS.);
#8539 = CARTESIAN_POINT('',(3.283864515925,4.9999994));
#8540 = CARTESIAN_POINT('',(3.283864515925,7.2100006));
#8541 = ( GEOMETRIC_REPRESENTATION_CONTEXT(2) 
PARAMETRIC_REPRESENTATION_CONTEXT() REPRESENTATION_CONTEXT('2D SPACE',''
  ) );
#8542 = ORIENTED_EDGE('',*,*,#8543,.T.);
#8543 = EDGE_CURVE('',#8523,#8476,#8544,.T.);
#8544 = SURFACE_CURVE('',#8545,(#8550,#8557),.PCURVE_S1.);
#8545 = CIRCLE('',#8546,56.7115);
#8546 = AXIS2_PLACEMENT_3D('',#8547,#8548,#8549);
#8547 = CARTESIAN_POINT('',(0.,0.,0.));
#8548 = DIRECTION('',(0.,0.,1.));
#8549 = DIRECTION('',(1.,0.,-0.));
#8550 = PCURVE('',#8212,#8551);
#8551 = DEFINITIONAL_REPRESENTATION('',(#8552),#8556);
#8552 = LINE('',#8553,#8554);
#8553 = CARTESIAN_POINT('',(0.,1.));
#8554 = VECTOR('',#8555,1.);
#8555 = DIRECTION('',(1.,0.));
#8556 = ( GEOMETRIC_REPRESENTATION_CONTEXT(2) 
PARAMETRIC_REPRESENTATION_CONTEXT() REPRESENTATION_CONTEXT('2D SPACE',''
  ) );
#8557 = PCURVE('',#72,#8558);
#8558 = DEFINITIONAL_REPRESENTATION('',(#8559),#8563);
#8559 = CIRCLE('',#8560,56.7115);
#8560 = AXIS2_PLACEMENT_2D('',#8561,#8562);
#8561 = CARTESIAN_POINT('',(107.217,65.));
#8562 = DIRECTION('',(1.,0.));
#8563 = ( GEOMETRIC_REPRESENTATION_CONTEXT(2) 
PARAMETRIC_REPRESENTATION_CONTEXT() REPRESENTATION_CONTEXT('2D SPACE',''
  ) );
#8564 = ORIENTED_EDGE('',*,*,#8475,.T.);
#8565 = ORIENTED_EDGE('',*,*,#8195,.F.);
#8566 = ADVANCED_FACE('',(#8567),#8183,.F.);
#8567 = FACE_BOUND('',#8568,.F.);
#8568 = EDGE_LOOP('',(#8569,#8593,#8616,#8638,#8639,#8640,#8661,#8683));
#8569 = ORIENTED_EDGE('',*,*,#8570,.F.);
#8570 = EDGE_CURVE('',#8571,#8571,#8573,.T.);
#8571 = VERTEX_POINT('',#8572);
#8572 = CARTESIAN_POINT('',(48.3515,43.2905,86.461));
#8573 = SURFACE_CURVE('',#8574,(#8579,#8586),.PCURVE_S1.);
#8574 = CIRCLE('',#8575,5.4395);
#8575 = AXIS2_PLACEMENT_3D('',#8576,#8577,#8578);
#8576 = CARTESIAN_POINT('',(42.912,43.2905,86.461));
#8577 = DIRECTION('',(0.,0.,1.));
#8578 = DIRECTION('',(1.,0.,-0.));
#8579 = PCURVE('',#8183,#8580);
#8580 = DEFINITIONAL_REPRESENTATION('',(#8581),#8585);
#8581 = LINE('',#8582,#8583);
#8582 = CARTESIAN_POINT('',(0.,91.461));
#8583 = VECTOR('',#8584,1.);
#8584 = DIRECTION('',(1.,0.));
#8585 = ( GEOMETRIC_REPRESENTATION_CONTEXT(2) 
PARAMETRIC_REPRESENTATION_CONTEXT() REPRESENTATION_CONTEXT('2D SPACE',''
  ) );
#8586 = PCURVE('',#126,#8587);
#8587 = DEFINITIONAL_REPRESENTATION('',(#8588),#8592);
#8588 = CIRCLE('',#8589,5.4395);
#8589 = AXIS2_PLACEMENT_2D('',#8590,#8591);
#8590 = CARTESIAN_POINT('',(150.129,108.2905));
#8591 = DIRECTION('',(1.,0.));
#8592 = ( GEOMETRIC_REPRESENTATION_CONTEXT(2) 
PARAMETRIC_REPRESENTATION_CONTEXT() REPRESENTATION_CONTEXT('2D SPACE',''
  ) );
#8593 = ORIENTED_EDGE('',*,*,#8594,.F.);
#8594 = EDGE_CURVE('',#8595,#8571,#8597,.T.);
#8595 = VERTEX_POINT('',#8596);
#8596 = CARTESIAN_POINT('',(48.3515,43.2905,0.));
#8597 = SEAM_CURVE('',#8598,(#8602,#8609),.PCURVE_S1.);
#8598 = LINE('',#8599,#8600);
#8599 = CARTESIAN_POINT('',(48.3515,43.2905,-5.));
#8600 = VECTOR('',#8601,1.);
#8601 = DIRECTION('',(0.,0.,1.));
#8602 = PCURVE('',#8183,#8603);
#8603 = DEFINITIONAL_REPRESENTATION('',(#8604),#8608);
#8604 = LINE('',#8605,#8606);
#8605 = CARTESIAN_POINT('',(6.28318530718,-0.));
#8606 = VECTOR('',#8607,1.);
#8607 = DIRECTION('',(0.,1.));
#8608 = ( GEOMETRIC_REPRESENTATION_CONTEXT(2) 
PARAMETRIC_REPRESENTATION_CONTEXT() REPRESENTATION_CONTEXT('2D SPACE',''
  ) );
#8609 = PCURVE('',#8183,#8610);
#8610 = DEFINITIONAL_REPRESENTATION('',(#8611),#8615);
#8611 = LINE('',#8612,#8613);
#8612 = CARTESIAN_POINT('',(0.,-0.));
#8613 = VECTOR('',#8614,1.);
#8614 = DIRECTION('',(0.,1.));
#8615 = ( GEOMETRIC_REPRESENTATION_CONTEXT(2) 
PARAMETRIC_REPRESENTATION_CONTEXT() REPRESENTATION_CONTEXT('2D SPACE',''
  ) );
#8616 = ORIENTED_EDGE('',*,*,#8617,.T.);
#8617 = EDGE_CURVE('',#8595,#8523,#8618,.T.);
#8618 = SURFACE_CURVE('',#8619,(#8624,#8631),.PCURVE_S1.);
#8619 = CIRCLE('',#8620,5.4395);
#8620 = AXIS2_PLACEMENT_3D('',#8621,#8622,#8623);
#8621 = CARTESIAN_POINT('',(42.912,43.2905,0.));
#8622 = DIRECTION('',(0.,0.,1.));
#8623 = DIRECTION('',(1.,0.,-0.));
#8624 = PCURVE('',#8183,#8625);
#8625 = DEFINITIONAL_REPRESENTATION('',(#8626),#8630);
#8626 = LINE('',#8627,#8628);
#8627 = CARTESIAN_POINT('',(0.,5.));
#8628 = VECTOR('',#8629,1.);
#8629 = DIRECTION('',(1.,0.));
#8630 = ( GEOMETRIC_REPRESENTATION_CONTEXT(2) 
PARAMETRIC_REPRESENTATION_CONTEXT() REPRESENTATION_CONTEXT('2D SPACE',''
  ) );
#8631 = PCURVE('',#72,#8632);
#8632 = DEFINITIONAL_REPRESENTATION('',(#8633),#8637);
#8633 = CIRCLE('',#8634,5.4395);
#8634 = AXIS2_PLACEMENT_2D('',#8635,#8636);
#8635 = CARTESIAN_POINT('',(150.129,108.2905));
#8636 = DIRECTION('',(1.,0.));
#8637 = ( GEOMETRIC_REPRESENTATION_CONTEXT(2) 
PARAMETRIC_REPRESENTATION_CONTEXT() REPRESENTATION_CONTEXT('2D SPACE',''
  ) );
#8638 = ORIENTED_EDGE('',*,*,#8522,.T.);
#8639 = ORIENTED_EDGE('',*,*,#8166,.T.);
#8640 = ORIENTED_EDGE('',*,*,#8641,.F.);
#8641 = EDGE_CURVE('',#8642,#8138,#8644,.T.);
#8642 = VERTEX_POINT('',#8643);
#8643 = CARTESIAN_POINT('',(42.188034286103,37.899393073301,0.));
#8644 = SURFACE_CURVE('',#8645,(#8649,#8655),.PCURVE_S1.);
#8645 = LINE('',#8646,#8647);
#8646 = CARTESIAN_POINT('',(42.188034286103,37.899393073301,-1.));
#8647 = VECTOR('',#8648,1.);
#8648 = DIRECTION('',(0.,0.,1.));
#8649 = PCURVE('',#8183,#8650);
#8650 = DEFINITIONAL_REPRESENTATION('',(#8651),#8654);
#8651 = B_SPLINE_CURVE_WITH_KNOTS('',1,(#8652,#8653),.UNSPECIFIED.,.F.,
  .F.,(2,2),(0.9999994,3.2100006),.PIECEWISE_BEZIER_KNOTS.);
#8652 = CARTESIAN_POINT('',(4.57889870948,4.9999994));
#8653 = CARTESIAN_POINT('',(4.57889870948,7.2100006));
#8654 = ( GEOMETRIC_REPRESENTATION_CONTEXT(2) 
PARAMETRIC_REPRESENTATION_CONTEXT() REPRESENTATION_CONTEXT('2D SPACE',''
  ) );
#8655 = PCURVE('',#8154,#8656);
#8656 = DEFINITIONAL_REPRESENTATION('',(#8657),#8660);
#8657 = B_SPLINE_CURVE_WITH_KNOTS('',1,(#8658,#8659),.UNSPECIFIED.,.F.,
  .F.,(2,2),(1.,3.21),.PIECEWISE_BEZIER_KNOTS.);
#8658 = CARTESIAN_POINT('',(7.015085073921,1.));
#8659 = CARTESIAN_POINT('',(7.015085073921,3.21));
#8660 = ( GEOMETRIC_REPRESENTATION_CONTEXT(2) 
PARAMETRIC_REPRESENTATION_CONTEXT() REPRESENTATION_CONTEXT('2D SPACE',''
  ) );
#8661 = ORIENTED_EDGE('',*,*,#8662,.T.);
#8662 = EDGE_CURVE('',#8642,#8595,#8663,.T.);
#8663 = SURFACE_CURVE('',#8664,(#8669,#8676),.PCURVE_S1.);
#8664 = CIRCLE('',#8665,5.4395);
#8665 = AXIS2_PLACEMENT_3D('',#8666,#8667,#8668);
#8666 = CARTESIAN_POINT('',(42.912,43.2905,0.));
#8667 = DIRECTION('',(0.,0.,1.));
#8668 = DIRECTION('',(1.,0.,-0.));
#8669 = PCURVE('',#8183,#8670);
#8670 = DEFINITIONAL_REPRESENTATION('',(#8671),#8675);
#8671 = LINE('',#8672,#8673);
#8672 = CARTESIAN_POINT('',(0.,5.));
#8673 = VECTOR('',#8674,1.);
#8674 = DIRECTION('',(1.,0.));
#8675 = ( GEOMETRIC_REPRESENTATION_CONTEXT(2) 
PARAMETRIC_REPRESENTATION_CONTEXT() REPRESENTATION_CONTEXT('2D SPACE',''
  ) );
#8676 = PCURVE('',#72,#8677);
#8677 = DEFINITIONAL_REPRESENTATION('',(#8678),#8682);
#8678 = CIRCLE('',#8679,5.4395);
#8679 = AXIS2_PLACEMENT_2D('',#8680,#8681);
#8680 = CARTESIAN_POINT('',(150.129,108.2905));
#8681 = DIRECTION('',(1.,0.));
#8682 = ( GEOMETRIC_REPRESENTATION_CONTEXT(2) 
PARAMETRIC_REPRESENTATION_CONTEXT() REPRESENTATION_CONTEXT('2D SPACE',''
  ) );
#8683 = ORIENTED_EDGE('',*,*,#8594,.T.);
#8684 = ADVANCED_FACE('',(#8685),#8154,.F.);
#8685 = FACE_BOUND('',#8686,.F.);
#8686 = EDGE_LOOP('',(#8687,#8688,#8709,#8731));
#8687 = ORIENTED_EDGE('',*,*,#8137,.F.);
#8688 = ORIENTED_EDGE('',*,*,#8689,.F.);
#8689 = EDGE_CURVE('',#8690,#8109,#8692,.T.);
#8690 = VERTEX_POINT('',#8691);
#8691 = CARTESIAN_POINT('',(42.188034286103,-37.8993930733,0.));
#8692 = SURFACE_CURVE('',#8693,(#8697,#8703),.PCURVE_S1.);
#8693 = LINE('',#8694,#8695);
#8694 = CARTESIAN_POINT('',(42.188034286103,-37.8993930733,-1.));
#8695 = VECTOR('',#8696,1.);
#8696 = DIRECTION('',(0.,0.,1.));
#8697 = PCURVE('',#8154,#8698);
#8698 = DEFINITIONAL_REPRESENTATION('',(#8699),#8702);
#8699 = B_SPLINE_CURVE_WITH_KNOTS('',1,(#8700,#8701),.UNSPECIFIED.,.F.,
  .F.,(2,2),(1.,3.21),.PIECEWISE_BEZIER_KNOTS.);
#8700 = CARTESIAN_POINT('',(5.551285540438,1.));
#8701 = CARTESIAN_POINT('',(5.551285540438,3.21));
#8702 = ( GEOMETRIC_REPRESENTATION_CONTEXT(2) 
PARAMETRIC_REPRESENTATION_CONTEXT() REPRESENTATION_CONTEXT('2D SPACE',''
  ) );
#8703 = PCURVE('',#8125,#8704);
#8704 = DEFINITIONAL_REPRESENTATION('',(#8705),#8708);
#8705 = B_SPLINE_CURVE_WITH_KNOTS('',1,(#8706,#8707),.UNSPECIFIED.,.F.,
  .F.,(2,2),(0.9999994,3.2100006),.PIECEWISE_BEZIER_KNOTS.);
#8706 = CARTESIAN_POINT('',(1.7042865977,4.9999994));
#8707 = CARTESIAN_POINT('',(1.7042865977,7.2100006));
#8708 = ( GEOMETRIC_REPRESENTATION_CONTEXT(2) 
PARAMETRIC_REPRESENTATION_CONTEXT() REPRESENTATION_CONTEXT('2D SPACE',''
  ) );
#8709 = ORIENTED_EDGE('',*,*,#8710,.T.);
#8710 = EDGE_CURVE('',#8690,#8642,#8711,.T.);
#8711 = SURFACE_CURVE('',#8712,(#8717,#8724),.PCURVE_S1.);
#8712 = CIRCLE('',#8713,56.7115);
#8713 = AXIS2_PLACEMENT_3D('',#8714,#8715,#8716);
#8714 = CARTESIAN_POINT('',(0.,0.,0.));
#8715 = DIRECTION('',(0.,0.,1.));
#8716 = DIRECTION('',(0.743906161645,-0.668284088294,0.));
#8717 = PCURVE('',#8154,#8718);
#8718 = DEFINITIONAL_REPRESENTATION('',(#8719),#8723);
#8719 = LINE('',#8720,#8721);
#8720 = CARTESIAN_POINT('',(5.551285540438,1.));
#8721 = VECTOR('',#8722,1.);
#8722 = DIRECTION('',(1.,0.));
#8723 = ( GEOMETRIC_REPRESENTATION_CONTEXT(2) 
PARAMETRIC_REPRESENTATION_CONTEXT() REPRESENTATION_CONTEXT('2D SPACE',''
  ) );
#8724 = PCURVE('',#72,#8725);
#8725 = DEFINITIONAL_REPRESENTATION('',(#8726),#8730);
#8726 = CIRCLE('',#8727,56.7115);
#8727 = AXIS2_PLACEMENT_2D('',#8728,#8729);
#8728 = CARTESIAN_POINT('',(107.217,65.));
#8729 = DIRECTION('',(0.743906161645,-0.668284088294));
#8730 = ( GEOMETRIC_REPRESENTATION_CONTEXT(2) 
PARAMETRIC_REPRESENTATION_CONTEXT() REPRESENTATION_CONTEXT('2D SPACE',''
  ) );
#8731 = ORIENTED_EDGE('',*,*,#8641,.T.);
#8732 = ADVANCED_FACE('',(#8733),#8125,.F.);
#8733 = FACE_BOUND('',#8734,.F.);
#8734 = EDGE_LOOP('',(#8735,#8759,#8782,#8804,#8805,#8806,#8827,#8849));
#8735 = ORIENTED_EDGE('',*,*,#8736,.F.);
#8736 = EDGE_CURVE('',#8737,#8737,#8739,.T.);
#8737 = VERTEX_POINT('',#8738);
#8738 = CARTESIAN_POINT('',(48.3515,-43.2905,86.461));
#8739 = SURFACE_CURVE('',#8740,(#8745,#8752),.PCURVE_S1.);
#8740 = CIRCLE('',#8741,5.4395);
#8741 = AXIS2_PLACEMENT_3D('',#8742,#8743,#8744);
#8742 = CARTESIAN_POINT('',(42.912,-43.2905,86.461));
#8743 = DIRECTION('',(0.,0.,1.));
#8744 = DIRECTION('',(1.,0.,-0.));
#8745 = PCURVE('',#8125,#8746);
#8746 = DEFINITIONAL_REPRESENTATION('',(#8747),#8751);
#8747 = LINE('',#8748,#8749);
#8748 = CARTESIAN_POINT('',(0.,91.461));
#8749 = VECTOR('',#8750,1.);
#8750 = DIRECTION('',(1.,0.));
#8751 = ( GEOMETRIC_REPRESENTATION_CONTEXT(2) 
PARAMETRIC_REPRESENTATION_CONTEXT() REPRESENTATION_CONTEXT('2D SPACE',''
  ) );
#8752 = PCURVE('',#126,#8753);
#8753 = DEFINITIONAL_REPRESENTATION('',(#8754),#8758);
#8754 = CIRCLE('',#8755,5.4395);
#8755 = AXIS2_PLACEMENT_2D('',#8756,#8757);
#8756 = CARTESIAN_POINT('',(150.129,21.7095));
#8757 = DIRECTION('',(1.,0.));
#8758 = ( GEOMETRIC_REPRESENTATION_CONTEXT(2) 
PARAMETRIC_REPRESENTATION_CONTEXT() REPRESENTATION_CONTEXT('2D SPACE',''
  ) );
#8759 = ORIENTED_EDGE('',*,*,#8760,.F.);
#8760 = EDGE_CURVE('',#8761,#8737,#8763,.T.);
#8761 = VERTEX_POINT('',#8762);
#8762 = CARTESIAN_POINT('',(48.3515,-43.2905,0.));
#8763 = SEAM_CURVE('',#8764,(#8768,#8775),.PCURVE_S1.);
#8764 = LINE('',#8765,#8766);
#8765 = CARTESIAN_POINT('',(48.3515,-43.2905,-5.));
#8766 = VECTOR('',#8767,1.);
#8767 = DIRECTION('',(0.,0.,1.));
#8768 = PCURVE('',#8125,#8769);
#8769 = DEFINITIONAL_REPRESENTATION('',(#8770),#8774);
#8770 = LINE('',#8771,#8772);
#8771 = CARTESIAN_POINT('',(6.28318530718,-0.));
#8772 = VECTOR('',#8773,1.);
#8773 = DIRECTION('',(0.,1.));
#8774 = ( GEOMETRIC_REPRESENTATION_CONTEXT(2) 
PARAMETRIC_REPRESENTATION_CONTEXT() REPRESENTATION_CONTEXT('2D SPACE',''
  ) );
#8775 = PCURVE('',#8125,#8776);
#8776 = DEFINITIONAL_REPRESENTATION('',(#8777),#8781);
#8777 = LINE('',#8778,#8779);
#8778 = CARTESIAN_POINT('',(0.,-0.));
#8779 = VECTOR('',#8780,1.);
#8780 = DIRECTION('',(0.,1.));
#8781 = ( GEOMETRIC_REPRESENTATION_CONTEXT(2) 
PARAMETRIC_REPRESENTATION_CONTEXT() REPRESENTATION_CONTEXT('2D SPACE',''
  ) );
#8782 = ORIENTED_EDGE('',*,*,#8783,.T.);
#8783 = EDGE_CURVE('',#8761,#8690,#8784,.T.);
#8784 = SURFACE_CURVE('',#8785,(#8790,#8797),.PCURVE_S1.);
#8785 = CIRCLE('',#8786,5.4395);
#8786 = AXIS2_PLACEMENT_3D('',#8787,#8788,#8789);
#8787 = CARTESIAN_POINT('',(42.912,-43.2905,0.));
#8788 = DIRECTION('',(0.,0.,1.));
#8789 = DIRECTION('',(1.,0.,-0.));
#8790 = PCURVE('',#8125,#8791);
#8791 = DEFINITIONAL_REPRESENTATION('',(#8792),#8796);
#8792 = LINE('',#8793,#8794);
#8793 = CARTESIAN_POINT('',(0.,5.));
#8794 = VECTOR('',#8795,1.);
#8795 = DIRECTION('',(1.,0.));
#8796 = ( GEOMETRIC_REPRESENTATION_CONTEXT(2) 
PARAMETRIC_REPRESENTATION_CONTEXT() REPRESENTATION_CONTEXT('2D SPACE',''
  ) );
#8797 = PCURVE('',#72,#8798);
#8798 = DEFINITIONAL_REPRESENTATION('',(#8799),#8803);
#8799 = CIRCLE('',#8800,5.4395);
#8800 = AXIS2_PLACEMENT_2D('',#8801,#8802);
#8801 = CARTESIAN_POINT('',(150.129,21.7095));
#8802 = DIRECTION('',(1.,0.));
#8803 = ( GEOMETRIC_REPRESENTATION_CONTEXT(2) 
PARAMETRIC_REPRESENTATION_CONTEXT() REPRESENTATION_CONTEXT('2D SPACE',''
  ) );
#8804 = ORIENTED_EDGE('',*,*,#8689,.T.);
#8805 = ORIENTED_EDGE('',*,*,#8108,.T.);
#8806 = ORIENTED_EDGE('',*,*,#8807,.F.);
#8807 = EDGE_CURVE('',#8808,#8080,#8810,.T.);
#8808 = VERTEX_POINT('',#8809);
#8809 = CARTESIAN_POINT('',(37.527458432601,-42.51922031081,0.));
#8810 = SURFACE_CURVE('',#8811,(#8815,#8821),.PCURVE_S1.);
#8811 = LINE('',#8812,#8813);
#8812 = CARTESIAN_POINT('',(37.527458432601,-42.51922031081,-1.));
#8813 = VECTOR('',#8814,1.);
#8814 = DIRECTION('',(0.,0.,1.));
#8815 = PCURVE('',#8125,#8816);
#8816 = DEFINITIONAL_REPRESENTATION('',(#8817),#8820);
#8817 = B_SPLINE_CURVE_WITH_KNOTS('',1,(#8818,#8819),.UNSPECIFIED.,.F.,
  .F.,(2,2),(0.9999994,3.2100006),.PIECEWISE_BEZIER_KNOTS.);
#8818 = CARTESIAN_POINT('',(2.999320791255,4.9999994));
#8819 = CARTESIAN_POINT('',(2.999320791255,7.2100006));
#8820 = ( GEOMETRIC_REPRESENTATION_CONTEXT(2) 
PARAMETRIC_REPRESENTATION_CONTEXT() REPRESENTATION_CONTEXT('2D SPACE',''
  ) );
#8821 = PCURVE('',#8096,#8822);
#8822 = DEFINITIONAL_REPRESENTATION('',(#8823),#8826);
#8823 = B_SPLINE_CURVE_WITH_KNOTS('',1,(#8824,#8825),.UNSPECIFIED.,.F.,
  .F.,(2,2),(0.9999994,3.2100006),.PIECEWISE_BEZIER_KNOTS.);
#8824 = CARTESIAN_POINT('',(5.435507155696,0.9999994));
#8825 = CARTESIAN_POINT('',(5.435507155696,3.2100006));
#8826 = ( GEOMETRIC_REPRESENTATION_CONTEXT(2) 
PARAMETRIC_REPRESENTATION_CONTEXT() REPRESENTATION_CONTEXT('2D SPACE',''
  ) );
#8827 = ORIENTED_EDGE('',*,*,#8828,.T.);
#8828 = EDGE_CURVE('',#8808,#8761,#8829,.T.);
#8829 = SURFACE_CURVE('',#8830,(#8835,#8842),.PCURVE_S1.);
#8830 = CIRCLE('',#8831,5.4395);
#8831 = AXIS2_PLACEMENT_3D('',#8832,#8833,#8834);
#8832 = CARTESIAN_POINT('',(42.912,-43.2905,0.));
#8833 = DIRECTION('',(0.,0.,1.));
#8834 = DIRECTION('',(1.,0.,-0.));
#8835 = PCURVE('',#8125,#8836);
#8836 = DEFINITIONAL_REPRESENTATION('',(#8837),#8841);
#8837 = LINE('',#8838,#8839);
#8838 = CARTESIAN_POINT('',(0.,5.));
#8839 = VECTOR('',#8840,1.);
#8840 = DIRECTION('',(1.,0.));
#8841 = ( GEOMETRIC_REPRESENTATION_CONTEXT(2) 
PARAMETRIC_REPRESENTATION_CONTEXT() REPRESENTATION_CONTEXT('2D SPACE',''
  ) );
#8842 = PCURVE('',#72,#8843);
#8843 = DEFINITIONAL_REPRESENTATION('',(#8844),#8848);
#8844 = CIRCLE('',#8845,5.4395);
#8845 = AXIS2_PLACEMENT_2D('',#8846,#8847);
#8846 = CARTESIAN_POINT('',(150.129,21.7095));
#8847 = DIRECTION('',(1.,0.));
#8848 = ( GEOMETRIC_REPRESENTATION_CONTEXT(2) 
PARAMETRIC_REPRESENTATION_CONTEXT() REPRESENTATION_CONTEXT('2D SPACE',''
  ) );
#8849 = ORIENTED_EDGE('',*,*,#8760,.T.);
#8850 = ADVANCED_FACE('',(#8851),#8096,.F.);
#8851 = FACE_BOUND('',#8852,.F.);
#8852 = EDGE_LOOP('',(#8853,#8874,#8896,#8897));
#8853 = ORIENTED_EDGE('',*,*,#8854,.F.);
#8854 = EDGE_CURVE('',#8855,#8049,#8857,.T.);
#8855 = VERTEX_POINT('',#8856);
#8856 = CARTESIAN_POINT('',(-37.5274584326,-42.51922031081,0.));
#8857 = SURFACE_CURVE('',#8858,(#8862,#8868),.PCURVE_S1.);
#8858 = LINE('',#8859,#8860);
#8859 = CARTESIAN_POINT('',(-37.5274584326,-42.51922031081,-1.));
#8860 = VECTOR('',#8861,1.);
#8861 = DIRECTION('',(0.,0.,1.));
#8862 = PCURVE('',#8096,#8863);
#8863 = DEFINITIONAL_REPRESENTATION('',(#8864),#8867);
#8864 = B_SPLINE_CURVE_WITH_KNOTS('',1,(#8865,#8866),.UNSPECIFIED.,.F.,
  .F.,(2,2),(0.9999994,3.2100006),.PIECEWISE_BEZIER_KNOTS.);
#8865 = CARTESIAN_POINT('',(3.989270805073,0.9999994));
#8866 = CARTESIAN_POINT('',(3.989270805073,3.2100006));
#8867 = ( GEOMETRIC_REPRESENTATION_CONTEXT(2) 
PARAMETRIC_REPRESENTATION_CONTEXT() REPRESENTATION_CONTEXT('2D SPACE',''
  ) );
#8868 = PCURVE('',#8067,#8869);
#8869 = DEFINITIONAL_REPRESENTATION('',(#8870),#8873);
#8870 = B_SPLINE_CURVE_WITH_KNOTS('',1,(#8871,#8872),.UNSPECIFIED.,.F.,
  .F.,(2,2),(0.9999994,3.2100006),.PIECEWISE_BEZIER_KNOTS.);
#8871 = CARTESIAN_POINT('',(0.142271862335,4.9999994));
#8872 = CARTESIAN_POINT('',(0.142271862335,7.2100006));
#8873 = ( GEOMETRIC_REPRESENTATION_CONTEXT(2) 
PARAMETRIC_REPRESENTATION_CONTEXT() REPRESENTATION_CONTEXT('2D SPACE',''
  ) );
#8874 = ORIENTED_EDGE('',*,*,#8875,.T.);
#8875 = EDGE_CURVE('',#8855,#8808,#8876,.T.);
#8876 = SURFACE_CURVE('',#8877,(#8882,#8889),.PCURVE_S1.);
#8877 = CIRCLE('',#8878,56.7115);
#8878 = AXIS2_PLACEMENT_3D('',#8879,#8880,#8881);
#8879 = CARTESIAN_POINT('',(0.,0.,0.));
#8880 = DIRECTION('',(0.,0.,1.));
#8881 = DIRECTION('',(1.,0.,-0.));
#8882 = PCURVE('',#8096,#8883);
#8883 = DEFINITIONAL_REPRESENTATION('',(#8884),#8888);
#8884 = LINE('',#8885,#8886);
#8885 = CARTESIAN_POINT('',(0.,1.));
#8886 = VECTOR('',#8887,1.);
#8887 = DIRECTION('',(1.,0.));
#8888 = ( GEOMETRIC_REPRESENTATION_CONTEXT(2) 
PARAMETRIC_REPRESENTATION_CONTEXT() REPRESENTATION_CONTEXT('2D SPACE',''
  ) );
#8889 = PCURVE('',#72,#8890);
#8890 = DEFINITIONAL_REPRESENTATION('',(#8891),#8895);
#8891 = CIRCLE('',#8892,56.7115);
#8892 = AXIS2_PLACEMENT_2D('',#8893,#8894);
#8893 = CARTESIAN_POINT('',(107.217,65.));
#8894 = DIRECTION('',(1.,0.));
#8895 = ( GEOMETRIC_REPRESENTATION_CONTEXT(2) 
PARAMETRIC_REPRESENTATION_CONTEXT() REPRESENTATION_CONTEXT('2D SPACE',''
  ) );
#8896 = ORIENTED_EDGE('',*,*,#8807,.T.);
#8897 = ORIENTED_EDGE('',*,*,#8079,.F.);
#8898 = ADVANCED_FACE('',(#8899),#8067,.F.);
#8899 = FACE_BOUND('',#8900,.F.);
#8900 = EDGE_LOOP('',(#8901,#8925,#8948,#8970,#8971,#8972,#8973,#8995));
#8901 = ORIENTED_EDGE('',*,*,#8902,.F.);
#8902 = EDGE_CURVE('',#8903,#8903,#8905,.T.);
#8903 = VERTEX_POINT('',#8904);
#8904 = CARTESIAN_POINT('',(-37.4725,-43.2905,86.461));
#8905 = SURFACE_CURVE('',#8906,(#8911,#8918),.PCURVE_S1.);
#8906 = CIRCLE('',#8907,5.4395);
#8907 = AXIS2_PLACEMENT_3D('',#8908,#8909,#8910);
#8908 = CARTESIAN_POINT('',(-42.912,-43.2905,86.461));
#8909 = DIRECTION('',(0.,0.,1.));
#8910 = DIRECTION('',(1.,0.,-0.));
#8911 = PCURVE('',#8067,#8912);
#8912 = DEFINITIONAL_REPRESENTATION('',(#8913),#8917);
#8913 = LINE('',#8914,#8915);
#8914 = CARTESIAN_POINT('',(0.,91.461));
#8915 = VECTOR('',#8916,1.);
#8916 = DIRECTION('',(1.,0.));
#8917 = ( GEOMETRIC_REPRESENTATION_CONTEXT(2) 
PARAMETRIC_REPRESENTATION_CONTEXT() REPRESENTATION_CONTEXT('2D SPACE',''
  ) );
#8918 = PCURVE('',#126,#8919);
#8919 = DEFINITIONAL_REPRESENTATION('',(#8920),#8924);
#8920 = CIRCLE('',#8921,5.4395);
#8921 = AXIS2_PLACEMENT_2D('',#8922,#8923);
#8922 = CARTESIAN_POINT('',(64.305,21.7095));
#8923 = DIRECTION('',(1.,0.));
#8924 = ( GEOMETRIC_REPRESENTATION_CONTEXT(2) 
PARAMETRIC_REPRESENTATION_CONTEXT() REPRESENTATION_CONTEXT('2D SPACE',''
  ) );
#8925 = ORIENTED_EDGE('',*,*,#8926,.F.);
#8926 = EDGE_CURVE('',#8927,#8903,#8929,.T.);
#8927 = VERTEX_POINT('',#8928);
#8928 = CARTESIAN_POINT('',(-37.4725,-43.2905,0.));
#8929 = SEAM_CURVE('',#8930,(#8934,#8941),.PCURVE_S1.);
#8930 = LINE('',#8931,#8932);
#8931 = CARTESIAN_POINT('',(-37.4725,-43.2905,-5.));
#8932 = VECTOR('',#8933,1.);
#8933 = DIRECTION('',(0.,0.,1.));
#8934 = PCURVE('',#8067,#8935);
#8935 = DEFINITIONAL_REPRESENTATION('',(#8936),#8940);
#8936 = LINE('',#8937,#8938);
#8937 = CARTESIAN_POINT('',(6.28318530718,-0.));
#8938 = VECTOR('',#8939,1.);
#8939 = DIRECTION('',(0.,1.));
#8940 = ( GEOMETRIC_REPRESENTATION_CONTEXT(2) 
PARAMETRIC_REPRESENTATION_CONTEXT() REPRESENTATION_CONTEXT('2D SPACE',''
  ) );
#8941 = PCURVE('',#8067,#8942);
#8942 = DEFINITIONAL_REPRESENTATION('',(#8943),#8947);
#8943 = LINE('',#8944,#8945);
#8944 = CARTESIAN_POINT('',(0.,-0.));
#8945 = VECTOR('',#8946,1.);
#8946 = DIRECTION('',(0.,1.));
#8947 = ( GEOMETRIC_REPRESENTATION_CONTEXT(2) 
PARAMETRIC_REPRESENTATION_CONTEXT() REPRESENTATION_CONTEXT('2D SPACE',''
  ) );
#8948 = ORIENTED_EDGE('',*,*,#8949,.T.);
#8949 = EDGE_CURVE('',#8927,#8855,#8950,.T.);
#8950 = SURFACE_CURVE('',#8951,(#8956,#8963),.PCURVE_S1.);
#8951 = CIRCLE('',#8952,5.4395);
#8952 = AXIS2_PLACEMENT_3D('',#8953,#8954,#8955);
#8953 = CARTESIAN_POINT('',(-42.912,-43.2905,0.));
#8954 = DIRECTION('',(0.,0.,1.));
#8955 = DIRECTION('',(1.,0.,-0.));
#8956 = PCURVE('',#8067,#8957);
#8957 = DEFINITIONAL_REPRESENTATION('',(#8958),#8962);
#8958 = LINE('',#8959,#8960);
#8959 = CARTESIAN_POINT('',(0.,5.));
#8960 = VECTOR('',#8961,1.);
#8961 = DIRECTION('',(1.,0.));
#8962 = ( GEOMETRIC_REPRESENTATION_CONTEXT(2) 
PARAMETRIC_REPRESENTATION_CONTEXT() REPRESENTATION_CONTEXT('2D SPACE',''
  ) );
#8963 = PCURVE('',#72,#8964);
#8964 = DEFINITIONAL_REPRESENTATION('',(#8965),#8969);
#8965 = CIRCLE('',#8966,5.4395);
#8966 = AXIS2_PLACEMENT_2D('',#8967,#8968);
#8967 = CARTESIAN_POINT('',(64.305,21.7095));
#8968 = DIRECTION('',(1.,0.));
#8969 = ( GEOMETRIC_REPRESENTATION_CONTEXT(2) 
PARAMETRIC_REPRESENTATION_CONTEXT() REPRESENTATION_CONTEXT('2D SPACE',''
  ) );
#8970 = ORIENTED_EDGE('',*,*,#8854,.T.);
#8971 = ORIENTED_EDGE('',*,*,#8048,.T.);
#8972 = ORIENTED_EDGE('',*,*,#8381,.F.);
#8973 = ORIENTED_EDGE('',*,*,#8974,.T.);
#8974 = EDGE_CURVE('',#8358,#8927,#8975,.T.);
#8975 = SURFACE_CURVE('',#8976,(#8981,#8988),.PCURVE_S1.);
#8976 = CIRCLE('',#8977,5.4395);
#8977 = AXIS2_PLACEMENT_3D('',#8978,#8979,#8980);
#8978 = CARTESIAN_POINT('',(-42.912,-43.2905,0.));
#8979 = DIRECTION('',(0.,0.,1.));
#8980 = DIRECTION('',(1.,0.,-0.));
#8981 = PCURVE('',#8067,#8982);
#8982 = DEFINITIONAL_REPRESENTATION('',(#8983),#8987);
#8983 = LINE('',#8984,#8985);
#8984 = CARTESIAN_POINT('',(0.,5.));
#8985 = VECTOR('',#8986,1.);
#8986 = DIRECTION('',(1.,0.));
#8987 = ( GEOMETRIC_REPRESENTATION_CONTEXT(2) 
PARAMETRIC_REPRESENTATION_CONTEXT() REPRESENTATION_CONTEXT('2D SPACE',''
  ) );
#8988 = PCURVE('',#72,#8989);
#8989 = DEFINITIONAL_REPRESENTATION('',(#8990),#8994);
#8990 = CIRCLE('',#8991,5.4395);
#8991 = AXIS2_PLACEMENT_2D('',#8992,#8993);
#8992 = CARTESIAN_POINT('',(64.305,21.7095));
#8993 = DIRECTION('',(1.,0.));
#8994 = ( GEOMETRIC_REPRESENTATION_CONTEXT(2) 
PARAMETRIC_REPRESENTATION_CONTEXT() REPRESENTATION_CONTEXT('2D SPACE',''
  ) );
#8995 = ORIENTED_EDGE('',*,*,#8926,.T.);
#8996 = ADVANCED_FACE('',(#8997),#2359,.F.);
#8997 = FACE_BOUND('',#8998,.F.);
#8998 = EDGE_LOOP('',(#8999,#9020,#9021));
#8999 = ORIENTED_EDGE('',*,*,#9000,.F.);
#9000 = EDGE_CURVE('',#8286,#2323,#9001,.T.);
#9001 = SURFACE_CURVE('',#9002,(#9007,#9014),.PCURVE_S1.);
#9002 = CIRCLE('',#9003,22.);
#9003 = AXIS2_PLACEMENT_3D('',#9004,#9005,#9006);
#9004 = CARTESIAN_POINT('',(-20.1204,21.59375,14.21232833191));
#9005 = DIRECTION('',(-0.550116416595,0.,0.835087976319));
#9006 = DIRECTION('',(0.835087976319,0.,0.550116416595));
#9007 = PCURVE('',#2359,#9008);
#9008 = DEFINITIONAL_REPRESENTATION('',(#9009),#9013);
#9009 = CIRCLE('',#9010,22.);
#9010 = AXIS2_PLACEMENT_2D('',#9011,#9012);
#9011 = CARTESIAN_POINT('',(375.90625111297,421.59375));
#9012 = DIRECTION('',(1.,0.));
#9013 = ( GEOMETRIC_REPRESENTATION_CONTEXT(2) 
PARAMETRIC_REPRESENTATION_CONTEXT() REPRESENTATION_CONTEXT('2D SPACE',''
  ) );
#9014 = PCURVE('',#1743,#9015);
#9015 = DEFINITIONAL_REPRESENTATION('',(#9016),#9019);
#9016 = B_SPLINE_CURVE_WITH_KNOTS('',1,(#9017,#9018),.UNSPECIFIED.,.F.,
  .F.,(2,2),(3.270382477052,4.519915490009),.PIECEWISE_BEZIER_KNOTS.);
#9017 = CARTESIAN_POINT('',(9.553567784232,1.));
#9018 = CARTESIAN_POINT('',(10.803100797188,1.));
#9019 = ( GEOMETRIC_REPRESENTATION_CONTEXT(2) 
PARAMETRIC_REPRESENTATION_CONTEXT() REPRESENTATION_CONTEXT('2D SPACE',''
  ) );
#9020 = ORIENTED_EDGE('',*,*,#8285,.T.);
#9021 = ORIENTED_EDGE('',*,*,#2343,.F.);
#9022 = ADVANCED_FACE('',(#9023),#2290,.F.);
#9023 = FACE_BOUND('',#9024,.F.);
#9024 = EDGE_LOOP('',(#9025,#9047,#9048,#9049,#9050,#9051,#9052,#9053,
    #9054));
#9025 = ORIENTED_EDGE('',*,*,#9026,.F.);
#9026 = EDGE_CURVE('',#2274,#2660,#9027,.T.);
#9027 = SURFACE_CURVE('',#9028,(#9033,#9040),.PCURVE_S1.);
#9028 = CIRCLE('',#9029,22.);
#9029 = AXIS2_PLACEMENT_3D('',#9030,#9031,#9032);
#9030 = CARTESIAN_POINT('',(-20.1204,21.59375,14.21232833191));
#9031 = DIRECTION('',(-0.550116416595,1.110223024625E-16,0.835087976319)
  );
#9032 = DIRECTION('',(0.159741718232,-0.981534090909,0.10523028005));
#9033 = PCURVE('',#2290,#9034);
#9034 = DEFINITIONAL_REPRESENTATION('',(#9035),#9039);
#9035 = CIRCLE('',#9036,22.);
#9036 = AXIS2_PLACEMENT_2D('',#9037,#9038);
#9037 = CARTESIAN_POINT('',(375.90625111297,421.59375));
#9038 = DIRECTION('',(0.191287292791,-0.981534090909));
#9039 = ( GEOMETRIC_REPRESENTATION_CONTEXT(2) 
PARAMETRIC_REPRESENTATION_CONTEXT() REPRESENTATION_CONTEXT('2D SPACE',''
  ) );
#9040 = PCURVE('',#1743,#9041);
#9041 = DEFINITIONAL_REPRESENTATION('',(#9042),#9046);
#9042 = LINE('',#9043,#9044);
#9043 = CARTESIAN_POINT('',(4.904862470761,1.));
#9044 = VECTOR('',#9045,1.);
#9045 = DIRECTION('',(1.,0.));
#9046 = ( GEOMETRIC_REPRESENTATION_CONTEXT(2) 
PARAMETRIC_REPRESENTATION_CONTEXT() REPRESENTATION_CONTEXT('2D SPACE',''
  ) );
#9047 = ORIENTED_EDGE('',*,*,#2271,.F.);
#9048 = ORIENTED_EDGE('',*,*,#3236,.T.);
#9049 = ORIENTED_EDGE('',*,*,#7391,.T.);
#9050 = ORIENTED_EDGE('',*,*,#7944,.F.);
#9051 = ORIENTED_EDGE('',*,*,#7542,.T.);
#9052 = ORIENTED_EDGE('',*,*,#7793,.F.);
#9053 = ORIENTED_EDGE('',*,*,#7416,.T.);
#9054 = ORIENTED_EDGE('',*,*,#2793,.T.);
#9055 = ADVANCED_FACE('',(#9056),#1743,.F.);
#9056 = FACE_BOUND('',#9057,.F.);
#9057 = EDGE_LOOP('',(#9058,#9059,#9060,#9061,#9062,#9063,#9064,#9065));
#9058 = ORIENTED_EDGE('',*,*,#9026,.T.);
#9059 = ORIENTED_EDGE('',*,*,#2659,.T.);
#9060 = ORIENTED_EDGE('',*,*,#7999,.T.);
#9061 = ORIENTED_EDGE('',*,*,#8306,.T.);
#9062 = ORIENTED_EDGE('',*,*,#9000,.T.);
#9063 = ORIENTED_EDGE('',*,*,#2322,.T.);
#9064 = ORIENTED_EDGE('',*,*,#1720,.T.);
#9065 = ORIENTED_EDGE('',*,*,#2302,.F.);
#9066 = ADVANCED_FACE('',(#9067),#912,.T.);
#9067 = FACE_BOUND('',#9068,.T.);
#9068 = EDGE_LOOP('',(#9069,#9070,#9094));
#9069 = ORIENTED_EDGE('',*,*,#875,.F.);
#9070 = ORIENTED_EDGE('',*,*,#9071,.T.);
#9071 = EDGE_CURVE('',#876,#9072,#9074,.T.);
#9072 = VERTEX_POINT('',#9073);
#9073 = CARTESIAN_POINT('',(-92.217,14.88033898084,55.745932580789));
#9074 = SURFACE_CURVE('',#9075,(#9080,#9087),.PCURVE_S1.);
#9075 = CIRCLE('',#9076,17.);
#9076 = AXIS2_PLACEMENT_3D('',#9077,#9078,#9079);
#9077 = CARTESIAN_POINT('',(-92.217,0.,47.5255));
#9078 = DIRECTION('',(-1.,0.,0.));
#9079 = DIRECTION('',(0.,0.,-1.));
#9080 = PCURVE('',#912,#9081);
#9081 = DEFINITIONAL_REPRESENTATION('',(#9082),#9086);
#9082 = CIRCLE('',#9083,17.);
#9083 = AXIS2_PLACEMENT_2D('',#9084,#9085);
#9084 = CARTESIAN_POINT('',(0.,0.));
#9085 = DIRECTION('',(1.,0.));
#9086 = ( GEOMETRIC_REPRESENTATION_CONTEXT(2) 
PARAMETRIC_REPRESENTATION_CONTEXT() REPRESENTATION_CONTEXT('2D SPACE',''
  ) );
#9087 = PCURVE('',#942,#9088);
#9088 = DEFINITIONAL_REPRESENTATION('',(#9089),#9093);
#9089 = LINE('',#9090,#9091);
#9090 = CARTESIAN_POINT('',(0.,0.));
#9091 = VECTOR('',#9092,1.);
#9092 = DIRECTION('',(1.,0.));
#9093 = ( GEOMETRIC_REPRESENTATION_CONTEXT(2) 
PARAMETRIC_REPRESENTATION_CONTEXT() REPRESENTATION_CONTEXT('2D SPACE',''
  ) );
#9094 = ORIENTED_EDGE('',*,*,#9095,.F.);
#9095 = EDGE_CURVE('',#812,#9072,#9096,.T.);
#9096 = SURFACE_CURVE('',#9097,(#9102,#9109),.PCURVE_S1.);
#9097 = ELLIPSE('',#9098,18.403267793498,17.);
#9098 = AXIS2_PLACEMENT_3D('',#9099,#9100,#9101);
#9099 = CARTESIAN_POINT('',(-92.217,3.916846616277,42.694690547686));
#9100 = DIRECTION('',(-1.,0.,0.));
#9101 = DIRECTION('',(0.,-0.629799444529,0.776757787004));
#9102 = PCURVE('',#912,#9103);
#9103 = DEFINITIONAL_REPRESENTATION('',(#9104),#9108);
#9104 = ELLIPSE('',#9105,18.403267793498,17.);
#9105 = AXIS2_PLACEMENT_2D('',#9106,#9107);
#9106 = CARTESIAN_POINT('',(4.830809452314,-3.916846616277));
#9107 = DIRECTION('',(-0.776757787004,0.629799444529));
#9108 = ( GEOMETRIC_REPRESENTATION_CONTEXT(2) 
PARAMETRIC_REPRESENTATION_CONTEXT() REPRESENTATION_CONTEXT('2D SPACE',''
  ) );
#9109 = PCURVE('',#159,#9110);
#9110 = DEFINITIONAL_REPRESENTATION('',(#9111),#9135);
#9111 = B_SPLINE_CURVE_WITH_KNOTS('',8,(#9112,#9113,#9114,#9115,#9116,
    #9117,#9118,#9119,#9120,#9121,#9122,#9123,#9124,#9125,#9126,#9127,
    #9128,#9129,#9130,#9131,#9132,#9133,#9134),.UNSPECIFIED.,.F.,.F.,(9,
    7,7,9),(4.296491200599,5.277564137842,6.749173543707,8.220782949572)
  ,.UNSPECIFIED.);
#9112 = CARTESIAN_POINT('',(0.512050102457,70.435975972628));
#9113 = CARTESIAN_POINT('',(0.634684219612,71.226668380411));
#9114 = CARTESIAN_POINT('',(0.757318336768,72.066304851185));
#9115 = CARTESIAN_POINT('',(0.879952453923,72.936765301509));
#9116 = CARTESIAN_POINT('',(1.002586571079,73.818359322089));
#9117 = CARTESIAN_POINT('',(1.125220688234,74.690697942261));
#9118 = CARTESIAN_POINT('',(1.247854805389,75.533693503075));
#9119 = CARTESIAN_POINT('',(1.370488922545,76.328536533142));
#9120 = CARTESIAN_POINT('',(1.677074215433,78.153441503693));
#9121 = CARTESIAN_POINT('',(1.861025391167,79.102402261837));
#9122 = CARTESIAN_POINT('',(2.044976566887,79.848921828147));
#9123 = CARTESIAN_POINT('',(2.228927742643,80.347083460423));
#9124 = CARTESIAN_POINT('',(2.412878918352,80.567607993376));
#9125 = CARTESIAN_POINT('',(2.5968300941,80.502119534722));
#9126 = CARTESIAN_POINT('',(2.780781269832,80.163079186945));
#9127 = CARTESIAN_POINT('',(3.148683621298,78.997969994004));
#9128 = CARTESIAN_POINT('',(3.33263479703,78.171900977562));
#9129 = CARTESIAN_POINT('',(3.516585972753,77.132357669412));
#9130 = CARTESIAN_POINT('',(3.70053714851,75.92694827792));
#9131 = CARTESIAN_POINT('',(3.884488324215,74.617639968521));
#9132 = CARTESIAN_POINT('',(4.068439499963,73.274222446926));
#9133 = CARTESIAN_POINT('',(4.252390675697,71.966150407096));
#9134 = CARTESIAN_POINT('',(4.43634185143,70.755833224827));
#9135 = ( GEOMETRIC_REPRESENTATION_CONTEXT(2) 
PARAMETRIC_REPRESENTATION_CONTEXT() REPRESENTATION_CONTEXT('2D SPACE',''
  ) );
#9136 = ADVANCED_FACE('',(#9137),#942,.F.);
#9137 = FACE_BOUND('',#9138,.F.);
#9138 = EDGE_LOOP('',(#9139,#9140,#9141,#9171,#9203,#9235,#9267));
#9139 = ORIENTED_EDGE('',*,*,#924,.T.);
#9140 = ORIENTED_EDGE('',*,*,#9071,.T.);
#9141 = ORIENTED_EDGE('',*,*,#9142,.T.);
#9142 = EDGE_CURVE('',#9072,#9143,#9145,.T.);
#9143 = VERTEX_POINT('',#9144);
#9144 = CARTESIAN_POINT('',(-103.9349088981,13.606654278185,
    57.716621594503));
#9145 = SURFACE_CURVE('',#9146,(#9151,#9161),.PCURVE_S1.);
#9146 = ELLIPSE('',#9147,87.064500586306,17.);
#9147 = AXIS2_PLACEMENT_3D('',#9148,#9149,#9150);
#9148 = CARTESIAN_POINT('',(-107.217,0.,47.5255));
#9149 = DIRECTION('',(0.195257537636,-0.617677067547,0.761806756483));
#9150 = DIRECTION('',(-0.980752004329,-0.122973088743,0.15166781283));
#9151 = PCURVE('',#942,#9152);
#9152 = DEFINITIONAL_REPRESENTATION('',(#9153),#9160);
#9153 = B_SPLINE_CURVE_WITH_KNOTS('',5,(#9154,#9155,#9156,#9157,#9158,
    #9159),.UNSPECIFIED.,.F.,.F.,(6,6),(4.535805399055,4.712388987524),
  .PIECEWISE_BEZIER_KNOTS.);
#9154 = CARTESIAN_POINT('',(4.207677572822,-6.000000212225E-07));
#9155 = CARTESIAN_POINT('',(4.172360855128,2.968752864343));
#9156 = CARTESIAN_POINT('',(4.137044137434,5.960892644694));
#9157 = CARTESIAN_POINT('',(4.10172741974,8.968704546821));
#9158 = CARTESIAN_POINT('',(4.066410702047,11.984352581793));
#9159 = CARTESIAN_POINT('',(4.031093984353,15.000000609656));
#9160 = ( GEOMETRIC_REPRESENTATION_CONTEXT(2) 
PARAMETRIC_REPRESENTATION_CONTEXT() REPRESENTATION_CONTEXT('2D SPACE',''
  ) );
#9161 = PCURVE('',#159,#9162);
#9162 = DEFINITIONAL_REPRESENTATION('',(#9163),#9170);
#9163 = B_SPLINE_CURVE_WITH_KNOTS('',5,(#9164,#9165,#9166,#9167,#9168,
    #9169),.UNSPECIFIED.,.F.,.F.,(6,6),(4.535805399055,4.712388987524),
  .PIECEWISE_BEZIER_KNOTS.);
#9164 = CARTESIAN_POINT('',(3.892956954503,74.521795626208));
#9165 = CARTESIAN_POINT('',(3.928273672197,77.490549090551));
#9166 = CARTESIAN_POINT('',(3.963590389891,80.482688870902));
#9167 = CARTESIAN_POINT('',(3.998907107585,83.490500773029));
#9168 = CARTESIAN_POINT('',(4.034223825278,86.506148808001));
#9169 = CARTESIAN_POINT('',(4.069540542972,89.521796835864));
#9170 = ( GEOMETRIC_REPRESENTATION_CONTEXT(2) 
PARAMETRIC_REPRESENTATION_CONTEXT() REPRESENTATION_CONTEXT('2D SPACE',''
  ) );
#9171 = ORIENTED_EDGE('',*,*,#9172,.F.);
#9172 = EDGE_CURVE('',#9173,#9143,#9175,.T.);
#9173 = VERTEX_POINT('',#9174);
#9174 = CARTESIAN_POINT('',(-103.8324765678,10.706590556992,
    60.730382379065));
#9175 = SURFACE_CURVE('',#9176,(#9181,#9192),.PCURVE_S1.);
#9176 = ELLIPSE('',#9177,17.333637785041,17.);
#9177 = AXIS2_PLACEMENT_3D('',#9178,#9179,#9180);
#9178 = CARTESIAN_POINT('',(-107.217,0.,47.5255));
#9179 = DIRECTION('',(-0.980752004329,0.122973088743,0.15166781283));
#9180 = DIRECTION('',(0.195257537636,0.617677067547,0.761806756483));
#9181 = PCURVE('',#942,#9182);
#9182 = DEFINITIONAL_REPRESENTATION('',(#9183),#9191);
#9183 = B_SPLINE_CURVE_WITH_KNOTS('',6,(#9184,#9185,#9186,#9187,#9188,
    #9189,#9190),.UNSPECIFIED.,.F.,.F.,(7,7),(0.,0.927947882243),
  .PIECEWISE_BEZIER_KNOTS.);
#9184 = CARTESIAN_POINT('',(3.822887642482,11.615476567817));
#9185 = CARTESIAN_POINT('',(3.977545622856,11.615476567817));
#9186 = CARTESIAN_POINT('',(4.132203603229,11.712621300451));
#9187 = CARTESIAN_POINT('',(4.286861583603,11.906917344573));
#9188 = CARTESIAN_POINT('',(4.441519563977,12.191371838275));
#9189 = CARTESIAN_POINT('',(4.596177544351,12.552093801638));
#9190 = CARTESIAN_POINT('',(4.750835524725,12.97105353901));
#9191 = ( GEOMETRIC_REPRESENTATION_CONTEXT(2) 
PARAMETRIC_REPRESENTATION_CONTEXT() REPRESENTATION_CONTEXT('2D SPACE',''
  ) );
#9192 = PCURVE('',#427,#9193);
#9193 = DEFINITIONAL_REPRESENTATION('',(#9194),#9202);
#9194 = B_SPLINE_CURVE_WITH_KNOTS('',6,(#9195,#9196,#9197,#9198,#9199,
    #9200,#9201),.UNSPECIFIED.,.F.,.F.,(7,7),(0.,0.927947882243),
  .PIECEWISE_BEZIER_KNOTS.);
#9195 = CARTESIAN_POINT('',(3.784441098142,92.906319658391));
#9196 = CARTESIAN_POINT('',(3.939099078516,92.906319658391));
#9197 = CARTESIAN_POINT('',(4.09375705889,92.809174925756));
#9198 = CARTESIAN_POINT('',(4.248415039263,92.614878881635));
#9199 = CARTESIAN_POINT('',(4.403073019637,92.330424387932));
#9200 = CARTESIAN_POINT('',(4.557731000011,91.969702424569));
#9201 = CARTESIAN_POINT('',(4.712388980385,91.550742687198));
#9202 = ( GEOMETRIC_REPRESENTATION_CONTEXT(2) 
PARAMETRIC_REPRESENTATION_CONTEXT() REPRESENTATION_CONTEXT('2D SPACE',''
  ) );
#9203 = ORIENTED_EDGE('',*,*,#9204,.F.);
#9204 = EDGE_CURVE('',#9205,#9173,#9207,.T.);
#9205 = VERTEX_POINT('',#9206);
#9206 = CARTESIAN_POINT('',(-104.5880450687,-3.552713678801E-15,64.5255)
  );
#9207 = SURFACE_CURVE('',#9208,(#9213,#9224),.PCURVE_S1.);
#9208 = ELLIPSE('',#9209,17.333637785041,17.);
#9209 = AXIS2_PLACEMENT_3D('',#9210,#9211,#9212);
#9210 = CARTESIAN_POINT('',(-107.217,0.,47.5255));
#9211 = DIRECTION('',(-0.980752004329,0.122973088743,0.15166781283));
#9212 = DIRECTION('',(0.195257537636,0.617677067547,0.761806756483));
#9213 = PCURVE('',#942,#9214);
#9214 = DEFINITIONAL_REPRESENTATION('',(#9215),#9223);
#9215 = B_SPLINE_CURVE_WITH_KNOTS('',6,(#9216,#9217,#9218,#9219,#9220,
    #9221,#9222),.UNSPECIFIED.,.F.,.F.,(7,7),(5.562809217387,
    6.28318530718),.PIECEWISE_BEZIER_KNOTS.);
#9216 = CARTESIAN_POINT('',(3.102511552689,12.456335393877));
#9217 = CARTESIAN_POINT('',(3.222574234321,12.18827628585));
#9218 = CARTESIAN_POINT('',(3.342636915953,11.964217782478));
#9219 = CARTESIAN_POINT('',(3.462699597585,11.791114110432));
#9220 = CARTESIAN_POINT('',(3.582762279218,11.674022121798));
#9221 = CARTESIAN_POINT('',(3.70282496085,11.615476567817));
#9222 = CARTESIAN_POINT('',(3.822887642482,11.615476567817));
#9223 = ( GEOMETRIC_REPRESENTATION_CONTEXT(2) 
PARAMETRIC_REPRESENTATION_CONTEXT() REPRESENTATION_CONTEXT('2D SPACE',''
  ) );
#9224 = PCURVE('',#427,#9225);
#9225 = DEFINITIONAL_REPRESENTATION('',(#9226),#9234);
#9226 = B_SPLINE_CURVE_WITH_KNOTS('',6,(#9227,#9228,#9229,#9230,#9231,
    #9232,#9233),.UNSPECIFIED.,.F.,.F.,(7,7),(5.562809217387,
    6.28318530718),.PIECEWISE_BEZIER_KNOTS.);
#9227 = CARTESIAN_POINT('',(3.064065008349,92.065460832331));
#9228 = CARTESIAN_POINT('',(3.184127689981,92.333519940358));
#9229 = CARTESIAN_POINT('',(3.304190371614,92.55757844373));
#9230 = CARTESIAN_POINT('',(3.424253053245,92.730682115774));
#9231 = CARTESIAN_POINT('',(3.544315734878,92.84777410441));
#9232 = CARTESIAN_POINT('',(3.66437841651,92.906319658391));
#9233 = CARTESIAN_POINT('',(3.784441098142,92.906319658391));
#9234 = ( GEOMETRIC_REPRESENTATION_CONTEXT(2) 
PARAMETRIC_REPRESENTATION_CONTEXT() REPRESENTATION_CONTEXT('2D SPACE',''
  ) );
#9235 = ORIENTED_EDGE('',*,*,#9236,.F.);
#9236 = EDGE_CURVE('',#9237,#9205,#9239,.T.);
#9237 = VERTEX_POINT('',#9238);
#9238 = CARTESIAN_POINT('',(-103.8324765678,-10.70659055699,
    60.730382379065));
#9239 = SURFACE_CURVE('',#9240,(#9245,#9256),.PCURVE_S1.);
#9240 = ELLIPSE('',#9241,17.333637785041,17.);
#9241 = AXIS2_PLACEMENT_3D('',#9242,#9243,#9244);
#9242 = CARTESIAN_POINT('',(-107.217,0.,47.5255));
#9243 = DIRECTION('',(-0.980752004329,-0.122973088743,0.15166781283));
#9244 = DIRECTION('',(0.195257537636,-0.617677067547,0.761806756483));
#9245 = PCURVE('',#942,#9246);
#9246 = DEFINITIONAL_REPRESENTATION('',(#9247),#9255);
#9247 = B_SPLINE_CURVE_WITH_KNOTS('',6,(#9248,#9249,#9250,#9251,#9252,
    #9253,#9254),.UNSPECIFIED.,.F.,.F.,(7,7),(0.,0.720376089794),
  .PIECEWISE_BEZIER_KNOTS.);
#9248 = CARTESIAN_POINT('',(2.460297664698,11.615476567817));
#9249 = CARTESIAN_POINT('',(2.58036034633,11.615476567817));
#9250 = CARTESIAN_POINT('',(2.700423027962,11.674022121799));
#9251 = CARTESIAN_POINT('',(2.820485709594,11.791114110432));
#9252 = CARTESIAN_POINT('',(2.940548391227,11.964217782478));
#9253 = CARTESIAN_POINT('',(3.060611072859,12.188276285851));
#9254 = CARTESIAN_POINT('',(3.180673754491,12.456335393878));
#9255 = ( GEOMETRIC_REPRESENTATION_CONTEXT(2) 
PARAMETRIC_REPRESENTATION_CONTEXT() REPRESENTATION_CONTEXT('2D SPACE',''
  ) );
#9256 = PCURVE('',#373,#9257);
#9257 = DEFINITIONAL_REPRESENTATION('',(#9258),#9266);
#9258 = B_SPLINE_CURVE_WITH_KNOTS('',6,(#9259,#9260,#9261,#9262,#9263,
    #9264,#9265),.UNSPECIFIED.,.F.,.F.,(7,7),(0.,0.720376089794),
  .PIECEWISE_BEZIER_KNOTS.);
#9259 = CARTESIAN_POINT('',(2.498744209038,92.906319658391));
#9260 = CARTESIAN_POINT('',(2.61880689067,92.906319658391));
#9261 = CARTESIAN_POINT('',(2.738869572302,92.847774104409));
#9262 = CARTESIAN_POINT('',(2.858932253934,92.730682115773));
#9263 = CARTESIAN_POINT('',(2.978994935567,92.557578443729));
#9264 = CARTESIAN_POINT('',(3.099057617199,92.333519940357));
#9265 = CARTESIAN_POINT('',(3.219120298831,92.06546083233));
#9266 = ( GEOMETRIC_REPRESENTATION_CONTEXT(2) 
PARAMETRIC_REPRESENTATION_CONTEXT() REPRESENTATION_CONTEXT('2D SPACE',''
  ) );
#9267 = ORIENTED_EDGE('',*,*,#9268,.F.);
#9268 = EDGE_CURVE('',#470,#9237,#9269,.T.);
#9269 = SURFACE_CURVE('',#9270,(#9275,#9286),.PCURVE_S1.);
#9270 = ELLIPSE('',#9271,17.333637785041,17.);
#9271 = AXIS2_PLACEMENT_3D('',#9272,#9273,#9274);
#9272 = CARTESIAN_POINT('',(-107.217,0.,47.5255));
#9273 = DIRECTION('',(-0.980752004329,-0.122973088743,0.15166781283));
#9274 = DIRECTION('',(0.195257537636,-0.617677067547,0.761806756483));
#9275 = PCURVE('',#942,#9276);
#9276 = DEFINITIONAL_REPRESENTATION('',(#9277),#9285);
#9277 = B_SPLINE_CURVE_WITH_KNOTS('',6,(#9278,#9279,#9280,#9281,#9282,
    #9283,#9284),.UNSPECIFIED.,.F.,.F.,(7,7),(5.355237424937,
    6.28318530718),.PIECEWISE_BEZIER_KNOTS.);
#9278 = CARTESIAN_POINT('',(1.532349782455,12.97105353901));
#9279 = CARTESIAN_POINT('',(1.687007762829,12.552093801638));
#9280 = CARTESIAN_POINT('',(1.841665743203,12.191371838275));
#9281 = CARTESIAN_POINT('',(1.996323723576,11.906917344574));
#9282 = CARTESIAN_POINT('',(2.15098170395,11.712621300451));
#9283 = CARTESIAN_POINT('',(2.305639684324,11.615476567817));
#9284 = CARTESIAN_POINT('',(2.460297664698,11.615476567817));
#9285 = ( GEOMETRIC_REPRESENTATION_CONTEXT(2) 
PARAMETRIC_REPRESENTATION_CONTEXT() REPRESENTATION_CONTEXT('2D SPACE',''
  ) );
#9286 = PCURVE('',#373,#9287);
#9287 = DEFINITIONAL_REPRESENTATION('',(#9288),#9296);
#9288 = B_SPLINE_CURVE_WITH_KNOTS('',6,(#9289,#9290,#9291,#9292,#9293,
    #9294,#9295),.UNSPECIFIED.,.F.,.F.,(7,7),(5.355237424937,
    6.28318530718),.PIECEWISE_BEZIER_KNOTS.);
#9289 = CARTESIAN_POINT('',(1.570796326795,91.550742687198));
#9290 = CARTESIAN_POINT('',(1.725454307169,91.969702424569));
#9291 = CARTESIAN_POINT('',(1.880112287542,92.330424387933));
#9292 = CARTESIAN_POINT('',(2.034770267916,92.61487888163));
#9293 = CARTESIAN_POINT('',(2.18942824829,92.809174925756));
#9294 = CARTESIAN_POINT('',(2.344086228664,92.906319658391));
#9295 = CARTESIAN_POINT('',(2.498744209038,92.906319658391));
#9296 = ( GEOMETRIC_REPRESENTATION_CONTEXT(2) 
PARAMETRIC_REPRESENTATION_CONTEXT() REPRESENTATION_CONTEXT('2D SPACE',''
  ) );
#9297 = ADVANCED_FACE('',(#9298),#373,.F.);
#9298 = FACE_BOUND('',#9299,.F.);
#9299 = EDGE_LOOP('',(#9300,#9301,#9329,#9330,#9331));
#9300 = ORIENTED_EDGE('',*,*,#9236,.T.);
#9301 = ORIENTED_EDGE('',*,*,#9302,.T.);
#9302 = EDGE_CURVE('',#9205,#357,#9303,.T.);
#9303 = SURFACE_CURVE('',#9304,(#9309,#9319),.PCURVE_S1.);
#9304 = ELLIPSE('',#9305,70.477362007319,17.);
#9305 = AXIS2_PLACEMENT_3D('',#9306,#9307,#9308);
#9306 = CARTESIAN_POINT('',(-107.217,-3.552713678801E-15,47.5255));
#9307 = DIRECTION('',(0.,-1.,0.));
#9308 = DIRECTION('',(-0.951854985044,0.,0.306548670599));
#9309 = PCURVE('',#373,#9310);
#9310 = DEFINITIONAL_REPRESENTATION('',(#9311),#9318);
#9311 = B_SPLINE_CURVE_WITH_KNOTS('',5,(#9312,#9313,#9314,#9315,#9316,
    #9317),.UNSPECIFIED.,.F.,.F.,(6,6),(4.712388980385,4.820947626162),
  .PIECEWISE_BEZIER_KNOTS.);
#9312 = CARTESIAN_POINT('',(3.14159265359,89.521796226208));
#9313 = CARTESIAN_POINT('',(3.163304382745,91.006798913321));
#9314 = CARTESIAN_POINT('',(3.185016111901,92.491801600599));
#9315 = CARTESIAN_POINT('',(3.206727841056,93.97534589317));
#9316 = CARTESIAN_POINT('',(3.228439570212,95.455973400181));
#9317 = CARTESIAN_POINT('',(3.250151299367,96.932234314324));
#9318 = ( GEOMETRIC_REPRESENTATION_CONTEXT(2) 
PARAMETRIC_REPRESENTATION_CONTEXT() REPRESENTATION_CONTEXT('2D SPACE',''
  ) );
#9319 = PCURVE('',#427,#9320);
#9320 = DEFINITIONAL_REPRESENTATION('',(#9321),#9328);
#9321 = B_SPLINE_CURVE_WITH_KNOTS('',5,(#9322,#9323,#9324,#9325,#9326,
    #9327),.UNSPECIFIED.,.F.,.F.,(6,6),(4.712388980385,4.820947626162),
  .PIECEWISE_BEZIER_KNOTS.);
#9322 = CARTESIAN_POINT('',(3.14159265359,89.521796226208));
#9323 = CARTESIAN_POINT('',(3.119880924434,91.006798913321));
#9324 = CARTESIAN_POINT('',(3.098169195279,92.491801600599));
#9325 = CARTESIAN_POINT('',(3.076457466123,93.97534589317));
#9326 = CARTESIAN_POINT('',(3.054745736968,95.455973400181));
#9327 = CARTESIAN_POINT('',(3.033034007812,96.932234314324));
#9328 = ( GEOMETRIC_REPRESENTATION_CONTEXT(2) 
PARAMETRIC_REPRESENTATION_CONTEXT() REPRESENTATION_CONTEXT('2D SPACE',''
  ) );
#9329 = ORIENTED_EDGE('',*,*,#356,.T.);
#9330 = ORIENTED_EDGE('',*,*,#469,.T.);
#9331 = ORIENTED_EDGE('',*,*,#9268,.T.);
#9332 = ADVANCED_FACE('',(#9333),#427,.F.);
#9333 = FACE_BOUND('',#9334,.F.);
#9334 = EDGE_LOOP('',(#9335,#9336,#9337,#9338,#9386));
#9335 = ORIENTED_EDGE('',*,*,#9302,.F.);
#9336 = ORIENTED_EDGE('',*,*,#9204,.T.);
#9337 = ORIENTED_EDGE('',*,*,#9172,.T.);
#9338 = ORIENTED_EDGE('',*,*,#9339,.T.);
#9339 = EDGE_CURVE('',#9143,#143,#9340,.T.);
#9340 = SURFACE_CURVE('',#9341,(#9346,#9366),.PCURVE_S1.);
#9341 = ELLIPSE('',#9342,17.517242190349,17.);
#9342 = AXIS2_PLACEMENT_3D('',#9343,#9344,#9345);
#9343 = CARTESIAN_POINT('',(-107.217,-3.552713678801E-15,47.5255));
#9344 = DIRECTION('',(-0.951854985044,0.,0.306548670599));
#9345 = DIRECTION('',(0.,-1.,0.));
#9346 = PCURVE('',#427,#9347);
#9347 = DEFINITIONAL_REPRESENTATION('',(#9348),#9365);
#9348 = B_SPLINE_CURVE_WITH_KNOTS('',8,(#9349,#9350,#9351,#9352,#9353,
    #9354,#9355,#9356,#9357,#9358,#9359,#9360,#9361,#9362,#9363,#9364),
  .UNSPECIFIED.,.F.,.F.,(9,7,9),(1.570796326795,3.14159265359,
    4.712388980385),.UNSPECIFIED.);
#9349 = CARTESIAN_POINT('',(3.14159265359,89.521796226208));
#9350 = CARTESIAN_POINT('',(3.337942194439,90.351446204187));
#9351 = CARTESIAN_POINT('',(3.534291735292,91.181096379209));
#9352 = CARTESIAN_POINT('',(3.730641276141,91.962004959292));
#9353 = CARTESIAN_POINT('',(3.926990816995,92.645439926186));
#9354 = CARTESIAN_POINT('',(4.123340357836,93.188650855853));
#9355 = CARTESIAN_POINT('',(4.319689898689,93.560995669934));
#9356 = CARTESIAN_POINT('',(4.516039439535,93.747168867213));
#9357 = CARTESIAN_POINT('',(4.908738521234,93.747168867213));
#9358 = CARTESIAN_POINT('',(5.105088062083,93.560995669803));
#9359 = CARTESIAN_POINT('',(5.301437602938,93.188650856377));
#9360 = CARTESIAN_POINT('',(5.497787143778,92.645439925545));
#9361 = CARTESIAN_POINT('',(5.694136684636,91.962004959874));
#9362 = CARTESIAN_POINT('',(5.89048622548,91.181096379107));
#9363 = CARTESIAN_POINT('',(6.08683576633,90.351446204187));
#9364 = CARTESIAN_POINT('',(6.28318530718,89.521796226208));
#9365 = ( GEOMETRIC_REPRESENTATION_CONTEXT(2) 
PARAMETRIC_REPRESENTATION_CONTEXT() REPRESENTATION_CONTEXT('2D SPACE',''
  ) );
#9366 = PCURVE('',#159,#9367);
#9367 = DEFINITIONAL_REPRESENTATION('',(#9368),#9385);
#9368 = B_SPLINE_CURVE_WITH_KNOTS('',8,(#9369,#9370,#9371,#9372,#9373,
    #9374,#9375,#9376,#9377,#9378,#9379,#9380,#9381,#9382,#9383,#9384),
  .UNSPECIFIED.,.F.,.F.,(9,7,9),(1.570796326795,3.14159265359,
    4.712388980385),.UNSPECIFIED.);
#9369 = CARTESIAN_POINT('',(3.14159265359,89.521796226208));
#9370 = CARTESIAN_POINT('',(3.337942194439,88.692146248229));
#9371 = CARTESIAN_POINT('',(3.534291735285,87.862496073198));
#9372 = CARTESIAN_POINT('',(3.730641276146,87.081587492255));
#9373 = CARTESIAN_POINT('',(3.926990816959,86.398152526934));
#9374 = CARTESIAN_POINT('',(4.12334035785,85.854941595753));
#9375 = CARTESIAN_POINT('',(4.319689898683,85.482596782589));
#9376 = CARTESIAN_POINT('',(4.516039439535,85.296423585203));
#9377 = CARTESIAN_POINT('',(4.908738521234,85.296423585203));
#9378 = CARTESIAN_POINT('',(5.105088062087,85.482596782706));
#9379 = CARTESIAN_POINT('',(5.301437602902,85.854941595462));
#9380 = CARTESIAN_POINT('',(5.49778714378,86.398152527516));
#9381 = CARTESIAN_POINT('',(5.694136684611,87.081587491964));
#9382 = CARTESIAN_POINT('',(5.89048622548,87.862496073314));
#9383 = CARTESIAN_POINT('',(6.08683576633,88.692146248229));
#9384 = CARTESIAN_POINT('',(6.28318530718,89.521796226208));
#9385 = ( GEOMETRIC_REPRESENTATION_CONTEXT(2) 
PARAMETRIC_REPRESENTATION_CONTEXT() REPRESENTATION_CONTEXT('2D SPACE',''
  ) );
#9386 = ORIENTED_EDGE('',*,*,#412,.T.);
#9387 = ADVANCED_FACE('',(#9388,#9427),#159,.F.);
#9388 = FACE_BOUND('',#9389,.F.);
#9389 = EDGE_LOOP('',(#9390,#9391,#9392,#9413,#9414,#9415,#9416,#9417,
    #9418,#9419,#9420,#9421,#9422,#9423,#9424,#9425,#9426));
#9390 = ORIENTED_EDGE('',*,*,#1978,.T.);
#9391 = ORIENTED_EDGE('',*,*,#1853,.T.);
#9392 = ORIENTED_EDGE('',*,*,#9393,.T.);
#9393 = EDGE_CURVE('',#1824,#141,#9394,.T.);
#9394 = SEAM_CURVE('',#9395,(#9399,#9406),.PCURVE_S1.);
#9395 = LINE('',#9396,#9397);
#9396 = CARTESIAN_POINT('',(-29.73265873294,21.59375,4.711497396704));
#9397 = VECTOR('',#9398,1.);
#9398 = DIRECTION('',(-0.923748987993,-0.241212206527,0.297497022851));
#9399 = PCURVE('',#159,#9400);
#9400 = DEFINITIONAL_REPRESENTATION('',(#9401),#9405);
#9401 = LINE('',#9402,#9403);
#9402 = CARTESIAN_POINT('',(0.,-0.));
#9403 = VECTOR('',#9404,1.);
#9404 = DIRECTION('',(0.,1.));
#9405 = ( GEOMETRIC_REPRESENTATION_CONTEXT(2) 
PARAMETRIC_REPRESENTATION_CONTEXT() REPRESENTATION_CONTEXT('2D SPACE',''
  ) );
#9406 = PCURVE('',#159,#9407);
#9407 = DEFINITIONAL_REPRESENTATION('',(#9408),#9412);
#9408 = LINE('',#9409,#9410);
#9409 = CARTESIAN_POINT('',(6.28318530718,-0.));
#9410 = VECTOR('',#9411,1.);
#9411 = DIRECTION('',(0.,1.));
#9412 = ( GEOMETRIC_REPRESENTATION_CONTEXT(2) 
PARAMETRIC_REPRESENTATION_CONTEXT() REPRESENTATION_CONTEXT('2D SPACE',''
  ) );
#9413 = ORIENTED_EDGE('',*,*,#140,.T.);
#9414 = ORIENTED_EDGE('',*,*,#9339,.F.);
#9415 = ORIENTED_EDGE('',*,*,#9142,.F.);
#9416 = ORIENTED_EDGE('',*,*,#9095,.F.);
#9417 = ORIENTED_EDGE('',*,*,#811,.F.);
#9418 = ORIENTED_EDGE('',*,*,#198,.T.);
#9419 = ORIENTED_EDGE('',*,*,#9393,.F.);
#9420 = ORIENTED_EDGE('',*,*,#1823,.T.);
#9421 = ORIENTED_EDGE('',*,*,#1949,.T.);
#9422 = ORIENTED_EDGE('',*,*,#1919,.F.);
#9423 = ORIENTED_EDGE('',*,*,#2039,.T.);
#9424 = ORIENTED_EDGE('',*,*,#2242,.T.);
#9425 = ORIENTED_EDGE('',*,*,#2070,.T.);
#9426 = ORIENTED_EDGE('',*,*,#2008,.F.);
#9427 = FACE_BOUND('',#9428,.F.);
#9428 = EDGE_LOOP('',(#9429,#9666));
#9429 = ORIENTED_EDGE('',*,*,#9430,.F.);
#9430 = EDGE_CURVE('',#9431,#9433,#9435,.T.);
#9431 = VERTEX_POINT('',#9432);
#9432 = CARTESIAN_POINT('',(-34.93152891412,27.995016206375,
    38.747533504363));
#9433 = VERTEX_POINT('',#9434);
#9434 = CARTESIAN_POINT('',(-31.52223866704,17.708695540834,
    40.993412486028));
#9435 = SURFACE_CURVE('',#9436,(#9509,#9585),.PCURVE_S1.);
#9436 = B_SPLINE_CURVE_WITH_KNOTS('',8,(#9437,#9438,#9439,#9440,#9441,
    #9442,#9443,#9444,#9445,#9446,#9447,#9448,#9449,#9450,#9451,#9452,
    #9453,#9454,#9455,#9456,#9457,#9458,#9459,#9460,#9461,#9462,#9463,
    #9464,#9465,#9466,#9467,#9468,#9469,#9470,#9471,#9472,#9473,#9474,
    #9475,#9476,#9477,#9478,#9479,#9480,#9481,#9482,#9483,#9484,#9485,
    #9486,#9487,#9488,#9489,#9490,#9491,#9492,#9493,#9494,#9495,#9496,
    #9497,#9498,#9499,#9500,#9501,#9502,#9503,#9504,#9505,#9506,#9507,
    #9508),.UNSPECIFIED.,.F.,.F.,(9,7,7,7,7,7,7,7,7,7,9),(0.,
    0.126498778136,0.239520475795,0.392252296819,0.477037791304,
    0.528555454834,0.561375497373,0.624535177864,0.77118641211,
    0.918222777368,1.),.UNSPECIFIED.);
#9437 = CARTESIAN_POINT('',(-34.9315278879,27.995016059397,
    38.747533461897));
#9438 = CARTESIAN_POINT('',(-35.53305765953,28.081168888133,
    38.772425740601));
#9439 = CARTESIAN_POINT('',(-36.12570519722,28.119573073627,
    38.822967047553));
#9440 = CARTESIAN_POINT('',(-36.70628532783,28.119131078967,
    38.896780850241));
#9441 = CARTESIAN_POINT('',(-37.27348419526,28.086553874121,
    38.991221437792));
#9442 = CARTESIAN_POINT('',(-37.82715425439,28.026879901964,
    39.103864923479));
#9443 = CARTESIAN_POINT('',(-38.36805447004,27.943754964951,
    39.232793285206));
#9444 = CARTESIAN_POINT('',(-38.8977259101,27.839567305727,
    39.376728026788));
#9445 = CARTESIAN_POINT('',(-39.88320978668,27.604711611794,
    39.676542424995));
#9446 = CARTESIAN_POINT('',(-40.33958508974,27.478355911501,
    39.829122026443));
#9447 = CARTESIAN_POINT('',(-40.78729820724,27.337851130924,
    39.991800126983));
#9448 = CARTESIAN_POINT('',(-41.226466197,27.1841765399,40.163712948509)
  );
#9449 = CARTESIAN_POINT('',(-41.65728947939,27.017956041991,
    40.344158465768));
#9450 = CARTESIAN_POINT('',(-42.07998095049,26.839499730763,
    40.532587604693));
#9451 = CARTESIAN_POINT('',(-42.49467852737,26.648835561637,
    40.728569828375));
#9452 = CARTESIAN_POINT('',(-43.45088444716,26.171266068276,
    41.206277722159));
#9453 = CARTESIAN_POINT('',(-43.97989196641,25.877011488273,
    41.4910072981));
#9454 = CARTESIAN_POINT('',(-44.49282573602,25.561237974402,
    41.786522941381));
#9455 = CARTESIAN_POINT('',(-44.9924239835,25.220720158758,
    42.093991076763));
#9456 = CARTESIAN_POINT('',(-45.47861231927,24.851579273943,
    42.414144890287));
#9457 = CARTESIAN_POINT('',(-45.94768636823,24.449877114177,
    42.746344005002));
#9458 = CARTESIAN_POINT('',(-46.39156232057,24.012157623429,
    43.087665860129));
#9459 = CARTESIAN_POINT('',(-47.02190112297,23.271878018092,
    43.623152551553));
#9460 = CARTESIAN_POINT('',(-47.22961195711,23.002184518089,
    43.810626527843));
#9461 = CARTESIAN_POINT('',(-47.42613353075,22.718973184269,
    43.999587864239));
#9462 = CARTESIAN_POINT('',(-47.61318298338,22.414662316165,
    44.19344254291));
#9463 = CARTESIAN_POINT('',(-47.78770165914,22.083249081874,
    44.39303743524));
#9464 = CARTESIAN_POINT('',(-47.94183132371,21.720529740323,
    44.596296434845));
#9465 = CARTESIAN_POINT('',(-48.06294837965,21.324154414759,
    44.798031059793));
#9466 = CARTESIAN_POINT('',(-48.17629496785,20.632969954524,
    45.106102183404));
#9467 = CARTESIAN_POINT('',(-48.20505842815,20.33123670595,
    45.231335896855));
#9468 = CARTESIAN_POINT('',(-48.20531028452,20.005361204489,
    45.352675876571));
#9469 = CARTESIAN_POINT('',(-48.1673737534,19.667183458162,
    45.461064353518));
#9470 = CARTESIAN_POINT('',(-48.08690761223,19.327437041302,
    45.550220765696));
#9471 = CARTESIAN_POINT('',(-47.96459778787,18.995360582272,
    45.616979520651));
#9472 = CARTESIAN_POINT('',(-47.80631770238,18.679182323623,
    45.661128792475));
#9473 = CARTESIAN_POINT('',(-47.50666475819,18.199841995173,
    45.700579108548));
#9474 = CARTESIAN_POINT('',(-47.38205406942,18.026070999563,
    45.707523515947));
#9475 = CARTESIAN_POINT('',(-47.25157995811,17.864211618756,
    45.707402867791));
#9476 = CARTESIAN_POINT('',(-47.11698297761,17.713379720464,
    45.701386777269));
#9477 = CARTESIAN_POINT('',(-46.97961611873,17.572667355947,
    45.690468047894));
#9478 = CARTESIAN_POINT('',(-46.84045216719,17.441150958073,
    45.675461579498));
#9479 = CARTESIAN_POINT('',(-46.70008929748,17.317900237691,
    45.657005964212));
#9480 = CARTESIAN_POINT('',(-46.28676759019,16.978923049173,
    45.594311599737));
#9481 = CARTESIAN_POINT('',(-46.00806181529,16.780474715678,
    45.541535996671));
#9482 = CARTESIAN_POINT('',(-45.72728728117,16.603729695509,
    45.48060302375));
#9483 = CARTESIAN_POINT('',(-45.44735899046,16.445823586589,
    45.413988962424));
#9484 = CARTESIAN_POINT('',(-45.16950023186,16.303982535077,
    45.34331653683));
#9485 = CARTESIAN_POINT('',(-44.89332200123,16.17559436649,
    45.269406516624));
#9486 = CARTESIAN_POINT('',(-44.61693885748,16.058308979963,
    45.192348700895));
#9487 = CARTESIAN_POINT('',(-43.68740920485,15.699074155381,
    44.924082969593));
#9488 = CARTESIAN_POINT('',(-43.02889403581,15.501035522764,
    44.719434161612));
#9489 = CARTESIAN_POINT('',(-42.37247174718,15.348442249318,
    44.506305833869));
#9490 = CARTESIAN_POINT('',(-41.72314712172,15.234758380986,
    44.289889495389));
#9491 = CARTESIAN_POINT('',(-41.08142971577,15.15488560275,
    44.072691581764));
#9492 = CARTESIAN_POINT('',(-40.44449641996,15.105494472689,
    43.855348358721));
#9493 = CARTESIAN_POINT('',(-39.80744953689,15.085366376588,
    43.637453863433));
#9494 = CARTESIAN_POINT('',(-38.52086200762,15.106239844632,
    43.198735637668));
#9495 = CARTESIAN_POINT('',(-37.88051090969,15.147251766946,
    42.981049588515));
#9496 = CARTESIAN_POINT('',(-37.24326534803,15.218518136742,
    42.766244725534));
#9497 = CARTESIAN_POINT('',(-36.60856111714,15.320958972952,
    42.555038655787));
#9498 = CARTESIAN_POINT('',(-35.97646662566,15.456588406609,
    42.348218631318));
#9499 = CARTESIAN_POINT('',(-35.34810234446,15.628427102065,
    42.146785851544));
#9500 = CARTESIAN_POINT('',(-34.72602364711,15.840472364513,
    41.951878572802));
#9501 = CARTESIAN_POINT('',(-33.77458662798,16.240821811084,
    41.660100513398));
#9502 = CARTESIAN_POINT('',(-33.43788597481,16.397878478109,
    41.558122506485));
#9503 = CARTESIAN_POINT('',(-33.10463964962,16.570036417392,
    41.458403074722));
#9504 = CARTESIAN_POINT('',(-32.77533032616,16.758602224028,
    41.360941689497));
#9505 = CARTESIAN_POINT('',(-32.45083499608,16.965053418699,
    41.265760395314));
#9506 = CARTESIAN_POINT('',(-32.13247866329,17.191023639196,
    41.172861321495));
#9507 = CARTESIAN_POINT('',(-31.82211556431,17.438280514221,
    41.082162539131));
#9508 = CARTESIAN_POINT('',(-31.52223791447,17.70869621947,
    40.993412263301));
#9509 = PCURVE('',#159,#9510);
#9510 = DEFINITIONAL_REPRESENTATION('',(#9511),#9584);
#9511 = B_SPLINE_CURVE_WITH_KNOTS('',8,(#9512,#9513,#9514,#9515,#9516,
    #9517,#9518,#9519,#9520,#9521,#9522,#9523,#9524,#9525,#9526,#9527,
    #9528,#9529,#9530,#9531,#9532,#9533,#9534,#9535,#9536,#9537,#9538,
    #9539,#9540,#9541,#9542,#9543,#9544,#9545,#9546,#9547,#9548,#9549,
    #9550,#9551,#9552,#9553,#9554,#9555,#9556,#9557,#9558,#9559,#9560,
    #9561,#9562,#9563,#9564,#9565,#9566,#9567,#9568,#9569,#9570,#9571,
    #9572,#9573,#9574,#9575,#9576,#9577,#9578,#9579,#9580,#9581,#9582,
    #9583),.UNSPECIFIED.,.F.,.F.,(9,7,7,7,7,7,7,7,7,7,9),(0.,
    0.126498778136,0.239520475795,0.392252296819,0.477037791304,
    0.528555454834,0.561375497373,0.624535177864,0.77118641211,
    0.918222777368,1.),.UNSPECIFIED.);
#9512 = CARTESIAN_POINT('',(3.76485216568,13.384006008879));
#9513 = CARTESIAN_POINT('',(3.781047881177,13.926292791557));
#9514 = CARTESIAN_POINT('',(3.794091770011,14.479522684761));
#9515 = CARTESIAN_POINT('',(3.804403605448,15.037898993909));
#9516 = CARTESIAN_POINT('',(3.812339758018,15.597802186782));
#9517 = CARTESIAN_POINT('',(3.818198145289,16.157159535717));
#9518 = CARTESIAN_POINT('',(3.822218714757,16.715222115784));
#9519 = CARTESIAN_POINT('',(3.824581410183,17.272457064782));
#9520 = CARTESIAN_POINT('',(3.826138140769,18.328640749485));
#9521 = CARTESIAN_POINT('',(3.825640893533,18.826087488283));
#9522 = CARTESIAN_POINT('',(3.824004989632,19.321949746226));
#9523 = CARTESIAN_POINT('',(3.821303973868,19.815842472109));
#9524 = CARTESIAN_POINT('',(3.817592322353,20.307591460466));
#9525 = CARTESIAN_POINT('',(3.812905900195,20.797155227578));
#9526 = CARTESIAN_POINT('',(3.807262330718,21.284526347559));
#9527 = CARTESIAN_POINT('',(3.791740944143,22.425132865728));
#9528 = CARTESIAN_POINT('',(3.781167268259,23.069487023965));
#9529 = CARTESIAN_POINT('',(3.76893947151,23.707392524677));
#9530 = CARTESIAN_POINT('',(3.754932767584,24.342503808755));
#9531 = CARTESIAN_POINT('',(3.738941958188,24.975905885623));
#9532 = CARTESIAN_POINT('',(3.720717105322,25.604936275585));
#9533 = CARTESIAN_POINT('',(3.699992415683,26.222091757295));
#9534 = CARTESIAN_POINT('',(3.663473469205,27.142236761627));
#9535 = CARTESIAN_POINT('',(3.649901492795,27.454935748484));
#9536 = CARTESIAN_POINT('',(3.635392541295,27.761001819015));
#9537 = CARTESIAN_POINT('',(3.619520859388,28.064863247323));
#9538 = CARTESIAN_POINT('',(3.601898999534,28.365394501204));
#9539 = CARTESIAN_POINT('',(3.582192915826,28.655732902842));
#9540 = CARTESIAN_POINT('',(3.560121952375,28.92324067791));
#9541 = CARTESIAN_POINT('',(3.52050148122,29.28631684493));
#9542 = CARTESIAN_POINT('',(3.502965274047,29.422925461856));
#9543 = CARTESIAN_POINT('',(3.483666410181,29.537861545396));
#9544 = CARTESIAN_POINT('',(3.463187204516,29.616635562766));
#9545 = CARTESIAN_POINT('',(3.442099379963,29.650779796348));
#9546 = CARTESIAN_POINT('',(3.420939719006,29.637757646142));
#9547 = CARTESIAN_POINT('',(3.400251994519,29.580946909706));
#9548 = CARTESIAN_POINT('',(3.368098515657,29.431501895647));
#9549 = CARTESIAN_POINT('',(3.356230724715,29.360374523811));
#9550 = CARTESIAN_POINT('',(3.34498243599,29.278855761449));
#9551 = CARTESIAN_POINT('',(3.334322631113,29.189114662908));
#9552 = CARTESIAN_POINT('',(3.324214694961,29.09291541649));
#9553 = CARTESIAN_POINT('',(3.31461665946,28.991621837944));
#9554 = CARTESIAN_POINT('',(3.30548151194,28.886200866715));
#9555 = CARTESIAN_POINT('',(3.279969000272,28.567509406714));
#9556 = CARTESIAN_POINT('',(3.264510612322,28.342222804807));
#9557 = CARTESIAN_POINT('',(3.250271290282,28.107363291333));
#9558 = CARTESIAN_POINT('',(3.237123236618,27.86705121211));
#9559 = CARTESIAN_POINT('',(3.224922419185,27.623568421851));
#9560 = CARTESIAN_POINT('',(3.213511961398,27.37742984327));
#9561 = CARTESIAN_POINT('',(3.20272847359,27.127487390044));
#9562 = CARTESIAN_POINT('',(3.168455813406,26.275678882415));
#9563 = CARTESIAN_POINT('',(3.147372619323,25.65426308589));
#9564 = CARTESIAN_POINT('',(3.128876900355,25.02129597827));
#9565 = CARTESIAN_POINT('',(3.112675988661,24.384521732953));
#9566 = CARTESIAN_POINT('',(3.098495348268,23.746386485038));
#9567 = CARTESIAN_POINT('',(3.086110536442,23.105274779291));
#9568 = CARTESIAN_POINT('',(3.075386590537,22.45683554458));
#9569 = CARTESIAN_POINT('',(3.057242137785,21.132799315134));
#9570 = CARTESIAN_POINT('',(3.049960330044,20.466622108649));
#9571 = CARTESIAN_POINT('',(3.044461926053,19.796873040415));
#9572 = CARTESIAN_POINT('',(3.040799142896,19.123022492356));
#9573 = CARTESIAN_POINT('',(3.039095450516,18.444882029033));
#9574 = CARTESIAN_POINT('',(3.039545555857,17.763055916999));
#9575 = CARTESIAN_POINT('',(3.042417000984,17.079279109073));
#9576 = CARTESIAN_POINT('',(3.051190886853,16.017017848117));
#9577 = CARTESIAN_POINT('',(3.0551821485,15.637768821842));
#9578 = CARTESIAN_POINT('',(3.060093934455,15.258740035717));
#9579 = CARTESIAN_POINT('',(3.066006454168,14.880062035197));
#9580 = CARTESIAN_POINT('',(3.073014583662,14.502195102568));
#9581 = CARTESIAN_POINT('',(3.081227660892,14.125969788949));
#9582 = CARTESIAN_POINT('',(3.090769598746,13.752648196219));
#9583 = CARTESIAN_POINT('',(3.101779315702,13.384006008879));
#9584 = ( GEOMETRIC_REPRESENTATION_CONTEXT(2) 
PARAMETRIC_REPRESENTATION_CONTEXT() REPRESENTATION_CONTEXT('2D SPACE',''
  ) );
#9585 = PCURVE('',#9586,#9591);
#9586 = CYLINDRICAL_SURFACE('',#9587,6.5);
#9587 = AXIS2_PLACEMENT_3D('',#9588,#9589,#9590);
#9588 = CARTESIAN_POINT('',(-35.8740288104,21.59375,38.126659200952));
#9589 = DIRECTION('',(-0.550116416595,0.,0.835087976319));
#9590 = DIRECTION('',(0.835087976319,0.,0.550116416595));
#9591 = DEFINITIONAL_REPRESENTATION('',(#9592),#9665);
#9592 = B_SPLINE_CURVE_WITH_KNOTS('',8,(#9593,#9594,#9595,#9596,#9597,
    #9598,#9599,#9600,#9601,#9602,#9603,#9604,#9605,#9606,#9607,#9608,
    #9609,#9610,#9611,#9612,#9613,#9614,#9615,#9616,#9617,#9618,#9619,
    #9620,#9621,#9622,#9623,#9624,#9625,#9626,#9627,#9628,#9629,#9630,
    #9631,#9632,#9633,#9634,#9635,#9636,#9637,#9638,#9639,#9640,#9641,
    #9642,#9643,#9644,#9645,#9646,#9647,#9648,#9649,#9650,#9651,#9652,
    #9653,#9654,#9655,#9656,#9657,#9658,#9659,#9660,#9661,#9662,#9663,
    #9664),.UNSPECIFIED.,.F.,.F.,(9,7,7,7,7,7,7,7,7,7,9),(0.,
    0.126498778136,0.239520475795,0.392252296819,0.477037791304,
    0.528555454834,0.561375497373,0.624535177864,0.77118641211,
    0.918222777368,1.),.UNSPECIFIED.);
#9593 = CARTESIAN_POINT('',(1.396277280617,-6.E-07));
#9594 = CARTESIAN_POINT('',(1.472611653223,0.351698045093));
#9595 = CARTESIAN_POINT('',(1.544409149398,0.719929622573));
#9596 = CARTESIAN_POINT('',(1.612378941855,1.100957302681));
#9597 = CARTESIAN_POINT('',(1.677098457073,1.491848910267));
#9598 = CARTESIAN_POINT('',(1.739085688717,1.89049911968));
#9599 = CARTESIAN_POINT('',(1.798835793232,2.295723732738));
#9600 = CARTESIAN_POINT('',(1.85684063106,2.707302859382));
#9601 = CARTESIAN_POINT('',(1.9643310476,3.499805117253));
#9602 = CARTESIAN_POINT('',(2.013924693827,3.878282054194));
#9603 = CARTESIAN_POINT('',(2.062595439599,4.260426915826));
#9604 = CARTESIAN_POINT('',(2.110538220705,4.645582766869));
#9605 = CARTESIAN_POINT('',(2.157943811118,5.033273609009));
#9606 = CARTESIAN_POINT('',(2.205003256493,5.423158034721));
#9607 = CARTESIAN_POINT('',(2.251911254744,5.814952378253));
#9608 = CARTESIAN_POINT('',(2.362324114235,6.739905070663));
#9609 = CARTESIAN_POINT('',(2.425192821396,7.268695036878));
#9610 = CARTESIAN_POINT('',(2.488430970756,7.797649884687));
#9611 = CARTESIAN_POINT('',(2.552916857978,8.329250025283));
#9612 = CARTESIAN_POINT('',(2.619441679502,8.864066810596));
#9613 = CARTESIAN_POINT('',(2.688713653368,9.399527631969));
#9614 = CARTESIAN_POINT('',(2.761387101016,9.928744857556));
#9615 = CARTESIAN_POINT('',(2.880729381207,10.722683078259));
#9616 = CARTESIAN_POINT('',(2.923557875865,10.993505481494));
#9617 = CARTESIAN_POINT('',(2.968021600012,11.259414565385));
#9618 = CARTESIAN_POINT('',(3.015336953711,11.524199251304));
#9619 = CARTESIAN_POINT('',(3.066454176764,11.786884134563));
#9620 = CARTESIAN_POINT('',(3.122101818813,12.041412539973));
#9621 = CARTESIAN_POINT('',(3.182891322847,12.276507180474));
#9622 = CARTESIAN_POINT('',(3.289848603673,12.59612749059));
#9623 = CARTESIAN_POINT('',(3.336742531581,12.716531910631));
#9624 = CARTESIAN_POINT('',(3.387788029638,12.81800001906));
#9625 = CARTESIAN_POINT('',(3.441463524773,12.887644424374));
#9626 = CARTESIAN_POINT('',(3.496468595735,12.917832126957));
#9627 = CARTESIAN_POINT('',(3.551657560274,12.906296918242));
#9628 = CARTESIAN_POINT('',(3.605844011567,12.856092970859));
#9629 = CARTESIAN_POINT('',(3.690629558188,12.724193451593));
#9630 = CARTESIAN_POINT('',(3.7220719451,12.66144225714));
#9631 = CARTESIAN_POINT('',(3.752051736875,12.58956555474));
#9632 = CARTESIAN_POINT('',(3.780659020041,12.510497581284));
#9633 = CARTESIAN_POINT('',(3.807989700178,12.425811717504));
#9634 = CARTESIAN_POINT('',(3.834149554888,12.336723621839));
#9635 = CARTESIAN_POINT('',(3.859257269458,12.244095640511));
#9636 = CARTESIAN_POINT('',(3.929996706909,11.964365274039));
#9637 = CARTESIAN_POINT('',(3.973679650441,11.766972380298));
#9638 = CARTESIAN_POINT('',(4.014767284867,11.561629306671));
#9639 = CARTESIAN_POINT('',(4.053548590363,11.352007556814));
#9640 = CARTESIAN_POINT('',(4.090357593689,11.140135199345));
#9641 = CARTESIAN_POINT('',(4.125590262996,10.926483651566));
#9642 = CARTESIAN_POINT('',(4.159710231946,10.710090691523));
#9643 = CARTESIAN_POINT('',(4.271104317188,9.974715683227));
#9644 = CARTESIAN_POINT('',(4.34463821274,9.441555919251));
#9645 = CARTESIAN_POINT('',(4.414565655113,8.902466338144));
#9646 = CARTESIAN_POINT('',(4.481593727198,8.364535519833));
#9647 = CARTESIAN_POINT('',(4.54649049816,7.830136873857));
#9648 = CARTESIAN_POINT('',(4.610115667175,7.29824869926));
#9649 = CARTESIAN_POINT('',(4.673421707732,6.76583767762));
#9650 = CARTESIAN_POINT('',(4.801626191002,5.691696441054));
#9651 = CARTESIAN_POINT('',(4.865609754748,5.157641787439));
#9652 = CARTESIAN_POINT('',(4.929958285217,4.627701584232));
#9653 = CARTESIAN_POINT('',(4.995199385013,4.102164717766));
#9654 = CARTESIAN_POINT('',(5.061851062256,3.58172624547));
#9655 = CARTESIAN_POINT('',(5.130431388344,3.067838646354));
#9656 = CARTESIAN_POINT('',(5.201478112174,2.562858217553));
#9657 = CARTESIAN_POINT('',(5.316838439231,1.795796744809));
#9658 = CARTESIAN_POINT('',(5.359017726128,1.525411580603));
#9659 = CARTESIAN_POINT('',(5.402330020977,1.258812807873));
#9660 = CARTESIAN_POINT('',(5.446958847298,0.996265511945));
#9661 = CARTESIAN_POINT('',(5.493091025971,0.738270549416));
#9662 = CARTESIAN_POINT('',(5.540922043428,0.485558604863));
#9663 = CARTESIAN_POINT('',(5.590663892211,0.239081306388));
#9664 = CARTESIAN_POINT('',(5.642555383918,-6.E-07));
#9665 = ( GEOMETRIC_REPRESENTATION_CONTEXT(2) 
PARAMETRIC_REPRESENTATION_CONTEXT() REPRESENTATION_CONTEXT('2D SPACE',''
  ) );
#9666 = ORIENTED_EDGE('',*,*,#9667,.F.);
#9667 = EDGE_CURVE('',#9433,#9431,#9668,.T.);
#9668 = SURFACE_CURVE('',#9669,(#9674,#9685),.PCURVE_S1.);
#9669 = ELLIPSE('',#9670,22.468771616085,17.);
#9670 = AXIS2_PLACEMENT_3D('',#9671,#9672,#9673);
#9671 = CARTESIAN_POINT('',(-49.71717145023,15.014533926109,
    29.007452315691));
#9672 = DIRECTION('',(-0.550116416595,-2.775557561563E-17,0.835087976319
    ));
#9673 = DIRECTION('',(-0.776188952296,-0.368898519952,-0.511316528494));
#9674 = PCURVE('',#159,#9675);
#9675 = DEFINITIONAL_REPRESENTATION('',(#9676),#9684);
#9676 = B_SPLINE_CURVE_WITH_KNOTS('',6,(#9677,#9678,#9679,#9680,#9681,
    #9682,#9683),.UNSPECIFIED.,.F.,.F.,(7,7),(2.590012609735,
    3.595632763799),.PIECEWISE_BEZIER_KNOTS.);
#9677 = CARTESIAN_POINT('',(2.881735696836,14.762759577532));
#9678 = CARTESIAN_POINT('',(3.049339055847,13.472391672357));
#9679 = CARTESIAN_POINT('',(3.216942414857,12.603822712228));
#9680 = CARTESIAN_POINT('',(3.384545773868,12.22228400195));
#9681 = CARTESIAN_POINT('',(3.552149132879,12.357542973875));
#9682 = CARTESIAN_POINT('',(3.719752491889,12.992474732854));
#9683 = CARTESIAN_POINT('',(3.8873558509,14.072472668123));
#9684 = ( GEOMETRIC_REPRESENTATION_CONTEXT(2) 
PARAMETRIC_REPRESENTATION_CONTEXT() REPRESENTATION_CONTEXT('2D SPACE',''
  ) );
#9685 = PCURVE('',#9686,#9691);
#9686 = PLANE('',#9687);
#9687 = AXIS2_PLACEMENT_3D('',#9688,#9689,#9690);
#9688 = CARTESIAN_POINT('',(-35.8740288104,21.59375,38.126659200952));
#9689 = DIRECTION('',(-0.550116416595,0.,0.835087976319));
#9690 = DIRECTION('',(0.835087976319,0.,0.550116416595));
#9691 = DEFINITIONAL_REPRESENTATION('',(#9692),#9696);
#9692 = ELLIPSE('',#9693,22.468771616085,17.);
#9693 = AXIS2_PLACEMENT_2D('',#9694,#9695);
#9694 = CARTESIAN_POINT('',(-16.5768673869,-6.579216073891));
#9695 = DIRECTION('',(-0.929469677815,-0.368898519952));
#9696 = ( GEOMETRIC_REPRESENTATION_CONTEXT(2) 
PARAMETRIC_REPRESENTATION_CONTEXT() REPRESENTATION_CONTEXT('2D SPACE',''
  ) );
#9697 = ADVANCED_FACE('',(#9698),#9686,.T.);
#9698 = FACE_BOUND('',#9699,.T.);
#9699 = EDGE_LOOP('',(#9700,#9724,#9746));
#9700 = ORIENTED_EDGE('',*,*,#9701,.T.);
#9701 = EDGE_CURVE('',#9433,#9702,#9704,.T.);
#9702 = VERTEX_POINT('',#9703);
#9703 = CARTESIAN_POINT('',(-30.44595696433,21.59375,41.702415908823));
#9704 = SURFACE_CURVE('',#9705,(#9710,#9717),.PCURVE_S1.);
#9705 = CIRCLE('',#9706,6.5);
#9706 = AXIS2_PLACEMENT_3D('',#9707,#9708,#9709);
#9707 = CARTESIAN_POINT('',(-35.8740288104,21.59375,38.126659200952));
#9708 = DIRECTION('',(-0.550116416595,0.,0.835087976319));
#9709 = DIRECTION('',(0.835087976319,0.,0.550116416595));
#9710 = PCURVE('',#9686,#9711);
#9711 = DEFINITIONAL_REPRESENTATION('',(#9712),#9716);
#9712 = CIRCLE('',#9713,6.5);
#9713 = AXIS2_PLACEMENT_2D('',#9714,#9715);
#9714 = CARTESIAN_POINT('',(0.,0.));
#9715 = DIRECTION('',(1.,0.));
#9716 = ( GEOMETRIC_REPRESENTATION_CONTEXT(2) 
PARAMETRIC_REPRESENTATION_CONTEXT() REPRESENTATION_CONTEXT('2D SPACE',''
  ) );
#9717 = PCURVE('',#9586,#9718);
#9718 = DEFINITIONAL_REPRESENTATION('',(#9719),#9723);
#9719 = LINE('',#9720,#9721);
#9720 = CARTESIAN_POINT('',(0.,0.));
#9721 = VECTOR('',#9722,1.);
#9722 = DIRECTION('',(1.,0.));
#9723 = ( GEOMETRIC_REPRESENTATION_CONTEXT(2) 
PARAMETRIC_REPRESENTATION_CONTEXT() REPRESENTATION_CONTEXT('2D SPACE',''
  ) );
#9724 = ORIENTED_EDGE('',*,*,#9725,.T.);
#9725 = EDGE_CURVE('',#9702,#9431,#9726,.T.);
#9726 = SURFACE_CURVE('',#9727,(#9732,#9739),.PCURVE_S1.);
#9727 = CIRCLE('',#9728,6.5);
#9728 = AXIS2_PLACEMENT_3D('',#9729,#9730,#9731);
#9729 = CARTESIAN_POINT('',(-35.8740288104,21.59375,38.126659200952));
#9730 = DIRECTION('',(-0.550116416595,0.,0.835087976319));
#9731 = DIRECTION('',(0.835087976319,0.,0.550116416595));
#9732 = PCURVE('',#9686,#9733);
#9733 = DEFINITIONAL_REPRESENTATION('',(#9734),#9738);
#9734 = CIRCLE('',#9735,6.5);
#9735 = AXIS2_PLACEMENT_2D('',#9736,#9737);
#9736 = CARTESIAN_POINT('',(0.,0.));
#9737 = DIRECTION('',(1.,0.));
#9738 = ( GEOMETRIC_REPRESENTATION_CONTEXT(2) 
PARAMETRIC_REPRESENTATION_CONTEXT() REPRESENTATION_CONTEXT('2D SPACE',''
  ) );
#9739 = PCURVE('',#9586,#9740);
#9740 = DEFINITIONAL_REPRESENTATION('',(#9741),#9745);
#9741 = LINE('',#9742,#9743);
#9742 = CARTESIAN_POINT('',(0.,0.));
#9743 = VECTOR('',#9744,1.);
#9744 = DIRECTION('',(1.,0.));
#9745 = ( GEOMETRIC_REPRESENTATION_CONTEXT(2) 
PARAMETRIC_REPRESENTATION_CONTEXT() REPRESENTATION_CONTEXT('2D SPACE',''
  ) );
#9746 = ORIENTED_EDGE('',*,*,#9667,.F.);
#9747 = ADVANCED_FACE('',(#9748),#9586,.F.);
#9748 = FACE_BOUND('',#9749,.F.);
#9749 = EDGE_LOOP('',(#9750,#9773,#9800,#9801,#9802,#9803));
#9750 = ORIENTED_EDGE('',*,*,#9751,.T.);
#9751 = EDGE_CURVE('',#9702,#9752,#9754,.T.);
#9752 = VERTEX_POINT('',#9753);
#9753 = CARTESIAN_POINT('',(-51.84548556989,21.59375,74.187338187622));
#9754 = SEAM_CURVE('',#9755,(#9759,#9766),.PCURVE_S1.);
#9755 = LINE('',#9756,#9757);
#9756 = CARTESIAN_POINT('',(-30.44595696433,21.59375,41.702415908823));
#9757 = VECTOR('',#9758,1.);
#9758 = DIRECTION('',(-0.550116416595,0.,0.835087976319));
#9759 = PCURVE('',#9586,#9760);
#9760 = DEFINITIONAL_REPRESENTATION('',(#9761),#9765);
#9761 = LINE('',#9762,#9763);
#9762 = CARTESIAN_POINT('',(6.28318530718,-0.));
#9763 = VECTOR('',#9764,1.);
#9764 = DIRECTION('',(0.,1.));
#9765 = ( GEOMETRIC_REPRESENTATION_CONTEXT(2) 
PARAMETRIC_REPRESENTATION_CONTEXT() REPRESENTATION_CONTEXT('2D SPACE',''
  ) );
#9766 = PCURVE('',#9586,#9767);
#9767 = DEFINITIONAL_REPRESENTATION('',(#9768),#9772);
#9768 = LINE('',#9769,#9770);
#9769 = CARTESIAN_POINT('',(0.,-0.));
#9770 = VECTOR('',#9771,1.);
#9771 = DIRECTION('',(0.,1.));
#9772 = ( GEOMETRIC_REPRESENTATION_CONTEXT(2) 
PARAMETRIC_REPRESENTATION_CONTEXT() REPRESENTATION_CONTEXT('2D SPACE',''
  ) );
#9773 = ORIENTED_EDGE('',*,*,#9774,.F.);
#9774 = EDGE_CURVE('',#9752,#9752,#9775,.T.);
#9775 = SURFACE_CURVE('',#9776,(#9781,#9788),.PCURVE_S1.);
#9776 = CIRCLE('',#9777,6.5);
#9777 = AXIS2_PLACEMENT_3D('',#9778,#9779,#9780);
#9778 = CARTESIAN_POINT('',(-57.27355741596,21.59375,70.611581479751));
#9779 = DIRECTION('',(-0.550116416595,0.,0.835087976319));
#9780 = DIRECTION('',(0.835087976319,0.,0.550116416595));
#9781 = PCURVE('',#9586,#9782);
#9782 = DEFINITIONAL_REPRESENTATION('',(#9783),#9787);
#9783 = LINE('',#9784,#9785);
#9784 = CARTESIAN_POINT('',(0.,38.9));
#9785 = VECTOR('',#9786,1.);
#9786 = DIRECTION('',(1.,0.));
#9787 = ( GEOMETRIC_REPRESENTATION_CONTEXT(2) 
PARAMETRIC_REPRESENTATION_CONTEXT() REPRESENTATION_CONTEXT('2D SPACE',''
  ) );
#9788 = PCURVE('',#9789,#9794);
#9789 = PLANE('',#9790);
#9790 = AXIS2_PLACEMENT_3D('',#9791,#9792,#9793);
#9791 = CARTESIAN_POINT('',(-57.27355741596,21.59375,70.611581479751));
#9792 = DIRECTION('',(-0.550116416595,0.,0.835087976319));
#9793 = DIRECTION('',(0.835087976319,0.,0.550116416595));
#9794 = DEFINITIONAL_REPRESENTATION('',(#9795),#9799);
#9795 = CIRCLE('',#9796,6.5);
#9796 = AXIS2_PLACEMENT_2D('',#9797,#9798);
#9797 = CARTESIAN_POINT('',(0.,0.));
#9798 = DIRECTION('',(1.,0.));
#9799 = ( GEOMETRIC_REPRESENTATION_CONTEXT(2) 
PARAMETRIC_REPRESENTATION_CONTEXT() REPRESENTATION_CONTEXT('2D SPACE',''
  ) );
#9800 = ORIENTED_EDGE('',*,*,#9751,.F.);
#9801 = ORIENTED_EDGE('',*,*,#9725,.T.);
#9802 = ORIENTED_EDGE('',*,*,#9430,.T.);
#9803 = ORIENTED_EDGE('',*,*,#9701,.T.);
#9804 = ADVANCED_FACE('',(#9805,#9836),#9789,.T.);
#9805 = FACE_BOUND('',#9806,.T.);
#9806 = EDGE_LOOP('',(#9807));
#9807 = ORIENTED_EDGE('',*,*,#9808,.T.);
#9808 = EDGE_CURVE('',#9809,#9809,#9811,.T.);
#9809 = VERTEX_POINT('',#9810);
#9810 = CARTESIAN_POINT('',(-43.91214979486,21.59375,79.413444145279));
#9811 = SURFACE_CURVE('',#9812,(#9817,#9824),.PCURVE_S1.);
#9812 = CIRCLE('',#9813,16.);
#9813 = AXIS2_PLACEMENT_3D('',#9814,#9815,#9816);
#9814 = CARTESIAN_POINT('',(-57.27355741596,21.59375,70.611581479751));
#9815 = DIRECTION('',(-0.550116416595,0.,0.835087976319));
#9816 = DIRECTION('',(0.835087976319,0.,0.550116416595));
#9817 = PCURVE('',#9789,#9818);
#9818 = DEFINITIONAL_REPRESENTATION('',(#9819),#9823);
#9819 = CIRCLE('',#9820,16.);
#9820 = AXIS2_PLACEMENT_2D('',#9821,#9822);
#9821 = CARTESIAN_POINT('',(0.,0.));
#9822 = DIRECTION('',(1.,0.));
#9823 = ( GEOMETRIC_REPRESENTATION_CONTEXT(2) 
PARAMETRIC_REPRESENTATION_CONTEXT() REPRESENTATION_CONTEXT('2D SPACE',''
  ) );
#9824 = PCURVE('',#9825,#9830);
#9825 = CYLINDRICAL_SURFACE('',#9826,16.);
#9826 = AXIS2_PLACEMENT_3D('',#9827,#9828,#9829);
#9827 = CARTESIAN_POINT('',(-57.27355741596,21.59375,70.611581479751));
#9828 = DIRECTION('',(-0.550116416595,0.,0.835087976319));
#9829 = DIRECTION('',(0.835087976319,0.,0.550116416595));
#9830 = DEFINITIONAL_REPRESENTATION('',(#9831),#9835);
#9831 = LINE('',#9832,#9833);
#9832 = CARTESIAN_POINT('',(0.,0.));
#9833 = VECTOR('',#9834,1.);
#9834 = DIRECTION('',(1.,0.));
#9835 = ( GEOMETRIC_REPRESENTATION_CONTEXT(2) 
PARAMETRIC_REPRESENTATION_CONTEXT() REPRESENTATION_CONTEXT('2D SPACE',''
  ) );
#9836 = FACE_BOUND('',#9837,.T.);
#9837 = EDGE_LOOP('',(#9838));
#9838 = ORIENTED_EDGE('',*,*,#9774,.F.);
#9839 = ADVANCED_FACE('',(#9840),#9825,.F.);
#9840 = FACE_BOUND('',#9841,.F.);
#9841 = EDGE_LOOP('',(#9842,#9873,#9908,#9929,#9930,#9931));
#9842 = ORIENTED_EDGE('',*,*,#9843,.F.);
#9843 = EDGE_CURVE('',#9844,#9846,#9848,.T.);
#9844 = VERTEX_POINT('',#9845);
#9845 = CARTESIAN_POINT('',(-78.59826940243,34.761526843505,86.461));
#9846 = VERTEX_POINT('',#9847);
#9847 = CARTESIAN_POINT('',(-78.59826940243,8.425973156495,86.461));
#9848 = SURFACE_CURVE('',#9849,(#9854,#9861),.PCURVE_S1.);
#9849 = CIRCLE('',#9850,16.);
#9850 = AXIS2_PLACEMENT_3D('',#9851,#9852,#9853);
#9851 = CARTESIAN_POINT('',(-71.00816709747,21.59375,91.461));
#9852 = DIRECTION('',(-0.550116416595,0.,0.835087976319));
#9853 = DIRECTION('',(0.835087976319,0.,0.550116416595));
#9854 = PCURVE('',#9825,#9855);
#9855 = DEFINITIONAL_REPRESENTATION('',(#9856),#9860);
#9856 = LINE('',#9857,#9858);
#9857 = CARTESIAN_POINT('',(0.,24.966732980827));
#9858 = VECTOR('',#9859,1.);
#9859 = DIRECTION('',(1.,0.));
#9860 = ( GEOMETRIC_REPRESENTATION_CONTEXT(2) 
PARAMETRIC_REPRESENTATION_CONTEXT() REPRESENTATION_CONTEXT('2D SPACE',''
  ) );
#9861 = PCURVE('',#9862,#9867);
#9862 = PLANE('',#9863);
#9863 = AXIS2_PLACEMENT_3D('',#9864,#9865,#9866);
#9864 = CARTESIAN_POINT('',(-71.00816709747,21.59375,91.461));
#9865 = DIRECTION('',(-0.550116416595,0.,0.835087976319));
#9866 = DIRECTION('',(0.835087976319,0.,0.550116416595));
#9867 = DEFINITIONAL_REPRESENTATION('',(#9868),#9872);
#9868 = CIRCLE('',#9869,16.);
#9869 = AXIS2_PLACEMENT_2D('',#9870,#9871);
#9870 = CARTESIAN_POINT('',(0.,0.));
#9871 = DIRECTION('',(1.,0.));
#9872 = ( GEOMETRIC_REPRESENTATION_CONTEXT(2) 
PARAMETRIC_REPRESENTATION_CONTEXT() REPRESENTATION_CONTEXT('2D SPACE',''
  ) );
#9873 = ORIENTED_EDGE('',*,*,#9874,.F.);
#9874 = EDGE_CURVE('',#9875,#9844,#9877,.T.);
#9875 = VERTEX_POINT('',#9876);
#9876 = CARTESIAN_POINT('',(-48.55474588354,21.59375,86.461));
#9877 = SURFACE_CURVE('',#9878,(#9883,#9901),.PCURVE_S1.);
#9878 = ELLIPSE('',#9879,19.159657968651,16.);
#9879 = AXIS2_PLACEMENT_3D('',#9880,#9881,#9882);
#9880 = CARTESIAN_POINT('',(-67.71440385219,21.59375,86.461));
#9881 = DIRECTION('',(0.,0.,1.));
#9882 = DIRECTION('',(-1.,0.,0.));
#9883 = PCURVE('',#9825,#9884);
#9884 = DEFINITIONAL_REPRESENTATION('',(#9885),#9900);
#9885 = B_SPLINE_CURVE_WITH_KNOTS('',7,(#9886,#9887,#9888,#9889,#9890,
    #9891,#9892,#9893,#9894,#9895,#9896,#9897,#9898,#9899),
  .UNSPECIFIED.,.F.,.F.,(8,6,8),(3.14159265359,4.229065143455,
    5.31653763332),.UNSPECIFIED.);
#9886 = CARTESIAN_POINT('',(0.,8.439297480714));
#9887 = CARTESIAN_POINT('',(0.155353212838,8.439297480714));
#9888 = CARTESIAN_POINT('',(0.310706425676,8.736074737576));
#9889 = CARTESIAN_POINT('',(0.466059638514,9.329623689199));
#9890 = CARTESIAN_POINT('',(0.621412851351,10.202418093811));
#9891 = CARTESIAN_POINT('',(0.77676606419,11.319299722542));
#9892 = CARTESIAN_POINT('',(0.932119277027,12.631249961177));
#9893 = CARTESIAN_POINT('',(1.242825702703,15.530990626962));
#9894 = CARTESIAN_POINT('',(1.398178915541,17.118780395434));
#9895 = CARTESIAN_POINT('',(1.553532128379,18.787335914149));
#9896 = CARTESIAN_POINT('',(1.708885341218,20.471348808869));
#9897 = CARTESIAN_POINT('',(1.864238554055,22.102983045769));
#9898 = CARTESIAN_POINT('',(2.019591766893,23.619152047197));
#9899 = CARTESIAN_POINT('',(2.174944979731,24.966733580827));
#9900 = ( GEOMETRIC_REPRESENTATION_CONTEXT(2) 
PARAMETRIC_REPRESENTATION_CONTEXT() REPRESENTATION_CONTEXT('2D SPACE',''
  ) );
#9901 = PCURVE('',#126,#9902);
#9902 = DEFINITIONAL_REPRESENTATION('',(#9903),#9907);
#9903 = ELLIPSE('',#9904,19.159657968651,16.);
#9904 = AXIS2_PLACEMENT_2D('',#9905,#9906);
#9905 = CARTESIAN_POINT('',(39.502596147807,86.59375));
#9906 = DIRECTION('',(-1.,0.));
#9907 = ( GEOMETRIC_REPRESENTATION_CONTEXT(2) 
PARAMETRIC_REPRESENTATION_CONTEXT() REPRESENTATION_CONTEXT('2D SPACE',''
  ) );
#9908 = ORIENTED_EDGE('',*,*,#9909,.F.);
#9909 = EDGE_CURVE('',#9809,#9875,#9910,.T.);
#9910 = SEAM_CURVE('',#9911,(#9915,#9922),.PCURVE_S1.);
#9911 = LINE('',#9912,#9913);
#9912 = CARTESIAN_POINT('',(-43.91214979486,21.59375,79.413444145279));
#9913 = VECTOR('',#9914,1.);
#9914 = DIRECTION('',(-0.550116416595,0.,0.835087976319));
#9915 = PCURVE('',#9825,#9916);
#9916 = DEFINITIONAL_REPRESENTATION('',(#9917),#9921);
#9917 = LINE('',#9918,#9919);
#9918 = CARTESIAN_POINT('',(6.28318530718,-0.));
#9919 = VECTOR('',#9920,1.);
#9920 = DIRECTION('',(0.,1.));
#9921 = ( GEOMETRIC_REPRESENTATION_CONTEXT(2) 
PARAMETRIC_REPRESENTATION_CONTEXT() REPRESENTATION_CONTEXT('2D SPACE',''
  ) );
#9922 = PCURVE('',#9825,#9923);
#9923 = DEFINITIONAL_REPRESENTATION('',(#9924),#9928);
#9924 = LINE('',#9925,#9926);
#9925 = CARTESIAN_POINT('',(0.,-0.));
#9926 = VECTOR('',#9927,1.);
#9927 = DIRECTION('',(0.,1.));
#9928 = ( GEOMETRIC_REPRESENTATION_CONTEXT(2) 
PARAMETRIC_REPRESENTATION_CONTEXT() REPRESENTATION_CONTEXT('2D SPACE',''
  ) );
#9929 = ORIENTED_EDGE('',*,*,#9808,.T.);
#9930 = ORIENTED_EDGE('',*,*,#9909,.T.);
#9931 = ORIENTED_EDGE('',*,*,#9932,.F.);
#9932 = EDGE_CURVE('',#9846,#9875,#9933,.T.);
#9933 = SURFACE_CURVE('',#9934,(#9939,#9957),.PCURVE_S1.);
#9934 = ELLIPSE('',#9935,19.159657968651,16.);
#9935 = AXIS2_PLACEMENT_3D('',#9936,#9937,#9938);
#9936 = CARTESIAN_POINT('',(-67.71440385219,21.59375,86.461));
#9937 = DIRECTION('',(0.,0.,1.));
#9938 = DIRECTION('',(-1.,0.,0.));
#9939 = PCURVE('',#9825,#9940);
#9940 = DEFINITIONAL_REPRESENTATION('',(#9941),#9956);
#9941 = B_SPLINE_CURVE_WITH_KNOTS('',7,(#9942,#9943,#9944,#9945,#9946,
    #9947,#9948,#9949,#9950,#9951,#9952,#9953,#9954,#9955),
  .UNSPECIFIED.,.F.,.F.,(8,6,8),(0.966647673859,2.054120163724,
    3.14159265359),.UNSPECIFIED.);
#9942 = CARTESIAN_POINT('',(4.108240327449,24.966733580827));
#9943 = CARTESIAN_POINT('',(4.263593540287,23.619152047197));
#9944 = CARTESIAN_POINT('',(4.418946753124,22.102983045767));
#9945 = CARTESIAN_POINT('',(4.574299965965,20.471348808864));
#9946 = CARTESIAN_POINT('',(4.729653178801,18.787335914149));
#9947 = CARTESIAN_POINT('',(4.885006391639,17.118780395431));
#9948 = CARTESIAN_POINT('',(5.040359604476,15.530990626962));
#9949 = CARTESIAN_POINT('',(5.351066030152,12.631249961177));
#9950 = CARTESIAN_POINT('',(5.50641924299,11.319299722545));
#9951 = CARTESIAN_POINT('',(5.661772455831,10.202418093805));
#9952 = CARTESIAN_POINT('',(5.817125668664,9.329623689204));
#9953 = CARTESIAN_POINT('',(5.972478881504,8.736074737575));
#9954 = CARTESIAN_POINT('',(6.127832094342,8.439297480714));
#9955 = CARTESIAN_POINT('',(6.28318530718,8.439297480714));
#9956 = ( GEOMETRIC_REPRESENTATION_CONTEXT(2) 
PARAMETRIC_REPRESENTATION_CONTEXT() REPRESENTATION_CONTEXT('2D SPACE',''
  ) );
#9957 = PCURVE('',#126,#9958);
#9958 = DEFINITIONAL_REPRESENTATION('',(#9959),#9963);
#9959 = ELLIPSE('',#9960,19.159657968651,16.);
#9960 = AXIS2_PLACEMENT_2D('',#9961,#9962);
#9961 = CARTESIAN_POINT('',(39.502596147807,86.59375));
#9962 = DIRECTION('',(-1.,0.));
#9963 = ( GEOMETRIC_REPRESENTATION_CONTEXT(2) 
PARAMETRIC_REPRESENTATION_CONTEXT() REPRESENTATION_CONTEXT('2D SPACE',''
  ) );
#9964 = ADVANCED_FACE('',(#9965),#9862,.F.);
#9965 = FACE_BOUND('',#9966,.F.);
#9966 = EDGE_LOOP('',(#9967,#9986));
#9967 = ORIENTED_EDGE('',*,*,#9968,.F.);
#9968 = EDGE_CURVE('',#9844,#9846,#9969,.T.);
#9969 = SURFACE_CURVE('',#9970,(#9974,#9980),.PCURVE_S1.);
#9970 = LINE('',#9971,#9972);
#9971 = CARTESIAN_POINT('',(-78.59826940243,-21.703125,86.461));
#9972 = VECTOR('',#9973,1.);
#9973 = DIRECTION('',(0.,-1.,0.));
#9974 = PCURVE('',#9862,#9975);
#9975 = DEFINITIONAL_REPRESENTATION('',(#9976),#9979);
#9976 = B_SPLINE_CURVE_WITH_KNOTS('',1,(#9977,#9978),.UNSPECIFIED.,.F.,
  .F.,(2,2),(-59.296875,-27.296875),.PIECEWISE_BEZIER_KNOTS.);
#9977 = CARTESIAN_POINT('',(-9.088985256873,16.));
#9978 = CARTESIAN_POINT('',(-9.088985256873,-16.));
#9979 = ( GEOMETRIC_REPRESENTATION_CONTEXT(2) 
PARAMETRIC_REPRESENTATION_CONTEXT() REPRESENTATION_CONTEXT('2D SPACE',''
  ) );
#9980 = PCURVE('',#126,#9981);
#9981 = DEFINITIONAL_REPRESENTATION('',(#9982),#9985);
#9982 = B_SPLINE_CURVE_WITH_KNOTS('',1,(#9983,#9984),.UNSPECIFIED.,.F.,
  .F.,(2,2),(-59.296875,-27.296875),.PIECEWISE_BEZIER_KNOTS.);
#9983 = CARTESIAN_POINT('',(28.61873059757,102.59375));
#9984 = CARTESIAN_POINT('',(28.61873059757,70.59375));
#9985 = ( GEOMETRIC_REPRESENTATION_CONTEXT(2) 
PARAMETRIC_REPRESENTATION_CONTEXT() REPRESENTATION_CONTEXT('2D SPACE',''
  ) );
#9986 = ORIENTED_EDGE('',*,*,#9843,.T.);
#9987 = ADVANCED_FACE('',(#9988),#100,.T.);
#9988 = FACE_BOUND('',#9989,.T.);
#9989 = EDGE_LOOP('',(#9990,#10011,#10012,#10033));
#9990 = ORIENTED_EDGE('',*,*,#9991,.F.);
#9991 = EDGE_CURVE('',#57,#5426,#9992,.T.);
#9992 = SURFACE_CURVE('',#9993,(#9997,#10004),.PCURVE_S1.);
#9993 = LINE('',#9994,#9995);
#9994 = CARTESIAN_POINT('',(-107.217,65.,0.));
#9995 = VECTOR('',#9996,1.);
#9996 = DIRECTION('',(1.,0.,-0.));
#9997 = PCURVE('',#100,#9998);
#9998 = DEFINITIONAL_REPRESENTATION('',(#9999),#10003);
#9999 = LINE('',#10000,#10001);
#10000 = CARTESIAN_POINT('',(0.,0.));
#10001 = VECTOR('',#10002,1.);
#10002 = DIRECTION('',(0.,1.));
#10003 = ( GEOMETRIC_REPRESENTATION_CONTEXT(2) 
PARAMETRIC_REPRESENTATION_CONTEXT() REPRESENTATION_CONTEXT('2D SPACE',''
  ) );
#10004 = PCURVE('',#72,#10005);
#10005 = DEFINITIONAL_REPRESENTATION('',(#10006),#10010);
#10006 = LINE('',#10007,#10008);
#10007 = CARTESIAN_POINT('',(0.,130.));
#10008 = VECTOR('',#10009,1.);
#10009 = DIRECTION('',(1.,0.));
#10010 = ( GEOMETRIC_REPRESENTATION_CONTEXT(2) 
PARAMETRIC_REPRESENTATION_CONTEXT() REPRESENTATION_CONTEXT('2D SPACE',''
  ) );
#10011 = ORIENTED_EDGE('',*,*,#84,.T.);
#10012 = ORIENTED_EDGE('',*,*,#10013,.T.);
#10013 = EDGE_CURVE('',#85,#5449,#10014,.T.);
#10014 = SURFACE_CURVE('',#10015,(#10019,#10026),.PCURVE_S1.);
#10015 = LINE('',#10016,#10017);
#10016 = CARTESIAN_POINT('',(-107.217,65.,86.461));
#10017 = VECTOR('',#10018,1.);
#10018 = DIRECTION('',(1.,0.,-0.));
#10019 = PCURVE('',#100,#10020);
#10020 = DEFINITIONAL_REPRESENTATION('',(#10021),#10025);
#10021 = LINE('',#10022,#10023);
#10022 = CARTESIAN_POINT('',(86.461,0.));
#10023 = VECTOR('',#10024,1.);
#10024 = DIRECTION('',(0.,1.));
#10025 = ( GEOMETRIC_REPRESENTATION_CONTEXT(2) 
PARAMETRIC_REPRESENTATION_CONTEXT() REPRESENTATION_CONTEXT('2D SPACE',''
  ) );
#10026 = PCURVE('',#126,#10027);
#10027 = DEFINITIONAL_REPRESENTATION('',(#10028),#10032);
#10028 = LINE('',#10029,#10030);
#10029 = CARTESIAN_POINT('',(0.,130.));
#10030 = VECTOR('',#10031,1.);
#10031 = DIRECTION('',(1.,0.));
#10032 = ( GEOMETRIC_REPRESENTATION_CONTEXT(2) 
PARAMETRIC_REPRESENTATION_CONTEXT() REPRESENTATION_CONTEXT('2D SPACE',''
  ) );
#10033 = ORIENTED_EDGE('',*,*,#5448,.F.);
#10034 = ADVANCED_FACE('',(#10035,#10061),#72,.F.);
#10035 = FACE_BOUND('',#10036,.F.);
#10036 = EDGE_LOOP('',(#10037,#10038,#10059,#10060));
#10037 = ORIENTED_EDGE('',*,*,#56,.F.);
#10038 = ORIENTED_EDGE('',*,*,#10039,.T.);
#10039 = EDGE_CURVE('',#22,#5401,#10040,.T.);
#10040 = SURFACE_CURVE('',#10041,(#10045,#10052),.PCURVE_S1.);
#10041 = LINE('',#10042,#10043);
#10042 = CARTESIAN_POINT('',(-107.217,-65.,0.));
#10043 = VECTOR('',#10044,1.);
#10044 = DIRECTION('',(1.,0.,-0.));
#10045 = PCURVE('',#72,#10046);
#10046 = DEFINITIONAL_REPRESENTATION('',(#10047),#10051);
#10047 = LINE('',#10048,#10049);
#10048 = CARTESIAN_POINT('',(0.,0.));
#10049 = VECTOR('',#10050,1.);
#10050 = DIRECTION('',(1.,0.));
#10051 = ( GEOMETRIC_REPRESENTATION_CONTEXT(2) 
PARAMETRIC_REPRESENTATION_CONTEXT() REPRESENTATION_CONTEXT('2D SPACE',''
  ) );
#10052 = PCURVE('',#44,#10053);
#10053 = DEFINITIONAL_REPRESENTATION('',(#10054),#10058);
#10054 = LINE('',#10055,#10056);
#10055 = CARTESIAN_POINT('',(0.,0.));
#10056 = VECTOR('',#10057,1.);
#10057 = DIRECTION('',(0.,1.));
#10058 = ( GEOMETRIC_REPRESENTATION_CONTEXT(2) 
PARAMETRIC_REPRESENTATION_CONTEXT() REPRESENTATION_CONTEXT('2D SPACE',''
  ) );
#10059 = ORIENTED_EDGE('',*,*,#5425,.T.);
#10060 = ORIENTED_EDGE('',*,*,#9991,.F.);
#10061 = FACE_BOUND('',#10062,.F.);
#10062 = EDGE_LOOP('',(#10063,#10064,#10065,#10066,#10067,#10068,#10069,
    #10070,#10071,#10072,#10073,#10074));
#10063 = ORIENTED_EDGE('',*,*,#8662,.F.);
#10064 = ORIENTED_EDGE('',*,*,#8710,.F.);
#10065 = ORIENTED_EDGE('',*,*,#8783,.F.);
#10066 = ORIENTED_EDGE('',*,*,#8828,.F.);
#10067 = ORIENTED_EDGE('',*,*,#8875,.F.);
#10068 = ORIENTED_EDGE('',*,*,#8949,.F.);
#10069 = ORIENTED_EDGE('',*,*,#8974,.F.);
#10070 = ORIENTED_EDGE('',*,*,#8357,.F.);
#10071 = ORIENTED_EDGE('',*,*,#8451,.F.);
#10072 = ORIENTED_EDGE('',*,*,#8496,.F.);
#10073 = ORIENTED_EDGE('',*,*,#8543,.F.);
#10074 = ORIENTED_EDGE('',*,*,#8617,.F.);
#10075 = ADVANCED_FACE('',(#10076,#10102,#10105,#10110,#10113,#10116,
    #10120,#10125,#10128,#10132,#10135),#126,.T.);
#10076 = FACE_BOUND('',#10077,.T.);
#10077 = EDGE_LOOP('',(#10078,#10079,#10100,#10101));
#10078 = ORIENTED_EDGE('',*,*,#112,.F.);
#10079 = ORIENTED_EDGE('',*,*,#10080,.T.);
#10080 = EDGE_CURVE('',#24,#5403,#10081,.T.);
#10081 = SURFACE_CURVE('',#10082,(#10086,#10093),.PCURVE_S1.);
#10082 = LINE('',#10083,#10084);
#10083 = CARTESIAN_POINT('',(-107.217,-65.,86.461));
#10084 = VECTOR('',#10085,1.);
#10085 = DIRECTION('',(1.,0.,-0.));
#10086 = PCURVE('',#126,#10087);
#10087 = DEFINITIONAL_REPRESENTATION('',(#10088),#10092);
#10088 = LINE('',#10089,#10090);
#10089 = CARTESIAN_POINT('',(0.,0.));
#10090 = VECTOR('',#10091,1.);
#10091 = DIRECTION('',(1.,0.));
#10092 = ( GEOMETRIC_REPRESENTATION_CONTEXT(2) 
PARAMETRIC_REPRESENTATION_CONTEXT() REPRESENTATION_CONTEXT('2D SPACE',''
  ) );
#10093 = PCURVE('',#44,#10094);
#10094 = DEFINITIONAL_REPRESENTATION('',(#10095),#10099);
#10095 = LINE('',#10096,#10097);
#10096 = CARTESIAN_POINT('',(86.461,0.));
#10097 = VECTOR('',#10098,1.);
#10098 = DIRECTION('',(0.,1.));
#10099 = ( GEOMETRIC_REPRESENTATION_CONTEXT(2) 
PARAMETRIC_REPRESENTATION_CONTEXT() REPRESENTATION_CONTEXT('2D SPACE',''
  ) );
#10100 = ORIENTED_EDGE('',*,*,#5471,.T.);
#10101 = ORIENTED_EDGE('',*,*,#10013,.F.);
#10102 = FACE_BOUND('',#10103,.T.);
#10103 = EDGE_LOOP('',(#10104));
#10104 = ORIENTED_EDGE('',*,*,#8902,.F.);
#10105 = FACE_BOUND('',#10106,.T.);
#10106 = EDGE_LOOP('',(#10107,#10108,#10109));
#10107 = ORIENTED_EDGE('',*,*,#1461,.F.);
#10108 = ORIENTED_EDGE('',*,*,#1497,.F.);
#10109 = ORIENTED_EDGE('',*,*,#1403,.F.);
#10110 = FACE_BOUND('',#10111,.T.);
#10111 = EDGE_LOOP('',(#10112));
#10112 = ORIENTED_EDGE('',*,*,#7877,.F.);
#10113 = FACE_BOUND('',#10114,.T.);
#10114 = EDGE_LOOP('',(#10115));
#10115 = ORIENTED_EDGE('',*,*,#8736,.F.);
#10116 = FACE_BOUND('',#10117,.T.);
#10117 = EDGE_LOOP('',(#10118,#10119));
#10118 = ORIENTED_EDGE('',*,*,#5001,.F.);
#10119 = ORIENTED_EDGE('',*,*,#5081,.F.);
#10120 = FACE_BOUND('',#10121,.T.);
#10121 = EDGE_LOOP('',(#10122,#10123,#10124));
#10122 = ORIENTED_EDGE('',*,*,#9932,.F.);
#10123 = ORIENTED_EDGE('',*,*,#9968,.F.);
#10124 = ORIENTED_EDGE('',*,*,#9874,.F.);
#10125 = FACE_BOUND('',#10126,.T.);
#10126 = EDGE_LOOP('',(#10127));
#10127 = ORIENTED_EDGE('',*,*,#8404,.F.);
#10128 = FACE_BOUND('',#10129,.T.);
#10129 = EDGE_LOOP('',(#10130,#10131));
#10130 = ORIENTED_EDGE('',*,*,#6992,.F.);
#10131 = ORIENTED_EDGE('',*,*,#7072,.F.);
#10132 = FACE_BOUND('',#10133,.T.);
#10133 = EDGE_LOOP('',(#10134));
#10134 = ORIENTED_EDGE('',*,*,#7719,.F.);
#10135 = FACE_BOUND('',#10136,.T.);
#10136 = EDGE_LOOP('',(#10137));
#10137 = ORIENTED_EDGE('',*,*,#8570,.F.);
#10138 = ADVANCED_FACE('',(#10139),#44,.F.);
#10139 = FACE_BOUND('',#10140,.F.);
#10140 = EDGE_LOOP('',(#10141,#10142,#10143,#10144));
#10141 = ORIENTED_EDGE('',*,*,#10039,.F.);
#10142 = ORIENTED_EDGE('',*,*,#21,.T.);
#10143 = ORIENTED_EDGE('',*,*,#10080,.T.);
#10144 = ORIENTED_EDGE('',*,*,#5400,.F.);
#10145 = ( GEOMETRIC_REPRESENTATION_CONTEXT(3) 
GLOBAL_UNCERTAINTY_ASSIGNED_CONTEXT((#10149)) 
GLOBAL_UNIT_ASSIGNED_CONTEXT((#10146,#10147,#10148)) 
REPRESENTATION_CONTEXT('Context #1',
  '3D Context with UNIT and UNCERTAINTY') );
#10146 = ( LENGTH_UNIT() NAMED_UNIT(*) SI_UNIT(.MILLI.,.METRE.) );
#10147 = ( NAMED_UNIT(*) PLANE_ANGLE_UNIT() SI_UNIT($,.RADIAN.) );
#10148 = ( NAMED_UNIT(*) SI_UNIT($,.STERADIAN.) SOLID_ANGLE_UNIT() );
#10149 = UNCERTAINTY_MEASURE_WITH_UNIT(LENGTH_MEASURE(1.E-07),#10146,
  'distance_accuracy_value','confusion accuracy');
#10150 = PRODUCT_RELATED_PRODUCT_CATEGORY('part',$,(#7));
ENDSEC;
END-ISO-10303-21;
