layer_index,z_mm,part_area_mm2,part_perimeter_mm,part_component_count,new_island_count,unsupported_area_mm2,support_area_mm2,support_perimeter_mm
0,0.02,0.12638132,6.8360529,1,0,0.0,506.25,948.0
1,0.06,0.6968269,12.20620024,1,0,0.32260497,504.75,948.0
2,0.1,1.51385094,15.78890859,1,0,0.37882368,504.25,948.0
3,0.14,2.51776927,18.60988222,1,0,0.43891986,503.25,946.0
4,0.18,3.6789599,21.12890741,1,0,0.49696004,497.75,938.0
5,0.22,4.97498969,23.41049282,1,0,0.54345102,497.25,938.0
6,0.26,6.39613635,25.41588758,1,0,0.58870084,496.75,938.0
7,0.3,7.92862837,27.34738405,1,0,0.6301412,496.25,938.0
8,0.34,9.56622206,29.09055831,1,0,0.6679249,495.75,938.0
9,0.38,10.90661135,30.77336433,1,0,0.50049493,495.25,936.0
10,0.42,12.02903797,32.38966532,1,0,0.43790387,489.75,922.0
11,0.46,13.12904783,36.08113472,2,1,0.49118309,489.0,921.0
12,0.5,14.15512359,37.78874741,2,0,0.41055619,488.5,921.0
13,0.54,15.1193633,39.39328922,2,0,0.38845001,488.0,921.0
14,0.58,16.03069844,40.95142342,2,0,0.36659065,488.0,921.0
15,0.62,16.9018635,42.51310922,2,0,0.35307628,483.75,914.0
16,0.66,17.73751059,43.98591588,2,0,0.33802747,482.75,910.0
17,0.7,18.54096861,45.42678377,2,0,0.32615178,482.75,910.0
18,0.74,19.31802894,46.86765086,2,0,0.31589298,482.25,910.0
19,0.78,20.07071484,48.26719235,2,0,0.30718834,482.25,910.0
20,0.82,20.80265146,49.60905002,2,0,0.29783725,481.75,908.0
21,0.86,21.51346336,50.9509045,2,0,0.28959585,478.0,899.0
22,0.9,22.20726634,52.29686758,2,0,0.28397401,477.5,899.0
23,0.94,22.88739755,53.56994958,2,0,0.27741336,477.5,899.0
24,0.98,23.55073029,54.82938006,2,0,0.27027774,477.0,899.0
25,1.02,24.2006135,56.09267686,2,0,0.26549717,477.0,899.0
26,1.06,24.84165597,57.35649687,2,0,0.26162662,476.5,897.0
27,1.1,25.47134595,58.549341,2,0,0.25565408,473.25,890.0
28,1.14,26.08774877,59.74148469,2,0,0.25069777,472.75,890.0
29,1.18,26.6953926,60.93573219,2,0,0.24744742,472.75,890.0
30,1.22,27.29472944,62.1299713,2,0,0.24419706,472.75,890.0
31,1.26,27.88419629,63.27429739,2,0,0.23974454,472.25,888.0
32,1.3,28.46287783,64.40850201,2,0,0.23592637,472.25,888.0
33,1.34,29.03405487,65.5433607,2,0,0.23315964,469.0,885.0
34,1.38,29.59819628,66.67821956,2,0,0.23039292,469.0,885.0
35,1.42,30.15513484,67.79553123,2,0,0.22744526,468.5,885.0
36,1.46,30.70386045,68.87869192,2,0,0.22393513,468.5,885.0
37,1.5,31.31760109,74.50346541,2,0,0.29288463,467.25,885.0
38,1.54,32.27787278,80.19799438,2,0,0.47514386,465.75,881.0
39,1.58,33.46408575,84.45865533,2,0,0.53443366,459.25,878.0
40,1.62,34.81868425,88.115024,2,0,0.58647299,458.75,878.0
41,1.66,36.31498341,91.19134801,2,0,0.63191805,457.75,878.0
42,1.7,37.93533739,94.1663492,2,0,0.6802874,456.75,878.0
43,1.74,39.66435322,96.86273351,2,0,0.71689958,456.75,878.0
44,1.78,41.49585308,99.50997835,2,0,0.75715942,447.25,853.0
45,1.82,43.41573727,101.9193138,2,0,0.78422299,446.25,849.0
46,1.86,45.04875625,104.31626278,2,0,0.62922667,445.75,849.0
47,1.9,46.47625577,106.56478908,2,0,0.56601538,444.75,849.0
48,1.94,47.78744599,108.77107281,2,0,0.52522254,444.75,849.0
49,1.98,49.01763031,110.97861528,2,0,0.49579805,444.25,849.0
50,2.02,50.18908233,113.02955234,2,0,0.47179527,437.75,837.0
51,2.06,51.307309,115.0537815,2,0,0.45209933,437.25,833.0
52,2.1,52.38667483,117.07935876,2,0,0.43676384,436.75,833.0
53,2.14,53.42730977,118.99155193,2,0,0.42072002,436.25,831.0
54,2.18,54.43625578,120.89676728,2,0,0.40827799,435.75,831.0
55,2.22,55.41606274,122.80693953,2,0,0.39712853,435.25,829.0
56,2.26,56.37418449,124.64684871,2,0,0.38902506,429.75,819.0
57,2.3,57.30860744,126.42395288,2,0,0.37789514,429.25,819.0
58,2.34,58.21911062,128.20281422,2,0,0.36866793,429.25,819.0
59,2.38,59.11257352,129.98472387,2,0,0.36243592,428.75,817.0
60,2.42,59.98950651,131.70367266,2,0,0.35501554,428.25,815.0
61,2.46,60.84837987,133.40561005,2,0,0.34738069,428.25,815.0
62,2.5,61.69279166,135.08679987,2,0,0.34223468,423.25,805.0
63,2.54,62.52245525,136.76115887,2,0,0.33687011,423.25,805.0
64,2.58,63.3360892,138.38484016,2,0,0.33054183,422.25,805.0
65,2.62,64.13271941,139.99059481,2,0,0.32440589,422.25,805.0
66,2.66,64.91780416,141.6013365,2,0,0.32043386,421.75,803.0
67,2.7,65.69394009,143.21252566,2,0,0.31672679,421.25,801.0
68,2.74,66.4603898,144.7850928,2,0,0.31238616,416.75,791.0
69,2.78,67.21499892,146.31055955,2,0,0.30711251,416.25,791.0
70,2.82,67.9595786,147.83618293,2,0,0.30315728,416.25,791.0
71,2.86,68.69334939,149.36180606,2,0,0.29920206,415.75,789.0
72,2.9,69.41683349,150.89138479,2,0,0.29582308,415.25,787.0
73,2.94,70.13242137,152.3920398,2,0,0.29315075,415.25,787.0
74,2.98,70.84055274,153.86527726,2,0,0.28986216,411.25,781.0
75,3.02,71.53971022,155.32038457,2,0,0.28618167,410.75,779.0
76,3.06,72.22983087,156.77548934,2,0,0.28272698,410.75,779.0
77,3.1,72.91240625,158.232463,2,0,0.27957014,410.25,777.0
78,3.14,73.58994128,159.66633251,2,0,0.27740513,410.25,777.0
79,3.18,74.26252798,161.08349346,2,0,0.27461838,406.75,771.0
80,3.22,74.92992091,162.50065424,2,0,0.2722106,405.75,771.0
81,3.26,75.59055398,163.90170443,2,0,0.26942703,405.75,771.0
82,3.3,76.24434959,165.29816008,2,0,0.2668182,405.75,771.0
83,3.34,76.89392829,166.68361886,2,0,0.26495147,405.25,769.0
84,3.38,77.5372923,168.04110513,2,0,0.26179209,404.75,767.0
85,3.42,78.17477108,169.40211416,2,0,0.25963515,400.75,759.0
86,3.46,78.80700979,170.76310998,2,0,0.25752105,400.75,759.0
87,3.5,79.43482558,172.1267416,2,0,0.2558367,400.25,759.0
88,3.54,80.05931233,173.47465903,2,0,0.25439852,400.25,759.0
89,3.58,80.67928845,174.79258979,2,0,0.25218097,399.75,757.0
90,3.62,81.29278026,176.0995607,2,0,0.24945898,399.25,755.0
91,3.66,81.89941052,177.40833652,2,0,0.24710334,395.75,749.0
92,3.7,82.50072303,178.72044226,2,0,0.24527368,395.75,749.0
93,3.74,83.09966945,180.03641413,2,0,0.24437382,395.75,749.0
94,3.78,83.69711025,181.35239402,2,0,0.24354084,394.75,745.0
95,3.82,84.29091754,182.62722282,2,0,0.24161444,394.75,745.0
96,3.86,84.8782719,183.88999535,2,0,0.23914333,394.75,745.0
97,3.9,85.45954792,185.15275228,2,0,0.23689077,391.75,741.0
98,3.94,86.03684114,186.41968294,2,0,0.23506022,391.25,741.0
99,3.98,86.61226654,187.69144263,2,0,0.23432943,390.75,739.0
100,4.02,87.18548753,188.9632079,2,0,0.23359818,390.75,739.0
101,4.06,87.75641736,190.2161372,2,0,0.23249322,390.75,739.0
102,4.1,88.32391321,191.45104018,2,0,0.23067637,390.25,737.0
103,4.14,88.88704562,192.67436832,2,0,0.22849335,386.75,731.0
104,4.18,89.445422,193.90020196,2,0,0.22673615,386.25,729.0
105,4.22,89.99880728,195.12901907,2,0,0.22556463,386.25,729.0
106,4.26,90.54940356,196.3613727,2,0,0.22488484,385.75,727.0
107,4.3,91.09907916,197.58889884,2,0,0.2242103,385.75,727.0
108,4.34,91.645801,198.79426768,2,0,0.22265589,385.75,727.0
109,4.38,92.18893397,199.9996297,2,0,0.22128807,382.25,721.0
110,4.42,92.72919932,201.19206604,2,0,0.2196094,381.75,719.0
111,4.46,93.26652205,202.38479433,2,0,0.21846322,381.75,719.0
112,4.5,93.80054661,203.57752761,2,0,0.21737695,381.75,719.0
113,4.54,94.33271353,204.77331597,2,0,0.21655349,381.75,719.0
114,4.58,94.86449296,205.95916815,2,0,0.21579643,378.75,715.0
115,4.62,95.39432964,207.13164599,2,0,0.21436043,377.75,713.0
116,4.66,95.92182302,208.30412675,2,0,0.21312238,377.75,713.0
117,4.7,96.44698035,209.47941414,2,0,0.21227546,377.75,713.0
118,4.74,96.96983975,210.64043266,2,0,0.21124845,377.75,713.0
119,4.78,97.49002151,211.80146383,2,0,0.21025601,377.75,713.0
120,4.82,98.00700348,212.96250484,2,0,0.20926359,373.75,705.0
121,4.86,98.52074282,214.11726967,2,0,0.20848714,373.25,703.0
122,4.9,99.0308899,215.26014182,2,0,0.20719217,373.25,703.0
123,4.94,99.53759747,216.40301443,2,0,0.2060666,373.25,703.0
124,4.98,100.04164382,217.55032583,2,0,0.2054367,373.25,703.0
125,5.02,100.54332826,218.69702292,2,0,0.20496847,372.75,701.0
126,5.06,101.04188421,219.82944581,2,0,0.20402199,369.75,697.0
127,5.1,101.53746288,220.96188742,2,0,0.20311195,369.25,695.0
128,5.14,102.03031901,222.08991292,2,0,0.20216659,369.25,695.0
129,5.18,102.51949974,223.20603533,2,0,0.20095234,369.25,695.0
130,5.22,103.00565796,224.32216329,2,0,0.19992488,368.75,693.0
131,5.26,103.48966885,225.4424507,2,0,0.19931594,368.75,693.0
132,5.3,103.97295503,226.56328306,2,0,0.19890122,365.75,689.0
133,5.34,104.45587741,227.68412249,2,0,0.19848649,365.75,689.0
134,5.38,104.93874296,228.79268773,2,0,0.19772622,365.25,687.0
135,5.42,105.42055137,229.89933817,2,0,0.1968669,364.75,685.0
136,5.46,105.90064198,230.99174551,2,0,0.19565601,364.75,685.0
137,5.5,106.38106386,232.08349883,2,0,0.19454359,364.75,685.0
138,5.54,106.86051666,233.1781088,2,0,0.19381269,361.75,681.0
139,5.58,107.3393613,234.27477709,2,0,0.19344357,361.75,681.0
140,5.62,107.81796509,235.37142102,2,0,0.19307447,361.75,681.0
141,5.66,108.29550361,236.46804771,2,0,0.19270536,360.75,677.0
142,5.7,108.77067722,237.55829486,2,0,0.19221439,360.75,677.0
143,5.74,109.24313472,238.64114602,2,0,0.19136936,360.75,677.0
144,5.78,109.71194354,239.70674683,2,0,0.19006549,357.75,673.0
145,5.82,110.17707327,240.77509133,2,0,0.1889575,357.75,673.0
146,5.86,110.6404168,241.84984121,2,0,0.18852646,357.75,673.0
147,5.9,111.10238628,242.92457185,2,0,0.18819792,357.25,671.0
148,5.94,111.56295016,243.99930629,2,0,0.18786938,356.75,669.0
149,5.98,112.02278634,245.07403172,2,0,0.18754084,353.75,663.0
150,6.02,112.48159546,246.14876034,2,0,0.18721231,353.75,663.0
151,6.06,112.93917442,247.2109699,2,0,0.18655494,353.75,663.0
152,6.1,113.39527336,248.25670493,2,0,0.18529531,353.75,663.0
153,6.14,113.8488615,249.3038274,2,0,0.18412765,353.75,663.0
154,6.18,114.30085467,250.35876754,2,0,0.18376287,353.25,661.0
155,6.22,114.75232065,251.41373185,2,0,0.18347061,350.75,659.0
156,6.26,115.20334464,252.46870852,2,0,0.18317835,350.25,657.0
157,6.3,115.6539274,253.52371441,2,0,0.1828861,350.25,657.0
158,6.34,116.10402901,254.57874041,2,0,0.18259384,350.25,657.0
159,6.38,116.55308397,255.63206073,2,0,0.18229149,350.25,657.0
160,6.42,116.99999867,256.66143655,2,0,0.18120749,349.75,655.0
161,6.46,117.44379749,257.69009504,2,0,0.18008723,346.75,651.0
162,6.5,117.88555363,258.72440946,2,0,0.17948152,346.75,651.0
163,6.54,118.32645378,259.76148072,2,0,0.17921896,346.75,651.0
164,6.58,118.76680238,260.79855551,2,0,0.17895933,346.25,649.0
165,6.62,119.20678961,261.83562492,2,0,0.1786997,346.25,649.0
166,6.66,119.64623953,262.87269863,2,0,0.17844008,346.25,649.0
167,6.7,120.08486924,263.90978712,2,0,0.17818045,342.75,641.0
168,6.74,120.52181126,264.93704905,2,0,0.17774549,342.75,641.0
169,6.78,120.95574627,265.94854945,2,0,0.17659118,342.75,641.0
170,6.82,121.38702773,266.96450759,2,0,0.17586695,342.75,641.0
171,6.86,121.81770352,267.9829969,2,0,0.17537315,342.75,641.0
172,6.9,122.24900587,269.00378289,2,0,0.17514269,342.75,641.0
173,6.94,122.68037171,270.02457084,2,0,0.17491256,339.75,637.0
174,6.98,123.11162412,271.0453414,2,0,0.17468244,339.75,637.0
175,7.02,123.54196562,272.06611763,2,0,0.17445232,339.25,635.0
176,7.06,123.97164323,273.08688574,2,0,0.17422219,339.25,635.0
177,7.1,124.40089122,274.09385351,2,0,0.17361906,339.25,635.0
178,7.14,124.82878393,275.09283662,2,0,0.17272703,339.25,635.0
179,7.18,125.25582055,276.09437202,2,0,0.17216801,336.25,631.0
180,7.22,125.68211178,277.09782803,2,0,0.17169034,336.25,631.0
181,7.26,126.107534,278.10390324,2,0,0.1714864,336.25,631.0
182,7.3,126.53162618,279.10997325,2,0,0.1712831,335.75,629.0
183,7.34,126.95460587,280.11604355,2,0,0.1710798,335.25,627.0
184,7.38,127.37671274,281.12210846,2,0,0.1708765,332.25,621.0
185,7.42,127.79765889,282.1261961,2,0,0.17066067,332.25,621.0
186,7.46,128.21587385,283.11961697,2,0,0.17002832,332.25,621.0
187,7.5,128.63160113,284.10821906,2,0,0.16942701,332.25,621.0
188,7.54,129.04558018,285.09639562,2,0,0.16889558,332.25,621.0
189,7.58,129.45847549,286.08548977,2,0,0.16839012,332.25,621.0
190,7.62,129.87095666,287.07824692,2,0,0.16819227,329.75,619.0
191,7.66,130.28388992,288.07098584,2,0,0.16801349,329.75,619.0
192,7.7,130.69592094,289.06370531,2,0,0.16783471,328.75,615.0
193,7.74,131.10699614,290.05641956,2,0,0.16765593,328.75,615.0
194,7.78,131.51770832,291.04679042,2,0,0.16745886,328.75,615.0
195,7.82,131.92737581,292.02761515,2,0,0.16687001,328.75,615.0
196,7.86,132.33669326,293.00873734,2,0,0.16652279,325.75,609.0
197,7.9,132.74495739,293.98489749,2,0,0.16600259,325.75,609.0
198,7.94,133.15319758,294.96106721,2,0,0.16551336,325.75,609.0
199,7.98,133.56244405,295.94100022,2,0,0.16522636,325.75,609.0
200,8.02,133.97229312,296.92177171,2,0,0.16507011,325.75,609.0
201,8.06,134.38141041,297.90254459,2,0,0.16491387,325.25,607.0
202,8.1,134.78895021,298.88332688,2,0,0.16475762,322.75,605.0
203,8.14,135.19463605,299.86337242,2,0,0.16459912,322.25,603.0
204,8.18,135.59843588,300.83289329,2,0,0.16408035,322.25,603.0
205,8.22,136.0015711,301.80719622,2,0,0.1638432,322.25,603.0
206,8.26,136.40507591,302.7731249,2,0,0.16344305,322.25,603.0
207,8.3,136.80809741,303.73843578,2,0,0.16298112,322.25,603.0
208,8.34,137.21034742,304.70513162,2,0,0.16256035,319.25,597.0
209,8.38,137.61233334,305.67511112,2,0,0.16241723,319.25,597.0
210,8.42,138.01409214,306.64509156,2,0,0.1622818,319.25,597.0
211,8.46,138.41671324,307.61509957,2,0,0.16214637,319.25,597.0
212,8.5,138.81863549,308.58510017,2,0,0.16201093,318.75,595.0
213,8.54,139.21905675,309.54687379,2,0,0.16164982,318.75,595.0
214,8.58,139.61750555,310.51008622,2,0,0.16134971,316.25,593.0
215,8.62,140.01528852,311.47212346,2,0,0.16119862,316.25,593.0
216,8.66,140.41067612,312.42771616,2,0,0.16075293,315.75,591.0
217,8.7,140.80373527,313.38331556,2,0,0.16032204,315.75,591.0
218,8.74,141.19559824,314.34191277,2,0,0.16002768,315.75,591.0
219,8.78,141.58770552,315.30221616,2,0,0.15991159,312.75,585.0
220,8.82,141.98001299,316.26250792,2,0,0.15979549,312.75,585.0
221,8.86,142.37224363,317.22278255,2,0,0.1596794,312.75,585.0
222,8.9,142.76423857,318.17973334,2,0,0.15951711,312.75,585.0
223,8.94,143.15567933,319.13201878,2,0,0.15910839,312.25,583.0
224,8.98,143.54827766,320.08726342,2,0,0.15900093,312.25,583.0
225,9.02,143.94137815,321.03848947,2,0,0.15881087,309.75,581.0
226,9.06,144.33418885,321.98529241,2,0,0.15838771,309.75,581.0
227,9.1,144.72691778,322.93208501,2,0,0.15798256,309.75,581.0
228,9.14,145.11990323,323.88296689,2,0,0.15777681,309.75,581.0
229,9.18,145.51405409,324.83454132,2,0,0.15767877,309.25,579.0
230,9.22,145.90881046,325.78615044,2,0,0.15758074,309.25,579.0
231,9.26,146.30303515,326.73776435,2,0,0.15748271,306.25,575.0
232,9.3,146.69622588,327.68221965,2,0,0.15718532,306.25,575.0
233,9.34,147.08772287,328.6290177,2,0,0.15699106,306.25,575.0
234,9.38,147.47802908,329.57619046,2,0,0.15690269,306.25,575.0
235,9.42,147.86680884,330.51875754,2,0,0.1566998,306.25,575.0
236,9.46,148.25431268,331.45790068,2,0,0.1563055,305.75,573.0
237,9.5,148.64033255,332.39705022,2,0,0.15592415,302.75,567.0
238,9.54,149.0256233,333.34086132,2,0,0.15577052,302.75,567.0
239,9.58,149.41131214,334.28487212,2,0,0.15568946,302.75,567.0
240,9.62,149.79769572,335.22888624,2,0,0.1556084,302.75,567.0
241,9.66,150.18408316,336.17268597,2,0,0.1555271,302.75,567.0
242,9.7,150.56918371,337.10912993,2,0,0.15519927,302.75,567.0
243,9.74,150.95356697,338.04924086,2,0,0.15511823,300.25,563.0
244,9.78,151.33734129,338.98934333,2,0,0.15504618,300.25,563.0
245,9.82,151.72099097,339.92504432,2,0,0.15486914,299.75,561.0
246,9.86,152.10419804,340.85739616,2,0,0.15449927,299.75,561.0
247,9.9,152.48571622,341.78974231,2,0,0.15414,299.75,561.0
248,9.94,152.86403998,342.72678895,2,0,0.15399995,297.25,559.0
249,9.98,153.23985602,343.66402916,2,0,0.15393492,297.25,559.0
250,10.02,153.61545284,344.60127077,2,0,0.15386989,297.25,559.0
251,10.06,153.99217695,345.53685044,2,0,0.15379051,296.75,557.0
252,10.1,154.36916023,346.46824545,2,0,0.15352121,296.75,557.0
253,10.14,154.74797161,347.40205132,2,0,0.15346443,296.75,557.0
254,10.18,155.12875717,348.3358502,2,0,0.15340786,293.75,551.0
255,10.22,155.51010061,349.26618277,2,0,0.15327708,293.75,551.0
256,10.26,155.89250814,350.19253626,2,0,0.15292903,293.75,551.0
257,10.3,156.27576407,351.11889291,2,0,0.1525903,293.75,551.0
258,10.34,156.65832554,352.04953045,2,0,0.15243822,293.75,551.0
259,10.38,157.04085799,352.98089294,2,0,0.15238843,293.75,551.0
260,10.42,157.42248499,353.91226302,2,0,0.15233864,291.25,547.0
261,10.46,157.80346005,354.84157739,2,0,0.15226604,291.25,547.0
262,10.5,158.18274559,355.76826402,2,0,0.15205765,291.25,547.0
263,10.54,158.55930949,356.69663751,2,0,0.15201584,291.25,547.0
264,10.58,158.93305119,357.62503347,2,0,0.15197402,290.75,545.0
265,10.62,159.30524875,358.5514236,2,0,0.15190338,290.75,545.0
266,10.66,159.67582015,359.47264204,2,0,0.15158286,288.25,543.0
267,10.7,160.04517007,360.39386427,2,0,0.15126334,288.25,543.0
268,10.74,160.41500289,361.31849412,2,0,0.15107393,287.75,541.0
269,10.78,160.78561987,362.24482647,2,0,0.15103871,287.75,541.0
270,10.82,161.15643417,363.17116301,2,0,0.15100348,287.75,541.0
271,10.86,161.52817413,364.09590088,2,0,0.15095212,287.75,541.0
272,10.9,161.90387486,365.0193151,2,0,0.15077726,284.75,535.0
273,10.94,162.2885172,365.96663354,2,0,0.1507496,284.75,535.0
274,10.98,162.67296153,366.91395533,2,0,0.15072195,284.75,535.0
275,11.02,163.05897487,367.86116258,2,0,0.1506942,284.75,535.0
276,11.06,163.4456217,368.80158911,2,0,0.150441,284.75,535.0
277,11.1,163.83129762,369.74202484,2,0,0.15013948,284.75,535.0
278,11.14,164.21592854,370.68452718,2,0,0.14989326,282.25,529.0
279,11.18,164.59981797,371.63012799,2,0,0.14986915,282.25,529.0
280,11.22,164.98248031,372.57573115,2,0,0.14984794,282.25,529.0
281,11.26,165.36388898,373.52079161,2,0,0.14982478,282.25,529.0
282,11.3,165.74340175,374.46244704,2,0,0.14968126,282.25,529.0
283,11.34,166.12208437,375.40596736,2,0,0.14966727,280.25,527.0
284,11.38,166.50051597,376.34948422,2,0,0.14965329,280.25,527.0
285,11.42,166.87925129,377.29299283,2,0,0.1496393,280.25,527.0
286,11.46,167.2588904,378.23189772,2,0,0.1494919,280.25,527.0
287,11.5,167.63837607,379.16871702,2,0,0.14920443,280.25,527.0
288,11.54,168.01845631,380.10592352,2,0,0.14892152,279.75,525.0
289,11.58,168.39931404,381.04804218,2,0,0.14887383,277.25,523.0
290,11.62,168.78101386,381.99016337,2,0,0.14886618,277.25,523.0
291,11.66,169.16282234,382.93229413,2,0,0.14885853,277.25,523.0
292,11.7,169.54512443,383.87108235,2,0,0.14874672,276.75,521.0
293,11.74,169.92837845,384.81157466,2,0,0.14874455,276.75,521.0
294,11.78,170.3122077,385.75208371,2,0,0.14874384,276.75,521.0
295,11.82,170.69480997,386.69260975,2,0,0.14874314,273.75,517.0
296,11.86,171.07715169,387.63121385,2,0,0.14871245,273.75,517.0
297,11.9,171.459684,388.56532413,2,0,0.14844686,273.75,517.0
298,11.94,171.84174093,389.49941634,2,0,0.14817829,273.75,517.0
299,11.98,172.22308304,390.43717399,2,0,0.14803513,273.75,517.0
300,12.02,172.60372969,391.37667486,2,0,0.14804069,273.75,517.0
301,12.06,172.98334721,392.31617194,2,0,0.14804625,270.75,513.0
302,12.1,173.3621614,393.25336986,2,0,0.14797936,270.75,513.0
303,12.14,173.7407184,394.19162259,2,0,0.14798569,270.75,513.0
304,12.18,174.11926021,395.12990152,2,0,0.14799796,270.75,513.0
305,12.22,174.49763904,396.0681812,2,0,0.14801024,270.75,513.0
306,12.26,174.87601725,397.00645261,2,0,0.14802251,270.75,513.0
307,12.3,175.25390022,397.93933309,2,0,0.14786073,267.75,505.0
308,12.34,175.63093084,398.87138565,2,0,0.14760677,267.75,505.0
309,12.38,176.00807103,399.80477681,2,0,0.14737342,267.75,505.0
310,12.42,176.38528492,400.74237463,2,0,0.1473796,267.75,505.0
311,12.46,176.76393065,401.67996127,2,0,0.14739811,267.75,505.0
312,12.5,177.14366805,402.61613252,2,0,0.1473907,267.75,505.0
313,12.54,177.52396457,403.55286366,2,0,0.14737999,265.75,501.0
314,12.58,177.90344165,404.48956909,2,0,0.14740503,265.75,501.0
315,12.62,178.28089203,405.42628219,2,0,0.14743007,265.75,501.0
316,12.66,178.65736339,406.36298812,2,0,0.1474551,265.75,501.0
317,12.7,179.03318689,407.29730242,2,0,0.14742927,265.75,501.0
318,12.74,179.41035684,408.22796256,2,0,0.14719155,263.75,497.0
319,12.78,179.78781074,409.15862471,2,0,0.14695262,263.75,497.0
320,12.82,180.1649288,410.09358196,2,0,0.14686181,263.75,497.0
321,12.86,180.54278482,411.0298822,2,0,0.14689309,263.75,497.0
322,12.9,180.92073736,411.96619127,2,0,0.14692436,263.75,497.0
323,12.94,181.29889976,412.90128119,2,0,0.14692176,263.75,497.0
324,12.98,181.67646016,413.8371288,2,0,0.14695926,261.75,493.0
325,13.02,182.05289352,414.77298262,2,0,0.14699693,261.75,493.0
326,13.06,182.42844191,415.7088192,2,0,0.1470346,261.75,493.0
327,13.1,182.80222984,416.64465396,2,0,0.14707227,261.75,493.0
328,13.14,183.17453381,417.57526481,2,0,0.14693163,261.75,493.0
329,13.18,183.54534345,418.50525785,2,0,0.14670638,261.75,493.0
330,13.22,183.91484279,419.43674973,2,0,0.14650327,259.75,489.0
331,13.26,184.28286939,420.37253398,2,0,0.14653651,259.75,489.0
332,13.3,184.65119774,421.3083304,2,0,0.14658046,259.75,489.0
333,13.34,185.02218897,422.24368598,2,0,0.14660418,259.75,489.0
334,13.38,185.39424171,423.17942607,2,0,0.14665233,259.75,489.0
335,13.42,185.76691638,424.11517827,2,0,0.14670258,259.75,489.0
336,13.46,186.1397492,425.05094592,2,0,0.14675284,257.75,485.0
337,13.5,186.51370978,425.98672379,2,0,0.1468031,257.75,485.0
338,13.54,186.88955373,426.92040822,2,0,0.14680964,257.75,485.0
339,13.58,187.26620394,427.85052049,2,0,0.14660014,257.75,485.0
340,13.62,187.64247707,428.78063589,2,0,0.14638836,257.75,485.0
341,13.66,188.01841812,429.71512912,2,0,0.14631538,257.75,485.0
342,13.7,188.39453694,430.65117712,2,0,0.14637199,255.75,485.0
343,13.74,188.83411048,441.60341831,2,0,0.21058242,253.25,483.0
344,13.78,189.73048715,442.53345474,2,0,0.37571436,253.25,483.0
345,13.82,190.62399644,443.46348907,2,0,0.3757782,253.25,483.0
346,13.86,191.51632076,444.39351364,2,0,0.37584204,253.25,483.0
347,13.9,192.40838549,445.32354543,2,0,0.37590588,253.25,483.0
348,13.94,193.30014368,446.25357247,2,0,0.37596973,248.5,481.0
349,13.98,194.19145519,447.17895446,2,0,0.37587056,248.25,479.0
350,14.02,195.08242969,448.10344675,2,0,0.37567256,248.25,479.0
351,14.06,195.97269099,449.02919775,2,0,0.37548836,248.25,479.0
352,14.1,196.86249508,449.95978155,2,0,0.37554191,248.25,479.0
353,14.14,197.7529699,450.89035618,2,0,0.37561222,243.75,467.0
354,14.18,198.35270374,451.81790216,2,0,0.14646435,243.75,467.0
355,14.22,198.72152757,452.7430386,2,0,0.14654213,243.75,467.0
356,14.26,199.09066877,453.6681874,2,0,0.14661967,243.75,467.0
357,14.3,199.45922193,454.59333191,2,0,0.1466972,243.75,467.0
358,14.34,199.8279863,455.51848169,2,0,0.14677474,243.75,467.0
359,14.38,200.19725082,456.44196986,2,0,0.14682243,241.75,463.0
360,14.42,200.56620027,457.36176172,2,0,0.14664462,241.75,463.0
361,14.46,200.93355097,458.28153764,2,0,0.14646012,241.75,463.0
362,14.5,201.29937361,459.20557762,2,0,0.14639792,241.75,463.0
363,14.54,201.66527801,460.13162647,2,0,0.14648214,241.75,463.0
364,14.58,202.03056538,461.05832208,2,0,0.14657411,241.75,463.0
365,14.62,202.39650308,461.98551694,2,0,0.14667262,239.75,459.0
366,14.66,202.76309905,462.91272465,2,0,0.14676308,239.75,459.0
367,14.7,203.12924264,463.83994623,2,0,0.14685353,239.75,459.0
368,14.74,203.49661772,464.76716596,2,0,0.14694399,239.75,459.0
369,14.78,203.86538535,465.69438237,2,0,0.14703444,239.75,459.0
370,14.82,204.23541739,466.61746951,2,0,0.14697658,239.75,459.0
371,14.86,204.60621639,467.53946303,2,0,0.14680427,237.75,455.0
372,14.9,204.97862387,468.46253481,2,0,0.14664099,237.75,455.0
373,14.94,205.35137048,469.3909819,2,0,0.14671491,237.75,455.0
374,14.98,205.72375946,470.31942175,2,0,0.14681216,237.75,455.0
375,15.02,206.0966261,471.24994498,2,0,0.14695243,237.75,455.0
376,15.06,206.46840412,472.17990231,2,0,0.14705622,237.75,455.0
377,15.1,206.83939345,473.10986322,2,0,0.14715987,235.75,451.0
378,15.14,207.20889583,474.03982808,2,0,0.14726351,235.75,451.0
379,15.18,207.57801744,474.96976913,2,0,0.14736716,235.75,451.0
380,15.22,207.94724607,475.89824287,2,0,0.14744447,235.75,451.0
381,15.26,208.31607426,476.82308723,2,0,0.14729377,235.75,451.0
382,15.3,208.68425501,477.74793547,2,0,0.14713346,235.75,451.0
383,15.34,209.05206274,478.67728025,2,0,0.14709717,233.75,451.0
384,15.38,209.42037866,479.60882011,2,0,0.14720827,233.25,449.0
385,15.42,209.79102652,480.54259327,2,0,0.14737722,233.25,449.0
386,15.46,210.16566707,481.47610361,2,0,0.14749961,232.75,447.0
387,15.5,210.54102189,482.40962975,2,0,0.14761681,232.75,447.0
388,15.54,210.91613015,483.3431711,2,0,0.14773401,229.75,443.0
389,15.58,211.29049924,484.27671243,2,0,0.1478512,229.75,443.0
390,15.62,211.66403464,485.21024068,2,0,0.1479684,229.75,443.0
391,15.66,212.0370769,486.13972383,2,0,0.147928,229.75,443.0
392,15.7,212.40979305,487.06828182,2,0,0.14777954,229.75,443.0
393,15.74,212.78269334,487.99833251,2,0,0.14764564,229.75,443.0
394,15.78,213.15528229,488.9337792,2,0,0.14775374,226.75,439.0
395,15.82,213.52805253,489.87144641,2,0,0.14791776,226.75,439.0
396,15.86,213.90073487,490.80925871,2,0,0.14808848,226.75,439.0
397,15.9,214.2737519,491.74708002,2,0,0.14821967,226.75,439.0
398,15.94,214.64652266,492.68491728,2,0,0.14835086,226.75,439.0
399,15.98,215.01802454,493.62275389,2,0,0.14848206,226.75,439.0
400,16.02,215.38935986,494.56057972,2,0,0.14861325,223.75,433.0
401,16.06,215.76060874,495.49658315,2,0,0.14869959,223.75,433.0
402,16.1,216.13184987,496.42957028,2,0,0.14856516,223.75,433.0
403,16.14,216.50341842,497.36257459,2,0,0.14842848,223.75,433.0
404,16.18,216.87598303,498.30126974,2,0,0.14845187,223.75,433.0
405,16.22,217.24957625,499.24252865,2,0,0.14859854,223.75,433.0
406,16.26,217.62408002,500.18640805,2,0,0.14883728,221.25,427.0
407,16.3,217.99963725,501.12929038,2,0,0.14898301,221.25,427.0
408,16.34,218.37416209,502.07218271,2,0,0.14912874,221.25,427.0
409,16.38,218.74757802,503.01507873,2,0,0.14927447,221.25,427.0
410,16.42,219.12074778,503.95797781,2,0,0.1494202,221.25,427.0
411,16.46,219.4940087,504.90087781,2,0,0.14956592,221.25,427.0
412,16.5,219.86677967,505.83907729,2,0,0.149507,219.25,425.0
413,16.54,220.23927775,506.77723269,2,0,0.14938214,219.25,425.0
414,16.58,220.6115691,507.71857539,2,0,0.14931769,219.25,425.0
415,16.62,220.98376905,508.6641262,2,0,0.14947257,218.75,423.0
416,16.66,221.35614668,509.61483402,2,0,0.14976122,218.75,423.0
417,16.7,221.72898264,510.56352324,2,0,0.14992212,218.75,423.0
418,16.74,222.10272963,511.51220791,2,0,0.15008303,216.25,421.0
419,16.78,222.4774419,512.46089743,2,0,0.15024394,215.75,419.0
420,16.82,222.85360388,513.40958164,2,0,0.15040484,215.75,419.0
421,16.86,223.23059558,514.35827012,2,0,0.15056575,215.75,419.0
422,16.9,223.60779276,515.30389632,2,0,0.15060665,215.75,419.0
423,16.94,223.98453818,516.2479584,2,0,0.15049369,212.75,413.0
424,16.98,224.36089183,517.19307632,2,0,0.15038667,212.75,413.0
425,17.02,224.73700239,518.14480359,2,0,0.1505267,212.75,413.0
426,17.06,225.11368244,519.10249037,2,0,0.15085234,212.75,413.0
427,17.1,225.49102196,520.05794234,2,0,0.15103048,212.75,413.0
428,17.14,225.86848572,521.01338629,2,0,0.15120731,212.75,413.0
429,17.18,226.24764597,521.96884238,2,0,0.15138415,210.25,407.0
430,17.22,226.62748955,522.92430917,2,0,0.15156099,210.25,407.0
431,17.26,227.00816849,523.87978297,2,0,0.15173782,210.25,407.0
432,17.3,227.38974577,524.83344527,2,0,0.15186394,210.25,407.0
433,17.34,227.77205495,525.78440343,2,0,0.1517673,210.25,407.0
434,17.38,228.15390734,526.73536143,2,0,0.15166642,210.25,407.0
435,17.42,228.53608249,527.69351766,2,0,0.15176616,207.75,403.0
436,17.46,228.91999532,528.65929676,2,0,0.15213746,207.75,403.0
437,17.5,229.30485788,529.6224093,2,0,0.15233145,207.75,403.0
438,17.54,229.6900689,530.58551461,2,0,0.15252509,207.75,403.0
439,17.58,230.07484664,531.54861242,2,0,0.15271873,207.75,403.0
440,17.62,230.45867827,532.51170335,2,0,0.15291236,207.75,403.0
441,17.66,230.84169365,533.47479184,2,0,0.153106,204.75,397.0
442,17.7,231.22442107,534.43694329,2,0,0.15328401,204.75,397.0
443,17.74,231.60693334,535.39561977,2,0,0.15321457,204.75,397.0
444,17.78,231.98943214,536.35429511,2,0,0.15312605,204.75,397.0
445,17.82,232.37218378,537.3204649,2,0,0.15320409,204.75,397.0
446,17.86,232.75627856,538.29454559,2,0,0.15363272,204.75,397.0
447,17.9,233.14123313,539.26619378,2,0,0.15384505,202.25,393.0
448,17.94,233.52624457,540.23785025,2,0,0.1540565,202.25,393.0
449,17.98,233.91083657,541.20949831,2,0,0.15426794,202.25,393.0
450,18.02,234.2949711,542.18114978,2,0,0.15447939,202.25,393.0
451,18.06,234.67957033,543.15280241,2,0,0.15469083,201.75,391.0
452,18.1,235.06433363,544.12398177,2,0,0.15489804,201.75,391.0
453,18.14,235.44949908,545.09130135,2,0,0.15485887,199.25,389.0
454,18.18,235.83462801,546.05860349,2,0,0.15478309,199.25,389.0
455,18.22,236.22006531,547.03572289,2,0,0.15490539,199.25,389.0
456,18.26,236.60609789,548.01851769,2,0,0.15533794,199.25,389.0
457,18.3,236.99244006,548.99969835,2,0,0.15556835,199.25,389.0
458,18.34,237.37902895,549.98087943,2,0,0.15579875,195.75,381.0
459,18.38,237.76592503,550.96205943,2,0,0.15602916,195.75,381.0
460,18.42,238.15321353,551.94322847,2,0,0.15625956,195.75,381.0
461,18.46,238.54068604,552.92439699,2,0,0.15648997,195.75,381.0
462,18.5,238.9279472,553.90512039,2,0,0.15671667,195.75,381.0
463,18.54,239.31494318,554.88202943,2,0,0.15669671,195.75,381.0
464,18.58,239.7013753,555.85892334,2,0,0.15663413,193.25,377.0
465,18.62,240.08768953,556.85047453,2,0,0.156927,192.75,375.0
466,18.66,240.47501186,557.84253206,2,0,0.15729062,192.75,375.0
467,18.7,240.86326552,558.83431952,2,0,0.15754131,192.75,375.0
468,18.74,241.25238833,559.82611391,2,0,0.15779199,192.75,375.0
469,18.78,241.64381714,560.81795141,2,0,0.15804268,192.75,375.0
470,18.82,242.03666927,561.80980946,2,0,0.15829336,190.25,371.0
471,18.86,242.43009995,562.80168433,2,0,0.15854405,190.25,371.0
472,18.9,242.82405958,563.79272469,2,0,0.15878011,189.75,369.0
473,18.94,243.21829908,564.78044084,2,0,0.1587523,189.75,369.0
474,18.98,243.61264196,565.77100847,2,0,0.15872922,189.75,369.0
475,19.02,244.00711113,566.77678248,2,0,0.15921441,189.75,369.0
476,19.06,244.40260578,567.78047142,2,0,0.15949839,187.25,365.0
477,19.1,244.79946816,568.78417868,2,0,0.15977087,186.75,363.0
478,19.14,245.19767362,569.78789136,2,0,0.16004334,186.75,363.0
479,19.18,245.59702122,570.79159862,2,0,0.16031582,186.75,363.0
480,19.22,245.99679119,571.79530115,2,0,0.1605883,186.75,363.0
481,19.26,246.39633791,572.79898854,2,0,0.16086077,186.75,363.0
482,19.3,246.79559943,573.80098103,2,0,0.16107525,184.25,359.0
483,19.34,247.19487141,574.80056394,2,0,0.16104435,184.25,359.0
484,19.38,247.59504399,575.81267555,2,0,0.16129781,184.25,359.0
485,19.42,247.9967269,576.82968581,2,0,0.16170181,183.75,357.0
486,19.46,248.39965405,577.8462981,2,0,0.1619978,183.75,357.0
487,19.5,248.80310631,578.86291379,2,0,0.16229378,181.25,355.0
488,19.54,249.20719596,579.87953362,2,0,0.16258977,180.75,353.0
489,19.58,249.61154371,580.89615955,2,0,0.16288576,180.75,353.0
490,19.62,250.01520072,581.91278274,2,0,0.16318175,180.75,353.0
491,19.66,250.41807348,582.92941482,2,0,0.16347774,180.75,353.0
492,19.7,250.82099466,583.94303566,2,0,0.16361359,180.75,353.0
493,19.74,251.22410253,584.96452976,2,0,0.16378934,177.75,349.0
494,19.78,251.62802005,585.99296962,2,0,0.16415826,177.75,349.0
495,19.82,252.03292225,587.02379615,2,0,0.16449533,177.75,349.0
496,19.86,252.43802315,588.05461223,2,0,0.1648168,177.25,347.0
497,19.9,252.84339541,589.08542106,2,0,0.16513828,177.0,346.0
498,19.94,253.24984206,590.11622985,2,0,0.16545975,176.75,345.0
499,19.98,253.65764108,591.14702493,2,0,0.16578122,173.75,337.0
500,20.02,254.06634748,592.1778091,2,0,0.16610269,173.75,337.0
501,20.06,254.47526566,593.20777131,2,0,0.16640825,173.75,337.0
502,20.1,254.88555511,594.24377559,2,0,0.16663128,173.75,337.0
503,20.14,255.29754931,595.28323591,2,0,0.16695922,173.75,337.0
504,20.18,255.71110669,596.32961871,2,0,0.16729433,173.75,337.0
505,20.22,256.12530097,597.37601645,2,0,0.16764353,171.75,337.0
506,20.26,256.540875,598.42242532,2,0,0.16799274,171.75,337.0
507,20.3,256.95646558,599.46884597,2,0,0.16834194,170.75,333.0
508,20.34,257.37232506,600.51526937,2,0,0.16869115,170.75,333.0
509,20.38,257.78818423,601.56170092,2,0,0.16904035,170.75,333.0
510,20.42,258.20514987,602.60812612,2,0,0.16938956,170.75,333.0
511,20.46,258.6240574,603.66333275,2,0,0.16982911,167.75,327.0
512,20.5,259.04467849,604.71756044,2,0,0.17015467,167.75,327.0
513,20.54,259.46720063,605.77946815,2,0,0.17042183,167.75,327.0
514,20.58,259.89197981,606.84309075,2,0,0.17080982,167.75,327.0
515,20.62,260.31909647,607.9067242,2,0,0.17118934,167.25,325.0
516,20.66,260.7465598,608.97037411,2,0,0.17156886,167.25,325.0
517,20.7,261.17293795,610.03402795,2,0,0.17194838,164.25,319.0
518,20.74,261.59830572,611.09769588,2,0,0.1723279,164.25,319.0
519,20.78,262.02296192,612.16443548,2,0,0.17272857,164.25,319.0
520,20.82,262.44824114,613.2407363,2,0,0.17344322,164.25,319.0
521,20.86,262.87609432,614.31229372,2,0,0.17369657,164.25,319.0
522,20.9,263.30599282,615.39125439,2,0,0.17393252,161.75,317.0
523,20.94,263.73696765,616.47375723,2,0,0.17436436,161.25,315.0
524,20.98,264.16922466,617.55626209,2,0,0.17477716,161.25,315.0
525,21.02,264.60241984,618.6387808,2,0,0.17518995,161.25,315.0
526,21.06,265.0372722,619.72129597,2,0,0.17560275,160.75,313.0
527,21.1,265.47181376,620.80381979,2,0,0.17601555,160.75,313.0
528,21.14,265.90665574,621.89820523,2,0,0.17668522,157.75,307.0
529,21.18,266.34175872,622.99407903,2,0,0.1774827,157.75,307.0
530,21.22,266.77580703,624.08456472,2,0,0.17760053,157.25,305.0
531,21.26,267.20905952,625.18418416,2,0,0.1778659,157.25,305.0
532,21.3,267.64146795,626.28725017,2,0,0.17833594,157.25,305.0
533,21.34,268.07324289,627.3903009,2,0,0.17878543,157.25,305.0
534,21.38,268.50457147,628.49334787,2,0,0.17923491,154.25,301.0
535,21.42,268.93626982,629.59639193,2,0,0.1796844,154.25,301.0
536,21.46,269.36924159,630.70798769,2,0,0.18026844,154.25,301.0
537,21.5,269.80384192,631.82791395,2,0,0.18125154,153.75,299.0
538,21.54,270.24039462,632.94277367,2,0,0.18182936,153.75,299.0
539,21.58,270.67827388,634.05505661,2,0,0.18192834,153.75,299.0
540,21.62,271.11906143,635.17964046,2,0,0.18232513,150.75,295.0
541,21.66,271.56314495,636.30529495,2,0,0.18282235,150.75,295.0
542,21.7,272.00942453,637.43094926,2,0,0.18331246,150.25,293.0
543,21.74,272.45697211,638.55661101,2,0,0.18380258,149.75,291.0
544,21.78,272.9060737,639.69096498,2,0,0.1844172,149.75,291.0
545,21.82,273.35797431,640.83476214,2,0,0.18547663,149.75,291.0
546,21.86,273.81305235,641.97616295,2,0,0.18629303,146.75,287.0
547,21.9,274.27004555,643.11319071,2,0,0.18659451,146.75,287.0
548,21.94,274.72712588,644.25364883,2,0,0.18676112,146.75,287.0
549,21.98,275.18359251,645.40406688,2,0,0.18732768,145.75,283.0
550,22.02,275.63951723,646.55448517,2,0,0.187863,145.75,283.0
551,22.06,276.09587574,647.70490438,2,0,0.18839832,145.75,283.0
552,22.1,276.5546065,648.86859125,2,0,0.18919214,142.75,279.0
553,22.14,277.01668112,650.03856978,2,0,0.19031945,142.75,279.0
554,22.18,277.481895,651.20603526,2,0,0.19117873,142.75,279.0
555,22.22,277.94758267,652.37146687,2,0,0.19172212,142.25,277.0
556,22.26,278.41326124,653.53404835,2,0,0.19191255,141.75,275.0
557,22.3,278.87921506,654.7096799,2,0,0.19237297,138.75,269.0
558,22.34,279.34607801,655.8873322,2,0,0.19297434,138.75,269.0
559,22.38,279.81460809,657.06741735,2,0,0.19356823,138.75,269.0
560,22.42,280.2844535,658.26620469,2,0,0.19473373,138.75,269.0
561,22.46,280.75625956,659.46498586,2,0,0.19589185,138.25,267.0
562,22.5,281.22942027,660.66022327,2,0,0.19667357,138.25,267.0
563,22.54,281.70356663,661.85521573,2,0,0.19728868,135.25,263.0
564,22.58,282.17925347,663.04733824,2,0,0.19766126,135.25,263.0
565,22.62,282.65441797,664.24900852,2,0,0.19804301,135.25,263.0
566,22.66,283.12919428,665.4565823,2,0,0.19873087,134.75,261.0
567,22.7,283.60497743,666.68247484,2,0,0.19976093,134.75,261.0
568,22.74,284.08298363,667.91301193,2,0,0.2010641,134.75,261.0
569,22.78,284.56361873,669.14186166,2,0,0.20219574,131.25,255.0
570,22.82,285.04671858,670.3686421,2,0,0.2028737,131.25,255.0
571,22.86,285.53121417,671.59542533,2,0,0.20354976,130.75,253.0
572,22.9,286.0158403,672.82004015,2,0,0.20405594,130.75,253.0
573,22.94,286.50051061,674.05379528,2,0,0.20447428,130.75,253.0
574,22.98,286.98626665,675.31265313,2,0,0.20560184,130.75,253.0
575,23.02,287.47360888,676.57819953,2,0,0.20703884,127.25,247.0
576,23.06,287.96359249,677.84296162,2,0,0.20837613,126.75,247.0
577,23.1,288.45699354,679.10479024,2,0,0.20917108,126.75,247.0
578,23.14,288.95262844,680.3666194,2,0,0.20991629,126.75,247.0
579,23.18,289.44952511,681.62844459,2,0,0.2106615,126.75,247.0
580,23.22,289.94769767,682.88808624,2,0,0.21122084,126.25,245.0
581,23.26,290.44824056,684.18672558,2,0,0.21242185,122.25,239.0
582,23.3,290.95312428,685.49098931,2,0,0.21397079,122.25,239.0
583,23.34,291.46147584,686.79442492,2,0,0.21542787,122.25,239.0
584,23.38,291.97226781,688.09502874,2,0,0.2163005,122.25,239.0
585,23.42,292.48652682,689.39564299,2,0,0.21712461,121.75,237.0
586,23.46,293.00441447,690.69629153,2,0,0.21794872,121.75,237.0
587,23.5,293.52452096,692.00902638,2,0,0.21890493,117.75,229.0
588,23.54,294.04714067,693.34115005,2,0,0.22035356,117.75,229.0
589,23.58,294.5716592,694.68848407,2,0,0.22203185,117.25,227.0
590,23.62,295.09994604,696.03403029,2,0,0.22348052,117.25,227.0
591,23.66,295.63209121,697.37778131,2,0,0.22439615,117.25,227.0
592,23.7,296.16648111,698.72152772,2,0,0.22531088,113.75,223.0
593,23.74,296.70298365,700.07015169,2,0,0.22624503,113.25,223.0
594,23.78,297.24248223,701.44738357,2,0,0.22808069,113.25,223.0
595,23.82,297.78461061,702.82362265,2,0,0.22979532,113.25,223.0
596,23.86,298.32900817,704.21553243,2,0,0.2314545,113.25,223.0
597,23.9,298.8753673,705.60722687,2,0,0.23265772,112.25,219.0
598,23.94,299.42332961,706.99893028,2,0,0.23367728,108.25,211.0
599,23.98,299.9726391,708.39719682,2,0,0.23472722,108.25,211.0
600,24.02,300.5246377,709.82616048,2,0,0.23677906,107.75,209.0
601,24.06,301.08088826,711.25512409,2,0,0.23873342,107.75,209.0
602,24.1,301.64014774,712.68407627,2,0,0.24068777,107.25,207.0
603,24.14,302.2025862,714.123597,2,0,0.24203346,107.25,207.0
604,24.18,302.76753403,715.56882655,2,0,0.24324232,103.75,203.0
605,24.22,303.33537625,717.03493414,2,0,0.24465683,103.75,203.0
606,24.26,303.9091327,718.52196377,2,0,0.24704864,103.75,203.0
607,24.3,304.4886543,720.00900141,2,0,0.24922783,102.75,199.0
608,24.34,305.07313715,721.49603962,2,0,0.25140701,102.75,199.0
609,24.38,305.66107756,722.97968204,2,0,0.25289149,102.75,199.0
610,24.42,306.25177202,724.48752756,2,0,0.25424177,98.75,193.0
611,24.46,306.84695922,726.04020823,2,0,0.25683603,98.25,193.0
612,24.5,307.44677264,727.59291539,2,0,0.25928223,98.25,193.0
613,24.54,308.05048408,729.14562245,2,0,0.26172844,97.75,191.0
614,24.58,308.65812153,730.69703595,2,0,0.26401859,97.75,191.0
615,24.62,309.18823705,732.24997212,2,0,0.26542738,97.25,189.0
616,24.66,309.45715974,733.86397864,2,0,0.26818978,92.75,181.0
617,24.7,309.7333071,735.49610959,2,0,0.27118543,92.75,181.0
618,24.74,310.01574288,737.12823666,2,0,0.27395213,92.75,181.0
619,24.78,310.30514797,738.76016827,2,0,0.2767136,91.75,177.0
620,24.82,310.5995074,740.40658625,2,0,0.27864553,91.75,177.0
621,24.86,310.90111417,742.10000125,2,0,0.28202664,91.75,177.0
622,24.9,311.20993807,743.79358014,2,0,0.28510751,87.75,171.0
623,24.94,311.52608405,745.51152397,2,0,0.28863805,87.25,169.0
624,24.98,311.85015057,747.23182038,2,0,0.29185474,86.75,169.0
625,25.02,312.18089303,749.00937313,2,0,0.29516563,86.75,169.0
626,25.06,312.74807325,744.18696634,2,0,0.29890209,86.25,167.0
627,25.1,313.43832065,745.98087554,2,0,0.30245011,81.75,159.0
628,25.14,314.13587268,747.77479677,2,0,0.30599813,81.75,159.0
629,25.18,314.84117727,749.65265237,2,0,0.31088922,81.25,159.0
630,25.22,315.55582975,751.55816213,2,0,0.31571195,81.25,159.0
631,25.26,316.27923313,753.46367857,2,0,0.31984493,80.25,155.0
632,25.3,317.01095736,755.36918617,2,0,0.32397791,80.25,155.0
633,25.34,317.75295508,757.36778726,2,0,0.33017232,75.75,147.0
634,25.38,318.50560598,759.37174485,2,0,0.33556823,75.25,147.0
635,25.42,319.26827373,761.40861657,2,0,0.34108532,74.75,147.0
636,25.46,320.04281825,763.50192195,2,0,0.34690326,74.75,147.0
637,25.5,320.83248824,765.6634166,2,0,0.3554482,74.25,147.0
638,25.54,321.6366412,767.8218997,2,0,0.36185683,73.25,143.0
639,25.58,322.45366393,770.02877248,2,0,0.36795996,68.25,133.0
640,25.62,323.28867861,772.3552102,2,0,0.37824684,67.75,133.0
641,25.66,324.14474223,774.70835201,2,0,0.38872324,66.75,133.0
642,25.7,325.01907436,777.15907403,2,0,0.39747637,66.75,133.0
643,25.74,325.91593272,779.70509141,2,0,0.41032928,66.25,133.0
644,25.78,326.83764534,782.26888388,2,0,0.42199815,65.25,129.0
645,25.82,327.78864158,785.07869032,2,0,0.43881324,59.25,117.0
646,25.86,328.77086325,787.93169733,2,0,0.45474501,58.75,117.0
647,25.9,329.79382975,791.13749723,2,0,0.47846162,57.75,117.0
648,25.94,330.86396373,794.46395764,2,0,0.50120041,57.25,117.0
649,25.98,331.99376249,798.23308067,2,0,0.53609099,56.75,117.0
650,26.02,333.20530476,802.72658271,2,0,0.5820706,55.25,115.0
651,26.06,334.54716285,808.869463,2,0,0.66038728,46.25,97.0
652,26.1,336.15885624,815.68632444,2,0,0.84262169,46.5,97.0
653,26.14,337.76052095,816.73800233,2,0,0.73156163,46.75,97.0
654,26.18,339.27918872,817.78807383,2,0,0.6903491,46.75,97.0
655,26.22,340.71223565,818.85596396,2,0,0.64768865,46.25,95.0
656,26.26,342.04758753,819.96208332,2,0,0.59950583,44.25,94.0
657,26.3,343.27613261,821.065657,2,0,0.54520744,37.25,74.0
658,26.34,344.37521084,822.16461017,2,0,0.4806594,37.25,74.0
659,26.38,345.30815614,823.26052631,2,0,0.39425149,37.25,74.0
660,26.42,345.97362772,824.45182266,2,0,0.24148466,36.75,72.0
661,26.46,346.50220888,825.79690094,2,0,0.22401035,36.75,72.0
662,26.5,347.03678216,827.14091229,2,0,0.22704769,33.5,67.0
663,26.54,347.57565478,828.48301316,2,0,0.2289283,33.5,67.0
664,26.58,348.120126,829.88694904,2,0,0.23198673,33.0,67.0
665,26.62,348.67323724,831.30845888,2,0,0.23601981,33.0,67.0
666,26.66,349.23613064,832.72997196,2,0,0.23976584,32.5,65.0
667,26.7,349.80712985,834.14880743,2,0,0.24249757,32.5,65.0
668,26.74,350.38511611,835.6569727,2,0,0.24674612,28.75,58.0
669,26.78,350.97262136,837.16917592,2,0,0.25122034,28.75,58.0
670,26.82,351.56835696,838.68139484,2,0,0.25562318,28.25,58.0
671,26.86,352.17314059,840.240939,2,0,0.2596971,28.25,58.0
672,26.9,352.78850416,841.86233978,2,0,0.26559692,27.75,56.0
673,26.94,353.41493172,843.4837402,2,0,0.27084635,27.75,56.0
674,26.98,354.05158339,845.13713208,2,0,0.27627697,24.0,49.0
675,27.02,354.70039515,846.89293809,2,0,0.28410638,23.5,49.0
676,27.06,355.36011259,848.6482371,2,0,0.29047244,23.5,49.0
677,27.1,356.03199149,850.46133935,2,0,0.29730722,23.0,49.0
678,27.14,356.72275731,852.38673014,2,0,0.30842021,22.5,49.0
679,27.18,357.43142621,854.30991278,2,0,0.31644545,22.0,47.0
680,27.22,358.1594978,856.39933346,2,0,0.32735483,17.75,38.0
681,27.26,358.91480691,858.54191148,2,0,0.34126711,17.25,38.0
682,27.3,359.69555281,860.82605242,2,0,0.35378348,16.75,38.0
683,27.34,360.50840691,863.25793278,2,0,0.37232112,16.25,38.0
684,27.38,361.35923698,865.91456405,2,0,0.39202401,15.75,38.0
685,27.42,362.25938801,868.75227931,2,0,0.41797879,15.25,38.0
686,27.46,363.21903349,872.15771037,2,0,0.45302825,9.0,28.0
687,27.5,364.18642159,876.09063377,2,0,0.45386103,8.0,28.0
688,27.54,365.26153062,881.67560571,2,0,0.53567504,6.5,27.0
689,27.58,366.61817625,887.84592012,2,0,0.72590519,9.5,28.0
690,27.62,367.95371873,888.02768615,2,0,0.60352103,9.5,28.0
691,27.66,369.20012447,888.20929129,2,0,0.55995396,0.0,0.0
692,27.7,370.35199268,888.38832617,2,0,0.51113709,0.0,0.0
693,27.74,371.39796167,888.56662409,2,0,0.45918904,0.0,0.0
694,27.78,372.32093916,888.74249658,2,0,0.39718939,0.0,0.0
695,27.82,373.10138191,888.91631441,2,0,0.32504415,0.0,0.0
696,27.86,373.70010531,889.0876102,2,0,0.23132831,0.0,0.0
697,27.9,373.98849779,889.25423744,2,0,0.04669724,0.0,0.0
698,27.94,374.05350119,889.41729165,2,0,0.0,0.0,0.0
699,27.98,374.11799509,889.58035873,2,0,0.0,0.0,0.0
700,28.02,374.18210595,889.74344371,2,0,0.0,0.0,0.0
701,28.06,374.24660514,889.90653592,2,0,0.0,0.0,0.0
702,28.1,374.31194362,890.06963203,2,0,0.0,0.0,0.0
703,28.14,374.37820003,890.23273865,2,0,0.0,0.0,0.0
704,28.18,374.44617225,890.3958475,2,0,0.0,0.0,0.0
705,28.22,374.51444932,890.55894665,2,0,0.0,0.0,0.0
706,28.26,374.5822012,890.72203188,2,0,0.0,0.0,0.0
707,28.3,374.65067579,890.88512321,2,0,0.0,0.0,0.0
708,28.34,374.72013873,891.04821711,2,0,0.0,0.0,0.0
709,28.38,374.7898882,891.21132669,2,0,0.0,0.0,0.0
710,28.42,374.85800935,891.3744569,2,0,0.0,0.0,0.0
711,28.46,374.92305759,891.53762293,2,0,0.0,0.0,0.0
712,28.5,374.98616067,891.70082189,2,0,0.0,0.0,0.0
713,28.54,375.0503438,891.86404152,2,0,0.0,0.0,0.0
714,28.58,375.11193268,892.02724386,2,0,0.0,0.0,0.0
715,28.62,375.17276888,892.19045714,2,0,0.0,0.0,0.0
716,28.66,375.23361342,892.35367858,2,0,0.0,0.0,0.0
717,28.7,375.29385348,892.51693075,2,0,0.0,0.0,0.0
718,28.74,375.35376686,892.68019592,2,0,0.0,0.0,0.0
719,28.78,375.41320434,892.84346767,2,0,0.0,0.0,0.0
720,28.82,375.47294402,893.00674238,2,0,0.0,0.0,0.0
721,28.86,375.53268099,893.17000212,2,0,0.0,0.0,0.0
722,28.9,375.59317521,893.33325503,2,0,0.0,0.0,0.0
723,28.94,375.65420933,893.49651119,2,0,0.0,0.0,0.0
724,28.98,375.71678986,893.65976343,2,0,0.0,0.0,0.0
725,29.02,375.78063931,893.82298238,2,0,0.0,0.0,0.0
726,29.06,375.84480561,893.98616975,2,0,0.0,0.0,0.0
727,29.1,375.90913582,894.14934048,2,0,0.0,0.0,0.0
728,29.14,375.97339025,894.31248066,2,0,0.0,0.0,0.0
729,29.18,376.03680969,894.47562245,2,0,0.0,0.0,0.0
730,29.22,376.10063048,894.63875738,2,0,0.0,0.0,0.0
731,29.26,376.16358424,894.80189519,2,0,0.0,0.0,0.0
732,29.3,376.22640231,894.96506515,2,0,0.0,0.0,0.0
733,29.34,376.28929025,895.12822455,2,0,0.0,0.0,0.0
734,29.38,376.35211169,895.29137181,2,0,0.0,0.0,0.0
735,29.42,376.41422186,895.454518,2,0,0.0,0.0,0.0
736,29.46,376.47731959,895.61767648,2,0,0.0,0.0,0.0
737,29.5,376.54112747,895.78084243,2,0,0.0,0.0,0.0
738,29.54,376.60563191,895.94401307,2,0,0.0,0.0,0.0
739,29.58,376.67086497,896.10719789,2,0,0.0,0.0,0.0
740,29.62,376.73706681,896.27040054,2,0,0.0,0.0,0.0
741,29.66,376.80392215,896.43359888,2,0,0.0,0.0,0.0
742,29.7,376.87258649,896.5968064,2,0,0.0,0.0,0.0
743,29.74,376.94264537,896.7600173,2,0,0.0,0.0,0.0
744,29.78,377.01181317,896.92324653,2,0,0.0,0.0,0.0
745,29.82,377.08047051,897.08647383,2,0,0.0,0.0,0.0
746,29.86,377.14890905,897.24973141,2,0,0.0,0.0,0.0
747,29.9,377.2165048,897.41300989,2,0,0.0,0.0,0.0
748,29.94,377.28334984,897.5762938,2,0,0.0,0.0,0.0
749,29.98,377.34875073,897.73958007,2,0,0.0,0.0,0.0
750,30.02,377.41307963,897.90287335,2,0,0.0,0.0,0.0
751,30.06,377.47655933,898.06617479,2,0,0.0,0.0,0.0
752,30.1,377.53921089,898.22946311,2,0,0.0,0.0,0.0
753,30.14,377.60164615,898.39276795,2,0,0.0,0.0,0.0
754,30.18,377.66344959,898.55607531,2,0,0.0,0.0,0.0
755,30.22,377.72516325,898.71936648,2,0,0.0,0.0,0.0
756,30.26,377.7866184,898.88266445,2,0,0.0,0.0,0.0
757,30.3,377.84754262,899.04596368,2,0,0.0,0.0,0.0
758,30.34,377.90850082,899.20928433,2,0,0.0,0.0,0.0
759,30.38,377.96993225,899.37261501,2,0,0.0,0.0,0.0
760,30.42,378.03115347,899.5359437,2,0,0.0,0.0,0.0
761,30.46,378.09130744,899.69928716,2,0,0.0,0.0,0.0
762,30.5,378.15149952,899.86262777,2,0,0.0,0.0,0.0
763,30.54,378.21400993,900.02596836,2,0,0.0,0.0,0.0
764,30.58,378.27790357,900.18931874,2,0,0.0,0.0,0.0
765,30.62,378.34145163,900.35266098,2,0,0.0,0.0,0.0
766,30.66,378.40432645,900.51600881,2,0,0.0,0.0,0.0
767,30.7,378.46681768,900.67938492,2,0,0.0,0.0,0.0
768,30.74,378.52950938,900.84276397,2,0,0.0,0.0,0.0
769,30.78,378.59323566,901.00613079,2,0,0.0,0.0,0.0
770,30.82,378.65740945,901.16949833,2,0,0.0,0.0,0.0
771,30.86,378.7223926,901.33284842,2,0,0.0,0.0,0.0
772,30.9,378.78831591,901.49620795,2,0,0.0,0.0,0.0
773,30.94,378.85534514,901.65956363,2,0,0.0,0.0,0.0
774,30.98,378.92335359,901.8229348,2,0,0.0,0.0,0.0
775,31.02,378.99292852,901.98632085,2,0,0.0,0.0,0.0
776,31.06,379.06328501,902.14970685,2,0,0.0,0.0,0.0
777,31.1,379.13445226,902.31310301,2,0,0.0,0.0,0.0
778,31.14,379.20574074,902.47649148,2,0,0.0,0.0,0.0
779,31.18,379.27610988,902.63986628,2,0,0.0,0.0,0.0
780,31.22,379.34622413,902.80324417,2,0,0.0,0.0,0.0
781,31.26,379.41412189,902.96662037,2,0,0.0,0.0,0.0
782,31.3,379.47973556,903.13001205,2,0,0.0,0.0,0.0
783,31.34,379.54306783,903.29342077,2,0,0.0,0.0,0.0
784,31.38,379.60526815,903.45681711,2,0,0.0,0.0,0.0
785,31.42,379.66699349,903.62022914,2,0,0.0,0.0,0.0
786,31.46,379.72819759,903.78365427,2,0,0.0,0.0,0.0
787,31.5,379.78973612,903.9470934,2,0,0.0,0.0,0.0
788,31.54,379.84986543,904.11053823,2,0,0.0,0.0,0.0
789,31.58,379.90890571,904.27400422,2,0,0.0,0.0,0.0
790,31.62,379.96747069,904.43747444,2,0,0.0,0.0,0.0
791,31.66,380.02552073,904.60093766,2,0,0.0,0.0,0.0
792,31.7,380.08268664,904.76438399,2,0,0.0,0.0,0.0
793,31.74,380.14011488,904.92785265,2,0,0.0,0.0,0.0
794,31.78,380.19673268,905.09134036,2,0,0.0,0.0,0.0
795,31.82,380.25265109,905.25481224,2,0,0.0,0.0,0.0
796,31.86,380.30817107,905.41826967,2,0,0.0,0.0,0.0
797,31.9,380.36428526,905.58172096,2,0,0.0,0.0,0.0
798,31.94,380.42123782,905.745155,2,0,0.0,0.0,0.0
799,31.98,380.48013237,905.90857703,2,0,0.0,0.0,0.0
800,32.02,380.54068517,906.07197866,2,0,0.0,0.0,0.0
801,32.06,380.60362176,906.23538639,2,0,0.0,0.0,0.0
802,32.1,380.66783583,906.39879417,2,0,0.0,0.0,0.0
803,32.14,380.73273908,906.56220418,2,0,0.0,0.0,0.0
804,32.18,380.79748633,906.72560135,2,0,0.0,0.0,0.0
805,32.22,380.8617281,906.88899917,2,0,0.0,0.0,0.0
806,32.26,380.92646002,907.05239935,2,0,0.0,0.0,0.0
807,32.3,380.99159059,907.21581093,2,0,0.0,0.0,0.0
808,32.34,381.05639824,907.37922675,2,0,0.0,0.0,0.0
809,32.38,381.12147804,907.54264349,2,0,0.0,0.0,0.0
810,32.42,381.1871091,907.70606156,2,0,0.0,0.0,0.0
811,32.46,381.25304422,907.86947136,2,0,0.0,0.0,0.0
812,32.5,381.31740035,908.03289365,2,0,0.0,0.0,0.0
813,32.54,381.38141285,908.1963407,2,0,0.0,0.0,0.0
814,32.58,381.44653719,908.3598103,2,0,0.0,0.0,0.0
815,32.62,381.51264086,908.52327183,2,0,0.0,0.0,0.0
816,32.66,381.57933091,908.68673625,2,0,0.0,0.0,0.0
817,32.7,381.64689813,908.85021854,2,0,0.0,0.0,0.0
818,32.74,381.71506969,909.01370326,2,0,0.0,0.0,0.0
819,32.78,381.7822598,909.17719015,2,0,0.0,0.0,0.0
820,32.82,381.84854138,909.34067442,2,0,0.0,0.0,0.0
821,32.86,381.91459145,909.50416291,2,0,0.0,0.0,0.0
822,32.9,381.98070683,909.66766853,2,0,0.0,0.0,0.0
823,32.94,382.04537779,909.83119852,2,0,0.0,0.0,0.0
824,32.98,382.10980132,909.99475769,2,0,0.0,0.0,0.0
825,33.02,382.17446245,910.15831931,2,0,0.0,0.0,0.0
826,33.06,382.23937094,910.32187403,2,0,0.0,0.0,0.0
827,33.1,382.30267257,910.48544139,2,0,0.0,0.0,0.0
828,33.14,382.36428422,910.64902307,2,0,0.0,0.0,0.0
829,33.18,382.42453392,910.81261332,2,0,0.0,0.0,0.0
830,33.22,382.48404579,910.97619706,2,0,0.0,0.0,0.0
831,33.26,382.54411189,911.13978532,2,0,0.0,0.0,0.0
832,33.3,382.60339699,911.30338579,2,0,0.0,0.0,0.0
833,33.34,382.66226079,911.46697263,2,0,0.0,0.0,0.0
834,33.38,382.72188608,911.63054719,2,0,0.0,0.0,0.0
835,33.42,382.78162492,911.79413736,2,0,0.0,0.0,0.0
836,33.46,382.84165149,911.9577343,2,0,0.0,0.0,0.0
837,33.5,382.9017787,912.12134792,2,0,0.0,0.0,0.0
838,33.54,382.9639609,912.28495781,2,0,0.0,0.0,0.0
839,33.58,383.02839743,912.44856961,2,0,0.0,0.0,0.0
840,33.62,383.09347535,912.61217076,2,0,0.0,0.0,0.0
841,33.66,383.15943127,912.77575786,2,0,0.0,0.0,0.0
842,33.7,383.22572519,912.93934491,2,0,0.0,0.0,0.0
843,33.74,383.292375,913.10292257,2,0,0.0,0.0,0.0
844,33.78,383.35915855,913.26651287,2,0,0.0,0.0,0.0
845,33.82,383.42600075,913.4301219,2,0,0.0,0.0,0.0
846,33.86,383.49213312,913.59373368,2,0,0.0,0.0,0.0
847,33.9,383.55646522,913.75733519,2,0,0.0,0.0,0.0
848,33.94,383.6186429,913.92093172,2,0,0.0,0.0,0.0
849,33.98,383.68091719,914.08452224,2,0,0.0,0.0,0.0
850,34.02,383.74426312,914.24812205,2,0,0.0,0.0,0.0
851,34.06,383.80782583,914.41172221,2,0,0.0,0.0,0.0
852,34.1,383.87039757,914.57533091,2,0,0.0,0.0,0.0
853,34.14,383.93205283,914.73894798,2,0,0.0,0.0,0.0
854,34.18,383.99259537,914.90256922,2,0,0.0,0.0,0.0
855,34.22,384.05236488,915.06619964,2,0,0.0,0.0,0.0
856,34.26,384.11249733,915.22984291,2,0,0.0,0.0,0.0
857,34.3,384.1739947,915.39349936,2,0,0.0,0.0,0.0
858,34.34,384.23562889,915.55715636,2,0,0.0,0.0,0.0
859,34.38,384.29843904,915.72078869,2,0,0.0,0.0,0.0
860,34.42,384.36179536,915.88442356,2,0,0.0,0.0,0.0
861,34.46,384.42616415,916.04806208,2,0,0.0,0.0,0.0
862,34.5,384.49121235,916.21169069,2,0,0.0,0.0,0.0
863,34.54,384.5568682,916.37531903,2,0,0.0,0.0,0.0
864,34.58,384.62108978,916.53895713,2,0,0.0,0.0,0.0
865,34.62,384.6835454,916.70260198,2,0,0.0,0.0,0.0
866,34.66,384.74426087,916.86626296,2,0,0.0,0.0,0.0
867,34.7,384.80385256,917.02991359,2,0,0.0,0.0,0.0
868,34.74,384.86419246,917.19356325,2,0,0.0,0.0,0.0
869,34.78,384.92574228,917.35722593,2,0,0.0,0.0,0.0
870,34.82,384.98887316,917.52089986,2,0,0.0,0.0,0.0
871,34.86,385.05274303,917.68457301,2,0,0.0,0.0,0.0
872,34.9,385.11652777,917.84824364,2,0,0.0,0.0,0.0
873,34.94,385.18081303,918.01190886,2,0,0.0,0.0,0.0
874,34.98,385.24569196,918.17557203,2,0,0.0,0.0,0.0
875,35.02,385.31105567,918.33924386,2,0,0.0,0.0,0.0
876,35.06,385.3761086,918.50293423,2,0,0.0,0.0,0.0
877,35.1,385.44172302,918.6666404,2,0,0.0,0.0,0.0
878,35.14,385.50779824,918.83033286,2,0,0.0,0.0,0.0
879,35.18,385.57377102,918.99402006,2,0,0.0,0.0,0.0
880,35.22,385.63954458,919.15770289,2,0,0.0,0.0,0.0
881,35.26,385.70639813,919.32138411,2,0,0.0,0.0,0.0
882,35.3,385.77435559,919.48506479,2,0,0.0,0.0,0.0
883,35.34,385.8431483,919.64876045,2,0,0.0,0.0,0.0
884,35.38,385.91272368,919.81245331,2,0,0.0,0.0,0.0
885,35.42,385.98174536,919.97615183,2,0,0.0,0.0,0.0
886,35.46,386.04948346,920.13986805,2,0,0.0,0.0,0.0
887,35.5,386.11576419,920.30358867,2,0,0.0,0.0,0.0
888,35.54,386.18038625,920.46731344,2,0,0.0,0.0,0.0
889,35.58,386.24367796,920.63104174,2,0,0.0,0.0,0.0
890,35.62,386.3051906,920.79477149,2,0,0.0,0.0,0.0
891,35.66,386.36600349,920.95851195,2,0,0.0,0.0,0.0
892,35.7,386.42648821,921.12225617,2,0,0.0,0.0,0.0
893,35.74,386.48760742,921.28599656,2,0,0.0,0.0,0.0
894,35.78,386.54992851,921.44975226,2,0,0.0,0.0,0.0
895,35.82,386.61277709,921.61352072,2,0,0.0,0.0,0.0
896,35.86,386.67463403,921.77731055,2,0,0.0,0.0,0.0
897,35.9,386.73631824,921.94109709,2,0,0.0,0.0,0.0
898,35.94,386.79776318,922.10487256,2,0,0.0,0.0,0.0
899,35.98,386.85878204,922.26865118,2,0,0.0,0.0,0.0
900,36.02,386.91990111,922.43242987,2,0,0.0,0.0,0.0
901,36.06,386.98139327,922.59622479,2,0,0.0,0.0,0.0
902,36.1,387.04395652,922.76003492,2,0,0.0,0.0,0.0
903,36.14,387.10772152,922.92386685,2,0,0.0,0.0,0.0
904,36.18,387.17118397,923.08770093,2,0,0.0,0.0,0.0
905,36.22,387.23411302,923.25153848,2,0,0.0,0.0,0.0
906,36.26,387.29775499,923.4153929,2,0,0.0,0.0,0.0
907,36.3,387.36332467,923.57925146,2,0,0.0,0.0,0.0
908,36.34,387.43094638,923.74310244,2,0,0.0,0.0,0.0
909,36.38,387.50000186,923.90694956,2,0,0.0,0.0,0.0
910,36.42,387.56980781,924.07080081,2,0,0.0,0.0,0.0
911,36.46,387.63892682,924.23467617,2,0,0.0,0.0,0.0
912,36.5,387.70745634,924.39855086,2,0,0.0,0.0,0.0
913,36.54,387.77434012,924.56242713,2,0,0.0,0.0,0.0
914,36.58,387.83961801,924.72629097,2,0,0.0,0.0,0.0
915,36.62,387.90324146,924.89015015,2,0,0.0,0.0,0.0
916,36.66,387.96680121,925.05401563,2,0,0.0,0.0,0.0
917,36.7,388.03022593,925.21790321,2,0,0.0,0.0,0.0
918,36.74,388.09365347,925.38178677,2,0,0.0,0.0,0.0
919,36.78,388.15719552,925.54566666,2,0,0.0,0.0,0.0
920,36.82,388.22124455,925.70956024,2,0,0.0,0.0,0.0
921,36.86,388.28548346,925.87343782,2,0,0.0,0.0,0.0
922,36.9,388.34977184,926.03729589,2,0,0.0,0.0,0.0
923,36.94,388.4141773,926.20113746,2,0,0.0,0.0,0.0
924,36.98,388.47840891,926.36497798,2,0,0.0,0.0,0.0
925,37.02,388.54230274,926.52880628,2,0,0.0,0.0,0.0
926,37.06,388.60518726,926.69263278,2,0,0.0,0.0,0.0
927,37.1,388.66811079,926.85647179,2,0,0.0,0.0,0.0
928,37.14,388.73190331,927.02030799,2,0,0.0,0.0,0.0
929,37.18,388.79524684,927.18414192,2,0,0.0,0.0,0.0
930,37.22,388.85834404,927.3479758,2,0,0.0,0.0,0.0
931,37.26,388.92115753,927.51181264,2,0,0.0,0.0,0.0
932,37.3,388.98408039,927.67564665,2,0,0.0,0.0,0.0
933,37.34,389.04630344,927.83949314,2,0,0.0,0.0,0.0
934,37.38,389.1090445,928.00334369,2,0,0.0,0.0,0.0
935,37.42,389.17173014,928.16718515,2,0,0.0,0.0,0.0
936,37.46,389.23455533,928.33104677,2,0,0.0,0.0,0.0
937,37.5,389.29749899,928.4949148,2,0,0.0,0.0,0.0
938,37.54,389.36080722,928.65880065,2,0,0.0,0.0,0.0
939,37.58,389.42320821,928.82268265,2,0,0.0,0.0,0.0
940,37.62,389.48433683,928.98656836,2,0,0.0,0.0,0.0
941,37.66,389.54605306,929.15047135,2,0,0.0,0.0,0.0
942,37.7,389.60854774,929.3143658,2,0,0.0,0.0,0.0
943,37.74,389.67003511,929.47826335,2,0,0.0,0.0,0.0
944,37.78,389.73163805,929.64217728,2,0,0.0,0.0,0.0
945,37.82,389.79419307,929.80607502,2,0,0.0,0.0,0.0
946,37.86,389.85737732,929.96997037,2,0,0.0,0.0,0.0
947,37.9,389.92170932,930.13386983,2,0,0.0,0.0,0.0
948,37.94,389.98909343,930.29780621,2,0,0.0,0.0,0.0
949,37.98,390.06532936,930.47812986,2,0,0.0,0.0,0.0
950,38.02,390.14327155,930.66122625,2,0,0.0,0.0,0.0
951,38.06,390.22229157,930.84433067,2,0,0.0,0.0,0.0
952,38.1,390.3014888,931.02742223,2,0,0.0,0.0,0.0
953,38.14,390.37870845,931.21052902,2,0,0.0,0.0,0.0
954,38.18,390.45407508,931.39362817,2,0,0.0,0.0,0.0
955,38.22,390.52856608,931.57673074,2,0,0.0,0.0,0.0
956,38.26,390.60306003,931.75985552,2,0,0.0,0.0,0.0
957,38.3,390.67633791,931.94298295,2,0,0.0,0.0,0.0
958,38.34,390.747529,932.12610066,2,0,0.0,0.0,0.0
959,38.38,390.81672383,932.3092291,2,0,0.0,0.0,0.0
960,38.42,390.88481984,932.49235762,2,0,0.0,0.0,0.0
961,38.46,390.95333534,932.6754705,2,0,0.0,0.0,0.0
962,38.5,391.02222289,932.85857943,2,0,0.0,0.0,0.0
963,38.54,391.09219743,933.04169344,2,0,0.0,0.0,0.0
964,38.58,391.16284806,933.22481814,2,0,0.0,0.0,0.0
965,38.62,391.23338184,933.40795,2,0,0.0,0.0,0.0
966,38.66,391.30399718,933.5910655,2,0,0.0,0.0,0.0
967,38.7,391.37428796,933.77416883,2,0,0.0,0.0,0.0
968,38.74,391.44546662,933.95726505,2,0,0.0,0.0,0.0
969,38.78,391.51881054,934.14036389,2,0,0.0,0.0,0.0
970,38.82,391.59370387,934.3234809,2,0,0.0,0.0,0.0
971,38.86,391.66953623,934.50660211,2,0,0.0,0.0,0.0
972,38.9,391.74545778,934.68973112,2,0,0.0,0.0,0.0
973,38.94,391.82109993,934.87288082,2,0,0.0,0.0,0.0
974,38.98,391.89632479,935.05604548,2,0,0.0,0.0,0.0
975,39.02,391.97122948,935.23921252,2,0,0.0,0.0,0.0
976,39.06,392.04672955,935.4223868,2,0,0.0,0.0,0.0
977,39.1,392.12279157,935.6055745,2,0,0.0,0.0,0.0
978,39.14,392.19945499,935.78874824,2,0,0.0,0.0,0.0
979,39.18,392.27729087,935.97192506,2,0,0.0,0.0,0.0
980,39.22,392.35547438,936.15509637,2,0,0.0,0.0,0.0
981,39.26,392.43348656,936.33824991,2,0,0.0,0.0,0.0
982,39.3,392.51044271,936.5214088,2,0,0.0,0.0,0.0
983,39.34,392.58659793,936.70456821,2,0,0.0,0.0,0.0
984,39.38,392.66227938,936.88771595,2,0,0.0,0.0,0.0
985,39.42,392.73798621,937.07088439,2,0,0.0,0.0,0.0
986,39.46,392.81316519,937.25405172,2,0,0.0,0.0,0.0
987,39.5,392.88784879,937.43724339,2,0,0.0,0.0,0.0
988,39.54,392.96016928,937.62045248,2,0,0.0,0.0,0.0
989,39.58,393.03330231,937.80367174,2,0,0.0,0.0,0.0
990,39.62,393.10789401,937.98690206,2,0,0.0,0.0,0.0
991,39.66,393.18434106,938.1701491,2,0,0.0,0.0,0.0
992,39.7,393.26162949,938.35340104,2,0,0.0,0.0,0.0
993,39.74,393.33944031,938.53666319,2,0,0.0,0.0,0.0
994,39.78,393.41753244,938.71994555,2,0,0.0,0.0,0.0
995,39.82,393.49451654,938.90322067,2,0,0.0,0.0,0.0
996,39.86,393.57014223,939.08649199,2,0,0.0,0.0,0.0
997,39.9,393.64402901,939.2697727,2,0,0.0,0.0,0.0
998,39.94,393.71665975,939.45307489,2,0,0.0,0.0,0.0
999,39.98,393.78854152,939.63635814,2,0,0.0,0.0,0.0
1000,40.02,393.85965022,939.81959884,2,0,0.0,0.0,0.0
1001,40.06,393.93020896,940.00282521,2,0,0.0,0.0,0.0
1002,40.1,393.99962416,940.18604008,2,0,0.0,0.0,0.0
1003,40.14,394.06831668,940.36926701,2,0,0.0,0.0,0.0
1004,40.18,394.13629202,940.55248013,2,0,0.0,0.0,0.0
1005,40.22,394.20371627,940.73569403,2,0,0.0,0.0,0.0
1006,40.26,394.27215484,940.91892258,2,0,0.0,0.0,0.0
1007,40.3,394.34287615,941.10216926,2,0,0.0,0.0,0.0
1008,40.34,394.41596139,941.28542473,2,0,0.0,0.0,0.0
1009,40.38,394.49006662,941.46869244,2,0,0.0,0.0,0.0
1010,40.42,394.56526063,941.65195801,2,0,0.0,0.0,0.0
1011,40.46,394.64102344,941.83521778,2,0,0.0,0.0,0.0
1012,40.5,394.71621541,942.01847906,2,0,0.0,0.0,0.0
1013,40.54,394.79069658,942.20175509,2,0,0.0,0.0,0.0
1014,40.58,394.86345417,942.38502898,2,0,0.0,0.0,0.0
1015,40.62,394.93555816,942.56831726,2,0,0.0,0.0,0.0
1016,40.66,395.0084227,942.75159832,2,0,0.0,0.0,0.0
1017,40.7,395.08227158,942.93486523,2,0,0.0,0.0,0.0
1018,40.74,395.15773301,943.11814581,2,0,0.0,0.0,0.0
1019,40.78,395.23325904,943.30144353,2,0,0.0,0.0,0.0
1020,40.82,395.30825093,943.48474387,2,0,0.0,0.0,0.0
1021,40.86,395.38178796,943.66803277,2,0,0.0,0.0,0.0
1022,40.9,395.45457484,943.85131928,2,0,0.0,0.0,0.0
1023,40.94,395.52720864,944.0346103,2,0,0.0,0.0,0.0
1024,40.98,395.60021158,944.21791166,2,0,0.0,0.0,0.0
1025,41.02,395.67340118,944.40121149,2,0,0.0,0.0,0.0
1026,41.06,395.74594129,944.58451314,2,0,0.0,0.0,0.0
1027,41.1,395.81798881,944.76781425,2,0,0.0,0.0,0.0
1028,41.14,395.88967928,944.95108677,2,0,0.0,0.0,0.0
1029,41.18,395.96171934,945.13436986,2,0,0.0,0.0,0.0
1030,41.22,396.03283615,945.31765375,2,0,0.0,0.0,0.0
1031,41.26,396.10382001,945.50094326,2,0,0.0,0.0,0.0
1032,41.3,396.17498751,945.68426973,2,0,0.0,0.0,0.0
1033,41.34,396.24640011,945.86760908,2,0,0.0,0.0,0.0
1034,41.38,396.31810292,946.05094489,2,0,0.0,0.0,0.0
1035,41.42,396.39081423,946.23426223,2,0,0.0,0.0,0.0
1036,41.46,396.46536339,946.41756354,2,0,0.0,0.0,0.0
1037,41.5,396.54184625,946.60086357,2,0,0.0,0.0,0.0
1038,41.54,396.61921466,946.78417247,2,0,0.0,0.0,0.0
1039,41.58,396.69755741,946.96748982,2,0,0.0,0.0,0.0
1040,41.62,396.77586744,947.15083153,2,0,0.0,0.0,0.0
1041,41.66,396.85425271,947.33418049,2,0,0.0,0.0,0.0
1042,41.7,396.93361768,947.51752119,2,0,0.0,0.0,0.0
1043,41.74,397.01327147,947.70084922,2,0,0.0,0.0,0.0
1044,41.78,397.0927408,947.88418496,2,0,0.0,0.0,0.0
1045,41.82,397.16889629,948.06757492,2,0,0.0,0.0,0.0
1046,41.86,397.24338662,948.25099242,2,0,0.0,0.0,0.0
1047,41.9,397.31550148,948.4344196,2,0,0.0,0.0,0.0
1048,41.94,397.38458387,948.61784427,2,0,0.0,0.0,0.0
1049,41.98,397.45261309,948.80127793,2,0,0.0,0.0,0.0
1050,42.02,397.5193893,948.98472646,2,0,0.0,0.0,0.0
1051,42.06,397.58584099,949.16818554,2,0,0.0,0.0,0.0
1052,42.1,397.65155523,949.35166017,2,0,0.0,0.0,0.0
1053,42.14,397.71728381,949.53514304,2,0,0.0,0.0,0.0
1054,42.18,397.78452799,949.71863093,2,0,0.0,0.0,0.0
1055,42.22,397.85475915,949.90211716,2,0,0.0,0.0,0.0
1056,42.26,397.92690004,950.08560185,2,0,0.0,0.0,0.0
1057,42.3,398.00011583,950.26908668,2,0,0.0,0.0,0.0
1058,42.34,398.07485928,950.45255587,2,0,0.0,0.0,0.0
1059,42.38,398.15072805,950.63600729,2,0,0.0,0.0,0.0
1060,42.42,398.2269446,950.81945775,2,0,0.0,0.0,0.0
1061,42.46,398.30175418,951.00291458,2,0,0.0,0.0,0.0
1062,42.5,398.37610409,951.18637191,2,0,0.0,0.0,0.0
1063,42.54,398.45106701,951.36983009,2,0,0.0,0.0,0.0
1064,42.58,398.52609001,951.55326507,2,0,0.0,0.0,0.0
1065,42.62,398.60151515,951.73669948,2,0,0.0,0.0,0.0
1066,42.66,398.67672526,951.9201354,2,0,0.0,0.0,0.0
1067,42.7,398.7506827,952.10356933,2,0,0.0,0.0,0.0
1068,42.74,398.82444398,952.28699127,2,0,0.0,0.0,0.0
1069,42.78,398.89869058,952.47041619,2,0,0.0,0.0,0.0
1070,42.82,398.9719649,952.65385657,2,0,0.0,0.0,0.0
1071,42.86,399.04470144,952.83730565,2,0,0.0,0.0,0.0
1072,42.9,399.11690395,953.02075938,2,0,0.0,0.0,0.0
1073,42.94,399.18845412,953.20420622,2,0,0.0,0.0,0.0
1074,42.98,399.25831089,953.38766048,2,0,0.0,0.0,0.0
1075,43.02,399.32928838,953.57111628,2,0,0.0,0.0,0.0
1076,43.06,399.40159289,953.75458607,2,0,0.0,0.0,0.0
1077,43.1,399.47341355,953.93806369,2,0,0.0,0.0,0.0
1078,43.14,399.5445692,954.12154356,2,0,0.0,0.0,0.0
1079,43.18,399.61599096,954.30503589,2,0,0.0,0.0,0.0
1080,43.22,399.68846985,954.48854135,2,0,0.0,0.0,0.0
1081,43.26,399.76287154,954.67206128,2,0,0.0,0.0,0.0
1082,43.3,399.83797277,954.85559403,2,0,0.0,0.0,0.0
1083,43.34,399.91363944,955.03912467,2,0,0.0,0.0,0.0
1084,43.38,399.99039608,955.22264049,2,0,0.0,0.0,0.0
1085,43.42,400.0654756,955.40613008,2,0,0.0,0.0,0.0
1086,43.46,400.13950587,955.58960656,2,0,0.0,0.0,0.0
1087,43.5,400.21283254,955.77306282,2,0,0.0,0.0,0.0
1088,43.54,400.28658177,955.95653509,2,0,0.0,0.0,0.0
1089,43.58,400.36063077,956.14002255,2,0,0.0,0.0,0.0
1090,43.62,400.43520716,956.32349585,2,0,0.0,0.0,0.0
1091,43.66,400.50923345,956.50697275,2,0,0.0,0.0,0.0
1092,43.7,400.58284643,956.69046094,2,0,0.0,0.0,0.0
1093,43.74,400.65705054,956.87395204,2,0,0.0,0.0,0.0
1094,43.78,400.73130331,957.05742669,2,0,0.0,0.0,0.0
1095,43.82,400.80539999,957.24091136,2,0,0.0,0.0,0.0
1096,43.86,400.87994433,957.4243924,2,0,0.0,0.0,0.0
1097,43.9,400.95506753,957.6078766,2,0,0.0,0.0,0.0
1098,43.94,401.029432,957.79138515,2,0,0.0,0.0,0.0
1099,43.98,401.10405663,957.97490085,2,0,0.0,0.0,0.0
1100,44.02,401.17929324,958.15842238,2,0,0.0,0.0,0.0
1101,44.06,401.25385112,958.34193894,2,0,0.0,0.0,0.0
1102,44.1,401.3273288,958.52545875,2,0,0.0,0.0,0.0
1103,44.14,401.40075295,958.70898112,2,0,0.0,0.0,0.0
1104,44.18,401.47439463,958.89249336,2,0,0.0,0.0,0.0
1105,44.22,401.54761149,959.07599348,2,0,0.0,0.0,0.0
1106,44.26,401.61986304,959.25950561,2,0,0.0,0.0,0.0
1107,44.3,401.69166129,959.44303068,2,0,0.0,0.0,0.0
1108,44.34,401.76352385,959.62658041,2,0,0.0,0.0,0.0
1109,44.38,401.8352427,959.81012868,2,0,0.0,0.0,0.0
1110,44.42,401.90721805,959.99367029,2,0,0.0,0.0,0.0
1111,44.46,401.97993146,960.17721589,2,0,0.0,0.0,0.0
1112,44.5,402.05300061,960.36075822,2,0,0.0,0.0,0.0
1113,44.54,402.12560842,960.54429536,2,0,0.0,0.0,0.0
1114,44.58,402.19765041,960.72783822,2,0,0.0,0.0,0.0
1115,44.62,402.26923291,960.91138153,2,0,0.0,0.0,0.0
1116,44.66,402.3416812,961.09492768,2,0,0.0,0.0,0.0
1117,44.7,402.41543473,961.278498,2,0,0.0,0.0,0.0
1118,44.74,402.48880291,961.46209065,2,0,0.0,0.0,0.0
1119,44.78,402.5608625,961.64570933,2,0,0.0,0.0,0.0
1120,44.82,402.63396221,961.8293277,2,0,0.0,0.0,0.0
1121,44.86,402.70713626,962.01294276,2,0,0.0,0.0,0.0
1122,44.9,402.78093214,962.19655446,2,0,0.0,0.0,0.0
1123,44.94,402.85545134,962.38016054,2,0,0.0,0.0,0.0
1124,44.98,402.93013466,962.56378656,2,0,0.0,0.0,0.0
1125,45.02,403.00673252,962.74743074,2,0,0.0,0.0,0.0
1126,45.06,403.0837193,962.93106138,2,0,0.0,0.0,0.0
1127,45.1,403.15998256,963.11468192,2,0,0.0,0.0,0.0
1128,45.14,403.23463423,963.29830573,2,0,0.0,0.0,0.0
1129,45.18,403.30876942,963.48193488,2,0,0.0,0.0,0.0
1130,45.22,403.38286868,963.66556654,2,0,0.0,0.0,0.0
1131,45.26,403.45745718,963.84919866,2,0,0.0,0.0,0.0
1132,45.3,403.53187582,964.03283697,2,0,0.0,0.0,0.0
1133,45.34,403.60628778,964.21647812,2,0,0.0,0.0,0.0
1134,45.38,403.68066985,964.40011785,2,0,0.0,0.0,0.0
1135,45.42,403.75308029,964.58375192,2,0,0.0,0.0,0.0
1136,45.46,403.82490993,964.76738933,2,0,0.0,0.0,0.0
1137,45.5,403.89723714,964.95103005,2,0,0.0,0.0,0.0
1138,45.54,403.96980503,965.13465213,2,0,0.0,0.0,0.0
1139,45.58,404.04272605,965.31827762,2,0,0.0,0.0,0.0
1140,45.62,404.11737204,965.50190924,2,0,0.0,0.0,0.0
1141,45.66,404.19230754,965.68554399,2,0,0.0,0.0,0.0
1142,45.7,404.26559308,965.86919518,2,0,0.0,0.0,0.0
1143,45.74,404.33848595,966.05284411,2,0,0.0,0.0,0.0
1144,45.78,404.40997368,966.23648401,2,0,0.0,0.0,0.0
1145,45.82,404.48078534,966.4201158,2,0,0.0,0.0,0.0
1146,45.86,404.55110423,966.60374353,2,0,0.0,0.0,0.0
1147,45.9,404.6219271,966.78735225,2,0,0.0,0.0,0.0
1148,45.94,404.69349268,966.97096772,2,0,0.0,0.0,0.0
1149,45.98,404.76499368,967.1545764,2,0,0.0,0.0,0.0
1150,46.02,404.83652114,967.33819065,2,0,0.0,0.0,0.0
1151,46.06,404.90890827,967.5218216,2,0,0.0,0.0,0.0
1152,46.1,404.98229738,967.7054587,2,0,0.0,0.0,0.0
1153,46.14,405.0555797,967.88909594,2,0,0.0,0.0,0.0
1154,46.18,405.12834849,968.07273619,2,0,0.0,0.0,0.0
1155,46.22,405.20122679,968.25639072,2,0,0.0,0.0,0.0
1156,46.26,405.2740242,968.44004447,2,0,0.0,0.0,0.0
1157,46.3,405.34795788,968.62370522,2,0,0.0,0.0,0.0
1158,46.34,405.42236064,968.80737161,2,0,0.0,0.0,0.0
1159,46.38,405.49671935,968.99104007,2,0,0.0,0.0,0.0
1160,46.42,405.57063232,969.17471147,2,0,0.0,0.0,0.0
1161,46.46,405.64405118,969.3583796,2,0,0.0,0.0,0.0
1162,46.5,405.7156854,969.54206549,2,0,0.0,0.0,0.0
1163,46.54,405.78761731,969.72575018,2,0,0.0,0.0,0.0
1164,46.58,405.85964226,969.90945242,2,0,0.0,0.0,0.0
1165,46.62,405.93119881,970.09316734,2,0,0.0,0.0,0.0
1166,46.66,406.0018937,970.27690034,2,0,0.0,0.0,0.0
1167,46.7,406.07093573,970.46064574,2,0,0.0,0.0,0.0
1168,46.74,406.13837274,970.64438617,2,0,0.0,0.0,0.0
1169,46.78,406.2048204,970.82812285,2,0,0.0,0.0,0.0
1170,46.82,406.27076984,971.01189186,2,0,0.0,0.0,0.0
1171,46.86,406.33740452,971.19567479,2,0,0.0,0.0,0.0
1172,46.9,406.40593346,971.37947373,2,0,0.0,0.0,0.0
1173,46.94,406.47613194,971.56327076,2,0,0.0,0.0,0.0
1174,46.98,406.54734507,971.74706835,2,0,0.0,0.0,0.0
1175,47.02,406.62055508,971.93089859,2,0,0.0,0.0,0.0
1176,47.06,406.69723401,972.11472693,2,0,0.0,0.0,0.0
1177,47.1,406.7744234,972.29855935,2,0,0.0,0.0,0.0
1178,47.14,406.85133893,972.48239433,2,0,0.0,0.0,0.0
1179,47.18,406.92833024,972.66621772,2,0,0.0,0.0,0.0
1180,47.22,407.00615974,972.85001257,2,0,0.0,0.0,0.0
1181,47.26,407.08463515,973.03377565,2,0,0.0,0.0,0.0
1182,47.3,407.16369599,973.21753757,2,0,0.0,0.0,0.0
1183,47.34,407.24184243,973.40128285,2,0,0.0,0.0,0.0
1184,47.38,407.31863965,973.58502477,2,0,0.0,0.0,0.0
1185,47.42,407.39410158,973.76876143,2,0,0.0,0.0,0.0
1186,47.46,407.46860633,973.95249945,2,0,0.0,0.0,0.0
1187,47.5,407.54163758,974.13623898,2,0,0.0,0.0,0.0
1188,47.54,407.6132931,974.31995845,2,0,0.0,0.0,0.0
1189,47.58,407.68445557,974.50364152,2,0,0.0,0.0,0.0
1190,47.62,407.75551726,974.68732202,2,0,0.0,0.0,0.0
1191,47.66,407.82615395,974.87100629,2,0,0.0,0.0,0.0
1192,47.7,407.89646156,975.05468763,2,0,0.0,0.0,0.0
1193,47.74,407.9667895,975.23840381,2,0,0.0,0.0,0.0
1194,47.78,408.03827229,975.42213672,2,0,0.0,0.0,0.0
1195,47.82,408.11092846,975.60587966,2,0,0.0,0.0,0.0
1196,47.86,408.18371092,975.78963176,2,0,0.0,0.0,0.0
1197,47.9,408.25649271,975.97338345,2,0,0.0,0.0,0.0
1198,47.94,408.32975863,976.15715385,2,0,0.0,0.0,0.0
1199,47.98,408.40311231,976.34094551,2,0,0.0,0.0,0.0
1200,48.02,408.47606462,976.52473729,2,0,0.0,0.0,0.0
1201,48.06,408.54879014,976.70852915,2,0,0.0,0.0,0.0
1202,48.1,408.62083726,976.89234567,2,0,0.0,0.0,0.0
1203,48.14,408.69188623,977.07617802,2,0,0.0,0.0,0.0
1204,48.18,408.76260394,977.26002583,2,0,0.0,0.0,0.0
1205,48.22,408.8335264,977.44386601,2,0,0.0,0.0,0.0
1206,48.26,408.90556948,977.62769979,2,0,0.0,0.0,0.0
1207,48.3,408.97893943,977.81154392,2,0,0.0,0.0,0.0
1208,48.34,409.05287285,977.99538678,2,0,0.0,0.0,0.0
1209,48.38,409.12732268,978.17923301,2,0,0.0,0.0,0.0
1210,48.42,409.20316968,978.36307402,2,0,0.0,0.0,0.0
1211,48.46,409.28095823,978.5469204,2,0,0.0,0.0,0.0
1212,48.5,409.35937827,978.73077388,2,0,0.0,0.0,0.0
1213,48.54,409.43778129,978.91463111,2,0,0.0,0.0,0.0
1214,48.58,409.51655994,979.09849291,2,0,0.0,0.0,0.0
1215,48.62,409.59595127,979.28235344,2,0,0.0,0.0,0.0
1216,48.66,409.67538968,979.46620936,2,0,0.0,0.0,0.0
1217,48.7,409.75493805,979.65006184,2,0,0.0,0.0,0.0
1218,48.74,409.83216371,979.83392192,2,0,0.0,0.0,0.0
1219,48.78,409.90725259,980.01778967,2,0,0.0,0.0,0.0
1220,48.82,409.98138992,980.20166404,2,0,0.0,0.0,0.0
1221,48.86,410.05544258,980.38552194,2,0,0.0,0.0,0.0
1222,48.9,410.12880168,980.56936227,2,0,0.0,0.0,0.0
1223,48.94,410.2004321,980.75321876,2,0,0.0,0.0,0.0
1224,48.98,410.2726501,980.93708156,2,0,0.0,0.0,0.0
1225,49.02,410.34474224,981.12094148,2,0,0.0,0.0,0.0
1226,49.06,410.41751383,981.30480646,2,0,0.0,0.0,0.0
1227,49.1,410.49163767,981.48868957,2,0,0.0,0.0,0.0
1228,49.14,410.56611394,981.67256338,2,0,0.0,0.0,0.0
1229,49.18,410.64078415,981.85643075,2,0,0.0,0.0,0.0
1230,49.22,410.71587197,982.04030377,2,0,0.0,0.0,0.0
1231,49.26,410.7908483,982.224176,2,0,0.0,0.0,0.0
1232,49.3,410.86659295,982.40804522,2,0,0.0,0.0,0.0
1233,49.34,410.94289526,982.59191934,2,0,0.0,0.0,0.0
1234,49.38,411.0192647,982.77579861,2,0,0.0,0.0,0.0
1235,49.42,411.09465343,982.95967735,2,0,0.0,0.0,0.0
1236,49.46,411.16889664,983.14356492,2,0,0.0,0.0,0.0
1237,49.5,411.24192564,983.32744728,2,0,0.0,0.0,0.0
1238,49.54,411.31225609,983.51133094,2,0,0.0,0.0,0.0
1239,49.58,411.3814435,983.69521438,2,0,0.0,0.0,0.0
1240,49.62,411.45040758,983.87908887,2,0,0.0,0.0,0.0
1241,49.66,411.51914434,984.06297244,2,0,0.0,0.0,0.0
1242,49.7,411.58770387,984.24686485,2,0,0.0,0.0,0.0
1243,49.74,411.65684205,984.43074415,2,0,0.0,0.0,0.0
1244,49.78,411.72612406,984.61461265,2,0,0.0,0.0,0.0
1245,49.82,411.79606255,984.79848703,2,0,0.0,0.0,0.0
1246,49.86,411.86638431,984.9823765,2,0,0.0,0.0,0.0
1247,49.9,411.9373631,985.16627444,2,0,0.0,0.0,0.0
1248,49.94,412.00808524,985.35017662,2,0,0.0,0.0,0.0
1249,49.98,412.07903523,985.53408734,2,0,0.0,0.0,0.0
1250,50.02,412.15007898,985.71802473,2,0,0.0,0.0,0.0
1251,50.06,412.22290241,985.90197357,2,0,0.0,0.0,0.0
1252,50.1,412.29650427,986.08591422,2,0,0.0,0.0,0.0
1253,50.14,412.36914861,986.26986867,2,0,0.0,0.0,0.0
1254,50.18,412.44162607,986.45383132,2,0,0.0,0.0,0.0
1255,50.22,412.51650336,986.63780192,2,0,0.0,0.0,0.0
1256,50.26,412.59234922,986.82175687,2,0,0.0,0.0,0.0
1257,50.3,412.66811082,987.00572759,2,0,0.0,0.0,0.0
1258,50.34,412.74299433,987.1897104,2,0,0.0,0.0,0.0
1259,50.38,412.81699932,987.37368803,2,0,0.0,0.0,0.0
1260,50.42,412.88937505,987.55768099,2,0,0.0,0.0,0.0
1261,50.46,412.96024559,987.74166864,2,0,0.0,0.0,0.0
1262,50.5,413.03170158,987.92566069,2,0,0.0,0.0,0.0
1263,50.54,413.10082428,988.10965478,2,0,0.0,0.0,0.0
1264,50.58,413.16882644,988.29362867,2,0,0.0,0.0,0.0
1265,50.62,413.23609594,988.47759134,2,0,0.0,0.0,0.0
1266,50.66,413.30277582,988.66155157,2,0,0.0,0.0,0.0
1267,50.7,413.36961137,988.84551748,2,0,0.0,0.0,0.0
1268,50.74,413.43763068,989.02948121,2,0,0.0,0.0,0.0
1269,50.78,413.50808207,989.21344896,2,0,0.0,0.0,0.0
1270,50.82,413.57971404,989.39742647,2,0,0.0,0.0,0.0
1271,50.86,413.6524583,989.58142005,2,0,0.0,0.0,0.0
1272,50.9,413.72567451,989.76542052,2,0,0.0,0.0,0.0
1273,50.94,413.8007141,989.94941691,2,0,0.0,0.0,0.0
1274,50.98,413.87739263,990.13341227,2,0,0.0,0.0,0.0
1275,51.02,413.95484116,990.31740883,2,0,0.0,0.0,0.0
1276,51.06,414.03214285,990.50139932,2,0,0.0,0.0,0.0
1277,51.1,414.10984194,990.68538862,2,0,0.0,0.0,0.0
1278,51.14,414.1868389,990.86936509,2,0,0.0,0.0,0.0
1279,51.18,414.25963499,991.05334445,2,0,0.0,0.0,0.0
1280,51.22,414.33105297,991.23733957,2,0,0.0,0.0,0.0
1281,51.26,414.40212922,991.42134769,2,0,0.0,0.0,0.0
1282,51.3,414.47286544,991.60536577,2,0,0.0,0.0,0.0
1283,51.34,414.54410769,991.78941924,2,0,0.0,0.0,0.0
1284,51.38,414.61501113,991.97346699,2,0,0.0,0.0,0.0
1285,51.42,414.68564619,992.15749767,2,0,0.0,0.0,0.0
1286,51.46,414.75650655,992.34152915,2,0,0.0,0.0,0.0
1287,51.5,414.82786367,992.52554892,2,0,0.0,0.0,0.0
1288,51.54,414.90062379,992.70958381,2,0,0.0,0.0,0.0
1289,51.58,414.97532432,992.89362084,2,0,0.0,0.0,0.0
1290,51.62,415.05220088,993.077668,2,0,0.0,0.0,0.0
1291,51.66,415.13019243,993.26174733,2,0,0.0,0.0,0.0
1292,51.7,415.20909377,993.44584252,2,0,0.0,0.0,0.0
1293,51.74,415.28888996,993.62994871,2,0,0.0,0.0,0.0
1294,51.78,415.36740373,993.81406259,2,0,0.0,0.0,0.0
1295,51.82,415.44438694,993.99816202,2,0,0.0,0.0,0.0
1296,51.86,415.51797399,994.18227221,2,0,0.0,0.0,0.0
1297,51.9,415.59185801,994.36636922,2,0,0.0,0.0,0.0
1298,51.94,415.6648772,994.55045802,2,0,0.0,0.0,0.0
1299,51.98,415.7375998,994.7345405,2,0,0.0,0.0,0.0
1300,52.02,415.81052212,994.91861152,2,0,0.0,0.0,0.0
1301,52.06,415.88312311,995.10268587,2,0,0.0,0.0,0.0
1302,52.1,415.95429528,995.2867441,2,0,0.0,0.0,0.0
1303,52.14,416.02522827,995.47079256,2,0,0.0,0.0,0.0
1304,52.18,416.09665937,995.65484745,2,0,0.0,0.0,0.0
1305,52.22,416.16901614,995.83889369,2,0,0.0,0.0,0.0
1306,52.26,416.24249838,996.02293266,2,0,0.0,0.0,0.0
1307,52.3,416.31624946,996.2069825,2,0,0.0,0.0,0.0
1308,52.34,416.3894878,996.39102939,2,0,0.0,0.0,0.0
1309,52.38,416.46092972,996.57506727,2,0,0.0,0.0,0.0
1310,52.42,416.53289717,996.75909009,2,0,0.0,0.0,0.0
1311,52.46,416.60657631,996.94311417,2,0,0.0,0.0,0.0
1312,52.5,416.68153442,997.12715544,2,0,0.0,0.0,0.0
1313,52.54,416.75664303,997.31120999,2,0,0.0,0.0,0.0
1314,52.58,416.83196648,997.49527447,2,0,0.0,0.0,0.0
1315,52.62,416.90741975,997.67934525,2,0,0.0,0.0,0.0
1316,52.66,416.98220207,997.86342447,2,0,0.0,0.0,0.0
1317,52.7,417.05644722,998.04753066,2,0,0.0,0.0,0.0
1318,52.74,417.13075014,998.23163565,2,0,0.0,0.0,0.0
1319,52.78,417.20517507,998.41572374,2,0,0.0,0.0,0.0
1320,52.82,417.27961928,998.59981839,2,0,0.0,0.0,0.0
1321,52.86,417.35405587,998.7839261,2,0,0.0,0.0,0.0
1322,52.9,417.42868017,998.96804539,2,0,0.0,0.0,0.0
1323,52.94,417.50156112,999.15216479,2,0,0.0,0.0,0.0
1324,52.98,417.57427115,999.33627908,2,0,0.0,0.0,0.0
1325,53.02,417.64703301,999.52039358,2,0,0.0,0.0,0.0
1326,53.06,417.72038296,999.70451944,2,0,0.0,0.0,0.0
1327,53.1,417.79290362,999.88866062,2,0,0.0,0.0,0.0
1328,53.14,417.86659379,1000.07280427,2,0,0.0,0.0,0.0
1329,53.18,417.94118751,1000.25695645,2,0,0.0,0.0,0.0
1330,53.22,418.01643679,1000.44111906,2,0,0.0,0.0,0.0
1331,53.26,418.09019668,1000.62526874,2,0,0.0,0.0,0.0
1332,53.3,418.16336227,1000.80942295,2,0,0.0,0.0,0.0
1333,53.34,418.2359665,1000.99358033,2,0,0.0,0.0,0.0
1334,53.38,418.30947444,1001.17772909,2,0,0.0,0.0,0.0
1335,53.42,418.38300562,1001.36189138,2,0,0.0,0.0,0.0
1336,53.46,418.45560076,1001.54605276,2,0,0.0,0.0,0.0
1337,53.5,418.52830668,1001.73022645,2,0,0.0,0.0,0.0
1338,53.54,418.60189961,1001.9144084,2,0,0.0,0.0,0.0
1339,53.58,418.67541496,1002.098583,2,0,0.0,0.0,0.0
1340,53.62,418.74862417,1002.28274722,2,0,0.0,0.0,0.0
1341,53.66,418.8223189,1002.46689528,2,0,0.0,0.0,0.0
1342,53.7,418.89536367,1002.65105391,2,0,0.0,0.0,0.0
1343,53.74,418.96790609,1002.83521106,2,0,0.0,0.0,0.0
1344,53.78,419.04090341,1003.01936034,2,0,0.0,0.0,0.0
1345,53.82,419.11424296,1003.20350766,2,0,0.0,0.0,0.0
1346,53.86,419.18574303,1003.38764892,2,0,0.0,0.0,0.0
1347,53.9,419.25623633,1003.57182391,2,0,0.0,0.0,0.0
1348,53.94,419.32612334,1003.7560126,2,0,0.0,0.0,0.0
1349,53.98,419.39630839,1003.94019707,2,0,0.0,0.0,0.0
1350,54.02,419.46595315,1004.12439733,2,0,0.0,0.0,0.0
1351,54.06,419.53582501,1004.3085883,2,0,0.0,0.0,0.0
1352,54.1,419.60709502,1004.49276926,2,0,0.0,0.0,0.0
1353,54.14,419.68075899,1004.67696222,2,0,0.0,0.0,0.0
1354,54.18,419.75537589,1004.86115888,2,0,0.0,0.0,0.0
1355,54.22,419.83122004,1005.04536647,2,0,0.0,0.0,0.0
1356,54.26,419.90730196,1005.2295812,2,0,0.0,0.0,0.0
1357,54.3,419.98360672,1005.41379965,2,0,0.0,0.0,0.0
1358,54.34,420.05980201,1005.59802693,2,0,0.0,0.0,0.0
1359,54.38,420.13572052,1005.78225862,2,0,0.0,0.0,0.0
1360,54.42,420.21105859,1005.96649771,2,0,0.0,0.0,0.0
1361,54.46,420.28703152,1006.15072362,2,0,0.0,0.0,0.0
1362,54.5,420.363569,1006.33493299,2,0,0.0,0.0,0.0
1363,54.54,420.43895554,1006.51912586,2,0,0.0,0.0,0.0
1364,54.58,420.51296156,1006.70334702,2,0,0.0,0.0,0.0
1365,54.62,420.58667626,1006.88758181,2,0,0.0,0.0,0.0
1366,54.66,420.66070325,1007.07183493,2,0,0.0,0.0,0.0
1367,54.7,420.73507403,1007.25611427,2,0,0.0,0.0,0.0
1368,54.74,420.80828216,1007.44040785,2,0,0.0,0.0,0.0
1369,54.78,420.88151803,1007.62471095,2,0,0.0,0.0,0.0
1370,54.82,420.95542618,1007.80901359,2,0,0.0,0.0,0.0
1371,54.86,421.03004663,1007.99331865,2,0,0.0,0.0,0.0
1372,54.9,421.1040359,1008.1776153,2,0,0.0,0.0,0.0
1373,54.94,421.17824724,1008.36190216,2,0,0.0,0.0,0.0
1374,54.98,421.25369975,1008.54617355,2,0,0.0,0.0,0.0
1375,55.02,421.32954213,1008.73043147,2,0,0.0,0.0,0.0
1376,55.06,421.4058317,1008.9146991,2,0,0.0,0.0,0.0
1377,55.1,421.48142468,1009.09896916,2,0,0.0,0.0,0.0
1378,55.14,421.55715532,1009.28322811,2,0,0.0,0.0,0.0
1379,55.18,421.63430882,1009.46748558,2,0,0.0,0.0,0.0
1380,55.22,421.71091509,1009.65171465,2,0,0.0,0.0,0.0
1381,55.26,421.78628838,1009.83593957,2,0,0.0,0.0,0.0
1382,55.3,421.86014089,1010.02015863,2,0,0.0,0.0,0.0
1383,55.34,421.93264145,1010.20437485,2,0,0.0,0.0,0.0
1384,55.38,422.00386014,1010.38861196,2,0,0.0,0.0,0.0
1385,55.42,422.07434985,1010.57283069,2,0,0.0,0.0,0.0
1386,55.46,422.14453345,1010.75706035,2,0,0.0,0.0,0.0
1387,55.5,422.2143962,1010.94129722,2,0,0.0,0.0,0.0
1388,55.54,422.28387818,1011.12553832,2,0,0.0,0.0,0.0
1389,55.58,422.35250132,1011.30977608,2,0,0.0,0.0,0.0
1390,55.62,422.42092543,1011.49402385,2,0,0.0,0.0,0.0
1391,55.66,422.48890229,1011.67828107,2,0,0.0,0.0,0.0
1392,55.7,422.55835103,1011.86255311,2,0,0.0,0.0,0.0
1393,55.74,422.63054608,1012.04682446,2,0,0.0,0.0,0.0
1394,55.78,422.70481002,1012.23110526,2,0,0.0,0.0,0.0
1395,55.82,422.78181933,1012.41541092,2,0,0.0,0.0,0.0
1396,55.86,422.8601484,1012.59975155,2,0,0.0,0.0,0.0
1397,55.9,422.93753244,1012.78409029,2,0,0.0,0.0,0.0
1398,55.94,423.01388888,1012.96843158,2,0,0.0,0.0,0.0
1399,55.98,423.08958417,1013.15277738,2,0,0.0,0.0,0.0
1400,56.02,423.16470896,1013.33712337,2,0,0.0,0.0,0.0
1401,56.06,423.23870322,1013.52147626,2,0,0.0,0.0,0.0
1402,56.1,423.31159379,1013.70581673,2,0,0.0,0.0,0.0
1403,56.14,423.38330463,1013.89011871,2,0,0.0,0.0,0.0
1404,56.18,423.45488601,1014.07440626,2,0,0.0,0.0,0.0
1405,56.22,423.52673915,1014.25870038,2,0,0.0,0.0,0.0
1406,56.26,423.5993089,1014.44299305,2,0,0.0,0.0,0.0
1407,56.3,423.67171776,1014.62729068,2,0,0.0,0.0,0.0
1408,56.34,423.7434675,1014.81160818,2,0,0.0,0.0,0.0
1409,56.38,423.81553018,1014.99592546,2,0,0.0,0.0,0.0
1410,56.42,423.8886663,1015.18021937,2,0,0.0,0.0,0.0
1411,56.46,423.96336472,1015.36451086,2,0,0.0,0.0,0.0
1412,56.5,424.03970864,1015.54881078,2,0,0.0,0.0,0.0
1413,56.54,424.11758346,1015.73311308,2,0,0.0,0.0,0.0
1414,56.58,424.19566558,1015.91741597,2,0,0.0,0.0,0.0
1415,56.62,424.27228501,1016.10171901,2,0,0.0,0.0,0.0
1416,56.66,424.34616522,1016.28601715,2,0,0.0,0.0,0.0
1417,56.7,424.4196423,1016.470312,2,0,0.0,0.0,0.0
1418,56.74,424.49344061,1016.65460653,2,0,0.0,0.0,0.0
1419,56.78,424.56719372,1016.83889885,2,0,0.0,0.0,0.0
1420,56.82,424.64146767,1017.02317988,2,0,0.0,0.0,0.0
1421,56.86,424.71715492,1017.20748928,2,0,0.0,0.0,0.0
1422,56.9,424.793515,1017.39181435,2,0,0.0,0.0,0.0
1423,56.94,424.8704019,1017.57615974,2,0,0.0,0.0,0.0
1424,56.98,424.94790541,1017.76050479,2,0,0.0,0.0,0.0
1425,57.02,425.0257997,1017.94486495,2,0,0.0,0.0,0.0
1426,57.06,425.1030331,1018.12922914,2,0,0.0,0.0,0.0
1427,57.1,425.17965328,1018.31358547,2,0,0.0,0.0,0.0
1428,57.14,425.25596284,1018.49795926,2,0,0.0,0.0,0.0
1429,57.18,425.33171483,1018.68234167,2,0,0.0,0.0,0.0
1430,57.22,425.40536582,1018.86673712,2,0,0.0,0.0,0.0
1431,57.26,425.47572355,1019.0511366,2,0,0.0,0.0,0.0
1432,57.3,425.54406426,1019.23553745,2,0,0.0,0.0,0.0
1433,57.34,425.61055878,1019.41995605,2,0,0.0,0.0,0.0
1434,57.38,425.67770658,1019.60437087,2,0,0.0,0.0,0.0
1435,57.42,425.74730081,1019.78879681,2,0,0.0,0.0,0.0
1436,57.46,425.81892398,1019.97319831,2,0,0.0,0.0,0.0
1437,57.5,425.89005866,1020.15761002,2,0,0.0,0.0,0.0
1438,57.54,425.96106875,1020.34200873,2,0,0.0,0.0,0.0
1439,57.58,426.03169785,1020.52641352,2,0,0.0,0.0,0.0
1440,57.62,426.10192642,1020.71082394,2,0,0.0,0.0,0.0
1441,57.66,426.1717362,1020.89524198,2,0,0.0,0.0,0.0
1442,57.7,426.24156171,1021.07968227,2,0,0.0,0.0,0.0
1443,57.74,426.31211254,1021.26412442,2,0,0.0,0.0,0.0
1444,57.78,426.38465825,1021.44857251,2,0,0.0,0.0,0.0
1445,57.82,426.45917418,1021.63304161,2,0,0.0,0.0,0.0
1446,57.86,426.53311193,1021.81750989,2,0,0.0,0.0,0.0
1447,57.9,426.60676674,1022.00198836,2,0,0.0,0.0,0.0
1448,57.94,426.68044922,1022.18645287,2,0,0.0,0.0,0.0
1449,57.98,426.753626,1022.37092881,2,0,0.0,0.0,0.0
1450,58.02,426.82597152,1022.5553864,2,0,0.0,0.0,0.0
1451,58.06,426.89841631,1022.73983975,2,0,0.0,0.0,0.0
1452,58.1,426.97116758,1022.92429839,2,0,0.0,0.0,0.0
1453,58.14,427.04357279,1023.10875695,2,0,0.0,0.0,0.0
1454,58.18,427.11546602,1023.2932272,2,0,0.0,0.0,0.0
1455,58.22,427.18717145,1023.47767687,2,0,0.0,0.0,0.0
1456,58.26,427.25915341,1023.66210745,2,0,0.0,0.0,0.0
1457,58.3,427.33159053,1023.8465257,2,0,0.0,0.0,0.0
1458,58.34,427.40506065,1024.03092669,2,0,0.0,0.0,0.0
1459,58.38,427.47894177,1024.21533582,2,0,0.0,0.0,0.0
1460,58.42,427.5536961,1024.39975282,2,0,0.0,0.0,0.0
1461,58.46,427.62929171,1024.58417855,2,0,0.0,0.0,0.0
1462,58.5,427.70424395,1024.76857513,2,0,0.0,0.0,0.0
1463,58.54,427.77885222,1024.95294498,2,0,0.0,0.0,0.0
1464,58.58,427.85345516,1025.13731575,2,0,0.0,0.0,0.0
1465,58.62,427.929908,1025.32168785,2,0,0.0,0.0,0.0
1466,58.66,428.00743971,1025.50605689,2,0,0.0,0.0,0.0
1467,58.7,428.08517948,1025.69042787,2,0,0.0,0.0,0.0
1468,58.74,428.16159713,1025.87482411,2,0,0.0,0.0,0.0
1469,58.78,428.23544397,1026.05924538,2,0,0.0,0.0,0.0
1470,58.82,428.3085871,1026.24370056,2,0,0.0,0.0,0.0
1471,58.86,428.38190705,1026.42817823,2,0,0.0,0.0,0.0
1472,58.9,428.45527479,1026.61265906,2,0,0.0,0.0,0.0
1473,58.94,428.52908939,1026.79713972,2,0,0.0,0.0,0.0
1474,58.98,428.60385217,1026.98160779,2,0,0.0,0.0,0.0
1475,59.02,428.67853108,1027.16608835,2,0,0.0,0.0,0.0
1476,59.06,428.75269078,1027.35056749,2,0,0.0,0.0,0.0
1477,59.1,428.82718182,1027.53506487,2,0,0.0,0.0,0.0
1478,59.14,428.90212946,1027.71957488,2,0,0.0,0.0,0.0
1479,59.18,428.97656114,1027.90410049,2,0,0.0,0.0,0.0
1480,59.22,429.05039439,1028.08862128,2,0,0.0,0.0,0.0
1481,59.26,429.12359672,1028.27316213,2,0,0.0,0.0,0.0
1482,59.3,429.1960199,1028.45771919,2,0,0.0,0.0,0.0
1483,59.34,429.26718662,1028.64227229,2,0,0.0,0.0,0.0
1484,59.38,429.3367964,1028.82682256,2,0,0.0,0.0,0.0
1485,59.42,429.40475822,1029.01136977,2,0,0.0,0.0,0.0
1486,59.46,429.47216182,1029.19590993,2,0,0.0,0.0,0.0
1487,59.5,429.53911909,1029.38045581,2,0,0.0,0.0,0.0
1488,59.54,429.60474211,1029.56500836,2,0,0.0,0.0,0.0
1489,59.58,429.66968284,1029.74957172,2,0,0.0,0.0,0.0
1490,59.62,429.73464319,1029.93414746,2,0,0.0,0.0,0.0
1491,59.66,429.80107919,1030.11872154,2,0,0.0,0.0,0.0
1492,59.7,429.87004527,1030.30330324,2,0,0.0,0.0,0.0
1493,59.74,429.94086823,1030.48789209,2,0,0.0,0.0,0.0
1494,59.78,430.012696,1030.67246939,2,0,0.0,0.0,0.0
1495,59.82,430.08564371,1030.85704291,2,0,0.0,0.0,0.0
1496,59.86,430.1590819,1031.04159438,2,0,0.0,0.0,0.0
1497,59.9,430.23105537,1031.22615695,2,0,0.0,0.0,0.0
1498,59.94,430.3030843,1031.41070158,2,0,0.0,0.0,0.0
1499,59.98,430.37609694,1031.59524586,2,0,0.0,0.0,0.0
1500,60.02,430.44988518,1031.77978376,2,0,0.0,0.0,0.0
1501,60.06,430.52418559,1031.9643211,2,0,0.0,0.0,0.0
1502,60.1,430.59857442,1032.14887579,2,0,0.0,0.0,0.0
1503,60.14,430.67376959,1032.33343487,2,0,0.0,0.0,0.0
1504,60.18,430.74916932,1032.51799779,2,0,0.0,0.0,0.0
1505,60.22,430.82419872,1032.7025486,2,0,0.0,0.0,0.0
1506,60.26,430.89892553,1032.88709867,2,0,0.0,0.0,0.0
1507,60.3,430.97398301,1033.07164715,2,0,0.0,0.0,0.0
1508,60.34,431.04872106,1033.25619395,2,0,0.0,0.0,0.0
1509,60.38,431.12333462,1033.44075829,2,0,0.0,0.0,0.0
1510,60.42,431.19949141,1033.62534181,2,0,0.0,0.0,0.0
1511,60.46,431.27661048,1033.80992046,2,0,0.0,0.0,0.0
1512,60.5,431.35378779,1033.99450554,2,0,0.0,0.0,0.0
1513,60.54,431.42990151,1034.17908247,2,0,0.0,0.0,0.0
1514,60.58,431.50553414,1034.36365311,2,0,0.0,0.0,0.0
1515,60.62,431.58044272,1034.54822368,2,0,0.0,0.0,0.0
1516,60.66,431.65478421,1034.73278262,2,0,0.0,0.0,0.0
1517,60.7,431.72869244,1034.91731649,2,0,0.0,0.0,0.0
1518,60.74,431.80153158,1035.10185749,2,0,0.0,0.0,0.0
1519,60.78,431.87225431,1035.28641196,2,0,0.0,0.0,0.0
1520,60.82,431.94319152,1035.4709662,2,0,0.0,0.0,0.0
1521,60.86,432.01493402,1035.65553308,2,0,0.0,0.0,0.0
1522,60.9,432.08782618,1035.84010871,2,0,0.0,0.0,0.0
1523,60.94,432.16091422,1036.024695,2,0,0.0,0.0,0.0
1524,60.98,432.23413835,1036.20927677,2,0,0.0,0.0,0.0
1525,61.02,432.30851428,1036.39386408,2,0,0.0,0.0,0.0
1526,61.06,432.38355818,1036.57845672,2,0,0.0,0.0,0.0
1527,61.1,432.4595824,1036.76306001,2,0,0.0,0.0,0.0
1528,61.14,432.53506643,1036.94766608,2,0,0.0,0.0,0.0
1529,61.18,432.609494,1037.13225965,2,0,0.0,0.0,0.0
1530,61.22,432.68295585,1037.3168425,2,0,0.0,0.0,0.0
1531,61.26,432.75606177,1037.50145213,2,0,0.0,0.0,0.0
1532,61.3,432.82996328,1037.68607554,2,0,0.0,0.0,0.0
1533,61.34,432.90462707,1037.87070816,2,0,0.0,0.0,0.0
1534,61.38,432.98052765,1038.05536345,2,0,0.0,0.0,0.0
1535,61.42,433.05634386,1038.24002045,2,0,0.0,0.0,0.0
1536,61.46,433.13180894,1038.42467612,2,0,0.0,0.0,0.0
1537,61.5,433.20623135,1038.60934472,2,0,0.0,0.0,0.0
1538,61.54,433.27965798,1038.79401037,2,0,0.0,0.0,0.0
1539,61.58,433.35253599,1038.9786848,2,0,0.0,0.0,0.0
1540,61.62,433.42411803,1039.16336314,2,0,0.0,0.0,0.0
1541,61.66,433.49399502,1039.34805294,2,0,0.0,0.0,0.0
1542,61.7,433.56405287,1039.53274578,2,0,0.0,0.0,0.0
1543,61.74,433.63590033,1039.71743063,2,0,0.0,0.0,0.0
1544,61.78,433.70832389,1039.90211238,2,0,0.0,0.0,0.0
1545,61.82,433.78027869,1040.08678631,2,0,0.0,0.0,0.0
1546,61.86,433.85159497,1040.27144384,2,0,0.0,0.0,0.0
1547,61.9,433.92296329,1040.45608743,2,0,0.0,0.0,0.0
1548,61.94,433.99429194,1040.64073225,2,0,0.0,0.0,0.0
1549,61.98,434.06568261,1040.82538502,2,0,0.0,0.0,0.0
1550,62.02,434.13772878,1041.0100476,2,0,0.0,0.0,0.0
1551,62.06,434.21067798,1041.19470656,2,0,0.0,0.0,0.0
1552,62.1,434.2839759,1041.37936,2,0,0.0,0.0,0.0
1553,62.14,434.35871569,1041.56400235,2,0,0.0,0.0,0.0
1554,62.18,434.43500566,1041.74864704,2,0,0.0,0.0,0.0
1555,62.22,434.51124743,1041.93328401,2,0,0.0,0.0,0.0
1556,62.26,434.58668634,1042.11791927,2,0,0.0,0.0,0.0
1557,62.3,434.66022312,1042.30254564,2,0,0.0,0.0,0.0
1558,62.34,434.73183164,1042.48717263,2,0,0.0,0.0,0.0
1559,62.38,434.80164704,1042.67180276,2,0,0.0,0.0,0.0
1560,62.42,434.87076145,1042.85642298,2,0,0.0,0.0,0.0
1561,62.46,434.94093746,1043.04104792,2,0,0.0,0.0,0.0
1562,62.5,435.01419833,1043.22570413,2,0,0.0,0.0,0.0
1563,62.54,435.08852129,1043.41037363,2,0,0.0,0.0,0.0
1564,62.58,435.16375118,1043.59504551,2,0,0.0,0.0,0.0
1565,62.62,435.23950059,1043.77969625,2,0,0.0,0.0,0.0
1566,62.66,435.31553584,1043.96432716,2,0,0.0,0.0,0.0
1567,62.7,435.39142184,1044.14895969,2,0,0.0,0.0,0.0
1568,62.74,435.4675334,1044.33359615,2,0,0.0,0.0,0.0
1569,62.78,435.54425289,1044.51823332,2,0,0.0,0.0,0.0
1570,62.82,435.62083774,1044.70288626,2,0,0.0,0.0,0.0
1571,62.86,435.69759297,1044.88753669,2,0,0.0,0.0,0.0
1572,62.9,435.77447363,1045.07221801,2,0,0.0,0.0,0.0
1573,62.94,435.85065977,1045.25691908,2,0,0.0,0.0,0.0
1574,62.98,435.92692048,1045.44162773,2,0,0.0,0.0,0.0
1575,63.02,436.00179053,1045.62634836,2,0,0.0,0.0,0.0
1576,63.06,436.07546657,1045.81105919,2,0,0.0,0.0,0.0
1577,63.1,436.14851509,1045.99575726,2,0,0.0,0.0,0.0
1578,63.14,436.22140152,1046.18046662,2,0,0.0,0.0,0.0
1579,63.18,436.29317761,1046.36519311,2,0,0.0,0.0,0.0
1580,63.22,436.36441807,1046.54992522,2,0,0.0,0.0,0.0
1581,63.26,436.43571971,1046.73465633,2,0,0.0,0.0,0.0
1582,63.3,436.50709572,1046.91938696,2,0,0.0,0.0,0.0
1583,63.34,436.57753065,1047.10413067,2,0,0.0,0.0,0.0
1584,63.38,436.64732577,1047.28890095,2,0,0.0,0.0,0.0
1585,63.42,436.71772437,1047.47367384,2,0,0.0,0.0,0.0
1586,63.46,436.78875061,1047.65845341,2,0,0.0,0.0,0.0
1587,63.5,436.86065191,1047.84323226,2,0,0.0,0.0,0.0
1588,63.54,436.93331805,1048.028005,2,0,0.0,0.0,0.0
1589,63.58,437.00605336,1048.21277107,2,0,0.0,0.0,0.0
1590,63.62,437.07867934,1048.39753518,2,0,0.0,0.0,0.0
1591,63.66,437.15201023,1048.58227152,2,0,0.0,0.0,0.0
1592,63.7,437.22581782,1048.76701919,2,0,0.0,0.0,0.0
1593,63.74,437.29848042,1048.95178961,2,0,0.0,0.0,0.0
1594,63.78,437.37089551,1049.13655358,2,0,0.0,0.0,0.0
1595,63.82,437.44308392,1049.3212948,2,0,0.0,0.0,0.0
1596,63.86,437.51626914,1049.50604378,2,0,0.0,0.0,0.0
1597,63.9,437.58962944,1049.69080915,2,0,0.0,0.0,0.0
1598,63.94,437.66347549,1049.8755619,2,0,0.0,0.0,0.0
1599,63.98,437.73747261,1050.06031233,2,0,0.0,0.0,0.0
1600,64.02,437.81135756,1050.24506359,2,0,0.0,0.0,0.0
1601,64.06,437.88519975,1050.42982194,2,0,0.0,0.0,0.0
1602,64.1,437.95905145,1050.61458567,2,0,0.0,0.0,0.0
1603,64.14,438.0334481,1050.79935922,2,0,0.0,0.0,0.0
1604,64.18,438.10812416,1050.98414651,2,0,0.0,0.0,0.0
1605,64.22,438.18179206,1051.16894176,2,0,0.0,0.0,0.0
1606,64.26,438.25532027,1051.35372136,2,0,0.0,0.0,0.0
1607,64.3,438.32831682,1051.5384851,2,0,0.0,0.0,0.0
1608,64.34,438.39997941,1051.72324052,2,0,0.0,0.0,0.0
1609,64.38,438.4701736,1051.90799361,2,0,0.0,0.0,0.0
1610,64.42,438.5394452,1052.09273698,2,0,0.0,0.0,0.0
1611,64.46,438.60862636,1052.27745841,2,0,0.0,0.0,0.0
1612,64.5,438.6772757,1052.46218864,2,0,0.0,0.0,0.0
1613,64.54,438.74419412,1052.64691672,2,0,0.0,0.0,0.0
1614,64.58,438.8108033,1052.83165625,2,0,0.0,0.0,0.0
1615,64.62,438.87757516,1053.01639914,2,0,0.0,0.0,0.0
1616,64.66,438.94404031,1053.20116762,2,0,0.0,0.0,0.0
1617,64.7,439.01177135,1053.38596202,2,0,0.0,0.0,0.0
1618,64.74,439.08126389,1053.57074881,2,0,0.0,0.0,0.0
1619,64.78,439.15105235,1053.75553259,2,0,0.0,0.0,0.0
1620,64.82,439.22312313,1053.94032659,2,0,0.0,0.0,0.0
1621,64.86,439.29763244,1054.12514293,2,0,0.0,0.0,0.0
1622,64.9,439.37386212,1054.30997096,2,0,0.0,0.0,0.0
1623,64.94,439.4504994,1054.4947963,2,0,0.0,0.0,0.0
1624,64.98,439.52640959,1054.67962701,2,0,0.0,0.0,0.0
1625,65.02,439.60126974,1054.86447978,2,0,0.0,0.0,0.0
1626,65.06,439.67688836,1055.04934136,2,0,0.0,0.0,0.0
1627,65.1,439.75360921,1055.23419159,2,0,0.0,0.0,0.0
1628,65.14,439.83109793,1055.41903359,2,0,0.0,0.0,0.0
1629,65.18,439.90780032,1055.6038818,2,0,0.0,0.0,0.0
1630,65.22,439.98341948,1055.78872342,2,0,0.0,0.0,0.0
1631,65.26,440.05852105,1055.97356948,2,0,0.0,0.0,0.0
1632,65.3,440.13225553,1056.15842406,2,0,0.0,0.0,0.0
1633,65.34,440.20601109,1056.34327224,2,0,0.0,0.0,0.0
1634,65.38,440.28009462,1056.52813749,2,0,0.0,0.0,0.0
1635,65.42,440.35439531,1056.71301692,2,0,0.0,0.0,0.0
1636,65.46,440.42959369,1056.89790626,2,0,0.0,0.0,0.0
1637,65.5,440.50544389,1057.08280268,2,0,0.0,0.0,0.0
1638,65.54,440.58118355,1057.26769797,2,0,0.0,0.0,0.0
1639,65.58,440.65679304,1057.45261305,2,0,0.0,0.0,0.0
1640,65.62,440.73119157,1057.63753663,2,0,0.0,0.0,0.0
1641,65.66,440.8052628,1057.82245662,2,0,0.0,0.0,0.0
1642,65.7,440.88069535,1058.00735345,2,0,0.0,0.0,0.0
1643,65.74,440.9552386,1058.19225583,2,0,0.0,0.0,0.0
1644,65.78,441.02845093,1058.37714756,2,0,0.0,0.0,0.0
1645,65.82,441.09938834,1058.56202545,2,0,0.0,0.0,0.0
1646,65.86,441.16945622,1058.74687999,2,0,0.0,0.0,0.0
1647,65.9,441.23956896,1058.93173444,2,0,0.0,0.0,0.0
1648,65.94,441.30989698,1059.11659729,2,0,0.0,0.0,0.0
1649,65.98,441.38004307,1059.30145832,2,0,0.0,0.0,0.0
1650,66.02,441.44973132,1059.48631406,2,0,0.0,0.0,0.0
1651,66.06,441.51936778,1059.67115915,2,0,0.0,0.0,0.0
1652,66.1,441.58916909,1059.85599052,2,0,0.0,0.0,0.0
1653,66.14,441.65961446,1060.0408103,2,0,0.0,0.0,0.0
1654,66.18,441.73176059,1060.22562142,2,0,0.0,0.0,0.0
1655,66.22,441.80533083,1060.41043344,2,0,0.0,0.0,0.0
1656,66.26,441.88018421,1060.59524512,2,0,0.0,0.0,0.0
1657,66.3,441.9566255,1060.78004637,2,0,0.0,0.0,0.0
1658,66.34,442.0345379,1060.96485945,2,0,0.0,0.0,0.0
1659,66.38,442.11478851,1061.14968995,2,0,0.0,0.0,0.0
1660,66.42,442.19501801,1061.33452852,2,0,0.0,0.0,0.0
1661,66.46,442.27425944,1061.51937604,2,0,0.0,0.0,0.0
1662,66.5,442.35108708,1061.70423405,2,0,0.0,0.0,0.0
1663,66.54,442.42587793,1061.88910589,2,0,0.0,0.0,0.0
1664,66.58,442.49968874,1062.07399002,2,0,0.0,0.0,0.0
1665,66.62,442.57246338,1062.25888845,2,0,0.0,0.0,0.0
1666,66.66,442.6435922,1062.44380839,2,0,0.0,0.0,0.0
1667,66.7,442.71280017,1062.62874135,2,0,0.0,0.0,0.0
1668,66.74,442.78208582,1062.81367963,2,0,0.0,0.0,0.0
1669,66.78,442.85093659,1062.99862109,2,0,0.0,0.0,0.0
1670,66.82,442.92030165,1063.18357647,2,0,0.0,0.0,0.0
1671,66.86,442.99031293,1063.36855127,2,0,0.0,0.0,0.0
1672,66.9,443.06058836,1063.55352167,2,0,0.0,0.0,0.0
1673,66.94,443.13074426,1063.73850243,2,0,0.0,0.0,0.0
1674,66.98,443.20127199,1063.92349354,2,0,0.0,0.0,0.0
1675,67.02,443.27271127,1064.10848664,2,0,0.0,0.0,0.0
1676,67.06,443.34435839,1064.29346293,2,0,0.0,0.0,0.0
1677,67.1,443.41514508,1064.47841588,2,0,0.0,0.0,0.0
1678,67.14,443.48535647,1064.66334926,2,0,0.0,0.0,0.0
1679,67.18,443.55532206,1064.84827497,2,0,0.0,0.0,0.0
1680,67.22,443.62570749,1065.03320188,2,0,0.0,0.0,0.0
1681,67.26,443.69727428,1065.21813404,2,0,0.0,0.0,0.0
1682,67.3,443.76920408,1065.40308084,2,0,0.0,0.0,0.0
1683,67.34,443.84069583,1065.58804936,2,0,0.0,0.0,0.0
1684,67.38,443.91285765,1065.77302193,2,0,0.0,0.0,0.0
1685,67.42,443.98623047,1065.95800398,2,0,0.0,0.0,0.0
1686,67.46,444.06074571,1066.14298049,2,0,0.0,0.0,0.0
1687,67.5,444.13614223,1066.32794961,2,0,0.0,0.0,0.0
1688,67.54,444.2121786,1066.51291928,2,0,0.0,0.0,0.0
1689,67.58,444.28900662,1066.69788208,2,0,0.0,0.0,0.0
1690,67.62,444.36575906,1066.88284358,2,0,0.0,0.0,0.0
1691,67.66,444.44224047,1067.0678227,2,0,0.0,0.0,0.0
1692,67.7,444.51788897,1067.25280226,2,0,0.0,0.0,0.0
1693,67.74,444.59227372,1067.43777426,2,0,0.0,0.0,0.0
1694,67.78,444.6658112,1067.62275326,2,0,0.0,0.0,0.0
1695,67.82,444.73905948,1067.80773999,2,0,0.0,0.0,0.0
1696,67.86,444.8122643,1067.99272223,2,0,0.0,0.0,0.0
1697,67.9,444.88564667,1068.17770014,2,0,0.0,0.0,0.0
1698,67.94,444.9590726,1068.36267784,2,0,0.0,0.0,0.0
1699,67.98,445.03235291,1068.54766039,2,0,0.0,0.0,0.0
1700,68.02,445.10578124,1068.73264216,2,0,0.0,0.0,0.0
1701,68.06,445.18066657,1068.91761914,2,0,0.0,0.0,0.0
1702,68.1,445.2565637,1069.10261235,2,0,0.0,0.0,0.0
1703,68.14,445.33029873,1069.28761813,2,0,0.0,0.0,0.0
1704,68.18,445.40356801,1069.4726206,2,0,0.0,0.0,0.0
1705,68.22,445.47581546,1069.65764449,2,0,0.0,0.0,0.0
1706,68.26,445.54808287,1069.84267064,2,0,0.0,0.0,0.0
1707,68.3,445.62122462,1070.02768437,2,0,0.0,0.0,0.0
1708,68.34,445.69546244,1070.2126885,2,0,0.0,0.0,0.0
1709,68.38,445.77078298,1070.39767795,2,0,0.0,0.0,0.0
1710,68.42,445.84684239,1070.58264054,2,0,0.0,0.0,0.0
1711,68.46,445.92342301,1070.767597,2,0,0.0,0.0,0.0
1712,68.5,446.00052315,1070.95256583,2,0,0.0,0.0,0.0
1713,68.54,446.07819343,1071.13753702,2,0,0.0,0.0,0.0
1714,68.58,446.15616021,1071.32251864,2,0,0.0,0.0,0.0
1715,68.62,446.23230231,1071.50752206,2,0,0.0,0.0,0.0
1716,68.66,446.30776287,1071.69252156,2,0,0.0,0.0,0.0
1717,68.7,446.38263516,1071.87750058,2,0,0.0,0.0,0.0
1718,68.74,446.45646392,1072.06246748,2,0,0.0,0.0,0.0
1719,68.78,446.52831034,1072.24742449,2,0,0.0,0.0,0.0
1720,68.82,446.59896894,1072.43239498,2,0,0.0,0.0,0.0
1721,68.86,446.66848711,1072.61740295,2,0,0.0,0.0,0.0
1722,68.9,446.73768249,1072.80242884,2,0,0.0,0.0,0.0
1723,68.94,446.80627667,1072.98745836,2,0,0.0,0.0,0.0
1724,68.98,446.87507646,1073.17247336,2,0,0.0,0.0,0.0
1725,69.02,446.94348743,1073.3574774,2,0,0.0,0.0,0.0
1726,69.06,447.01180419,1073.54247631,2,0,0.0,0.0,0.0
1727,69.1,447.08038016,1073.72746606,2,0,0.0,0.0,0.0
1728,69.14,447.14957463,1073.91244465,2,0,0.0,0.0,0.0
1729,69.18,447.22078242,1074.09743541,2,0,0.0,0.0,0.0
1730,69.22,447.29210339,1074.28241541,2,0,0.0,0.0,0.0
1731,69.26,447.36383596,1074.46738203,2,0,0.0,0.0,0.0
1732,69.3,447.43681134,1074.65235315,2,0,0.0,0.0,0.0
1733,69.34,447.50876188,1074.83734779,2,0,0.0,0.0,0.0
1734,69.38,447.58018267,1075.02235961,2,0,0.0,0.0,0.0
1735,69.42,447.65189255,1075.20738378,2,0,0.0,0.0,0.0
1736,69.46,447.7252321,1075.39242947,2,0,0.0,0.0,0.0
1737,69.5,447.7998208,1075.57747683,2,0,0.0,0.0,0.0
1738,69.54,447.87490132,1075.76252849,2,0,0.0,0.0,0.0
1739,69.58,447.95156179,1075.94757903,2,0,0.0,0.0,0.0
1740,69.62,448.02833934,1076.13263061,2,0,0.0,0.0,0.0
1741,69.66,448.10458423,1076.31768132,2,0,0.0,0.0,0.0
1742,69.7,448.18081467,1076.50274363,2,0,0.0,0.0,0.0
1743,69.74,448.25681117,1076.68780335,2,0,0.0,0.0,0.0
1744,69.78,448.33156732,1076.87287848,2,0,0.0,0.0,0.0
1745,69.82,448.40510139,1077.0579702,2,0,0.0,0.0,0.0
1746,69.86,448.47813373,1077.2430541,2,0,0.0,0.0,0.0
1747,69.9,448.55025453,1077.4281396,2,0,0.0,0.0,0.0
1748,69.94,448.62135081,1077.61323459,2,0,0.0,0.0,0.0
1749,69.98,448.69160244,1077.79831725,2,0,0.0,0.0,0.0
1750,70.02,448.76097974,1077.98338296,2,0,0.0,0.0,0.0
1751,70.06,448.82924717,1078.16844582,2,0,0.0,0.0,0.0
1752,70.1,448.89732416,1078.35349632,2,0,0.0,0.0,0.0
1753,70.14,448.9664812,1078.53854892,2,0,0.0,0.0,0.0
1754,70.18,449.0369366,1078.72363135,2,0,0.0,0.0,0.0
1755,70.22,449.10774595,1078.90874104,2,0,0.0,0.0,0.0
1756,70.26,449.18065011,1079.09384551,2,0,0.0,0.0,0.0
1757,70.3,449.2549679,1079.27895211,2,0,0.0,0.0,0.0
1758,70.34,449.33049404,1079.46406345,2,0,0.0,0.0,0.0
1759,70.38,449.40738979,1079.64919533,2,0,0.0,0.0,0.0
1760,70.42,449.48513971,1079.83433455,2,0,0.0,0.0,0.0
1761,70.46,449.56330675,1080.01947714,2,0,0.0,0.0,0.0
1762,70.5,449.63957234,1080.2046189,2,0,0.0,0.0,0.0
1763,70.54,449.71467509,1080.38977657,2,0,0.0,0.0,0.0
1764,70.58,449.78993023,1080.57493503,2,0,0.0,0.0,0.0
1765,70.62,449.8643339,1080.76008647,2,0,0.0,0.0,0.0
1766,70.66,449.93838245,1080.94523892,2,0,0.0,0.0,0.0
1767,70.7,450.01242663,1081.13040527,2,0,0.0,0.0,0.0
1768,70.74,450.08597721,1081.31556856,2,0,0.0,0.0,0.0
1769,70.78,450.15899136,1081.50073108,2,0,0.0,0.0,0.0
1770,70.82,450.23246312,1081.68590374,2,0,0.0,0.0,0.0
1771,70.86,450.30627936,1081.87108071,2,0,0.0,0.0,0.0
1772,70.9,450.37989871,1082.05625577,2,0,0.0,0.0,0.0
1773,70.94,450.45347589,1082.24142874,2,0,0.0,0.0,0.0
1774,70.98,450.52713826,1082.42658259,2,0,0.0,0.0,0.0
1775,71.02,450.60044916,1082.61173803,2,0,0.0,0.0,0.0
1776,71.06,450.67333903,1082.79689553,2,0,0.0,0.0,0.0
1777,71.1,450.74626102,1082.98203963,2,0,0.0,0.0,0.0
1778,71.14,450.81910345,1083.16716645,2,0,0.0,0.0,0.0
1779,71.18,450.89152057,1083.3523003,2,0,0.0,0.0,0.0
1780,71.22,450.96362893,1083.53744068,2,0,0.0,0.0,0.0
1781,71.26,451.03578765,1083.72257709,2,0,0.0,0.0,0.0
1782,71.3,451.10774805,1083.90772025,2,0,0.0,0.0,0.0
1783,71.34,451.17985721,1084.09285539,2,0,0.0,0.0,0.0
1784,71.38,451.25341629,1084.27797526,2,0,0.0,0.0,0.0
1785,71.42,451.32850031,1084.46308875,2,0,0.0,0.0,0.0
1786,71.46,451.40439631,1084.64818958,2,0,0.0,0.0,0.0
1787,71.5,451.48091499,1084.83328774,2,0,0.0,0.0,0.0
1788,71.54,451.55734597,1085.0183796,2,0,0.0,0.0,0.0
1789,71.58,451.63269491,1085.20347661,2,0,0.0,0.0,0.0
1790,71.62,451.70772519,1085.38858714,2,0,0.0,0.0,0.0
1791,71.66,451.78392055,1085.57370153,2,0,0.0,0.0,0.0
1792,71.7,451.86102495,1085.75882041,2,0,0.0,0.0,0.0
1793,71.74,451.93954377,1085.94395386,2,0,0.0,0.0,0.0
1794,71.78,452.01761545,1086.12910183,2,0,0.0,0.0,0.0
1795,71.82,452.09410346,1086.3142501,2,0,0.0,0.0,0.0
1796,71.86,452.16950121,1086.49940238,2,0,0.0,0.0,0.0
1797,71.9,452.24379327,1086.68454418,2,0,0.0,0.0,0.0
1798,71.94,452.31787511,1086.86969298,2,0,0.0,0.0,0.0
1799,71.98,452.39142187,1087.05485638,2,0,0.0,0.0,0.0
1800,72.02,452.4630181,1087.24003881,2,0,0.0,0.0,0.0
1801,72.06,452.53296251,1087.42522976,2,0,0.0,0.0,0.0
1802,72.1,452.60180271,1087.61042938,2,0,0.0,0.0,0.0
1803,72.14,452.66968634,1087.79562329,2,0,0.0,0.0,0.0
1804,72.18,452.73751811,1087.98080869,2,0,0.0,0.0,0.0
1805,72.22,452.80552326,1088.16599462,2,0,0.0,0.0,0.0
1806,72.26,452.87371244,1088.35118678,2,0,0.0,0.0,0.0
1807,72.3,452.94158072,1088.53638758,2,0,0.0,0.0,0.0
1808,72.34,453.00868666,1088.72160556,2,0,0.0,0.0,0.0
1809,72.38,453.07638896,1088.90684659,2,0,0.0,0.0,0.0
1810,72.42,453.14572865,1089.09208534,2,0,0.0,0.0,0.0
1811,72.46,453.21699665,1089.27732052,2,0,0.0,0.0,0.0
1812,72.5,453.28906487,1089.46255692,2,0,0.0,0.0,0.0
1813,72.54,453.36239189,1089.6477924,2,0,0.0,0.0,0.0
1814,72.58,453.43655332,1089.83301721,2,0,0.0,0.0,0.0
1815,72.62,453.51123148,1090.01822886,2,0,0.0,0.0,0.0
1816,72.66,453.58597157,1090.20344507,2,0,0.0,0.0,0.0
1817,72.7,453.6605903,1090.38865327,2,0,0.0,0.0,0.0
1818,72.74,453.73420267,1090.57385965,2,0,0.0,0.0,0.0
1819,72.78,453.80824972,1090.75908094,2,0,0.0,0.0,0.0
1820,72.82,453.88256325,1090.94431212,2,0,0.0,0.0,0.0
1821,72.86,453.95708269,1091.12953885,2,0,0.0,0.0,0.0
1822,72.9,454.03091574,1091.3147574,2,0,0.0,0.0,0.0
1823,72.94,454.10408636,1091.49997027,2,0,0.0,0.0,0.0
1824,72.98,454.17725531,1091.68518812,2,0,0.0,0.0,0.0
1825,73.02,454.25040703,1091.87040327,2,0,0.0,0.0,0.0
1826,73.06,454.32347367,1092.05561343,2,0,0.0,0.0,0.0
1827,73.1,454.39570645,1092.24081388,2,0,0.0,0.0,0.0
1828,73.14,454.46830915,1092.42600663,2,0,0.0,0.0,0.0
1829,73.18,454.5408292,1092.61120582,2,0,0.0,0.0,0.0
1830,73.22,454.61438625,1092.79641803,2,0,0.0,0.0,0.0
1831,73.26,454.68825373,1092.98163044,2,0,0.0,0.0,0.0
1832,73.3,454.76162827,1093.16685041,2,0,0.0,0.0,0.0
1833,73.34,454.83449035,1093.35207416,2,0,0.0,0.0,0.0
1834,73.38,454.90711259,1093.53730766,2,0,0.0,0.0,0.0
1835,73.42,454.97937681,1093.72255385,2,0,0.0,0.0,0.0
1836,73.46,455.05191526,1093.90780367,2,0,0.0,0.0,0.0
1837,73.5,455.12431914,1094.09305489,2,0,0.0,0.0,0.0
1838,73.54,455.19726807,1094.27830201,2,0,0.0,0.0,0.0
1839,73.58,455.27008593,1094.46354408,2,0,0.0,0.0,0.0
1840,73.62,455.34410261,1094.64878642,2,0,0.0,0.0,0.0
1841,73.66,455.41956234,1094.83403917,2,0,0.0,0.0,0.0
1842,73.7,455.49518816,1095.01930458,2,0,0.0,0.0,0.0
1843,73.74,455.56975731,1095.2045768,2,0,0.0,0.0,0.0
1844,73.78,455.64414009,1095.38984176,2,0,0.0,0.0,0.0
1845,73.82,455.71972806,1095.57509245,2,0,0.0,0.0,0.0
1846,73.86,455.79614006,1095.76034569,2,0,0.0,0.0,0.0
1847,73.9,455.87358812,1095.94559278,2,0,0.0,0.0,0.0
1848,73.94,455.95191462,1096.13084424,2,0,0.0,0.0,0.0
1849,73.98,456.03172853,1096.31610242,2,0,0.0,0.0,0.0
1850,74.02,456.11055641,1096.50136474,2,0,0.0,0.0,0.0
1851,74.06,456.18837769,1096.6866296,2,0,0.0,0.0,0.0
1852,74.1,456.26588383,1096.87189234,2,0,0.0,0.0,0.0
1853,74.14,456.34304326,1097.05716574,2,0,0.0,0.0,0.0
1854,74.18,456.41972674,1097.24243951,2,0,0.0,0.0,0.0
1855,74.22,456.49835673,1097.42769512,2,0,0.0,0.0,0.0
1856,74.26,456.57583263,1097.61295683,2,0,0.0,0.0,0.0
1857,74.3,456.65048987,1097.79822059,2,0,0.0,0.0,0.0
1858,74.34,456.72335381,1097.98348138,2,0,0.0,0.0,0.0
1859,74.38,456.79622102,1098.16872705,2,0,0.0,0.0,0.0
1860,74.42,456.86959204,1098.35394318,2,0,0.0,0.0,0.0
1861,74.46,456.94352672,1098.53913711,2,0,0.0,0.0,0.0
1862,74.5,457.01747413,1098.72434945,2,0,0.0,0.0,0.0
1863,74.54,457.09107468,1098.90957091,2,0,0.0,0.0,0.0
1864,74.58,457.16428406,1099.09480158,2,0,0.0,0.0,0.0
1865,74.62,457.23800362,1099.28002777,2,0,0.0,0.0,0.0
1866,74.66,457.31183338,1099.46523625,2,0,0.0,0.0,0.0
1867,74.7,457.38566786,1099.65046397,2,0,0.0,0.0,0.0
1868,74.74,457.46044464,1099.83571383,2,0,0.0,0.0,0.0
1869,74.78,457.53549733,1100.02096992,2,0,0.0,0.0,0.0
1870,74.82,457.61095923,1100.20623102,2,0,0.0,0.0,0.0
1871,74.86,457.68570929,1100.39149772,2,0,0.0,0.0,0.0
1872,74.9,457.75913129,1100.57678577,2,0,0.0,0.0,0.0
1873,74.94,457.83166465,1100.76210732,2,0,0.0,0.0,0.0
1874,74.98,457.90177235,1100.94743557,2,0,0.0,0.0,0.0
1875,75.02,457.97042201,1101.13278244,2,0,0.0,0.0,0.0
1876,75.06,458.03925523,1101.31813348,2,0,0.0,0.0,0.0
1877,75.1,458.10712574,1101.50349383,2,0,0.0,0.0,0.0
1878,75.14,458.17286678,1101.68885619,2,0,0.0,0.0,0.0
1879,75.18,458.23791377,1101.87422552,2,0,0.0,0.0,0.0
1880,75.22,458.30458654,1102.05960662,2,0,0.0,0.0,0.0
1881,75.26,458.37222534,1102.24499154,2,0,0.0,0.0,0.0
1882,75.3,458.44127756,1102.43037894,2,0,0.0,0.0,0.0
1883,75.34,458.51246752,1102.61577983,2,0,0.0,0.0,0.0
1884,75.38,458.58515001,1102.80117838,2,0,0.0,0.0,0.0
1885,75.42,458.65960505,1102.98658385,2,0,0.0,0.0,0.0
1886,75.46,458.73567216,1103.17198573,2,0,0.0,0.0,0.0
1887,75.5,458.81298841,1103.35738148,2,0,0.0,0.0,0.0
1888,75.54,458.89079651,1103.54276566,2,0,0.0,0.0,0.0
1889,75.58,458.96785262,1103.72814737,2,0,0.0,0.0,0.0
1890,75.62,459.04428832,1103.91353794,2,0,0.0,0.0,0.0
1891,75.66,459.11878692,1104.09892764,2,0,0.0,0.0,0.0
1892,75.7,459.19156388,1104.28431841,2,0,0.0,0.0,0.0
1893,75.74,459.26417847,1104.46970506,2,0,0.0,0.0,0.0
1894,75.78,459.33553008,1104.65507739,2,0,0.0,0.0,0.0
1895,75.82,459.40448276,1104.84043164,2,0,0.0,0.0,0.0
1896,75.86,459.47227805,1105.02579732,2,0,0.0,0.0,0.0
1897,75.9,459.53991877,1105.21115887,2,0,0.0,0.0,0.0
1898,75.94,459.60894039,1105.39651163,2,0,0.0,0.0,0.0
1899,75.98,459.67885303,1105.58186846,2,0,0.0,0.0,0.0
1900,76.02,459.74884262,1105.76723663,2,0,0.0,0.0,0.0
1901,76.06,459.81926515,1105.95260813,2,0,0.0,0.0,0.0
1902,76.1,459.89076972,1106.13800555,2,0,0.0,0.0,0.0
1903,76.14,459.96253888,1106.32340462,2,0,0.0,0.0,0.0
1904,76.18,460.03377306,1106.50879729,2,0,0.0,0.0,0.0
1905,76.22,460.10528022,1106.69419947,2,0,0.0,0.0,0.0
1906,76.26,460.17799399,1106.87960632,2,0,0.0,0.0,0.0
1907,76.3,460.25059065,1107.0650151,2,0,0.0,0.0,0.0
1908,76.34,460.32400229,1107.25043279,2,0,0.0,0.0,0.0
1909,76.38,460.39772214,1107.43583543,2,0,0.0,0.0,0.0
1910,76.42,460.47213606,1107.62123232,2,0,0.0,0.0,0.0
1911,76.46,460.54564567,1107.80663397,2,0,0.0,0.0,0.0
1912,76.5,460.61600441,1107.9920373,2,0,0.0,0.0,0.0
1913,76.54,460.68455621,1108.1774475,2,0,0.0,0.0,0.0
1914,76.58,460.75339551,1108.3628545,2,0,0.0,0.0,0.0
1915,76.62,460.82326292,1108.54826516,2,0,0.0,0.0,0.0
1916,76.66,460.89414775,1108.73367046,2,0,0.0,0.0,0.0
1917,76.7,460.96638283,1108.91906375,2,0,0.0,0.0,0.0
1918,76.74,461.03952489,1109.1044533,2,0,0.0,0.0,0.0
1919,76.78,461.11239362,1109.28984123,2,0,0.0,0.0,0.0
1920,76.82,461.18432903,1109.47523514,2,0,0.0,0.0,0.0
1921,76.86,461.25614883,1109.660631,2,0,0.0,0.0,0.0
1922,76.9,461.3279083,1109.84603653,2,0,0.0,0.0,0.0
1923,76.94,461.3986885,1110.03144202,2,0,0.0,0.0,0.0
1924,76.98,461.46972207,1110.21684232,2,0,0.0,0.0,0.0
1925,77.02,461.5414768,1110.40222899,2,0,0.0,0.0,0.0
1926,77.06,461.61374738,1110.58761011,2,0,0.0,0.0,0.0
1927,77.1,461.68614928,1110.7730036,2,0,0.0,0.0,0.0
1928,77.14,461.7591293,1110.95838849,2,0,0.0,0.0,0.0
1929,77.18,461.8320748,1111.14373919,2,0,0.0,0.0,0.0
1930,77.22,461.9059275,1111.32909747,2,0,0.0,0.0,0.0
1931,77.26,461.9796085,1111.514459,2,0,0.0,0.0,0.0
1932,77.3,462.05296319,1111.69980744,2,0,0.0,0.0,0.0
1933,77.34,462.12595991,1111.88514545,2,0,0.0,0.0,0.0
1934,77.38,462.19866844,1112.07048333,2,0,0.0,0.0,0.0
1935,77.42,462.27307412,1112.25582275,2,0,0.0,0.0,0.0
1936,77.46,462.34798709,1112.44116856,2,0,0.0,0.0,0.0
1937,77.5,462.42322507,1112.62652541,2,0,0.0,0.0,0.0
1938,77.54,462.49852244,1112.81188794,2,0,0.0,0.0,0.0
1939,77.58,462.57406541,1112.99726881,2,0,0.0,0.0,0.0
1940,77.62,462.65139776,1113.18266983,2,0,0.0,0.0,0.0
1941,77.66,462.72853344,1113.36808411,2,0,0.0,0.0,0.0
1942,77.7,462.80422497,1113.55351555,2,0,0.0,0.0,0.0
1943,77.74,462.87909653,1113.73896433,2,0,0.0,0.0,0.0
1944,77.78,462.9539598,1113.92440855,2,0,0.0,0.0,0.0
1945,77.82,463.02985322,1114.10987103,2,0,0.0,0.0,0.0
1946,77.86,463.10662409,1114.29536092,2,0,0.0,0.0,0.0
1947,77.9,463.18382737,1114.48085549,2,0,0.0,0.0,0.0
1948,77.94,463.26178987,1114.66634921,2,0,0.0,0.0,0.0
1949,77.98,463.33978633,1114.85183768,2,0,0.0,0.0,0.0
1950,78.02,463.41672293,1115.03731875,2,0,0.0,0.0,0.0
1951,78.06,463.49278892,1115.22279463,2,0,0.0,0.0,0.0
1952,78.1,463.56774039,1115.40826169,2,0,0.0,0.0,0.0
1953,78.14,463.64320212,1115.59373839,2,0,0.0,0.0,0.0
1954,78.18,463.71928905,1115.77922896,2,0,0.0,0.0,0.0
1955,78.22,463.7952146,1115.96472033,2,0,0.0,0.0,0.0
1956,78.26,463.8703705,1116.15020037,2,0,0.0,0.0,0.0
1957,78.3,463.94463215,1116.33569178,2,0,0.0,0.0,0.0
1958,78.34,464.01919472,1116.5211781,2,0,0.0,0.0,0.0
1959,78.38,464.09403146,1116.70667072,2,0,0.0,0.0,0.0
1960,78.42,464.16816974,1116.89217203,2,0,0.0,0.0,0.0
1961,78.46,464.24281013,1117.0776614,2,0,0.0,0.0,0.0
1962,78.5,464.3169756,1117.26313111,2,0,0.0,0.0,0.0
1963,78.54,464.39003983,1117.44862195,2,0,0.0,0.0,0.0
1964,78.58,464.46125575,1117.6341055,2,0,0.0,0.0,0.0
1965,78.62,464.52967243,1117.81958306,2,0,0.0,0.0,0.0
1966,78.66,464.59680248,1118.00506937,2,0,0.0,0.0,0.0
1967,78.7,464.66325713,1118.19058547,2,0,0.0,0.0,0.0
1968,78.74,464.73078269,1118.37612424,2,0,0.0,0.0,0.0
1969,78.78,464.80032697,1118.56165534,2,0,0.0,0.0,0.0
1970,78.82,464.87174662,1118.74718673,2,0,0.0,0.0,0.0
1971,78.86,464.94387492,1118.93271785,2,0,0.0,0.0,0.0
1972,78.9,465.01573625,1119.11825344,2,0,0.0,0.0,0.0
1973,78.94,465.08765132,1119.30378305,2,0,0.0,0.0,0.0
1974,78.98,465.16022811,1119.48929246,2,0,0.0,0.0,0.0
1975,79.02,465.23453368,1119.67478964,2,0,0.0,0.0,0.0
1976,79.06,465.30975932,1119.86030158,2,0,0.0,0.0,0.0
1977,79.1,465.38609752,1120.04581726,2,0,0.0,0.0,0.0
1978,79.14,465.46242291,1120.23133146,2,0,0.0,0.0,0.0
1979,79.18,465.53888754,1120.4168501,2,0,0.0,0.0,0.0
1980,79.22,465.6157138,1120.60236741,2,0,0.0,0.0,0.0
1981,79.26,465.69257464,1120.78788242,2,0,0.0,0.0,0.0
1982,79.3,465.76855728,1120.9733986,2,0,0.0,0.0,0.0
1983,79.34,465.84409728,1121.15890894,2,0,0.0,0.0,0.0
1984,79.38,465.91828497,1121.34441878,2,0,0.0,0.0,0.0
1985,79.42,465.99151675,1121.52992299,2,0,0.0,0.0,0.0
1986,79.46,466.06423621,1121.71542035,2,0,0.0,0.0,0.0
1987,79.5,466.13669609,1121.90091013,2,0,0.0,0.0,0.0
1988,79.54,466.20967492,1122.08640976,2,0,0.0,0.0,0.0
1989,79.58,466.28333961,1122.27192202,2,0,0.0,0.0,0.0
1990,79.62,466.35735004,1122.45741647,2,0,0.0,0.0,0.0
1991,79.66,466.43126952,1122.64291743,2,0,0.0,0.0,0.0
1992,79.7,466.50437391,1122.82842097,2,0,0.0,0.0,0.0
1993,79.74,466.57620651,1123.0139272,2,0,0.0,0.0,0.0
1994,79.78,466.6476415,1123.19944247,2,0,0.0,0.0,0.0
1995,79.82,466.71792322,1123.38494764,2,0,0.0,0.0,0.0
1996,79.86,466.78812127,1123.57047878,2,0,0.0,0.0,0.0
1997,79.9,466.8587445,1123.75602792,2,0,0.0,0.0,0.0
1998,79.94,466.92966707,1123.94158787,2,0,0.0,0.0,0.0
1999,79.98,467.00092521,1124.12717119,2,0,0.0,0.0,0.0
2000,80.02,467.07288029,1124.31275619,2,0,0.0,0.0,0.0
2001,80.06,467.14532724,1124.49833302,2,0,0.0,0.0,0.0
2002,80.1,467.21660718,1124.68391536,2,0,0.0,0.0,0.0
2003,80.14,467.28684371,1124.8694979,2,0,0.0,0.0,0.0
2004,80.18,467.35674855,1125.055081,2,0,0.0,0.0,0.0
2005,80.22,467.42712247,1125.2406755,2,0,0.0,0.0,0.0
2006,80.26,467.49786724,1125.42626204,2,0,0.0,0.0,0.0
2007,80.3,467.5696045,1125.61185125,2,0,0.0,0.0,0.0
2008,80.34,467.64354161,1125.79744558,2,0,0.0,0.0,0.0
2009,80.38,467.7194911,1125.98304937,2,0,0.0,0.0,0.0
2010,80.42,467.79542772,1126.16865801,2,0,0.0,0.0,0.0
2011,80.46,467.87079466,1126.35425963,2,0,0.0,0.0,0.0
2012,80.5,467.94600929,1126.53984949,2,0,0.0,0.0,0.0
2013,80.54,468.02217539,1126.7254346,2,0,0.0,0.0,0.0
2014,80.58,468.09837812,1126.91101133,2,0,0.0,0.0,0.0
2015,80.62,468.1732633,1127.09659859,2,0,0.0,0.0,0.0
2016,80.66,468.24671428,1127.28217506,2,0,0.0,0.0,0.0
2017,80.7,468.31990554,1127.46775098,2,0,0.0,0.0,0.0
2018,80.74,468.39322398,1127.65332353,2,0,0.0,0.0,0.0
2019,80.78,468.46611932,1127.83889065,2,0,0.0,0.0,0.0
2020,80.82,468.53867037,1128.02447875,2,0,0.0,0.0,0.0
2021,80.86,468.61184625,1128.21007189,2,0,0.0,0.0,0.0
2022,80.9,468.68468512,1128.39567349,2,0,0.0,0.0,0.0
2023,80.94,468.75749445,1128.58128448,2,0,0.0,0.0,0.0
2024,80.98,468.8305762,1128.76689398,2,0,0.0,0.0,0.0
2025,81.02,468.9037015,1128.95248501,2,0,0.0,0.0,0.0
2026,81.06,468.97778133,1129.13807321,2,0,0.0,0.0,0.0
2027,81.1,469.05265454,1129.32367853,2,0,0.0,0.0,0.0
2028,81.14,469.12761387,1129.50928647,2,0,0.0,0.0,0.0
2029,81.18,469.20322593,1129.69488971,2,0,0.0,0.0,0.0
2030,81.22,469.27896678,1129.88050966,2,0,0.0,0.0,0.0
2031,81.26,469.35488304,1130.06612165,2,0,0.0,0.0,0.0
2032,81.3,469.4297517,1130.25173182,2,0,0.0,0.0,0.0
2033,81.34,469.50322851,1130.43732975,2,0,0.0,0.0,0.0
2034,81.38,469.57498174,1130.62291275,2,0,0.0,0.0,0.0
2035,81.42,469.64536208,1130.80850365,2,0,0.0,0.0,0.0
2036,81.46,469.71419619,1130.99409705,2,0,0.0,0.0,0.0
2037,81.5,469.78136335,1131.17968443,2,0,0.0,0.0,0.0
2038,81.54,469.8481674,1131.36529345,2,0,0.0,0.0,0.0
2039,81.58,469.91645725,1131.55092041,2,0,0.0,0.0,0.0
2040,81.62,469.98594922,1131.73656553,2,0,0.0,0.0,0.0
2041,81.66,470.05746472,1131.92219963,2,0,0.0,0.0,0.0
2042,81.7,470.13072946,1132.10783139,2,0,0.0,0.0,0.0
2043,81.74,470.20445551,1132.2934534,2,0,0.0,0.0,0.0
2044,81.78,470.27883392,1132.47905924,2,0,0.0,0.0,0.0
2045,81.82,470.35330431,1132.66466349,2,0,0.0,0.0,0.0
2046,81.86,470.42774141,1132.85026515,2,0,0.0,0.0,0.0
2047,81.9,470.50228334,1133.03587687,2,0,0.0,0.0,0.0
2048,81.94,470.57705082,1133.22143977,2,0,0.0,0.0,0.0
2049,81.98,470.65189173,1133.40699969,2,0,0.0,0.0,0.0
2050,82.02,470.72667458,1133.59257063,2,0,0.0,0.0,0.0
2051,82.06,470.80225493,1133.77814566,2,0,0.0,0.0,0.0
2052,82.1,470.87889351,1133.96371368,2,0,0.0,0.0,0.0
2053,82.14,470.95622851,1134.14926411,2,0,0.0,0.0,0.0
2054,82.18,471.03351473,1134.33482904,2,0,0.0,0.0,0.0
2055,82.22,471.11085052,1134.52040303,2,0,0.0,0.0,0.0
2056,82.26,471.18790447,1134.70598958,2,0,0.0,0.0,0.0
2057,82.3,471.26447876,1134.89159328,2,0,0.0,0.0,0.0
2058,82.34,471.34088226,1135.07721691,2,0,0.0,0.0,0.0
2059,82.38,471.41633778,1135.26288275,2,0,0.0,0.0,0.0
2060,82.42,471.49111403,1135.44854909,2,0,0.0,0.0,0.0
2061,82.46,471.56515548,1135.63422142,2,0,0.0,0.0,0.0
2062,82.5,471.63854705,1135.81991082,2,0,0.0,0.0,0.0
2063,82.54,471.71143288,1136.00560518,2,0,0.0,0.0,0.0
2064,82.58,471.78487971,1136.19128816,2,0,0.0,0.25,2.0
2065,82.62,471.85818742,1136.37698579,2,0,0.0,0.5,4.0
2066,82.66,471.93054846,1136.56269875,2,0,0.0,0.5,4.0
2067,82.7,472.00183984,1136.74843252,2,0,0.0,0.5,4.0
2068,82.74,472.07211716,1136.93413058,2,0,0.0,0.5,4.0
2069,82.78,472.14193251,1137.11981478,2,0,0.0,0.75,5.0
2070,82.82,472.21237475,1137.30549956,2,0,0.0,0.75,5.0
2071,82.86,472.28353185,1137.49116775,2,0,0.0,1.0,6.0
2072,82.9,472.35535374,1137.67682265,2,0,0.0,1.0,6.0
2073,82.94,472.42915461,1137.86250667,2,0,0.0,1.0,6.0
2074,82.98,472.50267273,1138.04819338,2,0,0.0,1.0,6.0
2075,83.02,472.57509879,1138.23387987,2,0,0.0,1.0,6.0
2076,83.06,472.64601908,1138.41958568,2,0,0.0,1.0,6.0
2077,83.1,472.71619303,1138.60528968,2,0,0.0,1.0,6.0
2078,83.14,472.78626065,1138.79099579,2,0,0.0,1.0,6.0
2079,83.18,472.85734575,1138.9767117,2,0,0.0,1.0,6.0
2080,83.22,472.92876974,1139.16244799,2,0,0.0,1.0,6.0
2081,83.26,473.00167212,1139.34818705,2,0,0.0,1.0,6.0
2082,83.3,473.07572905,1139.53392839,2,0,0.0,1.0,6.0
2083,83.34,473.15052545,1139.71966348,2,0,0.0,1.0,6.0
2084,83.38,473.22588616,1139.90543142,2,0,0.0,1.25,7.0
2085,83.42,473.29997938,1140.0912037,2,0,0.0,1.25,7.0
2086,83.46,473.3723086,1140.27699181,2,0,0.0,1.5,8.0
2087,83.5,473.44409151,1140.46277407,2,0,0.0,1.5,8.0
2088,83.54,473.5168076,1140.648547,2,0,0.0,1.5,8.0
2089,83.58,473.5880983,1140.83431891,2,0,0.0,1.5,8.0
2090,83.62,473.65826773,1141.02008152,2,0,0.0,1.5,8.0
2091,83.66,473.72806549,1141.20583284,2,0,0.0,1.5,8.0
2092,83.7,473.79794103,1141.39158579,2,0,0.0,1.5,8.0
2093,83.74,473.86840261,1141.57732715,2,0,0.0,1.75,10.0
2094,83.78,473.93919812,1141.76306483,2,0,0.0,2.25,12.0
2095,83.82,474.01070009,1141.94879201,2,0,0.0,2.25,12.0
2096,83.86,474.08316395,1142.13449715,2,0,0.0,2.25,12.0
2097,83.9,474.15676108,1142.32020418,2,0,0.0,2.25,12.0
2098,83.94,474.23032728,1142.50589497,2,0,0.0,2.25,12.0
2099,83.98,474.30403507,1142.69156224,2,0,0.0,2.25,12.0
2100,84.02,474.37870895,1142.8772256,2,0,0.0,2.25,12.0
2101,84.06,474.45426058,1143.06289166,2,0,0.0,2.25,12.0
2102,84.1,474.52968371,1143.24856047,2,0,0.0,2.25,12.0
2103,84.14,474.60565009,1143.43421752,2,0,0.0,2.25,12.0
2104,84.18,474.68252927,1143.61988444,2,0,0.0,2.25,12.0
2105,84.22,474.76094565,1143.80556229,2,0,0.0,2.25,12.0
2106,84.26,474.84135655,1143.99125966,2,0,0.0,2.25,12.0
2107,84.3,474.92275734,1144.17696112,2,0,0.0,2.25,12.0
2108,84.34,475.00501918,1144.36265687,2,0,0.0,2.25,12.0
2109,84.38,475.08716024,1144.54835963,2,0,0.0,2.5,13.0
2110,84.42,475.16836937,1144.73408161,2,0,0.0,3.0,13.0
2111,84.46,475.247555,1144.91980481,2,0,0.0,3.0,13.0
2112,84.5,475.32416059,1145.10553025,2,0,0.0,3.0,13.0
2113,84.54,475.39845969,1145.2912417,2,0,0.0,3.0,13.0
2114,84.58,475.47055621,1145.47694458,2,0,0.0,3.0,13.0
2115,84.62,475.54201141,1145.66262306,2,0,0.0,3.0,13.0
2116,84.66,475.61158262,1145.84829566,2,0,0.0,3.0,13.0
2117,84.7,475.67854884,1146.03398205,2,0,0.0,3.0,13.0
2118,84.74,475.74624292,1146.21967492,2,0,0.0,3.0,13.0
2119,84.78,475.81489751,1146.40538594,2,0,0.0,3.0,13.0
2120,84.82,475.88429782,1146.59109873,2,0,0.0,3.0,13.0
2121,84.86,475.95467405,1146.7768207,2,0,0.0,3.0,13.0
2122,84.9,476.0245106,1146.96253561,2,0,0.0,3.0,13.0
2123,84.94,476.0940224,1147.14824505,2,0,0.0,3.0,13.0
2124,84.98,476.16408906,1147.33395253,2,0,0.0,3.0,13.0
2125,85.02,476.2344434,1147.51967136,2,0,0.0,3.0,13.0
2126,85.06,476.30418457,1147.70539553,2,0,0.0,3.75,14.0
2127,85.1,476.37211971,1147.8911447,2,0,0.0,3.75,14.0
2128,85.14,476.44021979,1148.07692102,2,0,0.0,3.75,14.0
2129,85.18,476.50921606,1148.26270075,2,0,0.0,3.75,14.0
2130,85.22,476.57880203,1148.44848147,2,0,0.0,3.75,14.0
2131,85.26,476.6499978,1148.6342653,2,0,0.0,3.75,14.0
2132,85.3,476.72226762,1148.82005005,2,0,0.0,3.75,14.0
2133,85.34,476.79414535,1149.00583824,2,0,0.0,3.75,14.0
2134,85.38,476.86474394,1149.19163856,2,0,0.0,3.75,14.0
2135,85.42,476.9357585,1149.37743953,2,0,0.0,3.75,14.0
2136,85.46,477.00792769,1149.56324512,2,0,0.0,3.75,14.0
2137,85.5,477.08096634,1149.74904887,2,0,0.0,3.75,14.0
2138,85.54,477.15511465,1149.93486587,2,0,0.0,3.75,14.0
2139,85.58,477.23074448,1150.12068348,2,0,0.0,3.75,14.0
2140,85.62,477.30675027,1150.30650696,2,0,0.0,3.75,14.0
2141,85.66,477.3827449,1150.49234677,2,0,0.0,3.75,14.0
2142,85.7,477.45972189,1150.67816366,2,0,0.0,4.5,15.0
2143,85.74,477.53712536,1150.8639729,2,0,0.0,4.5,15.0
2144,85.78,477.61353521,1151.04977309,2,0,0.0,5.0,17.0
2145,85.82,477.68874586,1151.23556677,2,0,0.0,5.0,17.0
2146,85.86,477.76289671,1151.42136948,2,0,0.0,5.0,17.0
2147,85.9,477.83641783,1151.60718616,2,0,0.0,5.0,17.0
2148,85.94,477.90990462,1151.79301172,2,0,0.0,5.0,17.0
2149,85.98,477.98365638,1151.97882651,2,0,0.0,5.0,17.0
2150,86.02,478.05753603,1152.16463419,2,0,0.0,5.0,17.0
2151,86.06,478.13195522,1152.35043267,2,0,0.0,5.0,17.0
2152,86.1,478.20668822,1152.53625141,2,0,0.0,5.0,17.0
2153,86.14,478.28187735,1152.72209022,2,0,0.0,5.0,17.0
2154,86.18,478.35768355,1152.90792098,2,0,0.0,5.25,17.0
2155,86.22,478.43354349,1153.0937467,2,0,0.0,5.25,17.0
2156,86.26,478.50846414,1153.27957775,2,0,0.0,5.5,17.0
2157,86.3,478.58254072,1153.4654054,2,0,0.0,5.5,17.0
2158,86.34,478.65618421,1153.65122528,2,0,0.0,6.25,18.0
2159,86.38,478.72934644,1153.83704876,2,0,0.0,6.25,18.0
2160,86.42,478.80129753,1154.02287394,2,0,0.0,6.25,18.0
2161,86.46,478.87201984,1154.20871341,2,0,0.0,6.5,18.0
2162,86.5,478.94155669,1154.39457294,2,0,0.0,6.5,18.0
2163,86.54,479.01103809,1154.58044634,2,0,0.0,6.5,18.0
2164,86.58,479.08033069,1154.76633347,2,0,0.0,6.5,18.0
2165,86.62,479.14979454,1154.95222634,2,0,0.0,6.5,18.0
2166,86.66,479.21995087,1155.13812247,2,0,0.0,6.5,18.0
2167,86.7,479.29044527,1155.32400962,2,0,0.0,6.5,18.0
2168,86.74,479.3608893,1155.5098971,2,0,0.0,6.5,18.0
2169,86.78,479.43047106,1155.69576585,2,0,0.0,6.75,18.0
2170,86.82,479.50018777,1155.8816241,2,0,0.0,6.75,18.0
2171,86.86,479.5709281,1156.0674902,2,0,0.0,6.75,18.0
2172,86.9,479.64317877,1156.25336369,2,0,0.0,6.75,18.0
2173,86.94,479.71648784,1156.43924183,2,0,0.0,6.75,18.0
2174,86.98,479.7904123,1156.62512784,2,0,0.0,7.25,19.0
2175,87.02,479.86551261,1156.8110164,2,0,0.0,7.5,19.0
2176,87.06,479.94182625,1156.99690149,2,0,0.0,7.5,19.0
2177,87.1,480.01811964,1157.18279827,2,0,0.0,7.5,19.0
2178,87.14,480.09410684,1157.36867815,2,0,0.0,7.5,19.0
2179,87.18,480.16975464,1157.55454475,2,0,0.0,7.5,19.0
2180,87.22,480.24394983,1157.74039734,2,0,0.0,7.5,19.0
2181,87.26,480.316916,1157.92625217,2,0,0.0,7.5,19.0
2182,87.3,480.38976063,1158.11212699,2,0,0.0,7.5,19.0
2183,87.34,480.46331044,1158.29800824,2,0,0.0,7.5,19.0
2184,87.38,480.53611808,1158.48387374,2,0,0.0,7.5,19.0
2185,87.42,480.60708018,1158.66972786,2,0,0.0,7.5,19.0
2186,87.46,480.67717337,1158.85557707,2,0,0.0,7.5,19.0
2187,87.5,480.74725983,1159.04141069,2,0,0.0,7.5,19.0
2188,87.54,480.8181438,1159.22724127,2,0,0.0,7.5,19.0
2189,87.58,480.89004353,1159.41307756,2,0,0.0,7.5,19.0
2190,87.62,480.96252844,1159.59891661,2,0,0.0,8.0,20.0
2191,87.66,481.03483268,1159.7847606,2,0,0.0,8.25,20.0
2192,87.7,481.10684697,1159.97059866,2,0,0.0,8.25,20.0
2193,87.74,481.17889751,1160.15644822,2,0,0.0,8.25,20.0
2194,87.78,481.25163754,1160.34229233,2,0,0.0,8.25,20.0
2195,87.82,481.32510069,1160.52812624,2,0,0.0,8.25,20.0
2196,87.86,481.3992872,1160.71397842,2,0,0.0,8.25,20.0
2197,87.9,481.47383602,1160.89984427,2,0,0.0,8.25,20.0
2198,87.94,481.54851837,1161.08572218,2,0,0.0,8.25,20.0
2199,87.98,481.70944456,1161.4377402,2,0,0.01547112,8.25,20.0
2200,88.02,481.90067493,1161.85695036,2,0,0.04578028,8.25,20.0
2201,88.06,482.09102819,1162.27615776,2,0,0.04578028,7.5,19.0
2202,88.1,482.28066544,1162.69537577,2,0,0.04578028,7.5,19.0
2203,88.14,482.47026357,1163.11460325,2,0,0.04578028,7.5,19.0
2204,88.18,482.65998996,1163.5338321,2,0,0.04578028,7.5,19.0
2205,88.22,482.8502071,1163.95306195,2,0,0.04578028,7.5,19.0
2206,88.26,483.04060406,1164.37230177,2,0,0.04578028,7.5,19.0
2207,88.3,483.23175007,1164.79153309,2,0,0.04578028,6.75,18.0
2208,88.34,483.42373706,1165.21072133,2,0,0.04578028,6.75,18.0
2209,88.38,483.61608678,1165.62988728,2,0,0.04578028,6.75,18.0
2210,88.42,483.80816119,1166.0490455,2,0,0.04578028,6.75,18.0
2211,88.46,483.99980579,1166.46821607,2,0,0.04578028,6.75,18.0
2212,88.5,484.19108225,1166.88740489,2,0,0.04578028,6.75,18.0
2213,88.54,484.38201275,1167.30661624,2,0,0.04578028,6.0,17.0
2214,88.58,484.57256752,1167.72583815,2,0,0.04578028,6.0,17.0
2215,88.62,484.76340308,1168.14506688,2,0,0.04578028,6.0,17.0
2216,88.66,484.95450814,1168.56433375,2,0,0.04578028,6.0,17.0
2217,88.7,485.14631841,1168.98361632,2,0,0.04578028,6.0,17.0
2218,88.74,485.33784534,1169.40290709,2,0,0.04578028,6.0,17.0
2219,88.78,485.52833955,1169.82220329,2,0,0.04578028,5.25,16.0
2220,88.82,485.71758429,1170.24149954,2,0,0.04578028,5.25,16.0
2221,88.86,485.90474203,1170.66080699,2,0,0.04578028,5.25,16.0
2222,88.9,486.09209504,1171.08011366,2,0,0.04578028,5.25,16.0
2223,88.94,486.27996548,1171.49942236,2,0,0.04578028,5.25,16.0
2224,88.98,486.46899329,1171.91875112,2,0,0.04578028,5.25,16.0
2225,89.02,486.65850922,1172.33808303,2,0,0.04578028,4.5,15.0
2226,89.06,486.84807474,1172.75741921,2,0,0.04578028,4.5,15.0
2227,89.1,487.03678339,1173.17675741,2,0,0.04578028,4.5,15.0
2228,89.14,487.22562788,1173.59609149,2,0,0.04578028,4.5,15.0
2229,89.18,487.41379018,1174.01542177,2,0,0.04578028,4.5,15.0
2230,89.22,487.60253964,1174.43473655,2,0,0.04578028,3.75,14.0
2231,89.26,487.7921444,1174.85404764,2,0,0.04578028,3.75,14.0
2232,89.3,487.98285549,1175.27335355,2,0,0.04578028,4.0,15.0
2233,89.34,488.17445918,1175.69264698,2,0,0.04578028,4.0,15.0
2234,89.38,488.3660719,1176.11193212,2,0,0.04578028,4.0,15.0
2235,89.42,488.55783941,1176.5312284,2,0,0.04578028,4.0,15.0
2236,89.46,488.75016818,1176.95052386,2,0,0.04578028,3.5,12.0
2237,89.5,488.86080745,1175.21385277,1,0,0.0,3.5,12.0
2238,89.54,488.93727212,1175.4008223,1,0,0.0,3.75,12.0
2239,89.58,489.01442493,1175.58776998,1,0,0.0,3.75,12.0
2240,89.62,489.09226837,1175.77473505,1,0,0.0,4.0,12.0
2241,89.66,489.1695556,1175.96170326,1,0,0.0,4.0,12.0
2242,89.7,489.24475684,1176.14866677,1,0,0.0,4.0,12.0
2243,89.74,489.31883159,1176.33562293,1,0,0.0,4.0,12.0
2244,89.78,489.38626163,1178.51624209,2,0,0.0,4.0,12.0
2245,89.82,489.44630738,1178.67871715,2,0,0.0,4.0,12.0
2246,89.86,489.50488671,1178.84119291,2,0,0.0,4.0,12.0
2247,89.9,489.56170281,1179.00367436,2,0,0.0,4.0,12.0
2248,89.94,489.61693003,1179.16616269,2,0,0.0,4.0,12.0
2249,89.98,489.67127231,1179.32866017,2,0,0.0,4.0,12.0
2250,90.02,489.72624274,1179.49114912,2,0,0.0,4.0,12.0
2251,90.06,489.78370939,1179.65363622,2,0,0.0,4.5,12.0
2252,90.1,489.84255337,1179.81609869,2,0,0.0,4.5,12.0
2253,90.14,489.90264535,1179.97855821,2,0,0.0,4.5,12.0
2254,90.18,489.96416834,1180.14101689,2,0,0.0,4.5,12.0
2255,90.22,490.02705319,1180.30349153,2,0,0.0,4.5,12.0
2256,90.26,490.09129392,1180.46597379,2,0,0.0,4.5,12.0
2257,90.3,490.15670004,1180.62846102,2,0,0.0,4.5,12.0
2258,90.34,490.22240282,1180.79095309,2,0,0.0,4.5,12.0
2259,90.38,490.28758122,1180.95343794,2,0,0.0,4.5,12.0
2260,90.42,490.35202592,1181.11592661,2,0,0.0,4.5,12.0
2261,90.46,490.41486371,1181.27842502,2,0,0.0,4.5,12.0
2262,90.5,490.47582587,1181.44092657,2,0,0.0,4.5,12.0
2263,90.54,490.53548022,1181.60344806,2,0,0.0,4.5,12.0
2264,90.58,490.59368769,1181.76597417,2,0,0.0,4.5,12.0
2265,90.62,490.65079144,1181.92851766,2,0,0.0,4.5,12.0
2266,90.66,490.70868162,1182.09105427,2,0,0.0,4.5,12.0
2267,90.7,490.76824737,1182.25358836,2,0,0.0,4.5,12.0
2268,90.74,490.82923335,1182.41611892,2,0,0.0,4.5,12.0
2269,90.78,490.89221663,1182.57865832,2,0,0.0,4.5,12.0
2270,90.82,490.95574698,1182.74118663,2,0,0.0,4.5,12.0
2271,90.86,491.01938658,1182.90371914,2,0,0.0,4.5,12.0
2272,90.9,491.08308694,1183.06625283,2,0,0.0,4.5,12.0
2273,90.94,491.14563736,1183.2287855,2,0,0.0,4.5,12.0
2274,90.98,491.20689525,1183.39131834,2,0,0.0,4.5,12.0
2275,91.02,491.26746815,1183.55385406,2,0,0.0,4.5,12.0
2276,91.06,491.32865356,1183.71638185,2,0,0.0,4.5,12.0
2277,91.1,491.39072257,1183.87889747,2,0,0.0,4.5,12.0
2278,91.14,491.45255469,1184.04141062,2,0,0.0,4.5,12.0
2279,91.18,491.51473923,1184.20392367,2,0,0.0,4.5,12.0
2280,91.22,491.57711576,1184.36642633,2,0,0.0,4.5,12.0
2281,91.26,491.63933755,1184.52893168,2,0,0.0,4.5,12.0
2282,91.3,491.7020849,1184.69144408,2,0,0.0,4.5,12.0
2283,91.34,491.76364603,1184.8539618,2,0,0.0,4.5,12.0
2284,91.38,491.82565335,1185.01648541,2,0,0.0,4.5,12.0
2285,91.42,491.88823887,1185.17900564,2,0,0.0,4.5,12.0
2286,91.46,491.95170977,1185.34153416,2,0,0.0,4.5,12.0
2287,91.5,492.01578724,1185.50406705,2,0,0.0,4.5,12.0
2288,91.54,492.07927116,1185.66661398,2,0,0.0,4.5,12.0
2289,91.58,492.14217351,1185.82916783,2,0,0.0,4.5,12.0
2290,91.62,492.20433216,1185.99172562,2,0,0.0,4.5,12.0
2291,91.66,492.26610453,1186.15429119,2,0,0.0,4.5,12.0
2292,91.7,492.32693865,1186.31685998,2,0,0.0,4.5,12.0
2293,91.74,492.38681425,1186.47943524,2,0,0.0,4.5,12.0
2294,91.78,492.44709009,1186.64202404,2,0,0.0,4.5,12.0
2295,91.82,492.50824281,1186.80460741,2,0,0.0,4.5,12.0
2296,91.86,492.5703236,1186.96719039,2,0,0.0,4.5,12.0
2297,91.9,492.63341581,1187.12976388,2,0,0.0,4.5,12.0
2298,91.94,492.69839162,1187.29232343,2,0,0.0,4.5,12.0
2299,91.98,492.76378221,1187.45490115,2,0,0.0,4.5,12.0
2300,92.02,492.82562757,1187.61748025,2,0,0.0,4.5,12.0
2301,92.06,492.88382995,1187.78007056,2,0,0.0,4.5,12.0
2302,92.1,492.94152614,1187.94266488,2,0,0.0,4.5,12.0
2303,92.14,492.99885759,1188.10524106,2,0,0.0,4.5,12.0
2304,92.18,493.05663645,1188.26780316,2,0,0.0,4.5,12.0
2305,92.22,493.11498976,1188.43035758,2,0,0.0,4.5,12.0
2306,92.26,493.173636,1188.5929102,2,0,0.0,4.5,12.0
2307,92.3,493.23180121,1188.7554567,2,0,0.0,4.5,12.0
2308,92.34,493.28918196,1188.91801042,2,0,0.0,4.5,12.0
2309,92.38,493.3470683,1189.0805694,2,0,0.0,4.5,12.0
2310,92.42,493.40493558,1189.24314389,2,0,0.0,4.5,12.0
2311,92.46,493.46259285,1189.40571727,2,0,0.0,4.5,12.0
2312,92.5,493.5198068,1189.56827999,2,0,0.0,4.5,12.0
2313,92.54,493.57805519,1189.73085315,2,0,0.0,4.5,12.0
2314,92.58,493.63799717,1189.89344212,2,0,0.0,4.5,12.0
2315,92.62,493.69898017,1190.05605706,2,0,0.0,4.5,12.0
2316,92.66,493.76005311,1190.21868025,2,0,0.0,4.5,12.0
2317,92.7,493.82036542,1190.38130046,2,0,0.0,4.5,12.0
2318,92.74,493.88102748,1190.54392709,2,0,0.0,4.5,12.0
2319,92.78,493.94114787,1190.70656109,2,0,0.0,4.5,12.0
2320,92.82,494.00212964,1190.86919985,2,0,0.0,4.5,12.0
2321,92.86,494.06391058,1191.0318443,2,0,0.0,4.5,12.0
2322,92.9,494.1261869,1191.19449808,2,0,0.0,4.5,12.0
2323,92.94,494.18868909,1191.35713271,2,0,0.0,4.5,12.0
2324,92.98,494.25123953,1191.51975763,2,0,0.0,4.5,12.0
2325,93.02,494.31350868,1191.68237369,2,0,0.0,4.5,12.0
2326,93.06,494.37634215,1191.84498283,2,0,0.0,4.5,12.0
2327,93.1,494.43961316,1192.00759761,2,0,0.0,4.5,12.0
2328,93.14,494.50344223,1192.17019991,2,0,0.0,4.5,12.0
2329,93.18,494.56777681,1192.33279942,2,0,0.0,4.5,12.0
2330,93.22,494.63212348,1192.49538856,2,0,0.0,4.5,12.0
2331,93.26,494.69672733,1192.6579904,2,0,0.0,4.5,12.0
2332,93.3,494.76167955,1192.82058018,2,0,0.0,4.5,12.0
2333,93.34,494.82594252,1192.98316082,2,0,0.0,4.5,12.0
2334,93.38,494.88836663,1193.1457576,2,0,0.0,4.5,12.0
2335,93.42,494.94928741,1193.30837598,2,0,0.0,4.5,12.0
2336,93.46,495.01058578,1193.47099523,2,0,0.0,4.5,12.0
2337,93.5,495.07061671,1193.63363398,2,0,0.0,4.5,12.0
2338,93.54,495.13202976,1193.79627367,2,0,0.0,4.5,12.0
2339,93.58,495.19434004,1193.95891079,2,0,0.0,4.5,12.0
2340,93.62,495.25703549,1194.12152692,2,0,0.0,4.5,12.0
2341,93.66,495.32052686,1194.28415146,2,0,0.0,4.5,12.0
2342,93.7,495.38459334,1194.44678416,2,0,0.0,4.5,12.0
2343,93.74,495.44849702,1194.60941576,2,0,0.0,4.5,12.0
2344,93.78,495.51078821,1194.77205624,2,0,0.0,4.5,12.0
2345,93.82,495.57171171,1194.93472005,2,0,0.0,4.5,12.0
2346,93.86,495.63301865,1195.09738808,2,0,0.0,4.5,12.0
2347,93.9,495.69471626,1195.26005829,2,0,0.0,4.5,12.0
2348,93.94,495.75710414,1195.42272209,2,0,0.0,4.5,12.0
2349,93.98,495.82004528,1195.58538971,2,0,0.0,4.5,12.0
2350,94.02,495.88302643,1195.74806054,2,0,0.0,4.5,12.0
2351,94.06,495.94565919,1195.91069877,2,0,0.0,4.5,12.0
2352,94.1,496.00840708,1196.07335105,2,0,0.0,4.5,12.0
2353,94.14,496.07035555,1196.23602574,2,0,0.0,4.5,12.0
2354,94.18,496.13213958,1196.39871341,2,0,0.0,4.5,12.0
2355,94.22,496.19405795,1196.5614112,2,0,0.0,4.5,12.0
2356,94.26,496.25658279,1196.72409624,2,0,0.0,4.5,12.0
2357,94.3,496.31855257,1196.88676708,2,0,0.0,4.5,12.0
2358,94.34,496.37986321,1197.04944682,2,0,0.0,4.5,12.0
2359,94.38,496.44182174,1197.21211871,2,0,0.0,4.5,12.0
2360,94.42,496.50441405,1197.37479779,2,0,0.0,4.5,12.0
2361,94.46,496.56707941,1197.53747218,2,0,0.0,4.5,12.0
2362,94.5,496.62979169,1197.70013783,2,0,0.0,4.5,12.0
2363,94.54,496.69136027,1197.86281017,2,0,0.0,4.5,12.0
2364,94.58,496.75249083,1198.02546969,2,0,0.0,4.5,12.0
2365,94.62,496.81289421,1198.18811908,2,0,0.0,4.5,12.0
2366,94.66,496.8725269,1198.3507616,2,0,0.0,4.5,12.0
2367,94.7,496.93170363,1198.51340653,2,0,0.0,4.5,12.0
2368,94.74,496.99110965,1198.67603934,2,0,0.0,4.5,12.0
2369,94.78,497.04985999,1198.83866453,2,0,0.0,4.5,12.0
2370,94.82,497.10877298,1199.00129332,2,0,0.0,4.5,12.0
2371,94.86,497.16793366,1199.16392679,2,0,0.0,4.5,12.0
2372,94.9,497.2277454,1199.32653945,2,0,0.0,4.5,12.0
2373,94.94,497.28865185,1199.48915378,2,0,0.0,4.5,12.0
2374,94.98,497.35010665,1199.65178281,2,0,0.0,4.5,12.0
2375,95.02,497.41232942,1199.81441392,2,0,0.0,4.5,12.0
2376,95.06,497.47365772,1199.97704935,2,0,0.0,4.5,12.0
2377,95.1,497.53359448,1200.13969847,2,0,0.0,4.5,12.0
2378,95.14,497.59276315,1200.30234717,2,0,0.0,4.5,12.0
2379,95.18,497.65208009,1200.46499728,2,0,0.0,4.5,12.0
2380,95.22,497.71180229,1200.62765759,2,0,0.0,4.5,12.0
2381,95.26,497.77144136,1200.79031028,2,0,0.0,4.5,12.0
2382,95.3,497.83144198,1200.95299025,2,0,0.0,4.5,12.0
2383,95.34,497.89155883,1201.11569358,2,0,0.0,4.5,12.0
2384,95.38,497.95204855,1201.27841507,2,0,0.0,4.5,12.0
2385,95.42,498.01352913,1201.44113816,2,0,0.0,4.5,12.0
2386,95.46,498.07628593,1201.60385567,2,0,0.0,4.5,12.0
2387,95.5,498.13981868,1201.76657585,2,0,0.0,4.5,12.0
2388,95.54,498.20401866,1201.92929971,2,0,0.0,4.5,12.0
2389,95.58,498.26852495,1202.09202556,2,0,0.0,4.5,12.0
2390,95.62,498.33291335,1202.2547397,2,0,0.0,4.5,12.0
2391,95.66,498.39588002,1202.41744978,2,0,0.0,4.5,12.0
2392,95.7,498.45682481,1202.58016094,2,0,0.0,4.5,12.0
2393,95.74,498.51722803,1202.74287394,2,0,0.0,4.5,12.0
2394,95.78,498.578633,1202.90557365,2,0,0.0,4.5,12.0
2395,95.82,498.6414469,1203.06827727,2,0,0.0,4.5,12.0
2396,95.86,498.70682307,1203.23098555,2,0,0.0,4.5,12.0
2397,95.9,498.77423876,1203.39371597,2,0,0.0,4.5,12.0
2398,95.94,498.84252109,1203.55644039,2,0,0.0,4.5,12.0
2399,95.98,498.91048377,1203.71915394,2,0,0.0,4.5,12.0
2400,96.02,498.97711806,1203.8818657,2,0,0.0,4.5,12.0
2401,96.06,499.04197655,1204.04456928,2,0,0.0,4.5,12.0
2402,96.1,499.10438194,1204.2072784,2,0,0.0,4.5,12.0
2403,96.14,499.16503075,1204.36999615,2,0,0.0,4.5,12.0
2404,96.18,499.22436484,1204.53271318,2,0,0.0,4.5,12.0
2405,96.22,499.28256476,1204.6954335,2,0,0.0,4.5,12.0
2406,96.26,499.3402055,1204.85815249,2,0,0.0,4.5,12.0
2407,96.3,499.39721444,1205.02088588,2,0,0.0,4.5,12.0
2408,96.34,499.45534272,1205.18361812,2,0,0.0,4.5,12.0
2409,96.38,499.51357658,1205.34634761,2,0,0.0,4.5,12.0
2410,96.42,499.5707141,1205.50907006,2,0,0.0,4.5,12.0
2411,96.46,499.62779397,1205.67179812,2,0,0.0,4.5,12.0
2412,96.5,499.68557655,1205.83453836,2,0,0.0,4.5,12.0
2413,96.54,499.7438128,1205.99728721,2,0,0.0,4.5,12.0
2414,96.58,499.8026872,1206.16004646,2,0,0.0,4.5,12.0
2415,96.62,499.86142125,1206.32281599,2,0,0.0,4.5,12.0
2416,96.66,499.92102845,1206.48558083,2,0,0.0,4.5,12.0
2417,96.7,499.98162874,1206.64834709,2,0,0.0,4.5,12.0
2418,96.74,500.04355207,1206.81109263,2,0,0.0,4.5,12.0
2419,96.78,500.10716957,1206.97384329,2,0,0.0,4.5,12.0
2420,96.82,500.17069053,1207.13658424,2,0,0.0,4.5,12.0
2421,96.86,500.2345588,1207.29931756,2,0,0.0,4.5,12.0
2422,96.9,500.2986977,1207.46205927,2,0,0.0,4.5,12.0
2423,96.94,500.36237467,1207.62480092,2,0,0.0,4.5,12.0
2424,96.98,500.42489544,1207.78755235,2,0,0.0,4.5,12.0
2425,97.02,500.48647846,1207.95031151,2,0,0.0,4.5,12.0
2426,97.06,500.54805295,1208.1130881,2,0,0.0,4.5,12.0
2427,97.1,500.6091002,1208.27586785,2,0,0.0,4.5,12.0
2428,97.14,500.66972094,1208.43863851,2,0,0.0,4.5,12.0
2429,97.18,500.73146171,1208.60139399,2,0,0.0,4.5,12.0
2430,97.22,500.79325873,1208.76415413,2,0,0.0,4.5,12.0
2431,97.26,500.85414481,1208.92692458,2,0,0.0,4.5,12.0
2432,97.3,500.91364819,1209.08971716,2,0,0.0,4.5,12.0
2433,97.34,500.97158482,1209.25252253,2,0,0.0,4.5,12.0
2434,97.38,500.75566179,1209.40944316,2,0,0.0,4.5,12.0
2435,97.42,500.17911891,1209.55906761,2,0,0.0,4.5,12.0
2436,97.46,499.3933058,1209.70499225,2,0,0.0,4.5,12.0
2437,97.5,498.44246154,1209.84648914,2,0,0.0,4.5,12.0
2438,97.54,497.34894256,1209.98564171,2,0,0.0,4.5,12.0
2439,97.58,496.13208491,1210.12243909,2,0,0.0,4.5,12.0
2440,97.62,494.79831255,1210.25644328,2,0,0.0,4.5,12.0
2441,97.66,493.36154363,1210.38860273,2,0,0.0,4.5,12.0
2442,97.7,491.90396318,1204.94742199,2,0,0.0,4.5,12.0
2443,97.74,490.77665154,1199.64586623,2,0,0.0,4.5,12.0
2444,97.78,489.80665902,1196.300591,2,0,0.0,5.0,14.0
2445,97.82,488.93331971,1193.60484155,2,0,0.0,5.0,14.0
2446,97.86,488.13080284,1191.23463454,2,0,0.0,5.0,14.0
2447,97.9,487.38340343,1189.28401115,2,0,0.0,5.25,14.0
2448,97.94,486.67993607,1187.3562088,2,0,0.0,5.25,14.0
2449,97.98,486.01620951,1185.73537628,2,0,0.0,5.25,14.0
2450,98.02,485.38226484,1184.11531961,2,0,0.0,5.5,14.0
2451,98.06,484.77662504,1182.65284806,2,0,0.0,5.5,14.0
2452,98.1,484.19479086,1181.25343167,2,0,0.0,5.5,14.0
2453,98.14,483.6358103,1179.87078344,2,0,0.0,5.75,14.0
2454,98.18,483.09267288,1178.64162802,2,0,0.0,6.0,14.0
2455,98.22,482.56648296,1177.40924801,2,0,0.0,6.0,14.0
2456,98.26,482.05765132,1176.19751604,2,0,0.0,6.0,14.0
2457,98.3,481.5622613,1175.09973353,2,0,0.0,6.0,14.0
2458,98.34,481.07821397,1174.00006393,2,0,0.0,6.0,14.0
2459,98.38,480.60895796,1172.89808171,2,0,0.0,6.0,14.0
2460,98.42,480.15238597,1171.89244584,2,0,0.0,6.0,14.0
2461,98.46,479.7047671,1170.89885431,2,0,0.0,6.0,14.0
2462,98.5,479.26809161,1169.90379047,2,0,0.0,6.0,14.0
2463,98.54,478.8445646,1168.9338912,2,0,0.0,6.0,14.0
2464,98.58,478.42853032,1168.02527321,2,0,0.0,6.0,14.0
2465,98.62,478.00343395,1167.08586533,2,0,0.0,6.0,14.0
2466,98.66,477.49706987,1165.96843237,2,0,0.0,6.0,14.0
2467,98.7,476.99868272,1164.87909276,2,0,0.0,6.0,14.0
2468,98.74,476.5057845,1163.83200935,2,0,0.0,6.0,14.0
2469,98.78,476.01893127,1162.78492877,2,0,0.0,6.0,14.0
2470,98.82,475.53832823,1161.73784154,2,0,0.0,6.0,14.0
2471,98.86,475.06443528,1160.70548381,2,0,0.0,6.0,14.0
2472,98.9,474.59661112,1159.71743131,2,0,0.0,6.0,14.0
2473,98.94,474.13140728,1158.7293945,2,0,0.0,6.0,14.0
2474,98.98,473.66857197,1157.74136796,2,0,0.0,6.0,14.0
2475,99.02,473.21047329,1156.75333248,2,0,0.0,6.0,14.0
2476,99.06,472.75690077,1155.80645489,2,0,0.0,6.0,14.0
2477,99.1,472.30803985,1154.86855644,2,0,0.0,6.0,14.0
2478,99.14,471.86423196,1153.93064672,2,0,0.0,6.0,14.0
2479,99.18,471.42566495,1152.99273511,2,0,0.0,6.0,14.0
2480,99.22,470.99296054,1152.05732859,2,0,0.0,6.0,14.0
2481,99.26,470.54663987,1151.22157468,2,0,0.0,6.0,14.0
2482,99.3,469.79667024,1150.54857639,2,0,0.0,6.0,14.0
2483,99.34,468.81309416,1149.86972186,2,0,0.0,6.0,14.0
2484,99.38,467.65916115,1149.18621521,2,0,0.0,6.0,14.0
2485,99.42,466.36558118,1148.50234777,2,0,0.0,6.0,14.0
2486,99.46,464.95195483,1147.85376383,2,0,0.0,6.0,14.0
2487,99.5,463.42572649,1147.20019017,2,0,0.0,6.0,14.0
2488,99.54,461.80270291,1146.54270244,2,0,0.0,6.0,14.0
2489,99.58,460.08763827,1145.88508731,2,0,0.0,6.0,14.0
2490,99.62,458.5384511,1137.4108442,2,0,0.0,6.0,14.0
2491,99.66,457.2371447,1132.84526673,2,0,0.0,6.0,14.0
2492,99.7,456.04895765,1129.24942468,2,0,0.0,6.0,14.0
2493,99.74,454.93924495,1126.19614923,2,0,0.0,6.0,14.0
2494,99.78,453.8940358,1123.45864196,2,0,0.0,6.0,14.0
2495,99.82,452.89328112,1120.87931852,2,0,0.0,6.0,14.0
2496,99.86,451.93727917,1118.50052697,2,0,0.0,6.0,14.0
2497,99.9,451.01343333,1116.26508418,2,0,0.0,6.0,14.0
2498,99.94,450.11982688,1114.06978464,2,0,0.0,6.0,14.0
2499,99.98,449.25250406,1112.0507252,2,0,0.0,6.0,14.0
2500,100.02,448.41102709,1110.03106864,2,0,0.0,6.0,14.0
2501,100.06,447.59445945,1108.07258984,2,0,0.0,6.0,14.0
2502,100.1,446.79520239,1106.23407695,2,0,0.0,6.0,14.0
2503,100.14,446.01277988,1104.40540508,2,0,0.0,6.0,14.0
2504,100.18,445.2480534,1102.5986169,2,0,0.0,6.0,14.0
2505,100.22,444.49624172,1100.89574421,2,0,0.0,6.0,14.0
2506,100.26,443.755412,1099.1925204,2,0,0.0,6.0,14.0
2507,100.3,443.02750418,1097.48501546,2,0,0.0,6.0,14.0
2508,100.34,442.31294336,1095.85496087,2,0,0.0,6.0,14.0
2509,100.38,441.60667417,1094.27580827,2,0,0.0,6.0,14.0
2510,100.42,440.90858839,1092.69665912,2,0,0.0,6.0,14.0
2511,100.46,440.21973643,1091.11127362,2,0,0.0,6.0,14.0
2512,100.5,439.5419517,1089.58428757,2,0,0.0,6.0,14.0
2513,100.54,438.87246086,1088.08069784,2,0,0.0,6.0,14.0
2514,100.58,438.21174657,1086.58449845,2,0,0.0,6.0,14.0
2515,100.62,437.55811201,1085.10395094,2,0,0.0,6.0,14.0
2516,100.66,436.91332058,1083.65214291,2,0,0.0,6.0,14.0
2517,100.7,436.27520438,1082.23506648,2,0,0.0,6.0,14.0
2518,100.74,435.64403418,1080.81593062,2,0,0.0,6.0,14.0
2519,100.78,435.01993148,1079.39679775,2,0,0.0,6.0,14.0
2520,100.82,434.40334495,1077.97751555,2,0,0.0,6.0,14.0
2521,100.86,433.79362335,1076.62591195,2,0,0.0,6.0,14.0
2522,100.9,433.18896255,1075.28148092,2,0,0.0,6.0,14.0
2523,100.94,432.58916701,1073.9370534,2,0,0.0,6.0,14.0
2524,100.98,431.99436405,1072.59045224,2,0,0.0,6.0,14.0
2525,101.02,431.4058482,1071.24438904,2,0,0.0,6.0,14.0
2526,101.06,430.82173278,1069.94285322,2,0,0.0,6.0,14.0
2527,101.1,430.24341352,1068.64564386,2,0,0.0,6.0,14.0
2528,101.14,429.67048003,1067.36224918,2,0,0.0,6.0,14.0
2529,101.18,429.10309783,1066.07885075,2,0,0.0,6.0,14.0
2530,101.22,428.54022777,1064.79544542,2,0,0.0,6.0,14.0
2531,101.26,427.98112759,1063.5448713,2,0,0.0,6.0,14.0
2532,101.3,427.42633239,1062.29669747,2,0,0.0,6.0,14.0
2533,101.34,426.87575509,1061.04852362,2,0,0.0,6.0,14.0
2534,101.38,426.32946578,1059.80831984,2,0,0.0,6.0,14.0
2535,101.42,425.78722613,1058.57759742,2,0,0.0,6.0,14.0
2536,101.46,425.24852724,1057.3611375,2,0,0.0,6.0,14.0
2537,101.5,424.71243869,1056.16553054,2,0,0.0,6.0,14.0
2538,101.54,424.17996656,1054.96565905,2,0,0.0,6.0,14.0
2539,101.58,423.65199666,1053.7647764,2,0,0.0,6.0,14.0
2540,101.62,423.12844079,1052.56389928,2,0,0.0,6.0,14.0
2541,101.66,422.60982688,1051.37022803,2,0,0.0,6.0,14.0
2542,101.7,422.09451834,1050.20623537,2,0,0.0,6.0,14.0
2543,101.74,421.58085905,1049.05212124,2,0,0.0,6.0,14.0
2544,101.78,421.06999104,1047.89579627,2,0,0.0,6.0,14.0
2545,101.82,420.56222315,1046.73819216,2,0,0.0,6.0,14.0
2546,101.86,420.05880302,1045.57880661,2,0,0.0,6.0,14.0
2547,101.9,419.55949909,1044.41942936,2,0,0.0,6.0,14.0
2548,101.94,419.06386103,1043.28221552,2,0,0.0,6.0,14.0
2549,101.98,418.56895511,1042.16561939,2,0,0.0,6.0,14.0
2550,102.02,418.07467786,1041.04585044,2,0,0.0,6.0,14.0
2551,102.06,417.58207339,1039.92608375,2,0,0.0,6.0,14.0
2552,102.1,417.09134701,1038.80631143,2,0,0.0,6.0,14.0
2553,102.14,416.60306942,1037.68354511,2,0,0.0,6.0,14.0
2554,102.18,416.11828183,1036.57054601,2,0,0.0,6.0,14.0
2555,102.22,415.63578963,1035.47323261,2,0,0.0,6.0,14.0
2556,102.26,415.15500572,1034.38579365,2,0,0.0,6.0,14.0
2557,102.3,414.67664522,1033.29844787,2,0,0.0,6.0,14.0
2558,102.34,414.20070102,1032.21110348,2,0,0.0,6.0,14.0
2559,102.38,413.72780412,1031.12376207,2,0,0.0,6.0,14.0
2560,102.42,413.25815956,1030.03520411,2,0,0.0,6.0,14.0
2561,102.46,412.79071647,1028.96521451,2,0,0.0,6.0,14.0
2562,102.5,412.32484169,1027.89771342,2,0,0.0,6.0,14.0
2563,102.54,411.86203366,1026.83157235,2,0,0.0,6.0,14.0
2564,102.58,411.40167314,1025.77314671,2,0,0.0,6.0,14.0
2565,102.62,410.94345424,1024.71472374,2,0,0.0,6.0,14.0
2566,102.66,410.48761244,1023.65630842,2,0,0.0,6.0,14.0
2567,102.7,410.03379917,1022.60138559,2,0,0.0,6.0,14.0
2568,102.74,409.58092943,1021.5615064,2,0,0.0,6.25,15.0
2569,102.78,409.12916875,1020.52052533,2,0,0.0,6.5,16.0
2570,102.82,408.67882313,1019.47621682,2,0,0.0,7.0,16.0
2571,102.86,408.23024912,1018.44014375,2,0,0.0,7.0,16.0
2572,102.9,407.78281738,1017.40760996,2,0,0.0,7.0,16.0
2573,102.94,407.33683773,1016.37507497,2,0,0.0,7.5,16.0
2574,102.98,406.89206058,1015.34688599,2,0,0.0,7.5,16.0
2575,103.02,406.44821385,1014.33290746,2,0,0.0,7.5,16.0
2576,103.06,406.0055848,1013.31665711,2,0,0.0,7.5,16.0
2577,103.1,405.56561342,1012.29661435,2,0,0.0,7.5,16.0
2578,103.14,405.12859253,1011.276388,2,0,0.0,7.5,16.0
2579,103.18,404.69401684,1010.26570485,2,0,0.0,7.5,16.0
2580,103.22,404.2614132,1009.25648371,2,0,0.0,7.5,16.0
2581,103.26,403.82975167,1008.24883988,2,0,0.0,7.5,16.0
2582,103.3,403.39799336,1007.25650177,2,0,0.0,7.5,16.0
2583,103.34,402.96662414,1006.26416551,2,0,0.0,7.5,16.0
2584,103.38,402.53637685,1005.26747058,2,0,0.0,7.5,16.0
2585,103.42,402.10819561,1004.26901532,2,0,0.0,7.5,16.0
2586,103.46,401.68158603,1003.27056158,2,0,0.0,7.5,16.0
2587,103.5,401.25632808,1002.28128213,2,0,0.0,7.5,16.0
2588,103.54,400.83233564,1001.29310401,2,0,0.0,7.5,16.0
2589,103.58,400.40927105,1000.316602,2,0,0.0,7.5,16.0
2590,103.62,399.98612988,999.34384395,2,0,0.0,7.5,16.0
2591,103.66,399.56329185,998.37047214,2,0,0.0,7.5,16.0
2592,103.7,399.14230274,997.39273038,2,0,0.0,7.5,16.0
2593,103.74,398.72427141,996.41397159,2,0,0.0,7.5,16.0
2594,103.78,398.30843401,995.43521158,2,0,0.0,7.5,16.0
2595,103.82,397.8942652,994.46396925,2,0,0.0,7.5,16.0
2596,103.86,397.48200259,993.4981947,2,0,0.0,7.5,16.0
2597,103.9,397.07098909,992.54320733,2,0,0.0,7.5,16.0
2598,103.94,396.6607555,991.58821303,2,0,0.0,7.5,16.0
2599,103.98,396.25085121,990.63145682,2,0,0.0,7.5,16.0
2600,104.02,395.84142068,989.67234158,2,0,0.0,7.5,16.0
2601,104.06,395.43331761,988.7114652,2,0,0.0,7.5,16.0
2602,104.1,395.02721454,987.75059117,2,0,0.0,7.5,16.0
2603,104.14,394.62272698,986.79455904,2,0,0.0,7.5,16.0
2604,104.18,394.21919744,985.84974944,2,0,0.0,7.5,16.0
2605,104.22,393.81614731,984.91092693,2,0,0.0,7.5,16.0
2606,104.26,393.41343083,983.97209539,2,0,0.0,7.5,16.0
2607,104.3,393.01090295,983.03090395,2,0,0.0,7.5,16.0
2608,104.34,392.60926847,982.08895935,2,0,0.0,7.5,16.0
2609,104.38,392.20930643,981.14450399,2,0,0.0,7.5,16.0
2610,104.42,391.81165459,980.19990152,2,0,0.0,7.5,16.0
2611,104.46,391.41640222,979.2567117,2,0,0.0,7.5,16.0
2612,104.5,391.02248922,978.32877038,2,0,0.0,7.5,16.0
2613,104.54,390.62840228,977.40472425,2,0,0.0,7.5,16.0
2614,104.58,390.23369281,976.48067718,2,0,0.0,7.5,16.0
2615,104.62,389.83831724,975.55416301,2,0,0.0,7.5,16.0
2616,104.66,389.4435008,974.6270936,2,0,0.0,7.5,16.0
2617,104.7,389.04933779,973.69891344,2,0,0.0,7.5,16.0
2618,104.74,388.656153,972.76924214,2,0,0.0,7.5,16.0
2619,104.78,388.26403161,971.83957074,2,0,0.0,7.5,16.0
2620,104.82,387.87377897,970.92262761,2,0,0.0,7.5,16.0
2621,104.86,387.48483347,970.01215549,2,0,0.0,7.5,16.0
2622,104.9,387.09737559,969.1016888,2,0,0.0,7.5,16.0
2623,104.94,386.71126187,968.18906889,2,0,0.0,7.5,16.0
2624,104.98,386.32607427,967.27562554,2,0,0.0,7.5,16.0
2625,105.02,385.94189389,966.36218448,2,0,0.0,7.5,16.0
2626,105.06,385.55918574,965.44669878,2,0,0.0,7.5,16.0
2627,105.1,385.1778457,964.53069943,2,0,0.0,7.5,16.0
2628,105.14,384.79738552,963.62023433,2,0,0.0,7.5,16.0
2629,105.18,384.41790598,962.72221624,2,0,0.0,7.5,16.0
2630,105.22,384.03858567,961.82420701,2,0,0.0,7.5,16.0
2631,105.26,383.65930484,960.92475403,2,0,0.0,7.5,16.0
2632,105.3,383.280777,960.02383601,2,0,0.0,7.5,16.0
2633,105.34,382.9030665,959.12291362,2,0,0.0,7.5,16.0
2634,105.38,382.52546324,958.22184058,2,0,0.0,7.5,16.0
2635,105.42,382.14900675,957.31838805,2,0,0.0,7.5,16.0
2636,105.46,381.773988,956.4165566,2,0,0.0,7.5,16.0
2637,105.5,381.39962942,955.52532737,2,0,0.0,7.5,16.0
2638,105.54,381.0248482,954.63875153,2,0,0.0,7.5,16.0
2639,105.58,380.64976567,953.75177336,2,0,0.0,7.5,16.0
2640,105.62,380.27480574,952.86234317,2,0,0.0,7.5,16.0
2641,105.66,379.90054565,951.97291047,2,0,0.0,7.5,16.0
2642,105.7,379.52706359,951.08348043,2,0,0.0,7.5,16.0
2643,105.74,379.15433487,950.1935041,2,0,0.0,7.5,16.0
2644,105.78,378.78271777,949.30157197,2,0,0.0,7.5,16.0
2645,105.82,378.41205788,948.41613409,2,0,0.0,7.5,16.0
2646,105.86,378.04185489,947.53691043,2,0,0.0,7.5,16.0
2647,105.9,377.6714753,946.66087474,2,0,0.0,7.5,16.0
2648,105.94,377.3012059,945.78298729,2,0,0.0,7.5,16.0
2649,105.98,376.93137263,944.90414776,2,0,0.0,7.5,16.0
2650,106.02,376.5621455,944.02530817,2,0,0.0,7.5,16.0
2651,106.06,376.19327828,943.14646578,2,0,0.0,7.5,16.0
2652,106.1,375.8249303,942.2669347,2,0,0.0,7.5,16.0
2653,106.14,375.45781762,941.38683905,2,0,0.0,7.5,16.0
2654,106.18,375.09166258,940.5140211,2,0,0.0,7.5,16.0
2655,106.22,374.72670503,939.64521199,2,0,0.0,7.5,16.0
2656,106.26,374.36251059,938.7787316,2,0,0.0,7.5,16.0
2657,106.3,373.99899384,937.90966724,2,0,0.0,7.5,16.0
2658,106.34,373.63642799,937.04060807,2,0,0.0,7.5,16.0
2659,106.38,373.27516944,936.17154922,2,0,0.0,7.5,16.0
2660,106.42,372.91491181,935.30249748,2,0,0.0,7.5,16.0
2661,106.46,372.55485238,934.43283722,2,0,0.0,7.5,16.0
2662,106.5,372.1952287,933.564881,2,0,0.0,7.5,16.0
2663,106.54,371.8353211,932.70138708,2,0,0.0,7.5,16.0
2664,106.58,371.47542362,931.84162038,2,0,0.0,7.5,16.0
2665,106.62,371.11500043,930.98338588,2,0,0.0,7.5,16.0
2666,106.66,370.75565748,930.12340029,2,0,0.0,7.5,16.0
2667,106.7,370.3968923,929.26340471,2,0,0.0,7.5,16.0
2668,106.74,370.03823356,928.40339928,2,0,0.0,7.5,16.0
2669,106.78,369.67957307,927.54339037,2,0,0.0,7.5,16.0
2670,106.82,369.32170763,926.68306331,2,0,0.0,7.5,16.0
2671,106.86,368.96474234,925.82536085,2,0,0.0,7.5,16.0
2672,106.9,368.60829463,924.97046488,2,0,0.0,7.5,16.0
2673,106.94,368.25313516,924.11850013,2,0,0.0,7.5,16.0
2674,106.98,367.89877943,923.26810941,2,0,0.0,7.5,16.0
2675,107.02,367.5450984,922.41647859,2,0,0.0,7.5,16.0
2676,107.06,367.19216476,921.56484684,2,0,0.0,7.5,16.0
2677,107.1,366.8398554,920.71321663,2,0,0.0,7.5,16.0
2678,107.14,366.48851199,919.86158868,2,0,0.0,7.5,16.0
2679,107.18,366.13758449,919.00996309,2,0,0.0,7.5,16.0
2680,107.22,365.78639597,918.16112733,2,0,0.0,7.5,16.0
2681,107.26,365.43420917,917.31423262,2,0,0.0,7.5,16.0
2682,107.3,365.08196088,916.46903643,2,0,0.0,7.5,16.0
2683,107.34,364.730193,915.62618188,2,0,0.0,7.5,16.0
2684,107.38,364.37871423,914.78233203,2,0,0.0,7.5,16.0
2685,107.42,364.02769783,913.93848635,2,0,0.0,7.5,16.0
2686,107.46,363.67772465,913.09464773,2,0,0.0,7.5,16.0
2687,107.5,363.32837363,912.25081992,2,0,0.0,7.5,16.0
2688,107.54,362.97916069,911.40699491,2,0,0.0,7.5,16.0
2689,107.58,362.63061114,910.56620444,2,0,0.0,7.5,16.0
2690,107.62,362.28285437,909.72676894,2,0,0.0,7.5,16.0
2691,107.66,361.93577435,908.88747068,2,0,0.0,7.5,16.0
2692,107.7,361.58948438,908.05189887,2,0,0.0,7.5,16.0
2693,107.74,361.24504538,907.21531509,2,0,0.0,7.5,16.0
2694,107.78,360.9016764,906.37872925,2,0,0.0,7.5,16.0
2695,107.82,360.5592029,905.54214262,2,0,0.0,7.5,16.0
2696,107.86,360.21735903,904.70555544,2,0,0.0,7.5,16.0
2697,107.9,359.87454631,903.86895875,2,0,0.0,7.5,16.0
2698,107.94,359.53096236,903.03520155,2,0,0.0,7.5,16.0
2699,107.98,359.18684971,902.20265788,2,0,0.0,7.5,16.0
2700,108.02,358.84209798,901.37011214,2,0,0.0,7.5,16.0
2701,108.06,358.49686329,900.53976563,2,0,0.0,7.5,16.0
2702,108.1,358.15119033,899.70987472,2,0,0.0,7.5,16.0
2703,108.14,357.80562275,898.87997807,2,0,0.0,7.5,16.0
2704,108.18,357.4605515,898.05007981,2,0,0.0,7.5,16.0
2705,108.22,357.11611515,897.22017713,2,0,0.0,7.5,16.0
2706,108.26,356.7724933,896.39027221,2,0,0.0,7.5,16.0
2707,108.3,356.42937767,895.56234431,2,0,0.0,7.5,16.0
2708,108.34,356.087153,894.73657254,2,0,0.0,7.5,16.0
2709,108.38,355.7460794,893.91042975,2,0,0.0,7.5,16.0
2710,108.42,355.40638946,893.08469476,2,0,0.0,7.5,16.0
2711,108.46,355.06807543,892.26103681,2,0,0.0,8.0,18.0
2712,108.5,354.72992378,891.43738169,2,0,0.0,8.5,18.0
2713,108.54,354.39229394,890.61372319,2,0,0.0,8.5,18.0
2714,108.58,354.05545663,889.79006172,2,0,0.0,8.5,18.0
2715,108.62,353.71882936,888.96640286,2,0,0.0,8.5,18.0
2716,108.66,353.38264937,888.14284748,2,0,0.0,9.0,18.0
2717,108.7,353.04664179,887.32420525,2,0,0.0,9.0,18.0
2718,108.74,352.71012941,886.5040349,2,0,0.0,9.0,18.0
2719,108.78,352.37312735,885.68377806,2,0,0.0,9.0,18.0
2720,108.82,352.03622914,884.86465763,2,0,0.0,9.0,18.0
2721,108.86,351.70000379,884.04681114,2,0,0.0,9.0,18.0
2722,108.9,351.36499522,883.22896823,2,0,0.0,9.0,18.0
2723,108.94,351.03092299,882.41112705,2,0,0.0,9.0,18.0
2724,108.98,350.69661962,881.59328682,2,0,0.0,9.0,18.0
2725,109.02,350.36179468,880.77544956,2,0,0.0,9.0,18.0
2726,109.06,350.02589958,879.9610498,2,0,0.0,9.0,18.0
2727,109.1,349.6894301,879.14702267,2,0,0.0,9.0,18.0
2728,109.14,349.35292914,878.33244515,2,0,0.0,9.0,18.0
2729,109.18,349.0160841,877.51694992,2,0,0.0,9.0,18.0
2730,109.22,348.67897149,876.70455031,2,0,0.0,9.0,18.0
2731,109.26,348.34207413,875.89215041,2,0,0.0,9.0,18.0
2732,109.3,348.00544902,875.07974925,2,0,0.0,9.0,18.0
2733,109.34,347.66974295,874.26734483,2,0,0.0,9.0,18.0
2734,109.38,347.33516358,873.45494096,2,0,0.0,9.0,18.0
2735,109.42,347.00165154,872.64333611,2,0,0.0,9.0,18.0
2736,109.46,346.66911993,871.83593961,2,0,0.0,9.0,18.0
2737,109.5,346.33787109,871.02655794,2,0,0.0,9.0,18.0
2738,109.54,346.00780524,870.21655136,2,0,0.0,9.0,18.0
2739,109.58,345.67875881,869.40708584,2,0,0.0,9.0,18.0
2740,109.62,345.34984138,868.59973666,2,0,0.0,9.0,18.0
2741,109.66,345.0209365,867.7923848,2,0,0.0,9.0,18.0
2742,109.7,344.69178182,866.98503195,2,0,0.0,9.0,18.0
2743,109.74,344.36278568,866.17768398,2,0,0.0,9.0,18.0
2744,109.78,344.03409951,865.37033601,2,0,0.0,9.0,18.0
2745,109.82,343.70579915,864.56602264,2,0,0.0,9.0,18.0
2746,109.86,343.37788361,863.76280184,2,0,0.0,9.0,18.0
2747,109.9,343.05017995,862.95827394,2,0,0.0,9.0,18.0
2748,109.94,342.72253601,862.15194143,2,0,0.0,9.0,18.0
2749,109.98,342.39500174,861.34856376,2,0,0.0,9.0,18.0
2750,110.02,342.06741343,860.54594764,2,0,0.0,9.0,18.0
2751,110.06,341.73943348,859.74333455,2,0,0.0,9.0,18.0
2752,110.1,341.41104848,858.94072536,2,0,0.0,9.0,18.0
2753,110.14,341.08282901,858.13811561,2,0,0.0,9.0,18.0
2754,110.18,340.75507574,857.33550353,2,0,0.0,9.0,18.0
2755,110.22,340.42702596,856.5376344,2,0,0.0,9.0,18.0
2756,110.26,340.09828041,855.73843031,2,0,0.0,9.0,18.0
2757,110.3,339.76961158,854.93798385,2,0,0.0,9.0,18.0
2758,110.34,339.44134967,854.13590851,2,0,0.0,9.0,18.0
2759,110.38,339.11344943,853.33770811,2,0,0.0,9.0,18.0
2760,110.42,338.78501922,852.53951478,2,0,0.0,9.0,18.0
2761,110.46,338.45600729,851.7413284,2,0,0.0,9.0,18.0
2762,110.5,338.12744108,850.94314102,2,0,0.0,9.0,18.0
2763,110.54,337.79909643,850.14495722,2,0,0.0,9.0,18.0
2764,110.58,337.47080768,849.34814355,2,0,0.0,9.0,18.0
2765,110.62,337.14320987,848.55458965,2,0,0.0,9.0,18.0
2766,110.66,336.81617283,847.75923712,2,0,0.0,9.0,18.0
2767,110.7,336.49002423,846.96217888,2,0,0.0,9.0,18.0
2768,110.74,336.16529759,846.16510559,2,0,0.0,9.0,18.0
2769,110.78,335.84125618,845.37104147,2,0,0.0,9.0,18.0
2770,110.82,335.51810444,844.57698204,2,0,0.0,9.0,18.0
2771,110.86,335.19606131,843.7829271,2,0,0.0,9.0,18.0
2772,110.9,334.87521422,842.98887196,2,0,0.0,9.0,18.0
2773,110.94,334.55466553,842.19481311,2,0,0.0,9.0,18.0
2774,110.98,334.2338747,841.40316973,2,0,0.0,9.0,18.0
2775,111.02,333.91240056,840.61355512,2,0,0.0,9.0,18.0
2776,111.06,333.59008361,839.82187306,2,0,0.0,9.0,18.0
2777,111.1,333.26720235,839.02805638,2,0,0.0,9.0,18.0
2778,111.14,332.94418861,838.2354161,2,0,0.0,9.0,18.0
2779,111.18,332.62154763,837.445194,2,0,0.0,9.0,18.0
2780,111.22,332.29878491,836.65497666,2,0,0.0,9.0,18.0
2781,111.26,331.97603375,835.86475796,2,0,0.0,9.0,18.0
2782,111.3,331.6528015,835.07453794,2,0,0.0,9.0,18.0
2783,111.34,331.32934436,834.28431322,2,0,0.0,9.0,18.0
2784,111.38,331.00619442,833.4972177,2,0,0.0,9.0,18.0
2785,111.42,330.68302497,832.71120472,2,0,0.0,9.0,18.0
2786,111.46,330.36057989,831.92279161,2,0,0.0,9.0,18.0
2787,111.5,330.03866623,831.13241167,2,0,0.0,9.0,18.0
2788,111.54,329.71690356,830.34372659,2,0,0.0,9.0,18.0
2789,111.58,329.39586417,829.55708536,2,0,0.0,9.0,18.0
2790,111.62,329.14453216,843.13247008,1,0,0.06736785,8.0,20.0
2791,111.66,329.57697342,841.92864534,1,0,0.3222767,8.0,20.0
2792,111.7,330.00953455,840.72481092,1,0,0.32227559,8.0,20.0
2793,111.74,330.44162718,839.52097428,1,0,0.32227449,8.0,20.0
2794,111.78,330.87319907,838.32069008,1,0,0.32227338,8.0,20.0
2795,111.82,331.30428604,837.1208493,1,0,0.32227228,8.0,20.0
2796,111.86,331.73557229,835.91820162,1,0,0.32226805,4.0,18.0
2797,111.9,332.16730391,834.71405111,1,0,0.32226915,4.0,18.0
2798,111.94,332.59987117,833.51165716,1,0,0.32227026,4.0,18.0
2799,111.98,333.03227888,832.31114295,1,0,0.32227136,4.0,18.0
2800,112.02,333.46501847,831.1106297,1,0,0.32227247,0.0,0.0
2801,112.06,333.50284461,830.13042859,1,0,0.0,0.0,0.0
2802,112.1,333.18514769,829.34861134,1,0,0.0,0.0,0.0
2803,112.14,332.86745344,828.56679802,1,0,0.0,0.0,0.0
2804,112.18,332.54956526,827.78871191,1,0,0.0,0.0,0.0
2805,112.22,332.23111276,827.01079402,1,0,0.0,0.0,0.0
2806,112.26,331.91283504,826.22974009,1,0,0.0,0.0,0.0
2807,112.3,331.59522121,825.44754021,1,0,0.0,0.0,0.0
2808,112.34,331.27839361,824.66698603,1,0,0.0,0.0,0.0
2809,112.38,330.96188649,823.88831423,1,0,0.0,0.0,0.0
2810,112.42,330.64529405,823.10963806,1,0,0.0,0.0,0.0
2811,112.46,330.32833909,822.33095706,1,0,0.0,0.0,0.0
2812,112.5,330.01168812,821.55226903,1,0,0.0,0.0,0.0
2813,112.54,329.69566189,820.77358227,1,0,0.0,0.0,0.0
2814,112.58,329.3798371,819.99858095,1,0,0.0,0.0,0.0
2815,112.62,329.06414995,819.22374486,1,0,0.0,0.0,0.0
2816,112.66,328.74920553,818.44548234,1,0,0.0,0.0,0.0
2817,112.7,328.43512091,817.66626647,1,0,0.0,0.0,0.0
2818,112.74,328.12220797,816.88843875,1,0,0.0,0.0,0.0
2819,112.78,327.80986396,816.11265611,1,0,0.0,0.0,0.0
2820,112.82,327.49749859,815.33687348,1,0,0.0,0.0,0.0
2821,112.86,327.18501247,814.56109091,1,0,0.0,0.0,0.0
2822,112.9,326.87294303,813.78530565,1,0,0.0,0.0,0.0
2823,112.94,326.5614432,813.00952508,1,0,0.0,0.0,0.0
2824,112.98,326.25027588,812.2372143,1,0,0.0,0.0,0.0
2825,113.02,325.93883692,811.46515407,1,0,0.0,0.0,0.0
2826,113.06,325.62691445,810.68978869,1,0,0.0,0.0,0.0
2827,113.1,325.3135964,809.91340431,1,0,0.0,0.0,0.0
2828,113.14,325.00010874,809.13802444,1,0,0.0,0.0,0.0
2829,113.18,324.68732702,808.36496689,1,0,0.0,0.0,0.0
2830,113.22,324.37456564,807.59190964,1,0,0.0,0.0,0.0
2831,113.26,324.06157069,806.81885568,1,0,0.0,0.0,0.0
2832,113.3,323.74796485,806.04579838,1,0,0.0,0.0,0.0
2833,113.34,323.43462416,805.2727451,1,0,0.0,0.0,0.0
2834,113.38,323.12153545,804.50280078,1,0,0.0,0.0,0.0
2835,113.42,322.80775772,803.73335798,1,0,0.0,0.0,0.0
2836,113.46,322.49359761,802.96087568,1,0,0.0,0.0,0.0
2837,113.5,322.17975011,802.18710128,1,0,0.0,0.0,0.0
2838,113.54,321.86617226,801.41384299,1,0,0.0,0.0,0.0
2839,113.58,321.55282381,800.64331289,1,0,0.0,0.0,0.0
2840,113.62,321.23951135,799.87278804,1,0,0.0,0.0,0.0
2841,113.66,320.92645288,799.1022653,1,0,0.0,0.0,0.0
2842,113.7,320.61394826,798.33174846,1,0,0.0,0.0,0.0
2843,113.74,320.30146466,797.56123595,1,0,0.0,0.0,0.0
2844,113.78,319.98870187,796.79333494,1,0,0.0,0.0,0.0
2845,113.82,319.67567247,796.02632481,1,0,0.0,0.0,0.0
2846,113.86,319.36324995,795.25672838,1,0,0.0,0.0,0.0
2847,113.9,319.0522674,794.48541465,1,0,0.0,0.0,0.0
2848,113.94,318.74237982,793.71410731,1,0,0.0,0.0,0.0
2849,113.98,318.43291135,792.94589866,1,0,0.0,0.0,0.0
2850,114.02,318.12396704,792.17774648,1,0,0.0,0.0,0.0
2851,114.06,317.81530183,791.4095936,1,0,0.0,0.0,0.0
2852,114.1,317.50659755,790.64143897,1,0,0.0,0.0,0.0
2853,114.14,317.19763674,789.87328654,1,0,0.0,0.0,0.0
2854,114.18,316.88862255,789.10713987,1,0,0.0,0.0,0.0
2855,114.22,316.58013006,788.34238451,1,0,0.0,0.0,0.0
2856,114.26,316.27158751,787.57563797,1,0,0.0,0.0,0.0
2857,114.3,315.96277064,786.80657283,1,0,0.0,0.0,0.0
2858,114.34,315.65390697,786.03750445,1,0,0.0,0.0,0.0
2859,114.38,315.3446018,785.27079915,1,0,0.0,0.0,0.0
2860,114.42,315.03463508,784.50482003,1,0,0.0,0.0,0.0
2861,114.46,314.72380221,783.73883705,1,0,0.0,0.0,0.0
2862,114.5,314.41257412,783.01598021,1,0,0.0,0.0,0.0
2863,114.54,314.10048018,782.71408289,1,0,0.0,0.0,0.0
2864,114.58,313.787175,782.41349392,1,0,0.0,0.0,0.0
2865,114.62,313.47289964,782.1148956,1,0,0.0,0.0,0.0
2866,114.66,313.15790713,781.76363587,1,0,0.0,0.0,0.0
2867,114.7,312.84273147,781.40751515,1,0,0.0,0.0,0.0
2868,114.74,312.52776567,781.05140356,1,0,0.0,0.0,0.0
2869,114.78,312.21302789,780.67770982,1,0,0.0,0.0,0.0
2870,114.82,311.89864214,780.28219562,1,0,0.0,0.0,0.0
2871,114.86,311.58414854,779.88667857,1,0,0.0,0.0,0.0
2872,114.9,311.26827723,779.49116293,1,0,0.0,0.0,0.0
2873,114.94,310.95147067,778.89393089,2,0,0.0,0.0,0.0
2874,114.98,310.63487852,778.11652226,2,0,0.0,0.0,0.0
2875,115.02,310.31881073,777.34179895,2,0,0.0,0.0,0.0
2876,115.06,310.00316018,776.56637181,2,0,0.0,0.0,0.0
2877,115.1,309.68763914,775.78770061,2,0,0.0,0.0,0.0
2878,115.14,309.37187222,775.00869379,2,0,0.0,0.0,0.0
2879,115.18,309.05593371,774.23039811,2,0,0.0,0.0,0.0
2880,115.22,308.73951613,773.45433947,2,0,0.0,0.0,0.0
2881,115.26,308.42294007,772.67827237,2,0,0.0,0.0,0.0
2882,115.3,308.10695618,771.90220725,2,0,0.0,0.0,0.0
2883,115.34,307.79109506,771.12613932,2,0,0.0,0.0,0.0
2884,115.38,307.47571933,770.35006579,2,0,0.0,0.0,0.0
2885,115.42,307.16090732,769.57682389,2,0,0.0,0.0,0.0
2886,115.46,306.84581487,768.80355821,2,0,0.0,0.0,0.0
2887,115.5,306.53040285,768.02731982,2,0,0.0,0.0,0.0
2888,115.54,306.21512796,767.2500974,2,0,0.0,0.0,0.0
2889,115.58,305.89965827,766.47286801,2,0,0.0,0.0,0.0
2890,115.62,305.58478508,765.69831856,2,0,0.0,0.0,0.0
2891,115.66,305.27045245,764.92395783,2,0,0.0,0.0,0.0
2892,115.7,304.95637844,764.14959286,2,0,0.0,0.0,0.0
2893,115.74,304.64290254,763.37522618,2,0,0.0,0.0,0.0
2894,115.78,304.3303594,762.60085545,2,0,0.0,0.0,0.0
2895,115.82,304.01842329,761.82834479,2,0,0.0,0.0,0.0
2896,115.86,303.70683814,761.05703055,2,0,0.0,0.0,0.0
2897,115.9,303.39511737,760.28321277,2,0,0.0,0.0,0.0
2898,115.94,303.08341947,759.50760993,2,0,0.0,0.0,0.0
2899,115.98,302.7711076,758.73200119,2,0,0.0,0.0,0.0
2900,116.02,302.45836192,757.95807242,2,0,0.0,0.0,0.0
2901,116.06,302.14493713,757.18526782,2,0,0.0,0.0,0.0
2902,116.1,301.83046565,756.41246706,2,0,0.0,0.0,0.0
2903,116.14,301.5154682,755.63967166,2,0,0.0,0.0,0.0
2904,116.18,301.20078413,754.86688115,2,0,0.0,0.0,0.0
2905,116.22,300.88603055,754.09492885,2,0,0.0,0.0,0.0
2906,116.26,300.57068599,753.32511591,2,0,0.0,0.0,0.0
2907,116.3,300.25503012,752.55372693,2,0,0.0,0.0,0.0
2908,116.34,299.94054845,751.77996674,2,0,0.0,0.0,0.0
2909,116.38,299.62754244,751.00588013,2,0,0.0,0.0,0.0
2910,116.42,299.31480412,750.23245287,2,0,0.0,0.0,0.0
2911,116.46,299.00166618,749.46112798,2,0,0.0,0.0,0.0
2912,116.5,298.68806177,748.68980983,2,0,0.0,0.0,0.0
2913,116.54,298.37470094,747.91849887,2,0,0.0,0.0,0.0
2914,116.58,298.06219728,747.14719173,2,0,0.0,0.0,0.0
2915,116.62,297.75048728,746.37588783,2,0,0.0,0.0,0.0
2916,116.66,297.43862093,745.60730428,2,0,0.0,0.0,0.0
2917,116.7,297.12589647,744.83789561,2,0,0.0,0.0,0.0
2918,116.74,296.81245431,744.06635809,2,0,0.0,0.0,0.0
2919,116.78,296.49772119,743.29369246,2,0,0.0,0.0,0.0
2920,116.82,296.18304472,742.52102746,2,0,0.0,0.0,0.0
2921,116.86,295.86802506,741.75066038,2,0,0.0,0.0,0.0
2922,116.9,295.55277749,740.98068655,2,0,0.0,0.0,0.0
2923,116.94,295.23753745,740.2107089,2,0,0.0,0.0,0.0
2924,116.98,294.92270084,739.44072966,2,0,0.0,0.0,0.0
2925,117.02,294.6080087,738.67074744,2,0,0.0,0.0,0.0
2926,117.06,294.29381078,737.90234511,2,0,0.0,0.0,0.0
2927,117.1,293.9809209,737.13477793,2,0,0.0,0.0,0.0
2928,117.14,293.66930173,736.36532447,2,0,0.0,0.0,0.0
2929,117.18,293.35910943,735.5938881,2,0,0.0,0.0,0.0
2930,117.22,293.04948394,734.82245985,2,0,0.0,0.0,0.0
2931,117.26,292.74026761,734.05221541,2,0,0.0,0.0,0.0
2932,117.3,292.43092224,733.28343346,2,0,0.0,0.0,0.0
2933,117.34,292.12145551,732.51464989,2,0,0.0,0.0,0.0
2934,117.38,291.81138645,731.74586174,2,0,0.0,0.0,0.0
2935,117.42,291.50065061,730.97707095,2,0,0.0,0.0,0.0
2936,117.46,291.18971335,730.2087116,2,0,0.0,0.0,0.0
2937,117.5,290.87840104,729.44270668,2,0,0.0,0.0,0.0
2938,117.54,290.56640802,728.67474087,2,0,0.0,0.0,0.0
2939,117.58,290.25433432,727.90519129,2,0,0.0,0.0,0.0
2940,117.62,289.94197502,727.13486674,2,0,0.0,0.0,0.0
2941,117.66,289.62973845,726.36459413,2,0,0.0,0.0,0.0
2942,117.7,289.31737211,725.5968623,2,0,0.0,0.0,0.0
2943,117.74,289.00471031,724.82913641,2,0,0.0,0.0,0.0
2944,117.78,288.69172248,724.06140712,2,0,0.0,0.0,0.0
2945,117.82,288.37854309,723.29367174,2,0,0.0,0.0,0.0
2946,117.86,288.06539711,722.52593736,2,0,0.0,0.0,0.0
2947,117.9,287.7525234,721.76021209,2,0,0.0,0.0,0.0
2948,117.94,287.43998815,720.99394874,2,0,0.0,0.0,0.0
2949,117.98,287.12895579,720.22634019,2,0,0.0,0.0,0.0
2950,118.02,286.81853132,719.45701958,2,0,0.0,0.0,0.0
2951,118.06,286.50851644,718.68769959,2,0,0.0,0.0,0.0
2952,118.1,286.19905767,717.91984855,2,0,0.0,0.0,0.0
2953,118.14,285.88992713,717.15307351,2,0,0.0,0.0,0.0
2954,118.18,285.58152976,716.38629294,2,0,0.0,0.0,0.0
2955,118.22,285.27332494,715.61951338,2,0,0.0,0.0,0.0
2956,118.26,284.96437529,714.85273708,2,0,0.0,0.0,0.0
2957,118.3,284.65440963,714.0867479,2,0,0.0,0.0,0.0
2958,118.34,284.34374314,713.32213289,2,0,0.0,0.0,0.0
2959,118.38,284.03305255,712.55583387,2,0,0.0,0.0,0.0
2960,118.42,283.72148224,711.78796676,2,0,0.0,0.0,0.0
2961,118.46,283.40889829,711.01953815,2,0,0.0,0.0,0.0
2962,118.5,283.09565437,710.25139751,2,0,0.0,0.0,0.0
2963,118.54,282.78217008,709.48547569,2,0,0.0,0.0,0.0
2964,118.58,282.46808135,708.71956006,2,0,0.0,0.0,0.0
2965,118.62,282.15371113,707.95364666,2,0,0.0,0.0,0.0
2966,118.66,281.83922526,707.18773791,2,0,0.0,0.0,0.0
2967,118.7,281.52522925,706.42184033,2,0,0.0,0.0,0.0
2968,118.74,281.21170414,705.65813846,2,0,0.0,0.0,0.0
2969,118.78,280.89996853,704.89292542,2,0,0.0,0.0,0.0
2970,118.82,280.58964711,704.12689046,2,0,0.0,0.0,0.0
2971,118.86,280.28003061,703.3592676,2,0,0.0,0.0,0.0
2972,118.9,279.9710595,702.59164351,2,0,0.0,0.0,0.0
2973,118.94,279.66275682,701.82557912,2,0,0.0,0.0,0.0
2974,118.98,279.35509421,701.06040006,2,0,0.0,0.0,0.0
2975,119.02,279.04781955,700.29522172,2,0,0.0,0.0,0.0
2976,119.06,278.74074464,699.5300332,2,0,0.0,0.0,0.0
2977,119.1,278.43352937,698.76484351,2,0,0.0,0.0,0.0
2978,119.14,278.12522791,698.00058648,2,0,0.0,0.0,0.0
2979,119.18,277.81552056,697.23684096,2,0,0.0,0.0,0.0
2980,119.22,277.50575429,696.47200713,2,0,0.0,0.0,0.0
2981,119.26,277.19570807,695.70550065,2,0,0.0,0.0,0.0
2982,119.3,276.885145,694.93850053,2,0,0.0,0.0,0.0
2983,119.34,276.57441717,694.17185275,2,0,0.0,0.0,0.0
2984,119.38,276.26369013,693.40726918,2,0,0.0,0.0,0.0
2985,119.42,275.95239564,692.64268399,2,0,0.0,0.0,0.0
2986,119.46,275.64082693,691.8781013,2,0,0.0,0.0,0.0
2987,119.5,275.32868292,691.11351872,2,0,0.0,0.0,0.0
2988,119.54,275.01673963,690.34894002,2,0,0.0,0.0,0.0
2989,119.58,274.70475534,689.58628982,2,0,0.0,0.0,0.0
2990,119.62,274.39233799,688.82201342,2,0,0.0,0.0,0.0
2991,119.66,274.07958691,688.05715306,2,0,0.0,0.0,0.0
2992,119.7,273.76647633,687.29071372,2,0,0.0,0.0,0.0
2993,119.74,273.45350885,686.52427744,2,0,0.0,0.0,0.0
2994,119.78,273.14114796,685.75938833,2,0,0.0,0.0,0.0
2995,119.82,272.83068887,684.99534135,2,0,0.0,0.0,0.0
2996,119.86,272.52148399,684.23129273,2,0,0.0,0.0,0.0
2997,119.9,272.213128,683.4672468,2,0,0.0,0.0,0.0
2998,119.94,271.90559379,682.70319881,2,0,0.0,0.0,0.0
2999,119.98,271.59861847,681.94007497,2,0,0.0,0.0,0.0
3000,120.02,271.29240336,681.17687356,2,0,0.0,0.0,0.0
3001,120.06,270.98663419,680.41306197,2,0,0.0,0.0,0.0
3002,120.1,270.68130656,679.64757854,2,0,0.0,0.0,0.0
3003,120.14,270.37631093,678.8815725,2,0,0.0,0.0,0.0
3004,120.18,270.07109864,678.11588054,2,0,0.0,0.0,0.0
3005,120.22,269.76575009,677.35222108,2,0,0.0,0.0,0.0
3006,120.26,269.460036,676.58856765,2,0,0.0,0.0,0.0
3007,120.3,269.15421746,675.82491042,2,0,0.0,0.0,0.0
3008,120.34,268.84784689,675.06124751,2,0,0.0,0.0,0.0
3009,120.38,268.54027839,674.29758694,2,0,0.0,0.0,0.0
3010,120.42,268.23145625,673.53529362,2,0,0.0,0.0,0.0
3011,120.46,267.921892,672.77181608,2,0,0.0,0.0,0.0
3012,120.5,267.61188802,672.00780865,2,0,0.0,0.0,0.0
3013,120.54,267.30163098,671.24212868,2,0,0.0,0.0,0.0
3014,120.58,266.99209444,670.47645124,2,0,0.0,0.0,0.0
3015,120.62,266.68316748,669.71219175,2,0,0.0,0.0,0.0
3016,120.66,266.37444374,668.94883699,2,0,0.0,0.0,0.0
3017,120.7,266.06548602,668.18548293,2,0,0.0,0.0,0.0
3018,120.74,265.75610122,667.42213922,2,0,0.0,0.0,0.0
3019,120.78,265.4471234,666.65880231,2,0,0.0,0.0,0.0
3020,120.82,265.13847471,665.89628427,2,0,0.0,0.0,0.0
3021,120.86,264.82947938,665.13328432,2,0,0.0,0.0,0.0
3022,120.9,264.52038346,664.37008343,2,0,0.0,0.0,0.0
3023,120.94,264.2113333,663.60530802,2,0,0.0,0.0,0.0
3024,120.98,263.90270569,662.83990664,2,0,0.0,0.0,0.0
3025,121.02,263.59453786,662.07468376,2,0,0.0,0.0,0.0
3026,121.06,263.2872453,661.31155503,2,0,0.0,0.0,0.0
3027,121.1,262.97999375,660.54843207,2,0,0.0,0.0,0.0
3028,121.14,262.67210165,659.78531509,2,0,0.0,0.0,0.0
3029,121.18,262.36374935,659.02220238,2,0,0.0,0.0,0.0
3030,121.22,262.05531642,658.25909494,2,0,0.0,0.0,0.0
3031,121.26,261.74654213,657.49679436,2,0,0.0,0.0,0.0
3032,121.3,261.43694214,656.73377889,2,0,0.0,0.0,0.0
3033,121.34,261.12726109,655.97036513,2,0,0.0,0.0,0.0
3034,121.38,260.8181473,655.20511328,2,0,0.0,0.0,0.0
3035,121.42,260.50970669,654.43985403,2,0,0.0,0.0,0.0
3036,121.46,260.20237252,653.67582137,2,0,0.0,0.0,0.0
3037,121.5,259.89569042,652.91281958,2,0,0.0,0.0,0.0
3038,121.54,259.58926754,652.14980933,2,0,0.0,0.0,0.0
3039,121.58,259.2831406,651.38679421,2,0,0.0,0.0,0.0
3040,121.62,258.97666069,650.62378219,2,0,0.0,0.0,0.0
3041,121.66,258.66982653,649.86127397,2,0,0.0,0.0,0.0
3042,121.7,258.36264516,649.09829353,2,0,0.0,0.0,0.0
3043,121.74,258.05438873,648.33531199,2,0,0.0,0.0,0.0
3044,121.78,257.74482769,647.57089088,2,0,0.0,0.0,0.0
3045,121.82,257.43455375,646.80565781,2,0,0.0,0.0,0.0
3046,121.86,257.12424331,646.04043116,2,0,0.0,0.0,0.0
3047,121.9,256.8137726,645.27742246,2,0,0.0,0.0,0.0
3048,121.94,256.50307966,644.51442109,2,0,0.0,0.0,0.0
3049,121.98,256.19287688,643.75141816,2,0,0.0,0.0,0.0
3050,122.02,255.88285541,642.98841671,2,0,0.0,0.0,0.0
3051,122.06,255.5731411,642.22542023,2,0,0.0,0.0,0.0
3052,122.1,255.26324565,641.4626642,2,0,0.0,0.0,0.0
3053,122.14,254.95304314,640.69965451,2,0,0.0,0.0,0.0
3054,122.18,254.64317724,639.93642389,2,0,0.0,0.0,0.0
3055,122.22,254.33393107,639.17113579,2,0,0.0,0.0,0.0
3056,122.26,254.02519296,638.40584456,2,0,0.0,0.0,0.0
3057,122.3,253.71673873,637.6415665,2,0,0.0,0.0,0.0
3058,122.34,253.40889627,636.87846744,2,0,0.0,0.0,0.0
3059,122.38,253.10056673,636.11536829,2,0,0.0,0.0,0.0
3060,122.42,252.79183739,635.35226363,2,0,0.0,0.0,0.0
3061,122.46,252.48131215,634.58915408,2,0,0.0,0.0,0.0
3062,122.5,252.04553976,633.82728816,2,0,0.0,0.0,0.0
3063,122.54,251.10876813,633.07043095,2,0,0.0,0.0,0.0
3064,122.58,250.17291069,632.31357094,2,0,0.0,0.0,0.0
3065,122.62,249.23734287,631.55543748,2,0,0.0,0.0,0.0
3066,122.66,248.30236239,630.79627835,2,0,0.0,0.25,2.0
3067,122.7,247.36846513,630.0371184,2,0,0.0,0.75,4.0
3068,122.74,246.43614919,629.27995335,2,0,0.0,0.75,4.0
3069,122.78,245.50542925,628.5229733,2,0,0.0,0.75,4.0
3070,122.82,244.57570482,627.76599118,2,0,0.0,0.75,4.0
3071,122.86,243.64657178,627.00901048,2,0,0.0,0.75,4.0
3072,122.9,242.71766136,626.25203198,2,0,0.0,0.75,4.0
3073,122.94,242.1870271,613.49270303,2,0,0.0,0.75,4.0
3074,122.98,241.88584672,612.74174959,2,0,0.0,0.75,4.0
3075,123.02,241.584678,611.9907704,2,0,0.0,0.75,4.0
3076,123.06,241.28346155,611.23748541,2,0,0.0,0.75,4.0
3077,123.1,240.98285986,610.48419809,2,0,0.0,0.75,4.0
3078,123.14,240.68303536,609.73170853,2,0,0.0,0.75,4.0
3079,123.18,240.38288286,608.98056547,2,0,0.0,0.75,4.0
3080,123.22,240.08261758,608.22942227,2,0,0.0,0.75,4.0
3081,123.26,239.78228027,607.47828567,2,0,0.0,0.75,4.0
3082,123.3,239.48190849,606.72715221,2,0,0.0,0.75,4.0
3083,123.34,239.18194168,605.97574708,2,0,0.0,0.75,4.0
3084,123.38,238.88193918,605.22445115,2,0,0.0,0.75,4.0
3085,123.42,238.58136251,604.47316201,2,0,0.0,0.75,4.0
3086,123.46,238.28096546,603.72079594,2,0,0.0,0.75,4.0
3087,123.5,237.98069987,602.96717866,2,0,0.0,0.75,4.0
3088,123.54,237.68086753,602.21357308,2,0,0.0,0.75,4.0
3089,123.58,237.38109218,601.46173136,2,0,0.0,0.75,4.0
3090,123.62,237.08080355,600.71025619,2,0,0.0,0.75,4.0
3091,123.66,236.7799233,599.95878061,2,0,0.0,0.75,4.0
3092,123.7,236.47875527,599.20730406,2,0,0.0,0.75,4.0
3093,123.74,236.17734895,598.45583357,2,0,0.0,0.75,4.0
3094,123.78,235.87567479,597.70371411,2,0,0.0,0.75,4.0
3095,123.82,235.57339381,596.95201594,2,0,0.0,0.75,4.0
3096,123.86,235.27089799,596.20031265,2,0,0.0,0.75,4.0
3097,123.9,234.96853223,595.44641022,2,0,0.0,0.75,4.0
3098,123.94,234.66693209,594.69232388,2,0,0.0,0.75,4.0
3099,123.98,234.36613974,593.93883621,2,0,0.0,0.75,4.0
3100,124.02,234.06537027,593.18684436,2,0,0.0,0.75,4.0
3101,124.06,233.76409887,592.43484856,2,0,0.0,0.75,4.0
3102,124.1,233.46215889,591.68284739,2,0,0.0,0.75,4.0
3103,124.14,233.15945064,590.93084584,2,0,0.0,0.75,4.0
3104,124.18,232.85676865,590.17803685,2,0,0.0,0.75,4.0
3105,124.22,232.55347144,589.42574891,2,0,0.0,0.75,4.0
3106,124.26,232.24941433,588.67346683,2,0,0.0,0.75,4.0
3107,124.3,231.94576274,587.92025205,2,0,0.0,0.75,4.0
3108,124.34,231.64288355,587.16555678,2,0,0.0,0.75,4.0
3109,124.38,231.34035245,586.41085421,2,0,0.0,0.75,4.0
3110,124.42,231.0377676,585.65772159,2,0,0.0,0.75,4.0
3111,124.46,230.73494184,584.90510601,2,0,0.0,0.75,4.0
3112,124.5,230.4320469,584.15249343,2,0,0.0,0.75,4.0
3113,124.54,230.12891348,583.39988501,2,0,0.0,0.75,4.0
3114,124.58,229.82612158,582.64727618,2,0,0.0,0.75,4.0
3115,124.62,229.52358815,581.89342732,2,0,0.0,0.75,4.0
3116,124.66,229.22112356,581.14049163,2,0,0.0,0.75,4.0
3117,124.7,228.91858901,580.38756533,2,0,0.0,0.75,4.0
3118,124.74,228.6156824,579.63256378,2,0,0.0,0.75,4.0
3119,124.78,228.31219426,578.87721824,2,0,0.0,0.75,4.0
3120,124.82,228.00842032,578.12233389,2,0,0.0,0.75,4.0
3121,124.86,227.70468826,577.36906002,2,0,0.0,1.0,5.0
3122,124.9,227.4007936,576.61578366,2,0,0.0,1.5,5.0
3123,124.94,227.09626136,575.86251073,2,0,0.0,1.5,5.0
3124,124.98,226.79190173,575.10924036,2,0,0.0,1.5,5.0
3125,125.02,226.48794034,574.35467707,2,0,0.0,1.5,5.0
3126,125.06,226.18433901,573.60095847,2,0,0.0,1.5,5.0
3127,125.1,225.88056192,572.84729592,2,0,0.0,1.5,5.0
3128,125.14,225.57689138,572.09281987,2,0,0.0,1.5,5.0
3129,125.18,225.27339914,571.33669288,2,0,0.0,1.5,5.0
3130,125.22,224.97093089,570.58056724,2,0,0.0,1.5,5.0
3131,125.26,224.66965817,569.82587537,2,0,0.0,1.5,5.0
3132,125.3,224.36905202,569.07179401,2,0,0.0,1.5,5.0
3133,125.34,224.06939445,568.31771253,2,0,0.0,1.5,5.0
3134,125.38,223.76983805,567.56363223,2,0,0.0,1.5,5.0
3135,125.42,223.47045742,566.80928958,2,0,0.0,1.5,5.0
3136,125.46,223.17151234,566.05361558,2,0,0.0,1.5,5.0
3137,125.5,222.87186524,565.29909242,2,0,0.0,1.5,5.0
3138,125.54,222.57108824,564.54455879,2,0,0.0,1.5,5.0
3139,125.58,222.26941122,563.7879852,2,0,0.0,1.5,5.0
3140,125.62,221.96694807,563.03094803,2,0,0.0,1.5,5.0
3141,125.66,221.66337342,562.2742986,2,0,0.0,1.5,5.0
3142,125.7,221.35958161,561.51930664,2,0,0.0,1.5,5.0
3143,125.74,221.05570114,560.764316,2,0,0.0,1.5,5.0
3144,125.78,220.75141199,560.00932906,2,0,0.0,1.5,5.0
3145,125.82,220.44722494,559.25434446,2,0,0.0,1.5,5.0
3146,125.86,220.14378657,558.49750477,2,0,0.0,1.5,5.0
3147,125.9,219.84047601,557.74194056,2,0,0.0,1.5,5.0
3148,125.94,219.53722965,556.98646117,2,0,0.0,1.5,5.0
3149,125.98,219.23442775,556.23019773,2,0,0.0,1.5,5.0
3150,126.02,218.93191185,555.47217951,2,0,0.0,1.5,5.0
3151,126.06,218.63020985,554.71415817,2,0,0.0,1.5,5.0
3152,126.1,218.32961186,553.95752771,2,0,0.0,1.5,5.0
3153,126.14,218.02964283,553.20153392,2,0,0.0,1.5,5.0
3154,126.18,217.72913236,552.44554154,2,0,0.0,1.5,5.0
3155,126.22,217.42797133,551.68955573,2,0,0.0,1.5,5.0
3156,126.26,217.12643509,550.93270604,2,0,0.0,1.5,5.0
3157,126.3,216.8246746,550.17504154,2,0,0.0,1.5,5.0
3158,126.34,216.52191323,549.41848767,2,0,0.0,1.5,5.0
3159,126.38,216.21858829,548.66193262,2,0,0.0,1.5,5.0
3160,126.42,215.91458465,547.90327683,2,0,0.0,1.5,5.0
3161,126.46,215.61094761,547.14414423,2,0,0.0,1.5,5.0
3162,126.5,215.30715489,546.38540431,2,0,0.0,1.5,5.0
3163,126.54,215.00275736,545.62827838,2,0,0.0,1.5,5.0
3164,126.58,214.69828586,544.87115341,2,0,0.0,1.5,5.0
3165,126.62,214.39300146,544.11402884,2,0,0.0,1.5,5.0
3166,126.66,214.08747311,543.35690385,2,0,0.0,1.5,5.0
3167,126.7,213.78210015,542.59719199,2,0,0.0,1.5,5.0
3168,126.74,213.47650908,541.83944667,2,0,0.0,1.5,5.0
3169,126.78,213.17055205,541.0817111,2,0,0.0,1.5,5.0
3170,126.82,212.86436619,540.32310613,2,0,0.0,1.5,5.0
3171,126.86,212.55847794,539.56274749,2,0,0.0,1.5,5.0
3172,126.9,212.2527425,538.80238905,2,0,0.0,1.5,5.0
3173,126.94,211.94734692,538.04346559,2,0,0.0,1.5,5.0
3174,126.98,211.64217764,537.28510662,2,0,0.0,1.5,5.0
3175,127.02,211.33712839,536.52674625,2,0,0.0,1.5,5.0
3176,127.06,211.03225562,535.76838921,2,0,0.0,1.5,5.0
3177,127.1,210.72750589,535.00838613,2,0,0.0,2.25,6.0
3178,127.14,210.42358037,534.24839898,2,0,0.0,2.25,6.0
3179,127.18,210.12126372,533.48937524,2,0,0.0,2.25,6.0
3180,127.22,209.819935,532.73034638,2,0,0.0,2.25,6.0
3181,127.26,209.51905216,531.96900834,2,0,0.0,2.25,6.0
3182,127.3,209.21900857,531.20730999,2,0,0.0,2.25,6.0
3183,127.34,208.91971044,530.4461219,2,0,0.0,2.25,6.0
3184,127.38,208.61956183,529.68641048,2,0,0.0,2.25,6.0
3185,127.42,208.31845831,528.9266962,2,0,0.0,2.25,6.0
3186,127.46,208.01619814,528.16698171,2,0,0.0,2.25,6.0
3187,127.5,207.71330257,527.40653836,2,0,0.0,2.25,6.0
3188,127.54,207.41013442,526.64420563,2,0,0.0,2.25,6.0
3189,127.58,207.10698469,525.88374747,2,0,0.0,2.25,6.0
3190,127.62,206.8029022,525.12329655,2,0,0.0,2.25,6.0
3191,127.66,206.49732478,524.36172397,2,0,0.0,2.25,6.0
3192,127.7,206.19074995,523.59855492,2,0,0.0,2.25,6.0
3193,127.74,205.88370785,522.83538819,2,0,0.0,2.25,6.0
3194,127.78,205.57618233,522.07382131,2,0,0.0,2.25,6.0
3195,127.82,205.26892086,521.31262372,2,0,0.0,2.25,6.0
3196,127.86,204.96230169,520.55142489,2,0,0.0,2.25,6.0
3197,127.9,204.6558152,519.79023041,2,0,0.0,2.25,6.0
3198,127.94,204.34907753,519.02634129,2,0,0.0,2.25,6.0
3199,127.98,204.04255043,518.26368932,2,0,0.0,2.25,6.0
3200,128.02,203.73642144,517.5017101,2,0,0.0,2.25,6.0
3201,128.06,203.43059636,516.73972589,2,0,0.0,2.25,6.0
3202,128.1,203.1253194,515.97502503,2,0,0.0,2.25,6.0
3203,128.14,202.82034819,515.21027788,2,0,0.0,2.25,6.0
3204,128.18,202.51585907,514.44629013,2,0,0.0,2.25,6.0
3205,128.22,202.2120108,513.68351399,2,0,0.0,2.25,6.0
3206,128.26,201.90843322,512.92073853,2,0,0.0,2.25,6.0
3207,128.3,201.60468309,512.15796319,2,0,0.0,2.25,6.0
3208,128.34,201.30100591,511.39330784,2,0,0.0,2.25,6.0
3209,128.38,200.99728008,510.62816173,2,0,0.0,2.25,6.0
3210,128.42,200.69273101,509.86450991,2,0,0.0,2.25,6.0
3211,128.46,200.38754363,509.10085905,2,0,0.0,2.25,6.0
3212,128.5,200.08193228,508.33560191,2,0,0.0,2.25,6.0
3213,128.54,199.7760288,507.56912876,2,0,0.0,2.25,6.0
3214,128.58,199.46982599,506.80265878,2,0,0.0,2.25,6.0
3215,128.62,199.16286279,506.0381141,2,0,0.0,2.25,6.0
3216,128.66,198.85548646,505.27360875,2,0,0.0,2.25,6.0
3217,128.7,198.54822198,504.5091027,2,0,0.0,2.25,6.0
3218,128.74,198.2414758,503.74351366,2,0,0.0,2.25,6.0
3219,128.78,197.93588624,502.97601147,2,0,0.0,2.25,6.0
3220,128.82,197.63080726,502.21036752,2,0,0.0,2.25,6.0
3221,128.86,197.3261055,501.44492807,2,0,0.0,2.25,6.0
3222,128.9,197.02171075,500.67898244,2,0,0.0,2.25,6.0
3223,128.94,196.71753921,499.91067216,2,0,0.0,2.25,6.0
3224,128.98,196.41312903,499.14235901,2,0,0.0,2.25,6.0
3225,129.02,196.1082755,498.37521548,2,0,0.0,2.25,6.0
3226,129.06,195.80289608,497.60886644,2,0,0.0,2.25,6.0
3227,129.1,195.49752203,496.84252305,2,0,0.0,2.25,6.0
3228,129.14,195.19198379,496.07585058,2,0,0.0,2.25,6.0
3229,129.18,194.88658797,495.3064459,2,0,0.0,2.25,6.0
3230,129.22,194.58163772,494.53816933,2,0,0.0,2.25,6.0
3231,129.26,194.27685693,493.77081677,2,0,0.0,2.25,6.0
3232,129.3,193.97196657,493.00345881,2,0,0.0,3.0,7.0
3233,129.34,193.66645168,492.23372882,2,0,0.0,3.0,7.0
3234,129.38,193.36047747,491.46343336,2,0,0.0,3.0,7.0
3235,129.42,193.0539148,490.69359395,2,0,0.0,3.0,7.0
3236,129.46,192.74662314,489.92524054,2,0,0.0,3.0,7.0
3237,129.5,192.43889708,489.15688084,2,0,0.0,3.0,7.0
3238,129.54,192.13054455,488.38852187,2,0,0.0,3.0,7.0
3239,129.58,191.82188783,487.61739313,2,0,0.0,3.0,7.0
3240,129.62,191.51356966,486.84636041,2,0,0.0,3.0,7.0
3241,129.66,191.20511176,486.07691444,2,0,0.0,3.0,7.0
3242,129.7,190.89706461,485.30747108,2,0,0.0,3.0,7.0
3243,129.74,190.58965785,484.53664034,2,0,0.0,3.0,7.0
3244,129.78,190.28352582,483.76420571,2,0,0.0,3.0,7.0
3245,129.82,189.97753288,482.99177058,2,0,0.0,3.0,7.0
3246,129.86,189.67112601,482.22108284,2,0,0.0,3.0,7.0
3247,129.9,189.36371827,481.45058958,2,0,0.0,3.0,7.0
3248,129.94,189.05598194,480.68009764,2,0,0.0,3.0,7.0
3249,129.98,188.74873698,479.90740845,2,0,0.0,3.0,7.0
3250,130.02,188.44223368,479.13369274,2,0,0.0,3.0,7.0
3251,130.06,188.13554607,478.36188765,2,0,0.0,3.0,7.0
3252,130.1,187.82827986,477.59022789,2,0,0.0,3.0,7.0
3253,130.14,187.5199289,476.81813334,2,0,0.0,3.0,7.0
3254,130.18,187.21108299,476.04342361,2,0,0.0,3.0,7.0
3255,130.22,186.90205325,475.26871781,2,0,0.0,3.0,7.0
3256,130.26,186.59378226,474.49516476,2,0,0.0,3.0,7.0
3257,130.3,186.28583502,473.72239706,2,0,0.0,3.0,7.0
3258,130.34,185.97802186,472.94962311,2,0,0.0,3.0,7.0
3259,130.38,185.66993808,472.17515426,2,0,0.0,3.0,7.0
3260,130.42,185.36159673,471.39906927,2,0,0.0,3.0,7.0
3261,130.46,185.05327011,470.62435265,2,0,0.0,3.0,7.0
3262,130.5,184.74495686,469.85032916,2,0,0.0,3.0,7.0
3263,130.54,184.43583527,469.07631416,2,0,0.0,3.0,7.0
3264,130.58,184.12603525,468.29962679,2,0,0.0,3.0,7.0
3265,130.62,183.81599244,467.52248355,2,0,0.0,3.0,7.0
3266,130.66,183.50606822,466.74595294,2,0,0.0,3.0,7.0
3267,130.7,183.19622411,465.97074782,2,0,0.0,3.0,7.0
3268,130.74,182.8864609,465.19553462,2,0,0.0,3.0,7.0
3269,130.78,182.57681595,464.41904814,2,0,0.0,3.0,7.0
3270,130.82,182.2669759,463.64044544,2,0,0.0,3.0,7.0
3271,130.86,181.95697865,462.86274708,2,0,0.0,3.0,7.0
3272,130.9,181.64671676,462.0862059,2,0,0.0,3.0,7.0
3273,130.94,181.33626777,461.30966427,2,0,0.0,3.0,7.0
3274,130.98,181.02553795,460.53122079,2,0,0.0,3.0,7.0
3275,131.02,180.71472819,459.75147023,2,0,0.0,3.0,7.0
3276,131.06,180.40391962,458.97184721,2,0,0.0,3.0,7.0
3277,131.1,180.09357586,458.19402606,2,0,0.0,3.0,7.0
3278,131.14,179.7830919,457.41620625,2,0,0.0,3.0,7.0
3279,131.18,179.47302047,456.6374475,2,0,0.0,3.0,7.0
3280,131.22,179.16328972,455.85614648,2,0,0.0,3.0,7.0
3281,131.26,178.85390768,455.07534139,2,0,0.0,3.0,7.0
3282,131.3,178.54448365,454.29609779,2,0,0.0,3.0,7.0
3283,131.34,178.23476075,453.51685377,2,0,0.0,3.0,7.0
3284,131.38,177.92482929,452.73641092,2,0,0.0,3.0,7.0
3285,131.42,177.61496546,451.95387858,2,0,0.0,3.0,7.0
3286,131.46,177.30477509,451.17135047,2,0,0.0,3.0,7.0
3287,131.5,176.99398104,450.39047599,2,0,0.0,3.5,8.0
3288,131.54,176.68256604,449.60988194,2,0,0.0,3.75,8.0
3289,131.58,176.37034161,448.82855971,2,0,0.0,3.75,8.0
3290,131.62,176.05814852,448.04438174,2,0,0.0,3.75,8.0
3291,131.66,175.74629704,447.26038622,2,0,0.0,3.75,8.0
3292,131.7,175.43424301,446.47827827,2,0,0.0,3.75,8.0
3293,131.74,175.12143636,445.69616319,2,0,0.0,3.75,8.0
3294,131.78,174.80756308,444.91347674,2,0,0.0,3.75,8.0
3295,131.82,174.4934234,444.12799817,2,0,0.0,3.75,8.0
3296,131.86,174.18004285,443.34251686,2,0,0.0,3.75,8.0
3297,131.9,173.86713911,442.5583407,2,0,0.0,3.75,8.0
3298,131.94,173.55399355,441.77480026,2,0,0.0,3.75,8.0
3299,131.98,173.24061003,440.99062013,2,0,0.0,3.75,8.0
3300,132.02,172.92738776,440.20339557,2,0,0.0,3.75,8.0
3301,132.06,172.61473601,439.41617831,2,0,0.0,3.75,8.0
3302,132.1,172.30233153,438.63097257,2,0,0.0,3.75,8.0
3303,132.14,171.99031172,437.84582986,2,0,0.0,3.75,8.0
3304,132.18,171.67803945,437.06065084,2,0,0.0,3.75,8.0
3305,132.22,171.3651662,436.27205607,2,0,0.0,3.75,8.0
3306,132.26,171.05157752,435.4834654,2,0,0.0,3.75,8.0
3307,132.3,170.73792519,434.69590116,2,0,0.0,3.75,8.0
3308,132.34,170.42458625,433.90924008,2,0,0.0,3.75,8.0
3309,132.38,170.11058614,433.12186839,2,0,0.0,3.75,8.0
3310,132.42,169.79598163,432.33140864,2,0,0.0,3.75,8.0
3311,132.46,169.481269,431.54095543,2,0,0.0,3.75,8.0
3312,132.5,169.16588689,430.75236738,2,0,0.0,3.75,8.0
3313,132.54,168.85052425,429.963983,2,0,0.0,3.75,8.0
3314,132.58,168.53471225,429.1755971,2,0,0.0,3.75,8.0
3315,132.62,168.21881675,428.38403463,2,0,0.0,3.75,8.0
3316,132.66,167.9039471,427.59208645,2,0,0.0,3.75,8.0
3317,132.7,167.59011338,426.80097149,2,0,0.0,3.75,8.0
3318,132.74,167.27634531,426.01096005,2,0,0.0,3.75,8.0
3319,132.78,166.96274705,425.22000096,2,0,0.0,3.75,8.0
3320,132.82,166.64986403,424.42606764,2,0,0.0,3.75,8.0
3321,132.86,166.33737271,423.6321377,2,0,0.0,3.75,8.0
3322,132.9,166.0250231,422.84002598,2,0,0.0,3.75,8.0
3323,132.94,165.71177123,422.04817661,2,0,0.0,3.75,8.0
3324,132.98,165.39708614,421.2563307,2,0,0.0,3.75,8.0
3325,133.02,165.08186696,420.46152082,2,0,0.0,3.75,8.0
3326,133.06,164.76680966,419.66602373,2,0,0.0,3.75,8.0
3327,133.1,164.45136101,418.87125292,2,0,0.0,3.75,8.0
3328,133.14,164.13542374,418.07770934,2,0,0.0,3.75,8.0
3329,133.18,163.81901292,417.28277525,2,0,0.0,3.75,8.0
3330,133.22,163.5020484,416.48518255,2,0,0.0,3.75,8.0
3331,133.26,163.18429484,415.68759115,2,0,0.0,3.75,8.0
3332,133.3,162.86664833,414.89187683,2,0,0.0,3.75,8.0
3333,133.34,162.54926786,414.09637409,2,0,0.0,3.75,8.0
3334,133.38,162.23192284,413.30087103,2,0,0.0,3.75,8.0
3335,133.42,161.9145415,412.50246243,2,0,0.0,3.75,8.0
3336,133.46,161.59722057,411.70319785,2,0,0.0,3.75,8.0
3337,133.5,161.27993367,410.90461536,2,0,0.0,3.75,8.0
3338,133.54,160.96330023,410.10729588,2,0,0.0,3.75,8.0
3339,133.58,160.64697854,409.30790389,2,0,0.0,3.75,8.0
3340,133.62,160.33114816,408.50638752,2,0,0.0,3.75,8.0
3341,133.66,160.01441207,407.70487298,2,0,0.0,3.75,8.0
3342,133.7,159.69599505,406.90539857,2,0,0.0,4.0,9.0
3343,133.74,159.37633346,406.10597255,2,0,0.0,4.5,9.0
3344,133.78,159.05583513,405.30653946,2,0,0.0,4.5,9.0
3345,133.82,158.73496218,404.50408345,2,0,0.0,4.5,9.0
3346,133.86,158.41525542,403.70078108,2,0,0.0,4.5,9.0
3347,133.9,158.09636008,402.89821354,2,0,0.0,4.5,9.0
3348,133.94,157.77716564,402.09684853,2,0,0.0,4.5,9.0
3349,133.98,157.45724727,401.29247241,2,0,0.0,4.5,9.0
3350,134.02,157.1369261,400.48676558,2,0,0.0,4.5,9.0
3351,134.06,156.81718675,399.68127395,2,0,0.0,4.5,9.0
3352,134.1,156.49741012,398.87767823,2,0,0.0,4.5,9.0
3353,134.14,156.17715363,398.07408684,2,0,0.0,4.5,9.0
3354,134.18,155.85653428,397.2704961,2,0,0.0,4.5,9.0
3355,134.22,155.62362859,396.64316212,2,0,0.03832977,4.5,9.0
3356,134.26,155.3985194,396.02527865,2,0,0.04578028,3.75,8.0
3357,134.3,155.17345886,395.40829179,2,0,0.04578028,3.75,8.0
3358,134.34,154.94883988,394.79236725,2,0,0.04578028,3.75,8.0
3359,134.38,154.72456362,394.17216846,2,0,0.04578028,3.75,8.0
3360,134.42,154.50076503,393.5517418,2,0,0.04578028,3.75,8.0
3361,134.46,154.27660636,392.93192854,2,0,0.04578028,3.75,8.0
3362,134.5,154.05181662,392.31362929,2,0,0.04578028,3.0,7.0
3363,134.54,153.8270727,391.69533325,2,0,0.04578028,3.0,7.0
3364,134.58,153.60185627,391.07704185,2,0,0.04578028,3.0,7.0
3365,134.62,153.37646722,390.45489419,2,0,0.04578028,3.0,7.0
3366,134.66,153.15216509,389.83248355,2,0,0.04578028,3.0,7.0
3367,134.7,152.92770939,389.21122691,2,0,0.04578028,3.0,7.0
3368,134.74,152.70218814,388.58954955,2,0,0.04578028,2.25,6.0
3369,134.78,152.47617797,387.96442685,2,0,0.04578028,2.25,6.0
3370,134.82,152.2496801,387.33930257,2,0,0.04578028,2.25,6.0
3371,134.86,152.02242071,386.71533316,2,0,0.04578028,2.25,6.0
3372,134.9,151.79424294,386.09235356,2,0,0.04578028,2.25,6.0
3373,134.94,151.56566597,385.46937618,2,0,0.04578028,1.5,5.0
3374,134.98,151.3368931,384.84601065,2,0,0.04578028,1.5,5.0
3375,135.02,151.10780529,384.21877847,2,0,0.04578028,1.5,5.0
3376,135.06,150.87838878,383.59155135,2,0,0.04578028,1.5,5.0
3377,135.1,150.64888631,382.96584366,2,0,0.04578028,1.5,5.0
3378,135.14,150.41996918,382.33750531,2,0,0.04578028,1.5,5.0
3379,135.18,150.19163381,381.70739564,2,0,0.04578028,0.75,4.0
3380,135.22,149.96391139,381.07729207,2,0,0.04578028,0.75,4.0
3381,135.26,149.73622121,380.44902122,2,0,0.04578028,0.75,4.0
3382,135.3,149.50749242,379.82107593,2,0,0.04578028,0.75,4.0
3383,135.34,149.27780814,379.19313346,2,0,0.04578028,0.75,4.0
3384,135.38,149.04742844,378.56386558,2,0,0.04578028,0.75,4.0
3385,135.42,148.81653182,377.93152191,2,0,0.04578028,0.0,0.0
3386,135.46,148.58489696,377.2991921,2,0,0.04578028,0.0,0.0
3387,135.5,148.35245597,376.66845172,2,0,0.04578028,0.0,0.0
3388,135.54,148.11942995,376.03302239,2,0,0.04578028,0.0,0.0
3389,135.58,147.88589917,375.39759401,2,0,0.04578028,0.0,0.0
3390,135.62,147.65219993,374.76266475,2,0,0.04578028,0.0,0.0
3391,135.66,147.4178557,374.12941126,2,0,0.04578028,0.0,0.0
3392,135.7,147.18249352,373.49616002,2,0,0.02563368,0.0,0.0
3393,135.74,146.86288985,370.69169259,1,0,0.0,0.0,0.0
3394,135.78,146.53182627,369.86682221,1,0,0.0,0.0,0.0
3395,135.82,146.20076113,369.03997755,1,0,0.0,0.0,0.0
3396,135.86,145.87076022,368.21374581,1,0,0.0,0.0,0.0
3397,135.9,145.54134225,367.38586036,1,0,0.0,0.0,0.0
3398,135.94,145.21297386,366.55574022,1,0,0.0,0.0,0.0
3399,135.98,144.88548938,365.72562607,1,0,0.0,0.0,0.0
3400,136.02,144.55801624,364.89699967,1,0,0.0,0.0,0.0
3401,136.06,144.22909384,364.0690686,1,0,0.0,0.0,0.0
3402,136.1,143.89987607,363.24113549,1,0,0.0,0.0,0.0
3403,136.14,143.57072709,362.41320951,1,0,0.0,0.0,0.0
3404,136.18,143.2418018,361.58105982,1,0,0.0,0.0,0.0
3405,136.22,142.91260139,360.74841655,1,0,0.0,0.0,0.0
3406,136.26,142.58345202,359.91629969,1,0,0.0,0.0,0.0
3407,136.3,142.25378587,359.08016175,1,0,0.0,0.0,0.0
3408,136.34,141.9234556,358.24402182,1,0,0.0,0.0,0.0
3409,136.38,141.59316357,357.40834138,1,0,0.0,0.0,0.0
3410,136.42,141.26236208,356.57440472,1,0,0.0,0.0,0.0
3411,136.46,140.93086173,355.74046308,1,0,0.0,0.0,0.0
3412,136.5,140.59827793,354.90651835,1,0,0.0,0.0,0.0
3413,136.54,140.26445649,354.07117795,1,0,0.0,0.0,0.0
3414,136.58,139.93033134,353.23233239,1,0,0.0,0.0,0.0
3415,136.62,139.59625298,352.39368619,1,0,0.0,0.0,0.0
3416,136.66,139.26234913,351.55227038,1,0,0.0,0.0,0.0
3417,136.7,138.9286947,350.70968819,1,0,0.0,0.0,0.0
3418,136.74,138.59530824,349.86710342,1,0,0.0,0.0,0.0
3419,136.78,138.26172636,349.02633939,1,0,0.0,0.0,0.0
3420,136.82,137.92771112,348.18598342,1,0,0.0,0.0,0.0
3421,136.86,137.59334241,347.34562931,1,0,0.0,0.0,0.0
3422,136.9,137.25877564,346.50528076,1,0,0.0,0.0,0.0
3423,136.94,136.92323453,345.66116529,1,0,0.0,0.0,0.0
3424,136.98,136.58718917,344.81573688,1,0,0.0,0.0,0.0
3425,137.02,136.25114677,343.96836584,1,0,0.0,0.0,0.0
3426,137.06,135.91519732,343.11895266,1,0,0.0,0.0,0.0
3427,137.1,135.57931359,342.26953102,1,0,0.0,0.0,0.0
3428,137.14,135.24372966,341.42124696,1,0,0.0,0.0,0.0
3429,137.18,134.90847197,340.57407232,1,0,0.0,0.0,0.0
3430,137.22,134.57316194,339.72689847,1,0,0.0,0.0,0.0
3431,137.26,134.23715736,338.8797287,1,0,0.0,0.0,0.0
3432,137.3,133.90047716,338.03115184,1,0,0.0,0.0,0.0
3433,137.34,133.56324325,337.17869434,1,0,0.0,0.0,0.0
3434,137.38,133.22554893,336.32447322,1,0,0.0,0.0,0.0
3435,137.42,132.88796463,335.46773822,1,0,0.0,0.0,0.0
3436,137.46,132.55068213,334.61099616,1,0,0.0,0.0,0.0
3437,137.5,132.21388262,333.75490424,1,0,0.0,0.0,0.0
3438,137.54,131.87717462,332.900434,1,0,0.0,0.0,0.0
3439,137.58,131.54027094,332.045966,1,0,0.0,0.0,0.0
3440,137.62,131.20283221,331.1914992,1,0,0.0,0.0,0.0
3441,137.66,130.86426659,330.33703205,1,0,0.0,0.0,0.0
3442,137.7,130.52576011,329.47780084,1,0,0.0,0.0,0.0
3443,137.74,130.18721678,328.61631735,1,0,0.0,0.0,0.0
3444,137.78,129.84887856,327.75137289,1,0,0.0,0.0,0.0
3445,137.82,129.51052945,326.88682023,1,0,0.0,0.0,0.0
3446,137.86,129.17193269,326.02263568,1,0,0.0,0.0,0.0
3447,137.9,128.83282688,325.16038561,1,0,0.0,0.0,0.0
3448,137.94,128.49199732,325.5943021,1,0,0.0,0.0,0.0
3449,137.98,128.14164586,325.42007682,2,0,0.0,0.0,0.0
3450,138.02,127.79016184,324.5379863,2,0,0.0,0.0,0.0
3451,138.06,127.43746709,323.6527945,2,0,0.0,0.0,0.0
3452,138.1,127.08453996,322.76345438,2,0,0.0,0.0,0.0
3453,138.14,126.73151705,321.86973692,2,0,0.0,0.0,0.0
3454,138.18,126.3783074,320.97698712,2,0,0.0,0.0,0.0
3455,138.22,126.02423706,320.08454242,2,0,0.0,0.0,0.0
3456,138.26,125.66910763,319.1941212,2,0,0.0,0.0,0.0
3457,138.3,125.31236217,318.30370215,2,0,0.0,0.0,0.0
3458,138.34,124.95361853,317.41327525,2,0,0.0,0.0,0.0
3459,138.38,124.59291849,316.52285067,2,0,0.0,0.0,0.0
3460,138.42,124.23101405,315.63066607,2,0,0.0,0.0,0.0
3461,138.46,123.86942663,314.73204,2,0,0.0,0.0,0.0
3462,138.5,123.50848041,313.82895383,2,0,0.0,0.0,0.0
3463,138.54,123.14778753,312.92725211,2,0,0.0,0.0,0.0
3464,138.58,122.78691237,312.0260398,2,0,0.0,0.0,0.0
3465,138.62,122.42606943,311.12669869,2,0,0.0,0.0,0.0
3466,138.66,122.06549472,310.22735719,2,0,0.0,0.0,0.0
3467,138.7,121.70447816,309.32801852,2,0,0.0,0.0,0.0
3468,138.74,121.34355695,308.42867905,2,0,0.0,0.0,0.0
3469,138.78,120.98225843,307.52852026,2,0,0.0,0.0,0.0
3470,138.82,120.62083127,306.61915192,2,0,0.0,0.0,0.0
3471,138.86,120.25979485,305.70623305,2,0,0.0,0.0,0.0
3472,138.9,119.89877943,304.79492482,2,0,0.0,0.0,0.0
3473,138.94,119.53776594,303.88455314,2,0,0.0,0.0,0.0
3474,138.98,119.17636501,302.97562626,2,0,0.0,0.0,0.0
3475,139.02,118.814137,302.06670115,2,0,0.0,0.0,0.0
3476,139.06,118.45127577,301.15777743,2,0,0.0,0.0,0.0
3477,139.1,118.08905812,300.2488577,2,0,0.0,0.0,0.0
3478,139.14,117.72655341,299.33957945,2,0,0.0,0.0,0.0
3479,139.18,117.36336391,298.41773759,2,0,0.0,0.0,0.0
3480,139.22,116.99998985,297.49447839,2,0,0.0,0.0,0.0
3481,139.26,116.63618526,296.57287952,2,0,0.0,0.0,0.0
3482,139.3,116.27242373,295.65295112,2,0,0.0,0.0,0.0
3483,139.34,115.90815285,294.73376047,2,0,0.0,0.0,0.0
3484,139.38,115.54266164,293.8145724,2,0,0.0,0.0,0.0
3485,139.42,115.1757917,292.89538413,2,0,0.0,0.0,0.0
3486,139.46,114.80683419,291.97619802,2,0,0.0,0.0,0.0
3487,139.5,114.43587638,291.05502849,2,0,0.0,0.0,0.0
3488,139.54,114.06490098,290.12022745,2,0,0.0,0.0,0.0
3489,139.58,113.69430314,289.18605763,2,0,0.0,0.0,0.0
3490,139.62,113.32435705,288.25367471,2,0,0.0,0.0,0.0
3491,139.66,112.95474853,287.32346641,2,0,0.0,0.0,0.0
3492,139.7,112.58451872,286.39326025,2,0,0.0,0.0,0.0
3493,139.74,112.21301296,285.46305495,2,0,0.0,0.0,0.0
3494,139.78,111.84026259,284.53285393,2,0,0.0,0.0,0.0
3495,139.82,111.46625778,283.60265764,2,0,0.0,0.0,0.0
3496,139.86,111.09120565,282.6647117,2,0,0.0,0.0,0.0
3497,139.9,110.71643014,281.71797796,2,0,0.0,0.0,0.0
3498,139.94,110.3421541,280.77227424,2,0,0.0,0.0,0.0
3499,139.98,109.9679426,279.82935415,2,0,0.0,0.0,0.0
3500,140.02,109.59386563,278.88726782,2,0,0.0,0.0,0.0
3501,140.06,109.2197591,277.94517875,2,0,0.0,0.0,0.0
3502,140.1,108.84512663,277.00308842,2,0,0.0,0.0,0.0
3503,140.14,108.46961767,276.06099044,2,0,0.0,0.0,0.0
3504,140.18,108.09357494,275.11556126,2,0,0.0,0.0,0.0
3505,140.22,107.71763855,274.16056681,2,0,0.0,0.0,0.0
3506,140.26,107.34140725,273.20094563,2,0,0.0,0.0,0.0
3507,140.3,106.96511618,272.24388451,2,0,0.0,0.0,0.0
3508,140.34,106.58795211,271.28898014,2,0,0.0,0.0,0.0
3509,140.38,106.20898424,270.33407732,2,0,0.0,0.0,0.0
3510,140.42,105.82898719,269.37917597,2,0,0.0,0.0,0.0
3511,140.46,105.44780845,268.42428269,2,0,0.0,0.0,0.0
3512,140.5,105.06456433,267.46821805,2,0,0.0,0.0,0.0
3513,140.54,104.67951605,266.50271932,2,0,0.0,0.0,0.0
3514,140.58,104.29325976,265.53152948,2,0,0.0,0.0,0.0
3515,140.62,103.90689513,264.55879316,2,0,0.0,0.0,0.0
3516,140.66,103.51955937,263.59002587,2,0,0.0,0.0,0.0
3517,140.7,103.1313101,262.62126324,2,0,0.0,0.0,0.0
3518,140.74,102.74191602,261.65250088,2,0,0.0,0.0,0.0
3519,140.78,102.35192103,260.68373574,2,0,0.0,0.0,0.0
3520,140.82,101.96126174,259.71473959,2,0,0.0,0.0,0.0
3521,140.86,101.57050042,258.73461848,2,0,0.0,0.0,0.0
3522,140.9,101.18001619,257.7533694,2,0,0.0,0.0,0.0
3523,140.94,100.78933525,256.7651696,2,0,0.0,0.0,0.0
3524,140.98,100.3983905,255.780666,2,0,0.0,0.0,0.0
3525,141.02,100.00627099,254.79689908,2,0,0.0,0.0,0.0
3526,141.06,99.6127141,253.81313269,2,0,0.0,0.0,0.0
3527,141.1,99.21787882,252.82936733,2,0,0.0,0.0,0.0
3528,141.14,98.82127602,251.84469553,2,0,0.0,0.0,0.0
3529,141.18,98.42404958,250.84875053,2,0,0.0,0.0,0.0
3530,141.22,98.02645604,249.85280986,2,0,0.0,0.0,0.0
3531,141.26,97.6281534,248.85162865,2,0,0.0,0.0,0.0
3532,141.3,97.22889322,247.8500439,2,0,0.0,0.0,0.0
3533,141.34,96.82818262,246.85004895,2,0,0.0,0.0,0.0
3534,141.38,96.4260976,245.85005196,2,0,0.0,0.0,0.0
3535,141.42,96.02277627,244.85005313,2,0,0.0,0.0,0.0
3536,141.46,95.61837786,243.84636087,2,0,0.0,0.0,0.0
3537,141.5,95.21393845,242.83321337,2,0,0.0,0.0,0.0
3538,141.54,94.80960721,241.82005977,2,0,0.0,0.0,0.0
3539,141.58,94.40519526,240.80538593,2,0,0.0,0.0,0.0
3540,141.62,94.00031262,239.78554086,2,0,0.0,0.0,0.0
3541,141.66,93.59445179,238.76786246,2,0,0.0,0.0,0.0
3542,141.7,93.18743343,237.75018069,2,0,0.0,0.0,0.0
3543,141.74,92.77864171,236.73248981,2,0,0.0,0.0,0.0
3544,141.78,92.36864364,235.70561488,2,0,0.0,0.0,0.0
3545,141.82,91.95781752,234.67371734,2,0,0.0,0.0,0.0
3546,141.86,91.54671628,233.64202337,2,0,0.0,0.0,0.0
3547,141.9,91.13486261,232.61173504,2,0,0.0,0.0,0.0
3548,141.94,90.72155227,231.57246312,2,0,0.0,0.0,0.0
3549,141.98,90.30667742,230.53536287,2,0,0.0,0.0,0.0
3550,142.02,89.88995792,229.49840013,2,0,0.0,0.0,0.0
3551,142.06,89.47216561,228.458676,2,0,0.0,0.0,0.0
3552,142.1,89.05363514,227.40628878,2,0,0.0,0.0,0.0
3553,142.14,88.63413872,226.35390192,2,0,0.0,0.0,0.0
3554,142.18,88.21359573,225.30357852,2,0,0.0,0.0,0.0
3555,142.22,87.79102342,224.25370846,2,0,0.0,0.0,0.0
3556,142.26,87.36681205,223.19334964,2,0,0.0,0.0,0.0
3557,142.3,86.94071771,222.13525647,2,0,0.0,0.0,0.0
3558,142.34,86.51365559,221.07724437,2,0,0.0,0.0,0.0
3559,142.38,86.08624667,220.00431083,2,0,0.0,0.0,0.0
3560,142.42,85.65886119,218.929495,2,0,0.0,0.0,0.0
3561,142.46,85.23135023,217.85638359,2,0,0.0,0.0,0.0
3562,142.5,84.80257013,216.7844094,2,0,0.0,0.0,0.0
3563,142.54,84.37175198,215.71156895,2,0,0.0,0.0,0.0
3564,142.58,83.93890657,214.62843104,2,0,0.0,0.0,0.0
3565,142.62,83.50422379,213.54734906,2,0,0.0,0.0,0.0
3566,142.66,83.06780544,212.45189642,2,0,0.0,0.0,0.0
3567,142.7,82.63020948,211.35244817,2,0,0.0,0.0,0.0
3568,142.74,82.19161522,210.25492415,2,0,0.0,0.0,0.0
3569,142.78,81.75226211,209.15837122,2,0,0.0,0.0,0.0
3570,142.82,81.31103018,208.06181052,2,0,0.0,0.0,0.0
3571,142.86,80.86686946,206.96195826,2,0,0.0,0.0,0.0
3572,142.9,80.42060456,205.85419511,2,0,0.0,0.0,0.0
3573,142.94,79.97298628,204.73017097,2,0,0.0,0.0,0.0
3574,142.98,79.52468138,203.60354461,2,0,0.0,0.0,0.0
3575,143.02,79.07539719,202.47969731,2,0,0.0,0.0,0.0
3576,143.06,78.62380751,201.35601929,2,0,0.0,0.0,0.0
3577,143.1,78.16928329,200.23233223,2,0,0.0,0.0,0.0
3578,143.14,77.71221155,199.10864357,2,0,0.0,0.0,0.0
3579,143.18,77.25286121,197.97328122,2,0,0.0,0.0,0.0
3580,143.22,76.79230251,196.81641389,2,0,0.0,0.0,0.0
3581,143.26,76.33046964,195.66106721,2,0,0.0,0.0,0.0
3582,143.3,75.86626847,194.50737254,2,0,0.0,0.0,0.0
3583,143.34,75.39980926,193.35368026,2,0,0.0,0.0,0.0
3584,143.38,74.93098538,192.19999306,2,0,0.0,0.0,0.0
3585,143.42,74.45991328,191.04630706,2,0,0.0,0.0,0.0
3586,143.46,73.98703221,189.87456021,2,0,0.0,0.0,0.0
3587,143.5,73.51367862,188.68403334,2,0,0.0,0.0,0.0
3588,143.54,73.03816223,187.49703271,2,0,0.0,0.0,0.0
3589,143.58,72.56008775,186.31003332,2,0,0.0,0.0,0.0
3590,143.62,72.07892133,185.12303722,2,0,0.0,0.0,0.0
3591,143.66,71.59428373,183.93604511,2,0,0.0,0.0,0.0
3592,143.7,71.10606399,182.73796282,2,0,0.0,0.0,0.0
3593,143.74,70.61579086,181.52405214,2,0,0.0,0.0,0.0
3594,143.78,70.12335247,180.30194557,2,0,0.0,0.0,0.0
3595,143.82,69.62805356,179.0777689,2,0,0.0,0.0,0.0
3596,143.86,69.1296755,177.85358969,2,0,0.0,0.0,0.0
3597,143.9,68.62834881,176.62940788,2,0,0.0,0.0,0.0
3598,143.94,68.12402368,175.3937774,2,0,0.0,0.0,0.0
3599,143.98,67.61795272,174.14013916,2,0,0.0,0.0,0.0
3600,144.02,67.10955118,172.88825062,2,0,0.0,0.0,0.0
3601,144.06,66.59810908,171.62753037,2,0,0.0,0.0,0.0
3602,144.1,66.08270049,170.3616503,2,0,0.0,0.0,0.0
3603,144.14,65.56343809,169.09576568,2,0,0.0,0.0,0.0
3604,144.18,65.04172857,167.8094856,2,0,0.0,0.0,0.0
3605,144.22,64.51745589,166.51189676,2,0,0.0,0.0,0.0
3606,144.26,63.98908496,165.21436388,2,0,0.0,0.0,0.0
3607,144.3,63.45624747,163.91682296,2,0,0.0,0.0,0.0
3608,144.34,62.91929089,162.60999339,2,0,0.0,0.0,0.0
3609,144.38,62.37789959,161.29481244,2,0,0.0,0.0,0.0
3610,144.42,61.8325861,159.94484201,2,0,0.0,0.0,0.0
3611,144.46,61.28252611,158.5955277,2,0,0.0,0.0,0.0
3612,144.5,60.72769,157.24620973,2,0,0.0,0.0,0.0
3613,144.54,60.16819878,155.896891,2,0,0.0,0.0,0.0
3614,144.58,59.6040542,154.54757604,2,0,0.0,0.0,0.0
3615,144.62,59.03453813,153.15204694,2,0,0.0,0.0,0.0
3616,144.66,58.45962478,151.74360553,2,0,0.0,0.0,0.0
3617,144.7,57.87941545,150.33516767,2,0,0.0,0.0,0.0
3618,144.74,57.29372799,148.92672964,2,0,0.0,0.0,0.0
3619,144.78,56.70257684,147.51948445,2,0,0.0,0.0,0.0
3620,144.82,56.1036658,146.0711222,2,0,0.0,0.0,0.0
3621,144.86,55.49799946,144.6110875,2,0,0.0,0.0,0.0
3622,144.9,54.88567715,143.13454262,2,0,0.0,0.0,0.0
3623,144.94,54.26691693,141.65838823,2,0,0.0,0.0,0.0
3624,144.98,53.63852385,140.17687365,2,0,0.0,0.0,0.0
3625,145.02,53.00116348,138.64197361,2,0,0.0,0.0,0.0
3626,145.06,52.3565885,137.10706927,2,0,0.0,0.0,0.0
3627,145.1,51.7043515,135.57371937,2,0,0.0,0.0,0.0
3628,145.14,51.04052679,134.02740067,2,0,0.0,0.0,0.0
3629,145.18,50.36511747,132.41977058,2,0,0.0,0.0,0.0
3630,145.22,49.68097462,130.79421749,2,0,0.0,0.0,0.0
3631,145.26,48.98767193,129.17099593,2,0,0.0,0.0,0.0
3632,145.3,48.28001299,127.54898377,2,0,0.0,0.0,0.0
3633,145.34,47.55816625,125.86679431,2,0,0.0,0.0,0.0
3634,145.38,46.82329267,124.14687203,2,0,0.0,0.0,0.0
3635,145.42,46.07009108,122.41691492,2,0,0.0,0.0,0.0
3636,145.46,45.29730323,120.68695577,2,0,0.0,0.0,0.0
3637,145.5,44.50494303,118.8559966,2,0,0.0,0.0,0.0
3638,145.54,43.6878163,117.02125867,2,0,0.0,0.0,0.0
3639,145.58,42.84470846,115.1888602,2,0,0.0,0.0,0.0
3640,145.62,41.96551099,113.26957463,2,0,0.0,0.0,0.0
3641,145.66,41.05167284,111.27718982,2,0,0.0,0.0,0.0
3642,145.7,40.08969415,109.28787284,2,0,0.0,0.0,0.0
3643,145.74,39.06718635,107.21235534,2,0,0.0,0.0,0.0
3644,145.78,37.95820212,105.05251809,2,0,0.0,0.0,0.0
3645,145.82,36.67817294,102.89984204,2,0,0.0,0.0,0.0
3646,145.86,35.19713991,100.5382207,2,0,0.0,0.0,0.0
3647,145.9,33.79197802,98.12464721,2,0,0.0,0.0,0.0
3648,145.94,32.46460534,95.55236606,2,0,0.0,0.0,0.0
3649,145.98,31.22688363,92.80956413,2,0,0.0,0.0,0.0
3650,146.02,30.08390952,89.80682681,2,0,0.0,0.0,0.0
3651,146.06,29.05229894,86.56333869,2,0,0.0,0.0,0.0
3652,146.1,28.15385849,82.50092305,2,0,0.0,0.0,0.0
3653,146.14,27.43422714,77.12463549,2,0,0.0,0.0,0.0
3654,146.18,26.97964198,72.20896864,2,0,0.0,0.0,0.0
3655,146.22,26.56278003,71.25122318,2,0,0.0,0.0,0.0
3656,146.26,26.14123633,70.29410666,2,0,0.0,0.0,0.0
3657,146.3,25.71588416,69.29846869,2,0,0.0,0.0,0.0
3658,146.34,25.28803417,68.30089268,2,0,0.0,0.0,0.0
3659,146.38,24.85766392,67.30342874,2,0,0.0,0.0,0.0
3660,146.42,24.42338674,66.30875465,2,0,0.0,0.0,0.0
3661,146.46,23.98384181,65.31408111,2,0,0.0,0.0,0.0
3662,146.5,23.53981675,64.27741679,2,0,0.0,0.0,0.0
3663,146.54,23.09257242,63.23673494,2,0,0.0,0.0,0.0
3664,146.58,22.64159209,62.19775224,2,0,0.0,0.0,0.0
3665,146.62,22.1844708,61.16001515,2,0,0.0,0.0,0.0
3666,146.66,21.72101693,60.11521347,2,0,0.0,0.0,0.0
3667,146.7,21.25289905,59.02472284,2,0,0.0,0.0,0.0
3668,146.74,20.78085661,57.93542802,2,0,0.0,0.0,0.0
3669,146.78,20.30212871,56.84791223,2,0,0.0,0.0,0.0
3670,146.82,19.88754341,53.90358369,1,0,0.0,0.0,0.0
3671,146.86,19.49894756,52.98678948,1,0,0.0,0.0,0.0
3672,146.9,19.10508618,52.04863093,1,0,0.0,0.0,0.0
3673,146.94,18.70293755,51.11190869,1,0,0.0,0.0,0.0
3674,146.98,18.2920323,50.17518303,1,0,0.0,0.0,0.0
3675,147.02,17.87269258,49.21033997,1,0,0.0,0.0,0.0
3676,147.06,17.44514095,48.2049992,1,0,0.0,0.0,0.0
3677,147.1,17.00721997,47.19982728,1,0,0.0,0.0,0.0
3678,147.14,16.55900348,46.19465489,1,0,0.0,0.0,0.0
3679,147.18,16.0994424,45.15353536,1,0,0.0,0.0,0.0
3680,147.22,15.62684964,44.06668515,1,0,0.0,0.0,0.0
3681,147.26,15.14137867,42.9798338,1,0,0.0,0.0,0.0
3682,147.3,14.64080995,41.89525911,1,0,0.0,0.0,0.0
3683,147.34,14.12088761,40.72998022,1,0,0.0,0.0,0.0
3684,147.38,13.58445989,39.54459128,1,0,0.0,0.0,0.0
3685,147.42,13.02493395,38.36195113,1,0,0.0,0.0,0.0
3686,147.46,12.43872373,37.12271328,1,0,0.0,0.0,0.0
3687,147.5,11.82518461,35.81766791,1,0,0.0,0.0,0.0
3688,147.54,11.17572377,34.51313745,1,0,0.0,0.0,0.0
3689,147.58,10.48217655,33.14613461,1,0,0.0,0.0,0.0
3690,147.62,9.73594625,31.68899702,1,0,0.0,0.0,0.0
3691,147.66,8.91437245,30.23425553,1,0,0.0,0.0,0.0
3692,147.7,7.97669327,28.64197508,1,0,0.0,0.0,0.0
3693,147.74,6.78082622,26.99416711,1,0,0.0,0.0,0.0
3694,147.78,5.54827493,25.26629417,1,0,0.0,0.0,0.0
3695,147.82,4.40215442,23.35065537,1,0,0.0,0.0,0.0
3696,147.86,3.34610559,21.34385802,1,0,0.0,0.0,0.0
3697,147.9,2.39256603,19.04953974,1,0,0.0,0.0,0.0
3698,147.94,1.55034035,16.46356919,1,0,0.0,0.0,0.0
3699,147.98,0.84006387,13.48205224,1,0,0.0,0.0,0.0
3700,148.02,0.29273438,9.51679183,1,0,0.0,0.0,0.0
3701,148.04934246,0.03684458,4.66382976,1,0,0.0,0.0,0.0
