layer_index,z_mm,part_area_mm2,part_perimeter_mm,part_component_count,new_island_count,unsupported_area_mm2,support_area_mm2,support_perimeter_mm
0,0.03,1.2,40.12,1,0,0.0,45.25,95.0
1,0.09,3.6,40.36,1,0,0.0,45.25,95.0
2,0.15,6.0,40.6,1,0,0.0,45.25,95.0
3,0.21,8.4,40.84,1,0,0.0,45.25,95.0
4,0.27,10.8,41.08,1,0,0.0,45.25,95.0
5,0.33,13.2,41.32,1,0,0.0,45.25,95.0
6,0.39,15.6,41.56,1,0,0.0,45.25,95.0
7,0.45,18.0,41.8,1,0,0.0,45.25,95.0
8,0.51,20.4,42.04,1,0,0.0,45.25,95.0
9,0.57,22.8,42.28,1,0,0.0,45.25,95.0
10,0.63,25.2,42.52,1,0,0.0,45.25,95.0
11,0.69,27.6,42.76,1,0,0.0,45.25,95.0
12,0.75,30.0,43.0,1,0,0.0,45.25,95.0
13,0.81,32.4,43.24,1,0,0.0,45.25,95.0
14,0.87,34.8,43.48,1,0,0.0,45.25,95.0
15,0.93,37.2,43.72,1,0,0.0,45.25,95.0
16,0.99,39.6,43.96,1,0,0.0,45.25,95.0
17,1.05,42.0,44.2,1,0,0.0,45.25,95.0
18,1.11,44.4,44.44,1,0,0.0,45.25,95.0
19,1.17,46.8,44.68,1,0,0.0,45.25,95.0
20,1.23,49.2,44.92,1,0,0.0,45.25,95.0
21,1.29,51.6,45.16,1,0,0.0,45.25,95.0
22,1.35,54.0,45.4,1,0,0.0,45.25,95.0
23,1.41,56.4,45.64,1,0,0.0,45.25,95.0
24,1.47,58.8,45.88,1,0,0.0,45.25,95.0
25,1.53,61.2,46.12,1,0,0.0,45.25,95.0
26,1.59,63.6,46.36,1,0,0.0,45.25,95.0
27,1.65,66.0,46.6,1,0,0.0,45.25,95.0
28,1.71,68.4,46.84,1,0,0.0,45.25,95.0
29,1.77,70.8,47.08,1,0,0.0,45.25,95.0
30,1.83,73.2,47.32,1,0,0.0,45.25,95.0
31,1.89,75.6,47.56,1,0,0.0,45.25,95.0
32,1.95,78.0,47.8,1,0,0.0,45.25,95.0
33,2.01,80.4,48.04,1,0,0.0,45.25,95.0
34,2.07,82.8,48.28,1,0,0.0,45.25,95.0
35,2.13,85.2,48.52,1,0,0.0,45.25,95.0
36,2.19,87.6,48.76,1,0,0.0,45.25,95.0
37,2.25,90.0,49.0,1,0,0.0,45.25,95.0
38,2.31,92.4,49.24,1,0,0.0,45.25,95.0
39,2.37,94.8,49.48,1,0,0.0,45.25,95.0
40,2.43,97.2,49.72,1,0,0.0,45.25,95.0
41,2.49,99.6,49.96,1,0,0.0,45.25,95.0
42,2.55,102.0,50.2,1,0,0.0,45.25,95.0
43,2.61,104.4,50.44,1,0,0.0,45.25,95.0
44,2.67,106.8,50.68,1,0,0.0,45.25,95.0
45,2.73,109.2,50.92,1,0,0.0,45.25,95.0
46,2.79,111.6,51.16,1,0,0.0,45.25,95.0
47,2.85,114.0,51.4,1,0,0.0,45.25,95.0
48,2.91,116.4,51.64,1,0,0.0,45.25,95.0
49,2.97,118.8,51.88,1,0,0.0,45.25,95.0
50,3.03,121.2,52.12,1,0,0.0,45.25,95.0
51,3.09,123.6,52.36,1,0,0.0,45.25,95.0
52,3.15,126.0,52.6,1,0,0.0,45.25,95.0
53,3.21,128.4,52.84,1,0,0.0,45.25,95.0
54,3.27,130.8,53.08,1,0,0.0,45.25,95.0
55,3.33,133.2,53.32,1,0,0.0,45.25,95.0
56,3.39,135.6,53.56,1,0,0.0,45.25,95.0
57,3.45,138.0,53.8,1,0,0.0,45.25,95.0
58,3.51,140.4,54.04,1,0,0.0,45.25,95.0
59,3.57,142.8,54.28,1,0,0.0,45.25,95.0
60,3.63,145.2,54.52,1,0,0.0,45.25,95.0
61,3.69,147.6,54.76,1,0,0.0,45.25,95.0
62,3.75,150.0,55.0,1,0,0.0,45.25,95.0
63,3.81,152.4,55.24,1,0,0.0,45.25,95.0
64,3.87,154.8,55.48,1,0,0.0,45.25,95.0
65,3.93,157.2,55.72,1,0,0.0,45.25,95.0
66,3.99,159.6,55.96,1,0,0.0,45.25,95.0
67,4.05,162.0,56.2,1,0,0.0,45.25,95.0
68,4.11,164.4,56.44,1,0,0.0,45.25,95.0
69,4.17,166.8,56.68,1,0,0.0,45.25,95.0
70,4.23,169.2,56.92,1,0,0.0,45.25,95.0
71,4.29,171.6,57.16,1,0,0.0,45.25,95.0
72,4.35,174.0,57.4,1,0,0.0,45.25,95.0
73,4.41,176.4,57.64,1,0,0.0,45.25,95.0
74,4.47,178.8,57.88,1,0,0.0,45.25,95.0
75,4.53,181.2,58.12,1,0,0.0,45.25,95.0
76,4.59,183.6,58.36,1,0,0.0,45.25,95.0
77,4.65,186.0,58.6,1,0,0.0,45.25,95.0
78,4.71,188.4,58.84,1,0,0.0,45.25,95.0
79,4.77,190.8,59.08,1,0,0.0,45.25,95.0
80,4.83,193.2,59.32,1,0,0.0,45.25,95.0
81,4.89,195.6,59.56,1,0,0.0,45.25,95.0
82,4.95,198.0,59.8,1,0,0.0,45.25,95.0
83,5.01,200.4,60.04,1,0,0.0,45.25,95.0
84,5.07,202.8,60.28,1,0,0.0,45.25,95.0
85,5.13,205.2,60.52,1,0,0.0,45.25,95.0
86,5.19,207.6,60.76,1,0,0.0,45.25,95.0
87,5.25,210.0,61.0,1,0,0.0,45.25,95.0
88,5.31,212.4,61.24,1,0,0.0,45.25,95.0
89,5.37,214.8,61.48,1,0,0.0,45.25,95.0
90,5.43,217.2,61.72,1,0,0.0,45.25,95.0
91,5.49,219.6,61.96,1,0,0.0,45.25,95.0
92,5.55,222.0,62.2,1,0,0.0,45.25,95.0
93,5.61,224.4,62.44,1,0,0.0,45.25,95.0
94,5.67,226.8,62.68,1,0,0.0,45.25,95.0
95,5.73,229.2,62.92,1,0,0.0,45.25,95.0
96,5.79,231.6,63.16,1,0,0.0,45.25,95.0
97,5.85,234.0,63.4,1,0,0.0,45.25,95.0
98,5.91,236.4,63.64,1,0,0.0,45.25,95.0
99,5.97,238.8,63.88,1,0,0.0,45.25,95.0
100,6.03,241.2,64.12,1,0,0.0,45.25,95.0
101,6.09,243.6,64.36,1,0,0.0,45.25,95.0
102,6.15,246.0,64.6,1,0,0.0,45.25,95.0
103,6.21,248.4,64.84,1,0,0.0,45.25,95.0
104,6.27,250.8,65.08,1,0,0.0,45.25,95.0
105,6.33,253.2,65.32,1,0,0.0,45.25,95.0
106,6.39,255.6,65.56,1,0,0.0,45.25,95.0
107,6.45,258.0,65.8,1,0,0.0,45.25,95.0
108,6.51,260.4,66.04,1,0,0.0,45.25,95.0
109,6.57,262.8,66.28,1,0,0.0,45.25,95.0
110,6.63,265.2,66.52,1,0,0.0,45.25,95.0
111,6.69,267.6,66.76,1,0,0.0,45.25,95.0
112,6.75,270.0,67.0,1,0,0.0,45.25,95.0
113,6.81,272.4,67.24,1,0,0.0,45.25,95.0
114,6.87,274.8,67.48,1,0,0.0,45.25,95.0
115,6.93,277.2,67.72,1,0,0.0,45.25,95.0
116,6.99,279.6,67.96,1,0,0.0,45.25,95.0
117,7.05,282.0,68.2,1,0,0.0,45.25,95.0
118,7.11,284.4,68.44,1,0,0.0,45.25,95.0
119,7.17,286.8,68.68,1,0,0.0,45.25,95.0
120,7.23,289.2,68.92,1,0,0.0,45.25,95.0
121,7.29,291.6,69.16,1,0,0.0,45.25,95.0
122,7.35,294.0,69.4,1,0,0.0,45.25,95.0
123,7.41,296.4,69.64,1,0,0.0,45.25,95.0
124,7.47,298.8,69.88,1,0,0.0,45.25,95.0
125,7.53,301.2,70.12,1,0,0.0,45.25,95.0
126,7.59,303.6,70.36,1,0,0.0,45.25,95.0
127,7.65,306.0,70.6,1,0,0.0,45.25,95.0
128,7.71,308.4,70.84,1,0,0.0,45.25,95.0
129,7.77,310.8,71.08,1,0,0.0,45.25,95.0
130,7.83,313.2,71.32,1,0,0.0,45.25,95.0
131,7.89,315.6,71.56,1,0,0.0,45.25,95.0
132,7.95,318.0,71.8,1,0,0.0,45.25,95.0
133,8.01,320.4,72.04,1,0,0.0,45.25,95.0
134,8.07,322.8,72.28,1,0,0.0,45.25,95.0
135,8.13,325.2,72.52,1,0,0.0,45.25,95.0
136,8.19,327.6,72.76,1,0,0.0,45.25,95.0
137,8.25,330.0,73.0,1,0,0.0,45.25,95.0
138,8.31,332.4,73.24,1,0,0.0,45.25,95.0
139,8.37,334.8,73.48,1,0,0.0,45.25,95.0
140,8.43,337.2,73.72,1,0,0.0,45.25,95.0
141,8.49,339.6,73.96,1,0,0.0,45.25,95.0
142,8.55,342.0,74.2,1,0,0.0,45.25,95.0
143,8.61,344.4,74.44,1,0,0.0,45.25,95.0
144,8.67,346.8,74.68,1,0,0.0,45.25,95.0
145,8.73,349.2,74.92,1,0,0.0,45.25,95.0
146,8.79,351.6,75.16,1,0,0.0,45.25,95.0
147,8.85,354.0,75.4,1,0,0.0,45.25,95.0
148,8.91,356.4,75.64,1,0,0.0,45.25,95.0
149,8.97,358.8,75.88,1,0,0.0,45.25,95.0
150,9.03,361.2,76.12,1,0,0.0,45.25,95.0
151,9.09,363.6,76.36,1,0,0.0,45.25,95.0
152,9.15,366.0,76.6,1,0,0.0,45.25,95.0
153,9.21,368.4,76.84,1,0,0.0,45.25,95.0
154,9.27,370.8,77.08,1,0,0.0,45.25,95.0
155,9.33,373.2,77.32,1,0,0.0,45.25,95.0
156,9.39,375.6,77.56,1,0,0.0,45.25,95.0
157,9.45,378.0,77.8,1,0,0.0,45.25,95.0
158,9.51,380.4,78.04,1,0,0.0,45.25,95.0
159,9.57,382.8,78.28,1,0,0.0,45.25,95.0
160,9.63,385.2,78.52,1,0,0.0,45.25,95.0
161,9.69,387.6,78.76,1,0,0.0,45.25,95.0
162,9.75,390.0,79.0,1,0,0.0,45.25,95.0
163,9.81,392.4,79.24,1,0,0.0,45.25,95.0
164,9.87,394.8,79.48,1,0,0.0,45.25,95.0
165,9.93,397.2,79.72,1,0,0.0,45.25,95.0
166,9.99,399.6,79.96,1,0,0.0,45.25,95.0
167,10.05,402.0,80.2,1,0,0.0,45.25,95.0
168,10.11,404.4,80.44,1,0,0.0,45.25,95.0
169,10.17,406.8,80.68,1,0,0.0,45.25,95.0
170,10.23,409.2,80.92,1,0,0.0,45.25,95.0
171,10.29,411.6,81.16,1,0,0.0,45.25,95.0
172,10.35,414.0,81.4,1,0,0.0,45.25,95.0
173,10.41,416.4,81.64,1,0,0.0,45.25,95.0
174,10.47,418.8,81.88,1,0,0.0,45.25,95.0
175,10.53,421.2,82.12,1,0,0.0,45.25,95.0
176,10.59,423.6,82.36,1,0,0.0,45.25,95.0
177,10.65,426.0,82.6,1,0,0.0,45.25,95.0
178,10.71,428.4,82.84,1,0,0.0,45.25,95.0
179,10.77,430.8,83.08,1,0,0.0,45.25,95.0
180,10.83,433.2,83.32,1,0,0.0,45.25,95.0
181,10.89,435.6,83.56,1,0,0.0,45.25,95.0
182,10.95,438.0,83.8,1,0,0.0,45.25,95.0
183,11.01,440.4,84.04,1,0,0.0,45.25,95.0
184,11.07,442.8,84.28,1,0,0.0,45.25,95.0
185,11.13,445.2,84.52,1,0,0.0,45.25,95.0
186,11.19,447.6,84.76,1,0,0.0,45.25,95.0
187,11.25,450.0,85.0,1,0,0.0,45.25,95.0
188,11.31,452.4,85.24,1,0,0.0,45.25,95.0
189,11.37,454.8,85.48,1,0,0.0,45.25,95.0
190,11.43,457.2,85.72,1,0,0.0,45.25,95.0
191,11.49,459.6,85.96,1,0,0.0,45.25,95.0
192,11.55,462.0,86.2,1,0,0.0,45.25,95.0
193,11.61,464.4,86.44,1,0,0.0,45.25,95.0
194,11.67,466.8,86.68,1,0,0.0,45.25,95.0
195,11.73,469.2,86.92,1,0,0.0,45.25,95.0
196,11.79,471.6,87.16,1,0,0.0,45.25,95.0
197,11.85,474.0,87.4,1,0,0.0,45.25,95.0
198,11.91,476.4,87.64,1,0,0.0,45.25,95.0
199,11.97,478.8,87.88,1,0,0.0,45.25,95.0
200,12.03,481.2,88.12,1,0,0.0,45.25,95.0
201,12.09,483.6,88.36,1,0,0.0,45.25,95.0
202,12.15,486.0,88.6,1,0,0.0,45.25,95.0
203,12.21,488.4,88.84,1,0,0.0,45.25,95.0
204,12.27,490.8,89.08,1,0,0.0,45.25,95.0
205,12.33,493.2,89.32,1,0,0.0,45.25,95.0
206,12.39,495.6,89.56,1,0,0.0,45.25,95.0
207,12.45,498.0,89.8,1,0,0.0,45.25,95.0
208,12.51,500.4,90.04,1,0,0.0,45.25,95.0
209,12.57,502.8,90.28,1,0,0.0,45.25,95.0
210,12.63,505.2,90.52,1,0,0.0,45.25,95.0
211,12.69,507.6,90.76,1,0,0.0,45.25,95.0
212,12.75,510.0,91.0,1,0,0.0,45.25,95.0
213,12.81,512.4,91.24,1,0,0.0,45.25,95.0
214,12.87,514.8,91.48,1,0,0.0,45.25,95.0
215,12.93,517.2,91.72,1,0,0.0,45.25,95.0
216,12.99,519.6,91.96,1,0,0.0,45.25,95.0
217,13.05,522.0,92.2,1,0,0.0,45.25,95.0
218,13.11,524.4,92.44,1,0,0.0,45.25,95.0
219,13.17,526.8,92.68,1,0,0.0,45.25,95.0
220,13.23,529.2,92.92,1,0,0.0,45.25,95.0
221,13.29,531.6,93.16,1,0,0.0,45.25,95.0
222,13.35,534.0,93.4,1,0,0.0,45.25,95.0
223,13.41,536.4,93.64,1,0,0.0,45.25,95.0
224,13.47,538.8,93.88,1,0,0.0,45.25,95.0
225,13.53,541.2,94.12,1,0,0.0,45.25,95.0
226,13.59,543.6,94.36,1,0,0.0,45.25,95.0
227,13.65,546.0,94.6,1,0,0.0,45.25,95.0
228,13.71,548.4,94.84,1,0,0.0,45.25,95.0
229,13.77,550.8,95.08,1,0,0.0,45.25,95.0
230,13.83,553.2,95.32,1,0,0.0,45.25,95.0
231,13.89,555.6,95.56,1,0,0.0,45.25,95.0
232,13.95,558.0,95.8,1,0,0.0,45.25,95.0
233,14.01,560.4,96.04,1,0,0.0,45.25,95.0
234,14.07,562.8,96.28,1,0,0.0,45.25,95.0
235,14.13,565.2,96.52,1,0,0.0,45.25,95.0
236,14.19,567.6,96.76,1,0,0.0,45.25,95.0
237,14.25,570.0,97.0,1,0,0.0,45.25,95.0
238,14.31,572.4,97.24,1,0,0.0,45.25,95.0
239,14.37,574.8,97.48,1,0,0.0,45.25,95.0
240,14.43,577.2,97.72,1,0,0.0,45.25,95.0
241,14.49,579.6,97.96,1,0,0.0,45.25,95.0
242,14.55,582.0,98.2,1,0,0.0,45.25,95.0
243,14.61,584.4,98.44,1,0,0.0,45.25,95.0
244,14.67,586.8,98.68,1,0,0.0,45.25,95.0
245,14.73,589.2,98.92,1,0,0.0,45.25,95.0
246,14.79,591.6,99.16,1,0,0.0,45.25,95.0
247,14.85,594.0,99.4,1,0,0.0,45.25,95.0
248,14.91,596.4,99.64,1,0,0.0,45.25,95.0
249,14.97,598.8,99.88,1,0,0.0,45.25,95.0
250,15.03,601.2,100.12,1,0,0.0,45.25,95.0
251,15.09,603.6,100.36,1,0,0.0,45.25,95.0
252,15.15,606.0,100.6,1,0,0.0,45.25,95.0
253,15.21,608.4,100.84,1,0,0.0,45.25,95.0
254,15.27,610.8,101.08,1,0,0.0,45.25,95.0
255,15.33,613.2,101.32,1,0,0.0,45.25,95.0
256,15.39,615.6,101.56,1,0,0.0,45.25,95.0
257,15.45,618.0,101.8,1,0,0.0,45.25,95.0
258,15.51,620.4,102.04,1,0,0.0,45.25,95.0
259,15.57,622.8,102.28,1,0,0.0,45.25,95.0
260,15.63,625.2,102.52,1,0,0.0,45.25,95.0
261,15.69,627.6,102.76,1,0,0.0,45.25,95.0
262,15.75,630.0,103.0,1,0,0.0,45.25,95.0
263,15.81,632.4,103.24,1,0,0.0,45.25,95.0
264,15.87,634.8,103.48,1,0,0.0,45.25,95.0
265,15.93,637.2,103.72,1,0,0.0,45.25,95.0
266,15.99,639.6,103.96,1,0,0.0,45.25,95.0
267,16.05,642.0,104.2,1,0,0.0,45.25,95.0
268,16.11,644.4,104.44,1,0,0.0,45.25,95.0
269,16.17,646.8,104.68,1,0,0.0,45.25,95.0
270,16.23,649.2,104.92,1,0,0.0,45.25,95.0
271,16.29,651.6,105.16,1,0,0.0,45.25,95.0
272,16.35,654.0,105.4,1,0,0.0,45.25,95.0
273,16.41,656.4,105.64,1,0,0.0,45.25,95.0
274,16.47,658.8,105.88,1,0,0.0,45.25,95.0
275,16.53,661.2,106.12,1,0,0.0,45.25,95.0
276,16.59,663.6,106.36,1,0,0.0,45.25,95.0
277,16.65,666.0,106.6,1,0,0.0,45.25,95.0
278,16.71,668.4,106.84,1,0,0.0,45.25,95.0
279,16.77,670.8,107.08,1,0,0.0,45.25,95.0
280,16.83,673.2,107.32,1,0,0.0,45.25,95.0
281,16.89,675.6,107.56,1,0,0.0,45.25,95.0
282,16.95,678.0,107.8,1,0,0.0,45.25,95.0
283,17.01,680.4,108.04,1,0,0.0,45.25,95.0
284,17.07,682.8,108.28,1,0,0.0,45.25,95.0
285,17.13,685.2,108.52,1,0,0.0,45.25,95.0
286,17.19,687.6,108.76,1,0,0.0,45.25,95.0
287,17.25,690.0,109.0,1,0,0.0,45.25,95.0
288,17.31,692.4,109.24,1,0,0.0,45.25,95.0
289,17.37,694.8,109.48,1,0,0.0,45.25,95.0
290,17.43,697.2,109.72,1,0,0.0,45.25,95.0
291,17.49,699.6,109.96,1,0,0.0,45.25,95.0
292,17.55,702.0,110.2,1,0,0.0,45.25,95.0
293,17.61,704.4,110.44,1,0,0.0,45.25,95.0
294,17.67,706.8,110.68,1,0,0.0,45.25,95.0
295,17.73,709.2,110.92,1,0,0.0,45.25,95.0
296,17.79,711.6,111.16,1,0,0.0,45.25,95.0
297,17.85,714.0,111.4,1,0,0.0,45.25,95.0
298,17.91,716.4,111.64,1,0,0.0,45.25,95.0
299,17.97,718.8,111.88,1,0,0.0,45.25,95.0
300,18.03,721.2,112.12,1,0,0.0,45.25,95.0
301,18.09,723.6,112.36,1,0,0.0,45.25,95.0
302,18.15,726.0,112.6,1,0,0.0,45.25,95.0
303,18.21,728.4,112.84,1,0,0.0,45.25,95.0
304,18.27,730.8,113.08,1,0,0.0,45.25,95.0
305,18.33,733.2,113.32,1,0,0.0,45.25,95.0
306,18.39,735.6,113.56,1,0,0.0,45.25,95.0
307,18.45,738.0,113.8,1,0,0.0,45.25,95.0
308,18.51,740.4,114.04,1,0,0.0,45.25,95.0
309,18.57,742.8,114.28,1,0,0.0,45.25,95.0
310,18.63,745.2,114.52,1,0,0.0,45.25,95.0
311,18.69,747.6,114.76,1,0,0.0,45.25,95.0
312,18.75,750.0,115.0,1,0,0.0,45.25,95.0
313,18.81,752.4,115.24,1,0,0.0,45.25,95.0
314,18.87,754.8,115.48,1,0,0.0,45.25,95.0
315,18.93,757.2,115.72,1,0,0.0,45.25,95.0
316,18.99,759.6,115.96,1,0,0.0,45.25,95.0
317,19.05,762.0,116.2,1,0,0.0,45.25,95.0
318,19.11,764.4,116.44,1,0,0.0,45.25,95.0
319,19.17,766.8,116.68,1,0,0.0,45.25,95.0
320,19.23,769.2,116.92,1,0,0.0,45.25,95.0
321,19.29,771.6,117.16,1,0,0.0,45.25,95.0
322,19.35,774.0,117.4,1,0,0.0,45.25,95.0
323,19.41,776.4,117.64,1,0,0.0,45.25,95.0
324,19.47,778.8,117.88,1,0,0.0,45.25,95.0
325,19.53,781.2,118.12,1,0,0.0,45.25,95.0
326,19.59,783.6,118.36,1,0,0.0,45.25,95.0
327,19.65,786.0,118.6,1,0,0.0,45.25,95.0
328,19.71,788.4,118.84,1,0,0.0,45.25,95.0
329,19.77,790.8,119.08,1,0,0.0,45.25,95.0
330,19.83,793.2,119.32,1,0,0.0,45.25,95.0
331,19.89,795.6,119.56,1,0,0.0,45.25,95.0
332,19.95,798.0,119.8,1,0,0.0,45.25,95.0
333,20.01,800.4,120.04,1,0,0.0,45.25,95.0
334,20.07,802.8,120.28,1,0,0.0,45.25,95.0
335,20.13,805.2,120.52,1,0,0.0,45.25,95.0
336,20.19,807.6,120.76,1,0,0.0,45.25,95.0
337,20.25,810.0,121.0,1,0,0.0,45.25,95.0
338,20.31,812.4,121.24,1,0,0.0,45.25,95.0
339,20.37,814.8,121.48,1,0,0.0,45.25,95.0
340,20.43,817.2,121.72,1,0,0.0,45.25,95.0
341,20.49,819.6,121.96,1,0,0.0,45.25,95.0
342,20.55,822.0,122.2,1,0,0.0,45.25,95.0
343,20.61,824.4,122.44,1,0,0.0,45.25,95.0
344,20.67,826.8,122.68,1,0,0.0,45.25,95.0
345,20.73,829.2,122.92,1,0,0.0,45.25,95.0
346,20.79,831.6,123.16,1,0,0.0,45.25,95.0
347,20.85,834.0,123.4,1,0,0.0,45.25,95.0
348,20.91,836.4,123.64,1,0,0.0,45.25,95.0
349,20.97,838.8,123.88,1,0,0.0,45.25,95.0
350,21.03,841.2,124.12,1,0,0.0,45.25,95.0
351,21.09,843.6,124.36,1,0,0.0,45.25,95.0
352,21.15,846.0,124.6,1,0,0.0,45.25,95.0
353,21.21,848.4,124.84,1,0,0.0,45.25,95.0
354,21.27,850.8,125.08,1,0,0.0,45.25,95.0
355,21.33,853.2,125.32,1,0,0.0,45.25,95.0
356,21.39,855.6,125.56,1,0,0.0,45.25,95.0
357,21.45,858.0,125.8,1,0,0.0,45.25,95.0
358,21.51,860.4,126.04,1,0,0.0,45.25,95.0
359,21.57,862.8,126.28,1,0,0.0,45.25,95.0
360,21.63,865.2,126.52,1,0,0.0,45.25,95.0
361,21.69,867.6,126.76,1,0,0.0,45.25,95.0
362,21.75,870.0,127.0,1,0,0.0,45.25,95.0
363,21.81,872.4,127.24,1,0,0.0,45.25,95.0
364,21.87,874.8,127.48,1,0,0.0,45.25,95.0
365,21.93,877.2,127.72,1,0,0.0,45.25,95.0
366,21.99,879.6,127.96,1,0,0.0,45.25,95.0
367,22.05,882.0,128.2,1,0,0.0,45.25,95.0
368,22.11,884.4,128.44,1,0,0.0,45.25,95.0
369,22.17,886.8,128.68,1,0,0.0,45.25,95.0
370,22.23,889.2,128.92,1,0,0.0,45.25,95.0
371,22.29,891.6,129.16,1,0,0.0,45.25,95.0
372,22.35,894.0,129.4,1,0,0.0,45.25,95.0
373,22.41,896.4,129.64,1,0,0.0,45.25,95.0
374,22.47,898.8,129.88,1,0,0.0,45.25,95.0
375,22.53,901.2,130.12,1,0,0.0,45.25,95.0
376,22.59,903.6,130.36,1,0,0.0,45.25,95.0
377,22.65,906.0,130.6,1,0,0.0,45.25,95.0
378,22.71,908.4,130.84,1,0,0.0,45.25,95.0
379,22.77,910.8,131.08,1,0,0.0,45.25,95.0
380,22.83,913.2,131.32,1,0,0.0,45.25,95.0
381,22.89,915.6,131.56,1,0,0.0,45.25,95.0
382,22.95,918.0,131.8,1,0,0.0,45.25,95.0
383,23.01,920.4,132.04,1,0,0.0,45.25,95.0
384,23.07,922.8,132.28,1,0,0.0,45.25,95.0
385,23.13,925.2,132.52,1,0,0.0,45.25,95.0
386,23.19,927.6,132.76,1,0,0.0,45.25,95.0
387,23.25,930.0,133.0,1,0,0.0,45.25,95.0
388,23.31,932.4,133.24,1,0,0.0,45.25,95.0
389,23.37,934.8,133.48,1,0,0.0,45.25,95.0
390,23.43,937.2,133.72,1,0,0.0,45.25,95.0
391,23.49,939.6,133.96,1,0,0.0,45.25,95.0
392,23.55,942.0,134.2,1,0,0.0,45.25,95.0
393,23.61,944.4,134.44,1,0,0.0,45.25,95.0
394,23.67,946.8,134.68,1,0,0.0,45.25,95.0
395,23.73,949.2,134.92,1,0,0.0,45.25,95.0
396,23.79,951.6,135.16,1,0,0.0,45.25,95.0
397,23.85,954.0,135.4,1,0,0.0,45.25,95.0
398,23.91,956.4,135.64,1,0,0.0,45.25,95.0
399,23.97,958.8,135.88,1,0,0.0,45.25,95.0
400,24.03,961.2,136.12,1,0,0.0,45.25,95.0
401,24.09,963.6,136.36,1,0,0.0,45.25,95.0
402,24.15,966.0,136.6,1,0,0.0,45.25,95.0
403,24.21,968.4,136.84,1,0,0.0,45.25,95.0
404,24.27,970.8,137.08,1,0,0.0,45.25,95.0
405,24.33,973.2,137.32,1,0,0.0,45.25,95.0
406,24.39,975.6,137.56,1,0,0.0,45.25,95.0
407,24.45,978.0,137.8,1,0,0.0,45.25,95.0
408,24.51,980.4,138.04,1,0,0.0,45.25,95.0
409,24.57,982.8,138.28,1,0,0.0,45.25,95.0
410,24.63,985.2,138.52,1,0,0.0,45.25,95.0
411,24.69,987.6,138.76,1,0,0.0,45.25,95.0
412,24.75,990.0,139.0,1,0,0.0,45.25,95.0
413,24.81,992.4,139.24,1,0,0.0,45.25,95.0
414,24.87,994.8,139.48,1,0,0.0,45.25,95.0
415,24.93,997.2,139.72,1,0,0.0,45.25,95.0
416,24.99,999.6,139.96,1,0,0.0,45.25,95.0
417,25.05,1002.0,140.2,1,0,0.0,45.25,95.0
418,25.11,1004.4,140.44,1,0,0.0,45.25,95.0
419,25.17,1006.8,140.68,1,0,0.0,45.25,95.0
420,25.23,1009.2,140.92,1,0,0.0,45.25,95.0
421,25.29,1011.6,141.16,1,0,0.0,45.25,95.0
422,25.35,1014.0,141.4,1,0,0.0,45.25,95.0
423,25.41,1016.4,141.64,1,0,0.0,45.25,95.0
424,25.47,1018.8,141.88,1,0,0.0,45.25,95.0
425,25.53,1021.2,142.12,1,0,0.0,45.25,95.0
426,25.59,1023.6,142.36,1,0,0.0,45.25,95.0
427,25.65,1026.0,142.6,1,0,0.0,45.25,95.0
428,25.71,1028.4,142.84,1,0,0.0,45.25,95.0
429,25.77,1030.8,143.08,1,0,0.0,45.25,95.0
430,25.83,1033.2,143.32,1,0,0.0,45.25,95.0
431,25.89,1035.6,143.56,1,0,0.0,45.25,95.0
432,25.95,1038.0,143.8,1,0,0.0,45.25,95.0
433,26.01,1040.4,144.04,1,0,0.0,45.25,95.0
434,26.07,1042.8,144.28,1,0,0.0,45.25,95.0
435,26.13,1045.2,144.52,1,0,0.0,45.25,95.0
436,26.19,1047.6,144.76,1,0,0.0,45.25,95.0
437,26.25,1050.0,145.0,1,0,0.0,45.25,95.0
438,26.31,1052.4,145.24,1,0,0.0,45.25,95.0
439,26.37,1054.8,145.48,1,0,0.0,45.25,95.0
440,26.43,1057.2,145.72,1,0,0.0,45.25,95.0
441,26.49,1059.6,145.96,1,0,0.0,45.25,95.0
442,26.55,1062.0,146.2,1,0,0.0,45.25,95.0
443,26.61,1064.4,146.44,1,0,0.0,45.25,95.0
444,26.67,1066.8,146.68,1,0,0.0,45.25,95.0
445,26.73,1069.2,146.92,1,0,0.0,45.25,95.0
446,26.79,1071.6,147.16,1,0,0.0,45.25,95.0
447,26.85,1074.0,147.4,1,0,0.0,45.25,95.0
448,26.91,1076.4,147.64,1,0,0.0,45.25,95.0
449,26.97,1078.8,147.88,1,0,0.0,45.25,95.0
450,27.03,1081.2,148.12,1,0,0.0,45.25,95.0
451,27.09,1083.6,148.36,1,0,0.0,45.25,95.0
452,27.15,1086.0,148.6,1,0,0.0,45.25,95.0
453,27.21,1088.4,148.84,1,0,0.0,45.25,95.0
454,27.27,1090.8,149.08,1,0,0.0,45.25,95.0
455,27.33,1093.2,149.32,1,0,0.0,45.25,95.0
456,27.39,1095.6,149.56,1,0,0.0,45.25,95.0
457,27.45,1098.0,149.8,1,0,0.0,45.25,95.0
458,27.51,1100.4,150.04,1,0,0.0,45.25,95.0
459,27.57,1102.8,150.28,1,0,0.0,45.25,95.0
460,27.63,1105.2,150.52,1,0,0.0,45.25,95.0
461,27.69,1107.6,150.76,1,0,0.0,45.25,95.0
462,27.75,1110.0,151.0,1,0,0.0,45.25,95.0
463,27.81,1112.4,151.24,1,0,0.0,45.25,95.0
464,27.87,1114.8,151.48,1,0,0.0,45.25,95.0
465,27.93,1117.2,151.72,1,0,0.0,45.25,95.0
466,27.99,1119.59944072,151.94479479,1,0,0.0,45.25,95.0
467,28.05,1121.9657985,152.08109507,1,0,0.0,45.25,95.0
468,28.11,1124.28076928,152.21920094,1,0,0.0,45.25,95.0
469,28.17,1126.55489628,152.36166228,1,0,0.0,45.25,95.0
470,28.23,1128.79190486,152.50412363,1,0,0.0,45.25,95.0
471,28.29,1130.99413146,152.65106699,1,0,0.0,45.25,95.0
472,28.35,1133.16748407,152.79958494,1,0,0.0,45.25,95.0
473,28.41,1135.30496002,152.95096525,1,0,0.0,45.25,95.0
474,28.47,1137.31001567,153.1424307,1,0,0.0,45.25,95.0
475,28.53,1139.22588189,153.35977596,1,0,0.0,45.25,95.0
476,28.59,1141.0739944,153.59279872,1,0,0.0,45.25,95.0
477,28.65,1142.86379286,153.83959113,1,0,0.0,45.25,95.0
478,28.71,1144.60174568,154.10052012,1,0,0.0,45.25,95.0
479,28.77,1146.29490685,154.37421357,1,0,0.0,45.25,95.0
480,28.83,1147.94670849,154.65766288,1,0,0.0,45.25,95.0
481,28.89,1149.559702,154.94916322,1,0,0.0,45.25,95.0
482,28.95,1151.13609405,155.24796931,1,0,0.0,45.25,95.0
483,29.01,1152.67947058,155.55939658,1,0,0.0,45.25,95.0
484,29.07,1154.1926842,155.88031254,1,0,0.0,45.25,95.0
485,29.13,1155.67721978,156.20657315,1,0,0.0,45.25,95.0
486,29.19,1157.1345962,156.53905439,1,0,0.0,45.25,95.0
487,29.25,1158.56584796,156.88055448,1,0,0.0,45.25,95.0
488,29.31,1159.97310248,157.231025,1,0,0.0,45.25,95.0
489,29.37,1161.35902282,157.59041246,1,0,0.0,45.25,95.0
490,29.43,1162.72441503,157.95605432,1,0,0.0,45.25,95.0
491,29.49,1164.07052206,158.32638128,1,0,0.0,45.25,95.0
492,29.55,1165.39810267,158.70647073,1,0,0.0,45.25,95.0
493,29.61,1166.70816739,159.09022162,1,0,0.0,45.25,95.0
494,29.67,1168.00285038,159.48885634,1,0,0.0,45.25,95.0
495,29.73,1169.28361334,159.89215655,1,0,0.0,45.25,95.0
496,29.79,1170.55158597,160.30288718,1,0,0.0,45.25,95.0
497,29.85,1171.80735448,160.72154636,1,0,0.0,45.25,95.0
498,29.91,1173.0520383,161.14497676,1,0,0.0,45.25,95.0
499,29.97,1174.28631538,161.58001241,1,0,0.0,45.25,95.0
500,30.03,1175.5116459,162.02271733,1,0,0.0,45.25,95.0
501,30.09,1176.73006626,162.47933719,1,0,0.0,45.25,95.0
502,30.15,1177.9423445,162.94183737,1,0,0.0,45.25,95.0
503,30.21,1179.14966019,163.41395277,1,0,0.0,45.25,95.0
504,30.27,1180.35270454,163.897489,1,0,0.0,45.25,95.0
505,30.33,1181.55267747,164.38672108,1,0,0.0,45.25,95.0
506,30.39,1182.75056833,164.8942981,1,0,0.0,45.25,95.0
507,30.45,1183.94799945,165.41507886,1,0,0.0,45.25,95.0
508,30.51,1185.14714309,165.94865759,1,0,0.0,45.25,95.0
509,30.57,1186.34905814,166.50182962,1,0,0.0,45.25,95.0
510,30.63,1187.55516924,167.06802066,1,0,0.0,45.25,95.0
511,30.69,1188.76712672,167.65167436,1,0,0.0,45.25,95.0
512,30.75,1189.98648261,168.26411242,1,0,0.0,45.25,95.0
513,30.81,1191.2151475,168.90048898,1,0,0.0,45.25,95.0
514,30.87,1192.45565573,169.5702799,1,0,0.0,45.25,95.0
515,30.93,1193.71163095,170.28176413,1,0,0.0,45.25,95.0
516,30.99,1194.98651191,171.04732674,1,0,0.0,45.25,95.0
517,31.05,1196.28472593,171.89084612,1,0,0.0,45.25,95.0
518,31.11,1197.61271265,172.85390521,1,0,0.0,45.25,95.0
519,31.17,1198.98115928,174.04475504,1,0,0.0,45.25,95.0
520,31.23,1200.42244587,176.49765045,1,0,0.03900486,45.0,93.0
521,31.29,1201.93996744,176.69058973,1,0,0.0,45.0,93.0
522,31.35,1203.4503933,176.88783043,1,0,0.0,45.0,93.0
523,31.41,1204.95443985,177.08600659,1,0,0.0,45.0,93.0
524,31.47,1206.45212479,177.28418276,1,0,0.0,45.0,93.0
525,31.53,1207.94344811,177.48235892,1,0,0.0,45.0,93.0
526,31.59,1209.4284098,177.68053509,1,0,0.0,45.0,93.0
527,31.65,1210.90700987,177.87871125,1,0,0.0,45.0,93.0
528,31.71,1212.37924833,178.07688742,1,0,0.0,45.0,93.0
529,31.77,1213.84512516,178.27506358,1,0,0.0,45.0,93.0
530,31.83,1215.30484504,178.47657852,1,0,0.0,45.0,93.0
531,31.89,1216.75914587,178.67999671,1,0,0.0,45.0,93.0
532,31.95,1218.20809416,178.8834149,1,0,0.0,45.0,93.0
533,32.01,1219.65168989,179.08683309,1,0,0.0,45.0,93.0
534,32.07,1221.08993309,179.29025129,1,0,0.0,45.0,93.0
535,32.13,1222.52282373,179.49366948,1,0,0.0,45.0,93.0
536,32.19,1223.95036183,179.69708767,1,0,0.0,45.0,93.0
537,32.25,1225.37254739,179.90050586,1,0,0.0,45.0,93.0
538,32.31,1226.78938459,180.10442434,1,0,0.0,45.0,93.0
539,32.37,1228.20141994,180.31311959,1,0,0.0,45.0,93.0
540,32.43,1229.60903564,180.52181485,1,0,0.0,45.0,93.0
541,32.49,1231.01223169,180.73051011,1,0,0.0,45.0,93.0
542,32.55,1232.41100809,180.93920536,1,0,0.0,45.0,93.0
543,32.61,1233.80536484,181.14790062,1,0,0.0,45.0,93.0
544,32.67,1235.19530194,181.35659588,1,0,0.0,45.0,93.0
545,32.73,1236.58081938,181.56529113,1,0,0.0,45.0,93.0
546,32.79,1237.96191718,181.77398639,1,0,0.0,45.0,93.0
547,32.85,1239.33862098,181.98397662,1,0,0.0,45.0,93.0
548,32.91,1240.71152855,182.19801733,1,0,0.0,45.0,93.0
549,32.97,1242.08089094,182.41205805,1,0,0.0,45.0,93.0
550,33.03,1243.44670815,182.62609876,1,0,0.0,45.0,93.0
551,33.09,1244.80898017,182.84013947,1,0,0.0,45.0,93.0
552,33.15,1246.16770702,183.05418019,1,0,0.0,45.0,93.0
553,33.21,1247.52288868,183.2682209,1,0,0.0,45.0,93.0
554,33.27,1248.87452516,183.48226162,1,0,0.0,45.0,93.0
555,33.33,1250.22261645,183.69630233,1,0,0.0,45.0,93.0
556,33.39,1251.56716941,183.91104246,1,0,0.0,45.0,93.0
557,33.45,1252.90869192,184.13053134,1,0,0.0,45.0,93.0
558,33.51,1254.24749929,184.35002022,1,0,0.0,45.0,93.0
559,33.57,1255.58359151,184.5695091,1,0,0.0,45.0,93.0
560,33.63,1256.9169686,184.78899799,1,0,0.0,45.0,93.0
561,33.69,1258.24763054,185.00848687,1,0,0.0,45.0,93.0
562,33.75,1259.57557734,185.22797575,1,0,0.0,45.0,93.0
563,33.81,1260.90080899,185.44746463,1,0,0.0,45.0,93.0
564,33.87,1262.22332551,185.66695351,1,0,0.0,45.0,93.0
565,33.93,1263.54312688,185.88644239,1,0,0.0,45.0,93.0
566,33.99,1264.86047074,186.11042595,1,0,0.0,45.0,93.0
567,34.05,1266.17588189,186.33550767,1,0,0.0,45.0,93.0
568,34.11,1267.48937571,186.56058938,1,0,0.0,45.0,93.0
569,34.17,1268.80095219,186.78567109,1,0,0.0,45.0,93.0
570,34.23,1270.11061134,187.01075281,1,0,0.0,45.0,93.0
571,34.29,1271.41835315,187.23583452,1,0,0.0,45.0,93.0
572,34.35,1272.72417763,187.46091623,1,0,0.0,45.0,93.0
573,34.41,1274.02808478,187.68599794,1,0,0.0,45.0,93.0
574,34.47,1275.33007459,187.91107966,1,0,0.0,45.0,93.0
575,34.53,1276.63018673,188.13801012,1,0,0.0,45.0,93.0
576,34.59,1277.92897771,188.36887236,1,0,0.0,45.0,93.0
577,34.65,1279.22662692,188.5997346,1,0,0.0,45.0,93.0
578,34.71,1280.52313436,188.83059685,1,0,0.0,45.0,93.0
579,34.77,1281.81850004,189.06145909,1,0,0.0,45.0,93.0
580,34.83,1283.11272396,189.29232133,1,0,0.0,45.0,93.0
581,34.89,1284.40580611,189.52318358,1,0,0.0,45.0,93.0
582,34.95,1285.6977465,189.75404582,1,0,0.0,45.0,93.0
583,35.01,1286.98854512,189.98490806,1,0,0.0,45.0,93.0
584,35.07,1288.27820198,190.21577031,1,0,0.0,45.0,93.0
585,35.13,1289.56691997,190.45102438,1,0,0.0,45.0,93.0
586,35.19,1290.85523106,190.68790813,1,0,0.0,45.0,93.0
587,35.25,1292.14316319,190.92479188,1,0,0.0,45.0,93.0
588,35.31,1293.43071636,191.16167563,1,0,0.0,45.0,93.0
589,35.37,1294.71789057,191.39855938,1,0,0.0,45.0,93.0
590,35.43,1296.00468582,191.63544313,1,0,0.0,45.0,93.0
591,35.49,1297.29110211,191.87232688,1,0,0.0,45.0,93.0
592,35.55,1298.57713944,192.10921063,1,0,0.0,45.0,93.0
593,35.61,1299.86279782,192.34609438,1,0,0.0,45.0,93.0
594,35.67,1301.14808,192.5835182,1,0,0.0,45.0,93.0
595,35.73,1302.43342452,192.82672292,1,0,0.0,45.0,93.0
596,35.79,1303.71914859,193.06992765,1,0,0.0,45.0,93.0
597,35.85,1305.00525223,193.31313238,1,0,0.0,45.0,93.0
598,35.91,1306.29173542,193.55633711,1,0,0.0,45.0,93.0
599,35.97,1307.57859817,193.79954184,1,0,0.0,45.0,93.0
600,36.03,1308.86584048,194.04274657,1,0,0.0,45.0,93.0
601,36.09,1310.15346235,194.2859513,1,0,0.0,45.0,93.0
602,36.15,1311.44146377,194.52915603,1,0,0.0,45.0,93.0
603,36.21,1312.72984475,194.77236076,1,0,0.0,45.0,93.0
604,36.27,1314.01867966,195.0185204,1,0,0.0,45.0,93.0
605,36.33,1315.30853799,195.26841702,1,0,0.0,45.0,93.0
606,36.39,1316.59953868,195.51831364,1,0,0.0,45.0,93.0
607,36.45,1317.89168172,195.76821026,1,0,0.0,45.0,93.0
608,36.51,1319.18496713,196.01810688,1,0,0.0,45.0,93.0
609,36.57,1320.47939491,196.2680035,1,0,0.0,45.0,93.0
610,36.63,1321.77496504,196.51790012,1,0,0.0,45.0,93.0
611,36.69,1323.07167753,196.76779674,1,0,0.0,45.0,93.0
612,36.75,1324.36953238,197.01769336,1,0,0.0,45.0,93.0
613,36.81,1325.6685296,197.26758998,1,0,0.0,45.0,93.0
614,36.87,1326.96895007,197.52356819,1,0,0.0,45.0,93.0
615,36.93,1328.27127987,197.78061035,1,0,0.0,45.0,93.0
616,36.99,1329.57552758,198.03765252,1,0,0.0,45.0,93.0
617,37.05,1330.88169322,198.29469468,1,0,0.0,45.0,93.0
618,37.11,1332.18977678,198.55173684,1,0,0.0,45.0,93.0
619,37.17,1333.49977826,198.80877901,1,0,0.0,45.0,93.0
620,37.23,1334.81169767,199.06582117,1,0,0.0,45.0,93.0
621,37.29,1336.12553499,199.32286333,1,0,0.0,45.0,93.0
622,37.35,1337.44129024,199.5799055,1,0,0.0,45.0,93.0
623,37.41,1338.7590172,199.83977686,1,0,0.0,45.0,93.0
624,37.47,1340.07930019,200.10452322,1,0,0.0,45.0,93.0
625,37.53,1341.40229893,200.36926957,1,0,0.0,45.0,93.0
626,37.59,1342.72801343,200.63401592,1,0,0.0,45.0,93.0
627,37.65,1344.05644367,200.89876228,1,0,0.0,45.0,93.0
628,37.71,1345.38758967,201.16350863,1,0,0.0,45.0,93.0
629,37.77,1346.72145142,201.42825498,1,0,0.0,45.0,93.0
630,37.83,1348.05802892,201.69300134,1,0,0.0,45.0,93.0
631,37.89,1349.39732217,201.95774769,1,0,0.0,45.0,93.0
632,37.95,1350.73933193,202.22285084,1,0,0.0,45.0,93.0
633,38.01,1352.08450702,202.49598289,1,0,0.0,45.0,93.0
634,38.07,1353.43322788,202.76911494,1,0,0.0,45.0,93.0
635,38.13,1354.78549452,203.04224699,1,0,0.0,45.0,93.0
636,38.19,1356.14130694,203.31537904,1,0,0.0,45.0,93.0
637,38.25,1357.50066514,203.5885111,1,0,0.0,45.0,93.0
638,38.31,1358.86356912,203.86164315,1,0,0.0,45.0,93.0
639,38.37,1360.23001888,204.1347752,1,0,0.0,45.0,93.0
640,38.43,1361.60001442,204.40790725,1,0,0.0,45.0,93.0
641,38.49,1362.97355573,204.6810393,1,0,0.0,45.0,93.0
642,38.55,1364.3510199,204.96274206,1,0,0.0,45.0,93.0
643,38.61,1365.7329021,205.24510314,1,0,0.0,45.0,93.0
644,38.67,1367.11920455,205.52746422,1,0,0.0,45.0,93.0
645,38.73,1368.50992724,205.8098253,1,0,0.0,45.0,93.0
646,38.79,1369.90507018,206.09218638,1,0,0.0,45.0,93.0
647,38.85,1371.30463337,206.37454746,1,0,0.0,45.0,93.0
648,38.91,1372.7086168,206.65690854,1,0,0.0,45.0,93.0
649,38.97,1374.11702048,206.93926962,1,0,0.0,45.0,93.0
650,39.03,1375.52984712,207.22241254,1,0,0.0,45.0,93.0
651,39.09,1376.94762874,207.51504448,1,0,0.0,45.0,93.0
652,39.15,1378.37076348,207.80767642,1,0,0.0,45.0,93.0
653,39.21,1379.79925133,208.10030836,1,0,0.0,45.0,93.0
654,39.27,1381.23309229,208.3929403,1,0,0.0,45.0,93.0
655,39.33,1382.67228637,208.68557224,1,0,0.0,45.0,93.0
656,39.39,1384.11683356,208.97820418,1,0,0.0,45.0,93.0
657,39.45,1385.56673387,209.27083612,1,0,0.0,45.0,93.0
658,39.51,1387.02198729,209.56346806,1,0,0.0,45.0,93.0
659,39.57,1388.48273768,209.86228141,1,0,0.0,45.0,93.0
660,39.63,1389.94974073,210.16648998,1,0,0.0,45.0,93.0
661,39.69,1391.42310604,210.47069855,1,0,0.0,45.0,93.0
662,39.75,1392.9028336,210.77490711,1,0,0.0,45.0,93.0
663,39.81,1394.38892341,211.07911568,1,0,0.0,45.0,93.0
664,39.87,1395.88137547,211.38332425,1,0,0.0,45.0,93.0
665,39.93,1397.38018979,211.68753281,1,0,0.0,45.0,93.0
666,39.99,1398.88536636,211.99174138,1,0,0.0,45.0,93.0
667,40.05,1400.39697285,212.30057303,1,0,0.0,45.0,93.0
668,40.11,1401.91581502,212.61800723,1,0,0.0,45.0,93.0
669,40.17,1403.44212717,212.93544143,1,0,0.0,45.0,93.0
670,40.23,1404.97590932,213.25287562,1,0,0.0,45.0,93.0
671,40.29,1406.51716146,213.57030982,1,0,0.0,45.0,93.0
672,40.35,1408.06588359,213.88774401,1,0,0.0,45.0,93.0
673,40.41,1409.62207572,214.20517821,1,0,0.0,45.0,93.0
674,40.47,1411.18573784,214.52261241,1,0,0.0,45.0,93.0
675,40.53,1412.75706949,214.84876376,1,0,0.0,45.0,93.0
676,40.59,1414.3369919,215.18153871,1,0,0.0,45.0,93.0
677,40.65,1415.92562027,215.51431366,1,0,0.0,45.0,93.0
678,40.71,1417.5229546,215.84708861,1,0,0.0,45.0,93.0
679,40.77,1419.12899488,216.17986357,1,0,0.0,45.0,93.0
680,40.83,1420.64900849,219.03952519,1,0,0.0,45.0,93.0
681,40.89,1422.08821928,220.49916349,1,0,0.0,45.0,93.0
682,40.95,1423.48172576,221.69219821,1,0,0.0,45.0,93.0
683,41.01,1424.84258659,222.76436268,1,0,0.0,45.0,93.0
684,41.07,1426.17813351,223.74664013,1,0,0.0,45.5,96.0
685,41.13,1427.49306233,224.67118142,1,0,0.0,45.5,96.0
686,41.19,1428.79099003,225.55564595,1,0,0.0,45.5,96.0
687,41.25,1430.07493788,226.41037828,1,0,0.0,45.5,96.0
688,41.31,1431.34726473,227.22490624,1,0,0.0,45.5,96.0
689,41.37,1432.60985937,228.0283051,1,0,0.0,45.5,96.0
690,41.43,1433.86604932,228.82793997,1,0,0.0,45.5,96.0
691,41.49,1435.11738065,229.60084143,1,0,0.0,45.5,96.0
692,41.55,1436.36540636,230.36707785,1,0,0.0,45.5,96.0
693,41.61,1437.61144927,231.10898013,1,0,0.0,45.5,96.0
694,41.67,1438.85648699,231.84566122,1,0,0.0,45.5,96.0
695,41.73,1440.10189218,232.56586604,1,0,0.0,45.5,96.0
696,41.79,1441.34942816,233.30551265,1,0,0.0,45.5,96.0
697,41.85,1442.60126177,234.03016255,1,0,0.0,45.5,96.0
698,41.91,1443.8579435,234.75005099,1,0,0.0,45.5,96.0
699,41.97,1445.12068805,235.45611888,1,0,0.0,45.5,96.0
700,42.03,1446.39000794,236.15920777,1,0,0.0,45.5,96.0
701,42.09,1447.66708518,236.8584921,1,0,0.0,45.5,96.0
702,42.15,1448.95930252,237.62689156,1,0,0.0,45.5,96.0
703,42.21,1450.30697865,238.43816035,1,0,0.0,45.5,96.0
704,42.27,1451.71626905,239.24578915,1,0,0.0,45.5,96.0
705,42.33,1453.17672322,240.03820599,1,0,0.0,45.5,96.0
706,42.39,1454.68805044,240.83430138,1,0,0.0,45.5,96.0
707,42.45,1456.2478827,241.65391641,1,0,0.0,45.5,96.0
708,42.51,1457.85450566,242.46941802,1,0,0.0,45.5,96.0
709,42.57,1459.50817573,243.2786663,1,0,0.0,45.5,96.0
710,42.63,1461.20825332,244.07671683,1,0,0.0,45.5,96.0
711,42.69,1462.95197189,244.90474427,1,0,0.0,45.5,96.0
712,42.75,1464.74325581,245.74984785,1,0,0.0,45.5,96.0
713,42.81,1466.58285759,246.59377784,1,0,0.0,45.5,96.0
714,42.87,1468.47011272,247.4220757,1,0,0.0,45.5,96.0
715,42.93,1470.40453888,248.30799273,1,0,0.0,45.5,96.0
716,42.99,1472.39084042,249.21218259,1,0,0.0,45.5,96.0
717,43.05,1474.43022052,250.11565514,1,0,0.0,45.5,96.0
718,43.11,1476.52384351,251.0670092,1,0,0.0,45.5,96.0
719,43.17,1478.67698782,252.09000852,1,0,0.01302972,45.5,96.0
720,43.23,1480.89088473,253.1051902,1,0,0.01302972,45.0,95.0
721,43.29,1483.17250594,254.33015971,1,0,0.01877359,44.5,92.0
722,43.35,1485.5314252,255.55869411,1,0,0.02039701,44.25,90.0
723,43.41,1487.94180192,256.0383049,1,0,0.0,44.25,90.0
724,43.47,1490.37801916,256.50528621,1,0,0.0,44.25,90.0
725,43.53,1492.84064913,256.96975024,1,0,0.0,44.25,90.0
726,43.59,1495.33064552,257.42479055,1,0,0.0,44.25,90.0
727,43.65,1497.84935396,257.87743375,1,0,0.0,44.25,90.0
728,43.71,1500.3983023,258.32080606,1,0,0.0,44.25,90.0
729,43.77,1502.97858119,258.75712493,1,0,0.0,44.25,90.0
730,43.83,1505.59087917,259.18436236,1,0,0.0,44.25,90.0
731,43.89,1508.23660134,259.60193564,1,0,0.0,44.25,90.0
732,43.95,1510.91811863,260.01334093,1,0,0.0,44.25,90.0
733,44.01,1513.19600287,260.6384908,1,0,0.0,44.25,90.0
734,44.07,1515.47927747,261.27283195,1,0,0.0,44.25,90.0
735,44.13,1517.81004572,261.89554779,1,0,0.0,44.25,90.0
736,44.19,1520.19428169,262.50134103,1,0,0.0,44.25,90.0
737,44.25,1522.64360655,263.0916585,1,0,0.0,44.25,90.0
738,44.31,1525.19243986,263.65860789,1,0,0.0,44.25,90.0
739,44.37,1527.84974366,264.19723324,1,0,0.0,44.25,90.0
740,44.43,1530.51864291,264.73653783,1,0,0.0,44.25,90.0
741,44.49,1533.19935352,265.27587127,1,0,0.0,44.25,90.0
742,44.55,1535.89207889,265.81507241,1,0,0.0,44.25,90.0
743,44.61,1538.59614272,266.35056029,1,0,0.0,44.25,90.0
744,44.67,1541.31143348,266.88688012,1,0,0.0,44.25,90.0
745,44.73,1544.03806244,267.42319994,1,0,0.0,44.25,90.0
746,44.79,1546.77612796,267.96061688,1,0,0.0,44.25,90.0
747,44.85,1549.52611788,268.49981528,1,0,0.0,44.25,90.0
748,44.91,1552.28839499,269.03956249,1,0,0.0,44.25,90.0
749,44.97,1555.06298459,269.5793097,1,0,0.0,44.25,90.0
750,45.03,1557.84942696,270.11553809,1,0,0.0,44.25,90.0
751,45.09,1560.64768231,270.65464559,1,0,0.0,44.25,90.0
752,45.15,1563.45802459,271.19375309,1,0,0.0,44.25,90.0
753,45.21,1566.28045577,271.73307219,1,0,0.0,44.25,90.0
754,45.27,1569.11522766,272.2752066,1,0,0.0,44.25,90.0
755,45.33,1571.96290644,272.81976141,1,0,0.0,44.25,90.0
756,45.39,1574.82378619,273.36625012,1,0,0.0,44.25,90.0
757,45.45,1577.69807163,273.91235862,1,0,0.0,44.25,90.0
758,45.51,1580.58536684,274.45875221,1,0,0.0,44.25,90.0
759,45.57,1583.48589909,275.00674943,1,0,0.0,44.25,90.0
760,45.63,1586.39978719,275.55676108,1,0,0.0,44.25,90.0
761,45.69,1589.32750046,276.11140229,1,0,0.0,44.25,90.0
762,45.75,1592.26957737,276.66957395,1,0,0.0,44.25,90.0
763,45.81,1595.22635325,277.22894406,1,0,0.0,44.25,90.0
764,45.87,1598.19828294,277.79710374,1,0,0.0,44.25,90.0
765,45.93,1601.18609373,278.36680087,1,0,0.0,44.25,90.0
766,45.99,1604.18961367,278.93824171,1,0,0.0,44.25,90.0
767,46.05,1607.11353054,279.53719668,1,0,0.0,44.25,90.0
768,46.11,1609.94284483,280.16527114,1,0,0.0,44.25,90.0
769,46.17,1612.72497226,280.81901743,1,0,0.0,44.25,90.0
770,46.23,1615.47486213,281.4883141,1,0,0.0,44.25,90.0
771,46.29,1618.20162426,282.1856969,1,0,0.0,44.25,90.0
772,46.35,1620.91141009,282.90372496,1,0,0.0,44.25,90.0
773,46.41,1623.61016217,283.64121168,1,0,0.0,44.25,90.0
774,46.47,1626.30262712,284.41395247,1,0,0.0,44.25,90.0
775,46.53,1628.99222541,285.21740746,1,0,0.0,44.25,90.0
776,46.59,1631.6843809,286.07035722,1,0,0.0,44.25,90.0
777,46.65,1634.38402852,286.99908268,1,0,0.0,44.25,90.0
778,46.71,1637.09987848,288.06286682,1,0,0.0,44.25,90.0
779,46.77,1639.84665696,289.53098373,1,0,0.0,44.25,90.0
780,46.83,1642.65456169,290.69731626,1,0,0.02793066,43.75,87.0
781,46.89,1645.45568924,291.10604939,1,0,0.0,43.75,87.0
782,46.95,1648.24548424,291.52282937,1,0,0.0,43.75,87.0
783,47.01,1651.02454257,291.93672282,1,0,0.0,43.75,87.0
784,47.07,1653.79311157,292.35761233,1,0,0.0,43.75,87.0
785,47.13,1656.55241948,292.77956982,1,0,0.0,43.75,87.0
786,47.19,1659.30267095,293.20611752,1,0,0.0,43.75,87.0
787,47.25,1662.04538218,293.63860441,1,0,0.0,43.75,87.0
788,47.31,1664.78087651,294.07109131,1,0,0.0,43.75,87.0
789,47.37,1667.50985597,294.51274339,1,0,0.0,43.75,87.0
790,47.43,1670.23347943,294.95583048,1,0,0.0,43.75,87.0
791,47.49,1672.95179892,295.40105344,1,0,0.0,43.75,87.0
792,47.55,1673.27434429,295.61339961,1,0,0.0,43.75,87.0
793,47.61,1673.58417165,295.82177465,1,0,0.0,43.75,87.0
794,47.67,1673.88976134,296.03511456,1,0,0.0,43.75,87.0
795,47.73,1674.19236147,296.25443023,1,0,0.0,43.75,87.0
796,47.79,1674.492221,296.4737459,1,0,0.0,43.75,87.0
797,47.85,1674.78967303,296.70030124,1,0,0.0,43.75,87.0
798,47.91,1675.08588679,296.93084902,1,0,0.0,43.75,87.0
799,47.97,1675.38096358,297.1613968,1,0,0.0,43.75,87.0
800,48.03,1675.675386,297.40108165,1,0,0.0,43.75,87.0
801,48.09,1675.97019069,297.64267377,1,0,0.0,43.75,87.0
802,48.15,1676.26494145,297.87924012,1,0,0.0,43.75,87.0
803,48.21,1676.55993243,298.12665252,1,0,0.0,43.75,87.0
804,48.27,1676.85607164,298.37531273,1,0,0.0,43.75,87.0
805,48.33,1677.15336725,298.62397294,1,0,0.0,43.75,87.0
806,48.39,1677.45256687,298.88521292,1,0,0.0,43.75,87.0
807,48.45,1677.75444685,299.14657343,1,0,0.0,43.75,87.0
808,48.51,1678.05901269,299.40906613,1,0,0.0,43.75,87.0
809,48.57,1678.36714878,299.6838734,1,0,0.0,43.75,87.0
810,48.63,1678.67949773,299.95868067,1,0,0.0,43.75,87.0
811,48.69,1678.99594102,300.23270706,1,0,0.0,43.75,87.0
812,48.75,1679.31693089,300.51610127,1,0,0.0,43.75,87.0
813,48.81,1679.6429168,300.79949549,1,0,0.0,43.75,87.0
814,48.87,1679.9739895,301.08810337,1,0,0.0,43.75,87.0
815,48.93,1680.31130886,301.38699277,1,0,0.0,43.75,87.0
816,48.99,1680.65522788,301.68588217,1,0,0.0,43.75,87.0
817,49.05,1681.00597851,301.99366815,1,0,0.0,43.75,87.0
818,49.11,1681.3648112,302.30943208,1,0,0.0,43.75,87.0
819,49.17,1681.73191247,302.62519602,1,0,0.0,43.75,87.0
820,49.23,1682.10782007,302.9553322,1,0,0.0,43.75,87.0
821,49.29,1682.532272,301.41455138,1,0,0.0,43.75,87.0
822,49.35,1683.08185946,300.39302551,1,0,0.0,43.75,87.0
823,49.41,1683.70464925,299.80546775,1,0,0.0,43.75,87.0
824,49.47,1684.38516883,299.38489049,1,0,0.0,43.75,87.0
825,49.53,1685.11521407,299.07777844,1,0,0.0,43.75,87.0
826,49.59,1685.89074566,298.84737671,1,0,0.0,43.75,87.0
827,49.65,1686.70785755,298.66541833,1,0,0.0,43.75,87.0
828,49.71,1687.56467384,298.55667649,1,0,0.0,43.75,87.0
829,49.77,1688.45982709,298.4774743,1,0,0.0,43.75,87.0
830,49.83,1689.39155136,298.43758024,1,0,0.0,43.75,87.0
831,49.89,1690.359132,298.43438648,1,0,0.0,43.75,87.0
832,49.95,1691.36155305,298.46457935,1,0,0.0,43.75,87.0
833,50.01,1692.39907759,298.52905426,1,0,0.0,43.75,87.0
834,50.07,1693.47150237,298.63265049,1,0,0.0,43.75,87.0
835,50.13,1694.57968802,298.76803106,1,0,0.0,43.75,87.0
836,50.19,1695.72397183,298.9539892,1,0,0.0,43.75,87.0
837,50.25,1696.90593437,299.16721133,1,0,0.0,43.75,87.0
838,50.31,1698.1269599,299.45733653,1,0,0.0,43.75,87.0
839,50.37,1699.38916672,299.78841329,1,0,0.0,43.75,87.0
840,50.43,1700.69613298,300.19255919,1,0,0.0,43.75,87.0
841,50.49,1700.52693812,340.56356236,2,0,0.0,43.75,87.0
842,50.55,1699.53790703,341.00773594,2,0,0.0,43.75,87.0
843,50.61,1698.61736471,341.76811338,2,0,0.02442901,43.5,86.0
844,50.67,1697.81026397,344.06303265,2,0,0.05822072,43.0,83.0
845,50.73,1697.1047513,343.53889799,2,0,0.0,43.0,83.0
846,50.79,1696.40178389,343.02140142,2,0,0.0,43.0,83.0
847,50.85,1695.70019513,342.51163179,2,0,0.0,43.0,83.0
848,50.91,1694.99970258,342.00552893,2,0,0.0,43.0,83.0
849,50.97,1694.29922759,341.50814131,2,0,0.0,43.0,83.0
850,51.03,1693.59787504,341.00557256,2,0,0.0,43.0,83.0
851,51.09,1692.89450137,340.51480593,2,0,0.0,43.0,83.0
852,51.15,1692.18844868,340.0240393,2,0,0.0,43.0,83.0
853,51.21,1691.47913824,339.54378269,2,0,0.0,43.0,83.0
854,51.27,1690.7656296,339.06510878,2,0,0.0,43.0,83.0
855,51.33,1690.04754961,338.59432621,2,0,0.0,43.0,83.0
856,51.39,1689.32377975,338.12726181,2,0,0.0,43.0,83.0
857,51.45,1688.59402754,337.66598137,2,0,0.0,43.0,83.0
858,51.51,1687.85709026,337.21015234,2,0,0.0,43.0,83.0
859,51.57,1687.11247794,336.75343013,2,0,0.0,43.0,83.0
860,51.63,1686.35838377,336.3008369,2,0,0.0,43.0,83.0
861,51.69,1685.59436618,335.85153846,2,0,0.0,43.0,83.0
862,51.75,1684.8191715,335.40967926,2,0,0.0,43.0,83.0
863,51.81,1684.03229969,334.97086807,2,0,0.0,43.0,83.0
864,51.87,1683.23242676,334.53961077,2,0,0.0,43.0,83.0
865,51.93,1682.41895876,334.11192777,2,0,0.0,43.0,83.0
866,51.99,1681.59042384,333.69119778,2,0,0.0,43.0,83.0
867,52.05,1680.74612777,333.27545627,2,0,0.0,43.0,83.0
868,52.11,1679.88434795,332.86239885,2,0,0.0,43.0,83.0
869,52.17,1679.00356052,332.45121771,2,0,0.0,43.0,83.0
870,52.23,1678.10181341,332.04352592,2,0,0.0,43.0,83.0
871,52.29,1677.17748942,331.64617087,2,0,0.0,43.0,83.0
872,52.35,1676.22888624,331.25392798,2,0,0.0,43.0,83.0
873,52.41,1675.25353037,330.8677714,2,0,0.0,43.0,83.0
874,52.47,1674.24886254,330.49221658,2,0,0.0,43.0,83.0
875,52.53,1673.21178102,330.12481487,2,0,0.0,43.0,83.0
876,52.59,1672.13797911,329.76681971,2,0,0.0,43.0,83.0
877,52.65,1630.3216877,365.34798777,3,0,0.0,43.0,83.0
878,52.71,1613.22937233,363.41289962,3,0,0.0,43.0,83.0
879,52.77,1597.87306106,361.67825853,3,0,0.0,43.0,83.0
880,52.83,1585.99416271,360.33716221,3,0,0.0,43.0,83.0
881,52.89,1574.08660936,359.00325829,3,0,0.0,43.0,83.0
882,52.95,1564.43673305,357.89556399,3,0,0.0,43.0,83.0
883,53.01,1555.25535942,356.83516188,3,0,0.0,43.0,83.0
884,53.07,1546.06981558,355.50017826,3,0,0.0,43.0,83.0
885,53.13,1539.19485339,379.57758971,3,0,1.34555907,36.25,55.0
886,53.19,1533.55194811,377.45529271,3,0,0.0,36.25,55.0
887,53.25,1527.96573064,375.58661531,3,0,0.0,36.25,55.0
888,53.31,1522.42320273,373.8586451,3,0,0.0,36.25,55.0
889,53.37,1517.35734366,372.27661122,3,0,0.0,36.25,55.0
890,53.43,1513.01327969,370.83791373,3,0,0.0,36.25,55.0
891,53.49,1508.69619394,369.43435624,3,0,0.0,36.25,55.0
892,53.55,1504.40262418,368.08104206,3,0,0.0,36.25,55.0
893,53.61,1500.13071137,366.75745563,3,0,0.0,36.25,55.0
894,53.67,1496.29319796,365.50005565,3,0,0.0,36.25,55.0
895,53.73,1492.88678678,364.30294251,3,0,0.0,36.25,55.0
896,53.79,1489.49416971,363.11941649,3,0,0.0,36.25,55.0
897,53.85,1486.11463116,361.9575865,3,0,0.0,36.25,55.0
898,53.91,1482.74606567,360.81071608,3,0,0.0,36.25,55.0
899,53.97,1479.38804951,359.67586412,3,0,0.0,36.25,55.0
900,54.03,1476.58810358,356.3087716,3,0,0.0,36.25,55.0
901,54.09,1474.06774735,354.05009816,3,0,0.0,36.25,55.0
902,54.15,1471.64773997,352.14091153,3,0,0.0,36.25,55.0
903,54.21,1469.29086267,350.37548519,3,0,0.0,36.25,55.0
904,54.27,1466.99018244,348.71393653,3,0,0.0,36.25,55.0
905,54.33,1464.75727145,347.12920675,3,0,0.0,36.25,55.0
906,54.39,1462.76347187,345.62220733,3,0,0.0,36.25,55.0
907,54.45,1460.98464435,344.20073191,3,0,0.0,36.25,55.0
908,54.51,1459.25188329,342.81352839,3,0,0.0,36.25,55.0
909,54.57,1457.54689065,341.46176834,3,0,0.0,36.25,55.0
910,54.63,1455.86026,340.1457939,3,0,0.0,36.25,55.0
911,54.69,1454.1954659,338.83679202,3,0,0.0,36.25,55.0
912,54.75,1452.56326914,337.55501342,3,0,0.0,36.25,55.0
913,54.81,1451.09636787,336.32098417,3,0,0.0,36.25,55.0
914,54.87,1449.79225758,335.1218985,3,0,0.0,36.25,55.0
915,54.93,1448.51067392,333.94784779,3,0,0.0,36.25,55.0
916,54.99,1447.23853927,332.7924619,3,0,0.0,36.25,55.0
917,55.05,1445.96798805,331.64683025,3,0,0.0,36.25,55.0
918,55.11,1444.69961697,330.51838709,3,0,0.0,36.25,55.0
919,55.17,1443.43707118,329.39292107,3,0,0.0,36.25,55.0
920,55.23,1442.19193954,328.27672099,3,0,0.0,36.25,55.0
921,55.29,1443.06323619,287.40557129,2,0,0.0,36.25,55.0
922,55.35,1444.37499998,286.59040098,2,0,0.0,36.25,55.0
923,55.41,1445.68937749,285.78406594,2,0,0.0,36.25,55.0
924,55.47,1446.99680717,284.99615987,2,0,0.0,36.25,55.0
925,55.53,1448.29270366,284.2034821,2,0,0.0,36.25,55.0
926,55.59,1449.57543955,283.41367249,2,0,0.0,36.25,55.0
927,55.65,1450.84875502,282.63944221,2,0,0.0,36.25,55.0
928,55.71,1452.12062877,281.87357901,2,0,0.0,36.25,55.0
929,55.77,1453.41001187,281.12841326,2,0,0.0,36.25,55.0
930,55.83,1454.71103539,280.40365371,2,0,0.0,36.25,55.0
931,55.89,1456.00373624,279.67554766,2,0,0.0,36.25,55.0
932,55.95,1457.2784004,278.94328721,2,0,0.0,36.25,55.0
933,56.01,1458.52803345,278.22406866,2,0,0.0,36.25,55.0
934,56.07,1459.74967297,277.51114018,2,0,0.0,36.25,55.0
935,56.13,1460.94566046,276.81211798,2,0,0.0,36.25,55.0
936,56.19,1462.11888745,276.12333331,2,0,0.0,36.25,55.0
937,56.25,1463.27633353,275.42124444,2,0,0.0,36.25,55.0
938,56.31,1464.43374184,274.73308408,2,0,0.0,36.25,55.0
939,56.37,1465.57731407,274.05619288,2,0,0.0,36.25,55.0
940,56.43,1466.6921705,273.38953032,2,0,0.0,36.25,55.0
941,56.49,1467.7692387,272.73827879,2,0,0.0,36.25,55.0
942,56.55,1468.80132866,272.07643125,2,0,0.0,36.25,55.0
943,56.61,1469.78165453,271.40614284,2,0,0.0,36.25,55.0
944,56.67,1470.70747155,270.74883897,2,0,0.0,36.25,55.0
945,56.73,1471.57679831,270.10611052,2,0,0.0,36.25,55.0
946,56.79,1472.38239357,269.48750851,2,0,0.0,36.25,55.0
947,56.85,1473.13402339,268.85005557,2,0,0.0,36.25,55.0
948,56.91,1473.86384332,268.22680567,2,0,0.0,36.25,55.0
949,56.97,1474.55307561,267.60470431,2,0,0.0,36.25,55.0
950,57.03,1475.20103577,266.98992854,2,0,0.0,36.25,55.0
951,57.09,1475.80308604,266.29434453,2,0,0.0,36.25,55.0
952,57.15,1476.35546423,265.60269496,2,0,0.0,36.25,55.0
953,57.21,1476.85574855,264.91504113,2,0,0.0,36.25,55.0
954,57.27,1477.30039206,264.1362387,2,0,0.0,36.25,55.0
955,57.33,1477.68070793,263.3234911,2,0,0.0,36.25,55.0
956,57.39,1477.99357444,262.47933065,2,0,0.0,36.25,55.0
957,57.45,1478.3071453,261.44867421,2,0,0.0,36.25,55.0
958,57.51,1478.56897951,260.67468344,2,0,0.0,36.25,55.0
959,57.57,1478.77547848,260.42881312,2,0,0.0,36.25,55.0
960,57.63,1478.9302441,260.19413757,2,0,0.0,36.25,55.0
961,57.69,1479.01755827,259.97488481,2,0,0.0,36.25,55.0
962,57.75,1478.98334145,259.78021331,2,0,0.0,36.25,55.0
963,57.81,1478.87420639,259.60242598,2,0,0.0,36.25,55.0
964,57.87,1478.76507139,259.42463866,2,0,0.0,36.25,55.0
965,57.93,1478.65593645,259.24685134,2,0,0.0,36.25,55.0
966,57.99,1478.54680158,259.06906402,2,0,0.0,36.25,55.0
967,58.05,1478.49589825,258.89709984,2,0,0.0,36.25,55.0
968,58.11,1478.49367735,258.73000391,2,0,0.0,36.25,55.0
969,58.17,1478.49145652,258.56290797,2,0,0.0,36.25,55.0
970,58.23,1478.48923574,258.39581203,2,0,0.0,36.25,55.0
971,58.29,1478.48701503,258.22871609,2,0,0.0,36.25,55.0
972,58.35,1478.48479438,258.06162016,2,0,0.0,36.25,55.0
973,58.41,1478.48257379,257.89452422,2,0,0.0,36.25,55.0
974,58.47,1478.48035326,257.72742828,2,0,0.0,36.25,55.0
975,58.53,1478.4781328,257.56033235,2,0,0.0,36.25,55.0
976,58.59,1478.4759124,257.39323641,2,0,0.0,36.25,55.0
977,58.65,1478.47936553,257.22670782,2,0,0.0,36.25,55.0
978,58.71,1478.57796345,257.0696937,2,0,0.0,36.25,55.0
979,58.77,1478.67656144,256.91267958,2,0,0.0,36.25,55.0
980,58.83,1478.77515949,256.75566547,2,0,0.0,36.25,55.0
981,58.89,1478.87375759,256.59865135,2,0,0.0,36.25,55.0
982,58.95,1478.97235577,256.44163723,2,0,0.0,36.25,55.0
983,59.01,1479.070954,256.28462312,2,0,0.0,36.25,55.0
984,59.07,1479.1695523,256.127609,2,0,0.0,36.25,55.0
985,59.13,1479.26815065,255.97059488,2,0,0.0,36.25,55.0
986,59.19,1479.36674907,255.81358076,2,0,0.0,36.25,55.0
987,59.25,1479.46534756,255.65656665,2,0,0.0,36.25,55.0
988,59.31,1479.59183452,255.50234137,2,0,0.0,36.25,55.0
989,59.37,1479.78670006,255.35495395,2,0,0.0,36.25,55.0
990,59.43,1479.98156566,255.20756652,2,0,0.0,36.25,55.0
991,59.49,1480.17643132,255.0601791,2,0,0.0,36.25,55.0
992,59.55,1480.37129704,254.91279167,2,0,0.0,36.25,55.0
993,59.61,1480.56616283,254.76540425,2,0,0.0,36.25,55.0
994,59.67,1480.76102867,254.61801683,2,0,0.0,36.25,55.0
995,59.73,1480.95589458,254.4706294,2,0,0.0,36.25,55.0
996,59.79,1481.15076056,254.32324198,2,0,0.0,36.25,55.0
997,59.85,1481.34562659,254.17585455,2,0,0.0,36.25,55.0
998,59.91,1481.54049269,254.02846713,2,0,0.0,36.25,55.0
999,59.97,1481.7637123,253.88391505,2,0,0.0,36.25,55.0
1000,60.03,1482.05159741,253.74582952,2,0,0.0,36.25,55.0
1001,60.09,1482.33948258,253.60774398,2,0,0.0,36.25,55.0
1002,60.15,1482.6273678,253.46965844,2,0,0.0,36.25,55.0
1003,60.21,1482.9152531,253.33157291,2,0,0.0,36.25,55.0
1004,60.27,1483.20313845,253.19348737,2,0,0.0,36.25,55.0
1005,60.33,1483.49102386,253.05540184,2,0,0.0,36.25,55.0
1006,60.39,1483.77890934,252.9173163,2,0,0.0,36.25,55.0
1007,60.45,1484.06679488,252.77923076,2,0,0.0,36.25,55.0
1008,60.51,1484.35468049,252.64114523,2,0,0.0,36.25,55.0
1009,60.57,1484.64256615,252.50305969,2,0,0.0,36.25,55.0
1010,60.63,1484.94531595,252.36646057,2,0,0.0,36.25,55.0
1011,60.69,1485.32412464,252.23746732,2,0,0.0,36.25,55.0
1012,60.75,1485.70293339,252.10847407,2,0,0.0,36.25,55.0
1013,60.81,1486.0817422,251.97948083,2,0,0.0,36.25,55.0
1014,60.87,1486.46055107,251.85048758,2,0,0.0,36.25,55.0
1015,60.93,1486.83936001,251.72149433,2,0,0.0,36.25,55.0
1016,60.99,1487.218169,251.59250109,2,0,0.0,36.25,55.0
1017,61.05,1487.59697806,251.46350784,2,0,0.0,36.25,55.0
1018,61.11,1487.97578718,251.3345146,2,0,0.0,36.25,55.0
1019,61.17,1488.35459637,251.20552135,2,0,0.0,36.25,55.0
1020,61.23,1488.73340561,251.0765281,2,0,0.0,36.25,55.0
1021,61.29,1489.11221492,250.94753486,2,0,0.0,36.25,55.0
1022,61.35,1489.57446584,250.82688577,2,0,0.0,36.25,55.0
1023,61.41,1490.04321621,250.70688661,2,0,0.0,36.25,55.0
1024,61.47,1490.51196665,250.58688746,2,0,0.0,36.25,55.0
1025,61.53,1490.98071715,250.46688831,2,0,0.0,36.25,55.0
1026,61.59,1491.44946771,250.34688916,2,0,0.0,36.25,55.0
1027,61.65,1491.91821833,250.22689001,2,0,0.0,36.25,55.0
1028,61.71,1492.38696902,250.10689086,2,0,0.0,36.25,55.0
1029,61.77,1492.85571976,249.9868917,2,0,0.0,36.25,55.0
1030,61.83,1493.32447057,249.86689255,2,0,0.0,36.25,55.0
1031,61.89,1493.79322145,249.7468934,2,0,0.0,36.25,55.0
1032,61.95,1494.26197238,249.62689425,2,0,0.0,36.25,55.0
1033,62.01,1494.76495019,251.14095889,2,0,0.0,36.25,55.0
1034,62.07,1495.17961631,252.48771,2,0,0.0,36.25,55.0
1035,62.13,1495.52772814,253.33708297,2,0,0.0,36.25,55.0
1036,62.19,1495.82779389,254.01207337,2,0,0.0,36.25,55.0
1037,62.25,1496.08887564,254.58188433,2,0,0.0,36.25,55.0
1038,62.31,1496.31682765,255.08278651,2,0,0.0,36.25,55.0
1039,62.37,1496.51594554,255.53409873,2,0,0.0,36.25,55.0
1040,62.43,1496.68933318,255.93235252,2,0,0.0,36.25,55.0
1041,62.49,1496.83953016,256.30546676,2,0,0.0,36.25,55.0
1042,62.55,1496.96900828,256.65810609,2,0,0.0,36.25,55.0
1043,62.61,1497.07948169,256.97486627,2,0,0.0,36.25,55.0
1044,62.67,1497.21117074,257.28513393,2,0,0.0,36.25,55.0
1045,62.73,1497.37953414,257.57918642,2,0,0.0,36.25,55.0
1046,62.79,1497.53318844,257.858926,2,0,0.0,36.25,55.0
1047,62.85,1497.67380633,258.12626724,2,0,0.0,36.25,55.0
1048,62.91,1497.80208503,258.37795923,2,0,0.0,36.25,55.0
1049,62.97,1497.91949005,258.62195291,2,0,0.0,36.25,55.0
1050,63.03,1498.0266219,258.8509914,2,0,0.0,36.25,55.0
1051,63.09,1498.12479654,259.07428019,2,0,0.0,36.25,55.0
1052,63.15,1498.21452083,259.28450973,2,0,0.0,36.25,55.0
1053,63.21,1498.2970415,259.4892181,2,0,0.0,36.25,55.0
1054,63.27,1498.37276035,259.68340833,2,0,0.0,36.25,55.0
1055,63.33,1498.46926905,259.8738756,2,0,0.0,36.25,55.0
1056,63.39,1498.62716812,260.06333781,2,0,0.0,36.25,55.0
1057,63.45,1498.78100968,260.2449735,2,0,0.0,36.5,57.0
1058,63.51,1498.93108318,260.42186738,2,0,0.0,36.5,57.0
1059,63.57,1499.07851255,260.58913686,2,0,0.0,36.5,57.0
1060,63.63,1499.22366271,260.75451552,2,0,0.0,36.5,57.0
1061,63.69,1499.36748495,260.90833998,2,0,0.0,36.5,57.0
1062,63.75,1499.51054505,261.06216444,2,0,0.0,36.5,57.0
1063,63.81,1499.6535149,261.20406207,2,0,0.0,36.5,57.0
1064,63.87,1499.79724416,261.3451833,2,0,0.0,36.5,57.0
1065,63.93,1499.94215195,261.47739097,2,0,0.0,36.75,58.0
1066,63.99,1500.11807406,261.60929725,2,0,0.0,36.75,58.0
1067,64.05,1500.36403555,261.74159563,2,0,0.0,37.0,60.0
1068,64.11,1500.6136907,261.86864257,2,0,0.0,37.0,60.0
1069,64.17,1500.92033208,261.97212018,2,0,0.0,37.0,60.0
1070,64.23,1501.32833605,262.03520676,2,0,0.0,37.0,60.0
1071,64.29,1501.79404629,262.07587933,2,0,0.0,37.0,60.0
1072,64.35,1502.30569519,262.09477306,2,0,0.0,37.0,60.0
1073,64.41,1502.85667316,262.09977558,2,0,0.0,37.0,60.0
1074,64.47,1503.44329962,262.08535983,2,0,0.0,37.0,60.0
1075,64.53,1504.06261022,262.06002454,2,0,0.0,37.0,60.0
1076,64.59,1493.7500688,298.06869404,2,0,0.0,63.5,95.0
1077,64.65,1489.20544806,298.01760742,2,0,0.0,63.5,95.0
1078,64.71,1486.30876199,297.9549412,2,0,0.0,63.5,95.0
1079,64.77,1484.24239455,297.88457588,2,0,0.0,63.5,95.0
1080,64.83,1482.70707258,297.80160207,2,0,0.0,63.5,95.0
1081,64.89,1481.37094363,298.56612589,2,0,0.0,63.5,95.0
1082,64.95,1480.33608753,298.89765934,2,0,0.0,63.5,95.0
1083,65.01,1479.56173327,299.12791041,2,0,0.0,63.5,95.0
1084,65.07,1479.02953586,299.30461057,2,0,0.0,63.5,95.0
1085,65.13,1478.71117517,299.4426941,2,0,0.0,63.5,95.0
1086,65.19,1478.58305456,299.54612449,2,0,0.0,63.5,95.0
1087,65.25,1478.64526323,299.62283931,2,0,0.0,63.5,95.0
1088,65.31,1478.9920806,299.68525866,2,0,0.0,63.5,95.0
1089,65.37,1479.51069786,299.72237921,2,0,0.0,63.5,95.0
1090,65.43,1480.20942228,299.73544312,2,0,0.0,63.5,95.0
1091,65.49,1481.12144358,299.71527801,2,0,0.0,63.5,95.0
1092,65.55,1482.18296726,299.68068024,2,0,0.0,63.5,95.0
1093,65.61,1482.7976464,299.80824303,2,0,0.0,63.5,95.0
1094,65.67,1483.54042718,299.92796774,2,0,0.0,63.5,95.0
1095,65.73,1484.41514265,300.03893934,2,0,0.0,63.5,95.0
1096,65.79,1485.44575108,300.1402077,2,0,0.0,63.5,95.0
1097,65.85,1485.01556329,300.39781396,2,0,0.0,63.5,95.0
1098,65.91,1484.07822383,300.73373456,2,0,0.0,63.5,95.0
1099,65.97,1483.3206871,301.06573755,2,0,0.0,63.5,95.0
1100,66.03,1482.74914589,301.38934655,2,0,0.0,63.5,95.0
1101,66.09,1482.38811533,301.70612117,2,0,0.0,63.5,95.0
1102,66.15,1482.27216202,302.01607739,2,0,0.0,63.5,95.0
1103,66.21,1482.4425147,302.31406322,2,0,0.0,63.5,95.0
1104,66.27,1482.90615286,302.70903667,2,0,0.0,63.5,95.0
1105,66.33,1483.65732081,303.33193754,2,0,0.34273244,63.5,95.0
1106,66.39,1484.98351073,304.00920896,2,0,0.90219333,63.5,95.0
1107,66.45,1487.22449701,304.78693439,2,0,1.78083801,63.5,95.0
1108,66.51,1491.58859551,305.81836414,2,0,3.7710191,45.5,93.0
1109,66.57,1498.82020298,272.57547955,2,0,6.60454874,36.25,55.0
1110,66.63,1497.41135841,272.89233745,2,0,0.0,36.25,55.0
1111,66.69,1496.02710449,273.19987672,2,0,0.0,36.25,55.0
1112,66.75,1494.67129781,273.49679525,2,0,0.0,36.25,55.0
1113,66.81,1493.3491833,273.78164091,2,0,0.0,36.25,55.0
1114,66.87,1492.06880223,274.05055031,2,0,0.0,36.25,55.0
1115,66.93,1490.84639457,274.29926611,2,0,0.0,36.25,55.0
1116,66.99,1489.72945549,274.51087324,2,0,0.0,36.25,55.0
1117,67.05,1488.75329678,274.72415482,2,0,0.0,36.25,55.0
1118,67.11,1487.80140722,274.93986317,2,0,0.0,36.25,55.0
1119,67.17,1486.84951915,275.15557151,2,0,0.0,36.25,55.0
1120,67.23,1485.89763256,275.37127986,2,0,0.0,36.25,55.0
1121,67.29,1484.94574745,275.58698821,2,0,0.0,36.25,55.0
1122,67.35,1483.99386383,275.80269655,2,0,0.0,36.25,55.0
1123,67.41,1482.85050422,276.09989237,2,0,0.0,36.25,55.0
1124,67.47,1481.44642919,276.49397051,2,0,0.0,36.75,56.0
1125,67.53,1479.89577701,276.93208965,2,0,0.0,37.0,56.0
1126,67.59,1478.38289982,277.4166892,2,0,0.0,37.75,57.0
1127,67.65,1476.77214201,277.92528142,2,0,0.0,38.0,57.0
1128,67.71,1475.0756882,278.45153205,2,0,0.0,38.75,57.0
1129,67.77,1473.30276121,278.9920691,2,0,0.0,39.25,58.0
1130,67.83,1471.4603191,279.54631043,2,0,0.0,39.75,58.0
1131,67.89,1469.55388509,280.11317034,2,0,0.0,41.25,59.0
1132,67.95,1467.58849094,280.68852265,2,0,0.0,41.5,59.0
1133,68.01,1465.56807952,281.27416002,2,0,0.0,42.25,59.0
1134,68.07,1461.74535882,281.69152467,2,0,0.0,43.5,60.0
1135,68.13,1457.31176069,282.06156815,2,0,0.0,44.0,60.0
1136,68.19,1452.83250998,282.43725552,2,0,0.0,45.75,61.0
1137,68.25,1448.31040698,282.82081674,2,0,0.0,46.25,61.0
1138,68.31,1443.74748923,283.20911422,2,0,0.0,47.25,61.0
1139,68.37,1439.14610897,283.60442631,2,0,0.0,48.5,62.0
1140,68.43,1434.50804344,284.00375785,2,0,0.0,49.0,62.0
1141,68.49,1429.83521128,284.40940625,2,0,0.0,50.75,63.0
1142,68.55,1425.12932077,284.81849857,2,0,0.0,51.25,63.0
1143,68.61,1420.39185207,285.23333327,2,0,0.0,52.0,63.0
1144,68.67,1415.62457331,285.65170411,2,0,0.0,53.25,64.0
1145,68.73,1410.82854031,286.07460801,2,0,0.0,54.0,64.0
1146,68.79,1406.00543789,286.50268293,2,0,0.0,55.5,65.0
1147,68.85,1401.15633832,286.93321013,2,0,0.0,56.25,65.0
1148,68.91,1396.28252972,287.36853189,2,0,0.0,56.75,65.0
1149,68.97,1391.38538103,287.80659974,2,0,0.0,57.75,65.0
1150,69.03,1386.46569032,288.24872246,2,0,0.0,58.25,65.0
1151,69.09,1381.52482856,288.69525931,2,0,0.0,59.0,65.0
1152,69.15,1376.56374177,289.14360534,2,0,0.0,59.5,65.0
1153,69.21,1371.58339009,289.59611496,2,0,0.0,59.5,65.0
1154,69.27,1366.58501874,290.05230885,2,0,0.0,60.75,66.0
1155,69.33,1361.56926468,290.51077686,2,0,0.0,60.75,66.0
1156,69.39,1356.53720877,290.97315737,2,0,0.0,61.0,66.0
1157,69.45,1351.48993925,291.43800197,2,0,0.0,61.75,67.0
1158,69.51,1346.4280049,291.90600675,2,0,0.0,61.75,67.0
1159,69.57,1341.35249253,292.37772581,2,0,0.0,62.5,67.0
1160,69.63,1336.26433235,292.8510232,2,0,0.0,62.5,67.0
1161,69.69,1331.16409908,293.32810672,2,0,0.0,62.5,67.0
1162,69.75,1326.05283023,293.80875779,2,0,0.0,63.0,67.0
1163,69.81,1320.93132521,294.29046607,2,0,0.0,63.0,67.0
1164,69.87,1315.80021725,294.77619666,2,0,0.0,63.25,67.0
1165,69.93,1310.66048237,295.26548365,2,0,0.0,63.25,67.0
1166,69.99,1305.51282687,295.7557223,2,0,0.0,63.25,67.0
1167,70.05,1300.35792201,296.24964727,2,0,0.0,63.5,68.0
1168,70.11,1295.19670395,296.74736843,2,0,0.0,63.5,68.0
1169,70.17,1290.02981511,297.24596837,2,0,0.0,63.5,68.0
1170,70.23,1284.85794568,297.74807347,2,0,0.0,63.5,68.0
1171,70.29,1279.68200994,298.25412462,2,0,0.0,63.5,68.0
1172,70.35,1274.50261033,298.76101003,2,0,0.0,63.5,68.0
1173,70.41,1269.32044433,299.27132303,2,0,0.0,63.5,68.0
1174,70.47,1264.13641405,299.78568489,2,0,0.0,63.5,68.0
1175,70.53,1259.04964454,297.74084688,2,0,0.0,63.5,68.0
1176,70.59,1254.04961481,297.13984122,2,0,0.0,63.5,68.0
1177,70.65,1249.15849922,294.96915654,3,0,0.0,63.5,68.0
1178,70.71,1244.61798462,292.88014493,3,0,0.0,63.5,68.0
1179,70.77,1240.29143654,291.45353395,3,0,0.0,63.5,68.0
1180,70.83,1236.12625327,290.2897193,3,0,0.0,63.5,68.0
1181,70.89,1232.09636805,289.2741807,3,0,0.0,63.5,68.0
1182,70.95,1228.18491192,288.3656841,3,0,0.0,63.5,68.0
1183,71.01,1224.38021722,287.55115972,3,0,0.0,63.5,68.0
1184,71.07,1220.67335667,286.80178106,3,0,0.0,63.5,68.0
1185,71.13,1217.05659878,286.09803329,3,0,0.0,63.5,68.0
1186,71.19,1213.52442717,285.45465939,3,0,0.0,63.5,68.0
1187,71.25,1210.07178035,284.84091838,3,0,0.0,63.5,68.0
1188,71.31,1206.69395186,284.27173672,3,0,0.0,63.5,68.0
1189,71.37,1203.38800567,283.73104034,3,0,0.0,63.5,68.0
1190,71.43,1200.14988093,283.22120696,3,0,0.0,64.0,71.0
1191,71.49,1196.97735831,282.73690043,3,0,0.0,64.0,71.0
1192,71.55,1193.86754165,282.27982982,3,0,0.0,64.25,72.0
1193,71.61,1190.81840595,281.84320882,3,0,0.0,64.5,73.0
1194,71.67,1187.82743421,281.43162876,3,0,0.0,64.5,73.0
1195,71.73,1184.89361148,281.03737314,3,0,0.0,64.5,73.0
1196,71.79,1182.01423952,280.66794758,3,0,0.0,64.75,74.0
1197,71.85,1179.18866356,280.31145976,3,0,0.0,64.75,74.0
1198,71.91,1176.41510654,279.98046804,3,0,0.0,64.75,74.0
1199,71.97,1173.6923057,279.65929385,3,0,0.0,65.25,75.0
1200,72.03,1171.01941746,279.36447435,3,0,0.0,65.5,75.0
1201,72.09,1168.39493025,279.07729067,3,0,0.0,65.75,75.0
1202,72.15,1165.81849194,278.81254515,3,0,0.0,65.75,75.0
1203,72.21,1163.28884303,278.56330587,3,0,0.0,65.75,75.0
1204,72.27,1130.019957,329.92999004,5,0,0.0,80.25,135.0
1205,72.33,1100.93828841,325.90737098,5,0,0.0,109.25,139.0
1206,72.39,1081.08811801,323.20823767,5,0,0.0,138.25,143.0
1207,72.45,1064.01886327,320.92050514,5,0,0.0,138.5,144.0
1208,72.51,1050.41682948,319.13499139,5,0,0.0,167.5,148.0
1209,72.57,1037.26369365,317.42534398,5,0,0.0,167.5,148.0
1210,72.63,1025.51472682,315.92407904,5,0,0.0,167.5,148.0
1211,72.69,1014.78077911,314.58309119,5,0,0.0,196.5,152.0
1212,72.75,1004.09036993,313.25441265,5,0,0.0,196.5,152.0
1213,72.81,994.53479029,312.10869957,5,0,0.0,196.5,152.0
1214,72.87,985.48026918,311.04455134,5,0,0.0,211.0,154.0
1215,72.93,976.56706124,308.02086331,5,0,0.0,225.5,155.0
1216,72.99,968.27683115,305.56742941,5,0,0.0,225.75,154.0
1217,73.05,960.82343715,303.72891068,5,0,0.0,226.25,154.0
1218,73.11,953.51750209,302.11436803,5,0,0.0,226.5,153.0
1219,73.17,946.33052509,300.64332037,5,0,0.0,241.0,155.0
1220,73.23,939.56195521,299.33152051,5,0,0.02265774,254.25,153.0
1221,73.29,933.33427941,298.1844505,5,0,0.03333369,254.25,153.0
1222,73.35,927.21535583,297.12118829,5,0,0.04751221,253.75,152.0
1223,73.41,921.18741656,296.1437886,5,0,0.06505881,253.25,152.0
1224,73.47,915.33631734,293.84359954,5,0,0.08699606,267.5,154.0
1225,73.53,910.17237858,292.24702987,5,0,0.1150102,280.5,156.0
1226,73.59,905.20428602,291.02132076,5,0,0.15009967,279.75,156.0
1227,73.65,900.3757877,290.05689048,5,0,0.19599081,279.25,156.0
1228,73.71,895.70126166,289.4194266,5,0,0.2595738,278.25,158.0
1229,73.77,891.29525498,289.58199373,5,0,0.36565959,276.0,155.0
1230,73.83,887.55454432,289.28658835,4,0,0.54506361,275.25,154.0
1231,73.89,883.85561781,287.57991154,4,0,0.49744978,289.0,156.0
1232,73.95,880.1223656,285.92589362,4,0,0.49744978,299.75,155.0
1233,74.01,876.31387338,284.33418079,4,0,0.49744978,299.0,155.0
1234,74.07,872.44654289,282.80684153,4,0,0.49744978,297.75,155.0
1235,74.13,868.85216138,281.36440359,4,0,0.49744978,297.25,154.0
1236,74.19,865.36476843,279.96643921,4,0,0.49744978,296.25,154.0
1237,74.25,861.8843272,278.59749782,4,0,0.49744978,294.75,153.0
1238,74.31,858.39915656,277.25665523,4,0,0.49744978,294.0,153.0
1239,74.37,854.91141209,275.93926371,4,0,0.49744978,293.25,153.0
1240,74.43,851.44458336,274.64643391,4,0,0.49744978,292.25,152.0
1241,74.49,848.25061589,273.44199152,4,0,0.49744978,291.25,152.0
1242,74.55,845.06560975,272.26036711,4,0,0.49744978,289.75,151.0
1243,74.61,841.86387748,271.10366282,4,0,0.49744978,289.0,151.0
1244,74.67,838.63434833,269.97031752,4,0,0.49744978,288.0,151.0
1245,74.73,835.37839029,268.8658572,4,0,0.49744978,287.25,150.0
1246,74.79,832.1065803,267.79157023,4,0,0.49744978,286.0,150.0
1247,74.85,829.0158185,266.8053843,4,0,0.49744978,284.75,149.0
1248,74.91,825.91408941,265.87116994,4,0,0.49744978,284.0,149.0
1249,74.97,822.79938097,264.94887583,4,0,0.49744978,283.0,149.0
1250,75.03,819.66406637,264.03396527,4,0,0.49744978,282.25,148.0
1251,75.09,816.50729183,263.12912559,4,0,0.49744978,281.0,148.0
1252,75.15,813.33536022,262.23438073,4,0,0.49744978,279.25,147.0
1253,75.21,810.25716641,261.36878974,4,0,0.49744978,279.0,147.0
1254,75.27,807.31587867,260.54370168,4,0,0.49744977,278.0,147.0
1255,75.33,804.35510432,259.72806211,4,0,0.49744977,276.75,146.0
1256,75.39,801.36322628,258.92309351,4,0,0.49744977,276.25,146.0
1257,75.45,798.33317209,258.13002559,4,0,0.49744977,275.25,145.0
1258,75.51,795.26669461,257.34771408,4,0,0.49744977,273.75,145.0
1259,75.57,792.1684275,256.57839981,4,0,0.49744977,273.25,145.0
1260,75.63,789.1828761,255.85194911,4,0,0.49744977,271.75,144.0
1261,75.69,786.24820023,255.15952272,4,0,0.49744977,271.0,144.0
1262,75.75,783.235477,254.4951749,4,0,0.49744977,270.25,143.0
1263,75.81,781.58729613,253.98704401,4,0,0.49744977,268.75,143.0
1264,75.87,780.89212975,253.58242743,4,0,0.49744977,268.25,143.0
1265,75.93,780.16892629,253.18140419,4,0,0.49744977,266.75,142.0
1266,75.99,779.41644758,252.78581461,4,0,0.49744977,266.0,142.0
1267,76.05,778.78815387,252.41970472,4,0,0.49744977,265.25,141.0
1268,76.11,778.24887365,252.07690214,4,0,0.49744977,263.75,141.0
1269,76.17,777.67063839,251.7410507,4,0,0.49744977,263.25,141.0
1270,76.23,777.05158092,251.4099251,4,0,0.49741349,262.25,140.0
1271,76.29,776.38912256,251.08659233,4,0,0.49632809,261.0,138.0
1272,76.35,775.68095359,250.76887792,4,0,0.49388652,260.25,136.0
1273,76.41,774.92395648,250.46000126,4,0,0.48908493,259.0,136.0
1274,76.47,774.18788258,250.16910639,4,0,0.4824297,258.5,136.0
1275,76.53,773.60586818,249.91737983,4,0,0.47295692,258.0,135.0
1276,76.59,772.96434227,249.67709479,4,0,0.4607439,256.75,134.0
1277,76.65,772.25834416,249.44636266,4,0,0.44522075,256.5,134.0
1278,76.71,771.48197548,249.2300614,4,0,0.42545685,255.25,131.0
1279,76.77,770.6280726,249.02992065,4,0,0.4008656,254.75,130.0
1280,76.83,769.68739869,248.84831116,4,0,0.37001154,254.25,127.0
1281,76.89,768.64703375,248.69005919,4,0,0.33042729,253.75,125.0
1282,76.95,767.69395266,248.59250648,4,0,0.27756743,253.5,124.0
1283,77.01,766.64918073,248.55203869,4,0,0.19995367,253.25,122.0
1284,77.07,765.32462261,248.61724039,4,0,0.02743622,253.25,122.0
1285,77.13,763.84897259,248.74768325,4,0,0.0,253.25,122.0
1286,77.19,762.37332256,248.8781261,4,0,0.0,253.25,122.0
1287,77.25,760.89767254,249.00856895,4,0,0.0,253.25,122.0
1288,77.31,759.42202252,249.13901181,4,0,0.0,253.25,122.0
1289,77.37,757.97832048,249.27401866,4,0,0.0,253.25,122.0
1290,77.43,756.76312898,249.44166987,4,0,0.0,253.25,122.0
1291,77.49,755.54793747,249.60932109,4,0,0.0,253.25,122.0
1292,77.55,754.33274597,249.7769723,4,0,0.0,253.25,122.0
1293,77.61,753.11755447,249.94462352,4,0,0.0,253.25,122.0
1294,77.67,751.90236296,250.11227473,4,0,0.0,253.25,122.0
1295,77.73,750.68717146,250.27992594,4,0,0.0,253.25,122.0
1296,77.79,749.47197996,250.44757716,4,0,0.0,253.25,122.0
1297,77.85,748.35112689,250.62870529,4,0,0.0,253.25,122.0
1298,77.91,747.39060972,250.83273855,4,0,0.0,253.25,122.0
1299,77.97,746.43009255,251.03677181,4,0,0.0,253.25,122.0
1300,78.03,745.46957539,251.24080508,4,0,0.0,253.25,122.0
1301,78.09,744.50905822,251.44483834,4,0,0.0,253.25,122.0
1302,78.15,743.54854105,251.6488716,4,0,0.0,253.25,122.0
1303,78.21,742.58802388,251.85290486,4,0,0.0,253.25,122.0
1304,78.27,741.62750671,252.05693812,4,0,0.0,253.25,122.0
1305,78.33,740.80615084,252.28085157,4,0,0.0,253.25,122.0
1306,78.39,740.09740084,252.52085157,4,0,0.0,253.25,122.0
1307,78.45,739.38865084,252.76085157,4,0,0.0,253.25,122.0
1308,78.51,738.67990084,253.00085157,4,0,0.0,253.25,122.0
1309,78.57,737.75047582,241.14550153,5,0,0.0,253.25,122.0
1310,78.63,736.79047582,240.90550153,5,0,0.0,253.25,122.0
1311,78.69,735.83047582,240.66550153,5,0,0.0,253.25,122.0
1312,78.75,734.87047582,240.42550153,5,0,0.0,253.25,122.0
1313,78.81,734.09002756,240.21115178,5,0,0.0,253.25,122.0
1314,78.87,733.38183048,240.00712363,5,0,0.0,253.25,122.0
1315,78.93,732.6736334,239.80309547,5,0,0.0,253.25,122.0
1316,78.99,731.96543631,239.59906732,5,0,0.0,253.25,122.0
1317,79.05,731.25723923,239.39503916,5,0,0.0,253.25,122.0
1318,79.11,730.54904215,239.19101101,5,0,0.0,253.25,122.0
1319,79.17,729.84084506,238.98698285,5,0,0.0,253.25,122.0
1320,79.23,729.13264798,238.7829547,5,0,0.0,253.25,122.0
1321,79.29,728.65239537,238.61149004,5,0,0.0,253.25,122.0
1322,79.35,728.19880378,238.4438341,5,0,0.0,253.25,122.0
1323,79.41,727.74521218,238.27617816,5,0,0.0,253.25,122.0
1324,79.47,727.29162059,238.10852221,5,0,0.0,253.25,122.0
1325,79.53,726.838029,237.94086627,5,0,0.0,253.25,122.0
1326,79.59,726.3844374,237.77321033,5,0,0.0,253.25,122.0
1327,79.65,725.93084581,237.60555439,5,0,0.0,253.25,122.0
1328,79.71,725.51454089,237.44322511,5,0,0.0,253.25,122.0
1329,79.77,725.3214364,237.31278162,5,0,0.0,253.25,122.0
1330,79.83,725.12833191,237.18233812,5,0,0.0,253.25,122.0
1331,79.89,724.93522743,237.05189462,5,0,0.0,253.25,122.0
1332,79.95,724.74212294,236.92145112,5,0,0.0,253.25,122.0
1333,80.01,724.54901845,236.79100762,5,0,0.0,253.25,122.0
1334,80.07,724.35591397,236.66056412,5,0,0.0,253.25,122.0
1335,80.13,724.16280948,236.53012063,5,0,0.0,253.25,122.0
1336,80.19,724.10447042,236.41892933,5,0,0.0,253.25,122.0
1337,80.25,724.18091075,236.32699224,5,0,0.0,253.25,122.0
1338,80.31,724.25735108,236.23505514,5,0,0.0,253.25,122.0
1339,80.37,724.33379141,236.14311805,5,0,0.0,253.25,122.0
1340,80.43,724.41023174,236.05118095,5,0,0.0,253.25,122.0
1341,80.49,724.48667208,235.95924385,5,0,0.0,253.25,122.0
1342,80.55,724.56311241,235.86730676,5,0,0.0,253.25,122.0
1343,80.61,724.64200591,235.77572012,5,0,0.0,253.25,122.0
1344,80.67,725.00067714,235.72410172,5,0,0.0,253.25,122.0
1345,80.73,725.35934837,235.67248333,5,0,0.0,253.25,122.0
1346,80.79,725.7180196,235.62086493,5,0,0.0,253.25,122.0
1347,80.85,726.07669083,235.56924653,5,0,0.0,253.25,122.0
1348,80.91,726.43536206,235.51762814,5,0,0.0,253.25,122.0
1349,80.97,726.79403329,235.46600974,5,0,0.0,253.25,122.0
1350,81.03,727.15270452,235.41439135,5,0,0.0,253.25,122.0
1351,81.09,727.72424141,235.39318233,5,0,0.0,253.25,122.0
1352,81.15,728.38236137,235.38434232,5,0,0.0,253.25,122.0
1353,81.21,729.04048132,235.37550232,5,0,0.0,253.25,122.0
1354,81.27,729.69860127,235.36666231,5,0,0.0,253.25,122.0
1355,81.33,730.35672122,235.3578223,5,0,0.0,253.25,122.0
1356,81.39,730.95820907,235.36189809,5,0,0.0,253.25,122.0
1357,81.45,731.43057219,235.39267637,5,0,0.0,253.25,122.0
1358,81.51,732.04054997,235.46849354,5,0,0.0,253.25,122.0
1359,81.57,732.7106921,235.57295431,5,0,0.0,253.25,122.0
1360,81.63,733.3365768,235.6872216,5,0,0.0,253.25,122.0
1361,81.69,733.92425036,235.80888286,5,0,0.0,253.25,122.0
1362,81.75,734.47846781,235.93723639,5,0,0.0,253.25,122.0
1363,81.81,735.00208979,236.07531545,5,0,0.0,253.25,122.0
1364,81.87,735.49811525,236.2164231,5,0,0.0,253.25,122.0
1365,81.93,736.27015946,236.40999263,5,0,0.0,253.25,122.0
1366,81.99,737.06841625,236.61330971,5,0,0.0,253.25,122.0
1367,82.05,737.84536534,236.82480009,5,0,0.0,253.25,122.0
1368,82.11,738.60199982,237.03828877,5,0,0.0,253.25,122.0
1369,82.17,739.34017161,237.26044429,5,0,0.0,253.25,122.0
1370,82.23,740.06081819,237.48259982,5,0,0.0,253.25,122.0
1371,82.29,740.91315612,237.73628736,5,0,0.0,253.25,122.0
1372,82.35,741.99121416,238.02454834,5,0,0.0,253.25,122.0
1373,82.41,743.05470392,238.31957409,5,0,0.0,253.25,122.0
1374,82.47,744.10525536,238.61835802,5,0,0.0,253.25,122.0
1375,82.53,745.143044,238.91904032,5,0,0.0,253.25,122.0
1376,82.59,746.16938658,239.22835366,5,0,0.0,253.25,122.0
1377,82.65,747.29512351,239.55340379,5,0,0.0,253.25,122.0
1378,82.71,748.7383395,239.93175115,5,0,0.0,253.25,122.0
1379,82.77,750.17252687,240.31424347,5,0,0.0,253.25,122.0
1380,82.83,751.59782919,240.69673578,5,0,0.0,253.25,122.0
1381,82.89,753.01502918,241.0893554,5,0,0.0,253.25,122.0
1382,82.95,754.42510061,241.48258383,5,0,0.0,253.25,122.0
1383,83.01,756.08215523,241.91427674,5,0,0.0,253.25,122.0
1384,83.07,757.98277534,242.39039367,5,0,0.26124316,253.25,122.0
1385,83.13,759.87793863,242.86651059,5,0,0.26124316,238.75,120.0
1386,83.19,761.76776637,243.34699568,5,0,0.26124316,238.75,120.0
1387,83.25,763.65344148,243.83434472,5,0,0.26124316,224.25,118.0
1388,83.31,765.63720444,244.33625676,5,0,0.36318418,224.25,118.0
1389,83.37,768.10738423,244.91434455,5,0,0.85323425,224.25,118.0
1390,83.43,770.57509832,245.49787514,5,0,0.85323425,224.25,118.0
1391,83.49,773.04051796,246.08140574,5,0,0.85323425,224.25,118.0
1392,83.55,775.50395813,246.67269056,5,0,0.85323425,224.25,118.0
1393,83.61,778.16973455,247.29734315,5,0,1.05643117,195.25,114.0
1394,83.67,781.34653099,247.99510746,5,0,1.5682132,195.25,114.0
1395,83.73,784.52297691,248.70220469,5,0,1.5682132,195.25,114.0
1396,83.79,787.70013128,249.41266929,5,0,1.5682132,195.25,114.0
1397,83.85,790.87804767,250.12313389,5,0,1.5682132,195.25,114.0
1398,83.91,794.8310549,250.95528303,5,0,2.34201603,180.75,112.0
1399,83.97,798.90410471,251.80656203,5,0,2.45978667,166.25,110.0
1400,84.03,802.97944898,252.65784103,5,0,2.45978667,166.25,110.0
1401,84.09,807.0577741,253.5226034,5,0,2.45978667,166.25,110.0
1402,84.15,812.23713357,254.54499047,5,0,3.55697079,166.25,110.0
1403,84.21,817.48036652,255.57720342,5,0,3.61698585,137.25,106.0
1404,84.27,822.72837885,256.62365925,5,0,3.61698585,137.25,106.0
1405,84.33,828.84783289,257.79382721,5,0,4.48297073,137.25,106.0
1406,84.39,835.69118008,259.07120272,5,0,5.20134551,122.75,104.0
1407,84.45,842.54121022,260.36087018,5,0,5.20134551,108.25,102.0
1408,84.51,850.98935837,261.87782224,5,0,6.79233778,108.25,102.0
1409,84.57,860.18513257,263.51030922,5,0,7.53259432,93.75,100.0
1410,84.63,870.81252934,265.35487428,5,0,8.95552912,79.25,98.0
1411,84.69,883.85459943,267.54312339,5,0,11.36131741,64.75,96.0
1412,84.75,901.65438125,270.42749572,5,0,16.10944836,50.25,94.0
1413,84.81,932.63099022,275.19561974,5,0,29.27553057,21.25,90.0
1414,84.87,949.85204183,222.00387216,3,0,15.50912493,6.75,30.0
1415,84.93,948.21625118,222.13312631,3,0,0.0,6.75,30.0
1416,84.99,946.59325638,222.26238045,3,0,0.0,6.75,30.0
1417,85.05,944.98382113,222.41372128,3,0,0.0,6.75,30.0
1418,85.11,943.38938231,222.56968694,3,0,0.0,6.75,30.0
1419,85.17,941.81026906,222.74075322,3,0,0.0,6.75,30.0
1420,85.23,940.24835241,222.9277391,3,0,0.0,6.75,30.0
1421,85.29,938.70407415,223.12507471,3,0,0.0,6.75,30.0
1422,85.35,937.17942921,223.34871618,3,0,0.0,6.75,30.0
1423,85.41,935.67523286,223.58233628,3,0,0.0,6.75,30.0
1424,85.47,934.19371188,223.85016391,3,0,0.0,6.75,30.0
1425,85.53,932.73606745,224.1359077,3,0,0.0,6.75,30.0
1426,85.59,931.30513137,224.45823292,3,0,0.0,6.75,30.0
1427,85.65,929.90266078,224.8221158,3,0,0.0,6.75,30.0
1428,85.71,927.09131955,225.0743412,3,0,0.0,6.75,30.0
1429,85.77,923.35668044,225.31631884,3,0,0.0,6.75,30.0
1430,85.83,919.66254238,225.64455804,3,0,0.0,6.75,30.0
1431,85.89,916.01633578,226.10645658,3,0,0.0,6.75,30.0
1432,85.95,912.42997861,226.81527012,3,0,0.02115974,6.5,29.0
1433,86.01,908.93143276,228.40319622,3,0,0.04036905,6.0,26.0
1434,86.07,905.56521505,229.05363085,3,0,0.05023895,6.0,26.0
1435,86.13,902.20521505,228.57363085,3,0,0.0,6.0,26.0
1436,86.19,898.84521505,228.09363085,3,0,0.0,6.0,26.0
1437,86.25,895.48521505,227.61363085,3,0,0.0,6.0,26.0
1438,86.31,892.12521505,227.13363085,3,0,0.0,6.0,26.0
1439,86.37,888.76521505,226.65363085,3,0,0.0,6.0,26.0
1440,86.43,885.40521505,226.17363085,3,0,0.0,6.0,26.0
1441,86.49,882.04521505,225.69363085,3,0,0.0,6.0,26.0
1442,86.55,878.68521505,225.21363085,3,0,0.0,6.0,26.0
1443,86.61,875.32521505,224.73363085,3,0,0.0,6.0,26.0
1444,86.67,871.96521505,224.25363085,3,0,0.0,6.0,26.0
1445,86.73,868.60521505,223.77363085,3,0,0.0,6.0,26.0
1446,86.79,865.24521505,223.29363085,3,0,0.0,6.0,26.0
1447,86.85,861.88521505,222.81363085,3,0,0.0,6.0,26.0
1448,86.91,858.52521505,222.33363085,3,0,0.0,6.0,26.0
1449,86.97,855.16521505,221.85363085,3,0,0.0,6.0,26.0
1450,87.03,851.80521505,221.37363085,3,0,0.0,6.0,26.0
1451,87.09,848.44521505,220.89363085,3,0,0.0,6.0,26.0
1452,87.15,845.08521505,220.41363085,3,0,0.0,6.0,26.0
1453,87.21,841.72521505,219.93363085,3,0,0.0,6.0,26.0
1454,87.27,838.36521505,219.45363085,3,0,0.0,6.0,26.0
1455,87.33,835.00521505,218.97363085,3,0,0.0,6.0,26.0
1456,87.39,831.64521505,218.49363085,3,0,0.0,6.0,26.0
1457,87.45,828.28521505,218.01363085,3,0,0.0,6.0,26.0
1458,87.51,824.92521505,217.53363085,3,0,0.0,6.0,26.0
1459,87.57,821.56521505,217.05363085,3,0,0.0,6.0,26.0
1460,87.63,818.20521505,216.57363085,3,0,0.0,6.0,26.0
1461,87.69,814.84521505,216.09363085,3,0,0.0,6.0,26.0
1462,87.75,811.48521505,215.61363085,3,0,0.0,6.0,26.0
1463,87.81,808.12521505,215.13363085,3,0,0.0,6.0,26.0
1464,87.87,804.76521505,214.65363085,3,0,0.0,6.0,26.0
1465,87.93,801.40521505,214.17363085,3,0,0.0,6.0,26.0
1466,87.99,798.04521505,213.69363085,3,0,0.0,6.0,26.0
1467,88.05,794.68521505,213.21363085,3,0,0.0,6.0,26.0
1468,88.11,791.32521505,212.73363085,3,0,0.0,6.0,26.0
1469,88.17,787.96521505,212.25363085,3,0,0.0,6.0,26.0
1470,88.23,784.60521505,211.77363085,3,0,0.0,6.0,26.0
1471,88.29,781.24521505,211.29363085,3,0,0.0,6.0,26.0
1472,88.35,777.88521505,210.81363085,3,0,0.0,6.0,26.0
1473,88.41,774.52521505,210.33363085,3,0,0.0,6.0,26.0
1474,88.47,771.24367865,207.25835724,3,0,0.0,6.0,26.0
1475,88.53,768.0820248,205.37782943,3,0,0.0,6.0,26.0
1476,88.59,764.98725071,203.88724236,3,0,0.0,6.0,26.0
1477,88.65,761.94396365,202.56121617,3,0,0.0,6.0,26.0
1478,88.71,758.93109519,201.27700658,3,0,0.0,6.0,26.0
1479,88.77,755.90610594,200.0224399,3,0,0.0,6.0,26.0
1480,88.83,752.86743499,198.8137368,3,0,0.0,6.0,26.0
1481,88.89,749.82139343,197.67387293,3,0,0.0,6.0,26.0
1482,88.95,746.76603197,196.55158793,3,0,0.0,6.0,26.0
1483,89.01,743.70461623,195.47227825,3,0,0.0,6.0,26.0
1484,89.07,740.63802455,194.41032297,3,0,0.0,6.0,26.0
1485,89.13,737.56382887,193.37553316,3,0,0.0,6.0,26.0
1486,89.19,734.48434514,192.3586732,3,0,0.0,6.0,26.0
1487,89.25,731.40000439,191.36614385,3,0,0.0,6.0,26.0
1488,89.31,728.31015948,190.37770261,3,0,0.0,6.0,26.0
1489,89.37,725.21332227,189.417069,3,0,0.0,6.0,26.0
1490,89.43,722.11104448,188.46137388,3,0,0.0,6.0,26.0
1491,89.49,719.00405776,187.52682704,3,0,0.0,6.0,26.0
1492,89.55,715.89087667,186.59784344,3,0,0.0,6.0,26.0
1493,89.61,712.77134266,185.67654535,3,0,0.0,6.0,26.0
1494,89.67,709.64452867,184.77431965,3,0,0.0,6.0,26.0
1495,89.73,706.51219554,183.87437363,3,0,0.0,6.0,26.0
1496,89.79,703.37404457,182.99011619,3,0,0.0,6.0,26.0
1497,89.85,700.22879205,182.11087179,3,0,0.0,6.0,26.0
1498,89.91,697.07637545,181.23334027,3,0,0.0,6.0,26.0
1499,89.97,693.91598418,180.37506324,3,0,0.0,6.0,26.0
1500,90.03,690.74865587,179.51997572,3,0,0.0,6.0,26.0
1501,90.09,687.5746779,178.670744,3,0,0.0,6.0,26.0
1502,90.15,684.39283765,177.83253101,3,0,0.0,6.0,26.0
1503,90.21,681.20277932,176.99431802,3,0,0.0,6.0,26.0
1504,90.27,678.00427102,176.16443787,3,0,0.0,6.0,26.0
1505,90.33,674.79653893,175.3453487,3,0,0.0,6.0,26.0
1506,90.39,671.58081153,174.52809633,3,0,0.0,6.0,26.0
1507,90.45,668.35683761,173.72061561,3,0,0.0,6.0,26.0
1508,90.51,665.12349869,172.91773072,3,0,0.0,6.0,26.0
1509,90.57,661.88071504,172.11484582,3,0,0.0,6.0,26.0
1510,90.63,658.62800839,171.32258442,3,0,0.0,6.0,26.0
1511,90.69,655.36445279,170.5349768,3,0,0.0,6.0,26.0
1512,90.75,652.09119485,169.75091455,3,0,0.0,6.0,26.0
1513,90.81,648.80799373,168.97807593,3,0,0.0,6.0,26.0
1514,90.87,645.51393081,168.20671397,3,0,0.0,6.0,26.0
1515,90.93,642.2089958,167.43535202,3,0,0.0,6.0,26.0
1516,90.99,638.89245668,166.67581082,3,0,0.0,6.0,26.0
1517,91.05,635.56351342,165.91654272,3,0,0.0,6.0,26.0
1518,91.11,632.22232985,165.16090068,3,0,0.0,6.0,26.0
1519,91.17,628.86905557,164.41855006,3,0,0.0,6.0,26.0
1520,91.23,625.50322244,163.67619945,3,0,0.0,6.0,26.0
1521,91.29,622.60551256,147.05660982,2,0,0.0,6.0,26.0
1522,91.35,620.17339158,146.56549132,2,0,0.0,6.0,26.0
1523,91.41,617.72710811,146.07437282,2,0,0.0,6.0,26.0
1524,91.47,615.26651465,145.58785418,2,0,0.0,6.0,26.0
1525,91.53,612.79038533,145.10850263,2,0,0.0,6.0,26.0
1526,91.59,610.29922156,144.63358345,2,0,0.0,6.0,26.0
1527,91.65,607.79306121,144.16591433,2,0,0.0,6.0,26.0
1528,91.71,605.27063887,143.70173127,2,0,0.0,6.0,26.0
1529,91.77,602.73186171,143.23765012,2,0,0.0,6.0,26.0
1530,91.83,600.17577278,142.78406725,2,0,0.0,6.0,26.0
1531,91.89,597.60145101,142.33048438,2,0,0.0,6.0,26.0
1532,91.95,595.00870115,141.88151652,2,0,0.0,6.0,26.0
1533,92.01,592.39608465,141.44043109,2,0,0.0,6.0,26.0
1534,92.07,589.76409456,141.00261434,2,0,0.0,6.0,26.0
1535,92.13,587.1118832,140.57506515,2,0,0.0,6.0,26.0
1536,92.19,584.43828064,140.14777137,2,0,0.0,6.0,26.0
1537,92.25,581.74278207,139.72719538,2,0,0.0,6.0,26.0
1538,92.31,579.02356194,139.31046968,2,0,0.0,6.0,26.0
1539,92.37,576.28019067,138.89834301,2,0,0.0,6.0,26.0
1540,92.43,573.51055226,138.49228245,2,0,0.0,6.0,26.0
1541,92.49,570.71397428,138.09127573,2,0,0.0,6.0,26.0
1542,92.55,567.88869449,137.70126715,2,0,0.0,6.0,26.0
1543,92.61,565.03394949,137.3165088,2,0,0.0,6.0,26.0
1544,92.67,562.14679421,136.9374927,2,0,0.0,6.0,26.0
1545,92.73,559.22533582,136.56688661,2,0,0.0,6.0,26.0
1546,92.79,556.26613821,136.20140152,2,0,0.0,6.0,26.0
1547,92.85,553.26499914,135.84503639,2,0,0.0,6.0,26.0
1548,92.91,550.21707278,135.49854723,2,0,0.0,6.0,26.0
1549,92.97,547.1145422,135.16201995,2,0,0.0,6.0,26.0
1550,93.03,543.94461875,134.84151007,2,0,0.0,6.0,26.0
1551,93.09,540.67154601,134.54489928,2,0,0.0,6.0,26.0
1552,93.15,537.27675879,134.27354665,2,0,0.0,6.0,26.0
1553,93.21,533.87753776,134.00223929,2,0,0.0,6.0,26.0
1554,93.27,530.47389679,133.73093192,2,0,0.0,6.0,26.0
1555,93.33,527.06583586,133.45962456,2,0,0.0,6.0,26.0
1556,93.39,523.65335498,133.1883172,2,0,0.0,6.0,26.0
1557,93.45,520.23645416,132.91700983,2,0,0.0,6.0,26.0
1558,93.51,516.81513338,132.64570247,2,0,0.0,6.0,26.0
1559,93.57,513.38967019,132.37865384,2,0,0.0,6.0,26.0
1560,93.63,509.96064344,132.11269193,2,0,0.0,6.0,26.0
1561,93.69,506.52807121,131.84673003,2,0,0.0,6.0,26.0
1562,93.75,503.0919535,131.58076812,2,0,0.0,6.0,26.0
1563,93.81,499.65229031,131.31480622,2,0,0.0,6.0,26.0
1564,93.87,496.20908164,131.04884431,2,0,0.0,6.0,26.0
1565,93.93,492.76232749,130.78288241,2,0,0.0,6.0,26.0
1566,93.99,489.31202786,130.5169205,2,0,0.0,6.0,26.0
1567,94.05,485.85818275,130.25095859,2,0,0.0,6.0,26.0
1568,94.11,482.40098566,129.98871675,2,0,0.0,6.0,26.0
1569,94.17,478.94103136,129.72820293,2,0,0.0,6.0,26.0
1570,94.23,475.47836161,129.4676891,2,0,0.0,6.0,26.0
1571,94.29,472.0129764,129.20717527,2,0,0.0,6.0,26.0
1572,94.35,468.54487574,128.94666144,2,0,0.0,6.0,26.0
1573,94.41,465.07405963,128.68614761,2,0,0.0,6.0,26.0
1574,94.47,461.60052806,128.42563379,2,0,0.0,6.0,26.0
1575,94.53,458.12428104,128.16511996,2,0,0.0,6.0,26.0
1576,94.59,454.64531857,127.90460613,2,0,0.0,6.0,26.0
1577,94.65,451.16369181,127.64609538,2,0,0.0,6.0,26.0
1578,94.71,447.67998308,127.39117454,2,0,0.0,6.0,26.0
1579,94.77,444.19435672,127.13625369,2,0,0.0,6.0,26.0
1580,94.83,440.70681275,126.88133285,2,0,0.0,6.0,26.0
1581,94.89,437.21735115,126.62641201,2,0,0.0,6.0,26.0
1582,94.95,433.72597193,126.37149117,2,0,0.0,6.0,26.0
1583,95.01,430.23267508,126.11657033,2,0,0.0,6.0,26.0
1584,95.07,426.73746061,125.86164949,2,0,0.0,6.0,26.0
1585,95.13,423.24032852,125.60672865,2,0,0.0,6.0,26.0
1586,95.19,419.7412788,125.35180781,2,0,0.0,6.0,26.0
1587,95.25,416.24060786,125.10194064,2,0,0.0,6.0,26.0
1588,95.31,412.73878873,124.85280026,2,0,0.0,6.0,26.0
1589,95.37,409.23582753,124.60365989,2,0,0.0,6.0,26.0
1590,95.43,405.73172427,124.35451951,2,0,0.0,6.0,26.0
1591,95.49,402.22647895,124.10537913,2,0,0.0,6.0,26.0
1592,95.55,398.72009157,123.85623876,2,0,0.0,6.0,26.0
1593,95.61,395.21256212,123.60709838,2,0,0.0,6.0,26.0
1594,95.67,391.70389061,123.35795801,2,0,0.0,6.0,26.0
1595,95.73,389.12512799,123.20192272,2,0,0.0,6.0,26.0
1596,95.79,388.01420307,123.19449126,2,0,0.0,6.0,26.0
1597,95.85,386.90270326,123.19137238,2,0,0.0,6.0,26.0
1598,95.91,385.79082419,123.1882535,2,0,0.0,6.0,26.0
1599,95.97,384.67856586,123.18513461,2,0,0.0,6.0,26.0
1600,96.03,383.56592828,123.18201573,2,0,0.0,6.0,26.0
1601,96.09,382.45291143,123.17889684,2,0,0.0,6.0,26.0
1602,96.15,381.33951532,123.17577796,2,0,0.0,6.0,26.0
1603,96.21,380.22573995,123.17265907,2,0,0.0,6.0,26.0
1604,96.27,379.11158532,123.16954019,2,0,0.0,6.0,26.0
1605,96.33,377.99705144,123.1664213,2,0,0.0,6.0,26.0
1606,96.39,376.8822936,123.1673474,2,0,0.0,6.0,26.0
1607,96.45,375.76786585,123.1705495,2,0,0.0,6.0,26.0
1608,96.51,374.65381736,123.17375159,2,0,0.0,6.0,26.0
1609,96.57,373.54014813,123.17695368,2,0,0.0,6.0,26.0
1610,96.63,372.42685815,123.18015578,2,0,0.0,6.0,26.0
1611,96.69,371.31394743,123.18335787,2,0,0.0,6.0,26.0
1612,96.75,370.20141597,123.18655997,2,0,0.0,6.0,26.0
1613,96.81,369.08926377,123.18976206,2,0,0.0,6.0,26.0
1614,96.87,367.97749082,123.19296416,2,0,0.0,6.0,26.0
1615,96.93,366.86609714,123.19616625,2,0,0.0,6.0,26.0
1616,96.99,365.75546107,123.20603356,2,0,0.0,6.0,26.0
1617,97.05,364.64596707,123.21592756,2,0,0.0,6.0,26.0
1618,97.11,363.53761512,123.22582156,2,0,0.0,6.0,26.0
1619,97.17,362.43040524,123.23571556,2,0,0.0,6.0,26.0
1620,97.23,361.32433742,123.24560956,2,0,0.0,6.0,26.0
1621,97.29,360.21941167,123.25550356,2,0,0.0,6.0,26.0
1622,97.35,359.11562797,123.26539756,2,0,0.0,6.0,26.0
1623,97.41,358.01298634,123.27529156,2,0,0.0,6.0,26.0
1624,97.47,356.91148677,123.28518556,2,0,0.0,6.0,26.0
1625,97.53,355.81119305,123.29797745,2,0,0.0,6.0,26.0
1626,97.59,354.71267992,123.31501708,2,0,0.0,6.0,26.0
1627,97.65,353.61608442,123.33205671,2,0,0.0,6.0,26.0
1628,97.71,352.52140656,123.34909634,2,0,0.0,6.0,26.0
1629,97.77,351.42864633,123.36613597,2,0,0.0,6.0,26.0
1630,97.83,350.33780373,123.3831756,2,0,0.0,6.0,26.0
1631,97.89,349.24887876,123.40021522,2,0,0.0,6.0,26.0
1632,97.95,348.16187142,123.41725485,2,0,0.0,6.0,26.0
1633,98.01,347.07678172,123.43429448,2,0,0.0,6.0,26.0
1634,98.07,345.99360965,123.45133411,2,0,0.0,6.0,26.0
1635,98.13,344.9126941,123.47547464,2,0,0.0,6.0,26.0
1636,98.19,343.83449155,123.50021825,2,0,0.0,6.0,26.0
1637,98.25,342.75900445,123.52496185,2,0,0.0,6.0,26.0
1638,98.31,341.68623278,123.54970545,2,0,0.0,6.0,26.0
1639,98.37,340.61617656,123.57444906,2,0,0.0,6.0,26.0
1640,98.43,339.54883577,123.59919266,2,0,0.0,6.0,26.0
1641,98.49,338.48421042,123.62393627,2,0,0.0,6.0,26.0
1642,98.55,337.42230052,123.64867987,2,0,0.0,6.0,26.0
1643,98.61,336.36310606,123.67342347,2,0,0.0,6.0,26.0
1644,98.67,335.30677495,123.70317336,2,0,0.0,6.0,26.0
1645,98.73,334.25392191,123.73630279,2,0,0.0,6.0,26.0
1646,98.79,333.20461436,123.76943222,2,0,0.0,6.0,26.0
1647,98.85,332.15885228,123.80256165,2,0,0.0,6.0,26.0
1648,98.91,331.11663569,123.83569109,2,0,0.0,6.0,26.0
1649,98.97,330.07796457,123.86882052,2,0,0.0,6.0,26.0
1650,99.03,329.04283894,123.90194995,2,0,0.0,6.0,26.0
1651,99.09,328.01125879,123.93507938,2,0,0.0,6.0,26.0
1652,99.15,326.98322411,123.96820881,2,0,0.0,6.0,26.0
1653,99.21,325.95883697,124.00579691,2,0,0.0,6.0,26.0
1654,99.27,324.93875296,124.04815537,2,0,0.0,6.0,26.0
1655,99.33,323.9230889,124.09051383,2,0,0.0,6.0,26.0
1656,99.39,322.91184479,124.13287229,2,0,0.0,6.0,26.0
1657,99.45,321.90502063,124.17523075,2,0,0.0,6.0,26.0
1658,99.51,320.90261641,124.21758921,2,0,0.0,6.0,26.0
1659,99.57,319.90463215,124.25994767,2,0,0.0,6.0,26.0
1660,99.63,318.91106784,124.30230613,2,0,0.0,6.0,26.0
1661,99.69,317.92192347,124.34466459,2,0,0.0,6.0,26.0
1662,99.75,316.93738452,124.39349972,2,0,0.0,6.0,26.0
1663,99.81,315.95813476,124.44612935,2,0,0.0,6.0,26.0
1664,99.87,314.98423783,124.49875899,2,0,0.0,6.0,26.0
1665,99.93,314.01569375,124.55138863,2,0,0.0,6.0,26.0
1666,99.99,313.05250252,124.60401827,2,0,0.0,6.0,26.0
1667,100.05,312.09466413,124.6566479,2,0,0.0,6.0,26.0
1668,100.11,311.14217858,124.70927754,2,0,0.0,6.0,26.0
1669,100.17,310.19504588,124.76190718,2,0,0.0,6.0,26.0
1670,100.23,309.25326997,124.81556065,2,0,0.0,6.0,26.0
1671,100.29,308.31743674,124.87976619,2,0,0.0,6.0,26.0
1672,100.35,307.38796543,124.94397173,2,0,0.0,6.0,26.0
1673,100.41,306.46485604,125.00817727,2,0,0.0,6.0,26.0
1674,100.47,305.54810857,125.07238281,2,0,0.0,6.0,26.0
1675,100.53,304.63772302,125.13658834,2,0,0.0,6.0,26.0
1676,100.59,303.73369938,125.20079388,2,0,0.0,6.0,26.0
1677,100.65,302.83603767,125.26499942,2,0,0.0,6.0,26.0
1678,100.71,301.94473788,125.32920496,2,0,0.0,6.0,26.0
1679,100.77,301.06025265,125.40536683,2,0,0.0,6.0,26.0
1680,100.83,302.56211263,85.72068647,1,0,0.0,6.0,26.0
1681,100.89,304.09256169,86.03811805,1,0,0.0,6.0,26.0
1682,100.95,305.63048045,86.35554962,1,0,0.0,6.0,26.0
1683,101.01,307.17586889,86.6729812,1,0,0.0,6.0,26.0
1684,101.07,308.72872704,86.99041277,1,0,0.0,6.0,26.0
1685,101.13,310.28905487,87.30784435,1,0,0.0,6.0,26.0
1686,101.19,311.85686171,87.62715802,1,0,0.0,6.0,26.0
1687,101.25,313.43289858,87.95993102,1,0,0.0,6.0,26.0
1688,101.31,315.01764117,88.29270403,1,0,0.0,6.0,26.0
1689,101.37,316.61108947,88.62547703,1,0,0.0,6.0,26.0
1690,101.43,318.21324349,88.95825004,1,0,0.0,6.0,26.0
1691,101.49,319.82410322,89.29102305,1,0,0.0,6.0,26.0
1692,101.55,321.44366867,89.62379605,1,0,0.0,6.0,26.0
1693,101.61,323.07193983,89.95656906,1,0,0.0,6.0,26.0
1694,101.67,324.70935228,90.30359779,1,0,0.0,6.0,26.0
1695,101.73,326.35684313,90.65447101,1,0,0.0,6.0,26.0
1696,101.79,328.01444406,91.00534422,1,0,0.0,6.0,26.0
1697,101.85,329.68215507,91.35621744,1,0,0.0,6.0,26.0
1698,101.91,331.35997616,91.70709066,1,0,0.0,6.0,26.0
1699,101.97,333.04790733,92.05796388,1,0,0.0,6.0,26.0
1700,102.03,334.74594858,92.40883709,1,0,0.0,6.0,26.0
1701,102.09,336.45481862,92.78016469,1,0,0.0,6.0,26.0
1702,102.15,338.17542479,93.15281281,1,0,0.0,6.0,26.0
1703,102.21,339.90777006,93.52546094,1,0,0.0,6.0,26.0
1704,102.27,341.65185445,93.89810907,1,0,0.0,6.0,26.0
1705,102.33,343.40767795,94.2707572,1,0,0.0,6.0,26.0
1706,102.39,345.17524056,94.64340533,1,0,0.0,6.0,26.0
1707,102.45,346.95490944,95.03255873,1,0,0.0,6.0,26.0
1708,102.51,348.74811053,95.43200596,1,0,0.0,6.0,26.0
1709,102.57,350.55498663,95.83145319,1,0,0.0,6.0,26.0
1710,102.63,352.37553775,96.23090042,1,0,0.0,6.0,26.0
1711,102.69,354.20976389,96.63034765,1,0,0.0,6.0,26.0
1712,102.75,356.05766504,97.02979488,1,0,0.0,6.0,26.0
1713,102.81,357.9201006,97.45811194,1,0,0.0,6.0,26.0
1714,102.87,359.82450592,97.99501147,1,0,0.0,6.0,26.0
1715,102.93,361.79682118,98.53113427,1,0,0.0,6.0,26.0
1716,102.99,363.82774209,99.06199123,1,0,0.0,6.0,26.0
1717,103.05,365.91182292,99.59284818,1,0,0.0,6.0,26.0
1718,103.11,368.04826151,100.15024341,1,0,0.0,6.0,26.0
1719,103.17,370.23288111,100.7193097,1,0,0.0,6.0,26.0
1720,103.23,372.46512519,101.28837599,1,0,0.0,6.0,26.0
1721,103.29,374.74464437,101.8553404,1,0,0.0,6.0,26.0
1722,103.35,377.06740735,102.42626702,1,0,0.0,6.0,26.0
1723,103.41,379.43468102,103.04972441,1,0,0.0,6.0,26.0
1724,103.47,381.8479698,103.67318179,1,0,0.0,6.0,26.0
1725,103.53,384.30687481,104.29403259,1,0,0.0,6.0,26.0
1726,103.59,386.80856934,104.93113776,1,0,0.0,6.0,26.0
1727,103.65,389.35620697,105.63581243,1,0,0.0,6.0,26.0
1728,103.71,391.95146888,106.34048709,1,0,0.0,6.0,26.0
1729,103.77,394.59435509,107.04516176,1,0,0.0,6.0,26.0
1730,103.83,397.28780213,107.8788946,1,0,0.01292138,5.75,25.0
1731,103.89,400.03442421,108.71403664,1,0,0.01302972,5.5,24.0
1732,103.95,402.83559949,109.65393438,1,0,0.01442285,5.5,24.0
1733,104.01,405.70244125,110.73139573,1,0,0.02041294,5.25,23.0
1734,104.07,408.62863883,111.36703333,1,0,0.01169988,5.0,21.0
1735,104.13,411.57487198,111.67703349,1,0,0.0,5.0,21.0
1736,104.19,414.53486937,111.98550292,1,0,0.0,5.0,21.0
1737,104.25,417.50854167,112.29397234,1,0,0.0,5.0,21.0
1738,104.31,420.49588888,112.60244176,1,0,0.0,5.0,21.0
1739,104.37,423.496911,112.91091118,1,0,0.0,5.0,21.0
1740,104.43,426.51160802,113.2193806,1,0,0.0,5.0,21.0
1741,104.49,429.53908489,113.52259411,1,0,0.0,5.0,21.0
1742,104.55,432.57830237,113.8255981,1,0,0.0,5.0,21.0
1743,104.61,435.62925904,114.12860209,1,0,0.0,5.0,21.0
1744,104.67,438.69195491,114.43160608,1,0,0.0,5.0,21.0
1745,104.73,441.76638998,114.73461007,1,0,0.0,5.0,21.0
1746,104.79,444.85256424,115.03761406,1,0,0.0,5.0,21.0
1747,104.85,447.95014588,115.33718693,1,0,0.0,5.0,21.0
1748,104.91,451.0579442,115.63481503,1,0,0.0,5.0,21.0
1749,104.97,454.1758526,115.93244314,1,0,0.0,5.0,21.0
1750,105.03,457.30387108,116.23007124,1,0,0.0,5.0,21.0
1751,105.09,460.44199964,116.52769935,1,0,0.0,5.0,21.0
1752,105.15,463.59023828,116.82532745,1,0,0.0,5.0,21.0
1753,105.21,466.748587,117.12295556,1,0,0.0,5.0,21.0
1754,105.27,469.91660755,117.41639187,1,0,0.0,5.0,21.0
1755,105.33,473.09336473,117.7087139,1,0,0.0,5.0,21.0
1756,105.39,476.27882757,118.00103592,1,0,0.0,5.0,21.0
1757,105.45,479.47299607,118.29335795,1,0,0.0,5.0,21.0
1758,105.51,482.67587023,118.58567998,1,0,0.0,5.0,21.0
1759,105.57,485.88745006,118.87800201,1,0,0.0,5.0,21.0
1760,105.63,489.10773555,119.17032403,1,0,0.0,5.0,21.0
1761,105.69,492.33659883,119.46025402,1,0,0.0,5.0,21.0
1762,105.75,495.57311545,119.74731736,1,0,0.0,5.0,21.0
1763,105.81,498.81710176,120.0343807,1,0,0.0,5.0,21.0
1764,105.87,502.06855777,120.32144404,1,0,0.0,5.0,21.0
1765,105.93,505.32748347,120.60850738,1,0,0.0,5.0,21.0
1766,105.99,508.59387887,120.89557071,1,0,0.0,5.0,21.0
1767,106.05,511.86774396,121.18263405,1,0,0.0,5.0,21.0
1768,106.11,515.14907875,121.46969739,1,0,0.0,5.0,21.0
1769,106.17,518.43763195,121.75323352,1,0,0.0,5.0,21.0
1770,106.23,521.73260613,122.03506015,1,0,0.0,5.0,21.0
1771,106.29,525.03394227,122.31688678,1,0,0.0,5.0,21.0
1772,106.35,528.34164037,122.59871341,1,0,0.0,5.0,21.0
1773,106.41,531.65570041,122.88054004,1,0,0.0,5.0,21.0
1774,106.47,534.97612241,123.16236666,1,0,0.0,5.0,21.0
1775,106.53,538.30290637,123.44419329,1,0,0.0,5.0,21.0
1776,106.59,541.63605228,123.72601992,1,0,0.0,5.0,21.0
1777,106.65,544.97543942,124.00528224,1,0,0.0,5.0,21.0
1778,106.71,548.32031105,124.28186651,1,0,0.0,5.0,21.0
1779,106.77,551.67053549,124.55845078,1,0,0.0,5.0,21.0
1780,106.83,555.02611275,124.83503506,1,0,0.0,5.0,21.0
1781,106.89,558.38704282,125.11161933,1,0,0.0,5.0,21.0
1782,106.95,561.75332571,125.38820361,1,0,0.0,5.0,21.0
1783,107.01,565.12496142,125.66478788,1,0,0.0,5.0,21.0
1784,107.07,568.50194994,125.94137216,1,0,0.0,5.0,21.0
1785,107.13,571.88429128,126.21795643,1,0,0.0,5.0,21.0
1786,107.19,575.27156714,126.48954354,1,0,0.0,5.0,21.0
1787,107.25,578.66326426,126.7608509,1,0,0.0,5.0,21.0
1788,107.31,582.05938134,127.03215827,1,0,0.0,5.0,21.0
1789,107.37,585.45991836,127.30346563,1,0,0.0,5.0,21.0
1790,107.43,588.86487533,127.57477299,1,0,0.0,5.0,21.0
1791,107.49,592.27425225,127.84608035,1,0,0.0,5.0,21.0
1792,107.55,595.68804912,128.11738772,1,0,0.0,5.0,21.0
1793,107.61,599.10626594,128.38869508,1,0,0.0,5.0,21.0
1794,107.67,602.52889881,128.65949762,1,0,0.0,5.0,21.0
1795,107.73,605.95543571,128.92545952,1,0,0.0,5.0,21.0
1796,107.79,609.38551809,129.19142143,1,0,0.0,5.0,21.0
1797,107.85,612.81914594,129.45738333,1,0,0.0,5.0,21.0
1798,107.91,616.25631928,129.72334524,1,0,0.0,5.0,21.0
1799,107.97,619.6970381,129.98930714,1,0,0.0,5.0,21.0
1800,108.03,623.1413024,130.25526905,1,0,0.0,5.0,21.0
1801,108.09,626.58911218,130.52123095,1,0,0.0,5.0,21.0
1802,108.15,630.04046744,130.78719286,1,0,0.0,5.0,21.0
1803,108.21,633.49536818,131.05315477,1,0,0.0,5.0,21.0
1804,108.27,636.95341537,131.3137745,1,0,0.0,5.0,21.0
1805,108.33,640.41417816,131.57428833,1,0,0.0,5.0,21.0
1806,108.39,643.87765641,131.83480215,1,0,0.0,5.0,21.0
1807,108.45,647.34385012,132.09531598,1,0,0.0,5.0,21.0
1808,108.51,650.81275928,132.35582981,1,0,0.0,5.0,21.0
1809,108.57,654.28438389,132.61634364,1,0,0.0,5.0,21.0
1810,108.63,657.75872395,132.87685747,1,0,0.0,5.0,21.0
1811,108.69,661.23577947,133.13737129,1,0,0.0,5.0,21.0
1812,108.75,664.71555044,133.39788512,1,0,0.0,5.0,21.0
1813,108.81,668.19786526,133.65473062,1,0,0.0,5.0,21.0
1814,108.87,671.68214494,133.90965146,1,0,0.0,5.0,21.0
1815,108.93,675.16834225,134.1645723,1,0,0.0,5.0,21.0
1816,108.99,678.65645718,134.41949314,1,0,0.0,5.0,21.0
1817,109.05,682.14648973,134.67441398,1,0,0.0,5.0,21.0
1818,109.11,685.63843991,134.92933483,1,0,0.0,5.0,21.0
1819,109.17,689.1323077,135.18425567,1,0,0.0,5.0,21.0
1820,109.23,692.62809312,135.43917651,1,0,0.0,5.0,21.0
1821,109.29,696.12579617,135.69409735,1,0,0.0,5.0,21.0
1822,109.35,699.62540536,135.94802391,1,0,0.0,5.0,21.0
1823,109.41,703.12642247,136.19716428,1,0,0.0,5.0,21.0
1824,109.47,706.62858164,136.44630466,1,0,0.0,5.0,21.0
1825,109.53,710.13188288,136.69544504,1,0,0.0,5.0,21.0
1826,109.59,713.63632617,136.94458541,1,0,0.0,5.0,21.0
1827,109.65,717.14191153,137.19372579,1,0,0.0,5.0,21.0
1828,109.71,720.64863895,137.44286617,1,0,0.0,5.0,21.0
1829,109.77,724.15650844,137.69200654,1,0,0.0,5.0,21.0
1830,109.83,727.66551998,137.94114692,1,0,0.0,5.0,21.0
1831,109.89,731.17567359,138.1902873,1,0,0.0,5.0,21.0
1832,109.95,734.68684028,138.43592592,1,0,0.0,5.0,21.0
1833,110.01,738.19845301,138.6790448,1,0,0.0,5.0,21.0
1834,110.07,741.710445,138.92216369,1,0,0.0,5.0,21.0
1835,110.13,745.22281625,139.16528257,1,0,0.0,5.0,21.0
1836,110.19,748.73556676,139.40840146,1,0,0.0,5.0,21.0
1837,110.25,752.24869653,139.65152034,1,0,0.0,5.0,21.0
1838,110.31,755.76220555,139.89463922,1,0,0.0,5.0,21.0
1839,110.37,759.27609384,140.13775811,1,0,0.0,5.0,21.0
1840,110.43,762.79036139,140.38087699,1,0,0.0,5.0,21.0
1841,110.49,766.3050082,140.62399588,1,0,0.0,5.0,21.0
1842,110.55,769.81970081,140.86118778,1,0,0.0,5.0,21.0
1843,110.61,773.33401564,141.09798568,1,0,0.0,5.0,21.0
1844,110.67,776.84795121,141.33478359,1,0,0.0,5.0,21.0
1845,110.73,780.36150753,141.57158149,1,0,0.0,5.0,21.0
1846,110.79,783.87468458,141.8083794,1,0,0.0,5.0,21.0
1847,110.85,787.38748238,142.0451773,1,0,0.0,5.0,21.0
1848,110.91,790.89990092,142.28197521,1,0,0.0,5.0,21.0
1849,110.97,794.4119402,142.51877312,1,0,0.0,5.0,21.0
1850,111.03,797.92360023,142.75557102,1,0,0.0,5.0,21.0
1851,111.09,801.43484808,142.99040317,1,0,0.0,5.0,21.0
1852,111.15,804.94514412,143.22050917,1,0,0.0,5.0,21.0
1853,111.21,808.45429809,143.45061517,1,0,0.0,5.0,21.0
1854,111.27,811.96230999,143.68072117,1,0,0.0,5.0,21.0
1855,111.33,815.46917984,143.91082717,1,0,0.0,5.0,21.0
1856,111.39,818.97490762,144.14093317,1,0,0.0,5.0,21.0
1857,111.45,822.47949334,144.37103917,1,0,0.0,5.0,21.0
1858,111.51,825.98293699,144.60114517,1,0,0.0,5.0,21.0
1859,111.57,829.48523859,144.83125117,1,0,0.0,5.0,21.0
1860,111.63,832.98639812,145.06135717,1,0,0.0,5.0,21.0
1861,111.69,836.48622378,145.28643775,1,0,0.0,5.0,21.0
1862,111.75,839.98416596,145.50939812,1,0,0.0,5.0,21.0
1863,111.81,843.4801905,145.73235849,1,0,0.0,5.0,21.0
1864,111.87,846.97429741,145.95531886,1,0,0.0,5.0,21.0
1865,111.93,850.46648668,146.17827923,1,0,0.0,5.0,21.0
1866,111.99,853.95675833,146.4012396,1,0,0.0,5.0,21.0
1867,112.05,857.44511234,146.62419997,1,0,0.0,5.0,21.0
1868,112.11,860.93154872,146.84716034,1,0,0.0,5.0,21.0
1869,112.17,864.41606747,147.07012071,1,0,0.0,5.0,21.0
1870,112.23,867.89864937,147.29139038,1,0,0.0,5.0,21.0
1871,112.29,871.37875887,147.50664678,1,0,0.0,5.0,21.0
1872,112.35,874.85615292,147.72190317,1,0,0.0,5.0,21.0
1873,112.41,878.33083154,147.93715957,1,0,0.0,5.0,21.0
1874,112.47,881.80279471,148.15241596,1,0,0.0,5.0,21.0
1875,112.53,885.27204244,148.36767236,1,0,0.0,5.0,21.0
1876,112.59,888.73857473,148.58292875,1,0,0.0,5.0,21.0
1877,112.65,892.20239158,148.79818515,1,0,0.0,5.0,21.0
1878,112.71,895.66349299,149.01344155,1,0,0.0,5.0,21.0
1879,112.77,899.12187896,149.22869794,1,0,0.0,5.0,21.0
1880,112.83,902.57721725,149.43645127,1,0,0.0,5.0,21.0
1881,112.89,906.02901465,149.64332183,1,0,0.0,5.0,21.0
1882,112.95,909.47726658,149.8501924,1,0,0.0,5.0,21.0
1883,113.01,912.92197302,150.05706297,1,0,0.0,5.0,21.0
1884,113.07,916.36313399,150.26393354,1,0,0.0,5.0,21.0
1885,113.13,919.80074947,150.4708041,1,0,0.0,5.0,21.0
1886,113.19,923.23481947,150.67767467,1,0,0.0,5.0,21.0
1887,113.25,926.665344,150.88454524,1,0,0.0,5.0,21.0
1888,113.31,930.09232304,151.09141581,1,0,0.0,5.0,21.0
1889,113.37,933.51549001,151.29107986,1,0,0.0,5.0,21.0
1890,113.43,936.93425802,151.4887214,1,0,0.0,5.0,21.0
1891,113.49,940.34860609,151.68636294,1,0,0.0,5.0,21.0
1892,113.55,943.75853421,151.88400448,1,0,0.0,5.0,21.0
1893,113.61,947.16404238,152.08164602,1,0,0.0,5.0,21.0
1894,113.67,950.5651306,152.27928756,1,0,0.0,5.0,21.0
1895,113.73,954.59280568,173.2894291,1,0,0.62736858,0.0,0.0
1896,113.79,959.233804,173.48707064,1,0,0.0,0.0,0.0
1897,113.85,963.87038237,173.68471218,1,0,0.0,0.0,0.0
1898,113.91,968.50213883,173.87281892,1,0,0.0,0.0,0.0
1899,113.97,973.12854484,174.06018929,1,0,0.0,0.0,0.0
1900,114.03,977.74959801,174.24755965,1,0,0.0,0.0,0.0
1901,114.09,982.36529834,174.43493001,1,0,0.0,0.0,0.0
1902,114.15,986.97564582,174.62230037,1,0,0.0,0.0,0.0
1903,114.21,991.58064046,174.80967074,1,0,0.0,0.0,0.0
1904,114.27,996.18028225,174.9970411,1,0,0.0,0.0,0.0
1905,114.33,1000.7745712,175.18441146,1,0,0.0,0.0,0.0
1906,114.39,1005.36343206,175.36731138,1,0,0.0,0.0,0.0
1907,114.45,1009.94612109,175.54310584,1,0,0.0,0.0,0.0
1908,114.51,1014.52244821,175.71890031,1,0,0.0,0.0,0.0
1909,114.57,1019.0924134,175.89469477,1,0,0.0,0.0,0.0
1910,114.63,1023.65601668,176.07048923,1,0,0.0,0.0,0.0
1911,114.69,1028.21325803,176.24628369,1,0,0.0,0.0,0.0
1912,114.75,1032.76413747,176.42207815,1,0,0.0,0.0,0.0
1913,114.81,1037.30865498,176.59787262,1,0,0.0,0.0,0.0
1914,114.87,1041.84678804,176.77099886,1,0,0.0,0.0,0.0
1915,114.93,1046.37780435,176.93356729,1,0,0.0,0.0,0.0
1916,114.99,1050.90135096,177.09613571,1,0,0.0,0.0,0.0
1917,115.05,1055.41742788,177.25870414,1,0,0.0,0.0,0.0
1918,115.11,1059.9260351,177.42127256,1,0,0.0,0.0,0.0
1919,115.17,1064.42717263,177.58384098,1,0,0.0,0.0,0.0
1920,115.23,1068.92084046,177.74640941,1,0,0.0,0.0,0.0
1921,115.29,1073.4070386,177.90897783,1,0,0.0,0.0,0.0
1922,115.35,1077.88565781,178.06509642,1,0,0.0,0.0,0.0
1923,115.41,1082.3557789,178.21232341,1,0,0.0,0.0,0.0
1924,115.47,1086.81719427,178.3595504,1,0,0.0,0.0,0.0
1925,115.53,1091.26990394,178.5067774,1,0,0.0,0.0,0.0
1926,115.59,1095.71390788,178.65400439,1,0,0.0,0.0,0.0
1927,115.65,1100.14920611,178.80123138,1,0,0.0,0.0,0.0
1928,115.71,1104.57579863,178.94845838,1,0,0.0,0.0,0.0
1929,115.77,1108.99368032,179.09414071,1,0,0.0,0.0,0.0
1930,115.83,1113.40203938,179.22326749,1,0,0.0,0.0,0.0
1931,115.89,1117.80028835,179.35239427,1,0,0.0,0.0,0.0
1932,115.95,1122.18842725,179.48152106,1,0,0.0,0.0,0.0
1933,116.01,1126.56645607,179.61064784,1,0,0.0,0.0,0.0
1934,116.07,1130.93437481,179.73977462,1,0,0.0,0.0,0.0
1935,116.13,1135.29218347,179.86890141,1,0,0.0,0.0,0.0
1936,116.19,1139.63983626,179.99286547,1,0,0.0,0.0,0.0
1937,116.25,1143.97622401,180.10021734,1,0,0.0,0.0,0.0
1938,116.31,1148.30087265,180.20756921,1,0,0.0,0.0,0.0
1939,116.37,1152.61378218,180.31492108,1,0,0.0,0.0,0.0
1940,116.43,1156.91495259,180.42227296,1,0,0.0,0.0,0.0
1941,116.49,1161.2043839,180.52962483,1,0,0.0,0.0,0.0
1942,116.55,1165.48207609,180.6369767,1,0,0.0,0.0,0.0
1943,116.61,1169.7472212,180.71984414,1,0,0.0,0.0,0.0
1944,116.67,1173.99869852,180.80039691,1,0,0.0,0.0,0.0
1945,116.73,1178.23650082,180.88094968,1,0,0.0,0.0,0.0
1946,116.79,1182.46062811,180.96150245,1,0,0.0,0.0,0.0
1947,116.85,1186.67108038,181.04205523,1,0,0.0,0.0,0.0
1948,116.91,1190.86783098,181.11752402,1,0,0.0,0.0,0.0
1949,116.97,1195.04939476,181.16420572,1,0,0.0,0.0,0.0
1950,117.03,1199.21491703,181.21088742,1,0,0.0,0.0,0.0
1951,117.09,1203.36439777,181.25756912,1,0,0.0,0.0,0.0
1952,117.15,1207.49783699,181.30425082,1,0,0.0,0.0,0.0
1953,117.21,1211.6152347,181.35093252,1,0,0.0,0.0,0.0
1954,117.27,1215.7151566,181.35430947,1,0,0.0,0.0,0.0
1955,117.33,1219.79604037,181.35672523,1,0,0.0,0.0,0.0
1956,117.39,1223.8578853,181.359141,1,0,0.0,0.0,0.0
1957,117.45,1227.90069139,181.36155676,1,0,0.0,0.0,0.0
1958,117.51,1231.92409683,181.33821109,1,0,0.0,0.0,0.0
1959,117.57,1235.92514632,181.28029719,1,0,0.0,0.0,0.0
1960,117.63,1239.90318838,181.22238328,1,0,0.0,0.0,0.0
1961,117.69,1243.85822303,181.16446937,1,0,0.0,0.0,0.0
1962,117.75,1247.78949213,181.06118098,1,0,0.0,0.0,0.0
1963,117.81,1251.69281457,180.91623577,1,0,0.0,0.0,0.0
1964,117.87,1255.56755138,180.77129055,1,0,0.0,0.0,0.0
1965,117.93,1259.41336065,180.58780136,1,0,0.0,0.0,0.0
1966,117.99,1263.22424429,180.30669996,1,0,0.0,0.0,0.0
1967,118.05,1266.99800953,180.02559857,1,0,0.0,0.0,0.0
1968,118.11,1270.73068343,179.56759342,1,0,0.0,0.0,0.0
1969,118.17,1274.41187335,179.04417271,1,0,0.0,0.0,0.0
1970,118.23,1278.06102024,179.18987634,1,0,0.0,0.0,0.0
1971,118.29,1281.70977024,179.42987634,1,0,0.0,0.0,0.0
1972,118.35,1285.35852024,179.66987634,1,0,0.0,0.0,0.0
1973,118.41,1289.00727024,179.90987634,1,0,0.0,0.0,0.0
1974,118.47,1292.65602024,180.14987634,1,0,0.0,0.0,0.0
1975,118.53,1296.30477024,180.38987634,1,0,0.0,0.0,0.0
1976,118.59,1299.95352024,180.62987634,1,0,0.0,0.0,0.0
1977,118.65,1303.60227024,180.86987634,1,0,0.0,0.0,0.0
1978,118.71,1307.25102024,181.10987634,1,0,0.0,0.0,0.0
1979,118.77,1310.89977024,181.34987634,1,0,0.0,0.0,0.0
1980,118.83,1314.54852024,181.58987634,1,0,0.0,0.0,0.0
1981,118.89,1318.19727024,181.82987634,1,0,0.0,0.0,0.0
1982,118.95,1321.84602024,182.06987634,1,0,0.0,0.0,0.0
1983,119.01,1325.49477024,182.30987634,1,0,0.0,0.0,0.0
1984,119.07,1329.14352024,182.54987634,1,0,0.0,0.0,0.0
1985,119.13,1332.79227024,182.78987634,1,0,0.0,0.0,0.0
1986,119.19,1336.44102024,183.02987634,1,0,0.0,0.0,0.0
1987,119.25,1340.08977024,183.26987634,1,0,0.0,0.0,0.0
1988,119.31,1343.73852024,183.50987634,1,0,0.0,0.0,0.0
1989,119.37,1347.38727024,183.74987634,1,0,0.0,0.0,0.0
1990,119.43,1351.03602024,183.98987634,1,0,0.0,0.0,0.0
1991,119.49,1354.68477024,184.22987634,1,0,0.0,0.0,0.0
1992,119.55,1358.33352024,184.46987634,1,0,0.0,0.0,0.0
1993,119.61,1361.98227024,184.70987634,1,0,0.0,0.0,0.0
1994,119.67,1365.63102024,184.94987634,1,0,0.0,0.0,0.0
1995,119.73,1369.27977024,185.18987634,1,0,0.0,0.0,0.0
1996,119.79,1372.92852024,185.42987634,1,0,0.0,0.0,0.0
1997,119.85,1376.57727024,185.66987634,1,0,0.0,0.0,0.0
1998,119.91,1380.22602024,185.90987634,1,0,0.0,0.0,0.0
1999,119.97,1383.87477024,186.14987634,1,0,0.0,0.0,0.0
2000,120.03,1387.52352024,186.38987634,1,0,0.0,0.0,0.0
2001,120.09,1391.17227024,186.62987634,1,0,0.0,0.0,0.0
2002,120.15,1394.82102024,186.86987634,1,0,0.0,0.0,0.0
2003,120.21,1398.46977024,187.10987634,1,0,0.0,0.0,0.0
2004,120.27,1402.11852024,187.34987634,1,0,0.0,0.0,0.0
2005,120.33,1405.76727024,187.58987634,1,0,0.0,0.0,0.0
2006,120.39,1409.41602024,187.82987634,1,0,0.0,0.0,0.0
2007,120.45,1413.06477024,188.06987634,1,0,0.0,0.0,0.0
2008,120.51,1416.71352024,188.30987634,1,0,0.0,0.0,0.0
2009,120.57,1420.36227024,188.54987634,1,0,0.0,0.0,0.0
2010,120.63,1424.01102024,188.78987634,1,0,0.0,0.0,0.0
2011,120.69,1427.65977024,189.02987634,1,0,0.0,0.0,0.0
2012,120.75,1431.30852024,189.26987634,1,0,0.0,0.0,0.0
2013,120.81,1434.95727024,189.50987634,1,0,0.0,0.0,0.0
2014,120.87,1438.60602024,189.74987634,1,0,0.0,0.0,0.0
2015,120.93,1442.25477024,189.98987634,1,0,0.0,0.0,0.0
2016,120.99,1445.90352024,190.22987634,1,0,0.0,0.0,0.0
2017,121.05,1449.55227024,190.46987634,1,0,0.0,0.0,0.0
2018,121.11,1453.20102024,190.70987634,1,0,0.0,0.0,0.0
2019,121.17,1456.84977024,190.94987634,1,0,0.0,0.0,0.0
2020,121.23,1460.49852024,191.18987634,1,0,0.0,0.0,0.0
2021,121.29,1464.14727024,191.42987634,1,0,0.0,0.0,0.0
2022,121.35,1467.79602024,191.66987634,1,0,0.0,0.0,0.0
2023,121.41,1471.44477024,191.90987634,1,0,0.0,0.0,0.0
2024,121.47,1475.09352024,192.14987634,1,0,0.0,0.0,0.0
2025,121.53,1478.74227024,192.38987634,1,0,0.0,0.0,0.0
2026,121.59,1482.39102024,192.62987634,1,0,0.0,0.0,0.0
2027,121.65,1486.03977024,192.86987634,1,0,0.0,0.0,0.0
2028,121.71,1489.68852024,193.10987634,1,0,0.0,0.0,0.0
2029,121.77,1493.33727024,193.34987634,1,0,0.0,0.0,0.0
2030,121.83,1496.98602024,193.58987634,1,0,0.0,0.0,0.0
2031,121.89,1500.63477024,193.82987634,1,0,0.0,0.0,0.0
2032,121.95,1504.28352024,194.06987634,1,0,0.0,0.0,0.0
2033,122.01,1507.93227024,194.30987634,1,0,0.0,0.0,0.0
2034,122.07,1511.58102024,194.54987634,1,0,0.0,0.0,0.0
2035,122.13,1515.22977024,194.78987634,1,0,0.0,0.0,0.0
2036,122.19,1518.87852024,195.02987634,1,0,0.0,0.0,0.0
2037,122.25,1522.52727024,195.26987634,1,0,0.0,0.0,0.0
2038,122.31,1526.17602024,195.50987634,1,0,0.0,0.0,0.0
2039,122.37,1529.82477024,195.74987634,1,0,0.0,0.0,0.0
2040,122.43,1533.47352024,195.98987634,1,0,0.0,0.0,0.0
2041,122.49,1537.12227024,196.22987634,1,0,0.0,0.0,0.0
2042,122.55,1540.77102024,196.46987634,1,0,0.0,0.0,0.0
2043,122.61,1544.41977024,196.70987634,1,0,0.0,0.0,0.0
2044,122.67,1548.06852024,196.94987634,1,0,0.0,0.0,0.0
2045,122.73,1551.71727024,197.18987634,1,0,0.0,0.0,0.0
2046,122.79,1555.36602024,197.42987634,1,0,0.0,0.0,0.0
2047,122.85,1559.01477024,197.66987634,1,0,0.0,0.0,0.0
2048,122.91,1562.66352024,197.90987634,1,0,0.0,0.0,0.0
2049,122.97,1566.31227024,198.14987634,1,0,0.0,0.0,0.0
2050,123.03,1569.96102024,198.38987634,1,0,0.0,0.0,0.0
2051,123.09,1573.60977024,198.62987634,1,0,0.0,0.0,0.0
2052,123.15,1577.25852024,198.86987634,1,0,0.0,0.0,0.0
2053,123.21,1580.90727024,199.10987634,1,0,0.0,0.0,0.0
2054,123.27,1584.55602024,199.34987634,1,0,0.0,0.0,0.0
2055,123.33,1588.20477024,199.58987634,1,0,0.0,0.0,0.0
2056,123.39,1591.85352024,199.82987634,1,0,0.0,0.0,0.0
2057,123.45,1595.50227024,200.06987634,1,0,0.0,0.0,0.0
2058,123.51,1599.15102024,200.30987634,1,0,0.0,0.0,0.0
2059,123.57,1602.79977024,200.54987634,1,0,0.0,0.0,0.0
2060,123.63,1606.44852024,200.78987634,1,0,0.0,0.0,0.0
2061,123.69,1610.09727024,201.02987634,1,0,0.0,0.0,0.0
2062,123.75,1613.74602024,201.26987634,1,0,0.0,0.0,0.0
2063,123.81,1617.39477024,201.50987634,1,0,0.0,0.0,0.0
2064,123.87,1621.04352024,201.74987634,1,0,0.0,0.0,0.0
2065,123.93,1624.69227024,201.98987634,1,0,0.0,0.0,0.0
2066,123.99,1628.34102024,202.22987634,1,0,0.0,0.0,0.0
2067,124.05,1631.98977024,202.46987634,1,0,0.0,0.0,0.0
2068,124.11,1635.63852024,202.70987634,1,0,0.0,0.0,0.0
2069,124.17,1639.28727024,202.94987634,1,0,0.0,0.0,0.0
2070,124.23,1642.93602024,203.18987634,1,0,0.0,0.0,0.0
2071,124.29,1646.58477024,203.42987634,1,0,0.0,0.0,0.0
2072,124.35,1650.23352024,203.66987634,1,0,0.0,0.0,0.0
2073,124.41,1653.88227024,203.90987634,1,0,0.0,0.0,0.0
2074,124.47,1657.53102024,204.14987634,1,0,0.0,0.0,0.0
2075,124.53,1661.17977024,204.38987634,1,0,0.0,0.0,0.0
2076,124.59,1664.82852024,204.62987634,1,0,0.0,0.0,0.0
2077,124.65,1668.47727024,204.86987634,1,0,0.0,0.0,0.0
2078,124.71,1672.12602024,205.10987634,1,0,0.0,0.0,0.0
2079,124.77,1675.77477024,205.34987634,1,0,0.0,0.0,0.0
2080,124.83,1679.42352024,205.58987634,1,0,0.0,0.0,0.0
2081,124.89,1683.07227024,205.82987634,1,0,0.0,0.0,0.0
2082,124.95,1686.72102024,206.06987634,1,0,0.0,0.0,0.0
2083,125.01,1690.36977024,206.30987634,1,0,0.0,0.0,0.0
2084,125.07,1694.01852024,206.54987634,1,0,0.0,0.0,0.0
2085,125.13,1697.66727024,206.78987634,1,0,0.0,0.0,0.0
2086,125.19,1701.31602024,207.02987634,1,0,0.0,0.0,0.0
2087,125.25,1704.96477024,207.26987634,1,0,0.0,0.0,0.0
2088,125.31,1708.61352024,207.50987634,1,0,0.0,0.0,0.0
2089,125.37,1712.26227024,207.74987634,1,0,0.0,0.0,0.0
2090,125.43,1715.90915575,209.05244045,1,0,0.0,0.0,0.0
2091,125.49,1719.36126117,213.03834742,1,0,0.0,0.0,0.0
2092,125.55,1722.66963189,215.17602012,1,0,0.0,0.0,0.0
2093,125.61,1725.88516573,216.92837539,1,0,0.0,0.0,0.0
2094,125.67,1729.02797893,218.44914971,1,0,0.0,0.0,0.0
2095,125.73,1732.11037632,219.81888263,1,0,0.0,0.0,0.0
2096,125.79,1735.14087705,221.08369373,1,0,0.0,0.0,0.0
2097,125.85,1733.79737608,255.61180102,1,0,0.0,7.75,33.0
2098,125.91,1729.13173329,257.66872464,1,0,0.0,22.0,35.0
2099,125.97,1727.88559803,259.25784981,1,0,0.0,22.0,35.0
2100,126.03,1727.66697348,260.66723811,1,0,0.0,22.0,35.0
2101,126.09,1728.04637885,261.95929502,1,0,0.0,29.0,36.0
2102,126.15,1728.92662328,256.48589532,1,0,0.0,29.0,36.0
2103,126.21,1730.34711491,257.4609024,1,0,0.0,29.0,36.0
2104,126.27,1731.96232015,258.24042614,1,0,0.0,29.0,36.0
2105,126.33,1733.74486676,258.95402896,1,0,0.0,29.0,36.0
2106,126.39,1735.66922512,259.61894588,1,0,0.0,29.0,36.0
2107,126.45,1737.14741952,260.34683291,1,0,0.0,29.0,36.0
2108,126.51,1737.78363919,261.20261186,1,0,0.0,29.25,37.0
2109,126.57,1738.53160372,262.03799058,1,0,0.0,29.25,37.0
2110,126.63,1739.38447971,262.86378439,1,0,0.0,29.25,37.0
2111,126.69,1740.33745428,263.67041418,1,0,0.0,29.25,37.0
2112,126.75,1741.38540806,264.47156782,1,0,0.0,29.25,37.0
2113,126.81,1742.52999694,265.26177564,1,0,0.0,29.25,37.0
2114,126.87,1743.89026314,262.04830499,1,0,0.0,29.25,37.0
2115,126.93,1745.47292231,262.83205927,1,0,0.0,29.25,37.0
2116,126.99,1747.15489774,263.61780677,1,0,0.0,29.25,37.0
2117,127.05,1748.93982659,264.40682086,1,0,0.0,29.25,37.0
2118,127.11,1750.82987321,265.19874294,1,0,0.0,29.25,37.0
2119,127.17,1752.83298597,265.99572422,1,0,0.0,29.25,37.0
2120,127.23,1754.96037504,266.79750509,1,0,0.0,29.25,37.0
2121,127.29,1757.21930019,267.60537069,1,0,0.0,29.25,37.0
2122,127.35,1759.62937603,268.4221267,1,0,0.0,29.25,37.0
2123,127.41,1762.20372601,269.24831496,1,0,0.0,29.25,37.0
2124,127.47,1764.97253219,270.08493538,1,0,0.0,29.25,37.0
2125,127.53,1767.97617639,270.93280077,1,0,0.0,29.25,37.0
2126,127.59,1771.2829495,271.87363909,1,0,0.06368934,22.25,36.0
2127,127.65,1774.94357229,272.90240528,1,0,0.40988034,22.25,36.0
2128,127.71,1779.11473528,274.02037113,1,0,0.91534644,22.25,36.0
2129,127.77,1784.18080209,275.29367873,1,0,1.80178657,15.0,35.0
2130,127.83,1791.97535529,277.05919651,1,0,4.51632595,7.75,33.0
2131,127.89,1797.64322394,250.84521445,1,0,2.35938852,0.5,3.0
2132,127.95,1799.3109777,251.57627729,1,0,0.0,0.5,3.0
2133,128.01,1800.98318325,252.30752434,1,0,0.0,0.5,3.0
2134,128.07,1802.66000906,253.04067819,1,0,0.0,0.5,3.0
2135,128.13,1804.34169968,253.77404714,1,0,0.0,0.5,3.0
2136,128.19,1806.02846415,254.51038266,1,0,0.0,0.5,3.0
2137,128.25,1807.72092084,255.24971903,1,0,0.0,0.5,3.0
2138,128.31,1809.41927113,255.9890554,1,0,0.0,0.5,3.0
2139,128.37,1811.12356895,256.73060779,1,0,0.0,0.5,3.0
2140,128.43,1812.83453295,257.47668106,1,0,0.0,0.5,3.0
2141,128.49,1814.55241179,258.22376699,1,0,0.0,0.5,3.0
2142,128.55,1816.27751788,258.97424405,1,0,0.0,0.5,3.0
2143,128.61,1818.0104133,259.72943297,1,0,0.0,0.5,3.0
2144,128.67,1819.75154658,260.48646537,1,0,0.0,0.5,3.0
2145,128.73,1821.5011487,261.24888048,1,0,0.0,0.5,3.0
2146,128.79,1823.26007152,262.0159135,1,0,0.0,0.5,3.0
2147,128.85,1825.02862084,262.7869129,1,0,0.0,0.5,3.0
2148,128.91,1826.80738131,263.56580159,1,0,0.0,0.5,3.0
2149,128.97,1828.59719603,264.35031733,1,0,0.0,0.5,3.0
2150,129.03,1830.39852184,265.14403977,1,0,0.0,0.5,3.0
2151,129.09,1832.21239913,265.94435322,1,0,0.0,0.5,3.0
2152,129.15,1834.03961619,266.75960109,1,0,0.0,0.5,3.0
2153,129.21,1835.88124682,267.58487253,1,0,0.0,0.5,3.0
2154,129.27,1837.73856287,268.42948977,1,0,0.0,0.5,3.0
2155,129.33,1839.6129461,269.29323914,1,0,0.0,0.5,3.0
2156,129.39,1841.50629624,270.1817349,1,0,0.0,0.5,3.0
2157,129.45,1843.42090781,271.10902329,1,0,0.0,0.5,3.0
2158,129.51,1845.3599838,272.09546925,1,0,0.0,0.5,3.0
2159,129.57,1847.32850594,273.17391302,1,0,0.0,0.5,3.0
2160,129.63,1849.33555989,274.46959424,1,0,0.0,0.5,3.0
2161,129.69,1851.4128431,276.27468838,1,0,0.03371354,0.0,0.0
2162,129.75,1853.52401375,276.75469866,1,0,0.0,0.0,0.0
2163,129.81,1855.63518571,277.23470894,1,0,0.0,0.0,0.0
2164,129.87,1857.74635899,277.71471922,1,0,0.0,0.0,0.0
2165,129.93,1859.85753358,278.1947295,1,0,0.0,0.0,0.0
2166,129.99,1861.96870949,278.67473978,1,0,0.0,0.0,0.0
2167,130.05,1864.07988671,279.15475006,1,0,0.0,0.0,0.0
2168,130.11,1866.19106525,279.63476034,1,0,0.0,0.0,0.0
2169,130.17,1868.3022451,280.11477062,1,0,0.0,0.0,0.0
2170,130.23,1870.41342627,280.5947809,1,0,0.0,0.0,0.0
2171,130.29,1872.52460875,281.07479118,1,0,0.0,0.0,0.0
2172,130.35,1874.63579254,281.55480146,1,0,0.0,0.0,0.0
2173,130.41,1876.74697765,282.03481174,1,0,0.0,0.0,0.0
2174,130.47,1878.85816407,282.51482202,1,0,0.0,0.0,0.0
2175,130.53,1880.96935181,282.99483229,1,0,0.0,0.0,0.0
2176,130.59,1883.08054086,283.47484257,1,0,0.0,0.0,0.0
2177,130.65,1885.19173123,283.95485285,1,0,0.0,0.0,0.0
2178,130.71,1887.30292291,284.43486313,1,0,0.0,0.0,0.0
2179,130.77,1889.4141159,284.91487341,1,0,0.0,0.0,0.0
2180,130.83,1891.52531021,285.39488369,1,0,0.0,0.0,0.0
2181,130.89,1893.63650583,285.87489397,1,0,0.0,0.0,0.0
2182,130.95,1895.74770277,286.35490425,1,0,0.0,0.0,0.0
2183,131.01,1897.85890102,286.83491453,1,0,0.0,0.0,0.0
2184,131.07,1899.97010059,287.31492481,1,0,0.0,0.0,0.0
2185,131.13,1902.08130147,287.79493509,1,0,0.0,0.0,0.0
2186,131.19,1904.19250367,288.27494537,1,0,0.0,0.0,0.0
2187,131.25,1906.30370717,288.75495565,1,0,0.0,0.0,0.0
2188,131.31,1908.414912,289.23496593,1,0,0.0,0.0,0.0
2189,131.37,1910.52611814,289.71497621,1,0,0.0,0.0,0.0
2190,131.43,1912.63732559,290.19498648,1,0,0.0,0.0,0.0
2191,131.49,1914.74853436,290.67499676,1,0,0.0,0.0,0.0
2192,131.55,1916.85974444,291.15500704,1,0,0.0,0.0,0.0
2193,131.61,1918.97095583,291.63501732,1,0,0.0,0.0,0.0
2194,131.67,1921.08216854,292.1150276,1,0,0.0,0.0,0.0
2195,131.73,1923.19338257,292.59503788,1,0,0.0,0.0,0.0
2196,131.79,1925.30459791,293.07504816,1,0,0.0,0.0,0.0
2197,131.85,1927.41581456,293.55505844,1,0,0.0,0.0,0.0
2198,131.91,1929.52703253,294.03506872,1,0,0.0,0.0,0.0
2199,131.97,1931.63825181,294.515079,1,0,0.0,0.0,0.0
2200,132.03,1933.74947241,294.99508928,1,0,0.0,0.0,0.0
2201,132.09,1935.86069432,295.47509956,1,0,0.0,0.0,0.0
2202,132.15,1937.97191754,295.95510984,1,0,0.0,0.0,0.0
2203,132.21,1940.08314208,296.43512012,1,0,0.0,0.0,0.0
2204,132.27,1940.02850119,296.69854372,1,0,0.0,0.0,0.0
2205,132.33,1939.73972836,296.938554,1,0,0.0,0.0,0.0
2206,132.39,1939.45095684,297.17856428,1,0,0.0,0.0,0.0
2207,132.45,1939.16218664,297.41857456,1,0,0.0,0.0,0.0
2208,132.51,1938.87341775,297.65858484,1,0,0.0,0.0,0.0
2209,132.57,1938.58465017,297.89859512,1,0,0.0,0.0,0.0
2210,132.63,1938.29588391,298.1386054,1,0,0.0,0.0,0.0
2211,132.69,1938.00711897,298.37861568,1,0,0.0,0.0,0.0
2212,132.75,1937.71835534,298.61862596,1,0,0.0,0.0,0.0
2213,132.81,1937.42959302,298.85863623,1,0,0.0,0.0,0.0
2214,132.87,1937.14083202,299.09864651,1,0,0.0,0.0,0.0
2215,132.93,1936.85207233,299.33865679,1,0,0.0,0.0,0.0
2216,132.99,1936.56331396,299.57866707,1,0,0.0,0.0,0.0
2217,133.05,1936.2745569,299.81867735,1,0,0.0,0.0,0.0
2218,133.11,1935.98580115,300.05868763,1,0,0.0,0.0,0.0
2219,133.17,1935.69704672,300.29869791,1,0,0.0,0.0,0.0
2220,133.23,1935.40829361,300.53870819,1,0,0.0,0.0,0.0
2221,133.29,1935.1195418,300.77871847,1,0,0.0,0.0,0.0
2222,133.35,1934.83079132,301.01872875,1,0,0.0,0.0,0.0
2223,133.41,1934.54204214,301.25873903,1,0,0.0,0.0,0.0
2224,133.47,1934.25329429,301.49874931,1,0,0.0,0.0,0.0
2225,133.53,1933.96454774,301.73875959,1,0,0.0,0.0,0.0
2226,133.59,1933.67580251,301.97876987,1,0,0.0,0.0,0.0
2227,133.65,1933.3870586,302.21878015,1,0,0.0,0.0,0.0
2228,133.71,1933.09831599,302.45879043,1,0,0.0,0.5,3.0
2229,133.77,1932.80957471,302.6988007,1,0,0.0,0.75,4.0
2230,133.83,1932.52083474,302.93881098,1,0,0.0,1.0,5.0
2231,133.89,1932.23209608,303.17882126,1,0,0.0,1.0,5.0
2232,133.95,1931.94335873,303.41883154,1,0,0.0,1.0,5.0
2233,134.01,1931.6546227,303.65884182,1,0,0.0,1.0,5.0
2234,134.07,1931.36588799,303.8988521,1,0,0.0,1.0,5.0
2235,134.13,1931.07715459,304.13886238,1,0,0.0,1.0,5.0
2236,134.19,1930.7884225,304.37887266,1,0,0.0,1.5,6.0
2237,134.25,1905.1357657,356.99546493,3,0,0.0,1.5,6.0
2238,134.31,1875.47769011,353.03985434,3,0,0.0,45.0,70.0
2239,134.37,1856.81569239,350.65511182,3,0,0.0,59.5,72.0
2240,134.43,1841.80564815,348.79207676,3,0,0.0,88.5,76.0
2241,134.49,1829.75606114,347.35196396,3,0,0.0,88.5,76.0
2242,134.55,1818.57482381,346.03590094,3,0,0.0,103.0,78.0
2243,134.61,1808.47155174,344.87383276,3,0,0.0,117.5,80.0
2244,134.67,1799.62183,343.89084302,3,0,0.0,117.75,81.0
2245,134.73,1790.77210956,342.90785327,3,0,0.0,117.75,81.0
2246,134.79,1782.82863103,342.06020321,3,0,0.0,146.75,84.0
2247,134.85,1775.52298856,341.30346579,3,0,0.0,146.75,84.0
2248,134.91,1768.29168216,338.83157311,3,0,0.0,146.75,84.0
2249,134.97,1761.52955395,336.50765824,3,0,0.0,147.5,84.0
2250,135.03,1755.67459341,334.88068818,3,0,0.0,176.0,86.0
2251,135.09,1749.93276857,333.47055132,3,0,0.0,176.25,85.0
2252,135.15,1744.2594844,332.18430263,3,0,0.0,176.25,85.0
2253,135.21,1738.87493143,331.01948144,3,0,0.0,176.5,84.0
2254,135.27,1734.06051897,330.00736286,3,0,0.0,176.75,85.0
2255,135.33,1729.30787949,329.04349922,3,0,0.0,204.5,87.0
2256,135.39,1724.58943276,328.12088115,3,0,0.0,204.5,87.0
2257,135.45,1719.96437046,325.98420394,3,0,0.0,204.5,87.0
2258,135.51,1715.92067033,324.26051411,3,0,0.0,205.0,88.0
2259,135.57,1712.05687512,322.87476139,3,0,0.0,205.0,88.0
2260,135.63,1708.25092114,321.63572671,3,0,0.0,205.0,88.0
2261,135.69,1704.48982508,320.49149899,3,0,0.0,219.75,90.0
2262,135.75,1700.80276745,319.41525254,3,0,0.0,232.0,90.0
2263,135.81,1697.53509603,318.47657208,3,0,0.0,232.0,90.0
2264,135.87,1694.33694391,317.58941533,3,0,0.0,232.0,90.0
2265,135.93,1691.16163687,316.7389009,3,0,0.0,232.0,90.0
2266,135.99,1688.00241033,315.92159695,3,0,0.0,232.0,90.0
2267,136.05,1684.8758649,315.14215446,3,0,0.0,232.0,90.0
2268,136.11,1681.98984185,314.4353727,3,0,0.0,232.0,90.0
2269,136.17,1679.25217234,313.77892905,3,0,0.0,232.0,90.0
2270,136.23,1676.52890883,313.14846608,3,0,0.0,232.0,90.0
2271,136.29,1673.8064486,312.54435378,3,0,0.0,232.0,90.0
2272,136.35,1671.08564433,311.96068717,3,0,0.0,232.0,90.0
2273,136.41,1668.38557467,311.39751119,3,0,0.0,232.0,90.0
2274,136.47,1665.94402697,310.91544346,3,0,0.0,232.0,90.0
2275,136.53,1663.54846084,310.45922428,3,0,0.0,232.0,90.0
2276,136.59,1661.14711595,310.02403042,3,0,0.0,232.0,90.0
2277,136.65,1658.72854171,309.61187953,3,0,0.0,232.0,90.0
2278,136.71,1656.29270672,309.22371451,3,0,0.0,232.0,90.0
2279,136.77,1653.8499814,308.86128006,3,0,0.0,232.0,90.0
2280,136.83,1651.5778771,308.57621242,3,0,0.0,232.0,90.0
2281,136.89,1649.33142709,308.35172588,3,0,0.0,232.0,90.0
2282,136.95,1647.08599618,308.13531202,3,0,0.0,232.0,90.0
2283,137.01,1644.83479953,307.92496732,3,0,0.0,232.0,90.0
2284,137.07,1642.57710971,307.72087653,3,0,0.0,232.0,90.0
2285,137.13,1640.31961642,307.52321011,3,0,0.0,232.0,90.0
2286,137.19,1638.14311325,307.34649798,3,0,0.0,232.0,90.0
2287,137.25,1636.15139812,307.21227678,3,0,0.0,232.0,90.0
2288,137.31,1634.16143388,307.08492338,3,0,0.0,232.0,90.0
2289,137.37,1632.16164112,306.96459295,3,0,0.0,232.0,90.0
2290,137.43,1630.14531558,306.85146325,3,0,0.0,232.0,90.0
2291,137.49,1628.11455722,306.74698132,3,0,0.0,232.0,90.0
2292,137.55,1626.07472642,306.65078122,3,0,0.0,232.0,90.0
2293,137.61,1624.14488307,306.58791202,3,0,0.0,232.0,90.0
2294,137.67,1622.3214297,306.56073131,3,0,0.0,232.0,90.0
2295,137.73,1620.45319362,306.55485907,3,0,0.0,232.0,90.0
2296,137.79,1618.54877341,306.56370702,3,0,0.0,232.0,90.0
2297,137.85,1616.64816268,306.57255498,3,0,0.0,232.0,90.0
2298,137.91,1614.75136142,306.58140293,3,0,0.0,232.0,90.0
2299,137.97,1612.85836965,306.59025088,3,0,0.0,232.0,90.0
2300,138.03,1611.09094849,306.61765238,3,0,0.0,232.0,90.0
2301,138.09,1609.48345946,306.66925976,3,0,0.0,232.0,90.0
2302,138.15,1607.87597047,306.72086715,3,0,0.0,232.0,90.0
2303,138.21,1606.26848152,306.77247453,3,0,0.0,232.0,90.0
2304,138.27,1604.66099263,306.82408192,3,0,0.0,232.0,90.0
2305,138.33,1603.05350377,306.8756893,3,0,0.0,232.0,90.0
2306,138.39,1601.44601496,306.92729669,3,0,0.0,232.0,90.0
2307,138.45,1599.87697318,306.9843965,3,0,0.0,232.0,90.0
2308,138.51,1598.55180061,307.07633476,3,0,0.0,232.0,90.0
2309,138.57,1597.22662808,307.16827303,3,0,0.0,232.0,90.0
2310,138.63,1595.9014556,307.26021129,3,0,0.0,232.0,90.0
2311,138.69,1594.57628316,307.35214955,3,0,0.0,232.0,90.0
2312,138.75,1593.25111077,307.44408781,3,0,0.0,232.0,90.0
2313,138.81,1591.92593843,307.53602608,3,0,0.0,232.0,90.0
2314,138.87,1590.60076612,307.62796434,3,0,0.0,232.0,90.0
2315,138.93,1589.44940933,307.74473338,3,0,0.0,232.0,90.0
2316,138.99,1588.39376874,307.87517616,3,0,0.0,232.0,90.0
2317,139.05,1587.3381282,308.00561895,3,0,0.0,232.0,90.0
2318,139.11,1586.28248771,308.13606173,3,0,0.0,232.0,90.0
2319,139.17,1585.2965059,303.39610642,4,0,0.0,232.0,90.0
2320,139.23,1584.5296155,303.2865492,4,0,0.0,232.0,90.0
2321,139.29,1583.76272514,303.17699198,4,0,0.0,232.0,90.0
2322,139.35,1582.99628061,303.06749844,4,0,0.0,232.0,90.0
2323,139.41,1582.48983314,302.99514734,4,0,0.0,232.0,90.0
2324,139.47,1581.98338571,302.92279623,4,0,0.0,232.0,90.0
2325,139.53,1581.47693833,302.85044513,4,0,0.0,232.0,90.0
2326,139.59,1580.97049099,302.77809402,4,0,0.0,232.0,90.0
2327,139.65,1580.4640437,302.70574292,4,0,0.0,232.0,90.0
2328,139.71,1579.95759646,302.63339181,4,0,0.0,232.0,90.0
2329,139.77,1579.45114926,302.56104071,4,0,0.0,232.0,90.0
2330,139.83,1579.00824871,302.49776769,4,0,0.0,232.0,90.0
2331,139.89,1578.75649608,302.46180151,4,0,0.0,232.0,90.0
2332,139.95,1578.5047435,302.42583533,4,0,0.0,232.0,90.0
2333,140.01,1578.25299096,302.38986915,4,0,0.0,232.0,90.0
2334,140.07,1578.00123847,302.35390298,4,0,0.0,232.0,90.0
2335,140.13,1577.74948603,302.3179368,4,0,0.0,232.0,90.0
2336,140.19,1577.49773363,302.28197062,4,0,0.0,232.0,90.0
2337,140.25,1577.24598127,302.24600444,4,0,0.0,232.0,90.0
2338,140.31,1577.10294675,302.22556937,4,0,0.0,232.0,90.0
2339,140.37,1577.10295271,302.22556866,4,0,0.0,232.0,90.0
2340,140.43,1577.10295872,302.22556794,4,0,0.0,232.0,90.0
2341,140.49,1577.10296478,302.22556722,4,0,0.0,232.0,90.0
2342,140.55,1576.6115613,302.10271411,4,0,0.0,232.0,90.0
2343,140.61,1575.65156745,301.86271339,4,0,0.0,232.0,90.0
2344,140.67,1574.69157364,301.62271268,4,0,0.0,232.0,90.0
2345,140.73,1573.73157988,301.38271196,4,0,0.0,232.0,90.0
2346,140.79,1572.92068261,301.16401074,4,0,0.0,232.0,90.0
2347,140.85,1572.21249185,300.95998186,4,0,0.0,232.0,90.0
2348,140.91,1571.50430114,300.75595299,4,0,0.0,232.0,90.0
2349,140.97,1570.79611047,300.55192412,4,0,0.0,232.0,90.0
2350,141.03,1570.08791985,300.34789525,4,0,0.0,232.0,90.0
2351,141.09,1569.37972927,300.14386638,4,0,0.0,232.0,90.0
2352,141.15,1568.67153874,299.93983751,4,0,0.0,232.0,90.0
2353,141.21,1567.96334826,299.73580863,4,0,0.0,232.0,90.0
2354,141.27,1567.45231671,299.55994532,4,0,0.0,232.0,90.0
2355,141.33,1566.99874302,299.39229026,4,0,0.0,232.0,90.0
2356,141.39,1566.54516937,299.2246352,4,0,0.0,232.0,90.0
2357,141.45,1566.09159576,299.05698015,4,0,0.0,232.0,90.0
2358,141.51,1565.6380222,298.88932509,4,0,0.0,232.0,90.0
2359,141.57,1565.18444869,298.72167003,4,0,0.0,232.0,90.0
2360,141.63,1564.73087522,298.55401497,4,0,0.0,232.0,90.0
2361,141.69,1564.28308826,298.38718656,4,0,0.0,232.0,90.0
2362,141.75,1564.08998315,298.25674125,4,0,0.0,232.0,90.0
2363,141.81,1563.89687809,298.12629595,4,0,0.0,232.0,90.0
2364,141.87,1563.70377307,297.99585064,4,0,0.0,232.0,90.0
2365,141.93,1563.51066809,297.86540534,4,0,0.0,232.0,90.0
2366,141.99,1563.31756316,297.73496003,4,0,0.0,232.0,90.0
2367,142.05,1563.12445828,297.60451473,4,0,0.0,232.0,90.0
2368,142.11,1562.93135344,297.47406942,4,0,0.0,232.0,90.0
2369,142.17,1562.84043349,297.35822196,4,0,0.0,232.0,90.0
2370,142.23,1562.91689588,297.26628624,4,0,0.0,232.0,90.0
2371,142.29,1562.99335832,297.17435053,4,0,0.0,232.0,90.0
2372,142.35,1563.0698208,297.08241482,4,0,0.0,232.0,90.0
2373,142.41,1563.14628333,296.9904791,4,0,0.0,232.0,90.0
2374,142.47,1563.2227459,296.89854339,4,0,0.0,232.0,90.0
2375,142.53,1563.29920851,296.80660768,4,0,0.0,232.0,90.0
2376,142.59,1563.37567118,296.71467196,4,0,0.0,232.0,90.0
2377,142.65,1563.70263361,296.65852193,4,0,0.0,232.0,90.0
2378,142.71,1564.0612937,296.60690012,4,0,0.0,232.0,90.0
2379,142.77,1564.41995383,296.55527831,4,0,0.0,232.0,90.0
2380,142.83,1564.77861402,296.5036565,4,0,0.0,232.0,90.0
2381,142.89,1565.13727424,296.4520347,4,0,0.0,232.0,90.0
2382,142.95,1565.49593451,296.40041289,4,0,0.0,232.0,90.0
2383,143.01,1565.85459483,296.34879108,4,0,0.0,232.0,90.0
2384,143.07,1566.38991398,296.32240624,4,0,0.0,232.0,90.0
2385,143.13,1567.04804197,296.31356552,4,0,0.0,232.0,90.0
2386,143.19,1567.70617001,296.3047248,4,0,0.0,232.0,90.0
2387,143.25,1568.36429809,296.29588407,4,0,0.0,232.0,90.0
2388,143.31,1569.02242622,296.28704335,4,0,0.0,232.0,90.0
2389,143.37,1569.68055439,296.27820262,4,0,0.0,232.0,90.0
2390,143.43,1570.33868261,296.2693619,4,0,0.0,232.0,90.0
2391,143.49,1571.16626365,296.28472872,4,0,0.0,232.0,90.0
2392,143.55,1572.14615574,296.32185425,4,0,0.0,232.0,90.0
2393,143.61,1573.12604786,296.35897978,4,0,0.0,232.0,90.0
2394,143.67,1574.10594003,296.39610531,4,0,0.0,232.0,90.0
2395,143.73,1575.08583225,296.43323083,4,0,0.0,232.0,90.0
2396,143.79,1576.06572451,296.47035636,4,0,0.0,232.0,90.0
2397,143.85,1577.04561682,296.50748189,4,0,0.0,232.0,90.0
2398,143.91,1578.28421131,296.58156487,4,0,0.0,232.0,90.0
2399,143.97,1579.61503102,296.66882287,4,0,0.0,232.0,90.0
2400,144.03,1580.94585077,296.75608088,4,0,0.0,232.0,90.0
2401,144.09,1582.27667057,296.84333888,4,0,0.0,232.0,90.0
2402,144.15,1583.60749042,296.93059688,4,0,0.0,232.0,90.0
2403,144.21,1584.93831031,297.01785489,4,0,0.0,232.0,90.0
2404,144.27,1586.37013512,297.11954216,4,0,0.0,232.0,90.0
2405,144.33,1588.08970324,297.26233561,4,0,0.0,232.0,90.0
2406,144.39,1589.80927141,297.40512906,4,0,0.0,232.0,90.0
2407,144.45,1591.52883962,297.54792251,4,0,0.0,232.0,90.0
2408,144.51,1593.24840788,297.69071596,4,0,0.0,232.0,90.0
2409,144.57,1594.96797619,297.83350942,4,0,0.0,232.0,90.0
2410,144.63,1596.74472628,297.98447169,4,0,0.0,232.0,90.0
2411,144.69,1598.90231735,298.18983981,4,0,0.0,232.0,90.0
2412,144.75,1601.05990848,298.39520793,4,0,0.0,232.0,90.0
2413,144.81,1603.21749964,298.60057605,4,0,0.0,232.0,90.0
2414,144.87,1605.37509085,298.80594417,4,0,0.0,232.0,90.0
2415,144.93,1607.53268211,299.01131229,4,0,0.0,232.0,90.0
2416,144.99,1609.88346772,299.2442796,4,0,0.0,232.0,90.0
2417,145.05,1612.54474869,299.52160338,4,0,0.26127148,232.0,90.0
2418,145.11,1615.2060297,299.79892716,4,0,0.26127148,232.0,90.0
2419,145.17,1617.86731075,300.07625094,4,0,0.26127148,232.0,90.0
2420,145.23,1620.52859185,300.35357472,4,0,0.26127148,232.0,90.0
2421,145.29,1623.2202252,300.63523453,4,0,0.29162369,232.0,90.0
2422,145.35,1626.47346916,300.99712442,4,0,0.85323425,217.5,88.0
2423,145.41,1629.69915367,303.031176,4,0,0.85323425,203.5,89.0
2424,145.47,1632.80633641,304.8315471,4,0,0.85323425,203.5,89.0
2425,145.53,1635.84770068,306.14945492,4,0,0.85323425,203.5,89.0
2426,145.59,1638.95802098,307.31102194,4,0,0.96996442,203.5,89.0
2427,145.65,1642.62773083,308.45368038,4,0,1.56817102,203.5,89.0
2428,145.71,1646.26442463,309.52793864,4,0,1.56817102,203.5,89.0
2429,145.77,1649.87236577,310.554293,4,0,1.56817102,174.5,85.0
2430,145.83,1653.45467001,311.52625053,4,0,1.56817102,174.5,85.0
2431,145.89,1657.67982855,312.56847175,4,0,2.23417051,174.5,85.0
2432,145.95,1662.10991981,313.62341865,4,0,2.45978667,174.5,85.0
2433,146.01,1666.52107393,314.64179902,4,0,2.45978667,174.5,85.0
2434,146.07,1670.91484124,315.64985827,4,0,2.45978667,145.5,81.0
2435,146.13,1676.25024541,316.77396693,4,0,3.4170088,145.5,81.0
2436,146.19,1681.77094706,317.91168614,4,0,3.61698585,145.5,81.0
2437,146.25,1687.27863664,319.0376517,4,0,3.61698585,145.5,81.0
2438,146.31,1693.44837879,320.24374142,4,0,4.29134415,116.5,77.0
2439,146.37,1700.5172642,321.5726965,4,0,5.20134551,116.5,77.0
2440,146.43,1707.57590976,322.8861951,4,0,5.20134551,116.5,77.0
2441,146.49,1715.93475958,324.38146448,4,0,6.51049475,102.0,75.0
2442,146.55,1725.30750095,326.00927307,4,0,7.53280624,87.5,73.0
2443,146.61,1735.63298794,327.76914255,4,0,8.49274341,87.5,73.0
2444,146.67,1748.82012622,329.92786342,4,0,11.36117101,58.5,69.0
2445,146.73,1764.85567935,332.53027756,4,0,15.1936291,44.0,67.0
2446,146.79,1790.8192586,336.60460728,4,0,26.5484135,0.5,3.0
2447,146.85,1811.16249583,283.86915486,2,0,20.93210995,0.5,3.0
2448,146.91,1807.20986791,283.65831249,2,0,0.0,0.5,3.0
2449,146.97,1803.25462059,283.43819244,2,0,0.0,0.5,3.0
2450,147.03,1799.29709969,283.21585708,2,0,0.0,0.5,3.0
2451,147.09,1795.33828219,282.98229201,2,0,0.0,0.5,3.0
2452,147.15,1791.37870253,282.74872695,2,0,0.0,0.5,3.0
2453,147.21,1787.41906758,282.50292858,2,0,0.0,0.5,3.0
2454,147.27,1783.46019381,282.2566604,2,0,0.0,0.5,3.0
2455,147.33,1779.5025262,282.00118728,2,0,0.0,0.5,3.0
2456,147.39,1775.54710938,281.74282675,2,0,0.0,0.5,3.0
2457,147.45,1771.59424182,281.47782752,2,0,0.0,0.5,3.0
2458,147.51,1767.64508444,281.20785655,2,0,0.0,0.5,3.0
2459,147.57,1763.69991291,280.93331445,2,0,0.0,0.5,3.0
2460,147.63,1759.75991626,280.65210946,2,0,0.0,0.5,3.0
2461,147.69,1755.82544141,280.36785502,2,0,0.0,0.5,3.0
2462,147.75,1751.89765843,280.07570828,2,0,0.0,0.5,3.0
2463,147.81,1747.97703638,279.78142538,2,0,0.0,0.5,3.0
2464,147.87,1744.06473491,279.47854675,2,0,0.0,0.5,3.0
2465,147.93,1740.16134841,279.17376408,2,0,0.0,0.5,3.0
2466,147.99,1736.26809309,278.86028103,2,0,0.0,0.5,3.0
2467,148.05,1732.38565582,278.54435991,2,0,0.0,0.5,3.0
2468,148.11,1728.51541426,278.2203509,2,0,0.0,0.5,3.0
2469,148.17,1724.65811794,277.8924898,2,0,0.0,0.5,3.0
2470,148.23,1720.8154025,277.55795639,2,0,0.0,0.5,3.0
2471,148.29,1716.98815612,277.21715291,2,0,0.0,0.5,3.0
2472,148.35,1713.17822878,276.8720503,2,0,0.0,0.5,3.0
2473,148.41,1709.38703697,276.51710141,2,0,0.0,0.5,3.0
2474,148.47,1705.61642158,276.15738625,2,0,0.0,0.5,3.0
2475,148.53,1701.86880543,275.79081116,2,0,0.0,0.5,3.0
2476,148.59,1697.95800357,275.50835224,2,0,0.0,0.5,3.0
2477,148.65,1693.78458054,275.36395189,2,0,0.0,0.5,3.0
2478,148.71,1689.64426252,275.21016825,2,0,0.0,0.5,3.0
2479,148.77,1685.54268461,275.04517097,2,0,0.0,0.5,3.0
2480,148.83,1681.48864819,274.86725116,2,0,0.0,0.5,3.0
2481,148.89,1677.4993136,274.67150519,2,0,0.0,0.5,3.0
2482,148.95,1673.62816482,274.44309894,2,0,0.0,0.5,3.0
2483,149.01,1669.79359599,274.20440015,2,0,0.0,0.5,3.0
2484,149.07,1665.96066336,273.96610486,2,0,0.0,0.5,3.0
2485,149.13,1662.12948318,273.72832344,2,0,0.0,0.5,3.0
2486,149.19,1658.30043273,273.49116854,2,0,0.0,0.5,3.0
2487,149.25,1654.47370763,273.25487569,2,0,0.0,0.5,3.0
2488,149.31,1650.64960143,273.01887256,2,0,0.0,0.5,3.0
2489,149.37,1646.82812939,272.78301537,2,0,0.0,0.5,3.0
2490,149.43,1643.00959907,272.54902834,2,0,0.0,0.5,3.0
2491,149.49,1639.19450821,272.31645245,2,0,0.0,0.5,3.0
2492,149.55,1635.38302396,272.08387655,2,0,0.0,0.5,3.0
2493,149.61,1631.57514633,271.85130066,2,0,0.0,0.5,3.0
2494,149.67,1627.77115407,271.6221167,2,0,0.0,0.5,3.0
2495,149.73,1623.9717371,271.39416118,2,0,0.0,0.5,3.0
2496,149.79,1620.17693728,271.16620566,2,0,0.0,0.5,3.0
2497,149.85,1616.38681814,270.93945751,2,0,0.0,0.5,3.0
2498,149.91,1612.6018321,270.71609619,2,0,0.0,0.5,3.0
2499,149.97,1608.82244112,270.49436748,2,0,0.0,0.5,3.0
2500,150.03,1605.04892298,270.27403443,2,0,0.0,0.5,3.0
2501,150.09,1601.28137459,270.05515895,2,0,0.0,0.5,3.0
2502,150.15,1597.52044171,269.8413291,2,0,0.0,0.5,3.0
2503,150.21,1593.76641656,269.62791007,2,0,0.0,0.5,3.0
2504,150.27,1590.01956562,269.41820108,2,0,0.0,0.5,3.0
2505,150.33,1586.28045924,269.2126537,2,0,0.0,0.5,3.0
2506,150.39,1582.54955086,269.01020053,2,0,0.0,0.5,3.0
2507,150.45,1578.82706994,268.81107027,2,0,0.0,0.5,3.0
2508,150.51,1575.11385097,268.61893718,2,0,0.0,0.5,3.0
2509,150.57,1571.41020789,268.42876044,2,0,0.0,0.5,3.0
2510,150.63,1567.71674261,268.24717591,2,0,0.0,0.5,3.0
2511,150.69,1564.0342051,268.07140185,2,0,0.0,0.5,3.0
2512,150.75,1560.36316216,267.90230093,2,0,0.0,0.5,3.0
2513,150.81,1556.70458778,267.74434224,2,0,0.0,0.5,3.0
2514,150.87,1553.05919123,267.5975488,2,0,0.0,0.5,3.0
2515,150.93,1549.42818241,267.45905678,2,0,0.0,0.5,3.0
2516,150.99,1545.81271362,267.34378834,2,0,0.0,0.5,3.0
2517,151.05,1542.21414029,267.24605394,2,0,0.0,0.5,3.0
2518,151.11,1538.63435254,267.17178269,2,0,0.0,0.5,3.0
2519,151.17,1535.07557479,267.13540814,2,0,0.0,0.5,3.0
2520,151.23,1531.54089333,267.15360314,2,0,0.0,0.5,3.0
2521,151.29,1528.03505929,267.2600276,2,0,0.0,0.5,3.0
2522,151.35,1524.56652589,267.56420665,2,0,0.0,0.5,3.0
2523,151.41,1521.16480339,268.5044534,2,0,0.03151645,0.0,0.0
2524,151.47,1517.80471753,268.02445542,2,0,0.0,0.0,0.0
2525,151.53,1514.4446327,267.54445743,2,0,0.0,0.0,0.0
2526,151.59,1511.08454892,267.06445945,2,0,0.0,0.0,0.0
2527,151.65,1507.72446619,266.58446147,2,0,0.0,0.0,0.0
2528,151.71,1504.3643845,266.10446349,2,0,0.0,0.0,0.0
2529,151.77,1501.00430385,265.62446551,2,0,0.0,0.0,0.0
2530,151.83,1497.64422425,265.14446753,2,0,0.0,0.0,0.0
2531,151.89,1494.2841457,264.66446955,2,0,0.0,0.0,0.0
2532,151.95,1490.92406819,264.18447156,2,0,0.0,0.0,0.0
2533,152.01,1487.56399172,263.70447358,2,0,0.0,0.0,0.0
2534,152.07,1484.2039163,263.2244756,2,0,0.0,0.0,0.0
2535,152.13,1479.72250082,302.63234351,3,0,0.0,0.0,0.0
2536,152.19,1473.96242749,301.91234553,3,0,0.0,0.0,0.0
2537,152.25,1468.2023552,301.19234755,3,0,0.0,0.0,0.0
2538,152.31,1462.44228396,300.47234957,3,0,0.0,0.0,0.0
2539,152.37,1456.68221376,299.75235158,3,0,0.0,0.0,0.0
2540,152.43,1450.92214461,299.0323536,3,0,0.0,0.0,0.0
2541,152.49,1445.1620765,298.31235562,3,0,0.0,0.0,0.0
2542,152.55,1439.40200944,297.59235764,3,0,0.0,0.0,0.0
2543,152.61,1433.64194342,296.87235966,3,0,0.0,0.0,0.0
2544,152.67,1427.88187845,296.15236168,3,0,0.0,0.0,0.0
2545,152.73,1422.12181452,295.4323637,3,0,0.0,0.0,0.0
2546,152.79,1416.36175163,294.71236571,3,0,0.0,0.0,0.0
2547,152.85,1410.6016898,293.99236773,3,0,0.0,0.0,0.0
2548,152.91,1404.841629,293.27236975,3,0,0.0,0.0,0.0
2549,152.97,1399.08156925,292.55237177,3,0,0.0,0.0,0.0
2550,153.03,1393.32151055,291.83237379,3,0,0.0,0.0,0.0
2551,153.09,1387.56145289,291.11237581,3,0,0.0,0.0,0.0
2552,153.15,1381.80139627,290.39237783,3,0,0.0,0.0,0.0
2553,153.21,1376.0413407,289.67237984,3,0,0.0,0.0,0.0
2554,153.27,1370.64594277,273.04354601,2,0,0.0,0.0,0.0
2555,153.33,1365.84588929,272.56354803,2,0,0.0,0.0,0.0
2556,153.39,1361.04583685,272.08355005,2,0,0.0,0.0,0.0
2557,153.45,1356.24578546,271.60355207,2,0,0.0,0.0,0.0
2558,153.51,1351.44573512,271.12355409,2,0,0.0,0.0,0.0
2559,153.57,1346.64568582,270.6435561,2,0,0.0,0.0,0.0
2560,153.63,1341.84563756,270.16355812,2,0,0.0,0.0,0.0
2561,153.69,1337.04559035,269.68356014,2,0,0.0,0.0,0.0
2562,153.75,1332.24554418,269.20356216,2,0,0.0,0.0,0.0
2563,153.81,1327.44549906,268.72356418,2,0,0.0,0.0,0.0
2564,153.87,1322.64546035,268.20324721,2,0,0.0,0.0,0.0
2565,153.93,1317.94764123,265.17194893,2,0,0.0,0.0,0.0
2566,153.99,1313.33500374,263.57918097,2,0,0.0,0.0,0.0
2567,154.05,1308.77596417,262.25812617,2,0,0.0,0.0,0.0
2568,154.11,1304.2588504,261.0613147,2,0,0.0,0.0,0.0
2569,154.17,1299.77686873,259.94993321,2,0,0.0,0.0,0.0
2570,154.23,1295.32541203,258.89965769,2,0,0.0,0.0,0.0
2571,154.29,1290.90092895,257.88875823,2,0,0.0,0.0,0.0
2572,154.35,1286.50043094,256.90709438,2,0,0.0,0.0,0.0
2573,154.41,1282.12152082,255.96344428,2,0,0.0,0.0,0.0
2574,154.47,1277.7624969,255.04111514,2,0,0.0,0.0,0.0
2575,154.53,1273.42124779,254.13413418,2,0,0.0,0.0,0.0
2576,154.59,1269.09648845,253.25542253,2,0,0.0,0.0,0.0
2577,154.65,1264.78674836,252.38316193,2,0,0.0,0.0,0.0
2578,154.71,1260.49063396,251.53390994,2,0,0.0,0.0,0.0
2579,154.77,1256.20724065,250.69103304,2,0,0.0,0.0,0.0
2580,154.83,1251.93514871,249.86512862,2,0,0.0,0.0,0.0
2581,154.89,1247.67372178,249.04595564,2,0,0.0,0.0,0.0
2582,154.95,1243.42160842,248.24075824,2,0,0.0,0.0,0.0
2583,155.01,1239.17829862,247.44123806,2,0,0.0,0.0,0.0
2584,155.07,1234.94253991,246.65461894,2,0,0.0,0.0,0.0
2585,155.13,1230.71386568,245.8718128,2,0,0.0,0.0,0.0
2586,155.19,1226.49114947,245.10207015,2,0,0.0,0.0,0.0
2587,155.25,1222.27388358,244.33384214,2,0,0.0,0.0,0.0
2588,155.31,1218.06112463,243.57959728,2,0,0.0,0.0,0.0
2589,155.37,1213.85221975,242.82535243,2,0,0.0,0.0,0.0
2590,155.43,1209.64649079,242.08450902,2,0,0.0,0.0,0.0
2591,155.49,1205.44306082,241.34463037,2,0,0.0,0.0,0.0
2592,155.55,1201.24150292,240.6147469,2,0,0.0,0.0,0.0
2593,155.61,1197.0407587,239.88831327,2,0,0.0,0.0,0.0
2594,155.67,1192.8405541,239.16876041,2,0,0.0,0.0,0.0
2595,155.73,1188.63974848,238.45502989,2,0,0.0,0.0,0.0
2596,155.79,1184.43809323,237.74540912,2,0,0.0,0.0,0.0
2597,155.85,1180.23447846,237.04377095,2,0,0.0,0.0,0.0
2598,155.91,1176.02855268,236.34387935,2,0,0.0,0.0,0.0
2599,155.97,1171.81933738,235.65385162,2,0,0.0,0.0,0.0
2600,156.03,1167.6062701,234.9638239,2,0,0.0,0.0,0.0
2601,156.09,1163.3885719,234.28486779,2,0,0.0,0.0,0.0
2602,156.15,1159.16541797,233.60607409,2,0,0.0,0.0,0.0
2603,156.21,1154.93619474,232.9366612,2,0,0.0,0.0,0.0
2604,156.27,1150.6998635,232.26880924,2,0,0.0,0.0,0.0
2605,156.33,1146.45587547,231.60930339,2,0,0.0,0.0,0.0
2606,156.39,1142.2030473,230.95218332,2,0,0.0,0.0,0.0
2607,156.45,1137.9407955,230.30310347,2,0,0.0,0.0,0.0
2608,156.51,1133.66783617,229.65658782,2,0,0.0,0.0,0.0
2609,156.57,1129.38344735,229.01860103,2,0,0.0,0.0,0.0
2610,156.63,1125.08630062,228.38261134,2,0,0.0,0.0,0.0
2611,156.69,1120.77536248,227.75656361,2,0,0.0,0.0,0.0
2612,156.75,1116.44936205,227.132915,2,0,0.0,0.0,0.0
2613,156.81,1112.10669292,226.51801891,2,0,0.0,0.0,0.0
2614,156.87,1107.74614182,225.90847535,2,0,0.0,0.0,0.0
2615,156.93,1103.36557932,225.30424423,2,0,0.0,0.0,0.0
2616,156.99,1098.96318351,224.71021439,2,0,0.0,0.0,0.0
2617,157.05,1094.53662566,224.12236171,2,0,0.0,0.0,0.0
2618,157.11,1090.08285835,223.54215503,2,0,0.0,0.0,0.0
2619,157.17,1085.59822792,222.97122782,2,0,0.0,0.0,0.0
2620,157.23,1057.10480376,260.01413405,3,0,0.0,0.0,0.0
2621,157.29,1028.316673,257.04486956,3,0,0.0,0.0,0.0
2622,157.35,1007.77551516,254.92114175,3,0,0.0,0.0,0.0
2623,157.41,991.49603921,253.25807131,3,0,0.0,0.0,0.0
2624,157.47,976.18115733,251.72658328,3,0,0.0,0.0,0.0
2625,157.53,961.68064578,250.27653217,3,0,0.0,0.0,0.0
2626,157.59,949.10010254,249.0184778,3,0,0.0,0.0,0.0
2627,157.65,936.51956034,247.76042342,3,0,0.0,0.0,0.0
2628,157.71,923.93901919,246.50236905,3,0,0.0,0.0,0.0
2629,157.77,912.98521174,245.40698794,3,0,0.0,0.0,0.0
2630,157.83,902.07012898,244.31547919,3,0,0.0,0.0,0.0
2631,157.89,891.15504727,243.22397045,3,0,0.0,0.0,0.0
2632,157.95,880.23996661,242.1324617,3,0,0.0,0.0,0.0
2633,158.01,870.29833641,241.1382979,3,0,0.0,0.0,0.0
2634,158.07,860.51467026,240.1599304,3,0,0.0,0.0,0.0
2635,158.13,850.73100516,239.1815629,3,0,0.0,0.0,0.0
2636,158.19,840.94734111,238.2031954,3,0,0.0,0.0,0.0
2637,158.25,831.1636781,237.22482789,3,0,0.0,0.0,0.0
2638,158.31,822.18631149,236.32680528,3,0,0.0,0.0,0.0
2639,158.37,813.23196826,235.43111801,3,0,0.0,0.0,0.0
2640,158.43,804.27720609,234.53543075,3,0,0.0,0.0,0.0
2641,158.49,795.32202497,233.63974348,3,0,0.0,0.0,0.0
2642,158.55,786.36642491,232.74405622,3,0,0.0,0.0,0.0
2643,158.61,777.58903587,230.60200854,3,0,0.0,0.0,0.0
2644,158.67,769.37475119,228.10195917,3,0,0.0,0.0,0.0
2645,158.73,761.28881294,226.2495646,3,0,0.0,0.0,0.0
2646,158.79,753.27549201,224.61763882,3,0,0.0,0.0,0.0
2647,158.85,745.31237239,223.09974289,3,0,0.0,0.0,0.0
2648,158.91,737.40514576,221.66946015,3,0,0.0,0.0,0.0
2649,158.97,729.57542448,220.29308815,3,0,0.0,0.0,0.0
2650,159.03,722.11334148,219.01505427,3,0,0.0,0.0,0.0
2651,159.09,714.71504174,217.77341716,3,0,0.0,0.0,0.0
2652,159.15,707.35169656,216.56197153,3,0,0.0,0.0,0.0
2653,159.21,700.00927793,215.37617916,3,0,0.0,0.0,0.0
2654,159.27,692.68635234,214.21521307,3,0,0.0,0.0,0.0
2655,159.33,685.39062597,213.07458896,3,0,0.0,0.0,0.0
2656,159.39,678.13931608,211.95060169,3,0,0.0,0.0,0.0
2657,159.45,671.16554839,210.88258398,3,0,0.0,0.0,0.0
2658,159.51,664.23874403,209.8336427,3,0,0.0,0.0,0.0
2659,159.57,657.33194749,208.79777873,3,0,0.0,0.0,0.0
2660,159.63,650.43472411,207.77413523,3,0,0.0,0.0,0.0
2661,159.69,643.54361058,206.76264957,3,0,0.0,0.0,0.0
2662,159.75,636.66248514,205.76009819,3,0,0.0,0.0,0.0
2663,159.81,629.80005722,204.77037294,3,0,0.0,0.0,0.0
2664,159.87,623.72921807,163.87150722,2,0,0.0,0.0,0.0
2665,159.93,619.44408679,163.16687817,2,0,0.0,0.0,0.0
2666,159.99,615.17778035,162.47094937,2,0,0.0,0.0,0.0
2667,160.05,610.91952553,161.78568177,2,0,0.0,0.0,0.0
2668,160.11,606.66248749,161.10716589,2,0,0.0,0.0,0.0
2669,160.17,602.40409698,160.43549619,2,0,0.0,0.0,0.0
2670,160.23,598.14736204,159.77341374,2,0,0.0,0.0,0.0
2671,160.29,593.89775256,159.11829563,2,0,0.0,0.0,0.0
2672,160.35,589.66723487,158.47001748,2,0,0.0,0.0,0.0
2673,160.41,585.47395132,157.84382167,2,0,0.0,0.0,0.0
2674,160.47,581.29575266,157.22604405,2,0,0.0,0.0,0.0
2675,160.53,577.12072315,156.61435517,2,0,0.0,0.0,0.0
2676,160.59,572.94210091,156.00894448,2,0,0.0,0.0,0.0
2677,160.65,568.75515837,155.41002366,2,0,0.0,0.0,0.0
2678,160.71,564.56056607,154.81815989,2,0,0.0,0.0,0.0
2679,160.77,560.361573,154.23356153,2,0,0.0,0.0,0.0
2680,160.83,556.16332878,153.65555682,2,0,0.0,0.0,0.0
2681,160.89,551.97815209,153.08756968,2,0,0.0,0.0,0.0
2682,160.95,547.81607896,152.53716913,2,0,0.0,0.0,0.0
2683,161.01,543.65628925,151.99392539,2,0,0.0,0.0,0.0
2684,161.07,539.48878309,151.4583723,2,0,0.0,0.0,0.0
2685,161.13,535.30664284,150.93137911,2,0,0.0,0.0,0.0
2686,161.19,531.10399881,150.41250611,2,0,0.0,0.0,0.0
2687,161.25,526.87904034,149.90333749,2,0,0.0,0.0,0.0
2688,161.31,522.64225409,148.21594133,2,0,0.0,0.0,0.0
2689,161.37,518.48507294,146.30830997,2,0,0.0,0.0,0.0
2690,161.43,514.35225084,144.93315817,2,0,0.0,0.0,0.0
2691,161.49,510.28281473,143.78115946,2,0,0.0,0.0,0.0
2692,161.55,506.24902292,142.73189972,2,0,0.0,0.0,0.0
2693,161.61,502.24439948,141.74677408,2,0,0.0,0.0,0.0
2694,161.67,498.26489333,140.80963253,2,0,0.0,0.0,0.0
2695,161.73,494.30743005,139.91532311,2,0,0.0,0.0,0.0
2696,161.79,490.36951778,139.04888333,2,0,0.0,0.0,0.0
2697,161.85,486.44897917,138.20459775,2,0,0.0,0.0,0.0
2698,161.91,482.54386676,137.3793379,2,0,0.0,0.0,0.0
2699,161.97,478.65266326,136.57995414,2,0,0.0,0.0,0.0
2700,162.03,475.93485533,95.90859731,1,0,0.0,0.0,0.0
2701,162.09,474.58319475,95.38490485,1,0,0.0,0.0,0.0
2702,162.15,473.24150712,94.88019518,1,0,0.0,0.0,0.0
2703,162.21,471.90863104,94.38280629,1,0,0.0,0.0,0.0
2704,162.27,470.58330957,93.89839894,1,0,0.0,0.0,0.0
2705,162.33,469.26477424,93.42475109,1,0,0.0,0.0,0.0
2706,162.39,467.95180568,92.95721068,1,0,0.0,0.0,0.0
2707,162.45,466.64359255,92.50417162,1,0,0.0,0.0,0.0
2708,162.51,465.33920362,92.0550574,1,0,0.0,0.0,0.0
2709,162.57,464.0376035,91.61738544,1,0,0.0,0.0,0.0
2710,162.63,462.73978345,91.1859542,1,0,0.0,0.0,0.0
2711,162.69,461.54823321,90.77242119,1,0,0.0,0.0,0.0
2712,162.75,460.35708196,90.36765718,1,0,0.0,0.0,0.0
2713,162.81,459.16524198,89.96682393,1,0,0.0,0.0,0.0
2714,162.87,457.97197852,89.57722871,1,0,0.0,0.0,0.0
2715,162.93,456.77639931,89.19055276,1,0,0.0,0.0,0.0
2716,162.99,455.57749363,88.81342446,1,0,0.0,0.0,0.0
2717,163.05,454.37457516,88.44130202,1,0,0.0,0.0,0.0
2718,163.11,453.16644595,88.07540609,1,0,0.0,0.0,0.0
2719,163.17,451.95239908,87.71763887,1,0,0.0,0.0,0.0
2720,163.23,450.73127649,87.363534,1,0,0.0,0.0,0.0
2721,163.29,449.55514288,87.02462842,1,0,0.0,0.0,0.0
2722,163.35,448.41761128,86.69540629,1,0,0.0,0.0,0.0
2723,163.41,447.26958589,86.37186696,1,0,0.0,0.0,0.0
2724,163.47,446.10996276,86.0578674,1,0,0.0,0.0,0.0
2725,163.53,444.9373599,85.74920667,1,0,0.0,0.0,0.0
2726,163.59,443.75011125,85.44671708,1,0,0.0,0.0,0.0
2727,163.65,442.5465964,85.15475066,1,0,0.0,0.0,0.0
2728,163.71,441.32493725,84.86986254,1,0,0.0,0.0,0.0
2729,163.77,440.08279633,84.59306745,1,0,0.0,0.0,0.0
2730,163.83,438.81742464,84.32551007,1,0,0.0,0.0,0.0
2731,163.89,437.52541217,84.06848491,1,0,0.0,0.0,0.0
2732,163.95,436.27541373,83.83073967,1,0,0.0,0.0,0.0
2733,164.01,435.01069911,83.60887955,1,0,0.0,0.0,0.0
2734,164.07,433.69702906,83.40440087,1,0,0.0,0.0,0.0
2735,164.13,432.29813722,83.22981372,1,0,0.0,0.0,0.0
2736,164.19,430.82423037,83.08242304,1,0,0.0,0.0,0.0
2737,164.25,429.35032352,82.93503235,1,0,0.0,0.0,0.0
2738,164.31,427.87641667,82.78764167,1,0,0.0,0.0,0.0
2739,164.37,426.40250982,82.64025098,1,0,0.0,0.0,0.0
2740,164.43,424.92860296,82.4928603,1,0,0.0,0.0,0.0
2741,164.49,423.45469611,82.34546961,1,0,0.0,0.0,0.0
2742,164.55,421.98078926,82.19807893,1,0,0.0,0.0,0.0
2743,164.61,420.57905524,82.05790552,1,0,0.0,0.0,0.0
2744,164.67,419.1981914,81.91981914,1,0,0.0,0.0,0.0
2745,164.73,417.81732756,81.78173276,1,0,0.0,0.0,0.0
2746,164.79,416.43646372,81.64364637,1,0,0.0,0.0,0.0
2747,164.85,415.05559988,81.50555999,1,0,0.0,0.0,0.0
2748,164.91,413.67473604,81.3674736,1,0,0.0,0.0,0.0
2749,164.97,412.2938722,81.22938722,1,0,0.0,0.0,0.0
2750,165.03,410.91300837,81.09130084,1,0,0.0,0.0,0.0
2751,165.09,409.53214453,80.95321445,1,0,0.0,0.0,0.0
2752,165.15,408.15128069,80.81512807,1,0,0.0,0.0,0.0
2753,165.21,406.77041685,80.67704168,1,0,0.0,0.0,0.0
2754,165.27,405.44723642,80.54472364,1,0,0.0,0.0,0.0
2755,165.33,404.15730436,80.41573044,1,0,0.0,0.0,0.0
2756,165.39,402.8673723,80.28673723,1,0,0.0,0.0,0.0
2757,165.45,401.57744024,80.15774402,1,0,0.0,0.0,0.0
2758,165.51,400.28750819,80.02875082,1,0,0.0,0.0,0.0
2759,165.57,398.99757613,79.89975761,1,0,0.0,0.0,0.0
2760,165.63,397.70764407,79.77076441,1,0,0.0,0.0,0.0
2761,165.69,396.41771201,79.6417712,1,0,0.0,0.0,0.0
2762,165.75,395.12777995,79.512778,1,0,0.0,0.0,0.0
2763,165.81,393.83784789,79.38378479,1,0,0.0,0.0,0.0
2764,165.87,392.54791583,79.25479158,1,0,0.0,0.0,0.0
2765,165.93,391.29384024,79.12938402,1,0,0.0,0.0,0.0
2766,165.99,390.09384024,79.00938402,1,0,0.0,0.0,0.0
2767,166.05,388.89384024,78.88938402,1,0,0.0,0.0,0.0
2768,166.11,387.69384024,78.76938402,1,0,0.0,0.0,0.0
2769,166.17,386.49384024,78.64938402,1,0,0.0,0.0,0.0
2770,166.23,385.29384024,78.52938402,1,0,0.0,0.0,0.0
2771,166.29,384.09384024,78.40938402,1,0,0.0,0.0,0.0
2772,166.35,382.89384024,78.28938402,1,0,0.0,0.0,0.0
2773,166.41,381.69384024,78.16938402,1,0,0.0,0.0,0.0
2774,166.47,380.49384024,78.04938402,1,0,0.0,0.0,0.0
2775,166.53,379.29384024,77.92938402,1,0,0.0,0.0,0.0
2776,166.59,378.10566555,77.81056656,1,0,0.0,0.0,0.0
2777,166.65,376.91300081,80.11814789,1,0,0.0,0.0,0.0
2778,166.71,375.62408355,81.15745057,1,0,0.0,0.0,0.0
2779,166.77,374.2792936,81.92206724,1,0,0.0,0.0,0.0
2780,166.83,372.8913839,82.53862676,1,0,0.0,0.0,0.0
2781,166.89,371.46755459,83.06580465,1,0,0.0,0.0,0.0
2782,166.95,370.01266263,83.53419708,1,0,0.0,0.0,0.0
2783,167.01,368.5304179,83.96129315,1,0,0.0,0.0,0.0
2784,167.07,367.02390259,84.35779189,1,0,0.0,0.0,0.0
2785,167.13,365.49539725,84.71042163,1,0,0.0,0.0,0.0
2786,167.19,363.94681447,85.04658058,1,0,0.0,0.0,0.0
2787,167.25,362.3802763,85.36255662,1,0,0.0,0.0,0.0
2788,167.31,360.87841603,85.6625083,1,0,0.0,0.0,0.0
2789,167.37,359.37095269,85.9563887,1,0,0.0,0.0,0.0
2790,167.43,357.84959113,86.22372548,1,0,0.0,0.0,0.0
2791,167.49,356.31545424,86.48777141,1,0,0.0,0.0,0.0
2792,167.55,354.76980427,86.73176423,1,0,0.0,0.0,0.0
2793,167.61,353.21342604,86.97176099,1,0,0.0,0.0,0.0
2794,167.67,351.64755131,87.19504893,1,0,0.0,0.0,0.0
2795,167.73,350.07281824,87.41511253,1,0,0.0,0.0,0.0
2796,167.79,348.49035838,87.61982164,1,0,0.0,0.0,0.0
2797,167.85,346.9007797,87.82294504,1,0,0.0,0.0,0.0
2798,167.91,345.30505898,88.01077495,1,0,0.0,0.0,0.0
2799,167.97,343.77406629,88.20562334,1,0,0.0,0.0,0.0
2800,168.03,342.26122281,88.38779174,1,0,0.0,0.0,0.0
2801,168.09,340.74452543,88.56942854,1,0,0.0,0.0,0.0
2802,168.15,339.22447478,88.73956232,1,0,0.0,0.0,0.0
2803,168.21,337.70209871,88.9068341,1,0,0.0,0.0,0.0
2804,168.27,336.17771454,89.06588556,1,0,0.0,0.0,0.0
2805,168.33,334.65245249,89.21971176,1,0,0.0,0.0,0.0
2806,168.39,333.12655612,89.36833496,1,0,0.0,0.0,0.0
2807,168.45,331.60115626,89.50945793,1,0,0.0,0.0,0.0
2808,168.51,330.07655172,89.64806734,1,0,0.0,0.0,0.0
2809,168.57,328.55376086,89.77709858,1,0,0.0,0.0,0.0
2810,168.63,327.10732513,89.91332225,1,0,0.0,0.0,0.0
2811,168.69,325.68616077,90.04036507,1,0,0.0,0.0,0.0
2812,168.75,324.26884951,90.16740789,1,0,0.0,0.0,0.0
2813,168.81,322.85597556,90.28486302,1,0,0.0,0.0,0.0
2814,168.87,321.44854124,90.40067318,1,0,0.0,0.0,0.0
2815,168.93,320.04700275,90.50854735,1,0,0.0,0.0,0.0
2816,168.99,318.65252717,90.61341596,1,0,0.0,0.0,0.0
2817,169.05,317.26554405,90.71135454,1,0,0.0,0.0,0.0
2818,169.11,315.88733531,90.80548912,1,0,0.0,0.0,0.0
2819,169.17,314.51837965,90.8929852,1,0,0.0,0.0,0.0
2820,169.23,313.16035409,90.97654768,1,0,0.0,0.0,0.0
2821,169.29,311.91409248,91.06302189,1,0,0.0,0.0,0.0
2822,169.35,310.68052175,91.14610734,1,0,0.0,0.0,0.0
2823,169.41,309.46048464,91.22064379,1,0,0.0,0.0,0.0
2824,169.47,308.25543982,91.29278842,1,0,0.0,0.0,0.0
2825,169.53,307.0667697,91.3547852,1,0,0.0,0.0,0.0
2826,169.59,305.89581876,91.41283661,1,0,0.0,0.0,0.0
2827,169.65,304.74466908,91.46416447,1,0,0.0,0.0,0.0
2828,169.71,303.61497199,91.50671785,1,0,0.0,0.0,0.0
2829,169.77,302.50915673,91.54312095,1,0,0.0,0.0,0.0
2830,169.83,301.43017631,91.57191043,1,0,0.0,0.0,0.0
2831,169.89,300.43652906,91.59573514,1,0,0.0,0.0,0.0
2832,169.95,299.52964591,91.61451647,1,0,0.0,0.0,0.0
2833,170.01,298.66430517,91.62197245,1,0,0.0,0.0,0.0
2834,170.07,297.85171979,91.61297877,1,0,0.0,0.0,0.0
2835,170.13,297.12057463,91.58238635,1,0,0.0,0.0,0.0
2836,170.19,296.49770247,91.52051396,1,0,0.0,0.0,0.0
2837,170.25,295.87559992,91.4583037,1,0,0.0,0.0,0.0
2838,170.31,295.25349737,91.39609345,1,0,0.0,0.0,0.0
2839,170.37,294.63139482,91.33388319,1,0,0.0,0.0,0.0
2840,170.43,294.00929227,91.27167294,1,0,0.0,0.0,0.0
2841,170.49,293.42893675,91.21363739,1,0,0.0,0.0,0.0
2842,170.55,292.92175309,91.16291902,1,0,0.0,0.0,0.0
2843,170.61,292.41456942,91.11220065,1,0,0.0,0.0,0.0
2844,170.67,291.90738576,91.06148229,1,0,0.0,0.0,0.0
2845,170.73,291.4002021,91.01076392,1,0,0.0,0.0,0.0
2846,170.79,290.89301843,90.96004555,1,0,0.0,0.0,0.0
2847,170.85,290.38583477,90.90932719,1,0,0.0,0.0,0.0
2848,170.91,289.8786511,90.85860882,1,0,0.0,0.0,0.0
2849,170.97,289.37146744,90.80789045,1,0,0.0,0.0,0.0
2850,171.03,288.86428377,90.75717209,1,0,0.0,0.0,0.0
2851,171.09,288.43299519,90.71404323,1,0,0.0,0.0,0.0
2852,171.15,288.05114909,90.67585862,1,0,0.0,0.0,0.0
2853,171.21,287.66930299,90.63767401,1,0,0.0,0.0,0.0
2854,171.27,287.28745688,90.5994894,1,0,0.0,0.0,0.0
2855,171.33,286.90561078,90.56130479,1,0,0.0,0.0,0.0
2856,171.39,286.52376468,90.52312018,1,0,0.0,0.0,0.0
2857,171.45,286.14191857,90.48493557,1,0,0.0,0.0,0.0
2858,171.51,285.76007247,90.44675096,1,0,0.0,0.0,0.0
2859,171.57,285.37822637,90.40856635,1,0,0.0,0.0,0.0
2860,171.63,285.03749399,90.37449311,1,0,0.0,0.0,0.0
2861,171.69,284.79446377,90.35019009,1,0,0.0,0.0,0.0
2862,171.75,284.55143355,90.32588707,1,0,0.0,0.0,0.0
2863,171.81,284.30840332,90.30158404,1,0,0.0,0.0,0.0
2864,171.87,284.0653731,90.27728102,1,0,0.0,0.0,0.0
2865,171.93,283.82234288,90.252978,1,0,0.0,0.0,0.0
2866,171.99,283.57931266,90.22867498,1,0,0.0,0.0,0.0
2867,172.05,283.33628243,90.20437195,1,0,0.0,0.0,0.0
2868,172.11,283.09325221,90.18006893,1,0,0.0,0.0,0.0
2869,172.17,282.92642806,90.16338652,1,0,0.0,0.0,0.0
2870,172.23,282.83984601,90.15472831,1,0,0.0,0.0,0.0
2871,172.29,282.75326397,90.14607011,1,0,0.0,0.0,0.0
2872,172.35,282.66668192,90.1374119,1,0,0.0,0.0,0.0
2873,172.41,282.58009987,90.1287537,1,0,0.0,0.0,0.0
2874,172.47,282.49351783,90.12009549,1,0,0.0,0.0,0.0
2875,172.53,282.40693578,90.11143729,1,0,0.0,0.0,0.0
2876,172.59,282.32035373,90.10277908,1,0,0.0,0.0,0.0
2877,172.65,281.70749774,90.04149348,1,0,0.0,0.0,0.0
2878,172.71,279.30749774,89.80149348,1,0,0.0,0.0,0.0
2879,172.77,276.90749774,89.56149348,1,0,0.0,0.0,0.0
2880,172.83,274.50749774,89.32149348,1,0,0.0,0.0,0.0
2881,172.89,272.10749774,89.08149348,1,0,0.0,0.0,0.0
2882,172.95,269.70749774,88.84149348,1,0,0.0,0.0,0.0
2883,173.01,267.30749774,88.60149348,1,0,0.0,0.0,0.0
2884,173.07,264.90749774,88.36149348,1,0,0.0,0.0,0.0
2885,173.13,262.50749774,88.12149348,1,0,0.0,0.0,0.0
2886,173.19,260.10749774,87.88149348,1,0,0.0,0.0,0.0
2887,173.25,257.70749774,87.64149348,1,0,0.0,0.0,0.0
2888,173.31,255.30749774,87.40149348,1,0,0.0,0.0,0.0
2889,173.37,252.90749774,87.16149348,1,0,0.0,0.0,0.0
2890,173.43,250.50749774,86.92149348,1,0,0.0,0.0,0.0
2891,173.49,248.10749774,86.68149348,1,0,0.0,0.0,0.0
2892,173.55,245.70749774,86.44149348,1,0,0.0,0.0,0.0
2893,173.61,243.30749774,86.20149348,1,0,0.0,0.0,0.0
2894,173.67,240.90749774,85.96149348,1,0,0.0,0.0,0.0
2895,173.73,238.50749774,85.72149348,1,0,0.0,0.0,0.0
2896,173.79,236.10749774,85.48149348,1,0,0.0,0.0,0.0
2897,173.85,233.70749774,85.24149348,1,0,0.0,0.0,0.0
2898,173.91,231.30749774,85.00149348,1,0,0.0,0.0,0.0
2899,173.97,228.90749774,84.76149348,1,0,0.0,0.0,0.0
2900,174.03,226.50749774,84.52149348,1,0,0.0,0.0,0.0
2901,174.09,224.10749774,84.28149348,1,0,0.0,0.0,0.0
2902,174.15,221.70749774,84.04149348,1,0,0.0,0.0,0.0
2903,174.21,219.30749774,83.80149348,1,0,0.0,0.0,0.0
2904,174.27,216.90749774,83.56149348,1,0,0.0,0.0,0.0
2905,174.33,214.50749774,83.32149348,1,0,0.0,0.0,0.0
2906,174.39,212.10749774,83.08149348,1,0,0.0,0.0,0.0
2907,174.45,209.70749774,82.84149348,1,0,0.0,0.0,0.0
2908,174.51,207.30749774,82.60149348,1,0,0.0,0.0,0.0
2909,174.57,204.90749774,82.36149348,1,0,0.0,0.0,0.0
2910,174.63,202.50749774,82.12149348,1,0,0.0,0.0,0.0
2911,174.69,200.10749774,81.88149348,1,0,0.0,0.0,0.0
2912,174.75,197.70749774,81.64149348,1,0,0.0,0.0,0.0
2913,174.81,195.30749774,81.40149348,1,0,0.0,0.0,0.0
2914,174.87,192.90749774,81.16149348,1,0,0.0,0.0,0.0
2915,174.93,190.50749774,80.92149348,1,0,0.0,0.0,0.0
2916,174.99,188.10749774,80.68149348,1,0,0.0,0.0,0.0
2917,175.05,185.70749774,80.44149348,1,0,0.0,0.0,0.0
2918,175.11,183.33761025,78.48327158,1,0,0.0,0.0,0.0
2919,175.17,181.08577258,76.82497317,1,0,0.0,0.0,0.0
2920,175.23,178.89900475,75.63345484,1,0,0.0,0.0,0.0
2921,175.29,176.75973156,74.61360039,1,0,0.0,0.0,0.0
2922,175.35,174.65909877,73.6972657,1,0,0.0,0.0,0.0
2923,175.41,172.59136535,72.84876286,1,0,0.0,0.0,0.0
2924,175.47,170.55230103,72.04769643,1,0,0.0,0.0,0.0
2925,175.53,168.53877586,71.29986461,1,0,0.0,0.0,0.0
2926,175.59,166.54834848,70.57793217,1,0,0.0,0.0,0.0
2927,175.65,164.57856687,69.87532202,1,0,0.0,0.0,0.0
2928,175.71,162.62765141,69.20833904,1,0,0.0,0.0,0.0
2929,175.77,160.69410109,68.5524574,1,0,0.0,0.0,0.0
2930,175.83,158.77609522,67.9164875,1,0,0.0,0.0,0.0
2931,175.89,156.87273692,67.29615456,1,0,0.0,0.0,0.0
2932,175.95,154.98236637,66.68690416,1,0,0.0,0.0,0.0
2933,176.01,153.10426513,66.09445245,1,0,0.0,0.0,0.0
2934,176.07,151.23700703,65.50854601,1,0,0.0,0.0,0.0
2935,176.13,149.37995294,64.93861639,1,0,0.0,0.0,0.0
2936,176.19,147.53183265,64.37341484,1,0,0.0,0.0,0.0
2937,176.25,145.69209969,63.82218815,1,0,0.0,0.0,0.0
2938,176.31,143.85954691,63.27556542,1,0,0.0,0.0,0.0
2939,176.37,142.03374273,62.74029545,1,0,0.0,0.0,0.0
2940,176.43,140.21348484,62.21055193,1,0,0.0,0.0,0.0
2941,176.49,138.39844615,61.68924428,1,0,0.0,0.0,0.0
2942,176.55,136.58742691,61.17499816,1,0,0.0,0.0,0.0
2943,176.61,134.78014845,60.66620227,1,0,0.0,0.0,0.0
2944,176.67,132.97546458,60.16632118,1,0,0.0,0.0,0.0
2945,176.73,131.17304751,59.66899503,1,0,0.0,0.0,0.0
2946,176.79,129.37189527,59.18255952,1,0,0.0,0.0,0.0
2947,176.85,127.57150521,58.696124,1,0,0.0,0.0,0.0
2948,176.91,125.77113297,58.22224213,1,0,0.0,0.0,0.0
2949,176.97,123.96999863,57.74850984,1,0,0.0,0.0,0.0
2950,177.03,122.16762817,57.28428792,1,0,0.0,0.0,0.0
2951,177.09,120.36299825,56.82264737,1,0,0.0,0.0,0.0
2952,177.15,118.55579613,56.36793929,1,0,0.0,0.0,0.0
2953,177.21,116.74486746,55.91791012,1,0,0.0,0.0,0.0
2954,177.27,114.92993589,55.4727357,1,0,0.0,0.0,0.0
2955,177.33,113.10980602,55.03393919,1,0,0.0,0.0,0.0
2956,177.39,111.28414223,54.59846838,1,0,0.0,0.0,0.0
2957,177.45,109.45175689,54.17061343,1,0,0.0,0.0,0.0
2958,177.51,107.61220143,53.74516565,1,0,0.0,0.0,0.0
2959,177.57,105.76429039,53.32804473,1,0,0.0,0.0,0.0
2960,177.63,103.90745512,52.91309512,1,0,0.0,0.0,0.0
2961,177.69,102.04045049,52.50657611,1,0,0.0,0.0,0.0
2962,177.75,100.16261557,52.10276164,1,0,0.0,0.0,0.0
2963,177.81,98.27254589,51.70677299,1,0,0.0,0.0,0.0
2964,177.87,96.36950909,51.3149008,1,0,0.0,0.0,0.0
2965,177.93,94.45185651,50.92943179,1,0,0.0,0.0,0.0
2966,177.99,92.51869714,50.55049964,1,0,0.0,0.0,0.0
2967,178.05,90.56819439,50.17559965,1,0,0.0,0.0,0.0
2968,178.11,88.59888918,49.81081853,1,0,0.0,0.0,0.0
2969,178.17,86.60897091,49.45080803,1,0,0.0,0.0,0.0
2970,178.23,84.59600092,49.09738466,1,0,0.0,0.0,0.0
2971,178.29,82.55758161,48.75443629,1,0,0.0,0.0,0.0
2972,178.35,80.49057241,48.41923024,1,0,0.0,0.0,0.0
2973,178.41,78.39077234,48.09341564,1,0,0.0,0.0,0.0
2974,178.47,76.25249056,47.77882078,1,0,0.0,0.0,0.0
2975,178.53,74.0669741,47.47745313,1,0,0.0,0.0,0.0
2976,178.59,71.81706351,47.19476129,1,0,0.0,0.0,0.0
2977,178.65,69.44961669,46.94496167,1,0,0.0,0.0,0.0
2978,178.71,67.04961669,46.70496167,1,0,0.0,0.0,0.0
2979,178.77,64.64961669,46.46496167,1,0,0.0,0.0,0.0
2980,178.83,62.24961669,46.22496167,1,0,0.0,0.0,0.0
2981,178.89,59.84961669,45.98496167,1,0,0.0,0.0,0.0
2982,178.95,57.44961669,45.74496167,1,0,0.0,0.0,0.0
2983,179.01,55.04961669,45.50496167,1,0,0.0,0.0,0.0
2984,179.07,52.64961669,45.26496167,1,0,0.0,0.0,0.0
2985,179.13,50.24961669,45.02496167,1,0,0.0,0.0,0.0
2986,179.19,47.84961669,44.78496167,1,0,0.0,0.0,0.0
2987,179.25,45.44961669,44.54496167,1,0,0.0,0.0,0.0
2988,179.31,43.04961669,44.30496167,1,0,0.0,0.0,0.0
2989,179.37,40.64961669,44.06496167,1,0,0.0,0.0,0.0
2990,179.43,38.24961669,43.82496167,1,0,0.0,0.0,0.0
2991,179.49,35.84961669,43.58496167,1,0,0.0,0.0,0.0
2992,179.55,33.44961669,43.34496167,1,0,0.0,0.0,0.0
2993,179.61,31.04961669,43.10496167,1,0,0.0,0.0,0.0
2994,179.67,28.64961669,42.86496167,1,0,0.0,0.0,0.0
2995,179.73,26.24961669,42.62496167,1,0,0.0,0.0,0.0
2996,179.79,23.84961669,42.38496167,1,0,0.0,0.0,0.0
2997,179.85,21.44961669,42.14496167,1,0,0.0,0.0,0.0
2998,179.91,19.04961669,41.90496167,1,0,0.0,0.0,0.0
2999,179.97,16.64961669,41.66496167,1,0,0.0,0.0,0.0
3000,180.03,14.24961669,41.42496167,1,0,0.0,0.0,0.0
3001,180.09,11.84961669,41.18496167,1,0,0.0,0.0,0.0
3002,180.15,9.44961669,40.94496167,1,0,0.0,0.0,0.0
3003,180.21,7.04961669,40.70496167,1,0,0.0,0.0,0.0
3004,180.27,4.64961669,40.46496167,1,0,0.0,0.0,0.0
3005,180.33,2.24961669,40.22496167,1,0,0.0,0.0,0.0
3006,180.37312021,0.52480835,40.05248083,1,0,0.0,0.0,0.0
