layer_index,z_mm,part_area_mm2,part_perimeter_mm,part_component_count,new_island_count,unsupported_area_mm2,support_area_mm2,support_perimeter_mm
0,0.03,7.8,260.12,1,0,0.0,2945.75,3040.0
1,0.09,23.4,260.36,1,0,0.0,2945.75,3040.0
2,0.15,39.0,260.6,1,0,0.0,2945.75,3040.0
3,0.21,54.6,260.84,1,0,0.0,2945.75,3040.0
4,0.27,70.2,261.08,1,0,0.0,2945.75,3040.0
5,0.33,85.8,261.32,1,0,0.0,2945.75,3040.0
6,0.39,101.4,261.56,1,0,0.0,2945.75,3040.0
7,0.45,117.0,261.8,1,0,0.0,2945.75,3040.0
8,0.51,132.6,262.04,1,0,0.0,2945.75,3040.0
9,0.57,148.2,262.28,1,0,0.0,2945.75,3040.0
10,0.63,163.8,262.52,1,0,0.0,2945.75,3040.0
11,0.69,179.4,262.76,1,0,0.0,2945.75,3040.0
12,0.75,195.0,263.0,1,0,0.0,2945.75,3040.0
13,0.81,210.6,263.24,1,0,0.0,2945.75,3040.0
14,0.87,226.2,263.48,1,0,0.0,2945.75,3040.0
15,0.93,241.8,263.72,1,0,0.0,2945.75,3040.0
16,0.99,257.4,263.96,1,0,0.0,2945.75,3040.0
17,1.05,273.0,264.2,1,0,0.0,2945.75,3040.0
18,1.11,288.6,264.44,1,0,0.0,2945.75,3040.0
19,1.17,304.2,264.68,1,0,0.0,2945.75,3040.0
20,1.23,319.8,264.92,1,0,0.0,2945.75,3040.0
21,1.29,335.4,265.16,1,0,0.0,2945.75,3040.0
22,1.35,351.0,265.4,1,0,0.0,2945.75,3040.0
23,1.41,366.6,265.64,1,0,0.0,2945.75,3040.0
24,1.47,382.2,265.88,1,0,0.0,2945.75,3040.0
25,1.53,397.8,266.12,1,0,0.0,2945.75,3040.0
26,1.59,413.4,266.36,1,0,0.0,2945.75,3040.0
27,1.65,429.0,266.6,1,0,0.0,2945.75,3040.0
28,1.71,444.6,266.84,1,0,0.0,2945.75,3040.0
29,1.77,460.2,267.08,1,0,0.0,2945.75,3040.0
30,1.83,475.8,267.32,1,0,0.0,2945.75,3040.0
31,1.89,491.4,267.56,1,0,0.0,2945.75,3040.0
32,1.95,507.0,267.8,1,0,0.0,2945.75,3040.0
33,2.01,522.6,268.04,1,0,0.0,2945.75,3040.0
34,2.07,538.2,268.28,1,0,0.0,2945.75,3040.0
35,2.13,553.8,268.52,1,0,0.0,2945.75,3040.0
36,2.19,569.4,268.76,1,0,0.0,2945.75,3040.0
37,2.25,585.0,269.0,1,0,0.0,2945.75,3040.0
38,2.31,600.6,269.24,1,0,0.0,2945.75,3040.0
39,2.37,616.2,269.48,1,0,0.0,2945.75,3040.0
40,2.43,631.8,269.72,1,0,0.0,2945.75,3040.0
41,2.49,647.4,269.96,1,0,0.0,2945.75,3040.0
42,2.55,663.0,270.2,1,0,0.0,2945.75,3040.0
43,2.61,678.6,270.44,1,0,0.0,2945.75,3040.0
44,2.67,694.2,270.68,1,0,0.0,2945.75,3040.0
45,2.73,709.8,270.92,1,0,0.0,2945.75,3040.0
46,2.79,725.4,271.16,1,0,0.0,2945.75,3040.0
47,2.85,741.0,271.4,1,0,0.0,2945.75,3040.0
48,2.91,756.6,271.64,1,0,0.0,2945.75,3040.0
49,2.97,772.2,271.88,1,0,0.0,2945.75,3040.0
50,3.03,787.8,272.12,1,0,0.0,2945.75,3040.0
51,3.09,803.4,272.36,1,0,0.0,2945.75,3040.0
52,3.15,819.0,272.6,1,0,0.0,2945.75,3040.0
53,3.21,834.6,272.84,1,0,0.0,2945.75,3040.0
54,3.27,850.2,273.08,1,0,0.0,2945.75,3040.0
55,3.33,865.8,273.32,1,0,0.0,2945.75,3040.0
56,3.39,881.4,273.56,1,0,0.0,2945.75,3040.0
57,3.45,897.0,273.8,1,0,0.0,2945.75,3040.0
58,3.51,912.6,274.04,1,0,0.0,2945.75,3040.0
59,3.57,928.2,274.28,1,0,0.0,2945.75,3040.0
60,3.63,943.8,274.52,1,0,0.0,2945.75,3040.0
61,3.69,959.4,274.76,1,0,0.0,2945.75,3040.0
62,3.75,975.0,275.0,1,0,0.0,2945.75,3040.0
63,3.81,990.6,275.24,1,0,0.0,2945.75,3040.0
64,3.87,1006.2,275.48,1,0,0.0,2945.75,3040.0
65,3.93,1021.8,275.72,1,0,0.0,2945.75,3040.0
66,3.99,1037.4,275.96,1,0,0.0,2945.75,3040.0
67,4.05,1053.0,276.2,1,0,0.0,2945.75,3040.0
68,4.11,1068.6,276.44,1,0,0.0,2945.75,3040.0
69,4.17,1084.2,276.68,1,0,0.0,2945.75,3040.0
70,4.23,1099.8,276.92,1,0,0.0,2945.75,3040.0
71,4.29,1115.4,277.16,1,0,0.0,2945.75,3040.0
72,4.35,1131.0,277.4,1,0,0.0,2945.75,3040.0
73,4.41,1146.6,277.64,1,0,0.0,2945.75,3040.0
74,4.47,1162.2,277.88,1,0,0.0,2945.75,3040.0
75,4.53,1177.8,278.12,1,0,0.0,2945.75,3040.0
76,4.59,1193.4,278.36,1,0,0.0,2945.75,3040.0
77,4.65,1209.0,278.6,1,0,0.0,2945.75,3040.0
78,4.71,1224.6,278.84,1,0,0.0,2945.75,3040.0
79,4.77,1240.2,279.08,1,0,0.0,2945.75,3040.0
80,4.83,1255.8,279.32,1,0,0.0,2945.75,3040.0
81,4.89,1271.4,279.56,1,0,0.0,2945.75,3040.0
82,4.95,1287.0,279.8,1,0,0.0,2945.75,3040.0
83,5.01,1302.6,280.04,1,0,0.0,2945.75,3040.0
84,5.07,1318.2,280.28,1,0,0.0,2945.75,3040.0
85,5.13,1333.8,280.52,1,0,0.0,2945.75,3040.0
86,5.19,1349.4,280.76,1,0,0.0,2945.75,3040.0
87,5.25,1365.0,281.0,1,0,0.0,2945.75,3040.0
88,5.31,1380.6,281.24,1,0,0.0,2945.75,3040.0
89,5.37,1396.2,281.48,1,0,0.0,2945.75,3040.0
90,5.43,1411.8,281.72,1,0,0.0,2945.75,3040.0
91,5.49,1427.4,281.96,1,0,0.0,2945.75,3040.0
92,5.55,1443.0,282.2,1,0,0.0,2945.75,3040.0
93,5.61,1458.6,282.44,1,0,0.0,2945.75,3040.0
94,5.67,1474.2,282.68,1,0,0.0,2945.75,3040.0
95,5.73,1489.8,282.92,1,0,0.0,2945.75,3040.0
96,5.79,1505.4,283.16,1,0,0.0,2945.75,3040.0
97,5.85,1521.0,283.4,1,0,0.0,2945.75,3040.0
98,5.91,1536.6,283.64,1,0,0.0,2945.75,3040.0
99,5.97,1552.2,283.88,1,0,0.0,2945.75,3040.0
100,6.03,1567.8,284.12,1,0,0.0,2945.75,3040.0
101,6.09,1583.4,284.36,1,0,0.0,2945.75,3040.0
102,6.15,1599.0,284.6,1,0,0.0,2945.75,3040.0
103,6.21,1614.6,284.84,1,0,0.0,2945.75,3040.0
104,6.27,1630.2,285.08,1,0,0.0,2945.75,3040.0
105,6.33,1645.8,285.32,1,0,0.0,2945.75,3040.0
106,6.39,1661.4,285.56,1,0,0.0,2945.75,3040.0
107,6.45,1677.0,285.8,1,0,0.0,2945.75,3040.0
108,6.51,1692.6,286.04,1,0,0.0,2945.75,3040.0
109,6.57,1708.2,286.28,1,0,0.0,2945.75,3040.0
110,6.63,1723.8,286.52,1,0,0.0,2945.75,3040.0
111,6.69,1739.4,286.76,1,0,0.0,2945.75,3040.0
112,6.75,1755.0,287.0,1,0,0.0,2945.75,3040.0
113,6.81,1770.6,287.24,1,0,0.0,2945.75,3040.0
114,6.87,1786.2,287.48,1,0,0.0,2945.75,3040.0
115,6.93,1801.8,287.72,1,0,0.0,2945.75,3040.0
116,6.99,1817.4,287.96,1,0,0.0,2945.75,3040.0
117,7.05,1833.0,288.2,1,0,0.0,2945.75,3040.0
118,7.11,1848.6,288.44,1,0,0.0,2945.75,3040.0
119,7.17,1864.2,288.68,1,0,0.0,2945.75,3040.0
120,7.23,1879.8,288.92,1,0,0.0,2945.75,3040.0
121,7.29,1895.4,289.16,1,0,0.0,2945.75,3040.0
122,7.35,1911.0,289.4,1,0,0.0,2945.75,3040.0
123,7.41,1926.6,289.64,1,0,0.0,2945.75,3040.0
124,7.47,1942.2,289.88,1,0,0.0,2945.75,3040.0
125,7.53,1957.8,290.12,1,0,0.0,2945.75,3040.0
126,7.59,1973.4,290.36,1,0,0.0,2945.75,3040.0
127,7.65,1989.0,290.6,1,0,0.0,2945.75,3040.0
128,7.71,2004.6,290.84,1,0,0.0,2945.75,3040.0
129,7.77,2020.2,291.08,1,0,0.0,2945.75,3040.0
130,7.83,2035.8,291.32,1,0,0.0,2945.75,3040.0
131,7.89,2051.4,291.56,1,0,0.0,2945.75,3040.0
132,7.95,2067.0,291.8,1,0,0.0,2945.75,3040.0
133,8.01,2082.6,292.04,1,0,0.0,2945.75,3040.0
134,8.07,2098.2,292.28,1,0,0.0,2945.75,3040.0
135,8.13,2113.8,292.52,1,0,0.0,2945.75,3040.0
136,8.19,2129.4,292.76,1,0,0.0,2945.75,3040.0
137,8.25,2145.0,293.0,1,0,0.0,2945.75,3040.0
138,8.31,2160.6,293.24,1,0,0.0,2945.75,3040.0
139,8.37,2176.2,293.48,1,0,0.0,2945.75,3040.0
140,8.43,2191.8,293.72,1,0,0.0,2945.75,3040.0
141,8.49,2207.4,293.96,1,0,0.0,2945.75,3040.0
142,8.55,2223.0,294.2,1,0,0.0,2945.75,3040.0
143,8.61,2238.6,294.44,1,0,0.0,2945.75,3040.0
144,8.67,2254.2,294.68,1,0,0.0,2945.75,3040.0
145,8.73,2269.8,294.92,1,0,0.0,2945.75,3040.0
146,8.79,2285.4,295.16,1,0,0.0,2945.75,3040.0
147,8.85,2301.0,295.4,1,0,0.0,2945.75,3040.0
148,8.91,2316.6,295.64,1,0,0.0,2945.75,3040.0
149,8.97,2332.2,295.88,1,0,0.0,2945.75,3040.0
150,9.03,2347.8,296.12,1,0,0.0,2945.75,3040.0
151,9.09,2363.4,296.36,1,0,0.0,2945.75,3040.0
152,9.15,2379.0,296.6,1,0,0.0,2945.75,3040.0
153,9.21,2394.6,296.84,1,0,0.0,2945.75,3040.0
154,9.27,2410.2,297.08,1,0,0.0,2945.75,3040.0
155,9.33,2425.8,297.32,1,0,0.0,2945.75,3040.0
156,9.39,2441.4,297.56,1,0,0.0,2945.75,3040.0
157,9.45,2457.0,297.8,1,0,0.0,2945.75,3040.0
158,9.51,2472.6,298.04,1,0,0.0,2945.75,3040.0
159,9.57,2488.2,298.28,1,0,0.0,2945.75,3040.0
160,9.63,2503.8,298.52,1,0,0.0,2945.75,3040.0
161,9.69,2519.4,298.76,1,0,0.0,2945.75,3040.0
162,9.75,2535.0,299.0,1,0,0.0,2945.75,3040.0
163,9.81,2550.6,299.24,1,0,0.0,2945.75,3040.0
164,9.87,2566.2,299.48,1,0,0.0,2945.75,3040.0
165,9.93,2581.8,299.72,1,0,0.0,2945.75,3040.0
166,9.99,2597.4,299.96,1,0,0.0,2945.75,3040.0
167,10.05,2613.0,300.2,1,0,0.0,2945.75,3040.0
168,10.11,2628.6,300.44,1,0,0.0,2945.75,3040.0
169,10.17,2644.2,300.68,1,0,0.0,2945.75,3040.0
170,10.23,2659.8,300.92,1,0,0.0,2945.75,3040.0
171,10.29,2675.4,301.16,1,0,0.0,2945.75,3040.0
172,10.35,2691.0,301.4,1,0,0.0,2945.75,3040.0
173,10.41,2706.6,301.64,1,0,0.0,2945.75,3040.0
174,10.47,2722.2,301.88,1,0,0.0,2945.75,3040.0
175,10.53,2737.8,302.12,1,0,0.0,2945.75,3040.0
176,10.59,2753.4,302.36,1,0,0.0,2945.75,3040.0
177,10.65,2769.0,302.6,1,0,0.0,2945.75,3040.0
178,10.71,2784.6,302.84,1,0,0.0,2945.75,3040.0
179,10.77,2800.2,303.08,1,0,0.0,2945.75,3040.0
180,10.83,2815.8,303.32,1,0,0.0,2945.75,3040.0
181,10.89,2831.4,303.56,1,0,0.0,2945.75,3040.0
182,10.95,2847.0,303.8,1,0,0.0,2945.75,3040.0
183,11.01,2862.53443444,304.04259315,1,0,0.0,2945.75,3040.0
184,11.07,2877.70063117,304.30015789,1,0,0.0,2945.75,3040.0
185,11.13,2892.65904141,304.56236773,1,0,0.0,2946.75,3041.0
186,11.19,2907.46966052,304.83398103,1,0,0.0,2947.25,3041.0
187,11.25,2922.15605383,305.10559433,1,0,0.0,2947.75,3041.0
188,11.31,2936.72316331,305.3822307,1,0,0.0,2947.75,3041.0
189,11.37,2951.19469881,305.66713079,1,0,0.0,2948.75,3041.0
190,11.43,2965.57937383,305.95203087,1,0,0.0,2949.25,3041.0
191,11.49,2979.87718838,306.23693096,1,0,0.0,2949.75,3041.0
192,11.55,2994.09078959,306.52645696,1,0,0.0,2949.75,3041.0
193,11.61,3008.23114469,306.82339701,1,0,0.0,2950.75,3042.0
194,11.67,3022.30497161,307.1214448,1,0,0.0,2952.0,3042.0
195,11.73,3036.31240915,307.41949258,1,0,0.0,2953.25,3042.0
196,11.79,3050.2534573,307.71754037,1,0,0.0,2954.5,3042.0
197,11.85,3064.12902058,308.0189427,1,0,0.0,2955.5,3042.0
198,11.91,3077.94474412,308.32624783,1,0,0.0,2956.75,3042.0
199,11.97,3091.70609231,308.63724322,1,0,0.0,2957.0,3042.0
200,12.03,3105.41408847,308.94823862,1,0,0.0,2957.5,3042.0
201,12.09,3119.0687326,309.25923402,1,0,0.0,2958.25,3043.0
202,12.15,3132.67002469,309.57022942,1,0,0.0,2959.75,3044.0
203,12.21,3146.21803556,309.88232912,1,0,0.0,2960.75,3044.0
204,12.27,3159.71579156,310.19968819,1,0,0.0,2961.75,3044.0
205,12.33,3173.16659047,310.52258997,1,0,0.0,2962.25,3044.0
206,12.39,3186.57313232,310.8462894,1,0,0.0,2962.5,3044.0
207,12.45,3199.93545214,311.16998882,1,0,0.0,2962.75,3044.0
208,12.51,3213.25354994,311.49368825,1,0,0.0,2963.25,3044.0
209,12.57,3226.52742571,311.81738768,1,0,0.0,2964.5,3046.0
210,12.63,3239.75707945,312.1410871,1,0,0.0,2966.25,3048.0
211,12.69,3252.94337381,312.4691767,1,0,0.0,2966.75,3048.0
212,12.75,3266.08883738,312.80035464,1,0,0.0,2967.75,3050.0
213,12.81,3279.19581221,313.13649289,1,0,0.0,2969.5,3054.0
214,12.87,3292.26535704,313.47263113,1,0,0.0,2970.0,3056.0
215,12.93,3305.29747187,313.80876938,1,0,0.0,2970.25,3056.0
216,12.99,3318.29215671,314.14490762,1,0,0.0,2971.0,3056.0
217,13.05,3331.24941155,314.48104587,1,0,0.0,2971.75,3059.0
218,13.11,3344.1692364,314.81718411,1,0,0.0,2974.0,3062.0
219,13.17,3357.0516615,315.15423213,1,0,0.0,2975.75,3067.0
220,13.23,3369.89838957,315.49646573,1,0,0.0,2976.5,3068.0
221,13.29,3382.71066542,315.84142625,1,0,0.0,2978.25,3069.0
222,13.35,3395.49043015,316.18973017,1,0,0.0,2978.25,3069.0
223,13.41,3408.23807768,316.53803409,1,0,0.0,2978.5,3069.0
224,13.47,3420.953608,316.886338,1,0,0.0,2980.0,3074.0
225,13.53,3433.63702111,317.23464192,1,0,0.0,2981.5,3078.0
226,13.59,3446.28831702,317.58294584,1,0,0.0,2983.5,3078.0
227,13.65,3458.90749573,317.93124975,1,0,0.0,2985.5,3079.0
228,13.71,3471.49455723,318.27955367,1,0,0.0,2986.5,3079.0
229,13.77,3484.04983759,318.63115108,1,0,0.0,2987.75,3080.0
230,13.83,3496.57498187,318.98542501,1,0,0.0,2987.75,3080.0
231,13.89,3509.07067654,319.34365187,1,0,0.0,2988.5,3082.0
232,13.95,3521.53845229,319.70386938,1,0,0.0,2989.75,3086.0
233,14.01,3533.97842806,320.06408688,1,0,0.0,2991.75,3089.0
234,14.07,3546.39060385,320.42430438,1,0,0.0,2993.25,3089.0
235,14.13,3558.77497966,320.78452189,1,0,0.0,2995.25,3090.0
236,14.19,3571.13155549,321.14473939,1,0,0.0,2996.0,3090.0
237,14.25,3583.46033135,321.50495689,1,0,0.0,2997.5,3091.0
238,14.31,3595.76130722,321.8651744,1,0,0.0,2998.0,3092.0
239,14.37,3608.03448312,322.2253919,1,0,0.0,2998.5,3092.0
240,14.43,3620.2807021,322.59123946,1,0,0.0,3000.75,3095.0
241,14.49,3632.50093377,322.95729634,1,0,0.0,3003.25,3096.0
242,14.55,3644.69589259,323.32858385,1,0,0.0,3004.0,3096.0
243,14.61,3656.86662176,323.70045973,1,0,0.0,3005.75,3096.0
244,14.67,3669.01313033,324.0723356,1,0,0.0,3006.25,3096.0
245,14.73,3681.13541828,324.44421148,1,0,0.0,3008.25,3096.0
246,14.79,3693.23348562,324.81608735,1,0,0.0,3008.5,3096.0
247,14.85,3705.30733235,325.18796323,1,0,0.0,3010.25,3097.0
248,14.91,3717.35695847,325.5598391,1,0,0.0,3012.75,3098.0
249,14.97,3729.38236398,325.93171498,1,0,0.0,3013.75,3099.0
250,15.03,3741.38354888,326.30359085,1,0,0.0,3014.25,3099.0
251,15.09,3753.36066352,326.67798713,1,0,0.0,3016.25,3100.0
252,15.15,3765.31486905,327.05559572,1,0,0.0,3017.25,3100.0
253,15.21,3777.24644247,327.43439022,1,0,0.0,3019.0,3101.0
254,15.27,3789.15639472,327.81771435,1,0,0.0,3019.25,3101.0
255,15.33,3801.0452036,328.20103847,1,0,0.0,3022.0,3102.0
256,15.39,3812.91286911,328.5843626,1,0,0.0,3023.5,3102.0
257,15.45,3824.75939126,328.96768672,1,0,0.0,3024.75,3102.0
258,15.51,3836.58477005,329.35101085,1,0,0.0,3026.0,3102.0
259,15.57,3849.15345104,385.73433497,1,0,0.76251626,3013.75,3044.0
260,15.63,3864.2965431,386.11765909,1,0,0.0,3015.5,3045.0
261,15.69,3879.41849179,386.50098322,1,0,0.0,3016.25,3045.0
262,15.75,3894.51929711,386.88430734,1,0,0.0,3017.0,3046.0
263,15.81,3909.59896011,387.26785234,1,0,0.0,3020.25,3047.0
264,15.87,3924.65821387,387.65682134,1,0,0.0,3021.5,3047.0
265,15.93,3939.69768785,388.04579033,1,0,0.0,3022.5,3048.0
266,15.99,3954.71766356,388.43842912,1,0,0.0,3024.25,3048.0
267,16.05,3969.71910463,388.83302917,1,0,0.0,3026.25,3048.0
268,16.11,3984.70209144,389.22762921,1,0,0.0,3027.0,3049.0
269,16.17,3999.66662401,389.62222926,1,0,0.0,3028.25,3049.0
270,16.23,4014.61270233,390.01682931,1,0,0.0,3029.25,3050.0
271,16.29,4029.54032639,390.41142936,1,0,0.0,3032.5,3050.0
272,16.35,4044.44949621,390.8060294,1,0,0.0,3033.5,3050.0
273,16.41,4059.34021178,391.20062945,1,0,0.0,3034.75,3050.0
274,16.47,4074.2124731,391.5952295,1,0,0.0,3036.25,3050.0
275,16.53,4089.06628017,391.98982954,1,0,0.0,3038.25,3050.0
276,16.59,4103.90163299,392.38442959,1,0,0.0,3039.0,3050.0
277,16.65,4118.71894807,392.78365486,1,0,0.0,3040.5,3050.0
278,16.71,4133.5190079,393.18384517,1,0,0.0,3042.5,3051.0
279,16.77,4148.30188084,393.58561376,1,0,0.0,3044.5,3051.0
280,16.83,4163.06837335,393.99111738,1,0,0.0,3045.25,3052.0
281,16.89,4177.81876655,394.39662099,1,0,0.0,3047.5,3052.0
282,16.95,4192.55306045,394.8021246,1,0,0.0,3048.75,3052.0
283,17.01,4205.06276894,395.20762822,1,0,0.0,3050.25,3053.0
284,17.07,4216.40486422,395.61313183,1,0,0.0,3051.0,3053.0
285,17.13,4227.73086018,396.01863545,1,0,0.0,3052.25,3053.0
286,17.19,4239.04075684,396.42413906,1,0,0.0,3055.25,3054.0
287,17.25,4250.33455418,396.82964267,1,0,0.0,3057.0,3054.0
288,17.31,4261.61225222,397.23514629,1,0,0.0,3058.0,3054.0
289,17.37,4272.87385094,397.6406499,1,0,0.0,3060.25,3055.0
290,17.43,4284.11935036,398.04615351,1,0,0.0,3062.5,3055.0
291,17.49,4295.34916452,398.45649253,1,0,0.0,3063.5,3055.0
292,17.55,4306.56410382,398.87027745,1,0,0.0,3064.75,3055.0
293,17.61,4317.76491356,399.28634296,1,0,0.0,3065.5,3055.0
294,17.67,4328.9516952,399.70240847,1,0,0.0,3068.5,3056.0
295,17.73,4340.12444876,400.11847398,1,0,0.0,3069.5,3056.0
296,17.79,4351.28317424,400.53453949,1,0,0.0,3071.25,3056.0
297,17.85,4362.42787164,400.950605,1,0,0.0,3073.5,3056.0
298,17.91,4373.55854095,401.36667051,1,0,0.0,3075.75,3057.0
299,17.97,4384.67518218,401.78273602,1,0,0.0,3077.25,3057.0
300,18.03,4395.77779532,402.19880153,1,0,0.0,3077.75,3057.0
301,18.09,4406.86638038,402.61486704,1,0,0.0,3080.75,3059.0
302,18.15,4417.94093735,403.03093255,1,0,0.0,3082.75,3058.0
303,18.21,4429.00146624,403.44699806,1,0,0.0,3084.75,3058.0
304,18.27,4441.52937403,459.864284,1,0,1.48730975,3072.75,3001.0
305,18.33,4455.53436178,460.28315466,1,0,0.0,3074.75,3001.0
306,18.39,4468.99935063,460.69682285,1,0,0.0,3076.25,3002.0
307,18.45,4482.19956188,461.11783189,1,0,0.0,3077.5,3002.0
308,18.51,4495.20025081,461.53884093,1,0,0.0,3078.25,3002.0
309,18.57,4508.00141741,461.95984997,1,0,0.0,3081.25,3003.0
310,18.63,4520.60306169,462.38085901,1,0,0.0,3083.75,3003.0
311,18.69,4533.00527313,462.80246961,1,0,0.0,3085.0,3003.0
312,18.75,4545.2488779,463.23576771,1,0,0.0,3087.25,3003.0
313,18.81,4557.36765764,463.66906582,1,0,0.0,3088.75,3003.0
314,18.87,4569.3623314,464.10652723,1,0,0.0,3090.25,3003.0
315,18.93,4581.23452778,464.54531858,1,0,0.0,3090.75,3003.0
316,18.99,4592.98385899,464.98452966,1,0,0.0,3092.25,3005.0
317,19.05,4604.6098698,465.42423187,1,0,0.0,3095.0,3006.0
318,19.11,4616.11238706,465.86393408,1,0,0.0,3097.0,3006.0
319,19.17,4627.49141075,466.30363629,1,0,0.0,3098.5,3006.0
320,19.23,4638.74730562,466.74516255,1,0,0.0,3100.5,3006.0
321,19.29,4649.90034682,467.19700253,1,0,0.0,3101.25,3007.0
322,19.35,4660.96219674,467.64903114,1,0,0.0,3102.75,3008.0
323,19.41,4671.93398555,468.1062267,1,0,0.0,3103.5,3008.0
324,19.47,4682.808716,468.56414714,1,0,0.0,3106.0,3010.0
325,19.53,4693.53223589,469.02654501,1,0,0.0,3108.75,3009.0
326,19.59,4704.12922752,469.4922574,1,0,0.0,3110.0,3009.0
327,19.65,4714.60968983,469.959254,1,0,0.0,3111.75,3009.0
328,19.71,4722.0413155,470.42887412,1,0,0.0,3113.25,3009.0
329,19.77,4728.94012248,470.89992133,1,0,0.0,3114.0,3011.0
330,19.83,4735.73757662,471.37064405,1,0,0.0,3115.25,3011.0
331,19.89,4742.78446395,471.85750457,1,0,0.0,3115.75,3012.0
332,19.95,4750.26303641,472.63979523,1,0,0.0,3118.5,3014.0
333,20.01,4757.91086269,473.42376555,1,0,0.0,3120.75,3017.0
334,20.07,4765.66521823,474.21092297,1,0,0.0,3122.0,3019.0
335,20.13,4773.52736118,474.98820582,1,0,0.0,3123.0,3019.0
336,20.19,4781.49568312,475.49468569,1,0,0.0,3123.75,3023.0
337,20.25,4789.56880176,476.00153305,1,0,0.0,3124.25,3023.0
338,20.31,4797.70926274,476.49644711,1,0,0.0,3125.5,3025.0
339,20.37,4805.88040071,476.99235646,1,0,0.0,3127.0,3031.0
340,20.43,4814.0823822,477.48919086,1,0,0.0,3130.25,3037.0
341,20.49,4822.31540164,477.98684836,1,0,0.0,3131.5,3042.0
342,20.55,4830.57994495,478.48533126,1,0,0.0,3133.75,3050.0
343,20.61,4838.87630125,478.98403953,1,0,0.0,3135.0,3054.0
344,20.67,4847.20453732,479.48390691,1,0,0.0,3136.75,3057.0
345,20.73,4855.56483624,479.98463664,1,0,0.0,3138.0,3058.0
346,20.79,4863.95719438,480.48421873,1,0,0.0,3138.5,3059.0
347,20.85,4872.36256945,480.97333437,1,0,0.0,3140.5,3062.0
348,20.91,4880.76825748,481.46362676,1,0,0.0,3142.0,3068.0
349,20.97,4891.39990574,537.96855664,1,0,2.21182525,3131.0,3012.0
350,21.03,4903.18538088,538.46747775,1,0,0.0,3132.5,3012.0
351,21.09,4914.98626274,538.96396798,1,0,0.0,3134.75,3014.0
352,21.15,4926.80331639,539.46772277,1,0,0.0,3136.25,3015.0
353,21.21,4938.63647054,539.97158555,1,0,0.0,3137.5,3016.0
354,21.27,4950.48539285,540.4785261,1,0,0.0,3138.25,3017.0
355,21.33,4962.34943926,540.98884916,1,0,0.0,3141.25,3027.0
356,21.39,4974.2288177,541.50039317,1,0,0.0,3144.75,3031.0
357,21.45,4986.12383298,542.01251225,1,0,0.0,3146.0,3033.0
358,21.51,4998.03454307,542.52463133,1,0,0.0,3147.5,3035.0
359,21.57,5009.95631826,543.02822523,1,0,0.0,3149.25,3035.0
360,21.63,5021.87634021,543.52881895,1,0,0.0,3150.25,3035.0
361,21.69,5033.7936948,544.03016791,1,0,0.0,3154.5,3042.0
362,21.75,5045.70869634,544.53543768,1,0,0.0,3157.25,3044.0
363,21.81,5057.62194547,545.04171522,1,0,0.0,3158.5,3044.0
364,21.87,5069.53366821,545.54903406,1,0,0.0,3159.25,3044.0
365,21.93,5081.44402106,546.0565663,1,0,0.0,3160.0,3044.0
366,21.99,5093.35308134,546.56440193,1,0,0.0,3163.25,3048.0
367,22.05,5105.26104818,547.07466466,1,0,0.0,3164.25,3048.0
368,22.11,5117.1709561,547.60093273,1,0,0.0,3168.25,3051.0
369,22.17,5129.08866993,548.12038616,1,0,0.0,3170.75,3054.0
370,22.23,5141.01545351,548.63791935,1,0,0.0,3173.25,3055.0
371,22.29,5152.95200285,549.15489125,1,0,0.0,3175.25,3056.0
372,22.35,5164.59487666,549.67192591,1,0,0.0,3176.75,3056.0
373,22.41,5173.1915623,550.19292647,1,0,0.0,3178.5,3056.0
374,22.47,5181.79786706,550.71574047,1,0,0.0,3180.25,3056.0
375,22.53,5190.4090675,551.22805393,1,0,0.0,3183.5,3060.0
376,22.59,5199.01819311,551.73914991,1,0,0.0,3186.0,3060.0
377,22.65,5207.62509704,552.25088803,1,0,0.0,3189.0,3064.0
378,22.71,5216.22973715,552.76616274,1,0,0.0,3190.75,3063.0
379,22.77,5224.83275082,553.28338892,1,0,0.0,3193.0,3063.0
380,22.83,5233.43426526,553.800817,1,0,0.0,3195.25,3065.0
381,22.89,5242.03428626,554.31824507,1,0,0.0,3198.0,3068.0
382,22.95,5250.63280635,554.83586847,1,0,0.0,3201.5,3071.0
383,23.01,5259.22968027,555.35543613,1,0,0.0,3204.25,3072.0
384,23.07,5267.82559659,555.87924974,1,0,0.0,3206.25,3074.0
385,23.13,5276.42088061,556.40306335,1,0,0.0,3208.0,3074.0
386,23.19,5285.01553231,556.92687696,1,0,0.0,3210.25,3075.0
387,23.25,5293.60951456,557.45242346,1,0,0.0,3213.0,3075.0
388,23.31,5302.20306951,557.97184333,1,0,0.0,3217.5,3078.0
389,23.37,5310.79711171,558.49005069,1,0,0.0,3220.0,3080.0
390,23.43,5319.39211036,559.01256666,1,0,0.0,3222.25,3081.0
391,23.49,5327.99265463,559.54201001,1,0,0.0,3223.75,3081.0
392,23.55,5336.59965291,560.07568784,1,0,0.0,3226.5,3082.0
393,23.61,5345.2126933,560.60987177,1,0,0.0,3229.0,3081.0
394,23.67,5356.77690704,617.13778237,1,0,2.93633848,3217.5,3024.0
395,23.73,5368.7522084,617.66709779,1,0,0.0,3221.0,3027.0
396,23.79,5380.72598047,618.1964132,1,0,0.0,3223.75,3031.0
397,23.85,5392.69821629,618.72647178,1,0,0.0,3225.75,3031.0
398,23.91,5404.66060513,619.2581263,1,0,0.0,3228.5,3034.0
399,23.97,5416.55786217,619.79487272,1,0,0.0,3231.0,3034.0
400,24.03,5428.41508843,620.33825816,1,0,0.0,3232.75,3033.0
401,24.09,5440.2442787,620.88496799,1,0,0.0,3236.5,3034.0
402,24.15,5452.04946638,621.43367661,1,0,0.0,3240.5,3037.0
403,24.21,5463.67632064,622.00472883,1,0,0.0,3243.5,3038.0
404,24.27,5474.95506566,622.61990805,1,0,0.0,3246.25,3038.0
405,24.33,5486.03711683,623.26013016,1,0,0.0,3250.75,3039.0
406,24.39,5496.96367619,623.9223711,1,0,0.0,3252.75,3042.0
407,24.45,5507.75899307,624.59220064,1,0,0.0,3256.0,3041.0
408,24.51,5518.44142653,625.27867397,1,0,0.0,3258.5,3043.0
409,24.57,5529.01894505,625.97534682,1,0,0.0,3262.25,3043.0
410,24.63,5539.50395245,626.68681153,1,0,0.0,3264.25,3043.0
411,24.69,5549.90001489,627.41163192,1,0,0.0,3267.0,3045.0
412,24.75,5560.21575724,628.15885673,1,0,0.0,3271.25,3047.0
413,24.81,5570.455801,628.90676679,1,0,0.0,3273.75,3047.0
414,24.87,5580.62237698,629.66998791,1,0,0.0,3275.5,3047.0
415,24.93,5590.72290906,630.44156213,1,0,0.0,3279.0,3049.0
416,24.99,5600.75981211,631.22085466,1,0,0.0,3282.25,3053.0
417,25.05,5609.70393044,632.01786575,1,0,0.0,3286.25,3053.0
418,25.11,5616.26226719,632.81895878,1,0,0.0,3291.25,3057.0
419,25.17,5622.76392347,633.62153843,1,0,0.0,3294.25,3060.0
420,25.23,5629.21114439,634.44069309,1,0,0.0,3295.0,3060.0
421,25.29,5635.60852916,635.2656443,1,0,0.0,3297.75,3059.0
422,25.35,5641.9565198,636.09091869,1,0,0.0,3302.5,3062.0
423,25.41,5648.25569774,636.92515859,1,0,0.0,3305.5,3064.0
424,25.47,5654.51050861,637.77314004,1,0,0.0,3310.25,3064.0
425,25.53,5660.72220981,638.62121507,1,0,0.0,3313.5,3066.0
426,25.59,5666.89111451,639.46416576,1,0,0.0,3316.0,3067.0
427,25.65,5673.01958909,640.32451002,1,0,0.0,3317.75,3068.0
428,25.71,5679.11122283,641.19613334,1,0,0.0,3324.25,3070.0
429,25.77,5685.16679574,642.0711444,1,0,0.0,3328.25,3071.0
430,25.83,5691.18585995,642.95060666,1,0,0.0,3331.0,3071.0
431,25.89,5697.17040584,643.84721749,1,0,0.0,3334.75,3071.0
432,25.95,5703.12275959,644.74652736,1,0,0.0,3337.25,3072.0
433,26.01,5709.04322457,645.64927903,1,0,0.0,3339.0,3073.0
434,26.07,5714.9328323,646.55754843,1,0,0.0,3343.75,3075.0
435,26.13,5720.79375229,647.48257536,1,0,0.0,3347.75,3075.0
436,26.19,5726.62810298,648.41023056,1,0,0.0,3349.75,3077.0
437,26.25,5732.435948,649.33788575,1,0,0.0,3351.75,3078.0
438,26.31,5738.53243263,706.26577748,1,0,0.3145911,3341.25,3022.0
439,26.37,5747.64865445,707.2105521,1,0,0.0,3344.25,3028.0
440,26.43,5756.74235811,708.16127048,1,0,0.0,3348.25,3032.0
441,26.49,5765.81389031,709.11221206,1,0,0.0,3351.0,3033.0
442,26.55,5774.86158815,710.05460088,1,0,0.0,3354.25,3041.0
443,26.61,5783.88254602,711.00428434,1,0,0.0,3358.0,3041.0
444,26.67,5792.87947991,711.97304353,1,0,0.0,3361.0,3043.0
445,26.73,5801.85704169,712.94668739,1,0,0.0,3365.5,3045.0
446,26.79,5810.81687147,713.92216578,1,0,0.0,3367.75,3053.0
447,26.85,5819.75890116,714.90071243,1,0,0.0,3372.75,3057.0
448,26.91,5828.6843969,715.89855273,1,0,0.0,3376.5,3059.0
449,26.97,5837.59478543,716.9012744,1,0,0.0,3379.75,3059.0
450,27.03,5846.49056348,717.90897767,1,0,0.0,3383.25,3060.0
451,27.09,5855.37238152,718.91810099,1,0,0.0,3386.0,3062.0
452,27.15,5864.24058539,719.93430644,1,0,0.0,3391.25,3068.0
453,27.21,5873.09718333,720.96570774,1,0,0.0,3395.5,3070.0
454,27.27,5881.94315756,721.9979999,1,0,0.0,3398.75,3070.0
455,27.33,5890.77863798,723.03051997,1,0,0.0,3402.0,3070.0
456,27.39,5899.60372119,724.0634584,1,0,0.0,3404.75,3073.0
457,27.45,5908.41924541,725.11157921,1,0,0.0,3407.75,3072.0
458,27.51,5917.22705366,726.16851104,1,0,0.0,3413.25,3078.0
459,27.57,5926.02748319,727.22557256,1,0,0.0,3417.0,3078.0
460,27.63,5934.82059131,728.28302323,1,0,0.0,3421.5,3078.0
461,27.69,5943.60675425,729.34913929,1,0,0.0,3424.25,3080.0
462,27.75,5950.62879183,730.43308223,1,0,0.0,3426.75,3083.0
463,27.81,5956.04676169,731.52347603,1,0,0.0,3431.0,3086.0
464,27.87,5961.4620528,732.60890752,1,0,0.0,3436.75,3087.0
465,27.93,5966.87463171,733.69839861,1,0,0.0,3440.5,3088.0
466,27.99,5972.28446907,734.79629692,1,0,0.0,3443.75,3090.0
467,28.05,5977.69387762,735.91451458,1,0,0.0,3447.25,3092.0
468,28.11,5983.09691095,737.03639551,1,0,0.0,3449.5,3092.0
469,28.17,5988.43443202,738.16490569,1,0,0.0,3454.0,3094.0
470,28.23,5993.73193924,739.29388069,1,0,0.0,3460.5,3094.0
471,28.29,5998.99904712,740.42870915,1,0,0.0,3464.5,3093.0
472,28.35,6004.24135873,741.5821152,1,0,0.0,3468.0,3094.0
473,28.41,6009.46298667,742.73842079,1,0,0.0,3470.75,3095.0
474,28.47,6014.66634335,743.89641197,1,0,0.0,3474.5,3098.0
475,28.53,6019.85266619,745.04276473,1,0,0.0,3479.75,3100.0
476,28.59,6025.03535393,745.83989125,1,0,0.0,3485.75,3101.0
477,28.65,6030.22754401,746.65212502,1,0,0.0,3489.5,3101.0
478,28.71,6035.43111868,747.46882387,1,0,0.0,3493.5,3101.0
479,28.77,6040.64652076,748.28650115,1,0,0.0,3496.75,3100.0
480,28.83,6045.87451998,749.10706584,1,0,0.0,3499.75,3100.0
481,28.89,6051.11576221,749.94130727,1,0,0.0,3505.25,3102.0
482,28.95,6056.37176922,750.78024775,1,0,0.0,3509.75,3103.0
483,29.01,6062.68724196,807.62248169,1,0,1.03984611,3500.25,3048.0
484,29.07,6071.33692347,808.46631723,1,0,0.0,3504.25,3049.0
485,29.13,6080.00420345,809.31184394,1,0,0.0,3507.5,3050.0
486,29.19,6088.69050964,810.17462156,1,0,0.0,3511.25,3050.0
487,29.25,6097.39731221,811.03988136,1,0,0.0,3516.75,3053.0
488,29.31,6106.12461389,811.90602708,1,0,0.0,3521.75,3053.0
489,29.37,6114.87244857,812.77273644,1,0,0.0,3526.0,3053.0
490,29.43,6123.64115379,813.64810271,1,0,0.0,3528.25,3053.0
491,29.49,6132.43254636,814.53521549,1,0,0.0,3533.75,3054.0
492,29.55,6141.24724949,815.42375745,1,0,0.0,3538.5,3054.0
493,29.61,6150.08570144,816.31505994,1,0,0.0,3545.5,3057.0
494,29.67,6158.94858127,817.21143664,1,0,0.0,3549.75,3059.0
495,29.73,6167.83709633,818.12838119,1,0,0.0,3553.0,3059.0
496,29.79,6176.75221183,819.04783115,1,0,0.0,3559.0,3060.0
497,29.85,6185.69355223,819.96977658,1,0,0.0,3561.75,3060.0
498,29.91,6194.66134396,820.89347145,1,0,0.0,3566.0,3062.0
499,29.97,6203.6569761,821.84374873,1,0,0.0,3571.25,3064.0
500,30.03,6212.68234393,822.79821046,1,0,0.0,3575.25,3064.0
501,30.09,6221.73851067,823.74819214,1,0,0.0,3579.75,3064.0
502,30.15,6230.81525609,825.07905322,1,0,0.0,3582.75,3065.0
503,30.21,6239.90241751,826.4329437,1,0,0.0,3588.75,3067.0
504,30.27,6249.00164447,827.79511484,1,0,0.0,3594.75,3069.0
505,30.33,6258.11323938,829.15826988,1,0,0.0,3599.0,3069.0
506,30.39,6267.23759957,830.52869747,1,0,0.0,3603.0,3070.0
507,30.45,6273.88988426,831.93410145,1,0,0.0,3608.0,3070.0
508,30.51,6279.68585898,833.34485805,1,0,0.0,3610.5,3071.0
509,30.57,6285.49917815,834.76107912,1,0,0.0,3617.0,3073.0
510,30.63,6291.33065887,836.18797393,1,0,0.0,3623.0,3074.0
511,30.69,6297.18307478,837.65952198,1,0,0.0,3626.25,3074.0
512,30.75,6303.0577394,839.13490008,1,0,0.0,3630.5,3074.0
513,30.81,6308.95438629,840.61075954,1,0,0.0,3634.0,3074.0
514,30.87,6314.87433214,842.12632294,1,0,0.0,3639.5,3076.0
515,30.93,6320.82094686,843.66513452,1,0,0.0,3645.5,3078.0
516,30.99,6326.79579155,845.21171175,1,0,0.0,3647.75,3079.0
517,31.05,6332.80002409,846.79448573,1,0,0.0,3652.0,3082.0
518,31.11,6338.83680879,848.39087348,1,0,0.0,3655.25,3085.0
519,31.17,6344.90705675,849.99588306,1,0,0.0,3661.75,3090.0
520,31.23,6351.0133757,851.66882326,1,0,0.0,3667.0,3094.0
521,31.29,6357.15928838,853.35481345,1,0,0.0,3671.5,3096.0
522,31.35,6363.34510662,855.06227777,1,0,0.0,3675.25,3096.0
523,31.41,6369.57501664,856.84102154,1,0,0.0,3679.25,3096.0
524,31.47,6375.85215617,858.64109542,1,0,0.0,3682.5,3102.0
525,31.53,6381.23376544,860.57970847,1,0,0.0,3689.25,3105.0
526,31.59,6385.1593242,862.55236888,1,0,0.0,3694.75,3107.0
527,31.65,6389.13296191,864.69958788,1,0,0.0,3699.0,3109.0
528,31.71,6394.93307838,922.98376107,1,0,1.76450376,3689.25,3052.0
529,31.77,6402.39249021,925.50543965,1,0,0.0263915,3691.5,3054.0
530,31.83,6409.92716192,929.08151749,3,2,0.04272008,3698.75,3057.0
531,31.89,6417.67993623,935.84856893,1,0,0.19222492,3702.25,3055.0
532,31.95,6425.48704428,937.19815247,1,0,0.0,3705.75,3055.0
533,32.01,6433.24953544,938.55080279,1,0,0.0,3710.5,3057.0
534,32.07,6440.97075014,939.90698281,1,0,0.0,3713.25,3059.0
535,32.13,6448.65655877,941.28783669,1,0,0.0,3721.5,3064.0
536,32.19,6456.31057752,942.67484622,1,0,0.0,3726.25,3065.0
537,32.25,6463.93518891,944.06514985,1,0,0.0,3731.5,3068.0
538,32.31,6471.53221172,945.47427898,1,0,0.0,3735.0,3070.0
539,32.37,6479.10407065,946.91381997,1,0,0.0,3739.0,3070.0
540,32.43,6486.6534501,948.36033019,1,0,0.0,3747.0,3073.0
541,32.49,6494.18138028,949.8229407,1,0,0.0,3752.5,3074.0
542,32.55,6501.69018438,951.32125758,1,0,0.0,3755.0,3076.0
543,32.61,6509.12015505,952.83216133,1,0,0.0,3758.5,3078.0
544,32.67,6515.57603881,954.46038246,1,0,0.0,3766.0,3083.0
545,32.73,6521.37352171,956.17840042,1,0,0.0,3776.25,3086.0
546,32.79,6526.74031306,957.94719955,1,0,0.0,3784.25,3090.0
547,32.85,6531.74197822,959.76677051,1,0,0.0,3791.0,3093.0
548,32.91,6536.41034784,961.64771195,1,0,0.0,3797.75,3093.0
549,32.97,6540.79601222,963.5906916,1,0,0.0,3804.5,3095.0
550,33.03,6544.94923629,965.63270362,1,0,0.0,3814.0,3102.0
551,33.09,6548.87868691,967.71393482,1,0,0.0,3823.5,3106.0
552,33.15,6549.36188063,969.89231793,1,0,0.0,3830.25,3108.0
553,33.21,6549.50641326,972.1865067,1,0,0.0,3837.5,3109.0
554,33.27,6549.48318865,974.61153502,1,0,0.0,3847.25,3115.0
555,33.33,6549.32448149,977.35105233,1,0,0.02874493,3857.0,3112.0
556,33.39,6549.05585618,980.43821812,1,0,0.04119017,3864.5,3109.0
557,33.45,6548.64300863,981.67299492,1,0,0.0,3872.5,3112.0
558,33.51,6548.04344789,982.92261304,1,0,0.0,3881.5,3114.0
559,33.57,6547.27117399,984.19951501,1,0,0.0,3893.25,3119.0
560,33.63,6546.332738,985.47757926,1,0,0.0,3903.0,3124.0
561,33.69,6545.23477885,986.78143869,1,0,0.0,3910.75,3128.0
562,33.75,6543.9883622,988.09061995,1,0,0.0,3921.25,3133.0
563,33.81,6542.59388171,989.4000399,1,0,0.0,3932.0,3136.0
564,33.87,6541.05130669,990.70846737,1,0,0.0,3943.5,3140.0
565,33.93,6539.36007108,992.01517347,1,0,0.0,3955.5,3145.0
566,33.99,6537.5221437,993.33838315,1,0,0.0,3962.0,3148.0
567,34.05,6535.54789682,994.68349342,1,0,0.0,3970.25,3155.0
568,34.11,6533.44119354,996.03767229,1,0,0.0,3984.5,3159.0
569,34.17,6531.20651986,997.41231698,1,0,0.0,3994.0,3166.0
570,34.23,6528.85270287,998.79538338,1,0,0.0,4006.25,3175.0
571,34.29,6526.38066499,1000.18669136,1,0,0.0,4015.75,3179.0
572,34.35,6523.79164936,1001.58591066,1,0,0.0,4025.5,3185.0
573,34.41,6523.58418225,1058.98569581,1,0,2.48909219,4009.25,3129.0
574,34.47,6524.12192247,1060.38573418,1,0,0.0,4021.0,3131.0
575,34.53,6524.54363424,1061.79841602,1,0,0.0,4033.25,3137.0
576,34.59,6524.85645862,1063.22551125,1,0,0.0,4043.25,3141.0
577,34.65,6525.06237871,1064.65304764,1,0,0.0,4055.5,3143.0
578,34.71,6525.23849089,1066.06921468,1,0,0.0,4064.75,3147.0
579,34.77,6526.24035768,1067.41878804,1,0,0.0,4072.25,3149.0
580,34.83,6527.7183804,1068.75224442,1,0,0.0,4081.5,3155.0
581,34.89,6529.44230394,1070.04779215,1,0,0.0,4086.75,3157.0
582,34.95,6531.37919789,1071.34653287,1,0,0.0,4097.5,3168.0
583,35.01,6533.53767922,1072.63735556,1,0,0.0,4107.0,3170.0
584,35.07,6535.84676411,1073.87861083,1,0,0.0,4116.0,3175.0
585,35.13,6538.27049838,1075.12316942,1,0,0.0,4123.5,3178.0
586,35.19,6540.81411447,1076.38618515,1,0,0.0,4131.0,3182.0
587,35.25,6543.48366063,1077.65444113,1,0,0.0,4141.25,3189.0
588,35.31,6546.27882882,1078.90673025,1,0,0.0,4148.5,3191.0
589,35.37,6549.15890903,1080.10889771,1,0,0.0,4155.75,3192.0
590,35.43,6552.11267468,1081.33070599,1,0,0.0,4163.5,3195.0
591,35.49,6555.14472802,1082.55859599,1,0,0.0,4173.25,3205.0
592,35.55,6558.25538715,1083.80804257,1,0,0.0,4182.75,3209.0
593,35.61,6561.44463999,1085.0602512,1,0,0.0,4188.75,3209.0
594,35.67,6564.71231803,1086.31168305,1,0,0.0,4195.75,3209.0
595,35.73,6568.04555304,1087.52258241,1,0,0.0,4203.5,3212.0
596,35.79,6570.84048716,1088.72285076,1,0,0.0,4211.25,3214.0
597,35.85,6570.90335237,1089.92572635,1,0,0.0,4217.75,3215.0
598,35.91,6571.0148015,1091.14377539,1,0,0.0,4225.5,3218.0
599,35.97,6571.18178048,1092.38112975,1,0,0.0,4234.25,3221.0
600,36.03,6571.40679989,1093.61892035,1,0,0.0,4241.0,3221.0
601,36.09,6571.87454806,1086.27160268,3,0,0.0,4251.25,3220.0
602,36.15,6572.83053043,1082.16809771,3,0,0.0,4258.0,3216.0
603,36.21,6574.0862169,1079.62651412,3,0,0.0,4264.5,3213.0
604,36.27,6575.56773886,1077.74338168,3,0,0.0,4272.75,3211.0
605,36.33,6577.24070626,1076.23236915,3,0,0.0,4281.0,3209.0
606,36.39,6579.09237772,1074.80327723,3,0,0.0,4285.0,3207.0
607,36.45,6581.1190657,1073.39423223,3,0,0.0,4290.75,3209.0
608,36.51,6583.30789775,1072.48670152,3,0,0.0,4297.75,3210.0
609,36.57,6585.64488271,1071.63788552,3,0,0.0,4304.75,3210.0
610,36.63,6588.12899874,1070.94466129,3,0,0.0,4310.5,3209.0
611,36.69,6590.75393887,1070.34853897,3,0,0.0,4313.75,3208.0
612,36.75,6593.521186,1069.82563262,3,0,0.0,4322.5,3211.0
613,36.81,6596.41389225,1069.58633813,3,0,0.0,4326.25,3209.0
614,36.87,6599.41238984,1069.40206342,3,0,0.0,4333.5,3209.0
615,36.93,6602.51298233,1069.22527735,3,0,0.0,4336.25,3210.0
616,36.99,6605.72001215,1069.08989875,3,0,0.0,4341.25,3213.0
617,37.05,6609.04115959,1068.97073475,3,0,0.0,4346.25,3214.0
618,37.11,6615.69946214,1124.91517978,3,0,3.21353022,4338.5,3158.0
619,37.17,6622.59806786,1124.87144956,3,0,0.0,4343.5,3158.0
620,37.23,6629.6088218,1124.85250188,3,0,0.0,4348.5,3154.0
621,37.29,6636.72706265,1124.90820753,3,0,0.0,4352.25,3154.0
622,37.35,6643.94788916,1125.00118867,3,0,0.0,4354.25,3156.0
623,37.41,6651.27406201,1125.138137,3,0,0.0,4359.0,3154.0
624,37.47,6658.69607541,1125.29315432,3,0,0.0,4361.5,3154.0
625,37.53,6666.20976106,1125.49545706,3,0,0.0,4366.25,3156.0
626,37.59,6673.81888649,1125.71252917,3,0,0.01036385,4373.0,3154.0
627,37.65,6681.52623336,1125.93782079,3,0,0.02245336,4376.75,3157.0
628,37.71,6689.33097876,1126.16450447,3,0,0.02459657,4378.5,3160.0
629,37.77,6697.23252468,1126.41732973,3,0,0.02673978,4381.75,3160.0
630,37.83,6705.20596091,1126.82409044,3,0,0.02981064,4384.0,3157.0
631,37.89,6713.23042192,1127.20623442,3,0,0.033665,4386.5,3157.0
632,37.95,6721.36082989,1127.51338087,3,0,0.03680793,4387.75,3157.0
633,38.01,6729.61057015,1127.93241505,3,0,0.04224545,4391.0,3157.0
634,38.07,6737.93614413,1128.48426584,3,0,0.04632203,4393.5,3157.0
635,38.13,6746.31996072,1129.01324005,3,0,0.05037813,4397.25,3164.0
636,38.19,6754.78357879,1129.45702318,3,0,0.054252,4398.0,3167.0
637,38.25,6763.33155033,1129.95418875,3,0,0.05891899,4399.25,3166.0
638,38.31,6771.96317123,1130.48342253,3,0,0.06475647,4401.75,3166.0
639,38.37,6780.67974706,1131.06278723,3,0,0.07018522,4404.0,3164.0
640,38.43,6789.48526575,1131.70601185,3,0,0.07773011,4406.25,3165.0
641,38.49,6797.07466272,1132.34568583,3,0,0.08356994,4407.5,3164.0
642,38.55,6802.71115667,1132.99552977,3,0,0.08940772,4409.75,3167.0
643,38.61,6808.44387816,1133.73353023,3,0,0.09547876,4410.0,3167.0
644,38.67,6814.27264641,1134.51122152,3,0,0.10217058,4411.0,3167.0
645,38.73,6820.19821762,1135.44800505,3,0,0.13385258,4410.75,3168.0
646,38.79,6826.22330283,1136.39409721,3,0,0.14400026,4412.75,3169.0
647,38.85,6832.34966099,1137.35044744,3,0,0.15387218,4412.25,3169.0
648,38.91,6838.58490021,1138.48661525,3,0,0.16845297,4412.75,3172.0
649,38.97,6844.93839497,1139.78442814,3,0,0.18206729,4414.5,3170.0
650,39.03,6851.42003978,1141.17383523,3,0,0.20088438,4414.25,3170.0
651,39.09,6858.02973526,1142.66675985,3,0,0.21610604,4411.75,3171.0
652,39.15,6864.78580269,1144.60518239,3,0,0.2444879,4412.75,3171.0
653,39.21,6871.70508532,1146.85637144,3,0,0.27369106,4410.75,3172.0
654,39.27,6878.81918999,1150.78569722,3,0,0.32958612,4410.0,3171.0
655,39.33,6886.15238166,1152.72332947,3,0,0.31498729,4409.5,3172.0
656,39.39,6893.36592554,1152.82038252,3,0,0.22569414,4410.0,3174.0
657,39.45,6900.38019357,1152.88750596,3,0,0.19204767,4410.5,3173.0
658,39.51,6906.97294521,1153.57275793,4,1,0.10102288,4411.25,3172.0
659,39.57,6913.40136552,1156.24584387,4,0,0.18754946,4412.5,3171.0
660,39.63,6920.12520167,1159.89336195,4,0,0.24967615,4412.75,3168.0
661,39.69,6927.13179117,1160.01180131,2,0,0.19509641,4413.25,3168.0
662,39.75,6934.92354546,1215.88549555,2,0,0.81750651,4399.25,3110.0
663,39.81,6945.67328415,1215.75932595,2,0,0.25590517,4399.0,3110.0
664,39.87,6956.61478017,1215.63517179,2,0,0.28646864,4399.5,3110.0
665,39.93,6967.77072525,1215.47347038,2,0,0.31699737,4398.5,3108.0
666,39.99,6979.19603337,1215.3225069,2,0,0.36573107,4399.25,3108.0
667,40.05,6990.893231,1215.18075315,2,0,0.41746502,4399.0,3107.0
668,40.11,7002.98175932,1215.00862058,2,0,0.47348861,4398.5,3107.0
669,40.17,7015.71757204,1214.83014151,2,0,0.58400776,4396.5,3105.0
670,40.23,7028.6782184,1214.64084876,2,0,0.7000283,4393.75,3105.0
671,40.29,7041.65560118,1214.45203309,2,0,0.69948499,4391.0,3103.0
672,40.35,7054.65019222,1214.26402736,2,0,0.69894421,4391.0,3105.0
673,40.41,7067.66229747,1214.07598098,2,0,0.69840343,4389.0,3107.0
674,40.47,7080.6914479,1213.89075024,2,0,0.69786265,4389.0,3108.0
675,40.53,7093.73498283,1213.69919026,2,0,0.69732187,4388.75,3106.0
676,40.59,7106.78982279,1213.50792204,2,0,0.69678071,4385.0,3106.0
677,40.65,7119.85754518,1213.32496566,2,0,0.6954978,4382.0,3102.0
678,40.71,7132.93788664,1213.14922551,2,0,0.69289915,4377.75,3098.0
679,40.77,7146.03306105,1212.97909324,2,0,0.6903005,4374.0,3098.0
680,40.83,7159.14364009,1212.80944773,2,0,0.68770185,4377.75,3103.0
681,40.89,7172.26854068,1212.63808733,2,0,0.6851032,4376.75,3101.0
682,40.95,7185.40474417,1212.4811665,2,0,0.68250054,4373.75,3099.0
683,41.01,7198.5491372,1212.33602386,2,0,0.67804095,4369.5,3097.0
684,41.07,7211.6999648,1212.19881278,2,0,0.67220422,4365.75,3097.0
685,41.13,7224.8588034,1212.06443564,2,0,0.66636749,4365.25,3097.0
686,41.19,7235.98798754,1211.93079986,2,0,0.66021251,4363.0,3093.0
687,41.25,7245.80096668,1211.79351734,2,0,0.65277691,4364.25,3092.0
688,41.31,7255.61733052,1211.6567152,2,0,0.64350037,4362.5,3093.0
689,41.37,7265.43669131,1211.52147068,2,0,0.6340153,4360.0,3091.0
690,41.43,7275.2587075,1211.39103097,2,0,0.62377118,4357.75,3091.0
691,41.49,7285.08572871,1211.26692606,2,0,0.61346021,4355.25,3089.0
692,41.55,7294.91906964,1211.15140726,2,0,0.60314925,4353.75,3089.0
693,41.61,7304.75998994,1211.03858112,2,0,0.59281723,4352.75,3090.0
694,41.67,7314.60739082,1210.93752567,2,0,0.58206317,4351.0,3084.0
695,41.73,7324.46039828,1210.85200775,2,0,0.570746,4349.0,3081.0
696,41.79,7334.31814885,1210.77429611,2,0,0.55746763,4348.75,3081.0
697,41.85,7344.1781904,1210.70326653,2,0,0.5426236,4348.0,3081.0
698,41.91,7354.0384464,1210.63369795,2,0,0.5270332,4344.5,3079.0
699,41.97,7363.8949671,1210.56096328,2,0,0.51059038,4342.5,3079.0
700,42.03,7373.74550463,1210.48106845,2,0,0.49366763,4342.0,3076.0
701,42.09,7383.58945792,1210.40603729,2,0,0.47641385,4341.0,3069.0
702,42.15,7393.42732009,1210.33556521,2,0,0.45812366,4340.25,3067.0
703,42.21,7403.25699654,1210.27390932,2,0,0.43699168,4338.0,3063.0
704,42.27,7413.07489561,1210.21999092,2,0,0.41160551,4336.5,3061.0
705,42.33,7422.8787927,1210.17108433,2,0,0.38370595,4334.75,3055.0
706,42.39,7432.66568768,1210.12692179,2,0,0.35335825,4334.25,3052.0
707,42.45,7443.74915902,1266.08969831,2,0,1.63404567,4319.0,2987.0
708,42.51,7456.84115743,1266.05433114,2,0,0.27606372,4319.5,2984.0
709,42.57,7469.89263626,1266.02554622,2,0,0.22507024,4318.0,2975.0
710,42.63,7482.88274919,1266.00252317,2,0,0.15518374,4317.5,2972.0
711,42.69,7495.74328152,1265.99344376,2,0,0.01207808,4317.0,2969.0
712,42.75,7508.58307911,1265.99194974,2,0,0.0,4317.0,2969.0
713,42.81,7521.44426243,1265.98247636,2,0,0.0,4317.0,2969.0
714,42.87,7534.32578655,1265.97668174,2,0,0.0,4317.0,2969.0
715,42.93,7547.22950918,1265.97598884,2,0,0.0,4317.25,2969.0
716,42.99,7560.15563338,1265.97652721,2,0,0.0,4317.25,2969.0
717,43.05,7573.10310898,1265.98305286,2,0,0.0,4317.25,2969.0
718,43.11,7586.06936927,1265.9922104,2,0,0.0,4317.25,2969.0
719,43.17,7599.05215053,1265.99900459,2,0,0.0,4317.25,2969.0
720,43.23,7612.05141701,1266.00587136,2,0,0.0,4317.25,2969.0
721,43.29,7625.06821533,1266.02303417,2,0,0.0,4317.25,2969.0
722,43.35,7638.10521963,1266.05053717,2,0,0.0,4317.25,2969.0
723,43.41,7651.16343105,1266.07689322,2,0,0.0,4317.25,2969.0
724,43.47,7664.24246265,1266.10125828,2,0,0.0,4317.25,2969.0
725,43.53,7677.34222974,1266.12573556,2,0,0.0,4317.25,2969.0
726,43.59,7690.46284709,1266.15066776,2,0,0.0,4317.25,2969.0
727,43.65,7703.5951753,1266.27427653,2,0,0.0,4317.25,2969.0
728,43.71,7716.72716128,1266.40730214,2,0,0.0,4317.25,2969.0
729,43.77,7729.85903598,1266.54112841,2,0,0.0,4317.25,2969.0
730,43.83,7742.99079381,1266.64599749,2,0,0.0,4317.25,2969.0
731,43.89,7753.37513503,1266.62551954,2,0,0.0,4317.25,2969.0
732,43.95,7763.1915405,1266.60362484,2,0,0.0,4317.25,2969.0
733,44.01,7773.03473288,1266.58159404,2,0,0.0,4317.25,2969.0
734,44.07,7782.90339166,1266.61943637,2,0,0.0,4317.25,2969.0
735,44.13,7792.78179558,1266.7638623,2,0,0.0,4317.25,2969.0
736,44.19,7802.6638882,1266.90964256,2,0,0.0,4317.25,2969.0
737,44.25,7812.54963294,1267.0650295,2,0,0.0,4317.25,2969.0
738,44.31,7822.43981877,1267.22086412,2,0,0.0,4317.25,2969.0
739,44.37,7832.3384921,1267.30316045,2,0,0.0,4317.25,2969.0
740,44.43,7842.25549279,1267.35929705,2,0,0.0,4317.25,2969.0
741,44.49,7852.19182864,1267.42112278,2,0,0.0,4317.25,2969.0
742,44.55,7862.14905852,1267.49405114,2,0,0.0,4317.25,2969.0
743,44.61,7872.12542569,1267.58688263,2,0,0.0,4317.25,2969.0
744,44.67,7882.11947844,1267.68588948,2,0,0.0,4317.25,2969.0
745,44.73,7892.13085708,1267.78502052,2,0,0.0,4317.25,2969.0
746,44.79,7902.15972493,1267.88436004,2,0,0.0,4317.25,2969.0
747,44.85,7912.20627036,1267.98372317,2,0,0.0,4317.25,2969.0
748,44.91,7922.2704961,1268.08308629,2,0,0.0,4317.25,2969.0
749,44.97,7932.3524375,1268.18266298,2,0,0.0,4317.25,2969.0
750,45.03,7942.45220362,1268.28254421,2,0,0.0,4317.25,2969.0
751,45.09,7952.56990967,1268.38250115,2,0,0.0,4317.25,2969.0
752,45.15,7964.75438018,1324.48024521,2,0,2.0416955,4303.25,2911.0
753,45.21,7978.26757926,1324.57720532,2,0,0.0,4303.25,2911.0
754,45.27,7991.79847107,1324.67497633,2,0,0.0,4303.25,2911.0
755,45.33,8005.34625048,1324.7796901,2,0,0.0,4303.25,2911.0
756,45.39,8018.91058273,1324.88376337,2,0,0.0,4303.25,2911.0
757,45.45,8032.4923045,1324.99522981,2,0,0.0,4303.25,2911.0
758,45.51,8046.0913913,1325.10669624,2,0,0.0,4303.25,2911.0
759,45.57,8059.7073783,1325.21299326,2,0,0.0,4303.25,2911.0
760,45.63,8073.33874909,1325.31669742,2,0,0.0,4303.25,2911.0
761,45.69,8086.98623848,1325.43073256,2,0,0.0,4303.25,2911.0
762,45.75,8100.65126444,1325.55186651,2,0,0.0,4303.25,2911.0
763,45.81,8114.33378874,1325.67267254,2,0,0.0,4303.25,2911.0
764,45.87,8128.03333737,1325.79375844,2,0,0.0,4303.25,2911.0
765,45.93,8141.75004061,1325.91496896,2,0,0.0,4303.25,2911.0
766,45.99,8155.48391186,1326.03617947,2,0,0.0,4303.25,2911.0
767,46.05,8169.23480909,1326.16140949,2,0,0.0,4303.25,2911.0
768,46.11,8183.0022549,1326.28860011,2,0,0.0,4304.25,2911.0
769,46.17,8196.78625172,1326.41588677,2,0,0.0,4304.25,2911.0
770,46.23,8210.58682619,1326.54318832,2,0,0.0,4304.25,2911.0
771,46.29,8224.40400784,1326.67168007,2,0,0.0,4304.25,2911.0
772,46.35,8238.23732382,1326.80519212,2,0,0.0,4304.25,2911.0
773,46.41,8252.08663073,1326.94123583,2,0,0.0,4304.25,2911.0
774,46.47,8265.95252241,1327.08060447,2,0,0.0,4304.25,2911.0
775,46.53,8279.70229953,1327.21997311,2,0,0.0,4304.25,2911.0
776,46.59,8290.24123374,1327.16649716,2,0,0.0,4304.25,2911.0
777,46.65,8300.79870468,1326.89953077,2,0,0.0,4304.25,2911.0
778,46.71,8311.37548145,1326.63371843,2,0,0.0,4304.25,2911.0
779,46.77,8321.97109194,1326.37124512,2,0,0.0,4304.25,2911.0
780,46.83,8332.58556821,1326.10917857,2,0,0.0,4304.25,2911.0
781,46.89,8343.21899908,1325.84633606,2,0,0.0,4304.25,2911.0
782,46.95,8353.87123285,1325.58582612,2,0,0.0,4304.25,2911.0
783,47.01,8364.54348895,1325.3375054,2,0,0.0,4305.25,2911.0
784,47.07,8375.23715782,1325.0985459,2,0,0.0,4305.25,2911.0
785,47.13,8385.95250902,1324.85968045,2,0,0.0,4305.25,2911.0
786,47.19,8396.68960249,1324.62094169,2,0,0.0,4305.25,2911.0
787,47.25,8407.44848433,1324.38226723,2,0,0.0,4305.25,2911.0
788,47.31,8418.22934262,1324.15381487,2,0,0.0,4305.25,2911.0
789,47.37,8429.03232471,1323.92922169,2,0,0.0,4305.25,2911.0
790,47.43,8439.85741323,1323.70462851,2,0,0.0,4305.25,2911.0
791,47.49,8450.70460817,1323.48003533,2,0,0.0,4305.25,2911.0
792,47.55,8461.57390954,1323.25544215,2,0,0.0,4305.25,2911.0
793,47.61,8472.46528612,1323.03171388,2,0,0.0,4305.25,2911.0
794,47.67,8483.37761736,1322.80594933,2,0,0.0,4305.25,2911.0
795,47.73,8494.31040818,1322.58038186,2,0,0.0,4305.25,2911.0
796,47.79,8505.26379758,1322.35492853,2,0,0.0,4305.25,2911.0
797,47.85,8519.01477933,1378.16601465,2,0,2.76628393,4276.75,2849.0
798,47.91,8533.37246854,1378.00546563,2,0,0.0,4278.5,2849.0
799,47.97,8547.75439089,1377.84829054,2,0,0.0,4278.75,2849.0
800,48.03,8562.16101244,1377.6911728,2,0,0.0,4278.75,2849.0
801,48.09,8576.59455681,1377.76822976,2,0,0.0,4278.75,2849.0
802,48.15,8591.06635087,1378.04022206,2,0,0.0,4278.75,2849.0
803,48.21,8605.57952742,1378.24026616,2,0,0.0,4278.75,2849.0
804,48.27,8620.12606651,1378.16912618,2,0,0.0,4279.0,2849.0
805,48.33,8634.70440295,1378.14768982,2,0,0.0,4279.0,2849.0
806,48.39,8649.3123973,1378.03895375,2,0,0.0,4279.0,2849.0
807,48.45,8663.94773934,1377.95344217,2,0,0.0,4279.0,2849.0
808,48.51,8678.61367778,1377.91091857,2,0,0.0,4279.0,2849.0
809,48.57,8693.31008659,1377.86243285,2,0,0.0,4279.0,2849.0
810,48.63,8708.03712793,1377.81763626,2,0,0.0,4279.0,2849.0
811,48.69,8722.79618389,1378.03314774,2,0,0.0,4279.0,2849.0
812,48.75,8737.58730236,1378.48174303,2,0,0.01070411,4278.75,2848.0
813,48.81,8752.40843419,1378.85888795,2,0,0.01070411,4278.75,2848.0
814,48.87,8767.2582713,1379.29324417,2,0,0.02322675,4278.25,2846.0
815,48.93,8782.13794538,1379.72844514,2,0,0.02322675,4278.0,2844.0
816,48.99,8797.04937732,1380.24657457,2,0,0.02445422,4279.5,2844.0
817,49.05,8812.0014012,1380.8543517,2,0,0.02853733,4279.25,2844.0
818,49.11,8826.99847047,1381.59938258,2,0,0.03183481,4278.5,2841.0
819,49.17,8842.04345029,1382.2289022,2,0,0.03531691,4278.5,2841.0
820,49.23,8856.26750597,1382.95704555,2,0,0.03757928,4278.0,2840.0
821,49.29,8868.04753873,1383.93372623,2,0,0.04638663,4277.5,2840.0
822,49.35,8879.90271357,1385.26640714,2,0,0.06113861,4277.0,2840.0
823,49.41,8891.85363866,1387.1622493,2,0,0.07536489,4276.0,2840.0
824,49.47,8903.96997882,1391.67943853,3,1,0.13267651,4275.25,2840.0
825,49.53,8916.56052868,1396.21350669,2,0,0.3289161,4277.25,2839.0
826,49.59,8929.10582765,1394.85109029,2,0,0.03358197,4273.25,2837.0
827,49.65,8941.57133598,1393.436353,2,0,0.03364291,4273.5,2837.0
828,49.71,8953.93073323,1391.31342104,2,0,0.03370385,4272.75,2837.0
829,49.77,8966.16468836,1389.20280908,2,0,0.03376479,4272.5,2837.0
830,49.83,8978.25130866,1385.75258323,2,0,0.03382572,4272.5,2837.0
831,49.89,8990.04529625,1379.95097377,2,0,0.03388666,4270.25,2837.0
832,49.95,9001.67701095,1380.19730779,2,0,0.0339476,4270.0,2836.0
833,50.01,9013.3270471,1380.4458085,2,0,0.03400854,4269.5,2836.0
834,50.07,9024.99545911,1380.69440113,2,0,0.03406947,4269.25,2836.0
835,50.13,9036.68106981,1380.93620066,2,0,0.03413041,4270.5,2836.0
836,50.19,9048.3813755,1381.17820204,2,0,0.03419135,4270.25,2836.0
837,50.25,9060.09633919,1381.42472695,2,0,0.03425229,4269.75,2836.0
838,50.31,9071.82604188,1381.67125186,2,0,0.03431323,4269.5,2836.0
839,50.37,9083.57048027,1381.91603688,2,0,0.03437416,4267.25,2835.0
840,50.43,9095.32839881,1382.15153995,2,0,0.0344351,4267.25,2835.0
841,50.49,9107.24196969,1438.40882986,2,0,0.17851561,4253.0,2777.0
842,50.55,9122.3822591,1438.66898776,2,0,0.03455698,4253.0,2777.0
843,50.61,9137.53415149,1438.93994612,2,0,0.03461792,4252.25,2777.0
844,50.67,9152.69907604,1439.21264725,2,0,0.03467885,4252.25,2777.0
845,50.73,9167.87709487,1439.48683929,2,0,0.03473979,4251.5,2777.0
846,50.79,9183.06836655,1439.7628332,2,0,0.03480073,4250.5,2778.0
847,50.85,9198.27390691,1440.04585363,2,0,0.03486167,4248.5,2776.0
848,50.91,9213.49425267,1440.3264171,2,0,0.03492261,4248.5,2776.0
849,50.97,9228.73156689,1440.9116091,4,2,0.03498354,4248.25,2776.0
850,51.03,9243.99487825,1441.74901074,4,2,0.03504448,4247.5,2776.0
851,51.09,9259.2859055,1442.5932326,4,0,0.03510542,4247.75,2776.0
852,51.15,9274.60473745,1443.43647,4,0,0.03516636,4247.25,2776.0
853,51.21,9289.94989957,1444.27296885,4,0,0.0352273,4247.0,2776.0
854,51.27,9305.32105978,1445.11262699,4,0,0.03528823,4245.75,2777.0
855,51.33,9320.71968113,1445.94745561,4,0,0.03534917,4243.5,2775.0
856,51.39,9336.14088097,1446.65005907,2,0,0.03541011,4243.75,2775.0
857,51.45,9351.57553394,1446.9759892,2,0,0.03547105,4245.0,2775.0
858,51.51,9367.02256554,1447.29307071,2,0,0.03553199,4245.0,2775.0
859,51.57,9382.48387433,1447.60520002,2,0,0.03559292,4245.25,2775.0
860,51.63,9397.95751557,1447.92167616,2,0,0.03565386,4244.75,2775.0
861,51.69,9413.4439508,1448.24194761,2,0,0.0357148,4243.75,2775.0
862,51.75,9428.94333277,1448.55752291,2,0,0.03577623,4241.5,2774.0
863,51.81,9444.45488104,1448.86843288,2,0,0.03584752,4241.0,2774.0
864,51.87,9459.97878811,1449.18483171,2,0,0.03592203,4241.0,2774.0
865,51.93,9473.92777358,1449.50545591,2,0,0.03599654,4240.5,2774.0
866,51.99,9486.11904569,1449.83229113,2,0,0.03607105,4240.25,2774.0
867,52.05,9498.32520983,1450.15800601,2,0,0.03614556,4240.0,2774.0
868,52.11,9510.54544831,1450.49845909,2,0,0.03622007,4239.25,2774.0
869,52.17,9522.77806853,1450.89365299,2,0,0.03629458,4238.5,2775.0
870,52.23,9535.02261863,1451.29758637,2,0,0.03636909,4236.5,2773.0
871,52.29,9547.27876251,1451.70091902,2,0,0.0364436,4236.0,2773.0
872,52.35,9559.54631916,1452.11716125,2,0,0.03651811,4235.75,2773.0
873,52.41,9571.82845922,1452.54441561,2,0,0.03659262,4235.5,2773.0
874,52.47,9584.12716097,1452.9672887,2,0,0.03666713,4235.0,2773.0
875,52.53,9596.43763603,1453.39243204,2,0,0.03674164,4234.5,2773.0
876,52.59,9608.75906547,1453.81520818,2,0,0.03681615,4233.75,2773.0
877,52.65,9621.09151502,1454.23611044,2,0,0.03689066,4232.75,2774.0
878,52.71,9633.43589489,1454.65877191,2,0,0.03696517,4230.5,2772.0
879,52.77,9645.7925812,1455.07982964,2,0,0.03703968,4231.0,2772.0
880,52.83,9658.16143567,1455.50408163,2,0,0.03711419,4230.25,2772.0
881,52.89,9670.54224828,1455.94057993,2,0,0.0371887,4230.25,2772.0
882,52.95,9682.93585707,1456.38515838,2,0,0.03726321,4231.25,2772.0
883,53.01,9695.34374043,1456.86130752,2,0,0.03733772,4230.75,2772.0
884,53.07,9707.77319578,1457.39372291,2,0,0.03741223,4230.0,2772.0
885,53.13,9720.22582331,1457.88512346,2,0,0.03748674,4227.75,2772.0
886,53.19,9733.57677824,1514.3640861,2,0,0.90728065,4212.75,2713.0
887,53.25,9749.44186643,1514.84130395,2,0,0.03763576,4212.75,2713.0
888,53.31,9765.33331103,1515.31787771,2,0,0.03771027,4212.25,2713.0
889,53.37,9781.25172209,1515.79285778,2,0,0.03778478,4212.5,2713.0
890,53.43,9797.19759754,1516.26156474,2,0,0.03785929,4212.25,2713.0
891,53.49,9813.17146136,1516.73911514,2,0,0.0379338,4211.75,2713.0
892,53.55,9829.17329727,1517.23749066,2,0,0.03800831,4210.75,2714.0
893,53.61,9845.20073737,1517.73779049,2,0,0.03808282,4208.25,2712.0
894,53.67,9861.25581423,1518.23975023,2,0,0.03815733,4208.25,2712.0
895,53.73,9877.33981799,1518.75529627,2,0,0.03823184,4208.0,2712.0
896,53.79,9893.45189677,1519.26521439,2,0,0.03830635,4207.5,2712.0
897,53.85,9909.58986084,1519.78493797,2,0,0.03838086,4207.5,2712.0
898,53.91,9925.75134671,1520.36030837,2,0,0.03845537,4206.5,2712.0
899,53.97,9941.9388133,1521.35532847,3,1,0.03852988,4206.25,2712.0
900,54.03,9958.16039379,1522.44569326,3,0,0.03860493,4205.25,2713.0
901,54.09,9974.41711228,1523.53621096,3,0,0.03868234,4203.25,2711.0
902,54.15,9990.70979143,1524.63576937,3,0,0.03875967,4203.0,2711.0
903,54.21,10007.04037028,1525.73563191,3,0,0.03883699,4203.0,2711.0
904,54.27,10023.40884311,1526.83549444,3,0,0.03891431,4202.75,2711.0
905,54.33,10039.81555173,1527.95132245,3,0,0.03899164,4202.25,2711.0
906,54.39,10056.26174499,1529.07097616,3,0,0.03906896,4202.0,2711.0
907,54.45,10072.74696628,1530.18763444,3,0,0.03914629,4201.25,2711.0
908,54.51,10089.27307691,1531.30788925,3,0,0.03922361,4199.75,2712.0
909,54.57,10105.83833746,1532.40694299,3,0,0.03930093,4198.5,2710.0
910,54.63,10120.12620037,1533.51059612,3,0,0.03937826,4198.5,2710.0
911,54.69,10133.40893738,1534.8157327,3,0,0.03945558,4199.0,2710.0
912,54.75,10146.73198447,1536.15908459,3,0,0.03953291,4198.5,2710.0
913,54.81,10160.09959337,1537.51408518,3,0,0.03961023,4198.0,2710.0
914,54.87,10173.51781332,1538.86805422,3,0,0.03968756,4197.75,2710.0
915,54.93,10186.97926198,1540.22920107,3,0,0.03976488,4197.0,2711.0
916,54.99,10200.48372374,1541.59341706,3,0,0.0398422,4194.0,2709.0
917,55.05,10214.03029906,1542.96534233,3,0,0.03991953,4193.75,2709.0
918,55.11,10227.62121608,1544.37051718,3,0,0.03999685,4195.25,2711.0
919,55.17,10241.2592562,1545.80258735,3,0,0.04007418,4195.25,2711.0
920,55.23,10254.94573271,1547.23877689,3,0,0.0401515,4194.75,2711.0
921,55.29,10268.68178506,1548.65011002,3,0,0.04022882,4195.5,2711.0
922,55.35,10282.46680284,1550.06591745,3,0,0.04030615,4195.25,2711.0
923,55.41,10296.30101251,1551.34461978,3,0,0.04038347,4194.0,2712.0
924,55.47,10310.18396322,1552.58468501,3,0,0.0404608,4191.25,2710.0
925,55.53,10324.11774674,1553.83394193,3,0,0.04053812,4191.25,2710.0
926,55.59,10338.10313947,1555.09713151,3,0,0.04061545,4191.25,2710.0
927,55.65,10352.14273075,1556.37399281,3,0,0.04069277,4191.75,2710.0
928,55.71,10366.23693306,1557.65050098,3,0,0.04077009,4190.75,2710.0
929,55.77,10380.38643969,1558.92087572,3,0,0.04084742,4190.25,2710.0
930,55.83,10394.58847706,1560.19039969,3,0,0.04092474,4189.75,2711.0
931,55.89,10410.44471631,1617.47199114,3,0,1.63530048,4174.25,2653.0
932,55.95,10428.11454916,1618.72358042,3,0,0.04107939,4172.75,2651.0
933,56.01,10445.83746806,1620.02903729,3,0,0.04115671,4173.0,2651.0
934,56.07,10463.61907034,1620.99623885,2,0,0.04123404,4173.5,2651.0
935,56.13,10481.45845098,1621.92898917,2,0,0.04131136,4173.5,2651.0
936,56.19,10499.35262118,1622.86739885,2,0,0.04138869,4172.5,2651.0
937,56.25,10517.30391659,1623.88675758,2,0,0.04146601,4172.0,2651.0
938,56.31,10535.31752041,1624.92701482,2,0,0.05271533,4171.0,2652.0
939,56.37,10553.39675921,1626.06020761,2,0,0.06630068,4168.25,2652.0
940,56.43,10571.54744021,1627.24251666,2,0,0.07080316,4167.0,2649.0
941,56.49,10589.77233989,1628.43636,2,0,0.07694518,4167.25,2651.0
942,56.55,10608.07198086,1629.6291173,2,0,0.08073109,4167.5,2651.0
943,56.61,10626.44662533,1630.75387763,2,0,0.08429348,4165.75,2643.0
944,56.67,10644.87442045,1631.3947186,2,0,0.04204974,4164.75,2643.0
945,56.73,10662.88816728,1632.0777682,2,0,0.05218426,4164.5,2643.0
946,56.79,10680.33206916,1632.82340548,2,0,0.0624218,4164.25,2644.0
947,56.85,10697.46405588,1633.6086051,2,0,0.06279169,4163.25,2642.0
948,56.91,10714.39025231,1635.6174289,3,1,0.09377992,4163.75,2646.0
949,56.97,10731.22070238,1637.89042878,3,0,0.11151208,4164.25,2644.0
950,57.03,10747.69483273,1648.6988627,3,0,0.12435143,4165.25,2644.0
951,57.09,10763.16217584,1656.32407259,3,0,0.1408003,4165.5,2644.0
952,57.15,10778.10398714,1663.66623819,3,0,0.16987892,4167.0,2646.0
953,57.21,10792.6060647,1669.70084667,3,0,0.18708961,4167.5,2645.0
954,57.27,10806.85841954,1677.81369667,3,0,0.25640495,4165.5,2646.0
955,57.33,10818.07343037,1692.34183267,3,0,0.43612992,4162.0,2654.0
956,57.39,10829.2287418,1698.52765852,4,0,0.44124949,4165.5,2653.0
957,57.45,10840.09844754,1699.09764578,4,0,0.27471226,4166.5,2653.0
958,57.51,10850.67562854,1700.52274152,4,0,0.27546891,4168.75,2653.0
959,57.57,10860.94286708,1702.21735605,4,2,0.27622557,4167.75,2653.0
960,57.63,10870.89726862,1704.04431452,4,2,0.27698222,4171.5,2654.0
961,57.69,10880.53676866,1705.76529113,4,2,0.27773888,4169.25,2655.0
962,57.75,10889.89450389,1707.32311169,2,0,0.27849553,4167.0,2653.0
963,57.81,10898.97505944,1708.89079301,2,0,0.27925219,4167.5,2653.0
964,57.87,10907.77809903,1710.63465376,2,0,0.30209875,4167.25,2651.0
965,57.93,10916.3126307,1712.30732205,2,0,0.30358267,4169.75,2653.0
966,57.99,10924.57002373,1713.8247424,2,0,0.30555933,4170.5,2651.0
967,58.05,10932.54768917,1715.31008924,2,0,0.30757288,4169.0,2648.0
968,58.11,10940.25208355,1716.28624155,2,0,0.30832636,4170.25,2649.0
969,58.17,10947.69641611,1717.46934168,4,2,0.31526056,4166.0,2643.0
970,58.23,10954.87485561,1718.47199767,4,2,0.31510501,4164.75,2636.0
971,58.29,10961.78267127,1719.31339839,4,2,0.31462943,4168.0,2636.0
972,58.35,10968.38764935,1719.51145807,4,2,0.31134314,4168.5,2634.0
973,58.41,10974.65928893,1719.51929302,4,2,0.31852694,4167.75,2633.0
974,58.47,10980.56269378,1717.40098901,4,0,0.30823991,4166.5,2620.0
975,58.53,10985.82056851,1709.55870271,4,0,0.24368823,4166.25,2620.0
976,58.59,10992.93954276,1768.55010192,4,0,2.56309648,4154.5,2562.0
977,58.65,11000.9686143,1771.56345428,4,0,0.24503106,4155.75,2560.0
978,58.71,11008.87782593,1774.62101813,4,0,0.24570247,4157.0,2561.0
979,58.77,11016.66958532,1777.70824116,4,0,0.24637389,4160.75,2563.0
980,58.83,11024.34845303,1780.85556103,4,0,0.2470453,4160.5,2563.0
981,58.89,11031.92342629,1784.0419594,4,0,0.24771671,4162.5,2565.0
982,58.95,11039.3981683,1787.24585005,4,0,0.24838813,4164.0,2565.0
983,59.01,11046.77606625,1790.47558679,4,0,0.24905954,4162.75,2563.0
984,59.07,11054.0585478,1793.65435372,4,0,0.24973096,4168.75,2565.0
985,59.13,11061.25846746,1796.78624308,4,0,0.25040237,4169.25,2566.0
986,59.19,11068.37996816,1800.2411197,6,2,0.25107378,4170.75,2568.0
987,59.25,11075.44362033,1804.07707685,6,2,0.2517452,4174.75,2568.0
988,59.31,11082.4452353,1807.98493169,6,0,0.25241661,4173.75,2569.0
989,59.37,11089.38794542,1811.90339293,6,0,0.25308802,4176.75,2571.0
990,59.43,11096.27427927,1815.84596297,6,0,0.25375944,4177.5,2570.0
991,59.49,11103.10513983,1819.79968531,6,0,0.27583507,4178.5,2571.0
992,59.55,11109.88042007,1823.77026031,6,0,0.2790145,4182.5,2573.0
993,59.61,11116.60351504,1827.77212648,6,0,0.28179511,4181.75,2573.0
994,59.67,11123.28021377,1831.57401041,4,0,0.28678738,4184.25,2577.0
995,59.73,11129.91778273,1835.07329428,4,0,0.2940539,4185.0,2577.0
996,59.79,11136.52173519,1838.63638713,2,0,0.30011622,4185.25,2577.0
997,59.85,11143.09230197,1841.8596319,2,0,0.30599451,4188.5,2577.0
998,59.91,11149.62826764,1845.08031991,2,0,0.31182365,4187.75,2578.0
999,59.97,11155.71853128,1848.3221584,2,0,0.31764718,4188.25,2580.0
1000,60.03,11158.83296985,1851.76253166,2,0,0.32657127,4189.75,2578.0
1001,60.09,11161.93438074,1855.33729722,2,0,0.339409,4189.5,2578.0
1002,60.15,11165.02650912,1858.9204464,2,0,0.34972448,4192.0,2581.0
1003,60.21,11168.11087674,1862.53858442,2,0,0.36000746,4192.5,2579.0
1004,60.27,11171.18646384,1866.15207834,2,0,0.3702841,4192.25,2581.0
1005,60.33,11174.26111914,1870.35440725,3,1,0.38802397,4194.0,2584.0
1006,60.39,11177.39038631,1874.74104955,3,0,0.42913647,4192.25,2579.0
1007,60.45,11180.58243664,1879.11542104,3,0,0.45689914,4193.25,2579.0
1008,60.51,11183.84035001,1883.62110963,3,0,0.48638629,4195.75,2579.0
1009,60.57,11187.19633555,1888.7401206,3,0,0.53910171,4195.0,2580.0
1010,60.63,11190.67385425,1893.88575648,3,0,0.57991453,4193.75,2581.0
1011,60.69,11194.32813688,1900.88162758,3,0,0.66988616,4194.25,2579.0
1012,60.75,11198.47287092,1911.7170383,3,0,0.9716186,4190.5,2582.0
1013,60.81,11202.79829789,1915.32221701,3,0,0.7589937,4189.75,2580.0
1014,60.87,11207.14620932,1918.88713069,3,0,0.7739173,4190.5,2582.0
1015,60.93,11211.51368786,1922.41095718,3,0,0.78813036,4190.0,2584.0
1016,60.99,11215.90212895,1925.94468012,3,0,0.80231083,4189.5,2587.0
1017,61.05,11220.31312927,1929.50049806,3,0,0.81648669,4189.25,2585.0
1018,61.11,11224.7526257,1933.10235648,3,0,0.83232999,4188.5,2587.0
1019,61.17,11220.69522958,1936.61241616,3,0,0.85018091,4184.5,2578.0
1020,61.23,11209.61910777,1940.02988354,3,0,0.86629214,4186.25,2580.0
1021,61.29,11198.58507205,1943.42074757,3,0,0.88154172,4187.5,2580.0
1022,61.35,11187.58435501,1946.73591943,3,0,0.89372577,4187.5,2583.0
1023,61.41,11176.60653437,1949.27204883,2,0,0.89666227,4197.25,2591.0
1024,61.47,11165.56280648,1950.5993403,2,0,0.88706128,4193.5,2590.0
1025,61.53,11154.4318386,1951.92813902,2,0,0.88508551,4193.25,2589.0
1026,61.59,11143.21597496,1953.34077525,2,0,0.88308683,4193.0,2589.0
1027,61.65,11131.90864314,1954.66161205,2,0,0.87908759,4193.25,2588.0
1028,61.71,11120.49204561,1955.82330399,2,0,0.87012608,4192.0,2587.0
1029,61.77,11108.95697606,1956.86897407,2,0,0.86110431,4190.25,2585.0
1030,61.83,11097.30712385,1957.90909431,2,0,0.85422216,4188.25,2579.0
1031,61.89,11085.54305369,1958.90442587,2,0,0.84696574,4189.25,2576.0
1032,61.95,11073.65190426,1959.22706254,2,0,0.83226162,4187.75,2574.0
1033,62.01,11061.5996601,1959.28904746,2,0,0.79616887,4189.0,2576.0
1034,62.07,11049.38200075,1959.36163338,2,0,0.78585805,4189.5,2569.0
1035,62.13,11036.96459708,1957.58374092,2,0,0.75308101,4187.5,2564.0
1036,62.19,11024.21957437,1954.73199317,2,0,0.70848969,4182.0,2546.0
1037,62.25,11010.97311132,1944.57127391,2,0,0.60482216,4185.0,2547.0
1038,62.31,10997.28268467,1947.51486203,2,0,0.6056213,4187.0,2547.0
1039,62.37,10983.6080024,1950.53999145,2,0,0.60642044,4189.75,2549.0
1040,62.43,10969.95505391,1953.52968158,2,0,0.60725908,4188.5,2549.0
1041,62.49,10956.32232135,1956.52225401,2,0,0.60811864,4189.5,2551.0
1042,62.55,10942.71159851,1959.61136966,2,0,0.60900652,4188.75,2550.0
1043,62.61,10929.12768681,1962.7222243,2,0,0.60985877,4191.25,2550.0
1044,62.67,10915.58662107,1966.3582436,3,1,0.62391366,4193.25,2554.0
1045,62.73,10902.12074547,1970.21181527,3,0,0.62982337,4194.75,2554.0
1046,62.79,10888.7423723,1974.15876613,3,0,0.63901214,4194.5,2555.0
1047,62.85,10875.45829669,1978.10567652,3,0,0.64820397,4197.0,2557.0
1048,62.91,10862.33095464,1977.39695032,3,0,0.65760249,4196.25,2555.0
1049,62.97,10850.45601431,1972.9752527,3,0,0.67857302,4195.5,2556.0
1050,63.03,10839.49455386,1973.4339817,4,1,0.69942661,4197.25,2557.0
1051,63.09,10829.30846615,1976.35491758,4,0,0.76467263,4197.5,2552.0
1052,63.15,10819.88215835,1983.05642153,4,0,0.82387146,4197.25,2545.0
1053,63.21,10811.15847868,1984.34579231,3,0,0.74270567,4197.5,2544.0
1054,63.27,10802.87238027,1985.82007393,3,0,0.71744399,4195.75,2549.0
1055,63.33,10794.641368,1994.65862804,7,4,0.72821097,4200.0,2559.0
1056,63.39,10786.63970913,2002.27104653,7,0,0.81636584,4200.75,2563.0
1057,63.45,10779.02368121,2009.31035454,7,0,0.87484063,4205.25,2571.0
1058,63.51,10771.81180854,2016.08769077,7,0,0.93486037,4205.25,2574.0
1059,63.57,10765.02047884,2022.86985743,7,0,1.00266215,4205.5,2580.0
1060,63.63,10758.68329581,2029.9550178,7,0,1.0795512,4204.25,2580.0
1061,63.69,10752.83588114,2037.44820115,7,0,1.16999828,4203.25,2580.0
1062,63.75,10747.50455456,2044.93936973,7,0,1.25165913,4205.25,2588.0
1063,63.81,10742.69885689,2052.80727336,5,0,1.34782898,4205.0,2586.0
1064,63.87,10738.47253278,2061.08929551,5,0,1.49420178,4205.0,2585.0
1065,63.93,10735.05175017,2075.2753796,3,0,1.81330462,4204.0,2584.0
1066,63.99,10732.24460524,2077.94403658,3,0,1.67521885,4200.5,2580.0
1067,64.05,10729.63556219,2080.69405066,3,0,1.71370822,4197.0,2574.0
1068,64.11,10727.24695828,2084.58949003,5,2,1.7652884,4195.75,2570.0
1069,64.17,10725.15362066,2089.21288216,5,0,1.79580627,4199.0,2573.0
1070,64.23,10723.35919944,2093.85237457,5,0,1.79451765,4198.75,2579.0
1071,64.29,10721.81511426,2096.77740531,3,0,1.79532282,4195.25,2575.0
1072,64.35,10720.4687653,2099.64748278,3,0,1.81100611,4190.0,2573.0
1073,64.41,10719.31870652,2102.44176981,3,0,1.82868467,4186.75,2569.0
1074,64.47,10718.36167427,2104.55191647,2,0,1.84528018,4197.5,2582.0
1075,64.53,10717.55089926,2105.9469789,2,0,1.85798001,4195.25,2579.0
1076,64.59,10716.87511028,2107.33276578,2,0,1.89124592,4194.75,2579.0
1077,64.65,10716.31698839,2108.11952225,2,0,1.89436866,4187.25,2576.0
1078,64.71,10715.859926,2108.89400447,2,0,1.90395568,4184.5,2573.0
1079,64.77,10715.51285424,2109.77582735,2,0,1.91682749,4182.25,2571.0
1080,64.83,10715.27320218,2110.46987703,2,0,1.92533851,4181.25,2567.0
1081,64.89,10715.13521123,2111.14504415,2,0,1.93293248,4178.0,2567.0
1082,64.95,10715.0995166,2111.57238464,2,0,1.94651579,4178.25,2567.0
1083,65.01,10715.1620836,2112.23630169,2,0,1.97282528,4169.25,2562.0
1084,65.07,10715.30181522,2112.72076591,2,0,1.97045906,4162.75,2556.0
1085,65.13,10715.49716755,2113.01283175,2,0,1.96801261,4161.5,2554.0
1086,65.19,10715.73809939,2112.85584911,2,0,1.96307782,4153.5,2549.0
1087,65.25,10716.0164886,2112.53057954,2,0,1.95976001,4148.25,2545.0
1088,65.31,10716.28995575,2111.25705693,2,0,1.93838688,4140.5,2526.0
1089,65.37,10716.46954565,2107.99167052,1,0,1.90159602,4136.0,2512.0
1090,65.43,10716.27228654,2100.40118307,1,0,1.82978964,4128.5,2510.0
1091,65.49,10716.03340475,2103.71369234,3,2,1.89125373,4125.25,2512.0
1092,65.55,10716.05557477,2107.33766439,3,0,1.95586639,4116.0,2510.0
1093,65.61,10716.34739694,2110.99226376,3,0,2.02480656,4106.5,2507.0
1094,65.67,10716.93305779,2114.92551295,3,0,2.11148353,4098.25,2506.0
1095,65.73,10717.8338168,2118.81691392,3,0,2.22631091,4091.25,2510.0
1096,65.79,10719.04175949,2122.69750506,3,0,2.31988588,4087.0,2514.0
1097,65.85,10720.59534089,2126.60382384,5,2,2.44338182,4077.5,2512.0
1098,65.91,10722.63927921,2131.00712105,5,0,2.6025424,4065.25,2512.0
1099,65.97,10725.19162064,2135.52195801,5,0,2.76015244,4053.75,2508.0
1100,66.03,10728.25532355,2138.84969995,3,0,2.90491214,4042.25,2504.0
1101,66.09,10731.98823454,2136.30672889,5,0,3.04217869,4032.25,2500.0
1102,66.15,10736.7596218,2134.82475545,3,0,3.20440602,4024.25,2497.0
1103,66.21,10742.33729489,2134.41622157,3,0,3.38571748,4017.75,2498.0
1104,66.27,10748.70349036,2135.07013921,3,0,3.60382265,4003.5,2495.0
1105,66.33,10755.87861571,2135.9362556,3,0,3.85851793,3995.25,2497.0
1106,66.39,10763.90135226,2137.70292073,3,0,4.15041873,3976.5,2497.0
1107,66.45,10772.8725078,2140.36522613,3,0,4.51041796,3965.0,2491.0
1108,66.51,10783.11973095,2144.47852993,3,0,5.02401438,3953.5,2493.0
1109,66.57,10794.67913222,2153.16936763,1,0,5.7836929,3931.25,2475.0
1110,66.63,10806.96183349,2151.88476138,1,0,5.77922247,3919.5,2473.0
1111,66.69,10819.56662712,2148.80975598,1,0,5.83574248,3915.0,2480.0
1112,66.75,10832.35656961,2145.35907557,1,0,5.92506686,3903.5,2476.0
1113,66.81,10845.33775625,2141.93674382,1,0,6.00972484,3882.25,2470.0
1114,66.87,10858.51508376,2138.60374842,1,0,6.08011843,3868.25,2461.0
1115,66.93,10871.89831038,2135.43149913,1,0,6.17682165,3849.25,2452.0
1116,66.99,10885.49262394,2132.19297449,1,0,6.27826008,3831.0,2445.0
1117,67.05,10899.28712421,2129.13565991,1,0,6.38491205,3816.25,2445.0
1118,67.11,10913.2808805,2125.96963161,1,0,6.47776159,3793.75,2434.0
1119,67.17,10927.46677469,2122.88456928,1,0,6.57396665,3780.0,2426.0
1120,67.23,10941.83202186,2119.8193114,1,0,6.66631853,3761.5,2425.0
1121,67.29,10956.38573369,2116.93107517,1,0,6.77295173,3742.75,2414.0
1122,67.35,10971.14121541,2113.88162402,1,0,6.88880309,3721.75,2418.0
1123,67.41,10986.12636553,2111.07254945,1,0,7.043478,3698.0,2402.0
1124,67.47,11001.33734905,2108.01920903,1,0,7.19232751,3679.5,2392.0
1125,67.53,11016.72257646,2104.98740172,1,0,7.30968426,3660.5,2383.0
1126,67.59,11032.30162497,2102.38168972,1,0,7.44547211,3638.75,2379.0
1127,67.65,11048.12030249,2099.90981531,1,0,7.6118487,3616.5,2372.0
1128,67.71,11064.23507615,2097.64253631,1,0,7.83257692,3594.25,2359.0
1129,67.77,11080.65465467,2095.48125465,1,0,8.0699031,3574.0,2353.0
1130,67.83,11097.47161405,2095.57513042,1,0,8.39190263,3556.5,2344.0
1131,67.89,11114.92277968,2101.06198769,1,0,8.90569145,3594.75,2360.0
1132,67.95,11132.81157863,2094.51233153,1,0,9.09961414,3573.75,2338.0
1133,68.01,11150.3022623,2082.05699985,1,0,8.89667633,3548.5,2328.0
1134,68.07,11167.28915649,2079.03981621,1,0,8.90813575,3530.5,2323.0
1135,68.13,11184.34928837,2077.80764714,1,0,8.95806263,3506.0,2321.0
1136,68.19,11201.49532013,2076.76067926,1,0,9.01621543,3487.75,2317.0
1137,68.25,11218.74369842,2076.00242946,1,0,9.09156438,3466.0,2312.0
1138,68.31,11236.13566324,2075.29516006,1,0,9.19379921,3449.25,2298.0
1139,68.37,11253.61301092,2074.64447307,1,0,9.23773973,3426.0,2299.0
1140,68.43,11271.17595428,2074.73448492,1,0,9.28757092,3393.0,2288.0
1141,68.49,11288.86332389,2075.10437518,1,0,9.36190611,3376.5,2292.0
1142,68.55,11306.79061229,2077.79402774,1,0,9.55220011,3355.0,2294.0
1143,68.61,11324.91949971,2077.98012124,1,0,9.61501634,3336.75,2291.0
1144,68.67,11342.79009563,2077.96247212,1,0,9.37288302,3315.0,2285.0
1145,68.73,11361.0206517,2078.69082613,1,0,9.80352087,3292.25,2281.0
1146,68.79,11380.42579265,2081.08060826,1,0,10.78583665,3268.75,2279.0
1147,68.85,11401.94883886,2082.91319171,1,0,12.60981899,3246.0,2272.0
1148,68.91,11422.99006002,2077.40130266,1,0,11.87010089,3221.0,2266.0
1149,68.97,11442.03986204,2072.92756248,3,2,10.06533047,3205.25,2272.0
1150,69.03,11460.82846091,2072.22360059,3,0,9.97808529,3176.0,2260.0
1151,69.09,11479.93994188,2071.61899296,3,0,10.25938151,3155.75,2255.0
1152,69.15,11499.46521458,2071.47043397,3,0,10.63184337,3131.5,2258.0
1153,69.21,11519.59499572,2072.04948355,3,0,11.17934005,3106.25,2254.0
1154,69.27,11540.39630237,2073.39144665,3,0,11.76872079,3082.25,2240.0
1155,69.33,11562.40728368,2080.6389511,1,0,12.87196333,3060.5,2236.0
1156,69.39,11585.66229761,2076.85363811,1,0,13.80998345,3039.75,2229.0
1157,69.45,11608.66867177,2073.37102445,1,0,13.67575413,3010.25,2216.0
1158,69.51,11631.45319825,2070.65191874,1,0,13.55004329,2986.25,2208.0
1159,69.57,11653.93339917,2068.55124552,1,0,13.31208102,2964.5,2199.0
1160,69.63,11676.1663136,2071.71936589,1,0,13.12118857,2940.75,2205.0
1161,69.69,11700.1039071,2067.92949512,1,0,14.55503108,2909.5,2197.0
1162,69.75,11723.51259593,2062.67643055,1,0,14.12266764,2886.25,2189.0
1163,69.81,11746.44727368,2058.7294849,1,0,13.79719249,2856.75,2181.0
1164,69.87,11769.13550738,2053.19077155,1,0,13.63605098,2830.5,2166.0
1165,69.93,11790.54013151,2036.13918969,1,0,12.53802934,2804.25,2141.0
1166,69.99,11809.57807153,2010.03936863,1,0,10.6553967,2775.25,2085.0
1167,70.05,11825.4740651,1993.38730409,1,0,8.88858396,2762.25,2082.0
1168,70.11,11841.13183637,1991.97557096,1,0,9.06581343,2743.75,2078.0
1169,70.17,11857.0937671,1992.75627476,1,0,9.3611256,2728.25,2081.0
1170,70.23,11873.81346724,1996.52718822,1,0,10.02378475,2711.25,2078.0
1171,70.29,11890.75491274,1991.32103857,1,0,10.04743712,2690.75,2069.0
1172,70.35,11907.42329452,1985.93920263,1,0,9.92192545,2676.0,2063.0
1173,70.41,11923.80116185,1980.48495122,1,0,9.78926667,2653.25,2057.0
1174,70.47,11939.87259808,1974.90436785,1,0,9.64622462,2640.0,2051.0
1175,70.53,11955.6280225,1969.33404095,1,0,9.50174534,2625.75,2057.0
1176,70.59,11971.06269851,1963.65329372,1,0,9.34920153,2612.0,2049.0
1177,70.65,11986.15689679,1957.89786976,1,0,9.18406922,2597.25,2045.0
1178,70.71,12000.9062154,1952.05118079,1,0,9.01477411,2577.75,2033.0
1179,70.77,12015.28861854,1945.93205973,1,0,8.82682095,2564.25,2020.0
1180,70.83,12029.27216143,1939.6544751,1,0,8.62414732,2551.5,2019.0
1181,70.89,12042.85220498,1933.36650523,1,0,8.42060909,2533.75,2011.0
1182,70.95,12056.01751548,1926.98781997,1,0,8.20834488,2522.75,2002.0
1183,71.01,12068.74410859,1920.28842169,1,0,7.97193239,2513.5,1995.0
1184,71.07,12080.97989793,1913.05465838,1,0,7.70231908,2494.25,1986.0
1185,71.13,12092.67510272,1905.46423814,1,0,7.40675659,2481.75,1967.0
1186,71.19,12103.8124148,1897.85525281,1,0,7.10402021,2471.5,1967.0
1187,71.25,12114.37035927,1889.37859953,1,0,6.76579484,2460.75,1952.0
1188,71.31,12124.21458675,1879.50024018,1,0,6.34845012,2446.75,1939.0
1189,71.37,12133.21969453,1866.00908134,1,0,5.78259433,2436.25,1917.0
1190,71.43,12141.01091916,1855.44131059,1,0,5.26451589,2427.25,1913.0
1191,71.49,12148.26131076,1849.54506499,1,0,4.95356177,2419.5,1907.0
1192,71.55,12154.97053508,1842.9747434,1,0,4.57934525,2412.5,1891.0
1193,71.61,12161.01968785,1835.35744157,1,0,4.10749658,2403.75,1882.0
1194,71.67,12166.10756144,1821.71625323,1,0,3.27842886,2396.25,1865.0
1195,71.73,12170.11476565,1817.54522972,1,0,2.83701011,2392.0,1861.0
1196,71.79,12173.90072225,1814.13247713,1,0,2.69683975,2384.5,1857.0
1197,71.85,12177.44222067,1810.13964358,1,0,2.52209618,2382.75,1849.0
1198,71.91,12180.63324637,1804.96678037,1,0,2.27994442,2381.0,1845.0
1199,71.97,12183.38724923,1797.90069887,1,0,1.93868169,2374.5,1829.0
1200,72.03,12185.30358973,1790.67322577,1,0,1.52031475,2373.25,1827.0
1201,72.09,12187.11117893,1790.2165271,1,0,1.52032714,2371.0,1827.0
1202,72.15,12188.95778312,1789.7696095,1,0,1.52033953,2373.25,1839.0
1203,72.21,12190.84314459,1789.32482212,1,0,1.52035192,2373.5,1839.0
1204,72.27,12192.76725989,1788.87867008,1,0,1.52036432,2371.5,1839.0
1205,72.33,12194.73021242,1788.43723968,1,0,1.52037671,2370.25,1837.0
1206,72.39,12196.73166799,1788.00678443,1,0,1.5203891,2366.75,1837.0
1207,72.45,12198.77043127,1787.58180542,1,0,1.52040149,2366.25,1837.0
1208,72.51,12200.84652903,1787.15893701,1,0,1.52041388,2362.5,1835.0
1209,72.57,12202.96065517,1786.75430149,1,0,1.52042628,2359.75,1835.0
1210,72.63,12205.11438834,1786.35978408,1,0,1.52043867,2360.75,1835.0
1211,72.69,12207.30800483,1785.96526666,1,0,1.52045106,2358.75,1835.0
1212,72.75,12209.47526345,1790.98623553,1,0,1.52046345,2359.5,1847.0
1213,72.81,12211.18947237,1797.00788592,1,0,1.52047584,2358.0,1851.0
1214,72.87,12212.64666385,1800.71306932,1,0,1.52048824,2359.0,1855.0
1215,72.93,12213.92309825,1803.43132431,1,0,1.52050063,2357.75,1857.0
1216,72.99,12215.06451169,1805.88349742,1,0,1.52051302,2357.0,1861.0
1217,73.05,12216.08447146,1807.99141662,1,0,1.52052541,2359.25,1861.0
1218,73.11,12217.00682761,1809.78035829,1,0,1.52053781,2358.5,1867.0
1219,73.17,12217.8148614,1811.68710903,1,0,1.5205502,2358.75,1869.0
1220,73.23,12218.46591236,1813.45564253,1,0,1.52056259,2357.75,1871.0
1221,73.29,12218.96969279,1815.05627683,1,0,1.52057498,2359.0,1871.0
1222,73.35,12219.3348189,1816.62579802,1,0,1.52058737,2358.5,1871.0
1223,73.41,12219.56172421,1818.17887405,1,0,1.52059977,2359.25,1875.0
1224,73.47,12218.8983236,1837.85554031,1,0,1.52061216,2360.5,1873.0
1225,73.53,12216.13574542,1847.48477988,1,0,1.52062455,2360.25,1875.0
1226,73.59,12212.89857202,1852.06376893,1,0,1.52063694,2359.5,1877.0
1227,73.65,12211.37522659,1823.10640687,1,0,1.52064933,2359.75,1877.0
1228,73.71,12210.75794387,1824.3281882,1,0,1.52066173,2369.25,1889.0
1229,73.77,12210.07384915,1825.51604797,1,0,1.52067412,2368.25,1887.0
1230,73.83,12209.3220059,1826.61599088,1,0,1.52068651,2371.75,1889.0
1231,73.89,12208.50972385,1827.71699264,1,0,1.5206989,2370.25,1887.0
1232,73.95,12207.6382678,1828.82871913,1,0,1.5207113,2372.5,1889.0
1233,74.01,12206.70861507,1829.92150211,1,0,1.52072369,2371.25,1889.0
1234,74.07,12205.72063176,1830.98374085,1,0,1.52073608,2370.0,1887.0
1235,74.13,12204.67481167,1832.01050756,1,0,1.52074847,2372.25,1887.0
1236,74.19,12203.57758425,1833.00377495,1,0,1.52076086,2371.25,1888.0
1237,74.25,12202.42817126,1834.01835239,1,0,1.52077326,2372.25,1888.0
1238,74.31,12201.22113579,1835.04584507,1,0,1.52078565,2376.25,1895.0
1239,74.37,12199.95621563,1836.05073232,1,0,1.52079804,2375.25,1895.0
1240,74.43,12198.63816659,1837.02660952,1,0,1.52081043,2376.0,1895.0
1241,74.49,12197.27380631,1837.99037354,1,0,1.52082282,2377.5,1895.0
1242,74.55,12195.86651971,1838.95268305,1,0,1.52083522,2376.5,1893.0
1243,74.61,12194.41283452,1839.92085113,1,0,1.52084761,2377.5,1895.0
1244,74.67,12192.90806964,1840.89331638,1,0,1.52086,2378.5,1893.0
1245,74.73,12191.35214023,1841.85669879,1,0,1.52087239,2379.0,1895.0
1246,74.79,12196.81146869,1843.74939168,1,0,6.4496425,2378.0,1893.0
1247,74.85,12204.98019216,1846.09906117,1,0,9.23667931,2351.25,1886.0
1248,74.91,12212.85356603,1848.58005432,1,0,9.04761031,2353.75,1884.0
1249,74.97,12220.50707211,1851.29763269,1,0,8.91677443,2330.25,1881.0
1250,75.03,12228.01114534,1854.21947669,1,0,8.81653221,2330.75,1879.0
1251,75.09,12235.41811875,1857.44759821,1,0,8.74743275,2307.5,1878.0
1252,75.15,12242.81167985,1861.13285637,1,0,8.74208082,2304.75,1878.0
1253,75.21,12250.30150067,1865.46163365,1,0,8.80636667,2304.0,1882.0
1254,75.27,12258.04790743,1871.33525012,1,0,8.98372191,2277.75,1887.0
1255,75.33,12266.59181189,1882.75709182,1,0,9.601548,2305.75,1893.0
1256,75.39,12275.62297138,1882.77716477,1,0,9.59797083,2279.5,1906.0
1257,75.45,12284.27732018,1882.8074373,1,0,9.38971541,2278.5,1900.0
1258,75.51,12292.55719862,1882.84750199,1,0,9.18824839,2254.75,1895.0
1259,75.57,12300.47801769,1882.88845763,1,0,8.9939089,2253.75,1895.0
1260,75.63,12308.04857046,1882.95696321,1,0,8.8086014,2250.75,1893.0
1261,75.69,12315.26523011,1882.99035084,1,0,8.62854672,2231.25,1882.0
1262,75.75,12322.14923389,1883.01943617,1,0,8.45563616,2232.0,1880.0
1263,75.81,12328.70264937,1883.06481922,1,0,8.28724584,2205.0,1873.0
1264,75.87,12335.01075239,1877.38068078,1,0,8.11942612,2204.0,1873.0
1265,75.93,12341.36321977,1873.00175681,1,0,7.95806303,2183.0,1870.0
1266,75.99,12347.57680401,1870.0908073,1,0,7.80100331,2180.0,1868.0
1267,76.05,12353.57964431,1867.65846517,1,0,7.65009746,2177.0,1868.0
1268,76.11,12359.32002847,1865.60638938,1,0,7.49934012,2156.5,1863.0
1269,76.17,12364.70300308,1863.74661332,1,0,7.34996456,2159.75,1855.0
1270,76.23,12369.39075216,1862.09794146,1,0,7.1935961,2139.0,1846.0
1271,76.29,12373.17870123,1860.37394235,1,0,6.96999956,2136.25,1844.0
1272,76.35,12376.76939029,1858.77847692,1,0,6.74640221,2119.5,1846.0
1273,76.41,12380.21975009,1857.28148107,1,0,6.53274197,2115.75,1842.0
1274,76.47,12384.19205809,1856.06385109,1,0,6.4293581,2113.25,1840.0
1275,76.53,12389.65096293,1854.94057718,1,0,6.33384155,2098.25,1838.0
1276,76.59,12395.99692544,1853.83093556,1,0,6.24064373,2098.0,1837.0
1277,76.65,12402.21287628,1852.74655319,1,0,6.14828847,2079.5,1834.0
1278,76.71,12408.29970041,1851.71244539,1,0,6.05908649,2078.25,1832.0
1279,76.77,12414.25449828,1850.7374163,1,0,5.97000605,2060.0,1829.0
1280,76.83,12420.07663599,1849.75013195,1,0,5.88174059,2058.0,1825.0
1281,76.89,12425.77078769,1848.80546008,1,0,5.79980074,2053.75,1823.0
1282,76.95,12431.33644016,1847.88356882,1,0,5.71882425,2055.25,1842.0
1283,77.01,12436.76507239,1846.99760308,1,0,5.63471363,2053.75,1839.0
1284,77.07,12442.05374425,1846.11668769,1,0,5.55049136,2034.75,1838.0
1285,77.13,12447.17454424,1845.20308256,1,0,5.44989447,2033.75,1840.0
1286,77.19,12452.09929686,1844.35044631,1,0,5.34116982,2019.5,1841.0
1287,77.25,12456.83235813,1843.53289277,1,0,5.23764264,2015.75,1837.0
1288,77.31,12461.37433561,1842.72110766,1,0,5.13464336,2017.75,1839.0
1289,77.37,12465.72196613,1841.91721885,1,0,5.03164408,2006.5,1838.0
1290,77.43,12469.8698941,1841.14900078,1,0,4.92420223,2005.5,1836.0
1291,77.49,12473.81250125,1840.42522351,1,0,4.81486017,1992.5,1837.0
1292,77.55,12477.55318629,1839.73583439,1,0,4.70859175,1989.5,1835.0
1293,77.61,12481.09483295,1839.06915352,1,0,4.60692959,1977.5,1836.0
1294,77.67,12484.43711582,1838.43355737,1,0,4.50290733,1974.25,1834.0
1295,77.73,12487.56719373,1837.83382016,1,0,4.39081911,1977.25,1832.0
1296,77.79,12490.47996144,1837.25168839,1,0,4.27871489,1967.5,1829.0
1297,77.85,12493.17486527,1836.70796305,1,0,4.16713684,1963.5,1829.0
1298,77.91,12495.64821335,1836.21297741,1,0,4.04907437,1954.0,1831.0
1299,77.97,12497.89397327,1835.7264075,1,0,3.92819254,1952.5,1831.0
1300,78.03,12499.91484616,1835.22697197,1,0,3.80987097,1942.75,1826.0
1301,78.09,12501.68690287,1834.80166845,1,0,3.67503602,1943.25,1826.0
1302,78.15,12503.19140445,1834.39843722,1,0,3.53278227,1944.75,1822.0
1303,78.21,12504.42046768,1834.03241897,1,0,3.38525026,1939.25,1822.0
1304,78.27,12505.33718786,1833.7319227,1,0,3.21358144,1937.25,1820.0
1305,78.33,12505.93036454,1833.49063395,1,0,3.03500663,1928.25,1817.0
1306,78.39,12506.1352376,1833.33012237,1,0,2.8136218,1926.75,1815.0
1307,78.45,12505.82266349,1833.28300016,1,0,2.49148945,1920.0,1810.0
1308,78.51,12504.83919268,1833.39120138,1,0,2.15692316,1943.25,1846.0
1309,78.57,12503.69326594,1833.50460453,1,0,2.09719047,1947.5,1846.0
1310,78.63,12502.33735932,1833.61521124,1,0,2.03745778,1941.25,1847.0
1311,78.69,12500.7749309,1833.75651278,1,0,1.98036486,1943.0,1849.0
1312,78.75,12499.15577135,1833.93656172,1,0,1.92614511,1938.5,1854.0
1313,78.81,12497.47861105,1834.15057876,1,0,1.87421758,1938.75,1857.0
1314,78.87,12495.74753728,1834.38518907,1,0,1.82546176,1934.25,1862.0
1315,78.93,12493.96413212,1834.60277204,1,0,1.77670578,1936.0,1863.0
1316,78.99,12492.13152438,1834.81423231,1,0,1.72794981,1939.5,1865.0
1317,79.05,12490.24982088,1834.99704824,1,0,1.67879396,1933.5,1865.0
1318,79.11,12488.31475256,1835.20229581,1,0,1.62809262,1934.25,1866.0
1319,79.17,12486.32785338,1835.42321433,1,0,1.5800931,1930.5,1868.0
1320,79.23,12484.29737691,1835.3965098,1,0,1.53727964,1932.0,1868.0
1321,79.29,12482.24077612,1835.2379939,1,0,1.50535802,1928.0,1868.0
1322,79.35,12480.15769041,1835.08317258,1,0,1.47343639,1930.75,1869.0
1323,79.41,12478.04616196,1834.91626164,1,0,1.44151476,1931.75,1869.0
1324,79.47,12475.9020219,1834.76334853,1,0,1.40959314,1928.0,1869.0
1325,79.53,12473.72443104,1834.63349028,1,0,1.37919765,1929.25,1869.0
1326,79.59,12471.51852933,1834.52640803,1,0,1.35243851,1925.0,1872.0
1327,79.65,12469.28595961,1834.41073959,1,0,1.32568694,1925.5,1870.0
1328,79.71,12467.03203669,1834.28213918,1,0,1.29893537,1921.75,1872.0
1329,79.77,12464.75477989,1834.15353877,1,0,1.2721838,1924.5,1876.0
1330,79.83,12462.45369343,1834.02669927,1,0,1.24543223,1927.25,1878.0
1331,79.89,12460.12590296,1833.91054048,1,0,1.21868066,1925.75,1879.0
1332,79.95,12457.77327838,1833.79455016,1,0,1.19254969,1927.25,1881.0
1333,80.01,12455.40179253,1833.70758247,1,0,1.17062327,1925.5,1887.0
1334,80.07,12453.01191511,1833.61054464,1,0,1.14882322,1928.75,1893.0
1335,80.13,12450.59776508,1833.48510378,1,0,1.12303136,1947.5,1898.0
1336,80.19,12448.15831095,1833.35964817,1,0,1.0966049,1952.0,1898.0
1337,80.25,12445.69332526,1833.23870871,1,0,1.07017844,1953.0,1901.0
1338,80.31,12443.20295294,1833.12444672,1,0,1.04375199,1950.0,1904.0
1339,80.37,12440.68822978,1833.04131028,1,0,1.01740325,1952.25,1905.0
1340,80.43,12438.15044139,1832.99374616,1,0,0.99500046,1950.5,1907.0
1341,80.49,12435.59308346,1832.96534695,1,0,0.97364276,1952.75,1907.0
1342,80.55,12433.01984222,1832.93145668,1,0,0.95228505,1952.5,1906.0
1343,80.61,12430.43216335,1832.89756642,1,0,0.93092735,1955.75,1908.0
1344,80.67,12427.82906748,1832.87807066,1,0,0.90956965,1955.75,1908.0
1345,80.73,12425.20670927,1832.86390586,1,0,0.88821195,1954.0,1905.0
1346,80.79,12422.56218409,1832.86871445,1,0,0.86685425,1954.25,1905.0
1347,80.85,12419.89641286,1832.90906914,1,0,0.84831469,1953.25,1909.0
1348,80.91,12417.22065615,1832.91144189,1,0,0.83205966,1953.75,1908.0
1349,80.97,12414.5424564,1832.91245341,1,0,0.81580263,1954.5,1908.0
1350,81.03,12411.85837046,1832.91792323,1,0,0.79954559,1956.25,1910.0
1351,81.09,12409.16551748,1832.90046285,1,0,0.78227068,1956.75,1910.0
1352,81.15,12406.50834868,1832.87573602,1,0,0.76100586,1954.75,1908.0
1353,81.21,12404.829356,1832.90006259,1,0,1.28015732,1956.25,1910.0
1354,81.27,12403.75191233,1833.01043017,1,0,1.60366062,1952.5,1900.0
1355,81.33,12403.10235052,1833.10704117,1,0,1.92758187,1955.0,1900.0
1356,81.39,12402.7355455,1833.20078587,1,0,2.13372639,1949.5,1884.0
1357,81.45,12402.52346128,1833.28799768,1,0,2.25971279,1950.25,1884.0
1358,81.51,12402.44774556,1833.88700624,2,1,2.36135357,1951.5,1884.0
1359,81.57,12402.45811874,1834.52243754,2,0,2.45215061,1944.0,1870.0
1360,81.63,12402.52121892,1835.17567719,2,0,2.50315829,1944.0,1870.0
1361,81.69,12402.63211722,1835.83674778,2,0,2.5588636,1957.75,1859.0
1362,81.75,12402.74298949,1836.49449084,2,0,2.57993877,1959.75,1860.0
1363,81.81,12402.84993726,1837.15026083,2,0,2.59631892,1952.5,1844.0
1364,81.87,12402.96224481,1837.76486091,2,0,2.61407311,1952.75,1844.0
1365,81.93,12403.05120782,1838.38833064,2,0,2.61110329,1954.5,1844.0
1366,81.99,12403.10723637,1839.03086381,2,0,2.60150352,1945.0,1833.0
1367,82.05,12403.12715434,1839.66540464,2,0,2.59666581,1945.5,1833.0
1368,82.11,12403.09197188,1840.26484722,2,0,2.57869628,1936.5,1818.0
1369,82.17,12403.00751046,1840.87033997,2,0,2.54946031,1939.75,1818.0
1370,82.23,12402.86145143,1841.47923375,2,0,2.51759472,1934.0,1805.0
1371,82.29,12402.64076006,1842.08321439,2,0,2.48960711,1932.75,1809.0
1372,82.35,12402.36954239,1842.70853567,2,0,2.45706043,1932.75,1809.0
1373,82.41,12402.01579366,1843.33929144,2,0,2.41765702,1926.75,1798.0
1374,82.47,12401.55751466,1843.96753161,2,0,2.36925713,1928.25,1798.0
1375,82.53,12401.02880781,1844.68072715,2,0,2.39475106,1920.5,1793.0
1376,82.59,12400.80487093,1845.48693051,2,0,2.42968168,1923.25,1791.0
1377,82.65,12401.05789982,1846.26454721,2,0,2.46550654,1914.0,1784.0
1378,82.71,12401.87275024,1847.04927069,2,0,2.49221542,1914.25,1784.0
1379,82.77,12403.69199823,1847.86075712,2,0,2.52518724,1914.5,1782.0
1380,82.83,12406.05611039,1848.77625271,2,0,2.54396904,1905.75,1775.0
1381,82.89,12408.23283198,1849.78656441,2,0,2.44524959,1907.75,1771.0
1382,82.95,12410.4313091,1850.65700556,2,0,2.49525995,1899.75,1766.0
1383,83.01,12412.68348487,1851.4899724,2,0,2.53707776,1902.25,1766.0
1384,83.07,12415.02940377,1852.37144384,2,0,2.57536073,1892.25,1757.0
1385,83.13,12417.49563363,1853.29026019,2,0,2.63635887,1892.0,1755.0
1386,83.19,12420.08940672,1854.24995288,2,0,2.70621172,1893.25,1755.0
1387,83.25,12422.81346837,1855.22257158,2,0,2.78070824,1885.5,1748.0
1388,83.31,12425.66140778,1856.22949852,2,0,2.85245054,1906.0,1748.0
1389,83.37,12428.63936235,1857.25663287,2,0,2.92921752,1898.0,1737.0
1390,83.43,12431.7402646,1858.27824675,2,0,2.99990001,1900.75,1736.0
1391,83.49,12434.96669039,1859.29683169,2,0,3.07078895,1889.75,1725.0
1392,83.55,12438.3342813,1860.37545034,2,0,3.14984743,1890.0,1725.0
1393,83.61,12441.84427293,1861.45945227,2,0,3.23232454,1888.75,1723.0
1394,83.67,12445.49344801,1862.57234336,2,0,3.31274753,1878.0,1716.0
1395,83.73,12449.28822875,1863.7104388,2,0,3.39851538,1878.25,1714.0
1396,83.79,12453.22259225,1864.85321288,2,0,3.47893808,1867.5,1703.0
1397,83.85,12457.29426287,1866.0387853,2,0,3.56108037,1869.75,1703.0
1398,83.91,12461.50742258,1867.2367599,2,0,3.6480916,1857.25,1696.0
1399,83.97,12465.85402997,1868.44181095,2,0,3.73276634,1857.25,1694.0
1400,84.03,12470.33606855,1869.68418746,2,0,3.81966725,1857.25,1694.0
1401,84.09,12474.96335005,1870.94181803,2,0,3.91205954,1844.75,1691.0
1402,84.15,12479.72803037,1872.20887914,2,0,3.99885195,1844.0,1689.0
1403,84.21,12484.63144049,1873.53134145,2,0,4.08960654,1832.5,1686.0
1404,84.27,12489.69087587,1874.84407125,2,0,4.18757072,1832.5,1682.0
1405,84.33,12494.9064533,1876.1636192,2,0,4.32826505,1818.0,1677.0
1406,84.39,12500.28019949,1877.59357734,2,0,4.44278831,1818.25,1675.0
1407,84.45,12505.819234,1879.02826337,2,0,4.56109308,1816.75,1675.0
1408,84.51,12511.51792639,1880.52574373,2,0,4.67575334,1800.75,1671.0
1409,84.57,12517.38667985,1882.10428275,2,0,4.79904159,1800.5,1669.0
1410,84.63,12523.43080735,1883.69024984,2,0,4.92335021,1785.25,1664.0
1411,84.69,12529.65470051,1885.38914461,2,0,5.05481316,1783.25,1661.0
1412,84.75,12536.06145354,1887.03317841,2,0,5.18715752,1765.5,1658.0
1413,84.81,12542.64026611,1888.71147681,2,0,5.31509138,1763.75,1657.0
1414,84.87,12549.37219373,1890.49254903,2,0,5.45460812,1768.25,1652.0
1415,84.93,12555.95925312,1892.04523143,2,0,5.59464861,1757.75,1649.0
1416,84.99,12562.60410495,1893.57390695,2,0,5.75165582,1757.25,1647.0
1417,85.05,12569.36182349,1895.12280868,2,0,5.91247497,1737.5,1644.0
1418,85.11,12576.25491151,1896.78568825,2,0,6.07964082,1736.5,1642.0
1419,85.17,12583.29735111,1898.50046794,2,0,6.25121221,1713.25,1633.0
1420,85.23,12590.49712395,1900.34484733,2,0,6.42507499,1712.25,1628.0
1421,85.29,12597.87176817,1902.241551,2,0,6.60850193,1700.25,1621.0
1422,85.35,12605.60085815,1897.7422154,2,0,6.79054762,1686.5,1620.0
1423,85.41,12613.84818117,1896.3407261,2,0,6.9861805,1684.75,1611.0
1424,85.47,12622.48752259,1896.07494242,2,0,7.19402129,1661.0,1605.0
1425,85.53,12631.50695537,1896.29286718,2,0,7.4170446,1658.25,1601.0
1426,85.59,12640.89278687,1896.86956417,2,0,7.6503389,1634.25,1597.0
1427,85.65,12650.64466584,1897.83316017,2,0,7.89128094,1632.75,1601.0
1428,85.71,12660.78111299,1899.11439669,2,0,8.15542742,1620.75,1589.0
1429,85.77,12671.3078286,1900.83766554,2,0,8.42994652,1603.5,1588.0
1430,85.83,12682.25625986,1902.8596737,2,0,8.72867784,1600.5,1584.0
1431,85.89,12693.65887197,1905.3504787,2,0,9.0576145,1570.5,1576.0
1432,85.95,12705.54823588,1908.50509127,2,0,9.41763707,1566.75,1571.0
1433,86.01,12717.97313051,1912.6161729,2,0,9.82892263,1535.0,1567.0
1434,86.07,12731.00744286,1917.50302947,2,0,10.27670921,1531.75,1568.0
1435,86.13,12744.77956863,1923.6423591,2,0,10.82923135,1520.25,1555.0
1436,86.19,12759.46490549,1932.53132933,2,0,11.5247341,1492.75,1553.0
1437,86.25,12775.55381222,1955.05885672,1,0,12.71266681,1516.0,1567.0
1438,86.31,12784.65345927,1953.98278602,1,0,4.91167753,1463.0,1423.0
1439,86.37,12792.06445527,1953.07923055,1,0,3.29545043,1462.0,1423.0
1440,86.43,12799.42597216,1952.22584639,1,0,3.32550076,1451.75,1415.0
1441,86.49,12806.70849912,1951.61732248,1,0,3.3492414,1461.0,1418.0
1442,86.55,12813.86182177,1951.22170583,1,0,3.38848921,1452.0,1416.0
1443,86.61,12820.87289855,1950.90871655,1,0,3.42263406,1451.75,1416.0
1444,86.67,12827.71376329,1950.62478517,1,0,3.44639322,1453.0,1416.0
1445,86.73,12834.27428857,1950.37194988,1,0,3.43544385,1444.5,1413.0
1446,86.79,12840.56766376,1950.25104525,1,0,3.48186911,1444.25,1411.0
1447,86.85,12846.89689065,1950.18669576,1,0,3.52968151,1435.75,1409.0
1448,86.91,12853.2930512,1950.06980979,1,0,3.5911531,1433.75,1409.0
1449,86.97,12859.77275135,1949.97940275,1,0,3.66759548,1427.25,1404.0
1450,87.03,12866.32822197,1949.91106137,1,0,3.73967387,1424.5,1403.0
1451,87.09,12872.95337799,1949.87301883,1,0,3.80979821,1425.0,1403.0
1452,87.15,12879.65085539,1949.83853893,1,0,3.87755125,1415.5,1399.0
1453,87.21,12886.46783463,1949.75033613,1,0,3.96899076,1414.0,1397.0
1454,87.27,12893.4277582,1949.7212866,1,0,4.08531705,1403.5,1396.0
1455,87.33,12900.52359303,1949.72396921,1,0,4.19772471,1405.25,1394.0
1456,87.39,12907.8046387,1949.72298939,1,0,4.3236784,1394.75,1383.0
1457,87.45,12915.40072413,1949.6962489,1,0,4.5474246,1394.75,1382.0
1458,87.51,12923.45056539,1949.61343389,1,0,4.78756713,1385.5,1380.0
1459,87.57,12932.1543744,1949.48346201,1,0,5.35111543,1383.5,1375.0
1460,87.63,12940.72053096,1949.36488391,1,0,5.3115948,1377.0,1371.0
1461,87.69,12949.1319896,1949.26289773,1,0,5.25335507,1367.75,1369.0
1462,87.75,12957.37291171,1949.17708026,1,0,5.18593015,1366.25,1371.0
1463,87.81,12965.42784149,1949.16119034,1,0,5.11028076,1354.5,1364.0
1464,87.87,12973.28203502,1949.147125,1,0,5.02897884,1354.5,1364.0
1465,87.93,12980.92960797,1949.13956252,1,0,4.93818844,1344.0,1357.0
1466,87.99,12988.35735527,1949.15215895,1,0,4.8368605,1341.5,1353.0
1467,88.05,12995.54684261,1949.23956314,1,0,4.72378071,1341.75,1349.0
1468,88.11,13002.47808099,1949.38654114,1,0,4.60328737,1331.25,1345.0
1469,88.17,13009.11269051,1949.56056452,1,0,4.45975024,1331.75,1342.0
1470,88.23,13015.41290791,1949.95247739,3,2,4.27697043,1321.25,1336.0
1471,88.29,13021.33134834,1950.359969,3,0,4.05778455,1320.5,1328.0
1472,88.35,13026.76480883,1950.80932718,3,0,3.77697416,1311.75,1322.0
1473,88.41,13031.46010383,1951.37313929,3,0,3.32668312,1310.0,1306.0
1474,88.47,13035.04702155,1952.09819942,3,0,2.83774554,1312.0,1306.0
1475,88.53,13038.63219499,1952.8334274,3,0,2.84283115,1305.0,1307.0
1476,88.59,13042.26915276,1953.56656567,3,0,2.84791574,1308.25,1313.0
1477,88.65,13045.95719934,1954.29111181,3,0,2.85177798,1301.25,1309.0
1478,88.71,13049.68065018,1955.01693603,3,0,2.85132715,1302.5,1309.0
1479,88.77,13053.43515335,1955.71643958,3,0,2.84796947,1295.0,1305.0
1480,88.83,13057.21378672,1956.46604288,3,0,2.84682272,1296.75,1306.0
1481,88.89,13061.01868014,1957.22317581,3,0,2.84777112,1297.5,1304.0
1482,88.95,13064.85299464,1957.98746983,3,0,2.84938824,1291.0,1302.0
1483,89.01,13068.69921286,1958.78319136,3,0,2.85107929,1292.75,1302.0
1484,89.07,13072.52518333,1959.56773814,3,0,2.85199219,1285.25,1298.0
1485,89.13,13076.31999704,1960.32480115,3,0,2.8482448,1286.0,1298.0
1486,89.19,13080.02692843,1961.12862118,3,0,2.8466491,1278.5,1298.0
1487,89.25,13083.5105438,1961.96890927,3,0,2.84701437,1279.5,1298.0
1488,89.31,13086.42608696,1962.84224423,3,0,2.84738784,1280.75,1300.0
1489,89.37,13089.60134955,1963.71108008,3,0,2.84778327,1274.5,1300.0
1490,89.43,13093.20048805,1964.61129236,3,0,2.85230342,1276.75,1300.0
1491,89.49,13097.31469886,1965.48166614,3,0,2.85635492,1268.75,1299.0
1492,89.55,13102.01125485,1966.34584359,3,0,2.85792504,1270.0,1297.0
1493,89.61,13107.64179144,1967.15961616,3,0,2.85704311,1261.0,1291.0
1494,89.67,13114.08791198,1968.00841834,3,0,2.90953608,1263.0,1293.0
1495,89.73,13120.74508918,1968.85355245,3,0,2.92908607,1264.5,1294.0
1496,89.79,13127.66799481,1969.26309326,1,0,2.95714304,1255.5,1290.0
1497,89.85,13135.0244388,1969.38211031,1,0,2.99250997,1255.0,1288.0
1498,89.91,13142.61784579,1969.4788106,1,0,3.05715148,1243.0,1284.0
1499,89.97,13150.19406493,1969.53644526,1,0,3.05916215,1243.25,1284.0
1500,90.03,13157.75322904,1969.58070098,1,0,3.05761359,1232.75,1278.0
1501,90.09,13165.29481051,1969.69888555,1,0,3.05784776,1232.75,1282.0
1502,90.15,13172.82763625,1969.91361373,1,0,3.06249503,1235.0,1285.0
1503,90.21,13180.35876545,1970.16550718,1,0,3.07079552,1225.0,1280.0
1504,90.27,13187.88752972,1970.38121802,1,0,3.07633198,1223.0,1278.0
1505,90.33,13195.40937807,1970.60845205,1,0,3.0807966,1213.5,1274.0
1506,90.39,13202.91713465,1970.83973091,1,0,3.08113963,1213.0,1274.0
1507,90.45,13210.41543517,1971.12862742,1,0,3.08557489,1203.75,1270.0
1508,90.51,13217.90554653,1971.45056429,1,0,3.09050088,1202.75,1269.0
1509,90.57,13225.38472231,1971.77896918,1,0,3.0977555,1205.75,1270.0
1510,90.63,13232.85007145,1972.09663558,1,0,3.10234674,1194.25,1264.0
1511,90.69,13240.29604046,1972.411867,1,0,3.10501019,1192.5,1262.0
1512,90.75,13247.71840037,1972.7232141,1,0,3.10453465,1182.75,1256.0
1513,90.81,13255.11878194,1973.03463528,1,0,3.10436915,1182.0,1255.0
1514,90.87,13262.49979489,1973.46473408,1,0,3.10781896,1172.5,1251.0
1515,90.93,13269.87302501,1974.00053287,1,0,3.12144818,1170.25,1247.0
1516,90.99,13277.23732305,1974.46881014,1,0,3.13016975,1170.25,1245.0
1517,91.05,13284.58047795,1974.86232761,1,0,3.13066629,1159.5,1241.0
1518,91.11,13291.90181124,1975.36405396,1,0,3.13237495,1157.0,1239.0
1519,91.17,13299.20966996,1976.00382396,1,0,3.1408596,1147.25,1233.0
1520,91.23,13306.46622495,1981.171447,1,0,3.15567848,1145.0,1232.0
1521,91.29,13313.33214667,1987.04834439,1,0,3.169359,1134.0,1225.0
1522,91.35,13319.96342157,1991.00514757,1,0,3.17867003,1133.5,1224.0
1523,91.41,13326.41612952,1994.33250003,1,0,3.18565709,1133.75,1224.0
1524,91.47,13332.72979999,1997.39018577,1,0,3.2026506,1122.75,1218.0
1525,91.53,13338.93364449,2000.28592007,1,0,3.22693749,1120.0,1216.0
1526,91.59,13345.04292878,2003.05137811,1,0,3.24696871,1109.25,1210.0
1527,91.65,13351.06576996,2005.77181459,1,0,3.26884345,1107.25,1210.0
1528,91.71,13357.00513488,2008.3338373,1,0,3.29592808,1095.0,1203.0
1529,91.77,13362.86769732,2010.91168641,1,0,3.32313864,1095.5,1203.0
1530,91.83,13368.68339858,2013.83324777,1,0,3.36990596,1094.5,1199.0
1531,91.89,13374.47000524,2016.62202884,1,0,3.41818914,1081.25,1193.0
1532,91.95,13380.21934147,2019.4360479,1,0,3.45790248,1078.5,1191.0
1533,92.01,13385.96317192,2022.61674985,1,0,3.5231681,1065.25,1187.0
1534,92.07,13391.72836668,2026.10242447,1,0,3.60650686,1064.25,1183.0
1535,92.13,13397.54539077,2029.69289988,1,0,3.70041728,1050.5,1177.0
1536,92.19,13403.41481301,2033.53437466,1,0,3.80246931,1049.5,1173.0
1537,92.25,13409.38441357,2038.28251994,1,0,3.94592097,1047.75,1169.0
1538,92.31,13415.53923471,2044.02020431,1,0,4.15362666,1030.75,1163.0
1539,92.37,13422.00533435,2051.66195327,1,0,4.45351742,1029.25,1159.0
1540,92.43,13429.16255366,2070.78649186,1,0,5.15407135,1011.0,1151.0
1541,92.49,13437.14913378,2070.93687893,1,0,5.73988179,1008.75,1142.0
1542,92.55,13444.84100257,2074.76857261,1,0,5.48678978,988.25,1122.0
1543,92.61,13452.19712601,2070.83435554,1,0,4.99314286,988.25,1122.0
1544,92.67,13458.91778413,2066.7162017,1,0,4.62946636,986.25,1122.0
1545,92.73,13464.91419213,2061.65960732,1,0,4.19428179,968.25,1114.0
1546,92.79,13470.11552817,2056.36637702,1,0,3.73711294,966.25,1108.0
1547,92.85,13474.39807726,2049.45132125,1,0,3.16554276,953.75,1098.0
1548,92.91,13477.58122554,2040.90994456,1,0,2.48746606,949.75,1084.0
1549,92.97,13479.23183265,2026.55439899,1,0,1.4282888,942.75,1058.0
1550,93.03,13478.30746858,2014.23172021,1,0,0.17558048,942.75,1058.0
1551,93.09,13476.97246667,2015.0779637,1,0,0.17558145,941.0,1058.0
1552,93.15,13475.63588995,2015.92420132,1,0,0.17558242,936.75,1058.0
1553,93.21,13474.29830501,2016.74705645,1,0,0.17558338,937.0,1060.0
1554,93.27,13472.96241036,2017.55821297,1,0,0.17558435,935.5,1059.0
1555,93.33,13471.627666,2018.40082133,1,0,0.17558532,934.75,1061.0
1556,93.39,13470.29784119,2019.22199853,1,0,0.17558629,934.5,1062.0
1557,93.45,13468.97319468,2020.02536952,1,0,0.17558725,934.5,1062.0
1558,93.51,13467.65401317,2020.8159416,1,0,0.17558822,931.75,1062.0
1559,93.57,13466.34570164,2021.56910491,1,0,0.17558919,928.75,1064.0
1560,93.63,13465.05055938,2022.32227236,1,0,0.17559016,928.25,1064.0
1561,93.69,13463.76964912,2023.05216957,1,0,0.17559112,926.5,1062.0
1562,93.75,13462.50634664,2023.7708198,1,0,0.17559209,925.25,1062.0
1563,93.81,13461.25972706,2024.4959057,1,0,0.17559306,925.75,1062.0
1564,93.87,13460.03111884,2025.19308661,1,0,0.17559402,925.0,1062.0
1565,93.93,13458.82135691,2025.89374232,1,0,0.17559499,921.0,1062.0
1566,93.99,13457.63087996,2026.57737265,1,0,0.17559596,920.0,1062.0
1567,94.05,13456.4634521,2027.24516708,1,0,0.17559693,918.75,1062.0
1568,94.11,13455.32093748,2027.90248335,1,0,0.17559789,917.75,1060.0
1569,94.17,13454.20728089,2028.52848727,1,0,0.17559886,917.0,1060.0
1570,94.23,13453.12499678,2029.15455676,1,0,0.17559983,917.25,1060.0
1571,94.29,13452.07459174,2029.76710536,1,0,0.1756008,916.25,1060.0
1572,94.35,13451.05969287,2030.36174854,1,0,0.17560176,912.5,1060.0
1573,94.41,13450.0801812,2030.95831765,1,0,0.17560273,911.5,1062.0
1574,94.47,13449.13894719,2031.5316615,1,0,0.1756037,910.25,1062.0
1575,94.53,13448.23762942,2032.10432123,1,0,0.17560467,909.0,1060.0
1576,94.59,13447.37990543,2032.64256464,1,0,0.17560563,908.0,1060.0
1577,94.65,13446.57016469,2033.171292,1,0,0.1756066,908.25,1060.0
1578,94.71,13445.80734988,2033.78739634,1,0,0.17560757,906.5,1060.0
1579,94.77,13445.10394477,2034.41765108,1,0,0.17560854,903.5,1060.0
1580,94.83,13444.46240514,2035.02065166,1,0,0.1756095,902.25,1060.0
1581,94.89,13443.88831225,2035.60059605,1,0,0.17561047,900.5,1058.0
1582,94.95,13443.38152249,2036.0808743,1,0,0.17561144,899.75,1058.0
1583,95.01,13442.9457641,2036.55138023,1,0,0.1756124,899.0,1058.0
1584,95.07,13442.58942167,2036.99905621,1,0,0.17561337,898.75,1058.0
1585,95.13,13442.32103012,2037.41575802,1,0,0.17561434,896.5,1058.0
1586,95.19,13442.15362876,2037.81359483,1,0,0.17561531,894.25,1058.0
1587,95.25,13442.09989174,2038.19451355,1,0,0.17561627,893.5,1060.0
1588,95.31,13442.17502197,2038.54642513,1,0,0.17561724,891.5,1058.0
1589,95.37,13442.40792039,2038.85649907,1,0,0.17561821,890.75,1059.0
1590,95.43,13442.85936603,2039.12694421,1,0,0.17561918,889.75,1059.0
1591,95.49,13443.69910485,2039.31696814,1,0,0.17562014,888.5,1059.0
1592,95.55,13444.62173024,2039.4857334,1,0,0.17562111,887.0,1059.0
1593,95.61,13445.54469858,2039.6286906,1,0,0.17562208,885.0,1059.0
1594,95.67,13446.4716254,2039.75797846,1,0,0.17562305,883.5,1060.0
1595,95.73,13447.39903082,2039.89718496,1,0,0.17562401,883.0,1058.0
1596,95.79,13448.32332091,2040.05369691,1,0,0.17562498,881.25,1058.0
1597,95.85,13449.24896316,2040.34682721,1,0,0.17562595,881.0,1060.0
1598,95.91,13450.18418933,2040.68630356,1,0,0.17562691,880.0,1059.0
1599,95.97,13451.12927303,2041.02606406,1,0,0.17562788,877.75,1059.0
1600,96.03,13452.0856497,2041.35653614,1,0,0.17562885,877.0,1059.0
1601,96.09,13453.05512595,2041.69936817,1,0,0.17562982,875.25,1059.0
1602,96.15,13454.03205127,2042.04397234,1,0,0.17563078,874.5,1057.0
1603,96.21,13455.01487019,2042.37619149,1,0,0.17563175,873.0,1057.0
1604,96.27,13456.00460257,2042.59448312,1,0,0.17563272,872.25,1057.0
1605,96.33,13456.99650618,2042.79559374,1,0,0.17563369,871.25,1057.0
1606,96.39,13457.99036217,2042.99751026,1,0,0.17563465,869.0,1057.0
1607,96.45,13458.98764767,2043.19485184,1,0,0.17563562,868.0,1057.0
1608,96.51,13459.98574673,2043.40567485,1,0,0.17563659,865.5,1055.0
1609,96.57,13460.97813995,2043.62815951,1,0,0.17563756,864.75,1055.0
1610,96.63,13461.96799123,2043.84440037,1,0,0.17563852,864.0,1055.0
1611,96.69,13462.95771974,2044.0504374,1,0,0.17563949,863.0,1055.0
1612,96.75,13463.94893602,2044.2489923,1,0,0.17564046,862.0,1055.0
1613,96.81,13464.94797238,2044.72086636,1,0,0.20235078,859.5,1055.0
1614,96.87,13465.96131028,2045.22186322,1,0,0.20343195,857.5,1053.0
1615,96.93,13466.9824054,2045.72195291,1,0,0.20343291,855.25,1049.0
1616,96.99,13468.00770368,2046.22340195,1,0,0.20343388,854.25,1049.0
1617,97.05,13469.04432355,2046.72541503,1,0,0.20343485,852.5,1047.0
1618,97.11,13470.08990401,2047.23703689,1,0,0.20343582,852.0,1045.0
1619,97.17,13471.13853731,2047.75188239,1,0,0.20343678,849.5,1044.0
1620,97.23,13472.18882715,2048.26760785,1,0,0.20343775,847.5,1040.0
1621,97.29,13473.24648088,2048.75974078,1,0,0.20343872,844.5,1038.0
1622,97.35,13474.31783674,2049.25544607,1,0,0.20343969,844.25,1038.0
1623,97.41,13475.38610799,2049.63398577,1,0,0.20344065,843.25,1040.0
1624,97.47,13476.43910321,2049.95226309,1,0,0.20344162,842.5,1040.0
1625,97.53,13477.48444051,2050.56060286,1,0,0.20815227,841.0,1038.0
1626,97.59,13478.55188504,2051.41279633,1,0,0.2194657,838.25,1036.0
1627,97.65,13479.62385001,2052.28099986,1,0,0.21946666,836.75,1036.0
1628,97.71,13480.69702676,2053.13785432,1,0,0.21946763,833.5,1034.0
1629,97.77,13481.77871251,2054.00241933,1,0,0.2194686,831.25,1026.0
1630,97.83,13482.84643761,2054.8596984,1,0,0.21946957,829.75,1024.0
1631,97.89,13483.88708943,2055.71062157,1,0,0.21947053,830.0,1024.0
1632,97.95,13484.88627023,2056.57192646,1,0,0.2194715,828.75,1022.0
1633,98.01,13485.79370273,2057.42940097,1,0,0.21947247,824.75,1020.0
1634,98.07,13486.50777324,2059.09248262,1,0,0.23483556,823.5,1019.0
1635,98.13,13486.7655728,2061.2249171,1,0,0.25676252,820.75,1018.0
1636,98.19,13487.38935033,2063.35187915,1,0,0.25676349,818.5,1014.0
1637,98.25,13488.66668157,2065.46786786,1,0,0.25676446,816.0,1006.0
1638,98.31,13490.94619838,2067.55502181,1,0,0.25676542,815.75,1008.0
1639,98.37,13493.45132254,2071.12408435,1,0,0.2716432,812.75,1002.0
1640,98.43,13496.32849774,2079.0752522,1,0,0.44250119,808.0,994.0
1641,98.49,13499.60591201,2082.44630363,1,0,0.37470427,806.0,989.0
1642,98.55,13502.86604619,2081.12199331,1,0,0.17566948,803.25,987.0
1643,98.61,13506.03719103,2079.79849874,1,0,0.17567045,802.75,987.0
1644,98.67,13509.11922329,2078.46952376,1,0,0.17567141,802.25,987.0
1645,98.73,13512.1132029,2077.13249507,1,0,0.17567238,802.0,987.0
1646,98.79,13515.0190863,2075.79628995,1,0,0.17567335,799.5,987.0
1647,98.85,13517.83647469,2074.4607209,1,0,0.17567432,797.5,987.0
1648,98.91,13520.565081,2073.12746879,1,0,0.17567528,795.25,987.0
1649,98.97,13523.20435211,2071.78958118,1,0,0.17567625,793.75,985.0
1650,99.03,13525.755289,2070.44175419,1,0,0.17567722,793.25,985.0
1651,99.09,13528.21358077,2068.83866623,1,0,0.17567818,793.0,985.0
1652,99.15,13530.55424092,2066.97236956,1,0,0.17567915,792.25,985.0
1653,99.21,13532.77213608,2065.11182312,1,0,0.17568012,790.5,989.0
1654,99.27,13534.86647468,2063.25197342,1,0,0.17568109,789.5,989.0
1655,99.33,13536.83615771,2061.39615474,1,0,0.17568205,787.0,989.0
1656,99.39,13538.67987536,2059.54241433,1,0,0.17568302,786.25,991.0
1657,99.45,13540.39693454,2057.68989614,1,0,0.17568399,785.5,991.0
1658,99.51,13541.98666096,2055.83868573,1,0,0.17568496,785.25,993.0
1659,99.57,13543.44865452,2053.99884833,1,0,0.17568592,784.25,993.0
1660,99.63,13544.76583259,2051.43485634,1,0,0.17568689,781.5,993.0
1661,99.69,13545.88128717,2048.37465066,1,0,0.17568786,781.25,993.0
1662,99.75,13547.05867155,2037.29869772,1,0,0.17568883,778.5,993.0
1663,99.81,13548.34260399,2030.55350494,1,0,0.17568979,778.5,993.0
1664,99.87,13549.59679054,2024.65316541,1,0,0.17569076,777.25,993.0
1665,99.93,13550.76668907,2017.73123123,1,0,0.17569173,777.0,993.0
1666,99.99,13551.57085689,2006.37311207,1,0,0.1756927,775.5,993.0
1667,100.05,13551.93428857,1999.4136181,1,0,0.17569366,773.0,993.0
1668,100.11,13552.24796615,1997.72457847,1,0,0.17569463,772.25,993.0
1669,100.17,13552.53930626,1996.12418679,1,0,0.1756956,769.75,991.0
1670,100.23,13552.86298192,1994.66371377,1,0,0.17569656,769.0,991.0
1671,100.29,13553.25612508,1993.26125738,1,0,0.17569753,768.0,993.0
1672,100.35,13553.71135033,1991.93337182,1,0,0.1756985,767.25,993.0
1673,100.41,13554.22573614,1990.66799081,1,0,0.17569947,766.0,993.0
1674,100.47,13554.79294297,1989.4501043,1,0,0.17570043,764.0,993.0
1675,100.53,13555.41099473,1988.28470981,1,0,0.1757014,762.0,993.0
1676,100.59,13556.07431985,1987.16000892,1,0,0.17570237,761.0,991.0
1677,100.65,13556.78159615,1986.07034593,1,0,0.17570334,759.75,991.0
1678,100.71,13557.52782495,1985.02582419,1,0,0.1757043,758.75,991.0
1679,100.77,13558.31182369,1983.99518047,1,0,0.17570527,757.75,991.0
1680,100.83,13559.12957944,1983.02073252,1,0,0.17570624,756.25,991.0
1681,100.89,13559.9791325,1982.04628457,1,0,0.17570721,754.5,991.0
1682,100.95,13560.85839839,1981.12530937,1,0,0.17570817,752.25,991.0
1683,101.01,13561.76391512,1980.21312083,1,0,0.17570914,751.5,992.0
1684,101.07,13562.69514202,1979.32532783,1,0,0.17571011,750.25,992.0
1685,101.13,13563.64816175,1978.46893302,1,0,0.17571108,749.5,992.0
1686,101.19,13564.62214099,1977.6125382,1,0,0.17571204,748.0,991.0
1687,101.25,13565.61486046,1976.80381062,1,0,0.17571301,745.75,991.0
1688,101.31,13566.62354078,1975.99804459,1,0,0.17571398,745.25,991.0
1689,101.37,13567.64781805,1975.21039051,1,0,0.17571494,742.5,989.0
1690,101.43,13568.68417455,1974.45128866,1,0,0.17571591,742.0,989.0
1691,101.49,13569.73171248,1973.69218682,1,0,0.17571688,740.5,989.0
1692,101.55,13570.78897375,1972.96711929,1,0,0.17571785,739.75,989.0
1693,101.61,13571.85284447,1972.25111161,1,0,0.17571881,738.5,989.0
1694,101.67,13572.92316065,1971.54165731,1,0,0.17571978,736.25,989.0
1695,101.73,13573.99699785,1970.86599476,1,0,0.17572075,735.5,989.0
1696,101.79,13575.07274624,1970.1904098,1,0,0.17572172,733.0,987.0
1697,101.85,13576.14980063,1969.53470925,1,0,0.17572268,732.0,987.0
1698,101.91,13577.22473571,1968.89728376,1,0,0.17572365,730.75,987.0
1699,101.97,13578.2970266,1968.25987105,1,0,0.17572462,730.0,987.0
1700,102.03,13579.36491459,1967.65436278,1,0,0.17572559,729.5,987.0
1701,102.09,13580.42562327,1967.05328857,1,0,0.17572655,727.25,987.0
1702,102.15,13581.47897345,1966.46095245,1,0,0.17572752,725.75,987.0
1703,102.21,13582.53101272,1963.79955729,1,0,0.17572849,724.0,986.0
1704,102.27,13583.61828493,1961.34107618,1,0,0.17572945,722.5,986.0
1705,102.33,13584.72088557,1959.47573128,1,0,0.17573042,722.25,986.0
1706,102.39,13585.82818653,1957.92150356,1,0,0.17573139,721.25,986.0
1707,102.45,13586.93581274,1956.49629843,1,0,0.17573236,719.75,986.0
1708,102.51,13588.03838156,1955.2506179,1,0,0.17573332,718.0,986.0
1709,102.57,13589.132273,1954.02618922,1,0,0.17573429,716.0,986.0
1710,102.63,13590.21613065,1952.87359973,1,0,0.17573526,714.75,984.0
1711,102.69,13591.28454387,1951.81958075,1,0,0.17573623,714.0,984.0
1712,102.75,13592.33610912,1950.80366878,1,0,0.17573719,713.5,984.0
1713,102.81,13593.36680177,1949.81676884,1,0,0.17573816,712.25,984.0
1714,102.87,13594.37459311,1948.8501856,1,0,0.17573913,710.75,984.0
1715,102.93,13595.35674149,1947.9562139,1,0,0.1757401,708.75,984.0
1716,102.99,13596.30853674,1947.09662921,1,0,0.17574106,705.75,982.0
1717,103.05,13597.22834027,1946.27247702,1,0,0.17574203,705.5,982.0
1718,103.11,13598.11113006,1945.4609332,1,0,0.175743,704.5,982.0
1719,103.17,13598.95549098,1944.67570497,1,0,0.17574397,703.5,982.0
1720,103.23,13599.75555688,1943.91476525,1,0,0.17574493,701.5,982.0
1721,103.29,13600.72947934,1934.90335192,1,0,0.1757459,692.25,980.0
1722,103.35,13602.1829671,1928.75116862,1,0,0.17574687,690.0,980.0
1723,103.41,13603.87310325,1924.20063534,1,0,0.17574783,688.75,980.0
1724,103.47,13605.72884798,1920.47550702,1,0,0.1757488,686.5,978.0
1725,103.53,13607.70217427,1917.04950723,1,0,0.17574977,685.75,978.0
1726,103.59,13609.76887319,1914.00190971,1,0,0.17575074,685.25,978.0
1727,103.65,13611.89463022,1911.25271929,1,0,0.1757517,684.25,978.0
1728,103.71,13614.05961975,1908.55786354,1,0,0.17575267,683.0,979.0
1729,103.77,13616.23854011,1906.0875324,1,0,0.17575364,681.0,979.0
1730,103.83,13618.39510396,1903.82550736,1,0,0.17575461,679.25,979.0
1731,103.89,13620.48091499,1901.61222254,1,0,0.17575557,677.5,977.0
1732,103.95,13622.35216541,1899.58542163,1,0,0.17575654,676.5,977.0
1733,104.01,13624.07639161,1897.7220513,1,0,0.17575751,676.25,977.0
1734,104.07,13625.89894991,1895.95607569,1,0,0.17575848,674.75,977.0
1735,104.13,13627.81699736,1894.19010007,1,0,0.17575944,674.25,977.0
1736,104.19,13629.82988129,1892.46895423,1,0,0.17576041,673.0,979.0
1737,104.25,13631.93183687,1890.812053,1,0,0.17576138,670.25,977.0
1738,104.31,13634.11914128,1889.22978401,1,0,0.17576235,669.25,977.0
1739,104.37,13636.38734605,1887.66307359,1,0,0.17576331,668.5,977.0
1740,104.43,13638.73634341,1886.09845254,1,0,0.17576428,667.75,977.0
1741,104.49,13641.16491523,1884.58626529,1,0,0.17576525,667.0,976.0
1742,104.55,13643.6686993,1883.10264082,1,0,0.17576621,666.25,976.0
1743,104.61,13646.24539615,1881.67590568,1,0,0.17576718,664.75,976.0
1744,104.67,13648.89151762,1880.26083553,1,0,0.17576815,662.5,974.0
1745,104.73,13651.60693772,1878.85180307,1,0,0.17576912,661.25,974.0
1746,104.79,13654.39144225,1877.45761421,1,0,0.17577008,660.5,974.0
1747,104.85,13657.24170757,1876.12435995,1,0,0.17577105,660.5,974.0
1748,104.91,13660.15586625,1874.81368025,1,0,0.17577202,659.25,974.0
1749,104.97,13663.1391113,1873.58905,1,0,0.17577299,658.0,974.0
1750,105.03,13666.199916,1872.37432124,1,0,0.17577395,656.25,974.0
1751,105.09,13669.33912903,1871.16699199,1,0,0.17577492,654.5,972.0
1752,105.15,13672.55626399,1869.97418392,1,0,0.19723768,652.5,972.0
1753,105.21,13675.84923371,1868.81475169,1,0,0.21015316,651.5,970.0
1754,105.27,13679.21530488,1867.64880281,1,0,0.22197587,650.25,968.0
1755,105.33,13682.64834443,1866.52449406,1,0,0.23089036,648.75,968.0
1756,105.39,13686.14701957,1865.40026837,1,0,0.23980571,646.25,966.0
1757,105.45,13689.71313376,1864.28825589,1,0,0.25025789,645.75,966.0
1758,105.51,13693.35025956,1863.18648475,1,0,0.26279578,642.5,964.0
1759,105.57,13697.05841741,1862.10842209,1,0,0.27582987,641.0,962.0
1760,105.63,13700.82983768,1861.02176018,1,0,0.28481467,640.25,960.0
1761,105.69,13704.66234468,1859.95453848,1,0,0.29283266,639.5,960.0
1762,105.75,13708.55346052,1858.91119236,1,0,0.30085064,637.25,958.0
1763,105.81,13712.50475631,1857.8865906,1,0,0.31075697,635.0,958.0
1764,105.87,13716.52091618,1856.86861185,1,0,0.32313115,633.25,958.0
1765,105.93,13720.60018156,1855.83203037,1,0,0.33417963,630.0,954.0
1766,105.99,13724.73638186,1854.81610161,1,0,0.34170135,629.25,954.0
1767,106.05,13728.92735891,1853.8111709,1,0,0.34921309,628.5,954.0
1768,106.11,13733.17269687,1852.83486682,1,0,0.35703973,627.25,956.0
1769,106.17,13737.47421374,1851.89925108,1,0,0.36805305,626.5,956.0
1770,106.23,13741.83349862,1850.96646148,1,0,0.37963781,623.25,954.0
1771,106.29,13746.24723278,1850.00920764,1,0,0.3883885,621.5,952.0
1772,106.35,13750.71224692,1849.05197313,1,0,0.39527748,619.0,952.0
1773,106.41,13755.22786652,1848.11150154,1,0,0.40250742,618.5,952.0
1774,106.47,13759.78801072,1847.20431306,1,0,0.41173776,616.0,948.0
1775,106.53,13764.39775522,1846.30494102,1,0,0.42256034,614.0,948.0
1776,106.59,13769.05786986,1845.41716328,1,0,0.43329161,612.5,948.0
1777,106.65,13773.76215121,1844.51680588,1,0,0.44036099,611.0,948.0
1778,106.71,13778.5096155,1843.62324785,1,0,0.44699966,607.5,941.0
1779,106.77,13783.30291601,1842.73068865,1,0,0.45510461,605.75,941.0
1780,106.83,13788.14450544,1841.85201191,1,0,0.46472031,604.75,941.0
1781,106.89,13793.03597557,1840.98626783,1,0,0.47492204,602.75,939.0
1782,106.95,13797.97498319,1840.11859023,1,0,0.48469712,600.25,937.0
1783,107.01,13802.95661064,1839.24235349,1,0,0.49114999,597.75,937.0
1784,107.07,13807.98150835,1838.38945902,1,0,0.49872087,596.75,937.0
1785,107.13,13813.04880561,1837.55099936,1,0,0.50676894,592.75,931.0
1786,107.19,13818.16099252,1836.72011636,1,0,0.51644212,591.5,931.0
1787,107.25,13823.31864406,1835.88941258,1,0,0.52612342,590.5,931.0
1788,107.31,13828.52161261,1835.04949418,1,0,0.53549801,589.0,931.0
1789,107.37,13833.76703647,1834.20844883,1,0,0.54267805,586.25,928.0
1790,107.43,13839.05302813,1833.38357106,1,0,0.54978845,583.5,927.0
1791,107.49,13844.38108421,1832.57756174,1,0,0.55853673,582.0,927.0
1792,107.55,13849.75242166,1831.79115516,1,0,0.56779028,578.5,923.0
1793,107.61,13855.16618632,1831.03594887,1,0,0.57788031,577.75,923.0
1794,107.67,13860.62228536,1830.26032217,1,0,0.58755594,575.25,921.0
1795,107.73,13866.11595707,1829.47539897,1,0,0.59424434,573.25,919.0
1796,107.79,13871.64782646,1828.70349176,1,0,0.60178098,572.0,919.0
1797,107.85,13877.22046227,1827.93735381,1,0,0.61071016,569.75,919.0
1798,107.91,13882.8348914,1827.20098347,1,0,0.62087477,565.75,915.0
1799,107.97,13888.49158439,1826.47111149,1,0,0.63181081,563.75,913.0
1800,108.03,13894.18758392,1825.70799886,1,0,0.64025623,562.25,913.0
1801,108.09,13899.91856344,1824.96268909,1,0,0.64688565,560.5,911.0
1802,108.15,13905.6859472,1824.23854423,1,0,0.6555393,559.0,911.0
1803,108.21,13911.49254279,1823.52956539,1,0,0.66601224,557.0,911.0
1804,108.27,13917.33945659,1822.82058654,1,0,0.67675526,553.5,907.0
1805,108.33,13923.22660747,1822.10561,1,0,0.68743659,551.5,905.0
1806,108.39,13929.14954363,1821.36197059,1,0,0.69453614,549.5,905.0
1807,108.45,13935.10817788,1820.6631851,1,0,0.70331783,547.5,903.0
1808,108.51,13941.10507632,1819.98082362,1,0,0.71401376,545.75,903.0
1809,108.57,13947.14051714,1819.29846214,1,0,0.72466072,544.25,901.0
1810,108.63,13953.21396272,1818.62880269,1,0,0.73530769,540.25,901.0
1811,108.69,13959.32333497,1817.94826763,1,0,0.74514311,537.75,899.0
1812,108.75,13965.46779549,1817.28628932,1,0,0.75510725,534.5,895.0
1813,108.81,13971.6493098,1816.62434983,1,0,0.76575085,532.5,895.0
1814,108.87,13977.87214471,1816.04256268,1,0,0.77639445,532.5,895.0
1815,108.93,13984.15023136,1815.50127223,1,0,0.78703806,529.25,892.0
1816,108.99,13990.48540349,1815.00023405,1,0,0.79896668,527.25,892.0
1817,109.05,13996.87899134,1814.48624201,1,0,0.836326,524.25,890.0
1818,109.11,14003.32983376,1813.98418227,1,0,0.86095606,519.75,888.0
1819,109.17,14009.83823088,1813.48476123,1,0,0.88545093,515.75,881.0
1820,109.23,14016.40139541,1813.003098,1,0,0.90894509,514.75,882.0
1821,109.29,14023.02603584,1812.57886405,1,0,0.93799604,512.25,882.0
1822,109.35,14029.71550027,1812.13392462,1,0,0.96724056,511.0,880.0
1823,109.41,14036.46365006,1811.66705837,1,0,0.99253706,508.0,878.0
1824,109.47,14043.2703568,1811.22148497,1,0,1.01838736,504.75,876.0
1825,109.53,14050.14108934,1810.82119535,1,0,1.04838351,501.0,875.0
1826,109.59,14057.07928253,1810.45595935,1,0,1.08107247,498.0,871.0
1827,109.65,14064.08535792,1810.06465781,1,0,1.11282207,496.0,873.0
1828,109.71,14071.15328054,1809.66213009,1,0,1.1406369,493.0,871.0
1829,109.77,14078.28651132,1809.34072478,1,0,1.17312938,490.75,871.0
1830,109.83,14085.49399876,1809.03845041,1,0,1.21062732,487.75,868.0
1831,109.89,14092.77360848,1808.7275541,1,0,1.24599025,484.25,872.0
1832,109.95,14100.12668124,1808.42307492,1,0,1.28235539,479.75,866.0
1833,110.01,14107.55087144,1808.13205841,1,0,1.3168096,478.0,867.0
1834,110.07,14115.05828196,1807.94732884,1,0,1.3614921,474.75,865.0
1835,110.13,14122.64898579,1807.72297771,1,0,1.40257306,472.5,864.0
1836,110.19,14130.31827936,1807.45992787,1,0,1.44544421,469.75,859.0
1837,110.25,14138.0668009,1807.25311535,1,0,1.48903682,466.0,862.0
1838,110.31,14145.90552841,1807.22560789,1,0,1.54064045,461.25,860.0
1839,110.37,14153.84529218,1807.17900057,1,0,1.59422678,458.0,858.0
1840,110.43,14161.879197,1807.10807704,1,0,1.64318965,454.75,855.0
1841,110.49,14169.94683393,1806.34340514,1,0,1.64060424,452.0,853.0
1842,110.55,14177.98920934,1805.57813497,1,0,1.62281599,448.75,852.0
1843,110.61,14186.01093884,1804.85950915,1,0,1.60855008,443.0,848.0
1844,110.67,14194.01463619,1804.1417326,1,0,1.59502379,439.5,846.0
1845,110.73,14202.0070815,1803.53631666,1,0,1.58984921,435.0,842.0
1846,110.79,14209.99190451,1802.95033482,1,0,1.58458961,431.25,835.0
1847,110.85,14217.97707264,1802.44180747,1,0,1.58661546,428.5,837.0
1848,110.91,14225.96961317,1802.00716343,1,0,1.59305311,425.25,835.0
1849,110.97,14233.98527596,1801.69913318,1,0,1.61183148,423.5,833.0
1850,111.03,14242.03113021,1801.49953661,1,0,1.63376668,418.75,829.0
1851,111.09,14250.13355927,1801.53081858,1,0,1.67557736,415.0,827.0
1852,111.15,14258.31419945,1801.82108999,1,0,1.7314167,409.25,823.0
1853,111.21,14266.61532819,1802.51517541,1,0,1.81751446,408.25,823.0
1854,111.27,14275.09755958,1804.06535727,1,0,1.95112092,404.0,819.0
1855,111.33,14284.15812245,1813.45644662,3,2,2.44408435,398.5,815.0
1856,111.39,14295.01486051,1825.68981623,1,0,3.81855623,393.75,811.0
1857,111.45,14306.15796922,1825.00017907,1,0,3.596561,387.5,807.0
1858,111.51,14317.25959208,1824.90479341,1,0,3.60571511,381.25,803.0
1859,111.57,14328.42978309,1826.8599332,1,0,3.71025115,370.5,795.0
1860,111.63,14339.96809973,1828.20050458,1,0,4.06817932,366.25,791.0
1861,111.69,14351.17658972,1823.35241502,1,0,3.7542747,357.0,781.0
1862,111.75,14361.8966453,1818.08873868,1,0,3.42712175,349.75,775.0
1863,111.81,14372.07223618,1812.22562813,1,0,3.05679162,344.25,764.0
1864,111.87,14381.61838505,1805.50504754,1,0,2.6257247,339.0,757.0
1865,111.93,14390.40555247,1797.23909391,1,0,2.09188971,331.0,745.0
1866,111.99,14398.16590626,1785.09506598,1,0,1.31176769,324.0,710.0
1867,112.05,14404.10663416,1770.67024486,1,0,0.17588713,324.0,714.0
1868,112.11,14409.60102613,1770.20592385,1,0,0.1758881,323.75,714.0
1869,112.17,14415.09011469,1769.7488998,1,0,0.17588907,323.5,714.0
1870,112.23,14420.57607918,1769.31264869,1,0,0.17589004,322.0,714.0
1871,112.29,14426.05974991,1768.87639759,1,0,0.175891,320.75,714.0
1872,112.35,14431.54117916,1768.43896487,1,0,0.17589197,318.75,714.0
1873,112.41,14437.01758744,1767.99515837,1,0,0.17589294,318.0,713.0
1874,112.47,14442.48696191,1767.55182327,1,0,0.17589391,317.25,714.0
1875,112.53,14447.9493638,1767.11026719,1,0,0.17589487,316.25,714.0
1876,112.59,14453.40443791,1766.67730008,1,0,0.17589584,315.25,714.0
1877,112.65,14458.85212555,1766.2651044,1,0,0.17589681,314.0,714.0
1878,112.71,14464.2942282,1765.85738158,1,0,0.17589778,312.75,714.0
1879,112.77,14469.73092231,1765.45043416,1,0,0.17589874,310.0,712.0
1880,112.83,14475.16221745,1765.04351795,1,0,0.17589971,309.75,712.0
1881,112.89,14480.58055365,1767.15247348,1,0,0.17590068,308.5,712.0
1882,112.95,14484.90147535,1778.02290792,1,0,0.17590164,308.0,713.0
1883,113.01,14488.39056908,1783.1412568,1,0,0.17590261,306.5,714.0
1884,113.07,14491.3399896,1786.93074976,1,0,0.17590358,306.75,716.0
1885,113.13,14493.86295201,1790.07891749,1,0,0.17590455,305.0,716.0
1886,113.19,14496.02589927,1792.80204411,1,0,0.17590551,303.25,716.0
1887,113.25,14497.73005158,1799.27161814,1,0,0.17590648,304.0,722.0
1888,113.31,14498.69593678,1804.53204814,1,0,0.17590745,304.0,727.0
1889,113.37,14499.15524859,1808.7932203,1,0,0.17590842,304.75,733.0
1890,113.43,14499.21225609,1809.78806127,1,0,0.17590938,305.0,733.0
1891,113.49,14499.82758005,1804.37314402,1,0,0.17591035,306.0,735.0
1892,113.55,14500.77183252,1803.07756665,1,0,0.17591132,304.75,735.0
1893,113.61,14501.84943647,1802.66042905,1,0,0.17591229,302.75,733.0
1894,113.67,14502.98453298,1802.62688739,1,0,0.17591325,303.75,735.0
1895,113.73,14504.14294605,1802.8633818,1,0,0.17591422,302.0,736.0
1896,113.79,14375.20308096,2043.7822035,2,0,0.17591519,366.25,985.0
1897,113.85,14288.2011919,2041.39301796,2,0,0.19633213,492.5,983.0
1898,113.91,14230.19938084,2040.81828381,2,0,0.19709481,491.5,983.0
1899,113.97,14183.53808848,2041.06310141,2,0,0.2025703,615.75,985.0
1900,114.03,14143.27335921,2041.00749702,2,0,0.21295656,615.25,981.0
1901,114.09,14108.55734343,2040.83424278,2,0,0.22399774,615.75,983.0
1902,114.15,14076.97205306,2040.71539889,2,0,0.23320426,617.5,985.0
1903,114.21,14048.43654261,2040.67826661,2,0,0.23606296,744.25,985.0
1904,114.27,14022.10976847,2040.70515177,2,0,0.23699198,744.5,989.0
1905,114.33,13998.78459663,2032.56838734,2,0,0.23792037,744.5,989.0
1906,114.39,13976.36471663,2032.7177512,2,0,0.23884876,744.25,992.0
1907,114.45,13956.23984626,2032.96814177,2,0,0.2406553,806.75,991.0
1908,114.51,13936.92424355,2033.17986123,2,0,0.24172499,870.5,990.0
1909,114.57,13918.41063767,2033.42958076,2,0,0.24236331,871.25,992.0
1910,114.63,13901.60998904,2033.71927308,2,0,0.24300166,872.5,992.0
1911,114.69,13885.12709895,2034.01524721,2,0,0.24364414,872.0,994.0
1912,114.75,13869.49331044,2034.33978096,2,0,0.2442967,872.5,994.0
1913,114.81,13854.84663407,2034.54818923,4,0,0.24506918,871.75,995.0
1914,114.87,13840.93540233,2034.47937315,4,0,0.24710127,998.25,998.0
1915,114.93,13827.01809231,2034.41553924,4,0,0.24909099,997.5,994.0
1916,114.99,13814.55183197,2034.38963222,4,0,0.25044849,1000.0,997.0
1917,115.05,13802.33976464,2034.38552156,4,0,0.25076966,1000.0,997.0
1918,115.11,13790.10412456,2034.38768544,4,0,0.2510907,1000.75,997.0
1919,115.17,13778.9860916,2034.43543246,4,0,0.25143566,1000.5,996.0
1920,115.23,13768.24079484,2034.55199617,4,0,0.25274363,1000.25,994.0
1921,115.29,13757.65878254,2034.16019648,4,0,0.25453618,1002.75,998.0
1922,115.35,13747.52708319,2033.38153104,4,0,0.25628719,1002.25,998.0
1923,115.41,13738.30521406,2032.64652221,4,0,0.2580382,1002.25,994.0
1924,115.47,13729.49070061,2031.94666967,4,0,0.25929738,1004.25,996.0
1925,115.53,13721.04213084,2031.25826489,4,0,0.25926591,1004.25,996.0
1926,115.59,13712.73581626,2030.64809811,4,0,0.25988917,1006.5,999.0
1927,115.65,13705.49449159,2030.06386529,4,0,0.26151788,1004.5,995.0
1928,115.71,13698.59274736,2030.1166001,4,0,0.26300948,1006.75,996.0
1929,115.77,13691.65033742,2030.31667258,4,0,0.26450108,1008.0,998.0
1930,115.83,13684.80621235,2030.53044658,4,0,0.26599268,1007.25,996.0
1931,115.89,13679.00851367,2030.78906842,4,0,0.26748428,1008.75,998.0
1932,115.95,13673.16457884,2031.05364286,4,0,0.26874208,1008.0,999.0
1933,116.01,13667.27479383,2031.34512359,4,0,0.28015309,1008.25,997.0
1934,116.07,13661.72415376,2031.67309443,4,0,0.29341473,1008.75,994.0
1935,116.13,13656.76857815,2032.01740441,4,0,0.29699974,1010.75,995.0
1936,116.19,13651.88544979,2032.34106349,4,0,0.29990733,1012.5,997.0
1937,116.25,13647.19336175,2032.66759737,4,0,0.30154366,1010.75,992.0
1938,116.31,13642.57506412,2033.11656817,4,0,0.30443203,1012.25,992.0
1939,116.37,13638.30809524,2033.8442136,4,0,0.3085772,1012.0,994.0
1940,116.43,13634.54872235,2034.58269649,4,0,0.31193036,1009.5,988.0
1941,116.49,13630.74066518,2035.33523844,4,0,0.31544687,1012.0,990.0
1942,116.55,13627.07354814,2036.09935887,4,0,0.31889793,1011.75,992.0
1943,116.61,13623.50806227,2036.8572238,4,0,0.32168115,1013.25,988.0
1944,116.67,13620.48320057,2037.63224568,4,0,0.32523493,1013.0,990.0
1945,116.73,13617.6910386,2038.43713719,4,0,0.32869786,1014.5,990.0
1946,116.79,13614.86128842,2039.26914957,4,0,0.33366706,1014.0,988.0
1947,116.85,13612.05468162,2040.07906107,4,0,0.33744246,1012.0,986.0
1948,116.91,13609.72102734,2040.90805193,4,0,0.34075062,1014.5,986.0
1949,116.97,13607.63710667,2041.80149869,4,0,0.34630664,1013.0,984.0
1950,117.03,13605.59771789,2042.65810893,4,0,0.34975453,1014.5,982.0
1951,117.09,13603.69330768,2043.53616762,4,0,0.35302231,1015.0,984.0
1952,117.15,13601.75153214,2044.44780348,4,0,0.35820089,1013.0,980.0
1953,117.21,13600.37517564,2045.37213206,4,0,0.36363717,1013.5,980.0
1954,117.27,13599.20990866,2046.33822488,4,0,0.36947141,1012.5,980.0
1955,117.33,13597.99476446,2047.31467292,4,0,0.37508484,1013.25,976.0
1956,117.39,13596.81725744,2048.25190567,4,0,0.37877526,1014.25,978.0
1957,117.45,13595.90627843,2049.21702261,4,0,0.38261531,1012.25,972.0
1958,117.51,13595.39630919,2050.26482707,4,0,0.3895816,1013.5,972.0
1959,117.57,13594.89266406,2051.3474767,4,0,0.3988881,1013.75,973.0
1960,117.63,13594.59376396,2052.39164056,4,0,0.40468749,1012.0,967.0
1961,117.69,13594.24540159,2053.44417784,4,0,0.41031905,1012.5,969.0
1962,117.75,13594.11114703,2054.4594371,4,0,0.41385256,1011.25,965.0
1963,117.81,13594.49191653,2055.64451918,4,0,0.4243075,1014.0,965.0
1964,117.87,13594.84558251,2056.84251931,4,0,0.43424429,1012.0,964.0
1965,117.93,13595.1454431,2057.99447932,4,0,0.44266098,1010.5,960.0
1966,117.99,13595.57950749,2059.03453699,4,0,0.44766899,1010.75,958.0
1967,118.05,13596.45076334,2059.43893112,4,0,0.40632263,1009.25,955.0
1968,118.11,13597.27535469,2059.88640379,4,0,0.3659352,1011.5,955.0
1969,118.17,13597.99591952,2060.35502958,4,0,0.32485246,1009.5,948.0
1970,118.23,13598.80389894,2061.07091999,4,0,0.29501403,1010.25,945.0
1971,118.29,13599.57027881,2062.3280891,4,0,0.29972078,1010.75,939.0
1972,118.35,13600.77138613,2063.5669366,4,0,0.30540588,1009.75,936.0
1973,118.41,13602.1493784,2064.85112908,4,0,0.30849263,1011.5,930.0
1974,118.47,13603.53545943,2065.65658512,4,0,0.31157266,1009.5,922.0
1975,118.53,13604.88187778,2066.92466471,4,0,0.31552128,1010.25,918.0
1976,118.59,13606.53962875,2068.20269084,2,0,0.31829777,1012.0,917.0
1977,118.65,13608.57201012,2069.30252937,2,0,0.31392159,1012.0,915.0
1978,118.71,13610.45687441,2070.52589862,2,0,0.31044077,1014.25,910.0
1979,118.77,13612.18923915,2071.95908851,2,0,0.31219981,1013.25,905.0
1980,118.83,13614.14907714,2073.24437252,2,0,0.29678022,1013.5,897.0
1981,118.89,13616.24320639,2074.82409409,2,0,0.24273813,1015.0,895.0
1982,118.95,13617.93799705,2076.58229952,2,0,0.27172251,1014.75,891.0
1983,119.01,13619.97911419,2078.68084208,2,0,0.30695303,1017.75,889.0
1984,119.07,13622.29038639,2083.99667145,4,0,0.40329491,1018.25,891.0
1985,119.13,13625.44534446,2086.45859571,4,0,0.58304095,1019.25,887.0
1986,119.19,13628.72764109,2085.35011936,4,0,0.41210998,1020.0,883.0
1987,119.25,13632.09519898,2083.86528138,4,0,0.32638597,1019.5,879.0
1988,119.31,13635.31805244,2081.84413951,4,0,0.21179465,1020.0,871.0
1989,119.37,13638.93460243,2078.38437197,4,0,0.04924404,1019.5,865.0
1990,119.43,13642.62484445,2078.16155308,4,0,0.0,1021.0,865.0
1991,119.49,13646.32627301,2079.16175449,4,0,0.0,1021.5,865.0
1992,119.55,13650.24763174,2080.18148091,4,0,0.0,1022.5,865.0
1993,119.61,13654.90181027,2081.21816232,4,0,0.0,1023.5,865.0
1994,119.67,13659.75080528,2082.25779926,4,0,0.0,1023.5,865.0
1995,119.73,13664.91305991,2083.32604773,4,0,0.0,1025.5,871.0
1996,119.79,13670.24660527,2084.41021226,4,0,0.0,1027.0,875.0
1997,119.85,13676.23842611,2085.49912948,4,0,0.0,1027.5,875.0
1998,119.91,13682.72530426,2086.61997217,4,0,0.0,1028.0,875.0
1999,119.97,13689.35759406,2087.76035109,4,0,0.0,1028.0,875.0
2000,120.03,13696.14385693,2088.91187844,4,0,0.0,1028.5,875.0
2001,120.09,13704.06493043,2090.09471671,4,0,0.0,1029.0,875.0
2002,120.15,13712.15636596,2091.2944953,4,0,0.0,1029.0,875.0
2003,120.21,13720.2988462,2092.49800646,4,0,0.0,1029.0,875.0
2004,120.27,13729.41907408,2093.74120252,4,0,0.0,1029.5,875.0
2005,120.33,13739.16225186,2094.99656308,4,0,0.0,1029.5,875.0
2006,120.39,13748.95908892,2096.26196889,4,0,0.0,1029.5,875.0
2007,120.45,13759.40196169,2097.66725602,4,0,0.0,1029.5,875.0
2008,120.51,13770.9936406,2099.48398941,4,0,0.0,1029.5,875.0
2009,120.57,13782.64619983,2101.31151302,4,0,0.0,1029.5,875.0
2010,120.63,13794.8930645,2103.19515748,4,0,0.10787514,1030.0,877.0
2011,120.69,13808.43793697,2105.11331706,4,0,1.10792291,905.5,875.0
2012,120.75,13822.56028905,2107.09183484,4,0,1.616765,906.5,877.0
2013,120.81,13837.09624571,2109.11295365,4,0,1.95641668,905.5,877.0
2014,120.87,13853.66647677,2107.63139625,6,0,3.80959321,905.5,877.0
2015,120.93,13870.95745627,2105.92343303,6,0,3.8298245,905.5,877.0
2016,120.99,13889.78493596,2105.47514842,6,0,4.92398641,905.5,877.0
2017,121.05,13910.60073041,2105.52537981,6,0,6.55835443,905.5,877.0
2018,121.11,13931.93362401,2105.83455814,6,0,6.76234272,780.5,875.0
2019,121.17,13956.28082869,2106.66608194,7,1,9.48914993,779.5,879.0
2020,121.23,13981.40661029,2107.8930132,7,0,9.98784927,779.5,879.0
2021,121.29,14009.63407643,2109.29296619,6,0,12.79404382,779.5,879.0
2022,121.35,14039.75203535,2110.52502628,6,0,14.42540053,713.75,878.0
2023,121.41,14073.14458407,2112.02557954,6,0,17.45398115,652.0,883.0
2024,121.47,14109.92373929,2113.86299837,6,0,20.59037363,650.0,883.0
2025,121.53,14152.48815008,2115.33940142,4,0,26.09771342,650.0,883.0
2026,121.59,14201.22151318,2116.83645235,2,0,31.99594631,521.75,888.0
2027,121.65,14260.53652433,2119.63970185,2,0,42.27212769,519.0,893.0
2028,121.71,14346.92080991,2123.1648653,1,0,68.93510009,517.75,896.0
2029,121.77,14504.3307855,1859.93596939,1,0,139.49393964,319.75,633.0
2030,121.83,14507.6300349,1859.11400007,1,0,1.0144595,318.75,631.0
2031,121.89,14511.0213894,1858.31173174,1,0,1.01502678,316.25,631.0
2032,121.95,14514.49989718,1857.53529343,1,0,1.01490161,313.25,627.0
2033,122.01,14518.06153486,1856.79504056,1,0,1.01477648,312.25,627.0
2034,122.07,14521.70449835,1856.10086542,1,0,1.01465138,309.25,627.0
2035,122.13,14525.42571628,1855.45616208,1,0,1.01452627,307.75,623.0
2036,122.19,14529.22436252,1854.8630369,1,0,1.01511557,304.75,623.0
2037,122.25,14533.09968171,1854.31563551,1,0,1.01600903,302.25,619.0
2038,122.31,14537.05017733,1853.84376474,1,0,1.01688637,300.75,619.0
2039,122.37,14541.07477799,1853.40718738,1,0,1.01776371,298.25,619.0
2040,122.43,14545.17139985,1853.04444784,1,0,1.01858406,296.75,617.0
2041,122.49,14549.33776385,1852.742427,1,0,1.01835586,293.75,617.0
2042,122.55,14553.57179464,1852.51312804,1,0,1.01807372,291.25,612.0
2043,122.61,14557.87372533,1852.42852245,1,0,1.01779158,289.75,612.0
2044,122.67,14562.24573343,1852.52865732,1,0,1.01819081,287.75,613.0
2045,122.73,14566.6925432,1852.8756016,1,0,1.01899262,286.25,611.0
2046,122.79,14571.22010653,1853.70582147,1,0,1.01975848,283.75,611.0
2047,122.85,14575.84724511,1856.44277103,1,0,1.02052435,281.25,607.0
2048,122.91,14580.59405907,1856.57211833,1,0,1.03141202,278.5,605.0
2049,122.97,14585.37584633,1855.34239187,1,0,1.02205251,276.5,603.0
2050,123.03,14590.18744262,1854.09583862,1,0,1.02178348,275.0,601.0
2051,123.09,14595.02520737,1852.85794807,1,0,1.02132583,272.0,599.0
2052,123.15,14599.88935593,1851.64907682,1,0,1.02177618,270.0,597.0
2053,123.21,14604.77988876,1850.45138746,1,0,1.02244778,267.5,597.0
2054,123.27,14609.69475138,1849.26058064,1,0,1.02309607,266.0,597.0
2055,123.33,14614.63301096,1848.07502254,1,0,1.02374436,264.5,595.0
2056,123.39,14619.59276845,1846.8974105,1,0,1.02439265,261.0,593.0
2057,123.45,14624.57204826,1845.72555054,1,0,1.02504094,259.75,591.0
2058,123.51,14629.56987808,1844.55287885,1,0,1.02564944,256.75,589.0
2059,123.57,14634.58213655,1843.36904839,1,0,1.02518449,255.25,589.0
2060,123.63,14639.60811338,1842.21282568,1,0,1.02585301,253.25,585.0
2061,123.69,14644.64790118,1841.06253685,1,0,1.02637253,250.25,585.0
2062,123.75,14649.69964533,1839.91942585,1,0,1.02689205,248.75,583.0
2063,123.81,14654.76158088,1838.78072845,1,0,1.02741156,246.25,583.0
2064,123.87,14659.83288212,1837.64809403,1,0,1.02793108,244.5,582.0
2065,123.93,14664.91157296,1836.5225543,1,0,1.0284506,242.5,580.0
2066,123.99,14669.99588985,1835.40305234,1,0,1.02897012,239.5,580.0
2067,124.05,14675.0863588,1834.30462861,1,0,1.02997047,237.75,577.0
2068,124.11,14680.18091815,1833.20309188,1,0,1.03040427,234.25,575.0
2069,124.17,14685.27758721,1832.10559967,1,0,1.03077702,233.25,575.0
2070,124.23,14690.37559215,1831.01420294,1,0,1.03114976,231.25,573.0
2071,124.29,14695.47317418,1829.92958098,1,0,1.0315225,228.75,573.0
2072,124.35,14700.56908296,1828.86686785,1,0,1.03189525,226.75,569.0
2073,124.41,14705.66461213,1827.82208951,1,0,1.03226799,223.75,569.0
2074,124.47,14710.75930259,1826.81339441,1,0,1.0336291,222.75,569.0
2075,124.53,14715.85200286,1825.76050126,1,0,1.03521307,220.0,566.0
2076,124.59,14720.92757931,1824.61235463,1,0,1.03541209,217.5,566.0
2077,124.65,14725.95213072,1823.54290819,1,0,1.0356108,215.5,564.0
2078,124.71,14730.98305,1822.55764215,1,0,1.0358094,212.75,565.0
2079,124.77,14735.99982825,1821.44278901,1,0,1.03600801,210.75,561.0
2080,124.83,14740.96498151,1820.41742969,1,0,1.03620661,208.75,559.0
2081,124.89,14745.91788525,1819.45451446,1,0,1.03802601,206.25,559.0
2082,124.95,14750.85997316,1818.4965002,1,0,1.03976492,204.25,555.0
2083,125.01,14755.78747441,1817.50457566,1,0,1.04076346,201.25,555.0
2084,125.07,14760.69489203,1816.49375657,1,0,1.04074811,200.25,555.0
2085,125.13,14765.58045129,1815.4910123,1,0,1.04073144,199.0,554.0
2086,125.19,14770.44193635,1814.49624539,1,0,1.04071311,195.5,552.0
2087,125.25,14775.27858057,1813.5326994,1,0,1.04144163,194.5,550.0
2088,125.31,14780.09237907,1812.61021325,1,0,1.04355682,191.5,550.0
2089,125.37,14784.8829601,1811.74457256,1,0,1.04524839,189.5,548.0
2090,125.43,14789.64940776,1810.81530695,1,0,1.0467356,187.5,546.0
2091,125.49,14794.38365209,1809.83132301,1,0,1.04646275,184.75,547.0
2092,125.55,14799.08157558,1808.85279331,1,0,1.04616213,182.75,543.0
2093,125.61,14803.74247593,1807.91208313,1,0,1.04658225,179.75,543.0
2094,125.67,14808.36911998,1807.04965248,1,0,1.04882309,178.25,543.0
2095,125.73,14812.96359281,1806.20756788,1,0,1.05046858,175.75,539.0
2096,125.79,14817.52391858,1805.37495227,1,0,1.07236365,172.75,539.0
2097,125.85,14822.04459262,1804.46487059,1,0,1.07380543,170.75,535.0
2098,125.91,14826.51471956,1803.51210504,1,0,1.07286424,167.25,533.0
2099,125.97,14830.93135369,1802.66553054,1,0,1.0749455,165.25,531.0
2100,126.03,14835.30181765,1801.85800852,1,0,1.07926768,162.75,527.0
2101,126.09,14839.62427015,1801.06177808,1,0,1.08268777,159.5,525.0
2102,126.15,14843.89516991,1800.27328197,1,0,1.08610618,158.5,525.0
2103,126.21,14848.11117386,1799.44995796,1,0,1.08842537,154.5,519.0
2104,126.27,14852.26192328,1798.62578602,1,0,1.0899729,152.5,519.0
2105,126.33,14856.35011848,1797.85977497,1,0,1.09432943,150.0,515.0
2106,126.39,14860.37182925,1797.10766061,1,0,1.09739443,146.75,511.0
2107,126.45,14864.3226333,1796.3724793,1,0,1.10039714,144.75,509.0
2108,126.51,14868.19585006,1795.68564653,1,0,1.10180094,142.25,503.0
2109,126.57,14871.99429358,1796.1772556,1,0,1.10462294,140.25,501.0
2110,126.63,14875.35683586,1803.02065803,1,0,1.09801257,137.25,497.0
2111,126.69,14878.35496037,1805.85080622,1,0,1.08729559,134.75,493.0
2112,126.75,14881.07676096,1807.96432695,1,0,1.07144592,132.75,491.0
2113,126.81,14883.55987987,1809.84207338,1,0,1.05664391,130.25,487.0
2114,126.87,14885.82529395,1811.44904753,1,0,1.03512583,127.25,477.0
2115,126.93,14887.86194709,1812.70331543,1,0,0.99736428,125.25,471.0
2116,126.99,14889.66151743,1813.92614043,1,0,0.95307942,122.75,463.0
2117,127.05,14891.22659912,1815.28353697,1,0,0.90320903,121.25,459.0
2118,127.11,14892.55319854,1816.61869937,1,0,0.83719729,120.25,455.0
2119,127.17,14893.60008102,1817.73467801,1,0,0.73708488,118.0,448.0
2120,127.23,14894.29824949,1819.01987197,1,0,0.5935401,116.5,442.0
2121,127.29,14894.41937614,1820.57591911,1,0,0.26781377,115.0,438.0
2122,127.35,14894.22143998,1822.45210681,1,0,0.22646871,114.0,434.0
2123,127.41,14894.02205583,1824.06734582,1,0,0.24213713,111.5,426.0
2124,127.47,14893.82548665,1825.94512957,1,0,0.26574609,111.25,427.0
2125,127.53,14893.65977235,1828.22756338,1,0,0.30281738,109.75,423.0
2126,127.59,14893.559584,1830.67103558,1,0,0.34949271,107.75,415.0
2127,127.65,14893.55189763,1834.15774233,1,0,0.41841847,106.25,409.0
2128,127.71,14893.80342069,1841.25465965,1,0,0.58343926,104.25,401.0
2129,127.77,14894.61382173,1844.99513599,1,0,0.89957334,101.5,393.0
2130,127.83,14895.08624536,1838.865637,1,0,0.44852839,98.5,379.0
2131,127.89,14894.84332743,1824.7868492,1,0,0.05637834,96.5,365.0
2132,127.95,14893.76795423,1824.08331523,1,0,0.0,96.5,365.0
2133,128.01,14892.6600701,1824.92551035,1,0,0.0,96.5,365.0
2134,128.07,14891.52388879,1825.7587424,1,0,0.0,96.5,365.0
2135,128.13,14890.35515566,1826.5476902,1,0,0.0,96.5,365.0
2136,128.19,14889.17006422,1827.33693538,1,0,0.0,96.5,365.0
2137,128.25,14887.97115116,1828.1004786,1,0,0.0,96.5,365.0
2138,128.31,14886.76198902,1828.84429726,1,0,0.0,96.5,365.0
2139,128.37,14885.54004918,1829.59796705,1,0,0.0,96.5,365.0
2140,128.43,14884.30599491,1830.30544312,1,0,0.0,96.5,365.0
2141,128.49,14883.06644555,1831.00468486,1,0,0.0,96.5,365.0
2142,128.55,14881.82248279,1831.69069246,1,0,0.0,97.0,367.0
2143,128.61,14880.57741924,1832.3495937,1,0,0.0,97.0,367.0
2144,128.67,14879.33230493,1833.00860955,1,0,0.0,97.0,367.0
2145,128.73,14878.08734852,1833.64741453,1,0,0.0,97.0,367.0
2146,128.79,14876.84117589,1834.27921784,1,0,0.0,97.0,367.0
2147,128.85,14875.59560237,1834.89980245,1,0,0.0,97.25,368.0
2148,128.91,14874.35725917,1835.4838194,1,0,0.0,97.25,368.0
2149,128.97,14873.12828079,1836.06881315,1,0,0.0,97.25,368.0
2150,129.03,14871.90899997,1836.63941544,1,0,0.0,97.25,368.0
2151,129.09,14870.70161749,1837.19607383,1,0,0.0,97.25,368.0
2152,129.15,14869.50126979,1837.7571627,1,0,0.0,97.25,368.0
2153,129.21,14868.3117264,1838.28102676,1,0,0.0,97.25,368.0
2154,129.27,14867.14120444,1838.79696923,1,0,0.0,97.25,368.0
2155,129.33,14865.99007846,1839.30448943,1,0,0.0,97.25,368.0
2156,129.39,14864.85974255,1839.79354216,1,0,0.0,97.25,368.0
2157,129.45,14863.74338074,1840.29051233,1,0,0.0,97.25,368.0
2158,129.51,14862.64118959,1840.75702535,1,0,0.0,97.5,369.0
2159,129.57,14861.56448356,1841.21033335,1,0,0.0,97.5,369.0
2160,129.63,14860.51452773,1841.65530162,1,0,0.0,97.75,369.0
2161,129.69,14859.49246598,1842.08304524,1,0,0.0,97.75,369.0
2162,129.75,14858.49184057,1842.51471824,1,0,0.0,97.75,369.0
2163,129.81,14857.51907726,1842.90556411,1,0,0.0,97.75,369.0
2164,129.87,14856.58567309,1843.2969762,1,0,0.0,98.0,369.0
2165,129.93,14855.68298345,1843.67084076,1,0,0.0,98.0,369.0
2166,129.99,14854.80798735,1844.03890629,1,0,0.0,98.0,369.0
2167,130.05,14853.96933314,1844.37726854,1,0,0.0,98.0,369.0
2168,130.11,14853.17345821,1844.71423157,1,0,0.0,98.0,369.0
2169,130.17,14852.40042307,1845.02976487,1,0,0.0,98.0,369.0
2170,130.23,14851.66517834,1845.32822528,1,0,0.0,98.0,369.0
2171,130.29,14850.94825907,1845.61211878,1,0,0.0,98.0,369.0
2172,130.35,14850.23634836,1845.8812873,1,0,0.0,98.0,369.0
2173,130.41,14849.44703184,1846.12226258,1,0,0.0,98.0,369.0
2174,130.47,14848.35600447,1846.36016653,1,0,0.0,98.0,369.0
2175,130.53,14847.98825654,1846.55789392,1,0,0.0,98.0,369.0
2176,130.59,14848.13414603,1846.7076166,1,0,0.0,98.0,369.0
2177,130.65,14848.40308397,1846.82824706,1,0,0.0,98.0,369.0
2178,130.71,14848.82099346,1846.91520836,1,0,0.0,98.25,370.0
2179,130.77,14849.43548337,1846.95319215,1,0,0.0,98.25,370.0
2180,130.83,14850.41154118,1846.90881616,1,0,0.0,98.25,370.0
2181,130.89,14851.56662947,1846.81988236,1,0,0.0,98.25,370.0
2182,130.95,14852.72074483,1846.73094855,1,0,0.0,98.25,370.0
2183,131.01,14853.87388697,1846.64201347,1,0,0.0,98.25,370.0
2184,131.07,14855.02597702,1846.55365356,1,0,0.0,98.25,370.0
2185,131.13,14856.17688603,1846.46557168,1,0,0.0,98.25,370.0
2186,131.19,14857.32655781,1846.37757402,1,0,0.0,98.5,371.0
2187,131.25,14858.47496857,1846.28963838,1,0,0.0,98.5,371.0
2188,131.31,14859.6221219,1846.20186531,1,0,0.0,98.5,371.0
2189,131.37,14860.76797897,1846.11423128,1,0,0.0,98.5,371.0
2190,131.43,14861.91250142,1846.02672369,1,0,0.0,98.5,371.0
2191,131.49,14863.05567579,1845.93923003,1,0,0.0,98.5,371.0
2192,131.55,14864.19745413,1845.85190081,1,0,0.0,98.5,371.0
2193,131.61,14865.3377749,1845.76479447,1,0,0.0,98.5,371.0
2194,131.67,14866.47664393,1845.67785261,1,0,0.0,98.5,371.0
2195,131.73,14867.61406238,1845.59122468,1,0,0.0,98.5,371.0
2196,131.79,14868.75004275,1845.50491958,1,0,0.0,98.5,371.0
2197,131.85,14869.88455764,1845.4188514,1,0,0.0,98.5,371.0
2198,131.91,14871.0175597,1845.33291037,1,0,0.0,98.5,371.0
2199,131.97,14872.14904306,1845.24699452,1,0,0.0,98.5,371.0
2200,132.03,14873.27893726,1845.16126838,1,0,0.0,98.5,371.0
2201,132.09,14874.40722662,1845.07569538,1,0,0.0,98.5,371.0
2202,132.15,14875.53390219,1844.99026757,1,0,0.0,98.5,371.0
2203,132.21,14876.65891125,1844.90499412,1,0,0.0,98.5,371.0
2204,132.27,14877.78215163,1844.81995794,1,0,0.0,98.5,371.0
2205,132.33,14878.90351661,1844.73509966,1,0,0.0,98.5,371.0
2206,132.39,14880.02298752,1844.65049288,1,0,0.0,98.5,371.0
2207,132.45,14881.14053629,1844.56634265,1,0,0.0,98.5,371.0
2208,132.51,14882.25610675,1844.48286647,1,0,0.0,98.5,371.0
2209,132.57,14883.36959281,1844.39997047,1,0,0.0,98.5,371.0
2210,132.63,14884.48095701,1844.31720291,1,0,0.0,98.5,371.0
2211,132.69,14885.59009051,1844.23469555,1,0,0.0,98.5,371.0
2212,132.75,14886.69687906,1844.15242032,1,0,0.0,98.5,371.0
2213,132.81,14887.80124164,1844.07033503,1,0,0.0,98.75,372.0
2214,132.87,14888.90309605,1843.98845372,1,0,0.0,98.75,372.0
2215,132.93,14890.00233357,1843.90679104,1,0,0.0,98.75,372.0
2216,132.99,14891.10220751,1844.06615335,2,1,0.0,98.75,372.0
2217,133.05,14892.22753196,1844.48942957,1,0,0.01392964,98.25,369.0
2218,133.11,14893.36495406,1844.41230698,1,0,0.0,98.25,369.0
2219,133.17,14894.49982933,1844.33554119,1,0,0.0,98.25,369.0
2220,133.23,14895.6318788,1844.25896473,1,0,0.0,98.25,369.0
2221,133.29,14896.76100877,1844.18260726,1,0,0.0,98.5,370.0
2222,133.35,14897.88697194,1844.10673793,1,0,0.0,98.5,370.0
2223,133.41,14899.00954999,1844.03103086,1,0,0.0,98.5,370.0
2224,133.47,14900.12877955,1843.96878302,1,0,0.0,98.5,370.0
2225,133.53,14901.24730255,1843.9236106,1,0,0.0,98.5,370.0
2226,133.59,14902.36537056,1843.87628813,1,0,0.0,98.5,370.0
2227,133.65,14903.48034648,1843.79744294,1,0,0.0,98.5,370.0
2228,133.71,14904.5898946,1843.7191826,1,0,0.0,98.5,370.0
2229,133.77,14905.69256754,1843.6417091,1,0,0.0,98.5,370.0
2230,133.83,14906.78571502,1843.56498276,1,0,0.0,98.5,370.0
2231,133.89,14907.8601553,1843.48954877,1,0,0.0,98.5,370.0
2232,133.95,14908.92729129,1843.43877104,1,0,0.0,98.5,370.0
2233,134.01,14909.99791385,1843.39768522,1,0,0.0,98.5,370.0
2234,134.07,14911.07209117,1843.3565994,1,0,0.0,98.75,371.0
2235,134.13,14912.14945051,1843.29797223,1,0,0.0,98.75,371.0
2236,134.19,14908.84907921,1843.1502746,1,0,0.0,98.75,371.0
2237,134.25,14894.32665034,1842.82993269,1,0,0.0,98.75,371.0
2238,134.31,14879.80404166,1842.50959078,1,0,0.0,98.75,371.0
2239,134.37,14865.28141926,1842.20071313,1,0,0.0,99.0,372.0
2240,134.43,14850.76139395,1841.91849381,1,0,0.0,99.0,372.0
2241,134.49,14836.24547737,1841.63664818,1,0,0.0,99.0,372.0
2242,134.55,14821.73404254,1841.35486334,1,0,0.0,99.0,372.0
2243,134.61,14807.22698998,1841.06277761,1,0,0.0204933,98.0,368.0
2244,134.67,14792.72151993,1840.7355775,1,0,0.0,98.0,368.0
2245,134.73,14778.21639572,1840.40839103,1,0,0.0,98.0,368.0
2246,134.79,14763.71173931,1840.09172176,1,0,0.0,98.0,368.0
2247,134.85,14749.21030494,1839.80830131,1,0,0.02021474,98.0,368.0
2248,134.91,14734.71326101,1839.52488087,1,0,0.02102256,97.5,366.0
2249,134.97,14720.22060751,1839.24146043,1,0,0.02183038,97.5,366.0
2250,135.03,14705.73251431,1838.96362615,1,0,0.0226382,97.5,366.0
2251,135.09,14691.40924867,1832.04753224,1,0,0.02293902,97.0,364.0
2252,135.15,14677.45742312,1827.419001,1,0,0.02213716,97.0,364.0
2253,135.21,14663.70823538,1824.13707242,1,0,0.02203518,97.0,364.0
2254,135.27,14650.11496217,1821.3671998,1,0,0.0232208,97.25,364.0
2255,135.33,14636.65315044,1818.96344614,1,0,0.02394661,96.75,362.0
2256,135.39,14623.30795669,1816.8009813,1,0,0.02467241,96.75,362.0
2257,135.45,14610.06644005,1814.75081489,1,0,0.02539819,96.25,362.0
2258,135.51,14596.91376048,1812.75358192,1,0,0.02596915,95.75,360.0
2259,135.57,14583.83891996,1810.89230207,1,0,0.02507306,95.75,360.0
2260,135.63,14570.83956617,1809.13544838,1,0,0.02640865,95.25,360.0
2261,135.69,14557.91103427,1807.4870394,1,0,0.027026,94.75,358.0
2262,135.75,14545.04959628,1805.87298182,1,0,0.02764335,94.25,358.0
2263,135.81,14532.24934184,1804.34982518,1,0,0.02826071,93.25,354.0
2264,135.87,14519.51040674,1802.85965535,1,0,0.02887813,93.25,354.0
2265,135.93,14506.823828,1801.38906761,1,0,0.02929928,93.25,354.0
2266,135.99,14494.18604531,1799.92965998,1,0,0.03067401,92.75,352.0
2267,136.05,14481.59263592,1798.53596688,1,0,0.03114051,92.75,352.0
2268,136.11,14469.04143449,1797.15076948,1,0,0.03160701,92.75,352.0
2269,136.17,14456.53209962,1795.87856338,1,0,0.0320735,92.25,350.0
2270,136.23,14444.06497948,1794.62314503,1,0,0.03254912,92.25,350.0
2271,136.29,14431.63842292,1793.38822103,1,0,0.03581015,91.75,348.0
2272,136.35,14419.24382402,1792.10909598,1,0,0.03605376,91.75,348.0
2273,136.41,14406.87930774,1790.86915317,1,0,0.03629728,90.75,346.0
2274,136.47,14394.54407778,1789.69918853,1,0,0.03654079,90.75,346.0
2275,136.53,14382.23909486,1788.5964905,1,0,0.05742395,90.25,346.0
2276,136.59,14369.96918401,1787.55652685,1,0,0.06332713,89.75,344.0
2277,136.65,14357.72448066,1786.39003829,1,0,0.0639731,89.25,344.0
2278,136.71,14345.49813458,1785.24013399,1,0,0.06463299,88.25,338.0
2279,136.77,14333.29311902,1784.21571261,1,0,0.06891135,87.75,338.0
2280,136.83,14321.11380576,1783.30144786,1,0,0.07518154,87.25,336.0
2281,136.89,14308.96552531,1782.36281082,1,0,0.08113969,86.75,332.0
2282,136.95,14296.83256179,1781.28377838,1,0,0.08097501,85.75,328.0
2283,137.01,14284.71220848,1780.28117278,1,0,0.08516514,85.25,326.0
2284,137.07,14272.61057059,1779.4827233,1,0,0.09307133,85.0,326.0
2285,137.13,14260.53375183,1778.67780878,1,0,0.10050758,83.5,320.0
2286,137.19,14248.4756321,1777.75188,1,0,0.10456689,83.25,322.0
2287,137.25,14236.42936177,1776.9508948,1,0,0.11131161,82.75,318.0
2288,137.31,14224.40756196,1776.27568731,1,0,0.12377169,81.75,312.0
2289,137.37,14212.41604785,1775.73258945,1,0,0.13590404,81.25,310.0
2290,137.43,14200.44820948,1775.09477293,1,0,0.14879365,79.75,304.0
2291,137.49,14188.51030276,1774.72148817,1,0,0.16543851,78.25,300.0
2292,137.55,14176.63366244,1774.84591423,1,0,0.19884302,77.25,294.0
2293,137.61,14164.73168481,1774.9205176,1,0,0.23164525,75.25,288.0
2294,137.67,14152.96542471,1777.25875576,1,0,0.32918342,72.75,278.0
2295,137.73,14141.66640398,1782.76314187,1,0,0.64427827,70.75,266.0
2296,137.79,14130.2142992,1771.20497391,1,0,0.1598887,68.25,248.0
2297,137.85,14117.83886226,1763.04812136,1,0,0.0,68.25,248.0
2298,137.91,14105.28877536,1762.17326038,1,0,0.0,68.25,248.0
2299,137.97,14092.7154381,1761.31003746,1,0,0.0,68.25,248.0
2300,138.03,14080.11532925,1760.4681316,1,0,0.0,68.25,248.0
2301,138.09,14067.4873423,1759.62622574,1,0,0.0,68.25,248.0
2302,138.15,14054.82904109,1758.81393547,1,0,0.0,68.25,248.0
2303,138.21,14042.13722864,1758.00421552,1,0,0.0,68.25,248.0
2304,138.27,14029.40934862,1757.22167876,1,0,0.0,68.25,248.0
2305,138.33,14016.63904969,1756.45285694,1,0,0.0,68.25,248.0
2306,138.39,14003.82609513,1755.68875794,1,0,0.0,68.25,248.0
2307,138.45,13990.96899608,1754.94027597,1,0,0.0,68.25,248.0
2308,138.51,13978.06657784,1754.19886659,1,0,0.0,68.25,248.0
2309,138.57,13965.11378604,1753.4823397,1,0,0.0,68.25,248.0
2310,138.63,13952.10763591,1752.77759456,1,0,0.0,68.25,248.0
2311,138.69,13939.03968545,1752.10243606,1,0,0.0,68.25,248.0
2312,138.75,13925.90616491,1751.43860305,1,0,0.0,68.25,248.0
2313,138.81,13912.69978919,1750.79606703,1,0,0.0,68.25,248.0
2314,138.87,13899.41701673,1750.16695776,1,0,0.0,68.5,249.0
2315,138.93,13886.05233644,1749.54801096,1,0,0.0,68.5,249.0
2316,138.99,13872.59677143,1748.96534531,1,0,0.0,68.75,250.0
2317,139.05,13859.03692806,1748.40967072,1,0,0.0,68.75,250.0
2318,139.11,13845.35661956,1747.8807876,1,0,0.0,68.75,250.0
2319,139.17,13831.53433557,1747.38553979,1,0,0.0,68.75,250.0
2320,139.23,13817.53436817,1746.93130367,1,0,0.0,68.75,250.0
2321,139.29,13803.26890344,1746.53407821,1,0,0.0,68.75,250.0
2322,139.35,13788.63481524,1746.22502821,1,0,0.0,68.75,250.0
2323,139.41,13773.98949341,1745.92003263,1,0,0.0,68.75,250.0
2324,139.47,13759.33892764,1745.61548542,1,0,0.0,68.75,250.0
2325,139.53,13744.68210415,1745.31132359,1,0,0.0,68.75,250.0
2326,139.59,13730.01671197,1745.00781651,1,0,0.0,68.75,250.0
2327,139.65,13715.33626141,1744.71013816,1,0,0.0,68.75,250.0
2328,139.71,13700.64918463,1744.40930205,1,0,0.0,68.75,250.0
2329,139.77,13685.96253039,1744.10421203,1,0,0.0,68.75,250.0
2330,139.83,13671.27678107,1743.79912527,1,0,0.0,68.75,250.0
2331,139.89,13656.59193668,1743.49403851,1,0,0.0,68.75,250.0
2332,139.95,13641.90582324,1743.19728701,1,0,0.0,68.75,250.0
2333,140.01,13627.21176231,1742.90526792,1,0,0.0,68.75,250.0
2334,140.07,13612.51030686,1742.60647749,1,0,0.0,68.75,250.0
2335,140.13,13597.80765701,1742.30317726,1,0,0.0,68.75,250.0
2336,140.19,13583.10372965,1742.00388077,1,0,0.0,68.75,250.0
2337,140.25,13568.38801552,1741.71826672,1,0,0.0,68.75,250.0
2338,140.31,13553.65832675,1741.42393202,1,0,0.0,68.75,250.0
2339,140.37,13538.92204749,1741.12403278,1,0,0.0,68.75,250.0
2340,140.43,13524.18505975,1740.82249057,1,0,0.0,68.75,250.0
2341,140.49,13509.4353717,1740.53180302,1,0,0.0,68.75,250.0
2342,140.55,13494.66855777,1740.24118068,1,0,0.0,68.75,250.0
2343,140.61,13479.89031801,1739.94158295,1,0,0.0,68.75,250.0
2344,140.67,13465.09671641,1739.64859605,1,0,0.0,68.75,250.0
2345,140.73,13450.28524617,1739.35279628,1,0,0.0,68.75,250.0
2346,140.79,13435.4557863,1739.0598997,1,0,0.0,68.75,250.0
2347,140.85,13420.59020688,1738.77190288,1,0,0.0,68.75,250.0
2348,140.91,13405.69332606,1738.47356486,1,0,0.0,68.75,250.0
2349,140.97,13390.7591606,1738.18730605,1,0,0.0,68.75,250.0
2350,141.03,13375.7519437,1737.89872885,1,0,0.0,68.75,250.0
2351,141.09,13360.64979794,1737.61294751,1,0,0.0,68.75,250.0
2352,141.15,13345.3670682,1737.33612319,1,0,0.0,69.0,251.0
2353,141.21,13329.61431556,1737.0695498,1,0,0.0,69.0,251.0
2354,141.27,13314.11154878,1736.79906833,1,0,0.0,69.0,251.0
2355,141.33,13299.30082811,1736.50346147,1,0,0.0,69.25,252.0
2356,141.39,13284.95476747,1736.1902049,1,0,0.0,69.25,252.0
2357,141.45,13270.60821562,1735.87697884,1,0,0.0,69.25,252.0
2358,141.51,13256.26116487,1735.56375278,1,0,0.0,69.25,252.0
2359,141.57,13241.91362219,1735.25067629,1,0,0.0,69.25,252.0
2360,141.63,13227.56559851,1734.9376203,1,0,0.0,69.25,252.0
2361,141.69,13213.21708513,1734.62457819,1,0,0.0,69.25,252.0
2362,141.75,13198.86806518,1734.3115694,1,0,0.0,69.25,252.0
2363,141.81,13184.5185345,1733.99857006,1,0,0.0,69.25,252.0
2364,141.87,13170.168494,1733.68562502,1,0,0.0,69.25,252.0
2365,141.93,13155.81796608,1733.37282324,1,0,0.0,69.25,252.0
2366,141.99,13141.46696457,1733.06002252,1,0,0.0,69.25,252.0
2367,142.05,13127.11548426,1732.74723254,1,0,0.0,69.25,252.0
2368,142.11,13112.76352564,1732.43461902,1,0,0.0,69.25,252.0
2369,142.17,13098.41108631,1732.12232209,1,0,0.0,69.25,252.0
2370,142.23,13084.05819376,1731.81007791,1,0,0.0,69.25,252.0
2371,142.29,13069.70495178,1731.49785458,1,0,0.0,69.25,252.0
2372,142.35,13055.35145029,1731.18565916,1,0,0.0,69.25,252.0
2373,142.41,13040.99770654,1730.87349353,1,0,0.0,69.25,252.0
2374,142.47,13026.64369118,1730.56183294,1,0,0.0,69.25,252.0
2375,142.53,13012.28932345,1730.25026775,1,0,0.0,69.25,252.0
2376,142.59,12997.93459763,1729.93870974,1,0,0.0,69.25,252.0
2377,142.65,12983.57950595,1729.62726952,1,0,0.0,69.25,252.0
2378,142.71,12969.22398128,1729.3158696,1,0,0.0,69.25,252.0
2379,142.77,12954.86799036,1729.00447299,1,0,0.0,69.25,252.0
2380,142.83,12940.51154176,1728.69310189,1,0,0.0,69.25,252.0
2381,142.89,12926.15464388,1728.38173638,1,0,0.0,69.25,252.0
2382,142.95,12911.79729707,1728.07037087,1,0,0.0,69.5,253.0
2383,143.01,12897.43950499,1727.75911387,1,0,0.0,69.5,253.0
2384,143.07,12883.08126483,1727.44792932,1,0,0.0,69.5,253.0
2385,143.13,12868.72254197,1727.13675346,1,0,0.0,69.5,253.0
2386,143.19,12854.36333467,1726.82559254,1,0,0.0,69.5,253.0
2387,143.25,12840.00365177,1726.51457163,1,0,0.0,69.5,253.0
2388,143.31,12825.64349234,1726.20357398,1,0,0.0,69.75,254.0
2389,143.37,12811.28282609,1725.89259595,1,0,0.0,69.75,254.0
2390,143.43,12796.92164793,1725.58161792,1,0,0.0,69.75,254.0
2391,143.49,12782.55995781,1725.27064172,1,0,0.0,69.75,254.0
2392,143.55,12768.19774786,1724.95968785,1,0,0.0,69.75,254.0
2393,143.61,12753.83500843,1724.64890133,1,0,0.0,69.75,254.0
2394,143.67,12739.47173162,1724.33813474,1,0,0.0,69.75,254.0
2395,143.73,12725.10791385,1724.02738078,1,0,0.0,69.75,254.0
2396,143.79,12710.74353531,1723.71667469,1,0,0.0,69.75,254.0
2397,143.85,12696.37858473,1723.40611675,1,0,0.0,69.75,254.0
2398,143.91,12682.01304939,1723.09556382,1,0,0.0,69.75,254.0
2399,143.97,12667.64692997,1722.78504115,1,0,0.0,69.75,254.0
2400,144.03,12653.27942417,1722.47035631,1,0,0.0,69.75,254.0
2401,144.09,12638.90954891,1722.15548361,1,0,0.0,69.75,254.0
2402,144.15,12624.53727501,1721.84063872,1,0,0.0,69.75,254.0
2403,144.21,12610.16257447,1721.52592968,1,0,0.0,69.75,254.0
2404,144.27,12595.78545764,1721.21139131,1,0,0.0,69.75,254.0
2405,144.33,12581.40594165,1720.89699497,1,0,0.0,69.75,254.0
2406,144.39,12567.02402781,1720.5830371,1,0,0.0,69.75,254.0
2407,144.45,12552.63951889,1720.26965324,1,0,0.0,69.75,254.0
2408,144.51,12538.25231957,1719.95639171,1,0,0.0,69.75,254.0
2409,144.57,12523.86232207,1719.64332101,1,0,0.0,69.75,254.0
2410,144.63,12509.46949172,1719.33029117,1,0,0.0,69.75,254.0
2411,144.69,12495.07380508,1719.01730876,1,0,0.0,69.75,254.0
2412,144.75,12480.67526011,1718.70460552,1,0,0.0,69.75,254.0
2413,144.81,12466.27375649,1718.39253105,1,0,0.0,69.75,254.0
2414,144.87,12451.86926077,1718.08054299,1,0,0.0,69.75,254.0
2415,144.93,12437.46168456,1717.76865377,1,0,0.0,69.75,254.0
2416,144.99,12423.05093579,1717.45687316,1,0,0.0,70.0,255.0
2417,145.05,12408.63699963,1717.1454043,1,0,0.0,70.0,255.0
2418,145.11,12394.21980848,1716.83443528,1,0,0.0,70.0,255.0
2419,145.17,12379.79924843,1716.5235962,1,0,0.0,70.0,255.0
2420,145.23,12365.3752446,1716.21306382,1,0,0.0,70.0,255.0
2421,145.29,12350.94765006,1715.90269094,1,0,0.0,70.0,255.0
2422,145.35,12336.5163805,1715.59236254,1,0,0.0,70.0,255.0
2423,145.41,12322.08686216,1715.61086674,2,1,0.0,70.0,255.0
2424,145.47,12307.68422625,1715.57581786,1,0,0.0,70.0,255.0
2425,145.53,12293.2820381,1715.26753089,1,0,0.0,70.0,255.0
2426,145.59,12278.87652475,1714.95935476,1,0,0.0,70.0,255.0
2427,145.65,12264.46747791,1714.65182787,1,0,0.0,70.25,256.0
2428,145.71,12250.05461447,1714.35278749,1,0,0.0,70.25,256.0
2429,145.77,12235.63900889,1714.06203728,1,0,0.0,70.25,256.0
2430,145.83,12221.22046312,1713.77161375,1,0,0.0,70.25,256.0
2431,145.89,12206.7992371,1713.50405057,1,0,0.0,70.25,256.0
2432,145.95,12192.3740307,1713.18946992,1,0,0.0,70.25,256.0
2433,146.01,12177.979808,1709.05654016,1,0,0.0,70.25,256.0
2434,146.07,12163.92844491,1704.05028338,1,0,0.0,70.25,256.0
2435,146.13,12150.08301581,1700.79602052,1,0,0.0,70.25,256.0
2436,146.19,12136.37115159,1698.12826115,1,0,0.0,70.25,256.0
2437,146.25,12122.76963505,1695.78783163,1,0,0.0,70.25,256.0
2438,146.31,12109.28001174,1693.77304124,1,0,0.0,70.25,256.0
2439,146.37,12095.88777047,1691.77047756,1,0,0.0,70.25,256.0
2440,146.43,12082.58317358,1690.01232053,1,0,0.0,70.25,256.0
2441,146.49,12069.35896087,1688.28250788,1,0,0.0,70.25,256.0
2442,146.55,12056.21233318,1686.67704205,1,0,0.0,70.25,256.0
2443,146.61,12043.13453356,1685.12839034,1,0,0.0,70.25,256.0
2444,146.67,12030.12442814,1683.60492935,1,0,0.0,70.25,256.0
2445,146.73,12017.17591321,1682.22002383,1,0,0.0,70.25,256.0
2446,146.79,12004.28235639,1680.79359603,1,0,0.0,70.25,256.0
2447,146.85,11991.44504904,1679.44239272,1,0,0.0,70.25,256.0
2448,146.91,11978.66093723,1678.18969404,1,0,0.0,70.25,256.0
2449,146.97,11965.93016252,1676.96169002,1,0,0.01030334,70.25,256.0
2450,147.03,11953.25335702,1675.72471599,1,0,0.01069534,69.75,255.0
2451,147.09,11940.62371829,1674.53635046,1,0,0.02233928,69.75,255.0
2452,147.15,11928.03563278,1673.3325201,1,0,0.02190034,68.75,253.0
2453,147.21,11915.49322546,1672.18015859,1,0,0.02326503,68.75,253.0
2454,147.27,11902.99601738,1671.08480809,1,0,0.02385023,68.25,253.0
2455,147.33,11890.54027984,1670.00993314,1,0,0.0244355,67.75,251.0
2456,147.39,11878.12690041,1668.95343362,1,0,0.025874,67.75,251.0
2457,147.45,11865.75387127,1667.82234334,1,0,0.02647632,66.75,247.0
2458,147.51,11853.41574796,1666.78436567,1,0,0.02824866,66.75,247.0
2459,147.57,11841.11482471,1665.82376926,1,0,0.02903857,66.25,245.0
2460,147.63,11828.85708619,1664.89331516,1,0,0.02982855,66.25,245.0
2461,147.69,11816.6394473,1663.8905062,1,0,0.03247887,66.25,245.0
2462,147.75,11804.45299701,1662.90862216,1,0,0.05385863,65.75,243.0
2463,147.81,11792.04793489,1673.43444605,1,0,0.05977249,64.75,239.0
2464,147.87,11777.78982145,1685.12839068,1,0,0.0631814,64.25,237.0
2465,147.93,11762.43408426,1692.34312639,1,0,0.06787898,63.25,233.0
2466,147.99,11746.30330176,1698.02305975,1,0,0.07180908,62.25,231.0
2467,148.05,11729.55085314,1702.53348555,1,0,0.08098345,61.25,225.0
2468,148.11,11712.26097693,1706.75767712,1,0,0.08870505,60.75,223.0
2469,148.17,11694.51588988,1710.22073172,1,0,0.09444811,59.75,217.0
2470,148.23,11676.34157397,1713.79116914,1,0,0.1100033,58.75,213.0
2471,148.29,11657.80754433,1716.99293022,1,0,0.12460743,57.25,207.0
2472,148.35,11638.94831928,1720.31136116,1,0,0.14816894,56.25,201.0
2473,148.41,11619.79989108,1723.84809548,1,0,0.18537284,55.0,193.0
2474,148.47,11600.49199591,1728.89507934,1,0,0.27885916,52.5,183.0
2475,148.53,11581.35703906,1725.04878236,1,0,0.53345963,49.0,161.0
2476,148.59,11561.6159421,1709.25993351,1,0,0.0,49.0,161.0
2477,148.65,11541.5667944,1706.65758608,1,0,0.0,49.0,161.0
2478,148.71,11521.40368154,1704.78253925,1,0,0.0,49.0,161.0
2479,148.77,11501.10811286,1703.35795079,1,0,0.0,49.0,161.0
2480,148.83,11480.68885781,1702.05451673,1,0,0.0,49.0,161.0
2481,148.89,11460.13907966,1701.0686763,1,0,0.0,49.0,161.0
2482,148.95,11439.44844163,1700.30848575,1,0,0.0,49.0,161.0
2483,149.01,11418.57588354,1699.39054537,1,0,0.0,49.0,161.0
2484,149.07,11397.32942616,1698.69871822,1,0,0.0,49.0,161.0
2485,149.13,11375.99575805,1698.13059044,1,0,0.0,49.0,161.0
2486,149.19,11354.57154001,1697.55060688,1,0,0.0,49.0,161.0
2487,149.25,11333.07957027,1696.8885258,1,0,0.0,49.0,161.0
2488,149.31,11311.51918336,1696.33676919,1,0,0.0,49.0,161.0
2489,149.37,11289.88454187,1695.89122495,1,0,0.0,49.0,161.0
2490,149.43,11268.17297001,1695.43002611,1,0,0.0,49.0,161.0
2491,149.49,11246.3913907,1694.83709646,1,0,0.0,49.0,161.0
2492,149.55,11224.29696423,1694.31007394,1,0,0.0,49.0,161.0
2493,149.61,11201.97813632,1693.88821214,1,0,0.0,49.0,161.0
2494,149.67,11179.55164728,1693.548389,1,0,0.0,49.0,161.0
2495,149.73,11156.99352725,1693.06962009,1,0,0.0,49.0,161.0
2496,149.79,11131.00723574,1692.60126674,1,0,0.0,49.0,161.0
2497,149.85,11104.92484499,1692.19846935,1,0,0.0,49.0,161.0
2498,149.91,11078.74443118,1691.82564556,1,0,0.0,49.0,161.0
2499,149.97,11052.46607745,1691.46805722,1,0,0.0,49.0,161.0
2500,150.03,11026.1011808,1691.03475777,1,0,0.0,49.0,161.0
2501,150.09,10999.64963264,1690.60145578,1,0,0.0,49.0,161.0
2502,150.15,10973.10700832,1690.22804155,1,0,0.0,49.0,161.0
2503,150.21,10946.46584618,1689.88898966,1,0,0.0,49.0,161.0
2504,150.27,10919.73156794,1689.48910413,1,0,0.0,49.0,161.0
2505,150.33,10892.91642838,1689.08869774,1,0,0.0,49.0,161.0
2506,150.39,10866.58195313,1677.61236769,1,0,0.0,49.0,161.0
2507,150.45,10841.25254674,1670.88496736,1,0,0.0,49.0,161.0
2508,150.51,10816.4209228,1665.9266496,1,0,0.0,49.0,161.0
2509,150.57,10791.94262412,1661.7783485,1,0,0.0,49.0,161.0
2510,150.63,10767.74721703,1658.13361992,1,0,0.0,49.0,161.0
2511,150.69,10743.75797737,1654.89053913,1,0,0.0,49.0,161.0
2512,150.75,10719.91748438,1651.9137816,1,0,0.0,49.0,161.0
2513,150.81,10696.16786351,1649.15669247,1,0,0.0,49.0,161.0
2514,150.87,10672.44275933,1646.55654999,1,0,0.0,49.0,161.0
2515,150.93,10648.60150031,1644.07883189,1,0,0.0,49.0,161.0
2516,150.99,10624.38402984,1641.76467296,1,0,0.0,49.0,161.0
2517,151.05,10600.48854361,1639.57947435,1,0,0.0,49.0,161.0
2518,151.11,10576.95683127,1637.48614703,1,0,0.0,49.0,161.0
2519,151.17,10555.30801165,1579.47919484,1,0,0.0,49.0,161.0
2520,151.23,10536.04404018,1577.43821751,1,0,0.0,49.0,161.0
2521,151.29,10517.59673485,1575.50803528,1,0,0.0,49.0,161.0
2522,151.35,10499.51919587,1573.61077616,1,0,0.0,49.0,161.0
2523,151.41,10481.5082948,1571.82903304,1,0,0.0,49.0,161.0
2524,151.47,10463.55721003,1570.0479357,1,0,0.0,49.0,161.0
2525,151.53,10445.66465911,1568.31897469,1,0,0.0,49.0,161.0
2526,151.59,10427.8253588,1566.62959223,1,0,0.0,49.0,161.0
2527,151.65,10410.02841995,1565.02490577,1,0,0.0,49.0,161.0
2528,151.71,10392.26696899,1563.42031704,1,0,0.0,49.0,161.0
2529,151.77,10374.53307741,1561.90279594,1,0,0.0,49.0,161.0
2530,151.83,10356.82142321,1560.36781864,1,0,0.0,49.0,161.0
2531,151.89,10339.13332947,1558.89643637,1,0,0.0,49.0,161.0
2532,151.95,10321.45887987,1557.43713932,1,0,0.0,49.0,161.0
2533,152.01,10303.79413655,1556.04476331,1,0,0.0,49.0,161.0
2534,152.07,10286.12448433,1554.70931473,1,0,0.0,49.0,161.0
2535,152.13,10268.44712073,1553.37389773,1,0,0.0,49.0,161.0
2536,152.19,10250.76209201,1552.0385394,1,0,0.0,49.0,161.0
2537,152.25,10233.06841768,1550.72719518,1,0,0.0,49.0,161.0
2538,152.31,10215.35155446,1549.48910766,1,0,0.0,49.0,161.0
2539,152.37,10197.60516123,1548.27423665,1,0,0.0,49.0,161.0
2540,152.43,10179.06413007,1547.10102642,1,0,0.0,49.0,161.0
2541,152.49,10157.88160034,1545.88789202,1,0,0.0,49.0,161.0
2542,152.55,10136.65527485,1544.76383041,1,0,0.0,49.0,161.0
2543,152.61,10115.37609065,1543.6399418,1,0,0.0,49.0,161.0
2544,152.67,10094.03716168,1542.56689815,1,0,0.0,49.0,161.0
2545,152.73,10072.62426575,1541.517022,1,0,0.0,49.0,161.0
2546,152.79,10051.13379431,1540.46247919,1,0,0.0,49.0,161.0
2547,152.85,10029.56458129,1539.42300668,1,0,0.0,49.0,161.0
2548,152.91,10007.90496439,1538.45107814,1,0,0.0,49.0,161.0
2549,152.97,9986.13927033,1537.48688422,1,0,0.0,49.0,161.0
2550,153.03,9964.25848988,1536.57181799,1,0,0.0,49.0,161.0
2551,153.09,9942.24569997,1535.67386761,1,0,0.0,49.0,161.0
2552,153.15,9920.09280068,1534.79047974,1,0,0.0,49.0,161.0
2553,153.21,9897.78366821,1533.9359108,1,0,0.0,49.0,161.0
2554,153.27,9875.29316227,1533.11943622,1,0,0.0,49.0,161.0
2555,153.33,9852.60710617,1532.34010811,1,0,0.0,49.0,161.0
2556,153.39,9829.69288854,1531.58805093,1,0,0.0,49.0,161.0
2557,153.45,9806.53437077,1530.86024744,1,0,0.0,49.0,161.0
2558,153.51,9783.09570558,1530.17189348,1,0,0.0,49.0,161.0
2559,153.57,9759.32705512,1529.5332261,1,0,0.0,49.0,161.0
2560,153.63,9735.15378245,1528.96153563,1,0,0.0,49.0,161.0
2561,153.69,9710.41380651,1528.45526075,1,0,0.0,49.0,161.0
2562,153.75,9685.05079702,1527.99121307,1,0,0.0,49.0,161.0
2563,153.81,9659.18974036,1527.57607841,1,0,0.0,49.0,161.0
2564,153.87,9634.52642157,1471.25292033,1,0,0.0,49.0,161.0
2565,153.93,9610.55634348,1470.97726229,1,0,0.0,49.0,161.0
2566,153.99,9586.6875066,1470.70321801,1,0,0.0,49.0,161.0
2567,154.05,9562.93333737,1470.40059224,1,0,0.0,49.0,161.0
2568,154.11,9539.2980729,1470.09796761,1,0,0.0,49.0,161.0
2569,154.17,9515.78171965,1469.79535454,1,0,0.0,49.0,161.0
2570,154.23,9492.38390922,1469.51064926,1,0,0.0,49.0,161.0
2571,154.29,9469.10787925,1469.20084711,1,0,0.0,49.0,161.0
2572,154.35,9445.96900898,1468.87291474,1,0,0.0,49.0,161.0
2573,154.41,9422.96926907,1468.54542588,1,0,0.0,49.0,161.0
2574,154.47,9400.108861,1468.21801126,1,0,0.0,49.0,161.0
2575,154.53,9377.38785656,1467.88885151,1,0,0.0,49.0,161.0
2576,154.59,9354.81811527,1467.53229784,1,0,0.0,49.0,161.0
2577,154.65,9332.4096523,1467.17956779,1,0,0.0,49.0,161.0
2578,154.71,9310.16253691,1466.826997,1,0,0.0,49.0,161.0
2579,154.77,9288.0769014,1466.47513729,1,0,0.0,49.0,161.0
2580,154.83,9266.15907595,1466.10539167,1,0,0.0,49.0,161.0
2581,154.89,9244.42618454,1465.7278885,1,0,0.0,49.0,161.0
2582,154.95,9222.87913537,1465.35057656,1,0,0.0,49.0,161.0
2583,155.01,9201.51788392,1464.97332606,1,0,0.0,49.0,161.0
2584,155.07,9180.34853184,1464.57034261,1,0,0.0,49.0,161.0
2585,155.13,9157.90923354,1464.15278215,1,0,0.0,49.0,161.0
2586,155.19,9133.80726584,1463.74302681,1,0,0.0,49.0,161.0
2587,155.25,9109.9193325,1463.34230729,1,0,0.0,49.0,161.0
2588,155.31,9086.25736121,1462.90748566,1,0,0.0,49.0,161.0
2589,155.37,9062.84233433,1462.46666967,1,0,0.0,49.0,161.0
2590,155.43,9039.67459794,1462.0292953,1,0,0.0,49.0,161.0
2591,155.49,9016.75598288,1461.59045261,1,0,0.0,49.0,161.0
2592,155.55,8994.11523041,1461.12646915,1,0,0.0,49.0,161.0
2593,155.61,8971.76088499,1460.66251391,1,0,0.0,49.0,161.0
2594,155.67,8949.69358627,1460.19319211,1,0,0.0,49.0,161.0
2595,155.73,8928.13681366,1453.12374351,1,0,0.0,49.0,161.0
2596,155.79,8907.16879828,1449.34595119,1,0,0.0,49.0,161.0
2597,155.85,8886.67779492,1446.73689302,1,0,0.0,49.0,161.0
2598,155.91,8866.67629128,1444.17994722,1,0,0.0,49.0,161.0
2599,155.97,8847.16609704,1442.0828662,1,0,0.0,49.0,161.0
2600,156.03,8828.15441854,1440.06958421,1,0,0.0,49.0,161.0
2601,156.09,8809.69496715,1438.05725891,1,0,0.0,49.0,161.0
2602,156.15,8791.80750769,1436.25456525,1,0,0.0,49.0,161.0
2603,156.21,8774.56611647,1434.54186586,1,0,0.0,49.0,161.0
2604,156.27,8758.04431431,1432.79746608,1,0,0.0,49.0,161.0
2605,156.33,8742.38940577,1431.03373236,1,0,0.0,49.0,161.0
2606,156.39,8727.92456599,1429.35768702,1,0,0.0,49.0,161.0
2607,156.45,8715.39664082,1427.70041898,1,0,0.0,49.0,161.0
2608,156.51,8703.1793758,1426.04229155,1,0,0.0,49.0,161.0
2609,156.57,8693.93923462,1368.3887005,1,0,0.0,49.0,161.0
2610,156.63,8685.18248123,1366.74614477,1,0,0.0,49.0,161.0
2611,156.69,8676.47311358,1365.17588744,1,0,0.0,49.0,161.0
2612,156.75,8667.80460073,1363.66605131,1,0,0.0,49.0,161.0
2613,156.81,8659.1740731,1362.16616502,1,0,0.0,49.0,161.0
2614,156.87,8650.58139243,1360.66655777,1,0,0.0,49.0,161.0
2615,156.93,8642.02648923,1359.16713639,1,0,0.0,49.0,161.0
2616,156.99,8633.50883266,1357.689256,1,0,0.0,49.0,161.0
2617,157.05,8625.02574874,1356.25659749,1,0,0.0,49.0,161.0
2618,157.11,8616.57428529,1354.86285517,1,0,0.0,49.0,161.0
2619,157.17,8608.15351785,1353.47523317,1,0,0.0,49.0,161.0
2620,157.23,8599.76278316,1352.09502327,1,0,0.0,49.0,161.0
2621,157.29,8591.40165525,1350.71564515,1,0,0.0,49.0,161.0
2622,157.35,8583.06963564,1349.33743237,1,0,0.0,49.0,161.0
2623,157.41,8574.76579097,1347.99268523,1,0,0.0,49.0,161.0
2624,157.47,8566.48767033,1346.68667305,1,0,0.0,49.0,161.0
2625,157.53,8558.22848091,1345.42033684,1,0,0.0,49.0,161.0
2626,157.59,8549.98389505,1344.1544653,1,0,0.0,49.0,161.0
2627,157.65,8541.75967169,1343.28528621,2,1,0.0,49.0,161.0
2628,157.71,8533.58894164,1342.38672465,1,0,0.0,49.0,161.0
2629,157.77,8525.43604961,1341.12867023,1,0,0.0,49.0,161.0
2630,157.83,8515.08074523,1339.88554981,1,0,0.0,49.0,161.0
2631,157.89,8503.56679378,1338.67381966,1,0,0.0,49.0,161.0
2632,157.95,8492.06671586,1337.5015557,1,0,0.0,49.0,161.0
2633,158.01,8480.58788758,1336.38401965,1,0,0.01013747,49.0,161.0
2634,158.07,8469.13500075,1335.23724064,1,0,0.02110236,49.0,161.0
2635,158.13,8457.70615645,1334.07569379,1,0,0.02112022,49.0,161.0
2636,158.19,8446.30194636,1332.94443155,1,0,0.02113794,49.0,161.0
2637,158.25,8434.92406521,1331.84879794,1,0,0.02124799,49.0,161.0
2638,158.31,8423.57736273,1330.83332375,1,0,0.02354356,49.0,161.0
2639,158.37,8412.26290259,1329.8213742,1,0,0.02509808,48.5,159.0
2640,158.43,8400.96639801,1328.71386172,1,0,0.02589268,48.0,157.0
2641,158.49,8389.68431157,1327.64389815,1,0,0.02587203,47.5,155.0
2642,158.55,8378.42252402,1326.62588045,1,0,0.02587795,47.5,155.0
2643,158.61,8367.19049452,1325.73745674,1,0,0.02952684,47.0,151.0
2644,158.67,8355.98861852,1324.69871072,1,0,0.03228069,47.5,155.0
2645,158.73,8344.80538913,1323.63060953,1,0,0.03218417,47.0,151.0
2646,158.79,8333.63721761,1322.61771044,1,0,0.03208748,47.0,151.0
2647,158.85,8322.4261397,1320.9380227,1,0,0.02189643,47.0,151.0
2648,158.91,8310.97223806,1319.13317035,1,0,0.0,47.0,151.0
2649,158.97,8299.3827292,1319.40727635,1,0,0.03127103,47.0,151.0
2650,159.03,8287.43533966,1318.2904759,1,0,0.0458018,46.5,149.0
2651,159.09,8275.3247538,1317.39743073,1,0,0.04797319,46.0,147.0
2652,159.15,8263.26713967,1316.56824656,1,0,0.05350752,45.5,143.0
2653,159.21,8251.55757087,1259.75132332,1,0,0.06144463,45.5,143.0
2654,159.27,8242.98203287,1259.06589549,1,0,0.07251456,45.0,139.0
2655,159.33,8234.46520582,1258.40703035,1,0,0.08271805,45.0,139.0
2656,159.39,8226.03236522,1258.39476801,1,0,0.11600171,44.5,135.0
2657,159.45,8217.50649604,1254.30269804,1,0,0.0,44.5,135.0
2658,159.51,8208.73423001,1252.60339956,1,0,0.0,44.5,135.0
2659,159.57,8199.89215079,1251.63984498,1,0,0.0,44.5,135.0
2660,159.63,8190.76791326,1250.66815377,1,0,0.0,44.5,135.0
2661,159.69,8181.55569611,1249.6775661,1,0,0.0,44.5,135.0
2662,159.75,8172.39902152,1248.67996695,1,0,0.0,44.5,135.0
2663,159.81,8163.30317481,1247.67897615,1,0,0.0,44.5,135.0
2664,159.87,8154.25724808,1246.68340132,1,0,0.0,44.5,135.0
2665,159.93,8145.25379631,1245.68958196,1,0,0.0,44.5,135.0
2666,159.99,8136.28613836,1244.6903814,1,0,0.0,44.5,135.0
2667,160.05,8127.35583778,1243.70165236,1,0,0.0,44.5,135.0
2668,160.11,8118.42717173,1242.72693873,1,0,0.0,44.5,135.0
2669,160.17,8109.37751971,1241.77677484,1,0,0.0,44.5,135.0
2670,160.23,8100.38243425,1240.85051716,1,0,0.0,44.5,135.0
2671,160.29,8091.60629574,1239.92990563,1,0,0.0,44.5,135.0
2672,160.35,8083.05207232,1239.00717527,1,0,0.0,44.5,135.0
2673,160.41,8074.79251879,1238.06696934,1,0,0.0,44.5,135.0
2674,160.47,8066.87327236,1237.11996902,1,0,0.0,44.5,135.0
2675,160.53,8056.64779701,1236.14947268,1,0,0.0,44.5,135.0
2676,160.59,8046.36447337,1235.1632979,1,0,0.0,44.5,135.0
2677,160.65,8036.09227929,1234.17717068,1,0,0.0,44.5,135.0
2678,160.71,8025.83100224,1233.20334625,1,0,0.0,44.5,135.0
2679,160.77,8015.57935862,1232.24760387,1,0,0.0,44.5,135.0
2680,160.83,8005.33650456,1231.29656596,1,0,0.0,44.5,135.0
2681,160.89,7995.1023731,1230.34553274,1,0,0.0,44.5,135.0
2682,160.95,7984.87696708,1229.39456333,1,0,0.0,44.5,135.0
2683,161.01,7974.66021334,1228.44840269,1,0,0.0,44.5,135.0
2684,161.07,7964.4516399,1227.50608702,1,0,0.0,44.5,135.0
2685,161.13,7954.25118303,1226.56377135,1,0,0.0,44.5,135.0
2686,161.19,7944.05886053,1225.62169342,1,0,0.0,44.5,135.0
2687,161.25,7933.87471278,1224.68004446,1,0,0.0,44.5,135.0
2688,161.31,7923.69875002,1223.7383955,1,0,0.0,44.5,135.0
2689,161.37,7913.53043938,1222.79229437,1,0,0.0,44.5,135.0
2690,161.43,7903.35812382,1221.83524691,1,0,0.0,44.5,135.0
2691,161.49,7893.18060128,1220.88571974,1,0,0.0,44.5,135.0
2692,161.55,7883.00113493,1219.93651753,1,0,0.0,44.5,135.0
2693,161.61,7872.82035791,1218.98789669,1,0,0.0,44.5,135.0
2694,161.67,7862.64014778,1218.04019526,1,0,0.0,44.5,135.0
2695,161.73,7852.46115529,1217.09665455,1,0,0.0,44.5,135.0
2696,161.79,7842.28357197,1216.15779106,1,0,0.0,44.5,135.0
2697,161.85,7832.10739578,1215.21914583,1,0,0.0,44.5,135.0
2698,161.91,7822.95514846,1158.28174514,1,0,0.0,44.5,135.0
2699,161.97,7816.14306734,1157.34491723,1,0,0.0,44.5,135.0
2700,162.03,7809.33360207,1156.40812721,1,0,0.0,44.5,135.0
2701,162.09,7802.52678359,1155.47173002,1,0,0.0,44.5,135.0
2702,162.15,7795.72314758,1154.55224533,1,0,0.0,44.5,135.0
2703,162.21,7788.92184427,1153.65011541,1,0,0.0,44.5,135.0
2704,162.27,7782.12115944,1152.74805111,1,0,0.0,44.5,135.0
2705,162.33,7775.32112196,1151.84659247,1,0,0.0,44.5,135.0
2706,162.39,7768.52176725,1150.94527624,1,0,0.0,44.5,135.0
2707,162.45,7761.72312099,1150.04719294,1,0,0.0,44.5,135.0
2708,162.51,7754.92487991,1149.15455187,1,0,0.0,44.5,135.0
2709,162.57,7748.12745404,1148.26291427,1,0,0.0,44.5,135.0
2710,162.63,7741.33093012,1147.37142363,1,0,0.0,44.5,135.0
2711,162.69,7734.53530837,1146.47994121,1,0,0.0,44.5,135.0
2712,162.75,7727.74081191,1145.5889531,1,0,0.0,44.5,135.0
2713,162.81,7720.94767047,1144.69798232,1,0,0.0,44.5,135.0
2714,162.87,7714.15588056,1143.80793467,1,0,0.0,44.5,135.0
2715,162.93,7707.36513971,1142.93409273,1,0,0.0,44.5,135.0
2716,162.99,7700.5742236,1142.07402777,1,0,0.0,44.5,135.0
2717,163.05,7693.78288562,1141.21399075,1,0,0.0,44.5,135.0
2718,163.11,7686.99120937,1140.35398717,1,0,0.0,44.5,135.0
2719,163.17,7679.89333418,1139.49653428,1,0,0.0,44.5,135.0
2720,163.23,7669.74035815,1138.6448988,1,0,0.0,44.5,135.0
2721,163.29,7659.58631873,1137.79332084,1,0,0.0,44.5,135.0
2722,163.35,7649.4312159,1136.94174289,1,0,0.0,44.5,135.0
2723,163.41,7639.27505175,1136.09127298,1,0,0.0,44.5,135.0
2724,163.47,7629.11782168,1135.24140132,1,0,0.0,44.75,137.0
2725,163.53,7618.95943696,1134.39253683,1,0,0.0,45.0,139.0
2726,163.59,7608.79984147,1133.54489134,1,0,0.0,45.0,139.0
2727,163.65,7598.63863966,1132.70351595,1,0,0.0,45.0,139.0
2728,163.71,7588.47552269,1131.86216066,1,0,0.0,45.25,140.0
2729,163.77,7578.31336007,1131.29847036,1,0,0.0,45.25,140.0
2730,163.83,7568.16504409,1130.93708493,1,0,0.0,45.5,141.0
2731,163.89,7558.03137453,1130.45310615,1,0,0.0,45.5,141.0
2732,163.95,7547.90002855,1129.6633692,1,0,0.02025601,45.5,141.0
2733,164.01,7537.7665619,1128.87497289,1,0,0.02105798,45.75,143.0
2734,164.07,7527.63099172,1128.08682724,1,0,0.02185993,46.5,147.0
2735,164.13,7517.49331694,1127.29870581,1,0,0.02266187,47.25,150.0
2736,164.19,7507.35353353,1126.51059397,1,0,0.02346386,47.25,150.0
2737,164.25,7497.21142682,1125.71850953,1,0,0.02426592,47.75,152.0
2738,164.31,7487.06418374,1124.92017132,1,0,0.02440967,47.5,151.0
2739,164.37,7476.91093545,1124.13241796,1,0,0.02451007,47.75,152.0
2740,164.43,7466.75399858,1123.3503019,1,0,0.02512792,47.75,152.0
2741,164.49,7456.59374851,1122.57073624,1,0,0.02574577,47.75,152.0
2742,164.55,7446.43003819,1121.79508217,1,0,0.02636362,47.5,149.0
2743,164.61,7438.01100567,1065.03936254,1,0,0.02698146,47.5,149.0
2744,164.67,7431.1932852,1064.29145785,1,0,0.02759931,47.5,149.0
2745,164.73,7424.3664404,1063.54355715,1,0,0.02821716,48.0,151.0
2746,164.79,7417.53002963,1062.79439204,1,0,0.02883246,47.5,149.0
2747,164.85,7410.68209694,1062.04587978,1,0,0.02881018,47.5,149.0
2748,164.91,7403.82366428,1061.30451268,1,0,0.0292814,47.5,149.0
2749,164.97,7396.95508686,1060.5650419,1,0,0.02975286,47.0,147.0
2750,165.03,7390.07623504,1059.83045721,1,0,0.03022433,47.0,147.0
2751,165.09,7383.18658522,1059.09904668,1,0,0.0306958,47.0,147.0
2752,165.15,7376.2860346,1058.36784613,1,0,0.03116726,47.0,147.0
2753,165.21,7369.37274461,1057.65091413,1,0,0.03163873,47.0,147.0
2754,165.27,7362.44512037,1056.92951116,1,0,0.0321102,46.5,145.0
2755,165.33,7355.50470203,1056.20659901,1,0,0.03258172,46.5,145.0
2756,165.39,7348.55012401,1055.48367059,1,0,0.03299519,46.5,145.0
2757,165.45,7341.58262591,1054.7640575,1,0,0.03334767,46.5,145.0
2758,165.51,7334.60223116,1054.04610674,1,0,0.0337001,46.5,145.0
2759,165.57,7327.60891899,1053.32894352,1,0,0.03405254,46.0,143.0
2760,165.63,7320.60266504,1052.61179718,1,0,0.03440497,46.0,143.0
2761,165.69,7313.58317953,1051.90065205,1,0,0.0347574,46.5,143.0
2762,165.75,7306.54751468,1051.2066026,1,0,0.03510984,46.5,143.0
2763,165.81,7299.49387737,1050.51272711,1,0,0.03546227,46.0,141.0
2764,165.87,7291.38878839,1049.81720177,1,0,0.0358147,46.0,141.0
2765,165.93,7280.94193294,1049.11694866,1,0,0.03665807,47.0,145.0
2766,165.99,7270.48026197,1048.41664881,1,0,0.03696865,46.5,145.0
2767,166.05,7260.00249474,1047.72622342,1,0,0.03722154,46.5,145.0
2768,166.11,7249.50830122,1047.03636839,1,0,0.03747442,46.0,141.0
2769,166.17,7238.99767903,1046.34651903,1,0,0.0377273,46.0,141.0
2770,166.23,7228.46857817,1045.66618519,1,0,0.03798019,47.0,141.0
2771,166.29,7217.91853466,1044.98632594,1,0,0.03823307,47.0,141.0
2772,166.35,7207.34754341,1044.30646669,1,0,0.03848596,46.5,139.0
2773,166.41,7196.75545069,1043.63132371,1,0,0.03873884,46.5,139.0
2774,166.47,7186.14278857,1042.96227323,1,0,0.03935457,46.5,139.0
2775,166.53,7175.51374838,1042.28557268,1,0,0.04021625,46.5,139.0
2776,166.59,7164.86677842,1041.6065888,1,0,0.04049768,46.0,139.0
2777,166.65,7154.19947108,1040.93878765,1,0,0.04066532,46.25,139.0
2778,166.71,7143.50710029,1040.27889795,1,0,0.04083295,45.75,137.0
2779,166.77,7132.78914483,1039.61900826,1,0,0.04100059,45.75,137.0
2780,166.83,7122.04553932,1038.96177948,1,0,0.04116822,46.0,137.0
2781,166.89,7111.27581751,1038.30864613,1,0,0.04133586,47.0,137.0
2782,166.95,7100.47985268,1037.65619073,1,0,0.04150349,46.0,135.0
2783,167.01,7089.65823906,1037.00347903,1,0,0.0417678,46.0,135.0
2784,167.07,7078.81023597,1036.36614353,1,0,0.04251337,46.0,135.0
2785,167.13,7067.9342971,1035.73231699,1,0,0.04325877,46.0,135.0
2786,167.19,7057.02916569,1035.08561193,1,0,0.04373526,46.0,135.0
2787,167.25,7046.0934766,1034.43839944,1,0,0.04382795,45.0,133.0
2788,167.31,7037.6047617,977.79264622,1,0,0.04392064,45.0,133.0
2789,167.37,7029.96321544,977.16146736,1,0,0.04401333,45.0,133.0
2790,167.43,7022.27945269,976.53175673,1,0,0.04410603,45.0,133.0
2791,167.49,7014.5545003,975.89616137,1,0,0.04419872,45.0,133.0
2792,167.55,7006.79194451,975.2617443,1,0,0.04429141,44.0,129.0
2793,167.61,6998.99112479,974.64057701,1,0,0.04467644,44.0,129.0
2794,167.67,6991.14105659,974.03321473,1,0,0.04532618,44.0,129.0
2795,167.73,6983.23793822,973.43233605,1,0,0.04597598,44.0,129.0
2796,167.79,6975.28110105,972.83017368,1,0,0.04662568,44.0,129.0
2797,167.85,6967.25744399,972.2269513,1,0,0.04682969,43.5,127.0
2798,167.91,6959.14880879,971.61881551,1,0,0.04685446,43.5,127.0
2799,167.97,6950.95584361,971.01245555,1,0,0.04687922,43.5,127.0
2800,168.03,6942.62748095,970.4148659,1,0,0.04690399,43.5,127.0
2801,168.09,6933.87829033,969.8258866,1,0,0.04692876,43.5,127.0
2802,168.15,6924.94226283,969.24471557,1,0,0.04695353,43.5,127.0
2803,168.21,6916.03125733,968.67457218,1,0,0.04736415,43.0,125.0
2804,168.27,6907.14735267,968.10299471,1,0,0.04792849,43.0,125.0
2805,168.33,6898.29779715,967.52637866,1,0,0.04849282,43.0,125.0
2806,168.39,6889.48369561,966.95355992,1,0,0.04905716,43.0,125.0
2807,168.45,6880.70455211,966.38100113,1,0,0.04962151,43.0,125.0
2808,168.51,6871.95811263,965.80401126,1,0,0.0497059,42.5,125.0
2809,168.57,6861.48242175,965.22782699,1,0,0.04966752,42.5,125.0
2810,168.63,6849.44909652,964.64680533,1,0,0.04962915,42.5,125.0
2811,168.69,6837.46132606,964.09326549,1,0,0.04959077,42.75,125.0
2812,168.75,6825.5226223,963.5785019,1,0,0.0495524,42.75,125.0
2813,168.81,6813.63475643,963.0737647,1,0,0.04992624,41.25,120.0
2814,168.87,6801.81364792,962.57958965,1,0,0.05041675,41.75,121.0
2815,168.93,6790.07296369,962.12335632,1,0,0.05090727,42.0,121.0
2816,168.99,6778.40947521,961.60203761,1,0,0.05139779,41.5,121.0
2817,169.05,6766.83960239,961.09574834,1,0,0.05188831,42.0,121.0
2818,169.11,6755.38817332,960.51840853,1,0,0.05237877,42.0,121.0
2819,169.17,6744.09494244,959.87267052,1,0,0.05244298,41.25,119.0
2820,169.23,6733.07895188,959.092152,1,0,0.05234329,41.25,119.0
2821,169.29,6722.07208367,958.34023575,1,0,0.05224361,40.75,117.0
2822,169.35,6711.03060602,957.6255175,1,0,0.05214393,41.0,117.0
2823,169.41,6699.95765572,956.98434238,1,0,0.05244263,41.0,117.0
2824,169.47,6688.85935032,956.39339394,1,0,0.05286559,40.5,117.0
2825,169.53,6677.73773237,955.8057954,1,0,0.05328855,40.5,117.0
2826,169.59,6666.59229905,955.22088938,1,0,0.0537115,40.5,117.0
2827,169.65,6655.42309859,954.63699889,1,0,0.05413446,40.75,117.0
2828,169.71,6644.23034622,954.05315557,1,0,0.05455742,40.25,115.0
2829,169.77,6633.01368816,953.47380743,1,0,0.05498039,40.25,115.0
2830,169.83,6621.7709824,952.88054932,1,0,0.05508395,39.25,113.0
2831,169.89,6610.50097895,952.28708835,1,0,0.0549243,39.5,113.0
2832,169.95,6599.20372823,951.6945985,1,0,0.05476463,39.5,113.0
2833,170.01,6591.08524287,895.1143313,1,0,0.05497401,39.5,113.0
2834,170.07,6583.09688862,894.5376814,1,0,0.05533606,39.5,113.0
2835,170.13,6575.08468592,893.9658592,1,0,0.05569765,38.5,111.0
2836,170.19,6567.04786704,893.40062217,1,0,0.05605924,38.5,111.0
2837,170.25,6558.98579744,892.83707059,1,0,0.05642083,38.5,111.0
2838,170.31,6550.89815956,892.27731839,1,0,0.05678242,38.5,111.0
2839,170.37,6542.78404505,891.71953202,1,0,0.05714401,38.75,111.0
2840,170.43,6534.64336804,891.16174565,1,0,0.05750559,38.25,109.0
2841,170.49,6526.47549594,890.5916071,1,0,0.05767088,37.75,109.0
2842,170.55,6518.27878411,890.01767156,1,0,0.05744987,37.5,107.0
2843,170.61,6510.05370446,889.4576553,1,0,0.05757711,37.5,107.0
2844,170.67,6501.80072339,888.90513898,1,0,0.05788222,37.5,107.0
2845,170.73,6493.5195984,888.35336492,1,0,0.05818493,37.5,107.0
2846,170.79,6485.21032789,887.80159085,1,0,0.05848763,37.0,105.0
2847,170.85,6476.87232509,887.25458467,1,0,0.05879034,37.0,105.0
2848,170.91,6468.50482347,886.70968946,1,0,0.05909304,36.5,105.0
2849,170.97,6460.10722627,886.17031877,1,0,0.05939575,36.5,105.0
2850,171.03,6451.67892737,885.63341347,1,0,0.05969845,36.5,105.0
2851,171.09,6443.21971624,885.09749973,1,0,0.06000116,36.0,103.0
2852,171.15,6434.72857832,884.55648163,1,0,0.06021029,36.0,103.0
2853,171.21,6426.20370602,884.02028652,1,0,0.06028722,36.0,103.0
2854,171.27,6415.15745789,883.4875811,1,0,0.06053934,35.25,103.0
2855,171.33,6403.20697373,882.95951103,1,0,0.06078535,35.25,103.0
2856,171.39,6391.22229504,882.43339516,1,0,0.06103136,35.5,103.0
2857,171.45,6379.20321146,881.90847913,1,0,0.06127736,35.0,101.0
2858,171.51,6367.14963703,881.3835631,1,0,0.06152337,35.0,101.0
2859,171.57,6355.06156812,880.85897665,1,0,0.06176938,35.0,101.0
2860,171.63,6342.93808454,880.33984597,1,0,0.06201539,34.5,99.0
2861,171.69,6330.77810218,879.82381765,1,0,0.0622614,33.5,97.0
2862,171.75,6318.58131716,879.30968106,1,0,0.0625074,33.5,97.0
2863,171.81,6306.34695648,878.81216797,1,0,0.06314368,33.5,97.0
2864,171.87,6294.07340459,878.30603844,1,0,0.06334606,33.5,97.0
2865,171.93,6281.7602347,877.79990891,1,0,0.06353542,33.5,97.0
2866,171.99,6269.4074468,877.29377937,1,0,0.06372478,32.5,94.0
2867,172.05,6257.01457341,876.79115076,1,0,0.06391414,32.5,94.0
2868,172.11,6244.58017783,876.29137105,1,0,0.0641035,32.0,92.0
2869,172.17,6232.10407832,875.79159133,1,0,0.06429286,32.0,92.0
2870,172.23,6219.58539146,875.29682258,1,0,0.06448222,31.75,91.0
2871,172.29,6207.0228007,874.80368295,1,0,0.06467157,31.75,91.0
2872,172.35,6194.41620462,874.31415888,1,0,0.0648776,31.75,91.0
2873,172.41,6181.76650679,873.84442184,1,0,0.065666,31.25,91.0
2874,172.47,6169.07308966,873.37047275,1,0,0.06633965,31.25,91.0
2875,172.53,6156.33280125,872.88499282,1,0,0.06647083,30.75,89.0
2876,172.59,6143.54484924,872.40480346,1,0,0.06660099,30.75,89.0
2877,172.65,6131.2799002,815.92923429,1,0,0.06673116,30.75,89.0
2878,172.71,6121.75156399,815.45436999,1,0,0.06686132,30.25,87.0
2879,172.77,6112.17252483,814.98087615,1,0,0.06699149,30.25,87.0
2880,172.83,6102.54201507,814.51072104,1,0,0.06712165,30.25,87.0
2881,172.89,6092.85813129,814.04216738,1,0,0.06725182,29.75,87.0
2882,172.95,6083.12088789,813.58665334,1,0,0.06765214,29.25,85.0
2883,173.01,6073.32987538,813.14492508,1,0,0.06842941,29.25,85.0
2884,173.07,6063.48413595,812.70793667,1,0,0.06914683,29.25,85.0
2885,173.13,6053.58237231,812.25605985,1,0,0.06960874,29.25,85.0
2886,173.19,6043.62111843,811.80132088,1,0,0.06967601,28.75,83.0
2887,173.25,6033.59864215,811.3465819,1,0,0.06974322,28.75,83.0
2888,173.31,6023.5133967,810.89670368,1,0,0.06981043,27.75,81.0
2889,173.37,6013.36244632,810.45406423,1,0,0.06987763,27.75,81.0
2890,173.43,6003.1450097,810.01157078,1,0,0.06994484,27.75,81.0
2891,173.49,5992.85920314,809.57773327,1,0,0.07005184,27.75,81.0
2892,173.55,5982.50431061,809.16371597,1,0,0.07085978,27.75,81.0
2893,173.61,5972.07817493,808.75488114,1,0,0.0715462,27.75,81.0
2894,173.67,5961.57823067,808.34879292,1,0,0.07223263,27.25,79.0
2895,173.73,5951.00312725,807.94136684,1,0,0.07291026,27.25,79.0
2896,173.79,5940.34652409,807.51701889,1,0,0.07296298,26.25,77.0
2897,173.85,5929.60396136,807.09702018,1,0,0.0729605,26.75,79.0
2898,173.91,5918.77177394,806.67950338,1,0,0.07295803,26.75,79.0
2899,173.97,5904.62990683,806.2674864,1,0,0.07295555,26.75,79.0
2900,174.03,5890.24495616,805.86080747,1,0,0.07296305,25.75,75.0
2901,174.09,5875.75473335,805.48271188,1,0,0.07376281,25.75,75.0
2902,174.15,5861.15577307,805.11062303,1,0,0.07441887,25.25,73.0
2903,174.21,5846.4353107,804.74513242,1,0,0.07507493,25.25,73.0
2904,174.27,5831.5809979,804.38225715,1,0,0.07573098,24.75,73.0
2905,174.33,5816.57701816,804.02499063,1,0,0.07638699,24.25,73.0
2906,174.39,5801.39092927,803.6468317,1,0,0.0764547,24.25,73.0
2907,174.45,5785.95854334,803.27963742,1,0,0.07637375,24.25,73.0
2908,174.51,5770.13514547,802.92513162,1,0,0.07629282,24.25,73.0
2909,174.57,5754.23728593,802.58407676,1,0,0.0763358,24.25,73.0
2910,174.63,5738.3062405,802.2648349,1,0,0.07720621,23.75,71.0
2911,174.69,5722.35225026,801.94668006,1,0,0.0778341,22.75,67.0
2912,174.75,5706.3948909,801.62863159,1,0,0.078462,22.25,67.0
2913,174.81,5690.43424427,801.31297245,1,0,0.07908989,22.5,68.0
2914,174.87,5674.46973829,800.99859242,1,0,0.07971779,22.5,68.0
2915,174.93,5658.50122548,800.67565481,1,0,0.08029716,21.75,67.0
2916,174.99,5642.52658211,800.3276383,1,0,0.08013524,21.75,67.0
2917,175.05,5626.54476387,799.98197863,1,0,0.0799588,21.75,67.0
2918,175.11,5610.55635785,799.66529985,1,0,0.08059328,21.75,67.0
2919,175.17,5594.56320851,799.35335754,1,0,0.08126796,20.75,63.0
2920,175.23,5578.56534716,799.04141522,1,0,0.08186533,20.25,61.0
2921,175.29,5562.56277381,798.72947291,1,0,0.08246269,20.25,61.0
2922,175.35,5547.85601718,742.41753059,1,0,0.08306006,19.75,61.0
2923,175.41,5535.20401983,742.10558828,1,0,0.08365742,19.75,61.0
2924,175.47,5522.54729995,741.79420935,1,0,0.0842548,19.25,61.0
2925,175.53,5509.88390466,741.4505683,1,0,0.08420562,19.25,61.0
2926,175.59,5497.21260354,741.13330833,1,0,0.08476624,19.25,61.0
2927,175.65,5484.53547769,740.82550766,1,0,0.08547721,19.25,61.0
2928,175.71,5471.85200518,740.51929533,1,0,0.08604168,17.75,55.0
2929,175.77,5459.1621248,740.21316546,1,0,0.08660615,17.75,55.0
2930,175.83,5446.46586165,739.90703559,1,0,0.08717062,17.75,55.0
2931,175.89,5433.76321575,739.60090572,1,0,0.08773509,17.75,55.0
2932,175.95,5421.05418708,739.29477585,1,0,0.08829956,16.75,55.0
2933,176.01,5408.33880815,738.99229856,1,0,0.08889733,16.75,55.0
2934,176.07,5395.61728883,738.68461106,1,0,0.0900518,16.75,55.0
2935,176.13,5382.88928705,738.37768231,1,0,0.09057655,16.75,55.0
2936,176.19,5370.15416381,738.07355074,1,0,0.09110129,16.25,55.0
2937,176.25,5357.41137258,737.77184628,1,0,0.09162604,15.25,51.0
2938,176.31,5344.66032062,737.47090992,1,0,0.09215079,15.25,51.0
2939,176.37,5331.90098282,737.16997356,1,0,0.09267554,14.75,51.0
2940,176.43,5319.13335919,736.8690372,1,0,0.09320029,14.75,51.0
2941,176.49,5306.35935706,736.61676497,1,0,0.09527108,14.75,51.0
2942,176.55,5293.58009265,736.32727257,1,0,0.09624993,13.75,47.0
2943,176.61,5280.20836764,736.02406213,1,0,0.09672345,13.25,45.0
2944,176.67,5264.05242982,735.72085169,1,0,0.09719697,13.25,45.0
2945,176.73,5247.88808381,735.41764125,1,0,0.09767049,13.0,45.0
2946,176.79,5231.71479673,735.1191051,1,0,0.09814401,12.5,45.0
2947,176.85,5215.531208,734.81953781,1,0,0.09863408,12.5,45.0
2948,176.91,5199.33759986,734.50994046,1,0,0.09901101,12.5,45.0
2949,176.97,5183.13414731,734.19961133,1,0,0.0991905,12.0,44.0
2950,177.03,5166.91823626,733.82526346,1,0,0.09817986,12.0,44.0
2951,177.09,5150.68736721,733.4509156,1,0,0.09703371,11.5,42.0
2952,177.15,5134.44165478,733.07668288,1,0,0.09588756,11.0,39.0
2953,177.21,5118.18124615,732.70249072,1,0,0.09474141,10.5,39.0
2954,177.27,5101.9065521,732.33553772,1,0,0.09371696,10.5,39.0
2955,177.33,5085.61887842,731.988399,1,0,0.09348408,10.25,38.0
2956,177.39,5069.31746972,731.66020558,1,0,0.09322072,9.5,37.0
2957,177.45,5053.00129131,731.2759743,1,0,0.09241913,9.0,35.0
2958,177.51,5036.66711066,730.88408487,1,0,0.09085022,9.0,35.0
2959,177.57,5020.31489759,730.49222831,1,0,0.08928131,8.5,33.0
2960,177.63,5003.94459907,730.10047522,1,0,0.08771241,8.0,32.0
2961,177.69,4987.55678144,729.7334798,1,0,0.08676696,7.75,30.0
2962,177.75,4971.15279967,729.37398633,1,0,0.08609502,7.25,28.0
2963,177.81,4954.73170806,728.96932978,1,0,0.08438447,7.25,28.0
2964,177.87,4938.28705535,728.52730345,1,0,0.08164321,7.25,28.0
2965,177.93,4921.81802909,728.11187809,1,0,0.08009039,6.75,26.0
2966,177.99,4905.32445649,727.69655464,1,0,0.07799925,6.75,26.0
2967,178.05,4890.83456914,671.28123119,1,0,0.07590811,6.25,24.0
2968,178.11,4877.65190683,670.86977556,1,0,0.07382853,6.25,24.0
2969,178.17,4864.44396599,670.40216169,1,0,0.07150348,6.25,24.0
2970,178.23,4851.20528247,669.89721707,1,0,0.06775197,5.75,22.0
2971,178.29,4837.9348615,669.39659181,1,0,0.06400149,5.75,22.0
2972,178.35,4824.63410231,668.93869703,1,0,0.06168357,5.75,22.0
2973,178.41,4811.30395101,668.48402602,1,0,0.05878469,5.25,21.0
2974,178.47,4797.94019779,667.89739944,1,0,0.05340448,5.25,21.0
2975,178.53,4784.53491711,667.45597343,2,1,0.04711126,4.75,21.0
2976,178.59,4771.14428778,668.13731052,2,0,0.07946536,4.75,21.0
2977,178.65,4757.80193591,668.85555652,2,0,0.09836328,3.75,18.0
2978,178.71,4744.50701185,669.46261164,2,0,0.1154419,3.75,18.0
2979,178.77,4731.24666018,670.00609061,2,0,0.13195403,3.0,17.0
2980,178.83,4718.02196096,670.63558685,2,0,0.13485067,2.0,13.0
2981,178.89,4704.83821607,671.36425968,2,0,0.16327801,2.0,13.0
2982,178.95,4691.65502508,670.79246089,1,0,0.16060952,1.25,9.0
2983,179.01,4678.42691921,670.21294794,1,0,0.15556547,0.75,5.0
2984,179.07,4665.15350921,669.48290474,1,0,0.1492418,1.0,6.0
2985,179.13,4651.80642932,668.52901347,1,0,0.14050846,0.75,5.0
2986,179.19,4638.37202326,666.70757172,1,0,0.11671628,0.0,0.0
2987,179.25,4624.67169907,660.96381719,1,0,0.0,0.0,0.0
2988,179.31,4609.43340437,660.67443621,1,0,0.0,0.0,0.0
2989,179.37,4592.11592377,660.38534333,1,0,0.0,0.0,0.0
2990,179.43,4574.76570963,660.09915756,1,0,0.0,0.0,0.0
2991,179.49,4557.38159207,659.81297178,1,0,0.0,0.0,0.0
2992,179.55,4539.96364089,659.5268179,1,0,0.0,0.0,0.0
2993,179.61,4522.51057336,659.2439118,1,0,0.0,0.0,0.0
2994,179.67,4505.02019527,658.96176022,1,0,0.0,0.0,0.0
2995,179.73,4487.4902168,658.68242089,1,0,0.0,0.0,0.0
2996,179.79,4469.91922611,658.40308155,1,0,0.0,0.0,0.0
2997,179.85,4452.30722321,658.12374221,1,0,0.0,0.0,0.0
2998,179.91,4434.6519348,657.8477458,1,0,0.0,0.0,0.0
2999,179.97,4416.94833086,657.57487295,1,0,0.0,0.0,0.0
3000,180.03,4399.19319784,657.30241843,1,0,0.0,0.0,0.0
3001,180.09,4381.38651083,657.02997045,1,0,0.0,0.0,0.0
3002,180.15,4363.52489216,656.7616975,1,0,0.0,0.0,0.0
3003,180.21,4345.59706049,656.49621945,1,0,0.0,0.0,0.0
3004,180.27,4327.60112924,656.23074141,1,0,0.0,0.0,0.0
3005,180.33,4309.53202652,655.96947373,1,0,0.0,0.0,0.0
3006,180.39,4291.36879869,655.71104688,1,0,0.0,0.0,0.0
3007,180.45,4273.10288498,655.45572377,1,0,0.0,0.0,0.0
3008,180.51,4254.67656679,655.20431608,1,0,0.0,0.0,0.0
3009,180.57,4235.78706004,654.96127776,1,0,0.0,0.0,0.0
3010,180.63,4216.82706004,654.72127776,1,0,0.0,0.0,0.0
3011,180.69,4197.86706004,654.48127776,1,0,0.0,0.0,0.0
3012,180.75,4181.66285206,598.24127776,1,0,0.0,0.0,0.0
3013,180.81,4166.06285206,598.00127776,1,0,0.0,0.0,0.0
3014,180.87,4150.46285206,597.76127776,1,0,0.0,0.0,0.0
3015,180.93,4134.86285206,597.52127776,1,0,0.0,0.0,0.0
3016,180.99,4119.26285206,597.28127776,1,0,0.0,0.0,0.0
3017,181.05,4103.66285206,597.04127776,1,0,0.0,0.0,0.0
3018,181.11,4088.06285206,596.80127776,1,0,0.0,0.0,0.0
3019,181.17,4072.46285206,596.56127776,1,0,0.0,0.0,0.0
3020,181.23,4056.86285206,596.32127776,1,0,0.0,0.0,0.0
3021,181.29,4041.26285206,596.08127776,1,0,0.0,0.0,0.0
3022,181.35,4025.66285206,595.84127776,1,0,0.0,0.0,0.0
3023,181.41,4010.06285206,595.60127776,1,0,0.0,0.0,0.0
3024,181.47,3994.46285206,595.36127776,1,0,0.0,0.0,0.0
3025,181.53,3978.86285206,595.12127776,1,0,0.0,0.0,0.0
3026,181.59,3963.26285206,594.88127776,1,0,0.0,0.0,0.0
3027,181.65,3947.66285206,594.64127776,1,0,0.0,0.0,0.0
3028,181.71,3932.06285206,594.40127776,1,0,0.0,0.0,0.0
3029,181.77,3916.46285206,594.16127776,1,0,0.0,0.0,0.0
3030,181.83,3900.86285206,593.92127776,1,0,0.0,0.0,0.0
3031,181.89,3885.26285206,593.68127776,1,0,0.0,0.0,0.0
3032,181.95,3869.66285206,593.44127776,1,0,0.0,0.0,0.0
3033,182.01,3852.02324232,593.20127776,1,0,0.0,0.0,0.0
3034,182.07,3833.06324232,592.96127776,1,0,0.0,0.0,0.0
3035,182.13,3814.10324232,592.72127776,1,0,0.0,0.0,0.0
3036,182.19,3795.14324232,592.48127776,1,0,0.0,0.0,0.0
3037,182.25,3776.18324232,592.24127776,1,0,0.0,0.0,0.0
3038,182.31,3757.22324232,592.00127776,1,0,0.0,0.0,0.0
3039,182.37,3738.26324232,591.76127776,1,0,0.0,0.0,0.0
3040,182.43,3719.30324232,591.52127776,1,0,0.0,0.0,0.0
3041,182.49,3700.34324232,591.28127776,1,0,0.0,0.0,0.0
3042,182.55,3681.38324232,591.04127776,1,0,0.0,0.0,0.0
3043,182.61,3662.42324232,590.80127776,1,0,0.0,0.0,0.0
3044,182.67,3643.46324232,590.56127776,1,0,0.0,0.0,0.0
3045,182.73,3624.50324232,590.32127776,1,0,0.0,0.0,0.0
3046,182.79,3605.54324232,590.08127776,1,0,0.0,0.0,0.0
3047,182.85,3586.58324232,589.84127776,1,0,0.0,0.0,0.0
3048,182.91,3567.62324232,589.60127776,1,0,0.0,0.0,0.0
3049,182.97,3548.66324232,589.36127776,1,0,0.0,0.0,0.0
3050,183.03,3529.70324232,589.12127776,1,0,0.0,0.0,0.0
3051,183.09,3510.74324232,588.88127776,1,0,0.0,0.0,0.0
3052,183.15,3491.78324232,588.64127776,1,0,0.0,0.0,0.0
3053,183.21,3472.82324232,588.40127776,1,0,0.0,0.0,0.0
3054,183.27,3453.86324232,588.16127776,1,0,0.0,0.0,0.0
3055,183.33,3434.90324232,587.92127776,1,0,0.0,0.0,0.0
3056,183.39,3416.06689256,531.68127776,1,0,0.0,0.0,0.0
3057,183.45,3400.46689256,531.44127776,1,0,0.0,0.0,0.0
3058,183.51,3384.86689256,531.20127776,1,0,0.0,0.0,0.0
3059,183.57,3369.26689256,530.96127776,1,0,0.0,0.0,0.0
3060,183.63,3353.66689256,530.72127776,1,0,0.0,0.0,0.0
3061,183.69,3338.06689256,530.48127776,1,0,0.0,0.0,0.0
3062,183.75,3322.46689256,530.24127776,1,0,0.0,0.0,0.0
3063,183.81,3306.86689256,530.00127776,1,0,0.0,0.0,0.0
3064,183.87,3291.26689256,529.76127776,1,0,0.0,0.0,0.0
3065,183.93,3275.66689256,529.52127776,1,0,0.0,0.0,0.0
3066,183.99,3260.06689256,529.28127776,1,0,0.0,0.0,0.0
3067,184.05,3244.46689256,529.04127776,1,0,0.0,0.0,0.0
3068,184.11,3228.86689256,528.80127776,1,0,0.0,0.0,0.0
3069,184.17,3213.26689256,528.56127776,1,0,0.0,0.0,0.0
3070,184.23,3197.66689256,528.32127776,1,0,0.0,0.0,0.0
3071,184.29,3182.06689256,528.08127776,1,0,0.0,0.0,0.0
3072,184.35,3166.46689256,527.84127776,1,0,0.0,0.0,0.0
3073,184.41,3150.86689256,527.60127776,1,0,0.0,0.0,0.0
3074,184.47,3135.26689256,527.36127776,1,0,0.0,0.0,0.0
3075,184.53,3119.66689256,527.12127776,1,0,0.0,0.0,0.0
3076,184.59,3104.06689256,526.88127776,1,0,0.0,0.0,0.0
3077,184.65,3088.46689256,526.64127776,1,0,0.0,0.0,0.0
3078,184.71,3070.09972671,526.40127776,1,0,0.0,0.0,0.0
3079,184.77,3051.13972671,526.16127776,1,0,0.0,0.0,0.0
3080,184.83,3032.17972671,525.92127776,1,0,0.0,0.0,0.0
3081,184.89,3013.21972671,525.68127776,1,0,0.0,0.0,0.0
3082,184.95,2994.25972671,525.44127776,1,0,0.0,0.0,0.0
3083,185.01,2975.29972671,525.20127776,1,0,0.0,0.0,0.0
3084,185.07,2956.33972671,524.96127776,1,0,0.0,0.0,0.0
3085,185.13,2937.37972671,524.72127776,1,0,0.0,0.0,0.0
3086,185.19,2918.41972671,524.48127776,1,0,0.0,0.0,0.0
3087,185.25,2899.45972671,524.24127776,1,0,0.0,0.0,0.0
3088,185.31,2880.49972671,524.00127776,1,0,0.0,0.0,0.0
3089,185.37,2861.53972671,523.76127776,1,0,0.0,0.0,0.0
3090,185.43,2842.57972671,523.52127776,1,0,0.0,0.0,0.0
3091,185.49,2823.61972671,523.28127776,1,0,0.0,0.0,0.0
3092,185.55,2804.65972671,523.04127776,1,0,0.0,0.0,0.0
3093,185.61,2785.69972671,522.80127776,1,0,0.0,0.0,0.0
3094,185.67,2766.73972671,522.56127776,1,0,0.0,0.0,0.0
3095,185.73,2747.77972671,522.32127776,1,0,0.0,0.0,0.0
3096,185.79,2728.81972671,522.08127776,1,0,0.0,0.0,0.0
3097,185.85,2709.85972671,521.84127776,1,0,0.0,0.0,0.0
3098,185.91,2690.89972671,521.60127776,1,0,0.0,0.0,0.0
3099,185.97,2671.93972671,521.36127776,1,0,0.0,0.0,0.0
3100,186.03,2652.97972671,521.12127776,1,0,0.0,0.0,0.0
3101,186.09,2634.87093307,464.88127776,1,0,0.0,0.0,0.0
3102,186.15,2619.27093307,464.64127776,1,0,0.0,0.0,0.0
3103,186.21,2603.67093307,464.40127776,1,0,0.0,0.0,0.0
3104,186.27,2588.07093307,464.16127776,1,0,0.0,0.0,0.0
3105,186.33,2572.47093307,463.92127776,1,0,0.0,0.0,0.0
3106,186.39,2556.87093307,463.68127776,1,0,0.0,0.0,0.0
3107,186.45,2541.27093307,463.44127776,1,0,0.0,0.0,0.0
3108,186.51,2525.67093307,463.20127776,1,0,0.0,0.0,0.0
3109,186.57,2510.07093307,462.96127776,1,0,0.0,0.0,0.0
3110,186.63,2494.47093307,462.72127776,1,0,0.0,0.0,0.0
3111,186.69,2478.87093307,462.48127776,1,0,0.0,0.0,0.0
3112,186.75,2463.27093307,462.24127776,1,0,0.0,0.0,0.0
3113,186.81,2447.67093307,462.00127776,1,0,0.0,0.0,0.0
3114,186.87,2432.07093307,461.76127776,1,0,0.0,0.0,0.0
3115,186.93,2416.47093307,461.52127776,1,0,0.0,0.0,0.0
3116,186.99,2400.87093307,461.28127776,1,0,0.0,0.0,0.0
3117,187.05,2385.27093307,461.04127776,1,0,0.0,0.0,0.0
3118,187.11,2369.67093307,460.80127776,1,0,0.0,0.0,0.0
3119,187.17,2354.07093307,460.56127776,1,0,0.0,0.0,0.0
3120,187.23,2338.47093307,460.32127776,1,0,0.0,0.0,0.0
3121,187.29,2322.87093307,460.08127776,1,0,0.0,0.0,0.0
3122,187.35,2307.13590899,459.84127776,1,0,0.0,0.0,0.0
3123,187.41,2288.17590899,459.60127776,1,0,0.0,0.0,0.0
3124,187.47,2269.21590899,459.36127776,1,0,0.0,0.0,0.0
3125,187.53,2250.25590899,459.12127776,1,0,0.0,0.0,0.0
3126,187.59,2231.29590899,458.88127776,1,0,0.0,0.0,0.0
3127,187.65,2212.33590899,458.64127776,1,0,0.0,0.0,0.0
3128,187.71,2193.37590899,458.40127776,1,0,0.0,0.0,0.0
3129,187.77,2174.41590899,458.16127776,1,0,0.0,0.0,0.0
3130,187.83,2155.45590899,457.92127776,1,0,0.0,0.0,0.0
3131,187.89,2136.49590899,457.68127776,1,0,0.0,0.0,0.0
3132,187.95,2117.53590899,457.44127776,1,0,0.0,0.0,0.0
3133,188.01,2098.57590899,457.20127776,1,0,0.0,0.0,0.0
3134,188.07,2079.61590899,456.96127776,1,0,0.0,0.0,0.0
3135,188.13,2060.65590899,456.72127776,1,0,0.0,0.0,0.0
3136,188.19,2041.69590899,456.48127776,1,0,0.0,0.0,0.0
3137,188.25,2022.73590899,456.24127776,1,0,0.0,0.0,0.0
3138,188.31,2003.77590899,456.00127776,1,0,0.0,0.0,0.0
3139,188.37,1984.81590899,455.76127776,1,0,0.0,0.0,0.0
3140,188.43,1965.85590899,455.52127776,1,0,0.0,0.0,0.0
3141,188.49,1946.89590899,455.28127776,1,0,0.0,0.0,0.0
3142,188.55,1927.93590899,455.04127776,1,0,0.0,0.0,0.0
3143,188.61,1908.97590899,454.80127776,1,0,0.0,0.0,0.0
3144,188.67,1890.01590899,454.56127776,1,0,0.0,0.0,0.0
3145,188.73,1871.05590899,454.32127776,1,0,0.0,0.0,0.0
3146,188.79,1853.67497358,398.08127776,1,0,0.0,0.0,0.0
3147,188.85,1838.07497358,397.84127776,1,0,0.0,0.0,0.0
3148,188.91,1822.47497358,397.60127776,1,0,0.0,0.0,0.0
3149,188.97,1806.87497358,397.36127776,1,0,0.0,0.0,0.0
3150,189.03,1791.27497358,397.12127776,1,0,0.0,0.0,0.0
3151,189.09,1775.67497358,396.88127776,1,0,0.0,0.0,0.0
3152,189.15,1760.07497358,396.64127776,1,0,0.0,0.0,0.0
3153,189.21,1744.47497358,396.40127776,1,0,0.0,0.0,0.0
3154,189.27,1728.87497358,396.16127776,1,0,0.0,0.0,0.0
3155,189.33,1713.27497358,395.92127776,1,0,0.0,0.0,0.0
3156,189.39,1697.67497358,395.68127776,1,0,0.0,0.0,0.0
3157,189.45,1682.07497358,395.44127776,1,0,0.0,0.0,0.0
3158,189.51,1666.47497358,395.20127776,1,0,0.0,0.0,0.0
3159,189.57,1650.87497358,394.96127776,1,0,0.0,0.0,0.0
3160,189.63,1635.27497358,394.72127776,1,0,0.0,0.0,0.0
3161,189.69,1619.67497358,394.48127776,1,0,0.0,0.0,0.0
3162,189.75,1604.07497358,394.24127776,1,0,0.0,0.0,0.0
3163,189.81,1588.47497358,394.00127776,1,0,0.0,0.0,0.0
3164,189.87,1572.87497358,393.76127776,1,0,0.0,0.0,0.0
3165,189.93,1557.27497358,393.52127776,1,0,0.0,0.0,0.0
3166,189.99,1541.67497358,393.28127776,1,0,0.0,0.0,0.0
3167,190.05,1525.21239338,393.04127776,1,0,0.0,0.0,0.0
3168,190.11,1506.25239338,392.80127776,1,0,0.0,0.0,0.0
3169,190.17,1487.29239338,392.56127776,1,0,0.0,0.0,0.0
3170,190.23,1468.33239338,392.32127776,1,0,0.0,0.0,0.0
3171,190.29,1449.37239338,392.08127776,1,0,0.0,0.0,0.0
3172,190.35,1430.41239338,391.84127776,1,0,0.0,0.0,0.0
3173,190.41,1411.45239338,391.60127776,1,0,0.0,0.0,0.0
3174,190.47,1392.49239338,391.36127776,1,0,0.0,0.0,0.0
3175,190.53,1373.53239338,391.12127776,1,0,0.0,0.0,0.0
3176,190.59,1354.57239338,390.88127776,1,0,0.0,0.0,0.0
3177,190.65,1335.61239338,390.64127776,1,0,0.0,0.0,0.0
3178,190.71,1316.65239338,390.40127776,1,0,0.0,0.0,0.0
3179,190.77,1297.69239338,390.16127776,1,0,0.0,0.0,0.0
3180,190.83,1278.73239338,389.92127776,1,0,0.0,0.0,0.0
3181,190.89,1259.77239338,389.68127776,1,0,0.0,0.0,0.0
3182,190.95,1240.81239338,389.44127776,1,0,0.0,0.0,0.0
3183,191.01,1221.85239338,389.20127776,1,0,0.0,0.0,0.0
3184,191.07,1202.89239338,388.96127776,1,0,0.0,0.0,0.0
3185,191.13,1183.93239338,388.72127776,1,0,0.0,0.0,0.0
3186,191.19,1164.97239338,388.48127776,1,0,0.0,0.0,0.0
3187,191.25,1146.01239338,388.24127776,1,0,0.0,0.0,0.0
3188,191.31,1127.05239338,388.00127776,1,0,0.0,0.0,0.0
3189,191.37,1108.09239338,387.76127776,1,0,0.0,0.0,0.0
3190,191.43,1089.13239338,387.52127776,1,0,0.0,0.0,0.0
3191,191.49,1072.47901408,331.28127776,1,0,0.0,0.0,0.0
3192,191.55,1056.87901408,331.04127776,1,0,0.0,0.0,0.0
3193,191.61,1041.27901408,330.80127776,1,0,0.0,0.0,0.0
3194,191.67,1025.67901408,330.56127776,1,0,0.0,0.0,0.0
3195,191.73,1010.07901408,330.32127776,1,0,0.0,0.0,0.0
3196,191.79,994.47901408,330.08127776,1,0,0.0,0.0,0.0
3197,191.85,978.87901408,329.84127776,1,0,0.0,0.0,0.0
3198,191.91,963.27901408,329.60127776,1,0,0.0,0.0,0.0
3199,191.97,947.67901408,329.36127776,1,0,0.0,0.0,0.0
3200,192.03,932.07901408,329.12127776,1,0,0.0,0.0,0.0
3201,192.09,916.47901408,328.88127776,1,0,0.0,0.0,0.0
3202,192.15,900.87901408,328.64127776,1,0,0.0,0.0,0.0
3203,192.21,885.27901408,328.40127776,1,0,0.0,0.0,0.0
3204,192.27,869.67901408,328.16127776,1,0,0.0,0.0,0.0
3205,192.33,854.07901408,327.92127776,1,0,0.0,0.0,0.0
3206,192.39,838.47901408,327.68127776,1,0,0.0,0.0,0.0
3207,192.45,822.87901408,327.44127776,1,0,0.0,0.0,0.0
3208,192.51,807.27901408,327.20127776,1,0,0.0,0.0,0.0
3209,192.57,791.67901408,326.96127776,1,0,0.0,0.0,0.0
3210,192.63,776.07901408,326.72127776,1,0,0.0,0.0,0.0
3211,192.69,760.47901408,326.48127776,1,0,0.0,0.0,0.0
3212,192.75,743.28887776,326.24127776,1,0,0.0,0.0,0.0
3213,192.81,724.32887776,326.00127776,1,0,0.0,0.0,0.0
3214,192.87,705.36887776,325.76127776,1,0,0.0,0.0,0.0
3215,192.93,686.40887776,325.52127776,1,0,0.0,0.0,0.0
3216,192.99,667.44887776,325.28127776,1,0,0.0,0.0,0.0
3217,193.05,648.48887776,325.04127776,1,0,0.0,0.0,0.0
3218,193.11,629.52887776,324.80127776,1,0,0.0,0.0,0.0
3219,193.17,610.56887776,324.56127776,1,0,0.0,0.0,0.0
3220,193.23,591.60887776,324.32127776,1,0,0.0,0.0,0.0
3221,193.29,572.64887776,324.08127776,1,0,0.0,0.0,0.0
3222,193.35,553.68887776,323.84127776,1,0,0.0,0.0,0.0
3223,193.41,534.72887776,323.60127776,1,0,0.0,0.0,0.0
3224,193.47,515.76887776,323.36127776,1,0,0.0,0.0,0.0
3225,193.53,496.80887776,323.12127776,1,0,0.0,0.0,0.0
3226,193.59,477.84887776,322.88127776,1,0,0.0,0.0,0.0
3227,193.65,458.88887776,322.64127776,1,0,0.0,0.0,0.0
3228,193.71,439.92887776,322.40127776,1,0,0.0,0.0,0.0
3229,193.77,420.96887776,322.16127776,1,0,0.0,0.0,0.0
3230,193.83,402.00887776,321.92127776,1,0,0.0,0.0,0.0
3231,193.89,383.04887776,321.68127776,1,0,0.0,0.0,0.0
3232,193.95,364.08887776,321.44127776,1,0,0.0,0.0,0.0
3233,194.01,345.12887776,321.20127776,1,0,0.0,0.0,0.0
3234,194.07,326.16887776,320.96127776,1,0,0.0,0.0,0.0
3235,194.13,307.20887776,320.72127776,1,0,0.0,0.0,0.0
3236,194.19,291.28305459,264.48127776,1,0,0.0,0.0,0.0
3237,194.25,275.68305459,264.24127776,1,0,0.0,0.0,0.0
3238,194.31,260.08305459,264.00127776,1,0,0.0,0.0,0.0
3239,194.37,244.48305459,263.76127776,1,0,0.0,0.0,0.0
3240,194.43,228.88305459,263.52127776,1,0,0.0,0.0,0.0
3241,194.49,213.28305459,263.28127776,1,0,0.0,0.0,0.0
3242,194.55,197.68305459,263.04127776,1,0,0.0,0.0,0.0
3243,194.61,182.08305459,262.80127776,1,0,0.0,0.0,0.0
3244,194.67,166.48305459,262.56127776,1,0,0.0,0.0,0.0
3245,194.73,150.88305459,262.32127776,1,0,0.0,0.0,0.0
3246,194.79,135.28305459,262.08127776,1,0,0.0,0.0,0.0
3247,194.85,119.68305459,261.84127776,1,0,0.0,0.0,0.0
3248,194.91,104.08305459,261.60127776,1,0,0.0,0.0,0.0
3249,194.97,88.48305459,261.36127776,1,0,0.0,0.0,0.0
3250,195.03,72.88305459,261.12127776,1,0,0.0,0.0,0.0
3251,195.09,57.28305459,260.88127776,1,0,0.0,0.0,0.0
3252,195.15,41.68305459,260.64127776,1,0,0.0,0.0,0.0
3253,195.21,26.08305459,260.40127776,1,0,0.0,0.0,0.0
3254,195.27,10.48305459,260.16127776,1,0,0.0,0.0,0.0
3255,195.30515972,1.3415273,260.02063888,1,0,0.0,0.0,0.0
