layer_index,z_mm,part_area_mm2,part_perimeter_mm,part_component_count,new_island_count,unsupported_area_mm2,support_area_mm2,support_perimeter_mm
0,0.02,230.88057931,570.930727,1,0,0.0,54.0,30.0
1,0.06,230.88057931,570.930727,1,0,0.0,54.0,30.0
2,0.1,230.88057931,570.930727,1,0,0.0,54.0,30.0
3,0.14,230.88057931,570.930727,1,0,0.0,54.0,30.0
4,0.18,230.88057931,570.930727,1,0,0.0,54.0,30.0
5,0.22,230.88057931,570.930727,1,0,0.0,54.0,30.0
6,0.26,230.88057931,570.930727,1,0,0.0,54.0,30.0
7,0.3,230.88057931,570.930727,1,0,0.0,54.0,30.0
8,0.34,230.88057931,570.930727,1,0,0.0,54.0,30.0
9,0.38,230.88057931,570.930727,1,0,0.0,54.0,30.0
10,0.42,230.88057931,570.930727,1,0,0.0,54.0,30.0
11,0.46,230.88057931,570.930727,1,0,0.0,54.0,30.0
12,0.5,230.88057931,570.930727,1,0,0.0,54.0,30.0
13,0.54,230.88057931,570.930727,1,0,0.0,54.0,30.0
14,0.58,230.88057931,570.930727,1,0,0.0,54.0,30.0
15,0.62,230.88057931,570.930727,1,0,0.0,54.0,30.0
16,0.66,230.88057931,570.930727,1,0,0.0,54.0,30.0
17,0.7,230.88057931,570.930727,1,0,0.0,54.0,30.0
18,0.74,230.88057931,570.930727,1,0,0.0,54.0,30.0
19,0.78,230.88057931,570.930727,1,0,0.0,54.0,30.0
20,0.82,230.88057931,570.930727,1,0,0.0,54.0,30.0
21,0.86,230.88057931,570.930727,1,0,0.0,54.0,30.0
22,0.9,230.88057931,570.930727,1,0,0.0,54.0,30.0
23,0.94,230.88057931,570.930727,1,0,0.0,54.0,30.0
24,0.98,230.88057931,570.930727,1,0,0.0,54.0,30.0
25,1.02,230.88057931,570.930727,1,0,0.0,54.0,30.0
26,1.06,230.88057931,570.930727,1,0,0.0,54.0,30.0
27,1.1,230.88057931,570.930727,1,0,0.0,54.0,30.0
28,1.14,230.88057931,570.930727,1,0,0.0,54.0,30.0
29,1.18,230.88057931,570.930727,1,0,0.0,54.0,30.0
30,1.22,230.88057931,570.930727,1,0,0.0,54.0,30.0
31,1.26,230.88057931,570.930727,1,0,0.0,54.0,30.0
32,1.3,230.88057931,570.930727,1,0,0.0,54.0,30.0
33,1.34,230.88057931,570.930727,1,0,0.0,54.0,30.0
34,1.38,230.88057931,570.930727,1,0,0.0,54.0,30.0
35,1.42,230.88057931,570.930727,1,0,0.0,54.0,30.0
36,1.46,230.88057931,570.930727,1,0,0.0,54.0,30.0
37,1.5,230.88057931,570.930727,1,0,0.0,54.0,30.0
38,1.54,230.88057931,570.930727,1,0,0.0,54.0,30.0
39,1.58,230.88057931,570.930727,1,0,0.0,54.0,30.0
40,1.62,230.88057931,570.930727,1,0,0.0,54.0,30.0
41,1.66,230.88057931,570.930727,1,0,0.0,54.0,30.0
42,1.7,230.88057931,570.930727,1,0,0.0,54.0,30.0
43,1.74,230.88057931,570.930727,1,0,0.0,54.0,30.0
44,1.78,230.88057931,570.930727,1,0,0.0,54.0,30.0
45,1.82,230.88057931,570.930727,1,0,0.0,54.0,30.0
46,1.86,230.88057931,570.930727,1,0,0.0,54.0,30.0
47,1.9,230.88057931,570.930727,1,0,0.0,54.0,30.0
48,1.94,230.88057931,570.930727,1,0,0.0,54.0,30.0
49,1.98,230.88057931,570.930727,1,0,0.0,54.0,30.0
50,2.02,230.88057931,570.930727,1,0,0.0,54.0,30.0
51,2.06,230.88057931,570.930727,1,0,0.0,54.0,30.0
52,2.1,230.88057931,570.930727,1,0,0.0,54.0,30.0
53,2.14,230.88057931,570.930727,1,0,0.0,54.0,30.0
54,2.18,230.88057931,570.930727,1,0,0.0,54.0,30.0
55,2.22,230.88057931,570.930727,1,0,0.0,54.0,30.0
56,2.26,230.88057931,570.930727,1,0,0.0,54.0,30.0
57,2.3,230.88057931,570.930727,1,0,0.0,54.0,30.0
58,2.34,230.88057931,570.930727,1,0,0.0,54.0,30.0
59,2.38,230.88057931,570.930727,1,0,0.0,54.0,30.0
60,2.42,230.88057931,570.930727,1,0,0.0,54.0,30.0
61,2.46,230.88057931,570.930727,1,0,0.0,54.0,30.0
62,2.5,230.88057931,570.930727,1,0,0.0,54.0,30.0
63,2.54,230.88057931,570.930727,1,0,0.0,54.0,30.0
64,2.58,230.88057931,570.930727,1,0,0.0,54.0,30.0
65,2.62,230.88057931,570.930727,1,0,0.0,54.0,30.0
66,2.66,230.88057931,570.930727,1,0,0.0,54.0,30.0
67,2.7,230.88057931,570.930727,1,0,0.0,54.0,30.0
68,2.74,230.88057931,570.930727,1,0,0.0,54.0,30.0
69,2.78,230.88057931,570.930727,1,0,0.0,54.0,30.0
70,2.82,230.88057931,570.930727,1,0,0.0,54.0,30.0
71,2.86,230.88057931,570.930727,1,0,0.0,54.0,30.0
72,2.9,230.88057931,570.930727,1,0,0.0,54.0,30.0
73,2.94,230.88057931,570.930727,1,0,0.0,54.0,30.0
74,2.98,230.88057931,570.930727,1,0,0.0,54.0,30.0
75,3.02,230.88057931,570.930727,1,0,0.0,54.0,30.0
76,3.06,230.88057931,570.930727,1,0,0.0,54.0,30.0
77,3.1,230.88057931,570.930727,1,0,0.0,54.0,30.0
78,3.14,230.88057931,570.930727,1,0,0.0,54.0,30.0
79,3.18,230.88057931,570.930727,1,0,0.0,54.0,30.0
80,3.22,230.88057931,570.930727,1,0,0.0,54.0,30.0
81,3.26,230.88057931,570.930727,1,0,0.0,54.0,30.0
82,3.3,230.88057931,570.930727,1,0,0.0,54.0,30.0
83,3.34,230.88057931,570.930727,1,0,0.0,54.0,30.0
84,3.38,230.88057931,570.930727,1,0,0.0,54.0,30.0
85,3.42,230.88057931,570.930727,1,0,0.0,54.0,30.0
86,3.46,230.88057931,570.930727,1,0,0.0,54.0,30.0
87,3.5,230.88057931,570.930727,1,0,0.0,54.0,30.0
88,3.54,230.88057931,570.930727,1,0,0.0,54.0,30.0
89,3.58,230.88057931,570.930727,1,0,0.0,54.0,30.0
90,3.62,230.88057931,570.930727,1,0,0.0,54.0,30.0
91,3.66,230.88057931,570.930727,1,0,0.0,54.0,30.0
92,3.7,230.88057931,570.930727,1,0,0.0,54.0,30.0
93,3.74,230.88057931,570.930727,1,0,0.0,54.0,30.0
94,3.78,230.88057931,570.930727,1,0,0.0,54.0,30.0
95,3.82,230.88057931,570.930727,1,0,0.0,54.0,30.0
96,3.86,230.88057931,570.930727,1,0,0.0,54.0,30.0
97,3.9,230.88057931,570.930727,1,0,0.0,54.0,30.0
98,3.94,230.88057931,570.930727,1,0,0.0,54.0,30.0
99,3.98,230.88057931,570.930727,1,0,0.0,54.0,30.0
100,4.02,230.88057931,570.930727,1,0,0.0,54.0,30.0
101,4.06,230.88057931,570.930727,1,0,0.0,54.0,30.0
102,4.1,230.88057931,570.930727,1,0,0.0,54.0,30.0
103,4.14,230.88057931,570.930727,1,0,0.0,54.0,30.0
104,4.18,230.88057931,570.930727,1,0,0.0,54.0,30.0
105,4.22,230.88057931,570.930727,1,0,0.0,54.0,30.0
106,4.26,230.88057931,570.930727,1,0,0.0,54.0,30.0
107,4.3,230.88057931,570.930727,1,0,0.0,54.0,30.0
108,4.34,230.88057931,570.930727,1,0,0.0,54.0,30.0
109,4.38,230.88057931,570.930727,1,0,0.0,54.0,30.0
110,4.42,230.88057931,570.930727,1,0,0.0,54.0,30.0
111,4.46,230.88057931,570.930727,1,0,0.0,54.0,30.0
112,4.5,230.88057931,570.930727,1,0,0.0,54.0,30.0
113,4.54,230.88057931,570.930727,1,0,0.0,54.0,30.0
114,4.58,230.88057931,570.930727,1,0,0.0,54.0,30.0
115,4.62,230.88057931,570.930727,1,0,0.0,54.0,30.0
116,4.66,230.88057931,570.930727,1,0,0.0,54.0,30.0
117,4.7,230.88057931,570.930727,1,0,0.0,54.0,30.0
118,4.74,230.88057931,570.930727,1,0,0.0,54.0,30.0
119,4.78,230.88057931,570.930727,1,0,0.0,54.0,30.0
120,4.82,230.88057931,570.930727,1,0,0.0,54.0,30.0
121,4.86,230.88057931,570.930727,1,0,0.0,54.0,30.0
122,4.9,230.88057931,570.930727,1,0,0.0,54.0,30.0
123,4.94,230.88057931,570.930727,1,0,0.0,54.0,30.0
124,4.98,230.88057931,570.930727,1,0,0.0,54.0,30.0
125,5.02,230.88057931,570.930727,1,0,0.0,54.0,30.0
126,5.06,230.88057931,570.930727,1,0,0.0,54.0,30.0
127,5.1,230.88057931,570.930727,1,0,0.0,54.0,30.0
128,5.14,230.88057931,570.930727,1,0,0.0,54.0,30.0
129,5.18,230.88057931,570.930727,1,0,0.0,54.0,30.0
130,5.22,230.88057931,570.930727,1,0,0.0,54.0,30.0
131,5.26,230.88057931,570.930727,1,0,0.0,54.0,30.0
132,5.3,230.88057931,570.930727,1,0,0.0,54.0,30.0
133,5.34,230.88057931,570.930727,1,0,0.0,54.0,30.0
134,5.38,230.88057931,570.930727,1,0,0.0,54.0,30.0
135,5.42,230.88057931,570.930727,1,0,0.0,54.0,30.0
136,5.46,230.88057931,570.930727,1,0,0.0,54.0,30.0
137,5.5,230.88057931,570.930727,1,0,0.0,54.0,30.0
138,5.54,230.88057931,570.930727,1,0,0.0,54.0,30.0
139,5.58,230.88057931,570.930727,1,0,0.0,54.0,30.0
140,5.62,230.88057931,570.930727,1,0,0.0,54.0,30.0
141,5.66,230.88057931,570.930727,1,0,0.0,54.0,30.0
142,5.7,230.88057931,570.930727,1,0,0.0,54.0,30.0
143,5.74,230.88057931,570.930727,1,0,0.0,54.0,30.0
144,5.78,230.88057931,570.930727,1,0,0.0,54.0,30.0
145,5.82,230.88057931,570.930727,1,0,0.0,54.0,30.0
146,5.86,230.88057931,570.930727,1,0,0.0,54.0,30.0
147,5.9,230.88057931,570.930727,1,0,0.0,54.0,30.0
148,5.94,230.88057931,570.930727,1,0,0.0,54.0,30.0
149,5.98,230.88057931,570.930727,1,0,0.0,54.0,30.0
150,6.02,230.88057931,570.930727,1,0,0.0,54.0,30.0
151,6.06,230.88057931,570.930727,1,0,0.0,54.0,30.0
152,6.1,230.88057931,570.930727,1,0,0.0,54.0,30.0
153,6.14,230.88057931,570.930727,1,0,0.0,54.0,30.0
154,6.18,230.88057931,570.930727,1,0,0.0,54.0,30.0
155,6.22,230.88057931,570.930727,1,0,0.0,54.0,30.0
156,6.26,230.88057931,570.930727,1,0,0.0,54.0,30.0
157,6.3,230.88057931,570.930727,1,0,0.0,54.0,30.0
158,6.34,230.88057931,570.930727,1,0,0.0,54.0,30.0
159,6.38,230.88057931,570.930727,1,0,0.0,54.0,30.0
160,6.42,230.88057931,570.930727,1,0,0.0,54.0,30.0
161,6.46,230.88057931,570.930727,1,0,0.0,54.0,30.0
162,6.5,230.88057931,570.930727,1,0,0.0,54.0,30.0
163,6.54,230.88057931,570.930727,1,0,0.0,54.0,30.0
164,6.58,230.88057931,570.930727,1,0,0.0,54.0,30.0
165,6.62,230.88057931,570.930727,1,0,0.0,54.0,30.0
166,6.66,230.88057931,570.930727,1,0,0.0,54.0,30.0
167,6.7,230.88057931,570.930727,1,0,0.0,54.0,30.0
168,6.74,230.88057931,570.930727,1,0,0.0,54.0,30.0
169,6.78,230.88057931,570.930727,1,0,0.0,54.0,30.0
170,6.82,230.88057931,570.930727,1,0,0.0,54.0,30.0
171,6.86,230.88057931,570.930727,1,0,0.0,54.0,30.0
172,6.9,230.88057931,570.930727,1,0,0.0,54.0,30.0
173,6.94,230.88057931,570.930727,1,0,0.0,54.0,30.0
174,6.98,230.88057931,570.930727,1,0,0.0,54.0,30.0
175,7.02,230.88057931,570.930727,1,0,0.0,54.0,30.0
176,7.06,230.88057931,570.930727,1,0,0.0,54.0,30.0
177,7.1,230.88057931,570.930727,1,0,0.0,54.0,30.0
178,7.14,230.88057931,570.930727,1,0,0.0,54.0,30.0
179,7.18,230.88057931,570.930727,1,0,0.0,54.0,30.0
180,7.22,230.88057931,570.930727,1,0,0.0,54.0,30.0
181,7.26,230.88057931,570.930727,1,0,0.0,54.0,30.0
182,7.3,230.88057931,570.930727,1,0,0.0,54.0,30.0
183,7.34,230.88057931,570.930727,1,0,0.0,54.0,30.0
184,7.38,230.88057931,570.930727,1,0,0.0,54.0,30.0
185,7.42,230.88057931,570.930727,1,0,0.0,54.0,30.0
186,7.46,230.88057931,570.930727,1,0,0.0,54.0,30.0
187,7.5,230.88057931,570.930727,1,0,0.0,54.0,30.0
188,7.54,230.88057931,570.930727,1,0,0.0,54.0,30.0
189,7.58,230.88057931,570.930727,1,0,0.0,54.0,30.0
190,7.62,230.88057931,570.930727,1,0,0.0,54.0,30.0
191,7.66,230.88057931,570.930727,1,0,0.0,54.0,30.0
192,7.7,230.88057931,570.930727,1,0,0.0,54.0,30.0
193,7.74,230.88057931,570.930727,1,0,0.0,54.0,30.0
194,7.78,230.88057931,570.930727,1,0,0.0,54.0,30.0
195,7.82,230.88057931,570.930727,1,0,0.0,54.0,30.0
196,7.86,230.88057931,570.930727,1,0,0.0,54.0,30.0
197,7.9,230.88057931,570.930727,1,0,0.0,54.0,30.0
198,7.94,230.88057931,570.930727,1,0,0.0,54.0,30.0
199,7.98,230.88057931,570.930727,1,0,0.0,54.0,30.0
200,8.02,230.88057931,570.930727,1,0,0.0,54.0,30.0
201,8.06,230.88057931,570.930727,1,0,0.0,54.0,30.0
202,8.1,230.88057931,570.930727,1,0,0.0,54.0,30.0
203,8.14,230.88057931,570.930727,1,0,0.0,54.0,30.0
204,8.18,230.88057931,570.930727,1,0,0.0,54.0,30.0
205,8.22,230.88057931,570.930727,1,0,0.0,54.0,30.0
206,8.26,230.88057931,570.930727,1,0,0.0,54.0,30.0
207,8.3,230.88057931,570.930727,1,0,0.0,54.0,30.0
208,8.34,230.88057931,570.930727,1,0,0.0,54.0,30.0
209,8.38,230.88057931,570.930727,1,0,0.0,54.0,30.0
210,8.42,230.88057931,570.930727,1,0,0.0,54.0,30.0
211,8.46,230.88057931,570.930727,1,0,0.0,54.0,30.0
212,8.5,230.88057931,570.930727,1,0,0.0,54.0,30.0
213,8.54,230.88057931,570.930727,1,0,0.0,54.0,30.0
214,8.58,230.88057931,570.930727,1,0,0.0,54.0,30.0
215,8.62,230.88057931,570.930727,1,0,0.0,54.0,30.0
216,8.66,230.88057931,570.930727,1,0,0.0,54.0,30.0
217,8.7,230.88057931,570.930727,1,0,0.0,54.0,30.0
218,8.74,230.88057931,570.930727,1,0,0.0,54.0,30.0
219,8.78,230.88057931,570.930727,1,0,0.0,54.0,30.0
220,8.82,230.88057931,570.930727,1,0,0.0,54.0,30.0
221,8.86,230.88057931,570.930727,1,0,0.0,54.0,30.0
222,8.9,230.88057931,570.930727,1,0,0.0,54.0,30.0
223,8.94,230.88057931,570.930727,1,0,0.0,54.0,30.0
224,8.98,230.88057931,570.930727,1,0,0.0,54.0,30.0
225,9.02,230.88057931,570.930727,1,0,0.0,54.0,30.0
226,9.06,230.88057931,570.930727,1,0,0.0,54.0,30.0
227,9.1,230.88057931,570.930727,1,0,0.0,54.0,30.0
228,9.14,230.88057931,570.930727,1,0,0.0,54.0,30.0
229,9.18,230.88057931,570.930727,1,0,0.0,54.0,30.0
230,9.22,230.88057931,570.930727,1,0,0.0,54.0,30.0
231,9.26,230.88057931,570.930727,1,0,0.0,54.0,30.0
232,9.3,230.88057931,570.930727,1,0,0.0,54.0,30.0
233,9.34,230.88057931,570.930727,1,0,0.0,54.0,30.0
234,9.38,230.88057931,570.930727,1,0,0.0,54.0,30.0
235,9.42,230.88057931,570.930727,1,0,0.0,54.0,30.0
236,9.46,230.88057931,570.930727,1,0,0.0,54.0,30.0
237,9.5,230.88057931,570.930727,1,0,0.0,54.0,30.0
238,9.54,230.88057931,570.930727,1,0,0.0,54.0,30.0
239,9.58,230.88057931,570.930727,1,0,0.0,54.0,30.0
240,9.62,230.88057931,570.930727,1,0,0.0,54.0,30.0
241,9.66,230.88057931,570.930727,1,0,0.0,54.0,30.0
242,9.7,230.88057931,570.930727,1,0,0.0,54.0,30.0
243,9.74,230.88057931,570.930727,1,0,0.0,54.0,30.0
244,9.78,230.88057931,570.930727,1,0,0.0,54.0,30.0
245,9.82,230.88057931,570.930727,1,0,0.0,54.0,30.0
246,9.86,230.88057931,570.930727,1,0,0.0,54.0,30.0
247,9.9,230.88057931,570.930727,1,0,0.0,54.0,30.0
248,9.94,230.88057931,570.930727,1,0,0.0,54.0,30.0
249,9.98,230.88057931,570.930727,1,0,0.0,54.0,30.0
250,10.02,230.88057931,570.930727,1,0,0.0,54.0,30.0
251,10.06,230.88057931,570.930727,1,0,0.0,54.0,30.0
252,10.1,230.88057931,570.930727,1,0,0.0,54.0,30.0
253,10.14,230.88057931,570.930727,1,0,0.0,54.0,30.0
254,10.18,230.88057931,570.930727,1,0,0.0,54.0,30.0
255,10.22,230.88057931,570.930727,1,0,0.0,54.0,30.0
256,10.26,230.88057931,570.930727,1,0,0.0,54.0,30.0
257,10.3,230.88057931,570.930727,1,0,0.0,54.0,30.0
258,10.34,230.88057931,570.930727,1,0,0.0,54.0,30.0
259,10.38,230.88057931,570.930727,1,0,0.0,54.0,30.0
260,10.42,230.88057931,570.930727,1,0,0.0,54.0,30.0
261,10.46,230.88057931,570.930727,1,0,0.0,54.0,30.0
262,10.5,230.88057931,570.930727,1,0,0.0,54.0,30.0
263,10.54,230.88057931,570.930727,1,0,0.0,54.0,30.0
264,10.58,230.88057931,570.930727,1,0,0.0,54.0,30.0
265,10.62,230.88057931,570.930727,1,0,0.0,54.0,30.0
266,10.66,230.88057931,570.930727,1,0,0.0,54.0,30.0
267,10.7,230.88057931,570.930727,1,0,0.0,54.0,30.0
268,10.74,230.88057931,570.930727,1,0,0.0,54.0,30.0
269,10.78,230.88057931,570.930727,1,0,0.0,54.0,30.0
270,10.82,230.88057931,570.930727,1,0,0.0,54.0,30.0
271,10.86,230.88057931,570.930727,1,0,0.0,54.0,30.0
272,10.9,230.88057931,570.930727,1,0,0.0,54.0,30.0
273,10.94,230.88057931,570.930727,1,0,0.0,54.0,30.0
274,10.98,230.88057931,570.930727,1,0,0.0,54.0,30.0
275,11.02,230.88057931,570.930727,1,0,0.0,54.0,30.0
276,11.06,230.88057931,570.930727,1,0,0.0,54.0,30.0
277,11.1,230.88057931,570.930727,1,0,0.0,54.0,30.0
278,11.14,230.88057931,570.930727,1,0,0.0,54.0,30.0
279,11.18,230.88057931,570.930727,1,0,0.0,54.0,30.0
280,11.22,230.88057931,570.930727,1,0,0.0,54.0,30.0
281,11.26,230.88057931,570.930727,1,0,0.0,54.0,30.0
282,11.3,230.88057931,570.930727,1,0,0.0,54.0,30.0
283,11.34,230.88057931,570.930727,1,0,0.0,54.0,30.0
284,11.38,230.88057931,570.930727,1,0,0.0,54.0,30.0
285,11.42,230.88057931,570.930727,1,0,0.0,54.0,30.0
286,11.46,230.88057931,570.930727,1,0,0.0,54.0,30.0
287,11.5,230.88057931,570.930727,1,0,0.0,54.0,30.0
288,11.54,230.88057931,570.930727,1,0,0.0,54.0,30.0
289,11.58,230.88057931,570.930727,1,0,0.0,54.0,30.0
290,11.62,230.88057931,570.930727,1,0,0.0,54.0,30.0
291,11.66,230.88057931,570.930727,1,0,0.0,54.0,30.0
292,11.7,230.88057931,570.930727,1,0,0.0,54.0,30.0
293,11.74,230.88057931,570.930727,1,0,0.0,54.0,30.0
294,11.78,230.88057931,570.930727,1,0,0.0,54.0,30.0
295,11.82,230.88057931,570.930727,1,0,0.0,54.0,30.0
296,11.86,230.88057931,570.930727,1,0,0.0,54.0,30.0
297,11.9,230.88057931,570.930727,1,0,0.0,54.0,30.0
298,11.94,230.88057931,570.930727,1,0,0.0,54.0,30.0
299,11.98,230.88057931,570.930727,1,0,0.0,54.0,30.0
300,12.02,230.88057931,570.930727,1,0,0.0,54.0,30.0
301,12.06,230.88057931,570.930727,1,0,0.0,54.0,30.0
302,12.1,230.88057931,570.930727,1,0,0.0,54.0,30.0
303,12.14,230.88057931,570.930727,1,0,0.0,54.0,30.0
304,12.18,230.88057931,570.930727,1,0,0.0,54.0,30.0
305,12.22,230.88057931,570.930727,1,0,0.0,54.0,30.0
306,12.26,230.88057931,570.930727,1,0,0.0,54.0,30.0
307,12.3,230.88057931,570.930727,1,0,0.0,54.0,30.0
308,12.34,230.88057931,570.930727,1,0,0.0,54.0,30.0
309,12.38,230.88057931,570.930727,1,0,0.0,54.0,30.0
310,12.42,230.88057931,570.930727,1,0,0.0,54.0,30.0
311,12.46,230.88057931,570.930727,1,0,0.0,54.0,30.0
312,12.5,230.88057931,570.930727,1,0,0.0,54.0,30.0
313,12.54,230.88057931,570.930727,1,0,0.0,54.0,30.0
314,12.58,230.88057931,570.930727,1,0,0.0,54.0,30.0
315,12.62,230.88057931,570.930727,1,0,0.0,54.0,30.0
316,12.66,230.88057931,570.930727,1,0,0.0,54.0,30.0
317,12.7,230.88057931,570.930727,1,0,0.0,54.0,30.0
318,12.74,230.88057931,570.930727,1,0,0.0,54.0,30.0
319,12.78,230.88057931,570.930727,1,0,0.0,54.0,30.0
320,12.82,230.88057931,570.930727,1,0,0.0,54.0,30.0
321,12.86,230.88057931,570.930727,1,0,0.0,54.0,30.0
322,12.9,230.88057931,570.930727,1,0,0.0,54.0,30.0
323,12.94,230.88057931,570.930727,1,0,0.0,54.0,30.0
324,12.98,230.88057931,570.930727,1,0,0.0,54.0,30.0
325,13.02,230.88057931,570.930727,1,0,0.0,54.0,30.0
326,13.06,230.88057931,570.930727,1,0,0.0,54.0,30.0
327,13.1,230.88057931,570.930727,1,0,0.0,54.0,30.0
328,13.14,230.88057931,570.930727,1,0,0.0,54.0,30.0
329,13.18,230.88057931,570.930727,1,0,0.0,54.0,30.0
330,13.22,230.88057931,570.930727,1,0,0.0,54.0,30.0
331,13.26,230.88057931,570.930727,1,0,0.0,54.0,30.0
332,13.3,230.88057931,570.930727,1,0,0.0,54.0,30.0
333,13.34,230.88057931,570.930727,1,0,0.0,54.0,30.0
334,13.38,230.88057931,570.930727,1,0,0.0,54.0,30.0
335,13.42,230.88057931,570.930727,1,0,0.0,54.0,30.0
336,13.46,230.88057931,570.930727,1,0,0.0,54.0,30.0
337,13.5,230.88057931,570.930727,1,0,0.0,54.0,30.0
338,13.54,230.88057931,570.930727,1,0,0.0,54.0,30.0
339,13.58,230.88057931,570.930727,1,0,0.0,54.0,30.0
340,13.62,230.88057931,570.930727,1,0,0.0,54.0,30.0
341,13.66,230.88057931,570.930727,1,0,0.0,54.0,30.0
342,13.7,230.88057931,570.930727,1,0,0.0,54.0,30.0
343,13.74,230.88057931,570.930727,1,0,0.0,54.0,30.0
344,13.78,230.88057931,570.930727,1,0,0.0,54.0,30.0
345,13.82,230.88057931,570.930727,1,0,0.0,54.0,30.0
346,13.86,230.88057931,570.930727,1,0,0.0,54.0,30.0
347,13.9,230.88057931,570.930727,1,0,0.0,54.0,30.0
348,13.94,230.88057931,570.930727,1,0,0.0,54.0,30.0
349,13.98,230.88057931,570.930727,1,0,0.0,54.0,30.0
350,14.02,230.88057931,570.930727,1,0,0.0,54.0,30.0
351,14.06,230.88057931,570.930727,1,0,0.0,54.0,30.0
352,14.1,230.88057931,570.930727,1,0,0.0,54.0,30.0
353,14.14,230.88057931,570.930727,1,0,0.0,54.0,30.0
354,14.18,230.88057931,570.930727,1,0,0.0,54.0,30.0
355,14.22,230.88057931,570.930727,1,0,0.0,54.0,30.0
356,14.26,230.88057931,570.930727,1,0,0.0,54.0,30.0
357,14.3,230.88057931,570.930727,1,0,0.0,54.0,30.0
358,14.34,230.88057931,570.930727,1,0,0.0,54.0,30.0
359,14.38,230.88057931,570.930727,1,0,0.0,54.0,30.0
360,14.42,230.88057931,570.930727,1,0,0.0,54.0,30.0
361,14.46,230.88057931,570.930727,1,0,0.0,54.0,30.0
362,14.5,230.88057931,570.930727,1,0,0.0,54.0,30.0
363,14.54,230.88057931,570.930727,1,0,0.0,54.0,30.0
364,14.58,230.88057931,570.930727,1,0,0.0,54.0,30.0
365,14.62,230.88057931,570.930727,1,0,0.0,54.0,30.0
366,14.66,230.88057931,570.930727,1,0,0.0,54.0,30.0
367,14.7,230.88057931,570.930727,1,0,0.0,54.0,30.0
368,14.74,230.88057931,570.930727,1,0,0.0,54.0,30.0
369,14.78,230.88057931,570.930727,1,0,0.0,54.0,30.0
370,14.82,230.88057931,570.930727,1,0,0.0,54.0,30.0
371,14.86,230.88057931,570.930727,1,0,0.0,54.0,30.0
372,14.9,230.88057931,570.930727,1,0,0.0,54.0,30.0
373,14.94,230.88057931,570.930727,1,0,0.0,54.0,30.0
374,14.98,230.88057931,570.930727,1,0,0.0,54.0,30.0
375,15.02,230.88057931,570.930727,1,0,0.0,54.0,30.0
376,15.06,230.88057931,570.930727,1,0,0.0,54.0,30.0
377,15.1,230.88057931,570.930727,1,0,0.0,54.0,30.0
378,15.14,230.88057931,570.930727,1,0,0.0,54.0,30.0
379,15.18,230.88057931,570.930727,1,0,0.0,54.0,30.0
380,15.22,230.88057931,570.930727,1,0,0.0,54.0,30.0
381,15.26,230.88057931,570.930727,1,0,0.0,54.0,30.0
382,15.3,230.88057931,570.930727,1,0,0.0,54.0,30.0
383,15.34,230.88057931,570.930727,1,0,0.0,54.0,30.0
384,15.38,230.88057931,570.930727,1,0,0.0,54.0,30.0
385,15.42,230.88057931,570.930727,1,0,0.0,54.0,30.0
386,15.46,230.88057931,570.930727,1,0,0.0,54.0,30.0
387,15.5,230.88057931,570.930727,1,0,0.0,54.0,30.0
388,15.54,230.88057931,570.930727,1,0,0.0,54.0,30.0
389,15.58,230.88057931,570.930727,1,0,0.0,54.0,30.0
390,15.62,230.88057931,570.930727,1,0,0.0,54.0,30.0
391,15.66,230.88057931,570.930727,1,0,0.0,54.0,30.0
392,15.7,230.88057931,570.930727,1,0,0.0,54.0,30.0
393,15.74,230.88057931,570.930727,1,0,0.0,54.0,30.0
394,15.78,230.88057931,570.930727,1,0,0.0,54.0,30.0
395,15.82,230.88057931,570.930727,1,0,0.0,54.0,30.0
396,15.86,230.88057931,570.930727,1,0,0.0,54.0,30.0
397,15.9,230.88057931,570.930727,1,0,0.0,54.0,30.0
398,15.94,230.88057931,570.930727,1,0,0.0,54.0,30.0
399,15.98,230.88057931,570.930727,1,0,0.0,54.0,30.0
400,16.02,230.88057931,570.930727,1,0,0.0,54.0,30.0
401,16.06,230.88057931,570.930727,1,0,0.0,54.0,30.0
402,16.1,230.88057931,570.930727,1,0,0.0,54.0,30.0
403,16.14,230.88057931,570.930727,1,0,0.0,54.0,30.0
404,16.18,230.88057931,570.930727,1,0,0.0,54.0,30.0
405,16.22,230.88057931,570.930727,1,0,0.0,54.0,30.0
406,16.26,230.88057931,570.930727,1,0,0.0,54.0,30.0
407,16.3,230.88057931,570.930727,1,0,0.0,54.0,30.0
408,16.34,230.88057931,570.930727,1,0,0.0,54.0,30.0
409,16.38,230.88057931,570.930727,1,0,0.0,54.0,30.0
410,16.42,230.88057931,570.930727,1,0,0.0,54.0,30.0
411,16.46,230.88057931,570.930727,1,0,0.0,54.0,30.0
412,16.5,230.88057931,570.930727,1,0,0.0,54.0,30.0
413,16.54,230.88057931,570.930727,1,0,0.0,54.0,30.0
414,16.58,230.88057931,570.930727,1,0,0.0,54.0,30.0
415,16.62,230.88057931,570.930727,1,0,0.0,54.0,30.0
416,16.66,230.88057931,570.930727,1,0,0.0,54.0,30.0
417,16.7,230.88057931,570.930727,1,0,0.0,54.0,30.0
418,16.74,230.88057931,570.930727,1,0,0.0,54.0,30.0
419,16.78,230.88057931,570.930727,1,0,0.0,54.0,30.0
420,16.82,230.88057931,570.930727,1,0,0.0,54.0,30.0
421,16.86,230.88057931,570.930727,1,0,0.0,54.0,30.0
422,16.9,230.88057931,570.930727,1,0,0.0,54.0,30.0
423,16.94,230.88057931,570.930727,1,0,0.0,54.0,30.0
424,16.98,230.88057931,570.930727,1,0,0.0,54.0,30.0
425,17.02,230.88057931,570.930727,1,0,0.0,54.0,30.0
426,17.06,230.88057931,570.930727,1,0,0.0,54.0,30.0
427,17.1,230.88057931,570.930727,1,0,0.0,54.0,30.0
428,17.14,230.88057931,570.930727,1,0,0.0,54.0,30.0
429,17.18,230.88057931,570.930727,1,0,0.0,54.0,30.0
430,17.22,230.88057931,570.930727,1,0,0.0,54.0,30.0
431,17.26,230.88057931,570.930727,1,0,0.0,54.0,30.0
432,17.3,230.88057931,570.930727,1,0,0.0,54.0,30.0
433,17.34,230.88057931,570.930727,1,0,0.0,54.0,30.0
434,17.38,230.88057931,570.930727,1,0,0.0,54.0,30.0
435,17.42,230.88057931,570.930727,1,0,0.0,54.0,30.0
436,17.46,230.88057931,570.930727,1,0,0.0,54.0,30.0
437,17.5,230.88057931,570.930727,1,0,0.0,54.0,30.0
438,17.54,230.88057931,570.930727,1,0,0.0,54.0,30.0
439,17.58,230.88057931,570.930727,1,0,0.0,54.0,30.0
440,17.62,230.88057931,570.930727,1,0,0.0,54.0,30.0
441,17.66,230.88057931,570.930727,1,0,0.0,54.0,30.0
442,17.7,230.88057931,570.930727,1,0,0.0,54.0,30.0
443,17.74,230.88057931,570.930727,1,0,0.0,54.0,30.0
444,17.78,230.88057931,570.930727,1,0,0.0,54.0,30.0
445,17.82,230.88057931,570.930727,1,0,0.0,54.0,30.0
446,17.86,230.88057931,570.930727,1,0,0.0,54.0,30.0
447,17.9,230.88057931,570.930727,1,0,0.0,54.0,30.0
448,17.94,230.88057931,570.930727,1,0,0.0,54.0,30.0
449,17.98,230.88057931,570.930727,1,0,0.0,54.0,30.0
450,18.02,230.88057931,570.930727,1,0,0.0,54.0,30.0
451,18.06,230.88057931,570.930727,1,0,0.0,54.0,30.0
452,18.1,230.88057931,570.930727,1,0,0.0,54.0,30.0
453,18.14,230.88057931,570.930727,1,0,0.0,54.0,30.0
454,18.18,230.88057931,570.930727,1,0,0.0,54.0,30.0
455,18.22,230.88057931,570.930727,1,0,0.0,54.0,30.0
456,18.26,230.88057931,570.930727,1,0,0.0,54.0,30.0
457,18.3,230.88057931,570.930727,1,0,0.0,54.0,30.0
458,18.34,230.88057931,570.930727,1,0,0.0,54.0,30.0
459,18.38,230.88057931,570.930727,1,0,0.0,54.0,30.0
460,18.42,230.88057931,570.930727,1,0,0.0,54.0,30.0
461,18.46,230.88057931,570.930727,1,0,0.0,54.0,30.0
462,18.5,230.88057931,570.930727,1,0,0.0,54.0,30.0
463,18.54,230.88057931,570.930727,1,0,0.0,54.0,30.0
464,18.58,230.88057931,570.930727,1,0,0.0,54.0,30.0
465,18.62,230.88057931,570.930727,1,0,0.0,54.0,30.0
466,18.66,230.88057931,570.930727,1,0,0.0,54.0,30.0
467,18.7,230.88057931,570.930727,1,0,0.0,54.0,30.0
468,18.74,230.88057931,570.930727,1,0,0.0,54.0,30.0
469,18.78,230.88057931,570.930727,1,0,0.0,54.0,30.0
470,18.82,230.88057931,570.930727,1,0,0.0,54.0,30.0
471,18.86,230.88057931,570.930727,1,0,0.0,54.0,30.0
472,18.9,230.88057931,570.930727,1,0,0.0,54.0,30.0
473,18.94,230.88057931,570.930727,1,0,0.0,54.0,30.0
474,18.98,230.88057931,570.930727,1,0,0.0,54.0,30.0
475,19.02,236.72530894,582.93072735,1,0,5.80576477,48.0,40.0
476,19.06,240.93640163,582.93072735,1,0,3.70621873,42.0,38.0
477,19.1,243.89443042,582.93072735,1,0,2.46150858,36.0,36.0
478,19.14,246.27882512,582.93072735,1,0,1.89169871,36.0,36.0
479,19.18,248.35198686,582.93072735,1,0,1.58254065,36.0,36.0
480,19.22,250.16734343,582.93072735,1,0,1.32645418,30.0,34.0
481,19.26,251.79828983,582.93072735,1,0,1.14327341,30.0,34.0
482,19.3,253.35953035,582.93072735,1,0,1.07403224,30.0,34.0
483,19.34,254.73043736,582.93072735,1,0,0.88496761,30.0,34.0
484,19.38,256.09603046,582.93072735,1,0,0.87968913,24.0,32.0
485,19.42,257.30646743,582.93072735,1,0,0.72556737,24.0,32.0
486,19.46,258.51611199,582.93072735,1,0,0.72478025,24.0,32.0
487,19.5,259.6242184,582.93072735,1,0,0.62391902,24.0,32.0
488,19.54,260.70613926,582.93072735,1,0,0.59790805,24.0,32.0
489,19.58,261.74798952,582.93072735,1,0,0.55810457,18.0,30.0
490,19.62,262.72336325,582.93072735,1,0,0.49207122,18.0,30.0
491,19.66,263.69873697,582.93072735,1,0,0.49207122,18.0,30.0
492,19.7,264.60686045,582.93072735,1,0,0.42526931,18.0,30.0
493,19.74,265.49165125,582.93072735,1,0,0.40209218,18.0,30.0
494,19.78,266.37644205,582.93072735,1,0,0.40209218,18.0,30.0
495,19.82,267.19089351,582.93072735,1,0,0.33222178,12.0,28.0
496,19.86,267.99737097,582.93072735,1,0,0.32430092,12.0,28.0
497,19.9,268.80384842,582.93072735,1,0,0.32430092,12.0,28.0
498,19.94,269.55231963,582.93072735,1,0,0.26668139,12.0,28.0
499,19.98,270.29035836,582.93072735,1,0,0.25631846,12.0,28.0
500,20.02,271.02839709,582.93072735,1,0,0.25631846,12.0,28.0
501,20.06,271.73039326,582.93072735,1,0,0.22051618,12.0,28.0
502,20.1,272.40791071,582.93072735,1,0,0.19620065,12.0,28.0
503,20.14,273.08542815,582.93072735,1,0,0.19620065,6.0,26.0
504,20.18,273.7549687,582.93072735,1,0,0.18827693,6.0,26.0
505,20.22,274.37837998,582.93072735,1,0,0.14245519,6.0,26.0
506,20.26,275.00179126,582.93072735,1,0,0.14245519,6.0,26.0
507,20.3,275.62520253,582.93072735,1,0,0.14245519,6.0,26.0
508,20.34,276.22380254,582.93072735,1,0,0.11780932,6.0,26.0
509,20.38,276.79842945,582.93072735,1,0,0.09399605,6.0,26.0
510,20.42,277.37305636,582.93072735,1,0,0.09399605,6.0,26.0
511,20.46,277.94768327,582.93072735,1,0,0.09399605,6.0,26.0
512,20.5,278.49193973,582.93072735,1,0,0.06382807,6.0,26.0
513,20.54,279.02221327,582.93072735,1,0,0.04993836,0.0,0.0
514,20.58,279.5524868,582.93072735,1,0,0.04993836,0.0,0.0
515,20.62,280.08276033,582.93072735,1,0,0.04993836,0.0,0.0
516,20.66,280.5853175,582.93072735,1,0,0.02240678,0.0,0.0
517,20.7,281.0749498,582.93072735,1,0,0.0,0.0,0.0
518,20.74,281.5645821,582.93072735,1,0,0.0,0.0,0.0
519,20.78,282.0542144,582.93072735,1,0,0.0,0.0,0.0
520,20.82,282.52488786,582.93072735,1,0,0.0,0.0,0.0
521,20.86,282.97708232,582.93072735,1,0,0.0,0.0,0.0
522,20.9,283.42927678,582.93072735,1,0,0.0,0.0,0.0
523,20.94,283.88147124,582.93072735,1,0,0.0,0.0,0.0
524,20.98,284.32793163,582.93072735,1,0,0.0,0.0,0.0
525,21.02,284.74535346,582.93072735,1,0,0.0,0.0,0.0
526,21.06,285.16277529,582.93072735,1,0,0.0,0.0,0.0
527,21.1,285.58019711,582.93072735,1,0,0.0,0.0,0.0
528,21.14,285.99761894,582.93072735,1,0,0.0,0.0,0.0
529,21.18,286.39352822,582.93072735,1,0,0.0,0.0,0.0
530,21.22,286.77854873,582.93072735,1,0,0.0,0.0,0.0
531,21.26,287.16356924,582.93072735,1,0,0.0,0.0,0.0
532,21.3,287.54858975,582.93072735,1,0,0.0,0.0,0.0
533,21.34,287.93327112,582.93072735,1,0,0.0,0.0,0.0
534,21.38,288.28788706,582.93072735,1,0,0.0,0.0,0.0
535,21.42,288.64250301,582.93072735,1,0,0.0,0.0,0.0
536,21.46,288.99711896,582.93072735,1,0,0.0,0.0,0.0
537,21.5,289.3517349,582.93072735,1,0,0.0,0.0,0.0
538,21.54,289.70021606,582.93072735,1,0,0.0,0.0,0.0
539,21.58,290.02613676,582.93072735,1,0,0.0,0.0,0.0
540,21.62,290.35205746,582.93072735,1,0,0.0,0.0,0.0
541,21.66,290.67797815,582.93072735,1,0,0.0,0.0,0.0
542,21.7,291.00389885,582.93072735,1,0,0.0,0.0,0.0
543,21.74,291.32224324,582.93072735,1,0,0.0,0.0,0.0
544,21.78,291.6210183,582.93072735,1,0,0.0,0.0,0.0
545,21.82,291.91979335,582.93072735,1,0,0.0,0.0,0.0
546,21.86,292.21856841,582.93072735,1,0,0.0,0.0,0.0
547,21.9,292.51734347,582.93072735,1,0,0.0,0.0,0.0
548,21.94,292.81054254,582.93072735,1,0,0.0,0.0,0.0
549,21.98,293.08343926,582.93072735,1,0,0.0,0.0,0.0
550,22.02,293.35633598,582.93072735,1,0,0.0,0.0,0.0
551,22.06,293.6292327,582.93072735,1,0,0.0,0.0,0.0
552,22.1,293.90212942,582.93072735,1,0,0.0,0.0,0.0
553,22.14,294.17428125,582.93072735,1,0,0.0,0.0,0.0
554,22.18,294.42247299,582.93072735,1,0,0.0,0.0,0.0
555,22.22,294.67066473,582.93072735,1,0,0.0,0.0,0.0
556,22.26,294.91885647,582.93072735,1,0,0.0,0.0,0.0
557,22.3,295.16704822,582.93072735,1,0,0.0,0.0,0.0
558,22.34,295.41523996,582.93072735,1,0,0.0,0.0,0.0
559,22.38,295.64606891,582.93072735,1,0,0.0,0.0,0.0
560,22.42,295.87053835,582.93072735,1,0,0.0,0.0,0.0
561,22.46,296.09500778,582.93072735,1,0,0.0,0.0,0.0
562,22.5,296.31947722,582.93072735,1,0,0.0,0.0,0.0
563,22.54,290.52368344,594.76006213,2,0,0.0,0.0,0.0
564,22.58,288.25348957,594.02854702,2,0,0.0,7.0,16.0
565,22.62,286.5682597,593.47359066,2,0,0.0,7.0,16.0
566,22.66,285.19932817,593.01166322,2,0,0.0,7.0,16.0
567,22.7,284.04783794,592.6136891,2,0,0.0,7.0,16.0
568,22.74,283.03715918,592.25713012,2,0,0.0,14.0,18.0
569,22.78,282.13528413,591.93257223,2,0,0.0,14.0,18.0
570,22.82,281.3159343,591.63767683,2,0,0.0,14.0,18.0
571,22.86,280.56656706,591.3644724,2,0,0.0,14.0,18.0
572,22.9,279.87559688,591.10844358,2,0,0.0,14.0,18.0
573,22.94,279.23280595,590.86658513,2,0,0.0,14.0,18.0
574,22.98,278.64443572,590.64073277,2,0,0.0,14.0,18.0
575,23.02,278.0980042,590.42874763,2,0,0.0,21.0,20.0
576,23.06,277.56351185,590.22505041,2,0,0.0,21.0,20.0
577,23.1,277.07040502,590.03352539,2,0,0.0,21.0,20.0
578,23.14,276.61044522,589.85174949,2,0,0.0,21.0,20.0
579,23.18,276.16753534,589.67498829,2,0,0.0,21.0,20.0
580,23.22,275.77037189,589.51168191,2,0,0.0,21.0,20.0
581,23.26,275.37219261,589.35162767,2,0,0.0,21.0,20.0
582,23.3,274.99687651,589.2008938,2,0,0.0,21.0,20.0
583,23.34,274.63903764,589.05530029,2,0,0.0,21.0,20.0
584,23.38,274.30310766,588.91615058,2,0,0.0,21.0,20.0
585,23.42,273.98806329,588.78314369,2,0,0.0,21.0,20.0
586,23.46,273.68887555,588.65480052,2,0,0.0,21.0,20.0
587,23.5,273.39419038,588.53284414,2,0,0.0,21.0,20.0
588,23.54,273.10905536,588.41464185,2,0,0.0,21.0,20.0
589,23.58,272.84442806,588.30247124,2,0,0.0,21.0,20.0
590,23.62,272.59179828,588.19382931,2,0,0.0,21.0,20.0
591,23.66,272.35686269,588.09039155,2,0,0.0,21.0,20.0
592,23.7,272.13407545,587.99080378,2,0,0.0,21.0,20.0
593,23.74,271.90583121,587.89522662,2,0,0.0,21.0,20.0
594,23.78,271.69328376,587.80426617,2,0,0.0,21.0,20.0
595,23.82,271.4892459,587.71580853,2,0,0.0,21.0,20.0
596,23.86,271.30466937,587.63307482,2,0,0.0,21.0,20.0
597,23.9,271.12269417,587.55110621,2,0,0.0,21.0,20.0
598,23.94,270.9610887,587.4762875,2,0,0.0,21.0,20.0
599,23.98,270.78370652,587.4014688,2,0,0.0,21.0,20.0
600,24.02,270.6281821,587.33307884,2,0,0.0,21.0,20.0
601,24.06,270.47666004,587.26586605,2,0,0.0,21.0,20.0
602,24.1,270.33901724,587.2027354,2,0,0.0,21.0,20.0
603,24.14,270.21254242,587.14288945,2,0,0.0,21.0,20.0
604,24.18,270.08554082,587.08466497,2,0,0.0,21.0,20.0
605,24.22,269.96395408,587.03198118,2,0,0.0,21.0,20.0
606,24.26,269.84236734,586.97929738,2,0,0.0,21.0,20.0
607,24.3,269.741249,586.9326337,2,0,0.0,21.0,20.0
608,24.34,269.64331207,586.88690574,2,0,0.0,21.0,20.0
609,24.38,269.55639297,586.8444183,2,0,0.0,21.0,20.0
610,24.42,269.47412412,586.80549887,2,0,0.0,21.0,20.0
611,24.46,269.38144697,586.76698871,2,0,0.0,21.0,20.0
612,24.5,269.31009737,586.73475135,2,0,0.0,21.0,20.0
613,24.54,269.23874776,586.702514,2,0,0.0,21.0,20.0
614,24.58,269.18135435,586.6743814,2,0,0.0,21.0,20.0
615,24.62,269.13234175,586.64871375,2,0,0.0,21.0,20.0
616,24.66,269.07861988,586.62415414,2,0,0.0,21.0,20.0
617,24.7,269.03250345,586.60497355,2,0,0.0,21.0,20.0
618,24.74,268.98638701,586.58579297,2,0,0.0,21.0,20.0
619,24.78,268.9556478,586.57113511,2,0,0.0,21.0,20.0
620,24.82,268.93139077,586.55838376,2,0,0.0,21.0,20.0
621,24.86,268.91203652,586.54707441,2,0,0.0,21.0,20.0
622,24.9,268.90027973,586.54070882,2,0,0.0,21.0,20.0
623,24.94,268.87863672,586.53434323,2,0,0.0,21.0,20.0
624,24.98,268.87306249,586.53270375,2,0,0.0,21.0,20.0
625,25.02,268.87306249,586.53270375,2,0,0.0,21.0,20.0
626,25.06,268.87863672,586.53434323,2,0,0.0,21.0,20.0
627,25.1,268.90027973,586.54070882,2,0,0.0,21.0,20.0
628,25.14,268.91203652,586.54707441,2,0,0.0,21.0,20.0
629,25.18,268.93139077,586.55838376,2,0,0.0,21.0,20.0
630,25.22,268.9556478,586.57113511,2,0,0.0,21.0,20.0
631,25.26,268.98638701,586.58579297,2,0,0.0,21.0,20.0
632,25.3,269.03250345,586.60497355,2,0,0.0,21.0,20.0
633,25.34,269.07861988,586.62415414,2,0,0.0,21.0,20.0
634,25.38,269.13234175,586.64871375,2,0,0.0,21.0,20.0
635,25.42,269.18135435,586.6743814,2,0,0.0,21.0,20.0
636,25.46,269.23874776,586.702514,2,0,0.0,21.0,20.0
637,25.5,269.31009737,586.73475135,2,0,0.0,21.0,20.0
638,25.54,269.38144697,586.76698871,2,0,0.0,21.0,20.0
639,25.58,269.47412412,586.80549887,2,0,0.0,21.0,20.0
640,25.62,269.55639297,586.8444183,2,0,0.0,21.0,20.0
641,25.66,269.64331207,586.88690574,2,0,0.0,21.0,20.0
642,25.7,269.741249,586.9326337,2,0,0.0,21.0,20.0
643,25.74,269.84236734,586.97929738,2,0,0.0,21.0,20.0
644,25.78,269.96395408,587.03198118,2,0,0.0,21.0,20.0
645,25.82,270.08554082,587.08466497,2,0,0.0,21.0,20.0
646,25.86,270.21254242,587.14288945,2,0,0.0,21.0,20.0
647,25.9,270.33901724,587.2027354,2,0,0.0,21.0,20.0
648,25.94,270.47666004,587.26586605,2,0,0.0,21.0,20.0
649,25.98,270.6281821,587.33307884,2,0,0.0,21.0,20.0
650,26.02,270.78370652,587.4014688,2,0,0.0,21.0,20.0
651,26.06,270.9610887,587.4762875,2,0,0.0,21.0,20.0
652,26.1,271.12269417,587.55110621,2,0,0.0,21.0,20.0
653,26.14,271.30466937,587.63307482,2,0,0.0,21.0,20.0
654,26.18,271.4892459,587.71580853,2,0,0.0,21.0,20.0
655,26.22,271.69328376,587.80426617,2,0,0.0,21.0,20.0
656,26.26,271.90583121,587.89522662,2,0,0.0,21.0,20.0
657,26.3,272.13407545,587.99080378,2,0,0.0,21.0,20.0
658,26.34,272.35686269,588.09039155,2,0,0.0,21.0,20.0
659,26.38,272.59179828,588.19382931,2,0,0.0,21.0,20.0
660,26.42,272.84442806,588.30247124,2,0,0.0,21.0,20.0
661,26.46,273.10905536,588.41464185,2,0,0.0,21.0,20.0
662,26.5,273.39419038,588.53284414,2,0,0.0,21.0,20.0
663,26.54,273.68887555,588.65480052,2,0,0.0,21.0,20.0
664,26.58,273.98806329,588.78314369,2,0,0.0,21.0,20.0
665,26.62,274.30310766,588.91615058,2,0,0.0,21.0,20.0
666,26.66,274.63903764,589.05530029,2,0,0.0,21.0,20.0
667,26.7,274.99687651,589.2008938,2,0,0.0,21.0,20.0
668,26.74,275.37219261,589.35162767,2,0,0.0,21.0,20.0
669,26.78,275.77037189,589.51168191,2,0,0.0,21.0,20.0
670,26.82,276.16753534,589.67498829,2,0,0.0,21.0,20.0
671,26.86,276.61044522,589.85174949,2,0,0.05698811,21.0,20.0
672,26.9,277.07040502,590.03352539,2,0,0.07403804,21.0,20.0
673,26.94,277.56351185,590.22505041,2,0,0.10718506,21.0,20.0
674,26.98,278.0980042,590.42874763,2,0,0.14857058,21.0,20.0
675,27.02,278.64443572,590.64073277,2,0,0.17674946,14.0,18.0
676,27.06,279.23280595,590.86658513,2,0,0.22389804,14.0,18.0
677,27.1,279.87559688,591.10844358,2,0,0.27831875,14.0,18.0
678,27.14,280.56656706,591.3644724,2,0,0.32649799,14.0,18.0
679,27.18,281.3159343,591.63767683,2,0,0.38489506,14.0,18.0
680,27.22,282.13528413,591.93257223,2,0,0.45864436,14.0,18.0
681,27.26,283.03715918,592.25713012,2,0,0.55949685,14.0,18.0
682,27.3,284.04783794,592.6136891,2,0,0.66830056,7.0,16.0
683,27.34,285.19932817,593.01166322,2,0,0.80911203,7.0,16.0
684,27.38,286.5682597,593.47359066,2,0,1.02655333,7.0,16.0
685,27.42,288.25348957,594.02854702,2,0,1.34285167,7.0,16.0
686,27.46,290.52368344,594.76006213,2,0,1.94315143,0.0,0.0
687,27.5,296.31947722,582.93072735,1,0,5.4762632,0.0,0.0
688,27.54,296.09500778,582.93072735,1,0,0.0,0.0,0.0
689,27.58,295.87053835,582.93072735,1,0,0.0,0.0,0.0
690,27.62,295.64606891,582.93072735,1,0,0.0,0.0,0.0
691,27.66,295.41523996,582.93072735,1,0,0.0,0.0,0.0
692,27.7,295.16704822,582.93072735,1,0,0.0,0.0,0.0
693,27.74,294.91885647,582.93072735,1,0,0.0,0.0,0.0
694,27.78,294.67066473,582.93072735,1,0,0.0,0.0,0.0
695,27.82,294.42247299,582.93072735,1,0,0.0,0.0,0.0
696,27.86,294.17428125,582.93072735,1,0,0.0,0.0,0.0
697,27.9,293.90212942,582.93072735,1,0,0.0,0.0,0.0
698,27.94,293.6292327,582.93072735,1,0,0.0,0.0,0.0
699,27.98,293.35633598,582.93072735,1,0,0.0,0.0,0.0
700,28.02,293.08343926,582.93072735,1,0,0.0,0.0,0.0
701,28.06,292.81054254,582.93072735,1,0,0.0,0.0,0.0
702,28.1,292.51734347,582.93072735,1,0,0.0,0.0,0.0
703,28.14,292.21856841,582.93072735,1,0,0.0,0.0,0.0
704,28.18,291.91979335,582.93072735,1,0,0.0,0.0,0.0
705,28.22,291.6210183,582.93072735,1,0,0.0,0.0,0.0
706,28.26,291.32224324,582.93072735,1,0,0.0,0.0,0.0
707,28.3,291.00389885,582.93072735,1,0,0.0,0.0,0.0
708,28.34,290.67797815,582.93072735,1,0,0.0,0.0,0.0
709,28.38,290.35205746,582.93072735,1,0,0.0,0.0,0.0
710,28.42,290.02613676,582.93072735,1,0,0.0,0.0,0.0
711,28.46,289.70021606,582.93072735,1,0,0.0,0.0,0.0
712,28.5,289.3517349,582.93072735,1,0,0.0,0.0,0.0
713,28.54,288.99711896,582.93072735,1,0,0.0,0.0,0.0
714,28.58,288.64250301,582.93072735,1,0,0.0,0.0,0.0
715,28.62,288.28788706,582.93072735,1,0,0.0,0.0,0.0
716,28.66,287.93327112,582.93072735,1,0,0.0,0.0,0.0
717,28.7,287.54858975,582.93072735,1,0,0.0,0.0,0.0
718,28.74,287.16356924,582.93072735,1,0,0.0,0.0,0.0
719,28.78,286.77854873,582.93072735,1,0,0.0,0.0,0.0
720,28.82,286.39352822,582.93072735,1,0,0.0,0.0,0.0
721,28.86,285.99761894,582.93072735,1,0,0.0,0.0,0.0
722,28.9,285.58019711,582.93072735,1,0,0.0,0.0,0.0
723,28.94,285.16277529,582.93072735,1,0,0.0,0.0,0.0
724,28.98,284.74535346,582.93072735,1,0,0.0,0.0,0.0
725,29.02,284.32793163,582.93072735,1,0,0.0,0.0,0.0
726,29.06,283.88147124,582.93072735,1,0,0.0,0.0,0.0
727,29.1,283.42927678,582.93072735,1,0,0.0,0.0,0.0
728,29.14,282.97708232,582.93072735,1,0,0.0,0.0,0.0
729,29.18,282.52488786,582.93072735,1,0,0.0,0.0,0.0
730,29.22,282.0542144,582.93072735,1,0,0.0,0.0,0.0
731,29.26,281.5645821,582.93072735,1,0,0.0,0.0,0.0
732,29.3,281.0749498,582.93072735,1,0,0.0,0.0,0.0
733,29.34,280.5853175,582.93072735,1,0,0.0,0.0,0.0
734,29.38,280.08276033,582.93072735,1,0,0.0,0.0,0.0
735,29.42,279.5524868,582.93072735,1,0,0.0,0.0,0.0
736,29.46,279.02221327,582.93072735,1,0,0.0,0.0,0.0
737,29.5,278.49193973,582.93072735,1,0,0.0,6.0,26.0
738,29.54,277.94768327,582.93072735,1,0,0.0,6.0,26.0
739,29.58,277.37305636,582.93072735,1,0,0.0,6.0,26.0
740,29.62,276.79842945,582.93072735,1,0,0.0,6.0,26.0
741,29.66,276.22380254,582.93072735,1,0,0.0,6.0,26.0
742,29.7,275.62520253,582.93072735,1,0,0.0,6.0,26.0
743,29.74,275.00179126,582.93072735,1,0,0.0,6.0,26.0
744,29.78,274.37837998,582.93072735,1,0,0.0,6.0,26.0
745,29.82,273.7549687,582.93072735,1,0,0.0,6.0,26.0
746,29.86,273.08542815,582.93072735,1,0,0.0,6.0,26.0
747,29.9,272.40791071,582.93072735,1,0,0.0,12.0,28.0
748,29.94,271.73039326,582.93072735,1,0,0.0,12.0,28.0
749,29.98,271.02839709,582.93072735,1,0,0.0,12.0,28.0
750,30.02,270.29035836,582.93072735,1,0,0.0,12.0,28.0
751,30.06,269.55231963,582.93072735,1,0,0.0,12.0,28.0
752,30.1,268.80384842,582.93072735,1,0,0.0,12.0,28.0
753,30.14,267.99737097,582.93072735,1,0,0.0,12.0,28.0
754,30.18,267.19089351,582.93072735,1,0,0.0,12.0,28.0
755,30.22,266.37644205,582.93072735,1,0,0.0,18.0,30.0
756,30.26,265.49165125,582.93072735,1,0,0.0,18.0,30.0
757,30.3,264.60686045,582.93072735,1,0,0.0,18.0,30.0
758,30.34,263.69873697,582.93072735,1,0,0.0,18.0,30.0
759,30.38,262.72336325,582.93072735,1,0,0.0,18.0,30.0
760,30.42,261.74798952,582.93072735,1,0,0.0,18.0,30.0
761,30.46,260.70613926,582.93072735,1,0,0.0,24.0,32.0
762,30.5,259.6242184,582.93072735,1,0,0.0,24.0,32.0
763,30.54,258.51611199,582.93072735,1,0,0.0,24.0,32.0
764,30.58,257.30646743,582.93072735,1,0,0.0,24.0,32.0
765,30.62,256.09603046,582.93072735,1,0,0.0,24.0,32.0
766,30.66,254.73043736,582.93072735,1,0,0.0,30.0,34.0
767,30.7,253.35953035,582.93072735,1,0,0.0,30.0,34.0
768,30.74,251.79828983,582.93072735,1,0,0.0,30.0,34.0
769,30.78,250.16734343,582.93072735,1,0,0.0,30.0,34.0
770,30.82,248.35198686,582.93072735,1,0,0.0,36.0,36.0
771,30.86,246.27882512,582.93072735,1,0,0.0,36.0,36.0
772,30.9,243.89443042,582.93072735,1,0,0.0,36.0,36.0
773,30.94,240.93640163,582.93072735,1,0,0.0,42.0,38.0
774,30.98,236.72530894,582.93072735,1,0,0.0,48.0,40.0
775,31.02,230.88057931,570.930727,1,0,0.0,54.0,30.0
776,31.06,230.88057931,570.930727,1,0,0.0,54.0,30.0
777,31.1,230.88057931,570.930727,1,0,0.0,54.0,30.0
778,31.14,230.88057931,570.930727,1,0,0.0,54.0,30.0
779,31.18,230.88057931,570.930727,1,0,0.0,54.0,30.0
780,31.22,230.88057931,570.930727,1,0,0.0,54.0,30.0
781,31.26,230.88057931,570.930727,1,0,0.0,54.0,30.0
782,31.3,230.88057931,570.930727,1,0,0.0,54.0,30.0
783,31.34,230.88057931,570.930727,1,0,0.0,54.0,30.0
784,31.38,230.88057931,570.930727,1,0,0.0,54.0,30.0
785,31.42,230.88057931,570.930727,1,0,0.0,54.0,30.0
786,31.46,230.88057931,570.930727,1,0,0.0,54.0,30.0
787,31.5,230.88057931,570.930727,1,0,0.0,54.0,30.0
788,31.54,230.88057931,570.930727,1,0,0.0,54.0,30.0
789,31.58,230.88057931,570.930727,1,0,0.0,54.0,30.0
790,31.62,230.88057931,570.930727,1,0,0.0,54.0,30.0
791,31.66,230.88057931,570.930727,1,0,0.0,54.0,30.0
792,31.7,230.88057931,570.930727,1,0,0.0,54.0,30.0
793,31.74,230.88057931,570.930727,1,0,0.0,54.0,30.0
794,31.78,230.88057931,570.930727,1,0,0.0,54.0,30.0
795,31.82,230.88057931,570.930727,1,0,0.0,54.0,30.0
796,31.86,230.88057931,570.930727,1,0,0.0,54.0,30.0
797,31.9,230.88057931,570.930727,1,0,0.0,54.0,30.0
798,31.94,230.88057931,570.930727,1,0,0.0,54.0,30.0
799,31.98,230.88057931,570.930727,1,0,0.0,54.0,30.0
800,32.02,230.88057931,570.930727,1,0,0.0,54.0,30.0
801,32.06,230.88057931,570.930727,1,0,0.0,54.0,30.0
802,32.1,230.88057931,570.930727,1,0,0.0,54.0,30.0
803,32.14,230.88057931,570.930727,1,0,0.0,54.0,30.0
804,32.18,230.88057931,570.930727,1,0,0.0,54.0,30.0
805,32.22,230.88057931,570.930727,1,0,0.0,54.0,30.0
806,32.26,230.88057931,570.930727,1,0,0.0,54.0,30.0
807,32.3,230.88057931,570.930727,1,0,0.0,54.0,30.0
808,32.34,230.88057931,570.930727,1,0,0.0,54.0,30.0
809,32.38,230.88057931,570.930727,1,0,0.0,54.0,30.0
810,32.42,230.88057931,570.930727,1,0,0.0,54.0,30.0
811,32.46,230.88057931,570.930727,1,0,0.0,54.0,30.0
812,32.5,230.88057931,570.930727,1,0,0.0,54.0,30.0
813,32.54,230.88057931,570.930727,1,0,0.0,54.0,30.0
814,32.58,230.88057931,570.930727,1,0,0.0,54.0,30.0
815,32.62,230.88057931,570.930727,1,0,0.0,54.0,30.0
816,32.66,230.88057931,570.930727,1,0,0.0,54.0,30.0
817,32.7,230.88057931,570.930727,1,0,0.0,54.0,30.0
818,32.74,230.88057931,570.930727,1,0,0.0,54.0,30.0
819,32.78,230.88057931,570.930727,1,0,0.0,54.0,30.0
820,32.82,230.88057931,570.930727,1,0,0.0,54.0,30.0
821,32.86,230.88057931,570.930727,1,0,0.0,54.0,30.0
822,32.9,230.88057931,570.930727,1,0,0.0,54.0,30.0
823,32.94,230.88057931,570.930727,1,0,0.0,54.0,30.0
824,32.98,230.88057931,570.930727,1,0,0.0,54.0,30.0
825,33.02,230.88057931,570.930727,1,0,0.0,54.0,30.0
826,33.06,230.88057931,570.930727,1,0,0.0,54.0,30.0
827,33.1,230.88057931,570.930727,1,0,0.0,54.0,30.0
828,33.14,230.88057931,570.930727,1,0,0.0,54.0,30.0
829,33.18,230.88057931,570.930727,1,0,0.0,54.0,30.0
830,33.22,230.88057931,570.930727,1,0,0.0,54.0,30.0
831,33.26,230.88057931,570.930727,1,0,0.0,54.0,30.0
832,33.3,230.88057931,570.930727,1,0,0.0,54.0,30.0
833,33.34,230.88057931,570.930727,1,0,0.0,54.0,30.0
834,33.38,230.88057931,570.930727,1,0,0.0,54.0,30.0
835,33.42,230.88057931,570.930727,1,0,0.0,54.0,30.0
836,33.46,230.88057931,570.930727,1,0,0.0,54.0,30.0
837,33.5,230.88057931,570.930727,1,0,0.0,54.0,30.0
838,33.54,230.88057931,570.930727,1,0,0.0,54.0,30.0
839,33.58,230.88057931,570.930727,1,0,0.0,54.0,30.0
840,33.62,230.88057931,570.930727,1,0,0.0,54.0,30.0
841,33.66,230.88057931,570.930727,1,0,0.0,54.0,30.0
842,33.7,230.88057931,570.930727,1,0,0.0,54.0,30.0
843,33.74,230.88057931,570.930727,1,0,0.0,54.0,30.0
844,33.78,230.88057931,570.930727,1,0,0.0,54.0,30.0
845,33.82,230.88057931,570.930727,1,0,0.0,54.0,30.0
846,33.86,230.88057931,570.930727,1,0,0.0,54.0,30.0
847,33.9,230.88057931,570.930727,1,0,0.0,54.0,30.0
848,33.94,230.88057931,570.930727,1,0,0.0,54.0,30.0
849,33.98,230.88057931,570.930727,1,0,0.0,54.0,30.0
850,34.02,230.88057931,570.930727,1,0,0.0,54.0,30.0
851,34.06,230.88057931,570.930727,1,0,0.0,54.0,30.0
852,34.1,230.88057931,570.930727,1,0,0.0,54.0,30.0
853,34.14,230.88057931,570.930727,1,0,0.0,54.0,30.0
854,34.18,230.88057931,570.930727,1,0,0.0,54.0,30.0
855,34.22,230.88057931,570.930727,1,0,0.0,54.0,30.0
856,34.26,230.88057931,570.930727,1,0,0.0,54.0,30.0
857,34.3,230.88057931,570.930727,1,0,0.0,54.0,30.0
858,34.34,230.88057931,570.930727,1,0,0.0,54.0,30.0
859,34.38,230.88057931,570.930727,1,0,0.0,54.0,30.0
860,34.42,230.88057931,570.930727,1,0,0.0,54.0,30.0
861,34.46,230.88057931,570.930727,1,0,0.0,54.0,30.0
862,34.5,230.88057931,570.930727,1,0,0.0,54.0,30.0
863,34.54,230.88057931,570.930727,1,0,0.0,54.0,30.0
864,34.58,230.88057931,570.930727,1,0,0.0,54.0,30.0
865,34.62,230.88057931,570.930727,1,0,0.0,54.0,30.0
866,34.66,230.88057931,570.930727,1,0,0.0,54.0,30.0
867,34.7,230.88057931,570.930727,1,0,0.0,54.0,30.0
868,34.74,230.88057931,570.930727,1,0,0.0,54.0,30.0
869,34.78,230.88057931,570.930727,1,0,0.0,54.0,30.0
870,34.82,230.88057931,570.930727,1,0,0.0,54.0,30.0
871,34.86,230.88057931,570.930727,1,0,0.0,54.0,30.0
872,34.9,230.88057931,570.930727,1,0,0.0,54.0,30.0
873,34.94,230.88057931,570.930727,1,0,0.0,54.0,30.0
874,34.98,230.88057931,570.930727,1,0,0.0,54.0,30.0
875,35.02,230.88057931,570.930727,1,0,0.0,54.0,30.0
876,35.06,230.88057931,570.930727,1,0,0.0,54.0,30.0
877,35.1,230.88057931,570.930727,1,0,0.0,54.0,30.0
878,35.14,230.88057931,570.930727,1,0,0.0,54.0,30.0
879,35.18,230.88057931,570.930727,1,0,0.0,54.0,30.0
880,35.22,230.88057931,570.930727,1,0,0.0,54.0,30.0
881,35.26,230.88057931,570.930727,1,0,0.0,54.0,30.0
882,35.3,230.88057931,570.930727,1,0,0.0,54.0,30.0
883,35.34,230.88057931,570.930727,1,0,0.0,54.0,30.0
884,35.38,230.88057931,570.930727,1,0,0.0,54.0,30.0
885,35.42,230.88057931,570.930727,1,0,0.0,54.0,30.0
886,35.46,230.88057931,570.930727,1,0,0.0,54.0,30.0
887,35.5,230.88057931,570.930727,1,0,0.0,54.0,30.0
888,35.54,230.88057931,570.930727,1,0,0.0,54.0,30.0
889,35.58,230.88057931,570.930727,1,0,0.0,54.0,30.0
890,35.62,230.88057931,570.930727,1,0,0.0,54.0,30.0
891,35.66,230.88057931,570.930727,1,0,0.0,54.0,30.0
892,35.7,230.88057931,570.930727,1,0,0.0,54.0,30.0
893,35.74,230.88057931,570.930727,1,0,0.0,54.0,30.0
894,35.78,230.88057931,570.930727,1,0,0.0,54.0,30.0
895,35.82,230.88057931,570.930727,1,0,0.0,54.0,30.0
896,35.86,230.88057931,570.930727,1,0,0.0,54.0,30.0
897,35.9,230.88057931,570.930727,1,0,0.0,54.0,30.0
898,35.94,230.88057931,570.930727,1,0,0.0,54.0,30.0
899,35.98,230.88057931,570.930727,1,0,0.0,54.0,30.0
900,36.02,230.88057931,570.930727,1,0,0.0,54.0,30.0
901,36.06,230.88057931,570.930727,1,0,0.0,54.0,30.0
902,36.1,230.88057931,570.930727,1,0,0.0,54.0,30.0
903,36.14,230.88057931,570.930727,1,0,0.0,54.0,30.0
904,36.18,230.88057931,570.930727,1,0,0.0,54.0,30.0
905,36.22,230.88057931,570.930727,1,0,0.0,54.0,30.0
906,36.26,230.88057931,570.930727,1,0,0.0,54.0,30.0
907,36.3,230.88057931,570.930727,1,0,0.0,54.0,30.0
908,36.34,230.88057931,570.930727,1,0,0.0,54.0,30.0
909,36.38,230.88057931,570.930727,1,0,0.0,54.0,30.0
910,36.42,230.88057931,570.930727,1,0,0.0,54.0,30.0
911,36.46,230.88057931,570.930727,1,0,0.0,54.0,30.0
912,36.5,230.88057931,570.930727,1,0,0.0,54.0,30.0
913,36.54,230.88057931,570.930727,1,0,0.0,54.0,30.0
914,36.58,230.88057931,570.930727,1,0,0.0,54.0,30.0
915,36.62,230.88057931,570.930727,1,0,0.0,54.0,30.0
916,36.66,230.88057931,570.930727,1,0,0.0,54.0,30.0
917,36.7,230.88057931,570.930727,1,0,0.0,54.0,30.0
918,36.74,230.88057931,570.930727,1,0,0.0,54.0,30.0
919,36.78,230.88057931,570.930727,1,0,0.0,54.0,30.0
920,36.82,230.88057931,570.930727,1,0,0.0,54.0,30.0
921,36.86,230.88057931,570.930727,1,0,0.0,54.0,30.0
922,36.9,230.88057931,570.930727,1,0,0.0,54.0,30.0
923,36.94,230.88057931,570.930727,1,0,0.0,54.0,30.0
924,36.98,230.88057931,570.930727,1,0,0.0,54.0,30.0
925,37.02,230.88057931,570.930727,1,0,0.0,54.0,30.0
926,37.06,230.88057931,570.930727,1,0,0.0,54.0,30.0
927,37.1,230.88057931,570.930727,1,0,0.0,54.0,30.0
928,37.14,230.88057931,570.930727,1,0,0.0,54.0,30.0
929,37.18,230.88057931,570.930727,1,0,0.0,54.0,30.0
930,37.22,230.88057931,570.930727,1,0,0.0,54.0,30.0
931,37.26,230.88057931,570.930727,1,0,0.0,54.0,30.0
932,37.3,230.88057931,570.930727,1,0,0.0,54.0,30.0
933,37.34,230.88057931,570.930727,1,0,0.0,54.0,30.0
934,37.38,230.88057931,570.930727,1,0,0.0,54.0,30.0
935,37.42,230.88057931,570.930727,1,0,0.0,54.0,30.0
936,37.46,230.88057931,570.930727,1,0,0.0,54.0,30.0
937,37.5,230.88057931,570.930727,1,0,0.0,54.0,30.0
938,37.54,230.88057931,570.930727,1,0,0.0,54.0,30.0
939,37.58,230.88057931,570.930727,1,0,0.0,54.0,30.0
940,37.62,230.88057931,570.930727,1,0,0.0,54.0,30.0
941,37.66,230.88057931,570.930727,1,0,0.0,54.0,30.0
942,37.7,230.88057931,570.930727,1,0,0.0,54.0,30.0
943,37.74,230.88057931,570.930727,1,0,0.0,54.0,30.0
944,37.78,230.88057931,570.930727,1,0,0.0,54.0,30.0
945,37.82,230.88057931,570.930727,1,0,0.0,54.0,30.0
946,37.86,230.88057931,570.930727,1,0,0.0,54.0,30.0
947,37.9,230.88057931,570.930727,1,0,0.0,54.0,30.0
948,37.94,230.88057931,570.930727,1,0,0.0,54.0,30.0
949,37.98,230.88057931,570.930727,1,0,0.0,54.0,30.0
950,38.02,230.88057931,570.930727,1,0,0.0,54.0,30.0
951,38.06,230.88057931,570.930727,1,0,0.0,54.0,30.0
952,38.1,230.88057931,570.930727,1,0,0.0,54.0,30.0
953,38.14,230.88057931,570.930727,1,0,0.0,54.0,30.0
954,38.18,230.88057931,570.930727,1,0,0.0,54.0,30.0
955,38.22,230.88057931,570.930727,1,0,0.0,54.0,30.0
956,38.26,230.88057931,570.930727,1,0,0.0,54.0,30.0
957,38.3,230.88057931,570.930727,1,0,0.0,54.0,30.0
958,38.34,230.88057931,570.930727,1,0,0.0,54.0,30.0
959,38.38,230.88057931,570.930727,1,0,0.0,54.0,30.0
960,38.42,230.88057931,570.930727,1,0,0.0,54.0,30.0
961,38.46,230.88057931,570.930727,1,0,0.0,54.0,30.0
962,38.5,230.88057931,570.930727,1,0,0.0,54.0,30.0
963,38.54,230.88057931,570.930727,1,0,0.0,54.0,30.0
964,38.58,230.88057931,570.930727,1,0,0.0,54.0,30.0
965,38.62,230.88057931,570.930727,1,0,0.0,54.0,30.0
966,38.66,230.88057931,570.930727,1,0,0.0,54.0,30.0
967,38.7,230.88057931,570.930727,1,0,0.0,54.0,30.0
968,38.74,230.88057931,570.930727,1,0,0.0,54.0,30.0
969,38.78,230.88057931,570.930727,1,0,0.0,54.0,30.0
970,38.82,230.88057931,570.930727,1,0,0.0,54.0,30.0
971,38.86,230.88057931,570.930727,1,0,0.0,54.0,30.0
972,38.9,230.88057931,570.930727,1,0,0.0,54.0,30.0
973,38.94,230.88057931,570.930727,1,0,0.0,54.0,30.0
974,38.98,230.88057931,570.930727,1,0,0.0,54.0,30.0
975,39.02,230.88057931,570.930727,1,0,0.0,54.0,30.0
976,39.06,230.88057931,570.930727,1,0,0.0,54.0,30.0
977,39.1,230.88057931,570.930727,1,0,0.0,54.0,30.0
978,39.14,230.88057931,570.930727,1,0,0.0,54.0,30.0
979,39.18,230.88057931,570.930727,1,0,0.0,54.0,30.0
980,39.22,230.88057931,570.930727,1,0,0.0,54.0,30.0
981,39.26,230.88057931,570.930727,1,0,0.0,54.0,30.0
982,39.3,230.88057931,570.930727,1,0,0.0,54.0,30.0
983,39.34,230.88057931,570.930727,1,0,0.0,54.0,30.0
984,39.38,230.88057931,570.930727,1,0,0.0,54.0,30.0
985,39.42,230.88057931,570.930727,1,0,0.0,54.0,30.0
986,39.46,230.88057931,570.930727,1,0,0.0,54.0,30.0
987,39.5,230.88057931,570.930727,1,0,0.0,54.0,30.0
988,39.54,230.88057931,570.930727,1,0,0.0,54.0,30.0
989,39.58,230.88057931,570.930727,1,0,0.0,54.0,30.0
990,39.62,230.88057931,570.930727,1,0,0.0,54.0,30.0
991,39.66,230.88057931,570.930727,1,0,0.0,54.0,30.0
992,39.7,230.88057931,570.930727,1,0,0.0,54.0,30.0
993,39.74,230.88057931,570.930727,1,0,0.0,54.0,30.0
994,39.78,230.88057931,570.930727,1,0,0.0,54.0,30.0
995,39.82,230.88057931,570.930727,1,0,0.0,54.0,30.0
996,39.86,230.88057931,570.930727,1,0,0.0,54.0,30.0
997,39.9,230.88057931,570.930727,1,0,0.0,54.0,30.0
998,39.94,230.88057931,570.930727,1,0,0.0,54.0,30.0
999,39.98,230.88057931,570.930727,1,0,0.0,54.0,30.0
1000,40.02,230.88057931,570.930727,1,0,0.0,54.0,30.0
1001,40.06,230.88057931,570.930727,1,0,0.0,54.0,30.0
1002,40.1,230.88057931,570.930727,1,0,0.0,54.0,30.0
1003,40.14,230.88057931,570.930727,1,0,0.0,54.0,30.0
1004,40.18,230.88057931,570.930727,1,0,0.0,54.0,30.0
1005,40.22,230.88057931,570.930727,1,0,0.0,54.0,30.0
1006,40.26,230.88057931,570.930727,1,0,0.0,54.0,30.0
1007,40.3,230.88057931,570.930727,1,0,0.0,54.0,30.0
1008,40.34,230.88057931,570.930727,1,0,0.0,54.0,30.0
1009,40.38,230.88057931,570.930727,1,0,0.0,54.0,30.0
1010,40.42,230.88057931,570.930727,1,0,0.0,54.0,30.0
1011,40.46,230.88057931,570.930727,1,0,0.0,54.0,30.0
1012,40.5,230.88057931,570.930727,1,0,0.0,54.0,30.0
1013,40.54,230.88057931,570.930727,1,0,0.0,54.0,30.0
1014,40.58,230.88057931,570.930727,1,0,0.0,54.0,30.0
1015,40.62,230.88057931,570.930727,1,0,0.0,54.0,30.0
1016,40.66,230.88057931,570.930727,1,0,0.0,54.0,30.0
1017,40.7,230.88057931,570.930727,1,0,0.0,54.0,30.0
1018,40.74,230.88057931,570.930727,1,0,0.0,54.0,30.0
1019,40.78,230.88057931,570.930727,1,0,0.0,54.0,30.0
1020,40.82,230.88057931,570.930727,1,0,0.0,54.0,30.0
1021,40.86,230.88057931,570.930727,1,0,0.0,54.0,30.0
1022,40.9,230.88057931,570.930727,1,0,0.0,54.0,30.0
1023,40.94,230.88057931,570.930727,1,0,0.0,54.0,30.0
1024,40.98,230.88057931,570.930727,1,0,0.0,54.0,30.0
1025,41.02,230.88057931,570.930727,1,0,0.0,54.0,30.0
1026,41.06,230.88057931,570.930727,1,0,0.0,54.0,30.0
1027,41.1,230.88057931,570.930727,1,0,0.0,54.0,30.0
1028,41.14,230.88057931,570.930727,1,0,0.0,54.0,30.0
1029,41.18,230.88057931,570.930727,1,0,0.0,54.0,30.0
1030,41.22,230.88057931,570.930727,1,0,0.0,54.0,30.0
1031,41.26,230.88057931,570.930727,1,0,0.0,54.0,30.0
1032,41.3,230.88057931,570.930727,1,0,0.0,54.0,30.0
1033,41.34,230.88057931,570.930727,1,0,0.0,54.0,30.0
1034,41.38,230.88057931,570.930727,1,0,0.0,54.0,30.0
1035,41.42,230.88057931,570.930727,1,0,0.0,54.0,30.0
1036,41.46,230.88057931,570.930727,1,0,0.0,54.0,30.0
1037,41.5,230.88057931,570.930727,1,0,0.0,54.0,30.0
1038,41.54,230.88057931,570.930727,1,0,0.0,54.0,30.0
1039,41.58,230.88057931,570.930727,1,0,0.0,54.0,30.0
1040,41.62,230.88057931,570.930727,1,0,0.0,54.0,30.0
1041,41.66,230.88057931,570.930727,1,0,0.0,54.0,30.0
1042,41.7,230.88057931,570.930727,1,0,0.0,54.0,30.0
1043,41.74,230.88057931,570.930727,1,0,0.0,54.0,30.0
1044,41.78,230.88057931,570.930727,1,0,0.0,54.0,30.0
1045,41.82,230.88057931,570.930727,1,0,0.0,54.0,30.0
1046,41.86,230.88057931,570.930727,1,0,0.0,54.0,30.0
1047,41.9,230.88057931,570.930727,1,0,0.0,54.0,30.0
1048,41.94,230.88057931,570.930727,1,0,0.0,54.0,30.0
1049,41.98,230.88057931,570.930727,1,0,0.0,54.0,30.0
1050,42.02,230.88057931,570.930727,1,0,0.0,54.0,30.0
1051,42.06,230.88057931,570.930727,1,0,0.0,54.0,30.0
1052,42.1,230.88057931,570.930727,1,0,0.0,54.0,30.0
1053,42.14,230.88057931,570.930727,1,0,0.0,54.0,30.0
1054,42.18,230.88057931,570.930727,1,0,0.0,54.0,30.0
1055,42.22,230.88057931,570.930727,1,0,0.0,54.0,30.0
1056,42.26,230.88057931,570.930727,1,0,0.0,54.0,30.0
1057,42.3,230.88057931,570.930727,1,0,0.0,54.0,30.0
1058,42.34,230.88057931,570.930727,1,0,0.0,54.0,30.0
1059,42.38,230.88057931,570.930727,1,0,0.0,54.0,30.0
1060,42.42,230.88057931,570.930727,1,0,0.0,54.0,30.0
1061,42.46,230.88057931,570.930727,1,0,0.0,54.0,30.0
1062,42.5,230.88057931,570.930727,1,0,0.0,54.0,30.0
1063,42.54,230.88057931,570.930727,1,0,0.0,54.0,30.0
1064,42.58,230.88057931,570.930727,1,0,0.0,54.0,30.0
1065,42.62,230.88057931,570.930727,1,0,0.0,54.0,30.0
1066,42.66,230.88057931,570.930727,1,0,0.0,54.0,30.0
1067,42.7,230.88057931,570.930727,1,0,0.0,54.0,30.0
1068,42.74,230.88057931,570.930727,1,0,0.0,54.0,30.0
1069,42.78,230.88057931,570.930727,1,0,0.0,54.0,30.0
1070,42.82,230.88057931,570.930727,1,0,0.0,54.0,30.0
1071,42.86,230.88057931,570.930727,1,0,0.0,54.0,30.0
1072,42.9,230.88057931,570.930727,1,0,0.0,54.0,30.0
1073,42.94,230.88057931,570.930727,1,0,0.0,54.0,30.0
1074,42.98,230.88057931,570.930727,1,0,0.0,54.0,30.0
1075,43.02,230.88057931,570.930727,1,0,0.0,54.0,30.0
1076,43.06,230.88057931,570.930727,1,0,0.0,54.0,30.0
1077,43.1,230.88057931,570.930727,1,0,0.0,54.0,30.0
1078,43.14,230.88057931,570.930727,1,0,0.0,54.0,30.0
1079,43.18,230.88057931,570.930727,1,0,0.0,54.0,30.0
1080,43.22,230.88057931,570.930727,1,0,0.0,54.0,30.0
1081,43.26,230.88057931,570.930727,1,0,0.0,54.0,30.0
1082,43.3,230.88057931,570.930727,1,0,0.0,54.0,30.0
1083,43.34,230.88057931,570.930727,1,0,0.0,54.0,30.0
1084,43.38,230.88057931,570.930727,1,0,0.0,54.0,30.0
1085,43.42,230.88057931,570.930727,1,0,0.0,54.0,30.0
1086,43.46,230.88057931,570.930727,1,0,0.0,54.0,30.0
1087,43.5,230.88057931,570.930727,1,0,0.0,54.0,30.0
1088,43.54,230.88057931,570.930727,1,0,0.0,54.0,30.0
1089,43.58,230.88057931,570.930727,1,0,0.0,54.0,30.0
1090,43.62,230.88057931,570.930727,1,0,0.0,54.0,30.0
1091,43.66,230.88057931,570.930727,1,0,0.0,54.0,30.0
1092,43.7,230.88057931,570.930727,1,0,0.0,54.0,30.0
1093,43.74,230.88057931,570.930727,1,0,0.0,54.0,30.0
1094,43.78,230.88057931,570.930727,1,0,0.0,54.0,30.0
1095,43.82,230.88057931,570.930727,1,0,0.0,54.0,30.0
1096,43.86,230.88057931,570.930727,1,0,0.0,54.0,30.0
1097,43.9,230.88057931,570.930727,1,0,0.0,54.0,30.0
1098,43.94,230.88057931,570.930727,1,0,0.0,54.0,30.0
1099,43.98,230.88057931,570.930727,1,0,0.0,54.0,30.0
1100,44.02,230.88057931,570.930727,1,0,0.0,54.0,30.0
1101,44.06,230.88057931,570.930727,1,0,0.0,54.0,30.0
1102,44.1,230.88057931,570.930727,1,0,0.0,54.0,30.0
1103,44.14,230.88057931,570.930727,1,0,0.0,54.0,30.0
1104,44.18,230.88057931,570.930727,1,0,0.0,54.0,30.0
1105,44.22,230.88057931,570.930727,1,0,0.0,54.0,30.0
1106,44.26,230.88057931,570.930727,1,0,0.0,54.0,30.0
1107,44.3,230.88057931,570.930727,1,0,0.0,54.0,30.0
1108,44.34,230.88057931,570.930727,1,0,0.0,54.0,30.0
1109,44.38,230.88057931,570.930727,1,0,0.0,54.0,30.0
1110,44.42,230.88057931,570.930727,1,0,0.0,54.0,30.0
1111,44.46,230.88057931,570.930727,1,0,0.0,54.0,30.0
1112,44.5,230.88057931,570.930727,1,0,0.0,54.0,30.0
1113,44.54,230.88057931,570.930727,1,0,0.0,54.0,30.0
1114,44.58,230.88057931,570.930727,1,0,0.0,54.0,30.0
1115,44.62,230.88057931,570.930727,1,0,0.0,54.0,30.0
1116,44.66,230.88057931,570.930727,1,0,0.0,54.0,30.0
1117,44.7,230.88057931,570.930727,1,0,0.0,54.0,30.0
1118,44.74,230.88057931,570.930727,1,0,0.0,54.0,30.0
1119,44.78,230.88057931,570.930727,1,0,0.0,54.0,30.0
1120,44.82,230.88057931,570.930727,1,0,0.0,54.0,30.0
1121,44.86,230.88057931,570.930727,1,0,0.0,54.0,30.0
1122,44.9,230.88057931,570.930727,1,0,0.0,54.0,30.0
1123,44.94,230.88057931,570.930727,1,0,0.0,54.0,30.0
1124,44.98,230.88057931,570.930727,1,0,0.0,54.0,30.0
1125,45.02,230.88057931,570.930727,1,0,0.0,54.0,30.0
1126,45.06,230.88057931,570.930727,1,0,0.0,54.0,30.0
1127,45.1,230.88057931,570.930727,1,0,0.0,54.0,30.0
1128,45.14,230.88057931,570.930727,1,0,0.0,54.0,30.0
1129,45.18,230.88057931,570.930727,1,0,0.0,54.0,30.0
1130,45.22,230.88057931,570.930727,1,0,0.0,54.0,30.0
1131,45.26,230.88057931,570.930727,1,0,0.0,54.0,30.0
1132,45.3,230.88057931,570.930727,1,0,0.0,54.0,30.0
1133,45.34,230.88057931,570.930727,1,0,0.0,54.0,30.0
1134,45.38,230.88057931,570.930727,1,0,0.0,54.0,30.0
1135,45.42,230.88057931,570.930727,1,0,0.0,54.0,30.0
1136,45.46,230.88057931,570.930727,1,0,0.0,54.0,30.0
1137,45.5,230.88057931,570.930727,1,0,0.0,54.0,30.0
1138,45.54,230.88057931,570.930727,1,0,0.0,54.0,30.0
1139,45.58,230.88057931,570.930727,1,0,0.0,54.0,30.0
1140,45.62,230.88057931,570.930727,1,0,0.0,54.0,30.0
1141,45.66,230.88057931,570.930727,1,0,0.0,54.0,30.0
1142,45.7,230.88057931,570.930727,1,0,0.0,54.0,30.0
1143,45.74,230.88057931,570.930727,1,0,0.0,54.0,30.0
1144,45.78,230.88057931,570.930727,1,0,0.0,54.0,30.0
1145,45.82,230.88057931,570.930727,1,0,0.0,54.0,30.0
1146,45.86,230.88057931,570.930727,1,0,0.0,54.0,30.0
1147,45.9,230.88057931,570.930727,1,0,0.0,54.0,30.0
1148,45.94,230.88057931,570.930727,1,0,0.0,54.0,30.0
1149,45.98,230.88057931,570.930727,1,0,0.0,54.0,30.0
1150,46.02,230.88057931,570.930727,1,0,0.0,54.0,30.0
1151,46.06,230.88057931,570.930727,1,0,0.0,54.0,30.0
1152,46.1,230.88057931,570.930727,1,0,0.0,54.0,30.0
1153,46.14,230.88057931,570.930727,1,0,0.0,54.0,30.0
1154,46.18,230.88057931,570.930727,1,0,0.0,54.0,30.0
1155,46.22,230.88057931,570.930727,1,0,0.0,54.0,30.0
1156,46.26,230.88057931,570.930727,1,0,0.0,54.0,30.0
1157,46.3,230.88057931,570.930727,1,0,0.0,54.0,30.0
1158,46.34,230.88057931,570.930727,1,0,0.0,54.0,30.0
1159,46.38,230.88057931,570.930727,1,0,0.0,54.0,30.0
1160,46.42,230.88057931,570.930727,1,0,0.0,54.0,30.0
1161,46.46,230.88057931,570.930727,1,0,0.0,54.0,30.0
1162,46.5,230.88057931,570.930727,1,0,0.0,54.0,30.0
1163,46.54,230.88057931,570.930727,1,0,0.0,54.0,30.0
1164,46.58,230.88057931,570.930727,1,0,0.0,54.0,30.0
1165,46.62,230.88057931,570.930727,1,0,0.0,54.0,30.0
1166,46.66,230.88057931,570.930727,1,0,0.0,54.0,30.0
1167,46.7,230.88057931,570.930727,1,0,0.0,54.0,30.0
1168,46.74,230.88057931,570.930727,1,0,0.0,54.0,30.0
1169,46.78,230.88057931,570.930727,1,0,0.0,54.0,30.0
1170,46.82,230.88057931,570.930727,1,0,0.0,54.0,30.0
1171,46.86,230.88057931,570.930727,1,0,0.0,54.0,30.0
1172,46.9,230.88057931,570.930727,1,0,0.0,54.0,30.0
1173,46.94,230.88057931,570.930727,1,0,0.0,54.0,30.0
1174,46.98,230.88057931,570.930727,1,0,0.0,54.0,30.0
1175,47.02,230.88057931,570.930727,1,0,0.0,54.0,30.0
1176,47.06,230.88057931,570.930727,1,0,0.0,54.0,30.0
1177,47.1,230.88057931,570.930727,1,0,0.0,54.0,30.0
1178,47.14,230.88057931,570.930727,1,0,0.0,54.0,30.0
1179,47.18,230.88057931,570.930727,1,0,0.0,54.0,30.0
1180,47.22,230.88057931,570.930727,1,0,0.0,54.0,30.0
1181,47.26,230.88057931,570.930727,1,0,0.0,54.0,30.0
1182,47.3,230.88057931,570.930727,1,0,0.0,54.0,30.0
1183,47.34,230.88057931,570.930727,1,0,0.0,54.0,30.0
1184,47.38,230.88057931,570.930727,1,0,0.0,54.0,30.0
1185,47.42,230.88057931,570.930727,1,0,0.0,54.0,30.0
1186,47.46,230.88057931,570.930727,1,0,0.0,54.0,30.0
1187,47.5,230.88057931,570.930727,1,0,0.0,54.0,30.0
1188,47.54,230.88057931,570.930727,1,0,0.0,54.0,30.0
1189,47.58,230.88057931,570.930727,1,0,0.0,54.0,30.0
1190,47.62,230.88057931,570.930727,1,0,0.0,54.0,30.0
1191,47.66,230.88057931,570.930727,1,0,0.0,54.0,30.0
1192,47.7,230.88057931,570.930727,1,0,0.0,54.0,30.0
1193,47.74,230.88057931,570.930727,1,0,0.0,54.0,30.0
1194,47.78,230.88057931,570.930727,1,0,0.0,54.0,30.0
1195,47.82,230.88057931,570.930727,1,0,0.0,54.0,30.0
1196,47.86,230.88057931,570.930727,1,0,0.0,54.0,30.0
1197,47.9,230.88057931,570.930727,1,0,0.0,54.0,30.0
1198,47.94,230.88057931,570.930727,1,0,0.0,54.0,30.0
1199,47.98,230.88057931,570.930727,1,0,0.0,54.0,30.0
1200,48.02,230.88057931,570.930727,1,0,0.0,54.0,30.0
1201,48.06,230.88057931,570.930727,1,0,0.0,54.0,30.0
1202,48.1,230.88057931,570.930727,1,0,0.0,54.0,30.0
1203,48.14,230.88057931,570.930727,1,0,0.0,54.0,30.0
1204,48.18,230.88057931,570.930727,1,0,0.0,54.0,30.0
1205,48.22,230.88057931,570.930727,1,0,0.0,54.0,30.0
1206,48.26,230.88057931,570.930727,1,0,0.0,54.0,30.0
1207,48.3,230.88057931,570.930727,1,0,0.0,54.0,30.0
1208,48.34,230.88057931,570.930727,1,0,0.0,54.0,30.0
1209,48.38,230.88057931,570.930727,1,0,0.0,54.0,30.0
1210,48.42,230.88057931,570.930727,1,0,0.0,54.0,30.0
1211,48.46,230.88057931,570.930727,1,0,0.0,54.0,30.0
1212,48.5,230.88057931,570.930727,1,0,0.0,54.0,30.0
1213,48.54,230.88057931,570.930727,1,0,0.0,54.0,30.0
1214,48.58,230.88057931,570.930727,1,0,0.0,54.0,30.0
1215,48.62,230.88057931,570.930727,1,0,0.0,54.0,30.0
1216,48.66,230.88057931,570.930727,1,0,0.0,54.0,30.0
1217,48.7,230.88057931,570.930727,1,0,0.0,54.0,30.0
1218,48.74,230.88057931,570.930727,1,0,0.0,54.0,30.0
1219,48.78,230.88057931,570.930727,1,0,0.0,54.0,30.0
1220,48.82,230.88057931,570.930727,1,0,0.0,54.0,30.0
1221,48.86,230.88057931,570.930727,1,0,0.0,54.0,30.0
1222,48.9,230.88057931,570.930727,1,0,0.0,54.0,30.0
1223,48.94,230.88057931,570.930727,1,0,0.0,54.0,30.0
1224,48.98,230.88057931,570.930727,1,0,0.0,54.0,30.0
1225,49.02,230.88057931,570.930727,1,0,0.0,54.0,30.0
1226,49.06,230.88057931,570.930727,1,0,0.0,54.0,30.0
1227,49.1,230.88057931,570.930727,1,0,0.0,54.0,30.0
1228,49.14,230.88057931,570.930727,1,0,0.0,54.0,30.0
1229,49.18,230.88057931,570.930727,1,0,0.0,54.0,30.0
1230,49.22,230.88057931,570.930727,1,0,0.0,54.0,30.0
1231,49.26,230.88057931,570.930727,1,0,0.0,54.0,30.0
1232,49.3,230.88057931,570.930727,1,0,0.0,54.0,30.0
1233,49.34,230.88057931,570.930727,1,0,0.0,54.0,30.0
1234,49.38,230.88057931,570.930727,1,0,0.0,54.0,30.0
1235,49.42,230.88057931,570.930727,1,0,0.0,54.0,30.0
1236,49.46,230.88057931,570.930727,1,0,0.0,54.0,30.0
1237,49.5,230.88057931,570.930727,1,0,0.0,54.0,30.0
1238,49.54,230.88057931,570.930727,1,0,0.0,54.0,30.0
1239,49.58,230.88057931,570.930727,1,0,0.0,54.0,30.0
1240,49.62,230.88057931,570.930727,1,0,0.0,54.0,30.0
1241,49.66,230.88057931,570.930727,1,0,0.0,54.0,30.0
1242,49.7,230.88057931,570.930727,1,0,0.0,54.0,30.0
1243,49.74,230.88057931,570.930727,1,0,0.0,54.0,30.0
1244,49.78,230.88057931,570.930727,1,0,0.0,54.0,30.0
1245,49.82,230.88057931,570.930727,1,0,0.0,54.0,30.0
1246,49.86,230.88057931,570.930727,1,0,0.0,54.0,30.0
1247,49.9,230.88057931,570.930727,1,0,0.0,54.0,30.0
1248,49.94,230.88057931,570.930727,1,0,0.0,54.0,30.0
1249,49.98,230.88057931,570.930727,1,0,0.0,54.0,30.0
1250,50.02,230.88057931,570.930727,1,0,0.0,54.0,30.0
1251,50.06,230.88057931,570.930727,1,0,0.0,54.0,30.0
1252,50.1,230.88057931,570.930727,1,0,0.0,54.0,30.0
1253,50.14,230.88057931,570.930727,1,0,0.0,54.0,30.0
1254,50.18,230.88057931,570.930727,1,0,0.0,54.0,30.0
1255,50.22,230.88057931,570.930727,1,0,0.0,54.0,30.0
1256,50.26,230.88057931,570.930727,1,0,0.0,54.0,30.0
1257,50.3,230.88057931,570.930727,1,0,0.0,54.0,30.0
1258,50.34,230.88057931,570.930727,1,0,0.0,54.0,30.0
1259,50.38,230.88057931,570.930727,1,0,0.0,54.0,30.0
1260,50.42,230.88057931,570.930727,1,0,0.0,54.0,30.0
1261,50.46,230.88057931,570.930727,1,0,0.0,54.0,30.0
1262,50.5,230.88057931,570.930727,1,0,0.0,54.0,30.0
1263,50.54,230.88057931,570.930727,1,0,0.0,54.0,30.0
1264,50.58,230.88057931,570.930727,1,0,0.0,54.0,30.0
1265,50.62,230.88057931,570.930727,1,0,0.0,54.0,30.0
1266,50.66,230.88057931,570.930727,1,0,0.0,54.0,30.0
1267,50.7,230.88057931,570.930727,1,0,0.0,54.0,30.0
1268,50.74,230.88057931,570.930727,1,0,0.0,54.0,30.0
1269,50.78,230.88057931,570.930727,1,0,0.0,54.0,30.0
1270,50.82,230.88057931,570.930727,1,0,0.0,54.0,30.0
1271,50.86,230.88057931,570.930727,1,0,0.0,54.0,30.0
1272,50.9,230.88057931,570.930727,1,0,0.0,54.0,30.0
1273,50.94,230.88057931,570.930727,1,0,0.0,54.0,30.0
1274,50.98,230.88057931,570.930727,1,0,0.0,54.0,30.0
1275,51.02,230.88057931,570.930727,1,0,0.0,54.0,30.0
1276,51.06,230.88057931,570.930727,1,0,0.0,54.0,30.0
1277,51.1,230.88057931,570.930727,1,0,0.0,54.0,30.0
1278,51.14,230.88057931,570.930727,1,0,0.0,54.0,30.0
1279,51.18,230.88057931,570.930727,1,0,0.0,54.0,30.0
1280,51.22,230.88057931,570.930727,1,0,0.0,54.0,30.0
1281,51.26,230.88057931,570.930727,1,0,0.0,54.0,30.0
1282,51.3,230.88057931,570.930727,1,0,0.0,54.0,30.0
1283,51.34,230.88057931,570.930727,1,0,0.0,54.0,30.0
1284,51.38,230.88057931,570.930727,1,0,0.0,54.0,30.0
1285,51.42,230.88057931,570.930727,1,0,0.0,54.0,30.0
1286,51.46,230.88057931,570.930727,1,0,0.0,54.0,30.0
1287,51.5,230.88057931,570.930727,1,0,0.0,54.0,30.0
1288,51.54,230.88057931,570.930727,1,0,0.0,54.0,30.0
1289,51.58,230.88057931,570.930727,1,0,0.0,54.0,30.0
1290,51.62,230.88057931,570.930727,1,0,0.0,54.0,30.0
1291,51.66,230.88057931,570.930727,1,0,0.0,54.0,30.0
1292,51.7,230.88057931,570.930727,1,0,0.0,54.0,30.0
1293,51.74,230.88057931,570.930727,1,0,0.0,54.0,30.0
1294,51.78,230.88057931,570.930727,1,0,0.0,54.0,30.0
1295,51.82,230.88057931,570.930727,1,0,0.0,54.0,30.0
1296,51.86,230.88057931,570.930727,1,0,0.0,54.0,30.0
1297,51.9,230.88057931,570.930727,1,0,0.0,54.0,30.0
1298,51.94,230.88057931,570.930727,1,0,0.0,54.0,30.0
1299,51.98,230.88057931,570.930727,1,0,0.0,54.0,30.0
1300,52.02,230.88057931,570.930727,1,0,0.0,54.0,30.0
1301,52.06,230.88057931,570.930727,1,0,0.0,54.0,30.0
1302,52.1,230.88057931,570.930727,1,0,0.0,54.0,30.0
1303,52.14,230.88057931,570.930727,1,0,0.0,54.0,30.0
1304,52.18,230.88057931,570.930727,1,0,0.0,54.0,30.0
1305,52.22,230.88057931,570.930727,1,0,0.0,54.0,30.0
1306,52.26,230.88057931,570.930727,1,0,0.0,54.0,30.0
1307,52.3,230.88057931,570.930727,1,0,0.0,54.0,30.0
1308,52.34,230.88057931,570.930727,1,0,0.0,54.0,30.0
1309,52.38,230.88057931,570.930727,1,0,0.0,54.0,30.0
1310,52.42,230.88057931,570.930727,1,0,0.0,54.0,30.0
1311,52.46,230.88057931,570.930727,1,0,0.0,54.0,30.0
1312,52.5,230.88057931,570.930727,1,0,0.0,54.0,30.0
1313,52.54,230.88057931,570.930727,1,0,0.0,54.0,30.0
1314,52.58,230.88057931,570.930727,1,0,0.0,54.0,30.0
1315,52.62,230.88057931,570.930727,1,0,0.0,54.0,30.0
1316,52.66,230.88057931,570.930727,1,0,0.0,54.0,30.0
1317,52.7,230.88057931,570.930727,1,0,0.0,54.0,30.0
1318,52.74,230.88057931,570.930727,1,0,0.0,54.0,30.0
1319,52.78,230.88057931,570.930727,1,0,0.0,54.0,30.0
1320,52.82,230.88057931,570.930727,1,0,0.0,54.0,30.0
1321,52.86,230.88057931,570.930727,1,0,0.0,54.0,30.0
1322,52.9,230.88057931,570.930727,1,0,0.0,54.0,30.0
1323,52.94,230.88057931,570.930727,1,0,0.0,54.0,30.0
1324,52.98,230.88057931,570.930727,1,0,0.0,54.0,30.0
1325,53.02,230.88057931,570.930727,1,0,0.0,54.0,30.0
1326,53.06,230.88057931,570.930727,1,0,0.0,54.0,30.0
1327,53.1,230.88057931,570.930727,1,0,0.0,54.0,30.0
1328,53.14,230.88057931,570.930727,1,0,0.0,54.0,30.0
1329,53.18,230.88057931,570.930727,1,0,0.0,54.0,30.0
1330,53.22,230.88057931,570.930727,1,0,0.0,54.0,30.0
1331,53.26,230.88057931,570.930727,1,0,0.0,54.0,30.0
1332,53.3,230.88057931,570.930727,1,0,0.0,54.0,30.0
1333,53.34,230.88057931,570.930727,1,0,0.0,54.0,30.0
1334,53.38,230.88057931,570.930727,1,0,0.0,54.0,30.0
1335,53.42,230.88057931,570.930727,1,0,0.0,54.0,30.0
1336,53.46,230.88057931,570.930727,1,0,0.0,54.0,30.0
1337,53.5,230.88057931,570.930727,1,0,0.0,54.0,30.0
1338,53.54,230.88057931,570.930727,1,0,0.0,54.0,30.0
1339,53.58,230.88057931,570.930727,1,0,0.0,54.0,30.0
1340,53.62,230.88057931,570.930727,1,0,0.0,54.0,30.0
1341,53.66,230.88057931,570.930727,1,0,0.0,54.0,30.0
1342,53.7,230.88057931,570.930727,1,0,0.0,54.0,30.0
1343,53.74,230.88057931,570.930727,1,0,0.0,54.0,30.0
1344,53.78,230.88057931,570.930727,1,0,0.0,54.0,30.0
1345,53.82,230.88057931,570.930727,1,0,0.0,54.0,30.0
1346,53.86,230.88057931,570.930727,1,0,0.0,54.0,30.0
1347,53.9,230.88057931,570.930727,1,0,0.0,54.0,30.0
1348,53.94,230.88057931,570.930727,1,0,0.0,54.0,30.0
1349,53.98,230.88057931,570.930727,1,0,0.0,54.0,30.0
1350,54.02,230.88057931,570.930727,1,0,0.0,54.0,30.0
1351,54.06,230.88057931,570.930727,1,0,0.0,54.0,30.0
1352,54.1,230.88057931,570.930727,1,0,0.0,54.0,30.0
1353,54.14,230.88057931,570.930727,1,0,0.0,54.0,30.0
1354,54.18,230.88057931,570.930727,1,0,0.0,54.0,30.0
1355,54.22,230.88057931,570.930727,1,0,0.0,54.0,30.0
1356,54.26,230.88057931,570.930727,1,0,0.0,54.0,30.0
1357,54.3,230.88057931,570.930727,1,0,0.0,54.0,30.0
1358,54.34,230.88057931,570.930727,1,0,0.0,54.0,30.0
1359,54.38,230.88057931,570.930727,1,0,0.0,54.0,30.0
1360,54.42,230.88057931,570.930727,1,0,0.0,54.0,30.0
1361,54.46,230.88057931,570.930727,1,0,0.0,54.0,30.0
1362,54.5,230.88057931,570.930727,1,0,0.0,54.0,30.0
1363,54.54,230.88057931,570.930727,1,0,0.0,54.0,30.0
1364,54.58,230.88057931,570.930727,1,0,0.0,54.0,30.0
1365,54.62,230.88057931,570.930727,1,0,0.0,54.0,30.0
1366,54.66,230.88057931,570.930727,1,0,0.0,54.0,30.0
1367,54.7,230.88057931,570.930727,1,0,0.0,54.0,30.0
1368,54.74,230.88057931,570.930727,1,0,0.0,54.0,30.0
1369,54.78,230.88057931,570.930727,1,0,0.0,54.0,30.0
1370,54.82,230.88057931,570.930727,1,0,0.0,54.0,30.0
1371,54.86,230.88057931,570.930727,1,0,0.0,54.0,30.0
1372,54.9,230.88057931,570.930727,1,0,0.0,54.0,30.0
1373,54.94,230.88057931,570.930727,1,0,0.0,54.0,30.0
1374,54.98,230.88057931,570.930727,1,0,0.0,54.0,30.0
1375,55.02,230.88057931,570.930727,1,0,0.0,54.0,30.0
1376,55.06,230.88057931,570.930727,1,0,0.0,54.0,30.0
1377,55.1,230.88057931,570.930727,1,0,0.0,54.0,30.0
1378,55.14,230.88057931,570.930727,1,0,0.0,54.0,30.0
1379,55.18,230.88057931,570.930727,1,0,0.0,54.0,30.0
1380,55.22,230.88057931,570.930727,1,0,0.0,54.0,30.0
1381,55.26,230.88057931,570.930727,1,0,0.0,54.0,30.0
1382,55.3,230.88057931,570.930727,1,0,0.0,54.0,30.0
1383,55.34,230.88057931,570.930727,1,0,0.0,54.0,30.0
1384,55.38,230.88057931,570.930727,1,0,0.0,54.0,30.0
1385,55.42,230.88057931,570.930727,1,0,0.0,54.0,30.0
1386,55.46,230.88057931,570.930727,1,0,0.0,54.0,30.0
1387,55.5,230.88057931,570.930727,1,0,0.0,54.0,30.0
1388,55.54,230.88057931,570.930727,1,0,0.0,54.0,30.0
1389,55.58,230.88057931,570.930727,1,0,0.0,54.0,30.0
1390,55.62,230.88057931,570.930727,1,0,0.0,54.0,30.0
1391,55.66,230.88057931,570.930727,1,0,0.0,54.0,30.0
1392,55.7,230.88057931,570.930727,1,0,0.0,54.0,30.0
1393,55.74,230.88057931,570.930727,1,0,0.0,54.0,30.0
1394,55.78,230.88057931,570.930727,1,0,0.0,54.0,30.0
1395,55.82,230.88057931,570.930727,1,0,0.0,54.0,30.0
1396,55.86,230.88057931,570.930727,1,0,0.0,54.0,30.0
1397,55.9,230.88057931,570.930727,1,0,0.0,54.0,30.0
1398,55.94,230.88057931,570.930727,1,0,0.0,54.0,30.0
1399,55.98,230.88057931,570.930727,1,0,0.0,54.0,30.0
1400,56.02,230.88057931,570.930727,1,0,0.0,54.0,30.0
1401,56.06,230.88057931,570.930727,1,0,0.0,54.0,30.0
1402,56.1,230.88057931,570.930727,1,0,0.0,54.0,30.0
1403,56.14,230.88057931,570.930727,1,0,0.0,54.0,30.0
1404,56.18,230.88057931,570.930727,1,0,0.0,54.0,30.0
1405,56.22,230.88057931,570.930727,1,0,0.0,54.0,30.0
1406,56.26,230.88057931,570.930727,1,0,0.0,54.0,30.0
1407,56.3,230.88057931,570.930727,1,0,0.0,54.0,30.0
1408,56.34,230.88057931,570.930727,1,0,0.0,54.0,30.0
1409,56.38,230.88057931,570.930727,1,0,0.0,54.0,30.0
1410,56.42,230.88057931,570.930727,1,0,0.0,54.0,30.0
1411,56.46,230.88057931,570.930727,1,0,0.0,54.0,30.0
1412,56.5,230.88057931,570.930727,1,0,0.0,54.0,30.0
1413,56.54,230.88057931,570.930727,1,0,0.0,54.0,30.0
1414,56.58,230.88057931,570.930727,1,0,0.0,54.0,30.0
1415,56.62,230.88057931,570.930727,1,0,0.0,54.0,30.0
1416,56.66,230.88057931,570.930727,1,0,0.0,54.0,30.0
1417,56.7,230.88057931,570.930727,1,0,0.0,54.0,30.0
1418,56.74,230.88057931,570.930727,1,0,0.0,54.0,30.0
1419,56.78,230.88057931,570.930727,1,0,0.0,54.0,30.0
1420,56.82,230.88057931,570.930727,1,0,0.0,54.0,30.0
1421,56.86,230.88057931,570.930727,1,0,0.0,54.0,30.0
1422,56.9,230.88057931,570.930727,1,0,0.0,54.0,30.0
1423,56.94,230.88057931,570.930727,1,0,0.0,54.0,30.0
1424,56.98,230.88057931,570.930727,1,0,0.0,54.0,30.0
1425,57.02,230.88057931,570.930727,1,0,0.0,54.0,30.0
1426,57.06,230.88057931,570.930727,1,0,0.0,54.0,30.0
1427,57.1,230.88057931,570.930727,1,0,0.0,54.0,30.0
1428,57.14,230.88057931,570.930727,1,0,0.0,54.0,30.0
1429,57.18,230.88057931,570.930727,1,0,0.0,54.0,30.0
1430,57.22,230.88057931,570.930727,1,0,0.0,54.0,30.0
1431,57.26,230.88057931,570.930727,1,0,0.0,54.0,30.0
1432,57.3,230.88057931,570.930727,1,0,0.0,54.0,30.0
1433,57.34,230.88057931,570.930727,1,0,0.0,54.0,30.0
1434,57.38,230.88057931,570.930727,1,0,0.0,54.0,30.0
1435,57.42,230.88057931,570.930727,1,0,0.0,54.0,30.0
1436,57.46,230.88057931,570.930727,1,0,0.0,54.0,30.0
1437,57.5,230.88057931,570.930727,1,0,0.0,54.0,30.0
1438,57.54,230.88057931,570.930727,1,0,0.0,54.0,30.0
1439,57.58,230.88057931,570.930727,1,0,0.0,54.0,30.0
1440,57.62,230.88057931,570.930727,1,0,0.0,54.0,30.0
1441,57.66,230.88057931,570.930727,1,0,0.0,54.0,30.0
1442,57.7,230.88057931,570.930727,1,0,0.0,54.0,30.0
1443,57.74,230.88057931,570.930727,1,0,0.0,54.0,30.0
1444,57.78,230.88057931,570.930727,1,0,0.0,54.0,30.0
1445,57.82,230.88057931,570.930727,1,0,0.0,54.0,30.0
1446,57.86,230.88057931,570.930727,1,0,0.0,54.0,30.0
1447,57.9,230.88057931,570.930727,1,0,0.0,54.0,30.0
1448,57.94,230.88057931,570.930727,1,0,0.0,54.0,30.0
1449,57.98,230.88057931,570.930727,1,0,0.0,54.0,30.0
1450,58.02,230.88057931,570.930727,1,0,0.0,54.0,30.0
1451,58.06,230.88057931,570.930727,1,0,0.0,54.0,30.0
1452,58.1,230.88057931,570.930727,1,0,0.0,54.0,30.0
1453,58.14,230.88057931,570.930727,1,0,0.0,54.0,30.0
1454,58.18,230.88057931,570.930727,1,0,0.0,54.0,30.0
1455,58.22,230.88057931,570.930727,1,0,0.0,54.0,30.0
1456,58.26,230.88057931,570.930727,1,0,0.0,54.0,30.0
1457,58.3,230.88057931,570.930727,1,0,0.0,54.0,30.0
1458,58.34,230.88057931,570.930727,1,0,0.0,54.0,30.0
1459,58.38,230.88057931,570.930727,1,0,0.0,54.0,30.0
1460,58.42,230.88057931,570.930727,1,0,0.0,54.0,30.0
1461,58.46,230.88057931,570.930727,1,0,0.0,54.0,30.0
1462,58.5,230.88057931,570.930727,1,0,0.0,54.0,30.0
1463,58.54,230.88057931,570.930727,1,0,0.0,54.0,30.0
1464,58.58,230.88057931,570.930727,1,0,0.0,54.0,30.0
1465,58.62,230.88057931,570.930727,1,0,0.0,54.0,30.0
1466,58.66,230.88057931,570.930727,1,0,0.0,54.0,30.0
1467,58.7,230.88057931,570.930727,1,0,0.0,54.0,30.0
1468,58.74,230.88057931,570.930727,1,0,0.0,54.0,30.0
1469,58.78,230.88057931,570.930727,1,0,0.0,54.0,30.0
1470,58.82,230.88057931,570.930727,1,0,0.0,54.0,30.0
1471,58.86,230.88057931,570.930727,1,0,0.0,54.0,30.0
1472,58.9,230.88057931,570.930727,1,0,0.0,54.0,30.0
1473,58.94,230.88057931,570.930727,1,0,0.0,54.0,30.0
1474,58.98,230.88057931,570.930727,1,0,0.0,54.0,30.0
1475,59.02,230.88057931,570.930727,1,0,0.0,54.0,30.0
1476,59.06,230.88057931,570.930727,1,0,0.0,54.0,30.0
1477,59.1,230.88057931,570.930727,1,0,0.0,54.0,30.0
1478,59.14,230.88057931,570.930727,1,0,0.0,54.0,30.0
1479,59.18,230.88057931,570.930727,1,0,0.0,54.0,30.0
1480,59.22,230.88057931,570.930727,1,0,0.0,54.0,30.0
1481,59.26,230.88057931,570.930727,1,0,0.0,54.0,30.0
1482,59.3,230.88057931,570.930727,1,0,0.0,54.0,30.0
1483,59.34,230.88057931,570.930727,1,0,0.0,54.0,30.0
1484,59.38,230.88057931,570.930727,1,0,0.0,54.0,30.0
1485,59.42,230.88057931,570.930727,1,0,0.0,54.0,30.0
1486,59.46,230.88057931,570.930727,1,0,0.0,54.0,30.0
1487,59.5,230.88057931,570.930727,1,0,0.0,54.0,30.0
1488,59.54,230.88057931,570.930727,1,0,0.0,54.0,30.0
1489,59.58,230.88057931,570.930727,1,0,0.0,54.0,30.0
1490,59.62,230.88057931,570.930727,1,0,0.0,54.0,30.0
1491,59.66,230.88057931,570.930727,1,0,0.0,54.0,30.0
1492,59.7,230.88057931,570.930727,1,0,0.0,54.0,30.0
1493,59.74,230.88057931,570.930727,1,0,0.0,54.0,30.0
1494,59.78,230.88057931,570.930727,1,0,0.0,54.0,30.0
1495,59.82,230.88057931,570.930727,1,0,0.0,54.0,30.0
1496,59.86,230.88057931,570.930727,1,0,0.0,54.0,30.0
1497,59.9,230.88057931,570.930727,1,0,0.0,54.0,30.0
1498,59.94,230.88057931,570.930727,1,0,0.0,54.0,30.0
1499,59.98,230.88057931,570.930727,1,0,0.0,54.0,30.0
1500,60.02,230.88057931,570.930727,1,0,0.0,54.0,30.0
1501,60.06,230.88057931,570.930727,1,0,0.0,54.0,30.0
1502,60.1,230.88057931,570.930727,1,0,0.0,54.0,30.0
1503,60.14,230.88057931,570.930727,1,0,0.0,54.0,30.0
1504,60.18,230.88057931,570.930727,1,0,0.0,54.0,30.0
1505,60.22,230.88057931,570.930727,1,0,0.0,54.0,30.0
1506,60.26,230.88057931,570.930727,1,0,0.0,54.0,30.0
1507,60.3,230.88057931,570.930727,1,0,0.0,54.0,30.0
1508,60.34,230.88057931,570.930727,1,0,0.0,54.0,30.0
1509,60.38,230.88057931,570.930727,1,0,0.0,54.0,30.0
1510,60.42,230.88057931,570.930727,1,0,0.0,54.0,30.0
1511,60.46,230.88057931,570.930727,1,0,0.0,54.0,30.0
1512,60.5,230.88057931,570.930727,1,0,0.0,54.0,30.0
1513,60.54,230.88057931,570.930727,1,0,0.0,54.0,30.0
1514,60.58,230.88057931,570.930727,1,0,0.0,54.0,30.0
1515,60.62,230.88057931,570.930727,1,0,0.0,54.0,30.0
1516,60.66,230.88057931,570.930727,1,0,0.0,54.0,30.0
1517,60.7,230.88057931,570.930727,1,0,0.0,54.0,30.0
1518,60.74,230.88057931,570.930727,1,0,0.0,54.0,30.0
1519,60.78,230.88057931,570.930727,1,0,0.0,54.0,30.0
1520,60.82,230.88057931,570.930727,1,0,0.0,54.0,30.0
1521,60.86,230.88057931,570.930727,1,0,0.0,54.0,30.0
1522,60.9,230.88057931,570.930727,1,0,0.0,54.0,30.0
1523,60.94,230.88057931,570.930727,1,0,0.0,54.0,30.0
1524,60.98,230.88057931,570.930727,1,0,0.0,54.0,30.0
1525,61.02,230.88057931,570.930727,1,0,0.0,54.0,30.0
1526,61.06,230.88057931,570.930727,1,0,0.0,54.0,30.0
1527,61.1,230.88057931,570.930727,1,0,0.0,54.0,30.0
1528,61.14,230.88057931,570.930727,1,0,0.0,54.0,30.0
1529,61.18,230.88057931,570.930727,1,0,0.0,54.0,30.0
1530,61.22,230.88057931,570.930727,1,0,0.0,54.0,30.0
1531,61.26,230.88057931,570.930727,1,0,0.0,54.0,30.0
1532,61.3,230.88057931,570.930727,1,0,0.0,54.0,30.0
1533,61.34,230.88057931,570.930727,1,0,0.0,54.0,30.0
1534,61.38,230.88057931,570.930727,1,0,0.0,54.0,30.0
1535,61.42,230.88057931,570.930727,1,0,0.0,54.0,30.0
1536,61.46,230.88057931,570.930727,1,0,0.0,54.0,30.0
1537,61.5,230.88057931,570.930727,1,0,0.0,54.0,30.0
1538,61.54,230.88057931,570.930727,1,0,0.0,54.0,30.0
1539,61.58,230.88057931,570.930727,1,0,0.0,54.0,30.0
1540,61.62,230.88057931,570.930727,1,0,0.0,54.0,30.0
1541,61.66,230.88057931,570.930727,1,0,0.0,54.0,30.0
1542,61.7,230.88057931,570.930727,1,0,0.0,54.0,30.0
1543,61.74,230.88057931,570.930727,1,0,0.0,54.0,30.0
1544,61.78,230.88057931,570.930727,1,0,0.0,54.0,30.0
1545,61.82,230.88057931,570.930727,1,0,0.0,54.0,30.0
1546,61.86,230.88057931,570.930727,1,0,0.0,54.0,30.0
1547,61.9,230.88057931,570.930727,1,0,0.0,54.0,30.0
1548,61.94,230.88057931,570.930727,1,0,0.0,54.0,30.0
1549,61.98,230.88057931,570.930727,1,0,0.0,54.0,30.0
1550,62.02,230.88057931,570.930727,1,0,0.0,54.0,30.0
1551,62.06,230.88057931,570.930727,1,0,0.0,54.0,30.0
1552,62.1,230.88057931,570.930727,1,0,0.0,54.0,30.0
1553,62.14,230.88057931,570.930727,1,0,0.0,54.0,30.0
1554,62.18,230.88057931,570.930727,1,0,0.0,54.0,30.0
1555,62.22,230.88057931,570.930727,1,0,0.0,54.0,30.0
1556,62.26,230.88057931,570.930727,1,0,0.0,54.0,30.0
1557,62.3,230.88057931,570.930727,1,0,0.0,54.0,30.0
1558,62.34,230.88057931,570.930727,1,0,0.0,54.0,30.0
1559,62.38,230.88057931,570.930727,1,0,0.0,54.0,30.0
1560,62.42,230.88057931,570.930727,1,0,0.0,54.0,30.0
1561,62.46,230.88057931,570.930727,1,0,0.0,54.0,30.0
1562,62.5,230.88057931,570.930727,1,0,0.0,54.0,30.0
1563,62.54,230.88057931,570.930727,1,0,0.0,54.0,30.0
1564,62.58,230.88057931,570.930727,1,0,0.0,54.0,30.0
1565,62.62,230.88057931,570.930727,1,0,0.0,54.0,30.0
1566,62.66,230.88057931,570.930727,1,0,0.0,54.0,30.0
1567,62.7,230.88057931,570.930727,1,0,0.0,54.0,30.0
1568,62.74,230.88057931,570.930727,1,0,0.0,54.0,30.0
1569,62.78,230.88057931,570.930727,1,0,0.0,54.0,30.0
1570,62.82,230.88057931,570.930727,1,0,0.0,54.0,30.0
1571,62.86,230.88057931,570.930727,1,0,0.0,54.0,30.0
1572,62.9,230.88057931,570.930727,1,0,0.0,54.0,30.0
1573,62.94,230.88057931,570.930727,1,0,0.0,54.0,30.0
1574,62.98,230.88057931,570.930727,1,0,0.0,54.0,30.0
1575,63.02,230.88057931,570.930727,1,0,0.0,54.0,30.0
1576,63.06,230.88057931,570.930727,1,0,0.0,54.0,30.0
1577,63.1,230.88057931,570.930727,1,0,0.0,54.0,30.0
1578,63.14,230.88057931,570.930727,1,0,0.0,54.0,30.0
1579,63.18,230.88057931,570.930727,1,0,0.0,54.0,30.0
1580,63.22,230.88057931,570.930727,1,0,0.0,54.0,30.0
1581,63.26,230.88057931,570.930727,1,0,0.0,54.0,30.0
1582,63.3,230.88057931,570.930727,1,0,0.0,54.0,30.0
1583,63.34,230.88057931,570.930727,1,0,0.0,54.0,30.0
1584,63.38,230.88057931,570.930727,1,0,0.0,54.0,30.0
1585,63.42,230.88057931,570.930727,1,0,0.0,54.0,30.0
1586,63.46,230.88057931,570.930727,1,0,0.0,54.0,30.0
1587,63.5,230.88057931,570.930727,1,0,0.0,54.0,30.0
1588,63.54,230.88057931,570.930727,1,0,0.0,54.0,30.0
1589,63.58,230.88057931,570.930727,1,0,0.0,54.0,30.0
1590,63.62,230.88057931,570.930727,1,0,0.0,54.0,30.0
1591,63.66,230.88057931,570.930727,1,0,0.0,54.0,30.0
1592,63.7,230.88057931,570.930727,1,0,0.0,54.0,30.0
1593,63.74,230.88057931,570.930727,1,0,0.0,54.0,30.0
1594,63.78,230.88057931,570.930727,1,0,0.0,54.0,30.0
1595,63.82,230.88057931,570.930727,1,0,0.0,54.0,30.0
1596,63.86,230.88057931,570.930727,1,0,0.0,54.0,30.0
1597,63.9,230.88057931,570.930727,1,0,0.0,54.0,30.0
1598,63.94,230.88057931,570.930727,1,0,0.0,54.0,30.0
1599,63.98,230.88057931,570.930727,1,0,0.0,54.0,30.0
1600,64.02,230.88057931,570.930727,1,0,0.0,54.0,30.0
1601,64.06,230.88057931,570.930727,1,0,0.0,54.0,30.0
1602,64.1,230.88057931,570.930727,1,0,0.0,54.0,30.0
1603,64.14,230.88057931,570.930727,1,0,0.0,54.0,30.0
1604,64.18,230.88057931,570.930727,1,0,0.0,54.0,30.0
1605,64.22,230.88057931,570.930727,1,0,0.0,54.0,30.0
1606,64.26,230.88057931,570.930727,1,0,0.0,54.0,30.0
1607,64.3,230.88057931,570.930727,1,0,0.0,54.0,30.0
1608,64.34,230.88057931,570.930727,1,0,0.0,54.0,30.0
1609,64.38,230.88057931,570.930727,1,0,0.0,54.0,30.0
1610,64.42,230.88057931,570.930727,1,0,0.0,54.0,30.0
1611,64.46,230.88057931,570.930727,1,0,0.0,54.0,30.0
1612,64.5,230.88057931,570.930727,1,0,0.0,54.0,30.0
1613,64.54,230.88057931,570.930727,1,0,0.0,54.0,30.0
1614,64.58,230.88057931,570.930727,1,0,0.0,54.0,30.0
1615,64.62,230.88057931,570.930727,1,0,0.0,54.0,30.0
1616,64.66,230.88057931,570.930727,1,0,0.0,54.0,30.0
1617,64.7,230.88057931,570.930727,1,0,0.0,54.0,30.0
1618,64.74,230.88057931,570.930727,1,0,0.0,54.0,30.0
1619,64.78,230.88057931,570.930727,1,0,0.0,54.0,30.0
1620,64.82,230.88057931,570.930727,1,0,0.0,54.0,30.0
1621,64.86,230.88057931,570.930727,1,0,0.0,54.0,30.0
1622,64.9,230.88057931,570.930727,1,0,0.0,54.0,30.0
1623,64.94,230.88057931,570.930727,1,0,0.0,54.0,30.0
1624,64.98,230.88057931,570.930727,1,0,0.0,54.0,30.0
1625,65.02,230.88057931,570.930727,1,0,0.0,54.0,30.0
1626,65.06,230.88057931,570.930727,1,0,0.0,54.0,30.0
1627,65.1,230.88057931,570.930727,1,0,0.0,54.0,30.0
1628,65.14,230.88057931,570.930727,1,0,0.0,54.0,30.0
1629,65.18,230.88057931,570.930727,1,0,0.0,54.0,30.0
1630,65.22,230.88057931,570.930727,1,0,0.0,54.0,30.0
1631,65.26,230.88057931,570.930727,1,0,0.0,54.0,30.0
1632,65.3,230.88057931,570.930727,1,0,0.0,54.0,30.0
1633,65.34,230.88057931,570.930727,1,0,0.0,54.0,30.0
1634,65.38,230.88057931,570.930727,1,0,0.0,54.0,30.0
1635,65.42,230.88057931,570.930727,1,0,0.0,54.0,30.0
1636,65.46,230.88057931,570.930727,1,0,0.0,54.0,30.0
1637,65.5,230.88057931,570.930727,1,0,0.0,54.0,30.0
1638,65.54,230.88057931,570.930727,1,0,0.0,54.0,30.0
1639,65.58,230.88057931,570.930727,1,0,0.0,54.0,30.0
1640,65.62,230.88057931,570.930727,1,0,0.0,54.0,30.0
1641,65.66,230.88057931,570.930727,1,0,0.0,54.0,30.0
1642,65.7,230.88057931,570.930727,1,0,0.0,54.0,30.0
1643,65.74,230.88057931,570.930727,1,0,0.0,54.0,30.0
1644,65.78,230.88057931,570.930727,1,0,0.0,54.0,30.0
1645,65.82,230.88057931,570.930727,1,0,0.0,54.0,30.0
1646,65.86,230.88057931,570.930727,1,0,0.0,54.0,30.0
1647,65.9,230.88057931,570.930727,1,0,0.0,54.0,30.0
1648,65.94,230.88057931,570.930727,1,0,0.0,54.0,30.0
1649,65.98,230.88057931,570.930727,1,0,0.0,54.0,30.0
1650,66.02,230.88057931,570.930727,1,0,0.0,54.0,30.0
1651,66.06,230.88057931,570.930727,1,0,0.0,54.0,30.0
1652,66.1,230.88057931,570.930727,1,0,0.0,54.0,30.0
1653,66.14,230.88057931,570.930727,1,0,0.0,54.0,30.0
1654,66.18,230.88057931,570.930727,1,0,0.0,54.0,30.0
1655,66.22,230.88057931,570.930727,1,0,0.0,54.0,30.0
1656,66.26,230.88057931,570.930727,1,0,0.0,54.0,30.0
1657,66.3,230.88057931,570.930727,1,0,0.0,54.0,30.0
1658,66.34,230.88057931,570.930727,1,0,0.0,54.0,30.0
1659,66.38,230.88057931,570.930727,1,0,0.0,54.0,30.0
1660,66.42,230.88057931,570.930727,1,0,0.0,54.0,30.0
1661,66.46,230.88057931,570.930727,1,0,0.0,54.0,30.0
1662,66.5,230.88057931,570.930727,1,0,0.0,54.0,30.0
1663,66.54,230.88057931,570.930727,1,0,0.0,54.0,30.0
1664,66.58,230.88057931,570.930727,1,0,0.0,54.0,30.0
1665,66.62,230.88057931,570.930727,1,0,0.0,54.0,30.0
1666,66.66,230.88057931,570.930727,1,0,0.0,54.0,30.0
1667,66.7,230.88057931,570.930727,1,0,0.0,54.0,30.0
1668,66.74,230.88057931,570.930727,1,0,0.0,54.0,30.0
1669,66.78,230.88057931,570.930727,1,0,0.0,54.0,30.0
1670,66.82,230.88057931,570.930727,1,0,0.0,54.0,30.0
1671,66.86,230.88057931,570.930727,1,0,0.0,54.0,30.0
1672,66.9,230.88057931,570.930727,1,0,0.0,54.0,30.0
1673,66.94,230.88057931,570.930727,1,0,0.0,54.0,30.0
1674,66.98,230.88057931,570.930727,1,0,0.0,54.0,30.0
1675,67.02,230.88057931,570.930727,1,0,0.0,54.0,30.0
1676,67.06,230.88057931,570.930727,1,0,0.0,54.0,30.0
1677,67.1,230.88057931,570.930727,1,0,0.0,54.0,30.0
1678,67.14,230.88057931,570.930727,1,0,0.0,54.0,30.0
1679,67.18,230.88057931,570.930727,1,0,0.0,54.0,30.0
1680,67.22,230.88057931,570.930727,1,0,0.0,54.0,30.0
1681,67.26,230.88057931,570.930727,1,0,0.0,54.0,30.0
1682,67.3,230.88057931,570.930727,1,0,0.0,54.0,30.0
1683,67.34,230.88057931,570.930727,1,0,0.0,54.0,30.0
1684,67.38,230.88057931,570.930727,1,0,0.0,54.0,30.0
1685,67.42,230.88057931,570.930727,1,0,0.0,54.0,30.0
1686,67.46,230.88057931,570.930727,1,0,0.0,54.0,30.0
1687,67.5,230.88057931,570.930727,1,0,0.0,54.0,30.0
1688,67.54,230.88057931,570.930727,1,0,0.0,54.0,30.0
1689,67.58,230.88057931,570.930727,1,0,0.0,54.0,30.0
1690,67.62,230.88057931,570.930727,1,0,0.0,54.0,30.0
1691,67.66,230.88057931,570.930727,1,0,0.0,54.0,30.0
1692,67.7,230.88057931,570.930727,1,0,0.0,54.0,30.0
1693,67.74,230.88057931,570.930727,1,0,0.0,54.0,30.0
1694,67.78,230.88057931,570.930727,1,0,0.0,54.0,30.0
1695,67.82,230.88057931,570.930727,1,0,0.0,54.0,30.0
1696,67.86,230.88057931,570.930727,1,0,0.0,54.0,30.0
1697,67.9,230.88057931,570.930727,1,0,0.0,54.0,30.0
1698,67.94,230.88057931,570.930727,1,0,0.0,54.0,30.0
1699,67.98,230.88057931,570.930727,1,0,0.0,54.0,30.0
1700,68.02,230.88057931,570.930727,1,0,0.0,54.0,30.0
1701,68.06,230.88057931,570.930727,1,0,0.0,54.0,30.0
1702,68.1,230.88057931,570.930727,1,0,0.0,54.0,30.0
1703,68.14,230.88057931,570.930727,1,0,0.0,54.0,30.0
1704,68.18,230.88057931,570.930727,1,0,0.0,54.0,30.0
1705,68.22,230.88057931,570.930727,1,0,0.0,54.0,30.0
1706,68.26,230.88057931,570.930727,1,0,0.0,54.0,30.0
1707,68.3,230.88057931,570.930727,1,0,0.0,54.0,30.0
1708,68.34,230.88057931,570.930727,1,0,0.0,54.0,30.0
1709,68.38,230.88057931,570.930727,1,0,0.0,54.0,30.0
1710,68.42,230.88057931,570.930727,1,0,0.0,54.0,30.0
1711,68.46,230.88057931,570.930727,1,0,0.0,54.0,30.0
1712,68.5,230.88057931,570.930727,1,0,0.0,54.0,30.0
1713,68.54,230.88057931,570.930727,1,0,0.0,54.0,30.0
1714,68.58,230.88057931,570.930727,1,0,0.0,54.0,30.0
1715,68.62,230.88057931,570.930727,1,0,0.0,54.0,30.0
1716,68.66,230.88057931,570.930727,1,0,0.0,54.0,30.0
1717,68.7,230.88057931,570.930727,1,0,0.0,54.0,30.0
1718,68.74,230.88057931,570.930727,1,0,0.0,54.0,30.0
1719,68.78,230.88057931,570.930727,1,0,0.0,54.0,30.0
1720,68.82,230.88057931,570.930727,1,0,0.0,54.0,30.0
1721,68.86,230.88057931,570.930727,1,0,0.0,54.0,30.0
1722,68.9,230.88057931,570.930727,1,0,0.0,54.0,30.0
1723,68.94,230.88057931,570.930727,1,0,0.0,54.0,30.0
1724,68.98,230.88057931,570.930727,1,0,0.0,54.0,30.0
1725,69.02,230.88057931,570.930727,1,0,0.0,54.0,30.0
1726,69.06,230.88057931,570.930727,1,0,0.0,54.0,30.0
1727,69.1,230.88057931,570.930727,1,0,0.0,54.0,30.0
1728,69.14,230.88057931,570.930727,1,0,0.0,54.0,30.0
1729,69.18,230.88057931,570.930727,1,0,0.0,54.0,30.0
1730,69.22,230.88057931,570.930727,1,0,0.0,54.0,30.0
1731,69.26,230.88057931,570.930727,1,0,0.0,54.0,30.0
1732,69.3,230.88057931,570.930727,1,0,0.0,54.0,30.0
1733,69.34,230.88057931,570.930727,1,0,0.0,54.0,30.0
1734,69.38,230.88057931,570.930727,1,0,0.0,54.0,30.0
1735,69.42,230.88057931,570.930727,1,0,0.0,54.0,30.0
1736,69.46,230.88057931,570.930727,1,0,0.0,54.0,30.0
1737,69.5,230.88057931,570.930727,1,0,0.0,54.0,30.0
1738,69.54,230.88057931,570.930727,1,0,0.0,54.0,30.0
1739,69.58,230.88057931,570.930727,1,0,0.0,54.0,30.0
1740,69.62,230.88057931,570.930727,1,0,0.0,54.0,30.0
1741,69.66,230.88057931,570.930727,1,0,0.0,54.0,30.0
1742,69.7,230.88057931,570.930727,1,0,0.0,54.0,30.0
1743,69.74,230.88057931,570.930727,1,0,0.0,54.0,30.0
1744,69.78,230.88057931,570.930727,1,0,0.0,54.0,30.0
1745,69.82,230.88057931,570.930727,1,0,0.0,54.0,30.0
1746,69.86,230.88057931,570.930727,1,0,0.0,54.0,30.0
1747,69.9,230.88057931,570.930727,1,0,0.0,54.0,30.0
1748,69.94,230.88057931,570.930727,1,0,0.0,54.0,30.0
1749,69.98,230.88057931,570.930727,1,0,0.0,54.0,30.0
1750,70.02,230.88057931,570.930727,1,0,0.0,54.0,30.0
1751,70.06,230.88057931,570.930727,1,0,0.0,54.0,30.0
1752,70.1,230.88057931,570.930727,1,0,0.0,54.0,30.0
1753,70.14,230.88057931,570.930727,1,0,0.0,54.0,30.0
1754,70.18,230.88057931,570.930727,1,0,0.0,54.0,30.0
1755,70.22,230.88057931,570.930727,1,0,0.0,54.0,30.0
1756,70.26,230.88057931,570.930727,1,0,0.0,54.0,30.0
1757,70.3,230.88057931,570.930727,1,0,0.0,54.0,30.0
1758,70.34,230.88057931,570.930727,1,0,0.0,54.0,30.0
1759,70.38,230.88057931,570.930727,1,0,0.0,54.0,30.0
1760,70.42,230.88057931,570.930727,1,0,0.0,54.0,30.0
1761,70.46,230.88057931,570.930727,1,0,0.0,54.0,30.0
1762,70.5,230.88057931,570.930727,1,0,0.0,54.0,30.0
1763,70.54,230.88057931,570.930727,1,0,0.0,54.0,30.0
1764,70.58,230.88057931,570.930727,1,0,0.0,54.0,30.0
1765,70.62,230.88057931,570.930727,1,0,0.0,54.0,30.0
1766,70.66,230.88057931,570.930727,1,0,0.0,54.0,30.0
1767,70.7,230.88057931,570.930727,1,0,0.0,54.0,30.0
1768,70.74,230.88057931,570.930727,1,0,0.0,54.0,30.0
1769,70.78,230.88057931,570.930727,1,0,0.0,54.0,30.0
1770,70.82,230.88057931,570.930727,1,0,0.0,54.0,30.0
1771,70.86,230.88057931,570.930727,1,0,0.0,54.0,30.0
1772,70.9,230.88057931,570.930727,1,0,0.0,54.0,30.0
1773,70.94,230.88057931,570.930727,1,0,0.0,54.0,30.0
1774,70.98,230.88057931,570.930727,1,0,0.0,54.0,30.0
1775,71.02,230.88057931,570.930727,1,0,0.0,54.0,30.0
1776,71.06,230.88057931,570.930727,1,0,0.0,54.0,30.0
1777,71.1,230.88057931,570.930727,1,0,0.0,54.0,30.0
1778,71.14,230.88057931,570.930727,1,0,0.0,54.0,30.0
1779,71.18,230.88057931,570.930727,1,0,0.0,54.0,30.0
1780,71.22,230.88057931,570.930727,1,0,0.0,54.0,30.0
1781,71.26,230.88057931,570.930727,1,0,0.0,54.0,30.0
1782,71.3,230.88057931,570.930727,1,0,0.0,54.0,30.0
1783,71.34,230.88057931,570.930727,1,0,0.0,54.0,30.0
1784,71.38,230.88057931,570.930727,1,0,0.0,54.0,30.0
1785,71.42,230.88057931,570.930727,1,0,0.0,54.0,30.0
1786,71.46,230.88057931,570.930727,1,0,0.0,54.0,30.0
1787,71.5,230.88057931,570.930727,1,0,0.0,54.0,30.0
1788,71.54,230.88057931,570.930727,1,0,0.0,54.0,30.0
1789,71.58,230.88057931,570.930727,1,0,0.0,54.0,30.0
1790,71.62,230.88057931,570.930727,1,0,0.0,54.0,30.0
1791,71.66,230.88057931,570.930727,1,0,0.0,54.0,30.0
1792,71.7,230.88057931,570.930727,1,0,0.0,54.0,30.0
1793,71.74,230.88057931,570.930727,1,0,0.0,54.0,30.0
1794,71.78,230.88057931,570.930727,1,0,0.0,54.0,30.0
1795,71.82,230.88057931,570.930727,1,0,0.0,54.0,30.0
1796,71.86,230.88057931,570.930727,1,0,0.0,54.0,30.0
1797,71.9,230.88057931,570.930727,1,0,0.0,54.0,30.0
1798,71.94,230.88057931,570.930727,1,0,0.0,54.0,30.0
1799,71.98,230.88057931,570.930727,1,0,0.0,54.0,30.0
1800,72.02,230.88057931,570.930727,1,0,0.0,54.0,30.0
1801,72.06,230.88057931,570.930727,1,0,0.0,54.0,30.0
1802,72.1,230.88057931,570.930727,1,0,0.0,54.0,30.0
1803,72.14,230.88057931,570.930727,1,0,0.0,54.0,30.0
1804,72.18,230.88057931,570.930727,1,0,0.0,54.0,30.0
1805,72.22,230.88057931,570.930727,1,0,0.0,54.0,30.0
1806,72.26,230.88057931,570.930727,1,0,0.0,54.0,30.0
1807,72.3,230.88057931,570.930727,1,0,0.0,54.0,30.0
1808,72.34,230.88057931,570.930727,1,0,0.0,54.0,30.0
1809,72.38,230.88057931,570.930727,1,0,0.0,54.0,30.0
1810,72.42,230.88057931,570.930727,1,0,0.0,54.0,30.0
1811,72.46,230.88057931,570.930727,1,0,0.0,54.0,30.0
1812,72.5,230.88057931,570.930727,1,0,0.0,54.0,30.0
1813,72.54,230.88057931,570.930727,1,0,0.0,54.0,30.0
1814,72.58,230.88057931,570.930727,1,0,0.0,54.0,30.0
1815,72.62,230.88057931,570.930727,1,0,0.0,54.0,30.0
1816,72.66,230.88057931,570.930727,1,0,0.0,54.0,30.0
1817,72.7,230.88057931,570.930727,1,0,0.0,54.0,30.0
1818,72.74,230.88057931,570.930727,1,0,0.0,54.0,30.0
1819,72.78,230.88057931,570.930727,1,0,0.0,54.0,30.0
1820,72.82,230.88057931,570.930727,1,0,0.0,54.0,30.0
1821,72.86,230.88057931,570.930727,1,0,0.0,54.0,30.0
1822,72.9,230.88057931,570.930727,1,0,0.0,54.0,30.0
1823,72.94,230.88057931,570.930727,1,0,0.0,54.0,30.0
1824,72.98,230.88057931,570.930727,1,0,0.0,54.0,30.0
1825,73.02,230.88057931,570.930727,1,0,0.0,54.0,30.0
1826,73.06,230.88057931,570.930727,1,0,0.0,54.0,30.0
1827,73.1,230.88057931,570.930727,1,0,0.0,54.0,30.0
1828,73.14,230.88057931,570.930727,1,0,0.0,54.0,30.0
1829,73.18,230.88057931,570.930727,1,0,0.0,54.0,30.0
1830,73.22,230.88057931,570.930727,1,0,0.0,54.0,30.0
1831,73.26,230.88057931,570.930727,1,0,0.0,54.0,30.0
1832,73.3,230.88057931,570.930727,1,0,0.0,54.0,30.0
1833,73.34,230.88057931,570.930727,1,0,0.0,54.0,30.0
1834,73.38,230.88057931,570.930727,1,0,0.0,54.0,30.0
1835,73.42,230.88057931,570.930727,1,0,0.0,54.0,30.0
1836,73.46,230.88057931,570.930727,1,0,0.0,54.0,30.0
1837,73.5,230.88057931,570.930727,1,0,0.0,54.0,30.0
1838,73.54,230.88057931,570.930727,1,0,0.0,54.0,30.0
1839,73.58,230.88057931,570.930727,1,0,0.0,54.0,30.0
1840,73.62,230.88057931,570.930727,1,0,0.0,54.0,30.0
1841,73.66,230.88057931,570.930727,1,0,0.0,54.0,30.0
1842,73.7,230.88057931,570.930727,1,0,0.0,54.0,30.0
1843,73.74,230.88057931,570.930727,1,0,0.0,54.0,30.0
1844,73.78,230.88057931,570.930727,1,0,0.0,54.0,30.0
1845,73.82,230.88057931,570.930727,1,0,0.0,54.0,30.0
1846,73.86,230.88057931,570.930727,1,0,0.0,54.0,30.0
1847,73.9,230.88057931,570.930727,1,0,0.0,54.0,30.0
1848,73.94,230.88057931,570.930727,1,0,0.0,54.0,30.0
1849,73.98,230.88057931,570.930727,1,0,0.0,54.0,30.0
1850,74.02,236.72530894,582.93072735,1,0,5.80576477,48.0,40.0
1851,74.06,240.93640163,582.93072735,1,0,3.70621873,42.0,38.0
1852,74.1,243.89414136,582.93072735,1,0,2.46122145,36.0,36.0
1853,74.14,246.27858657,582.93072735,1,0,1.89174889,36.0,36.0
1854,74.18,248.35198686,582.93072735,1,0,1.58277761,36.0,36.0
1855,74.22,250.16734343,582.93072735,1,0,1.32645418,30.0,34.0
1856,74.26,251.79841313,582.93072735,1,0,1.14339588,30.0,34.0
1857,74.3,253.35982355,582.93072735,1,0,1.07420101,30.0,34.0
1858,74.34,254.73069783,582.93072735,1,0,0.8849351,30.0,34.0
1859,74.38,256.09629093,582.93072735,1,0,0.87968913,24.0,32.0
1860,74.42,257.30648946,582.93072735,1,0,0.72533053,24.0,32.0
1861,74.46,258.51592431,582.93072735,1,0,0.72457194,24.0,32.0
1862,74.5,259.62407985,582.93072735,1,0,0.62396782,24.0,32.0
1863,74.54,260.70608603,582.93072735,1,0,0.59799279,24.0,32.0
1864,74.58,261.74798952,582.93072735,1,0,0.55815745,18.0,30.0
1865,74.62,262.72336325,582.93072735,1,0,0.49207122,18.0,30.0
1866,74.66,263.69873697,582.93072735,1,0,0.49207122,18.0,30.0
1867,74.7,264.6068164,582.93072735,1,0,0.42522555,18.0,30.0
1868,74.74,265.49154787,582.93072735,1,0,0.40203324,18.0,30.0
1869,74.78,266.37627934,582.93072735,1,0,0.40203324,18.0,30.0
1870,74.82,267.19078497,582.93072735,1,0,0.33227558,12.0,28.0
1871,74.86,267.99731285,582.93072735,1,0,0.32435101,12.0,28.0
1872,74.9,268.80384073,582.93072735,1,0,0.32435101,12.0,28.0
1873,74.94,269.55231963,582.93072735,1,0,0.26668902,12.0,28.0
1874,74.98,270.29035836,582.93072735,1,0,0.25631846,12.0,28.0
1875,75.02,271.02839709,582.93072735,1,0,0.25631846,12.0,28.0
1876,75.06,271.73039326,582.93072735,1,0,0.22051618,12.0,28.0
1877,75.1,272.40791071,582.93072735,1,0,0.19620065,12.0,28.0
1878,75.14,273.08542815,582.93072735,1,0,0.19620065,6.0,26.0
1879,75.18,273.7549687,582.93072735,1,0,0.18827693,6.0,26.0
1880,75.22,274.37837998,582.93072735,1,0,0.14245519,6.0,26.0
1881,75.26,275.00179126,582.93072735,1,0,0.14245519,6.0,26.0
1882,75.3,275.62520253,582.93072735,1,0,0.14245519,6.0,26.0
1883,75.34,276.22380254,582.93072735,1,0,0.11780932,6.0,26.0
1884,75.38,276.79842945,582.93072735,1,0,0.09399605,6.0,26.0
1885,75.42,277.37305636,582.93072735,1,0,0.09399605,6.0,26.0
1886,75.46,277.94768327,582.93072735,1,0,0.09399605,6.0,26.0
1887,75.5,278.49192243,582.93072735,1,0,0.06381088,6.0,26.0
1888,75.54,279.0221707,582.93072735,1,0,0.04991326,0.0,0.0
1889,75.58,279.55241896,582.93072735,1,0,0.04991326,0.0,0.0
1890,75.62,280.08266723,582.93072735,1,0,0.04991326,0.0,0.0
1891,75.66,280.58522411,582.93072735,1,0,0.02240649,0.0,0.0
1892,75.7,281.07485641,582.93072735,1,0,0.0,0.0,0.0
1893,75.74,281.56448871,582.93072735,1,0,0.0,0.0,0.0
1894,75.78,282.05412101,582.93072735,1,0,0.0,0.0,0.0
1895,75.82,282.52480161,582.93072735,1,0,0.0,0.0,0.0
1896,75.86,282.97699607,582.93072735,1,0,0.0,0.0,0.0
1897,75.9,283.42919053,582.93072735,1,0,0.0,0.0,0.0
1898,75.94,283.88138499,582.93072735,1,0,0.0,0.0,0.0
1899,75.98,284.32785784,582.93072735,1,0,0.0,0.0,0.0
1900,76.02,284.74531505,582.93072735,1,0,0.0,0.0,0.0
1901,76.06,285.16277226,582.93072735,1,0,0.0,0.0,0.0
1902,76.1,285.58022947,582.93072735,1,0,0.0,0.0,0.0
1903,76.14,285.99768668,582.93072735,1,0,0.0,0.0,0.0
1904,76.18,286.39360166,582.93072735,1,0,0.0,0.0,0.0
1905,76.22,286.77862217,582.93072735,1,0,0.0,0.0,0.0
1906,76.26,287.16364268,582.93072735,1,0,0.0,0.0,0.0
1907,76.3,287.54866319,582.93072735,1,0,0.0,0.0,0.0
1908,76.34,287.9333386,582.93072735,1,0,0.0,0.0,0.0
1909,76.38,288.28794044,582.93072735,1,0,0.0,0.0,0.0
1910,76.42,288.64254229,582.93072735,1,0,0.0,0.0,0.0
1911,76.46,288.99714414,582.93072735,1,0,0.0,0.0,0.0
1912,76.5,289.35174599,582.93072735,1,0,0.0,0.0,0.0
1913,76.54,289.70021876,582.93072735,1,0,0.0,0.0,0.0
1914,76.58,290.02615205,582.93072735,1,0,0.0,0.0,0.0
1915,76.62,290.35208535,582.93072735,1,0,0.0,0.0,0.0
1916,76.66,290.67801864,582.93072735,1,0,0.0,0.0,0.0
1917,76.7,291.00395193,582.93072735,1,0,0.0,0.0,0.0
1918,76.74,291.32229394,582.93072735,1,0,0.0,0.0,0.0
1919,76.78,291.62104649,582.93072735,1,0,0.0,0.0,0.0
1920,76.82,291.91979904,582.93072735,1,0,0.0,0.0,0.0
1921,76.86,292.21855159,582.93072735,1,0,0.0,0.0,0.0
1922,76.9,292.51730414,582.93072735,1,0,0.0,0.0,0.0
1923,76.94,292.81049265,582.93072735,1,0,0.0,0.0,0.0
1924,76.98,293.08339941,582.93072735,1,0,0.0,0.0,0.0
1925,77.02,293.35630617,582.93072735,1,0,0.0,0.0,0.0
1926,77.06,293.62921292,582.93072735,1,0,0.0,0.0,0.0
1927,77.1,293.90211968,582.93072735,1,0,0.0,0.0,0.0
1928,77.14,294.17428125,582.93072735,1,0,0.0,0.0,0.0
1929,77.18,294.42247299,582.93072735,1,0,0.0,0.0,0.0
1930,77.22,294.67066473,582.93072735,1,0,0.0,0.0,0.0
1931,77.26,294.91885647,582.93072735,1,0,0.0,0.0,0.0
1932,77.3,295.16704822,582.93072735,1,0,0.0,0.0,0.0
1933,77.34,295.41523996,582.93072735,1,0,0.0,0.0,0.0
1934,77.38,295.64606891,582.93072735,1,0,0.0,0.0,0.0
1935,77.42,295.87053835,582.93072735,1,0,0.0,0.0,0.0
1936,77.46,296.09500778,582.93072735,1,0,0.0,0.0,0.0
1937,77.5,296.31947722,582.93072735,1,0,0.0,0.0,0.0
1938,77.54,290.52398343,594.76015037,2,0,0.0,0.0,0.0
1939,77.58,288.25323878,594.02847326,2,0,0.0,7.0,16.0
1940,77.62,286.5685343,593.47367143,2,0,0.0,7.0,16.0
1941,77.66,285.19932817,593.01166322,2,0,0.0,7.0,16.0
1942,77.7,284.04783794,592.6136891,2,0,0.0,7.0,16.0
1943,77.74,283.03715918,592.25713012,2,0,0.0,14.0,18.0
1944,77.78,282.13528129,591.93257139,2,0,0.0,14.0,18.0
1945,77.82,281.31577009,591.63762853,2,0,0.0,14.0,18.0
1946,77.86,280.56639272,591.36442113,2,0,0.0,14.0,18.0
1947,77.9,279.87543734,591.10839666,2,0,0.0,14.0,18.0
1948,77.94,279.23268053,590.86654824,2,0,0.0,14.0,18.0
1949,77.98,278.64441224,590.64072586,2,0,0.0,14.0,18.0
1950,78.02,278.09807133,590.42876776,2,0,0.0,21.0,20.0
1951,78.06,277.56360968,590.22508112,2,0,0.0,21.0,20.0
1952,78.1,277.07041957,590.03353318,2,0,0.0,21.0,20.0
1953,78.14,276.61047334,589.85176284,2,0,0.0,21.0,20.0
1954,78.18,276.16762687,589.67502185,2,0,0.0,21.0,20.0
1955,78.22,275.77038946,589.51169528,2,0,0.0,21.0,20.0
1956,78.26,275.37216645,589.35162767,2,0,0.0,21.0,20.0
1957,78.3,274.99685035,589.2008938,2,0,0.0,21.0,20.0
1958,78.34,274.63901148,589.05530029,2,0,0.0,21.0,20.0
1959,78.38,274.3030815,588.91615058,2,0,0.0,21.0,20.0
1960,78.42,273.98806152,588.78315086,2,0,0.0,21.0,20.0
1961,78.46,273.68891672,588.65482032,2,0,0.0,21.0,20.0
1962,78.5,273.39424476,588.53286668,2,0,0.0,21.0,20.0
1963,78.54,273.10910975,588.41466439,2,0,0.0,21.0,20.0
1964,78.58,272.84447625,588.30249196,2,0,0.0,21.0,20.0
1965,78.62,272.59184646,588.19385003,2,0,0.0,21.0,20.0
1966,78.66,272.356905,588.09041055,2,0,0.0,21.0,20.0
1967,78.7,272.13412158,587.99082277,2,0,0.0,21.0,20.0
1968,78.74,271.90585906,587.89524024,2,0,0.0,21.0,20.0
1969,78.78,271.69328431,587.80427176,2,0,0.0,21.0,20.0
1970,78.82,271.48922745,587.71580853,2,0,0.0,21.0,20.0
1971,78.86,271.30465092,587.63307482,2,0,0.0,21.0,20.0
1972,78.9,271.12267364,587.55110559,2,0,0.0,21.0,20.0
1973,78.94,270.96105088,587.47628055,2,0,0.0,21.0,20.0
1974,78.98,270.78364964,587.40145551,2,0,0.0,21.0,20.0
1975,79.02,270.62816147,587.33307548,2,0,0.0,21.0,20.0
1976,79.06,270.47667995,587.26587388,2,0,0.0,21.0,20.0
1977,79.1,270.33905183,587.20274681,2,0,0.0,21.0,20.0
1978,79.14,270.21257951,587.14290086,2,0,0.0,21.0,20.0
1979,79.18,270.08556844,587.08467309,2,0,0.0,21.0,20.0
1980,79.22,269.96395275,587.03198078,2,0,0.0,21.0,20.0
1981,79.26,269.84233707,586.97928848,2,0,0.0,21.0,20.0
1982,79.3,269.74123009,586.93262814,2,0,0.0,21.0,20.0
1983,79.34,269.64330557,586.88690382,2,0,0.0,21.0,20.0
1984,79.38,269.55639297,586.8444183,2,0,0.0,21.0,20.0
1985,79.42,269.47412364,586.80549887,2,0,0.0,21.0,20.0
1986,79.46,269.38144527,586.76698871,2,0,0.0,21.0,20.0
1987,79.5,269.31009444,586.73475135,2,0,0.0,21.0,20.0
1988,79.54,269.23874361,586.702514,2,0,0.0,21.0,20.0
1989,79.58,269.18134473,586.67438016,2,0,0.0,21.0,20.0
1990,79.62,269.13232411,586.64871051,2,0,0.0,21.0,20.0
1991,79.66,269.0786058,586.62415098,2,0,0.0,21.0,20.0
1992,79.7,269.03250005,586.60497337,2,0,0.0,21.0,20.0
1993,79.74,268.98639431,586.58579575,2,0,0.0,21.0,20.0
1994,79.78,268.95564984,586.57113616,2,0,0.0,21.0,20.0
1995,79.82,268.93138674,586.55838285,2,0,0.0,21.0,20.0
1996,79.86,268.91203208,586.5470732,2,0,0.0,21.0,20.0
1997,79.9,268.9002756,586.5407076,2,0,0.0,21.0,20.0
1998,79.94,268.87863259,586.53434201,2,0,0.0,21.0,20.0
1999,79.98,268.87306249,586.53270375,2,0,0.0,21.0,20.0
2000,80.02,268.87306249,586.53270375,2,0,0.0,21.0,20.0
2001,80.06,268.87863259,586.53434201,2,0,0.0,21.0,20.0
2002,80.1,268.9002756,586.5407076,2,0,0.0,21.0,20.0
2003,80.14,268.91203208,586.5470732,2,0,0.0,21.0,20.0
2004,80.18,268.93138674,586.55838285,2,0,0.0,21.0,20.0
2005,80.22,268.95564984,586.57113616,2,0,0.0,21.0,20.0
2006,80.26,268.98639431,586.58579575,2,0,0.0,21.0,20.0
2007,80.3,269.03250005,586.60497337,2,0,0.0,21.0,20.0
2008,80.34,269.0786058,586.62415098,2,0,0.0,21.0,20.0
2009,80.38,269.13232411,586.64871051,2,0,0.0,21.0,20.0
2010,80.42,269.18134473,586.67438016,2,0,0.0,21.0,20.0
2011,80.46,269.23874361,586.702514,2,0,0.0,21.0,20.0
2012,80.5,269.31009444,586.73475135,2,0,0.0,21.0,20.0
2013,80.54,269.38144527,586.76698871,2,0,0.0,21.0,20.0
2014,80.58,269.47412364,586.80549887,2,0,0.0,21.0,20.0
2015,80.62,269.55639297,586.8444183,2,0,0.0,21.0,20.0
2016,80.66,269.64330557,586.88690382,2,0,0.0,21.0,20.0
2017,80.7,269.74123009,586.93262814,2,0,0.0,21.0,20.0
2018,80.74,269.84233707,586.97928848,2,0,0.0,21.0,20.0
2019,80.78,269.96395275,587.03198078,2,0,0.0,21.0,20.0
2020,80.82,270.08556844,587.08467309,2,0,0.0,21.0,20.0
2021,80.86,270.21257951,587.14290086,2,0,0.0,21.0,20.0
2022,80.9,270.33905183,587.20274681,2,0,0.0,21.0,20.0
2023,80.94,270.47667995,587.26587388,2,0,0.0,21.0,20.0
2024,80.98,270.62816147,587.33307548,2,0,0.0,21.0,20.0
2025,81.02,270.78364964,587.40145551,2,0,0.0,21.0,20.0
2026,81.06,270.96105088,587.47628055,2,0,0.0,21.0,20.0
2027,81.1,271.12267364,587.55110559,2,0,0.0,21.0,20.0
2028,81.14,271.30465092,587.63307482,2,0,0.0,21.0,20.0
2029,81.18,271.48922745,587.71580853,2,0,0.0,21.0,20.0
2030,81.22,271.69328431,587.80427176,2,0,0.0,21.0,20.0
2031,81.26,271.90585906,587.89524024,2,0,0.0,21.0,20.0
2032,81.3,272.13412158,587.99082277,2,0,0.0,21.0,20.0
2033,81.34,272.356905,588.09041055,2,0,0.0,21.0,20.0
2034,81.38,272.59184646,588.19385003,2,0,0.0,21.0,20.0
2035,81.42,272.84447625,588.30249196,2,0,0.0,21.0,20.0
2036,81.46,273.10910975,588.41466439,2,0,0.0,21.0,20.0
2037,81.5,273.39424476,588.53286668,2,0,0.0,21.0,20.0
2038,81.54,273.68891672,588.65482032,2,0,0.0,21.0,20.0
2039,81.58,273.98806152,588.78315086,2,0,0.0,21.0,20.0
2040,81.62,274.3030815,588.91615058,2,0,0.0,21.0,20.0
2041,81.66,274.63901148,589.05530029,2,0,0.0,21.0,20.0
2042,81.7,274.99685035,589.2008938,2,0,0.0,21.0,20.0
2043,81.74,275.37216645,589.35162767,2,0,0.0,21.0,20.0
2044,81.78,275.77038946,589.51169528,2,0,0.0,21.0,20.0
2045,81.82,276.16762687,589.67502185,2,0,0.0,21.0,20.0
2046,81.86,276.61047334,589.85176284,2,0,0.05691938,21.0,20.0
2047,81.9,277.07041957,590.03353318,2,0,0.07401914,21.0,20.0
2048,81.94,277.56360968,590.22508112,2,0,0.10726302,21.0,20.0
2049,81.98,278.09807133,590.42876776,2,0,0.14853457,21.0,20.0
2050,82.02,278.64441224,590.64072586,2,0,0.17665756,14.0,18.0
2051,82.06,279.23268053,590.86654824,2,0,0.2237961,14.0,18.0
2052,82.1,279.87543734,591.10839666,2,0,0.27828462,14.0,18.0
2053,82.14,280.56639272,591.36442113,2,0,0.3264832,14.0,18.0
2054,82.18,281.31577009,591.63762853,2,0,0.38490518,14.0,18.0
2055,82.22,282.13528129,591.93257139,2,0,0.45880574,14.0,18.0
2056,82.26,283.03715918,592.25713012,2,0,0.55949969,14.0,18.0
2057,82.3,284.04783794,592.6136891,2,0,0.66830056,7.0,16.0
2058,82.34,285.19932817,593.01166322,2,0,0.80911203,7.0,16.0
2059,82.38,286.5685343,593.47367143,2,0,1.02682794,7.0,16.0
2060,82.42,288.25323878,594.02847326,2,0,1.34232627,7.0,16.0
2061,82.46,290.52398343,594.76015037,2,0,1.9437022,0.0,0.0
2062,82.5,296.31947722,582.93072735,1,0,5.47596321,0.0,0.0
2063,82.54,296.09500778,582.93072735,1,0,0.0,0.0,0.0
2064,82.58,295.87053835,582.93072735,1,0,0.0,0.0,0.0
2065,82.62,295.64606891,582.93072735,1,0,0.0,0.0,0.0
2066,82.66,295.41523996,582.93072735,1,0,0.0,0.0,0.0
2067,82.7,295.16704822,582.93072735,1,0,0.0,0.0,0.0
2068,82.74,294.91885647,582.93072735,1,0,0.0,0.0,0.0
2069,82.78,294.67066473,582.93072735,1,0,0.0,0.0,0.0
2070,82.82,294.42247299,582.93072735,1,0,0.0,0.0,0.0
2071,82.86,294.17428125,582.93072735,1,0,0.0,0.0,0.0
2072,82.9,293.90211968,582.93072735,1,0,0.0,0.0,0.0
2073,82.94,293.62921292,582.93072735,1,0,0.0,0.0,0.0
2074,82.98,293.35630617,582.93072735,1,0,0.0,0.0,0.0
2075,83.02,293.08339941,582.93072735,1,0,0.0,0.0,0.0
2076,83.06,292.81049265,582.93072735,1,0,0.0,0.0,0.0
2077,83.1,292.51730414,582.93072735,1,0,0.0,0.0,0.0
2078,83.14,292.21855159,582.93072735,1,0,0.0,0.0,0.0
2079,83.18,291.91979904,582.93072735,1,0,0.0,0.0,0.0
2080,83.22,291.62104649,582.93072735,1,0,0.0,0.0,0.0
2081,83.26,291.32229394,582.93072735,1,0,0.0,0.0,0.0
2082,83.3,291.00395193,582.93072735,1,0,0.0,0.0,0.0
2083,83.34,290.67801864,582.93072735,1,0,0.0,0.0,0.0
2084,83.38,290.35208535,582.93072735,1,0,0.0,0.0,0.0
2085,83.42,290.02615205,582.93072735,1,0,0.0,0.0,0.0
2086,83.46,289.70021876,582.93072735,1,0,0.0,0.0,0.0
2087,83.5,289.35174599,582.93072735,1,0,0.0,0.0,0.0
2088,83.54,288.99714414,582.93072735,1,0,0.0,0.0,0.0
2089,83.58,288.64254229,582.93072735,1,0,0.0,0.0,0.0
2090,83.62,288.28794044,582.93072735,1,0,0.0,0.0,0.0
2091,83.66,287.9333386,582.93072735,1,0,0.0,0.0,0.0
2092,83.7,287.54866319,582.93072735,1,0,0.0,0.0,0.0
2093,83.74,287.16364268,582.93072735,1,0,0.0,0.0,0.0
2094,83.78,286.77862217,582.93072735,1,0,0.0,0.0,0.0
2095,83.82,286.39360166,582.93072735,1,0,0.0,0.0,0.0
2096,83.86,285.99768668,582.93072735,1,0,0.0,0.0,0.0
2097,83.9,285.58022947,582.93072735,1,0,0.0,0.0,0.0
2098,83.94,285.16277226,582.93072735,1,0,0.0,0.0,0.0
2099,83.98,284.74531505,582.93072735,1,0,0.0,0.0,0.0
2100,84.02,284.32785784,582.93072735,1,0,0.0,0.0,0.0
2101,84.06,283.88138499,582.93072735,1,0,0.0,0.0,0.0
2102,84.1,283.42919053,582.93072735,1,0,0.0,0.0,0.0
2103,84.14,282.97699607,582.93072735,1,0,0.0,0.0,0.0
2104,84.18,282.52480161,582.93072735,1,0,0.0,0.0,0.0
2105,84.22,282.05412101,582.93072735,1,0,0.0,0.0,0.0
2106,84.26,281.56448871,582.93072735,1,0,0.0,0.0,0.0
2107,84.3,281.07485641,582.93072735,1,0,0.0,0.0,0.0
2108,84.34,280.58522411,582.93072735,1,0,0.0,0.0,0.0
2109,84.38,280.08266723,582.93072735,1,0,0.0,0.0,0.0
2110,84.42,279.55241896,582.93072735,1,0,0.0,0.0,0.0
2111,84.46,279.0221707,582.93072735,1,0,0.0,0.0,0.0
2112,84.5,278.49192243,582.93072735,1,0,0.0,6.0,26.0
2113,84.54,277.94768327,582.93072735,1,0,0.0,6.0,26.0
2114,84.58,277.37305636,582.93072735,1,0,0.0,6.0,26.0
2115,84.62,276.79842945,582.93072735,1,0,0.0,6.0,26.0
2116,84.66,276.22380254,582.93072735,1,0,0.0,6.0,26.0
2117,84.7,275.62520253,582.93072735,1,0,0.0,6.0,26.0
2118,84.74,275.00179126,582.93072735,1,0,0.0,6.0,26.0
2119,84.78,274.37837998,582.93072735,1,0,0.0,6.0,26.0
2120,84.82,273.7549687,582.93072735,1,0,0.0,6.0,26.0
2121,84.86,273.08542815,582.93072735,1,0,0.0,6.0,26.0
2122,84.9,272.40791071,582.93072735,1,0,0.0,12.0,28.0
2123,84.94,271.73039326,582.93072735,1,0,0.0,12.0,28.0
2124,84.98,271.02839709,582.93072735,1,0,0.0,12.0,28.0
2125,85.02,270.29035836,582.93072735,1,0,0.0,12.0,28.0
2126,85.06,269.55231963,582.93072735,1,0,0.0,12.0,28.0
2127,85.1,268.80384073,582.93072735,1,0,0.0,12.0,28.0
2128,85.14,267.99731285,582.93072735,1,0,0.0,12.0,28.0
2129,85.18,267.19078497,582.93072735,1,0,0.0,12.0,28.0
2130,85.22,266.37627934,582.93072735,1,0,0.0,18.0,30.0
2131,85.26,265.49154787,582.93072735,1,0,0.0,18.0,30.0
2132,85.3,264.6068164,582.93072735,1,0,0.0,18.0,30.0
2133,85.34,263.69873697,582.93072735,1,0,0.0,18.0,30.0
2134,85.38,262.72336325,582.93072735,1,0,0.0,18.0,30.0
2135,85.42,261.74798952,582.93072735,1,0,0.0,18.0,30.0
2136,85.46,260.70608603,582.93072735,1,0,0.0,24.0,32.0
2137,85.5,259.62407985,582.93072735,1,0,0.0,24.0,32.0
2138,85.54,258.51592431,582.93072735,1,0,0.0,24.0,32.0
2139,85.58,257.30648946,582.93072735,1,0,0.0,24.0,32.0
2140,85.62,256.09629093,582.93072735,1,0,0.0,24.0,32.0
2141,85.66,254.73069783,582.93072735,1,0,0.0,30.0,34.0
2142,85.7,253.35982355,582.93072735,1,0,0.0,30.0,34.0
2143,85.74,251.79841313,582.93072735,1,0,0.0,30.0,34.0
2144,85.78,250.16734343,582.93072735,1,0,0.0,30.0,34.0
2145,85.82,248.35198686,582.93072735,1,0,0.0,36.0,36.0
2146,85.86,246.27858657,582.93072735,1,0,0.0,36.0,36.0
2147,85.9,243.89414136,582.93072735,1,0,0.0,36.0,36.0
2148,85.94,240.93640163,582.93072735,1,0,0.0,42.0,38.0
2149,85.98,236.72530894,582.93072735,1,0,0.0,48.0,40.0
2150,86.02,230.88057931,570.930727,1,0,0.0,54.0,30.0
2151,86.06,230.88057931,570.930727,1,0,0.0,54.0,30.0
2152,86.1,230.88057931,570.930727,1,0,0.0,54.0,30.0
2153,86.14,230.88057931,570.930727,1,0,0.0,54.0,30.0
2154,86.18,230.88057931,570.930727,1,0,0.0,54.0,30.0
2155,86.22,230.88057931,570.930727,1,0,0.0,54.0,30.0
2156,86.26,230.88057931,570.930727,1,0,0.0,54.0,30.0
2157,86.3,230.88057931,570.930727,1,0,0.0,54.0,30.0
2158,86.34,230.88057931,570.930727,1,0,0.0,54.0,30.0
2159,86.38,230.88057931,570.930727,1,0,0.0,54.0,30.0
2160,86.42,230.88057931,570.930727,1,0,0.0,54.0,30.0
2161,86.46,230.88057931,570.930727,1,0,0.0,54.0,30.0
2162,86.5,230.88057931,570.930727,1,0,0.0,54.0,30.0
2163,86.54,230.88057931,570.930727,1,0,0.0,54.0,30.0
2164,86.58,230.88057931,570.930727,1,0,0.0,54.0,30.0
2165,86.62,230.88057931,570.930727,1,0,0.0,54.0,30.0
2166,86.66,230.88057931,570.930727,1,0,0.0,54.0,30.0
2167,86.7,230.88057931,570.930727,1,0,0.0,54.0,30.0
2168,86.74,230.88057931,570.930727,1,0,0.0,54.0,30.0
2169,86.78,230.88057931,570.930727,1,0,0.0,54.0,30.0
2170,86.82,230.88057931,570.930727,1,0,0.0,54.0,30.0
2171,86.86,230.88057931,570.930727,1,0,0.0,54.0,30.0
2172,86.9,230.88057931,570.930727,1,0,0.0,54.0,30.0
2173,86.94,230.88057931,570.930727,1,0,0.0,54.0,30.0
2174,86.98,230.88057931,570.930727,1,0,0.0,54.0,30.0
2175,87.02,230.88057931,570.930727,1,0,0.0,54.0,30.0
2176,87.06,230.88057931,570.930727,1,0,0.0,54.0,30.0
2177,87.1,230.88057931,570.930727,1,0,0.0,54.0,30.0
2178,87.14,230.88057931,570.930727,1,0,0.0,54.0,30.0
2179,87.18,230.88057931,570.930727,1,0,0.0,54.0,30.0
2180,87.22,230.88057931,570.930727,1,0,0.0,54.0,30.0
2181,87.26,230.88057931,570.930727,1,0,0.0,54.0,30.0
2182,87.3,230.88057931,570.930727,1,0,0.0,54.0,30.0
2183,87.34,230.88057931,570.930727,1,0,0.0,54.0,30.0
2184,87.38,230.88057931,570.930727,1,0,0.0,54.0,30.0
2185,87.42,230.88057931,570.930727,1,0,0.0,54.0,30.0
2186,87.46,230.88057931,570.930727,1,0,0.0,54.0,30.0
2187,87.5,230.88057931,570.930727,1,0,0.0,54.0,30.0
2188,87.54,230.88057931,570.930727,1,0,0.0,54.0,30.0
2189,87.58,230.88057931,570.930727,1,0,0.0,54.0,30.0
2190,87.62,230.88057931,570.930727,1,0,0.0,54.0,30.0
2191,87.66,230.88057931,570.930727,1,0,0.0,54.0,30.0
2192,87.7,230.88057931,570.930727,1,0,0.0,54.0,30.0
2193,87.74,230.88057931,570.930727,1,0,0.0,54.0,30.0
2194,87.78,230.88057931,570.930727,1,0,0.0,54.0,30.0
2195,87.82,230.88057931,570.930727,1,0,0.0,54.0,30.0
2196,87.86,230.88057931,570.930727,1,0,0.0,54.0,30.0
2197,87.9,230.88057931,570.930727,1,0,0.0,54.0,30.0
2198,87.94,230.88057931,570.930727,1,0,0.0,54.0,30.0
2199,87.98,230.88057931,570.930727,1,0,0.0,54.0,30.0
2200,88.02,230.88057931,570.930727,1,0,0.0,54.0,30.0
2201,88.06,230.88057931,570.930727,1,0,0.0,54.0,30.0
2202,88.1,230.88057931,570.930727,1,0,0.0,54.0,30.0
2203,88.14,230.88057931,570.930727,1,0,0.0,54.0,30.0
2204,88.18,230.88057931,570.930727,1,0,0.0,54.0,30.0
2205,88.22,230.88057931,570.930727,1,0,0.0,54.0,30.0
2206,88.26,230.88057931,570.930727,1,0,0.0,54.0,30.0
2207,88.3,230.88057931,570.930727,1,0,0.0,54.0,30.0
2208,88.34,230.88057931,570.930727,1,0,0.0,54.0,30.0
2209,88.38,230.88057931,570.930727,1,0,0.0,54.0,30.0
2210,88.42,230.88057931,570.930727,1,0,0.0,54.0,30.0
2211,88.46,230.88057931,570.930727,1,0,0.0,54.0,30.0
2212,88.5,230.88057931,570.930727,1,0,0.0,54.0,30.0
2213,88.54,230.88057931,570.930727,1,0,0.0,54.0,30.0
2214,88.58,230.88057931,570.930727,1,0,0.0,54.0,30.0
2215,88.62,230.88057931,570.930727,1,0,0.0,54.0,30.0
2216,88.66,230.88057931,570.930727,1,0,0.0,54.0,30.0
2217,88.7,230.88057931,570.930727,1,0,0.0,54.0,30.0
2218,88.74,230.88057931,570.930727,1,0,0.0,54.0,30.0
2219,88.78,230.88057931,570.930727,1,0,0.0,54.0,30.0
2220,88.82,230.88057931,570.930727,1,0,0.0,54.0,30.0
2221,88.86,230.88057931,570.930727,1,0,0.0,54.0,30.0
2222,88.9,230.88057931,570.930727,1,0,0.0,54.0,30.0
2223,88.94,230.88057931,570.930727,1,0,0.0,54.0,30.0
2224,88.98,230.88057931,570.930727,1,0,0.0,54.0,30.0
2225,89.02,230.88057931,570.930727,1,0,0.0,54.0,30.0
2226,89.06,230.88057931,570.930727,1,0,0.0,54.0,30.0
2227,89.1,230.88057931,570.930727,1,0,0.0,54.0,30.0
2228,89.14,230.88057931,570.930727,1,0,0.0,54.0,30.0
2229,89.18,230.88057931,570.930727,1,0,0.0,54.0,30.0
2230,89.22,230.88057931,570.930727,1,0,0.0,54.0,30.0
2231,89.26,230.88057931,570.930727,1,0,0.0,54.0,30.0
2232,89.3,230.88057931,570.930727,1,0,0.0,54.0,30.0
2233,89.34,230.88057931,570.930727,1,0,0.0,54.0,30.0
2234,89.38,230.88057931,570.930727,1,0,0.0,54.0,30.0
2235,89.42,230.88057931,570.930727,1,0,0.0,54.0,30.0
2236,89.46,230.88057931,570.930727,1,0,0.0,54.0,30.0
2237,89.5,230.88057931,570.930727,1,0,0.0,54.0,30.0
2238,89.54,230.88057931,570.930727,1,0,0.0,54.0,30.0
2239,89.58,230.88057931,570.930727,1,0,0.0,54.0,30.0
2240,89.62,230.88057931,570.930727,1,0,0.0,54.0,30.0
2241,89.66,230.88057931,570.930727,1,0,0.0,54.0,30.0
2242,89.7,230.88057931,570.930727,1,0,0.0,54.0,30.0
2243,89.74,230.88057931,570.930727,1,0,0.0,54.0,30.0
2244,89.78,230.88057931,570.930727,1,0,0.0,54.0,30.0
2245,89.82,230.88057931,570.930727,1,0,0.0,54.0,30.0
2246,89.86,230.88057931,570.930727,1,0,0.0,54.0,30.0
2247,89.9,230.88057931,570.930727,1,0,0.0,54.0,30.0
2248,89.94,230.88057931,570.930727,1,0,0.0,54.0,30.0
2249,89.98,230.88057931,570.930727,1,0,0.0,54.0,30.0
2250,90.02,230.88057931,570.930727,1,0,0.0,54.0,30.0
2251,90.06,230.88057931,570.930727,1,0,0.0,54.0,30.0
2252,90.1,230.88057931,570.930727,1,0,0.0,54.0,30.0
2253,90.14,230.88057931,570.930727,1,0,0.0,54.0,30.0
2254,90.18,230.88057931,570.930727,1,0,0.0,54.0,30.0
2255,90.22,230.88057931,570.930727,1,0,0.0,54.0,30.0
2256,90.26,230.88057931,570.930727,1,0,0.0,54.0,30.0
2257,90.3,230.88057931,570.930727,1,0,0.0,54.0,30.0
2258,90.34,230.88057931,570.930727,1,0,0.0,54.0,30.0
2259,90.38,230.88057931,570.930727,1,0,0.0,54.0,30.0
2260,90.42,230.88057931,570.930727,1,0,0.0,54.0,30.0
2261,90.46,230.88057931,570.930727,1,0,0.0,54.0,30.0
2262,90.5,230.88057931,570.930727,1,0,0.0,54.0,30.0
2263,90.54,230.88057931,570.930727,1,0,0.0,54.0,30.0
2264,90.58,230.88057931,570.930727,1,0,0.0,54.0,30.0
2265,90.62,230.88057931,570.930727,1,0,0.0,54.0,30.0
2266,90.66,230.88057931,570.930727,1,0,0.0,54.0,30.0
2267,90.7,230.88057931,570.930727,1,0,0.0,54.0,30.0
2268,90.74,230.88057931,570.930727,1,0,0.0,54.0,30.0
2269,90.78,230.88057931,570.930727,1,0,0.0,54.0,30.0
2270,90.82,230.88057931,570.930727,1,0,0.0,54.0,30.0
2271,90.86,230.88057931,570.930727,1,0,0.0,54.0,30.0
2272,90.9,230.88057931,570.930727,1,0,0.0,54.0,30.0
2273,90.94,230.88057931,570.930727,1,0,0.0,54.0,30.0
2274,90.98,230.88057931,570.930727,1,0,0.0,54.0,30.0
2275,91.02,230.88057931,570.930727,1,0,0.0,54.0,30.0
2276,91.06,230.88057931,570.930727,1,0,0.0,54.0,30.0
2277,91.1,230.88057931,570.930727,1,0,0.0,54.0,30.0
2278,91.14,230.88057931,570.930727,1,0,0.0,54.0,30.0
2279,91.18,230.88057931,570.930727,1,0,0.0,54.0,30.0
2280,91.22,230.88057931,570.930727,1,0,0.0,54.0,30.0
2281,91.26,230.88057931,570.930727,1,0,0.0,54.0,30.0
2282,91.3,230.88057931,570.930727,1,0,0.0,54.0,30.0
2283,91.34,230.88057931,570.930727,1,0,0.0,54.0,30.0
2284,91.38,230.88057931,570.930727,1,0,0.0,54.0,30.0
2285,91.42,230.88057931,570.930727,1,0,0.0,54.0,30.0
2286,91.46,230.88057931,570.930727,1,0,0.0,54.0,30.0
2287,91.5,230.88057931,570.930727,1,0,0.0,54.0,30.0
2288,91.54,230.88057931,570.930727,1,0,0.0,54.0,30.0
2289,91.58,230.88057931,570.930727,1,0,0.0,54.0,30.0
2290,91.62,230.88057931,570.930727,1,0,0.0,54.0,30.0
2291,91.66,230.88057931,570.930727,1,0,0.0,54.0,30.0
2292,91.7,230.88057931,570.930727,1,0,0.0,54.0,30.0
2293,91.74,230.88057931,570.930727,1,0,0.0,54.0,30.0
2294,91.78,230.88057931,570.930727,1,0,0.0,54.0,30.0
2295,91.82,230.88057931,570.930727,1,0,0.0,54.0,30.0
2296,91.86,230.88057931,570.930727,1,0,0.0,54.0,30.0
2297,91.9,230.88057931,570.930727,1,0,0.0,54.0,30.0
2298,91.94,230.88057931,570.930727,1,0,0.0,54.0,30.0
2299,91.98,230.88057931,570.930727,1,0,0.0,54.0,30.0
2300,92.02,230.88057931,570.930727,1,0,0.0,54.0,30.0
2301,92.06,230.88057931,570.930727,1,0,0.0,54.0,30.0
2302,92.1,230.88057931,570.930727,1,0,0.0,54.0,30.0
2303,92.14,230.88057931,570.930727,1,0,0.0,54.0,30.0
2304,92.18,230.88057931,570.930727,1,0,0.0,54.0,30.0
2305,92.22,230.88057931,570.930727,1,0,0.0,54.0,30.0
2306,92.26,230.88057931,570.930727,1,0,0.0,54.0,30.0
2307,92.3,230.88057931,570.930727,1,0,0.0,54.0,30.0
2308,92.34,230.88057931,570.930727,1,0,0.0,54.0,30.0
2309,92.38,230.88057931,570.930727,1,0,0.0,54.0,30.0
2310,92.42,230.88057931,570.930727,1,0,0.0,54.0,30.0
2311,92.46,230.88057931,570.930727,1,0,0.0,54.0,30.0
2312,92.5,230.88057931,570.930727,1,0,0.0,54.0,30.0
2313,92.54,230.88057931,570.930727,1,0,0.0,54.0,30.0
2314,92.58,230.88057931,570.930727,1,0,0.0,54.0,30.0
2315,92.62,230.88057931,570.930727,1,0,0.0,54.0,30.0
2316,92.66,230.88057931,570.930727,1,0,0.0,54.0,30.0
2317,92.7,230.88057931,570.930727,1,0,0.0,54.0,30.0
2318,92.74,230.88057931,570.930727,1,0,0.0,54.0,30.0
2319,92.78,230.88057931,570.930727,1,0,0.0,54.0,30.0
2320,92.82,230.88057931,570.930727,1,0,0.0,54.0,30.0
2321,92.86,230.88057931,570.930727,1,0,0.0,54.0,30.0
2322,92.9,230.88057931,570.930727,1,0,0.0,54.0,30.0
2323,92.94,230.88057931,570.930727,1,0,0.0,54.0,30.0
2324,92.98,230.88057931,570.930727,1,0,0.0,54.0,30.0
2325,93.02,230.88057931,570.930727,1,0,0.0,54.0,30.0
2326,93.06,230.88057931,570.930727,1,0,0.0,54.0,30.0
2327,93.1,230.88057931,570.930727,1,0,0.0,54.0,30.0
2328,93.14,230.88057931,570.930727,1,0,0.0,54.0,30.0
2329,93.18,230.88057931,570.930727,1,0,0.0,54.0,30.0
2330,93.22,230.88057931,570.930727,1,0,0.0,54.0,30.0
2331,93.26,230.88057931,570.930727,1,0,0.0,54.0,30.0
2332,93.3,230.88057931,570.930727,1,0,0.0,54.0,30.0
2333,93.34,230.88057931,570.930727,1,0,0.0,54.0,30.0
2334,93.38,230.88057931,570.930727,1,0,0.0,54.0,30.0
2335,93.42,230.88057931,570.930727,1,0,0.0,54.0,30.0
2336,93.46,230.88057931,570.930727,1,0,0.0,54.0,30.0
2337,93.5,230.88057931,570.930727,1,0,0.0,54.0,30.0
2338,93.54,230.88057931,570.930727,1,0,0.0,54.0,30.0
2339,93.58,230.88057931,570.930727,1,0,0.0,54.0,30.0
2340,93.62,230.88057931,570.930727,1,0,0.0,54.0,30.0
2341,93.66,230.88057931,570.930727,1,0,0.0,54.0,30.0
2342,93.7,230.88057931,570.930727,1,0,0.0,54.0,30.0
2343,93.74,230.88057931,570.930727,1,0,0.0,54.0,30.0
2344,93.78,230.88057931,570.930727,1,0,0.0,54.0,30.0
2345,93.82,230.88057931,570.930727,1,0,0.0,54.0,30.0
2346,93.86,230.88057931,570.930727,1,0,0.0,54.0,30.0
2347,93.9,230.88057931,570.930727,1,0,0.0,54.0,30.0
2348,93.94,230.88057931,570.930727,1,0,0.0,54.0,30.0
2349,93.98,230.88057931,570.930727,1,0,0.0,54.0,30.0
2350,94.02,230.88057931,570.930727,1,0,0.0,54.0,30.0
2351,94.06,230.88057931,570.930727,1,0,0.0,54.0,30.0
2352,94.1,230.88057931,570.930727,1,0,0.0,54.0,30.0
2353,94.14,230.88057931,570.930727,1,0,0.0,54.0,30.0
2354,94.18,230.88057931,570.930727,1,0,0.0,54.0,30.0
2355,94.22,230.88057931,570.930727,1,0,0.0,54.0,30.0
2356,94.26,230.88057931,570.930727,1,0,0.0,54.0,30.0
2357,94.3,230.88057931,570.930727,1,0,0.0,54.0,30.0
2358,94.34,230.88057931,570.930727,1,0,0.0,54.0,30.0
2359,94.38,230.88057931,570.930727,1,0,0.0,54.0,30.0
2360,94.42,230.88057931,570.930727,1,0,0.0,54.0,30.0
2361,94.46,230.88057931,570.930727,1,0,0.0,54.0,30.0
2362,94.5,230.88057931,570.930727,1,0,0.0,54.0,30.0
2363,94.54,230.88057931,570.930727,1,0,0.0,54.0,30.0
2364,94.58,230.88057931,570.930727,1,0,0.0,54.0,30.0
2365,94.62,230.88057931,570.930727,1,0,0.0,54.0,30.0
2366,94.66,230.88057931,570.930727,1,0,0.0,54.0,30.0
2367,94.7,230.88057931,570.930727,1,0,0.0,54.0,30.0
2368,94.74,230.88057931,570.930727,1,0,0.0,54.0,30.0
2369,94.78,230.88057931,570.930727,1,0,0.0,54.0,30.0
2370,94.82,230.88057931,570.930727,1,0,0.0,54.0,30.0
2371,94.86,230.88057931,570.930727,1,0,0.0,54.0,30.0
2372,94.9,230.88057931,570.930727,1,0,0.0,54.0,30.0
2373,94.94,230.88057931,570.930727,1,0,0.0,54.0,30.0
2374,94.98,230.88057931,570.930727,1,0,0.0,54.0,30.0
2375,95.02,230.88057931,570.930727,1,0,0.0,54.0,30.0
2376,95.06,230.88057931,570.930727,1,0,0.0,54.0,30.0
2377,95.1,230.88057931,570.930727,1,0,0.0,54.0,30.0
2378,95.14,230.88057931,570.930727,1,0,0.0,54.0,30.0
2379,95.18,230.88057931,570.930727,1,0,0.0,54.0,30.0
2380,95.22,230.88057931,570.930727,1,0,0.0,54.0,30.0
2381,95.26,230.88057931,570.930727,1,0,0.0,54.0,30.0
2382,95.3,230.88057931,570.930727,1,0,0.0,54.0,30.0
2383,95.34,230.88057931,570.930727,1,0,0.0,54.0,30.0
2384,95.38,230.88057931,570.930727,1,0,0.0,54.0,30.0
2385,95.42,230.88057931,570.930727,1,0,0.0,54.0,30.0
2386,95.46,230.88057931,570.930727,1,0,0.0,54.0,30.0
2387,95.5,230.88057931,570.930727,1,0,0.0,54.0,30.0
2388,95.54,230.88057931,570.930727,1,0,0.0,54.0,30.0
2389,95.58,230.88057931,570.930727,1,0,0.0,54.0,30.0
2390,95.62,230.88057931,570.930727,1,0,0.0,54.0,30.0
2391,95.66,230.88057931,570.930727,1,0,0.0,54.0,30.0
2392,95.7,230.88057931,570.930727,1,0,0.0,54.0,30.0
2393,95.74,230.88057931,570.930727,1,0,0.0,54.0,30.0
2394,95.78,230.88057931,570.930727,1,0,0.0,54.0,30.0
2395,95.82,230.88057931,570.930727,1,0,0.0,54.0,30.0
2396,95.86,230.88057931,570.930727,1,0,0.0,54.0,30.0
2397,95.9,230.88057931,570.930727,1,0,0.0,54.0,30.0
2398,95.94,230.88057931,570.930727,1,0,0.0,54.0,30.0
2399,95.98,230.88057931,570.930727,1,0,0.0,54.0,30.0
2400,96.02,230.88057931,570.930727,1,0,0.0,54.0,30.0
2401,96.06,230.88057931,570.930727,1,0,0.0,54.0,30.0
2402,96.1,230.88057931,570.930727,1,0,0.0,54.0,30.0
2403,96.14,230.88057931,570.930727,1,0,0.0,54.0,30.0
2404,96.18,230.88057931,570.930727,1,0,0.0,54.0,30.0
2405,96.22,230.88057931,570.930727,1,0,0.0,54.0,30.0
2406,96.26,230.88057931,570.930727,1,0,0.0,54.0,30.0
2407,96.3,230.88057931,570.930727,1,0,0.0,54.0,30.0
2408,96.34,230.88057931,570.930727,1,0,0.0,54.0,30.0
2409,96.38,230.88057931,570.930727,1,0,0.0,54.0,30.0
2410,96.42,230.88057931,570.930727,1,0,0.0,54.0,30.0
2411,96.46,230.88057931,570.930727,1,0,0.0,54.0,30.0
2412,96.5,230.88057931,570.930727,1,0,0.0,54.0,30.0
2413,96.54,230.88057931,570.930727,1,0,0.0,54.0,30.0
2414,96.58,230.88057931,570.930727,1,0,0.0,54.0,30.0
2415,96.62,230.88057931,570.930727,1,0,0.0,54.0,30.0
2416,96.66,230.88057931,570.930727,1,0,0.0,54.0,30.0
2417,96.7,230.88057931,570.930727,1,0,0.0,54.0,30.0
2418,96.74,230.88057931,570.930727,1,0,0.0,54.0,30.0
2419,96.78,230.88057931,570.930727,1,0,0.0,54.0,30.0
2420,96.82,230.88057931,570.930727,1,0,0.0,54.0,30.0
2421,96.86,230.88057931,570.930727,1,0,0.0,54.0,30.0
2422,96.9,230.88057931,570.930727,1,0,0.0,54.0,30.0
2423,96.94,230.88057931,570.930727,1,0,0.0,54.0,30.0
2424,96.98,230.88057931,570.930727,1,0,0.0,54.0,30.0
2425,97.02,230.88057931,570.930727,1,0,0.0,54.0,30.0
2426,97.06,230.88057931,570.930727,1,0,0.0,54.0,30.0
2427,97.1,230.88057931,570.930727,1,0,0.0,54.0,30.0
2428,97.14,230.88057931,570.930727,1,0,0.0,54.0,30.0
2429,97.18,230.88057931,570.930727,1,0,0.0,54.0,30.0
2430,97.22,230.88057931,570.930727,1,0,0.0,54.0,30.0
2431,97.26,230.88057931,570.930727,1,0,0.0,54.0,30.0
2432,97.3,230.88057931,570.930727,1,0,0.0,54.0,30.0
2433,97.34,230.88057931,570.930727,1,0,0.0,54.0,30.0
2434,97.38,230.88057931,570.930727,1,0,0.0,54.0,30.0
2435,97.42,230.88057931,570.930727,1,0,0.0,54.0,30.0
2436,97.46,230.88057931,570.930727,1,0,0.0,54.0,30.0
2437,97.5,230.88057931,570.930727,1,0,0.0,54.0,30.0
2438,97.54,230.88057931,570.930727,1,0,0.0,54.0,30.0
2439,97.58,230.88057931,570.930727,1,0,0.0,54.0,30.0
2440,97.62,230.88057931,570.930727,1,0,0.0,54.0,30.0
2441,97.66,230.88057931,570.930727,1,0,0.0,54.0,30.0
2442,97.7,230.88057931,570.930727,1,0,0.0,54.0,30.0
2443,97.74,230.88057931,570.930727,1,0,0.0,54.0,30.0
2444,97.78,230.88057931,570.930727,1,0,0.0,54.0,30.0
2445,97.82,230.88057931,570.930727,1,0,0.0,54.0,30.0
2446,97.86,230.88057931,570.930727,1,0,0.0,54.0,30.0
2447,97.9,230.88057931,570.930727,1,0,0.0,54.0,30.0
2448,97.94,230.88057931,570.930727,1,0,0.0,54.0,30.0
2449,97.98,230.88057931,570.930727,1,0,0.0,54.0,30.0
2450,98.02,230.88057931,570.930727,1,0,0.0,54.0,30.0
2451,98.06,230.88057931,570.930727,1,0,0.0,54.0,30.0
2452,98.1,230.88057931,570.930727,1,0,0.0,54.0,30.0
2453,98.14,230.88057931,570.930727,1,0,0.0,54.0,30.0
2454,98.18,230.88057931,570.930727,1,0,0.0,54.0,30.0
2455,98.22,230.88057931,570.930727,1,0,0.0,54.0,30.0
2456,98.26,230.88057931,570.930727,1,0,0.0,54.0,30.0
2457,98.3,230.88057931,570.930727,1,0,0.0,54.0,30.0
2458,98.34,230.88057931,570.930727,1,0,0.0,54.0,30.0
2459,98.38,230.88057931,570.930727,1,0,0.0,54.0,30.0
2460,98.42,230.88057931,570.930727,1,0,0.0,54.0,30.0
2461,98.46,230.88057931,570.930727,1,0,0.0,54.0,30.0
2462,98.5,230.88057931,570.930727,1,0,0.0,54.0,30.0
2463,98.54,230.88057931,570.930727,1,0,0.0,54.0,30.0
2464,98.58,230.88057931,570.930727,1,0,0.0,54.0,30.0
2465,98.62,230.88057931,570.930727,1,0,0.0,54.0,30.0
2466,98.66,230.88057931,570.930727,1,0,0.0,54.0,30.0
2467,98.7,230.88057931,570.930727,1,0,0.0,54.0,30.0
2468,98.74,230.88057931,570.930727,1,0,0.0,54.0,30.0
2469,98.78,230.88057931,570.930727,1,0,0.0,54.0,30.0
2470,98.82,230.88057931,570.930727,1,0,0.0,54.0,30.0
2471,98.86,230.88057931,570.930727,1,0,0.0,54.0,30.0
2472,98.9,230.88057931,570.930727,1,0,0.0,54.0,30.0
2473,98.94,230.88057931,570.930727,1,0,0.0,54.0,30.0
2474,98.98,230.88057931,570.930727,1,0,0.0,54.0,30.0
2475,99.02,230.88057931,570.930727,1,0,0.0,54.0,30.0
2476,99.06,230.88057931,570.930727,1,0,0.0,54.0,30.0
2477,99.1,230.88057931,570.930727,1,0,0.0,54.0,30.0
2478,99.14,230.88057931,570.930727,1,0,0.0,54.0,30.0
2479,99.18,230.88057931,570.930727,1,0,0.0,54.0,30.0
2480,99.22,230.88057931,570.930727,1,0,0.0,54.0,30.0
2481,99.26,230.88057931,570.930727,1,0,0.0,54.0,30.0
2482,99.3,230.88057931,570.930727,1,0,0.0,54.0,30.0
2483,99.34,230.88057931,570.930727,1,0,0.0,54.0,30.0
2484,99.38,230.88057931,570.930727,1,0,0.0,54.0,30.0
2485,99.42,230.88057931,570.930727,1,0,0.0,54.0,30.0
2486,99.46,230.88057931,570.930727,1,0,0.0,54.0,30.0
2487,99.5,230.88057931,570.930727,1,0,0.0,54.0,30.0
2488,99.54,230.88057931,570.930727,1,0,0.0,54.0,30.0
2489,99.58,230.88057931,570.930727,1,0,0.0,54.0,30.0
2490,99.62,230.88057931,570.930727,1,0,0.0,54.0,30.0
2491,99.66,230.88057931,570.930727,1,0,0.0,54.0,30.0
2492,99.7,230.88057931,570.930727,1,0,0.0,54.0,30.0
2493,99.74,230.88057931,570.930727,1,0,0.0,54.0,30.0
2494,99.78,230.88057931,570.930727,1,0,0.0,54.0,30.0
2495,99.82,230.88057931,570.930727,1,0,0.0,54.0,30.0
2496,99.86,230.88057931,570.930727,1,0,0.0,54.0,30.0
2497,99.9,230.88057931,570.930727,1,0,0.0,54.0,30.0
2498,99.94,230.88057931,570.930727,1,0,0.0,54.0,30.0
2499,99.98,230.88057931,570.930727,1,0,0.0,54.0,30.0
2500,100.02,230.88057931,570.930727,1,0,0.0,54.0,30.0
2501,100.06,230.88057931,570.930727,1,0,0.0,54.0,30.0
2502,100.1,230.88057931,570.930727,1,0,0.0,54.0,30.0
2503,100.14,230.88057931,570.930727,1,0,0.0,54.0,30.0
2504,100.18,230.88057931,570.930727,1,0,0.0,54.0,30.0
2505,100.22,230.88057931,570.930727,1,0,0.0,54.0,30.0
2506,100.26,230.88057931,570.930727,1,0,0.0,54.0,30.0
2507,100.3,230.88057931,570.930727,1,0,0.0,54.0,30.0
2508,100.34,230.88057931,570.930727,1,0,0.0,54.0,30.0
2509,100.38,230.88057931,570.930727,1,0,0.0,54.0,30.0
2510,100.42,230.88057931,570.930727,1,0,0.0,54.0,30.0
2511,100.46,230.88057931,570.930727,1,0,0.0,54.0,30.0
2512,100.5,230.88057931,570.930727,1,0,0.0,54.0,30.0
2513,100.54,230.88057931,570.930727,1,0,0.0,54.0,30.0
2514,100.58,230.88057931,570.930727,1,0,0.0,54.0,30.0
2515,100.62,230.88057931,570.930727,1,0,0.0,54.0,30.0
2516,100.66,230.88057931,570.930727,1,0,0.0,54.0,30.0
2517,100.7,230.88057931,570.930727,1,0,0.0,54.0,30.0
2518,100.74,230.88057931,570.930727,1,0,0.0,54.0,30.0
2519,100.78,230.88057931,570.930727,1,0,0.0,54.0,30.0
2520,100.82,230.88057931,570.930727,1,0,0.0,54.0,30.0
2521,100.86,230.88057931,570.930727,1,0,0.0,54.0,30.0
2522,100.9,230.88057931,570.930727,1,0,0.0,54.0,30.0
2523,100.94,230.88057931,570.930727,1,0,0.0,54.0,30.0
2524,100.98,230.88057931,570.930727,1,0,0.0,54.0,30.0
2525,101.02,230.88057931,570.930727,1,0,0.0,54.0,30.0
2526,101.06,230.88057931,570.930727,1,0,0.0,54.0,30.0
2527,101.1,230.88057931,570.930727,1,0,0.0,54.0,30.0
2528,101.14,230.88057931,570.930727,1,0,0.0,54.0,30.0
2529,101.18,230.88057931,570.930727,1,0,0.0,54.0,30.0
2530,101.22,230.88057931,570.930727,1,0,0.0,54.0,30.0
2531,101.26,230.88057931,570.930727,1,0,0.0,54.0,30.0
2532,101.3,230.88057931,570.930727,1,0,0.0,54.0,30.0
2533,101.34,230.88057931,570.930727,1,0,0.0,54.0,30.0
2534,101.38,230.88057931,570.930727,1,0,0.0,54.0,30.0
2535,101.42,230.88057931,570.930727,1,0,0.0,54.0,30.0
2536,101.46,230.88057931,570.930727,1,0,0.0,54.0,30.0
2537,101.5,230.88057931,570.930727,1,0,0.0,54.0,30.0
2538,101.54,230.88057931,570.930727,1,0,0.0,54.0,30.0
2539,101.58,230.88057931,570.930727,1,0,0.0,54.0,30.0
2540,101.62,230.88057931,570.930727,1,0,0.0,54.0,30.0
2541,101.66,230.88057931,570.930727,1,0,0.0,54.0,30.0
2542,101.7,230.88057931,570.930727,1,0,0.0,54.0,30.0
2543,101.74,230.88057931,570.930727,1,0,0.0,54.0,30.0
2544,101.78,230.88057931,570.930727,1,0,0.0,54.0,30.0
2545,101.82,230.88057931,570.930727,1,0,0.0,54.0,30.0
2546,101.86,230.88057931,570.930727,1,0,0.0,54.0,30.0
2547,101.9,230.88057931,570.930727,1,0,0.0,54.0,30.0
2548,101.94,230.88057931,570.930727,1,0,0.0,54.0,30.0
2549,101.98,230.88057931,570.930727,1,0,0.0,54.0,30.0
2550,102.02,230.88057931,570.930727,1,0,0.0,54.0,30.0
2551,102.06,230.88057931,570.930727,1,0,0.0,54.0,30.0
2552,102.1,230.88057931,570.930727,1,0,0.0,54.0,30.0
2553,102.14,230.88057931,570.930727,1,0,0.0,54.0,30.0
2554,102.18,230.88057931,570.930727,1,0,0.0,54.0,30.0
2555,102.22,230.88057931,570.930727,1,0,0.0,54.0,30.0
2556,102.26,230.88057931,570.930727,1,0,0.0,54.0,30.0
2557,102.3,230.88057931,570.930727,1,0,0.0,54.0,30.0
2558,102.34,230.88057931,570.930727,1,0,0.0,54.0,30.0
2559,102.38,230.88057931,570.930727,1,0,0.0,54.0,30.0
2560,102.42,230.88057931,570.930727,1,0,0.0,54.0,30.0
2561,102.46,230.88057931,570.930727,1,0,0.0,54.0,30.0
2562,102.5,230.88057931,570.930727,1,0,0.0,54.0,30.0
2563,102.54,230.88057931,570.930727,1,0,0.0,54.0,30.0
2564,102.58,230.88057931,570.930727,1,0,0.0,54.0,30.0
2565,102.62,230.88057931,570.930727,1,0,0.0,54.0,30.0
2566,102.66,230.88057931,570.930727,1,0,0.0,54.0,30.0
2567,102.7,230.88057931,570.930727,1,0,0.0,54.0,30.0
2568,102.74,230.88057931,570.930727,1,0,0.0,54.0,30.0
2569,102.78,230.88057931,570.930727,1,0,0.0,54.0,30.0
2570,102.82,230.88057931,570.930727,1,0,0.0,54.0,30.0
2571,102.86,230.88057931,570.930727,1,0,0.0,54.0,30.0
2572,102.9,230.88057931,570.930727,1,0,0.0,54.0,30.0
2573,102.94,230.88057931,570.930727,1,0,0.0,54.0,30.0
2574,102.98,230.88057931,570.930727,1,0,0.0,54.0,30.0
2575,103.02,230.88057931,570.930727,1,0,0.0,54.0,30.0
2576,103.06,230.88057931,570.930727,1,0,0.0,54.0,30.0
2577,103.1,230.88057931,570.930727,1,0,0.0,54.0,30.0
2578,103.14,230.88057931,570.930727,1,0,0.0,54.0,30.0
2579,103.18,230.88057931,570.930727,1,0,0.0,54.0,30.0
2580,103.22,230.88057931,570.930727,1,0,0.0,54.0,30.0
2581,103.26,230.88057931,570.930727,1,0,0.0,54.0,30.0
2582,103.3,230.88057931,570.930727,1,0,0.0,54.0,30.0
2583,103.34,230.88057931,570.930727,1,0,0.0,54.0,30.0
2584,103.38,230.88057931,570.930727,1,0,0.0,54.0,30.0
2585,103.42,230.88057931,570.930727,1,0,0.0,54.0,30.0
2586,103.46,230.88057931,570.930727,1,0,0.0,54.0,30.0
2587,103.5,230.88057931,570.930727,1,0,0.0,54.0,30.0
2588,103.54,230.88057931,570.930727,1,0,0.0,54.0,30.0
2589,103.58,230.88057931,570.930727,1,0,0.0,54.0,30.0
2590,103.62,230.88057931,570.930727,1,0,0.0,54.0,30.0
2591,103.66,230.88057931,570.930727,1,0,0.0,54.0,30.0
2592,103.7,230.88057931,570.930727,1,0,0.0,54.0,30.0
2593,103.74,230.88057931,570.930727,1,0,0.0,54.0,30.0
2594,103.78,230.88057931,570.930727,1,0,0.0,54.0,30.0
2595,103.82,230.88057931,570.930727,1,0,0.0,54.0,30.0
2596,103.86,230.88057931,570.930727,1,0,0.0,54.0,30.0
2597,103.9,230.88057931,570.930727,1,0,0.0,54.0,30.0
2598,103.94,230.88057931,570.930727,1,0,0.0,54.0,30.0
2599,103.98,230.88057931,570.930727,1,0,0.0,54.0,30.0
2600,104.02,230.88057931,570.930727,1,0,0.0,54.0,30.0
2601,104.06,230.88057931,570.930727,1,0,0.0,54.0,30.0
2602,104.1,230.88057931,570.930727,1,0,0.0,54.0,30.0
2603,104.14,230.88057931,570.930727,1,0,0.0,54.0,30.0
2604,104.18,230.88057931,570.930727,1,0,0.0,54.0,30.0
2605,104.22,230.88057931,570.930727,1,0,0.0,54.0,30.0
2606,104.26,230.88057931,570.930727,1,0,0.0,54.0,30.0
2607,104.3,230.88057931,570.930727,1,0,0.0,54.0,30.0
2608,104.34,230.88057931,570.930727,1,0,0.0,54.0,30.0
2609,104.38,230.88057931,570.930727,1,0,0.0,54.0,30.0
2610,104.42,230.88057931,570.930727,1,0,0.0,54.0,30.0
2611,104.46,230.88057931,570.930727,1,0,0.0,54.0,30.0
2612,104.5,230.88057931,570.930727,1,0,0.0,54.0,30.0
2613,104.54,230.88057931,570.930727,1,0,0.0,54.0,30.0
2614,104.58,230.88057931,570.930727,1,0,0.0,54.0,30.0
2615,104.62,230.88057931,570.930727,1,0,0.0,54.0,30.0
2616,104.66,230.88057931,570.930727,1,0,0.0,54.0,30.0
2617,104.7,230.88057931,570.930727,1,0,0.0,54.0,30.0
2618,104.74,230.88057931,570.930727,1,0,0.0,54.0,30.0
2619,104.78,230.88057931,570.930727,1,0,0.0,54.0,30.0
2620,104.82,230.88057931,570.930727,1,0,0.0,54.0,30.0
2621,104.86,230.88057931,570.930727,1,0,0.0,54.0,30.0
2622,104.9,230.88057931,570.930727,1,0,0.0,54.0,30.0
2623,104.94,230.88057931,570.930727,1,0,0.0,54.0,30.0
2624,104.98,230.88057931,570.930727,1,0,0.0,54.0,30.0
2625,105.02,230.88057931,570.930727,1,0,0.0,54.0,30.0
2626,105.06,230.88057931,570.930727,1,0,0.0,54.0,30.0
2627,105.1,230.88057931,570.930727,1,0,0.0,54.0,30.0
2628,105.14,230.88057931,570.930727,1,0,0.0,54.0,30.0
2629,105.18,230.88057931,570.930727,1,0,0.0,54.0,30.0
2630,105.22,230.88057931,570.930727,1,0,0.0,54.0,30.0
2631,105.26,230.88057931,570.930727,1,0,0.0,54.0,30.0
2632,105.3,230.88057931,570.930727,1,0,0.0,54.0,30.0
2633,105.34,230.88057931,570.930727,1,0,0.0,54.0,30.0
2634,105.38,230.88057931,570.930727,1,0,0.0,54.0,30.0
2635,105.42,230.88057931,570.930727,1,0,0.0,54.0,30.0
2636,105.46,230.88057931,570.930727,1,0,0.0,54.0,30.0
2637,105.5,230.88057931,570.930727,1,0,0.0,54.0,30.0
2638,105.54,230.88057931,570.930727,1,0,0.0,54.0,30.0
2639,105.58,230.88057931,570.930727,1,0,0.0,54.0,30.0
2640,105.62,230.88057931,570.930727,1,0,0.0,54.0,30.0
2641,105.66,230.88057931,570.930727,1,0,0.0,54.0,30.0
2642,105.7,230.88057931,570.930727,1,0,0.0,54.0,30.0
2643,105.74,230.88057931,570.930727,1,0,0.0,54.0,30.0
2644,105.78,230.88057931,570.930727,1,0,0.0,54.0,30.0
2645,105.82,230.88057931,570.930727,1,0,0.0,54.0,30.0
2646,105.86,230.88057931,570.930727,1,0,0.0,54.0,30.0
2647,105.9,230.88057931,570.930727,1,0,0.0,54.0,30.0
2648,105.94,230.88057931,570.930727,1,0,0.0,54.0,30.0
2649,105.98,230.88057931,570.930727,1,0,0.0,54.0,30.0
2650,106.02,230.88057931,570.930727,1,0,0.0,54.0,30.0
2651,106.06,230.88057931,570.930727,1,0,0.0,54.0,30.0
2652,106.1,230.88057931,570.930727,1,0,0.0,54.0,30.0
2653,106.14,230.88057931,570.930727,1,0,0.0,54.0,30.0
2654,106.18,230.88057931,570.930727,1,0,0.0,54.0,30.0
2655,106.22,230.88057931,570.930727,1,0,0.0,54.0,30.0
2656,106.26,230.88057931,570.930727,1,0,0.0,54.0,30.0
2657,106.3,230.88057931,570.930727,1,0,0.0,54.0,30.0
2658,106.34,230.88057931,570.930727,1,0,0.0,54.0,30.0
2659,106.38,230.88057931,570.930727,1,0,0.0,54.0,30.0
2660,106.42,230.88057931,570.930727,1,0,0.0,54.0,30.0
2661,106.46,230.88057931,570.930727,1,0,0.0,54.0,30.0
2662,106.5,230.88057931,570.930727,1,0,0.0,54.0,30.0
2663,106.54,230.88057931,570.930727,1,0,0.0,54.0,30.0
2664,106.58,230.88057931,570.930727,1,0,0.0,54.0,30.0
2665,106.62,230.88057931,570.930727,1,0,0.0,54.0,30.0
2666,106.66,230.88057931,570.930727,1,0,0.0,54.0,30.0
2667,106.7,230.88057931,570.930727,1,0,0.0,54.0,30.0
2668,106.74,230.88057931,570.930727,1,0,0.0,54.0,30.0
2669,106.78,230.88057931,570.930727,1,0,0.0,54.0,30.0
2670,106.82,230.88057931,570.930727,1,0,0.0,54.0,30.0
2671,106.86,230.88057931,570.930727,1,0,0.0,54.0,30.0
2672,106.9,230.88057931,570.930727,1,0,0.0,54.0,30.0
2673,106.94,230.88057931,570.930727,1,0,0.0,54.0,30.0
2674,106.98,230.88057931,570.930727,1,0,0.0,54.0,30.0
2675,107.02,230.88057931,570.930727,1,0,0.0,54.0,30.0
2676,107.06,230.88057931,570.930727,1,0,0.0,54.0,30.0
2677,107.1,230.88057931,570.930727,1,0,0.0,54.0,30.0
2678,107.14,230.88057931,570.930727,1,0,0.0,54.0,30.0
2679,107.18,230.88057931,570.930727,1,0,0.0,54.0,30.0
2680,107.22,230.88057931,570.930727,1,0,0.0,54.0,30.0
2681,107.26,230.88057931,570.930727,1,0,0.0,54.0,30.0
2682,107.3,230.88057931,570.930727,1,0,0.0,54.0,30.0
2683,107.34,230.88057931,570.930727,1,0,0.0,54.0,30.0
2684,107.38,230.88057931,570.930727,1,0,0.0,54.0,30.0
2685,107.42,230.88057931,570.930727,1,0,0.0,54.0,30.0
2686,107.46,230.88057931,570.930727,1,0,0.0,54.0,30.0
2687,107.5,230.88057931,570.930727,1,0,0.0,54.0,30.0
2688,107.54,230.88057931,570.930727,1,0,0.0,54.0,30.0
2689,107.58,230.88057931,570.930727,1,0,0.0,54.0,30.0
2690,107.62,230.88057931,570.930727,1,0,0.0,54.0,30.0
2691,107.66,230.88057931,570.930727,1,0,0.0,54.0,30.0
2692,107.7,230.88057931,570.930727,1,0,0.0,54.0,30.0
2693,107.74,230.88057931,570.930727,1,0,0.0,54.0,30.0
2694,107.78,230.88057931,570.930727,1,0,0.0,54.0,30.0
2695,107.82,230.88057931,570.930727,1,0,0.0,54.0,30.0
2696,107.86,230.88057931,570.930727,1,0,0.0,54.0,30.0
2697,107.9,230.88057931,570.930727,1,0,0.0,54.0,30.0
2698,107.94,230.88057931,570.930727,1,0,0.0,54.0,30.0
2699,107.98,230.88057931,570.930727,1,0,0.0,54.0,30.0
2700,108.02,230.88057931,570.930727,1,0,0.0,54.0,30.0
2701,108.06,230.88057931,570.930727,1,0,0.0,54.0,30.0
2702,108.1,230.88057931,570.930727,1,0,0.0,54.0,30.0
2703,108.14,230.88057931,570.930727,1,0,0.0,54.0,30.0
2704,108.18,230.88057931,570.930727,1,0,0.0,54.0,30.0
2705,108.22,230.88057931,570.930727,1,0,0.0,54.0,30.0
2706,108.26,230.88057931,570.930727,1,0,0.0,54.0,30.0
2707,108.3,230.88057931,570.930727,1,0,0.0,54.0,30.0
2708,108.34,230.88057931,570.930727,1,0,0.0,54.0,30.0
2709,108.38,230.88057931,570.930727,1,0,0.0,54.0,30.0
2710,108.42,230.88057931,570.930727,1,0,0.0,54.0,30.0
2711,108.46,230.88057931,570.930727,1,0,0.0,54.0,30.0
2712,108.5,230.88057931,570.930727,1,0,0.0,54.0,30.0
2713,108.54,230.88057931,570.930727,1,0,0.0,54.0,30.0
2714,108.58,230.88057931,570.930727,1,0,0.0,54.0,30.0
2715,108.62,230.88057931,570.930727,1,0,0.0,54.0,30.0
2716,108.66,230.88057931,570.930727,1,0,0.0,54.0,30.0
2717,108.7,230.88057931,570.930727,1,0,0.0,54.0,30.0
2718,108.74,230.88057931,570.930727,1,0,0.0,54.0,30.0
2719,108.78,230.88057931,570.930727,1,0,0.0,54.0,30.0
2720,108.82,230.88057931,570.930727,1,0,0.0,54.0,30.0
2721,108.86,230.88057931,570.930727,1,0,0.0,54.0,30.0
2722,108.9,230.88057931,570.930727,1,0,0.0,54.0,30.0
2723,108.94,230.88057931,570.930727,1,0,0.0,54.0,30.0
2724,108.98,230.88057931,570.930727,1,0,0.0,54.0,30.0
2725,109.02,230.88057931,570.930727,1,0,0.0,54.0,30.0
2726,109.06,230.88057931,570.930727,1,0,0.0,54.0,30.0
2727,109.1,230.88057931,570.930727,1,0,0.0,54.0,30.0
2728,109.14,230.88057931,570.930727,1,0,0.0,54.0,30.0
2729,109.18,230.88057931,570.930727,1,0,0.0,54.0,30.0
2730,109.22,230.88057931,570.930727,1,0,0.0,54.0,30.0
2731,109.26,230.88057931,570.930727,1,0,0.0,54.0,30.0
2732,109.3,230.88057931,570.930727,1,0,0.0,54.0,30.0
2733,109.34,230.88057931,570.930727,1,0,0.0,54.0,30.0
2734,109.38,230.88057931,570.930727,1,0,0.0,54.0,30.0
2735,109.42,230.88057931,570.930727,1,0,0.0,54.0,30.0
2736,109.46,230.88057931,570.930727,1,0,0.0,54.0,30.0
2737,109.5,230.88057931,570.930727,1,0,0.0,54.0,30.0
2738,109.54,230.88057931,570.930727,1,0,0.0,54.0,30.0
2739,109.58,230.88057931,570.930727,1,0,0.0,54.0,30.0
2740,109.62,230.88057931,570.930727,1,0,0.0,54.0,30.0
2741,109.66,230.88057931,570.930727,1,0,0.0,54.0,30.0
2742,109.7,230.88057931,570.930727,1,0,0.0,54.0,30.0
2743,109.74,230.88057931,570.930727,1,0,0.0,54.0,30.0
2744,109.78,230.88057931,570.930727,1,0,0.0,54.0,30.0
2745,109.82,230.88057931,570.930727,1,0,0.0,54.0,30.0
2746,109.86,230.88057931,570.930727,1,0,0.0,54.0,30.0
2747,109.9,230.88057931,570.930727,1,0,0.0,54.0,30.0
2748,109.94,230.88057931,570.930727,1,0,0.0,54.0,30.0
2749,109.98,230.88057931,570.930727,1,0,0.0,54.0,30.0
2750,110.02,230.88057931,570.930727,1,0,0.0,54.0,30.0
2751,110.06,230.88057931,570.930727,1,0,0.0,54.0,30.0
2752,110.1,230.88057931,570.930727,1,0,0.0,54.0,30.0
2753,110.14,230.88057931,570.930727,1,0,0.0,54.0,30.0
2754,110.18,230.88057931,570.930727,1,0,0.0,54.0,30.0
2755,110.22,230.88057931,570.930727,1,0,0.0,54.0,30.0
2756,110.26,230.88057931,570.930727,1,0,0.0,54.0,30.0
2757,110.3,230.88057931,570.930727,1,0,0.0,54.0,30.0
2758,110.34,230.88057931,570.930727,1,0,0.0,54.0,30.0
2759,110.38,230.88057931,570.930727,1,0,0.0,54.0,30.0
2760,110.42,230.88057931,570.930727,1,0,0.0,54.0,30.0
2761,110.46,230.88057931,570.930727,1,0,0.0,54.0,30.0
2762,110.5,230.88057931,570.930727,1,0,0.0,54.0,30.0
2763,110.54,230.88057931,570.930727,1,0,0.0,54.0,30.0
2764,110.58,230.88057931,570.930727,1,0,0.0,54.0,30.0
2765,110.62,230.88057931,570.930727,1,0,0.0,54.0,30.0
2766,110.66,230.88057931,570.930727,1,0,0.0,54.0,30.0
2767,110.7,230.88057931,570.930727,1,0,0.0,54.0,30.0
2768,110.74,230.88057931,570.930727,1,0,0.0,54.0,30.0
2769,110.78,230.88057931,570.930727,1,0,0.0,54.0,30.0
2770,110.82,230.88057931,570.930727,1,0,0.0,54.0,30.0
2771,110.86,230.88057931,570.930727,1,0,0.0,54.0,30.0
2772,110.9,230.88057931,570.930727,1,0,0.0,54.0,30.0
2773,110.94,230.88057931,570.930727,1,0,0.0,54.0,30.0
2774,110.98,230.88057931,570.930727,1,0,0.0,54.0,30.0
2775,111.02,230.88057931,570.930727,1,0,0.0,54.0,30.0
2776,111.06,230.88057931,570.930727,1,0,0.0,54.0,30.0
2777,111.1,230.88057931,570.930727,1,0,0.0,54.0,30.0
2778,111.14,230.88057931,570.930727,1,0,0.0,54.0,30.0
2779,111.18,230.88057931,570.930727,1,0,0.0,54.0,30.0
2780,111.22,230.88057931,570.930727,1,0,0.0,54.0,30.0
2781,111.26,230.88057931,570.930727,1,0,0.0,54.0,30.0
2782,111.3,230.88057931,570.930727,1,0,0.0,54.0,30.0
2783,111.34,230.88057931,570.930727,1,0,0.0,54.0,30.0
2784,111.38,230.88057931,570.930727,1,0,0.0,54.0,30.0
2785,111.42,230.88057931,570.930727,1,0,0.0,54.0,30.0
2786,111.46,230.88057931,570.930727,1,0,0.0,54.0,30.0
2787,111.5,230.88057931,570.930727,1,0,0.0,54.0,30.0
2788,111.54,230.88057931,570.930727,1,0,0.0,54.0,30.0
2789,111.58,230.88057931,570.930727,1,0,0.0,54.0,30.0
2790,111.62,230.88057931,570.930727,1,0,0.0,54.0,30.0
2791,111.66,230.88057931,570.930727,1,0,0.0,54.0,30.0
2792,111.7,230.88057931,570.930727,1,0,0.0,54.0,30.0
2793,111.74,230.88057931,570.930727,1,0,0.0,54.0,30.0
2794,111.78,230.88057931,570.930727,1,0,0.0,54.0,30.0
2795,111.82,230.88057931,570.930727,1,0,0.0,54.0,30.0
2796,111.86,230.88057931,570.930727,1,0,0.0,54.0,30.0
2797,111.9,230.88057931,570.930727,1,0,0.0,54.0,30.0
2798,111.94,230.88057931,570.930727,1,0,0.0,54.0,30.0
2799,111.98,230.88057931,570.930727,1,0,0.0,54.0,30.0
2800,112.02,230.88057931,570.930727,1,0,0.0,54.0,30.0
2801,112.06,230.88057931,570.930727,1,0,0.0,54.0,30.0
2802,112.1,230.88057931,570.930727,1,0,0.0,54.0,30.0
2803,112.14,230.88057931,570.930727,1,0,0.0,54.0,30.0
2804,112.18,230.88057931,570.930727,1,0,0.0,54.0,30.0
2805,112.22,230.88057931,570.930727,1,0,0.0,54.0,30.0
2806,112.26,230.88057931,570.930727,1,0,0.0,54.0,30.0
2807,112.3,230.88057931,570.930727,1,0,0.0,54.0,30.0
2808,112.34,230.88057931,570.930727,1,0,0.0,54.0,30.0
2809,112.38,230.88057931,570.930727,1,0,0.0,54.0,30.0
2810,112.42,230.88057931,570.930727,1,0,0.0,54.0,30.0
2811,112.46,230.88057931,570.930727,1,0,0.0,54.0,30.0
2812,112.5,230.88057931,570.930727,1,0,0.0,54.0,30.0
2813,112.54,230.88057931,570.930727,1,0,0.0,54.0,30.0
2814,112.58,230.88057931,570.930727,1,0,0.0,54.0,30.0
2815,112.62,230.88057931,570.930727,1,0,0.0,54.0,30.0
2816,112.66,230.88057931,570.930727,1,0,0.0,54.0,30.0
2817,112.7,230.88057931,570.930727,1,0,0.0,54.0,30.0
2818,112.74,230.88057931,570.930727,1,0,0.0,54.0,30.0
2819,112.78,230.88057931,570.930727,1,0,0.0,54.0,30.0
2820,112.82,230.88057931,570.930727,1,0,0.0,54.0,30.0
2821,112.86,230.88057931,570.930727,1,0,0.0,54.0,30.0
2822,112.9,230.88057931,570.930727,1,0,0.0,54.0,30.0
2823,112.94,230.88057931,570.930727,1,0,0.0,54.0,30.0
2824,112.98,230.88057931,570.930727,1,0,0.0,54.0,30.0
2825,113.02,230.88057931,570.930727,1,0,0.0,54.0,30.0
2826,113.06,230.88057931,570.930727,1,0,0.0,54.0,30.0
2827,113.1,230.88057931,570.930727,1,0,0.0,54.0,30.0
2828,113.14,230.88057931,570.930727,1,0,0.0,54.0,30.0
2829,113.18,230.88057931,570.930727,1,0,0.0,54.0,30.0
2830,113.22,230.88057931,570.930727,1,0,0.0,54.0,30.0
2831,113.26,230.88057931,570.930727,1,0,0.0,54.0,30.0
2832,113.3,230.88057931,570.930727,1,0,0.0,54.0,30.0
2833,113.34,230.88057931,570.930727,1,0,0.0,54.0,30.0
2834,113.38,230.88057931,570.930727,1,0,0.0,54.0,30.0
2835,113.42,230.88057931,570.930727,1,0,0.0,54.0,30.0
2836,113.46,230.88057931,570.930727,1,0,0.0,54.0,30.0
2837,113.5,230.88057931,570.930727,1,0,0.0,54.0,30.0
2838,113.54,230.88057931,570.930727,1,0,0.0,54.0,30.0
2839,113.58,230.88057931,570.930727,1,0,0.0,54.0,30.0
2840,113.62,230.88057931,570.930727,1,0,0.0,54.0,30.0
2841,113.66,230.88057931,570.930727,1,0,0.0,54.0,30.0
2842,113.7,230.88057931,570.930727,1,0,0.0,54.0,30.0
2843,113.74,230.88057931,570.930727,1,0,0.0,54.0,30.0
2844,113.78,230.88057931,570.930727,1,0,0.0,54.0,30.0
2845,113.82,230.88057931,570.930727,1,0,0.0,54.0,30.0
2846,113.86,230.88057931,570.930727,1,0,0.0,54.0,30.0
2847,113.9,230.88057931,570.930727,1,0,0.0,54.0,30.0
2848,113.94,230.88057931,570.930727,1,0,0.0,54.0,30.0
2849,113.98,230.88057931,570.930727,1,0,0.0,54.0,30.0
2850,114.02,230.88057931,570.930727,1,0,0.0,54.0,30.0
2851,114.06,230.88057931,570.930727,1,0,0.0,54.0,30.0
2852,114.1,230.88057931,570.930727,1,0,0.0,54.0,30.0
2853,114.14,230.88057931,570.930727,1,0,0.0,54.0,30.0
2854,114.18,230.88057931,570.930727,1,0,0.0,54.0,30.0
2855,114.22,230.88057931,570.930727,1,0,0.0,54.0,30.0
2856,114.26,230.88057931,570.930727,1,0,0.0,54.0,30.0
2857,114.3,230.88057931,570.930727,1,0,0.0,54.0,30.0
2858,114.34,230.88057931,570.930727,1,0,0.0,54.0,30.0
2859,114.38,230.88057931,570.930727,1,0,0.0,54.0,30.0
2860,114.42,230.88057931,570.930727,1,0,0.0,54.0,30.0
2861,114.46,230.88057931,570.930727,1,0,0.0,54.0,30.0
2862,114.5,230.88057931,570.930727,1,0,0.0,54.0,30.0
2863,114.54,230.88057931,570.930727,1,0,0.0,54.0,30.0
2864,114.58,230.88057931,570.930727,1,0,0.0,54.0,30.0
2865,114.62,230.88057931,570.930727,1,0,0.0,54.0,30.0
2866,114.66,230.88057931,570.930727,1,0,0.0,54.0,30.0
2867,114.7,230.88057931,570.930727,1,0,0.0,54.0,30.0
2868,114.74,230.88057931,570.930727,1,0,0.0,54.0,30.0
2869,114.78,230.88057931,570.930727,1,0,0.0,54.0,30.0
2870,114.82,230.88057931,570.930727,1,0,0.0,54.0,30.0
2871,114.86,230.88057931,570.930727,1,0,0.0,54.0,30.0
2872,114.9,230.88057931,570.930727,1,0,0.0,54.0,30.0
2873,114.94,230.88057931,570.930727,1,0,0.0,54.0,30.0
2874,114.98,230.88057931,570.930727,1,0,0.0,54.0,30.0
2875,115.02,230.88057931,570.930727,1,0,0.0,54.0,30.0
2876,115.06,230.88057931,570.930727,1,0,0.0,54.0,30.0
2877,115.1,230.88057931,570.930727,1,0,0.0,54.0,30.0
2878,115.14,230.88057931,570.930727,1,0,0.0,54.0,30.0
2879,115.18,230.88057931,570.930727,1,0,0.0,54.0,30.0
2880,115.22,230.88057931,570.930727,1,0,0.0,54.0,30.0
2881,115.26,230.88057931,570.930727,1,0,0.0,54.0,30.0
2882,115.3,230.88057931,570.930727,1,0,0.0,54.0,30.0
2883,115.34,230.88057931,570.930727,1,0,0.0,54.0,30.0
2884,115.38,230.88057931,570.930727,1,0,0.0,54.0,30.0
2885,115.42,230.88057931,570.930727,1,0,0.0,54.0,30.0
2886,115.46,230.88057931,570.930727,1,0,0.0,54.0,30.0
2887,115.5,230.88057931,570.930727,1,0,0.0,54.0,30.0
2888,115.54,230.88057931,570.930727,1,0,0.0,54.0,30.0
2889,115.58,230.88057931,570.930727,1,0,0.0,54.0,30.0
2890,115.62,230.88057931,570.930727,1,0,0.0,54.0,30.0
2891,115.66,230.88057931,570.930727,1,0,0.0,54.0,30.0
2892,115.7,230.88057931,570.930727,1,0,0.0,54.0,30.0
2893,115.74,230.88057931,570.930727,1,0,0.0,54.0,30.0
2894,115.78,230.88057931,570.930727,1,0,0.0,54.0,30.0
2895,115.82,230.88057931,570.930727,1,0,0.0,54.0,30.0
2896,115.86,230.88057931,570.930727,1,0,0.0,54.0,30.0
2897,115.9,230.88057931,570.930727,1,0,0.0,54.0,30.0
2898,115.94,230.88057931,570.930727,1,0,0.0,54.0,30.0
2899,115.98,230.88057931,570.930727,1,0,0.0,54.0,30.0
2900,116.02,230.88057931,570.930727,1,0,0.0,54.0,30.0
2901,116.06,230.88057931,570.930727,1,0,0.0,54.0,30.0
2902,116.1,230.88057931,570.930727,1,0,0.0,54.0,30.0
2903,116.14,230.88057931,570.930727,1,0,0.0,54.0,30.0
2904,116.18,230.88057931,570.930727,1,0,0.0,54.0,30.0
2905,116.22,230.88057931,570.930727,1,0,0.0,54.0,30.0
2906,116.26,230.88057931,570.930727,1,0,0.0,54.0,30.0
2907,116.3,230.88057931,570.930727,1,0,0.0,54.0,30.0
2908,116.34,230.88057931,570.930727,1,0,0.0,54.0,30.0
2909,116.38,230.88057931,570.930727,1,0,0.0,54.0,30.0
2910,116.42,230.88057931,570.930727,1,0,0.0,54.0,30.0
2911,116.46,230.88057931,570.930727,1,0,0.0,54.0,30.0
2912,116.5,230.88057931,570.930727,1,0,0.0,54.0,30.0
2913,116.54,230.88057931,570.930727,1,0,0.0,54.0,30.0
2914,116.58,230.88057931,570.930727,1,0,0.0,54.0,30.0
2915,116.62,230.88057931,570.930727,1,0,0.0,54.0,30.0
2916,116.66,230.88057931,570.930727,1,0,0.0,54.0,30.0
2917,116.7,230.88057931,570.930727,1,0,0.0,54.0,30.0
2918,116.74,230.88057931,570.930727,1,0,0.0,54.0,30.0
2919,116.78,230.88057931,570.930727,1,0,0.0,54.0,30.0
2920,116.82,230.88057931,570.930727,1,0,0.0,54.0,30.0
2921,116.86,230.88057931,570.930727,1,0,0.0,54.0,30.0
2922,116.9,230.88057931,570.930727,1,0,0.0,54.0,30.0
2923,116.94,230.88057931,570.930727,1,0,0.0,54.0,30.0
2924,116.98,230.88057931,570.930727,1,0,0.0,54.0,30.0
2925,117.02,230.88057931,570.930727,1,0,0.0,54.0,30.0
2926,117.06,230.88057931,570.930727,1,0,0.0,54.0,30.0
2927,117.1,230.88057931,570.930727,1,0,0.0,54.0,30.0
2928,117.14,230.88057931,570.930727,1,0,0.0,54.0,30.0
2929,117.18,230.88057931,570.930727,1,0,0.0,54.0,30.0
2930,117.22,230.88057931,570.930727,1,0,0.0,54.0,30.0
2931,117.26,230.88057931,570.930727,1,0,0.0,54.0,30.0
2932,117.3,230.88057931,570.930727,1,0,0.0,54.0,30.0
2933,117.34,230.88057931,570.930727,1,0,0.0,54.0,30.0
2934,117.38,230.88057931,570.930727,1,0,0.0,54.0,30.0
2935,117.42,230.88057931,570.930727,1,0,0.0,54.0,30.0
2936,117.46,230.88057931,570.930727,1,0,0.0,54.0,30.0
2937,117.5,230.88057931,570.930727,1,0,0.0,54.0,30.0
2938,117.54,230.88057931,570.930727,1,0,0.0,54.0,30.0
2939,117.58,230.88057931,570.930727,1,0,0.0,54.0,30.0
2940,117.62,230.88057931,570.930727,1,0,0.0,54.0,30.0
2941,117.66,230.88057931,570.930727,1,0,0.0,54.0,30.0
2942,117.7,230.88057931,570.930727,1,0,0.0,54.0,30.0
2943,117.74,230.88057931,570.930727,1,0,0.0,54.0,30.0
2944,117.78,230.88057931,570.930727,1,0,0.0,54.0,30.0
2945,117.82,230.88057931,570.930727,1,0,0.0,54.0,30.0
2946,117.86,230.88057931,570.930727,1,0,0.0,54.0,30.0
2947,117.9,230.88057931,570.930727,1,0,0.0,54.0,30.0
2948,117.94,230.88057931,570.930727,1,0,0.0,54.0,30.0
2949,117.98,230.88057931,570.930727,1,0,0.0,54.0,30.0
2950,118.02,230.88057931,570.930727,1,0,0.0,54.0,30.0
2951,118.06,230.88057931,570.930727,1,0,0.0,54.0,30.0
2952,118.1,230.88057931,570.930727,1,0,0.0,54.0,30.0
2953,118.14,230.88057931,570.930727,1,0,0.0,54.0,30.0
2954,118.18,230.88057931,570.930727,1,0,0.0,54.0,30.0
2955,118.22,230.88057931,570.930727,1,0,0.0,54.0,30.0
2956,118.26,230.88057931,570.930727,1,0,0.0,54.0,30.0
2957,118.3,230.88057931,570.930727,1,0,0.0,54.0,30.0
2958,118.34,230.88057931,570.930727,1,0,0.0,54.0,30.0
2959,118.38,230.88057931,570.930727,1,0,0.0,54.0,30.0
2960,118.42,230.88057931,570.930727,1,0,0.0,54.0,30.0
2961,118.46,230.88057931,570.930727,1,0,0.0,54.0,30.0
2962,118.5,230.88057931,570.930727,1,0,0.0,54.0,30.0
2963,118.54,230.88057931,570.930727,1,0,0.0,54.0,30.0
2964,118.58,230.88057931,570.930727,1,0,0.0,54.0,30.0
2965,118.62,230.88057931,570.930727,1,0,0.0,54.0,30.0
2966,118.66,230.88057931,570.930727,1,0,0.0,54.0,30.0
2967,118.7,230.88057931,570.930727,1,0,0.0,54.0,30.0
2968,118.74,230.88057931,570.930727,1,0,0.0,54.0,30.0
2969,118.78,230.88057931,570.930727,1,0,0.0,54.0,30.0
2970,118.82,230.88057931,570.930727,1,0,0.0,54.0,30.0
2971,118.86,230.88057931,570.930727,1,0,0.0,54.0,30.0
2972,118.9,230.88057931,570.930727,1,0,0.0,54.0,30.0
2973,118.94,230.88057931,570.930727,1,0,0.0,54.0,30.0
2974,118.98,230.88057931,570.930727,1,0,0.0,54.0,30.0
2975,119.02,230.88057931,570.930727,1,0,0.0,54.0,30.0
2976,119.06,230.88057931,570.930727,1,0,0.0,54.0,30.0
2977,119.1,230.88057931,570.930727,1,0,0.0,54.0,30.0
2978,119.14,230.88057931,570.930727,1,0,0.0,54.0,30.0
2979,119.18,230.88057931,570.930727,1,0,0.0,54.0,30.0
2980,119.22,230.88057931,570.930727,1,0,0.0,54.0,30.0
2981,119.26,230.88057931,570.930727,1,0,0.0,54.0,30.0
2982,119.3,230.88057931,570.930727,1,0,0.0,54.0,30.0
2983,119.34,230.88057931,570.930727,1,0,0.0,54.0,30.0
2984,119.38,230.88057931,570.930727,1,0,0.0,54.0,30.0
2985,119.42,230.88057931,570.930727,1,0,0.0,54.0,30.0
2986,119.46,230.88057931,570.930727,1,0,0.0,54.0,30.0
2987,119.5,230.88057931,570.930727,1,0,0.0,54.0,30.0
2988,119.54,230.88057931,570.930727,1,0,0.0,54.0,30.0
2989,119.58,230.88057931,570.930727,1,0,0.0,54.0,30.0
2990,119.62,230.88057931,570.930727,1,0,0.0,54.0,30.0
2991,119.66,230.88057931,570.930727,1,0,0.0,54.0,30.0
2992,119.7,230.88057931,570.930727,1,0,0.0,54.0,30.0
2993,119.74,230.88057931,570.930727,1,0,0.0,54.0,30.0
2994,119.78,230.88057931,570.930727,1,0,0.0,54.0,30.0
2995,119.82,230.88057931,570.930727,1,0,0.0,54.0,30.0
2996,119.86,230.88057931,570.930727,1,0,0.0,54.0,30.0
2997,119.9,230.88057931,570.930727,1,0,0.0,54.0,30.0
2998,119.94,230.88057931,570.930727,1,0,0.0,54.0,30.0
2999,119.98,230.88057931,570.930727,1,0,0.0,54.0,30.0
3000,120.02,230.88057931,570.930727,1,0,0.0,54.0,30.0
3001,120.06,230.88057931,570.930727,1,0,0.0,54.0,30.0
3002,120.1,230.88057931,570.930727,1,0,0.0,54.0,30.0
3003,120.14,230.88057931,570.930727,1,0,0.0,54.0,30.0
3004,120.18,230.88057931,570.930727,1,0,0.0,54.0,30.0
3005,120.22,230.88057931,570.930727,1,0,0.0,54.0,30.0
3006,120.26,230.88057931,570.930727,1,0,0.0,54.0,30.0
3007,120.3,230.88057931,570.930727,1,0,0.0,54.0,30.0
3008,120.34,230.88057931,570.930727,1,0,0.0,54.0,30.0
3009,120.38,230.88057931,570.930727,1,0,0.0,54.0,30.0
3010,120.42,230.88057931,570.930727,1,0,0.0,54.0,30.0
3011,120.46,230.88057931,570.930727,1,0,0.0,54.0,30.0
3012,120.5,230.88057931,570.930727,1,0,0.0,54.0,30.0
3013,120.54,230.88057931,570.930727,1,0,0.0,54.0,30.0
3014,120.58,230.88057931,570.930727,1,0,0.0,54.0,30.0
3015,120.62,230.88057931,570.930727,1,0,0.0,54.0,30.0
3016,120.66,230.88057931,570.930727,1,0,0.0,54.0,30.0
3017,120.7,230.88057931,570.930727,1,0,0.0,54.0,30.0
3018,120.74,230.88057931,570.930727,1,0,0.0,54.0,30.0
3019,120.78,230.88057931,570.930727,1,0,0.0,54.0,30.0
3020,120.82,230.88057931,570.930727,1,0,0.0,54.0,30.0
3021,120.86,230.88057931,570.930727,1,0,0.0,54.0,30.0
3022,120.9,230.88057931,570.930727,1,0,0.0,54.0,30.0
3023,120.94,230.88057931,570.930727,1,0,0.0,54.0,30.0
3024,120.98,230.88057931,570.930727,1,0,0.0,54.0,30.0
3025,121.02,230.88057931,570.930727,1,0,0.0,54.0,30.0
3026,121.06,230.88057931,570.930727,1,0,0.0,54.0,30.0
3027,121.1,230.88057931,570.930727,1,0,0.0,54.0,30.0
3028,121.14,230.88057931,570.930727,1,0,0.0,54.0,30.0
3029,121.18,230.88057931,570.930727,1,0,0.0,54.0,30.0
3030,121.22,230.88057931,570.930727,1,0,0.0,54.0,30.0
3031,121.26,230.88057931,570.930727,1,0,0.0,54.0,30.0
3032,121.3,230.88057931,570.930727,1,0,0.0,54.0,30.0
3033,121.34,230.88057931,570.930727,1,0,0.0,54.0,30.0
3034,121.38,230.88057931,570.930727,1,0,0.0,54.0,30.0
3035,121.42,230.88057931,570.930727,1,0,0.0,54.0,30.0
3036,121.46,230.88057931,570.930727,1,0,0.0,54.0,30.0
3037,121.5,230.88057931,570.930727,1,0,0.0,54.0,30.0
3038,121.54,230.88057931,570.930727,1,0,0.0,54.0,30.0
3039,121.58,230.88057931,570.930727,1,0,0.0,54.0,30.0
3040,121.62,230.88057931,570.930727,1,0,0.0,54.0,30.0
3041,121.66,230.88057931,570.930727,1,0,0.0,54.0,30.0
3042,121.7,230.88057931,570.930727,1,0,0.0,54.0,30.0
3043,121.74,230.88057931,570.930727,1,0,0.0,54.0,30.0
3044,121.78,230.88057931,570.930727,1,0,0.0,54.0,30.0
3045,121.82,230.88057931,570.930727,1,0,0.0,54.0,30.0
3046,121.86,230.88057931,570.930727,1,0,0.0,54.0,30.0
3047,121.9,230.88057931,570.930727,1,0,0.0,54.0,30.0
3048,121.94,230.88057931,570.930727,1,0,0.0,54.0,30.0
3049,121.98,230.88057931,570.930727,1,0,0.0,54.0,30.0
3050,122.02,230.88057931,570.930727,1,0,0.0,54.0,30.0
3051,122.06,230.88057931,570.930727,1,0,0.0,54.0,30.0
3052,122.1,230.88057931,570.930727,1,0,0.0,54.0,30.0
3053,122.14,230.88057931,570.930727,1,0,0.0,54.0,30.0
3054,122.18,230.88057931,570.930727,1,0,0.0,54.0,30.0
3055,122.22,230.88057931,570.930727,1,0,0.0,54.0,30.0
3056,122.26,230.88057931,570.930727,1,0,0.0,54.0,30.0
3057,122.3,230.88057931,570.930727,1,0,0.0,54.0,30.0
3058,122.34,230.88057931,570.930727,1,0,0.0,54.0,30.0
3059,122.38,230.88057931,570.930727,1,0,0.0,54.0,30.0
3060,122.42,230.88057931,570.930727,1,0,0.0,54.0,30.0
3061,122.46,230.88057931,570.930727,1,0,0.0,54.0,30.0
3062,122.5,230.88057931,570.930727,1,0,0.0,54.0,30.0
3063,122.54,230.88057931,570.930727,1,0,0.0,54.0,30.0
3064,122.58,230.88057931,570.930727,1,0,0.0,54.0,30.0
3065,122.62,230.88057931,570.930727,1,0,0.0,54.0,30.0
3066,122.66,230.88057931,570.930727,1,0,0.0,54.0,30.0
3067,122.7,230.88057931,570.930727,1,0,0.0,54.0,30.0
3068,122.74,230.88057931,570.930727,1,0,0.0,54.0,30.0
3069,122.78,230.88057931,570.930727,1,0,0.0,54.0,30.0
3070,122.82,230.88057931,570.930727,1,0,0.0,54.0,30.0
3071,122.86,230.88057931,570.930727,1,0,0.0,54.0,30.0
3072,122.9,230.88057931,570.930727,1,0,0.0,54.0,30.0
3073,122.94,230.88057931,570.930727,1,0,0.0,54.0,30.0
3074,122.98,230.88057931,570.930727,1,0,0.0,54.0,30.0
3075,123.02,230.88057931,570.930727,1,0,0.0,54.0,30.0
3076,123.06,230.88057931,570.930727,1,0,0.0,54.0,30.0
3077,123.1,230.88057931,570.930727,1,0,0.0,54.0,30.0
3078,123.14,230.88057931,570.930727,1,0,0.0,54.0,30.0
3079,123.18,230.88057931,570.930727,1,0,0.0,54.0,30.0
3080,123.22,230.88057931,570.930727,1,0,0.0,54.0,30.0
3081,123.26,230.88057931,570.930727,1,0,0.0,54.0,30.0
3082,123.3,230.88057931,570.930727,1,0,0.0,54.0,30.0
3083,123.34,230.88057931,570.930727,1,0,0.0,54.0,30.0
3084,123.38,230.88057931,570.930727,1,0,0.0,54.0,30.0
3085,123.42,230.88057931,570.930727,1,0,0.0,54.0,30.0
3086,123.46,230.88057931,570.930727,1,0,0.0,54.0,30.0
3087,123.5,230.88057931,570.930727,1,0,0.0,54.0,30.0
3088,123.54,230.88057931,570.930727,1,0,0.0,54.0,30.0
3089,123.58,230.88057931,570.930727,1,0,0.0,54.0,30.0
3090,123.62,230.88057931,570.930727,1,0,0.0,54.0,30.0
3091,123.66,230.88057931,570.930727,1,0,0.0,54.0,30.0
3092,123.7,230.88057931,570.930727,1,0,0.0,54.0,30.0
3093,123.74,230.88057931,570.930727,1,0,0.0,54.0,30.0
3094,123.78,230.88057931,570.930727,1,0,0.0,54.0,30.0
3095,123.82,230.88057931,570.930727,1,0,0.0,54.0,30.0
3096,123.86,230.88057931,570.930727,1,0,0.0,54.0,30.0
3097,123.9,230.88057931,570.930727,1,0,0.0,54.0,30.0
3098,123.94,230.88057931,570.930727,1,0,0.0,54.0,30.0
3099,123.98,230.88057931,570.930727,1,0,0.0,54.0,30.0
3100,124.02,230.88057931,570.930727,1,0,0.0,54.0,30.0
3101,124.06,230.88057931,570.930727,1,0,0.0,54.0,30.0
3102,124.1,230.88057931,570.930727,1,0,0.0,54.0,30.0
3103,124.14,230.88057931,570.930727,1,0,0.0,54.0,30.0
3104,124.18,230.88057931,570.930727,1,0,0.0,54.0,30.0
3105,124.22,230.88057931,570.930727,1,0,0.0,54.0,30.0
3106,124.26,230.88057931,570.930727,1,0,0.0,54.0,30.0
3107,124.3,230.88057931,570.930727,1,0,0.0,54.0,30.0
3108,124.34,230.88057931,570.930727,1,0,0.0,54.0,30.0
3109,124.38,230.88057931,570.930727,1,0,0.0,54.0,30.0
3110,124.42,230.88057931,570.930727,1,0,0.0,54.0,30.0
3111,124.46,230.88057931,570.930727,1,0,0.0,54.0,30.0
3112,124.5,230.88057931,570.930727,1,0,0.0,54.0,30.0
3113,124.54,230.88057931,570.930727,1,0,0.0,54.0,30.0
3114,124.58,230.88057931,570.930727,1,0,0.0,54.0,30.0
3115,124.62,230.88057931,570.930727,1,0,0.0,54.0,30.0
3116,124.66,230.88057931,570.930727,1,0,0.0,54.0,30.0
3117,124.7,230.88057931,570.930727,1,0,0.0,54.0,30.0
3118,124.74,230.88057931,570.930727,1,0,0.0,54.0,30.0
3119,124.78,230.88057931,570.930727,1,0,0.0,54.0,30.0
3120,124.82,230.88057931,570.930727,1,0,0.0,54.0,30.0
3121,124.86,230.88057931,570.930727,1,0,0.0,54.0,30.0
3122,124.9,230.88057931,570.930727,1,0,0.0,54.0,30.0
3123,124.94,230.88057931,570.930727,1,0,0.0,54.0,30.0
3124,124.98,230.88057931,570.930727,1,0,0.0,54.0,30.0
3125,125.02,230.88057931,570.930727,1,0,0.0,54.0,30.0
3126,125.06,230.88057931,570.930727,1,0,0.0,54.0,30.0
3127,125.1,230.88057931,570.930727,1,0,0.0,54.0,30.0
3128,125.14,230.88057931,570.930727,1,0,0.0,54.0,30.0
3129,125.18,230.88057931,570.930727,1,0,0.0,54.0,30.0
3130,125.22,230.88057931,570.930727,1,0,0.0,54.0,30.0
3131,125.26,230.88057931,570.930727,1,0,0.0,54.0,30.0
3132,125.3,230.88057931,570.930727,1,0,0.0,54.0,30.0
3133,125.34,230.88057931,570.930727,1,0,0.0,54.0,30.0
3134,125.38,230.88057931,570.930727,1,0,0.0,54.0,30.0
3135,125.42,230.88057931,570.930727,1,0,0.0,54.0,30.0
3136,125.46,230.88057931,570.930727,1,0,0.0,54.0,30.0
3137,125.5,230.88057931,570.930727,1,0,0.0,54.0,30.0
3138,125.54,230.88057931,570.930727,1,0,0.0,54.0,30.0
3139,125.58,230.88057931,570.930727,1,0,0.0,54.0,30.0
3140,125.62,230.88057931,570.930727,1,0,0.0,54.0,30.0
3141,125.66,230.88057931,570.930727,1,0,0.0,54.0,30.0
3142,125.7,230.88057931,570.930727,1,0,0.0,54.0,30.0
3143,125.74,230.88057931,570.930727,1,0,0.0,54.0,30.0
3144,125.78,230.88057931,570.930727,1,0,0.0,54.0,30.0
3145,125.82,230.88057931,570.930727,1,0,0.0,54.0,30.0
3146,125.86,230.88057931,570.930727,1,0,0.0,54.0,30.0
3147,125.9,230.88057931,570.930727,1,0,0.0,54.0,30.0
3148,125.94,230.88057931,570.930727,1,0,0.0,54.0,30.0
3149,125.98,230.88057931,570.930727,1,0,0.0,54.0,30.0
3150,126.02,230.88057931,570.930727,1,0,0.0,54.0,30.0
3151,126.06,230.88057931,570.930727,1,0,0.0,54.0,30.0
3152,126.1,230.88057931,570.930727,1,0,0.0,54.0,30.0
3153,126.14,230.88057931,570.930727,1,0,0.0,54.0,30.0
3154,126.18,230.88057931,570.930727,1,0,0.0,54.0,30.0
3155,126.22,230.88057931,570.930727,1,0,0.0,54.0,30.0
3156,126.26,230.88057931,570.930727,1,0,0.0,54.0,30.0
3157,126.3,230.88057931,570.930727,1,0,0.0,54.0,30.0
3158,126.34,230.88057931,570.930727,1,0,0.0,54.0,30.0
3159,126.38,230.88057931,570.930727,1,0,0.0,54.0,30.0
3160,126.42,230.88057931,570.930727,1,0,0.0,54.0,30.0
3161,126.46,230.88057931,570.930727,1,0,0.0,54.0,30.0
3162,126.5,230.88057931,570.930727,1,0,0.0,54.0,30.0
3163,126.54,230.88057931,570.930727,1,0,0.0,54.0,30.0
3164,126.58,230.88057931,570.930727,1,0,0.0,54.0,30.0
3165,126.62,230.88057931,570.930727,1,0,0.0,54.0,30.0
3166,126.66,230.88057931,570.930727,1,0,0.0,54.0,30.0
3167,126.7,230.88057931,570.930727,1,0,0.0,54.0,30.0
3168,126.74,230.88057931,570.930727,1,0,0.0,54.0,30.0
3169,126.78,230.88057931,570.930727,1,0,0.0,54.0,30.0
3170,126.82,230.88057931,570.930727,1,0,0.0,54.0,30.0
3171,126.86,230.88057931,570.930727,1,0,0.0,54.0,30.0
3172,126.9,230.88057931,570.930727,1,0,0.0,54.0,30.0
3173,126.94,230.88057931,570.930727,1,0,0.0,54.0,30.0
3174,126.98,230.88057931,570.930727,1,0,0.0,54.0,30.0
3175,127.02,230.88057931,570.930727,1,0,0.0,54.0,30.0
3176,127.06,230.88057931,570.930727,1,0,0.0,54.0,30.0
3177,127.1,230.88057931,570.930727,1,0,0.0,54.0,30.0
3178,127.14,230.88057931,570.930727,1,0,0.0,54.0,30.0
3179,127.18,230.88057931,570.930727,1,0,0.0,54.0,30.0
3180,127.22,230.88057931,570.930727,1,0,0.0,54.0,30.0
3181,127.26,230.88057931,570.930727,1,0,0.0,54.0,30.0
3182,127.3,230.88057931,570.930727,1,0,0.0,54.0,30.0
3183,127.34,230.88057931,570.930727,1,0,0.0,54.0,30.0
3184,127.38,230.88057931,570.930727,1,0,0.0,54.0,30.0
3185,127.42,230.88057931,570.930727,1,0,0.0,54.0,30.0
3186,127.46,230.88057931,570.930727,1,0,0.0,54.0,30.0
3187,127.5,230.88057931,570.930727,1,0,0.0,54.0,30.0
3188,127.54,230.88057931,570.930727,1,0,0.0,54.0,30.0
3189,127.58,230.88057931,570.930727,1,0,0.0,54.0,30.0
3190,127.62,230.88057931,570.930727,1,0,0.0,54.0,30.0
3191,127.66,230.88057931,570.930727,1,0,0.0,54.0,30.0
3192,127.7,230.88057931,570.930727,1,0,0.0,54.0,30.0
3193,127.74,230.88057931,570.930727,1,0,0.0,54.0,30.0
3194,127.78,230.88057931,570.930727,1,0,0.0,54.0,30.0
3195,127.82,230.88057931,570.930727,1,0,0.0,54.0,30.0
3196,127.86,230.88057931,570.930727,1,0,0.0,54.0,30.0
3197,127.9,230.88057931,570.930727,1,0,0.0,54.0,30.0
3198,127.94,230.88057931,570.930727,1,0,0.0,54.0,30.0
3199,127.98,230.88057931,570.930727,1,0,0.0,54.0,30.0
3200,128.02,230.88057931,570.930727,1,0,0.0,54.0,30.0
3201,128.06,230.88057931,570.930727,1,0,0.0,54.0,30.0
3202,128.1,230.88057931,570.930727,1,0,0.0,54.0,30.0
3203,128.14,230.88057931,570.930727,1,0,0.0,54.0,30.0
3204,128.18,230.88057931,570.930727,1,0,0.0,54.0,30.0
3205,128.22,230.88057931,570.930727,1,0,0.0,54.0,30.0
3206,128.26,230.88057931,570.930727,1,0,0.0,54.0,30.0
3207,128.3,230.88057931,570.930727,1,0,0.0,54.0,30.0
3208,128.34,230.88057931,570.930727,1,0,0.0,54.0,30.0
3209,128.38,230.88057931,570.930727,1,0,0.0,54.0,30.0
3210,128.42,230.88057931,570.930727,1,0,0.0,54.0,30.0
3211,128.46,230.88057931,570.930727,1,0,0.0,54.0,30.0
3212,128.5,230.88057931,570.930727,1,0,0.0,54.0,30.0
3213,128.54,230.88057931,570.930727,1,0,0.0,54.0,30.0
3214,128.58,230.88057931,570.930727,1,0,0.0,54.0,30.0
3215,128.62,230.88057931,570.930727,1,0,0.0,54.0,30.0
3216,128.66,230.88057931,570.930727,1,0,0.0,54.0,30.0
3217,128.7,230.88057931,570.930727,1,0,0.0,54.0,30.0
3218,128.74,230.88057931,570.930727,1,0,0.0,54.0,30.0
3219,128.78,230.88057931,570.930727,1,0,0.0,54.0,30.0
3220,128.82,230.88057931,570.930727,1,0,0.0,54.0,30.0
3221,128.86,230.88057931,570.930727,1,0,0.0,54.0,30.0
3222,128.9,230.88057931,570.930727,1,0,0.0,54.0,30.0
3223,128.94,230.88057931,570.930727,1,0,0.0,54.0,30.0
3224,128.98,230.88057931,570.930727,1,0,0.0,54.0,30.0
3225,129.02,236.72530894,582.93072735,1,0,5.80576477,48.0,40.0
3226,129.06,240.93623032,582.93072735,1,0,3.70604855,42.0,38.0
3227,129.1,243.89410508,582.93072735,1,0,2.46135558,36.0,36.0
3228,129.14,246.27860288,582.93072735,1,0,1.89180114,36.0,36.0
3229,129.18,248.35192873,582.93072735,1,0,1.58270366,36.0,36.0
3230,129.22,250.16739885,582.93072735,1,0,1.32656698,30.0,34.0
3231,129.26,251.79845675,582.93072735,1,0,1.14338417,30.0,34.0
3232,129.3,253.3598247,582.93072735,1,0,1.07415882,30.0,34.0
3233,129.34,254.73063376,582.93072735,1,0,0.88487032,30.0,34.0
3234,129.38,256.09616102,582.93072735,1,0,0.87962373,24.0,32.0
3235,129.42,257.30647844,582.93072735,1,0,0.72544863,24.0,32.0
3236,129.46,258.51601814,582.93072735,1,0,0.72467609,24.0,32.0
3237,129.5,259.62413217,582.93072735,1,0,0.62392659,24.0,32.0
3238,129.54,260.70607436,582.93072735,1,0,0.59792923,24.0,32.0
3239,129.58,261.74794301,582.93072735,1,0,0.55812284,18.0,30.0
3240,129.62,262.72331674,582.93072735,1,0,0.49207122,18.0,30.0
3241,129.66,263.69869046,582.93072735,1,0,0.49207122,18.0,30.0
3242,129.7,264.60679623,582.93072735,1,0,0.42525172,18.0,30.0
3243,129.74,265.49155737,582.93072735,1,0,0.40206271,18.0,30.0
3244,129.78,266.3763185,582.93072735,1,0,0.40206271,18.0,30.0
3245,129.82,267.19080079,582.93072735,1,0,0.33225239,12.0,28.0
3246,129.86,267.99730345,582.93072735,1,0,0.32432597,12.0,28.0
3247,129.9,268.80380612,582.93072735,1,0,0.32432597,12.0,28.0
3248,129.94,269.55230278,582.93072735,1,0,0.26670667,12.0,28.0
3249,129.98,270.29036315,582.93072735,1,0,0.25633996,12.0,28.0
3250,130.02,271.02842353,582.93072735,1,0,0.25633996,12.0,28.0
3251,130.06,271.73042557,582.93072735,1,0,0.22052201,12.0,28.0
3252,130.1,272.40794301,582.93072735,1,0,0.19620065,12.0,28.0
3253,130.14,273.08546046,582.93072735,1,0,0.19620065,6.0,26.0
3254,130.18,273.75499722,582.93072735,1,0,0.18827317,6.0,26.0
3255,130.22,274.37840033,582.93072735,1,0,0.14244707,6.0,26.0
3256,130.26,275.00180344,582.93072735,1,0,0.14244707,6.0,26.0
3257,130.3,275.62520655,582.93072735,1,0,0.14244707,6.0,26.0
3258,130.34,276.22379889,582.93072735,1,0,0.11780171,6.0,26.0
3259,130.38,276.79841864,582.93072735,1,0,0.09398893,6.0,26.0
3260,130.42,277.37303839,582.93072735,1,0,0.09398893,6.0,26.0
3261,130.46,277.94765813,582.93072735,1,0,0.09398893,6.0,26.0
3262,130.5,278.4919058,582.93072735,1,0,0.06381933,6.0,26.0
3263,130.54,279.0221667,582.93072735,1,0,0.04992581,0.0,0.0
3264,130.58,279.55242759,582.93072735,1,0,0.04992581,0.0,0.0
3265,130.62,280.08268849,582.93072735,1,0,0.04992581,0.0,0.0
3266,130.66,280.58525127,582.93072735,1,0,0.02241235,0.0,0.0
3267,130.7,281.07488916,582.93072735,1,0,0.0,0.0,0.0
3268,130.74,281.56452706,582.93072735,1,0,0.0,0.0,0.0
3269,130.78,282.05416495,582.93072735,1,0,0.0,0.0,0.0
3270,130.82,282.52484222,582.93072735,1,0,0.0,0.0,0.0
3271,130.86,282.97703171,582.93072735,1,0,0.0,0.0,0.0
3272,130.9,283.4292212,582.93072735,1,0,0.0,0.0,0.0
3273,130.94,283.8814107,582.93072735,1,0,0.0,0.0,0.0
3274,130.98,284.32787556,582.93072735,1,0,0.0,0.0,0.0
3275,131.02,284.7453195,582.93072735,1,0,0.0,0.0,0.0
3276,131.06,285.16276344,582.93072735,1,0,0.0,0.0,0.0
3277,131.1,285.58020738,582.93072735,1,0,0.0,0.0,0.0
3278,131.14,285.99765132,582.93072735,1,0,0.0,0.0,0.0
3279,131.18,286.39356494,582.93072735,1,0,0.0,0.0,0.0
3280,131.22,286.77858545,582.93072735,1,0,0.0,0.0,0.0
3281,131.26,287.16360596,582.93072735,1,0,0.0,0.0,0.0
3282,131.3,287.54862647,582.93072735,1,0,0.0,0.0,0.0
3283,131.34,287.93330486,582.93072735,1,0,0.0,0.0,0.0
3284,131.38,288.28791376,582.93072735,1,0,0.0,0.0,0.0
3285,131.42,288.64252265,582.93072735,1,0,0.0,0.0,0.0
3286,131.46,288.99713155,582.93072735,1,0,0.0,0.0,0.0
3287,131.5,289.35174044,582.93072735,1,0,0.0,0.0,0.0
3288,131.54,289.70021741,582.93072735,1,0,0.0,0.0,0.0
3289,131.58,290.02614441,582.93072735,1,0,0.0,0.0,0.0
3290,131.62,290.3520714,582.93072735,1,0,0.0,0.0,0.0
3291,131.66,290.6779984,582.93072735,1,0,0.0,0.0,0.0
3292,131.7,291.00392539,582.93072735,1,0,0.0,0.0,0.0
3293,131.74,291.3222678,582.93072735,1,0,0.0,0.0,0.0
3294,131.78,291.6210288,582.93072735,1,0,0.0,0.0,0.0
3295,131.82,291.91978979,582.93072735,1,0,0.0,0.0,0.0
3296,131.86,292.21855078,582.93072735,1,0,0.0,0.0,0.0
3297,131.9,292.51731177,582.93072735,1,0,0.0,0.0,0.0
3298,131.94,292.81050458,582.93072735,1,0,0.0,0.0,0.0
3299,131.98,293.08340632,582.93072735,1,0,0.0,0.0,0.0
3300,132.02,293.35630806,582.93072735,1,0,0.0,0.0,0.0
3301,132.06,293.6292098,582.93072735,1,0,0.0,0.0,0.0
3302,132.1,293.90211154,582.93072735,1,0,0.0,0.0,0.0
3303,132.14,294.17426935,582.93072735,1,0,0.0,0.0,0.0
3304,132.18,294.42245885,582.93072735,1,0,0.0,0.0,0.0
3305,132.22,294.67064836,582.93072735,1,0,0.0,0.0,0.0
3306,132.26,294.91883787,582.93072735,1,0,0.0,0.0,0.0
3307,132.3,295.16702738,582.93072735,1,0,0.0,0.0,0.0
3308,132.34,295.41521689,582.93072735,1,0,0.0,0.0,0.0
3309,132.38,295.6460504,582.93072735,1,0,0.0,0.0,0.0
3310,132.42,295.8705238,582.93072735,1,0,0.0,0.0,0.0
3311,132.46,296.0949972,582.93072735,1,0,0.0,0.0,0.0
3312,132.5,296.3194706,582.93072735,1,0,0.0,0.0,0.0
3313,132.54,290.52397414,594.76014842,2,0,0.0,0.0,0.0
3314,132.58,288.2533653,594.02851014,2,0,0.0,7.0,16.0
3315,132.62,286.56853895,593.47367143,2,0,0.0,7.0,16.0
3316,132.66,285.19933913,593.01166405,2,0,0.0,7.0,16.0
3317,132.7,284.04790805,592.6137063,2,0,0.0,7.0,16.0
3318,132.74,283.03721045,592.25714075,2,0,0.0,14.0,18.0
3319,132.78,282.13520643,591.93254389,2,0,0.0,14.0,18.0
3320,132.82,281.31581221,591.63763663,2,0,0.0,14.0,18.0
3321,132.86,280.56644782,591.36443394,2,0,0.0,14.0,18.0
3322,132.9,279.87546914,591.10840353,2,0,0.0,14.0,18.0
3323,132.94,279.23267539,590.86654515,2,0,0.0,14.0,18.0
3324,132.98,278.64435307,590.64070778,2,0,0.0,14.0,18.0
3325,133.02,278.09802138,590.42875297,2,0,0.0,21.0,20.0
3326,133.06,277.56359016,590.2250749,2,0,0.0,21.0,20.0
3327,133.1,277.07044036,590.03353841,2,0,0.0,21.0,20.0
3328,133.14,276.61048362,589.8517646,2,0,0.0,21.0,20.0
3329,133.18,276.16760412,589.6750135,2,0,0.0,21.0,20.0
3330,133.22,275.77040016,589.51169638,2,0,0.0,21.0,20.0
3331,133.26,275.37220018,589.35163586,2,0,0.0,21.0,20.0
3332,133.3,274.99689645,589.20090596,2,0,0.0,21.0,20.0
3333,133.34,274.6390602,589.05531356,2,0,0.0,21.0,20.0
3334,133.38,274.30312908,588.91616385,2,0,0.0,21.0,20.0
3335,133.42,273.98808006,588.78315593,2,0,0.0,21.0,20.0
3336,133.46,273.68889118,588.65481276,2,0,0.0,21.0,20.0
3337,133.5,273.39421247,588.53285719,2,0,0.0,21.0,20.0
3338,133.54,273.10908704,588.41465771,2,0,0.0,21.0,20.0
3339,133.58,272.84445323,588.30248519,2,0,0.0,21.0,20.0
3340,133.62,272.59181488,588.19384074,2,0,0.0,21.0,20.0
3341,133.66,272.35687711,588.09040234,2,0,0.0,21.0,20.0
3342,133.7,272.13410138,587.99081682,2,0,0.0,21.0,20.0
3343,133.74,271.90584831,587.89523683,2,0,0.0,21.0,20.0
3344,133.78,271.69328118,587.80427036,2,0,0.0,21.0,20.0
3345,133.82,271.48923171,587.71580908,2,0,0.0,21.0,20.0
3346,133.86,271.30466204,587.63307715,2,0,0.0,21.0,20.0
3347,133.9,271.12269027,587.55110932,2,0,0.0,21.0,20.0
3348,133.94,270.96107247,587.47628586,2,0,0.0,21.0,20.0
3349,133.98,270.78367599,587.4014624,2,0,0.0,21.0,20.0
3350,134.02,270.62817351,587.33307834,2,0,0.0,21.0,20.0
3351,134.06,270.4766771,587.26587255,2,0,0.0,21.0,20.0
3352,134.1,270.33904549,587.20274464,2,0,0.0,21.0,20.0
3353,134.14,270.21257672,587.14289991,2,0,0.0,21.0,20.0
3354,134.18,270.0855694,587.08467333,2,0,0.0,21.0,20.0
3355,134.22,269.9639578,587.03198209,2,0,0.0,21.0,20.0
3356,134.26,269.84234619,586.97929085,2,0,0.0,21.0,20.0
3357,134.3,269.74123098,586.93262795,2,0,0.0,21.0,20.0
3358,134.34,269.64329761,586.8869009,2,0,0.0,21.0,20.0
3359,134.38,269.55638778,586.84441606,2,0,0.0,21.0,20.0
3360,134.42,269.47412827,586.8054997,2,0,0.0,21.0,20.0
3361,134.46,269.38145715,586.76699167,2,0,0.0,21.0,20.0
3362,134.5,269.31009989,586.73475242,2,0,0.0,21.0,20.0
3363,134.54,269.23874262,586.70251317,2,0,0.0,21.0,20.0
3364,134.58,269.18134451,586.67437956,2,0,0.0,21.0,20.0
3365,134.62,269.13232729,586.64871091,2,0,0.0,21.0,20.0
3366,134.66,269.0786091,586.62415171,2,0,0.0,21.0,20.0
3367,134.7,269.03249943,586.60497298,2,0,0.0,21.0,20.0
3368,134.74,268.98638975,586.58579425,2,0,0.0,21.0,20.0
3369,134.78,268.95564785,586.57113546,2,0,0.0,21.0,20.0
3370,134.82,268.9313871,586.55838288,2,0,0.0,21.0,20.0
3371,134.86,268.91203309,586.54707347,2,0,0.0,21.0,20.0
3372,134.9,268.90027612,586.54070776,2,0,0.0,21.0,20.0
3373,134.94,268.8786327,586.53434204,2,0,0.0,21.0,20.0
3374,134.98,268.87306249,586.53270375,2,0,0.0,21.0,20.0
3375,135.02,268.87306249,586.53270375,2,0,0.0,21.0,20.0
3376,135.06,268.8786327,586.53434204,2,0,0.0,21.0,20.0
3377,135.1,268.90027612,586.54070776,2,0,0.0,21.0,20.0
3378,135.14,268.91203309,586.54707347,2,0,0.0,21.0,20.0
3379,135.18,268.9313871,586.55838288,2,0,0.0,21.0,20.0
3380,135.22,268.95564785,586.57113546,2,0,0.0,21.0,20.0
3381,135.26,268.98638975,586.58579425,2,0,0.0,21.0,20.0
3382,135.3,269.03249943,586.60497298,2,0,0.0,21.0,20.0
3383,135.34,269.0786091,586.62415171,2,0,0.0,21.0,20.0
3384,135.38,269.13232729,586.64871091,2,0,0.0,21.0,20.0
3385,135.42,269.18134451,586.67437956,2,0,0.0,21.0,20.0
3386,135.46,269.23874262,586.70251317,2,0,0.0,21.0,20.0
3387,135.5,269.31009989,586.73475242,2,0,0.0,21.0,20.0
3388,135.54,269.38145715,586.76699167,2,0,0.0,21.0,20.0
3389,135.58,269.47412827,586.8054997,2,0,0.0,21.0,20.0
3390,135.62,269.55638778,586.84441606,2,0,0.0,21.0,20.0
3391,135.66,269.64329761,586.8869009,2,0,0.0,21.0,20.0
3392,135.7,269.74123098,586.93262795,2,0,0.0,21.0,20.0
3393,135.74,269.84234619,586.97929085,2,0,0.0,21.0,20.0
3394,135.78,269.9639578,587.03198209,2,0,0.0,21.0,20.0
3395,135.82,270.0855694,587.08467333,2,0,0.0,21.0,20.0
3396,135.86,270.21257672,587.14289991,2,0,0.0,21.0,20.0
3397,135.9,270.33904549,587.20274464,2,0,0.0,21.0,20.0
3398,135.94,270.4766771,587.26587255,2,0,0.0,21.0,20.0
3399,135.98,270.62817351,587.33307834,2,0,0.0,21.0,20.0
3400,136.02,270.78367599,587.4014624,2,0,0.0,21.0,20.0
3401,136.06,270.96107247,587.47628586,2,0,0.0,21.0,20.0
3402,136.1,271.12269027,587.55110932,2,0,0.0,21.0,20.0
3403,136.14,271.30466204,587.63307715,2,0,0.0,21.0,20.0
3404,136.18,271.48923171,587.71580908,2,0,0.0,21.0,20.0
3405,136.22,271.69328118,587.80427036,2,0,0.0,21.0,20.0
3406,136.26,271.90584831,587.89523683,2,0,0.0,21.0,20.0
3407,136.3,272.13410138,587.99081682,2,0,0.0,21.0,20.0
3408,136.34,272.35687711,588.09040234,2,0,0.0,21.0,20.0
3409,136.38,272.59181488,588.19384074,2,0,0.0,21.0,20.0
3410,136.42,272.84445323,588.30248519,2,0,0.0,21.0,20.0
3411,136.46,273.10908704,588.41465771,2,0,0.0,21.0,20.0
3412,136.5,273.39421247,588.53285719,2,0,0.0,21.0,20.0
3413,136.54,273.68889118,588.65481276,2,0,0.0,21.0,20.0
3414,136.58,273.98808006,588.78315593,2,0,0.0,21.0,20.0
3415,136.62,274.30312908,588.91616385,2,0,0.0,21.0,20.0
3416,136.66,274.6390602,589.05531356,2,0,0.0,21.0,20.0
3417,136.7,274.99689645,589.20090596,2,0,0.0,21.0,20.0
3418,136.74,275.37220018,589.35163586,2,0,0.0,21.0,20.0
3419,136.78,275.77040016,589.51169638,2,0,0.0,21.0,20.0
3420,136.82,276.16760412,589.6750135,2,0,0.0,21.0,20.0
3421,136.86,276.61048362,589.8517646,2,0,0.05695374,21.0,20.0
3422,136.9,277.07044036,590.03353841,2,0,0.07403098,21.0,20.0
3423,136.94,277.56359016,590.2250749,2,0,0.10722404,21.0,20.0
3424,136.98,278.09802138,590.42875297,2,0,0.14850546,21.0,20.0
3425,137.02,278.64435307,590.64070778,2,0,0.17664635,14.0,18.0
3426,137.06,279.23267539,590.86654515,2,0,0.22384707,14.0,18.0
3427,137.1,279.87546914,591.10840353,2,0,0.2783185,14.0,18.0
3428,137.14,280.56644782,591.36443394,2,0,0.32650342,14.0,18.0
3429,137.18,281.31581221,591.63763663,2,0,0.38488914,14.0,18.0
3430,137.22,282.13520643,591.93254389,2,0,0.4586847,14.0,18.0
3431,137.26,283.03721045,592.25714075,2,0,0.55962932,14.0,18.0
3432,137.3,284.04790805,592.6137063,2,0,0.66832289,7.0,16.0
3433,137.34,285.19933913,593.01166405,2,0,0.80905638,7.0,16.0
3434,137.38,286.56853895,593.47367143,2,0,1.02682511,7.0,16.0
3435,137.42,288.2533653,594.02851014,2,0,1.34245165,7.0,16.0
3436,137.46,290.52397414,594.76014842,2,0,1.9435702,0.0,0.0
3437,137.5,296.3194706,582.93072735,1,0,5.47596984,0.0,0.0
3438,137.54,296.0949972,582.93072735,1,0,0.0,0.0,0.0
3439,137.58,295.8705238,582.93072735,1,0,0.0,0.0,0.0
3440,137.62,295.6460504,582.93072735,1,0,0.0,0.0,0.0
3441,137.66,295.41521689,582.93072735,1,0,0.0,0.0,0.0
3442,137.7,295.16702738,582.93072735,1,0,0.0,0.0,0.0
3443,137.74,294.91883787,582.93072735,1,0,0.0,0.0,0.0
3444,137.78,294.67064836,582.93072735,1,0,0.0,0.0,0.0
3445,137.82,294.42245885,582.93072735,1,0,0.0,0.0,0.0
3446,137.86,294.17426935,582.93072735,1,0,0.0,0.0,0.0
3447,137.9,293.90211154,582.93072735,1,0,0.0,0.0,0.0
3448,137.94,293.6292098,582.93072735,1,0,0.0,0.0,0.0
3449,137.98,293.35630806,582.93072735,1,0,0.0,0.0,0.0
3450,138.02,293.08340632,582.93072735,1,0,0.0,0.0,0.0
3451,138.06,292.81050458,582.93072735,1,0,0.0,0.0,0.0
3452,138.1,292.51731177,582.93072735,1,0,0.0,0.0,0.0
3453,138.14,292.21855078,582.93072735,1,0,0.0,0.0,0.0
3454,138.18,291.91978979,582.93072735,1,0,0.0,0.0,0.0
3455,138.22,291.6210288,582.93072735,1,0,0.0,0.0,0.0
3456,138.26,291.3222678,582.93072735,1,0,0.0,0.0,0.0
3457,138.3,291.00392539,582.93072735,1,0,0.0,0.0,0.0
3458,138.34,290.6779984,582.93072735,1,0,0.0,0.0,0.0
3459,138.38,290.3520714,582.93072735,1,0,0.0,0.0,0.0
3460,138.42,290.02614441,582.93072735,1,0,0.0,0.0,0.0
3461,138.46,289.70021741,582.93072735,1,0,0.0,0.0,0.0
3462,138.5,289.35174044,582.93072735,1,0,0.0,0.0,0.0
3463,138.54,288.99713155,582.93072735,1,0,0.0,0.0,0.0
3464,138.58,288.64252265,582.93072735,1,0,0.0,0.0,0.0
3465,138.62,288.28791376,582.93072735,1,0,0.0,0.0,0.0
3466,138.66,287.93330486,582.93072735,1,0,0.0,0.0,0.0
3467,138.7,287.54862647,582.93072735,1,0,0.0,0.0,0.0
3468,138.74,287.16360596,582.93072735,1,0,0.0,0.0,0.0
3469,138.78,286.77858545,582.93072735,1,0,0.0,0.0,0.0
3470,138.82,286.39356494,582.93072735,1,0,0.0,0.0,0.0
3471,138.86,285.99765132,582.93072735,1,0,0.0,0.0,0.0
3472,138.9,285.58020738,582.93072735,1,0,0.0,0.0,0.0
3473,138.94,285.16276344,582.93072735,1,0,0.0,0.0,0.0
3474,138.98,284.7453195,582.93072735,1,0,0.0,0.0,0.0
3475,139.02,284.32787556,582.93072735,1,0,0.0,0.0,0.0
3476,139.06,283.8814107,582.93072735,1,0,0.0,0.0,0.0
3477,139.1,283.4292212,582.93072735,1,0,0.0,0.0,0.0
3478,139.14,282.97703171,582.93072735,1,0,0.0,0.0,0.0
3479,139.18,282.52484222,582.93072735,1,0,0.0,0.0,0.0
3480,139.22,282.05416495,582.93072735,1,0,0.0,0.0,0.0
3481,139.26,281.56452706,582.93072735,1,0,0.0,0.0,0.0
3482,139.3,281.07488916,582.93072735,1,0,0.0,0.0,0.0
3483,139.34,280.58525127,582.93072735,1,0,0.0,0.0,0.0
3484,139.38,280.08268849,582.93072735,1,0,0.0,0.0,0.0
3485,139.42,279.55242759,582.93072735,1,0,0.0,0.0,0.0
3486,139.46,279.0221667,582.93072735,1,0,0.0,0.0,0.0
3487,139.5,278.4919058,582.93072735,1,0,0.0,0.0,0.0
3488,139.54,277.94765813,582.93072735,1,0,0.0,0.0,0.0
3489,139.58,277.37303839,582.93072735,1,0,0.0,0.0,0.0
3490,139.62,276.79841864,582.93072735,1,0,0.0,0.0,0.0
3491,139.66,276.22379889,582.93072735,1,0,0.0,0.0,0.0
3492,139.7,275.62520655,582.93072735,1,0,0.0,0.0,0.0
3493,139.74,275.00180344,582.93072735,1,0,0.0,0.0,0.0
3494,139.78,274.37840033,582.93072735,1,0,0.0,0.0,0.0
3495,139.82,273.75499722,582.93072735,1,0,0.0,0.0,0.0
3496,139.86,273.08546046,582.93072735,1,0,0.0,0.0,0.0
3497,139.9,272.40794301,582.93072735,1,0,0.0,0.0,0.0
3498,139.94,271.73042557,582.93072735,1,0,0.0,0.0,0.0
3499,139.98,271.02842353,582.93072735,1,0,0.0,0.0,0.0
3500,140.02,270.29036315,582.93072735,1,0,0.0,0.0,0.0
3501,140.06,269.55230278,582.93072735,1,0,0.0,0.0,0.0
3502,140.1,268.80380612,582.93072735,1,0,0.0,0.0,0.0
3503,140.14,267.99730345,582.93072735,1,0,0.0,0.0,0.0
3504,140.18,267.19080079,582.93072735,1,0,0.0,0.0,0.0
3505,140.22,266.3763185,582.93072735,1,0,0.0,0.0,0.0
3506,140.26,265.49155737,582.93072735,1,0,0.0,0.0,0.0
3507,140.3,264.60679623,582.93072735,1,0,0.0,0.0,0.0
3508,140.34,263.69869046,582.93072735,1,0,0.0,0.0,0.0
3509,140.38,262.72331674,582.93072735,1,0,0.0,0.0,0.0
3510,140.42,261.74794301,582.93072735,1,0,0.0,0.0,0.0
3511,140.46,260.70607436,582.93072735,1,0,0.0,0.0,0.0
3512,140.5,259.62413217,582.93072735,1,0,0.0,0.0,0.0
3513,140.54,258.51601814,582.93072735,1,0,0.0,0.0,0.0
3514,140.58,257.30647844,582.93072735,1,0,0.0,0.0,0.0
3515,140.62,256.09616102,582.93072735,1,0,0.0,0.0,0.0
3516,140.66,254.73063376,582.93072735,1,0,0.0,0.0,0.0
3517,140.7,253.3598247,582.93072735,1,0,0.0,0.0,0.0
3518,140.74,251.79845675,582.93072735,1,0,0.0,0.0,0.0
3519,140.78,250.16739885,582.93072735,1,0,0.0,0.0,0.0
3520,140.82,248.35192873,582.93072735,1,0,0.0,0.0,0.0
3521,140.86,246.27860288,582.93072735,1,0,0.0,0.0,0.0
3522,140.9,243.89410508,582.93072735,1,0,0.0,0.0,0.0
3523,140.94,240.93623032,582.93072735,1,0,0.0,0.0,0.0
3524,140.98,236.72530894,582.93072735,1,0,0.0,0.0,0.0
3525,141.02,230.88057931,570.930727,1,0,0.0,0.0,0.0
3526,141.06,230.88057931,570.930727,1,0,0.0,0.0,0.0
3527,141.1,230.88057931,570.930727,1,0,0.0,0.0,0.0
3528,141.14,230.88057931,570.930727,1,0,0.0,0.0,0.0
3529,141.18,230.88057931,570.930727,1,0,0.0,0.0,0.0
3530,141.22,230.88057931,570.930727,1,0,0.0,0.0,0.0
3531,141.26,230.88057931,570.930727,1,0,0.0,0.0,0.0
3532,141.3,230.88057931,570.930727,1,0,0.0,0.0,0.0
3533,141.34,230.88057931,570.930727,1,0,0.0,0.0,0.0
3534,141.38,230.88057931,570.930727,1,0,0.0,0.0,0.0
3535,141.42,230.88057931,570.930727,1,0,0.0,0.0,0.0
3536,141.46,230.88057931,570.930727,1,0,0.0,0.0,0.0
3537,141.5,230.88057931,570.930727,1,0,0.0,0.0,0.0
3538,141.54,230.88057931,570.930727,1,0,0.0,0.0,0.0
3539,141.58,230.88057931,570.930727,1,0,0.0,0.0,0.0
3540,141.62,230.88057931,570.930727,1,0,0.0,0.0,0.0
3541,141.66,230.88057931,570.930727,1,0,0.0,0.0,0.0
3542,141.7,230.88057931,570.930727,1,0,0.0,0.0,0.0
3543,141.74,230.88057931,570.930727,1,0,0.0,0.0,0.0
3544,141.78,230.88057931,570.930727,1,0,0.0,0.0,0.0
3545,141.82,230.88057931,570.930727,1,0,0.0,0.0,0.0
3546,141.86,230.88057931,570.930727,1,0,0.0,0.0,0.0
3547,141.9,230.88057931,570.930727,1,0,0.0,0.0,0.0
3548,141.94,230.88057931,570.930727,1,0,0.0,0.0,0.0
3549,141.98,230.88057931,570.930727,1,0,0.0,0.0,0.0
3550,142.02,230.88057931,570.930727,1,0,0.0,0.0,0.0
3551,142.06,230.88057931,570.930727,1,0,0.0,0.0,0.0
3552,142.1,230.88057931,570.930727,1,0,0.0,0.0,0.0
3553,142.14,230.88057931,570.930727,1,0,0.0,0.0,0.0
3554,142.18,230.88057931,570.930727,1,0,0.0,0.0,0.0
3555,142.22,230.88057931,570.930727,1,0,0.0,0.0,0.0
3556,142.26,230.88057931,570.930727,1,0,0.0,0.0,0.0
3557,142.3,230.88057931,570.930727,1,0,0.0,0.0,0.0
3558,142.34,230.88057931,570.930727,1,0,0.0,0.0,0.0
3559,142.38,230.88057931,570.930727,1,0,0.0,0.0,0.0
3560,142.42,230.88057931,570.930727,1,0,0.0,0.0,0.0
3561,142.46,230.88057931,570.930727,1,0,0.0,0.0,0.0
3562,142.5,230.88057931,570.930727,1,0,0.0,0.0,0.0
3563,142.54,230.88057931,570.930727,1,0,0.0,0.0,0.0
3564,142.58,230.88057931,570.930727,1,0,0.0,0.0,0.0
3565,142.62,230.88057931,570.930727,1,0,0.0,0.0,0.0
3566,142.66,230.88057931,570.930727,1,0,0.0,0.0,0.0
3567,142.7,230.88057931,570.930727,1,0,0.0,0.0,0.0
3568,142.74,230.88057931,570.930727,1,0,0.0,0.0,0.0
3569,142.78,230.88057931,570.930727,1,0,0.0,0.0,0.0
3570,142.82,230.88057931,570.930727,1,0,0.0,0.0,0.0
3571,142.86,230.88057931,570.930727,1,0,0.0,0.0,0.0
3572,142.9,230.88057931,570.930727,1,0,0.0,0.0,0.0
3573,142.94,230.88057931,570.930727,1,0,0.0,0.0,0.0
3574,142.98,230.88057931,570.930727,1,0,0.0,0.0,0.0
3575,143.02,230.88057931,570.930727,1,0,0.0,0.0,0.0
3576,143.06,230.88057931,570.930727,1,0,0.0,0.0,0.0
3577,143.1,230.88057931,570.930727,1,0,0.0,0.0,0.0
3578,143.14,230.88057931,570.930727,1,0,0.0,0.0,0.0
3579,143.18,230.88057931,570.930727,1,0,0.0,0.0,0.0
3580,143.22,230.88057931,570.930727,1,0,0.0,0.0,0.0
3581,143.26,230.88057931,570.930727,1,0,0.0,0.0,0.0
3582,143.3,230.88057931,570.930727,1,0,0.0,0.0,0.0
3583,143.34,230.88057931,570.930727,1,0,0.0,0.0,0.0
3584,143.38,230.88057931,570.930727,1,0,0.0,0.0,0.0
3585,143.42,230.88057931,570.930727,1,0,0.0,0.0,0.0
3586,143.46,230.88057931,570.930727,1,0,0.0,0.0,0.0
3587,143.5,230.88057931,570.930727,1,0,0.0,0.0,0.0
3588,143.54,230.88057931,570.930727,1,0,0.0,0.0,0.0
3589,143.58,230.88057931,570.930727,1,0,0.0,0.0,0.0
3590,143.62,230.88057931,570.930727,1,0,0.0,0.0,0.0
3591,143.66,230.88057931,570.930727,1,0,0.0,0.0,0.0
3592,143.7,230.88057931,570.930727,1,0,0.0,0.0,0.0
3593,143.74,230.88057931,570.930727,1,0,0.0,0.0,0.0
3594,143.78,230.88057931,570.930727,1,0,0.0,0.0,0.0
3595,143.82,230.88057931,570.930727,1,0,0.0,0.0,0.0
3596,143.86,230.88057931,570.930727,1,0,0.0,0.0,0.0
3597,143.9,230.88057931,570.930727,1,0,0.0,0.0,0.0
3598,143.94,230.88057931,570.930727,1,0,0.0,0.0,0.0
3599,143.98,230.88057931,570.930727,1,0,0.0,0.0,0.0
3600,144.02,230.88057931,570.930727,1,0,0.0,0.0,0.0
3601,144.06,230.88057931,570.930727,1,0,0.0,0.0,0.0
3602,144.1,230.88057931,570.930727,1,0,0.0,0.0,0.0
3603,144.14,230.88057931,570.930727,1,0,0.0,0.0,0.0
3604,144.18,230.88057931,570.930727,1,0,0.0,0.0,0.0
3605,144.22,230.88057931,570.930727,1,0,0.0,0.0,0.0
3606,144.26,230.88057931,570.930727,1,0,0.0,0.0,0.0
3607,144.3,230.88057931,570.930727,1,0,0.0,0.0,0.0
3608,144.34,230.88057931,570.930727,1,0,0.0,0.0,0.0
3609,144.38,230.88057931,570.930727,1,0,0.0,0.0,0.0
3610,144.42,230.88057931,570.930727,1,0,0.0,0.0,0.0
3611,144.46,230.88057931,570.930727,1,0,0.0,0.0,0.0
3612,144.5,230.88057931,570.930727,1,0,0.0,0.0,0.0
3613,144.54,230.88057931,570.930727,1,0,0.0,0.0,0.0
3614,144.58,230.88057931,570.930727,1,0,0.0,0.0,0.0
3615,144.62,230.88057931,570.930727,1,0,0.0,0.0,0.0
3616,144.66,230.88057931,570.930727,1,0,0.0,0.0,0.0
3617,144.7,230.88057931,570.930727,1,0,0.0,0.0,0.0
3618,144.74,230.88057931,570.930727,1,0,0.0,0.0,0.0
3619,144.78,230.88057931,570.930727,1,0,0.0,0.0,0.0
3620,144.82,230.88057931,570.930727,1,0,0.0,0.0,0.0
3621,144.86,230.88057931,570.930727,1,0,0.0,0.0,0.0
3622,144.9,230.88057931,570.930727,1,0,0.0,0.0,0.0
3623,144.94,230.88057931,570.930727,1,0,0.0,0.0,0.0
3624,144.98,230.88057931,570.930727,1,0,0.0,0.0,0.0
3625,145.02,230.88057931,570.930727,1,0,0.0,0.0,0.0
3626,145.06,230.88057931,570.930727,1,0,0.0,0.0,0.0
3627,145.1,230.88057931,570.930727,1,0,0.0,0.0,0.0
3628,145.14,230.88057931,570.930727,1,0,0.0,0.0,0.0
3629,145.18,230.88057931,570.930727,1,0,0.0,0.0,0.0
3630,145.22,230.88057931,570.930727,1,0,0.0,0.0,0.0
3631,145.26,230.88057931,570.930727,1,0,0.0,0.0,0.0
3632,145.3,230.88057931,570.930727,1,0,0.0,0.0,0.0
3633,145.34,230.88057931,570.930727,1,0,0.0,0.0,0.0
3634,145.38,230.88057931,570.930727,1,0,0.0,0.0,0.0
3635,145.42,230.88057931,570.930727,1,0,0.0,0.0,0.0
3636,145.46,230.88057931,570.930727,1,0,0.0,0.0,0.0
3637,145.5,230.88057931,570.930727,1,0,0.0,0.0,0.0
3638,145.54,230.88057931,570.930727,1,0,0.0,0.0,0.0
3639,145.58,230.88057931,570.930727,1,0,0.0,0.0,0.0
3640,145.62,230.88057931,570.930727,1,0,0.0,0.0,0.0
3641,145.66,230.88057931,570.930727,1,0,0.0,0.0,0.0
3642,145.7,230.88057931,570.930727,1,0,0.0,0.0,0.0
3643,145.74,230.88057931,570.930727,1,0,0.0,0.0,0.0
3644,145.78,230.88057931,570.930727,1,0,0.0,0.0,0.0
3645,145.82,230.88057931,570.930727,1,0,0.0,0.0,0.0
3646,145.86,230.88057931,570.930727,1,0,0.0,0.0,0.0
3647,145.9,230.88057931,570.930727,1,0,0.0,0.0,0.0
3648,145.94,230.88057931,570.930727,1,0,0.0,0.0,0.0
3649,145.98,230.88057931,570.930727,1,0,0.0,0.0,0.0
3650,146.02,230.88057931,570.930727,1,0,0.0,0.0,0.0
3651,146.06,230.88057931,570.930727,1,0,0.0,0.0,0.0
3652,146.1,230.88057931,570.930727,1,0,0.0,0.0,0.0
3653,146.14,230.88057931,570.930727,1,0,0.0,0.0,0.0
3654,146.18,230.88057931,570.930727,1,0,0.0,0.0,0.0
3655,146.22,230.88057931,570.930727,1,0,0.0,0.0,0.0
3656,146.26,230.88057931,570.930727,1,0,0.0,0.0,0.0
3657,146.3,230.88057931,570.930727,1,0,0.0,0.0,0.0
3658,146.34,230.88057931,570.930727,1,0,0.0,0.0,0.0
3659,146.38,230.88057931,570.930727,1,0,0.0,0.0,0.0
3660,146.42,230.88057931,570.930727,1,0,0.0,0.0,0.0
3661,146.46,230.88057931,570.930727,1,0,0.0,0.0,0.0
3662,146.5,230.88057931,570.930727,1,0,0.0,0.0,0.0
3663,146.54,230.88057931,570.930727,1,0,0.0,0.0,0.0
3664,146.58,230.88057931,570.930727,1,0,0.0,0.0,0.0
3665,146.62,230.88057931,570.930727,1,0,0.0,0.0,0.0
3666,146.66,230.88057931,570.930727,1,0,0.0,0.0,0.0
3667,146.7,230.88057931,570.930727,1,0,0.0,0.0,0.0
3668,146.74,230.88057931,570.930727,1,0,0.0,0.0,0.0
3669,146.78,230.88057931,570.930727,1,0,0.0,0.0,0.0
3670,146.82,230.88057931,570.930727,1,0,0.0,0.0,0.0
3671,146.86,230.88057931,570.930727,1,0,0.0,0.0,0.0
3672,146.9,230.88057931,570.930727,1,0,0.0,0.0,0.0
3673,146.94,230.88057931,570.930727,1,0,0.0,0.0,0.0
3674,146.98,230.88057931,570.930727,1,0,0.0,0.0,0.0
3675,147.02,230.88057931,570.930727,1,0,0.0,0.0,0.0
3676,147.06,230.88057931,570.930727,1,0,0.0,0.0,0.0
3677,147.1,230.88057931,570.930727,1,0,0.0,0.0,0.0
3678,147.14,230.88057931,570.930727,1,0,0.0,0.0,0.0
3679,147.18,230.88057931,570.930727,1,0,0.0,0.0,0.0
3680,147.22,230.88057931,570.930727,1,0,0.0,0.0,0.0
3681,147.26,230.88057931,570.930727,1,0,0.0,0.0,0.0
3682,147.3,230.88057931,570.930727,1,0,0.0,0.0,0.0
3683,147.34,230.88057931,570.930727,1,0,0.0,0.0,0.0
3684,147.38,230.88057931,570.930727,1,0,0.0,0.0,0.0
3685,147.42,230.88057931,570.930727,1,0,0.0,0.0,0.0
3686,147.46,230.88057931,570.930727,1,0,0.0,0.0,0.0
3687,147.5,230.88057931,570.930727,1,0,0.0,0.0,0.0
3688,147.54,230.88057931,570.930727,1,0,0.0,0.0,0.0
3689,147.58,230.88057931,570.930727,1,0,0.0,0.0,0.0
3690,147.62,230.88057931,570.930727,1,0,0.0,0.0,0.0
3691,147.66,230.88057931,570.930727,1,0,0.0,0.0,0.0
3692,147.7,230.88057931,570.930727,1,0,0.0,0.0,0.0
3693,147.74,230.88057931,570.930727,1,0,0.0,0.0,0.0
3694,147.78,230.88057931,570.930727,1,0,0.0,0.0,0.0
3695,147.82,230.88057931,570.930727,1,0,0.0,0.0,0.0
3696,147.86,230.88057931,570.930727,1,0,0.0,0.0,0.0
3697,147.9,230.88057931,570.930727,1,0,0.0,0.0,0.0
3698,147.94,230.88057931,570.930727,1,0,0.0,0.0,0.0
3699,147.98,230.88057931,570.930727,1,0,0.0,0.0,0.0
3700,148.02,230.88057931,570.930727,1,0,0.0,0.0,0.0
3701,148.06,230.88057931,570.930727,1,0,0.0,0.0,0.0
3702,148.1,230.88057931,570.930727,1,0,0.0,0.0,0.0
3703,148.14,230.88057931,570.930727,1,0,0.0,0.0,0.0
3704,148.18,230.88057931,570.930727,1,0,0.0,0.0,0.0
3705,148.22,230.88057931,570.930727,1,0,0.0,0.0,0.0
3706,148.26,230.88057931,570.930727,1,0,0.0,0.0,0.0
3707,148.3,230.88057931,570.930727,1,0,0.0,0.0,0.0
3708,148.34,230.88057931,570.930727,1,0,0.0,0.0,0.0
3709,148.38,230.88057931,570.930727,1,0,0.0,0.0,0.0
3710,148.42,230.88057931,570.930727,1,0,0.0,0.0,0.0
3711,148.46,230.88057931,570.930727,1,0,0.0,0.0,0.0
3712,148.5,230.88057931,570.930727,1,0,0.0,0.0,0.0
3713,148.54,230.88057931,570.930727,1,0,0.0,0.0,0.0
3714,148.58,230.88057931,570.930727,1,0,0.0,0.0,0.0
3715,148.62,230.88057931,570.930727,1,0,0.0,0.0,0.0
3716,148.66,230.88057931,570.930727,1,0,0.0,0.0,0.0
3717,148.7,230.88057931,570.930727,1,0,0.0,0.0,0.0
3718,148.74,230.88057931,570.930727,1,0,0.0,0.0,0.0
3719,148.78,230.88057931,570.930727,1,0,0.0,0.0,0.0
3720,148.82,230.88057931,570.930727,1,0,0.0,0.0,0.0
3721,148.86,230.88057931,570.930727,1,0,0.0,0.0,0.0
3722,148.9,230.88057931,570.930727,1,0,0.0,0.0,0.0
3723,148.94,230.88057931,570.930727,1,0,0.0,0.0,0.0
3724,148.98,230.88057931,570.930727,1,0,0.0,0.0,0.0
3725,149.02,230.88057931,570.930727,1,0,0.0,0.0,0.0
3726,149.06,230.88057931,570.930727,1,0,0.0,0.0,0.0
3727,149.1,230.88057931,570.930727,1,0,0.0,0.0,0.0
3728,149.14,230.88057931,570.930727,1,0,0.0,0.0,0.0
3729,149.18,230.88057931,570.930727,1,0,0.0,0.0,0.0
3730,149.22,230.88057931,570.930727,1,0,0.0,0.0,0.0
3731,149.26,230.88057931,570.930727,1,0,0.0,0.0,0.0
3732,149.3,230.88057931,570.930727,1,0,0.0,0.0,0.0
3733,149.34,230.88057931,570.930727,1,0,0.0,0.0,0.0
3734,149.38,230.88057931,570.930727,1,0,0.0,0.0,0.0
3735,149.42,230.88057931,570.930727,1,0,0.0,0.0,0.0
3736,149.46,230.88057931,570.930727,1,0,0.0,0.0,0.0
3737,149.5,230.88057931,570.930727,1,0,0.0,0.0,0.0
3738,149.54,230.88057931,570.930727,1,0,0.0,0.0,0.0
3739,149.58,230.88057931,570.930727,1,0,0.0,0.0,0.0
3740,149.62,230.88057931,570.930727,1,0,0.0,0.0,0.0
3741,149.66,230.88057931,570.930727,1,0,0.0,0.0,0.0
3742,149.7,230.88057931,570.930727,1,0,0.0,0.0,0.0
3743,149.74,230.88057931,570.930727,1,0,0.0,0.0,0.0
3744,149.78,230.88057931,570.930727,1,0,0.0,0.0,0.0
3745,149.82,230.88057931,570.930727,1,0,0.0,0.0,0.0
3746,149.86,230.88057931,570.930727,1,0,0.0,0.0,0.0
3747,149.9,230.88057931,570.930727,1,0,0.0,0.0,0.0
3748,149.94,230.88057931,570.930727,1,0,0.0,0.0,0.0
3749,149.98,230.88057931,570.930727,1,0,0.0,0.0,0.0
3750,150.02,230.88057931,570.930727,1,0,0.0,0.0,0.0
3751,150.06,230.88057931,570.930727,1,0,0.0,0.0,0.0
3752,150.1,230.88057931,570.930727,1,0,0.0,0.0,0.0
3753,150.14,230.88057931,570.930727,1,0,0.0,0.0,0.0
3754,150.18,230.88057931,570.930727,1,0,0.0,0.0,0.0
3755,150.22,230.88057931,570.930727,1,0,0.0,0.0,0.0
3756,150.26,230.88057931,570.930727,1,0,0.0,0.0,0.0
3757,150.3,230.88057931,570.930727,1,0,0.0,0.0,0.0
3758,150.34,230.88057931,570.930727,1,0,0.0,0.0,0.0
3759,150.38,230.88057931,570.930727,1,0,0.0,0.0,0.0
3760,150.42,230.88057931,570.930727,1,0,0.0,0.0,0.0
3761,150.46,230.88057931,570.930727,1,0,0.0,0.0,0.0
3762,150.5,230.88057931,570.930727,1,0,0.0,0.0,0.0
3763,150.54,230.88057931,570.930727,1,0,0.0,0.0,0.0
3764,150.58,230.88057931,570.930727,1,0,0.0,0.0,0.0
3765,150.62,230.88057931,570.930727,1,0,0.0,0.0,0.0
3766,150.66,230.88057931,570.930727,1,0,0.0,0.0,0.0
3767,150.7,230.88057931,570.930727,1,0,0.0,0.0,0.0
3768,150.74,230.88057931,570.930727,1,0,0.0,0.0,0.0
3769,150.78,230.88057931,570.930727,1,0,0.0,0.0,0.0
3770,150.82,230.88057931,570.930727,1,0,0.0,0.0,0.0
3771,150.86,230.88057931,570.930727,1,0,0.0,0.0,0.0
3772,150.9,230.88057931,570.930727,1,0,0.0,0.0,0.0
3773,150.94,230.88057931,570.930727,1,0,0.0,0.0,0.0
3774,150.98,230.88057931,570.930727,1,0,0.0,0.0,0.0
3775,151.02,230.88057931,570.930727,1,0,0.0,0.0,0.0
3776,151.06,230.88057931,570.930727,1,0,0.0,0.0,0.0
3777,151.1,230.88057931,570.930727,1,0,0.0,0.0,0.0
3778,151.14,230.88057931,570.930727,1,0,0.0,0.0,0.0
3779,151.18,230.88057931,570.930727,1,0,0.0,0.0,0.0
3780,151.22,230.88057931,570.930727,1,0,0.0,0.0,0.0
3781,151.26,230.88057931,570.930727,1,0,0.0,0.0,0.0
3782,151.3,230.88057931,570.930727,1,0,0.0,0.0,0.0
3783,151.34,230.88057931,570.930727,1,0,0.0,0.0,0.0
3784,151.38,230.88057931,570.930727,1,0,0.0,0.0,0.0
3785,151.42,230.88057931,570.930727,1,0,0.0,0.0,0.0
3786,151.46,230.88057931,570.930727,1,0,0.0,0.0,0.0
3787,151.5,230.88057931,570.930727,1,0,0.0,0.0,0.0
3788,151.54,230.88057931,570.930727,1,0,0.0,0.0,0.0
3789,151.58,230.88057931,570.930727,1,0,0.0,0.0,0.0
3790,151.62,230.88057931,570.930727,1,0,0.0,0.0,0.0
3791,151.66,230.88057931,570.930727,1,0,0.0,0.0,0.0
3792,151.7,230.88057931,570.930727,1,0,0.0,0.0,0.0
3793,151.74,230.88057931,570.930727,1,0,0.0,0.0,0.0
3794,151.78,230.88057931,570.930727,1,0,0.0,0.0,0.0
3795,151.82,230.88057931,570.930727,1,0,0.0,0.0,0.0
3796,151.86,230.88057931,570.930727,1,0,0.0,0.0,0.0
3797,151.9,230.88057931,570.930727,1,0,0.0,0.0,0.0
3798,151.94,230.88057931,570.930727,1,0,0.0,0.0,0.0
3799,151.98,230.88057931,570.930727,1,0,0.0,0.0,0.0
3800,152.02,230.88057931,570.930727,1,0,0.0,0.0,0.0
3801,152.06,230.88057931,570.930727,1,0,0.0,0.0,0.0
3802,152.1,230.88057931,570.930727,1,0,0.0,0.0,0.0
3803,152.14,230.88057931,570.930727,1,0,0.0,0.0,0.0
3804,152.18,230.88057931,570.930727,1,0,0.0,0.0,0.0
3805,152.22,230.88057931,570.930727,1,0,0.0,0.0,0.0
3806,152.26,230.88057931,570.930727,1,0,0.0,0.0,0.0
3807,152.3,230.88057931,570.930727,1,0,0.0,0.0,0.0
3808,152.34,230.88057931,570.930727,1,0,0.0,0.0,0.0
3809,152.38,230.88057931,570.930727,1,0,0.0,0.0,0.0
3810,152.42,230.88057931,570.930727,1,0,0.0,0.0,0.0
3811,152.46,230.88057931,570.930727,1,0,0.0,0.0,0.0
3812,152.5,230.88057931,570.930727,1,0,0.0,0.0,0.0
3813,152.54,230.88057931,570.930727,1,0,0.0,0.0,0.0
3814,152.58,230.88057931,570.930727,1,0,0.0,0.0,0.0
3815,152.62,230.88057931,570.930727,1,0,0.0,0.0,0.0
3816,152.66,230.88057931,570.930727,1,0,0.0,0.0,0.0
3817,152.7,230.88057931,570.930727,1,0,0.0,0.0,0.0
3818,152.74,230.88057931,570.930727,1,0,0.0,0.0,0.0
3819,152.78,230.88057931,570.930727,1,0,0.0,0.0,0.0
3820,152.82,230.88057931,570.930727,1,0,0.0,0.0,0.0
3821,152.86,230.88057931,570.930727,1,0,0.0,0.0,0.0
3822,152.9,230.88057931,570.930727,1,0,0.0,0.0,0.0
3823,152.94,230.88057931,570.930727,1,0,0.0,0.0,0.0
3824,152.98,230.88057931,570.930727,1,0,0.0,0.0,0.0
3825,153.02,230.88057931,570.930727,1,0,0.0,0.0,0.0
3826,153.06,230.88057931,570.930727,1,0,0.0,0.0,0.0
3827,153.1,230.88057931,570.930727,1,0,0.0,0.0,0.0
3828,153.14,230.88057931,570.930727,1,0,0.0,0.0,0.0
3829,153.18,230.88057931,570.930727,1,0,0.0,0.0,0.0
3830,153.22,230.88057931,570.930727,1,0,0.0,0.0,0.0
3831,153.26,230.88057931,570.930727,1,0,0.0,0.0,0.0
3832,153.3,230.88057931,570.930727,1,0,0.0,0.0,0.0
3833,153.34,230.88057931,570.930727,1,0,0.0,0.0,0.0
3834,153.38,230.88057931,570.930727,1,0,0.0,0.0,0.0
3835,153.42,230.88057931,570.930727,1,0,0.0,0.0,0.0
3836,153.46,230.88057931,570.930727,1,0,0.0,0.0,0.0
3837,153.5,230.88057931,570.930727,1,0,0.0,0.0,0.0
3838,153.54,230.88057931,570.930727,1,0,0.0,0.0,0.0
3839,153.58,230.88057931,570.930727,1,0,0.0,0.0,0.0
3840,153.62,230.88057931,570.930727,1,0,0.0,0.0,0.0
3841,153.66,230.88057931,570.930727,1,0,0.0,0.0,0.0
3842,153.7,230.88057931,570.930727,1,0,0.0,0.0,0.0
3843,153.74,230.88057931,570.930727,1,0,0.0,0.0,0.0
3844,153.78,230.88057931,570.930727,1,0,0.0,0.0,0.0
3845,153.82,230.88057931,570.930727,1,0,0.0,0.0,0.0
3846,153.86,230.88057931,570.930727,1,0,0.0,0.0,0.0
3847,153.9,230.88057931,570.930727,1,0,0.0,0.0,0.0
3848,153.94,230.88057931,570.930727,1,0,0.0,0.0,0.0
3849,153.98,230.88057931,570.930727,1,0,0.0,0.0,0.0
3850,154.02,230.88057931,570.930727,1,0,0.0,0.0,0.0
3851,154.06,230.88057931,570.930727,1,0,0.0,0.0,0.0
3852,154.1,230.88057931,570.930727,1,0,0.0,0.0,0.0
3853,154.14,230.88057931,570.930727,1,0,0.0,0.0,0.0
3854,154.18,230.88057931,570.930727,1,0,0.0,0.0,0.0
3855,154.22,230.88057931,570.930727,1,0,0.0,0.0,0.0
3856,154.26,230.88057931,570.930727,1,0,0.0,0.0,0.0
3857,154.3,230.88057931,570.930727,1,0,0.0,0.0,0.0
3858,154.34,230.88057931,570.930727,1,0,0.0,0.0,0.0
3859,154.38,230.88057931,570.930727,1,0,0.0,0.0,0.0
3860,154.42,230.88057931,570.930727,1,0,0.0,0.0,0.0
3861,154.46,230.88057931,570.930727,1,0,0.0,0.0,0.0
3862,154.5,230.88057931,570.930727,1,0,0.0,0.0,0.0
3863,154.54,230.88057931,570.930727,1,0,0.0,0.0,0.0
3864,154.58,230.88057931,570.930727,1,0,0.0,0.0,0.0
3865,154.62,230.88057931,570.930727,1,0,0.0,0.0,0.0
3866,154.66,230.88057931,570.930727,1,0,0.0,0.0,0.0
3867,154.7,230.88057931,570.930727,1,0,0.0,0.0,0.0
3868,154.74,230.88057931,570.930727,1,0,0.0,0.0,0.0
3869,154.78,230.88057931,570.930727,1,0,0.0,0.0,0.0
3870,154.82,230.88057931,570.930727,1,0,0.0,0.0,0.0
3871,154.86,230.88057931,570.930727,1,0,0.0,0.0,0.0
3872,154.9,230.88057931,570.930727,1,0,0.0,0.0,0.0
3873,154.94,230.88057931,570.930727,1,0,0.0,0.0,0.0
3874,154.98,230.88057931,570.930727,1,0,0.0,0.0,0.0
3875,155.02,230.88057931,570.930727,1,0,0.0,0.0,0.0
3876,155.06,230.88057931,570.930727,1,0,0.0,0.0,0.0
3877,155.1,230.88057931,570.930727,1,0,0.0,0.0,0.0
3878,155.14,230.88057931,570.930727,1,0,0.0,0.0,0.0
3879,155.18,230.88057931,570.930727,1,0,0.0,0.0,0.0
3880,155.22,230.88057931,570.930727,1,0,0.0,0.0,0.0
3881,155.26,230.88057931,570.930727,1,0,0.0,0.0,0.0
3882,155.3,230.88057931,570.930727,1,0,0.0,0.0,0.0
3883,155.34,230.88057931,570.930727,1,0,0.0,0.0,0.0
3884,155.38,230.88057931,570.930727,1,0,0.0,0.0,0.0
3885,155.42,230.88057931,570.930727,1,0,0.0,0.0,0.0
3886,155.46,230.88057931,570.930727,1,0,0.0,0.0,0.0
3887,155.5,230.88057931,570.930727,1,0,0.0,0.0,0.0
3888,155.54,230.88057931,570.930727,1,0,0.0,0.0,0.0
3889,155.58,230.88057931,570.930727,1,0,0.0,0.0,0.0
3890,155.62,230.88057931,570.930727,1,0,0.0,0.0,0.0
3891,155.66,230.88057931,570.930727,1,0,0.0,0.0,0.0
3892,155.7,230.88057931,570.930727,1,0,0.0,0.0,0.0
3893,155.74,230.88057931,570.930727,1,0,0.0,0.0,0.0
3894,155.78,230.88057931,570.930727,1,0,0.0,0.0,0.0
3895,155.82,230.88057931,570.930727,1,0,0.0,0.0,0.0
3896,155.86,230.88057931,570.930727,1,0,0.0,0.0,0.0
3897,155.9,230.88057931,570.930727,1,0,0.0,0.0,0.0
3898,155.94,230.88057931,570.930727,1,0,0.0,0.0,0.0
3899,155.98,230.88057931,570.930727,1,0,0.0,0.0,0.0
3900,156.02,230.88057931,570.930727,1,0,0.0,0.0,0.0
3901,156.06,230.88057931,570.930727,1,0,0.0,0.0,0.0
3902,156.1,230.88057931,570.930727,1,0,0.0,0.0,0.0
3903,156.14,230.88057931,570.930727,1,0,0.0,0.0,0.0
3904,156.18,230.88057931,570.930727,1,0,0.0,0.0,0.0
3905,156.22,230.88057931,570.930727,1,0,0.0,0.0,0.0
3906,156.26,230.88057931,570.930727,1,0,0.0,0.0,0.0
3907,156.3,230.88057931,570.930727,1,0,0.0,0.0,0.0
3908,156.34,230.88057931,570.930727,1,0,0.0,0.0,0.0
3909,156.38,230.88057931,570.930727,1,0,0.0,0.0,0.0
3910,156.42,230.88057931,570.930727,1,0,0.0,0.0,0.0
3911,156.46,230.88057931,570.930727,1,0,0.0,0.0,0.0
3912,156.5,230.88057931,570.930727,1,0,0.0,0.0,0.0
3913,156.54,230.88057931,570.930727,1,0,0.0,0.0,0.0
3914,156.58,230.88057931,570.930727,1,0,0.0,0.0,0.0
3915,156.62,230.88057931,570.930727,1,0,0.0,0.0,0.0
3916,156.66,230.88057931,570.930727,1,0,0.0,0.0,0.0
3917,156.7,230.88057931,570.930727,1,0,0.0,0.0,0.0
3918,156.74,230.88057931,570.930727,1,0,0.0,0.0,0.0
3919,156.78,230.88057931,570.930727,1,0,0.0,0.0,0.0
3920,156.82,230.88057931,570.930727,1,0,0.0,0.0,0.0
3921,156.86,230.88057931,570.930727,1,0,0.0,0.0,0.0
3922,156.9,230.88057931,570.930727,1,0,0.0,0.0,0.0
3923,156.94,230.88057931,570.930727,1,0,0.0,0.0,0.0
3924,156.98,230.88057931,570.930727,1,0,0.0,0.0,0.0
3925,157.02,230.88057931,570.930727,1,0,0.0,0.0,0.0
3926,157.06,230.88057931,570.930727,1,0,0.0,0.0,0.0
3927,157.1,230.88057931,570.930727,1,0,0.0,0.0,0.0
3928,157.14,230.88057931,570.930727,1,0,0.0,0.0,0.0
3929,157.18,230.88057931,570.930727,1,0,0.0,0.0,0.0
3930,157.22,230.88057931,570.930727,1,0,0.0,0.0,0.0
3931,157.26,230.88057931,570.930727,1,0,0.0,0.0,0.0
3932,157.3,230.88057931,570.930727,1,0,0.0,0.0,0.0
3933,157.34,230.88057931,570.930727,1,0,0.0,0.0,0.0
3934,157.38,230.88057931,570.930727,1,0,0.0,0.0,0.0
3935,157.42,230.88057931,570.930727,1,0,0.0,0.0,0.0
3936,157.46,230.88057931,570.930727,1,0,0.0,0.0,0.0
3937,157.5,230.88057931,570.930727,1,0,0.0,0.0,0.0
3938,157.54,230.88057931,570.930727,1,0,0.0,0.0,0.0
3939,157.58,230.88057931,570.930727,1,0,0.0,0.0,0.0
3940,157.62,230.88057931,570.930727,1,0,0.0,0.0,0.0
3941,157.66,230.88057931,570.930727,1,0,0.0,0.0,0.0
3942,157.7,230.88057931,570.930727,1,0,0.0,0.0,0.0
3943,157.74,230.88057931,570.930727,1,0,0.0,0.0,0.0
3944,157.78,230.88057931,570.930727,1,0,0.0,0.0,0.0
3945,157.82,230.88057931,570.930727,1,0,0.0,0.0,0.0
3946,157.86,230.88057931,570.930727,1,0,0.0,0.0,0.0
3947,157.9,230.88057931,570.930727,1,0,0.0,0.0,0.0
3948,157.94,230.88057931,570.930727,1,0,0.0,0.0,0.0
3949,157.98,230.88057931,570.930727,1,0,0.0,0.0,0.0
3950,158.02,230.88057931,570.930727,1,0,0.0,0.0,0.0
3951,158.06,230.88057931,570.930727,1,0,0.0,0.0,0.0
3952,158.1,230.88057931,570.930727,1,0,0.0,0.0,0.0
3953,158.14,230.88057931,570.930727,1,0,0.0,0.0,0.0
3954,158.18,230.88057931,570.930727,1,0,0.0,0.0,0.0
3955,158.22,230.88057931,570.930727,1,0,0.0,0.0,0.0
3956,158.26,230.88057931,570.930727,1,0,0.0,0.0,0.0
3957,158.3,230.88057931,570.930727,1,0,0.0,0.0,0.0
3958,158.34,230.88057931,570.930727,1,0,0.0,0.0,0.0
3959,158.38,230.88057931,570.930727,1,0,0.0,0.0,0.0
3960,158.42,230.88057931,570.930727,1,0,0.0,0.0,0.0
3961,158.46,230.88057931,570.930727,1,0,0.0,0.0,0.0
3962,158.5,230.88057931,570.930727,1,0,0.0,0.0,0.0
3963,158.54,230.88057931,570.930727,1,0,0.0,0.0,0.0
3964,158.58,230.88057931,570.930727,1,0,0.0,0.0,0.0
3965,158.62,230.88057931,570.930727,1,0,0.0,0.0,0.0
3966,158.66,230.88057931,570.930727,1,0,0.0,0.0,0.0
3967,158.7,230.88057931,570.930727,1,0,0.0,0.0,0.0
3968,158.74,230.88057931,570.930727,1,0,0.0,0.0,0.0
3969,158.78,230.88057931,570.930727,1,0,0.0,0.0,0.0
3970,158.82,230.88057931,570.930727,1,0,0.0,0.0,0.0
3971,158.86,230.88057931,570.930727,1,0,0.0,0.0,0.0
3972,158.9,230.88057931,570.930727,1,0,0.0,0.0,0.0
3973,158.94,230.88057931,570.930727,1,0,0.0,0.0,0.0
3974,158.98,230.88057931,570.930727,1,0,0.0,0.0,0.0
3975,159.02,230.88057931,570.930727,1,0,0.0,0.0,0.0
3976,159.06,230.88057931,570.930727,1,0,0.0,0.0,0.0
3977,159.1,230.88057931,570.930727,1,0,0.0,0.0,0.0
3978,159.14,230.88057931,570.930727,1,0,0.0,0.0,0.0
3979,159.18,230.88057931,570.930727,1,0,0.0,0.0,0.0
3980,159.22,230.88057931,570.930727,1,0,0.0,0.0,0.0
3981,159.26,230.88057931,570.930727,1,0,0.0,0.0,0.0
3982,159.3,230.88057931,570.930727,1,0,0.0,0.0,0.0
3983,159.34,230.88057931,570.930727,1,0,0.0,0.0,0.0
3984,159.38,230.88057931,570.930727,1,0,0.0,0.0,0.0
3985,159.42,230.88057931,570.930727,1,0,0.0,0.0,0.0
3986,159.46,230.88057931,570.930727,1,0,0.0,0.0,0.0
3987,159.5,230.88057931,570.930727,1,0,0.0,0.0,0.0
3988,159.54,230.88057931,570.930727,1,0,0.0,0.0,0.0
3989,159.58,230.88057931,570.930727,1,0,0.0,0.0,0.0
3990,159.62,230.88057931,570.930727,1,0,0.0,0.0,0.0
3991,159.66,230.88057931,570.930727,1,0,0.0,0.0,0.0
3992,159.7,230.88057931,570.930727,1,0,0.0,0.0,0.0
3993,159.74,230.88057931,570.930727,1,0,0.0,0.0,0.0
3994,159.78,230.88057931,570.930727,1,0,0.0,0.0,0.0
3995,159.82,230.88057931,570.930727,1,0,0.0,0.0,0.0
3996,159.86,230.88057931,570.930727,1,0,0.0,0.0,0.0
3997,159.9,230.88057931,570.930727,1,0,0.0,0.0,0.0
3998,159.94,230.88057931,570.930727,1,0,0.0,0.0,0.0
3999,159.98,230.88057931,570.930727,1,0,0.0,0.0,0.0
