layer_index,z_mm,part_area_mm2,part_perimeter_mm,part_component_count,new_island_count,unsupported_area_mm2,support_area_mm2,support_perimeter_mm
0,0.015,0.02633018,2.80148291,1,0,0.0,46.75,191.0
1,0.045,0.14812122,5.04404458,1,0,0.03497378,46.25,189.0
2,0.075,0.32394973,6.59712753,1,0,0.02193945,45.75,185.0
3,0.105,0.53950066,7.82030234,1,0,0.0,45.75,185.0
4,0.135,0.7897608,8.87300742,1,0,0.0,45.75,185.0
5,0.165,1.06872475,9.82629971,1,0,0.0,45.75,185.0
6,0.195,1.37527503,10.70026832,1,0,0.0,45.75,185.0
7,0.225,1.70548827,11.48218235,1,0,0.0,45.75,185.0
8,0.255,2.05860845,12.26409639,1,0,0.0,45.75,185.0
9,0.285,2.43341119,12.94905724,1,0,0.0,45.75,185.0
10,0.315,2.82753101,13.61260871,1,0,0.0,45.75,185.0
11,0.345,3.24090821,14.27616019,1,0,0.0,45.75,185.0
12,0.375,3.67287384,14.87871645,1,0,0.0,45.75,185.0
13,0.405,4.12151962,15.45570117,1,0,0.0,45.75,185.0
14,0.435,4.58672796,16.03268588,1,0,0.0,45.75,185.0
15,0.465,5.06848284,16.60146918,1,0,0.0,45.75,185.0
16,0.495,5.56551963,17.11244096,1,0,0.0,45.75,185.0
17,0.525,6.07704175,17.62341274,1,0,0.0,45.75,185.0
18,0.555,6.60304919,18.13438452,1,0,0.0,45.75,185.0
19,0.585,7.14353617,18.64100764,1,0,0.0,45.75,185.0
20,0.615,7.69754838,19.10001367,1,0,0.0,45.75,185.0
21,0.645,8.26439109,19.55901969,1,0,0.0,45.75,185.0
22,0.675,8.84406432,20.01802571,1,0,0.0,45.75,185.0
23,0.705,9.43656805,20.47703173,1,0,0.0,45.75,185.0
24,0.735,10.04166728,20.91131587,1,0,0.0,45.75,185.0
25,0.765,10.65835786,21.32837265,1,0,0.0,45.75,185.0
26,0.795,11.28652566,21.74542943,1,0,0.0,45.75,185.0
27,0.825,11.92617069,22.16248622,1,0,0.0,45.75,185.0
28,0.855,12.57729294,22.579543,1,0,0.0,45.75,185.0
29,0.885,13.23965485,22.97419489,1,0,0.0,45.75,185.0
30,0.915,13.91243337,23.3566911,1,0,0.0,45.75,185.0
31,0.945,14.59555856,23.73918732,1,0,0.0,45.75,185.0
32,0.975,15.28903042,24.12168354,1,0,0.0,45.75,185.0
33,1.005,15.99284896,24.50417976,1,0,0.0,45.75,185.0
34,1.035,16.70697955,24.87890503,1,0,0.0,45.75,185.0
35,1.065,17.43075272,25.2324426,1,0,0.0,45.75,185.0
36,1.095,18.16391115,25.58598017,1,0,0.0,45.75,185.0
37,1.125,18.90645483,25.93951774,1,0,0.0,45.75,185.0
38,1.155,19.65838376,26.29305531,1,0,0.0,45.75,185.0
39,1.185,20.41969794,26.64659288,1,0,0.0,45.75,185.0
40,1.215,21.19031029,26.98885512,1,0,0.0,45.75,185.0
41,1.245,21.96959971,27.31777642,1,0,0.0,45.75,185.0
42,1.275,22.75744429,27.64669772,1,0,0.0,45.75,185.0
43,1.305,23.55384402,27.97561902,1,0,0.0,45.75,185.0
44,1.335,24.35879891,28.30454033,1,0,0.0,45.75,185.0
45,1.365,25.17230896,28.63346163,1,0,0.0,45.75,185.0
46,1.395,25.99435554,28.95758392,1,0,0.0,45.75,185.0
47,1.425,26.82444838,29.26532202,1,0,0.0,45.75,185.0
48,1.455,27.66237031,29.57306013,1,0,0.0,45.75,185.0
49,1.485,28.50812134,29.88079823,1,0,0.0,45.75,185.0
50,1.515,29.36170146,30.18853633,1,0,0.0,45.75,185.0
51,1.545,30.22311067,30.49627444,1,0,0.0,45.75,185.0
52,1.575,31.09234898,30.80401254,1,0,0.0,45.75,185.0
53,1.605,31.96930693,31.1009946,1,0,0.0,45.75,185.0
54,1.635,32.85350726,31.39030602,1,0,0.0,45.75,185.0
55,1.665,33.7448943,31.67961744,1,0,0.0,45.75,185.0
56,1.695,34.64346805,31.96892886,1,0,0.0,45.75,185.0
57,1.725,35.54922852,32.25824028,1,0,0.0,45.75,185.0
58,1.755,36.46217569,32.5475517,1,0,0.0,45.75,185.0
59,1.785,37.38230958,32.83686312,1,0,0.0,45.75,185.0
60,1.815,38.30954647,33.11743563,1,0,0.0,45.75,185.0
61,1.845,39.2434567,33.39056571,1,0,0.0,45.75,185.0
62,1.875,40.18397957,33.6636958,1,0,0.0,45.75,185.0
63,1.905,41.13111508,33.93682589,1,0,0.0,45.75,185.0
64,1.935,42.08486321,34.20995597,1,0,0.0,45.75,185.0
65,1.965,43.04522398,34.48308606,1,0,0.0,45.75,185.0
66,1.995,44.01219739,34.75621614,1,0,0.0,45.75,185.0
67,2.025,44.98578048,35.02781683,1,0,0.0,45.75,185.0
68,2.055,45.96566505,35.28661558,1,0,0.0,45.75,185.0
69,2.085,46.95164454,35.54541432,1,0,0.0,45.75,185.0
70,2.115,47.94371896,35.80421307,1,0,0.0,45.75,185.0
71,2.145,48.9418883,36.06301182,1,0,0.0,45.75,185.0
72,2.175,49.94615257,36.32181056,1,0,0.0,45.75,185.0
73,2.205,50.95651176,36.58060931,1,0,0.0,45.75,185.0
74,2.235,51.97296587,36.83940806,1,0,0.0,45.75,185.0
75,2.265,52.99549438,37.0944287,1,0,0.0,45.75,185.0
76,2.295,54.023764,37.34043865,1,0,0.0,45.75,185.0
77,2.325,55.05765791,37.58644859,1,0,0.0,45.75,185.0
78,2.355,56.09717613,37.83245854,1,0,0.0,45.75,185.0
79,2.385,57.14231864,38.07846849,1,0,0.0,45.75,185.0
80,2.415,58.19308544,38.32447843,1,0,0.0,45.75,185.0
81,2.445,59.24947655,38.57048838,1,0,0.0,45.75,185.0
82,2.475,60.31149195,38.81649833,1,0,0.0,45.75,185.0
83,2.505,61.37912862,39.06114575,1,0,0.0,45.75,185.0
84,2.535,62.452126,39.29566262,1,0,0.0,45.75,185.0
85,2.565,63.53031662,39.53017949,1,0,0.0,45.75,185.0
86,2.595,64.6137005,39.76469635,1,0,0.0,45.75,185.0
87,2.625,65.70227764,39.99921322,1,0,0.0,45.75,185.0
88,2.655,66.79604802,40.23373009,1,0,0.0,45.75,185.0
89,2.685,67.89501166,40.46824696,1,0,0.0,45.75,185.0
90,2.715,68.99916856,40.70276383,1,0,0.0,45.75,185.0
91,2.745,70.1085187,40.9372807,1,0,0.0,45.75,185.0
92,2.775,71.22299316,41.16567596,1,0,0.0,45.75,185.0
93,2.805,72.34229703,41.38979975,1,0,0.0,45.75,185.0
94,2.835,73.46639673,41.61392354,1,0,0.0,45.75,185.0
95,2.865,74.59529228,41.83804732,1,0,0.0,45.75,185.0
96,2.895,75.72898367,42.06217111,1,0,0.0,45.75,185.0
97,2.925,76.8674709,42.28629489,1,0,0.0,45.75,185.0
98,2.955,78.01075396,42.51041868,1,0,0.0,45.75,185.0
99,2.985,79.15883287,42.73454246,1,0,0.0,45.75,185.0
100,3.015,80.31170762,42.95866625,1,0,0.0,45.75,185.0
101,3.045,81.46928255,43.17597963,1,0,0.0,45.75,185.0
102,3.075,82.631299,43.39064844,1,0,0.0,45.75,185.0
103,3.105,83.79774253,43.60531725,1,0,0.0,45.75,185.0
104,3.135,84.96861316,43.81998606,1,0,0.0,45.75,185.0
105,3.165,86.14391088,44.03465487,1,0,0.0,45.75,185.0
106,3.195,87.32363569,44.24932368,1,0,0.0,45.75,185.0
107,3.225,88.50778759,44.46399249,1,0,0.0,45.75,185.0
108,3.255,89.69636658,44.6786613,1,0,0.0,45.75,185.0
109,3.285,90.88937267,44.89333011,1,0,0.0,45.75,185.0
110,3.315,92.08675816,45.10344694,1,0,0.0,45.75,185.0
111,3.345,93.28826526,45.30946906,1,0,0.0,45.75,185.0
112,3.375,94.49385538,45.51549117,1,0,0.0,45.75,185.0
113,3.405,95.70352852,45.72151329,1,0,0.0,45.75,185.0
114,3.435,96.91728468,45.9275354,1,0,0.0,45.75,185.0
115,3.465,98.13512386,46.13355752,1,0,0.0,45.75,185.0
116,3.495,99.35704606,46.33957963,1,0,0.0,45.75,185.0
117,3.525,100.58305128,46.54560175,1,0,0.0,45.75,185.0
118,3.555,105.28451659,226.83244553,2,1,3.50389693,0.5,3.0
119,3.585,111.81489967,227.167749,2,0,0.0,0.5,3.0
120,3.615,118.30963689,227.49848923,2,0,0.0,0.5,3.0
121,3.645,124.77779446,227.83166788,2,0,0.0,0.5,3.0
122,3.675,131.22385077,228.16793807,2,0,0.0,0.5,3.0
123,3.705,137.65092246,228.50543551,2,0,0.0,0.5,3.0
124,3.735,144.06162178,228.84521012,2,0,0.0,0.5,3.0
125,3.765,150.45703065,229.18625504,2,0,0.0,0.5,3.0
126,3.795,156.83913753,229.5292855,2,0,0.0,0.5,3.0
127,3.825,163.20847976,229.87291849,2,0,0.0,0.5,3.0
128,3.855,169.56641157,230.21917329,2,0,0.0,0.5,3.0
129,3.885,175.91361213,230.56379894,2,0,0.0,0.5,3.0
130,3.915,182.25028256,230.90494746,2,0,0.0,0.5,3.0
131,3.945,188.57750534,231.247052,2,0,0.0,0.5,3.0
132,3.975,194.89535475,231.58915653,2,0,0.0,0.5,3.0
133,4.005,201.20442175,231.93421011,2,0,0.0,0.5,3.0
134,4.035,207.50546557,232.27947002,2,0,0.0,0.5,3.0
135,4.065,213.79848909,232.62472993,2,0,0.0,0.5,3.0
136,4.095,220.08394403,232.97277884,2,0,0.0,0.5,3.0
137,4.125,226.36250275,233.32115856,2,0,0.0,0.5,3.0
138,4.155,232.63417161,233.66953828,2,0,0.0,0.5,3.0
139,4.185,238.89911121,234.01875085,2,0,0.0,0.5,3.0
140,4.215,245.15785654,234.36340378,2,0,0.0,0.5,3.0
141,4.245,251.41038487,234.7080567,2,0,0.0,0.5,3.0
142,4.275,257.65669623,235.05273298,2,0,0.0,0.5,3.0
143,4.305,263.89721189,235.40043412,2,0,0.0,0.5,3.0
144,4.335,270.13234048,235.74813526,2,0,0.0,0.5,3.0
145,4.365,276.36208199,236.0958364,2,0,0.0,0.5,3.0
146,4.395,282.58644727,236.44405864,2,0,0.0,0.5,3.0
147,4.425,288.80590312,236.79477354,2,0,0.0,0.5,3.0
148,4.455,295.02069785,237.14548844,2,0,0.0,0.5,3.0
149,4.485,301.23083145,237.49620334,2,0,0.0,0.5,3.0
150,4.515,307.43621896,237.84211193,2,0,0.0,0.5,3.0
151,4.545,313.63704986,238.18946283,2,0,0.0,0.5,3.0
152,4.575,319.83358736,238.53681373,2,0,0.0,0.5,3.0
153,4.605,326.02583145,238.88416463,2,0,0.0,0.5,3.0
154,4.635,332.21378213,239.23151554,2,0,0.0,0.5,3.0
155,4.665,338.397601,239.58107927,2,0,0.0,0.5,3.0
156,4.695,344.5776825,239.9313789,2,0,0.0,0.5,3.0
157,4.725,350.75404448,240.28167852,2,0,0.0,0.5,3.0
158,4.755,356.92668695,240.63197814,2,0,0.0,0.5,3.0
159,4.785,363.09561793,240.98279184,2,0,0.0,0.5,3.0
160,4.815,369.26116574,241.33479197,2,0,0.0,0.5,3.0
161,4.845,375.42333204,241.68207721,2,0,0.0,0.5,3.0
162,4.875,381.58203401,242.02936245,2,0,0.0,0.5,3.0
163,4.905,387.73727165,242.37664769,2,0,0.0,0.5,3.0
164,4.935,393.88907702,242.72500071,2,0,0.0,0.5,3.0
165,4.965,400.01069813,240.24875989,1,0,0.0,0.5,3.0
166,4.995,406.03402544,238.36548673,1,0,0.0,0.5,3.0
167,5.025,412.00047634,237.17319293,1,0,0.0,0.5,3.0
168,5.055,417.92430904,236.28611828,1,0,0.0,0.5,3.0
169,5.085,423.81060218,235.59876093,1,0,0.0,0.5,3.0
170,5.115,429.66545417,234.98758515,1,0,0.0,0.5,3.0
171,5.145,435.49022848,234.47974719,1,0,0.0,0.5,3.0
172,5.175,441.28865264,234.03639039,1,0,0.0,0.5,3.0
173,5.205,447.06108636,233.59593569,1,0,0.0,0.5,3.0
174,5.235,452.80946348,233.27258095,1,0,0.0,0.5,3.0
175,5.265,458.53577129,232.95182252,1,0,0.0,0.5,3.0
176,5.295,464.24017491,232.63106409,1,0,0.0,0.5,3.0
177,5.325,469.92398218,232.39613034,1,0,0.0,0.5,3.0
178,5.355,475.58860911,232.16296204,1,0,0.0,0.5,3.0
179,5.385,481.23405627,231.92979374,1,0,0.0,0.5,3.0
180,5.415,486.86063858,231.73045705,1,0,0.0,0.5,3.0
181,5.445,492.47020002,231.56691266,1,0,0.0,0.5,3.0
182,5.475,498.06303537,231.40155591,1,0,0.0,0.5,3.0
183,5.505,503.63896847,231.23276252,1,0,0.0,0.5,3.0
184,5.535,509.19818175,231.09181104,1,0,0.0,0.5,3.0
185,5.565,514.74192798,230.97560076,1,0,0.0,0.5,3.0
186,5.595,520.27055501,230.86212943,1,0,0.0,0.5,3.0
187,5.625,525.78424385,230.74873458,1,0,0.0,0.5,3.0
188,5.655,531.28300711,230.64107178,1,0,0.0,0.5,3.0
189,5.685,536.76768811,230.57012567,1,0,0.0,0.5,3.0
190,5.715,542.23879831,230.49917957,1,0,0.0,0.5,3.0
191,5.745,547.69634021,230.42858107,1,0,0.0,0.5,3.0
192,5.775,553.14051012,230.36043981,1,0,0.0,0.5,3.0
193,5.805,558.57148288,230.30234828,1,0,0.0,0.5,3.0
194,5.835,563.98993009,230.26421633,1,0,0.0,0.5,3.0
195,5.865,569.3960364,230.22608438,1,0,0.0,0.5,3.0
196,5.895,574.78980181,230.18795242,1,0,0.0,0.5,3.0
197,5.925,580.17122762,230.15008108,1,0,0.0,0.5,3.0
198,5.955,585.54049248,230.11596432,1,0,0.0,0.5,3.0
199,5.985,590.89824551,230.10993449,1,0,0.0,0.5,3.0
200,6.015,596.24493267,230.10390466,1,0,0.0,0.5,3.0
201,6.045,601.58055395,230.09787484,1,0,0.0,0.5,3.0
202,6.075,606.90510934,230.09184501,1,0,0.0,0.5,3.0
203,6.105,612.21859886,230.08581518,1,0,0.0,0.5,3.0
204,6.135,617.52119033,230.09119236,1,0,0.0,0.5,3.0
205,6.165,622.81361194,230.10957439,1,0,0.0,0.5,3.0
206,6.195,628.09587631,230.12654199,1,0,0.0,0.5,3.0
207,6.225,633.36797316,230.14350958,1,0,0.0,0.5,3.0
208,6.255,638.6299025,230.16047718,1,0,0.0,0.5,3.0
209,6.285,643.88166432,230.17744478,1,0,0.0,0.5,3.0
210,6.315,649.12332138,230.2014865,1,0,0.0,0.5,3.0
211,6.345,654.35558709,230.24268485,1,0,0.0,0.5,3.0
212,6.375,659.57869221,230.28388321,1,0,0.0,0.5,3.0
213,6.405,664.79263672,230.32508157,1,0,0.0,0.5,3.0
214,6.435,669.99742063,230.36627993,1,0,0.0,0.5,3.0
215,6.465,675.19304395,230.40747829,1,0,0.0,0.5,3.0
216,6.495,680.37950491,230.44812675,1,0,0.0,0.5,3.0
217,6.525,685.5569886,230.50184993,1,0,0.0,0.5,3.0
218,6.555,690.72598158,230.56001707,1,0,0.0,0.5,3.0
219,6.585,695.88650223,230.6181842,1,0,0.0,0.5,3.0
220,6.615,701.03855055,230.67635134,1,0,0.0,0.5,3.0
221,6.645,706.18212655,230.73451848,1,0,0.0,0.5,3.0
222,6.675,711.31723022,230.79268561,1,0,0.0,0.5,3.0
223,6.705,716.4438766,230.85182549,1,0,0.0,0.5,3.0
224,6.735,721.56246647,230.92701777,1,0,0.0,0.5,3.0
225,6.765,726.67340937,231.00436884,1,0,0.0,0.5,3.0
226,6.795,731.77671036,231.08171991,1,0,0.0,0.5,3.0
227,6.825,736.87236942,231.15907098,1,0,0.0,0.5,3.0
228,6.855,741.9603682,231.2346639,1,0,0.0,0.5,3.0
229,6.885,747.04054575,231.30774039,1,0,0.0,0.5,3.0
230,6.915,752.11290162,231.38238371,1,0,0.0,0.5,3.0
231,6.945,757.17770825,231.46686872,1,0,0.0,0.5,3.0
232,6.975,762.23537676,231.55727187,1,0,0.0,0.5,3.0
233,7.005,767.28595061,231.64767503,1,0,0.0,0.5,3.0
234,7.035,772.32942982,231.73807818,1,0,0.0,0.5,3.0
235,7.065,777.36581439,231.82848134,1,0,0.0,0.5,3.0
236,7.095,782.3951043,231.91888449,1,0,0.0,0.5,3.0
237,7.125,787.41734768,232.01111413,1,0,0.0,0.5,3.0
238,7.155,792.43271567,232.10436799,1,0,0.0,0.5,3.0
239,7.185,797.44143457,232.20982916,1,0,0.0,0.5,3.0
240,7.215,802.44373179,232.31367648,1,0,0.0,0.5,3.0
241,7.245,807.43944961,232.41577328,1,0,0.0,0.5,3.0
242,7.275,812.42856857,232.51787007,1,0,0.0,0.5,3.0
243,7.305,817.41108867,232.61996687,1,0,0.0,0.5,3.0
244,7.335,822.38705333,232.72384108,1,0,0.0,0.5,3.0
245,7.365,827.35663003,232.82881492,1,0,0.0,0.5,3.0
246,7.395,832.3198354,232.93378876,1,0,0.0,0.5,3.0
247,7.425,837.27685956,233.04964071,1,0,0.0,0.5,3.0
248,7.455,842.22794556,233.16623671,1,0,0.0,0.5,3.0
249,7.485,847.17309427,233.28283271,1,0,0.0,0.5,3.0
250,7.515,852.11230572,233.39942871,1,0,0.0,0.5,3.0
251,7.545,857.04560715,233.51746754,1,0,0.0,0.5,3.0
252,7.575,861.97312351,233.63450627,1,0,0.0,0.5,3.0
253,7.605,866.89472934,233.75008363,1,0,0.0,0.5,3.0
254,7.635,871.81041016,233.86566098,1,0,0.0,0.5,3.0
255,7.665,876.72023342,233.98734063,1,0,0.0,0.5,3.0
256,7.695,881.62449649,234.1134255,1,0,0.0,0.5,3.0
257,7.725,886.52323453,234.23951037,1,0,0.0,0.5,3.0
258,7.755,891.41645644,234.36643988,1,0,0.0,0.5,3.0
259,7.785,896.30431487,234.4954718,1,0,0.0,0.5,3.0
260,7.815,901.18686496,234.62450372,1,0,0.0,0.5,3.0
261,7.845,906.06410671,234.75353564,1,0,0.0,0.5,3.0
262,7.875,910.93604013,234.88256756,1,0,0.0,0.5,3.0
263,7.905,915.8026652,235.01159948,1,0,0.0,0.5,3.0
264,7.935,920.6640923,235.14688826,1,0,0.0,0.5,3.0
265,7.965,925.52038982,235.28169953,1,0,0.0,0.5,3.0
266,7.995,930.37164975,235.41949946,1,0,0.0,0.5,3.0
267,8.025,935.21797822,235.55729939,1,0,0.0,0.5,3.0
268,8.055,940.05937524,235.69509932,1,0,0.0,0.5,3.0
269,8.085,944.89584079,235.83289924,1,0,0.0,0.5,3.0
270,8.115,949.72737489,235.97069917,1,0,0.0,0.5,3.0
271,8.145,954.55397753,236.1084991,1,0,0.0,0.5,3.0
272,8.175,959.37564871,236.24629903,1,0,0.0,0.5,3.0
273,8.205,964.19256667,236.39377022,1,0,0.0,0.5,3.0
274,8.235,969.00509285,236.54335119,1,0,0.0,0.5,3.0
275,8.265,973.81324248,236.69293216,1,0,0.0,0.5,3.0
276,8.295,978.61699,236.84069005,1,0,0.0,0.5,3.0
277,8.325,983.41618183,236.98662275,1,0,0.0,0.5,3.0
278,8.355,988.21079236,237.13255544,1,0,0.0,0.5,3.0
279,8.385,993.00082157,237.27848813,1,0,0.0,0.5,3.0
280,8.415,997.78627579,237.4251878,1,0,0.0,0.5,3.0
281,8.445,1002.56729696,237.5742221,1,0,0.0,0.5,3.0
282,8.475,1007.34399495,237.72777099,1,0,0.0,0.5,3.0
283,8.505,1012.11661176,237.88483522,1,0,0.0,0.5,3.0
284,8.535,1016.88517848,238.04189946,1,0,0.0,0.5,3.0
285,8.565,1021.6496951,238.1989637,1,0,0.0,0.5,3.0
286,8.595,1026.41016162,238.35602794,1,0,0.0,0.5,3.0
287,8.625,1031.16657805,238.51309217,1,0,0.0,0.5,3.0
288,8.655,1035.91899744,238.67145002,1,0,0.0,0.5,3.0
289,8.685,1040.66740603,238.8281529,1,0,0.0,0.5,3.0
290,8.715,1045.41176535,238.98485579,1,0,0.0,0.5,3.0
291,8.745,1050.1520754,239.14155867,1,0,0.0,0.5,3.0
292,8.775,1054.88847452,239.30531568,1,0,0.0,0.5,3.0
293,8.805,1059.62112966,239.46943251,1,0,0.0,0.5,3.0
294,8.835,1064.35004118,239.63354934,1,0,0.0,0.5,3.0
295,8.865,1069.07522002,239.79873081,1,0,0.0,0.5,3.0
296,8.895,1073.79681253,239.96609154,1,0,0.0,0.5,3.0
297,8.925,1078.51486454,240.13345227,1,0,0.0,0.5,3.0
298,8.955,1083.22937605,240.300813,1,0,0.0,0.5,3.0
299,8.985,1087.94034707,240.46817372,1,0,0.0,0.5,3.0
300,9.015,1092.64777434,240.63492088,1,0,0.0,0.5,3.0
301,9.045,1097.35152718,240.79928992,1,0,0.0,0.5,3.0
302,9.075,1102.05169901,240.97010288,1,0,0.0,0.5,3.0
303,9.105,1106.74848764,241.14369887,1,0,0.0,0.5,3.0
304,9.135,1111.44202192,241.31784049,1,0,0.0,0.5,3.0
305,9.165,1116.13230458,241.4919821,1,0,0.0,0.5,3.0
306,9.195,1120.81933561,241.66612371,1,0,0.0,0.5,3.0
307,9.225,1125.50311501,241.84026532,1,0,0.0,0.5,3.0
308,9.255,1130.18364279,242.01440694,1,0,0.0,0.5,3.0
309,9.285,1134.86091895,242.18854855,1,0,0.0,0.5,3.0
310,9.315,1139.53495505,242.36384748,1,0,0.0,0.5,3.0
311,9.345,1144.20589771,242.54141272,1,0,0.0,0.5,3.0
312,9.375,1148.87390563,242.72481372,1,0,0.0,0.5,3.0
313,9.405,1153.53903826,242.90546987,1,0,0.0,0.5,3.0
314,9.435,1158.20119423,243.08610902,1,0,0.0,0.5,3.0
315,9.465,1162.86037353,243.26674818,1,0,0.0,0.5,3.0
316,9.495,1167.51657617,243.44738734,1,0,0.0,0.5,3.0
317,9.525,1172.16980215,243.6280265,1,0,0.0,0.5,3.0
318,9.555,1176.82012418,243.81165158,1,0,0.0,0.5,3.0
319,9.585,1181.46767035,243.99582052,1,0,0.0,0.5,3.0
320,9.615,1186.11244307,244.17998946,1,0,0.0,0.5,3.0
321,9.645,1190.75444235,244.3641584,1,0,0.0,0.5,3.0
322,9.675,1195.39370281,244.55139947,1,0,0.0,0.5,3.0
323,9.705,1200.03042155,244.7415543,1,0,0.0,0.5,3.0
324,9.735,1204.66462972,244.93170913,1,0,0.0,0.5,3.0
325,9.765,1209.29627299,245.12055883,1,0,0.0,0.5,3.0
326,9.795,1213.92536968,245.31111795,1,0,0.0,0.5,3.0
327,9.825,1218.55195688,245.50167707,1,0,0.0,0.5,3.0
328,9.855,1223.17603461,245.69223619,1,0,0.0,0.5,3.0
329,9.885,1227.79760285,245.88279531,1,0,0.0,0.5,3.0
330,9.915,1232.41666161,246.07335443,1,0,0.0,0.5,3.0
331,9.945,1237.03321089,246.26391355,1,0,0.0,0.5,3.0
332,9.975,1241.64725069,246.45447267,1,0,0.0,0.5,3.0
333,10.005,1246.25896821,246.65350216,1,0,0.0,0.5,3.0
334,10.035,1250.86863255,246.85345928,1,0,0.0,0.5,3.0
335,10.065,1255.47624596,247.0534164,1,0,0.0,0.5,3.0
336,10.095,1260.08180845,247.25337351,1,0,0.0,0.5,3.0
337,10.125,1264.68527343,247.45119369,1,0,0.0,0.5,3.0
338,10.155,1269.28649358,247.64798231,1,0,0.0,0.5,3.0
339,10.185,1273.88545803,247.84477093,1,0,0.0,0.5,3.0
340,10.215,1278.48219544,248.04361545,1,0,0.0,0.5,3.0
341,10.245,1283.07686248,248.24433152,1,0,0.0,0.5,3.0
342,10.275,1287.6694829,248.44504758,1,0,0.0,0.5,3.0
343,10.305,1292.26005689,248.64597788,1,0,0.0,0.5,3.0
344,10.335,1296.84871523,248.85198374,1,0,0.0,0.5,3.0
345,10.365,1301.43556962,249.0579896,1,0,0.0,0.5,3.0
346,10.395,1306.02062007,249.26399546,1,0,0.0,0.5,3.0
347,10.425,1310.60386976,249.4707098,1,0,0.0,0.5,3.0
348,10.455,1315.18545537,249.68080742,1,0,0.0,0.5,3.0
349,10.485,1319.76541518,249.88911635,1,0,0.0,0.5,3.0
350,10.515,1324.34359537,250.09611232,1,0,0.0,0.5,3.0
351,10.545,1328.91997742,250.30310829,1,0,0.0,0.5,3.0
352,10.575,1333.49456133,250.51010426,1,0,0.0,0.5,3.0
353,10.605,1338.06734709,250.71710023,1,0,0.0,0.5,3.0
354,10.635,1342.63833471,250.9240962,1,0,0.0,0.5,3.0
355,10.665,1347.20772662,251.13988122,1,0,0.0,0.5,3.0
356,10.695,1351.77577029,251.3561511,1,0,0.0,0.5,3.0
357,10.725,1356.34246708,251.57242097,1,0,0.0,0.5,3.0
358,10.755,1360.90781699,251.78869084,1,0,0.0,0.5,3.0
359,10.785,1365.47182002,252.00496071,1,0,0.0,0.5,3.0
360,10.815,1370.03447618,252.22123058,1,0,0.0,0.5,3.0
361,10.845,1374.59575422,252.43583839,1,0,0.0,0.5,3.0
362,10.875,1379.15554853,252.65210235,1,0,0.0,0.5,3.0
363,10.905,1383.71399667,252.86980774,1,0,0.0,0.5,3.0
364,10.935,1388.27111014,253.08751313,1,0,0.0,0.5,3.0
365,10.965,1392.82688893,253.30521852,1,0,0.0,0.5,3.0
366,10.995,1397.38140175,253.5266075,1,0,0.0,0.5,3.0
367,11.025,1401.93480169,253.74905214,1,0,0.0,0.5,3.0
368,11.055,1406.4870944,253.97149678,1,0,0.0,0.5,3.0
369,11.085,1411.03831509,254.19656022,1,0,0.0,0.5,3.0
370,11.115,1415.58863366,254.42371211,1,0,0.0,0.5,3.0
371,11.145,1420.12570398,254.65305075,1,0,0.0,0.5,3.0
372,11.175,1424.55169061,254.90048566,1,0,0.0,0.5,3.0
373,11.205,1428.90983375,255.15800416,1,0,0.0,0.5,3.0
374,11.235,1433.21916758,255.42182908,1,0,0.0,0.5,3.0
375,11.265,1437.48817412,255.6920792,1,0,0.0,0.5,3.0
376,11.295,1441.72219139,255.97036245,1,0,0.0,0.5,3.0
377,11.325,1445.92518035,256.25761271,1,0,0.0,0.5,3.0
378,11.355,1450.09992814,256.55348775,1,0,0.0,0.5,3.0
379,11.385,1454.24864812,256.85271512,1,0,0.0,0.5,3.0
380,11.415,1458.37337219,257.15539811,1,0,0.0,0.5,3.0
381,11.445,1462.47529816,257.46330446,1,0,0.0,0.5,3.0
382,11.475,1466.55587204,257.77271014,1,0,0.0,0.5,3.0
383,11.505,1470.61626966,258.09105932,1,0,0.0,0.5,3.0
384,11.535,1474.65751308,258.41248701,1,0,0.0,0.5,3.0
385,11.565,1478.68062943,258.7366746,1,0,0.0,0.5,3.0
386,11.595,1482.6860457,259.06101436,1,0,0.0,0.5,3.0
387,11.625,1486.67465835,259.3905348,1,0,0.0,0.5,3.0
388,11.655,1490.64700331,259.72005524,1,0,0.0,0.5,3.0
389,11.685,1494.60376374,260.05905157,1,0,0.0,0.5,3.0
390,11.715,1498.54583979,260.40344279,1,0,0.0,0.5,3.0
391,11.745,1502.47365078,260.7527228,1,0,0.0,0.5,3.0
392,11.775,1506.38802968,261.10396925,1,0,0.0,0.5,3.0
393,11.805,1510.28906922,261.45659674,1,0,0.0,0.5,3.0
394,11.835,1514.17747388,261.81368265,1,0,0.0,0.5,3.0
395,11.865,1518.05354535,262.17076855,1,0,0.0,0.5,3.0
396,11.895,1521.91750629,262.53266138,1,0,0.0,0.5,3.0
397,11.925,1525.7700773,262.89855425,1,0,0.0,0.5,3.0
398,11.955,1529.6112958,263.26450259,1,0,0.0,0.5,3.0
399,11.985,1533.44160116,263.63613677,1,0,0.0,0.5,3.0
400,12.015,1537.26142064,264.00860263,1,0,0.0,0.5,3.0
401,12.045,1541.0709137,264.38560786,1,0,0.0,0.5,3.0
402,12.075,1544.87068149,264.76704638,1,0,0.0,0.5,3.0
403,12.105,1548.66102279,265.15260773,1,0,0.0,0.5,3.0
404,12.135,1552.44217532,265.54221209,1,0,0.0,0.5,3.0
405,12.165,1556.21468548,265.93565649,1,0,0.0,0.5,3.0
406,12.195,1559.97872288,266.32910089,1,0,0.0,0.5,3.0
407,12.225,1563.73432186,266.72432464,1,0,0.0,0.5,3.0
408,12.255,1567.48194925,267.12203375,1,0,0.0,0.5,3.0
409,12.285,1571.22160685,267.52016649,1,0,0.0,0.5,3.0
410,12.315,1574.95348008,267.92434598,1,0,0.0,0.5,3.0
411,12.345,1578.67807198,268.33296362,1,0,0.0,0.5,3.0
412,12.375,1582.39560408,268.74329174,1,0,0.0,0.5,3.0
413,12.405,1586.10623163,269.15588252,1,0,0.0,0.5,3.0
414,12.435,1589.81029517,269.57404152,1,0,0.0,0.5,3.0
415,12.465,1593.50809689,269.99279496,1,0,0.0,0.5,3.0
416,12.495,1597.19981146,270.41829537,1,0,0.0,0.5,3.0
417,12.525,1600.88571242,270.84776393,1,0,0.0,0.5,3.0
418,12.555,1604.56620686,271.27885704,1,0,0.0,0.5,3.0
419,12.585,1608.24131865,271.70977231,1,0,0.0,0.5,3.0
420,12.615,1611.91094619,272.13984754,1,0,0.0,0.5,3.0
421,12.645,1615.57538173,272.57408158,1,0,0.0,0.5,3.0
422,12.675,1619.23492585,273.01586533,1,0,0.0,0.5,3.0
423,12.705,1622.88972406,273.45764908,1,0,0.0,0.5,3.0
424,12.735,1626.54000625,273.90645897,1,0,0.0,0.5,3.0
425,12.765,1630.1862488,274.35764636,1,0,0.0,0.5,3.0
426,12.795,1633.8284752,274.80883374,1,0,0.0,0.5,3.0
427,12.825,1637.46671925,275.26359961,1,0,0.0,0.5,3.0
428,12.855,1641.10157036,275.72906206,1,0,0.0,0.5,3.0
429,12.885,1644.73325232,276.19452452,1,0,0.0,0.5,3.0
430,12.915,1648.36176511,276.65998698,1,0,0.0,0.5,3.0
431,12.945,1651.9871503,277.12716975,1,0,0.0,0.5,3.0
432,12.975,1655.60959225,277.59546202,1,0,0.0,0.5,3.0
433,13.005,1659.22916107,278.06889301,1,0,0.0,0.5,3.0
434,13.035,1662.846133,278.54690141,1,0,0.0,0.5,3.0
435,13.065,1666.46080141,279.03035087,1,0,0.0,0.5,3.0
436,13.095,1670.07342126,279.51614032,1,0,0.0,0.5,3.0
437,13.125,1673.68414097,280.00324977,1,0,0.0,0.5,3.0
438,13.155,1677.29299777,280.49306331,1,0,0.0,0.5,3.0
439,13.185,1680.90054701,280.99631819,1,0,0.0,0.5,3.0
440,13.215,1684.50706135,281.49957308,1,0,0.0,0.5,3.0
441,13.245,1688.1125408,282.00282797,1,0,0.0,0.5,3.0
442,13.275,1691.71696919,282.50694748,1,0,0.0,0.5,3.0
443,13.305,1695.32051149,283.0132077,1,0,0.0,0.5,3.0
444,13.335,1698.92336183,283.52908701,1,0,0.0,0.5,3.0
445,13.365,1702.52579444,284.04684072,1,0,0.0,0.5,3.0
446,13.395,1706.12792164,284.56872828,1,0,0.0,0.5,3.0
447,13.425,1709.73005075,285.09237468,1,0,0.0,0.5,3.0
448,13.455,1713.33224373,285.6183235,1,0,0.0,0.5,3.0
449,13.485,1716.9347997,286.15580358,1,0,0.0,0.5,3.0
450,13.515,1720.53818682,286.70074946,1,0,0.0,0.5,3.0
451,13.545,1724.14268622,287.24670633,1,0,0.0,0.5,3.0
452,13.575,1727.74830397,287.79266321,1,0,0.0,0.5,3.0
453,13.605,1731.35491702,288.33590444,1,0,0.0,0.5,3.0
454,13.635,1734.9628235,288.89899842,1,0,0.0,0.5,3.0
455,13.665,1738.57252078,289.46256944,1,0,0.0,0.5,3.0
456,13.695,1742.18401002,290.02614046,1,0,0.0,0.5,3.0
457,13.725,1745.79729122,290.58971148,1,0,0.0,0.5,3.0
458,13.755,1749.41261947,291.16629822,1,0,0.0,0.5,3.0
459,13.785,1753.03063107,291.75225305,1,0,0.0,0.5,3.0
460,13.815,1756.65146057,292.34035344,1,0,0.0,0.5,3.0
461,13.845,1760.27525566,292.92997955,1,0,0.0,0.5,3.0
462,13.875,1763.9022525,293.5273445,1,0,0.0,0.5,3.0
463,13.905,1767.53299413,294.14044349,1,0,0.0,0.5,3.0
464,13.935,1771.16754521,294.75179893,1,0,0.0,0.5,3.0
465,13.965,1774.80585332,295.36359107,1,0,0.0,0.5,3.0
466,13.995,1778.44814708,295.98145769,1,0,0.0,0.5,3.0
467,14.025,1782.094967,296.6204772,1,0,0.0,0.5,3.0
468,14.055,1785.7466751,297.25949671,1,0,0.0,0.5,3.0
469,14.085,1789.40327292,297.89909654,1,0,0.0,0.5,3.0
470,14.115,1793.0650068,298.54887289,1,0,0.0,0.5,3.0
471,14.145,1796.73257579,299.21917265,1,0,0.0,0.5,3.0
472,14.175,1800.40630226,299.89141388,1,0,0.0,0.5,3.0
473,14.205,1804.08633722,300.56566636,1,0,0.0,0.5,3.0
474,14.235,1807.77295285,301.26046097,1,0,0.0,0.5,3.0
475,14.265,1811.46688952,301.96710104,1,0,0.0,0.5,3.0
476,14.295,1815.16822764,302.67374111,1,0,0.0,0.5,3.0
477,14.325,1818.8770147,303.3909364,1,0,0.0,0.5,3.0
478,14.355,1822.59429098,304.13919522,1,0,0.0,0.5,3.0
479,14.385,1826.32050538,304.88745404,1,0,0.0,0.5,3.0
480,14.415,1830.0556967,305.64575944,1,0,0.0,0.5,3.0
481,14.445,1833.80079266,306.43707921,1,0,0.0,0.5,3.0
482,14.475,1837.55644202,307.23458119,1,0,0.0,0.5,3.0
483,14.505,1841.32297725,308.05670616,1,0,0.0,0.5,3.0
484,14.535,1845.1015298,308.90527383,1,0,0.0,0.5,3.0
485,14.565,1848.8923214,309.75669444,1,0,0.0,0.5,3.0
486,14.595,1852.69665685,310.67933995,1,0,0.0,0.5,3.0
487,14.625,1856.51573331,311.6028252,1,0,0.0,0.5,3.0
488,14.655,1860.35037907,312.59417689,1,0,0.0,0.5,3.0
489,14.685,1864.20241272,313.60631202,1,0,0.0,0.5,3.0
490,14.715,1868.0735605,314.72689337,1,0,0.0,0.5,3.0
491,14.745,1871.96633189,315.90438419,1,0,0.0,0.5,3.0
492,14.775,1875.88433577,317.21204706,1,0,0.0,0.5,3.0
493,14.805,1879.83246948,318.76667341,1,0,0.0,0.5,3.0
494,14.835,1883.82139541,320.90871194,1,0,0.02111307,0.5,3.0
495,14.865,1887.88443983,323.4679802,1,0,0.04330873,0.0,0.0
496,14.895,1891.96600783,323.82936207,1,0,0.0,0.0,0.0
497,14.925,1896.04650857,324.19645423,1,0,0.0,0.0,0.0
498,14.955,1900.12629035,324.56791029,1,0,0.0,0.0,0.0
499,14.985,1904.20540964,324.93936634,1,0,0.0,0.0,0.0
500,15.015,1908.28386643,325.31082239,1,0,0.0,0.0,0.0
501,15.045,1912.36175715,325.68818725,1,0,0.0,0.0,0.0
502,15.075,1916.43940303,326.06860297,1,0,0.0,0.0,0.0
503,15.105,1920.51675766,326.44719532,1,0,0.0,0.0,0.0
504,15.135,1924.59357057,326.82479582,1,0,0.0,0.0,0.0
505,15.165,1928.66999498,327.21064076,1,0,0.0,0.0,0.0
506,15.195,1932.74630775,327.59765241,1,0,0.0,0.0,0.0
507,15.225,1936.82251237,327.98466405,1,0,0.0,0.0,0.0
508,15.255,1940.89864266,328.3747672,1,0,0.0,0.0,0.0
509,15.285,1944.97514351,328.77480319,1,0,0.0,0.0,0.0
510,15.315,1949.05220843,329.17483917,1,0,0.0,0.0,0.0
511,15.345,1953.12983742,329.57487515,1,0,0.0,0.0,0.0
512,15.375,1957.2080466,329.97858779,1,0,0.0,0.0,0.0
513,15.405,1961.28692317,330.38629162,1,0,0.0,0.0,0.0
514,15.435,1965.3664795,330.79399546,1,0,0.0,0.0,0.0
515,15.465,1969.44671559,331.2016993,1,0,0.0,0.0,0.0
516,15.495,1973.52781935,331.619032,1,0,0.0,0.0,0.0
517,15.525,1977.61010127,332.03787584,1,0,0.0,0.0,0.0
518,15.555,1981.69356597,332.45671967,1,0,0.0,0.0,0.0
519,15.585,1985.77824133,332.87943341,1,0,0.0,0.0,0.0
520,15.615,1989.86454234,333.31198488,1,0,0.0,0.0,0.0
521,15.645,1993.95267208,333.74407026,1,0,0.0,0.0,0.0
522,15.675,1998.04235158,334.17497426,1,0,0.0,0.0,0.0
523,15.705,2002.13375096,334.61682855,1,0,0.0,0.0,0.0
524,15.735,2006.2272091,335.06041746,1,0,0.0,0.0,0.0
525,15.765,2010.32273114,335.50400636,1,0,0.0,0.0,0.0
526,15.795,2014.42038388,335.9541545,1,0,0.0,0.0,0.0
527,15.825,2018.5205995,336.41136774,1,0,0.0,0.0,0.0
528,15.855,2022.62345552,336.86858098,1,0,0.0,0.0,0.0
529,15.885,2026.7289618,337.32836586,1,0,0.0,0.0,0.0
530,15.915,2030.83727689,337.79739155,1,0,0.0,0.0,0.0
531,15.945,2034.94841045,338.26641725,1,0,0.0,0.0,0.0
532,15.975,2039.06242135,338.73768443,1,0,0.0,0.0,0.0
533,16.005,2043.17976397,339.22530525,1,0,0.0,0.0,0.0
534,16.035,2047.30077864,339.7132099,1,0,0.0,0.0,0.0
535,16.065,2051.42546548,340.20111456,1,0,0.0,0.0,0.0
536,16.095,2055.55408765,340.70414811,1,0,0.0,0.0,0.0
537,16.125,2059.68706425,341.20934449,1,0,0.0,0.0,0.0
538,16.155,2063.82421907,341.71199951,1,0,0.0,0.0,0.0
539,16.185,2067.96554533,342.23074611,1,0,0.0,0.0,0.0
540,16.215,2072.11149207,342.7519668,1,0,0.0,0.0,0.0
541,16.245,2076.26206558,343.27318749,1,0,0.0,0.0,0.0
542,16.275,2080.4176393,343.8145569,1,0,0.0,0.0,0.0
543,16.305,2084.57863342,344.35655232,1,0,0.0,0.0,0.0
544,16.335,2088.74516676,344.90562873,1,0,0.0,0.0,0.0
545,16.365,2092.91790518,345.47336567,1,0,0.0,0.0,0.0
546,16.395,2097.09684621,346.03838008,1,0,0.0,0.0,0.0
547,16.425,2101.28188606,346.61638579,1,0,0.0,0.0,0.0
548,16.455,2105.47372995,347.20696484,1,0,0.0,0.0,0.0
549,16.485,2109.67249163,347.79754389,1,0,0.0,0.0,0.0
550,16.515,2113.87864255,348.41548135,1,0,0.0,0.0,0.0
551,16.545,2118.09274525,349.03472421,1,0,0.0,0.0,0.0
552,16.575,2122.3149586,349.67094008,1,0,0.0,0.0,0.0
553,16.605,2126.54602773,350.32068711,1,0,0.0,0.0,0.0
554,16.635,2130.78569411,350.97751603,1,0,0.0,0.0,0.0
555,16.665,2135.03479519,351.66400362,1,0,0.0,0.0,0.0
556,16.695,2139.2938787,352.3545068,1,0,0.0,0.0,0.0
557,16.725,2143.56378668,353.08529657,1,0,0.0,0.0,0.0
558,16.755,2147.84517511,353.81671004,1,0,0.0,0.0,0.0
559,16.785,2152.13889438,354.59671645,1,0,0.0,0.0,0.0
560,16.815,2156.44565353,355.38151636,1,0,0.0,0.0,0.0
561,16.845,2160.76612973,356.2164487,1,0,0.0,0.0,0.0
562,16.875,2165.10116687,357.07588334,1,0,0.0,0.0,0.0
563,16.905,2169.45241345,357.97997633,1,0,0.0,0.0,0.0
564,16.935,2173.8210793,358.94601341,1,0,0.0,0.0,0.0
565,16.965,2178.20915823,359.96197696,1,0,0.0,0.0,0.0
566,16.995,2182.6190507,361.05391745,1,0,0.0,0.0,0.0
567,17.025,2187.05325826,362.27057912,1,0,0.0,0.0,0.0
568,17.055,2191.5154355,363.62911014,1,0,0.0,0.0,0.0
569,17.085,2196.01132258,365.20587703,1,0,0.0,0.0,0.0
570,17.115,2200.55052033,367.24722449,1,0,0.0,0.0,0.0
571,17.145,2205.15800467,370.93731809,1,0,0.0,0.0,0.0
572,17.175,2209.86095038,372.33807047,1,0,0.03271664,0.0,0.0
573,17.205,2214.55846475,372.4056874,1,0,0.0,0.0,0.0
574,17.235,2219.24840745,372.47243903,1,0,0.0,0.0,0.0
575,17.265,2223.93074504,372.53919067,1,0,0.0,0.0,0.0
576,17.295,2228.60547752,372.6059423,1,0,0.0,0.0,0.0
577,17.325,2233.27260488,372.67269394,1,0,0.0,0.0,0.0
578,17.355,2237.93215039,372.74072446,1,0,0.0,0.0,0.0
579,17.385,2242.58389015,372.80751487,1,0,0.0,0.0,0.0
580,17.415,2247.22729569,372.8740147,1,0,0.0,0.0,0.0
581,17.445,2251.86236274,372.94051453,1,0,0.0,0.0,0.0
582,17.475,2256.48909129,373.00701436,1,0,0.0,0.0,0.0
583,17.505,2261.10748135,373.07351419,1,0,0.0,0.0,0.0
584,17.535,2265.7173768,373.13837364,1,0,0.0,0.0,0.0
585,17.565,2270.31793148,373.201754,1,0,0.0,0.0,0.0
586,17.595,2274.90901846,373.26513437,1,0,0.0,0.0,0.0
587,17.625,2279.49063776,373.32851473,1,0,0.0,0.0,0.0
588,17.655,2284.06278936,373.3918951,1,0,0.0,0.0,0.0
589,17.685,2287.65755982,373.44638114,1,0,0.0,0.0,0.0
590,17.715,2288.2478143,373.47775773,1,0,0.0,0.0,0.0
591,17.745,2288.8252413,373.50913432,1,0,0.0,0.0,0.0
592,17.775,2289.38984081,373.54051091,1,0,0.0,0.0,0.0
593,17.805,2289.94160608,373.57159896,1,0,0.0,0.0,0.0
594,17.835,2290.47957494,373.59978531,1,0,0.0,0.0,0.0
595,17.865,2291.00306387,373.62797167,1,0,0.0,0.0,0.0
596,17.895,2291.51207287,373.65615802,1,0,0.0,0.0,0.0
597,17.925,2292.00659936,373.68418357,1,0,0.0,0.0,0.0
598,17.955,2292.48550639,373.70914589,1,0,0.0,0.5,4.0
599,17.985,2292.94785647,373.73410822,1,0,0.0,0.5,4.0
600,18.015,2293.3936496,373.75907054,1,0,0.0,0.5,4.0
601,18.045,2293.82258892,373.7825043,1,0,0.0,0.5,4.0
602,18.075,2294.2326571,373.80421111,1,0,0.0,0.5,4.0
603,18.105,2294.62347523,373.82591791,1,0,0.0,0.5,4.0
604,18.135,2294.99481327,373.84645868,1,0,0.0,0.5,4.0
605,18.165,2295.34401031,373.86488109,1,0,0.0,0.5,4.0
606,18.195,2295.67030713,373.88330351,1,0,0.0,0.5,4.0
607,18.225,2295.97237841,373.89937117,1,0,0.0,0.5,4.0
608,18.255,2296.2487598,373.87879669,1,0,0.0,0.5,4.0
609,18.285,2296.5116139,373.8202035,1,0,0.0,0.5,4.0
610,18.315,2296.75710953,373.76008544,1,0,0.0,0.5,4.0
611,18.345,2296.97905398,373.69711284,1,0,0.0,0.5,4.0
612,18.375,2297.16118412,373.63148305,1,0,0.0,0.5,4.0
613,18.405,2297.26486684,373.56042549,1,0,0.0,0.5,4.0
614,18.435,2297.37366917,373.48853634,1,0,0.0,0.5,4.0
615,18.465,2297.50060886,373.41717482,1,0,0.0,1.0,6.0
616,18.495,2297.64576554,373.34606136,1,0,0.0,1.0,6.0
617,18.525,2297.80915287,373.2752877,1,0,0.0,1.0,6.0
618,18.555,2297.9908812,373.20522862,1,0,0.0,1.5,8.0
619,18.585,2298.19098581,373.13516953,1,0,0.0,1.5,8.0
620,18.615,2298.40878753,373.06780706,1,0,0.0,1.5,8.0
621,18.645,2298.64316059,373.000871,1,0,0.0,1.5,8.0
622,18.675,2298.89414829,372.93476187,1,0,0.0,1.5,8.0
623,18.705,2299.16181531,372.8686676,1,0,0.0,1.5,8.0
624,18.735,2299.44616166,372.80257334,1,0,0.0,1.5,8.0
625,18.765,2299.74718734,372.73647907,1,0,0.0,1.5,8.0
626,18.795,2300.06490332,372.67078067,1,0,0.0,1.5,8.0
627,18.825,2300.39943006,372.60577101,1,0,0.0,1.5,8.0
628,18.855,2300.75080076,372.54076136,1,0,0.0,1.5,8.0
629,18.885,2301.11903998,372.47629035,1,0,0.0,1.5,8.0
630,18.915,2301.50425216,372.41219272,1,0,0.0,1.5,8.0
631,18.945,2301.90644912,372.34809509,1,0,0.0,1.5,8.0
632,18.975,2302.32563086,372.28399745,1,0,0.0,1.5,8.0
633,19.005,2302.76124515,372.22257164,1,0,0.0,1.5,8.0
634,19.035,2303.21238036,372.16156422,1,0,0.0,1.5,8.0
635,19.065,2303.67905747,372.10125985,1,0,0.0,2.0,8.0
636,19.095,2304.16141373,372.04170148,1,0,0.0,2.0,8.0
637,19.125,2304.6595682,371.98274821,1,0,0.0,2.0,8.0
638,19.155,2305.1735516,371.92379494,1,0,0.0,2.0,8.0
639,19.185,2305.70336392,371.86484167,1,0,0.0,2.0,8.0
640,19.215,2306.24900517,371.8058884,1,0,0.0,2.0,8.0
641,19.245,2306.81047535,371.74693513,1,0,0.0,2.0,8.0
642,19.275,2307.38777446,371.68798186,1,0,0.0,2.0,8.0
643,19.305,2307.98090961,371.62942916,1,0,0.0,2.0,8.0
644,19.335,2308.59010233,371.57259563,1,0,0.0,2.0,8.0
645,19.365,2309.21546626,371.5157621,1,0,0.0,2.0,8.0
646,19.395,2309.8570014,371.45892857,1,0,0.0,2.0,8.0
647,19.425,2310.51454243,371.40368273,1,0,0.0,2.0,8.0
648,19.455,2311.18717058,371.349906,1,0,0.0,2.0,8.0
649,19.485,2311.87474428,371.29612927,1,0,0.0,2.0,8.0
650,19.515,2312.57727389,371.24270364,1,0,0.0,2.0,8.0
651,19.545,2313.29487951,371.18991812,1,0,0.0,2.0,8.0
652,19.575,2314.02766631,371.13813822,1,0,0.0,2.5,10.0
653,19.605,2314.77576204,371.08655116,1,0,0.0,2.5,10.0
654,19.635,2315.53916931,371.0349641,1,0,0.0,2.5,10.0
655,19.665,2316.31788811,370.98337705,1,0,0.0,2.5,10.0
656,19.695,2317.11191845,370.93178999,1,0,0.0,2.5,10.0
657,19.725,2317.92129197,370.88081601,1,0,0.0,3.0,12.0
658,19.755,2318.74613946,370.83025316,1,0,0.0,3.0,12.0
659,19.785,2319.58647515,370.77969032,1,0,0.0,3.0,12.0
660,19.815,2320.44236796,370.73012026,1,0,0.0,3.0,12.0
661,19.845,2321.3139616,370.68080339,1,0,0.0,3.0,12.0
662,19.875,2322.20126056,370.63148652,1,0,0.0,3.0,12.0
663,19.905,2323.10389127,370.58474675,1,0,0.0,3.0,12.0
664,19.935,2324.02129356,370.53945052,1,0,0.0,3.0,12.0
665,19.965,2324.95354255,370.4941543,1,0,0.0,3.0,12.0
666,19.995,2325.90063825,370.44885807,1,0,0.0,3.0,12.0
667,20.025,2326.86258062,370.40356184,1,0,0.0,3.0,12.0
668,20.055,2327.83948815,370.35956043,1,0,0.0,3.5,14.0
669,20.085,2328.8314872,370.31581373,1,0,0.0,3.5,14.0
670,20.115,2329.83868875,370.27266158,1,0,0.0,3.5,14.0
671,20.145,2330.86113141,370.22950943,1,0,0.0,3.5,14.0
672,20.175,2331.89881519,370.18635728,1,0,0.0,3.5,14.0
673,20.205,2332.95174083,370.1432822,1,0,0.0,4.0,14.0
674,20.235,2334.01999175,370.10087597,1,0,0.0,4.0,14.0
675,20.265,2335.10364922,370.05904612,1,0,0.0,4.0,14.0
676,20.295,2336.20289631,370.01792434,1,0,0.0,4.0,14.0
677,20.325,2337.31777025,369.97680255,1,0,0.0,4.0,14.0
678,20.355,2338.44834358,369.9364349,1,0,0.0,4.0,14.0
679,20.385,2339.59469235,369.89607626,1,0,0.0,4.0,14.0
680,20.415,2340.7564739,369.85834081,1,0,0.0,4.0,14.0
681,20.445,2341.9331478,369.82097109,1,0,0.0,4.0,14.0
682,20.475,2343.12486915,369.7854016,1,0,0.0,4.0,14.0
683,20.505,2344.3318677,369.75001903,1,0,0.0,4.0,14.0
684,20.535,2345.55414546,369.71463646,1,0,0.0,4.0,14.0
685,20.565,2346.79170245,369.67925451,1,0,0.0,4.5,16.0
686,20.595,2348.0446216,369.64467496,1,0,0.0,4.5,16.0
687,20.625,2349.31298808,369.61026381,1,0,0.0,4.5,16.0
688,20.655,2350.59695493,369.57686945,1,0,0.0,4.5,16.0
689,20.685,2351.89661422,369.54358348,1,0,0.0,4.5,16.0
690,20.715,2353.21207178,369.51101341,1,0,0.0,5.0,16.0
691,20.745,2354.54339262,369.47844334,1,0,0.0,5.0,16.0
692,20.775,2355.89057672,369.44587327,1,0,0.0,5.0,16.0
693,20.805,2357.25368152,369.41432212,1,0,0.0,5.0,16.0
694,20.835,2358.63303991,369.3838314,1,0,0.0,5.0,16.0
695,20.865,2360.02871397,369.35334067,1,0,0.0,5.0,16.0
696,20.895,2361.4407037,369.32284995,1,0,0.0,5.0,16.0
697,20.925,2362.86905069,369.29292419,1,0,0.0,5.0,16.0
698,20.955,2364.31375175,369.26544449,1,0,0.0,5.0,16.0
699,20.985,2365.77444952,369.24006073,1,0,0.0,5.0,16.0
700,21.015,2367.25118154,369.21471293,1,0,0.0,5.0,16.0
701,21.045,2368.74406066,369.19022275,1,0,0.0,5.0,16.0
702,21.075,2370.25318337,369.16573257,1,0,0.0,5.5,18.0
703,21.105,2371.77854988,369.14129231,1,0,0.0,5.5,18.0
704,21.135,2373.32036427,369.118616,1,0,0.0,5.5,18.0
705,21.165,2374.87894498,369.09637996,1,0,0.0,5.5,18.0
706,21.195,2376.45431777,369.07414392,1,0,0.0,5.5,18.0
707,21.225,2378.04648368,369.05199657,1,0,0.0,6.0,18.0
708,21.255,2379.65558236,369.03077756,1,0,0.0,6.0,18.0
709,21.285,2381.28190755,369.01087819,1,0,0.0,6.0,18.0
710,21.315,2382.92561994,368.99097883,1,0,0.0,6.0,18.0
711,21.345,2384.58679445,368.97181909,1,0,0.0,6.0,18.0
712,21.375,2386.26560772,368.95289217,1,0,0.0,6.0,18.0
713,21.405,2387.96208134,368.93435279,1,0,0.0,6.0,18.0
714,21.435,2389.67652927,368.91740077,1,0,0.0,6.0,18.0
715,21.465,2391.40926525,368.90092525,1,0,0.0,6.0,18.0
716,21.495,2393.16032059,368.88444972,1,0,0.0,6.0,18.0
717,21.525,2394.92971168,368.8687627,1,0,0.0,6.0,18.0
718,21.555,2396.71734758,368.85728681,1,0,0.0,6.5,20.0
719,21.585,2398.52334842,368.84627564,1,0,0.0,7.0,22.0
720,21.615,2400.3477558,368.83563692,1,0,0.0,7.0,22.0
721,21.645,2402.19081059,368.82568608,1,0,0.0,7.0,22.0
722,21.675,2404.05261115,368.8162651,1,0,0.0,7.0,22.0
723,21.705,2405.93355703,368.80835061,1,0,0.0,7.0,22.0
724,21.735,2407.83402646,368.80106867,1,0,0.0,7.5,22.0
725,21.765,2409.75407948,368.79378674,1,0,0.0,7.5,22.0
726,21.795,2411.69379879,368.78751312,1,0,0.0,7.5,22.0
727,21.825,2413.65386296,368.78299759,1,0,0.0,7.5,22.0
728,21.855,2415.63448765,368.77848205,1,0,0.0,7.5,22.0
729,21.885,2417.63584304,368.77498822,1,0,0.0,7.5,22.0
730,21.915,2419.65822409,368.77216205,1,0,0.0,7.5,22.0
731,21.945,2421.70213521,368.77085554,1,0,0.0,7.5,22.0
732,21.975,2423.7680736,368.7703995,1,0,0.0,7.5,22.0
733,22.005,2425.85616179,368.76994347,1,0,0.0,7.5,22.0
734,22.035,2427.96675206,368.77165103,1,0,0.0,7.5,22.0
735,22.065,2430.10078433,368.77420154,1,0,0.0,7.5,22.0
736,22.095,2432.25837485,368.77730743,1,0,0.0,8.0,24.0
737,22.125,2434.44001851,368.78162154,1,0,0.0,8.0,24.0
738,22.155,2436.64644282,368.78875947,1,0,0.0,8.0,24.0
739,22.185,2438.87791284,368.798605,1,0,0.0,8.0,24.0
740,22.215,2441.13456229,368.80886432,1,0,0.0,8.0,24.0
741,22.245,2443.41756374,368.82186277,1,0,0.0,8.5,24.0
742,22.275,2445.72764718,368.83503401,1,0,0.0,8.5,24.0
743,22.305,2448.06559569,368.85038895,1,0,0.0,9.0,24.0
744,22.335,2450.43271721,368.8668501,1,0,0.0,9.0,24.0
745,22.365,2452.83006673,368.88509545,1,0,0.0,9.0,24.0
746,22.395,2455.25923932,368.90504653,1,0,0.0,9.0,24.0
747,22.425,2457.72172557,368.9266163,1,0,0.0,9.0,24.0
748,22.455,2460.21987841,368.95029581,1,0,0.0,9.0,24.0
749,22.485,2462.75594071,368.97645477,1,0,0.0,9.0,24.0
750,22.515,2465.33331073,369.00464803,1,0,0.0,9.0,24.0
751,22.545,2467.95670674,369.03553021,1,0,0.0,9.0,24.0
752,22.575,2470.63308734,369.0698011,1,0,0.0,9.0,24.0
753,22.605,2473.37532252,369.10823135,1,0,0.0,9.5,26.0
754,22.635,2476.22873127,369.15401334,1,0,0.0,9.5,26.0
755,22.665,2479.15261495,369.20448839,1,0,0.0,9.5,26.0
756,22.695,2482.08354043,369.25496344,1,0,0.0,9.5,26.0
757,22.725,2485.02150771,369.30543848,1,0,0.0,9.5,26.0
758,22.755,2487.9665168,369.35591353,1,0,0.0,10.0,26.0
759,22.785,2490.91856769,369.40638858,1,0,0.0,10.0,26.0
760,22.815,2493.87758865,369.45833139,1,0,0.0,10.5,26.0
761,22.845,2496.84317061,369.51166873,1,0,0.0,10.5,26.0
762,22.875,2499.81524881,369.56500607,1,0,0.0,10.5,26.0
763,22.905,2502.79382327,369.61834341,1,0,0.0,10.5,26.0
764,22.935,2505.77889397,369.67168075,1,0,0.0,10.5,26.0
765,22.965,2508.77046091,369.72501809,1,0,0.0,10.5,26.0
766,22.995,2511.76852411,369.77835543,1,0,0.0,10.5,26.0
767,23.025,2514.77308355,369.83169278,1,0,0.0,10.5,26.0
768,23.055,2517.78413923,369.88503012,1,0,0.0,10.5,26.0
769,23.085,2520.80169117,369.93836746,1,0,0.0,10.5,26.0
770,23.115,2523.82573935,369.9917048,1,0,0.0,11.0,28.0
771,23.145,2526.85628377,370.04504214,1,0,0.0,11.0,28.0
772,23.175,2529.89332445,370.09837948,1,0,0.0,11.5,30.0
773,23.205,2532.93686137,370.15171682,1,0,0.0,11.5,30.0
774,23.235,2535.98689453,370.20505416,1,0,0.0,11.5,30.0
775,23.265,2539.04342395,370.2583915,1,0,0.0,12.0,30.0
776,23.295,2542.10644961,370.31172884,1,0,0.0,12.0,30.0
777,23.325,2545.17597152,370.36506618,1,0,0.0,12.5,30.0
778,23.355,2548.25198967,370.41840352,1,0,0.0,12.5,30.0
779,23.385,2551.33450407,370.47174086,1,0,0.0,12.5,30.0
780,23.415,2554.42351472,370.5250782,1,0,0.0,12.5,30.0
781,23.445,2557.51902161,370.57841554,1,0,0.0,12.5,30.0
782,23.475,2560.62102476,370.63175288,1,0,0.0,12.5,30.0
783,23.505,2563.72947355,370.6863731,1,0,0.0,12.5,30.0
784,23.535,2566.84399842,370.74254576,1,0,0.0,12.5,30.0
785,23.565,2569.96452529,370.79871841,1,0,0.0,12.5,30.0
786,23.595,2573.09105414,370.85489107,1,0,0.0,13.0,32.0
787,23.625,2576.22358498,370.91106372,1,0,0.0,13.0,32.0
788,23.655,2579.36211781,370.96723638,1,0,0.0,13.0,32.0
789,23.685,2582.50665263,371.02340904,1,0,0.0,13.5,32.0
790,23.715,2585.65718945,371.07958169,1,0,0.0,13.5,32.0
791,23.745,2588.81372825,371.13575435,1,0,0.0,14.0,32.0
792,23.775,2591.97626904,371.19192701,1,0,0.0,14.0,32.0
793,23.805,2595.14481182,371.24809966,1,0,0.0,14.5,32.0
794,23.835,2598.31935659,371.30427232,1,0,0.0,15.0,35.0
795,23.865,2601.49990335,371.36044498,1,0,0.0,15.5,37.0
796,23.895,2604.6864521,371.41661763,1,0,0.0,15.5,37.0
797,23.925,2607.87900284,371.47279029,1,0,0.0,15.5,37.0
798,23.955,2611.07755557,371.52896294,1,0,0.0,16.0,39.0
799,23.985,2614.28211029,371.5851356,1,0,0.0,16.0,39.0
800,24.015,2617.492667,371.64130826,1,0,0.0,16.0,39.0
801,24.045,2620.70922571,371.69748091,1,0,0.0,16.5,41.0
802,24.075,2623.9317864,371.75365357,1,0,0.0,16.5,41.0
803,24.105,2627.16034908,371.80982623,1,0,0.0,17.0,43.0
804,24.135,2630.39491375,371.86599888,1,0,0.0,17.0,43.0
805,24.165,2633.6354804,371.92217154,1,0,0.0,17.5,43.0
806,24.195,2636.88204905,371.9783442,1,0,0.0,17.5,43.0
807,24.225,2640.13460315,372.03527792,1,0,0.0,17.5,43.0
808,24.255,2643.39282808,372.09426072,1,0,0.0,18.0,43.0
809,24.285,2646.65660393,372.15324351,1,0,0.0,18.0,43.0
810,24.315,2649.92593069,372.21222631,1,0,0.0,18.5,43.0
811,24.345,2653.20080838,372.27120911,1,0,0.0,18.5,43.0
812,24.375,2656.48123698,372.3301919,1,0,0.0,18.5,43.0
813,24.405,2659.7672165,372.3891747,1,0,0.0,18.5,43.0
814,24.435,2663.05874693,372.4481575,1,0,0.0,18.5,43.0
815,24.465,2666.35582829,372.5071403,1,0,0.0,18.5,43.0
816,24.495,2669.65846056,372.56612309,1,0,0.0,18.5,43.0
817,24.525,2672.96664375,372.62510589,1,0,0.0,18.5,43.0
818,24.555,2676.28037786,372.68408869,1,0,0.0,18.5,43.0
819,24.585,2679.59966288,372.74307148,1,0,0.0,18.5,43.0
820,24.615,2682.92449883,372.80205428,1,0,0.0,19.0,45.0
821,24.645,2686.25488569,372.86103708,1,0,0.0,19.0,45.0
822,24.675,2689.59082347,372.92001987,1,0,0.0,19.5,45.0
823,24.705,2692.93231216,372.97900267,1,0,0.0,19.5,45.0
824,24.735,2696.27935178,373.03798547,1,0,0.0,19.5,45.0
825,24.765,2699.63194231,373.09696827,1,0,0.0,20.0,45.0
826,24.795,2702.99008376,373.15595106,1,0,0.0,20.0,45.0
827,24.825,2706.35377613,373.21493386,1,0,0.0,20.5,45.0
828,24.855,2709.72301941,373.27391666,1,0,0.0,20.5,45.0
829,24.885,2713.09781362,373.33289945,1,0,0.0,20.5,45.0
830,24.915,2716.47815874,373.39188225,1,0,0.0,20.5,45.0
831,24.945,2719.86405478,373.45086505,1,0,0.0,20.5,45.0
832,24.975,2723.25550173,373.50985958,1,0,0.0,20.5,45.0
833,25.005,2726.65229058,373.57163039,1,0,0.0,20.5,45.0
834,25.035,2730.05421579,373.6334012,1,0,0.0,20.5,45.0
835,25.065,2733.46127736,373.69517202,1,0,0.0,20.5,45.0
836,25.095,2736.87347529,373.75694283,1,0,0.0,20.5,45.0
837,25.125,2740.29080958,373.81871364,1,0,0.0,21.0,47.0
838,25.155,2743.71328023,373.88048445,1,0,0.0,21.5,47.0
839,25.185,2747.14088724,373.94225526,1,0,0.0,21.5,47.0
840,25.215,2750.57363061,374.00402608,1,0,0.0,21.5,47.0
841,25.245,2754.01151034,374.06579689,1,0,0.0,21.5,47.0
842,25.275,2757.45439785,374.1339492,1,0,0.0,22.0,47.0
843,25.305,2760.97729273,369.77941394,1,0,0.0,22.0,47.0
844,25.335,2764.59532158,367.71095967,1,0,0.0,22.5,47.0
845,25.365,2768.27185579,366.2012381,1,0,0.0,22.5,47.0
846,25.395,2771.99490717,364.94323611,1,0,0.0,22.5,47.0
847,25.425,2775.75897598,363.8398972,1,0,0.0,22.5,47.0
848,25.455,2779.5596035,362.86005908,1,0,0.0,22.5,47.0
849,25.485,2783.39406015,361.95918338,1,0,0.0,22.5,47.0
850,25.515,2787.25991541,361.11385152,1,0,0.0,22.5,47.0
851,25.545,2791.15525904,360.32399179,1,0,0.0,22.5,47.0
852,25.575,2795.07885856,359.5888851,1,0,0.0,22.5,47.0
853,25.605,2799.0291537,358.87267931,1,0,0.0,22.5,47.0
854,25.635,2803.0054846,358.20739106,1,0,0.0,22.5,47.0
855,25.665,2807.0062899,357.55571014,1,0,0.0,23.0,47.0
856,25.695,2811.03114066,356.93982916,1,0,0.0,23.0,47.0
857,25.725,2815.07928411,356.33932237,1,0,0.0,23.0,47.0
858,25.755,2819.14898622,355.77494135,1,0,0.0,23.0,47.0
859,25.785,2823.23944355,355.22107135,1,0,0.0,23.0,47.0
860,25.815,2827.34968994,354.69443362,1,0,0.0,23.0,47.0
861,25.845,2831.47914806,354.17472347,1,0,0.0,23.5,47.0
862,25.875,2835.62735044,353.67704243,1,0,0.0,23.5,47.0
863,25.905,2839.79374301,353.18707003,1,0,0.0,23.5,47.0
864,25.935,2843.97806373,352.71188091,1,0,0.0,23.5,47.0
865,25.965,2848.17961258,352.25104553,1,0,0.0,23.5,47.0
866,25.995,2852.39806898,351.79596299,1,0,0.0,23.5,47.0
867,26.025,2856.63302064,351.35612311,1,0,0.0,23.5,47.0
868,26.055,2860.88425363,350.92132418,1,0,0.0,23.5,47.0
869,26.085,2865.15158297,350.4969585,1,0,0.0,23.5,47.0
870,26.115,2869.43453321,350.08518739,1,0,0.0,23.5,47.0
871,26.145,2873.73286337,349.67609235,1,0,0.0,23.5,47.0
872,26.175,2878.04629235,349.27759789,1,0,0.0,24.0,47.0
873,26.205,2882.37442371,348.88731032,1,0,0.0,24.5,49.0
874,26.235,2886.71709658,348.50135998,1,0,0.0,24.5,49.0
875,26.265,2891.07400551,348.1241366,1,0,0.0,24.5,49.0
876,26.295,2895.44480228,347.7530534,1,0,0.0,24.5,49.0
877,26.325,2899.82934842,347.38703735,1,0,0.0,24.5,49.0
878,26.355,2904.22732268,347.02820225,1,0,0.0,24.5,49.0
879,26.385,2908.63839146,346.67471565,1,0,0.0,24.5,49.0
880,26.415,2913.06242746,346.32608578,1,0,0.0,24.5,49.0
881,26.445,2917.49917292,345.98326441,1,0,0.0,24.5,49.0
882,26.475,2921.94836844,345.64591174,1,0,0.0,24.5,49.0
883,26.505,2926.40984842,345.31258672,1,0,0.0,24.5,49.0
884,26.535,2930.88333375,344.98392943,1,0,0.0,24.5,49.0
885,26.565,2935.36859782,344.66153926,1,0,0.0,24.5,49.0
886,26.595,2939.86496042,344.38728876,1,0,0.0,24.5,49.0
887,26.625,2944.36624859,344.1955507,1,0,0.0,24.5,49.0
888,26.655,2948.87064183,344.00998642,1,0,0.0,24.5,49.0
889,26.685,2953.37792918,343.82517243,1,0,0.0,24.5,49.0
890,26.715,2957.88810425,343.64035845,1,0,0.0,25.0,49.0
891,26.745,2962.40111385,343.45911563,1,0,0.0,25.0,49.0
892,26.775,2966.91672262,343.28074832,1,0,0.0,25.0,49.0
893,26.805,2971.43489837,343.10241303,1,0,0.0,25.0,49.0
894,26.835,2975.95560026,342.92490879,1,0,0.0,25.0,49.0
895,26.865,2980.47865048,342.75264838,1,0,0.0,25.0,49.0
896,26.895,2985.05173216,342.57593194,1,0,0.0,25.0,49.0
897,26.925,2989.69125337,342.39365709,1,0,0.0,25.0,49.0
898,26.955,2994.37034753,342.21167867,1,0,0.0,25.0,49.0
899,26.985,2999.0807615,342.02963338,1,0,0.0,25.0,49.0
900,27.015,3003.81793346,341.84497565,1,0,0.0,25.0,49.0
901,27.045,3008.57945595,341.65873402,1,0,0.0,25.0,49.0
902,27.075,3013.36245914,341.47609502,1,0,0.0,25.0,49.0
903,27.105,3018.1658492,341.29120389,1,0,0.0,25.0,49.0
904,27.135,3022.98764584,341.10559127,1,0,0.0,25.0,49.0
905,27.165,3027.82735731,340.92039535,1,0,0.0,25.0,49.0
906,27.195,3032.68324092,340.73657529,1,0,0.0,25.0,49.0
907,27.225,3037.55502587,340.55245962,1,0,0.0,25.0,49.0
908,27.255,3042.44171635,340.36560066,1,0,0.0,25.0,49.0
909,27.285,3047.34252065,340.18236257,1,0,0.0,25.0,49.0
910,27.315,3052.25961689,340.10889175,1,0,0.0,25.0,49.0
911,27.345,3057.19711306,340.06116066,1,0,0.0,25.0,49.0
912,27.375,3062.15488476,340.01355376,1,0,0.0,25.0,49.0
913,27.405,3067.13267826,339.9679208,1,0,0.0,25.0,49.0
914,27.435,3072.12931004,339.91908937,1,0,0.0,25.0,49.0
915,27.465,3077.14448689,339.87030053,1,0,0.0,25.0,49.0
916,27.495,3082.17818086,339.82195017,1,0,0.0,25.0,49.0
917,27.525,3087.22947511,339.77175257,1,0,0.0,25.0,49.0
918,27.555,3092.29781109,339.72155497,1,0,0.0,25.0,49.0
919,27.585,3097.38317078,339.67152932,1,0,0.0,25.0,49.0
920,27.615,3102.48528969,339.6197699,1,0,0.0,25.0,49.0
921,27.645,3107.60316926,339.56823991,1,0,0.0,25.0,49.0
922,27.675,3112.73667683,339.51670993,1,0,0.0,25.0,49.0
923,27.705,3117.8858124,339.46517994,1,0,0.0,25.0,49.0
924,27.735,3123.05013479,339.41066989,1,0,0.0,25.0,49.0
925,27.765,3128.22882442,339.35771078,1,0,0.0,25.0,49.0
926,27.795,3133.42184364,339.30475167,1,0,0.0,25.0,49.0
927,27.825,3138.62917963,339.25086247,1,0,0.0,25.0,49.0
928,27.855,3143.85038433,339.19502737,1,0,0.0,25.0,49.0
929,27.885,3149.08477182,339.1405458,1,0,0.0,25.0,49.0
930,27.915,3154.33228335,339.08606422,1,0,0.0,25.0,49.0
931,27.945,3159.59287384,339.0297961,1,0,0.0,25.0,49.0
932,27.975,3164.86621125,338.97345777,1,0,0.0,25.0,49.0
933,28.005,3170.15167027,338.91714371,1,0,0.0,25.0,49.0
934,28.035,3175.44914136,338.86105953,1,0,0.0,25.0,49.0
935,28.065,3180.75852106,338.802504,1,0,0.0,25.0,49.0
936,28.095,3186.07958234,338.7461691,1,0,0.0,25.0,49.0
937,28.125,3191.41186688,338.68808257,1,0,0.0,25.0,49.0
938,28.155,3196.7551283,338.62900426,1,0,0.0,25.0,49.0
939,28.185,3202.10898664,338.55994084,1,0,0.0,25.0,49.0
940,28.215,3207.47310383,338.49373517,1,0,0.0,25.0,49.0
941,28.245,3212.84730572,338.42729597,1,0,0.0,25.0,49.0
942,28.275,3218.23124045,338.35837798,1,0,0.0,25.0,49.0
943,28.305,3223.62461577,338.28762212,1,0,0.0,25.0,49.0
944,28.335,3229.027215,338.21972741,1,0,0.0,25.0,49.0
945,28.365,3234.43890545,338.1524073,1,0,0.0,25.0,49.0
946,28.395,3239.8596413,338.08307111,1,0,0.0,25.0,49.0
947,28.425,3245.28890962,338.01040086,1,0,0.0,25.0,49.0
948,28.455,3250.72641778,337.94074877,1,0,0.0,25.0,49.0
949,28.485,3256.17203439,337.87150517,1,0,0.0,25.0,49.0
950,28.515,3261.62573514,337.80126035,1,0,0.0,25.0,49.0
951,28.545,3267.08730799,337.72870925,1,0,0.0,25.0,49.0
952,28.575,3272.55629724,337.6572525,1,0,0.0,25.0,49.0
953,28.605,3278.03244113,337.5860335,1,0,0.0,25.0,49.0
954,28.635,3283.51568546,337.51381423,1,0,0.0,25.0,49.0
955,28.665,3289.00584566,337.43980258,1,0,0.0,25.0,49.0
956,28.695,3294.50274951,337.36929823,1,0,0.0,25.0,49.0
957,28.725,3300.00609819,337.29667487,1,0,0.0,25.0,49.0
958,28.755,3305.51558823,337.2223072,1,0,0.0,25.0,49.0
959,28.785,3311.03105755,337.14645233,1,0,0.0,25.0,49.0
960,28.815,3316.55232141,337.07391794,1,0,0.0,25.0,49.0
961,28.845,3322.07918311,337.00172005,1,0,0.0,25.0,49.0
962,28.875,3327.61158883,336.92717415,1,0,0.0,25.0,49.0
963,28.905,3333.14913869,336.84953649,1,0,0.0,25.0,49.0
964,28.935,3338.69149999,336.77527148,1,0,0.0,25.0,49.0
965,28.965,3344.23855047,336.70127189,1,0,0.0,25.0,49.0
966,28.995,3349.79027216,336.62564583,1,0,0.0,25.0,49.0
967,29.025,3355.34645921,336.54973007,1,0,0.0,25.0,49.0
968,29.055,3360.90675062,336.47096536,1,0,0.0,25.0,49.0
969,29.085,3366.47057126,336.38693275,1,0,0.0,25.0,49.0
970,29.115,3372.0377781,336.30163743,1,0,0.0,25.0,49.0
971,29.145,3377.60813616,336.21630771,1,0,0.0,25.0,49.0
972,29.175,3383.18137446,336.13275364,1,0,0.0,25.0,49.0
973,29.205,3388.75739396,336.04965771,1,0,0.0,25.0,49.0
974,29.235,3394.33607346,335.96312579,1,0,0.0,25.0,49.0
975,29.265,3399.91692803,335.87642403,1,0,0.0,25.0,49.0
976,29.295,3405.49960615,335.79094752,1,0,0.0,25.0,49.0
977,29.325,3411.08406733,335.70547101,1,0,0.0,25.0,49.0
978,29.355,3416.67025783,335.61862851,1,0,0.0,25.0,49.0
979,29.385,3422.25772133,335.53345336,1,0,0.0,25.0,49.0
980,29.415,3427.84625755,335.4469654,1,0,0.0,25.0,49.0
981,29.445,3433.43560376,335.3596259,1,0,0.0,25.0,49.0
982,29.475,3439.0254983,335.27170306,1,0,0.0,25.0,49.0
983,29.505,3444.61555726,335.18414355,1,0,0.0,25.0,49.0
984,29.535,3450.20561884,335.09706598,1,0,0.0,25.0,49.0
985,29.565,3455.79555153,335.01059804,1,0,0.0,25.0,49.0
986,29.595,3461.38511396,334.92365425,1,0,0.0,25.0,49.0
987,29.625,3466.97371691,334.83400423,1,0,0.0,25.0,49.0
988,29.655,3472.56108997,334.74530331,1,0,0.0,25.0,49.0
989,29.685,3478.14706351,334.65742338,1,0,0.0,25.0,49.0
990,29.715,3483.73134466,334.5693421,1,0,0.0,25.0,49.0
991,29.745,3489.31341844,334.48089588,1,0,0.0,25.0,49.0
992,29.775,3494.89321609,334.39273934,1,0,0.0,25.0,49.0
993,29.805,3500.4391555,334.30774985,1,0,0.0,25.0,49.0
994,29.835,3505.94676755,334.22153731,1,0,0.0,25.0,49.0
995,29.865,3511.42967984,334.13713104,1,0,0.0,25.0,49.0
996,29.895,3516.89190422,334.05551851,1,0,0.0,25.0,49.0
997,29.925,3522.3353328,333.97708252,1,0,0.0,25.0,49.0
998,29.955,3527.761039,333.89620427,1,0,0.0,25.0,49.0
999,29.985,3533.16970394,333.80972545,1,0,0.0,25.0,49.0
1000,30.015,3538.56109861,333.72490927,1,0,0.0,25.0,49.0
1001,30.045,3543.93540481,333.64055796,1,0,0.0,25.0,49.0
1002,30.075,3549.29222884,333.55481914,1,0,0.0,25.0,49.0
1003,30.105,3554.63124246,333.47320361,1,0,0.0,25.0,49.0
1004,30.135,3559.95146738,333.39404675,1,0,0.0,25.0,49.0
1005,30.165,3565.25168591,333.3144366,1,0,0.0,25.0,49.0
1006,30.195,3570.5294444,333.23572221,1,0,0.0,25.0,49.0
1007,30.225,3575.77868346,333.16018835,1,0,0.0,25.0,49.0
1008,30.255,3580.98643895,333.09032547,1,0,0.0,25.0,49.0
1009,30.285,3586.1821949,333.01821651,1,0,0.0,25.25,50.0
1010,30.315,3591.37002257,332.94752066,1,0,0.0,25.5,51.0
1011,30.345,3596.55017359,332.87696399,1,0,0.0,25.5,51.0
1012,30.375,3601.72263749,332.80711107,1,0,0.0,25.5,51.0
1013,30.405,3606.88709751,332.73273416,1,0,0.0,25.5,51.0
1014,30.435,3612.04353583,332.65795543,1,0,0.0,25.5,51.0
1015,30.465,3617.19190379,332.5860682,1,0,0.0,25.5,51.0
1016,30.495,3622.33192752,332.50965801,1,0,0.0,25.5,51.0
1017,30.525,3627.46369398,332.43370809,1,0,0.0,25.5,51.0
1018,30.555,3632.58699101,332.35992063,1,0,0.0,25.5,51.0
1019,30.585,3637.70168267,332.28379317,1,0,0.0,25.5,51.0
1020,30.615,3642.80761163,332.20440639,1,0,0.0,25.5,51.0
1021,30.645,3647.90433673,332.12532238,1,0,0.0,25.5,51.0
1022,30.675,3652.99184054,332.0468287,1,0,0.0,25.5,51.0
1023,30.705,3658.06972103,331.96434579,1,0,0.0,25.5,51.0
1024,30.735,3663.13780039,331.88235,1,0,0.0,25.5,51.0
1025,30.765,3668.1959388,331.8032186,1,0,0.0,25.5,51.0
1026,30.795,3673.24375128,331.71877036,1,0,0.0,25.5,51.0
1027,30.825,3678.28084382,331.63267534,1,0,0.0,25.5,51.0
1028,30.855,3683.30669809,331.5476977,1,0,0.0,25.5,51.0
1029,30.885,3688.32120267,331.45949569,1,0,0.0,25.5,51.0
1030,30.915,3693.3234935,331.36558697,1,0,0.0,25.5,51.0
1031,30.945,3698.31311301,331.27104526,1,0,0.0,25.75,52.0
1032,30.975,3703.28950383,331.1737113,1,0,0.0,25.75,52.0
1033,31.005,3708.25207352,331.07464512,1,0,0.0,25.75,52.0
1034,31.035,3713.20004381,330.97492298,1,0,0.0,25.75,52.0
1035,31.065,3718.13250273,330.87159019,1,0,0.0,26.0,53.0
1036,31.095,3723.04849337,330.76647844,1,0,0.0,26.0,53.0
1037,31.125,3727.92542206,330.66273849,1,0,0.0,26.0,53.0
1038,31.155,3732.60768031,330.55097337,1,0,0.0,26.0,53.0
1039,31.185,3737.1825628,330.53763239,1,0,0.0,26.0,53.0
1040,31.215,3741.67292257,330.52849681,1,0,0.0,26.25,54.0
1041,31.245,3746.10355662,330.50483203,1,0,0.0,26.5,54.0
1042,31.275,3750.48127403,330.47958538,1,0,0.0,26.5,54.0
1043,31.305,3754.80603462,330.44957667,1,0,0.0,26.5,54.0
1044,31.335,3759.07962973,330.40902962,1,0,0.0,27.0,54.0
1045,31.365,3763.31297235,330.36759528,1,0,0.0,27.0,54.0
1046,31.395,3767.50755868,330.31390157,1,0,0.0,27.0,54.0
1047,31.425,3771.66307174,330.25793285,1,0,0.0,27.0,54.0
1048,31.455,3775.77943573,330.19341267,1,0,0.0,27.0,54.0
1049,31.485,3779.85627288,330.11698666,1,0,0.0,27.25,54.0
1050,31.515,3783.89892555,330.03398473,1,0,0.0,27.5,54.0
1051,31.545,3787.90957048,329.93612286,1,0,0.0,27.5,54.0
1052,31.575,3791.88801194,329.83573363,1,0,0.0,27.5,54.0
1053,31.605,3795.83381667,329.71563436,1,0,0.0,27.5,54.0
1054,31.635,3799.74671599,329.59205187,1,0,0.0,27.5,54.0
1055,31.665,3803.62617577,329.44614605,1,0,0.0,27.5,54.0
1056,31.695,3807.47220791,329.28803415,1,0,0.0,27.5,54.0
1057,31.725,3811.28783667,329.10560964,1,0,0.0,27.75,55.0
1058,31.755,3815.07366109,328.90051992,1,0,0.0,27.75,55.0
1059,31.785,3818.82876935,328.67796149,1,0,0.0,28.0,56.0
1060,31.815,3822.55224869,328.4113491,1,0,0.0,28.0,56.0
1061,31.845,3826.2431055,328.10824205,1,0,0.0,28.25,56.0
1062,31.875,3829.89838284,327.44998973,1,0,0.0,28.25,56.0
1063,31.905,3833.50053335,326.19194301,1,0,0.0,28.25,56.0
1064,31.935,3837.04006922,324.69250578,1,0,0.0,28.5,56.0
1065,31.965,3840.5090756,322.77067926,1,0,0.0,28.5,56.0
1066,31.995,3843.88350612,318.84262648,1,0,0.0,28.5,56.0
1067,32.025,3847.13968041,317.91370498,1,0,0.0,28.5,56.0
1068,32.055,3850.37690764,317.94184947,1,0,0.0,28.5,56.0
1069,32.085,3853.59599485,317.97016559,1,0,0.0,28.5,56.0
1070,32.115,3856.79698506,317.99872897,1,0,0.0,28.5,56.0
1071,32.145,3859.9797825,318.02427363,1,0,0.0,28.5,56.0
1072,32.175,3863.14424725,318.05249062,1,0,0.0,28.5,56.0
1073,32.205,3866.29025739,318.08164207,1,0,0.0,28.5,56.0
1074,32.235,3869.4178884,318.11064228,1,0,0.0,28.5,56.0
1075,32.265,3872.52896592,318.13713373,1,0,0.0,28.5,56.0
1076,32.295,3875.62433179,318.16362518,1,0,0.0,28.5,56.0
1077,32.325,3878.70398602,318.19011663,1,0,0.0,29.0,56.0
1078,32.355,3881.76789472,318.21497273,1,0,0.0,29.0,56.0
1079,32.385,3884.8160103,318.23972452,1,0,0.0,29.0,56.0
1080,32.415,3887.84835644,318.26447632,1,0,0.0,29.0,56.0
1081,32.445,3890.86493317,318.28922812,1,0,0.0,29.0,56.0
1082,32.475,3893.86574047,318.31397991,1,0,0.0,29.0,56.0
1083,32.505,3896.85079589,318.33922213,1,0,0.0,29.0,56.0
1084,32.535,3899.82013497,318.36458279,1,0,0.0,29.0,56.0
1085,32.565,3902.77375469,318.38926298,1,0,0.0,29.25,57.0
1086,32.595,3905.71242262,318.4090313,1,0,0.0,29.25,57.0
1087,32.625,3908.63733384,318.4288822,1,0,0.0,29.25,57.0
1088,32.655,3911.54853057,318.44926997,1,0,0.0,29.5,57.0
1089,32.685,3914.44603265,318.46965775,1,0,0.0,29.75,58.0
1090,32.715,3917.32984006,318.49004553,1,0,0.0,29.75,58.0
1091,32.745,3920.19995281,318.5104333,1,0,0.0,29.75,58.0
1092,32.775,3923.05637429,318.5310499,1,0,0.0,30.0,59.0
1093,32.805,3925.89908447,318.54940014,1,0,0.0,30.0,59.0
1094,32.835,3928.72800695,318.56796348,1,0,0.0,30.25,60.0
1095,32.865,3931.54317581,318.58652683,1,0,0.0,30.25,60.0
1096,32.895,3934.34459106,318.60509017,1,0,0.0,30.25,60.0
1097,32.925,3937.13225934,318.62398381,1,0,0.0,30.25,60.0
1098,32.955,3939.90624218,318.64262423,1,0,0.0,30.25,60.0
1099,32.985,3942.66761002,318.65862924,1,0,0.0,30.25,60.0
1100,33.015,3945.41691321,318.67335525,1,0,0.0,30.5,60.0
1101,33.045,3948.15399287,318.68589165,1,0,0.0,30.5,60.0
1102,33.075,3950.87885762,318.69975011,1,0,0.0,30.75,60.0
1103,33.105,3953.59157387,318.7138653,1,0,0.0,31.0,60.0
1104,33.135,3956.29214541,318.7279805,1,0,0.0,31.0,60.0
1105,33.165,3958.98057226,318.74209569,1,0,0.0,31.25,60.0
1106,33.195,3961.65676958,318.75847926,1,0,0.0,31.25,60.0
1107,33.225,3964.32058759,318.77578132,1,0,0.0,31.25,60.0
1108,33.255,3966.97195986,318.78976669,1,0,0.0,31.25,60.0
1109,33.285,3969.61078422,318.80363328,1,0,0.0,31.75,61.0
1110,33.315,3972.23709519,318.81853102,1,0,0.0,31.75,61.0
1111,33.345,3974.85093133,318.8334579,1,0,0.0,31.75,61.0
1112,33.375,3977.45229889,318.84873387,1,0,0.0,32.0,61.0
1113,33.405,3980.04190696,318.86116635,1,0,0.0,32.5,61.0
1114,33.435,3982.62043748,318.87359703,1,0,0.0,32.5,61.0
1115,33.465,3985.18785441,318.88367348,1,0,0.0,32.5,61.0
1116,33.495,3987.74401641,318.89226588,1,0,0.0,32.5,61.0
1117,33.525,3990.28891245,318.9011192,1,0,0.0,32.5,61.0
1118,33.555,3992.82259016,318.91110295,1,0,0.0,33.0,61.0
1119,33.585,3995.34510834,318.92145026,1,0,0.0,33.0,61.0
1120,33.615,3997.85647092,318.93179758,1,0,0.0,33.0,61.0
1121,33.645,4000.35667789,318.94214489,1,0,0.0,33.0,61.0
1122,33.675,4002.84571925,318.95139658,1,0,0.0,33.0,61.0
1123,33.705,4005.32345938,318.958437,1,0,0.0,33.0,61.0
1124,33.735,4007.7898573,318.96547742,1,0,0.0,33.25,62.0
1125,33.765,4010.24491299,318.97251784,1,0,0.0,33.5,62.0
1126,33.795,4012.68862766,318.97976766,1,0,0.0,33.75,63.0
1127,33.825,4015.12104538,318.98792176,1,0,0.0,34.0,63.0
1128,33.855,4017.54230377,318.99541119,1,0,0.0,34.0,63.0
1129,33.885,4019.95326606,319.00089202,1,0,0.0,34.25,63.0
1130,33.915,4022.35401502,319.00245397,1,0,0.0,34.25,63.0
1131,33.945,4024.7444628,319.00401592,1,0,0.0,34.25,63.0
1132,33.975,4027.12460943,319.00557787,1,0,0.0,34.25,63.0
1133,34.005,4029.49446205,319.00755636,1,0,0.0,34.5,63.0
1134,34.035,4031.85405077,319.00981976,1,0,0.0,34.5,63.0
1135,34.065,4034.20338903,319.01271895,1,0,0.0,34.5,63.0
1136,34.095,4036.54252559,319.01612596,1,0,0.0,34.5,63.0
1137,34.125,4038.87139529,319.01568724,1,0,0.0,34.5,63.0
1138,34.155,4041.18988735,319.01488077,1,0,0.0,34.5,63.0
1139,34.185,4043.49802709,319.01463453,1,0,0.0,34.5,63.0
1140,34.215,4045.79581536,319.01500022,1,0,0.0,34.5,63.0
1141,34.245,4048.08310268,319.01756079,1,0,0.0,34.5,63.0
1142,34.275,4050.35980916,319.0201267,1,0,0.0,34.5,63.0
1143,34.305,4052.62593479,319.02269262,1,0,0.0,34.5,63.0
1144,34.335,4054.8822105,319.06394965,1,0,0.0,34.75,63.0
1145,34.365,4057.13032287,319.1144596,1,0,0.0,35.25,63.0
1146,34.395,4059.37104541,319.16326951,1,0,0.0,35.25,63.0
1147,34.425,4061.60452416,319.21207941,1,0,0.0,35.25,63.0
1148,34.455,4063.83075913,319.26088931,1,0,0.0,35.25,63.0
1149,34.485,4066.04975033,319.30969922,1,0,0.0,35.25,63.0
1150,34.515,4068.26149774,319.35850912,1,0,0.0,35.25,63.0
1151,34.545,4070.46600138,319.40731902,1,0,0.0,35.25,63.0
1152,34.575,4072.66326124,319.45612893,1,0,0.0,35.5,64.0
1153,34.605,4074.85327732,319.50493883,1,0,0.0,35.5,64.0
1154,34.635,4077.03604962,319.55374874,1,0,0.0,35.75,64.0
1155,34.665,4079.25156772,319.60350157,1,0,0.0,35.75,64.0
1156,34.695,4081.62361511,319.65699258,1,0,0.0,35.75,64.0
1157,34.725,4084.07473847,319.71086091,1,0,0.0,36.25,64.0
1158,34.755,4086.59072341,319.76767804,1,0,0.0,36.5,65.0
1159,34.785,4089.15076518,319.82491016,1,0,0.0,36.5,65.0
1160,34.815,4091.75460346,319.88214227,1,0,0.0,36.5,65.0
1161,34.845,4094.40019231,319.94114213,1,0,0.0,36.5,65.0
1162,34.875,4097.07651951,320.0017246,1,0,0.0,36.75,65.0
1163,34.905,4099.78195163,320.06192941,1,0,0.0,36.75,65.0
1164,34.935,4102.51699365,320.1194636,1,0,0.0,36.75,65.0
1165,34.965,4105.28196402,320.17699778,1,0,0.0,36.75,65.0
1166,34.995,4108.07392559,320.23735352,1,0,0.0,36.75,65.0
1167,35.025,4110.88771539,320.29822063,1,0,0.0,36.75,65.0
1168,35.055,4113.72323693,320.35908775,1,0,0.0,37.5,66.0
1169,35.085,4116.58049021,320.41995486,1,0,0.0,37.5,66.0
1170,35.115,4119.45947523,320.48082198,1,0,0.0,37.75,66.0
1171,35.145,4122.360192,320.54168909,1,0,0.0,38.0,66.0
1172,35.175,4125.28078831,320.60533986,1,0,0.0,38.25,67.0
1173,35.205,4128.21794183,320.66951802,1,0,0.0,38.5,67.0
1174,35.235,4131.17158607,320.73369617,1,0,0.0,38.5,67.0
1175,35.265,4134.14171554,320.79830892,1,0,0.0,38.5,67.0
1176,35.295,4137.12821788,320.86490963,1,0,0.0,38.5,67.0
1177,35.325,4140.13098287,320.9319207,1,0,0.0,39.0,68.0
1178,35.355,4143.15000564,320.99893177,1,0,0.0,39.0,68.0
1179,35.385,4146.0682882,321.06490977,1,0,0.0,39.0,68.0
1180,35.415,4148.87463571,321.13014714,1,0,0.0,39.25,68.0
1181,35.445,4151.6099476,321.19435383,1,0,0.0,39.75,68.0
1182,35.475,4154.29859917,321.25622742,1,0,0.0,39.75,68.0
1183,35.505,4156.94889962,321.31668235,1,0,0.0,39.75,68.0
1184,35.535,4159.56139267,321.37554223,1,0,0.0,39.75,68.0
1185,35.565,4162.14291625,321.43119448,1,0,0.0,39.75,68.0
1186,35.595,4164.7014187,321.48670401,1,0,0.0,40.0,68.0
1187,35.625,4167.23691336,321.54221355,1,0,0.0,40.25,68.0
1188,35.655,4169.74832142,321.60063668,1,0,0.0,40.25,68.0
1189,35.685,4172.23435466,321.65848141,1,0,0.0,40.25,68.0
1190,35.715,4174.70073558,321.71391424,1,0,0.0,40.25,68.0
1191,35.745,4177.1496104,321.76934706,1,0,0.0,40.25,68.0
1192,35.775,4179.58097913,321.82477989,1,0,0.0,40.25,68.0
1193,35.805,4181.99484176,321.88021271,1,0,0.0,40.5,68.0
1194,35.835,4184.3911983,321.93564554,1,0,0.0,41.25,68.0
1195,35.865,4186.77024047,321.99018275,1,0,0.0,41.25,68.0
1196,35.895,4189.13562298,322.04230453,1,0,0.0,41.5,68.0
1197,35.925,4191.48874042,322.09442632,1,0,0.0,41.5,68.0
1198,35.955,4193.82859571,322.14970718,1,0,0.0,41.75,68.0
1199,35.985,4196.1541094,322.20505295,1,0,0.0,41.75,68.0
1200,36.015,4198.46528107,322.26039873,1,0,0.0,41.75,68.0
1201,36.045,4200.76211073,322.31574451,1,0,0.0,42.0,68.0
1202,36.075,4203.04459836,322.37109029,1,0,0.0,42.0,68.0
1203,36.105,4205.31438821,322.42331786,1,0,0.0,42.0,68.0
1204,36.135,4207.57356728,322.47382857,1,0,0.0,42.0,68.0
1205,36.165,4209.82262156,322.52290947,1,0,0.0,42.0,68.0
1206,36.195,4212.06162495,322.57199037,1,0,0.0,42.0,68.0
1207,36.225,4214.29057744,322.62107127,1,0,0.0,42.0,68.0
1208,36.255,4216.50947904,322.67015216,1,0,0.0,42.0,68.0
1209,36.285,4218.71781244,322.72175606,1,0,0.0,42.0,68.0
1210,36.315,4220.91447634,322.77402783,1,0,0.0,42.0,68.0
1211,36.345,4223.09955447,322.82613241,1,0,0.0,42.0,68.0
1212,36.375,4225.27485958,322.87781622,1,0,0.0,42.0,68.0
1213,36.405,4227.44092873,322.92969044,1,0,0.0,42.5,68.0
1214,36.435,4229.59776092,322.98156466,1,0,0.0,42.5,68.0
1215,36.465,4231.74535614,323.03343888,1,0,0.0,42.5,68.0
1216,36.495,4233.88371441,323.0853131,1,0,0.0,42.75,68.0
1217,36.525,4236.01283571,323.13718732,1,0,0.0,42.75,68.0
1218,36.555,4238.13272005,323.18906154,1,0,0.0,43.0,69.0
1219,36.585,4240.24336743,323.24093576,1,0,0.0,43.0,69.0
1220,36.615,4242.34477785,323.29280997,1,0,0.0,43.25,69.0
1221,36.645,4244.43704517,323.34445125,1,0,0.0,43.25,69.0
1222,36.675,4246.52072796,323.39625685,1,0,0.0,43.25,69.0
1223,36.705,4248.59589767,323.44806245,1,0,0.0,43.5,69.0
1224,36.735,4250.6625543,323.49986805,1,0,0.0,44.0,70.0
1225,36.765,4252.72069784,323.55167365,1,0,0.0,44.0,70.0
1226,36.795,4254.77035509,323.60257805,1,0,0.0,44.0,70.0
1227,36.825,4256.81193472,323.65143489,1,0,0.0,44.25,71.0
1228,36.855,4258.84557507,323.70029173,1,0,0.0,44.25,71.0
1229,36.885,4260.87127613,323.74914857,1,0,0.0,44.25,71.0
1230,36.915,4262.88903791,323.7980054,1,0,0.0,44.25,71.0
1231,36.945,4264.8988604,323.84686224,1,0,0.0,44.5,71.0
1232,36.975,4266.90078382,323.89501559,1,0,0.0,44.5,71.0
1233,37.005,4268.89592001,323.94068157,1,0,0.0,44.75,72.0
1234,37.035,4270.88477178,323.98634754,1,0,0.0,44.75,72.0
1235,37.065,4272.86709156,324.03407816,1,0,0.0,44.75,72.0
1236,37.095,4274.84206116,324.08286385,1,0,0.0,45.5,72.0
1237,37.125,4276.80961594,324.13164954,1,0,0.0,45.75,72.0
1238,37.155,4278.76975589,324.18043522,1,0,0.0,46.0,72.0
1239,37.185,4280.72248102,324.22922091,1,0,0.0,46.0,72.0
1240,37.215,4282.66779132,324.2780066,1,0,0.0,46.25,72.0
1241,37.245,4284.60568681,324.32679229,1,0,0.0,46.25,72.0
1242,37.275,4286.53616746,324.37557798,1,0,0.0,46.25,72.0
1243,37.305,4288.45923329,324.42436367,1,0,0.0,46.5,72.0
1244,37.335,4290.3748843,324.47314936,1,0,0.0,46.5,72.0
1245,37.365,4292.2835263,324.51949123,1,0,0.0,46.5,72.0
1246,37.395,4294.18607213,324.56512154,1,0,0.0,47.25,73.0
1247,37.425,4296.08254553,324.61138726,1,0,0.0,47.25,73.0
1248,37.455,4297.97284946,324.65921355,1,0,0.0,47.5,73.0
1249,37.485,4299.85688401,324.70773404,1,0,0.0,47.75,73.0
1250,37.515,4301.73454853,324.75609252,1,0,0.0,47.75,73.0
1251,37.545,4303.60550909,324.80477728,1,0,0.0,47.75,73.0
1252,37.575,4305.46974372,324.85346204,1,0,0.0,47.75,73.0
1253,37.605,4307.32725244,324.9021468,1,0,0.0,47.75,73.0
1254,37.635,4309.17803523,324.95083156,1,0,0.0,47.75,73.0
1255,37.665,4311.02209212,324.99951632,1,0,0.0,48.0,73.0
1256,37.695,4312.85942308,325.04820108,1,0,0.0,48.25,73.0
1257,37.725,4314.69002812,325.09688584,1,0,0.0,48.25,73.0
1258,37.755,4316.51391199,325.14528489,1,0,0.0,48.5,73.0
1259,37.785,4318.33173392,325.19084994,1,0,0.0,48.5,73.0
1260,37.815,4320.14396032,325.23641498,1,0,0.0,48.5,73.0
1261,37.845,4321.9505912,325.28198002,1,0,0.0,48.75,73.0
1262,37.875,4323.75162656,325.32754507,1,0,0.0,48.75,73.0
1263,37.905,4325.54706639,325.37311011,1,0,0.0,49.0,73.0
1264,37.935,4327.3369107,325.41867515,1,0,0.0,49.25,73.0
1265,37.965,4329.12115949,325.4642402,1,0,0.0,49.5,73.0
1266,37.995,4330.89962454,325.5118581,1,0,0.0,49.5,73.0
1267,38.025,4332.67170841,325.56047134,1,0,0.0,49.75,73.0
1268,38.055,4334.43736684,325.60908458,1,0,0.0,49.75,73.0
1269,38.085,4336.19659984,325.65769782,1,0,0.0,50.0,73.0
1270,38.115,4337.9494074,325.70631106,1,0,0.0,50.0,73.0
1271,38.145,4339.69578953,325.7549243,1,0,0.0,50.0,73.0
1272,38.175,4341.43574622,325.80353754,1,0,0.0,50.0,73.0
1273,38.205,4343.10661404,331.15269836,1,0,0.0,50.0,73.0
1274,38.235,4344.63278812,334.04429388,1,0,0.0,50.0,73.0
1275,38.265,4346.07128729,336.48114672,1,0,0.0,50.0,73.0
1276,38.295,4347.44755272,338.23359079,1,0,0.0,50.0,73.0
1277,38.325,4348.76778277,339.98603486,1,0,0.0,50.0,73.0
1278,38.355,4350.03392096,341.48823461,1,0,0.0,50.0,73.0
1279,38.385,4351.25698922,342.75403332,1,0,0.0,50.0,73.0
1280,38.415,4352.438722,344.01983203,1,0,0.0,50.0,73.0
1281,38.445,4353.57911929,345.28563075,1,0,0.0,50.25,73.0
1282,38.475,4354.67913804,346.42102014,1,0,0.0,50.25,73.0
1283,38.505,4355.74485985,347.41820625,1,0,0.0,50.25,73.0
1284,38.535,4356.776804,348.41833893,1,0,0.0,50.25,73.0
1285,38.565,4357.77474847,349.41981191,1,0,0.0,50.75,73.0
1286,38.595,4358.73861619,350.42168261,1,0,0.0,51.25,73.0
1287,38.625,4359.66865744,351.37016828,1,0,0.0,51.25,73.0
1288,38.655,4360.56861647,352.20066363,1,0,0.0,51.25,73.0
1289,38.685,4361.43973978,353.03084429,1,0,0.0,51.25,73.0
1290,38.715,4362.28251916,353.85829144,1,0,0.0,51.75,73.0
1291,38.745,4363.0972883,354.68573859,1,0,0.0,51.75,73.0
1292,38.775,4363.88404721,355.51318575,1,0,0.0,52.0,73.0
1293,38.805,4364.64279598,356.33977594,1,0,0.0,52.0,73.0
1294,38.835,4365.37538559,357.04885756,1,0,0.0,52.0,73.0
1295,38.865,4366.08361449,357.75793918,1,0,0.0,52.0,73.0
1296,38.895,4366.76990515,357.29283793,1,0,0.0,52.0,73.0
1297,38.925,4367.56587237,352.6515122,1,0,0.0,52.25,73.0
1298,38.955,4368.43926756,350.51387294,1,0,0.0,52.75,73.0
1299,38.985,4369.36183165,349.31735454,1,0,0.0,53.0,73.0
1300,39.015,4370.31162513,348.31537307,1,0,0.0,53.0,73.0
1301,39.045,4371.2889157,347.26160653,1,0,0.0,53.0,73.0
1302,39.075,4372.28889071,346.63381666,1,0,0.0,53.0,73.0
1303,39.105,4373.30335296,346.03328032,1,0,0.0,53.0,73.0
1304,39.135,4374.33227941,345.43274398,1,0,0.0,53.5,73.0
1305,39.165,4375.37567005,344.83220765,1,0,0.0,53.5,73.0
1306,39.195,4376.43010885,344.47806348,1,0,0.0,53.75,73.0
1307,39.225,4377.49110708,344.14484454,1,0,0.0,53.75,73.0
1308,39.255,4378.55909084,343.81116394,1,0,0.0,54.0,73.0
1309,39.285,4379.63407055,343.47467724,1,0,0.0,54.0,73.0
1310,39.315,4380.7171693,343.07498371,1,0,0.0,54.0,73.0
1311,39.345,4381.80789937,342.80232787,1,0,0.0,54.0,73.0
1312,39.375,4382.90263542,342.57400968,1,0,0.0,54.0,73.0
1313,39.405,4384.00120207,342.3456915,1,0,0.0,54.25,73.0
1314,39.435,4385.10359931,342.11737332,1,0,0.0,55.25,74.0
1315,39.465,4386.20982715,341.88905513,1,0,0.0,55.25,74.0
1316,39.495,4387.31988559,341.66073695,1,0,0.0,55.25,74.0
1317,39.525,4388.43342612,341.48414615,1,0,0.0,55.75,74.0
1318,39.555,4389.5477261,341.3741935,1,0,0.0,55.75,74.0
1319,39.585,4390.6623444,341.24307496,1,0,0.0,55.75,74.0
1320,39.615,4391.77850782,341.08115746,1,0,0.0,55.75,74.0
1321,39.645,4392.89639666,340.92195028,1,0,0.0,55.75,74.0
1322,39.675,4394.01549521,340.76528198,1,0,0.0,55.75,74.0
1323,39.705,4395.13565506,340.60928477,1,0,0.0,55.75,74.0
1324,39.735,4396.25686534,340.45416079,1,0,0.0,56.0,74.0
1325,39.765,4397.37781718,340.38338647,1,0,0.0,56.25,74.0
1326,39.795,4398.49767038,340.3109768,1,0,0.0,56.5,74.0
1327,39.825,4399.61657888,340.23703821,1,0,0.0,56.5,74.0
1328,39.855,4400.73483995,340.16178104,1,0,0.0,56.5,74.0
1329,39.885,4401.85249616,340.08652387,1,0,0.0,56.5,74.0
1330,39.915,4402.96986964,339.98232131,1,0,0.0,56.5,74.0
1331,39.945,4404.08792639,339.86511483,1,0,0.0,56.75,74.0
1332,39.975,4405.20673144,339.74790836,1,0,0.0,56.75,74.0
1333,40.005,4406.32605311,339.66187861,1,0,0.0,57.0,74.0
1334,40.035,4407.44433519,339.61068506,1,0,0.0,57.25,74.0
1335,40.065,4408.56128844,339.55949151,1,0,0.0,57.75,74.0
1336,40.095,4409.67691286,339.50829796,1,0,0.0,57.75,74.0
1337,40.125,4410.79120845,339.45710441,1,0,0.0,57.75,74.0
1338,40.155,4411.90417522,339.40591086,1,0,0.0,57.75,74.0
1339,40.185,4413.01581316,339.35471731,1,0,0.0,58.0,74.0
1340,40.215,4414.12612227,339.30352376,1,0,0.0,58.0,74.0
1341,40.245,4415.23510255,339.25233021,1,0,0.0,58.0,74.0
1342,40.275,4416.34299503,339.17249352,1,0,0.0,58.0,74.0
1343,40.305,4417.44958819,339.13315977,1,0,0.0,58.0,74.0
1344,40.335,4418.55383267,339.10229184,1,0,0.0,58.0,74.0
1345,40.365,4419.65596317,339.06863502,1,0,0.0,58.0,74.0
1346,40.395,4420.75629611,339.03481825,1,0,0.0,58.0,74.0
1347,40.425,4421.85483231,339.00100148,1,0,0.0,58.0,74.0
1348,40.455,4422.95157179,338.96718472,1,0,0.0,58.0,74.0
1349,40.485,4424.04651454,338.93336795,1,0,0.0,58.25,74.0
1350,40.515,4425.13966056,338.89955118,1,0,0.0,58.25,74.0
1351,40.545,4426.23100985,338.86573441,1,0,0.0,58.25,74.0
1352,40.575,4427.32056242,338.83191765,1,0,0.0,58.5,74.0
1353,40.605,4428.40830855,338.80312568,1,0,0.0,58.5,74.0
1354,40.635,4429.49343196,338.80898485,1,0,0.0,58.75,74.0
1355,40.665,4430.57601777,338.7865536,1,0,0.0,59.0,74.0
1356,40.695,4431.65674883,338.76289529,1,0,0.0,59.25,74.0
1357,40.725,4432.73565977,338.73923698,1,0,0.0,59.75,74.0
1358,40.755,4433.81273958,338.71627362,1,0,0.0,59.75,74.0
1359,40.785,4434.88791049,338.6941839,1,0,0.0,59.75,74.0
1360,40.815,4435.96110132,338.67354762,1,0,0.0,59.75,74.0
1361,40.845,4437.03226414,338.65291133,1,0,0.0,59.75,74.0
1362,40.875,4438.10139894,338.63227504,1,0,0.0,60.0,74.0
1363,40.905,4439.16848454,338.61250679,1,0,0.0,60.0,74.0
1364,40.935,4440.2331869,338.59476313,1,0,0.0,60.0,74.0
1365,40.965,4441.29536023,338.5876211,1,0,0.0,60.25,74.0
1366,40.995,4442.35456485,338.60151667,1,0,0.0,60.5,74.0
1367,41.025,4443.41065815,338.61541224,1,0,0.0,60.75,74.0
1368,41.055,4444.46366079,338.62381541,1,0,0.0,60.75,74.0
1369,41.085,4445.51413158,338.61309581,1,0,0.0,61.0,74.0
1370,41.115,4446.56232095,338.60237621,1,0,0.0,61.0,74.0
1371,41.145,4447.6082289,338.59165661,1,0,0.0,61.0,74.0
1372,41.175,4448.65185543,338.580937,1,0,0.0,61.25,74.0
1373,41.205,4449.69320054,338.5702174,1,0,0.0,61.5,74.0
1374,41.235,4450.73226423,338.5594978,1,0,0.0,61.75,74.0
1375,41.265,4451.76904651,338.54877819,1,0,0.0,61.75,74.0
1376,41.295,4452.80354736,338.53805859,1,0,0.0,62.0,74.0
1377,41.325,4453.83576679,338.52733899,1,0,0.0,62.0,74.0
1378,41.355,4454.86558063,338.53133953,1,0,0.0,62.0,74.0
1379,41.385,4455.89226792,338.54958114,1,0,0.0,62.0,74.0
1380,41.415,4456.91571243,338.56782276,1,0,0.0,62.25,74.0
1381,41.445,4457.93591416,338.58606437,1,0,0.0,62.25,74.0
1382,41.475,4458.95287312,338.60430598,1,0,0.0,62.25,74.0
1383,41.505,4459.96663725,338.61484848,1,0,0.0,62.75,75.0
1384,41.535,4460.97779339,338.61029974,1,0,0.0,63.0,75.0
1385,41.565,4461.9867448,338.60454149,1,0,0.0,63.75,75.0
1386,41.595,4462.99343038,338.6006662,1,0,0.0,63.75,75.0
1387,41.625,4463.99766284,338.59566532,1,0,0.0,63.75,75.0
1388,41.655,4464.99974473,338.58988301,1,0,0.0,63.75,75.0
1389,41.685,4465.99969323,338.5841007,1,0,0.0,64.0,75.0
1390,41.715,4466.99750833,338.5783184,1,0,0.0,64.0,75.0
1391,41.745,4467.99319004,338.57253609,1,0,0.0,64.0,75.0
1392,41.775,4468.98656145,338.58282514,1,0,0.0,64.0,75.0
1393,41.805,4469.97701957,338.60165801,1,0,0.0,64.0,75.0
1394,41.835,4470.96451438,338.62049088,1,0,0.0,64.25,75.0
1395,41.865,4471.9490459,338.63932375,1,0,0.0,64.5,75.0
1396,41.895,4472.93057717,338.65946109,1,0,0.0,64.5,75.0
1397,41.925,4473.90904038,338.68023233,1,0,0.0,64.5,75.0
1398,41.955,4474.88436311,338.70214498,1,0,0.0,64.5,75.0
1399,41.985,4475.85660503,338.71442556,1,0,0.0,64.5,75.0
1400,42.015,4476.8262474,338.71791359,1,0,0.0,64.75,75.0
1401,42.045,4477.79336335,338.72140161,1,0,0.0,65.0,75.0
1402,42.075,4478.75795286,338.72488963,1,0,0.0,65.0,75.0
1403,42.105,4479.72001595,338.72837766,1,0,0.0,65.25,75.0
1404,42.135,4480.67955261,338.73186568,1,0,0.0,65.5,75.0
1405,42.165,4481.63656284,338.7353537,1,0,0.0,65.75,75.0
1406,42.195,4482.59104665,338.73884172,1,0,0.0,65.75,75.0
1407,42.225,4483.54277565,338.75913338,1,0,0.0,65.75,75.0
1408,42.255,4484.4912678,338.78380581,1,0,0.0,66.0,75.0
1409,42.285,4485.43650892,338.80833408,1,0,0.0,66.0,75.0
1410,42.315,4486.37853589,338.8329855,1,0,0.0,66.0,75.0
1411,42.345,4487.31734408,338.85763692,1,0,0.0,66.0,75.0
1412,42.375,4488.25293352,338.88228834,1,0,0.0,66.0,75.0
1413,42.405,4489.18530418,338.90693976,1,0,0.0,66.0,75.0
1414,42.435,4490.11451313,338.92992286,1,0,0.0,66.0,75.0
1415,42.465,4491.04079939,338.95176921,1,0,0.0,66.0,75.0
1416,42.495,4491.9643409,338.96185949,1,0,0.0,66.0,75.0
1417,42.525,4492.88553869,338.96752277,1,0,0.0,66.25,75.0
1418,42.555,4493.80441424,338.97318605,1,0,0.0,66.5,75.0
1419,42.585,4494.72096755,338.97884933,1,0,0.0,66.5,75.0
1420,42.615,4495.63519863,338.98451261,1,0,0.0,66.5,75.0
1421,42.645,4496.54710747,338.99017589,1,0,0.0,66.5,75.0
1422,42.675,4497.45669407,338.99583917,1,0,0.0,66.75,75.0
1423,42.705,4498.3636671,339.01905293,1,0,0.0,67.25,75.0
1424,42.735,4499.26767648,339.04314083,1,0,0.0,67.5,75.0
1425,42.765,4500.16872149,339.06722873,1,0,0.0,67.5,75.0
1426,42.795,4501.06680212,339.09131662,1,0,0.0,67.5,75.0
1427,42.825,4501.96191837,339.11540452,1,0,0.0,67.5,75.0
1428,42.855,4502.85407025,339.13949242,1,0,0.0,67.75,75.0
1429,42.885,4503.74325775,339.16358032,1,0,0.0,67.75,75.0
1430,42.915,4504.62948087,339.18766822,1,0,0.0,67.75,75.0
1431,42.945,4505.51273962,339.21175612,1,0,0.0,68.0,75.0
1432,42.975,4506.393034,339.23584402,1,0,0.0,68.25,75.0
1433,43.005,4507.27040709,339.25863414,1,0,0.0,68.25,75.0
1434,43.035,4508.14532039,339.2684608,1,0,0.0,68.25,75.0
1435,43.065,4509.01776087,339.28019341,1,0,0.0,68.5,75.0
1436,43.095,4509.88760707,339.29307767,1,0,0.0,68.75,75.0
1437,43.125,4510.75483183,339.30596193,1,0,0.0,68.75,75.0
1438,43.155,4511.61943515,339.31884619,1,0,0.0,68.75,75.0
1439,43.185,4512.48141002,339.33425851,1,0,0.0,68.75,75.0
1440,43.215,4513.34039382,339.36332584,1,0,0.0,69.25,75.0
1441,43.245,4514.19618222,339.39239316,1,0,0.0,69.75,75.0
1442,43.275,4515.0487752,339.42146049,1,0,0.0,69.75,75.0
1443,43.305,4515.89817279,339.45052781,1,0,0.0,70.0,75.0
1444,43.335,4516.74437497,339.47959514,1,0,0.0,70.0,75.0
1445,43.365,4517.58745349,339.50674056,1,0,0.0,70.0,75.0
1446,43.395,4518.42762578,339.53300988,1,0,0.0,70.0,75.0
1447,43.425,4519.26490675,339.5592792,1,0,0.0,70.25,75.0
1448,43.455,4520.09929641,339.58554851,1,0,0.0,70.25,75.0
1449,43.485,4520.93079475,339.61181783,1,0,0.0,70.25,75.0
1450,43.515,4521.75940177,339.63808714,1,0,0.0,70.25,75.0
1451,43.545,4522.58511748,339.66435646,1,0,0.0,70.75,76.0
1452,43.575,4523.40797473,339.68584554,1,0,0.0,70.75,76.0
1453,43.605,4524.22831886,339.69932614,1,0,0.0,70.75,76.0
1454,43.635,4525.04624212,339.71280674,1,0,0.0,71.5,76.0
1455,43.665,4525.86174449,339.72628734,1,0,0.0,72.0,76.0
1456,43.695,4526.67482598,339.73976794,1,0,0.0,72.0,76.0
1457,43.725,4527.48543864,339.75941849,1,0,0.0,72.0,76.0
1458,43.755,4528.29334819,339.78466529,1,0,0.0,72.0,76.0
1459,43.785,4529.09868619,339.80969465,1,0,0.0,72.0,76.0
1460,43.815,4529.90127662,339.83749237,1,0,0.0,72.0,76.0
1461,43.845,4530.70095324,339.8652901,1,0,0.0,72.0,76.0
1462,43.875,4531.49771608,339.89308783,1,0,0.0,72.0,76.0
1463,43.905,4532.29156511,339.92088555,1,0,0.0,72.25,76.0
1464,43.935,4533.08250035,339.94868328,1,0,0.0,72.5,76.0
1465,43.965,4533.87052179,339.976481,1,0,0.0,72.5,76.0
1466,43.995,4534.65562944,340.00427873,1,0,0.0,72.5,76.0
1467,44.025,4535.43782329,340.03207645,1,0,0.0,72.5,76.0
1468,44.055,4536.21710335,340.05987418,1,0,0.0,72.5,76.0
1469,44.085,4536.9934696,340.08767191,1,0,0.0,73.0,76.0
1470,44.115,4537.76692207,340.11546963,1,0,0.0,73.0,76.0
1471,44.145,4538.53746062,340.143345,1,0,0.0,73.0,76.0
1472,44.175,4539.30519517,340.16269065,1,0,0.0,73.25,76.0
1473,44.205,4540.07034178,340.18080537,1,0,0.0,73.5,76.0
1474,44.235,4540.83284202,340.20032965,1,0,0.0,73.5,76.0
1475,44.265,4541.59265729,340.21985393,1,0,0.0,73.5,76.0
1476,44.295,4542.3496357,340.2496547,1,0,0.0,73.75,76.0
1477,44.325,4543.10358336,340.27946359,1,0,0.0,73.75,76.0
1478,44.355,4543.85466215,340.3089809,1,0,0.0,74.0,76.0
1479,44.385,4544.60287364,340.33849821,1,0,0.0,74.0,76.0
1480,44.415,4545.34821782,340.36801552,1,0,0.0,74.0,76.0
1481,44.445,4546.0906947,340.39753283,1,0,0.0,74.0,76.0
1482,44.475,4546.83030427,340.42705014,1,0,0.0,74.0,76.0
1483,44.505,4547.56708084,340.45531,1,0,0.0,74.0,76.0
1484,44.535,4548.30128134,340.48201162,1,0,0.0,74.0,76.0
1485,44.565,4549.03295844,340.50871323,1,0,0.0,74.0,76.0
1486,44.595,4549.76203387,340.53736882,1,0,0.0,74.0,76.0
1487,44.625,4550.48827814,340.56687515,1,0,0.0,74.0,76.0
1488,44.655,4551.21167643,340.59638148,1,0,0.0,74.25,76.0
1489,44.685,4551.93222874,340.62588781,1,0,0.0,74.25,76.0
1490,44.715,4552.64993507,340.65539414,1,0,0.0,74.5,76.0
1491,44.745,4553.36479541,340.68490047,1,0,0.0,74.5,76.0
1492,44.775,4554.07686671,340.70884125,1,0,0.0,74.75,76.0
1493,44.805,4554.78644642,340.72795362,1,0,0.0,75.0,76.0
1494,44.835,4555.49357739,340.74706599,1,0,0.0,75.0,76.0
1495,44.865,4556.1982396,340.76968223,1,0,0.0,75.25,76.0
1496,44.895,4556.90012633,340.80028739,1,0,0.0,75.25,76.0
1497,44.925,4557.59913348,340.83089254,1,0,0.0,75.5,76.0
1498,44.955,4558.29526105,340.8614977,1,0,0.0,75.5,76.0
1499,44.985,4558.98850905,340.89210286,1,0,0.0,75.75,76.0
1500,45.015,4559.67887747,340.92270802,1,0,0.0,75.75,76.0
1501,45.045,4560.36636631,340.95331317,1,0,0.0,75.75,76.0
1502,45.075,4561.05097558,340.98391833,1,0,0.0,76.25,76.0
1503,45.105,4561.73270527,341.01452349,1,0,0.0,76.25,76.0
1504,45.135,4562.41155539,341.04512865,1,0,0.0,76.25,76.0
1505,45.165,4563.08752592,341.0757338,1,0,0.0,76.75,76.0
1506,45.195,4563.76061689,341.10633896,1,0,0.0,77.0,76.0
1507,45.225,4564.43082827,341.13694412,1,0,0.0,77.0,76.0
1508,45.255,4565.09815616,341.21486748,1,0,0.0,77.25,76.0
1509,45.285,4565.69868804,344.44239025,1,0,0.0,77.75,76.0
1510,45.315,4566.2411826,345.85524421,1,0,0.0,77.75,76.0
1511,45.345,4566.74573146,346.93595868,1,0,0.0,78.0,76.0
1512,45.375,4567.21935056,347.866932,1,0,0.0,78.0,76.0
1513,45.405,4567.66624595,348.67643819,1,0,0.0,78.0,76.0
1514,45.435,4568.08858583,349.40045539,1,0,0.0,78.25,76.0
1515,45.465,4568.48902986,350.08682193,1,0,0.0,78.25,76.0
1516,45.495,4568.86838287,350.71622004,1,0,0.0,78.25,76.0
1517,45.525,4569.22825655,351.32626349,1,0,0.0,78.25,76.0
1518,45.555,4569.56906702,351.89812831,1,0,0.0,78.25,76.0
1519,45.585,4569.89236276,352.44202003,1,0,0.0,78.25,76.0
1520,45.615,4570.19833801,352.98074257,1,0,0.0,78.75,77.0
1521,45.645,4570.48796954,353.47258182,1,0,0.0,78.75,77.0
1522,45.675,4570.76192954,353.96442107,1,0,0.0,78.75,77.0
1523,45.705,4571.02029781,354.44183713,1,0,0.0,79.25,77.0
1524,45.735,4571.2640575,354.89165022,1,0,0.0,79.25,77.0
1525,45.765,4571.49350094,355.34146332,1,0,0.0,79.25,77.0
1526,45.795,4571.70868364,355.78043651,1,0,0.0,79.75,77.0
1527,45.825,4571.91041506,356.19563042,1,0,0.0,79.75,77.0
1528,45.855,4572.09896224,356.61082434,1,0,0.0,79.75,77.0
1529,45.885,4572.27432528,357.02561666,1,0,0.0,79.75,77.0
1530,45.915,4572.38708748,360.12281822,1,0,0.0,80.75,82.0
1531,45.945,4572.42126368,361.83620819,1,0,0.0,81.25,84.0
1532,45.975,4572.40483179,363.23358626,1,0,0.0,81.5,84.0
1533,46.005,4572.34557068,364.41635535,1,0,0.0,82.25,85.0
1534,46.035,4572.2486518,365.52912076,1,0,0.0,83.5,87.0
1535,46.065,4572.11773637,366.5409349,1,0,0.0,83.75,87.0
1536,46.095,4571.9544524,367.51881228,1,0,0.0,84.0,87.0
1537,46.125,4571.76145589,368.42276807,1,0,0.0,85.0,89.0
1538,46.155,4571.54001192,369.32054638,1,0,0.0,85.0,89.0
1539,46.185,4571.29133898,370.15184122,1,0,0.0,85.5,89.0
1540,46.215,4571.01678263,370.9807385,1,0,0.0,85.5,89.0
1541,46.245,4570.71645505,371.78704597,1,0,0.0,86.5,91.0
1542,46.275,4570.3919832,372.54807829,1,0,0.0,86.5,91.0
1543,46.305,4570.04402748,373.30668388,1,0,0.0,87.0,92.0
1544,46.335,4569.67279056,374.05550421,1,0,0.0,87.5,92.0
1545,46.365,4569.27933993,374.76912323,1,0,0.0,88.0,92.0
1546,46.395,4568.86452459,375.47033762,1,0,0.0,88.75,94.0
1547,46.425,4568.4285128,376.171552,1,0,0.0,89.25,94.0
1548,46.455,4567.97172262,376.84646493,1,0,0.0,89.5,94.0
1549,46.485,4567.49488839,377.51664548,1,0,0.0,94.0,95.0
1550,46.515,4566.9981223,378.17819023,1,0,0.0,94.0,95.0
1551,46.545,4566.48173207,378.83220701,1,0,0.0,94.0,95.0
1552,46.575,4565.94638741,379.46292274,1,0,0.0,94.0,95.0
1553,46.605,4565.3924881,380.09363847,1,0,0.0,95.0,98.0
1554,46.635,4564.82003414,380.7243542,1,0,0.0,95.5,98.0
1555,46.665,4564.22921273,381.34189389,1,0,0.0,96.0,98.0
1556,46.695,4563.62082584,381.93746841,1,0,0.0,96.0,98.0
1557,46.725,4562.99525518,382.53304293,1,0,0.0,97.25,98.0
1558,46.755,4562.35260366,383.12226859,1,0,0.0,98.25,98.0
1559,46.785,4561.69294739,383.71761456,1,0,0.0,98.75,98.0
1560,46.815,4561.01644726,384.29045197,1,0,0.0,99.5,100.0
1561,46.845,4560.32391431,384.85631873,1,0,0.0,100.0,100.0
1562,46.875,4559.61538469,385.42218549,1,0,0.0,100.5,101.0
1563,46.905,4558.89085841,385.98805225,1,0,0.0,101.25,101.0
1564,46.935,4558.15033642,386.55334882,1,0,0.0,101.25,101.0
1565,46.965,4557.3944178,387.09360909,1,0,0.0,101.75,101.0
1566,46.995,4556.62384173,387.63008569,1,0,0.0,102.25,101.0
1567,47.025,4555.83863446,388.1665623,1,0,0.0,102.75,101.0
1568,47.055,4555.038796,388.70303891,1,0,0.0,103.75,101.0
1569,47.085,4554.22432653,389.23916849,1,0,0.0,104.25,101.0
1570,47.115,4553.39541175,389.76254752,1,0,0.0,105.0,101.0
1571,47.145,4552.55244268,390.2783195,1,0,0.0,105.0,101.0
1572,47.175,4551.69553849,390.79409148,1,0,0.0,105.75,102.0
1573,47.205,4550.82469917,391.30986346,1,0,0.0,106.5,102.0
1574,47.235,4549.93992473,391.82563544,1,0,0.0,107.5,102.0
1575,47.265,4549.04135658,392.33249611,1,0,0.0,107.5,102.0
1576,47.295,4548.12942361,392.83116885,1,0,0.0,108.25,102.0
1577,47.325,4547.20447035,393.32393908,1,0,0.0,114.0,103.0
1578,47.355,4546.2667059,393.81595293,1,0,0.0,115.0,103.0
1579,47.385,4545.31613932,394.30796678,1,0,0.0,115.0,103.0
1580,47.415,4544.35277494,394.79853384,1,0,0.0,115.75,103.0
1581,47.445,4543.37693072,395.27835909,1,0,0.0,115.75,103.0
1582,47.475,4542.38888206,395.75435422,1,0,0.0,116.5,104.0
1583,47.505,4541.38880824,396.22816133,1,0,0.0,117.0,104.0
1584,47.535,4540.37672146,396.70196844,1,0,0.0,117.5,104.0
1585,47.565,4539.3526217,397.17577555,1,0,0.0,117.5,104.0
1586,47.595,4538.31649222,397.6484735,1,0,0.0,118.0,104.0
1587,47.625,4537.26857032,398.11435686,1,0,0.0,119.0,104.0
1588,47.655,4536.20904516,398.57567755,1,0,0.0,120.75,105.0
1589,47.685,4535.13805671,399.0359638,1,0,0.0,120.75,105.0
1590,47.715,4534.05559843,399.49625006,1,0,0.0,121.25,105.0
1591,47.745,4532.96167032,399.95653632,1,0,0.0,121.75,105.0
1592,47.775,4531.85627466,400.41590308,1,0,0.0,122.25,106.0
1593,47.805,4530.73967651,400.86631155,1,0,0.0,122.75,106.0
1594,47.835,4529.61228161,401.31151957,1,0,0.0,123.25,106.0
1595,47.865,4528.47435082,401.75350795,1,0,0.0,123.25,106.0
1596,47.895,4527.32591629,402.19549633,1,0,0.0,124.5,106.0
1597,47.925,4526.166978,402.63748472,1,0,0.0,125.25,106.0
1598,47.955,4524.99753597,403.0794731,1,0,0.0,126.25,106.0
1599,47.985,4523.81762055,403.51791538,1,0,0.0,126.75,106.0
1600,48.015,4522.62731254,403.95371112,1,0,0.0,126.75,106.0
1601,48.045,4521.42679304,404.38430196,1,0,0.0,126.75,106.0
1602,48.075,4520.21615412,404.81489279,1,0,0.0,127.75,107.0
1603,48.105,4518.99539578,405.24548362,1,0,0.0,128.25,107.0
1604,48.135,4517.76451802,405.67607446,1,0,0.0,129.25,107.0
1605,48.165,4516.5234308,406.11016637,1,0,0.0,132.75,108.0
1606,48.195,4515.27233707,406.53414996,1,0,0.0,134.25,110.0
1607,48.225,4514.01151403,406.9540856,1,0,0.0,134.75,110.0
1608,48.255,4512.74114972,407.37212745,1,0,0.0,136.0,110.0
1609,48.285,4511.46125745,407.79016931,1,0,0.0,136.5,110.0
1610,48.315,4510.17183722,408.20821116,1,0,0.0,137.0,110.0
1611,48.345,4508.87288904,408.62625302,1,0,0.0,137.0,110.0
1612,48.375,4507.56451768,409.04100618,1,0,0.0,137.5,111.0
1613,48.405,4506.24705309,409.4494615,1,0,0.0,138.0,111.0
1614,48.435,4504.92076077,409.85255903,1,0,0.0,138.5,111.0
1615,48.465,4503.58575677,410.25565656,1,0,0.0,138.75,111.0
1616,48.495,4502.24204109,410.65875409,1,0,0.0,140.25,111.0
1617,48.525,4500.88961373,411.06185162,1,0,0.0,141.5,111.0
1618,48.555,4499.52847469,411.46494914,1,0,0.0,142.0,111.0
1619,48.585,4498.15862396,411.86804667,1,0,0.0,142.5,111.0
1620,48.615,4496.78020812,412.26399885,1,0,0.0,142.5,111.0
1621,48.645,4495.39355959,412.65582799,1,0,0.0,143.0,112.0
1622,48.675,4493.99874512,413.04738795,1,0,0.0,143.5,112.0
1623,48.705,4492.59591852,413.43641381,1,0,0.0,143.5,112.0
1624,48.735,4491.18515528,413.82686259,1,0,0.0,144.25,112.0
1625,48.765,4489.76638791,414.21769038,1,0,0.0,144.75,112.0
1626,48.795,4488.33961136,414.60894335,1,0,0.0,146.25,112.0
1627,48.825,4486.90482152,414.99648053,1,0,0.0,147.25,112.0
1628,48.855,4485.46237225,415.378589,1,0,0.0,147.5,112.0
1629,48.885,4484.01217634,415.76824926,1,0,0.0,148.0,112.0
1630,48.915,4482.55394043,416.15538304,1,0,0.0,148.5,112.0
1631,48.945,4481.08784002,416.54077172,1,0,0.0,149.0,113.0
1632,48.975,4479.61388548,416.9261604,1,0,0.0,149.5,113.0
1633,49.005,4478.13207681,417.31154908,1,0,0.0,153.0,114.0
1634,49.035,4476.64242935,417.69518236,1,0,0.0,153.0,114.0
1635,49.065,4475.14524602,418.07068527,1,0,0.0,153.5,114.0
1636,49.095,4473.64070605,418.44618817,1,0,0.0,155.0,114.0
1637,49.125,4472.12880943,418.82169108,1,0,0.0,156.0,114.0
1638,49.155,4470.60955617,419.19719398,1,0,0.0,156.0,114.0
1639,49.185,4469.08294627,419.57269689,1,0,0.0,156.5,114.0
1640,49.215,4467.54897973,419.94819979,1,0,0.0,156.5,114.0
1641,49.245,4466.00766422,420.32252246,1,0,0.0,157.5,115.0
1642,49.275,4464.45916007,420.69244768,1,0,0.0,158.25,115.0
1643,49.305,4462.90370102,421.05863371,1,0,0.0,159.5,115.0
1644,49.335,4461.34136396,421.42481974,1,0,0.0,159.5,115.0
1645,49.365,4459.77214891,421.79100577,1,0,0.0,160.5,115.0
1646,49.395,4458.19605586,422.1571918,1,0,0.0,162.0,115.0
1647,49.425,4456.61311332,422.52197184,1,0,0.0,163.0,115.0
1648,49.455,4455.02349765,422.88500109,1,0,0.0,163.25,115.0
1649,49.485,4453.42736161,423.2440578,1,0,0.0,163.5,115.0
1650,49.515,4451.82480698,423.60192572,1,0,0.0,163.5,115.0
1651,49.545,4450.21600424,423.95644696,1,0,0.0,164.0,116.0
1652,49.575,4448.60102227,424.31061831,1,0,0.0,164.5,116.0
1653,49.605,4446.98001095,424.66330685,1,0,0.0,168.25,117.0
1654,49.635,4445.35289373,425.02135815,1,0,0.0,168.5,117.0
1655,49.665,4443.71960121,425.37663874,1,0,0.0,169.25,117.0
1656,49.695,4442.08039819,425.72546748,1,0,0.0,170.5,117.0
1657,49.725,4440.43546163,426.07349064,1,0,0.0,172.0,118.0
1658,49.755,4438.78479746,426.42098142,1,0,0.0,173.0,118.0
1659,49.785,4437.12854729,426.76510082,1,0,0.0,173.0,118.0
1660,49.815,4435.46665281,427.11168099,1,0,0.0,173.5,118.0
1661,49.845,4433.79902241,427.45826117,1,0,0.0,174.0,119.0
1662,49.875,4432.12561152,427.80658326,1,0,0.0,174.5,119.0
1663,49.905,4430.44638571,428.1531832,1,0,0.0,175.0,119.0
1664,49.935,4428.76149852,428.49813271,1,0,0.0,175.0,119.0
1665,49.965,4427.07090971,428.84452726,1,0,0.0,176.25,119.0
1666,49.995,4425.37458889,429.19092182,1,0,0.0,177.0,119.0
1667,50.025,4424.25081347,400.14027689,1,0,0.0,178.5,119.0
1668,50.055,4423.24425118,400.34709071,1,0,0.0,179.0,119.0
1669,50.085,4422.23398987,400.55390452,1,0,0.0,179.0,119.0
1670,50.115,4421.22003024,400.76040576,1,0,0.0,179.0,119.0
1671,50.145,4420.20249103,400.96343741,1,0,0.0,180.0,120.0
1672,50.175,4419.18145903,401.16646906,1,0,0.0,180.5,120.0
1673,50.205,4418.15693423,401.36950072,1,0,0.0,181.0,120.0
1674,50.235,4417.12891662,401.57253237,1,0,0.0,181.75,120.0
1675,50.265,4416.09740622,401.77556403,1,0,0.0,182.75,120.0
1676,50.295,4415.06240302,401.97859568,1,0,0.0,183.5,120.0
1677,50.325,4414.02390701,402.18162734,1,0,0.0,184.5,120.0
1678,50.355,4412.98196122,402.38227339,1,0,0.0,185.0,120.0
1679,50.385,4411.93660658,402.58697579,1,0,0.0,185.5,120.0
1680,50.415,4410.88769984,402.79229104,1,0,0.0,186.0,120.0
1681,50.445,4409.83529406,402.99394065,1,0,0.0,187.0,121.0
1682,50.475,4408.77957163,403.19368474,1,0,0.0,187.0,121.0
1683,50.505,4407.72061383,403.39040279,1,0,0.0,187.5,121.0
1684,50.535,4406.65877223,403.5844399,1,0,0.0,188.0,121.0
1685,50.565,4405.59410247,403.77779127,1,0,0.0,189.5,121.0
1686,50.595,4404.52673839,403.96829764,1,0,0.0,190.25,121.0
1687,50.625,4403.45674617,404.15880401,1,0,0.0,191.0,121.0
1688,50.655,4402.38413209,404.34984008,1,0,0.0,191.5,121.0
1689,50.685,4401.30890546,404.54093794,1,0,0.0,191.5,121.0
1690,50.715,4400.2310663,404.73209916,1,0,0.0,192.0,122.0
1691,50.745,4399.15049231,404.92604783,1,0,0.0,192.5,122.0
1692,50.775,4398.06707146,405.1199965,1,0,0.0,193.0,122.0
1693,50.805,4396.98085575,405.31149209,1,0,0.0,193.0,122.0
1694,50.835,4395.89198778,405.5020164,1,0,0.0,193.75,122.0
1695,50.865,4394.80047569,405.6925407,1,0,0.0,194.5,122.0
1696,50.895,4393.70631949,405.88306501,1,0,0.0,195.5,122.0
1697,50.925,4392.62081331,406.07276847,1,0,0.0,195.75,122.0
1698,50.955,4391.80644904,406.24477149,1,0,0.1798693,196.0,122.0
1699,50.985,4391.17434718,406.40499999,1,0,0.32091892,196.5,122.0
1700,51.015,4390.66581952,406.55788089,1,0,0.41396069,194.5,122.0
1701,51.045,4390.25667162,406.70047128,1,0,0.48839218,195.0,122.0
1702,51.075,4389.93232194,406.8379601,1,0,0.5519094,195.5,122.0
1703,51.105,4389.68265498,406.9710582,1,0,0.60789069,195.5,122.0
1704,51.135,4389.50006789,407.09960626,1,0,0.65821746,192.75,121.0
1705,51.165,4389.3783882,407.22865182,1,0,0.70415172,193.5,121.0
1706,51.195,4389.3126311,407.35235597,1,0,0.74661074,194.5,121.0
1707,51.225,4389.29886105,407.46983387,1,0,0.78618388,195.0,121.0
1708,51.255,4389.33371661,407.57766179,1,0,0.82303245,190.5,120.0
1709,51.285,4389.41414246,407.68181344,1,0,0.85743887,190.5,120.0
1710,51.315,4389.53754787,407.78048985,1,0,0.8901472,191.0,121.0
1711,51.345,4389.70167431,407.87614679,1,0,0.92116977,192.0,121.0
1712,51.375,4389.90397803,407.96899111,1,0,0.95021977,187.5,120.0
1713,51.405,4390.14270885,408.05629041,1,0,0.97817814,188.0,120.0
1714,51.435,4390.4160567,408.14023472,1,0,1.0047062,188.75,120.0
1715,51.465,4390.72221401,408.21741439,1,0,1.02982347,190.0,120.0
1716,51.495,4391.06022816,408.28895469,1,0,1.05418699,185.0,119.0
1717,51.525,4391.42820755,408.35781468,1,0,1.0770251,185.5,119.0
1718,51.555,4391.82519542,408.42196864,1,0,1.09931189,185.5,119.0
1719,51.585,4392.24955105,408.48466148,1,0,1.12027814,185.5,119.0
1720,51.615,4392.70040168,408.53879647,1,0,1.1406611,179.5,119.0
1721,51.645,4393.17653588,408.59232295,1,0,1.1599897,180.0,119.0
1722,51.675,4393.6769122,408.64083272,1,0,1.17867499,180.5,119.0
1723,51.705,4394.20033671,408.68822525,1,0,1.19649508,180.5,119.0
1724,51.735,4394.74591597,408.72872269,1,0,1.21367761,175.0,118.0
1725,51.765,4395.31264718,408.76918198,1,0,1.23007851,175.5,118.0
1726,51.795,4395.89967623,408.80335959,1,0,1.24592127,176.5,118.0
1727,51.825,4396.5059761,408.83722302,1,0,1.2609765,177.0,118.0
1728,51.855,4397.13088825,408.86531776,1,0,1.2756133,170.5,117.0
1729,51.885,4397.77329793,408.8924459,1,0,1.28939099,170.5,117.0
1730,51.915,4398.43277877,408.91345834,1,0,1.30291361,171.0,118.0
1731,51.945,4399.10821907,408.93529596,1,0,1.315493,171.5,118.0
1732,51.975,4399.79919852,408.95472838,1,0,1.32794168,164.5,117.0
1733,52.005,4400.50447974,408.97076023,1,0,1.33942735,164.75,117.0
1734,52.035,4401.22384515,408.98206271,1,0,1.35079564,165.75,117.0
1735,52.065,4401.95636624,408.98593895,1,0,1.36132201,166.0,117.0
1736,52.095,4402.70165504,408.9898152,1,0,1.37157806,159.5,116.0
1737,52.125,4403.45848015,408.98785681,1,0,1.38120692,160.0,116.0
1738,52.155,4404.18298841,408.9914556,1,0,1.39045166,160.0,116.0
1739,52.185,4404.88581571,408.99592551,1,0,1.39939016,154.5,95.0
1740,52.215,4403.90391067,409.23987601,1,0,0.33769638,152.75,94.0
1741,52.245,4402.82984555,409.49845549,1,0,0.34231542,153.0,94.0
1742,52.275,4401.74776235,409.75533077,1,0,0.34612392,153.5,94.0
1743,52.305,4400.65906353,410.01438791,1,0,0.34974942,154.25,94.0
1744,52.335,4399.56441092,410.2676487,1,0,0.35288778,152.5,92.0
1745,52.365,4398.46425237,410.52126007,1,0,0.35556426,153.0,92.0
1746,52.395,4397.36014353,410.77266231,1,0,0.35872918,153.75,92.0
1747,52.425,4396.25211167,411.02098423,1,0,0.36124373,154.0,92.0
1748,52.455,4395.14063761,411.26958985,1,0,0.3637052,151.5,90.0
1749,52.485,4394.02541994,411.51035163,1,0,0.36552194,152.0,91.0
1750,52.515,4392.90648606,411.75110486,1,0,0.36701388,152.5,91.0
1751,52.545,4391.7841898,411.9913813,1,0,0.36850122,153.0,91.0
1752,52.575,4390.65703121,412.24785824,1,0,0.36983219,150.75,89.0
1753,52.605,4389.51932693,412.51323445,1,0,0.37116744,151.25,89.0
1754,52.635,4388.37003621,412.77316811,1,0,0.37179438,152.0,89.0
1755,52.665,4387.20941897,413.03620031,1,0,0.37219645,153.0,89.0
1756,52.695,4386.03847365,413.28903536,1,0,0.37230312,150.75,87.0
1757,52.725,4384.85695601,413.54532319,1,0,0.37218091,151.0,87.0
1758,52.755,4383.66634423,413.80517734,1,0,0.37240992,151.0,87.0
1759,52.785,4382.46588081,414.05841593,1,0,0.37190544,151.5,88.0
1760,52.815,4381.25586099,414.31268618,1,0,0.37122484,149.5,86.0
1761,52.845,4380.03694305,414.55551425,1,0,0.37020444,150.0,86.0
1762,52.875,4378.80867088,414.79665568,1,0,0.36862308,150.25,86.0
1763,52.905,4377.57250618,415.04011153,1,0,0.36754556,150.75,86.0
1764,52.935,4376.32831212,415.27568746,1,0,0.36592446,149.0,84.0
1765,52.965,4375.07614341,415.51161911,1,0,0.3641616,150.0,84.0
1766,52.995,4373.81668065,415.73672813,1,0,0.36199983,150.5,84.0
1767,53.025,4372.5494111,415.96094748,1,0,0.35929167,150.5,84.0
1768,53.055,4371.31802243,416.18894024,1,0,0.35661581,148.0,82.0
1769,53.085,4370.15627309,416.41936099,1,0,0.35375509,148.5,83.0
1770,53.115,4369.02954966,416.65337692,1,0,0.35088524,149.0,83.0
1771,53.145,4367.92898678,416.88070222,1,0,0.34752399,149.5,83.0
1772,53.175,4366.84847784,417.10797013,1,0,0.34369509,147.25,81.0
1773,53.205,4365.78475431,417.33392564,1,0,0.33973698,148.0,81.0
1774,53.235,4364.73492391,417.56131454,1,0,0.33519697,148.5,81.0
1775,53.265,4363.69733208,417.7925863,1,0,0.331155,149.5,81.0
1776,53.295,4362.67001105,418.01142445,1,0,0.32648407,150.0,81.0
1777,53.325,4361.6517992,418.23389763,1,0,0.32147942,147.5,79.0
1778,53.355,4360.64046387,418.4472782,1,0,0.31619245,147.5,79.0
1779,53.385,4359.63508746,418.65580546,1,0,0.31018458,148.0,80.0
1780,53.415,4358.6353787,418.87029498,1,0,0.30449995,148.5,80.0
1781,53.445,4357.63966787,419.07445497,1,0,0.29838989,146.75,76.0
1782,53.475,4356.64762652,419.27964059,1,0,0.29213657,146.75,76.0
1783,53.505,4355.65830137,419.47358968,1,0,0.28526605,147.75,76.0
1784,53.535,4354.6698227,419.66515685,1,0,0.27794746,148.0,76.0
1785,53.565,4353.68210346,419.85285069,1,0,0.27034923,147.0,74.0
1786,53.595,4352.69452714,420.04400738,1,0,0.26254529,147.5,74.0
1787,53.625,4351.70603631,420.23413454,1,0,0.25482947,147.5,74.0
1788,53.655,4350.71507491,420.41243616,1,0,0.24617998,147.5,74.0
1789,53.685,4349.72171964,420.58428508,1,0,0.237419,146.0,73.0
1790,53.715,4348.72516872,420.74032388,1,0,0.22774852,146.0,71.0
1791,53.745,4347.7241166,420.90498014,1,0,0.21800938,146.75,71.0
1792,53.775,4346.71833234,421.05530819,1,0,0.20810109,147.0,71.0
1793,53.805,4345.70722445,421.20207391,1,0,0.19778116,146.25,69.0
1794,53.835,4344.69037252,421.33114964,1,0,0.18680969,146.75,69.0
1795,53.865,4343.66601271,421.45695475,1,0,0.17519251,147.75,69.0
1796,53.895,4342.63353734,421.56909818,1,0,0.1630018,147.5,67.0
1797,53.925,4341.59247603,421.68204495,1,0,0.15058077,146.5,65.0
1798,53.955,4340.54285227,421.77822496,1,0,0.1378869,146.5,65.0
1799,53.985,4339.48291057,421.86979147,1,0,0.12434078,147.25,66.0
1800,54.015,4338.41163466,421.9429525,1,0,0.11010828,147.75,66.0
1801,54.045,4337.32783136,422.00612133,1,0,0.09502755,146.75,62.0
1802,54.075,4336.23108947,422.05532057,1,0,0.07930863,147.0,62.0
1803,54.105,4335.12055116,422.10303306,1,0,0.06347617,147.0,62.0
1804,54.135,4333.99474185,422.1223022,1,0,0.04643725,147.0,62.0
1805,54.165,4332.85241376,422.13211554,1,0,0.02876557,145.0,54.0
1806,54.195,4331.69191687,422.11390162,1,0,0.0,145.0,54.0
1807,54.225,4330.51602466,422.25229892,1,0,0.0,145.0,54.0
1808,54.255,4329.34815236,422.55484003,1,0,0.0,145.0,54.0
1809,54.285,4328.19243678,422.85970305,1,0,0.0,145.0,54.0
1810,54.315,4327.04859816,423.16374179,1,0,0.0,145.0,54.0
1811,54.345,4325.91678308,423.46673224,1,0,0.0,145.0,54.0
1812,54.375,4324.79747874,423.768846,1,0,0.0,145.0,54.0
1813,54.405,4323.69066124,424.07467626,1,0,0.0,145.0,54.0
1814,54.435,4322.59611618,424.38370441,1,0,0.0,145.0,54.0
1815,54.465,4321.54193174,422.15661836,1,0,0.0,145.0,54.0
1816,54.495,4320.57310931,420.87376871,1,0,0.0,145.0,54.0
1817,54.525,4319.65701137,420.01207439,1,0,0.0,145.0,54.0
1818,54.555,4318.78470691,419.35962712,1,0,0.0,146.0,54.0
1819,54.585,4317.95190172,418.85805272,1,0,0.0,147.0,55.0
1820,54.615,4317.15499738,418.41135751,1,0,0.0,147.75,55.0
1821,54.645,4316.39165339,418.05155709,1,0,0.0,148.0,55.0
1822,54.675,4315.66089182,417.72066615,1,0,0.0,148.75,55.0
1823,54.705,4314.96097188,417.44544223,1,0,0.0,149.0,55.0
1824,54.735,4314.29197944,417.17777297,1,0,0.0,149.5,55.0
1825,54.765,4313.65272034,416.96688958,1,0,0.0,149.5,55.0
1826,54.795,4313.04302161,416.75631336,1,0,0.0,149.5,55.0
1827,54.825,4312.46269962,416.57966603,1,0,0.0,149.5,55.0
1828,54.855,4311.91116276,416.41856148,1,0,0.0,151.0,56.0
1829,54.885,4311.38906295,416.25726835,1,0,0.0,151.75,56.0
1830,54.915,4310.89653564,416.13001269,1,0,0.0,152.5,56.0
1831,54.945,4310.43375907,416.00723213,1,0,0.0,152.5,56.0
1832,54.975,4310.00190004,415.88017503,1,0,0.0,153.5,56.0
1833,55.005,4309.60152005,415.7819066,1,0,0.0,154.0,56.0
1834,55.035,4309.23387375,415.68732715,1,0,0.0,154.0,56.0
1835,55.065,4308.90120322,415.58952715,1,0,0.0,154.0,56.0
1836,55.095,4308.60687962,415.50453313,1,0,0.0,154.0,56.0
1837,55.125,4308.3563239,415.4298625,1,0,0.0,154.25,56.0
1838,55.155,4308.16784921,415.34926754,1,0,0.0,155.75,57.0
1839,55.185,4308.04563455,415.26508885,1,0,0.0,156.25,57.0
1840,55.215,4307.93559538,415.20556983,1,0,0.0,157.0,57.0
1841,55.245,4307.83718742,415.15057099,1,0,0.0,157.25,57.0
1842,55.275,4307.75034733,415.09557216,1,0,0.0,158.0,57.0
1843,55.305,4307.67510508,415.0413283,1,0,0.0,158.5,57.0
1844,55.335,4307.61118126,415.00451653,1,0,0.0,158.5,57.0
1845,55.365,4307.55834884,414.96607914,1,0,0.0,158.5,57.0
1846,55.395,4307.51656369,414.92821007,1,0,0.0,158.5,57.0
1847,55.425,4307.48569554,414.8928078,1,0,0.0,159.0,57.0
1848,55.455,4307.46533376,414.87568358,1,0,0.0,160.25,58.0
1849,55.485,4307.4551739,414.85855936,1,0,0.0,161.0,58.0
1850,55.515,4307.45520174,414.84260605,1,0,0.0,161.5,58.0
1851,55.545,4307.46533246,414.82781711,1,0,0.0,161.75,58.0
1852,55.575,4307.48541,414.82485307,1,0,0.0,162.5,58.0
1853,55.605,4307.51469507,414.83210371,1,0,0.0,163.0,58.0
1854,55.635,4307.55297114,414.83970483,1,0,0.0,163.0,58.0
1855,55.665,4307.60034299,414.84754162,1,0,0.0,163.0,58.0
1856,55.695,4307.65682141,414.85709494,1,0,0.0,163.0,58.0
1857,55.725,4307.7220931,414.87926232,1,0,0.0,163.5,58.0
1858,55.755,4307.79595757,414.90142971,1,0,0.0,164.75,59.0
1859,55.785,4307.87841482,414.92359709,1,0,0.0,165.5,59.0
1860,55.815,4307.96935457,414.94808392,1,0,0.0,166.0,59.0
1861,55.845,4308.06854629,414.97705671,1,0,0.0,166.25,59.0
1862,55.875,4308.17564884,415.01481652,1,0,0.0,167.0,59.0
1863,55.905,4308.2905526,415.05263398,1,0,0.0,167.5,59.0
1864,55.935,4308.41329755,415.09065673,1,0,0.0,167.5,59.0
1865,55.965,4308.54390186,415.12867948,1,0,0.0,167.5,59.0
1866,55.995,4308.68234851,415.1699316,1,0,0.0,167.5,59.0
1867,56.025,4308.82832235,415.2202565,1,0,0.0,168.0,59.0
1868,56.055,4308.98152875,415.27293099,1,0,0.0,169.25,60.0
1869,56.085,4309.14184419,415.3294465,1,0,0.0,170.0,60.0
1870,56.115,4309.30928643,415.38317626,1,0,0.0,170.5,60.0
1871,56.145,4309.48393856,415.43723829,1,0,0.0,170.75,60.0
1872,56.175,4309.66559035,415.50140254,1,0,0.0,171.5,60.0
1873,56.205,4309.85409457,415.56546608,1,0,0.0,172.0,60.0
1874,56.235,4310.04959507,415.62595457,1,0,0.0,172.0,60.0
1875,56.265,4310.25213733,415.68793713,1,0,0.0,172.0,60.0
1876,56.295,4310.46153137,415.7497095,1,0,0.0,172.0,60.0
1877,56.325,4310.677842,415.81538105,1,0,0.0,172.5,60.0
1878,56.355,4310.90082132,415.88507744,1,0,0.0,174.25,61.0
1879,56.385,4311.13043593,415.95477384,1,0,0.0,174.5,61.0
1880,56.415,4311.36668584,416.02447023,1,0,0.0,175.0,61.0
1881,56.445,4311.60957219,416.09426353,1,0,0.0,175.5,61.0
1882,56.475,4311.85918923,416.16492933,1,0,0.0,176.0,61.0
1883,56.505,4312.1153439,416.24743323,1,0,0.0,176.5,61.0
1884,56.535,4312.37758254,416.33184091,1,0,0.0,176.5,61.0
1885,56.565,4312.64587946,416.41624859,1,0,0.0,176.5,61.0
1886,56.595,4312.92015388,416.50451598,1,0,0.0,176.5,61.0
1887,56.625,4313.20017838,416.5944861,1,0,0.0,177.75,62.0
1888,56.655,4313.48593751,416.68499417,1,0,0.0,178.75,62.0
1889,56.685,4313.77724959,416.78291324,1,0,0.0,179.25,62.0
1890,56.715,4314.07397652,416.88092613,1,0,0.0,179.75,62.0
1891,56.745,4314.37613782,416.98041303,1,0,0.0,180.5,62.0
1892,56.775,4314.6835556,417.08149919,1,0,0.0,181.0,62.0
1893,56.805,4314.99618722,417.18258536,1,0,0.0,181.0,62.0
1894,56.835,4315.31403247,417.28394226,1,0,0.0,181.0,62.0
1895,56.865,4315.63694433,417.39270314,1,0,0.0,181.0,62.0
1896,56.895,4315.96485456,417.50171569,1,0,0.0,181.0,62.0
1897,56.925,4316.297744,417.61276875,1,0,0.0,182.5,63.0
1898,56.955,4316.6354559,417.72570889,1,0,0.0,183.25,63.0
1899,56.985,4316.97797158,417.83912627,1,0,0.0,184.0,63.0
1900,57.015,4317.32519033,417.95528228,1,0,0.0,184.25,63.0
1901,57.045,4317.6769205,418.07711594,1,0,0.0,185.0,63.0
1902,57.075,4318.03299474,418.19856349,1,0,0.0,185.5,63.0
1903,57.105,4318.3935619,418.317749,1,0,0.0,185.5,63.0
1904,57.135,4318.75865895,418.43693452,1,0,0.0,185.5,63.0
1905,57.165,4319.12828589,418.55612004,1,0,0.0,185.5,63.0
1906,57.195,4319.50244272,418.67530555,1,0,0.0,185.75,63.0
1907,57.225,4319.88109941,418.79746028,1,0,0.0,187.0,64.0
1908,57.255,4320.26412043,418.92225883,1,0,0.0,187.75,64.0
1909,57.285,4320.65152107,419.04800788,1,0,0.0,188.5,64.0
1910,57.315,4321.04344513,419.17121845,1,0,0.0,188.75,64.0
1911,57.345,4321.43996177,419.29442901,1,0,0.0,189.5,64.0
1912,57.375,4321.84107099,419.41763958,1,0,0.0,190.0,64.0
1913,57.405,4322.24677278,419.54085014,1,0,0.0,190.0,64.0
1914,57.435,4322.65694892,419.66969595,1,0,0.0,190.0,64.0
1915,57.465,4323.07145588,419.79883976,1,0,0.0,190.0,64.0
1916,57.495,4323.49029449,419.92807391,1,0,0.0,190.5,64.0
1917,57.525,4323.91339844,420.06047706,1,0,0.0,191.75,65.0
1918,57.555,4324.34062655,420.19507778,1,0,0.0,192.5,65.0
1919,57.585,4324.7718952,420.33092772,1,0,0.0,193.0,65.0
1920,57.615,4325.20705131,420.47076532,1,0,0.0,193.25,65.0
1921,57.645,4325.64585841,420.61553887,1,0,0.0,194.0,65.0
1922,57.675,4326.08824142,420.7627194,1,0,0.0,194.5,65.0
1923,57.705,4326.53419895,420.90989994,1,0,0.0,194.5,65.0
1924,57.735,4326.983731,421.05708048,1,0,0.0,194.5,65.0
1925,57.765,4327.43685173,421.20520655,1,0,0.0,194.5,65.0
1926,57.795,4327.89338946,421.35894033,1,0,0.0,195.0,65.0
1927,57.825,4328.35311082,421.51592158,1,0,0.0,196.5,66.0
1928,57.855,4328.81583113,421.67554082,1,0,0.0,197.0,66.0
1929,57.885,4329.28151977,421.83516007,1,0,0.0,197.5,66.0
1930,57.915,4329.75017673,421.99477932,1,0,0.0,197.75,66.0
1931,57.945,4330.22183332,422.15238023,1,0,0.0,198.5,66.0
1932,57.975,4330.69664232,422.30835141,1,0,0.0,199.0,66.0
1933,58.005,4331.17462973,422.46455174,1,0,0.0,199.0,66.0
1934,58.035,4331.65581557,422.62533739,1,0,0.0,199.0,66.0
1935,58.065,4332.13996561,422.79066397,1,0,0.0,199.0,66.0
1936,58.095,4332.62701611,422.95599055,1,0,0.0,199.5,66.0
1937,58.125,4333.11696707,423.12131713,1,0,0.0,201.0,67.0
1938,58.155,4333.60981849,423.28664371,1,0,0.0,201.75,67.0
1939,58.185,4334.10557036,423.45197029,1,0,0.0,202.25,67.0
1940,58.215,4334.60422268,423.61729687,1,0,0.0,202.5,67.0
1941,58.245,4335.10574098,423.78538924,1,0,0.0,203.25,67.0
1942,58.275,4335.61000485,423.95606224,1,0,0.0,203.5,67.0
1943,58.305,4336.11705579,424.12540538,1,0,0.0,203.5,67.0
1944,58.335,4336.62688857,424.29585624,1,0,0.0,203.5,67.0
1945,58.365,4337.13945753,424.4663071,1,0,0.0,203.5,67.0
1946,58.395,4337.65480526,424.63479413,1,0,0.0,204.25,67.0
1947,58.425,4338.17315052,424.80303345,1,0,0.0,205.5,68.0
1948,58.455,4338.69453089,424.97324212,1,0,0.0,206.5,68.0
1949,58.485,4339.21878163,425.14605274,1,0,0.0,206.75,68.0
1950,58.515,4339.74591566,425.31947112,1,0,0.0,207.0,68.0
1951,58.545,4340.27596224,425.49288949,1,0,0.0,207.75,68.0
1952,58.575,4340.80891598,425.66734004,1,0,0.0,208.0,68.0
1953,58.605,4341.34452077,425.84847865,1,0,0.0,208.0,68.0
1954,58.635,4341.8825135,426.03086309,1,0,0.0,208.0,68.0
1955,58.665,4342.42277463,426.21781836,1,0,0.0,208.0,68.0
1956,58.695,4342.96503076,426.40972614,1,0,0.0,209.0,69.0
1957,58.725,4343.50912674,426.60296117,1,0,0.0,209.75,69.0
1958,58.755,4344.05510572,426.79682808,1,0,0.0,210.25,69.0
1959,58.785,4344.60305771,426.99184677,1,0,0.0,210.5,69.0
1960,58.815,4345.15307666,427.18478225,1,0,0.0,211.0,69.0
1961,58.845,4345.70531334,427.37627111,1,0,0.0,211.25,69.0
1962,58.875,4346.25968329,427.57075836,1,0,0.0,211.25,69.0
1963,58.905,4346.81598412,427.76915521,1,0,0.0,211.25,69.0
1964,58.935,4347.37409845,427.9677783,1,0,0.0,211.25,69.0
1965,58.965,4347.93403482,428.16678598,1,0,0.0,211.25,69.0
1966,58.995,4348.49585624,428.36624826,1,0,0.0,211.75,69.0
1967,59.025,4349.05957508,428.56571054,1,0,0.0,212.25,69.0
1968,59.055,4349.62519132,428.76517283,1,0,0.0,212.5,70.0
1969,59.085,4350.19270498,428.96463511,1,0,0.0,212.75,70.0
1970,59.115,4350.76208473,429.1668181,1,0,0.0,213.25,70.0
1971,59.145,4351.33320942,429.37376413,1,0,0.0,213.5,70.0
1972,59.175,4351.90594876,429.58154425,1,0,0.0,213.5,70.0
1973,59.205,4352.48032757,429.79011216,1,0,0.0,213.5,70.0
1974,59.235,4353.05640057,429.99881146,1,0,0.0,213.5,70.0
1975,59.265,4353.63416865,430.20751075,1,0,0.0,213.5,70.0
1976,59.295,4354.21363202,430.41606189,1,0,0.0,214.0,70.0
1977,59.325,4354.79489738,430.62223976,1,0,0.0,214.5,70.0
1978,59.355,4355.37792209,430.83147605,1,0,0.0,214.5,70.0
1979,59.385,4355.96263858,431.04071234,1,0,0.0,214.75,70.0
1980,59.415,4356.54903678,431.25180986,1,0,0.0,215.0,71.0
1981,59.445,4357.13710007,431.46653829,1,0,0.0,215.25,71.0
1982,59.475,4357.72686202,431.68126672,1,0,0.0,215.25,71.0
1983,59.505,4358.3183226,431.89606556,1,0,0.0,215.25,71.0
1984,59.535,4358.91138229,432.11350987,1,0,0.0,215.25,71.0
1985,59.565,4359.50602519,432.3311621,1,0,0.0,215.5,71.0
1986,59.595,4360.10216502,432.55034082,1,0,0.0,216.0,71.0
1987,59.625,4360.69962845,432.77499794,1,0,0.0,216.25,71.0
1988,59.655,4361.29831657,433.00091646,1,0,0.0,216.5,71.0
1989,59.685,4361.89829468,433.22538031,1,0,0.0,216.5,71.0
1990,59.715,4362.4996533,433.45407619,1,0,0.0,216.5,71.0
1991,59.745,4363.10227426,433.68415593,1,0,0.0,216.75,71.0
1992,59.775,4363.70613561,433.91519549,1,0,0.0,216.75,71.0
1993,59.805,4364.31109543,434.14880497,1,0,0.0,216.75,71.0
1994,59.835,4364.91710007,434.38249864,1,0,0.0,216.75,71.0
1995,59.865,4365.52420701,434.61732428,1,0,0.0,216.75,71.0
1996,59.895,4366.13246037,434.85214992,1,0,0.0,217.25,71.0
1997,59.925,4366.74186014,435.08697556,1,0,0.0,217.5,71.0
1998,59.955,4367.35242086,435.32255117,1,0,0.0,217.75,71.0
1999,59.985,4367.96418686,435.56134169,1,0,0.0,217.75,71.0
2000,60.015,4368.57697187,435.80374396,1,0,0.0,218.0,72.0
2001,60.045,4369.19063316,436.04712087,1,0,0.0,218.0,72.0
2002,60.075,4369.8052339,436.29161591,1,0,0.0,218.0,72.0
2003,60.105,4370.42069,436.536059,1,0,0.0,218.0,72.0
2004,60.135,4370.96363813,436.77505935,1,0,0.0,218.0,72.0
2005,60.165,4371.44665465,437.00994147,1,0,0.0,218.0,72.0
2006,60.195,4371.89126562,437.24265489,1,0,0.0,218.5,72.0
2007,60.225,4372.30512226,437.47476208,1,0,0.0,218.75,72.0
2008,60.255,4372.69218835,437.70982156,1,0,0.0,219.0,72.0
2009,60.285,4373.05621321,437.94590849,1,0,0.0,219.0,72.0
2010,60.315,4373.39839452,438.17973265,1,0,0.0,219.0,72.0
2011,60.345,4373.72153701,438.40920544,1,0,0.0,219.0,72.0
2012,60.375,4374.0264494,438.63867823,1,0,0.0,219.0,72.0
2013,60.405,4374.31426758,438.86841684,1,0,0.0,219.0,72.0
2014,60.435,4374.58634502,439.09808752,1,0,0.0,219.0,72.0
2015,60.465,4374.84279194,439.33316083,1,0,0.0,219.0,72.0
2016,60.495,4375.08498817,439.56646717,1,0,0.0,219.5,72.0
2017,60.525,4375.3135887,439.79977352,1,0,0.0,219.5,72.0
2018,60.555,4375.52852924,440.03455743,1,0,0.0,219.75,72.0
2019,60.585,4375.73082627,440.26487302,1,0,0.0,219.75,72.0
2020,60.615,4375.92112121,440.49862713,1,0,0.0,219.75,72.0
2021,60.645,4376.09923302,440.7365614,1,0,0.0,219.75,72.0
2022,60.675,4376.26545452,440.9747345,1,0,0.0,219.75,72.0
2023,60.705,4376.42081263,441.21350146,1,0,0.0,219.75,72.0
2024,60.735,4376.56543737,441.45416565,1,0,0.0,219.75,72.0
2025,60.765,4376.69928817,441.69482984,1,0,0.0,220.0,73.0
2026,60.795,4376.82276107,441.93288282,1,0,0.0,220.25,73.0
2027,60.825,4376.93655002,442.1737256,1,0,0.0,220.25,73.0
2028,60.855,4377.04062317,442.41692799,1,0,0.0,220.5,73.0
2029,60.885,4377.13498511,442.66013038,1,0,0.0,220.5,73.0
2030,60.915,4377.21984414,442.90587923,1,0,0.0,220.5,73.0
2031,60.945,4377.29587589,443.15170487,1,0,0.0,220.5,73.0
2032,60.975,4377.36312696,443.39753051,1,0,0.0,220.5,73.0
2033,61.005,4377.42162184,443.64464693,1,0,0.0,220.5,73.0
2034,61.035,4377.471492,443.89201286,1,0,0.0,220.5,73.0
2035,61.065,4377.51331222,444.13702964,1,0,0.0,220.5,73.0
2036,61.095,4377.54731769,444.38329574,1,0,0.0,220.75,73.0
2037,61.125,4377.57337395,444.63537525,1,0,0.0,221.0,73.0
2038,61.155,4377.59141897,444.89020021,1,0,0.0,221.0,73.0
2039,61.185,4377.60156751,445.14591648,1,0,0.0,221.0,73.0
2040,61.215,4377.60445746,445.40022963,1,0,0.0,221.0,73.0
2041,61.245,4377.60020546,445.65454278,1,0,0.0,221.0,73.0
2042,61.275,4377.58872333,445.91196185,1,0,0.0,221.0,73.0
2043,61.305,4377.56989713,446.16960362,1,0,0.0,221.0,73.0
2044,61.335,4377.54387777,446.42852382,1,0,0.0,221.0,73.0
2045,61.365,4377.51141491,446.68929823,1,0,0.0,221.25,74.0
2046,61.395,4377.47250374,446.95370085,1,0,0.0,221.25,74.0
2047,61.425,4377.42707761,447.21657427,1,0,0.0,221.5,74.0
2048,61.455,4377.37528877,447.47773294,1,0,0.0,221.5,74.0
2049,61.485,4377.31716774,447.73936908,1,0,0.0,221.5,74.0
2050,61.515,4377.2530821,448.00235008,1,0,0.0,221.5,74.0
2051,61.545,4377.18360445,448.26770528,1,0,0.0,221.5,74.0
2052,61.575,4377.10870205,448.53688896,1,0,0.0,221.5,74.0
2053,61.605,4377.02813112,448.80851676,1,0,0.0,221.5,74.0
2054,61.635,4376.94184574,449.0821636,1,0,0.0,221.5,74.0
2055,61.665,4376.84974512,449.36398285,1,0,0.0,221.5,74.0
2056,61.695,4376.75206502,449.64699812,1,0,0.0,221.5,74.0
2057,61.725,4376.64904483,449.93492599,1,0,0.0,221.75,74.0
2058,61.755,4376.54075754,450.22285386,1,0,0.0,221.75,74.0
2059,61.785,4376.42717258,450.51393258,1,0,0.0,221.75,74.0
2060,61.815,4376.30829069,450.80884112,1,0,0.0,221.75,74.0
2061,61.845,4376.18417277,451.10174324,1,0,0.0,221.75,74.0
2062,61.875,4376.05530356,451.39261826,1,0,0.0,221.75,74.0
2063,61.905,4375.92209799,451.68657348,1,0,0.0,221.75,74.0
2064,61.935,4375.78461171,451.98745269,1,0,0.0,221.75,74.0
2065,61.965,4375.64286953,452.29033905,1,0,0.0,221.75,74.0
2066,61.995,4375.49684448,452.59466403,1,0,0.0,221.75,74.0
2067,62.025,4375.34636603,452.90060186,1,0,0.0,222.0,75.0
2068,62.055,4375.19178539,453.21270953,1,0,0.0,222.0,75.0
2069,62.085,4375.03373221,453.52746248,1,0,0.0,222.0,75.0
2070,62.115,4374.87225182,453.84221542,1,0,0.0,222.0,75.0
2071,62.145,4374.7072617,454.15989172,1,0,0.0,222.0,75.0
2072,62.175,4374.53866394,454.48018843,1,0,0.0,222.0,75.0
2073,62.205,4374.36678115,454.81647129,1,0,0.0,222.0,75.0
2074,62.235,4374.19156536,455.15444283,1,0,0.0,222.0,75.0
2075,62.265,4374.01326504,455.49050692,1,0,0.0,222.0,75.0
2076,62.295,4373.83204774,455.82886264,1,0,0.0,222.0,75.0
2077,62.325,4373.64845262,456.17509874,1,0,0.02102463,222.0,75.0
2078,62.355,4373.46288621,456.52007122,1,0,0.02254421,221.5,75.0
2079,62.385,4373.27548274,456.86460409,1,0,0.02402717,221.25,75.0
2080,62.415,4373.08640519,457.22100611,1,0,0.02569838,221.25,75.0
2081,62.445,4372.8960371,457.58439769,1,0,0.02755062,221.25,75.0
2082,62.475,4372.70467126,457.95047922,1,0,0.02931442,221.0,75.0
2083,62.505,4372.51230544,458.32353138,1,0,0.03117129,220.5,75.0
2084,62.535,4372.31948566,458.71317641,1,0,0.0333872,220.25,75.0
2085,62.565,4372.12641195,459.10433136,1,0,0.03548112,219.5,75.0
2086,62.595,4371.93316226,459.50218283,1,0,0.03764761,219.0,75.0
2087,62.625,4371.74034748,459.91988468,1,0,0.04026927,219.0,75.0
2088,62.655,4371.54809749,460.34407377,1,0,0.04274145,218.5,75.0
2089,62.685,4371.35662734,460.78129678,1,0,0.04537854,218.25,75.0
2090,62.715,4371.16692202,461.23648789,1,0,0.04850975,218.25,75.0
2091,62.745,4370.97913222,461.6991941,1,0,0.05140004,218.25,75.0
2092,62.775,4370.79388214,462.19098734,1,0,0.05491035,217.0,75.0
2093,62.805,4370.61210653,462.68995404,1,0,0.05845633,217.0,75.0
2094,62.835,4370.43418192,463.22274434,1,0,0.06233079,216.75,75.0
2095,62.865,4370.26149391,463.77384889,1,0,0.06671219,215.5,75.0
2096,62.895,4370.09503536,464.36328417,1,0,0.07132814,215.5,75.0
2097,62.925,4369.93690632,464.98008736,1,0,0.07666201,215.0,75.0
2098,62.955,4369.82452208,463.24598723,1,0,0.08293071,214.25,75.0
2099,62.985,4369.78338956,462.65865768,1,0,0.08963043,213.75,75.0
2100,63.015,4369.79212459,462.57894427,1,0,0.09858864,213.25,75.0
2101,63.045,4369.85023954,462.93844216,1,0,0.11102966,212.5,75.0
2102,63.075,4369.97540277,464.7419932,1,0,0.13704212,217.5,74.0
2103,63.105,4370.16924093,464.18822883,1,0,0.12955394,217.5,74.0
2104,63.135,4370.36795362,463.69340255,1,0,0.12955443,217.25,74.0
2105,63.165,4370.5705193,463.23966569,1,0,0.12955466,217.0,74.0
2106,63.195,4370.77557113,462.80839414,1,0,0.1295549,216.5,74.0
2107,63.225,4370.98228714,462.42024951,1,0,0.12955513,216.0,74.0
2108,63.255,4371.18936311,462.04842804,1,0,0.12955536,215.5,74.0
2109,63.285,4371.39628095,461.70680895,1,0,0.1295556,214.5,74.0
2110,63.315,4371.6020877,461.3771814,1,0,0.12955583,214.0,74.0
2111,63.345,4371.80672749,461.05933453,1,0,0.12955607,213.5,74.0
2112,63.375,4372.00968143,460.75788741,1,0,0.1295563,212.5,73.0
2113,63.405,4372.2106718,460.45916953,1,0,0.12955654,212.5,73.0
2114,63.435,4372.40911952,460.18797979,1,0,0.12955677,212.25,73.0
2115,63.465,4372.60444101,459.92152851,1,0,0.129557,212.0,73.0
2116,63.495,4372.79645429,459.6660081,1,0,0.12955724,211.5,73.0
2117,63.525,4372.98438749,459.430666,1,0,0.12955747,210.75,73.0
2118,63.555,4373.16800105,459.19541109,1,0,0.12955771,210.25,73.0
2119,63.585,4373.34710126,458.97265846,1,0,0.12955794,209.5,73.0
2120,63.615,4373.52107947,458.76243589,1,0,0.12955818,209.0,73.0
2121,63.645,4373.68979412,458.55338443,1,0,0.12955841,208.5,73.0
2122,63.675,4373.85306352,458.35296573,1,0,0.12955864,207.5,72.0
2123,63.705,4374.01037625,458.16494656,1,0,0.12955888,207.5,72.0
2124,63.735,4374.16155113,457.98040818,1,0,0.12955911,207.25,72.0
2125,63.765,4374.3061659,457.80277996,1,0,0.12955935,207.0,72.0
2126,63.795,4374.443731,457.64010367,1,0,0.12955958,206.5,72.0
2127,63.825,4374.57407087,457.47538854,1,0,0.12955982,205.5,72.0
2128,63.855,4374.69736771,457.31018701,1,0,0.12956005,205.25,72.0
2129,63.885,4374.81340345,457.15705648,1,0,0.12956028,204.5,72.0
2130,63.915,4374.92167157,457.01038819,1,0,0.12956052,204.0,72.0
2131,63.945,4375.02186316,456.86517104,1,0,0.12956075,203.5,72.0
2132,63.975,4375.11388936,456.72405641,1,0,0.12956099,202.5,71.0
2133,64.005,4375.19728082,456.59843853,1,0,0.12956122,202.5,71.0
2134,64.035,4375.27188725,456.46986346,1,0,0.12956146,202.0,71.0
2135,64.065,4375.33783906,456.34015622,1,0,0.12956169,202.0,71.0
2136,64.095,4375.39509703,456.21458743,1,0,0.12956192,201.5,71.0
2137,64.125,4375.44321932,456.09745333,1,0,0.12956216,200.5,71.0
2138,64.155,4375.48218503,455.97669126,1,0,0.12956239,200.25,71.0
2139,64.185,4375.51210549,455.85577669,1,0,0.12956263,199.0,71.0
2140,64.215,4375.53286838,455.74396191,1,0,0.12956286,199.0,71.0
2141,64.245,4375.54385066,455.64302157,1,0,0.1295631,198.5,71.0
2142,64.275,4375.54466587,455.54271064,1,0,0.12956333,197.5,70.0
2143,64.305,4375.53530364,455.44239971,1,0,0.12956356,197.5,70.0
2144,64.335,4375.51585445,455.3417414,1,0,0.1295638,197.0,70.0
2145,64.365,4375.48619518,455.24908495,1,0,0.12956403,196.75,70.0
2146,64.395,4375.44613291,455.15798515,1,0,0.12956427,196.5,70.0
2147,64.425,4375.39534155,455.06947761,1,0,0.1295645,195.5,70.0
2148,64.455,4375.33358658,454.98735907,1,0,0.12956474,195.25,70.0
2149,64.485,4375.26050758,454.91778601,1,0,0.12956497,194.0,70.0
2150,64.515,4375.17585682,454.84827478,1,0,0.1295652,194.0,70.0
2151,64.545,4375.07940469,454.78151318,1,0,0.12956544,193.0,70.0
2152,64.575,4374.97087253,454.71415018,1,0,0.12956567,192.5,69.0
2153,64.605,4374.85036364,454.64952548,1,0,0.12956591,192.5,69.0
2154,64.635,4374.71770205,454.58803101,1,0,0.12956614,192.0,69.0
2155,64.665,4374.57257392,454.53951209,1,0,0.12956638,191.75,69.0
2156,64.695,4374.41425711,454.49354091,1,0,0.12956661,191.25,69.0
2157,64.725,4374.2426179,454.44940168,1,0,0.12956684,190.5,69.0
2158,64.755,4374.05732626,454.41381553,1,0,0.12956708,190.0,69.0
2159,64.785,4373.85821657,454.37832724,1,0,0.12956731,189.0,69.0
2160,64.815,4373.64494666,454.34572213,1,0,0.12956755,188.5,69.0
2161,64.845,4373.41724311,454.3117018,1,0,0.12956778,187.75,69.0
2162,64.875,4373.17514169,454.28573799,1,0,0.12956802,187.5,68.0
2163,64.905,4372.91838552,454.26352877,1,0,0.12956825,187.5,68.0
2164,64.935,4372.64662722,454.24416683,1,0,0.12956848,187.0,68.0
2165,64.965,4372.35946581,454.22497073,1,0,0.12956872,186.75,68.0
2166,64.995,4372.0569002,454.20577463,1,0,0.12956895,186.0,68.0
2167,65.025,4371.73886622,454.19107971,1,0,0.12956919,185.5,68.0
2168,65.055,4371.40466804,454.18158231,1,0,0.12956942,184.5,68.0
2169,65.085,4371.05375085,454.18217481,1,0,0.12956966,184.0,68.0
2170,65.115,4370.685966,454.1810517,1,0,0.12956989,183.5,68.0
2171,65.145,4370.30134046,454.18038353,1,0,0.12957013,182.5,67.0
2172,65.175,4369.89909516,454.18570546,1,0,0.12957036,182.5,67.0
2173,65.205,4369.47894822,454.1924053,1,0,0.12957059,182.25,67.0
2174,65.235,4369.04079359,454.20401361,1,0,0.12957083,182.0,67.0
2175,65.265,4368.58372647,454.22372977,1,0,0.12957106,181.75,67.0
2176,65.295,4368.10719153,454.24569861,1,0,0.1295713,180.75,67.0
2177,65.325,4367.61113049,454.2729573,1,0,0.12957153,180.5,67.0
2178,65.355,4367.09440719,454.30664617,1,0,0.12957177,179.5,67.0
2179,65.385,4366.55667952,454.33637103,1,0,0.129572,179.0,67.0
2180,65.415,4365.99799893,454.3661845,1,0,0.12957223,178.5,67.0
2181,65.445,4365.41714611,454.40013611,1,0,0.12957247,177.5,66.0
2182,65.475,4364.81347997,454.44815892,1,0,0.1295727,177.5,66.0
2183,65.505,4364.18576763,454.50087084,1,0,0.12957294,177.25,66.0
2184,65.535,4363.53282523,454.55380521,1,0,0.12957317,177.0,66.0
2185,65.565,4362.85393355,454.60910916,1,0,0.12957341,176.5,66.0
2186,65.595,4362.14711931,454.66804941,1,0,0.12957364,175.75,66.0
2187,65.625,4361.41092411,454.73477625,1,0,0.12957387,175.5,66.0
2188,65.655,4360.6423012,454.81949553,1,0,0.12957411,174.5,66.0
2189,65.685,4359.83760499,454.90566818,1,0,0.12957434,174.0,66.0
2190,65.715,4358.99216752,454.99391333,1,0,0.12957458,173.5,66.0
2191,65.745,4358.09610372,455.08340278,1,0,0.12957481,172.5,65.0
2192,65.775,4357.11609868,455.18061832,1,0,0.12957505,172.5,65.0
2193,65.805,4356.10280868,455.29096477,1,0,0.12957528,172.25,65.0
2194,65.835,4355.07938496,455.41018522,1,0,0.12957551,172.0,65.0
2195,65.865,4354.04574119,455.52940567,1,0,0.12957575,171.5,65.0
2196,65.895,4353.00187739,455.64862612,1,0,0.12957598,170.75,65.0
2197,65.925,4351.94780193,455.76698522,1,0,0.12957622,170.5,65.0
2198,65.955,4350.8835746,455.88774177,1,0,0.12957645,169.5,65.0
2199,65.985,4349.80877397,456.02682529,1,0,0.12957669,169.0,65.0
2200,66.015,4348.72309853,456.16590882,1,0,0.12957692,168.25,65.0
2201,66.045,4347.62654827,456.30499235,1,0,0.12957715,167.5,64.0
2202,66.075,4346.5207086,456.22711071,1,0,0.12957739,160.5,61.0
2203,66.105,4345.40767702,456.13327962,1,0,0.12957762,160.0,61.0
2204,66.135,4344.28698003,456.06348972,1,0,0.12957786,160.0,61.0
2205,66.165,4343.15809334,455.9982035,1,0,0.12957809,160.0,61.0
2206,66.195,4342.02088342,455.93735508,1,0,0.12957833,159.25,61.0
2207,66.225,4340.87532585,455.87836947,1,0,0.12957856,159.0,61.0
2208,66.255,4339.72145252,455.82267913,1,0,0.12957879,158.75,61.0
2209,66.285,4338.55864503,455.79243932,1,0,0.12957903,158.0,61.0
2210,66.315,4337.38644999,455.76618083,1,0,0.12957926,157.25,61.0
2211,66.345,4336.20479634,455.73974806,1,0,0.1295795,156.5,60.0
2212,66.375,4335.01383502,455.71064737,1,0,0.12957973,155.75,60.0
2213,66.405,4333.81340429,455.70131103,1,0,0.12957997,155.5,60.0
2214,66.435,4332.60279703,455.70608235,1,0,0.1295802,155.5,60.0
2215,66.465,4331.38167103,455.71373397,1,0,0.12958043,155.25,60.0
2216,66.495,4330.15004319,455.71909502,1,0,0.12958067,154.5,60.0
2217,66.525,4328.90785273,455.7461278,1,0,0.1295809,154.5,60.0
2218,66.555,4327.65420817,455.78904334,1,0,0.12958114,154.0,60.0
2219,66.585,4326.38913938,455.82998407,1,0,0.12958137,153.5,60.0
2220,66.615,4325.11259626,455.87664841,1,0,0.12958161,152.75,60.0
2221,66.645,4323.82390047,455.96052249,1,0,0.12958184,152.0,59.0
2222,66.675,4322.52199771,456.05608639,1,0,0.12958207,151.25,59.0
2223,66.705,4321.20683546,456.15165028,1,0,0.12958231,151.0,59.0
2224,66.735,4319.878336,456.26367759,1,0,0.12958254,151.0,59.0
2225,66.765,4318.53527397,456.41574607,1,0,0.12958278,151.0,59.0
2226,66.795,4317.17719321,456.56811927,1,0,0.12958301,150.0,59.0
2227,66.825,4315.80406624,456.73079261,1,0,0.12958325,150.0,59.0
2228,66.855,4314.41455111,456.95244503,1,0,0.12958348,149.5,59.0
2229,66.885,4313.00783855,457.17510528,1,0,0.12958371,148.75,59.0
2230,66.915,4311.58370806,457.43255925,1,0,0.12958395,148.0,59.0
2231,66.945,4310.140106,457.74447291,1,0,0.12958418,147.5,58.0
2232,66.975,4308.67637786,458.06230606,1,0,0.12958442,146.5,58.0
2233,67.005,4307.1904653,458.50319225,1,0,0.12958465,146.5,58.0
2234,67.035,4305.68049565,458.94402916,1,0,0.12958489,146.5,58.0
2235,67.065,4304.14409494,459.54825533,1,0,0.12958512,146.0,58.0
2236,67.095,4302.57819849,460.24241839,1,0,0.12958535,145.5,58.0
2237,67.125,4300.97677631,461.13053034,1,0,0.12958559,145.5,58.0
2238,67.155,4299.33026494,462.58705842,1,0,0.12958582,145.0,58.0
2239,67.185,4297.60311608,465.22169306,2,0,0.12958606,144.0,58.0
2240,67.215,4295.83709015,464.88633316,2,0,0.12958629,143.25,57.0
2241,67.245,4294.06974559,464.55369498,2,0,0.12958653,142.5,57.0
2242,67.275,4292.30098475,464.22501472,2,0,0.12958676,142.0,57.0
2243,67.305,4290.53050355,463.89866757,2,0,0.12958699,142.0,57.0
2244,67.335,4288.75834747,463.56781725,2,0,0.12958723,142.0,57.0
2245,67.365,4286.98477908,463.23748067,2,0,0.12958746,141.25,57.0
2246,67.395,4285.20984953,462.90506065,2,0,0.1295877,141.0,57.0
2247,67.425,4283.43371803,462.57184716,2,0,0.12958793,141.0,57.0
2248,67.455,4281.65631156,462.24154551,2,0,0.12958817,140.75,57.0
2249,67.485,4279.87749943,461.9133697,2,0,0.1295884,139.5,57.0
2250,67.515,4278.0972162,461.58695279,2,0,0.12958863,138.5,56.0
2251,67.545,4276.3155613,461.25629602,2,0,0.12958887,137.75,56.0
2252,67.575,4274.5326414,460.92563925,2,0,0.1295891,137.5,56.0
2253,67.605,4272.7484027,460.59802215,2,0,0.12958934,137.5,56.0
2254,67.635,4270.96265534,460.27437369,2,0,0.12958957,137.5,56.0
2255,67.665,4269.17533676,459.95130563,2,0,0.12958981,136.75,56.0
2256,67.695,4267.38644579,459.62823757,2,0,0.12959004,136.5,56.0
2257,67.725,4265.59598244,459.30516951,2,0,0.12959027,136.5,56.0
2258,67.755,4263.80392992,458.98458076,2,0,0.12959051,135.75,56.0
2259,67.785,4262.01002333,458.67335192,2,0,0.12959074,134.75,56.0
2260,67.815,4260.214034,458.36302765,2,0,0.12959098,134.0,55.0
2261,67.845,4258.41595318,458.05270339,2,0,0.12959121,133.0,55.0
2262,67.875,4256.61578085,457.74237912,2,0,0.12959145,133.0,55.0
2263,67.905,4254.81360599,457.42891377,2,0,0.12959168,133.0,55.0
2264,67.935,4253.00949547,457.11866941,2,0,0.12959191,133.0,55.0
2265,67.965,4251.20328444,456.81099384,2,0,0.12959215,132.25,55.0
2266,67.995,4249.39489842,456.50331826,2,0,0.12959238,132.0,55.0
2267,68.025,4247.58433739,456.19564269,2,0,0.12959262,131.75,55.0
2268,68.055,4245.77160137,455.88796781,2,0,0.12959285,131.0,55.0
2269,68.085,4243.95664909,455.58388773,2,0,0.12959309,130.0,55.0
2270,68.115,4242.13925466,455.28416545,2,0,0.12959332,129.25,54.0
2271,68.145,4240.31918138,454.98551084,2,0,0.12959355,128.5,54.0
2272,68.175,4238.49645646,454.68448139,2,0,0.12959379,128.5,54.0
2273,68.205,4236.67126186,454.38059158,2,0,0.12959402,128.5,54.0
2274,68.235,4234.84376427,454.07769628,2,0,0.12959426,128.5,54.0
2275,68.265,4233.01393708,453.77599439,2,0,0.12959449,127.75,54.0
2276,68.295,4231.18164028,453.47617309,2,0,0.12959473,127.5,54.0
2277,68.325,4229.34693527,453.17241213,2,0,0.12959496,127.25,54.0
2278,68.355,4227.50990779,452.86865117,2,0,0.12959519,126.0,54.0
2279,68.385,4225.67055107,452.56616077,2,0,0.12959543,125.5,54.0
2280,68.415,4223.82881078,452.26557755,2,0,0.12959566,124.25,53.0
2281,68.445,4221.98463602,451.96634746,2,0,0.1295959,124.0,53.0
2282,68.475,4220.13803504,451.66532239,2,0,0.12959613,124.0,53.0
2283,68.505,4218.28898057,451.36922155,2,0,0.12959637,124.0,53.0
2284,68.535,4216.43729203,451.07522572,2,0,0.1295966,123.75,53.0
2285,68.565,4214.58287896,450.78696161,2,0,0.12959683,123.25,53.0
2286,68.595,4212.72551415,450.50178605,2,0,0.12959707,123.0,53.0
2287,68.625,4210.86501378,450.21798037,2,0,0.1295973,122.75,53.0
2288,68.655,4209.00146439,449.92996466,2,0,0.12959754,121.25,53.0
2289,68.685,4207.13496396,449.64194895,2,0,0.12959777,121.0,53.0
2290,68.715,4205.26551241,449.35408126,2,0,0.12959801,119.75,52.0
2291,68.745,4203.39319403,449.06522789,2,0,0.12959824,119.5,52.0
2292,68.775,4201.51791386,448.77876003,2,0,0.12959848,119.5,52.0
2293,68.805,4199.63958986,448.49229217,2,0,0.12959871,119.5,52.0
2294,68.835,4197.75822201,448.20582431,2,0,0.12959894,119.25,52.0
2295,68.865,4195.87381032,447.91935645,2,0,0.12959918,118.75,52.0
2296,68.895,4193.98634278,447.63447753,2,0,0.12959941,118.5,52.0
2297,68.925,4192.09554807,447.3561638,2,0,0.12959965,118.25,52.0
2298,68.955,4190.20116364,447.0780812,2,0,0.12959988,116.75,52.0
2299,68.985,4188.30318969,446.79966042,2,0,0.12960012,116.0,51.0
2300,69.015,4186.40181363,446.51525847,2,0,0.12960035,115.0,51.0
2301,69.045,4184.49729702,446.23007197,2,0,0.12960058,115.0,51.0
2302,69.075,4182.58953243,445.9492957,2,0,0.12960082,115.0,51.0
2303,69.105,4180.6783206,445.66954888,2,0,0.12960105,115.0,51.0
2304,69.135,4178.7636574,445.38980205,2,0,0.12960129,114.25,51.0
2305,69.165,4176.84554282,445.11005522,2,0,0.12960152,114.25,51.0
2306,69.195,4174.92397136,444.83187569,2,0,0.12960176,114.0,51.0
2307,69.225,4172.99865381,444.56254603,2,0,0.12960199,113.5,51.0
2308,69.255,4171.06932398,444.29483383,2,0,0.12960222,112.25,51.0
2309,69.285,4169.13618813,444.01917488,2,0,0.12960246,111.5,50.0
2310,69.315,4167.19943872,443.74351594,2,0,0.12960269,110.5,50.0
2311,69.345,4165.25907573,443.46785873,2,0,0.12960293,110.5,50.0
2312,69.375,4163.31496186,443.19499746,2,0,0.12960316,110.5,50.0
2313,69.405,4161.36696013,442.9221362,2,0,0.1296034,110.5,50.0
2314,69.435,4159.4150544,442.65099386,2,0,0.12960363,109.75,50.0
2315,69.465,4157.45919717,442.38060482,2,0,0.12960386,109.75,50.0
2316,69.495,4155.49937777,442.11104386,2,0,0.1296041,109.5,50.0
2317,69.525,4153.53527871,441.84763525,2,0,0.12960433,108.5,50.0
2318,69.555,4151.56685073,441.58029713,2,0,0.12960457,107.5,50.0
2319,69.585,4149.59417311,441.31295901,2,0,0.1296048,106.75,49.0
2320,69.615,4147.61723662,441.04689052,2,0,0.12960504,106.0,49.0
2321,69.645,4145.63594171,440.78355888,2,0,0.12960527,106.0,49.0
2322,69.675,4143.65005455,440.52141947,2,0,0.1296055,106.0,49.0
2323,69.705,4141.65954471,440.25971167,2,0,0.12960574,106.0,49.0
2324,69.735,4139.6642955,439.99776231,2,0,0.12960597,105.25,49.0
2325,69.765,4137.66438943,439.73388821,2,0,0.12960621,105.25,49.0
2326,69.795,4135.65970717,439.4702613,2,0,0.12960644,105.0,49.0
2327,69.825,4133.65041751,439.20360377,2,0,0.12960668,103.75,49.0
2328,69.855,4131.63659231,438.93694624,2,0,0.12960691,103.0,49.0
2329,69.885,4129.61810154,438.67847775,2,0,0.12960714,102.25,48.0
2330,69.915,4127.59468597,438.42269858,2,0,0.12960738,101.5,48.0
2331,69.945,4125.56609567,438.16786483,2,0,0.12960761,101.5,48.0
2332,69.975,4123.53231124,437.91303108,2,0,0.12960785,101.5,48.0
2333,70.005,4121.49330418,437.66032436,2,0,0.12960808,101.5,48.0
2334,70.035,4119.44900583,437.40894705,2,0,0.12960832,101.0,48.0
2335,70.065,4117.39920926,437.15529668,2,0,0.12960855,100.5,48.0
2336,70.095,4115.34401987,436.90030929,2,0,0.12960878,100.5,48.0
2337,70.125,4113.28344553,436.6453219,2,0,0.12960902,99.25,48.0
2338,70.155,4111.21746492,436.39126742,2,0,0.12960925,98.5,48.0
2339,70.185,4109.14578279,436.14030056,2,0,0.12960949,97.25,47.0
2340,70.215,4107.068287,435.88803357,2,0,0.12960972,97.0,47.0
2341,70.245,4104.9851461,435.63313226,2,0,0.12960996,97.0,47.0
2342,70.275,4102.89636022,435.37935237,2,0,0.12961019,97.0,47.0
2343,70.305,4100.8016195,435.12589791,2,0,0.12961042,97.0,47.0
2344,70.335,4098.70101763,434.86829481,2,0,0.12961066,96.5,47.0
2345,70.365,4096.59462418,434.61084589,2,0,0.12961089,96.0,47.0
2346,70.395,4094.4823133,434.35716602,2,0,0.12961113,95.75,47.0
2347,70.425,4092.36371103,434.10459406,2,0,0.12961136,95.0,47.0
2348,70.455,4090.2386778,433.85690943,2,0,0.1296116,94.25,47.0
2349,70.485,4088.10707685,433.60962054,2,0,0.12961183,92.75,46.0
2350,70.515,4085.96842132,433.37654714,2,0,0.12961206,92.75,46.0
2351,70.545,4083.82207998,433.14529367,2,0,0.1296123,92.5,46.0
2352,70.575,4081.6681957,432.90803229,2,0,0.12961253,92.5,46.0
2353,70.605,4079.50696639,432.67183448,2,0,0.12961277,92.5,46.0
2354,70.635,4077.3379815,432.43687233,2,0,0.129613,92.25,46.0
2355,70.665,4075.16119064,432.20191019,2,0,0.12961324,91.5,46.0
2356,70.695,4072.97655883,431.96793163,2,0,0.12961347,91.25,46.0
2357,70.725,4070.78362304,431.73594926,2,0,0.1296137,90.25,46.0
2358,70.755,4068.58223917,431.50401198,2,0,0.12961394,89.25,46.0
2359,70.785,4066.37234963,431.2751748,2,0,0.12961417,88.25,45.0
2360,70.815,4064.15355837,431.04151976,2,0,0.12961441,88.25,45.0
2361,70.845,4061.9260333,430.80433987,2,0,0.12961464,88.0,45.0
2362,70.875,4059.68974031,430.56834294,2,0,0.12961488,88.0,45.0
2363,70.905,4057.44406735,430.33421127,2,0,0.12961511,88.0,45.0
2364,70.935,4055.18885903,430.1000796,2,0,0.12961534,87.75,45.0
2365,70.965,4052.923869,429.86901444,2,0,0.12961558,87.0,45.0
2366,70.995,4050.64836934,429.63993799,2,0,0.12961581,86.5,45.0
2367,71.025,4048.36228074,429.4115583,2,0,0.12961605,85.5,45.0
2368,71.055,4046.06494003,429.17998347,2,0,0.12961628,84.25,44.0
2369,71.085,4043.75618957,428.94855226,2,0,0.12961652,83.75,44.0
2370,71.115,4041.43518961,428.73074408,2,0,0.12961675,83.75,44.0
2371,71.145,4039.10104647,428.51122187,2,0,0.12961698,83.5,44.0
2372,71.175,4036.75328716,428.29276838,2,0,0.12961722,83.5,44.0
2373,71.205,4034.39090501,428.07501649,2,0,0.12961745,83.5,44.0
2374,71.235,4032.01283884,427.8604774,2,0,0.12961769,83.0,44.0
2375,71.265,4029.61789208,427.6466297,2,0,0.12961792,82.5,44.0
2376,71.295,4027.204138,427.43080929,2,0,0.12961816,81.5,44.0
2377,71.325,4024.76950828,427.21704825,2,0,0.12961839,81.0,44.0
2378,71.355,4022.31080975,427.00654017,2,0,0.12961862,79.75,43.0
2379,71.385,4019.82215931,426.8042738,2,0,0.12961886,79.25,43.0
2380,71.415,4017.28910504,426.6073442,2,0,0.12961909,79.25,43.0
2381,71.445,4014.69458819,426.41771832,2,0,0.12961933,79.0,43.0
2382,71.475,4012.09881388,426.22824905,2,0,0.12961956,79.0,43.0
2383,71.505,4009.50293094,426.03454753,2,0,0.1296198,78.75,43.0
2384,71.535,4006.90718101,425.83712925,2,0,0.12962003,78.5,43.0
2385,71.565,4004.31158444,425.64097905,2,0,0.12962026,77.75,43.0
2386,71.595,4001.71609088,425.4454946,2,0,0.1296205,77.0,43.0
2387,71.625,3999.12069621,425.25001016,2,0,0.12962073,76.5,43.0
2388,71.655,3996.52529648,425.06390016,2,0,0.12962097,75.25,42.0
2389,71.685,3993.92955384,424.88247714,2,0,0.1296212,74.75,42.0
2390,71.715,3991.3334507,424.69914052,2,0,0.12962144,74.75,42.0
2391,71.745,3988.73721828,424.50907075,2,0,0.12962167,74.5,42.0
2392,71.775,3986.1409566,424.31969399,2,0,0.1296219,74.5,42.0
2393,71.805,3983.54461015,424.13172167,2,0,0.12962214,74.25,42.0
2394,71.835,3980.94816164,423.94374935,2,0,0.12962237,74.0,42.0
2395,71.865,3978.35161345,423.7550447,2,0,0.12962261,73.25,42.0
2396,71.895,3975.75511598,423.56182349,2,0,0.12962284,72.5,42.0
2397,71.925,3973.15876313,423.36719269,2,0,0.12962308,71.5,42.0
2398,71.955,3970.56278594,423.16451677,2,0,0.12962331,70.75,41.0
2399,71.985,3967.96731781,422.96184085,2,0,0.12962354,70.25,41.0
2400,72.015,3965.37235676,422.75963842,2,0,0.12962378,70.25,41.0
2401,72.045,3962.77776675,422.56125997,2,0,0.12962401,70.0,41.0
2402,72.075,3960.18348085,422.35722466,2,0,0.12962425,70.0,41.0
2403,72.105,3957.58986595,422.15113341,2,0,0.12962448,69.75,41.0
2404,72.135,3954.9969642,421.94164318,2,0,0.12962472,69.5,41.0
2405,72.165,3952.40497453,421.73458873,2,0,0.12962495,68.75,41.0
2406,72.195,3949.81357785,421.53483338,2,0,0.12962518,68.0,41.0
2407,72.225,3947.22272197,421.33507804,2,0,0.12962542,67.0,41.0
2408,72.255,3944.63238536,421.13799898,2,0,0.12962565,66.0,40.0
2409,72.285,3942.04232101,420.94628078,2,0,0.12962589,65.75,40.0
2410,72.315,3939.45245107,420.75456259,2,0,0.12962612,65.75,40.0
2411,72.345,3936.86290189,420.55404332,2,0,0.12962636,65.5,40.0
2412,72.375,3934.27396611,420.35083333,2,0,0.12962659,65.5,40.0
2413,72.405,3931.68565555,420.14762334,2,0,0.12962683,65.25,40.0
2414,72.435,3929.0979702,419.94441335,2,0,0.12962706,64.5,40.0
2415,72.465,3926.51091007,419.74120336,2,0,0.12962729,64.25,40.0
2416,72.495,3923.92447403,419.53832465,2,0,0.12962753,63.25,40.0
2417,72.525,3921.33866061,419.33108443,2,0,0.12962776,62.25,40.0
2418,72.555,3918.75379206,419.11714147,2,0,0.129628,61.25,39.0
2419,72.585,3916.16993298,418.90319852,2,0,0.12962823,61.25,39.0
2420,72.615,3913.58708337,418.68925556,2,0,0.12962847,61.25,39.0
2421,72.645,3911.00501828,418.49209474,2,0,0.1296287,61.0,39.0
2422,72.675,3908.4233182,418.29838462,2,0,0.12962893,61.0,39.0
2423,72.705,3905.84203011,418.09797826,2,0,0.12962917,60.75,39.0
2424,72.735,3903.26153885,417.89044086,2,0,0.1296294,60.0,39.0
2425,72.765,3900.68185551,417.68469373,2,0,0.12962964,59.75,39.0
2426,72.795,3898.10284613,417.47969538,2,0,0.12962987,58.75,39.0
2427,72.825,3895.52461664,417.27366794,2,0,0.12963011,57.25,38.0
2428,72.855,3892.94718759,417.06764051,2,0,0.12963034,56.75,38.0
2429,72.885,3890.37072009,416.84948891,2,0,0.12963057,56.75,38.0
2430,72.915,3887.79562262,416.6254405,2,0,0.12963081,56.5,38.0
2431,72.945,3885.2220948,416.3976618,2,0,0.12963104,56.5,38.0
2432,72.975,3882.65027352,416.16585516,2,0,0.12963128,56.5,38.0
2433,73.005,3880.08025948,415.93412324,2,0,0.12963151,56.0,38.0
2434,73.035,3877.51207747,415.69629027,2,0,0.12963174,55.5,38.0
2435,73.065,3874.94609584,415.45832186,2,0,0.12963196,54.75,38.0
2436,73.095,3872.38186131,415.23311682,2,0,0.12963217,54.0,38.0
2437,73.125,3869.81926919,415.00831395,2,0,0.12963238,52.75,37.0
2438,73.155,3867.25816606,414.78945354,2,0,0.12963259,52.25,37.0
2439,73.185,3864.69845081,414.56629675,2,0,0.12963279,52.25,37.0
2440,73.215,3862.1405264,414.35788648,2,0,0.12963298,52.0,37.0
2441,73.245,3859.57989238,414.32435466,2,0,0.12963317,52.0,37.0
2442,73.275,3857.01379647,414.29082283,2,0,0.12963335,52.0,37.0
2443,73.305,3854.44223869,414.257291,2,0,0.12963353,51.5,37.0
2444,73.335,3851.86529495,414.21322891,2,0,0.1296337,50.75,37.0
2445,73.365,3849.2835834,414.15508028,2,0,0.12963387,50.25,37.0
2446,73.395,3846.69723992,414.09693165,2,0,0.12963403,49.25,37.0
2447,73.425,3844.10626343,414.03907999,2,0,0.12963418,48.25,36.0
2448,73.455,3841.51038446,414.00150055,2,0,0.12963433,47.75,36.0
2449,73.485,3838.90918519,413.94953149,2,0,0.12963447,47.75,36.0
2450,73.515,3836.30314184,413.89691251,2,0,0.12963461,47.5,36.0
2451,73.545,3833.69220906,413.84429354,2,0,0.12963475,47.5,36.0
2452,73.575,3831.07638685,413.79167456,2,0,0.12963487,47.5,36.0
2453,73.605,3828.45570741,413.73830841,2,0,0.129635,46.75,36.0
2454,73.635,3825.83016219,413.68602768,2,0,0.12963511,46.25,36.0
2455,73.665,3823.19972757,413.63431803,2,0,0.12963522,45.75,36.0
2456,73.695,3820.56429242,413.58409284,2,0,0.12963533,44.75,36.0
2457,73.725,3817.92447902,413.49301917,2,0,0.12963543,43.75,35.0
2458,73.755,3815.28093733,413.40194551,2,0,0.12963552,43.25,35.0
2459,73.785,3812.63366377,413.31393163,2,0,0.12963561,43.25,35.0
2460,73.815,3809.98219135,413.23471057,2,0,0.12963569,43.0,35.0
2461,73.845,3807.32723996,413.12959455,2,0,0.12963577,43.0,35.0
2462,73.875,3804.66915683,413.02174587,2,0,0.12963584,42.75,35.0
2463,73.905,3802.00809941,412.88436864,2,0,0.12963591,42.25,35.0
2464,73.935,3799.34505619,412.75042225,2,0,0.12963597,41.75,35.0
2465,73.965,3796.67959511,412.61917689,2,0,0.12963603,41.0,35.0
2466,73.995,3794.01234398,412.43052199,2,0,0.12963608,40.0,35.0
2467,74.025,3791.34500118,412.21982962,2,0,0.12963612,39.25,34.0
2468,74.055,3788.6778079,411.97317291,2,0,0.12963616,38.75,34.0
2469,74.085,3786.01333861,411.64684636,2,0,0.1296362,38.75,34.0
2470,74.115,3783.35164844,411.32799352,2,0,0.12963622,38.5,34.0
2471,74.145,3780.69558756,410.88406703,2,0,0.12963625,38.5,34.0
2472,74.175,3778.04809796,410.27600673,2,0,0.12963626,38.25,34.0
2473,74.205,3775.41590292,409.44237371,2,0,0.12963628,37.75,34.0
2474,74.235,3772.81071162,407.8857399,2,0,0.12961776,37.25,34.0
2475,74.265,3770.26698763,406.33707558,1,0,0.12957944,36.25,34.0
2476,74.295,3767.71490502,406.91307308,1,0,0.12954111,35.25,33.0
2477,74.325,3765.1394708,407.48931711,1,0,0.12950279,34.5,32.0
2478,74.355,3762.54040473,408.10328819,1,0,0.12946447,34.25,32.0
2479,74.385,3759.9158839,408.75899013,1,0,0.12942614,34.25,32.0
2480,74.415,3757.26557281,409.41469208,1,0,0.12938782,34.0,32.0
2481,74.445,3754.58916819,410.11349836,1,0,0.12934949,34.0,32.0
2482,74.475,3751.88451014,410.86402539,1,0,0.12929085,33.5,32.0
2483,74.505,3749.15099771,411.61643212,1,0,0.12916077,33.25,32.0
2484,74.535,3746.38854625,412.36883886,1,0,0.12902877,32.25,32.0
2485,74.565,3743.59686758,413.16947462,1,0,0.12889677,31.75,32.0
2486,74.595,3740.77320743,414.04455599,1,0,0.12876477,30.75,32.0
2487,74.625,3737.91687913,414.91963737,1,0,0.12863277,30.25,31.0
2488,74.655,3735.02570742,415.94165079,1,0,0.12850077,30.0,31.0
2489,74.685,3732.09729047,416.96760644,1,0,0.12836877,30.0,31.0
2490,74.715,3729.13160993,417.98897009,1,0,0.12823048,29.75,30.0
2491,74.745,3726.12661207,419.18332086,1,0,0.12801368,29.75,30.0
2492,74.775,3723.07801698,420.41919,1,0,0.12778565,29.25,30.0
2493,74.805,3719.98153626,421.93404242,1,0,0.12755762,28.75,30.0
2494,74.835,3716.83288057,423.45348667,1,0,0.12732959,28.25,30.0
2495,74.865,3713.62843066,425.31226128,1,0,0.12710157,27.75,30.0
2496,74.895,3710.35527536,427.66934769,1,0,0.12687354,26.5,29.0
2497,74.925,3706.99590063,430.64271136,1,0,0.12664551,26.0,29.0
2498,74.955,3703.49102853,437.23689623,2,0,0.12641011,25.75,29.0
2499,74.985,3699.8748658,437.03074609,2,0,0.12609291,25.75,29.0
2500,75.015,3696.25772369,436.82459595,2,0,0.1257661,25.75,29.0
2501,75.045,3692.63960219,436.61844581,2,0,0.12543929,25.75,29.0
2502,75.075,3689.02045573,436.41294246,2,0,0.12511247,25.25,29.0
2503,75.105,3685.40016868,436.20766732,2,0,0.12478566,25.0,29.0
2504,75.135,3681.77873536,436.00239219,2,0,0.12445885,24.25,29.0
2505,75.165,3678.15615579,435.79711706,2,0,0.12413203,23.25,28.0
2506,75.195,3674.53239553,435.5932654,2,0,0.12377369,22.5,27.0
2507,75.225,3670.90731733,435.39032897,2,0,0.12334603,22.0,27.0
2508,75.255,3667.28087337,435.18793242,2,0,0.12291715,21.75,27.0
2509,75.285,3663.65293373,434.98587059,2,0,0.12248827,21.75,27.0
2510,75.315,3660.02348552,434.78380877,2,0,0.12205939,21.75,27.0
2511,75.345,3656.39252871,434.58174694,2,0,0.12163052,21.75,27.0
2512,75.375,3652.76006332,434.37968511,2,0,0.12120164,21.25,27.0
2513,75.405,3649.12608468,434.17812663,2,0,0.12076825,21.0,27.0
2514,75.435,3645.49041587,433.97899644,2,0,0.12024655,20.25,27.0
2515,75.465,3641.85291302,433.77866574,2,0,0.11971208,19.5,27.0
2516,75.495,3638.21386296,433.57698573,2,0,0.1191776,18.75,25.0
2517,75.525,3634.57330826,433.37560105,2,0,0.11864313,18.0,25.0
2518,75.555,3630.93116267,433.16989981,2,0,0.11810865,18.0,25.0
2519,75.585,3627.28745053,432.96407014,2,0,0.11757418,18.0,25.0
2520,75.615,3623.64211039,432.76014823,2,0,0.11703782,18.0,25.0
2521,75.645,3619.99486924,432.56129609,2,0,0.11641082,18.0,25.0
2522,75.675,3616.34540642,432.36749248,2,0,0.11576623,17.5,25.0
2523,75.705,3612.69365686,432.17368887,2,0,0.11512164,17.25,25.0
2524,75.735,3609.03962055,431.97988527,2,0,0.11447705,16.25,25.0
2525,75.765,3605.38328944,431.78632271,2,0,0.11383246,15.75,25.0
2526,75.795,3601.72451221,431.59340233,2,0,0.11318787,15.25,24.0
2527,75.825,3598.06321486,431.40136682,2,0,0.11252732,14.5,24.0
2528,75.855,3594.39921817,431.2108357,2,0,0.11177064,14.5,24.0
2529,75.885,3590.7324737,431.02030458,2,0,0.11101133,14.5,24.0
2530,75.915,3587.06298542,430.82864386,2,0,0.11025203,14.5,24.0
2531,75.945,3583.39085054,430.63206699,2,0,0.10949272,14.5,24.0
2532,75.975,3579.71602347,430.43561496,2,0,0.10873341,14.0,24.0
2533,76.005,3576.03850189,430.23916292,2,0,0.1079741,13.75,24.0
2534,76.035,3572.35816327,430.04498351,2,0,0.10712887,12.75,23.0
2535,76.065,3568.67486398,429.85039991,2,0,0.10624947,12.25,23.0
2536,76.095,3564.98883089,429.65406187,2,0,0.10536969,11.5,22.0
2537,76.125,3561.30001906,429.45804255,2,0,0.10448992,11.0,21.0
2538,76.155,3557.60841229,429.26202323,2,0,0.10361014,11.0,21.0
2539,76.185,3553.91382909,429.06872589,2,0,0.10273036,11.0,21.0
2540,76.215,3550.21593709,428.87765187,2,0,0.10176753,11.0,21.0
2541,76.245,3546.51448815,428.68747281,2,0,0.10076156,10.75,21.0
2542,76.275,3542.80927218,428.49762255,2,0,0.09975517,10.5,21.0
2543,76.305,3539.10027058,428.30777228,2,0,0.09874878,10.0,21.0
2544,76.335,3535.38748335,428.11792202,2,0,0.09774239,9.5,21.0
2545,76.365,3531.67100828,427.92212511,2,0,0.09673193,9.0,21.0
2546,76.395,3527.95072764,427.72752428,2,0,0.09560177,8.25,20.0
2547,76.425,3524.22632614,427.53345093,2,0,0.09446127,8.0,20.0
2548,76.455,3520.49761352,427.34763745,2,0,0.09332078,8.0,20.0
2549,76.485,3516.76443288,427.16182396,2,0,0.09218028,8.0,20.0
2550,76.515,3513.02678066,426.97763853,2,0,0.09103978,8.0,20.0
2551,76.545,3509.28429871,426.79638383,2,0,0.08980967,7.75,20.0
2552,76.575,3505.53663449,426.61559493,2,0,0.08852689,7.5,19.0
2553,76.605,3501.78378053,426.43480604,2,0,0.0872436,6.75,18.0
2554,76.635,3498.02573682,426.25401715,2,0,0.08596031,6.5,18.0
2555,76.665,3494.2624295,426.0721536,2,0,0.08467701,5.75,17.0
2556,76.695,3490.49381196,425.89143735,2,0,0.08328977,5.5,17.0
2557,76.725,3486.71961015,425.71110525,2,0,0.08185384,5.25,17.0
2558,76.755,3482.93981803,425.53077316,2,0,0.08041718,5.25,17.0
2559,76.785,3479.15417427,425.35306545,2,0,0.07898051,5.0,17.0
2560,76.815,3475.36205982,425.17719105,2,0,0.07752525,5.0,17.0
2561,76.845,3471.56305593,425.00306941,2,0,0.07592224,4.75,17.0
2562,76.875,3467.75703097,424.82625376,2,0,0.07431856,4.75,17.0
2563,76.905,3463.94390618,424.64579163,2,0,0.07271487,4.25,17.0
2564,76.935,3460.12349598,424.46549696,2,0,0.07110946,4.0,17.0
2565,76.965,3456.29542506,424.28736092,2,0,0.06933572,3.25,14.0
2566,76.995,3452.45932485,424.10974439,2,0,0.06754788,3.0,14.0
2567,77.025,3448.61470595,423.93263568,2,0,0.06576004,2.75,14.0
2568,77.055,3444.76145598,423.75617156,2,0,0.06393985,2.75,14.0
2569,77.085,3440.8989812,423.58158857,2,0,0.06194364,2.5,14.0
2570,77.115,3437.02653328,423.4078123,2,0,0.05994743,2.5,14.0
2571,77.145,3433.14392066,423.22993232,2,0,0.05795122,2.25,14.0
2572,77.175,3429.25095309,423.04978202,2,0,0.05576656,2.25,14.0
2573,77.205,3425.34632008,422.87601607,2,0,0.05352917,1.75,12.0
2574,77.235,3421.429762,422.70343298,2,0,0.05129156,1.5,11.0
2575,77.265,3417.50068443,422.53348476,2,0,0.04881833,1.25,9.0
2576,77.295,3413.55736501,422.36417265,2,0,0.04628973,1.0,8.0
2577,77.325,3409.59953518,422.19585461,2,0,0.04365034,0.75,6.0
2578,77.355,3405.62468515,422.03011922,2,0,0.04054253,0.75,6.0
2579,77.385,3401.63154174,421.86755679,2,0,0.03733827,0.5,4.0
2580,77.415,3397.61656269,421.70757447,2,0,0.03327855,0.25,2.0
2581,77.445,3393.57719194,421.54906801,2,0,0.02867093,0.25,2.0
2582,77.475,3389.50731258,421.39263991,2,0,0.02303398,0.0,0.0
2583,77.505,3385.3965749,421.2394784,2,0,0.01462642,0.0,0.0
2584,77.535,3381.20889312,421.09137026,2,0,0.0,0.0,0.0
2585,77.565,3376.99380129,420.94546681,2,0,0.0,0.0,0.0
2586,77.595,3372.78269478,420.79956335,2,0,0.0,0.0,0.0
2587,77.625,3368.57557358,420.6536599,2,0,0.0,0.0,0.0
2588,77.655,3364.37243768,420.50775645,2,0,0.0,0.0,0.0
2589,77.685,3360.1732871,420.361853,2,0,0.0,0.0,0.0
2590,77.715,3355.97812183,420.21594955,2,0,0.0,0.0,0.0
2591,77.745,3351.78697411,420.06905772,2,0,0.0,0.0,0.0
2592,77.775,3347.60025879,419.92020535,2,0,0.0,0.0,0.0
2593,77.805,3343.41813789,419.7676422,2,0,0.0,0.0,0.0
2594,77.835,3339.24085324,419.61084067,2,0,0.0,0.0,0.0
2595,77.865,3335.06845074,419.45403914,2,0,0.0,0.0,0.0
2596,77.895,3330.90093041,419.297099,2,0,0.0,0.0,0.0
2597,77.925,3326.73841945,419.13253928,2,0,0.0,0.0,0.0
2598,77.955,3322.58050027,418.97968507,2,0,0.0,0.0,0.0
2599,77.985,3318.42693084,418.82803371,2,0,0.0,0.0,0.0
2600,78.015,3314.27772171,418.67638235,2,0,0.0,0.0,0.0
2601,78.045,3310.13287287,418.52473099,2,0,0.0,0.0,0.0
2602,78.075,3305.99238434,418.37307963,2,0,0.0,0.0,0.0
2603,78.105,3301.8562561,418.22142827,2,0,0.0,0.0,0.0
2604,78.135,3297.72448816,418.06977691,2,0,0.0,0.0,0.0
2605,78.165,3293.59708052,417.91812554,2,0,0.0,0.0,0.0
2606,78.195,3289.47403317,417.76647418,2,0,0.0,0.0,0.0
2607,78.225,3285.35534613,417.61482282,2,0,0.0,0.0,0.0
2608,78.255,3281.24111258,417.46156583,2,0,0.0,0.0,0.0
2609,78.285,3277.13181322,417.30693419,2,0,0.0,0.0,0.0
2610,78.315,3273.02751636,417.15230255,2,0,0.0,0.0,0.0
2611,78.345,3268.928222,416.99767091,2,0,0.0,0.0,0.0
2612,78.375,3264.83393014,416.84303927,2,0,0.0,0.0,0.0
2613,78.405,3260.74464078,416.68840763,2,0,0.0,0.0,0.0
2614,78.435,3256.66035392,416.53377599,2,0,0.0,0.0,0.0
2615,78.465,3252.58090164,416.3814001,2,0,0.0,0.0,0.0
2616,78.495,3248.50589379,416.22971738,2,0,0.0,0.0,0.0
2617,78.525,3244.43531451,416.07803467,2,0,0.0,0.0,0.0
2618,78.555,3240.3691638,415.92635195,2,0,0.0,0.0,0.0
2619,78.585,3236.30744165,415.77466924,2,0,0.0,0.0,0.0
2620,78.615,3232.25014808,415.62298652,2,0,0.0,0.0,0.0
2621,78.645,3228.19728886,415.47122946,2,0,0.0,0.0,0.0
2622,78.675,3224.14884185,415.3206466,2,0,0.0,0.0,0.0
2623,78.705,3220.10483129,415.16581655,2,0,0.0,0.0,0.0
2624,78.735,3216.06569219,415.00448293,2,0,0.0,0.0,0.0
2625,78.765,3212.031985,414.84223971,2,0,0.0,0.0,0.0
2626,78.795,3208.00374281,414.67999648,2,0,0.0,0.0,0.0
2627,78.825,3203.98096561,414.51775326,2,0,0.0,0.0,0.0
2628,78.855,3199.9636534,414.35551004,2,0,0.0,0.0,0.0
2629,78.885,3195.95180617,414.19326682,2,0,0.0,0.0,0.0
2630,78.915,3191.94542394,414.03102359,2,0,0.0,0.0,0.0
2631,78.945,3187.94450669,413.86878037,2,0,0.0,0.0,0.0
2632,78.975,3183.94875323,413.70942363,2,0,0.0,0.0,0.0
2633,79.005,3179.95782287,413.55016069,2,0,0.0,0.0,0.0
2634,79.035,3175.9717153,413.39089774,2,0,0.0,0.0,0.0
2635,79.065,3171.99043052,413.2316348,2,0,0.0,0.0,0.0
2636,79.095,3168.01396853,413.07237186,2,0,0.0,0.0,0.0
2637,79.125,3164.04232932,412.91310892,2,0,0.0,0.0,0.0
2638,79.155,3160.0755129,412.75384597,2,0,0.0,0.0,0.0
2639,79.185,3156.11381099,412.59202722,2,0,0.0,0.0,0.0
2640,79.215,3152.15775095,412.42971603,2,0,0.0,0.0,0.0
2641,79.245,3148.20734363,412.26740484,2,0,0.0,0.0,0.0
2642,79.275,3144.26258902,412.10509365,2,0,0.0,0.0,0.0
2643,79.305,3140.32348712,411.94278246,2,0,0.0,0.0,0.0
2644,79.335,3136.38990154,411.7902098,2,0,0.0,0.0,0.0
2645,79.365,3132.46166177,411.63109192,2,0,0.0,0.0,0.0
2646,79.395,3128.53902924,411.47007665,2,0,0.0,0.0,0.0
2647,79.425,3124.62200389,411.30944693,2,0,0.0,0.0,0.0
2648,79.455,3120.71014177,411.15144522,2,0,0.0,0.0,0.0
2649,79.485,3116.80316686,410.99344351,2,0,0.0,0.0,0.0
2650,79.515,3112.90107916,410.8354418,2,0,0.0,0.0,0.0
2651,79.545,3109.00387868,410.6774401,2,0,0.0,0.0,0.0
2652,79.575,3105.11161067,410.51475677,2,0,0.0,0.0,0.0
2653,79.605,3101.22501659,410.34426892,2,0,0.0,0.0,0.0
2654,79.635,3097.3446401,410.17372896,2,0,0.0,0.0,0.0
2655,79.665,3093.47048134,410.00318901,2,0,0.0,0.0,0.0
2656,79.695,3089.6025403,409.83264906,2,0,0.0,0.0,0.0
2657,79.725,3085.74082348,409.66325489,2,0,0.0,0.0,0.0
2658,79.755,3081.88535453,409.49452289,2,0,0.0,0.0,0.0
2659,79.785,3078.03613562,409.32579089,2,0,0.0,0.0,0.0
2660,79.815,3074.19316674,409.15705889,2,0,0.0,0.0,0.0
2661,79.845,3070.3564479,408.98832689,2,0,0.0,0.0,0.0
2662,79.875,3066.52594924,408.82041251,2,0,0.0,0.0,0.0
2663,79.905,3062.7010929,408.65472876,2,0,0.0,0.0,0.0
2664,79.935,3058.88165668,408.48904501,2,0,0.0,0.0,0.0
2665,79.965,3055.06764959,408.3247467,2,0,0.0,0.0,0.0
2666,79.995,3051.25946678,408.17027392,2,0,0.0,0.0,0.0
2667,80.025,3047.45732558,408.01335528,2,0,0.0,0.0,0.0
2668,80.055,3043.66153399,407.84609341,2,0,0.0,0.0,0.0
2669,80.085,3039.87224586,407.67883155,2,0,0.0,0.0,0.0
2670,80.115,3036.08946119,407.51156969,2,0,0.0,0.0,0.0
2671,80.145,3032.31317999,407.34430783,2,0,0.0,0.0,0.0
2672,80.175,3028.54340224,407.17704597,2,0,0.0,0.0,0.0
2673,80.205,3024.78012795,407.0097841,2,0,0.0,0.0,0.0
2674,80.235,3021.02335713,406.84252224,2,0,0.0,0.0,0.0
2675,80.265,3017.27308976,406.67526038,2,0,0.0,0.0,0.0
2676,80.295,3013.52924758,406.51003633,2,0,0.0,0.0,0.0
2677,80.325,3009.79122955,406.34612093,2,0,0.0,0.0,0.0
2678,80.355,3006.05986533,406.18022239,2,0,0.0,0.0,0.0
2679,80.385,3002.33542214,406.01432386,2,0,0.0,0.0,0.0
2680,80.415,2998.61795477,405.84297264,2,0,0.0,0.0,0.0
2681,80.445,2994.90776156,405.66668093,2,0,0.0,0.0,0.0
2682,80.475,2991.2048875,405.49038921,2,0,0.0,0.0,0.0
2683,80.505,2987.50933258,405.3140975,2,0,0.0,0.0,0.0
2684,80.535,2983.82109682,405.13780578,2,0,0.0,0.0,0.0
2685,80.565,2980.1401802,404.96151406,2,0,0.0,0.0,0.0
2686,80.595,2976.46649732,404.79405027,2,0,0.0,0.0,0.0
2687,80.625,2972.77846077,406.89892131,2,0,0.0,0.0,0.0
2688,80.655,2969.02239646,408.47187038,2,0,0.0,0.0,0.0
2689,80.685,2965.23278743,409.49333563,2,0,0.0,0.0,0.0
2690,80.715,2961.41966079,410.28858986,2,0,0.0,0.0,0.0
2691,80.745,2957.58785617,410.92599613,2,0,0.0,0.0,0.0
2692,80.775,2953.74070252,411.50672619,2,0,0.0,0.0,0.0
2693,80.805,2949.91121699,409.72132496,2,0,0.0,0.0,0.0
2694,80.835,2946.16870113,408.49487469,2,0,0.0,0.0,0.0
2695,80.865,2942.47185507,407.73744836,2,0,0.0,0.0,0.0
2696,80.895,2938.80764248,407.16907131,2,0,0.0,0.0,0.0
2697,80.925,2935.17082257,406.67886008,2,0,0.0,0.0,0.0
2698,80.955,2931.55852053,406.26705735,2,0,0.0,0.0,0.0
2699,80.985,2927.96948286,405.87995115,2,0,0.0,0.0,0.0
2700,81.015,2924.40249522,405.53041585,2,0,0.0,0.0,0.0
2701,81.045,2920.85498305,405.2052862,2,0,0.0,0.0,0.0
2702,81.075,2917.32588441,404.89332922,2,0,0.0,0.0,0.0
2703,81.105,2913.81396203,404.59256301,2,0,0.0,0.0,0.0
2704,81.135,2910.31843517,404.3199551,2,0,0.0,0.0,0.0
2705,81.165,2906.83896695,404.0292463,2,0,0.0,0.0,0.0
2706,81.195,2903.37520786,403.78477804,2,0,0.0,0.0,0.0
2707,81.225,2899.92791675,403.53429931,2,0,0.0,0.0,0.0
2708,81.255,2896.49808905,403.27125009,2,0,0.0,0.0,0.0
2709,81.285,2893.08512287,403.02184866,2,0,0.0,0.0,0.0
2710,81.315,2889.6890695,402.76234682,2,0,0.0,0.0,0.0
2711,81.345,2886.30975632,402.50420956,2,0,0.0,0.0,0.0
2712,81.375,2882.94633865,402.24316122,2,0,0.0,0.0,0.0
2713,81.405,2879.59792041,401.99372319,2,0,0.0,0.0,0.0
2714,81.435,2876.26591155,401.75213942,2,0,0.0,0.0,0.0
2715,81.465,2872.95203696,401.49289424,2,0,0.0,0.0,0.0
2716,81.495,2869.65635021,401.24130382,2,0,0.0,0.0,0.0
2717,81.525,2866.37843291,400.99796069,2,0,0.0,0.0,0.0
2718,81.555,2863.11806647,400.7589689,2,0,0.0,0.0,0.0
2719,81.585,2859.87526618,400.50618271,2,0,0.0,0.0,0.0
2720,81.615,2856.65153444,400.25899095,2,0,0.0,0.0,0.0
2721,81.645,2853.4500235,400.01674877,2,0,0.0,0.0,0.0
2722,81.675,2850.2690644,399.77960427,2,0,0.0,0.0,0.0
2723,81.705,2847.10837297,399.53534523,2,0,0.0,0.0,0.0
2724,81.735,2843.9678897,399.30628987,2,0,0.0,0.0,0.0
2725,81.765,2840.84820379,399.08651065,2,0,0.0,0.0,0.0
2726,81.795,2837.75529551,398.86775238,2,0,0.0,0.0,0.0
2727,81.825,2834.68967155,398.64921377,2,0,0.0,0.0,0.0
2728,81.855,2831.64067258,398.4284387,2,0,0.0,0.0,0.0
2729,81.885,2828.51156807,398.21516529,2,0,0.0,0.0,0.0
2730,81.915,2825.35464655,398.01002173,2,0,0.0,0.0,0.0
2731,81.945,2822.18940139,397.81897081,2,0,0.0,0.0,0.0
2732,81.975,2819.03187503,397.62374913,2,0,0.0,0.0,0.0
2733,82.005,2815.91265522,397.41849866,2,0,0.0,0.0,0.0
2734,82.035,2812.89570728,397.21904828,2,0,0.0,0.0,0.0
2735,82.065,2809.89304309,397.02801432,2,0,0.0,0.0,0.0
2736,82.095,2806.85374371,396.84033453,2,0,0.0,0.0,0.0
2737,82.125,2803.77956895,396.64794612,2,0,0.0,0.0,0.0
2738,82.155,2800.66907291,396.46826895,2,0,0.0,0.0,0.0
2739,82.185,2797.52293354,396.29202103,2,0,0.0,0.0,0.0
2740,82.215,2794.34223103,396.12159916,2,0,0.0,0.0,0.0
2741,82.245,2791.12778092,395.96167873,2,0,0.0,0.0,0.0
2742,82.275,2787.8799696,395.82129076,2,0,0.0,0.0,0.0
2743,82.305,2784.59912907,395.6811553,2,0,0.0,0.0,0.0
2744,82.335,2781.28274857,395.54905237,2,0,0.0,0.0,0.0
2745,82.365,2777.92962986,395.41694945,2,0,0.0,0.0,0.0
2746,82.395,2774.54023113,395.2963069,2,0,0.0,0.0,0.0
2747,82.425,2771.11499424,395.17222805,2,0,0.0,0.0,0.0
2748,82.455,2767.65482986,395.02722767,2,0,0.0,0.0,0.0
2749,82.485,2764.15677548,394.88763293,2,0,0.0,0.0,0.0
2750,82.515,2760.61684665,394.75444,2,0,0.0,0.0,0.0
2751,82.545,2757.03547947,394.63093995,2,0,0.0,0.0,0.0
2752,82.575,2753.41293816,394.50810548,2,0,0.0,0.0,0.0
2753,82.605,2749.74257778,394.38378857,2,0,0.0,0.0,0.0
2754,82.635,2746.01755423,394.26315814,2,0,0.0,0.0,0.0
2755,82.665,2742.23758456,394.14673678,2,0,0.0,0.0,0.0
2756,82.695,2738.38291525,394.04040828,2,0,0.0,0.0,0.0
2757,82.725,2734.4287406,393.94114157,2,0,0.0,0.0,0.0
2758,82.755,2730.32854975,393.85364259,2,0,0.0,0.0,0.0
2759,82.785,2726.21949372,393.76782754,2,0,0.0,0.0,0.0
2760,82.815,2722.1078334,393.68355819,2,0,0.0,0.0,0.0
2761,82.845,2717.99343753,393.60328828,2,0,0.0,0.0,0.0
2762,82.875,2713.87678961,393.52698639,2,0,0.0,0.0,0.0
2763,82.905,2709.75801789,393.45299374,2,0,0.0,0.0,0.0
2764,82.935,2705.63706834,393.3779786,2,0,0.0,0.0,0.0
2765,82.965,2701.51492963,393.28265577,2,0,0.0,0.0,0.0
2766,82.995,2697.39234283,393.18430734,2,0,0.0,0.5,3.0
2767,83.025,2693.26916701,393.089914,2,0,0.0,0.5,3.0
2768,83.055,2689.14567191,393.0021944,2,0,0.0,0.5,3.0
2769,83.085,2685.02202354,392.91447481,2,0,0.0,0.5,3.0
2770,83.115,2680.89824692,392.82388338,2,0,0.0,0.5,3.0
2771,83.145,2676.77485077,392.7347525,2,0,0.0,0.5,3.0
2772,83.175,2672.6520803,392.66164592,2,0,0.0,0.5,3.0
2773,83.205,2668.52885,392.61320093,2,0,0.0,0.5,3.0
2774,83.235,2664.40500958,392.56859767,2,0,0.0,0.5,3.0
2775,83.265,2660.28097126,392.52574538,2,0,0.0,0.5,3.0
2776,83.295,2656.15677047,392.48142726,2,0,0.0,0.5,3.0
2777,83.325,2652.03257145,392.43580627,2,0,0.0,0.5,3.0
2778,83.355,2647.90874904,392.39455858,2,0,0.0,0.5,3.0
2779,83.385,2643.78537168,392.35583561,2,0,0.0,0.5,3.0
2780,83.415,2639.66231023,392.317774,2,0,0.0,0.5,3.0
2781,83.445,2635.5401653,392.25112941,2,0,0.0,0.5,3.0
2782,83.475,2631.42027137,392.17569122,2,0,0.0,0.5,3.0
2783,83.505,2627.30271019,392.09507125,2,0,0.0,0.5,3.0
2784,83.535,2623.18766083,392.01549065,2,0,0.0,0.5,3.0
2785,83.565,2619.07547822,391.94049163,2,0,0.0,0.5,3.0
2786,83.595,2614.96581227,391.8978652,2,0,0.0,0.5,3.0
2787,83.625,2610.85759228,391.8692395,2,0,0.0,0.5,3.0
2788,83.655,2606.75080818,391.84462783,2,0,0.0,0.5,3.0
2789,83.685,2602.64582574,391.8194433,2,0,0.0,0.5,3.0
2790,83.715,2598.54285472,391.79091251,2,0,0.0,0.5,3.0
2791,83.745,2594.44193972,391.76251446,2,0,0.0,0.5,3.0
2792,83.775,2590.34325018,391.74294532,2,0,0.0,0.5,3.0
2793,83.805,2586.24680055,391.72498526,2,0,0.0,0.5,3.0
2794,83.835,2582.15256741,391.7070252,2,0,0.0,0.5,3.0
2795,83.865,2578.0605702,391.6907467,2,0,0.0,0.5,3.0
2796,83.895,2573.97159593,391.6456586,2,0,0.0,0.5,3.0
2797,83.925,2569.8866081,391.59510085,2,0,0.0,0.5,3.0
2798,83.955,2565.80548052,391.55909462,2,0,0.0,0.5,3.0
2799,83.985,2561.72708225,391.56551047,2,0,0.0,0.5,3.0
2800,84.015,2557.65118133,391.57582361,2,0,0.0,0.5,3.0
2801,84.045,2553.5778179,391.58613674,2,0,0.0,0.5,3.0
2802,84.075,2549.50697458,391.59718137,2,0,0.0,0.5,3.0
2803,84.105,2545.43888285,391.59841063,2,0,0.0,0.5,3.0
2804,84.135,2541.3744258,391.59308058,2,0,0.0,0.5,3.0
2805,84.165,2537.31369338,391.58775052,2,0,0.0,0.5,3.0
2806,84.195,2533.25665924,391.58382583,2,0,0.0,0.5,3.0
2807,84.225,2529.20333839,391.58621592,2,0,0.0,0.5,3.0
2808,84.255,2525.15391252,391.59116058,2,0,0.0,0.5,3.0
2809,84.285,2521.10836629,391.59434833,2,0,0.0,0.5,3.0
2810,84.315,2517.06650309,391.61859946,2,0,0.0,0.5,3.0
2811,84.345,2513.02818177,391.64835064,2,0,0.0,0.5,3.0
2812,84.375,2508.99364793,391.67868875,2,0,0.0,0.5,3.0
2813,84.405,2504.96284798,391.7114721,2,0,0.0,0.5,3.0
2814,84.435,2500.93559235,391.74590169,2,0,0.0,0.5,3.0
2815,84.465,2496.91205374,391.78746177,2,0,0.0,0.5,3.0
2816,84.495,2492.89247418,391.82835363,2,0,0.0,0.5,3.0
2817,84.525,2488.87700828,391.86590734,2,0,0.0,0.5,3.0
2818,84.555,2484.86570604,391.9046164,2,0,0.0,0.5,3.0
2819,84.585,2480.85865083,391.96528534,2,0,0.0,0.5,3.0
2820,84.615,2476.85429691,392.09835506,2,0,0.0,0.5,3.0
2821,84.645,2472.85161674,392.23337214,2,0,0.0,0.5,3.0
2822,84.675,2468.85095859,392.33226735,2,0,0.0,0.5,3.0
2823,84.705,2464.8537103,392.4211339,2,0,0.0,0.5,3.0
2824,84.735,2460.8603634,392.49610951,2,0,0.0,0.5,3.0
2825,84.765,2456.8714748,392.56257823,2,0,0.0,0.5,3.0
2826,84.795,2452.88711269,392.62788418,2,0,0.0,0.5,3.0
2827,84.825,2448.90749756,392.69980599,2,0,0.0,0.5,3.0
2828,84.855,2444.93220226,392.83754337,2,0,0.0,0.5,3.0
2829,84.885,2440.95837821,393.03297095,2,0,0.0,0.5,3.0
2830,84.915,2436.98561689,393.23012874,2,0,0.0,0.5,3.0
2831,84.945,2433.014253,393.42988265,2,0,0.0,0.5,3.0
2832,84.975,2429.04454278,393.62963657,2,0,0.0,0.5,3.0
2833,85.005,2425.07680617,393.79496499,2,0,0.0,0.5,3.0
2834,85.035,2421.11257168,393.9277041,2,0,0.0,0.5,3.0
2835,85.065,2417.15217785,394.10677333,2,0,0.0,0.5,3.0
2836,85.095,2413.19200907,394.42143589,2,0,0.0,0.5,3.0
2837,85.125,2409.23043704,394.7369669,2,0,0.0,0.5,3.0
2838,85.155,2405.26760103,395.05003448,2,0,0.0,0.5,3.0
2839,85.185,2401.30387355,395.36911571,2,0,0.0,0.5,3.0
2840,85.215,2397.33942212,395.68831332,2,0,0.0,0.5,3.0
2841,85.245,2393.37406839,396.06583501,2,0,0.0,0.5,3.0
2842,85.275,2389.4022256,396.65562031,2,0,0.0,0.5,3.0
2843,85.305,2385.42205732,397.20217708,2,0,0.0,0.5,3.0
2844,85.335,2381.4359023,397.69138641,2,0,0.0,0.5,3.0
2845,85.365,2377.44449089,398.17707542,2,0,0.0,0.5,3.0
2846,85.395,2373.44593805,398.92422138,2,0,0.0,0.5,3.0
2847,85.425,2369.42946621,399.90510129,2,0,0.0,0.5,3.0
2848,85.455,2365.39361088,400.88607884,2,0,0.0,0.5,3.0
2849,85.485,2361.33784145,402.0760885,2,0,0.0,0.5,3.0
2850,85.515,2357.23986805,404.19436526,2,0,0.0,0.5,3.0
2851,85.545,2353.08589747,407.3079778,2,0,0.0,0.5,3.0
2852,85.575,2348.80014273,410.71763086,3,0,0.0,0.5,3.0
2853,85.605,2344.51828542,409.87715627,3,0,0.0,0.5,3.0
2854,85.635,2340.27210913,409.04165993,3,0,0.0,0.5,3.0
2855,85.665,2336.0619672,408.21073083,3,0,0.0,0.5,3.0
2856,85.695,2331.88797687,407.37989294,3,0,0.0,0.5,3.0
2857,85.725,2327.75017602,406.54795021,3,0,0.0,0.5,3.0
2858,85.755,2323.64858571,405.72211076,3,0,0.0,0.5,3.0
2859,85.785,2319.58431078,404.78988091,3,0,0.0,0.5,3.0
2860,85.815,2315.56128971,403.79509297,3,0,0.0,0.5,3.0
2861,85.845,2311.57995704,402.80166432,3,0,0.0,0.5,3.0
2862,85.875,2307.64067997,401.79913237,3,0,0.0,0.5,3.0
2863,85.905,2303.74450541,400.78728147,3,0,0.0,0.5,3.0
2864,85.935,2299.89152895,399.77681089,3,0,0.0,0.5,3.0
2865,85.965,2296.08343398,398.59289058,3,0,0.0,0.5,3.0
2866,85.995,2292.32647052,397.32112081,3,0,0.0,0.5,3.0
2867,86.025,2288.62107439,396.047776,3,0,0.0,0.5,3.0
2868,86.055,2284.96737289,394.7742752,3,0,0.0,0.5,3.0
2869,86.085,2281.36546707,393.50591491,3,0,0.0,0.5,3.0
2870,86.115,2277.82248279,391.77547992,3,0,0.0,0.5,3.0
2871,86.145,2274.34635279,390.02841832,3,0,0.0,0.5,3.0
2872,86.175,2270.93718488,388.2815066,3,0,0.0,0.5,3.0
2873,86.205,2267.60164048,385.8450543,3,0,0.0,0.5,3.0
2874,86.235,2264.3652806,382.97027171,3,0,0.0,0.5,3.0
2875,86.265,2261.26153058,376.6620075,3,1,0.0,0.5,3.0
2876,86.295,2258.30532958,376.05996022,2,0,0.0,0.5,3.0
2877,86.325,2255.36636853,376.04401332,2,0,0.0,0.5,3.0
2878,86.355,2252.44421636,376.02815766,2,0,0.0,0.5,3.0
2879,86.385,2249.53908045,375.99080818,2,0,0.0,0.5,3.0
2880,86.415,2246.65205622,375.95284689,2,0,0.0,0.5,3.0
2881,86.445,2243.78360301,375.91690693,2,0,0.0,0.5,3.0
2882,86.475,2240.93365263,375.88405118,2,0,0.0,0.5,3.0
2883,86.505,2238.10187344,375.85682407,2,0,0.0,0.5,3.0
2884,86.535,2235.28861215,375.83697002,2,0,0.0,0.5,3.0
2885,86.565,2232.49395608,375.81746009,2,0,0.0,0.5,3.0
2886,86.595,2229.71795893,375.80114749,2,0,0.0,0.5,3.0
2887,86.625,2226.96102578,375.79712856,2,0,0.0,0.5,3.0
2888,86.655,2224.22342388,375.79355355,2,0,0.0,0.5,3.0
2889,86.685,2221.50522112,375.79072141,2,0,0.0,0.5,3.0
2890,86.715,2218.80679766,375.80260269,2,0,0.0,0.5,3.0
2891,86.745,2216.12841481,375.81326756,2,0,0.0,0.5,3.0
2892,86.775,2213.46989359,375.8239338,2,0,0.0,0.5,3.0
2893,86.805,2210.83148088,375.84933876,2,0,0.0,0.5,3.0
2894,86.835,2208.21361545,375.87519879,2,0,0.0,0.5,3.0
2895,86.865,2205.61710743,375.86240044,2,0,0.0,0.5,3.0
2896,86.895,2203.04288571,375.86783727,2,0,0.0,0.5,3.0
2897,86.925,2200.49146621,375.87672115,2,0,0.0,0.5,3.0
2898,86.955,2197.9629275,375.88624193,2,0,0.0,0.5,3.0
2899,86.985,2195.45771663,375.91360781,2,0,0.0,0.5,3.0
2900,87.015,2192.9759911,375.94145598,2,0,0.0,0.5,3.0
2901,87.045,2190.51774787,375.97295447,2,0,0.0,0.5,3.0
2902,87.075,2188.08353299,376.02380569,2,0,0.0,0.5,3.0
2903,87.105,2185.6736576,376.07526219,2,0,0.0,0.5,3.0
2904,87.135,2183.2883099,376.14031487,2,0,0.0,0.5,3.0
2905,87.165,2180.92825712,376.21954749,2,0,0.0,0.5,3.0
2906,87.195,2178.59364165,376.29941055,2,0,0.0,0.5,3.0
2907,87.225,2176.28507477,376.40600213,2,0,0.0,0.5,3.0
2908,87.255,2174.00295385,376.51261775,2,0,0.0,0.5,3.0
2909,87.285,2171.7479657,376.58935014,2,0,0.0,0.5,3.0
2910,87.315,2169.5219626,376.67637338,2,0,0.0,0.5,3.0
2911,87.345,2167.32512297,376.77072517,2,0,0.0,0.5,3.0
2912,87.375,2165.15832565,376.89524316,2,0,0.0,0.5,3.0
2913,87.405,2163.02208624,377.02147816,2,0,0.0,0.5,3.0
2914,87.435,2160.91717799,377.18895826,2,0,0.0,0.5,3.0
2915,87.465,2158.84436799,377.35710847,2,0,0.0,0.5,3.0
2916,87.495,2156.80451389,377.57285322,2,0,0.0,0.5,3.0
2917,87.525,2154.79824899,377.79349137,2,0,0.0,0.5,3.0
2918,87.555,2152.82665945,378.06678697,2,0,0.0,0.5,3.0
2919,87.585,2150.89065843,378.36302156,2,0,0.0,0.5,3.0
2920,87.615,2148.99187843,378.70547779,2,0,0.0,0.5,3.0
2921,87.645,2147.13154744,379.09900728,2,0,0.0,0.5,3.0
2922,87.675,2145.31300292,379.48599873,2,0,0.0,0.5,3.0
2923,87.705,2143.53938754,379.95132115,2,0,0.0,0.5,3.0
2924,87.735,2141.81341846,380.53931059,2,0,0.0,0.5,3.0
2925,87.765,2140.13900599,381.26613557,2,0,0.0,0.5,3.0
2926,87.795,2138.5218171,382.20976198,2,0,0.0,0.5,3.0
2927,87.825,2136.97129428,383.60380125,2,0,0.0,0.5,3.0
2928,87.855,2135.51164709,386.57953401,2,0,0.0,0.5,3.0
2929,87.885,2134.17255206,387.49605229,2,0,0.03603889,0.5,3.0
2930,87.915,2132.85280617,386.93891067,2,0,0.0,0.5,3.0
2931,87.945,2131.54989382,386.38177255,2,0,0.0,0.5,3.0
2932,87.975,2130.26379396,385.82464245,2,0,0.0,0.5,3.0
2933,88.005,2128.99548365,385.19414547,2,0,0.0,0.5,3.0
2934,88.035,2127.74667877,384.55129013,2,0,0.0,0.5,3.0
2935,88.065,2126.5174118,383.90843989,2,0,0.0,0.5,3.0
2936,88.095,2125.30766277,383.26559916,2,0,0.0,0.5,3.0
2937,88.125,2124.11742585,382.62275843,2,0,0.0,0.5,3.0
2938,88.155,2122.94670104,381.9799177,2,0,0.0,0.5,3.0
2939,88.185,2121.79548834,381.33707696,2,0,0.0,0.5,3.0
2940,88.215,2120.66377829,380.69425512,2,0,0.0,0.5,3.0
2941,88.245,2119.55155345,380.05143706,2,0,0.0,0.5,3.0
2942,88.275,2118.45881504,379.40510553,2,0,0.0,0.5,3.0
2943,88.305,2117.38748581,378.6439465,2,0,0.0,0.5,3.0
2944,88.335,2116.33926442,377.88279434,2,0,0.0,0.5,3.0
2945,88.365,2115.31414985,377.12164217,2,0,0.0,0.5,3.0
2946,88.395,2114.3121543,376.36219242,2,0,0.0,0.5,3.0
2947,88.425,2113.33329146,375.60279433,2,0,0.0,0.5,3.0
2948,88.455,2112.37755841,374.84341057,2,0,0.0,0.5,3.0
2949,88.485,2111.44492651,374.08404945,2,0,0.0,0.5,3.0
2950,88.515,2110.5353882,373.32469335,2,0,0.0,0.5,3.0
2951,88.545,2109.6501817,372.44731682,2,0,0.0,0.5,3.0
2952,88.575,2108.7930595,371.51904329,2,0,0.0,0.5,3.0
2953,88.605,2107.96428186,370.59076976,2,0,0.0,0.5,3.0
2954,88.635,2107.16384876,369.66249623,2,0,0.0,0.5,3.0
2955,88.665,2106.39176022,368.73422269,2,0,0.0,0.5,3.0
2956,88.695,2105.64801623,367.80594916,2,0,0.0,0.5,3.0
2957,88.725,2104.93260196,366.87772341,2,0,0.0,0.5,3.0
2958,88.755,2104.24847001,365.71966163,2,0,0.0,0.5,3.0
2959,88.785,2103.60073239,364.52159959,2,0,0.0,0.5,3.0
2960,88.815,2102.98947659,363.32353755,2,0,0.0,0.5,3.0
2961,88.845,2102.41470261,362.12547551,2,0,0.0,0.5,3.0
2962,88.875,2101.87641047,360.92741346,2,0,0.0,0.5,3.0
2963,88.905,2101.37659157,359.47608366,2,0,0.0,0.5,3.0
2964,88.935,2100.92626704,357.79140458,2,0,0.0,0.5,3.0
2965,88.965,2100.52712155,356.1067682,2,0,0.0,0.5,3.0
2966,88.995,2100.1791172,354.42220619,2,0,0.0,0.5,3.0
2967,89.025,2099.89077641,351.93455376,2,0,0.0,0.5,3.0
2968,89.055,2099.68630427,349.11309799,2,0,0.0,0.5,3.0
2969,89.085,2099.58192283,343.92768751,2,0,0.0,0.5,3.0
2970,89.115,2099.65017302,340.97841188,1,0,0.0,0.5,3.0
2971,89.145,2099.73404531,341.00364244,1,0,0.0,0.5,3.0
2972,89.175,2099.81799034,341.028873,1,0,0.0,0.5,3.0
2973,89.205,2099.90200112,341.0541704,1,0,0.0,0.5,3.0
2974,89.235,2099.98603762,341.07954039,1,0,0.0,0.5,3.0
2975,89.265,2100.0700921,341.10491038,1,0,0.0,0.5,3.0
2976,89.295,2100.15416454,341.13028036,1,0,0.0,0.5,3.0
2977,89.325,2100.23825497,341.15565035,1,0,0.0,0.5,3.0
2978,89.355,2100.32236336,341.18102034,1,0,0.0,0.5,3.0
2979,89.385,2100.40648974,341.20639032,1,0,0.0,0.5,3.0
2980,89.415,2100.49063405,341.23221677,1,0,0.0,0.5,3.0
2981,89.445,2100.5747907,341.25934356,1,0,0.0,0.5,3.0
2982,89.475,2100.658929,341.28654812,1,0,0.0,0.5,3.0
2983,89.505,2100.74303265,341.31375267,1,0,0.0,0.5,3.0
2984,89.535,2100.82710164,341.34095723,1,0,0.0,0.5,3.0
2985,89.565,2100.91113599,341.36816179,1,0,0.0,0.5,3.0
2986,89.595,2100.99513568,341.39536634,1,0,0.0,0.5,3.0
2987,89.625,2101.07910073,341.4225709,1,0,0.0,0.5,3.0
2988,89.655,2101.16301811,341.44985803,1,0,0.0,0.5,3.0
2989,89.685,2101.24687007,341.47715613,1,0,0.0,0.5,3.0
2990,89.715,2101.33063949,341.50455367,1,0,0.0,0.5,3.0
2991,89.745,2101.41431154,341.53195122,1,0,0.0,0.5,3.0
2992,89.775,2101.49788623,341.55934876,1,0,0.0,0.5,3.0
2993,89.805,2101.58136355,341.5867463,1,0,0.0,0.5,3.0
2994,89.835,2101.6647435,341.61414385,1,0,0.0,0.5,3.0
2995,89.865,2101.74801923,341.64161133,1,0,0.0,0.5,3.0
2996,89.895,2101.83116996,341.66911073,1,0,0.0,0.5,3.0
2997,89.925,2101.91419423,341.69661382,1,0,0.0,0.5,3.0
2998,89.955,2101.9970901,341.72644677,1,0,0.0,0.5,3.0
2999,89.985,2102.07986631,341.7566209,1,0,0.0,0.5,3.0
3000,90.015,2102.16252319,341.78679502,1,0,0.0,0.5,3.0
3001,90.045,2102.24506073,341.81696914,1,0,0.0,0.5,3.0
3002,90.075,2102.32747355,341.84720627,1,0,0.0,0.5,3.0
3003,90.105,2102.4097348,341.87749519,1,0,0.0,0.5,3.0
3004,90.135,2102.49184083,341.90778411,1,0,0.0,0.5,3.0
3005,90.165,2102.57379534,341.93907997,1,0,0.0,0.5,3.0
3006,90.195,2102.65558646,341.97113331,1,0,0.0,0.5,3.0
3007,90.225,2102.73719927,342.00318666,1,0,0.0,0.5,3.0
3008,90.255,2102.81863378,342.03524001,1,0,0.0,0.5,3.0
3009,90.285,2102.8998856,342.06735945,1,0,0.0,0.5,3.0
3010,90.315,2102.98092973,342.09954161,1,0,0.0,0.5,3.0
3011,90.345,2103.06176223,342.13172376,1,0,0.0,0.5,3.0
3012,90.375,2103.14238309,342.16390591,1,0,0.0,0.5,3.0
3013,90.405,2103.22278954,342.19614835,1,0,0.0,0.5,3.0
3014,90.435,2103.30295536,342.22848273,1,0,0.0,0.5,3.0
3015,90.465,2103.38287407,342.26081711,1,0,0.0,0.5,3.0
3016,90.495,2103.46254025,342.29323555,1,0,0.0,0.5,3.0
3017,90.525,2103.54193069,342.3257126,1,0,0.0,0.5,3.0
3018,90.555,2103.62104275,342.35818964,1,0,0.0,0.5,3.0
3019,90.585,2103.69987642,342.39066669,1,0,0.0,0.5,3.0
3020,90.615,2103.77843171,342.42314374,1,0,0.0,0.5,3.0
3021,90.645,2103.85669836,342.45575423,1,0,0.0,0.5,3.0
3022,90.675,2103.93465436,342.48840051,1,0,0.0,0.5,3.0
3023,90.705,2104.01228641,342.52117143,1,0,0.0,0.5,3.0
3024,90.735,2104.08956728,342.55397635,1,0,0.0,0.5,3.0
3025,90.765,2104.16649604,342.58678126,1,0,0.0,0.5,3.0
3026,90.795,2104.2430727,342.61958618,1,0,0.0,0.5,3.0
3027,90.825,2104.31929725,342.6523911,1,0,0.0,0.5,3.0
3028,90.855,2104.39516725,342.6856089,1,0,0.0,0.5,3.0
3029,90.885,2104.47066254,342.7204831,1,0,0.0,0.5,3.0
3030,90.915,2104.5457592,342.75551276,1,0,0.0,0.5,3.0
3031,90.945,2104.62044316,342.79054241,1,0,0.0,0.5,3.0
3032,90.975,2104.69471576,342.82630388,1,0,0.0,0.5,3.0
3033,91.005,2104.76860142,342.86398518,1,0,0.0,0.5,3.0
3034,91.035,2104.84210927,342.90166648,1,0,0.0,0.5,3.0
3035,91.065,2104.91523926,342.93935932,1,0,0.0,0.5,3.0
3036,91.095,2104.98796272,342.97736352,1,0,0.0,0.5,3.0
3037,91.125,2105.06023096,343.01544953,1,0,0.0,0.5,3.0
3038,91.155,2105.13204022,343.05353554,1,0,0.0,0.5,3.0
3039,91.185,2105.2033905,343.09162155,1,0,0.0,0.5,3.0
3040,91.215,2105.2742818,343.12970756,1,0,0.0,0.5,3.0
3041,91.245,2105.34471412,343.16779357,1,0,0.0,0.5,3.0
3042,91.275,2105.41468679,343.20591874,1,0,0.0,0.5,3.0
3043,91.305,2105.48415197,343.24443968,1,0,0.0,0.5,3.0
3044,91.335,2105.55306937,343.28297201,1,0,0.0,0.5,3.0
3045,91.365,2105.62143893,343.32150434,1,0,0.0,0.5,3.0
3046,91.395,2105.68926065,343.36003667,1,0,0.0,0.5,3.0
3047,91.425,2105.75653454,343.398569,1,0,0.0,0.5,3.0
3048,91.455,2105.8232606,343.43710132,1,0,0.0,0.5,3.0
3049,91.485,2105.88941781,343.47586422,1,0,0.0,0.5,3.0
3050,91.515,2105.95495505,343.51501597,1,0,0.0,0.5,3.0
3051,91.545,2106.01986601,343.55618528,1,0,0.0,0.5,3.0
3052,91.575,2106.08416325,343.5973546,1,0,0.0,0.5,3.0
3053,91.605,2106.14784677,343.63852391,1,0,0.0,0.5,3.0
3054,91.635,2106.21091656,343.67969323,1,0,0.0,0.5,3.0
3055,91.665,2106.27335643,343.72108486,1,0,0.0,0.5,3.0
3056,91.695,2106.33513845,343.76260236,1,0,0.0,0.5,3.0
3057,91.725,2106.39623114,343.80431184,1,0,0.0,0.5,3.0
3058,91.755,2106.45662483,343.84602133,1,0,0.0,0.5,3.0
3059,91.785,2106.5163195,343.88773081,1,0,0.0,0.5,3.0
3060,91.815,2106.57531516,343.9294403,1,0,0.0,0.5,3.0
3061,91.845,2106.63359262,343.97300571,1,0,0.0,0.5,3.0
3062,91.875,2106.69115388,344.01789257,1,0,0.0,0.5,3.0
3063,91.905,2106.74798022,344.06304538,1,0,0.0,0.5,3.0
3064,91.935,2106.80402987,344.10825101,1,0,0.0,0.5,3.0
3065,91.965,2106.85930192,344.15345664,1,0,0.0,0.5,3.0
3066,91.995,2106.9137948,344.19873831,1,0,0.0,0.5,3.0
3067,92.025,2106.96747395,344.24424617,1,0,0.0,0.5,3.0
3068,92.055,2107.02032533,344.28975404,1,0,0.0,0.5,3.0
3069,92.085,2107.07234083,344.33545818,1,0,0.0,0.5,3.0
3070,92.115,2107.12348215,344.38131566,1,0,0.0,0.5,3.0
3071,92.145,2107.17374556,344.42785032,1,0,0.0,0.5,3.0
3072,92.175,2107.22313974,344.47644905,1,0,0.0,0.5,3.0
3073,92.205,2107.2716333,344.52514247,1,0,0.0,0.5,3.0
3074,92.235,2107.31922391,344.57383588,1,0,0.0,0.5,3.0
3075,92.265,2107.36590148,344.62273056,1,0,0.0,0.5,3.0
3076,92.295,2107.41161053,344.67180968,1,0,0.0,0.5,3.0
3077,92.325,2107.45832253,343.71001907,1,0,0.0,0.5,3.0
3078,92.355,2107.50755994,343.19840701,1,0,0.0,0.5,3.0
3079,92.385,2107.55761455,342.84249951,1,0,0.0,0.5,3.0
3080,92.415,2107.60798004,342.56277114,1,0,0.0,0.5,3.0
3081,92.445,2107.65835214,342.33036541,1,0,0.0,0.5,3.0
3082,92.475,2107.70849248,342.12900063,1,0,0.0,0.5,3.0
3083,92.505,2107.75820662,341.95254295,1,0,0.0,0.5,3.0
3084,92.535,2107.80735824,341.79495674,1,0,0.0,0.5,3.0
3085,92.565,2107.85586292,341.65594036,1,0,0.0,0.5,3.0
3086,92.595,2107.90366525,341.53108452,1,0,0.0,0.5,3.0
3087,92.625,2107.95063797,341.41763054,1,0,0.0,0.5,3.0
3088,92.655,2107.99664133,341.31382654,1,0,0.0,0.5,3.0
3089,92.685,2108.041603,341.2206087,1,0,0.0,0.5,3.0
3090,92.715,2108.08547395,341.13457399,1,0,0.0,0.5,3.0
3091,92.745,2108.12821604,341.05761259,1,0,0.0,0.5,3.0
3092,92.775,2108.16974963,340.98977432,1,0,0.0,0.5,3.0
3093,92.805,2108.20996694,340.92767387,1,0,0.0,0.5,3.0
3094,92.835,2108.24881985,340.870773,1,0,0.0,0.5,3.0
3095,92.865,2108.28627508,340.82021986,1,0,0.0,0.5,3.0
3096,92.895,2108.32224647,340.77366882,1,0,0.0,0.5,3.0
3097,92.925,2108.3566394,340.73419085,1,0,0.0,0.5,3.0
3098,92.955,2108.38941227,340.69936107,1,0,0.0,0.5,3.0
3099,92.985,2108.42053134,340.66946771,1,0,0.0,0.5,3.0
3100,93.015,2108.44990824,340.64387144,1,0,0.0,0.5,3.0
3101,93.045,2108.47746494,340.62177147,1,0,0.0,0.5,3.0
3102,93.075,2108.50310909,340.60398013,1,0,0.0,0.5,3.0
3103,93.105,2108.52679473,340.58915348,1,0,0.0,0.5,3.0
3104,93.135,2108.54844139,340.57907676,1,0,0.0,0.5,3.0
3105,93.165,2108.56800432,340.57127887,1,0,0.0,0.5,3.0
3106,93.195,2108.58539949,340.56808626,1,0,0.0,0.5,3.0
3107,93.225,2108.60055814,340.56691352,1,0,0.0,0.5,3.0
3108,93.255,2108.61346383,340.57004561,1,0,0.0,0.5,3.0
3109,93.285,2108.62487546,340.51835064,1,0,0.0,0.5,3.0
3110,93.315,2108.6359407,340.46351051,1,0,0.0,0.5,3.0
3111,93.345,2108.64665489,340.41062087,1,0,0.0,0.5,3.0
3112,93.375,2108.65700876,340.36121161,1,0,0.0,0.5,3.0
3113,93.405,2108.66698639,340.31347462,1,0,0.0,0.5,3.0
3114,93.435,2108.67658067,340.2685362,1,0,0.0,0.5,3.0
3115,93.465,2108.68577662,340.22618209,1,0,0.0,0.5,3.0
3116,93.495,2108.69456922,340.18610369,1,0,0.0,0.5,3.0
3117,93.525,2108.70294429,340.14836821,1,0,0.0,0.5,3.0
3118,93.555,2108.71089751,340.11251874,1,0,0.0,0.5,3.0
3119,93.585,2108.7184168,340.07988192,1,0,0.0,0.5,3.0
3120,93.615,2108.7254968,340.04823405,1,0,0.0,0.5,3.0
3121,93.645,2108.7321298,340.0198762,1,0,0.0,0.5,3.0
3122,93.675,2108.73830873,339.99287104,1,0,0.0,0.5,3.0
3123,93.705,2108.74402849,339.96881781,1,0,0.0,0.5,3.0
3124,93.735,2108.74928282,339.94643895,1,0,0.0,0.5,3.0
3125,93.765,2108.75406604,339.92594049,1,0,0.0,0.5,3.0
3126,93.795,2108.7583744,339.90828142,1,0,0.0,0.5,3.0
3127,93.825,2108.76220338,339.89221255,1,0,0.0,0.5,3.0
3128,93.855,2108.76554867,339.87823649,1,0,0.0,0.5,3.0
3129,93.885,2108.76840815,339.86639052,1,0,0.0,0.5,3.0
3130,93.915,2108.77077845,339.85666398,1,0,0.0,0.5,3.0
3131,93.945,2108.77265726,339.84884184,1,0,0.0,0.5,3.0
3132,93.975,2108.77404372,339.84343976,1,0,0.0,0.5,3.0
3133,94.005,2108.77493515,339.83921715,1,0,0.0,0.5,3.0
3134,94.035,2108.77533217,339.83809099,1,0,0.0,0.5,3.0
3135,94.065,2108.77523341,339.83782474,1,0,0.0,0.5,3.0
3136,94.095,2108.77463954,339.84070033,1,0,0.0,0.5,3.0
3137,94.125,2108.77355065,339.84474273,1,0,0.0,0.5,3.0
3138,94.155,2108.77196803,339.85129222,1,0,0.0,0.5,3.0
3139,94.185,2108.7698925,339.85967572,1,0,0.0,0.5,3.0
3140,94.215,2108.76732692,339.87010845,1,0,0.0,0.5,3.0
3141,94.245,2108.76427219,339.88268239,1,0,0.0,0.5,3.0
3142,94.275,2108.76073306,339.89735028,1,0,0.0,0.5,3.0
3143,94.305,2108.7567109,339.91384393,1,0,0.0,0.5,3.0
3144,94.335,2108.7522117,339.93277556,1,0,0.0,0.5,3.0
3145,94.365,2108.74723752,339.95325414,1,0,0.0,0.5,3.0
3146,94.395,2108.7417954,339.97649563,1,0,0.0,0.5,3.0
3147,94.425,2108.73588851,340.00156798,1,0,0.0,0.5,3.0
3148,94.455,2108.7295244,340.02865885,1,0,0.0,0.5,3.0
3149,94.485,2108.72270769,340.05838672,1,0,0.0,0.5,3.0
3150,94.515,2108.71544614,340.08933056,1,0,0.0,0.5,3.0
3151,94.545,2108.70774691,340.12373068,1,0,0.0,0.5,3.0
3152,94.575,2108.69961722,340.15975577,1,0,0.0,0.5,3.0
3153,94.605,2108.69106708,340.19846389,1,0,0.0,0.5,3.0
3154,94.635,2108.68210346,340.23932618,1,0,0.0,0.5,3.0
3155,94.665,2108.67273812,340.28243105,1,0,0.0,0.5,3.0
3156,94.695,2108.66297905,340.32830939,1,0,0.0,0.5,3.0
3157,94.725,2108.65283849,340.37603905,1,0,0.0,0.5,3.0
3158,94.755,2108.6423278,340.42714565,1,0,0.0,0.5,3.0
3159,94.785,2108.63145803,340.48048938,1,0,0.0,0.5,3.0
3160,94.815,2108.62024428,340.53653091,1,0,0.0,0.5,3.0
3161,94.845,2108.60869785,340.59555561,1,0,0.0,0.5,3.0
3162,94.875,2108.59683435,340.65684655,1,0,0.0,0.5,3.0
3163,94.905,2108.58466902,340.72164325,1,0,0.0,0.5,3.0
3164,94.935,2108.57221617,340.78916158,1,0,0.0,0.5,3.0
3165,94.965,2108.55949454,340.8593888,1,0,0.0,0.5,3.0
3166,94.995,2108.54652073,340.93357177,1,0,0.0,0.5,3.0
3167,95.025,2108.53331277,341.01045963,1,0,0.0,0.5,3.0
3168,95.055,2108.51989091,341.09118249,1,0,0.0,0.5,3.0
3169,95.085,2108.50628005,341.1766176,1,0,0.0,0.5,3.0
3170,95.115,2108.49250342,341.26452159,1,0,0.0,0.5,3.0
3171,95.145,2108.47857465,341.35668114,1,0,0.0,0.5,3.0
3172,95.175,2108.46452928,341.45331812,1,0,0.0,0.5,3.0
3173,95.205,2108.45038369,341.55346086,1,0,0.0,0.5,3.0
3174,95.235,2108.43617472,341.65973669,1,0,0.0,0.5,3.0
3175,95.265,2108.42192521,341.76912229,1,0,0.0,0.5,3.0
3176,95.295,2108.40767241,341.88616778,1,0,0.0,0.5,3.0
3177,95.325,2108.39344724,342.00642325,1,0,0.0,0.5,3.0
3178,95.355,2108.37928943,342.13566583,1,0,0.0,0.5,3.0
3179,95.385,2108.36523594,342.26893574,1,0,0.0,0.5,3.0
3180,95.415,2108.35133393,342.41261993,1,0,0.0,0.5,3.0
3181,95.445,2108.33762603,342.5622925,1,0,0.0,0.5,3.0
3182,95.475,2105.54695452,342.66174962,1,0,0.0,0.5,3.0
3183,95.505,2100.25690689,342.71887869,1,0,0.0,0.5,3.0
3184,95.535,2095.02087514,342.79060491,1,0,0.0,0.5,3.0
3185,95.565,2089.82481673,342.87811305,1,0,0.0,0.5,3.0
3186,95.595,2084.66387292,342.9852576,1,0,0.0,0.5,3.0
3187,95.625,2079.53224017,343.11411642,1,0,0.0,0.5,3.0
3188,95.655,2074.42889289,343.27189567,1,0,0.0,0.5,3.0
3189,95.685,2069.35004932,343.46552623,1,0,0.0,0.5,3.0
3190,95.715,2064.29533952,343.71209113,1,0,0.0,0.5,3.0
3191,95.745,2059.26360587,344.05343199,1,0,0.0,0.5,3.0
3192,95.775,2054.25336467,344.63535994,1,0,0.0,0.5,3.0
3193,95.805,2049.26640084,345.27494906,1,0,0.0,0.5,3.0
3194,95.835,2044.29866007,345.17920184,1,0,0.0,0.5,3.0
3195,95.865,2039.34759499,345.08406666,1,0,0.0,0.5,3.0
3196,95.895,2034.41315747,344.98893148,1,0,0.0,0.5,3.0
3197,95.925,2029.49527856,344.89462296,1,0,0.0,0.5,3.0
3198,95.955,2024.59251774,344.80270099,1,0,0.0,0.5,3.0
3199,95.985,2019.70430011,344.71077901,1,0,0.0,0.5,3.0
3200,96.015,2014.90305383,340.24537208,1,0,0.0,0.5,3.0
3201,96.045,2010.20831715,338.01943032,1,0,0.0,0.5,3.0
3202,96.075,2005.58074011,336.32263801,1,0,0.0,0.5,3.0
3203,96.105,2001.00826905,334.90676173,1,0,0.0,0.5,3.0
3204,96.135,1996.48457475,333.66155001,1,0,0.0,0.5,3.0
3205,96.165,1992.00550604,332.52641768,1,0,0.0,0.5,3.0
3206,96.195,1987.5675376,331.46956452,1,0,0.0,0.5,3.0
3207,96.225,1983.16720514,330.46808647,1,0,0.0,0.5,3.0
3208,96.255,1978.80263602,329.54834863,1,0,0.0,0.5,3.0
3209,96.285,1974.47235492,328.65693572,1,0,0.0,0.5,3.0
3210,96.315,1970.17468379,327.80635852,1,0,0.0,0.5,3.0
3211,96.345,1965.90838305,326.99619287,1,0,0.0,0.5,3.0
3212,96.375,1961.6713672,326.20663109,1,0,0.0,0.5,3.0
3213,96.405,1957.46304254,325.45403895,1,0,0.0,0.5,3.0
3214,96.435,1953.28226925,324.7136938,1,0,0.0,0.5,3.0
3215,96.465,1949.12862562,324.00362187,1,0,0.0,0.5,3.0
3216,96.495,1945.00094892,323.30733001,1,0,0.0,0.5,3.0
3217,96.525,1940.89826914,322.63242729,1,0,0.0,0.5,3.0
3218,96.555,1936.819523,321.97438289,1,0,0.0,0.5,3.0
3219,96.585,1932.76454307,321.32409369,1,0,0.0,0.5,3.0
3220,96.615,1928.73254608,320.69842311,1,0,0.0,0.5,3.0
3221,96.645,1924.72320005,320.07275252,1,0,0.0,0.5,3.0
3222,96.675,1920.73591971,319.47261868,1,0,0.0,0.5,3.0
3223,96.705,1916.76946373,318.87865043,1,0,0.0,0.5,3.0
3224,96.735,1912.82376037,318.29121801,1,0,0.0,0.5,3.0
3225,96.765,1908.89816048,317.72281439,1,0,0.0,0.5,3.0
3226,96.795,1904.99240354,317.15441077,1,0,0.0,0.5,3.0
3227,96.825,1901.10634325,316.59940696,1,0,0.0,0.5,3.0
3228,96.855,1897.23921552,316.05575356,1,0,0.0,0.5,3.0
3229,96.885,1893.390404,315.51335662,1,0,0.0,0.5,3.0
3230,96.915,1889.55959474,314.98745413,1,0,0.0,0.5,3.0
3231,96.945,1885.74626087,314.46583191,1,0,0.0,0.5,3.0
3232,96.975,1881.95038552,313.9442097,1,0,0.0,0.5,3.0
3233,97.005,1878.17167364,313.4395106,1,0,0.0,0.5,3.0
3234,97.035,1874.40968704,312.93680485,1,0,0.0,0.5,3.0
3235,97.065,1870.66410877,312.43702737,1,0,0.0,0.5,3.0
3236,97.095,1866.934336,311.95266345,1,0,0.0,0.5,3.0
3237,97.125,1863.21995692,311.47022043,1,0,0.0,0.5,3.0
3238,97.155,1859.52096728,310.98777741,1,0,0.0,0.5,3.0
3239,97.185,1855.83716997,310.51776044,1,0,0.0,0.5,3.0
3240,97.215,1852.1681323,310.05121382,1,0,0.0,0.5,3.0
3241,97.245,1848.51383891,309.5846672,1,0,0.0,0.5,3.0
3242,97.275,1844.87390562,309.12951654,1,0,0.0,0.5,3.0
3243,97.305,1841.24758703,308.6805904,1,0,0.0,0.5,3.0
3244,97.335,1837.63482889,308.23166426,1,0,0.0,0.5,3.0
3245,97.365,1834.03560822,307.7865856,1,0,0.0,0.5,3.0
3246,97.395,1830.44951994,307.3512838,1,0,0.0,0.5,3.0
3247,97.425,1826.87641561,306.91598199,1,0,0.0,0.5,3.0
3248,97.455,1823.31629522,306.48068019,1,0,0.0,0.5,3.0
3249,97.485,1819.76884019,306.05857456,1,0,0.0,0.5,3.0
3250,97.515,1816.23334424,305.63886813,1,0,0.0,0.5,3.0
3251,97.545,1812.70976498,305.21916171,1,0,0.0,0.5,3.0
3252,97.575,1809.19805215,304.80465292,1,0,0.0,0.5,3.0
3253,97.605,1805.69781448,304.39681758,1,0,0.0,0.5,3.0
3254,97.635,1802.20896912,303.98898224,1,0,0.0,0.5,3.0
3255,97.665,1798.73151607,303.58114691,1,0,0.0,0.5,3.0
3256,97.695,1795.26525184,303.1833318,1,0,0.0,0.5,3.0
3257,97.725,1791.80970863,302.78909033,1,0,0.0,0.5,3.0
3258,97.755,1788.36458829,302.3952784,1,0,0.0,0.5,3.0
3259,97.785,1784.92986504,302.00452398,1,0,0.0,0.5,3.0
3260,97.815,1781.50519645,301.62120952,1,0,0.0,0.5,3.0
3261,97.845,1778.09046078,301.23789506,1,0,0.0,0.5,3.0
3262,97.875,1774.68565804,300.85458059,1,0,0.0,0.5,3.0
3263,97.905,1771.29069843,300.47740832,1,0,0.0,0.5,3.0
3264,97.935,1767.90523676,300.10402056,1,0,0.0,0.5,3.0
3265,97.965,1764.52912406,299.73271853,1,0,0.0,0.5,3.0
3266,97.995,1761.16205913,299.36219036,1,0,0.0,0.5,3.0
3267,98.025,1757.8038468,299.00001747,1,0,0.0,0.5,3.0
3268,98.055,1754.4542142,298.63890049,1,0,0.0,0.5,3.0
3269,98.085,1751.11315846,298.27778351,1,0,0.0,0.5,3.0
3270,98.115,1747.78067717,297.91760141,1,0,0.0,0.5,3.0
3271,98.145,1744.4565072,297.56544415,1,0,0.0,0.5,3.0
3272,98.175,1741.14047068,297.21328689,1,0,0.0,0.5,3.0
3273,98.205,1737.83255451,296.86185843,1,0,0.0,0.5,3.0
3274,98.235,1734.53246733,296.51488474,1,0,0.0,0.5,3.0
3275,98.265,1731.23979632,296.17411297,1,0,0.0,0.5,3.0
3276,98.295,1727.95442743,295.83334119,1,0,0.0,0.5,3.0
3277,98.325,1724.67636067,295.49256942,1,0,0.0,0.5,3.0
3278,98.355,1721.40556137,295.15510295,1,0,0.0,0.5,3.0
3279,98.385,1718.1417147,294.82251466,1,0,0.0,0.5,3.0
3280,98.415,1714.88474514,294.48992638,1,0,0.0,0.5,3.0
3281,98.445,1711.63465269,294.15733809,1,0,0.0,0.5,3.0
3282,98.475,1708.39134845,293.82993002,1,0,0.0,0.5,3.0
3283,98.505,1705.15424275,293.50801877,1,0,0.0,0.5,3.0
3284,98.535,1701.92322652,293.18610752,1,0,0.0,0.5,3.0
3285,98.565,1698.69829977,292.86419627,1,0,0.0,0.5,3.0
3286,98.595,1695.47939636,292.54656386,1,0,0.0,0.5,3.0
3287,98.625,1692.26620842,292.23221267,1,0,0.0,0.5,3.0
3288,98.655,1689.05869705,291.91786147,1,0,0.0,0.5,3.0
3289,98.685,1685.85686227,291.60351028,1,0,0.0,0.5,3.0
3290,98.715,1682.6606277,291.29361783,1,0,0.0,0.5,3.0
3291,98.745,1679.46967478,290.98744109,1,0,0.0,0.5,3.0
3292,98.775,1676.28372624,290.68319372,1,0,0.0,0.5,3.0
3293,98.805,1673.10270064,290.37894635,1,0,0.0,0.5,3.0
3294,98.835,1669.92651472,290.07921668,1,0,0.0,0.5,3.0
3295,98.865,1666.75487179,289.78202587,1,0,0.0,0.5,3.0
3296,98.895,1663.58774554,289.48483506,1,0,0.0,0.5,3.0
3297,98.925,1660.42513598,289.18764425,1,0,0.0,0.5,3.0
3298,98.955,1657.26695483,288.89497398,1,0,0.0,0.5,3.0
3299,98.985,1654.11290855,288.60463224,1,0,0.0,0.5,3.0
3300,99.015,1650.96297371,288.31429049,1,0,0.0,0.5,3.0
3301,99.045,1647.81702834,288.02637723,1,0,0.0,0.5,3.0
3302,99.075,1644.67478121,287.7433368,1,0,0.0,0.5,3.0
3303,99.105,1641.53593826,287.46244933,1,0,0.0,0.5,3.0
3304,99.135,1638.40047829,287.18156187,1,0,0.0,0.5,3.0
3305,99.165,1635.26840132,286.9006744,1,0,0.0,0.5,3.0
3306,99.195,1632.1396088,286.62430373,1,0,0.0,0.5,3.0
3307,99.225,1629.01381172,286.3499013,1,0,0.0,0.5,3.0
3308,99.255,1625.89099139,286.07549887,1,0,0.0,0.5,3.0
3309,99.285,1622.77114779,285.80109645,1,0,0.0,0.5,3.0
3310,99.315,1619.65417061,285.53165784,1,0,0.0,0.5,3.0
3311,99.345,1616.53958698,285.26638183,1,0,0.0,0.5,3.0
3312,99.375,1613.42726635,285.00110582,1,0,0.0,0.5,3.0
3313,99.405,1610.31720873,284.73582981,1,0,0.0,0.5,3.0
3314,99.435,1607.20929146,284.47533461,1,0,0.0,0.5,3.0
3315,99.465,1604.10323515,284.21626157,1,0,0.0,0.5,3.0
3316,99.495,1600.99902893,283.95718852,1,0,0.0,0.5,3.0
3317,99.525,1597.8966728,283.69811548,1,0,0.0,0.5,3.0
3318,99.555,1594.79602001,283.44414123,1,0,0.0,0.5,3.0
3319,99.585,1591.69680451,283.1911552,1,0,0.0,0.5,3.0
3320,99.615,1588.59901896,282.9384834,1,0,0.0,0.5,3.0
3321,99.645,1585.50249018,282.68828269,1,0,0.0,0.5,3.0
3322,99.675,1582.40691969,282.44366315,1,0,0.0,0.5,3.0
3323,99.705,1579.31206834,282.19944564,1,0,0.0,0.5,3.0
3324,99.735,1576.21793519,281.95522812,1,0,0.0,0.5,3.0
3325,99.765,1573.12451939,281.7113778,1,0,0.0,0.5,3.0
3326,99.795,1570.03157905,281.47305304,1,0,0.0,0.5,3.0
3327,99.825,1566.93892373,281.23472828,1,0,0.0,0.5,3.0
3328,99.855,1563.84655344,280.99640352,1,0,0.0,0.5,3.0
3329,99.885,1560.7544562,280.759431,1,0,0.0,0.5,3.0
3330,99.915,1557.66233123,280.52692565,1,0,0.0,0.5,3.0
3331,99.945,1554.569953,280.29673723,1,0,0.0,0.5,3.0
3332,99.975,1551.47714572,280.06701846,1,0,0.0,0.5,3.0
3333,100.005,1548.38385968,279.83988198,1,0,0.0,0.5,3.0
3334,100.035,1545.28975502,279.61591561,1,0,0.0,0.5,3.0
3335,100.065,1542.1947627,279.39194925,1,0,0.0,0.5,3.0
3336,100.095,1539.0988827,279.16798288,1,0,0.0,0.5,3.0
3337,100.125,1536.00199424,278.94811079,1,0,0.0,0.5,3.0
3338,100.155,1532.90376804,278.72984712,1,0,0.0,0.5,3.0
3339,100.185,1529.80418546,278.51158345,1,0,0.0,0.5,3.0
3340,100.215,1526.70324601,278.29357699,1,0,0.0,0.5,3.0
3341,100.245,1523.60067428,278.08181781,1,0,0.0,0.5,3.0
3342,100.275,1520.49606291,277.87200583,1,0,0.0,0.5,3.0
3343,100.305,1517.38934808,277.66219385,1,0,0.0,0.5,3.0
3344,100.335,1514.28048172,277.4548424,1,0,0.0,0.5,3.0
3345,100.365,1511.16908854,277.25065803,1,0,0.0,0.5,3.0
3346,100.395,1508.05508887,277.04647366,1,0,0.0,0.5,3.0
3347,100.425,1504.90977654,276.84043562,1,0,0.0,0.5,3.0
3348,100.455,1501.66670717,276.63435277,1,0,0.0,0.5,3.0
3349,100.485,1498.36704714,276.42618221,1,0,0.0,0.5,3.0
3350,100.515,1495.02480935,276.21583354,1,0,0.0,0.5,3.0
3351,100.545,1491.64483011,276.00572591,1,0,0.0,0.5,3.0
3352,100.575,1488.23260192,275.79915789,1,0,0.0,0.5,3.0
3353,100.605,1484.78895537,275.59224666,1,0,0.0,0.5,3.0
3354,100.635,1481.31779344,275.38395316,1,0,0.0,0.5,3.0
3355,100.665,1477.81947778,275.18094861,1,0,0.0,0.5,3.0
3356,100.695,1474.29505972,274.97516159,1,0,0.0,0.5,3.0
3357,100.725,1470.74683683,274.76887204,1,0,0.0,0.5,3.0
3358,100.755,1467.17467665,274.56682916,1,0,0.0,0.5,3.0
3359,100.785,1463.57888665,274.36375046,1,0,0.0,0.5,3.0
3360,100.815,1459.96132451,274.15980082,1,0,0.0,0.5,3.0
3361,100.845,1456.32198727,273.95896456,1,0,0.0,0.5,3.0
3362,100.875,1452.66041703,273.76013385,1,0,0.0,0.5,3.0
3363,100.905,1448.97781727,273.56017129,1,0,0.0,0.5,3.0
3364,100.935,1445.27468494,273.36394528,1,0,0.0,0.5,3.0
3365,100.965,1441.55048361,273.17082826,1,0,0.0,0.5,3.0
3366,100.995,1437.80511874,272.97735522,1,0,0.0,0.5,3.0
3367,101.025,1434.03950967,272.78355062,1,0,0.0,0.5,3.0
3368,101.055,1430.2537589,272.59290474,1,0,0.0,0.5,3.0
3369,101.085,1426.44775165,272.40225886,1,0,0.0,0.5,3.0
3370,101.115,1422.62137099,272.21470209,1,0,0.0,0.5,3.0
3371,101.145,1418.77428064,272.02780024,1,0,0.0,0.5,3.0
3372,101.175,1414.90739384,271.83969059,1,0,0.0,0.5,3.0
3373,101.205,1411.02056449,271.65591087,1,0,0.0,0.5,3.0
3374,101.235,1407.11318303,271.47467105,1,0,0.0,0.5,3.0
3375,101.265,1403.1850469,271.2956092,1,0,0.0,0.5,3.0
3376,101.295,1399.23583176,271.11975121,1,0,0.0,0.5,3.0
3377,101.325,1395.26595332,270.94288297,1,0,0.0,0.5,3.0
3378,101.355,1391.27532692,270.76909406,1,0,0.0,0.5,3.0
3379,101.385,1387.26317701,270.59806526,1,0,0.0,0.5,3.0
3380,101.415,1383.22938255,270.42760964,1,0,0.0,0.5,3.0
3381,101.445,1379.17331091,270.2615668,1,0,0.0,0.5,3.0
3382,101.475,1375.09517521,270.09335375,1,0,0.0,0.5,3.0
3383,101.505,1370.99480844,269.92987299,1,0,0.0,0.5,3.0
3384,101.535,1366.87135926,269.76761643,1,0,0.0,0.5,3.0
3385,101.565,1362.72451862,269.60925158,1,0,0.0,0.5,3.0
3386,101.595,1358.55309468,269.45588956,1,0,0.0,0.5,3.0
3387,101.625,1354.35669432,269.3046149,1,0,0.0,0.5,3.0
3388,101.655,1350.1347075,269.15429918,1,0,0.0,0.5,3.0
3389,101.685,1345.88664903,269.00821383,1,0,0.0,0.5,3.0
3390,101.715,1341.61114382,268.86406447,1,0,0.0,0.5,3.0
3391,101.745,1337.30712486,268.72570333,1,0,0.0,0.5,3.0
3392,101.775,1332.97317683,268.58976342,1,0,0.0,0.5,3.0
3393,101.805,1328.60738504,268.45739572,1,0,0.0,0.5,3.0
3394,101.835,1324.20843447,268.32816214,1,0,0.0,0.5,3.0
3395,101.865,1319.77386626,268.20329686,1,0,0.0,0.5,3.0
3396,101.895,1315.30019422,268.08380215,1,0,0.0,0.5,3.0
3397,101.925,1310.782584,267.97226951,1,0,0.0,0.5,3.0
3398,101.955,1306.21331628,267.86956543,1,0,0.0,0.5,3.0
3399,101.985,1301.57753377,267.77683142,1,0,0.0,0.5,3.0
3400,102.015,1296.82705156,267.70019244,1,0,0.0,0.5,3.0
3401,102.045,1292.03769136,267.62823948,1,0,0.0,0.5,3.0
3402,102.075,1287.24262687,267.55628653,1,0,0.0,0.5,3.0
3403,102.105,1282.44185809,267.48433357,1,0,0.0,0.5,3.0
3404,102.135,1277.63538501,267.41238061,1,0,0.0,0.5,3.0
3405,102.165,1272.82320764,267.34042765,1,0,0.0,0.5,3.0
3406,102.195,1268.00532597,267.2684747,1,0,0.0,0.5,3.0
3407,102.225,1263.18183259,267.19484693,1,0,0.0,0.5,3.0
3408,102.255,1258.35315532,267.11994516,1,0,0.0,0.5,3.0
3409,102.285,1253.51926388,267.04762288,1,0,0.0,0.5,3.0
3410,102.315,1248.68002718,266.97565194,1,0,0.0,0.5,3.0
3411,102.345,1243.83544366,266.90368099,1,0,0.0,0.5,3.0
3412,102.375,1238.98551332,266.83171005,1,0,0.0,0.5,3.0
3413,102.405,1234.13023617,266.7597391,1,0,0.0,0.5,3.0
3414,102.435,1229.26961688,266.68737516,1,0,0.0,0.5,3.0
3415,102.465,1224.40397456,266.61248474,1,0,0.0,0.5,3.0
3416,102.495,1219.533503,266.53759433,1,0,0.0,0.5,3.0
3417,102.525,1214.6582022,266.46270392,1,0,0.0,0.5,3.0
3418,102.555,1209.77807217,266.38781351,1,0,0.0,0.5,3.0
3419,102.585,1204.89311291,266.31292309,1,0,0.0,0.5,3.0
3420,102.615,1200.00332336,266.2383288,1,0,0.0,0.5,3.0
3421,102.645,1195.10857833,266.16641299,1,0,0.0,0.5,3.0
3422,102.675,1190.20881635,266.0935619,1,0,0.0,0.5,3.0
3423,102.705,1185.30437564,266.01875341,1,0,0.0,0.5,3.0
3424,102.735,1180.39536392,265.94394492,1,0,0.0,0.5,3.0
3425,102.765,1175.48178119,265.86913643,1,0,0.0,0.5,3.0
3426,102.795,1170.56362745,265.79432795,1,0,0.0,0.5,3.0
3427,102.825,1165.64090271,265.71951946,1,0,0.0,0.5,3.0
3428,102.855,1160.71360697,265.64471097,1,0,0.0,0.5,3.0
3429,102.885,1155.78174021,265.56990248,1,0,0.0,0.5,3.0
3430,102.915,1150.84530707,265.49467392,1,0,0.0,0.5,3.0
3431,102.945,1145.90457687,265.41699697,1,0,0.0,0.5,3.0
3432,102.975,1140.95970186,265.33996199,1,0,0.0,0.5,3.0
3433,103.005,1136.01054271,265.26530925,1,0,0.0,0.5,3.0
3434,103.035,1131.05703463,265.19065651,1,0,0.0,0.5,3.0
3435,103.065,1126.09917762,265.11600378,1,0,0.0,0.5,3.0
3436,103.095,1121.13697168,265.04135104,1,0,0.0,0.5,3.0
3437,103.125,1116.17041682,264.9666983,1,0,0.0,0.5,3.0
3438,103.155,1111.19951303,264.89204556,1,0,0.0,0.5,3.0
3439,103.185,1106.22433592,264.8156361,1,0,0.0,0.5,3.0
3440,103.215,1101.24517805,264.73813577,1,0,0.0,0.5,3.0
3441,103.245,1096.26206859,264.66063544,1,0,0.0,0.5,3.0
3442,103.275,1091.27500752,264.58313511,1,0,0.0,0.5,3.0
3443,103.305,1086.28399486,264.50563477,1,0,0.0,0.5,3.0
3444,103.335,1081.28902481,264.42886469,1,0,0.0,0.5,3.0
3445,103.365,1076.28995705,264.35444625,1,0,0.0,0.5,3.0
3446,103.395,1071.28673156,264.28002781,1,0,0.0,0.5,3.0
3447,103.425,1066.27934834,264.20560937,1,0,0.0,0.5,3.0
3448,103.455,1061.26791056,264.12907374,1,0,0.0,0.5,3.0
3449,103.485,1056.25267199,264.0518256,1,0,0.0,0.5,3.0
3450,103.515,1051.23364431,263.97457745,1,0,0.0,0.5,3.0
3451,103.545,1046.21082751,263.89732931,1,0,0.0,0.5,3.0
3452,103.575,1041.1842216,263.82008116,1,0,0.0,0.5,3.0
3453,103.605,1036.15382658,263.74283301,1,0,0.0,0.5,3.0
3454,103.635,1031.11964244,263.66558487,1,0,0.0,0.5,3.0
3455,103.665,1026.08166919,263.58833672,1,0,0.0,0.5,3.0
3456,103.695,1021.03990305,263.51169398,1,0,0.0,0.5,3.0
3457,103.725,1015.99426311,263.43603215,1,0,0.0,0.5,3.0
3458,103.755,1010.94493978,263.35911559,1,0,0.0,0.5,3.0
3459,103.785,1005.89196722,263.28219903,1,0,0.0,0.5,3.0
3460,103.815,1000.83534542,263.20528246,1,0,0.0,0.5,3.0
3461,103.845,995.77507439,263.1283659,1,0,0.0,0.5,3.0
3462,103.875,990.71115412,263.05144933,1,0,0.0,0.5,3.0
3463,103.905,985.64358462,262.97453277,1,0,0.0,0.5,3.0
3464,103.935,980.57236589,262.89761621,1,0,0.0,0.5,3.0
3465,103.965,975.5322408,260.13779755,2,0,0.0,0.5,3.0
3466,103.995,970.55880292,258.51469941,2,0,0.0,0.5,3.0
3467,104.025,965.62111016,257.29175578,2,0,0.0,0.5,3.0
3468,104.055,960.71026499,256.25904577,2,0,0.0,0.5,3.0
3469,104.085,955.82169535,255.3940586,2,0,0.0,0.5,3.0
3470,104.115,950.95230021,254.57526306,2,0,0.0,0.5,3.0
3471,104.145,946.09943852,253.83521092,2,0,0.0,0.5,3.0
3472,104.175,941.26206718,253.13134758,2,0,0.0,0.5,3.0
3473,104.205,936.43818335,252.47785868,2,0,0.0,0.5,3.0
3474,104.235,931.62728287,251.83854832,2,0,0.0,0.5,3.0
3475,104.265,926.8279768,251.25107647,2,0,0.0,0.5,3.0
3476,104.295,922.03963424,250.66290551,2,0,0.0,0.5,3.0
3477,104.325,917.26202557,250.11048132,2,0,0.0,0.5,3.0
3478,104.355,912.49408159,249.57217775,2,0,0.0,0.5,3.0
3479,104.385,907.73574121,249.03387417,2,0,0.0,0.5,3.0
3480,104.415,902.98637767,248.53594666,2,0,0.0,0.5,3.0
3481,104.445,898.24517032,248.04279946,2,0,0.0,0.5,3.0
3482,104.475,893.51201157,247.5497477,2,0,0.0,0.5,3.0
3483,104.505,888.78642101,247.08855567,2,0,0.0,0.5,3.0
3484,104.535,884.06775203,246.63006392,2,0,0.0,0.5,3.0
3485,104.565,879.35600117,246.17157216,2,0,0.0,0.5,3.0
3486,104.595,874.65099307,245.73030352,2,0,0.0,0.5,3.0
3487,104.625,869.95220344,245.29797452,2,0,0.0,0.5,3.0
3488,104.655,865.35023476,244.91223398,2,0,0.0,0.5,3.0
3489,104.685,861.51749739,244.91804137,2,0,0.0,0.5,3.0
3490,104.715,857.69680361,244.94758967,2,0,0.0,0.5,3.0
3491,104.745,853.88776746,244.97713797,2,0,0.0,0.5,3.0
3492,104.775,850.09061777,245.02694317,2,0,0.0,0.5,3.0
3493,104.805,846.30597195,245.09321244,2,0,0.0,0.5,3.0
3494,104.835,842.53327057,245.17697987,2,0,0.0,0.5,3.0
3495,104.865,838.77243176,245.27895826,2,0,0.0,0.5,3.0
3496,104.895,835.02432011,245.39810504,2,0,0.0,0.5,3.0
3497,104.925,831.28916076,245.51702353,2,0,0.0,0.5,3.0
3498,104.955,827.5669968,245.67754583,2,0,0.0,0.5,3.0
3499,104.985,823.85842792,245.85249691,2,0,0.0,0.5,3.0
3500,105.015,820.16343869,246.02744798,2,0,0.0,0.5,3.0
3501,105.045,816.48280703,246.25344509,2,0,0.0,0.5,3.0
3502,105.075,812.81726946,246.49418814,2,0,0.0,0.5,3.0
3503,105.105,809.16680007,246.77780338,2,0,0.0,0.5,3.0
3504,105.135,805.53296175,247.08969129,2,0,0.0,0.5,3.0
3505,105.165,801.91620077,247.44608146,2,0,0.0,0.5,3.0
3506,105.195,798.31842591,247.85298397,2,0,0.0,0.5,3.0
3507,105.225,794.74044159,248.34842459,2,0,0.0,0.5,3.0
3508,105.255,791.18498584,248.89935944,2,0,0.0,0.5,3.0
3509,105.285,787.65525143,249.60859773,2,0,0.0,0.5,3.0
3510,105.315,784.15616202,250.5418352,2,0,0.0,0.5,3.0
3511,105.345,780.69836904,252.06227478,2,0,0.02099354,0.5,3.0
3512,105.375,777.31482455,253.98862101,1,0,0.04336055,0.0,0.0
3513,105.405,773.94903213,253.7356581,1,0,0.0,0.0,0.0
3514,105.435,770.58185044,253.48269519,1,0,0.0,0.0,0.0
3515,105.465,767.21327948,253.22973229,1,0,0.0,0.0,0.0
3516,105.495,763.84329053,252.98096603,1,0,0.0,0.0,0.0
3517,105.525,760.47153231,252.74164586,1,0,0.0,0.0,0.0
3518,105.555,757.09765875,252.50019261,1,0,0.0,0.0,0.0
3519,105.585,753.72163713,252.25674556,1,0,0.0,0.0,0.0
3520,105.615,750.3435088,252.01329851,1,0,0.0,0.0,0.0
3521,105.645,746.96327107,251.77105868,1,0,0.0,0.0,0.0
3522,105.675,743.58068457,251.53800409,1,0,0.0,0.0,0.0
3523,105.705,740.19559417,251.3049495,1,0,0.0,0.0,0.0
3524,105.735,736.80799987,251.07189492,1,0,0.0,0.0,0.0
3525,105.765,733.41790166,250.83884033,1,0,0.0,0.0,0.0
3526,105.795,730.02529956,250.60578574,1,0,0.0,0.0,0.0
3527,105.825,726.63002147,250.37695251,1,0,0.0,0.0,0.0
3528,105.855,723.23154884,250.15055992,1,0,0.0,0.0,0.0
3529,105.885,719.82983365,249.92510609,1,0,0.0,0.0,0.0
3530,105.915,716.42490001,249.69962732,1,0,0.0,0.0,0.0
3531,105.945,713.01677314,249.47414855,1,0,0.0,0.0,0.0
3532,105.975,709.60545305,249.24867613,1,0,0.0,0.0,0.0
3533,106.005,706.19076755,249.03184408,1,0,0.0,0.0,0.0
3534,106.035,702.77254496,248.81501203,1,0,0.0,0.0,0.0
3535,106.065,699.35078529,248.59817998,1,0,0.0,0.0,0.0
3536,106.095,695.92534296,248.37890435,1,0,0.0,0.0,0.0
3537,106.125,692.49598207,248.15926322,1,0,0.0,0.0,0.0
3538,106.155,689.06269565,247.94082899,1,0,0.0,0.0,0.0
3539,106.185,685.62528083,247.72913683,1,0,0.0,0.0,0.0
3540,106.215,682.18362387,247.51704664,1,0,0.0,0.0,0.0
3541,106.245,678.73784039,247.30458414,1,0,0.0,0.0,0.0
3542,106.275,675.28786147,247.09392918,1,0,0.0,0.0,0.0
3543,106.305,671.83366462,246.88327423,1,0,0.0,0.0,0.0
3544,106.335,668.37522216,246.67251835,1,0,0.0,0.0,0.0
3545,106.365,664.91204685,246.46637566,1,0,0.0,0.0,0.0
3546,106.395,661.4439332,246.26023298,1,0,0.0,0.0,0.0
3547,106.425,657.9708812,246.0540903,1,0,0.0,0.0,0.0
3548,106.455,654.49289086,245.84794762,1,0,0.0,0.0,0.0
3549,106.485,651.00996217,245.64180494,1,0,0.0,0.0,0.0
3550,106.515,647.52209513,245.43566226,1,0,0.0,0.0,0.0
3551,106.545,644.02916837,245.2357701,1,0,0.0,0.0,0.0
3552,106.575,640.53106971,245.03385789,1,0,0.0,0.0,0.0
3553,106.605,637.02762595,244.83130476,1,0,0.0,0.0,0.0
3554,106.635,633.51853427,244.63029082,1,0,0.0,0.0,0.0
3555,106.665,630.00377942,244.42927688,1,0,0.0,0.0,0.0
3556,106.695,626.48336138,244.22826294,1,0,0.0,0.0,0.0
3557,106.725,622.95723835,244.03075231,1,0,0.0,0.0,0.0
3558,106.755,619.42520537,243.836083,1,0,0.0,0.0,0.0
3559,106.785,615.88723493,243.64141369,1,0,0.0,0.0,0.0
3560,106.815,612.34329749,243.44575192,1,0,0.0,0.0,0.0
3561,106.845,608.79303234,243.2482052,1,0,0.0,0.0,0.0
3562,106.875,605.23633287,243.05065848,1,0,0.0,0.0,0.0
3563,106.905,601.67320158,242.85286399,1,0,0.0,0.0,0.0
3564,106.935,598.10363868,242.65834216,1,0,0.0,0.0,0.0
3565,106.965,594.52753132,242.46722485,1,0,0.0,0.0,0.0
3566,106.995,590.94473821,242.27692863,1,0,0.0,0.0,0.0
3567,107.025,587.35525529,242.0866324,1,0,0.0,0.0,0.0
3568,107.055,583.75886763,241.89376536,1,0,0.0,0.0,0.0
3569,107.085,580.15524489,241.70056408,1,0,0.0,0.0,0.0
3570,107.115,576.54436588,241.50944409,1,0,0.0,0.0,0.0
3571,107.145,572.92604593,241.32181399,1,0,0.0,0.0,0.0
3572,107.175,569.30023569,241.1341839,1,0,0.0,0.0,0.0
3573,107.205,565.66693515,240.94655381,1,0,0.0,0.0,0.0
3574,107.235,562.02614432,240.75892371,1,0,0.0,0.0,0.0
3575,107.265,558.37768735,240.56764504,1,0,0.0,0.0,0.0
3576,107.295,554.72132177,240.37462587,1,0,0.0,0.0,0.0
3577,107.325,551.05689691,240.18859103,1,0,0.0,0.0,0.0
3578,107.355,547.38414577,240.00475237,1,0,0.0,0.0,0.0
3579,107.385,543.70304712,239.8209137,1,0,0.0,0.0,0.0
3580,107.415,540.01360096,239.63707504,1,0,0.0,0.0,0.0
3581,107.445,536.31580332,239.45291779,1,0,0.0,0.0,0.0
3582,107.475,532.6092442,239.26611153,1,0,0.0,0.0,0.0
3583,107.505,528.89364944,239.07930527,1,0,0.0,0.0,0.0
3584,107.535,525.16896662,238.89581709,1,0,0.0,0.0,0.0
3585,107.565,521.43502663,238.71397344,1,0,0.0,0.0,0.0
3586,107.595,517.69181657,238.5321298,1,0,0.0,0.0,0.0
3587,107.625,513.93937474,238.34849084,1,0,0.0,0.0,0.0
3588,107.655,510.17756642,238.16380134,1,0,0.0,0.0,0.0
3589,107.685,506.40572903,237.98061211,1,0,0.0,0.0,0.0
3590,107.715,502.6238263,237.79742287,1,0,0.0,0.0,0.0
3591,107.745,498.83181079,237.61727258,1,0,0.0,0.0,0.0
3592,107.775,495.02951671,237.43878984,1,0,0.0,0.0,0.0
3593,107.805,491.21692978,237.26030711,1,0,0.0,0.0,0.0
3594,107.835,487.39366652,237.07902295,1,0,0.0,0.0,0.0
3595,107.865,483.55921271,236.89750489,1,0,0.0,0.0,0.0
3596,107.895,479.71356566,236.71598682,1,0,0.0,0.0,0.0
3597,107.925,475.85672538,236.53446876,1,0,0.0,0.0,0.0
3598,107.955,471.98866149,236.35529727,1,0,0.0,0.0,0.0
3599,107.985,468.10914296,236.1756344,1,0,0.0,0.0,0.0
3600,108.015,464.21736432,235.9973776,1,0,0.0,0.0,0.0
3601,108.045,460.31309733,235.8191208,1,0,0.0,0.0,0.0
3602,108.075,456.39634199,235.64086399,1,0,0.0,0.0,0.0
3603,108.105,452.46709831,235.46260719,1,0,0.0,0.0,0.0
3604,108.135,448.52526307,235.28308676,1,0,0.0,0.0,0.0
3605,108.165,444.56990141,235.10306898,1,0,0.0,0.0,0.0
3606,108.195,440.60063877,234.92598166,1,0,0.0,0.0,0.0
3607,108.225,436.61742416,234.74889433,1,0,0.0,0.0,0.0
3608,108.255,432.62025758,234.57180701,1,0,0.0,0.0,0.0
3609,108.285,428.60866227,234.39222273,1,0,0.0,0.0,0.0
3610,108.315,424.58163886,234.21199558,1,0,0.0,0.0,0.0
3611,108.345,420.53909252,234.03463677,1,0,0.0,0.0,0.0
3612,108.375,416.48103908,233.85659957,1,0,0.0,0.0,0.0
3613,108.405,412.4070165,233.68055448,1,0,0.0,0.0,0.0
3614,108.435,408.31555307,233.50331691,1,0,0.0,0.0,0.0
3615,108.465,404.20651697,233.32607934,1,0,0.0,0.0,0.0
3616,108.495,400.07990821,233.14884177,1,0,0.0,0.0,0.0
3617,108.525,395.93476197,232.96871856,1,0,0.0,0.0,0.0
3618,108.555,391.76967399,232.78827556,1,0,0.0,0.0,0.0
3619,108.585,387.5846324,232.60783257,1,0,0.0,0.0,0.0
3620,108.615,383.37896549,232.42802011,1,0,0.0,0.0,0.0
3621,108.645,379.15021223,232.24827049,1,0,0.0,0.0,0.0
3622,108.675,374.89804535,232.07343194,1,0,0.0,0.0,0.0
3623,108.705,370.6208865,231.89483571,1,0,0.0,0.0,0.0
3624,108.735,366.31603653,231.71414214,1,0,0.0,0.0,0.0
3625,108.765,361.98273733,231.531922,1,0,0.0,0.0,0.0
3626,108.795,357.61608917,231.34794344,1,0,0.0,0.0,0.0
3627,108.825,353.21332336,231.16309083,1,0,0.0,0.0,0.0
3628,108.855,348.76593205,230.97904824,1,0,0.0,0.0,0.0
3629,108.885,344.2575863,230.79150377,1,0,0.0,0.0,0.0
3630,108.915,339.65030457,230.59887274,1,0,0.0,0.0,0.0
3631,108.945,335.02857725,230.40538941,1,0,0.0,0.0,0.0
3632,108.975,330.40446897,230.21231613,1,0,0.0,0.0,0.0
3633,109.005,325.77783325,230.02467047,1,0,0.0,0.0,0.0
3634,109.035,321.14855812,229.83702481,1,0,0.0,0.0,0.0
3635,109.065,316.51658789,229.65116995,1,0,0.0,0.0,0.0
3636,109.095,311.88194123,229.4639281,1,0,0.0,0.0,0.0
3637,109.125,307.24465407,229.27668625,1,0,0.0,0.0,0.0
3638,109.155,302.6047264,229.0894444,1,0,0.0,0.0,0.0
3639,109.185,297.96215823,228.90220255,1,0,0.0,0.0,0.0
3640,109.215,293.31694955,228.7149607,1,0,0.0,0.0,0.0
3641,109.245,288.66910037,228.52771885,1,0,0.0,0.0,0.0
3642,109.275,284.01859779,228.34173392,1,0,0.0,0.0,0.0
3643,109.305,279.36526348,228.16096049,1,0,0.0,0.0,0.0
3644,109.335,274.7088524,227.98348418,1,0,0.0,0.0,0.0
3645,109.365,270.04932668,227.80600788,1,0,0.0,0.0,0.0
3646,109.395,265.38668632,227.62853157,1,0,0.0,0.0,0.0
3647,109.425,260.72093567,227.45036586,1,0,0.0,0.0,0.0
3648,109.455,256.05220939,227.26956114,1,0,0.0,0.0,0.0
3649,109.485,251.38057119,227.08875641,1,0,0.0,0.0,0.0
3650,109.515,246.70594546,226.91090979,1,0,0.0,0.0,0.0
3651,109.545,242.0282071,226.73352885,1,0,0.0,0.0,0.0
3652,109.575,237.34735425,226.55614791,1,0,0.0,0.0,0.0
3653,109.605,233.13308841,90.18937613,1,0,0.0,0.0,0.0
3654,109.635,232.53338592,89.94937561,1,0,0.0,0.0,0.0
3655,109.665,231.93368066,89.70937509,1,0,0.0,0.0,0.0
3656,109.695,231.33397264,89.46937457,1,0,0.0,0.0,0.0
3657,109.725,230.73424829,89.23059219,1,0,0.0,0.0,0.0
3658,109.755,230.13435931,88.99392046,1,0,0.0,0.0,0.0
3659,109.785,229.53426503,88.75717068,1,0,0.0,0.0,0.0
3660,109.815,228.93407133,88.51707558,1,0,0.0,0.0,0.0
3661,109.845,228.333875,88.27698048,1,0,0.0,0.0,0.0
3662,109.875,227.73367603,88.03688538,1,0,0.0,0.0,0.0
3663,109.905,227.13347444,87.79679028,1,0,0.0,0.0,0.0
3664,109.935,226.53327022,87.55669517,1,0,0.0,0.0,0.0
3665,109.965,225.93298579,87.31943458,1,0,0.0,0.0,0.0
3666,109.995,225.33249715,87.08258328,1,0,0.0,0.0,0.0
3667,110.025,224.73180269,86.84573197,1,0,0.0,0.0,0.0
3668,110.055,224.13090239,86.60888066,1,0,0.0,0.0,0.0
3669,110.085,223.52979627,86.37202935,1,0,0.0,0.0,0.0
3670,110.115,222.92848431,86.13517804,1,0,0.0,0.0,0.0
3671,110.145,222.32696653,85.89832673,1,0,0.0,0.0,0.0
3672,110.175,221.72529976,85.65974715,1,0,0.0,0.0,0.0
3673,110.205,221.1234606,85.42253402,1,0,0.0,0.0,0.0
3674,110.235,220.52141451,85.18532089,1,0,0.0,0.0,0.0
3675,110.265,219.91916151,84.94810776,1,0,0.0,0.0,0.0
3676,110.295,219.31670158,84.71089462,1,0,0.0,0.0,0.0
3677,110.325,218.71403474,84.47368149,1,0,0.0,0.0,0.0
3678,110.355,218.11116098,84.23646836,1,0,0.0,0.0,0.0
3679,110.385,217.50808029,83.99925523,1,0,0.0,0.0,0.0
3680,110.415,216.90469858,83.76500362,1,0,0.0,0.0,0.0
3681,110.445,216.30090367,83.5308924,1,0,0.0,0.0,0.0
3682,110.475,215.69669536,83.29678118,1,0,0.0,0.0,0.0
3683,110.505,215.09207364,83.06266996,1,0,0.0,0.0,0.0
3684,110.535,214.48708899,82.82599673,1,0,0.0,0.0,0.0
3685,110.565,213.88188652,82.58823756,1,0,0.0,0.0,0.0
3686,110.595,213.27647531,82.35047839,1,0,0.0,0.0,0.0
3687,110.625,212.67082357,82.11439707,1,0,0.0,0.0,0.0
3688,110.655,212.064775,81.87968106,1,0,0.0,0.0,0.0
3689,110.685,211.45830855,81.64496506,1,0,0.0,0.0,0.0
3690,110.715,210.85142422,81.41024906,1,0,0.0,0.0,0.0
3691,110.745,210.24412202,81.17553306,1,0,0.0,0.0,0.0
3692,110.775,209.63640193,80.94081706,1,0,0.0,0.0,0.0
3693,110.805,209.02826397,80.70610105,1,0,0.0,0.0,0.0
3694,110.835,208.41970383,80.47198643,1,0,0.0,0.0,0.0
3695,110.865,207.81058116,80.24026159,1,0,0.0,0.0,0.0
3696,110.895,207.2008659,80.00625107,1,0,0.0,0.0,0.0
3697,110.925,206.5907108,79.77074574,1,0,0.0,0.0,0.0
3698,110.955,205.98013199,79.5352404,1,0,0.0,0.0,0.0
3699,110.985,205.3691295,79.29973506,1,0,0.0,0.0,0.0
3700,111.015,204.7577033,79.06422973,1,0,0.0,0.0,0.0
3701,111.045,204.14585341,78.82872439,1,0,0.0,0.0,0.0
3702,111.075,203.53348919,78.59591705,1,0,0.0,0.0,0.0
3703,111.105,202.92048575,78.36335899,1,0,0.0,0.0,0.0
3704,111.135,202.30684231,78.13080092,1,0,0.0,0.0,0.0
3705,111.165,201.69255887,77.89824286,1,0,0.0,0.0,0.0
3706,111.195,201.07763544,77.66568479,1,0,0.0,0.0,0.0
3707,111.225,200.46207201,77.43312673,1,0,0.0,0.0,0.0
3708,111.255,199.84590308,77.19831392,1,0,0.0,0.0,0.0
3709,111.285,199.22922914,76.96388238,1,0,0.0,0.0,0.0
3710,111.315,198.61191215,76.73030607,1,0,0.0,0.0,0.0
3711,111.345,197.99394252,76.49672976,1,0,0.0,0.0,0.0
3712,111.375,197.37532025,76.26315345,1,0,0.0,0.0,0.0
3713,111.405,196.75604533,76.02957713,1,0,0.0,0.0,0.0
3714,111.435,196.13611776,75.79600082,1,0,0.0,0.0,0.0
3715,111.465,195.51553756,75.56242451,1,0,0.0,0.0,0.0
3716,111.495,194.89426588,75.3305289,1,0,0.0,0.0,0.0
3717,111.525,194.27213375,75.09982933,1,0,0.0,0.0,0.0
3718,111.555,193.64912149,74.86912976,1,0,0.0,0.0,0.0
3719,111.585,193.02522911,74.63843019,1,0,0.0,0.0,0.0
3720,111.615,192.40049879,74.40515331,1,0,0.0,0.0,0.0
3721,111.645,191.77508649,74.1703618,1,0,0.0,0.0,0.0
3722,111.675,191.14900676,73.93557029,1,0,0.0,0.0,0.0
3723,111.705,190.52222269,73.70237908,1,0,0.0,0.0,0.0
3724,111.735,189.89455937,73.47043856,1,0,0.0,0.0,0.0
3725,111.765,189.26599425,73.23849804,1,0,0.0,0.0,0.0
3726,111.795,188.63652732,73.00655753,1,0,0.0,0.0,0.0
3727,111.825,188.00615859,72.77461701,1,0,0.0,0.0,0.0
3728,111.855,187.37488805,72.54267649,1,0,0.0,0.0,0.0
3729,111.885,186.74271571,72.31073598,1,0,0.0,0.0,0.0
3730,111.915,186.10959063,72.08063012,1,0,0.0,0.0,0.0
3731,111.945,185.47533641,71.85151914,1,0,0.0,0.0,0.0
3732,111.975,184.84000584,71.61902831,1,0,0.0,0.0,0.0
3733,112.005,184.20374325,71.38564282,1,0,0.0,0.0,0.0
3734,112.035,183.56655337,71.15225734,1,0,0.0,0.0,0.0
3735,112.065,182.92843621,70.91887185,1,0,0.0,0.0,0.0
3736,112.095,182.28939176,70.68548636,1,0,0.0,0.0,0.0
3737,112.125,181.64932777,70.45451115,1,0,0.0,0.0,0.0
3738,112.155,181.00808745,70.22394025,1,0,0.0,0.0,0.0
3739,112.185,180.36566822,69.99336935,1,0,0.0,0.0,0.0
3740,112.215,179.72207007,69.76279845,1,0,0.0,0.0,0.0
3741,112.245,179.07729301,69.53222755,1,0,0.0,0.0,0.0
3742,112.275,178.43133703,69.30165665,1,0,0.0,0.0,0.0
3743,112.305,177.78419773,69.0712972,1,0,0.0,0.0,0.0
3744,112.335,177.13582912,68.83905098,1,0,0.0,0.0,0.0
3745,112.365,176.48624128,68.60680476,1,0,0.0,0.0,0.0
3746,112.395,175.8354342,68.37455854,1,0,0.0,0.0,0.0
3747,112.425,175.18340789,68.14231232,1,0,0.0,0.0,0.0
3748,112.455,174.53016235,67.9100661,1,0,0.0,0.0,0.0
3749,112.485,173.87569758,67.67781988,1,0,0.0,0.0,0.0
3750,112.515,173.21995057,67.44746959,1,0,0.0,0.0,0.0
3751,112.545,172.56272428,67.21802073,1,0,0.0,0.0,0.0
3752,112.575,171.90400447,66.98857187,1,0,0.0,0.0,0.0
3753,112.605,171.24379113,66.75912301,1,0,0.0,0.0,0.0
3754,112.635,170.58208427,66.52967415,1,0,0.0,0.0,0.0
3755,112.665,169.91891264,66.29785965,1,0,0.0,0.0,0.0
3756,112.695,169.25443302,66.06457563,1,0,0.0,0.0,0.0
3757,112.725,168.58846764,65.83321482,1,0,0.0,0.0,0.0
3758,112.755,167.9209483,65.60185402,1,0,0.0,0.0,0.0
3759,112.785,167.25187499,65.37049321,1,0,0.0,0.0,0.0
3760,112.815,166.58124771,65.1391324,1,0,0.0,0.0,0.0
3761,112.845,165.90906647,64.90777159,1,0,0.0,0.0,0.0
3762,112.875,165.23532947,64.67671544,1,0,0.0,0.0,0.0
3763,112.905,164.55985508,64.44815293,1,0,0.0,0.0,0.0
3764,112.935,163.88252252,64.21959042,1,0,0.0,0.0,0.0
3765,112.965,163.2033318,63.99102791,1,0,0.0,0.0,0.0
3766,112.995,162.52228386,63.76201742,1,0,0.0,0.0,0.0
3767,113.025,161.83951526,63.52849336,1,0,0.0,0.0,0.0
3768,113.055,161.15512208,63.2951883,1,0,0.0,0.0,0.0
3769,113.085,160.46891978,63.06446925,1,0,0.0,0.0,0.0
3770,113.115,159.78077126,62.83375021,1,0,0.0,0.0,0.0
3771,113.145,159.09067651,62.60303116,1,0,0.0,0.0,0.0
3772,113.175,158.39863555,62.37231211,1,0,0.0,0.0,0.0
3773,113.205,157.70464836,62.14159307,1,0,0.0,0.0,0.0
3774,113.235,157.00870592,61.91151923,1,0,0.0,0.0,0.0
3775,113.265,156.31057555,61.68361561,1,0,0.0,0.0,0.0
3776,113.295,155.6101551,61.45571199,1,0,0.0,0.0,0.0
3777,113.325,154.90744458,61.22780836,1,0,0.0,0.0,0.0
3778,113.355,154.20253301,60.99540718,1,0,0.0,0.0,0.0
3779,113.385,153.49557148,60.76225399,1,0,0.0,0.0,0.0
3780,113.415,152.78650232,60.5307179,1,0,0.0,0.0,0.0
3781,113.445,152.07505101,60.30039466,1,0,0.0,0.0,0.0
3782,113.475,151.3611837,60.07007143,1,0,0.0,0.0,0.0
3783,113.505,150.64490038,59.8397482,1,0,0.0,0.0,0.0
3784,113.535,149.92620108,59.60942496,1,0,0.0,0.0,0.0
3785,113.565,149.2050832,59.37942565,1,0,0.0,0.0,0.0
3786,113.595,148.48130815,59.15194941,1,0,0.0,0.0,0.0
3787,113.625,147.75471999,58.92447317,1,0,0.0,0.0,0.0
3788,113.655,147.02531871,58.69699694,1,0,0.0,0.0,0.0
3789,113.685,146.2931889,58.46495469,1,0,0.0,0.0,0.0
3790,113.715,145.55849363,58.23190821,1,0,0.0,0.0,0.0
3791,113.745,144.82107582,58.00134302,1,0,0.0,0.0,0.0
3792,113.775,144.08066958,57.7711657,1,0,0.0,0.0,0.0
3793,113.805,143.33727098,57.54098837,1,0,0.0,0.0,0.0
3794,113.835,142.59088003,57.31081104,1,0,0.0,0.0,0.0
3795,113.865,141.84149671,57.08063372,1,0,0.0,0.0,0.0
3796,113.895,141.08895784,56.85286534,1,0,0.0,0.0,0.0
3797,113.925,140.33296272,56.62558022,1,0,0.0,0.0,0.0
3798,113.955,139.57350479,56.3982951,1,0,0.0,0.0,0.0
3799,113.985,138.81058403,56.17100997,1,0,0.0,0.0,0.0
3800,114.015,138.04433058,55.93788657,1,0,0.0,0.0,0.0
3801,114.045,137.27460463,55.70758651,1,0,0.0,0.0,0.0
3802,114.075,136.50116067,55.47728645,1,0,0.0,0.0,0.0
3803,114.105,135.72399869,55.24698639,1,0,0.0,0.0,0.0
3804,114.135,134.94311869,55.01668633,1,0,0.0,0.0,0.0
3805,114.165,134.15846216,54.78771792,1,0,0.0,0.0,0.0
3806,114.195,133.3696,54.56036666,1,0,0.0,0.0,0.0
3807,114.225,132.5764459,54.33301541,1,0,0.0,0.0,0.0
3808,114.255,131.77899986,54.10566416,1,0,0.0,0.0,0.0
3809,114.285,130.9772575,53.87866168,1,0,0.0,0.0,0.0
3810,114.315,130.17085377,53.6517251,1,0,0.0,0.0,0.0
3811,114.345,129.35974162,53.42101097,1,0,0.0,0.0,0.0
3812,114.375,128.54396973,53.19029683,1,0,0.0,0.0,0.0
3813,114.405,127.72353778,52.9596705,1,0,0.0,0.0,0.0
3814,114.435,126.89806348,52.73196941,1,0,0.0,0.0,0.0
3815,114.465,126.06720577,52.50426832,1,0,0.0,0.0,0.0
3816,114.495,125.23096467,52.27656722,1,0,0.0,0.0,0.0
3817,114.525,124.38932444,52.04945862,1,0,0.0,0.0,0.0
3818,114.555,123.54173828,51.82480625,1,0,0.0,0.0,0.0
3819,114.585,122.68793592,51.60015389,1,0,0.0,0.0,0.0
3820,114.615,121.82791786,51.37509131,1,0,0.0,0.0,0.0
3821,114.645,120.96165851,51.14553628,1,0,0.0,0.0,0.0
3822,114.675,120.08857622,50.91715661,1,0,0.0,0.0,0.0
3823,114.705,119.20860116,50.68877693,1,0,0.0,0.0,0.0
3824,114.735,118.32167968,50.46135835,1,0,0.0,0.0,0.0
3825,114.765,117.42700559,50.2360985,1,0,0.0,0.0,0.0
3826,114.795,116.52430824,50.01083865,1,0,0.0,0.0,0.0
3827,114.825,115.61353926,49.78642262,1,0,0.0,0.0,0.0
3828,114.855,114.69375701,49.56431819,1,0,0.0,0.0,0.0
3829,114.885,113.76459839,49.34221375,1,0,0.0,0.0,0.0
3830,114.915,112.82585515,49.12171009,1,0,0.0,0.0,0.0
3831,114.945,111.87643352,48.89560128,1,0,0.0,0.0,0.0
3832,114.975,110.91628722,48.6693953,1,0,0.0,0.0,0.0
3833,115.005,109.94434685,48.44636415,1,0,0.0,0.0,0.0
3834,115.035,108.95960528,48.22333299,1,0,0.0,0.0,0.0
3835,115.065,107.96117443,48.00294525,1,0,0.0,0.0,0.0
3836,115.095,106.94729531,47.78317011,1,0,0.0,0.0,0.0
3837,115.125,105.91645769,47.5663361,1,0,0.0,0.0,0.0
3838,115.155,104.86630562,47.35073471,1,0,0.0,0.0,0.0
3839,115.185,103.79316976,47.13755572,1,0,0.0,0.0,0.0
3840,115.215,102.69207991,46.9260574,1,0,0.0,0.0,0.0
3841,115.245,101.552392,46.71175845,1,0,0.0,0.0,0.0
3842,115.275,100.34106366,46.50397889,1,0,0.0,0.0,0.0
3843,115.305,99.11582956,46.29795712,1,0,0.0,0.0,0.0
3844,115.335,97.89467872,46.09193535,1,0,0.0,0.0,0.0
3845,115.365,96.67761114,45.88591358,1,0,0.0,0.0,0.0
3846,115.395,95.46462683,45.67989181,1,0,0.0,0.0,0.0
3847,115.425,94.25572577,45.47387004,1,0,0.0,0.0,0.0
3848,115.455,93.05090798,45.26784827,1,0,0.0,0.0,0.0
3849,115.485,91.85017345,45.0618265,1,0,0.0,0.0,0.0
3850,115.515,90.65360068,44.84996285,1,0,0.0,0.0,0.0
3851,115.545,89.46143706,44.63529392,1,0,0.0,0.0,0.0
3852,115.575,88.2737007,44.42062499,1,0,0.0,0.0,0.0
3853,115.605,87.09039158,44.20595605,1,0,0.0,0.0,0.0
3854,115.635,85.91150971,43.99128712,1,0,0.0,0.0,0.0
3855,115.665,84.7370551,43.77661819,1,0,0.0,0.0,0.0
3856,115.695,83.56702774,43.56194926,1,0,0.0,0.0,0.0
3857,115.725,82.40142762,43.34728032,1,0,0.0,0.0,0.0
3858,115.755,81.24025476,43.13261139,1,0,0.0,0.0,0.0
3859,115.785,80.08355192,42.91338813,1,0,0.0,0.0,0.0
3860,115.815,78.93159546,42.68926503,1,0,0.0,0.0,0.0
3861,115.845,77.78443487,42.46514192,1,0,0.0,0.0,0.0
3862,115.875,76.64207017,42.24101881,1,0,0.0,0.0,0.0
3863,115.905,75.50450134,42.0168957,1,0,0.0,0.0,0.0
3864,115.935,74.3717284,41.79277259,1,0,0.0,0.0,0.0
3865,115.965,73.24375134,41.56864948,1,0,0.0,0.0,0.0
3866,115.995,72.12057015,41.34452637,1,0,0.0,0.0,0.0
3867,116.025,71.00218485,41.12040326,1,0,0.0,0.0,0.0
3868,116.055,69.88867009,40.88990861,1,0,0.0,0.0,0.0
3869,116.085,68.78031882,40.65539141,1,0,0.0,0.0,0.0
3870,116.115,67.67716081,40.4208742,1,0,0.0,0.0,0.0
3871,116.145,66.57919606,40.18635699,1,0,0.0,0.0,0.0
3872,116.175,65.48642456,39.95183978,1,0,0.0,0.0,0.0
3873,116.205,64.39884631,39.71732257,1,0,0.0,0.0,0.0
3874,116.235,63.31646133,39.48280536,1,0,0.0,0.0,0.0
3875,116.265,62.23926959,39.24828815,1,0,0.0,0.0,0.0
3876,116.295,61.16727262,39.01281171,1,0,0.0,0.0,0.0
3877,116.325,60.10071886,38.76680154,1,0,0.0,0.0,0.0
3878,116.355,59.03978932,38.52079138,1,0,0.0,0.0,0.0
3879,116.385,57.98448402,38.27478121,1,0,0.0,0.0,0.0
3880,116.415,56.93480296,38.02877104,1,0,0.0,0.0,0.0
3881,116.445,55.89074612,37.78276087,1,0,0.0,0.0,0.0
3882,116.475,54.85231351,37.53675071,1,0,0.0,0.0,0.0
3883,116.505,53.81950514,37.29074054,1,0,0.0,0.0,0.0
3884,116.535,52.79232099,37.04473037,1,0,0.0,0.0,0.0
3885,116.565,51.77095447,36.78712594,1,0,0.0,0.0,0.0
3886,116.595,50.7556807,36.52832723,1,0,0.0,0.0,0.0
3887,116.625,49.74650172,36.26952852,1,0,0.0,0.0,0.0
3888,116.655,48.74341755,36.01072981,1,0,0.0,0.0,0.0
3889,116.685,47.74642818,35.7519311,1,0,0.0,0.0,0.0
3890,116.715,46.7555336,35.49313239,1,0,0.0,0.0,0.0
3891,116.745,45.77073383,35.23433368,1,0,0.0,0.0,0.0
3892,116.775,44.79203121,34.9741691,1,0,0.0,0.0,0.0
3893,116.805,43.8197292,34.70103929,1,0,0.0,0.0,0.0
3894,116.835,42.85403967,34.42790947,1,0,0.0,0.0,0.0
3895,116.865,41.89496259,34.15477965,1,0,0.0,0.0,0.0
3896,116.895,40.94249799,33.88164983,1,0,0.0,0.0,0.0
3897,116.925,39.99664585,33.60852002,1,0,0.0,0.0,0.0
3898,116.955,39.05740617,33.3353902,1,0,0.0,0.0,0.0
3899,116.985,38.12477896,33.06226038,1,0,0.0,0.0,0.0
3900,117.015,37.19889,32.77841845,1,0,0.0,0.0,0.0
3901,117.045,36.28015481,32.48910603,1,0,0.0,0.0,0.0
3902,117.075,35.36860619,32.19979361,1,0,0.0,0.0,0.0
3903,117.105,34.46424414,31.91048119,1,0,0.0,0.0,0.0
3904,117.135,33.56706867,31.62116877,1,0,0.0,0.0,0.0
3905,117.165,32.67707977,31.33185635,1,0,0.0,0.0,0.0
3906,117.195,31.79427744,31.04254393,1,0,0.0,0.0,0.0
3907,117.225,30.91878448,30.7418388,1,0,0.0,0.0,0.0
3908,117.255,30.05107363,30.4341013,1,0,0.0,0.0,0.0
3909,117.285,29.19119168,30.1263638,1,0,0.0,0.0,0.0
3910,117.315,28.33913864,29.8186263,1,0,0.0,0.0,0.0
3911,117.345,27.49491449,29.5108888,1,0,0.0,0.0,0.0
3912,117.375,26.65851925,29.2031513,1,0,0.0,0.0,0.0
3913,117.405,25.8299529,28.8954138,1,0,0.0,0.0,0.0
3914,117.435,25.00956095,28.567011,1,0,0.0,0.0,0.0
3915,117.465,24.19772381,28.23808894,1,0,0.0,0.0,0.0
3916,117.495,23.39444172,27.90916688,1,0,0.0,0.0,0.0
3917,117.525,22.59971466,27.58024481,1,0,0.0,0.0,0.0
3918,117.555,21.81354264,27.25132275,1,0,0.0,0.0,0.0
3919,117.585,21.03592567,26.92240069,1,0,0.0,0.0,0.0
3920,117.615,20.26709347,26.57516579,1,0,0.0,0.0,0.0
3921,117.645,19.50761917,26.22162983,1,0,0.0,0.0,0.0
3922,117.675,18.75752998,25.86809386,1,0,0.0,0.0,0.0
3923,117.705,18.0168259,25.5145579,1,0,0.0,0.0,0.0
3924,117.735,17.28550692,25.16102194,1,0,0.0,0.0,0.0
3925,117.765,16.56357305,24.80748598,1,0,0.0,0.0,0.0
3926,117.795,15.85144341,24.42690963,1,0,0.0,0.0,0.0
3927,117.825,15.14965836,24.04441238,1,0,0.0,0.0,0.0
3928,117.855,14.45822001,23.66191513,1,0,0.0,0.0,0.0
3929,117.885,13.77712836,23.27941788,1,0,0.0,0.0,0.0
3930,117.915,13.1063834,22.89692063,1,0,0.0,0.0,0.0
3931,117.945,12.4461585,22.49528536,1,0,0.0,0.0,0.0
3932,117.975,11.79729839,22.07822781,1,0,0.0,0.0,0.0
3933,118.005,11.15991565,21.66117026,1,0,0.0,0.0,0.0
3934,118.035,10.53401027,21.24411271,1,0,0.0,0.0,0.0
3935,118.065,9.91958226,20.82705516,1,0,0.0,0.0,0.0
3936,118.095,9.31688566,20.38429596,1,0,0.0,0.0,0.0
3937,118.125,8.72691832,19.92529078,1,0,0.0,0.0,0.0
3938,118.155,8.14978174,19.4662856,1,0,0.0,0.0,0.0
3939,118.185,7.58547593,19.00728042,1,0,0.0,0.0,0.0
3940,118.215,7.03401247,18.54212535,1,0,0.0,0.0,0.0
3941,118.245,6.49639156,18.03115568,1,0,0.0,0.0,0.0
3942,118.275,5.97325642,17.52018601,1,0,0.0,0.0,0.0
3943,118.305,5.46460706,17.00921634,1,0,0.0,0.0,0.0
3944,118.335,4.97044976,16.49311171,1,0,0.0,0.0,0.0
3945,118.365,4.49197244,15.91612317,1,0,0.0,0.0,0.0
3946,118.395,4.03005863,15.33913463,1,0,0.0,0.0,0.0
3947,118.425,3.58470835,14.76214609,1,0,0.0,0.0,0.0
3948,118.455,3.15625503,14.14209696,1,0,0.0,0.0,0.0
3949,118.485,2.74672007,13.47854288,1,0,0.0,0.0,0.0
3950,118.515,2.35644382,12.81498881,1,0,0.0,0.0,0.0
3951,118.545,1.98569388,12.10611461,1,0,0.0,0.0,0.0
3952,118.575,1.6371576,11.3242088,1,0,0.0,0.0,0.0
3953,118.605,1.31152987,10.54230299,1,0,0.0,0.0,0.0
3954,118.635,1.01024264,9.6337176,1,0,0.0,0.0,0.0
3955,118.665,0.73692747,8.68042919,1,0,0.0,0.0,0.0
3956,118.695,0.49309624,7.57319805,1,0,0.0,0.0,0.0
3957,118.725,0.28485734,6.35000716,1,0,0.0,0.0,0.0
3958,118.755,0.11865989,4.69859746,1,0,0.0,0.0,0.0
3959,118.78196962,0.0182826,2.51387018,1,0,0.0,0.0,0.0
