layer_index,z_mm,part_area_mm2,part_perimeter_mm,part_component_count,new_island_count,unsupported_area_mm2,unsupported_component_count,support_cross_section_area_mm2,support_cross_section_perimeter_mm
0,0.025,0.02128963,4.55973682,1,0,0.0,0,4782.125,4916.0
1,0.075,0.10789674,8.36166336,1,0,0.01606337,1,4781.625,4912.5
2,0.125,0.23128734,10.84987484,1,0,0.0,0,4781.625,4912.5
3,0.175,0.38220957,12.97418291,1,0,0.0,0,4781.625,4912.5
4,0.225,0.55707929,15.01530772,1,0,0.0,0,4781.625,4912.5
5,0.275,0.75307284,16.84079068,1,0,0.0,0,4781.625,4912.5
6,0.325,0.96863037,18.66627365,1,0,0.0,0,4781.625,4912.5
7,0.375,1.20332623,20.42222285,1,0,0.0,0,4781.625,4912.5
8,0.425,1.45469563,21.95665344,1,0,0.0,0,4781.625,4912.5
9,0.475,1.72135631,23.47462262,1,0,0.0,0,4781.625,4912.5
10,0.525,9.92991343,36.52983829,2,1,7.92769492,1,4771.625,4909.5
11,0.575,15.34222365,42.61723373,2,0,4.86372485,2,4766.0,4905.0
12,0.625,29.14748585,77.46679229,7,5,13.2197117,7,4748.4375,4883.5
13,0.675,41.19860845,99.98684842,8,1,10.84925897,10,4733.4375,4863.0
14,0.725,49.68214962,115.02610599,8,0,7.00018906,10,4724.125,4851.0
15,0.775,56.28163004,126.33691493,8,0,4.93077149,10,4718.1875,4844.5
16,0.825,62.29031958,137.25402098,11,3,4.19646451,11,4711.6875,4838.0
17,0.875,67.89029662,150.26470898,16,7,3.61488193,14,4706.625,4831.5
18,0.925,73.50143635,165.3278373,17,4,3.39861063,18,4699.875,4820.5
19,0.975,79.13642186,180.3012972,16,1,3.12901658,18,4694.6875,4816.0
20,1.025,84.7962942,194.51011108,17,1,2.87997023,19,4689.3125,4810.0
21,1.075,90.64460327,208.60477592,17,0,2.83121383,20,4684.875,4805.0
22,1.125,96.53859428,223.48991092,20,3,2.62544181,20,4679.6875,4798.0
23,1.175,102.58649153,240.81806154,19,3,2.53226709,22,4673.375,4786.0
24,1.225,108.88961567,255.26697432,20,2,2.48062672,20,4668.5,4780.5
25,1.275,115.2568251,272.27000834,22,3,2.30249643,20,4663.6875,4766.0
26,1.325,121.64399351,286.8152207,22,4,2.0686199,20,4659.75,4757.5
27,1.375,128.20374547,311.70774654,25,5,1.97194164,21,4651.3125,4723.0
28,1.425,145.82139023,361.14760187,30,6,12.61882909,24,4632.3125,4709.5
29,1.475,161.28648158,392.24644475,30,1,9.22072498,23,4619.875,4702.5
30,1.525,178.15857063,433.83175342,32,4,10.08462022,22,4604.3125,4698.5
31,1.575,195.05806722,455.40620648,32,0,9.07690838,23,4590.6875,4673.0
32,1.625,210.60121168,476.55921403,31,0,7.5891903,22,4578.0625,4650.0
33,1.675,229.07819639,505.266559,31,1,10.28311942,19,4562.75,4641.0
34,1.725,246.36437016,526.83578395,29,0,8.49075928,17,4550.25,4632.5
35,1.775,262.69965702,546.86345413,29,0,7.29341219,16,4541.125,4629.5
36,1.825,278.47811252,566.78490304,28,0,6.53173946,16,4530.75,4617.5
37,1.875,294.50623381,591.24980248,26,1,6.54812128,17,4519.1875,4609.5
38,1.925,310.44796247,611.73210336,26,0,6.19497659,17,4509.1875,4602.5
39,1.975,326.50700032,632.30131867,25,0,6.11862462,18,4499.75,4600.0
40,2.025,342.88446712,652.31187194,25,0,6.21115098,16,4489.5625,4594.5
41,2.075,360.2368203,674.26901598,25,0,6.96804675,17,4479.625,4590.5
42,2.125,380.86413092,714.80509098,25,0,9.93609639,16,4461.3125,4601.5
43,2.175,402.43911493,738.93901433,22,0,9.70025409,17,4446.75,4589.5
44,2.225,424.67921891,773.77206737,20,0,10.11092312,18,4434.0,4572.0
45,2.275,450.76626647,794.59300506,19,0,13.40884844,18,4415.9375,4567.0
46,2.325,474.66408821,821.86350741,19,0,10.95287834,19,4397.9375,4555.0
47,2.375,497.86191497,850.12055014,18,0,10.06256152,18,4384.5625,4544.0
48,2.425,520.59810672,856.5833866,16,0,9.4559196,17,4370.0,4539.5
49,2.475,542.60518748,837.94106315,16,0,9.06484542,19,4354.5625,4530.5
50,2.525,564.06500865,848.95670867,14,0,8.53051606,20,4341.625,4520.5
51,2.575,585.67241283,875.55983109,14,0,8.5258098,20,4327.8125,4510.0
52,2.625,607.65373458,891.3936247,12,0,8.55859729,20,4313.125,4502.0
53,2.675,629.59133741,893.52832198,11,0,8.43376254,18,4300.75,4492.5
54,2.725,651.34423088,897.66962304,11,0,8.40287285,20,4286.5,4482.0
55,2.775,673.41047765,913.08425982,12,1,8.79564071,24,4271.0625,4463.5
56,2.825,698.80792052,947.71286125,12,0,11.764232,24,4253.0,4439.0
57,2.875,757.18640398,998.14178913,11,0,43.58582018,24,4199.125,4400.0
58,2.925,787.72789693,1019.42909448,11,0,14.76060318,29,4177.8125,4367.5
59,2.975,814.69732958,1057.36321483,11,0,11.12633029,33,4155.875,4321.5
60,3.025,839.63491572,1093.84684396,10,0,8.87324364,35,4141.5625,4297.5
61,3.075,863.89264216,1087.22778778,9,0,8.15265938,32,4126.1875,4277.5
62,3.125,889.53665494,1081.07058039,10,2,9.72731662,30,4110.1875,4264.0
63,3.175,915.02755879,1071.85764409,10,0,9.50495172,30,4095.5,4257.5
64,3.225,939.76689781,1073.85206262,10,0,8.70234384,34,4079.5,4245.5
65,3.275,964.43276767,1071.27443799,9,0,8.28817957,35,4065.125,4232.5
66,3.325,988.43804316,1076.71590137,10,1,7.86618294,36,4050.375,4212.0
67,3.375,1012.65109573,1081.82249116,10,0,7.96730849,36,4035.375,4202.0
68,3.425,1037.23068366,1093.01084881,10,0,8.28305709,34,4025.75,4187.5
69,3.475,1062.07906495,1088.44095885,10,0,8.31066574,36,4010.875,4162.5
70,3.525,1087.33563394,1084.91078544,10,0,9.08602199,37,3994.625,4143.0
71,3.575,1117.56560329,1089.58329771,10,0,14.2602333,37,3975.0,4122.0
72,3.625,1184.90527807,1137.05459747,10,0,51.37462179,38,3908.1875,4076.0
73,3.675,1222.12349399,1147.13389436,9,0,20.29712921,40,3882.4375,4054.5
74,3.725,1251.78020284,1163.75855986,11,2,12.60490395,43,3864.375,4045.0
75,3.775,1284.73203523,1180.44996718,10,0,15.39141388,44,3842.25,4022.5
76,3.825,1314.57690466,1182.8729534,10,0,11.95874738,43,3822.75,4000.0
77,3.875,1342.85285248,1189.96158803,10,0,10.45883657,43,3807.4375,3980.5
78,3.925,1370.99438174,1197.79276846,10,0,10.26274216,42,3790.0625,3964.5
79,3.975,1398.80452918,1204.27664,9,0,9.86359077,43,3773.3125,3938.0
80,4.025,1426.42412932,1207.41922123,10,1,9.66416863,43,3755.875,3913.5
81,4.075,1454.14850305,1219.71425209,10,0,9.82994617,41,3742.0625,3893.5
82,4.125,1487.23702304,1220.76428407,11,1,15.25646243,42,3717.875,3870.5
83,4.175,1516.47359851,1220.91955137,11,0,11.25733682,43,3701.5625,3855.5
84,4.225,1544.49853612,1212.63583851,10,0,9.99330187,41,3683.5625,3824.0
85,4.275,1571.07274348,1206.30765651,8,0,9.01115087,41,3669.8125,3795.0
86,4.325,1598.39826796,1204.49728613,7,0,10.31639192,39,3654.25,3765.5
87,4.375,1661.10988529,1237.90933881,7,0,46.00737483,39,3598.5,3744.0
88,4.425,1691.29432072,1251.96792129,8,1,12.60553887,39,3579.75,3731.5
89,4.475,1718.62548305,1266.24572757,8,0,9.29608935,41,3564.8125,3719.5
90,4.525,1745.56545939,1272.04952411,7,0,8.61032735,43,3545.3125,3693.5
91,4.575,1770.98830752,1270.99366122,7,0,7.0519361,43,3535.9375,3679.0
92,4.625,1795.47818901,1270.91440613,7,0,6.29568482,43,3524.0,3666.5
93,4.675,1820.91920369,1276.81281583,8,1,7.24405344,44,3511.125,3652.0
94,4.725,1850.6555384,1283.78804035,8,0,11.30005139,45,3490.0625,3629.0
95,4.775,1880.33986392,1289.77486353,8,0,11.20430328,48,3474.125,3619.0
96,4.825,1909.69399568,1292.331049,7,0,10.84716412,44,3459.875,3594.0
97,4.875,1941.20625811,1292.8886485,8,1,12.83492359,43,3438.625,3567.0
98,4.925,1970.33543033,1296.76478807,8,0,10.49624133,39,3418.625,3552.0
99,4.975,1998.81905991,1286.25314155,8,0,10.04514913,36,3403.5625,3530.0
100,5.025,2025.47598815,1284.13616881,8,0,8.46727371,33,3388.25,3506.0
101,5.075,2049.65922166,1277.40095462,7,0,6.11251886,30,3378.8125,3494.0
102,5.125,2073.75897466,1272.80757598,7,0,6.36908792,31,3370.0,3483.5
103,5.175,2096.98913195,1270.74932004,7,0,5.85664347,29,3353.625,3467.0
104,5.225,2119.59584295,1279.32130271,7,0,5.64070997,26,3344.1875,3449.5
105,5.275,2141.52839268,1293.21074039,7,0,5.26519266,25,3334.5,3438.0
106,5.325,2163.71712355,1299.60124856,6,0,5.57816647,23,3324.25,3432.5
107,5.375,2185.96261823,1294.78633735,7,1,5.7025531,25,3312.3125,3428.0
108,5.425,2207.39920352,1288.48452834,7,0,4.79205507,24,3302.25,3424.0
109,5.475,2229.55984803,1286.1047709,7,0,5.46361904,27,3291.0625,3418.5
110,5.525,2252.48107257,1280.20107433,6,0,5.96602041,26,3282.0625,3408.5
111,5.575,2276.90790968,1277.67776693,7,1,7.4292615,28,3265.0625,3404.0
112,5.625,2300.85973821,1272.53428384,7,0,6.78452061,28,3253.25,3392.0
113,5.675,2327.5771241,1279.78297905,9,2,9.58365233,32,3237.625,3379.0
114,5.725,2357.06308253,1285.38434105,10,1,12.01975057,34,3219.6875,3365.5
115,5.775,2385.11537138,1299.40036268,12,2,10.4490834,44,3200.875,3358.5
116,5.825,2415.47852844,1312.82479446,13,1,12.20786084,45,3178.8125,3342.0
117,5.875,2445.89941831,1327.04820049,12,0,11.81720318,44,3159.9375,3320.5
118,5.925,2477.28049305,1340.29316908,12,0,12.29510723,48,3138.25,3300.0
119,5.975,2508.56683578,1342.87589468,9,0,11.74635179,51,3121.1875,3274.0
120,6.025,2539.21153121,1340.57964327,9,1,11.41019949,51,3097.875,3256.0
121,6.075,2567.97648565,1346.30702792,7,0,9.52587133,49,3082.3125,3239.5
122,6.125,2601.11670748,1366.94111678,7,0,13.83549763,52,3061.75,3228.0
123,6.175,2631.66362611,1384.45084681,6,0,11.24228999,52,3041.375,3212.0
124,6.225,2661.7302781,1380.98418045,6,0,10.7865087,55,3021.3125,3202.5
125,6.275,2692.30341139,1379.22310584,6,0,11.16921536,54,3001.6875,3181.0
126,6.325,2724.36526567,1379.29580872,6,0,12.48346747,49,2980.25,3161.0
127,6.375,2757.85154869,1375.28828589,6,0,13.44844717,44,2962.4375,3158.0
128,6.425,2792.69874961,1372.16545112,6,0,14.79194822,40,2937.375,3138.5
129,6.475,2831.85784964,1378.46141447,6,0,18.97243504,40,2910.125,3129.5
130,6.525,2878.41945031,1370.01103616,5,0,25.89291008,40,2876.625,3097.5
131,6.575,2944.8296936,1358.60290546,5,0,45.85260282,33,2822.625,3086.0
132,6.625,3198.91875048,1375.86261607,5,1,232.48461271,26,2573.6875,3023.0
133,6.675,3300.84284794,1384.73901978,4,0,79.89092114,33,2478.5625,2991.5
134,6.725,3384.61160909,1380.34291864,4,0,61.7803834,37,2410.5,2932.0
135,6.775,3445.1543858,1360.62627793,4,0,39.201819,40,2361.375,2875.0
136,6.825,3497.92341883,1331.80306057,4,0,32.59855622,39,2324.0,2835.5
137,6.875,3540.77019838,1301.63604164,5,1,24.00984447,42,2291.5,2797.0
138,6.925,3575.48564296,1280.46868515,5,0,16.97780891,43,2264.25,2759.5
139,6.975,3606.81739133,1270.74624238,6,1,14.45960596,40,2242.25,2729.0
140,7.025,3636.50493478,1260.09724501,6,0,13.19853039,41,2221.5,2699.5
141,7.075,3666.80690911,1253.21013776,7,1,14.23867616,38,2199.0625,2673.5
142,7.125,3692.49756295,1244.75891385,7,0,9.94048532,40,2183.8125,2646.0
143,7.175,3719.65600086,1249.63692873,8,1,11.82574658,39,2163.125,2640.0
144,7.225,3750.88777794,1255.99060934,7,0,15.601579,36,2148.1875,2624.0
145,7.275,3775.47017099,1256.96011181,6,0,8.83617913,37,2132.0,2597.5
146,7.325,3800.51098418,1239.4147684,6,0,9.67160553,34,2119.0,2578.5
147,7.375,3844.09682773,1197.87874559,5,0,28.94845761,32,2084.75,2540.0
148,7.425,3858.8372393,1192.48608143,5,0,1.88062307,30,2077.5625,2528.5
149,7.475,3873.26930522,1187.25880086,5,0,1.76286973,31,2072.875,2516.5
150,7.525,3887.43315819,1182.39988845,5,0,1.61859036,28,2068.625,2506.5
151,7.575,3901.24369364,1178.59625439,5,0,1.38912053,26,2064.0,2499.0
152,7.625,3914.84077484,1175.40450364,5,0,1.29522664,25,2060.5,2488.5
153,7.675,3928.2360801,1172.62099116,5,0,1.20763606,25,2055.0625,2475.5
154,7.725,3941.40262936,1170.05425523,5,0,1.08627997,24,2051.375,2471.0
155,7.775,3954.3757018,1167.58736659,5,0,1.00104898,24,2049.875,2465.5
156,7.825,3967.09951727,1165.41438921,5,0,0.8310729,22,2046.3125,2458.5
157,7.875,3979.67442226,1163.41244944,5,0,0.78644893,20,2042.25,2442.0
158,7.925,3992.14886217,1161.54855392,5,0,0.77860804,20,2039.9375,2439.0
159,7.975,4004.50522739,1160.01111325,5,0,0.73061613,19,2038.25,2434.0
160,8.025,4016.75265984,1158.51399763,5,0,0.7200579,18,2035.4375,2426.0
161,8.075,4028.91112363,1157.0641966,5,0,0.68369553,16,2032.25,2421.0
162,8.125,4040.99129236,1155.86700553,5,0,0.67295735,18,2030.0,2418.0
163,8.175,4053.03831504,1154.94328709,5,0,0.67485596,18,2028.0625,2413.0
164,8.225,4065.00520212,1154.22815739,5,0,0.63311175,18,2026.1875,2409.5
165,8.275,4076.87028619,1154.11176266,5,0,0.57664929,18,2024.8125,2405.5
166,8.325,4088.71145806,1154.47750032,5,0,0.5777134,19,2021.375,2397.5
167,8.375,4100.52709874,1154.98586249,5,0,0.55807896,17,2020.5,2395.0
168,8.425,4112.35365665,1155.6120737,5,0,0.57675514,18,2017.5,2392.0
169,8.475,4124.19922616,1156.47971777,5,0,0.59368426,18,2015.375,2389.5
170,8.525,4136.0982369,1157.41845068,5,0,0.60561571,18,2014.375,2388.0
171,8.575,4148.04877442,1158.52975557,5,0,0.67723511,21,2009.8125,2382.0
172,8.625,4160.07351117,1159.83190883,5,0,0.74511633,23,2006.4375,2379.0
173,8.675,4172.12963006,1161.18371908,5,0,0.76596776,23,2006.125,2375.0
174,8.725,4184.23063809,1162.73509482,5,0,0.82075606,25,2001.875,2370.5
175,8.775,4196.40137727,1164.34122302,5,0,0.87107714,27,1996.6875,2365.0
176,8.825,4208.65229732,1166.00179866,5,0,0.91615446,27,1993.25,2359.5
177,8.875,4221.0212494,1167.81302421,5,0,1.00444753,27,1990.25,2354.5
178,8.925,4233.4857333,1169.7201421,5,0,1.09281572,27,1985.5625,2349.5
179,8.975,4245.98211133,1171.81276867,5,0,1.14145009,29,1979.6875,2344.0
180,9.025,4258.65970211,1174.19343154,5,0,1.29848839,33,1976.8125,2339.5
181,9.075,4271.50553762,1176.97757597,5,0,1.45950783,34,1971.875,2335.0
182,9.125,4284.46941677,1187.58075891,5,0,1.56447608,33,1968.1875,2328.5
183,9.175,4297.54003323,1183.1013931,5,0,1.70529253,33,1961.6875,2324.0
184,9.225,4310.80147662,1186.40133082,5,0,1.87129111,33,1958.5,2325.5
185,9.275,4324.18928772,1189.87764298,5,0,1.97925063,32,1951.4375,2317.0
186,9.325,4337.76794614,1193.57589805,5,0,2.15165981,32,1947.0625,2313.5
187,9.375,4330.43202739,1109.67404731,3,0,2.42128713,34,1965.875,2304.0
188,9.425,4344.36970217,1112.04917641,3,0,2.62949142,34,1959.6875,2299.5
189,9.475,4358.83270432,1115.45133801,3,0,3.0066501,35,1952.125,2290.0
190,9.525,4373.58547283,1119.95293037,3,0,3.31231055,35,1945.3125,2284.0
191,9.575,4388.40566257,1127.10736773,3,0,3.3988009,36,1934.5,2275.0
192,9.625,4404.39230842,1146.65697404,3,0,4.30002513,39,1925.4375,2253.5
193,9.675,4421.25758576,1154.97019838,3,0,4.62801588,42,1915.25,2238.5
194,9.725,4438.37818619,1162.98266628,3,0,4.74669474,42,1905.125,2227.0
195,9.775,4455.86357942,1171.93308942,3,0,4.94527613,44,1894.9375,2213.5
196,9.825,4473.97890189,1181.26835435,3,0,5.42694597,46,1885.6875,2202.0
197,9.875,4493.00344474,1202.60956087,2,0,6.0180125,48,1871.6875,2182.0
198,9.925,4512.95760154,1205.42306778,2,0,6.72275441,47,1862.75,2167.5
199,9.975,4533.94587051,1209.83635637,2,0,7.71747134,47,1850.25,2155.0
200,10.025,4555.97364216,1217.14553968,2,0,8.6408859,45,1832.3125,2131.0
201,10.075,4579.84073377,1230.840205,2,0,10.14373216,45,1816.4375,2112.5
202,10.125,4604.86913663,1237.20214707,2,0,11.18284865,43,1802.5625,2105.0
203,10.175,4632.06487542,1247.27012497,2,0,13.22351399,44,1778.9375,2082.5
204,10.225,4662.94478725,1254.56382854,2,0,16.64968593,43,1757.6875,2061.0
205,10.275,4701.52846141,1265.48009655,2,0,24.0449479,44,1728.6875,2040.5
206,10.325,4764.93384855,1292.4719262,2,0,48.47842276,43,1669.625,1992.0
207,10.375,4910.19443704,1382.88932141,2,0,129.45711233,43,1523.5625,1858.0
208,10.425,4970.91025925,1414.68645578,2,0,42.5018968,44,1469.9375,1801.5
209,10.475,5017.68387994,1433.39357355,2,0,27.92416252,39,1434.3125,1762.0
210,10.525,5081.45740249,1534.82417387,2,0,44.73388722,40,1374.875,1707.5
211,10.575,5119.34209322,1547.59092828,2,0,18.54475964,40,1351.75,1683.0
212,10.625,5156.71787639,1559.37814527,2,0,17.65748704,38,1323.6875,1658.5
213,10.675,5193.79228253,1570.36858158,2,0,16.93809316,38,1303.625,1641.0
214,10.725,5231.55908912,1580.78519736,2,0,17.43348414,37,1279.6875,1619.0
215,10.775,5269.3588621,1590.78390081,2,0,17.48671196,35,1255.4375,1601.0
216,10.825,5307.73799236,1600.72444827,2,0,17.84214603,34,1228.8125,1578.5
217,10.875,5347.25227234,1611.38913786,2,0,18.74334834,35,1204.9375,1561.5
218,10.925,5387.53172386,1623.53571966,2,0,19.19396779,35,1177.875,1542.0
219,10.975,5429.65380965,1643.25227097,2,0,20.63578878,32,1153.9375,1522.5
220,11.025,5473.84302572,1657.69756791,2,0,22.25425705,32,1121.0625,1500.0
221,11.075,5521.74148663,1680.979101,2,0,25.53698336,31,1089.5,1477.5
222,11.125,5573.36028935,1701.09691223,2,0,28.82226506,33,1051.875,1443.0
223,11.175,5621.17994334,1717.71953354,2,0,24.68559079,31,1018.5625,1419.5
224,11.225,5680.81748592,1623.73458924,2,0,33.71063191,32,979.4375,1352.5
225,11.275,5719.19586304,1630.64537674,2,0,14.89755395,30,955.0625,1328.5
226,11.325,5755.48558592,1637.08906087,2,0,13.32872921,30,936.625,1319.0
227,11.375,5790.35843974,1642.62038859,2,0,11.87772966,30,917.125,1308.5
228,11.425,5824.26125524,1647.03057953,2,0,10.78078165,30,898.0625,1294.5
229,11.475,5840.24589709,1724.30939461,2,0,10.03492882,30,882.375,1283.5
230,11.525,5873.2808629,1727.01095046,2,0,9.58611535,30,866.125,1276.5
231,11.575,5905.91978789,1729.21129583,2,0,9.14521291,31,849.3125,1262.5
232,11.625,5937.90569445,1731.20465066,2,0,8.46553593,31,834.5625,1245.0
233,11.675,5969.23791793,1732.88558793,2,0,7.78294304,31,818.875,1234.5
234,11.725,6000.12927546,1733.61249386,2,0,7.30375573,29,804.8125,1219.5
235,11.775,6030.85141887,1733.54049898,2,0,7.15378841,30,792.3125,1211.0
236,11.825,6061.35973891,1733.13044268,2,0,6.98182173,31,777.375,1195.0
237,11.875,6091.66655822,1732.20736899,2,0,6.82897953,31,765.6875,1182.5
238,11.925,6121.73108151,1731.71010019,2,0,6.68198891,30,753.75,1167.0
239,11.975,6151.33592393,1730.79944489,2,0,6.29697331,29,738.0,1150.5
240,12.025,6180.24877026,1723.45098266,2,0,5.77486432,29,728.5,1142.5
241,12.075,6208.78457173,1719.82413397,2,0,5.69276043,29,718.1875,1131.5
242,12.125,6237.03638093,1716.3279156,2,0,5.5564731,30,708.0625,1123.0
243,12.175,6265.45542469,1713.27627969,2,0,5.85428933,30,696.25,1106.5
244,12.225,6294.10907008,1711.22152436,2,0,6.17046197,30,682.625,1096.0
245,12.275,6330.85739011,1715.52289672,2,0,14.34665244,30,664.5,1089.0
246,12.325,6358.72795949,1713.24649081,2,0,5.38197063,30,652.5,1074.5
247,12.375,6385.23049346,1709.67404676,2,0,4.1719665,30,642.4375,1067.5
248,12.425,6411.25496236,1705.74974077,2,0,3.84805659,30,634.5625,1058.5
249,12.475,6436.61858987,1701.81923451,2,0,3.32346461,30,625.0625,1050.0
250,12.525,6461.53634822,1698.18770972,2,0,3.02003799,31,620.3125,1047.5
251,12.575,6486.24438008,1693.07591915,2,0,2.93815875,31,609.125,1029.0
252,12.625,6510.70382224,1688.73212548,2,0,2.81536985,31,600.4375,1018.0
253,12.675,6534.77856844,1684.08931053,2,0,2.5545334,32,595.1875,1005.0
254,12.725,6558.53348432,1693.31149739,2,0,2.31841718,32,588.25,993.0
255,12.775,6581.87882496,1681.60779036,2,0,2.18097614,32,579.1875,962.5
256,12.825,6604.9716264,1674.93454771,2,0,2.09373415,29,573.5625,957.5
257,12.875,6627.73847139,1670.42620948,3,1,2.00436118,30,567.4375,949.0
258,12.925,6650.19067603,1665.84104517,3,0,1.80442901,28,560.75,934.0
259,12.975,6672.33268558,1658.79383872,3,0,1.65632461,26,554.25,906.0
260,13.025,6694.14553037,1649.31088045,3,0,1.58799707,21,549.3125,896.5
261,13.075,6715.80887722,1644.25558449,3,0,1.63170307,22,546.0,889.5
262,13.125,6737.26496027,1639.6767119,3,0,1.58838303,21,540.0,877.5
263,13.175,6758.49168629,1633.86188366,3,0,1.54522518,21,537.0,870.5
264,13.225,6779.43397128,1628.92327099,3,0,1.56143286,21,532.6875,862.0
265,13.275,6800.21072858,1626.33426503,3,0,1.60615977,20,529.375,860.5
266,13.325,6820.85754514,1623.5556799,3,0,1.6562323,22,523.25,834.5
267,13.375,6841.28867539,1621.27078316,3,0,1.60589005,22,518.6875,821.0
268,13.425,6861.65221842,1642.98915374,2,0,1.68614795,23,514.9375,797.5
269,13.475,6881.96771395,1620.72379377,2,0,1.59455259,20,509.5625,781.0
270,13.525,6901.69690436,1596.68374186,2,0,1.43474024,19,505.375,766.0
271,13.575,6920.89402187,1571.27761272,2,0,1.38838149,16,503.3125,758.0
272,13.625,6939.70394507,1546.42187689,2,0,1.48550443,14,499.3125,740.0
273,13.675,6958.29895764,1527.65992464,2,0,1.74097733,10,495.3125,732.5
274,13.725,6976.25212843,1507.36047981,2,0,1.49639326,8,493.1875,723.0
275,13.775,6992.93032561,1493.72192177,2,0,0.83446361,8,490.9375,717.5
276,13.825,7009.16900991,1482.16813028,3,1,0.73027904,6,489.8125,710.0
277,13.875,7025.07847691,1473.49239244,3,0,0.70477535,6,487.5,702.0
278,13.925,7040.69415476,1464.33278144,3,0,0.65042335,6,486.875,700.0
279,13.975,7055.96105839,1454.44383986,3,0,0.58197478,6,485.75,698.0
280,14.025,7070.91512508,1445.95512181,3,0,0.50247373,4,484.5,693.5
281,14.075,7085.59536388,1436.74940995,4,1,0.47578499,4,483.0625,690.0
282,14.125,7099.89315473,1426.07591567,4,0,0.44215656,4,482.125,688.0
283,14.175,7113.74814232,1417.19932531,4,0,0.37264336,4,481.8125,687.0
284,14.225,7127.22151115,1409.24942707,4,0,0.3494856,4,480.5,683.0
285,14.275,7140.39286283,1400.29640033,4,0,0.32006115,3,479.875,683.5
286,14.325,7153.41073671,1390.23601437,4,0,0.35382997,4,478.9375,682.0
287,14.375,7166.14625363,1380.93349241,4,0,0.39593037,4,478.5625,681.5
288,14.425,7178.72058431,1372.39624495,4,0,0.45839518,4,478.125,680.0
289,14.475,7191.16751731,1366.74555835,4,0,0.53934763,4,477.0,677.0
290,14.525,7203.5070732,1361.33267898,4,0,0.6113014,4,475.4375,672.0
291,14.575,7215.85453431,1356.25152971,4,0,0.69726953,4,475.4375,671.0
292,14.625,7227.96959212,1352.16930413,4,0,0.59298349,5,473.9375,665.5
293,14.675,7239.7184761,1348.37741022,4,0,0.44095825,6,472.3125,662.0
294,14.725,7251.15271548,1348.11804799,4,0,0.2900057,6,471.9375,658.0
295,14.775,7262.35846073,1350.47800934,4,0,0.22642372,5,471.5625,656.0
296,14.825,7273.50104493,1353.63923128,4,0,0.25564599,7,470.3125,645.5
297,14.875,7284.45809943,1356.89337805,4,0,0.23300441,7,469.0,643.5
298,14.925,7295.02501302,1351.55108006,3,0,0.19416761,7,468.625,639.5
299,14.975,7305.32874182,1343.20629449,3,0,0.14145101,5,467.875,638.0
300,15.025,7315.50185041,1338.69294978,3,0,0.21608585,4,467.125,636.0
301,15.075,7325.49547066,1336.92470666,3,0,0.20354025,4,467.125,636.5
302,15.125,7335.48690341,1333.22221744,3,0,0.27166792,4,465.75,630.0
303,15.175,7345.59465631,1316.54133828,3,0,0.42843011,3,465.0625,629.5
304,15.225,7355.73239716,1301.34392821,3,0,0.68590308,3,463.75,628.0
305,15.275,7366.05524551,1287.07176722,3,0,1.15849312,2,461.9375,621.0
306,15.325,7374.71674986,1280.28800297,3,0,0.01974246,1,461.875,621.5
307,15.375,7383.25541624,1273.47713562,3,0,0.019075,1,461.75,621.0
308,15.425,7391.65732641,1266.56777887,3,0,0.01839591,1,461.6875,621.0
309,15.475,7399.96707116,1258.95310876,3,0,0.01771904,1,461.625,620.5
310,15.525,7408.13474597,1253.03246927,3,0,0.01708801,1,461.4375,618.5
311,15.575,7416.19011211,1247.68923218,3,0,0.01375746,1,461.375,617.5
312,15.625,7424.11990616,1243.40427215,3,0,0.0,0,461.375,617.5
313,15.675,7431.92372155,1238.83497708,3,0,0.0,0,461.4375,618.0
314,15.725,7439.61135294,1234.2105446,3,0,0.0,0,461.4375,618.0
315,15.775,7447.18551712,1229.5035718,3,0,0.01075082,1,461.375,617.5
316,15.825,7454.61490613,1224.66072296,3,0,0.01182626,1,461.375,617.5
317,15.875,7461.88631929,1219.94502258,3,0,0.01254509,1,461.3125,617.0
318,15.925,7469.01035073,1215.30586036,3,0,0.01164903,1,461.375,617.5
319,15.975,7476.0445713,1210.58896055,3,0,0.01055059,1,461.3125,616.5
320,16.025,7482.96559179,1205.06213633,3,0,0.0292174,2,461.375,616.5
321,16.075,7489.63828468,1199.54470744,3,0,0.01770559,1,460.9375,614.0
322,16.125,7496.13060868,1195.85857335,3,0,0.0,0,460.9375,614.0
323,16.175,7502.50464282,1192.13238603,3,0,0.0,0,460.9375,614.0
324,16.225,7508.81613906,1188.40538855,3,0,0.04227629,1,460.8125,613.0
325,16.275,7515.08639817,1184.56342072,3,0,0.08294993,1,460.9375,612.5
326,16.325,7521.30136134,1180.30161571,3,0,0.12357838,1,460.75,612.0
327,16.375,7527.44595465,1175.80924163,3,0,0.1622691,1,460.6875,613.0
328,16.425,7533.42027323,1171.72722809,3,0,0.16346738,2,460.3125,611.5
329,16.475,7539.24852543,1168.01257619,3,0,0.14297948,2,460.1875,610.0
330,16.525,7544.98928286,1164.36512983,3,0,0.12940758,2,460.0,609.0
331,16.575,7550.65640892,1160.60758542,3,0,0.11583567,2,459.6875,607.0
332,16.625,7556.21000271,1156.75792584,3,0,0.10226376,2,459.6875,606.5
333,16.675,7561.6542448,1152.99062176,3,0,0.08869186,2,459.9375,609.5
334,16.725,7566.97984353,1149.25630815,3,0,0.07511995,2,459.9375,609.5
335,16.775,7572.17735797,1145.45165124,3,0,0.06154804,2,459.625,607.0
336,16.825,7577.26585636,1141.82308516,3,0,0.04797614,2,459.5,605.5
337,16.875,7582.24367343,1138.24633006,3,0,0.03440423,2,459.625,606.0
338,16.925,7587.12536439,1134.76916231,3,0,0.01798428,1,459.5625,605.5
339,16.975,7591.91052076,1131.45646332,3,0,0.0158463,1,459.4375,604.5
340,17.025,7596.59885186,1128.17570806,3,0,0.01370833,1,459.875,608.0
341,17.075,7601.20940556,1124.98727671,3,0,0.01157035,1,459.875,608.0
342,17.125,7605.7358351,1122.02950995,3,0,0.0,0,459.875,608.0
343,17.175,7610.17831007,1119.21829814,3,0,0.0,0,459.875,608.0
344,17.225,7614.54115421,1116.55231836,3,0,0.0,0,459.875,608.0
345,17.275,7618.84332922,1113.96114768,3,0,0.0,0,459.875,608.0
346,17.325,7623.09664547,1111.89625303,4,1,0.0,0,460.0,608.0
347,17.375,7627.29081985,1110.52355362,4,1,0.0,0,460.0625,609.0
348,17.425,7631.44415877,1121.27788669,4,0,0.0,0,460.0625,609.0
349,17.475,7635.57410825,1111.59850662,4,0,0.0,0,460.0625,609.0
350,17.525,7639.59394121,1101.83573907,4,0,0.0,0,460.0625,609.0
351,17.575,7643.49823773,1094.42778459,4,0,0.0,0,460.5625,609.5
352,17.625,7647.3189696,1090.0351787,4,0,0.0,0,461.0625,610.0
353,17.675,7651.06789424,1085.61964869,4,0,0.0,0,461.0625,610.0
354,17.725,7654.71442978,1078.90954682,4,0,0.0,0,461.1875,611.5
355,17.775,7658.25671016,1076.33410237,4,0,0.0,0,461.1875,611.5
356,17.825,7661.74667494,1073.892944,4,0,0.0,0,461.25,611.5
357,17.875,7665.13068501,1062.0642806,4,0,0.0,0,461.25,611.5
358,17.925,7668.52270418,1060.59602973,4,0,0.0,0,461.25,611.5
359,17.975,7671.87838517,1059.30217872,4,0,0.0,0,461.25,611.5
360,18.025,7675.18998604,1058.10917779,4,0,0.0,0,461.25,611.5
361,18.075,7678.45748101,1056.93823284,4,0,0.0,0,461.25,611.5
362,18.125,7681.65871945,1051.25525668,4,0,0.0,0,461.25,611.5
363,18.175,7684.84832505,1050.56848442,4,0,0.0,0,461.25,611.5
364,18.225,7687.99945344,1050.11737054,4,0,0.0,0,461.25,611.5
365,18.275,7691.10781355,1050.01783485,4,0,0.0,0,461.3125,612.0
366,18.325,7694.15092216,1049.70166766,4,0,0.0,0,461.3125,612.0
367,18.375,7697.14143993,1047.61431793,3,0,0.0,0,461.3125,612.0
368,18.425,7700.06498492,1044.09785282,3,0,0.0,0,461.3125,612.0
369,18.475,7702.93221509,1042.50683612,3,0,0.0,0,461.3125,612.0
370,18.525,7705.7524631,1041.44903075,3,0,0.0,0,461.3125,612.0
371,18.575,7708.54091224,1040.48785802,3,0,0.0,0,461.3125,612.0
372,18.625,7711.30291351,1039.64160895,3,0,0.0,0,461.3125,612.0
373,18.675,7714.03090727,1038.96398474,3,0,0.0,0,461.3125,612.0
374,18.725,7716.73735444,1038.81718026,3,0,0.0,0,461.3125,612.0
375,18.775,7719.41846732,1039.97665132,2,0,0.0,0,461.3125,612.0
376,18.825,7722.06770763,1036.73845425,2,0,0.0,0,461.3125,612.0
377,18.875,7724.70206499,1035.36169167,2,0,0.0,0,461.3125,612.0
378,18.925,7727.30613431,1033.983055,2,0,0.0,0,461.3125,612.0
379,18.975,7729.8656148,1030.69022548,2,0,0.0,0,461.3125,612.0
380,19.025,7732.40455429,1029.35317703,2,0,0.0,0,461.3125,612.0
381,19.075,7734.91142067,1028.00382678,2,0,0.0,0,461.3125,612.0
382,19.125,7737.37741738,1026.65682606,2,0,0.0,0,461.3125,612.0
383,19.175,7739.81571155,1024.50524419,2,0,0.0,0,461.3125,612.0
384,19.225,7742.22378189,1023.16939949,2,0,0.0,0,461.3125,612.0
385,19.275,7744.59622189,1021.8503065,2,0,0.0,0,461.3125,612.0
386,19.325,7746.9508193,1020.58063292,2,0,0.0,0,461.3125,612.0
387,19.375,7749.28496236,1019.33619131,2,0,0.0,0,461.3125,612.0
388,19.425,7751.59783072,1017.57651759,2,0,0.0,0,461.3125,612.0
389,19.475,7753.87931634,1016.31033851,2,0,0.0,0,461.3125,612.0
390,19.525,7756.12541964,1015.0750692,2,0,0.0,0,461.3125,612.0
391,19.575,7758.33914133,1013.85181044,2,0,0.0,0,461.3125,612.0
392,19.625,7760.52097344,1011.72659291,2,0,0.0,0,461.3125,612.0
393,19.675,7762.68370445,1010.48565249,2,0,0.0,0,461.3125,612.0
394,19.725,7764.82273073,1009.27028882,2,0,0.0,0,461.3125,612.0
395,19.775,7766.93791912,1008.09390015,2,0,0.0,0,461.3125,612.0
396,19.825,7769.02559053,1006.94679485,2,0,0.0,0,461.3125,612.0
397,19.875,7771.08127073,1005.80420121,2,0,0.0,0,461.3125,612.0
398,19.925,7773.11540297,1004.67905757,2,0,0.0,0,461.3125,612.0
399,19.975,7775.11975693,1002.00557556,2,0,0.0,0,461.3125,612.0
400,20.025,7777.12048076,1000.90323327,2,0,0.0,0,461.3125,612.0
401,20.075,7779.0993623,999.81787448,2,0,0.0,0,461.3125,612.0
402,20.125,7781.02645731,994.76568734,2,0,0.0,0,461.3125,612.0
403,20.175,7782.96978867,993.65482501,2,0,0.0,0,461.3125,612.0
404,20.225,7784.88286886,992.55412139,2,0,0.0,0,461.3125,612.0
405,20.275,7786.74713326,988.49952048,2,0,0.0,0,461.3125,612.0
406,20.325,7788.63056061,987.02221525,2,0,0.0,0,461.3125,612.0
407,20.375,7790.50354112,985.51715584,2,0,0.0,0,461.3125,612.0
408,20.425,7792.3613091,984.0345626,2,0,0.0,0,461.3125,612.0
409,20.475,7794.19886447,982.96254153,2,0,0.0,0,461.3125,612.0
410,20.525,7796.0184559,981.90906594,2,0,0.0,0,461.3125,612.0
411,20.575,7797.81991388,980.87107736,2,0,0.0,0,461.3125,612.0
412,20.625,7799.59680663,979.83524495,2,0,0.0,0,461.3125,612.0
413,20.675,7801.35306019,977.41048395,2,0,0.0,0,461.3125,612.0
414,20.725,7803.09714763,976.39930234,2,0,0.0,0,461.3125,612.0
415,20.775,7804.83507096,974.96459842,2,0,0.0,0,461.3125,612.0
416,20.825,7806.57710562,974.22576418,2,0,0.0,0,461.3125,612.0
417,20.875,7808.30433372,973.05592255,2,0,0.0,0,461.3125,612.0
418,20.925,7810.03098723,973.43285372,2,0,0.0,0,461.3125,612.0
419,20.975,7811.74043273,972.02990131,2,0,0.0,0,461.3125,612.0
420,21.025,7813.43931692,971.47963417,2,0,0.0,0,461.3125,612.0
421,21.075,7815.13108816,970.38435508,2,0,0.0,0,461.3125,612.0
422,21.125,7816.80828023,969.5347136,2,0,0.0,0,461.3125,612.0
423,21.175,7818.47347259,967.85202772,2,0,0.0,0,461.3125,612.0
424,21.225,7820.13334211,966.49804428,2,0,0.0,0,461.3125,612.0
425,21.275,7821.78753702,965.81419988,2,0,0.0,0,461.3125,612.0
426,21.325,7823.43661533,965.24992907,2,0,0.0,0,461.3125,612.0
427,21.375,7825.07585883,964.92172342,2,0,0.0,0,461.3125,612.0
428,21.425,7826.70070171,964.07971542,2,0,0.0,0,461.3125,612.0
429,21.475,8050.14050595,950.80333005,2,0,216.81045248,1,239.6875,424.0
430,21.525,8050.19711791,950.22260739,2,0,0.0,0,239.6875,424.0
431,21.575,8050.256899,949.70662966,2,0,0.0,0,240.8125,424.5
432,21.625,8050.3263522,949.49343695,2,0,0.0,0,241.4375,425.5
433,21.675,8050.39587969,948.26229732,2,0,0.0,0,241.8125,426.0
434,21.725,8050.46230801,948.90659544,2,0,0.0,0,242.0625,426.0
435,21.775,8050.53689648,948.53418021,2,0,0.0,0,242.75,426.0
436,21.825,8050.61373754,946.82963477,2,0,0.0,0,242.75,426.0
437,21.875,8050.67665098,946.36540109,2,0,0.0,0,243.1875,426.0
438,21.925,8050.68608231,945.84770796,2,0,0.0,0,244.375,426.0
439,21.975,8050.68833119,946.04600148,2,0,0.0,0,244.75,426.0
440,22.025,8050.69070396,945.69507396,2,0,0.0,0,245.5,426.0
441,22.075,8050.68160748,945.30747199,2,0,0.0,0,246.1875,426.5
442,22.125,8050.65862411,944.96181571,2,0,0.0,0,247.25,427.0
443,22.175,8050.62606217,944.54444185,2,0,0.0,0,247.875,427.0
444,22.225,8050.58502124,944.0771142,2,0,0.0,0,248.5,427.5
445,22.275,8050.53813504,943.7085978,2,0,0.0,0,249.1875,428.0
446,22.325,8050.48834965,943.31317476,2,0,0.0,0,249.25,428.0
447,22.375,8050.44740147,943.09603283,2,0,0.0,0,250.25,428.0
448,22.425,8050.40410247,943.4453594,2,0,0.0,0,250.875,428.0
449,22.475,8050.35481446,943.62018288,2,0,0.0,0,252.0625,430.0
450,22.525,8050.30284666,944.22003503,2,0,0.0,0,252.375,430.0
451,22.575,8050.25456585,946.28735471,2,0,0.0,0,252.5625,430.0
452,22.625,8050.21668436,947.50158722,2,0,0.0,0,253.5,430.0
453,22.675,8050.18593443,948.6390739,2,0,0.0,0,253.8125,430.0
454,22.725,8050.16948778,949.64976812,2,0,0.0,0,253.875,430.0
455,22.775,8050.15677038,949.94904936,2,0,0.0,0,255.3125,431.0
456,22.825,8050.13645216,950.91527737,2,0,0.0,0,255.625,431.0
457,22.875,8050.11561308,951.68393407,2,0,0.0,0,256.3125,431.0
458,22.925,8050.09838392,952.43376759,2,0,0.0,0,257.25,431.5
459,22.975,8050.08211008,953.18585201,2,0,0.0,0,257.4375,431.5
460,23.025,8050.06624969,952.76805746,2,0,0.0,0,257.9375,432.0
461,23.075,8050.06375419,953.0559949,2,0,0.0,0,258.0,432.0
462,23.125,8050.07096958,954.00066828,2,0,0.0,0,259.1875,433.0
463,23.175,8050.07884042,956.03347716,2,0,0.0,0,259.75,433.0
464,23.225,8050.0879962,957.40685446,2,0,0.0,0,260.0625,433.0
465,23.275,8050.10409352,959.67939459,2,0,0.0,0,261.1875,433.5
466,23.325,8050.11480726,963.55210026,2,0,0.0,0,261.6875,433.5
467,23.375,8050.15365256,972.74348887,2,0,0.03228738,1,261.1875,423.0
468,23.425,8050.20311708,972.99693599,2,0,0.0,0,261.4375,423.0
469,23.475,8050.25444569,974.04993728,2,0,0.0,0,261.6875,423.5
470,23.525,8050.30675104,974.84873276,2,0,0.0,0,262.375,424.5
471,23.575,8050.37619442,975.6833718,2,0,0.0,0,263.6875,425.0
472,23.625,8050.46150764,976.18155032,2,0,0.0,0,264.8125,425.0
473,23.675,8050.54839313,977.73042193,2,0,0.0,0,265.375,425.0
474,23.725,8050.61637782,974.85701507,2,0,0.0,0,265.625,425.0
475,23.775,8050.70568101,974.94413923,2,0,0.0,0,266.4375,425.0
476,23.825,8050.79960601,975.45506157,2,0,0.0,0,266.75,425.0
477,23.875,8050.88351193,975.84056793,2,0,0.0,0,267.125,425.5
478,23.925,8050.96375729,976.18986735,2,0,0.0,0,267.625,426.0
479,23.975,8051.04174559,976.59291054,2,0,0.0,0,268.0,426.0
480,24.025,8051.12076925,977.05328355,2,0,0.0,0,268.5625,426.0
481,24.075,8051.20145957,977.47413354,2,0,0.0,0,268.875,426.0
482,24.125,8051.2824943,977.94619216,2,0,0.0,0,269.375,426.5
483,24.175,8051.32628863,978.64041037,2,0,0.0,0,269.375,426.5
484,24.225,8051.32270865,979.22379509,2,0,0.0,0,270.25,427.0
485,24.275,8051.31112807,979.84353783,2,0,0.0,0,271.8125,427.5
486,24.325,8051.2928665,980.47229881,2,0,0.0,0,272.1875,427.5
487,24.375,8051.26852518,981.13141999,2,0,0.0,0,274.0,427.5
488,24.425,8051.23482686,981.78447881,2,0,0.0,0,274.0,427.5
489,24.475,8051.19259092,982.43025892,2,0,0.0,0,274.6875,427.5
490,24.525,8051.14206014,983.12368281,2,0,0.0,0,275.625,427.5
491,24.575,8051.08992895,983.87004038,2,0,0.0,0,276.0,427.5
492,24.625,8051.03864304,984.88890789,2,0,0.0,0,277.0,427.5
493,24.675,8050.97731528,985.64656618,2,0,0.0,0,277.1875,427.5
494,24.725,8050.91264876,988.05452045,2,0,0.0,0,277.9375,427.5
495,24.775,8050.82948784,988.67173442,2,0,0.0,0,278.0625,428.0
496,24.825,8050.73776241,989.29834229,2,0,0.0,0,278.4375,428.5
497,24.875,8050.64875063,990.0293591,2,0,0.0,0,278.875,429.0
498,24.925,8050.56992643,990.83581071,2,0,0.0,0,280.25,429.5
499,24.975,8050.50238177,991.46441165,2,0,0.0,0,280.75,429.5
500,25.025,8050.43842433,992.19796098,2,0,0.0,0,281.0,429.5
501,25.075,8050.36944909,991.63080446,2,0,0.0,0,281.625,430.5
502,25.125,8050.3059325,993.57385476,2,0,0.0,0,281.875,430.5
503,25.175,8050.22709032,994.16827788,2,0,0.0,0,283.5,430.5
504,25.225,8050.1376969,994.76375594,2,0,0.0,0,283.5625,430.5
505,25.275,8050.03638423,995.36058331,2,0,0.0,0,284.0625,430.5
506,25.325,8049.9232606,995.90101525,2,0,0.0,0,284.625,430.5
507,25.375,8049.80474731,996.5257638,2,0,0.0,0,285.0,430.5
508,25.425,8049.67982169,997.13082393,2,0,0.0,0,285.375,430.5
509,25.475,8049.55062842,998.98123218,2,0,0.0,0,286.125,431.0
510,25.525,8049.40666186,999.44430201,2,0,0.0,0,286.125,431.0
511,25.575,8049.25175814,999.72740311,2,0,0.0,0,287.25,433.5
512,25.625,8049.08036188,999.87681402,2,0,0.0,0,287.8125,433.5
513,25.675,8048.86683609,1000.88863272,2,0,0.0,0,288.4375,433.5
514,25.725,8048.59832929,1000.79690943,2,0,0.0,0,289.25,435.0
515,25.775,8048.30273687,1001.81296448,2,0,0.0,0,289.5625,435.5
516,25.825,8047.9803723,1003.09082927,2,0,0.0,0,290.8125,435.5
517,25.875,8047.6309361,1004.09860148,2,0,0.0,0,291.0,435.5
518,25.925,8047.25731725,1005.11429815,2,0,0.0,0,291.75,435.5
519,25.975,8046.86914574,1006.74466717,2,0,0.0,0,292.0625,435.5
520,26.025,8046.47005814,1009.19581038,2,0,0.0,0,293.0625,436.0
521,26.075,8046.05252998,1010.18578941,2,0,0.0,0,294.125,437.0
522,26.125,8045.62149882,1011.18013704,2,0,0.0,0,294.75,438.0
523,26.175,8045.16093589,1012.18933918,2,0,0.0,0,295.3125,438.0
524,26.225,8044.67837313,1014.15834256,2,0,0.0,0,296.375,438.5
525,26.275,8044.18063981,1015.17312517,2,0,0.0,0,297.1875,439.0
526,26.325,8043.66778517,1017.49460486,2,0,0.0,0,297.8125,440.0
527,26.375,8043.13592776,1018.67789709,2,0,0.0,0,298.3125,440.0
528,26.425,8042.58516161,1019.8735037,2,0,0.0,0,298.8125,440.0
529,26.475,8042.02295627,1022.22131176,2,0,0.0,0,299.625,440.5
530,26.525,8041.44991104,1023.35671085,2,0,0.0,0,300.75,441.5
531,26.575,8040.87287323,1024.54819892,2,0,0.0,0,300.875,442.0
532,26.625,8040.2883701,1025.74905679,2,0,0.0,0,302.125,443.5
533,26.675,8039.69287484,1026.95077998,2,0,0.0,0,302.5,444.0
534,26.725,8039.08739936,1028.14475738,2,0,0.0,0,302.75,444.0
535,26.775,8038.46172221,1026.21768272,2,0,0.0,0,303.8125,444.5
536,26.825,8037.85498092,1027.41177988,2,0,0.0,0,304.0625,444.5
537,26.875,8037.24099199,1028.61842754,2,0,0.0,0,305.0,445.5
538,26.925,8036.61015408,1029.83467213,2,0,0.0,0,306.0625,447.0
539,26.975,8035.96666152,1031.77959711,2,0,0.0,0,307.1875,447.5
540,27.025,8035.31636693,1032.99896153,2,0,0.0,0,308.0,448.0
541,27.075,8034.66359871,1034.22713752,2,0,0.0,0,308.75,448.5
542,27.125,8034.00328027,1035.79674399,2,0,0.0,0,309.1875,449.0
543,27.175,8033.32680726,1037.01824852,2,0,0.0,0,309.5,449.5
544,27.225,8032.62131704,1038.24254763,2,0,0.0,0,310.5625,450.5
545,27.275,8031.88216468,1039.66557461,2,0,0.0,0,311.9375,451.0
546,27.325,8031.11694464,1041.174929,2,0,0.0,0,312.4375,451.0
547,27.375,8030.32997432,1043.00332292,2,0,0.0,0,312.6875,451.0
548,27.425,8029.52247396,1044.85134346,2,0,0.0,0,313.0625,451.0
549,27.475,8028.69837116,1046.71527772,2,0,0.0,0,314.3125,451.5
550,27.525,8027.85676479,1048.59041678,2,0,0.0,0,315.8125,452.5
551,27.575,8027.00249421,1050.47083749,2,0,0.0,0,315.9375,452.5
552,27.625,8026.13147934,1052.35471689,2,0,0.0,0,316.875,454.0
553,27.675,8025.24165211,1054.23324134,2,0,0.0,0,317.4375,454.0
554,27.725,8024.32281922,1056.11102751,2,0,0.0,0,317.75,454.0
555,27.775,8023.34126146,1052.18594447,2,0,0.0,0,318.125,454.0
556,27.825,8022.37623213,1053.96429318,2,0,0.0,0,319.5,454.5
557,27.875,8021.38919454,1055.73984755,2,0,0.0,0,320.0,455.0
558,27.925,8020.39316422,1057.53987118,2,0,0.0,0,320.6875,455.0
559,27.975,8019.38041902,1059.36722407,2,0,0.0,0,321.125,455.0
560,28.025,8018.3508652,1061.20580151,2,0,0.0,0,321.75,455.5
561,28.075,8017.29151242,1063.03436024,2,0,0.0,0,322.4375,456.0
562,28.125,8016.20561421,1064.86922843,2,0,0.0,0,323.4375,457.0
563,28.175,8015.08135068,1066.70826029,2,0,0.0,0,323.875,457.5
564,28.225,8013.93872773,1068.55763398,2,0,0.0,0,324.4375,457.5
565,28.275,8012.78023014,1070.41639162,2,0,0.0,0,325.375,458.0
566,28.325,8011.59508975,1072.28297513,2,0,0.0,0,326.75,458.5
567,28.375,8010.38135148,1074.15650384,2,0,0.0,0,327.3125,459.5
568,28.425,8009.14457123,1076.02407959,2,0,0.0,0,327.8125,459.5
569,28.475,8007.8875075,1077.90081563,2,0,0.0,0,329.125,464.0
570,28.525,8006.60477956,1079.77580725,2,0,0.0,0,329.6875,464.5
571,28.575,8005.29444418,1082.34064182,2,0,0.0,0,330.4375,464.5
572,28.625,8003.9498027,1086.86473209,2,0,0.0,0,330.9375,466.0
573,28.675,8002.57268333,1091.55587205,2,0,0.0,0,331.25,466.0
574,28.725,8001.12745695,1085.52288059,2,0,0.0,0,331.9375,466.0
575,28.775,7999.70547715,1089.84288181,2,0,0.0,0,332.125,466.0
576,28.825,7998.25505916,1094.17996544,2,0,0.0,0,332.8125,467.5
577,28.875,7996.77102495,1098.54512038,2,0,0.0,0,333.375,468.5
578,28.925,7995.25628162,1102.9000275,2,0,0.0,0,334.3125,471.0
579,28.975,7993.69803904,1107.24342327,2,0,0.0,0,335.375,472.5
580,29.025,7992.07246772,1091.05258814,2,0,0.0,0,336.625,473.5
581,29.075,7990.41455649,1095.48592258,2,0,0.0,0,337.5,474.5
582,29.125,7988.71609311,1099.90651184,2,0,0.0,0,338.75,475.5
583,29.175,7986.99357586,1104.32832039,2,0,0.0,0,339.5,479.0
584,29.225,7981.67127092,976.95562207,2,0,0.0,0,346.9375,517.0
585,29.275,7983.46078406,1113.27341065,2,0,2.57946595,18,341.0625,479.0
586,29.325,7981.63895439,1101.65803654,2,0,0.0,0,341.5625,480.0
587,29.375,7979.76990425,1104.92967727,2,0,0.0,0,342.4375,484.5
588,29.425,7977.85970695,1089.19197803,2,0,0.0,0,342.6875,485.5
589,29.475,7503.52087781,851.17287335,1,0,0.0,0,817.9375,636.5
590,29.525,7501.56253635,852.29066688,1,0,0.0,0,818.875,639.5
591,29.575,7499.55029135,852.3600071,1,0,0.0,0,820.3125,640.5
592,29.625,7497.48991997,851.73744867,1,0,0.0,0,821.1875,641.0
593,29.675,7495.3784672,851.17755316,1,0,0.0,0,822.125,642.5
594,29.725,7493.22395528,850.68808222,1,0,0.0,0,823.4375,643.5
595,29.775,7491.03027321,850.21815547,1,0,0.0,0,824.625,646.0
596,29.825,7488.7917778,849.79593679,1,0,0.0,0,825.5,646.0
597,29.875,7486.48350616,849.39867939,1,0,0.0,0,826.625,649.5
598,29.925,7484.12064494,848.9998637,1,0,0.0,0,827.375,650.0
599,29.975,7481.70138482,848.58913086,1,0,0.0,0,828.0,650.5
600,30.025,7479.21076858,848.18362192,1,0,0.0,0,828.5,652.0
601,30.075,7476.67154529,847.82029273,1,0,0.0,0,829.5625,654.5
602,30.125,7474.07749976,847.44467605,1,0,0.0,0,830.125,656.0
603,30.175,7471.439605,847.0498592,1,0,0.0,0,830.5,658.0
604,30.225,7468.71150553,846.7856717,1,0,0.0,0,830.875,659.5
605,30.275,7465.89193533,847.39738805,1,0,0.0,0,831.6875,661.5
606,30.325,7463.02292577,848.02000156,1,0,0.0,0,832.8125,661.5
607,30.375,7460.07744669,848.63558894,1,0,0.0,0,833.6875,664.0
608,30.425,7457.05790499,849.23447461,1,0,0.0,0,834.8125,667.0
609,30.475,7453.92829775,849.82800289,1,0,0.0,0,835.6875,669.5
610,30.525,7450.70453336,850.44693026,1,0,0.0,0,836.5625,671.5
611,30.575,7447.37366406,851.06646,1,0,0.0,0,837.8125,672.0
612,30.625,7443.93170172,851.67258282,1,0,0.0,0,839.3125,674.0
613,30.675,7440.4146635,852.27153272,1,0,0.0,0,840.5625,678.5
614,30.725,7436.80950691,852.88819866,1,0,0.0,0,841.625,680.5
615,30.775,7433.06410144,853.52701992,1,0,0.0,0,842.25,682.5
616,30.825,7887.64548677,1173.93992073,1,0,458.46384776,1,363.0625,488.5
617,30.875,7883.16008293,1173.6506478,1,0,0.0,0,364.0,490.0
618,30.925,7878.56389686,1173.34941037,1,0,0.0,0,365.25,495.5
619,30.975,7873.90257909,1173.11040063,1,0,0.0,0,366.3125,496.5
620,31.025,7869.04326287,1172.8600103,1,0,0.0,0,368.125,499.0
621,31.075,7863.9639253,1172.92048584,1,0,0.0,0,369.5625,502.5
622,31.125,7858.71489707,1172.98434371,1,0,0.0,0,370.875,506.0
623,31.175,7853.28293527,1173.31104012,1,0,0.0,0,372.875,515.0
624,31.225,7847.77278463,1173.77473491,1,0,0.0,0,375.125,520.5
625,31.275,7841.93587843,1174.6010586,1,0,0.0,0,378.4375,534.0
626,31.325,7835.34100466,1175.47626664,1,0,0.0,0,381.625,542.5
627,31.375,7828.55147952,1176.48667676,1,0,0.0,0,384.8125,558.5
628,31.425,7821.72771185,1177.60000738,1,0,0.0,0,387.875,576.5
629,31.475,7814.51867426,1178.9483728,1,0,0.0,0,392.375,586.5
630,31.525,7806.79236579,1180.33310291,1,0,0.0,0,394.6875,589.0
631,31.575,7798.83670898,1182.10339798,1,0,0.0,0,397.625,593.5
632,31.625,7790.64394522,1183.83090723,1,0,0.0,0,403.375,609.5
633,31.675,7782.11933189,1185.55899444,1,0,0.0,0,407.125,614.5
634,31.725,7773.22274262,1187.73704581,1,0,0.0,0,412.5,627.5
635,31.775,7763.91608632,1190.216869,1,0,0.0,0,416.9375,633.5
636,31.825,7754.03513423,1192.90220182,1,0,0.0,0,421.375,645.0
637,31.875,7743.5946613,1195.76512596,1,0,0.0,0,427.8125,655.0
638,31.925,7732.53098886,1198.68028044,1,0,0.0,0,432.1875,664.0
639,31.975,7720.76637801,1201.80356048,1,0,0.0,0,438.0,668.5
640,32.025,7708.45009564,1204.76677652,1,0,0.0,0,444.875,676.0
641,32.075,7695.60518711,1207.73336221,1,0,0.0,0,452.875,686.5
642,32.125,7682.22829954,1211.06830948,1,0,0.0,0,459.9375,703.0
643,32.175,7664.22410371,1218.82455836,1,0,0.0,0,470.9375,715.0
644,32.225,7645.9461682,1222.29639169,1,0,0.0,0,483.25,728.5
645,32.275,7628.60145278,1225.28361002,1,0,0.0,0,491.4375,736.0
646,32.325,7610.6324612,1230.53425416,1,0,0.0,0,502.875,744.0
647,32.375,7591.96247023,1235.88463381,1,0,0.0,0,514.0,761.5
648,32.425,7572.32817469,1240.1500799,1,0,0.0,0,524.5,772.5
649,32.475,7551.69813899,1243.2834412,1,0,0.0,0,535.5,783.5
650,32.525,7527.45172333,1251.77301041,1,0,0.0,0,548.9375,801.0
651,32.575,7499.89584957,1261.83356119,1,0,0.0,0,564.0625,824.0
652,32.625,7471.40012104,1239.26900374,1,0,0.0,0,581.875,834.5
653,32.675,7447.89356313,1240.98594474,2,0,0.0,0,591.8125,850.5
654,32.725,7422.33080372,1235.82834962,2,0,0.0,0,608.5625,863.5
655,32.775,7396.70550505,1230.47808284,2,0,0.0,0,623.25,876.0
656,32.825,7368.96704883,1224.58618968,2,0,0.0,0,639.5625,895.0
657,32.875,7339.5838752,1219.47684411,2,0,0.0,0,657.5,912.5
658,32.925,7310.26925708,1214.62464331,2,0,0.0,0,674.5,927.5
659,32.975,7283.13552026,1194.91769784,3,0,0.0,0,692.375,938.0
660,33.025,7259.62950998,1178.5440567,2,0,0.0,0,708.3125,949.5
661,33.075,7236.89121446,1169.10804308,1,0,0.0,0,721.75,960.5
662,33.125,7217.51791765,1167.25854264,1,0,0.0,0,732.1875,978.5
663,33.175,7198.19226705,1165.62994074,1,0,0.0,0,742.6875,992.5
664,33.225,7179.15637832,1164.2869079,1,0,0.0,0,754.75,1009.5
665,33.275,7160.51901104,1163.14125596,1,0,0.0,0,764.25,1024.5
666,33.325,7142.1900201,1162.2583496,1,0,0.0,0,777.625,1041.5
667,33.375,7124.10102317,1161.81696088,1,0,0.0,0,786.8125,1054.5
668,33.425,7106.04101504,1161.43774163,1,0,0.0,0,798.875,1060.5
669,33.475,7088.02433136,1161.03289191,1,0,0.0,0,812.125,1072.5
670,33.525,7070.08445652,1160.57474015,1,0,0.0,0,824.5,1086.0
671,33.575,7052.30960861,1160.44200647,1,0,0.0,0,837.0,1096.5
672,33.625,7034.71297243,1160.4420898,1,0,0.0,0,848.0,1111.0
673,33.675,7017.49363914,1160.61880811,1,0,0.0,0,863.4375,1126.5
674,33.725,7000.62654396,1160.71573021,1,0,0.0,0,875.625,1131.5
675,33.775,6984.08814011,1160.75527881,1,0,0.0,0,889.75,1139.5
676,33.825,6967.77968577,1160.66706627,1,0,0.0,0,902.875,1146.5
677,33.875,6951.65537502,1160.71142361,1,0,0.0,0,916.1875,1154.0
678,33.925,6936.01495597,1160.81746768,1,0,0.0,0,928.125,1163.0
679,33.975,6920.65766801,1160.61219165,1,0,0.0,0,940.6875,1174.0
680,34.025,6905.59330903,1160.54148792,1,0,0.0,0,953.5,1177.5
681,34.075,6890.95730723,1160.70120437,1,0,0.0,0,964.6875,1182.5
682,34.125,6876.76479699,1160.83096556,1,0,0.0,0,977.3125,1196.0
683,34.175,6862.89877072,1168.81670983,1,0,0.0,0,988.625,1204.0
684,34.225,6841.64016092,921.40832874,1,0,0.0,0,1013.75,1264.0
685,34.275,6835.76181351,1193.41261621,1,0,5.71545659,43,1009.5,1185.5
686,34.325,6822.70218932,1205.00214966,1,0,0.0108099,1,1020.5625,1190.5
687,34.375,6809.9057389,1213.17249632,1,0,0.0,0,1033.0,1194.5
688,34.425,6797.4364341,1208.96091253,1,0,0.0,0,1041.4375,1200.0
689,34.475,6785.28462027,1205.76557538,1,0,0.0,0,1052.625,1209.5
690,34.525,6773.35843712,1202.72519127,1,0,0.0,0,1062.8125,1214.0
691,34.575,6761.79510476,1199.85277612,1,0,0.0,0,1072.0,1218.5
692,34.625,6750.50730302,1197.01455883,1,0,0.0,0,1080.75,1222.0
693,34.675,6739.41370941,1194.4199672,1,0,0.0,0,1092.25,1227.5
694,34.725,6728.41982707,1191.76113753,1,0,0.0,0,1099.1875,1230.0
695,34.775,6717.72430718,1189.35100497,1,0,0.0,0,1109.3125,1233.5
696,34.825,6707.25909792,1186.97475304,1,0,0.0,0,1116.875,1235.5
697,34.875,6696.99481228,1184.53405694,1,0,0.0,0,1125.875,1237.0
698,34.925,6686.97666616,1182.11387983,1,0,0.0,0,1134.1875,1246.5
699,34.975,6677.26706172,1179.77358955,1,0,0.0,0,1142.3125,1247.0
700,35.025,6667.82667551,1177.47642296,1,0,0.0,0,1151.4375,1251.0
701,35.075,6658.61914752,1175.24846656,1,0,0.0,0,1156.4375,1253.5
702,35.125,6649.55310297,1173.04401433,1,0,0.0,0,1166.25,1255.0
703,35.175,6640.5850837,1170.83085988,1,0,0.0,0,1171.9375,1261.0
704,35.225,6631.78946249,1168.86572653,1,0,0.0,0,1179.375,1264.5
705,35.275,6623.17147936,1167.06616107,1,0,0.0,0,1186.125,1264.0
706,35.325,6614.7324363,1165.25223805,1,0,0.0,0,1193.625,1268.5
707,35.375,6606.4909444,1163.37816439,1,0,0.0,0,1199.0625,1268.5
708,35.425,6598.33946409,1161.98400982,1,0,0.0,0,1207.0,1271.5
709,35.475,6590.3282094,1161.13967458,1,0,0.0,0,1212.25,1275.0
710,35.525,6582.52844124,1160.36069868,1,0,0.0,0,1220.375,1283.0
711,35.575,6574.88381063,1159.6110287,1,0,0.0,0,1226.5,1287.0
712,35.625,6567.4036498,1158.87694254,1,0,0.0,0,1231.125,1287.5
713,35.675,6560.18781735,1158.20383307,1,0,0.0,0,1239.375,1295.0
714,35.725,6553.10976743,1157.55730835,1,0,0.0,0,1243.4375,1298.5
715,35.775,6546.10199386,1156.87775245,1,0,0.0,0,1249.125,1301.0
716,35.825,6539.17514822,1156.4798763,1,0,0.0,0,1256.3125,1305.0
717,35.875,6532.44499365,1156.62677284,1,0,0.0,0,1261.8125,1309.5
718,35.925,6525.83367744,1156.78358642,1,0,0.0,0,1265.8125,1310.0
719,35.975,6519.3521065,1156.95453816,1,0,0.0,0,1272.75,1315.5
720,36.025,6513.05571178,1157.16917462,1,0,0.0,0,1278.0,1317.5
721,36.075,6503.17416283,1073.21323197,1,0,0.0,0,1288.125,1346.0
722,36.125,6501.09440151,1157.66011822,1,0,2.28518179,29,1286.6875,1318.5
723,36.175,6495.26049697,1157.89002941,1,0,0.0,0,1291.0,1320.0
724,36.225,6489.51667864,1158.10964832,1,0,0.0,0,1296.0,1324.0
725,36.275,6483.87023009,1167.47968915,1,0,0.0,0,1300.8125,1327.5
726,36.325,6478.30382077,1181.10252616,1,0,0.0,0,1305.4375,1330.5
727,36.375,6472.81893216,1194.75395958,1,0,0.0,0,1310.8125,1333.5
728,36.425,6467.44604908,1209.07027757,1,0,0.0,0,1314.5,1338.5
729,36.475,6462.22292625,1207.10392227,1,0,0.0,0,1319.125,1342.0
730,36.525,6457.11847818,1204.13819732,1,0,0.0,0,1325.1875,1344.5
731,36.575,6452.17465033,1201.17025644,1,0,0.0,0,1329.4375,1348.5
732,36.625,6447.33804141,1198.34596822,1,0,0.0,0,1332.1875,1350.0
733,36.675,6442.58934087,1195.60213098,1,0,0.02073406,2,1336.5625,1354.5
734,36.725,6437.88753808,1192.91950275,1,0,0.02073406,2,1341.6875,1357.5
735,36.775,6433.24345901,1190.28073387,1,0,0.02073406,2,1344.9375,1362.0
736,36.825,6428.67671421,1187.6292872,1,0,0.02073406,2,1347.5625,1362.0
737,36.875,6424.15584981,1184.95838664,1,0,0.02073406,2,1354.5625,1369.5
738,36.925,6419.68897694,1182.26598017,1,0,0.02073406,2,1357.3125,1369.5
739,36.975,6411.80118964,1105.66116183,1,0,0.02073406,2,1367.0625,1392.0
740,37.025,6411.00490455,1176.85041804,1,0,2.22884313,23,1364.1875,1379.0
741,37.075,6403.32008643,1101.16528617,1,0,0.02073406,2,1374.25,1396.5
742,37.125,6402.69818603,1171.49243399,1,0,2.25191364,24,1372.0625,1376.5
743,37.175,6398.67122879,1170.81012722,1,0,0.02073406,2,1374.25,1378.0
744,37.225,6394.73905817,1170.51293696,1,0,0.02073406,2,1377.5625,1379.5
745,37.275,6390.88219638,1170.21634746,1,0,0.02073406,2,1380.5625,1381.5
746,37.325,6387.08278012,1169.93194366,1,0,0.02073406,2,1384.3125,1388.0
747,37.375,6383.3528343,1169.71871975,1,0,0.02878517,2,1385.1875,1386.5
748,37.425,6379.66735502,1123.13820124,1,0,0.04085498,2,1388.1875,1388.5
749,37.475,6375.9870912,1109.34969098,1,0,0.04085498,2,1391.25,1391.5
750,37.525,6368.98097291,1035.81030807,1,0,0.04085498,2,1399.125,1408.0
751,37.575,6368.76530833,1100.31905548,1,0,2.23676032,25,1395.875,1385.5
752,37.625,6365.23624706,1095.80720605,1,0,0.04085498,2,1398.5,1387.5
753,37.675,6361.79452276,1091.30615455,1,0,0.04085498,2,1400.5625,1389.0
754,37.725,6358.41608154,1086.82044398,1,0,0.04085498,2,1404.0,1392.5
755,37.775,6355.07599103,1082.33360292,1,0,0.04085498,2,1407.4375,1391.5
756,37.825,6351.7976593,1077.84340805,1,0,0.04085498,2,1408.875,1392.5
757,37.875,6348.56369452,1073.48505549,1,0,0.04085498,2,1410.3125,1394.5
758,37.925,6345.39053197,1069.34106818,1,0,0.04085498,2,1412.875,1397.0
759,37.975,6342.26628319,1065.20486203,1,0,0.04085498,2,1414.4375,1397.0
760,38.025,6339.18886823,1061.09739427,1,0,0.04085498,2,1417.125,1398.5
761,38.075,6336.15287286,1057.02525751,1,0,0.04575693,2,1419.1875,1399.5
762,38.125,6333.16230058,1053.00472638,1,0,0.06049008,2,1422.375,1406.0
763,38.175,6330.21788109,1048.99953359,1,0,0.06326309,2,1423.5625,1407.5
764,38.225,6327.31581536,1044.98986881,1,0,0.06326309,2,1423.625,1406.5
765,38.275,6324.48381843,1040.96285834,1,0,0.06326309,2,1425.3125,1407.5
766,38.325,6321.70029288,1036.92866789,1,0,0.06326309,2,1428.375,1410.0
767,38.375,6318.9849353,1032.99001434,1,0,0.06326309,2,1430.8125,1413.0
768,38.425,6316.3033524,1029.73208467,1,0,0.06326309,2,1432.5,1413.5
769,38.475,6313.66646134,1026.85426821,1,0,0.06326309,2,1433.625,1415.0
770,38.525,6311.08020184,1023.98958236,1,0,0.06326309,2,1434.4375,1417.0
771,38.575,6308.53926924,1021.1312666,1,0,0.06326309,2,1434.1875,1418.0
772,38.625,6306.04806611,1018.28730764,1,0,0.06326309,2,1437.9375,1418.0
773,38.675,6303.58309847,1015.38782614,1,0,0.06326309,2,1439.0625,1418.5
774,38.725,6301.15113375,1012.46815519,1,0,0.06326309,2,1441.0625,1419.5
775,38.775,6298.78400111,1009.63146811,1,0,0.07607483,2,1440.6875,1419.0
776,38.825,6296.46437848,1006.90598967,1,0,0.08846913,2,1442.0,1419.0
777,38.875,6294.18356695,1004.21305915,1,0,0.08846913,2,1443.5,1420.0
778,38.925,6291.93206592,1001.83461241,1,0,0.08846913,2,1446.0625,1422.5
779,38.975,6289.71841745,999.46139438,1,0,0.08846913,2,1447.3125,1423.0
780,39.025,6287.57348681,996.99144336,1,0,0.08846913,2,1448.6875,1425.0
781,39.075,6285.46595058,994.51425819,1,0,0.08846913,2,1449.875,1426.5
782,39.125,6283.39409435,991.99290788,1,0,0.08846913,2,1450.5,1426.5
783,39.175,6281.35356861,989.40994316,1,0,0.08846913,2,1451.8125,1426.0
784,39.225,6279.34497004,986.65068138,1,0,0.08846913,2,1452.5,1427.0
785,39.275,6277.37311341,983.72723384,1,0,0.08846913,2,1455.3125,1430.0
786,39.325,6275.42773045,979.7470676,1,0,0.08846913,2,1455.8125,1428.0
787,39.375,6273.48394298,975.23499972,1,0,0.09041827,2,1456.3125,1430.5
788,39.425,6271.5935096,971.30743293,1,0,0.10382051,2,1458.0,1433.0
789,39.475,6269.75028768,968.02850875,1,0,0.11529704,2,1458.0,1433.0
790,39.525,6267.94028017,964.95134793,1,0,0.11529704,2,1458.875,1433.5
791,39.575,6266.15413366,961.87179827,1,0,0.11529704,2,1460.875,1434.0
792,39.625,6264.39670339,958.79919036,1,0,0.11529704,2,1462.9375,1435.0
793,39.675,6262.6702764,955.86903453,1,0,0.11529704,2,1462.8125,1435.0
794,39.725,6260.96737448,952.89446995,1,0,0.11529704,2,1464.3125,1437.0
795,39.775,6259.31260045,949.83267647,1,0,0.11529704,2,1464.1875,1437.0
796,39.825,6257.69876018,946.56811413,1,0,0.11529704,2,1463.9375,1437.0
797,39.875,6256.11526259,943.07899511,1,0,0.11529704,2,1465.125,1438.5
798,39.925,6254.56097974,939.40057276,1,0,0.11529704,2,1465.75,1437.5
799,39.975,6253.04889742,935.34853877,1,0,0.11695188,2,1467.9375,1440.0
800,40.025,6251.56794834,931.1951926,1,0,0.12845133,2,1468.6875,1440.0
801,40.075,6250.12975182,922.76478889,1,0,0.14253964,2,1469.0625,1440.5
802,40.125,6248.73881921,922.55630506,1,0,0.14371624,2,1469.25,1440.0
803,40.175,6247.39898184,922.34206199,1,0,0.14371624,2,1470.5625,1442.5
804,40.225,6246.10882757,922.17599627,1,0,0.15390079,3,1470.875,1442.0
805,40.275,6244.86439013,922.10793357,1,0,0.1546957,3,1470.75,1442.0
806,40.325,6243.66722952,922.03239958,1,0,0.1546957,3,1472.6875,1443.0
807,40.375,6242.51577257,921.95360532,1,0,0.1546957,3,1473.25,1442.0
808,40.425,6241.40282466,921.88924262,1,0,0.1546957,3,1475.0625,1442.5
809,40.475,6240.39555883,934.50871957,1,0,0.20320389,4,1474.5,1440.0
810,40.525,6239.61298794,949.68460365,1,0,0.25495808,4,1473.9375,1434.0
811,40.575,6239.00598062,948.99421716,1,0,0.1637314,3,1476.8125,1431.0
812,40.625,6238.40504551,942.76395441,1,0,0.17627368,3,1477.0625,1429.5
813,40.675,6237.79638138,936.55592392,1,0,0.18568184,3,1476.625,1428.0
814,40.725,6237.16572401,930.34569314,1,0,0.18567474,3,1478.125,1426.5
815,40.775,6236.4964917,924.12588262,1,0,0.17470238,2,1478.0,1426.5
816,40.825,6235.78615611,917.90317972,1,0,0.17470238,2,1478.3125,1426.0
817,40.875,6235.03470807,911.78513657,1,0,0.17470238,2,1480.9375,1427.5
818,40.925,6234.26875326,908.52912597,1,0,0.17470238,2,1480.875,1429.0
819,40.975,6233.51050683,905.26462484,1,0,0.17470238,2,1481.375,1428.0
820,41.025,6232.75919954,902.0090199,1,0,0.17470238,2,1481.8125,1429.5
821,41.075,6232.01069431,898.83208962,1,0,0.1859595,3,1481.9375,1433.5
822,41.125,6231.2642216,895.67149228,1,0,0.19733644,3,1481.6875,1433.5
823,41.175,6230.53616041,892.50228412,1,0,0.22111907,3,1483.25,1435.5
824,41.225,6229.80734846,889.35085882,1,0,0.22266809,3,1481.6875,1433.5
825,41.275,6229.06656454,886.33553344,1,0,0.22266809,3,1482.875,1435.5
826,41.325,6228.32209871,883.54020617,1,0,0.22266809,3,1484.125,1435.0
827,41.375,6227.586437,880.73335545,1,0,0.22266809,3,1484.25,1435.0
828,41.425,6226.86249472,877.93592085,1,0,0.23216864,3,1484.0625,1436.0
829,41.475,6226.11482681,875.14832977,1,0,0.23560309,3,1484.0625,1440.0
830,41.525,6225.28077787,872.37530846,1,0,0.23560309,3,1485.125,1440.0
831,41.575,6224.40912272,869.61416874,1,0,0.23560331,3,1484.875,1440.0
832,41.625,6223.51432919,867.04641022,1,0,0.2587857,3,1485.875,1441.0
833,41.675,6185.73378429,940.17326667,4,0,0.28939835,3,1518.0,1525.5
834,41.725,6161.1678331,932.95732708,3,0,0.28939835,3,1537.8125,1524.5
835,41.775,6139.24974883,927.64264261,3,0,0.31923384,4,1566.4375,1526.5
836,41.825,6118.3993919,922.77859874,3,0,0.32309671,4,1576.0625,1526.0
837,41.875,6098.53561078,918.18920987,3,0,0.32309671,4,1598.6875,1525.5
838,41.925,6080.33307022,913.97522872,3,0,0.32309671,4,1617.5,1526.5
839,41.975,6064.79451898,909.88964994,3,0,0.32309671,4,1626.125,1530.0
840,42.025,6013.02392996,985.69462641,4,0,0.32312385,4,1679.75,1616.0
841,42.075,5981.79145937,981.10158119,4,0,0.36723028,4,1698.6875,1618.5
842,42.125,5952.669592,976.90303129,4,0,0.4401686,4,1735.4375,1621.0
843,42.175,5924.55035894,972.95814382,4,0,0.44119661,4,1761.0,1622.0
844,42.225,5898.16516798,969.14175239,4,0,0.44119661,4,1777.4375,1623.0
845,42.275,5873.83518175,965.3827336,4,0,0.44119661,4,1810.125,1623.5
846,42.325,5851.8820038,961.72566804,4,0,0.44119661,4,1824.4375,1625.5
847,42.375,5833.7568693,958.28715,4,0,0.45072641,4,1850.125,1626.5
848,42.425,5817.9867363,955.13577609,4,0,0.49146026,4,1857.75,1628.5
849,42.475,5803.13974729,951.97084711,4,0,0.55251263,4,1880.75,1631.0
850,42.525,5788.97536028,948.80265637,4,0,0.60188332,4,1888.25,1630.5
851,42.575,5775.07847352,945.68599557,4,0,0.60394739,4,1903.9375,1630.5
852,42.625,5761.41457871,942.64226623,4,0,0.60644439,4,1915.125,1632.0
853,42.675,5748.10933288,939.66845764,4,0,0.66356129,4,1930.6875,1634.5
854,42.725,5735.06816769,936.72966065,4,0,0.71303185,4,1938.875,1637.0
855,42.775,5722.29294352,933.70222286,4,0,0.83442284,4,1957.8125,1639.0
856,42.825,5709.70523706,930.65292536,4,0,0.87355883,4,1965.25,1640.0
857,42.875,5697.35739785,927.56750427,4,0,0.93565049,4,1976.625,1639.0
858,42.925,5685.2211083,924.49132033,4,0,0.96236533,4,1987.5,1638.5
859,42.975,5673.54249929,921.22863516,4,0,1.20952558,4,2001.8125,1640.0
860,43.025,5662.31855208,917.8677796,4,0,1.36311863,4,2011.6875,1641.0
861,43.075,5651.8377695,914.30430734,4,0,1.60735611,4,2012.75,1640.5
862,43.125,5642.54666925,910.18475261,4,0,2.24582048,4,2024.1875,1642.0
863,43.175,5636.14095001,899.56438995,4,0,4.59216476,3,2025.625,1633.0
864,43.225,5625.50613539,897.62078841,4,0,0.33421034,2,2025.0625,1632.5
865,43.275,5615.41697419,895.61703259,4,0,0.42752402,2,2031.75,1633.5
866,43.325,5605.69319742,893.61531909,4,0,0.44440349,2,2046.0625,1636.0
867,43.375,5596.31636364,891.61550593,4,0,0.47244066,2,2047.8125,1639.0
868,43.425,5587.36405419,889.54233688,4,0,0.54302369,2,2048.625,1642.0
869,43.475,5578.99657221,887.50603018,4,0,0.56069902,2,2050.0625,1642.0
870,43.525,5571.34462343,885.31776764,4,0,0.80153103,2,2049.8125,1642.5
871,43.575,5564.00861059,883.15998376,4,0,0.80219229,2,2050.375,1642.5
872,43.625,5556.896826,881.02250678,4,0,0.80219229,2,2050.8125,1644.0
873,43.675,5550.33658724,878.52661568,4,0,1.17711424,2,2050.6875,1646.0
874,43.725,5544.08014257,875.87871519,4,0,1.33757024,2,2051.125,1645.5
875,43.775,5538.91630676,872.39157254,4,0,2.26656275,2,2049.625,1644.0
876,43.825,5534.3995527,868.42481693,4,0,2.80376019,2,2046.8125,1642.0
877,43.875,5529.97510533,864.42376664,4,0,2.82965278,2,2043.8125,1640.5
878,43.925,5525.66256459,860.35964034,4,0,2.87403853,2,2041.1875,1639.5
879,43.975,5521.52089211,856.20936019,4,0,2.9756799,2,2039.1875,1637.5
880,44.025,5517.55385358,851.96616848,4,0,3.0822068,2,2036.75,1637.0
881,44.075,5513.80064871,847.50559572,4,0,3.26606696,2,2034.3125,1635.0
882,44.125,5509.58683411,839.07237809,4,0,2.81600869,1,2031.8125,1628.0
883,44.175,5502.24322813,837.91300632,4,0,0.0,0,2033.1875,1628.0
884,44.225,5494.9473233,836.73738992,4,0,0.0,0,2034.3125,1629.5
885,44.275,5487.71457253,835.5715734,4,0,0.0,0,2035.625,1631.0
886,44.325,5480.49578524,834.31113141,4,0,0.0,0,2037.0,1633.5
887,44.375,5473.28571014,832.93561643,4,0,0.0,0,2038.6875,1635.0
888,44.425,5466.09779475,831.5773473,4,0,0.0,0,2040.3125,1637.0
889,44.475,5458.93183873,830.13147865,4,0,0.0,0,2041.75,1637.5
890,44.525,5451.81996036,828.64807182,4,0,0.0,0,2043.0,1638.5
891,44.575,5444.78591024,826.71808264,4,0,0.0,0,2044.5,1639.5
892,44.625,5437.8669575,824.71083451,4,0,0.0,0,2046.25,1642.5
893,44.675,5431.01418292,824.81153456,4,0,0.0,0,2048.3125,1648.0
894,44.725,5424.06575407,825.43753617,4,0,0.0,0,2050.6875,1655.5
895,44.775,5417.06495304,829.32082816,4,0,0.0,0,2053.75,1662.0
896,44.825,5410.00679499,830.83087911,4,0,0.0,0,2055.4375,1666.0
897,44.875,5402.96820048,832.35730516,4,0,0.0,0,2058.5,1674.0
898,44.925,5395.93571567,833.89486767,4,0,0.0,0,2060.125,1674.5
899,44.975,5388.94762312,835.46159506,4,0,0.0,0,2064.3125,1681.5
900,45.025,5382.05813798,837.02232444,4,0,0.0,0,2067.5,1685.0
901,45.075,5375.33472341,838.59408449,4,0,0.0,0,2069.75,1688.0
902,45.125,5368.92059366,840.20541501,4,0,0.0,0,2073.3125,1693.0
903,45.175,5362.53124133,841.71225069,4,0,0.0,0,2075.8125,1699.0
904,45.225,5356.16302558,842.91985208,4,0,0.0,0,2079.4375,1702.0
905,45.275,5349.82838294,844.14241317,4,0,0.0,0,2083.5,1711.0
906,45.325,5343.53660348,845.40317794,4,0,0.0,0,2088.0625,1719.5
907,45.375,5337.26140356,846.65739472,4,0,0.0,0,2092.0625,1722.5
908,45.425,5331.00983513,847.925749,4,0,0.0,0,2095.5625,1725.5
909,45.475,5138.09276359,906.31628766,10,0,0.0,0,2172.8125,1812.0
910,45.525,5129.19612913,898.87148603,9,0,0.0,0,2179.8125,1809.5
911,45.575,5122.76183833,896.86786962,9,0,0.0,0,2186.75,1815.0
912,45.625,5116.731796,895.70162633,9,0,0.0,0,2192.625,1815.5
913,45.675,5110.84632995,894.80256612,9,0,0.0,0,2197.125,1817.0
914,45.725,5105.56916835,887.76533267,4,0,0.0,0,2201.9375,1816.0
915,45.775,5100.74749888,890.0547549,4,0,0.0,0,2205.9375,1819.5
916,45.825,5095.90196271,892.33660724,4,0,0.0,0,2209.6875,1826.0
917,45.875,5091.05155288,895.30088316,4,0,0.0,0,2213.8125,1828.0
918,45.925,5086.21755014,898.06720466,4,0,0.02503014,1,2217.5625,1826.5
919,45.975,5081.36326501,899.18170961,4,0,0.0,0,2221.6875,1829.0
920,46.025,5076.48200033,900.286588,4,0,0.0,0,2226.1875,1839.0
921,46.075,5071.57246624,901.39322499,4,0,0.0,0,2229.4375,1842.0
922,46.125,5066.6659844,902.48205573,4,0,0.0,0,2233.3125,1846.0
923,46.175,5061.75177008,903.55562302,4,0,0.0,0,2238.5,1848.5
924,46.225,5056.83884045,904.63524089,4,0,0.0,0,2243.875,1853.5
925,46.275,5051.94394018,905.7075145,4,0,0.0,0,2248.5625,1854.5
926,46.325,5047.0671958,906.77619569,4,0,0.0,0,2255.9375,1859.0
927,46.375,5042.22040433,907.84812938,4,0,0.0,0,2260.0,1861.5
928,46.425,5037.40333988,908.91882029,4,0,0.0,0,2265.4375,1866.5
929,46.475,5032.61665703,909.97186102,4,0,0.0,0,2269.8125,1869.0
930,46.525,5027.88614274,911.01955238,4,0,0.0,0,2274.5625,1871.5
931,46.575,5023.2487533,912.05513993,4,0,0.0,0,2279.5,1875.5
932,46.625,5018.69650853,913.07420576,4,0,0.0,0,2284.8125,1878.0
933,46.675,5014.23975642,913.99731271,4,0,0.0,0,2289.4375,1881.5
934,46.725,5010.02975669,914.92425121,4,0,0.0,0,2293.9375,1884.5
935,46.775,5005.92179094,915.85929815,4,0,0.0,0,2298.5,1887.0
936,46.825,5001.88620424,916.79642856,4,0,0.0,0,2302.25,1888.5
937,46.875,4997.93230819,917.71986859,4,0,0.0,0,2307.125,1892.0
938,46.925,4994.15115869,918.62269058,4,0,0.0,0,2311.25,1894.5
939,46.975,4990.60965989,919.49262276,4,0,0.0,0,2316.875,1895.5
940,47.025,4987.28525593,920.36193252,4,0,0.0,0,2320.6875,1899.0
941,47.075,4984.2131976,921.27411524,4,0,0.0,0,2325.0,1900.0
942,47.125,4981.20813937,922.18485626,4,0,0.0,0,2334.5625,1904.5
943,47.175,4978.26407884,923.09139375,4,0,0.0,0,2338.5,1906.5
944,47.225,4975.36867984,923.99202218,4,0,0.0,0,2342.875,1908.5
945,47.275,4972.525312,924.88324809,4,0,0.0,0,2347.5625,1912.0
946,47.325,4969.79289161,925.7459627,4,0,0.0,0,2351.0625,1916.0
947,47.375,4967.12639087,926.60016472,4,0,0.0,0,2355.375,1918.5
948,47.425,4964.52319111,927.44979568,4,0,0.0,0,2361.25,1922.5
949,47.475,4961.95403546,928.2888853,4,0,0.0,0,2365.25,1925.5
950,47.525,4959.43786013,929.12063337,4,0,0.0,0,2369.5625,1928.5
951,47.575,4956.91578555,929.94607697,4,0,0.0,0,2376.5,1929.0
952,47.625,4954.37591965,930.75607624,4,0,0.0,0,2379.3125,1932.0
953,47.675,4951.836676,931.54236252,4,0,0.0,0,2383.9375,1935.5
954,47.725,4949.29748016,932.249125,4,0,0.0,0,2388.3125,1939.0
955,47.775,4946.76856827,932.97743363,4,0,0.0,0,2392.375,1940.0
956,47.825,4944.24342178,933.69910912,4,0,0.0,0,2397.0,1948.0
957,47.875,4941.73104264,934.40881884,4,0,0.0,0,2404.8125,1954.0
958,47.925,4939.21602273,935.1163608,4,0,0.0,0,2408.8125,1957.0
959,47.975,4936.70141416,935.82125779,4,0,0.0,0,2412.6875,1958.0
960,48.025,4934.22680382,936.51569256,4,0,0.0,0,2417.625,1959.0
961,48.075,4931.78335255,937.20904198,4,0,0.0,0,2422.875,1964.5
962,48.125,4929.35266273,937.89823156,4,0,0.0,0,2425.875,1966.0
963,48.175,4926.95870245,938.58163646,4,0,0.0,0,2430.375,1969.5
964,48.225,4924.59331494,939.26865776,4,0,0.0,0,2435.75,1975.5
965,48.275,4922.2650391,939.94079117,4,0,0.0,0,2439.5,1977.0
966,48.325,4919.9805356,940.61656063,4,0,0.0,0,2444.0,1981.0
967,48.375,4917.77499524,941.29126707,4,0,0.0,0,2449.1875,1981.5
968,48.425,4915.67419014,941.95596458,4,0,0.0,0,2452.875,1984.5
969,48.475,4913.64913304,942.61625269,4,0,0.0,0,2458.25,1989.5
970,48.525,4911.70336838,943.27539033,4,0,0.0,0,2462.875,1990.5
971,48.575,4909.94240334,943.93639676,4,0,0.0,0,2467.375,1993.0
972,48.625,4908.41178767,944.61300793,4,0,0.0,0,2475.6875,2006.0
973,48.675,4906.95557701,945.3191615,4,0,0.0,0,2479.625,2009.5
974,48.725,4905.45941697,946.00918582,4,0,0.0,0,2484.125,2013.0
975,48.775,4904.14369465,946.68766828,4,0,0.0,0,2487.875,2015.0
976,48.825,4903.00490896,947.36013061,4,0,0.0,0,2491.875,2020.0
977,48.875,4902.04478507,948.00442802,4,0,0.0,0,2496.1875,2024.5
978,48.925,4901.26168579,948.63150491,4,0,0.0,0,2499.375,2025.5
979,48.975,4900.65416259,949.28094783,4,0,0.0,0,2503.9375,2026.5
980,49.025,4900.38867355,949.9648361,4,0,0.01383406,1,2508.3125,2029.0
981,49.075,4900.32921739,950.64698695,4,0,0.01387091,1,2511.625,2031.5
982,49.125,4900.4463823,951.33577784,4,0,0.02415404,2,2515.625,2034.5
983,49.175,4900.71548757,952.02285487,4,0,0.02463243,2,2519.625,2036.0
984,49.225,4901.10293875,952.70985201,4,0,0.025099,2,2523.0,2037.0
985,49.275,4901.56080056,953.41568376,4,0,0.02630107,2,2527.0,2041.5
986,49.325,4902.098315,954.14156489,4,0,0.03722807,2,2530.3125,2043.5
987,49.375,4902.70924739,954.86245016,4,0,0.0376694,2,2534.375,2046.0
988,49.425,4903.37627108,955.58689308,4,0,0.03812177,2,2542.625,2056.0
989,49.475,4904.0991014,956.29354676,4,0,0.05137652,3,2546.6875,2056.5
990,49.525,4904.8615682,957.00707226,4,0,0.05198946,3,2550.0,2059.5
991,49.575,4905.66550456,957.73237224,4,0,0.0526024,3,2553.25,2060.0
992,49.625,4906.52390497,958.46452618,4,0,0.05321534,3,2557.25,2063.0
993,49.675,4907.43095455,959.18930263,4,0,0.05382828,3,2560.6875,2063.0
994,49.725,4908.3923345,959.91414289,4,0,0.05832646,3,2563.0625,2065.0
995,49.775,4909.40811836,960.64270763,4,0,0.06329505,3,2567.125,2073.0
996,49.825,4910.46185367,961.378555,4,0,0.06396789,3,2571.4375,2081.0
997,49.875,4911.58555441,962.12319951,4,0,0.06480458,3,2574.4375,2083.5
998,49.925,4912.78920445,962.87182015,4,0,0.0687546,3,2577.375,2088.5
999,49.975,4914.06088832,963.62116146,4,0,0.08014886,4,2580.5625,2092.5
1000,50.025,4915.43291654,964.3843285,4,0,0.08166843,4,2585.25,2099.5
1001,50.075,4916.96139071,965.13437509,4,0,0.08318751,4,2590.0625,2103.5
1002,50.125,4918.65845583,965.90669362,4,0,0.08700241,4,2593.0625,2106.0
1003,50.175,4920.59828698,966.65183762,4,0,0.08744612,4,2602.0625,2118.0
1004,50.225,4922.81233828,967.39194744,4,0,0.08761737,4,2604.0,2119.0
1005,50.275,4925.30667062,968.16616648,4,0,0.08778816,4,2607.1875,2122.0
1006,50.325,4928.28391253,968.987053,4,0,0.46601886,6,2612.0,2128.0
1007,50.375,4931.844026,969.80935569,4,0,0.90651153,7,2614.4375,2129.5
1008,50.425,4935.88335128,970.6505995,4,0,1.25791388,7,2606.125,2131.0
1009,50.475,4940.23580161,971.51139598,4,0,1.40112721,7,2601.3125,2130.5
1010,50.525,4944.92223155,972.36829457,4,0,1.53362453,7,2606.1875,2130.0
1011,50.575,4949.93921314,973.23723612,4,0,1.67683778,8,2604.8125,2132.0
1012,50.625,4955.33396369,974.15279176,4,0,1.85596129,11,2597.5625,2134.5
1013,50.675,4961.31359316,975.10694774,4,0,2.39092892,11,2593.75,2136.0
1014,50.725,4967.84619147,976.06731404,4,0,2.89072903,10,2592.625,2139.5
1015,50.775,4974.69655265,977.04567204,4,0,3.20745513,10,2580.4375,2145.5
1016,50.825,4981.72937052,978.02671237,4,0,3.38976246,10,2564.5625,2147.0
1017,50.875,4988.94915321,979.03370328,4,0,3.57609598,10,2560.1875,2145.5
1018,50.925,4996.36065775,980.05264513,4,0,3.76624829,11,2553.9375,2149.5
1019,50.975,5003.96533008,981.08240631,4,0,3.96112637,11,2549.3125,2150.0
1020,51.025,5011.73308743,982.14022312,4,0,4.11860965,11,2536.9375,2151.5
1021,51.075,5019.69030931,983.21515758,4,0,4.31561658,12,2524.0625,2154.5
1022,51.125,5027.8299881,984.28832681,4,0,4.49919145,12,2523.6875,2156.0
1023,51.175,5036.24702633,985.37214118,4,0,4.78144947,12,2509.5625,2156.0
1024,51.225,5045.03668733,986.49108104,4,0,5.16863799,12,2501.3125,2157.5
1025,51.275,5054.38862913,987.60440217,4,0,5.76147785,12,2479.0625,2158.0
1026,51.325,5064.48115613,988.71516257,4,0,6.51325915,12,2471.0625,2159.0
1027,51.375,5076.5370643,989.9983365,4,0,8.49403512,12,2460.25,2158.5
1028,51.425,5092.04513343,991.4215212,4,0,11.96527741,12,2447.3125,2159.5
1029,51.475,5110.24409589,993.61405006,6,2,14.66961455,13,2414.9375,2154.0
1030,51.525,5130.70903442,996.20883774,6,0,16.91034075,14,2400.6875,2155.0
1031,51.575,5152.92113078,998.95150248,6,0,18.64042271,13,2380.8125,2153.5
1032,51.625,5176.40262214,1001.80463427,6,0,19.90042161,13,2340.4375,2151.0
1033,51.675,5202.05119991,1004.06904027,6,0,22.05748362,10,2320.6875,2154.0
1034,51.725,5237.17950568,1006.47742549,6,0,32.08935748,8,2283.5625,2108.5
1035,51.775,5260.16964333,926.32016574,5,0,20.29763847,7,2279.0625,2076.5
1036,51.825,5270.93308103,927.71222012,5,0,12.30364144,6,2262.375,2079.5
1037,51.875,5283.66892442,929.20356998,5,0,14.33173251,6,2250.125,2081.5
1038,51.925,5297.50467604,930.76486563,5,0,15.57619239,5,2235.75,2084.0
1039,51.975,5311.81975412,932.37766745,5,0,16.11639774,5,2220.125,2087.0
1040,52.025,5326.70430024,934.14386427,5,0,17.02242207,5,2201.4375,2090.0
1041,52.075,5359.87106042,885.32690366,4,0,35.32571652,4,2175.5625,2006.5
1042,52.125,5353.91577106,855.96718807,4,0,0.04500906,2,2179.5,2011.0
1043,52.175,5347.60042696,856.67823314,4,0,0.04500365,2,2182.9375,2009.5
1044,52.225,5341.27066708,857.39944395,4,0,0.04499825,2,2188.375,2009.0
1045,52.275,5334.93337252,858.15006159,4,0,0.04499284,2,2190.875,2010.5
1046,52.325,5328.59253408,858.90771555,4,0,0.04281115,2,2194.875,2014.0
1047,52.375,5322.23969529,859.66616248,4,0,0.02410581,1,2199.8125,2016.0
1048,52.425,5315.8824072,860.44161074,4,0,0.02295008,1,2204.75,2015.0
1049,52.475,5309.51701917,861.22031107,4,0,0.02192864,1,2212.4375,2021.5
1050,52.525,5303.25989315,857.83436861,4,0,0.0215193,1,2216.0625,2021.0
1051,52.575,5297.30440212,855.69639794,4,0,0.02118527,1,2219.125,2021.0
1052,52.625,5291.50511559,854.3022916,4,0,0.02085125,1,2222.6875,2021.5
1053,52.675,5285.82742162,853.42201957,4,0,0.02048647,1,2227.125,2022.0
1054,52.725,5280.24443253,852.641041,4,0,0.01960672,1,2229.8125,2022.0
1055,52.775,5274.75345407,852.07547495,4,0,0.01854961,1,2233.0625,2022.0
1056,52.825,5269.34382118,851.55545114,4,0,0.0174925,1,2236.625,2022.5
1057,52.875,5264.01134639,851.14933964,4,0,0.01643539,1,2239.8125,2024.0
1058,52.925,5258.76279418,850.79403322,4,0,0.01537828,1,2242.5,2019.0
1059,52.975,5253.59722006,850.46412333,4,0,0.01431266,1,2246.0,2019.5
1060,53.025,5248.48777395,850.18331922,4,0,0.01312696,1,2249.5,2020.5
1061,53.075,5243.44156658,849.94354265,4,0,0.01190392,1,2252.25,2019.0
1062,53.125,5238.4571625,849.70602018,4,0,0.01068088,1,2255.5625,2020.0
1063,53.175,5233.52847261,849.46858618,4,0,0.0,0,2258.0,2023.5
1064,53.225,5228.64176664,849.27847136,4,0,0.0,0,2259.875,2022.5
1065,53.275,5223.79586993,849.12294598,4,0,0.0,0,2267.25,2026.0
1066,53.325,5218.98892216,848.98600111,4,0,0.0,0,2270.625,2028.0
1067,53.375,5214.21468118,848.86218038,4,0,0.0,0,2273.625,2028.5
1068,53.425,5209.4775036,848.77529125,4,0,0.0,0,2277.125,2027.5
1069,53.475,5204.77490822,848.70890804,4,0,0.0,0,2279.3125,2028.0
1070,53.525,5200.11017334,848.64755939,4,0,0.0,0,2282.5,2027.5
1071,53.575,5195.49341471,848.56921729,4,0,0.0,0,2284.4375,2029.0
1072,53.625,5190.91626229,848.48887899,4,0,0.0,0,2286.9375,2030.5
1073,53.675,5186.39346043,848.42466585,4,0,0.0,0,2290.5,2031.5
1074,53.725,5181.92276619,848.3718997,4,0,0.0,0,2292.4375,2032.5
1075,53.775,5177.49601461,848.31340648,4,0,0.0,0,2294.9375,2033.5
1076,53.825,5173.10590186,848.25274459,4,0,0.0,0,2298.0,2033.5
1077,53.875,5168.75182454,848.2036828,4,0,0.0,0,2299.9375,2032.0
1078,53.925,5164.43390579,848.17070127,4,0,0.0,0,2302.6875,2033.5
1079,53.975,5160.1552149,848.15079444,4,0,0.0,0,2305.375,2033.5
1080,54.025,5155.91706087,848.12567087,4,0,0.0,0,2310.5625,2040.0
1081,54.075,5151.585356,848.11462258,4,0,0.0,0,2312.3125,2040.5
1082,54.125,5147.18331958,848.09842151,4,0,0.0,0,2314.5,2041.5
1083,54.175,5142.76189623,848.08742845,4,0,0.0,0,2318.875,2043.0
1084,54.225,5138.32187566,848.08919692,4,0,0.0,0,2320.9375,2043.0
1085,54.275,5133.87456466,848.10343383,4,0,0.0,0,2324.25,2043.5
1086,54.325,5129.42225399,848.12254422,4,0,0.0,0,2326.125,2043.5
1087,54.375,5124.96060845,848.1585702,4,0,0.0,0,2330.1875,2044.5
1088,54.425,5120.49479083,848.1999235,4,0,0.0,0,2332.375,2044.5
1089,54.475,5115.96166243,848.28972846,4,0,0.0,0,2335.4375,2046.0
1090,54.525,5111.38706204,848.43177166,4,0,0.0,0,2337.5,2047.0
1091,54.575,5106.79910747,848.59379132,4,0,0.0,0,2340.5625,2047.5
1092,54.625,5102.18684027,848.76481598,4,0,0.0,0,2343.3125,2048.5
1093,54.675,5097.44618898,848.96802506,4,0,0.0,0,2345.3125,2048.5
1094,54.725,5092.57446904,849.25809605,4,0,0.0,0,2347.6875,2048.5
1095,54.775,5087.67966301,849.55889309,4,0,0.0,0,2352.75,2050.0
1096,54.825,5082.77586243,849.86317292,4,0,0.0,0,2360.25,2058.5
1097,54.875,5077.84402205,850.1806667,4,0,0.0,0,2364.0,2059.5
1098,54.925,5072.88832781,850.50330907,4,0,0.0,0,2368.9375,2061.5
1099,54.975,5067.92761017,850.82873881,4,0,0.0,0,2374.5625,2062.0
1100,55.025,5062.96162199,851.15936213,4,0,0.0,0,2377.125,2062.0
1101,55.075,5057.98861614,851.49757617,4,0,0.0,0,2379.4375,2063.5
1102,55.125,5053.00851885,851.84474904,4,0,0.0,0,2382.5,2063.0
1103,55.175,5048.00788872,852.18819467,4,0,0.0,0,2384.375,2063.5
1104,55.225,5042.98464314,852.53948002,4,0,0.0,0,2386.875,2066.0
1105,55.275,5037.94452993,852.86337281,4,0,0.0,0,2390.5625,2066.0
1106,55.325,5032.89030078,853.16533172,4,0,0.0,0,2392.5625,2067.5
1107,55.375,5027.82430848,853.48085416,4,0,0.0,0,2396.3125,2069.5
1108,55.425,5022.75006825,853.79068955,4,0,0.0,0,2399.125,2070.0
1109,55.475,5017.66637266,854.09749073,4,0,0.0,0,2400.75,2071.0
1110,55.525,5012.5705264,854.41803465,4,0,0.0,0,2403.5625,2073.5
1111,55.575,5007.46551512,854.73267945,4,0,0.0,0,2407.375,2075.5
1112,55.625,5002.35440263,855.03286871,4,0,0.0,0,2408.75,2075.5
1113,55.675,4997.24329744,855.33770319,4,0,0.0,0,2410.3125,2077.5
1114,55.725,4992.13394131,855.64873442,4,0,0.0,0,2412.625,2077.5
1115,55.775,4987.02106534,855.96315595,4,0,0.0,0,2414.1875,2078.5
1116,55.825,4981.90416641,856.3102555,4,0,0.0,0,2415.75,2079.5
1117,55.875,4976.78250607,856.69466314,4,0,0.0,0,2417.125,2081.5
1118,55.925,4971.65551645,857.07740271,4,0,0.0,0,2418.1875,2082.5
1119,55.975,4966.78578725,849.09789149,5,0,0.0,0,2418.875,2083.0
1120,56.025,4962.20561324,845.50462441,5,0,0.0,0,2421.6875,2083.5
1121,56.075,4957.81988567,842.72533881,5,0,0.0,0,2422.875,2083.5
1122,56.125,4953.57040753,840.73189982,5,0,0.0,0,2427.625,2083.0
1123,56.175,4949.44627887,838.74071426,5,0,0.0,0,2428.9375,2084.5
1124,56.225,4945.44039194,837.02492608,5,0,0.01018069,1,2430.5625,2084.5
1125,56.275,4941.53706893,835.66647956,5,0,0.01187151,1,2430.8125,2085.0
1126,56.325,4937.73367892,834.28869662,5,0,0.01356113,1,2434.8125,2091.5
1127,56.375,4934.03618633,832.8958987,5,0,0.01524886,1,2435.5625,2092.0
1128,56.425,4930.44129752,831.70536735,5,0,0.0169366,1,2436.5,2092.0
1129,56.475,4926.93575333,830.62969493,5,0,0.01874199,1,2437.4375,2092.5
1130,56.525,4923.51631181,829.55947905,5,0,0.02166396,1,2437.25,2093.0
1131,56.575,4920.19538214,828.51077155,5,0,0.02485888,1,2438.0,2093.0
1132,56.625,4916.97007789,827.55906927,5,0,0.0280538,1,2438.4375,2093.5
1133,56.675,4913.83741262,826.62184268,5,0,0.03130932,1,2439.75,2095.0
1134,56.725,4910.79880634,825.80731539,5,0,0.03728928,1,2440.1875,2095.5
1135,56.775,4907.85529738,825.00547616,5,0,0.04471548,1,2440.1875,2095.0
1136,56.825,4905.00254233,824.21862564,5,0,0.05113943,1,2441.25,2094.5
1137,56.875,4902.2311514,823.50039794,5,0,0.05354822,1,2441.5625,2094.5
1138,56.925,4899.53488902,822.77792217,5,0,0.07883517,3,2440.8125,2095.0
1139,56.975,4896.90918595,822.61287778,6,1,0.08402182,3,2440.25,2091.5
1140,57.025,4894.39750911,822.84196605,6,0,0.14182414,6,2440.25,2092.5
1141,57.075,4891.98991216,823.09216058,6,0,0.15357849,6,2440.5625,2092.0
1142,57.125,4889.6889679,823.45489005,6,0,0.17390054,7,2442.75,2098.5
1143,57.175,4887.49853538,823.86126576,6,0,0.19099191,7,2442.875,2097.0
1144,57.225,4885.42775076,824.22225438,6,0,0.23295616,8,2442.4375,2097.0
1145,57.275,4883.48117267,824.546106,6,0,0.26377979,8,2441.8125,2096.0
1146,57.325,4881.64816119,824.85816263,6,0,0.29211507,8,2440.5,2096.5
1147,57.375,4879.93590678,825.18244658,6,0,0.32444757,8,2439.5,2094.5
1148,57.425,4878.34824626,825.77836863,7,1,0.35713563,8,2438.3125,2093.5
1149,57.475,4876.8714231,826.55511075,7,0,0.38906504,8,2437.0625,2090.0
1150,57.525,4875.5387058,828.12000263,8,1,0.42543032,8,2435.4375,2086.5
1151,57.575,4874.41902119,830.16995817,8,0,0.52003961,9,2434.125,2085.0
1152,57.625,4873.48564675,832.59684749,8,0,0.59841798,9,2432.9375,2080.5
1153,57.675,4872.73242095,835.06776371,8,0,0.67871284,10,2431.25,2080.5
1154,57.725,4872.93261479,841.93319042,8,0,1.53657138,9,2428.5625,2088.5
1155,57.775,4877.82948733,844.82954515,8,0,5.87280994,10,2422.0625,2086.5
1156,57.825,4880.05111994,847.81542333,8,0,2.96560857,10,2416.25,2085.0
1157,57.875,4882.41142482,851.63255797,8,0,2.91647875,11,2414.625,2083.5
1158,57.925,4887.07628185,859.54473775,8,0,4.99098507,13,2405.5,2083.5
1159,57.975,4902.14128674,866.68436259,7,0,14.78674035,14,2386.375,2073.5
1160,58.025,4910.98769486,866.05759015,7,0,8.09376883,16,2377.4375,2063.5
1161,58.075,4918.35625176,865.80463131,7,0,6.57824243,16,2366.9375,2050.5
1162,58.125,4925.58200765,865.75046917,7,0,6.30804196,15,2361.125,2045.0
1163,58.175,4932.63430293,865.71125743,7,0,5.96243706,15,2353.75,2041.0
1164,58.225,4940.09771071,865.58033191,6,0,6.14268664,14,2343.8125,2036.5
1165,58.275,4948.46708979,865.69741721,6,0,6.8381072,14,2334.125,2028.5
1166,58.325,4958.69799497,866.76386097,5,0,8.59043307,11,2323.3125,2024.0
1167,58.375,4965.90647507,863.63666448,5,0,5.55444769,12,2314.75,2017.5
1168,58.425,4972.99946009,863.91212107,5,0,5.51299346,11,2305.5,2013.5
1169,58.475,4980.26202933,863.66640436,5,0,5.62109732,11,2298.0625,2009.5
1170,58.525,4987.7117693,863.46789197,5,0,5.75688843,12,2289.0,1998.5
1171,58.575,4995.22251699,864.22518915,5,0,5.91875889,11,2279.875,1994.5
1172,58.625,5000.97405633,864.96367979,5,0,4.23577795,12,2275.5,1990.0
1173,58.675,5006.64931055,865.59495726,5,0,4.13307206,12,2267.0625,1980.0
1174,58.725,5012.30771515,866.1870998,5,0,4.08783821,12,2262.3125,1976.0
1175,58.775,5017.82693377,866.78083547,5,0,3.93218719,12,2254.6875,1967.0
1176,58.825,5023.16752008,867.36972648,5,0,3.73579736,12,2248.0625,1961.0
1177,58.875,5028.11818294,867.70446664,5,0,3.32391869,12,2243.3125,1953.5
1178,58.925,5047.71235608,872.42175571,5,0,17.67193525,13,2221.5625,1952.5
1179,58.975,5053.28145938,872.9168081,5,0,3.62988019,12,2215.6875,1948.0
1180,59.025,5058.54446179,873.33507457,5,0,3.23492173,11,2210.9375,1942.5
1181,59.075,5063.52231736,873.73938308,5,0,2.90071216,11,2202.0625,1936.5
1182,59.125,5068.33861598,873.54476266,5,0,2.74618616,11,2200.25,1934.5
1183,59.175,5072.7804781,871.93049468,5,0,2.45074597,11,2196.5625,1929.5
1184,59.225,5077.11212328,871.04506584,5,0,2.40919798,12,2189.25,1924.5
1185,59.275,5081.22619972,870.39340183,5,0,2.25114539,12,2184.4375,1917.5
1186,59.325,5085.19615924,869.68857502,5,0,2.16149691,11,2178.9375,1915.5
1187,59.375,5089.00875952,868.95170982,5,0,2.05513371,11,2174.3125,1913.5
1188,59.425,5092.74117317,868.20967422,5,0,2.00933235,10,2168.5625,1910.5
1189,59.475,5096.43591815,867.4432048,5,0,1.98920035,10,2164.5,1906.0
1190,59.525,5100.04714012,866.61179038,5,0,1.91715537,10,2161.5625,1906.5
1191,59.575,5103.54785339,865.73878145,5,0,1.82109731,10,2156.0,1898.0
1192,59.625,5107.03797802,864.88227953,5,0,1.82114378,10,2150.5625,1888.0
1193,59.675,5110.49773154,863.95177207,5,0,1.82074772,10,2147.5625,1885.0
1194,59.725,5113.88904761,862.9117302,5,0,1.76997644,10,2142.375,1879.0
1195,59.775,5117.26481826,861.84346169,5,0,1.74794092,8,2137.9375,1871.5
1196,59.825,5120.56381927,860.71071009,5,0,1.68454931,6,2134.125,1869.0
1197,59.875,5123.82925479,859.44168021,4,0,1.67282172,6,2129.4375,1862.0
1198,59.925,5127.03827817,857.59756449,4,0,1.63747453,5,2127.0625,1860.0
1199,59.975,5130.21278155,855.65298191,4,0,1.64371814,5,2122.875,1858.0
1200,60.025,5133.34021351,853.21832625,4,0,1.65455437,5,2118.375,1852.5
1201,60.075,5136.43638004,850.17479957,3,0,1.66365973,5,2114.5625,1846.0
1202,60.125,5139.40304843,845.29375127,3,0,1.64121716,4,2111.75,1845.0
1203,60.175,5142.32028822,844.22066019,4,1,1.62254051,4,2108.5625,1845.0
1204,60.225,5145.26027504,843.24964959,4,1,1.6403384,5,2104.1875,1844.0
1205,60.275,5148.21067978,842.17598678,4,1,1.65100165,5,2100.8125,1840.5
1206,60.325,5151.15670001,840.95955548,4,0,1.6616649,5,2096.9375,1838.0
1207,60.375,5154.09220808,841.73818926,5,1,1.68328575,6,2093.5625,1833.0
1208,60.425,5157.08340723,842.6004162,5,0,1.68761711,6,2088.5,1819.0
1209,60.475,5160.06189579,843.10369467,5,0,1.75370921,6,2084.625,1821.0
1210,60.525,5163.28116661,842.76302758,3,0,1.97291291,4,2080.375,1809.0
1211,60.575,5166.41464661,840.32568414,3,0,1.93930161,5,2077.5625,1801.0
1212,60.625,5169.36438217,838.12617527,3,0,1.87081769,6,2074.375,1801.5
1213,60.675,5172.1051429,836.07697475,3,0,1.80625791,6,2071.1875,1793.0
1214,60.725,5175.0262136,833.33942361,3,0,2.15158649,5,2068.5,1784.0
1215,60.775,5177.13959777,829.72045838,3,0,1.62054393,6,2065.75,1779.5
1216,60.825,5178.96209135,826.90568946,3,0,1.59603515,6,2061.4375,1770.0
1217,60.875,5180.59396806,824.22210883,3,0,1.54300528,6,2058.1875,1764.5
1218,60.925,5182.05126613,822.72401748,4,1,1.49884054,6,2055.1875,1759.5
1219,60.975,5183.3326885,822.72452244,4,1,1.4410872,6,2052.0625,1754.5
1220,61.025,5184.42443127,821.06913824,4,0,1.38238904,5,2049.375,1745.5
1221,61.075,5185.26156468,817.83688923,4,0,1.33565224,4,2045.875,1741.0
1222,61.125,5185.905498,820.49150342,3,0,1.33019569,4,2043.6875,1740.0
1223,61.175,5186.47645672,819.47144661,3,0,1.32461356,4,2040.8125,1737.5
1224,61.225,5186.96033049,818.4089405,3,0,1.30205143,2,2040.5,1734.5
1225,61.275,5187.39045819,817.34798377,3,0,1.30157568,2,2037.875,1732.0
1226,61.325,5187.78362103,816.33411642,3,0,1.30112641,2,2035.625,1731.0
1227,61.375,5188.14375602,815.32559224,3,0,1.30069495,2,2032.25,1730.5
1228,61.425,5188.46461397,814.29698092,3,0,1.30029773,2,2029.25,1729.5
1229,61.475,5188.74821274,813.28887334,2,0,1.29990678,2,2026.6875,1727.0
1230,61.525,5188.99458043,812.14075648,2,0,1.29951584,2,2024.9375,1726.0
1231,61.575,5189.19803417,811.00150707,1,0,1.29912489,2,2022.625,1725.0
1232,61.625,5189.34752159,809.73706222,1,0,1.29873394,2,2020.3125,1723.5
1233,61.675,5189.46760418,808.47903714,1,0,1.29834139,2,2017.9375,1720.5
1234,61.725,5189.56013367,807.2124782,1,0,1.29791382,2,2015.5,1717.5
1235,61.775,5189.62277381,805.94743003,1,0,1.29737224,2,2013.25,1716.5
1236,61.825,5189.65042733,804.67475368,1,0,1.30103074,2,2010.4375,1715.5
1237,61.875,5189.65285444,803.38340328,1,0,1.30079312,2,2007.375,1713.0
1238,61.925,5189.62133554,802.07614252,1,0,1.30089774,2,2005.3125,1711.5
1239,61.975,5189.55180174,800.77603727,1,0,1.30105125,2,2003.125,1711.0
1240,62.025,5189.43249296,799.46549386,1,0,1.30120475,2,2001.0,1707.0
1241,62.075,5189.27644411,798.1430436,1,0,1.30135825,2,1997.9375,1705.5
1242,62.125,5189.08573242,796.82276179,1,0,1.30151175,2,1994.875,1701.5
1243,62.175,5188.86246589,795.49852759,1,0,1.30166526,2,1991.6875,1698.5
1244,62.225,5188.59264261,794.15082421,1,0,1.30181876,2,1989.6875,1697.5
1245,62.275,5188.26606325,792.81328323,1,0,1.30197226,2,1988.3125,1695.0
1246,62.325,5187.88108105,791.48353347,1,0,1.30212577,2,1985.25,1693.0
1247,62.375,5187.42588834,790.24953204,1,0,1.30227927,2,1982.5,1690.0
1248,62.425,5186.89772456,789.03119739,1,0,1.30243277,2,1981.375,1689.5
1249,62.475,5186.29357986,787.82606521,1,0,1.30258628,2,1978.9375,1686.5
1250,62.525,5185.62720001,786.60374438,1,0,1.30273978,2,1975.8125,1685.5
1251,62.575,5184.89387669,785.38600453,1,0,1.30299265,2,1973.0625,1682.5
1252,62.625,5184.08733298,784.19614403,1,0,1.30340574,2,1970.5,1680.0
1253,62.675,5183.2158276,783.0093012,1,0,1.30382646,2,1968.0,1678.5
1254,62.725,5182.27580383,781.82512172,2,1,1.30423166,2,1965.4375,1676.0
1255,62.775,5181.30902424,785.45465975,3,2,1.33310971,3,1961.4375,1670.0
1256,62.825,5180.38529536,792.68033939,5,3,1.36167399,3,1957.75,1669.5
1257,62.875,5179.48975123,797.60441805,2,1,1.34799494,5,1953.5,1661.0
1258,62.925,5178.56451669,796.59985357,2,0,1.30469766,2,1952.5,1660.0
1259,62.975,5177.58322753,795.63375974,2,0,1.30477901,2,1949.4375,1658.0
1260,63.025,5176.54344812,794.71278058,2,0,1.30486036,2,1946.3125,1655.5
1261,63.075,5175.43624312,793.83242357,2,0,1.30494171,2,1944.625,1655.0
1262,63.125,5174.2787538,792.97796028,2,0,1.30502306,2,1941.4375,1652.0
1263,63.175,5173.12873358,796.61284464,3,1,1.35656662,3,1937.9375,1649.5
1264,63.225,5171.94799058,795.9187867,3,0,1.30518576,2,1934.875,1647.5
1265,63.275,5170.72686737,795.27775909,3,0,1.30526711,2,1932.25,1644.5
1266,63.325,5169.47602271,794.99095085,3,0,1.30534846,2,1931.3125,1644.0
1267,63.375,5168.19805796,794.37437963,2,0,1.30542981,2,1928.5,1640.5
1268,63.425,5166.8856139,793.34824717,2,0,1.30551116,2,1925.8125,1638.5
1269,63.475,5165.54620492,792.56688962,2,0,1.30559251,2,1923.9375,1643.0
1270,63.525,5164.21025929,791.46811954,1,0,1.30567386,2,1920.8125,1639.0
1271,63.575,5162.84588636,790.31713941,1,0,1.30575521,2,1918.9375,1637.0
1272,63.625,5161.4525384,789.18958496,1,0,1.30583656,2,1916.8125,1633.5
1273,63.675,5160.02793316,788.07454238,1,0,1.30591791,2,1915.125,1632.0
1274,63.725,5158.57169979,786.95573292,1,0,1.30599926,2,1913.5625,1636.0
1275,63.775,5157.08521445,785.85285933,1,0,1.30608061,2,1910.0,1633.5
1276,63.825,5155.56592637,784.7559552,1,0,1.30616196,2,1908.3125,1633.5
1277,63.875,5154.01776394,783.66997797,1,0,1.30624331,2,1906.0625,1630.0
1278,63.925,5152.44603594,782.58869316,1,0,1.30633781,2,1903.9375,1629.5
1279,63.975,5150.84696182,781.54856727,1,0,1.30665375,2,1905.0,1645.5
1280,64.025,5149.22969961,780.54849424,1,0,1.30705105,2,1904.75,1670.0
1281,64.075,5147.59655867,779.56821699,1,0,1.30744835,2,1903.0625,1669.5
1282,64.125,5145.94895896,778.59665963,1,0,1.30784566,2,1900.0625,1668.0
1283,64.175,5144.29708348,777.6300155,1,0,1.30824296,2,1901.5,1698.5
1284,64.225,5142.63091619,776.66714838,1,0,1.30864026,2,1904.5625,1715.5
1285,64.275,5140.92777004,775.70943822,1,0,1.30903757,2,1910.0625,1747.0
1286,64.325,5139.18816215,774.74693866,1,0,1.30943874,2,1907.625,1747.5
1287,64.375,5137.41463213,773.77295128,1,0,1.30985793,2,1911.375,1747.0
1288,64.425,5135.59497858,772.81055851,1,0,1.31027153,2,1909.8125,1746.0
1289,64.475,5133.72721229,771.82512583,1,0,1.31068513,2,1914.0,1758.5
1290,64.525,5131.80631486,770.83962662,1,0,1.31109873,2,1918.5625,1766.0
1291,64.575,5129.82758498,769.85892664,1,0,1.31151234,2,1915.375,1764.5
1292,64.625,5127.79828052,768.87605143,1,0,1.31192594,2,1919.625,1766.5
1293,64.675,5125.64589141,767.89311512,1,0,1.31233954,2,1919.0,1768.0
1294,64.725,5123.31316368,766.91343242,1,0,1.31275314,2,1930.5625,1787.0
1295,64.775,5120.79693239,765.93897617,1,0,1.31316675,2,1927.5,1782.5
1296,64.825,5118.13609603,764.96253915,1,0,1.31358035,2,1927.8125,1779.0
1297,64.875,5115.40719747,763.98907249,1,0,1.31399395,2,1930.5625,1779.0
1298,64.925,5112.60695837,763.01558429,1,0,1.31440755,2,1944.875,1792.0
1299,64.975,5109.73493431,762.05346062,1,0,1.31482116,2,1944.9375,1801.5
1300,65.025,5106.79126326,761.09018574,1,0,1.31523476,2,1942.9375,1800.0
1301,65.075,5103.77103233,760.12489446,1,0,1.31564186,2,1948.4375,1800.5
1302,65.125,5100.60586866,759.16267857,1,0,1.31599056,2,1955.5625,1802.0
1303,65.175,5097.27930917,758.21830552,1,0,1.31630479,2,1962.625,1806.0
1304,65.225,5093.84271073,757.27807854,1,0,1.31661886,2,1960.0,1805.0
1305,65.275,5090.28425598,756.33208227,1,0,1.31693292,2,1964.0,1807.0
1306,65.325,5086.61912971,755.39092141,1,0,1.31724698,2,1967.875,1803.5
1307,65.375,5082.85277902,754.45820343,1,0,1.31756104,2,1977.4375,1801.5
1308,65.425,5078.98177723,753.52509014,1,0,1.3178751,2,1977.625,1800.0
1309,65.475,5075.00199709,752.59783127,1,0,1.31818916,2,1983.875,1801.0
1310,65.525,5070.90794949,751.67026371,1,0,1.31850323,2,1992.75,1800.0
1311,65.575,5066.71176539,750.73682745,1,0,1.31881729,2,1995.3125,1797.0
1312,65.625,5062.41402525,749.80129419,1,0,1.31913135,2,2002.125,1797.5
1313,65.675,5058.03173407,748.88185442,1,0,1.31944541,2,2003.1875,1799.0
1314,65.725,5053.60237306,747.95133547,1,0,1.31975947,2,2014.125,1795.5
1315,65.775,5049.13047627,747.02313994,1,0,1.32007353,2,2011.875,1794.0
1316,65.825,5044.61247164,746.09445059,1,0,1.32038759,2,2021.3125,1794.0
1317,65.875,5040.05213933,745.2075,1,0,1.32070166,2,2030.25,1793.0
1318,65.925,5035.45098632,744.33592495,1,0,1.32101572,2,2030.6875,1792.0
1319,65.975,5030.80576021,743.44566905,1,0,1.32132978,2,2039.625,1791.5
1320,66.025,5026.11154374,742.56957513,1,0,1.32163227,2,2045.375,1793.5
1321,66.075,5021.34729727,741.71139668,1,0,1.3218153,2,2051.25,1792.5
1322,66.125,5016.5092992,740.85100326,1,0,1.32189953,2,2052.5,1790.0
1323,66.175,5011.59561664,740.00864136,1,0,1.32195815,2,2062.3125,1793.0
1324,66.225,5006.59645996,739.18946708,1,0,1.32198989,2,2068.875,1790.5
1325,66.275,5001.51350894,738.36250562,1,0,1.32201397,2,2072.1875,1791.0
1326,66.325,4996.35410643,737.56161511,1,0,1.32203197,2,2074.3125,1790.5
1327,66.375,4991.11617748,736.77550557,1,0,1.32204945,2,2087.1875,1792.5
1328,66.425,4985.79183017,736.01278956,1,0,1.32206692,2,2087.3125,1790.5
1329,66.475,4980.38586454,735.25138898,1,0,1.32208439,2,2095.375,1792.0
1330,66.525,4974.90108607,734.48969598,1,0,1.32210187,2,2102.3125,1789.5
1331,66.575,4969.30021109,733.69268824,1,0,1.32211934,2,2107.5,1788.5
1332,66.625,4963.55926243,732.90760024,1,0,1.32213682,2,2115.25,1788.5
1333,66.675,4957.66666041,732.12953348,1,0,1.32215429,2,2122.25,1785.5
1334,66.725,4951.61675281,731.36328674,1,0,1.32217176,2,2127.25,1782.5
1335,66.775,4945.39625879,730.58881058,1,0,1.32215848,2,2134.3125,1784.5
1336,66.825,4938.94064679,729.7970008,1,0,1.32206693,2,2143.875,1783.5
1337,66.875,4932.23589934,729.00171766,1,0,1.32201348,2,2150.125,1781.5
1338,66.925,4925.3192754,728.20187288,1,0,1.32196027,2,2152.9375,1782.0
1339,66.975,4918.21148217,727.40454312,1,0,1.32187195,2,2169.25,1782.5
1340,67.025,4910.89797231,726.60538769,1,0,1.32172445,2,2173.75,1782.5
1341,67.075,4903.38184246,725.80876343,1,0,1.32150792,2,2173.0,1784.5
1342,67.125,4895.67540817,725.01585181,1,0,1.32129333,2,2188.9375,1781.5
1343,67.175,4887.73559674,724.24627266,1,0,1.3210825,2,2195.5,1784.5
1344,67.225,4879.35759272,723.5107314,1,0,1.32087198,2,2207.1875,1783.5
1345,67.275,4870.55098443,722.76966529,1,0,1.32066146,2,2214.4375,1782.0
1346,67.325,4861.37422683,722.02885236,1,0,1.32045094,2,2225.1875,1783.5
1347,67.375,4851.83342244,721.28603646,1,0,1.32024042,2,2233.375,1780.0
1348,67.425,4841.92188156,720.53198515,1,0,1.3200299,2,2239.0625,1782.0
1349,67.475,4831.64528141,719.77338829,1,0,1.31981938,2,2254.0625,1780.0
1350,67.525,4821.01191644,719.02510126,1,0,1.31960886,2,2262.8125,1781.5
1351,67.575,4810.11110315,718.32966867,1,0,1.31939834,2,2276.5625,1780.5
1352,67.625,4798.9751972,717.65266556,1,0,1.31918782,2,2285.375,1779.5
1353,67.675,4787.54385095,717.01923575,1,0,1.3189773,2,2294.875,1778.5
1354,67.725,4775.82624259,716.38834436,1,0,1.31876678,2,2308.25,1780.5
1355,67.775,4763.84288572,715.80834191,1,0,1.31855626,2,2326.4375,1780.5
1356,67.825,4751.58985427,715.21838632,1,0,1.31834575,2,2332.25,1782.0
1357,67.875,4739.02918583,714.62921104,1,0,1.31813523,2,2348.5625,1781.5
1358,67.925,4726.16353341,714.0367431,1,0,1.31792471,2,2355.5625,1783.0
1359,67.975,4712.98830486,713.44401524,1,0,1.31771419,2,2377.0625,1784.0
1360,68.025,4699.48482537,712.82660963,1,0,1.31750367,2,2383.3125,1782.5
1361,68.075,4685.52521494,712.12040734,1,0,1.31729308,2,2400.5625,1785.0
1362,68.125,4670.67992263,711.40765034,1,0,1.31700604,2,2410.0625,1787.5
1363,68.175,4655.15811434,710.67650486,1,0,1.31663833,2,2425.625,1789.5
1364,68.225,4639.07084591,709.93155125,1,0,1.31627158,2,2444.5,1788.5
1365,68.275,4622.39215361,709.18788535,1,0,1.31590517,3,2457.9375,1790.5
1366,68.325,4605.12359099,708.44311178,1,0,1.31557526,3,2469.25,1791.5
1367,68.375,4587.0329051,707.63330552,1,0,1.31524633,3,2495.25,1793.0
1368,68.425,4567.42399297,706.76342184,1,0,1.31491739,3,2508.75,1797.0
1369,68.475,4545.89574621,705.89377628,1,0,1.31447829,3,2526.5625,1793.5
1370,68.525,4521.36582809,704.94677856,1,0,1.31344695,3,2550.625,1793.5
1371,68.575,4494.13128554,703.92491413,1,0,1.31233591,3,2572.875,1792.0
1372,68.625,4464.47952612,702.88481913,1,0,1.31126402,3,2605.875,1796.0
1373,68.675,4431.44176609,702.32870265,1,0,1.31019213,3,2638.625,1800.5
1374,68.725,4394.33106436,702.21319995,1,0,1.30912024,3,2674.3125,1802.5
1375,68.775,4353.03956033,701.96812943,1,0,1.30804834,3,2709.1875,1808.5
1376,68.825,4306.25066784,701.14139095,1,0,1.3072529,3,2759.1875,1816.0
1377,68.875,4239.9853988,698.77728755,1,0,1.29732344,2,2818.6875,1839.5
1378,68.925,4146.68473323,690.41134274,1,0,1.29770581,2,2906.875,1856.0
1379,68.975,4070.18027228,539.05741501,1,0,1.29808818,2,3004.875,1694.0
1380,69.025,4074.80284499,538.40861412,1,0,1.29847055,2,3001.75,1693.5
1381,69.075,4079.40877786,537.76359302,1,0,1.29885292,2,2999.5,1691.0
1382,69.125,4083.99594735,537.11875164,1,0,1.29923529,2,2996.3125,1689.5
1383,69.175,4088.56605902,536.47401292,1,0,1.29961766,2,2994.1875,1689.5
1384,69.225,4093.12021018,535.82942265,1,0,1.30000003,2,2991.375,1687.5
1385,69.275,4097.65349274,535.19840503,1,0,1.30038239,2,2988.6875,1687.0
1386,69.325,4102.17169011,534.58191133,1,0,1.30076476,2,2985.625,1685.5
1387,69.375,4106.6677595,533.99242625,1,0,1.30114713,2,2983.5,1684.0
1388,69.425,4111.14656418,533.4107414,1,0,1.3015295,2,2980.625,1681.5
1389,69.475,4115.60780403,532.83316219,1,0,1.30191187,2,2977.625,1678.0
1390,69.525,4120.04676705,532.26305168,1,0,1.3022943,2,2975.25,1677.0
1391,69.575,4124.46376758,531.69635807,1,0,1.30267765,2,2972.375,1676.0
1392,69.625,4128.86180544,531.15017305,1,0,1.30306218,2,2970.125,1675.0
1393,69.675,4133.24041348,530.6155116,1,0,1.30344788,2,2966.875,1675.0
1394,69.725,4137.59884936,530.08118503,1,0,1.30383477,2,2964.375,1674.0
1395,69.775,4141.93976026,529.55951711,1,0,1.30422284,2,2960.9375,1673.0
1396,69.825,4146.26550347,529.03924198,1,0,1.30424196,2,2957.75,1672.5
1397,69.875,4150.5859927,528.58113403,1,0,1.30377018,2,2955.0625,1670.5
1398,69.925,4154.90081797,528.12936768,1,0,1.30302843,2,2952.875,1670.5
1399,69.975,4159.19724014,527.68317441,1,0,1.30089995,2,2950.375,1668.5
1400,70.025,4163.4776381,527.26592143,1,0,1.2979289,2,2947.25,1666.0
1401,70.075,4167.73452121,526.89695143,1,0,1.29493653,2,2944.375,1664.5
1402,70.125,4171.95547797,526.52650657,1,0,1.29194416,2,2941.6875,1662.5
1403,70.175,4176.14348555,526.2316987,1,0,1.28808995,2,2939.4375,1662.0
1404,70.225,4180.29674962,525.98801606,1,0,1.28267246,2,2936.75,1661.5
1405,70.275,4184.40751909,525.81562605,1,0,1.27722855,2,2934.0,1659.0
1406,70.325,4188.48020401,525.73492654,1,0,1.27149218,2,2931.6875,1658.5
1407,70.375,4192.51740251,525.884156,1,0,1.26480888,2,2929.25,1656.5
1408,70.425,4196.51698519,526.44670521,1,0,1.25704722,2,2926.6875,1654.5
1409,70.475,4200.47619986,527.16628283,1,0,1.24870733,2,2923.75,1652.5
1410,70.525,4204.39522075,527.93816858,1,0,1.24036743,2,2922.1875,1651.0
1411,70.575,4208.34406465,528.17969776,1,0,1.23171926,2,2919.8125,1651.0
1412,70.625,4212.2533251,528.4174999,1,0,1.22168595,2,2917.6875,1650.0
1413,70.675,4216.10546073,528.30848091,1,0,1.20895983,2,2914.9375,1647.0
1414,70.725,4219.91619103,528.13747049,1,0,1.19593138,2,2912.9375,1647.0
1415,70.775,4223.69095868,527.87961362,1,0,1.18283102,2,2911.25,1651.5
1416,70.825,4227.44084079,527.61036825,1,0,1.16735993,2,2909.0625,1649.5
1417,70.875,4231.17151156,527.25677227,1,0,1.14988652,2,2906.8125,1648.5
1418,70.925,4234.88761146,526.90304546,1,0,1.13241311,2,2905.0625,1647.5
1419,70.975,4238.58975303,526.52212982,1,0,1.11493971,2,2903.3125,1645.5
1420,71.025,4242.27495508,526.10008219,1,0,1.09666064,2,2901.25,1644.5
1421,71.075,4245.90283443,525.66923083,1,0,1.07474293,2,2899.25,1643.5
1422,71.125,4249.4750588,525.2338715,1,0,1.05237025,2,2897.3125,1641.5
1423,71.175,4252.99421325,524.76411835,1,0,1.02966061,2,2895.8125,1640.5
1424,71.225,4256.46663655,524.29825247,1,0,1.00212436,2,2894.6875,1641.0
1425,71.275,4259.89400186,523.83195691,1,0,0.96992249,2,2893.1875,1640.0
1426,71.325,4263.27763363,523.35880042,1,0,0.93759743,2,2891.625,1638.5
1427,71.375,4266.6166938,522.88837068,1,0,0.90436986,2,2890.0,1638.0
1428,71.425,4269.90550527,522.39672058,1,0,0.86594157,2,2888.375,1637.0
1429,71.475,4273.13912522,521.91180436,1,0,0.82418219,2,2886.9375,1636.5
1430,71.525,4276.31805681,521.44070571,1,0,0.778246,2,2885.5625,1635.5
1431,71.575,4279.42735941,520.97474609,1,0,0.72485943,2,2884.25,1634.5
1432,71.625,4282.46905387,520.51170433,1,0,0.67011828,2,2884.0625,1635.0
1433,71.675,4285.43324291,520.0634129,1,0,0.60405896,2,2882.3125,1634.0
1434,71.725,4288.31051942,519.62163828,1,0,0.52829675,2,2881.25,1634.0
1435,71.775,4291.08078827,519.20783845,1,0,0.4290566,2,2880.8125,1634.0
1436,71.825,4293.69270595,518.83113188,1,0,0.28849978,2,2879.625,1634.0
1437,71.875,4296.07306938,518.52385559,1,0,0.06002839,2,2879.3125,1634.0
1438,71.925,4298.43946367,518.22390145,1,0,0.04512128,2,2879.5625,1634.5
1439,71.975,4300.8103007,517.91466588,1,0,0.04683899,2,2877.8125,1632.5
1440,72.025,4303.17980841,517.59922527,1,0,0.04852533,2,2877.9375,1632.5
1441,72.075,4305.5524059,517.27686697,1,0,0.05056598,2,2877.5,1633.5
1442,72.125,4307.92349342,516.95939654,1,0,0.05342213,2,2877.0,1633.0
1443,72.175,4310.28030863,516.65122917,1,0,0.05630237,2,2876.375,1632.0
1444,72.225,4312.63646054,516.34350247,1,0,0.05918261,2,2875.5,1631.0
1445,72.275,4314.99216958,516.0349486,1,0,0.06206285,2,2875.125,1630.0
1446,72.325,4317.34640361,515.7344018,1,0,0.06494308,2,2874.6875,1630.5
1447,72.375,4319.69761384,515.4367867,1,0,0.06782332,2,2874.0,1630.0
1448,72.425,4322.04340676,515.13021293,1,0,0.07070356,2,2873.5,1628.5
1449,72.475,4324.39905648,514.81495707,1,0,0.09062092,3,2873.0625,1628.0
1450,72.525,4326.77620843,514.50086938,1,0,0.11140725,3,2872.375,1629.0
1451,72.575,4329.17608154,514.19173165,1,0,0.12089686,3,2871.75,1629.0
1452,72.625,4331.59138617,513.8829352,1,0,0.15156567,5,2869.8125,1626.0
1453,72.675,4334.0189499,513.56882161,1,0,0.16968032,4,2869.5625,1625.0
1454,72.725,4336.460992,513.2354707,1,0,0.18593407,4,2869.125,1625.0
1455,72.775,4338.91142675,512.90106954,1,0,0.20215949,4,2867.1875,1625.0
1456,72.825,4341.36354173,512.56103343,1,0,0.219443,2,2866.0625,1624.5
1457,72.875,4343.80869273,512.20140277,1,0,0.23107473,2,2864.3125,1624.0
1458,72.925,4346.25492342,511.83662663,1,0,0.23809135,2,2863.8125,1623.0
1459,72.975,4348.70119354,511.47215396,1,0,0.24510766,2,2863.0625,1621.5
1460,73.025,4351.14630321,511.10768226,1,0,0.25212396,2,2860.9375,1620.5
1461,73.075,4353.59110697,510.74002215,1,0,0.25914027,2,2860.0625,1620.5
1462,73.125,4356.03369355,510.3377357,1,0,0.27483582,2,2858.4375,1620.0
1463,73.175,4358.46818778,509.92414351,1,0,0.2777497,2,2858.0625,1618.5
1464,73.225,4360.89347789,509.50770969,1,0,0.27995216,2,2857.4375,1617.5
1465,73.275,4363.31976577,509.04056139,1,0,0.29934855,2,2855.0625,1615.0
1466,73.325,4365.76551652,508.58465052,1,0,0.32933733,2,2853.875,1614.5
1467,73.375,4368.23571384,508.1128429,1,0,0.35972775,2,2853.125,1615.5
1468,73.425,4370.72732515,507.6022703,1,0,0.39011818,2,2851.8125,1611.0
1469,73.475,4373.24610306,507.09316322,1,0,0.42050861,2,2849.375,1608.0
1470,73.525,4375.79058272,506.58462214,1,0,0.45089904,2,2847.6875,1607.5
1471,73.575,4378.3481356,506.07576504,1,0,0.4742842,2,2846.75,1605.5
1472,73.625,4380.88980907,505.68878336,1,0,0.46927352,2,2846.75,1606.0
1473,73.675,4383.40774655,505.31041046,1,0,0.46122734,2,2843.875,1604.0
1474,73.725,4385.90490395,504.93106188,1,0,0.45242482,2,2842.5,1599.0
1475,73.775,4388.38786083,504.55087222,1,0,0.43881592,2,2842.25,1596.0
1476,73.825,4390.8563694,504.17074666,1,0,0.42437435,2,2841.5,1599.0
1477,73.875,4393.31261459,503.88502171,1,0,0.40993354,2,2838.875,1592.0
1478,73.925,4395.75961464,503.61658243,1,0,0.39714749,2,2837.4375,1589.0
1479,73.975,4398.20662369,503.34843899,1,0,0.39528692,2,2837.9375,1590.0
1480,74.025,4400.6458372,503.07804285,1,0,0.39543297,2,2836.625,1589.0
1481,74.075,4403.09070853,502.88835273,1,0,0.39558314,2,2833.1875,1576.5
1482,74.125,4405.53841843,502.69545768,1,0,0.39573331,2,2832.75,1574.0
1483,74.175,4407.98906424,502.5926712,1,0,0.39588348,2,2833.0625,1573.5
1484,74.225,4410.43941284,502.57743603,1,0,0.39603365,2,2831.3125,1571.0
1485,74.275,4412.87982755,502.74144493,1,0,0.39618382,2,2829.75,1569.5
1486,74.325,4415.3053689,503.06520229,1,0,0.39633399,2,2828.5,1568.0
1487,74.375,4417.70459129,503.49876695,1,0,0.39648416,2,2828.0,1565.5
1488,74.425,4420.09143024,503.84264243,1,0,0.39663433,2,2825.125,1555.0
1489,74.475,4422.46943612,504.00591519,1,0,0.3967845,2,2824.3125,1554.5
1490,74.525,4424.83889202,504.01439668,1,0,0.39693467,2,2824.3125,1553.5
1491,74.575,4427.20311655,503.91951938,1,0,0.39708484,2,2823.4375,1550.5
1492,74.625,4429.57892008,503.77511769,1,0,0.39723501,2,2820.5,1544.5
1493,74.675,4431.93895597,503.59314683,1,0,0.39738519,2,2819.875,1542.5
1494,74.725,4434.29488867,503.32115181,1,0,0.39753536,2,2819.125,1542.5
1495,74.775,4436.64330242,503.05906621,1,0,0.39768553,2,2818.1875,1540.5
1496,74.825,4438.98227355,502.79310566,1,0,0.3978357,2,2816.6875,1537.5
1497,74.875,4441.31190832,502.47666707,1,0,0.39798587,2,2815.4375,1534.0
1498,74.925,4443.6302301,502.16336493,1,0,0.39813604,2,2814.25,1532.5
1499,74.975,4445.91442556,501.8216996,1,0,0.39828621,2,2814.5625,1529.0
1500,75.025,4448.18701614,501.45193851,1,0,0.39843638,2,2812.75,1527.0
1501,75.075,4450.45130542,501.05466523,1,0,0.39858655,2,2811.25,1522.5
1502,75.125,4452.7079789,500.66531962,1,0,0.39873672,2,2811.375,1522.5
1503,75.175,4454.95550808,500.29388358,1,0,0.39888689,2,2809.1875,1520.0
1504,75.225,4457.17590914,499.90801167,1,0,0.39903706,2,2807.1875,1519.0
1505,75.275,4459.38917852,499.50155861,1,0,0.39918723,2,2806.5,1519.0
1506,75.325,4461.59425538,499.07109792,1,0,0.39933741,2,2806.125,1512.5
1507,75.375,4463.78937381,498.63883746,1,0,0.39948758,2,2803.5625,1509.5
1508,75.425,4465.97876562,498.21225145,1,0,0.39963775,2,2802.0,1507.0
1509,75.475,4468.12620277,497.76605204,1,0,0.39978792,2,2801.9375,1507.5
1510,75.525,4470.26717573,497.31087309,1,0,0.39993809,2,2800.3125,1505.0
1511,75.575,4472.40575504,496.85309069,1,0,0.40008826,2,2797.3125,1500.5
1512,75.625,4474.53357382,496.39723444,1,0,0.40023843,2,2797.5,1501.0
1513,75.675,4476.62111899,495.90976595,1,0,0.4003886,2,2795.9375,1493.0
1514,75.725,4478.70315403,495.42783914,1,0,0.40053877,2,2794.8125,1491.5
1515,75.775,4480.77501198,494.94319422,1,0,0.40068894,2,2792.625,1489.0
1516,75.825,4482.83890629,494.43835643,1,0,0.40083911,2,2792.25,1489.0
1517,75.875,4484.87028774,493.8988928,1,0,0.40098928,2,2790.3125,1483.5
1518,75.925,4486.88512283,493.35772734,1,0,0.40113945,2,2789.125,1482.0
1519,75.975,4488.8852225,492.82137417,1,0,0.40128963,2,2788.4375,1482.0
1520,76.025,4490.87369059,492.28656893,1,0,0.4014398,2,2787.875,1478.0
1521,76.075,4492.86437893,491.75096231,1,0,0.40158997,2,2786.125,1474.5
1522,76.125,4494.8467494,491.20831822,1,0,0.40174014,2,2784.875,1475.0
1523,76.175,4496.83853016,490.65565489,1,0,0.40189031,2,2784.1875,1475.5
1524,76.225,4498.84012532,490.10784899,1,0,0.40204048,2,2783.75,1474.5
1525,76.275,4500.79518394,489.55420857,1,0,0.40219065,2,2781.375,1472.5
1526,76.325,4502.73002151,489.03293868,1,0,0.40234082,2,2780.0625,1473.0
1527,76.375,4504.65981376,488.51450682,1,0,0.40249099,2,2778.4375,1472.5
1528,76.425,4506.59130049,487.99118081,1,0,0.40264116,2,2776.125,1467.5
1529,76.475,4508.50553969,487.46593537,1,0,0.40279133,2,2776.125,1468.0
1530,76.525,4510.45311141,486.95843263,1,0,0.4029415,2,2776.0,1470.5
1531,76.575,4512.39398015,486.46171169,1,0,0.40309167,2,2774.25,1469.5
1532,76.625,4514.26551654,485.95029914,1,0,0.40324184,2,2772.875,1468.0
1533,76.675,4516.13875268,485.43409878,1,0,0.40339202,2,2772.0625,1468.5
1534,76.725,4518.0573903,484.95282068,1,0,0.40354219,2,2770.9375,1468.5
1535,76.775,4519.94888128,484.46786578,1,0,0.40369236,2,2769.3125,1468.5
1536,76.825,4521.82245469,484.00756617,1,0,0.40384253,2,2769.0,1465.5
1537,76.875,4523.6538957,483.56422737,1,0,0.4039927,2,2767.3125,1467.5
1538,76.925,4525.45181831,483.13515295,1,0,0.40414287,2,2764.8125,1461.0
1539,76.975,4527.22823251,482.72989077,1,0,0.40429304,2,2763.25,1460.0
1540,77.025,4528.97533372,482.31975194,1,0,0.40444321,2,2764.1875,1461.5
1541,77.075,4530.71741336,481.91046192,1,0,0.40459338,2,2762.625,1462.5
1542,77.125,4532.46324891,481.50204378,1,0,0.40474355,2,2760.75,1461.5
1543,77.175,4534.22476943,481.10773322,1,0,0.40489372,2,2760.5625,1461.5
1544,77.225,4535.96840976,480.72574006,1,0,0.40504389,2,2758.8125,1459.5
1545,77.275,4537.63154334,480.34074476,1,0,0.40519406,2,2756.0,1454.5
1546,77.325,4539.2754711,479.96095046,1,0,0.40534424,2,2756.875,1454.5
1547,77.375,4540.90188815,479.58295902,1,0,0.40549441,2,2755.3125,1453.0
1548,77.425,4542.5075507,479.20575686,1,0,0.40564458,2,2752.625,1453.0
1549,77.475,4544.61563637,484.2300016,3,2,0.90381932,3,2750.25,1456.5
1550,77.525,4617.03183381,481.8088237,1,0,68.896799,4,2679.625,1441.5
1551,77.575,4651.79957198,478.3565204,1,0,31.35076965,4,2642.9375,1433.0
1552,77.625,4664.80725443,478.24777079,1,0,9.76147623,4,2630.9375,1424.5
1553,77.675,4676.46826543,478.0681406,1,0,8.46338319,4,2622.8125,1423.0
1554,77.725,4687.41090975,477.8406475,1,0,7.77386802,4,2612.6875,1421.0
1555,77.775,4697.94309597,477.58072021,1,0,7.39853832,4,2600.75,1418.5
1556,77.825,4708.2283006,477.22806563,1,0,7.16299021,4,2590.0,1414.0
1557,77.875,4718.31418661,476.81882242,1,0,6.97664645,4,2578.0625,1411.5
1558,77.925,4728.18655531,476.40689178,1,0,6.77371707,4,2572.4375,1411.0
1559,77.975,4737.842213,475.98796147,1,0,6.56685991,4,2562.625,1409.0
1560,78.025,4747.18693403,475.54778432,1,0,6.24905313,4,2552.6875,1406.5
1561,78.075,4756.00327434,475.06216977,1,0,5.72105166,4,2545.6875,1405.0
1562,78.125,4763.832514,474.60014708,1,0,4.72330319,4,2538.5625,1403.0
1563,78.175,4770.77954192,474.31663435,1,0,3.85695612,4,2526.6875,1398.5
1564,78.225,4777.42622302,474.01674609,1,0,3.56956298,4,2524.4375,1396.5
1565,78.275,4783.76917282,473.73486535,1,0,3.32186683,4,2514.625,1394.5
1566,78.325,4789.82433293,473.43036609,1,0,3.07634482,4,2513.375,1394.5
1567,78.375,4795.74268593,473.0891409,1,0,2.94341447,4,2503.8125,1387.5
1568,78.425,4801.63791011,472.74341141,1,0,2.91087478,4,2500.0,1386.0
1569,78.475,4807.5308426,472.40850106,1,0,2.88200116,4,2491.5,1383.5
1570,78.525,4813.39640627,472.08132793,1,0,2.85312753,4,2486.625,1381.0
1571,78.575,4819.25152674,471.75537015,1,0,2.82428154,4,2482.3125,1373.5
1572,78.625,4825.11642199,471.39494097,1,0,2.79924556,4,2478.0625,1372.5
1573,78.675,4830.93902831,471.02104827,1,0,2.77416427,4,2472.375,1370.5
1574,78.725,4836.69860178,470.64673045,1,0,2.73925262,4,2464.875,1370.0
1575,78.775,4842.37693338,470.27275389,1,0,2.7033158,4,2459.625,1368.0
1576,78.825,4847.9699411,469.89641202,1,0,2.66724306,4,2450.75,1367.0
1577,78.875,4853.47034121,469.51781864,1,0,2.61414472,4,2446.8125,1364.5
1578,78.925,4858.87776914,469.12945221,1,0,2.54917517,4,2445.875,1363.5
1579,78.975,4864.25752566,468.74021985,1,0,2.48396087,4,2433.9375,1362.0
1580,79.025,4869.61564449,468.32863682,1,0,2.41858228,4,2432.625,1360.5
1581,79.075,4874.88411793,467.93004041,1,0,2.28521037,4,2430.5,1362.0
1582,79.125,4879.92523311,467.53704759,1,0,2.0745248,4,2419.125,1360.5
1583,79.175,4884.64641277,467.16949572,1,0,1.78397547,4,2418.25,1360.0
1584,79.225,4889.19520827,466.86744108,1,0,1.64241766,4,2412.6875,1359.0
1585,79.275,4893.6415603,466.61454261,1,0,1.54902406,4,2404.5625,1359.0
1586,79.325,4897.96920085,466.35164292,1,0,1.45511138,4,2403.1875,1357.0
1587,79.375,4902.17336793,466.08306339,1,0,1.3612794,4,2401.6875,1356.5
1588,79.425,4906.27223639,465.80762699,1,0,1.2854877,4,2392.25,1351.5
1589,79.475,4910.28413226,465.52677992,1,0,1.22813928,4,2388.1875,1348.5
1590,79.525,4914.27857723,465.26774693,1,0,1.20147119,4,2387.375,1344.5
1591,79.575,4918.27726172,465.02284784,1,0,1.17932832,4,2378.5625,1344.5
1592,79.625,4922.270819,464.74623151,1,0,1.15714957,4,2374.5625,1343.0
1593,79.675,4926.25766744,464.47833992,1,0,1.13476289,4,2372.9375,1340.5
1594,79.725,4930.20648037,464.23135471,1,0,1.11937568,4,2370.8125,1339.5
1595,79.775,4934.12721892,464.01008861,1,0,1.10710674,4,2364.1875,1336.5
1596,79.825,4938.01477441,463.78775198,1,0,1.09634039,4,2357.25,1333.5
1597,79.875,4941.86839637,463.5442317,1,0,1.08978697,4,2358.6875,1339.0
1598,79.925,4945.6852871,463.30246643,1,0,1.08348312,4,2355.375,1338.5
1599,79.975,4949.47782824,463.05736762,1,0,1.07717929,4,2349.8125,1335.0
1600,80.025,4953.24773473,462.81214503,1,0,1.06784073,4,2343.75,1332.5
1601,80.075,4957.00394719,462.57289943,1,0,1.0551441,4,2343.0,1332.5
1602,80.125,4960.73073726,462.31994981,1,0,1.04243211,4,2337.875,1332.0
1603,80.175,4964.42063648,462.07125298,1,0,1.02776865,4,2330.1875,1328.0
1604,80.225,4968.05964825,461.82318384,1,0,1.00078734,4,2327.1875,1326.5
1605,80.275,4971.64153984,461.57485136,1,0,0.97094717,4,2327.75,1327.0
1606,80.325,4975.18073361,461.31486851,1,0,0.93993544,4,2318.875,1323.5
1607,80.375,4978.66374926,461.0648125,1,0,0.89631433,4,2313.0,1321.0
1608,80.425,4982.06593621,460.81475649,1,0,0.84928223,4,2312.4375,1321.0
1609,80.475,4985.39140231,460.5561366,1,0,0.80225013,4,2310.9375,1317.5
1610,80.525,4988.64446416,460.26810939,1,0,0.75521803,4,2307.0625,1309.0
1611,80.575,4991.82590367,459.9872521,1,0,0.69473139,4,2298.0,1281.5
1612,80.625,4994.87293104,459.71138771,1,0,0.58113271,4,2298.9375,1287.5
1613,80.675,4997.80874095,459.55218103,1,0,0.47722292,4,2297.625,1282.0
1614,80.725,5000.64654798,459.40217866,1,0,0.43737697,4,2296.3125,1280.5
1615,80.775,5003.3819365,459.24696059,1,0,0.3982353,4,2289.5,1227.0
1616,80.825,5006.01608097,459.09174252,1,0,0.35909362,4,2288.125,1226.0
1617,80.875,5008.55448988,458.93342123,1,0,0.32513558,3,2286.3125,1222.0
1618,80.925,5011.01431012,458.77764957,1,0,0.30734671,3,2286.0625,1222.0
1619,80.975,5013.32706256,458.62485103,1,0,0.28972027,2,2285.0,1221.0
1620,81.025,5015.51593289,458.60965336,1,0,0.28251321,2,2283.5625,1217.5
1621,81.075,5017.64229054,458.6642794,1,0,0.27530615,2,2282.6875,1216.0
1622,81.125,5019.71567485,458.7848241,1,0,0.26801136,2,2282.0,1214.0
1623,81.175,5021.76246118,459.0146388,1,0,0.25874295,2,2280.6875,1210.0
1624,81.225,5023.77104473,459.24991547,1,0,0.24433164,2,2280.0625,1210.0
1625,81.275,5025.73456894,459.49977478,1,0,0.22826714,2,2279.5625,1208.0
1626,81.325,5027.6535604,459.77456761,1,0,0.2120554,2,2278.1875,1201.5
1627,81.375,5029.02145886,460.10445258,1,0,0.19224336,2,2279.625,1204.0
1628,81.425,5029.66704508,461.07759045,1,0,0.17146174,2,2279.3125,1203.5
1629,81.475,5030.72304241,462.05702434,1,0,0.14826177,2,2278.75,1199.0
1630,81.525,5032.1724727,463.08627435,1,0,0.11826559,2,2278.3125,1193.5
1631,81.575,5033.63602964,464.43589467,1,0,0.07028656,2,2277.5625,1187.0
1632,81.625,5034.76675803,465.80322222,1,0,0.0,0,2277.5625,1187.0
1633,81.675,5035.77913518,466.88228765,1,0,0.0,0,2277.5625,1187.0
1634,81.725,5036.77518527,467.8537451,1,0,0.0,0,2277.5625,1187.0
1635,81.775,5037.74651375,468.87596798,1,0,0.0,0,2277.5625,1187.0
1636,81.825,5038.69016062,469.79849565,1,0,0.0,0,2277.5625,1187.0
1637,81.875,5039.61938976,470.65053399,1,0,0.0,0,2277.5625,1187.0
1638,81.925,5040.53132231,471.5048167,1,0,0.0,0,2277.5625,1187.0
1639,81.975,5041.42734897,472.35747138,1,0,0.0,0,2277.5625,1187.0
1640,82.025,5042.31091094,473.19510671,1,0,0.0,0,2277.5625,1187.0
1641,82.075,5043.17943578,474.03222518,1,0,0.0,0,2277.5625,1187.0
1642,82.125,5044.03159086,474.87234529,1,0,0.0,0,2277.625,1187.5
1643,82.175,5044.84752838,475.71249759,1,0,0.0,0,2280.1875,1194.0
1644,82.225,5045.62770078,476.58040163,1,0,0.0,0,2280.1875,1194.0
1645,82.275,5046.38845058,477.44906381,1,0,0.0,0,2280.25,1194.5
1646,82.325,5047.12205097,478.31785353,1,0,0.0,0,2280.25,1194.5
1647,82.375,5047.82827476,479.13702042,1,0,0.0,0,2280.25,1194.5
1648,82.425,5048.51148184,479.90826608,1,0,0.0,0,2280.25,1194.5
1649,82.475,5049.17097314,480.67504843,1,0,0.0,0,2280.25,1194.5
1650,82.525,5049.80006892,481.45975401,1,0,0.0,0,2280.25,1194.5
1651,82.575,5050.36699169,482.15602853,1,0,0.0,0,2280.25,1194.5
1652,82.625,5050.88533916,482.74081842,1,0,0.0,0,2280.25,1194.5
1653,82.675,5051.35236182,483.32426844,1,0,0.0,0,2280.25,1194.5
1654,82.725,5051.7748744,483.77666653,1,0,0.0,0,2280.25,1194.5
1655,82.775,5052.15544731,484.21786249,1,0,0.0,0,2280.25,1194.5
1656,82.825,5052.50185215,484.65724796,1,0,0.0,0,2280.25,1194.5
1657,82.875,5052.8246483,485.00168397,1,0,0.0,0,2280.25,1194.5
1658,82.925,5053.11344122,485.30587029,1,0,0.0,0,2282.8125,1201.5
1659,82.975,5053.37332995,485.60219252,1,0,0.0,0,2282.8125,1201.5
1660,83.025,5053.60870834,485.87757373,1,0,0.0,0,2282.8125,1201.5
1661,83.075,5053.82124611,486.15350491,1,0,0.0,0,2282.8125,1201.5
1662,83.125,5054.01122849,486.30186708,2,0,0.0,0,2282.9375,1201.5
1663,83.175,5054.18460133,486.13629611,2,0,0.02047008,2,2282.8125,1201.5
1664,83.225,5054.34087858,485.94905492,2,0,0.02636059,2,2282.4375,1201.5
1665,83.275,5054.49806705,485.75585906,2,0,0.03225111,2,2282.1875,1202.5
1666,83.325,5054.6626693,485.56342376,2,0,0.03814163,2,2282.4375,1202.5
1667,83.375,5054.83227687,485.37768679,2,0,0.04307778,2,2282.3125,1202.0
1668,83.425,5055.00168954,485.19495512,2,0,0.04503449,2,2281.3125,1199.5
1669,83.475,5055.17296271,485.01653784,2,0,0.04694496,2,2281.375,1199.5
1670,83.525,5055.32037172,484.81818636,2,0,0.04885544,2,2281.1875,1199.5
1671,83.575,5055.46815052,484.61457273,2,0,0.05076592,2,2280.8125,1197.5
1672,83.625,5055.61949893,484.41086228,2,0,0.0526764,2,2280.625,1197.5
1673,83.675,5055.7769071,484.20802969,2,0,0.05458687,2,2283.1875,1204.5
1674,83.725,5055.94282083,484.00595488,2,0,0.05649735,2,2283.25,1204.5
1675,83.775,5056.08711997,483.78041025,2,0,0.05840783,2,2283.125,1203.5
1676,83.825,5056.22718186,483.54472045,2,0,0.06031831,2,2282.625,1203.0
1677,83.875,5056.36373087,483.30752228,2,0,0.06222878,2,2282.5,1202.5
1678,83.925,5056.49056711,483.07712217,2,0,0.06334382,2,2282.125,1201.0
1679,83.975,5056.6053494,482.84032722,2,0,0.06337741,2,2282.0,1200.5
1680,84.025,5056.67054359,482.57193709,2,0,0.063411,2,2281.0625,1193.0
1681,84.075,5056.72916793,482.30654128,2,0,0.0634446,2,2281.0,1192.0
1682,84.125,5056.78059326,482.04032519,2,0,0.06347819,2,2281.0,1192.0
1683,84.175,5056.81299514,481.76215577,2,0,0.06351178,2,2281.0,1192.0
1684,84.225,5056.80911584,481.45104813,2,0,0.06354537,2,2280.75,1191.0
1685,84.275,5056.80400525,481.13592761,2,0,0.06357897,2,2280.75,1191.0
1686,84.325,5056.79126718,480.82142446,2,0,0.06361256,2,2280.25,1191.0
1687,84.375,5056.70081737,480.46333359,2,0,0.06364615,2,2280.0,1190.0
1688,84.425,5056.57988185,480.09304214,2,0,0.06498707,2,2279.6875,1188.5
1689,84.475,5056.45933838,479.718452,2,0,0.07907519,2,2281.625,1193.5
1690,84.525,5056.32875424,479.31273137,2,0,0.08736831,2,2281.0,1192.5
1691,84.575,5056.1657309,478.90489011,2,0,0.09456639,2,2281.25,1192.5
1692,84.625,5055.95881113,478.48425083,2,0,0.10176472,2,2280.6875,1192.5
1693,84.675,5055.61622115,477.97506023,2,0,0.10896305,2,2280.125,1190.5
1694,84.725,5055.26701305,477.4773537,2,0,0.11616138,2,2280.0,1190.5
1695,84.775,5054.91280456,476.98511859,2,0,0.12335971,2,2279.3125,1188.5
1696,84.825,5054.55097549,476.49602697,2,0,0.13055804,2,2279.3125,1188.5
1697,84.875,5053.97585837,475.82531804,2,0,0.13772009,2,2278.875,1188.5
1698,84.925,5053.33064781,475.11488885,2,0,0.14062455,2,2278.625,1187.5
1699,84.975,5052.67616681,474.40117296,2,0,0.14151774,2,2278.375,1187.5
1700,85.025,5052.01335083,473.68734018,2,0,0.14241092,2,2277.5,1185.5
1701,85.075,5051.34459611,472.97090823,2,0,0.14330411,2,2277.5,1185.5
1702,85.125,5050.67409945,472.25250297,2,0,0.14419729,2,2277.25,1185.0
1703,85.175,5050.00516252,471.53425967,2,0,0.14509048,2,2276.8125,1184.5
1704,85.225,5049.33777805,470.81664074,2,0,0.14598366,2,2278.375,1191.0
1705,85.275,5048.67270175,470.09490246,2,0,0.14687684,2,2278.0625,1190.0
1706,85.325,5048.01333159,469.38425394,2,0,0.14592155,2,2277.875,1190.0
1707,85.375,5045.48679365,524.23087219,3,0,0.14383257,2,2277.875,1190.5
1708,85.425,4939.57612098,695.03247662,4,0,0.14174359,2,2358.375,1426.5
1709,85.475,4853.35637169,696.46454594,5,0,0.1396546,2,2437.0,1459.5
1710,85.525,4797.54918309,692.85136987,5,0,0.13756562,2,2495.25,1463.5
1711,85.575,4756.48624259,688.86471411,5,0,0.1358623,2,2531.0625,1466.5
1712,85.625,4720.29742221,683.73251113,4,0,0.16001604,2,2569.8125,1466.0
1713,85.675,4688.4785666,682.21179268,4,0,0.18717596,2,2591.0625,1468.0
1714,85.725,4661.71538553,680.8376295,4,0,0.19643458,2,2618.5,1467.5
1715,85.775,4636.57998151,679.59242681,4,0,0.20567252,2,2646.0,1469.5
1716,85.825,4612.91447121,678.40681678,4,0,0.21491047,2,2667.3125,1469.0
1717,85.875,4590.50864943,677.28646452,4,0,0.22414841,2,2689.9375,1467.0
1718,85.925,4569.00797904,676.22004986,4,0,0.22823184,2,2710.9375,1466.0
1719,85.975,4548.87795413,675.19220285,4,0,0.22630769,2,2731.1875,1466.0
1720,86.025,4530.01432852,674.1857188,5,1,0.22438353,2,2750.625,1472.0
1721,86.075,4510.74930516,673.05024006,5,1,0.22245938,2,2766.875,1472.0
1722,86.125,4491.55444156,671.69484399,5,1,0.21816258,2,2785.8125,1472.5
1723,86.175,4472.94821911,670.36609925,5,0,0.20882499,2,2802.8125,1473.0
1724,86.225,4455.28181143,669.04339228,5,0,0.19948739,2,2814.125,1475.0
1725,86.275,4439.11136121,667.89442582,5,0,0.20880492,2,2833.5,1477.0
1726,86.325,4423.90068606,667.06917106,5,0,0.26120823,2,2844.6875,1478.0
1727,86.375,4409.36430552,666.27577882,5,0,0.3043101,2,2850.0625,1476.5
1728,86.425,4395.62481337,665.52852997,5,0,0.31240298,2,2862.5625,1481.5
1729,86.475,4382.20559809,664.79396782,5,0,0.27432399,2,2869.25,1479.5
1730,86.525,4369.07525147,664.11185246,5,0,0.07045115,2,2883.5,1479.0
1731,86.575,4356.21139037,663.45975807,5,0,0.0,0,2887.4375,1479.0
1732,86.625,4343.69964983,667.48215083,6,1,0.13872568,1,2893.0625,1486.0
1733,86.675,4331.88063813,667.53380849,6,0,0.24136126,1,2896.375,1487.0
1734,86.725,4321.04157586,667.50306607,6,0,0.25195074,1,2898.0,1489.0
1735,86.775,4310.2105559,667.07297936,6,0,0.25776149,1,2898.75,1491.0
1736,86.825,4299.3202565,666.4693782,6,0,0.2629659,1,2899.75,1491.0
1737,86.875,4288.61870447,665.84929036,6,0,0.27683741,2,2899.0,1491.5
1738,86.925,4278.53708957,665.24087915,6,0,0.31232179,3,2898.8125,1491.5
1739,86.975,4268.75843056,665.04273698,7,1,0.31317058,3,2898.6875,1491.0
1740,87.025,4259.2626449,665.1023036,7,0,0.3140337,3,2897.9375,1490.5
1741,87.075,4250.01649113,665.25701258,7,0,0.31489682,3,2897.25,1490.5
1742,87.125,4241.75277833,665.6349068,7,0,0.36748804,3,2896.5625,1490.0
1743,87.175,4234.02904264,666.04321443,7,0,0.39309337,3,2896.4375,1489.0
1744,87.225,4226.6928101,666.54698884,7,0,0.38410791,2,2895.6875,1488.5
1745,87.275,4219.79112022,667.12736838,7,0,0.38516103,2,2895.0625,1488.5
1746,87.325,4213.32324049,667.71510772,7,0,0.38624016,3,2894.3125,1488.0
1747,87.375,4206.91647398,668.30403494,7,0,0.38760385,3,2893.75,1488.5
1748,87.425,4200.72167098,668.99561731,7,0,0.38900366,3,2892.9375,1488.5
1749,87.475,4194.6890888,669.67570226,7,0,0.39040239,3,2892.8125,1488.5
1750,87.525,4188.89445023,670.43213022,7,0,0.48744925,3,2891.9375,1487.5
1751,87.575,4183.42678576,671.19613547,7,0,0.50369554,4,2891.125,1486.5
1752,87.625,4178.30899382,671.99789104,7,0,0.5048205,4,2890.4375,1486.0
1753,87.675,4173.33728353,672.83738694,7,0,0.50596534,4,2889.625,1485.0
1754,87.725,4168.59977091,673.73790978,7,0,0.57295343,4,2888.25,1484.5
1755,87.775,4164.29275687,674.65146221,7,0,0.61759029,4,2887.3125,1483.5
1756,87.825,4160.24395186,675.58166355,7,0,0.6181901,4,2886.5625,1483.0
1757,87.875,4156.38195118,672.23800451,6,0,0.62916267,6,2885.75,1481.0
1758,87.925,4153.00927672,673.73354292,6,0,0.8032253,7,2883.9375,1478.0
1759,87.975,4149.74568646,675.2313653,6,0,0.82494297,7,2883.0,1477.0
1760,88.025,4146.71118793,676.72858696,6,0,0.83811481,7,2881.25,1474.5
1761,88.075,4144.35178421,679.39451418,7,1,1.12566969,8,2879.375,1473.5
1762,88.125,4142.41010441,686.44971139,7,0,1.36457635,8,2877.8125,1472.5
1763,88.175,4141.48706243,689.65568941,7,0,1.89552457,8,2875.0625,1469.5
1764,88.225,4141.09450088,693.18718898,7,0,2.13940149,8,2872.3125,1464.5
1765,88.275,4141.00221867,696.50391517,7,0,2.16210713,7,2869.5625,1460.0
1766,88.325,4141.46533232,695.76070371,6,0,2.45964871,6,2866.0625,1455.5
1767,88.375,4142.04546686,694.24867798,6,0,2.45018024,6,2863.3125,1450.0
1768,88.425,4142.40810317,692.65534582,7,0,2.13020467,3,2860.625,1446.5
1769,88.475,4142.53289066,691.13717459,7,0,1.83370759,3,2858.0,1443.0
1770,88.525,4142.52025404,689.31336052,7,0,1.43043157,3,2856.375,1435.0
1771,88.575,4141.56338265,687.79764454,7,0,0.39536328,1,2855.5625,1435.0
1772,88.625,4140.68249968,686.29900743,7,0,0.41618974,1,2854.8125,1434.5
1773,88.675,4139.9851996,685.77645287,7,0,0.54076113,1,2854.0,1433.5
1774,88.725,4139.3775947,685.63119083,7,0,0.54571797,1,2853.25,1433.5
1775,88.775,4138.8520059,685.50542492,7,0,0.55062376,1,2852.3125,1433.0
1776,88.825,4138.40133337,685.40864196,7,0,0.55444729,1,2851.4375,1433.0
1777,88.875,4138.19057883,685.43324962,7,0,0.69598736,2,2850.6875,1432.5
1778,88.925,4138.21675865,685.52084053,7,0,0.75505117,2,2849.25,1432.0
1779,88.975,4138.57308918,685.77119742,7,0,0.75776169,2,2848.5,1432.5
1780,89.025,4139.31608033,686.22133614,7,0,0.84963818,2,2846.9375,1431.5
1781,89.075,4140.30281724,686.79175838,7,0,0.9856982,2,2846.1875,1431.0
1782,89.125,4141.36851044,687.35073885,7,0,0.98768054,2,2844.6875,1430.0
1783,89.175,4142.50428938,687.61685991,6,0,0.98966288,2,2843.25,1429.5
1784,89.225,4143.6934752,687.96704507,6,0,0.99164521,2,2841.625,1428.0
1785,89.275,4144.93811441,688.5990437,6,0,0.97996337,1,2840.8125,1428.0
1786,89.325,4146.24509996,689.22869101,6,0,0.97018227,1,2839.3125,1427.5
1787,89.375,4147.66552668,689.88302739,7,1,0.97399789,1,2837.75,1426.5
1788,89.425,4149.34089603,693.8244673,7,1,1.13762747,2,2836.3125,1426.0
1789,89.475,4150.37194456,689.33182136,7,0,1.3197377,2,2835.75,1431.5
1790,89.525,4153.6010147,690.29671597,7,0,1.30565409,2,2833.5,1430.5
1791,89.575,4156.9127175,691.26110326,7,0,1.29526676,2,2831.625,1430.0
1792,89.625,4160.28402629,691.58007286,7,0,1.2787905,2,2830.3125,1429.0
1793,89.675,4163.70409489,692.35618672,7,0,1.24363695,2,2828.3125,1428.5
1794,89.725,4167.13746735,693.1071797,7,0,1.20688391,2,2826.8125,1427.5
1795,89.775,4170.61520838,694.34471087,7,0,1.19129662,2,2824.375,1426.0
1796,89.825,4174.44246862,695.33203941,7,0,1.46010661,2,2822.4375,1425.5
1797,89.875,4179.58120072,703.19003641,7,0,2.6714491,3,2818.875,1418.0
1798,89.925,4183.70644601,704.25177667,7,0,1.54845753,2,2816.25,1417.5
1799,89.975,4187.90427528,705.14518837,7,0,1.419501,2,2814.3125,1411.5
1800,90.025,4191.334754,705.23168475,7,0,0.32351472,2,2813.9375,1410.5
1801,90.075,4194.77511964,705.20893984,7,0,0.28186069,2,2813.0,1409.5
1802,90.125,4198.20547941,705.16633395,7,0,0.25057429,2,2812.0625,1408.5
1803,90.175,4201.64540726,705.11936893,7,0,0.23579786,2,2811.0,1407.5
1804,90.225,4205.08694768,705.0882172,7,0,0.2236633,2,2810.6875,1407.0
1805,90.275,4208.52069083,705.04967165,7,0,0.20542523,2,2810.0625,1406.5
1806,90.325,4211.93992652,704.99927514,7,0,0.17529286,2,2809.0,1405.5
1807,90.375,4215.42513575,704.95811339,7,0,0.1644591,2,2808.8125,1405.0
1808,90.425,4219.06236339,704.92850096,7,0,0.15396556,2,2808.5,1404.5
1809,90.475,4222.89993804,704.92652676,7,0,0.1426968,2,2807.4375,1401.5
1810,90.525,4226.90976442,704.9179686,7,0,0.10781188,2,2807.25,1400.5
1811,90.575,4231.13051424,704.90164854,7,0,0.09367722,2,2807.1875,1400.5
1812,90.625,4235.51054416,704.81093066,7,0,0.08387107,2,2806.6875,1399.5
1813,90.675,4240.01948819,704.72269524,7,0,0.07648298,2,2806.0,1393.5
1814,90.725,4244.63927429,704.63706519,7,0,0.06521726,2,2805.6875,1391.0
1815,90.775,4249.29738899,704.53896521,7,0,0.03327272,1,2805.5625,1390.0
1816,90.825,4254.01042299,704.44442055,7,0,0.02668718,1,2805.5,1389.5
1817,90.875,4258.79819691,704.18098272,7,0,0.0204048,1,2805.3125,1387.5
1818,90.925,4263.86694282,707.19581778,8,1,0.16885334,2,2804.6875,1387.0
1819,90.975,4269.44868555,708.67939746,8,0,0.35928073,1,2803.875,1386.0
1820,91.025,4275.26038349,708.92306693,8,0,0.33352025,1,2803.25,1385.5
1821,91.075,4281.2409415,709.7534323,8,0,0.32181239,1,2803.25,1385.5
1822,91.125,4287.37696101,710.87370144,8,0,0.29321782,1,2802.625,1385.0
1823,91.175,4293.6564657,711.97598137,8,0,0.24318842,1,2802.0,1384.5
1824,91.225,4300.10918348,713.12260944,8,0,0.23416685,1,2802.0,1384.5
1825,91.275,4306.74860768,714.22349842,7,0,0.2291012,1,2801.375,1384.0
1826,91.325,4313.79077965,715.28402101,7,0,0.22403554,1,2800.75,1383.5
1827,91.375,4321.30519416,716.34066254,7,0,0.20289544,1,2800.75,1383.5
1828,91.425,4329.05782525,717.37414019,7,0,0.15450389,1,2800.125,1383.0
1829,91.475,4336.90599475,718.40669014,7,0,0.15021947,1,2800.125,1383.0
1830,91.525,4344.82666097,719.45162248,7,0,0.14846762,1,2799.5,1382.5
1831,91.575,4352.9043854,725.00772064,8,1,0.25797076,2,2798.875,1382.0
1832,91.625,4361.55516741,726.61392654,8,0,0.60183943,2,2797.9375,1381.5
1833,91.675,4370.47170167,728.22741551,8,0,0.59721213,2,2797.0,1380.5
1834,91.725,4379.58128977,729.8159168,8,0,0.55885727,2,2796.375,1380.0
1835,91.775,4388.90749671,732.44636465,9,1,0.59185142,3,2794.1875,1379.5
1836,91.825,4398.76892149,734.83182961,9,0,0.68956674,3,2793.375,1378.0
1837,91.875,4408.90025972,737.19766377,9,0,0.74299795,3,2792.5625,1375.0
1838,91.925,4419.29238896,739.58149825,9,0,0.72803205,3,2791.1875,1373.5
1839,91.975,4429.96687728,741.96176168,9,0,0.71723174,3,2789.9375,1373.5
1840,92.025,4441.23846535,744.67264319,9,0,1.04792714,3,2788.625,1372.0
1841,92.075,4452.74411308,747.49915315,9,0,1.04015579,3,2786.625,1369.0
1842,92.125,4464.52987767,750.19460265,8,0,1.00563206,2,2786.0,1368.5
1843,92.175,4476.93771399,752.59156888,8,0,1.09879999,3,2783.875,1365.0
1844,92.225,4489.91021927,755.01136712,8,0,1.22410652,4,2782.75,1365.0
1845,92.275,4503.14686205,757.52815755,8,0,1.34510157,6,2779.3125,1360.5
1846,92.325,4516.66309693,760.34008586,7,0,1.47669912,6,2775.5,1356.0
1847,92.375,4530.56083778,762.5626716,7,0,1.66213105,9,2769.375,1347.0
1848,92.425,4544.99369622,764.68076402,6,0,1.99857476,10,2758.9375,1345.5
1849,92.475,4560.03156948,766.65129663,6,0,2.37442715,10,2744.75,1340.0
1850,92.525,4575.75411337,768.65940155,6,0,2.84834295,12,2738.0,1335.5
1851,92.575,4591.91388842,770.70881337,6,0,3.1753874,11,2722.9375,1329.5
1852,92.625,4608.47161206,772.803088,6,0,3.52022302,12,2707.375,1318.0
1853,92.675,4625.75359136,774.92344309,6,0,4.19540538,11,2688.25,1312.5
1854,92.725,4643.84110025,777.05117185,6,0,4.9610429,10,2680.125,1309.0
1855,92.775,4662.96363638,779.37074426,6,0,5.98086825,10,2660.6875,1305.0
1856,92.825,4683.44073061,782.24284393,6,0,7.31280565,8,2638.25,1302.5
1857,92.875,4704.6279202,785.20411664,6,0,7.99141752,8,2611.9375,1298.0
1858,92.925,4726.6334525,788.21141706,6,0,8.77792141,8,2592.625,1295.5
1859,92.975,4749.96027267,791.11109919,5,0,10.07006023,8,2571.3125,1292.0
1860,93.025,4773.73193036,793.09498849,5,0,10.48824329,8,2538.25,1291.0
1861,93.075,4797.31864305,794.46933123,5,0,10.29191546,7,2522.5625,1290.5
1862,93.125,4821.79602468,795.81326547,5,0,11.1972479,7,2505.5,1290.0
1863,93.175,4848.62337132,797.29270118,5,0,13.54844802,7,2468.4375,1285.5
1864,93.225,4877.49530532,798.84989033,5,0,15.58567125,7,2444.1875,1284.0
1865,93.275,4908.10193679,800.48181491,5,0,17.31153052,7,2416.4375,1282.5
1866,93.325,4942.9151214,802.31067198,5,0,21.51656662,7,2387.6875,1280.5
1867,93.375,4982.80898231,804.36467613,5,0,26.59418036,7,2334.9375,1277.5
1868,93.425,5028.67537104,808.58231738,6,1,32.56030108,8,2291.375,1275.5
1869,93.475,5089.51435036,820.0591728,5,0,47.42625116,7,2235.9375,1272.5
1870,93.525,5201.27423999,774.87270754,5,0,97.96588391,9,2126.375,1201.5
1871,93.575,5295.14540823,573.52022326,2,0,82.68081614,7,2058.3125,963.0
1872,93.625,5297.11954521,574.29463955,2,0,1.11879793,1,2057.125,963.0
1873,93.675,5299.10553264,574.97483946,2,0,1.12112551,1,2056.0,962.5
1874,93.725,5301.10474562,575.65403539,2,0,1.12345309,1,2054.6875,961.5
1875,93.775,5303.11584355,576.33192385,2,0,1.12578067,1,2052.875,960.0
1876,93.825,5304.86480471,576.71766649,2,0,0.85762215,1,2052.25,959.5
1877,93.875,5306.22962194,576.71287672,2,0,0.46823582,1,2051.6875,958.5
1878,93.925,5307.58834715,576.70912344,2,0,0.46823582,1,2050.4375,957.5
1879,93.975,5308.92551712,576.68800557,2,0,0.46823582,1,2049.8125,957.0
1880,94.025,5310.12363224,576.53912753,2,0,0.33273624,1,2049.8125,957.0
1881,94.075,5311.29303549,576.36889419,2,0,0.30848634,1,2049.1875,956.5
1882,94.125,5312.4192319,576.16866794,2,0,0.27128137,1,2048.6875,956.0
1883,94.175,5313.48291745,575.93915002,2,0,0.22812847,1,2048.6875,956.0
1884,94.225,5314.5192954,575.70598048,2,0,0.22812847,1,2048.0625,955.5
1885,94.275,5315.48808582,575.43648862,2,0,0.18873418,1,2047.4375,955.0
1886,94.325,5316.38450595,575.15599941,2,0,0.16370887,1,2047.5625,955.0
1887,94.375,5317.19734609,574.88283394,2,0,0.16370887,1,2046.9375,954.5
1888,94.425,5317.94067994,574.58275748,2,0,0.15102113,1,2046.9375,954.5
1889,94.475,5318.59914593,574.18235478,2,0,0.11137726,1,2046.9375,954.5
1890,94.525,5319.22259934,573.72792925,2,0,0.11137726,1,2046.875,954.5
1891,94.575,5319.81207082,573.27350373,2,0,0.11137726,1,2047.4375,955.0
1892,94.625,5320.35384584,572.65485502,2,0,0.09817856,1,2046.8125,954.5
1893,94.675,5320.82915753,571.91243562,2,0,0.06833085,1,2046.8125,954.5
1894,94.725,5321.26902522,570.82364079,2,0,0.06833085,1,2046.8125,954.5
1895,94.775,5321.66196481,569.16193002,2,0,0.06833085,1,2046.8125,955.0
1896,94.825,5322.01274004,567.50068847,2,0,0.06833085,1,2046.8125,955.0
1897,94.875,5322.28977571,565.81657769,2,0,0.04130008,1,2046.8125,955.0
1898,94.925,5322.5011564,564.12152552,2,0,0.03253891,1,2046.8125,955.0
1899,94.975,5322.67090559,562.89118057,2,0,0.03253891,1,2046.1875,949.5
1900,95.025,5322.81399815,562.20301115,2,0,0.03253891,1,2046.1875,949.5
1901,95.075,5322.93332498,561.51954245,2,0,0.03253891,1,2046.1875,949.5
1902,95.125,5323.01297862,561.17276693,2,0,0.01679997,1,2046.1875,949.5
1903,95.175,5323.06137444,560.8186298,2,0,0.0,0,2046.1875,949.5
1904,95.225,5323.10588428,560.46579659,2,0,0.0,0,2046.1875,949.5
1905,95.275,5323.14703878,560.18211472,2,0,0.0,0,2046.1875,949.5
1906,95.325,5323.18700696,560.05784691,2,0,0.0,0,2046.1875,949.5
1907,95.375,5323.2156488,559.93205553,2,0,0.0,0,2046.1875,949.5
1908,95.425,5323.2075175,559.80087232,2,0,0.0,0,2046.1875,949.5
1909,95.475,5323.16961743,559.669095,2,0,0.0,0,2046.1875,949.5
1910,95.525,5323.09556667,559.26156524,1,0,0.0,0,2046.1875,949.5
1911,95.575,5322.97124241,558.89732014,1,0,0.0,0,2046.1875,949.5
1912,95.625,5322.80350169,558.53208168,1,0,0.0,0,2046.1875,949.5
1913,95.675,5322.59036244,558.16714346,1,0,0.0,0,2046.1875,949.5
1914,95.725,5322.33407437,557.82710702,1,0,0.0,0,2046.1875,949.5
1915,95.775,5322.03012657,557.47161249,1,0,0.0,0,2046.1875,949.5
1916,95.825,5321.69387523,557.11495988,1,0,0.0,0,2046.3125,950.5
1917,95.875,5321.33519567,556.75603215,1,0,0.0,0,2046.3125,950.5
1918,95.925,5320.95837604,556.41230123,1,0,0.0,0,2046.3125,950.5
1919,95.975,5320.58876734,555.99206222,1,0,0.0,0,2046.3125,950.5
1920,96.025,5320.20217335,555.54869957,1,0,0.0,0,2046.4375,951.0
1921,96.075,5319.79328317,555.10628636,1,0,0.0,0,2046.4375,951.0
1922,96.125,5319.3473795,554.65424788,1,0,0.0,0,2046.4375,951.0
1923,96.175,5318.87895329,554.18798084,1,0,0.01412395,1,2046.4375,951.0
1924,96.225,5318.38842324,553.70886866,1,0,0.0178517,1,2046.625,951.5
1925,96.275,5317.86386774,553.23964469,1,0,0.01466528,1,2046.5625,951.0
1926,96.325,5317.30451066,552.79850003,1,0,0.02491766,2,2046.5,950.5
1927,96.375,5316.70574618,552.39526581,1,0,0.02887298,2,2046.4375,949.5
1928,96.425,5316.0676075,551.9864374,1,0,0.03209905,2,2046.5,950.0
1929,96.475,5315.38364595,551.62279607,1,0,0.03447092,2,2046.4375,948.5
1930,96.525,5314.6622993,551.27483239,1,0,0.03457966,2,2046.4375,948.5
1931,96.575,5313.91437242,550.95223585,1,0,0.02744107,2,2046.3125,947.5
1932,96.625,5313.11609404,550.65156272,1,0,0.02650596,2,2046.25,946.5
1933,96.675,5312.27606589,550.36241274,1,0,0.02557216,2,2046.375,948.0
1934,96.725,5311.40500345,550.07317806,1,0,0.02464137,2,2046.25,946.5
1935,96.775,5310.50138898,549.76268011,1,0,0.01410293,1,2046.25,946.5
1936,96.825,5309.56365762,549.46262081,1,0,0.0136794,1,2046.75,946.5
1937,96.875,5308.59728268,549.15676831,1,0,0.01325587,1,2046.8125,947.0
1938,96.925,5307.60397245,548.85037128,1,0,0.01283234,1,2046.75,946.0
1939,96.975,5306.58757012,548.5501631,1,0,0.0124088,1,2047.3125,946.0
1940,97.025,5305.54566613,548.2581681,1,0,0.01198527,1,2047.3125,946.0
1941,97.075,5304.48884491,547.96596367,1,0,0.01156174,1,2047.3125,946.0
1942,97.125,5303.4142798,547.6725451,1,0,0.01113821,1,2047.25,945.5
1943,97.175,5302.31819981,547.37719538,1,0,0.01071468,1,2047.25,945.5
1944,97.225,5301.20072213,547.08880763,1,0,0.01029115,1,2047.1875,944.5
1945,97.275,5300.06191148,546.79213516,1,0,0.0,0,2047.75,945.0
1946,97.325,5298.89207199,546.47803618,1,0,0.0,0,2047.75,945.0
1947,97.375,5297.70325434,546.178757,1,0,0.0,0,2047.75,945.0
1948,97.425,5296.50591068,545.90810853,1,0,0.0,0,2047.75,945.0
1949,97.475,5295.31056627,545.62262838,1,0,0.0,0,2047.75,945.0
1950,97.525,5294.09734991,545.34464439,1,0,0.0,0,2047.75,945.0
1951,97.575,5292.86279754,545.07191925,1,0,0.0,0,2047.75,945.0
1952,97.625,5291.61136966,544.79359601,1,0,0.0,0,2047.875,947.0
1953,97.675,5290.34519705,544.50320267,1,0,0.0,0,2047.875,947.0
1954,97.725,5289.05817325,544.21519503,1,0,0.0,0,2048.0,947.5
1955,97.775,5287.71466264,543.91238912,1,0,0.0,0,2048.0,947.5
1956,97.825,5286.32721211,543.61123842,1,0,0.0,0,2048.0,947.5
1957,97.875,5284.86541907,543.31054593,1,0,0.0,0,2048.0,947.5
1958,97.925,5283.33020112,543.00945573,1,0,0.0,0,2048.0,947.5
1959,97.975,5281.72375412,542.70430782,1,0,0.0,0,2048.25,949.5
1960,98.025,5280.04625477,542.38990131,1,0,0.0,0,2048.25,949.5
1961,98.075,5278.2919991,542.05186064,1,0,0.0,0,2048.25,949.5
1962,98.125,5276.48053099,541.72130041,1,0,0.0,0,2048.375,949.5
1963,98.175,5274.60421724,541.39706983,1,0,0.0,0,2048.9375,950.0
1964,98.225,5272.65442432,541.06577997,1,0,0.0,0,2049.125,952.0
1965,98.275,5270.63169839,540.73750368,1,0,0.0,0,2049.25,952.0
1966,98.325,5268.5398522,540.43068486,1,0,0.0,0,2049.25,952.0
1967,98.375,5266.4000389,540.15013715,1,0,0.0,0,2049.25,952.0
1968,98.425,5264.24203985,539.88522508,1,0,0.0,0,2049.5,954.5
1969,98.475,5262.04199001,539.60726412,1,0,0.0,0,2050.125,954.5
1970,98.525,5259.79620147,539.31449451,1,0,0.0,0,2050.125,954.5
1971,98.575,5257.50460317,539.02188077,1,0,0.0,0,2051.0625,963.0
1972,98.625,5255.18275957,538.72092174,1,0,0.0,0,2053.5625,984.0
1973,98.675,5252.86440206,538.43607599,1,0,0.02809847,1,2054.1875,989.5
1974,98.725,5250.5360592,538.1637101,1,0,0.03594346,1,2054.1875,989.5
1975,98.775,5248.19445419,537.89724072,1,0,0.03594346,1,2055.375,991.5
1976,98.825,5245.84186357,537.62495616,1,0,0.03594346,1,2055.9375,998.0
1977,98.875,5243.47530771,537.34253551,1,0,0.03594346,1,2058.8125,1003.5
1978,98.925,5241.10568896,537.08140858,1,0,0.06723999,1,2058.8125,1003.5
1979,98.975,5238.69876816,536.82148694,1,0,0.06990395,1,2060.1875,1006.0
1980,99.025,5236.26894918,536.56407664,1,0,0.06990395,1,2060.625,1006.5
1981,99.075,5233.8281807,536.30903409,1,0,0.06990395,1,2062.9375,1011.5
1982,99.125,5231.35880554,536.04968979,1,0,0.06990395,1,2062.3125,1011.0
1983,99.175,5228.86566925,535.7798502,1,0,0.06990395,1,2064.3125,1014.0
1984,99.225,5226.34263852,535.4974876,1,0,0.06990395,1,2067.0625,1018.0
1985,99.275,5223.79359993,535.21614001,1,0,0.06990395,1,2066.4375,1017.5
1986,99.325,5221.22999933,534.93206283,1,0,0.07290444,1,2067.125,1023.0
1987,99.375,5218.67564168,534.67376818,1,0,0.09340664,1,2070.875,1031.5
1988,99.425,5216.11759655,534.42255775,1,0,0.09340664,1,2072.3125,1034.0
1989,99.475,5213.54783622,534.17102597,1,0,0.09340664,1,2072.375,1034.0
1990,99.525,5210.9660291,533.91278735,1,0,0.09340664,1,2072.9375,1034.5
1991,99.575,5208.36830124,533.63699562,1,0,0.09340664,1,2078.5625,1046.5
1992,99.625,5205.70326504,533.36645686,1,0,0.09340664,1,2078.625,1046.5
1993,99.675,5202.72144938,533.10103639,1,0,0.09340664,1,2079.125,1046.0
1994,99.725,5199.48563011,532.86585975,1,0,0.09340664,1,2085.875,1053.0
1995,99.775,5195.74476166,532.64011217,1,0,0.08744934,1,2085.875,1053.0
1996,99.825,5191.39600675,532.50344914,1,0,0.08442494,1,2086.0625,1053.5
1997,99.875,5186.75291833,532.36949839,1,0,0.08442494,1,2092.75,1061.5
1998,99.925,5181.94124017,532.22637477,1,0,0.08442494,1,2093.0,1061.5
1999,99.975,5176.96835426,532.09201957,1,0,0.08442494,1,2094.5625,1064.5
2000,100.025,5171.8463914,531.95319109,1,0,0.08442494,1,2099.8125,1071.0
2001,100.075,5166.60151474,531.80802162,1,0,0.08442494,1,2101.125,1072.0
2002,100.125,5161.28865623,531.67677813,1,0,0.08442494,1,2106.3125,1080.5
2003,100.175,5155.90438826,531.54590335,1,0,0.08442494,1,2108.4375,1086.5
2004,100.225,5150.43583178,531.40720723,1,0,0.06944601,1,2112.1875,1090.5
2005,100.275,5144.90708021,531.27094336,1,0,0.06387654,1,2116.0,1094.0
2006,100.325,5139.31504791,531.13670877,1,0,0.06387654,1,2117.0,1095.5
2007,100.375,5133.66796547,531.01023563,1,0,0.06387654,1,2122.9375,1101.5
2008,100.425,5127.98270566,530.88501109,1,0,0.08364823,2,2124.4375,1103.0
2009,100.475,5122.20776485,530.72356137,1,0,0.06684521,2,2128.25,1108.0
2010,100.525,5116.35742198,530.56459566,1,0,0.06528235,2,2132.25,1110.5
2011,100.575,5110.43042313,530.40820618,1,0,0.06528217,2,2132.8125,1111.5
2012,100.625,5104.41271066,530.24796762,1,0,0.07195922,2,2139.1875,1117.5
2013,100.675,5097.79401722,530.12849513,1,0,0.10294734,2,2140.625,1119.5
2014,100.725,5090.20194152,529.99160755,1,0,0.08678416,2,2148.1875,1124.5
2015,100.775,5082.09611355,529.85068668,1,0,0.08254937,2,2150.0,1127.5
2016,100.825,5073.48986141,529.73381337,1,0,0.08254972,2,2154.5,1130.5
2017,100.875,5064.30617104,529.84557485,1,0,0.11793922,2,2162.9375,1139.5
2018,100.925,5054.66162011,529.94282292,1,0,0.13071481,2,2166.0625,1143.0
2019,100.975,5044.74778644,530.04127703,1,0,0.12422218,2,2169.8125,1142.5
2020,101.025,5034.52954371,530.13199046,1,0,0.10560228,1,2177.0625,1148.5
2021,101.075,5024.08989432,530.15735487,1,0,0.10560228,1,2184.3125,1158.5
2022,101.125,5013.56635502,530.17352338,1,0,0.10560228,1,2186.25,1160.0
2023,101.175,5002.96953628,530.19474424,1,0,0.10560228,1,2194.1875,1166.5
2024,101.225,4991.36654661,530.13787913,1,0,0.10657544,1,2202.1875,1173.0
2025,101.275,4974.89280894,530.09277197,1,0,0.12905499,1,2210.6875,1183.5
2026,101.325,4955.50013824,529.94569033,1,0,0.12892306,1,2223.1875,1196.0
2027,101.375,4933.0915021,529.65842666,1,0,0.13176876,1,2237.25,1213.0
2028,101.425,4894.04434659,492.18364254,1,0,2.30712264,9,2259.625,1231.5
2029,101.475,4812.75320514,528.09256014,2,0,0.1308103,1,2310.25,1280.0
2030,101.525,4812.13659446,528.30587,2,0,0.1531969,2,2309.0625,1279.0
2031,101.575,4811.50991419,528.52261705,2,0,0.1644141,2,2309.6875,1279.5
2032,101.625,4810.83804607,528.73031557,2,0,0.14856363,2,2310.1875,1279.5
2033,101.675,4810.14837256,528.94839181,2,0,0.139405,2,2311.125,1281.5
2034,101.725,4808.74156077,515.65772448,2,0,0.1309759,2,2311.5,1291.0
2035,101.775,4808.76710498,529.40981798,2,0,0.52461258,12,2310.625,1281.5
2036,101.825,4808.03802428,529.64287295,2,0,0.15999134,2,2310.75,1282.0
2037,101.875,4807.26806894,529.87566471,2,0,0.14651468,2,2310.1875,1281.5
2038,101.925,4806.46965373,530.10893239,2,0,0.14547161,2,2309.875,1281.0
2039,101.975,4805.65281334,530.35936395,2,0,0.17668448,2,2310.0,1281.0
2040,102.025,4804.84676582,530.62140862,2,0,0.19353858,2,2309.375,1280.5
2041,102.075,4804.00506057,530.85311257,2,0,0.16112111,2,2308.9375,1281.0
2042,102.125,4803.16285328,530.96682329,1,0,0.16112111,2,2308.5,1280.5
2043,102.175,4804.3310616,514.40236821,1,0,1.39923325,3,2307.9375,1275.5
2044,102.225,4803.41513605,514.64588509,1,0,0.16112111,2,2308.125,1276.0
2045,102.275,4802.47098779,514.89720795,1,0,0.16111954,2,2307.0625,1275.5
2046,102.325,4801.47441582,515.13192148,1,0,0.14485688,2,2307.125,1275.5
2047,102.375,4800.46016215,515.39209924,1,0,0.16175792,2,2306.5625,1275.0
2048,102.425,4799.43473923,515.65683557,1,0,0.16175792,2,2306.6875,1275.0
2049,102.475,4798.40838413,515.84358021,1,0,0.16175792,2,2306.0625,1269.5
2050,102.525,4797.38001131,516.05690812,1,0,0.16175792,2,2306.75,1270.5
2051,102.575,4796.34742013,516.3216425,1,0,0.16175922,2,2306.875,1270.0
2052,102.625,4795.26831639,516.59555658,1,0,0.14734381,1,2306.875,1270.0
2053,102.675,4794.16032845,516.87298957,1,0,0.14734381,1,2306.375,1269.5
2054,102.725,4792.98735207,517.12739816,1,0,0.11601572,1,2306.5,1270.0
2055,102.775,4791.77807522,517.37925899,1,0,0.11493564,1,2306.5625,1270.5
2056,102.825,4790.56916086,517.63738002,1,0,0.11493564,1,2306.0,1270.0
2057,102.875,4789.35859281,517.90440936,1,0,0.11493564,1,2306.0,1270.0
2058,102.925,4786.57087383,534.97810305,1,0,0.11493564,1,2305.375,1269.5
2059,102.975,4785.36246127,535.16648808,1,0,0.11493564,1,2305.375,1269.5
2060,103.025,4784.12829208,535.35121476,1,0,0.11493564,1,2305.4375,1270.0
2061,103.075,4782.86627758,535.53798472,1,0,0.11493564,1,2304.875,1270.0
2062,103.125,4781.53895216,535.7017954,1,0,0.07744857,1,2304.875,1270.0
2063,103.175,4780.19696626,535.88181893,1,0,0.07084806,1,2304.875,1270.0
2064,103.225,4778.86116319,536.07099886,1,0,0.07084806,1,2304.3125,1270.0
2065,103.275,4777.52045239,536.32555296,1,0,0.07084806,1,2304.9375,1271.5
2066,103.325,4777.53632783,519.95391937,1,0,0.70350697,3,2304.875,1270.5
2067,103.375,4773.75677098,518.67232683,1,0,0.0398184,1,2305.875,1281.0
2068,103.425,4774.67200513,520.19504805,1,0,1.08176709,10,2304.9375,1269.5
2069,103.475,4773.19838604,520.40468387,1,0,0.04416289,1,2305.5,1269.5
2070,103.525,4771.73385732,520.62720087,1,0,0.04416289,1,2304.9375,1269.0
2071,103.575,4770.26940578,520.84923792,1,0,0.04416289,1,2305.0,1269.0
2072,103.625,4768.77918913,521.05753869,1,0,0.02606865,1,2305.0,1269.0
2073,103.675,4767.27531128,521.25996266,1,0,0.02180686,1,2305.0,1269.0
2074,103.725,4765.74196896,521.44554405,1,0,0.02180686,1,2304.375,1263.5
2075,103.775,4764.17516156,521.62451137,1,0,0.03865844,2,2304.375,1263.5
2076,103.825,4762.6138103,521.81896715,1,0,0.05095017,2,2304.375,1263.5
2077,103.875,4761.05046227,522.02239605,1,0,0.05037562,2,2304.375,1263.5
2078,103.925,4759.46901195,522.21681945,1,0,0.0291433,1,2303.8125,1263.5
2079,103.975,4757.88831049,522.41976027,1,0,0.0291433,1,2303.8125,1263.5
2080,104.025,4756.28517549,522.61202974,1,0,0.0291433,1,2303.8125,1263.5
2081,104.075,4754.64484062,522.81879578,1,0,0.04606129,1,2304.375,1264.0
2082,104.125,4753.00579889,523.03422183,1,0,0.04707651,1,2303.75,1263.5
2083,104.175,4751.36901789,523.24942108,1,0,0.04707651,1,2303.9375,1264.5
2084,104.225,4749.71935388,523.45289366,1,0,0.04707651,1,2304.5625,1265.0
2085,104.275,4748.0657321,523.64817475,1,0,0.04707651,1,2304.0625,1264.5
2086,104.325,4746.38260105,523.84161585,1,0,0.0568118,1,2304.1875,1264.5
2087,104.375,4744.68638308,524.03977955,1,0,0.05969887,1,2304.75,1265.0
2088,104.425,4742.98434073,524.25237143,1,0,0.05969887,1,2304.1875,1265.0
2089,104.475,4741.26814023,524.46853328,1,0,0.05969887,1,2304.1875,1265.0
2090,104.525,4739.54279365,524.68770631,1,0,0.05969887,1,2304.1875,1265.0
2091,104.575,4737.79575254,524.8967964,1,0,0.05969887,1,2304.1875,1265.0
2092,104.625,4736.04088475,525.10364411,1,0,0.05969887,1,2303.5625,1264.5
2093,104.675,4734.2730422,525.30363569,1,0,0.05969887,1,2303.625,1265.0
2094,104.725,4732.49546851,525.51117202,1,0,0.05969887,1,2303.625,1265.0
2095,104.775,4730.70898658,525.71870836,1,0,0.05969887,1,2303.0,1264.5
2096,104.825,4728.91368081,525.92216394,1,0,0.05969887,1,2303.0625,1265.5
2097,104.875,4727.10110406,526.12294337,1,0,0.05969887,1,2303.625,1266.0
2098,104.925,4725.25840401,526.31480598,1,0,0.05969887,1,2303.0,1265.5
2099,104.975,4723.40340855,526.50846553,1,0,0.05969887,1,2303.3125,1266.0
2100,105.025,4721.5361414,526.70401885,1,0,0.05969887,1,2303.9375,1266.0
2101,105.075,4719.65732782,526.90054889,1,0,0.05969887,1,2303.3125,1265.5
2102,105.125,4717.77172243,527.10759543,1,0,0.05969887,1,2303.4375,1265.5
2103,105.175,4715.87992364,527.31594455,1,0,0.05969887,1,2303.4375,1265.5
2104,105.225,4713.98533712,527.52942186,1,0,0.05969887,1,2304.0,1265.5
2105,105.275,4712.08920539,527.74167516,1,0,0.05969887,1,2303.4375,1265.0
2106,105.325,4710.1749543,527.94201568,1,0,0.04564339,1,2303.5625,1266.0
2107,105.375,4708.21467679,528.13728766,1,0,0.03785441,1,2303.5625,1266.0
2108,105.425,4706.21589819,528.29370091,1,0,0.03785441,1,2302.9375,1265.5
2109,105.475,4704.2240041,528.40287398,1,0,0.03785441,1,2303.0,1266.0
2110,105.525,4702.25705672,528.53192534,1,0,0.05758555,2,2302.6875,1264.5
2111,105.575,4700.29926688,528.66971847,1,0,0.0565109,2,2302.375,1261.5
2112,105.625,4698.12714897,528.89843906,1,0,0.02262552,1,2301.75,1261.0
2113,105.675,4695.81480467,529.17004383,1,0,0.03278105,2,2302.375,1262.0
2114,105.725,4693.41376303,529.45784616,1,0,0.0410459,2,2302.3125,1262.0
2115,105.775,4690.94579058,529.75880755,1,0,0.04931075,2,2302.125,1261.5
2116,105.825,4688.42009909,530.06385487,1,0,0.0575756,2,2302.4375,1256.5
2117,105.875,4685.84120656,530.39031782,1,0,0.0612424,2,2302.25,1255.0
2118,105.925,4683.19949966,530.70829279,1,0,0.0366204,1,2302.125,1254.5
2119,105.975,4680.50315153,531.03803393,1,0,0.02862232,1,2302.1875,1256.0
2120,106.025,4677.75586715,531.38146416,1,0,0.03729339,2,2302.5625,1253.0
2121,106.075,4674.95659846,531.72659182,1,0,0.03194717,2,2302.6875,1253.5
2122,106.125,4672.09228066,532.06541158,1,0,0.01450854,1,2302.6875,1254.0
2123,106.175,4669.17337142,532.40925306,1,0,0.01205829,1,2302.6875,1252.5
2124,106.225,4666.19705379,532.74824294,1,0,0.01149894,1,2302.5,1251.5
2125,106.275,4663.18081701,533.09160503,1,0,0.01058711,1,2302.375,1249.5
2126,106.325,4660.12427312,533.43942554,1,0,0.0,0,2302.4375,1250.5
2127,106.375,4657.02786277,533.79488839,1,0,0.0,0,2302.5625,1251.0
2128,106.425,4653.89162913,534.15069492,1,0,0.0,0,2302.625,1251.0
2129,106.475,4650.71488133,534.51497326,1,0,0.0,0,2303.25,1252.0
2130,106.525,4647.48584755,534.86759682,1,0,0.0,0,2303.5,1252.5
2131,106.575,4644.20969306,535.21273678,1,0,0.0,0,2304.25,1252.5
2132,106.625,4640.8986912,535.52745455,1,0,0.0,0,2304.25,1252.5
2133,106.675,4637.54968625,535.8182268,1,0,0.0,0,2304.25,1252.5
2134,106.725,4634.15911538,536.13734716,1,0,0.0,0,2304.25,1252.5
2135,106.775,4630.73381531,536.4890538,1,0,0.0,0,2304.8125,1252.5
2136,106.825,4627.27618075,536.84125766,1,0,0.0,0,2304.8125,1252.5
2137,106.875,4623.77551653,537.18886774,1,0,0.0,0,2304.8125,1252.5
2138,106.925,4620.23828531,537.54296765,1,0,0.0,0,2304.8125,1252.5
2139,106.975,4616.66927081,537.90837324,1,0,0.0,0,2304.8125,1252.5
2140,107.025,4613.06535729,538.28794893,1,0,0.0,0,2304.8125,1252.5
2141,107.075,4609.4328108,538.68229252,1,0,0.0,0,2304.8125,1252.5
2142,107.125,4605.77401793,539.08689153,1,0,0.0,0,2304.875,1253.5
2143,107.175,4602.08614399,539.49239856,1,0,0.0,0,2305.0,1254.5
2144,107.225,4598.36852146,539.90196898,1,0,0.0,0,2305.25,1255.0
2145,107.275,4594.61849079,540.31115273,1,0,0.0,0,2306.0,1255.0
2146,107.325,4590.84605376,540.72208438,1,0,0.0,0,2306.625,1255.0
2147,107.375,4587.05187263,541.1378859,1,0,0.0,0,2306.625,1255.0
2148,107.425,4583.2348219,541.56140209,1,0,0.0,0,2306.625,1255.0
2149,107.475,4579.38200595,541.96540654,1,0,0.0,0,2307.1875,1255.0
2150,107.525,4575.50640767,542.36936253,1,0,0.0,0,2307.1875,1255.0
2151,107.575,4571.60822424,542.78849717,1,0,0.0,0,2307.1875,1255.0
2152,107.625,4567.67793699,543.19112303,1,0,0.0,0,2307.25,1255.5
2153,107.675,4563.72004869,543.59333896,1,0,0.0,0,2307.3125,1256.0
2154,107.725,4559.74252754,544.04422818,1,0,0.0,0,2307.4375,1256.0
2155,107.775,4555.74532422,544.5047259,1,0,0.0,0,2307.5,1256.0
2156,107.825,4551.72983397,544.96397139,1,0,0.0,0,2307.5625,1256.5
2157,107.875,4547.69222172,545.42336475,1,0,0.0,0,2307.8125,1257.5
2158,107.925,4543.63359941,545.88976045,1,0,0.0,0,2308.0,1257.5
2159,107.975,4539.55417002,546.35871324,1,0,0.0,0,2309.25,1257.5
2160,108.025,4535.4469592,546.82381867,1,0,0.0,0,2309.375,1257.5
2161,108.075,4531.31465992,547.28617676,1,0,0.0,0,2309.375,1257.5
2162,108.125,4527.16273496,547.75733368,1,0,0.0,0,2309.9375,1257.5
2163,108.175,4522.99489371,548.24105966,1,0,0.0,0,2309.9375,1257.5
2164,108.225,4518.80877297,548.68693234,1,0,0.0,0,2310.0,1257.5
2165,108.275,4514.6041353,549.15513934,1,0,0.0,0,2310.0,1257.5
2166,108.325,4510.38047113,549.65238847,1,0,0.0,0,2310.0,1257.5
2167,108.375,4506.13197303,550.14927325,1,0,0.0,0,2310.125,1258.0
2168,108.425,4501.85827233,550.6466972,1,0,0.0,0,2310.125,1258.0
2169,108.475,4497.55728303,551.14164973,1,0,0.0,0,2310.1875,1258.5
2170,108.525,4493.23840504,551.74637823,1,0,0.0,0,2310.5625,1259.5
2171,108.575,4488.89960883,553.15098698,1,0,0.0,0,2310.5625,1259.5
2172,108.625,4484.53573664,557.31029553,1,0,0.0,0,2311.3125,1260.5
2173,108.675,4480.15928917,558.47154203,1,0,0.0,0,2311.875,1260.5
2174,108.725,4475.76742319,559.6514257,1,0,0.0,0,2312.4375,1260.5
2175,108.775,4471.36190425,560.79875967,1,0,0.0,0,2312.4375,1260.5
2176,108.825,4466.93891057,561.95654449,1,0,0.0,0,2312.4375,1260.5
2177,108.875,4461.67546821,561.95886193,1,0,0.0,0,2312.4375,1260.5
2178,108.925,4457.19140725,562.61464328,1,0,0.0,0,2312.5,1260.5
2179,108.975,4452.68790168,563.26993394,1,0,0.0,0,2312.5625,1261.0
2180,109.025,4448.16364264,563.93032232,1,0,0.0,0,2312.625,1261.5
2181,109.075,4443.6227125,564.59342507,1,0,0.0,0,2312.6875,1261.5
2182,109.125,4439.06630394,565.25067634,1,0,0.0,0,2312.9375,1262.5
2183,109.175,4434.49670182,565.96413358,1,0,0.0,0,2313.0625,1263.0
2184,109.225,4429.91189939,566.70421065,1,0,0.0,0,2313.0625,1263.0
2185,109.275,4425.31101434,567.4408674,1,0,0.0,0,2313.875,1263.0
2186,109.325,4420.69839168,570.1982636,1,0,0.0,0,2331.4375,1283.0
2187,109.375,4416.06108036,570.71768952,1,0,0.0,0,2331.625,1283.0
2188,109.425,4411.40892018,571.18777022,1,0,0.0,0,2331.6875,1283.5
2189,109.475,4406.74075997,571.63241079,1,0,0.0,0,2331.75,1283.5
2190,109.525,4402.06233289,572.08590914,1,0,0.0,0,2331.75,1283.5
2191,109.575,4397.37736346,572.54673299,1,0,0.0,0,2331.875,1284.5
2192,109.625,4392.68459542,573.01044298,1,0,0.0,0,2331.875,1284.5
2193,109.675,4387.98254927,573.48493404,1,0,0.0,0,2331.875,1284.5
2194,109.725,4383.27015072,573.96235459,1,0,0.0,0,2332.125,1285.5
2195,109.775,4378.54971399,574.44039478,1,0,0.0,0,2332.375,1285.5
2196,109.825,4373.81734577,574.9238016,1,0,0.0,0,2332.375,1285.5
2197,109.875,4369.07886164,575.41970663,1,0,0.0,0,2333.0625,1285.5
2198,109.925,4364.34009742,575.92145449,1,0,0.0,0,2334.1875,1286.5
2199,109.975,4360.66733327,602.68670704,3,2,1.08843438,3,2330.0625,1313.0
2200,110.025,4447.09635946,730.48739765,1,0,89.83604041,2,2225.3125,1411.5
2201,110.075,4524.09765423,734.63345135,1,0,74.66903165,8,2143.3125,1397.0
2202,110.125,4593.13820601,737.62681727,1,0,66.78176303,8,2070.5625,1381.5
2203,110.175,4655.34708868,740.20598614,1,0,60.10434623,8,1997.8125,1369.5
2204,110.225,4710.22065029,741.91557126,1,0,52.81773927,7,1936.9375,1362.5
2205,110.275,4759.33129451,743.33285898,1,0,47.08385699,7,1889.5625,1354.5
2206,110.325,4787.32937365,744.79234368,1,0,26.03015999,7,1854.6875,1349.5
2207,110.375,4812.03973098,746.57975838,1,0,22.79534051,7,1820.75,1345.0
2208,110.425,4835.03011387,748.32902529,1,0,21.10476001,7,1799.125,1340.5
2209,110.475,4856.31392895,749.9778767,1,0,19.42735033,7,1770.25,1337.5
2210,110.525,4876.30325668,751.73007995,1,0,18.16817475,7,1746.5,1333.0
2211,110.575,4895.67959102,753.28601305,1,0,17.57970505,6,1727.625,1330.5
2212,110.625,4914.52411264,754.75266814,1,0,17.07244519,6,1696.875,1326.0
2213,110.675,4932.40627677,756.16301541,1,0,16.12183988,6,1671.625,1323.5
2214,110.725,4948.82682475,757.51410159,1,0,14.67060323,6,1662.0,1322.5
2215,110.775,4964.92958177,758.79790105,1,0,14.36676739,6,1632.5,1318.5
2216,110.825,4980.84177961,760.0690183,1,0,14.19190029,6,1607.3125,1314.5
2217,110.875,4996.59039581,763.45765448,1,0,14.01839951,6,1598.6875,1313.0
2218,110.925,5012.13660377,764.59387832,1,0,13.82973928,6,1569.5,1308.5
2219,110.975,5027.47083825,765.7008543,1,0,13.62500627,6,1553.25,1307.5
2220,111.025,5042.55766099,766.78681634,1,0,13.38956894,6,1535.625,1305.5
2221,111.075,5057.40184023,767.84131826,1,0,13.15792305,6,1518.375,1301.5
2222,111.125,5071.95605393,768.90602385,1,0,12.87558081,6,1492.9375,1300.0
2223,111.175,5086.17965337,769.9660139,1,0,12.54996552,6,1482.0,1303.0
2224,111.225,5100.08202925,771.01205054,1,0,12.22744656,6,1460.375,1312.0
2225,111.275,5111.17230072,772.05745945,1,0,9.42415382,6,1441.0625,1314.0
2226,111.325,5121.69534072,773.14949577,1,0,8.86466283,6,1430.1875,1319.0
2227,111.375,5131.58844391,774.26461948,1,0,8.23633117,6,1413.25,1321.5
2228,111.425,5141.06652485,775.35437781,1,0,7.82223693,6,1399.625,1324.5
2229,111.475,5150.2263356,776.48303914,1,0,7.50483467,6,1395.125,1327.0
2230,111.525,5159.14803832,777.33332446,2,0,7.26447772,6,1379.5,1325.5
2231,111.575,5167.82911308,778.38377609,2,0,7.02613634,6,1366.5,1326.0
2232,111.625,5176.26980132,779.38490546,2,0,6.78814636,6,1354.9375,1326.0
2233,111.675,5184.47466017,780.38466037,2,0,6.55027557,6,1338.0,1323.5
2234,111.725,5192.44242411,781.26378642,3,0,6.31275863,6,1329.5625,1324.0
2235,111.775,5200.17559609,782.13959582,3,0,6.07523636,6,1324.5,1323.0
2236,111.825,5207.69312738,783.07721283,3,0,5.86189477,6,1310.5,1324.0
2237,111.875,5215.05549656,784.1287342,3,0,5.70643604,6,1299.125,1324.5
2238,111.925,5222.29595316,785.20819389,3,0,5.58332956,6,1294.1875,1326.0
2239,111.975,5229.42591756,786.23113614,3,0,5.47021202,6,1277.625,1326.0
2240,112.025,5236.45548954,787.26333016,3,0,5.3630347,6,1270.875,1325.5
2241,112.075,5243.38306509,788.42305264,3,0,5.25981814,6,1260.375,1325.0
2242,112.125,5250.20334541,789.70801827,4,0,5.15750253,6,1253.6875,1326.5
2243,112.175,5256.91936726,790.68715661,4,0,5.05760175,6,1246.0,1326.0
2244,112.225,5263.53443325,791.66874698,4,0,4.95639374,6,1231.875,1324.5
2245,112.275,5270.08324402,792.62453001,4,0,4.89198746,6,1228.5,1326.5
2246,112.325,5276.59809946,793.60167857,4,0,4.8611437,6,1220.0625,1328.0
2247,112.375,5283.08578241,794.6003559,4,0,4.83041413,6,1205.8125,1326.5
2248,112.425,5289.54608741,795.59736018,4,0,4.7995882,6,1202.625,1325.5
2249,112.475,5295.9730235,796.61414084,4,0,4.75579075,6,1186.5,1326.5
2250,112.525,5302.36202516,797.65329684,4,0,4.70279238,6,1181.4375,1325.0
2251,112.575,5308.68730703,798.69574021,4,0,4.64969046,6,1178.1875,1324.5
2252,112.625,5314.94481111,799.73327297,4,0,4.58776752,6,1162.9375,1330.0
2253,112.675,5321.12910992,800.77023324,4,0,4.52037389,6,1161.4375,1330.5
2254,112.725,5327.24103641,801.80573732,4,0,4.45321312,6,1156.25,1330.0
2255,112.775,5333.28009688,802.83318123,4,0,4.38605504,6,1139.75,1331.5
2256,112.825,5338.44564523,803.85587287,4,0,3.51949921,6,1137.125,1330.5
2257,112.875,5343.11876335,804.88743907,4,0,3.0317925,6,1135.875,1330.5
2258,112.925,5347.72274538,805.91334277,4,0,2.96492954,6,1113.875,1328.0
2259,112.975,5352.23232133,806.97317265,4,0,2.87107947,6,1116.3125,1327.5
2260,113.025,5356.59039515,808.02851503,4,0,2.72165341,6,1113.8125,1330.0
2261,113.075,5360.76878612,809.08294228,4,0,2.53051105,5,1104.0,1331.5
2262,113.125,5364.85916283,810.14458901,4,0,2.44034876,5,1095.375,1332.0
2263,113.175,5368.88054104,811.20379625,4,0,2.38015867,5,1092.5625,1332.5
2264,113.225,5372.83157766,812.24161395,4,0,2.31948004,5,1092.875,1331.5
2265,113.275,5376.71761968,813.29344663,4,0,2.25864567,5,1080.5625,1332.5
2266,113.325,5380.53524674,814.43433966,4,0,2.19765121,5,1069.9375,1332.5
2267,113.375,5384.26347811,815.59094481,4,0,2.11969812,5,1070.625,1332.5
2268,113.425,5387.87753485,816.74093098,4,0,2.02107011,5,1064.8125,1334.5
2269,113.475,5391.36778381,817.89125739,4,0,1.93240364,5,1062.125,1335.5
2270,113.525,5394.76660871,819.04638674,4,0,1.84724138,5,1048.1875,1336.0
2271,113.575,5398.08842793,820.21236616,4,0,1.76207912,5,1052.625,1339.5
2272,113.625,5401.32787535,821.38428782,4,0,1.67691686,5,1043.0,1341.0
2273,113.675,5404.48441099,822.55843555,4,0,1.59175459,5,1040.0625,1342.0
2274,113.725,5407.5561222,823.73259873,4,0,1.50659233,5,1028.75,1343.0
2275,113.775,5410.54291291,824.90715797,4,0,1.42147738,5,1031.125,1343.5
2276,113.825,5413.45639864,826.05818987,4,0,1.33866348,5,1024.5625,1337.5
2277,113.875,5416.29964123,827.26491567,4,0,1.25519575,4,1021.875,1337.5
2278,113.925,5419.08649897,828.48564817,4,0,1.19611671,4,1008.1875,1337.5
2279,113.975,5421.82038779,829.70577569,4,0,1.13915353,4,1012.0,1340.0
2280,114.025,5424.51246431,830.92074311,4,0,1.09415612,4,1007.375,1322.5
2281,114.075,5427.18190321,832.05726424,4,0,1.07277609,5,1004.125,1318.5
2282,114.125,5429.83406371,833.19824559,4,0,1.05144401,5,994.625,1316.0
2283,114.175,5432.4585144,834.38794393,4,0,1.03011193,5,994.75,1318.0
2284,114.225,5435.06735402,835.58179621,4,0,1.00877986,5,998.25,1319.5
2285,114.275,5437.65853771,836.77812204,4,0,0.98744778,5,988.375,1298.5
2286,114.325,5440.22244782,837.97182479,4,0,0.9661157,5,981.375,1299.0
2287,114.375,5442.76236264,839.15611008,4,0,0.94408629,5,978.0625,1299.5
2288,114.425,5445.25624684,840.35459879,4,0,0.91825063,5,982.125,1301.0
2289,114.475,5447.70622452,841.5460193,4,0,0.8918362,5,980.6875,1292.0
2290,114.525,5450.12584211,842.75908317,4,0,0.86542176,5,977.9375,1280.5
2291,114.575,5452.52143214,843.99310728,4,0,0.83602466,5,967.6875,1281.0
2292,114.625,5454.89077921,845.22130088,4,0,0.79788588,5,970.625,1282.5
2293,114.675,5457.22508044,846.4456723,4,0,0.75821576,4,971.8125,1282.5
2294,114.725,5459.53119619,847.66151286,4,0,0.73211969,4,968.0625,1276.0
2295,114.775,5461.79817269,848.87233314,4,0,0.70602363,4,956.8125,1190.5
2296,114.825,5464.017638,850.07684475,4,0,0.67992757,4,959.3125,1191.5
2297,114.875,5466.19379483,851.35326005,4,0,0.65294965,4,963.0,1194.5
2298,114.925,5468.03477816,852.61806283,4,0,0.33230064,4,964.0625,1181.5
2299,114.975,5469.37640016,853.92280855,4,0,0.16704186,3,963.5625,1139.0
2300,115.025,5470.67441888,855.2435548,4,0,0.1340664,3,963.6875,1132.5
2301,115.075,5471.92808089,856.54992459,4,0,0.09731625,2,965.75,1133.5
2302,115.125,5473.11887602,857.865392,4,0,0.07824345,2,968.875,1134.5
2303,115.175,5474.25400328,859.18141663,4,0,0.05917066,2,970.75,1136.0
2304,115.225,5475.336861,860.48993929,4,0,0.04009787,2,973.0,1133.0
2305,115.275,5476.3563164,861.77679496,4,0,0.02260319,1,976.0625,1133.0
2306,115.325,5477.29746222,863.11470951,4,0,0.0207127,1,978.8125,1133.5
2307,115.375,5478.15753397,864.4907001,4,0,0.01882221,1,984.0,1136.0
2308,115.425,5478.96189144,865.82945394,4,0,0.01693172,1,987.3125,1138.0
2309,115.475,5479.7313097,867.97683771,5,0,0.01504123,1,989.5,1140.0
2310,115.525,5480.45225899,869.74872028,5,0,0.01315074,1,992.875,1133.5
2311,115.575,5481.13853666,871.44841213,5,0,0.01126025,1,995.8125,1136.5
2312,115.625,5481.79452559,873.09477922,5,0,0.0,0,999.875,1139.0
2313,115.675,5482.43465695,874.06571909,6,0,0.0,0,1003.0625,1141.0
2314,115.725,5483.05136368,875.4001596,6,0,0.0,0,1006.5,1144.0
2315,115.775,5483.64069751,876.76717484,6,0,0.0,0,1010.1875,1148.5
2316,115.825,5484.22459862,873.81268572,5,0,0.0,0,1015.0625,1147.0
2317,115.875,5484.83441559,875.36736814,5,0,0.0,0,1017.8125,1151.0
2318,115.925,5485.41764892,876.91781996,5,0,0.0,0,1021.375,1155.0
2319,115.975,5485.97565133,877.85098993,6,0,0.0,0,1023.8125,1156.0
2320,116.025,5486.50406208,879.12911852,6,1,0.0,0,1028.125,1161.0
2321,116.075,5486.99567817,880.43229488,6,2,0.0,0,1031.9375,1164.5
2322,116.125,5487.46931506,877.15027235,4,1,0.0,0,1035.8125,1164.0
2323,116.175,5488.00293579,873.35086548,4,1,0.0,0,1039.9375,1161.5
2324,116.225,5488.56002566,872.93359703,3,0,0.0,0,1042.875,1159.5
2325,116.275,5489.08995277,875.02478741,3,0,0.0,0,1046.4375,1162.0
2326,116.325,5489.57809018,877.1527948,3,0,0.0,0,1050.75,1169.0
2327,116.375,5490.02719813,879.30002605,3,1,0.0,0,1053.25,1172.0
2328,116.425,5490.43818017,881.45991283,3,1,0.0,0,1057.25,1176.0
2329,116.475,5490.81005057,883.60542711,3,1,0.0,0,1060.875,1180.0
2330,116.525,5491.15187673,885.76365271,3,2,0.0,0,1064.75,1184.0
2331,116.575,5491.41930561,887.93875859,2,1,0.0,0,1068.0625,1185.5
2332,116.625,5491.60166644,890.30284621,2,1,0.0,0,1071.0625,1188.0
2333,116.675,5491.72944029,892.79439832,2,1,0.0,0,1075.0625,1191.0
2334,116.725,5491.81457182,895.30057804,1,0,0.0,0,1078.6875,1192.5
2335,116.775,5491.85905466,897.66809327,2,0,0.0,0,1081.6875,1194.5
2336,116.825,5491.87746175,899.99265533,2,0,0.0,0,1085.125,1197.5
2337,116.875,5491.87093245,902.36905457,2,0,0.0,0,1088.5,1199.0
2338,116.925,5491.82200479,904.33790737,2,0,0.0,0,1092.5,1202.0
2339,116.975,5491.72436896,906.18817874,2,0,0.0,0,1096.6875,1205.5
2340,117.025,5491.47023157,907.96232538,2,0,0.0,0,1098.9375,1209.0
2341,117.075,5491.18435428,909.62239248,2,0,0.0,0,1103.4375,1214.0
2342,117.125,5490.89130616,910.84352058,2,0,0.0,0,1106.5,1217.0
2343,117.175,5490.60468098,911.39128044,2,0,0.0,0,1110.4375,1219.5
2344,117.225,5490.33201716,912.06267006,2,0,0.0,0,1114.0625,1222.5
2345,117.275,5490.06666479,913.26869107,2,0,0.0,0,1117.375,1226.0
2346,117.325,5489.79323117,914.73951241,2,0,0.0,0,1120.8125,1229.0
2347,117.375,5489.44564396,916.64957788,2,0,0.0,0,1126.1875,1236.5
2348,117.425,5488.97651233,918.5580515,2,0,0.0,0,1129.5625,1240.0
2349,117.475,5488.34367597,920.60597384,2,0,0.0,0,1133.5625,1242.5
2350,117.525,5487.21684259,922.68027422,2,0,0.0,0,1137.8125,1243.5
2351,117.575,5485.88163189,925.4524416,2,0,0.0,0,1141.0,1246.5
2352,117.625,5484.48004106,928.47078714,2,0,0.0,0,1143.6875,1250.0
2353,117.675,5483.02588186,931.50182645,2,0,0.0,0,1147.5,1252.0
2354,117.725,5481.51541339,934.5846349,2,0,0.0,0,1152.625,1260.5
2355,117.775,5479.95783453,937.6929723,2,0,0.0,0,1156.0625,1262.5
2356,117.825,5478.32176067,940.83175043,2,0,0.0,0,1160.5,1265.0
2357,117.875,5476.62275473,944.28862622,2,0,0.0,0,1165.0,1266.0
2358,117.925,5474.8766984,951.50309287,2,0,0.0,0,1167.9375,1270.0
2359,117.975,5473.10751481,957.01311028,2,0,0.0,0,1173.4375,1280.0
2360,118.025,5471.14523658,983.19521082,2,0,0.0,0,1178.0,1283.5
2361,118.075,5468.66930699,972.34178816,4,0,0.0,0,1181.1875,1284.0
2362,118.125,5466.432062,969.00987373,4,0,0.0,0,1186.3125,1289.0
2363,118.175,5464.31990874,970.61554508,4,0,0.0,0,1190.25,1290.0
2364,118.225,5462.34252494,972.7033741,4,0,0.0,0,1192.8125,1294.0
2365,118.275,5460.29591897,975.29641864,4,0,0.0,0,1197.125,1297.5
2366,118.325,5458.12007465,977.87593328,4,0,0.0,0,1201.6875,1307.0
2367,118.375,5455.80897404,980.84355338,4,0,0.0,0,1205.4375,1310.0
2368,118.425,5453.33022678,983.84633581,4,0,0.0,0,1209.9375,1317.0
2369,118.475,5450.81617461,986.76026002,4,0,0.0,0,1214.3125,1319.5
2370,118.525,5448.30970864,989.57599049,4,0,0.0,0,1216.75,1323.5
2371,118.575,5445.66729105,1002.05351843,5,0,0.0,0,1222.5,1333.5
2372,118.625,5442.92659066,1000.02938555,6,0,0.0,0,1227.6875,1335.0
2373,118.675,5440.30474631,997.42889209,7,0,0.0,0,1232.25,1341.5
2374,118.725,5437.77534009,994.42320145,8,0,0.0,0,1235.375,1349.5
2375,118.775,5435.34621174,992.68709812,8,0,0.0,0,1239.5625,1353.5
2376,118.825,5432.97778861,991.51922644,8,0,0.0,0,1245.375,1364.0
2377,118.875,5430.69073804,990.31761021,8,0,0.0,0,1250.125,1375.0
2378,118.925,5428.43221576,989.79963571,8,0,0.0,0,1254.375,1377.0
2379,118.975,5426.15077634,989.48707837,8,0,0.0,0,1260.4375,1386.5
2380,119.025,5423.86852171,989.26784201,8,0,0.0,0,1263.8125,1391.0
2381,119.075,5421.58408034,989.16226498,8,0,0.0,0,1268.375,1392.5
2382,119.125,5419.31988174,989.08597035,8,0,0.0,0,1273.375,1397.5
2383,119.175,5417.08222949,989.06374756,8,0,0.0,0,1280.25,1407.5
2384,119.225,5414.79916502,989.13612907,8,0,0.0,0,1283.75,1409.5
2385,119.275,5412.49307829,989.24415733,8,0,0.0,0,1290.375,1412.5
2386,119.325,5410.13995278,989.30596614,8,0,0.0,0,1293.5625,1414.0
2387,119.375,5407.7547204,989.37242728,8,0,0.0,0,1299.1875,1415.5
2388,119.425,5405.31941489,989.57226075,8,0,0.02050478,2,1302.375,1415.5
2389,119.475,5402.83642922,989.91619698,8,0,0.02344619,2,1307.875,1420.0
2390,119.525,5400.23705696,990.49453336,8,0,0.02623378,2,1310.375,1420.5
2391,119.575,5397.56595932,989.96550334,8,0,0.02902137,2,1314.8125,1423.5
2392,119.625,5394.867375,989.39050542,8,0,0.03180895,2,1318.9375,1425.5
2393,119.675,5392.09943643,988.75804198,8,0,0.03460107,2,1322.8125,1437.5
2394,119.725,5389.18651952,987.92508619,8,0,0.0383382,2,1328.4375,1441.5
2395,119.775,5386.20529352,987.06324068,8,0,0.04211195,2,1332.1875,1447.5
2396,119.825,5383.09417491,985.96700943,8,0,0.04585126,2,1336.0,1449.0
2397,119.875,5379.81303721,984.4168271,8,1,0.04959057,2,1340.0,1454.0
2398,119.925,5376.3527786,981.99279581,7,0,0.05335414,2,1345.1875,1456.5
2399,119.975,5372.64549054,981.7533131,7,0,0.05837814,2,1350.375,1457.0
2400,120.025,5368.8786347,981.45639,7,0,0.06321343,2,1353.125,1461.0
2401,120.075,5364.8068266,981.10319158,7,0,0.06804874,2,1357.375,1465.0
2402,120.125,5360.49086801,980.58645062,7,0,0.07288404,2,1363.875,1467.5
2403,120.175,5356.31961825,979.25672132,7,0,0.0785032,2,1368.0,1472.0
2404,120.225,5352.34544209,978.80161656,7,0,0.08550149,2,1371.25,1473.5
2405,120.275,5348.42342075,978.28285135,7,0,0.09196988,2,1376.25,1479.5
2406,120.325,5344.47666253,977.54546537,7,0,0.09843828,2,1380.5625,1482.0
2407,120.375,5340.48083847,976.62511558,7,0,0.10490668,2,1385.3125,1484.0
2408,120.425,5336.62346814,975.64531748,7,0,0.11137508,2,1389.25,1488.0
2409,120.475,5332.46563817,974.68863655,7,0,0.11915372,2,1392.125,1490.0
2410,120.525,5328.1557442,973.70944236,7,0,0.15266693,4,1397.8125,1496.0
2411,120.575,5323.86730695,972.67681654,7,0,0.16738814,4,1400.9375,1500.5
2412,120.625,5319.52919046,971.60402913,7,0,0.18135618,4,1406.125,1504.5
2413,120.675,5315.06032645,970.29306441,8,0,0.19532422,4,1409.25,1507.5
2414,120.725,5310.80587846,968.96350586,8,0,0.21198167,4,1413.8125,1514.5
2415,120.775,5306.80620768,968.04129817,8,0,0.2365417,4,1416.625,1516.0
2416,120.825,5303.01179016,967.15192122,8,0,0.25893206,4,1420.5625,1519.5
2417,120.875,5298.69384701,966.12415023,8,0,0.2807698,4,1426.3125,1524.0
2418,120.925,5294.02515689,965.63103521,8,0,0.31460286,4,1431.1875,1532.0
2419,120.975,5289.4737834,965.19762621,8,0,0.35607736,4,1434.5625,1534.0
2420,121.025,5284.90989126,965.13917753,8,0,0.39526933,4,1439.3125,1538.5
2421,121.075,5280.48813444,967.58629419,8,0,0.48967833,4,1445.625,1541.0
2422,121.125,5273.58659295,964.05333283,9,0,0.60408127,2,1458.75,1548.0
2423,121.175,5267.77245735,959.03443188,9,0,0.51434935,2,1465.625,1553.0
2424,121.225,5258.0604615,956.8107527,9,0,0.51439946,2,1477.5625,1561.5
2425,121.275,5244.76621893,955.67596909,9,0,0.51444957,2,1491.5625,1571.0
2426,121.325,5208.28973965,944.1105255,11,0,0.51449969,2,1531.125,1585.5
2427,121.375,5207.30826419,937.3886492,11,0,0.5145498,2,1533.3125,1586.5
2428,121.425,5206.41053137,930.62262957,11,0,0.51459991,2,1536.1875,1587.0
2429,121.475,5205.67812742,923.87694077,11,0,0.51465002,2,1540.0,1588.5
2430,121.525,5205.08001966,917.054642,11,0,0.51470013,2,1543.3125,1589.0
2431,121.575,5204.15097252,910.20747255,11,0,0.51475024,2,1544.8125,1589.0
2432,121.625,5197.1420693,895.38354516,10,0,0.51480035,2,1555.8125,1591.5
2433,121.675,5196.60532356,892.19111175,10,0,0.51485046,2,1559.875,1593.5
2434,121.725,5196.05952849,889.13990803,10,0,0.51490058,2,1562.125,1594.5
2435,121.775,5193.59506663,882.30780072,11,0,0.51495069,2,1567.125,1594.5
2436,121.825,5196.28463372,875.44983286,11,0,0.5150008,2,1565.8125,1595.5
2437,121.875,5199.21468868,868.47148608,11,0,0.51505091,2,1565.0,1593.5
2438,121.925,5202.42531266,861.48630959,10,2,0.51510102,2,1565.375,1593.5
2439,121.975,5205.91738959,857.32799265,8,0,0.51515113,2,1564.4375,1594.5
2440,122.025,5209.50976686,853.51270691,8,0,0.51520124,2,1562.875,1593.5
2441,122.075,5213.21960224,849.82311632,8,0,0.51525135,2,1562.75,1589.5
2442,122.125,5217.03905412,846.18136213,8,1,0.51530147,2,1562.5,1589.5
2443,122.175,5220.97590996,842.47933785,7,1,0.51535158,2,1560.5625,1590.5
2444,122.225,5225.02962916,839.46029337,6,0,0.51540169,2,1560.125,1587.5
2445,122.275,5229.16574812,836.74917983,6,0,0.5154518,2,1559.875,1588.0
2446,122.325,5233.40445823,834.24861633,5,0,0.51550191,2,1558.8125,1586.5
2447,122.375,5237.73307463,832.4486057,5,1,0.51555202,2,1557.5,1585.5
2448,122.425,5242.15273906,830.77881978,4,0,0.51560213,2,1556.3125,1584.5
2449,122.475,5246.6274889,829.5621105,4,0,0.51565224,2,1554.625,1585.5
2450,122.525,5251.14834039,828.37198154,4,0,0.51570236,2,1553.25,1587.0
2451,122.575,5255.72692457,827.1784729,4,0,0.51575247,2,1552.5,1586.0
2452,122.625,5260.38026647,825.8879393,4,1,0.51580214,2,1550.8125,1586.0
2453,122.675,5265.11514836,824.76660434,2,0,0.51585077,2,1549.625,1581.0
2454,122.725,5269.90296865,824.5291144,2,0,0.51576652,2,1547.9375,1581.0
2455,122.775,5274.71144971,824.29014196,2,0,0.51561057,2,1546.1875,1580.5
2456,122.825,5279.53275307,824.05867339,2,0,0.51544974,2,1544.0625,1580.5
2457,122.875,5284.37385474,823.80670182,2,0,0.51491285,2,1543.625,1580.0
2458,122.925,5289.25849037,823.53496902,2,1,0.51401644,2,1542.0625,1578.5
2459,122.975,5294.16405934,823.48395438,1,0,0.51299901,2,1539.4375,1576.0
2460,123.025,5299.05343002,823.5680822,1,0,0.51145556,2,1537.75,1575.0
2461,123.075,5303.93573398,823.65511706,1,0,0.50990771,2,1536.3125,1577.0
2462,123.125,5308.80712064,823.74881043,1,0,0.50835643,2,1535.1875,1575.5
2463,123.175,5313.67843956,823.83972023,1,0,0.50680161,2,1533.625,1573.5
2464,123.225,5318.54472153,823.91727315,1,0,0.50511762,2,1532.1875,1574.0
2465,123.275,5323.40749446,824.00521548,1,0,0.50189159,2,1529.8125,1571.5
2466,123.325,5328.2832109,824.09787284,1,0,0.4985622,2,1528.5,1572.0
2467,123.375,5333.17668061,824.19162927,1,0,0.49443578,2,1527.1875,1571.0
2468,123.425,5338.06952103,824.29077324,1,0,0.49006201,2,1526.125,1569.5
2469,123.475,5342.95565025,824.39652009,1,0,0.48542173,2,1524.5,1567.5
2470,123.525,5347.82773395,824.49720136,1,0,0.48022047,2,1522.6875,1566.0
2471,123.575,5352.67400123,824.59069993,1,0,0.47439426,2,1521.0625,1564.0
2472,123.625,5357.49431156,824.68863483,1,0,0.47757581,3,1520.5,1563.0
2473,123.675,5362.01370008,824.79316081,1,0,0.46989243,3,1519.4375,1561.0
2474,123.725,5366.41520956,824.87210978,1,0,0.47273316,4,1517.625,1556.0
2475,123.775,5370.79576088,824.92829007,1,0,0.46581248,4,1516.1875,1555.0
2476,123.825,5375.13803766,824.98387095,1,0,0.45920349,4,1514.5,1553.5
2477,123.875,5379.46106802,825.05248859,1,0,0.44958166,4,1512.875,1552.5
2478,123.925,5383.76421728,825.12094479,1,0,0.43798494,4,1511.9375,1548.0
2479,123.975,5388.04139277,825.19290617,1,0,0.42638647,4,1511.0,1547.0
2480,124.025,5392.29660304,825.27685191,1,0,0.41443391,4,1509.25,1544.5
2481,124.075,5396.53257775,825.38444769,1,0,0.39809858,4,1508.0,1543.5
2482,124.125,5400.73745827,825.49950533,1,0,0.37950686,4,1506.875,1540.5
2483,124.175,5404.91106659,825.62305964,1,0,0.35832084,4,1505.6875,1538.0
2484,124.225,5409.02041519,825.75325963,1,0,0.33467271,4,1505.25,1535.5
2485,124.275,5413.00025312,825.89758873,1,0,0.30137154,4,1504.4375,1531.5
2486,124.325,5416.93562647,826.03767303,1,0,0.26363807,4,1502.4375,1526.0
2487,124.375,5420.80221931,826.19570825,1,0,0.20305964,4,1500.9375,1513.5
2488,124.425,5424.53892871,826.37540036,1,0,0.08555445,2,1500.8125,1514.5
2489,124.475,5428.12185061,826.49440773,1,0,0.09183067,2,1500.8125,1513.0
2490,124.525,5431.61000843,826.68711289,1,0,0.09810688,2,1500.8125,1512.5
2491,124.575,5435.12771017,826.89015075,1,0,0.1046662,2,1500.5,1513.5
2492,124.625,5438.67758756,827.09402142,1,0,0.11188012,2,1500.3125,1513.5
2493,124.675,5442.25995099,827.29526509,1,0,0.1191978,2,1499.5625,1512.5
2494,124.725,5445.8791353,827.48403944,1,0,0.12651554,2,1500.0625,1513.5
2495,124.775,5449.53569721,827.671716,1,0,0.13417051,2,1499.75,1514.5
2496,124.825,5453.22369062,827.85501544,1,0,0.14234027,2,1499.75,1514.0
2497,124.875,5456.95052916,828.03571419,1,0,0.1505546,2,1499.25,1514.0
2498,124.925,5460.70288152,828.14667535,1,0,0.15876753,2,1498.5,1514.0
2499,124.975,5464.47587021,828.24772739,1,0,0.16704554,2,1498.125,1515.0
2500,125.025,5468.28935348,828.37316975,1,0,0.18665831,3,1498.125,1513.5
2501,125.075,5472.13774798,828.50629876,1,0,0.19786725,3,1497.9375,1513.5
2502,125.125,5476.01513182,828.63915953,1,0,0.20774201,3,1497.125,1514.5
2503,125.175,5479.92613207,828.77118067,1,0,0.21632212,3,1496.4375,1513.0
2504,125.225,5483.87226675,828.9185714,1,0,0.23643119,4,1495.625,1513.0
2505,125.275,5487.87158349,829.05929297,1,0,0.25018583,4,1495.1875,1513.0
2506,125.325,5491.90538612,829.18378439,1,0,0.26394957,4,1494.1875,1512.0
2507,125.375,5495.97241308,829.31546741,1,0,0.27610823,4,1493.8125,1513.0
2508,125.425,5500.07232802,829.45277681,1,0,0.2885289,4,1492.9375,1513.0
2509,125.475,5504.20580267,829.60715859,1,0,0.30210998,4,1491.9375,1513.5
2510,125.525,5508.3765371,829.77375377,1,0,0.31876063,4,1490.875,1512.0
2511,125.575,5512.58387445,829.9418101,1,0,0.33579468,4,1490.125,1511.5
2512,125.625,5516.82457899,830.13075696,1,0,0.35422458,4,1489.5625,1512.5
2513,125.675,5521.12661114,830.32004552,1,0,0.38033439,4,1488.125,1511.5
2514,125.725,5525.47608499,830.50997011,1,0,0.40721862,4,1486.9375,1512.5
2515,125.775,5529.8657262,830.71517273,1,0,0.42709824,4,1485.5625,1512.5
2516,125.825,5534.29308052,830.96713873,1,0,0.44348666,4,1485.1875,1511.0
2517,125.875,5538.75651007,831.24075436,1,0,0.46079323,4,1483.75,1511.0
2518,125.925,5543.25993523,831.51059756,1,0,0.48344705,4,1482.25,1510.0
2519,125.975,5547.80513151,831.794696,1,0,0.50781459,4,1480.5,1510.0
2520,126.025,5552.41009238,832.10021688,1,0,0.53488793,4,1479.625,1510.5
2521,126.075,5557.08390489,832.42015768,1,0,0.56647928,4,1478.0,1510.0
2522,126.125,5561.82352753,832.83738904,1,0,0.60157145,4,1476.8125,1509.5
2523,126.175,5566.61299312,833.24568316,1,0,0.63993715,4,1474.6875,1509.5
2524,126.225,5571.44602629,833.70735652,1,0,0.68014599,4,1472.1875,1509.5
2525,126.275,5576.34071066,834.2419617,1,0,0.72574147,4,1470.5625,1510.0
2526,126.325,5581.30034038,834.8938863,1,0,0.77553337,4,1467.0625,1509.5
2527,126.375,5586.3270794,835.74295393,1,0,0.83274489,4,1465.8125,1509.0
2528,126.425,5591.42890313,836.7845351,1,0,0.90072661,4,1462.75,1508.0
2529,126.475,5596.62420327,838.16888142,1,0,0.98245562,4,1461.0,1509.0
2530,126.525,5601.96697256,840.49680855,1,0,1.09605948,4,1458.125,1508.5
2531,126.575,5607.52361801,843.73765347,1,0,1.30826191,2,1455.8125,1508.0
2532,126.625,5613.11467242,843.17112797,1,0,1.34471316,2,1452.9375,1507.0
2533,126.675,5618.67617761,842.59476708,1,0,1.34507136,2,1449.375,1506.0
2534,126.725,5624.25513967,842.02774696,1,0,1.34516731,2,1447.4375,1506.0
2535,126.775,5629.86906076,841.46052849,1,0,1.34521507,2,1443.5,1505.0
2536,126.825,5635.47203108,840.89089585,1,0,1.34525324,2,1440.25,1505.0
2537,126.875,5641.04898092,840.32343707,1,0,1.34529141,2,1437.6875,1504.0
2538,126.925,5646.60438601,839.77011562,1,0,1.34532957,2,1434.5625,1503.0
2539,126.975,5652.1592188,839.25392073,1,0,1.34536774,2,1431.5,1503.0
2540,127.025,5657.38598388,838.74116024,1,0,1.34540591,2,1428.0625,1502.5
2541,127.075,5662.5243872,838.25206062,1,0,1.34544408,2,1424.1875,1501.5
2542,127.125,5667.4943397,837.77848642,1,0,1.34548224,2,1421.375,1501.0
2543,127.175,5672.42764218,837.36354542,1,0,1.34552041,2,1418.1875,1499.5
2544,127.225,5677.30190911,837.082817,1,0,1.34555858,2,1415.625,1499.5
2545,127.275,5681.96027438,837.05396687,1,0,1.34559675,2,1412.6875,1498.5
2546,127.325,5684.8240407,918.69577419,2,0,1.34563491,2,1409.5,1497.5
2547,127.375,5651.27334061,916.93052045,2,0,1.34567308,2,1440.5625,1581.0
2548,127.425,5634.21220063,915.93548531,2,0,1.34571125,2,1451.3125,1580.5
2549,127.475,5617.67737361,914.94318613,2,0,1.34574942,2,1474.0625,1581.5
2550,127.525,5602.17261387,914.1241301,2,0,1.34578758,2,1490.4375,1581.5
2551,127.575,5561.14784195,994.09555509,3,0,1.34582575,2,1521.5625,1657.0
2552,127.625,5524.52579089,992.05459812,3,0,1.34586392,2,1561.625,1667.0
2553,127.675,5494.04624958,990.31063272,3,0,1.34590209,2,1585.25,1666.0
2554,127.725,5467.17228982,988.74857112,3,0,1.34594025,2,1623.375,1666.5
2555,127.775,5443.73464439,987.48834744,3,0,1.34597842,2,1644.0,1667.5
2556,127.825,5422.72033199,986.29899813,3,0,1.34601659,2,1669.9375,1668.0
2557,127.875,5404.33708563,985.11808421,3,0,1.34605476,2,1688.0625,1669.0
2558,127.925,5389.04694261,983.9621147,3,0,1.34602054,2,1702.9375,1668.5
2559,127.975,5377.5844258,983.14846315,3,0,1.34527669,2,1717.5,1668.0
2560,128.025,5367.2045448,982.38516148,3,0,1.34435284,2,1729.125,1668.5
2561,128.075,5357.76107221,981.63216755,3,0,1.34342899,2,1742.6875,1669.0
2562,128.125,5348.76931056,980.88526565,3,0,1.34250514,2,1745.875,1669.0
2563,128.175,5340.06624042,980.17017096,3,0,1.34158129,2,1758.875,1669.0
2564,128.225,5331.61794671,979.46154349,3,0,1.34065743,2,1767.0625,1667.5
2565,128.275,5323.30364871,978.77871921,3,0,1.33973358,2,1779.5625,1667.0
2566,128.325,5315.05022584,978.11509775,3,0,1.33880973,2,1783.0625,1665.5
2567,128.375,5306.90449807,977.46662572,3,0,1.33788588,2,1797.125,1664.0
2568,128.425,5298.90762765,976.83253754,3,0,1.33696203,2,1801.6875,1664.5
2569,128.475,5291.08956964,976.21828644,3,0,1.33618275,2,1815.4375,1663.5
2570,128.525,5283.45313158,975.60117929,3,0,1.33553978,2,1825.125,1662.5
2571,128.575,5275.98017151,974.96481654,3,0,1.33487595,2,1826.375,1661.0
2572,128.625,5268.68097671,974.32557225,3,0,1.33421212,2,1836.75,1660.5
2573,128.675,5261.63121459,973.70026515,3,0,1.33354829,2,1853.5625,1660.5
2574,128.725,5255.07614045,973.09453284,3,0,1.33288446,2,1860.75,1658.5
2575,128.775,5249.0971653,972.47521761,3,0,1.33222063,2,1859.875,1658.5
2576,128.825,5243.67401541,971.8708017,3,0,1.3315568,2,1862.9375,1658.0
2577,128.875,5238.70210003,971.28289451,3,0,1.33104733,2,1864.0,1656.5
2578,128.925,5234.2087493,970.69489787,3,0,1.3312553,2,1872.125,1654.0
2579,128.975,5230.24549947,970.10131497,3,0,1.3315537,2,1869.0,1652.5
2580,129.025,5226.82469679,969.49475561,3,0,1.33185211,2,1865.3125,1651.5
2581,129.075,5223.93721969,968.96481783,3,0,1.33214975,2,1863.0625,1650.0
2582,129.125,5221.48228388,968.45310979,3,0,1.33244506,2,1859.6875,1648.5
2583,129.175,5219.25898333,967.93611906,3,0,1.33272063,2,1857.0625,1648.0
2584,129.225,5217.24688602,967.41725362,3,0,1.33288224,2,1853.8125,1646.5
2585,129.275,5215.41563757,966.90067355,3,0,1.33279575,2,1850.3125,1645.0
2586,129.325,5213.7507085,966.3534392,3,0,1.33190069,2,1848.125,1644.5
2587,129.375,5212.22040898,965.75563655,3,0,1.33090471,2,1844.875,1642.5
2588,129.425,5210.76381813,965.13643888,3,0,1.32990872,2,1850.5625,1640.0
2589,129.475,5209.38342379,964.51042711,3,0,1.32891273,2,1852.0,1639.0
2590,129.525,5208.0635198,963.87330903,3,0,1.32791674,2,1848.625,1638.0
2591,129.575,5206.77596665,963.21661578,3,0,1.32692075,2,1845.5625,1636.0
2592,129.625,5205.51681584,962.54974813,3,0,1.32592477,2,1843.625,1634.5
2593,129.675,5204.28909943,961.88185731,3,0,1.32492878,2,1839.8125,1632.0
2594,129.725,5203.08986782,961.18835081,3,0,1.32393279,2,1837.75,1631.5
2595,129.775,5201.908487,960.46804737,3,0,1.3229368,2,1834.0625,1630.0
2596,129.825,5200.74824326,959.73055325,3,0,1.32193126,2,1832.0,1630.5
2597,129.875,5199.62218234,959.01748403,3,0,1.32085229,2,1831.4375,1629.5
2598,129.925,5198.5504639,958.30479849,3,0,1.31944799,2,1829.3125,1630.5
2599,129.975,5197.54440125,957.59866936,3,0,1.31808377,2,1829.125,1628.5
2600,130.025,5196.63005148,956.88810183,3,0,1.31664866,2,1826.75,1627.0
2601,130.075,5195.81638099,956.15678262,3,0,1.31521391,2,1823.4375,1626.0
2602,130.125,5195.08952073,955.3805115,3,0,1.31360339,2,1820.375,1624.5
2603,130.175,5194.43178687,954.57223215,3,0,1.31170606,2,1817.1875,1623.5
2604,130.225,5193.8435803,953.75817099,3,0,1.3098195,2,1814.375,1623.5
2605,130.275,5193.32734824,952.93935592,3,0,1.30830879,2,1811.4375,1622.0
2606,130.325,5192.56165688,952.10555517,3,0,1.30722636,2,1808.0,1620.5
2607,130.375,5191.79361361,951.25790304,3,0,1.29617806,2,1805.625,1620.5
2608,130.425,5191.30225683,950.40651695,3,0,1.28108026,2,1801.5625,1619.5
2609,130.475,5191.28083317,949.57929589,3,0,1.2811386,2,1799.875,1619.5
2610,130.525,5191.50303681,948.75892263,3,0,1.28228123,2,1796.375,1617.5
2611,130.575,5191.93896409,947.92584646,3,0,1.28343367,2,1793.0,1614.5
2612,130.625,5192.58657129,947.08351192,3,0,1.28458612,2,1790.875,1614.0
2613,130.675,5193.43927573,946.2549638,3,0,1.28573856,2,1788.0625,1610.0
2614,130.725,5194.47604786,945.4643568,3,0,1.28689101,2,1784.625,1608.5
2615,130.775,5195.66600355,944.67785596,3,0,1.28804345,2,1784.6875,1608.0
2616,130.825,5197.01505208,943.88412269,3,0,1.2891959,2,1789.625,1606.5
2617,130.875,5198.52838256,943.07327045,3,0,1.29034834,2,1786.875,1605.5
2618,130.925,5200.17927949,942.26306879,3,0,1.29150079,2,1784.625,1604.5
2619,130.975,5201.90234274,941.45017298,3,0,1.29265323,2,1781.0,1603.5
2620,131.025,5203.65005722,940.63461133,3,0,1.29380568,2,1780.875,1605.0
2621,131.075,5205.43727278,939.82501477,3,0,1.29495812,2,1780.375,1603.5
2622,131.125,5207.2414938,939.00780389,3,0,1.29611057,2,1781.0,1605.0
2623,131.175,5209.07295753,938.1841869,3,0,1.29726301,2,1777.875,1604.0
2624,131.225,5210.92054394,937.34211521,3,0,1.29841546,2,1775.1875,1602.0
2625,131.275,5212.80829632,936.48662325,3,0,1.2995679,2,1772.25,1601.0
2626,131.325,5214.73478714,935.54897626,3,0,1.30029298,2,1769.6875,1600.0
2627,131.375,5216.67724713,934.59683743,3,0,1.30054828,2,1766.125,1598.0
2628,131.425,5218.62471772,933.63824227,3,0,1.30081112,2,1762.4375,1595.0
2629,131.475,5220.56267802,932.66827464,3,0,1.30107395,2,1759.625,1594.0
2630,131.525,5222.48390062,931.7010404,3,0,1.30133678,2,1756.25,1594.0
2631,131.575,5224.38162419,930.72211128,3,0,1.30159962,2,1753.25,1592.5
2632,131.625,5226.26659192,929.73096764,3,0,1.30186245,2,1750.9375,1591.0
2633,131.675,5228.14201728,928.7360614,3,0,1.30212528,2,1758.125,1592.0
2634,131.725,5230.0287419,927.73242232,3,0,1.30238812,2,1755.25,1591.0
2635,131.775,5231.93618388,926.73423657,3,0,1.30265095,2,1752.375,1590.0
2636,131.825,5233.85175022,925.73910809,3,0,1.30291378,2,1748.875,1587.5
2637,131.875,5235.76226811,924.74341302,3,0,1.30317662,2,1751.875,1586.5
2638,131.925,5237.68082805,923.74913779,3,0,1.30343945,2,1748.4375,1586.0
2639,131.975,5239.63586835,922.7587107,3,0,1.30370228,2,1747.9375,1585.5
2640,132.025,5241.62484835,921.76458785,3,0,1.30396512,2,1745.875,1586.5
2641,132.075,5243.66240576,920.76309668,3,0,1.30422795,2,1742.1875,1584.5
2642,132.125,5245.77233206,919.76093833,3,0,1.30449078,2,1738.9375,1582.5
2643,132.175,5247.96634295,918.75292883,3,0,1.30475362,2,1736.9375,1582.5
2644,132.225,5250.22834657,917.75958938,3,0,1.30501645,2,1733.0625,1581.0
2645,132.275,5252.54974993,916.79795103,3,0,1.30527711,2,1730.9375,1579.5
2646,132.325,5254.99225468,915.81320251,3,0,1.30547475,2,1725.5625,1577.5
2647,132.375,5257.56924675,914.7598971,3,0,1.30287957,2,1722.4375,1576.5
2648,132.425,5260.4552416,913.73300922,3,0,1.29987925,2,1720.3125,1576.5
2649,132.475,5263.43551228,912.69567299,3,0,1.29687893,2,1726.375,1574.5
2650,132.525,5266.52287161,911.65795407,3,0,1.29387862,2,1723.875,1570.0
2651,132.575,5269.70374837,910.60745853,3,0,1.2908783,2,1721.125,1569.5
2652,132.625,5273.10433084,909.56932147,3,0,1.28787798,2,1725.4375,1567.5
2653,132.675,5276.75266831,908.5394519,3,0,1.28487766,2,1723.9375,1568.0
2654,132.725,5280.5271823,907.50665222,3,0,1.28187734,2,1721.5,1566.0
2655,132.775,5284.40109593,906.46664009,3,0,1.27887703,2,1720.25,1566.0
2656,132.825,5288.33247684,905.42720746,3,0,1.27587671,2,1716.9375,1565.5
2657,132.875,5292.3043389,904.39128783,3,0,1.27287639,2,1714.625,1563.5
2658,132.925,5296.3041427,903.34527576,3,0,1.26987607,2,1711.6875,1559.0
2659,132.975,5300.32001609,902.28801396,3,0,1.26687575,2,1708.6875,1558.5
2660,133.025,5304.35772375,901.22342086,3,0,1.26387543,2,1706.75,1557.0
2661,133.075,5308.41144654,900.15298624,3,0,1.26087512,2,1704.25,1556.5
2662,133.125,5312.53472439,903.09210201,7,4,1.31514725,5,1700.5,1551.0
2663,133.175,5316.96295319,903.64250109,7,0,1.52050996,6,1697.5625,1547.0
2664,133.225,5321.38984201,904.10621687,7,0,1.52479329,6,1694.375,1544.0
2665,133.275,5325.84009632,904.69308579,7,0,1.55194083,6,1691.375,1539.0
2666,133.325,5330.3956045,905.62729631,7,0,1.67045386,6,1698.375,1536.0
2667,133.375,5335.085247,907.00495522,7,0,1.81638641,6,1703.875,1534.5
2668,133.425,5340.05686594,909.1246496,7,0,2.10513295,6,1702.3125,1534.5
2669,133.475,5528.22458774,857.7366109,3,0,179.75314961,9,1517.0625,1401.0
2670,133.525,5533.37095474,856.90097989,3,0,1.11467641,2,1514.5625,1396.5
2671,133.575,5538.48658275,856.06619854,3,0,1.09527045,2,1512.9375,1395.0
2672,133.625,5543.55390644,855.23968559,3,0,1.07586449,2,1510.5,1392.5
2673,133.675,5548.57575996,854.4197197,3,0,1.05645853,2,1508.4375,1390.0
2674,133.725,5553.54725192,853.59887038,3,0,1.03705257,2,1507.625,1389.5
2675,133.775,5558.46595507,852.77515741,3,0,1.01763329,2,1505.375,1386.0
2676,133.825,5563.33847151,851.54146404,3,0,0.97291657,2,1503.625,1382.5
2677,133.875,5568.14414583,850.21472231,3,0,0.91448162,2,1502.3125,1381.0
2678,133.925,5572.87000717,848.89759939,3,0,0.85604666,2,1500.0,1375.5
2679,133.975,5577.542754,847.58389855,3,0,0.7976117,2,1499.1875,1372.5
2680,134.025,5582.18713963,846.27336574,3,0,0.73917673,2,1497.75,1368.0
2681,134.075,5586.80321318,844.96961103,3,0,0.68074177,2,1496.5625,1365.0
2682,134.125,5591.37795179,843.6746898,3,0,0.6223068,2,1496.0,1365.0
2683,134.175,5595.93195998,842.20706641,3,0,0.55534411,2,1495.0,1362.0
2684,134.225,5600.33422668,838.20195929,3,0,0.35714309,2,1494.1875,1356.0
2685,134.275,5604.49952604,834.19893823,3,0,0.14128185,2,1493.5625,1350.0
2686,134.325,5608.64439567,832.16025135,3,0,0.0,0,1493.5625,1350.0
2687,134.375,5612.97437076,832.58463475,3,0,0.0,0,1493.5625,1350.0
2688,134.425,5617.50633133,833.01165535,3,0,0.0,0,1493.5625,1350.0
2689,134.475,5622.25533172,833.43931054,3,0,0.0,0,1493.5625,1350.0
2690,134.525,5627.19305533,833.88121885,3,0,0.0,0,1493.5625,1350.0
2691,134.575,5632.30783879,834.36978472,3,0,0.0,0,1493.5625,1350.0
2692,134.625,5637.63380402,834.8669714,3,0,0.0,0,1493.5625,1350.0
2693,134.675,5643.16021831,835.36387197,3,0,0.0,0,1493.5625,1350.0
2694,134.725,5648.83761033,835.84819266,3,0,0.0,0,1493.5625,1350.0
2695,134.775,5654.62741765,836.31914467,3,0,0.0,0,1493.5625,1350.0
2696,134.825,5660.51418219,836.78151134,3,0,0.0,0,1493.5625,1350.0
2697,134.875,5666.50268042,837.24420101,3,0,0.0,0,1493.5625,1350.0
2698,134.925,5672.59665708,837.70700366,3,0,0.0,0,1493.5625,1350.0
2699,134.975,5678.79321599,838.16507726,3,0,0.0,0,1493.5625,1350.0
2700,135.025,5685.09334549,838.62980189,3,0,0.0,0,1493.5625,1350.0
2701,135.075,5691.46628692,839.11182886,3,0,0.0,0,1493.5625,1350.0
2702,135.125,5697.88515442,839.60446891,3,0,0.0,0,1493.5625,1350.0
2703,135.175,5704.34366809,840.11013697,3,0,0.0,0,1493.5625,1350.0
2704,135.225,5710.84579271,840.62185982,3,0,0.0,0,1493.5625,1350.0
2705,135.275,5717.39732766,841.14072482,3,0,0.0,0,1493.5625,1350.0
2706,135.325,5723.99306438,841.67615567,3,0,0.0,0,1493.5625,1350.0
2707,135.375,5730.64221448,842.2077221,3,0,0.0,0,1493.5625,1350.0
2708,135.425,5737.34110795,842.75527399,3,0,0.0,0,1493.5625,1350.0
2709,135.475,5744.10099872,843.32418442,3,0,0.0,0,1493.5625,1350.0
2710,135.525,5750.90119191,843.9034888,3,0,0.0,0,1493.5625,1350.0
2711,135.575,5757.7414152,844.49119995,3,0,0.0,0,1493.5625,1350.0
2712,135.625,5764.64267774,845.09327851,3,0,0.0,0,1493.5625,1350.0
2713,135.675,5771.67756349,845.70449185,3,0,0.0,0,1493.5625,1350.0
2714,135.725,5778.88024252,846.33115912,3,0,0.0,0,1493.5625,1350.0
2715,135.775,5786.28304836,846.9616699,3,0,0.0,0,1493.5625,1350.0
2716,135.825,5793.89514213,847.58997658,3,0,0.0,0,1493.5625,1350.0
2717,135.875,5801.71252801,848.22019512,3,0,0.0,0,1493.5625,1350.0
2718,135.925,5809.75430314,848.87306794,3,0,0.0,0,1493.5625,1350.0
2719,135.975,5818.14312845,849.58457927,3,0,0.03898713,2,1493.5625,1350.0
2720,136.025,5827.2809625,850.35943448,3,0,0.52320346,2,1493.5625,1350.0
2721,136.075,5836.99340265,851.15089749,3,0,0.8450056,2,1492.4375,1350.0
2722,136.125,5847.17305902,851.95791032,3,0,1.09288856,2,1480.0625,1349.5
2723,136.175,5857.77002483,852.76947257,3,0,1.27861302,2,1473.0,1349.0
2724,136.225,5869.12953594,853.65976237,3,0,1.83952629,4,1473.0,1349.0
2725,136.275,5881.11868058,854.57840337,3,0,2.43352079,4,1467.75,1349.0
2726,136.325,5893.47339666,855.51917138,3,0,2.78676365,4,1446.5625,1348.5
2727,136.375,5906.08222717,856.47894614,3,0,3.0363855,4,1437.75,1347.5
2728,136.425,5918.92296068,857.43991519,3,0,3.26451543,4,1424.25,1347.0
2729,136.475,5931.98405324,858.42161467,3,0,3.49290981,5,1420.125,1347.0
2730,136.525,5945.24149791,859.41442315,3,0,3.68256612,5,1405.75,1346.5
2731,136.575,5958.67461839,860.46894043,3,0,3.85117879,6,1387.8125,1344.5
2732,136.625,5972.24638099,861.558765,3,0,3.97341727,6,1376.125,1344.0
2733,136.675,5985.95290246,862.67188053,3,0,4.09456087,6,1367.0,1343.5
2734,136.725,5999.77708735,863.80013296,3,0,4.20299811,6,1355.3125,1341.5
2735,136.775,6013.72534459,864.97440991,3,0,4.32232053,7,1342.875,1341.0
2736,136.825,6027.80775461,866.1751766,3,0,4.43636987,7,1327.375,1340.5
2737,136.875,6042.27984158,867.45609474,3,0,4.79190262,6,1314.75,1339.0
2738,136.925,6057.34496572,868.76448348,3,0,5.3824913,6,1310.5,1338.5
2739,136.975,6073.06369119,870.09055103,3,0,6.02938078,6,1284.3125,1336.0
2740,137.025,6089.46350533,871.45742306,3,0,6.69946583,6,1276.75,1336.0
2741,137.075,6108.10812424,873.04508387,3,0,8.93020572,6,1245.25,1332.0
2742,137.125,6131.31788769,874.86005828,3,0,13.48131175,6,1239.3125,1332.0
2743,137.175,6156.47536924,876.7392141,3,0,15.4145119,5,1208.5625,1330.0
2744,137.225,6184.01874905,878.59400658,3,0,17.79988586,5,1180.6875,1329.5
2745,137.275,6214.77424127,880.55981691,3,0,20.99403987,5,1147.375,1327.5
2746,137.325,6249.30511232,882.9700808,3,0,24.74880791,5,1121.9375,1325.0
2747,137.375,6287.84830363,885.89096752,4,1,28.74974775,5,1079.3125,1322.5
2748,137.425,6346.35248406,809.68704561,2,0,48.69480613,4,1039.125,1232.5
2749,137.475,6366.76278904,810.96535924,2,0,14.67882261,2,1015.6875,1231.5
2750,137.525,6388.42448001,812.2864056,2,0,15.91153224,2,993.25,1230.5
2751,137.575,6411.10677148,813.77529503,2,0,16.92249169,2,980.25,1229.0
2752,137.625,6437.91079056,815.47803177,2,0,21.026729,2,951.75,1219.5
2753,137.675,6464.26408706,735.41258103,1,0,20.5728186,1,934.8125,1143.5
2754,137.725,6465.98315487,735.83064203,1,0,0.0,0,934.8125,1143.5
2755,137.775,6467.72975353,736.25587645,1,0,0.0,0,934.8125,1143.5
2756,137.825,6469.47776453,736.68202683,1,0,0.0,0,934.8125,1143.5
2757,137.875,6471.22837218,737.11164453,1,0,0.0,0,934.8125,1143.5
2758,137.925,6472.9824569,737.54564236,1,0,0.0,0,934.8125,1143.5
2759,137.975,6474.75290601,737.97397141,1,0,0.0,0,934.8125,1143.5
2760,138.025,6476.53162097,738.40126523,1,0,0.0,0,934.8125,1143.5
2761,138.075,6478.32226065,738.825246,1,0,0.0,0,934.8125,1143.5
2762,138.125,6480.11876645,739.24850243,1,0,0.0,0,934.8125,1143.5
2763,138.175,6481.92006862,739.67348495,1,0,0.0,0,934.8125,1143.5
2764,138.225,6483.73306648,740.09745673,1,0,0.0,0,934.8125,1143.5
2765,138.275,6485.55857758,740.52306108,1,0,0.0,0,934.8125,1143.5
2766,138.325,6487.39573447,740.98067066,1,0,0.0,0,934.8125,1143.5
2767,138.375,6489.26057297,741.43904016,1,0,0.0,0,934.8125,1143.5
2768,138.425,6491.1370974,741.8973831,1,0,0.0,0,934.8125,1143.5
2769,138.475,6493.02661833,742.34964211,1,0,0.0,0,934.8125,1143.5
2770,138.525,6494.94223051,742.80001898,1,0,0.0,0,934.8125,1143.5
2771,138.575,6496.88220162,743.26464259,1,0,0.0,0,934.8125,1143.5
2772,138.625,6498.85571966,743.76161889,1,0,0.0,0,934.8125,1143.5
2773,138.675,6500.83824837,744.25832475,1,0,0.0,0,934.8125,1143.5
2774,138.725,6502.81624043,744.75289887,1,0,0.0,0,934.8125,1143.5
2775,138.775,6504.79587493,745.25342008,1,0,0.0,0,934.8125,1143.5
2776,138.825,6506.79765606,745.78176744,1,0,0.0,0,934.8125,1143.5
2777,138.875,6508.80817336,746.3166673,1,0,0.0,0,934.8125,1143.5
2778,138.925,6510.82943689,746.85277235,1,0,0.0,0,934.8125,1143.5
2779,138.975,6512.86362533,747.39107941,1,0,0.0,0,934.8125,1143.5
2780,139.025,6514.90118537,747.94080282,1,0,0.0,0,934.8125,1143.5
2781,139.075,6516.95709692,748.50692859,1,0,0.0,0,934.8125,1143.5
2782,139.125,6519.02973536,749.07032423,1,0,0.0,0,934.8125,1143.5
2783,139.175,6521.12513436,749.67345189,1,0,0.0,0,934.8125,1143.5
2784,139.225,6523.22894558,750.2903879,1,0,0.0,0,934.8125,1143.5
2785,139.275,6525.33989689,750.90849462,1,0,0.0,0,934.8125,1143.5
2786,139.325,6527.46466533,750.24375939,1,0,0.0,0,934.8125,1143.5
2787,139.375,6529.63000057,748.97542249,1,0,0.0,0,934.8125,1143.5
2788,139.425,6531.79281859,748.49230642,1,0,0.0,0,934.8125,1143.5
2789,139.475,6534.00244001,748.29468853,1,0,0.0,0,934.8125,1143.5
2790,139.525,6536.24981134,748.1648127,1,0,0.0,0,934.8125,1143.5
2791,139.575,6538.54770851,748.22921496,1,0,0.0,0,934.8125,1143.5
2792,139.625,6540.88678192,748.29354236,1,0,0.0,0,934.8125,1143.5
2793,139.675,6543.25937902,748.4194465,1,0,0.0,0,934.8125,1143.5
2794,139.725,6545.66098159,748.55538858,1,0,0.0,0,934.8125,1143.5
2795,139.775,6548.09227485,748.75117363,1,0,0.0,0,934.8125,1143.5
2796,139.825,6550.55030469,748.97130296,1,0,0.0,0,934.8125,1143.5
2797,139.875,6553.04357866,749.1873594,1,0,0.0,0,934.8125,1143.5
2798,139.925,6555.56579532,749.42510796,1,0,0.0,0,934.8125,1143.5
2799,139.975,6558.13460316,749.76116785,1,0,0.0,0,934.8125,1143.5
2800,140.025,6560.74924688,750.2045816,1,0,0.0,0,934.8125,1143.5
2801,140.075,6563.40938562,750.66326852,1,0,0.0,0,934.8125,1143.5
2802,140.125,6566.11257259,751.1149037,1,0,0.0,0,934.8125,1143.5
2803,140.175,6568.85038656,751.59342314,1,0,0.0,0,934.8125,1143.5
2804,140.225,6571.62561867,752.07548506,1,0,0.0,0,934.8125,1143.5
2805,140.275,6574.45008908,752.58352606,1,0,0.0,0,934.8125,1143.5
2806,140.325,6577.32232997,753.10128713,1,0,0.0,0,934.8125,1143.5
2807,140.375,6580.22568613,753.61705475,1,0,0.0,0,934.8125,1143.5
2808,140.425,6583.17298214,754.12490078,1,0,0.0,0,934.8125,1143.5
2809,140.475,6586.16475065,754.64437999,1,0,0.0,0,934.8125,1143.5
2810,140.525,6589.19153044,755.18488285,1,0,0.0,0,934.8125,1143.5
2811,140.575,6592.24950704,755.75955922,1,0,0.0,0,934.8125,1143.5
2812,140.625,6595.33846284,756.33200119,1,0,0.0,0,934.8125,1143.5
2813,140.675,6598.45391904,756.91457012,1,0,0.0,0,934.8125,1143.5
2814,140.725,6601.60783473,757.50448108,1,0,0.0,0,934.8125,1143.5
2815,140.775,6604.80973716,758.08703213,1,0,0.0,0,934.8125,1143.5
2816,140.825,6608.04614435,758.71211739,1,0,0.0,0,934.8125,1143.5
2817,140.875,6611.31121857,759.35830864,1,0,0.0,0,934.8125,1143.5
2818,140.925,6614.6125324,760.02448654,1,0,0.0,0,934.8125,1143.5
2819,140.975,6617.97986293,760.68870461,1,0,0.0,0,934.8125,1143.5
2820,141.025,6621.40276926,761.35515431,1,0,0.0,0,934.8125,1143.5
2821,141.075,6624.88176274,762.03392374,1,0,0.0,0,934.8125,1143.5
2822,141.125,6628.39958705,762.72401564,1,0,0.0,0,934.8125,1143.5
2823,141.175,6631.96190621,763.41201389,1,0,0.0,0,934.8125,1143.5
2824,141.225,6635.56183057,764.09187468,1,0,0.0,0,934.8125,1143.5
2825,141.275,6639.19434723,764.77352078,1,0,0.0,0,934.8125,1143.5
2826,141.325,6642.87249826,765.45330721,1,0,0.0,0,934.8125,1143.5
2827,141.375,6646.59100151,766.13413164,1,0,0.0,0,934.8125,1143.5
2828,141.425,6650.37338702,766.81032776,1,0,0.02961777,2,934.8125,1143.5
2829,141.475,6654.19129581,767.47566871,1,0,0.0389906,2,934.3125,1143.0
2830,141.525,6658.06619714,768.1617472,1,0,0.05518747,3,933.75,1142.5
2831,141.575,6661.99974923,768.86776647,1,0,0.06737758,4,933.75,1142.5
2832,141.625,6665.97289104,769.5770368,1,0,0.078636,4,933.1875,1142.0
2833,141.675,6669.99537407,770.2735995,1,0,0.0979703,5,932.6875,1141.5
2834,141.725,6674.06335788,770.95991987,1,0,0.10864788,6,931.5625,1140.5
2835,141.775,6678.18463199,771.67578569,1,0,0.10921127,6,931.0625,1140.0
2836,141.825,6682.33957858,772.40717427,1,0,0.1097559,6,929.9375,1138.5
2837,141.875,6686.53719793,773.14765907,1,0,0.11030052,6,929.4375,1138.0
2838,141.925,6690.77163269,773.98573012,1,0,0.13522831,8,928.375,1137.0
2839,141.975,6695.03852923,774.84181597,1,0,0.1402788,8,927.3125,1136.0
2840,142.025,6699.36173589,775.69583216,1,0,0.1674859,8,926.875,1136.0
2841,142.075,6703.74971283,776.557224,1,0,0.19149526,8,925.25,1133.5
2842,142.125,6708.18823991,777.41295601,1,0,0.2198942,10,924.75,1133.0
2843,142.175,6712.66296161,778.27055413,1,0,0.22985462,10,922.0,1130.5
2844,142.225,6717.16826583,779.12517683,1,0,0.24433469,11,921.5,1130.0
2845,142.275,6721.75260629,779.94859607,1,0,0.2761564,11,919.8125,1128.0
2846,142.325,6726.41984818,780.76900663,1,0,0.31656097,11,919.25,1127.5
2847,142.375,6731.14017162,781.64858559,1,0,0.33678862,12,916.0625,1124.5
2848,142.425,6735.92220339,782.54091176,1,0,0.37555599,13,914.75,1124.0
2849,142.475,6740.75844387,783.41968255,1,0,0.39874474,13,913.125,1122.5
2850,142.525,6745.65374254,784.30868526,1,0,0.42731115,13,910.9375,1121.0
2851,142.575,6750.62673229,785.18988247,1,0,0.4695305,13,909.375,1120.0
2852,142.625,6755.68003591,786.06577988,1,0,0.51420864,14,906.75,1115.5
2853,142.675,6760.81501443,786.93121929,1,0,0.541915,13,904.9375,1114.0
2854,142.725,6766.04413672,787.76978797,1,0,0.60398931,14,903.25,1113.0
2855,142.775,6771.33514563,788.62010346,1,0,0.61722789,14,901.6875,1111.0
2856,142.825,6776.68418354,789.50504575,1,0,0.6416268,14,898.6875,1109.5
2857,142.875,6782.08670048,790.45668727,1,0,0.66200453,14,896.3125,1108.5
2858,142.925,6787.60740516,791.39094392,1,0,0.7564008,14,894.0625,1105.0
2859,142.975,6793.22744029,792.37785183,1,0,0.81231877,14,891.1875,1102.5
2860,143.025,6798.97099666,793.35716371,1,0,0.88990482,15,888.375,1101.5
2861,143.075,6804.78129332,794.36202597,1,0,0.9110832,15,886.25,1098.5
2862,143.125,6810.67421102,795.35895476,1,0,0.95182627,15,884.5,1097.5
2863,143.175,6816.64908982,796.35211224,1,0,0.99697983,16,879.6875,1090.5
2864,143.225,6822.73122974,797.31745913,1,0,1.05946224,15,878.75,1088.5
2865,143.275,6828.89120407,798.26175676,1,0,1.10230903,15,875.3125,1085.0
2866,143.325,6835.10603179,799.16704627,1,0,1.11490195,15,872.125,1083.0
2867,143.375,6841.4202007,800.03257584,1,0,1.16882971,15,868.75,1080.0
2868,143.425,6847.86377947,800.85555184,1,0,1.25250759,15,866.125,1078.0
2869,143.475,6854.50490331,801.64702167,1,0,1.40840168,15,863.6875,1075.5
2870,143.525,6861.26010305,802.46189138,1,0,1.49631769,15,859.4375,1072.5
2871,143.575,6868.14165887,803.29358266,1,0,1.55742584,15,856.5625,1071.0
2872,143.625,6875.1222162,804.10574861,1,0,1.61494703,16,852.5,1068.0
2873,143.675,6882.25675374,804.89164781,1,0,1.70848521,15,849.5,1067.0
2874,143.725,6889.57535976,805.63639792,1,0,1.84111326,15,846.25,1064.0
2875,143.775,6896.98392797,806.45922216,1,0,1.91377212,18,842.0625,1061.0
2876,143.825,6904.56194824,807.26626323,1,0,2.00516861,18,838.1875,1056.0
2877,143.875,6912.39391254,807.99003244,1,0,2.18870628,19,833.125,1052.0
2878,143.925,6920.44894602,808.68245568,1,0,2.34728627,19,829.25,1047.5
2879,143.975,6928.79466815,809.37260727,1,0,2.59400922,19,823.4375,1043.0
2880,144.025,6937.31948029,809.9608944,1,0,2.7408711,19,819.4375,1038.0
2881,144.075,6945.99694294,810.53876637,1,0,2.86619798,18,814.375,1036.0
2882,144.125,6954.74481399,811.1184728,1,0,2.91694255,18,809.3125,1031.5
2883,144.175,6963.63458502,811.7261679,1,0,3.04947398,20,803.625,1028.0
2884,144.225,6972.88606704,812.31365434,1,0,3.36996602,20,798.25,1021.0
2885,144.275,6982.57094334,812.86470085,1,0,3.75296735,19,793.1875,1018.5
2886,144.325,6992.68817637,813.51554068,1,0,4.06806274,19,786.0,1012.0
2887,144.375,7003.06896817,814.32632068,1,0,4.23731361,19,779.1875,1008.5
2888,144.425,7013.99275128,815.39052151,1,0,4.66514669,19,772.9375,1007.0
2889,144.475,7025.34023116,816.52557697,1,0,4.91779105,20,764.875,1003.5
2890,144.525,7037.0705318,817.64994699,1,0,5.21111526,20,757.75,1001.0
2891,144.575,7049.5669435,819.25599366,1,0,5.87327404,22,747.3125,995.0
2892,144.625,7062.5661448,821.01357431,1,0,6.27082006,22,738.1875,987.0
2893,144.675,7076.03783937,822.8166821,1,0,6.65279986,21,730.3125,981.5
2894,144.725,7089.99568063,824.57797537,1,0,6.97516858,22,719.4375,972.0
2895,144.775,7104.11256114,826.28716321,1,0,6.96332797,26,709.8125,961.5
2896,144.825,7118.58630835,827.8853957,1,0,7.15804068,26,699.25,952.5
2897,144.875,7133.36058576,829.52445217,1,0,7.29728493,26,689.625,948.0
2898,144.925,7148.72286486,831.33337324,1,0,7.76306603,25,677.0625,939.5
2899,144.975,7164.71842414,833.13112692,1,0,8.27861662,27,665.625,930.0
2900,145.025,7181.22699692,834.99784565,1,0,8.67840938,28,652.625,924.5
2901,145.075,7198.43527373,836.9174986,1,0,9.13730981,29,640.1875,911.5
2902,145.125,7216.23592359,838.86942961,1,0,9.63433562,30,626.5,895.0
2903,145.175,7234.99409897,841.18329416,1,0,10.47243914,28,612.375,881.5
2904,145.225,7255.28585029,844.75507695,1,0,11.89679862,30,598.375,876.0
2905,145.275,7277.22527758,848.95315241,1,0,13.2972064,31,579.3125,863.0
2906,145.325,7301.4958046,854.5882703,1,0,15.35841378,32,558.375,849.0
2907,145.375,7326.86233234,861.02501208,1,0,16.15984662,32,537.375,830.5
2908,145.425,7352.13638719,867.18314638,1,0,15.80355061,32,515.1875,811.0
2909,145.475,7376.27367347,872.19323581,1,0,14.44046095,32,497.5625,795.0
2910,145.525,7399.45941387,876.30697838,1,0,13.27818969,34,478.8125,781.5
2911,145.575,7422.44464431,880.15072718,1,0,12.90997028,31,460.5,761.5
2912,145.625,7444.82162676,883.58066243,1,0,12.16187232,31,443.6875,744.0
2913,145.675,7466.93812073,886.73387621,1,0,11.78429428,31,427.0625,727.0
2914,145.725,7488.8370557,889.68975473,1,0,11.43635847,31,411.0625,711.5
2915,145.775,7510.65781858,892.60155057,1,0,11.23715074,30,393.0,693.0
2916,145.825,7532.73136017,895.47450318,1,0,11.36964304,31,375.8125,673.5
2917,145.875,7555.0360434,898.31777438,1,0,11.47955283,31,360.3125,661.5
2918,145.925,7577.42647191,901.13471712,1,0,11.47658767,33,344.3125,647.0
2919,145.975,7600.08424843,904.12660234,1,0,11.65438052,32,327.4375,627.5
2920,146.025,7623.16465133,907.37337616,1,0,12.05239761,34,308.375,599.5
2921,146.075,7647.21546715,911.53888337,1,0,12.97774289,33,291.375,582.5
2922,146.125,7670.07420833,914.59808894,1,0,11.6699411,32,274.5,564.5
2923,146.175,7692.11790566,917.15083322,1,0,10.78283523,33,259.4375,547.0
2924,146.225,7712.90883025,918.4494463,1,0,9.45390934,34,240.6875,517.0
2925,146.275,7733.33555591,919.58465457,1,0,9.05211499,33,229.0,503.0
2926,146.325,7754.52278778,920.32965931,1,0,9.78294766,34,212.4375,472.5
2927,146.375,7774.01779159,924.67627402,1,0,8.41073716,34,199.75,457.0
2928,146.425,7791.9004307,924.70401727,1,0,7.38953553,34,188.0,436.5
2929,146.475,7809.32514652,924.01945732,1,0,7.03967183,33,176.875,421.5
2930,146.525,7826.30082688,923.40866753,1,0,6.70129585,33,164.625,405.0
2931,146.575,7842.41422353,922.3543277,1,0,5.95784452,32,153.8125,391.0
2932,146.625,7858.08761166,921.4092721,1,0,5.62975528,28,145.9375,378.0
2933,146.675,7872.76280206,920.94999611,1,0,4.76146314,29,134.4375,362.0
2934,146.725,7886.93249661,920.14594404,1,0,4.38360133,29,126.0625,343.5
2935,146.775,7900.63551119,919.12274441,1,0,4.04522229,29,118.5625,328.5
2936,146.825,7913.92058145,917.92333818,1,0,3.73799335,27,111.8125,320.0
2937,146.875,7926.80747142,916.59841701,1,0,3.49569875,28,103.1875,308.5
2938,146.925,7939.22569812,915.65557192,1,0,3.18157085,29,97.4375,295.5
2939,146.975,7951.34389008,915.02887316,1,0,3.01637838,29,90.6875,287.0
2940,147.025,7963.04390407,914.72340317,1,0,2.7242719,29,83.75,277.5
2941,147.075,7974.36738651,914.41912899,1,0,2.48548522,31,79.125,264.5
2942,147.125,7985.33835568,913.85126206,1,0,2.26333559,31,71.875,253.5
2943,147.175,7996.04335461,912.91119969,1,0,2.12459892,31,66.9375,243.5
2944,147.225,8006.47084762,911.75314498,1,0,1.94494339,30,61.625,224.0
2945,147.275,8016.64523372,910.52337822,1,0,1.81929779,28,55.25,210.0
2946,147.325,8026.56101478,909.06480389,1,0,1.72377711,26,51.5,196.5
2947,147.375,8036.17949285,907.1258102,1,0,1.60088467,25,45.75,185.0
2948,147.425,8045.43534705,904.97975371,1,0,1.43308142,25,42.9375,176.5
2949,147.475,8054.21878548,901.52893491,1,0,1.19779945,22,38.5625,162.5
2950,147.525,8062.88782525,898.16092239,1,0,1.28757171,22,35.75,157.0
2951,147.575,8071.51789277,894.10958076,1,0,1.46744263,24,30.75,136.0
2952,147.625,8079.65696324,890.9197337,1,0,1.28716479,22,27.5625,125.5
2953,147.675,8087.24585728,888.47522892,1,0,1.03803056,22,24.1875,118.0
2954,147.725,8094.43780956,886.73088334,1,0,0.90023219,21,21.9375,111.0
2955,147.775,8101.39939709,885.53976887,1,0,0.86422569,20,18.8125,98.0
2956,147.825,8108.12174807,884.93955015,1,0,0.77801513,20,16.4375,88.0
2957,147.875,8114.58661526,884.4183855,1,0,0.62884043,17,14.5625,85.5
2958,147.925,8120.83767449,883.91474205,1,0,0.54988067,16,13.0625,78.0
2959,147.975,8126.94404319,883.76747251,1,0,0.52276298,16,10.5625,61.5
2960,148.025,8132.89764358,883.53334743,1,0,0.49019751,15,8.8125,51.5
2961,148.075,8138.70993444,883.2690114,1,0,0.44729004,14,7.25,41.0
2962,148.125,8144.35406209,882.94458481,1,0,0.36821136,12,6.125,36.5
2963,148.175,8149.79792376,882.67955446,1,0,0.26245681,10,5.625,33.0
2964,148.225,8155.12268178,882.39182811,1,0,0.24725931,11,4.5,29.0
2965,148.275,8160.38302326,881.9643103,1,0,0.20334694,8,4.0625,26.5
2966,148.325,8165.59028425,881.46267513,1,0,0.19488807,7,3.25,21.0
2967,148.375,8170.6444186,880.95900015,1,0,0.17666925,7,2.125,19.0
2968,148.425,8175.51232302,880.44377037,1,0,0.15754163,7,2.0,17.5
2969,148.475,8180.23136243,879.93023061,1,0,0.10769153,6,1.5,14.5
2970,148.525,8184.86270501,879.24620886,1,0,0.09834785,6,1.25,11.0
2971,148.575,8189.43810296,878.43240264,1,0,0.05997157,3,1.1875,10.0
2972,148.625,8193.9597459,877.57516158,1,0,0.04580606,2,0.4375,4.0
2973,148.675,8198.42728659,876.7081594,1,0,0.02120885,1,0.4375,4.0
2974,148.725,8202.70977687,875.82342639,1,0,0.0181062,1,0.3125,3.5
2975,148.775,8206.92407981,874.84311337,1,0,0.02679161,2,0.125,1.5
2976,148.825,8211.03052368,873.81216537,1,0,0.01282897,1,0.0625,1.0
2977,148.875,8215.06513097,872.8365706,1,0,0.01086306,1,0.0,0.0
2978,148.925,8219.0179993,871.96656494,1,0,0.0,0,0.0,0.0
2979,148.975,8222.91206623,870.99548097,1,0,0.0,0,0.0,0.0
2980,149.025,8226.7344468,869.99788912,1,0,0.0,0,0.0,0.0
2981,149.075,8230.4822554,868.9590329,1,0,0.0,0,0.0,0.0
2982,149.125,8234.15486461,867.85109948,1,0,0.0,0,0.0,0.0
2983,149.175,8237.72721263,866.73474376,1,0,0.0,0,0.0,0.0
2984,149.225,8241.19763568,865.71756238,1,0,0.0,0,0.0,0.0
2985,149.275,8244.58844971,864.78261658,1,0,0.0,0,0.0,0.0
2986,149.325,8247.91319053,863.83968709,1,0,0.0,0,0.0,0.0
2987,149.375,8251.19378932,862.83530087,1,0,0.0,0,0.0,0.0
2988,149.425,8254.46099095,861.79941411,1,0,0.0,0,0.0,0.0
2989,149.475,8257.69351397,860.70513817,1,0,0.0,0,0.0,0.0
2990,149.525,8260.87745414,859.59050851,1,0,0.0,0,0.0,0.0
2991,149.575,8264.01445785,858.50738529,1,0,0.0,0,0.0,0.0
2992,149.625,8267.05075778,857.3971303,1,0,0.0,0,0.0,0.0
2993,149.675,8270.04388159,856.32618352,1,0,0.0,0,0.0,0.0
2994,149.725,8272.99811754,855.27196083,1,0,0.0,0,0.0,0.0
2995,149.775,8275.90644953,854.19866514,1,0,0.0,0,0.0,0.0
2996,149.825,8278.77505815,853.08126564,1,0,0.0,0,0.0,0.0
2997,149.875,8281.59058827,851.97650729,1,0,0.0,0,0.0,0.0
2998,149.925,8284.34745803,850.83605525,1,0,0.0,0,0.0,0.0
2999,149.975,8287.07647671,849.67411448,1,0,0.0,0,0.0,0.0
3000,150.025,8289.77506599,848.46616954,1,0,0.0,0,0.0,0.0
3001,150.075,8292.42449415,847.25374588,1,0,0.0,0,0.0,0.0
3002,150.125,8295.04362678,846.0630237,1,0,0.0,0,0.0,0.0
3003,150.175,8297.63669025,844.8747343,1,0,0.0,0,0.0,0.0
3004,150.225,8300.19806355,843.68182041,1,0,0.0,0,0.0,0.0
3005,150.275,8302.73477875,842.48276806,1,0,0.0,0,0.0,0.0
3006,150.325,8305.23467311,841.26003672,1,0,0.0,0,0.0,0.0
3007,150.375,8307.69268166,840.02864285,1,0,0.0,0,0.0,0.0
3008,150.425,8310.10726219,838.79621681,1,0,0.0,0,0.0,0.0
3009,150.475,8312.46764301,837.60591373,1,0,0.0,0,0.0,0.0
3010,150.525,8314.79076888,836.4131427,1,0,0.0,0,0.0,0.0
3011,150.575,8317.0807138,835.20763129,1,0,0.0,0,0.0,0.0
3012,150.625,8319.34232019,834.0326022,1,0,0.0,0,0.0,0.0
3013,150.675,8321.57441576,832.86013124,1,0,0.0,0,0.0,0.0
3014,150.725,8323.76854111,831.693782,1,0,0.0,0,0.0,0.0
3015,150.775,8325.92494131,830.51729474,1,0,0.0,0,0.0,0.0
3016,150.825,8328.04644746,829.38052456,1,0,0.0,0,0.0,0.0
3017,150.875,8330.1309088,828.25866423,1,0,0.0,0,0.0,0.0
3018,150.925,8332.18513375,827.11723379,1,0,0.0,0,0.0,0.0
3019,150.975,8334.21247737,825.97816159,1,0,0.0,0,0.0,0.0
3020,151.025,8336.21677988,824.84828131,1,0,0.0,0,0.0,0.0
3021,151.075,8338.19726006,823.74847399,1,0,0.0,0,0.0,0.0
3022,151.125,8340.14873317,822.66714875,1,0,0.0,0,0.0,0.0
3023,151.175,8342.07279539,821.59401643,1,0,0.0,0,0.0,0.0
3024,151.225,8343.97087895,820.51722427,1,0,0.0,0,0.0,0.0
3025,151.275,8345.83259184,819.4356091,1,0,0.0,0,0.0,0.0
3026,151.325,8347.67168978,818.36360462,1,0,0.0,0,0.0,0.0
3027,151.375,8349.49103766,817.29056387,1,0,0.0,0,0.0,0.0
3028,151.425,8351.28974329,816.2129257,1,0,0.0,0,0.0,0.0
3029,151.475,8353.07731996,815.14248157,1,0,0.0,0,0.0,0.0
3030,151.525,8354.88913386,814.07244319,1,0,0.0,0,0.0,0.0
3031,151.575,8356.6796383,813.00705205,1,0,0.0,0,0.0,0.0
3032,151.625,8358.44575784,811.95940259,1,0,0.0,0,0.0,0.0
3033,151.675,8360.18087773,810.95960162,1,0,0.0,0,0.0,0.0
3034,151.725,8361.87893689,810.02569096,1,0,0.0,0,0.0,0.0
3035,151.775,8363.55617887,809.10149966,1,0,0.0,0,0.0,0.0
3036,151.825,8365.21516566,808.19310652,1,0,0.0,0,0.0,0.0
3037,151.875,8366.85567519,807.28684036,1,0,0.0,0,0.0,0.0
3038,151.925,8368.48044297,806.40108832,1,0,0.0,0,0.0,0.0
3039,151.975,8370.08841035,805.52348165,1,0,0.0,0,0.0,0.0
3040,152.025,8371.67116837,804.65705909,1,0,0.0,0,0.0,0.0
3041,152.075,8373.23288366,803.79462125,1,0,0.0,0,0.0,0.0
3042,152.125,8374.76976662,802.92592613,1,0,0.0,0,0.0,0.0
3043,152.175,8376.2754483,802.06919739,1,0,0.0,0,0.0,0.0
3044,152.225,8377.75357767,801.24710698,1,0,0.0,0,0.0,0.0
3045,152.275,8379.2117032,800.429412,1,0,0.0,0,0.0,0.0
3046,152.325,8380.65468351,799.61457446,1,0,0.0,0,0.0,0.0
3047,152.375,8382.0750588,798.85240399,1,0,0.0,0,0.0,0.0
3048,152.425,8383.47854255,798.16372726,1,0,0.0,0,0.0,0.0
3049,152.475,8384.86481924,797.50283525,1,0,0.0,0,0.0,0.0
3050,152.525,8386.23482494,796.8531251,1,0,0.0,0,0.0,0.0
3051,152.575,8387.58601561,796.20279432,1,0,0.0,0,0.0,0.0
3052,152.625,8388.92406969,795.55240654,1,0,0.0,0,0.0,0.0
3053,152.675,8390.25097832,794.92063039,1,0,0.0,0,0.0,0.0
3054,152.725,8391.56568029,794.29790799,1,0,0.0,0,0.0,0.0
3055,152.775,8392.86855479,793.67436863,1,0,0.0,0,0.0,0.0
3056,152.825,8394.15364416,793.06111306,1,0,0.0,0,0.0,0.0
3057,152.875,8395.41170931,792.45084925,1,0,0.0,0,0.0,0.0
3058,152.925,8396.64892392,791.845113,1,0,0.0,0,0.0,0.0
3059,152.975,8397.88776226,791.23134465,1,0,0.0,0,0.0,0.0
3060,153.025,8399.11236784,790.63733551,1,0,0.0,0,0.0,0.0
3061,153.075,8400.32079182,790.06618285,1,0,0.0,0,0.0,0.0
3062,153.125,8401.51805916,789.51486007,1,0,0.0,0,0.0,0.0
3063,153.175,8402.69942206,788.97776056,1,0,0.0,0,0.0,0.0
3064,153.225,8403.87281123,788.44432595,1,0,0.0,0,0.0,0.0
3065,153.275,8405.04703086,787.91262504,1,0,0.0,0,0.0,0.0
3066,153.325,8406.21429552,787.37017703,1,0,0.0,0,0.0,0.0
3067,153.375,8407.37767851,786.82778596,1,0,0.0,0,0.0,0.0
3068,153.425,8408.53518593,786.28553089,1,0,0.0,0,0.0,0.0
3069,153.475,8409.68618347,785.75542665,1,0,0.0,0,0.0,0.0
3070,153.525,8410.83066364,785.22669986,1,0,0.0,0,0.0,0.0
3071,153.575,8411.92040084,784.70217747,1,0,0.0,0,0.0,0.0
3072,153.625,8412.98356468,784.18267452,1,0,0.0,0,0.0,0.0
3073,153.675,8414.03171274,783.67773023,1,0,0.0,0,0.0,0.0
3074,153.725,8415.06584481,783.17715071,1,0,0.0,0,0.0,0.0
3075,153.775,8416.08597882,782.67540336,1,0,0.0,0,0.0,0.0
3076,153.825,8417.08812306,782.1763971,1,0,0.0,0,0.0,0.0
3077,153.875,8418.07580034,781.68509613,1,0,0.0,0,0.0,0.0
3078,153.925,8419.04455461,781.19055216,1,0,0.0,0,0.0,0.0
3079,153.975,8419.99574751,780.70765126,1,0,0.0,0,0.0,0.0
3080,154.025,8420.93377947,780.23094284,1,0,0.0,0,0.0,0.0
3081,154.075,8421.85920778,779.76316888,1,0,0.0,0,0.0,0.0
3082,154.125,8422.77187131,779.32236004,1,0,0.0,0,0.0,0.0
3083,154.175,8423.6732758,778.88308807,1,0,0.0,0,0.0,0.0
3084,154.225,8424.55817815,778.45122635,1,0,0.0,0,0.0,0.0
3085,154.275,8425.43105932,778.02455819,1,0,0.0,0,0.0,0.0
3086,154.325,8426.29553066,777.60391695,1,0,0.0,0,0.0,0.0
3087,154.375,8427.14965288,777.19050395,1,0,0.0,0,0.0,0.0
3088,154.425,8427.99263718,776.78402109,1,0,0.0,0,0.0,0.0
3089,154.475,8428.82348709,776.38542046,1,0,0.0,0,0.0,0.0
3090,154.525,8429.63946186,775.98642369,1,0,0.0,0,0.0,0.0
3091,154.575,8430.43194996,775.60713605,1,0,0.0,0,0.0,0.0
3092,154.625,8431.20641787,775.24155884,1,0,0.0,0,0.0,0.0
3093,154.675,8431.97887418,774.89800708,1,0,0.0,0,0.0,0.0
3094,154.725,8432.76033958,774.56068955,1,0,0.0,0,0.0,0.0
3095,154.775,8433.52673927,774.22124064,1,0,0.0,0,0.0,0.0
3096,154.825,8434.277992,773.88198459,1,0,0.0,0,0.0,0.0
3097,154.875,8435.01360534,773.53354861,1,0,0.0,0,0.0,0.0
3098,154.925,8435.71181097,773.18742718,1,0,0.0,0,0.0,0.0
3099,154.975,8436.36609568,772.84348005,1,0,0.0,0,0.0,0.0
3100,155.025,8436.99126912,772.49777261,1,0,0.0,0,0.0,0.0
3101,155.075,8437.60392272,772.17121832,1,0,0.0,0,0.0,0.0
3102,155.125,8438.20452926,771.89585884,1,0,0.0,0,0.0,0.0
3103,155.175,8438.78690354,771.66789724,1,0,0.0,0,0.0,0.0
3104,155.225,8439.33255116,771.43881052,1,0,0.0,0,0.0,0.0
3105,155.275,8439.86384615,771.21786073,1,0,0.0,0,0.0,0.0
3106,155.325,8440.3804215,771.00041045,1,0,0.0,0,0.0,0.0
3107,155.375,8440.88039376,770.78317453,1,0,0.0,0,0.0,0.0
3108,155.425,8441.36132083,770.57457309,1,0,0.0,0,0.0,0.0
3109,155.475,8441.83732344,770.36389171,1,0,0.0,0,0.0,0.0
3110,155.525,8442.29336017,770.14909019,1,0,0.0,0,0.0,0.0
3111,155.575,8442.71938317,769.93695612,1,0,0.0,0,0.0,0.0
3112,155.625,8443.07208439,769.79130332,1,0,0.0,0,0.0,0.0
3113,155.675,8443.36065275,769.70827674,1,0,0.0,0,0.0,0.0
3114,155.725,8443.64017444,769.5990632,1,0,0.0,0,0.0,0.0
3115,155.775,8443.90793111,769.49966917,1,0,0.0,0,0.0,0.0
3116,155.825,8444.16479968,769.40188862,1,0,0.0,0,0.0,0.0
3117,155.875,8444.41078014,769.30772515,1,0,0.0,0,0.0,0.0
3118,155.925,8444.64141206,769.16482249,1,0,0.0,0,0.0,0.0
3119,155.975,8444.86129095,769.05241581,1,0,0.0,0,0.0,0.0
3120,156.025,8445.07002767,768.95290677,1,0,0.0,0,0.0,0.0
3121,156.075,8445.266967,768.7591411,1,0,0.0,0,0.0,0.0
3122,156.125,8445.4489322,768.55927539,1,0,0.0,0,0.0,0.0
3123,156.175,8445.61592103,768.25656991,1,0,0.0,0,0.0,0.0
3124,156.225,8445.77431979,767.89606931,1,0,0.0,0,0.0,0.0
3125,156.275,8445.92850388,767.27988523,1,0,0.0,0,0.0,0.0
3126,156.325,8445.6982077,767.75593428,1,0,0.0,0,0.0,0.0
3127,156.375,8445.50991947,766.53661063,1,0,0.0,0,0.0,0.0
3128,156.425,8445.38493173,766.55803687,1,0,0.0,0,0.0,0.0
3129,156.475,8445.2916379,766.58522244,1,0,0.0,0,0.0,0.0
3130,156.525,8445.25435887,766.61781299,1,0,0.0,0,0.0,0.0
3131,156.575,8445.26288574,766.66749565,1,0,0.0,0,0.0,0.0
3132,156.625,8445.25394754,766.72078977,1,0,0.0,0,0.0,0.0
3133,156.675,8445.21321086,766.77288944,1,0,0.0,0,0.0,0.0
3134,156.725,8445.14762883,766.82811711,1,0,0.0,0,0.0,0.0
3135,156.775,8445.05692364,766.88498652,1,0,0.0,0,0.0,0.0
3136,156.825,8444.94094464,766.94524919,1,0,0.0,0,0.0,0.0
3137,156.875,8444.79703352,767.00927504,1,0,0.0,0,0.0,0.0
3138,156.925,8444.61452859,767.07796633,1,0,0.0,0,0.0,0.0
3139,156.975,8444.3939731,767.15172688,1,0,0.0,0,0.0,0.0
3140,157.025,8444.14037226,767.22084955,1,0,0.0,0,0.0,0.0
3141,157.075,8443.86463944,767.29113243,1,0,0.0,0,0.0,0.0
3142,157.125,8443.59548559,767.37197098,1,0,0.0,0,0.0,0.0
3143,157.175,8443.3560199,767.45404399,1,0,0.0,0,0.0,0.0
3144,157.225,8443.14825775,767.53536636,1,0,0.0,0,0.0,0.0
3145,157.275,8442.97395414,767.61651543,1,0,0.0,0,0.0,0.0
3146,157.325,8442.81162447,767.70548998,1,0,0.0,0,0.0,0.0
3147,157.375,8442.64756928,767.82809053,1,0,0.0,0,0.0,0.0
3148,157.425,8442.47640299,767.94881314,1,0,0.0,0,0.0,0.0
3149,157.475,8442.29343017,768.06464574,1,0,0.0,0,0.0,0.0
3150,157.525,8442.10704327,768.18027559,1,0,0.0,0,0.0,0.0
3151,157.575,8441.91713606,768.30180232,1,0,0.0,0,0.0,0.0
3152,157.625,8441.72365645,768.43757208,1,0,0.0,0,0.0,0.0
3153,157.675,8441.526933,768.5782059,1,0,0.0,0,0.0,0.0
3154,157.725,8441.32666717,768.71669474,1,0,0.0,0,0.0,0.0
3155,157.775,8441.12353869,768.85942961,1,0,0.0,0,0.0,0.0
3156,157.825,8440.91348023,769.00561924,1,0,0.0,0,0.0,0.0
3157,157.875,8440.69160567,769.15265375,1,0,0.0,0,0.0,0.0
3158,157.925,8440.46804386,769.31668569,1,0,0.0,0,0.0,0.0
3159,157.975,8440.24100506,769.51019731,1,0,0.0,0,0.0,0.0
3160,158.025,8440.01645713,769.71982417,1,0,0.0,0,0.0,0.0
3161,158.075,8439.78935629,769.92929971,1,0,0.0,0,0.0,0.0
3162,158.125,8439.55295628,770.14441752,1,0,0.0,0,0.0,0.0
3163,158.175,8439.30788726,770.35966736,1,0,0.0,0,0.0,0.0
3164,158.225,8439.05229458,770.57844036,1,0,0.0,0,0.0,0.0
3165,158.275,8438.78432668,770.80706559,1,0,0.0,0,0.0,0.0
3166,158.325,8438.51201637,771.0445761,1,0,0.0,0,0.0,0.0
3167,158.375,8438.23507351,771.28655366,1,0,0.0,0,0.0,0.0
3168,158.425,8437.94966515,771.53101612,1,0,0.0,0,0.0,0.0
3169,158.475,8437.64635523,771.7843925,1,0,0.0,0,0.0,0.0
3170,158.525,8437.32167352,772.04827392,1,0,0.0,0,0.0,0.0
3171,158.575,8436.9817739,772.3256886,1,0,0.0,0,0.0,0.0
3172,158.625,8436.62601456,772.60660841,1,0,0.0,0,0.0,0.0
3173,158.675,8436.27025717,772.90945346,1,0,0.0,0,0.0,0.0
3174,158.725,8435.90774359,773.21328216,1,0,0.0,0,0.0,0.0
3175,158.775,8435.53912922,773.52072222,1,0,0.0,0,0.0,0.0
3176,158.825,8435.16479832,773.829372,1,0,0.0,0,0.0,0.0
3177,158.875,8434.78477679,774.162871,1,0,0.0,0,0.0,0.0
3178,158.925,8434.39725043,774.50549762,1,0,0.0,0,0.0,0.0
3179,158.975,8433.99728788,774.87077945,1,0,0.0,0,0.0,0.0
3180,159.025,8433.59277464,775.23997133,1,0,0.0,0,0.0,0.0
3181,159.075,8433.18313472,775.60917563,1,0,0.0,0,0.0,0.0
3182,159.125,8432.76851684,775.98756812,1,0,0.0,0,0.0,0.0
3183,159.175,8432.34880026,776.37545199,1,0,0.0,0,0.0,0.0
3184,159.225,8431.92286184,776.76470701,1,0,0.0,0,0.0,0.0
3185,159.275,8431.48674717,777.15857553,1,0,0.0,0,0.0,0.0
3186,159.325,8431.03012989,777.5592674,1,0,0.0,0,0.0,0.0
3187,159.375,8430.56623132,777.96799423,1,0,0.0,0,0.0,0.0
3188,159.425,8430.09954362,778.38554952,1,0,0.0,0,0.0,0.0
3189,159.475,8429.627442,778.81394892,1,0,0.0,0,0.0,0.0
3190,159.525,8429.14896317,779.24375529,1,0,0.0,0,0.0,0.0
3191,159.575,8428.66466146,779.69143543,1,0,0.0,0,0.0,0.0
3192,159.625,8428.18029988,780.15538985,1,0,0.0,0,0.0,0.0
3193,159.675,8427.69271791,780.62896865,1,0,0.0,0,0.0,0.0
3194,159.725,8427.1978136,781.11277525,1,0,0.0,0,0.0,0.0
3195,159.775,8426.70177594,781.6234379,1,0,0.0,0,0.0,0.0
3196,159.825,8426.20123235,782.14251696,1,0,0.0,0,0.0,0.0
3197,159.875,8425.68813332,782.67402565,1,0,0.0,0,0.0,0.0
3198,159.925,8425.16629615,783.22061001,1,0,0.0,0,0.0,0.0
3199,159.975,8424.6338055,783.79844427,1,0,0.0,0,0.0,0.0
3200,160.025,8424.09376883,784.38616178,1,0,0.0,0,0.0,0.0
3201,160.075,8423.54551413,784.98416703,1,0,0.0,0,0.0,0.0
3202,160.125,8422.99228989,785.59905285,1,0,0.0,0,0.0,0.0
3203,160.175,8422.43407408,786.2444226,1,0,0.0,0,0.0,0.0
3204,160.225,8421.87145919,786.91207313,1,0,0.0,0,0.0,0.0
3205,160.275,8421.30272603,787.5892502,1,0,0.0,0,0.0,0.0
3206,160.325,8420.7267321,788.26836251,1,0,0.0,0,0.0,0.0
3207,160.375,8420.14463785,788.95593522,1,0,0.0,0,0.0,0.0
3208,160.425,8419.55269801,789.65079103,1,0,0.0,0,0.0,0.0
3209,160.475,8418.95452746,790.34741104,1,0,0.0,0,0.0,0.0
3210,160.525,8418.34806788,791.04796908,1,0,0.0,0,0.0,0.0
3211,160.575,8417.73421326,791.7589636,1,0,0.0,0,0.0,0.0
3212,160.625,8417.11813492,792.48047995,1,0,0.0,0,0.0,0.0
3213,160.675,8416.49455861,793.21039808,1,0,0.0,0,0.0,0.0
3214,160.725,8415.86209684,793.9537888,1,0,0.0,0,0.0,0.0
3215,160.775,8415.22009323,794.70096032,1,0,0.0,0,0.0,0.0
3216,160.825,8414.55125159,795.77356634,1,0,0.0,0,0.0,0.0
3217,160.875,8413.86736277,798.0602703,1,0,0.0,0,0.0,0.0
3218,160.925,8413.16773802,799.63208292,1,0,0.0,0,0.0,0.0
3219,160.975,8412.45237333,800.93356133,1,0,0.0,0,0.0,0.0
3220,161.025,8411.72295769,802.25315501,1,0,0.0,0,0.0,0.0
3221,161.075,8410.97870093,803.43226149,1,0,0.0,0,0.0,0.0
3222,161.125,8410.21808043,804.599254,1,0,0.0,0,0.0,0.0
3223,161.175,8409.44192882,805.78769085,1,0,0.0,0,0.0,0.0
3224,161.225,8408.64653043,807.00620135,1,0,0.0,0,0.0,0.0
3225,161.275,8407.84552364,809.15618698,1,0,0.0,0,0.0,0.0
3226,161.325,8407.02090884,810.9119463,1,0,0.0,0,0.0,0.0
3227,161.375,8406.16482971,812.52791451,1,0,0.0,0,0.0,0.0
3228,161.425,8405.28630797,814.02307682,1,0,0.0,0,0.0,0.0
3229,161.475,8404.38143254,815.49042995,1,0,0.0,0,0.0,0.0
3230,161.525,8403.45348167,816.97951122,1,0,0.0,0,0.0,0.0
3231,161.575,8402.5041564,818.50729126,1,0,0.0,0,0.0,0.0
3232,161.625,8401.52977847,820.06947624,1,0,0.0,0,0.0,0.0
3233,161.675,8400.53464264,821.63068888,1,0,0.0,0,0.0,0.0
3234,161.725,8399.51981168,823.1624447,1,0,0.0,0,0.0,0.0
3235,161.775,8398.47765057,824.66253058,1,0,0.0,0,0.0,0.0
3236,161.825,8397.41901111,826.18149968,1,0,0.0,0,0.0,0.0
3237,161.875,8396.33833085,827.74627918,1,0,0.0,0,0.0,0.0
3238,161.925,8395.23700097,829.35610766,1,0,0.0,0,0.0,0.0
3239,161.975,8394.11912576,830.99078658,1,0,0.0,0,0.0,0.0
3240,162.025,8392.97708668,832.60800837,1,0,0.0,0,0.0,0.0
3241,162.075,8391.81529318,834.23554186,1,0,0.0,0,0.0,0.0
3242,162.125,8390.6253215,835.85563311,1,0,0.0,0,0.0,0.0
3243,162.175,8389.40545052,837.48640301,1,0,0.0,0,0.0,0.0
3244,162.225,8388.15795714,840.22936828,1,0,0.0,0,0.0,0.0
3245,162.275,8386.86430177,843.90396183,1,0,0.0,0,0.0,0.0
3246,162.325,8385.53358799,846.78680143,1,0,0.0,0,0.0,0.0
3247,162.375,8384.15544641,849.31596711,1,0,0.0,0,0.0,0.0
3248,162.425,8382.73288912,851.78082212,1,0,0.0,0,0.0,0.0
3249,162.475,8381.26771972,854.17575069,1,0,0.0,0,0.0,0.0
3250,162.525,8379.76565382,856.50415112,1,0,0.0,0,0.0,0.0
3251,162.575,8378.21850033,858.81021386,1,0,0.0,0,0.0,0.0
3252,162.625,8376.6348072,861.07887479,1,0,0.0,0,0.0,0.0
3253,162.675,8375.01691802,866.27021563,1,0,0.0,0,0.0,0.0
3254,162.725,8373.35342429,869.97806567,1,0,0.0,0,0.0,0.0
3255,162.775,8371.65195479,873.37945275,1,0,0.0,0,0.0,0.0
3256,162.825,8369.91470971,876.65346669,1,0,0.0,0,0.0,0.0
3257,162.875,8368.14448035,879.80809179,1,0,0.0,0,0.0,0.0
3258,162.925,8366.33104378,882.94674754,1,0,0.0,0,0.0,0.0
3259,162.975,8364.4767722,886.1158774,1,0,0.0,0,0.25,3.0
3260,163.025,8362.56664832,889.27705354,1,0,0.0,0,0.25,3.0
3261,163.075,8360.5959212,892.40167709,1,0,0.0,0,0.25,3.0
3262,163.125,8358.57823969,895.57174897,1,0,0.0,0,0.25,3.0
3263,163.175,8356.52167545,898.75797907,1,0,0.0,0,0.25,3.0
3264,163.225,8354.42509866,901.93861054,1,0,0.0,0,0.375,5.0
3265,163.275,8352.28496199,905.12047537,1,0,0.0,0,0.375,5.0
3266,163.325,8350.08923688,908.38546536,1,0,0.0,0,0.625,7.0
3267,163.375,8347.84736495,911.73801593,1,0,0.0,0,0.625,7.0
3268,163.425,8345.55954636,915.22816022,1,0,0.0,0,0.625,7.0
3269,163.475,8343.21883998,918.80666197,1,0,0.0,0,0.625,7.0
3270,163.525,8340.82734923,922.4194635,1,0,0.0,0,0.75,7.0
3271,163.575,8338.39533923,926.01094627,1,0,0.0,0,0.75,7.0
3272,163.625,8335.92139804,929.60802467,1,0,0.0,0,0.75,7.0
3273,163.675,8333.37779871,933.47492136,1,0,0.0,0,0.8125,7.0
3274,163.725,8330.77600404,937.47758191,1,0,0.0,0,0.8125,7.0
3275,163.775,8328.12172067,941.74853582,1,0,0.0,0,0.8125,7.0
3276,163.825,8325.40206362,946.15182096,1,0,0.0,0,0.875,7.5
3277,163.875,8322.62240537,951.27009749,1,0,0.0,0,1.125,8.0
3278,163.925,8319.78350305,956.90346448,1,0,0.0,0,1.1875,8.0
3279,163.975,8316.86276816,966.16230795,1,0,0.0,0,1.25,8.0
3280,164.025,8313.81141701,974.82334844,1,0,0.02072035,2,1.25,8.0
3281,164.075,8310.67157655,980.78899231,1,0,0.02220388,2,1.0625,7.5
3282,164.125,8307.44014329,985.94550336,1,0,0.0236874,2,1.0,7.0
3283,164.175,8304.12748929,990.88236654,1,0,0.02515471,2,0.875,7.0
3284,164.225,8300.73487111,996.14648853,1,0,0.02652467,2,0.75,5.0
3285,164.275,8297.23637073,1001.15258965,1,0,0.02594281,2,0.6875,5.0
3286,164.325,8293.69179232,1005.73436926,1,0,0.02477217,2,0.5,4.0
3287,164.375,8290.09511547,1010.70166725,1,0,0.02360128,2,0.5,4.0
3288,164.425,8286.42918863,1015.02992206,1,0,0.02243039,2,0.3125,3.5
3289,164.475,8282.60707149,1019.4482512,1,0,0.0212595,2,0.25,3.0
3290,164.525,8278.659587,1024.29195812,1,0,0.02008861,2,0.0,0.0
3291,164.575,8274.63589611,1029.25636912,1,0,0.0,0,0.0,0.0
3292,164.625,8270.52986659,1034.45860243,1,0,0.0,0,0.0,0.0
3293,164.675,8266.29816131,1040.38081787,1,0,0.0,0,0.0,0.0
3294,164.725,8261.94065103,1046.52654524,1,0,0.0,0,0.0,0.0
3295,164.775,8257.48482956,1051.94160761,1,0,0.0,0,0.0,0.0
3296,164.825,8252.93705214,1057.51024479,1,0,0.0,0,0.0,0.0
3297,164.875,8248.27295668,1063.42714943,1,0,0.0,0,0.0,0.0
3298,164.925,8243.47931961,1072.126099,1,0,0.0,0,0.0,0.0
3299,164.975,8238.53203557,1082.94371473,1,0,0.0,0,0.0,0.0
3300,165.025,8233.43826824,1092.90870397,1,0,0.0,0,0.0,0.0
3301,165.075,8228.21045428,1101.8976291,1,0,0.0,0,0.0,0.0
3302,165.125,8222.85956351,1111.19422692,1,0,0.0,0,0.0,0.0
3303,165.175,8217.27374492,1121.14385951,1,0,0.0,0,0.0,0.0
3304,165.225,8211.53022767,1127.22712969,1,0,0.0,0,0.0,0.0
3305,165.275,8205.64888626,1133.07263191,1,0,0.0,0,0.0,0.0
3306,165.325,8199.66263911,1138.79204781,1,0,0.0,0,0.0,0.0
3307,165.375,8193.56689383,1143.85819209,2,0,0.0,0,0.0,0.0
3308,165.425,8187.43955912,1146.78707057,2,0,0.0,0,0.0,0.0
3309,165.475,8116.42895565,1154.81337109,2,0,0.0,0,0.0,0.0
3310,165.525,8109.39762339,1158.906224,2,0,0.0,0,0.0,0.0
3311,165.575,8102.30671202,1163.18443084,2,0,0.0,0,0.0,0.0
3312,165.625,8095.21513869,1168.27257172,2,0,0.0,0,0.0,0.0
3313,165.675,8087.92388685,1171.15433687,2,1,0.0,0,0.0,0.0
3314,165.725,8080.45985237,1173.83657473,1,0,0.0,0,0.0,0.0
3315,165.775,8072.79145483,1178.15893975,1,0,0.0,0,0.0,0.0
3316,165.825,8064.96107253,1182.40891097,1,0,0.0,0,0.0,0.0
3317,165.875,8057.00599144,1186.84322385,1,0,0.0,0,0.0,0.0
3318,165.925,8048.92577999,1191.50842595,1,0,0.0,0,0.0,0.0
3319,165.975,8040.64936005,1196.87921008,1,0,0.0,0,0.0,0.0
3320,166.025,8032.23191591,1200.69339811,1,0,0.0,0,0.0,0.0
3321,166.075,8023.72439614,1204.70642619,1,0,0.0,0,0.0,0.0
3322,166.125,8015.10984474,1208.85413527,1,0,0.0,0,0.0,0.0
3323,166.175,8006.37967555,1213.25849619,1,0,0.0,0,0.0,0.0
3324,166.225,7997.52352764,1218.04248022,1,0,0.0,0,0.0,0.0
3325,166.275,7988.51413181,1223.12042631,1,0,0.0,0,0.0,0.0
3326,166.325,7979.37128353,1228.25879743,1,0,0.0,0,0.0,0.0
3327,166.375,7970.11121478,1233.92474261,1,0,0.0,0,0.0,0.0
3328,166.425,7960.68574438,1244.30218492,1,0,0.0,0,0.0,0.0
3329,166.475,7951.11686255,1249.98997104,1,0,0.0,0,0.0,0.0
3330,166.525,7941.46410848,1255.81973931,1,0,0.0,0,0.0,0.0
3331,166.575,7931.58965802,1269.95718919,1,0,0.0,0,0.0,0.0
3332,166.625,7921.46315381,1280.84702763,1,0,0.0,0,0.0,0.0
3333,166.675,7910.90359606,1290.16970556,1,0,0.0,0,0.0,0.0
3334,166.725,7900.03131304,1299.41302999,1,0,0.0,0,0.0,0.0
3335,166.775,7888.75990537,1308.65034942,1,0,0.0,0,0.0,0.0
3336,166.825,7877.07943114,1318.42261905,1,0,0.0,0,0.0,0.0
3337,166.875,7865.18345186,1326.10755437,1,0,0.0,0,0.0,0.0
3338,166.925,7853.38742945,1333.80910198,1,0,0.0,0,0.0,0.0
3339,166.975,7841.64292755,1342.38990796,1,0,0.0,0,0.0,0.0
3340,167.025,7829.66918475,1351.58931439,1,0,0.0,0,0.0,0.0
3341,167.075,7817.48683662,1358.62450196,1,0,0.0,0,0.0,0.0
3342,167.125,7805.12183245,1366.38817877,1,0,0.0,0,0.0,0.0
3343,167.175,7792.55120182,1374.56316161,1,0,0.0,0,0.0,0.0
3344,167.225,7779.79235855,1381.75440883,1,0,0.0,0,0.0,0.0
3345,167.275,7766.89991508,1388.21261057,1,0,0.0,0,0.0,0.0
3346,167.325,7753.87706611,1394.08289811,1,0,0.0,0,0.0,0.0
3347,167.375,7740.73599832,1399.57171169,1,0,0.0,0,0.0,0.0
3348,167.425,7727.46228448,1405.02914965,1,0,0.0,0,0.0,0.0
3349,167.475,7714.05405569,1410.28917874,1,0,0.0,0,0.0,0.0
3350,167.525,7700.49728754,1415.59601466,1,0,0.0,0,0.0,0.0
3351,167.575,7686.81053387,1421.06683904,1,0,0.0,0,0.0,0.0
3352,167.625,7673.02171915,1426.43483874,1,0,0.0,0,0.0,0.0
3353,167.675,7659.22332179,1431.86201442,1,0,0.0,0,0.0,0.0
3354,167.725,7645.24022276,1437.60480525,1,0,0.0,0,0.0,0.0
3355,167.775,7631.11483182,1443.28630149,1,0,0.0,0,0.0,0.0
3356,167.825,7616.80371868,1448.57276545,1,0,0.0,0,0.0,0.0
3357,167.875,7602.26496716,1454.22710763,1,0,0.0,0,0.0,0.0
3358,167.925,7587.47298625,1461.75696077,1,0,0.0,0,0.0,0.0
3359,167.975,7572.4649063,1467.8244501,1,0,0.0,0,0.0,0.0
3360,168.025,7557.21419438,1473.72798851,1,0,0.0,0,0.0,0.0
3361,168.075,7541.73535084,1479.52345111,1,0,0.0,0,0.0,0.0
3362,168.125,7526.02294767,1485.12342859,1,0,0.0,0,0.0,0.0
3363,168.175,7510.00356094,1490.59418595,1,0,0.0,0,0.0,0.0
3364,168.225,7493.66165353,1495.93435263,1,0,0.0,0,0.0,0.0
3365,168.275,7477.08149215,1501.55883727,1,0,0.0,0,0.0,0.0
3366,168.325,7460.49059559,1505.20662332,1,0,0.0,0,0.0,0.0
3367,168.375,7443.77160438,1509.83441257,1,0,0.0,0,0.0,0.0
3368,168.425,7426.82884827,1515.09100255,1,0,0.0,0,0.0,0.0
3369,168.475,7409.65669069,1519.94719083,1,0,0.0,0,0.0,0.0
3370,168.525,7392.62265303,1520.58026615,1,0,0.0,0,0.0,0.0
3371,168.575,7375.34141988,1524.51747118,1,0,0.0,0,0.0,0.0
3372,168.625,7357.89067513,1528.26278017,1,0,0.0,0,0.0,0.0
3373,168.675,7340.27850501,1532.26466861,1,0,0.0,0,0.0,0.0
3374,168.725,7322.54599212,1536.80881297,1,0,0.0,0,0.0,0.0
3375,168.775,7304.65607189,1541.12551241,1,0,0.0,0,0.0,0.0
3376,168.825,7286.63273068,1543.53251375,1,0,0.0,0,0.0,0.0
3377,168.875,7268.46551621,1545.80512146,1,0,0.0,0,0.0,0.0
3378,168.925,7250.11011965,1548.07471421,1,0,0.0,0,0.0,0.0
3379,168.975,7231.54719041,1550.21575833,1,0,0.0,0,0.0,0.0
3380,169.025,7212.81424719,1552.27411532,1,0,0.0,0,0.0,0.0
3381,169.075,7193.86925135,1554.41206062,1,0,0.0,0,0.0,0.0
3382,169.125,7174.69395108,1556.56205035,1,0,0.0,0,0.0,0.0
3383,169.175,7155.2913631,1558.80488413,1,0,0.0,0,0.0,0.0
3384,169.225,7135.59572929,1561.36370764,1,0,0.0,0,0.0,0.0
3385,169.275,7115.61385197,1564.43118019,1,0,0.0,0,0.0,0.0
3386,169.325,7095.21067427,1569.77221727,1,0,0.0,0,0.0,0.0
3387,169.375,7074.40529296,1570.57626209,1,0,0.0,0,0.0,0.0
3388,169.425,7053.38052225,1571.34202547,1,0,0.0,0,0.0,0.0
3389,169.475,7032.20003562,1572.1149319,1,0,0.0,0,0.0,0.0
3390,169.525,7010.90365063,1572.82459844,1,0,0.0,0,0.0,0.0
3391,169.575,6989.4963438,1573.50227357,1,0,0.0,0,0.0,0.0
3392,169.625,6967.95741224,1574.12162977,1,0,0.0,0,0.0,0.0
3393,169.675,6946.20703144,1574.67410262,1,0,0.0,0,0.0,0.0
3394,169.725,6924.22106424,1575.4929514,1,0,0.0,0,0.0,0.0
3395,169.775,6902.01977035,1576.29187455,1,0,0.0,0,0.0,0.0
3396,169.825,6879.5720322,1577.33455602,1,0,0.0,0,0.0,0.0
3397,169.875,6856.91019532,1578.61086328,1,0,0.0,0,0.0,0.0
3398,169.925,6833.94221562,1582.38571342,1,0,0.0,0,0.0,0.0
3399,169.975,6810.68759279,1585.39078786,1,0,0.0,0,0.0,0.0
3400,170.025,6787.14276593,1588.57222384,1,0,0.0,0,0.0,0.0
3401,170.075,6763.29001701,1592.03336042,1,0,0.0,0,0.0,0.0
3402,170.125,6739.17848324,1597.02834285,1,0,0.0,0,0.0,0.0
3403,170.175,6714.75117867,1599.81477611,1,0,0.0,0,0.0,0.0
3404,170.225,6689.83234565,1604.79965093,1,0,0.0,0,0.0,0.0
3405,170.275,6664.40324124,1608.3552221,1,0,0.0,0,0.0,0.0
3406,170.325,6638.51661514,1612.69461434,1,0,0.0,0,0.0,0.0
3407,170.375,6612.19489807,1617.57687009,1,0,0.0,0,0.0,0.0
3408,170.425,6585.4655624,1621.13035237,1,0,0.0,0,0.0,0.0
3409,170.475,6558.20802695,1623.27713707,1,0,0.0,0,0.0,0.0
3410,170.525,6530.29160817,1625.31995185,1,0,0.0,0,0.0,0.0
3411,170.575,6501.57092131,1626.77431736,1,0,0.0,0,0.0,0.0
3412,170.625,6472.21448206,1627.80979179,1,0,0.0,0,0.0,0.0
3413,170.675,6442.25493059,1628.87917894,1,0,0.0,0,0.0,0.0
3414,170.725,6411.54461379,1629.69232689,1,0,0.0,0,0.0,0.0
3415,170.775,6379.93535766,1630.58437587,1,0,0.0,0,0.0,0.0
3416,170.825,6346.94793467,1630.96148598,1,0,0.0,0,0.0,0.0
3417,170.875,6313.06906459,1630.91316521,1,0,0.0,0,0.0,0.0
3418,170.925,6278.28590761,1630.06311838,1,0,0.0,0,0.0,0.0
3419,170.975,6242.68695498,1628.73039743,1,0,0.0,0,0.0,0.0
3420,171.025,6206.38047946,1626.55008039,1,0,0.0,0,0.0,0.0
3421,171.075,6169.46525287,1623.42803555,1,0,0.0,0,0.0,0.0
3422,171.125,6131.83140217,1619.58238525,1,0,0.0,0,0.0,0.0
3423,171.175,6093.85453977,1615.82944298,1,0,0.0,0,0.0,0.0
3424,171.225,6054.75799361,1611.10585593,1,0,0.0,0,0.0,0.0
3425,171.275,6014.28939744,1605.39848224,1,0,0.0,0,0.0,0.0
3426,171.325,5972.54916915,1598.86244822,1,0,0.0,0,0.0,0.0
3427,171.375,5928.45458284,1590.66887019,1,0,0.0,0,0.0,0.0
3428,171.425,5882.53277578,1581.43424134,1,0,0.0,0,0.0,0.0
3429,171.475,5833.60699729,1569.70369063,1,0,0.0,0,0.0,0.0
3430,171.525,5777.80166001,1552.08688682,1,0,0.0,0,0.0,0.0
3431,171.575,5710.62685317,1523.40683122,1,0,0.0,0,0.0,0.0
3432,171.625,5622.40169883,1473.97743907,1,0,0.0,0,0.0,0.0
3433,171.675,5551.32266889,1440.99267228,1,0,0.0,0,0.0,0.0
3434,171.725,5492.54310949,1418.55658877,1,0,0.0,0,0.0,0.0
3435,171.775,5439.24194153,1400.98665851,1,0,0.0,0,0.0,0.0
3436,171.825,5388.47330391,1385.11808026,1,0,0.0,0,0.0,0.0
3437,171.875,5338.64602322,1369.81405547,1,0,0.0,0,0.0,0.0
3438,171.925,5288.63174304,1354.46399829,1,0,0.0,0,0.0,0.0
3439,171.975,5237.90535137,1338.62068094,1,0,0.0,0,0.0,0.0
3440,172.025,5186.89281912,1322.37030123,1,0,0.0,0,0.0,0.0
3441,172.075,5134.75476436,1305.40908167,1,0,0.0,0,0.0,0.0
3442,172.125,5076.0847041,1282.64822446,1,0,0.0,0,0.0,0.0
3443,172.175,5020.98498301,1263.71482316,1,0,0.0,0,0.0,0.0
3444,172.225,4957.12761052,1242.23152488,2,0,0.0,0,0.0,0.0
3445,172.275,4882.39400203,1206.81316665,2,0,0.0,0,0.0,0.0
3446,172.325,4774.51113583,1153.21917837,2,0,0.0,0,0.0,0.0
3447,172.375,4557.4823828,1052.84677028,1,0,0.0,0,0.0,0.0
3448,172.425,4481.56867962,1026.15592994,1,0,0.0,0,0.0,0.0
3449,172.475,4429.27156921,1010.87128233,1,0,0.0,0,0.0,0.0
3450,172.525,4386.32882547,999.23032316,1,0,0.0,0,0.0,0.0
3451,172.575,4348.70585929,990.04708062,1,0,0.0,0,0.0,0.0
3452,172.625,4314.98350279,982.00389389,1,0,0.0,0,0.0,0.0
3453,172.675,4283.36091826,974.63210273,1,0,0.0,0,0.0,0.0
3454,172.725,4253.25429674,968.05210136,1,0,0.0,0,0.0,0.0
3455,172.775,4224.14547327,961.89982997,1,0,0.0,0,0.0,0.0
3456,172.825,4196.21995127,955.69851359,1,0,0.0,0,0.0,0.0
3457,172.875,4168.92791182,949.45916157,1,0,0.0,0,0.0,0.0
3458,172.925,4142.17676349,943.09310622,1,0,0.0,0,0.0,0.0
3459,172.975,4115.02632692,935.78624122,1,0,0.0,0,0.0,0.0
3460,173.025,4086.75772052,928.96487751,1,0,0.0,0,0.0,0.0
3461,173.075,4054.5653991,920.73737744,1,0,0.0,0,0.0,0.0
3462,173.125,4018.45195546,909.2816833,1,0,0.0,0,0.0,0.0
3463,173.175,3989.24447106,904.86421763,1,0,0.0,0,0.0,0.0
3464,173.225,3963.22149262,900.88709612,1,0,0.0,0,0.0,0.0
3465,173.275,3941.24530302,894.42163356,2,0,0.0,0,0.0,0.0
3466,173.325,3920.9476789,890.03884626,2,0,0.0,0,0.0,0.0
3467,173.375,3901.83216308,885.62039494,2,0,0.0,0,0.0,0.0
3468,173.425,3883.81554372,880.9325334,2,0,0.0,0,0.0,0.0
3469,173.475,3866.47909686,875.76747077,2,1,0.0,0,0.0,0.0
3470,173.525,3849.64364823,871.69121024,1,0,0.0,0,0.0,0.0
3471,173.575,3832.85278131,868.96605102,1,0,0.0,0,0.0,0.0
3472,173.625,3816.45261354,866.23104566,1,0,0.0,0,0.0,0.0
3473,173.675,3800.55245181,863.34386058,1,0,0.0,0,0.0,0.0
3474,173.725,3785.33988041,860.12155253,1,0,0.0,0,0.0,0.0
3475,173.775,3770.65688481,856.53166655,1,0,0.0,0,0.0,0.0
3476,173.825,3756.32673049,849.87744416,1,0,0.0,0,0.0,0.0
3477,173.875,3742.81294391,828.99845161,1,0,0.0,0,0.0,0.0
3478,173.925,3730.28978133,823.5302748,1,0,0.0,0,0.0,0.0
3479,173.975,3718.20239582,819.7871247,1,0,0.0,0,0.0,0.0
3480,174.025,3706.40097749,816.58823057,1,0,0.0,0,0.0,0.0
3481,174.075,3695.06077306,813.3116493,1,0,0.0,0,0.0,0.0
3482,174.125,3684.00079438,810.31729908,1,0,0.0,0,0.0,0.0
3483,174.175,3673.16690385,807.45857352,1,0,0.0,0,0.0,0.0
3484,174.225,3662.50624126,804.5634522,1,0,0.0,0,0.0,0.0
3485,174.275,3652.13685666,801.59041803,1,0,0.0,0,0.0,0.0
3486,174.325,3641.97376581,798.67456418,1,0,0.0,0,0.0,0.0
3487,174.375,3632.03947721,795.66358861,1,0,0.0,0,0.0,0.0
3488,174.425,3622.2584276,792.58282404,1,0,0.0,0,0.0,0.0
3489,174.475,3612.55132542,789.5452279,1,0,0.0,0,0.0,0.0
3490,174.525,3602.92699436,786.10318546,1,0,0.0,0,0.0,0.0
3491,174.575,3593.36004593,781.66399818,1,0,0.0,0,0.0,0.0
3492,174.625,3581.20674945,773.45240085,1,0,0.0,0,0.0,0.0
3493,174.675,3568.93054703,766.75175024,1,0,0.0,0,0.0,0.0
3494,174.725,3558.36478655,760.04663054,1,0,0.0,0,0.0,0.0
3495,174.775,3549.04145888,755.61456291,1,0,0.0,0,0.0,0.0
3496,174.825,3540.48881604,751.78124796,1,0,0.0,0,0.0,0.0
3497,174.875,3532.39414731,748.05863631,1,0,0.0,0,0.0,0.0
3498,174.925,3524.72659648,744.42779297,1,0,0.0,0,0.0,0.0
3499,174.975,3517.51323426,741.00893294,1,0,0.0,0,0.0,0.0
3500,175.025,3510.68677859,737.91780349,1,0,0.0,0,0.0,0.0
3501,175.075,3504.17135583,734.87620077,1,0,0.0,0,0.0,0.0
3502,175.125,3497.98045245,732.00592218,1,0,0.0,0,0.0,0.0
3503,175.175,3492.18463435,729.27819988,1,0,0.0,0,0.0,0.0
3504,175.225,3486.90914021,726.84823662,1,0,0.0,0,0.0,0.0
3505,175.275,3481.83396628,724.47281022,1,0,0.0,0,0.0,0.0
3506,175.325,3476.8539152,722.09671533,1,0,0.0,0,0.0,0.0
3507,175.375,3471.98113022,719.72927742,1,0,0.0,0,0.0,0.0
3508,175.425,3467.20589487,717.34161709,1,0,0.0,0,0.0,0.0
3509,175.475,3462.52049609,714.91834337,1,0,0.0,0,0.0,0.0
3510,175.525,3457.90487906,712.50473515,1,0,0.0,0,0.0,0.0
3511,175.575,3453.38449347,710.24346128,1,0,0.0,0,0.0,0.0
3512,175.625,3448.93593248,708.00961187,1,0,0.0,0,0.0,0.0
3513,175.675,3444.57491175,705.81991136,1,0,0.0,0,0.0,0.0
3514,175.725,3440.28798339,703.63236501,1,0,0.0,0,0.0,0.0
3515,175.775,3436.07565778,701.42554672,1,0,0.0,0,0.0,0.0
3516,175.825,3431.92311887,699.20269736,1,0,0.0,0,0.0,0.0
3517,175.875,3427.82937992,696.97161044,1,0,0.0,0,0.0,0.0
3518,175.925,3423.81963044,694.73609021,1,0,0.0,0,0.0,0.0
3519,175.975,3419.89679327,692.51468968,1,0,0.0,0,0.0,0.0
3520,176.025,3416.01767088,690.31295774,1,0,0.0,0,0.0,0.0
3521,176.075,3412.19414508,688.10525441,1,0,0.0,0,0.0,0.0
3522,176.125,3408.45023715,685.89603142,1,0,0.0,0,0.0,0.0
3523,176.175,3404.76781229,683.679207,1,0,0.0,0,0.0,0.0
3524,176.225,3401.14315481,681.46210379,1,0,0.0,0,0.0,0.0
3525,176.275,3397.56660347,679.25978859,1,0,0.0,0,0.0,0.0
3526,176.325,3394.04909354,677.07557145,1,0,0.0,0,0.0,0.0
3527,176.375,3390.60344788,674.95317955,1,0,0.0,0,0.0,0.0
3528,176.425,3387.19402307,672.84437989,1,0,0.0,0,0.0,0.0
3529,176.475,3383.82721081,670.74542935,1,0,0.0,0,0.0,0.0
3530,176.525,3380.50038495,668.65183404,1,0,0.0,0,0.0,0.0
3531,176.575,3377.20984841,666.56468183,1,0,0.0,0,0.0,0.0
3532,176.625,3373.95622336,664.54320248,1,0,0.0,0,0.0,0.0
3533,176.675,3370.73430441,662.5201959,1,0,0.0,0,0.0,0.0
3534,176.725,3367.56306468,660.50041909,1,0,0.0,0,0.0,0.0
3535,176.775,3364.45140421,658.48898628,1,0,0.0,0,0.0,0.0
3536,176.825,3361.39675525,656.50081572,1,0,0.0,0,0.0,0.0
3537,176.875,3358.37712159,654.53848377,1,0,0.0,0,0.0,0.0
3538,176.925,3355.39070668,652.59622573,1,0,0.0,0,0.0,0.0
3539,176.975,3352.42861285,650.74126627,1,0,0.0,0,0.0,0.0
3540,177.025,3349.51288511,648.89404456,1,0,0.0,0,0.0,0.0
3541,177.075,3346.63434044,647.10058479,1,0,0.0,0,0.0,0.0
3542,177.125,3343.78220318,645.33230546,1,0,0.0,0,0.0,0.0
3543,177.175,3340.96255206,643.60759209,1,0,0.0,0,0.0,0.0
3544,177.225,3338.17660647,641.9107509,1,0,0.0,0,0.0,0.0
3545,177.275,3335.41856785,640.22773404,1,0,0.0,0,0.0,0.0
3546,177.325,3332.68808742,638.5625762,1,0,0.0,0,0.0,0.0
3547,177.375,3329.9795067,636.91281285,1,0,0.0,0,0.0,0.0
3548,177.425,3327.2907114,635.27866083,1,0,0.0,0,0.0,0.0
3549,177.475,3324.62415298,633.67177723,1,0,0.0,0,0.0,0.0
3550,177.525,3321.98798686,632.08356887,1,0,0.0,0,0.0,0.0
3551,177.575,3319.37137954,630.51037454,1,0,0.0,0,0.0,0.0
3552,177.625,3316.78568831,628.932985,1,0,0.0,0,0.0,0.0
3553,177.675,3314.22825077,627.37119678,1,0,0.0,0,0.0,0.0
3554,177.725,3311.68756601,625.83903088,1,0,0.0,0,0.0,0.0
3555,177.775,3309.16608673,624.32940998,1,0,0.0,0,0.0,0.0
3556,177.825,3306.66542875,622.82704598,1,0,0.0,0,0.0,0.0
3557,177.875,3304.19330803,621.33514281,1,0,0.0,0,0.0,0.0
3558,177.925,3301.74677342,619.8637707,1,0,0.0,0,0.0,0.0
3559,177.975,3299.32281439,618.39736244,1,0,0.0,0,0.0,0.0
3560,178.025,3296.92413446,616.94732299,1,0,0.0,0,0.0,0.0
3561,178.075,3294.55179603,615.50291558,1,0,0.0,0,0.0,0.0
3562,178.125,3292.20139,614.0537519,1,0,0.0,0,0.0,0.0
3563,178.175,3289.86513606,612.60745749,1,0,0.0,0,0.0,0.0
3564,178.225,3287.54305135,611.15768014,1,0,0.0,0,0.0,0.0
3565,178.275,3285.24856372,609.72434939,1,0,0.0,0,0.0,0.0
3566,178.325,3282.98300404,608.2979714,1,0,0.0,0,0.0,0.0
3567,178.375,3280.73354613,606.87616919,1,0,0.0,0,0.0,0.0
3568,178.425,3278.50224292,605.48657166,1,0,0.0,0,0.0,0.0
3569,178.475,3276.27594014,604.12758548,1,0,0.0,0,0.0,0.0
3570,178.525,3274.06012105,602.77851729,1,0,0.0,0,0.0,0.0
3571,178.575,3271.86450004,601.44461595,1,0,0.0,0,0.0,0.0
3572,178.625,3269.68022394,600.12342668,1,0,0.0,0,0.0,0.0
3573,178.675,3267.5066847,598.81501276,1,0,0.0,0,0.0,0.0
3574,178.725,3265.34365133,597.53295784,1,0,0.0,0,0.0,0.0
3575,178.775,3263.19276338,596.28042503,1,0,0.0,0,0.0,0.0
3576,178.825,3261.05287353,595.04484291,1,0,0.0,0,0.0,0.0
3577,178.875,3258.92138593,593.81194212,1,0,0.0,0,0.0,0.0
3578,178.925,3256.79922368,592.60254454,1,0,0.0,0,0.0,0.0
3579,178.975,3254.69381228,591.40927369,1,0,0.0,0,0.0,0.0
3580,179.025,3252.60186141,590.22020946,1,0,0.0,0,0.0,0.0
3581,179.075,3250.53083804,589.08712279,1,0,0.0,0,0.0,0.0
3582,179.125,3248.47158524,587.97139544,1,0,0.0,0,0.0,0.0
3583,179.175,3246.42260176,586.85726285,1,0,0.0,0,0.0,0.0
3584,179.225,3244.3849862,585.74431948,1,0,0.0,0,0.0,0.0
3585,179.275,3242.35523519,584.64193745,1,0,0.0,0,0.0,0.0
3586,179.325,3240.33231699,583.56074151,1,0,0.0,0,0.0,0.0
3587,179.375,3238.31587383,582.48601704,1,0,0.0,0,0.0,0.0
3588,179.425,3236.31425722,581.41177733,1,0,0.0,0,0.0,0.0
3589,179.475,3234.31978742,580.33998718,1,0,0.0,0,0.0,0.0
3590,179.525,3232.33799523,579.2842751,1,0,0.0,0,0.0,0.0
3591,179.575,3230.35408586,578.25875046,1,0,0.0,0,0.0,0.0
3592,179.625,3228.37344188,577.23838164,1,0,0.0,0,0.0,0.0
3593,179.675,3226.40055258,576.25269896,1,0,0.0,0,0.0,0.0
3594,179.725,3224.43621635,575.30336643,1,0,0.0,0,0.0,0.0
3595,179.775,3222.48133559,574.35607462,1,0,0.0,0,0.0,0.0
3596,179.825,3220.53619155,573.41441099,1,0,0.0,0,0.0,0.0
3597,179.875,3218.6062111,572.50018256,1,0,0.0,0,0.0,0.0
3598,179.925,3216.68906676,571.6176565,1,0,0.0,0,0.0,0.0
3599,179.975,3214.76908622,570.7466123,1,0,0.0,0,0.0,0.0
3600,180.025,3212.8490993,569.88821004,1,0,0.0,0,0.0,0.0
3601,180.075,3210.92991383,569.03390184,1,0,0.0,0,0.0,0.0
3602,180.125,3209.01816843,568.18232174,1,0,0.0,0,0.0,0.0
3603,180.175,3207.11203826,567.3313,1,0,0.0,0,0.0,0.0
3604,180.225,3205.21140417,566.4784702,1,0,0.0,0,0.0,0.0
3605,180.275,3203.31586681,565.65113691,1,0,0.0,0,0.0,0.0
3606,180.325,3201.42535084,564.83447389,1,0,0.0,0,0.0,0.0
3607,180.375,3199.53969029,564.05230247,1,0,0.0,0,0.0,0.0
3608,180.425,3197.658814,563.27013105,1,0,0.0,0,0.0,0.0
3609,180.475,3195.78613402,562.5008081,1,0,0.0,0,0.0,0.0
3610,180.525,3193.91501041,561.73435789,1,0,0.0,0,0.0,0.0
3611,180.575,3192.04704291,560.96908575,1,0,0.0,0,0.0,0.0
3612,180.625,3190.17668809,560.20297952,1,0,0.0,0,0.0,0.0
3613,180.675,3188.31288302,559.43364512,1,0,0.0,0,0.0,0.0
3614,180.725,3186.45607279,558.67166115,1,0,0.0,0,0.0,0.0
3615,180.775,3184.60404132,557.91212742,1,0,0.0,0,0.0,0.0
3616,180.825,3182.75657214,557.15267644,1,0,0.0,0,0.0,0.0
3617,180.875,3180.91293043,556.39378611,1,0,0.0,0,0.0,0.0
3618,180.925,3179.07480835,555.64320683,1,0,0.0,0,0.0,0.0
3619,180.975,3177.239028,554.89868954,1,0,0.0,0,0.0,0.0
3620,181.025,3175.40085663,554.16338267,1,0,0.0,0,0.0,0.0
3621,181.075,3173.56774547,553.44437362,1,0,0.0,0,0.0,0.0
3622,181.125,3171.72860826,552.72039141,1,0,0.0,0,0.0,0.0
3623,181.175,3169.89248217,552.00019093,1,0,0.0,0,0.0,0.0
3624,181.225,3168.05699794,551.31582798,1,0,0.0,0,0.0,0.0
3625,181.275,3166.22481025,550.63173033,1,0,0.0,0,0.0,0.0
3626,181.325,3164.39475431,549.94878088,1,0,0.0,0,0.0,0.0
3627,181.375,3162.56787364,549.26593313,1,0,0.0,0,0.0,0.0
3628,181.425,3160.72654276,548.59044072,1,0,0.0,0,0.0,0.0
3629,181.475,3158.88422346,547.92186163,1,0,0.0,0,0.0,0.0
3630,181.525,3157.03994449,547.25771364,1,0,0.0,0,0.0,0.0
3631,181.575,3155.19370265,546.58960279,1,0,0.0,0,0.0,0.0
3632,181.625,3153.34803716,545.93984308,1,0,0.0,0,0.0,0.0
3633,181.675,3151.50863095,545.30149867,1,0,0.0,0,0.0,0.0
3634,181.725,3149.67572508,544.67492444,1,0,0.0,0,0.0,0.0
3635,181.775,3147.84603805,544.06420853,1,0,0.0,0,0.0,0.0
3636,181.825,3146.02115695,543.48092275,1,0,0.0,0,0.0,0.0
3637,181.875,3144.20137272,542.90120939,1,0,0.0,0,0.0,0.0
3638,181.925,3142.38481709,542.32194198,1,0,0.0,0,0.0,0.0
3639,181.975,3140.57091316,541.7478402,1,0,0.0,0,0.0,0.0
3640,182.025,3138.7549378,541.18361585,1,0,0.0,0,0.0,0.0
3641,182.075,3136.93403187,540.65204137,1,0,0.0,0,0.0,0.0
3642,182.125,3135.11493804,540.13193984,1,0,0.0,0,0.0,0.0
3643,182.175,3133.29777942,539.61534516,1,0,0.0,0,0.0,0.0
3644,182.225,3131.48256325,539.10396101,1,0,0.0,0,0.0,0.0
3645,182.275,3129.66727273,538.59576614,1,0,0.0,0,0.0,0.0
3646,182.325,3127.85298889,538.09531176,1,0,0.0,0,0.0,0.0
3647,182.375,3126.04108027,537.59455957,1,0,0.0,0,0.0,0.0
3648,182.425,3124.22895389,537.09328693,1,0,0.0,0,0.0,0.0
3649,182.475,3122.41543174,536.59208051,1,0,0.0,0,0.0,0.0
3650,182.525,3120.5969763,536.08890276,1,0,0.0,0,0.0,0.0
3651,182.575,3118.78119928,535.5890609,1,0,0.0,0,0.0,0.0
3652,182.625,3116.96815763,535.09110907,1,0,0.0,0,0.0,0.0
3653,182.675,3115.15785643,534.59315724,1,0,0.0,0,0.0,0.0
3654,182.725,3113.35027645,534.10134871,1,0,0.0,0,0.0,0.0
3655,182.775,3111.54528236,533.61807683,1,0,0.0,0,0.0,0.0
3656,182.825,3109.74271091,533.13518363,1,0,0.0,0,0.0,0.0
3657,182.875,3107.94247749,532.65141713,1,0,0.0,0,0.0,0.0
3658,182.925,3106.14370815,532.16700649,1,0,0.0,0,0.0,0.0
3659,182.975,3104.34164985,531.68432411,1,0,0.0,0,0.0,0.0
3660,183.025,3102.54280613,531.22371175,1,0,0.0,0,0.0,0.0
3661,183.075,3100.74477615,530.77334403,1,0,0.0,0,0.0,0.0
3662,183.125,3098.94806556,530.34604325,1,0,0.0,0,0.0,0.0
3663,183.175,3097.15121183,529.94788687,1,0,0.0,0,0.0,0.0
3664,183.225,3095.35736971,529.58676052,1,0,0.0,0,0.0,0.0
3665,183.275,3093.56493285,529.22849427,1,0,0.0,0,0.0,0.0
3666,183.325,3091.77575784,528.8696203,1,0,0.0,0,0.0,0.0
3667,183.375,3089.9816001,528.52964868,1,0,0.0,0,0.0,0.0
3668,183.425,3088.18717887,528.20701784,1,0,0.0,0,0.0,0.0
3669,183.475,3086.39874507,527.88561367,1,0,0.0,0,0.0,0.0
3670,183.525,3084.61197615,527.58864581,1,0,0.0,0,0.0,0.0
3671,183.575,3082.82464028,527.29658409,1,0,0.0,0,0.0,0.0
3672,183.625,3081.03651422,527.00459209,1,0,0.0,0,0.0,0.0
3673,183.675,3079.24997332,526.71538625,1,0,0.0,0,0.0,0.0
3674,183.725,3077.46590602,526.45645619,1,0,0.0,0,0.0,0.0
3675,183.775,3075.6861437,526.21723308,1,0,0.0,0,0.0,0.0
3676,183.825,3073.90693472,525.98044601,1,0,0.0,0,0.0,0.0
3677,183.875,3072.12362322,525.75145192,1,0,0.0,0,0.0,0.0
3678,183.925,3070.35049912,525.52804398,1,0,0.0,0,0.0,0.0
3679,183.975,3068.57995267,525.30415053,1,0,0.0,0,0.0,0.0
3680,184.025,3066.80846023,525.08035262,1,0,0.0,0,0.0,0.0
3681,184.075,3065.0383794,524.871868,1,0,0.0,0,0.0,0.0
3682,184.125,3063.27078065,524.70217545,1,0,0.0,0,0.0,0.0
3683,184.175,3061.50344402,524.53668105,1,0,0.0,0,0.0,0.0
3684,184.225,3059.74134431,524.38563941,1,0,0.0,0,0.0,0.0
3685,184.275,3057.98204291,524.23622457,1,0,0.0,0,0.0,0.0
3686,184.325,3056.22583593,524.08967797,1,0,0.0,0,0.0,0.0
3687,184.375,3054.47255582,523.95023668,1,0,0.0,0,0.0,0.0
3688,184.425,3052.720305,523.82032484,1,0,0.0,0,0.0,0.0
3689,184.475,3050.96910292,523.69309843,1,0,0.0,0,0.0,0.0
3690,184.525,3049.21894389,523.56835322,1,0,0.0,0,0.0,0.0
3691,184.575,3047.46966636,523.44368012,1,0,0.0,0,0.0,0.0
3692,184.625,3045.72330607,523.32198172,1,0,0.0,0,0.0,0.0
3693,184.675,3043.97938714,523.21115562,1,0,0.0,0,0.0,0.0
3694,184.725,3042.24032739,523.102459,1,0,0.0,0,0.0,0.0
3695,184.775,3040.50396029,522.99515602,1,0,0.0,0,0.0,0.0
3696,184.825,3038.76949445,522.88916381,1,0,0.0,0,0.0,0.0
3697,184.875,3037.03172965,522.78341932,1,0,0.0,0,0.0,0.0
3698,184.925,3035.29471159,522.6776961,1,0,0.0,0,0.0,0.0
3699,184.975,3033.557828,522.57260813,1,0,0.0,0,0.0,0.0
3700,185.025,3031.82111875,522.47357145,1,0,0.0,0,0.0,0.0
3701,185.075,3030.09078509,522.3763372,1,0,0.0,0,0.0,0.0
3702,185.125,3028.36566828,522.29432212,1,0,0.0,0,0.0,0.0
3703,185.175,3026.63973974,522.22349826,1,0,0.0,0,0.0,0.0
3704,185.225,3024.9142883,522.15270452,1,0,0.0,0,0.0,0.0
3705,185.275,3023.18931408,522.08191077,1,0,0.0,0,0.0,0.0
3706,185.325,3021.46481711,522.01118702,1,0,0.0,0,0.0,0.0
3707,185.375,3019.74081311,521.94212189,1,0,0.0,0,0.0,0.0
3708,185.425,3018.01671057,521.95427192,1,0,0.0,0,0.0,0.0
3709,185.475,3016.29018932,521.99023334,1,0,0.0,0,0.0,0.0
3710,185.525,3014.56399042,522.02668517,1,0,0.0,0,0.0,0.0
3711,185.575,3012.84626672,522.07197302,1,0,0.0,0,0.0,0.0
3712,185.625,3011.13456616,522.15566562,1,0,0.0,0,0.0,0.0
3713,185.675,3009.41540588,522.24746609,1,0,0.0,0,0.0,0.0
3714,185.725,3007.69641701,522.33926655,1,0,0.0,0,0.0,0.0
3715,185.775,3005.97759955,522.43106702,1,0,0.0,0,0.0,0.0
3716,185.825,3004.26254321,522.69226811,1,0,0.0,0,0.0,0.0
3717,185.875,3002.55240136,523.09758872,1,0,0.0,0,0.0,0.0
3718,185.925,3000.8433687,523.50353863,1,0,0.0,0,0.0,0.0
3719,185.975,2999.1364399,523.91121575,1,0,0.0,0,0.0,0.0
3720,186.025,2997.43361552,524.32003446,1,0,0.0,0,0.0,0.0
3721,186.075,2995.74628771,524.73774396,1,0,0.0,0,0.0,0.0
3722,186.125,2994.05886747,525.18878678,1,0,0.0,0,0.0,0.0
3723,186.175,2992.37117359,525.66447939,1,0,0.0,0,0.0,0.0
3724,186.225,2990.68341839,526.1434303,1,0,0.0,0,0.0,0.0
3725,186.275,2988.99311621,526.63162356,1,0,0.0,0,0.0,0.0
3726,186.325,2987.30405941,527.11981682,1,0,0.0,0,0.0,0.0
3727,186.375,2985.61670878,527.60881213,1,0,0.0,0,0.0,0.0
3728,186.425,2983.93287028,528.09775099,1,0,0.0,0,0.0,0.0
3729,186.475,2982.24820903,528.59063877,1,0,0.0,0,0.0,0.0
3730,186.525,2980.57320369,529.0872763,1,0,0.0,0,0.0,0.0
3731,186.575,2978.90687682,529.58789531,1,0,0.0,0,0.0,0.0
3732,186.625,2977.24113832,530.08866828,1,0,0.0,0,0.0,0.0
3733,186.675,2975.57792869,530.59124273,1,0,0.0,0,0.0,0.0
3734,186.725,2973.91541995,531.10090168,1,0,0.0,0,0.0,0.0
3735,186.775,2972.25785497,531.61552515,1,0,0.0,0,0.0,0.0
3736,186.825,2970.60103338,532.13073946,1,0,0.0,0,0.0,0.0
3737,186.875,2968.94480339,532.6621645,1,0,0.0,0,0.0,0.0
3738,186.925,2967.28923508,533.19666764,1,0,0.0,0,0.0,0.0
3739,186.975,2965.63850739,533.74971076,1,0,0.0,0,0.0,0.0
3740,187.025,2964.00002729,534.31287624,1,0,0.0,0,0.0,0.0
3741,187.075,2962.36922974,534.88078247,1,0,0.0,0,0.0,0.0
3742,187.125,2960.73831592,535.5346187,1,0,0.0,0,0.0,0.0
3743,187.175,2959.10735548,536.19395984,1,0,0.0,0,0.0,0.0
3744,187.225,2957.47504067,536.85586752,1,0,0.0,0,0.0,0.0
3745,187.275,2955.84503162,537.53549435,1,0,0.0,0,0.0,0.0
3746,187.325,2954.21467403,538.21716608,1,0,0.0,0,0.0,0.0
3747,187.375,2952.58384441,538.89883772,1,0,0.0,0,0.0,0.0
3748,187.425,2950.95238987,539.58036581,1,0,0.0,0,0.0,0.0
3749,187.475,2949.32118948,540.26709698,1,0,0.0,0,0.0,0.0
3750,187.525,2947.69609396,540.9593331,1,0,0.0,0,0.0,0.0
3751,187.575,2946.07307964,541.65462167,1,0,0.0,0,0.0,0.0
3752,187.625,2944.4501,542.35434588,1,0,0.0,0,0.0,0.0
3753,187.675,2942.82374633,543.05757961,1,0,0.0,0,0.0,0.0
3754,187.725,2941.19640678,543.76147422,1,0,0.0,0,0.0,0.0
3755,187.775,2939.56809523,544.46583811,1,0,0.0,0,0.0,0.0
3756,187.825,2937.93812578,545.17705992,1,0,0.0,0,0.0,0.0
3757,187.875,2936.30361289,545.88941849,1,0,0.0,0,0.0,0.0
3758,187.925,2934.66781184,546.60177705,1,0,0.0,0,0.0,0.0
3759,187.975,2933.03081877,547.31412235,1,0,0.0,0,0.0,0.0
3760,188.025,2931.40079748,548.02903108,1,0,0.0,0,0.0,0.0
3761,188.075,2929.7729918,548.7621799,1,0,0.0,0,0.0,0.0
3762,188.125,2928.14979284,549.51481091,1,0,0.0,0,0.0,0.0
3763,188.175,2926.53248493,550.29133146,1,0,0.0,0,0.0,0.0
3764,188.225,2924.93728624,551.0772424,1,0,0.0,0,0.0,0.0
3765,188.275,2923.34221607,551.8654998,1,0,0.0,0,0.0,0.0
3766,188.325,2921.74714349,552.6549232,1,0,0.0,0,0.0,0.0
3767,188.375,2920.15359916,553.46171818,1,0,0.0,0,0.0,0.0
3768,188.425,2918.55995026,554.28334137,1,0,0.0,0,0.0,0.0
3769,188.475,2916.96655941,555.10943313,1,0,0.0,0,0.0,0.0
3770,188.525,2915.37675047,555.93344181,1,0,0.0,0,0.0,0.0
3771,188.575,2913.78980187,556.75572337,1,0,0.0,0,0.0,0.0
3772,188.625,2912.20460041,557.57815718,1,0,0.0,0,0.0,0.0
3773,188.675,2910.62881539,558.39666242,1,0,0.0,0,0.0,0.0
3774,188.725,2909.05302689,559.21749424,1,0,0.0,0,0.0,0.0
3775,188.775,2907.47706979,560.04046791,1,0,0.0,0,0.0,0.0
3776,188.825,2905.91094116,560.8657627,1,0,0.0,0,0.0,0.0
3777,188.875,2904.34501079,561.69775431,1,0,0.0,0,0.0,0.0
3778,188.925,2902.78179696,562.53900529,1,0,0.0,0,0.0,0.0
3779,188.975,2901.22007462,563.39477037,1,0,0.0,0,0.0,0.0
3780,189.025,2899.65877799,564.27138654,1,0,0.0,0,0.0,0.0
3781,189.075,2898.10448106,565.14891288,1,0,0.0,0,0.0,0.0
3782,189.125,2896.55811156,566.02885035,1,0,0.0,0,0.0,0.0
3783,189.175,2895.01461793,566.90874597,1,0,0.0,0,0.0,0.0
3784,189.225,2893.48091265,567.80116878,1,0,0.0,0,0.0,0.0
3785,189.275,2891.94590366,568.85809056,1,0,0.0,0,0.0,0.0
3786,189.325,2890.41009528,569.91501235,1,0,0.0,0,0.0,0.0
3787,189.375,2888.87348764,570.97449551,1,0,0.0,0,0.0,0.0
3788,189.425,2887.33792285,572.04572459,1,0,0.0,0,0.0,0.0
3789,189.475,2885.7996538,573.13962789,1,0,0.0,0,0.0,0.0
3790,189.525,2884.2599026,574.23748958,1,0,0.0,0,0.0,0.0
3791,189.575,2882.72104598,575.33426192,1,0,0.0,0,0.0,0.0
3792,189.625,2881.18969123,576.42678727,1,0,0.0,0,0.0,0.0
3793,189.675,2879.65743471,577.5224873,1,0,0.0,0,0.0,0.0
3794,189.725,2878.12426461,578.62288878,1,0,0.0,0,0.0,0.0
3795,189.775,2876.5901781,579.72329027,1,0,0.0,0,0.0,0.0
3796,189.825,2875.05517301,580.82371373,1,0,0.0,0,0.0,0.0
3797,189.875,2873.52148329,581.95400611,1,0,0.0,0,0.0,0.0
3798,189.925,2871.98797869,583.08876895,1,0,0.0,0,0.0,0.0
3799,189.975,2870.45330489,584.2235318,1,0,0.0,0,0.0,0.0
3800,190.025,2868.92062323,585.35747736,1,0,0.0,0,0.0,0.0
3801,190.075,2867.3903078,586.49090276,1,0,0.0,0,0.0,0.0
3802,190.125,2865.85889984,587.62669265,1,0,0.0,0,0.0,0.0
3803,190.175,2864.3264278,588.76847509,1,0,0.0,0,0.0,0.0
3804,190.225,2862.79287968,589.91619727,1,0,0.0,0,0.0,0.0
3805,190.275,2861.25823498,591.0636631,1,0,0.0,0,0.0,0.0
3806,190.325,2859.72304921,592.21207946,1,0,0.0,0,0.0,0.0
3807,190.375,2858.19006904,593.37099262,1,0,0.0,0,0.0,0.0
3808,190.425,2856.66325796,594.52903592,1,0,0.0,0,0.0,0.0
3809,190.475,2855.13548127,595.68707921,1,0,0.0,0,0.0,0.0
3810,190.525,2853.60671337,596.84822543,1,0,0.0,0,0.0,0.0
3811,190.575,2852.07615481,598.01654618,1,0,0.0,0,0.0,0.0
3812,190.625,2850.54094897,599.19823935,1,0,0.0,0,0.0,0.0
3813,190.675,2849.00331829,600.40080444,1,0,0.0,0,0.0,0.0
3814,190.725,2847.46623507,601.61276211,1,0,0.0,0,0.0,0.0
3815,190.775,2845.92675818,602.83948553,1,0,0.0,0,0.0,0.0
3816,190.825,2844.38735793,604.08573651,1,0,0.0,0,0.0,0.0
3817,190.875,2842.84403658,605.34134911,1,0,0.0,0,0.0,0.0
3818,190.925,2841.29128154,606.60548499,1,0,0.0,0,0.0,0.0
3819,190.975,2839.73566101,607.87132966,1,0,0.0,0,0.0,0.0
3820,191.025,2838.17817846,609.1367342,1,0,0.0,0,0.0,0.0
3821,191.075,2836.61745342,610.40236824,1,0,0.0,0,0.0,0.0
3822,191.125,2835.05384138,611.67013655,1,0,0.0,0,0.0,0.0
3823,191.175,2833.48879287,612.94368702,1,0,0.0,0,0.0,0.0
3824,191.225,2831.92549275,614.22791957,1,0,0.0,0,0.0,0.0
3825,191.275,2830.35906025,615.51215212,1,0,0.0,0,0.0,0.0
3826,191.325,2828.78947909,616.81394102,1,0,0.0,0,0.0,0.0
3827,191.375,2827.21534973,618.13131937,1,0,0.0,0,0.0,0.0
3828,191.425,2825.63717457,619.45417044,1,0,0.0,0,0.0,0.0
3829,191.475,2824.05601198,620.78198812,1,0,0.0,0,0.0,0.0
3830,191.525,2822.4764972,622.12565164,1,0,0.0,0,0.0,0.0
3831,191.575,2820.89363632,623.46931517,1,0,0.0,0,0.0,0.0
3832,191.625,2819.30663034,624.81628603,1,0,0.0,0,0.0,0.0
3833,191.675,2817.71401901,626.17137756,1,0,0.0,0,0.0,0.0
3834,191.725,2816.1177342,627.52626984,1,0,0.0,0,0.0,0.0
3835,191.775,2814.52350989,628.88121099,1,0,0.0,0,0.0,0.0
3836,191.825,2812.92338659,630.23838896,1,0,0.0,0,0.0,0.0
3837,191.875,2811.31802453,631.60083694,1,0,0.0,0,0.0,0.0
3838,191.925,2809.70803209,632.98316637,1,0,0.0,0,0.0,0.0
3839,191.975,2808.09654427,634.3752848,1,0,0.0,0,0.0,0.0
3840,192.025,2806.48562902,635.78034433,1,0,0.0,0,0.0,0.0
3841,192.075,2804.87054773,637.18661273,1,0,0.0,0,0.0,0.0
3842,192.125,2803.25121647,638.59288112,1,0,0.0,0,0.0,0.0
3843,192.175,2801.6276324,640.00658054,1,0,0.0,0,0.0,0.0
3844,192.225,2799.99981928,641.43775096,1,0,0.0,0,0.0,0.0
3845,192.275,2798.36781923,642.86892137,1,0,0.0,0,0.0,0.0
3846,192.325,2796.73163507,644.30016058,1,0,0.0,0,0.0,0.0
3847,192.375,2795.09070598,645.73630216,1,0,0.0,0,0.0,0.0
3848,192.425,2793.4441256,647.18737012,1,0,0.0,0,0.0,0.0
3849,192.475,2791.79189715,648.64540276,1,0,0.0,0,0.0,0.0
3850,192.525,2790.13043994,650.10172402,1,0,0.0,0,0.0,0.0
3851,192.575,2788.45817517,649.59550847,2,0,0.0,0,0.0,0.0
3852,192.625,2786.77538658,646.0257114,2,0,0.0,0,0.0,0.0
3853,192.675,2785.08602181,642.45676216,2,0,0.0,0,0.0,0.0
3854,192.725,2783.38943053,638.88653624,2,0,0.0,0,0.0,0.0
3855,192.775,2781.68757827,635.32022808,2,0,0.0,0,0.0,0.0
3856,192.825,2779.97650822,631.7755466,2,0,0.0,0,0.0,0.0
3857,192.875,2778.2539689,628.24245572,2,0,0.0,0,0.0,0.0
3858,192.925,2776.52331194,624.73207758,2,0,0.0,0,0.0,0.0
3859,192.975,2774.78733631,621.2203197,2,0,0.0,0,0.0,0.0
3860,193.025,2773.04601422,617.70688081,2,0,0.0,0,0.0,0.0
3861,193.075,2771.2986956,614.1950208,2,0,0.0,0,0.0,0.0
3862,193.125,2769.54462273,610.68708635,2,0,0.0,0,0.0,0.0
3863,193.175,2767.78492838,607.18966617,2,0,0.0,0,0.0,0.0
3864,193.225,2766.0179364,603.70861598,2,0,0.0,0,0.0,0.0
3865,193.275,2764.23865518,600.28921972,2,0,0.0,0,0.0,0.0
3866,193.325,2762.45209477,596.87703747,2,0,0.0,0,0.0,0.0
3867,193.375,2760.65901244,593.46486594,2,0,0.0,0,0.0,0.0
3868,193.425,2758.85217469,590.06165937,2,0,0.0,0,0.0,0.0
3869,193.475,2757.03555084,586.67432999,2,0,0.0,0,0.0,0.0
3870,193.525,2755.20813604,584.6956583,2,0,0.0,0,0.0,0.0
3871,193.575,2753.36906351,585.13153448,2,0,0.0,0,0.0,0.0
3872,193.625,2751.51857668,585.56660723,2,0,0.0,0,0.0,0.0
3873,193.675,2749.6517566,586.003009,2,0,0.0,0,0.0,0.0
3874,193.725,2747.76577793,586.44578201,2,0,0.0,0,0.0,0.0
3875,193.775,2745.87134286,586.88093677,2,0,0.0,0,0.0,0.0
3876,193.825,2743.96835667,587.31283081,2,0,0.0,0,0.0,0.0
3877,193.875,2742.04811191,587.74437527,2,0,0.0,0,0.0,0.0
3878,193.925,2740.10756765,588.19080459,2,0,0.0,0,0.0,0.0
3879,193.975,2738.15460963,588.64458429,2,0,0.0,0,0.0,0.0
3880,194.025,2736.18919245,589.10318776,2,0,0.0,0,0.0,0.0
3881,194.075,2734.20762463,589.57160626,2,0,0.0,0,0.0,0.0
3882,194.125,2732.2182017,590.0446625,2,0,0.0,0,0.0,0.0
3883,194.175,2730.21771316,590.51819835,2,0,0.0,0,0.0,0.0
3884,194.225,2728.20224336,591.00876259,2,0,0.0,0,0.0,0.0
3885,194.275,2726.17626366,591.51073967,2,0,0.0,0,0.0,0.0
3886,194.325,2724.13580204,592.02464096,2,0,0.0,0,0.0,0.0
3887,194.375,2722.08314179,592.55560586,2,0,0.0,0,0.0,0.0
3888,194.425,2720.01153037,593.08932527,2,0,0.0,0,0.0,0.0
3889,194.475,2717.92393824,593.64804731,2,0,0.0,0,0.0,0.0
3890,194.525,2715.82221141,594.3275441,2,0,0.0,0,0.0,0.0
3891,194.575,2713.70967642,595.00553005,2,0,0.0,0,0.0,0.0
3892,194.625,2711.58638884,595.68355584,2,0,0.0,0,0.0,0.0
3893,194.675,2709.44877251,596.37200663,2,0,0.0,0,0.0,0.0
3894,194.725,2707.29207155,597.0651627,2,0,0.0,0,0.0,0.0
3895,194.775,2705.11880485,597.76829824,2,0,0.0,0,0.0,0.0
3896,194.825,2702.90623472,598.48162267,2,0,0.0,0,0.0,0.0
3897,194.875,2700.67706407,599.19639408,2,0,0.0,0,0.0,0.0
3898,194.925,2698.42674194,599.91416191,2,0,0.0,0,0.0,0.0
3899,194.975,2696.14808481,600.63523588,2,0,0.0,0,0.0,0.0
3900,195.025,2693.8447147,601.35233015,2,0,0.0,0,0.0,0.0
3901,195.075,2691.52008977,602.06370013,2,0,0.0,0,0.0,0.0
3902,195.125,2689.17504656,602.7727436,2,0,0.0,0,0.0,0.0
3903,195.175,2686.80694406,603.51400958,2,0,0.0,0,0.0,0.0
3904,195.225,2684.41474091,604.29052855,2,0,0.0,0,0.0,0.0
3905,195.275,2682.00157712,605.07315414,2,0,0.0,0,0.0,0.0
3906,195.325,2679.56974015,605.85575506,2,0,0.0,0,0.0,0.0
3907,195.375,2677.10998208,606.65284017,2,0,0.0,0,0.0,0.0
3908,195.425,2674.62554763,607.44642982,2,0,0.0,0,0.0,0.0
3909,195.475,2672.1094842,608.26877652,2,0,0.0,0,0.0,0.0
3910,195.525,2669.57108369,609.12051348,2,0,0.0,0,0.0,0.0
3911,195.575,2667.00361428,609.99051261,2,0,0.0,0,0.0,0.0
3912,195.625,2664.40881368,610.8703679,2,0,0.0,0,0.0,0.0
3913,195.675,2661.78640543,611.74518379,2,0,0.0,0,0.0,0.0
3914,195.725,2659.12099002,612.61852671,2,0,0.0,0,0.0,0.0
3915,195.775,2656.42682417,613.49854288,2,0,0.0,0,0.0,0.0
3916,195.825,2653.71127126,614.38508673,2,0,0.0,0,0.0,0.0
3917,195.875,2650.96684799,615.26695719,2,0,0.0,0,0.0,0.0
3918,195.925,2648.18577956,616.13842849,2,0,0.0,0,0.0,0.0
3919,195.975,2645.37105316,616.99465328,2,0,0.0,0,0.0,0.0
3920,196.025,2642.5217001,617.83991678,2,0,0.0,0,0.0,0.0
3921,196.075,2639.63898938,618.69266032,2,0,0.0,0,0.0,0.0
3922,196.125,2636.73289218,619.60950686,2,0,0.0,0,0.0,0.0
3923,196.175,2633.80266341,620.61560172,2,0,0.0,0,0.0,0.0
3924,196.225,2630.85003506,621.62714539,2,0,0.0,0,0.0,0.0
3925,196.275,2627.87086476,622.63945382,2,0,0.0,0,0.0,0.0
3926,196.325,2624.85270909,623.64441046,2,0,0.0,0,0.0,0.0
3927,196.375,2621.79644472,624.66682978,2,0,0.0,0,0.0,0.0
3928,196.425,2618.69156912,625.72169688,2,0,0.0,0,0.0,0.0
3929,196.475,2615.54700166,626.78421606,2,0,0.0,0,0.0,0.0
3930,196.525,2612.36273761,627.8546965,2,0,0.0,0,0.0,0.0
3931,196.575,2609.13369636,628.93747764,2,0,0.0,0,0.0,0.0
3932,196.625,2605.85637031,630.02317881,2,0,0.0,0,0.0,0.0
3933,196.675,2602.53319662,631.11567439,2,0,0.0,0,0.0,0.0
3934,196.725,2599.16338476,632.20639315,2,0,0.0,0,0.0,0.0
3935,196.775,2595.74338327,633.29674988,2,0,0.0,0,0.0,0.0
3936,196.825,2592.28056594,634.38362705,2,0,0.0,0,0.0,0.0
3937,196.875,2588.7664288,635.46195695,2,0,0.0,0,0.0,0.0
3938,196.925,2585.20900267,636.530117,2,0,0.0,0,0.0,0.0
3939,196.975,2581.61050499,637.57418941,2,0,0.0,0,0.0,0.0
3940,197.025,2577.93330473,638.63230494,2,0,0.0,0,0.0,0.0
3941,197.075,2574.13521804,639.85291355,2,0,0.0,0,0.0,0.0
3942,197.125,2570.25753058,641.0855445,2,0,0.0,0,0.0,0.0
3943,197.175,2566.30417983,642.33095991,2,0,0.0,0,0.0,0.0
3944,197.225,2562.27751244,643.59342731,2,0,0.0,0,0.0,0.0
3945,197.275,2558.16341047,644.85481803,2,0,0.0,0,0.0,0.0
3946,197.325,2553.93852,646.11985161,2,0,0.0,0,0.0,0.0
3947,197.375,2549.60412057,647.3891053,2,0,0.0,0,0.0,0.0
3948,197.425,2545.1922068,648.64227666,2,0,0.0,0,0.0,0.0
3949,197.475,2540.72423017,649.87468914,2,0,0.0,0,0.0,0.0
3950,197.525,2536.18241911,651.11421035,2,0,0.0,0,0.0,0.0
3951,197.575,2531.43094303,652.34126214,2,0,0.0,0,0.0,0.0
3952,197.625,2526.42501363,653.57067125,2,0,0.0,0,0.0,0.0
3953,197.675,2521.20598551,657.10999354,2,0,0.0,0,0.0,0.0
3954,197.725,2516.09061112,660.27579405,2,0,0.0,0,0.0,0.0
3955,197.775,2510.89811319,662.87329776,2,0,0.0,0,0.0,0.0
3956,197.825,2505.6365475,665.21782612,2,0,0.0,0,0.0,0.0
3957,197.875,2500.30131952,667.48963948,2,0,0.0,0,0.0,0.0
3958,197.925,2494.89929488,669.75710811,2,0,0.0,0,0.0,0.0
3959,197.975,2489.44411439,672.05343691,2,0,0.0,0,0.0,0.0
3960,198.025,2483.92635804,674.27252689,2,0,0.0,0,0.0,0.0
3961,198.075,2478.33782734,676.4517331,2,0,0.0,0,0.0,0.0
3962,198.125,2472.65351155,678.59211638,2,0,0.0,0,0.0,0.0
3963,198.175,2466.90148733,680.7241564,2,0,0.0,0,0.0,0.0
3964,198.225,2461.08161597,682.92933967,2,0,0.0,0,0.0,0.0
3965,198.275,2455.19464935,685.28666303,2,0,0.0,0,0.0,0.0
3966,198.325,2449.22206797,687.61327619,2,0,0.0,0,0.0,0.0
3967,198.375,2443.17764192,689.94445274,2,0,0.0,0,0.0,0.0
3968,198.425,2437.07369732,692.42775852,2,0,0.0,0,0.0,0.0
3969,198.475,2430.8704898,695.00001318,2,0,0.0,0,0.0,0.0
3970,198.525,2424.56581791,697.55164803,2,0,0.0,0,0.0,0.0
3971,198.575,2418.17266186,700.09533824,2,0,0.0,0,0.0,0.0
3972,198.625,2411.70980481,702.64307149,2,0,0.0,0,0.0,0.0
3973,198.675,2405.17506631,705.20135458,2,0,0.0,0,0.0,0.0
3974,198.725,2398.54588661,707.79907029,2,0,0.0,0,0.0,0.0
3975,198.775,2391.82200914,710.37078468,2,0,0.0,0,0.0,0.0
3976,198.825,2384.98135948,712.91676967,2,0,0.0,0,0.0,0.0
3977,198.875,2377.94078796,719.17926184,2,0,0.0,0,0.0,0.0
3978,198.925,2370.75050014,725.65583706,2,0,0.0,0,0.0,0.0
3979,198.975,2363.40278753,732.08922691,2,0,0.0,0,0.0,0.0
3980,199.025,2355.32445001,744.38237742,2,0,0.0,0,0.0,0.0
3981,199.075,2346.79662361,745.56949128,2,0,0.0,0,0.0,0.0
3982,199.125,2338.4979354,743.08307881,2,0,0.0,0,0.0,0.0
3983,199.175,2330.35737579,740.55803118,2,0,0.0,0,0.0,0.0
3984,199.225,2322.19480924,738.01582329,2,0,0.0,0,0.0,0.0
3985,199.275,2314.05242856,735.46443896,2,0,0.0,0,0.0,0.0
3986,199.325,2305.91345217,734.97167705,2,0,0.0,0,0.0,0.0
3987,199.375,2297.6969754,735.34168499,2,0,0.0,0,0.0,0.0
3988,199.425,2289.4102731,735.70165084,2,0,0.0,0,0.0,0.0
3989,199.475,2281.0589759,736.01527911,2,0,0.0,0,0.0,0.0
3990,199.525,2272.61975566,736.55842854,2,0,0.0,0,0.0,0.0
3991,199.575,2264.08470214,737.0572574,2,0,0.0,0,0.0,0.0
3992,199.625,2255.40985362,737.54036362,2,0,0.0,0,0.0,0.0
3993,199.675,2246.61897769,737.99735546,2,0,0.0,0,0.0,0.0
3994,199.725,2237.75055388,738.43200412,2,0,0.0,0,0.0,0.0
3995,199.775,2228.73825303,738.84856105,2,0,0.0,0,0.0,0.0
3996,199.825,2219.56544909,739.27030778,2,0,0.0,0,0.0,0.0
3997,199.875,2210.26699853,739.64748323,2,0,0.0,0,0.0,0.0
3998,199.925,2200.83129758,740.01535204,2,0,0.0,0,0.0,0.0
3999,199.975,2191.2587144,740.53647332,2,0,0.0,0,0.0,0.0
4000,200.025,2181.54760698,741.26818073,2,0,0.0,0,0.0,0.0
4001,200.075,2171.7642755,742.01150376,2,0,0.0,0,0.0,0.0
4002,200.125,2161.80991411,742.76790782,2,0,0.0,0,0.0,0.0
4003,200.175,2151.59495005,745.37515523,2,0,0.0,0,0.0,0.0
4004,200.225,2141.11116691,748.04611531,2,0,0.0,0,0.0,0.0
4005,200.275,2130.44480502,747.67836565,3,0,0.0,0,0.0,0.0
4006,200.325,2119.61145953,747.01585381,3,0,0.0,0,0.0,0.0
4007,200.375,2108.62416569,746.29623367,3,0,0.0,0,0.0,0.0
4008,200.425,2097.41573165,745.53789419,3,0,0.0,0,0.0,0.0
4009,200.475,2085.95975687,744.77547245,3,0,0.0,0,0.0,0.0
4010,200.525,2074.33757008,744.08570834,3,0,0.0,0,0.0,0.0
4011,200.575,2062.50425589,744.43737796,3,0,0.0,0,0.0,0.0
4012,200.625,2050.48785408,744.32597262,3,0,0.0,0,0.0,0.0
4013,200.675,2038.29579571,744.23118215,3,0,0.0,0,0.0,0.0
4014,200.725,2025.6532943,744.0851126,3,0,0.0,0,0.0,0.0
4015,200.775,2012.66330376,744.03290537,3,0,0.0,0,0.0,0.0
4016,200.825,1997.90185495,743.96419941,3,0,0.0,0,0.0,0.0
4017,200.875,1963.867801,743.91401996,3,0,0.0,0,0.0,0.0
4018,200.925,1948.30119396,743.90886824,3,0,0.0,0,0.0,0.0
4019,200.975,1933.87043949,743.9055291,3,0,0.0,0,0.0,0.0
4020,201.025,1918.22075121,748.11828689,3,0,0.0,0,0.0,0.0
4021,201.075,1902.18614541,747.63481852,3,0,0.0,0,0.0,0.0
4022,201.125,1885.45288309,746.31267909,3,0,0.0,0,0.0,0.0
4023,201.175,1866.90612188,743.56697243,3,0,0.0,0,0.0,0.0
4024,201.225,1851.26034649,742.8424295,3,0,0.0,0,0.0,0.0
4025,201.275,1835.52406598,747.69130316,3,0,0.0,0,0.0,0.0
4026,201.325,1819.28668202,749.12016359,4,0,0.0,0,0.0,0.0
4027,201.375,1802.83695803,745.80716701,4,0,0.0,0,0.0,0.0
4028,201.425,1786.2785199,742.38569017,4,0,0.0,0,0.0,0.0
4029,201.475,1769.22449187,738.55631594,4,0,0.0,0,0.0,0.0
4030,201.525,1751.93441516,734.5516727,4,0,0.0,0,0.0,0.0
4031,201.575,1732.49314991,728.71379375,4,0,0.0,0,0.0,0.0
4032,201.625,1706.47804726,717.32858339,4,0,0.0,0,0.0,0.0
4033,201.675,1687.2994672,712.8491655,4,0,0.0,0,0.0,0.0
4034,201.725,1667.68923532,714.68197529,4,0,0.0,0,0.0,0.0
4035,201.775,1647.81656632,713.73858219,4,0,0.0,0,0.0,0.0
4036,201.825,1627.41729014,713.10846387,4,0,0.0,0,0.0,0.0
4037,201.875,1606.4074827,708.82200521,4,0,0.0,0,0.0,0.0
4038,201.925,1584.53767703,708.90280153,5,0,0.0,0,0.0,0.0
4039,201.975,1562.76591859,704.97522374,5,0,0.0,0,0.0,0.0
4040,202.025,1539.01818132,695.53569415,4,0,0.0,0,0.0,0.0
4041,202.075,1517.33568508,691.55947204,3,0,0.0,0,0.0,0.0
4042,202.125,1498.10618995,698.97413712,3,0,0.0,0,0.0,0.0
4043,202.175,1477.83829243,699.55808829,4,0,0.0,0,0.0,0.0
4044,202.225,1456.61837034,684.17658167,4,0,0.0,0,0.0,0.0
4045,202.275,1433.03680569,670.16379569,5,0,0.0,0,0.0,0.0
4046,202.325,1405.02610051,656.04611967,7,0,0.0,0,0.0,0.0
4047,202.375,1387.97520408,650.97438567,8,0,0.0,0,0.0,0.0
4048,202.425,1369.40772863,653.21982069,8,0,0.0,0,0.0,0.0
4049,202.475,1350.9723939,656.1877664,8,0,0.0,0,0.0,0.0
4050,202.525,1332.36641557,657.10482541,8,1,0.0,0,0.0,0.0
4051,202.575,1311.82769637,662.27988923,7,0,0.0,0,0.0,0.0
4052,202.625,1291.19625734,663.75089364,7,0,0.0,0,0.0,0.0
4053,202.675,1270.82873246,665.69231093,8,0,0.0,0,0.0,0.0
4054,202.725,1250.32491986,667.88369121,8,0,0.0,0,0.0,0.0
4055,202.775,1229.23506165,678.56928088,9,0,0.0,0,0.0,0.0
4056,202.825,1204.50550662,676.50875132,9,0,0.0,0,0.0,0.0
4057,202.875,1177.62476868,676.90398597,9,0,0.0,0,0.0,0.0
4058,202.925,1150.58701431,667.3352441,11,0,0.0,0,0.0,0.0
4059,202.975,1119.95133382,654.35480355,12,0,0.0,0,0.0,0.0
4060,203.025,1095.04720558,642.72133311,11,1,0.0,0,0.0,0.0
4061,203.075,1074.3538468,638.73796117,11,0,0.0,0,0.0,0.0
4062,203.125,1051.98484379,632.01372137,10,0,0.0,0,0.0,0.0
4063,203.175,1030.6966418,624.82935026,10,0,0.0,0,0.0,0.0
4064,203.225,1011.48155482,622.34573931,11,0,0.0,0,0.0,0.0
4065,203.275,992.72310549,611.1401051,12,0,0.0,0,0.0,0.0
4066,203.325,973.90692562,608.45282552,12,0,0.0,0,0.0,0.0
4067,203.375,954.90940094,605.27807232,14,0,0.0,0,0.0,0.0
4068,203.425,935.81090733,601.43802271,15,0,0.0,0,0.0,0.0
4069,203.475,916.60393285,597.14475477,15,0,0.0,0,0.0,0.0
4070,203.525,897.23344829,592.27692211,15,0,0.0,0,0.0,0.0
4071,203.575,877.42745619,590.09747915,16,0,0.0,0,0.0,0.0
4072,203.625,857.13590769,586.90501384,16,0,0.0,0,0.0,0.0
4073,203.675,836.25313937,584.96334032,17,0,0.0,0,0.0,0.0
4074,203.725,814.79145141,570.72666142,18,0,0.0,0,0.0,0.0
4075,203.775,792.60386012,552.87270592,19,0,0.0,0,0.0,0.0
4076,203.825,770.37598442,528.97474827,20,1,0.0,0,0.0,0.0
4077,203.875,747.5610904,511.87969055,19,0,0.0,0,0.0,0.0
4078,203.925,722.82919611,497.17809336,19,0,0.0,0,0.0,0.0
4079,203.975,701.96931379,487.75468531,19,0,0.0,0,0.0,0.0
4080,204.025,681.83844963,479.35217217,19,0,0.0,0,0.0,0.0
4081,204.075,661.6397793,470.13539585,21,0,0.0,0,0.0,0.0
4082,204.125,641.36857213,459.6715701,22,0,0.0,0,0.0,0.0
4083,204.175,620.95970253,450.41049094,22,0,0.0,0,0.0,0.0
4084,204.225,600.42271884,441.19294887,22,0,0.0,0,0.0,0.0
4085,204.275,579.85159964,432.07298281,22,0,0.0,0,0.0,0.0
4086,204.325,559.10741162,421.67004201,24,0,0.0,0,0.0,0.0
4087,204.375,537.70864074,411.5414668,25,0,0.0,0,0.0,0.0
4088,204.425,515.28153286,401.32542925,25,0,0.0,0,0.0,0.0
4089,204.475,491.768919,393.86078439,25,0,0.0,0,0.0,0.0
4090,204.525,464.3057706,375.2422157,26,0,0.0,0,0.0,0.0
4091,204.575,429.72864183,355.3228988,25,0,0.0,0,0.0,0.0
4092,204.625,375.63175283,326.51713734,23,3,0.0,0,0.0,0.0
4093,204.675,353.93078307,320.39067157,22,3,0.0,0,0.0,0.0
4094,204.725,335.48840927,316.00793235,20,1,0.0,0,0.0,0.0
4095,204.775,317.28808645,304.41183207,21,2,0.0,0,0.0,0.0
4096,204.825,299.4264219,284.82620477,21,2,0.0,0,0.0,0.0
4097,204.875,281.22263,270.23408504,21,5,0.0,0,0.0,0.0
4098,204.925,263.00064906,256.46665898,17,1,0.0,0,0.0,0.0
4099,204.975,243.82645694,238.06347113,16,1,0.0,0,0.0,0.0
4100,205.025,228.52976804,220.68229948,15,1,0.0,0,0.0,0.0
4101,205.075,213.05664093,201.54102555,14,1,0.0,0,0.0,0.0
4102,205.125,197.75718982,187.61268388,13,1,0.0,0,0.0,0.0
4103,205.175,181.92765124,172.29703726,11,1,0.0,0,0.0,0.0
4104,205.225,163.25853923,143.13201668,10,5,0.0,0,0.0,0.0
4105,205.275,147.95886118,127.97621784,5,0,0.0,0,0.0,0.0
4106,205.325,126.06119858,106.98881801,3,0,0.0,0,0.0,0.0
4107,205.375,89.87337281,44.12004305,1,0,0.0,0,0.0,0.0
4108,205.425,84.8538472,41.46554395,1,0,0.0,0,0.0,0.0
4109,205.475,80.04296056,39.64033321,1,0,0.0,0,0.0,0.0
4110,205.525,75.39699598,38.35687139,1,0,0.0,0,0.0,0.0
4111,205.575,70.89449704,37.08720207,1,0,0.0,0,0.0,0.0
4112,205.625,66.49128875,36.02455513,1,0,0.0,0,0.0,0.0
4113,205.675,61.99339768,34.93545781,1,0,0.0,0,0.0,0.0
4114,205.725,57.49337018,33.79871961,1,0,0.0,0,0.0,0.0
4115,205.775,52.97018844,32.66473379,1,0,0.0,0,0.0,0.0
4116,205.825,48.05163979,31.85358912,1,0,0.0,0,0.0,0.0
4117,205.875,42.60055482,30.99597241,1,0,0.0,0,0.0,0.0
4118,205.925,36.48772012,29.58122776,1,0,0.0,0,0.0,0.0
4119,205.975,29.74255434,27.50159948,1,0,0.0,0,0.0,0.0
4120,206.025,21.80529499,25.9677416,1,0,0.0,0,0.0,0.0
4121,206.075,9.55137147,21.26770433,1,0,0.0,0,0.0,0.0
