layer_index,z_mm,part_area_mm2,part_perimeter_mm,part_component_count,new_island_count,unsupported_area_mm2,support_area_mm2,support_perimeter_mm
0,0.015,1.35,90.06,1,0,0.0,65.0,271.0
1,0.045,4.05,90.18,1,0,0.0,65.0,271.0
2,0.075,6.75,90.3,1,0,0.0,65.0,271.0
3,0.105,9.45,90.42,1,0,0.0,65.0,271.0
4,0.135,12.15,90.54,1,0,0.0,65.0,271.0
5,0.165,14.85,90.66,1,0,0.0,65.0,271.0
6,0.195,17.55,90.78,1,0,0.0,65.0,271.0
7,0.225,20.25,90.9,1,0,0.0,65.0,271.0
8,0.255,22.95,91.02,1,0,0.0,65.0,271.0
9,0.285,25.65,91.14,1,0,0.0,65.0,271.0
10,0.315,28.35,91.26,1,0,0.0,65.0,271.0
11,0.345,31.05,91.38,1,0,0.0,65.0,271.0
12,0.375,33.75,91.5,1,0,0.0,65.0,271.0
13,0.405,36.45,91.62,1,0,0.0,65.0,271.0
14,0.435,39.15,91.74,1,0,0.0,65.0,271.0
15,0.465,41.85,91.86,1,0,0.0,65.0,271.0
16,0.495,44.55,91.98,1,0,0.0,65.0,271.0
17,0.525,47.25,92.1,1,0,0.0,65.0,271.0
18,0.555,49.95,92.22,1,0,0.0,65.0,271.0
19,0.585,52.65,92.34,1,0,0.0,65.0,271.0
20,0.615,55.35,92.46,1,0,0.0,65.0,271.0
21,0.645,58.05,92.58,1,0,0.0,65.0,271.0
22,0.675,60.75,92.7,1,0,0.0,65.0,271.0
23,0.705,63.45,92.82,1,0,0.0,65.0,271.0
24,0.735,66.15,92.94,1,0,0.0,65.0,271.0
25,0.765,68.85,93.06,1,0,0.0,65.0,271.0
26,0.795,71.55,93.18,1,0,0.0,65.0,271.0
27,0.825,74.25,93.3,1,0,0.0,65.0,271.0
28,0.855,76.95,93.42,1,0,0.0,65.0,271.0
29,0.885,79.65,93.54,1,0,0.0,65.0,271.0
30,0.915,82.35,93.66,1,0,0.0,65.0,271.0
31,0.945,85.05,93.78,1,0,0.0,65.0,271.0
32,0.975,87.75,93.9,1,0,0.0,65.0,271.0
33,1.005,90.45,94.02,1,0,0.0,65.0,271.0
34,1.035,93.15,94.14,1,0,0.0,65.0,271.0
35,1.065,95.85,94.26,1,0,0.0,65.0,271.0
36,1.095,98.55,94.38,1,0,0.0,65.0,271.0
37,1.125,101.25,94.5,1,0,0.0,65.0,271.0
38,1.155,103.95,94.62,1,0,0.0,65.0,271.0
39,1.185,106.65,94.74,1,0,0.0,65.0,271.0
40,1.215,109.35,94.86,1,0,0.0,65.0,271.0
41,1.245,112.05,94.98,1,0,0.0,65.0,271.0
42,1.275,114.75,95.1,1,0,0.0,65.0,271.0
43,1.305,117.45,95.22,1,0,0.0,65.0,271.0
44,1.335,120.15,95.34,1,0,0.0,65.0,271.0
45,1.365,122.85,95.46,1,0,0.0,65.0,271.0
46,1.395,125.55,95.58,1,0,0.0,65.0,271.0
47,1.425,128.25,95.7,1,0,0.0,65.0,271.0
48,1.455,130.95,95.82,1,0,0.0,65.0,271.0
49,1.485,133.65,95.94,1,0,0.0,65.0,271.0
50,1.515,136.35,96.06,1,0,0.0,65.0,271.0
51,1.545,139.05,96.18,1,0,0.0,65.0,271.0
52,1.575,141.75,96.3,1,0,0.0,65.0,271.0
53,1.605,144.45,96.42,1,0,0.0,65.0,271.0
54,1.635,147.15,96.54,1,0,0.0,65.0,271.0
55,1.665,149.85,96.66,1,0,0.0,65.0,271.0
56,1.695,152.55,96.78,1,0,0.0,65.0,271.0
57,1.725,155.25,96.9,1,0,0.0,65.0,271.0
58,1.755,157.95,97.02,1,0,0.0,65.0,271.0
59,1.785,160.65,97.14,1,0,0.0,65.0,271.0
60,1.815,163.35,97.26,1,0,0.0,65.0,271.0
61,1.845,166.05,97.38,1,0,0.0,65.0,271.0
62,1.875,168.75,97.5,1,0,0.0,65.0,271.0
63,1.905,171.45,97.62,1,0,0.0,65.0,271.0
64,1.935,174.15,97.74,1,0,0.0,65.0,271.0
65,1.965,176.85,97.86,1,0,0.0,65.0,271.0
66,1.995,179.55,97.98,1,0,0.0,65.0,271.0
67,2.025,182.25,98.1,1,0,0.0,65.0,271.0
68,2.055,184.95,98.22,1,0,0.0,65.0,271.0
69,2.085,187.65,98.34,1,0,0.0,65.0,271.0
70,2.115,190.35,98.46,1,0,0.0,65.0,271.0
71,2.145,193.05,98.58,1,0,0.0,65.0,271.0
72,2.175,195.75,98.7,1,0,0.0,65.0,271.0
73,2.205,198.45,98.82,1,0,0.0,65.0,271.0
74,2.235,201.15,98.94,1,0,0.0,65.0,271.0
75,2.265,203.85,99.06,1,0,0.0,65.0,271.0
76,2.295,206.55,99.18,1,0,0.0,65.0,271.0
77,2.325,209.25,99.3,1,0,0.0,65.0,271.0
78,2.355,211.95,99.42,1,0,0.0,65.0,271.0
79,2.385,214.65,99.54,1,0,0.0,65.0,271.0
80,2.415,217.35,99.66,1,0,0.0,65.0,271.0
81,2.445,220.05,99.78,1,0,0.0,65.0,271.0
82,2.475,222.75,99.9,1,0,0.0,65.0,271.0
83,2.505,225.45,100.02,1,0,0.0,65.0,271.0
84,2.535,228.15,100.14,1,0,0.0,65.0,271.0
85,2.565,230.85,100.26,1,0,0.0,65.0,271.0
86,2.595,233.55,100.38,1,0,0.0,65.0,271.0
87,2.625,236.25,100.5,1,0,0.0,65.0,271.0
88,2.655,238.95,100.62,1,0,0.0,65.0,271.0
89,2.685,241.65,100.74,1,0,0.0,65.0,271.0
90,2.715,244.35,100.86,1,0,0.0,65.0,271.0
91,2.745,247.05,100.98,1,0,0.0,65.0,271.0
92,2.775,249.75,101.1,1,0,0.0,65.0,271.0
93,2.805,252.45,101.22,1,0,0.0,65.0,271.0
94,2.835,255.15,101.34,1,0,0.0,65.0,271.0
95,2.865,257.85,101.46,1,0,0.0,65.0,271.0
96,2.895,260.55,101.58,1,0,0.0,65.0,271.0
97,2.925,263.25,101.7,1,0,0.0,65.0,271.0
98,2.955,265.95,101.82,1,0,0.0,65.0,271.0
99,2.985,268.65,101.94,1,0,0.0,65.0,271.0
100,3.015,271.35,102.06,1,0,0.0,65.0,271.0
101,3.045,274.05,102.18,1,0,0.0,65.0,271.0
102,3.075,276.75,102.3,1,0,0.0,65.0,271.0
103,3.105,279.45,102.42,1,0,0.0,65.0,271.0
104,3.135,282.15,102.54,1,0,0.0,65.0,271.0
105,3.165,284.85,102.66,1,0,0.0,65.0,271.0
106,3.195,287.55,102.78,1,0,0.0,65.0,271.0
107,3.225,290.25,102.9,1,0,0.0,65.0,271.0
108,3.255,292.95,103.02,1,0,0.0,65.0,271.0
109,3.285,295.65,103.14,1,0,0.0,65.0,271.0
110,3.315,298.35,103.26,1,0,0.0,65.0,271.0
111,3.345,301.05,103.38,1,0,0.0,65.0,271.0
112,3.375,303.75,103.5,1,0,0.0,65.0,271.0
113,3.405,306.45,103.62,1,0,0.0,65.0,271.0
114,3.435,309.15,103.74,1,0,0.0,65.0,271.0
115,3.465,311.85,103.86,1,0,0.0,65.0,271.0
116,3.495,314.55,103.98,1,0,0.0,65.0,271.0
117,3.525,317.25,104.1,1,0,0.0,65.0,271.0
118,3.555,318.19805153,104.14213562,1,0,0.0,65.0,271.0
119,3.585,318.19805153,104.14213562,1,0,0.0,65.0,271.0
120,3.615,318.19805153,104.14213562,1,0,0.0,65.0,271.0
121,3.645,318.19805153,104.14213562,1,0,0.0,65.0,271.0
122,3.675,318.19805153,104.14213562,1,0,0.0,65.0,271.0
123,3.705,318.19805153,104.14213562,1,0,0.0,65.0,271.0
124,3.735,318.19805153,104.14213562,1,0,0.0,65.0,271.0
125,3.765,318.19805153,104.14213562,1,0,0.0,65.0,271.0
126,3.795,318.19805153,104.14213562,1,0,0.0,65.0,271.0
127,3.825,318.19805153,104.14213562,1,0,0.0,65.0,271.0
128,3.855,318.19805153,104.14213562,1,0,0.0,65.0,271.0
129,3.885,318.19805153,104.14213562,1,0,0.0,65.0,271.0
130,3.915,318.19805153,104.14213562,1,0,0.0,65.0,271.0
131,3.945,318.19805153,104.14213562,1,0,0.0,65.0,271.0
132,3.975,318.19805153,104.14213562,1,0,0.0,65.0,271.0
133,4.005,318.19805153,104.14213562,1,0,0.0,65.0,271.0
134,4.035,318.19805153,104.14213562,1,0,0.0,65.0,271.0
135,4.065,318.19805153,104.14213562,1,0,0.0,65.0,271.0
136,4.095,318.19805153,104.14213562,1,0,0.0,65.0,271.0
137,4.125,318.19805153,104.14213562,1,0,0.0,65.0,271.0
138,4.155,318.19805153,104.14213562,1,0,0.0,65.0,271.0
139,4.185,318.19805153,104.14213562,1,0,0.0,65.0,271.0
140,4.215,318.19805153,104.14213562,1,0,0.0,65.0,271.0
141,4.245,318.19805153,104.14213562,1,0,0.0,65.0,271.0
142,4.275,318.19805153,104.14213562,1,0,0.0,65.0,271.0
143,4.305,318.19805153,104.14213562,1,0,0.0,65.0,271.0
144,4.335,318.19805153,104.14213562,1,0,0.0,65.0,271.0
145,4.365,318.19805153,104.14213562,1,0,0.0,65.0,271.0
146,4.395,318.19805153,104.14213562,1,0,0.0,65.0,271.0
147,4.425,318.19805153,104.14213562,1,0,0.0,65.0,271.0
148,4.455,318.19805153,104.14213562,1,0,0.0,65.0,271.0
149,4.485,318.19805153,104.14213562,1,0,0.0,65.0,271.0
150,4.515,318.19805153,104.14213562,1,0,0.0,65.0,271.0
151,4.545,318.19805153,104.14213562,1,0,0.0,65.0,271.0
152,4.575,318.19805153,104.14213562,1,0,0.0,65.0,271.0
153,4.605,318.19805153,104.14213562,1,0,0.0,65.0,271.0
154,4.635,318.19805153,104.14213562,1,0,0.0,65.0,271.0
155,4.665,318.19805153,104.14213562,1,0,0.0,65.0,271.0
156,4.695,318.19805153,104.14213562,1,0,0.0,65.0,271.0
157,4.725,318.19805153,104.14213562,1,0,0.0,65.0,271.0
158,4.755,318.19805153,104.14213562,1,0,0.0,65.0,271.0
159,4.785,318.19805153,104.14213562,1,0,0.0,65.0,271.0
160,4.815,318.19805153,104.14213562,1,0,0.0,65.0,271.0
161,4.845,318.19805153,104.14213562,1,0,0.0,65.0,271.0
162,4.875,318.19805153,104.14213562,1,0,0.0,65.0,271.0
163,4.905,318.19805153,104.14213562,1,0,0.0,65.0,271.0
164,4.935,318.19805153,104.14213562,1,0,0.0,65.0,271.0
165,4.965,318.19805153,104.14213562,1,0,0.0,65.0,271.0
166,4.995,318.19805153,104.14213562,1,0,0.0,65.0,271.0
167,5.025,318.19805153,104.14213562,1,0,0.0,65.0,271.0
168,5.055,318.19805153,104.14213562,1,0,0.0,65.0,271.0
169,5.085,318.19805153,104.14213562,1,0,0.0,65.0,271.0
170,5.115,318.19805153,104.14213562,1,0,0.0,65.0,271.0
171,5.145,318.19805153,104.14213562,1,0,0.0,65.0,271.0
172,5.175,318.19805153,104.14213562,1,0,0.0,65.0,271.0
173,5.205,318.19805153,104.14213562,1,0,0.0,65.0,271.0
174,5.235,318.19805153,104.14213562,1,0,0.0,65.0,271.0
175,5.265,318.19805153,104.14213562,1,0,0.0,65.0,271.0
176,5.295,318.19805153,104.14213562,1,0,0.0,65.0,271.0
177,5.325,318.19805153,104.14213562,1,0,0.0,65.0,271.0
178,5.355,318.19805153,104.14213562,1,0,0.0,65.0,271.0
179,5.385,318.19805153,104.14213562,1,0,0.0,65.0,271.0
180,5.415,318.19805153,104.14213562,1,0,0.0,65.0,271.0
181,5.445,318.19805153,104.14213562,1,0,0.0,65.0,271.0
182,5.475,318.19805153,104.14213562,1,0,0.0,65.0,271.0
183,5.505,318.19805153,104.14213562,1,0,0.0,65.0,271.0
184,5.535,318.19805153,104.14213562,1,0,0.0,65.0,271.0
185,5.565,318.19805153,104.14213562,1,0,0.0,65.0,271.0
186,5.595,318.19805153,104.14213562,1,0,0.0,65.0,271.0
187,5.625,318.19805153,104.14213562,1,0,0.0,65.0,271.0
188,5.655,318.19805153,104.14213562,1,0,0.0,65.0,271.0
189,5.685,318.19805153,104.14213562,1,0,0.0,65.0,271.0
190,5.715,318.19805153,104.14213562,1,0,0.0,65.0,271.0
191,5.745,318.19805153,104.14213562,1,0,0.0,65.0,271.0
192,5.775,318.19805153,104.14213562,1,0,0.0,65.0,271.0
193,5.805,318.19805153,104.14213562,1,0,0.0,65.0,271.0
194,5.835,318.19805153,104.14213562,1,0,0.0,65.0,271.0
195,5.865,318.19805153,104.14213562,1,0,0.0,65.0,271.0
196,5.895,318.19805153,104.14213562,1,0,0.0,65.0,271.0
197,5.925,318.19805153,104.14213562,1,0,0.0,65.0,271.0
198,5.955,318.19805153,104.14213562,1,0,0.0,65.0,271.0
199,5.985,318.19805153,104.14213562,1,0,0.0,65.0,271.0
200,6.015,318.19805153,104.14213562,1,0,0.0,65.0,271.0
201,6.045,318.19805153,104.14213562,1,0,0.0,65.0,271.0
202,6.075,318.19805153,104.14213562,1,0,0.0,65.0,271.0
203,6.105,318.19805153,104.14213562,1,0,0.0,65.0,271.0
204,6.135,318.19805153,104.14213562,1,0,0.0,65.0,271.0
205,6.165,318.19805153,104.14213562,1,0,0.0,65.0,271.0
206,6.195,318.19805153,104.14213562,1,0,0.0,65.0,271.0
207,6.225,318.19805153,104.14213562,1,0,0.0,65.0,271.0
208,6.255,318.19805153,104.14213562,1,0,0.0,65.0,271.0
209,6.285,318.19805153,104.14213562,1,0,0.0,65.0,271.0
210,6.315,318.19805153,104.14213562,1,0,0.0,65.0,271.0
211,6.345,318.19805153,104.14213562,1,0,0.0,65.0,271.0
212,6.375,318.19805153,104.14213562,1,0,0.0,65.0,271.0
213,6.405,318.19805153,104.14213562,1,0,0.0,65.0,271.0
214,6.435,318.19805153,104.14213562,1,0,0.0,65.0,271.0
215,6.465,318.19805153,104.14213562,1,0,0.0,65.0,271.0
216,6.495,318.19805153,104.14213562,1,0,0.0,65.0,271.0
217,6.525,318.19805153,104.14213562,1,0,0.0,65.0,271.0
218,6.555,318.19805153,104.14213562,1,0,0.0,65.0,271.0
219,6.585,318.19805153,104.14213562,1,0,0.0,65.0,271.0
220,6.615,318.19805153,104.14213562,1,0,0.0,65.0,271.0
221,6.645,318.19805153,104.14213562,1,0,0.0,65.0,271.0
222,6.675,318.19805153,104.14213562,1,0,0.0,65.0,271.0
223,6.705,318.19805153,104.14213562,1,0,0.0,65.0,271.0
224,6.735,318.19805153,104.14213562,1,0,0.0,65.0,271.0
225,6.765,318.19805153,104.14213562,1,0,0.0,65.0,271.0
226,6.795,318.19805153,104.14213562,1,0,0.0,65.0,271.0
227,6.825,318.19805153,104.14213562,1,0,0.0,65.0,271.0
228,6.855,318.19805153,104.14213562,1,0,0.0,65.0,271.0
229,6.885,318.19805153,104.14213562,1,0,0.0,65.0,271.0
230,6.915,318.19805153,104.14213562,1,0,0.0,65.0,271.0
231,6.945,318.19805153,104.14213562,1,0,0.0,65.0,271.0
232,6.975,318.19805153,104.14213562,1,0,0.0,65.0,271.0
233,7.005,318.19805153,104.14213562,1,0,0.0,65.0,271.0
234,7.035,318.19805153,104.14213562,1,0,0.0,65.0,271.0
235,7.065,318.19805153,104.14213562,1,0,0.0,65.0,271.0
236,7.095,316.52279836,104.23786438,1,0,0.0,65.0,271.0
237,7.125,314.42279836,104.35786438,1,0,0.0,65.0,271.0
238,7.155,312.32279836,104.47786438,1,0,0.0,65.0,271.0
239,7.185,310.22279836,104.59786438,1,0,0.0,65.0,271.0
240,7.215,308.12279836,104.71786438,1,0,0.0,65.0,271.0
241,7.245,306.02279836,104.83786438,1,0,0.0,65.0,271.0
242,7.275,303.92279836,104.95786438,1,0,0.0,65.0,271.0
243,7.305,301.82279836,105.07786438,1,0,0.0,65.0,271.0
244,7.335,299.72279836,105.19786438,1,0,0.0,65.0,271.0
245,7.365,297.62279836,105.31786438,1,0,0.0,65.0,271.0
246,7.395,295.52279836,105.43786438,1,0,0.0,65.0,271.0
247,7.425,293.42279836,105.55786438,1,0,0.0,65.0,271.0
248,7.455,291.32279836,105.67786438,1,0,0.0,65.0,271.0
249,7.485,289.22279836,105.79786438,1,0,0.0,65.0,271.0
250,7.515,287.12279836,105.91786438,1,0,0.0,65.0,271.0
251,7.545,285.02279836,106.03786438,1,0,0.0,65.0,271.0
252,7.575,282.92279836,106.15786438,1,0,0.0,65.0,271.0
253,7.605,280.82279836,106.27786438,1,0,0.0,65.0,271.0
254,7.635,278.72279836,106.39786438,1,0,0.0,65.0,271.0
255,7.665,276.62279836,106.51786438,1,0,0.0,65.0,271.0
256,7.695,274.52279836,106.63786438,1,0,0.0,65.0,271.0
257,7.725,272.42279836,106.75786438,1,0,0.0,65.0,271.0
258,7.755,270.32279836,106.87786438,1,0,0.0,65.0,271.0
259,7.785,268.22279836,106.99786438,1,0,0.0,65.0,271.0
260,7.815,266.12279836,107.11786438,1,0,0.0,65.0,271.0
261,7.845,264.02279836,107.23786438,1,0,0.0,65.0,271.0
262,7.875,261.92279836,107.35786438,1,0,0.0,65.0,271.0
263,7.905,259.82279836,107.47786438,1,0,0.0,65.0,271.0
264,7.935,257.72279836,107.59786438,1,0,0.0,65.0,271.0
265,7.965,255.62279836,107.71786438,1,0,0.0,65.0,271.0
266,7.995,253.52279836,107.83786438,1,0,0.0,65.0,271.0
267,8.025,251.42279836,107.95786438,1,0,0.0,65.0,271.0
268,8.055,249.32279836,108.07786438,1,0,0.0,65.0,271.0
269,8.085,247.22279836,108.19786438,1,0,0.0,65.0,271.0
270,8.115,245.12279836,108.31786438,1,0,0.0,65.0,271.0
271,8.145,243.02279836,108.43786438,1,0,0.0,65.0,271.0
272,8.175,240.92279836,108.55786438,1,0,0.0,65.0,271.0
273,8.205,238.82279836,108.67786438,1,0,0.0,65.0,271.0
274,8.235,236.72279836,108.79786438,1,0,0.0,65.0,271.0
275,8.265,234.62279836,108.91786438,1,0,0.0,65.0,271.0
276,8.295,232.52279836,109.03786438,1,0,0.0,65.0,271.0
277,8.325,230.42279836,109.15786438,1,0,0.0,65.0,271.0
278,8.355,228.32279836,109.27786438,1,0,0.0,65.0,271.0
279,8.385,226.22279836,109.39786438,1,0,0.0,65.0,271.0
280,8.415,224.12279836,109.51786438,1,0,0.0,65.0,271.0
281,8.445,222.02279836,109.63786438,1,0,0.0,65.0,271.0
282,8.475,219.92279836,109.75786438,1,0,0.0,65.0,271.0
283,8.505,217.82279836,109.87786438,1,0,0.0,65.0,271.0
284,8.535,215.72279836,109.99786438,1,0,0.0,65.0,271.0
285,8.565,213.62279836,110.11786438,1,0,0.0,65.0,271.0
286,8.595,211.52279836,110.23786438,1,0,0.0,65.0,271.0
287,8.625,209.42279836,110.35786438,1,0,0.0,65.0,271.0
288,8.655,207.32279836,110.47786438,1,0,0.0,65.0,271.0
289,8.685,205.22279836,110.59786438,1,0,0.0,65.0,271.0
290,8.715,203.12279836,110.71786438,1,0,0.0,65.0,271.0
291,8.745,201.02279836,110.83786438,1,0,0.0,65.0,271.0
292,8.775,198.92279836,110.95786438,1,0,0.0,65.0,271.0
293,8.805,196.82279836,111.07786438,1,0,0.0,65.0,271.0
294,8.835,194.72279836,111.19786438,1,0,0.0,65.0,271.0
295,8.865,192.62279836,111.31786438,1,0,0.0,65.0,271.0
296,8.895,190.52279836,111.43786438,1,0,0.0,65.0,271.0
297,8.925,188.42279836,111.55786438,1,0,0.0,65.0,271.0
298,8.955,186.32279836,111.67786438,1,0,0.0,65.0,271.0
299,8.985,184.22279836,111.79786438,1,0,0.0,65.0,271.0
300,9.015,182.12279836,111.91786438,1,0,0.0,65.0,271.0
301,9.045,180.02279836,112.03786438,1,0,0.0,65.0,271.0
302,9.075,177.92279836,112.15786438,1,0,0.0,65.0,271.0
303,9.105,175.82279836,112.27786438,1,0,0.0,65.0,271.0
304,9.135,173.72279836,112.39786438,1,0,0.0,65.0,271.0
305,9.165,171.62279836,112.51786438,1,0,0.0,65.0,271.0
306,9.195,169.70562748,112.627417,1,0,0.0,65.0,271.0
307,9.225,169.70562748,112.627417,1,0,0.0,65.0,271.0
308,9.255,169.70562748,112.627417,1,0,0.0,65.0,271.0
309,9.285,169.70562748,112.627417,1,0,0.0,65.0,271.0
310,9.315,169.70562748,112.627417,1,0,0.0,65.0,271.0
311,9.345,169.70562748,112.627417,1,0,0.0,65.0,271.0
312,9.375,169.70562748,112.627417,1,0,0.0,65.0,271.0
313,9.405,169.70562748,112.627417,1,0,0.0,65.0,271.0
314,9.435,169.70562748,112.627417,1,0,0.0,65.0,271.0
315,9.465,169.70562748,112.627417,1,0,0.0,65.0,271.0
316,9.495,169.70562748,112.627417,1,0,0.0,65.0,271.0
317,9.525,169.70562748,112.627417,1,0,0.0,65.0,271.0
318,9.555,169.70562748,112.627417,1,0,0.0,65.0,271.0
319,9.585,169.70562748,112.627417,1,0,0.0,65.0,271.0
320,9.615,169.70562748,112.627417,1,0,0.0,65.0,271.0
321,9.645,169.70562748,112.627417,1,0,0.0,65.0,271.0
322,9.675,169.70562748,112.627417,1,0,0.0,65.0,271.0
323,9.705,169.70562748,112.627417,1,0,0.0,65.0,271.0
324,9.735,169.70562748,112.627417,1,0,0.0,65.0,271.0
325,9.765,169.70562748,112.627417,1,0,0.0,65.0,271.0
326,9.795,169.70562748,112.627417,1,0,0.0,65.0,271.0
327,9.825,169.70562748,112.627417,1,0,0.0,65.0,271.0
328,9.855,169.70562748,112.627417,1,0,0.0,65.0,271.0
329,9.885,169.70562748,112.627417,1,0,0.0,65.0,271.0
330,9.915,169.70562748,112.627417,1,0,0.0,65.0,271.0
331,9.945,169.70562748,112.627417,1,0,0.0,65.0,271.0
332,9.975,169.70562748,112.627417,1,0,0.0,65.0,271.0
333,10.005,169.70562748,112.627417,1,0,0.0,65.0,271.0
334,10.035,169.70562748,112.627417,1,0,0.0,65.0,271.0
335,10.065,169.70562748,112.627417,1,0,0.0,65.0,271.0
336,10.095,169.70562748,112.627417,1,0,0.0,65.0,271.0
337,10.125,169.70562748,112.627417,1,0,0.0,65.0,271.0
338,10.155,169.70562748,112.627417,1,0,0.0,65.0,271.0
339,10.185,169.70562748,112.627417,1,0,0.0,65.0,271.0
340,10.215,169.70562748,112.627417,1,0,0.0,65.0,271.0
341,10.245,169.70562748,112.627417,1,0,0.0,65.0,271.0
342,10.275,169.70562748,112.627417,1,0,0.0,65.0,271.0
343,10.305,169.70562748,112.627417,1,0,0.0,65.0,271.0
344,10.335,169.70562748,112.627417,1,0,0.0,65.0,271.0
345,10.365,169.70562748,112.627417,1,0,0.0,65.0,271.0
346,10.395,169.70562748,112.627417,1,0,0.0,65.0,271.0
347,10.425,169.70562748,112.627417,1,0,0.0,65.0,271.0
348,10.455,169.70562748,112.627417,1,0,0.0,65.0,271.0
349,10.485,169.70562748,112.627417,1,0,0.0,65.0,271.0
350,10.515,169.70562748,112.627417,1,0,0.0,65.0,271.0
351,10.545,169.70562748,112.627417,1,0,0.0,65.0,271.0
352,10.575,169.70562748,112.627417,1,0,0.0,65.0,271.0
353,10.605,169.70562748,112.627417,1,0,0.0,65.0,271.0
354,10.635,169.70562748,112.627417,1,0,0.0,65.0,271.0
355,10.665,169.70562748,112.627417,1,0,0.0,65.0,271.0
356,10.695,169.70562748,112.627417,1,0,0.0,65.0,271.0
357,10.725,169.70562748,112.627417,1,0,0.0,65.0,271.0
358,10.755,169.70562748,112.627417,1,0,0.0,65.0,271.0
359,10.785,169.70562748,112.627417,1,0,0.0,65.0,271.0
360,10.815,169.70562748,112.627417,1,0,0.0,65.0,271.0
361,10.845,169.70562748,112.627417,1,0,0.0,65.0,271.0
362,10.875,169.70562748,112.627417,1,0,0.0,65.0,271.0
363,10.905,169.70562748,112.627417,1,0,0.0,65.0,271.0
364,10.935,169.70562748,112.627417,1,0,0.0,65.0,271.0
365,10.965,169.70562748,112.627417,1,0,0.0,65.0,271.0
366,10.995,169.70562748,112.627417,1,0,0.0,65.0,271.0
367,11.025,169.70562748,112.627417,1,0,0.0,65.0,271.0
368,11.055,169.70562748,112.627417,1,0,0.0,65.0,271.0
369,11.085,169.70562748,112.627417,1,0,0.0,65.0,271.0
370,11.115,169.70562748,112.627417,1,0,0.0,65.0,271.0
371,11.145,169.70562748,112.627417,1,0,0.0,65.0,271.0
372,11.175,169.70562748,112.627417,1,0,0.0,65.0,271.0
373,11.205,169.70562748,112.627417,1,0,0.0,65.0,271.0
374,11.235,169.70562748,112.627417,1,0,0.0,65.0,271.0
375,11.265,169.70562748,112.627417,1,0,0.0,65.0,271.0
376,11.295,169.70562748,112.627417,1,0,0.0,65.0,271.0
377,11.325,169.70562748,112.627417,1,0,0.0,65.0,271.0
378,11.355,169.70562748,112.627417,1,0,0.0,65.0,271.0
379,11.385,169.70562748,112.627417,1,0,0.0,65.0,271.0
380,11.415,169.70562748,112.627417,1,0,0.0,65.0,271.0
381,11.445,169.70562748,112.627417,1,0,0.0,65.0,271.0
382,11.475,169.70562748,112.627417,1,0,0.0,65.0,271.0
383,11.505,169.70562748,112.627417,1,0,0.0,65.0,271.0
384,11.535,169.70562748,112.627417,1,0,0.0,65.0,271.0
385,11.565,169.70562748,112.627417,1,0,0.0,65.0,271.0
386,11.595,169.70562748,112.627417,1,0,0.0,65.0,271.0
387,11.625,169.70562748,112.627417,1,0,0.0,65.0,271.0
388,11.655,169.70562748,112.627417,1,0,0.0,65.0,271.0
389,11.685,169.70562748,112.627417,1,0,0.0,65.0,271.0
390,11.715,169.70562748,112.627417,1,0,0.0,65.0,271.0
391,11.745,169.70562748,112.627417,1,0,0.0,65.0,271.0
392,11.775,169.70562748,112.627417,1,0,0.0,65.0,271.0
393,11.805,169.70562748,112.627417,1,0,0.0,65.0,271.0
394,11.835,169.70562748,112.627417,1,0,0.0,65.0,271.0
395,11.865,169.70562748,112.627417,1,0,0.0,65.0,271.0
396,11.895,169.70562748,112.627417,1,0,0.0,65.0,271.0
397,11.925,169.70562748,112.627417,1,0,0.0,65.0,271.0
398,11.955,169.70562748,112.627417,1,0,0.0,65.0,271.0
399,11.985,169.70562748,112.627417,1,0,0.0,65.0,271.0
400,12.015,169.70562748,112.627417,1,0,0.0,65.0,271.0
401,12.045,169.70562748,112.627417,1,0,0.0,65.0,271.0
402,12.075,169.70562748,112.627417,1,0,0.0,65.0,271.0
403,12.105,169.70562748,112.627417,1,0,0.0,65.0,271.0
404,12.135,169.70562748,112.627417,1,0,0.0,65.0,271.0
405,12.165,169.70562748,112.627417,1,0,0.0,65.0,271.0
406,12.195,169.70562748,112.627417,1,0,0.0,65.0,271.0
407,12.225,169.70562748,112.627417,1,0,0.0,65.0,271.0
408,12.255,169.70562748,112.627417,1,0,0.0,65.0,271.0
409,12.285,169.70562748,112.627417,1,0,0.0,65.0,271.0
410,12.315,169.70562748,112.627417,1,0,0.0,65.0,271.0
411,12.345,169.70562748,112.627417,1,0,0.0,65.0,271.0
412,12.375,169.70562748,112.627417,1,0,0.0,65.0,271.0
413,12.405,169.70562748,112.627417,1,0,0.0,65.0,271.0
414,12.435,169.70562748,112.627417,1,0,0.0,65.0,271.0
415,12.465,169.70562748,112.627417,1,0,0.0,65.0,271.0
416,12.495,169.70562748,112.627417,1,0,0.0,65.0,271.0
417,12.525,169.70562748,112.627417,1,0,0.0,65.0,271.0
418,12.555,169.70562748,112.627417,1,0,0.0,65.0,271.0
419,12.585,169.70562748,112.627417,1,0,0.0,65.0,271.0
420,12.615,169.70562748,112.627417,1,0,0.0,65.0,271.0
421,12.645,169.70562748,112.627417,1,0,0.0,65.0,271.0
422,12.675,169.70562748,112.627417,1,0,0.0,65.0,271.0
423,12.705,169.70562748,112.627417,1,0,0.0,65.0,271.0
424,12.735,169.70562748,112.627417,1,0,0.0,65.0,271.0
425,12.765,169.70562748,112.627417,1,0,0.0,65.0,271.0
426,12.795,169.70562748,112.627417,1,0,0.0,65.0,271.0
427,12.825,169.70562748,112.627417,1,0,0.0,65.0,271.0
428,12.855,169.70562748,112.627417,1,0,0.0,65.0,271.0
429,12.885,169.70562748,112.627417,1,0,0.0,65.0,271.0
430,12.915,169.70562748,112.627417,1,0,0.0,65.0,271.0
431,12.945,169.70562748,112.627417,1,0,0.0,65.0,271.0
432,12.975,169.70562748,112.627417,1,0,0.0,65.0,271.0
433,13.005,169.70562748,112.627417,1,0,0.0,65.0,271.0
434,13.035,169.70562748,112.627417,1,0,0.0,65.0,271.0
435,13.065,169.70562748,112.627417,1,0,0.0,65.0,271.0
436,13.095,169.70562748,112.627417,1,0,0.0,65.0,271.0
437,13.125,169.70562748,112.627417,1,0,0.0,65.0,271.0
438,13.155,169.70562748,112.627417,1,0,0.0,65.0,271.0
439,13.185,169.70562748,112.627417,1,0,0.0,65.0,271.0
440,13.215,169.70562748,112.627417,1,0,0.0,65.0,271.0
441,13.245,169.70562748,112.627417,1,0,0.0,65.0,271.0
442,13.275,169.70562748,112.627417,1,0,0.0,65.0,271.0
443,13.305,169.70562748,112.627417,1,0,0.0,65.0,271.0
444,13.335,169.70562748,112.627417,1,0,0.0,65.0,271.0
445,13.365,169.70562748,112.627417,1,0,0.0,65.0,271.0
446,13.395,169.70562748,112.627417,1,0,0.0,65.0,271.0
447,13.425,169.70562748,112.627417,1,0,0.0,65.0,271.0
448,13.455,169.70562748,112.627417,1,0,0.0,65.0,271.0
449,13.485,169.70562748,112.627417,1,0,0.0,65.0,271.0
450,13.515,169.70562748,112.627417,1,0,0.0,65.0,271.0
451,13.545,169.70562748,112.627417,1,0,0.0,65.0,271.0
452,13.575,169.70562748,112.627417,1,0,0.0,65.0,271.0
453,13.605,169.70562748,112.627417,1,0,0.0,65.0,271.0
454,13.635,169.70562748,112.627417,1,0,0.0,65.0,271.0
455,13.665,169.70562748,112.627417,1,0,0.0,65.0,271.0
456,13.695,169.70562748,112.627417,1,0,0.0,65.0,271.0
457,13.725,169.70562748,112.627417,1,0,0.0,65.0,271.0
458,13.755,169.70562748,112.627417,1,0,0.0,65.0,271.0
459,13.785,169.70562748,112.627417,1,0,0.0,65.0,271.0
460,13.815,169.70562748,112.627417,1,0,0.0,65.0,271.0
461,13.845,169.70562748,112.627417,1,0,0.0,65.0,271.0
462,13.875,169.70562748,112.627417,1,0,0.0,65.0,271.0
463,13.905,169.70562748,112.627417,1,0,0.0,65.0,271.0
464,13.935,169.70562748,112.627417,1,0,0.0,65.0,271.0
465,13.965,169.70562748,112.627417,1,0,0.0,65.0,271.0
466,13.995,169.70562748,112.627417,1,0,0.0,65.0,271.0
467,14.025,169.70562748,112.627417,1,0,0.0,65.0,271.0
468,14.055,169.70562748,112.627417,1,0,0.0,65.0,271.0
469,14.085,169.70562748,112.627417,1,0,0.0,65.0,271.0
470,14.115,169.70562748,112.627417,1,0,0.0,65.0,271.0
471,14.145,169.70562748,112.627417,1,0,0.0,65.0,271.0
472,14.175,169.70562748,112.627417,1,0,0.0,65.0,271.0
473,14.205,169.70562748,112.627417,1,0,0.0,65.0,271.0
474,14.235,169.70562748,112.627417,1,0,0.0,65.0,271.0
475,14.265,169.70562748,112.627417,1,0,0.0,65.0,271.0
476,14.295,169.70562748,112.627417,1,0,0.0,65.0,271.0
477,14.325,169.70562748,112.627417,1,0,0.0,65.0,271.0
478,14.355,169.70562748,112.627417,1,0,0.0,65.0,271.0
479,14.385,169.70562748,112.627417,1,0,0.0,65.0,271.0
480,14.415,169.70562748,112.627417,1,0,0.0,65.0,271.0
481,14.445,169.70562748,112.627417,1,0,0.0,65.0,271.0
482,14.475,169.70562748,112.627417,1,0,0.0,65.0,271.0
483,14.505,169.70562748,112.627417,1,0,0.0,65.0,271.0
484,14.535,169.70562748,112.627417,1,0,0.0,65.0,271.0
485,14.565,169.70562748,112.627417,1,0,0.0,65.0,271.0
486,14.595,169.70562748,112.627417,1,0,0.0,65.0,271.0
487,14.625,169.70562748,112.627417,1,0,0.0,65.0,271.0
488,14.655,169.70562748,112.627417,1,0,0.0,65.0,271.0
489,14.685,169.70562748,112.627417,1,0,0.0,65.0,271.0
490,14.715,169.70562748,112.627417,1,0,0.0,65.0,271.0
491,14.745,169.70562748,112.627417,1,0,0.0,65.0,271.0
492,14.775,169.70562748,112.627417,1,0,0.0,65.0,271.0
493,14.805,169.70562748,112.627417,1,0,0.0,65.0,271.0
494,14.835,169.70562748,112.627417,1,0,0.0,65.0,271.0
495,14.865,169.70562748,112.627417,1,0,0.0,65.0,271.0
496,14.895,169.70562748,112.627417,1,0,0.0,65.0,271.0
497,14.925,169.70562748,112.627417,1,0,0.0,65.0,271.0
498,14.955,169.70562748,112.627417,1,0,0.0,65.0,271.0
499,14.985,169.70562748,112.627417,1,0,0.0,65.0,271.0
500,15.015,169.70562748,112.627417,1,0,0.0,65.0,271.0
501,15.045,169.70562748,112.627417,1,0,0.0,65.0,271.0
502,15.075,169.70562748,112.627417,1,0,0.0,65.0,271.0
503,15.105,169.70562748,112.627417,1,0,0.0,65.0,271.0
504,15.135,169.70562748,112.627417,1,0,0.0,65.0,271.0
505,15.165,169.70562748,112.627417,1,0,0.0,65.0,271.0
506,15.195,169.70562748,112.627417,1,0,0.0,65.0,271.0
507,15.225,169.70562748,112.627417,1,0,0.0,65.0,271.0
508,15.255,169.70562748,112.627417,1,0,0.0,65.0,271.0
509,15.285,169.70562748,112.627417,1,0,0.0,65.0,271.0
510,15.315,169.70562748,112.627417,1,0,0.0,65.0,271.0
511,15.345,169.70562748,112.627417,1,0,0.0,65.0,271.0
512,15.375,169.70562748,112.627417,1,0,0.0,65.0,271.0
513,15.405,169.70562748,112.627417,1,0,0.0,65.0,271.0
514,15.435,169.70562748,112.627417,1,0,0.0,65.0,271.0
515,15.465,169.70562748,112.627417,1,0,0.0,65.0,271.0
516,15.495,169.70562748,112.627417,1,0,0.0,65.0,271.0
517,15.525,169.70562748,112.627417,1,0,0.0,65.0,271.0
518,15.555,169.70562748,112.627417,1,0,0.0,65.0,271.0
519,15.585,169.70562748,112.627417,1,0,0.0,65.0,271.0
520,15.615,169.70562748,112.627417,1,0,0.0,65.0,271.0
521,15.645,169.70562748,112.627417,1,0,0.0,65.0,271.0
522,15.675,169.70562748,112.627417,1,0,0.0,65.0,271.0
523,15.705,169.70562748,112.627417,1,0,0.0,65.0,271.0
524,15.735,169.70562748,112.627417,1,0,0.0,65.0,271.0
525,15.765,169.70562748,112.627417,1,0,0.0,65.0,271.0
526,15.795,169.70562748,112.627417,1,0,0.0,65.0,271.0
527,15.825,169.70562748,112.627417,1,0,0.0,65.0,271.0
528,15.855,169.70562748,112.627417,1,0,0.0,65.0,271.0
529,15.885,169.70562748,112.627417,1,0,0.0,65.0,271.0
530,15.915,169.70562748,112.627417,1,0,0.0,65.0,271.0
531,15.945,169.70562748,112.627417,1,0,0.0,65.0,271.0
532,15.975,169.70562748,112.627417,1,0,0.0,65.0,271.0
533,16.005,169.70562748,112.627417,1,0,0.0,65.0,271.0
534,16.035,169.70562748,112.627417,1,0,0.0,65.0,271.0
535,16.065,169.70562748,112.627417,1,0,0.0,65.0,271.0
536,16.095,169.70562748,112.627417,1,0,0.0,65.0,271.0
537,16.125,169.70562748,112.627417,1,0,0.0,65.0,271.0
538,16.155,169.70562748,112.627417,1,0,0.0,65.0,271.0
539,16.185,169.70562748,112.627417,1,0,0.0,65.0,271.0
540,16.215,169.70562748,112.627417,1,0,0.0,65.0,271.0
541,16.245,169.70562748,112.627417,1,0,0.0,65.0,271.0
542,16.275,169.70562748,112.627417,1,0,0.0,65.0,271.0
543,16.305,169.70562748,112.627417,1,0,0.0,65.0,271.0
544,16.335,169.70562748,112.627417,1,0,0.0,65.0,271.0
545,16.365,169.70562748,112.627417,1,0,0.0,65.0,271.0
546,16.395,169.70562748,112.627417,1,0,0.0,65.0,271.0
547,16.425,169.70562748,112.627417,1,0,0.0,65.0,271.0
548,16.455,169.70562748,112.627417,1,0,0.0,65.0,271.0
549,16.485,169.70562748,112.627417,1,0,0.0,65.0,271.0
550,16.515,169.70562748,112.627417,1,0,0.0,65.0,271.0
551,16.545,169.70562748,112.627417,1,0,0.0,65.0,271.0
552,16.575,169.70562748,112.627417,1,0,0.0,65.0,271.0
553,16.605,169.70562748,112.627417,1,0,0.0,65.0,271.0
554,16.635,169.70562748,112.627417,1,0,0.0,65.0,271.0
555,16.665,169.70562748,112.627417,1,0,0.0,65.0,271.0
556,16.695,169.70562748,112.627417,1,0,0.0,65.0,271.0
557,16.725,169.70562748,112.627417,1,0,0.0,65.0,271.0
558,16.755,169.70562748,112.627417,1,0,0.0,65.0,271.0
559,16.785,169.70562748,112.627417,1,0,0.0,65.0,271.0
560,16.815,169.70562748,112.627417,1,0,0.0,65.0,271.0
561,16.845,169.70562748,112.627417,1,0,0.0,65.0,271.0
562,16.875,169.70562748,112.627417,1,0,0.0,65.0,271.0
563,16.905,169.70562748,112.627417,1,0,0.0,65.0,271.0
564,16.935,169.70562748,112.627417,1,0,0.0,65.0,271.0
565,16.965,169.70562748,112.627417,1,0,0.0,65.0,271.0
566,16.995,171.41623509,182.52966799,1,0,1.70806369,47.75,201.0
567,17.025,173.51623509,182.40966799,1,0,0.0,47.75,201.0
568,17.055,175.61623509,182.28966799,1,0,0.0,47.75,201.0
569,17.085,177.71623509,182.16966799,1,0,0.0,47.75,201.0
570,17.115,179.81623509,182.04966799,1,0,0.0,47.75,201.0
571,17.145,181.91623509,181.92966799,1,0,0.0,47.75,201.0
572,17.175,184.01623509,181.80966799,1,0,0.0,47.75,201.0
573,17.205,186.11623509,181.68966799,1,0,0.0,47.75,201.0
574,17.235,188.21623509,181.56966799,1,0,0.0,47.75,201.0
575,17.265,190.31623509,181.44966799,1,0,0.0,47.75,201.0
576,17.295,192.41623509,181.32966799,1,0,0.0,47.75,201.0
577,17.325,194.51623509,181.20966799,1,0,0.0,47.75,201.0
578,17.355,196.61623509,181.08966799,1,0,0.0,47.75,201.0
579,17.385,198.71623509,180.96966799,1,0,0.0,47.75,201.0
580,17.415,200.81623509,180.84966799,1,0,0.0,47.75,201.0
581,17.445,202.91623509,180.72966799,1,0,0.0,47.75,201.0
582,17.475,205.01623509,180.60966799,1,0,0.0,47.75,201.0
583,17.505,207.11623509,180.48966799,1,0,0.0,47.75,201.0
584,17.535,209.21623509,180.36966799,1,0,0.0,47.75,201.0
585,17.565,211.31623509,180.24966799,1,0,0.0,47.75,201.0
586,17.595,213.41623509,180.12966799,1,0,0.0,47.75,201.0
587,17.625,215.51623509,180.00966799,1,0,0.0,47.75,201.0
588,17.655,217.61623509,179.88966799,1,0,0.0,47.75,201.0
589,17.685,219.71623509,179.76966799,1,0,0.0,47.75,201.0
590,17.715,221.81623509,179.64966799,1,0,0.0,47.75,201.0
591,17.745,223.91623509,179.52966799,1,0,0.0,47.75,201.0
592,17.775,226.01623509,179.40966799,1,0,0.0,47.75,201.0
593,17.805,228.11623509,179.28966799,1,0,0.0,47.75,201.0
594,17.835,230.21623509,179.16966799,1,0,0.0,47.75,201.0
595,17.865,232.31623509,179.04966799,1,0,0.0,47.75,201.0
596,17.895,234.41623509,178.92966799,1,0,0.0,47.75,201.0
597,17.925,236.51623509,178.80966799,1,0,0.0,47.75,201.0
598,17.955,238.61623509,178.68966799,1,0,0.0,47.75,201.0
599,17.985,240.71623509,178.56966799,1,0,0.0,47.75,201.0
600,18.015,242.81623509,178.44966799,1,0,0.0,47.75,201.0
601,18.045,244.91623509,178.32966799,1,0,0.0,47.75,201.0
602,18.075,247.01623509,178.20966799,1,0,0.0,47.75,201.0
603,18.105,249.11623509,178.08966799,1,0,0.0,47.75,201.0
604,18.135,251.21623509,177.96966799,1,0,0.0,47.75,201.0
605,18.165,253.31623509,177.84966799,1,0,0.0,47.75,201.0
606,18.195,255.41623509,177.72966799,1,0,0.0,47.75,201.0
607,18.225,257.51623509,177.60966799,1,0,0.0,47.75,201.0
608,18.255,259.61623509,177.48966799,1,0,0.0,47.75,201.0
609,18.285,261.71623509,177.36966799,1,0,0.0,47.75,201.0
610,18.315,263.81623509,177.24966799,1,0,0.0,47.75,201.0
611,18.345,265.91623509,177.12966799,1,0,0.0,47.75,201.0
612,18.375,268.01623509,177.00966799,1,0,0.0,47.75,201.0
613,18.405,270.11623509,176.88966799,1,0,0.0,47.75,201.0
614,18.435,272.21623509,176.76966799,1,0,0.0,47.75,201.0
615,18.465,274.31623509,176.64966799,1,0,0.0,47.75,201.0
616,18.495,276.41623509,176.52966799,1,0,0.0,47.75,201.0
617,18.525,278.51623509,176.40966799,1,0,0.0,47.75,201.0
618,18.555,280.61623509,176.28966799,1,0,0.0,47.75,201.0
619,18.585,282.71623509,176.16966799,1,0,0.0,47.75,201.0
620,18.615,284.81623509,176.04966799,1,0,0.0,47.75,201.0
621,18.645,286.91623509,175.92966799,1,0,0.0,47.75,201.0
622,18.675,289.01623509,175.80966799,1,0,0.0,47.75,201.0
623,18.705,291.11623509,175.68966799,1,0,0.0,47.75,201.0
624,18.735,293.21623509,175.56966799,1,0,0.0,47.75,201.0
625,18.765,295.31623509,175.44966799,1,0,0.0,47.75,201.0
626,18.795,297.41623509,175.32966799,1,0,0.0,47.75,201.0
627,18.825,299.51623509,175.20966799,1,0,0.0,47.75,201.0
628,18.855,301.61623509,175.08966799,1,0,0.0,47.75,201.0
629,18.885,303.71623509,174.96966799,1,0,0.0,47.75,201.0
630,18.915,305.81623509,174.84966799,1,0,0.0,47.75,201.0
631,18.945,307.91623509,174.72966799,1,0,0.0,47.75,201.0
632,18.975,310.01623509,174.60966799,1,0,0.0,47.75,201.0
633,19.005,312.11623509,174.48966799,1,0,0.0,47.75,201.0
634,19.035,314.21623509,174.36966799,1,0,0.0,47.75,201.0
635,19.065,316.31623509,174.24966799,1,0,0.0,47.75,201.0
636,19.095,318.19805153,104.14213562,1,0,0.0,47.75,201.0
637,19.125,318.19805153,104.14213562,1,0,0.0,47.75,201.0
638,19.155,318.19805153,104.14213562,1,0,0.0,47.75,201.0
639,19.185,318.19805153,104.14213562,1,0,0.0,47.75,201.0
640,19.215,318.19805153,104.14213562,1,0,0.0,47.75,201.0
641,19.245,318.19805153,104.14213562,1,0,0.0,47.75,201.0
642,19.275,318.19805153,104.14213562,1,0,0.0,47.75,201.0
643,19.305,318.19805153,104.14213562,1,0,0.0,47.75,201.0
644,19.335,318.19805153,104.14213562,1,0,0.0,47.75,201.0
645,19.365,318.19805153,104.14213562,1,0,0.0,47.75,201.0
646,19.395,318.19805153,104.14213562,1,0,0.0,47.75,201.0
647,19.425,318.19805153,104.14213562,1,0,0.0,47.75,201.0
648,19.455,318.19805153,104.14213562,1,0,0.0,47.75,201.0
649,19.485,318.19805153,104.14213562,1,0,0.0,47.75,201.0
650,19.515,318.19805153,104.14213562,1,0,0.0,47.75,201.0
651,19.545,318.19805153,104.14213562,1,0,0.0,47.75,201.0
652,19.575,318.19805153,104.14213562,1,0,0.0,47.75,201.0
653,19.605,318.19805153,104.14213562,1,0,0.0,47.75,201.0
654,19.635,318.19805153,104.14213562,1,0,0.0,47.75,201.0
655,19.665,318.19805153,104.14213562,1,0,0.0,47.75,201.0
656,19.695,318.19805153,104.14213562,1,0,0.0,47.75,201.0
657,19.725,318.19805153,104.14213562,1,0,0.0,47.75,201.0
658,19.755,318.19805153,104.14213562,1,0,0.0,47.75,201.0
659,19.785,318.19805153,104.14213562,1,0,0.0,47.75,201.0
660,19.815,318.19805153,104.14213562,1,0,0.0,47.75,201.0
661,19.845,318.19805153,104.14213562,1,0,0.0,47.75,201.0
662,19.875,318.19805153,104.14213562,1,0,0.0,47.75,201.0
663,19.905,318.19805153,104.14213562,1,0,0.0,47.75,201.0
664,19.935,318.19805153,104.14213562,1,0,0.0,47.75,201.0
665,19.965,318.19805153,104.14213562,1,0,0.0,47.75,201.0
666,19.995,318.19805153,104.14213562,1,0,0.0,47.75,201.0
667,20.025,318.19805153,104.14213562,1,0,0.0,47.75,201.0
668,20.055,318.19805153,104.14213562,1,0,0.0,47.75,201.0
669,20.085,318.19805153,104.14213562,1,0,0.0,47.75,201.0
670,20.115,318.19805153,104.14213562,1,0,0.0,47.75,201.0
671,20.145,318.19805153,104.14213562,1,0,0.0,47.75,201.0
672,20.175,318.19805153,104.14213562,1,0,0.0,47.75,201.0
673,20.205,318.19805153,104.14213562,1,0,0.0,47.75,201.0
674,20.235,318.19805153,104.14213562,1,0,0.0,47.75,201.0
675,20.265,318.19805153,104.14213562,1,0,0.0,47.75,201.0
676,20.295,318.19805153,104.14213562,1,0,0.0,47.75,201.0
677,20.325,318.19805153,104.14213562,1,0,0.0,47.75,201.0
678,20.355,318.19805153,104.14213562,1,0,0.0,47.75,201.0
679,20.385,318.19805153,104.14213562,1,0,0.0,47.75,201.0
680,20.415,318.19805153,104.14213562,1,0,0.0,47.75,201.0
681,20.445,318.19805153,104.14213562,1,0,0.0,47.75,201.0
682,20.475,318.19805153,104.14213562,1,0,0.0,47.75,201.0
683,20.505,318.19805153,104.14213562,1,0,0.0,47.75,201.0
684,20.535,318.19805153,104.14213562,1,0,0.0,47.75,201.0
685,20.565,318.19805153,104.14213562,1,0,0.0,47.75,201.0
686,20.595,318.19805153,104.14213562,1,0,0.0,47.75,201.0
687,20.625,318.19805153,104.14213562,1,0,0.0,47.75,201.0
688,20.655,318.19805153,104.14213562,1,0,0.0,47.75,201.0
689,20.685,318.19805153,104.14213562,1,0,0.0,47.75,201.0
690,20.715,318.19805153,104.14213562,1,0,0.0,47.75,201.0
691,20.745,318.19805153,104.14213562,1,0,0.0,47.75,201.0
692,20.775,318.19805153,104.14213562,1,0,0.0,47.75,201.0
693,20.805,318.19805153,104.14213562,1,0,0.0,47.75,201.0
694,20.835,318.19805153,104.14213562,1,0,0.0,47.75,201.0
695,20.865,318.19805153,104.14213562,1,0,0.0,47.75,201.0
696,20.895,318.19805153,104.14213562,1,0,0.0,47.75,201.0
697,20.925,318.19805153,104.14213562,1,0,0.0,47.75,201.0
698,20.955,318.19805153,104.14213562,1,0,0.0,47.75,201.0
699,20.985,318.19805153,104.14213562,1,0,0.0,47.75,201.0
700,21.015,318.19805153,104.14213562,1,0,0.0,47.75,201.0
701,21.045,318.19805153,104.14213562,1,0,0.0,47.75,201.0
702,21.075,318.19805153,104.14213562,1,0,0.0,47.75,201.0
703,21.105,318.19805153,104.14213562,1,0,0.0,47.75,201.0
704,21.135,318.19805153,104.14213562,1,0,0.0,47.75,201.0
705,21.165,318.19805153,104.14213562,1,0,0.0,47.75,201.0
706,21.195,318.19805153,104.14213562,1,0,0.0,47.75,201.0
707,21.225,317.37229203,104.18932188,1,0,0.0,47.75,201.0
708,21.255,315.27229203,104.30932188,1,0,0.0,47.75,201.0
709,21.285,313.17229203,104.42932188,1,0,0.0,47.75,201.0
710,21.315,311.07229203,104.54932188,1,0,0.0,47.75,201.0
711,21.345,308.97229203,104.66932188,1,0,0.0,47.75,201.0
712,21.375,306.87229203,104.78932188,1,0,0.0,47.75,201.0
713,21.405,304.77229203,104.90932188,1,0,0.0,47.75,201.0
714,21.435,302.67229203,105.02932188,1,0,0.0,47.75,201.0
715,21.465,300.57229203,105.14932188,1,0,0.0,47.75,201.0
716,21.495,298.47229203,105.26932188,1,0,0.0,47.75,201.0
717,21.525,296.37229203,105.38932188,1,0,0.0,47.75,201.0
718,21.555,294.27229203,105.50932188,1,0,0.0,47.75,201.0
719,21.585,292.17229203,105.62932188,1,0,0.0,47.75,201.0
720,21.615,290.07229203,105.74932188,1,0,0.0,47.75,201.0
721,21.645,287.97229203,105.86932188,1,0,0.0,47.75,201.0
722,21.675,285.87229203,105.98932188,1,0,0.0,47.75,201.0
723,21.705,283.77229203,106.10932188,1,0,0.0,47.75,201.0
724,21.735,281.67229203,106.22932188,1,0,0.0,47.75,201.0
725,21.765,279.57229203,106.34932188,1,0,0.0,47.75,201.0
726,21.795,277.47229203,106.46932188,1,0,0.0,47.75,201.0
727,21.825,275.37229203,106.58932188,1,0,0.0,47.75,201.0
728,21.855,273.27229203,106.70932188,1,0,0.0,47.75,201.0
729,21.885,271.17229203,106.82932188,1,0,0.0,47.75,201.0
730,21.915,269.07229203,106.94932188,1,0,0.0,47.75,201.0
731,21.945,266.97229203,107.06932188,1,0,0.0,47.75,201.0
732,21.975,264.87229203,107.18932188,1,0,0.0,47.75,201.0
733,22.005,262.77229203,107.30932188,1,0,0.0,47.75,201.0
734,22.035,260.67229203,107.42932188,1,0,0.0,47.75,201.0
735,22.065,258.57229203,107.54932188,1,0,0.0,47.75,201.0
736,22.095,256.47229203,107.66932188,1,0,0.0,47.75,201.0
737,22.125,254.37229203,107.78932188,1,0,0.0,47.75,201.0
738,22.155,252.27229203,107.90932188,1,0,0.0,47.75,201.0
739,22.185,250.17229203,108.02932188,1,0,0.0,47.75,201.0
740,22.215,248.07229203,108.14932188,1,0,0.0,47.75,201.0
741,22.245,245.97229203,108.26932188,1,0,0.0,47.75,201.0
742,22.275,243.87229203,108.38932188,1,0,0.0,47.75,201.0
743,22.305,241.77229203,108.50932188,1,0,0.0,47.75,201.0
744,22.335,239.67229203,108.62932188,1,0,0.0,47.75,201.0
745,22.365,237.57229203,108.74932188,1,0,0.0,47.75,201.0
746,22.395,235.47229203,108.86932188,1,0,0.0,47.75,201.0
747,22.425,233.37229203,108.98932188,1,0,0.0,47.75,201.0
748,22.455,231.27229203,109.10932188,1,0,0.0,47.75,201.0
749,22.485,229.17229203,109.22932188,1,0,0.0,47.75,201.0
750,22.515,227.07229203,109.34932188,1,0,0.0,47.75,201.0
751,22.545,224.97229203,109.46932188,1,0,0.0,47.75,201.0
752,22.575,222.87229203,109.58932188,1,0,0.0,47.75,201.0
753,22.605,220.77229203,109.70932188,1,0,0.0,47.75,201.0
754,22.635,218.67229203,109.82932188,1,0,0.0,47.75,201.0
755,22.665,216.57229203,109.94932188,1,0,0.0,47.75,201.0
756,22.695,214.47229203,110.06932188,1,0,0.0,47.75,201.0
757,22.725,212.37229203,110.18932188,1,0,0.0,47.75,201.0
758,22.755,210.27229203,110.30932188,1,0,0.0,47.75,201.0
759,22.785,208.17229203,110.42932188,1,0,0.0,47.75,201.0
760,22.815,206.07229203,110.54932188,1,0,0.0,47.75,201.0
761,22.845,203.97229203,110.66932188,1,0,0.0,47.75,201.0
762,22.875,201.87229203,110.78932188,1,0,0.0,47.75,201.0
763,22.905,199.77229203,110.90932188,1,0,0.0,47.75,201.0
764,22.935,197.67229203,111.02932188,1,0,0.0,47.75,201.0
765,22.965,195.57229203,111.14932188,1,0,0.0,47.75,201.0
766,22.995,193.47229203,111.26932188,1,0,0.0,47.75,201.0
767,23.025,191.37229203,111.38932188,1,0,0.0,47.75,201.0
768,23.055,189.27229203,111.50932188,1,0,0.0,47.75,201.0
769,23.085,187.17229203,111.62932188,1,0,0.0,47.75,201.0
770,23.115,185.07229203,111.74932188,1,0,0.0,47.75,201.0
771,23.145,182.97229203,111.86932188,1,0,0.0,47.75,201.0
772,23.175,180.87229203,111.98932188,1,0,0.0,47.75,201.0
773,23.205,178.77229203,112.10932188,1,0,0.0,47.75,201.0
774,23.235,176.67229203,112.22932188,1,0,0.0,47.75,201.0
775,23.265,174.57229203,112.34932188,1,0,0.0,47.75,201.0
776,23.295,172.47229203,112.46932188,1,0,0.0,47.75,201.0
777,23.325,170.37229203,112.58932188,1,0,0.0,47.75,201.0
778,23.355,169.70562748,112.627417,1,0,0.0,47.75,201.0
779,23.385,169.70562748,112.627417,1,0,0.0,47.75,201.0
780,23.415,169.70562748,112.627417,1,0,0.0,47.75,201.0
781,23.445,169.70562748,112.627417,1,0,0.0,47.75,201.0
782,23.475,169.70562748,112.627417,1,0,0.0,47.75,201.0
783,23.505,169.70562748,112.627417,1,0,0.0,47.75,201.0
784,23.535,169.70562748,112.627417,1,0,0.0,47.75,201.0
785,23.565,169.70562748,112.627417,1,0,0.0,47.75,201.0
786,23.595,169.70562748,112.627417,1,0,0.0,47.75,201.0
787,23.625,169.70562748,112.627417,1,0,0.0,47.75,201.0
788,23.655,169.70562748,112.627417,1,0,0.0,47.75,201.0
789,23.685,169.70562748,112.627417,1,0,0.0,47.75,201.0
790,23.715,169.70562748,112.627417,1,0,0.0,47.75,201.0
791,23.745,169.70562748,112.627417,1,0,0.0,47.75,201.0
792,23.775,169.70562748,112.627417,1,0,0.0,47.75,201.0
793,23.805,169.70562748,112.627417,1,0,0.0,47.75,201.0
794,23.835,169.70562748,112.627417,1,0,0.0,47.75,201.0
795,23.865,169.70562748,112.627417,1,0,0.0,47.75,201.0
796,23.895,169.70562748,112.627417,1,0,0.0,47.75,201.0
797,23.925,169.70562748,112.627417,1,0,0.0,47.75,201.0
798,23.955,169.70562748,112.627417,1,0,0.0,47.75,201.0
799,23.985,169.70562748,112.627417,1,0,0.0,47.75,201.0
800,24.015,169.70562748,112.627417,1,0,0.0,47.75,201.0
801,24.045,169.75953852,128.65437252,3,2,0.05391103,43.25,181.0
802,24.075,170.23953852,128.89437252,3,0,0.0,43.25,181.0
803,24.105,170.71953852,129.13437252,3,0,0.0,43.25,181.0
804,24.135,171.19953852,129.37437252,3,0,0.0,43.25,181.0
805,24.165,171.67953852,129.61437252,3,0,0.0,43.25,181.0
806,24.195,172.15953852,129.85437252,3,0,0.0,43.25,181.0
807,24.225,172.63953852,130.09437252,3,0,0.0,43.25,181.0
808,24.255,173.11953852,130.33437252,3,0,0.0,43.25,181.0
809,24.285,173.59953852,130.57437252,3,0,0.0,43.25,181.0
810,24.315,174.07953852,130.81437252,3,0,0.0,43.25,181.0
811,24.345,174.55953852,131.05437252,3,0,0.0,43.25,181.0
812,24.375,175.03953852,131.29437252,3,0,0.0,43.25,181.0
813,24.405,175.51953852,131.53437252,3,0,0.0,43.25,181.0
814,24.435,175.99953852,131.77437252,3,0,0.0,43.25,181.0
815,24.465,176.47953852,132.01437252,3,0,0.0,43.25,181.0
816,24.495,176.95953852,132.25437252,3,0,0.0,43.25,181.0
817,24.525,177.43953852,132.49437252,3,0,0.0,43.25,181.0
818,24.555,177.91953852,132.73437252,3,0,0.0,43.25,181.0
819,24.585,178.39953852,132.97437252,3,0,0.0,43.25,181.0
820,24.615,178.87953852,133.21437252,3,0,0.0,43.25,181.0
821,24.645,179.35953852,133.45437252,3,0,0.0,43.25,181.0
822,24.675,179.83953852,133.69437252,3,0,0.0,43.25,181.0
823,24.705,180.31953852,133.93437252,3,0,0.0,43.25,181.0
824,24.735,180.79953852,134.17437252,3,0,0.0,43.25,181.0
825,24.765,181.27953852,134.41437252,3,0,0.0,43.25,181.0
826,24.795,181.75953852,134.65437252,3,0,0.0,43.25,181.0
827,24.825,182.23953852,134.89437252,3,0,0.0,43.25,181.0
828,24.855,182.71953852,135.13437252,3,0,0.0,43.25,181.0
829,24.885,183.19953852,135.37437252,3,0,0.0,43.25,181.0
830,24.915,183.67953852,135.61437252,3,0,0.0,43.25,181.0
831,24.945,184.15953852,135.85437252,3,0,0.0,43.25,181.0
832,24.975,184.63953852,136.09437252,3,0,0.0,43.25,181.0
833,25.005,185.11953852,136.33437252,3,0,0.0,43.25,181.0
834,25.035,185.59953852,136.57437252,3,0,0.0,43.25,181.0
835,25.065,186.07953852,136.81437252,3,0,0.0,43.25,181.0
836,25.095,186.55953852,137.05437252,3,0,0.0,43.25,181.0
837,25.125,187.03953852,137.29437252,3,0,0.0,43.25,181.0
838,25.155,187.51953852,137.53437252,3,0,0.0,43.25,181.0
839,25.185,187.99953852,137.77437252,3,0,0.0,43.25,181.0
840,25.215,188.47953852,138.01437252,3,0,0.0,43.25,181.0
841,25.245,188.95953852,138.25437252,3,0,0.0,43.25,181.0
842,25.275,189.43953852,138.49437252,3,0,0.0,43.25,181.0
843,25.305,189.91953852,138.73437252,3,0,0.0,43.25,181.0
844,25.335,190.39953852,138.97437252,3,0,0.0,43.25,181.0
845,25.365,190.87953852,139.21437252,3,0,0.0,43.25,181.0
846,25.395,191.35953852,139.45437252,3,0,0.0,43.25,181.0
847,25.425,191.83953852,139.69437252,3,0,0.0,43.25,181.0
848,25.455,192.31953852,139.93437252,3,0,0.0,43.25,181.0
849,25.485,192.79953852,140.17437252,3,0,0.0,43.25,181.0
850,25.515,193.27953852,140.41437252,3,0,0.0,43.25,181.0
851,25.545,193.75953852,140.65437252,3,0,0.0,43.25,181.0
852,25.575,194.23953852,140.89437252,3,0,0.0,43.25,181.0
853,25.605,194.71953852,141.13437252,3,0,0.0,43.25,181.0
854,25.635,195.19953852,141.37437252,3,0,0.0,43.25,181.0
855,25.665,195.67953852,141.61437252,3,0,0.0,43.25,181.0
856,25.695,196.15953852,141.85437252,3,0,0.0,43.25,181.0
857,25.725,196.63953852,142.09437252,3,0,0.0,43.25,181.0
858,25.755,197.11953852,142.33437252,3,0,0.0,43.25,181.0
859,25.785,197.59953852,142.57437252,3,0,0.0,43.25,181.0
860,25.815,198.07953852,142.81437252,3,0,0.0,43.25,181.0
861,25.845,198.55953852,143.05437252,3,0,0.0,43.25,181.0
862,25.875,199.03953852,143.29437252,3,0,0.0,43.25,181.0
863,25.905,199.51953852,143.53437252,3,0,0.0,43.25,181.0
864,25.935,199.99953852,143.77437252,3,0,0.0,43.25,181.0
865,25.965,200.47953852,144.01437252,3,0,0.0,43.25,181.0
866,25.995,200.95953852,144.25437252,3,0,0.0,43.25,181.0
867,26.025,201.43953852,144.49437252,3,0,0.0,43.25,181.0
868,26.055,201.91953852,144.73437252,3,0,0.0,43.25,181.0
869,26.085,202.39953852,144.97437252,3,0,0.0,43.25,181.0
870,26.115,202.87953852,145.21437252,3,0,0.0,43.25,181.0
871,26.145,203.35953852,145.45437252,3,0,0.0,43.25,181.0
872,26.175,203.83953852,145.69437252,3,0,0.0,43.25,181.0
873,26.205,204.31953852,145.93437252,3,0,0.0,43.25,181.0
874,26.235,204.79953852,146.17437252,3,0,0.0,43.25,181.0
875,26.265,205.27953852,146.41437252,3,0,0.0,43.25,181.0
876,26.295,205.75953852,146.65437252,3,0,0.0,43.25,181.0
877,26.325,206.23953852,146.89437252,3,0,0.0,43.25,181.0
878,26.355,206.71953852,147.13437252,3,0,0.0,43.25,181.0
879,26.385,207.19953852,147.37437252,3,0,0.0,43.25,181.0
880,26.415,207.67953852,147.61437252,3,0,0.0,43.25,181.0
881,26.445,208.15953852,147.85437252,3,0,0.0,43.25,181.0
882,26.475,208.63953852,148.09437252,3,0,0.0,43.25,181.0
883,26.505,209.11953852,148.33437252,3,0,0.0,43.25,181.0
884,26.535,209.59953852,148.57437252,3,0,0.0,43.25,181.0
885,26.565,210.07953852,148.81437252,3,0,0.0,43.25,181.0
886,26.595,210.55953852,149.05437252,3,0,0.0,43.25,181.0
887,26.625,211.03953852,149.29437252,3,0,0.0,43.25,181.0
888,26.655,211.51953852,149.53437252,3,0,0.0,43.25,181.0
889,26.685,211.99953852,149.77437252,3,0,0.0,43.25,181.0
890,26.715,212.47953852,150.01437252,3,0,0.0,43.25,181.0
891,26.745,212.95953852,150.25437252,3,0,0.0,43.25,181.0
892,26.775,213.43953852,150.49437252,3,0,0.0,43.25,181.0
893,26.805,213.91953852,150.73437252,3,0,0.0,43.25,181.0
894,26.835,214.39953852,150.97437252,3,0,0.0,43.25,181.0
895,26.865,214.87953852,151.21437252,3,0,0.0,43.25,181.0
896,26.895,215.35953852,151.45437252,3,0,0.0,43.25,181.0
897,26.925,215.83953852,151.69437252,3,0,0.0,43.25,181.0
898,26.955,216.31953852,151.93437252,3,0,0.0,43.25,181.0
899,26.985,216.79953852,152.17437252,3,0,0.0,43.25,181.0
900,27.015,217.27953852,152.41437252,3,0,0.0,43.25,181.0
901,27.045,217.75953852,152.65437252,3,0,0.0,43.25,181.0
902,27.075,218.23953852,152.89437252,3,0,0.0,43.25,181.0
903,27.105,218.71953852,153.13437252,3,0,0.0,43.25,181.0
904,27.135,219.19953852,153.37437252,3,0,0.0,43.25,181.0
905,27.165,219.67953852,153.61437252,3,0,0.0,43.25,181.0
906,27.195,220.15953852,153.85437252,3,0,0.0,43.25,181.0
907,27.225,220.63953852,154.09437252,3,0,0.0,43.25,181.0
908,27.255,221.11953852,154.33437252,3,0,0.0,43.25,181.0
909,27.285,221.59953852,154.57437252,3,0,0.0,43.25,181.0
910,27.315,222.07953852,154.81437252,3,0,0.0,43.25,181.0
911,27.345,222.55953852,155.05437252,3,0,0.0,43.25,181.0
912,27.375,223.03953852,155.29437252,3,0,0.0,43.25,181.0
913,27.405,223.51953852,155.53437252,3,0,0.0,43.25,181.0
914,27.435,223.99953852,155.77437252,3,0,0.0,43.25,181.0
915,27.465,224.47953852,156.01437252,3,0,0.0,43.25,181.0
916,27.495,224.95953852,156.25437252,3,0,0.0,43.25,181.0
917,27.525,225.43953852,156.49437252,3,0,0.0,43.25,181.0
918,27.555,225.91953852,156.73437252,3,0,0.0,43.25,181.0
919,27.585,226.39953852,156.97437252,3,0,0.0,43.25,181.0
920,27.615,226.87953852,157.21437252,3,0,0.0,43.25,181.0
921,27.645,227.35953852,157.45437252,3,0,0.0,43.25,181.0
922,27.675,227.83953852,157.69437252,3,0,0.0,43.25,181.0
923,27.705,228.31953852,157.93437252,3,0,0.0,43.25,181.0
924,27.735,228.79953852,158.17437252,3,0,0.0,43.25,181.0
925,27.765,229.27953852,158.41437252,3,0,0.0,43.25,181.0
926,27.795,229.75953852,158.65437252,3,0,0.0,43.25,181.0
927,27.825,230.23953852,158.89437252,3,0,0.0,43.25,181.0
928,27.855,230.71953852,159.13437252,3,0,0.0,43.25,181.0
929,27.885,231.19953852,159.37437252,3,0,0.0,43.25,181.0
930,27.915,231.67953852,159.61437252,3,0,0.0,43.25,181.0
931,27.945,232.15953852,159.85437252,3,0,0.0,43.25,181.0
932,27.975,232.63953852,160.09437252,3,0,0.0,43.25,181.0
933,28.005,233.11953852,160.33437252,3,0,0.0,43.25,181.0
934,28.035,233.59953852,160.57437252,3,0,0.0,43.25,181.0
935,28.065,234.07953852,160.81437252,3,0,0.0,43.25,181.0
936,28.095,234.55953852,161.05437252,3,0,0.0,43.25,181.0
937,28.125,235.03953852,161.29437252,3,0,0.0,43.25,181.0
938,28.155,235.51953852,161.53437252,3,0,0.0,43.25,181.0
939,28.185,235.99953852,161.77437252,3,0,0.0,43.25,181.0
940,28.215,236.47953852,162.01437252,3,0,0.0,43.25,181.0
941,28.245,236.95953852,162.25437252,3,0,0.0,43.25,181.0
942,28.275,237.43953852,162.49437252,3,0,0.0,43.25,181.0
943,28.305,237.91953852,162.73437252,3,0,0.0,43.25,181.0
944,28.335,238.39953852,162.97437252,3,0,0.0,43.25,181.0
945,28.365,238.87953852,163.21437252,3,0,0.0,43.25,181.0
946,28.395,239.35953852,163.45437252,3,0,0.0,43.25,181.0
947,28.425,239.83953852,163.69437252,3,0,0.0,43.25,181.0
948,28.455,240.31953852,163.93437252,3,0,0.0,43.25,181.0
949,28.485,240.79953852,164.17437252,3,0,0.0,43.25,181.0
950,28.515,241.27953852,164.41437252,3,0,0.0,43.25,181.0
951,28.545,241.75953852,164.65437252,3,0,0.0,43.25,181.0
952,28.575,242.23953852,164.89437252,3,0,0.0,43.25,181.0
953,28.605,242.71953852,165.13437252,3,0,0.0,43.25,181.0
954,28.635,243.19953852,165.37437252,3,0,0.0,43.25,181.0
955,28.665,243.67953852,165.61437252,3,0,0.0,43.25,181.0
956,28.695,244.15953852,165.85437252,3,0,0.0,43.25,181.0
957,28.725,244.63953852,166.09437252,3,0,0.0,43.25,181.0
958,28.755,245.11953852,166.33437252,3,0,0.0,43.25,181.0
959,28.785,245.59953852,166.57437252,3,0,0.0,43.25,181.0
960,28.815,246.07953852,166.81437252,3,0,0.0,43.25,181.0
961,28.845,246.55953852,167.05437252,3,0,0.0,43.25,181.0
962,28.875,247.03953852,167.29437252,3,0,0.0,43.25,181.0
963,28.905,247.51953852,167.53437252,3,0,0.0,43.25,181.0
964,28.935,247.99953852,167.77437252,3,0,0.0,43.25,181.0
965,28.965,248.47953852,168.01437252,3,0,0.0,43.25,181.0
966,28.995,248.95953852,168.25437252,3,0,0.0,43.25,181.0
967,29.025,249.43953852,168.49437252,3,0,0.0,43.25,181.0
968,29.055,249.91953852,168.73437252,3,0,0.0,43.25,181.0
969,29.085,250.39953852,168.97437252,3,0,0.0,43.25,181.0
970,29.115,250.87953852,169.21437252,3,0,0.0,43.25,181.0
971,29.145,251.35953852,169.45437252,3,0,0.0,43.25,181.0
972,29.175,251.83953852,169.69437252,3,0,0.0,43.25,181.0
973,29.205,252.31953852,169.93437252,3,0,0.0,43.25,181.0
974,29.235,252.79953852,170.17437252,3,0,0.0,43.25,181.0
975,29.265,253.27953852,170.41437252,3,0,0.0,43.25,181.0
976,29.295,253.75953852,170.65437252,3,0,0.0,43.25,181.0
977,29.325,254.23953852,170.89437252,3,0,0.0,43.25,181.0
978,29.355,254.71953852,171.13437252,3,0,0.0,43.25,181.0
979,29.385,255.19953852,171.37437252,3,0,0.0,43.25,181.0
980,29.415,255.67953852,171.61437252,3,0,0.0,43.25,181.0
981,29.445,256.15953852,171.85437252,3,0,0.0,43.25,181.0
982,29.475,256.63953852,172.09437252,3,0,0.0,43.25,181.0
983,29.505,257.11953852,172.33437252,3,0,0.0,43.25,181.0
984,29.535,257.59953852,172.57437252,3,0,0.0,43.25,181.0
985,29.565,258.07953852,172.81437252,3,0,0.0,43.25,181.0
986,29.595,258.55953852,173.05437252,3,0,0.0,43.25,181.0
987,29.625,259.03953852,173.29437252,3,0,0.0,43.25,181.0
988,29.655,259.51953852,173.53437252,3,0,0.0,43.25,181.0
989,29.685,259.99953852,173.77437252,3,0,0.0,43.25,181.0
990,29.715,260.47953852,174.01437252,3,0,0.0,43.25,181.0
991,29.745,260.95953852,174.25437252,3,0,0.0,43.25,181.0
992,29.775,261.43953852,174.49437252,3,0,0.0,43.25,181.0
993,29.805,261.91953852,174.73437252,3,0,0.0,43.25,181.0
994,29.835,262.39953852,174.97437252,3,0,0.0,43.25,181.0
995,29.865,262.87953852,175.21437252,3,0,0.0,43.25,181.0
996,29.895,263.35953852,175.45437252,3,0,0.0,43.25,181.0
997,29.925,263.83953852,175.69437252,3,0,0.0,43.25,181.0
998,29.955,264.31953852,175.93437252,3,0,0.0,43.25,181.0
999,29.985,264.79953852,176.17437252,3,0,0.0,43.25,181.0
1000,30.015,265.27953852,176.41437252,3,0,0.0,43.25,181.0
1001,30.045,265.75953852,176.65437252,3,0,0.0,43.25,181.0
1002,30.075,266.23953852,176.89437252,3,0,0.0,43.25,181.0
1003,30.105,266.71953852,177.13437252,3,0,0.0,43.25,181.0
1004,30.135,267.19953852,177.37437252,3,0,0.0,43.25,181.0
1005,30.165,267.67953852,177.61437252,3,0,0.0,43.25,181.0
1006,30.195,268.15953852,177.85437252,3,0,0.0,43.25,181.0
1007,30.225,268.63953852,178.09437252,3,0,0.0,43.25,181.0
1008,30.255,269.11953852,178.33437252,3,0,0.0,43.25,181.0
1009,30.285,269.59953852,178.57437252,3,0,0.0,43.25,181.0
1010,30.315,270.07953852,178.81437252,3,0,0.0,43.25,181.0
1011,30.345,270.55953852,179.05437252,3,0,0.0,43.25,181.0
1012,30.375,271.03953852,179.29437252,3,0,0.0,43.25,181.0
1013,30.405,271.51953852,179.53437252,3,0,0.0,43.25,181.0
1014,30.435,271.99953852,179.77437252,3,0,0.0,43.25,181.0
1015,30.465,272.47953852,180.01437252,3,0,0.0,43.25,181.0
1016,30.495,272.95953852,180.25437252,3,0,0.0,43.25,181.0
1017,30.525,273.43953852,180.49437252,3,0,0.0,43.25,181.0
1018,30.555,273.91953852,180.73437252,3,0,0.0,43.25,181.0
1019,30.585,274.39953852,180.97437252,3,0,0.0,43.25,181.0
1020,30.615,274.87953852,181.21437252,3,0,0.0,43.25,181.0
1021,30.645,275.35953852,181.45437252,3,0,0.0,43.25,181.0
1022,30.675,275.83953852,181.69437252,3,0,0.0,43.25,181.0
1023,30.705,276.31953852,181.93437252,3,0,0.0,43.25,181.0
1024,30.735,276.79953852,182.17437252,3,0,0.0,43.25,181.0
1025,30.765,277.27953852,182.41437252,3,0,0.0,43.25,181.0
1026,30.795,277.75953852,182.65437252,3,0,0.0,43.25,181.0
1027,30.825,278.23953852,182.89437252,3,0,0.0,43.25,181.0
1028,30.855,278.71953852,183.13437252,3,0,0.0,43.25,181.0
1029,30.885,279.19953852,183.37437252,3,0,0.0,43.25,181.0
1030,30.915,279.67953852,183.61437252,3,0,0.0,43.25,181.0
1031,30.945,280.15953852,183.85437252,3,0,0.0,43.25,181.0
1032,30.975,280.63953852,184.09437252,3,0,0.0,43.25,181.0
1033,31.005,281.11953852,184.33437252,3,0,0.0,43.25,181.0
1034,31.035,281.59953852,184.57437252,3,0,0.0,43.25,181.0
1035,31.065,282.07953852,184.81437252,3,0,0.0,43.25,181.0
1036,31.095,282.55953852,185.05437252,3,0,0.0,43.25,181.0
1037,31.125,283.90065246,255.245166,3,0,0.86002427,26.0,111.0
1038,31.155,286.48065246,255.365166,3,0,0.0,26.0,111.0
1039,31.185,289.06065246,255.485166,3,0,0.0,26.0,111.0
1040,31.215,291.64065246,255.605166,3,0,0.0,26.0,111.0
1041,31.245,294.22065246,255.725166,3,0,0.0,26.0,111.0
1042,31.275,296.80065246,255.845166,3,0,0.0,26.0,111.0
1043,31.305,299.38065246,255.965166,3,0,0.0,26.0,111.0
1044,31.335,301.96065246,256.085166,3,0,0.0,26.0,111.0
1045,31.365,304.54065246,256.205166,3,0,0.0,26.0,111.0
1046,31.395,307.12065246,256.325166,3,0,0.0,26.0,111.0
1047,31.425,309.70065246,256.445166,3,0,0.0,26.0,111.0
1048,31.455,312.28065246,256.565166,3,0,0.0,26.0,111.0
1049,31.485,314.86065246,256.685166,3,0,0.0,26.0,111.0
1050,31.515,317.44065246,256.805166,3,0,0.0,26.0,111.0
1051,31.545,320.02065246,256.925166,3,0,0.0,26.0,111.0
1052,31.575,322.60065246,257.045166,3,0,0.0,26.0,111.0
1053,31.605,325.18065246,257.165166,3,0,0.0,26.0,111.0
1054,31.635,327.76065246,257.285166,3,0,0.0,26.0,111.0
1055,31.665,330.34065246,257.405166,3,0,0.0,26.0,111.0
1056,31.695,332.92065246,257.525166,3,0,0.0,26.0,111.0
1057,31.725,335.50065246,257.645166,3,0,0.0,26.0,111.0
1058,31.755,338.08065246,257.765166,3,0,0.0,26.0,111.0
1059,31.785,340.66065246,257.885166,3,0,0.0,26.0,111.0
1060,31.815,343.24065246,258.005166,3,0,0.0,26.0,111.0
1061,31.845,345.82065246,258.125166,3,0,0.0,26.0,111.0
1062,31.875,348.40065246,258.245166,3,0,0.0,26.0,111.0
1063,31.905,350.98065246,258.365166,3,0,0.0,26.0,111.0
1064,31.935,353.56065246,258.485166,3,0,0.0,26.0,111.0
1065,31.965,356.14065246,258.605166,3,0,0.0,26.0,111.0
1066,31.995,358.72065246,258.725166,3,0,0.0,26.0,111.0
1067,32.025,361.30065246,258.845166,3,0,0.0,26.0,111.0
1068,32.055,363.88065246,258.965166,3,0,0.0,26.0,111.0
1069,32.085,366.46065246,259.085166,3,0,0.0,26.0,111.0
1070,32.115,369.04065246,259.205166,3,0,0.0,26.0,111.0
1071,32.145,371.62065246,259.325166,3,0,0.0,26.0,111.0
1072,32.175,374.20065246,259.445166,3,0,0.0,26.0,111.0
1073,32.205,376.78065246,259.565166,3,0,0.0,26.0,111.0
1074,32.235,379.36065246,259.685166,3,0,0.0,26.0,111.0
1075,32.265,381.94065246,259.805166,3,0,0.0,26.0,111.0
1076,32.295,384.52065246,259.925166,3,0,0.0,26.0,111.0
1077,32.325,387.10065246,260.045166,3,0,0.0,26.0,111.0
1078,32.355,389.68065246,260.165166,3,0,0.0,26.0,111.0
1079,32.385,392.26065246,260.285166,3,0,0.0,26.0,111.0
1080,32.415,394.84065246,260.405166,3,0,0.0,26.0,111.0
1081,32.445,397.42065246,260.525166,3,0,0.0,26.0,111.0
1082,32.475,400.00065246,260.645166,3,0,0.0,26.0,111.0
1083,32.505,402.58065246,260.765166,3,0,0.0,26.0,111.0
1084,32.535,405.16065246,260.885166,3,0,0.0,26.0,111.0
1085,32.565,407.74065246,261.005166,3,0,0.0,26.0,111.0
1086,32.595,410.32065246,261.125166,3,0,0.0,26.0,111.0
1087,32.625,412.90065246,261.245166,3,0,0.0,26.0,111.0
1088,32.655,415.48065246,261.365166,3,0,0.0,26.0,111.0
1089,32.685,418.06065246,261.485166,3,0,0.0,26.0,111.0
1090,32.715,420.64065246,261.605166,3,0,0.0,26.0,111.0
1091,32.745,423.22065246,261.725166,3,0,0.0,26.0,111.0
1092,32.775,425.80065246,261.845166,3,0,0.0,26.0,111.0
1093,32.805,428.38065246,261.965166,3,0,0.0,26.0,111.0
1094,32.835,430.96065246,262.085166,3,0,0.0,26.0,111.0
1095,32.865,433.54065246,262.205166,3,0,0.0,26.0,111.0
1096,32.895,436.12065246,262.325166,3,0,0.0,26.0,111.0
1097,32.925,438.70065246,262.445166,3,0,0.0,26.0,111.0
1098,32.955,441.28065246,262.565166,3,0,0.0,26.0,111.0
1099,32.985,443.86065246,262.685166,3,0,0.0,26.0,111.0
1100,33.015,446.44065246,262.805166,3,0,0.0,26.0,111.0
1101,33.045,449.02065246,262.925166,3,0,0.0,26.0,111.0
1102,33.075,451.60065246,263.045166,3,0,0.0,26.0,111.0
1103,33.105,454.18065246,263.165166,3,0,0.0,26.0,111.0
1104,33.135,456.76065246,263.285166,3,0,0.0,26.0,111.0
1105,33.165,459.34065246,263.405166,3,0,0.0,26.0,111.0
1106,33.195,461.92065246,263.525166,3,0,0.0,26.0,111.0
1107,33.225,464.50065246,263.645166,3,0,0.0,26.0,111.0
1108,33.255,465.61196257,193.84909114,3,0,0.0,26.0,111.0
1109,33.285,466.09196257,194.08909114,3,0,0.0,26.0,111.0
1110,33.315,466.57196257,194.32909114,3,0,0.0,26.0,111.0
1111,33.345,467.05196257,194.56909114,3,0,0.0,26.0,111.0
1112,33.375,467.53196257,194.80909114,3,0,0.0,26.0,111.0
1113,33.405,468.01196257,195.04909114,3,0,0.0,26.0,111.0
1114,33.435,468.49196257,195.28909114,3,0,0.0,26.0,111.0
1115,33.465,468.97196257,195.52909114,3,0,0.0,26.0,111.0
1116,33.495,469.45196257,195.76909114,3,0,0.0,26.0,111.0
1117,33.525,469.93196257,196.00909114,3,0,0.0,26.0,111.0
1118,33.555,470.41196257,196.24909114,3,0,0.0,26.0,111.0
1119,33.585,470.89196257,196.48909114,3,0,0.0,26.0,111.0
1120,33.615,471.37196257,196.72909114,3,0,0.0,26.0,111.0
1121,33.645,471.85196257,196.96909114,3,0,0.0,26.0,111.0
1122,33.675,472.33196257,197.20909114,3,0,0.0,26.0,111.0
1123,33.705,472.81196257,197.44909114,3,0,0.0,26.0,111.0
1124,33.735,473.29196257,197.68909114,3,0,0.0,26.0,111.0
1125,33.765,473.77196257,197.92909114,3,0,0.0,26.0,111.0
1126,33.795,474.25196257,198.16909114,3,0,0.0,26.0,111.0
1127,33.825,474.73196257,198.40909114,3,0,0.0,26.0,111.0
1128,33.855,475.21196257,198.64909114,3,0,0.0,26.0,111.0
1129,33.885,475.69196257,198.88909114,3,0,0.0,26.0,111.0
1130,33.915,476.17196257,199.12909114,3,0,0.0,26.0,111.0
1131,33.945,476.77594667,231.35359313,2,0,0.12377122,18.25,79.0
1132,33.975,478.21594667,231.47359313,2,0,0.0,18.25,79.0
1133,34.005,479.65594667,231.59359313,2,0,0.0,18.25,79.0
1134,34.035,481.09594667,231.71359313,2,0,0.0,18.25,79.0
1135,34.065,482.53594667,231.83359313,2,0,0.0,18.25,79.0
1136,34.095,483.97594667,231.95359313,2,0,0.0,18.25,79.0
1137,34.125,485.41594667,232.07359313,2,0,0.0,18.25,79.0
1138,34.155,486.85594667,232.19359313,2,0,0.0,18.25,79.0
1139,34.185,488.29594667,232.31359313,2,0,0.0,18.25,79.0
1140,34.215,489.73594667,232.43359313,2,0,0.0,18.25,79.0
1141,34.245,491.17594667,232.55359313,2,0,0.0,18.25,79.0
1142,34.275,492.61594667,232.67359313,2,0,0.0,18.25,79.0
1143,34.305,494.05594667,232.79359313,2,0,0.0,18.25,79.0
1144,34.335,495.49594667,232.91359313,2,0,0.0,18.25,79.0
1145,34.365,496.93594667,233.03359313,2,0,0.0,18.25,79.0
1146,34.395,498.37594667,233.15359313,2,0,0.0,18.25,79.0
1147,34.425,499.81594667,233.27359313,2,0,0.0,18.25,79.0
1148,34.455,501.25594667,233.39359313,2,0,0.0,18.25,79.0
1149,34.485,502.69594667,233.51359313,2,0,0.0,18.25,79.0
1150,34.515,504.13594667,233.63359313,2,0,0.0,18.25,79.0
1151,34.545,505.57594667,233.75359313,2,0,0.0,18.25,79.0
1152,34.575,507.01594667,233.87359313,2,0,0.0,18.25,79.0
1153,34.605,508.45594667,233.99359313,2,0,0.0,18.25,79.0
1154,34.635,509.89594667,234.11359313,2,0,0.0,18.25,79.0
1155,34.665,511.33594667,234.23359313,2,0,0.0,18.25,79.0
1156,34.695,512.77594667,234.35359313,2,0,0.0,18.25,79.0
1157,34.725,514.21594667,234.47359313,2,0,0.0,18.25,79.0
1158,34.755,515.65594667,234.59359313,2,0,0.0,18.25,79.0
1159,34.785,517.09594667,234.71359313,2,0,0.0,18.25,79.0
1160,34.815,518.53594667,234.83359313,2,0,0.0,18.25,79.0
1161,34.845,519.97594667,234.95359313,2,0,0.0,18.25,79.0
1162,34.875,521.41594667,235.07359313,2,0,0.0,18.25,79.0
1163,34.905,522.85594667,235.19359313,2,0,0.0,18.25,79.0
1164,34.935,524.29594667,235.31359313,2,0,0.0,18.25,79.0
1165,34.965,525.73594667,235.43359313,2,0,0.0,18.25,79.0
1166,34.995,527.17594667,235.55359313,2,0,0.0,18.25,79.0
1167,35.025,528.61594667,235.67359313,2,0,0.0,18.25,79.0
1168,35.055,530.05594667,235.79359313,2,0,0.0,18.25,79.0
1169,35.085,531.49594667,235.91359313,2,0,0.0,18.25,79.0
1170,35.115,532.93594667,236.03359313,2,0,0.0,18.25,79.0
1171,35.145,534.37594667,236.15359313,2,0,0.0,18.25,79.0
1172,35.175,535.81594667,236.27359313,2,0,0.0,18.25,79.0
1173,35.205,537.25594667,236.39359313,2,0,0.0,18.25,79.0
1174,35.235,538.69594667,236.51359313,2,0,0.0,18.25,79.0
1175,35.265,540.13594667,236.63359313,2,0,0.0,18.25,79.0
1176,35.295,541.57594667,236.75359313,2,0,0.0,18.25,79.0
1177,35.325,543.01594667,236.87359313,2,0,0.0,18.25,79.0
1178,35.355,544.45594667,236.99359313,2,0,0.0,18.25,79.0
1179,35.385,543.81968082,237.23223689,2,0,0.0,18.25,79.0
1180,35.415,543.15968082,237.47223689,2,0,0.0,18.25,79.0
1181,35.445,542.49968082,237.71223689,2,0,0.0,18.25,79.0
1182,35.475,541.83968082,237.95223689,2,0,0.0,18.25,79.0
1183,35.505,541.17968082,238.19223689,2,0,0.0,18.25,79.0
1184,35.535,540.51968082,238.43223689,2,0,0.0,18.25,79.0
1185,35.565,539.85968082,238.67223689,2,0,0.0,18.25,79.0
1186,35.595,539.19968082,238.91223689,2,0,0.0,18.25,79.0
1187,35.625,538.53968082,239.15223689,2,0,0.0,18.25,79.0
1188,35.655,537.87968082,239.39223689,2,0,0.0,18.25,79.0
1189,35.685,537.21968082,239.63223689,2,0,0.0,18.25,79.0
1190,35.715,536.55968082,239.87223689,2,0,0.0,18.25,79.0
1191,35.745,535.89968082,240.11223689,2,0,0.0,18.25,79.0
1192,35.775,535.23968082,240.35223689,2,0,0.0,18.25,79.0
1193,35.805,534.57968082,240.59223689,2,0,0.0,18.25,79.0
1194,35.835,533.91968082,240.83223689,2,0,0.0,18.25,79.0
1195,35.865,533.25968082,241.07223689,2,0,0.0,18.25,79.0
1196,35.895,532.59968082,241.31223689,2,0,0.0,18.25,79.0
1197,35.925,531.93968082,241.55223689,2,0,0.0,18.25,79.0
1198,35.955,531.27968082,241.79223689,2,0,0.0,18.25,79.0
1199,35.985,530.61968082,242.03223689,2,0,0.0,18.25,79.0
1200,36.015,529.95968082,242.27223689,2,0,0.0,18.25,79.0
1201,36.045,529.29968082,242.51223689,2,0,0.0,18.25,79.0
1202,36.075,528.63968082,242.75223689,2,0,0.0,18.25,79.0
1203,36.105,527.97968082,242.99223689,2,0,0.0,18.25,79.0
1204,36.135,527.31968082,243.23223689,2,0,0.0,18.25,79.0
1205,36.165,526.65968082,243.47223689,2,0,0.0,18.25,79.0
1206,36.195,525.99968082,243.71223689,2,0,0.0,18.25,79.0
1207,36.225,525.33968082,243.95223689,2,0,0.0,18.25,79.0
1208,36.255,524.67968082,244.19223689,2,0,0.0,18.25,79.0
1209,36.285,524.01968082,244.43223689,2,0,0.0,18.25,79.0
1210,36.315,523.35968082,244.67223689,2,0,0.0,18.25,79.0
1211,36.345,522.69968082,244.91223689,2,0,0.0,18.25,79.0
1212,36.375,522.03968082,245.15223689,2,0,0.0,18.25,79.0
1213,36.405,521.37968082,245.39223689,2,0,0.0,18.25,79.0
1214,36.435,520.71968082,245.63223689,2,0,0.0,18.25,79.0
1215,36.465,520.05968082,245.87223689,2,0,0.0,18.25,79.0
1216,36.495,519.39968082,246.11223689,2,0,0.0,18.25,79.0
1217,36.525,518.73968082,246.35223689,2,0,0.0,18.25,79.0
1218,36.555,518.07968082,246.59223689,2,0,0.0,18.25,79.0
1219,36.585,517.41968082,246.83223689,2,0,0.0,18.25,79.0
1220,36.615,516.75968082,247.07223689,2,0,0.0,18.25,79.0
1221,36.645,516.09968082,247.31223689,2,0,0.0,18.25,79.0
1222,36.675,515.43968082,247.55223689,2,0,0.0,18.25,79.0
1223,36.705,514.77968082,247.79223689,2,0,0.0,18.25,79.0
1224,36.735,514.11968082,248.03223689,2,0,0.0,18.25,79.0
1225,36.765,513.45968082,248.27223689,2,0,0.0,18.25,79.0
1226,36.795,512.79968082,248.51223689,2,0,0.0,18.25,79.0
1227,36.825,512.13968082,248.75223689,2,0,0.0,18.25,79.0
1228,36.855,511.47968082,248.99223689,2,0,0.0,18.25,79.0
1229,36.885,510.81968082,249.23223689,2,0,0.0,18.25,79.0
1230,36.915,510.15968082,249.47223689,2,0,0.0,18.25,79.0
1231,36.945,509.49968082,249.71223689,2,0,0.0,18.25,79.0
1232,36.975,508.83968082,249.95223689,2,0,0.0,18.25,79.0
1233,37.005,508.17968082,250.19223689,2,0,0.0,18.25,79.0
1234,37.035,507.51968082,250.43223689,2,0,0.0,18.25,79.0
1235,37.065,506.85968082,250.67223689,2,0,0.0,18.25,79.0
1236,37.095,506.19968082,250.91223689,2,0,0.0,18.25,79.0
1237,37.125,505.53968082,251.15223689,2,0,0.0,18.25,79.0
1238,37.155,504.87968082,251.39223689,2,0,0.0,18.25,79.0
1239,37.185,504.21968082,251.63223689,2,0,0.0,18.25,79.0
1240,37.215,503.55968082,251.87223689,2,0,0.0,18.25,79.0
1241,37.245,502.89968082,252.11223689,2,0,0.0,18.25,79.0
1242,37.275,502.23968082,252.35223689,2,0,0.0,18.25,79.0
1243,37.305,501.57968082,252.59223689,2,0,0.0,18.25,79.0
1244,37.335,500.91968082,252.83223689,2,0,0.0,18.25,79.0
1245,37.365,500.25968082,253.07223689,2,0,0.0,18.25,79.0
1246,37.395,499.59968082,253.31223689,2,0,0.0,18.25,79.0
1247,37.425,498.93968082,253.55223689,2,0,0.0,18.25,79.0
1248,37.455,498.27968082,253.79223689,2,0,0.0,18.25,79.0
1249,37.485,498.20352262,253.9988745,2,0,0.0,18.25,79.0
1250,37.515,499.64352262,254.1188745,2,0,0.0,18.25,79.0
1251,37.545,501.08352262,254.2388745,2,0,0.0,18.25,79.0
1252,37.575,502.52352262,254.3588745,2,0,0.0,18.25,79.0
1253,37.605,503.96352262,254.4788745,2,0,0.0,18.25,79.0
1254,37.635,505.40352262,254.5988745,2,0,0.0,18.25,79.0
1255,37.665,506.84352262,254.7188745,2,0,0.0,18.25,79.0
1256,37.695,508.28352262,254.8388745,2,0,0.0,18.25,79.0
1257,37.725,509.72352262,254.9588745,2,0,0.0,18.25,79.0
1258,37.755,511.16352262,255.0788745,2,0,0.0,18.25,79.0
1259,37.785,512.60352262,255.1988745,2,0,0.0,18.25,79.0
1260,37.815,514.04352262,255.3188745,2,0,0.0,18.25,79.0
1261,37.845,515.47107921,255.44249028,2,0,0.0,18.25,79.0
1262,37.875,516.85709863,255.57785834,2,0,0.0,18.25,79.0
1263,37.905,518.22009084,255.71971089,2,0,0.0,18.25,79.0
1264,37.935,519.56595369,255.86639687,2,0,0.0,18.25,79.0
1265,37.965,520.8975857,256.01699881,2,0,0.0,18.25,79.0
1266,37.995,522.21688186,256.17119423,2,0,0.0,18.25,79.0
1267,38.025,519.1585006,270.14532025,4,0,0.0,18.25,79.0
1268,38.055,516.77241274,268.46354537,4,0,0.0,22.75,99.0
1269,38.085,515.63429906,267.41301529,4,0,0.0,27.25,101.0
1270,38.115,514.96152053,266.6017982,4,0,0.0,27.25,101.0
1271,38.145,514.56714409,265.93587686,4,0,0.0,27.25,101.0
1272,38.175,514.35266061,265.36560596,4,0,0.0,31.75,103.0
1273,38.205,514.28033988,264.87271507,4,0,0.0,36.25,105.0
1274,38.235,514.30293432,264.43221748,4,0,0.0,36.25,105.0
1275,38.265,514.41965258,264.0433094,4,0,0.0,36.25,105.0
1276,38.295,514.60096805,263.69242535,4,0,0.0,36.25,105.0
1277,38.325,514.83848997,263.3737488,4,0,0.0,36.25,105.0
1278,38.355,515.12527275,263.08388652,4,0,0.0,36.25,105.0
1279,38.385,515.45541667,262.82056456,4,0,0.0,36.25,105.0
1280,38.415,515.82401278,262.57970537,4,0,0.0,40.75,107.0
1281,38.445,516.22690585,262.36079258,4,0,0.0,45.25,109.0
1282,38.475,516.66049298,262.16039919,4,0,0.0,45.25,109.0
1283,38.505,517.12173331,261.9777575,4,0,0.0,45.25,109.0
1284,38.535,517.60788151,261.81103924,4,0,0.0,45.25,109.0
1285,38.565,518.11670571,261.65891557,4,0,0.0,45.25,109.0
1286,38.595,518.64614134,261.52071438,4,0,0.0,45.25,109.0
1287,38.625,519.19448381,261.39473541,4,0,0.0,45.25,109.0
1288,38.655,519.76010074,261.28102668,4,0,0.0,45.25,109.0
1289,38.685,520.34626651,261.1800415,4,0,0.0,45.25,109.0
1290,38.715,520.94853488,261.09062621,4,0,0.0,45.25,109.0
1291,38.745,521.56457725,261.01037902,4,0,0.0,45.25,109.0
1292,38.775,522.19333398,260.9397779,4,0,0.0,49.75,111.0
1293,38.805,522.83619776,260.87848759,4,0,0.0,49.75,111.0
1294,38.835,523.49498912,260.82810337,4,0,0.0,49.75,111.0
1295,38.865,524.16413112,260.78526153,4,0,0.0,49.75,111.0
1296,38.895,524.84290514,260.74972365,4,0,0.0,49.75,111.0
1297,38.925,525.53598308,260.72394357,4,0,0.0,49.75,111.0
1298,38.955,526.24011549,260.70561836,4,0,0.0,49.75,111.0
1299,38.985,526.95225427,260.69426482,4,0,0.0,49.75,111.0
1300,39.015,527.67539187,260.68967329,4,0,0.0,49.75,111.0
1301,39.045,528.41035278,260.69444202,4,0,0.0,49.75,111.0
1302,39.075,529.15199385,260.70338915,4,0,0.0,49.75,111.0
1303,39.105,529.90365278,260.72070851,4,0,0.0,49.75,111.0
1304,39.135,530.66613668,260.74451,4,0,0.0,49.75,111.0
1305,39.165,531.43425625,260.773691,4,0,0.0,49.75,111.0
1306,39.195,532.21317754,260.80999067,4,0,0.0,49.75,111.0
1307,39.225,533.00051496,260.8521666,4,0,0.0,49.75,111.0
1308,39.255,533.79276671,260.89927041,4,0,0.0,49.75,111.0
1309,39.285,534.59790388,260.95350012,4,0,0.0,49.75,111.0
1310,39.315,535.40809937,261.0135869,4,0,0.0,49.75,111.0
1311,39.345,536.22565095,261.07776009,4,0,0.0,49.75,111.0
1312,39.375,537.05312939,261.14957942,4,0,0.0,49.75,111.0
1313,39.405,537.8845354,261.22446999,4,0,0.0,49.75,111.0
1314,39.435,538.72728118,261.30664466,4,0,0.0,49.75,111.0
1315,39.465,539.57511385,261.39343382,4,0,0.0,49.75,111.0
1316,39.495,540.43010549,261.48426503,4,0,0.0,49.75,111.0
1317,39.525,541.29392864,261.58263986,4,0,0.0,49.75,111.0
1318,39.555,542.16120911,261.68284465,4,0,0.0,49.75,111.0
1319,39.585,543.04064192,261.79165886,4,0,0.0,49.75,111.0
1320,39.615,543.1061841,261.83480536,4,0,0.0,49.75,111.0
1321,39.645,542.5580348,261.83204812,4,0,0.0,49.75,111.0
1322,39.675,542.01569452,261.83418128,4,0,0.0,49.75,111.0
1323,39.705,541.47988882,261.83967272,4,0,0.0,49.75,111.0
1324,39.735,540.95247052,261.85253743,4,0,0.0,49.75,111.0
1325,39.765,540.42913142,261.86723885,4,0,0.0,49.75,111.0
1326,39.795,539.91647674,261.8896755,4,0,0.0,49.75,111.0
1327,39.825,539.40651552,261.91418389,4,0,0.0,49.75,111.0
1328,39.855,538.90772643,261.94544805,4,0,0.0,49.75,111.0
1329,39.885,538.41233567,261.98031955,4,0,0.0,49.75,111.0
1330,39.915,537.92626821,262.01975311,4,0,0.0,49.75,111.0
1331,39.945,537.44538476,262.06492914,4,0,0.0,49.75,111.0
1332,39.975,536.97224251,262.11346284,4,0,0.0,49.75,111.0
1333,40.005,536.50586577,262.1680322,4,0,0.0,49.75,111.0
1334,40.035,536.04585486,262.22606066,4,0,0.0,49.75,111.0
1335,40.065,535.59402777,262.2897065,4,0,0.0,49.75,111.0
1336,40.095,535.14736669,262.357337,4,0,0.0,49.75,111.0
1337,40.125,534.7101666,262.43009595,4,0,0.0,49.75,111.0
1338,40.155,534.27709676,262.50746335,4,0,0.0,49.75,111.0
1339,40.185,533.85463694,262.58942205,4,0,0.0,49.75,111.0
1340,40.215,533.43542545,262.67668779,4,0,0.0,49.75,111.0
1341,40.245,533.02785063,262.7688198,4,0,0.0,49.75,111.0
1342,40.275,532.62305668,262.86547863,4,0,0.0,49.75,111.0
1343,40.305,532.23028871,262.96791777,4,0,0.0,49.75,111.0
1344,40.335,531.84066262,263.07435559,4,0,0.0,49.75,111.0
1345,40.365,531.4625256,263.18707784,4,0,0.0,49.75,111.0
1346,40.395,531.08833609,263.30362226,4,0,0.0,49.75,111.0
1347,40.425,530.72520358,263.42690326,4,0,0.0,49.75,111.0
1348,40.455,530.36675015,263.55396934,4,0,0.0,49.75,111.0
1349,40.485,530.01902632,263.68813171,4,0,0.0,49.75,111.0
1350,40.515,529.67665275,263.82624074,4,0,0.0,49.75,111.0
1351,40.545,529.34479167,263.97165372,4,0,0.0,49.75,111.0
1352,40.575,529.01890201,264.1214618,4,0,0.0,49.75,111.0
1353,40.605,528.70341019,264.27856891,4,0,0.0,49.75,111.0
1354,40.635,528.39447397,264.44089625,4,0,0.0,49.75,111.0
1355,40.665,528.09591009,264.61019452,4,0,0.0,49.75,111.0
1356,40.695,527.804463,264.78605684,4,0,0.0,49.75,111.0
1357,40.725,527.52344111,264.96813699,4,0,0.0,49.75,111.0
1358,40.755,527.25009998,265.15879658,4,0,0.0,49.75,111.0
1359,40.785,526.98731592,265.35454801,4,0,0.0,49.75,111.0
1360,40.815,526.73280364,265.56136415,4,0,0.0,49.75,111.0
1361,40.845,526.48905251,265.77444809,4,0,0.0,49.75,111.0
1362,40.875,526.25418791,265.9965271,4,0,0.0,49.75,111.0
1363,40.905,526.0303959,266.22927728,4,0,0.0,49.75,111.0
1364,40.935,525.81611534,266.46903159,4,0,0.0,49.75,111.0
1365,40.965,525.61338735,266.72305781,4,0,0.0,49.75,111.0
1366,40.995,525.42086655,266.98771884,4,0,0.0,49.75,111.0
1367,41.025,525.24045018,267.2636363,4,0,0.0,49.75,111.0
1368,41.055,525.07115229,267.55501344,4,0,0.0,49.75,111.0
1369,41.085,524.9146687,267.86416589,4,0,0.0,49.75,111.0
1370,41.115,524.77035834,268.19024783,4,0,0.0,49.75,111.0
1371,41.145,524.63987797,268.53714048,4,0,0.0,49.75,111.0
1372,41.175,524.52300856,268.9089271,4,0,0.0,49.75,111.0
1373,41.205,524.42140098,269.31231907,4,0,0.0,49.75,111.0
1374,41.235,524.33547832,269.75604836,4,0,0.0,49.75,111.0
1375,41.265,524.26716519,270.25372155,4,0,0.0,49.75,111.0
1376,41.295,524.21811523,270.82569575,4,0,0.0,49.75,111.0
1377,41.325,524.19164896,271.54223901,4,0,0.0,49.75,111.0
1378,41.355,524.19448965,272.62172871,4,0,0.0,49.75,111.0
1379,41.385,524.24440723,273.73980409,4,0,0.02216351,49.25,108.0
1380,41.415,524.30718129,273.77119112,4,0,0.0,49.25,108.0
1381,41.445,524.37443387,273.80481741,4,0,0.0,49.25,108.0
1382,41.475,524.44724502,273.84122299,4,0,0.0,49.25,108.0
1383,41.505,524.5242579,273.87972943,4,0,0.0,49.25,108.0
1384,41.535,524.60722512,273.92121304,4,0,0.0,49.25,108.0
1385,41.565,524.69405958,273.96463027,4,0,0.0,49.25,108.0
1386,41.595,524.78731884,274.0112599,4,0,0.0,49.25,108.0
1387,41.625,524.88404176,274.05962136,4,0,0.0,49.25,108.0
1388,41.655,524.9877547,274.11147783,4,0,0.0,49.25,108.0
1389,41.685,525.09445484,274.1648279,4,0,0.0,49.25,108.0
1390,41.715,525.20880552,274.22200324,4,0,0.0,49.25,108.0
1391,41.745,525.32557767,274.28038931,4,0,0.0,49.25,108.0
1392,41.775,525.45075479,274.34297787,4,0,0.0,49.25,108.0
1393,41.805,525.5776827,274.40644183,4,0,0.0,49.25,108.0
1394,41.835,525.71390004,274.4745505,4,0,0.0,49.25,108.0
1395,41.865,525.85108816,274.54314456,4,0,0.0,49.25,108.0
1396,41.895,525.99859684,274.61689889,4,0,0.0,49.25,108.0
1397,41.925,526.14715051,274.69117573,4,0,0.0,49.25,108.0
1398,41.955,526.30524226,274.7702216,4,0,0.0,49.25,108.0
1399,41.985,526.46551324,274.8503571,4,0,0.0,49.25,108.0
1400,42.015,526.63425848,274.93472972,4,0,0.0,49.25,108.0
1401,42.045,526.80655544,275.0208782,4,0,0.0,49.25,108.0
1402,42.075,526.98670874,275.11044881,4,0,0.0,49.25,108.0
1403,42.105,527.21107636,275.1914661,4,0,0.0,49.25,108.0
1404,42.135,527.46993673,275.26728166,4,0,0.0,49.25,108.0
1405,42.165,527.75472252,275.34129198,4,0,0.0,49.25,108.0
1406,42.195,528.05901062,275.41285409,4,0,0.0,49.25,108.0
1407,42.225,528.38522891,275.48525404,4,0,0.0,49.25,108.0
1408,42.255,528.72538969,275.55557555,4,0,0.0,49.25,108.0
1409,42.285,529.08707359,275.62848522,4,0,0.0,49.25,108.0
1410,42.315,529.46054041,275.69985177,4,0,0.0,49.25,108.0
1411,42.345,529.85250572,275.77367583,4,0,0.0,49.25,108.0
1412,42.375,530.25712849,275.84729709,4,0,0.0,49.25,108.0
1413,42.405,530.67671679,275.92194795,4,0,0.0,49.25,108.0
1414,42.435,531.11094542,275.99845889,4,0,0.0,49.25,108.0
1415,42.465,531.5565342,276.0756358,4,0,0.0,49.25,108.0
1416,42.495,532.01926785,276.15564175,4,0,0.0,49.25,108.0
1417,42.525,532.49143949,276.23560228,4,0,0.0,49.25,108.0
1418,42.555,532.98025669,276.31982023,4,0,0.0,49.25,108.0
1419,42.585,533.48011717,276.40409828,4,0,0.0,49.25,108.0
1420,42.615,533.99258168,276.49096805,4,0,0.0,49.25,108.0
1421,42.645,534.51988796,276.58110506,4,0,0.0,49.25,108.0
1422,42.675,535.05639783,276.67153553,4,0,0.0,49.25,108.0
1423,42.705,535.61005057,276.76744021,4,0,0.0,49.25,108.0
1424,42.735,536.17408863,276.86379935,4,0,0.0,49.25,108.0
1425,42.765,536.75024432,276.96369158,4,0,0.0,49.25,108.0
1426,42.795,537.34207546,277.0669353,4,0,0.0,49.25,108.0
1427,42.825,537.94358456,277.17255259,4,0,0.0,49.25,108.0
1428,42.855,538.56047806,277.28187788,4,0,0.0,49.25,108.0
1429,42.885,539.19061568,277.39534146,4,0,0.0,49.25,108.0
1430,42.915,539.83097161,277.51025508,4,0,0.0,49.25,108.0
1431,42.945,540.48909861,277.63168525,4,0,0.0,49.25,108.0
1432,42.975,541.15938769,277.755708,4,0,0.0,49.25,108.0
1433,43.005,541.84083633,277.88317814,4,0,0.0,49.25,108.0
1434,43.035,542.54107762,278.01657558,4,0,0.0,49.25,108.0
1435,43.065,543.25426377,278.15466875,4,0,0.0,49.25,108.0
1436,43.095,543.97978619,278.29534441,4,0,0.0,49.25,108.0
1437,43.125,544.7235573,278.44383582,4,0,0.0,49.25,108.0
1438,43.155,545.48326203,278.5964578,4,0,0.0,49.25,108.0
1439,43.185,546.25697768,278.75501595,4,0,0.0,49.25,108.0
1440,43.215,547.04617999,278.91777984,4,0,0.0,49.25,108.0
1441,43.245,547.85721691,279.09017032,4,0,0.02967179,49.25,108.0
1442,43.275,548.68449851,279.26778239,4,0,0.06395551,44.75,106.0
1443,43.305,549.52886887,279.45219421,4,0,0.07935646,44.75,106.0
1444,43.335,550.39141181,279.64352359,4,0,0.09587597,44.75,106.0
1445,43.365,551.27812619,279.84462777,4,0,0.11856026,44.75,106.0
1446,43.395,552.18636627,280.05515568,4,0,0.13863567,44.75,106.0
1447,43.425,553.1163805,280.27358467,4,0,0.1591036,44.75,106.0
1448,43.455,554.06980152,280.50309787,4,0,0.18127203,44.75,106.0
1449,43.485,555.04844804,280.74186428,4,0,0.20535138,44.75,106.0
1450,43.515,556.05433509,280.99353307,4,0,0.23156554,44.75,106.0
1451,43.545,557.08986382,281.25759937,4,0,0.26022345,44.75,106.0
1452,43.575,558.15771662,281.53630044,4,0,0.29171682,44.75,106.0
1453,43.605,559.26147931,281.83155751,4,0,0.32682063,40.25,104.0
1454,43.635,560.40364559,282.14358167,4,0,0.36456636,35.75,102.0
1455,43.665,561.58957874,282.47718413,4,0,0.40772295,35.75,102.0
1456,43.695,562.82393893,282.83159408,4,0,0.45564087,35.75,102.0
1457,43.725,564.11263876,283.21295378,4,0,0.50957473,35.75,102.0
1458,43.755,565.46282003,283.62273645,4,0,0.57069451,35.75,102.0
1459,43.785,566.88290239,284.06625576,4,0,0.6403812,35.75,102.0
1460,43.815,568.39174826,284.55300359,4,0,0.72895235,35.75,102.0
1461,43.845,570.01065773,285.09248798,4,0,0.83896877,31.25,100.0
1462,43.875,571.76196219,285.69816987,4,0,0.97136378,26.75,98.0
1463,43.905,573.69183934,286.38985009,4,0,1.15003263,26.75,98.0
1464,43.935,575.8944922,287.21793183,4,0,1.42301085,26.75,98.0
1465,43.965,578.54840867,288.2695323,4,0,1.87451775,22.25,96.0
1466,43.995,582.21040638,289.82407469,4,0,2.88299109,17.75,76.0
1467,44.025,587.58641082,276.23474283,2,0,4.59741263,17.75,76.0
1468,44.055,587.88444284,276.10414127,2,0,0.0,17.75,76.0
1469,44.085,588.18186458,275.97353971,2,0,0.0,17.75,76.0
1470,44.115,588.47857873,275.83926793,2,0,0.0,17.75,76.0
1471,44.145,588.77447624,275.7048861,2,0,0.0,17.75,76.0
1472,44.175,589.06951184,275.56792219,2,0,0.0,17.75,76.0
1473,44.205,589.36353383,275.42961224,2,0,0.0,17.75,76.0
1474,44.235,589.65651614,275.2898278,2,0,0.0,17.75,76.0
1475,44.265,589.94830356,275.1474267,2,0,0.0,17.75,76.0
1476,44.295,590.23885188,275.00466817,2,0,0.0,17.75,76.0
1477,44.325,590.52803617,274.85799274,2,0,0.0,17.75,76.0
1478,44.355,590.81576548,274.71131731,2,0,0.0,17.75,76.0
1479,44.385,591.10196332,274.56092081,2,0,0.0,17.75,76.0
1480,44.415,591.38648769,274.40976576,2,0,0.0,17.75,76.0
1481,44.445,591.66929375,274.25576314,2,0,0.0,17.75,76.0
1482,44.475,591.95021342,274.0999024,2,0,0.0,17.75,76.0
1483,44.505,592.22920923,273.94200425,2,0,0.0,17.75,76.0
1484,44.535,592.5061072,273.78117956,2,0,0.0,17.75,76.0
1485,44.565,592.780859,273.61904186,2,0,0.0,17.75,76.0
1486,44.595,593.053298,273.452969,2,0,0.0,17.75,76.0
1487,44.625,593.32335404,273.28618498,2,0,0.0,17.75,76.0
1488,44.655,593.59087335,273.11454279,2,0,0.0,17.75,76.0
1489,44.685,593.85575998,272.94262582,2,0,0.0,17.75,76.0
1490,44.715,594.11787124,272.76504733,2,0,0.0,17.75,76.0
1491,44.745,594.37708786,272.58740928,2,0,0.0,17.75,76.0
1492,44.775,594.63327023,272.40348936,2,0,0.0,17.75,76.0
1493,44.805,594.88628379,272.21943274,2,0,0.0,17.75,76.0
1494,44.835,595.13597871,272.02869885,2,0,0.0,17.75,76.0
1495,44.865,595.38221554,271.83736612,2,0,0.0,17.75,76.0
1496,44.895,595.62481948,271.63929551,2,0,0.0,17.75,76.0
1497,44.925,595.86365609,271.43965868,2,0,0.0,17.75,76.0
1498,44.955,596.09851294,271.23363562,2,0,0.0,17.75,76.0
1499,44.985,596.32926251,271.02442071,2,0,0.0,17.75,76.0
1500,45.015,596.55565283,270.80975215,2,0,0.0,17.75,76.0
1501,45.045,596.77754894,270.58940198,2,0,0.0,17.75,76.0
1502,45.075,596.99467829,270.36528198,2,0,0.0,17.75,76.0
1503,45.105,597.20685222,270.13185036,2,0,0.0,17.75,76.0
1504,45.135,597.41382083,269.89439735,2,0,0.0,17.75,76.0
1505,45.165,597.61528446,269.64838058,2,0,0.0,17.75,76.0
1506,45.195,597.81101394,269.39363597,2,0,0.0,17.75,76.0
1507,45.225,598.00066394,269.13224947,2,0,0.0,17.75,76.0
1508,45.255,598.19549583,290.85846117,1,0,0.0,17.75,76.0
1509,45.285,600.47193342,290.45317691,1,0,0.0,17.75,76.0
1510,45.315,602.74115212,290.03655802,1,0,0.0,17.75,76.0
1511,45.345,605.00265431,289.6062997,1,0,0.0,17.75,76.0
1512,45.375,607.25588393,289.1573783,1,0,0.0,17.75,76.0
1513,45.405,609.50020742,288.6857878,1,0,0.0,17.75,76.0
1514,45.435,611.73483909,288.18899073,1,0,0.0,17.75,76.0
1515,45.465,613.95881003,287.65992746,1,0,0.0,17.75,76.0
1516,45.495,616.17088172,287.0885122,1,0,0.0,17.75,76.0
1517,45.525,618.3693601,286.44821108,1,0,0.0,17.75,76.0
1518,45.555,620.55166064,285.70890912,1,0,0.0,17.75,76.0
1519,45.585,622.71323187,284.7546583,1,0,0.0,17.75,76.0
1520,45.615,624.83817073,283.01012947,1,0,0.0,17.75,76.0
1521,45.645,626.93817073,282.89012947,1,0,0.0,17.75,76.0
1522,45.675,629.03817073,282.77012947,1,0,0.0,17.75,76.0
1523,45.705,631.13817073,282.65012947,1,0,0.0,17.75,76.0
1524,45.735,633.23817073,282.53012947,1,0,0.0,17.75,76.0
1525,45.765,635.33817073,282.41012947,1,0,0.0,17.75,76.0
1526,45.795,637.43817073,282.29012947,1,0,0.0,17.75,76.0
1527,45.825,639.53817073,282.17012947,1,0,0.0,17.75,76.0
1528,45.855,641.63817073,282.05012947,1,0,0.0,17.75,76.0
1529,45.885,643.73817073,281.93012947,1,0,0.0,17.75,76.0
1530,45.915,645.83817073,281.81012947,1,0,0.0,17.75,76.0
1531,45.945,647.93817073,281.69012947,1,0,0.0,17.75,76.0
1532,45.975,650.03817073,281.57012947,1,0,0.0,17.75,76.0
1533,46.005,652.13817073,281.45012947,1,0,0.0,17.75,76.0
1534,46.035,654.23817073,281.33012947,1,0,0.0,17.75,76.0
1535,46.065,656.33817073,281.21012947,1,0,0.0,17.75,76.0
1536,46.095,658.43817073,281.09012947,1,0,0.0,17.75,76.0
1537,46.125,660.53817073,280.97012947,1,0,0.0,17.75,76.0
1538,46.155,662.63817073,280.85012947,1,0,0.0,17.75,76.0
1539,46.185,664.73817073,280.73012947,1,0,0.0,17.75,76.0
1540,46.215,666.83817073,280.61012947,1,0,0.0,17.75,76.0
1541,46.245,668.93817073,280.49012947,1,0,0.0,17.75,76.0
1542,46.275,671.03817073,280.37012947,1,0,0.0,17.75,76.0
1543,46.305,673.13817073,280.25012947,1,0,0.0,17.75,76.0
1544,46.335,675.23817073,280.13012947,1,0,0.0,17.75,76.0
1545,46.365,677.33817073,280.01012947,1,0,0.0,17.75,76.0
1546,46.395,679.43817073,279.89012947,1,0,0.0,17.75,76.0
1547,46.425,681.53817073,279.77012947,1,0,0.0,17.75,76.0
1548,46.455,683.63817073,279.65012947,1,0,0.0,17.75,76.0
1549,46.485,685.73817073,279.53012947,1,0,0.0,17.75,76.0
1550,46.515,687.83817073,279.41012947,1,0,0.0,17.75,76.0
1551,46.545,689.93817073,279.29012947,1,0,0.0,17.75,76.0
1552,46.575,692.03817073,279.17012947,1,0,0.0,17.75,76.0
1553,46.605,694.13817073,279.05012947,1,0,0.0,17.75,76.0
1554,46.635,696.23817073,278.93012947,1,0,0.0,17.75,76.0
1555,46.665,698.33817073,278.81012947,1,0,0.0,17.75,76.0
1556,46.695,700.43817073,278.69012947,1,0,0.0,17.75,76.0
1557,46.725,702.53817073,278.57012947,1,0,0.0,17.75,76.0
1558,46.755,704.63817073,278.45012947,1,0,0.0,17.75,76.0
1559,46.785,706.73817073,278.33012947,1,0,0.0,17.75,76.0
1560,46.815,708.83817073,278.21012947,1,0,0.0,17.75,76.0
1561,46.845,710.93817073,278.09012947,1,0,0.0,17.75,76.0
1562,46.875,713.03817073,277.97012947,1,0,0.0,17.75,76.0
1563,46.905,715.13817073,277.85012947,1,0,0.0,17.75,76.0
1564,46.935,717.23817073,277.73012947,1,0,0.0,17.75,76.0
1565,46.965,719.33817073,277.61012947,1,0,0.0,17.75,76.0
1566,46.995,721.43817073,277.49012947,1,0,0.0,17.75,76.0
1567,47.025,723.53817073,277.37012947,1,0,0.0,17.75,76.0
1568,47.055,725.63817073,277.25012947,1,0,0.0,17.75,76.0
1569,47.085,727.73817073,277.13012947,1,0,0.0,17.75,76.0
1570,47.115,729.83817073,277.01012947,1,0,0.0,17.75,76.0
1571,47.145,731.93817073,276.89012947,1,0,0.0,17.75,76.0
1572,47.175,734.03817073,276.77012947,1,0,0.0,17.75,76.0
1573,47.205,736.13817073,276.65012947,1,0,0.0,17.75,76.0
1574,47.235,738.23817073,276.53012947,1,0,0.0,17.75,76.0
1575,47.265,740.33817073,276.41012947,1,0,0.0,17.75,76.0
1576,47.295,742.43817073,276.29012947,1,0,0.0,17.75,76.0
1577,47.325,744.53817073,276.17012947,1,0,0.0,17.75,76.0
1578,47.355,746.63817073,276.05012947,1,0,0.0,17.75,76.0
1579,47.385,748.1189745,205.96551211,1,0,0.0,17.75,76.0
1580,47.415,748.1189745,205.96551211,1,0,0.0,17.75,76.0
1581,47.445,748.1189745,205.96551211,1,0,0.0,17.75,76.0
1582,47.475,748.1189745,205.96551211,1,0,0.0,17.75,76.0
1583,47.505,748.1189745,205.96551211,1,0,0.0,17.75,76.0
1584,47.535,748.1189745,205.96551211,1,0,0.0,17.75,76.0
1585,47.565,748.1189745,205.96551211,1,0,0.0,17.75,76.0
1586,47.595,748.1189745,205.96551211,1,0,0.0,17.75,76.0
1587,47.625,748.1189745,205.96551211,1,0,0.0,17.75,76.0
1588,47.655,748.1189745,205.96551211,1,0,0.0,17.75,76.0
1589,47.685,748.1189745,205.96551211,1,0,0.0,17.75,76.0
1590,47.715,748.1189745,205.96551211,1,0,0.0,17.75,76.0
1591,47.745,748.1189745,205.96551211,1,0,0.0,17.75,76.0
1592,47.775,748.1189745,205.96551211,1,0,0.0,17.75,76.0
1593,47.805,748.1189745,205.96551211,1,0,0.0,17.75,76.0
1594,47.835,748.1189745,205.96551211,1,0,0.0,17.75,76.0
1595,47.865,748.1189745,205.96551211,1,0,0.0,17.75,76.0
1596,47.895,748.1189745,205.96551211,1,0,0.0,17.75,76.0
1597,47.925,748.1189745,205.96551211,1,0,0.0,17.75,76.0
1598,47.955,748.1189745,205.96551211,1,0,0.0,17.75,76.0
1599,47.985,748.1189745,205.96551211,1,0,0.0,17.75,76.0
1600,48.015,748.1189745,205.96551211,1,0,0.0,17.75,76.0
1601,48.045,748.1189745,205.96551211,1,0,0.0,17.75,76.0
1602,48.075,748.1189745,205.96551211,1,0,0.0,17.75,76.0
1603,48.105,747.77115243,205.79160108,1,0,0.0,17.75,76.0
1604,48.135,747.29115243,205.55160108,1,0,0.0,17.75,76.0
1605,48.165,746.81115243,205.31160108,1,0,0.0,17.75,76.0
1606,48.195,746.33115243,205.07160108,1,0,0.0,17.75,76.0
1607,48.225,745.85115243,204.83160108,1,0,0.0,17.75,76.0
1608,48.255,745.37115243,204.59160108,1,0,0.0,17.75,76.0
1609,48.285,744.89115243,204.35160108,1,0,0.0,17.75,76.0
1610,48.315,744.41115243,204.11160108,1,0,0.0,17.75,76.0
1611,48.345,743.93115243,203.87160108,1,0,0.0,17.75,76.0
1612,48.375,743.45115243,203.63160108,1,0,0.0,17.75,76.0
1613,48.405,742.97115243,203.39160108,1,0,0.0,17.75,76.0
1614,48.435,742.49115243,203.15160108,1,0,0.0,17.75,76.0
1615,48.465,742.01115243,202.91160108,1,0,0.0,17.75,76.0
1616,48.495,741.53115243,202.67160108,1,0,0.0,17.75,76.0
1617,48.525,741.05115243,202.43160108,1,0,0.0,17.75,76.0
1618,48.555,740.57115243,202.19160108,1,0,0.0,17.75,76.0
1619,48.585,740.09115243,201.95160108,1,0,0.0,17.75,76.0
1620,48.615,739.61115243,201.71160108,1,0,0.0,17.75,76.0
1621,48.645,739.13115243,201.47160108,1,0,0.0,17.75,76.0
1622,48.675,738.65115243,201.23160108,1,0,0.0,17.75,76.0
1623,48.705,738.17115243,200.99160108,1,0,0.0,17.75,76.0
1624,48.735,737.69115243,200.75160108,1,0,0.0,17.75,76.0
1625,48.765,737.21115243,200.51160108,1,0,0.0,17.75,76.0
1626,48.795,736.73115243,200.27160108,1,0,0.0,17.75,76.0
1627,48.825,736.25115243,200.03160108,1,0,0.0,17.75,76.0
1628,48.855,735.77115243,199.79160108,1,0,0.0,17.75,76.0
1629,48.885,735.29115243,199.55160108,1,0,0.0,17.75,76.0
1630,48.915,734.81115243,199.31160108,1,0,0.0,17.75,76.0
1631,48.945,734.33115243,199.07160108,1,0,0.0,17.75,76.0
1632,48.975,733.85115243,198.83160108,1,0,0.0,17.75,76.0
1633,49.005,733.37115243,198.59160108,1,0,0.0,17.75,76.0
1634,49.035,732.89115243,198.35160108,1,0,0.0,17.75,76.0
1635,49.065,732.41115243,198.11160108,1,0,0.0,17.75,76.0
1636,49.095,731.93115243,197.87160108,1,0,0.0,17.75,76.0
1637,49.125,731.45115243,197.63160108,1,0,0.0,17.75,76.0
1638,49.155,730.97115243,197.39160108,1,0,0.0,17.75,76.0
1639,49.185,730.49115243,197.15160108,1,0,0.0,17.75,76.0
1640,49.215,730.01115243,196.91160108,1,0,0.0,17.75,76.0
1641,49.245,729.53115243,196.67160108,1,0,0.0,17.75,76.0
1642,49.275,729.05115243,196.43160108,1,0,0.0,17.75,76.0
1643,49.305,728.57115243,196.19160108,1,0,0.0,17.75,76.0
1644,49.335,728.09115243,195.95160108,1,0,0.0,17.75,76.0
1645,49.365,727.61115243,195.71160108,1,0,0.0,17.75,76.0
1646,49.395,727.13115243,195.47160108,1,0,0.0,17.75,76.0
1647,49.425,726.65115243,195.23160108,1,0,0.0,17.75,76.0
1648,49.455,726.17115243,194.99160108,1,0,0.0,17.75,76.0
1649,49.485,725.69115243,194.75160108,1,0,0.0,17.75,76.0
1650,49.515,723.98438024,242.58170235,2,0,0.0,17.75,76.0
1651,49.545,721.40438024,242.46170235,2,0,0.0,17.75,76.0
1652,49.575,718.82438024,242.34170235,2,0,0.0,17.75,76.0
1653,49.605,716.24438024,242.22170235,2,0,0.0,17.75,76.0
1654,49.635,713.66438024,242.10170235,2,0,0.0,17.75,76.0
1655,49.665,711.08438024,241.98170235,2,0,0.0,17.75,76.0
1656,49.695,708.50438024,241.86170235,2,0,0.0,17.75,76.0
1657,49.725,705.92438024,241.74170235,2,0,0.0,17.75,76.0
1658,49.755,703.34438024,241.62170235,2,0,0.0,17.75,76.0
1659,49.785,700.76438024,241.50170235,2,0,0.0,17.75,76.0
1660,49.815,698.18438024,241.38170235,2,0,0.0,17.75,76.0
1661,49.845,695.60438024,241.26170235,2,0,0.0,17.75,76.0
1662,49.875,693.02438024,241.14170235,2,0,0.0,17.75,76.0
1663,49.905,690.44438024,241.02170235,2,0,0.0,17.75,76.0
1664,49.935,687.86438024,240.90170235,2,0,0.0,17.75,76.0
1665,49.965,685.28438024,240.78170235,2,0,0.0,17.75,76.0
1666,49.995,682.70438024,240.66170235,2,0,0.0,17.75,76.0
1667,50.025,680.12438024,240.54170235,2,0,0.0,17.75,76.0
1668,50.055,677.54438024,240.42170235,2,0,0.0,17.75,76.0
1669,50.085,674.96438024,240.30170235,2,0,0.0,17.75,76.0
1670,50.115,672.38438024,240.18170235,2,0,0.0,17.75,76.0
1671,50.145,669.80438024,240.06170235,2,0,0.0,17.75,76.0
1672,50.175,667.22438024,239.94170235,2,0,0.0,17.75,76.0
1673,50.205,664.64438024,239.82170235,2,0,0.0,17.75,76.0
1674,50.235,662.06438024,239.70170235,2,0,0.0,17.75,76.0
1675,50.265,659.48438024,239.58170235,2,0,0.0,17.75,76.0
1676,50.295,656.90438024,239.46170235,2,0,0.0,17.75,76.0
1677,50.325,654.32438024,239.34170235,2,0,0.0,17.75,76.0
1678,50.355,651.74438024,239.22170235,2,0,0.0,17.75,76.0
1679,50.385,649.16438024,239.10170235,2,0,0.0,17.75,76.0
1680,50.415,646.58438024,238.98170235,2,0,0.0,17.75,76.0
1681,50.445,644.00438024,238.86170235,2,0,0.0,17.75,76.0
1682,50.475,641.42438024,238.74170235,2,0,0.0,17.75,76.0
1683,50.505,638.84438024,238.62170235,2,0,0.0,17.75,76.0
1684,50.535,636.26438024,238.50170235,2,0,0.0,17.75,76.0
1685,50.565,633.68054364,238.38284614,2,0,0.0,17.75,76.0
1686,50.595,631.05481334,238.27582325,2,0,0.0,17.75,76.0
1687,50.625,628.40311989,238.17607675,2,0,0.0,17.75,76.0
1688,50.655,625.73313636,238.08178284,2,0,0.0,17.75,76.0
1689,50.685,623.04831933,237.9915434,2,0,0.0,17.75,76.0
1690,50.715,620.35073123,237.90490548,2,0,0.0,17.75,76.0
1691,50.745,617.6418366,237.82155562,2,0,0.0,17.75,76.0
1692,50.775,614.9227392,237.74119506,2,0,0.0,17.75,76.0
1693,50.805,612.1943134,237.6635375,2,0,0.0,17.75,76.0
1694,50.835,609.45728063,237.58831146,2,0,0.0,17.75,76.0
1695,50.865,606.7122574,237.51526078,2,0,0.0,17.75,76.0
1696,50.895,603.95975975,237.44503397,2,0,0.0,17.75,76.0
1697,50.925,601.20021578,237.37686579,2,0,0.0,17.75,76.0
1698,50.955,598.43405208,237.31037218,2,0,0.0,17.75,76.0
1699,50.985,595.66165528,237.24601411,2,0,0.0,17.75,76.0
1700,51.015,592.88330198,237.18387308,2,0,0.0,17.75,76.0
1701,51.045,590.09931974,237.12296393,2,0,0.0,17.75,76.0
1702,51.075,587.31000412,237.06436663,2,0,0.0,17.75,76.0
1703,51.105,584.51555594,237.0073459,2,0,0.0,17.75,76.0
1704,51.135,581.716272,236.95159626,2,0,0.0,17.75,76.0
1705,51.165,578.91232442,236.89824663,2,0,0.0,17.75,76.0
1706,51.195,576.10394603,236.84555217,2,0,0.0,17.75,76.0
1707,51.225,573.29133833,236.79544725,2,0,0.0,17.75,76.0
1708,51.255,570.47465706,236.74605019,2,0,0.0,17.75,76.0
1709,51.285,567.65412442,236.69875073,2,0,0.0,17.75,76.0
1710,51.315,564.82985118,236.65248007,2,0,0.0,17.75,76.0
1711,51.345,562.00206014,236.60797869,2,0,0.0,17.75,76.0
1712,51.375,559.17083863,236.56467717,2,0,0.0,17.75,76.0
1713,51.405,556.33640136,236.52297141,2,0,0.0,17.75,76.0
1714,51.435,553.4988218,236.48249622,2,0,0.0,17.75,76.0
1715,51.465,550.65830466,236.44358779,2,0,0.0,17.75,76.0
1716,51.495,547.81491424,236.40580899,2,0,0.0,17.75,76.0
1717,51.525,544.96884465,236.36970383,2,0,0.0,17.75,76.0
1718,51.555,542.12015561,236.3345039,2,0,0.0,17.75,76.0
1719,51.585,539.26902781,236.3012134,2,0,0.0,17.75,76.0
1720,51.615,536.41552394,236.26848619,2,0,0.0,17.75,76.0
1721,51.645,535.39415195,236.13320531,2,0,0.0,17.75,76.0
1722,51.675,534.63629345,235.98285487,2,0,0.0,17.75,76.0
1723,51.705,533.87642252,235.83524455,2,0,0.0,17.75,76.0
1724,51.735,533.11464743,235.68763423,2,0,0.0,17.75,76.0
1725,51.765,532.35104925,235.54245261,2,0,0.0,17.75,76.0
1726,51.795,531.58577167,235.39771946,2,0,0.0,17.75,76.0
1727,51.825,530.81885987,235.25478549,2,0,0.0,17.75,76.0
1728,51.855,530.05047693,235.11296106,2,0,0.0,17.75,76.0
1729,51.885,529.28065346,234.97221424,2,0,0.0,17.75,76.0
1730,51.915,528.50954805,234.83333705,2,0,0.0,17.75,76.0
1731,51.945,527.73720513,234.69472566,2,0,0.0,17.75,76.0
1732,51.975,526.96374814,234.55883993,2,0,0.0,17.75,76.0
1733,52.005,526.1892653,234.4229542,2,0,0.0,17.75,76.0
1734,52.035,525.41382216,234.28947822,2,0,0.0,17.75,76.0
1735,52.065,524.63755776,234.15663557,2,0,0.0,17.75,76.0
1736,52.095,523.86050025,234.02527644,2,0,0.0,17.75,76.0
1737,52.125,523.08280435,233.89553528,2,0,0.0,17.75,76.0
1738,52.155,522.30450053,233.76627532,2,0,0.0,17.75,76.0
1739,52.185,521.52571737,233.63970287,2,0,0.0,17.75,76.0
1740,52.215,520.74652844,233.51313042,2,0,0.0,17.75,76.0
1741,52.245,519.96700142,233.38920536,2,0,0.0,17.75,76.0
1742,52.275,519.18726839,233.26587671,2,0,0.0,17.75,76.0
1743,52.305,518.40735564,233.14412865,2,0,0.0,17.75,76.0
1744,52.335,517.62741494,233.02412865,2,0,0.0,17.75,76.0
1745,52.365,516.84747601,232.90457955,2,0,0.0,17.75,76.0
1746,52.395,516.06766328,232.78800317,2,0,0.0,17.75,76.0
1747,52.425,515.28805312,232.67142678,2,0,0.0,17.75,76.0
1748,52.455,514.508709,232.55764027,2,0,0.0,17.75,76.0
1749,52.485,513.7297662,232.44459356,2,0,0.0,17.75,76.0
1750,52.515,512.9512503,232.33320576,2,0,0.0,17.75,76.0
1751,52.545,512.17331428,232.22380753,2,0,0.0,17.75,76.0
1752,52.575,511.39599025,232.11489399,2,0,0.0,17.75,76.0
1753,52.605,510.61940451,232.00927582,2,0,0.0,17.75,76.0
1754,52.635,509.8436355,231.90365764,2,0,0.0,17.75,76.0
1755,52.665,509.06875262,231.80123926,2,0,0.0,17.75,76.0
1756,52.695,508.294892,231.69954884,2,0,0.0,17.75,76.0
1757,52.725,507.52208572,231.59997657,2,0,0.0,17.75,76.0
1758,52.755,506.75049308,231.50237767,2,0,0.0,17.75,76.0
1759,52.785,505.98014507,231.40580865,2,0,0.0,17.75,76.0
1760,52.815,505.21118965,231.31248465,2,0,0.0,17.75,76.0
1761,52.845,504.44368924,231.21916066,2,0,0.0,17.75,76.0
1762,52.875,503.67775201,231.13026128,2,0,0.0,17.75,76.0
1763,52.905,502.91349139,231.04141563,2,0,0.0,17.75,76.0
1764,52.935,502.15097352,230.95615886,2,0,0.0,17.75,76.0
1765,52.965,501.39035339,230.87202042,2,0,0.0,17.75,76.0
1766,52.995,500.6316752,230.79069936,2,0,0.0,17.75,76.0
1767,53.025,499.87511365,230.7115231,2,0,0.0,17.75,76.0
1768,53.055,499.12071076,230.63448526,2,0,0.0,17.75,76.0
1769,53.085,498.3686462,230.56055702,2,0,0.0,17.75,76.0
1770,53.115,497.61897272,230.48821635,2,0,0.0,17.75,76.0
1771,53.145,496.87186737,230.41985981,2,0,0.0,17.75,76.0
1772,53.175,496.12739992,230.3527112,2,0,0.0,17.75,76.0
1773,53.205,495.3857439,230.29028823,2,0,0.0,17.75,76.0
1774,53.235,494.64698626,230.22892248,2,0,0.0,17.75,76.0
1775,53.265,493.9113022,230.17284408,2,0,0.0,17.75,76.0
1776,53.295,493.17879149,230.11797349,2,0,0.0,17.75,76.0
1777,53.325,492.44964028,230.06870546,2,0,0.0,17.75,76.0
1778,53.355,491.72395474,230.0211909,2,0,0.0,17.75,76.0
1779,53.385,491.00194226,229.9792637,2,0,0.0,17.75,76.0
1780,53.415,490.28371119,229.94015277,2,0,0.0,17.75,76.0
1781,53.445,489.56949669,229.90617582,2,0,0.0,17.75,76.0
1782,53.475,488.85941367,229.87675056,2,0,0.0,17.75,76.0
1783,53.505,488.15371976,229.85141912,2,0,0.0,17.75,76.0
1784,53.535,487.45255949,229.83325837,2,0,0.0,17.75,76.0
1785,53.565,486.75618522,229.81793154,2,0,0.0,17.75,76.0
1786,53.595,486.06482621,229.81244894,2,0,0.0,17.75,76.0
1787,53.625,485.37869732,229.8117076,2,0,0.0,17.75,76.0
1788,53.655,484.69811833,229.81771572,2,0,0.0,17.75,76.0
1789,53.685,484.02332956,229.83446864,2,0,0.0,17.75,76.0
1790,53.715,483.35465901,229.85810985,2,0,0.0,17.75,76.0
1791,53.745,482.69248727,229.89123995,2,0,0.0,17.75,76.0
1792,53.775,482.03716461,229.93907092,2,0,0.0,17.75,76.0
1793,53.805,481.38912424,229.99859174,2,0,0.0,17.75,76.0
1794,53.835,480.7488762,230.07218927,2,0,0.0,17.75,76.0
1795,53.865,480.11699498,230.16303273,2,0,0.0,17.75,76.0
1796,53.895,479.49414512,230.27656247,2,0,0.0,17.75,76.0
1797,53.925,478.881123,230.4179251,2,0,0.0,17.75,76.0
1798,53.955,478.27893045,230.59242814,2,0,0.0,17.75,76.0
1799,53.985,477.68886541,230.81622732,2,0,0.0,17.75,76.0
1800,54.015,477.112747,231.10928034,2,0,0.0,17.75,76.0
1801,54.045,476.55329586,231.50778274,2,0,0.0,17.75,76.0
1802,54.075,476.01574517,232.17482425,2,0,0.0,17.75,76.0
1803,54.105,475.51802938,233.37661234,2,0,0.02256913,22.25,92.0
1804,54.135,475.03802938,233.13661234,2,0,0.0,22.25,92.0
1805,54.165,474.55802938,232.89661234,2,0,0.0,22.25,92.0
1806,54.195,474.07802938,232.65661234,2,0,0.0,22.25,92.0
1807,54.225,473.59802938,232.41661234,2,0,0.0,22.25,92.0
1808,54.255,473.11802938,232.17661234,2,0,0.0,22.25,92.0
1809,54.285,472.63802938,231.93661234,2,0,0.0,22.25,92.0
1810,54.315,472.15802938,231.69661234,2,0,0.0,22.25,92.0
1811,54.345,471.67802938,231.45661234,2,0,0.0,22.25,92.0
1812,54.375,471.19802938,231.21661234,2,0,0.0,22.25,92.0
1813,54.405,470.71802938,230.97661234,2,0,0.0,22.25,92.0
1814,54.435,470.23802938,230.73661234,2,0,0.0,22.25,92.0
1815,54.465,469.75802938,230.49661234,2,0,0.0,22.25,92.0
1816,54.495,469.27802938,230.25661234,2,0,0.0,22.25,92.0
1817,54.525,468.79802938,230.01661234,2,0,0.0,22.25,92.0
1818,54.555,468.31802938,229.77661234,2,0,0.0,22.25,92.0
1819,54.585,467.83802938,229.53661234,2,0,0.0,22.25,92.0
1820,54.615,467.35802938,229.29661234,2,0,0.0,22.25,92.0
1821,54.645,466.87802938,229.05661234,2,0,0.0,22.25,92.0
1822,54.675,466.39802938,228.81661234,2,0,0.0,22.25,92.0
1823,54.705,465.91802938,228.57661234,2,0,0.0,22.25,92.0
1824,54.735,465.43802938,228.33661234,2,0,0.0,22.25,92.0
1825,54.765,464.95802938,228.09661234,2,0,0.0,22.25,92.0
1826,54.795,464.47802938,227.85661234,2,0,0.0,22.25,92.0
1827,54.825,464.02433343,227.60908125,2,0,0.0,22.25,92.0
1828,54.855,463.60658453,227.35138148,2,0,0.0,22.25,92.0
1829,54.885,463.20938287,227.08792474,2,0,0.0,22.25,92.0
1830,54.915,462.82827209,226.81999004,2,0,0.0,22.25,92.0
1831,54.945,462.46069403,226.54795769,2,0,0.0,22.25,92.0
1832,54.975,462.10497694,226.27262185,2,0,0.0,22.25,92.0
1833,55.005,461.75989148,225.99428234,2,0,0.0,22.25,92.0
1834,55.035,461.42447439,225.71322394,2,0,0.0,22.25,92.0
1835,55.065,461.09794231,225.42944448,2,0,0.0,22.25,92.0
1836,55.095,460.77966482,225.14292708,2,0,0.0,22.25,92.0
1837,55.125,460.46909086,224.85425296,2,0,0.0,22.25,92.0
1838,55.155,460.16572477,224.5636637,2,0,0.0,22.25,92.0
1839,55.185,459.86912103,224.27094157,2,0,0.0,22.25,92.0
1840,55.215,459.57894376,223.97574565,2,0,0.0,22.25,92.0
1841,55.245,459.2948392,223.67910554,2,0,0.0,22.25,92.0
1842,55.275,459.01645975,223.38057089,2,0,0.0,22.25,92.0
1843,55.305,458.74357594,223.07982047,2,0,0.0,22.25,92.0
1844,55.335,458.47589324,222.77804107,2,0,0.0,22.25,92.0
1845,55.365,458.21315627,222.47379071,2,0,0.0,22.25,92.0
1846,55.395,457.95518194,222.1683327,2,0,0.0,22.25,92.0
1847,55.425,457.70169581,221.86125254,2,0,0.0,22.25,92.0
1848,55.455,457.45256273,221.55231816,2,0,0.0,22.25,92.0
1849,55.485,457.20753353,221.24242307,2,0,0.0,22.25,92.0
1850,55.515,456.96647676,220.93019678,2,0,0.0,22.25,92.0
1851,55.545,456.72918577,220.61749624,2,0,0.0,22.25,92.0
1852,55.575,456.49551975,220.30214781,2,0,0.0,22.25,92.0
1853,55.605,456.26531116,219.98662728,2,0,0.0,22.25,92.0
1854,55.635,456.03841323,219.66833304,2,0,0.0,22.25,92.0
1855,55.665,455.81468407,219.34998691,2,0,0.0,22.25,92.0
1856,55.695,455.59398157,219.02889534,2,0,0.0,22.25,92.0
1857,55.725,455.37617363,218.70780377,2,0,0.0,22.25,92.0
1858,55.755,455.16113397,218.38396047,2,0,0.0,22.25,92.0
1859,55.785,454.94872682,218.06006563,2,0,0.0,22.25,92.0
1860,55.815,454.73885018,217.73363688,2,0,0.0,22.25,92.0
1861,55.845,454.53135565,217.40692738,2,0,0.0,22.25,92.0
1862,55.875,454.32616871,217.0780173,2,0,0.0,22.25,92.0
1863,55.905,454.12312629,216.74847828,2,0,0.0,22.25,92.0
1864,55.935,453.92217774,216.41717921,2,0,0.0,22.25,92.0
1865,55.965,453.72315051,216.08478953,2,0,0.0,22.25,92.0
1866,55.995,453.52600709,215.75118347,2,0,0.0,22.25,92.0
1867,56.025,453.33057821,215.41591661,2,0,0.0,22.25,92.0
1868,56.055,453.13682164,215.08007619,2,0,0.0,22.25,92.0
1869,56.085,452.9445915,214.74190062,2,0,0.0,22.25,92.0
1870,56.115,452.75381637,214.40372506,2,0,0.0,22.25,92.0
1871,56.145,452.56439966,214.06276647,2,0,0.0,22.25,92.0
1872,56.175,452.37622164,213.72164366,2,0,0.0,22.25,92.0
1873,56.205,452.18923462,213.37852406,2,0,0.0,22.25,92.0
1874,56.235,452.00328522,213.03440979,2,0,0.0,22.25,92.0
1875,56.265,451.81834731,212.68916799,2,0,0.0,22.25,92.0
1876,56.295,451.63426758,212.34201064,2,0,0.0,22.25,92.0
1877,56.325,451.45100424,211.99467661,2,0,0.0,22.25,92.0
1878,56.355,451.26844298,211.64441777,2,0,0.0,22.25,92.0
1879,56.385,451.08649202,211.29415893,2,0,0.0,22.25,92.0
1880,56.415,450.90509677,210.94158533,2,0,0.0,22.25,92.0
1881,56.445,450.72411473,210.58815778,2,0,0.0,22.25,92.0
1882,56.475,450.54352262,210.23344963,2,0,0.0,22.25,92.0
1883,56.505,450.36317029,209.87677828,2,0,0.0,22.25,92.0
1884,56.535,450.18302024,209.51992889,2,0,0.0,22.25,92.0
1885,56.565,450.00296093,209.15992889,2,0,0.0,22.25,92.0
1886,56.595,449.82290162,208.79992889,2,0,0.0,22.25,92.0
1887,56.625,449.64279121,208.43749694,2,0,0.0,22.25,92.0
1888,56.655,449.46248672,208.07407332,2,0,0.0,22.25,92.0
1889,56.685,449.28196583,207.70934708,2,0,0.0,22.25,92.0
1890,56.715,449.10107961,207.34239379,2,0,0.0,22.25,92.0
1891,56.745,448.91978751,206.97531891,2,0,0.0,22.25,92.0
1892,56.775,448.73798067,206.60471714,2,0,0.0,22.25,92.0
1893,56.805,448.55556355,206.23411536,2,0,0.0,22.25,92.0
1894,56.835,448.37248456,205.8608416,2,0,0.0,22.25,92.0
1895,56.865,448.18859771,205.48645977,2,0,0.0,22.25,92.0
1896,56.895,448.00387795,205.11053313,2,0,0.0,22.25,92.0
1897,56.925,447.81817081,204.73222356,2,0,0.0,22.25,92.0
1898,56.955,447.63143683,204.35351981,2,0,0.0,22.25,92.0
1899,56.985,447.44355127,203.97111871,2,0,0.0,22.25,92.0
1900,57.015,447.25442735,203.58871761,2,0,0.0,22.25,92.0
1901,57.045,447.06399232,203.20281299,2,0,0.0,22.25,92.0
1902,57.075,446.87210581,202.81613698,2,0,0.0,22.25,92.0
1903,57.105,446.6787287,202.42692335,2,0,0.0,22.25,92.0
1904,57.135,446.48369578,202.03576899,2,0,0.0,22.25,92.0
1905,57.165,446.286973,201.64300918,2,0,0.0,22.25,92.0
1906,57.195,446.08839546,201.24714762,2,0,0.0,22.25,92.0
1907,57.225,445.88791125,200.85055951,2,0,0.0,22.25,92.0
1908,57.255,445.68537388,200.44973578,2,0,0.0,22.25,92.0
1909,57.285,445.48069798,200.04891204,2,0,0.0,22.25,92.0
1910,57.315,445.27376571,199.64291315,2,0,0.0,22.25,92.0
1911,57.345,445.0644526,199.23684138,2,0,0.0,22.25,92.0
1912,57.375,444.8526648,198.82595803,2,0,0.0,22.25,92.0
1913,57.405,444.63824689,198.41431456,2,0,0.0,22.25,92.0
1914,57.435,444.42111633,197.99802975,2,0,0.0,22.25,92.0
1915,57.465,444.20109742,197.58045273,2,0,0.0,22.25,92.0
1916,57.495,443.97810779,197.15814723,2,0,0.0,22.25,92.0
1917,57.525,443.75195823,196.73422563,2,0,0.0,22.25,92.0
1918,57.555,443.5225575,196.30515544,2,0,0.0,22.25,92.0
1919,57.585,443.28970834,195.87442346,2,0,0.0,22.25,92.0
1920,57.615,443.05330055,195.43769031,2,0,0.0,22.25,92.0
1921,57.645,442.81313665,194.99961751,2,0,0.0,22.25,92.0
1922,57.675,442.56907118,194.55412807,2,0,0.0,22.25,92.0
1923,57.705,442.3209207,194.10719617,2,0,0.0,22.25,92.0
1924,57.735,442.06848023,193.65252761,2,0,0.0,22.25,92.0
1925,57.765,441.81159117,193.19467216,2,0,0.0,22.25,92.0
1926,57.795,441.5499869,192.73054889,2,0,0.0,22.25,92.0
1927,57.825,441.28350723,192.25986122,2,0,0.0,22.25,92.0
1928,57.855,441.01186108,191.78534382,2,0,0.0,22.25,92.0
1929,57.885,440.73480985,191.29943613,2,0,0.0,22.25,92.0
1930,57.915,440.45209319,190.80807216,2,0,0.0,22.25,92.0
1931,57.945,440.16336132,190.30927449,2,0,0.0,22.25,92.0
1932,57.975,439.86831737,189.79733992,2,0,0.0,22.25,92.0
1933,58.005,438.85478872,189.36530321,2,0,0.0,22.25,92.0
1934,58.035,437.58594992,188.95354786,2,0,0.0,22.25,92.0
1935,58.065,436.30952428,188.52580578,2,0,0.0,22.25,92.0
1936,58.095,435.02500481,188.07995297,2,0,0.0,22.25,92.0
1937,58.125,433.73175976,187.61487005,2,0,0.0,22.25,92.0
1938,58.155,432.42903979,187.12571463,2,0,0.0,22.25,92.0
1939,58.185,431.11593224,186.60577153,2,0,0.0,22.25,92.0
1940,58.215,429.79127936,186.04544997,2,0,0.0,22.25,92.0
1941,58.245,428.45353744,185.43057288,2,0,0.0,22.25,92.0
1942,58.275,427.10045719,184.71987018,2,0,0.0,22.25,92.0
1943,58.305,425.72818822,183.84213702,2,0,0.0,22.25,92.0
1944,58.335,424.32667827,182.21851369,2,0,0.0,22.25,92.0
1945,58.365,422.88692221,181.72585823,2,0,0.0,22.25,92.0
1946,58.395,421.44692221,181.60585823,2,0,0.0,22.25,92.0
1947,58.425,420.00692221,181.48585823,2,0,0.0,22.25,92.0
1948,58.455,418.56692221,181.36585823,2,0,0.0,22.25,92.0
1949,58.485,417.12692221,181.24585823,2,0,0.0,22.25,92.0
1950,58.515,415.68692221,181.12585823,2,0,0.0,22.25,92.0
1951,58.545,414.24692221,181.00585823,2,0,0.0,22.25,92.0
1952,58.575,412.80692221,180.88585823,2,0,0.0,22.25,92.0
1953,58.605,411.36692221,180.76585823,2,0,0.0,22.25,92.0
1954,58.635,409.92692221,180.64585823,2,0,0.0,22.25,92.0
1955,58.665,408.48692221,180.52585823,2,0,0.0,22.25,92.0
1956,58.695,407.04692221,180.40585823,2,0,0.0,22.25,92.0
1957,58.725,405.60692221,180.28585823,2,0,0.0,22.25,92.0
1958,58.755,404.16692221,180.16585823,2,0,0.0,22.25,92.0
1959,58.785,402.72692221,180.04585823,2,0,0.0,22.25,92.0
1960,58.815,401.28692221,179.92585823,2,0,0.0,22.25,92.0
1961,58.845,399.84692221,179.80585823,2,0,0.0,22.25,92.0
1962,58.875,398.40692221,179.68585823,2,0,0.0,22.25,92.0
1963,58.905,396.96692221,179.56585823,2,0,0.0,22.25,92.0
1964,58.935,395.52692221,179.44585823,2,0,0.0,22.25,92.0
1965,58.965,394.08692221,179.32585823,2,0,0.0,22.25,92.0
1966,58.995,392.64692221,179.20585823,2,0,0.0,22.25,92.0
1967,59.025,391.20692221,179.08585823,2,0,0.0,22.25,92.0
1968,59.055,389.76692221,178.96585823,2,0,0.0,22.25,92.0
1969,59.085,388.32692221,178.84585823,2,0,0.0,22.25,92.0
1970,59.115,386.88692221,178.72585823,2,0,0.0,22.25,92.0
1971,59.145,385.44692221,178.60585823,2,0,0.0,22.25,92.0
1972,59.175,384.00692221,178.48585823,2,0,0.0,22.25,92.0
1973,59.205,382.56692221,178.36585823,2,0,0.0,22.25,92.0
1974,59.235,381.12692221,178.24585823,2,0,0.0,22.25,92.0
1975,59.265,379.68692221,178.12585823,2,0,0.0,22.25,92.0
1976,59.295,378.24692221,178.00585823,2,0,0.0,22.25,92.0
1977,59.325,376.80692221,177.88585823,2,0,0.0,22.25,92.0
1978,59.355,375.36692221,177.76585823,2,0,0.0,22.25,92.0
1979,59.385,373.92692221,177.64585823,2,0,0.0,22.25,92.0
1980,59.415,373.74904883,199.4537367,1,0,0.3927324,17.25,70.0
1981,59.445,374.40904883,199.2137367,1,0,0.0,17.25,70.0
1982,59.475,375.06904883,198.9737367,1,0,0.0,17.25,70.0
1983,59.505,375.72904883,198.7337367,1,0,0.0,17.25,70.0
1984,59.535,376.38904883,198.4937367,1,0,0.0,17.25,70.0
1985,59.565,377.04904883,198.2537367,1,0,0.0,17.25,70.0
1986,59.595,377.70904883,198.0137367,1,0,0.0,17.25,70.0
1987,59.625,378.36904883,197.7737367,1,0,0.0,17.25,70.0
1988,59.655,379.02904883,197.5337367,1,0,0.0,17.25,70.0
1989,59.685,379.68904883,197.2937367,1,0,0.0,17.25,70.0
1990,59.715,380.34904883,197.0537367,1,0,0.0,17.25,70.0
1991,59.745,381.00904883,196.8137367,1,0,0.0,17.25,70.0
1992,59.775,381.66904883,196.5737367,1,0,0.0,17.25,70.0
1993,59.805,382.32904883,196.3337367,1,0,0.0,17.25,70.0
1994,59.835,382.98904883,196.0937367,1,0,0.0,17.25,70.0
1995,59.865,383.64904883,195.8537367,1,0,0.0,17.25,70.0
1996,59.895,384.30904883,195.6137367,1,0,0.0,17.25,70.0
1997,59.925,384.96904883,195.3737367,1,0,0.0,17.25,70.0
1998,59.955,385.62904883,195.1337367,1,0,0.0,17.25,70.0
1999,59.985,386.28904883,194.8937367,1,0,0.0,17.25,70.0
2000,60.015,386.94904883,194.6537367,1,0,0.0,17.25,70.0
2001,60.045,387.60904883,194.4137367,1,0,0.0,17.25,70.0
2002,60.075,388.26904883,194.1737367,1,0,0.0,17.25,70.0
2003,60.105,388.92904883,193.9337367,1,0,0.0,17.25,70.0
2004,60.135,389.58904883,193.6937367,1,0,0.0,17.25,70.0
2005,60.165,390.24904883,193.4537367,1,0,0.0,17.25,70.0
2006,60.195,390.90904883,193.2137367,1,0,0.0,17.25,70.0
2007,60.225,391.56904883,192.9737367,1,0,0.0,17.25,70.0
2008,60.255,392.22904883,192.7337367,1,0,0.0,17.25,70.0
2009,60.285,392.88904883,192.4937367,1,0,0.0,17.25,70.0
2010,60.315,393.54904883,192.2537367,1,0,0.0,17.25,70.0
2011,60.345,394.20904883,192.0137367,1,0,0.0,17.25,70.0
2012,60.375,394.86904883,191.7737367,1,0,0.0,17.25,70.0
2013,60.405,395.52904883,191.5337367,1,0,0.0,17.25,70.0
2014,60.435,396.18904883,191.2937367,1,0,0.0,17.25,70.0
2015,60.465,396.84904883,191.0537367,1,0,0.0,17.25,70.0
2016,60.495,397.50904883,190.8137367,1,0,0.0,17.25,70.0
2017,60.525,398.16904883,190.5737367,1,0,0.0,17.25,70.0
2018,60.555,398.82904883,190.3337367,1,0,0.0,17.25,70.0
2019,60.585,399.48904883,190.0937367,1,0,0.0,17.25,70.0
2020,60.615,400.14904883,189.8537367,1,0,0.0,17.25,70.0
2021,60.645,400.80904883,189.6137367,1,0,0.0,17.25,70.0
2022,60.675,401.46904883,189.3737367,1,0,0.0,17.25,70.0
2023,60.705,402.12904883,189.1337367,1,0,0.0,17.25,70.0
2024,60.735,402.78904883,188.8937367,1,0,0.0,17.25,70.0
2025,60.765,403.44904883,188.6537367,1,0,0.0,17.25,70.0
2026,60.795,404.10904883,188.4137367,1,0,0.0,17.25,70.0
2027,60.825,404.76904883,188.1737367,1,0,0.0,17.25,70.0
2028,60.855,405.42904883,187.9337367,1,0,0.0,17.25,70.0
2029,60.885,406.08904883,187.6937367,1,0,0.0,17.25,70.0
2030,60.915,406.74904883,187.4537367,1,0,0.0,17.25,70.0
2031,60.945,407.40904883,187.2137367,1,0,0.0,17.25,70.0
2032,60.975,408.06904883,186.9737367,1,0,0.0,17.25,70.0
2033,61.005,408.72904883,186.7337367,1,0,0.0,17.25,70.0
2034,61.035,409.38904883,186.4937367,1,0,0.0,17.25,70.0
2035,61.065,410.04904883,186.2537367,1,0,0.0,17.25,70.0
2036,61.095,410.70904883,186.0137367,1,0,0.0,17.25,70.0
2037,61.125,411.36904883,185.7737367,1,0,0.0,17.25,70.0
2038,61.155,412.02904883,185.5337367,1,0,0.0,17.25,70.0
2039,61.185,412.68904883,185.2937367,1,0,0.0,17.25,70.0
2040,61.215,413.34904883,185.0537367,1,0,0.0,17.25,70.0
2041,61.245,414.00904883,184.8137367,1,0,0.0,17.25,70.0
2042,61.275,414.66904883,184.5737367,1,0,0.0,17.25,70.0
2043,61.305,415.32904883,184.3337367,1,0,0.0,17.25,70.0
2044,61.335,415.98904883,184.0937367,1,0,0.0,17.25,70.0
2045,61.365,416.64904883,183.8537367,1,0,0.0,17.25,70.0
2046,61.395,417.30904883,183.6137367,1,0,0.0,17.25,70.0
2047,61.425,417.96904883,183.3737367,1,0,0.0,17.25,70.0
2048,61.455,418.62904883,183.1337367,1,0,0.0,17.25,70.0
2049,61.485,419.28904883,182.8937367,1,0,0.0,17.25,70.0
2050,61.515,419.94904883,182.6537367,1,0,0.0,17.25,70.0
2051,61.545,418.73934626,112.52057685,1,0,0.0,17.25,70.0
2052,61.575,417.29934626,112.40057685,1,0,0.0,17.25,70.0
2053,61.605,415.85934626,112.28057685,1,0,0.0,17.25,70.0
2054,61.635,414.41934626,112.16057685,1,0,0.0,17.25,70.0
2055,61.665,412.97934626,112.04057685,1,0,0.0,17.25,70.0
2056,61.695,411.53934626,111.92057685,1,0,0.0,17.25,70.0
2057,61.725,410.09934626,111.80057685,1,0,0.0,17.25,70.0
2058,61.755,408.65934626,111.68057685,1,0,0.0,17.25,70.0
2059,61.785,407.21934626,111.56057685,1,0,0.0,17.25,70.0
2060,61.815,405.77934626,111.44057685,1,0,0.0,17.25,70.0
2061,61.845,404.33934626,111.32057685,1,0,0.0,17.25,70.0
2062,61.875,402.89934626,111.20057685,1,0,0.0,17.25,70.0
2063,61.905,401.45934626,111.08057685,1,0,0.0,17.25,70.0
2064,61.935,400.01934626,110.96057685,1,0,0.0,17.25,70.0
2065,61.965,398.57934626,110.84057685,1,0,0.0,17.25,70.0
2066,61.995,397.13934626,110.72057685,1,0,0.0,17.25,70.0
2067,62.025,395.69934626,110.60057685,1,0,0.0,17.25,70.0
2068,62.055,394.25934626,110.48057685,1,0,0.0,17.25,70.0
2069,62.085,392.81934626,110.36057685,1,0,0.0,17.25,70.0
2070,62.115,391.37934626,110.24057685,1,0,0.0,17.25,70.0
2071,62.145,389.93934626,110.12057685,1,0,0.0,17.25,70.0
2072,62.175,388.49934626,110.00057685,1,0,0.0,17.25,70.0
2073,62.205,387.05934626,109.88057685,1,0,0.0,17.25,70.0
2074,62.235,385.61934626,109.76057685,1,0,0.0,17.25,70.0
2075,62.265,384.17934626,109.64057685,1,0,0.0,17.25,70.0
2076,62.295,382.73934626,109.52057685,1,0,0.0,17.25,70.0
2077,62.325,381.29934626,109.40057685,1,0,0.0,17.25,70.0
2078,62.355,379.85934626,109.28057685,1,0,0.0,17.25,70.0
2079,62.385,378.41934626,109.16057685,1,0,0.0,17.25,70.0
2080,62.415,376.97934626,109.04057685,1,0,0.0,17.25,70.0
2081,62.445,375.53934626,108.92057685,1,0,0.0,17.25,70.0
2082,62.475,374.09934626,108.80057685,1,0,0.0,17.25,70.0
2083,62.505,372.65934626,108.68057685,1,0,0.0,17.25,70.0
2084,62.535,371.21934626,108.56057685,1,0,0.0,17.25,70.0
2085,62.565,369.77934626,108.44057685,1,0,0.0,17.25,70.0
2086,62.595,368.33934626,108.32057685,1,0,0.0,17.25,70.0
2087,62.625,366.89934626,108.20057685,1,0,0.0,17.25,70.0
2088,62.655,365.45934626,108.08057685,1,0,0.0,17.25,70.0
2089,62.685,364.01934626,107.96057685,1,0,0.0,17.25,70.0
2090,62.715,362.57934626,107.84057685,1,0,0.0,17.25,70.0
2091,62.745,361.13934626,107.72057685,1,0,0.0,17.25,70.0
2092,62.775,359.69934626,107.60057685,1,0,0.0,17.25,70.0
2093,62.805,358.25934626,107.48057685,1,0,0.0,17.25,70.0
2094,62.835,356.81934626,107.36057685,1,0,0.0,17.25,70.0
2095,62.865,355.37934626,107.24057685,1,0,0.0,17.25,70.0
2096,62.895,353.93934626,107.12057685,1,0,0.0,17.25,70.0
2097,62.925,352.49934626,107.00057685,1,0,0.0,17.25,70.0
2098,62.955,351.05934626,106.88057685,1,0,0.0,17.25,70.0
2099,62.985,349.61934626,106.76057685,1,0,0.0,17.25,70.0
2100,63.015,348.17934626,106.64057685,1,0,0.0,17.25,70.0
2101,63.045,346.73934626,106.52057685,1,0,0.0,17.25,70.0
2102,63.075,345.29934626,106.40057685,1,0,0.0,17.25,70.0
2103,63.105,343.85934626,106.28057685,1,0,0.0,17.25,70.0
2104,63.135,342.41934626,106.16057685,1,0,0.0,17.25,70.0
2105,63.165,340.97934626,106.04057685,1,0,0.0,17.25,70.0
2106,63.195,339.53934626,105.92057685,1,0,0.0,17.25,70.0
2107,63.225,338.09934626,105.80057685,1,0,0.0,17.25,70.0
2108,63.255,336.65934626,105.68057685,1,0,0.0,17.25,70.0
2109,63.285,335.21934626,105.56057685,1,0,0.0,17.25,70.0
2110,63.315,333.77934626,105.44057685,1,0,0.0,17.25,70.0
2111,63.345,332.33934626,105.32057685,1,0,0.0,17.25,70.0
2112,63.375,330.89934626,105.20057685,1,0,0.0,17.25,70.0
2113,63.405,329.45934626,105.08057685,1,0,0.0,17.25,70.0
2114,63.435,328.01934626,104.96057685,1,0,0.0,17.25,70.0
2115,63.465,326.57934626,104.84057685,1,0,0.0,17.25,70.0
2116,63.495,325.13934626,104.72057685,1,0,0.0,17.25,70.0
2117,63.525,323.69934626,104.60057685,1,0,0.0,17.25,70.0
2118,63.555,322.25934626,104.48057685,1,0,0.0,17.25,70.0
2119,63.585,320.81934626,104.36057685,1,0,0.0,17.25,70.0
2120,63.615,319.37934626,104.24057685,1,0,0.0,17.25,70.0
2121,63.645,317.82077301,104.1636944,1,0,0.0,17.25,70.0
2122,63.675,315.72077301,104.2836944,1,0,0.0,17.25,70.0
2123,63.705,313.62077301,104.4036944,1,0,0.0,17.25,70.0
2124,63.735,311.52077301,104.5236944,1,0,0.0,17.25,70.0
2125,63.765,309.42077301,104.6436944,1,0,0.0,17.25,70.0
2126,63.795,307.32077301,104.7636944,1,0,0.0,17.25,70.0
2127,63.825,305.22077301,104.8836944,1,0,0.0,17.25,70.0
2128,63.855,303.12077301,105.0036944,1,0,0.0,17.25,70.0
2129,63.885,301.02077301,105.1236944,1,0,0.0,17.25,70.0
2130,63.915,298.92077301,105.2436944,1,0,0.0,17.25,70.0
2131,63.945,296.82077301,105.3636944,1,0,0.0,17.25,70.0
2132,63.975,294.72077301,105.4836944,1,0,0.0,17.25,70.0
2133,64.005,292.62077301,105.6036944,1,0,0.0,17.25,70.0
2134,64.035,290.52077301,105.7236944,1,0,0.0,17.25,70.0
2135,64.065,288.42077301,105.8436944,1,0,0.0,17.25,70.0
2136,64.095,286.32077301,105.9636944,1,0,0.0,17.25,70.0
2137,64.125,284.22077301,106.0836944,1,0,0.0,17.25,70.0
2138,64.155,282.12077301,106.2036944,1,0,0.0,17.25,70.0
2139,64.185,280.02077301,106.3236944,1,0,0.0,17.25,70.0
2140,64.215,277.92077301,106.4436944,1,0,0.0,17.25,70.0
2141,64.245,275.82077301,106.5636944,1,0,0.0,17.25,70.0
2142,64.275,273.72077301,106.6836944,1,0,0.0,17.25,70.0
2143,64.305,271.62077301,106.8036944,1,0,0.0,17.25,70.0
2144,64.335,269.52077301,106.9236944,1,0,0.0,17.25,70.0
2145,64.365,267.42077301,107.0436944,1,0,0.0,17.25,70.0
2146,64.395,265.32077301,107.1636944,1,0,0.0,17.25,70.0
2147,64.425,263.22077301,107.2836944,1,0,0.0,17.25,70.0
2148,64.455,261.12077301,107.4036944,1,0,0.0,17.25,70.0
2149,64.485,259.02077301,107.5236944,1,0,0.0,17.25,70.0
2150,64.515,256.92077301,107.6436944,1,0,0.0,17.25,70.0
2151,64.545,254.82077301,107.7636944,1,0,0.0,17.25,70.0
2152,64.575,252.72077301,107.8836944,1,0,0.0,17.25,70.0
2153,64.605,250.62077301,108.0036944,1,0,0.0,17.25,70.0
2154,64.635,248.52077301,108.1236944,1,0,0.0,17.25,70.0
2155,64.665,246.42077301,108.2436944,1,0,0.0,17.25,70.0
2156,64.695,244.32077301,108.3636944,1,0,0.0,17.25,70.0
2157,64.725,242.22077301,108.4836944,1,0,0.0,17.25,70.0
2158,64.755,240.12077301,108.6036944,1,0,0.0,17.25,70.0
2159,64.785,238.02077301,108.7236944,1,0,0.0,17.25,70.0
2160,64.815,235.92077301,108.8436944,1,0,0.0,17.25,70.0
2161,64.845,233.82077301,108.9636944,1,0,0.0,17.25,70.0
2162,64.875,231.72077301,109.0836944,1,0,0.0,17.25,70.0
2163,64.905,229.62077301,109.2036944,1,0,0.0,17.25,70.0
2164,64.935,227.52077301,109.3236944,1,0,0.0,17.25,70.0
2165,64.965,225.42077301,109.4436944,1,0,0.0,17.25,70.0
2166,64.995,223.32077301,109.5636944,1,0,0.0,17.25,70.0
2167,65.025,221.22077301,109.6836944,1,0,0.0,17.25,70.0
2168,65.055,219.12077301,109.8036944,1,0,0.0,17.25,70.0
2169,65.085,217.02077301,109.9236944,1,0,0.0,17.25,70.0
2170,65.115,214.92077301,110.0436944,1,0,0.0,17.25,70.0
2171,65.145,212.82077301,110.1636944,1,0,0.0,17.25,70.0
2172,65.175,210.72077301,110.2836944,1,0,0.0,17.25,70.0
2173,65.205,208.62077301,110.4036944,1,0,0.0,17.25,70.0
2174,65.235,206.52077301,110.5236944,1,0,0.0,17.25,70.0
2175,65.265,204.42077301,110.6436944,1,0,0.0,17.25,70.0
2176,65.295,202.32077301,110.7636944,1,0,0.0,17.25,70.0
2177,65.325,200.22077301,110.8836944,1,0,0.0,17.25,70.0
2178,65.355,198.12077301,111.0036944,1,0,0.0,17.25,70.0
2179,65.385,196.02077301,111.1236944,1,0,0.0,17.25,70.0
2180,65.415,193.92077301,111.2436944,1,0,0.0,17.25,70.0
2181,65.445,191.82077301,111.3636944,1,0,0.0,17.25,70.0
2182,65.475,189.72077301,111.4836944,1,0,0.0,17.25,70.0
2183,65.505,187.62077301,111.6036944,1,0,0.0,17.25,70.0
2184,65.535,185.52077301,111.7236944,1,0,0.0,17.25,70.0
2185,65.565,183.42077301,111.8436944,1,0,0.0,17.25,70.0
2186,65.595,181.32077301,111.9636944,1,0,0.0,17.25,70.0
2187,65.625,179.22077301,112.0836944,1,0,0.0,17.25,70.0
2188,65.655,177.12077301,112.2036944,1,0,0.0,17.25,70.0
2189,65.685,175.02077301,112.3236944,1,0,0.0,17.25,70.0
2190,65.715,172.92077301,112.4436944,1,0,0.0,17.25,70.0
2191,65.745,170.82077301,112.5636944,1,0,0.0,17.25,70.0
2192,65.775,169.70562748,112.627417,1,0,0.0,17.25,70.0
2193,65.805,169.70562748,112.627417,1,0,0.0,17.25,70.0
2194,65.835,169.70562748,112.627417,1,0,0.0,17.25,70.0
2195,65.865,169.70562748,112.627417,1,0,0.0,17.25,70.0
2196,65.895,169.70562748,112.627417,1,0,0.0,17.25,70.0
2197,65.925,169.70562748,112.627417,1,0,0.0,17.25,70.0
2198,65.955,169.70562748,112.627417,1,0,0.0,17.25,70.0
2199,65.985,169.70562748,112.627417,1,0,0.0,17.25,70.0
2200,66.015,169.70562748,112.627417,1,0,0.0,17.25,70.0
2201,66.045,169.70562748,112.627417,1,0,0.0,17.25,70.0
2202,66.075,169.70562748,112.627417,1,0,0.0,17.25,70.0
2203,66.105,169.70562748,112.627417,1,0,0.0,17.25,70.0
2204,66.135,169.70562748,112.627417,1,0,0.0,17.25,70.0
2205,66.165,169.70562748,112.627417,1,0,0.0,17.25,70.0
2206,66.195,169.70562748,112.627417,1,0,0.0,17.25,70.0
2207,66.225,169.70562748,112.627417,1,0,0.0,17.25,70.0
2208,66.255,169.70562748,112.627417,1,0,0.0,17.25,70.0
2209,66.285,169.70562748,112.627417,1,0,0.0,17.25,70.0
2210,66.315,169.70562748,112.627417,1,0,0.0,17.25,70.0
2211,66.345,169.70562748,112.627417,1,0,0.0,17.25,70.0
2212,66.375,169.70562748,112.627417,1,0,0.0,17.25,70.0
2213,66.405,169.70562748,112.627417,1,0,0.0,17.25,70.0
2214,66.435,169.70562748,112.627417,1,0,0.0,17.25,70.0
2215,66.465,169.70562748,112.627417,1,0,0.0,17.25,70.0
2216,66.495,169.70562748,112.627417,1,0,0.0,17.25,70.0
2217,66.525,169.70562748,112.627417,1,0,0.0,17.25,70.0
2218,66.555,169.70562748,112.627417,1,0,0.0,17.25,70.0
2219,66.585,169.70562748,112.627417,1,0,0.0,17.25,70.0
2220,66.615,169.70562748,112.627417,1,0,0.0,17.25,70.0
2221,66.645,169.70562748,112.627417,1,0,0.0,17.25,70.0
2222,66.675,169.70562748,112.627417,1,0,0.0,17.25,70.0
2223,66.705,169.70562748,112.627417,1,0,0.0,17.25,70.0
2224,66.735,169.70562748,112.627417,1,0,0.0,17.25,70.0
2225,66.765,169.70562748,112.627417,1,0,0.0,17.25,70.0
2226,66.795,169.70562748,112.627417,1,0,0.0,17.25,70.0
2227,66.825,169.70562748,112.627417,1,0,0.0,17.25,70.0
2228,66.855,169.70562748,112.627417,1,0,0.0,17.25,70.0
2229,66.885,169.70562748,112.627417,1,0,0.0,17.25,70.0
2230,66.915,169.70562748,112.627417,1,0,0.0,17.25,70.0
2231,66.945,169.70562748,112.627417,1,0,0.0,17.25,70.0
2232,66.975,169.70562748,112.627417,1,0,0.0,17.25,70.0
2233,67.005,169.70562748,112.627417,1,0,0.0,17.25,70.0
2234,67.035,169.70562748,112.627417,1,0,0.0,17.25,70.0
2235,67.065,169.70562748,112.627417,1,0,0.0,17.25,70.0
2236,67.095,169.70562748,112.627417,1,0,0.0,17.25,70.0
2237,67.125,169.70562748,112.627417,1,0,0.0,17.25,70.0
2238,67.155,169.70562748,112.627417,1,0,0.0,17.25,70.0
2239,67.185,169.70562748,112.627417,1,0,0.0,17.25,70.0
2240,67.215,169.70562748,112.627417,1,0,0.0,17.25,70.0
2241,67.245,169.70562748,112.627417,1,0,0.0,17.25,70.0
2242,67.275,169.70562748,112.627417,1,0,0.0,17.25,70.0
2243,67.305,169.70562748,112.627417,1,0,0.0,17.25,70.0
2244,67.335,169.70562748,112.627417,1,0,0.0,17.25,70.0
2245,67.365,169.70562748,112.627417,1,0,0.0,17.25,70.0
2246,67.395,169.70562748,112.627417,1,0,0.0,17.25,70.0
2247,67.425,169.70562748,112.627417,1,0,0.0,17.25,70.0
2248,67.455,169.70562748,112.627417,1,0,0.0,17.25,70.0
2249,67.485,169.70562748,112.627417,1,0,0.0,17.25,70.0
2250,67.515,169.70562748,112.627417,1,0,0.0,17.25,70.0
2251,67.545,169.70562748,112.627417,1,0,0.0,17.25,70.0
2252,67.575,169.70562748,112.627417,1,0,0.0,17.25,70.0
2253,67.605,169.70562748,112.627417,1,0,0.0,17.25,70.0
2254,67.635,169.70562748,112.627417,1,0,0.0,17.25,70.0
2255,67.665,169.70562748,112.627417,1,0,0.0,17.25,70.0
2256,67.695,169.70562748,112.627417,1,0,0.0,17.25,70.0
2257,67.725,169.70562748,112.627417,1,0,0.0,17.25,70.0
2258,67.755,169.70562748,112.627417,1,0,0.0,17.25,70.0
2259,67.785,169.70562748,112.627417,1,0,0.0,17.25,70.0
2260,67.815,169.70562748,112.627417,1,0,0.0,17.25,70.0
2261,67.845,169.70562748,112.627417,1,0,0.0,17.25,70.0
2262,67.875,169.70562748,112.627417,1,0,0.0,17.25,70.0
2263,67.905,169.70562748,112.627417,1,0,0.0,17.25,70.0
2264,67.935,169.70562748,112.627417,1,0,0.0,17.25,70.0
2265,67.965,169.70562748,112.627417,1,0,0.0,17.25,70.0
2266,67.995,169.70562748,112.627417,1,0,0.0,17.25,70.0
2267,68.025,169.70562748,112.627417,1,0,0.0,17.25,70.0
2268,68.055,169.70562748,112.627417,1,0,0.0,17.25,70.0
2269,68.085,169.70562748,112.627417,1,0,0.0,17.25,70.0
2270,68.115,169.70562748,112.627417,1,0,0.0,17.25,70.0
2271,68.145,169.70562748,112.627417,1,0,0.0,17.25,70.0
2272,68.175,169.70562748,112.627417,1,0,0.0,17.25,70.0
2273,68.205,169.70562748,112.627417,1,0,0.0,17.25,70.0
2274,68.235,169.70562748,112.627417,1,0,0.0,17.25,70.0
2275,68.265,169.70562748,112.627417,1,0,0.0,17.25,70.0
2276,68.295,169.70562748,112.627417,1,0,0.0,17.25,70.0
2277,68.325,169.70562748,112.627417,1,0,0.0,17.25,70.0
2278,68.355,169.70562748,112.627417,1,0,0.0,17.25,70.0
2279,68.385,169.70562748,112.627417,1,0,0.0,17.25,70.0
2280,68.415,169.70562748,112.627417,1,0,0.0,17.25,70.0
2281,68.445,169.70562748,112.627417,1,0,0.0,17.25,70.0
2282,68.475,169.70562748,112.627417,1,0,0.0,17.25,70.0
2283,68.505,169.70562748,112.627417,1,0,0.0,17.25,70.0
2284,68.535,169.70562748,112.627417,1,0,0.0,17.25,70.0
2285,68.565,169.70562748,112.627417,1,0,0.0,17.25,70.0
2286,68.595,169.70562748,112.627417,1,0,0.0,17.25,70.0
2287,68.625,169.70562748,112.627417,1,0,0.0,17.25,70.0
2288,68.655,169.70562748,112.627417,1,0,0.0,17.25,70.0
2289,68.685,169.70562748,112.627417,1,0,0.0,17.25,70.0
2290,68.715,169.70562748,112.627417,1,0,0.0,17.25,70.0
2291,68.745,169.70562748,112.627417,1,0,0.0,17.25,70.0
2292,68.775,169.70562748,112.627417,1,0,0.0,17.25,70.0
2293,68.805,169.70562748,112.627417,1,0,0.0,17.25,70.0
2294,68.835,169.70562748,112.627417,1,0,0.0,17.25,70.0
2295,68.865,169.70562748,112.627417,1,0,0.0,17.25,70.0
2296,68.895,169.70562748,112.627417,1,0,0.0,17.25,70.0
2297,68.925,169.70562748,112.627417,1,0,0.0,17.25,70.0
2298,68.955,169.70562748,112.627417,1,0,0.0,17.25,70.0
2299,68.985,169.70562748,112.627417,1,0,0.0,17.25,70.0
2300,69.015,169.70562748,112.627417,1,0,0.0,17.25,70.0
2301,69.045,169.70562748,112.627417,1,0,0.0,17.25,70.0
2302,69.075,169.70562748,112.627417,1,0,0.0,17.25,70.0
2303,69.105,169.70562748,112.627417,1,0,0.0,17.25,70.0
2304,69.135,169.70562748,112.627417,1,0,0.0,17.25,70.0
2305,69.165,169.70562748,112.627417,1,0,0.0,17.25,70.0
2306,69.195,169.70562748,112.627417,1,0,0.0,17.25,70.0
2307,69.225,169.70562748,112.627417,1,0,0.0,17.25,70.0
2308,69.255,169.70562748,112.627417,1,0,0.0,17.25,70.0
2309,69.285,169.70562748,112.627417,1,0,0.0,17.25,70.0
2310,69.315,169.70562748,112.627417,1,0,0.0,17.25,70.0
2311,69.345,169.70562748,112.627417,1,0,0.0,17.25,70.0
2312,69.375,169.70562748,112.627417,1,0,0.0,17.25,70.0
2313,69.405,169.70562748,112.627417,1,0,0.0,17.25,70.0
2314,69.435,169.70562748,112.627417,1,0,0.0,17.25,70.0
2315,69.465,169.70562748,112.627417,1,0,0.0,17.25,70.0
2316,69.495,169.70562748,112.627417,1,0,0.0,17.25,70.0
2317,69.525,169.70562748,112.627417,1,0,0.0,17.25,70.0
2318,69.555,169.70562748,112.627417,1,0,0.0,17.25,70.0
2319,69.585,169.70562748,112.627417,1,0,0.0,17.25,70.0
2320,69.615,169.70562748,112.627417,1,0,0.0,17.25,70.0
2321,69.645,169.70562748,112.627417,1,0,0.0,17.25,70.0
2322,69.675,169.70562748,112.627417,1,0,0.0,17.25,70.0
2323,69.705,169.70562748,112.627417,1,0,0.0,17.25,70.0
2324,69.735,169.70562748,112.627417,1,0,0.0,17.25,70.0
2325,69.765,169.70562748,112.627417,1,0,0.0,17.25,70.0
2326,69.795,169.70562748,112.627417,1,0,0.0,17.25,70.0
2327,69.825,169.70562748,112.627417,1,0,0.0,17.25,70.0
2328,69.855,169.70562748,112.627417,1,0,0.0,17.25,70.0
2329,69.885,169.70562748,112.627417,1,0,0.0,17.25,70.0
2330,69.915,169.70562748,112.627417,1,0,0.0,17.25,70.0
2331,69.945,169.70562748,112.627417,1,0,0.0,17.25,70.0
2332,69.975,169.70562748,112.627417,1,0,0.0,17.25,70.0
2333,70.005,169.70562748,112.627417,1,0,0.0,17.25,70.0
2334,70.035,169.70562748,112.627417,1,0,0.0,17.25,70.0
2335,70.065,169.70562748,112.627417,1,0,0.0,17.25,70.0
2336,70.095,169.70562748,112.627417,1,0,0.0,17.25,70.0
2337,70.125,169.70562748,112.627417,1,0,0.0,17.25,70.0
2338,70.155,169.70562748,112.627417,1,0,0.0,17.25,70.0
2339,70.185,169.70562748,112.627417,1,0,0.0,17.25,70.0
2340,70.215,169.70562748,112.627417,1,0,0.0,17.25,70.0
2341,70.245,169.70562748,112.627417,1,0,0.0,17.25,70.0
2342,70.275,169.70562748,112.627417,1,0,0.0,17.25,70.0
2343,70.305,169.70562748,112.627417,1,0,0.0,17.25,70.0
2344,70.335,169.70562748,112.627417,1,0,0.0,17.25,70.0
2345,70.365,169.70562748,112.627417,1,0,0.0,17.25,70.0
2346,70.395,169.70562748,112.627417,1,0,0.0,17.25,70.0
2347,70.425,169.70562748,112.627417,1,0,0.0,17.25,70.0
2348,70.455,169.70562748,112.627417,1,0,0.0,17.25,70.0
2349,70.485,169.70562748,112.627417,1,0,0.0,17.25,70.0
2350,70.515,169.70562748,112.627417,1,0,0.0,17.25,70.0
2351,70.545,169.70562748,112.627417,1,0,0.0,17.25,70.0
2352,70.575,169.70562748,112.627417,1,0,0.0,17.25,70.0
2353,70.605,169.70562748,112.627417,1,0,0.0,17.25,70.0
2354,70.635,169.70562748,112.627417,1,0,0.0,17.25,70.0
2355,70.665,169.70562748,112.627417,1,0,0.0,17.25,70.0
2356,70.695,169.70562748,112.627417,1,0,0.0,17.25,70.0
2357,70.725,169.70562748,112.627417,1,0,0.0,17.25,70.0
2358,70.755,169.70562748,112.627417,1,0,0.0,17.25,70.0
2359,70.785,169.70562748,112.627417,1,0,0.0,17.25,70.0
2360,70.815,169.70562748,112.627417,1,0,0.0,17.25,70.0
2361,70.845,169.70562748,112.627417,1,0,0.0,17.25,70.0
2362,70.875,169.70562748,112.627417,1,0,0.0,17.25,70.0
2363,70.905,169.70562748,112.627417,1,0,0.0,17.25,70.0
2364,70.935,169.70562748,112.627417,1,0,0.0,17.25,70.0
2365,70.965,169.70562748,112.627417,1,0,0.0,17.25,70.0
2366,70.995,169.70562748,112.627417,1,0,0.0,17.25,70.0
2367,71.025,169.70562748,112.627417,1,0,0.0,17.25,70.0
2368,71.055,169.70562748,112.627417,1,0,0.0,17.25,70.0
2369,71.085,169.70562748,112.627417,1,0,0.0,17.25,70.0
2370,71.115,169.70562748,112.627417,1,0,0.0,17.25,70.0
2371,71.145,169.70562748,112.627417,1,0,0.0,17.25,70.0
2372,71.175,169.70562748,112.627417,1,0,0.0,17.25,70.0
2373,71.205,169.70562748,112.627417,1,0,0.0,17.25,70.0
2374,71.235,169.70562748,112.627417,1,0,0.0,17.25,70.0
2375,71.265,169.70562748,112.627417,1,0,0.0,17.25,70.0
2376,71.295,169.70562748,112.627417,1,0,0.0,17.25,70.0
2377,71.325,169.70562748,112.627417,1,0,0.0,17.25,70.0
2378,71.355,169.70562748,112.627417,1,0,0.0,17.25,70.0
2379,71.385,169.70562748,112.627417,1,0,0.0,17.25,70.0
2380,71.415,169.70562748,112.627417,1,0,0.0,17.25,70.0
2381,71.445,169.70562748,112.627417,1,0,0.0,17.25,70.0
2382,71.475,169.70562748,112.627417,1,0,0.0,17.25,70.0
2383,71.505,169.70562748,112.627417,1,0,0.0,17.25,70.0
2384,71.535,169.70562748,112.627417,1,0,0.0,17.25,70.0
2385,71.565,169.70562748,112.627417,1,0,0.0,17.25,70.0
2386,71.595,169.70562748,112.627417,1,0,0.0,17.25,70.0
2387,71.625,169.70562748,112.627417,1,0,0.0,17.25,70.0
2388,71.655,169.70562748,112.627417,1,0,0.0,17.25,70.0
2389,71.685,169.70562748,112.627417,1,0,0.0,17.25,70.0
2390,71.715,169.70562748,112.627417,1,0,0.0,17.25,70.0
2391,71.745,169.70562748,112.627417,1,0,0.0,17.25,70.0
2392,71.775,169.70562748,112.627417,1,0,0.0,17.25,70.0
2393,71.805,169.70562748,112.627417,1,0,0.0,17.25,70.0
2394,71.835,169.70562748,112.627417,1,0,0.0,17.25,70.0
2395,71.865,169.70562748,112.627417,1,0,0.0,17.25,70.0
2396,71.895,169.70562748,112.627417,1,0,0.0,17.25,70.0
2397,71.925,169.70562748,112.627417,1,0,0.0,17.25,70.0
2398,71.955,169.70562748,112.627417,1,0,0.0,17.25,70.0
2399,71.985,169.70562748,112.627417,1,0,0.0,17.25,70.0
2400,72.015,169.70562748,112.627417,1,0,0.0,17.25,70.0
2401,72.045,169.70562748,112.627417,1,0,0.0,17.25,70.0
2402,72.075,169.70562748,112.627417,1,0,0.0,17.25,70.0
2403,72.105,169.70562748,112.627417,1,0,0.0,17.25,70.0
2404,72.135,169.70562748,112.627417,1,0,0.0,17.25,70.0
2405,72.165,169.70562748,112.627417,1,0,0.0,17.25,70.0
2406,72.195,169.70562748,112.627417,1,0,0.0,17.25,70.0
2407,72.225,169.70562748,112.627417,1,0,0.0,17.25,70.0
2408,72.255,169.70562748,112.627417,1,0,0.0,17.25,70.0
2409,72.285,169.70562748,112.627417,1,0,0.0,17.25,70.0
2410,72.315,169.70562748,112.627417,1,0,0.0,17.25,70.0
2411,72.345,169.70562748,112.627417,1,0,0.0,17.25,70.0
2412,72.375,169.70562748,112.627417,1,0,0.0,17.25,70.0
2413,72.405,169.70562748,112.627417,1,0,0.0,17.25,70.0
2414,72.435,169.70562748,112.627417,1,0,0.0,17.25,70.0
2415,72.465,169.70562748,112.627417,1,0,0.0,17.25,70.0
2416,72.495,169.70562748,112.627417,1,0,0.0,17.25,70.0
2417,72.525,169.70562748,112.627417,1,0,0.0,17.25,70.0
2418,72.555,169.70562748,112.627417,1,0,0.0,17.25,70.0
2419,72.585,169.70562748,112.627417,1,0,0.0,17.25,70.0
2420,72.615,169.70562748,112.627417,1,0,0.0,17.25,70.0
2421,72.645,169.70562748,112.627417,1,0,0.0,17.25,70.0
2422,72.675,169.70562748,112.627417,1,0,0.0,17.25,70.0
2423,72.705,169.70562748,112.627417,1,0,0.0,17.25,70.0
2424,72.735,169.70562748,112.627417,1,0,0.0,17.25,70.0
2425,72.765,169.70562748,112.627417,1,0,0.0,17.25,70.0
2426,72.795,169.70562748,112.627417,1,0,0.0,17.25,70.0
2427,72.825,169.70562748,112.627417,1,0,0.0,17.25,70.0
2428,72.855,169.70562748,112.627417,1,0,0.0,17.25,70.0
2429,72.885,169.70562748,112.627417,1,0,0.0,17.25,70.0
2430,72.915,169.70562748,112.627417,1,0,0.0,17.25,70.0
2431,72.945,169.70562748,112.627417,1,0,0.0,17.25,70.0
2432,72.975,169.70562748,112.627417,1,0,0.0,17.25,70.0
2433,73.005,169.70562748,112.627417,1,0,0.0,17.25,70.0
2434,73.035,169.70562748,112.627417,1,0,0.0,17.25,70.0
2435,73.065,169.70562748,112.627417,1,0,0.0,17.25,70.0
2436,73.095,169.70562748,112.627417,1,0,0.0,17.25,70.0
2437,73.125,169.70562748,112.627417,1,0,0.0,17.25,70.0
2438,73.155,169.70562748,112.627417,1,0,0.0,17.25,70.0
2439,73.185,169.70562748,112.627417,1,0,0.0,17.25,70.0
2440,73.215,169.70562748,112.627417,1,0,0.0,17.25,70.0
2441,73.245,169.70562748,112.627417,1,0,0.0,17.25,70.0
2442,73.275,169.70562748,112.627417,1,0,0.0,17.25,70.0
2443,73.305,169.70562748,112.627417,1,0,0.0,17.25,70.0
2444,73.335,169.70562748,112.627417,1,0,0.0,17.25,70.0
2445,73.365,169.70562748,112.627417,1,0,0.0,17.25,70.0
2446,73.395,169.70562748,112.627417,1,0,0.0,17.25,70.0
2447,73.425,169.70562748,112.627417,1,0,0.0,17.25,70.0
2448,73.455,169.70562748,112.627417,1,0,0.0,17.25,70.0
2449,73.485,169.70562748,112.627417,1,0,0.0,17.25,70.0
2450,73.515,169.70562748,112.627417,1,0,0.0,17.25,70.0
2451,73.545,170.11826045,182.60383797,1,0,0.41224178,0.0,0.0
2452,73.575,172.21826045,182.48383797,1,0,0.0,0.0,0.0
2453,73.605,174.31826045,182.36383797,1,0,0.0,0.0,0.0
2454,73.635,176.41826045,182.24383797,1,0,0.0,0.0,0.0
2455,73.665,178.51826045,182.12383797,1,0,0.0,0.0,0.0
2456,73.695,180.61826045,182.00383797,1,0,0.0,0.0,0.0
2457,73.725,182.71826045,181.88383797,1,0,0.0,0.0,0.0
2458,73.755,184.81826045,181.76383797,1,0,0.0,0.0,0.0
2459,73.785,186.91826045,181.64383797,1,0,0.0,0.0,0.0
2460,73.815,189.01826045,181.52383797,1,0,0.0,0.0,0.0
2461,73.845,191.11826045,181.40383797,1,0,0.0,0.0,0.0
2462,73.875,193.21826045,181.28383797,1,0,0.0,0.0,0.0
2463,73.905,195.31826045,181.16383797,1,0,0.0,0.0,0.0
2464,73.935,197.41826045,181.04383797,1,0,0.0,0.0,0.0
2465,73.965,199.51826045,180.92383797,1,0,0.0,0.0,0.0
2466,73.995,201.61826045,180.80383797,1,0,0.0,0.0,0.0
2467,74.025,203.71826045,180.68383797,1,0,0.0,0.0,0.0
2468,74.055,205.81826045,180.56383797,1,0,0.0,0.0,0.0
2469,74.085,207.91826045,180.44383797,1,0,0.0,0.0,0.0
2470,74.115,210.01826045,180.32383797,1,0,0.0,0.0,0.0
2471,74.145,212.11826045,180.20383797,1,0,0.0,0.0,0.0
2472,74.175,214.21826045,180.08383797,1,0,0.0,0.0,0.0
2473,74.205,216.31826045,179.96383797,1,0,0.0,0.0,0.0
2474,74.235,218.41826045,179.84383797,1,0,0.0,0.0,0.0
2475,74.265,220.51826045,179.72383797,1,0,0.0,0.0,0.0
2476,74.295,222.61826045,179.60383797,1,0,0.0,0.0,0.0
2477,74.325,224.71826045,179.48383797,1,0,0.0,0.0,0.0
2478,74.355,226.81826045,179.36383797,1,0,0.0,0.0,0.0
2479,74.385,228.91826045,179.24383797,1,0,0.0,0.0,0.0
2480,74.415,231.01826045,179.12383797,1,0,0.0,0.0,0.0
2481,74.445,233.11826045,179.00383797,1,0,0.0,0.0,0.0
2482,74.475,235.21826045,178.88383797,1,0,0.0,0.0,0.0
2483,74.505,237.31826045,178.76383797,1,0,0.0,0.0,0.0
2484,74.535,239.41826045,178.64383797,1,0,0.0,0.0,0.0
2485,74.565,241.51826045,178.52383797,1,0,0.0,0.0,0.0
2486,74.595,243.61826045,178.40383797,1,0,0.0,0.0,0.0
2487,74.625,245.71826045,178.28383797,1,0,0.0,0.0,0.0
2488,74.655,247.81826045,178.16383797,1,0,0.0,0.0,0.0
2489,74.685,249.91826045,178.04383797,1,0,0.0,0.0,0.0
2490,74.715,252.01826045,177.92383797,1,0,0.0,0.0,0.0
2491,74.745,254.11826045,177.80383797,1,0,0.0,0.0,0.0
2492,74.775,256.21826045,177.68383797,1,0,0.0,0.0,0.0
2493,74.805,258.31826045,177.56383797,1,0,0.0,0.0,0.0
2494,74.835,260.41826045,177.44383797,1,0,0.0,0.0,0.0
2495,74.865,262.51826045,177.32383797,1,0,0.0,0.0,0.0
2496,74.895,264.61826045,177.20383797,1,0,0.0,0.0,0.0
2497,74.925,266.71826045,177.08383797,1,0,0.0,0.0,0.0
2498,74.955,268.81826045,176.96383797,1,0,0.0,0.0,0.0
2499,74.985,270.91826045,176.84383797,1,0,0.0,0.0,0.0
2500,75.015,273.01826045,176.72383797,1,0,0.0,0.0,0.0
2501,75.045,275.11826045,176.60383797,1,0,0.0,0.0,0.0
2502,75.075,277.21826045,176.48383797,1,0,0.0,0.0,0.0
2503,75.105,279.31826045,176.36383797,1,0,0.0,0.0,0.0
2504,75.135,281.41826045,176.24383797,1,0,0.0,0.0,0.0
2505,75.165,283.51826045,176.12383797,1,0,0.0,0.0,0.0
2506,75.195,285.61826045,176.00383797,1,0,0.0,0.0,0.0
2507,75.225,287.71826045,175.88383797,1,0,0.0,0.0,0.0
2508,75.255,289.81826045,175.76383797,1,0,0.0,0.0,0.0
2509,75.285,291.91826045,175.64383797,1,0,0.0,0.0,0.0
2510,75.315,294.01826045,175.52383797,1,0,0.0,0.0,0.0
2511,75.345,296.11826045,175.40383797,1,0,0.0,0.0,0.0
2512,75.375,298.21826045,175.28383797,1,0,0.0,0.0,0.0
2513,75.405,300.31826045,175.16383797,1,0,0.0,0.0,0.0
2514,75.435,302.41826045,175.04383797,1,0,0.0,0.0,0.0
2515,75.465,304.51826045,174.92383797,1,0,0.0,0.0,0.0
2516,75.495,306.61826045,174.80383797,1,0,0.0,0.0,0.0
2517,75.525,308.71826045,174.68383797,1,0,0.0,0.0,0.0
2518,75.555,310.81826045,174.56383797,1,0,0.0,0.0,0.0
2519,75.585,312.91826045,174.44383797,1,0,0.0,0.0,0.0
2520,75.615,315.01826045,174.32383797,1,0,0.0,0.0,0.0
2521,75.645,317.11826045,174.20383797,1,0,0.0,0.0,0.0
2522,75.675,318.19805153,104.14213562,1,0,0.0,0.0,0.0
2523,75.705,318.19805153,104.14213562,1,0,0.0,0.0,0.0
2524,75.735,318.19805153,104.14213562,1,0,0.0,0.0,0.0
2525,75.765,318.19805153,104.14213562,1,0,0.0,0.0,0.0
2526,75.795,318.19805153,104.14213562,1,0,0.0,0.0,0.0
2527,75.825,318.19805153,104.14213562,1,0,0.0,0.0,0.0
2528,75.855,318.19805153,104.14213562,1,0,0.0,0.0,0.0
2529,75.885,318.19805153,104.14213562,1,0,0.0,0.0,0.0
2530,75.915,318.19805153,104.14213562,1,0,0.0,0.0,0.0
2531,75.945,318.19805153,104.14213562,1,0,0.0,0.0,0.0
2532,75.975,318.19805153,104.14213562,1,0,0.0,0.0,0.0
2533,76.005,318.19805153,104.14213562,1,0,0.0,0.0,0.0
2534,76.035,318.19805153,104.14213562,1,0,0.0,0.0,0.0
2535,76.065,318.19805153,104.14213562,1,0,0.0,0.0,0.0
2536,76.095,318.19805153,104.14213562,1,0,0.0,0.0,0.0
2537,76.125,318.19805153,104.14213562,1,0,0.0,0.0,0.0
2538,76.155,318.19805153,104.14213562,1,0,0.0,0.0,0.0
2539,76.185,318.19805153,104.14213562,1,0,0.0,0.0,0.0
2540,76.215,318.19805153,104.14213562,1,0,0.0,0.0,0.0
2541,76.245,318.19805153,104.14213562,1,0,0.0,0.0,0.0
2542,76.275,318.19805153,104.14213562,1,0,0.0,0.0,0.0
2543,76.305,318.19805153,104.14213562,1,0,0.0,0.0,0.0
2544,76.335,318.19805153,104.14213562,1,0,0.0,0.0,0.0
2545,76.365,318.19805153,104.14213562,1,0,0.0,0.0,0.0
2546,76.395,315.72596467,104.0322651,1,0,0.0,0.0,0.0
2547,76.425,313.02596467,103.9122651,1,0,0.0,0.0,0.0
2548,76.455,310.32596467,103.7922651,1,0,0.0,0.0,0.0
2549,76.485,307.62596467,103.6722651,1,0,0.0,0.0,0.0
2550,76.515,304.92596467,103.5522651,1,0,0.0,0.0,0.0
2551,76.545,302.22596467,103.4322651,1,0,0.0,0.0,0.0
2552,76.575,299.52596467,103.3122651,1,0,0.0,0.0,0.0
2553,76.605,296.82596467,103.1922651,1,0,0.0,0.0,0.0
2554,76.635,294.12596467,103.0722651,1,0,0.0,0.0,0.0
2555,76.665,291.42596467,102.9522651,1,0,0.0,0.0,0.0
2556,76.695,288.72596467,102.8322651,1,0,0.0,0.0,0.0
2557,76.725,286.02596467,102.7122651,1,0,0.0,0.0,0.0
2558,76.755,283.32596467,102.5922651,1,0,0.0,0.0,0.0
2559,76.785,280.62596467,102.4722651,1,0,0.0,0.0,0.0
2560,76.815,277.92596467,102.3522651,1,0,0.0,0.0,0.0
2561,76.845,275.22596467,102.2322651,1,0,0.0,0.0,0.0
2562,76.875,272.52596467,102.1122651,1,0,0.0,0.0,0.0
2563,76.905,269.82596467,101.9922651,1,0,0.0,0.0,0.0
2564,76.935,267.12596467,101.8722651,1,0,0.0,0.0,0.0
2565,76.965,264.42596467,101.7522651,1,0,0.0,0.0,0.0
2566,76.995,261.72596467,101.6322651,1,0,0.0,0.0,0.0
2567,77.025,259.02596467,101.5122651,1,0,0.0,0.0,0.0
2568,77.055,256.32596467,101.3922651,1,0,0.0,0.0,0.0
2569,77.085,253.62596467,101.2722651,1,0,0.0,0.0,0.0
2570,77.115,250.92596467,101.1522651,1,0,0.0,0.0,0.0
2571,77.145,248.22596467,101.0322651,1,0,0.0,0.0,0.0
2572,77.175,245.52596467,100.9122651,1,0,0.0,0.0,0.0
2573,77.205,242.82596467,100.7922651,1,0,0.0,0.0,0.0
2574,77.235,240.12596467,100.6722651,1,0,0.0,0.0,0.0
2575,77.265,237.42596467,100.5522651,1,0,0.0,0.0,0.0
2576,77.295,234.72596467,100.4322651,1,0,0.0,0.0,0.0
2577,77.325,232.02596467,100.3122651,1,0,0.0,0.0,0.0
2578,77.355,229.32596467,100.1922651,1,0,0.0,0.0,0.0
2579,77.385,226.62596467,100.0722651,1,0,0.0,0.0,0.0
2580,77.415,223.92596467,99.9522651,1,0,0.0,0.0,0.0
2581,77.445,221.22596467,99.8322651,1,0,0.0,0.0,0.0
2582,77.475,218.52596467,99.7122651,1,0,0.0,0.0,0.0
2583,77.505,215.82596467,99.5922651,1,0,0.0,0.0,0.0
2584,77.535,213.12596467,99.4722651,1,0,0.0,0.0,0.0
2585,77.565,210.42596467,99.3522651,1,0,0.0,0.0,0.0
2586,77.595,207.72596467,99.2322651,1,0,0.0,0.0,0.0
2587,77.625,205.02596467,99.1122651,1,0,0.0,0.0,0.0
2588,77.655,202.32596467,98.9922651,1,0,0.0,0.0,0.0
2589,77.685,199.62596467,98.8722651,1,0,0.0,0.0,0.0
2590,77.715,196.92596467,98.7522651,1,0,0.0,0.0,0.0
2591,77.745,194.22596467,98.6322651,1,0,0.0,0.0,0.0
2592,77.775,191.52596467,98.5122651,1,0,0.0,0.0,0.0
2593,77.805,188.82596467,98.3922651,1,0,0.0,0.0,0.0
2594,77.835,186.12596467,98.2722651,1,0,0.0,0.0,0.0
2595,77.865,183.42596467,98.1522651,1,0,0.0,0.0,0.0
2596,77.895,180.72596467,98.0322651,1,0,0.0,0.0,0.0
2597,77.925,178.02596467,97.9122651,1,0,0.0,0.0,0.0
2598,77.955,175.32596467,97.7922651,1,0,0.0,0.0,0.0
2599,77.985,172.62596467,97.6722651,1,0,0.0,0.0,0.0
2600,78.015,169.92596467,97.5522651,1,0,0.0,0.0,0.0
2601,78.045,167.22596467,97.4322651,1,0,0.0,0.0,0.0
2602,78.075,164.52596467,97.3122651,1,0,0.0,0.0,0.0
2603,78.105,161.82596467,97.1922651,1,0,0.0,0.0,0.0
2604,78.135,159.12596467,97.0722651,1,0,0.0,0.0,0.0
2605,78.165,156.42596467,96.9522651,1,0,0.0,0.0,0.0
2606,78.195,153.72596467,96.8322651,1,0,0.0,0.0,0.0
2607,78.225,151.02596467,96.7122651,1,0,0.0,0.0,0.0
2608,78.255,148.32596467,96.5922651,1,0,0.0,0.0,0.0
2609,78.285,145.62596467,96.4722651,1,0,0.0,0.0,0.0
2610,78.315,142.92596467,96.3522651,1,0,0.0,0.0,0.0
2611,78.345,140.22596467,96.2322651,1,0,0.0,0.0,0.0
2612,78.375,137.52596467,96.1122651,1,0,0.0,0.0,0.0
2613,78.405,134.82596467,95.9922651,1,0,0.0,0.0,0.0
2614,78.435,132.12596467,95.8722651,1,0,0.0,0.0,0.0
2615,78.465,129.42596467,95.7522651,1,0,0.0,0.0,0.0
2616,78.495,126.72596467,95.6322651,1,0,0.0,0.0,0.0
2617,78.525,124.02596467,95.5122651,1,0,0.0,0.0,0.0
2618,78.555,121.32596467,95.3922651,1,0,0.0,0.0,0.0
2619,78.585,118.62596467,95.2722651,1,0,0.0,0.0,0.0
2620,78.615,115.92596467,95.1522651,1,0,0.0,0.0,0.0
2621,78.645,113.22596467,95.0322651,1,0,0.0,0.0,0.0
2622,78.675,110.52596467,94.9122651,1,0,0.0,0.0,0.0
2623,78.705,107.82596467,94.7922651,1,0,0.0,0.0,0.0
2624,78.735,105.12596467,94.6722651,1,0,0.0,0.0,0.0
2625,78.765,102.42596467,94.5522651,1,0,0.0,0.0,0.0
2626,78.795,99.72596467,94.4322651,1,0,0.0,0.0,0.0
2627,78.825,97.02596467,94.3122651,1,0,0.0,0.0,0.0
2628,78.855,94.32596467,94.1922651,1,0,0.0,0.0,0.0
2629,78.885,91.62596467,94.0722651,1,0,0.0,0.0,0.0
2630,78.915,88.92596467,93.9522651,1,0,0.0,0.0,0.0
2631,78.945,86.22596467,93.8322651,1,0,0.0,0.0,0.0
2632,78.975,83.52596467,93.7122651,1,0,0.0,0.0,0.0
2633,79.005,80.82596467,93.5922651,1,0,0.0,0.0,0.0
2634,79.035,78.12596467,93.4722651,1,0,0.0,0.0,0.0
2635,79.065,75.42596467,93.3522651,1,0,0.0,0.0,0.0
2636,79.095,72.72596467,93.2322651,1,0,0.0,0.0,0.0
2637,79.125,70.02596467,93.1122651,1,0,0.0,0.0,0.0
2638,79.155,67.32596467,92.9922651,1,0,0.0,0.0,0.0
2639,79.185,64.62596467,92.8722651,1,0,0.0,0.0,0.0
2640,79.215,61.92596467,92.7522651,1,0,0.0,0.0,0.0
2641,79.245,59.22596467,92.6322651,1,0,0.0,0.0,0.0
2642,79.275,56.52596467,92.5122651,1,0,0.0,0.0,0.0
2643,79.305,53.82596467,92.3922651,1,0,0.0,0.0,0.0
2644,79.335,51.12596467,92.2722651,1,0,0.0,0.0,0.0
2645,79.365,48.42596467,92.1522651,1,0,0.0,0.0,0.0
2646,79.395,45.72596467,92.0322651,1,0,0.0,0.0,0.0
2647,79.425,43.02596467,91.9122651,1,0,0.0,0.0,0.0
2648,79.455,40.32596467,91.7922651,1,0,0.0,0.0,0.0
2649,79.485,37.62596467,91.6722651,1,0,0.0,0.0,0.0
2650,79.515,34.92596467,91.5522651,1,0,0.0,0.0,0.0
2651,79.545,32.22596467,91.4322651,1,0,0.0,0.0,0.0
2652,79.575,29.52596467,91.3122651,1,0,0.0,0.0,0.0
2653,79.605,26.82596467,91.1922651,1,0,0.0,0.0,0.0
2654,79.635,24.12596467,91.0722651,1,0,0.0,0.0,0.0
2655,79.665,21.42596467,90.9522651,1,0,0.0,0.0,0.0
2656,79.695,18.72596467,90.8322651,1,0,0.0,0.0,0.0
2657,79.725,16.02596467,90.7122651,1,0,0.0,0.0,0.0
2658,79.755,13.32596467,90.5922651,1,0,0.0,0.0,0.0
2659,79.785,10.62596467,90.4722651,1,0,0.0,0.0,0.0
2660,79.815,7.92596467,90.3522651,1,0,0.0,0.0,0.0
2661,79.845,5.22596467,90.2322651,1,0,0.0,0.0,0.0
2662,79.875,2.52596467,90.1122651,1,0,0.0,0.0,0.0
2663,79.89653314,0.58798233,90.02613255,1,0,0.0,0.0,0.0
