layer_index,z_mm,part_area_mm2,part_perimeter_mm,part_component_count,new_island_count,unsupported_area_mm2,support_area_mm2,support_perimeter_mm
0,0.025,0.11947218,7.3403906,1,0,0.0,85.5,293.0
1,0.075,0.63927891,12.94596681,1,0,0.14449284,83.5,283.0
2,0.125,1.38361226,16.68644943,1,0,0.08864933,82.5,279.0
3,0.175,2.29704346,19.76923225,1,0,0.0711602,82.0,277.0
4,0.225,3.35216455,22.45733338,1,0,0.05941325,81.0,273.0
5,0.275,4.53175477,24.79781516,1,0,0.05037842,80.5,271.0
6,0.325,5.82421156,26.95643619,1,0,0.04731654,80.0,269.0
7,0.375,7.21941075,28.9978228,1,0,0.04340761,79.5,267.0
8,0.425,8.70990705,30.84823135,1,0,0.03800826,79.0,265.0
9,0.475,10.29078391,32.63077964,1,0,0.03733584,78.5,265.0
10,0.525,11.95564485,34.30636021,1,0,0.03359898,77.5,263.0
11,0.575,13.70281678,35.91271839,1,0,0.0327386,77.0,259.0
12,0.625,15.52661984,37.44399481,1,0,0.02992444,76.5,257.0
13,0.675,17.42535986,38.92785796,1,0,0.02944409,76.0,255.0
14,0.725,19.39424717,40.33802687,1,0,0.02684537,75.5,253.0
15,0.775,21.43246472,41.73540965,1,0,0.02680426,75.5,253.0
16,0.825,23.53632858,43.04251289,1,0,0.02423446,75.0,251.0
17,0.875,25.70369509,44.34961685,1,0,0.02423446,75.0,251.0
18,0.925,27.93368894,45.59653401,1,0,0.02315856,74.5,249.0
19,0.975,30.22273741,46.8148726,1,0,0.02196346,74.0,247.0
20,1.025,32.571332,48.02904133,1,0,0.02195754,73.5,243.0
21,1.075,34.97776016,49.17015107,1,0,0.0,73.5,243.0
22,1.125,37.43960245,50.31126269,1,0,0.0,73.5,243.0
23,1.175,39.95717343,51.43523948,1,0,0.0,73.5,243.0
24,1.225,42.5273007,52.50855174,1,0,0.0,73.5,243.0
25,1.275,45.14875701,53.58186305,1,0,0.0,73.5,243.0
26,1.325,47.82133663,54.63868779,1,0,0.0,73.5,243.0
27,1.375,50.5428495,55.65201308,1,0,0.0,73.5,243.0
28,1.425,53.31340796,56.66533442,1,0,0.0,73.5,243.0
29,1.475,56.13292406,57.67217872,1,0,0.0,73.5,243.0
30,1.525,58.999461,58.63205857,1,0,0.0,73.5,243.0
31,1.575,61.91194054,59.59193832,1,0,0.0,73.5,243.0
32,1.625,64.87048276,60.55181854,1,0,0.0,73.5,243.0
33,1.675,67.87402353,61.47373387,1,0,0.0,73.5,243.0
34,1.725,70.92088089,62.385712,1,0,0.0,73.5,243.0
35,1.775,74.01112576,63.29768952,1,0,0.0,73.5,243.0
36,1.825,77.14487095,64.19715169,1,0,0.0,73.5,243.0
37,1.875,80.32032488,65.06594839,1,0,0.0,73.5,243.0
38,1.925,83.53692069,65.93474764,1,0,0.0,73.5,243.0
39,1.975,86.79471408,66.80354697,1,0,0.0,73.5,243.0
40,2.025,90.09322368,67.64833007,1,0,0.0,73.5,243.0
41,2.075,93.43094984,68.47801,1,0,0.0,73.5,243.0
42,2.125,96.80776511,69.30769007,1,0,0.0,73.5,243.0
43,2.175,100.22364323,70.13737057,1,0,0.0,73.5,243.0
44,2.225,103.67802145,70.93978834,1,0,0.0,73.5,243.0
45,2.275,107.16950169,71.73386684,1,0,0.0,73.5,243.0
46,2.325,110.69811266,72.52794575,1,0,0.0,73.5,243.0
47,2.375,114.26389858,73.32202354,1,0,0.0,73.5,243.0
48,2.425,117.86637586,74.09181893,1,0,0.0,73.5,243.0
49,2.475,121.5044266,74.85336461,1,0,0.0,73.5,243.0
50,2.525,125.17809308,75.61491044,1,0,0.0,73.5,243.0
51,2.575,128.88725054,76.37645747,1,0,0.0,73.5,243.0
52,2.625,132.63161086,77.12138763,1,0,0.0,73.5,243.0
53,2.675,136.40993779,77.85309459,1,0,0.0,73.5,243.0
54,2.725,140.22205077,78.5848016,1,0,0.0,73.5,243.0
55,2.775,144.06803401,79.31650945,1,0,0.0,73.5,243.0
56,2.825,147.94810984,80.04276971,1,0,0.0,73.5,243.0
57,2.875,151.86094904,80.74700669,1,0,0.0,73.5,243.0
58,2.925,155.80600057,81.45124347,1,0,0.0,73.5,243.0
59,2.975,159.78325399,82.15548015,1,0,0.0,73.5,243.0
60,3.025,163.79273916,82.85971637,1,0,0.0,73.5,243.0
61,3.075,167.83440287,83.54691001,1,0,0.0,73.5,243.0
62,3.125,171.90718973,84.22577519,1,0,0.0,73.5,243.0
63,3.175,176.010995,84.90463964,1,0,0.0,73.5,243.0
64,3.225,180.14585274,85.58350411,1,0,0.0,73.5,243.0
65,3.275,184.31184477,86.26236886,1,0,0.0,73.5,243.0
66,3.325,188.50830173,86.9182405,1,0,0.0,73.5,243.0
67,3.375,192.73442953,87.57360619,1,0,0.0,73.5,243.0
68,3.425,196.99018475,88.22897203,1,0,0.0,73.5,243.0
69,3.475,201.27560135,88.8843385,1,0,0.0,73.5,243.0
70,3.525,205.59079245,89.53709449,1,0,0.0,73.5,243.0
71,3.575,209.93505305,90.17063431,1,0,0.0,73.5,243.0
72,3.625,214.30779748,90.80417401,1,0,0.0,73.5,243.0
73,3.675,218.7089992,91.43771341,1,0,0.0,73.5,243.0
74,3.725,223.13867021,92.07125313,1,0,0.0,73.5,243.0
75,3.775,227.59688503,92.70283029,1,0,0.0,73.5,243.0
76,3.825,232.08296463,93.31604211,1,0,0.0,73.5,243.0
77,3.875,236.59643674,93.92925392,1,0,0.0,73.5,243.0
78,3.925,241.13729917,94.54246608,1,0,0.0,73.5,243.0
79,3.975,245.70553048,95.1556786,1,0,0.0,73.5,243.0
80,4.025,250.30110742,95.76889108,1,0,0.0,73.5,243.0
81,4.075,254.92355354,96.36482686,1,0,0.0,73.5,243.0
82,4.125,259.57226026,96.95906222,1,0,0.0,73.5,243.0
83,4.175,264.24733679,97.55329675,1,0,0.0,73.5,243.0
84,4.225,268.94881005,98.14753092,1,0,0.0,73.5,243.0
85,4.275,273.67665707,98.741765,1,0,0.0,73.5,243.0
86,4.325,278.4307484,99.32600685,1,0,0.0,73.5,243.0
87,4.375,283.21029809,99.90248545,1,0,0.0,73.5,243.0
88,4.425,288.01522299,100.47896461,1,0,0.0,73.5,243.0
89,4.475,292.84555061,101.0554447,1,0,0.0,73.5,243.0
90,4.525,297.70128404,101.63192394,1,0,0.0,73.5,243.0
91,4.575,302.58245528,102.20748869,1,0,0.0,73.5,243.0
92,4.625,307.48856058,102.76731844,1,0,0.0,73.5,243.0
93,4.675,312.41905738,103.32714816,1,0,0.0,73.5,243.0
94,4.725,317.37393629,103.88697811,1,0,0.0,73.5,243.0
95,4.775,322.35315088,104.44680897,1,0,0.0,73.5,243.0
96,4.825,327.35674195,105.00664068,1,0,0.0,73.5,243.0
97,4.875,332.38465693,105.56039917,1,0,0.0,73.5,243.0
98,4.925,337.43618693,106.10458808,1,0,0.0,73.5,243.0
99,4.975,342.51138541,106.64877766,1,0,0.0,73.5,243.0
100,5.025,347.61035518,107.19296779,1,0,0.0,73.5,243.0
101,5.075,352.73286289,107.73715798,1,0,0.0,73.5,243.0
102,5.125,357.87889075,108.28134828,1,0,0.0,73.5,243.0
103,5.175,363.04825627,108.81722809,1,0,0.0,73.5,243.0
104,5.225,368.24022231,109.34669039,1,0,0.0,73.5,243.0
105,5.275,373.45475165,109.87615047,1,0,0.0,73.5,243.0
106,5.325,378.69192112,110.40560984,1,0,0.0,73.5,243.0
107,5.375,383.95173487,110.93506929,1,0,0.0,73.5,243.0
108,5.425,389.23418671,111.46452827,1,0,0.0,73.5,243.0
109,5.475,394.53913911,111.98586989,1,0,0.0,73.5,243.0
110,5.525,399.86613586,112.50144264,1,0,0.0,73.5,243.0
111,5.575,405.21508612,113.01701521,1,0,0.0,73.5,243.0
112,5.625,410.58607327,113.53258632,1,0,0.0,73.5,243.0
113,5.675,415.97897028,114.04815706,1,0,0.0,73.5,243.0
114,5.725,421.39375334,114.56372784,1,0,0.0,73.5,243.0
115,5.775,426.83033872,115.07338601,1,0,0.0,73.5,243.0
116,5.825,432.28819336,115.57583742,1,0,0.0,73.5,243.0
117,5.875,437.76711935,116.07828927,1,0,0.0,73.5,243.0
118,5.925,443.26708028,116.58074125,1,0,0.0,73.5,243.0
119,5.975,448.78810679,117.08319321,1,0,0.0,73.5,243.0
120,6.025,454.28428555,117.58654603,1,0,0.0,73.5,243.0
121,6.075,459.43110011,118.0942712,1,0,0.0,73.5,243.0
122,6.125,464.37536008,118.59540812,1,0,0.0,73.5,243.0
123,6.175,469.17830528,119.0993225,1,0,0.0,73.5,243.0
124,6.225,473.86831498,119.60541273,1,0,0.0,73.5,243.0
125,6.275,478.46334915,120.11328775,1,0,0.0,73.5,243.0
126,6.325,482.97442179,120.62368388,1,0,0.0,73.5,243.0
127,6.375,487.41059709,121.13506129,1,0,0.0,73.5,243.0
128,6.425,491.77991705,121.6398353,1,0,0.0,73.5,243.0
129,6.475,496.08554263,122.1425521,1,0,0.0,73.5,243.0
130,6.525,500.33421937,122.64681551,1,0,0.0,73.5,243.0
131,6.575,504.52679649,123.15203715,1,0,0.0,73.5,243.0
132,6.625,508.66861931,123.65900024,1,0,0.0,73.5,243.0
133,6.675,512.76166976,124.1661482,1,0,0.0,73.5,243.0
134,6.725,516.80980095,124.67424527,1,0,0.0,73.5,243.0
135,6.775,520.81513392,125.17273674,1,0,0.0,73.5,243.0
136,6.825,524.77797517,125.67274595,1,0,0.0,73.5,243.0
137,6.875,528.70255101,126.17391962,1,0,0.0,73.5,243.0
138,6.925,532.5895232,126.67509206,1,0,0.0,73.5,243.0
139,6.975,536.44072885,127.17853241,1,0,0.0,73.5,243.0
140,7.025,540.25823676,127.68237721,1,0,0.0,73.5,243.0
141,7.075,544.0407872,128.18192325,1,0,0.0,73.5,243.0
142,7.125,547.79033991,128.67761044,1,0,0.0,73.5,243.0
143,7.175,551.50901175,129.17350507,1,0,0.0,73.5,243.0
144,7.225,555.19761141,129.66940027,1,0,0.0,73.5,243.0
145,7.275,558.85718976,130.16736776,1,0,0.0,73.5,243.0
146,7.325,562.48999895,130.66590934,1,0,0.0,73.5,243.0
147,7.375,566.09627814,131.16445149,1,0,0.0,73.5,243.0
148,7.425,569.67624801,131.6588308,1,0,0.0,73.5,243.0
149,7.475,573.23126203,132.14989963,1,0,0.0,73.5,243.0
150,7.525,576.7610861,132.6409636,1,0,0.0,73.5,243.0
151,7.575,580.26610726,133.13202369,1,0,0.0,73.5,243.0
152,7.625,583.74765996,133.6253765,1,0,0.0,73.5,243.0
153,7.675,587.20737217,134.11905685,1,0,0.0,73.5,243.0
154,7.725,590.64517051,134.61273807,1,0,0.0,73.5,243.0
155,7.775,594.0610946,135.10188301,1,0,0.0,73.5,243.0
156,7.825,597.45582156,135.58854375,1,0,0.0,73.5,243.0
157,7.875,600.83021494,136.07520524,1,0,0.0,73.5,243.0
158,7.925,604.18427874,136.56186503,1,0,0.0,73.5,243.0
159,7.975,607.5178344,137.04887933,1,0,0.0,73.5,243.0
160,8.025,610.83164103,137.53813313,1,0,0.0,73.5,243.0
161,8.075,614.12694815,138.02739121,1,0,0.0,73.5,243.0
162,8.125,617.40404318,138.51357878,1,0,0.0,73.5,243.0
163,8.175,620.66253459,138.99365126,1,0,0.0,73.5,243.0
164,8.225,623.90342136,139.47620288,1,0,0.0,73.5,243.0
165,8.275,627.12761924,139.958856,1,0,0.0,73.5,243.0
166,8.325,630.33516487,140.44150926,1,0,0.0,73.5,243.0
167,8.375,633.52593813,140.92416386,1,0,0.0,73.5,243.0
168,8.425,636.70025805,141.40830869,1,0,0.0,73.5,243.0
169,8.475,639.85903017,141.89328258,1,0,0.0,73.5,243.0
170,8.525,643.00211342,142.36972156,1,0,0.0,73.5,243.0
171,8.575,646.12935801,142.84615947,1,0,0.0,73.5,243.0
172,8.625,649.24099483,143.32259819,1,0,0.0,73.5,243.0
173,8.675,652.33791989,143.80158617,1,0,0.0,73.5,243.0
174,8.725,655.42096319,144.28057406,1,0,0.0,73.5,243.0
175,8.775,658.49021716,144.75956168,1,0,0.0,73.5,243.0
176,8.825,661.54547331,145.23854801,1,0,0.0,73.5,243.0
177,8.875,664.58657646,145.71320087,1,0,0.0,73.5,243.0
178,8.925,667.61405033,146.18632811,1,0,0.0,73.5,243.0
179,8.975,670.62833034,146.65945634,1,0,0.0,73.5,243.0
180,9.025,673.62949756,147.13258718,1,0,0.0,73.5,243.0
181,9.075,676.61749449,147.60571764,1,0,0.0,73.5,243.0
182,9.125,679.59237265,148.07945796,1,0,0.0,73.5,243.0
183,9.175,682.55501025,148.55511102,1,0,0.0,73.5,243.0
184,9.225,685.50586164,149.03075741,1,0,0.0,73.5,243.0
185,9.275,688.44478045,149.49837276,1,0,0.0,73.5,243.0
186,9.325,691.37165412,149.965988,1,0,0.0,73.5,243.0
187,9.375,694.28650396,150.43377246,1,0,0.0,73.5,243.0
188,9.425,697.1899823,150.90389567,1,0,0.0,73.5,243.0
189,9.475,700.08266177,151.37401908,1,0,0.0,73.5,243.0
190,9.525,702.96431359,151.84414268,1,0,0.0,73.5,243.0
191,9.575,705.83467868,152.31426559,1,0,0.0,73.5,243.0
192,9.625,708.69379122,152.78219511,1,0,0.0,73.5,243.0
193,9.675,711.5416359,153.24635572,1,0,0.0,73.5,243.0
194,9.725,714.37903159,153.71126558,1,0,0.0,73.5,243.0
195,9.775,717.20614985,154.17617526,1,0,0.0,73.5,243.0
196,9.825,720.0230106,154.64108499,1,0,0.0,73.5,243.0
197,9.875,722.82968052,155.10599628,1,0,0.0,73.5,243.0
198,9.925,725.62617314,155.57125302,1,0,0.0,73.5,243.0
199,9.975,728.41318092,156.03864273,1,0,0.0,73.5,243.0
200,10.025,731.19102049,156.50280903,1,0,0.0,73.5,243.0
201,10.075,733.95922352,156.9628067,1,0,0.0,73.5,243.0
202,10.125,736.71757349,157.42280399,1,0,0.0,73.5,243.0
203,10.175,739.46614716,157.88280106,1,0,0.0,73.5,243.0
204,10.225,742.20517061,158.34375759,1,0,0.0,73.5,243.0
205,10.275,744.93538334,158.80622075,1,0,0.0,73.5,243.0
206,10.325,747.65703847,159.26868508,1,0,0.0,73.5,243.0
207,10.375,750.36990441,159.73115002,1,0,0.0,73.5,243.0
208,10.425,753.07410646,160.1903702,1,0,0.0,73.5,243.0
209,10.475,755.76937127,160.64573554,1,0,0.0,73.5,243.0
210,10.525,758.45564034,161.10220777,1,0,0.0,73.5,243.0
211,10.575,761.13369549,161.56002503,1,0,0.0,73.5,243.0
212,10.625,763.80371897,162.01784244,1,0,0.0,73.5,243.0
213,10.675,766.46556378,162.47565993,1,0,0.0,73.5,243.0
214,10.725,769.11916887,162.9334777,1,0,0.0,73.5,243.0
215,10.775,771.76468865,163.39129533,1,0,0.0,73.5,243.0
216,10.825,774.40223043,163.84752786,1,0,0.0,73.5,243.0
217,10.875,777.03213281,164.30095883,1,0,0.0,73.5,243.0
218,10.925,779.65426682,164.75438834,1,0,0.0,73.5,243.0
219,10.975,782.26855115,165.20781784,1,0,0.0,73.5,243.0
220,11.025,784.87517686,165.66124725,1,0,0.0,73.5,243.0
221,11.075,787.47414635,166.11467663,1,0,0.0,73.5,243.0
222,11.125,790.06550694,166.56815986,1,0,0.0,73.5,243.0
223,11.175,792.64975728,167.02401375,1,0,0.0,73.5,243.0
224,11.225,795.22735771,167.47910578,1,0,0.0,73.5,243.0
225,11.275,797.79777367,167.92839084,1,0,0.0,73.5,243.0
226,11.325,800.36090232,168.37767657,1,0,0.0,73.5,243.0
227,11.375,802.91682554,168.82696268,1,0,0.0,73.5,243.0
228,11.425,805.46548082,169.27624916,1,0,0.0,73.5,243.0
229,11.475,808.0068592,169.72682677,1,0,0.0,73.5,243.0
230,11.525,810.54169966,170.1785249,1,0,0.0,73.5,243.0
231,11.575,813.07027579,170.63022253,1,0,0.0,73.5,243.0
232,11.625,815.59252023,171.08192018,1,0,0.0,73.5,243.0
233,11.675,818.10824976,171.52882123,1,0,0.0,73.5,243.0
234,11.725,820.61713725,171.97419221,1,0,0.0,73.5,243.0
235,11.775,823.11914993,172.41956416,1,0,0.0,73.5,243.0
236,11.825,825.61452034,172.8670275,1,0,0.0,73.5,243.0
237,11.875,828.10369624,173.3148022,1,0,0.0,73.5,243.0
238,11.925,830.58689798,173.76257618,1,0,0.0,73.5,243.0
239,11.975,833.06410455,174.21034781,1,0,0.0,73.5,243.0
240,12.025,835.53520921,174.65811741,1,0,0.0,73.5,243.0
241,12.075,838.00019361,175.10418838,1,0,0.0,73.5,243.0
242,12.125,840.4588473,175.54592938,1,0,0.0,73.5,243.0
243,12.175,842.91148298,175.98998899,1,0,0.0,73.5,243.0
244,12.225,845.35849186,176.43404863,1,0,0.0,73.5,243.0
245,12.275,847.79984255,176.87810849,1,0,0.0,73.5,243.0
246,12.325,850.23540936,177.32216854,1,0,0.0,73.5,243.0
247,12.375,852.66516975,177.76622899,1,0,0.0,73.5,243.0
248,12.425,855.08901866,178.21029103,1,0,0.0,73.5,243.0
249,12.475,857.50704705,178.65439081,1,0,0.0,73.5,243.0
250,12.525,859.91959782,179.09683339,1,0,0.0,73.5,243.0
251,12.575,862.32659838,179.53738764,1,0,0.0,73.5,243.0
252,12.625,864.72805349,179.97794207,1,0,0.0,73.5,243.0
253,12.675,867.12418862,180.41849677,1,0,0.0,73.5,243.0
254,12.725,869.51503945,180.85905155,1,0,0.0,73.5,243.0
255,12.775,871.90058868,181.29960644,1,0,0.0,73.5,243.0
256,12.825,874.28078164,181.74016131,1,0,0.0,73.5,243.0
257,12.875,876.65590856,182.18268257,1,0,0.0,73.5,243.0
258,12.925,879.02659178,182.62560205,1,0,0.0,73.5,243.0
259,12.975,881.39237059,183.06305135,1,0,0.0,73.5,243.0
260,13.025,883.75280721,183.50028548,1,0,0.0,73.5,243.0
261,13.075,886.10799849,183.93751903,1,0,0.0,73.5,243.0
262,13.125,888.45795158,184.37475512,1,0,0.0,73.5,243.0
263,13.175,890.802617,184.81199155,1,0,0.0,73.5,243.0
264,13.225,893.14222272,185.25035732,1,0,0.0,73.5,243.0
265,13.275,895.4773218,185.68994967,1,0,0.0,73.5,243.0
266,13.325,897.80783294,186.12954108,1,0,0.0,73.5,243.0
267,13.375,900.13373812,186.56841613,1,0,0.0,73.5,243.0
268,13.425,902.45515075,187.00251201,1,0,0.0,73.5,243.0
269,13.475,904.77175817,187.43660684,1,0,0.0,73.5,243.0
270,13.525,907.0832632,187.87069988,1,0,0.0,73.5,243.0
271,13.575,909.38959511,188.30479149,1,0,0.0,73.5,243.0
272,13.625,911.69111083,188.74114132,1,0,0.0,73.5,243.0
273,13.675,913.988348,189.17758133,1,0,0.0,73.5,243.0
274,13.725,916.28117609,189.61402311,1,0,0.0,73.5,243.0
275,13.775,918.5697016,190.05046491,1,0,0.0,73.5,243.0
276,13.825,920.77223177,190.49056213,1,0,0.0,73.5,243.0
277,13.875,922.80916271,190.93288262,1,0,0.0,73.5,243.0
278,13.925,924.74571552,191.38153423,1,0,0.0,73.5,243.0
279,13.975,926.61008372,191.83195606,1,0,0.0,73.5,243.0
280,14.025,928.40603659,192.28789092,1,0,0.0,73.5,243.0
281,14.075,930.14880265,192.74738759,1,0,0.0,73.5,243.0
282,14.125,931.84066201,193.20688374,1,0,0.0,73.5,243.0
283,14.175,933.48182913,193.66844202,1,0,0.0,73.5,243.0
284,14.225,935.08038095,194.13531914,1,0,0.0,73.5,243.0
285,14.275,936.63952925,194.6015121,1,0,0.0,73.5,243.0
286,14.325,938.15903579,195.0632121,1,0,0.0,73.5,243.0
287,14.375,939.63793416,195.52709547,1,0,0.0,73.5,243.0
288,14.425,941.08067525,195.99844224,1,0,0.0,73.5,243.0
289,14.475,942.49043255,196.46978907,1,0,0.0,73.5,243.0
290,14.525,943.86720184,196.94113608,1,0,0.0,73.5,243.0
291,14.575,945.21080876,197.41247945,1,0,0.0,73.5,243.0
292,14.625,946.52089198,197.88520817,1,0,0.0,73.5,243.0
293,14.675,947.80119774,198.36388093,1,0,0.0,73.5,243.0
294,14.725,949.05304751,198.84255421,1,0,0.0,73.5,243.0
295,14.775,950.27593044,199.31745358,1,0,0.0,73.5,243.0
296,14.825,951.46973361,199.79346373,1,0,0.0,73.5,243.0
297,14.875,952.63515364,200.26950181,1,0,0.0,73.5,243.0
298,14.925,953.772408,200.7485563,1,0,0.0,73.5,243.0
299,14.975,954.88419161,201.23196206,1,0,0.0,73.5,243.0
300,15.025,955.97108965,201.71537688,1,0,0.0,73.5,243.0
301,15.075,957.03337469,202.19878246,1,0,0.0,73.5,243.0
302,15.125,958.07159661,202.6821842,1,0,0.0,73.5,243.0
303,15.175,959.08594318,203.16628261,1,0,0.0,73.5,243.0
304,15.225,960.0761604,203.64862379,1,0,0.0,73.5,243.0
305,15.275,961.043498,204.13585639,1,0,0.0,73.5,243.0
306,15.325,961.98993583,204.62411646,1,0,0.0,73.5,243.0
307,15.375,962.91481388,205.11233158,1,0,0.0,73.5,243.0
308,15.425,963.81884873,205.60054856,1,0,0.0,73.5,243.0
309,15.475,964.701537,206.08876009,1,0,0.0,73.5,243.0
310,15.525,965.56250386,206.57696113,1,0,0.0,73.5,243.0
311,15.575,966.40202019,207.06517223,1,0,0.0,73.5,243.0
312,15.625,967.22092483,207.5600581,1,0,0.0,73.5,243.0
313,15.675,968.02139669,208.05651024,1,0,0.0,73.5,243.0
314,15.725,968.8028893,208.54980377,1,0,0.0,73.5,243.0
315,15.775,969.56492742,209.0431089,1,0,0.0,73.5,243.0
316,15.825,970.30718731,209.53642651,1,0,0.0,73.5,243.0
317,15.875,971.02951606,210.02974362,1,0,0.0,73.5,243.0
318,15.925,971.73228903,210.52307211,1,0,0.0,73.5,243.0
319,15.975,972.41599063,211.01639889,1,0,0.0,73.5,243.0
320,16.025,973.081132,211.51585194,1,0,0.0,73.5,243.0
321,16.075,973.72983053,212.01903044,1,0,0.0,73.5,243.0
322,16.125,974.3624872,212.52219349,1,0,0.0,73.5,243.0
323,16.175,974.97907723,213.02148246,1,0,0.0,73.5,243.0
324,16.225,975.579011,213.5200887,1,0,0.0,73.5,243.0
325,16.275,976.16178204,214.01869003,1,0,0.0,73.5,243.0
326,16.325,976.7276621,214.51729155,1,0,0.0,73.5,243.0
327,16.375,977.2762348,215.01587746,1,0,0.0,73.5,243.0
328,16.425,977.80804963,215.51504476,1,0,0.0,73.5,243.0
329,16.475,978.3241723,216.02353563,1,0,0.0,73.5,243.0
330,16.525,978.8261009,216.53210222,1,0,0.0,73.5,243.0
331,16.575,979.31321467,217.04068364,1,0,0.0,73.5,243.0
332,16.625,979.79075757,217.54838259,1,0,0.0,73.5,243.0
333,16.675,980.43647849,218.05800016,1,0,0.0,73.5,243.0
334,16.725,981.20006599,218.57123957,1,0,0.0,73.5,243.0
335,16.775,982.03470659,219.08613437,1,0,0.0,73.5,243.0
336,16.825,982.93068181,219.60400773,1,0,0.0,73.5,243.0
337,16.875,983.87096241,220.1237504,1,0,0.0,73.5,243.0
338,16.925,984.8562328,220.65278511,1,0,0.0,73.5,243.0
339,16.975,985.88043883,221.18645094,1,0,0.0,73.5,243.0
340,17.025,986.93680331,221.7201006,1,0,0.0,73.5,243.0
341,17.075,988.02499241,222.25371503,1,0,0.0,73.5,243.0
342,17.125,989.1435729,222.78729918,1,0,0.0,73.5,243.0
343,17.175,990.28564832,223.32091552,1,0,0.0,73.5,243.0
344,17.225,991.45031653,223.85452253,1,0,0.0,73.5,243.0
345,17.275,992.63790533,224.38809933,1,0,0.0,73.5,243.0
346,17.325,993.84781738,224.92449764,1,0,0.0,73.5,243.0
347,17.375,995.07605679,225.46716858,1,0,0.0,73.5,243.0
348,17.425,996.32398686,226.0153978,1,0,0.0,73.5,243.0
349,17.475,997.59139851,226.56364711,1,0,0.0,73.5,243.0
350,17.525,998.87770579,227.11189703,1,0,0.0,73.5,243.0
351,17.575,1000.18215971,227.66289639,1,0,0.0,73.5,243.0
352,17.625,1001.50185738,228.21196456,1,0,0.0,73.5,243.0
353,17.675,1002.83563733,228.76041409,1,0,0.0,73.5,243.0
354,17.725,1004.18350539,229.30886713,1,0,0.0,73.5,243.0
355,17.775,1005.54537707,229.85815228,1,0,0.0,73.5,243.0
356,17.825,1006.92186511,230.40942586,1,0,0.0,73.5,243.0
357,17.875,1008.31060018,230.96652604,1,0,0.0,73.5,243.0
358,17.925,1009.71203869,231.53003022,1,0,0.0,73.5,243.0
359,17.975,1011.12625703,232.09352794,1,0,0.0,73.5,243.0
360,18.025,1012.55352537,232.65703141,1,0,0.0,73.5,243.0
361,18.075,1013.99394054,233.22054377,1,0,0.0,73.5,243.0
362,18.125,1015.44742405,233.78001197,1,0,0.0,73.5,243.0
363,18.175,1016.9124885,234.34368217,1,0,0.0,73.5,243.0
364,18.225,1018.38684632,234.908051,1,0,0.0,73.5,243.0
365,18.275,1019.87059931,235.47414176,1,0,0.0,73.5,243.0
366,18.325,1021.36413204,236.04020025,1,0,0.0,73.5,243.0
367,18.375,1022.86836689,236.60626991,1,0,0.0,73.5,243.0
368,18.425,1024.38359328,237.17904852,1,0,0.0,73.5,243.0
369,18.475,1025.91079083,237.75464827,1,0,0.0,73.5,243.0
370,18.525,1027.44832994,238.33387029,1,0,0.0,73.5,243.0
371,18.575,1028.995253,238.91286631,1,0,0.0,73.5,243.0
372,18.625,1030.55209783,239.4881257,1,0,0.0,73.5,243.0
373,18.675,1032.11689624,240.06340305,1,0,0.0,73.5,243.0
374,18.725,1033.69027016,240.64094481,1,0,0.0,73.5,243.0
375,18.775,1035.2720698,241.21853785,1,0,0.0,73.5,243.0
376,18.825,1036.8622875,241.79615652,1,0,0.0,73.5,243.0
377,18.875,1038.46036442,242.3775141,1,0,0.0,73.5,243.0
378,18.925,1040.06496315,242.95966668,1,0,0.0,73.5,243.0
379,18.975,1041.67719338,243.55079515,1,0,0.0,73.5,243.0
380,19.025,1043.29821202,244.14203432,1,0,0.0,73.5,243.0
381,19.075,1044.92875732,244.73315449,1,0,0.0,73.5,243.0
382,19.125,1046.57044211,245.3205095,1,0,0.0,73.5,243.0
383,19.175,1048.22037844,245.90922281,1,0,0.0,73.5,243.0
384,19.225,1049.87921802,246.49881471,1,0,0.0,73.5,243.0
385,19.275,1051.54554269,247.09252436,1,0,0.0,73.5,243.0
386,19.325,1053.21864005,247.68669716,1,0,0.0,73.5,243.0
387,19.375,1054.89885967,248.280879,1,0,0.0,73.5,243.0
388,19.425,1056.58590254,248.87505737,1,0,0.0,73.5,243.0
389,19.475,1058.27949638,249.46924198,1,0,0.0,73.5,243.0
390,19.525,1059.97969616,250.0724546,1,0,0.0,73.5,243.0
391,19.575,1061.68787407,250.67616321,1,0,0.0,73.5,243.0
392,19.625,1063.40352478,251.27664761,1,0,0.0,73.5,243.0
393,19.675,1065.1267926,251.88104815,1,0,0.0,73.5,243.0
394,19.725,1066.85742938,252.48802725,1,0,0.0,73.5,243.0
395,19.775,1068.59593171,253.09500924,1,0,0.0,73.5,243.0
396,19.825,1070.34174215,253.70199838,1,0,0.0,73.5,243.0
397,19.875,1072.09467307,254.30897277,1,0,0.0,73.5,243.0
398,19.925,1073.85385503,254.91594437,1,0,0.0,73.5,243.0
399,19.975,1075.61901292,255.52291602,1,0,0.0,73.5,243.0
400,20.025,1077.39039453,256.1298922,1,0,0.0,73.5,243.0
401,20.075,1079.16901701,256.74400807,1,0,0.0,73.5,243.0
402,20.125,1080.95464774,257.36193587,1,0,0.0,73.5,243.0
403,20.175,1082.74614511,257.98238644,1,0,0.0,73.5,243.0
404,20.225,1084.5436235,258.60284447,1,0,0.0,73.5,243.0
405,20.275,1086.34813307,259.22330756,1,0,0.0,73.5,243.0
406,20.325,1088.15972506,259.84378073,1,0,0.0,73.5,243.0
407,20.375,1089.97846819,260.46425179,1,0,0.0,73.5,243.0
408,20.425,1091.80420528,261.08472385,1,0,0.0,73.5,243.0
409,20.475,1093.63597636,261.70521053,1,0,0.0,73.5,243.0
410,20.525,1095.47330306,262.32567824,1,0,0.0,73.5,243.0
411,20.575,1097.31728668,262.94679824,1,0,0.0,73.5,243.0
412,20.625,1099.16670038,263.57611659,1,0,0.0,73.5,243.0
413,20.675,1101.02257458,264.21085044,1,0,0.0,73.5,243.0
414,20.725,1102.88576899,264.84557588,1,0,0.0,73.5,243.0
415,20.775,1104.7564539,265.48028307,1,0,0.0,73.5,243.0
416,20.825,1106.63454828,266.11498179,1,0,0.0,73.5,243.0
417,20.875,1108.51988618,266.74969326,1,0,0.0,73.5,243.0
418,20.925,1110.41044801,267.38445102,1,0,0.0,73.5,243.0
419,20.975,1112.3066614,268.01922883,1,0,0.0,73.5,243.0
420,21.025,1114.2086955,268.65401151,1,0,0.0,73.5,243.0
421,21.075,1116.11635547,269.29046214,1,0,0.0,73.5,243.0
422,21.125,1118.02944028,269.93212799,1,0,0.0,73.5,243.0
423,21.175,1119.94832097,270.57092268,1,0,0.0,73.5,243.0
424,21.225,1121.87426427,271.22019877,1,0,0.0,73.5,243.0
425,21.275,1123.80773957,271.87018097,1,0,0.0,73.5,243.0
426,21.325,1125.7483441,272.52016055,1,0,0.0,73.5,243.0
427,21.375,1127.69592218,273.17012923,1,0,0.0,73.5,243.0
428,21.425,1129.65076157,273.82009547,1,0,0.0,73.5,243.0
429,21.475,1131.61214478,274.47002445,1,0,0.0,73.5,243.0
430,21.525,1133.57935508,275.11992828,1,0,0.0,73.5,243.0
431,21.575,1135.55270271,275.77048306,1,0,0.0,73.5,243.0
432,21.625,1137.53203528,276.42797416,1,0,0.0,73.5,243.0
433,21.675,1139.51661383,277.08313352,1,0,0.0,73.5,243.0
434,21.725,1141.50657123,277.73728526,1,0,0.0,73.5,243.0
435,21.775,1143.5027331,278.39759583,1,0,0.0,73.5,243.0
436,21.825,1145.50587079,279.06360247,1,0,0.0,73.5,243.0
437,21.875,1147.51599556,279.72960825,1,0,0.0,73.5,243.0
438,21.925,1149.53317687,280.3956105,1,0,0.0,73.5,243.0
439,21.975,1151.55768421,281.06160979,1,0,0.0,73.5,243.0
440,22.025,1153.58848339,281.72761223,1,0,0.0,73.5,243.0
441,22.075,1155.62527087,282.3936661,1,0,0.0,73.5,243.0
442,22.125,1157.66892262,283.06504319,1,0,0.0,73.5,243.0
443,22.175,1159.71827563,283.7382604,1,0,0.0,73.5,243.0
444,22.225,1161.77328473,284.40884317,1,0,0.0,73.5,243.0
445,22.275,1163.83389538,285.07944598,1,0,0.0,73.5,243.0
446,22.325,1165.90045804,285.75217579,1,0,0.0,73.5,243.0
447,22.375,1167.97343104,286.43543548,1,0,0.0,73.5,243.0
448,22.425,1170.05295248,287.11870836,1,0,0.0,73.5,243.0
449,22.475,1172.13920672,287.80197584,1,0,0.0,73.5,243.0
450,22.525,1174.23231302,288.48523122,1,0,0.0,73.5,243.0
451,22.575,1176.33280612,289.1685189,1,0,0.0,73.5,243.0
452,22.625,1178.44219279,289.85359592,1,0,0.0,73.5,243.0
453,22.675,1180.56036615,290.54341266,1,0,0.0,73.5,243.0
454,22.725,1182.68547653,291.23272254,1,0,0.0,73.5,243.0
455,22.775,1184.81710256,291.92093917,1,0,0.0,73.5,243.0
456,22.825,1186.95492382,292.60916369,1,0,0.0,73.5,243.0
457,22.875,1189.09748524,293.29738232,1,0,0.0,73.5,243.0
458,22.925,1191.24545021,293.99826572,1,0,0.0,73.5,243.0
459,22.975,1193.40025269,294.69995592,1,0,0.0,73.5,243.0
460,23.025,1195.56228763,295.40162294,1,0,0.0,73.5,243.0
461,23.075,1197.73197811,296.10328756,1,0,0.0,73.5,243.0
462,23.125,1199.90964987,296.80616256,1,0,0.0,73.5,243.0
463,23.175,1202.09538579,297.51009927,1,0,0.0,73.5,243.0
464,23.225,1204.28904399,298.21747135,1,0,0.0,73.5,243.0
465,23.275,1206.4900682,298.92436442,1,0,0.0,73.5,243.0
466,23.325,1208.69798358,299.63125732,1,0,0.0,73.5,243.0
467,23.375,1210.91178893,300.33815034,1,0,0.0,73.5,243.0
468,23.425,1213.1313472,301.04505357,1,0,0.0,73.5,243.0
469,23.475,1215.35786118,301.76491477,1,0,0.0,73.5,243.0
470,23.525,1217.59095679,302.48631963,1,0,0.0,73.5,243.0
471,23.575,1219.83020067,303.20767931,1,0,0.0,73.5,243.0
472,23.625,1222.07788211,303.92948126,1,0,0.0,73.5,243.0
473,23.675,1224.33427201,304.65310723,1,0,0.0,73.5,243.0
474,23.725,1226.59925096,305.37674153,1,0,0.0,73.5,243.0
475,23.775,1228.87277439,306.10059057,1,0,0.0,73.5,243.0
476,23.825,1231.15314476,306.82757962,1,0,0.0,73.5,243.0
477,23.875,1233.44018871,307.55456761,1,0,0.0,73.5,243.0
478,23.925,1235.73451491,308.28155505,1,0,0.0,73.5,243.0
479,23.975,1238.03249936,309.00992521,1,0,0.0,73.5,243.0
480,24.025,1240.33735783,309.75258094,1,0,0.0,73.5,243.0
481,24.075,1242.65139815,310.49523762,1,0,0.0,73.5,243.0
482,24.125,1244.97383762,311.23789585,1,0,0.0,73.5,243.0
483,24.175,1247.30508915,311.98237656,1,0,0.0,73.5,243.0
484,24.225,1249.645486,312.7273327,1,0,0.0,73.5,243.0
485,24.275,1251.99530415,313.47229689,1,0,0.0,73.5,243.0
486,24.325,1254.35389321,314.21529311,1,0,0.0,73.5,243.0
487,24.375,1256.72002904,314.96151896,1,0,0.0,73.5,243.0
488,24.425,1259.09176314,315.71016877,1,0,0.0,73.5,243.0
489,24.475,1261.46963376,316.45881337,1,0,0.0,73.5,243.0
490,24.525,1263.8551404,317.21682923,1,0,0.0,73.5,243.0
491,24.575,1266.24987915,317.98222963,1,0,0.0,73.5,243.0
492,24.625,1268.65339244,318.7476308,1,0,0.0,73.5,243.0
493,24.675,1271.06620427,319.51372019,1,0,0.0,73.5,243.0
494,24.725,1273.48903911,320.28148277,1,0,0.0,73.5,243.0
495,24.775,1275.9208026,321.04926966,1,0,0.0,73.5,243.0
496,24.825,1278.36102417,321.81707047,1,0,0.0,73.5,243.0
497,24.875,1280.80951006,322.58234748,1,0,0.0,73.5,243.0
498,24.925,1283.26580852,323.34714515,1,0,0.0,73.5,243.0
499,24.975,1285.7299072,324.11856658,1,0,0.0,73.5,243.0
500,25.025,1288.20193899,324.89721132,1,0,0.0,73.5,243.0
501,25.075,1290.68322249,325.68746024,1,0,0.0,73.5,243.0
502,25.125,1293.17413136,326.4777027,1,0,0.0,73.5,243.0
503,25.175,1295.67504067,327.26794597,1,0,0.0,73.5,243.0
504,25.225,1298.18484053,328.05986825,1,0,0.0,73.5,243.0
505,25.275,1300.70399157,328.85245727,1,0,0.0,73.5,243.0
506,25.325,1303.23239959,329.64503312,1,0,0.0,73.5,243.0
507,25.375,1305.77028026,330.43760395,1,0,0.0,73.5,243.0
508,25.425,1308.31693382,331.22719866,1,0,0.0,73.5,243.0
509,25.475,1310.87238161,332.01678273,1,0,0.0,73.5,243.0
510,25.525,1313.43730086,332.81746771,1,0,0.0,73.5,243.0
511,25.575,1316.01291567,333.63447744,1,0,0.0,73.5,243.0
512,25.625,1318.59862156,334.45148925,1,0,0.0,73.5,243.0
513,25.675,1321.19458918,335.26850448,1,0,0.0,73.5,243.0
514,25.725,1323.80063255,336.08568227,1,0,0.0,73.5,243.0
515,25.775,1326.41663091,336.90504965,1,0,0.0,73.5,243.0
516,25.825,1329.0426151,337.72440394,1,0,0.0,73.5,243.0
517,25.875,1331.6786861,338.54376325,1,0,0.0,73.5,243.0
518,25.925,1334.32476664,339.3628432,1,0,0.0,73.5,243.0
519,25.975,1336.98018916,340.18169931,1,0,0.0,73.5,243.0
520,26.025,1339.64715488,341.0199751,1,0,0.0,73.5,243.0
521,26.075,1342.3263048,341.85825462,1,0,0.0,73.5,243.0
522,26.125,1345.01724527,342.69770887,1,0,0.0,73.5,243.0
523,26.175,1347.71822207,343.54411214,1,0,0.0,73.5,243.0
524,26.225,1350.42937237,344.3905288,1,0,0.0,73.5,243.0
525,26.275,1353.15071348,345.23773632,1,0,0.0,73.5,243.0
526,26.325,1355.88260643,346.08648789,1,0,0.0,73.5,243.0
527,26.375,1358.62523761,346.93524555,1,0,0.0,73.5,243.0
528,26.425,1361.37883547,347.78675726,1,0,0.0,73.5,243.0
529,26.475,1364.14527484,348.65907334,1,0,0.0,73.5,243.0
530,26.525,1366.92511347,349.52896122,1,0,0.0,73.5,243.0
531,26.575,1369.71813629,350.39882622,1,0,0.0,73.5,243.0
532,26.625,1372.52429494,351.26868643,1,0,0.0,73.5,243.0
533,26.675,1375.34262933,352.13856777,1,0,0.0,73.5,243.0
534,26.725,1378.17237293,353.01001215,1,0,0.0,73.5,243.0
535,26.775,1381.0124777,353.88848877,1,0,0.0,73.5,243.0
536,26.825,1383.86298102,354.76830607,1,0,0.0,73.5,243.0
537,26.875,1386.72506974,355.66464473,1,0,0.0,73.5,243.0
538,26.925,1389.60087359,356.57226131,1,0,0.0,73.5,243.0
539,26.975,1392.49088659,357.47988538,1,0,0.0,73.5,243.0
540,27.025,1395.3957438,358.38704002,1,0,0.0,73.5,243.0
541,27.075,1398.31543956,359.29183508,1,0,0.0,73.5,243.0
542,27.125,1401.24897709,360.19658496,1,0,0.0,73.5,243.0
543,27.175,1404.19568914,361.10133236,1,0,0.0,73.5,243.0
544,27.225,1407.15569849,362.00607815,1,0,0.0,73.5,243.0
545,27.275,1410.1292858,362.92652195,1,0,0.0,73.5,243.0
546,27.325,1413.11799658,363.8633636,1,0,0.0,73.5,243.0
547,27.375,1416.1206467,364.80901168,1,0,0.0,73.5,243.0
548,27.425,1419.13720428,365.75538141,1,0,0.0,73.5,243.0
549,27.475,1422.16739289,366.70177061,1,0,0.0,73.5,243.0
550,27.525,1425.21272374,367.64816735,1,0,0.0,73.5,243.0
551,27.575,1428.27401867,368.5941819,1,0,0.0,73.5,243.0
552,27.625,1431.35082104,369.53783241,1,0,0.0,73.5,243.0
553,27.675,1434.44278084,370.51446006,1,0,0.0,73.5,243.0
554,27.725,1437.55165886,371.49239831,1,0,0.0,73.5,243.0
555,27.775,1440.67767962,372.47033232,1,0,0.0,73.5,243.0
556,27.825,1443.82064078,373.44824636,1,0,0.0,73.5,243.0
557,27.875,1446.98011273,374.42614017,1,0,0.0,73.5,243.0
558,27.925,1450.15572623,375.40894792,1,0,0.0,73.5,243.0
559,27.975,1453.34851633,376.39895299,1,0,0.0,73.5,243.0
560,28.025,1456.55918536,377.42506361,1,0,0.0,73.5,243.0
561,28.075,1459.78914639,378.45454581,1,0,0.0,73.5,243.0
562,28.125,1463.03788016,379.4838039,1,0,0.0,73.5,243.0
563,28.175,1466.30507319,380.51055279,1,0,0.0,73.5,243.0
564,28.225,1469.59077461,381.53726831,1,0,0.0,73.5,243.0
565,28.275,1472.89455161,382.56396637,1,0,0.0,73.5,243.0
566,28.325,1476.21660405,383.60876099,1,0,0.0,73.5,243.0
567,28.375,1479.55952304,384.68174506,1,0,0.0,73.5,243.0
568,28.425,1482.92409076,385.75472521,1,0,0.0,73.5,243.0
569,28.475,1486.30967292,386.82975976,1,0,0.0,73.5,243.0
570,28.525,1489.71699061,387.91014095,1,0,0.0,73.5,243.0
571,28.575,1493.1458172,388.99586442,1,0,0.0,73.5,243.0
572,28.625,1496.59632285,390.10387502,1,0,0.0,73.5,243.0
573,28.675,1500.07030293,391.24497555,1,0,0.0,73.5,243.0
574,28.725,1503.5677717,392.38350493,1,0,0.0,73.5,243.0
575,28.775,1507.08848285,393.52197438,1,0,0.0,73.5,243.0
576,28.825,1510.63311173,394.6605032,1,0,0.0,73.5,243.0
577,28.875,1514.20109886,395.79903405,1,0,0.0,73.5,243.0
578,28.925,1517.79467152,397.00239417,1,0,0.0,73.5,243.0
579,28.975,1521.41649442,398.20856305,1,0,0.0,73.5,243.0
580,29.025,1525.06644928,399.4167503,1,0,0.0,73.5,243.0
581,29.075,1528.74487026,400.62534378,1,0,0.0,73.5,243.0
582,29.125,1532.45079711,401.84802534,1,0,0.0,73.5,243.0
583,29.175,1536.18689452,403.15252198,1,0,0.0,73.5,243.0
584,29.225,1539.95556259,404.45701801,1,0,0.0,73.5,243.0
585,29.275,1543.75633564,405.75933815,1,0,0.0,73.5,243.0
586,29.325,1547.5894637,407.06120723,1,0,0.0,73.5,243.0
587,29.375,1551.45755355,408.44398845,1,0,0.0,73.5,243.0
588,29.425,1555.36382286,409.85641651,1,0,0.0,73.5,243.0
589,29.475,1559.30721013,411.26884822,1,0,0.0,73.5,243.0
590,29.525,1563.28767119,412.68128056,1,0,0.0,73.5,243.0
591,29.575,1567.30910757,414.24033698,1,0,0.0,73.5,243.0
592,29.625,1571.3757341,415.80555107,1,0,0.0,73.5,243.0
593,29.675,1575.487394,417.37364045,1,0,0.0,73.5,243.0
594,29.725,1579.64758924,419.11614483,1,0,0.0,73.5,243.0
595,29.775,1583.8649952,420.90979516,1,0,0.02074986,73.0,241.0
596,29.825,1588.13963138,422.74934784,1,0,0.02092424,73.0,241.0
597,29.875,1592.48350123,424.88088706,1,0,0.02933671,72.5,239.0
598,29.925,1596.90294055,427.07045681,1,0,0.02949945,72.0,237.0
599,29.975,1601.4157884,429.81519964,1,0,0.04481805,71.5,235.0
600,30.025,1606.04883393,433.46401625,1,0,0.05932334,71.0,235.0
601,30.075,1610.90017209,438.09468996,1,0,0.12554353,69.0,224.0
602,30.125,1615.82023423,438.68733199,1,0,0.0,69.0,224.0
603,30.175,1620.74093416,439.28073932,1,0,0.0,69.0,224.0
604,30.225,1625.66142149,439.87414829,1,0,0.0,69.0,224.0
605,30.275,1630.58039117,440.47884789,1,0,0.0,69.0,224.0
606,30.325,1635.49840456,441.08462826,1,0,0.0,69.0,224.0
607,30.375,1640.41610661,441.68920553,1,0,0.0,69.0,224.0
608,30.425,1645.33386634,442.29245643,1,0,0.0,69.0,224.0
609,30.475,1650.25198198,442.89574021,1,0,0.0,69.0,224.0
610,30.525,1655.16840754,443.49905833,1,0,0.0,69.0,224.0
611,30.575,1660.08017251,444.10237949,1,0,0.0,69.0,224.0
612,30.625,1664.99192628,444.7057029,1,0,0.0,69.0,224.0
613,30.675,1669.9039429,445.31039297,1,0,0.0,69.0,224.0
614,30.725,1674.816309,445.91621985,1,0,0.0,69.0,224.0
615,30.775,1679.72857343,446.52206567,1,0,0.0,69.0,224.0
616,30.825,1684.64023559,447.13863863,1,0,0.0,69.0,224.0
617,30.875,1689.55128476,447.75764828,1,0,0.0,69.0,224.0
618,30.925,1694.46028716,448.37602186,1,0,0.0,69.0,224.0
619,30.975,1699.36500609,448.99250957,1,0,0.0,69.0,224.0
620,31.025,1704.26903414,449.60896681,1,0,0.0,69.0,224.0
621,31.075,1709.17304049,450.22538236,1,0,0.0,69.0,224.0
622,31.125,1714.07695474,450.84178964,1,0,0.0,69.0,224.0
623,31.175,1718.98014129,451.45818865,1,0,0.0,69.0,224.0
624,31.225,1723.88224182,452.07554995,1,0,0.0,69.0,224.0
625,31.275,1728.78219455,452.69448196,1,0,0.0,69.0,224.0
626,31.325,1733.67956526,453.31341567,1,0,0.0,69.0,224.0
627,31.375,1738.57167781,453.94612196,1,0,0.0,69.0,224.0
628,31.425,1743.46232085,454.57907017,1,0,0.0,69.0,224.0
629,31.475,1748.35293269,455.21198879,1,0,0.0,69.0,224.0
630,31.525,1753.24316898,455.8424787,1,0,0.0,69.0,224.0
631,31.575,1758.13152236,456.47298943,1,0,0.0,69.0,224.0
632,31.625,1763.01695995,457.1035339,1,0,0.0,69.0,224.0
633,31.675,1767.89924418,457.73412716,1,0,0.0,69.0,224.0
634,31.725,1772.77816095,458.36470939,1,0,0.0,69.0,224.0
635,31.775,1777.6536464,458.99577036,1,0,0.0,69.0,224.0
636,31.825,1782.52541725,459.62894442,1,0,0.0,69.0,224.0
637,31.875,1787.39478142,460.26876928,1,0,0.0,69.0,224.0
638,31.925,1792.26319237,460.91686332,1,0,0.0,69.0,224.0
639,31.975,1797.13059152,461.56494396,1,0,0.0,69.0,224.0
640,32.025,1801.99711666,462.21298971,1,0,0.0,69.0,224.0
641,32.075,1806.86227757,462.8591835,1,0,0.0,69.0,224.0
642,32.125,1811.72505859,463.50476159,1,0,0.0,69.0,224.0
643,32.175,1816.58467629,464.15033556,1,0,0.0,69.0,224.0
644,32.225,1821.44070006,464.79589691,1,0,0.0,69.0,224.0
645,32.275,1826.29185148,465.44146539,1,0,0.0,69.0,224.0
646,32.325,1831.13652451,466.08702866,1,0,0.0,69.0,224.0
647,32.375,1835.97834147,466.73869542,1,0,0.0,69.0,224.0
648,32.425,1840.81736945,467.40273478,1,0,0.0,69.0,224.0
649,32.475,1845.65384326,468.06677119,1,0,0.0,69.0,224.0
650,32.525,1850.48752923,468.73081996,1,0,0.0,69.0,224.0
651,32.575,1855.3184142,469.39490338,1,0,0.0,69.0,224.0
652,32.625,1860.14552781,470.0578363,1,0,0.0,69.0,224.0
653,32.675,1864.968276,470.71954358,1,0,0.0,69.0,224.0
654,32.725,1869.78651346,471.38125106,1,0,0.0,69.0,224.0
655,32.775,1874.59963545,472.04295469,1,0,0.0,69.0,224.0
656,32.825,1879.40598753,472.70462656,1,0,0.0,69.0,224.0
657,32.875,1884.2094765,473.37212827,1,0,0.0,69.0,224.0
658,32.925,1889.00909248,474.0525977,1,0,0.0,69.0,224.0
659,32.975,1893.80541581,474.73377371,1,0,0.0,69.0,224.0
660,33.025,1898.60008993,475.41494615,1,0,0.0,69.0,224.0
661,33.075,1903.39129766,476.0960716,1,0,0.0,69.0,224.0
662,33.125,1908.17776416,476.77717971,1,0,0.0,69.0,224.0
663,33.175,1912.96003943,477.45781808,1,0,0.0,69.0,224.0
664,33.225,1917.73734271,478.13654718,1,0,0.0,69.0,224.0
665,33.275,1922.50728026,478.81527548,1,0,0.0,69.0,224.0
666,33.325,1927.27137268,479.49403409,1,0,0.0,69.0,224.0
667,33.375,1932.03172148,480.18756675,1,0,0.0,69.0,224.0
668,33.425,1936.78680937,480.88438747,1,0,0.0,69.0,224.0
669,33.475,1941.53638205,481.58244494,1,0,0.0,69.0,224.0
670,33.525,1946.28205298,482.28191674,1,0,0.0,69.0,224.0
671,33.575,1951.02326714,482.98141254,1,0,0.0,69.0,224.0
672,33.625,1955.75784541,483.68093998,1,0,0.0,69.0,224.0
673,33.675,1960.4868863,484.38050413,1,0,0.0,69.0,224.0
674,33.725,1965.20933248,485.08007691,1,0,0.0,69.0,224.0
675,33.775,1969.92315328,485.77753759,1,0,0.0,69.0,224.0
676,33.825,1974.6309318,486.48740617,1,0,0.0,69.0,224.0
677,33.875,1979.33275645,487.20385613,1,0,0.0,69.0,224.0
678,33.925,1984.02835859,487.92030392,1,0,0.0,69.0,224.0
679,33.975,1988.52802721,488.63392106,1,0,0.0,69.0,224.0
680,34.025,1992.64590614,489.34271732,1,0,0.0,69.0,224.0
681,34.075,1996.54836581,490.05064707,1,0,0.0,69.0,224.0
682,34.125,2000.28167079,490.75629756,1,0,0.0,69.0,224.0
683,34.175,2003.87013558,491.46007478,1,0,0.0,69.0,224.0
684,34.225,2007.32897415,492.16202904,1,0,0.0,69.0,224.0
685,34.275,2010.66748781,492.88006187,1,0,0.0,69.0,224.0
686,34.325,2013.89771772,493.59831819,1,0,0.0,69.0,224.0
687,34.375,2017.02725772,494.31403807,1,0,0.0,69.0,224.0
688,34.425,2020.06017306,495.02848299,1,0,0.0,69.0,224.0
689,34.475,2023.00264795,495.74195005,1,0,0.0,69.0,224.0
690,34.525,2025.85645183,496.45396104,1,0,0.0,69.0,224.0
691,34.575,2028.62598323,497.16521345,1,0,0.0,69.0,224.0
692,34.625,2031.31203534,497.87772393,1,0,0.0,69.0,224.0
693,34.675,2033.91964124,498.59987552,1,0,0.0,69.0,224.0
694,34.725,2036.4477063,499.33306654,1,0,0.0,69.0,224.0
695,34.775,2038.9014925,500.06470252,1,0,0.0,69.0,224.0
696,34.825,2041.28441503,500.79633674,1,0,0.0,69.0,224.0
697,34.875,2043.59775259,501.52539939,1,0,0.0,69.0,224.0
698,34.925,2045.84369845,502.25251826,1,0,0.0,69.0,224.0
699,34.975,2048.02245715,502.97912533,1,0,0.0,69.0,224.0
700,35.025,2050.13634354,503.70400498,1,0,0.0,69.0,224.0
701,35.075,2052.18578823,504.43962847,1,0,0.0,69.0,224.0
702,35.125,2054.16907322,505.18727245,1,0,0.0,69.0,224.0
703,35.175,2056.08792454,505.93541142,1,0,0.0,69.0,224.0
704,35.225,2057.94278507,506.68453168,1,0,0.0,69.0,224.0
705,35.275,2059.73783596,507.43266031,1,0,0.0,69.0,224.0
706,35.325,2061.47568125,508.17958027,1,0,0.0,69.0,224.0
707,35.375,2063.15649949,508.92650159,1,0,0.0,69.0,224.0
708,35.425,2064.78008162,509.67277344,1,0,0.0,69.0,224.0
709,35.475,2066.347526,510.4363234,1,0,0.0,69.0,224.0
710,35.525,2067.85789411,511.20437357,1,0,0.0,69.0,224.0
711,35.575,2069.31019571,511.97243672,1,0,0.0,69.0,224.0
712,35.625,2070.70415689,512.73840433,1,0,0.0,69.0,224.0
713,35.675,2072.04067016,513.50430934,1,0,0.0,69.0,224.0
714,35.725,2073.31925179,514.27123736,1,0,0.0,69.0,224.0
715,35.775,2074.54459823,515.03890361,1,0,0.0,69.0,224.0
716,35.825,2075.71816552,515.82142722,1,0,0.0,69.0,224.0
717,35.875,2076.83880075,516.61564413,1,0,0.0,69.0,224.0
718,35.925,2077.90604167,517.40984383,1,0,0.0,69.0,224.0
719,35.975,2078.92086778,518.20231339,1,0,0.0,69.0,224.0
720,36.025,2079.88452943,518.99280423,1,0,0.0,69.0,224.0
721,36.075,2080.87586911,524.846654,2,1,0.04045346,67.5,219.0
722,36.125,2082.61018766,532.32332069,2,0,0.18378309,66.0,215.0
723,36.175,2084.78256213,537.27032698,2,0,0.10011721,64.0,211.0
724,36.225,2087.2537308,541.31057786,2,0,0.0728043,62.5,203.0
725,36.275,2089.96401936,544.85917487,2,0,0.06023642,62.0,201.0
726,36.325,2092.87656525,548.11557066,2,0,0.05390438,61.0,197.0
727,36.375,2095.96583226,551.17925861,2,0,0.0492195,60.5,195.0
728,36.425,2099.21255216,554.08477359,2,0,0.0435025,60.0,193.0
729,36.475,2102.60298054,556.81168508,2,0,0.03933539,59.5,191.0
730,36.525,2106.12034217,559.51217541,2,0,0.03793268,59.0,189.0
731,36.575,2109.75590376,562.06117966,2,0,0.03360428,59.0,189.0
732,36.625,2113.50035988,564.57595753,2,0,0.03340408,58.5,187.0
733,36.675,2117.34455999,566.98112244,2,0,0.02993094,57.5,183.0
734,36.725,2121.28645051,569.37006544,2,0,0.0298677,57.0,181.0
735,36.775,2125.32203603,571.66010287,2,0,0.02688271,57.0,181.0
736,36.825,2129.44365043,573.98182741,2,0,0.02688271,56.5,179.0
737,36.875,2133.64776122,576.21575039,2,0,0.02479714,56.0,177.0
738,36.925,2137.92897348,578.43954468,2,0,0.02422372,56.0,177.0
739,36.975,2142.28316904,580.62538146,2,0,0.02379501,55.5,175.0
740,37.025,2146.70660098,582.75955257,2,0,0.02197053,55.0,173.0
741,37.075,2151.19574985,584.91123063,2,0,0.02197053,55.0,173.0
742,37.125,2155.74470679,587.02457038,2,0,0.02066364,54.5,171.0
743,37.175,2160.34932009,589.12219153,2,0,0.02002402,54.0,169.0
744,37.225,2165.00981434,591.22020934,2,0,0.020024,53.5,165.0
745,37.275,2169.72515425,593.24888846,2,0,0.0,53.5,165.0
746,37.325,2174.37343696,595.27906513,2,0,0.0,53.5,165.0
747,37.375,2178.67160065,597.34640017,2,0,0.0,53.5,165.0
748,37.425,2182.79191931,599.3536046,2,0,0.0,53.5,165.0
749,37.475,2186.78773989,601.36018482,2,0,0.0,53.5,165.0
750,37.525,2190.68448246,603.36471132,2,0,0.0,53.5,165.0
751,37.575,2194.49750417,605.32268889,2,0,0.0,53.5,165.0
752,37.625,2198.23331362,607.32149061,2,0,0.0,53.5,165.0
753,37.675,2201.89881637,609.32135821,2,0,0.0,53.5,165.0
754,37.725,2205.50313797,611.29086197,2,0,0.01498928,53.0,163.0
755,37.775,2209.05127374,613.23569186,2,0,0.0,53.0,163.0
756,37.825,2212.54996074,615.2041541,2,0,0.01415698,52.5,161.0
757,37.875,2215.99624804,617.20558582,2,0,0.0,52.5,161.0
758,37.925,2219.39262199,619.16443602,2,0,0.0,52.5,161.0
759,37.975,2222.7389548,621.1232413,2,0,0.01306285,52.0,157.0
760,38.025,2226.03964219,623.09093048,2,0,0.0,52.0,157.0
761,38.075,2229.29152321,625.10400652,2,0,0.0,52.0,157.0
762,38.125,2232.49307036,627.09028484,2,0,0.0,52.0,157.0
763,38.175,2235.64921576,629.07657417,2,0,0.0,52.0,157.0
764,38.225,2238.51279249,621.8110939,1,0,0.0,52.0,157.0
765,38.275,2240.99676627,619.3444981,1,0,0.0,52.0,157.0
766,38.325,2243.23946138,617.97432193,1,0,0.0,52.0,157.0
767,38.375,2245.33233023,622.66244727,2,1,0.05048219,50.5,152.0
768,38.425,2247.65421248,628.66126234,2,0,0.17394508,49.0,146.0
769,38.475,2250.05303981,632.64425279,2,0,0.09833769,48.0,142.0
770,38.525,2252.47051334,635.87816508,2,0,0.07172502,47.0,138.0
771,38.575,2254.88572779,638.76437625,2,0,0.05943913,46.5,136.0
772,38.625,2257.28061498,641.63336903,2,0,0.05333137,45.5,132.0
773,38.675,2259.65148569,644.33132514,2,0,0.04896137,45.0,132.0
774,38.725,2261.99179158,647.06810727,2,0,0.04348212,44.0,130.0
775,38.775,2264.29114803,649.7045308,2,0,0.03895144,43.0,124.0
776,38.825,2266.54749386,652.40379966,2,0,0.0378684,42.5,122.0
777,38.875,2268.75405611,655.13797675,2,0,0.03358841,42.5,122.0
778,38.925,2270.90403268,657.92578137,2,0,0.03331868,42.0,120.0
779,38.975,2272.99053924,660.803341,2,0,0.02992202,41.5,118.0
780,39.025,2275.0036502,663.78186692,2,0,0.02982036,41.0,116.0
781,39.075,2276.93354571,667.03255764,2,0,0.02685722,41.0,116.0
782,39.125,2278.76511092,670.52350726,2,0,0.02685722,40.5,114.0
783,39.175,2280.4799635,674.52924167,2,0,0.02462707,40.0,114.0
784,39.225,2282.03251834,680.17724763,2,0,0.02422372,40.0,114.0
785,39.275,2283.29837457,685.86786525,3,0,0.02371571,38.5,108.0
786,39.325,2284.5145038,687.03589074,3,0,0.02196371,38.0,106.0
787,39.375,2285.73630273,688.18624206,3,0,0.02196371,38.0,106.0
788,39.425,2286.96611668,689.27270248,3,0,0.02053235,37.5,104.0
789,39.475,2288.56157308,690.40491028,3,0,0.02000455,37.5,104.0
790,39.525,2290.42827256,691.53667252,3,0,0.02000138,37.0,100.0
791,39.575,2292.47711657,692.60864902,3,0,0.01826686,37.0,100.0
792,39.625,2294.67417133,693.71952031,3,0,0.0,37.0,100.0
793,39.675,2297.00330035,694.8280662,3,0,0.0,37.0,100.0
794,39.725,2299.44822756,695.87978352,3,0,0.0,37.0,100.0
795,39.775,2302.00374041,696.96633656,3,0,0.0,37.0,100.0
796,39.825,2304.31456272,698.06645422,3,0,0.0,37.0,100.0
797,39.875,2306.42251109,699.09896954,3,0,0.0,37.0,100.0
798,39.925,2308.42552391,700.12750079,3,0,0.0,37.0,100.0
799,39.975,2310.35668585,701.19057332,3,0,0.0,37.0,100.0
800,40.025,2312.23654686,702.22386162,3,0,0.0,37.0,100.0
801,40.075,2314.07143169,703.23674691,3,0,0.0,40.5,100.0
802,40.125,2315.87301666,704.25442146,3,0,0.0,40.5,100.0
803,40.175,2317.64620017,705.28372017,3,0,0.0,40.5,100.0
804,40.225,2319.39517459,706.2746199,3,0,0.0,40.5,100.0
805,40.275,2321.12290605,707.2663037,3,0,0.0,40.5,100.0
806,40.325,2322.83287705,708.27856833,3,0,0.01305676,40.5,100.0
807,40.375,2324.52718348,709.28303717,3,0,0.0,40.5,100.0
808,40.425,2326.20445113,710.253118,3,0,0.0,40.5,100.0
809,40.475,2327.8652422,711.22120559,3,0,0.0,40.5,100.0
810,40.525,2329.24645322,702.68608294,2,0,0.0,40.5,100.0
811,40.575,2330.28645296,699.26608956,2,0,0.0,40.5,100.0
812,40.625,2331.12580625,696.85718386,2,0,0.0,40.5,100.0
813,40.675,2331.80317174,694.98112719,2,0,0.0,40.5,100.0
814,40.725,2332.34038768,693.43391033,2,0,0.0,40.5,100.0
815,40.775,2332.75615045,692.19159161,2,0,0.0,40.5,100.0
816,40.825,2333.06172288,691.10736319,2,0,0.0,40.5,100.0
817,40.875,2333.50639531,699.49672307,3,1,0.24185844,38.0,101.0
818,40.925,2334.20680093,703.39638946,3,0,0.11754356,36.5,101.0
819,40.975,2335.01650437,706.16250022,3,0,0.08488365,36.0,101.0
820,41.025,2335.89707716,708.45327381,3,0,0.06855906,35.0,101.0
821,41.075,2336.82668805,710.40889593,3,0,0.05848204,34.5,101.0
822,41.125,2337.79795708,712.22916076,3,0,0.05038806,34.0,101.0
823,41.175,2338.80620986,713.79287246,3,0,0.04404491,27.0,94.0
824,41.225,2339.84470827,715.35707587,3,0,0.04255524,26.0,90.0
825,41.275,2340.90752685,716.7873725,3,0,0.03800834,25.5,90.0
826,41.325,2341.99289017,718.1536463,3,0,0.03593983,25.0,90.0
827,41.375,2343.09661998,719.50685697,3,0,0.03358105,24.5,90.0
828,41.425,2344.21676693,720.74585675,3,0,0.03137316,24.0,90.0
829,41.475,2345.35059944,722.03117409,3,0,0.02992166,24.0,90.0
830,41.525,2346.49696569,723.23313647,3,0,0.02846162,23.5,90.0
831,41.575,2347.65244391,724.40372707,3,0,0.0268419,23.0,90.0
832,41.625,2348.81970281,725.58772084,3,0,0.02637843,23.0,90.0
833,41.675,2349.99875573,726.70056627,3,0,0.02422458,14.5,58.0
834,41.725,2351.18989365,727.83246825,3,0,0.02422458,13.5,52.0
835,41.775,2352.3935198,728.92930425,3,0,0.02208549,13.5,52.0
836,41.825,2353.60645371,730.01966531,3,0,0.02196346,13.0,50.0
837,41.875,2354.82641603,731.07989335,3,0,0.02172116,13.0,50.0
838,41.925,2356.19609407,732.13095847,3,0,0.01999469,12.5,46.0
839,41.975,2357.95040695,733.20030623,3,0,0.0,12.5,46.0
840,42.025,2359.91916004,734.23581068,3,0,0.0,12.5,46.0
841,42.075,2362.05450043,735.279197,3,0,0.0182639,12.0,42.0
842,42.125,2364.30508042,736.37324354,3,0,0.0,12.0,42.0
843,42.175,2366.62898391,737.40537792,3,0,0.0,12.0,42.0
844,42.225,2369.01201745,738.44394855,3,0,0.0,12.0,42.0
845,42.275,2371.473982,739.58000836,3,0,0.0,12.0,42.0
846,42.325,2374.02241164,740.6958102,3,0,0.0,12.0,42.0
847,42.375,2376.64723828,741.78071837,3,0,0.0,12.0,42.0
848,42.425,2379.34506773,742.87493178,3,0,0.01537174,12.0,42.0
849,42.475,2382.10973651,743.98236359,3,0,0.0,12.0,42.0
850,42.525,2384.94032543,745.0498922,3,0,0.0,12.0,42.0
851,42.575,2387.83434171,746.11707288,3,0,0.01415611,12.0,42.0
852,42.625,2390.79060344,747.21807944,3,0,0.0,12.0,42.0
853,42.675,2393.81492016,748.35676167,3,0,0.0,12.0,42.0
854,42.725,2396.90633412,749.46679862,3,0,0.0,12.0,42.0
855,42.775,2400.06001197,750.59073769,3,0,0.0,12.0,42.0
856,42.825,2403.27198558,751.72168572,3,0,0.0,12.0,42.0
857,42.875,2406.54034816,752.83357095,3,0,0.0,12.0,42.0
858,42.925,2409.86247089,753.94517915,3,0,0.0,12.0,42.0
859,42.975,2413.16546128,748.90510813,2,0,0.0,12.0,42.0
860,43.025,2416.12518422,744.25140189,2,0,0.0,12.0,42.0
861,43.075,2418.90610872,741.50351669,2,0,0.0,12.0,42.0
862,43.125,2421.57116913,739.5715598,2,0,0.0,12.0,42.0
863,43.175,2424.14865768,738.11500214,2,0,0.0,12.0,42.0
864,43.225,2426.66100756,736.95917367,2,0,0.0,12.0,42.0
865,43.275,2429.12229352,735.95332264,2,0,0.0,12.0,42.0
866,43.325,2431.53794132,735.16573867,2,0,0.0,12.0,42.0
867,43.375,2433.91062359,734.49900852,2,0,0.0,12.0,42.0
868,43.425,2436.2523329,733.92598629,2,0,0.0,12.0,42.0
869,43.475,2438.5605044,733.44825313,2,0,0.0,12.0,42.0
870,43.525,2440.84145961,733.02834734,2,0,0.0,12.0,42.0
871,43.575,2443.09454807,732.69115727,2,0,0.0,12.0,42.0
872,43.625,2445.32289769,732.3968661,2,0,0.0,12.0,42.0
873,43.675,2447.52809117,732.15680304,2,0,0.0,12.0,42.0
874,43.725,2449.72246789,732.12473978,2,0,0.0,12.0,42.0
875,43.775,2451.91169591,732.11416836,2,0,0.0,12.0,42.0
876,43.825,2454.09372676,732.18602549,2,0,0.0,12.0,42.0
877,43.875,2456.26987944,732.24103645,2,0,0.0,12.0,42.0
878,43.925,2458.44162556,732.31241617,2,0,0.0,12.0,42.0
879,43.975,2460.61189543,732.44659842,2,0,0.0,12.0,42.0
880,44.025,2462.7843246,732.59951126,2,0,0.0,12.0,42.0
881,44.075,2464.95863607,733.08071931,2,0,0.0,12.0,42.0
882,44.125,2467.17063564,734.02573032,2,0,0.0,12.0,42.0
883,44.175,2469.42625274,734.94226449,2,0,0.0,12.0,42.0
884,44.225,2471.8653823,735.20758679,2,0,0.0,12.0,42.0
885,44.275,2474.65462333,735.07333511,2,0,0.0,12.0,42.0
886,44.325,2477.62742981,734.94833534,2,0,0.0,12.0,42.0
887,44.375,2480.73686097,734.83926762,2,0,0.0,12.0,42.0
888,44.425,2483.95983399,734.73614078,2,0,0.0,12.0,42.0
889,44.475,2487.28260044,734.62241047,2,0,0.0,12.0,42.0
890,44.525,2490.69661906,734.53490909,2,0,0.0,12.0,42.0
891,44.575,2494.1977373,734.48122197,2,0,0.0,12.0,42.0
892,44.625,2497.77333484,734.4261786,2,0,0.0,12.0,42.0
893,44.675,2501.42545525,734.36351045,2,0,0.0,12.0,42.0
894,44.725,2505.14927189,734.3320816,2,0,0.0,12.0,42.0
895,44.775,2508.93988729,734.31538624,2,0,0.0,12.0,42.0
896,44.825,2512.79256844,734.29881558,2,0,0.0,12.0,42.0
897,44.875,2516.70717689,734.27803129,2,0,0.0,12.0,42.0
898,44.925,2520.67505153,734.28030655,2,0,0.0,12.0,42.0
899,44.975,2524.69746679,734.28366488,2,0,0.0,12.0,42.0
900,45.025,2528.77378065,734.28757683,2,0,0.0,12.0,42.0
901,45.075,2532.89534444,734.31035555,2,0,0.0,12.0,42.0
902,45.125,2537.07201266,734.36008831,2,0,0.0,12.0,42.0
903,45.175,2541.30782959,734.39291837,2,0,0.0,12.0,42.0
904,45.225,2545.59471538,734.42342976,2,0,0.0,12.0,42.0
905,45.275,2549.92856474,734.45226278,2,0,0.0,12.0,42.0
906,45.325,2554.30745523,734.51635918,2,0,0.0,12.0,42.0
907,45.375,2558.7306628,734.5945344,2,0,0.0,12.0,42.0
908,45.425,2563.19520983,734.66710431,2,0,0.0,12.0,42.0
909,45.475,2567.69851304,734.71596198,2,0,0.0,12.0,42.0
910,45.525,2572.2394298,734.78846154,2,0,0.0,12.0,42.0
911,45.575,2576.82076185,734.86649414,2,0,0.0,12.0,42.0
912,45.625,2581.44814786,734.94412097,2,0,0.0,12.0,42.0
913,45.675,2586.12233051,735.04551138,2,0,0.0,12.0,42.0
914,45.725,2590.84080235,735.14034346,2,0,0.0,12.0,42.0
915,45.775,2595.59893561,735.24590969,2,0,0.0,12.0,42.0
916,45.825,2600.39271683,735.34190208,2,0,0.0,12.0,42.0
917,45.875,2605.21935508,735.43900878,2,0,0.0,12.0,42.0
918,45.925,2610.07940141,735.53752493,2,0,0.0,12.0,42.0
919,45.975,2614.97253129,735.66782395,2,0,0.0,12.0,42.0
920,46.025,2619.89489665,735.79367038,2,0,0.0,12.0,42.0
921,46.075,2624.85701428,735.91883315,2,0,0.0,12.0,42.0
922,46.125,2629.85914301,736.03525522,2,0,0.0,12.0,42.0
923,46.175,2634.90182901,736.14655311,2,0,0.0,12.0,42.0
924,46.225,2639.98090619,736.28158005,2,0,0.0,12.0,42.0
925,46.275,2645.0937531,736.42833343,2,0,0.0,12.0,42.0
926,46.325,2650.23421663,736.56803841,2,0,0.0,12.0,42.0
927,46.375,2655.40242015,736.70689113,2,0,0.0,12.0,42.0
928,46.425,2660.59789061,736.85147612,2,0,0.0,12.0,42.0
929,46.475,2665.82177875,737.01436486,2,0,0.0,12.0,42.0
930,46.525,2671.07834494,737.16278515,2,0,0.0,12.0,42.0
931,46.575,2676.37102581,737.31163965,2,0,0.0,12.0,42.0
932,46.625,2681.70030292,737.45871648,2,0,0.0,12.0,42.0
933,46.675,2687.06351901,737.60593863,2,0,0.0,12.0,42.0
934,46.725,2692.45893779,737.77239105,2,0,0.0,12.0,42.0
935,46.775,2697.88556111,737.94896492,2,0,0.0,12.0,42.0
936,46.825,2703.3416364,738.12844044,2,0,0.0,12.0,42.0
937,46.875,2708.82253539,738.29636232,2,0,0.0,12.0,42.0
938,46.925,2714.32906795,738.45719178,2,0,0.0,12.0,42.0
939,46.975,2719.85892722,738.62453724,2,0,0.0,12.0,42.0
940,47.025,2725.42523096,738.80042233,2,0,0.0,12.0,42.0
941,47.075,2731.02565905,738.97757371,2,0,0.0,12.0,42.0
942,47.125,2736.65723107,739.15305737,2,0,0.0,12.0,42.0
943,47.175,2742.31802519,739.33769922,2,0,0.0,12.0,42.0
944,47.225,2748.00792748,739.52165595,2,0,0.0,12.0,42.0
945,47.275,2753.72526444,739.71634201,2,0,0.0,12.0,42.0
946,47.325,2759.46763415,739.9050381,2,0,0.0,12.0,42.0
947,47.375,2765.2283209,740.09081255,2,0,0.0,12.0,42.0
948,47.425,2771.00768041,740.27719533,2,0,0.0,12.0,42.0
949,47.475,2776.81342426,740.46476477,2,0,0.0,12.0,42.0
950,47.525,2782.64803868,740.66207192,2,0,0.0,12.0,42.0
951,47.575,2788.51316336,740.8679496,2,0,0.0,12.0,42.0
952,47.625,2794.40925344,741.06800557,2,0,0.0,12.0,42.0
953,47.675,2800.3322248,741.26980313,2,0,0.0,12.0,42.0
954,47.725,2806.2807017,741.47326271,2,0,0.0,12.0,42.0
955,47.775,2812.25376587,741.67176136,2,0,0.0,12.0,42.0
956,47.825,2818.24965214,741.87839519,2,0,0.0,12.0,42.0
957,47.875,2824.26671545,742.08767757,2,0,0.0,12.0,42.0
958,47.925,2830.30742242,742.29115606,2,0,0.0,12.0,42.0
959,47.975,2836.37805294,742.50543409,2,0,0.0,12.0,42.0
960,48.025,2842.4765629,742.71848875,2,0,0.0,12.0,42.0
961,48.075,2848.60167502,742.93160915,2,0,0.0,12.0,42.0
962,48.125,2854.75417184,743.15122602,2,0,0.0,12.0,42.0
963,48.175,2860.92951744,743.3667633,2,0,0.0,12.0,42.0
964,48.225,2867.12727111,743.5859544,2,0,0.0,12.0,42.0
965,48.275,2873.34743508,743.79470439,2,0,0.0,12.0,42.0
966,48.325,2879.58613824,744.00868059,2,0,0.0,12.0,42.0
967,48.375,2885.84149379,744.23464139,2,0,0.0,12.0,42.0
968,48.425,2892.12226269,744.46140583,2,0,0.0,12.0,42.0
969,48.475,2898.43099759,744.69451995,2,0,0.0,12.0,42.0
970,48.525,2904.76841498,744.92734337,2,0,0.0,12.0,42.0
971,48.575,2911.13347636,745.15658718,2,0,0.0,12.0,42.0
972,48.625,2917.51963146,745.37462242,2,0,0.0,12.0,42.0
973,48.675,2923.92614071,745.58998446,2,0,0.0,12.0,42.0
974,48.725,2930.35383062,745.81714908,2,0,0.0,12.0,42.0
975,48.775,2936.80123414,746.06065478,2,0,0.0,12.0,42.0
976,48.825,2943.26276918,746.30197676,2,0,0.0,12.0,42.0
977,48.875,2949.74394381,746.54318602,2,0,0.0,12.0,42.0
978,48.925,2956.25123404,746.7843633,2,0,0.0,12.0,42.0
979,48.975,2962.78489884,747.01797144,2,0,0.0,12.0,42.0
980,49.025,2969.34540625,747.24106684,2,0,0.0,12.0,42.0
981,49.075,2975.93157642,747.47694655,2,0,0.0,12.0,42.0
982,49.125,2982.54088561,747.71909121,2,0,0.0,12.0,42.0
983,49.175,2989.17150717,747.96338661,2,0,0.0,12.0,42.0
984,49.225,2995.82272133,748.21035543,2,0,0.0,12.0,42.0
985,49.275,3002.49016034,748.45856792,2,0,0.0,12.0,42.0
986,49.325,3009.16727515,748.70181329,2,0,0.0,12.0,42.0
987,49.375,3015.86723383,748.93929611,2,0,0.0,12.0,42.0
988,49.425,3022.59145253,749.18535991,2,0,0.0,12.0,42.0
989,49.475,3029.34044735,749.43432689,2,0,0.0,12.0,42.0
990,49.525,3035.97630924,749.68044413,2,0,0.0,12.0,42.0
991,49.575,3042.2451272,749.92263813,2,0,0.0,12.0,42.0
992,49.625,3048.3133825,750.16227718,2,0,0.0,12.0,42.0
993,49.675,3054.23099493,750.39752397,2,0,0.0,12.25,44.0
994,49.725,3060.01975995,750.63134348,2,0,0.0,12.5,45.0
995,49.775,3065.69573932,750.87140886,2,0,0.0,12.5,45.0
996,49.825,3071.27664259,751.10844666,2,0,0.0,12.75,46.0
997,49.875,3076.78230357,751.35008169,2,0,0.0,13.0,47.0
998,49.925,3082.2175848,751.58487481,2,0,0.0,13.0,47.0
999,49.975,3087.58642398,751.81707884,2,0,0.0,13.0,47.0
1000,50.025,3092.89392419,752.0468375,2,0,0.0,13.0,47.0
1001,50.075,3098.14282487,752.27792485,2,0,0.0,13.0,47.0
1002,50.125,3103.33376545,752.5090786,2,0,0.0,13.0,47.0
1003,50.175,3108.46503152,752.74516642,2,0,0.0,13.25,48.0
1004,50.225,3113.54162065,752.98033227,2,0,0.0,13.5,48.0
1005,50.275,3118.55552017,753.21901882,2,0,0.0,13.5,48.0
1006,50.325,3123.52643535,753.45503686,2,0,0.0,13.75,48.0
1007,50.375,3128.45729433,753.68495859,2,0,0.0,14.0,49.0
1008,50.425,3133.35079254,753.91726506,2,0,0.0,14.0,49.0
1009,50.475,3138.20894476,754.14984543,2,0,0.0,14.25,49.0
1010,50.525,3143.02869974,754.38108925,2,0,0.0,14.25,49.0
1011,50.575,3147.81099144,754.60928509,2,0,0.0,14.5,50.0
1012,50.625,3150.97964447,761.9784296,2,0,0.0,18.5,61.0
1013,50.675,3151.19838473,766.96621087,2,0,0.0,23.5,67.0
1014,50.725,3151.86158981,770.79712278,2,0,0.0,29.0,67.0
1015,50.775,3152.45232933,773.88898534,2,0,0.0,33.5,69.0
1016,50.825,3152.78027796,775.51745318,2,0,0.0,38.25,73.0
1017,50.875,3153.36486054,776.12810231,2,0,0.0,41.75,74.0
1018,50.925,3154.29943005,777.55109628,2,0,0.0,47.25,74.0
1019,50.975,3154.95937768,779.09462081,2,0,0.0,50.75,76.0
1020,51.025,3155.67598408,780.48211673,2,0,0.0,54.25,78.0
1021,51.075,3156.55513034,781.79900173,2,0,0.0,60.0,79.0
1022,51.125,3157.3063514,783.03642662,2,0,0.0,63.75,81.0
1023,51.175,3158.11221076,784.28123621,2,0,0.0,68.0,83.0
1024,51.225,3158.86348634,785.61555673,2,0,0.0,71.5,83.0
1025,51.275,3159.65126124,786.92722519,2,0,0.0,75.0,85.0
1026,51.325,3160.45375727,788.17045464,2,0,0.0,78.75,87.0
1027,51.375,3161.29366088,789.39966209,2,0,0.0,82.0,91.0
1028,51.425,3162.05632646,790.55603175,2,0,0.0,88.25,90.0
1029,51.475,3162.75056297,791.68927677,2,0,0.0,91.75,90.0
1030,51.525,3163.53873158,792.79493933,2,0,0.0,95.5,92.0
1031,51.575,3164.3264868,793.85631821,2,0,0.0,98.25,92.0
1032,51.625,3165.10187327,794.91198059,2,0,0.0,101.0,94.0
1033,51.675,3165.88572673,796.00398662,2,0,0.0,104.25,94.0
1034,51.725,3166.62432777,797.10383262,2,0,0.0,107.5,96.0
1035,51.775,3167.42157451,798.18026389,2,0,0.0,108.75,96.0
1036,51.825,3168.23752076,799.23428632,2,0,0.0,111.5,98.0
1037,51.875,3169.03834566,800.25763904,2,0,0.0,116.5,102.0
1038,51.925,3169.82894587,801.28711017,2,0,0.0,118.5,104.0
1039,51.975,3170.58366792,802.29895888,2,0,0.0,121.5,104.0
1040,52.025,3171.32986448,803.28404084,2,0,0.0,123.5,104.0
1041,52.075,3172.12533936,804.25742704,2,0,0.0,126.5,106.0
1042,52.125,3172.95566268,805.2139681,2,0,0.0,128.25,106.0
1043,52.175,3173.73232364,806.14719084,2,0,0.0,130.5,108.0
1044,52.225,3174.48431348,807.06054358,2,0,0.0,133.0,108.0
1045,52.275,3175.25217022,808.03582212,2,0,0.0,134.0,108.0
1046,52.325,3176.01574454,809.00571524,2,0,0.0,135.75,110.0
1047,52.375,3176.79011185,809.96387614,2,0,0.0,138.5,113.0
1048,52.425,3177.5801321,810.91260863,2,0,0.0,140.5,113.0
1049,52.475,3178.40622185,811.85771769,2,0,0.0,143.5,115.0
1050,52.525,3179.22574448,812.77723346,2,0,0.0,146.0,115.0
1051,52.575,3180.02912953,813.68246669,2,0,0.0,147.5,116.0
1052,52.625,3180.81647078,814.58481398,2,0,0.0,149.25,117.0
1053,52.675,3181.62487559,815.46759122,2,0,0.0,150.75,117.0
1054,52.725,3182.4545197,816.35016946,2,0,0.0,153.25,119.0
1055,52.775,3183.26942905,817.27498595,2,0,0.0,154.75,119.0
1056,52.825,3184.074156,818.19438508,2,0,0.0,156.25,119.0
1057,52.875,3184.86807391,819.11024029,2,0,0.0,158.25,123.0
1058,52.925,3185.63281741,820.01442893,2,0,0.0,160.0,124.0
1059,52.975,3186.40013271,820.93815876,2,0,0.0,162.25,124.0
1060,53.025,3187.20064657,821.85239424,2,0,0.0,163.75,124.0
1061,53.075,3188.04107463,822.76030345,2,0,0.0,166.75,126.0
1062,53.125,3188.88880448,823.65959872,2,0,0.0,167.75,126.0
1063,53.175,3189.7401011,824.54559583,2,0,0.0,168.5,126.0
1064,53.225,3190.6050556,825.43265981,2,0,0.0,171.0,128.0
1065,53.275,3191.49032075,826.31445747,2,0,0.0,172.0,128.0
1066,53.325,3192.37703287,827.1937489,2,0,0.0,172.5,128.0
1067,53.375,3193.28181455,828.05896422,2,0,0.0,174.5,130.0
1068,53.425,3194.22389252,828.92378357,2,0,0.0,177.75,132.0
1069,53.475,3195.19802279,829.78130223,2,0,0.0,179.5,132.0
1070,53.525,3196.20028096,830.63779693,2,0,0.0,180.5,132.0
1071,53.575,3197.22577989,831.48379025,2,0,0.0,182.75,134.0
1072,53.625,3198.25487965,832.32053835,2,0,0.0,184.0,134.0
1073,53.675,3199.30239742,833.15251341,2,0,0.0,185.0,134.0
1074,53.725,3200.38264785,833.98155065,2,0,0.0,186.25,134.0
1075,53.775,3201.4890251,834.80624222,2,0,0.0,187.25,136.0
1076,53.825,3202.61215077,835.62046748,2,0,0.0,189.0,137.0
1077,53.875,3203.75240917,836.43230278,2,0,0.0,191.5,138.0
1078,53.925,3204.92280295,837.24154225,2,0,0.0,192.75,138.0
1079,53.975,3206.12764419,838.05212276,2,0,0.0,195.5,140.0
1080,54.025,3207.34550426,838.86284899,2,0,0.0,197.0,140.0
1081,54.075,3208.56611145,839.66172357,2,0,0.0,197.75,140.0
1082,54.125,3209.81842673,840.45941767,2,0,0.0,199.25,140.0
1083,54.175,3211.10958586,841.25467627,2,0,0.0,200.25,142.0
1084,54.225,3212.44757889,842.04124273,2,0,0.0,201.25,142.0
1085,54.275,3213.81717266,842.82328955,2,0,0.0,202.75,142.0
1086,54.325,3215.2031357,843.60208707,2,0,0.0,203.25,142.0
1087,54.375,3216.60046197,844.38109581,2,0,0.0,204.5,146.0
1088,54.425,3218.02169986,845.15602467,2,0,0.0,205.75,146.0
1089,54.475,3219.48563654,845.92702344,2,0,0.0,208.75,146.0
1090,54.525,3220.97728202,846.69434602,2,0,0.0,209.0,146.0
1091,54.575,3222.49093863,847.45766789,2,0,0.0,209.75,146.0
1092,54.625,3224.02815778,848.21686621,2,0,0.0,212.75,148.0
1093,54.675,3225.60028677,848.97651047,2,0,0.0,213.25,148.0
1094,54.725,3227.20747649,849.73063693,2,0,0.0,214.5,148.0
1095,54.775,3228.85185113,850.48104269,2,0,0.0,215.25,148.0
1096,54.825,3230.54110739,851.23357029,2,0,0.0,217.0,151.0
1097,54.875,3232.26174619,851.98203065,2,0,0.0,218.25,152.0
1098,54.925,3234.01722867,852.72826139,2,0,0.0,220.0,152.0
1099,54.975,3235.8073206,853.47163603,2,0,0.0,221.0,152.0
1100,55.025,3237.63059485,854.20945715,2,0,0.0,221.5,152.0
1101,55.075,3239.48133811,854.94925291,2,0,0.0,223.25,154.0
1102,55.125,3241.34656275,855.68657387,2,0,0.0,224.75,154.0
1103,55.175,3243.24044238,856.41581476,2,0,0.0,225.0,154.0
1104,55.225,3245.19405965,857.14473811,2,0,0.0,225.75,154.0
1105,55.275,3247.20070836,857.87536133,2,0,0.0,227.5,154.0
1106,55.325,3249.2489201,858.60243418,2,0,0.0,228.75,156.0
1107,55.375,3251.32581528,859.32422939,2,0,0.0,230.5,158.0
1108,55.425,3253.43198287,860.04255537,2,0,0.0,232.0,158.0
1109,55.475,3255.58263075,860.76127431,2,0,0.0,233.25,158.0
1110,55.525,3257.78348774,861.48479874,2,0,0.0,233.5,158.0
1111,55.575,3260.02900267,862.20490738,2,0,0.0,235.5,160.0
1112,55.625,3262.32335757,862.91404458,2,0,0.0,236.0,160.0
1113,55.675,3264.66060437,863.62402537,2,0,0.0,237.25,160.0
1114,55.725,3267.0436917,864.3343024,2,0,0.0,237.75,160.0
1115,55.775,3269.47416878,865.04300449,2,0,0.0,238.75,160.0
1116,55.825,3271.95302264,865.75172794,2,0,0.0,239.75,162.0
1117,55.875,3274.48810051,866.46500171,2,0,0.0,240.5,163.0
1118,55.925,3277.07764981,867.17873665,2,0,0.0,242.25,164.0
1119,55.975,3279.69429665,867.88412934,2,0,0.0,243.0,164.0
1120,56.025,3282.36215457,868.58882923,2,0,0.0,243.5,164.0
1121,56.075,3285.08786642,869.29020704,2,0,0.0,244.25,165.0
1122,56.125,3287.88026774,869.99247604,2,0,0.0,245.5,166.0
1123,56.175,3290.74310605,870.69814879,2,0,0.0,246.75,166.0
1124,56.225,3293.66849892,871.39882706,2,0,0.0,247.75,166.0
1125,56.275,3296.64235064,872.10167052,2,0,0.0,248.75,166.0
1126,56.325,3299.67096858,872.8047848,2,0,0.0,249.0,166.0
1127,56.375,3302.76883263,873.50732729,2,0,0.0,250.25,169.0
1128,56.425,3305.9447094,874.20699194,2,0,0.0,251.5,169.0
1129,56.475,3309.20146753,874.90504797,2,0,0.0,253.0,170.0
1130,56.525,3312.5339732,875.59924148,2,0,0.0,253.25,170.0
1131,56.575,3315.92964931,876.28968727,2,0,0.0,253.25,170.0
1132,56.625,3319.40444129,876.98829177,2,0,0.0,254.25,170.0
1133,56.675,3322.9588537,877.69577052,2,0,0.0,256.25,172.0
1134,56.725,3326.59464023,878.39945168,2,0,0.01066931,256.5,172.0
1135,56.775,3330.32148286,879.10375664,2,0,0.07498696,257.0,173.0
1136,56.825,3334.15719177,879.80889663,2,0,0.11878923,256.25,173.0
1137,56.875,3338.10161943,880.51392617,2,0,0.1780179,257.25,174.0
1138,56.925,3342.14505197,881.21279988,2,0,0.23237185,257.5,175.0
1139,56.975,3346.29861083,881.91187451,2,0,0.30894553,258.0,176.0
1140,57.025,3350.57846029,882.61534785,2,0,0.37948862,258.75,175.0
1141,57.075,3354.9895072,883.32789156,2,0,0.45156834,255.0,178.0
1142,57.125,3359.55366615,884.05265889,2,0,0.5539254,253.5,177.0
1143,57.175,3364.31057829,884.78251762,2,0,0.67441014,250.75,175.0
1144,57.225,3369.23755386,885.5092515,2,0,0.82161841,250.5,174.0
1145,57.275,3374.35128113,886.24246489,2,0,0.97470389,250.75,176.0
1146,57.325,3379.6879456,886.98378059,2,0,1.16372062,248.25,178.0
1147,57.375,3385.28349018,887.7352352,2,0,1.38508424,246.0,180.0
1148,57.425,3391.1700889,888.51473273,2,0,1.64743871,243.75,180.0
1149,57.475,3397.50115259,889.33173042,2,0,2.0437074,243.25,180.0
1150,57.525,3404.42383045,890.23075263,2,0,2.57282514,237.25,183.0
1151,57.575,3412.78320096,892.4085435,2,0,3.96234804,232.75,187.0
1152,57.625,3422.18585753,885.40796546,2,0,4.89802249,224.75,181.0
1153,57.675,3429.63361738,882.21898422,2,0,3.27244509,221.0,175.0
1154,57.725,3436.5278104,880.3724234,2,0,2.86428182,215.5,170.0
1155,57.775,3442.83389829,878.83112669,2,0,2.3663516,212.75,168.0
1156,57.825,3448.72137508,877.45854529,2,0,2.02665397,209.5,166.0
1157,57.875,3454.45544143,876.45801724,2,0,1.95091147,206.25,166.0
1158,57.925,3459.97945886,875.54775453,2,0,1.80372411,205.0,168.0
1159,57.975,3465.37919654,874.72175591,2,0,1.73503433,203.5,166.0
1160,58.025,3470.66157155,873.98988995,2,0,1.66544681,201.0,164.0
1161,58.075,3475.75529461,873.34731967,2,0,1.50819437,199.0,162.0
1162,58.125,3480.7906965,872.76486344,2,0,1.45798812,195.0,162.0
1163,58.175,3485.82079001,872.27192142,2,0,1.4679775,192.75,158.0
1164,58.225,3490.72414988,871.80292328,2,0,1.36866463,190.75,156.0
1165,58.275,3495.48095282,871.3753197,2,0,1.24727367,189.5,158.0
1166,58.325,3500.27234947,870.98294411,2,0,1.29725092,188.0,156.0
1167,58.375,3504.92703088,870.62206856,2,0,1.18281077,186.25,158.0
1168,58.425,3509.49943068,870.30939825,2,0,1.12895003,185.25,156.0
1169,58.475,3514.05206263,870.00321031,2,0,1.1262803,184.5,156.0
1170,58.525,3518.53017193,869.75576774,2,0,1.0773935,182.5,154.0
1171,58.575,3522.9725647,869.52219122,2,0,1.06644601,180.5,154.0
1172,58.625,3527.35663772,869.29096948,2,0,1.03143099,178.5,154.0
1173,58.675,3531.64911996,869.09348683,2,0,0.95998836,176.75,152.0
1174,58.725,3535.95973812,868.92107196,2,0,0.98039586,175.0,152.0
1175,58.775,3540.26257183,868.77394332,2,0,0.96572709,174.25,150.0
1176,58.825,3544.48476251,868.63482905,2,0,0.88414106,172.75,150.0
1177,58.875,3548.68384462,868.51781088,2,0,0.87738377,171.0,150.0
1178,58.925,3552.8888388,868.4092921,2,0,0.90070561,170.0,150.0
1179,58.975,3557.06433821,868.31796258,2,0,0.88344845,170.0,152.0
1180,59.025,3561.17705688,868.24192352,2,0,0.83115013,169.25,150.0
1181,59.075,3565.26862877,868.18307646,2,0,0.82010405,168.25,150.0
1182,59.125,3569.34388038,868.12965675,2,0,0.8104482,165.5,148.0
1183,59.175,3573.37292947,868.0958085,2,0,0.77144086,164.25,146.0
1184,59.225,3577.37801482,868.07869246,2,0,0.7535807,163.75,146.0
1185,59.275,3581.37672368,868.06901926,2,0,0.75923896,161.75,144.0
1186,59.325,3585.36465344,868.05619971,2,0,0.75326331,160.5,144.0
1187,59.375,3589.31058437,868.0657079,2,0,0.7147158,160.75,147.0
1188,59.425,3593.25456331,868.09183854,2,0,0.70633876,159.25,145.0
1189,59.475,3597.20034537,868.12684338,2,0,0.7087949,159.0,146.0
1190,59.525,3601.1167302,868.15870466,2,0,0.68792668,158.25,146.0
1191,59.575,3604.99325046,868.19713625,2,0,0.6558167,156.5,144.0
1192,59.625,3608.84990458,868.25319386,2,0,0.64260874,155.0,144.0
1193,59.675,3612.70083885,868.31998227,2,0,0.64834133,154.25,142.0
1194,59.725,3616.54688082,868.40023025,2,0,0.64817655,151.75,141.0
1195,59.775,3620.36919865,868.49014966,2,0,0.62494968,152.25,142.0
1196,59.825,3624.16646675,868.58737661,2,0,0.59535004,152.5,143.0
1197,59.875,3627.95695443,868.68775417,2,0,0.58570017,152.0,143.0
1198,59.925,3631.75015754,868.78884858,2,0,0.58670893,150.75,142.0
1199,59.975,3635.5430176,868.9083982,2,0,0.58249486,150.5,142.0
1200,60.025,3639.32429675,869.03809812,2,0,0.57433518,150.25,142.0
1201,60.075,3643.0921727,869.17516845,2,0,0.5641822,148.5,141.0
1202,60.125,3646.85323616,869.31489054,2,0,0.55687328,147.75,140.0
1203,60.175,3650.61090525,869.45486305,2,0,0.55389038,145.0,138.0
1204,60.225,3654.3603894,869.60033582,2,0,0.54614791,145.0,140.0
1205,60.275,3658.09629354,869.77021002,2,0,0.53169066,143.75,138.0
1206,60.325,3661.82138289,869.94875374,2,0,0.51773894,143.0,138.0
1207,60.375,3665.53961002,870.13110098,2,0,0.51080721,143.75,140.0
1208,60.425,3669.24481162,870.31157919,2,0,0.50663507,143.25,140.0
1209,60.475,3672.93888667,870.49720874,2,0,0.49764876,142.25,138.0
1210,60.525,3676.61418991,870.7018215,2,0,0.48204937,142.0,138.0
1211,60.575,3680.2839297,870.91617502,2,0,0.47314712,140.75,138.0
1212,60.625,3683.95082822,871.13430068,2,0,0.464846,140.25,139.0
1213,60.675,3687.62887963,871.35142119,2,0,0.46707945,138.0,136.0
1214,60.725,3691.32454324,871.57159153,2,0,0.46774115,138.5,136.0
1215,60.775,3695.03024853,871.80091249,2,0,0.46154842,138.0,136.0
1216,60.825,3698.72113847,872.05136608,2,0,0.44793689,137.25,136.0
1217,60.875,3702.39726173,872.31065942,2,0,0.43458995,136.5,136.0
1218,60.925,3706.07142061,872.57412318,2,0,0.43313239,136.5,136.0
1219,60.975,3709.74205659,872.83181952,2,0,0.43528411,135.75,136.0
1220,61.025,3713.40787534,873.09830927,2,0,0.42926459,135.75,136.0
1221,61.075,3717.07144464,873.38692062,2,0,0.41842281,133.75,137.0
1222,61.125,3720.72668879,873.67748716,2,0,0.40664888,132.75,136.0
1223,61.175,3724.35352763,877.5568805,2,0,0.39677676,131.75,134.0
1224,61.225,3727.66448996,883.22819376,2,0,0.38820019,131.5,134.0
1225,61.275,3730.78096126,886.75092926,2,0,0.38141833,132.0,134.0
1226,61.325,3733.77362777,889.57343885,2,0,0.37883729,129.75,133.0
1227,61.375,3736.65389163,892.0764049,2,0,0.37560339,130.5,134.0
1228,61.425,3739.44133624,894.3536084,2,0,0.37127081,130.0,134.0
1229,61.475,3742.13776687,896.39247821,2,0,0.37142638,129.25,134.0
1230,61.525,3744.74917913,898.39388526,2,0,0.3661395,129.0,134.0
1231,61.575,3747.28583008,900.22204251,2,0,0.36145033,128.25,135.0
1232,61.625,3749.76016571,902.01434394,2,0,0.35619822,128.0,134.0
1233,61.675,3752.17155831,903.70312665,2,0,0.3500558,127.0,132.0
1234,61.725,3754.53233376,905.33586021,2,0,0.34615498,125.75,132.0
1235,61.775,3756.8479962,906.99021199,2,0,0.35082469,125.25,132.0
1236,61.825,3759.11129549,908.52953921,2,0,0.34579716,124.0,131.0
1237,61.875,3761.31498606,910.06631995,2,0,0.33904837,124.5,131.0
1238,61.925,3763.47432974,911.58155269,2,0,0.33741548,125.25,131.0
1239,61.975,3765.59016785,913.05059057,2,0,0.33523562,125.0,132.0
1240,62.025,3767.66377777,914.52175853,2,0,0.33068061,123.75,132.0
1241,62.075,3769.67703799,915.98689305,2,0,0.31412251,122.75,132.0
1242,62.125,3771.64460707,917.37925335,2,0,0.30541663,122.25,131.0
1243,62.175,3773.58649331,918.80431749,2,0,0.30973861,122.0,130.0
1244,62.225,3775.50525899,920.23834641,2,0,0.30929994,121.5,130.0
1245,62.275,3777.39653239,921.61815859,2,0,0.30852872,122.25,130.0
1246,62.325,3779.26656195,922.97938044,2,0,0.30718914,120.5,130.0
1247,62.375,3781.1134183,924.38348076,2,0,0.30483786,120.0,129.0
1248,62.425,3782.92075926,925.79263191,2,0,0.29524817,121.0,130.0
1249,62.475,3784.68067977,927.14819763,2,0,0.28283117,120.25,130.0
1250,62.525,3786.41597714,928.51801528,2,0,0.28316182,119.75,130.0
1251,62.575,3788.13381842,929.927969,2,0,0.28567969,119.0,130.0
1252,62.625,3789.83378895,931.33609875,2,0,0.28325341,118.25,130.0
1253,62.675,3791.51517222,932.69070374,2,0,0.27957146,117.25,126.0
1254,62.725,3793.18306138,934.0907218,2,0,0.27547346,117.25,127.0
1255,62.775,3794.84580889,935.50404557,2,0,0.27304384,116.75,127.0
1256,62.825,3796.49327372,936.91790923,2,0,0.26788797,116.75,129.0
1257,62.875,3798.12433558,938.33146504,2,0,0.2645339,117.0,130.0
1258,62.925,3799.7410141,939.76648254,2,0,0.26332007,117.5,130.0
1259,62.975,3801.34910743,941.2100821,2,0,0.26362191,115.25,128.0
1260,63.025,3802.94079401,942.69488203,2,0,0.25917802,116.0,128.0
1261,63.075,3804.51894584,944.20488781,2,0,0.25333111,115.5,128.0
1262,63.125,3806.08818472,945.68821731,2,0,0.24477909,116.0,128.0
1263,63.175,3807.64806965,947.23661664,2,0,0.25493653,113.25,126.0
1264,63.225,3809.21017288,948.81257701,2,0,0.25246391,111.5,124.0
1265,63.275,3810.78319357,950.39447147,2,0,0.25900793,111.0,123.0
1266,63.325,3812.55610521,944.91474051,2,0,0.26465853,111.0,122.0
1267,63.375,3814.62021367,942.82411922,2,0,0.26535298,111.0,121.0
1268,63.425,3816.85589312,941.77223812,2,0,0.26727522,110.75,122.0
1269,63.475,3819.2243633,941.1976634,2,0,0.26102902,110.25,122.0
1270,63.525,3821.70495252,941.1255427,2,0,0.24998573,108.75,120.0
1271,63.575,3824.30043961,941.22866796,2,0,0.24767456,106.75,114.0
1272,63.625,3827.00390051,941.60922825,2,0,0.24871138,105.75,112.0
1273,63.675,3829.81517997,942.17882999,2,0,0.25105078,104.5,108.0
1274,63.725,3832.73550424,943.08032446,2,0,0.25322717,103.5,106.0
1275,63.775,3835.77171969,944.15224576,2,0,0.25304424,102.5,104.0
1276,63.825,3838.93206771,945.60435911,2,0,0.25851602,101.5,100.0
1277,63.875,3842.23300369,947.49345341,2,0,0.26419323,100.0,98.0
1278,63.925,3845.70236787,950.11408757,2,0,0.27605959,98.0,94.0
1279,63.975,3849.39375021,954.84903955,2,0,0.31722883,95.75,88.0
1280,64.025,3853.45831742,959.61676353,2,0,0.40878199,92.75,81.0
1281,64.075,3857.58823542,958.83973471,2,0,0.2012035,91.75,81.0
1282,64.125,3861.71399376,958.06613916,2,0,0.19746066,91.5,81.0
1283,64.175,3865.83620025,957.27766142,2,0,0.19321984,90.5,79.0
1284,64.225,3869.94592952,956.55615846,2,0,0.18370967,89.75,79.0
1285,64.275,3874.0410877,955.85947055,2,0,0.18256423,89.25,79.0
1286,64.325,3878.12894372,955.15873097,2,0,0.18397646,88.0,77.0
1287,64.375,3882.20820842,954.47870349,2,0,0.1838196,87.75,77.0
1288,64.425,3886.28198814,953.83536532,2,0,0.18437699,87.25,77.0
1289,64.475,3890.35494887,953.18177307,2,0,0.18575902,87.0,77.0
1290,64.525,3894.42462498,952.53095248,2,0,0.18387365,86.5,77.0
1291,64.575,3898.47893219,951.92146234,2,0,0.17727967,85.75,77.0
1292,64.625,3902.51510743,951.33422047,2,0,0.1711917,84.25,77.0
1293,64.675,3906.54029923,950.74777135,2,0,0.17051506,82.5,75.0
1294,64.725,3910.54708247,950.14973214,2,0,0.16783883,82.0,73.0
1295,64.775,3914.53778472,949.57793415,2,0,0.16846429,81.5,73.0
1296,64.825,3918.50895134,949.02575074,2,0,0.16913458,81.5,73.0
1297,64.875,3922.460655,948.4696311,2,0,0.16988302,80.75,73.0
1298,64.925,3926.3914512,947.91291027,2,0,0.16644309,80.5,73.0
1299,64.975,3930.3027221,947.37526264,2,0,0.15923258,79.5,73.0
1300,65.025,3934.20248458,946.86040463,2,0,0.15824143,79.0,73.0
1301,65.075,3938.09396605,946.33210571,2,0,0.15610609,77.5,72.0
1302,65.125,3941.97113625,945.80586683,2,0,0.15162517,76.5,71.0
1303,65.175,3945.8302255,945.27546593,2,0,0.15131879,75.25,69.0
1304,65.225,3949.66600953,944.7797372,2,0,0.15134727,75.0,69.0
1305,65.275,3953.47945415,944.29166462,2,0,0.1499791,75.0,69.0
1306,65.325,3957.26710672,943.80713764,2,0,0.14580372,74.75,69.0
1307,65.375,3961.02766914,943.31432574,2,0,0.14228441,74.5,69.0
1308,65.425,3964.77051343,942.8122353,2,0,0.14373631,73.25,69.0
1309,65.475,3968.49465903,942.34083146,2,0,0.14398702,72.5,69.0
1310,65.525,3972.19485449,941.86908467,2,0,0.1407902,70.75,67.0
1311,65.575,3975.87596603,941.3958109,2,0,0.14086671,70.75,67.0
1312,65.625,3979.53597272,940.92563165,2,0,0.13930297,70.0,67.0
1313,65.675,3983.1741663,940.45342597,2,0,0.13700994,69.5,65.0
1314,65.725,3986.78578357,940.00006557,2,0,0.13084794,69.5,65.0
1315,65.775,3990.36985191,939.54384706,2,0,0.13088608,68.75,65.0
1316,65.825,3993.93242891,939.08975406,2,0,0.13449261,68.75,65.0
1317,65.875,3997.46926654,938.63845715,2,0,0.13399439,67.75,65.0
1318,65.925,4000.97688506,938.18706106,2,0,0.1292281,67.0,65.0
1319,65.975,4004.45827143,937.75169193,2,0,0.12677012,66.0,63.0
1320,66.025,4007.91827435,937.32248366,2,0,0.1267797,66.0,63.0
1321,66.075,4011.35354493,936.8845449,2,0,0.12329876,65.75,63.0
1322,66.125,4014.75869219,936.43822841,2,0,0.11712997,64.5,63.0
1323,66.175,4018.14113635,935.99427762,2,0,0.1189918,63.5,61.0
1324,66.225,4021.49841549,935.55002633,2,0,0.12109019,63.0,61.0
1325,66.275,4024.82822491,935.12800311,2,0,0.12246993,62.5,61.0
1326,66.325,4028.12593511,934.7089195,2,0,0.12044592,62.25,61.0
1327,66.375,4031.39083341,934.29149642,2,0,0.11769148,61.25,61.0
1328,66.425,4034.62796956,933.87344479,2,0,0.11556454,60.25,59.0
1329,66.475,4037.83609303,933.44561632,2,0,0.10973624,60.25,59.0
1330,66.525,4041.01402224,933.02063828,2,0,0.10319871,60.0,59.0
1331,66.575,4044.16464435,932.61118849,2,0,0.10525322,59.0,59.0
1332,66.625,4047.29140272,932.19859738,2,0,0.10768123,58.5,59.0
1333,66.675,4050.38991397,931.78453875,2,0,0.10983989,58.0,57.0
1334,66.725,4053.45888369,931.37369647,2,0,0.10993236,57.0,57.0
1335,66.775,4056.49404981,930.96178851,2,0,0.10490921,56.5,57.0
1336,66.825,4059.49548395,930.53985881,2,0,0.10225737,56.0,57.0
1337,66.875,4062.46702949,930.13431995,2,0,0.10041191,55.75,57.0
1338,66.925,4065.40530566,929.73125496,2,0,0.09401781,55.0,55.0
1339,66.975,4068.31842575,929.33163551,2,0,0.09766617,54.5,55.0
1340,67.025,4071.20199951,928.93275505,2,0,0.10078987,54.0,55.0
1341,67.075,4074.05178023,928.53252552,2,0,0.10223976,54.0,55.0
1342,67.125,4076.87232227,928.12487226,2,0,0.10183543,53.0,55.0
1343,67.175,4079.65443472,927.72831667,2,0,0.09846248,51.75,53.0
1344,67.225,4082.39494475,927.32792367,2,0,0.09524707,51.5,53.0
1345,67.275,4085.09688428,926.92983418,2,0,0.09040245,51.0,53.0
1346,67.325,4087.75517561,926.52958983,2,0,0.08334479,50.75,53.0
1347,67.375,4090.38038809,926.1255667,2,0,0.08462807,49.75,52.0
1348,67.425,4092.97592361,925.72316706,2,0,0.08545181,49.25,51.0
1349,67.475,4095.54148155,925.32377245,2,0,0.08532461,48.25,51.0
1350,67.525,4098.07832983,924.94412541,2,0,0.08495782,48.0,51.0
1351,67.575,4100.57873279,924.56551887,2,0,0.08412957,47.5,51.0
1352,67.625,4103.04173332,924.17348151,2,0,0.08302566,47.25,51.0
1353,67.675,4105.46425841,923.77818777,2,0,0.08200859,46.5,49.0
1354,67.725,4107.84010974,923.37961684,2,0,0.07700387,46.5,49.0
1355,67.775,4110.17657113,922.9797692,2,0,0.07954891,45.5,49.0
1356,67.825,4112.4723699,922.58624911,2,0,0.08066508,45.25,49.0
1357,67.875,4114.72923009,922.2043823,2,0,0.08120613,44.5,49.0
1358,67.925,4116.94736024,921.81931752,2,0,0.08162094,44.25,49.0
1359,67.975,4119.1226179,921.43260408,2,0,0.07932599,43.75,49.0
1360,68.025,4121.25604069,921.04068705,2,0,0.07896531,42.75,47.0
1361,68.075,4123.34986415,920.64903182,2,0,0.07763635,42.0,47.0
1362,68.125,4125.40125637,920.25825461,2,0,0.07089786,41.25,47.0
1363,68.175,4127.41274572,919.86751915,2,0,0.07003378,40.25,45.0
1364,68.225,4129.38388223,919.48765579,2,0,0.07354185,39.5,45.0
1365,68.275,4131.31044533,919.10421401,2,0,0.07563942,39.5,45.0
1366,68.325,4133.1849769,918.71859776,2,0,0.06991267,39.0,45.0
1367,68.375,4135.01252662,918.3362595,2,0,0.06594987,38.25,45.0
1368,68.425,4136.79976495,917.94935294,2,0,0.0689849,37.75,44.0
1369,68.475,4138.54067671,917.5524886,2,0,0.07096885,37.75,44.0
1370,68.525,4140.23080931,917.15355558,2,0,0.06756358,37.5,44.0
1371,68.575,4141.87122158,916.76881316,2,0,0.06439552,37.0,43.0
1372,68.625,4143.46293999,916.3879941,2,0,0.0647043,36.0,43.0
1373,68.675,4145.00081831,916.00824537,2,0,0.06322322,35.0,41.0
1374,68.725,4146.48103636,915.62912416,2,0,0.05811276,35.0,41.0
1375,68.775,4147.91050037,915.24823826,2,0,0.05853379,35.0,41.0
1376,68.825,4149.2919257,914.86254583,2,0,0.06146233,34.5,41.0
1377,68.875,4150.62112442,914.46908759,2,0,0.06180605,34.0,41.0
1378,68.925,4151.89115414,914.07779811,2,0,0.06023564,34.0,41.0
1379,68.975,4153.09335828,913.69433197,2,0,0.05391026,33.75,41.0
1380,69.025,4154.23421718,913.30833578,2,0,0.05248252,33.0,41.0
1381,69.075,4155.31874277,912.91913045,2,0,0.05452805,32.25,40.0
1382,69.125,4156.34364146,912.52887854,2,0,0.06013633,31.75,40.0
1383,69.175,4157.30631035,912.14219238,2,0,0.06252164,29.5,37.0
1384,69.225,4158.20299506,911.7556465,2,0,0.06213709,29.5,37.0
1385,69.275,4159.02843438,911.37126407,2,0,0.06013552,29.25,37.0
1386,69.325,4159.78425829,910.98030234,2,0,0.05692563,28.75,37.0
1387,69.375,4160.45907711,910.59320041,2,0,0.04622116,28.75,37.0
1388,69.425,4161.05134579,910.20293697,2,0,0.04061715,28.25,37.0
1389,69.475,4161.56978107,909.81335681,2,0,0.04478826,28.0,37.0
1390,69.525,4162.01216059,909.42314549,2,0,0.04827826,27.75,37.0
1391,69.575,4162.37243322,909.02909748,2,0,0.05142735,27.0,37.0
1392,69.625,4162.64488126,908.6301258,2,0,0.05455637,26.0,36.0
1393,69.675,4162.81976769,908.2308381,2,0,0.05747933,24.5,34.0
1394,69.725,4162.88743881,907.83871732,2,0,0.05686177,24.5,34.0
1395,69.775,4162.8336457,907.4462599,2,0,0.05075296,24.25,33.0
1396,69.825,4162.64351766,907.05434654,2,0,0.0393372,24.25,33.0
1397,69.875,4162.31136216,906.65759556,2,0,0.03825182,24.25,33.0
1398,69.925,4161.81535822,906.25637688,2,0,0.0426094,23.75,33.0
1399,69.975,4161.10451548,905.84998923,2,0,0.0468701,23.75,33.0
1400,70.025,4160.00413974,905.43878174,2,0,0.04893216,23.0,33.0
1401,70.075,4158.75684459,905.02689296,2,0,0.04931033,22.25,33.0
1402,70.125,4157.50833529,904.61506461,2,0,0.0480128,21.25,31.0
1403,70.175,4156.25468237,904.20778935,2,0,0.04618269,21.0,30.0
1404,70.225,4154.99094311,903.79455972,2,0,0.04139454,20.75,30.0
1405,70.275,4153.71223158,903.38330641,2,0,0.03156757,20.0,30.0
1406,70.325,4152.43205922,902.97575544,2,0,0.02991581,19.75,30.0
1407,70.375,4151.14782638,902.57085105,2,0,0.0323008,19.5,29.0
1408,70.425,4149.86089508,902.16460785,2,0,0.03472695,19.5,29.0
1409,70.475,4148.57452578,901.75659364,2,0,0.0371531,19.0,29.0
1410,70.525,4147.29223799,901.34647971,2,0,0.03957925,18.75,29.0
1411,70.575,4146.00986682,900.94491761,2,0,0.03988772,18.25,29.0
1412,70.625,4144.72518283,900.54506694,2,0,0.03751746,18.0,29.0
1413,70.675,4143.43763038,900.13676606,2,0,0.0364015,17.25,27.0
1414,70.725,4142.13897483,899.72326759,2,0,0.03084844,17.0,27.0
1415,70.775,4140.84025014,899.30918021,2,0,0.03479641,17.0,27.0
1416,70.825,4139.5404332,898.89737211,2,0,0.03868082,16.5,27.0
1417,70.875,4138.23830594,898.48929522,2,0,0.04009006,16.25,27.0
1418,70.925,4136.93462109,898.08305174,2,0,0.03850267,15.25,27.0
1419,70.975,4135.62802832,897.67966366,2,0,0.03616612,15.25,27.0
1420,71.025,4134.32067475,897.28188459,2,0,0.0321006,14.5,26.0
1421,71.075,4133.0121975,896.88276347,2,0,0.03137259,13.75,26.0
1422,71.125,4131.69727096,896.48282754,2,0,0.02732725,13.25,24.0
1423,71.175,4130.37388666,896.07617907,2,0,0.01322845,12.75,23.0
1424,71.225,4129.04462453,895.66664546,2,0,0.02308845,12.5,23.0
1425,71.275,4127.71700122,895.25483946,2,0,0.02555461,12.0,23.0
1426,71.325,4126.38854682,894.84175761,2,0,0.0291144,12.0,23.0
1427,71.375,4125.05857709,894.43039967,2,0,0.03268398,12.0,23.0
1428,71.425,4123.72816851,894.02662634,2,0,0.03533354,12.0,23.0
1429,71.475,4122.39548756,893.62929837,2,0,0.0359933,11.25,23.0
1430,71.525,4121.05983979,893.23459672,2,0,0.03485417,10.75,23.0
1431,71.575,4119.7153316,892.83797347,2,0,0.02974036,9.25,21.0
1432,71.625,4118.35452805,892.43938335,2,0,0.0,9.25,21.0
1433,71.675,4116.9958576,892.03190719,2,0,0.01036554,8.75,20.0
1434,71.725,4115.63787731,891.62429174,2,0,0.02296531,8.75,20.0
1435,71.775,4114.27855731,891.21522823,2,0,0.02557323,8.5,19.0
1436,71.825,4112.91844022,890.8045776,2,0,0.02737554,8.0,19.0
1437,71.875,4111.5581331,890.39744855,2,0,0.02853163,7.25,19.0
1438,71.925,4110.19622377,889.99489867,2,0,0.02928607,6.75,19.0
1439,71.975,4108.8327586,889.59620416,2,0,0.02878769,6.75,19.0
1440,72.025,4107.463567,889.19910384,2,0,0.02466803,5.25,17.0
1441,72.075,4106.08314778,888.80543133,2,0,0.0,5.25,17.0
1442,72.125,4104.69925389,888.4066678,2,0,0.0,5.25,17.0
1443,72.175,4103.31398522,888.00322653,2,0,0.0,5.5,17.0
1444,72.225,4101.92498938,887.59617762,2,0,0.0230769,5.25,17.0
1445,72.275,4100.53355664,887.18836015,2,0,0.02604433,5.0,17.0
1446,72.325,4099.13654276,886.7832917,2,0,0.02787756,4.75,16.0
1447,72.375,4097.73296099,886.38122884,2,0,0.0284041,4.5,15.0
1448,72.425,4096.32833212,885.97767027,2,0,0.02871168,4.0,14.0
1449,72.475,4094.9252097,885.57477339,2,0,0.02562575,1.75,7.0
1450,72.525,4093.51020042,885.17564093,2,0,0.0,1.75,7.0
1451,72.575,4092.09208454,884.77860246,2,0,0.0,1.75,7.0
1452,72.625,4090.67829427,884.38089251,2,0,0.0,1.75,7.0
1453,72.675,4089.26490299,883.97999162,2,0,0.0,1.75,7.0
1454,72.725,4087.84753155,883.57759877,2,0,0.0,1.75,7.0
1455,72.775,4086.42610315,883.17158075,2,0,0.01002575,1.5,6.0
1456,72.825,4085.00095606,882.77135768,2,0,0.01091992,1.5,6.0
1457,72.875,4083.56971985,882.37209562,2,0,0.0113016,1.25,6.0
1458,72.925,4082.13249003,881.9702621,2,0,0.01027774,0.0,0.0
1459,72.975,4080.68867369,881.56707037,2,0,0.0,0.0,0.0
1460,73.025,4079.23717367,881.16354377,2,0,0.0,0.0,0.0
1461,73.075,4077.78866687,880.76189464,2,0,0.0,0.0,0.0
1462,73.125,4076.3445293,880.3603734,2,0,0.0,0.0,0.0
1463,73.175,4074.90194666,879.95837553,2,0,0.0,0.0,0.0
1464,73.225,4073.45915186,879.55823572,2,0,0.0,0.0,0.0
1465,73.275,4072.01070028,879.15903089,2,0,0.0,0.0,0.0
1466,73.325,4070.55459019,878.76061992,2,0,0.0,0.0,0.0
1467,73.375,4069.09380648,878.35909592,2,0,0.0,0.0,0.0
1468,73.425,4067.62597721,877.95981823,2,0,0.0,0.0,0.0
1469,73.475,4066.15028271,877.55861457,2,0,0.0,0.0,0.0
1470,73.525,4064.6734571,877.15581445,2,0,0.0,0.0,0.0
1471,73.575,4063.19858013,876.75083279,2,0,0.0,0.0,0.0
1472,73.625,4061.72434737,876.34580507,2,0,0.0,0.0,0.0
1473,73.675,4060.25026331,875.93903675,2,0,0.0,0.0,0.0
1474,73.725,4058.7767059,875.53408404,2,0,0.0,0.0,0.0
1475,73.775,4057.29831002,875.13916638,2,0,0.0,0.0,0.0
1476,73.825,4055.80860371,874.74260947,2,0,0.0,0.0,0.0
1477,73.875,4054.31164445,874.34441047,2,0,0.0,0.0,0.0
1478,73.925,4052.80415574,873.94234722,2,0,0.0,0.0,0.0
1479,73.975,4051.28875284,873.54228473,2,0,0.0,0.0,0.0
1480,74.025,4049.76925552,873.14182314,2,0,0.0,0.0,0.0
1481,74.075,4048.24895933,872.74013124,2,0,0.0,0.0,0.0
1482,74.125,4046.72611718,872.33614472,2,0,0.0,0.0,0.0
1483,74.175,4045.20033271,871.92762254,2,0,0.0,0.0,0.0
1484,74.225,4043.67564966,871.52131119,2,0,0.0,0.0,0.0
1485,74.275,4042.14703773,871.12235202,2,0,0.0,0.0,0.0
1486,74.325,4040.61162255,870.7285144,2,0,0.0,0.0,0.0
1487,74.375,4039.07348554,870.33143317,2,0,0.0,0.0,0.0
1488,74.425,4037.52826977,869.93300516,2,0,0.0,0.0,0.0
1489,74.475,4035.98256871,869.5313596,2,0,0.0,0.0,0.0
1490,74.525,4034.43648417,869.12907309,2,0,0.0,0.0,0.0
1491,74.575,4032.88960931,868.72686531,2,0,0.0,0.0,0.0
1492,74.625,4031.2573369,863.06843993,1,0,0.0,0.0,0.0
1493,74.675,4029.33054138,858.49179355,1,0,0.0,0.0,0.0
1494,74.725,4027.24040704,855.38124025,1,0,0.0,0.0,0.0
1495,74.775,4025.01652333,852.76835987,1,0,0.0,0.0,0.0
1496,74.825,4022.68518348,850.38050263,1,0,0.0,0.0,0.0
1497,74.875,4020.25948015,848.29891886,1,0,0.0,0.0,0.0
1498,74.925,4017.75318206,846.29266642,1,0,0.0,0.0,0.0
1499,74.975,4015.17907192,844.46840049,1,0,0.0,0.0,0.0
1500,75.025,4012.53936924,842.65243754,1,0,0.0,0.0,0.0
1501,75.075,4009.83680811,841.01569467,1,0,0.0,0.0,0.0
1502,75.125,4007.07294273,839.38063378,1,0,0.0,0.0,0.0
1503,75.175,4004.24966688,837.81128803,1,0,0.0,0.0,0.0
1504,75.225,4001.36996902,836.31487214,1,0,0.0,0.0,0.0
1505,75.275,3998.42879151,834.82288798,1,0,0.0,0.0,0.0
1506,75.325,3995.43018389,833.39516613,1,0,0.0,0.0,0.0
1507,75.375,3992.38079861,832.02465664,1,0,0.0,0.0,0.0
1508,75.425,3989.28775463,830.65772164,1,0,0.0,0.0,0.0
1509,75.475,3986.15046679,829.31267893,1,0,0.0,0.0,0.0
1510,75.525,3982.97703642,828.03744716,1,0,0.0,0.0,0.0
1511,75.575,3979.77101579,826.76060944,1,0,0.0,0.0,0.0
1512,75.625,3976.52637215,825.48063191,1,0,0.0,0.0,0.0
1513,75.675,3973.24382162,824.25027928,1,0,0.0,0.0,0.0
1514,75.725,3969.92050775,823.04952604,1,0,0.0,0.0,0.0
1515,75.775,3966.54935978,821.84811786,1,0,0.0,0.0,0.0
1516,75.825,3963.13723345,820.6464124,1,0,0.0,0.0,0.0
1517,75.875,3959.68622636,819.48735966,1,0,0.0,0.0,0.0
1518,75.925,3956.2056881,818.3567059,1,0,0.0,0.0,0.0
1519,75.975,3952.69456927,817.22932594,1,0,0.0,0.0,0.0
1520,76.025,3949.15282115,816.10218305,1,0,0.0,0.0,0.0
1521,76.075,3945.5798663,814.98764275,1,0,0.0,0.0,0.0
1522,76.125,3941.97811716,813.9128236,1,0,0.0,0.0,0.0
1523,76.175,3938.34995767,812.83532531,1,0,0.0,0.0,0.0
1524,76.225,3934.68583642,811.76076874,1,0,0.0,0.0,0.0
1525,76.275,3930.98801115,810.68696511,1,0,0.0,0.0,0.0
1526,76.325,3927.25797294,809.6391394,1,0,0.0,0.0,0.0
1527,76.375,3923.5002451,808.61274106,1,0,0.0,0.0,0.0
1528,76.425,3919.71775336,807.58708161,1,0,0.0,0.0,0.0
1529,76.475,3915.9102722,806.56282326,1,0,0.0,0.0,0.0
1530,76.525,3912.07709791,805.54171275,1,0,0.0,0.0,0.0
1531,76.575,3908.21859234,804.54367096,1,0,0.0,0.0,0.0
1532,76.625,3904.33662251,803.56831167,1,0,0.0,0.0,0.0
1533,76.675,3900.43355227,802.58951625,1,0,0.0,0.0,0.0
1534,76.725,3896.49769346,801.60755238,1,0,0.0,0.0,0.0
1535,76.775,3892.53530321,800.62593855,1,0,0.0,0.0,0.0
1536,76.825,3888.54683078,799.64872436,1,0,0.0,0.0,0.0
1537,76.875,3884.53406357,798.70738004,1,0,0.0,0.0,0.0
1538,76.925,3880.5015553,797.76454312,1,0,0.0,0.0,0.0
1539,76.975,3876.44911867,796.82202838,1,0,0.0,0.0,0.0
1540,77.025,3872.37566504,795.88126205,1,0,0.0,0.0,0.0
1541,77.075,3868.28067603,794.9444632,1,0,0.0,0.0,0.0
1542,77.125,3864.16547657,794.01608528,1,0,0.0,0.0,0.0
1543,77.175,3860.02829008,793.11583773,1,0,0.0,0.0,0.0
1544,77.225,3855.85575282,792.21330554,1,0,0.0,0.0,0.0
1545,77.275,3851.65814905,791.30729939,1,0,0.0,0.0,0.0
1546,77.325,3847.44274154,790.4021184,1,0,0.0,0.0,0.0
1547,77.375,3843.2088066,789.49899606,1,0,0.0,0.25,2.0
1548,77.425,3838.96097964,788.59226027,1,0,0.0,0.25,2.0
1549,77.475,3834.70081556,787.71705808,1,0,0.0,0.25,2.0
1550,77.525,3830.42703008,786.84187723,1,0,0.0,0.25,2.0
1551,77.575,3826.13254514,785.96831042,1,0,0.0,0.25,2.0
1552,77.625,3821.82163898,785.09869235,1,0,0.0,0.25,2.0
1553,77.675,3817.49206481,784.23059001,1,0,0.0,0.25,2.0
1554,77.725,3813.13712762,783.36134264,1,0,0.0,0.5,3.0
1555,77.775,3808.76276831,782.50042784,1,0,0.0,0.5,3.0
1556,77.825,3804.37251624,781.65396876,1,0,0.0,0.75,5.0
1557,77.875,3799.96308614,780.80963201,1,0,0.0,1.0,6.0
1558,77.925,3795.53622839,779.96653252,1,0,0.0,1.25,6.0
1559,77.975,3791.09449478,779.12097871,1,0,0.0,1.25,6.0
1560,78.025,3786.63973684,778.27384683,1,0,0.0,1.25,6.0
1561,78.075,3782.16677247,777.42491518,1,0,0.0,1.25,6.0
1562,78.125,3777.68054027,776.59027715,1,0,0.0,1.5,6.0
1563,78.175,3773.18024496,775.77645219,1,0,0.0,1.5,6.0
1564,78.225,3768.65775461,774.96374137,1,0,0.0,1.5,6.0
1565,78.275,3764.11580817,774.15047473,1,0,0.0,1.5,6.0
1566,78.325,3759.55778225,773.33418232,1,0,0.0,1.5,6.0
1567,78.375,3754.98214891,772.51414399,1,0,0.0,1.75,7.0
1568,78.425,3750.39128404,771.69716735,1,0,0.0,2.25,8.0
1569,78.475,3745.78691602,770.88193779,1,0,0.0,2.5,8.0
1570,78.525,3741.17045519,770.08881117,1,0,0.0,2.5,8.0
1571,78.575,3736.54234039,769.29327038,1,0,0.0,2.75,8.0
1572,78.625,3731.90754374,768.49597732,1,0,0.0,2.75,8.0
1573,78.675,3727.25517788,767.70025894,1,0,0.0,2.75,8.0
1574,78.725,3722.58347374,766.90865514,1,0,0.0,2.75,8.0
1575,78.775,3717.89755625,766.1179402,1,0,0.0,2.75,8.0
1576,78.825,3713.20198249,765.32738848,1,0,0.0,2.75,8.0
1577,78.875,3708.48976378,764.54116861,1,0,0.0,3.25,9.0
1578,78.925,3703.76191831,763.76862188,1,0,0.0,3.75,11.0
1579,78.975,3699.01984969,762.99763818,1,0,0.0,4.0,12.0
1580,79.025,3694.26343388,762.22711287,1,0,0.0,4.0,12.0
1581,79.075,3689.49541105,761.45592347,1,0,0.0,4.0,12.0
1582,79.125,3684.72146834,760.68268639,1,0,0.0,4.0,12.0
1583,79.175,3679.93055672,759.90814883,1,0,0.0,4.0,12.0
1584,79.225,3675.12425846,759.13502492,1,0,0.0,4.0,12.0
1585,79.275,3670.30607142,758.36905494,1,0,0.0,5.0,14.0
1586,79.325,3665.47748176,757.62256613,1,0,0.0,5.25,15.0
1587,79.375,3660.63521153,756.87459291,1,0,0.0,6.25,18.0
1588,79.425,3655.78105508,756.12401783,1,0,0.0,6.75,19.0
1589,79.475,3650.92154318,755.37218054,1,0,0.0,6.75,19.0
1590,79.525,3646.05142843,754.62088266,1,0,0.0,6.75,19.0
1591,79.575,3641.16925039,753.87028804,1,0,0.0,6.75,19.0
1592,79.625,3636.27116143,753.11834739,1,0,0.0,7.25,19.0
1593,79.675,3631.35565444,752.36560972,1,0,0.0,7.25,19.0
1594,79.725,3626.42703652,751.6246562,1,0,0.0,7.25,19.0
1595,79.775,3621.49016949,750.89407376,1,0,0.0,7.5,19.0
1596,79.825,3616.54690623,750.16491711,1,0,0.0,8.25,20.0
1597,79.875,3611.59339786,749.43716578,1,0,0.0,9.0,21.0
1598,79.925,3606.62571493,748.70831349,1,0,0.0,9.75,21.0
1599,79.975,3601.64541916,747.97633951,1,0,0.0,10.0,21.0
1600,80.025,3596.65106703,747.24259724,1,0,0.0,10.0,21.0
1601,80.075,3591.64792077,746.50881861,1,0,0.0,10.25,21.0
1602,80.125,3586.63162423,745.77688801,1,0,0.0,10.25,21.0
1603,80.175,3581.60656945,745.05712287,1,0,0.0,10.25,21.0
1604,80.225,3576.57360627,744.34304221,1,0,0.0,10.5,21.0
1605,80.275,3571.5310462,743.62766301,1,0,0.0,10.5,21.0
1606,80.325,3566.47639948,742.91455468,1,0,0.0,10.5,21.0
1607,80.375,3561.41316771,742.20265642,1,0,0.0,11.25,23.0
1608,80.425,3556.3442435,741.4927644,1,0,0.0,12.75,25.0
1609,80.475,3551.26781046,740.77959269,1,0,0.0,13.0,25.0
1610,80.525,3546.18281977,740.06433694,1,0,0.0,13.0,25.0
1611,80.575,3541.09073083,739.34689598,1,0,0.0,13.25,25.0
1612,80.625,3535.98534386,738.63489005,1,0,0.0,13.5,25.0
1613,80.675,3530.87058895,737.93680498,1,0,0.0,13.75,25.0
1614,80.725,3525.74817569,737.23821998,1,0,0.0,14.0,25.0
1615,80.775,3520.61733126,736.53887661,1,0,0.0,14.25,25.0
1616,80.825,3515.47517925,735.8401109,1,0,0.0,14.25,25.0
1617,80.875,3510.32275794,735.14196119,1,0,0.0,15.25,27.0
1618,80.925,3505.16088869,734.4444972,1,0,0.0,16.0,27.0
1619,80.975,3499.99162993,733.74930206,1,0,0.0,16.25,27.0
1620,81.025,3494.81453425,733.05020028,1,0,0.0,16.5,27.0
1621,81.075,3489.62885258,732.35095951,1,0,0.0,16.75,27.0
1622,81.125,3484.43232315,731.66057537,1,0,0.0,16.75,27.0
1623,81.175,3479.23257076,730.97428782,1,0,0.0,17.0,27.0
1624,81.225,3474.02796993,730.29042909,1,0,0.0,17.25,27.0
1625,81.275,3468.81563924,729.60723177,1,0,0.0,17.25,27.0
1626,81.325,3463.59264366,728.92217386,1,0,0.0,17.5,27.0
1627,81.375,3458.35901283,728.24059751,1,0,0.0,18.5,29.0
1628,81.425,3453.11228715,727.55695195,1,0,0.0,18.75,29.0
1629,81.475,3447.85835013,726.87377789,1,0,0.0,19.5,30.0
1630,81.525,3442.59899812,726.19278929,1,0,0.0,19.5,30.0
1631,81.575,3437.33036933,725.50745787,1,0,0.0,20.25,30.0
1632,81.625,3432.05509054,724.83295987,1,0,0.0,20.5,31.0
1633,81.675,3426.77588909,724.16037132,1,0,0.0,20.5,31.0
1634,81.725,3421.4955075,723.48651082,1,0,0.0,20.5,31.0
1635,81.775,3416.21494812,722.81495284,1,0,0.0,21.0,31.0
1636,81.825,3410.91851661,722.14586137,1,0,0.0,21.5,32.0
1637,81.875,3405.61100657,721.47640784,1,0,0.0,22.5,33.0
1638,81.925,3400.29170582,720.80878408,1,0,0.0,23.25,33.0
1639,81.975,3394.96385795,720.13849759,1,0,0.0,23.5,33.0
1640,82.025,3389.62624709,719.46878088,1,0,0.0,23.5,33.0
1641,82.075,3384.27750424,718.8006158,1,0,0.0,23.5,33.0
1642,82.125,3378.92500646,718.13413277,1,0,0.0,23.75,33.0
1643,82.175,3373.57258939,717.47692376,1,0,0.0,24.0,33.0
1644,82.225,3368.21998523,716.81480523,1,0,0.0,24.0,33.0
1645,82.275,3362.86451136,716.15222997,1,0,0.0,24.25,33.0
1646,82.325,3357.50258743,715.49281196,1,0,0.0,24.5,33.0
1647,82.375,3352.13241153,714.83775747,1,0,0.0,26.0,36.0
1648,82.425,3346.74798309,714.18365059,1,0,0.0,26.5,36.0
1649,82.475,3341.35605555,713.52894792,1,0,0.0,27.25,37.0
1650,82.525,3335.95216487,712.87148618,1,0,0.0,27.75,37.0
1651,82.575,3330.53759359,712.21494464,1,0,0.0,28.0,37.0
1652,82.625,3325.11471305,711.55843194,1,0,0.0,28.25,37.0
1653,82.675,3319.6865967,710.90895406,1,0,0.0,28.5,37.0
1654,82.725,3314.25834286,710.26302648,1,0,0.0,28.75,37.0
1655,82.775,3308.82810419,709.61074511,1,0,0.0,28.75,37.0
1656,82.825,3303.39343791,708.95914968,1,0,0.0,28.75,37.0
1657,82.875,3297.95094647,708.311306,1,0,0.0,29.75,39.0
1658,82.925,3292.50013116,707.67085935,1,0,0.0,30.75,39.0
1659,82.975,3287.03585974,707.03034214,1,0,0.0,31.25,39.0
1660,83.025,3281.56375272,706.38717469,1,0,0.0,31.5,39.0
1661,83.075,3276.08599791,705.74107581,1,0,0.0,31.75,39.0
1662,83.125,3270.60437315,705.09390309,1,0,0.0,32.0,39.0
1663,83.175,3265.12435665,704.44868446,1,0,0.0,32.25,39.0
1664,83.225,3259.64511291,703.81141444,1,0,0.0,32.5,40.0
1665,83.275,3254.16371357,703.17538272,1,0,0.0,32.5,40.0
1666,83.325,3248.6773725,702.5319271,1,0,0.0,33.0,41.0
1667,83.375,3243.17889601,701.88879381,1,0,0.0,34.0,42.0
1668,83.425,3237.66520266,701.25359116,1,0,0.0,34.5,42.0
1669,83.475,3232.13809704,700.62418636,1,0,0.0,35.25,42.0
1670,83.525,3226.61207982,699.99495999,1,0,0.0,35.75,43.0
1671,83.575,3221.08675792,699.36256718,1,0,0.0,36.0,43.0
1672,83.625,3215.56125407,698.72537284,1,0,0.0,36.5,43.0
1673,83.675,3210.03539417,698.08948409,1,0,0.0,36.75,43.0
1674,83.725,3204.51056396,697.45339668,1,0,0.0,37.0,43.0
1675,83.775,3198.98248074,696.82134817,1,0,0.0,37.0,43.0
1676,83.825,3193.53746405,691.73746472,1,0,0.0,37.0,43.0
1677,83.875,3188.29522056,688.20557957,1,0,0.0,38.25,45.0
1678,83.925,3183.15373093,685.44311021,1,0,0.0,38.5,46.0
1679,83.975,3178.09485759,683.27266058,1,0,0.0,38.75,46.0
1680,84.025,3173.10616702,681.13043573,1,0,0.0,39.75,46.0
1681,84.075,3168.18229216,679.28239758,1,0,0.0,40.5,46.0
1682,84.125,3163.31323242,677.47192138,1,0,0.0,40.5,46.0
1683,84.175,3158.50140991,675.69761315,1,0,0.0,40.75,46.0
1684,84.225,3153.7377158,674.09994326,1,0,0.0,41.25,46.0
1685,84.275,3149.01482126,672.50250978,1,0,0.0,41.5,46.0
1686,84.325,3144.32778747,670.90323855,1,0,0.0,42.25,47.0
1687,84.375,3139.66679425,669.44421452,1,0,0.0,42.75,49.0
1688,84.425,3135.03031816,667.99760601,1,0,0.0,43.75,49.0
1689,84.475,3130.42734872,666.55265103,1,0,0.0,44.0,49.0
1690,84.525,3125.86223325,665.12189223,1,0,0.0,44.25,49.0
1691,84.575,3121.33139362,663.79857813,1,0,0.0,44.5,49.0
1692,84.625,3116.83198434,662.47493019,1,0,0.0,44.75,49.0
1693,84.675,3112.36519386,661.14400998,1,0,0.0,45.5,49.0
1694,84.725,3107.92957537,659.81134028,1,0,0.0,45.5,49.0
1695,84.775,3103.52077459,658.53440625,1,0,0.0,45.75,49.0
1696,84.825,3099.12665022,657.28777047,1,0,0.0,46.25,50.0
1697,84.875,3094.74360252,656.03609827,1,0,0.0,47.0,51.0
1698,84.925,3090.37359274,654.78355875,1,0,0.0,47.5,51.0
1699,84.975,3086.02727803,653.53991846,1,0,0.0,48.0,52.0
1700,85.025,3081.70788354,652.34072552,1,0,0.0,48.75,52.0
1701,85.075,3077.41256031,651.17144321,1,0,0.0,49.25,52.0
1702,85.125,3073.14024124,650.00641158,1,0,0.0,49.5,52.0
1703,85.175,3068.89111923,648.83838171,1,0,0.0,50.75,53.0
1704,85.225,3064.66515344,647.6668513,1,0,0.0,51.0,53.0
1705,85.275,3060.45209265,646.49985433,1,0,0.0,51.25,53.0
1706,85.325,3056.25034212,645.38217996,1,0,0.0,51.5,54.0
1707,85.375,3052.05658131,644.2619326,1,0,0.0,52.0,55.0
1708,85.425,3047.87593659,643.14206764,1,0,0.0,52.5,55.0
1709,85.475,3043.71507951,642.01974598,1,0,0.0,53.0,55.0
1710,85.525,3039.57503977,640.90064121,1,0,0.0,53.25,55.0
1711,85.575,3035.45757469,639.78938024,1,0,0.0,53.75,55.0
1712,85.625,3031.36375694,638.72624202,1,0,0.0,53.75,55.0
1713,85.675,3027.28658525,637.66600134,1,0,0.0,54.0,55.0
1714,85.725,3023.20983207,636.60602404,1,0,0.0,55.0,56.0
1715,85.775,3019.13850907,635.54587936,1,0,0.0,55.5,56.0
1716,85.825,3015.07387716,634.48296715,1,0,0.0,56.5,59.0
1717,85.875,3011.01476838,633.41871869,1,0,0.0,57.0,59.0
1718,85.925,3006.96949206,632.36833099,1,0,0.0,57.75,59.0
1719,85.975,3002.93887951,631.33994364,1,0,0.0,58.0,59.0
1720,86.025,2998.92296776,630.31193712,1,0,0.0,58.25,59.0
1721,86.075,2994.92465591,629.28449327,1,0,0.0,58.5,59.0
1722,86.125,2990.94440319,628.26041287,1,0,0.0,58.75,59.0
1723,86.175,2986.97807238,627.24256395,1,0,0.0,58.75,59.0
1724,86.225,2983.02112997,626.22778015,1,0,0.0,59.25,59.0
1725,86.275,2979.07266204,625.2201757,1,0,0.0,59.5,59.0
1726,86.325,2975.1253021,624.23984494,1,0,0.0,60.25,61.0
1727,86.375,2971.1833496,623.25696034,1,0,0.0,61.0,62.0
1728,86.425,2967.2549717,622.2730006,1,0,0.0,62.25,62.0
1729,86.475,2963.34164566,621.28701757,1,0,0.0,63.25,63.0
1730,86.525,2959.44220176,620.29907067,1,0,0.0,63.25,63.0
1731,86.575,2955.55199014,619.31345008,1,0,0.0,63.75,63.0
1732,86.625,2951.66988819,618.32633782,1,0,0.0,64.25,63.0
1733,86.675,2947.79696215,617.35035153,1,0,0.0,64.75,63.0
1734,86.725,2943.92869836,616.39804627,1,0,0.0,65.25,63.0
1735,86.775,2940.06384231,615.45425868,1,0,0.0,65.75,63.0
1736,86.825,2936.20052258,614.51418691,1,0,0.0,66.0,64.0
1737,86.875,2932.34654466,613.57238081,1,0,0.0,66.5,65.0
1738,86.925,2928.50836346,612.62540668,1,0,0.0,67.25,65.0
1739,86.975,2924.68489464,611.67774049,1,0,0.0,67.25,65.0
1740,87.025,2920.87545844,610.72648429,1,0,0.0,67.75,65.0
1741,87.075,2917.07407657,609.78106353,1,0,0.0,68.0,66.0
1742,87.125,2913.27841134,608.85569822,1,0,0.0,69.25,67.0
1743,87.175,2909.48425144,607.9308996,1,0,0.0,69.75,67.0
1744,87.225,2905.69087558,607.00877566,1,0,0.0,70.5,67.0
1745,87.275,2901.89407197,606.08760425,1,0,0.0,70.75,67.0
1746,87.325,2898.10342024,605.17529377,1,0,0.0,71.75,69.0
1747,87.375,2894.32150452,604.26927589,1,0,0.0,71.75,69.0
1748,87.425,2890.55119071,603.35702526,1,0,0.0,72.75,69.0
1749,87.475,2886.79126876,602.44233735,1,0,0.0,72.75,69.0
1750,87.525,2883.03427348,601.53570759,1,0,0.0,72.75,69.0
1751,87.575,2879.28151871,600.64214879,1,0,0.0,73.5,69.0
1752,87.625,2875.53949046,599.74444566,1,0,0.0104878,72.25,67.0
1753,87.675,2871.80392482,598.84767054,1,0,0.0,73.5,69.0
1754,87.725,2868.06842592,597.95573907,1,0,0.0,73.5,69.0
1755,87.775,2864.32838742,597.06577225,1,0,0.0,74.25,69.0
1756,87.825,2860.5936238,596.18103511,1,0,0.0,75.75,71.0
1757,87.875,2856.8683668,595.29411583,1,0,0.0,76.25,71.0
1758,87.925,2853.15252702,594.40669631,1,0,0.0,77.25,71.0
1759,87.975,2849.4420181,593.53077567,1,0,0.0,77.5,71.0
1760,88.025,2845.73554054,592.66587634,1,0,0.0,78.0,71.0
1761,88.075,2842.03354358,591.79723951,1,0,0.0,78.25,71.0
1762,88.125,2838.33524167,590.92758163,1,0,0.01073651,77.5,70.0
1763,88.175,2834.63699672,590.0579802,1,0,0.0,78.0,70.0
1764,88.225,2830.93524915,589.19147518,1,0,0.0,78.25,70.0
1765,88.275,2827.24075647,588.33545676,1,0,0.0,79.0,72.0
1766,88.325,2823.55367155,587.48038041,1,0,0.0,79.5,72.0
1767,88.375,2819.87208201,586.62006868,1,0,0.0,81.0,74.0
1768,88.425,2816.19436618,585.75694708,1,0,0.0,81.75,74.0
1769,88.475,2812.52369589,584.90884851,1,0,0.01137951,82.0,74.0
1770,88.525,2808.8582702,584.06692927,1,0,0.01309827,82.25,74.0
1771,88.575,2805.19430484,583.222182,1,0,0.01209361,83.5,74.0
1772,88.625,2801.53071117,582.37769998,1,0,0.01036394,83.0,73.0
1773,88.675,2797.86284415,581.53330213,1,0,0.0,83.25,73.0
1774,88.725,2794.19606832,580.69525589,1,0,0.0,83.25,73.0
1775,88.775,2790.53783161,579.8634421,1,0,0.0,83.25,73.0
1776,88.825,2786.88221379,579.03230766,1,0,0.0,84.0,75.0
1777,88.875,2783.22944201,578.19934895,1,0,0.0213318,85.25,76.0
1778,88.925,2779.58049232,577.36374432,1,0,0.02250254,85.0,76.0
1779,88.975,2775.93551208,576.53651571,1,0,0.02364248,85.5,76.0
1780,89.025,2772.29403735,575.71385283,1,0,0.02478243,86.0,76.0
1781,89.075,2768.65692651,574.88639643,1,0,0.02431358,85.0,74.0
1782,89.125,2765.01797817,574.06081199,1,0,0.0,85.75,74.0
1783,89.175,2761.37574431,573.2447163,1,0,0.0,86.25,74.0
1784,89.225,2757.73832883,572.42874828,1,0,0.0,86.25,74.0
1785,89.275,2754.10363449,571.62121845,1,0,0.0,86.25,74.0
1786,89.325,2750.4715032,570.81040389,1,0,0.02302625,85.75,74.0
1787,89.375,2746.84602474,570.00080458,1,0,0.02670497,88.0,78.0
1788,89.425,2743.22530687,569.19171578,1,0,0.029547,89.0,78.0
1789,89.475,2739.60477197,568.38176425,1,0,0.0299685,89.0,78.0
1790,89.525,2735.9849066,567.57568259,1,0,0.02878547,89.25,78.0
1791,89.575,2732.36829488,566.7734416,1,0,0.02528886,88.25,77.0
1792,89.625,2728.74488464,565.97259609,1,0,0.0,88.25,77.0
1793,89.675,2725.12295532,565.17163863,1,0,0.01042325,88.0,76.0
1794,89.725,2721.50138546,564.376343,1,0,0.02286418,89.0,76.0
1795,89.775,2717.88235046,563.58627224,1,0,0.0255973,89.25,76.0
1796,89.825,2714.26565037,562.79699164,1,0,0.02741461,89.75,77.0
1797,89.875,2710.65466269,562.00917563,1,0,0.02922171,91.5,79.0
1798,89.925,2707.04011063,561.22235159,1,0,0.03043652,91.0,78.0
1799,89.975,2703.42225741,560.4298275,1,0,0.03010042,91.5,78.0
1800,90.025,2699.80321823,559.64034963,1,0,0.02819524,91.5,78.0
1801,90.075,2696.18376083,558.86018883,1,0,0.01008194,91.75,78.0
1802,90.125,2692.56712892,558.08111846,1,0,0.01075372,91.5,78.0
1803,90.175,2688.95254126,557.30189576,1,0,0.02492075,91.5,76.0
1804,90.225,2685.34284112,556.52330393,1,0,0.02910013,91.25,76.0
1805,90.275,2681.7340868,555.74637994,1,0,0.03287259,92.0,76.0
1806,90.325,2678.11837066,554.98001632,1,0,0.03516201,93.0,79.0
1807,90.375,2674.50362037,554.21425458,1,0,0.03653373,94.0,80.0
1808,90.425,2670.88917127,553.44633554,1,0,0.03780237,94.5,80.0
1809,90.475,2667.27275266,552.67918023,1,0,0.03528545,94.75,80.0
1810,90.525,2663.65036063,551.90819769,1,0,0.02742894,95.25,80.0
1811,90.575,2660.03435784,551.14244866,1,0,0.02699993,95.5,80.0
1812,90.625,2656.41999736,550.38182058,1,0,0.03086011,95.0,80.0
1813,90.675,2652.80703694,549.62042552,1,0,0.03388338,94.25,78.0
1814,90.725,2649.18717158,548.85805309,1,0,0.03690055,94.5,78.0
1815,90.775,2645.56582877,548.10260806,1,0,0.03991771,95.75,80.0
1816,90.825,2641.94640313,547.34908501,1,0,0.04188221,95.75,82.0
1817,90.875,2638.32831905,546.59933835,1,0,0.04027433,96.25,82.0
1818,90.925,2634.71161297,545.85650143,1,0,0.03789324,95.75,81.0
1819,90.975,2631.09155897,545.10797218,1,0,0.03029253,95.0,80.0
1820,91.025,2627.47454658,544.35655947,1,0,0.03082212,96.25,80.0
1821,91.075,2623.86583007,543.60382843,1,0,0.03581312,96.5,80.0
1822,91.125,2620.25447217,542.85247293,1,0,0.04043361,96.25,80.0
1823,91.175,2616.63855993,542.10845245,1,0,0.04332964,96.5,80.0
1824,91.225,2613.01381877,541.36744482,1,0,0.04422799,97.0,80.0
1825,91.275,2609.38480224,540.62886364,1,0,0.04507593,98.0,80.0
1826,91.325,2605.75638412,539.89916132,1,0,0.04584978,98.0,80.0
1827,91.375,2602.12786569,539.1691451,1,0,0.04288892,98.5,81.0
1828,91.425,2598.4904128,538.440574,1,0,0.03416559,98.0,81.0
1829,91.475,2594.85137296,537.71191278,1,0,0.03515809,98.75,81.0
1830,91.525,2591.21218901,536.98192375,1,0,0.03898665,98.75,81.0
1831,91.575,2587.57571123,536.24564992,1,0,0.04281522,99.5,83.0
1832,91.625,2583.94235502,535.5106946,1,0,0.04664378,100.25,83.0
1833,91.675,2580.30915956,534.77512517,1,0,0.05024675,100.0,81.0
1834,91.725,2576.67242913,534.05307618,1,0,0.05182445,100.0,80.0
1835,91.775,2573.03057553,533.33960855,1,0,0.05030931,99.75,80.0
1836,91.825,2569.38456223,532.6275163,1,0,0.04633919,100.0,80.0
1837,91.875,2565.72068293,531.91795781,1,0,0.03972862,101.25,82.0
1838,91.925,2562.05700202,531.20463384,1,0,0.04449141,101.25,82.0
1839,91.975,2558.40329098,530.49369392,1,0,0.04980457,103.25,84.0
1840,92.025,2554.75847159,529.77536968,1,0,0.0531574,104.0,84.0
1841,92.075,2551.11619772,529.05776614,1,0,0.05526799,103.5,84.0
1842,92.125,2547.47375088,528.34220849,1,0,0.05692082,103.0,84.0
1843,92.175,2543.82997574,527.62847398,1,0,0.05763524,102.75,82.0
1844,92.225,2540.17073354,526.91864662,1,0,0.05557459,103.0,82.0
1845,92.275,2536.50104245,526.21835186,1,0,0.04858198,103.0,82.0
1846,92.325,2532.82597394,525.5255832,1,0,0.04503542,103.75,85.0
1847,92.375,2529.15176405,524.83106111,1,0,0.0485596,104.75,85.0
1848,92.425,2525.48389288,524.13376155,1,0,0.0523258,105.5,84.0
1849,92.475,2521.82257186,523.42977343,1,0,0.05609089,106.0,84.0
1850,92.525,2518.16543245,522.73519627,1,0,0.05950858,106.25,84.0
1851,92.575,2514.49616851,522.03896666,1,0,0.06132152,105.75,84.0
1852,92.625,2510.80962045,521.34502638,1,0,0.06198057,106.25,84.0
1853,92.675,2507.10869977,520.65579595,1,0,0.06162252,106.25,84.0
1854,92.725,2503.39840907,519.96797759,1,0,0.05446033,106.5,84.0
1855,92.775,2499.69593209,519.28153884,1,0,0.05583353,108.0,84.0
1856,92.825,2496.00544225,518.59467541,1,0,0.06120598,108.5,84.0
1857,92.875,2492.32578756,517.90912758,1,0,0.06508535,109.0,86.0
1858,92.925,2488.64131224,517.23314454,1,0,0.06689556,109.25,86.0
1859,92.975,2484.95148714,516.55283326,1,0,0.06835798,109.75,87.0
1860,93.025,2481.25481203,515.87904884,1,0,0.06957094,110.5,88.0
1861,93.075,2477.54719365,515.20450039,1,0,0.06878025,111.25,86.0
1862,93.125,2473.82486706,514.53235934,1,0,0.06316608,110.75,86.0
1863,93.175,2470.09142041,513.86416469,1,0,0.05938201,110.75,84.0
1864,93.225,2466.35813349,513.19536914,1,0,0.06225663,110.25,84.0
1865,93.275,2462.62331544,512.52334611,1,0,0.06657263,111.0,84.0
1866,93.325,2458.88761846,511.85625537,1,0,0.07092563,111.75,87.0
1867,93.375,2455.15920165,511.18486893,1,0,0.07512197,113.0,88.0
1868,93.425,2451.43459736,510.52240285,1,0,0.07727718,112.75,88.0
1869,93.475,2447.70976203,509.86551662,1,0,0.07597271,113.5,88.0
1870,93.525,2443.9759621,509.2115029,1,0,0.07174298,113.5,88.0
1871,93.575,2440.218707,508.55797581,1,0,0.06751959,114.25,88.0
1872,93.625,2436.43999693,507.90949908,1,0,0.06707634,114.0,88.0
1873,93.675,2432.65429138,507.26244997,1,0,0.07222873,114.75,86.0
1874,93.725,2428.87057803,506.6152573,1,0,0.07562231,115.0,86.0
1875,93.775,2425.09674839,505.96400719,1,0,0.07785866,115.25,86.0
1876,93.825,2421.32773182,505.31660955,1,0,0.08003462,116.0,88.0
1877,93.875,2417.55022916,504.67444543,1,0,0.08218061,116.75,89.0
1878,93.925,2413.75688188,504.02675904,1,0,0.08135944,118.25,90.0
1879,93.975,2409.95417728,503.38213377,1,0,0.07880403,118.25,90.0
1880,94.025,2406.14623864,502.74945379,1,0,0.07774795,118.5,90.0
1881,94.075,2402.34575149,502.12183706,1,0,0.07918891,119.25,90.0
1882,94.125,2398.54292024,501.49833636,1,0,0.08367038,118.75,90.0
1883,94.175,2394.73785258,500.86804132,1,0,0.08725725,118.5,88.0
1884,94.225,2390.92896728,500.23615692,1,0,0.08974824,119.75,88.0
1885,94.275,2387.11824048,499.61144443,1,0,0.09036429,120.0,88.0
1886,94.325,2383.30517405,498.99011076,1,0,0.09077706,120.0,89.0
1887,94.375,2379.48229439,498.36879082,1,0,0.08714835,120.75,90.0
1888,94.425,2375.64752419,497.75694552,1,0,0.0888298,122.0,91.0
1889,94.475,2371.79447062,497.13941527,1,0,0.08815075,124.0,92.0
1890,94.525,2367.92666927,496.52407067,1,0,0.09180936,124.25,92.0
1891,94.575,2364.0548301,495.91382388,1,0,0.09461551,124.5,92.0
1892,94.625,2360.17700225,495.30112568,1,0,0.09717456,123.75,92.0
1893,94.675,2356.30634208,494.69325621,1,0,0.09961601,124.0,90.0
1894,94.725,2352.44267156,494.09132174,1,0,0.09977331,124.25,90.0
1895,94.775,2348.56151341,493.50523781,1,0,0.09586735,125.5,90.0
1896,94.825,2344.67676092,492.91972502,1,0,0.09734095,125.75,90.0
1897,94.875,2340.790749,492.32727773,1,0,0.09654446,127.5,92.0
1898,94.925,2336.9106914,491.73583442,1,0,0.09838874,127.75,94.0
1899,94.975,2333.03209692,491.13866405,1,0,0.10224416,129.0,94.0
1900,95.025,2329.12725158,490.54836235,1,0,0.10527678,129.0,94.0
1901,95.075,2325.1915491,489.95939395,1,0,0.10776931,130.5,94.0
1902,95.125,2321.24367915,489.38756057,1,0,0.10880971,130.0,94.0
1903,95.175,2317.29266635,488.82205344,1,0,0.10577198,130.25,92.0
1904,95.225,2313.35504395,488.25068269,1,0,0.11026049,130.25,92.0
1905,95.275,2309.41538259,487.68445966,1,0,0.11017287,130.25,92.0
1906,95.325,2305.44612232,487.11631336,1,0,0.10930582,131.5,92.0
1907,95.375,2301.47687191,486.55033516,1,0,0.11195318,132.75,94.0
1908,95.425,2297.52013028,485.99174682,1,0,0.1131396,134.0,96.0
1909,95.475,2293.57615813,485.44558294,1,0,0.11351836,134.75,96.0
1910,95.525,2289.61543908,484.89531956,1,0,0.11270347,134.5,96.0
1911,95.575,2285.60906501,484.34986282,1,0,0.10846914,134.5,96.0
1912,95.625,2281.61057741,483.80468255,1,0,0.11234205,134.5,96.0
1913,95.675,2277.61287139,483.26291751,1,0,0.11534592,134.5,94.0
1914,95.725,2273.62097381,482.71966582,1,0,0.11702314,135.25,94.0
1915,95.775,2269.63204595,482.19071639,1,0,0.12143718,135.75,94.0
1916,95.825,2265.60682388,481.67375822,1,0,0.12602056,137.25,96.0
1917,95.875,2261.5595457,481.16938792,1,0,0.12929975,138.0,98.0
1918,95.925,2257.49624628,480.6549796,1,0,0.12893769,140.0,98.0
1919,95.975,2253.43790735,480.13592593,1,0,0.12688454,139.75,98.0
1920,96.025,2249.37595418,479.62446165,1,0,0.12977778,140.0,100.0
1921,96.075,2245.3147498,479.11359676,1,0,0.13102178,140.75,98.0
1922,96.125,2241.26850108,478.61661002,1,0,0.13101434,141.0,98.0
1923,96.175,2237.21842251,478.1267025,1,0,0.1335844,140.5,96.0
1924,96.225,2233.15539425,477.64287349,1,0,0.13545311,143.0,98.0
1925,96.275,2229.06459744,477.16763961,1,0,0.13638354,142.75,98.0
1926,96.325,2224.96414035,476.6974337,1,0,0.13501751,143.25,98.0
1927,96.375,2220.86660907,476.2243839,1,0,0.13641917,145.25,102.0
1928,96.425,2216.75696271,475.75679883,1,0,0.14239279,147.5,102.0
1929,96.475,2212.64358966,475.30512926,1,0,0.14780283,147.25,100.0
1930,96.525,2208.53114359,474.86416964,1,0,0.15010171,147.25,101.0
1931,96.575,2204.42072146,474.42200288,1,0,0.15423164,148.5,102.0
1932,96.625,2200.29437861,473.97087578,1,0,0.15499083,149.5,102.0
1933,96.675,2196.17602825,473.53416544,1,0,0.1524047,148.75,100.0
1934,96.725,2192.0430331,473.12827137,1,0,0.14659209,150.5,102.0
1935,96.775,2187.91451136,472.7236871,1,0,0.14739538,152.0,102.0
1936,96.825,2183.77092156,472.31994143,1,0,0.1493421,152.25,102.0
1937,96.875,2179.60536043,471.92831473,1,0,0.15443644,153.0,105.0
1938,96.925,2175.43614077,471.5418694,1,0,0.1626949,153.75,104.0
1939,96.975,2171.32365469,471.15238808,1,0,0.16921905,155.0,104.0
1940,97.025,2167.25514402,470.79363056,1,0,0.17154494,156.5,106.0
1941,97.075,2163.19719259,470.44594989,1,0,0.16241928,157.5,106.0
1942,97.125,2159.11284291,470.0995974,1,0,0.16008626,158.25,106.0
1943,97.175,2155.08670805,469.76700226,1,0,0.16273923,158.75,106.0
1944,97.225,2151.13606717,469.46152639,1,0,0.16513115,159.25,106.0
1945,97.275,2147.26171853,469.15614601,1,0,0.1676654,159.75,104.0
1946,97.325,2143.34109897,468.87177406,1,0,0.17074224,161.75,109.0
1947,97.375,2139.4134539,468.60272702,1,0,0.17471003,162.75,109.0
1948,97.425,2135.44256127,468.35142123,1,0,0.17453137,165.0,111.0
1949,97.475,2131.38211187,468.10505026,1,0,0.17805302,166.5,112.0
1950,97.525,2127.28415809,467.86726408,1,0,0.18158159,167.5,113.0
1951,97.575,2123.12626171,467.65506445,1,0,0.18448909,169.25,114.0
1952,97.625,2118.86168339,467.46971125,1,0,0.1863892,169.5,113.0
1953,97.675,2114.53239074,467.28956702,1,0,0.18567685,169.25,112.0
1954,97.725,2110.10386197,467.12902787,1,0,0.17738547,171.75,112.0
1955,97.775,2105.60964943,467.01240971,1,0,0.1883277,174.0,114.0
1956,97.825,2101.09585789,466.900603,1,0,0.19869451,176.25,114.0
1957,97.875,2096.48856994,466.82074062,1,0,0.20343143,178.5,118.0
1958,97.925,2091.73086576,466.76815417,1,0,0.2046051,180.75,118.0
1959,97.975,2086.94937812,466.74246152,1,0,0.19750935,182.0,120.0
1960,98.025,2082.04458602,466.75559116,1,0,0.19312452,183.0,118.0
1961,98.075,2077.01415223,466.80390388,1,0,0.19068443,185.75,120.0
1962,98.125,2071.86945274,466.9189621,1,0,0.19714729,186.5,120.0
1963,98.175,2066.59067985,467.07485762,1,0,0.20205122,188.75,120.0
1964,98.225,2061.24174798,467.29050307,1,0,0.2068639,191.5,122.0
1965,98.275,2055.69940052,467.57401462,1,0,0.2097198,193.0,123.0
1966,98.325,2050.05933901,467.94314381,1,0,0.20890829,193.75,125.0
1967,98.375,2044.19156734,468.39857803,1,0,0.20805889,198.25,126.0
1968,98.425,2038.10502227,468.99273973,1,0,0.20611214,203.0,128.0
1969,98.475,2031.7996181,469.73514469,1,0,0.21487859,206.25,130.0
1970,98.525,2025.10580477,470.80842439,1,0,0.22313669,208.5,132.0
1971,98.575,2017.99809324,472.22114912,1,0,0.22780298,212.25,134.0
1972,98.625,2010.3980129,474.14631585,1,0,0.22642154,215.5,141.0
1973,98.675,2001.60028686,479.35566871,1,0,0.22661573,220.0,148.0
1974,98.725,1991.45695491,479.96051032,1,0,0.22466363,227.0,147.0
1975,98.775,1983.50121626,478.65872991,1,0,0.22921847,231.0,148.0
1976,98.825,1976.20080567,477.42887471,1,0,0.23756422,233.5,148.0
1977,98.875,1969.30597758,476.25671647,1,0,0.24785059,239.75,149.0
1978,98.925,1962.73577101,475.11028879,1,0,0.25140699,240.75,149.0
1979,98.975,1956.54473422,473.95434652,1,0,0.24769193,243.75,149.0
1980,99.025,1950.50227079,472.78529293,1,0,0.24525293,244.25,146.0
1981,99.075,1944.6415649,471.62160549,1,0,0.24514032,246.75,146.0
1982,99.125,1938.8938409,470.50318351,1,0,0.25270557,245.75,146.0
1983,99.175,1933.2524915,469.3981002,1,0,0.25806681,245.25,144.0
1984,99.225,1927.71637166,468.27180331,1,0,0.261346,245.25,145.0
1985,99.275,1922.2772996,467.12051011,1,0,0.26274728,246.5,143.0
1986,99.325,1916.92791205,465.99046288,1,0,0.2578205,245.25,141.0
1987,99.375,1911.65009129,464.87579139,1,0,0.25655122,248.25,143.0
1988,99.425,1906.44396686,463.75684684,1,0,0.25988329,249.5,143.0
1989,99.475,1901.28195077,462.63187539,1,0,0.27034635,249.75,143.0
1990,99.525,1896.16495232,461.51359199,1,0,0.27935391,249.5,143.0
1991,99.575,1891.08509366,460.40450795,1,0,0.28406767,247.5,143.0
1992,99.625,1886.02696937,459.29485077,1,0,0.28277238,246.75,141.0
1993,99.675,1881.01028908,458.18576902,1,0,0.28066876,246.0,139.0
1994,99.725,1876.01950031,457.06028515,1,0,0.28343526,245.75,139.0
1995,99.775,1871.03955165,455.95693723,1,0,0.29591452,245.0,139.0
1996,99.825,1866.06047255,454.84502268,1,0,0.30511496,244.75,139.0
1997,99.875,1861.06663922,453.73398937,1,0,0.31284909,243.0,139.0
1998,99.925,1856.04749935,452.62913068,1,0,0.31440968,242.0,137.0
1999,99.975,1850.98805853,451.53110562,1,0,0.30535569,241.25,137.0
2000,100.025,1845.86842327,450.42951178,1,0,0.30208402,240.25,137.0
2001,100.075,1840.61666947,449.33129578,1,0,0.30937436,239.0,137.0
2002,100.125,1835.36805481,448.24712675,1,0,0.31719201,237.75,137.0
2003,100.175,1830.15171822,447.14532578,1,0,0.32007069,235.5,134.0
2004,100.225,1824.99089688,446.04822785,1,0,0.32210604,235.0,133.0
2005,100.275,1819.84317918,444.96424348,1,0,0.32168009,234.25,133.0
2006,100.325,1814.69482276,443.90358767,1,0,0.32337083,233.75,133.0
2007,100.375,1809.56133632,442.79838253,1,0,0.33339096,232.75,133.0
2008,100.425,1804.46158962,441.68844913,1,0,0.34113008,231.75,133.0
2009,100.475,1799.38450619,440.61273613,1,0,0.35096833,230.0,131.0
2010,100.525,1794.3199789,439.53578903,1,0,0.35657288,229.75,131.0
2011,100.575,1789.26266765,438.41385405,1,0,0.35687434,228.0,131.0
2012,100.625,1784.20827896,437.33123126,1,0,0.35251632,227.0,131.0
2013,100.675,1779.16587992,436.2766299,1,0,0.35919351,225.25,129.0
2014,100.725,1774.13044205,435.18738464,1,0,0.35922185,223.75,127.0
2015,100.775,1769.10465202,434.11701438,1,0,0.35516891,223.0,127.0
2016,100.825,1764.10779744,433.03824462,1,0,0.36247863,222.5,127.0
2017,100.875,1759.12014918,431.94735438,1,0,0.36841385,221.75,127.0
2018,100.925,1754.10890561,430.88563164,1,0,0.36970831,220.75,127.0
2019,100.975,1749.08125072,429.84708511,1,0,0.38409435,218.5,125.0
2020,101.025,1744.03303444,428.83603727,1,0,0.39502179,217.5,125.0
2021,101.075,1738.98431699,427.80221392,1,0,0.39959445,217.5,125.0
2022,101.125,1733.92316898,426.74097697,1,0,0.40175179,215.75,125.0
2023,101.175,1728.83227604,425.77618922,1,0,0.39764314,214.0,123.0
2024,101.225,1723.71599492,424.76063559,1,0,0.40276381,212.75,121.0
2025,101.275,1718.58056006,423.82073624,1,0,0.41723571,212.25,121.0
2026,101.325,1713.4192431,422.91163153,1,0,0.42954878,210.75,121.0
2027,101.375,1708.22766195,422.02255105,1,0,0.433704,209.5,121.0
2028,101.425,1702.99227031,421.17195951,1,0,0.43385359,208.25,121.0
2029,101.475,1697.7092745,420.43802529,1,0,0.42655097,207.0,119.0
2030,101.525,1692.37584202,419.70883207,1,0,0.4345329,206.25,119.0
2031,101.575,1686.97427996,419.17626432,1,0,0.44299905,204.25,119.0
2032,101.625,1681.48260839,418.78340633,1,0,0.45446532,203.25,119.0
2033,101.675,1675.89000219,418.69158147,1,0,0.4628594,200.5,115.0
2034,101.725,1670.16872865,418.9559127,1,0,0.45593263,200.0,115.0
2035,101.775,1664.28973866,420.17086414,1,0,0.46153139,199.75,115.0
2036,101.825,1658.14085645,426.96466192,2,0,0.47301485,198.75,115.0
2037,101.875,1651.69482986,423.64889202,2,0,0.48274336,197.0,114.0
2038,101.925,1645.26006032,420.07993555,2,0,0.49472727,195.75,113.0
2039,101.975,1638.81814632,416.31055296,2,0,0.49907641,194.75,113.0
2040,102.025,1632.35306972,412.27637035,2,0,0.49979994,193.25,113.0
2041,102.075,1625.86050373,407.72735541,2,0,0.50785977,192.25,113.0
2042,102.125,1619.32394242,402.19757338,2,0,0.51401929,190.0,111.0
2043,102.175,1612.64074246,392.73604351,2,0,0.51992879,187.75,109.0
2044,102.225,1605.73832685,389.44533131,2,0,0.53073592,187.5,109.0
2045,102.275,1598.94655434,387.8803898,2,0,0.53663129,186.75,109.0
2046,102.325,1592.27435398,386.30953568,2,0,0.54383421,184.5,107.0
2047,102.375,1585.7192695,384.72561619,2,0,0.55086279,183.25,107.0
2048,102.425,1579.28594167,383.10908819,2,0,0.55728438,182.25,107.0
2049,102.475,1572.95702008,381.48962895,2,0,0.55196587,181.0,107.0
2050,102.525,1566.74430062,379.87030584,2,0,0.55391005,178.25,105.0
2051,102.575,1560.65603033,378.23268383,2,0,0.57009196,177.75,105.0
2052,102.625,1554.69402686,376.54317862,2,0,0.58607299,175.75,105.0
2053,102.675,1548.86647499,374.85797041,2,0,0.60443455,173.25,102.0
2054,102.725,1543.16553869,373.15037102,2,0,0.61403395,171.75,101.0
2055,102.775,1537.60022425,371.39187876,2,0,0.6264445,171.25,101.0
2056,102.825,1532.18563269,369.63372375,2,0,0.63727687,170.5,101.0
2057,102.875,1526.91288393,367.86038649,2,0,0.64260427,167.25,99.0
2058,102.925,1521.77683902,366.0439766,2,0,0.64456271,165.5,99.0
2059,102.975,1516.77484547,364.21462949,2,0,0.64678079,165.0,99.0
2060,103.025,1511.93944277,362.31611444,2,0,0.67643692,163.0,99.0
2061,103.075,1507.27649552,360.39590644,2,0,0.68650943,160.75,97.0
2062,103.125,1502.76700261,358.49220052,2,0,0.69178775,159.0,97.0
2063,103.175,1498.41913271,356.49555921,2,0,0.68553953,156.0,95.0
2064,103.225,1494.24750458,354.48637413,2,0,0.69821986,154.5,93.0
2065,103.275,1490.2589027,352.37332657,2,0,0.71894332,154.0,93.0
2066,103.325,1486.46250431,350.26674182,2,0,0.74735204,152.25,93.0
2067,103.375,1482.85958287,348.07880088,2,0,0.76095461,149.25,92.0
2068,103.425,1479.44183557,345.85144744,2,0,0.7697109,148.0,91.0
2069,103.475,1476.23926407,343.52873493,2,0,0.78280039,145.25,91.0
2070,103.525,1473.28261604,341.15427867,2,0,0.7841393,143.5,91.0
2071,103.575,1470.66599551,338.6270737,2,0,0.81679618,142.5,89.0
2072,103.625,1468.52926421,336.0362418,2,0,0.83497927,139.75,89.0
2073,103.675,1466.58339492,333.28785387,2,0,0.84764374,136.75,87.0
2074,103.725,1464.8343076,330.29127606,2,0,0.89280858,135.0,85.0
2075,103.775,1463.27825863,327.01804484,2,0,0.90550256,133.5,85.0
2076,103.825,1461.92008155,323.33857005,2,0,0.89406804,131.5,85.0
2077,103.875,1460.82979659,318.90039474,2,0,0.89633904,128.0,83.0
2078,103.925,1460.14790313,312.38123252,2,0,0.92348427,126.75,81.0
2079,103.975,1460.24115827,305.39770836,1,0,0.96880232,124.0,79.0
2080,104.025,1460.4345659,304.88376942,1,0,0.99204901,122.5,79.0
2081,104.075,1460.60021718,304.40064421,1,0,1.04546295,120.25,79.0
2082,104.125,1460.70937017,303.96594209,1,0,1.0616937,116.5,77.0
2083,104.175,1460.73038481,303.5375584,1,0,1.05946446,113.0,75.0
2084,104.225,1460.66812814,303.08726939,1,0,1.06745196,111.75,74.0
2085,104.275,1460.5779116,302.69059907,1,0,1.11866375,109.25,73.0
2086,104.325,1460.40625061,302.29795147,1,0,1.13833867,107.5,73.0
2087,104.375,1460.16091108,301.90022518,1,0,1.17535303,104.25,71.0
2088,104.425,1459.88347542,301.54437275,1,0,1.2586403,101.5,71.0
2089,104.475,1459.51530239,301.18746275,1,0,1.28368583,98.75,69.0
2090,104.525,1459.07492494,300.88692821,1,0,1.34388373,96.25,69.0
2091,104.575,1458.53982876,300.58679063,1,0,1.38620194,91.75,67.0
2092,104.625,1457.88268188,300.3227004,1,0,1.39695844,88.75,67.0
2093,104.675,1457.15706933,300.18530854,1,0,1.47854883,81.25,63.0
2094,104.725,1456.46785248,300.12138316,1,0,1.67128439,78.75,63.0
2095,104.775,1455.68765584,300.10565442,1,0,1.74706372,75.25,61.0
2096,104.825,1454.70505168,300.18754043,1,0,1.71718238,72.75,61.0
2097,104.875,1453.51847801,300.30331395,1,0,1.70072553,68.5,59.0
2098,104.925,1452.18065155,300.63865303,1,0,1.74789636,65.0,57.0
2099,104.975,1450.75890921,301.16523284,1,0,1.87535449,61.75,55.0
2100,105.025,1449.27848524,301.89804919,1,0,2.05013229,56.5,55.0
2101,105.075,1447.70918441,303.03471552,1,0,2.21785704,51.25,53.0
2102,105.125,1445.80056356,305.07661985,1,0,2.16769485,47.25,50.0
2103,105.175,1443.57104225,310.35826711,1,0,2.21684403,44.25,50.0
2104,105.225,1440.97161866,312.06620305,2,0,2.3336147,40.75,48.0
2105,105.275,1438.36917679,310.00719465,2,0,2.46475037,36.75,44.0
2106,105.325,1435.8440546,307.78463152,2,0,2.6682254,32.5,42.0
2107,105.375,1433.10834856,305.48650434,2,0,2.58957922,27.0,39.0
2108,105.425,1430.42522177,303.8897703,2,0,2.79201581,20.75,38.0
2109,105.475,1427.91314477,302.34630151,2,0,3.07866032,17.0,32.0
2110,105.525,1425.47805447,298.79266437,2,0,3.2840483,13.5,25.0
2111,105.575,1422.73435131,294.70077085,2,0,3.2033478,10.5,21.0
2112,105.625,1420.15057661,289.14013328,2,0,3.64398379,5.0,11.0
2113,105.675,1416.47521397,279.1387683,2,0,2.9398224,0.0,0.0
2114,105.725,1409.13558867,278.14460822,2,0,0.0,0.0,0.0
2115,105.775,1401.62073395,277.16199443,2,0,0.0,0.0,0.0
2116,105.825,1394.09836697,276.16276414,2,0,0.0,0.0,0.0
2117,105.875,1386.55956286,275.16076943,2,0,0.0,0.0,0.0
2118,105.925,1378.99614535,274.12489332,2,0,0.0,0.0,0.0
2119,105.975,1371.38969038,273.0836576,2,0,0.0,0.0,0.0
2120,106.025,1363.71069578,272.04242233,2,0,0.0,0.0,0.0
2121,106.075,1355.8287908,270.98919873,2,0,0.0,0.0,0.0
2122,106.125,1347.85276951,269.90321016,2,0,0.0,0.0,0.0
2123,106.175,1340.06490369,268.82491499,2,0,0.0,0.0,0.0
2124,106.225,1332.52886365,267.7289662,2,0,0.0,0.0,0.0
2125,106.275,1325.4092179,266.59571087,2,0,0.0,0.0,0.0
2126,106.325,1318.37451659,265.50853344,2,0,0.0,0.0,0.0
2127,106.375,1311.356897,264.37497895,2,0,0.0,0.0,0.0
2128,106.425,1304.36158882,263.18183788,2,0,0.0,0.0,0.0
2129,106.475,1297.3894346,262.04722168,2,0,0.0,0.0,0.0
2130,106.525,1290.43977173,260.816996,2,0,0.0,0.0,0.0
2131,106.575,1283.51815834,259.5896752,2,0,0.0,0.0,0.0
2132,106.625,1276.62427861,258.35806405,2,0,0.0,0.0,0.0
2133,106.675,1269.76134571,257.06463714,2,0,0.0,0.0,0.0
2134,106.725,1262.92624058,255.7271376,2,0,0.0,0.0,0.0
2135,106.775,1256.11977177,254.381629,2,0,0.0,0.0,0.0
2136,106.825,1249.34385945,252.95608916,2,0,0.0,0.0,0.0
2137,106.875,1242.60558717,251.49650217,2,0,0.0,0.0,0.0
2138,106.925,1235.90516873,249.92795042,2,0,0.0,0.0,0.0
2139,106.975,1229.24921533,248.31622794,2,0,0.0,0.0,0.0
2140,107.025,1222.63729441,246.54953286,2,0,0.0,0.0,0.0
2141,107.075,1216.07346131,244.61465241,2,0,0.0,0.0,0.0
2142,107.125,1209.56452595,242.52602081,2,0,0.0,0.0,0.0
2143,107.175,1203.12291359,240.03139725,2,0,0.0,0.0,0.0
2144,107.225,1196.7752133,236.98195188,2,0,0.0,0.0,0.0
2145,107.275,1190.57378379,232.52853678,2,0,0.0,0.0,0.0
2146,107.325,1184.68365852,225.41867898,1,0,0.0,0.0,0.0
2147,107.375,1178.85104101,226.42733479,1,0,0.0,0.0,0.0
2148,107.425,1172.92167063,227.58534865,1,0,0.0,0.0,0.0
2149,107.475,1166.88070631,229.04315917,1,0,0.0,0.0,0.0
2150,107.525,1160.71186405,230.86873706,1,0,0.0,0.0,0.0
2151,107.575,1154.39072443,233.27237546,1,0,0.0,0.0,0.0
2152,107.625,1147.86358382,237.20845341,1,0,0.0,0.0,0.0
2153,107.675,1140.96601132,244.14167712,2,0,0.0,0.0,0.0
2154,107.725,1133.90620609,242.99045716,2,0,0.0,0.0,0.0
2155,107.775,1126.85313646,241.82793243,2,0,0.0,0.0,0.0
2156,107.825,1119.80440507,240.6659825,2,0,0.0,0.0,0.0
2157,107.875,1112.75977659,239.50344406,2,0,0.0,0.0,0.0
2158,107.925,1105.71509834,238.30070736,2,0,0.0,0.0,0.0
2159,107.975,1098.67060126,237.09527983,2,0,0.0,0.0,0.0
2160,108.025,1091.61901963,235.88877109,2,0,0.0,0.0,0.0
2161,108.075,1084.55604231,234.66543718,2,0,0.0,0.0,0.0
2162,108.125,1077.47095768,233.40596024,2,0,0.0,0.0,0.0
2163,108.175,1070.35959799,232.14493758,2,0,0.0,0.0,0.0
2164,108.225,1063.21739272,230.88180733,2,0,0.0,0.0,0.0
2165,108.275,1056.02349096,229.56968458,2,0,0.0,0.0,0.0
2166,108.325,1048.73865813,228.2525782,2,0,0.0,0.0,0.0
2167,108.375,1041.21752762,226.93182078,2,0,0.0,0.0,0.0
2168,108.425,1033.58161849,225.56692108,2,0,0.0,0.0,0.0
2169,108.475,1026.078202,224.18742514,2,0,0.0,0.0,0.0
2170,108.525,1018.71681444,222.80522207,2,0,0.0,0.0,0.0
2171,108.575,1011.51100436,221.38080666,2,0,0.0,0.0,0.0
2172,108.625,1004.47975205,219.93512498,2,0,0.0,0.0,0.0
2173,108.675,997.66959125,218.4922613,2,0,0.0,0.0,0.0
2174,108.725,991.21934312,216.99970116,2,0,0.0,0.0,0.0
2175,108.775,985.06572245,215.49219195,2,0,0.0,0.0,0.0
2176,108.825,978.94707151,213.97966319,2,0,0.0,0.0,0.0
2177,108.875,972.86494952,212.38846369,2,0,0.0,0.0,0.0
2178,108.925,966.81888232,210.79385467,2,0,0.0,0.0,0.0
2179,108.975,960.80746173,209.14585937,2,0,0.0,0.0,0.0
2180,109.025,954.83235952,207.45031362,2,0,0.0,0.0,0.0
2181,109.075,948.89222464,205.73743744,2,0,0.0,0.0,0.0
2182,109.125,942.9912533,203.92959359,2,0,0.0,0.0,0.0
2183,109.175,937.13565715,202.11989155,2,0,0.0,0.0,0.0
2184,109.225,931.3265929,200.18241559,2,0,0.0,0.0,0.0
2185,109.275,925.56504725,198.24184028,2,0,0.0,0.0,0.0
2186,109.325,919.8548387,196.14099112,2,0,0.0,0.0,0.0
2187,109.375,914.19766242,194.00126558,2,0,0.0,0.0,0.0
2188,109.425,908.59845551,191.69843729,2,0,0.0,0.0,0.0
2189,109.475,903.06202103,189.26824316,2,0,0.0,0.0,0.0
2190,109.525,897.59415777,186.70119877,2,0,0.0,0.0,0.0
2191,109.575,892.20027185,183.84267038,2,0,0.0,0.0,0.0
2192,109.625,886.9061458,180.6551137,2,0,0.0,0.0,0.0
2193,109.675,881.73273827,176.97373098,2,0,0.0,0.0,0.0
2194,109.725,876.71174106,172.35035271,2,0,0.0,0.0,0.0
2195,109.775,871.93481183,163.46165027,2,1,0.0,0.0,0.0
2196,109.825,867.48900456,160.73256754,1,0,0.0,0.0,0.0
2197,109.875,863.00411485,160.36819421,1,0,0.0,0.0,0.0
2198,109.925,858.47314377,160.00197679,1,0,0.0,0.0,0.0
2199,109.975,853.89058036,159.63534473,1,0,0.0,0.0,0.0
2200,110.025,849.25846182,159.26829572,1,0,0.0,0.0,0.0
2201,110.075,844.57536795,158.89900992,1,0,0.0,0.0,0.0
2202,110.125,839.84356337,158.52324953,1,0,0.0,0.0,0.0
2203,110.175,835.06097298,158.14396431,1,0,0.0,0.0,0.0
2204,110.225,830.22433737,157.76462849,1,0,0.0,0.0,0.0
2205,110.275,825.33095635,157.38339885,1,0,0.0,0.0,0.0
2206,110.325,820.37711782,157.00137209,1,0,0.0,0.0,0.0
2207,110.375,815.35790034,156.61809103,1,0,0.0,0.0,0.0
2208,110.425,810.26631595,156.23444613,1,0,0.0,0.0,0.0
2209,110.475,805.09570826,155.84704771,1,0,0.0,0.0,0.0
2210,110.525,799.83423049,155.45182355,1,0,0.0,0.0,0.0
2211,110.575,794.48476674,155.05503208,1,0,0.0,0.0,0.0
2212,110.625,789.03877226,154.65627813,1,0,0.0,0.0,0.0
2213,110.675,783.48329814,154.25563536,1,0,0.0,0.0,0.0
2214,110.725,777.79995156,153.85293219,1,0,0.0,0.0,0.0
2215,110.775,771.95786383,153.44759378,1,0,0.0,0.0,0.0
2216,110.825,765.88841302,153.0385513,1,0,0.0,0.0,0.0
2217,110.875,759.42924484,152.61901272,1,0,0.0,0.0,0.0
2218,110.925,752.93156568,152.19600084,1,0,0.0,0.0,0.0
2219,110.975,746.44263514,151.77353995,1,0,0.0,0.0,0.0
2220,111.025,739.9665159,151.35097482,1,0,0.0,0.0,0.0
2221,111.075,733.50848097,150.92842537,1,0,0.0,0.0,0.0
2222,111.125,727.06870176,150.50590195,1,0,0.0,0.0,0.0
2223,111.175,720.64738173,150.08386416,1,0,0.0,0.0,0.0
2224,111.225,714.24522939,149.65962469,1,0,0.0,0.0,0.0
2225,111.275,707.86173129,149.22884203,1,0,0.0,0.0,0.0
2226,111.325,701.49654014,148.79806208,1,0,0.0,0.0,0.0
2227,111.375,695.14923804,148.36708766,1,0,0.0,0.0,0.0
2228,111.425,688.81358824,147.93535103,1,0,0.0,0.0,0.0
2229,111.475,682.48782613,147.50356289,1,0,0.0,0.0,0.0
2230,111.525,676.18180934,147.07158968,1,0,0.0,0.0,0.0
2231,111.575,669.89468618,146.63921989,1,0,0.0,0.0,0.0
2232,111.625,663.62816829,146.1978761,1,0,0.0,0.0,0.0
2233,111.675,657.38292633,145.7564953,1,0,0.0,0.0,0.0
2234,111.725,651.16022408,145.31504126,1,0,0.0,0.0,0.0
2235,111.775,644.95910528,144.8728001,1,0,0.0,0.0,0.0
2236,111.825,638.77431512,144.42940112,1,0,0.0,0.0,0.0
2237,111.875,632.60176811,143.98587093,1,0,0.0,0.0,0.0
2238,111.925,626.4406616,143.54241762,1,0,0.0,0.0,0.0
2239,111.975,620.29716735,143.08930695,1,0,0.0,0.0,0.0
2240,112.025,614.17608813,142.63559494,1,0,0.0,0.0,0.0
2241,112.075,608.07709595,142.18196877,1,0,0.0,0.0,0.0
2242,112.125,602.02389071,140.63717222,1,0,0.0,0.0,0.0
2243,112.175,596.04214731,139.06066832,1,0,0.0,0.0,0.0
2244,112.225,590.13020461,137.63732095,1,0,0.0,0.0,0.0
2245,112.275,584.26210003,136.79120773,1,0,0.0,0.0,0.0
2246,112.325,578.42491895,135.93478509,1,0,0.0,0.0,0.0
2247,112.375,572.61509021,135.07823022,1,0,0.0,0.0,0.0
2248,112.425,566.83308134,134.22147124,1,0,0.0,0.0,0.0
2249,112.475,561.08854966,133.36479888,1,0,0.0,0.0,0.0
2250,112.525,555.38295945,132.50804681,1,0,0.0,0.0,0.0
2251,112.575,549.71733423,131.65110874,1,0,0.0,0.0,0.0
2252,112.625,544.08648032,130.88391588,1,0,0.0,0.0,0.0
2253,112.675,538.47835424,130.16754328,1,0,0.0,0.0,0.0
2254,112.725,532.89146218,129.45118244,1,0,0.0,0.0,0.0
2255,112.775,527.32593709,128.73482241,1,0,0.0,0.0,0.0
2256,112.825,521.77716902,128.01795961,1,0,0.0,0.0,0.0
2257,112.875,516.24376239,127.30088183,1,0,0.0,0.0,0.0
2258,112.925,510.73494949,126.58363471,1,0,0.0,0.0,0.0
2259,112.975,505.2519604,125.86038855,1,0,0.0,0.0,0.0
2260,113.025,499.7972679,125.13195828,1,0,0.0,0.0,0.0
2261,113.075,494.37172123,124.40361425,1,0,0.0,0.0,0.0
2262,113.125,488.97531379,123.68159355,1,0,0.0,0.0,0.0
2263,113.175,483.59866341,123.03305364,1,0,0.0,0.0,0.0
2264,113.225,478.23450657,122.38458173,1,0,0.0,0.0,0.0
2265,113.275,472.88048895,121.73613121,1,0,0.0,0.0,0.0
2266,113.325,467.53461163,121.07584854,1,0,0.0,0.0,0.0
2267,113.375,462.20365227,120.41592156,1,0,0.0,0.0,0.0
2268,113.425,456.89136985,119.75599412,1,0,0.0,0.0,0.0
2269,113.475,451.59788499,119.09606406,1,0,0.0,0.0,0.0
2270,113.525,446.32330577,118.43622805,1,0,0.0,0.0,0.0
2271,113.575,441.06840111,117.77599575,1,0,0.0,0.0,0.0
2272,113.625,435.83532671,117.10720667,1,0,0.0,0.0,0.0
2273,113.675,430.62367367,116.458771,1,0,0.0,0.0,0.0
2274,113.725,425.42093593,115.84869132,1,0,0.0,0.0,0.0
2275,113.775,420.21607051,115.237634,1,0,0.0,0.0,0.0
2276,113.825,415.01845029,114.62643154,1,0,0.0,0.0,0.0
2277,113.875,409.83063984,114.01522916,1,0,0.0,0.0,0.0
2278,113.925,404.65267109,113.39805392,1,0,0.0,0.0,0.0
2279,113.975,399.48512207,112.77335194,1,0,0.0,0.0,0.0
2280,114.025,394.32820569,112.14865064,1,0,0.0,0.0,0.0
2281,114.075,389.17721174,111.55513014,1,0,0.0,0.0,0.0
2282,114.125,384.00043707,110.99710868,1,0,0.0,0.0,0.0
2283,114.175,378.79189957,110.43908861,1,0,0.0,0.0,0.0
2284,114.225,373.55972751,109.89497098,1,0,0.0,0.0,0.0
2285,114.275,368.3456211,109.35826097,1,0,0.0,0.0,0.0
2286,114.325,363.15461735,108.82155115,1,0,0.0,0.0,0.0
2287,114.375,357.98617995,108.28484158,1,0,0.0,0.0,0.0
2288,114.425,352.8404297,107.74813166,1,0,0.0,0.0,0.0
2289,114.475,347.71745599,107.21142119,1,0,0.0,0.0,0.0
2290,114.525,342.61744612,106.66737508,1,0,0.0,0.0,0.0
2291,114.575,337.54115543,106.11548792,1,0,0.0,0.0,0.0
2292,114.625,332.4887253,105.5636005,1,0,0.0,0.0,0.0
2293,114.675,327.46038829,105.0117151,1,0,0.0,0.0,0.0
2294,114.725,322.45645086,104.45983036,1,0,0.0,0.0,0.0
2295,114.775,317.47742619,103.9079455,1,0,0.0,0.0,0.0
2296,114.825,312.52304218,103.34415573,1,0,0.0,0.0,0.0
2297,114.875,307.59316771,102.77613577,1,0,0.0,0.0,0.0
2298,114.925,302.68777322,102.20811583,1,0,0.0,0.0,0.0
2299,114.975,297.8068559,101.64009524,1,0,0.0,0.0,0.0
2300,115.025,292.95039735,101.0720736,1,0,0.0,0.0,0.0
2301,115.075,288.11841317,100.5014645,1,0,0.0,0.0,0.0
2302,115.125,283.31162271,99.91624903,1,0,0.0,0.0,0.0
2303,115.175,278.53064111,99.33103273,1,0,0.0,0.0,0.0
2304,115.225,273.77561436,98.745816,1,0,0.0,0.0,0.0
2305,115.275,269.04712319,98.16060054,1,0,0.0,0.0,0.0
2306,115.325,264.34518233,97.575386,1,0,0.0,0.0,0.0
2307,115.375,259.6691626,96.97691612,1,0,0.0,0.0,0.0
2308,115.425,255.01982095,96.37335196,1,0,0.0,0.0,0.0
2309,115.475,250.39736629,95.76978746,1,0,0.0,0.0,0.0
2310,115.525,245.80144754,95.16622217,1,0,0.0,0.0,0.0
2311,115.575,241.23209107,94.56265747,1,0,0.0,0.0,0.0
2312,115.625,236.6894822,93.95015285,1,0,0.0,0.0,0.0
2313,115.675,232.17450513,93.3269547,1,0,0.0,0.0,0.0
2314,115.725,227.68761452,92.70375644,1,0,0.0,0.0,0.0
2315,115.775,223.22928974,92.08055831,1,0,0.0,0.0,0.0
2316,115.825,218.79990867,91.45736166,1,0,0.0,0.0,0.0
2317,115.875,214.39813253,90.82678387,1,0,0.0,0.0,0.0
2318,115.925,210.02492472,90.18253061,1,0,0.0,0.0,0.0
2319,115.975,205.68059669,89.53827682,1,0,0.0,0.0,0.0
2320,116.025,201.36518266,88.89402148,1,0,0.0,0.0,0.0
2321,116.075,197.07854983,88.24976762,1,0,0.0,0.0,0.0
2322,116.125,192.82087044,87.59624464,1,0,0.0,0.0,0.0
2323,116.175,188.59358555,86.92935123,1,0,0.0,0.0,0.0
2324,116.225,184.3970455,86.26245801,1,0,0.0,0.0,0.0
2325,116.275,180.23128778,85.5955644,1,0,0.0,0.0,0.0
2326,116.325,176.09663109,84.92867127,1,0,0.0,0.0,0.0
2327,116.375,171.99226098,84.24632309,1,0,0.0,0.0,0.0
2328,116.425,167.91917802,83.55502246,1,0,0.0,0.0,0.0
2329,116.475,163.87750696,82.86372186,1,0,0.0,0.0,0.0
2330,116.525,159.86726712,82.17242154,1,0,0.0,0.0,0.0
2331,116.575,155.88849153,81.48051034,1,0,0.0,0.0,0.0
2332,116.625,151.94208206,80.76281893,1,0,0.0,0.0,0.0
2333,116.675,148.02890154,80.04512686,1,0,0.0,0.0,0.0
2334,116.725,144.14881416,79.32743458,1,0,0.0,0.0,0.0
2335,116.775,140.30204035,78.60974198,1,0,0.0,0.0,0.0
2336,116.825,136.48913085,77.87543791,1,0,0.0,0.0,0.0
2337,116.875,132.71065286,77.12912781,1,0,0.0,0.0,0.0
2338,116.925,128.96671624,76.38281761,1,0,0.0,0.0,0.0
2339,116.975,125.25717974,75.63650757,1,0,0.0,0.0,0.0
2340,117.025,121.58211902,74.88066104,1,0,0.0,0.0,0.0
2341,117.075,117.94281235,74.10320749,1,0,0.0,0.0,0.0
2342,117.125,114.33970902,73.32575412,1,0,0.0,0.0,0.0
2343,117.175,110.7728218,72.54830041,1,0,0.0,0.0,0.0
2344,117.225,107.24215676,71.7639883,1,0,0.0,0.0,0.0
2345,117.275,103.74933477,70.95252007,1,0,0.0,0.0,0.0
2346,117.325,100.29493693,70.14105087,1,0,0.0,0.0,0.0
2347,117.375,96.87850013,69.32958134,1,0,0.0,0.0,0.0
2348,117.425,93.50028201,68.50812495,1,0,0.0,0.0,0.0
2349,117.475,90.16185563,67.65935968,1,0,0.0,0.0,0.0
2350,117.525,86.86335552,66.81059458,1,0,0.0,0.0,0.0
2351,117.575,83.60468159,65.96182889,1,0,0.0,0.0,0.0
2352,117.625,80.38625255,65.09229393,1,0,0.0,0.0,0.0
2353,117.675,77.20994331,64.20245214,1,0,0.0,0.0,0.0
2354,117.725,74.07629399,63.31260897,1,0,0.0,0.0,0.0
2355,117.775,70.98479063,62.42276598,1,0,0.0,0.0,0.0
2356,117.825,67.93639424,61.4912827,1,0,0.0,0.0,0.0
2357,117.875,64.93227909,60.5559901,1,0,0.0,0.0,0.0
2358,117.925,61.97278766,59.62069912,1,0,0.0,0.0,0.0
2359,117.975,59.05818513,58.66010874,1,0,0.0,0.0,0.0
2360,118.025,56.19056046,57.67426,1,0,0.0,0.0,0.0
2361,118.075,53.37080808,56.68841194,1,0,0.0,0.0,0.0
2362,118.125,50.59909748,55.68790259,1,0,0.0,0.0,0.0
2363,118.175,47.87663601,54.64548282,1,0,0.0,0.0,0.0
2364,118.225,45.20395805,53.60306367,1,0,0.0,0.0,0.0
2365,118.275,42.58107051,52.54832862,1,0,0.0,0.0,0.0
2366,118.325,40.01048246,51.4421936,1,0,0.0,0.0,0.0
2367,118.375,37.49309734,50.33605726,1,0,0.0,0.0,0.0
2368,118.425,35.02904059,49.20797568,1,0,0.0,0.0,0.0
2369,118.475,32.62106004,48.02955209,1,0,0.0,0.0,0.0
2370,118.525,30.27089579,46.85112796,1,0,0.0,0.0,0.0
2371,118.575,27.97964805,45.62383866,1,0,0.0,0.0,0.0
2372,118.625,25.74949071,44.36271048,1,0,0.0,0.0,0.0
2373,118.675,23.58057956,43.09625969,1,0,0.0,0.0,0.0
2374,118.725,21.47556238,41.73961374,1,0,0.0,0.0,0.0
2375,118.775,19.43657653,40.38296795,1,0,0.0,0.0,0.0
2376,118.825,17.46502853,38.9483597,1,0,0.0,0.0,0.0
2377,118.875,15.56523391,37.48016922,1,0,0.0,0.0,0.0
2378,118.925,13.73849654,35.94322887,1,0,0.0,0.0,0.0
2379,118.975,11.98999008,34.34309155,1,0,0.0,0.0,0.0
2380,119.025,10.32211271,32.66013068,1,0,0.0,0.0,0.0
2381,119.075,8.74078727,30.90152562,1,0,0.0,0.0,0.0
2382,119.125,7.24820009,29.00640541,1,0,0.0,0.0,0.0
2383,119.175,5.85134475,27.03786812,1,0,0.0,0.0,0.0
2384,119.225,4.55758689,24.84294638,1,0,0.0,0.0,0.0
2385,119.275,3.37524264,22.45792609,1,0,0.0,0.0,0.0
2386,119.325,2.31716766,19.8121762,1,0,0.0,0.0,0.0
2387,119.375,1.4006187,16.74943572,1,0,0.0,0.0,0.0
2388,119.425,0.6527352,12.95697714,1,0,0.0,0.0,0.0
2389,119.47495228,0.12725823,7.56807321,1,0,0.0,0.0,0.0
