/*---------------------------------------------------------------------------*\
| =========                 |                                                 |
| \\      /  F ield         | OpenFOAM: The Open Source CFD Toolbox           |
|  \\    /   O peration     | Version:  2312                                  |
|   \\  /    A nd           | Website:  www.openfoam.com                      |
|    \\/     M anipulation  |                                                 |
\*---------------------------------------------------------------------------*/
Build  : _c39a0f64-20231220 OPENFOAM=2312 version=2312
Arch   : "LSB;label=32;scalar=64"
Exec   : simpleFoam
Date   : Sep 27 2026
Time   : 19:44:43
Host   : 45eb32b12631
PID    : 233
I/O    : uncollated
Case   : /work/caseA_published
nProcs : 1
trapFpe: Floating point exception trapping enabled (FOAM_SIGFPE).
fileModificationChecking : Monitoring run-time modified files using timeStampMaster (fileModificationSkew 5, maxFileModificationPolls 20)
allowSystemOperations : Allowing user-supplied system call operations

// * * * * * * * * * * * * * * * * * * * * * * * * * * * * * * * * * * * * * //
Create time

Create mesh for time = 0


SIMPLE: convergence criteria
    field p	 tolerance 1e-05
    field U	 tolerance 1e-05
    field "(k|epsilon|omega)"	 tolerance 1e-05

Reading field p

Reading field U

Reading/calculating face flux field phi

Selecting incompressible transport model Newtonian
Selecting turbulence model type RAS
Selecting RAS turbulence model kEpsilon
bounding k, min: 0 max: 0.962807 average: 0.962807
No MRF models present

No finite volume options present

Starting time loop

surfaceFieldValue outFlow:
    operation     = average


surfaceFieldValue pIn:
    operation     = average


surfaceFieldValue pOut:
    operation     = average


Time = 1

smoothSolver:  Solving for Ux, Initial residual = 1, Final residual = 0.0092748749, No Iterations 4
smoothSolver:  Solving for Uy, Initial residual = 1, Final residual = 0.0044225443, No Iterations 5
smoothSolver:  Solving for Uz, Initial residual = 1, Final residual = 0.0044225413, No Iterations 5
GAMG:  Solving for p, Initial residual = 1, Final residual = 0.0083854543, No Iterations 48
GAMG:  Solving for p, Initial residual = 0.0014712784, Final residual = 1.1415479e-05, No Iterations 14
time step continuity errors : sum local = 0.0016778576, global = -0.00012009007, cumulative = -0.00012009007
smoothSolver:  Solving for epsilon, Initial residual = 1, Final residual = 0.0031586848, No Iterations 3
smoothSolver:  Solving for k, Initial residual = 1, Final residual = 0.0066992212, No Iterations 1
bounding k, min: 0 max: 7.5953307 average: 1.8055147
ExecutionTime = 0.02 s  ClockTime = 0 s

Time = 2

smoothSolver:  Solving for Ux, Initial residual = 0.71401879, Final residual = 0.0062330786, No Iterations 3
smoothSolver:  Solving for Uy, Initial residual = 0.55990746, Final residual = 0.0051728325, No Iterations 3
smoothSolver:  Solving for Uz, Initial residual = 0.55990749, Final residual = 0.0051728338, No Iterations 3
GAMG:  Solving for p, Initial residual = 0.42274819, Final residual = 0.003214145, No Iterations 33
GAMG:  Solving for p, Initial residual = 0.0017266369, Final residual = 1.2596484e-05, No Iterations 9
time step continuity errors : sum local = 0.0019333459, global = -0.00013682174, cumulative = -0.00025691181
smoothSolver:  Solving for epsilon, Initial residual = 0.8075242, Final residual = 0.0017527397, No Iterations 1
smoothSolver:  Solving for k, Initial residual = 0.44105018, Final residual = 0.0019194198, No Iterations 1
bounding k, min: 0 max: 15.49104 average: 2.9942444
ExecutionTime = 0.02 s  ClockTime = 0 s

Time = 3

smoothSolver:  Solving for Ux, Initial residual = 0.51765262, Final residual = 0.003313202, No Iterations 3
smoothSolver:  Solving for Uy, Initial residual = 0.22333722, Final residual = 0.0012340827, No Iterations 3
smoothSolver:  Solving for Uz, Initial residual = 0.22333699, Final residual = 0.0012340771, No Iterations 3
GAMG:  Solving for p, Initial residual = 0.39286652, Final residual = 0.0038074897, No Iterations 25
GAMG:  Solving for p, Initial residual = 0.0026184398, Final residual = 1.3038942e-05, No Iterations 13
time step continuity errors : sum local = 0.0030118018, global = 9.8370574e-07, cumulative = -0.0002559281
smoothSolver:  Solving for epsilon, Initial residual = 0.35290289, Final residual = 2.0584054e-05, No Iterations 1
smoothSolver:  Solving for k, Initial residual = 0.10978663, Final residual = 0.00014766013, No Iterations 2
bounding k, min: 0 max: 12.405084 average: 3.5047112
ExecutionTime = 0.02 s  ClockTime = 0 s

Time = 4

smoothSolver:  Solving for Ux, Initial residual = 0.19430849, Final residual = 0.00036506795, No Iterations 3
smoothSolver:  Solving for Uy, Initial residual = 0.20273281, Final residual = 0.0011444785, No Iterations 3
smoothSolver:  Solving for Uz, Initial residual = 0.20273263, Final residual = 0.0011444765, No Iterations 3
GAMG:  Solving for p, Initial residual = 0.74275611, Final residual = 0.0030243959, No Iterations 23
GAMG:  Solving for p, Initial residual = 0.0011903323, Final residual = 7.4865822e-06, No Iterations 13
time step continuity errors : sum local = 0.0012627392, global = 1.0643665e-05, cumulative = -0.00024528444
smoothSolver:  Solving for epsilon, Initial residual = 0.44766807, Final residual = 7.8687529e-05, No Iterations 1
smoothSolver:  Solving for k, Initial residual = 0.19626179, Final residual = 0.00053158966, No Iterations 2
bounding k, min: 0 max: 9.4797316 average: 3.1110576
ExecutionTime = 0.02 s  ClockTime = 0 s

Time = 5

smoothSolver:  Solving for Ux, Initial residual = 0.59239714, Final residual = 0.0029334487, No Iterations 3
smoothSolver:  Solving for Uy, Initial residual = 0.28062787, Final residual = 0.0021045157, No Iterations 3
smoothSolver:  Solving for Uz, Initial residual = 0.28062773, Final residual = 0.0021045134, No Iterations 3
GAMG:  Solving for p, Initial residual = 0.42984673, Final residual = 0.0016864838, No Iterations 18
GAMG:  Solving for p, Initial residual = 0.0011583867, Final residual = 5.4004441e-06, No Iterations 13
time step continuity errors : sum local = 0.0003584422, global = 5.9187012e-06, cumulative = -0.00023936574
smoothSolver:  Solving for epsilon, Initial residual = 0.48721047, Final residual = 0.00021613695, No Iterations 1
smoothSolver:  Solving for k, Initial residual = 0.21327839, Final residual = 0.00095864397, No Iterations 2
bounding k, min: 0 max: 8.7826845 average: 2.5835085
ExecutionTime = 0.02 s  ClockTime = 0 s

Time = 6

smoothSolver:  Solving for Ux, Initial residual = 0.45472016, Final residual = 0.0022527951, No Iterations 3
smoothSolver:  Solving for Uy, Initial residual = 0.31591169, Final residual = 0.0017720148, No Iterations 3
smoothSolver:  Solving for Uz, Initial residual = 0.31591143, Final residual = 0.0017720114, No Iterations 3
GAMG:  Solving for p, Initial residual = 0.8229868, Final residual = 0.0032681866, No Iterations 18
GAMG:  Solving for p, Initial residual = 0.0012670836, Final residual = 7.1654758e-06, No Iterations 13
time step continuity errors : sum local = 0.00093109957, global = 5.4442056e-06, cumulative = -0.00023392153
smoothSolver:  Solving for epsilon, Initial residual = 0.39307592, Final residual = 0.0005052946, No Iterations 1
smoothSolver:  Solving for k, Initial residual = 0.21287157, Final residual = 0.00078709355, No Iterations 2
bounding k, min: 0 max: 12.155975 average: 2.3588391
ExecutionTime = 0.02 s  ClockTime = 0 s

Time = 7

smoothSolver:  Solving for Ux, Initial residual = 0.56607774, Final residual = 0.0039961688, No Iterations 3
smoothSolver:  Solving for Uy, Initial residual = 0.44411339, Final residual = 0.0022978998, No Iterations 3
smoothSolver:  Solving for Uz, Initial residual = 0.44411362, Final residual = 0.0022978992, No Iterations 3
GAMG:  Solving for p, Initial residual = 0.65787709, Final residual = 0.0027912702, No Iterations 14
GAMG:  Solving for p, Initial residual = 0.0031333457, Final residual = 1.3468795e-05, No Iterations 15
time step continuity errors : sum local = 0.00059845779, global = -2.3540656e-06, cumulative = -0.0002362756
smoothSolver:  Solving for epsilon, Initial residual = 0.25844258, Final residual = 0.00017983081, No Iterations 1
smoothSolver:  Solving for k, Initial residual = 0.20946749, Final residual = 0.00041221044, No Iterations 2
bounding k, min: 0 max: 16.623551 average: 2.4437689
ExecutionTime = 0.02 s  ClockTime = 0 s

Time = 8

smoothSolver:  Solving for Ux, Initial residual = 0.44666725, Final residual = 0.003571459, No Iterations 3
smoothSolver:  Solving for Uy, Initial residual = 0.38768674, Final residual = 0.002783134, No Iterations 3
smoothSolver:  Solving for Uz, Initial residual = 0.38768675, Final residual = 0.0027831309, No Iterations 3
GAMG:  Solving for p, Initial residual = 0.59722259, Final residual = 0.001386124, No Iterations 16
GAMG:  Solving for p, Initial residual = 0.00063452973, Final residual = 1.9448593e-06, No Iterations 15
time step continuity errors : sum local = 0.00016340792, global = -5.6663395e-06, cumulative = -0.00024194193
smoothSolver:  Solving for epsilon, Initial residual = 0.087100612, Final residual = 9.614646e-05, No Iterations 1
smoothSolver:  Solving for k, Initial residual = 0.093111933, Final residual = 0.00040569572, No Iterations 2
bounding k, min: 0 max: 19.338643 average: 2.4928689
ExecutionTime = 0.02 s  ClockTime = 0 s

Time = 9

smoothSolver:  Solving for Ux, Initial residual = 0.7316425, Final residual = 0.0058761258, No Iterations 3
smoothSolver:  Solving for Uy, Initial residual = 0.29958152, Final residual = 0.0016570999, No Iterations 3
smoothSolver:  Solving for Uz, Initial residual = 0.29958142, Final residual = 0.0016570972, No Iterations 3
GAMG:  Solving for p, Initial residual = 0.27709834, Final residual = 0.0026499393, No Iterations 7
GAMG:  Solving for p, Initial residual = 0.0023083021, Final residual = 1.9774316e-05, No Iterations 15
time step continuity errors : sum local = 0.00078379836, global = -1.5822506e-05, cumulative = -0.00025776444
smoothSolver:  Solving for epsilon, Initial residual = 0.070761171, Final residual = 7.4821082e-05, No Iterations 1
smoothSolver:  Solving for k, Initial residual = 0.080332531, Final residual = 0.00023191024, No Iterations 2
bounding k, min: 0 max: 22.660078 average: 2.6839979
ExecutionTime = 0.03 s  ClockTime = 0 s

Time = 10

smoothSolver:  Solving for Ux, Initial residual = 0.52992162, Final residual = 0.0047493616, No Iterations 3
smoothSolver:  Solving for Uy, Initial residual = 0.40876828, Final residual = 0.0021273008, No Iterations 3
smoothSolver:  Solving for Uz, Initial residual = 0.40876813, Final residual = 0.0021272973, No Iterations 3
GAMG:  Solving for p, Initial residual = 0.30526962, Final residual = 0.0023610148, No Iterations 26
GAMG:  Solving for p, Initial residual = 0.0016176877, Final residual = 1.4888783e-05, No Iterations 11
time step continuity errors : sum local = 0.00064483403, global = -0.00023304976, cumulative = -0.0004908142
smoothSolver:  Solving for epsilon, Initial residual = 0.1875994, Final residual = 0.00019128309, No Iterations 1
smoothSolver:  Solving for k, Initial residual = 0.15932331, Final residual = 0.00097981656, No Iterations 1
bounding k, min: 0 max: 29.760902 average: 3.1042636
ExecutionTime = 0.03 s  ClockTime = 0 s

Time = 11

smoothSolver:  Solving for Ux, Initial residual = 0.5419307, Final residual = 0.0040113465, No Iterations 3
smoothSolver:  Solving for Uy, Initial residual = 0.39836979, Final residual = 0.0025985757, No Iterations 3
smoothSolver:  Solving for Uz, Initial residual = 0.39836833, Final residual = 0.0025985643, No Iterations 3
GAMG:  Solving for p, Initial residual = 0.52201212, Final residual = 0.0013536248, No Iterations 20
GAMG:  Solving for p, Initial residual = 0.0011079676, Final residual = 5.1364062e-06, No Iterations 13
time step continuity errors : sum local = 0.00011075128, global = 1.9046097e-07, cumulative = -0.00049062374
smoothSolver:  Solving for epsilon, Initial residual = 0.2755774, Final residual = 0.00021661335, No Iterations 1
smoothSolver:  Solving for k, Initial residual = 0.1847807, Final residual = 0.0008280775, No Iterations 1
bounding k, min: 0 max: 41.055179 average: 3.8002807
ExecutionTime = 0.03 s  ClockTime = 0 s

Time = 12

smoothSolver:  Solving for Ux, Initial residual = 0.73909505, Final residual = 0.0066004767, No Iterations 3
smoothSolver:  Solving for Uy, Initial residual = 0.18676669, Final residual = 0.001207258, No Iterations 3
smoothSolver:  Solving for Uz, Initial residual = 0.1867666, Final residual = 0.0012072567, No Iterations 3
GAMG:  Solving for p, Initial residual = 0.38308964, Final residual = 0.0021956279, No Iterations 22
GAMG:  Solving for p, Initial residual = 0.0016594353, Final residual = 1.4140687e-05, No Iterations 13
time step continuity errors : sum local = 0.00034297108, global = -1.1234619e-06, cumulative = -0.0004917472
smoothSolver:  Solving for epsilon, Initial residual = 0.12431484, Final residual = 0.0001038953, No Iterations 1
smoothSolver:  Solving for k, Initial residual = 0.14113326, Final residual = 0.0005952909, No Iterations 1
bounding k, min: 0 max: 52.613661 average: 4.6935923
ExecutionTime = 0.03 s  ClockTime = 0 s

Time = 13

smoothSolver:  Solving for Ux, Initial residual = 0.37223435, Final residual = 0.0018147192, No Iterations 3
smoothSolver:  Solving for Uy, Initial residual = 0.39925764, Final residual = 0.0019140436, No Iterations 3
smoothSolver:  Solving for Uz, Initial residual = 0.39925752, Final residual = 0.0019140422, No Iterations 3
GAMG:  Solving for p, Initial residual = 0.36027219, Final residual = 0.0019495563, No Iterations 20
GAMG:  Solving for p, Initial residual = 0.0014514198, Final residual = 5.0209458e-06, No Iterations 15
time step continuity errors : sum local = 0.000133159, global = -3.4990945e-07, cumulative = -0.00049209711
smoothSolver:  Solving for epsilon, Initial residual = 0.061038376, Final residual = 8.1505716e-05, No Iterations 1
smoothSolver:  Solving for k, Initial residual = 0.11333505, Final residual = 0.00059996537, No Iterations 1
bounding k, min: 0 max: 64.457137 average: 5.7158291
ExecutionTime = 0.03 s  ClockTime = 0 s

Time = 14

smoothSolver:  Solving for Ux, Initial residual = 0.70768832, Final residual = 0.0067528367, No Iterations 3
smoothSolver:  Solving for Uy, Initial residual = 0.3772524, Final residual = 0.0022694987, No Iterations 3
smoothSolver:  Solving for Uz, Initial residual = 0.37725248, Final residual = 0.002269497, No Iterations 3
GAMG:  Solving for p, Initial residual = 0.43315882, Final residual = 0.0024096843, No Iterations 18
GAMG:  Solving for p, Initial residual = 0.0019194242, Final residual = 6.6397212e-06, No Iterations 15
time step continuity errors : sum local = 0.00018147984, global = 1.1558573e-06, cumulative = -0.00049094126
smoothSolver:  Solving for epsilon, Initial residual = 0.0931309, Final residual = 0.00014737155, No Iterations 1
smoothSolver:  Solving for k, Initial residual = 0.11882418, Final residual = 0.00065568512, No Iterations 1
bounding k, min: 0 max: 79.757098 average: 7.0526729
ExecutionTime = 0.03 s  ClockTime = 0 s

Time = 15

smoothSolver:  Solving for Ux, Initial residual = 0.29650157, Final residual = 0.0020088387, No Iterations 3
smoothSolver:  Solving for Uy, Initial residual = 0.19294227, Final residual = 0.0016740532, No Iterations 3
smoothSolver:  Solving for Uz, Initial residual = 0.19294237, Final residual = 0.0016740521, No Iterations 3
GAMG:  Solving for p, Initial residual = 0.43958592, Final residual = 0.0012671937, No Iterations 16
GAMG:  Solving for p, Initial residual = 0.00084550348, Final residual = 8.0346957e-06, No Iterations 16
time step continuity errors : sum local = 0.00026410257, global = -0.00012230122, cumulative = -0.00061324248
smoothSolver:  Solving for epsilon, Initial residual = 0.16336237, Final residual = 0.00034986181, No Iterations 1
smoothSolver:  Solving for k, Initial residual = 0.13500919, Final residual = 0.00081452279, No Iterations 1
bounding k, min: 0 max: 101.45731 average: 8.9322963
ExecutionTime = 0.03 s  ClockTime = 0 s

Time = 16

smoothSolver:  Solving for Ux, Initial residual = 0.62700146, Final residual = 0.0015657517, No Iterations 4
smoothSolver:  Solving for Uy, Initial residual = 0.18061198, Final residual = 0.0014232453, No Iterations 3
smoothSolver:  Solving for Uz, Initial residual = 0.18061202, Final residual = 0.0014232442, No Iterations 3
GAMG:  Solving for p, Initial residual = 0.34870195, Final residual = 0.0034118807, No Iterations 14
GAMG:  Solving for p, Initial residual = 0.0027590302, Final residual = 2.267712e-05, No Iterations 10
time step continuity errors : sum local = 0.00074566165, global = -1.1952393e-05, cumulative = -0.00062519487
smoothSolver:  Solving for epsilon, Initial residual = 0.15202336, Final residual = 0.00039823414, No Iterations 1
smoothSolver:  Solving for k, Initial residual = 0.13390814, Final residual = 0.00097918375, No Iterations 1
bounding k, min: 0 max: 128.23684 average: 11.457954
ExecutionTime = 0.03 s  ClockTime = 0 s

Time = 17

smoothSolver:  Solving for Ux, Initial residual = 0.38179555, Final residual = 0.0010021657, No Iterations 4
smoothSolver:  Solving for Uy, Initial residual = 0.11632978, Final residual = 0.00034036969, No Iterations 4
smoothSolver:  Solving for Uz, Initial residual = 0.11632978, Final residual = 0.00034036926, No Iterations 4
GAMG:  Solving for p, Initial residual = 0.37958406, Final residual = 0.0026621326, No Iterations 22
GAMG:  Solving for p, Initial residual = 0.002086939, Final residual = 1.6952316e-05, No Iterations 8
time step continuity errors : sum local = 0.00065712168, global = -7.7527247e-05, cumulative = -0.00070272212
smoothSolver:  Solving for epsilon, Initial residual = 0.11181777, Final residual = 0.00041392693, No Iterations 1
smoothSolver:  Solving for k, Initial residual = 0.11616995, Final residual = 2.3193767e-05, No Iterations 2
bounding k, min: 0 max: 157.36432 average: 14.492255
ExecutionTime = 0.03 s  ClockTime = 0 s

Time = 18

smoothSolver:  Solving for Ux, Initial residual = 0.67141333, Final residual = 0.0020351398, No Iterations 4
smoothSolver:  Solving for Uy, Initial residual = 0.13137074, Final residual = 0.00044628381, No Iterations 4
smoothSolver:  Solving for Uz, Initial residual = 0.13137074, Final residual = 0.00044628326, No Iterations 4
GAMG:  Solving for p, Initial residual = 0.41025746, Final residual = 0.0028002645, No Iterations 5
GAMG:  Solving for p, Initial residual = 0.0019957029, Final residual = 8.9013565e-06, No Iterations 31
time step continuity errors : sum local = 0.00040493415, global = -5.3043713e-06, cumulative = -0.00070802649
smoothSolver:  Solving for epsilon, Initial residual = 0.088908669, Final residual = 0.00045855033, No Iterations 1
smoothSolver:  Solving for k, Initial residual = 0.1075242, Final residual = 3.5704966e-05, No Iterations 2
bounding k, min: 0 max: 188.20384 average: 18.104646
ExecutionTime = 0.04 s  ClockTime = 0 s

Time = 19

smoothSolver:  Solving for Ux, Initial residual = 0.53710435, Final residual = 0.0018926077, No Iterations 4
smoothSolver:  Solving for Uy, Initial residual = 0.062513597, Final residual = 0.00029246972, No Iterations 4
smoothSolver:  Solving for Uz, Initial residual = 0.062513603, Final residual = 0.00029246919, No Iterations 4
GAMG:  Solving for p, Initial residual = 0.40550542, Final residual = 0.0035827192, No Iterations 18
GAMG:  Solving for p, Initial residual = 0.0024362243, Final residual = 1.0879294e-05, No Iterations 42
time step continuity errors : sum local = 0.00055741556, global = 2.3299399e-06, cumulative = -0.00070569655
smoothSolver:  Solving for epsilon, Initial residual = 0.10163475, Final residual = 0.00069154362, No Iterations 1
smoothSolver:  Solving for k, Initial residual = 0.10395937, Final residual = 6.083672e-05, No Iterations 2
bounding k, min: 0 max: 222.44737 average: 22.423378
ExecutionTime = 0.04 s  ClockTime = 0 s

Time = 20

smoothSolver:  Solving for Ux, Initial residual = 0.35037727, Final residual = 0.0013096632, No Iterations 4
smoothSolver:  Solving for Uy, Initial residual = 0.050667185, Final residual = 0.00021270186, No Iterations 4
smoothSolver:  Solving for Uz, Initial residual = 0.050667184, Final residual = 0.00021270149, No Iterations 4
GAMG:  Solving for p, Initial residual = 0.34113934, Final residual = 0.0029911884, No Iterations 14
GAMG:  Solving for p, Initial residual = 0.0021492322, Final residual = 2.1122573e-05, No Iterations 9
time step continuity errors : sum local = 0.0010813831, global = -8.9979419e-05, cumulative = -0.00079567597
smoothSolver:  Solving for epsilon, Initial residual = 0.10808125, Final residual = 0.00092005592, No Iterations 1
smoothSolver:  Solving for k, Initial residual = 0.10832252, Final residual = 0.00010327905, No Iterations 2
bounding k, min: 0 max: 261.3921 average: 27.804268
ExecutionTime = 0.04 s  ClockTime = 0 s

Time = 21

smoothSolver:  Solving for Ux, Initial residual = 0.50214474, Final residual = 0.0025125147, No Iterations 4
smoothSolver:  Solving for Uy, Initial residual = 0.05044985, Final residual = 0.00044730074, No Iterations 3
smoothSolver:  Solving for Uz, Initial residual = 0.050449846, Final residual = 0.00044730025, No Iterations 3
GAMG:  Solving for p, Initial residual = 0.29711985, Final residual = 0.0025109374, No Iterations 12
GAMG:  Solving for p, Initial residual = 0.0020222041, Final residual = 1.8118856e-05, No Iterations 24
time step continuity errors : sum local = 0.00083432065, global = 8.6084107e-05, cumulative = -0.00070959186
smoothSolver:  Solving for epsilon, Initial residual = 0.10847221, Final residual = 2.5607774e-05, No Iterations 2
smoothSolver:  Solving for k, Initial residual = 0.098577173, Final residual = 0.00014539454, No Iterations 2
bounding k, min: 0 max: 302.77529 average: 33.980679
ExecutionTime = 0.04 s  ClockTime = 0 s

Time = 22

smoothSolver:  Solving for Ux, Initial residual = 0.16503509, Final residual = 0.00072943372, No Iterations 4
smoothSolver:  Solving for Uy, Initial residual = 0.033076742, Final residual = 0.00013252086, No Iterations 4
smoothSolver:  Solving for Uz, Initial residual = 0.033076768, Final residual = 0.00013252079, No Iterations 4
GAMG:  Solving for p, Initial residual = 0.25412265, Final residual = 0.0022777952, No Iterations 18
GAMG:  Solving for p, Initial residual = 0.0018846251, Final residual = 1.657416e-05, No Iterations 12
time step continuity errors : sum local = 0.00070450098, global = -8.3698816e-07, cumulative = -0.00071042885
smoothSolver:  Solving for epsilon, Initial residual = 0.084449545, Final residual = 2.8803765e-05, No Iterations 2
smoothSolver:  Solving for k, Initial residual = 0.095941308, Final residual = 0.00020650884, No Iterations 2
bounding k, min: 0 max: 343.79559 average: 41.118651
ExecutionTime = 0.04 s  ClockTime = 0 s

Time = 23

smoothSolver:  Solving for Ux, Initial residual = 0.38649467, Final residual = 0.0022060811, No Iterations 4
smoothSolver:  Solving for Uy, Initial residual = 0.052715691, Final residual = 0.00021372421, No Iterations 4
smoothSolver:  Solving for Uz, Initial residual = 0.052715688, Final residual = 0.00021372412, No Iterations 4
GAMG:  Solving for p, Initial residual = 0.22339387, Final residual = 0.00085992678, No Iterations 4
GAMG:  Solving for p, Initial residual = 0.00070442221, Final residual = 2.8296394e-06, No Iterations 18
time step continuity errors : sum local = 0.00010626807, global = -4.1117806e-07, cumulative = -0.00071084003
smoothSolver:  Solving for epsilon, Initial residual = 0.083123906, Final residual = 4.1559688e-05, No Iterations 2
smoothSolver:  Solving for k, Initial residual = 0.081452408, Final residual = 0.00024656666, No Iterations 2
bounding k, min: 0 max: 383.43554 average: 48.749273
ExecutionTime = 0.04 s  ClockTime = 0 s

Time = 24

smoothSolver:  Solving for Ux, Initial residual = 0.32037367, Final residual = 0.0022145946, No Iterations 4
smoothSolver:  Solving for Uy, Initial residual = 0.047208505, Final residual = 0.0002991788, No Iterations 4
smoothSolver:  Solving for Uz, Initial residual = 0.047208504, Final residual = 0.00029917846, No Iterations 4
GAMG:  Solving for p, Initial residual = 0.17447227, Final residual = 0.0014598436, No Iterations 22
GAMG:  Solving for p, Initial residual = 0.0011950645, Final residual = 8.8134151e-06, No Iterations 13
time step continuity errors : sum local = 0.00029744884, global = 9.6705573e-06, cumulative = -0.00070116947
smoothSolver:  Solving for epsilon, Initial residual = 0.06814887, Final residual = 4.6007768e-05, No Iterations 2
smoothSolver:  Solving for k, Initial residual = 0.084654615, Final residual = 0.00033597184, No Iterations 2
bounding k, min: 0 max: 423.04865 average: 57.460272
ExecutionTime = 0.04 s  ClockTime = 0 s

Time = 25

smoothSolver:  Solving for Ux, Initial residual = 0.17360425, Final residual = 0.0012457384, No Iterations 4
smoothSolver:  Solving for Uy, Initial residual = 0.055767783, Final residual = 0.00041806411, No Iterations 4
smoothSolver:  Solving for Uz, Initial residual = 0.055767783, Final residual = 0.00041806405, No Iterations 4
GAMG:  Solving for p, Initial residual = 0.13026207, Final residual = 0.0011068002, No Iterations 18
GAMG:  Solving for p, Initial residual = 0.00096660735, Final residual = 8.4169655e-06, No Iterations 13
time step continuity errors : sum local = 0.00022192035, global = 2.1420859e-05, cumulative = -0.00067974861
smoothSolver:  Solving for epsilon, Initial residual = 0.077699046, Final residual = 7.0882453e-05, No Iterations 2
smoothSolver:  Solving for k, Initial residual = 0.069815009, Final residual = 0.00035536776, No Iterations 2
bounding k, min: 0 max: 463.306 average: 66.543346
ExecutionTime = 0.04 s  ClockTime = 0 s

Time = 26

smoothSolver:  Solving for Ux, Initial residual = 0.24435139, Final residual = 0.0020817416, No Iterations 4
smoothSolver:  Solving for Uy, Initial residual = 0.049727035, Final residual = 0.00045218148, No Iterations 4
smoothSolver:  Solving for Uz, Initial residual = 0.049727035, Final residual = 0.00045218143, No Iterations 4
GAMG:  Solving for p, Initial residual = 0.10195423, Final residual = 0.00089887414, No Iterations 22
GAMG:  Solving for p, Initial residual = 0.00085564879, Final residual = 5.6543273e-06, No Iterations 10
time step continuity errors : sum local = 0.00012121204, global = 1.0389682e-05, cumulative = -0.00066935893
smoothSolver:  Solving for epsilon, Initial residual = 0.057935737, Final residual = 6.7134995e-05, No Iterations 2
smoothSolver:  Solving for k, Initial residual = 0.076440968, Final residual = 0.00048198683, No Iterations 2
bounding k, min: 0 max: 502.89328 average: 76.84152
ExecutionTime = 0.04 s  ClockTime = 0 s

Time = 27

smoothSolver:  Solving for Ux, Initial residual = 0.078126507, Final residual = 0.00054851539, No Iterations 4
smoothSolver:  Solving for Uy, Initial residual = 0.052747912, Final residual = 0.00044460594, No Iterations 4
smoothSolver:  Solving for Uz, Initial residual = 0.052747911, Final residual = 0.00044460588, No Iterations 4
GAMG:  Solving for p, Initial residual = 0.1161493, Final residual = 0.00099673353, No Iterations 22
GAMG:  Solving for p, Initial residual = 0.00090234219, Final residual = 8.2661588e-06, No Iterations 9
time step continuity errors : sum local = 0.00015293167, global = -6.7823585e-06, cumulative = -0.00067614129
smoothSolver:  Solving for epsilon, Initial residual = 0.066274627, Final residual = 0.00010219418, No Iterations 2
smoothSolver:  Solving for k, Initial residual = 0.059024258, Final residual = 0.00046671001, No Iterations 2
bounding k, min: 0 max: 540.79006 average: 87.016912
ExecutionTime = 0.05 s  ClockTime = 0 s

Time = 28

smoothSolver:  Solving for Ux, Initial residual = 0.143635, Final residual = 0.00075647747, No Iterations 4
smoothSolver:  Solving for Uy, Initial residual = 0.046043711, Final residual = 0.0003840155, No Iterations 4
smoothSolver:  Solving for Uz, Initial residual = 0.046043711, Final residual = 0.00038401545, No Iterations 4
GAMG:  Solving for p, Initial residual = 0.12327949, Final residual = 0.0010339934, No Iterations 12
GAMG:  Solving for p, Initial residual = 0.0010315145, Final residual = 8.383848e-06, No Iterations 37
time step continuity errors : sum local = 0.00012713058, global = -1.4993839e-05, cumulative = -0.00069113513
smoothSolver:  Solving for epsilon, Initial residual = 0.045638903, Final residual = 8.8156564e-05, No Iterations 2
smoothSolver:  Solving for k, Initial residual = 0.066836316, Final residual = 0.00064655028, No Iterations 2
bounding k, min: 0 max: 576.78021 average: 98.290219
ExecutionTime = 0.05 s  ClockTime = 0 s

Time = 29

smoothSolver:  Solving for Ux, Initial residual = 0.061004102, Final residual = 0.00021481902, No Iterations 4
smoothSolver:  Solving for Uy, Initial residual = 0.044122243, Final residual = 0.00026752364, No Iterations 4
smoothSolver:  Solving for Uz, Initial residual = 0.044122243, Final residual = 0.00026752359, No Iterations 4
GAMG:  Solving for p, Initial residual = 0.12512893, Final residual = 0.0012465206, No Iterations 20
GAMG:  Solving for p, Initial residual = 0.0011739295, Final residual = 8.6557233e-06, No Iterations 20
time step continuity errors : sum local = 0.00012056679, global = 4.583383e-06, cumulative = -0.00068655175
smoothSolver:  Solving for epsilon, Initial residual = 0.05540631, Final residual = 0.00014174632, No Iterations 2
smoothSolver:  Solving for k, Initial residual = 0.049910564, Final residual = 7.777725e-05, No Iterations 3
bounding k, min: 0 max: 611.69485 average: 109.20824
ExecutionTime = 0.05 s  ClockTime = 0 s

Time = 30

smoothSolver:  Solving for Ux, Initial residual = 0.095919759, Final residual = 0.00088406712, No Iterations 4
smoothSolver:  Solving for Uy, Initial residual = 0.035775336, Final residual = 0.00018342446, No Iterations 4
smoothSolver:  Solving for Uz, Initial residual = 0.035775335, Final residual = 0.00018342443, No Iterations 4
GAMG:  Solving for p, Initial residual = 0.11793547, Final residual = 0.00044448867, No Iterations 4
GAMG:  Solving for p, Initial residual = 0.00042852393, Final residual = 3.8693431e-06, No Iterations 13
time step continuity errors : sum local = 4.9129923e-05, global = -1.0680848e-06, cumulative = -0.00068761983
smoothSolver:  Solving for epsilon, Initial residual = 0.036949162, Final residual = 0.00011568195, No Iterations 2
smoothSolver:  Solving for k, Initial residual = 0.058816574, Final residual = 0.00011577098, No Iterations 3
bounding k, min: 0 max: 645.45979 average: 121.2639
ExecutionTime = 0.05 s  ClockTime = 0 s

Time = 31

smoothSolver:  Solving for Ux, Initial residual = 0.086627267, Final residual = 0.00065920417, No Iterations 4
smoothSolver:  Solving for Uy, Initial residual = 0.032499527, Final residual = 0.0001542527, No Iterations 4
smoothSolver:  Solving for Uz, Initial residual = 0.032499527, Final residual = 0.00015425268, No Iterations 4
GAMG:  Solving for p, Initial residual = 0.11192338, Final residual = 0.0010369292, No Iterations 16
GAMG:  Solving for p, Initial residual = 0.00098803166, Final residual = 7.2915139e-06, No Iterations 12
time step continuity errors : sum local = 8.6190331e-05, global = 1.493716e-06, cumulative = -0.00068612611
smoothSolver:  Solving for epsilon, Initial residual = 0.04672422, Final residual = 0.00019093363, No Iterations 2
smoothSolver:  Solving for k, Initial residual = 0.044392818, Final residual = 0.00011023266, No Iterations 3
bounding k, min: 0 max: 677.80852 average: 132.65199
ExecutionTime = 0.05 s  ClockTime = 0 s

Time = 32

smoothSolver:  Solving for Ux, Initial residual = 0.042593868, Final residual = 0.00025816854, No Iterations 4
smoothSolver:  Solving for Uy, Initial residual = 0.026939906, Final residual = 0.00015897752, No Iterations 4
smoothSolver:  Solving for Uz, Initial residual = 0.026939906, Final residual = 0.00015897748, No Iterations 4
GAMG:  Solving for p, Initial residual = 0.10733152, Final residual = 0.0010384619, No Iterations 6
GAMG:  Solving for p, Initial residual = 0.0010006991, Final residual = 5.2371248e-06, No Iterations 9
time step continuity errors : sum local = 5.7594364e-05, global = -1.3125935e-06, cumulative = -0.00068743871
smoothSolver:  Solving for epsilon, Initial residual = 0.033592228, Final residual = 0.00016197654, No Iterations 2
smoothSolver:  Solving for k, Initial residual = 0.05280369, Final residual = 0.00015894852, No Iterations 3
bounding k, min: 0 max: 708.596 average: 144.96706
ExecutionTime = 0.05 s  ClockTime = 0 s

Time = 33

smoothSolver:  Solving for Ux, Initial residual = 0.047248701, Final residual = 0.00022880473, No Iterations 4
smoothSolver:  Solving for Uy, Initial residual = 0.024897739, Final residual = 0.00016729748, No Iterations 4
smoothSolver:  Solving for Uz, Initial residual = 0.024897739, Final residual = 0.00016729744, No Iterations 4
GAMG:  Solving for p, Initial residual = 0.10395623, Final residual = 0.00092583103, No Iterations 6
GAMG:  Solving for p, Initial residual = 0.00087655796, Final residual = 7.0384502e-06, No Iterations 23
time step continuity errors : sum local = 7.3693124e-05, global = 5.0967437e-07, cumulative = -0.00068692903
smoothSolver:  Solving for epsilon, Initial residual = 0.039467039, Final residual = 0.00023593603, No Iterations 2
smoothSolver:  Solving for k, Initial residual = 0.038134781, Final residual = 0.00013852327, No Iterations 3
bounding k, min: 0 max: 737.84626 average: 156.40815
ExecutionTime = 0.05 s  ClockTime = 0 s

Time = 34

smoothSolver:  Solving for Ux, Initial residual = 0.037756607, Final residual = 0.00035764662, No Iterations 4
smoothSolver:  Solving for Uy, Initial residual = 0.021259961, Final residual = 0.00015593681, No Iterations 4
smoothSolver:  Solving for Uz, Initial residual = 0.021259961, Final residual = 0.00015593678, No Iterations 4
GAMG:  Solving for p, Initial residual = 0.10420248, Final residual = 0.0008794425, No Iterations 6
GAMG:  Solving for p, Initial residual = 0.00083988022, Final residual = 7.5336806e-06, No Iterations 16
time step continuity errors : sum local = 7.6174945e-05, global = 9.610164e-07, cumulative = -0.00068596802
smoothSolver:  Solving for epsilon, Initial residual = 0.025054241, Final residual = 0.00016855129, No Iterations 2
smoothSolver:  Solving for k, Initial residual = 0.044266096, Final residual = 0.00018668622, No Iterations 3
bounding k, min: 0 max: 765.7391 average: 168.59395
ExecutionTime = 0.05 s  ClockTime = 0 s

Time = 35

smoothSolver:  Solving for Ux, Initial residual = 0.067144114, Final residual = 0.00045248703, No Iterations 4
smoothSolver:  Solving for Uy, Initial residual = 0.020637023, Final residual = 0.0001332109, No Iterations 4
smoothSolver:  Solving for Uz, Initial residual = 0.020637023, Final residual = 0.00013321087, No Iterations 4
GAMG:  Solving for p, Initial residual = 0.097865491, Final residual = 0.00042394796, No Iterations 4
GAMG:  Solving for p, Initial residual = 0.00041019978, Final residual = 1.8656529e-06, No Iterations 10
time step continuity errors : sum local = 1.7757709e-05, global = 5.2483644e-08, cumulative = -0.00068591553
smoothSolver:  Solving for epsilon, Initial residual = 0.03156252, Final residual = 0.00025656962, No Iterations 2
smoothSolver:  Solving for k, Initial residual = 0.035844153, Final residual = 0.00017466369, No Iterations 3
bounding k, min: 0 max: 792.3583 average: 179.99269
ExecutionTime = 0.05 s  ClockTime = 0 s

Time = 36

smoothSolver:  Solving for Ux, Initial residual = 0.043699816, Final residual = 0.00016506847, No Iterations 5
smoothSolver:  Solving for Uy, Initial residual = 0.018494208, Final residual = 0.00010478945, No Iterations 4
smoothSolver:  Solving for Uz, Initial residual = 0.018494208, Final residual = 0.00010478943, No Iterations 4
GAMG:  Solving for p, Initial residual = 0.09135778, Final residual = 0.00075895298, No Iterations 6
GAMG:  Solving for p, Initial residual = 0.00074100808, Final residual = 6.7814316e-06, No Iterations 9
time step continuity errors : sum local = 6.2467021e-05, global = 8.529983e-08, cumulative = -0.00068583023
smoothSolver:  Solving for epsilon, Initial residual = 0.025649699, Final residual = 0.00023470669, No Iterations 2
smoothSolver:  Solving for k, Initial residual = 0.0393435, Final residual = 0.00021572271, No Iterations 3
bounding k, min: 0 max: 817.75352 average: 191.85468
ExecutionTime = 0.05 s  ClockTime = 0 s

Time = 37

smoothSolver:  Solving for Ux, Initial residual = 0.04947193, Final residual = 0.00039679275, No Iterations 4
smoothSolver:  Solving for Uy, Initial residual = 0.017321904, Final residual = 8.6550087e-05, No Iterations 4
smoothSolver:  Solving for Uz, Initial residual = 0.017321904, Final residual = 8.6550066e-05, No Iterations 4
GAMG:  Solving for p, Initial residual = 0.085894647, Final residual = 0.00065467212, No Iterations 4
GAMG:  Solving for p, Initial residual = 0.00063521753, Final residual = 4.941019e-06, No Iterations 10
time step continuity errors : sum local = 4.3948678e-05, global = -5.5235413e-08, cumulative = -0.00068588547
smoothSolver:  Solving for epsilon, Initial residual = 0.027776731, Final residual = 3.108242e-05, No Iterations 3
smoothSolver:  Solving for k, Initial residual = 0.033256262, Final residual = 0.00020343476, No Iterations 3
bounding k, min: 0 max: 841.87401 average: 202.98201
ExecutionTime = 0.06 s  ClockTime = 0 s

Time = 38

smoothSolver:  Solving for Ux, Initial residual = 0.041908515, Final residual = 0.00038918134, No Iterations 4
smoothSolver:  Solving for Uy, Initial residual = 0.015516027, Final residual = 7.4499712e-05, No Iterations 4
smoothSolver:  Solving for Uz, Initial residual = 0.015516027, Final residual = 7.4499698e-05, No Iterations 4
GAMG:  Solving for p, Initial residual = 0.078139052, Final residual = 0.00030282456, No Iterations 4
GAMG:  Solving for p, Initial residual = 0.00029240786, Final residual = 1.5426841e-06, No Iterations 12
time step continuity errors : sum local = 1.3520095e-05, global = -3.043441e-09, cumulative = -0.00068588851
smoothSolver:  Solving for epsilon, Initial residual = 0.022707496, Final residual = 2.9165251e-05, No Iterations 3
smoothSolver:  Solving for k, Initial residual = 0.034780617, Final residual = 0.00023260636, No Iterations 3
bounding k, min: 0 max: 864.79754 average: 214.34496
ExecutionTime = 0.06 s  ClockTime = 0 s

Time = 39

smoothSolver:  Solving for Ux, Initial residual = 0.058469194, Final residual = 0.00043147117, No Iterations 4
smoothSolver:  Solving for Uy, Initial residual = 0.013954931, Final residual = 7.4872748e-05, No Iterations 4
smoothSolver:  Solving for Uz, Initial residual = 0.013954931, Final residual = 7.4872734e-05, No Iterations 4
GAMG:  Solving for p, Initial residual = 0.076701855, Final residual = 0.00057734153, No Iterations 5
GAMG:  Solving for p, Initial residual = 0.00055914739, Final residual = 5.2881893e-06, No Iterations 41
time step continuity errors : sum local = 4.4935985e-05, global = -1.2825998e-05, cumulative = -0.00069871451
smoothSolver:  Solving for epsilon, Initial residual = 0.023543868, Final residual = 3.4838691e-05, No Iterations 3
smoothSolver:  Solving for k, Initial residual = 0.02983014, Final residual = 0.00021751879, No Iterations 3
bounding k, min: 0 max: 886.63581 average: 225.07711
ExecutionTime = 0.06 s  ClockTime = 0 s

Time = 40

smoothSolver:  Solving for Ux, Initial residual = 0.056897079, Final residual = 0.00056322752, No Iterations 4
smoothSolver:  Solving for Uy, Initial residual = 0.012750126, Final residual = 7.5956904e-05, No Iterations 4
smoothSolver:  Solving for Uz, Initial residual = 0.012750126, Final residual = 7.595689e-05, No Iterations 4
GAMG:  Solving for p, Initial residual = 0.069935991, Final residual = 0.00065733675, No Iterations 2
GAMG:  Solving for p, Initial residual = 0.00063974835, Final residual = 2.1937785e-06, No Iterations 12
time step continuity errors : sum local = 1.8257711e-05, global = -1.8623383e-08, cumulative = -0.00069873313
smoothSolver:  Solving for epsilon, Initial residual = 0.019828394, Final residual = 3.2915228e-05, No Iterations 3
smoothSolver:  Solving for k, Initial residual = 0.031043211, Final residual = 0.00024304297, No Iterations 3
bounding k, min: 0 max: 907.50444 average: 235.91186
ExecutionTime = 0.06 s  ClockTime = 0 s

Time = 41

smoothSolver:  Solving for Ux, Initial residual = 0.083136327, Final residual = 0.00060723609, No Iterations 4
smoothSolver:  Solving for Uy, Initial residual = 0.012492551, Final residual = 7.4003563e-05, No Iterations 4
smoothSolver:  Solving for Uz, Initial residual = 0.012492551, Final residual = 7.4003547e-05, No Iterations 4
GAMG:  Solving for p, Initial residual = 0.071217599, Final residual = 0.00035329213, No Iterations 4
GAMG:  Solving for p, Initial residual = 0.00034505584, Final residual = 2.7807737e-06, No Iterations 12
time step continuity errors : sum local = 2.264597e-05, global = -4.5959918e-08, cumulative = -0.00069877909
smoothSolver:  Solving for epsilon, Initial residual = 0.020292781, Final residual = 3.7873659e-05, No Iterations 3
smoothSolver:  Solving for k, Initial residual = 0.027310289, Final residual = 0.00022907702, No Iterations 3
bounding k, min: 0 max: 927.47244 average: 246.20509
ExecutionTime = 0.06 s  ClockTime = 0 s

Time = 42

smoothSolver:  Solving for Ux, Initial residual = 0.073209028, Final residual = 0.00024795063, No Iterations 5
smoothSolver:  Solving for Uy, Initial residual = 0.012765235, Final residual = 6.5397744e-05, No Iterations 4
smoothSolver:  Solving for Uz, Initial residual = 0.012765235, Final residual = 6.5397729e-05, No Iterations 4
GAMG:  Solving for p, Initial residual = 0.065054794, Final residual = 0.00048756215, No Iterations 4
GAMG:  Solving for p, Initial residual = 0.00047524475, Final residual = 4.2797229e-06, No Iterations 13
time step continuity errors : sum local = 3.4377801e-05, global = 6.1519498e-06, cumulative = -0.00069262714
smoothSolver:  Solving for epsilon, Initial residual = 0.018068612, Final residual = 3.7173724e-05, No Iterations 3
smoothSolver:  Solving for k, Initial residual = 0.027826809, Final residual = 0.00024731507, No Iterations 3
bounding k, min: 0 max: 946.58314 average: 256.42803
ExecutionTime = 0.06 s  ClockTime = 0 s

Time = 43

smoothSolver:  Solving for Ux, Initial residual = 0.08518766, Final residual = 0.00070928545, No Iterations 4
smoothSolver:  Solving for Uy, Initial residual = 0.01304442, Final residual = 6.0367937e-05, No Iterations 4
smoothSolver:  Solving for Uz, Initial residual = 0.01304442, Final residual = 6.0367929e-05, No Iterations 4
GAMG:  Solving for p, Initial residual = 0.059685507, Final residual = 0.00042720559, No Iterations 4
GAMG:  Solving for p, Initial residual = 0.00041610806, Final residual = 3.5483869e-06, No Iterations 16
time step continuity errors : sum local = 2.8160435e-05, global = 5.3121369e-08, cumulative = -0.00069257402
smoothSolver:  Solving for epsilon, Initial residual = 0.017760239, Final residual = 4.0185184e-05, No Iterations 3
smoothSolver:  Solving for k, Initial residual = 0.025969937, Final residual = 0.00024371806, No Iterations 3
bounding k, min: 0 max: 964.87373 average: 266.18134
ExecutionTime = 0.06 s  ClockTime = 0 s

Time = 44

smoothSolver:  Solving for Ux, Initial residual = 0.072055711, Final residual = 0.000678259, No Iterations 4
smoothSolver:  Solving for Uy, Initial residual = 0.011820311, Final residual = 5.6173173e-05, No Iterations 4
smoothSolver:  Solving for Uz, Initial residual = 0.011820311, Final residual = 5.6173169e-05, No Iterations 4
GAMG:  Solving for p, Initial residual = 0.055118877, Final residual = 0.0004828397, No Iterations 2
GAMG:  Solving for p, Initial residual = 0.00047067881, Final residual = 3.2611184e-06, No Iterations 11
time step continuity errors : sum local = 2.5613244e-05, global = 6.165423e-09, cumulative = -0.00069256786
smoothSolver:  Solving for epsilon, Initial residual = 0.016491358, Final residual = 4.0625883e-05, No Iterations 3
smoothSolver:  Solving for k, Initial residual = 0.025029978, Final residual = 0.00024660745, No Iterations 3
bounding k, min: 0 max: 982.39534 average: 275.78074
ExecutionTime = 0.06 s  ClockTime = 0 s

Time = 45

smoothSolver:  Solving for Ux, Initial residual = 0.063772098, Final residual = 0.00053546876, No Iterations 4
smoothSolver:  Solving for Uy, Initial residual = 0.010307057, Final residual = 5.5317718e-05, No Iterations 4
smoothSolver:  Solving for Uz, Initial residual = 0.010307057, Final residual = 5.5317712e-05, No Iterations 4
GAMG:  Solving for p, Initial residual = 0.052698579, Final residual = 0.00020042709, No Iterations 4
GAMG:  Solving for p, Initial residual = 0.00019546599, Final residual = 7.300061e-07, No Iterations 13
time step continuity errors : sum local = 5.6845396e-06, global = -6.7235415e-08, cumulative = -0.00069263509
smoothSolver:  Solving for epsilon, Initial residual = 0.015601516, Final residual = 4.14967e-05, No Iterations 3
smoothSolver:  Solving for k, Initial residual = 0.023604307, Final residual = 5.4247548e-05, No Iterations 4
bounding k, min: 0 max: 1000.0123 average: 285.07383
ExecutionTime = 0.06 s  ClockTime = 0 s

Time = 46

smoothSolver:  Solving for Ux, Initial residual = 0.050706087, Final residual = 0.00038823012, No Iterations 4
smoothSolver:  Solving for Uy, Initial residual = 0.0088233918, Final residual = 6.0337323e-05, No Iterations 4
smoothSolver:  Solving for Uz, Initial residual = 0.0088233917, Final residual = 6.0337309e-05, No Iterations 4
GAMG:  Solving for p, Initial residual = 0.050036073, Final residual = 0.00041782283, No Iterations 2
GAMG:  Solving for p, Initial residual = 0.00040591617, Final residual = 8.6956346e-07, No Iterations 18
time step continuity errors : sum local = 6.7786815e-06, global = 4.2309353e-08, cumulative = -0.00069259278
smoothSolver:  Solving for epsilon, Initial residual = 0.014727383, Final residual = 4.2186905e-05, No Iterations 3
smoothSolver:  Solving for k, Initial residual = 0.022441712, Final residual = 5.4467048e-05, No Iterations 4
bounding k, min: 0 max: 1026.0565 average: 294.06157
ExecutionTime = 0.06 s  ClockTime = 0 s

Time = 47

smoothSolver:  Solving for Ux, Initial residual = 0.041340146, Final residual = 0.00027029278, No Iterations 4
smoothSolver:  Solving for Uy, Initial residual = 0.008402873, Final residual = 6.0682105e-05, No Iterations 4
smoothSolver:  Solving for Uz, Initial residual = 0.0084028732, Final residual = 6.068209e-05, No Iterations 4
GAMG:  Solving for p, Initial residual = 0.047121235, Final residual = 0.00034608103, No Iterations 2
GAMG:  Solving for p, Initial residual = 0.00033433915, Final residual = 1.2962979e-06, No Iterations 14
time step continuity errors : sum local = 1.0162381e-05, global = 4.9478313e-09, cumulative = -0.00069258784
smoothSolver:  Solving for epsilon, Initial residual = 0.013873974, Final residual = 4.2551525e-05, No Iterations 3
smoothSolver:  Solving for k, Initial residual = 0.021328763, Final residual = 5.4390047e-05, No Iterations 4
bounding k, min: 0 max: 1051.0024 average: 302.74735
ExecutionTime = 0.07 s  ClockTime = 0 s

Time = 48

smoothSolver:  Solving for Ux, Initial residual = 0.035111646, Final residual = 0.00020313841, No Iterations 4
smoothSolver:  Solving for Uy, Initial residual = 0.0081816222, Final residual = 5.3529363e-05, No Iterations 4
smoothSolver:  Solving for Uz, Initial residual = 0.0081816225, Final residual = 5.3529352e-05, No Iterations 4
GAMG:  Solving for p, Initial residual = 0.044319373, Final residual = 0.00030345707, No Iterations 4
GAMG:  Solving for p, Initial residual = 0.00029170666, Final residual = 2.7999835e-06, No Iterations 12
time step continuity errors : sum local = 2.2061312e-05, global = -1.9198855e-06, cumulative = -0.00069450772
smoothSolver:  Solving for epsilon, Initial residual = 0.013078824, Final residual = 4.2722109e-05, No Iterations 3
smoothSolver:  Solving for k, Initial residual = 0.020312984, Final residual = 5.4151538e-05, No Iterations 4
bounding k, min: 0 max: 1074.9022 average: 311.15158
ExecutionTime = 0.07 s  ClockTime = 0 s

Time = 49

smoothSolver:  Solving for Ux, Initial residual = 0.032120493, Final residual = 0.00018637336, No Iterations 4
smoothSolver:  Solving for Uy, Initial residual = 0.0078004492, Final residual = 4.521791e-05, No Iterations 4
smoothSolver:  Solving for Uz, Initial residual = 0.0078004496, Final residual = 4.5217915e-05, No Iterations 4
GAMG:  Solving for p, Initial residual = 0.041656502, Final residual = 0.00036703053, No Iterations 2
GAMG:  Solving for p, Initial residual = 0.00035263559, Final residual = 2.0833867e-06, No Iterations 14
time step continuity errors : sum local = 1.6485054e-05, global = -1.6150731e-08, cumulative = -0.00069452387
smoothSolver:  Solving for epsilon, Initial residual = 0.012366672, Final residual = 4.2833035e-05, No Iterations 3
smoothSolver:  Solving for k, Initial residual = 0.019394332, Final residual = 5.3831625e-05, No Iterations 4
bounding k, min: 0 max: 1097.8584 average: 319.29293
ExecutionTime = 0.07 s  ClockTime = 0 s

Time = 50

smoothSolver:  Solving for Ux, Initial residual = 0.029275386, Final residual = 0.0001704256, No Iterations 4
smoothSolver:  Solving for Uy, Initial residual = 0.0071326655, Final residual = 4.1626529e-05, No Iterations 4
smoothSolver:  Solving for Uz, Initial residual = 0.0071326659, Final residual = 4.1626511e-05, No Iterations 4
GAMG:  Solving for p, Initial residual = 0.038988039, Final residual = 0.00025657284, No Iterations 2
GAMG:  Solving for p, Initial residual = 0.00024701827, Final residual = 2.1936123e-06, No Iterations 11
time step continuity errors : sum local = 1.7423329e-05, global = 1.6670679e-08, cumulative = -0.0006945072
smoothSolver:  Solving for epsilon, Initial residual = 0.011743993, Final residual = 4.2963076e-05, No Iterations 3
smoothSolver:  Solving for k, Initial residual = 0.018568121, Final residual = 5.348265e-05, No Iterations 4
bounding k, min: 0 max: 1119.9898 average: 327.18899
ExecutionTime = 0.07 s  ClockTime = 0 s

Time = 51

smoothSolver:  Solving for Ux, Initial residual = 0.026312744, Final residual = 0.00017111879, No Iterations 4
smoothSolver:  Solving for Uy, Initial residual = 0.0064095522, Final residual = 4.2930042e-05, No Iterations 4
smoothSolver:  Solving for Uz, Initial residual = 0.0064095525, Final residual = 4.2930023e-05, No Iterations 4
GAMG:  Solving for p, Initial residual = 0.036778122, Final residual = 0.00028850216, No Iterations 2
GAMG:  Solving for p, Initial residual = 0.00027832638, Final residual = 1.5550563e-06, No Iterations 12
time step continuity errors : sum local = 1.2397908e-05, global = -5.2752002e-09, cumulative = -0.00069451248
smoothSolver:  Solving for epsilon, Initial residual = 0.011199401, Final residual = 4.3121299e-05, No Iterations 3
smoothSolver:  Solving for k, Initial residual = 0.017822743, Final residual = 5.3118862e-05, No Iterations 4
bounding k, min: 0 max: 1141.3947 average: 334.85574
ExecutionTime = 0.07 s  ClockTime = 0 s

Time = 52

smoothSolver:  Solving for Ux, Initial residual = 0.024513082, Final residual = 0.00019086647, No Iterations 4
smoothSolver:  Solving for Uy, Initial residual = 0.0060469907, Final residual = 4.5209032e-05, No Iterations 4
smoothSolver:  Solving for Uz, Initial residual = 0.006046991, Final residual = 4.5209019e-05, No Iterations 4
GAMG:  Solving for p, Initial residual = 0.03497746, Final residual = 0.00023013698, No Iterations 2
GAMG:  Solving for p, Initial residual = 0.00022241816, Final residual = 2.1523633e-06, No Iterations 11
time step continuity errors : sum local = 1.722571e-05, global = -2.6912372e-07, cumulative = -0.0006947816
smoothSolver:  Solving for epsilon, Initial residual = 0.010709734, Final residual = 4.3257988e-05, No Iterations 3
smoothSolver:  Solving for k, Initial residual = 0.017141795, Final residual = 5.2724624e-05, No Iterations 4
bounding k, min: 0 max: 1162.1294 average: 342.30632
ExecutionTime = 0.07 s  ClockTime = 0 s

Time = 53

smoothSolver:  Solving for Ux, Initial residual = 0.023221947, Final residual = 0.00019259189, No Iterations 4
smoothSolver:  Solving for Uy, Initial residual = 0.0058374262, Final residual = 4.4948243e-05, No Iterations 4
smoothSolver:  Solving for Uz, Initial residual = 0.0058374264, Final residual = 4.4948243e-05, No Iterations 4
GAMG:  Solving for p, Initial residual = 0.033385954, Final residual = 0.00017468578, No Iterations 2
GAMG:  Solving for p, Initial residual = 0.0001690957, Final residual = 1.6173025e-06, No Iterations 12
time step continuity errors : sum local = 1.2992761e-05, global = 1.6650066e-06, cumulative = -0.00069311659
smoothSolver:  Solving for epsilon, Initial residual = 0.010251869, Final residual = 4.3307366e-05, No Iterations 3
smoothSolver:  Solving for k, Initial residual = 0.016509428, Final residual = 5.2276351e-05, No Iterations 4
bounding k, min: 0 max: 1182.2117 average: 349.55057
ExecutionTime = 0.07 s  ClockTime = 0 s

Time = 54

smoothSolver:  Solving for Ux, Initial residual = 0.021138811, Final residual = 0.00016126022, No Iterations 4
smoothSolver:  Solving for Uy, Initial residual = 0.0056089719, Final residual = 4.1831319e-05, No Iterations 4
smoothSolver:  Solving for Uz, Initial residual = 0.0056089721, Final residual = 4.183132e-05, No Iterations 4
GAMG:  Solving for p, Initial residual = 0.031905735, Final residual = 0.00020357913, No Iterations 2
GAMG:  Solving for p, Initial residual = 0.00019735841, Final residual = 6.6902067e-07, No Iterations 16
time step continuity errors : sum local = 5.3938544e-06, global = -1.702105e-08, cumulative = -0.00069313361
smoothSolver:  Solving for epsilon, Initial residual = 0.0098129112, Final residual = 4.323462e-05, No Iterations 3
smoothSolver:  Solving for k, Initial residual = 0.015915293, Final residual = 5.1764523e-05, No Iterations 4
bounding k, min: 0 max: 1201.6435 average: 356.59607
ExecutionTime = 0.07 s  ClockTime = 0 s

Time = 55

smoothSolver:  Solving for Ux, Initial residual = 0.019758391, Final residual = 0.00014646696, No Iterations 4
smoothSolver:  Solving for Uy, Initial residual = 0.0053592485, Final residual = 3.8101424e-05, No Iterations 4
smoothSolver:  Solving for Uz, Initial residual = 0.0053592488, Final residual = 3.8101418e-05, No Iterations 4
GAMG:  Solving for p, Initial residual = 0.030383597, Final residual = 0.00020115923, No Iterations 2
GAMG:  Solving for p, Initial residual = 0.00019529939, Final residual = 1.3376227e-06, No Iterations 12
time step continuity errors : sum local = 1.0818978e-05, global = -5.0144087e-09, cumulative = -0.00069313863
smoothSolver:  Solving for epsilon, Initial residual = 0.0093928554, Final residual = 4.3056786e-05, No Iterations 3
smoothSolver:  Solving for k, Initial residual = 0.015355968, Final residual = 5.120233e-05, No Iterations 4
bounding k, min: 0 max: 1220.4357 average: 363.44976
ExecutionTime = 0.07 s  ClockTime = 0 s

Time = 56

smoothSolver:  Solving for Ux, Initial residual = 0.021993423, Final residual = 0.0001738469, No Iterations 4
smoothSolver:  Solving for Uy, Initial residual = 0.0050917661, Final residual = 3.5850408e-05, No Iterations 4
smoothSolver:  Solving for Uz, Initial residual = 0.0050917664, Final residual = 3.5850401e-05, No Iterations 4
GAMG:  Solving for p, Initial residual = 0.028860438, Final residual = 0.00017448977, No Iterations 2
GAMG:  Solving for p, Initial residual = 0.00016963863, Final residual = 9.3617666e-07, No Iterations 11
time step continuity errors : sum local = 7.5945207e-06, global = -5.5504038e-07, cumulative = -0.00069369367
smoothSolver:  Solving for epsilon, Initial residual = 0.0089994803, Final residual = 4.282782e-05, No Iterations 3
smoothSolver:  Solving for k, Initial residual = 0.014832538, Final residual = 5.0617925e-05, No Iterations 4
bounding k, min: 0 max: 1238.6208 average: 370.11934
ExecutionTime = 0.07 s  ClockTime = 0 s

Time = 57

smoothSolver:  Solving for Ux, Initial residual = 0.022696629, Final residual = 0.0001837965, No Iterations 4
smoothSolver:  Solving for Uy, Initial residual = 0.0048432397, Final residual = 3.5320218e-05, No Iterations 4
smoothSolver:  Solving for Uz, Initial residual = 0.0048432399, Final residual = 3.5320211e-05, No Iterations 4
GAMG:  Solving for p, Initial residual = 0.02745691, Final residual = 0.00016112301, No Iterations 2
GAMG:  Solving for p, Initial residual = 0.00015683754, Final residual = 1.0880281e-06, No Iterations 18
time step continuity errors : sum local = 8.8516002e-06, global = 4.0710708e-09, cumulative = -0.0006936896
smoothSolver:  Solving for epsilon, Initial residual = 0.0086399337, Final residual = 4.2601985e-05, No Iterations 3
smoothSolver:  Solving for k, Initial residual = 0.014346374, Final residual = 5.0037694e-05, No Iterations 4
bounding k, min: 0 max: 1256.2485 average: 376.61341
ExecutionTime = 0.07 s  ClockTime = 0 s

Time = 58

smoothSolver:  Solving for Ux, Initial residual = 0.021325669, Final residual = 0.00017574797, No Iterations 4
smoothSolver:  Solving for Uy, Initial residual = 0.0046474151, Final residual = 3.5320165e-05, No Iterations 4
smoothSolver:  Solving for Uz, Initial residual = 0.0046474152, Final residual = 3.5320161e-05, No Iterations 4
GAMG:  Solving for p, Initial residual = 0.026305632, Final residual = 0.00014819247, No Iterations 2
GAMG:  Solving for p, Initial residual = 0.00014441555, Final residual = 1.2946053e-06, No Iterations 16
time step continuity errors : sum local = 1.0561685e-05, global = -4.9694947e-08, cumulative = -0.00069373929
smoothSolver:  Solving for epsilon, Initial residual = 0.0083152188, Final residual = 4.2404731e-05, No Iterations 3
smoothSolver:  Solving for k, Initial residual = 0.013892366, Final residual = 4.9460184e-05, No Iterations 4
bounding k, min: 0 max: 1273.3707 average: 382.94071
ExecutionTime = 0.08 s  ClockTime = 0 s

Time = 59

smoothSolver:  Solving for Ux, Initial residual = 0.019279771, Final residual = 0.00016172917, No Iterations 4
smoothSolver:  Solving for Uy, Initial residual = 0.0044772463, Final residual = 3.4697988e-05, No Iterations 4
smoothSolver:  Solving for Uz, Initial residual = 0.0044772464, Final residual = 3.4697985e-05, No Iterations 4
GAMG:  Solving for p, Initial residual = 0.025252273, Final residual = 0.00013154123, No Iterations 2
GAMG:  Solving for p, Initial residual = 0.00012832312, Final residual = 1.1111428e-06, No Iterations 7
time step continuity errors : sum local = 9.0898896e-06, global = -1.291667e-07, cumulative = -0.00069386846
smoothSolver:  Solving for epsilon, Initial residual = 0.0080201962, Final residual = 4.2228313e-05, No Iterations 3
smoothSolver:  Solving for k, Initial residual = 0.013461095, Final residual = 4.8862472e-05, No Iterations 4
bounding k, min: 0 max: 1290.0293 average: 389.10924
ExecutionTime = 0.08 s  ClockTime = 0 s

Time = 60

smoothSolver:  Solving for Ux, Initial residual = 0.017930265, Final residual = 0.00015196578, No Iterations 4
smoothSolver:  Solving for Uy, Initial residual = 0.0042993922, Final residual = 3.3293605e-05, No Iterations 4
smoothSolver:  Solving for Uz, Initial residual = 0.0042993924, Final residual = 3.3293597e-05, No Iterations 4
GAMG:  Solving for p, Initial residual = 0.024236462, Final residual = 0.00013666066, No Iterations 2
GAMG:  Solving for p, Initial residual = 0.00013344676, Final residual = 5.0452812e-07, No Iterations 19
time step continuity errors : sum local = 4.1383778e-06, global = -2.1784201e-09, cumulative = -0.00069387064
smoothSolver:  Solving for epsilon, Initial residual = 0.0077472814, Final residual = 4.2047924e-05, No Iterations 3
smoothSolver:  Solving for k, Initial residual = 0.013056447, Final residual = 4.826642e-05, No Iterations 4
bounding k, min: 0 max: 1306.2512 average: 395.12592
ExecutionTime = 0.08 s  ClockTime = 0 s

Time = 61

smoothSolver:  Solving for Ux, Initial residual = 0.017558178, Final residual = 0.00015041628, No Iterations 4
smoothSolver:  Solving for Uy, Initial residual = 0.0041379921, Final residual = 3.1702215e-05, No Iterations 4
smoothSolver:  Solving for Uz, Initial residual = 0.0041379923, Final residual = 3.1702212e-05, No Iterations 4
GAMG:  Solving for p, Initial residual = 0.023271903, Final residual = 0.00013377439, No Iterations 2
GAMG:  Solving for p, Initial residual = 0.00013074868, Final residual = 5.5754509e-07, No Iterations 11
time step continuity errors : sum local = 4.5849127e-06, global = 9.120148e-09, cumulative = -0.00069386152
smoothSolver:  Solving for epsilon, Initial residual = 0.007490389, Final residual = 4.1842503e-05, No Iterations 3
smoothSolver:  Solving for k, Initial residual = 0.012663809, Final residual = 4.7625753e-05, No Iterations 4
bounding k, min: 0 max: 1322.0532 average: 400.99673
ExecutionTime = 0.08 s  ClockTime = 0 s

Time = 62

smoothSolver:  Solving for Ux, Initial residual = 0.017978749, Final residual = 0.00015480071, No Iterations 4
smoothSolver:  Solving for Uy, Initial residual = 0.0039970481, Final residual = 3.0494652e-05, No Iterations 4
smoothSolver:  Solving for Uz, Initial residual = 0.0039970477, Final residual = 3.0494653e-05, No Iterations 4
GAMG:  Solving for p, Initial residual = 0.022391604, Final residual = 0.00012367446, No Iterations 2
GAMG:  Solving for p, Initial residual = 0.00012098328, Final residual = 3.5858793e-07, No Iterations 11
time step continuity errors : sum local = 2.9560262e-06, global = 9.6330834e-11, cumulative = -0.00069386142
smoothSolver:  Solving for epsilon, Initial residual = 0.0072467433, Final residual = 4.1606522e-05, No Iterations 3
smoothSolver:  Solving for k, Initial residual = 0.012292762, Final residual = 4.6984227e-05, No Iterations 4
bounding k, min: 0 max: 1337.4487 average: 406.72723
ExecutionTime = 0.08 s  ClockTime = 0 s

Time = 63

smoothSolver:  Solving for Ux, Initial residual = 0.018639944, Final residual = 0.0001612334, No Iterations 4
smoothSolver:  Solving for Uy, Initial residual = 0.0038648805, Final residual = 2.9722087e-05, No Iterations 4
smoothSolver:  Solving for Uz, Initial residual = 0.0038648806, Final residual = 2.9722085e-05, No Iterations 4
GAMG:  Solving for p, Initial residual = 0.021552471, Final residual = 0.00011479655, No Iterations 2
GAMG:  Solving for p, Initial residual = 0.00011238977, Final residual = 9.3316967e-07, No Iterations 10
time step continuity errors : sum local = 7.710861e-06, global = 7.7784455e-08, cumulative = -0.00069378364
smoothSolver:  Solving for epsilon, Initial residual = 0.0070161301, Final residual = 4.1347919e-05, No Iterations 3
smoothSolver:  Solving for k, Initial residual = 0.011941924, Final residual = 4.6346006e-05, No Iterations 4
bounding k, min: 0 max: 1352.4532 average: 412.32292
ExecutionTime = 0.08 s  ClockTime = 0 s

Time = 64

smoothSolver:  Solving for Ux, Initial residual = 0.019102394, Final residual = 0.00016633798, No Iterations 4
smoothSolver:  Solving for Uy, Initial residual = 0.0037447607, Final residual = 2.9072975e-05, No Iterations 4
smoothSolver:  Solving for Uz, Initial residual = 0.0037447609, Final residual = 2.907297e-05, No Iterations 4
GAMG:  Solving for p, Initial residual = 0.020760563, Final residual = 0.00010848931, No Iterations 2
GAMG:  Solving for p, Initial residual = 0.00010629462, Final residual = 5.6757413e-07, No Iterations 10
time step continuity errors : sum local = 4.70079e-06, global = 5.8219298e-10, cumulative = -0.00069378305
smoothSolver:  Solving for epsilon, Initial residual = 0.006799144, Final residual = 4.1079193e-05, No Iterations 3
smoothSolver:  Solving for k, Initial residual = 0.011609484, Final residual = 4.5712746e-05, No Iterations 4
bounding k, min: 0 max: 1367.0851 average: 417.78925
ExecutionTime = 0.08 s  ClockTime = 0 s

Time = 65

smoothSolver:  Solving for Ux, Initial residual = 0.019212282, Final residual = 0.0001685402, No Iterations 4
smoothSolver:  Solving for Uy, Initial residual = 0.0036221326, Final residual = 2.8281892e-05, No Iterations 4
smoothSolver:  Solving for Uz, Initial residual = 0.0036221327, Final residual = 2.8281886e-05, No Iterations 4
GAMG:  Solving for p, Initial residual = 0.020031502, Final residual = 0.00010390948, No Iterations 2
GAMG:  Solving for p, Initial residual = 0.00010187959, Final residual = 9.1127035e-07, No Iterations 9
time step continuity errors : sum local = 7.5644669e-06, global = 3.1711194e-08, cumulative = -0.00069375134
smoothSolver:  Solving for epsilon, Initial residual = 0.0065959516, Final residual = 4.0810163e-05, No Iterations 3
smoothSolver:  Solving for k, Initial residual = 0.011294754, Final residual = 4.5089145e-05, No Iterations 4
bounding k, min: 0 max: 1381.3648 average: 423.13154
ExecutionTime = 0.08 s  ClockTime = 0 s

Time = 66

smoothSolver:  Solving for Ux, Initial residual = 0.01900715, Final residual = 0.00016791309, No Iterations 4
smoothSolver:  Solving for Uy, Initial residual = 0.0035017826, Final residual = 2.7350323e-05, No Iterations 4
smoothSolver:  Solving for Uz, Initial residual = 0.0035017828, Final residual = 2.7350319e-05, No Iterations 4
GAMG:  Solving for p, Initial residual = 0.019346869, Final residual = 0.00010530759, No Iterations 2
GAMG:  Solving for p, Initial residual = 0.00010331957, Final residual = 6.8595056e-07, No Iterations 11
time step continuity errors : sum local = 5.7066568e-06, global = -3.1990169e-07, cumulative = -0.00069407125
smoothSolver:  Solving for epsilon, Initial residual = 0.0064023106, Final residual = 4.052238e-05, No Iterations 3
smoothSolver:  Solving for k, Initial residual = 0.010997038, Final residual = 4.4478603e-05, No Iterations 4
bounding k, min: 0 max: 1395.3119 average: 428.35487
ExecutionTime = 0.08 s  ClockTime = 0 s

Time = 67

smoothSolver:  Solving for Ux, Initial residual = 0.018645923, Final residual = 0.000165633, No Iterations 4
smoothSolver:  Solving for Uy, Initial residual = 0.003391657, Final residual = 2.6442856e-05, No Iterations 4
smoothSolver:  Solving for Uz, Initial residual = 0.0033916572, Final residual = 2.6442854e-05, No Iterations 4
GAMG:  Solving for p, Initial residual = 0.018697668, Final residual = 0.00010293226, No Iterations 2
GAMG:  Solving for p, Initial residual = 0.00010105291, Final residual = 8.1136186e-07, No Iterations 10
time step continuity errors : sum local = 6.7645067e-06, global = 4.2064329e-07, cumulative = -0.0006936506
smoothSolver:  Solving for epsilon, Initial residual = 0.0062201553, Final residual = 4.0234519e-05, No Iterations 3
smoothSolver:  Solving for k, Initial residual = 0.010715492, Final residual = 4.3883012e-05, No Iterations 4
bounding k, min: 0 max: 1408.9441 average: 433.46404
ExecutionTime = 0.08 s  ClockTime = 0 s

Time = 68

smoothSolver:  Solving for Ux, Initial residual = 0.018319692, Final residual = 0.0001629355, No Iterations 4
smoothSolver:  Solving for Uy, Initial residual = 0.0032941421, Final residual = 2.568222e-05, No Iterations 4
smoothSolver:  Solving for Uz, Initial residual = 0.0032941422, Final residual = 2.568222e-05, No Iterations 4
GAMG:  Solving for p, Initial residual = 0.018086113, Final residual = 9.7004697e-05, No Iterations 2
GAMG:  Solving for p, Initial residual = 9.5290209e-05, Final residual = 5.1760878e-07, No Iterations 11
time step continuity errors : sum local = 4.3244777e-06, global = 5.0554449e-09, cumulative = -0.00069364555
smoothSolver:  Solving for epsilon, Initial residual = 0.0060456719, Final residual = 3.9928016e-05, No Iterations 3
smoothSolver:  Solving for k, Initial residual = 0.010448777, Final residual = 4.3301583e-05, No Iterations 4
bounding k, min: 0 max: 1422.2771 average: 438.46357
ExecutionTime = 0.08 s  ClockTime = 0 s

Time = 69

smoothSolver:  Solving for Ux, Initial residual = 0.018095469, Final residual = 0.00016066488, No Iterations 4
smoothSolver:  Solving for Uy, Initial residual = 0.0032052192, Final residual = 2.5050045e-05, No Iterations 4
smoothSolver:  Solving for Uz, Initial residual = 0.0032052193, Final residual = 2.5050042e-05, No Iterations 4
GAMG:  Solving for p, Initial residual = 0.017513954, Final residual = 9.0743187e-05, No Iterations 2
GAMG:  Solving for p, Initial residual = 8.9189075e-05, Final residual = 6.7895112e-07, No Iterations 5
time step continuity errors : sum local = 5.6841222e-06, global = -1.1312765e-07, cumulative = -0.00069375867
smoothSolver:  Solving for epsilon, Initial residual = 0.0058804971, Final residual = 3.9618736e-05, No Iterations 3
smoothSolver:  Solving for k, Initial residual = 0.010195639, Final residual = 4.2733325e-05, No Iterations 4
bounding k, min: 0 max: 1435.3242 average: 443.35777
ExecutionTime = 0.08 s  ClockTime = 0 s

Time = 70

smoothSolver:  Solving for Ux, Initial residual = 0.017948819, Final residual = 0.00015936125, No Iterations 4
smoothSolver:  Solving for Uy, Initial residual = 0.0031181372, Final residual = 2.4436016e-05, No Iterations 4
smoothSolver:  Solving for Uz, Initial residual = 0.0031181373, Final residual = 2.4436013e-05, No Iterations 4
GAMG:  Solving for p, Initial residual = 0.016977421, Final residual = 8.7119676e-05, No Iterations 2
GAMG:  Solving for p, Initial residual = 8.567247e-05, Final residual = 7.4204437e-07, No Iterations 5
time step continuity errors : sum local = 6.2249036e-06, global = 5.2465929e-08, cumulative = -0.00069370621
smoothSolver:  Solving for epsilon, Initial residual = 0.0057243273, Final residual = 3.931001e-05, No Iterations 3
smoothSolver:  Solving for k, Initial residual = 0.0099549264, Final residual = 4.2177215e-05, No Iterations 4
bounding k, min: 0 max: 1448.097 average: 448.15072
ExecutionTime = 0.09 s  ClockTime = 0 s

Time = 71

smoothSolver:  Solving for Ux, Initial residual = 0.017921381, Final residual = 0.00015922919, No Iterations 4
smoothSolver:  Solving for Uy, Initial residual = 0.0030302106, Final residual = 2.3770156e-05, No Iterations 4
smoothSolver:  Solving for Uz, Initial residual = 0.0030302107, Final residual = 2.3770028e-05, No Iterations 4
GAMG:  Solving for p, Initial residual = 0.016470382, Final residual = 8.5386813e-05, No Iterations 2
GAMG:  Solving for p, Initial residual = 8.4008313e-05, Final residual = 8.339362e-07, No Iterations 10
time step continuity errors : sum local = 7.0099845e-06, global = 8.4152872e-07, cumulative = -0.00069286468
smoothSolver:  Solving for epsilon, Initial residual = 0.0055762039, Final residual = 3.9000399e-05, No Iterations 3
smoothSolver:  Solving for k, Initial residual = 0.0097256309, Final residual = 4.16325e-05, No Iterations 4
bounding k, min: 0 max: 1460.6061 average: 452.84625
ExecutionTime = 0.09 s  ClockTime = 0 s

Time = 72

smoothSolver:  Solving for Ux, Initial residual = 0.017964233, Final residual = 0.00015972375, No Iterations 4
smoothSolver:  Solving for Uy, Initial residual = 0.002946882, Final residual = 2.3113569e-05, No Iterations 4
smoothSolver:  Solving for Uz, Initial residual = 0.0029468824, Final residual = 2.3113565e-05, No Iterations 4
GAMG:  Solving for p, Initial residual = 0.015988724, Final residual = 8.4575327e-05, No Iterations 2
GAMG:  Solving for p, Initial residual = 8.3247364e-05, Final residual = 4.1764812e-07, No Iterations 11
time step continuity errors : sum local = 3.51771e-06, global = 3.9968128e-09, cumulative = -0.00069286068
smoothSolver:  Solving for epsilon, Initial residual = 0.0054354883, Final residual = 3.8690193e-05, No Iterations 3
smoothSolver:  Solving for k, Initial residual = 0.0095069505, Final residual = 4.1099097e-05, No Iterations 4
bounding k, min: 0 max: 1472.8615 average: 457.44797
ExecutionTime = 0.09 s  ClockTime = 0 s

Time = 73

smoothSolver:  Solving for Ux, Initial residual = 0.01800577, Final residual = 0.00016012534, No Iterations 4
smoothSolver:  Solving for Uy, Initial residual = 0.0028692545, Final residual = 2.2488076e-05, No Iterations 4
smoothSolver:  Solving for Uz, Initial residual = 0.0028692545, Final residual = 2.2488073e-05, No Iterations 4
GAMG:  Solving for p, Initial residual = 0.015530373, Final residual = 8.2699833e-05, No Iterations 2
GAMG:  Solving for p, Initial residual = 8.1436072e-05, Final residual = 5.8960496e-07, No Iterations 11
time step continuity errors : sum local = 4.9757642e-06, global = 2.0857196e-08, cumulative = -0.00069283983
smoothSolver:  Solving for epsilon, Initial residual = 0.0053018255, Final residual = 3.8381271e-05, No Iterations 3
smoothSolver:  Solving for k, Initial residual = 0.0092982673, Final residual = 4.0577518e-05, No Iterations 4
bounding k, min: 0 max: 1484.8731 average: 461.95934
ExecutionTime = 0.09 s  ClockTime = 0 s

Time = 74

smoothSolver:  Solving for Ux, Initial residual = 0.017955276, Final residual = 0.00015962155, No Iterations 4
smoothSolver:  Solving for Uy, Initial residual = 0.0027980293, Final residual = 2.1923182e-05, No Iterations 4
smoothSolver:  Solving for Uz, Initial residual = 0.0027980295, Final residual = 2.192318e-05, No Iterations 4
GAMG:  Solving for p, Initial residual = 0.015094661, Final residual = 7.9511193e-05, No Iterations 2
GAMG:  Solving for p, Initial residual = 7.8329039e-05, Final residual = 4.2217953e-07, No Iterations 13
time step continuity errors : sum local = 3.5696881e-06, global = 5.1413619e-09, cumulative = -0.00069283468
smoothSolver:  Solving for epsilon, Initial residual = 0.0051750565, Final residual = 3.8076572e-05, No Iterations 3
smoothSolver:  Solving for k, Initial residual = 0.009099103, Final residual = 4.0068645e-05, No Iterations 4
bounding k, min: 0 max: 1496.6512 average: 466.38371
ExecutionTime = 0.09 s  ClockTime = 0 s

Time = 75

smoothSolver:  Solving for Ux, Initial residual = 0.01777458, Final residual = 0.00015787228, No Iterations 4
smoothSolver:  Solving for Uy, Initial residual = 0.0027294936, Final residual = 2.1402155e-05, No Iterations 4
smoothSolver:  Solving for Uz, Initial residual = 0.0027294937, Final residual = 2.1402152e-05, No Iterations 4
GAMG:  Solving for p, Initial residual = 0.01468199, Final residual = 7.6387257e-05, No Iterations 2
GAMG:  Solving for p, Initial residual = 7.5282051e-05, Final residual = 6.3016044e-07, No Iterations 9
time step continuity errors : sum local = 5.3383323e-06, global = 2.1558537e-08, cumulative = -0.00069281313
smoothSolver:  Solving for epsilon, Initial residual = 0.0050549743, Final residual = 3.7778361e-05, No Iterations 3
smoothSolver:  Solving for k, Initial residual = 0.0089089905, Final residual = 3.9573043e-05, No Iterations 4
bounding k, min: 0 max: 1508.206 average: 470.7243
ExecutionTime = 0.09 s  ClockTime = 0 s

Time = 76

smoothSolver:  Solving for Ux, Initial residual = 0.017509145, Final residual = 0.00015531997, No Iterations 4
smoothSolver:  Solving for Uy, Initial residual = 0.0026640362, Final residual = 2.090756e-05, No Iterations 4
smoothSolver:  Solving for Uz, Initial residual = 0.0026640363, Final residual = 2.0907557e-05, No Iterations 4
GAMG:  Solving for p, Initial residual = 0.014291515, Final residual = 7.4097495e-05, No Iterations 2
GAMG:  Solving for p, Initial residual = 7.305353e-05, Final residual = 6.2910148e-07, No Iterations 7
time step continuity errors : sum local = 5.3393041e-06, global = 3.2240376e-08, cumulative = -0.00069278089
smoothSolver:  Solving for epsilon, Initial residual = 0.0049411538, Final residual = 3.7486955e-05, No Iterations 3
smoothSolver:  Solving for k, Initial residual = 0.0087273826, Final residual = 3.9090488e-05, No Iterations 4
bounding k, min: 0 max: 1519.5468 average: 474.98423
ExecutionTime = 0.09 s  ClockTime = 0 s

Time = 77

smoothSolver:  Solving for Ux, Initial residual = 0.017230083, Final residual = 0.00015270864, No Iterations 4
smoothSolver:  Solving for Uy, Initial residual = 0.002602028, Final residual = 2.0421699e-05, No Iterations 4
smoothSolver:  Solving for Uz, Initial residual = 0.0026020281, Final residual = 2.0421696e-05, No Iterations 4
GAMG:  Solving for p, Initial residual = 0.013921301, Final residual = 7.2500481e-05, No Iterations 2
GAMG:  Solving for p, Initial residual = 7.1505179e-05, Final residual = 6.901823e-07, No Iterations 10
time step continuity errors : sum local = 5.8684861e-06, global = 5.614776e-07, cumulative = -0.00069221941
smoothSolver:  Solving for epsilon, Initial residual = 0.0048329931, Final residual = 3.7200999e-05, No Iterations 3
smoothSolver:  Solving for k, Initial residual = 0.0085536678, Final residual = 3.8620124e-05, No Iterations 4
bounding k, min: 0 max: 1530.6822 average: 479.16643
ExecutionTime = 0.09 s  ClockTime = 0 s

Time = 78

smoothSolver:  Solving for Ux, Initial residual = 0.017001636, Final residual = 0.00015063642, No Iterations 4
smoothSolver:  Solving for Uy, Initial residual = 0.0025436303, Final residual = 1.994236e-05, No Iterations 4
smoothSolver:  Solving for Uz, Initial residual = 0.0025436304, Final residual = 1.9942357e-05, No Iterations 4
GAMG:  Solving for p, Initial residual = 0.013569089, Final residual = 7.1287065e-05, No Iterations 2
GAMG:  Solving for p, Initial residual = 7.0332916e-05, Final residual = 4.121517e-07, No Iterations 13
time step continuity errors : sum local = 3.5108068e-06, global = 4.7667737e-09, cumulative = -0.00069221464
smoothSolver:  Solving for epsilon, Initial residual = 0.0047298899, Final residual = 3.691879e-05, No Iterations 3
smoothSolver:  Solving for k, Initial residual = 0.0083872552, Final residual = 3.8161007e-05, No Iterations 4
bounding k, min: 0 max: 1541.6194 average: 483.27364
ExecutionTime = 0.09 s  ClockTime = 0 s

Time = 79

smoothSolver:  Solving for Ux, Initial residual = 0.016831336, Final residual = 0.00014894762, No Iterations 4
smoothSolver:  Solving for Uy, Initial residual = 0.0024880689, Final residual = 1.9475521e-05, No Iterations 4
smoothSolver:  Solving for Uz, Initial residual = 0.0024880689, Final residual = 1.9475519e-05, No Iterations 4
GAMG:  Solving for p, Initial residual = 0.013233094, Final residual = 6.9650417e-05, No Iterations 2
GAMG:  Solving for p, Initial residual = 6.8740977e-05, Final residual = 3.2964048e-07, No Iterations 13
time step continuity errors : sum local = 2.8129862e-06, global = 4.2118655e-09, cumulative = -0.00069221043
smoothSolver:  Solving for epsilon, Initial residual = 0.0046313878, Final residual = 3.6639445e-05, No Iterations 3
smoothSolver:  Solving for k, Initial residual = 0.0082276462, Final residual = 3.7712537e-05, No Iterations 4
bounding k, min: 0 max: 1552.365 average: 487.30846
ExecutionTime = 0.09 s  ClockTime = 0 s

Time = 80

smoothSolver:  Solving for Ux, Initial residual = 0.016679189, Final residual = 0.00014739845, No Iterations 4
smoothSolver:  Solving for Uy, Initial residual = 0.002434744, Final residual = 1.902774e-05, No Iterations 4
smoothSolver:  Solving for Uz, Initial residual = 0.002434744, Final residual = 1.9027738e-05, No Iterations 4
GAMG:  Solving for p, Initial residual = 0.01291228, Final residual = 6.7578044e-05, No Iterations 2
GAMG:  Solving for p, Initial residual = 6.6716765e-05, Final residual = 5.4731186e-07, No Iterations 15
time step continuity errors : sum local = 4.678744e-06, global = -9.4569421e-08, cumulative = -0.000692305
smoothSolver:  Solving for epsilon, Initial residual = 0.004537227, Final residual = 3.636338e-05, No Iterations 3
smoothSolver:  Solving for k, Initial residual = 0.0080744512, Final residual = 3.727458e-05, No Iterations 4
bounding k, min: 0 max: 1562.9258 average: 491.27339
ExecutionTime = 0.09 s  ClockTime = 0 s

Time = 81

smoothSolver:  Solving for Ux, Initial residual = 0.016469934, Final residual = 0.00014541273, No Iterations 4
smoothSolver:  Solving for Uy, Initial residual = 0.0023833975, Final residual = 1.8601739e-05, No Iterations 4
smoothSolver:  Solving for Uz, Initial residual = 0.0023833976, Final residual = 1.8601755e-05, No Iterations 4
GAMG:  Solving for p, Initial residual = 0.012605814, Final residual = 6.5810305e-05, No Iterations 2
GAMG:  Solving for p, Initial residual = 6.4991183e-05, Final residual = 6.2856353e-07, No Iterations 12
time step continuity errors : sum local = 5.3827173e-06, global = 6.2898542e-07, cumulative = -0.00069167601
smoothSolver:  Solving for epsilon, Initial residual = 0.0044472477, Final residual = 3.6091624e-05, No Iterations 3
smoothSolver:  Solving for k, Initial residual = 0.0079273243, Final residual = 3.6847093e-05, No Iterations 4
bounding k, min: 0 max: 1573.3081 average: 495.17082
ExecutionTime = 0.1 s  ClockTime = 0 s

Time = 82

smoothSolver:  Solving for Ux, Initial residual = 0.016170522, Final residual = 0.00014268188, No Iterations 4
smoothSolver:  Solving for Uy, Initial residual = 0.0023340954, Final residual = 1.8199803e-05, No Iterations 4
smoothSolver:  Solving for Uz, Initial residual = 0.0023340955, Final residual = 1.81998e-05, No Iterations 4
GAMG:  Solving for p, Initial residual = 0.01231324, Final residual = 6.4334957e-05, No Iterations 2
GAMG:  Solving for p, Initial residual = 6.3552536e-05, Final residual = 5.9463505e-07, No Iterations 11
time step continuity errors : sum local = 5.1009619e-06, global = -1.5205952e-07, cumulative = -0.00069182807
smoothSolver:  Solving for epsilon, Initial residual = 0.0043612788, Final residual = 3.5824952e-05, No Iterations 3
smoothSolver:  Solving for k, Initial residual = 0.0077859908, Final residual = 3.6430191e-05, No Iterations 4
bounding k, min: 0 max: 1583.5184 average: 499.00306
ExecutionTime = 0.1 s  ClockTime = 0 s

Time = 83

smoothSolver:  Solving for Ux, Initial residual = 0.015836899, Final residual = 0.00013968376, No Iterations 4
smoothSolver:  Solving for Uy, Initial residual = 0.0022869368, Final residual = 1.7816175e-05, No Iterations 4
smoothSolver:  Solving for Uz, Initial residual = 0.0022869368, Final residual = 1.7816173e-05, No Iterations 4
GAMG:  Solving for p, Initial residual = 0.01203387, Final residual = 6.324185e-05, No Iterations 2
GAMG:  Solving for p, Initial residual = 6.2489969e-05, Final residual = 6.0666412e-07, No Iterations 12
time step continuity errors : sum local = 5.2130366e-06, global = 6.2399502e-07, cumulative = -0.00069120408
smoothSolver:  Solving for epsilon, Initial residual = 0.0042790986, Final residual = 3.5563557e-05, No Iterations 3
smoothSolver:  Solving for k, Initial residual = 0.0076501691, Final residual = 3.6023784e-05, No Iterations 4
bounding k, min: 0 max: 1593.5627 average: 502.7723
ExecutionTime = 0.1 s  ClockTime = 0 s

Time = 84

smoothSolver:  Solving for Ux, Initial residual = 0.015493445, Final residual = 0.00013654381, No Iterations 4
smoothSolver:  Solving for Uy, Initial residual = 0.0022419537, Final residual = 1.7444716e-05, No Iterations 4
smoothSolver:  Solving for Uz, Initial residual = 0.0022419538, Final residual = 1.7444714e-05, No Iterations 4
GAMG:  Solving for p, Initial residual = 0.011766873, Final residual = 6.2157112e-05, No Iterations 2
GAMG:  Solving for p, Initial residual = 6.1434347e-05, Final residual = 6.1433404e-07, No Iterations 13
time step continuity errors : sum local = 5.2878621e-06, global = -4.7937815e-08, cumulative = -0.00069125202
smoothSolver:  Solving for epsilon, Initial residual = 0.0042004514, Final residual = 3.530719e-05, No Iterations 3
smoothSolver:  Solving for k, Initial residual = 0.0075195469, Final residual = 3.5627501e-05, No Iterations 4
bounding k, min: 0 max: 1603.4466 average: 506.48064
ExecutionTime = 0.1 s  ClockTime = 0 s

Time = 85

smoothSolver:  Solving for Ux, Initial residual = 0.015158839, Final residual = 0.00013344554, No Iterations 4
smoothSolver:  Solving for Uy, Initial residual = 0.0021989269, Final residual = 1.7085223e-05, No Iterations 4
smoothSolver:  Solving for Uz, Initial residual = 0.0021989269, Final residual = 1.7085221e-05, No Iterations 4
GAMG:  Solving for p, Initial residual = 0.011511311, Final residual = 6.0949834e-05, No Iterations 2
GAMG:  Solving for p, Initial residual = 6.0256337e-05, Final residual = 5.7451005e-07, No Iterations 13
time step continuity errors : sum local = 4.953347e-06, global = -2.9532708e-08, cumulative = -0.00069128155
smoothSolver:  Solving for epsilon, Initial residual = 0.0041250886, Final residual = 3.5055486e-05, No Iterations 3
smoothSolver:  Solving for k, Initial residual = 0.0073938262, Final residual = 3.5240943e-05, No Iterations 4
bounding k, min: 0 max: 1613.1755 average: 510.13008
ExecutionTime = 0.1 s  ClockTime = 0 s

Time = 86

smoothSolver:  Solving for Ux, Initial residual = 0.014832233, Final residual = 0.00013039989, No Iterations 4
smoothSolver:  Solving for Uy, Initial residual = 0.0021576417, Final residual = 1.6737643e-05, No Iterations 4
smoothSolver:  Solving for Uz, Initial residual = 0.0021576418, Final residual = 1.6737642e-05, No Iterations 4
GAMG:  Solving for p, Initial residual = 0.011266388, Final residual = 5.9611159e-05, No Iterations 2
GAMG:  Solving for p, Initial residual = 5.8947169e-05, Final residual = 5.8107696e-07, No Iterations 14
time step continuity errors : sum local = 5.0182599e-06, global = 5.9728783e-07, cumulative = -0.00069068426
smoothSolver:  Solving for epsilon, Initial residual = 0.004052799, Final residual = 3.4808246e-05, No Iterations 3
smoothSolver:  Solving for k, Initial residual = 0.007272739, Final residual = 3.4863792e-05, No Iterations 4
bounding k, min: 0 max: 1622.7543 average: 513.72252
ExecutionTime = 0.1 s  ClockTime = 0 s

Time = 87

smoothSolver:  Solving for Ux, Initial residual = 0.014506421, Final residual = 0.00012736408, No Iterations 4
smoothSolver:  Solving for Uy, Initial residual = 0.002117917, Final residual = 1.6402182e-05, No Iterations 4
smoothSolver:  Solving for Uz, Initial residual = 0.002117917, Final residual = 1.640218e-05, No Iterations 4
GAMG:  Solving for p, Initial residual = 0.011031468, Final residual = 5.82501e-05, No Iterations 2
GAMG:  Solving for p, Initial residual = 5.7614652e-05, Final residual = 5.6513025e-07, No Iterations 11
time step continuity errors : sum local = 4.8885434e-06, global = -1.5923773e-07, cumulative = -0.0006908435
smoothSolver:  Solving for epsilon, Initial residual = 0.0039834075, Final residual = 3.4565448e-05, No Iterations 3
smoothSolver:  Solving for k, Initial residual = 0.0071560465, Final residual = 3.4495803e-05, No Iterations 4
bounding k, min: 0 max: 1632.1878 average: 517.25978
ExecutionTime = 0.1 s  ClockTime = 0 s

Time = 88

smoothSolver:  Solving for Ux, Initial residual = 0.014178641, Final residual = 0.00012436491, No Iterations 4
smoothSolver:  Solving for Uy, Initial residual = 0.0020796181, Final residual = 1.6079359e-05, No Iterations 4
smoothSolver:  Solving for Uz, Initial residual = 0.0020796181, Final residual = 1.6079357e-05, No Iterations 4
GAMG:  Solving for p, Initial residual = 0.010805993, Final residual = 5.72137e-05, No Iterations 2
GAMG:  Solving for p, Initial residual = 5.6602183e-05, Final residual = 4.883493e-07, No Iterations 10
time step continuity errors : sum local = 4.2312261e-06, global = 3.554303e-07, cumulative = -0.00069048807
smoothSolver:  Solving for epsilon, Initial residual = 0.0039167564, Final residual = 3.4327101e-05, No Iterations 3
smoothSolver:  Solving for k, Initial residual = 0.0070435274, Final residual = 3.4136743e-05, No Iterations 4
bounding k, min: 0 max: 1641.4804 average: 520.7436
ExecutionTime = 0.1 s  ClockTime = 0 s

Time = 89

smoothSolver:  Solving for Ux, Initial residual = 0.013850595, Final residual = 0.00012135506, No Iterations 4
smoothSolver:  Solving for Uy, Initial residual = 0.0020425916, Final residual = 1.5766254e-05, No Iterations 4
smoothSolver:  Solving for Uz, Initial residual = 0.0020425916, Final residual = 1.5766252e-05, No Iterations 4
GAMG:  Solving for p, Initial residual = 0.010589473, Final residual = 5.6337849e-05, No Iterations 2
GAMG:  Solving for p, Initial residual = 5.5747638e-05, Final residual = 4.9729735e-07, No Iterations 12
time step continuity errors : sum local = 4.3156892e-06, global = 5.0586683e-07, cumulative = -0.0006899822
smoothSolver:  Solving for epsilon, Initial residual = 0.0038526898, Final residual = 3.4093141e-05, No Iterations 3
smoothSolver:  Solving for k, Initial residual = 0.0069349709, Final residual = 3.3786361e-05, No Iterations 4
bounding k, min: 0 max: 1650.6365 average: 524.17565
ExecutionTime = 0.1 s  ClockTime = 0 s

Time = 90

smoothSolver:  Solving for Ux, Initial residual = 0.013525251, Final residual = 0.00011834046, No Iterations 4
smoothSolver:  Solving for Uy, Initial residual = 0.0020069818, Final residual = 1.5463543e-05, No Iterations 4
smoothSolver:  Solving for Uz, Initial residual = 0.0020069819, Final residual = 1.5463541e-05, No Iterations 4
GAMG:  Solving for p, Initial residual = 0.010381398, Final residual = 5.5437854e-05, No Iterations 2
GAMG:  Solving for p, Initial residual = 5.4868369e-05, Final residual = 5.4238842e-07, No Iterations 13
time step continuity errors : sum local = 4.714511e-06, global = -1.7155104e-07, cumulative = -0.00069015375
smoothSolver:  Solving for epsilon, Initial residual = 0.0037910615, Final residual = 3.3863493e-05, No Iterations 3
smoothSolver:  Solving for k, Initial residual = 0.0068301794, Final residual = 3.3444406e-05, No Iterations 4
bounding k, min: 0 max: 1659.6601 average: 527.55753
ExecutionTime = 0.1 s  ClockTime = 0 s

Time = 91

smoothSolver:  Solving for Ux, Initial residual = 0.013200279, Final residual = 0.0001153283, No Iterations 4
smoothSolver:  Solving for Uy, Initial residual = 0.0019727215, Final residual = 1.5171203e-05, No Iterations 4
smoothSolver:  Solving for Uz, Initial residual = 0.0019727216, Final residual = 1.5171202e-05, No Iterations 4
GAMG:  Solving for p, Initial residual = 0.010181267, Final residual = 5.4516979e-05, No Iterations 2
GAMG:  Solving for p, Initial residual = 5.3967639e-05, Final residual = 5.3403221e-07, No Iterations 13
time step continuity errors : sum local = 4.649219e-06, global = -1.6021266e-07, cumulative = -0.00069031396
smoothSolver:  Solving for epsilon, Initial residual = 0.0037317446, Final residual = 3.3638152e-05, No Iterations 3
smoothSolver:  Solving for k, Initial residual = 0.0067281154, Final residual = 3.3106447e-05, No Iterations 4
bounding k, min: 0 max: 1668.5554 average: 530.89075
ExecutionTime = 0.1 s  ClockTime = 0 s

Time = 92

smoothSolver:  Solving for Ux, Initial residual = 0.012869336, Final residual = 0.0001122682, No Iterations 4
smoothSolver:  Solving for Uy, Initial residual = 0.00193974, Final residual = 1.4888597e-05, No Iterations 4
smoothSolver:  Solving for Uz, Initial residual = 0.0019397401, Final residual = 1.4888595e-05, No Iterations 4
GAMG:  Solving for p, Initial residual = 0.0099886521, Final residual = 5.3561244e-05, No Iterations 2
GAMG:  Solving for p, Initial residual = 5.3031642e-05, Final residual = 4.7698227e-07, No Iterations 12
time step continuity errors : sum local = 4.1590616e-06, global = 4.8961117e-07, cumulative = -0.00068982435
smoothSolver:  Solving for epsilon, Initial residual = 0.0036746278, Final residual = 3.3417178e-05, No Iterations 3
smoothSolver:  Solving for k, Initial residual = 0.0066275809, Final residual = 3.2767133e-05, No Iterations 4
bounding k, min: 0 max: 1677.3259 average: 534.17679
ExecutionTime = 0.11 s  ClockTime = 0 s

Time = 93

smoothSolver:  Solving for Ux, Initial residual = 0.012530368, Final residual = 0.00010914701, No Iterations 4
smoothSolver:  Solving for Uy, Initial residual = 0.0019079554, Final residual = 1.461553e-05, No Iterations 4
smoothSolver:  Solving for Uz, Initial residual = 0.0019079554, Final residual = 1.4615527e-05, No Iterations 4
GAMG:  Solving for p, Initial residual = 0.009803178, Final residual = 5.259468e-05, No Iterations 2
GAMG:  Solving for p, Initial residual = 5.2084197e-05, Final residual = 4.6130986e-07, No Iterations 10
time step continuity errors : sum local = 4.0286622e-06, global = 3.7529055e-07, cumulative = -0.00068944906
smoothSolver:  Solving for epsilon, Initial residual = 0.0036196053, Final residual = 3.3200592e-05, No Iterations 3
smoothSolver:  Solving for k, Initial residual = 0.0065300712, Final residual = 3.2434345e-05, No Iterations 4
bounding k, min: 0 max: 1685.9756 average: 537.41704
ExecutionTime = 0.11 s  ClockTime = 0 s

Time = 94

smoothSolver:  Solving for Ux, Initial residual = 0.012190277, Final residual = 0.00010604302, No Iterations 4
smoothSolver:  Solving for Uy, Initial residual = 0.0018773029, Final residual = 1.4352489e-05, No Iterations 4
smoothSolver:  Solving for Uz, Initial residual = 0.001877303, Final residual = 1.4352486e-05, No Iterations 4
GAMG:  Solving for p, Initial residual = 0.0096244872, Final residual = 5.1763598e-05, No Iterations 2
GAMG:  Solving for p, Initial residual = 5.1270257e-05, Final residual = 4.7847421e-07, No Iterations 9
time step continuity errors : sum local = 4.1850076e-06, global = 1.4284905e-07, cumulative = -0.00068930621
smoothSolver:  Solving for epsilon, Initial residual = 0.0035665661, Final residual = 3.2988297e-05, No Iterations 3
smoothSolver:  Solving for k, Initial residual = 0.0064334311, Final residual = 3.209785e-05, No Iterations 4
bounding k, min: 0 max: 1694.5077 average: 540.61285
ExecutionTime = 0.11 s  ClockTime = 0 s

Time = 95

smoothSolver:  Solving for Ux, Initial residual = 0.011852003, Final residual = 0.00010295697, No Iterations 4
smoothSolver:  Solving for Uy, Initial residual = 0.0018477339, Final residual = 1.4098581e-05, No Iterations 4
smoothSolver:  Solving for Uz, Initial residual = 0.0018477339, Final residual = 1.409858e-05, No Iterations 4
GAMG:  Solving for p, Initial residual = 0.0094522279, Final residual = 5.1035908e-05, No Iterations 2
GAMG:  Solving for p, Initial residual = 5.0558133e-05, Final residual = 4.7480509e-07, No Iterations 10
time step continuity errors : sum local = 4.1592736e-06, global = 4.2484262e-07, cumulative = -0.00068888137
smoothSolver:  Solving for epsilon, Initial residual = 0.0035153963, Final residual = 3.2780103e-05, No Iterations 3
smoothSolver:  Solving for k, Initial residual = 0.0063399544, Final residual = 3.176949e-05, No Iterations 4
bounding k, min: 0 max: 1702.9256 average: 543.7655
ExecutionTime = 0.11 s  ClockTime = 0 s

Time = 96

smoothSolver:  Solving for Ux, Initial residual = 0.011515218, Final residual = 9.9864646e-05, No Iterations 4
smoothSolver:  Solving for Uy, Initial residual = 0.0018191938, Final residual = 1.3852334e-05, No Iterations 4
smoothSolver:  Solving for Uz, Initial residual = 0.0018191939, Final residual = 1.3852333e-05, No Iterations 4
GAMG:  Solving for p, Initial residual = 0.0092860415, Final residual = 5.031225e-05, No Iterations 2
GAMG:  Solving for p, Initial residual = 4.9849458e-05, Final residual = 4.9731934e-07, No Iterations 10
time step continuity errors : sum local = 4.3631166e-06, global = 4.6123532e-07, cumulative = -0.00068842014
smoothSolver:  Solving for epsilon, Initial residual = 0.0034659917, Final residual = 3.2575851e-05, No Iterations 3
smoothSolver:  Solving for k, Initial residual = 0.0062494914, Final residual = 3.1448996e-05, No Iterations 4
bounding k, min: 0 max: 1711.2324 average: 546.87622
ExecutionTime = 0.11 s  ClockTime = 0 s

Time = 97

smoothSolver:  Solving for Ux, Initial residual = 0.011179415, Final residual = 9.6776343e-05, No Iterations 4
smoothSolver:  Solving for Uy, Initial residual = 0.0017916424, Final residual = 1.3613907e-05, No Iterations 4
smoothSolver:  Solving for Uz, Initial residual = 0.0017916424, Final residual = 1.3613898e-05, No Iterations 4
GAMG:  Solving for p, Initial residual = 0.0091255736, Final residual = 4.9572113e-05, No Iterations 2
GAMG:  Solving for p, Initial residual = 4.9123938e-05, Final residual = 4.7806442e-07, No Iterations 10
time step continuity errors : sum local = 4.2005128e-06, global = 4.4107269e-07, cumulative = -0.00068797906
smoothSolver:  Solving for epsilon, Initial residual = 0.0034182626, Final residual = 3.2375458e-05, No Iterations 3
smoothSolver:  Solving for k, Initial residual = 0.0061619052, Final residual = 3.1136135e-05, No Iterations 4
bounding k, min: 0 max: 1719.4312 average: 549.9462
ExecutionTime = 0.11 s  ClockTime = 0 s

Time = 98

smoothSolver:  Solving for Ux, Initial residual = 0.010848076, Final residual = 9.3737704e-05, No Iterations 4
smoothSolver:  Solving for Uy, Initial residual = 0.0017650241, Final residual = 1.3385749e-05, No Iterations 4
smoothSolver:  Solving for Uz, Initial residual = 0.0017650241, Final residual = 1.3385747e-05, No Iterations 4
GAMG:  Solving for p, Initial residual = 0.008970521, Final residual = 4.8839406e-05, No Iterations 2
GAMG:  Solving for p, Initial residual = 4.8405291e-05, Final residual = 4.4957446e-07, No Iterations 10
time step continuity errors : sum local = 3.9560987e-06, global = 4.0427427e-07, cumulative = -0.00068757479
smoothSolver:  Solving for epsilon, Initial residual = 0.0033721322, Final residual = 3.217891e-05, No Iterations 3
smoothSolver:  Solving for k, Initial residual = 0.0060770708, Final residual = 3.0830705e-05, No Iterations 4
bounding k, min: 0 max: 1727.5249 average: 552.97657
ExecutionTime = 0.11 s  ClockTime = 0 s

Time = 99

smoothSolver:  Solving for Ux, Initial residual = 0.010518395, Final residual = 9.0730675e-05, No Iterations 4
smoothSolver:  Solving for Uy, Initial residual = 0.0017392857, Final residual = 1.3165887e-05, No Iterations 4
smoothSolver:  Solving for Uz, Initial residual = 0.0017392857, Final residual = 1.3165887e-05, No Iterations 4
GAMG:  Solving for p, Initial residual = 0.0088206382, Final residual = 4.8146076e-05, No Iterations 2
GAMG:  Solving for p, Initial residual = 4.7725212e-05, Final residual = 4.3825899e-07, No Iterations 9
time step continuity errors : sum local = 3.8622573e-06, global = 9.0034655e-08, cumulative = -0.00068748475
smoothSolver:  Solving for epsilon, Initial residual = 0.0033275301, Final residual = 3.1986204e-05, No Iterations 3
smoothSolver:  Solving for k, Initial residual = 0.0059948709, Final residual = 3.0532513e-05, No Iterations 4
bounding k, min: 0 max: 1735.5163 average: 555.96842
ExecutionTime = 0.11 s  ClockTime = 0 s

Time = 100

smoothSolver:  Solving for Ux, Initial residual = 0.01019228, Final residual = 8.7770679e-05, No Iterations 4
smoothSolver:  Solving for Uy, Initial residual = 0.0017143824, Final residual = 1.2953408e-05, No Iterations 4
smoothSolver:  Solving for Uz, Initial residual = 0.0017143825, Final residual = 1.2953407e-05, No Iterations 4
GAMG:  Solving for p, Initial residual = 0.0086757073, Final residual = 4.7512264e-05, No Iterations 2
GAMG:  Solving for p, Initial residual = 4.7103708e-05, Final residual = 4.3230849e-07, No Iterations 9
time step continuity errors : sum local = 3.8154382e-06, global = 6.9509559e-08, cumulative = -0.00068741524
smoothSolver:  Solving for epsilon, Initial residual = 0.0032843863, Final residual = 3.1797297e-05, No Iterations 3
smoothSolver:  Solving for k, Initial residual = 0.0059151931, Final residual = 3.024136e-05, No Iterations 4
bounding k, min: 0 max: 1743.4081 average: 558.92279
ExecutionTime = 0.11 s  ClockTime = 0 s

surfaceFieldValue outFlow write:
    total faces   = 64
    total area    = 0.026752

    average(outlet) of U = (24.029714 3.089718e-08 8.0124159e-08)

surfaceFieldValue pIn write:
    total faces   = 64
    total area    = 0.026752

    average(inlet) of p = 7.4734797

surfaceFieldValue pOut write:
    total faces   = 64
    total area    = 0.026752

    average(outlet) of p = 0

Time = 101

smoothSolver:  Solving for Ux, Initial residual = 0.0098705943, Final residual = 8.4850385e-05, No Iterations 4
smoothSolver:  Solving for Uy, Initial residual = 0.0016902872, Final residual = 1.2747538e-05, No Iterations 4
smoothSolver:  Solving for Uz, Initial residual = 0.0016902872, Final residual = 1.2747537e-05, No Iterations 4
GAMG:  Solving for p, Initial residual = 0.0085354886, Final residual = 4.6899228e-05, No Iterations 2
GAMG:  Solving for p, Initial residual = 4.6502409e-05, Final residual = 4.3984071e-07, No Iterations 10
time step continuity errors : sum local = 3.8876029e-06, global = 4.1036452e-07, cumulative = -0.00068700488
smoothSolver:  Solving for epsilon, Initial residual = 0.0032426329, Final residual = 3.1612139e-05, No Iterations 3
smoothSolver:  Solving for k, Initial residual = 0.00583793, Final residual = 2.9957047e-05, No Iterations 4
bounding k, min: 0 max: 1751.2029 average: 561.84068
ExecutionTime = 0.11 s  ClockTime = 0 s

Time = 102

smoothSolver:  Solving for Ux, Initial residual = 0.0095533334, Final residual = 8.1971507e-05, No Iterations 4
smoothSolver:  Solving for Uy, Initial residual = 0.0016669749, Final residual = 1.2547812e-05, No Iterations 4
smoothSolver:  Solving for Uz, Initial residual = 0.0016669749, Final residual = 1.2547809e-05, No Iterations 4
GAMG:  Solving for p, Initial residual = 0.0083997394, Final residual = 4.6270155e-05, No Iterations 2
GAMG:  Solving for p, Initial residual = 4.5884835e-05, Final residual = 4.1898898e-07, No Iterations 9
time step continuity errors : sum local = 3.7086896e-06, global = 7.4753022e-08, cumulative = -0.00068693013
smoothSolver:  Solving for epsilon, Initial residual = 0.0032022033, Final residual = 3.1430629e-05, No Iterations 3
smoothSolver:  Solving for k, Initial residual = 0.0057629795, Final residual = 2.967937e-05, No Iterations 4
bounding k, min: 0 max: 1758.9033 average: 564.72307
ExecutionTime = 0.12 s  ClockTime = 0 s

Time = 103

smoothSolver:  Solving for Ux, Initial residual = 0.0092452716, Final residual = 7.9179002e-05, No Iterations 4
smoothSolver:  Solving for Uy, Initial residual = 0.0016443877, Final residual = 1.2354554e-05, No Iterations 4
smoothSolver:  Solving for Uz, Initial residual = 0.0016443878, Final residual = 1.2354553e-05, No Iterations 4
GAMG:  Solving for p, Initial residual = 0.0082682489, Final residual = 4.5672634e-05, No Iterations 2
GAMG:  Solving for p, Initial residual = 4.5298198e-05, Final residual = 4.0941395e-07, No Iterations 9
time step continuity errors : sum local = 3.6291728e-06, global = 8.4416783e-08, cumulative = -0.00068684571
smoothSolver:  Solving for epsilon, Initial residual = 0.0031630354, Final residual = 3.1252674e-05, No Iterations 3
smoothSolver:  Solving for k, Initial residual = 0.0056902439, Final residual = 2.940813e-05, No Iterations 4
bounding k, min: 0 max: 1766.5115 average: 567.57089
ExecutionTime = 0.12 s  ClockTime = 0 s

Time = 104

smoothSolver:  Solving for Ux, Initial residual = 0.0089450305, Final residual = 7.6456803e-05, No Iterations 4
smoothSolver:  Solving for Uy, Initial residual = 0.0016225101, Final residual = 1.2167148e-05, No Iterations 4
smoothSolver:  Solving for Uz, Initial residual = 0.0016225102, Final residual = 1.2167148e-05, No Iterations 4
GAMG:  Solving for p, Initial residual = 0.0081408196, Final residual = 4.5098691e-05, No Iterations 2
GAMG:  Solving for p, Initial residual = 4.4734614e-05, Final residual = 3.990077e-07, No Iterations 9
time step continuity errors : sum local = 3.5420052e-06, global = 8.9639687e-08, cumulative = -0.00068675607
smoothSolver:  Solving for epsilon, Initial residual = 0.0031250626, Final residual = 3.1078108e-05, No Iterations 3
smoothSolver:  Solving for k, Initial residual = 0.0056196319, Final residual = 2.9143138e-05, No Iterations 4
bounding k, min: 0 max: 1774.03 average: 570.38501
ExecutionTime = 0.12 s  ClockTime = 0 s

Time = 105

smoothSolver:  Solving for Ux, Initial residual = 0.0086526235, Final residual = 7.3817586e-05, No Iterations 4
smoothSolver:  Solving for Uy, Initial residual = 0.0016013046, Final residual = 1.19853e-05, No Iterations 4
smoothSolver:  Solving for Uz, Initial residual = 0.0016013046, Final residual = 1.19853e-05, No Iterations 4
GAMG:  Solving for p, Initial residual = 0.0080172577, Final residual = 4.4544851e-05, No Iterations 2
GAMG:  Solving for p, Initial residual = 4.4190663e-05, Final residual = 3.8805506e-07, No Iterations 9
time step continuity errors : sum local = 3.4496897e-06, global = 9.211859e-08, cumulative = -0.00068666395
smoothSolver:  Solving for epsilon, Initial residual = 0.0030881794, Final residual = 6.8109159e-06, No Iterations 4
smoothSolver:  Solving for k, Initial residual = 0.0055464877, Final residual = 2.8858369e-05, No Iterations 4
bounding k, min: 0 max: 1781.4528 average: 573.16416
ExecutionTime = 0.12 s  ClockTime = 0 s

Time = 106

smoothSolver:  Solving for Ux, Initial residual = 0.0083655516, Final residual = 7.1265835e-05, No Iterations 4
smoothSolver:  Solving for Uy, Initial residual = 0.0015719035, Final residual = 1.1619689e-05, No Iterations 4
smoothSolver:  Solving for Uz, Initial residual = 0.0015719035, Final residual = 1.1619687e-05, No Iterations 4
GAMG:  Solving for p, Initial residual = 0.0078772181, Final residual = 4.4140842e-05, No Iterations 2
GAMG:  Solving for p, Initial residual = 4.3795952e-05, Final residual = 3.7458189e-07, No Iterations 9
time step continuity errors : sum local = 3.3345641e-06, global = 9.2616997e-08, cumulative = -0.00068657134
smoothSolver:  Solving for epsilon, Initial residual = 0.0030403072, Final residual = 6.7579594e-06, No Iterations 4
smoothSolver:  Solving for k, Initial residual = 0.0054743426, Final residual = 2.8572627e-05, No Iterations 4
bounding k, min: 0 max: 1788.7793 average: 575.90889
ExecutionTime = 0.12 s  ClockTime = 0 s

Time = 107

smoothSolver:  Solving for Ux, Initial residual = 0.0080861462, Final residual = 6.8778612e-05, No Iterations 4
smoothSolver:  Solving for Uy, Initial residual = 0.0015493725, Final residual = 1.1423946e-05, No Iterations 4
smoothSolver:  Solving for Uz, Initial residual = 0.0015493725, Final residual = 1.1423944e-05, No Iterations 4
GAMG:  Solving for p, Initial residual = 0.0077453379, Final residual = 4.371442e-05, No Iterations 2
GAMG:  Solving for p, Initial residual = 4.3378539e-05, Final residual = 3.5835447e-07, No Iterations 9
time step continuity errors : sum local = 3.1945058e-06, global = 9.2308403e-08, cumulative = -0.00068647903
smoothSolver:  Solving for epsilon, Initial residual = 0.0029976479, Final residual = 6.7149079e-06, No Iterations 4
smoothSolver:  Solving for k, Initial residual = 0.005405859, Final residual = 2.8303317e-05, No Iterations 4
bounding k, min: 0 max: 1796.0157 average: 578.62081
ExecutionTime = 0.12 s  ClockTime = 0 s

Time = 108

smoothSolver:  Solving for Ux, Initial residual = 0.0078137696, Final residual = 6.6352638e-05, No Iterations 4
smoothSolver:  Solving for Uy, Initial residual = 0.0015287296, Final residual = 1.1351226e-05, No Iterations 4
smoothSolver:  Solving for Uz, Initial residual = 0.0015287296, Final residual = 1.1351225e-05, No Iterations 4
GAMG:  Solving for p, Initial residual = 0.0076264508, Final residual = 4.3048401e-05, No Iterations 2
GAMG:  Solving for p, Initial residual = 4.2722676e-05, Final residual = 3.4356942e-07, No Iterations 9
time step continuity errors : sum local = 3.0669266e-06, global = 9.6824284e-08, cumulative = -0.0006863822
smoothSolver:  Solving for epsilon, Initial residual = 0.0029587413, Final residual = 6.6787114e-06, No Iterations 4
smoothSolver:  Solving for k, Initial residual = 0.0053404772, Final residual = 2.8047346e-05, No Iterations 4
bounding k, min: 0 max: 1803.1671 average: 581.30128
ExecutionTime = 0.12 s  ClockTime = 0 s

Time = 109

smoothSolver:  Solving for Ux, Initial residual = 0.0075484193, Final residual = 6.3990467e-05, No Iterations 4
smoothSolver:  Solving for Uy, Initial residual = 0.0015100968, Final residual = 1.1287524e-05, No Iterations 4
smoothSolver:  Solving for Uz, Initial residual = 0.0015100968, Final residual = 1.1287524e-05, No Iterations 4
GAMG:  Solving for p, Initial residual = 0.0075183649, Final residual = 4.2260355e-05, No Iterations 2
GAMG:  Solving for p, Initial residual = 4.1945092e-05, Final residual = 3.3066108e-07, No Iterations 9
time step continuity errors : sum local = 2.9557692e-06, global = 9.9731656e-08, cumulative = -0.00068628247
smoothSolver:  Solving for epsilon, Initial residual = 0.0029226412, Final residual = 6.6473054e-06, No Iterations 4
smoothSolver:  Solving for k, Initial residual = 0.0052777409, Final residual = 2.7802167e-05, No Iterations 4
bounding k, min: 0 max: 1810.2373 average: 583.95142
ExecutionTime = 0.12 s  ClockTime = 0 s

Time = 110

smoothSolver:  Solving for Ux, Initial residual = 0.0072905614, Final residual = 6.1697413e-05, No Iterations 4
smoothSolver:  Solving for Uy, Initial residual = 0.0014934529, Final residual = 1.1158743e-05, No Iterations 4
smoothSolver:  Solving for Uz, Initial residual = 0.0014934529, Final residual = 1.1158743e-05, No Iterations 4
GAMG:  Solving for p, Initial residual = 0.0074159876, Final residual = 4.1606519e-05, No Iterations 2
GAMG:  Solving for p, Initial residual = 4.1300331e-05, Final residual = 4.0626533e-07, No Iterations 7
time step continuity errors : sum local = 3.6365893e-06, global = 1.390357e-07, cumulative = -0.00068614344
smoothSolver:  Solving for epsilon, Initial residual = 0.0028886979, Final residual = 6.6192551e-06, No Iterations 4
smoothSolver:  Solving for k, Initial residual = 0.0052172976, Final residual = 2.7565874e-05, No Iterations 4
bounding k, min: 0 max: 1817.2292 average: 586.5722
ExecutionTime = 0.12 s  ClockTime = 0 s

Time = 111

smoothSolver:  Solving for Ux, Initial residual = 0.0070389239, Final residual = 5.9461394e-05, No Iterations 4
smoothSolver:  Solving for Uy, Initial residual = 0.0014778557, Final residual = 1.097362e-05, No Iterations 4
smoothSolver:  Solving for Uz, Initial residual = 0.0014778558, Final residual = 1.0973619e-05, No Iterations 4
GAMG:  Solving for p, Initial residual = 0.007315507, Final residual = 4.1210721e-05, No Iterations 2
GAMG:  Solving for p, Initial residual = 4.0911528e-05, Final residual = 3.1673429e-07, No Iterations 9
time step continuity errors : sum local = 2.8390479e-06, global = 7.6282228e-08, cumulative = -0.00068606715
smoothSolver:  Solving for epsilon, Initial residual = 0.0028564586, Final residual = 6.5935676e-06, No Iterations 4
smoothSolver:  Solving for k, Initial residual = 0.0051588802, Final residual = 2.7337095e-05, No Iterations 4
bounding k, min: 0 max: 1824.1453 average: 589.16448
ExecutionTime = 0.12 s  ClockTime = 0 s

Time = 112

smoothSolver:  Solving for Ux, Initial residual = 0.0067985126, Final residual = 5.7327657e-05, No Iterations 4
smoothSolver:  Solving for Uy, Initial residual = 0.0014622123, Final residual = 1.0785391e-05, No Iterations 4
smoothSolver:  Solving for Uz, Initial residual = 0.0014622124, Final residual = 1.0785389e-05, No Iterations 4
GAMG:  Solving for p, Initial residual = 0.0072160093, Final residual = 4.093222e-05, No Iterations 2
GAMG:  Solving for p, Initial residual = 4.0639066e-05, Final residual = 3.9286357e-07, No Iterations 7
time step continuity errors : sum local = 3.5262075e-06, global = 1.1251936e-07, cumulative = -0.00068595463
smoothSolver:  Solving for epsilon, Initial residual = 0.0028256069, Final residual = 6.5695618e-06, No Iterations 4
smoothSolver:  Solving for k, Initial residual = 0.0051022869, Final residual = 2.711485e-05, No Iterations 4
bounding k, min: 0 max: 1830.9879 average: 591.72902
ExecutionTime = 0.12 s  ClockTime = 0 s

Time = 113

smoothSolver:  Solving for Ux, Initial residual = 0.0065635802, Final residual = 5.5244248e-05, No Iterations 4
smoothSolver:  Solving for Uy, Initial residual = 0.0014461316, Final residual = 1.063269e-05, No Iterations 4
smoothSolver:  Solving for Uz, Initial residual = 0.0014461317, Final residual = 1.0632688e-05, No Iterations 4
GAMG:  Solving for p, Initial residual = 0.0071185242, Final residual = 4.0614942e-05, No Iterations 2
GAMG:  Solving for p, Initial residual = 4.0327962e-05, Final residual = 3.8569866e-07, No Iterations 7
time step continuity errors : sum local = 3.4665593e-06, global = 5.4314031e-08, cumulative = -0.00068590032
smoothSolver:  Solving for epsilon, Initial residual = 0.0027959248, Final residual = 6.5467855e-06, No Iterations 4
smoothSolver:  Solving for k, Initial residual = 0.005047366, Final residual = 2.6898459e-05, No Iterations 4
bounding k, min: 0 max: 1837.7586 average: 594.26653
ExecutionTime = 0.13 s  ClockTime = 0 s

Time = 114

smoothSolver:  Solving for Ux, Initial residual = 0.0063364989, Final residual = 5.3233873e-05, No Iterations 4
smoothSolver:  Solving for Uy, Initial residual = 0.0014297637, Final residual = 1.0512228e-05, No Iterations 4
smoothSolver:  Solving for Uz, Initial residual = 0.0014297637, Final residual = 1.0512227e-05, No Iterations 4
GAMG:  Solving for p, Initial residual = 0.0070240648, Final residual = 4.0200881e-05, No Iterations 2
GAMG:  Solving for p, Initial residual = 3.9920569e-05, Final residual = 3.8877427e-07, No Iterations 7
time step continuity errors : sum local = 3.4988815e-06, global = 1.4054495e-07, cumulative = -0.00068575977
smoothSolver:  Solving for epsilon, Initial residual = 0.0027672574, Final residual = 6.5249328e-06, No Iterations 4
smoothSolver:  Solving for k, Initial residual = 0.0049939987, Final residual = 2.6687426e-05, No Iterations 4
bounding k, min: 0 max: 1844.4595 average: 596.77768
ExecutionTime = 0.13 s  ClockTime = 0 s

Time = 115

smoothSolver:  Solving for Ux, Initial residual = 0.006115791, Final residual = 5.1281235e-05, No Iterations 4
smoothSolver:  Solving for Uy, Initial residual = 0.0014136151, Final residual = 1.0397868e-05, No Iterations 4
smoothSolver:  Solving for Uz, Initial residual = 0.0014136151, Final residual = 1.0397868e-05, No Iterations 4
GAMG:  Solving for p, Initial residual = 0.0069326467, Final residual = 3.9715009e-05, No Iterations 2
GAMG:  Solving for p, Initial residual = 3.9441665e-05, Final residual = 3.6825705e-07, No Iterations 7
time step continuity errors : sum local = 3.3186469e-06, global = 9.7165391e-08, cumulative = -0.00068566261
smoothSolver:  Solving for epsilon, Initial residual = 0.0027394939, Final residual = 6.5038009e-06, No Iterations 4
smoothSolver:  Solving for k, Initial residual = 0.0049420911, Final residual = 2.648139e-05, No Iterations 4
bounding k, min: 0 max: 1851.0919 average: 599.26308
ExecutionTime = 0.13 s  ClockTime = 0 s

Time = 116

smoothSolver:  Solving for Ux, Initial residual = 0.0059018043, Final residual = 4.9392419e-05, No Iterations 4
smoothSolver:  Solving for Uy, Initial residual = 0.0013979573, Final residual = 1.0270673e-05, No Iterations 4
smoothSolver:  Solving for Uz, Initial residual = 0.0013979573, Final residual = 1.0270672e-05, No Iterations 4
GAMG:  Solving for p, Initial residual = 0.0068435999, Final residual = 3.9263509e-05, No Iterations 2
GAMG:  Solving for p, Initial residual = 3.8996721e-05, Final residual = 3.5242691e-07, No Iterations 7
time step continuity errors : sum local = 3.1801971e-06, global = 9.062062e-08, cumulative = -0.00068557199
smoothSolver:  Solving for epsilon, Initial residual = 0.0027125521, Final residual = 6.4832531e-06, No Iterations 4
smoothSolver:  Solving for k, Initial residual = 0.0048915652, Final residual = 2.6280074e-05, No Iterations 4
bounding k, min: 0 max: 1857.6576 average: 601.72333
ExecutionTime = 0.13 s  ClockTime = 0 s

Time = 117

smoothSolver:  Solving for Ux, Initial residual = 0.0056923457, Final residual = 4.7547748e-05, No Iterations 4
smoothSolver:  Solving for Uy, Initial residual = 0.0013829591, Final residual = 1.0133257e-05, No Iterations 4
smoothSolver:  Solving for Uz, Initial residual = 0.0013829591, Final residual = 1.0133256e-05, No Iterations 4
GAMG:  Solving for p, Initial residual = 0.0067562945, Final residual = 3.8880712e-05, No Iterations 2
GAMG:  Solving for p, Initial residual = 3.8619875e-05, Final residual = 3.322149e-07, No Iterations 7
time step continuity errors : sum local = 3.0017563e-06, global = 8.3570237e-08, cumulative = -0.00068548842
smoothSolver:  Solving for epsilon, Initial residual = 0.0026863704, Final residual = 6.4632003e-06, No Iterations 4
smoothSolver:  Solving for k, Initial residual = 0.0048423559, Final residual = 2.6083264e-05, No Iterations 4
bounding k, min: 0 max: 1864.1579 average: 604.15899
ExecutionTime = 0.13 s  ClockTime = 0 s

Time = 118

smoothSolver:  Solving for Ux, Initial residual = 0.0054871883, Final residual = 4.5745034e-05, No Iterations 4
smoothSolver:  Solving for Uy, Initial residual = 0.0013685458, Final residual = 1.0000277e-05, No Iterations 4
smoothSolver:  Solving for Uz, Initial residual = 0.0013685459, Final residual = 1.0000277e-05, No Iterations 4
GAMG:  Solving for p, Initial residual = 0.0066707096, Final residual = 3.8537221e-05, No Iterations 2
GAMG:  Solving for p, Initial residual = 3.8281944e-05, Final residual = 3.1107729e-07, No Iterations 7
time step continuity errors : sum local = 2.8144418e-06, global = 7.6889576e-08, cumulative = -0.00068541153
smoothSolver:  Solving for epsilon, Initial residual = 0.0026609007, Final residual = 6.4435839e-06, No Iterations 4
smoothSolver:  Solving for k, Initial residual = 0.0047944066, Final residual = 2.5890784e-05, No Iterations 4
bounding k, min: 0 max: 1870.5943 average: 606.57062
ExecutionTime = 0.13 s  ClockTime = 0 s

Time = 119

smoothSolver:  Solving for Ux, Initial residual = 0.0052891703, Final residual = 4.4007518e-05, No Iterations 4
smoothSolver:  Solving for Uy, Initial residual = 0.0013545105, Final residual = 9.8794084e-06, No Iterations 4
smoothSolver:  Solving for Uz, Initial residual = 0.0013545105, Final residual = 9.8794078e-06, No Iterations 4
GAMG:  Solving for p, Initial residual = 0.0065871127, Final residual = 3.8187836e-05, No Iterations 2
GAMG:  Solving for p, Initial residual = 3.7938025e-05, Final residual = 2.9245581e-07, No Iterations 7
time step continuity errors : sum local = 2.6494051e-06, global = 7.1638697e-08, cumulative = -0.00068533989
smoothSolver:  Solving for epsilon, Initial residual = 0.0026361038, Final residual = 6.424365e-06, No Iterations 4
smoothSolver:  Solving for k, Initial residual = 0.0047476668, Final residual = 2.5702486e-05, No Iterations 4
bounding k, min: 0 max: 1876.9683 average: 608.95872
ExecutionTime = 0.13 s  ClockTime = 0 s

Time = 120

smoothSolver:  Solving for Ux, Initial residual = 0.0050982607, Final residual = 4.2334465e-05, No Iterations 4
smoothSolver:  Solving for Uy, Initial residual = 0.0013406806, Final residual = 9.7684624e-06, No Iterations 4
smoothSolver:  Solving for Uz, Initial residual = 0.0013406806, Final residual = 9.7684618e-06, No Iterations 4
GAMG:  Solving for p, Initial residual = 0.0065057044, Final residual = 3.7815659e-05, No Iterations 2
GAMG:  Solving for p, Initial residual = 3.757132e-05, Final residual = 2.7746205e-07, No Iterations 7
time step continuity errors : sum local = 2.5168228e-06, global = 6.7697778e-08, cumulative = -0.00068527219
smoothSolver:  Solving for epsilon, Initial residual = 0.0026119469, Final residual = 6.4055172e-06, No Iterations 4
smoothSolver:  Solving for k, Initial residual = 0.0047020909, Final residual = 2.5518239e-05, No Iterations 4
bounding k, min: 0 max: 1883.2811 average: 611.32382
ExecutionTime = 0.13 s  ClockTime = 0 s

Time = 121

smoothSolver:  Solving for Ux, Initial residual = 0.0049094817, Final residual = 4.0684244e-05, No Iterations 4
smoothSolver:  Solving for Uy, Initial residual = 0.0013270341, Final residual = 9.6601965e-06, No Iterations 4
smoothSolver:  Solving for Uz, Initial residual = 0.0013270341, Final residual = 9.6601957e-06, No Iterations 4
GAMG:  Solving for p, Initial residual = 0.0064264223, Final residual = 3.7438773e-05, No Iterations 2
GAMG:  Solving for p, Initial residual = 3.7199799e-05, Final residual = 2.6515163e-07, No Iterations 7
time step continuity errors : sum local = 2.4082478e-06, global = 6.4411526e-08, cumulative = -0.00068520778
smoothSolver:  Solving for epsilon, Initial residual = 0.0025884013, Final residual = 6.3870224e-06, No Iterations 4
smoothSolver:  Solving for k, Initial residual = 0.0046576367, Final residual = 2.5337923e-05, No Iterations 4
bounding k, min: 0 max: 1889.534 average: 613.66639
ExecutionTime = 0.13 s  ClockTime = 0 s

Time = 122

smoothSolver:  Solving for Ux, Initial residual = 0.0047225638, Final residual = 3.9054596e-05, No Iterations 4
smoothSolver:  Solving for Uy, Initial residual = 0.0013136747, Final residual = 9.5502241e-06, No Iterations 4
smoothSolver:  Solving for Uz, Initial residual = 0.0013136747, Final residual = 9.5502232e-06, No Iterations 4
GAMG:  Solving for p, Initial residual = 0.0063490443, Final residual = 3.7080248e-05, No Iterations 2
GAMG:  Solving for p, Initial residual = 3.6846396e-05, Final residual = 2.5469643e-07, No Iterations 7
time step continuity errors : sum local = 2.316244e-06, global = 6.1789931e-08, cumulative = -0.00068514599
smoothSolver:  Solving for epsilon, Initial residual = 0.0025654416, Final residual = 6.3688683e-06, No Iterations 4
smoothSolver:  Solving for k, Initial residual = 0.004614265, Final residual = 2.5161431e-05, No Iterations 4
bounding k, min: 0 max: 1895.7283 average: 615.98692
ExecutionTime = 0.13 s  ClockTime = 0 s

Time = 123

smoothSolver:  Solving for Ux, Initial residual = 0.0045436182, Final residual = 3.749599e-05, No Iterations 4
smoothSolver:  Solving for Uy, Initial residual = 0.0013007096, Final residual = 9.4397513e-06, No Iterations 4
smoothSolver:  Solving for Uz, Initial residual = 0.0013007097, Final residual = 9.4397487e-06, No Iterations 4
GAMG:  Solving for p, Initial residual = 0.0062733638, Final residual = 3.6745094e-05, No Iterations 2
GAMG:  Solving for p, Initial residual = 3.6516102e-05, Final residual = 2.4636755e-07, No Iterations 7
time step continuity errors : sum local = 2.2433461e-06, global = 6.0460284e-08, cumulative = -0.00068508553
smoothSolver:  Solving for epsilon, Initial residual = 0.0025430452, Final residual = 6.3510463e-06, No Iterations 4
smoothSolver:  Solving for k, Initial residual = 0.0045719392, Final residual = 2.498866e-05, No Iterations 4
bounding k, min: 0 max: 1901.8653 average: 618.28584
ExecutionTime = 0.13 s  ClockTime = 0 s

Time = 124

smoothSolver:  Solving for Ux, Initial residual = 0.0043722134, Final residual = 3.6004587e-05, No Iterations 4
smoothSolver:  Solving for Uy, Initial residual = 0.0012881526, Final residual = 9.3324546e-06, No Iterations 4
smoothSolver:  Solving for Uz, Initial residual = 0.0012881526, Final residual = 9.332456e-06, No Iterations 4
GAMG:  Solving for p, Initial residual = 0.0061993313, Final residual = 3.6421771e-05, No Iterations 2
GAMG:  Solving for p, Initial residual = 3.6197457e-05, Final residual = 3.5417994e-07, No Iterations 9
time step continuity errors : sum local = 3.2291244e-06, global = 1.757006e-07, cumulative = -0.00068490983
smoothSolver:  Solving for epsilon, Initial residual = 0.0025211917, Final residual = 6.3335517e-06, No Iterations 4
smoothSolver:  Solving for k, Initial residual = 0.004530625, Final residual = 2.4819516e-05, No Iterations 4
bounding k, min: 0 max: 1907.9462 average: 620.56362
ExecutionTime = 0.14 s  ClockTime = 0 s

Time = 125

smoothSolver:  Solving for Ux, Initial residual = 0.00420659, Final residual = 3.4560502e-05, No Iterations 4
smoothSolver:  Solving for Uy, Initial residual = 0.0012760387, Final residual = 9.2306498e-06, No Iterations 4
smoothSolver:  Solving for Uz, Initial residual = 0.0012760388, Final residual = 9.2305703e-06, No Iterations 4
GAMG:  Solving for p, Initial residual = 0.006126971, Final residual = 3.609045e-05, No Iterations 2
GAMG:  Solving for p, Initial residual = 3.5870756e-05, Final residual = 3.3848458e-07, No Iterations 9
time step continuity errors : sum local = 3.089901e-06, global = 1.7058229e-07, cumulative = -0.00068473925
smoothSolver:  Solving for epsilon, Initial residual = 0.0024998623, Final residual = 6.3163819e-06, No Iterations 4
smoothSolver:  Solving for k, Initial residual = 0.0044902898, Final residual = 2.4653911e-05, No Iterations 4
bounding k, min: 0 max: 1913.9721 average: 622.82067
ExecutionTime = 0.14 s  ClockTime = 0 s

Time = 126

smoothSolver:  Solving for Ux, Initial residual = 0.0040528136, Final residual = 3.318893e-05, No Iterations 4
smoothSolver:  Solving for Uy, Initial residual = 0.0012640279, Final residual = 9.1324634e-06, No Iterations 4
smoothSolver:  Solving for Uz, Initial residual = 0.0012640279, Final residual = 9.1324422e-06, No Iterations 4
GAMG:  Solving for p, Initial residual = 0.006056304, Final residual = 3.576357e-05, No Iterations 2
GAMG:  Solving for p, Initial residual = 3.5548363e-05, Final residual = 3.3023786e-07, No Iterations 9
time step continuity errors : sum local = 3.0183827e-06, global = 1.6658101e-07, cumulative = -0.00068457267
smoothSolver:  Solving for epsilon, Initial residual = 0.0024790379, Final residual = 6.2995301e-06, No Iterations 4
smoothSolver:  Solving for k, Initial residual = 0.004450902, Final residual = 2.4491753e-05, No Iterations 4
bounding k, min: 0 max: 1919.9441 average: 625.05742
ExecutionTime = 0.14 s  ClockTime = 0 s

Time = 127

smoothSolver:  Solving for Ux, Initial residual = 0.0039110312, Final residual = 3.1887922e-05, No Iterations 4
smoothSolver:  Solving for Uy, Initial residual = 0.0012521579, Final residual = 9.0361557e-06, No Iterations 4
smoothSolver:  Solving for Uz, Initial residual = 0.0012521579, Final residual = 9.0361549e-06, No Iterations 4
GAMG:  Solving for p, Initial residual = 0.0059872777, Final residual = 3.544971e-05, No Iterations 2
GAMG:  Solving for p, Initial residual = 3.523881e-05, Final residual = 3.257045e-07, No Iterations 9
time step continuity errors : sum local = 2.9806427e-06, global = 1.62872e-07, cumulative = -0.00068440979
smoothSolver:  Solving for epsilon, Initial residual = 0.0024587008, Final residual = 6.2829911e-06, No Iterations 4
smoothSolver:  Solving for k, Initial residual = 0.0044124313, Final residual = 2.4332954e-05, No Iterations 4
bounding k, min: 0 max: 1925.8634 average: 627.27427
ExecutionTime = 0.14 s  ClockTime = 0 s

Time = 128

smoothSolver:  Solving for Ux, Initial residual = 0.0037761107, Final residual = 3.0650135e-05, No Iterations 4
smoothSolver:  Solving for Uy, Initial residual = 0.0012405678, Final residual = 8.9410274e-06, No Iterations 4
smoothSolver:  Solving for Uz, Initial residual = 0.0012405678, Final residual = 8.9410271e-06, No Iterations 4
GAMG:  Solving for p, Initial residual = 0.0059197893, Final residual = 3.5148367e-05, No Iterations 2
GAMG:  Solving for p, Initial residual = 3.4941605e-05, Final residual = 3.1963584e-07, No Iterations 9
time step continuity errors : sum local = 2.9287162e-06, global = 1.5889269e-07, cumulative = -0.0006842509
smoothSolver:  Solving for epsilon, Initial residual = 0.0024388346, Final residual = 6.2667621e-06, No Iterations 4
smoothSolver:  Solving for k, Initial residual = 0.0043748493, Final residual = 2.4177433e-05, No Iterations 4
bounding k, min: 0 max: 1931.731 average: 629.47161
ExecutionTime = 0.14 s  ClockTime = 0 s

Time = 129

smoothSolver:  Solving for Ux, Initial residual = 0.0036469316, Final residual = 2.9466583e-05, No Iterations 4
smoothSolver:  Solving for Uy, Initial residual = 0.0012293289, Final residual = 8.8476279e-06, No Iterations 4
smoothSolver:  Solving for Uz, Initial residual = 0.0012293289, Final residual = 8.8476275e-06, No Iterations 4
GAMG:  Solving for p, Initial residual = 0.0058537474, Final residual = 3.485249e-05, No Iterations 2
GAMG:  Solving for p, Initial residual = 3.4649743e-05, Final residual = 3.0956045e-07, No Iterations 9
time step continuity errors : sum local = 2.8398796e-06, global = 1.5469936e-07, cumulative = -0.0006840962
smoothSolver:  Solving for epsilon, Initial residual = 0.0024194246, Final residual = 6.2508418e-06, No Iterations 4
smoothSolver:  Solving for k, Initial residual = 0.0043381291, Final residual = 2.4025114e-05, No Iterations 4
bounding k, min: 0 max: 1937.5481 average: 631.64981
ExecutionTime = 0.14 s  ClockTime = 0 s

Time = 130

smoothSolver:  Solving for Ux, Initial residual = 0.0035225746, Final residual = 2.8330187e-05, No Iterations 4
smoothSolver:  Solving for Uy, Initial residual = 0.001218397, Final residual = 8.7567253e-06, No Iterations 4
smoothSolver:  Solving for Uz, Initial residual = 0.001218397, Final residual = 8.756725e-06, No Iterations 4
GAMG:  Solving for p, Initial residual = 0.0057891042, Final residual = 3.4556767e-05, No Iterations 2
GAMG:  Solving for p, Initial residual = 3.4357948e-05, Final residual = 2.968195e-07, No Iterations 9
time step continuity errors : sum local = 2.7263178e-06, global = 1.5078274e-07, cumulative = -0.00068394542
smoothSolver:  Solving for epsilon, Initial residual = 0.0024004571, Final residual = 6.2352301e-06, No Iterations 4
smoothSolver:  Solving for k, Initial residual = 0.004302245, Final residual = 2.3875924e-05, No Iterations 4
bounding k, min: 0 max: 1943.3155 average: 633.80926
ExecutionTime = 0.14 s  ClockTime = 0 s

Time = 131

smoothSolver:  Solving for Ux, Initial residual = 0.0034026717, Final residual = 2.7237822e-05, No Iterations 4
smoothSolver:  Solving for Uy, Initial residual = 0.0012076888, Final residual = 8.6685144e-06, No Iterations 4
smoothSolver:  Solving for Uz, Initial residual = 0.0012076888, Final residual = 8.6685138e-06, No Iterations 4
GAMG:  Solving for p, Initial residual = 0.0057258401, Final residual = 3.4263374e-05, No Iterations 2
GAMG:  Solving for p, Initial residual = 3.4068386e-05, Final residual = 3.3559996e-07, No Iterations 7
time step continuity errors : sum local = 3.0862604e-06, global = 1.4621999e-07, cumulative = -0.0006837992
smoothSolver:  Solving for epsilon, Initial residual = 0.0023819189, Final residual = 6.2199272e-06, No Iterations 4
smoothSolver:  Solving for k, Initial residual = 0.0042671726, Final residual = 2.3729793e-05, No Iterations 4
bounding k, min: 0 max: 1949.0344 average: 635.9503
ExecutionTime = 0.14 s  ClockTime = 0 s

Time = 132

smoothSolver:  Solving for Ux, Initial residual = 0.0032861639, Final residual = 2.6181293e-05, No Iterations 4
smoothSolver:  Solving for Uy, Initial residual = 0.0011971896, Final residual = 8.5827728e-06, No Iterations 4
smoothSolver:  Solving for Uz, Initial residual = 0.0011971896, Final residual = 8.5827718e-06, No Iterations 4
GAMG:  Solving for p, Initial residual = 0.005663934, Final residual = 3.3978577e-05, No Iterations 2
GAMG:  Solving for p, Initial residual = 3.378729e-05, Final residual = 3.3637939e-07, No Iterations 7
time step continuity errors : sum local = 3.0971606e-06, global = 1.4450464e-07, cumulative = -0.0006836547
smoothSolver:  Solving for epsilon, Initial residual = 0.0023637973, Final residual = 6.204932e-06, No Iterations 4
smoothSolver:  Solving for k, Initial residual = 0.004232888, Final residual = 2.3586652e-05, No Iterations 4
bounding k, min: 0 max: 1954.7057 average: 638.0733
ExecutionTime = 0.15 s  ClockTime = 0 s

Time = 133

smoothSolver:  Solving for Ux, Initial residual = 0.0031755131, Final residual = 2.5177444e-05, No Iterations 4
smoothSolver:  Solving for Uy, Initial residual = 0.0011868441, Final residual = 8.4986533e-06, No Iterations 4
smoothSolver:  Solving for Uz, Initial residual = 0.0011868441, Final residual = 8.4986523e-06, No Iterations 4
GAMG:  Solving for p, Initial residual = 0.0056033442, Final residual = 3.3703395e-05, No Iterations 2
GAMG:  Solving for p, Initial residual = 3.3515676e-05, Final residual = 2.868111e-07, No Iterations 9
time step continuity errors : sum local = 2.6439367e-06, global = 1.4239063e-07, cumulative = -0.0006835123
smoothSolver:  Solving for epsilon, Initial residual = 0.002346078, Final residual = 6.1902375e-06, No Iterations 4
smoothSolver:  Solving for k, Initial residual = 0.0041993677, Final residual = 2.3446425e-05, No Iterations 4
bounding k, min: 0 max: 1960.3303 average: 640.17858
ExecutionTime = 0.15 s  ClockTime = 0 s

Time = 134

smoothSolver:  Solving for Ux, Initial residual = 0.0030741615, Final residual = 2.4262754e-05, No Iterations 4
smoothSolver:  Solving for Uy, Initial residual = 0.0011766775, Final residual = 8.4158998e-06, No Iterations 4
smoothSolver:  Solving for Uz, Initial residual = 0.0011766775, Final residual = 8.4158992e-06, No Iterations 4
GAMG:  Solving for p, Initial residual = 0.0055440159, Final residual = 3.3431391e-05, No Iterations 2
GAMG:  Solving for p, Initial residual = 3.3247149e-05, Final residual = 3.2642139e-07, No Iterations 7
time step continuity errors : sum local = 3.0126703e-06, global = 1.4006663e-07, cumulative = -0.00068337224
smoothSolver:  Solving for epsilon, Initial residual = 0.0023287481, Final residual = 6.1758389e-06, No Iterations 4
smoothSolver:  Solving for k, Initial residual = 0.0041665889, Final residual = 2.3309041e-05, No Iterations 4
bounding k, min: 0 max: 1965.9091 average: 642.26648
ExecutionTime = 0.15 s  ClockTime = 0 s

Time = 135

smoothSolver:  Solving for Ux, Initial residual = 0.0029842471, Final residual = 2.3401175e-05, No Iterations 4
smoothSolver:  Solving for Uy, Initial residual = 0.0011668306, Final residual = 8.3353521e-06, No Iterations 4
smoothSolver:  Solving for Uz, Initial residual = 0.0011668306, Final residual = 8.3353516e-06, No Iterations 4
GAMG:  Solving for p, Initial residual = 0.0054859002, Final residual = 3.3163033e-05, No Iterations 2
GAMG:  Solving for p, Initial residual = 3.2982176e-05, Final residual = 3.1726692e-07, No Iterations 7
time step continuity errors : sum local = 2.9316546e-06, global = 1.3811847e-07, cumulative = -0.00068323412
smoothSolver:  Solving for epsilon, Initial residual = 0.0023117968, Final residual = 6.1617365e-06, No Iterations 4
smoothSolver:  Solving for k, Initial residual = 0.004134531, Final residual = 2.317444e-05, No Iterations 4
bounding k, min: 0 max: 1971.4431 average: 644.33732
ExecutionTime = 0.15 s  ClockTime = 0 s

Time = 136

smoothSolver:  Solving for Ux, Initial residual = 0.0028979825, Final residual = 2.2577769e-05, No Iterations 4
smoothSolver:  Solving for Uy, Initial residual = 0.0011572034, Final residual = 8.2567436e-06, No Iterations 4
smoothSolver:  Solving for Uz, Initial residual = 0.0011572034, Final residual = 8.256743e-06, No Iterations 4
GAMG:  Solving for p, Initial residual = 0.0054289585, Final residual = 3.2897121e-05, No Iterations 2
GAMG:  Solving for p, Initial residual = 3.2719568e-05, Final residual = 3.1042225e-07, No Iterations 7
time step continuity errors : sum local = 2.8717923e-06, global = 1.3655971e-07, cumulative = -0.00068309756
smoothSolver:  Solving for epsilon, Initial residual = 0.0022952132, Final residual = 6.1479284e-06, No Iterations 4
smoothSolver:  Solving for k, Initial residual = 0.0041031737, Final residual = 2.3042561e-05, No Iterations 4
bounding k, min: 0 max: 1976.9332 average: 646.39142
ExecutionTime = 0.15 s  ClockTime = 0 s

Time = 137

smoothSolver:  Solving for Ux, Initial residual = 0.002815351, Final residual = 2.1790683e-05, No Iterations 4
smoothSolver:  Solving for Uy, Initial residual = 0.0011477415, Final residual = 8.1798867e-06, No Iterations 4
smoothSolver:  Solving for Uz, Initial residual = 0.0011477415, Final residual = 8.179886e-06, No Iterations 4
GAMG:  Solving for p, Initial residual = 0.005373163, Final residual = 3.2635365e-05, No Iterations 2
GAMG:  Solving for p, Initial residual = 3.2461025e-05, Final residual = 3.0512715e-07, No Iterations 7
time step continuity errors : sum local = 2.8261187e-06, global = 1.3516299e-07, cumulative = -0.0006829624
smoothSolver:  Solving for epsilon, Initial residual = 0.0022789867, Final residual = 6.1344123e-06, No Iterations 4
smoothSolver:  Solving for k, Initial residual = 0.0040724974, Final residual = 2.2913341e-05, No Iterations 4
bounding k, min: 0 max: 1982.3802 average: 648.42908
ExecutionTime = 0.15 s  ClockTime = 0 s

Time = 138

smoothSolver:  Solving for Ux, Initial residual = 0.0027363536, Final residual = 2.1038499e-05, No Iterations 4
smoothSolver:  Solving for Uy, Initial residual = 0.00113849, Final residual = 8.1046491e-06, No Iterations 4
smoothSolver:  Solving for Uz, Initial residual = 0.00113849, Final residual = 8.1046484e-06, No Iterations 4
GAMG:  Solving for p, Initial residual = 0.0053184859, Final residual = 3.2379153e-05, No Iterations 2
GAMG:  Solving for p, Initial residual = 3.2207934e-05, Final residual = 3.0006151e-07, No Iterations 7
time step continuity errors : sum local = 2.7824439e-06, global = 1.3400119e-07, cumulative = -0.0006828284
smoothSolver:  Solving for epsilon, Initial residual = 0.0022631071, Final residual = 6.1211857e-06, No Iterations 4
smoothSolver:  Solving for k, Initial residual = 0.0040424833, Final residual = 2.2786723e-05, No Iterations 4
bounding k, min: 0 max: 1987.7849 average: 650.45059
ExecutionTime = 0.15 s  ClockTime = 0 s

Time = 139

smoothSolver:  Solving for Ux, Initial residual = 0.0026606513, Final residual = 2.0319665e-05, No Iterations 4
smoothSolver:  Solving for Uy, Initial residual = 0.0011294648, Final residual = 8.0310206e-06, No Iterations 4
smoothSolver:  Solving for Uz, Initial residual = 0.0011294648, Final residual = 8.03102e-06, No Iterations 4
GAMG:  Solving for p, Initial residual = 0.0052648951, Final residual = 3.2128009e-05, No Iterations 2
GAMG:  Solving for p, Initial residual = 3.1959822e-05, Final residual = 2.9440784e-07, No Iterations 7
time step continuity errors : sum local = 2.7331868e-06, global = 1.3333202e-07, cumulative = -0.00068269506
smoothSolver:  Solving for epsilon, Initial residual = 0.0022475646, Final residual = 6.108246e-06, No Iterations 4
smoothSolver:  Solving for k, Initial residual = 0.0040131133, Final residual = 2.2662649e-05, No Iterations 4
bounding k, min: 0 max: 1993.1482 average: 652.45624
ExecutionTime = 0.15 s  ClockTime = 0 s

Time = 140

smoothSolver:  Solving for Ux, Initial residual = 0.0025880634, Final residual = 1.9632377e-05, No Iterations 4
smoothSolver:  Solving for Uy, Initial residual = 0.0011206294, Final residual = 7.9590273e-06, No Iterations 4
smoothSolver:  Solving for Uz, Initial residual = 0.0011206294, Final residual = 7.9590268e-06, No Iterations 4
GAMG:  Solving for p, Initial residual = 0.0052123559, Final residual = 3.1880364e-05, No Iterations 2
GAMG:  Solving for p, Initial residual = 3.1715131e-05, Final residual = 2.8829465e-07, No Iterations 7
time step continuity errors : sum local = 2.6795238e-06, global = 1.3338355e-07, cumulative = -0.00068256168
smoothSolver:  Solving for epsilon, Initial residual = 0.0022323497, Final residual = 6.0955908e-06, No Iterations 4
smoothSolver:  Solving for k, Initial residual = 0.0039843698, Final residual = 2.2541063e-05, No Iterations 4
bounding k, min: 0 max: 1998.4708 average: 654.44633
ExecutionTime = 0.16 s  ClockTime = 0 s

Time = 141

smoothSolver:  Solving for Ux, Initial residual = 0.0025184166, Final residual = 1.8974947e-05, No Iterations 4
smoothSolver:  Solving for Uy, Initial residual = 0.0011119771, Final residual = 7.8886991e-06, No Iterations 4
smoothSolver:  Solving for Uz, Initial residual = 0.0011119771, Final residual = 7.8887075e-06, No Iterations 4
GAMG:  Solving for p, Initial residual = 0.0051608357, Final residual = 3.1635302e-05, No Iterations 2
GAMG:  Solving for p, Initial residual = 3.1472952e-05, Final residual = 2.8242418e-07, No Iterations 7
time step continuity errors : sum local = 2.6279754e-06, global = 1.3415673e-07, cumulative = -0.00068242752
smoothSolver:  Solving for epsilon, Initial residual = 0.0022174536, Final residual = 6.083218e-06, No Iterations 4
smoothSolver:  Solving for k, Initial residual = 0.0039562362, Final residual = 2.2421912e-05, No Iterations 4
bounding k, min: 0 max: 2003.7535 average: 656.42112
ExecutionTime = 0.16 s  ClockTime = 0 s

Time = 142

smoothSolver:  Solving for Ux, Initial residual = 0.0024515975, Final residual = 1.8346155e-05, No Iterations 4
smoothSolver:  Solving for Uy, Initial residual = 0.0011034886, Final residual = 7.8203098e-06, No Iterations 4
smoothSolver:  Solving for Uz, Initial residual = 0.0011034885, Final residual = 7.8203093e-06, No Iterations 4
GAMG:  Solving for p, Initial residual = 0.0051103057, Final residual = 3.1393782e-05, No Iterations 2
GAMG:  Solving for p, Initial residual = 3.1234241e-05, Final residual = 3.0184875e-07, No Iterations 6
time step continuity errors : sum local = 2.8119299e-06, global = -1.0960934e-07, cumulative = -0.00068253713
smoothSolver:  Solving for epsilon, Initial residual = 0.0022028677, Final residual = 6.0711253e-06, No Iterations 4
smoothSolver:  Solving for k, Initial residual = 0.0039286963, Final residual = 2.2305144e-05, No Iterations 4
bounding k, min: 0 max: 2008.9972 average: 658.38088
ExecutionTime = 0.16 s  ClockTime = 0 s

Time = 143

smoothSolver:  Solving for Ux, Initial residual = 0.0023939924, Final residual = 1.7756945e-05, No Iterations 4
smoothSolver:  Solving for Uy, Initial residual = 0.0010951472, Final residual = 7.7534659e-06, No Iterations 4
smoothSolver:  Solving for Uz, Initial residual = 0.0010951395, Final residual = 7.753466e-06, No Iterations 4
GAMG:  Solving for p, Initial residual = 0.0050607418, Final residual = 3.1176499e-05, No Iterations 2
GAMG:  Solving for p, Initial residual = 3.1019592e-05, Final residual = 2.9338053e-07, No Iterations 7
time step continuity errors : sum local = 2.7361471e-06, global = 1.2508866e-07, cumulative = -0.00068241204
smoothSolver:  Solving for epsilon, Initial residual = 0.0021885832, Final residual = 6.0593088e-06, No Iterations 4
smoothSolver:  Solving for k, Initial residual = 0.0039017342, Final residual = 2.2190706e-05, No Iterations 4
bounding k, min: 0 max: 2014.2025 average: 660.32587
ExecutionTime = 0.16 s  ClockTime = 0 s

Time = 144

smoothSolver:  Solving for Ux, Initial residual = 0.0023392817, Final residual = 1.7182037e-05, No Iterations 4
smoothSolver:  Solving for Uy, Initial residual = 0.0010869703, Final residual = 7.6880995e-06, No Iterations 4
smoothSolver:  Solving for Uz, Initial residual = 0.0010869703, Final residual = 7.6880988e-06, No Iterations 4
GAMG:  Solving for p, Initial residual = 0.0050121189, Final residual = 3.0943296e-05, No Iterations 2
GAMG:  Solving for p, Initial residual = 3.0789053e-05, Final residual = 2.8352064e-07, No Iterations 7
time step continuity errors : sum local = 2.6471787e-06, global = 1.2634963e-07, cumulative = -0.00068228569
smoothSolver:  Solving for epsilon, Initial residual = 0.0021745915, Final residual = 6.0477654e-06, No Iterations 4
smoothSolver:  Solving for k, Initial residual = 0.0038753347, Final residual = 2.2078547e-05, No Iterations 4
bounding k, min: 0 max: 2019.3702 average: 662.25635
ExecutionTime = 0.16 s  ClockTime = 0 s

Time = 145

smoothSolver:  Solving for Ux, Initial residual = 0.0022862875, Final residual = 1.6629965e-05, No Iterations 4
smoothSolver:  Solving for Uy, Initial residual = 0.0010789477, Final residual = 7.6240427e-06, No Iterations 4
smoothSolver:  Solving for Uz, Initial residual = 0.0010789477, Final residual = 7.6240416e-06, No Iterations 4
GAMG:  Solving for p, Initial residual = 0.004964407, Final residual = 3.0705107e-05, No Iterations 2
GAMG:  Solving for p, Initial residual = 3.0553501e-05, Final residual = 2.8618591e-07, No Iterations 6
time step continuity errors : sum local = 2.6750668e-06, global = -1.0501094e-07, cumulative = -0.00068239071
smoothSolver:  Solving for epsilon, Initial residual = 0.0021608858, Final residual = 6.0364948e-06, No Iterations 4
smoothSolver:  Solving for k, Initial residual = 0.0038494838, Final residual = 2.1968624e-05, No Iterations 4
bounding k, min: 0 max: 2024.5009 average: 664.17257
ExecutionTime = 0.16 s  ClockTime = 0 s

Time = 146

smoothSolver:  Solving for Ux, Initial residual = 0.0022346137, Final residual = 1.6108208e-05, No Iterations 4
smoothSolver:  Solving for Uy, Initial residual = 0.0010710564, Final residual = 7.5612223e-06, No Iterations 4
smoothSolver:  Solving for Uz, Initial residual = 0.0010710565, Final residual = 7.5612222e-06, No Iterations 4
GAMG:  Solving for p, Initial residual = 0.0049175806, Final residual = 3.0487604e-05, No Iterations 2
GAMG:  Solving for p, Initial residual = 3.0338486e-05, Final residual = 2.9359317e-07, No Iterations 6
time step continuity errors : sum local = 2.7473724e-06, global = -1.0755049e-07, cumulative = -0.00068249826
smoothSolver:  Solving for epsilon, Initial residual = 0.0021474596, Final residual = 6.025496e-06, No Iterations 4
smoothSolver:  Solving for k, Initial residual = 0.0038238664, Final residual = 2.1859169e-05, No Iterations 4
bounding k, min: 0 max: 2029.5954 average: 666.07478
ExecutionTime = 0.16 s  ClockTime = 0 s

Time = 147

smoothSolver:  Solving for Ux, Initial residual = 0.0021849995, Final residual = 1.5606019e-05, No Iterations 4
smoothSolver:  Solving for Uy, Initial residual = 0.0010633088, Final residual = 7.4997054e-06, No Iterations 4
smoothSolver:  Solving for Uz, Initial residual = 0.0010633088, Final residual = 7.4997053e-06, No Iterations 4
GAMG:  Solving for p, Initial residual = 0.0048716216, Final residual = 3.0278521e-05, No Iterations 2
GAMG:  Solving for p, Initial residual = 3.0131804e-05, Final residual = 2.7507163e-07, No Iterations 7
time step continuity errors : sum local = 2.5769147e-06, global = 1.2385153e-07, cumulative = -0.0006823744
smoothSolver:  Solving for epsilon, Initial residual = 0.0021343049, Final residual = 6.014765e-06, No Iterations 4
smoothSolver:  Solving for k, Initial residual = 0.0037982774, Final residual = 2.174903e-05, No Iterations 4
bounding k, min: 0 max: 2034.6544 average: 667.9632
ExecutionTime = 0.16 s  ClockTime = 0 s

Time = 148

smoothSolver:  Solving for Ux, Initial residual = 0.0021378309, Final residual = 1.5117511e-05, No Iterations 4
smoothSolver:  Solving for Uy, Initial residual = 0.0010557219, Final residual = 7.4395333e-06, No Iterations 4
smoothSolver:  Solving for Uz, Initial residual = 0.0010557219, Final residual = 7.4395322e-06, No Iterations 4
GAMG:  Solving for p, Initial residual = 0.004826507, Final residual = 3.0051869e-05, No Iterations 2
GAMG:  Solving for p, Initial residual = 2.9907592e-05, Final residual = 2.8304391e-07, No Iterations 6
time step continuity errors : sum local = 2.6545334e-06, global = -1.0421866e-07, cumulative = -0.00068247862
smoothSolver:  Solving for epsilon, Initial residual = 0.0021214143, Final residual = 6.0042984e-06, No Iterations 4
smoothSolver:  Solving for k, Initial residual = 0.0037730238, Final residual = 2.1639986e-05, No Iterations 4
bounding k, min: 0 max: 2039.6784 average: 669.83808
ExecutionTime = 0.16 s  ClockTime = 0 s

Time = 149

smoothSolver:  Solving for Ux, Initial residual = 0.0020925092, Final residual = 1.4664035e-05, No Iterations 4
smoothSolver:  Solving for Uy, Initial residual = 0.0010482479, Final residual = 7.3804662e-06, No Iterations 4
smoothSolver:  Solving for Uz, Initial residual = 0.0010482479, Final residual = 7.3804658e-06, No Iterations 4
GAMG:  Solving for p, Initial residual = 0.004782212, Final residual = 2.9839365e-05, No Iterations 2
GAMG:  Solving for p, Initial residual = 2.9697417e-05, Final residual = 2.8085796e-07, No Iterations 6
time step continuity errors : sum local = 2.6369307e-06, global = -1.0353661e-07, cumulative = -0.00068258216
smoothSolver:  Solving for epsilon, Initial residual = 0.0021087817, Final residual = 5.9940943e-06, No Iterations 4
smoothSolver:  Solving for k, Initial residual = 0.0037476778, Final residual = 2.1529603e-05, No Iterations 4
bounding k, min: 0 max: 2044.6683 average: 671.69965
ExecutionTime = 0.16 s  ClockTime = 0 s

Time = 150

smoothSolver:  Solving for Ux, Initial residual = 0.0020489737, Final residual = 1.4229058e-05, No Iterations 4
smoothSolver:  Solving for Uy, Initial residual = 0.0010409081, Final residual = 7.3225629e-06, No Iterations 4
smoothSolver:  Solving for Uz, Initial residual = 0.0010409081, Final residual = 7.3225632e-06, No Iterations 4
GAMG:  Solving for p, Initial residual = 0.004738716, Final residual = 2.9632626e-05, No Iterations 2
GAMG:  Solving for p, Initial residual = 2.9492939e-05, Final residual = 2.6077321e-07, No Iterations 7
time step continuity errors : sum local = 2.4510382e-06, global = 1.299045e-07, cumulative = -0.00068245225
smoothSolver:  Solving for epsilon, Initial residual = 0.0020964005, Final residual = 5.9841499e-06, No Iterations 4
smoothSolver:  Solving for k, Initial residual = 0.0037228415, Final residual = 2.1421359e-05, No Iterations 4
bounding k, min: 0 max: 2049.6245 average: 673.54811
ExecutionTime = 0.16 s  ClockTime = 0 s

Time = 151

smoothSolver:  Solving for Ux, Initial residual = 0.0020069336, Final residual = 1.3803332e-05, No Iterations 4
smoothSolver:  Solving for Uy, Initial residual = 0.0010337095, Final residual = 7.2658368e-06, No Iterations 4
smoothSolver:  Solving for Uz, Initial residual = 0.0010337106, Final residual = 7.2658349e-06, No Iterations 4
GAMG:  Solving for p, Initial residual = 0.0046959984, Final residual = 2.9414032e-05, No Iterations 2
GAMG:  Solving for p, Initial residual = 2.927662e-05, Final residual = 2.4469882e-07, No Iterations 6
time step continuity errors : sum local = 2.3024576e-06, global = 4.975028e-10, cumulative = -0.00068245176
smoothSolver:  Solving for epsilon, Initial residual = 0.0020842647, Final residual = 5.9744642e-06, No Iterations 4
smoothSolver:  Solving for k, Initial residual = 0.0036985026, Final residual = 2.1315211e-05, No Iterations 4
bounding k, min: 0 max: 2054.5478 average: 675.3837
ExecutionTime = 0.17 s  ClockTime = 0 s

Time = 152

smoothSolver:  Solving for Ux, Initial residual = 0.0019657475, Final residual = 1.3424661e-05, No Iterations 4
smoothSolver:  Solving for Uy, Initial residual = 0.0010266306, Final residual = 7.2100685e-06, No Iterations 4
smoothSolver:  Solving for Uz, Initial residual = 0.0010266306, Final residual = 7.2100679e-06, No Iterations 4
GAMG:  Solving for p, Initial residual = 0.0046540388, Final residual = 2.9212572e-05, No Iterations 2
GAMG:  Solving for p, Initial residual = 2.9077316e-05, Final residual = 2.4463546e-07, No Iterations 6
time step continuity errors : sum local = 2.304355e-06, global = 9.8935442e-10, cumulative = -0.00068245077
smoothSolver:  Solving for epsilon, Initial residual = 0.0020723691, Final residual = 5.9650355e-06, No Iterations 4
smoothSolver:  Solving for k, Initial residual = 0.003674649, Final residual = 2.1211117e-05, No Iterations 4
bounding k, min: 0 max: 2059.4386 average: 677.20662
ExecutionTime = 0.17 s  ClockTime = 0 s

Time = 153

smoothSolver:  Solving for Ux, Initial residual = 0.0019268052, Final residual = 1.3068693e-05, No Iterations 4
smoothSolver:  Solving for Uy, Initial residual = 0.0010197175, Final residual = 7.1555259e-06, No Iterations 4
smoothSolver:  Solving for Uz, Initial residual = 0.0010197175, Final residual = 7.1555258e-06, No Iterations 4
GAMG:  Solving for p, Initial residual = 0.0046128228, Final residual = 2.9016811e-05, No Iterations 2
GAMG:  Solving for p, Initial residual = 2.8883646e-05, Final residual = 2.5503452e-07, No Iterations 6
time step continuity errors : sum local = 2.4048985e-06, global = 4.194155e-09, cumulative = -0.00068244657
smoothSolver:  Solving for epsilon, Initial residual = 0.002060704, Final residual = 5.9558504e-06, No Iterations 4
smoothSolver:  Solving for k, Initial residual = 0.0036512686, Final residual = 2.1109032e-05, No Iterations 4
bounding k, min: 0 max: 2064.2978 average: 679.01709
ExecutionTime = 0.17 s  ClockTime = 0 s

Time = 154

smoothSolver:  Solving for Ux, Initial residual = 0.0018901781, Final residual = 1.2734332e-05, No Iterations 4
smoothSolver:  Solving for Uy, Initial residual = 0.00101293, Final residual = 7.1021278e-06, No Iterations 4
smoothSolver:  Solving for Uz, Initial residual = 0.00101293, Final residual = 7.1021278e-06, No Iterations 4
GAMG:  Solving for p, Initial residual = 0.0045723328, Final residual = 2.8822384e-05, No Iterations 2
GAMG:  Solving for p, Initial residual = 2.8691268e-05, Final residual = 2.720027e-07, No Iterations 6
time step continuity errors : sum local = 2.5676533e-06, global = -1.0067712e-07, cumulative = -0.00068254725
smoothSolver:  Solving for epsilon, Initial residual = 0.0020489432, Final residual = 5.945976e-06, No Iterations 4
smoothSolver:  Solving for k, Initial residual = 0.0036283495, Final residual = 2.1008914e-05, No Iterations 4
bounding k, min: 0 max: 2069.1257 average: 680.8153
ExecutionTime = 0.17 s  ClockTime = 0 s

Time = 155

smoothSolver:  Solving for Ux, Initial residual = 0.0018562197, Final residual = 1.2426277e-05, No Iterations 4
smoothSolver:  Solving for Uy, Initial residual = 0.00100626, Final residual = 7.0497701e-06, No Iterations 4
smoothSolver:  Solving for Uz, Initial residual = 0.0010062599, Final residual = 7.0497696e-06, No Iterations 4
GAMG:  Solving for p, Initial residual = 0.0045325493, Final residual = 2.8624536e-05, No Iterations 2
GAMG:  Solving for p, Initial residual = 2.8495448e-05, Final residual = 2.6741893e-07, No Iterations 6
time step continuity errors : sum local = 2.5270763e-06, global = -9.8751876e-08, cumulative = -0.000682646
smoothSolver:  Solving for epsilon, Initial residual = 0.0020374095, Final residual = 5.9363549e-06, No Iterations 4
smoothSolver:  Solving for k, Initial residual = 0.0036058806, Final residual = 2.0910721e-05, No Iterations 4
bounding k, min: 0 max: 2073.9229 average: 682.60146
ExecutionTime = 0.17 s  ClockTime = 0 s

Time = 156

smoothSolver:  Solving for Ux, Initial residual = 0.0018225044, Final residual = 1.211846e-05, No Iterations 4
smoothSolver:  Solving for Uy, Initial residual = 0.00099968619, Final residual = 6.9981837e-06, No Iterations 4
smoothSolver:  Solving for Uz, Initial residual = 0.00099968619, Final residual = 6.998183e-06, No Iterations 4
GAMG:  Solving for p, Initial residual = 0.0044934499, Final residual = 2.8429519e-05, No Iterations 2
GAMG:  Solving for p, Initial residual = 2.8302411e-05, Final residual = 2.4519947e-07, No Iterations 6
time step continuity errors : sum local = 2.3195643e-06, global = 2.6291696e-09, cumulative = -0.00068264337
smoothSolver:  Solving for epsilon, Initial residual = 0.0020257844, Final residual = 5.926069e-06, No Iterations 4
smoothSolver:  Solving for k, Initial residual = 0.0035838521, Final residual = 2.0814421e-05, No Iterations 4
bounding k, min: 0 max: 2078.6901 average: 684.37576
ExecutionTime = 0.17 s  ClockTime = 0 s

Time = 157

smoothSolver:  Solving for Ux, Initial residual = 0.0017878, Final residual = 1.1798681e-05, No Iterations 4
smoothSolver:  Solving for Uy, Initial residual = 0.00099320281, Final residual = 6.9473771e-06, No Iterations 4
smoothSolver:  Solving for Uz, Initial residual = 0.00099320282, Final residual = 6.9473761e-06, No Iterations 4
GAMG:  Solving for p, Initial residual = 0.0044550177, Final residual = 2.8239785e-05, No Iterations 2
GAMG:  Solving for p, Initial residual = 2.8114602e-05, Final residual = 2.7266019e-07, No Iterations 5
time step continuity errors : sum local = 2.5820637e-06, global = 1.3957987e-07, cumulative = -0.00068250379
smoothSolver:  Solving for epsilon, Initial residual = 0.0020143758, Final residual = 5.9160245e-06, No Iterations 4
smoothSolver:  Solving for k, Initial residual = 0.0035622542, Final residual = 2.0719983e-05, No Iterations 4
bounding k, min: 0 max: 2083.4278 average: 686.1384
ExecutionTime = 0.17 s  ClockTime = 0 s

Time = 158

smoothSolver:  Solving for Ux, Initial residual = 0.0017533334, Final residual = 1.1467542e-05, No Iterations 4
smoothSolver:  Solving for Uy, Initial residual = 0.00098686627, Final residual = 6.8976118e-06, No Iterations 4
smoothSolver:  Solving for Uz, Initial residual = 0.00098686476, Final residual = 6.8976109e-06, No Iterations 4
GAMG:  Solving for p, Initial residual = 0.004417235, Final residual = 2.8048681e-05, No Iterations 2
GAMG:  Solving for p, Initial residual = 2.7925395e-05, Final residual = 2.7473831e-07, No Iterations 5
time step continuity errors : sum local = 2.6044768e-06, global = -6.8117751e-08, cumulative = -0.00068257191
smoothSolver:  Solving for epsilon, Initial residual = 0.0020031861, Final residual = 5.9062411e-06, No Iterations 4
smoothSolver:  Solving for k, Initial residual = 0.0035410768, Final residual = 2.0627368e-05, No Iterations 4
bounding k, min: 0 max: 2088.1365 average: 687.88955
ExecutionTime = 0.17 s  ClockTime = 0 s

Time = 159

smoothSolver:  Solving for Ux, Initial residual = 0.0017220182, Final residual = 1.1186162e-05, No Iterations 4
smoothSolver:  Solving for Uy, Initial residual = 0.00098057317, Final residual = 6.8489718e-06, No Iterations 4
smoothSolver:  Solving for Uz, Initial residual = 0.0009805694, Final residual = 6.8489716e-06, No Iterations 4
GAMG:  Solving for p, Initial residual = 0.004380106, Final residual = 2.786537e-05, No Iterations 2
GAMG:  Solving for p, Initial residual = 2.7743914e-05, Final residual = 1.5165111e-07, No Iterations 6
time step continuity errors : sum local = 1.4391319e-06, global = 1.336097e-08, cumulative = -0.00068255855
smoothSolver:  Solving for epsilon, Initial residual = 0.0019922102, Final residual = 5.8967133e-06, No Iterations 4
smoothSolver:  Solving for k, Initial residual = 0.0035203099, Final residual = 2.0536537e-05, No Iterations 4
bounding k, min: 0 max: 2092.8168 average: 689.62942
ExecutionTime = 0.17 s  ClockTime = 0 s

Time = 160

smoothSolver:  Solving for Ux, Initial residual = 0.0016912091, Final residual = 1.0929022e-05, No Iterations 4
smoothSolver:  Solving for Uy, Initial residual = 0.00097439308, Final residual = 6.8014995e-06, No Iterations 4
smoothSolver:  Solving for Uz, Initial residual = 0.00097439237, Final residual = 6.8015002e-06, No Iterations 4
GAMG:  Solving for p, Initial residual = 0.0043436137, Final residual = 2.7686884e-05, No Iterations 2
GAMG:  Solving for p, Initial residual = 2.7567208e-05, Final residual = 2.7399394e-07, No Iterations 5
time step continuity errors : sum local = 2.6028399e-06, global = -6.9916367e-08, cumulative = -0.00068262847
smoothSolver:  Solving for epsilon, Initial residual = 0.0019814432, Final residual = 5.8874375e-06, No Iterations 4
smoothSolver:  Solving for k, Initial residual = 0.0034999442, Final residual = 2.0447455e-05, No Iterations 4
bounding k, min: 0 max: 2097.4691 average: 691.35817
ExecutionTime = 0.17 s  ClockTime = 0 s

Time = 161

smoothSolver:  Solving for Ux, Initial residual = 0.0016651194, Final residual = 1.0695494e-05, No Iterations 4
smoothSolver:  Solving for Uy, Initial residual = 0.00096834728, Final residual = 6.7546335e-06, No Iterations 4
smoothSolver:  Solving for Uz, Initial residual = 0.00096834714, Final residual = 6.7546333e-06, No Iterations 4
GAMG:  Solving for p, Initial residual = 0.0043077403, Final residual = 2.7507555e-05, No Iterations 2
GAMG:  Solving for p, Initial residual = 2.7389633e-05, Final residual = 1.8986266e-07, No Iterations 6
time step continuity errors : sum local = 1.8054909e-06, global = 2.3695349e-08, cumulative = -0.00068260477
smoothSolver:  Solving for epsilon, Initial residual = 0.0019708782, Final residual = 5.8784064e-06, No Iterations 4
smoothSolver:  Solving for k, Initial residual = 0.0034799696, Final residual = 2.0360083e-05, No Iterations 4
bounding k, min: 0 max: 2102.0939 average: 693.07598
ExecutionTime = 0.17 s  ClockTime = 0 s

Time = 162

smoothSolver:  Solving for Ux, Initial residual = 0.0016420131, Final residual = 1.0474834e-05, No Iterations 4
smoothSolver:  Solving for Uy, Initial residual = 0.00096240207, Final residual = 6.7086687e-06, No Iterations 4
smoothSolver:  Solving for Uz, Initial residual = 0.00096240207, Final residual = 6.7086681e-06, No Iterations 4
GAMG:  Solving for p, Initial residual = 0.0042724512, Final residual = 2.7328914e-05, No Iterations 2
GAMG:  Solving for p, Initial residual = 2.7212714e-05, Final residual = 2.6842117e-07, No Iterations 5
time step continuity errors : sum local = 2.5551685e-06, global = 1.4036555e-07, cumulative = -0.00068246441
smoothSolver:  Solving for epsilon, Initial residual = 0.0019605118, Final residual = 5.8696202e-06, No Iterations 4
smoothSolver:  Solving for k, Initial residual = 0.0034603778, Final residual = 2.027439e-05, No Iterations 4
bounding k, min: 0 max: 2106.6918 average: 694.78303
ExecutionTime = 0.17 s  ClockTime = 0 s

Time = 163

smoothSolver:  Solving for Ux, Initial residual = 0.0016192344, Final residual = 1.023706e-05, No Iterations 4
smoothSolver:  Solving for Uy, Initial residual = 0.0009565621, Final residual = 6.6631895e-06, No Iterations 4
smoothSolver:  Solving for Uz, Initial residual = 0.00095656211, Final residual = 6.6631883e-06, No Iterations 4
GAMG:  Solving for p, Initial residual = 0.0042377337, Final residual = 2.7148889e-05, No Iterations 2
GAMG:  Solving for p, Initial residual = 2.7034389e-05, Final residual = 2.0691751e-07, No Iterations 6
time step continuity errors : sum local = 1.9717182e-06, global = 2.8744095e-08, cumulative = -0.00068243566
smoothSolver:  Solving for epsilon, Initial residual = 0.0019503393, Final residual = 5.8610772e-06, No Iterations 4
smoothSolver:  Solving for k, Initial residual = 0.0034411604, Final residual = 2.0190348e-05, No Iterations 4
bounding k, min: 0 max: 2111.2632 average: 696.47948
ExecutionTime = 0.18 s  ClockTime = 0 s

Time = 164

smoothSolver:  Solving for Ux, Initial residual = 0.0015973967, Final residual = 1.0028035e-05, No Iterations 4
smoothSolver:  Solving for Uy, Initial residual = 0.00095074763, Final residual = 6.6187459e-06, No Iterations 4
smoothSolver:  Solving for Uz, Initial residual = 0.00095074763, Final residual = 6.6187455e-06, No Iterations 4
GAMG:  Solving for p, Initial residual = 0.0042035879, Final residual = 2.6976133e-05, No Iterations 2
GAMG:  Solving for p, Initial residual = 2.6863275e-05, Final residual = 2.042001e-07, No Iterations 6
time step continuity errors : sum local = 1.9478083e-06, global = 2.8282588e-08, cumulative = -0.00068240738
smoothSolver:  Solving for epsilon, Initial residual = 0.0019403577, Final residual = 5.8527763e-06, No Iterations 4
smoothSolver:  Solving for k, Initial residual = 0.0034223094, Final residual = 2.0107927e-05, No Iterations 4
bounding k, min: 0 max: 2115.8086 average: 698.1655
ExecutionTime = 0.18 s  ClockTime = 1 s

Time = 165

smoothSolver:  Solving for Ux, Initial residual = 0.0015753106, Final residual = 9.8153177e-06, No Iterations 4
smoothSolver:  Solving for Uy, Initial residual = 0.00094502269, Final residual = 6.5750304e-06, No Iterations 4
smoothSolver:  Solving for Uz, Initial residual = 0.00094502271, Final residual = 6.5750304e-06, No Iterations 4
GAMG:  Solving for p, Initial residual = 0.0041700106, Final residual = 2.6808919e-05, No Iterations 2
GAMG:  Solving for p, Initial residual = 2.6697653e-05, Final residual = 1.9776132e-07, No Iterations 6
time step continuity errors : sum local = 1.8883048e-06, global = 2.6842525e-08, cumulative = -0.00068238054
smoothSolver:  Solving for epsilon, Initial residual = 0.0019304383, Final residual = 5.8443391e-06, No Iterations 4
smoothSolver:  Solving for k, Initial residual = 0.0034038101, Final residual = 2.0027058e-05, No Iterations 4
bounding k, min: 0 max: 2120.3285 average: 699.84127
ExecutionTime = 0.18 s  ClockTime = 1 s

Time = 166

smoothSolver:  Solving for Ux, Initial residual = 0.0015530414, Final residual = 9.6012039e-06, No Iterations 4
smoothSolver:  Solving for Uy, Initial residual = 0.00093940804, Final residual = 6.5321142e-06, No Iterations 4
smoothSolver:  Solving for Uz, Initial residual = 0.00093940804, Final residual = 6.5321139e-06, No Iterations 4
GAMG:  Solving for p, Initial residual = 0.0041369836, Final residual = 2.6643712e-05, No Iterations 2
GAMG:  Solving for p, Initial residual = 2.6534004e-05, Final residual = 1.874972e-07, No Iterations 6
time step continuity errors : sum local = 1.7921069e-06, global = 2.43208e-08, cumulative = -0.00068235622
smoothSolver:  Solving for epsilon, Initial residual = 0.0019206282, Final residual = 5.835914e-06, No Iterations 4
smoothSolver:  Solving for k, Initial residual = 0.0033852607, Final residual = 1.9945389e-05, No Iterations 4
bounding k, min: 0 max: 2124.8233 average: 701.50693
ExecutionTime = 0.18 s  ClockTime = 1 s

Time = 167

smoothSolver:  Solving for Ux, Initial residual = 0.0015310421, Final residual = 9.3914332e-06, No Iterations 4
smoothSolver:  Solving for Uy, Initial residual = 0.00093389813, Final residual = 6.4900302e-06, No Iterations 4
smoothSolver:  Solving for Uz, Initial residual = 0.00093389813, Final residual = 6.4900296e-06, No Iterations 4
GAMG:  Solving for p, Initial residual = 0.0041044903, Final residual = 2.6478107e-05, No Iterations 2
GAMG:  Solving for p, Initial residual = 2.6369934e-05, Final residual = 1.7573057e-07, No Iterations 6
time step continuity errors : sum local = 1.6813289e-06, global = 2.1434074e-08, cumulative = -0.00068233478
smoothSolver:  Solving for epsilon, Initial residual = 0.0019108113, Final residual = 5.8271535e-06, No Iterations 4
smoothSolver:  Solving for k, Initial residual = 0.00336701, Final residual = 1.9864986e-05, No Iterations 4
bounding k, min: 0 max: 2129.2935 average: 703.16264
ExecutionTime = 0.18 s  ClockTime = 1 s

Time = 168

smoothSolver:  Solving for Ux, Initial residual = 0.0015098665, Final residual = 9.1920283e-06, No Iterations 4
smoothSolver:  Solving for Uy, Initial residual = 0.00092847445, Final residual = 6.4487339e-06, No Iterations 4
smoothSolver:  Solving for Uz, Initial residual = 0.00092847445, Final residual = 6.4487334e-06, No Iterations 4
GAMG:  Solving for p, Initial residual = 0.0040725191, Final residual = 2.6312359e-05, No Iterations 2
GAMG:  Solving for p, Initial residual = 2.6205697e-05, Final residual = 1.6559562e-07, No Iterations 6
time step continuity errors : sum local = 1.5859458e-06, global = 1.9094249e-08, cumulative = -0.00068231569
smoothSolver:  Solving for epsilon, Initial residual = 0.0019011608, Final residual = 5.8185911e-06, No Iterations 4
smoothSolver:  Solving for k, Initial residual = 0.0033487373, Final residual = 1.9783966e-05, No Iterations 4
bounding k, min: 0 max: 2133.7395 average: 704.80856
ExecutionTime = 0.18 s  ClockTime = 1 s

Time = 169

smoothSolver:  Solving for Ux, Initial residual = 0.0014899008, Final residual = 9.0513262e-06, No Iterations 4
smoothSolver:  Solving for Uy, Initial residual = 0.00092312346, Final residual = 6.408146e-06, No Iterations 4
smoothSolver:  Solving for Uz, Initial residual = 0.00092312346, Final residual = 6.4081458e-06, No Iterations 4
GAMG:  Solving for p, Initial residual = 0.0040410617, Final residual = 2.6148277e-05, No Iterations 2
GAMG:  Solving for p, Initial residual = 2.6043097e-05, Final residual = 1.5880607e-07, No Iterations 6
time step continuity errors : sum local = 1.5224347e-06, global = 1.7693683e-08, cumulative = -0.00068229799
smoothSolver:  Solving for epsilon, Initial residual = 0.0018916843, Final residual = 5.8102579e-06, No Iterations 4
smoothSolver:  Solving for k, Initial residual = 0.0033307982, Final residual = 1.970444e-05, No Iterations 4
bounding k, min: 0 max: 2138.1617 average: 706.44485
ExecutionTime = 0.18 s  ClockTime = 1 s

Time = 170

smoothSolver:  Solving for Ux, Initial residual = 0.0014712035, Final residual = 8.9245142e-06, No Iterations 4
smoothSolver:  Solving for Uy, Initial residual = 0.00091784287, Final residual = 6.3682121e-06, No Iterations 4
smoothSolver:  Solving for Uz, Initial residual = 0.00091784288, Final residual = 6.3682119e-06, No Iterations 4
GAMG:  Solving for p, Initial residual = 0.0040101079, Final residual = 2.5987318e-05, No Iterations 2
GAMG:  Solving for p, Initial residual = 2.5883583e-05, Final residual = 1.5484489e-07, No Iterations 6
time step continuity errors : sum local = 1.4859304e-06, global = 1.7005931e-08, cumulative = -0.00068228099
smoothSolver:  Solving for epsilon, Initial residual = 0.0018823778, Final residual = 5.8021507e-06, No Iterations 4
smoothSolver:  Solving for k, Initial residual = 0.0033131856, Final residual = 1.9626379e-05, No Iterations 4
bounding k, min: 0 max: 2142.5606 average: 708.07165
ExecutionTime = 0.18 s  ClockTime = 1 s

Time = 171

smoothSolver:  Solving for Ux, Initial residual = 0.0014535195, Final residual = 8.8029648e-06, No Iterations 4
smoothSolver:  Solving for Uy, Initial residual = 0.00091263795, Final residual = 6.3289299e-06, No Iterations 4
smoothSolver:  Solving for Uz, Initial residual = 0.00091263795, Final residual = 6.3289295e-06, No Iterations 4
GAMG:  Solving for p, Initial residual = 0.0039796469, Final residual = 2.5829476e-05, No Iterations 2
GAMG:  Solving for p, Initial residual = 2.5727151e-05, Final residual = 1.5172058e-07, No Iterations 6
time step continuity errors : sum local = 1.4573842e-06, global = 1.6533267e-08, cumulative = -0.00068226445
smoothSolver:  Solving for epsilon, Initial residual = 0.0018732379, Final residual = 5.7942669e-06, No Iterations 4
smoothSolver:  Solving for k, Initial residual = 0.0032958925, Final residual = 1.9549757e-05, No Iterations 4
bounding k, min: 0 max: 2146.9365 average: 709.6891
ExecutionTime = 0.18 s  ClockTime = 1 s

Time = 172

smoothSolver:  Solving for Ux, Initial residual = 0.0014364369, Final residual = 8.6851135e-06, No Iterations 4
smoothSolver:  Solving for Uy, Initial residual = 0.00090751338, Final residual = 6.2903232e-06, No Iterations 4
smoothSolver:  Solving for Uz, Initial residual = 0.00090751338, Final residual = 6.2903226e-06, No Iterations 4
GAMG:  Solving for p, Initial residual = 0.0039496671, Final residual = 2.5673694e-05, No Iterations 2
GAMG:  Solving for p, Initial residual = 2.557275e-05, Final residual = 1.4770234e-07, No Iterations 6
time step continuity errors : sum local = 1.4201784e-06, global = 1.5877556e-08, cumulative = -0.00068224858
smoothSolver:  Solving for epsilon, Initial residual = 0.0018642613, Final residual = 5.786605e-06, No Iterations 4
smoothSolver:  Solving for k, Initial residual = 0.0032789125, Final residual = 1.9474549e-05, No Iterations 4
bounding k, min: 0 max: 2151.2899 average: 711.29736
ExecutionTime = 0.18 s  ClockTime = 1 s

Time = 173

smoothSolver:  Solving for Ux, Initial residual = 0.0014195984, Final residual = 8.5698426e-06, No Iterations 4
smoothSolver:  Solving for Uy, Initial residual = 0.00090246807, Final residual = 6.2523983e-06, No Iterations 4
smoothSolver:  Solving for Uz, Initial residual = 0.00090246807, Final residual = 6.2523978e-06, No Iterations 4
GAMG:  Solving for p, Initial residual = 0.0039201578, Final residual = 2.5519065e-05, No Iterations 2
GAMG:  Solving for p, Initial residual = 2.5419476e-05, Final residual = 1.4225174e-07, No Iterations 6
time step continuity errors : sum local = 1.369106e-06, global = 1.4952327e-08, cumulative = -0.00068223363
smoothSolver:  Solving for epsilon, Initial residual = 0.0018554451, Final residual = 5.7791637e-06, No Iterations 4
smoothSolver:  Solving for k, Initial residual = 0.0032622394, Final residual = 1.9400733e-05, No Iterations 4
bounding k, min: 0 max: 2155.6212 average: 712.89656
ExecutionTime = 0.18 s  ClockTime = 1 s

Time = 174

smoothSolver:  Solving for Ux, Initial residual = 0.0014028578, Final residual = 8.4568473e-06, No Iterations 4
smoothSolver:  Solving for Uy, Initial residual = 0.00089749682, Final residual = 6.215132e-06, No Iterations 4
smoothSolver:  Solving for Uz, Initial residual = 0.00089749682, Final residual = 6.2151315e-06, No Iterations 4
GAMG:  Solving for p, Initial residual = 0.0038911096, Final residual = 2.5365541e-05, No Iterations 2
GAMG:  Solving for p, Initial residual = 2.5267282e-05, Final residual = 1.3607939e-07, No Iterations 6
time step continuity errors : sum local = 1.3109734e-06, global = 1.3944104e-08, cumulative = -0.00068221968
smoothSolver:  Solving for epsilon, Initial residual = 0.0018467863, Final residual = 5.7719418e-06, No Iterations 4
smoothSolver:  Solving for k, Initial residual = 0.0032458671, Final residual = 1.9328284e-05, No Iterations 4
bounding k, min: 0 max: 2159.9308 average: 714.48684
ExecutionTime = 0.19 s  ClockTime = 1 s

Time = 175

smoothSolver:  Solving for Ux, Initial residual = 0.0013863038, Final residual = 8.3465456e-06, No Iterations 4
smoothSolver:  Solving for Uy, Initial residual = 0.00089259488, Final residual = 6.1784927e-06, No Iterations 4
smoothSolver:  Solving for Uz, Initial residual = 0.00089259489, Final residual = 6.1784905e-06, No Iterations 4
GAMG:  Solving for p, Initial residual = 0.0038625142, Final residual = 2.521369e-05, No Iterations 2
GAMG:  Solving for p, Initial residual = 2.5116735e-05, Final residual = 1.3022494e-07, No Iterations 6
time step continuity errors : sum local = 1.2557862e-06, global = 1.308987e-08, cumulative = -0.00068220659
smoothSolver:  Solving for epsilon, Initial residual = 0.0018382821, Final residual = 5.7649375e-06, No Iterations 4
smoothSolver:  Solving for k, Initial residual = 0.0032297897, Final residual = 1.925718e-05, No Iterations 4
bounding k, min: 0 max: 2164.219 average: 716.06835
ExecutionTime = 0.19 s  ClockTime = 1 s

Time = 176

smoothSolver:  Solving for Ux, Initial residual = 0.0013701604, Final residual = 8.245693e-06, No Iterations 4
smoothSolver:  Solving for Uy, Initial residual = 0.00088776053, Final residual = 6.1424565e-06, No Iterations 4
smoothSolver:  Solving for Uz, Initial residual = 0.00088776053, Final residual = 6.1424526e-06, No Iterations 4
GAMG:  Solving for p, Initial residual = 0.0038343636, Final residual = 2.5064044e-05, No Iterations 2
GAMG:  Solving for p, Initial residual = 2.4968364e-05, Final residual = 1.255033e-07, No Iterations 6
time step continuity errors : sum local = 1.2114201e-06, global = 1.247233e-08, cumulative = -0.00068219412
smoothSolver:  Solving for epsilon, Initial residual = 0.0018299293, Final residual = 5.7581485e-06, No Iterations 4
smoothSolver:  Solving for k, Initial residual = 0.0032140011, Final residual = 1.9187397e-05, No Iterations 4
bounding k, min: 0 max: 2168.4863 average: 717.6412
ExecutionTime = 0.19 s  ClockTime = 1 s

Time = 177

smoothSolver:  Solving for Ux, Initial residual = 0.0013546357, Final residual = 8.1660251e-06, No Iterations 4
smoothSolver:  Solving for Uy, Initial residual = 0.00088299447, Final residual = 6.1070163e-06, No Iterations 4
smoothSolver:  Solving for Uz, Initial residual = 0.00088299447, Final residual = 6.1070112e-06, No Iterations 4
GAMG:  Solving for p, Initial residual = 0.0038066494, Final residual = 2.491665e-05, No Iterations 2
GAMG:  Solving for p, Initial residual = 2.4822217e-05, Final residual = 1.2179092e-07, No Iterations 6
time step continuity errors : sum local = 1.1767136e-06, global = 1.2099327e-08, cumulative = -0.00068218202
smoothSolver:  Solving for epsilon, Initial residual = 0.0018217251, Final residual = 5.7515723e-06, No Iterations 4
smoothSolver:  Solving for k, Initial residual = 0.0031984958, Final residual = 1.9118913e-05, No Iterations 4
bounding k, min: 0 max: 2172.7329 average: 719.20555
ExecutionTime = 0.19 s  ClockTime = 1 s

Time = 178

smoothSolver:  Solving for Ux, Initial residual = 0.0013398026, Final residual = 8.0879608e-06, No Iterations 4
smoothSolver:  Solving for Uy, Initial residual = 0.00087829737, Final residual = 6.0721673e-06, No Iterations 4
smoothSolver:  Solving for Uz, Initial residual = 0.00087829737, Final residual = 6.0721622e-06, No Iterations 4
GAMG:  Solving for p, Initial residual = 0.0037793625, Final residual = 2.4771187e-05, No Iterations 2
GAMG:  Solving for p, Initial residual = 2.4677976e-05, Final residual = 1.1856141e-07, No Iterations 6
time step continuity errors : sum local = 1.146604e-06, global = 1.1824955e-08, cumulative = -0.00068217019
smoothSolver:  Solving for epsilon, Initial residual = 0.0018136663, Final residual = 5.7452064e-06, No Iterations 4
smoothSolver:  Solving for k, Initial residual = 0.003183268, Final residual = 1.9051705e-05, No Iterations 4
bounding k, min: 0 max: 2176.9593 average: 720.76151
ExecutionTime = 0.19 s  ClockTime = 1 s

Time = 179

smoothSolver:  Solving for Ux, Initial residual = 0.0013255803, Final residual = 8.0114826e-06, No Iterations 4
smoothSolver:  Solving for Uy, Initial residual = 0.00087366893, Final residual = 6.0378995e-06, No Iterations 4
smoothSolver:  Solving for Uz, Initial residual = 0.00087366892, Final residual = 6.0378944e-06, No Iterations 4
GAMG:  Solving for p, Initial residual = 0.0037524938, Final residual = 2.462731e-05, No Iterations 2
GAMG:  Solving for p, Initial residual = 2.4535296e-05, Final residual = 1.1519308e-07, No Iterations 6
time step continuity errors : sum local = 1.1150875e-06, global = 1.1541642e-08, cumulative = -0.00068215865
smoothSolver:  Solving for epsilon, Initial residual = 0.0018057503, Final residual = 5.7390488e-06, No Iterations 4
smoothSolver:  Solving for k, Initial residual = 0.0031683123, Final residual = 1.8985751e-05, No Iterations 4
bounding k, min: 0 max: 2181.1659 average: 722.30922
ExecutionTime = 0.19 s  ClockTime = 1 s

Time = 180

smoothSolver:  Solving for Ux, Initial residual = 0.0013118008, Final residual = 7.9367337e-06, No Iterations 4
smoothSolver:  Solving for Uy, Initial residual = 0.00086910849, Final residual = 6.0041936e-06, No Iterations 4
smoothSolver:  Solving for Uz, Initial residual = 0.00086910849, Final residual = 6.0041885e-06, No Iterations 4
GAMG:  Solving for p, Initial residual = 0.0037260348, Final residual = 2.4484956e-05, No Iterations 2
GAMG:  Solving for p, Initial residual = 2.4394116e-05, Final residual = 1.1138887e-07, No Iterations 6
time step continuity errors : sum local = 1.0792819e-06, global = 1.1198585e-08, cumulative = -0.00068214745
smoothSolver:  Solving for epsilon, Initial residual = 0.0017979744, Final residual = 5.7330976e-06, No Iterations 4
smoothSolver:  Solving for k, Initial residual = 0.0031536237, Final residual = 1.8921031e-05, No Iterations 4
bounding k, min: 0 max: 2185.3528 average: 723.8488
ExecutionTime = 0.19 s  ClockTime = 1 s

Time = 181

smoothSolver:  Solving for Ux, Initial residual = 0.0012983118, Final residual = 7.863862e-06, No Iterations 4
smoothSolver:  Solving for Uy, Initial residual = 0.00086461096, Final residual = 5.9710312e-06, No Iterations 4
smoothSolver:  Solving for Uz, Initial residual = 0.00086461097, Final residual = 5.9710267e-06, No Iterations 4
GAMG:  Solving for p, Initial residual = 0.0036999777, Final residual = 2.4344313e-05, No Iterations 2
GAMG:  Solving for p, Initial residual = 2.4254624e-05, Final residual = 1.0728156e-07, No Iterations 6
time step continuity errors : sum local = 1.0404635e-06, global = 1.0799354e-08, cumulative = -0.00068213665
smoothSolver:  Solving for epsilon, Initial residual = 0.0017903362, Final residual = 5.7273514e-06, No Iterations 4
smoothSolver:  Solving for k, Initial residual = 0.0031391969, Final residual = 1.8857526e-05, No Iterations 4
bounding k, min: 0 max: 2189.5206 average: 725.38038
ExecutionTime = 0.19 s  ClockTime = 1 s

Time = 182

smoothSolver:  Solving for Ux, Initial residual = 0.0012850497, Final residual = 7.7928933e-06, No Iterations 4
smoothSolver:  Solving for Uy, Initial residual = 0.00086017479, Final residual = 5.9384186e-06, No Iterations 4
smoothSolver:  Solving for Uz, Initial residual = 0.00086017479, Final residual = 5.9384136e-06, No Iterations 4
GAMG:  Solving for p, Initial residual = 0.0036743152, Final residual = 2.420556e-05, No Iterations 2
GAMG:  Solving for p, Initial residual = 2.4116998e-05, Final residual = 1.0324131e-07, No Iterations 6
time step continuity errors : sum local = 1.002218e-06, global = 1.0371431e-08, cumulative = -0.00068212628
smoothSolver:  Solving for epsilon, Initial residual = 0.0017828333, Final residual = 5.7218088e-06, No Iterations 4
smoothSolver:  Solving for k, Initial residual = 0.0031250271, Final residual = 1.8795216e-05, No Iterations 4
bounding k, min: 0 max: 2193.6696 average: 726.90407
ExecutionTime = 0.19 s  ClockTime = 1 s

Time = 183

smoothSolver:  Solving for Ux, Initial residual = 0.0012720451, Final residual = 7.7237088e-06, No Iterations 4
smoothSolver:  Solving for Uy, Initial residual = 0.00085579983, Final residual = 5.9063474e-06, No Iterations 4
smoothSolver:  Solving for Uz, Initial residual = 0.00085579983, Final residual = 5.9063424e-06, No Iterations 4
GAMG:  Solving for p, Initial residual = 0.0036490409, Final residual = 2.4068665e-05, No Iterations 2
GAMG:  Solving for p, Initial residual = 2.3981208e-05, Final residual = 9.9583954e-08, No Iterations 6
time step continuity errors : sum local = 9.6761619e-07, global = 9.9360972e-09, cumulative = -0.00068211635
smoothSolver:  Solving for epsilon, Initial residual = 0.0017754632, Final residual = 5.7164679e-06, No Iterations 4
smoothSolver:  Solving for k, Initial residual = 0.0031111095, Final residual = 1.8734081e-05, No Iterations 4
bounding k, min: 0 max: 2197.8 average: 728.42
ExecutionTime = 0.19 s  ClockTime = 1 s

Time = 184

smoothSolver:  Solving for Ux, Initial residual = 0.0012593727, Final residual = 7.656485e-06, No Iterations 4
smoothSolver:  Solving for Uy, Initial residual = 0.0008514862, Final residual = 5.8748033e-06, No Iterations 4
smoothSolver:  Solving for Uz, Initial residual = 0.00085148621, Final residual = 5.8747984e-06, No Iterations 4
GAMG:  Solving for p, Initial residual = 0.0036241473, Final residual = 2.3933427e-05, No Iterations 2
GAMG:  Solving for p, Initial residual = 2.3847051e-05, Final residual = 1.3391576e-07, No Iterations 6
time step continuity errors : sum local = 1.3024131e-06, global = -2.6613951e-08, cumulative = -0.00068214296
smoothSolver:  Solving for epsilon, Initial residual = 0.0017682235, Final residual = 5.7113267e-06, No Iterations 4
smoothSolver:  Solving for k, Initial residual = 0.0030974394, Final residual = 1.8674103e-05, No Iterations 4
bounding k, min: 0 max: 2201.9123 average: 729.92829
ExecutionTime = 0.19 s  ClockTime = 1 s

Time = 185

smoothSolver:  Solving for Ux, Initial residual = 0.0012477087, Final residual = 7.5929426e-06, No Iterations 4
smoothSolver:  Solving for Uy, Initial residual = 0.00084726146, Final residual = 5.8439284e-06, No Iterations 4
smoothSolver:  Solving for Uz, Initial residual = 0.00084726146, Final residual = 5.8439233e-06, No Iterations 4
GAMG:  Solving for p, Initial residual = 0.0035996229, Final residual = 2.3795759e-05, No Iterations 2
GAMG:  Solving for p, Initial residual = 2.3710459e-05, Final residual = 1.2837124e-07, No Iterations 6
time step continuity errors : sum local = 1.249644e-06, global = -3.5342743e-08, cumulative = -0.0006821783
smoothSolver:  Solving for epsilon, Initial residual = 0.0017611116, Final residual = 5.7063827e-06, No Iterations 4
smoothSolver:  Solving for k, Initial residual = 0.003084012, Final residual = 1.8615263e-05, No Iterations 4
bounding k, min: 0 max: 2206.0066 average: 731.42905
ExecutionTime = 0.19 s  ClockTime = 1 s

Time = 186

smoothSolver:  Solving for Ux, Initial residual = 0.0012363804, Final residual = 7.5336639e-06, No Iterations 4
smoothSolver:  Solving for Uy, Initial residual = 0.00084304162, Final residual = 5.813254e-06, No Iterations 4
smoothSolver:  Solving for Uz, Initial residual = 0.00084304162, Final residual = 5.8132487e-06, No Iterations 4
GAMG:  Solving for p, Initial residual = 0.003575467, Final residual = 2.3663728e-05, No Iterations 2
GAMG:  Solving for p, Initial residual = 2.3579469e-05, Final residual = 1.0671093e-07, No Iterations 6
time step continuity errors : sum local = 1.0397459e-06, global = -1.6858522e-08, cumulative = -0.00068219516
smoothSolver:  Solving for epsilon, Initial residual = 0.0017541256, Final residual = 5.7016358e-06, No Iterations 4
smoothSolver:  Solving for k, Initial residual = 0.0030708232, Final residual = 1.8557543e-05, No Iterations 4
bounding k, min: 0 max: 2210.0834 average: 732.9224
ExecutionTime = 0.19 s  ClockTime = 1 s

Time = 187

smoothSolver:  Solving for Ux, Initial residual = 0.0012260743, Final residual = 7.4744004e-06, No Iterations 4
smoothSolver:  Solving for Uy, Initial residual = 0.00083886495, Final residual = 5.7829861e-06, No Iterations 4
smoothSolver:  Solving for Uz, Initial residual = 0.00083886495, Final residual = 5.7830471e-06, No Iterations 4
GAMG:  Solving for p, Initial residual = 0.003551675, Final residual = 2.3537882e-05, No Iterations 2
GAMG:  Solving for p, Initial residual = 2.3454627e-05, Final residual = 1.2723172e-07, No Iterations 6
time step continuity errors : sum local = 1.2408284e-06, global = -4.290415e-09, cumulative = -0.00068219945
smoothSolver:  Solving for epsilon, Initial residual = 0.0017472638, Final residual = 5.6970852e-06, No Iterations 4
smoothSolver:  Solving for k, Initial residual = 0.0030578687, Final residual = 1.8500929e-05, No Iterations 4
bounding k, min: 0 max: 2214.143 average: 734.40845
ExecutionTime = 0.19 s  ClockTime = 1 s

Time = 188

smoothSolver:  Solving for Ux, Initial residual = 0.001215652, Final residual = 7.419436e-06, No Iterations 4
smoothSolver:  Solving for Uy, Initial residual = 0.00083478765, Final residual = 5.7533977e-06, No Iterations 4
smoothSolver:  Solving for Uz, Initial residual = 0.00083478765, Final residual = 5.7535531e-06, No Iterations 4
GAMG:  Solving for p, Initial residual = 0.0035282368, Final residual = 2.3412016e-05, No Iterations 2
GAMG:  Solving for p, Initial residual = 2.3329751e-05, Final residual = 1.2857497e-07, No Iterations 6
time step continuity errors : sum local = 1.2550733e-06, global = -3.5116609e-09, cumulative = -0.00068220296
smoothSolver:  Solving for epsilon, Initial residual = 0.0017405236, Final residual = 5.6927278e-06, No Iterations 4
smoothSolver:  Solving for k, Initial residual = 0.0030451445, Final residual = 1.8445402e-05, No Iterations 4
bounding k, min: 0 max: 2218.1856 average: 735.88731
ExecutionTime = 0.19 s  ClockTime = 1 s

Time = 189

smoothSolver:  Solving for Ux, Initial residual = 0.0012057501, Final residual = 7.3653761e-06, No Iterations 4
smoothSolver:  Solving for Uy, Initial residual = 0.00083079558, Final residual = 5.7245466e-06, No Iterations 4
smoothSolver:  Solving for Uz, Initial residual = 0.00083079558, Final residual = 5.7245307e-06, No Iterations 4
GAMG:  Solving for p, Initial residual = 0.0035051434, Final residual = 2.3282673e-05, No Iterations 2
GAMG:  Solving for p, Initial residual = 2.3201396e-05, Final residual = 1.1842516e-07, No Iterations 6
time step continuity errors : sum local = 1.1570476e-06, global = -1.3892929e-08, cumulative = -0.00068221686
smoothSolver:  Solving for epsilon, Initial residual = 0.0017339013, Final residual = 5.6885564e-06, No Iterations 4
smoothSolver:  Solving for k, Initial residual = 0.003032646, Final residual = 1.8390945e-05, No Iterations 4
bounding k, min: 0 max: 2222.2116 average: 737.3591
ExecutionTime = 0.19 s  ClockTime = 1 s

Time = 190

smoothSolver:  Solving for Ux, Initial residual = 0.0011966578, Final residual = 7.3105813e-06, No Iterations 4
smoothSolver:  Solving for Uy, Initial residual = 0.00082684925, Final residual = 5.6961813e-06, No Iterations 4
smoothSolver:  Solving for Uz, Initial residual = 0.00082684925, Final residual = 5.6960903e-06, No Iterations 4
GAMG:  Solving for p, Initial residual = 0.0034823873, Final residual = 2.3153466e-05, No Iterations 2
GAMG:  Solving for p, Initial residual = 2.3073163e-05, Final residual = 1.1407919e-07, No Iterations 6
time step continuity errors : sum local = 1.1155951e-06, global = -1.6593969e-08, cumulative = -0.00068223345
smoothSolver:  Solving for epsilon, Initial residual = 0.0017273951, Final residual = 5.6845706e-06, No Iterations 4
smoothSolver:  Solving for k, Initial residual = 0.003020369, Final residual = 1.8337537e-05, No Iterations 4
bounding k, min: 0 max: 2226.2212 average: 738.82391
ExecutionTime = 0.19 s  ClockTime = 1 s

Time = 191

smoothSolver:  Solving for Ux, Initial residual = 0.0011879311, Final residual = 7.2564746e-06, No Iterations 4
smoothSolver:  Solving for Uy, Initial residual = 0.00082292, Final residual = 5.6678147e-06, No Iterations 4
smoothSolver:  Solving for Uz, Initial residual = 0.00082292, Final residual = 5.6677844e-06, No Iterations 4
GAMG:  Solving for p, Initial residual = 0.0034599636, Final residual = 2.3028089e-05, No Iterations 2
GAMG:  Solving for p, Initial residual = 2.2948734e-05, Final residual = 1.1682304e-07, No Iterations 6
time step continuity errors : sum local = 1.1434571e-06, global = -1.492396e-08, cumulative = -0.00068224838
smoothSolver:  Solving for epsilon, Initial residual = 0.001721004, Final residual = 5.6807717e-06, No Iterations 4
smoothSolver:  Solving for k, Initial residual = 0.0030083097, Final residual = 1.8285165e-05, No Iterations 4
bounding k, min: 0 max: 2230.2148 average: 740.28186
ExecutionTime = 0.2 s  ClockTime = 1 s

Time = 192

smoothSolver:  Solving for Ux, Initial residual = 0.0011792118, Final residual = 7.2036532e-06, No Iterations 4
smoothSolver:  Solving for Uy, Initial residual = 0.00081903111, Final residual = 5.6398347e-06, No Iterations 4
smoothSolver:  Solving for Uz, Initial residual = 0.00081903111, Final residual = 5.6398738e-06, No Iterations 4
GAMG:  Solving for p, Initial residual = 0.0034378679, Final residual = 2.2907331e-05, No Iterations 2
GAMG:  Solving for p, Initial residual = 2.2828894e-05, Final residual = 1.2492929e-07, No Iterations 6
time step continuity errors : sum local = 1.223898e-06, global = -6.788122e-09, cumulative = -0.00068225516
smoothSolver:  Solving for epsilon, Initial residual = 0.0017147265, Final residual = 5.6771602e-06, No Iterations 4
smoothSolver:  Solving for k, Initial residual = 0.0029964646, Final residual = 1.8233815e-05, No Iterations 4
bounding k, min: 0 max: 2234.1926 average: 741.73305
ExecutionTime = 0.2 s  ClockTime = 1 s

Time = 193

smoothSolver:  Solving for Ux, Initial residual = 0.0011702498, Final residual = 7.1528495e-06, No Iterations 4
smoothSolver:  Solving for Uy, Initial residual = 0.00081519947, Final residual = 5.6124724e-06, No Iterations 4
smoothSolver:  Solving for Uz, Initial residual = 0.00081519947, Final residual = 5.6124857e-06, No Iterations 4
GAMG:  Solving for p, Initial residual = 0.0034160966, Final residual = 2.2789532e-05, No Iterations 2
GAMG:  Solving for p, Initial residual = 2.2711991e-05, Final residual = 1.2738392e-07, No Iterations 6
time step continuity errors : sum local = 1.2490606e-06, global = -5.1197827e-09, cumulative = -0.00068226028
smoothSolver:  Solving for epsilon, Initial residual = 0.0017085612, Final residual = 5.6737356e-06, No Iterations 4
smoothSolver:  Solving for k, Initial residual = 0.0029848301, Final residual = 1.8183474e-05, No Iterations 4
bounding k, min: 0 max: 2238.1549 average: 743.17758
ExecutionTime = 0.2 s  ClockTime = 1 s

Time = 194

smoothSolver:  Solving for Ux, Initial residual = 0.0011613468, Final residual = 7.1027608e-06, No Iterations 4
smoothSolver:  Solving for Uy, Initial residual = 0.00081144466, Final residual = 5.5856379e-06, No Iterations 4
smoothSolver:  Solving for Uz, Initial residual = 0.00081144466, Final residual = 5.5855983e-06, No Iterations 4
GAMG:  Solving for p, Initial residual = 0.0033946433, Final residual = 2.2671045e-05, No Iterations 2
GAMG:  Solving for p, Initial residual = 2.259439e-05, Final residual = 1.3172126e-07, No Iterations 6
time step continuity errors : sum local = 1.2927397e-06, global = -1.0895644e-08, cumulative = -0.00068227118
smoothSolver:  Solving for epsilon, Initial residual = 0.0017025061, Final residual = 5.6704967e-06, No Iterations 4
smoothSolver:  Solving for k, Initial residual = 0.0029734025, Final residual = 1.8134125e-05, No Iterations 4
bounding k, min: 0 max: 2242.1019 average: 744.61556
ExecutionTime = 0.2 s  ClockTime = 1 s

Time = 195

smoothSolver:  Solving for Ux, Initial residual = 0.0011527054, Final residual = 7.053656e-06, No Iterations 4
smoothSolver:  Solving for Uy, Initial residual = 0.00080775512, Final residual = 5.5593179e-06, No Iterations 4
smoothSolver:  Solving for Uz, Initial residual = 0.00080775512, Final residual = 5.5593849e-06, No Iterations 4
GAMG:  Solving for p, Initial residual = 0.0033735003, Final residual = 2.2550418e-05, No Iterations 2
GAMG:  Solving for p, Initial residual = 2.2474645e-05, Final residual = 1.3135115e-07, No Iterations 6
time step continuity errors : sum local = 1.2902498e-06, global = -1.1244925e-08, cumulative = -0.00068228242
smoothSolver:  Solving for epsilon, Initial residual = 0.0016965594, Final residual = 5.6674411e-06, No Iterations 4
smoothSolver:  Solving for k, Initial residual = 0.0029621784, Final residual = 1.8085755e-05, No Iterations 4
bounding k, min: 0 max: 2246.0341 average: 746.04709
ExecutionTime = 0.2 s  ClockTime = 1 s

Time = 196

smoothSolver:  Solving for Ux, Initial residual = 0.0011443492, Final residual = 7.0049234e-06, No Iterations 4
smoothSolver:  Solving for Uy, Initial residual = 0.00080409042, Final residual = 5.5332747e-06, No Iterations 4
smoothSolver:  Solving for Uz, Initial residual = 0.00080409042, Final residual = 5.5333486e-06, No Iterations 4
GAMG:  Solving for p, Initial residual = 0.0033526625, Final residual = 2.2431525e-05, No Iterations 2
GAMG:  Solving for p, Initial residual = 2.2356615e-05, Final residual = 1.3429736e-07, No Iterations 6
time step continuity errors : sum local = 1.3203545e-06, global = -9.7428001e-09, cumulative = -0.00068229217
smoothSolver:  Solving for epsilon, Initial residual = 0.0016907191, Final residual = 5.6645671e-06, No Iterations 4
smoothSolver:  Solving for k, Initial residual = 0.0029511541, Final residual = 1.8038348e-05, No Iterations 4
bounding k, min: 0 max: 2249.9515 average: 747.47226
ExecutionTime = 0.2 s  ClockTime = 1 s

Time = 197

smoothSolver:  Solving for Ux, Initial residual = 0.0011362259, Final residual = 6.9570379e-06, No Iterations 4
smoothSolver:  Solving for Uy, Initial residual = 0.00080045907, Final residual = 5.5076042e-06, No Iterations 4
smoothSolver:  Solving for Uz, Initial residual = 0.00080045907, Final residual = 5.5075939e-06, No Iterations 4
GAMG:  Solving for p, Initial residual = 0.003332125, Final residual = 2.2315979e-05, No Iterations 2
GAMG:  Solving for p, Initial residual = 2.2241911e-05, Final residual = 1.3949369e-07, No Iterations 6
time step continuity errors : sum local = 1.3726479e-06, global = -5.9410591e-09, cumulative = -0.00068229811
smoothSolver:  Solving for epsilon, Initial residual = 0.0016849836, Final residual = 5.6618734e-06, No Iterations 4
smoothSolver:  Solving for k, Initial residual = 0.0029403264, Final residual = 1.799189e-05, No Iterations 4
bounding k, min: 0 max: 2253.8546 average: 748.89118
ExecutionTime = 0.2 s  ClockTime = 1 s

Time = 198

smoothSolver:  Solving for Ux, Initial residual = 0.0011282399, Final residual = 6.9102816e-06, No Iterations 4
smoothSolver:  Solving for Uy, Initial residual = 0.0007968795, Final residual = 5.4823283e-06, No Iterations 4
smoothSolver:  Solving for Uz, Initial residual = 0.0007968795, Final residual = 5.4822982e-06, No Iterations 4
GAMG:  Solving for p, Initial residual = 0.003311883, Final residual = 2.2202784e-05, No Iterations 2
GAMG:  Solving for p, Initial residual = 2.2129537e-05, Final residual = 1.4073505e-07, No Iterations 6
time step continuity errors : sum local = 1.3860754e-06, global = 1.6901666e-08, cumulative = -0.00068228121
smoothSolver:  Solving for epsilon, Initial residual = 0.0016793513, Final residual = 5.659359e-06, No Iterations 4
smoothSolver:  Solving for k, Initial residual = 0.002929692, Final residual = 1.7946369e-05, No Iterations 4
bounding k, min: 0 max: 2257.7435 average: 750.30394
ExecutionTime = 0.2 s  ClockTime = 1 s

Time = 199

smoothSolver:  Solving for Ux, Initial residual = 0.0011202599, Final residual = 6.8645891e-06, No Iterations 4
smoothSolver:  Solving for Uy, Initial residual = 0.00079335326, Final residual = 5.4574587e-06, No Iterations 4
smoothSolver:  Solving for Uz, Initial residual = 0.00079335326, Final residual = 5.4574488e-06, No Iterations 4
GAMG:  Solving for p, Initial residual = 0.0032919321, Final residual = 2.2090858e-05, No Iterations 2
GAMG:  Solving for p, Initial residual = 2.2018418e-05, Final residual = 1.4106391e-07, No Iterations 6
time step continuity errors : sum local = 1.3905255e-06, global = 1.5093123e-08, cumulative = -0.00068226611
smoothSolver:  Solving for epsilon, Initial residual = 0.0016738207, Final residual = 5.6570229e-06, No Iterations 4
smoothSolver:  Solving for k, Initial residual = 0.0029192478, Final residual = 1.7901771e-05, No Iterations 4
bounding k, min: 0 max: 2261.6184 average: 751.71063
ExecutionTime = 0.2 s  ClockTime = 1 s

Time = 200

smoothSolver:  Solving for Ux, Initial residual = 0.0011125223, Final residual = 6.8195687e-06, No Iterations 4
smoothSolver:  Solving for Uy, Initial residual = 0.00078987738, Final residual = 5.43303e-06, No Iterations 4
smoothSolver:  Solving for Uz, Initial residual = 0.00078987738, Final residual = 5.4330252e-06, No Iterations 4
GAMG:  Solving for p, Initial residual = 0.003272268, Final residual = 2.197956e-05, No Iterations 2
GAMG:  Solving for p, Initial residual = 2.1907915e-05, Final residual = 1.4026595e-07, No Iterations 6
time step continuity errors : sum local = 1.3838602e-06, global = 1.3694446e-08, cumulative = -0.00068225242
smoothSolver:  Solving for epsilon, Initial residual = 0.00166839, Final residual = 5.6548633e-06, No Iterations 4
smoothSolver:  Solving for k, Initial residual = 0.0029089906, Final residual = 1.7858083e-05, No Iterations 4
bounding k, min: 0 max: 2265.4798 average: 753.11135
ExecutionTime = 0.2 s  ClockTime = 1 s

surfaceFieldValue outFlow write:
    average(outlet) of U = (24.03427 1.5142762e-08 5.0474634e-08)

surfaceFieldValue pIn write:
    average(inlet) of p = 7.4786501

surfaceFieldValue pOut write:
    average(outlet) of p = 0

End

