layer_index,z_mm,part_area_mm2,part_perimeter_mm,part_component_count,new_island_count,unsupported_area_mm2,support_area_mm2,support_perimeter_mm
0,0.015,0.07596658,5.80040685,1,0,0.0,512.5,947.0
1,0.045,0.43396548,10.40959493,1,0,0.20635644,511.0,947.0
2,0.075,0.95155432,13.58102691,1,0,0.24565111,510.5,947.0
3,0.105,1.59281341,16.03384384,1,0,0.28583454,509.5,947.0
4,0.135,2.33400677,18.28509984,1,0,0.32107793,509.0,945.0
5,0.165,3.16715501,20.21411592,1,0,0.35354903,503.5,939.0
6,0.195,4.07858862,21.94796832,1,0,0.38097938,503.5,939.0
7,0.225,5.06501875,23.64857366,1,0,0.41030017,503.0,939.0
8,0.255,6.12120769,25.16988761,1,0,0.43529513,502.5,939.0
9,0.285,7.23998159,26.58025843,1,0,0.45795408,502.0,939.0
10,0.315,8.41954297,27.99062924,1,0,0.48179495,502.0,939.0
11,0.345,9.63993845,29.31135816,1,0,0.48568245,501.5,939.0
12,0.375,10.63804052,30.54169564,1,0,0.37870747,501.0,937.0
13,0.405,11.50866306,31.74008302,1,0,0.33801502,495.5,923.0
14,0.435,12.33211152,35.00562244,2,1,0.34240594,494.25,922.0
15,0.465,13.14879552,36.30517882,2,0,0.32513539,494.25,922.0
16,0.495,13.91891257,37.55016291,2,0,0.3075164,493.75,922.0
17,0.525,14.65321777,38.75244912,2,0,0.29383332,493.75,922.0
18,0.555,15.35730871,39.9548752,2,0,0.28175573,493.25,922.0
19,0.585,16.03502433,41.15868123,2,0,0.27212652,493.25,922.0
20,0.615,16.69143724,42.30169328,2,0,0.26368164,488.5,913.0
21,0.645,17.32781155,43.41356083,2,0,0.25567235,488.0,909.0
22,0.675,17.94300801,44.49890971,2,0,0.24741045,487.5,909.0
23,0.705,18.54084649,45.58582143,2,0,0.24115042,487.5,909.0
24,0.735,19.12510889,46.67396685,2,0,0.23634542,487.0,909.0
25,0.765,19.69612375,47.72864293,2,0,0.23102153,487.0,909.0
26,0.795,20.25290066,48.76783409,2,0,0.22559864,487.0,909.0
27,0.825,20.79727247,49.7622465,2,0,0.22050224,486.5,907.0
28,0.855,21.33086482,50.75839455,2,0,0.21669044,482.75,899.0
29,0.885,21.85492246,51.75454261,2,0,0.21298085,482.25,899.0
30,0.915,22.36944541,52.75069066,2,0,0.20927126,482.25,899.0
31,0.945,22.87513907,53.72019241,2,0,0.20588446,482.25,899.0
32,0.975,23.37244613,54.67900105,2,0,0.202443,481.75,899.0
33,1.005,23.86247371,55.60653952,2,0,0.19948754,481.75,899.0
34,1.035,24.34487754,56.52923985,2,0,0.19643346,481.75,899.0
35,1.065,24.81964328,57.45194017,2,0,0.19347846,481.25,897.0
36,1.095,25.28717522,58.37584908,2,0,0.19087869,477.75,889.0
37,1.125,25.74914134,59.29607775,2,0,0.18879274,477.75,889.0
38,1.155,26.20540342,60.18954693,2,0,0.18638577,477.25,889.0
39,1.185,26.65686114,61.07987462,2,0,0.18452996,477.25,889.0
40,1.215,27.10270795,61.94280059,2,0,0.18192783,477.25,889.0
41,1.245,27.54238023,62.80572655,2,0,0.17951478,476.75,887.0
42,1.275,27.97629787,63.6699774,2,0,0.17744129,476.75,887.0
43,1.305,28.40585735,64.5349107,2,0,0.17574406,476.75,887.0
44,1.335,28.83151118,65.4010678,2,0,0.17433399,473.5,884.0
45,1.365,29.25402196,66.24189388,2,0,0.1727387,473.5,884.0
46,1.395,29.67282692,67.08143894,2,0,0.17118544,473.5,884.0
47,1.425,30.08757,67.90117332,2,0,0.16930162,473.0,884.0
48,1.455,30.4974217,68.71484781,2,0,0.16718204,473.0,884.0
49,1.485,30.90614672,70.46807822,2,0,0.16850471,472.75,884.0
50,1.515,31.49202154,76.80058122,2,0,0.31999698,471.25,884.0
51,1.545,32.25071705,80.76219168,2,0,0.34667336,470.0,881.0
52,1.575,33.13711867,83.84535172,2,0,0.38817898,463.25,877.0
53,1.605,34.11613853,86.62106004,2,0,0.41765505,462.75,877.0
54,1.635,35.18493844,89.28229267,2,0,0.45245213,462.0,877.0
55,1.665,36.32711608,91.47712399,2,0,0.47393573,461.25,877.0
56,1.695,37.53437992,93.66961634,2,0,0.49952984,461.25,877.0
57,1.725,38.80723847,95.86221313,2,0,0.5253456,460.75,877.0
58,1.755,40.14144108,97.80599204,2,0,0.54692358,459.75,873.0
59,1.785,41.52802072,99.6713232,2,0,0.56597569,451.25,852.0
60,1.815,42.9664897,101.53665436,2,0,0.58652954,450.25,848.0
61,1.845,44.27006021,103.39031085,2,0,0.49359742,449.75,848.0
62,1.875,45.41457786,105.15251063,2,0,0.44945494,449.25,848.0
63,1.905,46.46687154,106.78866335,2,0,0.41427288,448.75,848.0
64,1.935,47.46186757,108.41482883,2,0,0.39386537,448.75,848.0
65,1.965,48.40538156,110.0413813,2,0,0.37381667,448.25,847.0
66,1.995,49.31078184,111.6734581,2,0,0.36183144,448.0,846.0
67,2.025,50.18982298,113.27293425,2,0,0.35140235,441.5,832.0
68,2.055,51.03836049,114.75387358,2,0,0.33766444,441.5,832.0
69,2.085,51.85787267,116.23772463,2,0,0.32770069,441.0,832.0
70,2.115,52.65847876,117.70811034,2,0,0.32031962,441.0,832.0
71,2.145,53.44058018,119.17613844,2,0,0.31285963,440.5,830.0
72,2.175,54.20450934,120.64306457,2,0,0.30567545,440.0,830.0
73,2.205,54.95131192,122.07611886,2,0,0.29905846,440.0,830.0
74,2.235,55.68420897,123.42739203,2,0,0.29295848,439.5,828.0
75,2.265,56.40312213,124.77419202,2,0,0.28750647,434.0,818.0
76,2.295,57.10849657,126.12101814,2,0,0.28224695,434.0,818.0
77,2.325,57.80033414,127.46784426,2,0,0.27698744,433.5,818.0
78,2.355,58.47934045,128.81662238,2,0,0.2723509,433.5,818.0
79,2.385,59.15023821,130.1628567,2,0,0.26966656,433.0,818.0
80,2.415,59.81363305,131.47732887,2,0,0.26645082,432.5,816.0
81,2.445,60.46736241,132.73131247,2,0,0.26185565,432.5,816.0
82,2.475,61.11040188,133.97463158,2,0,0.25758587,432.0,814.0
83,2.505,61.74224316,135.21068272,2,0,0.2530922,427.0,804.0
84,2.535,62.3639335,136.45099682,2,0,0.24954627,427.0,804.0
85,2.565,62.97945568,137.69394206,2,0,0.24745727,426.0,803.0
86,2.595,63.58964296,138.93688731,2,0,0.24540027,426.0,803.0
87,2.625,64.19449533,140.17983256,2,0,0.24334327,426.0,803.0
88,2.655,64.79350224,141.39159237,2,0,0.24077573,425.75,802.0
89,2.685,65.38444265,142.56044215,2,0,0.23701612,425.5,801.0
90,2.715,65.96622305,143.72101424,2,0,0.2334021,420.75,792.0
91,2.745,66.5405334,144.88615363,2,0,0.23096282,420.75,792.0
92,2.775,67.10992601,146.04871047,2,0,0.22920973,420.25,792.0
93,2.805,67.67425892,147.20273015,2,0,0.22717579,420.25,792.0
94,2.835,68.23388362,148.35814723,2,0,0.22547446,420.25,792.0
95,2.865,68.78897792,149.51356432,2,0,0.22377636,419.25,788.0
96,2.895,69.33951404,150.66303573,2,0,0.22205047,419.25,788.0
97,2.925,69.88447034,151.7755007,2,0,0.21948134,419.25,788.0
98,2.955,70.42271608,152.87518018,2,0,0.21674429,415.25,780.0
99,2.985,70.95610976,153.9782319,2,0,0.21506396,414.75,780.0
100,3.015,71.48575478,155.07375689,2,0,0.21346392,414.75,780.0
101,3.045,72.01165704,156.16709489,2,0,0.21196039,414.25,778.0
102,3.075,72.53388863,157.26043289,2,0,0.21050586,414.25,778.0
103,3.105,73.05235279,158.34743489,2,0,0.20895457,413.75,776.0
104,3.135,73.56705441,159.43116877,2,0,0.20744204,413.75,776.0
105,3.165,74.07825406,160.51490265,2,0,0.20600913,413.75,776.0
106,3.195,74.58554284,161.57689277,2,0,0.20417433,409.75,770.0
107,3.225,75.08842795,162.61683973,2,0,0.20230133,409.25,770.0
108,3.255,75.58779228,163.65801869,2,0,0.20103233,409.25,770.0
109,3.285,76.08380529,164.69919765,2,0,0.19976333,409.25,770.0
110,3.315,76.57646699,165.74037661,2,0,0.19849433,409.25,770.0
111,3.345,77.06593915,166.77660532,2,0,0.19730667,408.75,768.0
112,3.375,77.55224225,167.80896589,2,0,0.1960113,408.25,766.0
113,3.405,78.035347,168.84132645,2,0,0.19476215,408.25,766.0
114,3.435,78.51526255,169.87116226,2,0,0.19352216,404.25,758.0
115,3.465,78.99194275,170.89515942,2,0,0.19222857,404.25,758.0
116,3.495,79.46574672,171.90799716,2,0,0.19117787,403.75,758.0
117,3.525,79.93679529,172.89906098,2,0,0.18995124,403.75,758.0
118,3.555,80.40465696,173.88775245,2,0,0.18880967,403.5,757.0
119,3.585,80.8693241,174.87644392,2,0,0.18770406,403.25,756.0
120,3.615,81.33079672,175.86513539,2,0,0.18659844,403.0,755.0
121,3.645,81.78907481,176.85382686,2,0,0.18549283,399.25,748.0
122,3.675,82.24436536,177.8440013,2,0,0.18453029,399.25,748.0
123,3.705,82.69678224,178.82493941,2,0,0.1834238,399.25,748.0
124,3.735,83.14610015,179.80587752,2,0,0.18233497,399.25,748.0
125,3.765,83.59234801,180.78765162,2,0,0.18127508,398.25,744.0
126,3.795,84.03651397,181.76859885,2,0,0.18076217,398.25,744.0
127,3.825,84.47925782,182.7329849,2,0,0.18017193,398.25,744.0
128,3.855,84.91991752,183.67828706,2,0,0.17917507,398.25,744.0
129,3.885,85.35805664,184.62221404,2,0,0.17817984,395.25,740.0
130,3.915,85.79367279,185.56614102,2,0,0.17720433,395.0,740.0
131,3.945,86.22676598,186.510068,2,0,0.17622882,394.75,740.0
132,3.975,86.6573362,187.45399498,2,0,0.17525331,394.25,738.0
133,4.005,87.08540584,188.39848047,2,0,0.17430018,394.25,738.0
134,4.035,87.51136825,189.34438231,2,0,0.17352305,394.25,738.0
135,4.065,87.93513562,190.2820679,2,0,0.17255717,394.25,738.0
136,4.095,88.35656061,191.22058172,2,0,0.17172618,393.75,736.0
137,4.125,88.77653676,192.16271997,2,0,0.17132784,390.25,730.0
138,4.155,89.19599041,193.10122563,2,0,0.17119665,390.25,730.0
139,4.185,89.61421378,194.01823492,2,0,0.1704863,389.75,728.0
140,4.215,90.03037098,194.92377308,2,0,0.16953721,389.75,728.0
141,4.245,90.44423598,195.82934528,2,0,0.168667,389.25,726.0
142,4.275,90.85577485,196.73493643,2,0,0.1677968,389.25,726.0
143,4.305,91.26498297,197.64052693,2,0,0.16692659,389.25,726.0
144,4.335,91.67178834,198.54615414,2,0,0.16605639,389.25,726.0
145,4.365,92.07576784,199.45226799,2,0,0.16520157,386.25,722.0
146,4.395,92.47740534,200.35985191,2,0,0.16451338,385.75,720.0
147,4.425,92.87731635,201.26515601,2,0,0.16383418,385.25,718.0
148,4.455,93.2758482,202.16797178,2,0,0.16328373,385.25,718.0
149,4.485,93.67368612,203.07278564,2,0,0.16303272,385.25,718.0
150,4.515,94.07134714,203.97909385,2,0,0.16294373,385.25,718.0
151,4.545,94.46869935,204.86971068,2,0,0.16254202,385.25,718.0
152,4.575,94.86472778,205.74447448,2,0,0.1617379,385.25,718.0
153,4.605,95.25897667,206.61686727,2,0,0.16092499,381.5,713.0
154,4.635,95.65146719,207.48925492,2,0,0.16014121,381.25,712.0
155,4.665,96.04226151,208.36165237,2,0,0.15935743,381.25,712.0
156,4.695,96.43156887,209.23411136,2,0,0.15857365,381.25,712.0
157,4.725,96.81944026,210.10659193,2,0,0.15778987,381.25,712.0
158,4.755,97.20576378,210.98055776,2,0,0.15708648,381.25,712.0
159,4.785,97.59040758,211.85573387,2,0,0.15650201,381.0,711.0
160,4.815,97.97381748,212.73076027,2,0,0.15615925,377.25,704.0
161,4.845,98.35637047,213.60267404,2,0,0.1558756,377.0,703.0
162,4.875,98.73823353,214.47575857,2,0,0.15570297,376.75,702.0
163,4.905,99.11978439,215.34965578,2,0,0.15562686,376.75,702.0
164,4.935,99.50084325,216.21092971,2,0,0.15532998,376.75,702.0
165,4.965,99.88057052,217.05768255,2,0,0.1546455,376.75,702.0
166,4.995,100.25866582,217.90140247,2,0,0.15389749,376.25,700.0
167,5.025,100.63502595,218.74511724,2,0,0.15318545,376.25,700.0
168,5.055,101.00964419,219.58884707,2,0,0.15247341,373.25,696.0
169,5.085,101.38257461,220.43264919,2,0,0.15176137,373.25,696.0
170,5.115,101.753846,221.2764513,2,0,0.15104933,372.75,694.0
171,5.145,102.12358583,222.12179244,2,0,0.1504308,372.75,694.0
172,5.175,102.49219365,222.96906214,2,0,0.1499752,372.75,694.0
173,5.205,102.86022137,223.81869485,2,0,0.14975814,372.25,692.0
174,5.235,103.22800752,224.66309553,2,0,0.14954239,372.25,692.0
175,5.265,103.59542128,225.50785348,2,0,0.14936661,372.25,692.0
176,5.295,103.9628709,226.35360776,2,0,0.14929853,369.25,688.0
177,5.325,104.33042487,227.19848487,2,0,0.14922841,369.25,688.0
178,5.355,104.69760973,228.02769969,2,0,0.14877952,369.25,688.0
179,5.385,105.06372829,228.84641801,2,0,0.1481139,368.75,686.0
180,5.415,105.42849474,229.66501307,2,0,0.14746072,368.5,685.0
181,5.445,105.79190905,230.48360813,2,0,0.14680882,368.25,684.0
182,5.475,106.15397122,231.30220319,2,0,0.14615691,368.25,684.0
183,5.505,106.51468125,232.12079825,2,0,0.14550501,368.25,684.0
184,5.535,106.87406999,232.94015896,2,0,0.14488382,365.25,680.0
185,5.565,107.23247406,233.76146616,2,0,0.14440883,365.25,680.0
186,5.595,107.59041575,234.58503072,2,0,0.14413749,365.25,680.0
187,5.625,107.94838546,235.41013265,2,0,0.14406016,365.25,680.0
188,5.655,108.306292,236.2292275,2,0,0.14383738,364.25,676.0
189,5.685,108.66395558,237.05033993,2,0,0.14372755,364.25,676.0
190,5.715,109.02139575,237.87151067,2,0,0.14366654,364.25,676.0
191,5.745,109.37861255,238.69268141,2,0,0.14360552,361.25,672.0
192,5.775,109.73527126,239.50082357,2,0,0.14325862,361.25,672.0
193,5.805,110.09066966,240.30087588,2,0,0.14272437,361.25,672.0
194,5.835,110.44436186,241.09747163,2,0,0.1420904,361.25,672.0
195,5.865,110.79632024,241.89407847,2,0,0.14148932,361.25,672.0
196,5.895,111.14654765,242.69068532,2,0,0.14088823,360.75,670.0
197,5.925,111.4950441,243.48729216,2,0,0.14028715,360.75,670.0
198,5.955,111.84188132,244.28507398,2,0,0.13974533,360.25,668.0
199,5.985,112.18740713,245.08460256,2,0,0.13932639,357.25,664.0
200,6.015,112.5320916,245.88631798,2,0,0.13908979,357.25,664.0
201,6.045,112.87638817,246.68984123,2,0,0.13902529,357.25,664.0
202,6.075,113.22034401,247.48875957,2,0,0.13888104,357.25,664.0
203,6.105,113.56398562,248.28842908,2,0,0.13879874,357.25,664.0
204,6.135,113.90748031,249.08809859,2,0,0.13874398,357.25,664.0
205,6.165,114.25082807,249.8877681,2,0,0.13868922,356.75,662.0
206,6.195,114.59396094,250.68400337,2,0,0.13856799,356.75,662.0
207,6.225,114.93645188,251.47079501,2,0,0.13822546,353.75,658.0
208,6.255,115.2779303,252.25085049,2,0,0.13775343,353.25,656.0
209,6.285,115.61810131,253.02811069,2,0,0.13717179,353.25,656.0
210,6.315,115.95694558,253.80539423,2,0,0.13661397,353.25,656.0
211,6.345,116.29448847,254.5827074,2,0,0.13605615,353.25,656.0
212,6.375,116.6307362,255.36086494,2,0,0.13551586,353.25,656.0
213,6.405,116.96581412,256.14026516,2,0,0.13509296,353.25,656.0
214,6.435,117.29990929,256.92176768,2,0,0.13478488,352.75,654.0
215,6.465,117.63337197,257.70533929,2,0,0.13464467,349.75,650.0
216,6.495,117.96651263,258.48867337,2,0,0.13458708,349.75,650.0
217,6.525,118.29925937,259.26900416,2,0,0.13447365,349.75,650.0
218,6.555,118.63170105,260.04984777,2,0,0.13442447,349.75,650.0
219,6.585,118.96381595,260.83069138,2,0,0.1343753,349.25,648.0
220,6.615,119.29549267,261.6115183,2,0,0.13432612,349.25,648.0
221,6.645,119.62637381,262.38769793,2,0,0.13418386,349.25,648.0
222,6.675,119.95623009,263.16030535,2,0,0.13396815,346.25,642.0
223,6.705,120.28482105,263.9270898,2,0,0.13357176,345.75,640.0
224,6.735,120.61179516,264.68745901,2,0,0.1330195,345.75,640.0
225,6.765,120.93694395,265.44783743,2,0,0.1324987,345.75,640.0
226,6.795,121.26026608,266.20825418,2,0,0.1319779,345.75,640.0
227,6.825,121.58184121,266.97043595,2,0,0.1315409,345.75,640.0
228,6.855,121.90187484,267.73292044,2,0,0.13114854,345.75,640.0
229,6.885,122.22056953,268.49748033,2,0,0.13086023,345.75,640.0
230,6.915,122.53830885,269.26401548,2,0,0.13071881,343.0,637.0
231,6.945,122.85552246,270.03058033,2,0,0.13066591,342.75,636.0
232,6.975,123.17231885,270.79494358,2,0,0.1305884,342.75,636.0
233,7.005,123.48868163,271.55930684,2,0,0.13054419,342.5,635.0
234,7.035,123.80461074,272.32367009,2,0,0.13049998,342.25,634.0
235,7.065,124.12009835,273.08803016,2,0,0.13045578,342.25,634.0
236,7.095,124.43501805,273.84842887,2,0,0.13033117,342.25,634.0
237,7.125,124.74917065,274.60777923,2,0,0.1301597,342.25,634.0
238,7.155,125.062528,275.36453037,2,0,0.12997235,339.25,630.0
239,7.185,125.37484628,276.1161606,2,0,0.12962731,339.25,630.0
240,7.215,125.68585778,276.8615456,2,0,0.12914648,339.25,630.0
241,7.245,125.99543494,277.60693059,2,0,0.12865749,339.25,630.0
242,7.275,126.30372556,278.35431053,2,0,0.12826262,339.25,630.0
243,7.305,126.61090558,279.10178425,2,0,0.12789642,338.75,628.0
244,7.335,126.91699014,279.84992488,2,0,0.12754504,338.5,627.0
245,7.365,127.22226916,280.59997015,2,0,0.12733797,338.25,626.0
246,7.395,127.527125,281.35254563,2,0,0.12727493,335.25,621.0
247,7.425,127.83186306,282.1028362,2,0,0.12724635,335.25,621.0
248,7.455,128.13644275,282.85256675,2,0,0.12720379,335.25,621.0
249,7.485,128.44086322,283.6022979,2,0,0.1271641,335.25,621.0
250,7.515,128.74514077,284.35204807,2,0,0.12712441,335.25,621.0
251,7.545,129.0492278,285.10000704,2,0,0.12706264,335.25,621.0
252,7.575,129.35289351,285.84508682,2,0,0.1268927,335.25,621.0
253,7.605,129.65608268,286.5901666,2,0,0.12673649,335.25,621.0
254,7.635,129.95879529,287.33524638,2,0,0.12658028,332.5,618.0
255,7.665,130.26089787,288.07475062,2,0,0.12630892,332.5,618.0
256,7.695,130.56212134,288.80987306,2,0,0.12593963,332.0,616.0
257,7.725,130.86227588,289.54377397,2,0,0.12552266,331.5,614.0
258,7.755,131.16151274,290.27823701,2,0,0.12517895,331.5,614.0
259,7.785,131.45983411,291.0126998,2,0,0.12483523,331.5,614.0
260,7.815,131.75725196,291.74773105,2,0,0.12450352,331.5,614.0
261,7.845,132.05408206,292.48470379,2,0,0.12431036,328.5,608.0
262,7.875,132.35060674,293.22454708,2,0,0.12427616,328.5,608.0
263,7.905,132.64692362,293.96171581,2,0,0.12423155,328.5,608.0
264,7.935,132.94297157,294.69890164,2,0,0.12419593,328.5,608.0
265,7.965,133.23883792,295.43612864,2,0,0.12416032,328.5,608.0
266,7.995,133.53455349,296.17335564,2,0,0.1241247,328.5,608.0
267,8.025,133.83004406,296.90756572,2,0,0.12402614,328.5,608.0
268,8.055,134.12507975,297.64035964,2,0,0.12387218,328.5,608.0
269,8.085,134.41964421,298.37315357,2,0,0.1237243,325.5,604.0
270,8.115,134.71373744,299.10594749,2,0,0.12357643,325.5,604.0
271,8.145,135.00735944,299.83874142,2,0,0.12342856,325.25,603.0
272,8.175,135.30034434,300.56657054,2,0,0.12316296,325.0,602.0
273,8.205,135.59257048,301.29225178,2,0,0.12291193,325.0,602.0
274,8.235,135.88381776,302.01542502,2,0,0.12257512,325.0,602.0
275,8.265,136.17401816,302.73862406,2,0,0.12225079,325.0,602.0
276,8.295,136.46264927,303.461888,2,0,0.12192645,325.0,602.0
277,8.325,136.74978099,304.18726106,2,0,0.12169331,322.0,596.0
278,8.355,137.03629965,304.9147165,2,0,0.12163543,322.0,596.0
279,8.385,137.32286552,305.64087411,2,0,0.12159302,322.0,596.0
280,8.415,137.60949994,306.36704265,2,0,0.12156112,322.0,596.0
281,8.445,137.89614763,307.09323091,2,0,0.12152921,322.0,596.0
282,8.475,138.1827929,307.81941917,2,0,0.12149731,321.75,595.0
283,8.505,138.46935016,308.54269571,2,0,0.12140074,321.5,594.0
284,8.535,138.75556481,309.26467862,2,0,0.12125581,321.5,594.0
285,8.565,139.04141996,309.98666153,2,0,0.12111538,319.0,592.0
286,8.595,139.32691562,310.70864445,2,0,0.12097496,319.0,592.0
287,8.625,139.61205177,311.43062736,2,0,0.12083453,318.75,591.0
288,8.655,139.89639928,312.15336575,2,0,0.12071582,318.5,590.0
289,8.685,140.17752204,312.87431729,2,0,0.12064115,318.5,590.0
290,8.715,140.45699943,313.59205793,2,0,0.12045683,318.5,590.0
291,8.745,140.73594908,314.30524223,2,0,0.12015062,318.5,590.0
292,8.775,141.01424606,315.01842556,2,0,0.119843,315.5,585.0
293,8.805,141.29156131,315.73223434,2,0,0.11954044,315.5,585.0
294,8.835,141.56762445,316.44898962,2,0,0.11943217,315.5,585.0
295,8.865,141.84347806,317.16413346,2,0,0.11929951,315.5,585.0
296,8.895,142.11935458,317.88055869,2,0,0.11927102,315.5,585.0
297,8.925,142.3954658,318.59704121,2,0,0.11924253,315.5,585.0
298,8.955,142.67203956,319.31353595,2,0,0.11921405,315.0,583.0
299,8.985,142.94942628,320.02826892,2,0,0.11917232,315.0,583.0
300,9.015,143.2277255,320.74082345,2,0,0.11903131,312.25,580.0
301,9.045,143.50690451,321.45337779,2,0,0.11889755,312.25,580.0
302,9.075,143.78695918,322.16594852,2,0,0.11876379,312.25,580.0
303,9.105,144.06770836,322.878566,2,0,0.11863003,312.25,580.0
304,9.135,144.34906575,323.59192583,2,0,0.11851132,312.25,580.0
305,9.165,144.63120174,324.30675722,2,0,0.11848334,312.0,579.0
306,9.195,144.9141722,325.02158197,2,0,0.11845595,311.75,578.0
307,9.225,145.19793806,325.73243824,2,0,0.11834607,311.75,578.0
308,9.255,145.48233523,326.44026849,2,0,0.11815927,308.75,574.0
309,9.285,145.76712357,327.14513713,2,0,0.11785733,308.75,574.0
310,9.315,146.05239213,327.85199612,2,0,0.11765735,308.75,574.0
311,9.345,146.33823797,328.55759668,2,0,0.11743832,308.75,574.0
312,9.375,146.62406579,329.26405903,2,0,0.11728499,308.75,574.0
313,9.405,146.91000539,329.97261374,2,0,0.11725285,308.75,574.0
314,9.435,147.19612956,330.68118688,2,0,0.11722751,308.75,574.0
315,9.465,147.48231681,331.3897181,2,0,0.11720217,308.25,572.0
316,9.495,147.76828876,332.09462558,2,0,0.11709384,305.25,566.0
317,9.525,148.0538958,332.79939561,2,0,0.11696573,305.25,566.0
318,9.555,148.33917041,333.50415571,2,0,0.11683794,305.25,566.0
319,9.585,148.62409989,334.20893788,2,0,0.11671015,305.25,566.0
320,9.615,148.90840328,334.9138109,2,0,0.11658254,305.25,566.0
321,9.645,149.19214274,335.62084516,2,0,0.11653969,305.25,566.0
322,9.675,149.47544091,336.32787455,2,0,0.1165154,305.25,566.0
323,9.705,149.75833608,337.0348766,2,0,0.11649112,305.25,566.0
324,9.735,150.0410115,337.74182913,2,0,0.11646683,302.75,562.0
325,9.765,150.32338615,338.44558176,2,0,0.11637956,302.75,562.0
326,9.795,150.60529147,339.14827026,2,0,0.11626621,302.5,561.0
327,9.825,150.88667793,339.8475307,2,0,0.11608247,302.25,560.0
328,9.855,151.16726261,340.54366164,2,0,0.11579986,302.25,560.0
329,9.885,151.44704771,341.24242779,2,0,0.11561817,302.25,560.0
330,9.915,151.7262016,341.94285139,2,0,0.1155169,302.25,560.0
331,9.945,152.0049491,342.64439907,2,0,0.11549449,299.75,558.0
332,9.975,152.28330676,343.34498803,2,0,0.11546341,299.75,558.0
333,10.005,152.56110767,344.04297095,2,0,0.11533897,299.75,558.0
334,10.035,152.83827635,344.74095324,2,0,0.11521654,299.5,557.0
335,10.065,153.11481729,345.43895476,2,0,0.1150941,299.25,556.0
336,10.095,153.39075373,346.13696019,2,0,0.11497167,299.25,556.0
337,10.125,153.66612019,346.83618209,2,0,0.11488173,299.25,556.0
338,10.155,153.94109785,347.53648104,2,0,0.11486035,299.25,556.0
339,10.185,154.21571544,348.23678099,2,0,0.11483896,296.25,550.0
340,10.215,154.48996946,348.9370819,2,0,0.11481757,296.25,550.0
341,10.245,154.76385842,349.6373828,2,0,0.11479619,296.25,550.0
342,10.275,155.03738537,350.33805121,2,0,0.11477784,296.25,550.0
343,10.305,155.31069227,351.03950403,2,0,0.11483874,296.25,550.0
344,10.335,155.58364773,351.73661391,2,0,0.11478286,296.25,550.0
345,10.365,155.85610043,352.42775417,2,0,0.11456254,296.25,550.0
346,10.395,156.12816822,353.11824639,2,0,0.11429339,296.25,550.0
347,10.425,156.39993967,353.81128489,2,0,0.11413198,293.75,546.0
348,10.455,156.67159101,354.50616864,2,0,0.11404509,293.75,546.0
349,10.485,156.94332354,355.20066971,2,0,0.11400802,293.75,546.0
350,10.515,157.21498342,355.89308679,2,0,0.113887,293.75,546.0
351,10.545,157.48651989,356.58550423,2,0,0.11376937,293.5,545.0
352,10.575,157.75793263,357.27792168,2,0,0.11365174,293.25,544.0
353,10.605,158.02922162,357.97033913,2,0,0.11353411,293.25,544.0
354,10.635,158.30049989,358.66475125,2,0,0.11348807,293.25,544.0
355,10.665,158.57197678,359.35957944,2,0,0.11346939,290.75,542.0
356,10.695,158.84366119,360.05447766,2,0,0.11345072,290.75,542.0
357,10.725,159.11554801,360.74940288,2,0,0.11343204,290.75,542.0
358,10.755,159.38763701,361.44432809,2,0,0.11341337,290.25,540.0
359,10.785,159.65995506,362.14023749,2,0,0.11342155,290.25,540.0
360,10.815,159.93273897,362.83756188,2,0,0.11350339,290.25,540.0
361,10.845,160.20603553,363.53391741,2,0,0.11357433,290.25,540.0
362,10.875,160.47964515,364.22547047,2,0,0.11351188,287.25,535.0
363,10.905,160.75717697,364.91888867,2,0,0.11336882,287.25,535.0
364,10.935,161.03796669,365.62211517,2,0,0.11311915,287.25,535.0
365,10.965,161.31845144,366.32804046,2,0,0.11294679,287.25,535.0
366,10.995,161.59867564,367.03450658,2,0,0.11282858,287.25,535.0
367,11.025,161.87866726,367.74029295,2,0,0.11271349,287.25,535.0
368,11.055,162.15839697,368.44607961,2,0,0.11260019,287.25,535.0
369,11.085,162.43786476,369.15186627,2,0,0.11248689,287.25,535.0
370,11.115,162.71701181,369.85775474,2,0,0.11237359,284.5,528.0
371,11.145,162.99569851,370.56615152,2,0,0.1123532,284.5,528.0
372,11.175,163.27404915,371.27459662,2,0,0.11233712,284.5,528.0
373,11.205,163.5520638,371.98304173,2,0,0.11232103,284.5,528.0
374,11.235,163.82974244,372.69148683,2,0,0.11230495,284.5,528.0
375,11.265,164.10708508,373.39993194,2,0,0.11228886,284.5,528.0
376,11.295,164.38413212,374.10964107,2,0,0.11231318,284.5,528.0
377,11.325,164.66111911,374.82057808,2,0,0.1124001,284.5,528.0
378,11.355,164.93809344,375.53101653,2,0,0.11247841,282.5,526.0
379,11.385,165.21494755,376.23874963,2,0,0.11247079,282.5,526.0
380,11.415,165.49159255,376.94648295,2,0,0.11245624,282.5,526.0
381,11.445,165.76794979,377.65150352,2,0,0.11238458,282.5,526.0
382,11.475,166.04381264,378.35448117,2,0,0.1122446,282.5,526.0
383,11.505,166.31902214,379.05538342,2,0,0.11203432,282.5,526.0
384,11.535,166.59356091,379.75527368,2,0,0.11181432,282.25,525.0
385,11.565,166.86754338,380.45780922,2,0,0.11169017,282.0,524.0
386,11.595,167.14108354,381.16035232,2,0,0.11158072,279.5,522.0
387,11.625,167.41419782,381.86288729,2,0,0.11147128,279.5,522.0
388,11.655,167.68694268,382.56776428,2,0,0.11142484,279.5,522.0
389,11.685,167.95938823,383.2727171,2,0,0.11141119,279.25,521.0
390,11.715,168.23160235,383.97771416,2,0,0.11139754,279.0,520.0
391,11.745,168.50359916,384.68271122,2,0,0.11138389,279.0,520.0
392,11.775,168.77537867,385.38770828,2,0,0.11137024,279.0,520.0
393,11.805,169.04695721,386.09383293,2,0,0.11137291,276.0,516.0
394,11.835,169.31845494,386.80117519,2,0,0.11145221,276.0,516.0
395,11.865,169.58991437,387.50851099,2,0,0.11153396,276.0,516.0
396,11.895,169.8612414,388.21321375,2,0,0.11155024,276.0,516.0
397,11.925,170.13228409,388.91753218,2,0,0.11153777,276.0,516.0
398,11.955,170.40304041,389.62185062,2,0,0.11152556,276.0,516.0
399,11.985,170.67351036,390.32616905,2,0,0.11151335,276.0,516.0
400,12.015,170.94364513,391.02823336,2,0,0.11145574,276.0,516.0
401,12.045,171.21316198,391.72588271,2,0,0.11126399,273.0,512.0
402,12.075,171.48188947,392.42266834,2,0,0.11102708,273.0,512.0
403,12.105,171.74994908,393.12109638,2,0,0.11084335,273.0,512.0
404,12.135,172.01756509,393.82093793,2,0,0.11073737,273.0,512.0
405,12.165,172.28483015,394.52294952,2,0,0.11068626,273.0,512.0
406,12.195,172.55183907,395.22525339,2,0,0.11067495,273.0,512.0
407,12.225,172.81859295,395.92755725,2,0,0.11066365,273.0,512.0
408,12.255,173.08509179,396.62986111,2,0,0.11065235,273.0,512.0
409,12.285,173.35138421,397.33221996,2,0,0.11064105,270.0,505.0
410,12.315,173.61769473,398.03545137,2,0,0.11063867,270.0,505.0
411,12.345,173.884166,398.74033555,2,0,0.11071623,270.0,505.0
412,12.375,174.15110494,399.44527722,2,0,0.1107993,270.0,505.0
413,12.405,174.41865661,400.14875703,2,0,0.11085245,270.0,505.0
414,12.435,174.68660899,400.85076625,2,0,0.11084192,270.0,505.0
415,12.465,174.95490952,401.5527733,2,0,0.11083197,270.0,505.0
416,12.495,175.22355805,402.25478036,2,0,0.11082202,270.0,505.0
417,12.525,175.49255458,402.95678742,2,0,0.11081207,267.75,500.0
418,12.555,175.76187042,403.65750459,2,0,0.11077356,267.75,500.0
419,12.585,176.03127071,404.35534,2,0,0.11064916,267.75,500.0
420,12.615,176.30051339,405.05184916,2,0,0.11044221,267.75,500.0
421,12.645,176.56962919,405.74751966,2,0,0.11026177,267.75,500.0
422,12.675,176.8386394,406.44702229,2,0,0.11015289,267.75,500.0
423,12.705,177.1078226,407.14784146,2,0,0.11014385,267.75,500.0
424,12.735,177.37719065,407.84866062,2,0,0.11013482,267.75,500.0
425,12.765,177.64674355,408.54947979,2,0,0.11012578,265.75,496.0
426,12.795,177.91648412,409.2503052,2,0,0.11011675,265.75,496.0
427,12.825,178.18664484,409.95151092,2,0,0.11010897,265.75,496.0
428,12.855,178.45764833,410.65501145,2,0,0.11017803,265.75,496.0
429,12.885,178.72958418,411.35851197,2,0,0.11026265,265.75,496.0
430,12.915,179.00245452,412.06183279,2,0,0.11034697,265.75,496.0
431,12.945,179.27616649,412.76251315,2,0,0.11035774,265.75,496.0
432,12.975,179.55047831,413.46326304,2,0,0.11034997,263.75,492.0
433,13.005,179.8251852,414.16401732,2,0,0.11034221,263.75,492.0
434,13.035,180.10028652,414.86477159,2,0,0.11033444,263.75,492.0
435,13.065,180.37578226,415.56552587,2,0,0.11032667,263.75,492.0
436,13.095,180.65158867,416.26352673,2,0,0.11025209,263.75,492.0
437,13.125,180.92761954,416.96150767,2,0,0.11015208,263.75,492.0
438,13.155,181.20387455,417.65932917,2,0,0.11005173,263.75,492.0
439,13.185,181.48022228,418.35571429,2,0,0.10989165,263.75,492.0
440,13.215,181.75672463,419.05526413,2,0,0.10983594,261.75,488.0
441,13.245,182.03353791,419.75552062,2,0,0.10982911,261.75,488.0
442,13.275,182.31066862,420.45577712,2,0,0.10982227,261.75,488.0
443,13.305,182.58812641,421.15604604,2,0,0.10981544,261.75,488.0
444,13.335,182.86595777,421.85632517,2,0,0.1098086,261.75,488.0
445,13.365,183.1442378,422.55889091,2,0,0.10985805,261.75,488.0
446,13.395,183.42308525,423.26185946,2,0,0.1099444,261.75,488.0
447,13.425,183.70250222,423.96482801,2,0,0.11003075,261.75,488.0
448,13.455,183.98245736,424.66628339,2,0,0.11008663,259.75,484.0
449,13.485,184.262804,425.3665721,2,0,0.11008085,259.75,484.0
450,13.515,184.54352349,426.0668608,2,0,0.11007521,259.75,484.0
451,13.545,184.82461584,426.7671495,2,0,0.11006957,259.75,484.0
452,13.575,185.10608369,427.46745788,2,0,0.11006394,259.75,484.0
453,13.605,185.3879109,428.16647102,2,0,0.11003586,259.75,484.0
454,13.635,185.66995763,428.86413011,2,0,0.10993815,259.75,484.0
455,13.665,185.95219957,429.5617892,2,0,0.10984059,259.75,484.0
456,13.695,186.23463876,430.25982722,2,0,0.10974504,257.75,485.0
457,13.725,186.51740695,430.96024094,2,0,0.10973099,257.5,485.0
458,13.755,187.06080695,441.67332829,2,0,0.36931778,255.25,483.0
459,13.785,187.73623917,442.36731228,2,0,0.28157575,255.25,483.0
460,13.815,188.41114697,443.06136751,2,0,0.28150977,255.0,482.0
461,13.845,189.08482047,443.75565095,2,0,0.28144476,255.0,482.0
462,13.875,189.75718005,444.45254259,2,0,0.28144773,255.0,482.0
463,13.905,190.42844659,445.15067993,2,0,0.28151724,250.25,479.0
464,13.935,191.09866752,445.84881453,2,0,0.28158675,250.25,479.0
465,13.965,191.7678021,446.54762719,2,0,0.28167302,250.25,479.0
466,13.995,192.43552071,447.24458335,2,0,0.28170809,250.25,479.0
467,14.025,193.10140548,447.94155869,2,0,0.2817282,250.25,479.0
468,14.055,193.76545341,448.63864566,2,0,0.28174878,250.25,479.0
469,14.085,194.42775111,449.33687817,2,0,0.28180582,250.25,479.0
470,14.115,195.08834372,450.03510566,2,0,0.2818684,250.25,479.0
471,14.145,195.74743535,450.73087861,2,0,0.28186229,245.75,467.0
472,14.175,196.17973748,451.42322947,2,0,0.10986819,245.75,467.0
473,14.205,196.44458391,452.11300105,2,0,0.10977743,245.75,467.0
474,14.235,196.7071726,452.80502535,2,0,0.10974628,245.75,467.0
475,14.265,196.96712929,453.49751072,2,0,0.10974854,245.75,467.0
476,14.295,197.22461155,454.18997553,2,0,0.1097508,245.75,467.0
477,14.325,197.47968828,454.88239808,2,0,0.10975306,245.75,467.0
478,14.355,197.73310171,455.57486724,2,0,0.10975532,245.75,467.0
479,14.385,197.98572077,456.2680824,2,0,0.1097649,243.75,463.0
480,14.415,198.23811504,456.96348649,2,0,0.10985801,243.75,463.0
481,14.445,198.49045658,457.65889036,2,0,0.10995337,243.75,463.0
482,14.475,198.74274207,458.35429444,2,0,0.11004872,243.75,463.0
483,14.505,198.99493448,459.0483735,2,0,0.11011205,243.75,463.0
484,14.535,199.24724388,459.74137446,2,0,0.11011538,243.75,463.0
485,14.565,199.500901,460.43443539,2,0,0.11011871,243.75,463.0
486,14.595,199.75613331,461.12751681,2,0,0.11012205,243.75,463.0
487,14.625,200.01295764,461.82060527,2,0,0.11012538,241.75,459.0
488,14.655,200.27135149,462.51255863,2,0,0.11010561,241.75,459.0
489,14.685,200.53114941,463.20317424,2,0,0.11001684,241.75,459.0
490,14.715,200.79236171,463.89542176,2,0,0.10995519,241.75,459.0
491,14.745,201.05523239,464.59036087,2,0,0.10998865,241.75,459.0
492,14.775,201.31976199,465.28495738,2,0,0.11000468,241.75,459.0
493,14.805,201.58538303,465.97953721,2,0,0.1100091,241.75,459.0
494,14.835,201.85197511,466.67411704,2,0,0.11001352,239.75,455.0
495,14.865,202.11953823,467.36869687,2,0,0.11001795,239.75,455.0
496,14.895,202.38807238,468.0632767,2,0,0.11002237,239.75,455.0
497,14.925,202.65771025,468.76070054,2,0,0.11010156,239.75,455.0
498,14.955,202.92858177,469.45821287,2,0,0.11019946,239.75,455.0
499,14.985,203.20036218,470.15566067,2,0,0.11029735,239.75,455.0
500,15.015,203.4728493,470.85295234,2,0,0.11039506,239.75,455.0
501,15.045,203.74584711,471.54790041,2,0,0.11041871,239.75,455.0
502,15.075,204.01909631,472.2428534,2,0,0.11042419,237.75,451.0
503,15.105,204.2923886,472.93779596,2,0,0.11042967,237.75,451.0
504,15.135,204.56568839,473.63272099,2,0,0.11043515,237.75,451.0
505,15.165,204.8389872,474.32764601,2,0,0.11044062,237.75,451.0
506,15.195,205.11216342,475.02021423,2,0,0.11037228,237.75,451.0
507,15.225,205.38512398,475.7127901,2,0,0.11028518,237.75,451.0
508,15.255,205.65804135,476.40779217,2,0,0.11022546,237.75,451.0
509,15.285,205.93129448,477.10609829,2,0,0.11032833,237.75,451.0
510,15.315,206.20514641,477.80615611,2,0,0.11041921,235.75,451.0
511,15.345,206.47964463,478.50383948,2,0,0.11046799,235.5,450.0
512,15.375,206.75464525,479.20113969,2,0,0.11047464,235.5,450.0
513,15.405,207.03016617,479.89844411,2,0,0.11048128,235.25,449.0
514,15.435,207.30626399,480.59799791,2,0,0.11053403,235.0,448.0
515,15.465,207.5830387,481.29842059,2,0,0.11063499,234.75,447.0
516,15.495,207.86048085,481.9988434,2,0,0.11073574,234.75,447.0
517,15.525,208.13850241,482.69940329,2,0,0.11083648,234.75,447.0
518,15.555,208.41699987,483.3985631,2,0,0.11090496,231.75,443.0
519,15.585,208.69602107,484.09677513,2,0,0.11091262,231.75,443.0
520,15.615,208.97558163,484.79495445,2,0,0.11092029,231.75,443.0
521,15.645,209.25572793,485.49311606,2,0,0.11092795,231.75,443.0
522,15.675,209.53646949,486.19127767,2,0,0.11093562,231.75,443.0
523,15.705,209.81777685,486.88813331,2,0,0.11091494,231.75,443.0
524,15.735,210.09950954,487.58396061,2,0,0.11082928,231.75,443.0
525,15.765,210.38164998,488.28007235,2,0,0.1107443,231.75,443.0
526,15.795,210.66431125,488.97908576,2,0,0.1107352,228.75,439.0
527,15.825,210.94767217,489.68091621,2,0,0.11079914,228.75,439.0
528,15.855,211.23191456,490.38450575,2,0,0.11093101,228.75,439.0
529,15.885,211.51708641,491.08868095,2,0,0.11106537,228.75,439.0
530,15.915,211.80347807,491.79118228,2,0,0.11114223,228.75,439.0
531,15.945,212.09106263,492.49449022,2,0,0.11117754,228.75,439.0
532,15.975,212.3799431,493.19922101,2,0,0.111282,228.75,439.0
533,16.005,212.6701363,493.9039518,2,0,0.11138594,225.75,433.0
534,16.035,212.96164221,494.60868259,2,0,0.11148988,225.75,433.0
535,16.065,213.25445459,495.31286231,2,0,0.11158813,225.75,433.0
536,16.095,213.54837985,496.01521978,2,0,0.11160308,225.75,433.0
537,16.125,213.84332216,496.71757726,2,0,0.11161299,225.75,433.0
538,16.155,214.13928151,497.41993473,2,0,0.11162289,225.75,433.0
539,16.185,214.43626117,498.12228918,2,0,0.1116328,225.75,433.0
540,16.215,214.73427782,498.82413955,2,0,0.11163799,225.75,433.0
541,16.245,215.03315985,499.52422384,2,0,0.11156047,223.25,427.0
542,16.275,215.33239618,500.22427966,2,0,0.11147602,223.25,427.0
543,16.305,215.63185641,500.92759833,2,0,0.11146269,223.25,427.0
544,16.335,215.93163332,501.6309647,2,0,0.11147409,223.25,427.0
545,16.365,216.23172953,502.33492213,2,0,0.11148806,223.25,427.0
546,16.395,216.53230698,503.04247005,2,0,0.11160659,223.25,427.0
547,16.425,216.83352523,503.7528158,2,0,0.11179235,223.25,427.0
548,16.455,217.13534944,504.46349076,2,0,0.11196769,223.25,427.0
549,16.485,217.4376403,505.17438128,2,0,0.11215533,221.25,425.0
550,16.515,217.74024014,505.88407344,2,0,0.11226281,221.25,425.0
551,16.545,218.04312979,506.59376556,2,0,0.11237029,221.25,425.0
552,16.575,218.34630928,507.30345768,2,0,0.11247777,221.25,425.0
553,16.605,218.6496586,508.01102881,2,0,0.11251219,221.0,424.0
554,16.635,218.95295963,508.71856493,2,0,0.11252441,220.75,423.0
555,16.665,219.25617293,509.42610105,2,0,0.11253664,220.75,423.0
556,16.695,219.5592985,510.13363717,2,0,0.11254887,220.75,423.0
557,16.725,219.86233634,510.84117329,2,0,0.11256109,218.25,421.0
558,16.755,220.16517971,511.54654653,2,0,0.11249964,218.0,420.0
559,16.785,220.46771664,512.25189726,2,0,0.11241619,217.75,419.0
560,16.815,220.77005224,512.96069623,2,0,0.11240903,217.75,419.0
561,16.845,221.07229552,513.66952077,2,0,0.11242285,217.75,419.0
562,16.875,221.37444491,514.37835546,2,0,0.11243665,217.75,419.0
563,16.905,221.67649996,515.08719016,2,0,0.11245045,217.75,419.0
564,16.935,221.9785392,515.79934093,2,0,0.11252951,214.75,413.0
565,16.965,222.28090101,516.51591126,2,0,0.11270946,214.75,413.0
566,16.995,222.58398945,517.23679961,2,0,0.11306176,214.75,413.0
567,17.025,222.88772167,517.95539667,2,0,0.11330877,214.75,413.0
568,17.055,223.19193914,518.67227004,2,0,0.11348941,214.75,413.0
569,17.085,223.49644973,519.38824607,2,0,0.11360088,214.75,413.0
570,17.115,223.80114641,520.10242801,2,0,0.11364929,214.75,413.0
571,17.145,224.1058557,520.81624211,2,0,0.11366397,214.75,413.0
572,17.175,224.41057367,521.53005621,2,0,0.11367865,212.25,407.0
573,17.205,224.71530034,522.24387031,2,0,0.11369333,212.25,407.0
574,17.235,225.02001492,522.95765625,2,0,0.11370801,212.25,407.0
575,17.265,225.3245259,523.66952232,2,0,0.11365505,212.25,407.0
576,17.295,225.62867522,524.38166301,2,0,0.11357492,212.25,407.0
577,17.325,225.93261505,525.09691403,2,0,0.11358545,212.25,407.0
578,17.355,226.23625961,525.81214882,2,0,0.11360182,212.25,407.0
579,17.385,226.53944574,526.52732371,2,0,0.11361818,212.25,407.0
580,17.415,226.84212656,527.24247863,2,0,0.11363454,210.0,405.0
581,17.445,227.14424389,527.95759652,2,0,0.1136509,209.75,404.0
582,17.475,227.4458935,528.6780991,2,0,0.11376504,209.75,404.0
583,17.505,227.7474979,529.40238133,2,0,0.11401297,209.75,404.0
584,17.535,228.0493017,530.13059961,2,0,0.11436951,209.75,404.0
585,17.565,228.35134315,530.85771119,2,0,0.11470873,209.75,404.0
586,17.595,228.65329246,531.58342034,2,0,0.1149492,209.75,404.0
587,17.625,228.95331164,532.30498361,2,0,0.11504283,209.5,403.0
588,17.655,229.25218792,533.02614344,2,0,0.11506005,206.5,397.0
589,17.685,229.55021153,533.74731731,2,0,0.11507728,206.5,397.0
590,17.715,229.8473756,534.46850492,2,0,0.1150945,206.5,397.0
591,17.745,230.14367752,535.1896925,2,0,0.11511173,206.5,397.0
592,17.775,230.43903418,535.90896705,2,0,0.11505919,206.5,397.0
593,17.805,230.73331907,536.62991665,2,0,0.11499583,206.5,397.0
594,17.835,231.02662667,537.35297251,2,0,0.11501715,206.5,397.0
595,17.865,231.31900536,538.07609525,2,0,0.11503622,206.5,397.0
596,17.895,231.61055487,538.79930646,2,0,0.11505529,204.0,394.0
597,17.925,231.90133025,539.52252767,2,0,0.11507436,204.0,394.0
598,17.955,232.19138842,540.24619118,2,0,0.11509431,204.0,394.0
599,17.985,232.48086911,540.97334237,2,0,0.11519974,204.0,394.0
600,18.015,232.76990308,541.7037559,2,0,0.11537546,204.0,394.0
601,18.045,233.05870045,542.43723897,2,0,0.11563792,204.0,394.0
602,18.075,233.34755683,543.17445708,2,0,0.11601594,203.5,392.0
603,18.105,233.63663367,543.91167623,2,0,0.11639315,200.75,389.0
604,18.135,233.92581639,544.64440953,2,0,0.1165925,200.75,389.0
605,18.165,234.21483884,545.37573819,2,0,0.11669738,200.75,389.0
606,18.195,234.50349391,546.10600825,2,0,0.11671734,200.75,389.0
607,18.225,234.79175585,546.83627832,2,0,0.1167373,200.75,389.0
608,18.255,235.07962136,547.56618068,2,0,0.11675396,200.75,389.0
609,18.285,235.36696036,548.29444248,2,0,0.11668302,200.75,389.0
610,18.315,235.65382063,549.02651453,2,0,0.11667958,200.5,388.0
611,18.345,235.9403336,549.75896894,2,0,0.11670193,197.25,381.0
612,18.375,236.22649827,550.49142334,2,0,0.11672388,197.25,381.0
613,18.405,236.51231464,551.22387774,2,0,0.11674584,197.25,381.0
614,18.435,236.7977827,551.95633215,2,0,0.11676779,197.25,381.0
615,18.465,237.08295384,552.69147028,2,0,0.11683689,197.25,381.0
616,18.495,237.36799942,553.42799566,2,0,0.11696583,197.25,381.0
617,18.525,237.65293327,554.16466183,2,0,0.11709231,197.25,381.0
618,18.555,237.93790389,554.9065156,2,0,0.11733107,197.25,381.0
619,18.585,238.22313309,555.65200283,2,0,0.11768136,194.75,377.0
620,18.615,238.50892713,556.3985608,2,0,0.11806603,194.25,375.0
621,18.645,238.79514644,557.14392575,2,0,0.11835514,194.25,375.0
622,18.675,239.08164303,557.88721404,2,0,0.11855955,194.25,375.0
623,18.705,239.36812387,558.62904928,2,0,0.11868475,194.25,375.0
624,18.735,239.65427729,559.36960198,2,0,0.11870763,194.25,375.0
625,18.765,239.94001828,560.1089316,2,0,0.1186897,194.25,375.0
626,18.795,240.2252293,560.8502586,2,0,0.11865393,194.25,375.0
627,18.825,240.51007173,561.59305796,2,0,0.11868212,191.75,371.0
628,18.855,240.79458491,562.33585711,2,0,0.11870717,191.75,371.0
629,18.885,241.07877019,563.07865626,2,0,0.11873223,191.5,370.0
630,18.915,241.36262156,563.82146162,2,0,0.11875728,191.25,369.0
631,18.945,241.64601133,564.56616691,2,0,0.1188046,191.25,369.0
632,18.975,241.92917241,565.31333149,2,0,0.11894134,191.25,369.0
633,19.005,242.21231289,566.06047987,2,0,0.11907383,191.25,369.0
634,19.035,242.49542047,566.80761331,2,0,0.11920631,188.75,365.0
635,19.065,242.77860525,567.55897932,2,0,0.11941365,188.75,365.0
636,19.095,243.06217689,568.31412851,2,0,0.11970479,188.25,363.0
637,19.125,243.34623157,569.0707597,2,0,0.12002988,188.25,363.0
638,19.155,243.63068412,569.82738985,2,0,0.12033273,188.25,363.0
639,19.185,243.91552799,570.58383989,2,0,0.12063461,188.25,363.0
640,19.215,244.20057399,571.33813766,2,0,0.12081839,188.25,363.0
641,19.245,244.48558941,572.09024565,2,0,0.12090402,188.25,363.0
642,19.275,244.77019892,572.84292234,2,0,0.12086411,185.75,359.0
643,19.305,245.05493228,573.59745033,2,0,0.12089704,185.75,359.0
644,19.335,245.34077785,574.35198684,2,0,0.12092545,185.75,359.0
645,19.365,245.62781239,575.10652341,2,0,0.12095385,185.75,359.0
646,19.395,245.91602772,575.86105995,2,0,0.12098226,185.5,358.0
647,19.425,246.20545435,576.61768083,2,0,0.12103504,185.25,357.0
648,19.455,246.49607052,577.37681074,2,0,0.1211801,185.25,357.0
649,19.485,246.78673631,578.13599146,2,0,0.1213194,185.25,357.0
650,19.515,247.07742741,578.89511367,2,0,0.12145871,182.5,354.0
651,19.545,247.36873408,579.65422933,2,0,0.12159801,182.25,353.0
652,19.575,247.66092945,580.41831,2,0,0.12182253,182.25,353.0
653,19.605,247.95414265,581.1850598,2,0,0.12207375,182.25,353.0
654,19.635,248.24835787,581.95457266,2,0,0.12239928,182.25,353.0
655,19.665,248.54358595,582.72408553,2,0,0.12271859,182.25,353.0
656,19.695,248.83982694,583.49359798,2,0,0.1230379,182.25,353.0
657,19.725,249.13703137,584.26119529,2,0,0.12329205,182.25,353.0
658,19.755,249.43487531,585.02950225,2,0,0.12341256,179.25,349.0
659,19.785,249.73333275,585.79720331,2,0,0.12345306,179.25,349.0
660,19.815,250.03241273,586.56490335,2,0,0.1234851,179.25,349.0
661,19.845,250.33212234,587.33259961,2,0,0.12351714,179.25,349.0
662,19.875,250.63248435,588.1002745,2,0,0.12354918,178.75,347.0
663,19.905,250.9336956,588.87154643,2,0,0.12364401,178.25,345.0
664,19.935,251.23576521,589.64403479,2,0,0.12379476,178.25,345.0
665,19.965,251.53869696,590.41652252,2,0,0.12394168,175.25,339.0
666,19.995,251.84249051,591.18899584,2,0,0.12408859,175.25,339.0
667,20.025,252.14705912,591.96147764,2,0,0.12423551,175.25,339.0
668,20.055,252.45195462,592.73589754,2,0,0.12439984,175.25,339.0
669,20.085,252.75725321,593.51343023,2,0,0.12464048,175.25,339.0
670,20.115,253.06305568,594.29745075,2,0,0.12494989,175.25,339.0
671,20.145,253.36948549,595.08141548,2,0,0.12528829,175.25,339.0
672,20.175,253.67667668,595.86536811,2,0,0.12562669,175.25,339.0
673,20.205,253.98469339,596.64992018,2,0,0.12596401,172.75,337.0
674,20.235,254.29364472,597.43554667,2,0,0.12624321,172.75,337.0
675,20.265,254.60334806,598.21964372,2,0,0.12640889,172.25,335.0
676,20.295,254.91348892,599.00234301,2,0,0.12644586,171.75,333.0
677,20.325,255.22392114,599.78504334,2,0,0.12648189,171.75,333.0
678,20.355,255.53465551,600.56936108,2,0,0.1265324,171.75,333.0
679,20.385,255.84589365,601.35713234,2,0,0.12669624,171.75,333.0
680,20.415,256.15777743,602.1448961,2,0,0.12685169,171.75,333.0
681,20.445,256.47032065,602.9326586,2,0,0.12700714,168.75,327.0
682,20.475,256.78353668,603.72040271,2,0,0.1271626,168.75,327.0
683,20.505,257.09743494,604.50814233,2,0,0.12731805,168.75,327.0
684,20.535,257.41213145,605.29680871,2,0,0.12746352,168.75,327.0
685,20.565,257.72768794,606.09005308,2,0,0.12765865,168.75,327.0
686,20.595,258.04417936,606.89038319,2,0,0.12798987,168.5,326.0
687,20.625,258.36191955,607.6909808,2,0,0.1283514,168.25,325.0
688,20.655,258.68131706,608.4916973,2,0,0.12871233,168.25,325.0
689,20.685,259.0025315,609.29585338,2,0,0.1291129,165.25,319.0
690,20.715,259.32553809,610.09949813,2,0,0.12947235,165.25,319.0
691,20.745,259.65007192,610.90125299,2,0,0.12968577,165.25,319.0
692,20.775,259.9758124,611.70111308,2,0,0.12977687,165.25,319.0
693,20.805,260.30246323,612.50180469,2,0,0.12982405,165.25,319.0
694,20.835,260.63023443,613.30679041,2,0,0.12999698,165.25,319.0
695,20.865,260.95924354,614.11177614,2,0,0.13016201,165.25,319.0
696,20.895,261.28949054,614.91676186,2,0,0.13032705,165.25,319.0
697,20.925,261.62097534,615.72174078,2,0,0.13049208,162.25,315.0
698,20.955,261.95372988,616.52668577,2,0,0.13065712,162.25,315.0
699,20.985,262.28777418,617.33154096,2,0,0.13082168,162.25,315.0
700,21.015,262.62300296,618.13952065,2,0,0.1309429,162.25,315.0
701,21.045,262.95948593,618.95379635,2,0,0.13120673,161.75,313.0
702,21.075,263.29753425,619.77270879,2,0,0.13161478,161.75,313.0
703,21.105,263.63722693,620.59252254,2,0,0.13200322,161.75,313.0
704,21.135,263.97852627,621.41595023,2,0,0.13244102,158.75,308.0
705,21.165,264.32103072,622.23881225,2,0,0.13283099,158.75,308.0
706,21.195,264.66466729,623.0614688,2,0,0.13322004,158.5,307.0
707,21.225,265.00920962,623.88226265,2,0,0.13347258,158.25,306.0
708,21.255,265.35434579,624.70371514,2,0,0.13360748,158.25,306.0
709,21.285,265.70007674,625.52824635,2,0,0.13379114,158.25,306.0
710,21.315,266.04631728,626.35275722,2,0,0.13396696,158.25,306.0
711,21.345,266.39290151,627.17712299,2,0,0.13414279,158.25,306.0
712,21.375,266.73976504,628.00148877,2,0,0.13431861,155.0,301.0
713,21.405,267.08691017,628.82585435,2,0,0.13449444,155.0,301.0
714,21.435,267.43439527,629.65005028,2,0,0.13466926,155.0,301.0
715,21.465,267.78217555,630.4772394,2,0,0.13479156,155.0,301.0
716,21.495,268.13047829,631.31174748,2,0,0.13507799,154.5,299.0
717,21.525,268.47960556,632.15189436,2,0,0.1355251,154.5,299.0
718,21.555,268.82940126,632.99576508,2,0,0.13599361,154.5,299.0
719,21.585,269.17992407,633.84053571,2,0,0.13648394,154.5,299.0
720,21.615,269.53113181,634.68500939,2,0,0.13690447,151.5,295.0
721,21.645,269.88303572,635.52948195,2,0,0.13732499,151.5,295.0
722,21.675,270.23555438,636.37275348,2,0,0.13767777,151.25,294.0
723,21.705,270.58847346,637.22055713,2,0,0.1379978,151.0,293.0
724,21.735,270.94157267,638.06712807,2,0,0.13818632,150.5,291.0
725,21.765,271.2949062,638.91363644,2,0,0.13837434,150.5,291.0
726,21.795,271.64855397,639.76014652,2,0,0.13856235,150.5,291.0
727,21.825,272.00261213,640.60667762,2,0,0.13875037,150.5,291.0
728,21.855,272.35721788,641.45320924,2,0,0.13893839,147.5,287.0
729,21.885,272.71227769,642.29888578,2,0,0.13908957,147.5,287.0
730,21.915,273.067748,643.15309494,2,0,0.13931667,147.5,287.0
731,21.945,273.42390459,644.01589118,2,0,0.13969711,147.5,287.0
732,21.975,273.78101862,644.8828825,2,0,0.14018664,147.25,286.0
733,22.005,274.13959721,645.75313321,2,0,0.14078233,146.5,283.0
734,22.035,274.49943985,646.62225279,2,0,0.14124299,146.5,283.0
735,22.065,274.86049184,647.49136728,2,0,0.1416994,143.5,279.0
736,22.095,275.2227909,648.36047445,2,0,0.14215582,143.5,279.0
737,22.125,275.58641879,649.23466017,2,0,0.14266155,143.5,279.0
738,22.155,275.95125811,650.10753867,2,0,0.14302637,143.5,279.0
739,22.185,276.31702106,650.97935115,2,0,0.14322864,143.5,279.0
740,22.215,276.68365887,651.85116363,2,0,0.1434305,143.0,277.0
741,22.245,277.05117152,652.7229761,2,0,0.14363235,143.0,277.0
742,22.275,277.41955902,653.59478858,2,0,0.14383421,142.5,275.0
743,22.305,277.78880651,654.46628726,2,0,0.14402411,139.5,271.0
744,22.335,278.15885323,655.3470465,2,0,0.14429436,139.5,271.0
745,22.365,278.52969149,656.23793175,2,0,0.14474555,139.5,271.0
746,22.395,278.90159576,657.13397442,2,0,0.14531327,139.5,271.0
747,22.425,279.27484834,658.03214407,2,0,0.14596522,139.5,271.0
748,22.455,279.64931857,658.92902823,2,0,0.14647428,139.0,269.0
749,22.485,280.02491407,659.82591964,2,0,0.14697308,139.0,269.0
750,22.515,280.40159704,660.72488226,2,0,0.14748549,139.0,269.0
751,22.545,280.77951606,661.62861168,2,0,0.14814135,135.5,263.0
752,22.575,281.1584496,662.53055483,2,0,0.14858426,135.5,263.0
753,22.605,281.53797911,663.43082199,2,0,0.14882655,135.5,263.0
754,22.635,281.91791353,664.3310844,2,0,0.14904415,135.5,263.0
755,22.665,282.29824348,665.23134682,2,0,0.14926176,135.0,261.0
756,22.695,282.67896896,666.13160923,2,0,0.14947936,135.0,261.0
757,22.725,283.06016691,667.03891691,2,0,0.14977342,135.0,261.0
758,22.755,283.44208864,667.95706111,2,0,0.1502123,135.0,261.0
759,22.785,283.82509491,668.88164842,2,0,0.15080008,131.5,255.0
760,22.815,284.20942711,669.81190391,2,0,0.15151255,131.5,255.0
761,22.845,284.59512021,670.74133149,2,0,0.15217525,131.0,253.0
762,22.875,284.98191608,671.66994885,2,0,0.1527245,131.0,253.0
763,22.905,285.36973765,672.59883746,2,0,0.15327394,131.0,253.0
764,22.935,285.75868077,673.5353679,2,0,0.15396918,131.0,253.0
765,22.965,286.14878247,674.47089208,2,0,0.15461482,131.0,253.0
766,22.995,286.53947963,675.40453571,2,0,0.15503357,131.0,253.0
767,23.025,286.93020412,676.33712203,2,0,0.155269,127.5,247.0
768,23.055,287.32086499,677.26970835,2,0,0.15550462,127.0,246.0
769,23.085,287.71145624,678.20229428,2,0,0.15574023,127.0,246.0
770,23.115,288.10208849,679.14731412,2,0,0.15619016,127.0,246.0
771,23.145,288.49301118,680.10475336,2,0,0.15679973,127.0,246.0
772,23.175,288.88423254,681.0653789,2,0,0.15742498,127.0,246.0
773,23.205,289.2759214,682.03173312,2,0,0.15821952,127.0,246.0
774,23.235,289.66829123,682.99778299,2,0,0.15898613,123.25,241.0
775,23.265,290.06166372,683.9625965,2,0,0.15960657,122.75,239.0
776,23.295,290.45594769,684.92937055,2,0,0.16022581,122.75,239.0
777,23.325,290.85134045,685.90282498,2,0,0.1610258,122.75,239.0
778,23.355,291.24769242,686.87547303,2,0,0.16176574,122.75,239.0
779,23.385,291.64454726,687.84619407,2,0,0.16224249,122.75,239.0
780,23.415,292.04140898,688.81579562,2,0,0.16250065,122.25,237.0
781,23.445,292.43819853,689.78539611,2,0,0.162757,122.25,237.0
782,23.475,292.83517737,690.76822648,2,0,0.16323585,118.25,231.0
783,23.505,293.23312926,691.76775769,2,0,0.16406596,118.25,231.0
784,23.535,293.6322588,692.76655966,2,0,0.16478611,118.25,231.0
785,23.565,294.03252639,693.7728012,2,0,0.16558588,117.75,229.0
786,23.595,294.43419325,694.78078354,2,0,0.16645919,117.75,229.0
787,23.625,294.83724293,695.78819366,2,0,0.16729584,117.75,229.0
788,23.655,295.241887,696.79459971,2,0,0.167983,117.75,229.0
789,23.685,295.64975935,697.80926333,2,0,0.16881027,117.25,227.0
790,23.715,296.06120427,698.82511732,2,0,0.16969255,113.5,223.0
791,23.745,296.47537972,699.83900576,2,0,0.17033267,113.25,223.0
792,23.775,296.88998918,700.85116777,2,0,0.17066138,113.25,223.0
793,23.805,297.30468503,701.87195699,2,0,0.17103046,113.25,223.0
794,23.835,297.7201431,702.91292571,2,0,0.17186041,113.25,223.0
795,23.865,298.13680193,703.96051501,2,0,0.17287083,113.25,223.0
796,23.895,298.55455658,705.00730012,2,0,0.17377281,112.25,219.0
797,23.925,298.97316484,706.06116938,2,0,0.17465917,112.25,219.0
798,23.955,299.39266705,707.11735916,2,0,0.17564186,108.25,211.0
799,23.985,299.81299999,708.17359378,2,0,0.17660635,108.25,211.0
800,24.015,300.23391078,709.22832777,2,0,0.17743428,107.75,209.0
801,24.045,300.65542043,710.2932687,2,0,0.17839565,107.75,209.0
802,24.075,301.07773595,711.35779111,2,0,0.1793355,107.5,208.0
803,24.105,301.50029348,712.42028079,2,0,0.17990898,107.25,207.0
804,24.135,301.92258889,713.49936775,2,0,0.18047994,107.25,207.0
805,24.165,302.34539287,714.60199471,2,0,0.18158738,103.75,203.0
806,24.195,302.76909885,715.7046147,2,0,0.18266463,103.75,203.0
807,24.225,303.19371745,716.80723429,2,0,0.18374188,103.75,203.0
808,24.255,303.61921655,717.91158396,2,0,0.18478698,103.75,203.0
809,24.285,304.04556963,719.0238063,2,0,0.18589936,103.0,200.0
810,24.315,304.47284511,720.13602813,2,0,0.18699261,102.75,199.0
811,24.345,304.90105471,721.24818099,2,0,0.18808544,102.75,199.0
812,24.375,305.330067,722.36576812,2,0,0.18908599,102.75,199.0
813,24.405,305.75790377,723.48738691,2,0,0.19018954,99.25,193.0
814,24.435,306.1802797,724.63288169,2,0,0.19120215,98.75,193.0
815,24.465,306.5972462,725.79992461,2,0,0.19253033,98.25,193.0
816,24.495,307.01374795,726.96688995,2,0,0.19376639,98.25,193.0
817,24.525,307.43272182,728.13385854,2,0,0.19500245,98.25,193.0
818,24.555,307.85432438,729.3007851,2,0,0.19623851,97.75,191.0
819,24.585,308.27853977,730.46984645,2,0,0.19748105,97.75,191.0
820,24.615,308.66860218,731.64865298,2,0,0.19883451,97.25,189.0
821,24.645,308.83887485,732.83123925,2,0,0.2000895,93.25,182.0
822,24.675,309.01238612,734.01382536,2,0,0.20134449,92.75,182.0
823,24.705,309.18962526,735.22759637,2,0,0.20294569,92.75,182.0
824,24.735,309.37191869,736.47711728,2,0,0.20500859,92.75,182.0
825,24.765,309.55898034,737.7255691,2,0,0.20645294,92.25,181.0
826,24.795,309.75063813,738.97402363,2,0,0.20789255,91.75,179.0
827,24.825,309.94689205,740.22247816,2,0,0.20933217,91.75,179.0
828,24.855,310.14777319,741.47091392,2,0,0.21077178,91.75,179.0
829,24.885,310.35338329,742.71934077,2,0,0.2122114,87.25,171.0
830,24.915,310.56382411,743.97640748,2,0,0.21375665,87.25,171.0
831,24.945,310.7794175,745.25033245,2,0,0.21545879,86.75,169.0
832,24.975,311.00113811,746.57307657,2,0,0.21800618,86.25,169.0
833,25.005,311.2300874,747.90854657,2,0,0.22062466,86.25,169.0
834,25.035,311.47908477,742.6359126,2,0,0.22262372,86.25,169.0
835,25.065,311.97873531,743.98192813,2,0,0.22433061,85.75,167.0
836,25.095,312.4838786,745.32795888,2,0,0.22603751,81.25,159.0
837,25.125,312.99437183,746.67394668,2,0,0.22774441,81.25,159.0
838,25.155,313.51004019,748.01994887,2,0,0.22945131,80.75,159.0
839,25.185,314.03079609,749.40994443,2,0,0.2316881,80.75,159.0
840,25.215,314.55820356,750.85466057,2,0,0.23535777,80.75,159.0
841,25.245,315.09259128,752.3049165,2,0,0.23897505,79.75,155.0
842,25.275,315.63256306,753.7517629,2,0,0.24162101,79.75,155.0
843,25.305,316.17656306,755.20581675,2,0,0.24373817,79.75,155.0
844,25.335,316.72484302,756.6675841,2,0,0.24611647,75.25,147.0
845,25.365,317.27697747,758.12845177,2,0,0.24818868,75.25,147.0
846,25.395,317.8335249,759.67540093,2,0,0.2515529,74.25,147.0
847,25.425,318.39687535,761.25089827,2,0,0.25591163,74.25,147.0
848,25.455,318.96728633,762.82639561,2,0,0.26000939,74.25,147.0
849,25.485,319.54469266,764.40403232,2,0,0.26403323,73.75,147.0
850,25.515,320.12796705,765.99425658,2,0,0.26732708,73.25,145.0
851,25.545,320.71582841,767.58804493,2,0,0.27015145,72.75,143.0
852,25.575,321.30989809,769.30514392,2,0,0.2747085,67.75,133.0
853,25.605,321.91376403,771.06586579,2,0,0.28066556,67.25,133.0
854,25.635,322.5277594,772.82599902,2,0,0.28619258,66.75,133.0
855,25.665,323.15145831,774.58530747,2,0,0.29147011,66.25,133.0
856,25.695,323.78450887,776.3439256,2,0,0.29661355,66.25,133.0
857,25.725,324.42691874,778.26682933,2,0,0.30280592,65.75,133.0
858,25.755,325.08225968,780.24462092,2,0,0.31049729,65.5,132.0
859,25.785,325.7513999,782.23772644,2,0,0.31795709,64.75,129.0
860,25.815,326.43449653,784.23079224,2,0,0.32535547,58.75,117.0
861,25.845,327.13329716,786.41499358,2,0,0.33455877,58.75,117.0
862,25.875,327.85626066,788.75705988,2,0,0.34901891,57.75,117.0
863,25.905,328.60201961,791.09634393,2,0,0.36015495,57.25,117.0
864,25.935,329.36844272,793.54368407,2,0,0.3708351,56.75,117.0
865,25.965,330.16820572,796.44280688,2,0,0.39230588,56.25,117.0
866,25.995,331.00790629,799.34192934,2,0,0.41211944,55.25,115.0
867,26.025,331.89853206,803.08196587,2,0,0.44291376,54.75,113.0
868,26.055,332.86797355,807.61141264,2,0,0.48625968,46.75,99.0
869,26.085,334.00059752,814.78902227,2,0,0.60250892,47.75,99.0
870,26.115,335.18663639,815.58749099,2,0,0.56225787,47.25,99.0
871,26.145,336.32983326,816.38577331,2,0,0.54212603,47.25,99.0
872,26.175,337.42859675,817.18185531,2,0,0.52047912,47.25,99.0
873,26.205,338.47360382,817.97533488,2,0,0.49428334,46.75,97.0
874,26.235,339.46297913,818.7736895,2,0,0.46803561,46.75,97.0
875,26.265,340.39771026,819.5949462,2,0,0.44227624,37.25,74.0
876,26.295,341.26865384,820.41332002,2,0,0.4088836,37.25,74.0
877,26.325,342.06686374,821.25512833,2,0,0.37374677,36.75,74.0
878,26.355,342.78780072,822.10043939,2,0,0.33366524,36.75,74.0
879,26.385,343.39958866,822.94342171,2,0,0.27825116,36.75,74.0
880,26.415,343.84680591,823.79797824,2,0,0.18323808,36.25,72.0
881,26.445,344.19674365,824.77672406,2,0,0.16635521,36.25,72.0
882,26.475,344.55110357,825.78786111,2,0,0.16782222,36.25,72.0
883,26.505,344.9104193,826.7989922,2,0,0.16930988,33.0,67.0
884,26.535,345.27511767,827.83998435,2,0,0.17123876,33.0,67.0
885,26.565,345.645839,828.88638378,2,0,0.17342683,33.0,67.0
886,26.595,346.0222453,829.93164696,2,0,0.17527144,32.5,67.0
887,26.625,346.40369189,830.9766227,2,0,0.17688053,32.5,67.0
888,26.655,346.79038342,832.04031912,2,0,0.17842903,32.25,66.0
889,26.685,347.18340551,833.12449052,2,0,0.18038494,32.0,65.0
890,26.715,347.5828161,834.23020753,2,0,0.18237337,32.0,65.0
891,26.745,347.98980806,835.35756091,2,0,0.18511909,28.25,58.0
892,26.775,348.40477844,836.48480914,2,0,0.18767832,28.25,58.0
893,26.805,348.82729231,837.61114743,2,0,0.18999395,28.25,58.0
894,26.835,349.25679058,838.76477723,2,0,0.19222941,27.75,58.0
895,26.865,349.69369462,839.93964169,2,0,0.19499907,27.75,58.0
896,26.895,350.13761018,841.15601406,2,0,0.19779407,27.25,58.0
897,26.925,350.58979855,842.38460973,2,0,0.20111342,27.25,58.0
898,26.955,351.05027734,843.61315156,2,0,0.20427264,26.75,56.0
899,26.985,351.51887216,844.85760727,2,0,0.20749554,23.0,49.0
900,27.015,351.99583345,846.1487062,2,0,0.21137947,22.5,49.0
901,27.045,352.48166939,847.48652556,2,0,0.21541763,22.5,49.0
902,27.075,352.9770042,848.84613538,2,0,0.21971069,22.0,49.0
903,27.105,353.48156679,850.20574375,2,0,0.22371674,22.0,49.0
904,27.135,353.99587297,851.6147355,2,0,0.22824029,21.5,47.0
905,27.165,354.52222296,853.078567,2,0,0.23413272,21.5,47.0
906,27.195,355.06180421,854.6151684,2,0,0.24070996,17.25,38.0
907,27.225,355.61463539,856.15094372,2,0,0.24657349,17.25,38.0
908,27.255,356.17980985,857.75093073,2,0,0.25246994,16.75,38.0
909,27.285,356.76071053,859.45475895,2,0,0.26065937,16.25,38.0
910,27.315,357.36127514,861.23956709,2,0,0.27086204,16.0,38.0
911,27.345,357.98136816,863.05182621,2,0,0.27979965,15.75,38.0
912,27.375,358.62353035,865.0505356,2,0,0.29163124,15.25,38.0
913,27.405,359.29284087,867.20707613,2,0,0.30609836,14.75,37.0
914,27.435,359.99226333,869.4850921,2,0,0.32070498,9.25,27.0
915,27.465,360.73206678,872.15874183,2,0,0.34322716,8.75,27.0
916,27.495,361.45661195,874.99835477,2,0,0.33440191,7.75,27.0
917,27.525,362.23790238,878.74668611,2,0,0.3763417,7.25,27.0
918,27.555,363.154175,887.19651911,2,0,0.46672332,9.25,27.0
919,27.585,364.21227308,887.33357244,2,0,0.47807112,9.25,27.0
920,27.615,365.22468474,887.46935904,2,0,0.4548491,9.25,27.0
921,27.645,366.18678143,887.60405201,2,0,0.42945681,6.0,25.0
922,27.675,367.09678688,887.73880045,2,0,0.40387444,0.0,0.0
923,27.705,367.95240194,887.87241186,2,0,0.37646333,0.0,0.0
924,27.735,368.74599741,888.00444369,2,0,0.34524015,0.0,0.0
925,27.765,369.47358605,888.13627578,2,0,0.31303517,0.0,0.0
926,27.795,370.12773566,888.26631714,2,0,0.27536783,0.0,0.0
927,27.825,370.69541601,888.39555639,2,0,0.23232479,0.0,0.0
928,27.855,371.15982482,888.52275422,2,0,0.17755151,0.0,0.0
929,27.885,371.47716766,888.64804394,2,0,0.09733045,0.0,0.0
930,27.915,371.56337683,888.76977721,2,0,0.0,0.0,0.0
931,27.945,371.63063907,888.89117608,2,0,0.0,0.0,0.0
932,27.975,371.69889167,889.01261632,2,0,0.0,0.0,0.0
933,28.005,371.7682137,889.13406787,2,0,0.0,0.0,0.0
934,28.035,371.83862988,889.25550992,2,0,0.0,0.0,0.0
935,28.065,371.9099947,889.37692918,2,0,0.0,0.0,0.0
936,28.095,371.98237015,889.49834628,2,0,0.0,0.0,0.0
937,28.125,372.05580244,889.61976339,2,0,0.0,0.0,0.0
938,28.155,372.13029159,889.7411805,2,0,0.0,0.0,0.0
939,28.185,372.20583759,889.86259761,2,0,0.0,0.0,0.0
940,28.215,372.28231497,889.98400329,2,0,0.0,0.0,0.0
941,28.245,372.35931479,890.1054006,2,0,0.0,0.0,0.0
942,28.275,372.43680574,890.22679497,2,0,0.0,0.0,0.0
943,28.305,372.51481432,890.34818695,2,0,0.0,0.0,0.0
944,28.335,372.5933441,890.46957975,2,0,0.0,0.0,0.0
945,28.365,372.67239425,890.59097825,2,0,0.0,0.0,0.0
946,28.395,372.75196428,890.71237674,2,0,0.0,0.0,0.0
947,28.425,372.83205437,890.8337772,2,0,0.0,0.0,0.0
948,28.455,372.91267448,890.95528275,2,0,0.0,0.0,0.0
949,28.485,372.99371736,891.07681624,2,0,0.0,0.0,0.0
950,28.515,373.075128,891.19834461,2,0,0.0,0.0,0.0
951,28.545,373.15690292,891.31987298,2,0,0.0,0.0,0.0
952,28.575,373.23903802,891.44139169,2,0,0.0,0.0,0.0
953,28.605,373.32151511,891.56290301,2,0,0.0,0.0,0.0
954,28.635,373.40430466,891.68440265,2,0,0.0,0.0,0.0
955,28.665,373.4873524,891.80590018,2,0,0.0,0.0,0.0
956,28.695,373.57058837,891.92741128,2,0,0.0,0.0,0.0
957,28.725,373.65394814,892.04891685,2,0,0.0,0.0,0.0
958,28.755,373.73741938,892.17041316,2,0,0.0,0.0,0.0
959,28.785,373.82095207,892.29192931,2,0,0.0,0.0,0.0
960,28.815,373.90455568,892.4134651,2,0,0.0,0.0,0.0
961,28.845,373.98824828,892.53499279,2,0,0.0,0.0,0.0
962,28.875,374.07202573,892.65652047,2,0,0.0,0.0,0.0
963,28.905,374.15590174,892.77804614,2,0,0.0,0.0,0.0
964,28.935,374.2398921,892.89958278,2,0,0.0,0.0,0.0
965,28.965,374.32405123,893.02115253,2,0,0.0,0.0,0.0
966,28.995,374.4084017,893.14270837,2,0,0.0,0.0,0.0
967,29.025,374.49291633,893.26416695,2,0,0.0,0.0,0.0
968,29.055,374.57758137,893.38562516,2,0,0.0,0.0,0.0
969,29.085,374.66236116,893.50704925,2,0,0.0,0.0,0.0
970,29.115,374.74731352,893.62843436,2,0,0.0,0.0,0.0
971,29.145,374.83245326,893.74981941,2,0,0.0,0.0,0.0
972,29.175,374.91778091,893.87120442,2,0,0.0,0.0,0.0
973,29.205,375.00325827,893.99257799,2,0,0.0,0.0,0.0
974,29.235,375.08878986,894.11398873,2,0,0.0,0.0,0.0
975,29.265,375.17428143,894.23546306,2,0,0.0,0.0,0.0
976,29.295,375.25980915,894.3569613,2,0,0.0,0.0,0.0
977,29.325,375.34542669,894.47848827,2,0,0.0,0.0,0.0
978,29.355,375.43113213,894.60001752,2,0,0.0,0.0,0.0
979,29.385,375.51692405,894.72154677,2,0,0.0,0.0,0.0
980,29.415,375.60280245,894.84307603,2,0,0.0,0.0,0.0
981,29.445,375.68876668,894.96460492,2,0,0.0,0.0,0.0
982,29.475,375.77481037,895.08613323,2,0,0.0,0.0,0.0
983,29.505,375.86114282,895.20780491,2,0,0.0,0.0,0.0
984,29.535,375.94848423,895.32956828,2,0,0.0,0.0,0.0
985,29.565,376.03692581,895.45133165,2,0,0.0,0.0,0.0
986,29.595,376.12646758,895.57309502,2,0,0.0,0.0,0.0
987,29.625,376.21710951,895.69485839,2,0,0.0,0.0,0.0
988,29.655,376.3087988,895.81663399,2,0,0.0,0.0,0.0
989,29.685,376.40129019,895.93841894,2,0,0.0,0.0,0.0
990,29.715,376.49455281,896.06020389,2,0,0.0,0.0,0.0
991,29.745,376.5882937,896.18201121,2,0,0.0,0.0,0.0
992,29.775,376.68173191,896.30382703,2,0,0.0,0.0,0.0
993,29.805,376.77482505,896.42564285,2,0,0.0,0.0,0.0
994,29.835,376.86792387,896.54747626,2,0,0.0,0.0,0.0
995,29.865,376.96203842,896.66931445,2,0,0.0,0.0,0.0
996,29.895,377.05720899,896.79121512,2,0,0.0,0.0,0.0
997,29.925,377.15331073,896.91318227,2,0,0.0,0.0,0.0
998,29.955,377.25012343,897.03510118,2,0,0.0,0.0,0.0
999,29.985,377.34731797,897.15704848,2,0,0.0,0.0,0.0
1000,30.015,377.44466395,897.27901126,2,0,0.0,0.0,0.0
1001,30.045,377.54114888,897.40101621,2,0,0.0,0.0,0.0
1002,30.075,377.63649962,897.52302173,2,0,0.0,0.0,0.0
1003,30.105,377.73071561,897.64503457,2,0,0.0,0.0,0.0
1004,30.135,377.82379317,897.76700937,2,0,0.0,0.0,0.0
1005,30.165,377.91578436,897.88892306,2,0,0.0,0.0,0.0
1006,30.195,378.00682992,898.01082612,2,0,0.0,0.0,0.0
1007,30.225,378.09693658,898.13272792,2,0,0.0,0.0,0.0
1008,30.255,378.18611841,898.2546574,2,0,0.0,0.0,0.0
1009,30.285,378.27461778,898.37659324,2,0,0.0,0.0,0.0
1010,30.315,378.3627157,898.49848357,2,0,0.0,0.0,0.0
1011,30.345,378.45041974,898.62037643,2,0,0.0,0.0,0.0
1012,30.375,378.53774201,898.74228187,2,0,0.0,0.0,0.0
1013,30.405,378.62468774,898.8642119,2,0,0.0,0.0,0.0
1014,30.435,378.71129037,898.98620321,2,0,0.0,0.0,0.0
1015,30.465,378.79780134,899.10828931,2,0,0.0,0.0,0.0
1016,30.495,378.88404829,899.2304273,2,0,0.0,0.0,0.0
1017,30.525,378.96969652,899.35251598,2,0,0.0,0.0,0.0
1018,30.555,379.05461463,899.47462137,2,0,0.0,0.0,0.0
1019,30.585,379.1386436,899.59676099,2,0,0.0,0.0,0.0
1020,30.615,379.22171439,899.71894281,2,0,0.0,0.0,0.0
1021,30.645,379.30380982,899.84111809,2,0,0.0,0.0,0.0
1022,30.675,379.38492956,899.96329323,2,0,0.0,0.0,0.0
1023,30.705,379.46507109,900.08546837,2,0,0.0,0.0,0.0
1024,30.735,379.54423416,900.20764351,2,0,0.0,0.0,0.0
1025,30.765,379.62241509,900.32981863,2,0,0.0,0.0,0.0
1026,30.795,379.69961851,900.45198961,2,0,0.0,0.0,0.0
1027,30.825,379.77595655,900.57417541,2,0,0.0,0.0,0.0
1028,30.855,379.85153897,900.69640198,2,0,0.0,0.0,0.0
1029,30.885,379.92637242,900.81866728,2,0,0.0,0.0,0.0
1030,30.915,380.00031921,900.94095011,2,0,0.0,0.0,0.0
1031,30.945,380.07336958,901.06323295,2,0,0.0,0.0,0.0
1032,30.975,380.14551303,901.18551437,2,0,0.0,0.0,0.0
1033,31.005,380.2166716,901.30780894,2,0,0.0,0.0,0.0
1034,31.035,380.28681857,901.43012221,2,0,0.0,0.0,0.0
1035,31.065,380.35597526,901.55244206,2,0,0.0,0.0,0.0
1036,31.095,380.42415415,901.67477724,2,0,0.0,0.0,0.0
1037,31.125,380.49136203,901.79711492,2,0,0.0,0.0,0.0
1038,31.155,380.55776721,901.9194743,2,0,0.0,0.0,0.0
1039,31.185,380.62355926,902.0418361,2,0,0.0,0.0,0.0
1040,31.215,380.68877987,902.16424763,2,0,0.0,0.0,0.0
1041,31.245,380.75337178,902.28662725,2,0,0.0,0.0,0.0
1042,31.275,380.81726119,902.40900751,2,0,0.0,0.0,0.0
1043,31.305,380.8803677,902.53139226,2,0,0.0,0.0,0.0
1044,31.335,380.94198623,902.65372126,2,0,0.0,0.0,0.0
1045,31.365,381.00167545,902.77606168,2,0,0.0,0.0,0.0
1046,31.395,381.05945365,902.89840617,2,0,0.0,0.0,0.0
1047,31.425,381.11531739,903.020757,2,0,0.0,0.0,0.0
1048,31.455,381.16927425,903.14311366,2,0,0.0,0.0,0.0
1049,31.485,381.22139914,903.26546797,2,0,0.0,0.0,0.0
1050,31.515,381.27181293,903.3878337,2,0,0.0,0.0,0.0
1051,31.545,381.32119168,903.51018849,2,0,0.0,0.0,0.0
1052,31.575,381.36964979,903.63253841,2,0,0.0,0.0,0.0
1053,31.605,381.41721846,903.75487523,2,0,0.0,0.0,0.0
1054,31.635,381.46382209,903.87720642,2,0,0.0,0.0,0.0
1055,31.665,381.50934735,903.99955156,2,0,0.0,0.0,0.0
1056,31.695,381.55374806,904.1219375,2,0,0.0,0.0,0.0
1057,31.725,381.59739353,904.24436832,2,0,0.0,0.0,0.0
1058,31.755,381.64055927,904.3668234,2,0,0.0,0.0,0.0
1059,31.785,381.68327251,904.48932057,2,0,0.0,0.0,0.0
1060,31.815,381.72544562,904.61196234,2,0,0.0,0.0,0.0
1061,31.845,381.76710761,904.73459,2,0,0.0,0.0,0.0
1062,31.875,381.80774782,904.85742088,2,0,0.0,0.0,0.0
1063,31.905,381.84749724,904.98008364,2,0,0.0,0.0,0.0
1064,31.935,381.88695478,905.10276377,2,0,0.0,0.0,0.0
1065,31.965,381.92608105,905.22544476,2,0,0.0,0.0,0.0
1066,31.995,381.96468299,905.34808115,2,0,0.0,0.0,0.0
1067,32.025,382.0027101,905.47070894,2,0,0.0,0.0,0.0
1068,32.055,382.04031731,905.593317,2,0,0.0,0.0,0.0
1069,32.085,382.07782853,905.71595496,2,0,0.0,0.0,0.0
1070,32.115,382.11556727,905.8386347,2,0,0.0,0.0,0.0
1071,32.145,382.15356632,905.96131872,2,0,0.0,0.0,0.0
1072,32.175,382.19192371,906.08403235,2,0,0.0,0.0,0.0
1073,32.205,382.23055237,906.20679108,2,0,0.0,0.0,0.0
1074,32.235,382.26910526,906.32955375,2,0,0.0,0.0,0.0
1075,32.265,382.30757717,906.4523152,2,0,0.0,0.0,0.0
1076,32.295,382.34596729,906.57507671,2,0,0.0,0.0,0.0
1077,32.325,382.38428677,906.69781488,2,0,0.0,0.0,0.0
1078,32.355,382.42266628,906.8205418,2,0,0.0,0.0,0.0
1079,32.385,382.4611173,906.94327451,2,0,0.0,0.0,0.0
1080,32.415,382.49964455,907.06600637,2,0,0.0,0.0,0.0
1081,32.445,382.53823519,907.18874838,2,0,0.0,0.0,0.0
1082,32.475,382.57684885,907.31149425,2,0,0.0,0.0,0.0
1083,32.505,382.6154887,907.43424011,2,0,0.0,0.0,0.0
1084,32.535,382.65416867,907.55698596,2,0,0.0,0.0,0.0
1085,32.565,382.69286551,907.67974304,2,0,0.0,0.0,0.0
1086,32.595,382.73153233,907.80248632,2,0,0.0,0.0,0.0
1087,32.625,382.77023509,907.92520469,2,0,0.0,0.0,0.0
1088,32.655,382.80898525,908.04792805,2,0,0.0,0.0,0.0
1089,32.685,382.84778737,908.17068519,2,0,0.0,0.0,0.0
1090,32.715,382.88669729,908.29345071,2,0,0.0,0.0,0.0
1091,32.745,382.92572133,908.41621623,2,0,0.0,0.0,0.0
1092,32.775,382.96485229,908.53900715,2,0,0.0,0.0,0.0
1093,32.805,383.0039367,908.66187424,2,0,0.0,0.0,0.0
1094,32.835,383.04286289,908.78481709,2,0,0.0,0.0,0.0
1095,32.865,383.08160534,908.90776442,2,0,0.0,0.0,0.0
1096,32.895,383.12066688,909.03071094,2,0,0.0,0.0,0.0
1097,32.925,383.15990341,909.15366412,2,0,0.0,0.0,0.0
1098,32.955,383.19878977,909.27660494,2,0,0.0,0.0,0.0
1099,32.985,383.23733464,909.39951096,2,0,0.0,0.0,0.0
1100,33.015,383.27553499,909.52241265,2,0,0.0,0.0,0.0
1101,33.045,383.31337607,909.64530637,2,0,0.0,0.0,0.0
1102,33.075,383.35085361,909.7682001,2,0,0.0,0.0,0.0
1103,33.105,383.38798389,909.89109969,2,0,0.0,0.0,0.0
1104,33.135,383.42467596,910.01393859,2,0,0.0,0.0,0.0
1105,33.165,383.46049965,910.13671047,2,0,0.0,0.0,0.0
1106,33.195,383.49544774,910.25947068,2,0,0.0,0.0,0.0
1107,33.225,383.5295209,910.38221948,2,0,0.0,0.0,0.0
1108,33.255,383.56266949,910.50491814,2,0,0.0,0.0,0.0
1109,33.285,383.59487675,910.62761685,2,0,0.0,0.0,0.0
1110,33.315,383.62721912,910.75030204,2,0,0.0,0.0,0.0
1111,33.345,383.66085848,910.87301217,2,0,0.0,0.0,0.0
1112,33.375,383.6957604,910.99572826,2,0,0.0,0.0,0.0
1113,33.405,383.7319338,911.118438,2,0,0.0,0.0,0.0
1114,33.435,383.76941463,911.24113124,2,0,0.0,0.0,0.0
1115,33.465,383.80806316,911.36383298,2,0,0.0,0.0,0.0
1116,33.495,383.84665029,911.4864874,2,0,0.0,0.0,0.0
1117,33.525,383.88433488,911.60906784,2,0,0.0,0.0,0.0
1118,33.555,383.92092365,911.73160768,2,0,0.0,0.0,0.0
1119,33.585,383.95641036,911.85415054,2,0,0.0,0.0,0.0
1120,33.615,383.99078583,911.97661565,2,0,0.0,0.0,0.0
1121,33.645,384.0239457,912.09908298,2,0,0.0,0.0,0.0
1122,33.675,384.05584677,912.22154317,2,0,0.0,0.0,0.0
1123,33.705,384.08657805,912.34401294,2,0,0.0,0.0,0.0
1124,33.735,384.1161843,912.46647898,2,0,0.0,0.0,0.0
1125,33.765,384.14469096,912.58894557,2,0,0.0,0.0,0.0
1126,33.795,384.17209781,912.71141216,2,0,0.0,0.0,0.0
1127,33.825,384.19841242,912.83387266,2,0,0.0,0.0,0.0
1128,33.855,384.22401123,912.95635447,2,0,0.0,0.0,0.0
1129,33.885,384.24898338,913.07884916,2,0,0.0,0.0,0.0
1130,33.915,384.27341187,913.20137982,2,0,0.0,0.0,0.0
1131,33.945,384.29742361,913.32391109,2,0,0.0,0.0,0.0
1132,33.975,384.32093023,913.44657244,2,0,0.0,0.0,0.0
1133,34.005,384.34380529,913.56919273,2,0,0.0,0.0,0.0
1134,34.035,384.36589446,913.69179947,2,0,0.0,0.0,0.0
1135,34.065,384.38726303,913.8143774,2,0,0.0,0.0,0.0
1136,34.095,384.40797785,913.93695544,2,0,0.0,0.0,0.0
1137,34.125,384.42803795,914.05953349,2,0,0.0,0.0,0.0
1138,34.155,384.44744349,914.18211102,2,0,0.0,0.0,0.0
1139,34.185,384.4661902,914.30466219,2,0,0.0,0.0,0.0
1140,34.215,384.48422683,914.42724196,2,0,0.0,0.0,0.0
1141,34.245,384.50148114,914.54982095,2,0,0.0,0.0,0.0
1142,34.275,384.51799252,914.67236772,2,0,0.0,0.0,0.0
1143,34.305,384.53374598,914.79489512,2,0,0.0,0.0,0.0
1144,34.335,384.54872876,914.9174195,2,0,0.0,0.0,0.0
1145,34.365,384.56294891,915.03994005,2,0,0.0,0.0,0.0
1146,34.395,384.57643056,915.16245652,2,0,0.0,0.0,0.0
1147,34.425,384.58921851,915.28499851,2,0,0.0,0.0,0.0
1148,34.455,384.60135456,915.40756714,2,0,0.0,0.0,0.0
1149,34.485,384.61278927,915.53012233,2,0,0.0,0.0,0.0
1150,34.515,384.62340482,915.65266586,2,0,0.0,0.0,0.0
1151,34.545,384.63325468,915.77512749,2,0,0.0,0.0,0.0
1152,34.575,384.64267441,915.89763356,2,0,0.0,0.0,0.0
1153,34.605,384.65185386,916.02013605,2,0,0.0,0.0,0.0
1154,34.635,384.66088006,916.14263624,2,0,0.0,0.0,0.0
1155,34.665,384.66976893,916.26512573,2,0,0.0,0.0,0.0
1156,34.695,384.67855275,916.38761305,2,0,0.0,0.0,0.0
1157,34.725,384.68722076,916.51006709,2,0,0.0,0.0,0.0
1158,34.755,384.69573907,916.63247874,2,0,0.0,0.0,0.0
1159,34.785,384.70411274,916.75488174,2,0,0.0,0.0,0.0
1160,34.815,384.71238465,916.87719593,2,0,0.0,0.0,0.0
1161,34.845,384.72065266,916.99950167,2,0,0.0,0.0,0.0
1162,34.875,384.72929919,917.12179899,2,0,0.0,0.0,0.0
1163,34.905,384.73867885,917.24406144,2,0,0.0,0.0,0.0
1164,34.935,384.74862786,917.36637134,2,0,0.0,0.0,0.0
1165,34.965,384.75846449,917.488727,2,0,0.0,0.0,0.0
1166,34.995,384.76848688,917.61094157,2,0,0.0,0.0,0.0
1167,35.025,384.77938215,917.73315846,2,0,0.0,0.0,0.0
1168,35.055,384.79120187,917.85535596,2,0,0.0,0.0,0.0
1169,35.085,384.80393678,917.97756361,2,0,0.0,0.0,0.0
1170,35.115,384.81770838,918.09984166,2,0,0.0,0.0,0.0
1171,35.145,384.83278875,918.22214207,2,0,0.0,0.0,0.0
1172,35.175,384.84919987,918.34443335,2,0,0.0,0.0,0.0
1173,35.205,384.86693968,918.46672392,2,0,0.0,0.0,0.0
1174,35.235,384.8859845,918.58900364,2,0,0.0,0.0,0.0
1175,35.265,384.90602366,918.71130682,2,0,0.0,0.0,0.0
1176,35.295,384.92686469,918.83362691,2,0,0.0,0.0,0.0
1177,35.325,384.94843655,918.95594343,2,0,0.0,0.0,0.0
1178,35.355,384.9708258,919.07817737,2,0,0.0,0.0,0.0
1179,35.385,384.99395989,919.20025182,2,0,0.0,0.0,0.0
1180,35.415,385.01771783,919.32232673,2,0,0.0,0.0,0.0
1181,35.445,385.04212551,919.44438387,2,0,0.0,0.0,0.0
1182,35.475,385.06723666,919.56645068,2,0,0.0,0.0,0.0
1183,35.505,385.09308551,919.68854191,2,0,0.0,0.0,0.0
1184,35.535,385.11960479,919.81065593,2,0,0.0,0.0,0.0
1185,35.565,385.14654009,919.93282543,2,0,0.0,0.0,0.0
1186,35.595,385.17366605,920.05496986,2,0,0.0,0.0,0.0
1187,35.625,385.20079708,920.17706446,2,0,0.0,0.0,0.0
1188,35.655,385.22780157,920.29920319,2,0,0.0,0.0,0.0
1189,35.685,385.25475669,920.42131325,2,0,0.0,0.0,0.0
1190,35.715,385.28185077,920.54343258,2,0,0.0,0.0,0.0
1191,35.745,385.30921006,920.66554555,2,0,0.0,0.0,0.0
1192,35.775,385.33687799,920.78766986,2,0,0.0,0.0,0.0
1193,35.805,385.36491338,920.90980139,2,0,0.0,0.0,0.0
1194,35.835,385.39333469,921.03193308,2,0,0.0,0.0,0.0
1195,35.865,385.42214832,921.15407092,2,0,0.0,0.0,0.0
1196,35.895,385.45122193,921.27620436,2,0,0.0,0.0,0.0
1197,35.925,385.482089,921.39834868,2,0,0.0,0.0,0.0
1198,35.955,385.51323952,921.52050184,2,0,0.0,0.0,0.0
1199,35.985,385.54457776,921.64262812,2,0,0.0,0.0,0.0
1200,36.015,385.5760819,921.76470427,2,0,0.0,0.0,0.0
1201,36.045,385.60775634,921.88677988,2,0,0.0,0.0,0.0
1202,36.075,385.63960723,922.0088547,2,0,0.0,0.0,0.0
1203,36.105,385.67163668,922.13092952,2,0,0.0,0.0,0.0
1204,36.135,385.70384471,922.25300434,2,0,0.0,0.0,0.0
1205,36.165,385.73610712,922.37513035,2,0,0.0,0.0,0.0
1206,36.195,385.7682433,922.49726202,2,0,0.0,0.0,0.0
1207,36.225,385.80025149,922.61939463,2,0,0.0,0.0,0.0
1208,36.255,385.83211673,922.74153655,2,0,0.0,0.0,0.0
1209,36.285,385.86390651,922.86366026,2,0,0.0,0.0,0.0
1210,36.315,385.89586431,922.98577344,2,0,0.0,0.0,0.0
1211,36.345,385.92806293,923.10785613,2,0,0.0,0.0,0.0
1212,36.375,385.96049932,923.2299396,2,0,0.0,0.0,0.0
1213,36.405,385.99308061,923.35208403,2,0,0.0,0.0,0.0
1214,36.435,386.02571693,923.47423693,2,0,0.0,0.0,0.0
1215,36.465,386.05830048,923.59641742,2,0,0.0,0.0,0.0
1216,36.495,386.09064389,923.71859875,2,0,0.0,0.0,0.0
1217,36.525,386.12279849,923.84078112,2,0,0.0,0.0,0.0
1218,36.555,386.15452991,923.96296863,2,0,0.0,0.0,0.0
1219,36.585,386.1857225,924.08515603,2,0,0.0,0.0,0.0
1220,36.615,386.21637335,924.20733293,2,0,0.0,0.0,0.0
1221,36.645,386.24642819,924.32955558,2,0,0.0,0.0,0.0
1222,36.675,386.27574156,924.45182615,2,0,0.0,0.0,0.0
1223,36.705,386.30429063,924.5740893,2,0,0.0,0.0,0.0
1224,36.735,386.33209098,924.69635197,2,0,0.0,0.0,0.0
1225,36.765,386.35911028,924.81860366,2,0,0.0,0.0,0.0
1226,36.795,386.38544543,924.94088484,2,0,0.0,0.0,0.0
1227,36.825,386.41124401,925.06316702,2,0,0.0,0.0,0.0
1228,36.855,386.43650617,925.18544921,2,0,0.0,0.0,0.0
1229,36.885,386.46120463,925.30773932,2,0,0.0,0.0,0.0
1230,36.915,386.4853683,925.43004117,2,0,0.0,0.0,0.0
1231,36.945,386.5089865,925.55234301,2,0,0.0,0.0,0.0
1232,36.975,386.53204518,925.67464193,2,0,0.0,0.0,0.0
1233,37.005,386.55459021,925.79697844,2,0,0.0,0.0,0.0
1234,37.035,386.57689568,925.9193659,2,0,0.0,0.0,0.0
1235,37.065,386.59895676,926.04178419,2,0,0.0,0.0,0.0
1236,37.095,386.62076522,926.16418177,2,0,0.0,0.0,0.0
1237,37.125,386.64232411,926.28657871,2,0,0.0,0.0,0.0
1238,37.155,386.66363346,926.40897559,2,0,0.0,0.0,0.0
1239,37.185,386.68470536,926.53137049,2,0,0.0,0.0,0.0
1240,37.215,386.70555596,926.65375526,2,0,0.0,0.0,0.0
1241,37.245,386.72612768,926.77620617,2,0,0.0,0.0,0.0
1242,37.275,386.74589796,926.8987375,2,0,0.0,0.0,0.0
1243,37.305,386.76413951,927.02128309,2,0,0.0,0.0,0.0
1244,37.335,386.78100242,927.14386159,2,0,0.0,0.0,0.0
1245,37.365,386.79658477,927.26644348,2,0,0.0,0.0,0.0
1246,37.395,386.81088664,927.38902536,2,0,0.0,0.0,0.0
1247,37.425,386.82390805,927.51160725,2,0,0.0,0.0,0.0
1248,37.455,386.83563877,927.63418051,2,0,0.0,0.0,0.0
1249,37.485,386.84584226,927.7567278,2,0,0.0,0.0,0.0
1250,37.515,386.85442162,927.87927613,2,0,0.0,0.0,0.0
1251,37.545,386.86169697,928.00196636,2,0,0.0,0.0,0.0
1252,37.575,386.86811754,928.12466648,2,0,0.0,0.0,0.0
1253,37.605,386.87422151,928.24740407,2,0,0.0,0.0,0.0
1254,37.635,386.88065333,928.37015962,2,0,0.0,0.0,0.0
1255,37.665,386.88783099,928.49286264,2,0,0.0,0.0,0.0
1256,37.695,386.89599791,928.61553393,2,0,0.0,0.0,0.0
1257,37.725,386.90503073,928.73818952,2,0,0.0,0.0,0.0
1258,37.755,386.91502309,928.86086022,2,0,0.0,0.0,0.0
1259,37.785,386.92598371,928.9835145,2,0,0.0,0.0,0.0
1260,37.815,386.93771628,929.10606922,2,0,0.0,0.0,0.0
1261,37.845,386.94973379,929.22856826,2,0,0.0,0.0,0.0
1262,37.875,386.96172471,929.3510436,2,0,0.0,0.0,0.0
1263,37.905,386.97347836,929.47348243,2,0,0.0,0.0,0.0
1264,37.935,386.98562403,929.595962,2,0,0.0,0.0,0.0
1265,37.965,387.00386995,929.72775471,2,0,0.0,0.0,0.0
1266,37.995,387.02307285,929.86469091,2,0,0.0,0.0,0.0
1267,38.025,387.04341799,930.00158633,2,0,0.0,0.0,0.0
1268,38.055,387.06513781,930.1384667,2,0,0.0,0.0,0.0
1269,38.085,387.08818493,930.27529562,2,0,0.0,0.0,0.0
1270,38.115,387.11043447,930.41210141,2,0,0.0,0.0,0.0
1271,38.145,387.13218485,930.54891498,2,0,0.0,0.0,0.0
1272,38.175,387.15561997,930.68569995,2,0,0.0,0.0,0.0
1273,38.205,387.18084825,930.82250603,2,0,0.0,0.0,0.0
1274,38.235,387.20794441,930.95933743,2,0,0.0,0.0,0.0
1275,38.265,387.23691274,931.09617526,2,0,0.0,0.0,0.0
1276,38.295,387.26768721,931.23298735,2,0,0.0,0.0,0.0
1277,38.325,387.29966099,931.3697489,2,0,0.0,0.0,0.0
1278,38.355,387.33251585,931.50650195,2,0,0.0,0.0,0.0
1279,38.385,387.36601794,931.643249,2,0,0.0,0.0,0.0
1280,38.415,387.40005221,931.78010618,2,0,0.0,0.0,0.0
1281,38.445,387.43463162,931.91700008,2,0,0.0,0.0,0.0
1282,38.475,387.46975616,932.05389398,2,0,0.0,0.0,0.0
1283,38.505,387.50542802,932.1907883,2,0,0.0,0.0,0.0
1284,38.535,387.54169758,932.32769114,2,0,0.0,0.0,0.0
1285,38.565,387.57859719,932.46459378,2,0,0.0,0.0,0.0
1286,38.595,387.61609501,932.60152264,2,0,0.0,0.0,0.0
1287,38.625,387.65394565,932.73847342,2,0,0.0,0.0,0.0
1288,38.655,387.69193696,932.87542567,2,0,0.0,0.0,0.0
1289,38.685,387.73010071,933.01238169,2,0,0.0,0.0,0.0
1290,38.715,387.76773286,933.14927798,2,0,0.0,0.0,0.0
1291,38.745,387.80437549,933.28619326,2,0,0.0,0.0,0.0
1292,38.775,387.8400227,933.42313255,2,0,0.0,0.0,0.0
1293,38.805,387.87454364,933.56008375,2,0,0.0,0.0,0.0
1294,38.835,387.90788444,933.69702354,2,0,0.0,0.0,0.0
1295,38.865,387.94013468,933.83393953,2,0,0.0,0.0,0.0
1296,38.895,387.97156411,933.97084935,2,0,0.0,0.0,0.0
1297,38.925,388.00233753,934.10776664,2,0,0.0,0.0,0.0
1298,38.955,388.03254313,934.24466973,2,0,0.0,0.0,0.0
1299,38.985,388.06218384,934.38157723,2,0,0.0,0.0,0.0
1300,39.015,388.09129245,934.51851182,2,0,0.0,0.0,0.0
1301,39.045,388.11989871,934.65543541,2,0,0.0,0.0,0.0
1302,39.075,388.14803384,934.79235518,2,0,0.0,0.0,0.0
1303,39.105,388.1756984,934.92927495,2,0,0.0,0.0,0.0
1304,39.135,388.20288837,935.066205,2,0,0.0,0.0,0.0
1305,39.165,388.22958055,935.20313578,2,0,0.0,0.0,0.0
1306,39.195,388.25576098,935.34008643,2,0,0.0,0.0,0.0
1307,39.225,388.28137063,935.47706231,2,0,0.0,0.0,0.0
1308,39.255,388.30638224,935.61403696,2,0,0.0,0.0,0.0
1309,39.285,388.33079428,935.75101178,2,0,0.0,0.0,0.0
1310,39.315,388.35460399,935.88798667,2,0,0.0,0.0,0.0
1311,39.345,388.37831655,936.02502583,2,0,0.0,0.0,0.0
1312,39.375,388.40350453,936.16209534,2,0,0.0,0.0,0.0
1313,39.405,388.43025193,936.29917553,2,0,0.0,0.0,0.0
1314,39.435,388.45833824,936.43626533,2,0,0.0,0.0,0.0
1315,39.465,388.48777067,936.57337146,2,0,0.0,0.0,0.0
1316,39.495,388.51938048,936.71053968,2,0,0.0,0.0,0.0
1317,39.525,388.55258084,936.84773253,2,0,0.0,0.0,0.0
1318,39.555,388.58694986,936.98494356,2,0,0.0,0.0,0.0
1319,39.585,388.62230485,937.12211602,2,0,0.0,0.0,0.0
1320,39.615,388.65878679,937.25929467,2,0,0.0,0.0,0.0
1321,39.645,388.69663936,937.39646514,2,0,0.0,0.0,0.0
1322,39.675,388.73590737,937.5336332,2,0,0.0,0.0,0.0
1323,39.705,388.77658895,937.67080064,2,0,0.0,0.0,0.0
1324,39.735,388.81867371,937.80797908,2,0,0.0,0.0,0.0
1325,39.765,388.8623169,937.94518596,2,0,0.0,0.0,0.0
1326,39.795,388.90758393,938.08238568,2,0,0.0,0.0,0.0
1327,39.825,388.95447907,938.21958011,2,0,0.0,0.0,0.0
1328,39.855,389.00300934,938.35681203,2,0,0.0,0.0,0.0
1329,39.885,389.05318941,938.49410142,2,0,0.0,0.0,0.0
1330,39.915,389.10483477,938.63141518,2,0,0.0,0.0,0.0
1331,39.945,389.15793785,938.76875735,2,0,0.0,0.0,0.0
1332,39.975,389.21257107,938.9061619,2,0,0.0,0.0,0.0
1333,40.005,389.26878748,939.04357744,2,0,0.0,0.0,0.0
1334,40.035,389.32659637,939.18099489,2,0,0.0,0.0,0.0
1335,40.065,389.38599849,939.31841233,2,0,0.0,0.0,0.0
1336,40.095,389.4470011,939.45582342,2,0,0.0,0.0,0.0
1337,40.125,389.50963416,939.59323029,2,0,0.0,0.0,0.0
1338,40.155,389.57405878,939.73058975,2,0,0.0,0.0,0.0
1339,40.185,389.64046358,939.867945,2,0,0.0,0.0,0.0
1340,40.215,389.7088732,940.00528826,2,0,0.0,0.0,0.0
1341,40.245,389.77929692,940.14262515,2,0,0.0,0.0,0.0
1342,40.275,389.85171821,940.27995465,2,0,0.0,0.0,0.0
1343,40.305,389.92608807,940.41723984,2,0,0.0,0.0,0.0
1344,40.335,390.00239995,940.55451332,2,0,0.0,0.0,0.0
1345,40.365,390.0808051,940.69173264,2,0,0.0,0.0,0.0
1346,40.395,390.16155309,940.82889176,2,0,0.0,0.0,0.0
1347,40.425,390.24459021,940.96610163,2,0,0.0,0.0,0.0
1348,40.455,390.32891604,941.10327033,2,0,0.0,0.0,0.0
1349,40.485,390.41398212,941.24043824,2,0,0.0,0.0,0.0
1350,40.515,390.49969804,941.37767915,2,0,0.0,0.0,0.0
1351,40.545,390.58591348,941.51494722,2,0,0.0,0.0,0.0
1352,40.575,390.67261544,941.65221583,2,0,0.0,0.0,0.0
1353,40.605,390.75974071,941.78950036,2,0,0.0,0.0,0.0
1354,40.635,390.84724489,941.92672779,2,0,0.0,0.0,0.0
1355,40.665,390.93503445,942.06396631,2,0,0.0,0.0,0.0
1356,40.695,391.02298034,942.2012734,2,0,0.0,0.0,0.0
1357,40.725,391.11094638,942.33857484,2,0,0.0,0.0,0.0
1358,40.755,391.19885047,942.47586319,2,0,0.0,0.0,0.0
1359,40.785,391.28675007,942.61314251,2,0,0.0,0.0,0.0
1360,40.815,391.37468572,942.75042168,2,0,0.0,0.0,0.0
1361,40.845,391.46266799,942.88767588,2,0,0.0,0.0,0.0
1362,40.875,391.55070633,943.02491412,2,0,0.0,0.0,0.0
1363,40.905,391.63867341,943.16213657,2,0,0.0,0.0,0.0
1364,40.935,391.72649586,943.29935631,2,0,0.0,0.0,0.0
1365,40.965,391.81418381,943.43651889,2,0,0.0,0.0,0.0
1366,40.995,391.90159119,943.57372469,2,0,0.0,0.0,0.0
1367,41.025,391.98878804,943.71097154,2,0,0.0,0.0,0.0
1368,41.055,392.07584753,943.84820318,2,0,0.0,0.0,0.0
1369,41.085,392.16292399,943.98533929,2,0,0.0,0.0,0.0
1370,41.115,392.24999916,944.12243295,2,0,0.0,0.0,0.0
1371,41.145,392.33708037,944.25952661,2,0,0.0,0.0,0.0
1372,41.175,392.42413243,944.39665185,2,0,0.0,0.0,0.0
1373,41.205,392.51089487,944.53383631,2,0,0.0,0.0,0.0
1374,41.235,392.59714422,944.67104115,2,0,0.0,0.0,0.0
1375,41.265,392.6828329,944.8083093,2,0,0.0,0.0,0.0
1376,41.295,392.76795562,944.94557939,2,0,0.0,0.0,0.0
1377,41.325,392.85241346,945.08281366,2,0,0.0,0.0,0.0
1378,41.355,392.93617517,945.22003964,2,0,0.0,0.0,0.0
1379,41.385,393.0192381,945.35718452,2,0,0.0,0.0,0.0
1380,41.415,393.10158812,945.49428105,2,0,0.0,0.0,0.0
1381,41.445,393.18319329,945.6314777,2,0,0.0,0.0,0.0
1382,41.475,393.26412974,945.76867466,2,0,0.0,0.0,0.0
1383,41.505,393.34454113,945.90585758,2,0,0.0,0.0,0.0
1384,41.535,393.42441489,946.04303522,2,0,0.0,0.0,0.0
1385,41.565,393.50372036,946.1801923,2,0,0.0,0.0,0.0
1386,41.595,393.58235074,946.31734598,2,0,0.0,0.0,0.0
1387,41.625,393.66028528,946.45449965,2,0,0.0,0.0,0.0
1388,41.655,393.73752398,946.59165322,2,0,0.0,0.0,0.0
1389,41.685,393.81405637,946.72879872,2,0,0.0,0.0,0.0
1390,41.715,393.88987254,946.86594422,2,0,0.0,0.0,0.0
1391,41.745,393.96497247,947.00308971,2,0,0.0,0.0,0.0
1392,41.775,394.03936939,947.14026146,2,0,0.0,0.0,0.0
1393,41.805,394.11308237,947.27743871,2,0,0.0,0.0,0.0
1394,41.835,394.18608951,947.41461595,2,0,0.0,0.0,0.0
1395,41.865,394.25836933,947.55178389,2,0,0.0,0.0,0.0
1396,41.895,394.32973173,947.68893834,2,0,0.0,0.0,0.0
1397,41.925,394.39983146,947.8260593,2,0,0.0,0.0,0.0
1398,41.955,394.46840955,947.96313791,2,0,0.0,0.0,0.0
1399,41.985,394.5353387,948.1002333,2,0,0.0,0.0,0.0
1400,42.015,394.60073998,948.2373495,2,0,0.0,0.0,0.0
1401,42.045,394.66437095,948.37449831,2,0,0.0,0.0,0.0
1402,42.075,394.72618451,948.51165584,2,0,0.0,0.0,0.0
1403,42.105,394.78632612,948.64880601,2,0,0.0,0.0,0.0
1404,42.135,394.84479521,948.78595619,2,0,0.0,0.0,0.0
1405,42.165,394.9015902,948.92309536,2,0,0.0,0.0,0.0
1406,42.195,394.95670731,949.060231,2,0,0.0,0.0,0.0
1407,42.225,395.01014399,949.19736343,2,0,0.0,0.0,0.0
1408,42.255,395.06190873,949.3345028,2,0,0.0,0.0,0.0
1409,42.285,395.11200849,949.47163289,2,0,0.0,0.0,0.0
1410,42.315,395.16039551,949.60875752,2,0,0.0,0.0,0.0
1411,42.345,395.20784243,949.74588639,2,0,0.0,0.0,0.0
1412,42.375,395.25740667,949.88303038,2,0,0.0,0.0,0.0
1413,42.405,395.30637033,950.02016715,2,0,0.0,0.0,0.0
1414,42.435,395.35413771,950.1572878,2,0,0.0,0.0,0.0
1415,42.465,395.40070951,950.29441169,2,0,0.0,0.0,0.0
1416,42.495,395.44608218,950.43153558,2,0,0.0,0.0,0.0
1417,42.525,395.49025807,950.56867336,2,0,0.0,0.0,0.0
1418,42.555,395.53333562,950.70588308,2,0,0.0,0.0,0.0
1419,42.585,395.57532214,950.84311,2,0,0.0,0.0,0.0
1420,42.615,395.6161234,950.98034539,2,0,0.0,0.0,0.0
1421,42.645,395.65571827,951.11757421,2,0,0.0,0.0,0.0
1422,42.675,395.6941044,951.25481444,2,0,0.0,0.0,0.0
1423,42.705,395.73129873,951.39205736,2,0,0.0,0.0,0.0
1424,42.735,395.76738383,951.52932895,2,0,0.0,0.0,0.0
1425,42.765,395.80259706,951.66671046,2,0,0.0,0.0,0.0
1426,42.795,395.83691052,951.80412317,2,0,0.0,0.0,0.0
1427,42.825,395.87031759,951.94153975,2,0,0.0,0.0,0.0
1428,42.855,395.90289115,952.07898478,2,0,0.0,0.0,0.0
1429,42.885,395.93474848,952.21643627,2,0,0.0,0.0,0.0
1430,42.915,395.96604717,952.35395131,2,0,0.0,0.0,0.0
1431,42.945,395.99707327,952.49154584,2,0,0.0,0.0,0.0
1432,42.975,396.02795903,952.62914271,2,0,0.0,0.0,0.0
1433,43.005,396.05879336,952.76668114,2,0,0.0,0.0,0.0
1434,43.035,396.08970296,952.90417953,2,0,0.0,0.0,0.0
1435,43.065,396.12079125,953.04176258,2,0,0.0,0.0,0.0
1436,43.095,396.15212843,953.17933236,2,0,0.0,0.0,0.0
1437,43.125,396.18372597,953.31690311,2,0,0.0,0.0,0.0
1438,43.155,396.21554295,953.45450777,2,0,0.0,0.0,0.0
1439,43.185,396.24743711,953.5921093,2,0,0.0,0.0,0.0
1440,43.215,396.27937806,953.72970844,2,0,0.0,0.0,0.0
1441,43.245,396.31137792,953.86729805,2,0,0.0,0.0,0.0
1442,43.275,396.34346791,954.00487303,2,0,0.0,0.0,0.0
1443,43.305,396.37565493,954.14245428,2,0,0.0,0.0,0.0
1444,43.335,396.40811836,954.2800652,2,0,0.0,0.0,0.0
1445,43.365,396.44094534,954.41770416,2,0,0.0,0.0,0.0
1446,43.395,396.47402315,954.55533884,2,0,0.0,0.0,0.0
1447,43.425,396.50729277,954.69299965,2,0,0.0,0.0,0.0
1448,43.455,396.54073487,954.8307107,2,0,0.0,0.0,0.0
1449,43.485,396.57431813,954.96848775,2,0,0.0,0.0,0.0
1450,43.515,396.60803799,955.1062557,2,0,0.0,0.0,0.0
1451,43.545,396.64198922,955.24401352,2,0,0.0,0.0,0.0
1452,43.575,396.67623329,955.38183354,2,0,0.0,0.0,0.0
1453,43.605,396.71076076,955.51970282,2,0,0.0,0.0,0.0
1454,43.635,396.74556943,955.65757209,2,0,0.0,0.0,0.0
1455,43.665,396.78065929,955.79544137,2,0,0.0,0.0,0.0
1456,43.695,396.81603037,955.93331065,2,0,0.0,0.0,0.0
1457,43.725,396.85168207,956.07113769,2,0,0.0,0.0,0.0
1458,43.755,396.88757735,956.20897551,2,0,0.0,0.0,0.0
1459,43.785,396.9236949,956.34681595,2,0,0.0,0.0,0.0
1460,43.815,396.95998159,956.48462082,2,0,0.0,0.0,0.0
1461,43.845,396.99626525,956.62246204,2,0,0.0,0.0,0.0
1462,43.875,397.03255373,956.76030751,2,0,0.0,0.0,0.0
1463,43.905,397.06879326,956.89820004,2,0,0.0,0.0,0.0
1464,43.935,397.10475133,957.03611994,2,0,0.0,0.0,0.0
1465,43.965,397.14032115,957.17403933,2,0,0.0,0.0,0.0
1466,43.995,397.17551892,957.31195999,2,0,0.0,0.0,0.0
1467,44.025,397.21035347,957.44987921,2,0,0.0,0.0,0.0
1468,44.055,397.24477844,957.58781573,2,0,0.0,0.0,0.0
1469,44.085,397.27874185,957.72575262,2,0,0.0,0.0,0.0
1470,44.115,397.31224303,957.86368955,2,0,0.0,0.0,0.0
1471,44.145,397.34526742,958.00164062,2,0,0.0,0.0,0.0
1472,44.175,397.37779771,958.13960224,2,0,0.0,0.0,0.0
1473,44.205,397.40979422,958.27758121,2,0,0.0,0.0,0.0
1474,44.235,397.44115565,958.41557167,2,0,0.0,0.0,0.0
1475,44.265,397.47186868,958.5535633,2,0,0.0,0.0,0.0
1476,44.295,397.50230197,958.69168414,2,0,0.0,0.0,0.0
1477,44.325,397.53450219,958.83004236,2,0,0.0,0.0,0.0
1478,44.355,397.56973168,958.96838732,2,0,0.0,0.0,0.0
1479,44.385,397.6074863,959.10663256,2,0,0.0,0.0,0.0
1480,44.415,397.6468372,959.24479545,2,0,0.0,0.0,0.0
1481,44.445,397.68735854,959.38289879,2,0,0.0,0.0,0.0
1482,44.475,397.7284569,959.52096205,2,0,0.0,0.0,0.0
1483,44.505,397.7699275,959.6590011,2,0,0.0,0.0,0.0
1484,44.535,397.81142524,959.79697549,2,0,0.0,0.0,0.0
1485,44.565,397.8525392,959.93495995,2,0,0.0,0.0,0.0
1486,44.595,397.89310485,960.07292918,2,0,0.0,0.0,0.0
1487,44.625,397.93305344,960.21089422,2,0,0.0,0.0,0.0
1488,44.655,397.97237327,960.34885263,2,0,0.0,0.0,0.0
1489,44.685,398.01105189,960.48679087,2,0,0.0,0.0,0.0
1490,44.715,398.04906937,960.62471952,2,0,0.0,0.0,0.0
1491,44.745,398.08629154,960.76263732,2,0,0.0,0.0,0.0
1492,44.775,398.12283621,960.90053211,2,0,0.0,0.0,0.0
1493,44.805,398.15898462,961.03846275,2,0,0.0,0.0,0.0
1494,44.835,398.19484525,961.17635783,2,0,0.0,0.0,0.0
1495,44.865,398.23039835,961.31426307,2,0,0.0,0.0,0.0
1496,44.895,398.26553592,961.45216888,2,0,0.0,0.0,0.0
1497,44.925,398.30043192,961.59015432,2,0,0.0,0.0,0.0
1498,44.955,398.33573464,961.72818079,2,0,0.0,0.0,0.0
1499,44.985,398.3715189,961.86629671,2,0,0.0,0.0,0.0
1500,45.015,398.40779473,962.00442304,2,0,0.0,0.0,0.0
1501,45.045,398.44429734,962.14249204,2,0,0.0,0.0,0.0
1502,45.075,398.48133226,962.28065203,2,0,0.0,0.0,0.0
1503,45.105,398.5194212,962.41880776,2,0,0.0,0.0,0.0
1504,45.135,398.55856035,962.55693063,2,0,0.0,0.0,0.0
1505,45.165,398.59852681,962.69501157,2,0,0.0,0.0,0.0
1506,45.195,398.63901383,962.83303921,2,0,0.0,0.0,0.0
1507,45.225,398.67997509,962.9710727,2,0,0.0,0.0,0.0
1508,45.255,398.72131832,963.10909092,2,0,0.0,0.0,0.0
1509,45.285,398.76284535,963.24711922,2,0,0.0,0.0,0.0
1510,45.315,398.80509112,963.38510169,2,0,0.0,0.0,0.0
1511,45.345,398.84691992,963.52305996,2,0,0.0,0.0,0.0
1512,45.375,398.88765751,963.66098453,2,0,0.0,0.0,0.0
1513,45.405,398.92740568,963.79889699,2,0,0.0,0.0,0.0
1514,45.435,398.96616365,963.9367699,2,0,0.0,0.0,0.0
1515,45.465,399.00388475,964.0746456,2,0,0.0,0.0,0.0
1516,45.495,399.04040869,964.21245114,2,0,0.0,0.0,0.0
1517,45.525,399.07539239,964.35021796,2,0,0.0,0.0,0.0
1518,45.555,399.10955527,964.48788929,2,0,0.0,0.0,0.0
1519,45.585,399.1436378,964.62554091,2,0,0.0,0.0,0.0
1520,45.615,399.1776899,964.763192,2,0,0.0,0.0,0.0
1521,45.645,399.21171088,964.90083889,2,0,0.0,0.0,0.0
1522,45.675,399.24578361,965.03852557,2,0,0.0,0.0,0.0
1523,45.705,399.27998603,965.17628145,2,0,0.0,0.0,0.0
1524,45.735,399.3143339,965.31403989,2,0,0.0,0.0,0.0
1525,45.765,399.34882726,965.45179834,2,0,0.0,0.0,0.0
1526,45.795,399.38346612,965.58955679,2,0,0.0,0.0,0.0
1527,45.825,399.41826247,965.72733101,2,0,0.0,0.0,0.0
1528,45.855,399.45324007,965.86510891,2,0,0.0,0.0,0.0
1529,45.885,399.48846496,966.00288474,2,0,0.0,0.0,0.0
1530,45.915,399.52411426,966.14063386,2,0,0.0,0.0,0.0
1531,45.945,399.56021821,966.27838336,2,0,0.0,0.0,0.0
1532,45.975,399.59679743,966.4161317,2,0,0.0,0.0,0.0
1533,46.005,399.63388726,966.55383007,2,0,0.0,0.0,0.0
1534,46.035,399.67137893,966.6915075,2,0,0.0,0.0,0.0
1535,46.065,399.70919622,966.82917485,2,0,0.0,0.0,0.0
1536,46.095,399.74734429,966.96684337,2,0,0.0,0.0,0.0
1537,46.125,399.78588325,967.10451507,2,0,0.0,0.0,0.0
1538,46.155,399.8248362,967.24218678,2,0,0.0,0.0,0.0
1539,46.185,399.86419652,967.37985268,2,0,0.0,0.0,0.0
1540,46.215,399.90405711,967.51754182,2,0,0.0,0.0,0.0
1541,46.245,399.9446196,967.65524107,2,0,0.0,0.0,0.0
1542,46.275,399.98596197,967.79294032,2,0,0.0,0.0,0.0
1543,46.305,400.02808834,967.93061977,2,0,0.0,0.0,0.0
1544,46.335,400.07107659,968.06824679,2,0,0.0,0.0,0.0
1545,46.365,400.11495624,968.20587392,2,0,0.0,0.0,0.0
1546,46.395,400.15953231,968.34351841,2,0,0.0,0.0,0.0
1547,46.425,400.20461929,968.48118813,2,0,0.0,0.0,0.0
1548,46.455,400.25036091,968.61888249,2,0,0.0,0.0,0.0
1549,46.485,400.29678171,968.75658294,2,0,0.0,0.0,0.0
1550,46.515,400.34413749,968.8942229,2,0,0.0,0.0,0.0
1551,46.545,400.39254565,969.03186466,2,0,0.0,0.0,0.0
1552,46.575,400.4420453,969.16950944,2,0,0.0,0.0,0.0
1553,46.605,400.49261208,969.30719503,2,0,0.0,0.0,0.0
1554,46.635,400.54421261,969.4448645,2,0,0.0,0.0,0.0
1555,46.665,400.59678954,969.58253369,2,0,0.0,0.0,0.0
1556,46.695,400.6503365,969.72020288,2,0,0.0,0.0,0.0
1557,46.725,400.7048706,969.85788556,2,0,0.0,0.0,0.0
1558,46.755,400.76042541,969.99558948,2,0,0.0,0.0,0.0
1559,46.785,400.81704067,970.13329233,2,0,0.0,0.0,0.0
1560,46.815,400.87470232,970.27094533,2,0,0.0,0.0,0.0
1561,46.845,400.93330886,970.40857406,2,0,0.0,0.0,0.0
1562,46.875,400.99283048,970.546258,2,0,0.0,0.0,0.0
1563,46.905,401.05320893,970.68394298,2,0,0.0,0.0,0.0
1564,46.935,401.11443592,970.82163012,2,0,0.0,0.0,0.0
1565,46.965,401.17632835,970.95927488,2,0,0.0,0.0,0.0
1566,46.995,401.23867387,971.09692629,2,0,0.0,0.0,0.0
1567,47.025,401.3014832,971.23456491,2,0,0.0,0.0,0.0
1568,47.055,401.3646706,971.37217986,2,0,0.0,0.0,0.0
1569,47.085,401.42813856,971.5098343,2,0,0.0,0.0,0.0
1570,47.115,401.49175952,971.64750792,2,0,0.0,0.0,0.0
1571,47.145,401.5555277,971.78518154,2,0,0.0,0.0,0.0
1572,47.175,401.61937131,971.92287598,2,0,0.0,0.0,0.0
1573,47.205,401.6831528,972.06056233,2,0,0.0,0.0,0.0
1574,47.235,401.74687214,972.19824497,2,0,0.0,0.0,0.0
1575,47.265,401.81052397,972.33591554,2,0,0.0,0.0,0.0
1576,47.295,401.87416688,972.47357942,2,0,0.0,0.0,0.0
1577,47.325,401.93779288,972.61123712,2,0,0.0,0.0,0.0
1578,47.355,402.00136776,972.74890599,2,0,0.0,0.0,0.0
1579,47.385,402.06559781,972.88659445,2,0,0.0,0.0,0.0
1580,47.415,402.1326443,973.02428519,2,0,0.0,0.0,0.0
1581,47.445,402.20275029,973.16197086,2,0,0.0,0.0,0.0
1582,47.475,402.27588822,973.29965063,2,0,0.0,0.0,0.0
1583,47.505,402.35204604,973.4373345,2,0,0.0,0.0,0.0
1584,47.535,402.43102812,973.57503275,2,0,0.0,0.0,0.0
1585,47.565,402.51272094,973.71276017,2,0,0.0,0.0,0.0
1586,47.595,402.59624258,973.85049786,2,0,0.0,0.0,0.0
1587,47.625,402.68106174,973.98822208,2,0,0.0,0.0,0.0
1588,47.655,402.76718812,974.12593979,2,0,0.0,0.0,0.0
1589,47.685,402.85467235,974.26361139,2,0,0.0,0.0,0.0
1590,47.715,402.94357427,974.40127755,2,0,0.0,0.0,0.0
1591,47.745,403.03387135,974.53892928,2,0,0.0,0.0,0.0
1592,47.775,403.12548234,974.67656886,2,0,0.0,0.0,0.0
1593,47.805,403.21831866,974.81417961,2,0,0.0,0.0,0.0
1594,47.835,403.31210257,974.95177779,2,0,0.0,0.0,0.0
1595,47.865,403.40697971,975.08941886,2,0,0.0,0.0,0.0
1596,47.895,403.50287243,975.22705629,2,0,0.0,0.0,0.0
1597,47.925,403.59839878,975.36470102,2,0,0.0,0.0,0.0
1598,47.955,403.69444138,975.502335,2,0,0.0,0.0,0.0
1599,47.985,403.79172509,975.63996602,2,0,0.0,0.0,0.0
1600,48.015,403.8900813,975.77760643,2,0,0.0,0.0,0.0
1601,48.045,403.98904748,975.9152813,2,0,0.0,0.0,0.0
1602,48.075,404.0881487,976.05295169,2,0,0.0,0.0,0.0
1603,48.105,404.18738901,976.19062028,2,0,0.0,0.0,0.0
1604,48.135,404.28677001,976.32828887,2,0,0.0,0.0,0.0
1605,48.165,404.38629238,976.46595473,2,0,0.0,0.0,0.0
1606,48.195,404.48596969,976.60362075,2,0,0.0,0.0,0.0
1607,48.225,404.58577752,976.74126995,2,0,0.0,0.0,0.0
1608,48.255,404.68569877,976.87891052,2,0,0.0,0.0,0.0
1609,48.285,404.78575416,977.01654727,2,0,0.0,0.0,0.0
1610,48.315,404.885953,977.1541529,2,0,0.0,0.0,0.0
1611,48.345,404.98633045,977.29171756,2,0,0.0,0.0,0.0
1612,48.375,405.08693376,977.42928221,2,0,0.0,0.0,0.0
1613,48.405,405.18776265,977.56685311,2,0,0.0,0.0,0.0
1614,48.435,405.28873674,977.70450413,2,0,0.0,0.0,0.0
1615,48.465,405.389794,977.84215626,2,0,0.0,0.0,0.0
1616,48.495,405.49089147,977.97982494,2,0,0.0,0.0,0.0
1617,48.525,405.59199547,978.11749353,2,0,0.0,0.0,0.0
1618,48.555,405.69308542,978.25516378,2,0,0.0,0.0,0.0
1619,48.585,405.79414744,978.39283404,2,0,0.0,0.0,0.0
1620,48.615,405.89518152,978.53050429,2,0,0.0,0.0,0.0
1621,48.645,405.9961904,978.66817871,2,0,0.0,0.0,0.0
1622,48.675,406.09727773,978.80587764,2,0,0.0,0.0,0.0
1623,48.705,406.19857456,978.94358299,2,0,0.0,0.0,0.0
1624,48.735,406.3001416,979.08127614,2,0,0.0,0.0,0.0
1625,48.765,406.40230782,979.21896187,2,0,0.0,0.0,0.0
1626,48.795,406.50511821,979.35666116,2,0,0.0,0.0,0.0
1627,48.825,406.60853499,979.49438507,2,0,0.0,0.0,0.0
1628,48.855,406.71251766,979.63210517,2,0,0.0,0.0,0.0
1629,48.885,406.81704883,979.7698233,2,0,0.0,0.0,0.0
1630,48.915,406.92206664,979.90752297,2,0,0.0,0.0,0.0
1631,48.945,407.0274572,980.04521232,2,0,0.0,0.0,0.0
1632,48.975,407.13315219,980.18289491,2,0,0.0,0.0,0.0
1633,49.005,407.23912908,980.32058184,2,0,0.0,0.0,0.0
1634,49.035,407.34544618,980.45832632,2,0,0.0,0.0,0.0
1635,49.065,407.45235095,980.5961665,2,0,0.0,0.0,0.0
1636,49.095,407.56008473,980.73405184,2,0,0.0,0.0,0.0
1637,49.125,407.66871019,980.87191045,2,0,0.0,0.0,0.0
1638,49.155,407.77795851,981.00976481,2,0,0.0,0.0,0.0
1639,49.185,407.88735666,981.14758491,2,0,0.0,0.0,0.0
1640,49.215,407.99663924,981.28535331,2,0,0.0,0.0,0.0
1641,49.245,408.10556542,981.42311108,2,0,0.0,0.0,0.0
1642,49.275,408.21412982,981.56086694,2,0,0.0,0.0,0.0
1643,49.305,408.32232026,981.69867134,2,0,0.0,0.0,0.0
1644,49.335,408.43008073,981.83652105,2,0,0.0,0.0,0.0
1645,49.365,408.53740324,981.97437055,2,0,0.0,0.0,0.0
1646,49.395,408.64431422,982.11223139,2,0,0.0,0.0,0.0
1647,49.425,408.75088249,982.25008195,2,0,0.0,0.0,0.0
1648,49.455,408.85708557,982.38791922,2,0,0.0,0.0,0.0
1649,49.485,408.96273659,982.52580801,2,0,0.0,0.0,0.0
1650,49.515,409.06766206,982.66372699,2,0,0.0,0.0,0.0
1651,49.545,409.17185818,982.80164597,2,0,0.0,0.0,0.0
1652,49.575,409.27536796,982.93959582,2,0,0.0,0.0,0.0
1653,49.605,409.37829512,983.07757399,2,0,0.0,0.0,0.0
1654,49.635,409.48064808,983.21555191,2,0,0.0,0.0,0.0
1655,49.665,409.58240686,983.3535434,2,0,0.0,0.0,0.0
1656,49.695,409.68338901,983.49156419,2,0,0.0,0.0,0.0
1657,49.725,409.78347941,983.62958614,2,0,0.0,0.0,0.0
1658,49.755,409.88267219,983.76761099,2,0,0.0,0.0,0.0
1659,49.785,409.98087251,983.90564357,2,0,0.0,0.0,0.0
1660,49.815,410.07803255,984.04367612,2,0,0.0,0.0,0.0
1661,49.845,410.17415231,984.18170868,2,0,0.0,0.0,0.0
1662,49.875,410.2692318,984.31974123,2,0,0.0,0.0,0.0
1663,49.905,410.3632732,984.45776873,2,0,0.0,0.0,0.0
1664,49.935,410.45628736,984.59578638,2,0,0.0,0.0,0.0
1665,49.965,410.54827735,984.73380384,2,0,0.0,0.0,0.0
1666,49.995,410.63916013,984.87182722,2,0,0.0,0.0,0.0
1667,50.025,410.72893178,985.00983086,2,0,0.0,0.0,0.0
1668,50.055,410.81764,985.14783175,2,0,0.0,0.0,0.0
1669,50.085,410.90529659,985.28581213,2,0,0.0,0.0,0.0
1670,50.115,410.99183251,985.42382839,2,0,0.0,0.0,0.0
1671,50.145,411.07716921,985.56185204,2,0,0.0,0.0,0.0
1672,50.175,411.16127787,985.6998956,2,0,0.0,0.0,0.0
1673,50.205,411.24411469,985.83795178,2,0,0.0,0.0,0.0
1674,50.235,411.32566951,985.9760229,2,0,0.0,0.0,0.0
1675,50.265,411.40592068,986.11415446,2,0,0.0,0.0,0.0
1676,50.295,411.48488068,986.25234319,2,0,0.0,0.0,0.0
1677,50.325,411.56255181,986.39053209,2,0,0.0,0.0,0.0
1678,50.355,411.63889712,986.52872105,2,0,0.0,0.0,0.0
1679,50.385,411.71391454,986.66691001,2,0,0.0,0.0,0.0
1680,50.415,411.7876259,986.80516598,2,0,0.0,0.0,0.0
1681,50.445,411.86001566,986.94349769,2,0,0.0,0.0,0.0
1682,50.475,411.93093306,987.08183881,2,0,0.0,0.0,0.0
1683,50.505,412.00056088,987.22018421,2,0,0.0,0.0,0.0
1684,50.535,412.06894825,987.35852328,2,0,0.0,0.0,0.0
1685,50.565,412.13543987,987.49686283,2,0,0.0,0.0,0.0
1686,50.595,412.19994463,987.63519053,2,0,0.0,0.0,0.0
1687,50.625,412.2625293,987.77351705,2,0,0.0,0.0,0.0
1688,50.655,412.3232433,987.91186217,2,0,0.0,0.0,0.0
1689,50.685,412.382025,988.05021972,2,0,0.0,0.0,0.0
1690,50.715,412.43887305,988.18856626,2,0,0.0,0.0,0.0
1691,50.745,412.49383674,988.32690389,2,0,0.0,0.0,0.0
1692,50.775,412.54692372,988.46524151,2,0,0.0,0.0,0.0
1693,50.805,412.59815936,988.60357959,2,0,0.0,0.0,0.0
1694,50.835,412.64771531,988.7419149,2,0,0.0,0.0,0.0
1695,50.865,412.69562596,988.88025021,2,0,0.0,0.0,0.0
1696,50.895,412.74189131,989.01858552,2,0,0.0,0.0,0.0
1697,50.925,412.78651138,989.15692083,2,0,0.0,0.0,0.0
1698,50.955,412.82948615,989.29525615,2,0,0.0,0.0,0.0
1699,50.985,412.87082744,989.43358429,2,0,0.0,0.0,0.0
1700,51.015,412.91055584,989.57190994,2,0,0.0,0.0,0.0
1701,51.045,412.94868626,989.71025236,2,0,0.0,0.0,0.0
1702,51.075,412.98567798,989.84856141,2,0,0.0,0.0,0.0
1703,51.105,413.02185708,989.98688039,2,0,0.0,0.0,0.0
1704,51.135,413.05726205,990.12520169,2,0,0.0,0.0,0.0
1705,51.165,413.09200294,990.26356969,2,0,0.0,0.0,0.0
1706,51.195,413.12641157,990.40195753,2,0,0.0,0.0,0.0
1707,51.225,413.16051629,990.54034387,2,0,0.0,0.0,0.0
1708,51.255,413.19437725,990.678725,2,0,0.0,0.0,0.0
1709,51.285,413.22838457,990.81712427,2,0,0.0,0.0,0.0
1710,51.315,413.26258351,990.95552888,2,0,0.0,0.0,0.0
1711,51.345,413.29695593,991.09393348,2,0,0.0,0.0,0.0
1712,51.375,413.33150181,991.23233811,2,0,0.0,0.0,0.0
1713,51.405,413.36621436,991.37074318,2,0,0.0,0.0,0.0
1714,51.435,413.40120507,991.50908824,2,0,0.0,0.0,0.0
1715,51.465,413.43659477,991.64743417,2,0,0.0,0.0,0.0
1716,51.495,413.47238712,991.78576266,2,0,0.0,0.0,0.0
1717,51.525,413.50868589,991.92407669,2,0,0.0,0.0,0.0
1718,51.555,413.54551466,992.06238593,2,0,0.0,0.0,0.0
1719,51.585,413.58291735,992.20068094,2,0,0.0,0.0,0.0
1720,51.615,413.62108026,992.33896304,2,0,0.0,0.0,0.0
1721,51.645,413.66004529,992.47723421,2,0,0.0,0.0,0.0
1722,51.675,413.69974974,992.61551606,2,0,0.0,0.0,0.0
1723,51.705,413.74005485,992.75383412,2,0,0.0,0.0,0.0
1724,51.735,413.78073565,992.89212737,2,0,0.0,0.0,0.0
1725,51.765,413.82168586,993.03041235,2,0,0.0,0.0,0.0
1726,51.795,413.86301794,993.16870513,2,0,0.0,0.0,0.0
1727,51.825,413.90491907,993.30707996,2,0,0.0,0.0,0.0
1728,51.855,413.94745496,993.44546467,2,0,0.0,0.0,0.0
1729,51.885,413.99091429,993.58376651,2,0,0.0,0.0,0.0
1730,51.915,414.03460849,993.72208752,2,0,0.0,0.0,0.0
1731,51.945,414.07854184,993.86038984,2,0,0.0,0.0,0.0
1732,51.975,414.12383277,993.99863978,2,0,0.0,0.0,0.0
1733,52.005,414.1709297,994.13684058,2,0,0.0,0.0,0.0
1734,52.035,414.21988483,994.27504493,2,0,0.0,0.0,0.0
1735,52.065,414.27069139,994.41324929,2,0,0.0,0.0,0.0
1736,52.095,414.32334936,994.55145365,2,0,0.0,0.0,0.0
1737,52.125,414.37784281,994.6896553,2,0,0.0,0.0,0.0
1738,52.155,414.4336722,994.82784739,2,0,0.0,0.0,0.0
1739,52.185,414.49061899,994.96603955,2,0,0.0,0.0,0.0
1740,52.215,414.54870076,995.1041544,2,0,0.0,0.0,0.0
1741,52.245,414.60791113,995.24223602,2,0,0.0,0.0,0.0
1742,52.275,414.6682595,995.38026629,2,0,0.0,0.0,0.0
1743,52.305,414.73011035,995.5181966,2,0,0.0,0.0,0.0
1744,52.335,414.79360015,995.65612692,2,0,0.0,0.0,0.0
1745,52.365,414.85872889,995.79405723,2,0,0.0,0.0,0.0
1746,52.395,414.92549658,995.93198755,2,0,0.0,0.0,0.0
1747,52.425,414.99390322,996.06991787,2,0,0.0,0.0,0.0
1748,52.455,415.06392632,996.2078166,2,0,0.0,0.0,0.0
1749,52.485,415.13556953,996.34569733,2,0,0.0,0.0,0.0
1750,52.515,415.20811944,996.48362175,2,0,0.0,0.0,0.0
1751,52.545,415.28054105,996.62154721,2,0,0.0,0.0,0.0
1752,52.575,415.35277511,996.75950201,2,0,0.0,0.0,0.0
1753,52.605,415.42385303,996.89752418,2,0,0.0,0.0,0.0
1754,52.635,415.49240718,997.03554141,2,0,0.0,0.0,0.0
1755,52.665,415.55840049,997.17355549,2,0,0.0,0.0,0.0
1756,52.695,415.62183067,997.31150324,2,0,0.0,0.0,0.0
1757,52.725,415.68268638,997.44945982,2,0,0.0,0.0,0.0
1758,52.755,415.74162756,997.58745362,2,0,0.0,0.0,0.0
1759,52.785,415.79941706,997.72545175,2,0,0.0,0.0,0.0
1760,52.815,415.85605636,997.86344988,2,0,0.0,0.0,0.0
1761,52.845,415.9115347,998.00146974,2,0,0.0,0.0,0.0
1762,52.875,415.96612471,998.13949843,2,0,0.0,0.0,0.0
1763,52.905,416.02056556,998.27752716,2,0,0.0,0.0,0.0
1764,52.935,416.07497333,998.41555469,2,0,0.0,0.0,0.0
1765,52.965,416.12941797,998.55358238,2,0,0.0,0.0,0.0
1766,52.995,416.18389979,998.69161006,2,0,0.0,0.0,0.0
1767,53.025,416.23841879,998.82963775,2,0,0.0,0.0,0.0
1768,53.055,416.29298097,998.96755054,2,0,0.0,0.0,0.0
1769,53.085,416.34759263,999.10546189,2,0,0.0,0.0,0.0
1770,53.115,416.40225378,999.24337324,2,0,0.0,0.0,0.0
1771,53.145,416.45711983,999.38139513,2,0,0.0,0.0,0.0
1772,53.175,416.51240033,999.51936489,2,0,0.0,0.0,0.0
1773,53.205,416.56810306,999.6572825,2,0,0.0,0.0,0.0
1774,53.235,416.62420459,999.79518886,2,0,0.0,0.0,0.0
1775,53.265,416.6806735,999.93311927,2,0,0.0,0.0,0.0
1776,53.295,416.73751159,1000.07104969,2,0,0.0,0.0,0.0
1777,53.325,416.79471886,1000.2089801,2,0,0.0,0.0,0.0
1778,53.355,416.85229332,1000.34691886,2,0,0.0,0.0,0.0
1779,53.385,416.91018227,1000.48486304,2,0,0.0,0.0,0.0
1780,53.415,416.96827742,1000.6227982,2,0,0.0,0.0,0.0
1781,53.445,417.02656925,1000.76073336,2,0,0.0,0.0,0.0
1782,53.475,417.0850545,1000.89867034,2,0,0.0,0.0,0.0
1783,53.505,417.14372672,1001.03660113,2,0,0.0,0.0,0.0
1784,53.535,417.20252857,1001.17460199,2,0,0.0,0.0,0.0
1785,53.565,417.26133915,1001.31260911,2,0,0.0,0.0,0.0
1786,53.595,417.32017208,1001.45062683,2,0,0.0,0.0,0.0
1787,53.625,417.37902051,1001.58866604,2,0,0.0,0.0,0.0
1788,53.655,417.43789579,1001.7267137,2,0,0.0,0.0,0.0
1789,53.685,417.49679735,1001.86475071,2,0,0.0,0.0,0.0
1790,53.715,417.55570592,1002.00278382,2,0,0.0,0.0,0.0
1791,53.745,417.61462736,1002.14081606,2,0,0.0,0.0,0.0
1792,53.775,417.67358858,1002.27886269,2,0,0.0,0.0,0.0
1793,53.805,417.7326971,1002.41692328,2,0,0.0,0.0,0.0
1794,53.835,417.7919803,1002.55498238,2,0,0.0,0.0,0.0
1795,53.865,417.85145122,1002.69303883,2,0,0.0,0.0,0.0
1796,53.895,417.91112989,1002.83109973,2,0,0.0,0.0,0.0
1797,53.925,417.97102862,1002.9691887,2,0,0.0,0.0,0.0
1798,53.955,418.03045592,1003.10727851,2,0,0.0,0.0,0.0
1799,53.985,418.08930069,1003.24536562,2,0,0.0,0.0,0.0
1800,54.015,418.14758469,1003.38344946,2,0,0.0,0.0,0.0
1801,54.045,418.20536477,1003.52152077,2,0,0.0,0.0,0.0
1802,54.075,418.26288422,1003.65954618,2,0,0.0,0.0,0.0
1803,54.105,418.32057508,1003.79754443,2,0,0.0,0.0,0.0
1804,54.135,418.37862796,1003.93555149,2,0,0.0,0.0,0.0
1805,54.165,418.43715567,1004.0735647,2,0,0.0,0.0,0.0
1806,54.195,418.49626867,1004.21157787,2,0,0.0,0.0,0.0
1807,54.225,418.55604466,1004.3495645,2,0,0.0,0.0,0.0
1808,54.255,418.61651172,1004.4875372,2,0,0.0,0.0,0.0
1809,54.285,418.67775619,1004.625472,2,0,0.0,0.0,0.0
1810,54.315,418.7397946,1004.76339826,2,0,0.0,0.0,0.0
1811,54.345,418.80249636,1004.90138217,2,0,0.0,0.0,0.0
1812,54.375,418.86562117,1005.03935686,2,0,0.0,0.0,0.0
1813,54.405,418.92910738,1005.17732313,2,0,0.0,0.0,0.0
1814,54.435,418.99288342,1005.3152848,2,0,0.0,0.0,0.0
1815,54.465,419.05663456,1005.45324784,2,0,0.0,0.0,0.0
1816,54.495,419.12036294,1005.59119598,2,0,0.0,0.0,0.0
1817,54.525,419.18435822,1005.72913155,2,0,0.0,0.0,0.0
1818,54.555,419.24862149,1005.86705606,2,0,0.0,0.0,0.0
1819,54.585,419.3132087,1006.00496987,2,0,0.0,0.0,0.0
1820,54.615,419.37830378,1006.14288455,2,0,0.0,0.0,0.0
1821,54.645,419.44386604,1006.28077819,2,0,0.0,0.0,0.0
1822,54.675,419.50986484,1006.41866511,2,0,0.0,0.0,0.0
1823,54.705,419.57621039,1006.55654874,2,0,0.0,0.0,0.0
1824,54.735,419.64288965,1006.69441905,2,0,0.0,0.0,0.0
1825,54.765,419.71002325,1006.83228206,2,0,0.0,0.0,0.0
1826,54.795,419.77750853,1006.97012782,2,0,0.0,0.0,0.0
1827,54.825,419.84514604,1007.10804041,2,0,0.0,0.0,0.0
1828,54.855,419.91259201,1007.24597818,2,0,0.0,0.0,0.0
1829,54.885,419.97957841,1007.38398915,2,0,0.0,0.0,0.0
1830,54.915,420.04571084,1007.52201605,2,0,0.0,0.0,0.0
1831,54.945,420.11106681,1007.66001504,2,0,0.0,0.0,0.0
1832,54.975,420.17569482,1007.79800939,2,0,0.0,0.0,0.0
1833,55.005,420.23958514,1007.93601249,2,0,0.0,0.0,0.0
1834,55.035,420.30313958,1008.07403805,2,0,0.0,0.0,0.0
1835,55.065,420.36654056,1008.21206737,2,0,0.0,0.0,0.0
1836,55.095,420.42975088,1008.35007104,2,0,0.0,0.0,0.0
1837,55.125,420.49263831,1008.48806272,2,0,0.0,0.0,0.0
1838,55.155,420.55514771,1008.62608568,2,0,0.0,0.0,0.0
1839,55.185,420.61727772,1008.76410721,2,0,0.0,0.0,0.0
1840,55.215,420.67902743,1008.90214182,2,0,0.0,0.0,0.0
1841,55.245,420.74031019,1009.04020451,2,0,0.0,0.0,0.0
1842,55.275,420.8010023,1009.17824866,2,0,0.0,0.0,0.0
1843,55.305,420.86108235,1009.31629274,2,0,0.0,0.0,0.0
1844,55.335,420.92055485,1009.45428599,2,0,0.0,0.0,0.0
1845,55.365,420.97951077,1009.59223935,2,0,0.0,0.0,0.0
1846,55.395,421.04257959,1009.73029137,2,0,0.0,0.0,0.0
1847,55.425,421.11382485,1009.86834338,2,0,0.0,0.0,0.0
1848,55.455,421.19327361,1010.00638169,2,0,0.0,0.0,0.0
1849,55.485,421.2800721,1010.14438536,2,0,0.0,0.0,0.0
1850,55.515,421.36941432,1010.28236032,2,0,0.0,0.0,0.0
1851,55.545,421.46050061,1010.42034023,2,0,0.0,0.0,0.0
1852,55.575,421.55318317,1010.55832061,2,0,0.0,0.0,0.0
1853,55.605,421.64745914,1010.69630063,2,0,0.0,0.0,0.0
1854,55.635,421.74246577,1010.83425707,2,0,0.0,0.0,0.0
1855,55.665,421.83665122,1010.9722245,2,0,0.0,0.0,0.0
1856,55.695,421.93026978,1011.11024221,2,0,0.0,0.0,0.0
1857,55.725,422.02340188,1011.24831127,2,0,0.0,0.0,0.0
1858,55.755,422.11604817,1011.38643168,2,0,0.0,0.0,0.0
1859,55.785,422.20822311,1011.52456929,2,0,0.0,0.0,0.0
1860,55.815,422.30011929,1011.66274123,2,0,0.0,0.0,0.0
1861,55.845,422.39179429,1011.80092948,2,0,0.0,0.0,0.0
1862,55.875,422.48323448,1011.9391548,2,0,0.0,0.0,0.0
1863,55.905,422.57447501,1012.07737886,2,0,0.0,0.0,0.0
1864,55.935,422.66554002,1012.21560178,2,0,0.0,0.0,0.0
1865,55.965,422.75641708,1012.35382783,2,0,0.0,0.0,0.0
1866,55.995,422.84710392,1012.4920557,2,0,0.0,0.0,0.0
1867,56.025,422.93740826,1012.63027089,2,0,0.0,0.0,0.0
1868,56.055,423.02689934,1012.76846913,2,0,0.0,0.0,0.0
1869,56.085,423.1148263,1012.90665205,2,0,0.0,0.0,0.0
1870,56.115,423.20104238,1013.04481687,2,0,0.0,0.0,0.0
1871,56.145,423.28617763,1013.182945,2,0,0.0,0.0,0.0
1872,56.175,423.37049064,1013.32107841,2,0,0.0,0.0,0.0
1873,56.205,423.45399307,1013.45916765,2,0,0.0,0.0,0.0
1874,56.235,423.53666196,1013.59725356,2,0,0.0,0.0,0.0
1875,56.265,423.61839391,1013.73533568,2,0,0.0,0.0,0.0
1876,56.295,423.69917845,1013.87341279,2,0,0.0,0.0,0.0
1877,56.325,423.77900057,1014.01147617,2,0,0.0,0.0,0.0
1878,56.355,423.85782578,1014.14953814,2,0,0.0,0.0,0.0
1879,56.385,423.93566503,1014.28757843,2,0,0.0,0.0,0.0
1880,56.415,424.01256348,1014.42561873,2,0,0.0,0.0,0.0
1881,56.445,424.08852132,1014.56366115,2,0,0.0,0.0,0.0
1882,56.475,424.16353045,1014.70169911,2,0,0.0,0.0,0.0
1883,56.505,424.2376385,1014.83973354,2,0,0.0,0.0,0.0
1884,56.535,424.31097195,1014.97776533,2,0,0.0,0.0,0.0
1885,56.565,424.38353521,1015.11579712,2,0,0.0,0.0,0.0
1886,56.595,424.45532828,1015.25382891,2,0,0.0,0.0,0.0
1887,56.625,424.52632745,1015.3918762,2,0,0.0,0.0,0.0
1888,56.655,424.59648222,1015.52993952,2,0,0.0,0.0,0.0
1889,56.685,424.66583869,1015.66800543,2,0,0.0,0.0,0.0
1890,56.715,424.73438993,1015.80607195,2,0,0.0,0.0,0.0
1891,56.745,424.80214191,1015.94412882,2,0,0.0,0.0,0.0
1892,56.775,424.86910074,1016.08217526,2,0,0.0,0.0,0.0
1893,56.805,424.93523184,1016.2202216,2,0,0.0,0.0,0.0
1894,56.835,425.00053203,1016.35826792,2,0,0.0,0.0,0.0
1895,56.865,425.06497851,1016.49635695,2,0,0.0,0.0,0.0
1896,56.895,425.12850848,1016.63445042,2,0,0.0,0.0,0.0
1897,56.925,425.19085294,1016.77259721,2,0,0.0,0.0,0.0
1898,56.955,425.25174104,1016.91075007,2,0,0.0,0.0,0.0
1899,56.985,425.31115756,1017.04889583,2,0,0.0,0.0,0.0
1900,57.015,425.36911377,1017.18704163,2,0,0.0,0.0,0.0
1901,57.045,425.42560998,1017.32518756,2,0,0.0,0.0,0.0
1902,57.075,425.48063562,1017.46333548,2,0,0.0,0.0,0.0
1903,57.105,425.53420889,1017.60156777,2,0,0.0,0.0,0.0
1904,57.135,425.58677564,1017.73988876,2,0,0.0,0.0,0.0
1905,57.165,425.63848534,1017.87820739,2,0,0.0,0.0,0.0
1906,57.195,425.68930872,1018.01652082,2,0,0.0,0.0,0.0
1907,57.225,425.73922924,1018.15485437,2,0,0.0,0.0,0.0
1908,57.255,425.78846883,1018.29325363,2,0,0.0,0.0,0.0
1909,57.285,425.83692143,1018.43167385,2,0,0.0,0.0,0.0
1910,57.315,425.8845913,1018.57017761,2,0,0.0,0.0,0.0
1911,57.345,425.93171725,1018.70870429,2,0,0.0,0.0,0.0
1912,57.375,425.97843257,1018.84725782,2,0,0.0,0.0,0.0
1913,57.405,426.02477838,1018.9858027,2,0,0.0,0.0,0.0
1914,57.435,426.07108219,1019.12431719,2,0,0.0,0.0,0.0
1915,57.465,426.11746779,1019.26282567,2,0,0.0,0.0,0.0
1916,57.495,426.16393674,1019.40134053,2,0,0.0,0.0,0.0
1917,57.525,426.21045591,1019.53986536,2,0,0.0,0.0,0.0
1918,57.555,426.25702226,1019.6783902,2,0,0.0,0.0,0.0
1919,57.585,426.30363056,1019.81691946,2,0,0.0,0.0,0.0
1920,57.615,426.35022439,1019.95544267,2,0,0.0,0.0,0.0
1921,57.645,426.3965607,1020.09392431,2,0,0.0,0.0,0.0
1922,57.675,426.44252846,1020.23238361,2,0,0.0,0.0,0.0
1923,57.705,426.4880679,1020.3708424,2,0,0.0,0.0,0.0
1924,57.735,426.53311426,1020.50916714,2,0,0.0,0.0,0.0
1925,57.765,426.57735664,1020.64748427,2,0,0.0,0.0,0.0
1926,57.795,426.62067677,1020.78580064,2,0,0.0,0.0,0.0
1927,57.825,426.66274383,1020.9240786,2,0,0.0,0.0,0.0
1928,57.855,426.70331921,1021.06235617,2,0,0.0,0.0,0.0
1929,57.885,426.74262389,1021.20062754,2,0,0.0,0.0,0.0
1930,57.915,426.78031129,1021.33888155,2,0,0.0,0.0,0.0
1931,57.945,426.81539109,1021.47714508,2,0,0.0,0.0,0.0
1932,57.975,426.84969762,1021.61537798,2,0,0.0,0.0,0.0
1933,58.005,426.88364961,1021.75361219,2,0,0.0,0.0,0.0
1934,58.035,426.91718489,1021.89192147,2,0,0.0,0.0,0.0
1935,58.065,426.95027095,1022.03022955,2,0,0.0,0.0,0.0
1936,58.095,426.9829168,1022.16853123,2,0,0.0,0.0,0.0
1937,58.125,427.01512499,1022.30683134,2,0,0.0,0.0,0.0
1938,58.155,427.04689636,1022.44513074,2,0,0.0,0.0,0.0
1939,58.185,427.07824659,1022.58342814,2,0,0.0,0.0,0.0
1940,58.215,427.10918189,1022.72172554,2,0,0.0,0.0,0.0
1941,58.245,427.1397023,1022.86002159,2,0,0.0,0.0,0.0
1942,58.275,427.16980895,1022.9983115,2,0,0.0,0.0,0.0
1943,58.305,427.19712688,1023.136622,2,0,0.0,0.0,0.0
1944,58.335,427.22087326,1023.27489814,2,0,0.0,0.0,0.0
1945,58.365,427.24425472,1023.41306527,2,0,0.0,0.0,0.0
1946,58.395,427.26728728,1023.55124357,2,0,0.0,0.0,0.0
1947,58.425,427.28998628,1023.68945376,2,0,0.0,0.0,0.0
1948,58.455,427.31235951,1023.82760516,2,0,0.0,0.0,0.0
1949,58.485,427.33444087,1023.96567922,2,0,0.0,0.0,0.0
1950,58.515,427.35626244,1024.10374129,2,0,0.0,0.0,0.0
1951,58.545,427.37778305,1024.24169632,2,0,0.0,0.0,0.0
1952,58.575,427.39904291,1024.37960948,2,0,0.0,0.0,0.0
1953,58.605,427.42006072,1024.51754091,2,0,0.0,0.0,0.0
1954,58.635,427.44088242,1024.65547625,2,0,0.0,0.0,0.0
1955,58.665,427.46150875,1024.7934116,2,0,0.0,0.0,0.0
1956,58.695,427.48193971,1024.93134694,2,0,0.0,0.0,0.0
1957,58.725,427.5021753,1025.06928229,2,0,0.0,0.0,0.0
1958,58.755,427.52223299,1025.20721518,2,0,0.0,0.0,0.0
1959,58.785,427.54218034,1025.34515613,2,0,0.0,0.0,0.0
1960,58.815,427.56202937,1025.48309708,2,0,0.0,0.0,0.0
1961,58.845,427.58177136,1025.62105777,2,0,0.0,0.0,0.0
1962,58.875,427.60140471,1025.75901595,2,0,0.0,0.0,0.0
1963,58.905,427.62095642,1025.89697501,2,0,0.0,0.0,0.0
1964,58.935,427.6251643,1026.03509133,2,0,0.0,0.0,0.0
1965,58.965,427.60127424,1026.17333049,2,0,0.0,0.0,0.0
1966,58.995,427.56559469,1026.3116041,2,0,0.0,0.0,0.0
1967,59.025,427.52798239,1026.44992232,2,0,0.0,0.0,0.0
1968,59.055,427.4905584,1026.58823765,2,0,0.0,0.0,0.0
1969,59.085,427.45332858,1026.72654988,2,0,0.0,0.0,0.0
1970,59.115,427.41634601,1026.8648344,2,0,0.0,0.0,0.0
1971,59.145,427.38006361,1027.00300543,2,0,0.0,0.0,0.0
1972,59.175,427.34504573,1027.14115932,2,0,0.0,0.0,0.0
1973,59.205,427.31129834,1027.27931056,2,0,0.0,0.0,0.0
1974,59.235,427.2788218,1027.41746796,2,0,0.0,0.0,0.0
1975,59.265,427.24771178,1027.55562396,2,0,0.0,0.0,0.0
1976,59.295,427.21798815,1027.6937718,2,0,0.0,0.0,0.0
1977,59.325,427.18966302,1027.83191819,2,0,0.0,0.0,0.0
1978,59.355,427.16274012,1027.97005932,2,0,0.0,0.0,0.0
1979,59.385,427.13790865,1028.10820792,2,0,0.0,0.0,0.0
1980,59.415,427.11696696,1028.24627888,2,0,0.0,0.0,0.0
1981,59.445,427.09993418,1028.38434749,2,0,0.0,0.0,0.0
1982,59.475,427.08664619,1028.5224149,2,0,0.0,0.0,0.0
1983,59.505,427.07654563,1028.66052605,2,0,0.0,0.0,0.0
1984,59.535,427.06938654,1028.7986239,2,0,0.0,0.0,0.0
1985,59.565,427.06522013,1028.9367526,2,0,0.0,0.0,0.0
1986,59.595,427.06416917,1029.07488265,2,0,0.0,0.0,0.0
1987,59.625,427.066262,1029.21301166,2,0,0.0,0.0,0.0
1988,59.655,427.0715167,1029.35112458,2,0,0.0,0.0,0.0
1989,59.685,427.07981511,1029.48929017,2,0,0.0,0.0,0.0
1990,59.715,427.08876957,1029.6274827,2,0,0.0,0.0,0.0
1991,59.745,427.09742188,1029.76566744,2,0,0.0,0.0,0.0
1992,59.775,427.10563296,1029.90380349,2,0,0.0,0.0,0.0
1993,59.805,427.11320637,1030.04193366,2,0,0.0,0.0,0.0
1994,59.835,427.12013535,1030.18006334,2,0,0.0,0.0,0.0
1995,59.865,427.12642301,1030.31819168,2,0,0.0,0.0,0.0
1996,59.895,427.13208052,1030.45632126,2,0,0.0,0.0,0.0
1997,59.925,427.13714572,1030.59447455,2,0,0.0,0.0,0.0
1998,59.955,427.14160494,1030.73263158,2,0,0.0,0.0,0.0
1999,59.985,427.14546146,1030.87078859,2,0,0.0,0.0,0.0
2000,60.015,427.14872009,1031.00894527,2,0,0.0,0.0,0.0
2001,60.045,427.15152156,1031.14710424,2,0,0.0,0.0,0.0
2002,60.075,427.15393932,1031.28526132,2,0,0.0,0.0,0.0
2003,60.105,427.15598102,1031.42342368,2,0,0.0,0.0,0.0
2004,60.135,427.15772846,1031.5615971,2,0,0.0,0.0,0.0
2005,60.165,427.15936648,1031.6998181,2,0,0.0,0.0,0.0
2006,60.195,427.16119447,1031.83806759,2,0,0.0,0.0,0.0
2007,60.225,427.16325227,1031.97631412,2,0,0.0,0.0,0.0
2008,60.255,427.16558997,1032.11459741,2,0,0.0,0.0,0.0
2009,60.285,427.16854459,1032.25292153,2,0,0.0,0.0,0.0
2010,60.315,427.17222286,1032.39124518,2,0,0.0,0.0,0.0
2011,60.345,427.17663762,1032.52956459,2,0,0.0,0.0,0.0
2012,60.375,427.18184475,1032.66783838,2,0,0.0,0.0,0.0
2013,60.405,427.18798973,1032.80608066,2,0,0.0,0.0,0.0
2014,60.435,427.19509404,1032.94432211,2,0,0.0,0.0,0.0
2015,60.465,427.20316412,1033.08256365,2,0,0.0,0.0,0.0
2016,60.495,427.21221007,1033.22079643,2,0,0.0,0.0,0.0
2017,60.525,427.2221999,1033.35901116,2,0,0.0,0.0,0.0
2018,60.555,427.2331108,1033.49722533,2,0,0.0,0.0,0.0
2019,60.585,427.2449566,1033.63543662,2,0,0.0,0.0,0.0
2020,60.615,427.25767865,1033.77365775,2,0,0.0,0.0,0.0
2021,60.645,427.27085009,1033.91189463,2,0,0.0,0.0,0.0
2022,60.675,427.28443915,1034.05009371,2,0,0.0,0.0,0.0
2023,60.705,427.29889155,1034.18824213,2,0,0.0,0.0,0.0
2024,60.735,427.31444132,1034.32637766,2,0,0.0,0.0,0.0
2025,60.765,427.33117254,1034.46450201,2,0,0.0,0.0,0.0
2026,60.795,427.34936314,1034.60257624,2,0,0.0,0.0,0.0
2027,60.825,427.3693452,1034.74065697,2,0,0.0,0.0,0.0
2028,60.855,427.39128037,1034.87872428,2,0,0.0,0.0,0.0
2029,60.885,427.41483651,1035.0168145,2,0,0.0,0.0,0.0
2030,60.915,427.4398723,1035.15488597,2,0,0.0,0.0,0.0
2031,60.945,427.46623062,1035.29293616,2,0,0.0,0.0,0.0
2032,60.975,427.49329737,1035.43096712,2,0,0.0,0.0,0.0
2033,61.005,427.5210671,1035.56899979,2,0,0.0,0.0,0.0
2034,61.035,427.55044068,1035.70701793,2,0,0.0,0.0,0.0
2035,61.065,427.58188263,1035.84502463,2,0,0.0,0.0,0.0
2036,61.095,427.61546031,1035.98305071,2,0,0.0,0.0,0.0
2037,61.125,427.65149916,1036.12110446,2,0,0.0,0.0,0.0
2038,61.155,427.6902038,1036.25915136,2,0,0.0,0.0,0.0
2039,61.185,427.73164347,1036.39719787,2,0,0.0,0.0,0.0
2040,61.215,427.77541613,1036.53529927,2,0,0.0,0.0,0.0
2041,61.245,427.82117321,1036.67339814,2,0,0.0,0.0,0.0
2042,61.275,427.86897181,1036.81148957,2,0,0.0,0.0,0.0
2043,61.305,427.91884003,1036.94961317,2,0,0.0,0.0,0.0
2044,61.335,427.97010589,1037.08776882,2,0,0.0,0.0,0.0
2045,61.365,428.02267413,1037.22592325,2,0,0.0,0.0,0.0
2046,61.395,428.07652007,1037.36408089,2,0,0.0,0.0,0.0
2047,61.425,428.13186487,1037.5022511,2,0,0.0,0.0,0.0
2048,61.455,428.18882674,1037.6404309,2,0,0.0,0.0,0.0
2049,61.485,428.2480493,1037.77864843,2,0,0.0,0.0,0.0
2050,61.515,428.30969136,1037.9169129,2,0,0.0,0.0,0.0
2051,61.545,428.37435576,1038.05522927,2,0,0.0,0.0,0.0
2052,61.575,428.44231465,1038.19330992,2,0,0.0,0.0,0.0
2053,61.605,428.51324447,1038.33123452,2,0,0.0,0.0,0.0
2054,61.635,428.58651519,1038.46916245,2,0,0.0,0.0,0.0
2055,61.665,428.66209372,1038.60710129,2,0,0.0,0.0,0.0
2056,61.695,428.74009749,1038.74506449,2,0,0.0,0.0,0.0
2057,61.725,428.81808469,1038.88304039,2,0,0.0,0.0,0.0
2058,61.755,428.8945653,1039.02099177,2,0,0.0,0.0,0.0
2059,61.785,428.96808647,1039.15886897,2,0,0.0,0.0,0.0
2060,61.815,429.03836081,1039.29676887,2,0,0.0,0.0,0.0
2061,61.845,429.10582307,1039.43466373,2,0,0.0,0.0,0.0
2062,61.875,429.17051687,1039.57256942,2,0,0.0,0.0,0.0
2063,61.905,429.23441691,1039.71052725,2,0,0.0,0.0,0.0
2064,61.935,429.29867973,1039.84848108,2,0,0.0,0.0,0.0
2065,61.965,429.36332121,1039.98645738,2,0,0.0,0.0,0.0
2066,61.995,429.42876991,1040.12447948,2,0,0.0,0.0,0.0
2067,62.025,429.49519851,1040.26249357,2,0,0.0,0.0,0.0
2068,62.055,429.56234414,1040.40041866,2,0,0.0,0.0,0.0
2069,62.085,429.63000135,1040.53833751,2,0,0.0,0.0,0.0
2070,62.115,429.69815951,1040.676251,2,0,0.0,0.0,0.0
2071,62.145,429.76681222,1040.81416354,2,0,0.0,0.0,0.0
2072,62.175,429.83596085,1040.95207588,2,0,0.0,0.0,0.0
2073,62.205,429.90559528,1041.08998345,2,0,0.0,0.0,0.0
2074,62.235,429.97570656,1041.22789108,2,0,0.0,0.0,0.0
2075,62.265,430.04625308,1041.36582815,2,0,0.0,0.0,0.0
2076,62.295,430.11727266,1041.50379324,2,0,0.0,0.0,0.0
2077,62.325,430.18879177,1041.64176446,2,0,0.0,0.0,0.0
2078,62.355,430.26077658,1041.77979835,2,0,0.0,0.0,0.0
2079,62.385,430.33341068,1041.91787686,2,0,0.0,0.0,0.0
2080,62.415,430.40676396,1042.05595387,2,0,0.0,0.0,0.0
2081,62.445,430.48084015,1042.19402899,2,0,0.0,0.0,0.0
2082,62.475,430.55565981,1042.33210514,2,0,0.0,0.0,0.0
2083,62.505,430.63123238,1042.47018871,2,0,0.0,0.0,0.0
2084,62.535,430.7075418,1042.60830001,2,0,0.0,0.0,0.0
2085,62.565,430.78456912,1042.74641629,2,0,0.0,0.0,0.0
2086,62.595,430.86230897,1042.88453228,2,0,0.0,0.0,0.0
2087,62.625,430.94074201,1043.02264802,2,0,0.0,0.0,0.0
2088,62.655,431.0198654,1043.16076376,2,0,0.0,0.0,0.0
2089,62.685,431.09954479,1043.29886546,2,0,0.0,0.0,0.0
2090,62.715,431.17938999,1043.43695336,2,0,0.0,0.0,0.0
2091,62.745,431.25940581,1043.57500262,2,0,0.0,0.0,0.0
2092,62.775,431.33988313,1043.71300813,2,0,0.0,0.0,0.0
2093,62.805,431.42087464,1043.85101349,2,0,0.0,0.0,0.0
2094,62.835,431.5025756,1043.98891241,2,0,0.0,0.0,0.0
2095,62.865,431.58521219,1044.12682803,2,0,0.0,0.0,0.0
2096,62.895,431.66880475,1044.26473368,2,0,0.0,0.0,0.0
2097,62.925,431.75342545,1044.40263032,2,0,0.0,0.0,0.0
2098,62.955,431.83908881,1044.5405498,2,0,0.0,0.0,0.0
2099,62.985,431.92558574,1044.67852254,2,0,0.0,0.0,0.0
2100,63.015,432.01284988,1044.81648875,2,0,0.0,0.0,0.0
2101,63.045,432.10086197,1044.95443437,2,0,0.0,0.0,0.0
2102,63.075,432.18966711,1045.0924014,2,0,0.0,0.0,0.0
2103,63.105,432.27928991,1045.23039108,2,0,0.0,0.0,0.0
2104,63.135,432.36975931,1045.36835775,2,0,0.0,0.0,0.0
2105,63.165,432.4611167,1045.50632059,2,0,0.0,0.0,0.0
2106,63.195,432.55336737,1045.64426851,2,0,0.0,0.0,0.0
2107,63.225,432.64657308,1045.78218885,2,0,0.0,0.0,0.0
2108,63.255,432.7407748,1045.92011178,2,0,0.0,0.0,0.0
2109,63.285,432.83644677,1046.05802093,2,0,0.0,0.0,0.0
2110,63.315,432.93383909,1046.1959227,2,0,0.0,0.0,0.0
2111,63.345,433.0329553,1046.33381951,2,0,0.0,0.0,0.0
2112,63.375,433.13384879,1046.47169196,2,0,0.0,0.0,0.0
2113,63.405,433.2368202,1046.60958709,2,0,0.0,0.0,0.0
2114,63.435,433.34166067,1046.74752131,2,0,0.0,0.0,0.0
2115,63.465,433.44674863,1046.8855274,2,0,0.0,0.0,0.0
2116,63.495,433.55181162,1047.02352156,2,0,0.0,0.0,0.0
2117,63.525,433.65599642,1047.16165168,2,0,0.0,0.0,0.0
2118,63.555,433.75881396,1047.2997818,2,0,0.0,0.0,0.0
2119,63.585,433.86026839,1047.43791192,2,0,0.0,0.0,0.0
2120,63.615,433.96037202,1047.57603905,2,0,0.0,0.0,0.0
2121,63.645,434.05920079,1047.71416543,2,0,0.0,0.0,0.0
2122,63.675,434.15677517,1047.85229182,2,0,0.0,0.0,0.0
2123,63.705,434.25309516,1047.99041821,2,0,0.0,0.0,0.0
2124,63.735,434.34817611,1048.12855983,2,0,0.0,0.0,0.0
2125,63.765,434.44213944,1048.26672023,2,0,0.0,0.0,0.0
2126,63.795,434.53512361,1048.40486376,2,0,0.0,0.0,0.0
2127,63.825,434.62721907,1048.54300729,2,0,0.0,0.0,0.0
2128,63.855,434.7184258,1048.68115083,2,0,0.0,0.0,0.0
2129,63.885,434.80874646,1048.81926997,2,0,0.0,0.0,0.0
2130,63.915,434.89819204,1048.95735251,2,0,0.0,0.0,0.0
2131,63.945,434.98671941,1049.09542756,2,0,0.0,0.0,0.0
2132,63.975,435.07426101,1049.23349381,2,0,0.0,0.0,0.0
2133,64.005,435.16103785,1049.37158923,2,0,0.0,0.0,0.0
2134,64.035,435.24767616,1049.50986877,2,0,0.0,0.0,0.0
2135,64.065,435.33424912,1049.64815486,2,0,0.0,0.0,0.0
2136,64.095,435.42065663,1049.78639002,2,0,0.0,0.0,0.0
2137,64.125,435.50644113,1049.92457596,2,0,0.0,0.0,0.0
2138,64.155,435.59150229,1050.06276694,2,0,0.0,0.0,0.0
2139,64.185,435.67573621,1050.20099317,2,0,0.0,0.0,0.0
2140,64.215,435.75898926,1050.33922494,2,0,0.0,0.0,0.0
2141,64.245,435.84126161,1050.4774814,2,0,0.0,0.0,0.0
2142,64.275,435.9225673,1050.61577476,2,0,0.0,0.0,0.0
2143,64.305,436.00285876,1050.75414033,2,0,0.0,0.0,0.0
2144,64.335,436.08192168,1050.8926483,2,0,0.0,0.0,0.0
2145,64.365,436.159777,1051.03112918,2,0,0.0,0.0,0.0
2146,64.395,436.23683355,1051.16953408,2,0,0.0,0.0,0.0
2147,64.425,436.31322483,1051.30792783,2,0,0.0,0.0,0.0
2148,64.455,436.38900908,1051.44635631,2,0,0.0,0.0,0.0
2149,64.485,436.4643341,1051.58479775,2,0,0.0,0.0,0.0
2150,64.515,436.53918605,1051.72327963,2,0,0.0,0.0,0.0
2151,64.545,436.61346455,1051.8617923,2,0,0.0,0.0,0.0
2152,64.575,436.68713733,1052.00030304,2,0,0.0,0.0,0.0
2153,64.605,436.7601882,1052.13881379,2,0,0.0,0.0,0.0
2154,64.635,436.83263682,1052.27732779,2,0,0.0,0.0,0.0
2155,64.665,436.90475479,1052.41584869,2,0,0.0,0.0,0.0
2156,64.695,436.97662872,1052.55436959,2,0,0.0,0.0,0.0
2157,64.725,437.04825838,1052.69289003,2,0,0.0,0.0,0.0
2158,64.755,437.11959061,1052.83140777,2,0,0.0,0.0,0.0
2159,64.785,437.19058688,1052.96995578,2,0,0.0,0.0,0.0
2160,64.815,437.26143022,1053.10853566,2,0,0.0,0.0,0.0
2161,64.845,437.33218503,1053.24714608,2,0,0.0,0.0,0.0
2162,64.875,437.4030433,1053.38578816,2,0,0.0,0.0,0.0
2163,64.905,437.47400162,1053.52443254,2,0,0.0,0.0,0.0
2164,64.935,437.54504828,1053.6630735,2,0,0.0,0.0,0.0
2165,64.965,437.61609223,1053.80172721,2,0,0.0,0.0,0.0
2166,64.995,437.6871507,1053.94038474,2,0,0.0,0.0,0.0
2167,65.025,437.75819722,1054.07904318,2,0,0.0,0.0,0.0
2168,65.055,437.82923195,1054.21770989,2,0,0.0,0.0,0.0
2169,65.085,437.90040026,1054.35641807,2,0,0.0,0.0,0.0
2170,65.115,437.97179006,1054.49512167,2,0,0.0,0.0,0.0
2171,65.145,438.04343067,1054.63382292,2,0,0.0,0.0,0.0
2172,65.175,438.11532441,1054.77252416,2,0,0.0,0.0,0.0
2173,65.205,438.18744782,1054.91120888,2,0,0.0,0.0,0.0
2174,65.235,438.25976958,1055.04989128,2,0,0.0,0.0,0.0
2175,65.265,438.3323048,1055.18858073,2,0,0.0,0.0,0.0
2176,65.295,438.40503623,1055.32728223,2,0,0.0,0.0,0.0
2177,65.325,438.47795246,1055.46596673,2,0,0.0,0.0,0.0
2178,65.355,438.55100146,1055.60465582,2,0,0.0,0.0,0.0
2179,65.385,438.62276563,1055.74332865,2,0,0.0,0.0,0.0
2180,65.415,438.69202411,1055.8819873,2,0,0.0,0.0,0.0
2181,65.445,438.75913239,1056.02064728,2,0,0.0,0.0,0.0
2182,65.475,438.82415598,1056.15931052,2,0,0.0,0.0,0.0
2183,65.505,438.88701222,1056.29793397,2,0,0.0,0.0,0.0
2184,65.535,438.94765507,1056.43655921,2,0,0.0,0.0,0.0
2185,65.565,439.005982,1056.57518499,2,0,0.0,0.0,0.0
2186,65.595,439.06261215,1056.7138674,2,0,0.0,0.0,0.0
2187,65.625,439.11930882,1056.85257305,2,0,0.0,0.0,0.0
2188,65.655,439.1761213,1056.99120319,2,0,0.0,0.0,0.0
2189,65.685,439.23276594,1057.12980551,2,0,0.0,0.0,0.0
2190,65.715,439.28921241,1057.26840782,2,0,0.0,0.0,0.0
2191,65.745,439.34546031,1057.40701055,2,0,0.0,0.0,0.0
2192,65.775,439.40150796,1057.54560993,2,0,0.0,0.0,0.0
2193,65.805,439.45736734,1057.68420597,2,0,0.0,0.0,0.0
2194,65.835,439.51302327,1057.82281063,2,0,0.0,0.0,0.0
2195,65.865,439.56844473,1057.96142088,2,0,0.0,0.0,0.0
2196,65.895,439.62362896,1058.10003112,2,0,0.0,0.0,0.0
2197,65.925,439.67857594,1058.23864137,2,0,0.0,0.0,0.0
2198,65.955,439.7332857,1058.37725162,2,0,0.0,0.0,0.0
2199,65.985,439.78775821,1058.51586186,2,0,0.0,0.0,0.0
2200,66.015,439.84198806,1058.65447566,2,0,0.0,0.0,0.0
2201,66.045,439.89597223,1058.79309428,2,0,0.0,0.0,0.0
2202,66.075,439.9493682,1058.93172447,2,0,0.0,0.0,0.0
2203,66.105,440.00203433,1059.07036786,2,0,0.0,0.0,0.0
2204,66.135,440.05396043,1059.20902199,2,0,0.0,0.0,0.0
2205,66.165,440.1050875,1059.3477022,2,0,0.0,0.0,0.0
2206,66.195,440.15566454,1059.48639763,2,0,0.0,0.0,0.0
2207,66.225,440.2057356,1059.6250932,2,0,0.0,0.0,0.0
2208,66.255,440.25530032,1059.76379411,2,0,0.0,0.0,0.0
2209,66.285,440.30410984,1059.90252669,2,0,0.0,0.0,0.0
2210,66.315,440.35201698,1060.04125926,2,0,0.0,0.0,0.0
2211,66.345,440.39901673,1060.18001717,2,0,0.0,0.0,0.0
2212,66.375,440.44509362,1060.31878588,2,0,0.0,0.0,0.0
2213,66.405,440.49023966,1060.45755687,2,0,0.0,0.0,0.0
2214,66.435,440.53449743,1060.59633084,2,0,0.0,0.0,0.0
2215,66.465,440.57790067,1060.7351041,2,0,0.0,0.0,0.0
2216,66.495,440.62047149,1060.87387075,2,0,0.0,0.0,0.0
2217,66.525,440.66222671,1061.0126369,2,0,0.0,0.0,0.0
2218,66.555,440.70319551,1061.1514077,2,0,0.0,0.0,0.0
2219,66.585,440.74351481,1061.29019362,2,0,0.0,0.0,0.0
2220,66.615,440.78319486,1061.42898802,2,0,0.0,0.0,0.0
2221,66.645,440.82217969,1061.56778784,2,0,0.0,0.0,0.0
2222,66.675,440.86045549,1061.70658764,2,0,0.0,0.0,0.0
2223,66.705,440.89802251,1061.84538619,2,0,0.0,0.0,0.0
2224,66.735,440.93489078,1061.9841759,2,0,0.0,0.0,0.0
2225,66.765,440.97105633,1062.12296445,2,0,0.0,0.0,0.0
2226,66.795,441.00652091,1062.26175703,2,0,0.0,0.0,0.0
2227,66.825,441.04128372,1062.40055189,2,0,0.0,0.0,0.0
2228,66.855,441.07529709,1062.53933282,2,0,0.0,0.0,0.0
2229,66.885,441.10884837,1062.67793403,2,0,0.0,0.0,0.0
2230,66.915,441.14225432,1062.81657594,2,0,0.0,0.0,0.0
2231,66.945,441.17548379,1062.95519736,2,0,0.0,0.0,0.0
2232,66.975,441.20845925,1063.0938113,2,0,0.0,0.0,0.0
2233,67.005,441.24117687,1063.23242523,2,0,0.0,0.0,0.0
2234,67.035,441.2736372,1063.37103787,2,0,0.0,0.0,0.0
2235,67.065,441.30584333,1063.50963758,2,0,0.0,0.0,0.0
2236,67.095,441.3377636,1063.64822808,2,0,0.0,0.0,0.0
2237,67.125,441.36938959,1063.78682046,2,0,0.0,0.0,0.0
2238,67.155,441.40071772,1063.92540951,2,0,0.0,0.0,0.0
2239,67.185,441.43165004,1064.06400621,2,0,0.0,0.0,0.0
2240,67.215,441.46206301,1064.20260469,2,0,0.0,0.0,0.0
2241,67.245,441.49181529,1064.34120992,2,0,0.0,0.0,0.0
2242,67.275,441.52088367,1064.47981138,2,0,0.0,0.0,0.0
2243,67.305,441.54926549,1064.618411,2,0,0.0,0.0,0.0
2244,67.335,441.57694917,1064.75699863,2,0,0.0,0.0,0.0
2245,67.365,441.60760735,1064.89566262,2,0,0.0,0.0,0.0
2246,67.395,441.65609789,1065.03435837,2,0,0.0,0.0,0.0
2247,67.425,441.71956098,1065.17304528,2,0,0.0,0.0,0.0
2248,67.455,441.78580664,1065.31171436,2,0,0.0,0.0,0.0
2249,67.485,441.85352493,1065.45037211,2,0,0.0,0.0,0.0
2250,67.515,441.92251269,1065.58903001,2,0,0.0,0.0,0.0
2251,67.545,441.99251942,1065.72775969,2,0,0.0,0.0,0.0
2252,67.575,442.06328429,1065.86646814,2,0,0.0,0.0,0.0
2253,67.605,442.13485715,1066.0051824,2,0,0.0,0.0,0.0
2254,67.635,442.20725683,1066.14390448,2,0,0.0,0.0,0.0
2255,67.665,442.2805101,1066.28263023,2,0,0.0,0.0,0.0
2256,67.695,442.35426892,1066.42135252,2,0,0.0,0.0,0.0
2257,67.725,442.42739529,1066.56008092,2,0,0.0,0.0,0.0
2258,67.755,442.49961979,1066.69880166,2,0,0.0,0.0,0.0
2259,67.785,442.57079994,1066.8375217,2,0,0.0,0.0,0.0
2260,67.815,442.64099488,1066.97631059,2,0,0.0,0.0,0.0
2261,67.845,442.71030891,1067.11511125,2,0,0.0,0.0,0.0
2262,67.875,442.77863168,1067.25391319,2,0,0.0,0.0,0.0
2263,67.905,442.84587023,1067.39271476,2,0,0.0,0.0,0.0
2264,67.935,442.91202615,1067.53152281,2,0,0.0,0.0,0.0
2265,67.965,442.97713644,1067.67034539,2,0,0.0,0.0,0.0
2266,67.995,443.041211,1067.80917407,2,0,0.0,0.0,0.0
2267,68.025,443.10425907,1067.94800661,2,0,0.0,0.0,0.0
2268,68.055,443.16629113,1068.086846,2,0,0.0,0.0,0.0
2269,68.085,443.22734381,1068.22567929,2,0,0.0,0.0,0.0
2270,68.115,443.28753449,1068.36452341,2,0,0.0,0.0,0.0
2271,68.145,443.34688805,1068.5033696,2,0,0.0,0.0,0.0
2272,68.175,443.40545121,1068.64220956,2,0,0.0,0.0,0.0
2273,68.205,443.4632978,1068.78105644,2,0,0.0,0.0,0.0
2274,68.235,443.52043699,1068.91991092,2,0,0.0,0.0,0.0
2275,68.265,443.57687708,1069.05877002,2,0,0.0,0.0,0.0
2276,68.295,443.63269352,1069.19763681,2,0,0.0,0.0,0.0
2277,68.325,443.68795569,1069.33653423,2,0,0.0,0.0,0.0
2278,68.355,443.74293688,1069.47546818,2,0,0.0,0.0,0.0
2279,68.385,443.79781141,1069.61440289,2,0,0.0,0.0,0.0
2280,68.415,443.85262005,1069.75335239,2,0,0.0,0.0,0.0
2281,68.445,443.90742279,1069.89230304,2,0,0.0,0.0,0.0
2282,68.475,443.96227456,1070.03126619,2,0,0.0,0.0,0.0
2283,68.505,444.01727248,1070.1702809,2,0,0.0,0.0,0.0
2284,68.535,444.07248575,1070.30929565,2,0,0.0,0.0,0.0
2285,68.565,444.12797609,1070.44830115,2,0,0.0,0.0,0.0
2286,68.595,444.18377634,1070.58728431,2,0,0.0,0.0,0.0
2287,68.625,444.23991776,1070.72626477,2,0,0.0,0.0,0.0
2288,68.655,444.29640279,1070.86524176,2,0,0.0,0.0,0.0
2289,68.685,444.35327629,1071.00420822,2,0,0.0,0.0,0.0
2290,68.715,444.41058578,1071.1432303,2,0,0.0,0.0,0.0
2291,68.745,444.46848292,1071.28230727,2,0,0.0,0.0,0.0
2292,68.775,444.52702981,1071.42138561,2,0,0.0,0.0,0.0
2293,68.805,444.58622908,1071.56046389,2,0,0.0,0.0,0.0
2294,68.835,444.64608165,1071.69954217,2,0,0.0,0.0,0.0
2295,68.865,444.70652203,1071.83861646,2,0,0.0,0.0,0.0
2296,68.895,444.767353,1071.97768477,2,0,0.0,0.0,0.0
2297,68.925,444.82854457,1072.11674562,2,0,0.0,0.0,0.0
2298,68.955,444.89011401,1072.25580451,2,0,0.0,0.0,0.0
2299,68.985,444.95197219,1072.39486292,2,0,0.0,0.0,0.0
2300,69.015,445.01411731,1072.53392128,2,0,0.0,0.0,0.0
2301,69.045,445.07654976,1072.67298836,2,0,0.0,0.0,0.0
2302,69.075,445.13927259,1072.81204865,2,0,0.0,0.0,0.0
2303,69.105,445.20236087,1072.95107947,2,0,0.0,0.0,0.0
2304,69.135,445.26585397,1073.09011021,2,0,0.0,0.0,0.0
2305,69.165,445.32975457,1073.22914093,2,0,0.0,0.0,0.0
2306,69.195,445.39406453,1073.36817164,2,0,0.0,0.0,0.0
2307,69.225,445.45878369,1073.50720285,2,0,0.0,0.0,0.0
2308,69.255,445.5238524,1073.64625264,2,0,0.0,0.0,0.0
2309,69.285,445.58905681,1073.78531225,2,0,0.0,0.0,0.0
2310,69.315,445.65445937,1073.92433433,2,0,0.0,0.0,0.0
2311,69.345,445.72012617,1074.06331539,2,0,0.0,0.0,0.0
2312,69.375,445.78596602,1074.20226793,2,0,0.0,0.0,0.0
2313,69.405,445.85196821,1074.34122047,2,0,0.0,0.0,0.0
2314,69.435,445.91802088,1074.48016429,2,0,0.0,0.0,0.0
2315,69.465,445.98356293,1074.61908803,2,0,0.0,0.0,0.0
2316,69.495,446.04849411,1074.758011,2,0,0.0,0.0,0.0
2317,69.525,446.11281553,1074.89693398,2,0,0.0,0.0,0.0
2318,69.555,446.17638717,1075.035835,2,0,0.0,0.0,0.0
2319,69.585,446.23904747,1075.17473624,2,0,0.0,0.0,0.0
2320,69.615,446.30081629,1075.3136398,2,0,0.0,0.0,0.0
2321,69.645,446.36176132,1075.45253401,2,0,0.0,0.0,0.0
2322,69.675,446.42181011,1075.59142555,2,0,0.0,0.0,0.0
2323,69.705,446.48096197,1075.73032717,2,0,0.0,0.0,0.0
2324,69.735,446.53927885,1075.86924237,2,0,0.0,0.0,0.0
2325,69.765,446.59696644,1076.00817972,2,0,0.0,0.0,0.0
2326,69.795,446.65421878,1076.14712671,2,0,0.0,0.0,0.0
2327,69.825,446.71142216,1076.28607515,2,0,0.0,0.0,0.0
2328,69.855,446.76867099,1076.42499381,2,0,0.0,0.0,0.0
2329,69.885,446.82696244,1076.56384978,2,0,0.0,0.0,0.0
2330,69.915,446.88662524,1076.70270051,2,0,0.0,0.0,0.0
2331,69.945,446.9476893,1076.84155991,2,0,0.0,0.0,0.0
2332,69.975,447.01081526,1076.98032365,2,0,0.0,0.0,0.0
2333,70.005,447.07693261,1077.11903985,2,0,0.0,0.0,0.0
2334,70.035,447.14604917,1077.25776239,2,0,0.0,0.0,0.0
2335,70.065,447.21825442,1077.39650993,2,0,0.0,0.0,0.0
2336,70.095,447.29361571,1077.53524829,2,0,0.0,0.0,0.0
2337,70.125,447.37199874,1077.67400835,2,0,0.0,0.0,0.0
2338,70.155,447.45232493,1077.81283731,2,0,0.0,0.0,0.0
2339,70.185,447.53444331,1077.9516767,2,0,0.0,0.0,0.0
2340,70.215,447.61803975,1078.09052175,2,0,0.0,0.0,0.0
2341,70.245,447.7023685,1078.22936167,2,0,0.0,0.0,0.0
2342,70.275,447.78586505,1078.3680423,2,0,0.0,0.0,0.0
2343,70.305,447.86820087,1078.50678368,2,0,0.0,0.0,0.0
2344,70.335,447.94911906,1078.64557701,2,0,0.0,0.0,0.0
2345,70.365,448.02807351,1078.78429213,2,0,0.0,0.0,0.0
2346,70.395,448.10491379,1078.92300725,2,0,0.0,0.0,0.0
2347,70.425,448.17959262,1079.06168553,2,0,0.0,0.0,0.0
2348,70.455,448.25195439,1079.20034487,2,0,0.0,0.0,0.0
2349,70.485,448.32199202,1079.33900623,2,0,0.0,0.0,0.0
2350,70.515,448.39020456,1079.47768328,2,0,0.0,0.0,0.0
2351,70.545,448.45695245,1079.61632264,2,0,0.0,0.0,0.0
2352,70.575,448.52226562,1079.75496066,2,0,0.0,0.0,0.0
2353,70.605,448.58612801,1079.89359892,2,0,0.0,0.0,0.0
2354,70.635,448.6485355,1080.03223718,2,0,0.0,0.0,0.0
2355,70.665,448.70948824,1080.1708755,2,0,0.0,0.0,0.0
2356,70.695,448.76898737,1080.3095139,2,0,0.0,0.0,0.0
2357,70.725,448.82703316,1080.44815231,2,0,0.0,0.0,0.0
2358,70.755,448.8836294,1080.58677773,2,0,0.0,0.0,0.0
2359,70.785,448.9388103,1080.72538471,2,0,0.0,0.0,0.0
2360,70.815,448.99269495,1080.86400164,2,0,0.0,0.0,0.0
2361,70.845,449.04566644,1081.00257245,2,0,0.0,0.0,0.0
2362,70.875,449.09765678,1081.14115495,2,0,0.0,0.0,0.0
2363,70.905,449.14862243,1081.27975415,2,0,0.0,0.0,0.0
2364,70.935,449.19865808,1081.41838742,2,0,0.0,0.0,0.0
2365,70.965,449.24778546,1081.5570207,2,0,0.0,0.0,0.0
2366,70.995,449.29601565,1081.69563336,2,0,0.0,0.0,0.0
2367,71.025,449.3433703,1081.83424088,2,0,0.0,0.0,0.0
2368,71.055,449.38985655,1081.97284858,2,0,0.0,0.0,0.0
2369,71.085,449.43546611,1082.11145754,2,0,0.0,0.0,0.0
2370,71.115,449.48008747,1082.25004813,2,0,0.0,0.0,0.0
2371,71.145,449.52361153,1082.38862919,2,0,0.0,0.0,0.0
2372,71.175,449.56619922,1082.52717794,2,0,0.0,0.0,0.0
2373,71.205,449.60793378,1082.6657241,2,0,0.0,0.0,0.0
2374,71.235,449.64887611,1082.80426345,2,0,0.0,0.0,0.0
2375,71.265,449.68930379,1082.94281225,2,0,0.0,0.0,0.0
2376,71.295,449.72927195,1083.08136028,2,0,0.0,0.0,0.0
2377,71.325,449.76878253,1083.21990835,2,0,0.0,0.0,0.0
2378,71.355,449.80743796,1083.35846017,2,0,0.0,0.0,0.0
2379,71.385,449.84035189,1083.49698946,2,0,0.0,0.0,0.0
2380,71.415,449.87089929,1083.63538166,2,0,0.0,0.0,0.0
2381,71.445,449.90144032,1083.77374148,2,0,0.0,0.0,0.0
2382,71.475,449.93203694,1083.91213914,2,0,0.0,0.0,0.0
2383,71.505,449.96247691,1084.05064657,2,0,0.0,0.0,0.0
2384,71.535,449.99200668,1084.1891711,2,0,0.0,0.0,0.0
2385,71.565,450.02001277,1084.3277492,2,0,0.0,0.0,0.0
2386,71.595,450.04571338,1084.46642617,2,0,0.0,0.0,0.0
2387,71.625,450.06978662,1084.605071,2,0,0.0,0.0,0.0
2388,71.655,450.0925739,1084.74369231,2,0,0.0,0.0,0.0
2389,71.685,450.11399232,1084.88229791,2,0,0.0,0.0,0.0
2390,71.715,450.13400535,1085.02087128,2,0,0.0,0.0,0.0
2391,71.745,450.15269666,1085.1594421,2,0,0.0,0.0,0.0
2392,71.775,450.17021994,1085.2979853,2,0,0.0,0.0,0.0
2393,71.805,450.18688023,1085.43644695,2,0,0.0,0.0,0.0
2394,71.835,450.20311315,1085.57483573,2,0,0.0,0.0,0.0
2395,71.865,450.21924085,1085.71329936,2,0,0.0,0.0,0.0
2396,71.895,450.23523852,1085.85170999,2,0,0.0,0.0,0.0
2397,71.925,450.25103611,1085.99006419,2,0,0.0,0.0,0.0
2398,71.955,450.26669747,1086.12843718,2,0,0.0,0.0,0.0
2399,71.985,450.28346962,1086.26690504,2,0,0.0,0.0,0.0
2400,72.015,450.30190477,1086.40538755,2,0,0.0,0.0,0.0
2401,72.045,450.3221093,1086.54387093,2,0,0.0,0.0,0.0
2402,72.075,450.34469655,1086.68235158,2,0,0.0,0.0,0.0
2403,72.105,450.3698511,1086.82082535,2,0,0.0,0.0,0.0
2404,72.135,450.39759754,1086.95929551,2,0,0.0,0.0,0.0
2405,72.165,450.42794166,1087.09778065,2,0,0.0,0.0,0.0
2406,72.195,450.46083213,1087.23630602,2,0,0.0,0.0,0.0
2407,72.225,450.49626396,1087.3748239,2,0,0.0,0.0,0.0
2408,72.255,450.53422956,1087.51334223,2,0,0.0,0.0,0.0
2409,72.285,450.57479169,1087.6519076,2,0,0.0,0.0,0.0
2410,72.315,450.61796829,1087.79046527,2,0,0.0,0.0,0.0
2411,72.345,450.66377052,1087.92896572,2,0,0.0,0.0,0.0
2412,72.375,450.71222873,1088.06735777,2,0,0.0,0.0,0.0
2413,72.405,450.76283368,1088.20572348,2,0,0.0,0.0,0.0
2414,72.435,450.81570662,1088.34410076,2,0,0.0,0.0,0.0
2415,72.465,450.87098518,1088.4824782,2,0,0.0,0.0,0.0
2416,72.495,450.92867431,1088.62085614,2,0,0.0,0.0,0.0
2417,72.525,450.98878501,1088.75924884,2,0,0.0,0.0,0.0
2418,72.555,451.05129972,1088.89765374,2,0,0.0,0.0,0.0
2419,72.585,451.11617531,1089.03605841,2,0,0.0,0.0,0.0
2420,72.615,451.18341332,1089.17443142,2,0,0.0,0.0,0.0
2421,72.645,451.25301913,1089.31277364,2,0,0.0,0.0,0.0
2422,72.675,451.32500166,1089.45111586,2,0,0.0,0.0,0.0
2423,72.705,451.39936194,1089.58945717,2,0,0.0,0.0,0.0
2424,72.735,451.47609234,1089.72780036,2,0,0.0,0.0,0.0
2425,72.765,451.55517484,1089.86617507,2,0,0.0,0.0,0.0
2426,72.795,451.63683878,1090.00454857,2,0,0.0,0.0,0.0
2427,72.825,451.72144209,1090.14288743,2,0,0.0,0.0,0.0
2428,72.855,451.80902601,1090.2812311,2,0,0.0,0.0,0.0
2429,72.885,451.89964173,1090.41964865,2,0,0.0,0.0,0.0
2430,72.915,451.9933494,1090.55806619,2,0,0.0,0.0,0.0
2431,72.945,452.09014519,1090.69646937,2,0,0.0,0.0,0.0
2432,72.975,452.19001839,1090.83486544,2,0,0.0,0.0,0.0
2433,73.005,452.29292266,1090.97328229,2,0,0.0,0.0,0.0
2434,73.035,452.39832936,1091.11173977,2,0,0.0,0.0,0.0
2435,73.065,452.50532912,1091.25028718,2,0,0.0,0.0,0.0
2436,73.095,452.61231611,1091.38887703,2,0,0.0,0.0,0.0
2437,73.125,452.71912035,1091.5274503,2,0,0.0,0.0,0.0
2438,73.155,452.8257327,1091.66602141,2,0,0.0,0.0,0.0
2439,73.185,452.93228372,1091.80469181,2,0,0.0,0.0,0.0
2440,73.215,453.03903007,1091.94339271,2,0,0.0,0.0,0.0
2441,73.245,453.14604418,1092.08208848,2,0,0.0,0.0,0.0
2442,73.275,453.25326715,1092.22073185,2,0,0.0,0.0,0.0
2443,73.305,453.36029137,1092.35930249,2,0,0.0,0.0,0.0
2444,73.335,453.46708653,1092.49795878,2,0,0.0,0.0,0.0
2445,73.365,453.57370192,1092.63661542,2,0,0.0,0.0,0.0
2446,73.395,453.68010482,1092.77523281,2,0,0.0,0.0,0.0
2447,73.425,453.78622871,1092.91390503,2,0,0.0,0.0,0.0
2448,73.455,453.89211691,1093.05259452,2,0,0.0,0.0,0.0
2449,73.485,453.99777086,1093.19128401,2,0,0.0,0.0,0.0
2450,73.515,454.10319054,1093.32997351,2,0,0.0,0.0,0.0
2451,73.545,454.20837785,1093.46879893,2,0,0.0,0.0,0.0
2452,73.575,454.31283056,1093.60771797,2,0,0.0,0.0,0.0
2453,73.605,454.41623035,1093.746637,2,0,0.0,0.0,0.0
2454,73.635,454.51857722,1093.88555603,2,0,0.0,0.0,0.0
2455,73.665,454.61987118,1094.02447506,2,0,0.0,0.0,0.0
2456,73.695,454.72011223,1094.16339409,2,0,0.0,0.0,0.0
2457,73.725,454.81930219,1094.30231316,2,0,0.0,0.0,0.0
2458,73.755,454.917461,1094.44123271,2,0,0.0,0.0,0.0
2459,73.785,455.01459778,1094.58013523,2,0,0.0,0.0,0.0
2460,73.815,455.11066526,1094.71903143,2,0,0.0,0.0,0.0
2461,73.845,455.20568602,1094.85796772,2,0,0.0,0.0,0.0
2462,73.875,455.29966965,1094.9969862,2,0,0.0,0.0,0.0
2463,73.905,455.39256043,1095.13611876,2,0,0.0,0.0,0.0
2464,73.935,455.4842368,1095.27529781,2,0,0.0,0.0,0.0
2465,73.965,455.5744564,1095.41452398,2,0,0.0,0.0,0.0
2466,73.995,455.66312573,1095.5537524,2,0,0.0,0.0,0.0
2467,74.025,455.75021299,1095.6929832,2,0,0.0,0.0,0.0
2468,74.055,455.83573945,1095.83221652,2,0,0.0,0.0,0.0
2469,74.085,455.91972027,1095.97144957,2,0,0.0,0.0,0.0
2470,74.115,456.00245121,1096.1106944,2,0,0.0,0.0,0.0
2471,74.145,456.08428592,1096.25002087,2,0,0.0,0.0,0.0
2472,74.175,456.16616153,1096.38943088,2,0,0.0,0.0,0.0
2473,74.205,456.24821377,1096.52884142,2,0,0.0,0.0,0.0
2474,74.235,456.33049628,1096.66824837,2,0,0.0,0.0,0.0
2475,74.265,456.41302747,1096.80765532,2,0,0.0,0.0,0.0
2476,74.295,456.4958333,1096.9470804,2,0,0.0,0.0,0.0
2477,74.325,456.57903369,1097.08651957,2,0,0.0,0.0,0.0
2478,74.355,456.66266564,1097.22597242,2,0,0.0,0.0,0.0
2479,74.385,456.74685115,1097.36544004,2,0,0.0,0.0,0.0
2480,74.415,456.83161745,1097.5049027,2,0,0.0,0.0,0.0
2481,74.445,456.91696407,1097.64436209,2,0,0.0,0.0,0.0
2482,74.475,457.00288643,1097.78381171,2,0,0.0,0.0,0.0
2483,74.505,457.08936221,1097.92325636,2,0,0.0,0.0,0.0
2484,74.535,457.17656241,1098.0626944,2,0,0.0,0.0,0.0
2485,74.565,457.26458103,1098.20212466,2,0,0.0,0.0,0.0
2486,74.595,457.35339135,1098.34154971,2,0,0.0,0.0,0.0
2487,74.625,457.44295448,1098.48096424,2,0,0.0,0.0,0.0
2488,74.655,457.53323172,1098.62037675,2,0,0.0,0.0,0.0
2489,74.685,457.62395003,1098.75981066,2,0,0.0,0.0,0.0
2490,74.715,457.7149479,1098.89924305,2,0,0.0,0.0,0.0
2491,74.745,457.8061994,1099.03868188,2,0,0.0,0.0,0.0
2492,74.775,457.89754288,1099.17814787,2,0,0.0,0.0,0.0
2493,74.805,457.98889124,1099.31761718,2,0,0.0,0.0,0.0
2494,74.835,458.08014814,1099.45709881,2,0,0.0,0.0,0.0
2495,74.865,458.17127093,1099.59658006,2,0,0.0,0.0,0.0
2496,74.895,458.26224703,1099.73609193,2,0,0.0,0.0,0.0
2497,74.925,458.35307994,1099.87564732,2,0,0.0,0.0,0.0
2498,74.955,458.44381059,1100.01518988,2,0,0.0,0.0,0.0
2499,74.985,458.53461855,1100.15472999,2,0,0.0,0.0,0.0
2500,75.015,458.62566734,1100.29426979,2,0,0.0,0.0,0.0
2501,75.045,458.71692671,1100.43380959,2,0,0.0,0.0,0.0
2502,75.075,458.80839562,1100.57334928,2,0,0.0,0.0,0.0
2503,75.105,458.90007806,1100.71289226,2,0,0.0,0.0,0.0
2504,75.135,458.98953045,1100.85240898,2,0,0.0,0.0,0.0
2505,75.165,459.07729016,1100.9919551,2,0,0.0,0.0,0.0
2506,75.195,459.16636695,1101.13150123,2,0,0.0,0.0,0.0
2507,75.225,459.25616951,1101.27107097,2,0,0.0,0.0,0.0
2508,75.255,459.34421237,1101.4106543,2,0,0.0,0.0,0.0
2509,75.285,459.43021291,1101.55023763,2,0,0.0,0.0,0.0
2510,75.315,459.51418476,1101.68982348,2,0,0.0,0.0,0.0
2511,75.345,459.59619665,1101.82940519,2,0,0.0,0.0,0.0
2512,75.375,459.67642955,1101.96894727,2,0,0.0,0.0,0.0
2513,75.405,459.75527616,1102.10837516,2,0,0.0,0.0,0.0
2514,75.435,459.83297637,1102.24779783,2,0,0.0,0.0,0.0
2515,75.465,459.90972941,1102.38720278,2,0,0.0,0.0,0.0
2516,75.495,459.98897876,1102.52650917,2,0,0.0,0.0,0.0
2517,75.525,460.07216038,1102.66580493,2,0,0.0,0.0,0.0
2518,75.555,460.15881815,1102.8051001,2,0,0.0,0.0,0.0
2519,75.585,460.24848849,1102.94434739,2,0,0.0,0.0,0.0
2520,75.615,460.33920653,1103.08356781,2,0,0.0,0.0,0.0
2521,75.645,460.43070099,1103.22278824,2,0,0.0,0.0,0.0
2522,75.675,460.52317101,1103.36212226,2,0,0.0,0.0,0.0
2523,75.705,460.61751899,1103.50143068,2,0,0.0,0.0,0.0
2524,75.735,460.7134546,1103.64053833,2,0,0.0,0.0,0.0
2525,75.765,460.81130981,1103.77958837,2,0,0.0,0.0,0.0
2526,75.795,460.91127992,1103.91876219,2,0,0.0,0.0,0.0
2527,75.825,461.01366345,1104.05787488,2,0,0.0,0.0,0.0
2528,75.855,461.11819426,1104.19697179,2,0,0.0,0.0,0.0
2529,75.885,461.22484692,1104.33603824,2,0,0.0,0.0,0.0
2530,75.915,461.33331516,1104.47499494,2,0,0.0,0.0,0.0
2531,75.945,461.44342606,1104.61394427,2,0,0.0,0.0,0.0
2532,75.975,461.55515509,1104.75287379,2,0,0.0,0.0,0.0
2533,76.005,461.66830861,1104.89175525,2,0,0.0,0.0,0.0
2534,76.035,461.78280442,1105.03063671,2,0,0.0,0.0,0.0
2535,76.065,461.89862767,1105.16950345,2,0,0.0,0.0,0.0
2536,76.095,462.01557587,1105.30825764,2,0,0.0,0.0,0.0
2537,76.125,462.13263835,1105.44693927,2,0,0.0,0.0,0.0
2538,76.155,462.2494334,1105.58566459,2,0,0.0,0.0,0.0
2539,76.185,462.36596959,1105.72438261,2,0,0.0,0.0,0.0
2540,76.215,462.48197864,1105.86314697,2,0,0.0,0.0,0.0
2541,76.245,462.5968421,1106.00192445,2,0,0.0,0.0,0.0
2542,76.275,462.71047651,1106.14069639,2,0,0.0,0.0,0.0
2543,76.305,462.82286935,1106.27946077,2,0,0.0,0.0,0.0
2544,76.335,462.93404166,1106.4182017,2,0,0.0,0.0,0.0
2545,76.365,463.04398321,1106.55693946,2,0,0.0,0.0,0.0
2546,76.395,463.15266112,1106.69566809,2,0,0.0,0.0,0.0
2547,76.425,463.26008066,1106.83440474,2,0,0.0,0.0,0.0
2548,76.455,463.36624832,1106.97314437,2,0,0.0,0.0,0.0
2549,76.485,463.47122688,1107.11189786,2,0,0.0,0.0,0.0
2550,76.515,463.57514933,1107.25062302,2,0,0.0,0.0,0.0
2551,76.545,463.67806459,1107.38933859,2,0,0.0,0.0,0.0
2552,76.575,463.77997562,1107.52805436,2,0,0.0,0.0,0.0
2553,76.605,463.88098327,1107.66684434,2,0,0.0,0.0,0.0
2554,76.635,463.98151287,1107.80567757,2,0,0.0,0.0,0.0
2555,76.665,464.08157745,1107.94441601,2,0,0.0,0.0,0.0
2556,76.695,464.18101585,1108.08317177,2,0,0.0,0.0,0.0
2557,76.725,464.27979109,1108.22187698,2,0,0.0,0.0,0.0
2558,76.755,464.37789534,1108.36057765,2,0,0.0,0.0,0.0
2559,76.785,464.47532699,1108.49927832,2,0,0.0,0.0,0.0
2560,76.815,464.57208602,1108.63797899,2,0,0.0,0.0,0.0
2561,76.845,464.66816723,1108.77669333,2,0,0.0,0.0,0.0
2562,76.875,464.76354999,1108.91541639,2,0,0.0,0.0,0.0
2563,76.905,464.85818644,1109.0541036,2,0,0.0,0.0,0.0
2564,76.935,464.95194178,1109.19274915,2,0,0.0,0.0,0.0
2565,76.965,465.04479703,1109.3313921,2,0,0.0,0.0,0.0
2566,76.995,465.13675212,1109.47003504,2,0,0.0,0.0,0.0
2567,77.025,465.22780375,1109.60868484,2,0,0.0,0.0,0.0
2568,77.055,465.31790933,1109.74734847,2,0,0.0,0.0,0.0
2569,77.085,465.40707595,1109.88602554,2,0,0.0,0.0,0.0
2570,77.115,465.4953194,1110.02470273,2,0,0.0,0.0,0.0
2571,77.145,465.58264814,1110.16337993,2,0,0.0,0.0,0.0
2572,77.175,465.66906259,1110.30201597,2,0,0.0,0.0,0.0
2573,77.205,465.75453808,1110.44064709,2,0,0.0,0.0,0.0
2574,77.235,465.83907365,1110.57926931,2,0,0.0,0.0,0.0
2575,77.265,465.92266897,1110.71789152,2,0,0.0,0.0,0.0
2576,77.295,466.00532404,1110.85651373,2,0,0.0,0.0,0.0
2577,77.325,466.08703334,1110.99514266,2,0,0.0,0.0,0.0
2578,77.355,466.16777578,1111.13376919,2,0,0.0,0.0,0.0
2579,77.385,466.24751446,1111.27241403,2,0,0.0,0.0,0.0
2580,77.415,466.32607517,1111.41108025,2,0,0.0,0.0,0.0
2581,77.445,466.40339902,1111.54969031,2,0,0.0,0.0,0.0
2582,77.475,466.47943669,1111.68829411,2,0,0.0,0.0,0.0
2583,77.505,466.55418682,1111.8268888,2,0,0.0,0.0,0.0
2584,77.535,466.62764598,1111.96547985,2,0,0.0,0.0,0.0
2585,77.565,466.69981318,1112.10406553,2,0,0.0,0.0,0.0
2586,77.595,466.77149683,1112.242712,2,0,0.0,0.0,0.0
2587,77.625,466.84357345,1112.38140913,2,0,0.0,0.0,0.0
2588,77.655,466.91606422,1112.52005086,2,0,0.0,0.0,0.0
2589,77.685,466.9889661,1112.65867816,2,0,0.0,0.0,0.0
2590,77.715,467.06230369,1112.79734609,2,0,0.0,0.0,0.0
2591,77.745,467.13622313,1112.9360387,2,0,0.0,0.0,0.0
2592,77.775,467.2108753,1113.0747012,2,0,0.0,0.0,0.0
2593,77.805,467.28626559,1113.21333062,2,0,0.0,0.0,0.0
2594,77.835,467.362413,1113.35198828,2,0,0.0,0.0,0.0
2595,77.865,467.43867067,1113.49063938,2,0,0.0,0.0,0.0
2596,77.895,467.51431369,1113.62928961,2,0,0.0,0.0,0.0
2597,77.925,467.58929192,1113.76789369,2,0,0.0,0.0,0.0
2598,77.955,467.66357159,1113.9064827,2,0,0.0,0.0,0.0
2599,77.985,467.73715832,1114.04503923,2,0,0.0,0.0,0.0
2600,78.015,467.80996016,1114.18349571,2,0,0.0,0.0,0.0
2601,78.045,467.88181583,1114.32194841,2,0,0.0,0.0,0.0
2602,78.075,467.95259305,1114.46035121,2,0,0.0,0.0,0.0
2603,78.105,468.02228464,1114.59877349,2,0,0.0,0.0,0.0
2604,78.135,468.09104025,1114.73722202,2,0,0.0,0.0,0.0
2605,78.165,468.15891323,1114.87567544,2,0,0.0,0.0,0.0
2606,78.195,468.22588267,1115.01413338,2,0,0.0,0.0,0.0
2607,78.225,468.29192568,1115.15259131,2,0,0.0,0.0,0.0
2608,78.255,468.3570389,1115.29104897,2,0,0.0,0.0,0.0
2609,78.285,468.42121898,1115.4295063,2,0,0.0,0.0,0.0
2610,78.315,468.48446578,1115.56796331,2,0,0.0,0.0,0.0
2611,78.345,468.54678973,1115.70653937,2,0,0.0,0.0,0.0
2612,78.375,468.60823532,1115.84511487,2,0,0.0,0.0,0.0
2613,78.405,468.66880297,1115.98368957,2,0,0.0,0.0,0.0
2614,78.435,468.72847575,1116.12226015,2,0,0.0,0.0,0.0
2615,78.465,468.78719553,1116.26082641,2,0,0.0,0.0,0.0
2616,78.495,468.84495502,1116.39941799,2,0,0.0,0.0,0.0
2617,78.525,468.90183838,1116.53805365,2,0,0.0,0.0,0.0
2618,78.555,468.95786019,1116.67668747,2,0,0.0,0.0,0.0
2619,78.585,469.01292548,1116.81527396,2,0,0.0,0.0,0.0
2620,78.615,469.06694695,1116.95393216,2,0,0.0,0.0,0.0
2621,78.645,469.1199609,1117.09259022,2,0,0.0,0.0,0.0
2622,78.675,469.17199471,1117.23125493,2,0,0.0,0.0,0.0
2623,78.705,469.2230723,1117.36990235,2,0,0.0,0.0,0.0
2624,78.735,469.27534382,1117.50858254,2,0,0.0,0.0,0.0
2625,78.765,469.33237433,1117.64726779,2,0,0.0,0.0,0.0
2626,78.795,469.39421861,1117.78595304,2,0,0.0,0.0,0.0
2627,78.825,469.46085384,1117.92465402,2,0,0.0,0.0,0.0
2628,78.855,469.5314304,1118.06350426,2,0,0.0,0.0,0.0
2629,78.885,469.60290103,1118.20244421,2,0,0.0,0.0,0.0
2630,78.915,469.67495323,1118.34138415,2,0,0.0,0.0,0.0
2631,78.945,469.74761643,1118.48024704,2,0,0.0,0.0,0.0
2632,78.975,469.82140559,1118.61891526,2,0,0.0,0.0,0.0
2633,79.005,469.89650863,1118.75758348,2,0,0.0,0.0,0.0
2634,79.035,469.97292549,1118.89625,2,0,0.0,0.0,0.0
2635,79.065,470.05055897,1119.03493586,2,0,0.0,0.0,0.0
2636,79.095,470.1287778,1119.17367571,2,0,0.0,0.0,0.0
2637,79.125,470.20757925,1119.31239304,2,0,0.0,0.0,0.0
2638,79.155,470.28741419,1119.45109766,2,0,0.0,0.0,0.0
2639,79.185,470.36832281,1119.58980227,2,0,0.0,0.0,0.0
2640,79.215,470.45030509,1119.72850688,2,0,0.0,0.0,0.0
2641,79.245,470.53336105,1119.86721149,2,0,0.0,0.0,0.0
2642,79.275,470.61749069,1120.0059161,2,0,0.0,0.0,0.0
2643,79.305,470.70236886,1120.14471859,2,0,0.0,0.0,0.0
2644,79.335,470.78665099,1120.28350931,2,0,0.0,0.0,0.0
2645,79.365,470.87019926,1120.42228449,2,0,0.0,0.0,0.0
2646,79.395,470.95290355,1120.5610194,2,0,0.0,0.0,0.0
2647,79.425,471.03477991,1120.69984014,2,0,0.0,0.0,0.0
2648,79.455,471.11689046,1120.83874433,2,0,0.0,0.0,0.0
2649,79.485,471.1989372,1120.97745463,2,0,0.0,0.0,0.0
2650,79.515,471.28019324,1121.11612136,2,0,0.0,0.0,0.0
2651,79.545,471.36055253,1121.25478734,2,0,0.0,0.0,0.0
2652,79.575,471.43997007,1121.39360985,2,0,0.0,0.0,0.0
2653,79.605,471.51794012,1121.53262014,2,0,0.0,0.0,0.0
2654,79.635,471.59436761,1121.67163202,2,0,0.0,0.0,0.0
2655,79.665,471.66927679,1121.81064911,2,0,0.0,0.0,0.0
2656,79.695,471.74267384,1121.94969212,2,0,0.0,0.0,0.0
2657,79.725,471.81444366,1122.08880069,2,0,0.0,0.0,0.0
2658,79.755,471.88516907,1122.2279326,2,0,0.0,0.0,0.0
2659,79.785,471.95588163,1122.36710758,2,0,0.0,0.0,0.0
2660,79.815,472.02686739,1122.50629718,2,0,0.0,0.0,0.0
2661,79.845,472.09769275,1122.64553076,2,0,0.0,0.0,0.0
2662,79.875,472.16608495,1122.78483614,2,0,0.0,0.0,0.0
2663,79.905,472.23171643,1122.92414152,2,0,0.0,0.0,0.0
2664,79.935,472.29457915,1123.0634506,2,0,0.0,0.0,0.0
2665,79.965,472.35467564,1123.20278769,2,0,0.0,0.0,0.0
2666,79.995,472.41197334,1123.34213282,2,0,0.0,0.0,0.0
2667,80.025,472.46672596,1123.48150733,2,0,0.0,0.0,0.0
2668,80.055,472.52137415,1123.62091448,2,0,0.0,0.0,0.0
2669,80.085,472.57660652,1123.76032163,2,0,0.0,0.0,0.0
2670,80.115,472.63242763,1123.89973062,2,0,0.0,0.0,0.0
2671,80.145,472.68884612,1124.03914145,2,0,0.0,0.0,0.0
2672,80.175,472.74576884,1124.17854324,2,0,0.0,0.0,0.0
2673,80.205,472.80319314,1124.3179362,2,0,0.0,0.0,0.0
2674,80.235,472.86113023,1124.45732444,2,0,0.0,0.0,0.0
2675,80.265,472.92011607,1124.59673437,2,0,0.0,0.0,0.0
2676,80.295,472.9808534,1124.73612671,2,0,0.0,0.0,0.0
2677,80.325,473.04353288,1124.8756426,2,0,0.0,0.0,0.0
2678,80.355,473.10857811,1125.01512054,2,0,0.0,0.0,0.0
2679,80.385,473.17608715,1125.15459773,2,0,0.0,0.0,0.0
2680,80.415,473.24601256,1125.29398979,2,0,0.0,0.0,0.0
2681,80.445,473.31867945,1125.4334079,2,0,0.0,0.0,0.0
2682,80.475,473.39403263,1125.57283933,2,0,0.0,0.0,0.0
2683,80.505,473.47072906,1125.71230405,2,0,0.0,0.0,0.0
2684,80.535,473.54836551,1125.85176098,2,0,0.0,0.0,0.0
2685,80.565,473.6269773,1125.99120581,2,0,0.0,0.0,0.0
2686,80.595,473.70656424,1126.130636,2,0,0.0,0.0,0.0
2687,80.625,473.78662726,1126.2699856,2,0,0.0,0.0,0.0
2688,80.655,473.86702452,1126.40935022,2,0,0.0,0.0,0.0
2689,80.685,473.9479785,1126.54871647,2,0,0.0,0.0,0.0
2690,80.715,474.02964334,1126.68805873,2,0,0.0,0.0,0.0
2691,80.745,474.11210439,1126.82739531,2,0,0.0,0.0,0.0
2692,80.775,474.1953736,1126.96671863,2,0,0.0,0.0,0.0
2693,80.805,474.27956511,1127.10601908,2,0,0.0,0.0,0.0
2694,80.835,474.36487302,1127.24530657,2,0,0.0,0.0,0.0
2695,80.865,474.45161734,1127.38461155,2,0,0.0,0.0,0.0
2696,80.895,474.53969916,1127.5239677,2,0,0.0,0.0,0.0
2697,80.925,474.62874836,1127.66337654,2,0,0.0,0.0,0.0
2698,80.955,474.71851303,1127.80279323,2,0,0.0,0.0,0.0
2699,80.985,474.80719058,1127.94223605,2,0,0.0,0.0,0.0
2700,81.015,474.89326987,1128.08164965,2,0,0.0,0.0,0.0
2701,81.045,474.97926641,1128.22107386,2,0,0.0,0.0,0.0
2702,81.075,475.06428007,1128.36054426,2,0,0.0,0.0,0.0
2703,81.105,475.14784018,1128.49999977,2,0,0.0,0.0,0.0
2704,81.135,475.22991862,1128.63945017,2,0,0.0,0.0,0.0
2705,81.165,475.3102819,1128.77894753,2,0,0.0,0.0,0.0
2706,81.195,475.3887696,1128.918508,2,0,0.0,0.0,0.0
2707,81.225,475.46562969,1129.05806618,2,0,0.0,0.0,0.0
2708,81.255,475.540779,1129.19761088,2,0,0.0,0.0,0.0
2709,81.285,475.61410541,1129.33714423,2,0,0.0,0.0,0.0
2710,81.315,475.68562799,1129.4766446,2,0,0.0,0.0,0.0
2711,81.345,475.75606208,1129.61620499,2,0,0.0,0.0,0.0
2712,81.375,475.8270645,1129.75577467,2,0,0.0,0.0,0.0
2713,81.405,475.89844029,1129.89538253,2,0,0.0,0.0,0.0
2714,81.435,475.96985728,1130.03497124,2,0,0.0,0.0,0.0
2715,81.465,476.04102244,1130.17454875,2,0,0.0,0.0,0.0
2716,81.495,476.11107574,1130.31422325,2,0,0.0,0.0,0.0
2717,81.525,476.17999326,1130.45391711,2,0,0.0,0.0,0.0
2718,81.555,476.2486564,1130.59360298,2,0,0.0,0.0,0.0
2719,81.585,476.31707974,1130.73324051,2,0,0.0,0.0,0.0
2720,81.615,476.38479824,1130.87289388,2,0,0.0,0.0,0.0
2721,81.645,476.44981799,1131.01260648,2,0,0.0,0.0,0.0
2722,81.675,476.51313964,1131.15222601,2,0,0.0,0.0,0.0
2723,81.705,476.57492853,1131.29184049,2,0,0.0,0.0,0.0
2724,81.735,476.6352157,1131.43145788,2,0,0.0,0.0,0.0
2725,81.765,476.69403827,1131.57102343,2,0,0.0,0.0,0.0
2726,81.795,476.75146511,1131.71057411,2,0,0.0,0.0,0.0
2727,81.825,476.80755842,1131.85014079,2,0,0.0,0.0,0.0
2728,81.855,476.86262199,1131.98962974,2,0,0.0,0.0,0.0
2729,81.885,476.91766821,1132.1290644,2,0,0.0,0.0,0.0
2730,81.915,476.97280336,1132.26849831,2,0,0.0,0.0,0.0
2731,81.945,477.02802535,1132.40794069,2,0,0.0,0.0,0.0
2732,81.975,477.08328653,1132.54741085,2,0,0.0,0.0,0.0
2733,82.005,477.13857002,1132.68684659,2,0,0.0,0.0,0.0
2734,82.035,477.19395627,1132.82628489,2,0,0.0,0.0,0.0
2735,82.065,477.24938791,1132.96574334,2,0,0.0,0.0,0.0
2736,82.095,477.30488678,1133.10519993,2,0,0.0,0.0,0.0
2737,82.125,477.36046656,1133.24464492,2,0,0.0,0.0,0.0
2738,82.155,477.41619048,1133.38408667,2,0,0.0,0.0,0.0
2739,82.185,477.47210014,1133.52352483,2,0,0.0,0.0,0.0
2740,82.215,477.52834663,1133.66305723,2,0,0.0,0.0,0.0
2741,82.245,477.58505883,1133.80259327,2,0,0.0,0.0,0.0
2742,82.275,477.64222174,1133.94212949,2,0,0.0,0.0,0.0
2743,82.305,477.69986406,1134.08169975,2,0,0.0,0.0,0.0
2744,82.335,477.75809321,1134.22127477,2,0,0.0,0.0,0.0
2745,82.365,477.81691587,1134.36084979,2,0,0.0,0.0,0.0
2746,82.395,477.87633199,1134.50042257,2,0,0.0,0.0,0.0
2747,82.425,477.93605018,1134.63982668,2,0,0.0,0.0,0.0
2748,82.455,477.99580159,1134.77922737,2,0,0.0,0.0,0.0
2749,82.485,478.05622253,1134.91871058,2,0,0.0,0.0,0.0
2750,82.515,478.11778854,1135.05823742,2,0,0.0,0.0,0.0
2751,82.545,478.18058912,1135.19780991,2,0,0.0,0.0,0.0
2752,82.575,478.24428177,1135.33741508,2,0,0.0,0.0,0.0
2753,82.605,478.30839981,1135.47701765,2,0,0.0,0.0,0.0
2754,82.635,478.37288359,1135.61661954,2,0,0.0,0.0,0.0
2755,82.665,478.43773211,1135.75622143,2,0,0.0,0.0,0.0
2756,82.695,478.50287717,1135.89581942,2,0,0.0,0.0,0.0
2757,82.725,478.56806701,1136.03541511,2,0,0.0,0.0,0.0
2758,82.755,478.63326623,1136.17500674,2,0,0.0,0.0,0.0
2759,82.785,478.69846001,1136.31459679,2,0,0.0,0.0,0.0
2760,82.815,478.76364823,1136.45418661,2,0,0.0,0.0,0.0
2761,82.845,478.8286396,1136.59377079,2,0,0.0,0.0,0.0
2762,82.875,478.89276971,1136.73335924,2,0,0.0,0.0,0.0
2763,82.905,478.95595101,1136.87296277,2,0,0.0,0.0,0.0
2764,82.935,479.01879236,1137.01259658,2,0,0.0,0.0,0.0
2765,82.965,479.08180477,1137.15222118,2,0,0.0,0.0,0.0
2766,82.995,479.14499297,1137.29180403,2,0,0.0,0.0,0.0
2767,83.025,479.20793061,1137.43129896,2,0,0.0,0.0,0.0
2768,83.055,479.27052679,1137.57076924,2,0,0.0,0.0,0.0
2769,83.085,479.33291071,1137.71023582,2,0,0.0,0.0,0.0
2770,83.115,479.39507194,1137.84968366,2,0,0.0,0.0,0.0
2771,83.145,479.45716245,1137.98909248,2,0,0.0,0.0,0.0
2772,83.175,479.51911708,1138.12856879,2,0,0.0,0.0,0.0
2773,83.205,479.58088235,1138.2680435,2,0,0.0,0.0,0.0
2774,83.235,479.64279034,1138.4075693,2,0,0.0,0.0,0.0
2775,83.265,479.70463582,1138.54711255,2,0,0.0,0.0,0.0
2776,83.295,479.76644268,1138.68663633,2,0,0.0,0.0,0.0
2777,83.325,479.82824862,1138.82615783,2,0,0.0,0.0,0.0
2778,83.355,479.89005467,1138.96567577,2,0,0.0,0.0,0.0
2779,83.385,479.95177304,1139.10522146,2,0,0.0,0.0,0.0
2780,83.415,480.01327882,1139.24476944,2,0,0.0,0.0,0.0
2781,83.445,480.07400735,1139.38429994,2,0,0.0,0.0,0.0
2782,83.475,480.1335411,1139.52381342,2,0,0.0,0.0,0.0
2783,83.505,480.19212736,1139.66333782,2,0,0.0,0.0,0.0
2784,83.535,480.25450233,1139.80296144,2,0,0.0,0.0,0.0
2785,83.565,480.32241315,1139.9426057,2,0,0.0,0.0,0.0
2786,83.595,480.39022008,1140.08224996,2,0,0.0,0.0,0.0
2787,83.625,480.4579231,1140.22189014,2,0,0.0,0.0,0.0
2788,83.655,480.52552216,1140.36152909,2,0,0.0,0.0,0.0
2789,83.685,480.59301728,1140.50116804,2,0,0.0,0.0,0.0
2790,83.715,480.6604277,1140.6407436,2,0,0.0,0.0,0.0
2791,83.745,480.72775774,1140.78031943,2,0,0.0,0.25,2.0
2792,83.775,480.79514802,1140.91994029,2,0,0.0,0.25,2.0
2793,83.805,480.86263673,1141.05956101,2,0,0.0,0.5,3.0
2794,83.835,480.93017335,1141.19919442,2,0,0.0,0.5,3.0
2795,83.865,480.99754247,1141.33884213,2,0,0.0,0.5,3.0
2796,83.895,481.06468459,1141.47853917,2,0,0.0,0.5,3.0
2797,83.925,481.13158871,1141.61827739,2,0,0.0,0.5,3.0
2798,83.955,481.19820325,1141.75801722,2,0,0.0,0.75,4.0
2799,83.985,481.26449216,1141.89776002,2,0,0.0,0.75,4.0
2800,84.015,481.33057813,1142.03749475,2,0,0.0,0.75,4.0
2801,84.045,481.39654212,1142.17722947,2,0,0.0,0.75,4.0
2802,84.075,481.46237548,1142.31696739,2,0,0.0,0.75,4.0
2803,84.105,481.52786034,1142.45671588,2,0,0.0,0.75,4.0
2804,84.135,481.592902,1142.59646517,2,0,0.0,0.75,4.0
2805,84.165,481.65746039,1142.73622192,2,0,0.0,0.75,4.0
2806,84.195,481.72133446,1142.87593371,2,0,0.0,0.75,4.0
2807,84.225,481.78443433,1143.01558784,2,0,0.0,0.75,4.0
2808,84.255,481.84675383,1143.15524291,2,0,0.0,0.75,4.0
2809,84.285,481.90828544,1143.29489797,2,0,0.0,1.0,6.0
2810,84.315,481.96905072,1143.43452046,2,0,0.0,1.0,6.0
2811,84.345,482.02919965,1143.57412657,2,0,0.0,1.0,6.0
2812,84.375,482.08883641,1143.7137326,2,0,0.0,1.0,6.0
2813,84.405,482.14796048,1143.85334462,2,0,0.0,1.25,7.0
2814,84.435,482.20706843,1143.99305206,2,0,0.0,1.5,7.0
2815,84.465,482.26651625,1144.1326471,2,0,0.0,1.5,7.0
2816,84.495,482.32533445,1144.27224214,2,0,0.0,1.5,7.0
2817,84.525,482.38346213,1144.41178716,2,0,0.0,1.5,7.0
2818,84.555,482.44036103,1144.55126012,2,0,0.0,1.5,7.0
2819,84.585,482.49589946,1144.69073457,2,0,0.0,1.75,7.0
2820,84.615,482.55004702,1144.83021046,2,0,0.0,1.75,7.0
2821,84.645,482.60279888,1144.96968635,2,0,0.0,2.0,9.0
2822,84.675,482.65415505,1145.10916224,2,0,0.0,2.0,9.0
2823,84.705,482.70374541,1145.24858477,2,0,0.0,2.0,9.0
2824,84.735,482.75139128,1145.3879129,2,0,0.0,2.0,9.0
2825,84.765,482.79797387,1145.52724103,2,0,0.0,2.0,9.0
2826,84.795,482.84352072,1145.66655677,2,0,0.0,2.0,9.0
2827,84.825,482.88839642,1145.8058549,2,0,0.0,2.0,9.0
2828,84.855,482.93292292,1145.94511137,2,0,0.0,2.0,9.0
2829,84.885,482.97717427,1146.08437425,2,0,0.0,2.0,9.0
2830,84.915,483.02090424,1146.22364838,2,0,0.0,2.0,9.0
2831,84.945,483.06385678,1146.36295748,2,0,0.0,2.0,9.0
2832,84.975,483.10566428,1146.50230293,2,0,0.0,2.0,9.0
2833,85.005,483.1469521,1146.64150869,2,0,0.0,2.0,9.0
2834,85.035,483.18797335,1146.78071659,2,0,0.0,2.25,10.0
2835,85.065,483.22835818,1146.91996941,2,0,0.0,2.5,10.0
2836,85.095,483.26658321,1147.05920976,2,0,0.0,2.5,10.0
2837,85.125,483.30258989,1147.19844581,2,0,0.0,2.5,10.0
2838,85.155,483.33673745,1147.33775908,2,0,0.0,2.5,10.0
2839,85.185,483.36935655,1147.47714284,2,0,0.0,2.75,10.0
2840,85.215,483.40062334,1147.61652374,2,0,0.0,2.75,10.0
2841,85.245,483.43066786,1147.75590036,2,0,0.0,2.75,10.0
2842,85.275,483.45947636,1147.89526507,2,0,0.0,2.75,10.0
2843,85.305,483.48691983,1148.03461022,2,0,0.0,2.75,10.0
2844,85.335,483.51280642,1148.17393529,2,0,0.0,2.75,10.0
2845,85.365,483.53714725,1148.31329139,2,0,0.0,2.75,10.0
2846,85.395,483.5606512,1148.45272279,2,0,0.0,2.75,10.0
2847,85.425,483.58354747,1148.5921396,2,0,0.0,2.75,10.0
2848,85.455,483.60587469,1148.73155016,2,0,0.0,2.75,10.0
2849,85.485,483.6270973,1148.87104344,2,0,0.0,2.75,10.0
2850,85.515,483.64699243,1149.01053611,2,0,0.0,2.75,10.0
2851,85.545,483.6657399,1149.14998528,2,0,0.0,2.75,10.0
2852,85.575,483.68355375,1149.28943268,2,0,0.0,2.75,10.0
2853,85.605,483.70049193,1149.42888234,2,0,0.0,2.75,10.0
2854,85.635,483.71648065,1149.56836179,2,0,0.0,2.75,10.0
2855,85.665,483.73146968,1149.70786516,2,0,0.0,2.75,10.0
2856,85.695,483.7448492,1149.84740767,2,0,0.0,3.0,11.0
2857,85.725,483.75635195,1149.98694337,2,0,0.0,3.25,11.0
2858,85.755,483.76595718,1150.12650914,2,0,0.0,3.25,11.0
2859,85.785,483.77340476,1150.26600553,2,0,0.0,3.25,11.0
2860,85.815,483.77823759,1150.40541963,2,0,0.0,3.5,11.0
2861,85.845,483.78063275,1150.54474723,2,0,0.0,3.5,11.0
2862,85.875,483.78123811,1150.68398627,2,0,0.0,3.75,12.0
2863,85.905,483.78001905,1150.82318642,2,0,0.0,3.75,12.0
2864,85.935,483.77692325,1150.96236335,2,0,0.0,3.75,12.0
2865,85.965,483.772256,1151.1016115,2,0,0.0,3.75,12.0
2866,85.995,483.76663692,1151.24088487,2,0,0.0,4.5,15.0
2867,86.025,483.76016281,1151.38015241,2,0,0.0,4.5,15.0
2868,86.055,483.75287626,1151.5194184,2,0,0.0,4.5,15.0
2869,86.085,483.74477758,1151.6586835,2,0,0.0,5.5,17.0
2870,86.115,483.73584539,1151.79795891,2,0,0.0,5.5,17.0
2871,86.145,483.72577071,1151.93728117,2,0,0.0,5.5,17.0
2872,86.175,483.71434621,1152.07658668,2,0,0.0,5.5,17.0
2873,86.205,483.70155616,1152.21586587,2,0,0.0,5.5,17.0
2874,86.235,483.68700343,1152.35509622,2,0,0.0,5.5,17.0
2875,86.265,483.6708921,1152.49431922,2,0,0.0,5.5,17.0
2876,86.295,483.6538493,1152.63352283,2,0,0.0,5.5,17.0
2877,86.325,483.63558625,1152.77270465,2,0,0.0,5.5,17.0
2878,86.355,483.61607971,1152.91198011,2,0,0.0,6.0,18.0
2879,86.385,483.59525303,1153.05130536,2,0,0.0,6.0,18.0
2880,86.415,483.57369384,1153.19070896,2,0,0.0,6.25,18.0
2881,86.445,483.55174308,1153.33013773,2,0,0.0,6.25,18.0
2882,86.475,483.52983144,1153.46963585,2,0,0.0,6.25,18.0
2883,86.505,483.50807192,1153.6091332,2,0,0.0,6.25,18.0
2884,86.535,483.4864647,1153.74863055,2,0,0.0,6.25,18.0
2885,86.565,483.46499744,1153.88810107,2,0,0.0,6.25,18.0
2886,86.595,483.44357039,1154.02753589,2,0,0.0,6.25,18.0
2887,86.625,483.42222214,1154.16699499,2,0,0.0,6.25,18.0
2888,86.655,483.4009973,1154.30643821,2,0,0.0,6.25,18.0
2889,86.685,483.37988986,1154.44588144,2,0,0.0,6.25,18.0
2890,86.715,483.35892095,1154.58531918,2,0,0.0,6.25,18.0
2891,86.745,483.33811752,1154.72475579,2,0,0.0,6.25,18.0
2892,86.775,483.31751981,1154.8641967,2,0,0.0,6.25,18.0
2893,86.805,483.29769155,1155.003648,2,0,0.0,6.25,18.0
2894,86.835,483.27884048,1155.1431136,2,0,0.0,6.25,18.0
2895,86.865,483.26128345,1155.28267679,2,0,0.0,6.25,18.0
2896,86.895,483.24514236,1155.42222814,2,0,0.0,6.25,18.0
2897,86.925,483.23045449,1155.56185347,2,0,0.0,6.25,18.0
2898,86.955,483.21741896,1155.7014716,2,0,0.0,6.25,18.0
2899,86.985,483.20615792,1155.8410744,2,0,0.0,6.75,19.0
2900,87.015,483.19654115,1155.98070779,2,0,0.0,6.75,19.0
2901,87.045,483.18816621,1156.12035551,2,0,0.0,6.75,19.0
2902,87.075,483.18115075,1156.25999301,2,0,0.0,6.75,19.0
2903,87.105,483.17551022,1156.39961778,2,0,0.0,7.0,19.0
2904,87.135,483.17124317,1156.53924255,2,0,0.0,7.0,19.0
2905,87.165,483.16834457,1156.67884351,2,0,0.0,7.0,19.0
2906,87.195,483.16657111,1156.81845512,2,0,0.0,7.0,19.0
2907,87.225,483.16546077,1156.95806035,2,0,0.0,7.0,19.0
2908,87.255,483.1651893,1157.09763278,2,0,0.0,7.0,19.0
2909,87.285,483.16553347,1157.2371578,2,0,0.0,7.0,19.0
2910,87.315,483.16685284,1157.37671524,2,0,0.0,7.0,19.0
2911,87.345,483.1694929,1157.51627915,2,0,0.0,7.0,19.0
2912,87.375,483.17368506,1157.65589867,2,0,0.0,7.0,19.0
2913,87.405,483.17959889,1157.79550214,2,0,0.0,7.0,19.0
2914,87.435,483.18725925,1157.93507962,2,0,0.0,7.25,19.0
2915,87.465,483.19668911,1158.07462497,2,0,0.0,7.25,19.0
2916,87.495,483.20787575,1158.21416082,2,0,0.0,7.5,19.0
2917,87.525,483.22158499,1158.35379967,2,0,0.0,7.5,19.0
2918,87.555,483.23975477,1158.49356556,2,0,0.0,7.5,19.0
2919,87.585,483.26378915,1158.6333291,2,0,0.0,7.5,19.0
2920,87.615,483.29172338,1158.77277443,2,0,0.0,7.5,19.0
2921,87.645,483.32196778,1158.9122002,2,0,0.0,8.0,20.0
2922,87.675,483.35388622,1159.05148461,2,0,0.0,8.25,20.0
2923,87.705,483.38698032,1159.19077028,2,0,0.0,8.25,20.0
2924,87.735,483.42145117,1159.33004812,2,0,0.0,8.25,20.0
2925,87.765,483.45742127,1159.46929339,2,0,0.0,8.25,20.0
2926,87.795,483.49492062,1159.60851011,2,0,0.0,8.25,20.0
2927,87.825,483.53416675,1159.74765316,2,0,0.0,8.25,20.0
2928,87.855,483.57521724,1159.88691256,2,0,0.0,8.25,20.0
2929,87.885,483.61774263,1160.02612667,2,0,0.0,8.25,20.0
2930,87.915,483.66212195,1160.16529558,2,0,0.0,8.25,20.0
2931,87.945,483.70842371,1160.30445906,2,0,0.0,8.25,20.0
2932,87.975,483.82870337,1160.58067939,2,0,0.01749306,8.25,20.0
2933,88.005,483.96438305,1160.89489978,2,0,0.03433521,8.25,20.0
2934,88.035,484.0985469,1161.20909253,2,0,0.03433521,8.25,20.0
2935,88.065,484.2312235,1161.52326317,2,0,0.03433521,7.5,19.0
2936,88.095,484.36247056,1161.83743143,2,0,0.03433521,7.5,19.0
2937,88.125,484.49365555,1162.1516828,2,0,0.03433521,7.5,19.0
2938,88.155,484.62562669,1162.46592445,2,0,0.03433521,7.5,19.0
2939,88.185,484.75887338,1162.78014817,2,0,0.03433521,7.5,19.0
2940,88.215,484.89355915,1163.09434444,2,0,0.03433521,7.5,19.0
2941,88.245,485.02961754,1163.40855331,2,0,0.03433521,7.5,19.0
2942,88.275,485.16701209,1163.72276195,2,0,0.03433521,7.5,19.0
2943,88.305,485.30534823,1164.03696993,2,0,0.03433521,6.75,18.0
2944,88.335,485.44431271,1164.3511768,2,0,0.03433521,6.75,18.0
2945,88.365,485.58388821,1164.66540614,2,0,0.03433521,6.75,18.0
2946,88.395,485.7237154,1164.97970446,2,0,0.03433521,6.75,18.0
2947,88.425,485.86363701,1165.29400308,2,0,0.03433521,6.75,18.0
2948,88.455,486.00327046,1165.60830644,2,0,0.03433521,6.75,18.0
2949,88.485,486.14248113,1165.92265583,2,0,0.03433521,6.75,18.0
2950,88.515,486.28102712,1166.23695441,2,0,0.03433521,6.75,18.0
2951,88.545,486.4185619,1166.55122656,2,0,0.03433521,6.0,17.0
2952,88.575,486.55491134,1166.8655216,2,0,0.03433521,6.0,17.0
2953,88.605,486.69006644,1167.17982485,2,0,0.03433521,6.0,17.0
2954,88.635,486.82401511,1167.49413558,2,0,0.03433521,6.0,17.0
2955,88.665,486.95668548,1167.8084909,2,0,0.03433521,6.0,17.0
2956,88.695,487.08803523,1168.1228462,2,0,0.03433521,6.0,17.0
2957,88.725,487.21806239,1168.43720112,2,0,0.03433521,6.0,17.0
2958,88.755,487.34674084,1168.75157782,2,0,0.03433521,5.25,16.0
2959,88.785,487.47389718,1169.06598142,2,0,0.03433521,5.25,16.0
2960,88.815,487.59950059,1169.38038472,2,0,0.03433521,5.25,16.0
2961,88.845,487.72434423,1169.69478562,2,0,0.03433521,5.25,16.0
2962,88.875,487.84898597,1170.00918652,2,0,0.03433521,5.25,16.0
2963,88.905,487.97342304,1170.3235796,2,0,0.03433521,5.25,16.0
2964,88.935,488.09763387,1170.63796289,2,0,0.03433521,5.25,16.0
2965,88.965,488.2216139,1170.95234618,2,0,0.03433521,5.25,16.0
2966,88.995,488.34538817,1171.26676127,2,0,0.03433521,4.5,15.0
2967,89.025,488.46907446,1171.58119301,2,0,0.03433521,4.5,15.0
2968,89.055,488.59267616,1171.89562525,2,0,0.03433521,4.5,15.0
2969,89.085,488.71625881,1172.2100578,2,0,0.03433521,4.5,15.0
2970,89.115,488.83982876,1172.52449034,2,0,0.03433521,4.5,15.0
2971,89.145,488.96336431,1172.838935,2,0,0.03433521,4.5,15.0
2972,89.175,489.08662939,1173.15347218,2,0,0.03433521,4.5,15.0
2973,89.205,489.20941888,1173.46800758,2,0,0.03433521,4.5,15.0
2974,89.235,489.33171229,1173.7825394,2,0,0.03433521,3.75,14.0
2975,89.265,489.45366155,1174.09705324,2,0,0.03433521,3.75,14.0
2976,89.295,489.57532867,1174.41147511,2,0,0.03433521,3.75,14.0
2977,89.325,489.6967455,1174.72594774,2,0,0.03433521,3.75,14.0
2978,89.355,489.81807534,1175.04044185,2,0,0.03433521,3.75,14.0
2979,89.385,489.9393337,1175.35493559,2,0,0.03433521,3.75,14.0
2980,89.415,490.06038014,1175.66937014,2,0,0.03433521,3.75,14.0
2981,89.445,490.18107751,1175.98380162,2,0,0.03433521,3.75,14.0
2982,89.475,490.29296977,1174.2874824,1,0,0.02030022,3.0,10.0
2983,89.505,490.32411972,1174.42776854,1,0,0.0,3.0,10.0
2984,89.535,490.35483871,1174.56803718,1,0,0.0,3.0,10.0
2985,89.565,490.38508253,1174.70830072,1,0,0.0,3.0,10.0
2986,89.595,490.41481417,1174.84858525,1,0,0.0,3.0,10.0
2987,89.625,490.44387862,1174.98887879,1,0,0.0,3.0,10.0
2988,89.655,490.47231662,1175.12920742,1,0,0.0,3.0,10.0
2989,89.685,490.50052076,1175.26964459,1,0,0.0,3.0,10.0
2990,89.715,490.5292176,1175.41013371,1,0,0.0,3.0,10.0
2991,89.745,490.55866611,1175.55062283,1,0,0.0,3.0,10.0
2992,89.775,490.58540415,1177.68789876,2,0,0.0,3.0,10.0
2993,89.805,490.60894374,1177.81000729,2,0,0.0,3.0,10.0
2994,89.835,490.63328673,1177.93210498,2,0,0.0,3.0,10.0
2995,89.865,490.65862086,1178.05423563,2,0,0.0,3.0,10.0
2996,89.895,490.68506214,1178.17637227,2,0,0.0,3.0,10.0
2997,89.925,490.71269965,1178.29845438,2,0,0.0,3.0,10.0
2998,89.955,490.74145159,1178.42055149,2,0,0.0,3.0,10.0
2999,89.985,490.77148176,1178.54265154,2,0,0.0,3.5,11.0
3000,90.015,490.80302462,1178.66469541,2,0,0.0,3.75,11.0
3001,90.045,490.83607355,1178.78672278,2,0,0.0,3.75,11.0
3002,90.075,490.87068614,1178.90880635,2,0,0.0,3.75,11.0
3003,90.105,490.90719818,1179.03093533,2,0,0.0,3.75,11.0
3004,90.135,490.94532808,1179.15297552,2,0,0.0,3.75,11.0
3005,90.165,490.98451006,1179.27499916,2,0,0.0,3.75,11.0
3006,90.195,491.02476983,1179.39702584,2,0,0.0,3.75,11.0
3007,90.225,491.06611371,1179.51905251,2,0,0.0,3.75,11.0
3008,90.255,491.10854825,1179.64105179,2,0,0.0,3.75,11.0
3009,90.285,491.15203909,1179.76306178,2,0,0.0,3.75,11.0
3010,90.315,491.19646765,1179.88504985,2,0,0.0,3.75,11.0
3011,90.345,491.24180942,1180.00703792,2,0,0.0,3.75,11.0
3012,90.375,491.28801505,1180.12899645,2,0,0.0,3.75,11.0
3013,90.405,491.33462298,1180.25088483,2,0,0.0,3.75,11.0
3014,90.435,491.38143928,1180.37275107,2,0,0.0,3.75,11.0
3015,90.465,491.42843198,1180.49460933,2,0,0.0,3.75,11.0
3016,90.495,491.47552704,1180.61642365,2,0,0.0,3.75,11.0
3017,90.525,491.52267636,1180.738226,2,0,0.0,3.75,11.0
3018,90.555,491.57010553,1180.85999044,2,0,0.0,3.75,11.0
3019,90.585,491.61831842,1180.98162909,2,0,0.0,3.75,11.0
3020,90.615,491.66714226,1181.10327783,2,0,0.0,4.5,12.0
3021,90.645,491.71653816,1181.22485506,2,0,0.0,4.5,12.0
3022,90.675,491.76662928,1181.34638801,2,0,0.0,4.5,12.0
3023,90.705,491.8173791,1181.46796525,2,0,0.0,4.5,12.0
3024,90.735,491.8690136,1181.58956603,2,0,0.0,4.5,12.0
3025,90.765,491.92219714,1181.71113644,2,0,0.0,4.5,12.0
3026,90.795,491.97681356,1181.83263585,2,0,0.0,4.5,12.0
3027,90.825,492.03280487,1181.95406585,2,0,0.0,4.5,12.0
3028,90.855,492.0900781,1182.07555702,2,0,0.0,4.5,12.0
3029,90.885,492.14841004,1182.19705957,2,0,0.0,4.5,12.0
3030,90.915,492.20796081,1182.31860712,2,0,0.0,4.5,12.0
3031,90.945,492.26882622,1182.44015239,2,0,0.0,4.5,12.0
3032,90.975,492.33102972,1182.56166722,2,0,0.0,4.5,12.0
3033,91.005,492.39457285,1182.68317923,2,0,0.0,4.5,12.0
3034,91.035,492.45942388,1182.80472844,2,0,0.0,4.5,12.0
3035,91.065,492.52555531,1182.92626513,2,0,0.0,4.5,12.0
3036,91.095,492.59292297,1183.04778276,2,0,0.0,4.5,12.0
3037,91.125,492.66166059,1183.16932784,2,0,0.0,4.5,12.0
3038,91.155,492.73189827,1183.29093188,2,0,0.0,4.5,12.0
3039,91.185,492.80360842,1183.4125456,2,0,0.0,4.5,12.0
3040,91.215,492.87667683,1183.53413763,2,0,0.0,4.5,12.0
3041,91.245,492.95053876,1183.65572942,2,0,0.0,4.5,12.0
3042,91.275,493.02503002,1183.777315,2,0,0.0,4.5,12.0
3043,91.305,493.09975079,1183.89888773,2,0,0.0,4.5,12.0
3044,91.335,493.17465418,1184.02045338,2,0,0.0,4.5,12.0
3045,91.365,493.24976286,1184.14201589,2,0,0.0,4.5,12.0
3046,91.395,493.325046,1184.26358747,2,0,0.0,4.5,12.0
3047,91.425,493.39999587,1184.38519684,2,0,0.0,4.5,12.0
3048,91.455,493.47505852,1184.50679082,2,0,0.0,4.5,12.0
3049,91.485,493.55082959,1184.62838744,2,0,0.0,4.5,12.0
3050,91.515,493.62736473,1184.74997561,2,0,0.0,4.5,12.0
3051,91.545,493.70467256,1184.87154028,2,0,0.0,4.5,12.0
3052,91.575,493.78285172,1184.99303559,2,0,0.0,4.5,12.0
3053,91.605,493.86208852,1185.11452685,2,0,0.0,4.5,12.0
3054,91.635,493.94235533,1185.2360057,2,0,0.0,4.5,12.0
3055,91.665,494.02342308,1185.35747498,2,0,0.0,4.5,12.0
3056,91.695,494.10522373,1185.47892675,2,0,0.0,4.5,12.0
3057,91.725,494.18769186,1185.60038624,2,0,0.0,4.5,12.0
3058,91.755,494.27090504,1185.72188534,2,0,0.0,4.5,12.0
3059,91.785,494.35474284,1185.84336823,2,0,0.0,4.5,12.0
3060,91.815,494.44016165,1185.96485569,2,0,0.0,4.5,12.0
3061,91.845,494.52823036,1186.08636567,2,0,0.0,4.5,12.0
3062,91.875,494.61889192,1186.20787721,2,0,0.0,4.5,12.0
3063,91.905,494.71212664,1186.32939296,2,0,0.0,4.5,12.0
3064,91.935,494.80776846,1186.45100731,2,0,0.0,4.5,12.0
3065,91.965,494.9056826,1186.57264433,2,0,0.0,4.5,12.0
3066,91.995,495.00589675,1186.69428135,2,0,0.0,4.5,12.0
3067,92.025,495.10842186,1186.81591842,2,0,0.0,4.5,12.0
3068,92.055,495.2130989,1186.93763412,2,0,0.0,4.5,12.0
3069,92.085,495.31967789,1187.05928504,2,0,0.0,4.5,12.0
3070,92.115,495.4280418,1187.18090636,2,0,0.0,4.5,12.0
3071,92.145,495.53798494,1187.30251251,2,0,0.0,4.5,12.0
3072,92.175,495.64924124,1187.42409223,2,0,0.0,4.5,12.0
3073,92.205,495.76149029,1187.54561513,2,0,0.0,4.5,12.0
3074,92.235,495.874977,1187.66710886,2,0,0.0,4.5,12.0
3075,92.265,495.99042807,1187.78854338,2,0,0.0,4.5,12.0
3076,92.295,496.10827285,1187.90997155,2,0,0.0,4.5,12.0
3077,92.325,496.22861543,1188.03139972,2,0,0.0,4.5,12.0
3078,92.355,496.35151019,1188.15283794,2,0,0.0,4.5,12.0
3079,92.385,496.47697006,1188.27429088,2,0,0.0,4.5,12.0
3080,92.415,496.60480635,1188.39577605,2,0,0.0,4.5,12.0
3081,92.445,496.73450977,1188.51732749,2,0,0.0,4.5,12.0
3082,92.475,496.86408327,1188.63893045,2,0,0.0,4.5,12.0
3083,92.505,496.99323178,1188.76053342,2,0,0.0,4.5,12.0
3084,92.535,497.12202297,1188.88209812,2,0,0.0,4.5,12.0
3085,92.565,497.25054934,1189.00365939,2,0,0.0,4.5,12.0
3086,92.595,497.37881143,1189.1252206,2,0,0.0,4.5,12.0
3087,92.625,497.50673558,1189.24680976,2,0,0.0,4.5,12.0
3088,92.655,497.63421029,1189.36842692,2,0,0.0,4.5,12.0
3089,92.685,497.76133372,1189.49004505,2,0,0.0,4.5,12.0
3090,92.715,497.8881062,1189.61166318,2,0,0.0,4.5,12.0
3091,92.745,498.01452774,1189.73328131,2,0,0.0,4.5,12.0
3092,92.775,498.14060366,1189.85489566,2,0,0.0,4.5,12.0
3093,92.805,498.26634163,1189.9765096,2,0,0.0,4.5,12.0
3094,92.835,498.39174114,1190.09812265,2,0,0.0,4.5,12.0
3095,92.865,498.51680159,1190.21973567,2,0,0.0,4.5,12.0
3096,92.895,498.64152298,1190.34134868,2,0,0.0,4.5,12.0
3097,92.925,498.76579788,1190.46297011,2,0,0.0,4.5,12.0
3098,92.955,498.88936104,1190.58459465,2,0,0.0,4.5,12.0
3099,92.985,499.01217127,1190.70622323,2,0,0.0,4.5,12.0
3100,93.015,499.13420721,1190.8278505,2,0,0.0,4.5,12.0
3101,93.045,499.25547106,1190.94947849,2,0,0.0,4.5,12.0
3102,93.075,499.37591845,1191.07113337,2,0,0.0,4.5,12.0
3103,93.105,499.49557015,1191.19287983,2,0,0.0,4.5,12.0
3104,93.135,499.61445271,1191.3146551,2,0,0.0,4.5,12.0
3105,93.165,499.73259925,1191.436422,2,0,0.0,4.5,12.0
3106,93.195,499.85044484,1191.55816681,2,0,0.0,4.5,12.0
3107,93.225,499.96840421,1191.67989372,2,0,0.0,4.5,12.0
3108,93.255,500.08657999,1191.80160036,2,0,0.0,4.5,12.0
3109,93.285,500.205406,1191.92324774,2,0,0.0,4.5,12.0
3110,93.315,500.32451789,1192.04489772,2,0,0.0,4.5,12.0
3111,93.345,500.44312408,1192.16659625,2,0,0.0,4.5,12.0
3112,93.375,500.56012667,1192.28831986,2,0,0.0,4.5,12.0
3113,93.405,500.67511648,1192.41008031,2,0,0.0,4.5,12.0
3114,93.435,500.78794276,1192.53186347,2,0,0.0,4.5,12.0
3115,93.465,500.89848211,1192.65366498,2,0,0.0,4.5,12.0
3116,93.495,501.00607378,1192.77549103,2,0,0.0,4.5,12.0
3117,93.525,501.11074403,1192.89731081,2,0,0.0,4.5,12.0
3118,93.555,501.21325093,1193.01910197,2,0,0.0,4.5,12.0
3119,93.585,501.31380614,1193.14087303,2,0,0.0,4.5,12.0
3120,93.615,501.41227322,1193.2626693,2,0,0.0,4.5,12.0
3121,93.645,501.50855657,1193.38449058,2,0,0.0,4.5,12.0
3122,93.675,501.60262911,1193.50633859,2,0,0.0,4.5,12.0
3123,93.705,501.69426901,1193.62818182,2,0,0.0,4.5,12.0
3124,93.735,501.78342559,1193.74987013,2,0,0.0,4.5,12.0
3125,93.765,501.86930727,1193.87141023,2,0,0.0,4.5,12.0
3126,93.795,501.95175782,1193.9929424,2,0,0.0,4.5,12.0
3127,93.825,502.03098968,1194.11447523,2,0,0.0,4.5,12.0
3128,93.855,502.10701227,1194.2360545,2,0,0.0,4.5,12.0
3129,93.885,502.18113638,1194.35766163,2,0,0.0,4.5,12.0
3130,93.915,502.25441299,1194.47925666,2,0,0.0,4.5,12.0
3131,93.945,502.32602745,1194.60085623,2,0,0.0,4.5,12.0
3132,93.975,502.39562793,1194.72244616,2,0,0.0,4.5,12.0
3133,94.005,502.46297538,1194.84405886,2,0,0.0,4.5,12.0
3134,94.035,502.52814883,1194.96576377,2,0,0.0,4.5,12.0
3135,94.065,502.59126348,1195.08749135,2,0,0.0,4.5,12.0
3136,94.095,502.65231849,1195.20928462,2,0,0.0,4.5,12.0
3137,94.125,502.7111486,1195.33113049,2,0,0.0,4.5,12.0
3138,94.155,502.76739835,1195.45301066,2,0,0.0,4.5,12.0
3139,94.185,502.82076565,1195.5748891,2,0,0.0,4.5,12.0
3140,94.215,502.87128046,1195.69670494,2,0,0.0,4.5,12.0
3141,94.245,502.91932849,1195.81839442,2,0,0.0,4.5,12.0
3142,94.275,502.96510791,1195.94007959,2,0,0.0,4.5,12.0
3143,94.305,503.00871606,1196.06174562,2,0,0.0,4.5,12.0
3144,94.335,503.05018695,1196.18341165,2,0,0.0,4.5,12.0
3145,94.365,503.08952058,1196.30507768,2,0,0.0,4.5,12.0
3146,94.395,503.12674306,1196.4267255,2,0,0.0,4.5,12.0
3147,94.425,503.16188419,1196.54837268,2,0,0.0,4.5,12.0
3148,94.455,503.19494026,1196.67002517,2,0,0.0,4.5,12.0
3149,94.485,503.22493002,1196.79171606,2,0,0.0,4.5,12.0
3150,94.515,503.25172522,1196.9134394,2,0,0.0,4.5,12.0
3151,94.545,503.27475877,1197.03516478,2,0,0.0,4.5,12.0
3152,94.575,503.29399926,1197.15689001,2,0,0.0,4.5,12.0
3153,94.605,503.30945317,1197.27861513,2,0,0.0,4.5,12.0
3154,94.635,503.32110032,1197.40033995,2,0,0.0,4.5,12.0
3155,94.665,503.3289469,1197.52206954,2,0,0.0,4.5,12.0
3156,94.695,503.33309298,1197.64380895,2,0,0.0,4.5,12.0
3157,94.725,503.3335702,1197.76555715,2,0,0.0,4.5,12.0
3158,94.755,503.33037183,1197.88732095,2,0,0.0,4.5,12.0
3159,94.785,503.32366371,1198.00912831,2,0,0.0,4.5,12.0
3160,94.815,503.3136225,1198.13094767,2,0,0.0,4.5,12.0
3161,94.845,503.30160045,1198.25284284,2,0,0.0,4.5,12.0
3162,94.875,503.2885305,1198.37473776,2,0,0.0,4.5,12.0
3163,94.905,503.27439042,1198.49663349,2,0,0.0,4.5,12.0
3164,94.935,503.25920538,1198.61853279,2,0,0.0,4.5,12.0
3165,94.965,503.24298321,1198.74042925,2,0,0.0,4.5,12.0
3166,94.995,503.22594553,1198.86234048,2,0,0.0,4.5,12.0
3167,95.025,503.20872067,1198.98425843,2,0,0.0,4.5,12.0
3168,95.055,503.1913345,1199.10617059,2,0,0.0,4.5,12.0
3169,95.085,503.17365947,1199.22805339,2,0,0.0,4.5,12.0
3170,95.115,503.15565417,1199.3499475,2,0,0.0,4.5,12.0
3171,95.145,503.1373512,1199.47183903,2,0,0.0,4.5,12.0
3172,95.175,503.1188728,1199.5937273,2,0,0.0,4.5,12.0
3173,95.205,503.100332,1199.71560898,2,0,0.0,4.5,12.0
3174,95.235,503.0818433,1199.83749253,2,0,0.0,4.5,12.0
3175,95.265,503.0642652,1199.95939487,2,0,0.0,4.5,12.0
3176,95.295,503.048406,1200.08128508,2,0,0.0,4.5,12.0
3177,95.325,503.03448929,1200.20317441,2,0,0.0,4.5,12.0
3178,95.355,503.02253642,1200.32511801,2,0,0.0,4.5,12.0
3179,95.385,503.01206991,1200.4471023,2,0,0.0,4.5,12.0
3180,95.415,503.00309278,1200.56906159,2,0,0.0,4.5,12.0
3181,95.445,502.99560585,1200.69101261,2,0,0.0,4.5,12.0
3182,95.475,502.98960172,1200.81296356,2,0,0.0,4.5,12.0
3183,95.505,502.98453065,1200.93499152,2,0,0.0,4.5,12.0
3184,95.535,502.97873015,1201.05704908,2,0,0.0,4.5,12.0
3185,95.565,502.97213285,1201.17914819,2,0,0.0,4.5,12.0
3186,95.595,502.96463861,1201.30127806,2,0,0.0,4.5,12.0
3187,95.625,502.95615749,1201.4233977,2,0,0.0,4.5,12.0
3188,95.655,502.94663489,1201.54551039,2,0,0.0,4.5,12.0
3189,95.685,502.93605873,1201.66762249,2,0,0.0,4.5,12.0
3190,95.715,502.92440473,1201.7897252,2,0,0.0,4.5,12.0
3191,95.745,502.91177268,1201.91181235,2,0,0.0,4.5,12.0
3192,95.775,502.89923396,1202.03391449,2,0,0.0,4.5,12.0
3193,95.805,502.88684511,1202.15602192,2,0,0.0,4.5,12.0
3194,95.835,502.87510119,1202.2781344,2,0,0.0,4.5,12.0
3195,95.865,502.8642521,1202.40023372,2,0,0.0,4.5,12.0
3196,95.895,502.85424731,1202.52232661,2,0,0.0,4.5,12.0
3197,95.925,502.84513594,1202.64441954,2,0,0.0,4.5,12.0
3198,95.955,502.83708968,1202.76656692,2,0,0.0,4.5,12.0
3199,95.985,502.83003412,1202.88884022,2,0,0.0,4.75,13.0
3200,96.015,502.82419572,1203.01112845,2,0,0.0,4.75,13.0
3201,96.045,502.82021376,1203.13342369,2,0,0.0,5.0,14.0
3202,96.075,502.81755011,1203.25580064,2,0,0.0,5.0,14.0
3203,96.105,502.81531913,1203.37823117,2,0,0.0,5.0,14.0
3204,96.135,502.81375936,1203.50066459,2,0,0.0,5.0,14.0
3205,96.165,502.81336723,1203.6231436,2,0,0.0,5.0,14.0
3206,96.195,502.81444561,1203.74562355,2,0,0.0,5.0,14.0
3207,96.225,502.81698491,1203.86810595,2,0,0.0,5.0,14.0
3208,96.255,502.82103625,1203.99059259,2,0,0.0,5.0,14.0
3209,96.285,502.82984692,1204.11303974,2,0,0.0,5.0,14.0
3210,96.315,502.84083872,1204.23548573,2,0,0.0,5.0,14.0
3211,96.345,502.85353196,1204.35793172,2,0,0.0,5.0,14.0
3212,96.375,502.86792823,1204.48037476,2,0,0.0,5.0,14.0
3213,96.405,502.88446099,1204.60280914,2,0,0.0,5.0,14.0
3214,96.435,502.90347321,1204.72523322,2,0,0.0,5.0,14.0
3215,96.465,502.92492807,1204.84764545,2,0,0.0,5.0,14.0
3216,96.495,502.94881851,1204.97005768,2,0,0.0,5.0,14.0
3217,96.525,502.97514497,1205.09247181,2,0,0.0,5.0,14.0
3218,96.555,503.00391946,1205.21489029,2,0,0.0,5.0,14.0
3219,96.585,503.03515674,1205.33730472,2,0,0.0,5.0,14.0
3220,96.615,503.06882513,1205.45969654,2,0,0.0,5.0,14.0
3221,96.645,503.10490597,1205.58209435,2,0,0.0,5.0,14.0
3222,96.675,503.14352638,1205.70457534,2,0,0.0,5.0,14.0
3223,96.705,503.18579274,1205.8271536,2,0,0.0,5.0,14.0
3224,96.735,503.23237933,1205.94989907,2,0,0.0,5.0,14.0
3225,96.765,503.2830049,1206.07261051,2,0,0.0,5.0,14.0
3226,96.795,503.33623715,1206.19524798,2,0,0.0,5.0,14.0
3227,96.825,503.3909492,1206.31777766,2,0,0.0,5.0,14.0
3228,96.855,503.44635711,1206.44035536,2,0,0.0,5.0,14.0
3229,96.885,503.50217009,1206.56291077,2,0,0.0,5.0,14.0
3230,96.915,503.55820314,1206.68553321,2,0,0.0,5.0,14.0
3231,96.945,503.61398919,1206.80816667,2,0,0.0,5.0,14.0
3232,96.975,503.66951451,1206.93080013,2,0,0.0,5.0,14.0
3233,97.005,503.72477473,1207.05343574,2,0,0.0,5.0,14.0
3234,97.035,503.77966064,1207.17607838,2,0,0.0,5.0,14.0
3235,97.065,503.83417769,1207.29878576,2,0,0.0,5.0,14.0
3236,97.095,503.88887541,1207.42154498,2,0,0.0,5.0,14.0
3237,97.125,503.94404395,1207.54431053,2,0,0.0,5.0,14.0
3238,97.155,503.99979067,1207.66707022,2,0,0.0,5.0,14.0
3239,97.185,504.0562306,1207.78982077,2,0,0.0,5.0,14.0
3240,97.215,504.11346883,1207.91259946,2,0,0.0,5.0,14.0
3241,97.245,504.17092322,1208.03541956,2,0,0.0,5.0,14.0
3242,97.275,504.22846592,1208.15823963,2,0,0.0,5.0,14.0
3243,97.305,504.28607663,1208.28106641,2,0,0.0,5.0,14.0
3244,97.335,504.34352952,1208.40388835,2,0,0.0,5.0,14.0
3245,97.365,504.29466819,1208.52415529,2,0,0.0,5.0,14.0
3246,97.395,503.97701255,1208.63936571,2,0,0.0,5.0,14.0
3247,97.425,503.51395689,1208.75119965,2,0,0.0,5.0,14.0
3248,97.455,502.93333156,1208.86140976,2,0,0.0,5.0,14.0
3249,97.485,502.25870129,1208.96863128,2,0,0.0,5.0,14.0
3250,97.515,501.49905295,1209.07514215,2,0,0.0,5.0,14.0
3251,97.545,500.66129115,1209.18015971,2,0,0.0,5.0,14.0
3252,97.575,499.75264485,1209.28279837,2,0,0.0,5.0,14.0
3253,97.605,498.7780567,1209.38457467,2,0,0.0,5.0,14.0
3254,97.635,497.74305015,1209.48504414,2,0,0.0,5.0,14.0
3255,97.665,496.64920367,1209.58528569,2,0,0.0,5.0,14.0
3256,97.695,495.53920557,1204.84269185,2,0,0.0,5.0,14.0
3257,97.725,494.65610424,1200.31167215,2,0,0.0,5.0,14.0
3258,97.755,493.88767274,1197.59023772,2,0,0.0,5.0,14.0
3259,97.785,493.18948824,1195.08305776,2,0,0.0,5.25,14.0
3260,97.815,492.54222211,1193.16644611,2,0,0.0,5.25,14.0
3261,97.845,491.93397824,1191.33266062,2,0,0.0,5.5,14.0
3262,97.875,491.36267842,1189.70488569,2,0,0.0,5.5,14.0
3263,97.905,490.82117736,1188.24721857,2,0,0.0,5.5,14.0
3264,97.935,490.30273565,1186.85173749,2,0,0.0,5.75,14.0
3265,97.965,489.80323423,1185.58235131,2,0,0.0,6.0,14.0
3266,97.995,489.32075393,1184.31107985,2,0,0.0,6.0,14.0
3267,98.025,488.85738112,1183.14428687,2,0,0.0,6.0,14.0
3268,98.055,488.40967916,1182.05224772,2,0,0.0,6.0,14.0
3269,98.085,487.97448249,1181.00961723,2,0,0.0,6.0,14.0
3270,98.115,487.55127455,1179.96698719,2,0,0.0,6.0,14.0
3271,98.145,487.14005623,1178.92431807,2,0,0.0,6.0,14.0
3272,98.175,486.74016641,1177.97615019,2,0,0.0,6.0,14.0
3273,98.205,486.34819385,1177.09189276,2,0,0.0,6.0,14.0
3274,98.235,485.9648035,1176.20656031,2,0,0.0,6.0,14.0
3275,98.265,485.59030347,1175.32131301,2,0,0.0,6.0,14.0
3276,98.295,485.22472048,1174.43610563,2,0,0.0,6.0,14.0
3277,98.325,484.86805324,1173.5712788,2,0,0.0,6.0,14.0
3278,98.355,484.51738909,1172.80382027,2,0,0.0,6.0,14.0
3279,98.385,484.17172798,1172.0360087,2,0,0.0,6.0,14.0
3280,98.415,483.8310936,1171.26819715,2,0,0.0,6.0,14.0
3281,98.445,483.49617956,1170.49838754,2,0,0.0,6.0,14.0
3282,98.475,483.16813753,1169.72824189,2,0,0.0,6.0,14.0
3283,98.505,482.84639945,1168.99048135,2,0,0.0,6.0,14.0
3284,98.535,482.52945319,1168.27736759,2,0,0.0,6.0,14.0
3285,98.565,482.21616497,1167.59700429,2,0,0.0,6.0,14.0
3286,98.595,481.90661197,1166.91665947,2,0,0.0,6.0,14.0
3287,98.625,481.57234616,1166.17938173,2,0,0.0,6.0,14.0
3288,98.655,481.19197996,1165.34239092,2,0,0.0,6.0,14.0
3289,98.685,480.81513542,1164.52400043,2,0,0.0,6.0,14.0
3290,98.715,480.44143137,1163.71937348,2,0,0.0,6.0,14.0
3291,98.745,480.07116696,1162.91477693,2,0,0.0,6.0,14.0
3292,98.775,479.70426243,1162.13256228,2,0,0.0,6.0,14.0
3293,98.805,479.34054219,1161.36407306,2,0,0.0,6.0,14.0
3294,98.835,478.98004679,1160.59558384,2,0,0.0,6.0,14.0
3295,98.865,478.62277621,1159.82709462,2,0,0.0,6.0,14.0
3296,98.895,478.26845752,1159.07918373,2,0,0.0,6.0,14.0
3297,98.925,477.91629455,1158.33918798,2,0,0.0,6.0,14.0
3298,98.955,477.56626638,1157.599199,2,0,0.0,6.0,14.0
3299,98.985,477.21886459,1156.85744,2,0,0.0,6.0,14.0
3300,99.015,476.87500263,1156.11559182,2,0,0.0,6.0,14.0
3301,99.045,476.53466509,1155.40186277,2,0,0.0,6.0,14.0
3302,99.075,476.19733964,1154.68813144,2,0,0.0,6.0,14.0
3303,99.105,475.86299497,1153.98059956,2,0,0.0,6.0,14.0
3304,99.135,475.53089981,1153.29071082,2,0,0.0,6.0,14.0
3305,99.165,475.20078403,1152.60082581,2,0,0.0,6.0,14.0
3306,99.195,474.87264773,1151.9109408,2,0,0.0,6.0,14.0
3307,99.225,474.54649599,1151.2210551,2,0,0.0,6.0,14.0
3308,99.255,474.21803446,1150.55918725,2,0,0.0,6.0,14.0
3309,99.285,473.71302863,1150.03449385,2,0,0.0,6.0,14.0
3310,99.315,473.04754291,1149.51832961,2,0,0.0,6.0,14.0
3311,99.345,472.27450605,1149.01386399,2,0,0.0,6.0,14.0
3312,99.375,471.40460293,1148.52423604,2,0,0.0,6.0,14.0
3313,99.405,470.45787013,1148.03152964,2,0,0.0,6.0,14.0
3314,99.435,469.43993896,1147.53883814,2,0,0.0,6.0,14.0
3315,99.465,468.35307287,1147.04377529,2,0,0.0,6.0,14.0
3316,99.495,467.20872502,1146.54635415,2,0,0.0,6.0,14.0
3317,99.525,466.0095227,1146.04902558,2,0,0.0,6.0,14.0
3318,99.555,464.75606569,1145.54997291,2,0,0.0,6.0,14.0
3319,99.585,463.45279985,1145.04783562,2,0,0.0,6.0,14.0
3320,99.615,462.30976753,1137.29352667,2,0,0.0,6.0,14.0
3321,99.645,461.3161887,1133.59865396,2,0,0.0,6.0,14.0
3322,99.675,460.40019991,1130.66369633,2,0,0.0,6.0,14.0
3323,99.705,459.53975915,1128.14497785,2,0,0.0,6.0,14.0
3324,99.735,458.72103633,1125.90124394,2,0,0.0,6.0,14.0
3325,99.765,457.94010251,1123.7317389,2,0,0.0,6.0,14.0
3326,99.795,457.18959606,1121.78342256,2,0,0.0,6.0,14.0
3327,99.825,456.46301147,1119.93202619,2,0,0.0,6.0,14.0
3328,99.855,455.7605626,1118.07967867,2,0,0.0,6.0,14.0
3329,99.885,455.0812631,1116.33997782,2,0,0.0,6.0,14.0
3330,99.915,454.41792306,1114.74805891,2,0,0.0,6.0,14.0
3331,99.945,453.77028009,1113.15511834,2,0,0.0,6.0,14.0
3332,99.975,453.13901318,1111.56059649,2,0,0.0,6.0,14.0
3333,100.005,452.52517872,1110.01182338,2,0,0.0,6.0,14.0
3334,100.035,451.92312099,1108.60641054,2,0,0.0,6.0,14.0
3335,100.065,451.33022824,1107.20100279,2,0,0.0,6.0,14.0
3336,100.095,450.74649362,1105.79559504,2,0,0.0,6.0,14.0
3337,100.125,450.17278764,1104.38622975,2,0,0.0,6.0,14.0
3338,100.155,449.61032799,1103.0127469,2,0,0.0,6.0,14.0
3339,100.185,449.05718974,1101.70854493,2,0,0.0,6.0,14.0
3340,100.215,448.51070654,1100.43104403,2,0,0.0,6.0,14.0
3341,100.245,447.97054707,1099.15355737,2,0,0.0,6.0,14.0
3342,100.275,447.43658793,1097.87608565,2,0,0.0,6.0,14.0
3343,100.305,446.90880952,1096.61918293,2,0,0.0,6.0,14.0
3344,100.335,446.38680057,1095.38538412,2,0,0.0,6.0,14.0
3345,100.365,445.87230814,1094.16990158,2,0,0.0,6.0,14.0
3346,100.395,445.36432219,1092.98176479,2,0,0.0,6.0,14.0
3347,100.425,444.86249698,1091.79361734,2,0,0.0,6.0,14.0
3348,100.455,444.3667652,1090.61467271,2,0,0.0,6.0,14.0
3349,100.485,443.87609951,1089.46562715,2,0,0.0,6.0,14.0
3350,100.515,443.3892303,1088.33770295,2,0,0.0,6.0,14.0
3351,100.545,442.90682746,1087.21186419,2,0,0.0,6.0,14.0
3352,100.575,442.42993574,1086.09431895,2,0,0.0,6.0,14.0
3353,100.605,441.95806092,1085.00208019,2,0,0.0,6.0,14.0
3354,100.635,441.49232113,1083.907579,2,0,0.0,6.0,14.0
3355,100.665,441.03301292,1082.81661754,2,0,0.0,6.0,14.0
3356,100.695,440.57925511,1081.75136206,2,0,0.0,6.0,14.0
3357,100.725,440.13028118,1080.68618154,2,0,0.0,6.0,14.0
3358,100.755,439.68567462,1079.62078912,2,0,0.0,6.0,14.0
3359,100.785,439.2447641,1078.55419408,2,0,0.0,6.0,14.0
3360,100.815,438.8082219,1077.49306781,2,0,0.0,6.0,14.0
3361,100.845,438.37516314,1076.46181771,2,0,0.0,6.0,14.0
3362,100.875,437.94545548,1075.4319936,2,0,0.0,6.0,14.0
3363,100.905,437.51951717,1074.42490312,2,0,0.0,6.0,14.0
3364,100.935,437.09695222,1073.4191409,2,0,0.0,6.0,14.0
3365,100.965,436.67729266,1072.42667836,2,0,0.0,6.0,14.0
3366,100.995,436.26023904,1071.4342089,2,0,0.0,6.0,14.0
3367,101.025,435.84581029,1070.44130801,2,0,0.0,6.0,14.0
3368,101.055,435.43432178,1069.4469635,2,0,0.0,6.0,14.0
3369,101.085,435.02586263,1068.46003973,2,0,0.0,6.0,14.0
3370,101.115,434.61963902,1067.49547089,2,0,0.0,6.0,14.0
3371,101.145,434.21510397,1066.54434642,2,0,0.0,6.0,14.0
3372,101.175,433.81241368,1065.59170343,2,0,0.0,6.0,14.0
3373,101.205,433.41136044,1064.64639578,2,0,0.0,6.0,14.0
3374,101.235,433.01196556,1063.69980098,2,0,0.0,6.0,14.0
3375,101.265,432.6143517,1062.75314023,2,0,0.0,6.0,14.0
3376,101.295,432.21855714,1061.80598515,2,0,0.0,6.0,14.0
3377,101.325,431.8252314,1060.85747287,2,0,0.0,6.0,14.0
3378,101.355,431.43462756,1059.90899084,2,0,0.0,6.0,14.0
3379,101.385,431.04584801,1058.98761013,2,0,0.0,6.0,14.0
3380,101.415,430.6573816,1058.07665458,2,0,0.0,6.0,14.0
3381,101.445,430.26915602,1057.16564757,2,0,0.0,6.0,14.0
3382,101.475,429.88117768,1056.25959483,2,0,0.0,6.0,14.0
3383,101.505,429.49313034,1055.36044298,2,0,0.0,6.0,14.0
3384,101.535,429.10574387,1054.45946364,2,0,0.0,6.0,14.0
3385,101.565,428.71928662,1053.56448419,2,0,0.0,6.0,14.0
3386,101.595,428.33378018,1052.67014435,2,0,0.0,6.0,14.0
3387,101.625,427.95000748,1051.77389005,2,0,0.0,6.0,14.0
3388,101.655,427.56785615,1050.89176677,2,0,0.0,6.0,14.0
3389,101.685,427.1867556,1050.01035613,2,0,0.0,6.0,14.0
3390,101.715,426.80637712,1049.14461654,2,0,0.0,6.0,14.0
3391,101.745,426.426686,1048.27864645,2,0,0.0,6.0,14.0
3392,101.775,426.04775193,1047.41265484,2,0,0.0,6.0,14.0
3393,101.805,425.6695463,1046.54665174,2,0,0.0,6.0,14.0
3394,101.835,425.29207902,1045.68063229,2,0,0.0,6.0,14.0
3395,101.865,424.91536775,1044.81460892,2,0,0.0,6.0,14.0
3396,101.895,424.53955757,1043.94760753,2,0,0.0,6.0,14.0
3397,101.925,424.16554434,1043.08233191,2,0,0.0,6.0,14.0
3398,101.955,423.79321645,1042.23201568,2,0,0.0,6.0,14.0
3399,101.985,423.42216773,1041.38217459,2,0,0.0,6.0,14.0
3400,102.015,423.05263981,1040.53108406,2,0,0.0,6.0,14.0
3401,102.045,422.68481837,1039.68492221,2,0,0.0,6.0,14.0
3402,102.075,422.31816548,1038.8482396,2,0,0.0,6.0,14.0
3403,102.105,421.95211051,1038.02413855,2,0,0.0,6.0,14.0
3404,102.135,421.58648225,1037.20003558,2,0,0.0,6.0,14.0
3405,102.165,421.22128539,1036.37592727,2,0,0.0,6.0,14.0
3406,102.195,420.85652215,1035.55181596,2,0,0.0,6.0,14.0
3407,102.225,420.49232395,1034.72887245,2,0,0.0,6.0,14.0
3408,102.255,420.12852166,1033.91433659,2,0,0.0,6.0,14.0
3409,102.285,419.76485213,1033.09979697,2,0,0.0,6.0,14.0
3410,102.315,419.40134715,1032.28404918,2,0,0.0,6.0,14.0
3411,102.345,419.03839438,1031.47126193,2,0,0.0,6.0,14.0
3412,102.375,418.67625996,1030.66108671,2,0,0.0,6.0,14.0
3413,102.405,418.31541853,1029.84862728,2,0,0.0,6.0,14.0
3414,102.435,417.95654388,1029.0348246,2,0,0.0,6.0,14.0
3415,102.465,417.5998767,1028.22081335,2,0,0.0,6.0,14.0
3416,102.495,417.24530428,1027.40679241,2,0,0.0,6.0,14.0
3417,102.525,416.89284464,1026.59274776,2,0,0.0,6.0,14.0
3418,102.555,416.5422255,1025.7962516,2,0,0.0,6.0,14.0
3419,102.585,416.19286548,1025.00515531,2,0,0.0,6.0,14.0
3420,102.615,415.84474362,1024.21406766,2,0,0.0,6.0,14.0
3421,102.645,415.49778397,1023.42664694,2,0,0.0,6.0,14.0
3422,102.675,415.15163565,1022.64500711,2,0,0.0,6.0,14.0
3423,102.705,414.80619597,1021.8634998,2,0,0.0,6.0,14.0
3424,102.735,414.46141322,1021.08200154,2,0,0.0,6.0,14.0
3425,102.765,414.11723643,1020.3049162,2,0,0.0,6.0,14.0
3426,102.795,413.77350662,1019.52968563,2,0,0.0,6.0,14.0
3427,102.825,413.43023992,1018.75447158,2,0,0.0,6.0,14.0
3428,102.855,413.08746941,1017.97853944,2,0,0.0,6.0,14.0
3429,102.885,412.74541215,1017.20317599,2,0,0.0,6.0,14.0
3430,102.915,412.40422696,1016.43189176,2,0,0.0,6.0,14.0
3431,102.945,412.06420224,1015.6592293,2,0,0.0,6.0,14.0
3432,102.975,411.72562528,1014.88477837,2,0,0.0,6.0,14.0
3433,103.005,411.38860871,1014.11032746,2,0,0.0,6.0,14.0
3434,103.035,411.05307204,1013.3409045,2,0,0.0,6.0,14.0
3435,103.065,410.71850434,1012.57881052,2,0,0.0,6.0,14.0
3436,103.095,410.38479969,1011.81671654,2,0,0.0,6.0,14.0
3437,103.125,410.05195809,1011.05462256,2,0,0.0,6.0,14.0
3438,103.155,409.71997954,1010.29252858,2,0,0.0,6.0,14.0
3439,103.185,409.38885322,1009.53209156,2,0,0.0,6.0,14.0
3440,103.215,409.05840109,1008.77565038,2,0,0.0,6.0,14.0
3441,103.245,408.72853231,1008.02135675,2,0,0.0,6.0,14.0
3442,103.275,408.39882707,1007.27380318,2,0,0.0,6.0,14.0
3443,103.305,408.06921008,1006.53160147,2,0,0.0,6.0,14.0
3444,103.335,407.7399929,1005.78869999,2,0,0.0,6.0,14.0
3445,103.365,407.41118731,1005.0457899,2,0,0.0,6.0,14.0
3446,103.395,407.08277578,1004.30286054,2,0,0.0,6.0,14.0
3447,103.425,406.75468881,1003.55993381,2,0,0.0,6.0,14.0
3448,103.455,406.4269447,1002.81540241,2,0,0.0,6.0,14.0
3449,103.485,406.10002294,1002.07015028,2,0,0.0,6.0,14.0
3450,103.515,405.77395633,1001.32489774,2,0,0.0,6.75,15.0
3451,103.545,405.44873814,1000.57968257,2,0,0.0,6.75,15.0
3452,103.575,405.12418893,999.84209317,2,0,0.0,6.75,15.0
3453,103.605,404.7998576,999.10752745,2,0,0.0,6.75,15.0
3454,103.635,404.47557764,998.38084052,2,0,0.0,7.5,16.0
3455,103.665,404.15079988,997.65851046,2,0,0.0,7.5,16.0
3456,103.695,403.82565263,996.93400352,2,0,0.0,7.5,16.0
3457,103.725,403.50050491,996.2076855,2,0,0.0,7.5,16.0
3458,103.755,403.1757126,995.48124912,2,0,0.0,7.5,16.0
3459,103.785,402.85149154,994.75324245,2,0,0.0,7.5,16.0
3460,103.815,402.52799501,994.0252273,2,0,0.0,7.5,16.0
3461,103.845,402.20525504,993.29723897,2,0,0.0,7.5,16.0
3462,103.875,401.88315374,992.56930918,2,0,0.0,7.5,16.0
3463,103.905,401.56167664,991.84138786,2,0,0.0,7.5,16.0
3464,103.935,401.24087131,991.11347396,2,0,0.0,7.5,16.0
3465,103.965,400.92073426,990.38549253,2,0,0.0,7.5,16.0
3466,103.995,400.60119911,989.6574973,2,0,0.0,7.5,16.0
3467,104.025,400.28217984,988.93610255,2,0,0.0,7.5,16.0
3468,104.055,399.96381148,988.22086546,2,0,0.0,7.5,16.0
3469,104.085,399.64668224,987.50472032,2,0,0.0,7.5,16.0
3470,104.115,399.33073405,986.79318533,2,0,0.0,7.5,16.0
3471,104.145,399.01560661,986.09016488,2,0,0.0,7.5,16.0
3472,104.175,398.70107381,985.38822721,2,0,0.0,7.5,16.0
3473,104.205,398.38715416,984.68628885,2,0,0.0,7.5,16.0
3474,104.235,398.07381691,983.98434747,2,0,0.0,7.5,16.0
3475,104.265,397.76096705,983.28239814,2,0,0.0,7.5,16.0
3476,104.295,397.44861233,982.58044882,2,0,0.0,7.5,16.0
3477,104.325,397.13657302,981.87843999,2,0,0.0,7.5,16.0
3478,104.355,396.82455628,981.17642465,2,0,0.0,7.5,16.0
3479,104.385,396.51246325,980.47441103,2,0,0.0,7.5,16.0
3480,104.415,396.20035431,979.77279335,2,0,0.0,7.5,16.0
3481,104.445,395.88831385,979.07462085,2,0,0.0,7.5,16.0
3482,104.475,395.57630757,978.37644834,2,0,0.0,7.5,16.0
3483,104.505,395.26438664,977.677441,2,0,0.0,7.5,16.0
3484,104.535,394.95282243,976.97769761,2,0,0.0,7.5,16.0
3485,104.565,394.6416528,976.27795353,2,0,0.0,7.5,16.0
3486,104.595,394.33111598,975.57572234,2,0,0.0,7.5,16.0
3487,104.625,394.02143183,974.87349144,2,0,0.0,7.5,16.0
3488,104.655,393.71268081,974.16961276,2,0,0.0,7.5,16.0
3489,104.685,393.40509299,973.46506654,2,0,0.0,7.5,16.0
3490,104.715,393.09847095,972.76054895,2,0,0.0,7.5,16.0
3491,104.745,392.79256593,972.06772325,2,0,0.0,7.5,16.0
3492,104.775,392.48688261,971.37794407,2,0,0.0,7.5,16.0
3493,104.805,392.18141299,970.68816488,2,0,0.0,7.5,16.0
3494,104.835,391.87613423,969.99989214,2,0,0.0,7.5,16.0
3495,104.865,391.57061914,969.3157201,2,0,0.0,7.5,16.0
3496,104.895,391.26471623,968.63155204,2,0,0.0,7.5,16.0
3497,104.925,390.958228,967.95482231,2,0,0.0,7.5,16.0
3498,104.955,390.65106663,967.27698242,2,0,0.0,7.5,16.0
3499,104.985,390.34341546,966.59908035,2,0,0.0,7.5,16.0
3500,105.015,390.0352792,965.92117808,2,0,0.0,7.5,16.0
3501,105.045,389.72673265,965.24326104,2,0,0.0,7.5,16.0
3502,105.075,389.41797102,964.56532998,2,0,0.0,7.5,16.0
3503,105.105,389.10918789,963.88737107,2,0,0.0,7.5,16.0
3504,105.135,388.80047075,963.20939199,2,0,0.0,7.5,16.0
3505,105.165,388.49182982,962.52996616,2,0,0.0,7.5,16.0
3506,105.195,388.18332194,961.84982761,2,0,0.0,7.5,16.0
3507,105.225,387.87494194,961.16967955,2,0,0.0,7.5,16.0
3508,105.255,387.5665401,960.48951615,2,0,0.0,7.5,16.0
3509,105.285,387.25800702,959.81294122,2,0,0.0,7.5,16.0
3510,105.315,386.94914578,959.13781758,2,0,0.0,7.5,16.0
3511,105.345,386.63994438,958.46269395,2,0,0.0,7.5,16.0
3512,105.375,386.33048757,957.78608319,2,0,0.0,7.5,16.0
3513,105.405,386.02126596,957.10707357,2,0,0.0,7.5,16.0
3514,105.435,385.71243633,956.4321724,2,0,0.0,7.5,16.0
3515,105.465,385.4036499,955.76127938,2,0,0.0,7.5,16.0
3516,105.495,385.09480213,955.09352029,2,0,0.0,7.5,16.0
3517,105.525,384.78598938,954.42595525,2,0,0.0,7.5,16.0
3518,105.555,384.47742483,953.75836964,2,0,0.0,7.5,16.0
3519,105.585,384.16912252,953.09078403,2,0,0.0,7.5,16.0
3520,105.615,383.86108246,952.42319842,2,0,0.0,7.5,16.0
3521,105.645,383.55330904,951.7556103,2,0,0.0,7.5,16.0
3522,105.675,383.24581778,951.0880259,2,0,0.0,7.5,16.0
3523,105.705,382.93860596,950.42044384,2,0,0.0,7.5,16.0
3524,105.735,382.63160872,949.75591663,2,0,0.0,7.5,16.0
3525,105.765,382.32464669,949.0929819,2,0,0.0,7.5,16.0
3526,105.795,382.0176164,948.43008699,2,0,0.0,7.5,16.0
3527,105.825,381.71031293,947.76817691,2,0,0.0,7.5,16.0
3528,105.855,381.40282572,947.11164387,2,0,0.0,7.5,16.0
3529,105.885,381.09541963,946.45396235,2,0,0.0,7.5,16.0
3530,105.915,380.7881478,945.79628125,2,0,0.0,7.5,16.0
3531,105.945,380.48104964,945.13737183,2,0,0.0,7.5,16.0
3532,105.975,380.17439671,944.47761334,2,0,0.0,7.5,16.0
3533,106.005,379.8682308,943.81785485,2,0,0.0,7.5,16.0
3534,106.035,379.56255191,943.15809636,2,0,0.0,7.5,16.0
3535,106.065,379.25736004,942.49833787,2,0,0.0,7.5,16.0
3536,106.095,378.95265519,941.83857938,2,0,0.0,7.5,16.0
3537,106.125,378.64843736,941.17882089,2,0,0.0,7.5,16.0
3538,106.155,378.34472835,940.5190599,2,0,0.0,7.5,16.0
3539,106.185,378.04134778,939.85997486,2,0,0.0,7.5,16.0
3540,106.215,377.7381793,939.20448146,2,0,0.0,7.5,16.0
3541,106.245,377.43564577,938.54717333,2,0,0.0,7.5,16.0
3542,106.275,377.13356883,937.90041556,2,0,0.0,7.5,16.0
3543,106.305,376.83160168,937.25604044,2,0,0.0,7.5,16.0
3544,106.335,376.52980984,936.61166749,2,0,0.0,7.5,16.0
3545,106.365,376.2282691,935.96726572,2,0,0.0,7.5,16.0
3546,106.395,375.92710421,935.32285795,2,0,0.0,7.5,16.0
3547,106.425,375.62646475,934.67848343,2,0,0.0,7.5,16.0
3548,106.455,375.32643353,934.03410246,2,0,0.0,7.5,16.0
3549,106.485,375.02708098,933.38769992,2,0,0.0,7.5,16.0
3550,106.515,374.72876321,932.73905186,2,0,0.0,7.5,16.0
3551,106.545,374.43167724,932.09008984,2,0,0.0,7.5,16.0
3552,106.575,374.13576895,931.44112751,2,0,0.0,7.5,16.0
3553,106.605,373.84087431,930.79216588,2,0,0.0,7.5,16.0
3554,106.635,373.54696932,930.14319737,2,0,0.0,7.5,16.0
3555,106.665,373.25398826,929.49422625,2,0,0.0,7.5,16.0
3556,106.695,372.96192797,928.84525514,2,0,0.0,7.5,16.0
3557,106.725,372.67078844,928.19628403,2,0,0.0,7.5,16.0
3558,106.755,372.38061026,927.54621756,2,0,0.0,7.5,16.0
3559,106.785,372.09165196,926.89522105,2,0,0.0,7.5,16.0
3560,106.815,371.80389775,926.24943313,2,0,0.0,7.5,16.0
3561,106.845,371.5169491,925.60827223,2,0,0.0,7.5,16.0
3562,106.875,371.2302657,924.96901477,2,0,0.0,7.5,16.0
3563,106.905,370.94379039,924.32975731,2,0,0.0,7.5,16.0
3564,106.935,370.65752317,923.69049985,2,0,0.0,7.5,16.0
3565,106.965,370.37146403,923.05124239,2,0,0.0,7.5,16.0
3566,106.995,370.08561117,922.41199932,2,0,0.0,7.5,16.0
3567,107.025,369.799856,921.77284395,2,0,0.0,7.5,16.0
3568,107.055,369.51401582,921.13378243,2,0,0.0,7.5,16.0
3569,107.085,369.22793658,920.49740069,2,0,0.0,7.5,16.0
3570,107.115,368.94135862,919.86187442,2,0,0.0,7.5,16.0
3571,107.145,368.65423771,919.23161567,2,0,0.0,7.5,16.0
3572,107.175,368.36643191,918.60143434,2,0,0.0,7.5,16.0
3573,107.205,368.077822,917.97127603,2,0,0.0,7.5,16.0
3574,107.235,367.78829537,917.34111276,2,0,0.0,7.5,16.0
3575,107.265,367.49788133,916.70942251,2,0,0.0,7.5,16.0
3576,107.295,367.20676253,916.07711696,2,0,0.0,7.5,16.0
3577,107.325,366.9149502,915.4448114,2,0,0.0,7.5,16.0
3578,107.355,366.62245372,914.81250933,2,0,0.0,7.5,16.0
3579,107.385,366.32928998,914.1802084,2,0,0.0,7.5,16.0
3580,107.415,366.03545878,913.54790746,2,0,0.0,7.5,16.0
3581,107.445,365.74097451,912.91561262,2,0,0.0,7.5,16.0
3582,107.475,365.4458615,912.28322346,2,0,0.0,7.5,16.0
3583,107.505,365.1503137,911.64850588,2,0,0.0,7.5,16.0
3584,107.535,364.85455725,911.01378268,2,0,0.0,7.5,16.0
3585,107.565,364.55862728,910.37903973,2,0,0.0,7.5,16.0
3586,107.595,364.26256268,909.74621808,2,0,0.0,7.5,16.0
3587,107.625,363.96649549,909.11477289,2,0,0.0,7.5,16.0
3588,107.655,363.67049891,908.48334853,2,0,0.0,7.5,16.0
3589,107.685,363.37462749,907.85193922,2,0,0.0,7.5,16.0
3590,107.715,363.07877171,907.22054522,2,0,0.0,7.5,16.0
3591,107.745,362.78290104,906.58915285,2,0,0.0,7.5,16.0
3592,107.775,362.48727758,905.9578793,2,0,0.0,7.5,16.0
3593,107.805,362.19261611,905.32758783,2,0,0.0,7.5,16.0
3594,107.835,361.89871702,904.70186695,2,0,0.0,7.5,16.0
3595,107.865,361.60544551,904.07614606,2,0,0.0,7.5,16.0
3596,107.895,361.31280159,903.45042518,2,0,0.0,7.5,16.0
3597,107.925,361.02072739,902.82745361,2,0,0.0,7.5,16.0
3598,107.955,360.72899626,902.20621498,2,0,0.0,7.5,16.0
3599,107.985,360.4375924,901.58497906,2,0,0.0,7.5,16.0
3600,108.015,360.14653807,900.96374329,2,0,0.0,7.5,16.0
3601,108.045,359.85582995,900.3438813,2,0,0.0,7.5,16.0
3602,108.075,359.5656324,899.72401594,2,0,0.0,7.5,16.0
3603,108.105,359.27603494,899.10415055,2,0,0.0,7.5,16.0
3604,108.135,358.98703922,898.48428464,2,0,0.0,7.5,16.0
3605,108.165,358.6986465,897.86441873,2,0,0.0,7.5,16.0
3606,108.195,358.41085677,897.24455282,2,0,0.0,7.5,16.0
3607,108.225,358.12367004,896.62468692,2,0,0.0,7.5,16.0
3608,108.255,357.8370315,896.00481607,2,0,0.0,7.5,16.0
3609,108.285,357.55089457,895.38494452,2,0,0.0,7.5,16.0
3610,108.315,357.26526452,894.76507311,2,0,0.0,7.5,16.0
3611,108.345,356.9801707,894.14520103,2,0,0.0,7.5,16.0
3612,108.375,356.69558519,893.5277305,2,0,0.0,7.5,16.0
3613,108.405,356.41120981,892.91264847,2,0,0.0,7.5,16.0
3614,108.435,356.12698834,892.29756049,2,0,0.0,7.5,16.0
3615,108.465,355.84297663,891.68115673,2,0,0.0,7.5,16.0
3616,108.495,355.5593051,891.06410885,2,0,0.0,7.5,16.0
3617,108.525,355.27596156,890.44706097,2,0,0.0,7.5,16.0
3618,108.555,354.99299324,889.82768842,2,0,0.0,7.5,16.0
3619,108.585,354.71045181,889.20822564,2,0,0.0,7.5,16.0
3620,108.615,354.42835126,888.58874785,2,0,0.0,7.5,16.0
3621,108.645,354.14670704,887.96927109,2,0,0.0,7.5,16.0
3622,108.675,353.86550453,887.3497935,2,0,0.0,7.5,16.0
3623,108.705,353.5847539,886.73031487,2,0,0.0,7.5,16.0
3624,108.735,353.30450425,886.11082927,2,0,0.0,7.5,16.0
3625,108.765,353.02476873,885.49131326,2,0,0.0,7.5,16.0
3626,108.795,352.74553971,884.87504725,2,0,0.0,7.5,16.0
3627,108.825,352.46668883,884.2596175,2,0,0.0,8.25,17.0
3628,108.855,352.1882578,883.64393081,2,0,0.0,8.25,17.0
3629,108.885,351.9102868,883.0314251,2,0,0.0,8.25,17.0
3630,108.915,351.63271889,882.41890075,2,0,0.0,8.25,17.0
3631,108.945,351.3555753,881.80637287,2,0,0.0,8.25,17.0
3632,108.975,351.07885966,881.19384499,2,0,0.0,9.0,18.0
3633,109.005,350.80246595,880.58560231,2,0,0.0,9.0,18.0
3634,109.035,350.52627085,879.97656345,2,0,0.0,9.0,18.0
3635,109.065,350.25049502,879.36694518,2,0,0.0,9.0,18.0
3636,109.095,349.9751748,878.75732008,2,0,0.0,9.0,18.0
3637,109.125,349.70055149,878.14769482,2,0,0.0,9.0,18.0
3638,109.155,349.42672729,877.53806605,2,0,0.0,9.0,18.0
3639,109.185,349.15364899,876.93069047,2,0,0.0,9.0,18.0
3640,109.215,348.8810751,876.32546511,2,0,0.0,9.0,18.0
3641,109.245,348.60898139,875.72026935,2,0,0.0,9.0,18.0
3642,109.275,348.33744344,875.11510169,2,0,0.0,9.0,18.0
3643,109.305,348.06646768,874.50993433,2,0,0.0,9.0,18.0
3644,109.335,347.79605363,873.90476697,2,0,0.0,9.0,18.0
3645,109.365,347.52631607,873.2977319,2,0,0.0,9.0,18.0
3646,109.395,347.2573929,872.69060387,2,0,0.0,9.0,18.0
3647,109.425,346.98928438,872.08347584,2,0,0.0,9.0,18.0
3648,109.455,346.72199053,871.47634781,2,0,0.0,9.0,18.0
3649,109.485,346.45551134,870.86921977,2,0,0.0,9.0,18.0
3650,109.515,346.18982953,870.2620723,2,0,0.0,9.0,18.0
3651,109.545,345.92491487,869.65491834,2,0,0.0,9.0,18.0
3652,109.575,345.66077213,869.04775366,2,0,0.0,9.0,18.0
3653,109.605,345.39745391,868.44059217,2,0,0.0,9.0,18.0
3654,109.635,345.13515757,867.83181839,2,0,0.0,9.0,18.0
3655,109.665,344.8742983,867.22288592,2,0,0.0,9.0,18.0
3656,109.695,344.61494075,866.61594453,2,0,0.0,9.0,18.0
3657,109.725,344.35708711,866.00838361,2,0,0.0,9.0,18.0
3658,109.755,344.10062184,865.4008544,2,0,0.0,9.0,18.0
3659,109.785,343.84533675,864.79333787,2,0,0.0,9.0,18.0
3660,109.815,343.59121979,864.18582135,2,0,0.0,9.0,18.0
3661,109.845,343.33826701,863.57830525,2,0,0.0,9.0,18.0
3662,109.875,343.08644147,862.97077274,2,0,0.0,9.0,18.0
3663,109.905,342.83566609,862.36323361,2,0,0.0,9.0,18.0
3664,109.935,342.58595109,861.75569448,2,0,0.0,9.0,18.0
3665,109.965,342.33718531,861.15257058,2,0,0.0,9.0,18.0
3666,109.995,342.0891648,860.55358202,2,0,0.0,9.0,18.0
3667,110.025,341.84153489,859.95836254,2,0,0.0,9.0,18.0
3668,110.055,341.59389201,859.36221256,2,0,0.0,9.0,18.0
3669,110.085,341.3463577,858.76598361,2,0,0.0,9.0,18.0
3670,110.115,341.09884219,858.1697715,2,0,0.0,9.0,18.0
3671,110.145,340.85090771,857.5735498,2,0,0.0,9.0,18.0
3672,110.175,340.60245325,856.9772676,2,0,0.0,9.0,18.0
3673,110.205,340.35342285,856.38097782,2,0,0.0,9.0,18.0
3674,110.235,340.10384081,855.78467596,2,0,0.0,9.0,18.0
3675,110.265,339.85379606,855.18746055,2,0,0.0,9.0,18.0
3676,110.295,339.60332902,854.58916235,2,0,0.0,9.0,18.0
3677,110.325,339.35214359,853.99091837,2,0,0.0,9.0,18.0
3678,110.355,339.1009135,853.39267957,2,0,0.0,9.0,18.0
3679,110.385,338.84969699,852.79441508,2,0,0.0,9.0,18.0
3680,110.415,338.59824104,852.19610935,2,0,0.0,9.0,18.0
3681,110.445,338.3463203,851.59779615,2,0,0.0,9.0,18.0
3682,110.475,338.09379168,850.99947741,2,0,0.0,9.0,18.0
3683,110.505,337.84055828,850.40117305,2,0,0.0,9.0,18.0
3684,110.535,337.58699086,849.80283613,2,0,0.0,9.0,18.0
3685,110.565,337.33343829,849.20269511,2,0,0.0,9.0,18.0
3686,110.595,337.07996667,848.60487474,2,0,0.0,9.0,18.0
3687,110.625,336.82645816,848.00796786,2,0,0.0,9.0,18.0
3688,110.655,336.57291109,847.4110655,2,0,0.0,9.0,18.0
3689,110.685,336.31947234,846.81418037,2,0,0.0,9.0,18.0
3690,110.715,336.06616829,846.21727729,2,0,0.0,9.0,18.0
3691,110.745,335.81306687,845.61976638,2,0,0.0,9.0,18.0
3692,110.775,335.56039395,845.02053074,2,0,0.0,9.0,18.0
3693,110.805,335.30815211,844.42129848,2,0,0.0,9.0,18.0
3694,110.835,335.05634148,843.82206267,2,0,0.0,9.0,18.0
3695,110.865,334.80526553,843.22276192,2,0,0.0,9.0,18.0
3696,110.895,334.55537025,842.62705802,2,0,0.0,9.0,18.0
3697,110.925,334.30635713,842.03142181,2,0,0.0,9.0,18.0
3698,110.955,334.05831317,841.43576896,2,0,0.0,9.0,18.0
3699,110.985,333.81179255,840.84008931,2,0,0.0,9.0,18.0
3700,111.015,333.5669152,840.24451699,2,0,0.0,9.0,18.0
3701,111.045,333.3237665,839.64893834,2,0,0.0,9.0,18.0
3702,111.075,333.08214282,839.05599719,2,0,0.0,9.0,18.0
3703,111.105,332.84099012,838.46205186,2,0,0.0,9.0,18.0
3704,111.135,332.59971225,837.87194657,2,0,0.0,9.0,18.0
3705,111.165,332.35805114,837.28313613,2,0,0.0,9.0,18.0
3706,111.195,332.11601036,836.69388027,2,0,0.0,9.0,18.0
3707,111.225,331.87374814,836.10312672,2,0,0.0,9.0,18.0
3708,111.255,331.63135017,835.51237453,2,0,0.0,9.0,18.0
3709,111.285,331.38880599,834.92158962,2,0,0.0,9.0,18.0
3710,111.315,331.14613779,834.33078112,2,0,0.0,9.0,18.0
3711,111.345,330.90336167,833.73996899,2,0,0.0,9.0,18.0
3712,111.375,330.66047116,833.14915685,2,0,0.0,9.0,18.0
3713,111.405,330.41746626,832.55834471,2,0,0.0,9.0,18.0
3714,111.435,330.17436532,831.96680748,2,0,0.0,9.0,18.0
3715,111.465,329.93136881,831.37400602,2,0,0.0,9.0,18.0
3716,111.495,329.68848787,830.78121509,2,0,0.0,9.0,18.0
3717,111.525,329.44570426,830.19041729,2,0,0.0,9.0,18.0
3718,111.555,329.20280467,829.60094917,2,0,0.0,9.0,18.0
3719,111.585,328.95974544,829.01147971,2,0,0.0,9.0,18.0
3720,111.615,328.71657356,828.42203029,2,0,0.0,9.0,18.0
3721,111.645,329.01244419,841.93389866,1,0,0.5298605,8.0,20.0
3722,111.675,329.33379603,841.03159626,1,0,0.24308421,8.0,20.0
3723,111.705,329.65551584,840.12931694,1,0,0.24308421,8.0,20.0
3724,111.735,329.97748407,839.22706935,1,0,0.24308421,8.0,20.0
3725,111.765,330.29959617,838.3267061,1,0,0.24308421,8.0,20.0
3726,111.795,330.62171228,837.42794062,1,0,0.24308421,8.0,20.0
3727,111.825,330.94381297,836.52917515,1,0,0.24308421,8.0,20.0
3728,111.855,331.26589824,835.63040968,1,0,0.24308421,4.0,18.0
3729,111.885,331.5879681,834.73164421,1,0,0.24308421,4.0,18.0
3730,111.915,331.90980083,833.83109479,1,0,0.24308421,4.0,18.0
3731,111.945,332.23090754,832.93002045,1,0,0.24308421,4.0,18.0
3732,111.975,332.55115055,832.028934,1,0,0.24308421,4.0,18.0
3733,112.005,332.87055593,831.1278458,1,0,0.24308421,4.0,18.0
3734,112.035,333.189128,830.2267576,1,0,0.24308421,0.0,0.0
3735,112.065,333.01720383,829.59834587,1,0,0.0,0.0,0.0
3736,112.095,332.77008187,829.01131383,1,0,0.0,0.0,0.0
3737,112.125,332.52206632,828.42428179,1,0,0.0,0.0,0.0
3738,112.155,332.27316968,827.8366162,1,0,0.0,0.0,0.0
3739,112.185,332.02358308,827.24765856,1,0,0.0,0.0,0.0
3740,112.215,331.77336755,826.6598705,1,0,0.0,0.0,0.0
3741,112.245,331.5223903,826.07473827,1,0,0.0,0.0,0.0
3742,112.275,331.27060615,825.48959802,1,0,0.0,0.0,0.0
3743,112.305,331.01819685,824.90176374,1,0,0.0,0.0,0.0
3744,112.335,330.7653828,824.31359461,1,0,0.0,0.0,0.0
3745,112.365,330.51233188,823.72371637,1,0,0.0,0.0,0.0
3746,112.395,330.25914733,823.13383812,1,0,0.0,0.0,0.0
3747,112.425,330.00582913,822.54395987,1,0,0.0,0.0,0.0
3748,112.455,329.75222841,821.95881191,1,0,0.0,0.0,0.0
3749,112.485,329.49811373,821.37631509,1,0,0.0,0.0,0.0
3750,112.515,329.24334016,820.7944531,1,0,0.0,0.0,0.0
3751,112.545,328.98790265,820.21259078,1,0,0.0,0.0,0.0
3752,112.575,328.73201371,819.63065065,1,0,0.0,0.0,0.0
3753,112.605,328.4766495,819.04866275,1,0,0.0,0.0,0.0
3754,112.635,328.22190558,818.46667492,1,0,0.0,0.0,0.0
3755,112.665,327.96776983,817.88597752,1,0,0.0,0.0,0.0
3756,112.695,327.71412991,817.30721482,1,0,0.0,0.0,0.0
3757,112.725,327.46095836,816.72845211,1,0,0.0,0.0,0.0
3758,112.755,327.20825517,816.1496894,1,0,0.0,0.0,0.0
3759,112.785,326.95602034,815.5709267,1,0,0.0,0.0,0.0
3760,112.815,326.70425388,814.99216399,1,0,0.0,0.0,0.0
3761,112.845,326.45295578,814.41340128,1,0,0.0,0.0,0.0
3762,112.875,326.20210756,813.8346184,1,0,0.0,0.0,0.0
3763,112.905,325.95164463,813.25582445,1,0,0.0,0.0,0.0
3764,112.935,325.70155846,812.67705478,1,0,0.0,0.0,0.0
3765,112.965,325.45182717,812.09831394,1,0,0.0,0.0,0.0
3766,112.995,325.20244246,811.51957312,1,0,0.0,0.0,0.0
3767,113.025,324.95327581,810.94076754,1,0,0.0,0.0,0.0
3768,113.055,324.70403217,810.36188404,1,0,0.0,0.0,0.0
3769,113.085,324.45480554,809.78207835,1,0,0.0,0.0,0.0
3770,113.115,324.20565824,809.20082021,1,0,0.0,0.0,0.0
3771,113.145,323.95666695,808.61801418,1,0,0.0,0.0,0.0
3772,113.175,323.70781704,808.03490045,1,0,0.0,0.0,0.0
3773,113.205,323.45917441,807.45180097,1,0,0.0,0.0,0.0
3774,113.235,323.21074533,806.86870149,1,0,0.0,0.0,0.0
3775,113.265,322.9625361,806.28513168,1,0,0.0,0.0,0.0
3776,113.295,322.71469522,805.70008033,1,0,0.0,0.0,0.0
3777,113.325,322.46728532,805.11502898,1,0,0.0,0.0,0.0
3778,113.355,322.22030641,804.52997762,1,0,0.0,0.0,0.0
3779,113.385,321.97375771,803.94506926,1,0,0.0,0.0,0.0
3780,113.415,321.72749151,803.3636494,1,0,0.0,0.0,0.0
3781,113.445,321.48136296,802.78339398,1,0,0.0,0.0,0.0
3782,113.475,321.23518663,802.20496558,1,0,0.0,0.0,0.0
3783,113.505,320.98889678,801.62655949,1,0,0.0,0.0,0.0
3784,113.535,320.7424456,801.04815882,1,0,0.0,0.0,0.0
3785,113.565,320.49585001,800.46976878,1,0,0.0,0.0,0.0
3786,113.595,320.24912279,799.89324049,1,0,0.0,0.0,0.0
3787,113.625,320.00214356,799.31786907,1,0,0.0,0.0,0.0
3788,113.655,319.75478938,798.74236003,1,0,0.0,0.0,0.0
3789,113.685,319.50713592,798.16422227,1,0,0.0,0.0,0.0
3790,113.715,319.25971062,797.58607333,1,0,0.0,0.0,0.0
3791,113.745,319.01264181,797.00792968,1,0,0.0,0.0,0.0
3792,113.775,318.76594279,796.42978604,1,0,0.0,0.0,0.0
3793,113.805,318.51954169,795.85501486,1,0,0.0,0.0,0.0
3794,113.835,318.27326942,795.28130143,1,0,0.0,0.0,0.0
3795,113.865,318.02711891,794.70758801,1,0,0.0,0.0,0.0
3796,113.895,317.78109016,794.13387458,1,0,0.0,0.0,0.0
3797,113.925,317.53518317,793.56016115,1,0,0.0,0.0,0.0
3798,113.955,317.28939795,792.98644772,1,0,0.0,0.0,0.0
3799,113.985,317.04372243,792.41274136,1,0,0.0,0.0,0.0
3800,114.015,316.79794503,791.83905289,1,0,0.0,0.0,0.0
3801,114.045,316.55198836,791.26536443,1,0,0.0,0.0,0.0
3802,114.075,316.3058524,790.69167597,1,0,0.0,0.0,0.0
3803,114.105,316.05953716,790.1179875,1,0,0.0,0.0,0.0
3804,114.135,315.81309469,789.54289304,1,0,0.0,0.0,0.0
3805,114.165,315.56666243,788.96727102,1,0,0.0,0.0,0.0
3806,114.195,315.32024772,788.39164899,1,0,0.0,0.0,0.0
3807,114.225,315.07390796,787.81455879,1,0,0.0,0.0,0.0
3808,114.255,314.82812773,787.23705751,1,0,0.0,0.0,0.0
3809,114.285,314.58324594,786.65913485,1,0,0.0,0.0,0.0
3810,114.315,314.33917809,786.07918074,1,0,0.0,0.0,0.0
3811,114.345,314.09600354,785.49922663,1,0,0.0,0.0,0.0
3812,114.375,313.85372229,784.91927252,1,0,0.0,0.0,0.0
3813,114.405,313.61268173,784.33946447,1,0,0.0,0.0,0.0
3814,114.435,313.37326192,783.760855,1,0,0.0,0.0,0.0
3815,114.465,313.13532176,783.18384632,1,0,0.0,0.0,0.0
3816,114.495,312.89891301,782.60680421,1,0,0.0,0.0,0.0
3817,114.525,312.66395198,782.32541291,1,0,0.0,0.0,0.0
3818,114.555,312.43014763,782.05948204,1,0,0.0,0.0,0.0
3819,114.585,312.1974113,781.79355117,1,0,0.0,0.0,0.0
3820,114.615,311.96561586,781.53081854,1,0,0.0,0.0,0.0
3821,114.645,311.73458356,781.26822474,1,0,0.0,0.0,0.0
3822,114.675,311.50423824,781.005641,1,0,0.0,0.0,0.0
3823,114.705,311.27438854,780.74305075,1,0,0.0,0.0,0.0
3824,114.735,311.04498966,780.48043846,1,0,0.0,0.0,0.0
3825,114.765,310.81603535,780.21782962,1,0,0.0,0.0,0.0
3826,114.795,310.5875324,779.95521995,1,0,0.0,0.0,0.0
3827,114.825,310.35946725,779.69258318,1,0,0.0,0.0,0.0
3828,114.855,310.13182837,779.42994637,1,0,0.0,0.0,0.0
3829,114.885,309.90462418,779.16730938,1,0,0.0,0.0,0.0
3830,114.915,309.67789384,778.90465089,1,0,0.0,0.0,0.0
3831,114.945,309.4518394,778.36483102,2,0,0.0,0.0,0.0
3832,114.975,309.22671633,777.78355909,2,0,0.0,0.0,0.0
3833,115.005,309.00235313,777.20238682,2,0,0.0,0.0,0.0
3834,115.035,308.77812106,776.62125605,2,0,0.0,0.0,0.0
3835,115.065,308.55370366,776.04020814,2,0,0.0,0.0,0.0
3836,115.095,308.32877763,775.45639562,2,0,0.0,0.0,0.0
3837,115.125,308.10354641,774.87216859,2,0,0.0,0.0,0.0
3838,115.155,307.87812531,774.28627249,2,0,0.0,0.0,0.0
3839,115.185,307.6525634,773.70019344,2,0,0.0,0.0,0.0
3840,115.215,307.42682667,773.11633355,2,0,0.0,0.0,0.0
3841,115.245,307.20084952,772.53248092,2,0,0.0,0.0,0.0
3842,115.275,306.9744766,771.94861933,2,0,0.0,0.0,0.0
3843,115.305,306.74767667,771.36477561,2,0,0.0,0.0,0.0
3844,115.335,306.52042309,770.78093491,2,0,0.0,0.0,0.0
3845,115.365,306.29276573,770.19711558,2,0,0.0,0.0,0.0
3846,115.395,306.06502136,769.61335195,2,0,0.0,0.0,0.0
3847,115.425,305.83738286,769.02961464,2,0,0.0,0.0,0.0
3848,115.455,305.61016279,768.44825329,2,0,0.0,0.0,0.0
3849,115.485,305.38411111,767.86782917,2,0,0.0,0.0,0.0
3850,115.515,305.15860442,767.28874892,2,0,0.0,0.0,0.0
3851,115.545,304.93303065,766.70777133,2,0,0.0,0.0,0.0
3852,115.575,304.70742667,766.12679415,2,0,0.0,0.0,0.0
3853,115.605,304.48176334,765.54582814,2,0,0.0,0.0,0.0
3854,115.635,304.25601891,764.96486375,2,0,0.0,0.0,0.0
3855,115.665,304.03019349,764.38389937,2,0,0.0,0.0,0.0
3856,115.695,303.80428715,763.80293496,2,0,0.0,0.0,0.0
3857,115.725,303.57834314,763.22197008,2,0,0.0,0.0,0.0
3858,115.755,303.35239595,762.64100471,2,0,0.0,0.0,0.0
3859,115.785,303.12643367,762.06003853,2,0,0.0,0.0,0.0
3860,115.815,302.90045576,761.4795872,2,0,0.0,0.0,0.0
3861,115.845,302.67432103,760.90179714,2,0,0.0,0.0,0.0
3862,115.875,302.44794935,760.32400709,2,0,0.0,0.0,0.0
3863,115.905,302.22138612,759.74621718,2,0,0.0,0.0,0.0
3864,115.935,301.99471313,759.16842305,2,0,0.0,0.0,0.0
3865,115.965,301.76791317,758.59062644,2,0,0.0,0.0,0.0
3866,115.995,301.54101061,758.01293297,2,0,0.0,0.0,0.0
3867,116.025,301.31403772,757.4352395,2,0,0.0,0.0,0.0
3868,116.055,301.0869945,756.85754603,2,0,0.0,0.0,0.0
3869,116.085,300.85988589,756.27985037,2,0,0.0,0.0,0.0
3870,116.115,300.63271837,755.70215947,2,0,0.0,0.0,0.0
3871,116.145,300.4054394,755.12381349,2,0,0.0,0.0,0.0
3872,116.175,300.1782661,754.54218775,2,0,0.0,0.0,0.0
3873,116.205,299.95128398,753.96057162,2,0,0.0,0.0,0.0
3874,116.235,299.72441834,753.37910484,2,0,0.0,0.0,0.0
3875,116.265,299.49691523,752.79773874,2,0,0.0,0.0,0.0
3876,116.295,299.26864851,752.21639704,2,0,0.0,0.0,0.0
3877,116.325,299.03960361,751.63505965,2,0,0.0,0.0,0.0
3878,116.355,298.80978028,751.05372226,2,0,0.0,0.0,0.0
3879,116.385,298.57921156,750.47233299,2,0,0.0,0.0,0.0
3880,116.415,298.34801873,749.89091351,2,0,0.0,0.0,0.0
3881,116.445,298.11621229,749.30971843,2,0,0.0,0.0,0.0
3882,116.475,297.88358574,748.73338292,2,0,0.0,0.0,0.0
3883,116.505,297.64993434,748.15710979,2,0,0.0,0.0,0.0
3884,116.535,297.41536209,747.57857486,2,0,0.0,0.0,0.0
3885,116.565,297.1801259,746.9993435,2,0,0.0,0.0,0.0
3886,116.595,296.94421917,746.42014879,2,0,0.0,0.0,0.0
3887,116.625,296.70752255,745.84413488,2,0,0.0,0.0,0.0
3888,116.655,296.46995824,745.2688229,2,0,0.0,0.0,0.0
3889,116.685,296.23185443,744.69349689,2,0,0.0,0.0,0.0
3890,116.715,295.99323947,744.11817289,2,0,0.0,0.0,0.0
3891,116.745,295.75413678,743.54285102,2,0,0.0,0.0,0.0
3892,116.775,295.51458822,742.96604675,2,0,0.0,0.0,0.0
3893,116.805,295.27484347,742.38828196,2,0,0.0,0.0,0.0
3894,116.835,295.0349749,741.81051718,2,0,0.0,0.0,0.0
3895,116.865,294.79498253,741.23275239,2,0,0.0,0.0,0.0
3896,116.895,294.55486837,740.65498796,2,0,0.0,0.0,0.0
3897,116.925,294.31476515,740.07721003,2,0,0.0,0.0,0.0
3898,116.955,294.0747562,739.4994321,2,0,0.0,0.0,0.0
3899,116.985,293.83484153,738.92165417,2,0,0.0,0.0,0.0
3900,117.015,293.59502309,738.34387197,2,0,0.0,0.0,0.0
3901,117.045,293.35537356,737.76607744,2,0,0.0,0.0,0.0
3902,117.075,293.11587568,737.19059607,2,0,0.0,0.0,0.0
3903,117.105,292.87638218,736.6158227,2,0,0.0,0.0,0.0
3904,117.135,292.63688653,736.0404532,2,0,0.0,0.0,0.0
3905,117.165,292.39748096,735.46370314,2,0,0.0,0.0,0.0
3906,117.195,292.15824995,734.88556699,2,0,0.0,0.0,0.0
3907,117.225,291.91932237,734.30684538,2,0,0.0,0.0,0.0
3908,117.255,291.68074227,733.72810539,2,0,0.0,0.0,0.0
3909,117.285,291.44249418,733.1493591,2,0,0.0,0.0,0.0
3910,117.315,291.20456554,732.57061485,2,0,0.0,0.0,0.0
3911,117.345,290.96686553,731.99187122,2,0,0.0,0.0,0.0
3912,117.375,290.72935826,731.41312713,2,0,0.0,0.0,0.0
3913,117.405,290.49204333,730.83438304,2,0,0.0,0.0,0.0
3914,117.435,290.25488524,730.25616217,2,0,0.0,0.0,0.0
3915,117.465,290.01769017,729.67989537,2,0,0.0,0.0,0.0
3916,117.495,289.78033556,729.10564923,2,0,0.0,0.0,0.0
3917,117.525,289.54261594,728.53179337,2,0,0.0,0.0,0.0
3918,117.555,289.30441826,727.95793652,2,0,0.0,0.0,0.0
3919,117.585,289.06574824,727.38408264,2,0,0.0,0.0,0.0
3920,117.615,288.82674864,726.81023487,2,0,0.0,0.0,0.0
3921,117.645,288.58747134,726.23638711,2,0,0.0,0.0,0.0
3922,117.675,288.34787157,725.66252977,2,0,0.0,0.0,0.0
3923,117.705,288.10792642,725.08867154,2,0,0.0,0.0,0.0
3924,117.735,287.86766561,724.51479953,2,0,0.0,0.0,0.0
3925,117.765,287.62697212,723.94092218,2,0,0.0,0.0,0.0
3926,117.795,287.38593724,723.36705929,2,0,0.0,0.0,0.0
3927,117.825,287.14450369,722.79316118,2,0,0.0,0.0,0.0
3928,117.855,286.90230475,722.21925392,2,0,0.0,0.0,0.0
3929,117.885,286.65876198,721.64532709,2,0,0.0,0.0,0.0
3930,117.915,286.41406536,721.07144254,2,0,0.0,0.0,0.0
3931,117.945,286.16898466,720.49756228,2,0,0.0,0.0,0.0
3932,117.975,285.92362978,719.92367589,2,0,0.0,0.0,0.0
3933,118.005,285.67789352,719.3477212,2,0,0.0,0.0,0.0
3934,118.035,285.42876329,718.76956039,2,0,0.0,0.0,0.0
3935,118.065,285.17860668,718.19191051,2,0,0.0,0.0,0.0
3936,118.095,284.92856385,717.61605832,2,0,0.0,0.0,0.0
3937,118.125,284.67864512,717.04010386,2,0,0.0,0.0,0.0
3938,118.155,284.42905725,716.46211195,2,0,0.0,0.0,0.0
3939,118.185,284.17980997,715.88409308,2,0,0.0,0.0,0.0
3940,118.215,283.93089104,715.30607417,2,0,0.0,0.0,0.0
3941,118.245,283.68237783,714.7260895,2,0,0.0,0.0,0.0
3942,118.275,283.43435067,714.14601269,2,0,0.0,0.0,0.0
3943,118.305,283.18678674,713.56591887,2,0,0.0,0.0,0.0
3944,118.335,282.93963618,712.98831647,2,0,0.0,0.0,0.0
3945,118.365,282.69275004,712.41107945,2,0,0.0,0.0,0.0
3946,118.395,282.44611033,711.83384192,2,0,0.0,0.0,0.0
3947,118.425,282.19971562,711.25686245,2,0,0.0,0.0,0.0
3948,118.455,281.953464,710.68200512,2,0,0.0,0.0,0.0
3949,118.485,281.7073131,710.10715696,2,0,0.0,0.0,0.0
3950,118.515,281.4613109,709.53292682,2,0,0.0,0.0,0.0
3951,118.545,281.21533671,708.96040707,2,0,0.0,0.0,0.0
3952,118.575,280.969331,708.38788785,2,0,0.0,0.0,0.0
3953,118.605,280.7233409,707.81538193,2,0,0.0,0.0,0.0
3954,118.635,280.47739813,707.24287601,2,0,0.0,0.0,0.0
3955,118.665,280.2315027,706.6703701,2,0,0.0,0.0,0.0
3956,118.695,279.98565462,706.09786418,2,0,0.0,0.0,0.0
3957,118.725,279.73985179,705.52535328,2,0,0.0,0.0,0.0
3958,118.755,279.49401872,704.95280024,2,0,0.0,0.0,0.0
3959,118.785,279.24810076,704.38024478,2,0,0.0,0.0,0.0
3960,118.815,279.00208922,703.80767426,2,0,0.0,0.0,0.0
3961,118.845,278.75594087,703.23502658,2,0,0.0,0.0,0.0
3962,118.875,278.50957819,702.66233307,2,0,0.0,0.0,0.0
3963,118.905,278.26298504,702.0896393,2,0,0.0,0.0,0.0
3964,118.935,278.01615683,701.51694518,2,0,0.0,0.0,0.0
3965,118.965,277.76909181,700.94425075,2,0,0.0,0.0,0.0
3966,118.995,277.52178545,700.37155597,2,0,0.0,0.0,0.0
3967,119.025,277.27430536,699.79891513,2,0,0.0,0.0,0.0
3968,119.055,277.02672464,699.22627583,2,0,0.0,0.0,0.0
3969,119.085,276.77904106,698.65363652,2,0,0.0,0.0,0.0
3970,119.115,276.53133889,698.08102448,2,0,0.0,0.0,0.0
3971,119.145,276.28376395,697.50747401,2,0,0.0,0.0,0.0
3972,119.175,276.0364379,696.93283798,2,0,0.0,0.0,0.0
3973,119.205,275.78938017,696.35820189,2,0,0.0,0.0,0.0
3974,119.235,275.54259052,695.7835658,2,0,0.0,0.0,0.0
3975,119.265,275.29606896,695.20892971,2,0,0.0,0.0,0.0
3976,119.295,275.04989496,694.63228422,2,0,0.0,0.0,0.0
3977,119.325,274.80423675,694.05309115,2,0,0.0,0.0,0.0
3978,119.355,274.55916589,693.47389808,2,0,0.0,0.0,0.0
3979,119.385,274.31454868,692.89474485,2,0,0.0,0.0,0.0
3980,119.415,274.07022364,692.31559368,2,0,0.0,0.0,0.0
3981,119.445,273.82614578,691.73810666,2,0,0.0,0.0,0.0
3982,119.475,273.58219772,691.16123946,2,0,0.0,0.0,0.0
3983,119.505,273.33848244,690.58138061,2,0,0.0,0.0,0.0
3984,119.535,273.0950921,690.00322959,2,0,0.0,0.0,0.0
3985,119.565,272.85169489,689.42772996,2,0,0.0,0.0,0.0
3986,119.595,272.60809153,688.85508018,2,0,0.0,0.0,0.0
3987,119.625,272.36414031,688.28353745,2,0,0.0,0.0,0.0
3988,119.655,272.11987661,687.71204173,2,0,0.0,0.0,0.0
3989,119.685,271.87535459,687.14054731,2,0,0.0,0.0,0.0
3990,119.715,271.63056573,686.5690524,2,0,0.0,0.0,0.0
3991,119.745,271.38554261,685.99758895,2,0,0.0,0.0,0.0
3992,119.775,271.1404146,685.42614498,2,0,0.0,0.0,0.0
3993,119.805,270.89519471,684.85470101,2,0,0.0,0.0,0.0
3994,119.835,270.64988295,684.28325705,2,0,0.0,0.0,0.0
3995,119.865,270.4044793,683.71181308,2,0,0.0,0.0,0.0
3996,119.895,270.15898378,683.14036911,2,0,0.0,0.0,0.0
3997,119.925,269.91339638,682.56892514,2,0,0.0,0.0,0.0
3998,119.955,269.6677171,681.99748117,2,0,0.0,0.0,0.0
3999,119.985,269.42194153,681.42604244,2,0,0.0,0.0,0.0
4000,120.015,269.17604717,680.85460815,2,0,0.0,0.0,0.0
4001,120.045,268.93003085,680.28317385,2,0,0.0,0.0,0.0
4002,120.075,268.68389258,679.71173955,2,0,0.0,0.0,0.0
4003,120.105,268.4376289,679.14031111,2,0,0.0,0.0,0.0
4004,120.135,268.19120991,678.56889094,2,0,0.0,0.0,0.0
4005,120.165,267.94465977,677.99606869,2,0,0.0,0.0,0.0
4006,120.195,267.69807264,677.42257263,2,0,0.0,0.0,0.0
4007,120.225,267.4511986,676.84906778,2,0,0.0,0.0,0.0
4008,120.255,267.20388007,676.27556293,2,0,0.0,0.0,0.0
4009,120.285,266.95611704,675.70205808,2,0,0.0,0.0,0.0
4010,120.315,266.70790952,675.12855323,2,0,0.0,0.0,0.0
4011,120.345,266.45930341,674.55346744,2,0,0.0,0.0,0.0
4012,120.375,266.21068746,673.97789559,2,0,0.0,0.0,0.0
4013,120.405,265.96288222,673.40233526,2,0,0.0,0.0,0.0
4014,120.435,265.71651842,672.82708012,2,0,0.0,0.0,0.0
4015,120.465,265.47145535,672.25372677,2,0,0.0,0.0,0.0
4016,120.495,265.22749921,671.6803745,2,0,0.0,0.0,0.0
4017,120.525,264.98463259,671.10701677,2,0,0.0,0.0,0.0
4018,120.555,264.74248093,670.53370175,2,0,0.0,0.0,0.0
4019,120.585,264.50015048,669.95982607,2,0,0.0,0.0,0.0
4020,120.615,264.25774802,669.38490425,2,0,0.0,0.0,0.0
4021,120.645,264.01519587,668.81119011,2,0,0.0,0.0,0.0
4022,120.675,263.77247337,668.23747598,2,0,0.0,0.0,0.0
4023,120.705,263.52958051,667.66376185,2,0,0.0,0.0,0.0
4024,120.735,263.28651731,667.09004772,2,0,0.0,0.0,0.0
4025,120.765,263.04328389,666.51633399,2,0,0.0,0.0,0.0
4026,120.795,262.79990458,665.94262501,2,0,0.0,0.0,0.0
4027,120.825,262.55639749,665.36891604,2,0,0.0,0.0,0.0
4028,120.855,262.31275893,664.79531076,2,0,0.0,0.0,0.0
4029,120.885,262.06880555,664.22419657,2,0,0.0,0.0,0.0
4030,120.915,261.82439146,663.65308205,2,0,0.0,0.0,0.0
4031,120.945,261.57951655,663.08196754,2,0,0.0,0.0,0.0
4032,120.975,261.33418081,662.51085303,2,0,0.0,0.0,0.0
4033,121.005,261.08843857,661.93742068,2,0,0.0,0.0,0.0
4034,121.035,260.84225885,661.36634686,2,0,0.0,0.0,0.0
4035,121.065,260.59571505,660.79531486,2,0,0.0,0.0,0.0
4036,121.095,260.34929905,660.22430254,2,0,0.0,0.0,0.0
4037,121.125,260.103063,659.65332233,2,0,0.0,0.0,0.0
4038,121.155,259.85713567,659.08235319,2,0,0.0,0.0,0.0
4039,121.185,259.61164186,658.51013536,2,0,0.0,0.0,0.0
4040,121.215,259.36671768,657.9374315,2,0,0.0,0.0,0.0
4041,121.245,259.1224148,657.36473837,2,0,0.0,0.0,0.0
4042,121.275,258.87884711,656.79204657,2,0,0.0,0.0,0.0
4043,121.305,258.63601691,656.21935477,2,0,0.0,0.0,0.0
4044,121.335,258.39392421,655.64666297,2,0,0.0,0.0,0.0
4045,121.365,258.152569,655.07397117,2,0,0.0,0.0,0.0
4046,121.395,257.91196388,654.50038283,2,0,0.0,0.0,0.0
4047,121.425,257.67221286,653.92559506,2,0,0.0,0.0,0.0
4048,121.455,257.43346776,653.35149131,2,0,0.0,0.0,0.0
4049,121.485,257.19568592,652.77838134,2,0,0.0,0.0,0.0
4050,121.515,256.95889187,652.20527928,2,0,0.0,0.0,0.0
4051,121.545,256.72295448,651.63212829,2,0,0.0,0.0,0.0
4052,121.575,256.48774382,651.0589773,2,0,0.0,0.0,0.0
4053,121.605,256.25323168,650.48585793,2,0,0.0,0.0,0.0
4054,121.635,256.01919382,649.91278009,2,0,0.0,0.0,0.0
4055,121.665,255.7855707,649.34036635,2,0,0.0,0.0,0.0
4056,121.695,255.55244425,648.76946761,2,0,0.0,0.0,0.0
4057,121.725,255.32000619,648.19856887,2,0,0.0,0.0,0.0
4058,121.755,255.08825502,647.62767129,2,0,0.0,0.0,0.0
4059,121.785,254.85722456,647.05676435,2,0,0.0,0.0,0.0
4060,121.815,254.62697218,646.48583634,2,0,0.0,0.0,0.0
4061,121.845,254.39752188,645.91406776,2,0,0.0,0.0,0.0
4062,121.875,254.16893676,645.34110737,2,0,0.0,0.0,0.0
4063,121.905,253.94147402,644.76627194,2,0,0.0,0.0,0.0
4064,121.935,253.71523603,644.19143653,2,0,0.0,0.0,0.0
4065,121.965,253.49022274,643.61660112,2,0,0.0,0.0,0.0
4066,121.995,253.26639857,643.04276822,2,0,0.0,0.0,0.0
4067,122.025,253.04371226,642.4690196,2,0,0.0,0.0,0.0
4068,122.055,252.82216111,641.89527098,2,0,0.0,0.0,0.0
4069,122.085,252.60173209,641.32152231,2,0,0.0,0.0,0.0
4070,122.115,252.38234545,640.74777398,2,0,0.0,0.0,0.0
4071,122.145,252.16403314,640.17485035,2,0,0.0,0.0,0.0
4072,122.175,251.94665325,639.60363072,2,0,0.0,0.0,0.0
4073,122.205,251.73018263,639.0324058,2,0,0.0,0.0,0.0
4074,122.235,251.514716,638.46117803,2,0,0.0,0.0,0.0
4075,122.265,251.30013726,637.88995131,2,0,0.0,0.0,0.0
4076,122.295,251.0864059,637.31874883,2,0,0.0,0.0,0.0
4077,122.325,250.8734896,636.74754634,2,0,0.0,0.0,0.0
4078,122.355,250.66138761,636.17634363,2,0,0.0,0.0,0.0
4079,122.385,250.45009878,635.60514088,2,0,0.0,0.0,0.0
4080,122.415,250.23961632,635.0339373,2,0,0.0,0.0,0.0
4081,122.445,250.02992651,634.46272441,2,0,0.0,0.0,0.0
4082,122.475,249.82110726,633.88936075,2,0,0.0,0.0,0.0
4083,122.505,249.40999558,633.31769737,2,0,0.0,0.0,0.0
4084,122.535,248.73348748,632.74825836,2,0,0.0,0.0,0.0
4085,122.565,248.05856182,632.17881934,2,0,0.0,0.0,0.0
4086,122.595,247.38521752,631.60937396,2,0,0.0,0.0,0.0
4087,122.625,246.71342997,631.04031368,2,0,0.0,0.0,0.0
4088,122.655,246.04316212,630.47129157,2,0,0.0,0.25,2.0
4089,122.685,245.37438728,629.90227698,2,0,0.0,0.25,2.0
4090,122.715,244.70707148,629.33368096,2,0,0.0,0.75,4.0
4091,122.745,244.04106151,628.76712837,2,0,0.0,0.75,4.0
4092,122.775,243.3761754,628.20057417,2,0,0.0,0.75,4.0
4093,122.805,242.71228711,627.63401154,2,0,0.0,0.75,4.0
4094,122.835,242.0494623,627.067811,2,0,0.0,0.75,4.0
4095,122.865,241.38775992,626.50166222,2,0,0.0,0.75,4.0
4096,122.895,240.72725055,625.93551058,2,0,0.0,0.75,4.0
4097,122.925,240.23016853,613.36443163,2,0,0.0,0.75,4.0
4098,122.955,240.04127323,612.80195533,2,0,0.0,0.75,4.0
4099,122.985,239.852397,612.23947596,2,0,0.0,0.75,4.0
4100,123.015,239.66354766,611.67699499,2,0,0.0,0.75,4.0
4101,123.045,239.47473589,611.1145127,2,0,0.0,0.75,4.0
4102,123.075,239.28595755,610.55202427,2,0,0.0,0.75,4.0
4103,123.105,239.09719215,609.98953243,2,0,0.0,0.75,4.0
4104,123.135,238.90843789,609.42704058,2,0,0.0,0.75,4.0
4105,123.165,238.71968493,608.86403979,2,0,0.0,0.75,4.0
4106,123.195,238.53104274,608.29888096,2,0,0.0,0.75,4.0
4107,123.225,238.3425692,607.73371372,2,0,0.0,0.75,4.0
4108,123.255,238.15425786,607.1685421,2,0,0.0,0.75,4.0
4109,123.285,237.96603382,606.60338754,2,0,0.0,0.75,4.0
4110,123.315,237.7774987,606.0382875,2,0,0.0,0.75,4.0
4111,123.345,237.58854167,605.47318223,2,0,0.0,0.75,4.0
4112,123.375,237.39917473,604.9080758,2,0,0.0,0.75,4.0
4113,123.405,237.20940077,604.34296938,2,0,0.0,0.75,4.0
4114,123.435,237.01920517,603.77923124,2,0,0.0,0.75,4.0
4115,123.465,236.82844484,603.2174501,2,0,0.0,0.75,4.0
4116,123.495,236.63704735,602.6558197,2,0,0.0,0.75,4.0
4117,123.525,236.44508532,602.09287606,2,0,0.0,0.75,4.0
4118,123.555,236.25269101,601.52894849,2,0,0.0,0.75,4.0
4119,123.585,236.05985612,600.96473516,2,0,0.0,0.75,4.0
4120,123.615,235.86671732,600.39936796,2,0,0.0,0.75,4.0
4121,123.645,235.67333474,599.83400178,2,0,0.0,0.75,4.0
4122,123.675,235.47971148,599.26864304,2,0,0.0,0.75,4.0
4123,123.705,235.28589747,598.70330831,2,0,0.0,0.75,4.0
4124,123.735,235.09191674,598.13797327,2,0,0.0,0.75,4.0
4125,123.765,234.89777179,597.57263803,2,0,0.0,0.75,4.0
4126,123.795,234.70343789,597.00916232,2,0,0.0,0.75,4.0
4127,123.825,234.50888299,596.4458123,2,0,0.0,0.75,4.0
4128,123.855,234.31411109,595.88243171,2,0,0.0,0.75,4.0
4129,123.885,234.11914291,595.31904366,2,0,0.0,0.75,4.0
4130,123.915,233.92398202,594.7556556,2,0,0.0,0.75,4.0
4131,123.945,233.7286284,594.19226754,2,0,0.0,0.75,4.0
4132,123.975,233.5330732,593.62944597,2,0,0.0,0.75,4.0
4133,124.005,233.33722535,593.06755952,2,0,0.0,0.75,4.0
4134,124.035,233.14110288,592.50564465,2,0,0.0,0.75,4.0
4135,124.065,232.94479429,591.94372006,2,0,0.0,0.75,4.0
4136,124.095,232.74830705,591.38179598,2,0,0.0,0.75,4.0
4137,124.125,232.55163893,590.81987849,2,0,0.0,0.75,4.0
4138,124.155,232.35478822,590.257961,2,0,0.0,0.75,4.0
4139,124.185,232.15775491,589.69604352,2,0,0.0,0.75,4.0
4140,124.215,231.96053901,589.13412603,2,0,0.0,0.75,4.0
4141,124.245,231.76314103,588.57210469,2,0,0.0,0.75,4.0
4142,124.275,231.565711,588.00825893,2,0,0.0,0.75,4.0
4143,124.305,231.36836861,587.44441318,2,0,0.0,0.75,4.0
4144,124.335,231.17111153,586.88056748,2,0,0.0,0.75,4.0
4145,124.365,230.97393836,586.31672177,2,0,0.0,0.75,4.0
4146,124.395,230.77684991,585.75287374,2,0,0.0,0.75,4.0
4147,124.425,230.57988513,585.1909942,2,0,0.0,0.75,4.0
4148,124.455,230.3831014,584.62628981,2,0,0.0,0.75,4.0
4149,124.485,230.18604817,584.05927272,2,0,0.0,0.75,4.0
4150,124.515,229.98835461,583.49222428,2,0,0.0,0.75,4.0
4151,124.545,229.79009016,582.92514932,2,0,0.0,0.75,4.0
4152,124.575,229.59127193,582.35763866,2,0,0.0,0.75,4.0
4153,124.605,229.39197076,581.78820506,2,0,0.0,0.75,4.0
4154,124.635,229.19222282,581.21877147,2,0,0.0,0.75,4.0
4155,124.665,228.99199813,580.64933175,2,0,0.0,0.75,4.0
4156,124.695,228.79123305,580.07988413,2,0,0.0,0.75,4.0
4157,124.725,228.58988443,579.51244613,2,0,0.0,0.75,4.0
4158,124.755,228.38784618,578.9453364,2,0,0.0,0.75,4.0
4159,124.785,228.18511651,578.37822666,2,0,0.0,0.75,4.0
4160,124.815,227.98170521,577.81115212,2,0,0.0,0.75,4.0
4161,124.845,227.7776695,577.24568652,2,0,0.0,0.75,4.0
4162,124.875,227.57299409,576.68055504,2,0,0.0,0.75,4.0
4163,124.905,227.36771094,576.11542356,2,0,0.0,1.5,5.0
4164,124.935,227.16182006,575.55029208,2,0,0.0,1.5,5.0
4165,124.965,226.95532312,574.98515765,2,0,0.0,1.5,5.0
4166,124.995,226.74826394,574.4212443,2,0,0.0,1.5,5.0
4167,125.025,226.54056557,573.85801699,2,0,0.0,1.5,5.0
4168,125.055,226.33229325,573.29477947,2,0,0.0,1.5,5.0
4169,125.085,226.12343518,572.73153837,2,0,0.0,1.5,5.0
4170,125.115,225.91400078,572.16832135,2,0,0.0,1.5,5.0
4171,125.145,225.70398443,571.60511693,2,0,0.0,1.5,5.0
4172,125.175,225.49337496,571.04192647,2,0,0.0,1.5,5.0
4173,125.205,225.28223094,570.47874949,2,0,0.0,1.5,5.0
4174,125.235,225.07057101,569.91557251,2,0,0.0,1.5,5.0
4175,125.265,224.85839732,569.35215452,2,0,0.0,1.5,5.0
4176,125.295,224.64586142,568.78661018,2,0,0.0,1.5,5.0
4177,125.325,224.43309378,568.22106853,2,0,0.0,1.5,5.0
4178,125.355,224.22051307,567.65553213,2,0,0.0,1.5,5.0
4179,125.385,224.008246,567.08999574,2,0,0.0,1.5,5.0
4180,125.415,223.79629343,566.524462,2,0,0.0,1.5,5.0
4181,125.445,223.58453108,565.95899817,2,0,0.0,1.5,5.0
4182,125.475,223.37297663,565.39349956,2,0,0.0,1.5,5.0
4183,125.505,223.16207407,564.8279962,2,0,0.0,1.5,5.0
4184,125.535,222.95181944,564.26249076,2,0,0.0,1.5,5.0
4185,125.565,222.74223829,563.69698336,2,0,0.0,1.5,5.0
4186,125.595,222.53333325,563.13147785,2,0,0.0,1.5,5.0
4187,125.625,222.32502037,562.56598355,2,0,0.0,1.5,5.0
4188,125.655,222.11738036,561.99841819,2,0,0.0,1.5,5.0
4189,125.685,221.91059729,561.43064274,2,0,0.0,1.5,5.0
4190,125.715,221.70467247,560.86286729,2,0,0.0,1.5,5.0
4191,125.745,221.49962934,560.29412993,2,0,0.0,1.5,5.0
4192,125.775,221.2957934,559.72336147,2,0,0.0,1.5,5.0
4193,125.805,221.09326902,559.15259301,2,0,0.0,1.5,5.0
4194,125.835,220.8920557,558.58182372,2,0,0.0,1.5,5.0
4195,125.865,220.69214401,558.01105228,2,0,0.0,1.5,5.0
4196,125.895,220.49345038,557.4425567,2,0,0.0,1.5,5.0
4197,125.925,220.29542087,556.87649742,2,0,0.0,1.5,5.0
4198,125.955,220.09806113,556.30762107,2,0,0.0,1.5,5.0
4199,125.985,219.90154733,555.73884646,2,0,0.0,1.5,5.0
4200,126.015,219.70560365,555.17341159,2,0,0.0,1.5,5.0
4201,126.045,219.51011166,554.60798256,2,0,0.0,1.5,5.0
4202,126.075,219.31509063,554.04255392,2,0,0.0,1.5,5.0
4203,126.105,219.1205862,553.47714986,2,0,0.0,1.5,5.0
4204,126.135,218.92651546,552.91175729,2,0,0.0,1.5,5.0
4205,126.165,218.73274822,552.34636475,2,0,0.0,1.5,5.0
4206,126.195,218.53928449,551.7809722,2,0,0.0,1.5,5.0
4207,126.225,218.34610065,551.21557926,2,0,0.0,1.5,5.0
4208,126.255,218.15308912,550.65018458,2,0,0.0,1.5,5.0
4209,126.285,217.96023091,550.08402375,2,0,0.0,1.5,5.0
4210,126.315,217.76760428,549.51618317,2,0,0.0,1.5,5.0
4211,126.345,217.57522851,548.94835537,2,0,0.0,1.5,5.0
4212,126.375,217.38308453,548.38053428,2,0,0.0,1.5,5.0
4213,126.405,217.19116675,547.81271468,2,0,0.0,1.5,5.0
4214,126.435,216.99938878,547.24491088,2,0,0.0,1.5,5.0
4215,126.465,216.80759135,546.6771145,2,0,0.0,1.5,5.0
4216,126.495,216.61575782,546.10931812,2,0,0.0,1.5,5.0
4217,126.525,216.42388819,545.54152174,2,0,0.0,1.5,5.0
4218,126.555,216.23198246,544.97372536,2,0,0.0,1.5,5.0
4219,126.585,216.04002469,544.40592902,2,0,0.0,1.5,5.0
4220,126.615,215.8479112,543.83814816,2,0,0.0,1.5,5.0
4221,126.645,215.65543788,543.27038888,2,0,0.0,1.5,5.0
4222,126.675,215.46255468,542.70262391,2,0,0.0,1.5,5.0
4223,126.705,215.26896244,542.13286909,2,0,0.0,1.5,5.0
4224,126.735,215.07475605,541.56262933,2,0,0.0,1.5,5.0
4225,126.765,214.87997434,540.99238942,2,0,0.0,1.5,5.0
4226,126.795,214.68456402,540.42214376,2,0,0.0,1.5,5.0
4227,126.825,214.48847149,539.85188976,2,0,0.0,1.5,5.0
4228,126.855,214.2916626,539.28161588,2,0,0.0,1.75,6.0
4229,126.885,214.09413153,538.71134253,2,0,0.0,1.75,6.0
4230,126.915,213.89593864,538.1410737,2,0,0.0,1.75,6.0
4231,126.945,213.69700191,537.57266485,2,0,0.0,1.75,6.0
4232,126.975,213.49721921,537.00425849,2,0,0.0,1.75,6.0
4233,127.005,213.29654676,536.43712445,2,0,0.0,1.75,6.0
4234,127.035,213.09492483,535.86839377,2,0,0.0,1.75,6.0
4235,127.065,212.89250068,535.29876285,2,0,0.0,1.75,6.0
4236,127.095,212.68893984,534.7290952,2,0,0.0,1.75,6.0
4237,127.125,212.48428859,534.1594179,2,0,0.0,2.25,6.0
4238,127.155,212.27899887,533.58973289,2,0,0.0,2.25,6.0
4239,127.185,212.07331415,533.02004788,2,0,0.0,2.25,6.0
4240,127.215,211.86723441,532.45036287,2,0,0.0,2.25,6.0
4241,127.245,211.66095566,531.88088388,2,0,0.0,2.25,6.0
4242,127.275,211.45490827,531.31346838,2,0,0.0,2.25,6.0
4243,127.305,211.24922564,530.74418745,2,0,0.0,2.25,6.0
4244,127.335,211.04405665,530.174268,2,0,0.0,2.25,6.0
4245,127.365,210.83939746,529.60512575,2,0,0.0,2.25,6.0
4246,127.395,210.63506181,529.03792967,2,0,0.0,2.25,6.0
4247,127.425,210.43097324,528.4704384,2,0,0.0,2.25,6.0
4248,127.455,210.22727515,527.89945864,2,0,0.0,2.25,6.0
4249,127.485,210.024073,527.32847727,2,0,0.0,2.25,6.0
4250,127.515,209.82126055,526.75748279,2,0,0.0,2.25,6.0
4251,127.545,209.61876741,526.18648831,2,0,0.0,2.25,6.0
4252,127.575,209.41659357,525.61549383,2,0,0.0,2.25,6.0
4253,127.605,209.21476027,525.04450256,2,0,0.0,2.25,6.0
4254,127.635,209.0130687,524.47357991,2,0,0.0,2.25,6.0
4255,127.665,208.81135779,523.90268552,2,0,0.0,2.25,6.0
4256,127.695,208.60967129,523.33178763,2,0,0.0,2.25,6.0
4257,127.725,208.40789886,522.76088022,2,0,0.0,2.25,6.0
4258,127.755,208.20607059,522.18759909,2,0,0.0,2.25,6.0
4259,127.785,208.00425678,521.61412557,2,0,0.0,2.25,6.0
4260,127.815,207.80228304,521.04062536,2,0,0.0,2.25,6.0
4261,127.845,207.6001417,520.46712842,2,0,0.0,2.25,6.0
4262,127.875,207.39766111,519.89360243,2,0,0.0,2.25,6.0
4263,127.905,207.19473425,519.32007623,2,0,0.0,2.25,6.0
4264,127.935,206.99172071,518.74661464,2,0,0.0,2.25,6.0
4265,127.965,206.78894095,518.17394969,2,0,0.0,2.25,6.0
4266,127.995,206.58607032,517.60339993,2,0,0.0,2.25,6.0
4267,128.025,206.38265806,517.03370204,2,0,0.0,2.25,6.0
4268,128.055,206.17522443,516.4639855,2,0,0.0,2.25,6.0
4269,128.085,205.96671265,515.89419652,2,0,0.0,2.25,6.0
4270,128.115,205.75635509,515.32435052,2,0,0.0,2.25,6.0
4271,128.145,205.54464665,514.75444589,2,0,0.0,2.25,6.0
4272,128.175,205.33176839,514.18454126,2,0,0.0,2.25,6.0
4273,128.205,205.11777502,513.61464571,2,0,0.0,2.25,6.0
4274,128.235,204.90355282,513.04477062,2,0,0.0,2.25,6.0
4275,128.265,204.68940944,512.47485556,2,0,0.0,2.25,6.0
4276,128.295,204.47529444,511.90211025,2,0,0.0,2.25,6.0
4277,128.325,204.26147992,511.32636543,2,0,0.0,2.25,6.0
4278,128.355,204.04809071,510.75057708,2,0,0.0,2.25,6.0
4279,128.385,203.83518206,510.17478873,2,0,0.0,2.25,6.0
4280,128.415,203.62275351,509.59899881,2,0,0.0,2.25,6.0
4281,128.445,203.41077527,509.02319927,2,0,0.0,2.25,6.0
4282,128.475,203.19922966,508.44739973,2,0,0.0,2.25,6.0
4283,128.505,202.98811013,507.87215656,2,0,0.0,2.25,6.0
4284,128.535,202.77727482,507.2985665,2,0,0.0,2.25,6.0
4285,128.565,202.56653861,506.72501518,2,0,0.0,2.25,6.0
4286,128.595,202.3555855,506.15149791,2,0,0.0,2.25,6.0
4287,128.625,202.14435016,505.57798064,2,0,0.0,2.25,6.0
4288,128.655,201.93283258,505.00446337,2,0,0.0,2.25,6.0
4289,128.685,201.72103278,504.43094781,2,0,0.0,2.25,6.0
4290,128.715,201.5089559,503.85745612,2,0,0.0,2.25,6.0
4291,128.745,201.29660499,503.28396384,2,0,0.0,2.25,6.0
4292,128.775,201.08393706,502.70956961,2,0,0.0,2.25,6.0
4293,128.805,200.8706548,502.13351653,2,0,0.0,2.25,6.0
4294,128.835,200.65673897,501.56005563,2,0,0.0,2.25,6.0
4295,128.865,200.44226768,500.98673086,2,0,0.0,2.25,6.0
4296,128.895,200.22724117,500.41331711,2,0,0.0,2.25,6.0
4297,128.925,200.01179284,499.83594909,2,0,0.0,2.25,6.0
4298,128.955,199.79598601,499.25859552,2,0,0.0,2.25,6.0
4299,128.985,199.57964984,498.68302187,2,0,0.0,2.25,6.0
4300,129.015,199.36256688,498.1092982,2,0,0.0,2.25,6.0
4301,129.045,199.14467644,497.53560485,2,0,0.0,2.25,6.0
4302,129.075,198.92597843,496.96192536,2,0,0.0,2.25,6.0
4303,129.105,198.70647286,496.38824586,2,0,0.0,2.25,6.0
4304,129.135,198.48615973,495.81456637,2,0,0.0,2.25,6.0
4305,129.165,198.26503903,495.24088687,2,0,0.0,2.25,6.0
4306,129.195,198.04311076,494.66720738,2,0,0.0,2.25,6.0
4307,129.225,197.82035509,494.093568,2,0,0.0,2.25,6.0
4308,129.255,197.59674663,493.51993138,2,0,0.0,2.25,6.0
4309,129.285,197.37231205,492.94474956,2,0,0.0,2.25,6.0
4310,129.315,197.14718097,492.36833085,2,0,0.0,3.0,7.0
4311,129.345,196.92137055,491.79191214,2,0,0.0,3.0,7.0
4312,129.375,196.69488077,491.21549343,2,0,0.0,3.0,7.0
4313,129.405,196.46771165,490.63907473,2,0,0.0,3.0,7.0
4314,129.435,196.23986319,490.06265602,2,0,0.0,3.0,7.0
4315,129.465,196.01133537,489.48623731,2,0,0.0,3.0,7.0
4316,129.495,195.78214737,488.90983312,2,0,0.0,3.0,7.0
4317,129.525,195.55241313,488.33344411,2,0,0.0,3.0,7.0
4318,129.555,195.32222314,487.75452473,2,0,0.0,3.0,7.0
4319,129.585,195.09174835,487.17477696,2,0,0.0,3.0,7.0
4320,129.615,194.86099626,486.59503091,2,0,0.0,3.0,7.0
4321,129.645,194.62996015,486.01529774,2,0,0.0,3.0,7.0
4322,129.675,194.39863568,485.43556457,2,0,0.0,3.0,7.0
4323,129.705,194.16702286,484.8558314,2,0,0.0,3.0,7.0
4324,129.735,193.93512169,484.27609823,2,0,0.0,3.0,7.0
4325,129.765,193.70284349,483.69836118,2,0,0.0,3.0,7.0
4326,129.795,193.47002158,483.1203853,2,0,0.0,3.0,7.0
4327,129.825,193.23662533,482.53998873,2,0,0.0,3.0,7.0
4328,129.855,193.00270083,481.9596302,2,0,0.0,3.0,7.0
4329,129.885,192.76824347,481.37928979,2,0,0.0,3.0,7.0
4330,129.915,192.53331559,480.79892714,2,0,0.0,3.0,7.0
4331,129.945,192.29796767,480.21934511,2,0,0.0,3.0,7.0
4332,129.975,192.06159151,479.64074585,2,0,0.0,3.0,7.0
4333,130.005,191.82560579,479.06276239,2,0,0.0,3.0,7.0
4334,130.035,191.58822032,478.48609069,2,0,0.0,3.0,7.0
4335,130.065,191.34846136,477.90941989,2,0,0.0,3.0,7.0
4336,130.095,191.10635518,477.3327987,2,0,0.0,3.0,7.0
4337,130.125,190.86194742,476.75620373,2,0,0.0,3.0,7.0
4338,130.155,190.61553337,476.17962478,2,0,0.0,3.0,7.0
4339,130.185,190.36785719,475.60305236,2,0,0.0,3.0,7.0
4340,130.215,190.11896334,475.02647996,2,0,0.0,3.0,7.0
4341,130.245,189.8688054,474.45095003,2,0,0.0,3.0,7.0
4342,130.275,189.61716084,473.87403526,2,0,0.0,3.0,7.0
4343,130.305,189.36404681,473.29712036,2,0,0.0,3.0,7.0
4344,130.335,189.10946125,472.72020539,2,0,0.0,3.0,7.0
4345,130.365,188.85349372,472.13969611,2,0,0.0,3.0,7.0
4346,130.395,188.59631304,471.55842371,2,0,0.0,3.0,7.0
4347,130.425,188.33791776,470.97715104,2,0,0.0,3.0,7.0
4348,130.455,188.07830714,470.39587837,2,0,0.0,3.0,7.0
4349,130.485,187.81748024,469.8146051,2,0,0.0,3.0,7.0
4350,130.515,187.55543083,469.23333117,2,0,0.0,3.0,7.0
4351,130.545,187.29215773,468.65205724,2,0,0.0,3.0,7.0
4352,130.575,187.02774386,468.07078062,2,0,0.0,3.0,7.0
4353,130.605,186.76280925,467.4895006,2,0,0.0,3.0,7.0
4354,130.635,186.49745887,466.90821841,2,0,0.0,3.0,7.0
4355,130.665,186.23177317,466.32695444,2,0,0.0,3.0,7.0
4356,130.695,185.96618904,465.74569807,2,0,0.0,3.0,7.0
4357,130.725,185.7004765,465.16443784,2,0,0.0,3.0,7.0
4358,130.755,185.43454887,464.58318015,2,0,0.0,3.0,7.0
4359,130.785,185.16839345,463.99978809,2,0,0.0,3.0,7.0
4360,130.815,184.90218332,463.41402028,2,0,0.0,3.0,7.0
4361,130.845,184.6361356,462.82623081,2,0,0.0,3.0,7.0
4362,130.875,184.37038014,462.23844192,2,0,0.0,3.0,7.0
4363,130.905,184.10508666,461.65166016,2,0,0.0,3.0,7.0
4364,130.935,183.84053435,461.06574849,2,0,0.0,3.0,7.0
4365,130.965,183.57675864,460.48026639,2,0,0.0,3.0,7.0
4366,130.995,183.31359996,459.89650525,2,0,0.0,3.0,7.0
4367,131.025,183.05089299,459.31425362,2,0,0.0,3.0,7.0
4368,131.055,182.78852627,458.73225997,2,0,0.0,3.0,7.0
4369,131.085,182.52646029,458.15026587,2,0,0.0,3.0,7.0
4370,131.115,182.26460274,457.56827069,2,0,0.0,3.0,7.0
4371,131.145,182.00262029,456.98627595,2,0,0.0,3.0,7.0
4372,131.175,181.7404231,456.40428122,2,0,0.0,3.0,7.0
4373,131.205,181.47802566,455.82221243,2,0,0.0,3.0,7.0
4374,131.235,181.21590688,455.23713454,2,0,0.0,3.0,7.0
4375,131.265,180.95432395,454.65205665,2,0,0.0,3.0,7.0
4376,131.295,180.69327687,454.06697876,2,0,0.0,3.0,7.0
4377,131.325,180.43276565,453.48190087,2,0,0.0,3.0,7.0
4378,131.355,180.17279028,452.89682299,2,0,0.0,3.0,7.0
4379,131.385,179.91335077,452.3117451,2,0,0.0,3.0,7.0
4380,131.415,179.65444037,451.72665692,2,0,0.0,3.0,7.0
4381,131.445,179.39587736,451.141533,2,0,0.0,3.0,7.0
4382,131.475,179.13758021,450.55641653,2,0,0.0,3.0,7.0
4383,131.505,178.87953773,449.97133672,2,0,0.0,3.75,8.0
4384,131.535,178.62170181,449.38623011,2,0,0.0,3.75,8.0
4385,131.565,178.36403148,448.80112336,2,0,0.0,3.75,8.0
4386,131.595,178.10652472,448.2160289,2,0,0.0,3.75,8.0
4387,131.625,177.84908632,447.63099314,2,0,0.0,3.75,8.0
4388,131.655,177.59141209,447.04851855,2,0,0.0,3.75,8.0
4389,131.685,177.33333246,446.46604396,2,0,0.0,3.75,8.0
4390,131.715,177.07517835,445.88367904,2,0,0.0,3.75,8.0
4391,131.745,176.81757935,445.3013376,2,0,0.0,3.75,8.0
4392,131.775,176.56061398,444.71573978,2,0,0.0,3.75,8.0
4393,131.805,176.30447396,444.12866105,2,0,0.0,3.75,8.0
4394,131.835,176.04928752,443.53878543,2,0,0.0,3.75,8.0
4395,131.865,175.79495924,442.95030631,2,0,0.0,3.75,8.0
4396,131.895,175.54136775,442.36182718,2,0,0.0,3.75,8.0
4397,131.925,175.28851305,441.77334806,2,0,0.0,3.75,8.0
4398,131.955,175.036438,441.18487061,2,0,0.0,3.75,8.0
4399,131.985,174.78523892,440.59584511,2,0,0.0,3.75,8.0
4400,132.015,174.53497592,440.00512417,2,0,0.0,3.75,8.0
4401,132.045,174.28550616,439.41449928,2,0,0.0,3.75,8.0
4402,132.075,174.03678823,438.82387439,2,0,0.0,3.75,8.0
4403,132.105,173.78882213,438.2332495,2,0,0.0,3.75,8.0
4404,132.135,173.54160785,437.64262461,2,0,0.0,3.75,8.0
4405,132.165,173.29517384,437.0506795,2,0,0.0,3.75,8.0
4406,132.195,173.04952586,436.45890393,2,0,0.0,3.75,8.0
4407,132.225,172.80461468,435.86712835,2,0,0.0,3.75,8.0
4408,132.255,172.56044029,435.27535278,2,0,0.0,3.75,8.0
4409,132.285,172.31700269,434.6835772,2,0,0.0,3.75,8.0
4410,132.315,172.07430188,434.09180163,2,0,0.0,3.75,8.0
4411,132.345,171.83232184,433.4999718,2,0,0.0,3.75,8.0
4412,132.375,171.59097381,432.90809191,2,0,0.0,3.75,8.0
4413,132.405,171.35024414,432.31621202,2,0,0.0,3.75,8.0
4414,132.435,171.1101301,431.72433764,2,0,0.0,3.75,8.0
4415,132.465,170.8706222,431.13246629,2,0,0.0,3.75,8.0
4416,132.495,170.63171963,430.54059494,2,0,0.0,3.75,8.0
4417,132.525,170.39342239,429.94872358,2,0,0.0,3.75,8.0
4418,132.555,170.15573104,429.35690285,2,0,0.0,3.75,8.0
4419,132.585,169.91864632,428.76508596,2,0,0.0,3.75,8.0
4420,132.615,169.68216821,428.17326906,2,0,0.0,3.75,8.0
4421,132.645,169.4463,427.58146553,2,0,0.0,3.75,8.0
4422,132.675,169.21099599,426.98972247,2,0,0.0,3.75,8.0
4423,132.705,168.97626627,426.39802035,2,0,0.0,3.75,8.0
4424,132.735,168.74216187,425.80633221,2,0,0.0,3.75,8.0
4425,132.765,168.50866453,425.21530045,2,0,0.0,3.75,8.0
4426,132.795,168.275564,424.62473479,2,0,0.0,3.75,8.0
4427,132.825,168.04294913,424.031505,2,0,0.0,3.75,8.0
4428,132.855,167.81089335,423.43827521,2,0,0.0,3.75,8.0
4429,132.885,167.57939665,422.84504542,2,0,0.0,3.75,8.0
4430,132.915,167.34846685,422.25181825,2,0,0.0,3.75,8.0
4431,132.945,167.11818158,421.65860731,2,0,0.0,3.75,8.0
4432,132.975,166.88804456,421.06628111,2,0,0.0,3.75,8.0
4433,133.005,166.65742716,420.476943,2,0,0.0,3.75,8.0
4434,133.035,166.42589044,419.88810722,2,0,0.0,3.75,8.0
4435,133.065,166.19347766,419.29924646,2,0,0.0,3.75,8.0
4436,133.095,165.96051097,418.70812019,2,0,0.0,3.75,8.0
4437,133.125,165.72715879,418.11576962,2,0,0.0,3.75,8.0
4438,133.155,165.493529,417.51943669,2,0,0.0,3.75,8.0
4439,133.185,165.25979622,416.92014439,2,0,0.0,3.75,8.0
4440,133.215,165.02613593,416.31878348,2,0,0.0,3.75,8.0
4441,133.245,164.79257768,415.71742257,2,0,0.0,3.75,8.0
4442,133.275,164.5590973,415.11605727,2,0,0.0,3.75,8.0
4443,133.305,164.3255664,414.51469245,2,0,0.0,4.0,9.0
4444,133.335,164.09208693,413.91341933,2,0,0.0,4.0,9.0
4445,133.365,163.85858129,413.31416694,2,0,0.0,4.0,9.0
4446,133.395,163.62512745,412.71491665,2,0,0.0,4.0,9.0
4447,133.425,163.39169149,412.11573758,2,0,0.0,4.0,9.0
4448,133.455,163.15807878,411.51656587,2,0,0.0,4.0,9.0
4449,133.485,162.9242863,410.91739015,2,0,0.0,4.0,9.0
4450,133.515,162.69020333,410.31819669,2,0,0.0,4.0,9.0
4451,133.545,162.45577251,409.71900323,2,0,0.0,4.0,9.0
4452,133.575,162.22099387,409.11980977,2,0,0.0,4.0,9.0
4453,133.605,161.98586738,408.52061632,2,0,0.0,4.0,9.0
4454,133.635,161.75039307,407.92142286,2,0,0.0,4.0,9.0
4455,133.665,161.5145935,407.32261659,2,0,0.0,4.0,9.0
4456,133.695,161.27833887,406.72514906,2,0,0.0,4.0,9.0
4457,133.725,161.04161861,406.12770846,2,0,0.0,4.5,9.0
4458,133.755,160.80469831,405.53028616,2,0,0.0,4.5,9.0
4459,133.785,160.56770621,404.92945973,2,0,0.0,4.5,9.0
4460,133.815,160.33074981,404.3285603,2,0,0.0,4.5,9.0
4461,133.845,160.09390453,403.7276804,2,0,0.0,4.5,9.0
4462,133.875,159.85737789,403.12680678,2,0,0.0,4.5,9.0
4463,133.905,159.62120253,402.52591073,2,0,0.0,4.5,9.0
4464,133.935,159.38535898,401.92623263,2,0,0.0,4.5,9.0
4465,133.965,159.14973359,401.32706165,2,0,0.0,4.5,9.0
4466,133.995,158.91431948,400.72634129,2,0,0.0,4.5,9.0
4467,134.025,158.67921749,400.12341878,2,0,0.0,4.5,9.0
4468,134.055,158.44445967,399.52049664,2,0,0.0,4.5,9.0
4469,134.085,158.21001892,398.91757281,2,0,0.0,4.5,9.0
4470,134.115,157.97588557,398.31464277,2,0,0.0,4.5,9.0
4471,134.145,157.74204927,397.71171759,2,0,0.0,4.5,9.0
4472,134.175,157.50848386,397.10879242,2,0,0.0,4.5,9.0
4473,134.205,157.32933815,396.61437595,2,0,0.01743552,4.5,9.0
4474,134.235,157.16701675,396.1537601,2,0,0.03433521,3.75,8.0
4475,134.265,157.0046099,395.69314425,2,0,0.03433521,3.75,8.0
4476,134.295,156.84211747,395.23259119,2,0,0.03433521,3.75,8.0
4477,134.325,156.67922694,394.77443178,2,0,0.03433521,3.75,8.0
4478,134.355,156.51575481,394.30954364,2,0,0.03433521,3.75,8.0
4479,134.385,156.35191438,393.84233626,2,0,0.03433521,3.75,8.0
4480,134.415,156.18771351,393.37512888,2,0,0.03433521,3.75,8.0
4481,134.445,156.02321732,392.90792541,2,0,0.03433521,3.75,8.0
4482,134.475,155.85855818,392.44072289,2,0,0.03433521,3.0,7.0
4483,134.505,155.69368263,391.97511231,2,0,0.03433521,3.0,7.0
4484,134.535,155.52850621,391.50988494,2,0,0.03433521,3.0,7.0
4485,134.565,155.3630036,391.04608553,2,0,0.03433521,3.0,7.0
4486,134.595,155.19726724,390.582649,2,0,0.03433521,3.0,7.0
4487,134.625,155.03133699,390.11921121,2,0,0.03433521,3.0,7.0
4488,134.655,154.86522322,389.65578234,2,0,0.03433521,3.0,7.0
4489,134.685,154.6989968,389.19238512,2,0,0.03433521,3.0,7.0
4490,134.715,154.53267847,388.72746058,2,0,0.03433521,2.25,6.0
4491,134.745,154.36618499,388.26039446,2,0,0.03433521,2.25,6.0
4492,134.775,154.19950226,387.79332658,2,0,0.03433521,2.25,6.0
4493,134.805,154.03264363,387.3262581,2,0,0.03433521,2.25,6.0
4494,134.835,153.86560971,386.85918962,2,0,0.03433521,2.25,6.0
4495,134.865,153.69836192,386.39310965,2,0,0.03433521,2.25,6.0
4496,134.895,153.53080519,385.92412827,2,0,0.03433521,2.25,6.0
4497,134.925,153.3630258,385.45472465,2,0,0.03433521,2.25,6.0
4498,134.955,153.19502439,384.98532103,2,0,0.03433521,1.5,5.0
4499,134.985,153.0268032,384.51591716,2,0,0.03433521,1.5,5.0
4500,135.015,152.85836533,384.04651327,2,0,0.03433521,1.5,5.0
4501,135.045,152.68971079,383.57710938,2,0,0.03433521,1.5,5.0
4502,135.075,152.52083959,383.10770549,2,0,0.03433521,1.5,5.0
4503,135.105,152.35175173,382.63830161,2,0,0.03433521,1.5,5.0
4504,135.135,152.18244919,382.16889695,2,0,0.03433521,1.5,5.0
4505,135.165,152.01293155,381.69951359,2,0,0.03433521,1.5,5.0
4506,135.195,151.84305527,381.23018292,2,0,0.03433521,0.75,4.0
4507,135.225,151.67273735,380.76088133,2,0,0.03433521,0.75,4.0
4508,135.255,151.50191272,380.29159005,2,0,0.03433521,0.75,4.0
4509,135.285,151.33056097,379.82231236,2,0,0.03433521,0.75,4.0
4510,135.315,151.15867468,379.35303778,2,0,0.03433521,0.75,4.0
4511,135.345,150.98626294,378.88324634,2,0,0.03433521,0.75,4.0
4512,135.375,150.81345435,378.41028357,2,0,0.03433521,0.75,4.0
4513,135.405,150.64039817,377.93350628,2,0,0.03433521,0.0,0.0
4514,135.435,150.46713798,377.45726093,2,0,0.03433521,0.0,0.0
4515,135.465,150.29345735,376.98321846,2,0,0.03433521,0.0,0.0
4516,135.495,150.11913764,376.5103118,2,0,0.03433521,0.0,0.0
4517,135.525,149.94400925,376.03791691,2,0,0.03433521,0.0,0.0
4518,135.555,149.76808912,375.56552571,2,0,0.03433521,0.0,0.0
4519,135.585,149.59120006,375.09318094,2,0,0.03433521,0.0,0.0
4520,135.615,149.41274815,374.62080418,2,0,0.03433521,0.0,0.0
4521,135.645,149.23294859,374.14616421,2,0,0.03433521,0.0,0.0
4522,135.675,149.05208028,373.66975631,2,0,0.03433521,0.0,0.0
4523,135.705,148.86728844,371.18757258,1,0,0.0,0.0,0.0
4524,135.735,148.61387489,370.56874072,1,0,0.0,0.0,0.0
4525,135.765,148.36035209,369.94649646,1,0,0.0,0.0,0.0
4526,135.795,148.10664197,369.32567669,1,0,0.0,0.0,0.0
4527,135.825,147.8526579,368.70485692,1,0,0.0,0.0,0.0
4528,135.855,147.59839988,368.08403715,1,0,0.0,0.0,0.0
4529,135.885,147.34386791,367.46321738,1,0,0.0,0.0,0.0
4530,135.915,147.08906054,366.84239762,1,0,0.0,0.0,0.0
4531,135.945,146.83395995,366.22157789,1,0,0.0,0.0,0.0
4532,135.975,146.57856089,365.60075817,1,0,0.0,0.0,0.0
4533,136.005,146.32286492,364.97993861,1,0,0.0,0.0,0.0
4534,136.035,146.06688735,364.35911932,1,0,0.0,0.0,0.0
4535,136.065,145.81063203,363.73830003,1,0,0.0,0.0,0.0
4536,136.095,145.55412541,363.11580295,1,0,0.0,0.0,0.0
4537,136.125,145.29752737,362.49166173,1,0,0.0,0.0,0.0
4538,136.155,145.04086682,361.86754249,1,0,0.0,0.0,0.0
4539,136.185,144.78412375,361.24342718,1,0,0.0,0.0,0.0
4540,136.215,144.52728083,360.61990142,1,0,0.0,0.0,0.0
4541,136.245,144.27019071,359.99766275,1,0,0.0,0.0,0.0
4542,136.275,144.0126772,359.37673528,1,0,0.0,0.0,0.0
4543,136.305,143.75455676,358.75587285,1,0,0.0,0.0,0.0
4544,136.335,143.49566756,358.13501474,1,0,0.0,0.0,0.0
4545,136.365,143.23601338,357.51415706,1,0,0.0,0.0,0.0
4546,136.395,142.97561478,356.89322435,1,0,0.0,0.0,0.0
4547,136.425,142.71460784,356.26679266,1,0,0.0,0.0,0.0
4548,136.455,142.4529838,355.64244984,1,0,0.0,0.0,0.0
4549,136.485,142.19059492,355.01815511,1,0,0.0,0.0,0.0
4550,136.515,141.92744434,354.3938711,1,0,0.0,0.0,0.0
4551,136.545,141.6635802,353.76763455,1,0,0.0,0.0,0.0
4552,136.575,141.39921587,353.13800738,1,0,0.0,0.0,0.0
4553,136.605,141.13453969,352.50471328,1,0,0.0,0.0,0.0
4554,136.635,140.86961759,351.87141917,1,0,0.0,0.0,0.0
4555,136.665,140.60442199,351.23907457,1,0,0.0,0.0,0.0
4556,136.695,140.33885066,350.60754354,1,0,0.0,0.0,0.0
4557,136.725,140.07288521,349.97602465,1,0,0.0,0.0,0.0
4558,136.755,139.80649176,349.34451594,1,0,0.0,0.0,0.0
4559,136.785,139.53964273,348.7130064,1,0,0.0,0.0,0.0
4560,136.815,139.27231656,348.08017298,1,0,0.0,0.0,0.0
4561,136.845,139.00456937,347.44514596,1,0,0.0,0.0,0.0
4562,136.875,138.73635659,346.81011154,1,0,0.0,0.0,0.0
4563,136.905,138.467516,346.17506752,1,0,0.0,0.0,0.0
4564,136.935,138.19767336,345.54096491,1,0,0.0,0.0,0.0
4565,136.965,137.92686781,344.90729045,1,0,0.0,0.0,0.0
4566,136.995,137.6553057,344.27360334,1,0,0.0,0.0,0.0
4567,137.025,137.38316286,343.6399176,1,0,0.0,0.0,0.0
4568,137.055,137.11053763,343.00672229,1,0,0.0,0.0,0.0
4569,137.085,136.83735251,342.37483718,1,0,0.0,0.0,0.0
4570,137.115,136.56367858,341.74296059,1,0,0.0,0.0,0.0
4571,137.145,136.28950062,341.11105542,1,0,0.0,0.0,0.0
4572,137.175,136.01475865,340.47915025,1,0,0.0,0.0,0.0
4573,137.205,135.73945269,339.84724509,1,0,0.0,0.0,0.0
4574,137.235,135.46358274,339.21533992,1,0,0.0,0.0,0.0
4575,137.265,135.18716111,338.58343461,1,0,0.0,0.0,0.0
4576,137.295,134.91020771,337.95152929,1,0,0.0,0.0,0.0
4577,137.325,134.63272284,337.31962396,1,0,0.0,0.0,0.0
4578,137.355,134.35470647,336.68771864,1,0,0.0,0.0,0.0
4579,137.385,134.07619096,336.05240945,1,0,0.0,0.0,0.0
4580,137.415,133.79774899,335.41052088,1,0,0.0,0.0,0.0
4581,137.445,133.51975135,334.76477655,1,0,0.0,0.0,0.0
4582,137.475,133.2422809,334.11903221,1,0,0.0,0.0,0.0
4583,137.505,132.96533764,333.47328787,1,0,0.0,0.0,0.0
4584,137.535,132.68891768,332.82580705,1,0,0.0,0.0,0.0
4585,137.565,132.4129859,332.17801256,1,0,0.0,0.0,0.0
4586,137.595,132.13753846,331.53021806,1,0,0.0,0.0,0.0
4587,137.625,131.86255448,330.88312076,1,0,0.0,0.0,0.0
4588,137.655,131.58790738,330.23673425,1,0,0.0,0.0,0.0
4589,137.685,131.31340406,329.59033948,1,0,0.0,0.0,0.0
4590,137.715,131.03811836,328.94392115,1,0,0.0,0.0,0.0
4591,137.745,130.76192747,328.29752992,1,0,0.0,0.0,0.0
4592,137.775,130.48502701,327.65111991,1,0,0.0,0.0,0.0
4593,137.805,130.20750159,327.00473873,1,0,0.0,0.0,0.0
4594,137.835,129.92934715,326.35888816,1,0,0.0,0.0,0.0
4595,137.865,129.65033768,325.71449017,1,0,0.0,0.0,0.0
4596,137.895,129.37052005,325.07005479,1,0,0.0,0.0,0.0
4597,137.925,129.08999136,324.42559193,1,0,0.0,0.0,0.0
4598,137.955,128.80456481,325.77769446,2,0,0.0,0.0,0.0
4599,137.985,128.51599248,325.11829723,2,0,0.0,0.0,0.0
4600,138.015,128.22749095,324.45890702,2,0,0.0,0.0,0.0
4601,138.045,127.93916905,323.79953722,2,0,0.0,0.0,0.0
4602,138.075,127.65107035,323.14016743,2,0,0.0,0.0,0.0
4603,138.105,127.36319484,322.48079763,2,0,0.0,0.0,0.0
4604,138.135,127.07554252,321.82142783,2,0,0.0,0.0,0.0
4605,138.165,126.78808711,321.16166245,2,0,0.0,0.0,0.0
4606,138.195,126.50089254,320.49655911,2,0,0.0,0.0,0.0
4607,138.225,126.21415344,319.82827882,2,0,0.0,0.0,0.0
4608,138.255,125.92802075,319.1591829,2,0,0.0,0.0,0.0
4609,138.285,125.64261708,318.4863912,2,0,0.0,0.0,0.0
4610,138.315,125.35790284,317.8133167,2,0,0.0,0.0,0.0
4611,138.345,125.07368458,317.13573212,2,0,0.0,0.0,0.0
4612,138.375,124.79004634,316.45955549,2,0,0.0,0.0,0.0
4613,138.405,124.50699779,315.7836886,2,0,0.0,0.0,0.0
4614,138.435,124.2247859,315.10780966,2,0,0.0,0.0,0.0
4615,138.465,123.94358793,314.43191478,2,0,0.0,0.0,0.0
4616,138.495,123.66315781,313.7560053,2,0,0.0,0.0,0.0
4617,138.525,123.38330697,313.0800854,2,0,0.0,0.0,0.0
4618,138.555,123.10394391,312.40415771,2,0,0.0,0.0,0.0
4619,138.585,122.82506838,311.72842822,2,0,0.0,0.0,0.0
4620,138.615,122.5463371,311.0542471,2,0,0.0,0.0,0.0
4621,138.645,122.26743227,310.38007028,2,0,0.0,0.0,0.0
4622,138.675,121.98826615,309.70589342,2,0,0.0,0.0,0.0
4623,138.705,121.70884754,309.03170882,2,0,0.0,0.0,0.0
4624,138.735,121.42920966,308.35751954,2,0,0.0,0.0,0.0
4625,138.765,121.14935577,307.68332963,2,0,0.0,0.0,0.0
4626,138.795,120.86931988,307.00912732,2,0,0.0,0.0,0.0
4627,138.825,120.58914196,306.33491907,2,0,0.0,0.0,0.0
4628,138.855,120.30884898,305.66070905,2,0,0.0,0.0,0.0
4629,138.885,120.02845869,304.98490267,2,0,0.0,0.0,0.0
4630,138.915,119.74815198,304.30635176,2,0,0.0,0.0,0.0
4631,138.945,119.46812686,303.62228023,2,0,0.0,0.0,0.0
4632,138.975,119.18847607,302.93905865,2,0,0.0,0.0,0.0
4633,139.005,118.90903157,302.25599348,2,0,0.0,0.0,0.0
4634,139.035,118.62979155,301.57292756,2,0,0.0,0.0,0.0
4635,139.065,118.35076991,300.88986094,2,0,0.0,0.0,0.0
4636,139.095,118.07197232,300.20558826,2,0,0.0,0.0,0.0
4637,139.125,117.79345496,299.51702083,2,0,0.0,0.0,0.0
4638,139.155,117.51524182,298.82845333,2,0,0.0,0.0,0.0
4639,139.185,117.23708311,298.14300432,2,0,0.0,0.0,0.0
4640,139.215,116.95849348,297.4545859,2,0,0.0,0.0,0.0
4641,139.245,116.67966754,296.76302702,2,0,0.0,0.0,0.0
4642,139.275,116.40044734,296.07195476,2,0,0.0,0.0,0.0
4643,139.305,116.12081702,295.3808825,2,0,0.0,0.0,0.0
4644,139.335,115.84076885,294.68980876,2,0,0.0,0.0,0.0
4645,139.365,115.56027934,293.99873329,2,0,0.0,0.0,0.0
4646,139.395,115.2792584,293.30765508,2,0,0.0,0.0,0.0
4647,139.425,114.99763756,292.61657394,2,0,0.0,0.0,0.0
4648,139.455,114.71534711,291.92549228,2,0,0.0,0.0,0.0
4649,139.485,114.43238818,291.23440729,2,0,0.0,0.0,0.0
4650,139.515,114.14886214,290.54330338,2,0,0.0,0.0,0.0
4651,139.545,113.86485574,289.8495199,2,0,0.0,0.0,0.0
4652,139.575,113.58052872,289.15133291,2,0,0.0,0.0,0.0
4653,139.605,113.29609174,288.45094568,2,0,0.0,0.0,0.0
4654,139.635,113.01142307,287.75125205,2,0,0.0,0.0,0.0
4655,139.665,112.72655046,287.05165461,2,0,0.0,0.0,0.0
4656,139.695,112.44149103,286.35222833,2,0,0.0,0.0,0.0
4657,139.725,112.15566545,285.65395608,2,0,0.0,0.0,0.0
4658,139.755,111.86881439,284.95568107,2,0,0.0,0.0,0.0
4659,139.785,111.58123582,284.25734872,2,0,0.0,0.0,0.0
4660,139.815,111.29312859,283.55898982,2,0,0.0,0.0,0.0
4661,139.845,111.00411764,282.86059792,2,0,0.0,0.0,0.0
4662,139.875,110.71413464,282.16220607,2,0,0.0,0.0,0.0
4663,139.905,110.42324108,281.45981031,2,0,0.0,0.0,0.0
4664,139.935,110.13170829,280.75535893,2,0,0.0,0.0,0.0
4665,139.965,109.83946837,280.05232686,2,0,0.0,0.0,0.0
4666,139.995,109.54631273,279.35019718,2,0,0.0,0.0,0.0
4667,140.025,109.25195444,278.64963929,2,0,0.0,0.0,0.0
4668,140.055,108.95637251,277.94298953,2,0,0.0,0.0,0.0
4669,140.085,108.6599898,277.22896201,2,0,0.0,0.0,0.0
4670,140.115,108.363054,276.51494762,2,0,0.0,0.0,0.0
4671,140.145,108.06556812,275.8010161,2,0,0.0,0.0,0.0
4672,140.175,107.7674217,275.08610904,2,0,0.0,0.0,0.0
4673,140.205,107.46870441,274.36827518,2,0,0.0,0.0,0.0
4674,140.235,107.16935656,273.6516181,2,0,0.0,0.0,0.0
4675,140.265,106.86917721,272.93520419,2,0,0.0,0.0,0.0
4676,140.295,106.56812895,272.21880888,2,0,0.0,0.0,0.0
4677,140.325,106.26627465,271.50243205,2,0,0.0,0.0,0.0
4678,140.355,105.96362258,270.78605436,2,0,0.0,0.0,0.0
4679,140.385,105.66014939,270.06967255,2,0,0.0,0.0,0.0
4680,140.415,105.35584635,269.35329621,2,0,0.0,0.0,0.0
4681,140.445,105.05077268,268.63693096,2,0,0.0,0.0,0.0
4682,140.475,104.74493908,267.92056529,2,0,0.0,0.0,0.0
4683,140.505,104.43841219,267.1997875,2,0,0.0,0.0,0.0
4684,140.535,104.1313179,266.47802308,2,0,0.0,0.0,0.0
4685,140.565,103.823659,265.75625892,2,0,0.0,0.0,0.0
4686,140.595,103.51553382,265.03519787,2,0,0.0,0.0,0.0
4687,140.625,103.20747744,264.31480624,2,0,0.0,0.0,0.0
4688,140.655,102.89957609,263.59367995,2,0,0.0,0.0,0.0
4689,140.685,102.59201488,262.86660204,2,0,0.0,0.0,0.0
4690,140.715,102.28467486,262.1425993,2,0,0.0,0.0,0.0
4691,140.745,101.97710867,261.41923862,2,0,0.0,0.0,0.0
4692,140.775,101.66951935,260.69517025,2,0,0.0,0.0,0.0
4693,140.805,101.36244875,259.95791162,2,0,0.0,0.0,0.0
4694,140.835,101.05611414,259.22151496,2,0,0.0,0.0,0.0
4695,140.865,100.75037588,258.48539469,2,0,0.0,0.0,0.0
4696,140.895,100.44532301,257.74924534,2,0,0.0,0.0,0.0
4697,140.925,100.14113388,257.01169377,2,0,0.0,0.0,0.0
4698,140.955,99.83835024,256.26974043,2,0,0.0,0.0,0.0
4699,140.985,99.5369204,255.52774127,2,0,0.0,0.0,0.0
4700,141.015,99.23648781,254.78628004,2,0,0.0,0.0,0.0
4701,141.045,98.93647504,254.04541842,2,0,0.0,0.0,0.0
4702,141.075,98.63644991,253.30452581,2,0,0.0,0.0,0.0
4703,141.105,98.33633592,252.56363192,2,0,0.0,0.0,0.0
4704,141.135,98.03610895,251.82273395,2,0,0.0,0.0,0.0
4705,141.165,97.73574303,251.08183566,2,0,0.0,0.0,0.0
4706,141.195,97.43522368,250.34093717,2,0,0.0,0.0,0.0
4707,141.225,97.13453589,249.60003822,2,0,0.0,0.0,0.0
4708,141.255,96.83375719,248.85914817,2,0,0.0,0.0,0.0
4709,141.285,96.5331096,248.11826492,2,0,0.0,0.0,0.0
4710,141.315,96.23265449,247.37906521,2,0,0.0,0.0,0.0
4711,141.345,95.9321,246.63883724,2,0,0.0,0.0,0.0
4712,141.375,95.63151223,245.8924106,2,0,0.0,0.0,0.0
4713,141.405,95.33101281,245.13210989,2,0,0.0,0.0,0.0
4714,141.435,95.0305749,244.3679743,2,0,0.0,0.0,0.0
4715,141.465,94.72956819,243.60411717,2,0,0.0,0.0,0.0
4716,141.495,94.42784145,242.8402805,2,0,0.0,0.0,0.0
4717,141.525,94.12537682,242.0764576,2,0,0.0,0.0,0.0
4718,141.555,93.82216243,241.31264859,2,0,0.0,0.0,0.0
4719,141.585,93.51815307,240.54883481,2,0,0.0,0.0,0.0
4720,141.615,93.2132961,239.78498724,2,0,0.0,0.0,0.0
4721,141.645,92.90756214,239.02113967,2,0,0.0,0.0,0.0
4722,141.675,92.60095121,238.25729211,2,0,0.0,0.0,0.0
4723,141.705,92.2934052,237.4934431,2,0,0.0,0.0,0.0
4724,141.735,91.98483944,236.72965586,2,0,0.0,0.0,0.0
4725,141.765,91.67557533,235.96137643,2,0,0.0,0.0,0.0
4726,141.795,91.36580817,235.1906932,2,0,0.0,0.0,0.0
4727,141.825,91.05542765,234.42121418,2,0,0.0,0.0,0.0
4728,141.855,90.74466476,233.651886,2,0,0.0,0.0,0.0
4729,141.885,90.43319996,232.88435589,2,0,0.0,0.0,0.0
4730,141.915,90.12089694,232.11684182,2,0,0.0,0.0,0.0
4731,141.945,89.8080261,231.34867433,2,0,0.0,0.0,0.0
4732,141.975,89.49360002,230.57496144,2,0,0.0,0.0,0.0
4733,142.005,89.1771223,229.79158491,2,0,0.0,0.0,0.0
4734,142.035,88.85871022,229.00820523,2,0,0.0,0.0,0.0
4735,142.065,88.5383697,228.22482555,2,0,0.0,0.0,0.0
4736,142.095,88.21638217,227.43987425,2,0,0.0,0.0,0.0
4737,142.125,87.89375169,226.6499011,2,0,0.0,0.0,0.0
4738,142.155,87.57051357,225.85489272,2,0,0.0,0.0,0.0
4739,142.185,87.24660762,225.05791832,2,0,0.0,0.0,0.0
4740,142.215,86.9217464,224.26159526,2,0,0.0,0.0,0.0
4741,142.245,86.59588277,223.46531542,2,0,0.0,0.0,0.0
4742,142.275,86.26901572,222.66904119,2,0,0.0,0.0,0.0
4743,142.305,85.94114524,221.87276695,2,0,0.0,0.0,0.0
4744,142.335,85.61227133,221.07649271,2,0,0.0,0.0,0.0
4745,142.365,85.28239398,220.28021847,2,0,0.0,0.0,0.0
4746,142.395,84.95147371,219.48465378,2,0,0.0,0.0,0.0
4747,142.425,84.6190866,218.69029979,2,0,0.0,0.0,0.0
4748,142.455,84.28511768,217.89594581,2,0,0.0,0.0,0.0
4749,142.485,83.94956649,217.10166516,2,0,0.0,0.0,0.0
4750,142.515,83.61233798,216.30138847,2,0,0.0,0.0,0.0
4751,142.545,83.27396622,215.48350414,2,0,0.0,0.0,0.0
4752,142.575,82.93479031,214.66357234,2,0,0.0,0.0,0.0
4753,142.605,82.59480284,213.84365494,2,0,0.0,0.0,0.0
4754,142.635,82.25402006,213.02374801,2,0,0.0,0.0,0.0
4755,142.665,81.91286679,212.20390778,2,0,0.0,0.0,0.0
4756,142.695,81.57200259,211.38405902,2,0,0.0,0.0,0.0
4757,142.725,81.23190963,210.56418831,2,0,0.0,0.0,0.0
4758,142.755,80.89221519,209.74508512,2,0,0.0,0.0,0.0
4759,142.785,80.55171769,208.91829213,2,0,0.0,0.0,0.0
4760,142.815,80.21048107,208.09089018,2,0,0.0,0.0,0.0
4761,142.845,79.86854453,207.26349595,2,0,0.0,0.0,0.0
4762,142.875,79.52649199,206.43354118,2,0,0.0,0.0,0.0
4763,142.905,79.18438884,205.59967723,2,0,0.0,0.0,0.0
4764,142.935,78.84209071,204.76612816,2,0,0.0,0.0,0.0
4765,142.965,78.49964559,203.93257909,2,0,0.0,0.0,0.0
4766,142.995,78.1570535,203.09903002,2,0,0.0,0.0,0.0
4767,143.025,77.8141385,202.26527164,2,0,0.0,0.0,0.0
4768,143.055,77.47087643,201.41513325,2,0,0.0,0.0,0.0
4769,143.085,77.12711459,200.5605021,2,0,0.0,0.0,0.0
4770,143.115,76.78285528,199.70587095,2,0,0.0,0.0,0.0
4771,143.145,76.43809015,198.85124185,2,0,0.0,0.0,0.0
4772,143.175,76.09279287,197.99661375,2,0,0.0,0.0,0.0
4773,143.205,75.74689082,197.14272922,2,0,0.0,0.0,0.0
4774,143.235,75.40026043,196.27893444,2,0,0.0,0.0,0.0
4775,143.265,75.05308873,195.41501054,2,0,0.0,0.0,0.0
4776,143.295,74.70537577,194.55108665,2,0,0.0,0.0,0.0
4777,143.325,74.35712154,193.68716275,2,0,0.0,0.0,0.0
4778,143.355,74.0082234,192.82424953,2,0,0.0,0.0,0.0
4779,143.385,73.65810263,191.96396925,2,0,0.0,0.0,0.0
4780,143.415,73.30677218,191.0947565,2,0,0.0,0.0,0.0
4781,143.445,72.95450752,190.22382414,2,0,0.0,0.0,0.0
4782,143.475,72.60131419,189.35289178,2,0,0.0,0.0,0.0
4783,143.505,72.24711582,188.48357561,2,0,0.0,0.0,0.0
4784,143.535,71.89161289,187.59580925,2,0,0.0,0.0,0.0
4785,143.565,71.53568694,186.69036034,2,0,0.0,0.0,0.0
4786,143.595,71.17954912,185.78491143,2,0,0.0,0.0,0.0
4787,143.625,70.82319942,184.87946252,2,0,0.0,0.0,0.0
4788,143.655,70.46663786,183.97401362,2,0,0.0,0.0,0.0
4789,143.685,70.10986443,183.06856471,2,0,0.0,0.0,0.0
4790,143.715,69.75287913,182.1631158,2,0,0.0,0.0,0.0
4791,143.745,69.39544274,181.25906355,2,0,0.0,0.0,0.0
4792,143.775,69.03707964,180.35533737,2,0,0.0,0.0,0.0
4793,143.805,68.67757577,179.45276582,2,0,0.0,0.0,0.0
4794,143.835,68.31655365,178.54937075,2,0,0.0,0.0,0.0
4795,143.865,67.95428395,177.63340446,2,0,0.0,0.0,0.0
4796,143.895,67.59097431,176.71743817,2,0,0.0,0.0,0.0
4797,143.925,67.22671072,175.79178243,2,0,0.0,0.0,0.0
4798,143.955,66.86172609,174.85987682,2,0,0.0,0.0,0.0
4799,143.985,66.4951531,173.92970002,2,0,0.0,0.0,0.0
4800,144.015,66.12676082,172.98322531,2,0,0.0,0.0,0.0
4801,144.045,65.75676782,172.03093921,2,0,0.0,0.0,0.0
4802,144.075,65.38451718,171.08113674,2,0,0.0,0.0,0.0
4803,144.105,65.00941851,170.13152703,2,0,0.0,0.0,0.0
4804,144.135,64.6315328,169.17391393,2,0,0.0,0.0,0.0
4805,144.165,64.25124198,168.20865318,2,0,0.0,0.0,0.0
4806,144.195,63.86860685,167.24339244,2,0,0.0,0.0,0.0
4807,144.225,63.48362743,166.27813169,2,0,0.0,0.0,0.0
4808,144.255,63.09642213,165.30284392,2,0,0.0,0.0,0.0
4809,144.285,62.70767061,164.3179692,2,0,0.0,0.0,0.0
4810,144.315,62.3173657,163.33381851,2,0,0.0,0.0,0.0
4811,144.345,61.92472475,162.35115278,2,0,0.0,0.0,0.0
4812,144.375,61.52889334,161.36936381,2,0,0.0,0.0,0.0
4813,144.405,61.12976142,160.37858926,2,0,0.0,0.0,0.0
4814,144.435,60.72753773,159.380278,2,0,0.0,0.0,0.0
4815,144.465,60.32227722,158.37882903,2,0,0.0,0.0,0.0
4816,144.495,59.9141358,157.37042688,2,0,0.0,0.0,0.0
4817,144.525,59.50275113,156.36259912,2,0,0.0,0.0,0.0
4818,144.555,59.08790611,155.34381888,2,0,0.0,0.0,0.0
4819,144.585,58.67024326,154.29939523,2,0,0.0,0.0,0.0
4820,144.615,58.2499634,153.2559316,2,0,0.0,0.0,0.0
4821,144.645,57.8262137,152.20909085,2,0,0.0,0.0,0.0
4822,144.675,57.39941265,151.14520283,2,0,0.0,0.0,0.0
4823,144.705,56.96982106,150.08131481,2,0,0.0,0.0,0.0
4824,144.735,56.53743894,149.01742679,2,0,0.0,0.0,0.0
4825,144.765,56.10203003,147.95449363,2,0,0.0,0.0,0.0
4826,144.795,55.66279863,146.8920603,2,0,0.0,0.0,0.0
4827,144.825,55.21951222,145.83085929,2,0,0.0,0.0,0.0
4828,144.855,54.77213353,144.74305705,2,0,0.0,0.0,0.0
4829,144.885,54.32027065,143.6438073,2,0,0.0,0.0,0.0
4830,144.915,53.86470126,142.51864932,2,0,0.0,0.0,0.0
4831,144.945,53.40582931,141.39303761,2,0,0.0,0.0,0.0
4832,144.975,52.94279826,140.26864273,2,0,0.0,0.0,0.0
4833,145.005,52.47483004,139.1460741,2,0,0.0,0.0,0.0
4834,145.035,52.0016095,138.02350546,2,0,0.0,0.0,0.0
4835,145.065,51.5230302,136.90152259,2,0,0.0,0.0,0.0
4836,145.095,51.03835991,135.73594026,2,0,0.0,0.0,0.0
4837,145.125,50.5493371,134.53274881,2,0,0.0,0.0,0.0
4838,145.155,50.05513362,133.33055799,2,0,0.0,0.0,0.0
4839,145.185,49.55535594,132.12836717,2,0,0.0,0.0,0.0
4840,145.215,49.04980518,130.92750612,2,0,0.0,0.0,0.0
4841,145.245,48.53813756,129.72693898,2,0,0.0,0.0,0.0
4842,145.275,48.01903684,128.5282219,2,0,0.0,0.0,0.0
4843,145.305,47.49066312,127.29173229,2,0,0.0,0.0,0.0
4844,145.335,46.9539805,126.00145922,2,0,0.0,0.0,0.0
4845,145.365,46.41003359,124.70677256,2,0,0.0,0.0,0.0
4846,145.395,45.85884023,123.41222628,2,0,0.0,0.0,0.0
4847,145.425,45.29907272,122.12099638,2,0,0.0,0.0,0.0
4848,145.455,44.72594847,120.83019929,2,0,0.0,0.0,0.0
4849,145.485,44.1398205,119.49384516,2,0,0.0,0.0,0.0
4850,145.515,43.54154859,118.14606452,2,0,0.0,0.0,0.0
4851,145.545,42.93173156,116.75118761,2,0,0.0,0.0,0.0
4852,145.575,42.30525755,115.34193094,2,0,0.0,0.0,0.0
4853,145.605,41.65960624,113.93144955,2,0,0.0,0.0,0.0
4854,145.635,40.9950752,112.47270287,2,0,0.0,0.0,0.0
4855,145.665,40.30788278,111.00457213,2,0,0.0,0.0,0.0
4856,145.695,39.59122506,109.49162186,2,0,0.0,0.0,0.0
4857,145.725,38.84367808,107.92611255,2,0,0.0,0.0,0.0
4858,145.755,38.05537118,106.34264896,2,0,0.0,0.0,0.0
4859,145.785,37.21010134,104.70177759,2,0,0.0,0.0,0.0
4860,145.815,36.26969765,103.06360136,2,0,0.0,0.0,0.0
4861,145.845,35.17067457,101.37442706,2,0,0.0,0.0,0.0
4862,145.875,34.09941446,99.58209964,2,0,0.0,0.0,0.0
4863,145.905,33.07241305,97.71652226,2,0,0.0,0.0,0.0
4864,145.935,32.08991827,95.85155419,2,0,0.0,0.0,0.0
4865,145.965,31.15271579,93.87386866,2,0,0.0,0.0,0.0
4866,145.995,30.26997344,91.62675741,2,0,0.0,0.0,0.0
4867,146.025,29.44536424,89.37682826,2,0,0.0,0.0,0.0
4868,146.055,28.68135828,86.8491831,2,0,0.0,0.0,0.0
4869,146.085,27.99475666,83.94463432,2,0,0.0,0.0,0.0
4870,146.115,27.39226471,80.61812888,2,0,0.0,0.0,0.0
4871,146.145,26.90733264,75.76153597,2,0,0.0,0.0,0.0
4872,146.175,26.58609558,72.28798961,2,0,0.0,0.0,0.0
4873,146.205,26.28234378,71.56997935,2,0,0.0,0.0,0.0
4874,146.235,25.97610714,70.85301919,2,0,0.0,0.0,0.0
4875,146.265,25.66717149,70.13605903,2,0,0.0,0.0,0.0
4876,146.295,25.35571184,69.40501919,2,0,0.0,0.0,0.0
4877,146.325,25.04245786,68.66443934,2,0,0.0,0.0,0.0
4878,146.355,24.72752948,67.9164389,2,0,0.0,0.0,0.0
4879,146.385,24.41093209,67.15290311,2,0,0.0,0.0,0.0
4880,146.415,24.09242702,66.38936732,2,0,0.0,0.0,0.0
4881,146.445,23.77201426,65.62583153,2,0,0.0,0.0,0.0
4882,146.475,23.44969382,64.86229926,2,0,0.0,0.0,0.0
4883,146.505,23.12483739,64.10040443,2,0,0.0,0.0,0.0
4884,146.535,22.79682204,63.33850961,2,0,0.0,0.0,0.0
4885,146.565,22.46564776,62.57661478,2,0,0.0,0.0,0.0
4886,146.595,22.1314366,61.80108563,2,0,0.0,0.0,0.0
4887,146.625,21.79494834,61.01100716,2,0,0.0,0.0,0.0
4888,146.655,21.45544149,60.21055243,2,0,0.0,0.0,0.0
4889,146.685,21.11334695,59.39181248,2,0,0.0,0.0,0.0
4890,146.715,20.76887411,58.57307252,2,0,0.0,0.0,0.0
4891,146.745,20.42176372,57.75528629,2,0,0.0,0.0,0.0
4892,146.775,20.07085317,56.9382017,2,0,0.0,0.0,0.0
4893,146.805,19.74843367,54.18598019,1,0,0.0,0.0,0.0
4894,146.835,19.46796658,53.52554447,1,0,0.0,0.0,0.0
4895,146.865,19.18350544,52.85595105,1,0,0.0,0.0,0.0
4896,146.895,18.89467437,52.1618485,1,0,0.0,0.0,0.0
4897,146.925,18.60152918,51.45331777,1,0,0.0,0.0,0.0
4898,146.955,18.30503897,50.72224146,1,0,0.0,0.0,0.0
4899,146.985,18.00428743,49.99268993,1,0,0.0,0.0,0.0
4900,147.015,17.69843494,49.2631384,1,0,0.0,0.0,0.0
4901,147.045,17.3874815,48.53358687,1,0,0.0,0.0,0.0
4902,147.075,17.07126759,47.80465302,1,0,0.0,0.0,0.0
4903,147.105,16.74807382,47.07667854,1,0,0.0,0.0,0.0
4904,147.135,16.41825866,46.30408626,1,0,0.0,0.0,0.0
4905,147.165,16.08234901,45.51728529,1,0,0.0,0.0,0.0
4906,147.195,15.73959222,44.69909582,1,0,0.0,0.0,0.0
4907,147.225,15.39009395,43.88090636,1,0,0.0,0.0,0.0
4908,147.255,15.03366575,43.06330221,1,0,0.0,0.0,0.0
4909,147.285,14.66802532,42.24680255,1,0,0.0,0.0,0.0
4910,147.315,14.29250152,41.43030289,1,0,0.0,0.0,0.0
4911,147.345,13.90580098,40.57644589,1,0,0.0,0.0,0.0
4912,147.375,13.50732535,39.69137364,1,0,0.0,0.0,0.0
4913,147.405,13.09856227,38.75643226,1,0,0.0,0.0,0.0
4914,147.435,12.67690832,37.82270786,1,0,0.0,0.0,0.0
4915,147.465,12.24082629,36.88951743,1,0,0.0,0.0,0.0
4916,147.495,11.7861575,35.95749311,1,0,0.0,0.0,0.0
4917,147.525,11.31152119,35.00365643,1,0,0.0,0.0,0.0
4918,147.555,10.81388222,33.9931115,1,0,0.0,0.0,0.0
4919,147.585,10.29088627,32.89907497,1,0,0.0,0.0,0.0
4920,147.615,9.73681263,31.8057119,1,0,0.0,0.0,0.0
4921,147.645,9.14324682,30.71399351,1,0,0.0,0.0,0.0
4922,147.675,8.49418013,29.62388851,1,0,0.0,0.0,0.0
4923,147.705,7.76330635,28.43948732,1,0,0.0,0.0,0.0
4924,147.735,6.85677742,27.14306494,1,0,0.0,0.0,0.0
4925,147.765,5.9283447,25.82125786,1,0,0.0,0.0,0.0
4926,147.795,5.04565163,24.49945078,1,0,0.0,0.0,0.0
4927,147.825,4.20910435,23.11216991,1,0,0.0,0.0,0.0
4928,147.855,3.42404758,21.50983091,1,0,0.0,0.0,0.0
4929,147.885,2.69707759,19.81230986,1,0,0.0,0.0,0.0
4930,147.915,2.02902532,18.11478882,1,0,0.0,0.0,0.0
4931,147.945,1.42445653,16.06631807,1,0,0.0,0.0,0.0
4932,147.975,0.89906056,13.69012523,1,0,0.0,0.0,0.0
4933,148.005,0.45809115,11.08862968,1,0,0.0,0.0,0.0
4934,148.035,0.13248636,7.21178461,1,0,0.0,0.0,0.0
4935,148.05512934,0.00644676,2.12662968,1,1,0.0,0.0,0.0
