layer_index,z_mm,part_area_mm2,part_perimeter_mm,part_component_count,new_island_count,unsupported_area_mm2,support_area_mm2,support_perimeter_mm
0,0.015,0.04802025,5.01300298,1,0,0.0,89.0,356.0
1,0.045,0.26964654,9.53916969,1,0,0.07171963,88.0,352.0
2,0.075,0.59024384,12.3892224,1,0,0.04006961,87.0,348.0
3,0.105,0.98784407,14.8563649,1,0,0.03364833,86.5,346.0
4,0.135,1.4535544,16.84988426,1,0,0.02862478,86.0,344.0
5,0.165,1.97249838,18.55590318,1,0,0.02261475,85.5,342.0
6,0.195,2.54249736,20.26192209,1,0,0.02261475,85.0,338.0
7,0.225,3.16228138,21.8483643,1,0,0.02134478,85.0,338.0
8,0.255,3.82631988,23.21438104,1,0,0.0,85.0,338.0
9,0.285,4.52944037,24.52558009,1,0,0.0,85.0,338.0
10,0.315,5.27090315,25.77453509,1,0,0.0,85.0,338.0
11,0.345,6.04811499,26.97317385,1,0,0.0,85.0,338.0
12,0.375,6.86072913,28.17181261,1,0,0.0,85.0,338.0
13,0.405,7.70862463,29.33632829,1,0,0.0,85.0,338.0
14,0.435,8.58842993,30.33810396,1,0,0.0,85.0,338.0
15,0.465,9.49731441,31.3224376,1,0,0.0,85.0,338.0
16,0.495,10.43521576,32.30677125,1,0,0.0,85.0,338.0
17,0.525,11.40213398,33.2911049,1,0,0.0,85.0,338.0
18,0.555,12.39791769,34.24906413,1,0,0.0,85.0,338.0
19,0.585,13.42132728,35.17155023,1,0,0.0,85.0,338.0
20,0.615,14.47196195,36.06704275,1,0,0.0,85.0,338.0
21,0.645,15.54794749,36.90276001,1,0,0.0,85.0,338.0
22,0.675,16.64866127,37.73847728,1,0,0.0,85.0,338.0
23,0.705,17.77393679,38.55089066,1,0,0.0,85.0,338.0
24,0.735,18.92269021,39.33805345,1,0,0.0,85.0,338.0
25,0.765,20.09472604,40.12521623,1,0,0.0,85.0,338.0
26,0.795,21.29004426,40.91237902,1,0,0.0,85.0,338.0
27,0.825,22.50864489,41.69954181,1,0,0.0,85.0,338.0
28,0.855,23.74736523,42.50812203,1,0,0.0,85.0,338.0
29,0.885,24.88617941,43.32274328,1,0,0.0,85.0,338.0
30,0.915,25.92384819,44.134654,1,0,0.0,85.0,338.0
31,0.945,26.90597007,44.94698962,1,0,0.0,85.0,338.0
32,0.975,27.83869669,45.76028803,1,0,0.0,85.0,338.0
33,1.005,28.73288249,46.57509713,1,0,0.0,85.0,338.0
34,1.035,29.59632775,47.39068966,1,0,0.0,85.0,338.0
35,1.065,30.43252829,48.17888529,1,0,0.0,85.0,338.0
36,1.095,31.24095904,48.96241063,1,0,0.0,85.0,338.0
37,1.125,32.02611618,49.74820666,1,0,0.0,85.0,338.0
38,1.155,32.79313622,50.52584687,1,0,0.0,85.0,338.0
39,1.185,33.54091135,51.26801597,1,0,0.0,85.0,338.0
40,1.215,34.26961911,52.01088849,1,0,0.0,85.0,338.0
41,1.245,34.9813251,52.74894778,1,0,0.0,85.0,338.0
42,1.275,35.67760184,53.4663597,1,0,0.0,85.0,338.0
43,1.305,36.35978157,54.18377163,1,0,0.0,85.0,338.0
44,1.335,37.02869058,54.90199034,1,0,0.0,85.0,338.0
45,1.365,37.68586996,55.620375,1,0,0.0,85.0,338.0
46,1.395,38.33135469,56.33875967,1,0,0.0,85.0,338.0
47,1.425,38.96516112,57.05730995,1,0,0.0,85.0,338.0
48,1.455,39.58877181,57.76984737,1,0,0.0,85.0,338.0
49,1.485,40.20345255,58.43702236,1,0,0.0,85.0,338.0
50,1.515,40.80897778,59.10356151,1,0,0.0,85.0,338.0
51,1.545,41.40534724,59.77010066,1,0,0.0,85.0,338.0
52,1.575,41.99256095,60.43663981,1,0,0.0,85.0,338.0
53,1.605,42.57073348,61.10360276,1,0,0.0,85.0,338.0
54,1.635,43.14085981,61.77131143,1,0,0.0,85.0,338.0
55,1.665,43.70420419,62.4403023,1,0,0.0,85.0,338.0
56,1.695,44.26145425,63.10512709,1,0,0.0,85.0,338.0
57,1.725,44.81221425,63.75417017,1,0,0.0,85.0,338.0
58,1.755,45.35622083,64.39405542,1,0,0.0,85.0,338.0
59,1.785,45.89309914,65.01971759,1,0,0.0,85.0,338.0
60,1.815,46.42332137,65.64549299,1,0,0.0,85.0,338.0
61,1.845,46.94691083,66.2712684,1,0,0.0,85.0,338.0
62,1.875,47.46386836,66.89709514,1,0,0.0,85.0,338.0
63,1.905,47.97494436,67.52432584,1,0,0.0,85.0,338.0
64,1.935,48.48079269,68.15155654,1,0,0.0,85.0,338.0
65,1.965,48.98152136,68.76382655,1,0,0.0,85.0,338.0
66,1.995,49.47740151,69.37469755,1,0,0.0,85.0,338.0
67,2.025,49.96844197,69.98556856,1,0,0.0,85.0,338.0
68,2.055,50.45464273,70.59643956,1,0,0.0,85.0,338.0
69,2.085,50.93589145,71.19366648,1,0,0.0,85.0,338.0
70,2.115,51.41181357,71.78384245,1,0,0.0,85.0,338.0
71,2.145,51.88241223,72.37430525,1,0,0.0,85.0,338.0
72,2.175,52.34883765,72.9668831,1,0,0.0,85.0,338.0
73,2.205,52.81201379,73.55819615,1,0,0.0,85.0,338.0
74,2.235,53.27162115,74.13553056,1,0,0.0,85.0,338.0
75,2.265,53.7274294,74.71286497,1,0,0.0,85.0,338.0
76,2.295,54.17943856,75.29019939,1,0,0.0,85.0,338.0
77,2.325,54.62764861,75.8675338,1,0,0.0,85.0,338.0
78,2.355,55.07207419,76.44506308,1,0,0.0,85.0,338.0
79,2.385,55.51325284,77.02343128,1,0,0.0,85.0,338.0
80,2.415,55.95145208,77.5997333,1,0,0.0,85.0,338.0
81,2.445,56.38635904,78.16038601,1,0,0.0,85.0,338.0
82,2.475,56.81815738,78.72221437,1,0,0.0,85.0,338.0
83,2.505,57.24746318,79.27398696,1,0,0.0,85.0,338.0
84,2.535,57.67399535,79.82242976,1,0,0.0,85.0,338.0
85,2.565,58.09776479,80.37091104,1,0,0.0,85.0,338.0
86,2.595,58.51903528,80.92003142,1,0,0.0,85.0,338.0
87,2.625,58.93841837,81.46956043,1,0,0.0,85.0,338.0
88,2.655,59.35597285,82.01908577,1,0,0.0,85.0,338.0
89,2.685,59.77173144,82.56866559,1,0,0.0,85.0,338.0
90,2.715,60.18573505,83.11825314,1,0,0.0,85.0,338.0
91,2.745,60.59793793,83.6678586,1,0,0.0,85.0,338.0
92,2.775,61.00823711,84.21746918,1,0,0.0,85.0,338.0
93,2.805,61.41642064,84.74512174,1,0,0.0,85.0,338.0
94,2.835,61.8222253,85.26947486,1,0,0.0,85.0,338.0
95,2.865,62.22576321,85.79444023,1,0,0.0,85.0,338.0
96,2.895,62.62705203,86.3194056,1,0,0.0,85.0,338.0
97,2.925,63.02609176,86.84437097,1,0,0.0,85.0,338.0
98,2.955,63.42288239,87.36933634,1,0,0.0,85.0,338.0
99,2.985,63.81742392,87.89430171,1,0,0.0,85.0,338.0
100,3.015,64.20971636,88.41926708,1,0,0.0,85.0,338.0
101,3.045,64.5997597,88.94423245,1,0,0.0,85.0,338.0
102,3.075,64.98755395,89.46919782,1,0,0.0,85.0,338.0
103,3.105,65.3732027,89.9885056,1,0,0.0,85.0,338.0
104,3.135,65.75664676,90.50356614,1,0,0.0,85.0,338.0
105,3.165,66.13797612,91.01961568,1,0,0.0,85.0,338.0
106,3.195,66.51746574,91.52766345,1,0,0.0,85.0,338.0
107,3.225,66.89484891,92.03130854,1,0,0.0,85.0,338.0
108,3.255,67.27010202,92.53495363,1,0,0.0,85.0,338.0
109,3.285,67.64322508,93.03859873,1,0,0.0,85.0,338.0
110,3.315,68.01421808,93.54224382,1,0,0.0,85.0,338.0
111,3.345,68.38308103,94.04588892,1,0,0.0,85.0,338.0
112,3.375,68.7500312,94.55062733,1,0,0.0,85.0,338.0
113,3.405,69.1153784,95.05547923,1,0,0.0,85.0,338.0
114,3.435,69.47901068,95.552595,1,0,0.0,85.0,338.0
115,3.465,69.84070808,96.04801613,1,0,0.0,85.0,338.0
116,3.495,70.20046596,96.54351516,1,0,0.0,85.0,338.0
117,3.525,70.55860285,97.04037567,1,0,0.0,85.0,338.0
118,3.555,70.91536849,97.53499991,1,0,0.0,85.0,338.0
119,3.585,71.27051121,98.02149572,1,0,0.0,85.0,338.0
120,3.615,71.62391536,98.50799153,1,0,0.0,85.0,338.0
121,3.645,71.97560156,98.99493013,1,0,0.0,85.0,338.0
122,3.675,72.32575359,99.48251113,1,0,0.0,85.0,338.0
123,3.705,72.67441486,99.97009212,1,0,0.0,85.0,338.0
124,3.735,73.02150384,100.45159986,1,0,0.0,85.0,338.0
125,3.765,73.36687781,100.9320175,1,0,0.0,85.0,338.0
126,3.795,73.71053341,101.41243886,1,0,0.0,85.0,338.0
127,3.825,74.05246415,101.89286552,1,0,0.0,85.0,338.0
128,3.855,74.39279856,102.37452833,1,0,0.0,85.0,338.0
129,3.885,74.73167898,102.8562257,1,0,0.0,85.0,338.0
130,3.915,75.06905246,103.33327582,1,0,0.0,85.0,338.0
131,3.945,75.40471345,103.80578561,1,0,0.0,85.0,338.0
132,3.975,75.73872677,104.2739597,1,0,0.0,85.0,338.0
133,4.005,76.07118237,104.7421324,1,0,0.0,85.0,338.0
134,4.035,76.40209535,105.21030509,1,0,0.0,85.0,338.0
135,4.065,76.73146572,105.67847779,1,0,0.0,85.0,338.0
136,4.095,77.05929348,106.14665048,1,0,0.0,85.0,338.0
137,4.125,77.38557862,106.61482318,1,0,0.0,85.0,338.0
138,4.155,77.71032114,107.08299587,1,0,0.0,85.0,338.0
139,4.185,78.03353116,107.55032884,1,0,0.0,85.0,338.0
140,4.215,78.35534073,108.01445914,1,0,0.0,85.0,338.0
141,4.245,78.67583824,108.47869321,1,0,0.0,85.0,338.0
142,4.275,78.99515985,108.94094903,1,0,0.0,85.0,338.0
143,4.305,79.3132103,109.39806429,1,0,0.0,85.0,338.0
144,4.335,79.62993383,109.85517955,1,0,0.0,85.0,338.0
145,4.365,79.94533047,110.31229481,1,0,0.0,85.0,338.0
146,4.395,80.25940019,110.76941007,1,0,0.0,85.0,338.0
147,4.425,80.57214104,111.22576498,1,0,0.0,85.0,338.0
148,4.455,80.88343999,111.67773835,1,0,0.0,85.0,338.0
149,4.485,81.19323149,112.12971173,1,0,0.0,85.0,338.0
150,4.515,81.50151555,112.5816851,1,0,0.0,85.0,338.0
151,4.545,81.8083279,113.0343563,1,0,0.0,85.0,338.0
152,4.575,82.11406108,113.48872594,1,0,0.0,85.0,338.0
153,4.605,82.41904572,113.9432224,1,0,0.0,85.0,338.0
154,4.635,82.72354927,114.39773841,1,0,0.0,85.0,338.0
155,4.665,83.02747435,114.84636838,1,0,0.0,85.0,338.0
156,4.695,83.33043855,115.28909662,1,0,0.0,85.0,338.0
157,4.725,83.63218823,115.73126996,1,0,0.0,85.0,338.0
158,4.755,83.93221428,116.17355815,1,0,0.0,85.0,338.0
159,4.785,84.23091227,116.61651345,1,0,0.0,85.0,338.0
160,4.815,84.52855716,117.05949163,1,0,0.0,85.0,338.0
161,4.845,84.82516619,117.50251537,1,0,0.0,85.0,338.0
162,4.875,85.12055261,117.94554615,1,0,0.0,85.0,338.0
163,4.905,85.41468981,118.38864225,1,0,0.0,85.0,338.0
164,4.935,85.70760798,118.8303907,1,0,0.0,85.0,338.0
165,4.965,85.99948949,119.27032318,1,0,0.0,85.0,338.0
166,4.995,86.29041654,119.71072242,1,0,0.0,85.0,338.0
167,5.025,86.58059662,120.15149743,1,0,0.0,85.0,338.0
168,5.055,86.86999384,120.58686391,1,0,0.0,85.0,338.0
169,5.085,87.15846764,121.02069711,1,0,0.0,85.0,338.0
170,5.115,87.44601289,121.4545303,1,0,0.0,85.0,338.0
171,5.145,87.73262961,121.88836349,1,0,0.0,85.0,338.0
172,5.175,88.0183178,122.32219669,1,0,0.0,85.0,338.0
173,5.205,88.30302252,122.75248445,1,0,0.0,85.0,338.0
174,5.235,88.58663319,123.18264948,1,0,0.0,85.0,338.0
175,5.265,88.86914649,123.61297811,1,0,0.0,85.0,338.0
176,5.295,89.15056243,124.04330674,1,0,0.0,85.0,338.0
177,5.325,89.43088492,124.47395223,1,0,0.0,85.0,338.0
178,5.355,89.71022164,124.90571518,1,0,0.0,85.0,338.0
179,5.385,89.98862122,125.33747813,1,0,0.0,85.0,338.0
180,5.415,90.26608365,125.76924107,1,0,0.0,85.0,338.0
181,5.445,90.54260471,126.19852752,1,0,0.0,85.0,338.0
182,5.475,90.81796661,126.62048841,1,0,0.0,85.0,338.0
183,5.505,91.09214912,127.04251575,1,0,0.0,85.0,338.0
184,5.535,91.36516427,127.46454309,1,0,0.0,85.0,338.0
185,5.565,91.63702913,127.88658711,1,0,0.0,85.0,338.0
186,5.595,91.90821457,128.30868714,1,0,0.0,85.0,338.0
187,5.625,92.17893841,128.73078717,1,0,0.0,85.0,338.0
188,5.655,92.44908639,129.15285223,1,0,0.0,85.0,338.0
189,5.685,92.71816996,129.5748926,1,0,0.0,85.0,338.0
190,5.715,92.98630572,129.99863959,1,0,0.0,85.0,338.0
191,5.745,93.25365925,130.41890629,1,0,0.0,85.0,338.0
192,5.775,93.52016296,130.83917298,1,0,0.0,85.0,338.0
193,5.805,93.78581685,131.25943968,1,0,0.0,85.0,338.0
194,5.835,94.05062092,131.67970638,1,0,0.0,85.0,338.0
195,5.865,94.31449061,132.0966039,1,0,0.0,85.0,338.0
196,5.895,94.57719862,132.51114559,1,0,0.0,85.0,338.0
197,5.925,94.83872723,132.92568727,1,0,0.0,85.0,338.0
198,5.955,95.09911162,133.34080077,1,0,0.0,85.0,338.0
199,5.985,95.35848807,133.75627144,1,0,0.0,85.0,338.0
200,6.015,95.61690144,134.16810395,1,0,0.0,85.0,338.0
201,6.045,95.87436511,134.58049073,1,0,0.0,85.0,338.0
202,6.075,96.13105933,134.99346445,1,0,0.0,85.0,338.0
203,6.105,96.38700513,135.40647123,1,0,0.0,85.0,338.0
204,6.135,96.64234522,135.81949313,1,0,0.0,85.0,338.0
205,6.165,96.8971126,136.23251503,1,0,0.0,85.0,338.0
206,6.195,97.15131235,136.64576708,1,0,0.0,85.0,338.0
207,6.225,97.40505793,137.05971849,1,0,0.0,85.0,338.0
208,6.255,97.65860864,137.46950453,1,0,0.0,85.0,338.0
209,6.285,97.91219483,137.87608984,1,0,0.0,85.0,338.0
210,6.315,98.16546601,138.28162337,1,0,0.0,85.0,338.0
211,6.345,98.41794686,138.68715906,1,0,0.0,85.0,338.0
212,6.375,98.66962772,139.09269475,1,0,0.0,85.0,338.0
213,6.405,98.92060651,139.49942079,1,0,0.0,85.0,338.0
214,6.435,99.17103764,139.90631283,1,0,0.0,85.0,338.0
215,6.465,99.42093295,140.31385151,1,0,0.0,85.0,338.0
216,6.495,99.67030274,140.72162704,1,0,0.0,85.0,338.0
217,6.525,99.9191455,141.12940258,1,0,0.0,85.0,338.0
218,6.555,100.16745483,141.53611098,1,0,0.0,85.0,338.0
219,6.585,100.41513071,141.93960324,1,0,0.0,85.0,338.0
220,6.615,100.66203167,142.3395915,1,0,0.0,85.0,338.0
221,6.645,100.90810247,142.73957977,1,0,0.0,85.0,338.0
222,6.675,101.15334311,143.13956804,1,0,0.0,85.0,338.0
223,6.705,101.39775385,143.53961915,1,0,0.0,85.0,338.0
224,6.735,101.6414088,143.94058494,1,0,0.0,85.0,338.0
225,6.765,101.88442267,144.34277719,1,0,0.0,85.0,338.0
226,6.795,102.12686705,144.74504799,1,0,0.0,85.0,338.0
227,6.825,102.36874219,145.14731879,1,0,0.0,85.0,338.0
228,6.855,102.61000778,145.54703327,1,0,0.0,85.0,338.0
229,6.885,102.85057046,145.94596531,1,0,0.0,85.0,338.0
230,6.915,103.09042646,146.34489736,1,0,0.0,85.0,338.0
231,6.945,103.32956825,146.74265321,1,0,0.0,85.0,338.0
232,6.975,103.56787342,147.13778681,1,0,0.0,85.0,338.0
233,7.005,103.80537551,147.53368398,1,0,0.0,85.0,338.0
234,7.035,104.04210614,147.92958116,1,0,0.0,85.0,338.0
235,7.065,104.2780653,148.32547833,1,0,0.0,85.0,338.0
236,7.095,104.51325301,148.7213755,1,0,0.0,85.0,338.0
237,7.125,104.74770947,149.11800609,1,0,0.0,85.0,338.0
238,7.155,104.98146619,149.51207947,1,0,0.0,85.0,338.0
239,7.185,105.21447839,149.90615284,1,0,0.0,85.0,338.0
240,7.215,105.44674606,150.30022622,1,0,0.0,85.0,338.0
241,7.245,105.67827725,150.69464167,1,0,0.0,85.0,338.0
242,7.275,105.9091801,151.08973113,1,0,0.0,85.0,338.0
243,7.305,106.13948568,151.48409089,1,0,0.0,85.0,338.0
244,7.335,106.36904867,151.87528069,1,0,0.0,85.0,338.0
245,7.365,106.59779542,152.26647049,1,0,0.0,85.0,338.0
246,7.395,106.82572594,152.65766029,1,0,0.0,85.0,338.0
247,7.425,107.05283484,153.04796165,1,0,0.0,85.0,338.0
248,7.455,107.27903112,153.43607819,1,0,0.0,85.0,338.0
249,7.485,107.50428998,153.82460928,1,0,0.0,85.0,338.0
250,7.515,107.72873535,154.21437776,1,0,0.0,85.0,338.0
251,7.545,107.95249445,154.60489251,1,0,0.0,85.0,338.0
252,7.575,108.17559917,154.99540726,1,0,0.0,85.0,338.0
253,7.605,108.3980495,155.38592201,1,0,0.0,85.0,338.0
254,7.635,108.61984544,155.77643677,1,0,0.0,85.0,338.0
255,7.665,108.84098699,156.16695152,1,0,0.0,85.0,338.0
256,7.695,109.06135669,156.55412053,1,0,0.0,85.0,338.0
257,7.725,109.28075269,156.93979122,1,0,0.0,85.0,338.0
258,7.755,109.49872639,157.32352311,1,0,0.0,85.0,338.0
259,7.785,109.71511864,157.70736911,1,0,0.0,85.0,338.0
260,7.815,109.93000811,158.09216276,1,0,0.0,85.0,338.0
261,7.845,110.14352384,158.47808964,1,0,0.0,85.0,338.0
262,7.875,110.35570387,158.8640869,1,0,0.0,85.0,338.0
263,7.905,110.56650733,159.25008692,1,0,0.0,85.0,338.0
264,7.935,110.77591544,159.63608922,1,0,0.0,85.0,338.0
265,7.965,110.98392564,160.02209152,1,0,0.0,85.0,338.0
266,7.995,111.19047721,160.40803953,1,0,0.0,85.0,338.0
267,8.025,111.39548995,160.79306371,1,0,0.0,85.0,338.0
268,8.055,111.59897122,161.17472018,1,0,0.0,85.0,338.0
269,8.085,111.80116437,161.5552509,1,0,0.0,85.0,338.0
270,8.115,112.00231415,161.93604777,1,0,0.0,85.0,338.0
271,8.145,112.20299208,162.31750705,1,0,0.0,85.0,338.0
272,8.175,112.40343971,162.69955058,1,0,0.0,85.0,338.0
273,8.205,112.60368497,163.08159411,1,0,0.0,85.0,338.0
274,8.235,112.8036941,163.46367666,1,0,0.0,85.0,338.0
275,8.265,113.00331266,163.84578727,1,0,0.0,85.0,338.0
276,8.295,113.20158954,164.22789922,1,0,0.0,85.0,338.0
277,8.325,113.39930556,164.60950464,1,0,0.0,85.0,338.0
278,8.355,113.59694082,164.98930546,1,0,0.0,85.0,338.0
279,8.385,113.7951159,165.3697777,1,0,0.0,85.0,338.0
280,8.415,113.99415866,165.75024993,1,0,0.0,85.0,338.0
281,8.445,114.19373096,166.12826234,1,0,0.0,85.0,338.0
282,8.475,114.39304941,166.5068184,1,0,0.0,85.0,338.0
283,8.505,114.59201888,166.88540662,1,0,0.0,85.0,338.0
284,8.535,114.79064683,167.26398075,1,0,0.0,85.0,338.0
285,8.565,114.98926628,167.64251082,1,0,0.0,85.0,338.0
286,8.595,115.18802307,168.02102708,1,0,0.0,85.0,338.0
287,8.625,115.38759802,168.39945966,1,0,0.0,85.0,338.0
288,8.655,115.58825955,168.77652255,1,0,0.0,85.0,338.0
289,8.685,115.78893584,169.15341936,1,0,0.0,85.0,338.0
290,8.715,115.98919456,169.53034935,1,0,0.0,85.0,338.0
291,8.745,116.18885607,169.90728563,1,0,0.0,85.0,338.0
292,8.775,116.38760044,170.28387467,1,0,0.0,85.0,338.0
293,8.805,116.58546667,170.65925011,1,0,0.0,85.0,338.0
294,8.835,116.7827749,171.03461793,1,0,0.0,85.0,338.0
295,8.865,116.97966969,171.40998574,1,0,0.0,85.0,338.0
296,8.895,117.17775174,171.78572561,1,0,0.0,85.0,338.0
297,8.925,117.38128216,172.1625327,1,0,0.0,85.0,338.0
298,8.955,117.59176879,172.5386656,1,0,0.0,85.0,338.0
299,8.985,117.80915518,172.91371339,1,0,0.0,85.0,338.0
300,9.015,118.0333013,173.28864863,1,0,0.0,85.0,338.0
301,9.045,118.25960486,173.66308695,1,0,0.0,85.0,338.0
302,9.075,118.48534979,174.03752979,1,0,0.0,85.0,338.0
303,9.105,118.71052756,174.41061978,1,0,0.0,85.0,338.0
304,9.135,118.9351795,174.78383314,1,0,0.0,85.0,338.0
305,9.165,119.15931821,175.15704651,1,0,0.0,85.0,338.0
306,9.195,119.3829437,175.53025987,1,0,0.0,85.0,338.0
307,9.225,119.60607895,175.90422503,1,0,0.0,85.0,338.0
308,9.255,119.82880632,176.27830196,1,0,0.0,85.0,338.0
309,9.285,120.05103058,176.65026846,1,0,0.0,85.0,338.0
310,9.315,120.27268877,177.02223497,1,0,0.0,85.0,338.0
311,9.345,120.49378091,177.39420148,1,0,0.0,85.0,338.0
312,9.375,120.71430698,177.76616799,1,0,0.0,85.0,338.0
313,9.405,120.93426405,178.13751044,1,0,0.0,85.0,338.0
314,9.435,121.15362659,178.50790864,1,0,0.0,85.0,338.0
315,9.465,121.37249961,178.87879623,1,0,0.0,85.0,338.0
316,9.495,121.59089454,179.24968383,1,0,0.0,85.0,338.0
317,9.525,121.80885928,179.62164981,1,0,0.0,85.0,338.0
318,9.555,122.02643156,179.99380176,1,0,0.0,85.0,338.0
319,9.585,122.24359152,180.36449701,1,0,0.0,85.0,338.0
320,9.615,122.46028657,180.7342585,1,0,0.0,85.0,338.0
321,9.645,122.67651147,181.10404622,1,0,0.0,85.0,338.0
322,9.675,122.8922663,181.47383395,1,0,0.0,85.0,338.0
323,9.705,123.10755108,181.84362167,1,0,0.0,85.0,338.0
324,9.735,123.32233913,182.21196106,1,0,0.0,85.0,338.0
325,9.765,123.53654722,182.58030086,1,0,0.0,85.0,338.0
326,9.795,123.75024213,182.94915384,1,0,0.0,85.0,338.0
327,9.825,123.96358071,183.31925926,1,0,0.0,85.0,338.0
328,9.855,124.17666322,183.68937172,1,0,0.0,85.0,338.0
329,9.885,124.38950393,184.05947751,1,0,0.0,85.0,338.0
330,9.915,124.60206291,184.42729912,1,0,0.0,85.0,338.0
331,9.945,124.81430378,184.7951423,1,0,0.0,85.0,338.0
332,9.975,125.02587952,185.16302092,1,0,0.0,85.0,338.0
333,10.005,125.23661046,185.5309033,1,0,0.0,85.0,338.0
334,10.035,125.44649684,185.89882447,1,0,0.0,85.0,338.0
335,10.065,125.65550755,186.2646543,1,0,0.0,85.0,338.0
336,10.095,125.86361365,186.63113739,1,0,0.0,85.0,338.0
337,10.125,126.07093465,186.99936948,1,0,0.0,85.0,338.0
338,10.155,126.27751576,187.36760157,1,0,0.0,85.0,338.0
339,10.185,126.48335698,187.73583366,1,0,0.0,85.0,338.0
340,10.215,126.68845317,188.10333973,1,0,0.0,85.0,338.0
341,10.245,126.89273492,188.4693524,1,0,0.0,85.0,338.0
342,10.275,127.0961844,188.83536548,1,0,0.0,85.0,338.0
343,10.305,127.29885893,189.20137967,1,0,0.0,85.0,338.0
344,10.335,127.50077771,189.56739707,1,0,0.0,85.0,338.0
345,10.365,127.70187532,189.93316373,1,0,0.0,85.0,338.0
346,10.395,127.9019377,190.2977796,1,0,0.0,85.0,338.0
347,10.425,128.10105522,190.66419278,1,0,0.0,85.0,338.0
348,10.455,128.29928147,191.03060596,1,0,0.0,85.0,338.0
349,10.485,128.49661643,191.39701914,1,0,0.0,85.0,338.0
350,10.515,128.69306012,191.76343232,1,0,0.0,85.0,338.0
351,10.545,128.88871627,192.12858349,1,0,0.0,85.0,338.0
352,10.575,129.08457751,192.49283969,1,0,0.0,85.0,338.0
353,10.605,129.28102191,192.85717955,1,0,0.0,85.0,338.0
354,10.635,129.47875187,193.22170306,1,0,0.0,85.0,338.0
355,10.665,129.67781741,193.58670635,1,0,0.0,85.0,338.0
356,10.695,129.87814518,193.95181689,1,0,0.0,85.0,338.0
357,10.725,130.07952119,194.31670365,1,0,0.0,85.0,338.0
358,10.755,130.28188232,194.68157317,1,0,0.0,85.0,338.0
359,10.785,130.48516304,195.0464215,1,0,0.0,85.0,338.0
360,10.815,130.68930242,195.41125846,1,0,0.0,85.0,338.0
361,10.845,130.89424048,195.77608495,1,0,0.0,85.0,338.0
362,10.875,131.09973573,196.13925091,1,0,0.0,85.0,338.0
363,10.905,131.30593883,196.50199747,1,0,0.0,85.0,338.0
364,10.935,131.51436039,196.86508626,1,0,0.0,85.0,338.0
365,10.965,131.72489764,197.22906718,1,0,0.0,85.0,338.0
366,10.995,131.93757155,197.59304811,1,0,0.0,85.0,338.0
367,11.025,132.15149797,197.95743002,1,0,0.0,85.0,338.0
368,11.055,132.36565861,198.32067155,1,0,0.0,85.0,338.0
369,11.085,132.58001526,198.68390825,1,0,0.0,85.0,338.0
370,11.115,132.79455857,199.04714495,1,0,0.0,85.0,338.0
371,11.145,133.00935857,199.41040948,1,0,0.0,85.0,338.0
372,11.175,133.22466507,199.77368972,1,0,0.0,85.0,338.0
373,11.205,133.44045588,200.13519977,1,0,0.0,85.0,338.0
374,11.235,133.65672661,200.49772053,1,0,0.0,85.0,338.0
375,11.265,133.87348913,200.86023251,1,0,0.0,85.0,338.0
376,11.295,134.09074632,201.22275004,1,0,0.0,85.0,338.0
377,11.325,134.30853557,201.58632339,1,0,0.0,85.0,338.0
378,11.355,134.52694581,201.94932973,1,0,0.0,85.0,338.0
379,11.385,134.7459475,202.31121462,1,0,0.0,85.0,338.0
380,11.415,134.96552264,202.67309058,1,0,0.0,85.0,338.0
381,11.445,135.18471277,203.03502387,1,0,0.0,85.0,338.0
382,11.475,135.40189423,203.39697441,1,0,0.0,85.0,338.0
383,11.505,135.617041,203.75999665,1,0,0.0,85.0,338.0
384,11.535,135.83016169,204.12132209,1,0,0.0,85.0,338.0
385,11.565,136.04131345,204.48264806,1,0,0.0,85.0,338.0
386,11.595,136.2504937,204.84395974,1,0,0.0,85.0,338.0
387,11.625,136.45769393,205.20601119,1,0,0.0,85.0,338.0
388,11.655,136.66413419,205.56866157,1,0,0.0,85.0,338.0
389,11.685,136.87047453,205.93044318,1,0,0.0,85.0,338.0
390,11.715,137.07661378,206.29116203,1,0,0.0,85.0,338.0
391,11.745,137.28253056,206.65188002,1,0,0.0,85.0,338.0
392,11.775,137.48821427,207.01337823,1,0,0.0,85.0,338.0
393,11.805,137.69370025,207.37542484,1,0,0.0,85.0,338.0
394,11.835,137.89905622,207.73728839,1,0,0.0,85.0,338.0
395,11.865,138.10430731,208.09745374,1,0,0.0,85.0,338.0
396,11.895,138.30967474,208.45764473,1,0,0.0,85.0,338.0
397,11.925,138.51515939,208.81828258,1,0,0.0,85.0,338.0
398,11.955,138.72068762,209.17993057,1,0,0.0,85.0,338.0
399,11.985,138.92629178,209.54155292,1,0,0.0,85.0,338.0
400,12.015,139.13203785,209.90235836,1,0,0.0,85.0,338.0
401,12.045,139.33782805,210.26254166,1,0,0.0,85.0,338.0
402,12.075,139.54364824,210.62368982,1,0,0.0,85.0,338.0
403,12.105,139.74946923,210.98486746,1,0,0.0,85.0,338.0
404,12.135,139.95527967,211.34604305,1,0,0.0,85.0,338.0
405,12.165,140.1610728,211.7069791,1,0,0.0,85.0,338.0
406,12.195,140.36606479,212.06643905,1,0,0.0,85.0,338.0
407,12.225,140.56800638,212.42603675,1,0,0.0,85.0,338.0
408,12.255,140.76663814,212.78706804,1,0,0.0,85.0,338.0
409,12.285,140.96240833,213.14800862,1,0,0.0,85.0,338.0
410,12.315,141.15578023,213.50896067,1,0,0.0,85.0,338.0
411,12.345,141.34702593,213.87054279,1,0,0.0,85.0,338.0
412,12.375,141.53627922,214.23099569,1,0,0.0,85.0,338.0
413,12.405,141.72359382,214.59142296,1,0,0.0,85.0,338.0
414,12.435,141.90906899,214.95179908,1,0,0.0,85.0,338.0
415,12.465,142.09307928,215.312153,1,0,0.0,85.0,338.0
416,12.495,142.27597016,215.67223341,1,0,0.0,85.0,338.0
417,12.525,142.45741274,216.03074655,1,0,0.0,85.0,338.0
418,12.555,142.63710261,216.39036434,1,0,0.0,85.0,338.0
419,12.585,142.8153966,216.75036395,1,0,0.0,85.0,338.0
420,12.615,142.99270805,217.11130341,1,0,0.0,85.0,338.0
421,12.645,143.16939573,217.47260051,1,0,0.0,85.0,338.0
422,12.675,143.34581865,217.83348052,1,0,0.0,85.0,338.0
423,12.705,143.52204623,218.19322464,1,0,0.0,85.0,338.0
424,12.735,143.69817501,218.55295393,1,0,0.0,85.0,338.0
425,12.765,143.87423618,218.91266101,1,0,0.0,85.0,338.0
426,12.795,144.04991813,219.2724194,1,0,0.0,87.0,348.0
427,12.825,144.2248599,219.63199659,1,0,0.0,87.0,348.0
428,12.855,144.39914094,219.99070774,1,0,0.0,87.0,348.0
429,12.885,144.5735544,220.35088355,1,0,0.0,87.0,348.0
430,12.915,144.74864485,220.71160218,1,0,0.0,87.0,348.0
431,12.945,144.92483002,221.07133174,1,0,0.0,87.0,348.0
432,12.975,145.10239161,221.43105348,1,0,0.0,87.0,348.0
433,13.005,145.28143994,221.79071157,1,0,0.0,87.0,348.0
434,13.035,145.46149452,222.15037195,1,0,0.0,87.0,348.0
435,13.065,145.64351766,222.51031412,1,0,0.0,87.0,348.0
436,13.095,145.82748031,222.87022025,1,0,0.0,87.0,348.0
437,13.125,146.01213052,223.23002958,1,0,0.0,89.5,358.0
438,13.155,146.51662522,337.13844585,1,0,0.31928423,64.0,254.0
439,13.185,150.11005746,337.26102951,1,0,0.0,64.0,254.0
440,13.215,153.70587193,337.38359024,1,0,0.0,64.5,256.0
441,13.245,157.30363215,337.50561397,1,0,0.0,64.75,257.0
442,13.275,160.90247072,337.62741332,1,0,0.0,64.75,257.0
443,13.305,164.50226034,337.74887778,1,0,0.0,64.75,257.0
444,13.335,168.10274332,337.86980674,1,0,0.0,64.75,257.0
445,13.365,171.70362776,337.99068238,1,0,0.0,65.25,259.0
446,13.395,175.30465796,338.11084902,1,0,0.0,65.25,259.0
447,13.425,178.90563408,338.23093559,1,0,0.0,65.25,259.0
448,13.455,182.50629504,338.35059498,1,0,0.0,65.25,259.0
449,13.485,186.1068108,338.47002955,1,0,0.0,65.25,259.0
450,13.515,189.70723859,338.58923955,1,0,0.0,65.5,260.0
451,13.545,193.30783015,338.70795675,1,0,0.0,65.75,261.0
452,13.575,196.90854226,338.82664775,1,0,0.0,65.75,261.0
453,13.605,200.50916851,338.94461918,1,0,0.0,65.75,261.0
454,13.635,204.10956172,339.06253152,1,0,0.0,66.0,262.0
455,13.665,207.70972137,339.18002142,1,0,0.0,66.25,263.0
456,13.695,211.30941824,339.29724443,1,0,0.0,66.25,263.0
457,13.725,214.09892866,339.47219059,1,0,0.0,66.25,263.0
458,13.755,214.29032193,339.83246859,1,0,0.0,66.5,264.0
459,13.785,214.4811859,340.19274247,1,0,0.0,66.5,264.0
460,13.815,214.67178481,340.55306353,1,0,0.0,66.75,265.0
461,13.845,214.86245177,340.91338625,1,0,0.0,66.75,265.0
462,13.875,215.05318611,341.27370552,1,0,0.0,66.75,265.0
463,13.905,215.24389742,341.63400307,1,0,0.0,66.75,265.0
464,13.935,215.43449883,341.99428547,1,0,0.0,67.0,266.0
465,13.965,215.62497777,342.35440034,1,0,0.0,67.0,266.0
466,13.995,215.81529985,342.713484,1,0,0.0,67.25,267.0
467,14.025,216.00554267,343.07408383,1,0,0.0,67.25,267.0
468,14.055,216.1958631,343.43606606,1,0,0.0,67.25,267.0
469,14.085,216.38623291,343.79697494,1,0,0.0,67.25,267.0
470,14.115,216.57663204,344.1578817,1,0,0.0,67.5,268.0
471,14.145,216.76706258,344.51878844,1,0,0.0,67.75,269.0
472,14.175,216.95750727,344.8796942,1,0,0.0,67.75,269.0
473,14.205,217.14784585,345.24053734,1,0,0.0,67.75,269.0
474,14.235,217.3380366,345.60008338,1,0,0.0,67.75,269.0
475,14.265,217.52812952,345.95963843,1,0,0.0,67.75,269.0
476,14.295,217.71826426,346.32022459,1,0,0.0,68.25,271.0
477,14.325,217.90841411,346.68143219,1,0,0.0,68.25,271.0
478,14.355,218.09828754,347.0437588,1,0,0.0,68.25,271.0
479,14.385,218.28802165,347.40654299,1,0,0.0,68.25,271.0
480,14.415,218.47762792,347.76808159,1,0,0.0,68.25,271.0
481,14.445,218.66706452,348.12961738,1,0,0.0,68.25,271.0
482,14.475,218.85640002,348.49117107,1,0,0.0,68.25,271.0
483,14.505,219.04669874,348.85274805,1,0,0.0,68.25,271.0
484,14.535,219.23820542,349.21428909,1,0,0.0,68.25,271.0
485,14.565,219.42979189,349.57483677,1,0,0.0,68.25,271.0
486,14.595,219.6210613,349.93654752,1,0,0.0,68.25,271.0
487,14.625,219.8119631,350.29822291,1,0,0.0,68.25,271.0
488,14.655,220.00332359,350.66040538,1,0,0.0,68.25,271.0
489,14.685,220.1956776,351.02390944,1,0,0.0,68.25,271.0
490,14.715,220.38912682,351.38715909,1,0,0.0,68.75,273.0
491,14.745,220.58370095,351.74922004,1,0,0.0,68.75,273.0
492,14.775,220.77936243,352.11127846,1,0,0.0,69.25,275.0
493,14.805,220.97617237,352.47332409,1,0,0.0,69.25,275.0
494,14.835,221.17419989,352.83537207,1,0,0.0,69.25,275.0
495,14.865,221.37349778,353.19916272,1,0,0.0,69.25,275.0
496,14.895,221.57407452,353.56160714,1,0,0.0,69.25,275.0
497,14.925,221.77587209,353.92392012,1,0,0.0,69.25,275.0
498,14.955,221.97890316,354.28629784,1,0,0.0,69.25,275.0
499,14.985,222.18323726,354.65057312,1,0,0.0,69.25,275.0
500,15.015,222.38892935,355.01485594,1,0,0.0,69.25,275.0
501,15.045,222.59511206,355.37885631,1,0,0.0,69.25,275.0
502,15.075,222.80104509,355.74172337,1,0,0.0,69.25,275.0
503,15.105,223.00663248,356.10458478,1,0,0.0,69.25,275.0
504,15.135,223.2119001,356.46872513,1,0,0.0,69.25,275.0
505,15.165,223.41693588,356.83340046,1,0,0.0,69.25,275.0
506,15.195,223.62169073,357.19807638,1,0,0.0,69.25,275.0
507,15.225,223.82613581,357.5614687,1,0,0.0,69.25,275.0
508,15.255,224.03016627,357.92468796,1,0,0.0,69.75,277.0
509,15.285,224.23380477,358.28948144,1,0,0.0,70.25,279.0
510,15.315,224.4371121,358.6547031,1,0,0.0,70.25,279.0
511,15.345,224.64005719,359.01992617,1,0,0.0,70.25,279.0
512,15.375,224.84269111,359.38477339,1,0,0.0,70.25,279.0
513,15.405,225.04569435,359.74954042,1,0,0.0,70.75,281.0
514,15.435,225.24913089,360.11529698,1,0,0.0,70.75,281.0
515,15.465,225.45284886,360.48110276,1,0,0.0,70.75,281.0
516,15.495,225.65616223,360.84690461,1,0,0.0,70.75,281.0
517,15.525,225.85900913,361.21271853,1,0,0.0,70.75,281.0
518,15.555,226.06155714,361.57731082,1,0,0.0,70.75,281.0
519,15.585,226.26389097,361.9429271,1,0,0.0,70.75,281.0
520,15.615,226.4661074,362.30941339,1,0,0.0,70.75,281.0
521,15.645,226.66825315,362.6758973,1,0,0.0,70.75,281.0
522,15.675,226.87034227,363.04283384,1,0,0.0,70.75,281.0
523,15.705,227.07243149,363.41062664,1,0,0.0,70.75,281.0
524,15.735,227.27445896,363.77758139,1,0,0.0,71.25,283.0
525,15.765,227.47640166,364.14453224,1,0,0.0,71.25,283.0
526,15.795,227.67796156,364.51155458,1,0,0.0,71.25,283.0
527,15.825,227.87873771,364.87858354,1,0,0.0,71.25,283.0
528,15.855,228.07869868,365.24560981,1,0,0.0,71.25,283.0
529,15.885,228.27794124,365.61221612,1,0,0.0,71.25,283.0
530,15.915,228.47653763,365.97999977,1,0,0.0,71.25,283.0
531,15.945,228.67475558,366.3479453,1,0,0.0,71.25,283.0
532,15.975,228.87242489,366.71767606,1,0,0.0,71.25,283.0
533,16.005,229.06977202,367.08738731,1,0,0.0,71.5,284.0
534,16.035,229.26697306,367.45636492,1,0,0.0,71.75,285.0
535,16.065,229.46394493,367.82473617,1,0,0.0,71.75,285.0
536,16.095,229.66076254,368.19310749,1,0,0.0,71.75,285.0
537,16.125,229.8571111,368.5614834,1,0,0.0,71.75,285.0
538,16.155,230.05298911,368.92985091,1,0,0.0,71.75,285.0
539,16.185,230.24843837,369.29882375,1,0,0.0,71.75,285.0
540,16.215,230.44350367,369.66804446,1,0,0.0,71.75,285.0
541,16.245,230.63821816,370.03909007,1,0,0.0,71.75,285.0
542,16.275,230.83259768,370.41039088,1,0,0.0,71.75,285.0
543,16.305,231.0264308,370.78172404,1,0,0.0,71.75,285.0
544,16.335,231.21990209,371.15296049,1,0,0.0,71.75,285.0
545,16.365,231.41319328,371.52318818,1,0,0.0,71.75,285.0
546,16.395,231.60626031,371.89307562,1,0,0.0,72.25,287.0
547,16.425,231.79938983,372.26303601,1,0,0.0,72.25,287.0
548,16.455,231.99306258,372.63300951,1,0,0.0,72.25,287.0
549,16.485,232.18728579,373.00354381,1,0,0.0,72.75,289.0
550,16.515,232.38213223,373.37731606,1,0,0.0,72.75,289.0
551,16.545,232.57770043,373.75042225,1,0,0.0,72.75,289.0
552,16.575,232.77437463,374.12351536,1,0,0.0,73.25,291.0
553,16.605,232.97224112,374.49660727,1,0,0.0,73.25,291.0
554,16.635,233.17127757,374.86969015,1,0,0.0,73.25,291.0
555,16.665,233.37140886,375.24274326,1,0,0.0,73.25,291.0
556,16.695,233.57242809,375.61449396,1,0,0.0,73.25,291.0
557,16.725,233.77409599,375.98625385,1,0,0.0,73.25,291.0
558,16.755,233.97639223,376.35801374,1,0,0.0,73.25,291.0
559,16.785,234.17932173,376.730372,1,0,0.0,73.25,291.0
560,16.815,234.38302215,377.10643215,1,0,0.0,73.25,291.0
561,16.845,234.58741816,377.48258769,1,0,0.0,73.25,291.0
562,16.875,234.79220702,377.8580126,1,0,0.0,73.25,291.0
563,16.905,234.99699935,378.23346204,1,0,0.0,73.25,291.0
564,16.935,235.20181082,378.60891874,1,0,0.0,73.25,291.0
565,16.965,235.4068443,378.98445056,1,0,0.0,73.25,291.0
566,16.995,235.61251311,379.35961196,1,0,0.0,73.25,291.0
567,17.025,235.8187656,379.73392244,1,0,0.0,73.25,291.0
568,17.055,236.02531063,380.10823068,1,0,0.0,73.25,291.0
569,17.085,236.23207555,380.48336642,1,0,0.0,73.25,291.0
570,17.115,236.43920692,380.86013482,1,0,0.0,73.25,291.0
571,17.145,236.64653747,381.23875337,1,0,0.0,73.25,291.0
572,17.175,236.85405724,381.6173593,1,0,0.0,73.75,293.0
573,17.205,237.06148569,381.99558717,1,0,0.0,73.75,293.0
574,17.235,237.2686796,382.3738227,1,0,0.0,73.75,293.0
575,17.265,237.47566855,382.75206053,1,0,0.0,73.75,293.0
576,17.295,237.68246809,383.13030661,1,0,0.0,73.75,293.0
577,17.325,237.88907497,383.50765764,1,0,0.0,73.75,293.0
578,17.355,238.09551879,383.88464238,1,0,0.0,73.75,293.0
579,17.385,238.30194954,384.26283412,1,0,0.0,73.75,293.0
580,17.415,238.50827544,384.64238829,1,0,0.0,73.75,293.0
581,17.445,238.71447808,385.02199413,1,0,0.0,73.75,293.0
582,17.475,238.92045542,385.40349402,1,0,0.0,73.75,293.0
583,17.505,239.12600878,385.78472151,1,0,0.0,73.75,293.0
584,17.535,239.33103663,386.16594524,1,0,0.0,74.25,295.0
585,17.565,239.53553844,386.54716295,1,0,0.0,74.25,295.0
586,17.595,239.73950552,386.92836726,1,0,0.0,74.25,295.0
587,17.625,239.94291902,387.3093248,1,0,0.0,74.25,295.0
588,17.655,240.14550444,387.68928767,1,0,0.0,74.25,295.0
589,17.685,240.34716608,388.07107626,1,0,0.0,74.25,295.0
590,17.715,240.54798274,388.45365565,1,0,0.0,74.75,297.0
591,17.745,240.74795254,388.83622012,1,0,0.0,74.75,297.0
592,17.775,240.94719841,389.21881855,1,0,0.0,74.75,297.0
593,17.805,241.14585282,389.60318657,1,0,0.0,74.75,297.0
594,17.835,241.34410055,389.98762619,1,0,0.0,74.75,297.0
595,17.865,241.54187844,390.37215612,1,0,0.0,74.75,297.0
596,17.895,241.73909561,390.75672241,1,0,0.0,74.75,297.0
597,17.925,241.93487467,391.14132162,1,0,0.0,74.75,297.0
598,17.955,242.12963092,391.52499328,1,0,0.0,74.75,297.0
599,17.985,242.32502482,391.91106614,1,0,0.0,74.75,297.0
600,18.015,242.52125293,392.2971492,1,0,0.0,74.75,297.0
601,18.045,242.71833361,392.68323111,1,0,0.0,74.75,297.0
602,18.075,242.91619379,393.0693313,1,0,0.0,74.75,297.0
603,18.105,243.11469392,393.45542646,1,0,0.0,74.75,297.0
604,18.135,243.31365575,393.84343619,1,0,0.0,74.75,297.0
605,18.165,243.51301889,394.23146747,1,0,0.0,75.0,298.0
606,18.195,243.71281276,394.6194822,1,0,0.0,75.25,299.0
607,18.225,243.91293721,395.00749699,1,0,0.0,75.25,299.0
608,18.255,244.11325581,395.39623732,1,0,0.0,75.25,299.0
609,18.285,244.31322647,395.78601082,1,0,0.0,75.25,299.0
610,18.315,244.51274854,396.17581482,1,0,0.0,75.25,299.0
611,18.345,244.71187244,396.56563075,1,0,0.0,75.25,299.0
612,18.375,244.91059553,396.95543753,1,0,0.0,75.25,299.0
613,18.405,245.10886045,397.34523583,1,0,0.0,75.25,299.0
614,18.435,245.30659829,397.73619772,1,0,0.0,75.25,299.0
615,18.465,245.50390458,398.12852748,1,0,0.0,75.25,299.0
616,18.495,245.70087248,398.52023707,1,0,0.0,75.25,299.0
617,18.525,245.89819404,398.91201686,1,0,0.0,75.25,299.0
618,18.555,246.09908883,399.30639969,1,0,0.0,75.25,299.0
619,18.585,246.30408583,399.70016613,1,0,0.0,75.75,301.0
620,18.615,246.5131353,400.09392134,1,0,0.0,75.75,301.0
621,18.645,246.7262313,400.48766186,1,0,0.0,75.75,301.0
622,18.675,246.94336353,400.88140567,1,0,0.0,75.75,301.0
623,18.705,247.16408629,401.27487058,1,0,0.0,75.75,301.0
624,18.735,247.38592158,401.66809049,1,0,0.0,75.75,301.0
625,18.765,247.60849061,402.06406008,1,0,0.0,75.75,301.0
626,18.795,247.83194958,402.460629,1,0,0.0,75.75,301.0
627,18.825,248.05632334,402.8587612,1,0,0.0,75.75,301.0
628,18.855,248.28156705,403.25714118,1,0,0.0,75.75,301.0
629,18.885,248.50739926,403.65425293,1,0,0.0,75.75,301.0
630,18.915,248.73364126,404.0513678,1,0,0.0,75.75,301.0
631,18.945,248.96029061,404.44848254,1,0,0.0,75.75,301.0
632,18.975,249.18737557,404.8455962,1,0,0.0,75.75,301.0
633,19.005,249.41505686,405.24270899,1,0,0.0,75.75,301.0
634,19.035,249.64345248,405.63980613,1,0,0.0,76.25,303.0
635,19.065,249.87273715,406.03842571,1,0,0.0,76.25,303.0
636,19.095,250.10292316,406.43991049,1,0,0.0,76.25,303.0
637,19.125,250.33358573,406.8439774,1,0,0.0,76.25,303.0
638,19.155,250.56430026,407.24805502,1,0,0.0,76.25,303.0
639,19.185,250.79533868,407.65095482,1,0,0.0,76.25,303.0
640,19.215,251.02714965,408.05320905,1,0,0.0,76.25,303.0
641,19.245,251.25965776,408.45469768,1,0,0.0,76.75,305.0
642,19.275,251.49284592,408.85618631,1,0,0.0,76.75,305.0
643,19.305,251.72671412,409.25767494,1,0,0.0,76.75,305.0
644,19.335,251.96126236,409.65916358,1,0,0.0,76.75,305.0
645,19.365,252.19649081,410.06081565,1,0,0.0,76.75,305.0
646,19.395,252.43247496,410.4657242,1,0,0.0,76.75,305.0
647,19.425,252.66933761,410.87490136,1,0,0.0,76.75,305.0
648,19.455,252.90710107,411.28404011,1,0,0.0,76.75,305.0
649,19.485,253.14561023,411.69215757,1,0,0.0,76.75,305.0
650,19.515,253.3847957,412.10027501,1,0,0.0,76.75,305.0
651,19.545,253.62464193,412.50839229,1,0,0.0,76.75,305.0
652,19.575,253.86513636,412.91632104,1,0,0.0,77.25,307.0
653,19.605,254.10619408,413.32313478,1,0,0.0,77.25,307.0
654,19.635,254.34775408,413.72995528,1,0,0.0,77.25,307.0
655,19.665,254.58988627,414.140207,1,0,0.0,77.25,307.0
656,19.695,254.83268551,414.55047921,1,0,0.0,77.25,307.0
657,19.725,255.07615396,414.96075142,1,0,0.0,77.25,307.0
658,19.755,255.32028842,415.37077383,1,0,0.0,77.25,307.0
659,19.785,255.56505823,415.78284823,1,0,0.0,77.25,307.0
660,19.815,255.81062336,416.19692119,1,0,0.0,77.25,307.0
661,19.845,256.05700583,416.61099414,1,0,0.0,77.25,307.0
662,19.875,256.30420562,417.0250671,1,0,0.0,77.25,307.0
663,19.905,256.55219939,417.439376,1,0,0.0,77.25,307.0
664,19.935,256.80074855,417.8570221,1,0,0.0,77.25,307.0
665,19.965,257.04986266,418.2734508,1,0,0.0,77.25,307.0
666,19.995,257.29936798,418.68987668,1,0,0.0,77.25,307.0
667,20.025,257.54887525,419.10630049,1,0,0.0,77.25,307.0
668,20.055,257.7986905,419.5221566,1,0,0.0,77.25,307.0
669,20.085,258.04866427,419.93751268,1,0,0.0,77.25,307.0
670,20.115,258.29775714,420.35276323,1,0,0.0,77.75,309.0
671,20.145,258.54525812,420.769998,1,0,0.0,77.75,309.0
672,20.175,258.7916197,421.19133772,1,0,0.0,77.75,309.0
673,20.205,259.03762984,421.61542952,1,0,0.0,77.75,309.0
674,20.235,259.28337686,422.03952132,1,0,0.0,77.75,309.0
675,20.265,259.52886075,422.46361312,1,0,0.0,77.75,309.0
676,20.295,259.77425215,422.88747501,1,0,0.0,77.75,309.0
677,20.325,260.01980293,423.31027157,1,0,0.0,77.75,309.0
678,20.355,260.2665507,423.73213627,1,0,0.0,77.75,309.0
679,20.385,260.5146489,424.15399599,1,0,0.0,77.75,309.0
680,20.415,260.76576253,424.57583537,1,0,0.0,77.75,309.0
681,20.445,261.0195657,425.00006511,1,0,0.0,77.75,309.0
682,20.475,261.27539766,425.42586138,1,0,0.0,77.75,309.0
683,20.505,261.53369823,425.85415024,1,0,0.0,77.75,309.0
684,20.535,261.79383125,426.28545186,1,0,0.0,77.75,309.0
685,20.565,262.05457724,426.71681314,1,0,0.0,77.75,309.0
686,20.595,262.31535585,427.14817207,1,0,0.0,77.75,309.0
687,20.625,262.57574585,427.57892021,1,0,0.0,77.75,309.0
688,20.655,262.83551584,428.00871165,1,0,0.0,77.75,309.0
689,20.685,263.09459945,428.43815634,1,0,0.0,77.75,309.0
690,20.715,263.35307307,428.87134621,1,0,0.0,77.75,309.0
691,20.745,263.61094621,429.30452244,1,0,0.0,78.0,310.0
692,20.775,263.86826074,429.73770814,1,0,0.0,78.25,311.0
693,20.805,264.12521091,430.17089187,1,0,0.0,78.25,311.0
694,20.835,264.38179996,430.60408501,1,0,0.0,78.25,311.0
695,20.865,264.6381251,431.04190929,1,0,0.0,78.25,311.0
696,20.895,264.89449329,431.48069288,1,0,0.0,78.75,313.0
697,20.925,265.15067967,431.91884303,1,0,0.0,78.75,313.0
698,20.955,265.40665628,432.36003255,1,0,0.0,78.75,313.0
699,20.985,265.6625052,432.80247212,1,0,0.0,78.75,313.0
700,21.015,265.91824763,433.24490957,1,0,0.0,78.75,313.0
701,21.045,266.17441696,433.68638856,1,0,0.0,78.75,313.0
702,21.075,266.43127222,434.12751317,1,0,0.0,78.75,313.0
703,21.105,266.68852058,434.56865212,1,0,0.0,78.75,313.0
704,21.135,266.94569534,435.00979446,1,0,0.0,78.75,313.0
705,21.165,267.20278738,435.45067636,1,0,0.0,78.75,313.0
706,21.195,267.45975826,435.89573114,1,0,0.0,78.75,313.0
707,21.225,267.71737158,436.34704923,1,0,0.0,78.75,313.0
708,21.255,267.97607548,436.79834816,1,0,0.0,78.75,313.0
709,21.285,268.23604089,437.24962858,1,0,0.0,78.75,313.0
710,21.315,268.49730714,437.70090967,1,0,0.0,78.75,313.0
711,21.345,268.75984994,438.15219172,1,0,0.0,78.75,313.0
712,21.375,269.02363523,438.60343122,1,0,0.0,79.25,315.0
713,21.405,269.28873145,439.05467543,1,0,0.0,79.25,315.0
714,21.435,269.55535591,439.50772578,1,0,0.0,79.25,315.0
715,21.465,269.8233414,439.96153458,1,0,0.0,79.25,315.0
716,21.495,270.09257672,440.41527893,1,0,0.0,79.25,315.0
717,21.525,270.36340252,440.86901597,1,0,0.0,79.25,315.0
718,21.555,270.63592382,441.32362035,1,0,0.0,79.25,315.0
719,21.585,270.91019958,441.78525463,1,0,0.0,79.25,315.0
720,21.615,271.18620698,442.24694728,1,0,0.0,79.25,315.0
721,21.645,271.46375529,442.7086564,1,0,0.0,79.25,315.0
722,21.675,271.7427085,443.17298917,1,0,0.0,79.25,315.0
723,21.705,272.02316592,443.63926683,1,0,0.0,79.25,315.0
724,21.735,272.30501793,444.1050902,1,0,0.0,79.25,315.0
725,21.765,272.58827675,444.57090738,1,0,0.0,79.25,315.0
726,21.795,272.87286585,445.03672843,1,0,0.0,79.25,315.0
727,21.825,273.15844145,445.50255324,1,0,0.0,79.25,315.0
728,21.855,273.44491848,445.96760436,1,0,0.0,79.25,315.0
729,21.885,273.73212347,446.43202767,1,0,0.0,79.25,315.0
730,21.915,274.02026631,446.90054899,1,0,0.0,79.25,315.0
731,21.945,274.30954175,447.37024552,1,0,0.0,79.25,315.0
732,21.975,274.59984751,447.84737774,1,0,0.0,79.5,316.0
733,22.005,274.89108049,448.32527806,1,0,0.0,79.75,317.0
734,22.035,275.18319417,448.8031414,1,0,0.0,79.75,317.0
735,22.065,275.47626942,449.28099933,1,0,0.0,79.75,317.0
736,22.095,275.77037204,449.75888124,1,0,0.0,79.75,317.0
737,22.125,276.06546506,450.2379319,1,0,0.0,79.75,317.0
738,22.155,276.36168464,450.72145807,1,0,0.0,79.75,317.0
739,22.185,276.65916433,451.20500207,1,0,0.0,79.75,317.0
740,22.215,276.95792105,451.68814272,1,0,0.0,79.75,317.0
741,22.245,277.25796687,452.17004547,1,0,0.0,79.75,317.0
742,22.275,277.55906624,452.6513341,1,0,0.0,79.75,317.0
743,22.305,277.86113105,453.13263147,1,0,0.0,79.75,317.0
744,22.335,278.16415254,453.61586702,1,0,0.0,79.75,317.0
745,22.365,278.46849546,454.11296107,1,0,0.0,79.75,317.0
746,22.395,278.77439571,454.61131793,1,0,0.0,79.75,317.0
747,22.425,279.0814525,455.10967061,1,0,0.0,79.75,317.0
748,22.455,279.38898135,455.60787059,1,0,0.0,79.75,317.0
749,22.485,279.6974364,456.10536524,1,0,0.0,79.75,317.0
750,22.515,280.00691086,456.60286452,1,0,0.0,79.75,317.0
751,22.545,280.31749455,457.10037697,1,0,0.0,79.75,317.0
752,22.575,280.62924006,457.59788816,1,0,0.0,79.75,317.0
753,22.605,280.9421999,458.09541312,1,0,0.0,79.75,317.0
754,22.635,281.25627951,458.59387628,1,0,0.0,79.75,317.0
755,22.665,281.57150191,459.09919633,1,0,0.0,79.75,317.0
756,22.695,281.88796671,459.60454438,1,0,0.0,79.75,317.0
757,22.725,282.20556819,460.12024857,1,0,0.0,79.75,317.0
758,22.755,282.52442197,460.63596138,1,0,0.0,79.75,317.0
759,22.785,282.84424947,461.15168794,1,0,0.0,79.75,317.0
760,22.815,283.16519056,461.6674358,1,0,0.0,79.75,317.0
761,22.845,283.48909678,462.18319873,1,0,0.0,80.25,319.0
762,22.875,283.81624215,462.69893891,1,0,0.0,80.25,319.0
763,22.905,284.14454473,463.21460753,1,0,0.0,80.25,319.0
764,22.935,284.47403093,463.73007832,1,0,0.0,80.25,319.0
765,22.965,284.80552199,464.25402767,1,0,0.0,80.25,319.0
766,22.995,285.13903128,464.77830565,1,0,0.0,80.25,319.0
767,23.025,285.47399717,465.30235717,1,0,0.0,80.25,319.0
768,23.055,285.81016454,465.83084762,1,0,0.0,80.25,319.0
769,23.085,286.14815849,466.36725917,1,0,0.0,80.25,319.0
770,23.115,286.48811747,466.90367303,1,0,0.0,80.25,319.0
771,23.145,286.82996132,467.44010814,1,0,0.0,80.25,319.0
772,23.175,287.1736834,467.97613277,1,0,0.0,80.25,319.0
773,23.205,287.51904129,468.51166975,1,0,0.0,80.25,319.0
774,23.235,287.86616654,469.04718576,1,0,0.0,80.25,319.0
775,23.265,288.21554753,469.59342397,1,0,0.0,80.25,319.0
776,23.295,288.56774744,470.1405509,1,0,0.0,80.25,319.0
777,23.325,288.9227261,470.68749622,1,0,0.0,80.5,320.0
778,23.355,289.28010636,471.23316122,1,0,0.0,80.75,321.0
779,23.385,289.63972359,471.78295209,1,0,0.0,80.75,321.0
780,23.415,290.00135961,472.34354257,1,0,0.0,80.75,321.0
781,23.445,290.36471132,472.90412525,1,0,0.0,80.75,321.0
782,23.475,290.72969915,473.46409588,1,0,0.0,80.75,321.0
783,23.505,291.09608837,474.02348792,1,0,0.0,80.75,321.0
784,23.535,291.46371593,474.58845902,1,0,0.0,80.75,321.0
785,23.565,291.83164414,475.16099682,1,0,0.0,80.75,321.0
786,23.595,292.19955037,475.73354658,1,0,0.0,80.75,321.0
787,23.625,292.56744329,476.30608783,1,0,0.0,80.75,321.0
788,23.655,292.93533002,476.87862748,1,0,0.0,80.75,321.0
789,23.685,293.30322364,477.45115476,1,0,0.0,80.75,321.0
790,23.715,293.67118284,478.02278162,1,0,0.0,80.75,321.0
791,23.745,294.03959364,478.60626147,1,0,0.0,80.75,321.0
792,23.775,294.4090988,479.19637549,1,0,0.0,80.75,321.0
793,23.805,294.77992445,479.79125822,1,0,0.0,80.75,321.0
794,23.835,295.1528286,480.39473963,1,0,0.0,80.75,321.0
795,23.865,295.52781608,480.99822335,1,0,0.0,80.75,321.0
796,23.895,295.90488379,481.60169266,1,0,0.0,80.75,321.0
797,23.925,296.28472719,482.20519128,1,0,0.0,80.75,321.0
798,23.955,296.66804856,482.80868895,1,0,0.0,80.75,321.0
799,23.985,297.05484442,483.4121844,1,0,0.0,80.75,321.0
800,24.015,297.44498751,484.01565646,1,0,0.0,80.75,321.0
801,24.045,297.83840692,484.61911531,1,0,0.0,81.25,323.0
802,24.075,298.23511907,485.23620817,1,0,0.0,81.25,323.0
803,24.105,298.63576904,485.86931032,1,0,0.0,81.25,323.0
804,24.135,299.04019665,486.5104622,1,0,0.0,81.25,323.0
805,24.165,299.44829198,487.15158133,1,0,0.0,81.25,323.0
806,24.195,299.85997493,487.79265401,1,0,0.0,81.25,323.0
807,24.225,300.27525233,488.43370747,1,0,0.0,81.25,323.0
808,24.255,300.69421042,489.07474263,1,0,0.0,81.25,323.0
809,24.285,301.11683335,489.71579067,1,0,0.0,81.25,323.0
810,24.315,301.54328261,490.37054114,1,0,0.0,81.25,323.0
811,24.345,301.97490403,491.03031908,1,0,0.0,81.25,323.0
812,24.375,302.41246605,491.69013308,1,0,0.0,81.25,323.0
813,24.405,302.85524991,492.3493199,1,0,0.0,81.25,323.0
814,24.435,303.30267584,493.02243614,1,0,0.0,81.25,323.0
815,24.465,303.75494646,493.7091799,1,0,0.0,81.25,323.0
816,24.495,304.21103609,494.39489267,1,0,0.0,81.25,323.0
817,24.525,304.67026224,495.08374642,1,0,0.0,81.25,323.0
818,24.555,305.13279101,495.79105915,1,0,0.0,81.25,323.0
819,24.585,305.59893315,496.49834347,1,0,0.0,81.25,323.0
820,24.615,306.06877818,497.2056217,1,0,0.0,81.25,323.0
821,24.645,306.54236665,497.91288574,1,0,0.0,81.25,323.0
822,24.675,307.01979477,498.61984124,1,0,0.0,81.75,325.0
823,24.705,307.50061509,499.32590959,1,0,0.0,81.75,325.0
824,24.735,307.98477511,500.0474922,1,0,0.0,81.75,325.0
825,24.765,308.47344713,500.81375811,1,0,0.0,81.75,325.0
826,24.795,308.96712721,501.58002579,1,0,0.0,81.75,325.0
827,24.825,309.46593398,502.34543565,1,0,0.0,81.75,325.0
828,24.855,309.96934012,503.1104136,1,0,0.0,81.75,325.0
829,24.885,310.47725972,503.87538186,1,0,0.0,81.75,325.0
830,24.915,310.9989443,504.63768303,1,0,0.0,81.75,325.0
831,24.945,311.52770206,505.41659576,1,0,0.0,81.75,325.0
832,24.975,312.06129667,506.21015016,1,0,0.0,81.75,325.0
833,25.005,312.59986526,507.01679507,1,0,0.0,81.75,325.0
834,25.035,313.14436372,507.85456122,1,0,0.0,81.75,325.0
835,25.065,313.6948818,508.69240467,1,0,0.0,81.75,325.0
836,25.095,314.25131415,509.53022148,1,0,0.0,81.75,325.0
837,25.125,314.81419258,510.38343363,1,0,0.0,81.75,325.0
838,25.155,315.38410233,511.25527247,1,0,0.0,81.75,325.0
839,25.185,315.96084326,512.12690595,1,0,0.0,81.75,325.0
840,25.215,316.54404097,512.99757066,1,0,0.0,81.75,325.0
841,25.245,317.13350689,513.88134625,1,0,0.0,81.75,325.0
842,25.275,317.73045962,514.80983574,1,0,0.0,81.75,325.0
843,25.305,318.33599309,515.77798335,1,0,0.0,81.75,325.0
844,25.335,318.95087537,516.74972432,1,0,0.0,81.75,325.0
845,25.365,319.57513275,517.7214192,1,0,0.0,82.0,326.0
846,25.395,320.20875431,518.69311407,1,0,0.0,82.25,327.0
847,25.425,320.85167998,519.66429786,1,0,0.0,82.25,327.0
848,25.455,321.50367574,520.70093253,1,0,0.0,82.25,327.0
849,25.485,322.16680092,521.80334492,1,0,0.0,82.25,327.0
850,25.515,322.84167575,522.90573014,1,0,0.0,82.25,327.0
851,25.545,323.5283861,524.00811152,1,0,0.0,82.25,327.0
852,25.575,324.22717258,525.14550565,1,0,0.0,82.25,327.0
853,25.605,324.93946286,526.31762931,1,0,0.0,82.25,327.0
854,25.635,325.66561848,527.52081909,1,0,0.0,82.25,327.0
855,25.665,326.40755325,528.80685324,1,0,0.0,82.25,327.0
856,25.695,327.1666237,530.15077861,1,0,0.0,82.25,327.0
857,25.725,327.94433735,531.53000318,1,0,0.0,82.25,327.0
858,25.755,328.73992998,532.90787475,1,0,0.0,82.25,327.0
859,25.785,329.55351619,534.40702389,1,0,0.0,82.25,327.0
860,25.815,330.39251617,536.11290183,1,0,0.01065626,82.0,326.0
861,25.845,331.25890586,537.81826724,1,0,0.01070197,81.75,325.0
862,25.875,332.15282287,539.62871946,1,0,0.02154913,81.25,323.0
863,25.905,333.07963641,541.67766426,1,0,0.02460769,80.75,323.0
864,25.935,334.05174031,544.14039906,1,0,0.03270621,80.25,323.0
865,25.965,335.08068427,546.82984637,1,0,0.0397637,79.0,318.0
866,25.995,336.178628,550.68019286,1,0,0.05205999,78.0,316.0
867,26.025,337.41393457,556.13141427,1,0,0.09208611,78.25,315.0
868,26.055,338.7046341,556.14941537,1,0,0.01051184,78.0,314.0
869,26.085,339.97202306,556.16738866,1,0,0.01027116,77.25,313.0
870,26.115,341.21589737,556.18535799,1,0,0.01002578,75.5,305.0
871,26.145,342.43621573,556.20333845,1,0,0.0,75.5,305.0
872,26.175,343.63294309,556.22129917,1,0,0.0,75.5,305.0
873,26.205,344.80541852,556.23841591,1,0,0.0,75.5,305.0
874,26.235,345.95235448,556.25538567,1,0,0.0,75.5,305.0
875,26.265,347.07469659,556.272296,1,0,0.0,75.5,305.0
876,26.295,348.17127524,556.28765005,1,0,0.0,75.5,305.0
877,26.325,349.23996441,556.30300927,1,0,0.0,75.5,305.0
878,26.355,350.27745369,556.3174941,1,0,0.0,75.5,305.0
879,26.385,351.28376275,556.33187947,1,0,0.0,75.5,305.0
880,26.415,352.2611632,556.34623564,1,0,0.0,75.5,305.0
881,26.445,353.20940261,556.36059396,1,0,0.0,75.5,305.0
882,26.475,354.12681445,556.37430693,1,0,0.0,75.5,305.0
883,26.505,355.00936162,556.38615888,1,0,0.0,75.5,305.0
884,26.535,355.85612702,556.39800188,1,0,0.0,75.5,305.0
885,26.565,356.66811321,556.40987402,1,0,0.0,75.75,306.0
886,26.595,357.44310062,556.42099675,1,0,0.0,76.0,307.0
887,26.625,358.17923689,556.43185551,1,0,0.0,76.0,307.0
888,26.655,358.87466601,556.44179366,1,0,0.0,76.0,307.0
889,26.685,359.52285927,556.45043093,1,0,0.0,76.0,307.0
890,26.715,360.11957304,556.45861849,1,0,0.0,76.0,307.0
891,26.745,360.66442509,556.46673442,1,0,0.0,76.0,307.0
892,26.775,361.15057075,556.47297968,1,0,0.0,76.0,307.0
893,26.805,361.56130532,556.47833175,1,0,0.0,76.0,307.0
894,26.835,361.88560428,556.48278097,1,0,0.0,76.0,307.0
895,26.865,362.08135628,556.48491537,1,0,0.0,76.0,307.0
896,26.895,362.10358146,556.48468941,1,0,0.0,76.0,307.0
897,26.925,362.11568152,556.48422462,1,0,0.0,76.0,307.0
898,26.955,362.1275855,556.48378836,1,0,0.0,76.0,307.0
899,26.985,362.13939622,556.48335424,1,0,0.0,76.0,307.0
900,27.015,362.15106181,556.48294228,1,0,0.0,76.0,307.0
901,27.045,362.16257478,556.48249688,1,0,0.0,76.0,307.0
902,27.075,362.17404493,556.48207558,1,0,0.0,76.0,307.0
903,27.105,362.18550432,556.48164473,1,0,0.0,76.0,307.0
904,27.135,362.19691931,556.48120147,1,0,0.0,76.0,307.0
905,27.165,362.20828338,556.48075434,1,0,0.0,76.0,307.0
906,27.195,362.21957836,556.48029359,1,0,0.0,76.0,307.0
907,27.225,362.23058002,556.47983335,1,0,0.0,76.0,307.0
908,27.255,362.24109935,556.47940952,1,0,0.0,76.0,307.0
909,27.285,362.25089772,556.47898816,1,0,0.0,76.0,307.0
910,27.315,362.25897165,556.47855818,1,0,0.0,76.0,307.0
911,27.345,362.26512058,556.47819897,1,0,0.0,76.0,307.0
912,27.375,362.2691716,556.47788958,1,0,0.0,76.0,307.0
913,27.405,362.27112654,556.47755449,1,0,0.0,76.0,307.0
914,27.435,362.27115307,556.47720836,1,0,0.0,76.0,307.0
915,27.465,362.2692986,556.47684978,1,0,0.0,76.0,307.0
916,27.495,362.26664622,556.47654902,1,0,0.0,76.0,307.0
917,27.525,362.26485618,556.47629753,1,0,0.0,76.25,308.0
918,27.555,362.26402787,556.47603728,1,0,0.0,76.5,309.0
919,27.585,362.26415355,556.47576398,1,0,0.0,76.5,309.0
920,27.615,362.26524535,556.47546973,1,0,0.0,76.5,309.0
921,27.645,362.26731568,556.47515838,1,0,0.0,76.5,309.0
922,27.675,362.27038046,556.47485005,1,0,0.0,76.5,309.0
923,27.705,362.27431347,556.47459085,1,0,0.0,76.5,309.0
924,27.735,362.27904588,556.47433111,1,0,0.0,76.5,309.0
925,27.765,362.28452676,556.47414522,1,0,0.0,76.5,309.0
926,27.795,362.29070636,556.47396471,1,0,0.0,76.5,309.0
927,27.825,362.29755931,556.47378725,1,0,0.0,76.5,309.0
928,27.855,362.3051141,556.47360702,1,0,0.0,76.5,309.0
929,27.885,362.31350386,556.47342491,1,0,0.0,76.5,309.0
930,27.915,362.32280069,556.4732428,1,0,0.0,76.5,309.0
931,27.945,362.33298437,556.47306054,1,0,0.0,76.5,309.0
932,27.975,362.34400761,556.47287985,1,0,0.0,76.5,309.0
933,28.005,362.35583443,556.47269503,1,0,0.0,76.5,309.0
934,28.035,362.36839381,556.47252884,1,0,0.0,76.5,309.0
935,28.065,362.38168679,556.47235779,1,0,0.0,76.5,309.0
936,28.095,362.3960468,556.47229278,1,0,0.0,76.5,309.0
937,28.125,362.41148546,556.47225597,1,0,0.0,76.5,309.0
938,28.155,362.42791978,556.47218827,1,0,0.0,76.5,309.0
939,28.185,362.44537325,556.47202425,1,0,0.0,76.5,309.0
940,28.215,362.46388578,556.4717713,1,0,0.0,76.5,309.0
941,28.245,362.48374049,556.471455,1,0,0.0,76.5,309.0
942,28.275,362.50515441,556.47108659,1,0,0.0,76.5,309.0
943,28.305,362.52817227,556.47071524,1,0,0.0,76.5,309.0
944,28.335,362.55214697,556.47047936,1,0,0.0,76.5,309.0
945,28.365,362.5765581,556.47024512,1,0,0.0,76.5,309.0
946,28.395,362.60050552,556.47001137,1,0,0.0,76.5,309.0
947,28.425,362.62360106,556.46976819,1,0,0.0,76.5,309.0
948,28.455,362.64591044,556.46951709,1,0,0.0,76.5,309.0
949,28.485,362.66755893,556.46929604,1,0,0.0,76.5,309.0
950,28.515,362.68892673,556.46913932,1,0,0.0,76.5,309.0
951,28.545,362.70984982,556.46905045,1,0,0.0,76.5,309.0
952,28.575,362.72997661,556.46899634,1,0,0.0,76.75,310.0
953,28.605,362.74897018,556.46893369,1,0,0.0,77.0,311.0
954,28.635,362.76677907,556.46885741,1,0,0.0,77.0,311.0
955,28.665,362.78340352,556.46878113,1,0,0.0,77.0,311.0
956,28.695,362.79884414,556.46870609,1,0,0.0,77.0,311.0
957,28.725,362.81312454,556.46860446,1,0,0.0,77.0,311.0
958,28.755,362.82620653,556.46849052,1,0,0.0,77.0,311.0
959,28.785,362.83786945,556.46837351,1,0,0.0,77.0,311.0
960,28.815,362.84808486,556.46825224,1,0,0.0,77.0,311.0
961,28.845,362.85685225,556.4681124,1,0,0.0,77.0,311.0
962,28.875,362.86424462,556.46796318,1,0,0.0,77.0,311.0
963,28.905,362.87034745,556.46783504,1,0,0.0,77.0,311.0
964,28.935,362.87537042,556.46769348,1,0,0.0,77.0,311.0
965,28.965,362.87964234,556.467562,1,0,0.0,77.0,311.0
966,28.995,362.88338675,556.46740066,1,0,0.0,77.0,311.0
967,29.025,362.88690333,556.46720444,1,0,0.0,77.0,311.0
968,29.055,362.890223,556.46701036,1,0,0.0,77.0,311.0
969,29.085,362.89324598,556.46681894,1,0,0.0,77.0,311.0
970,29.115,362.89572455,556.46662916,1,0,0.0,77.0,311.0
971,29.145,362.89744994,556.46642753,1,0,0.0,77.0,311.0
972,29.175,362.89841949,556.46619881,1,0,0.0,77.0,311.0
973,29.205,362.89865911,556.46594832,1,0,0.0,77.0,311.0
974,29.235,362.89819312,556.46582685,1,0,0.0,77.0,311.0
975,29.265,362.89715264,556.46571278,1,0,0.0,77.0,311.0
976,29.295,362.89548875,556.46561448,1,0,0.0,77.0,311.0
977,29.325,362.89292109,556.46557261,1,0,0.0,77.0,311.0
978,29.355,362.88966331,556.46557068,1,0,0.0,77.0,311.0
979,29.385,362.88571918,556.4655344,1,0,0.0,77.0,311.0
980,29.415,362.88100762,556.4654433,1,0,0.0,77.0,311.0
981,29.445,362.87553553,556.46534153,1,0,0.0,77.0,311.0
982,29.475,362.86926971,556.46522967,1,0,0.0,77.0,311.0
983,29.505,362.86200302,556.46510397,1,0,0.0,77.0,311.0
984,29.535,362.85363935,556.46493593,1,0,0.0,77.0,311.0
985,29.565,362.84463002,556.46471274,1,0,0.0,77.0,311.0
986,29.595,362.83515413,556.46446592,1,0,0.0,77.0,311.0
987,29.625,362.82557367,556.46422916,1,0,0.0,77.0,311.0
988,29.655,362.81624447,556.46399012,1,0,0.0,77.0,311.0
989,29.685,362.80722603,556.46373685,1,0,0.0,77.0,311.0
990,29.715,362.79869211,556.46348408,1,0,0.0,77.0,311.0
991,29.745,362.79055484,556.46326596,1,0,0.0,77.5,313.0
992,29.775,362.78273262,556.46304087,1,0,0.0,77.5,313.0
993,29.805,362.77527053,556.46281311,1,0,0.0,77.5,313.0
994,29.835,362.76812759,556.46260144,1,0,0.0,77.5,313.0
995,29.865,362.7610471,556.46245891,1,0,0.0,77.5,313.0
996,29.895,362.75445842,556.46203744,1,0,0.0,77.5,313.0
997,29.925,362.75198632,556.46129014,1,0,0.0,77.5,313.0
998,29.955,362.75424037,556.46053375,1,0,0.0,77.5,313.0
999,29.985,362.76121377,556.45976965,1,0,0.0,77.5,313.0
1000,30.015,362.77235966,556.459391,1,0,0.0,77.5,313.0
1001,30.045,362.78539148,556.45969525,1,0,0.0,77.5,313.0
1002,30.075,362.8002092,556.46006872,1,0,0.0,77.5,313.0
1003,30.105,362.81681487,556.4604599,1,0,0.0,77.5,313.0
1004,30.135,362.83482306,556.46093191,1,0,0.0,77.5,313.0
1005,30.165,362.85395479,556.46131844,1,0,0.0,77.5,313.0
1006,30.195,362.87439762,556.46157437,1,0,0.0,77.5,313.0
1007,30.225,362.89635937,556.46181241,1,0,0.0,77.5,313.0
1008,30.255,362.91983887,556.46199326,1,0,0.0,77.5,313.0
1009,30.285,362.94490542,556.46203923,1,0,0.0,77.5,313.0
1010,30.315,362.97129083,556.46196535,1,0,0.0,77.5,313.0
1011,30.345,362.99778052,556.46186144,1,0,0.0,77.5,313.0
1012,30.375,363.02365243,556.46172698,1,0,0.0,77.5,313.0
1013,30.405,363.04855306,556.46153354,1,0,0.0,77.5,313.0
1014,30.435,363.07264717,556.46137696,1,0,0.0,77.5,313.0
1015,30.465,363.09689143,556.46137139,1,0,0.0,77.5,313.0
1016,30.495,363.12144176,556.46136243,1,0,0.0,77.5,313.0
1017,30.525,363.14625815,556.46134924,1,0,0.0,77.5,313.0
1018,30.555,363.17133635,556.46133058,1,0,0.0,77.5,313.0
1019,30.585,363.19670299,556.46130803,1,0,0.0,77.5,313.0
1020,30.615,363.2222859,556.46129726,1,0,0.0,77.5,313.0
1021,30.645,363.24699836,556.46127178,1,0,0.0,77.5,313.0
1022,30.675,363.26986374,556.46120587,1,0,0.0,77.5,313.0
1023,30.705,363.2909916,556.46121632,1,0,0.0,77.5,313.0
1024,30.735,363.31105573,556.46124423,1,0,0.0,77.5,313.0
1025,30.765,363.33036194,556.46133205,1,0,0.0,77.5,313.0
1026,30.795,363.34878477,556.46146072,1,0,0.0,77.5,313.0
1027,30.825,363.36518656,556.46154572,1,0,0.0,77.5,313.0
1028,30.855,363.37776902,556.46164186,1,0,0.0,77.5,313.0
1029,30.885,363.38925821,556.4617458,1,0,0.0,77.5,313.0
1030,30.915,363.39983347,556.46187222,1,0,0.0,78.0,315.0
1031,30.945,363.40922958,556.46198778,1,0,0.0,78.0,315.0
1032,30.975,363.41792354,556.46206736,1,0,0.0,78.0,315.0
1033,31.005,363.4258228,556.4621296,1,0,0.0,78.0,315.0
1034,31.035,363.43259242,556.4622006,1,0,0.0,78.0,315.0
1035,31.065,363.43830047,556.46221944,1,0,0.0,78.0,315.0
1036,31.095,363.44422507,556.46212118,1,0,0.0,78.0,315.0
1037,31.125,363.45068309,556.4620772,1,0,0.0,78.0,315.0
1038,31.155,363.45741515,556.46206643,1,0,0.0,78.0,315.0
1039,31.185,363.46452516,556.46205565,1,0,0.0,78.0,315.0
1040,31.215,363.47188574,556.46204228,1,0,0.0,78.0,315.0
1041,31.245,363.47753648,556.46206708,1,0,0.0,78.0,315.0
1042,31.275,363.48038119,556.46208847,1,0,0.0,78.0,315.0
1043,31.305,363.48040064,556.46209286,1,0,0.0,78.0,315.0
1044,31.335,363.4775879,556.46209726,1,0,0.0,78.0,315.0
1045,31.365,363.47197046,556.46208216,1,0,0.0,78.0,315.0
1046,31.395,363.46440431,556.46199635,1,0,0.0,78.0,315.0
1047,31.425,363.45604228,556.46191969,1,0,0.0,78.0,315.0
1048,31.455,363.44740003,556.46181031,1,0,0.0,78.0,315.0
1049,31.485,363.43866027,556.46170655,1,0,0.0,78.0,315.0
1050,31.515,363.4298883,556.46162575,1,0,0.0,78.0,315.0
1051,31.545,363.42115208,556.46156959,1,0,0.0,78.0,315.0
1052,31.575,363.41248499,556.46151795,1,0,0.0,78.0,315.0
1053,31.605,363.40375457,556.46148037,1,0,0.0,78.0,315.0
1054,31.635,363.39490776,556.46144236,1,0,0.0,78.0,315.0
1055,31.665,363.38594204,556.46140408,1,0,0.0,78.0,315.0
1056,31.695,363.37685542,556.46136501,1,0,0.0,78.0,315.0
1057,31.725,363.36764938,556.46132115,1,0,0.0,78.0,315.0
1058,31.755,363.35836082,556.46126774,1,0,0.0,78.0,315.0
1059,31.785,363.3497047,556.46116576,1,0,0.0,78.0,315.0
1060,31.815,363.34208879,556.46103289,1,0,0.0,78.0,315.0
1061,31.845,363.33512454,556.46082639,1,0,0.0,78.0,315.0
1062,31.875,363.32866197,556.46061196,1,0,0.0,78.0,315.0
1063,31.905,363.32358073,556.46046305,1,0,0.0,78.0,315.0
1064,31.935,363.3216173,556.46032743,1,0,0.0,78.0,315.0
1065,31.965,363.32271301,556.46019186,1,0,0.0,78.0,315.0
1066,31.995,363.32684068,556.46005612,1,0,0.0,78.0,315.0
1067,32.025,363.33401222,556.45990114,1,0,0.0,78.0,315.0
1068,32.055,363.34418755,556.45974952,1,0,0.0,78.25,316.0
1069,32.085,363.35733822,556.45959218,1,0,0.0,78.5,317.0
1070,32.115,363.37264695,556.45928628,1,0,0.0,78.5,317.0
1071,32.145,363.38836505,556.45894986,1,0,0.0,78.5,317.0
1072,32.175,363.40472081,556.45863462,1,0,0.0,78.5,317.0
1073,32.205,363.42168558,556.45835602,1,0,0.0,78.5,317.0
1074,32.235,363.43886772,556.45817164,1,0,0.0,78.5,317.0
1075,32.265,363.45601241,556.45800957,1,0,0.0,78.5,317.0
1076,32.295,363.47290246,556.4579498,1,0,0.0,78.5,317.0
1077,32.325,363.48939254,556.45788992,1,0,0.0,78.5,317.0
1078,32.355,363.50541365,556.45782196,1,0,0.0,78.5,317.0
1079,32.385,363.52086122,556.45773586,1,0,0.0,78.5,317.0
1080,32.415,363.53563446,556.45764493,1,0,0.0,78.5,317.0
1081,32.445,363.54951422,556.45755677,1,0,0.0,78.5,317.0
1082,32.475,363.56270456,556.45748162,1,0,0.0,78.5,317.0
1083,32.505,363.57511191,556.45738929,1,0,0.0,78.5,317.0
1084,32.535,363.58733112,556.4573933,1,0,0.0,78.5,317.0
1085,32.565,363.60012624,556.45740488,1,0,0.0,78.5,317.0
1086,32.595,363.61440994,556.4573986,1,0,0.0,78.5,317.0
1087,32.625,363.62925246,556.45740827,1,0,0.0,78.5,317.0
1088,32.655,363.64452046,556.45740894,1,0,0.0,78.5,317.0
1089,32.685,363.66022006,556.45736672,1,0,0.0,78.5,317.0
1090,32.715,363.67624967,556.45730403,1,0,0.0,78.5,317.0
1091,32.745,363.69341639,556.45724838,1,0,0.0,78.5,317.0
1092,32.775,363.71378001,556.4572001,1,0,0.0,78.5,317.0
1093,32.805,363.73511912,556.4571534,1,0,0.0,78.5,317.0
1094,32.835,363.75732811,556.45709984,1,0,0.0,78.5,317.0
1095,32.865,363.78037318,556.45703494,1,0,0.0,78.5,317.0
1096,32.895,363.80430072,556.45698098,1,0,0.0,78.5,317.0
1097,32.925,363.82907699,556.45692757,1,0,0.0,78.5,317.0
1098,32.955,363.85394927,556.45687202,1,0,0.0,78.5,317.0
1099,32.985,363.87860844,556.45681298,1,0,0.0,78.5,317.0
1100,33.015,363.90308619,556.45675748,1,0,0.0,78.5,317.0
1101,33.045,363.92743081,556.45672031,1,0,0.0,78.5,317.0
1102,33.075,363.9512432,556.45671428,1,0,0.0,78.5,317.0
1103,33.105,363.97427625,556.45671384,1,0,0.0,78.5,317.0
1104,33.135,363.99656775,556.45674044,1,0,0.0,78.5,317.0
1105,33.165,364.01816299,556.45677318,1,0,0.0,78.5,317.0
1106,33.195,364.03906229,556.45681295,1,0,0.0,78.5,317.0
1107,33.225,364.05947951,556.45686964,1,0,0.0,78.5,317.0
1108,33.255,364.08074766,556.45695181,1,0,0.0,78.5,317.0
1109,33.285,364.10290254,556.45702345,1,0,0.0,78.5,317.0
1110,33.315,364.12502599,556.45700352,1,0,0.0,78.5,317.0
1111,33.345,364.14486093,556.45697862,1,0,0.0,78.5,317.0
1112,33.375,364.16235081,556.4569757,1,0,0.0,78.5,317.0
1113,33.405,364.17745182,556.45700126,1,0,0.0,78.5,317.0
1114,33.435,364.19004036,556.45701509,1,0,0.0,78.5,317.0
1115,33.465,364.19996144,556.4570139,1,0,0.0,78.5,317.0
1116,33.495,364.20721807,556.45700551,1,0,0.0,78.5,317.0
1117,33.525,364.21295265,556.4570206,1,0,0.0,78.5,317.0
1118,33.555,364.21822813,556.45702835,1,0,0.0,78.5,317.0
1119,33.585,364.22304768,556.45703483,1,0,0.0,78.5,317.0
1120,33.615,364.22738636,556.45709237,1,0,0.0,78.5,317.0
1121,33.645,364.23119467,556.45715296,1,0,0.0,78.5,317.0
1122,33.675,364.23446708,556.45720869,1,0,0.0,78.5,317.0
1123,33.705,364.23719859,556.45726344,1,0,0.0,78.5,317.0
1124,33.735,364.23946258,556.45733881,1,0,0.0,78.5,317.0
1125,33.765,364.24179397,556.45743635,1,0,0.0,78.5,317.0
1126,33.795,364.2443569,556.45753837,1,0,0.0,78.5,317.0
1127,33.825,364.24737297,556.45763509,1,0,0.0,78.5,317.0
1128,33.855,364.25089615,556.45774227,1,0,0.0,78.5,317.0
1129,33.885,364.2551355,556.45786287,1,0,0.0,78.5,317.0
1130,33.915,364.2601499,556.45798348,1,0,0.0,78.5,317.0
1131,33.945,364.26613428,556.45805853,1,0,0.0,78.5,317.0
1132,33.975,364.27455054,556.45809395,1,0,0.0,78.5,317.0
1133,34.005,364.28574104,556.45811915,1,0,0.0,78.5,317.0
1134,34.035,364.29959411,556.45812815,1,0,0.0,78.5,317.0
1135,34.065,364.31586024,556.45814141,1,0,0.0,78.5,317.0
1136,34.095,364.33316037,556.45815348,1,0,0.0,78.5,317.0
1137,34.125,364.35125562,556.45820275,1,0,0.0,78.5,317.0
1138,34.155,364.37014841,556.45826039,1,0,0.0,78.5,317.0
1139,34.185,364.38988569,556.45833275,1,0,0.0,78.5,317.0
1140,34.215,364.41058032,556.45840079,1,0,0.0,78.5,317.0
1141,34.245,364.43232708,556.45844344,1,0,0.0,78.5,317.0
1142,34.275,364.45506964,556.45845196,1,0,0.0,78.5,317.0
1143,34.305,364.47903029,556.4584596,1,0,0.0,78.5,317.0
1144,34.335,364.50394344,556.45867482,1,0,0.0,78.5,317.0
1145,34.365,364.52946588,556.45890958,1,0,0.0,78.5,317.0
1146,34.395,364.55550841,556.45914967,1,0,0.0,78.75,318.0
1147,34.425,364.58138115,556.45939851,1,0,0.0,79.0,319.0
1148,34.455,364.60672451,556.45964466,1,0,0.0,79.0,319.0
1149,34.485,364.63154346,556.45989251,1,0,0.0,79.0,319.0
1150,34.515,364.65569044,556.46013937,1,0,0.0,79.0,319.0
1151,34.545,364.67900338,556.46038751,1,0,0.0,79.0,319.0
1152,34.575,364.70157669,556.46063228,1,0,0.0,79.0,319.0
1153,34.605,364.72342368,556.46088231,1,0,0.0,79.0,319.0
1154,34.635,364.74437418,556.46113885,1,0,0.0,79.0,319.0
1155,34.665,364.76441907,556.46139539,1,0,0.0,79.0,319.0
1156,34.695,364.78355834,556.46165192,1,0,0.0,79.0,319.0
1157,34.725,364.80170579,556.46187599,1,0,0.0,79.0,319.0
1158,34.755,364.8187319,556.46208972,1,0,0.0,79.0,319.0
1159,34.785,364.83489062,556.46227186,1,0,0.0,79.0,319.0
1160,34.815,364.85025032,556.46246082,1,0,0.0,79.0,319.0
1161,34.845,364.86467242,556.46266242,1,0,0.0,79.0,319.0
1162,34.875,364.87811723,556.46286872,1,0,0.0,79.0,319.0
1163,34.905,364.8904255,556.46309723,1,0,0.0,79.0,319.0
1164,34.935,364.9013515,556.46332974,1,0,0.0,79.0,319.0
1165,34.965,364.91090721,556.4635699,1,0,0.0,79.0,319.0
1166,34.995,364.91907945,556.46372941,1,0,0.0,79.0,319.0
1167,35.025,364.92640895,556.4638893,1,0,0.0,79.0,319.0
1168,35.055,364.93414449,556.46410154,1,0,0.0,79.0,319.0
1169,35.085,364.9440475,556.46434252,1,0,0.0,79.0,319.0
1170,35.115,364.9570898,556.46456098,1,0,0.0,79.0,319.0
1171,35.145,364.97324297,556.4647645,1,0,0.0,79.0,319.0
1172,35.175,364.99181588,556.46495065,1,0,0.0,79.0,319.0
1173,35.205,365.0099744,556.46514725,1,0,0.0,79.0,319.0
1174,35.235,365.02747328,556.46541955,1,0,0.0,79.0,319.0
1175,35.265,365.04438513,556.46569812,1,0,0.0,79.0,319.0
1176,35.295,365.06071551,556.46597776,1,0,0.0,79.0,319.0
1177,35.325,365.07649874,556.46622575,1,0,0.0,79.0,319.0
1178,35.355,365.09173099,556.46643854,1,0,0.0,79.0,319.0
1179,35.385,365.10639752,556.46665039,1,0,0.0,79.0,319.0
1180,35.415,365.12055093,556.46685902,1,0,0.0,79.0,319.0
1181,35.445,365.13419211,556.46706392,1,0,0.0,79.0,319.0
1182,35.475,365.1472913,556.46723106,1,0,0.0,79.0,319.0
1183,35.505,365.15999409,556.46736883,1,0,0.0,79.0,319.0
1184,35.535,365.17251532,556.46750573,1,0,0.0,79.0,319.0
1185,35.565,365.1848433,556.46763189,1,0,0.0,79.0,319.0
1186,35.595,365.19699629,556.46775402,1,0,0.0,79.0,319.0
1187,35.625,365.20897492,556.46787426,1,0,0.0,79.0,319.0
1188,35.655,365.22077707,556.46799162,1,0,0.0,79.0,319.0
1189,35.685,365.23241135,556.46810417,1,0,0.0,79.0,319.0
1190,35.715,365.24388189,556.46821537,1,0,0.0,79.0,319.0
1191,35.745,365.25518207,556.46831081,1,0,0.0,79.0,319.0
1192,35.775,365.26622351,556.4683712,1,0,0.0,79.0,319.0
1193,35.805,365.27697314,556.46842977,1,0,0.0,79.0,319.0
1194,35.835,365.28745451,556.4684774,1,0,0.0,79.0,319.0
1195,35.865,365.29769363,556.468537,1,0,0.0,79.0,319.0
1196,35.895,365.30768875,556.46863429,1,0,0.0,79.0,319.0
1197,35.925,365.31747691,556.46879376,1,0,0.0,79.0,319.0
1198,35.955,365.32715141,556.46900146,1,0,0.0,79.0,319.0
1199,35.985,365.33670384,556.46921834,1,0,0.0,79.0,319.0
1200,36.015,365.34610694,556.46943654,1,0,0.0,79.0,319.0
1201,36.045,365.35533978,556.469532,1,0,0.0,79.0,319.0
1202,36.075,365.36438129,556.469639,1,0,0.0,79.0,319.0
1203,36.105,365.37292488,556.46978425,1,0,0.0,79.0,319.0
1204,36.135,365.38086155,556.46993609,1,0,0.0,79.0,319.0
1205,36.165,365.38831435,556.47009817,1,0,0.0,79.0,319.0
1206,36.195,365.39524626,556.47026434,1,0,0.0,79.0,319.0
1207,36.225,365.40122177,556.47043638,1,0,0.0,79.0,319.0
1208,36.255,365.40726403,556.47061044,1,0,0.0,79.0,319.0
1209,36.285,365.41348248,556.47077019,1,0,0.0,79.0,319.0
1210,36.315,365.42002373,556.47089132,1,0,0.0,80.25,326.0
1211,36.345,365.42700739,556.47101049,1,0,0.0,80.25,326.0
1212,36.375,365.43443732,556.47117878,1,0,0.0,80.25,326.0
1213,36.405,365.44229527,556.47136236,1,0,0.0,80.25,326.0
1214,36.435,365.45045455,556.47167294,1,0,0.0,80.25,326.0
1215,36.465,365.45872393,556.47199276,1,0,0.0,80.25,326.0
1216,36.495,365.46729461,556.4722015,1,0,0.0,80.25,326.0
1217,36.525,365.47622416,556.47238961,1,0,0.0,81.75,332.0
1218,36.555,365.48492696,556.47261151,1,0,0.0,81.75,332.0
1219,36.585,365.49245867,556.47284909,1,0,0.0,81.75,332.0
1220,36.615,365.49768252,556.47312436,1,0,0.0,81.75,332.0
1221,36.645,365.50151293,556.47341556,1,0,0.0,81.75,332.0
1222,36.675,365.50462106,556.47371779,1,0,0.0,81.75,332.0
1223,36.705,365.50703727,556.47401887,1,0,0.0,81.75,332.0
1224,36.735,365.50860529,556.4743286,1,0,0.0,81.75,332.0
1225,36.765,365.50847919,556.47464503,1,0,0.0,81.75,332.0
1226,36.795,365.50655367,556.47496081,1,0,0.0,83.25,338.0
1227,36.825,365.50283165,556.47527649,1,0,0.0,83.25,338.0
1228,36.855,365.49754632,556.47565979,1,0,0.0,83.25,338.0
1229,36.885,365.49120823,556.47605541,1,0,0.0,83.25,338.0
1230,36.915,365.48400998,556.47643318,1,0,0.0,83.25,338.0
1231,36.945,365.47607419,556.47682311,1,0,0.0,83.25,338.0
1232,36.975,365.46744398,556.47725123,1,0,0.0,83.25,338.0
1233,37.005,365.45813921,556.47767937,1,0,0.0,85.0,345.0
1234,37.035,365.44816008,556.47810753,1,0,0.0,85.0,345.0
1235,37.065,365.43758182,556.47854384,1,0,0.0,85.0,345.0
1236,37.095,365.42653975,556.4789894,1,0,0.0,85.0,345.0
1237,37.125,365.62939961,669.61905457,1,0,0.21399278,56.25,228.0
1238,37.155,369.01269932,669.38294883,1,0,0.0,56.25,228.0
1239,37.185,372.39634474,669.14683438,1,0,0.0,56.25,228.0
1240,37.215,373.37438227,555.50686645,1,0,0.0,58.25,236.0
1241,37.245,373.35112583,555.50725412,1,0,0.0,58.25,236.0
1242,37.275,373.32789988,555.50759791,1,0,0.0,58.25,236.0
1243,37.305,373.30501042,555.50792342,1,0,0.0,58.25,236.0
1244,37.335,373.2825753,555.50822924,1,0,0.0,58.25,236.0
1245,37.365,373.26018307,555.50850366,1,0,0.0,58.25,236.0
1246,37.395,373.23776072,555.50877168,1,0,0.0,58.25,236.0
1247,37.425,373.21532497,555.50903411,1,0,0.0,58.25,236.0
1248,37.455,373.19266369,555.50927787,1,0,0.0,58.25,236.0
1249,37.485,373.16977618,555.50951319,1,0,0.0,58.25,236.0
1250,37.515,373.14675755,555.50973763,1,0,0.0,58.25,236.0
1251,37.545,373.1240716,555.50987132,1,0,0.0,58.25,236.0
1252,37.575,373.10227513,555.51000063,1,0,0.0,58.25,236.0
1253,37.605,373.08151289,555.51006866,1,0,0.0,58.25,236.0
1254,37.635,373.06233597,555.51005424,1,0,0.0,58.25,236.0
1255,37.665,373.04520506,555.50996781,1,0,0.0,58.25,236.0
1256,37.695,373.03029664,555.50984912,1,0,0.0,58.25,236.0
1257,37.725,373.01824784,555.50958864,1,0,0.0,60.25,244.0
1258,37.755,373.00925843,555.50933121,1,0,0.0,60.25,244.0
1259,37.785,375.89765171,555.30212992,1,0,0.0,60.25,244.0
1260,37.815,379.29814155,555.0583629,1,0,0.0,60.25,244.0
1261,37.845,381.02641151,554.93456677,1,0,0.0,60.25,244.0
1262,37.875,381.0347929,554.93420956,1,0,0.0,60.25,244.0
1263,37.905,381.0437759,554.93406458,1,0,0.0,60.25,244.0
1264,37.935,381.05377302,554.93393632,1,0,0.0,60.25,244.0
1265,37.965,381.06752621,554.9337874,1,0,0.0,60.25,244.0
1266,37.995,381.08428908,554.933687,1,0,0.0,60.25,244.0
1267,38.025,381.10201716,554.9336059,1,0,0.0,60.25,244.0
1268,38.055,381.1207533,554.93353089,1,0,0.0,60.25,244.0
1269,38.085,381.14100562,554.93358514,1,0,0.0,60.25,244.0
1270,38.115,381.16328702,554.9336521,1,0,0.0,60.25,244.0
1271,38.145,381.18751834,554.93371623,1,0,0.0,60.25,244.0
1272,38.175,381.21351886,554.93374573,1,0,0.0,60.25,244.0
1273,38.205,381.24120736,554.93377447,1,0,0.0,60.25,244.0
1274,38.235,381.27032843,554.9337015,1,0,0.0,61.25,248.0
1275,38.265,381.30086962,554.93318872,1,0,0.0,61.25,248.0
1276,38.295,381.33298548,554.93267235,1,0,0.0,61.25,248.0
1277,38.325,381.36657359,554.93211942,1,0,0.0,61.25,248.0
1278,38.355,381.40139175,554.93155435,1,0,0.0,61.25,248.0
1279,38.385,381.43732365,554.93101069,1,0,0.0,61.25,248.0
1280,38.415,381.47423864,554.93054932,1,0,0.0,61.75,250.0
1281,38.445,381.510499,554.93007713,1,0,0.0,61.75,250.0
1282,38.475,381.5456476,554.92957647,1,0,0.0,61.75,250.0
1283,38.505,381.57978359,554.92908449,1,0,0.0,61.75,250.0
1284,38.535,381.61317616,554.92860794,1,0,0.0,61.75,250.0
1285,38.565,381.64629696,554.92814882,1,0,0.0,61.75,250.0
1286,38.595,381.67865209,554.92763941,1,0,0.0,61.75,250.0
1287,38.625,381.7095392,554.92709937,1,0,0.0,61.75,250.0
1288,38.655,381.73892423,554.9265666,1,0,0.0,61.75,250.0
1289,38.685,381.76643154,554.92591099,1,0,0.0,61.75,250.0
1290,38.715,381.79164892,554.92523346,1,0,0.0,61.75,250.0
1291,38.745,381.81482805,554.924691,1,0,0.0,61.75,250.0
1292,38.775,381.83757924,554.92426073,1,0,0.0,61.75,250.0
1293,38.805,381.86024673,554.92383045,1,0,0.0,61.75,250.0
1294,38.835,381.88283022,554.92340018,1,0,0.0,61.75,250.0
1295,38.865,381.90532951,554.92296991,1,0,0.0,62.25,252.0
1296,38.895,381.92773126,554.92255137,1,0,0.0,62.25,252.0
1297,38.925,381.95000201,554.92213689,1,0,0.0,62.25,252.0
1298,38.955,381.97213991,554.92172241,1,0,0.0,62.25,252.0
1299,38.985,381.99414371,554.92130792,1,0,0.0,62.25,252.0
1300,39.015,382.01601281,554.92089344,1,0,0.0,62.25,252.0
1301,39.045,382.03776883,554.92051862,1,0,0.0,62.25,252.0
1302,39.075,382.05938301,554.92020001,1,0,0.0,62.25,252.0
1303,39.105,382.08082542,554.9198814,1,0,0.0,62.25,252.0
1304,39.135,382.10206623,554.9195789,1,0,0.0,63.25,256.0
1305,39.165,382.12305084,554.91927895,1,0,0.0,63.25,256.0
1306,39.195,382.14363345,554.91897395,1,0,0.0,63.25,256.0
1307,39.225,382.16315626,554.91866507,1,0,0.0,63.25,256.0
1308,39.255,382.18250216,554.91833797,1,0,0.0,63.25,256.0
1309,39.285,382.20178629,554.91801087,1,0,0.0,63.25,256.0
1310,39.315,382.22100873,554.9176846,1,0,0.0,63.25,256.0
1311,39.345,382.24023328,554.91737953,1,0,0.0,63.25,256.0
1312,39.375,382.25954185,554.91708977,1,0,0.0,63.25,256.0
1313,39.405,382.2789854,554.91680794,1,0,0.0,63.25,256.0
1314,39.435,382.29856521,554.91652612,1,0,0.0,63.25,256.0
1315,39.465,382.31828129,554.9162443,1,0,0.0,63.25,256.0
1316,39.495,382.33810987,554.91595656,1,0,0.0,63.25,256.0
1317,39.525,382.35793309,554.91566389,1,0,0.0,63.25,256.0
1318,39.555,382.37777511,554.91537122,1,0,0.0,63.25,256.0
1319,39.585,382.39763807,554.91507854,1,0,0.0,63.25,256.0
1320,39.615,382.41748353,554.91479492,1,0,0.0,63.25,256.0
1321,39.645,382.43735018,554.91451691,1,0,0.0,63.25,256.0
1322,39.675,382.45709983,554.91422192,1,0,0.0,64.25,260.0
1323,39.705,382.47669521,554.91391523,1,0,0.0,64.25,260.0
1324,39.735,382.49619399,554.91361541,1,0,0.0,64.25,260.0
1325,39.765,382.51557297,554.91332744,1,0,0.0,64.25,260.0
1326,39.795,382.53482837,554.91303947,1,0,0.0,64.25,260.0
1327,39.825,382.55396019,554.91275149,1,0,0.0,64.25,260.0
1328,39.855,382.57296843,554.91246352,1,0,0.0,64.25,260.0
1329,39.885,382.5918531,554.91217554,1,0,0.0,64.25,260.0
1330,39.915,382.61061419,554.91188756,1,0,0.0,64.25,260.0
1331,39.945,382.62925529,554.91160808,1,0,0.0,64.25,260.0
1332,39.975,382.64780186,554.91134216,1,0,0.0,64.25,260.0
1333,40.005,382.66635524,554.91109379,1,0,0.0,64.25,260.0
1334,40.035,382.68493677,554.91085483,1,0,0.0,64.25,260.0
1335,40.065,382.70353741,554.91061462,1,0,0.0,64.25,260.0
1336,40.095,382.72210017,554.91039776,1,0,0.0,64.25,260.0
1337,40.125,382.74051956,554.91020597,1,0,0.0,64.25,260.0
1338,40.155,382.75879024,554.91001504,1,0,0.0,64.25,260.0
1339,40.185,382.77691554,554.90983365,1,0,0.0,64.75,262.0
1340,40.215,382.7948996,554.90965333,1,0,0.0,64.75,262.0
1341,40.245,382.81279386,554.90947668,1,0,0.0,64.75,262.0
1342,40.275,382.83062109,554.90930004,1,0,0.0,65.25,264.0
1343,40.305,382.84838128,554.90912339,1,0,0.0,65.25,264.0
1344,40.335,382.86611092,554.90893741,1,0,0.0,65.25,264.0
1345,40.365,382.8838538,554.90875097,1,0,0.0,65.25,264.0
1346,40.395,382.90160243,554.90856631,1,0,0.0,65.25,264.0
1347,40.425,382.91933908,554.90838231,1,0,0.0,65.25,264.0
1348,40.455,382.93707824,554.9081983,1,0,0.0,65.25,264.0
1349,40.485,382.95482087,554.9080143,1,0,0.0,65.25,264.0
1350,40.515,382.97257637,554.90783031,1,0,0.0,65.25,264.0
1351,40.545,382.9903516,554.90766398,1,0,0.0,65.25,264.0
1352,40.575,383.00817477,554.90750649,1,0,0.0,65.25,264.0
1353,40.605,383.02597924,554.90734901,1,0,0.0,65.25,264.0
1354,40.635,383.04370489,554.90719153,1,0,0.0,65.25,264.0
1355,40.665,383.06135164,554.90703404,1,0,0.0,65.25,264.0
1356,40.695,383.07891947,554.90687656,1,0,0.0,66.25,268.0
1357,40.725,383.0964084,554.90671908,1,0,0.0,66.25,268.0
1358,40.755,383.11381843,554.90656159,1,0,0.0,66.25,268.0
1359,40.785,383.13114954,554.90640411,1,0,0.0,66.25,268.0
1360,40.815,383.14840173,554.90624663,1,0,0.0,66.25,268.0
1361,40.845,383.16557476,554.90608915,1,0,0.0,66.25,268.0
1362,40.875,383.18266865,554.90593167,1,0,0.0,66.25,268.0
1363,40.905,383.19947262,554.90577146,1,0,0.0,66.75,270.0
1364,40.935,383.21545466,554.90560804,1,0,0.0,66.75,270.0
1365,40.965,383.23120491,554.9054457,1,0,0.0,66.75,270.0
1366,40.995,383.24672056,554.90528337,1,0,0.0,66.75,270.0
1367,41.025,383.26198427,554.90512092,1,0,0.0,66.75,270.0
1368,41.055,383.27697842,554.90495848,1,0,0.0,66.75,270.0
1369,41.085,383.29169829,554.90479603,1,0,0.0,66.75,270.0
1370,41.115,383.30614813,554.90468478,1,0,0.0,66.75,270.0
1371,41.145,383.32029395,554.90461756,1,0,0.0,66.75,270.0
1372,41.175,383.33413496,554.9045509,1,0,0.0,66.75,270.0
1373,41.205,383.34767476,554.90448423,1,0,0.0,66.75,270.0
1374,41.235,383.36088033,554.90443407,1,0,0.0,67.25,272.0
1375,41.265,383.37359814,554.90439655,1,0,0.0,67.25,272.0
1376,41.295,383.38580881,554.90435902,1,0,0.0,67.25,272.0
1377,41.325,383.39751234,554.9043215,1,0,0.0,67.25,272.0
1378,41.355,383.40870873,554.90428398,1,0,0.0,67.25,272.0
1379,41.385,383.41945114,554.90427584,1,0,0.0,67.25,272.0
1380,41.415,383.43000241,554.90429007,1,0,0.0,67.25,272.0
1381,41.445,383.44041498,554.90431008,1,0,0.0,67.25,272.0
1382,41.475,383.45054687,554.90433391,1,0,0.0,67.25,272.0
1383,41.505,383.46034669,554.90435926,1,0,0.0,67.25,272.0
1384,41.535,383.47001009,554.90438574,1,0,0.0,67.75,274.0
1385,41.565,383.47961554,554.90441669,1,0,0.0,67.75,274.0
1386,41.595,383.48924291,554.90444996,1,0,0.0,67.75,274.0
1387,41.625,383.49882477,554.90451131,1,0,0.0,67.75,274.0
1388,41.655,383.50785673,554.90460606,1,0,0.0,67.75,274.0
1389,41.685,383.5162429,554.9047008,1,0,0.0,67.75,274.0
1390,41.715,383.52398326,554.90479555,1,0,0.0,67.75,274.0
1391,41.745,383.53107776,554.90488779,1,0,0.0,67.75,274.0
1392,41.775,383.53768684,554.90490062,1,0,0.0,67.75,274.0
1393,41.805,383.54392948,554.90490703,1,0,0.0,67.75,274.0
1394,41.835,383.54979349,554.90491344,1,0,0.0,67.75,274.0
1395,41.865,383.55528003,554.90494442,1,0,0.0,67.75,274.0
1396,41.895,383.56038445,554.90496466,1,0,0.0,68.25,276.0
1397,41.925,383.5650728,554.90498054,1,0,0.0,68.25,276.0
1398,41.955,383.56952238,554.90505013,1,0,0.0,68.25,276.0
1399,41.985,383.57385558,554.90511588,1,0,0.0,68.25,276.0
1400,42.015,383.57807345,554.90510773,1,0,0.0,68.25,276.0
1401,42.045,383.58223756,554.90512206,1,0,0.0,68.25,276.0
1402,42.075,383.58702136,554.90518808,1,0,0.0,68.25,276.0
1403,42.105,383.59262074,554.90525646,1,0,0.0,68.25,276.0
1404,42.135,383.59909024,554.9053272,1,0,0.0,68.25,276.0
1405,42.165,383.60640647,554.90537722,1,0,0.0,68.25,276.0
1406,42.195,383.61427269,554.90539231,1,0,0.0,68.25,276.0
1407,42.225,383.62206196,554.90531952,1,0,0.0,68.25,276.0
1408,42.255,383.62912234,554.90523247,1,0,0.0,68.25,276.0
1409,42.285,383.63547096,554.90514043,1,0,0.0,68.75,278.0
1410,42.315,383.64110213,554.90504839,1,0,0.0,68.75,278.0
1411,42.345,383.64601587,554.90495634,1,0,0.0,68.75,278.0
1412,42.375,383.65022171,554.90485292,1,0,0.0,68.75,278.0
1413,42.405,383.65400551,554.9047069,1,0,0.0,68.75,278.0
1414,42.435,383.6575044,554.90456122,1,0,0.0,68.75,278.0
1415,42.465,383.66076947,554.9044167,1,0,0.0,68.75,278.0
1416,42.495,383.66383948,554.90427624,1,0,0.0,68.75,278.0
1417,42.525,383.66681081,554.90413555,1,0,0.0,68.75,278.0
1418,42.555,383.66972831,554.90399488,1,0,0.0,68.75,278.0
1419,42.585,383.67279571,554.90389642,1,0,0.0,68.75,278.0
1420,42.615,383.67610364,554.90381641,1,0,0.0,68.75,278.0
1421,42.645,383.67967205,554.90372496,1,0,0.0,69.25,280.0
1422,42.675,383.68359772,554.90363521,1,0,0.0,69.25,280.0
1423,42.705,383.68781686,554.90354774,1,0,0.0,69.25,280.0
1424,42.735,383.69241209,554.90351525,1,0,0.0,69.25,280.0
1425,42.765,383.69781517,554.90351367,1,0,0.0,69.25,280.0
1426,42.795,383.70406454,554.9035121,1,0,0.0,69.25,280.0
1427,42.825,383.7111555,554.90354312,1,0,0.0,69.25,280.0
1428,42.855,383.7190526,554.90357814,1,0,0.0,69.25,280.0
1429,42.885,383.72780015,554.90364156,1,0,0.0,69.25,280.0
1430,42.915,383.73731991,554.90368204,1,0,0.0,69.25,280.0
1431,42.945,383.74701719,554.90365549,1,0,0.0,69.25,280.0
1432,42.975,383.7568096,554.90363301,1,0,0.0,69.25,280.0
1433,43.005,383.76672877,554.90361189,1,0,0.0,69.25,280.0
1434,43.035,383.77677586,554.90359077,1,0,0.0,69.75,282.0
1435,43.065,383.78695269,554.90357075,1,0,0.0,69.75,282.0
1436,43.095,383.7972582,554.90355171,1,0,0.0,69.75,282.0
1437,43.125,383.8076872,554.90353017,1,0,0.0,69.75,282.0
1438,43.155,383.81810911,554.90344854,1,0,0.0,69.75,282.0
1439,43.185,383.82842902,554.90336638,1,0,0.0,69.75,282.0
1440,43.215,383.83864708,554.90328423,1,0,0.0,69.75,282.0
1441,43.245,383.84871861,554.90317071,1,0,0.0,69.75,282.0
1442,43.275,383.85854029,554.90304761,1,0,0.0,69.75,282.0
1443,43.305,383.86810794,554.9029245,1,0,0.0,69.75,282.0
1444,43.335,383.87742156,554.9028014,1,0,0.0,69.75,282.0
1445,43.365,383.88648116,554.90267829,1,0,0.0,69.75,282.0
1446,43.395,383.89528944,554.90255178,1,0,0.0,70.25,284.0
1447,43.425,383.90388893,554.90242071,1,0,0.0,70.25,284.0
1448,43.455,383.91229332,554.90228963,1,0,0.0,70.25,284.0
1449,43.485,383.92050141,554.90216175,1,0,0.0,70.25,284.0
1450,43.515,383.92846297,554.90204558,1,0,0.0,70.25,284.0
1451,43.545,383.93613975,554.90193264,1,0,0.0,70.25,284.0
1452,43.575,383.94341903,554.90182699,1,0,0.0,70.25,284.0
1453,43.605,383.95055499,554.90171501,1,0,0.0,70.25,284.0
1454,43.635,383.95765527,554.90160303,1,0,0.0,70.25,284.0
1455,43.665,383.96471986,554.90149105,1,0,0.0,70.25,284.0
1456,43.695,383.97174877,554.90137907,1,0,0.0,70.25,284.0
1457,43.725,383.978742,554.90126709,1,0,0.0,70.25,284.0
1458,43.755,383.98568243,554.90113072,1,0,0.0,70.25,284.0
1459,43.785,383.99208912,554.9009017,1,0,0.0,70.25,284.0
1460,43.815,383.99788686,554.90073512,1,0,0.0,70.25,284.0
1461,43.845,384.00371174,554.9006334,1,0,0.0,70.25,284.0
1462,43.875,384.00980565,554.90053645,1,0,0.0,70.25,284.0
1463,43.905,384.01626096,554.90043552,1,0,0.0,70.25,284.0
1464,43.935,384.02352158,554.90020943,1,0,0.0,70.25,284.0
1465,43.965,384.03142687,554.89992117,1,0,0.0,70.25,284.0
1466,43.995,384.03979793,554.8996297,1,0,0.0,70.25,284.0
1467,44.025,384.04854363,554.8993315,1,0,0.0,70.25,284.0
1468,44.055,384.05765956,554.89903823,1,0,0.0,70.25,284.0
1469,44.085,384.06714668,554.89874496,1,0,0.0,70.25,284.0
1470,44.115,384.077005,554.89845168,1,0,0.0,70.25,284.0
1471,44.145,384.0869868,554.89820946,1,0,0.0,70.25,284.0
1472,44.175,384.09657351,554.89797269,1,0,0.0,70.25,284.0
1473,44.205,384.1061103,554.89773409,1,0,0.0,70.25,284.0
1474,44.235,384.1157953,554.89745685,1,0,0.0,70.25,284.0
1475,44.265,384.12590402,554.89717665,1,0,0.0,70.75,286.0
1476,44.295,384.13644149,554.89689645,1,0,0.0,70.75,286.0
1477,44.325,384.1474077,554.89661626,1,0,0.0,70.75,286.0
1478,44.355,384.15880267,554.89633606,1,0,0.0,70.75,286.0
1479,44.385,384.1705917,554.8959931,1,0,0.0,70.75,286.0
1480,44.415,384.18274693,554.8956554,1,0,0.0,70.75,286.0
1481,44.445,384.19523162,554.89532141,1,0,0.0,70.75,286.0
1482,44.475,384.20807134,554.89501422,1,0,0.0,70.75,286.0
1483,44.505,384.22134532,554.89473624,1,0,0.0,70.75,286.0
1484,44.535,384.23472153,554.89448103,1,0,0.0,70.75,286.0
1485,44.565,384.24812891,554.89422579,1,0,0.0,70.75,286.0
1486,44.595,384.26171603,554.89397016,1,0,0.0,70.75,286.0
1487,44.625,384.27571484,554.89373642,1,0,0.0,70.75,286.0
1488,44.655,384.29010561,554.89353556,1,0,0.0,70.75,286.0
1489,44.685,384.30493923,554.8933067,1,0,0.0,70.75,286.0
1490,44.715,384.32025199,554.89307683,1,0,0.0,71.25,288.0
1491,44.745,384.33607065,554.89275024,1,0,0.0,71.25,288.0
1492,44.775,384.35279778,554.89230195,1,0,0.0,71.25,288.0
1493,44.805,384.37053385,554.89183133,1,0,0.0,71.25,288.0
1494,44.835,384.38931701,554.8913607,1,0,0.0,71.25,288.0
1495,44.865,384.40914811,554.89089543,1,0,0.0,71.25,288.0
1496,44.895,384.43007163,554.89044714,1,0,0.0,71.25,288.0
1497,44.925,384.45214038,554.8899558,1,0,0.0,71.25,288.0
1498,44.955,384.47536746,554.88946447,1,0,0.0,71.25,288.0
1499,44.985,384.4997528,554.88897313,1,0,0.0,71.25,288.0
1500,45.015,384.52527715,554.88848398,1,0,0.0,71.25,288.0
1501,45.045,384.55172107,554.88806026,1,0,0.0,71.25,288.0
1502,45.075,384.5784704,554.88770744,1,0,0.0,71.25,288.0
1503,45.105,384.60553028,554.8873507,1,0,0.0,71.25,288.0
1504,45.135,384.63293467,554.88699395,1,0,0.0,71.25,288.0
1505,45.165,384.66067943,554.88663399,1,0,0.0,71.75,290.0
1506,45.195,384.68868971,554.88626566,1,0,0.0,71.75,290.0
1507,45.225,384.71698795,554.88592024,1,0,0.0,71.75,290.0
1508,45.255,384.74588896,554.88559102,1,0,0.0,71.75,290.0
1509,45.285,384.77558851,554.88526095,1,0,0.0,71.75,290.0
1510,45.315,384.80609228,554.88493087,1,0,0.0,71.75,290.0
1511,45.345,384.83740028,554.8846008,1,0,0.0,71.75,290.0
1512,45.375,384.86957394,554.88424526,1,0,0.0,71.75,290.0
1513,45.405,384.902824,554.88397227,1,0,0.0,71.75,290.0
1514,45.435,384.93621662,554.88371164,1,0,0.0,71.75,290.0
1515,45.465,384.96926304,554.88345187,1,0,0.0,71.75,290.0
1516,45.495,385.00193698,554.88322006,1,0,0.0,71.75,290.0
1517,45.525,385.03400989,554.88301819,1,0,0.0,71.75,290.0
1518,45.555,385.06544704,554.88279929,1,0,0.0,71.75,290.0
1519,45.585,385.09667211,554.88256497,1,0,0.0,71.75,290.0
1520,45.615,385.12762959,554.88237217,1,0,0.0,72.25,292.0
1521,45.645,385.15808869,554.88223326,1,0,0.0,72.25,292.0
1522,45.675,385.18798822,554.8821169,1,0,0.0,72.25,292.0
1523,45.705,385.21730265,554.88200053,1,0,0.0,72.25,292.0
1524,45.735,385.24598468,554.88190268,1,0,0.0,72.25,292.0
1525,45.765,385.27372288,554.8818247,1,0,0.0,72.25,292.0
1526,45.795,385.30080787,554.8817425,1,0,0.0,72.25,292.0
1527,45.825,385.32732579,554.88165895,1,0,0.0,72.25,292.0
1528,45.855,385.35327598,554.88153632,1,0,0.0,72.25,292.0
1529,45.885,385.37867523,554.88142687,1,0,0.0,72.25,292.0
1530,45.915,385.40356091,554.8813209,1,0,0.0,72.75,294.0
1531,45.945,385.42759654,554.8812356,1,0,0.0,72.75,294.0
1532,45.975,385.45033867,554.88122561,1,0,0.0,72.75,294.0
1533,46.005,385.47220686,554.88127231,1,0,0.0,72.75,294.0
1534,46.035,385.49323559,554.88132075,1,0,0.0,72.75,294.0
1535,46.065,385.51342395,554.88136892,1,0,0.0,72.75,294.0
1536,46.095,385.53270701,554.88141144,1,0,0.0,72.75,294.0
1537,46.125,385.5508257,554.88145269,1,0,0.0,72.75,294.0
1538,46.155,385.56776314,554.88155064,1,0,0.0,72.75,294.0
1539,46.185,385.58355741,554.88167991,1,0,0.0,72.75,294.0
1540,46.215,385.59821183,554.88180917,1,0,0.0,72.75,294.0
1541,46.245,385.61141355,554.88189201,1,0,0.0,72.75,294.0
1542,46.275,385.62291884,554.88215722,1,0,0.0,72.75,294.0
1543,46.305,385.63296887,554.88243858,1,0,0.0,72.75,294.0
1544,46.335,385.64156527,554.88271993,1,0,0.0,72.75,294.0
1545,46.365,385.64895024,554.88301099,1,0,0.0,72.75,294.0
1546,46.395,385.65566663,554.88330484,1,0,0.0,72.75,294.0
1547,46.425,385.66173476,554.88359964,1,0,0.0,72.75,294.0
1548,46.455,385.66716961,554.88396584,1,0,0.0,72.75,294.0
1549,46.485,385.67197278,554.88434489,1,0,0.0,72.75,294.0
1550,46.515,385.67614325,554.88472394,1,0,0.0,72.75,294.0
1551,46.545,385.67968101,554.885103,1,0,0.0,72.75,294.0
1552,46.575,385.68258582,554.88548205,1,0,0.0,72.75,294.0
1553,46.605,385.68482612,554.88586615,1,0,0.0,72.75,294.0
1554,46.635,385.68613773,554.88625719,1,0,0.0,72.75,294.0
1555,46.665,385.68646037,554.88664824,1,0,0.0,72.75,294.0
1556,46.695,385.68579309,554.88703928,1,0,0.0,73.25,296.0
1557,46.725,385.6841714,554.8874323,1,0,0.0,73.25,296.0
1558,46.755,385.68182812,554.88781866,1,0,0.0,73.25,296.0
1559,46.785,385.67923039,554.88817614,1,0,0.0,73.25,296.0
1560,46.815,385.67685895,554.88851505,1,0,0.0,73.25,296.0
1561,46.845,385.67470062,554.88885287,1,0,0.0,73.25,296.0
1562,46.875,385.67249443,554.88918817,1,0,0.0,73.25,296.0
1563,46.905,385.67019693,554.88952897,1,0,0.0,73.25,296.0
1564,46.935,385.6678166,554.88986336,1,0,0.0,73.25,296.0
1565,46.965,385.66495361,554.89018069,1,0,0.0,73.25,296.0
1566,46.995,385.6613885,554.89045948,1,0,0.0,73.25,296.0
1567,47.025,385.65667791,554.89071449,1,0,0.0,73.25,296.0
1568,47.055,385.65075434,554.89094226,1,0,0.0,73.25,296.0
1569,47.085,385.64367921,554.89116117,1,0,0.0,73.25,296.0
1570,47.115,385.63546051,554.89138007,1,0,0.0,73.25,296.0
1571,47.145,385.62596324,554.89161302,1,0,0.0,73.25,296.0
1572,47.175,385.61455201,554.89185688,1,0,0.0,73.25,296.0
1573,47.205,385.6011466,554.8920988,1,0,0.0,73.25,296.0
1574,47.235,385.5861075,554.89232823,1,0,0.0,73.25,296.0
1575,47.265,385.56960545,554.89254951,1,0,0.0,73.75,298.0
1576,47.295,385.55201817,554.89276722,1,0,0.0,73.75,298.0
1577,47.325,385.53335187,554.89297972,1,0,0.0,73.75,298.0
1578,47.355,385.51364573,554.8931586,1,0,0.0,73.75,298.0
1579,47.385,385.49292362,554.89333748,1,0,0.0,73.75,298.0
1580,47.415,385.47118554,554.89351636,1,0,0.0,73.75,298.0
1581,47.445,385.44838604,554.89370771,1,0,0.0,73.75,298.0
1582,47.475,385.42487283,554.89390796,1,0,0.0,73.75,298.0
1583,47.505,385.4013496,554.89407049,1,0,0.0,73.75,298.0
1584,47.535,385.37808055,554.89425421,1,0,0.0,73.75,298.0
1585,47.565,385.35564659,554.89443959,1,0,0.0,73.75,298.0
1586,47.595,385.33404191,554.89457701,1,0,0.0,73.75,298.0
1587,47.625,385.31265972,554.89466396,1,0,0.0,73.75,298.0
1588,47.655,385.29167126,554.89476983,1,0,0.0,73.75,298.0
1589,47.685,385.27115768,554.89487569,1,0,0.0,73.75,298.0
1590,47.715,385.25111899,554.89498156,1,0,0.0,73.75,298.0
1591,47.745,385.23155517,554.89508743,1,0,0.0,73.75,298.0
1592,47.775,385.21247108,554.89512244,1,0,0.0,73.75,298.0
1593,47.805,385.19392667,554.89515359,1,0,0.0,73.75,298.0
1594,47.835,385.17586247,554.89519534,1,0,0.0,73.75,298.0
1595,47.865,385.15826878,554.89523709,1,0,0.0,73.75,298.0
1596,47.895,385.14127138,554.89522583,1,0,0.0,73.75,298.0
1597,47.925,385.12533732,554.89505979,1,0,0.0,73.75,298.0
1598,47.955,385.11052248,554.89488596,1,0,0.0,73.75,298.0
1599,47.985,385.09682666,554.8947121,1,0,0.0,73.75,298.0
1600,48.015,385.0842498,554.89453825,1,0,0.0,73.75,298.0
1601,48.045,385.07273999,554.89437978,1,0,0.0,73.75,298.0
1602,48.075,385.06136972,554.8941829,1,0,0.0,73.75,298.0
1603,48.105,385.0494197,554.89401018,1,0,0.0,73.75,298.0
1604,48.135,385.03781078,554.89385009,1,0,0.0,73.75,298.0
1605,48.165,385.02677429,554.89369,1,0,0.0,74.25,300.0
1606,48.195,385.01631025,554.8935299,1,0,0.0,74.25,300.0
1607,48.225,385.00642612,554.89337695,1,0,0.0,74.25,300.0
1608,48.255,384.9968852,554.89324472,1,0,0.0,74.25,300.0
1609,48.285,384.98766767,554.89309191,1,0,0.0,74.25,300.0
1610,48.315,384.97940022,554.89292362,1,0,0.0,74.25,300.0
1611,48.345,384.97215827,554.89275534,1,0,0.0,74.25,300.0
1612,48.375,384.96594182,554.89258706,1,0,0.0,74.25,300.0
1613,48.405,384.96047775,554.89246639,1,0,0.0,74.25,300.0
1614,48.435,384.95548617,554.89238148,1,0,0.0,74.25,300.0
1615,48.465,384.95112272,554.89231213,1,0,0.0,74.25,300.0
1616,48.495,384.94737377,554.89224281,1,0,0.0,74.25,300.0
1617,48.525,384.94414249,554.89216142,1,0,0.0,74.75,302.0
1618,48.555,384.94074373,554.8920597,1,0,0.0,74.75,302.0
1619,48.585,384.93699893,554.8919731,1,0,0.0,74.75,302.0
1620,48.615,384.93291587,554.89189565,1,0,0.0,74.75,302.0
1621,48.645,384.92851214,554.89171118,1,0,0.0,74.75,302.0
1622,48.675,384.9237224,554.8914456,1,0,0.0,74.75,302.0
1623,48.705,384.91847447,554.89116904,1,0,0.0,74.75,302.0
1624,48.735,384.91282773,554.89089849,1,0,0.0,74.75,302.0
1625,48.765,384.90669281,554.89060476,1,0,0.0,74.75,302.0
1626,48.795,384.90026305,554.89031103,1,0,0.0,74.75,302.0
1627,48.825,384.89320944,554.89004113,1,0,0.0,74.75,302.0
1628,48.855,384.88548291,554.88977684,1,0,0.0,74.75,302.0
1629,48.885,384.87804722,554.88950564,1,0,0.0,74.75,302.0
1630,48.915,384.87100928,554.88923444,1,0,0.0,74.75,302.0
1631,48.945,384.8693378,554.88564069,1,0,0.0,74.75,302.0
1632,48.975,384.8781298,554.88543964,1,0,0.0,74.75,302.0
1633,49.005,384.88930782,554.88523858,1,0,0.0,74.75,302.0
1634,49.035,384.90287131,554.88503743,1,0,0.0,74.75,302.0
1635,49.065,384.91880354,554.88483593,1,0,0.0,74.75,302.0
1636,49.095,384.93709636,554.88463443,1,0,0.0,74.75,302.0
1637,49.125,384.95774662,554.88444164,1,0,0.0,74.75,302.0
1638,49.155,384.98074434,554.88427773,1,0,0.0,74.75,302.0
1639,49.185,385.00626983,554.88412765,1,0,0.0,74.75,302.0
1640,49.215,385.03432959,554.88395467,1,0,0.0,74.75,302.0
1641,49.245,385.06353296,554.88368766,1,0,0.0,74.75,302.0
1642,49.275,385.09308089,554.8834699,1,0,0.0,74.75,302.0
1643,49.305,385.1228602,554.88325406,1,0,0.0,74.75,302.0
1644,49.335,385.15287055,554.88303471,1,0,0.0,74.75,302.0
1645,49.365,385.18276462,554.88293536,1,0,0.0,74.75,302.0
1646,49.395,385.21242519,554.8828243,1,0,0.0,74.75,302.0
1647,49.425,385.24194871,554.88271325,1,0,0.0,74.75,302.0
1648,49.455,385.27134619,554.88259719,1,0,0.0,74.75,302.0
1649,49.485,385.30076642,554.88242966,1,0,0.0,74.75,302.0
1650,49.515,385.33034532,554.88225737,1,0,0.0,74.75,302.0
1651,49.545,385.36012194,554.88211684,1,0,0.0,74.75,302.0
1652,49.575,385.3911145,554.88207267,1,0,0.0,74.75,302.0
1653,49.605,385.42372683,554.88202051,1,0,0.0,74.75,302.0
1654,49.635,385.45768529,554.88195233,1,0,0.0,74.75,302.0
1655,49.665,385.49287712,554.88188415,1,0,0.0,74.75,302.0
1656,49.695,385.52930231,554.88181596,1,0,0.0,74.75,302.0
1657,49.725,385.56696088,554.88174778,1,0,0.0,75.25,304.0
1658,49.755,385.6058505,554.88167866,1,0,0.0,75.25,304.0
1659,49.785,385.64617861,554.88160588,1,0,0.0,75.25,304.0
1660,49.815,385.68797089,554.88135972,1,0,0.0,75.25,304.0
1661,49.845,385.73051488,554.88110325,1,0,0.0,75.25,304.0
1662,49.875,385.77375766,554.88084067,1,0,0.0,75.25,304.0
1663,49.905,385.81754305,554.88061323,1,0,0.0,75.25,304.0
1664,49.935,385.86179822,554.88039218,1,0,0.0,75.25,304.0
1665,49.965,385.90616245,554.88018017,1,0,0.0,75.25,304.0
1666,49.995,385.95053384,554.87996962,1,0,0.0,75.25,304.0
1667,50.025,385.99455454,554.8797734,1,0,0.0,75.25,304.0
1668,50.055,386.03790998,554.87962834,1,0,0.0,75.25,304.0
1669,50.085,386.07141783,554.47678444,1,0,0.0,75.25,304.0
1670,50.115,386.10178459,554.47670283,1,0,0.0,75.25,304.0
1671,50.145,386.13154389,554.47663479,1,0,0.0,75.25,304.0
1672,50.175,386.16048458,554.47657375,1,0,0.0,75.25,304.0
1673,50.205,386.18860705,554.47651559,1,0,0.0,75.25,304.0
1674,50.235,386.21607233,554.47642021,1,0,0.0,75.25,304.0
1675,50.265,386.24298899,554.47630735,1,0,0.0,75.25,304.0
1676,50.295,386.2693627,554.47619448,1,0,0.0,75.25,304.0
1677,50.325,386.29519344,554.47608162,1,0,0.0,75.25,304.0
1678,50.355,386.32050078,554.47597595,1,0,0.0,75.25,304.0
1679,50.385,386.3454009,554.47588183,1,0,0.0,75.25,304.0
1680,50.415,386.36996991,554.47577931,1,0,0.0,75.25,304.0
1681,50.445,386.39421234,554.4756768,1,0,0.0,75.25,304.0
1682,50.475,386.41832389,554.47560875,1,0,0.0,75.25,304.0
1683,50.505,386.44268324,554.47552802,1,0,0.0,75.25,304.0
1684,50.535,386.46758963,554.47543481,1,0,0.0,75.25,304.0
1685,50.565,386.49307877,554.4753464,1,0,0.0,75.25,304.0
1686,50.595,386.51919336,554.47527567,1,0,0.0,75.25,304.0
1687,50.625,386.54595316,554.47520493,1,0,0.0,75.75,306.0
1688,50.655,386.57336434,554.47513417,1,0,0.0,75.75,306.0
1689,50.685,386.60143171,554.47506342,1,0,0.0,75.75,306.0
1690,50.715,386.63009643,554.47496074,1,0,0.0,75.75,306.0
1691,50.745,386.65928038,554.47485551,1,0,0.0,75.75,306.0
1692,50.775,386.68898239,554.47475027,1,0,0.0,75.75,306.0
1693,50.805,386.71918425,554.4746453,1,0,0.0,75.75,306.0
1694,50.835,386.74987059,554.47452188,1,0,0.0,75.75,306.0
1695,50.865,386.7809948,554.47439201,1,0,0.0,75.75,306.0
1696,50.895,386.81253117,554.47424517,1,0,0.0,75.75,306.0
1697,50.925,386.84401248,554.47406395,1,0,0.0,75.75,306.0
1698,50.955,386.87531149,554.47393549,1,0,0.0,75.75,306.0
1699,50.985,386.90658873,554.47395152,1,0,0.0,75.75,306.0
1700,51.015,386.93792708,554.47396554,1,0,0.0,75.75,306.0
1701,51.045,386.96943779,554.47399793,1,0,0.0,75.75,306.0
1702,51.075,387.00132578,554.47410442,1,0,0.0,75.75,306.0
1703,51.105,387.03370124,554.47424815,1,0,0.0,75.75,306.0
1704,51.135,387.06654103,554.47440289,1,0,0.0,75.75,306.0
1705,51.165,387.09975181,554.47458178,1,0,0.0,75.75,306.0
1706,51.195,387.13311613,554.47484957,1,0,0.0,75.75,306.0
1707,51.225,387.16657656,554.47511952,1,0,0.0,75.75,306.0
1708,51.255,387.20005401,554.47540923,1,0,0.0,75.75,306.0
1709,51.285,387.23321618,554.47572224,1,0,0.0,75.75,306.0
1710,51.315,387.26594578,554.47603524,1,0,0.0,75.75,306.0
1711,51.345,387.29824268,554.47634824,1,0,0.0,75.75,306.0
1712,51.375,387.33010689,554.47666124,1,0,0.0,76.25,308.0
1713,51.405,387.3617374,554.4771111,1,0,0.0,76.25,308.0
1714,51.435,387.39324019,554.47757272,1,0,0.0,76.25,308.0
1715,51.465,387.42436023,554.47804201,1,0,0.0,76.25,308.0
1716,51.495,387.45489336,554.47854388,1,0,0.0,76.25,308.0
1717,51.525,387.48501829,554.47905215,1,0,0.0,76.25,308.0
1718,51.555,387.51514168,554.47957814,1,0,0.0,76.25,308.0
1719,51.585,387.54749904,554.48012036,1,0,0.0,76.25,308.0
1720,51.615,387.58244015,554.48066258,1,0,0.0,76.25,308.0
1721,51.645,387.6199981,554.48120845,1,0,0.0,76.25,308.0
1722,51.675,387.65956089,554.48183653,1,0,0.0,76.25,308.0
1723,51.705,387.69902752,554.48245216,1,0,0.0,76.25,308.0
1724,51.735,387.73882958,554.48302962,1,0,0.0,76.25,308.0
1725,51.765,387.77906645,554.48360709,1,0,0.0,76.25,308.0
1726,51.795,387.81973813,554.48418455,1,0,0.0,76.25,308.0
1727,51.825,387.86084463,554.48476202,1,0,0.0,76.25,308.0
1728,51.855,387.90238555,554.48533974,1,0,0.0,76.25,308.0
1729,51.885,387.94435748,554.48591783,1,0,0.0,76.25,308.0
1730,51.915,387.98675963,554.48649592,1,0,0.0,76.25,308.0
1731,51.945,388.02962338,554.48703539,1,0,0.0,76.25,308.0
1732,51.975,388.07237903,554.48758384,1,0,0.0,76.25,308.0
1733,52.005,388.11441839,554.48813059,1,0,0.0,76.25,308.0
1734,52.035,388.1557666,554.48867756,1,0,0.0,76.25,308.0
1735,52.065,388.19642366,554.48922521,1,0,0.0,76.25,308.0
1736,52.095,388.23639963,554.48977187,1,0,0.0,76.25,308.0
1737,52.125,388.27583977,554.49031637,1,0,0.0,76.25,308.0
1738,52.155,388.31479186,554.49086088,1,0,0.0,76.25,308.0
1739,52.185,388.35325269,554.49139823,1,0,0.0,76.25,308.0
1740,52.215,388.39110907,554.49189945,1,0,0.0,76.25,308.0
1741,52.245,388.42822401,554.49227526,1,0,0.0,76.25,308.0
1742,52.275,388.46473252,554.49264209,1,0,0.0,76.25,308.0
1743,52.305,388.50094712,554.49302476,1,0,0.0,76.25,308.0
1744,52.335,388.53645578,554.49341726,1,0,0.0,76.25,308.0
1745,52.365,388.57123875,554.49382203,1,0,0.0,76.25,308.0
1746,52.395,388.60581244,554.49426762,1,0,0.0,76.25,308.0
1747,52.425,388.64039741,554.49472462,1,0,0.0,76.25,308.0
1748,52.455,388.67507981,554.49517691,1,0,0.0,76.25,308.0
1749,52.485,388.71023823,554.49561523,1,0,0.0,76.25,308.0
1750,52.515,388.74587571,554.49600665,1,0,0.0,76.25,308.0
1751,52.545,388.78174061,554.49638406,1,0,0.0,76.25,308.0
1752,52.575,388.81768845,554.49675072,1,0,0.0,76.25,308.0
1753,52.605,388.85316659,554.49711306,1,0,0.0,76.25,308.0
1754,52.635,388.88795232,554.4974774,1,0,0.0,76.25,308.0
1755,52.665,388.92220553,554.49783868,1,0,0.0,76.25,308.0
1756,52.695,388.95585159,554.49818226,1,0,0.0,76.75,310.0
1757,52.725,388.98884717,554.49852584,1,0,0.0,76.75,310.0
1758,52.755,389.02111075,554.49884339,1,0,0.0,76.75,310.0
1759,52.785,389.05258299,554.49912414,1,0,0.0,76.75,310.0
1760,52.815,389.0829634,554.49930519,1,0,0.0,76.75,310.0
1761,52.845,389.11229099,554.49944905,1,0,0.0,76.75,310.0
1762,52.875,389.14117314,554.49955771,1,0,0.0,76.75,310.0
1763,52.905,389.16971881,554.49965527,1,0,0.0,76.75,310.0
1764,52.935,389.19799009,554.49975169,1,0,0.0,76.75,310.0
1765,52.965,389.22619216,554.49983522,1,0,0.0,76.75,310.0
1766,52.995,389.25499751,554.49986096,1,0,0.0,76.75,310.0
1767,53.025,389.28467977,554.49988671,1,0,0.0,76.75,310.0
1768,53.055,389.31523218,554.49990973,1,0,0.0,76.75,310.0
1769,53.085,389.346244,554.49992438,1,0,0.0,76.75,310.0
1770,53.115,389.37669446,554.49996699,1,0,0.0,76.75,310.0
1771,53.145,389.40648261,554.5000096,1,0,0.0,76.75,310.0
1772,53.175,389.4356346,554.500017,1,0,0.0,76.75,310.0
1773,53.205,389.4643968,554.49997031,1,0,0.0,76.75,310.0
1774,53.235,389.49283034,554.49992361,1,0,0.0,76.75,310.0
1775,53.265,389.52093523,554.49987692,1,0,0.0,76.75,310.0
1776,53.295,389.54871147,554.49983022,1,0,0.0,76.75,310.0
1777,53.325,389.57615907,554.49978352,1,0,0.0,76.75,310.0
1778,53.355,389.60327801,554.49973683,1,0,0.0,76.75,310.0
1779,53.385,389.63012891,554.49980173,1,0,0.0,76.75,310.0
1780,53.415,389.65675269,554.49992247,1,0,0.0,76.75,310.0
1781,53.445,389.68315795,554.50007937,1,0,0.0,76.75,310.0
1782,53.475,389.70938712,554.50021945,1,0,0.0,76.75,310.0
1783,53.505,389.73547774,554.50035495,1,0,0.0,76.75,310.0
1784,53.535,389.76134488,554.50049685,1,0,0.0,76.75,310.0
1785,53.565,389.78689173,554.50063824,1,0,0.0,76.75,310.0
1786,53.595,389.81210669,554.50076568,1,0,0.0,77.25,312.0
1787,53.625,389.8369778,554.50086585,1,0,0.0,77.25,312.0
1788,53.655,389.86138262,554.5010179,1,0,0.0,77.25,312.0
1789,53.685,389.88509037,554.50120326,1,0,0.0,77.25,312.0
1790,53.715,389.90809399,554.50138862,1,0,0.0,77.25,312.0
1791,53.745,389.93039348,554.50157398,1,0,0.0,77.25,312.0
1792,53.775,389.95199029,554.50175651,1,0,0.0,77.25,312.0
1793,53.805,389.97289775,554.50193481,1,0,0.0,77.25,312.0
1794,53.835,389.99311908,554.50211312,1,0,0.0,77.25,312.0
1795,53.865,390.01264401,554.50228714,1,0,0.0,77.25,312.0
1796,53.895,390.03149892,554.50238417,1,0,0.0,77.25,312.0
1797,53.925,390.04995328,554.50239564,1,0,0.0,77.25,312.0
1798,53.955,390.06797721,554.50239886,1,0,0.0,77.25,312.0
1799,53.985,390.08553661,554.50240209,1,0,0.0,77.25,312.0
1800,54.015,390.10263146,554.50240532,1,0,0.0,77.25,312.0
1801,54.045,390.11919412,554.50237003,1,0,0.0,77.25,312.0
1802,54.075,390.1351251,554.50242135,1,0,0.0,77.25,312.0
1803,54.105,390.15029646,554.50253034,1,0,0.0,77.25,312.0
1804,54.135,390.16466834,554.50263933,1,0,0.0,77.25,312.0
1805,54.165,390.17824072,554.50274832,1,0,0.0,77.25,312.0
1806,54.195,390.19101362,554.5028573,1,0,0.0,77.25,312.0
1807,54.225,390.20298702,554.50296629,1,0,0.0,77.25,312.0
1808,54.255,390.21420224,554.50309038,1,0,0.0,77.25,312.0
1809,54.285,390.22480594,554.50322309,1,0,0.0,77.25,312.0
1810,54.315,390.23481105,554.50335581,1,0,0.0,77.25,312.0
1811,54.345,390.24421937,554.50349419,1,0,0.0,77.25,312.0
1812,54.375,390.25311141,554.50366019,1,0,0.0,77.25,312.0
1813,54.405,390.26156842,554.50381381,1,0,0.0,77.25,312.0
1814,54.435,390.26975619,554.5039586,1,0,0.0,77.25,312.0
1815,54.465,390.27768217,554.50409628,1,0,0.0,77.25,312.0
1816,54.495,390.2853346,554.50423395,1,0,0.0,77.25,312.0
1817,54.525,390.29271352,554.50437199,1,0,0.0,77.25,312.0
1818,54.555,390.29979797,554.50454019,1,0,0.0,77.25,312.0
1819,54.585,390.30629378,554.50472723,1,0,0.0,77.25,312.0
1820,54.615,390.31233791,554.50491247,1,0,0.0,77.25,312.0
1821,54.645,390.3178985,554.5050153,1,0,0.0,77.25,312.0
1822,54.675,390.32286486,554.50513059,1,0,0.0,77.25,312.0
1823,54.705,390.32712529,554.50525721,1,0,0.0,77.25,312.0
1824,54.735,390.33068124,554.5053921,1,0,0.0,77.25,312.0
1825,54.765,390.33368918,554.50552256,1,0,0.0,77.25,312.0
1826,54.795,390.33653385,554.50562085,1,0,0.0,77.25,312.0
1827,54.825,390.33951738,554.50569344,1,0,0.0,77.25,312.0
1828,54.855,390.34268253,554.50576025,1,0,0.0,77.25,312.0
1829,54.885,390.34602492,554.50584481,1,0,0.0,77.25,312.0
1830,54.915,390.34963279,554.50594828,1,0,0.0,77.25,312.0
1831,54.945,390.35348539,554.50605174,1,0,0.0,77.25,312.0
1832,54.975,390.35754279,554.50620046,1,0,0.0,77.25,312.0
1833,55.005,390.36163409,554.50638168,1,0,0.0,77.25,312.0
1834,55.035,390.36548455,554.50657127,1,0,0.0,77.25,312.0
1835,55.065,390.36890553,554.50676086,1,0,0.0,77.25,312.0
1836,55.095,390.37189734,554.50695527,1,0,0.0,77.25,312.0
1837,55.125,390.37444581,554.50722668,1,0,0.0,77.25,312.0
1838,55.155,390.37653748,554.50750011,1,0,0.0,77.25,312.0
1839,55.185,390.37751178,554.507805,1,0,0.0,77.25,312.0
1840,55.215,390.37684469,554.50810988,1,0,0.0,77.25,312.0
1841,55.245,390.37406909,554.50840688,1,0,0.0,77.25,312.0
1842,55.275,390.3679581,554.50866617,1,0,0.0,77.25,312.0
1843,55.305,390.359445,554.50894606,1,0,0.0,77.25,312.0
1844,55.335,390.34907523,554.50922595,1,0,0.0,77.25,312.0
1845,55.365,390.33684878,554.50950584,1,0,0.0,77.25,312.0
1846,55.395,390.32268163,554.50981555,1,0,0.0,77.25,312.0
1847,55.425,390.30583842,554.51012331,1,0,0.0,77.75,314.0
1848,55.455,390.28752492,554.51034362,1,0,0.0,77.75,314.0
1849,55.485,390.26799009,554.51054954,1,0,0.0,77.75,314.0
1850,55.515,390.24757652,554.51076377,1,0,0.0,77.75,314.0
1851,55.545,390.22768671,554.51099554,1,0,0.0,77.75,314.0
1852,55.575,390.20867987,554.51123144,1,0,0.0,77.75,314.0
1853,55.605,390.19049262,554.51148104,1,0,0.0,77.75,314.0
1854,55.635,390.17311494,554.51173064,1,0,0.0,77.75,314.0
1855,55.665,390.15654683,554.51198024,1,0,0.0,77.75,314.0
1856,55.695,390.14078829,554.51222984,1,0,0.0,77.75,314.0
1857,55.725,390.12583952,554.51247927,1,0,0.0,77.75,314.0
1858,55.755,390.11171401,554.51272809,1,0,0.0,77.75,314.0
1859,55.785,390.09841761,554.51297905,1,0,0.0,77.75,314.0
1860,55.815,390.0860457,554.51313302,1,0,0.0,77.75,314.0
1861,55.845,390.07407205,554.51322076,1,0,0.0,77.75,314.0
1862,55.875,390.06228492,554.5133111,1,0,0.0,77.75,314.0
1863,55.905,390.05036594,554.51341616,1,0,0.0,78.25,316.0
1864,55.935,390.03838489,554.51354313,1,0,0.0,78.25,316.0
1865,55.965,390.02817038,554.5137362,1,0,0.0,78.25,316.0
1866,55.995,390.02055284,554.51393729,1,0,0.0,78.25,316.0
1867,56.025,390.01552451,554.5141713,1,0,0.0,78.25,316.0
1868,56.055,390.01314914,554.5144474,1,0,0.0,78.25,316.0
1869,56.085,390.01402966,554.51478514,1,0,0.0,78.25,316.0
1870,56.115,390.01831762,554.51511346,1,0,0.0,78.25,316.0
1871,56.145,390.02673676,554.51541478,1,0,0.0,78.25,316.0
1872,56.175,390.03864006,554.51562194,1,0,0.0,78.25,316.0
1873,56.205,390.05214176,554.51584279,1,0,0.0,78.25,316.0
1874,56.235,390.06608269,554.51606029,1,0,0.0,78.25,316.0
1875,56.265,390.08054975,554.51624344,1,0,0.0,78.25,316.0
1876,56.295,390.09569729,554.51620924,1,0,0.0,78.25,316.0
1877,56.325,390.11115961,554.51616922,1,0,0.0,78.25,316.0
1878,56.355,390.12687657,554.51613053,1,0,0.0,78.25,316.0
1879,56.385,390.14283981,554.51609924,1,0,0.0,78.25,316.0
1880,56.415,390.15902265,554.51607256,1,0,0.0,78.25,316.0
1881,56.445,390.17542774,554.51602825,1,0,0.0,78.25,316.0
1882,56.475,390.19226706,554.51589265,1,0,0.0,78.25,316.0
1883,56.505,390.20975058,554.51577048,1,0,0.0,78.25,316.0
1884,56.535,390.22789186,554.51561184,1,0,0.0,78.25,316.0
1885,56.565,390.24622728,554.51542703,1,0,0.0,78.25,316.0
1886,56.595,390.26471122,554.51524263,1,0,0.0,78.25,316.0
1887,56.625,390.28337828,554.5150561,1,0,0.0,78.25,316.0
1888,56.655,390.30226443,554.51484454,1,0,0.0,78.25,316.0
1889,56.685,390.3214595,554.51459853,1,0,0.0,78.25,316.0
1890,56.715,390.3409634,554.51431676,1,0,0.0,78.25,316.0
1891,56.745,390.36077802,554.514035,1,0,0.0,78.25,316.0
1892,56.775,390.38090336,554.51375324,1,0,0.0,78.25,316.0
1893,56.805,390.40133955,554.51347148,1,0,0.0,78.25,316.0
1894,56.835,390.42208675,554.51318972,1,0,0.0,78.25,316.0
1895,56.865,390.44314497,554.51290797,1,0,0.0,78.25,316.0
1896,56.895,390.46451421,554.51262621,1,0,0.0,78.25,316.0
1897,56.925,390.48619486,554.51234558,1,0,0.0,78.25,316.0
1898,56.955,390.50820487,554.51207182,1,0,0.0,78.25,316.0
1899,56.985,390.53055175,554.51173285,1,0,0.0,78.25,316.0
1900,57.015,390.55324011,554.51131404,1,0,0.0,78.25,316.0
1901,57.045,390.57629387,554.51088919,1,0,0.0,78.25,316.0
1902,57.075,390.59962751,554.51049771,1,0,0.0,78.25,316.0
1903,57.105,390.62280749,554.51013091,1,0,0.0,78.25,316.0
1904,57.135,390.64580067,554.50976412,1,0,0.0,78.25,316.0
1905,57.165,390.66860706,554.50939732,1,0,0.0,78.25,316.0
1906,57.195,390.69122666,554.50903052,1,0,0.0,78.25,316.0
1907,57.225,390.71365947,554.50866372,1,0,0.0,78.25,316.0
1908,57.255,390.73585754,554.50831613,1,0,0.0,78.25,316.0
1909,57.285,390.75753623,554.50799794,1,0,0.0,78.25,316.0
1910,57.315,390.7786371,554.50768091,1,0,0.0,78.25,316.0
1911,57.345,390.79926073,554.50740883,1,0,0.0,78.25,316.0
1912,57.375,390.81948699,554.50715032,1,0,0.0,78.25,316.0
1913,57.405,390.83931384,554.50689181,1,0,0.0,78.25,316.0
1914,57.435,390.85871762,554.506677,1,0,0.0,78.25,316.0
1915,57.465,390.87764102,554.50647653,1,0,0.0,78.25,316.0
1916,57.495,390.89608151,554.50627607,1,0,0.0,78.25,316.0
1917,57.525,390.91403907,554.5060756,1,0,0.0,78.25,316.0
1918,57.555,390.9315127,554.5058753,1,0,0.0,78.25,316.0
1919,57.585,390.94791356,554.50568075,1,0,0.0,78.25,316.0
1920,57.615,390.96276828,554.50553678,1,0,0.0,78.25,316.0
1921,57.645,390.97607662,554.50546501,1,0,0.0,78.25,316.0
1922,57.675,390.98777699,554.50541718,1,0,0.0,78.25,316.0
1923,57.705,390.99784979,554.50530477,1,0,0.0,78.25,316.0
1924,57.735,391.00629276,554.50519237,1,0,0.0,78.25,316.0
1925,57.765,391.01327014,554.50511466,1,0,0.0,78.25,316.0
1926,57.795,391.01930197,554.50506842,1,0,0.0,78.25,316.0
1927,57.825,391.02443387,554.50502219,1,0,0.0,78.25,316.0
1928,57.855,391.02866584,554.50497595,1,0,0.0,78.25,316.0
1929,57.885,391.03202384,554.50493563,1,0,0.0,78.25,316.0
1930,57.915,391.03504578,554.50491232,1,0,0.0,78.25,316.0
1931,57.945,391.03794554,554.50488901,1,0,0.0,78.25,316.0
1932,57.975,391.0407271,554.50488882,1,0,0.0,78.25,316.0
1933,58.005,391.04358548,554.50500902,1,0,0.0,78.25,316.0
1934,58.035,391.04662869,554.50512923,1,0,0.0,78.75,318.0
1935,58.065,391.04985675,554.50524943,1,0,0.0,78.75,318.0
1936,58.095,391.0532775,554.50537275,1,0,0.0,78.75,318.0
1937,58.125,391.05667509,554.50554699,1,0,0.0,78.75,318.0
1938,58.155,391.0596897,554.50573437,1,0,0.0,78.75,318.0
1939,58.185,391.06233525,554.50593632,1,0,0.0,78.75,318.0
1940,58.215,391.06463828,554.50614013,1,0,0.0,78.75,318.0
1941,58.245,391.0665991,554.50634394,1,0,0.0,78.75,318.0
1942,58.275,391.06823406,554.50654825,1,0,0.0,78.75,318.0
1943,58.305,391.06876227,554.50675599,1,0,0.0,78.75,318.0
1944,58.335,391.06809294,554.50697877,1,0,0.0,78.75,318.0
1945,58.365,391.06801987,554.50718067,1,0,0.0,78.75,318.0
1946,58.395,391.06857566,554.50740127,1,0,0.0,78.75,318.0
1947,58.425,391.06823986,554.50774173,1,0,0.0,78.75,318.0
1948,58.455,391.06536667,554.50803282,1,0,0.0,78.75,318.0
1949,58.485,391.06006528,554.50833339,1,0,0.0,78.75,318.0
1950,58.515,391.05397303,554.50865181,1,0,0.0,78.75,318.0
1951,58.545,391.04848777,554.50899975,1,0,0.0,78.75,318.0
1952,58.575,391.0441568,554.50939285,1,0,0.0,78.75,318.0
1953,58.605,391.04054384,554.50979579,1,0,0.0,78.75,318.0
1954,58.635,391.03754074,554.51019873,1,0,0.0,78.75,318.0
1955,58.665,391.03514752,554.51060167,1,0,0.0,78.75,318.0
1956,58.695,391.03336417,554.51100461,1,0,0.0,78.75,318.0
1957,58.725,391.03217922,554.51139587,1,0,0.0,78.75,318.0
1958,58.755,391.03159234,554.5117598,1,0,0.0,78.75,318.0
1959,58.785,391.0319667,554.51209414,1,0,0.0,78.75,318.0
1960,58.815,391.03355058,554.51244265,1,0,0.0,78.75,318.0
1961,58.845,391.03648496,554.51281346,1,0,0.0,78.75,318.0
1962,58.875,391.04086719,554.51319327,1,0,0.0,78.75,318.0
1963,58.905,391.04673744,554.51359615,1,0,0.0,78.75,318.0
1964,58.935,391.05433964,554.51400194,1,0,0.0,78.75,318.0
1965,58.965,391.06361993,554.51442627,1,0,0.0,78.75,318.0
1966,58.995,391.07450412,554.51478124,1,0,0.0,78.75,318.0
1967,59.025,391.08698501,554.51513621,1,0,0.0,78.75,318.0
1968,59.055,391.10106242,554.51548839,1,0,0.0,78.75,318.0
1969,59.085,391.11658786,554.51584224,1,0,0.0,78.75,318.0
1970,59.115,391.1326589,554.5161388,1,0,0.0,78.75,318.0
1971,59.145,391.14895059,554.51642871,1,0,0.0,78.75,318.0
1972,59.175,391.16648686,554.51670969,1,0,0.0,78.75,318.0
1973,59.205,391.18461457,554.51698091,1,0,0.0,78.75,318.0
1974,59.235,391.20231059,554.51730742,1,0,0.0,78.75,318.0
1975,59.265,391.21970333,554.51763396,1,0,0.0,78.75,318.0
1976,59.295,391.2367928,554.51796049,1,0,0.0,78.75,318.0
1977,59.325,391.25357899,554.51828703,1,0,0.0,78.75,318.0
1978,59.355,391.2700619,554.51861357,1,0,0.0,78.75,318.0
1979,59.385,391.28624301,554.51888258,1,0,0.0,78.75,318.0
1980,59.415,391.30217029,554.51911265,1,0,0.0,78.75,318.0
1981,59.445,391.31787085,554.5193467,1,0,0.0,78.75,318.0
1982,59.475,391.3329992,554.51958595,1,0,0.0,78.75,318.0
1983,59.505,391.34752116,554.51978037,1,0,0.0,78.75,318.0
1984,59.535,391.36150126,554.51997003,1,0,0.0,78.75,318.0
1985,59.565,391.37513999,554.52017294,1,0,0.0,78.75,318.0
1986,59.595,391.38844861,554.52038686,1,0,0.0,78.75,318.0
1987,59.625,391.40152428,554.52059797,1,0,0.0,78.75,318.0
1988,59.655,391.4146545,554.52073401,1,0,0.0,78.75,318.0
1989,59.685,391.42816622,554.52078243,1,0,0.0,78.75,318.0
1990,59.715,391.4420625,554.52083085,1,0,0.0,78.75,318.0
1991,59.745,391.45634333,554.52087926,1,0,0.0,78.75,318.0
1992,59.775,391.47097509,554.52088019,1,0,0.0,78.75,318.0
1993,59.805,391.48577535,554.52081073,1,0,0.0,78.75,318.0
1994,59.835,391.50071772,554.52076417,1,0,0.0,78.75,318.0
1995,59.865,391.5158057,554.5207286,1,0,0.0,78.75,318.0
1996,59.895,391.53103797,554.52069303,1,0,0.0,78.75,318.0
1997,59.925,391.54641693,554.52068676,1,0,0.0,78.75,318.0
1998,59.955,391.56194827,554.52072387,1,0,0.0,78.75,318.0
1999,59.985,391.57759604,554.52078041,1,0,0.0,78.75,318.0
2000,60.015,391.5933407,554.52083696,1,0,0.0,78.75,318.0
2001,60.045,391.60918226,554.5208935,1,0,0.0,78.75,318.0
2002,60.075,391.62506026,554.52083913,1,0,0.0,78.75,318.0
2003,60.105,391.64055947,554.52069576,1,0,0.0,78.75,318.0
2004,60.135,391.65560549,554.52051807,1,0,0.0,78.75,318.0
2005,60.165,391.67067701,554.52024269,1,0,0.0,78.75,318.0
2006,60.195,391.68621548,554.51999275,1,0,0.0,78.75,318.0
2007,60.225,391.70236766,554.51972953,1,0,0.0,78.75,318.0
2008,60.255,391.71822525,554.51947059,1,0,0.0,78.75,318.0
2009,60.285,391.73470538,554.51921096,1,0,0.0,78.75,318.0
2010,60.315,391.75223501,554.5189183,1,0,0.0,78.75,318.0
2011,60.345,391.77101963,554.51858049,1,0,0.0,78.75,318.0
2012,60.375,391.7914759,554.51827146,1,0,0.0,78.75,318.0
2013,60.405,391.81364884,554.51796244,1,0,0.0,78.75,318.0
2014,60.435,391.83753846,554.51765341,1,0,0.0,78.75,318.0
2015,60.465,391.86314476,554.51734438,1,0,0.0,78.75,318.0
2016,60.495,391.89046772,554.51703535,1,0,0.0,78.75,318.0
2017,60.525,391.91950775,554.51671004,1,0,0.0,78.75,318.0
2018,60.555,391.9501003,554.51625625,1,0,0.0,78.75,318.0
2019,60.585,391.98120953,554.51585178,1,0,0.0,78.75,318.0
2020,60.615,392.01051316,554.51546422,1,0,0.0,78.75,318.0
2021,60.645,392.03772958,554.51505482,1,0,0.0,78.75,318.0
2022,60.675,392.06410614,554.51467669,1,0,0.0,78.75,318.0
2023,60.705,392.09009231,554.51430359,1,0,0.0,78.75,318.0
2024,60.735,392.115584,554.51388881,1,0,0.0,78.75,318.0
2025,60.765,392.13995244,554.51348449,1,0,0.0,78.75,318.0
2026,60.795,392.16254448,554.51307076,1,0,0.0,78.75,318.0
2027,60.825,392.18346126,554.51267273,1,0,0.0,78.75,318.0
2028,60.855,392.20295614,554.5123415,1,0,0.0,78.75,318.0
2029,60.885,392.22153715,554.51202988,1,0,0.0,78.75,318.0
2030,60.915,392.23945912,554.51173531,1,0,0.0,78.75,318.0
2031,60.945,392.25718365,554.51144462,1,0,0.0,78.75,318.0
2032,60.975,392.27469631,554.51120568,1,0,0.0,78.75,318.0
2033,61.005,392.29184457,554.51105869,1,0,0.0,78.75,318.0
2034,61.035,392.30861522,554.51090705,1,0,0.0,78.75,318.0
2035,61.065,392.32519916,554.51075301,1,0,0.0,78.75,318.0
2036,61.095,392.45140626,667.23748736,1,0,0.10966203,50.25,202.0
2037,61.125,395.84954832,667.00154328,1,0,0.0,50.25,202.0
2038,61.155,399.24698741,666.76559454,1,0,0.0,50.25,202.0
2039,61.185,400.35070561,553.53441158,1,0,0.0,50.25,202.0
2040,61.215,400.35175517,553.53434686,1,0,0.0,50.25,202.0
2041,61.245,400.35191229,553.53429995,1,0,0.0,50.25,202.0
2042,61.275,400.35136188,553.53420406,1,0,0.0,50.25,202.0
2043,61.305,400.3502345,553.53397099,1,0,0.0,50.25,202.0
2044,61.335,400.34810064,553.5337206,1,0,0.0,50.25,202.0
2045,61.365,400.34476337,553.53347019,1,0,0.0,50.25,202.0
2046,61.395,400.34022453,553.53322201,1,0,0.0,50.25,202.0
2047,61.425,400.33480211,553.53303633,1,0,0.0,50.25,202.0
2048,61.455,400.32854202,553.53286085,1,0,0.0,50.25,202.0
2049,61.485,400.32147487,553.53268915,1,0,0.0,50.25,202.0
2050,61.515,400.31399422,553.53252286,1,0,0.0,50.25,202.0
2051,61.545,400.30665012,553.5323297,1,0,0.0,50.25,202.0
2052,61.575,400.29977399,553.53211543,1,0,0.0,50.25,202.0
2053,61.605,400.29360084,553.53188222,1,0,0.0,50.25,202.0
2054,61.635,400.28828225,553.53165285,1,0,0.0,50.25,202.0
2055,61.665,400.2834554,553.53144888,1,0,0.0,50.25,202.0
2056,61.695,400.27889734,553.53124491,1,0,0.0,50.25,202.0
2057,61.725,400.27463605,553.53104649,1,0,0.0,50.25,202.0
2058,61.755,400.27075604,553.53082182,1,0,0.0,50.25,202.0
2059,61.785,400.26680021,553.53055921,1,0,0.0,50.25,202.0
2060,61.815,400.26272314,553.53027684,1,0,0.0,50.25,202.0
2061,61.845,400.25852801,553.53000724,1,0,0.0,50.25,202.0
2062,61.875,400.61139905,553.50403904,1,0,0.0,50.25,202.0
2063,61.905,404.00162644,553.25952091,1,0,0.0,50.25,202.0
2064,61.935,407.39205277,553.01500649,1,0,0.0,50.25,202.0
2065,61.965,408.25233548,552.95330373,1,0,0.0,50.25,202.0
2066,61.995,408.26189123,552.95313752,1,0,0.0,50.25,202.0
2067,62.025,408.27251815,552.95297201,1,0,0.0,50.25,202.0
2068,62.055,408.28421628,552.9528065,1,0,0.0,50.25,202.0
2069,62.085,408.2969693,552.95265218,1,0,0.0,50.25,202.0
2070,62.115,408.31067237,552.95250604,1,0,0.0,50.25,202.0
2071,62.145,408.32521629,552.95237041,1,0,0.0,50.25,202.0
2072,62.175,408.34027219,552.95223031,1,0,0.0,50.25,202.0
2073,62.205,408.35576894,552.95208004,1,0,0.0,50.25,202.0
2074,62.235,408.37138856,552.95189432,1,0,0.0,50.25,202.0
2075,62.265,408.38692084,552.95171928,1,0,0.0,50.25,202.0
2076,62.295,408.4022944,552.95155385,1,0,0.0,50.25,202.0
2077,62.325,408.41749855,552.95138841,1,0,0.0,50.25,202.0
2078,62.355,408.4325333,552.95122298,1,0,0.0,50.25,202.0
2079,62.385,408.44739863,552.95105754,1,0,0.0,50.25,202.0
2080,62.415,408.46208386,552.95089827,1,0,0.0,50.25,202.0
2081,62.445,408.47656762,552.95074079,1,0,0.0,50.25,202.0
2082,62.475,408.49085256,552.95057086,1,0,0.0,50.25,202.0
2083,62.505,408.50503163,552.95049855,1,0,0.0,50.25,202.0
2084,62.535,408.51921797,552.95045957,1,0,0.0,50.25,202.0
2085,62.565,408.5334711,552.95043635,1,0,0.0,50.25,202.0
2086,62.595,408.54780144,552.95041313,1,0,0.0,50.25,202.0
2087,62.625,408.56220899,552.95038991,1,0,0.0,50.25,202.0
2088,62.655,408.57669643,552.95037386,1,0,0.0,50.25,202.0
2089,62.685,408.59132981,552.95038111,1,0,0.0,50.25,202.0
2090,62.715,408.60613154,552.95037586,1,0,0.0,50.25,202.0
2091,62.745,408.62095166,552.95032923,1,0,0.0,50.25,202.0
2092,62.775,408.63572492,552.95028259,1,0,0.0,50.25,202.0
2093,62.805,408.65045132,552.95023596,1,0,0.0,50.25,202.0
2094,62.835,408.66513087,552.95018933,1,0,0.0,50.25,202.0
2095,62.865,408.67976356,552.95014269,1,0,0.0,50.25,202.0
2096,62.895,408.69434939,552.95009606,1,0,0.0,50.25,202.0
2097,62.925,408.70885495,552.95007061,1,0,0.0,50.25,202.0
2098,62.955,408.72318267,552.95006708,1,0,0.0,50.25,202.0
2099,62.985,408.7373085,552.95006355,1,0,0.0,50.25,202.0
2100,63.015,408.75123243,552.95006002,1,0,0.0,50.25,202.0
2101,63.045,408.76495447,552.95005649,1,0,0.0,50.25,202.0
2102,63.075,408.77840678,552.95010122,1,0,0.0,50.25,202.0
2103,63.105,408.79146227,552.95015597,1,0,0.0,50.25,202.0
2104,63.135,408.8041194,552.95021555,1,0,0.0,50.25,202.0
2105,63.165,408.81632426,552.95025194,1,0,0.0,50.25,202.0
2106,63.195,408.82798472,552.95028821,1,0,0.0,50.25,202.0
2107,63.225,408.83910081,552.95032448,1,0,0.0,50.25,202.0
2108,63.255,408.84967341,552.95036327,1,0,0.0,50.25,202.0
2109,63.285,408.85980125,552.95040613,1,0,0.0,50.25,202.0
2110,63.315,408.86971446,552.95044605,1,0,0.0,50.25,202.0
2111,63.345,408.87942492,552.95048596,1,0,0.0,50.25,202.0
2112,63.375,408.88893264,552.95052587,1,0,0.0,50.25,202.0
2113,63.405,408.89823701,552.9505658,1,0,0.0,50.25,202.0
2114,63.435,408.90733599,552.95060572,1,0,0.0,50.25,202.0
2115,63.465,408.91619656,552.95064694,1,0,0.0,50.25,202.0
2116,63.495,408.92465724,552.9506892,1,0,0.0,50.25,202.0
2117,63.525,408.93269631,552.95073147,1,0,0.0,50.25,202.0
2118,63.555,408.94034607,552.9507528,1,0,0.0,50.25,202.0
2119,63.585,408.94761261,552.95076573,1,0,0.0,50.25,202.0
2120,63.615,408.95450104,552.95078843,1,0,0.0,50.25,202.0
2121,63.645,408.96142379,552.95082155,1,0,0.0,50.25,202.0
2122,63.675,408.96847046,552.95088375,1,0,0.0,50.25,202.0
2123,63.705,408.97563997,552.9509554,1,0,0.0,50.25,202.0
2124,63.735,408.98292701,552.95101774,1,0,0.0,50.25,202.0
2125,63.765,408.99050567,552.95090602,1,0,0.0,50.25,202.0
2126,63.795,408.99844274,552.9507923,1,0,0.0,50.25,202.0
2127,63.825,409.00673478,552.95067859,1,0,0.0,50.25,202.0
2128,63.855,409.01530489,552.9505924,1,0,0.0,50.25,202.0
2129,63.885,409.02371066,552.95053259,1,0,0.0,50.25,202.0
2130,63.915,409.03192687,552.95049232,1,0,0.0,50.25,202.0
2131,63.945,409.04008668,552.95046058,1,0,0.0,50.25,202.0
2132,63.975,409.04820469,552.95043472,1,0,0.0,50.25,202.0
2133,64.005,409.05638255,552.95042829,1,0,0.0,50.25,202.0
2134,64.035,409.06467326,552.95042149,1,0,0.0,50.25,202.0
2135,64.065,409.07307849,552.95041468,1,0,0.0,50.25,202.0
2136,64.095,409.08159823,552.95040783,1,0,0.0,50.25,202.0
2137,64.125,409.09025219,552.95039505,1,0,0.0,50.25,202.0
2138,64.155,409.09906302,552.95038299,1,0,0.0,50.25,202.0
2139,64.185,409.10804196,552.95037127,1,0,0.0,50.25,202.0
2140,64.215,409.11718988,552.95035955,1,0,0.0,50.25,202.0
2141,64.245,409.12650708,552.95034783,1,0,0.0,50.25,202.0
2142,64.275,409.13599361,552.95033611,1,0,0.0,50.25,202.0
2143,64.305,409.1456296,552.95030909,1,0,0.0,50.25,202.0
2144,64.335,409.15535988,552.95028457,1,0,0.0,50.25,202.0
2145,64.365,409.16521083,552.95026005,1,0,0.0,50.25,202.0
2146,64.395,409.17518245,552.95023553,1,0,0.0,50.25,202.0
2147,64.425,409.18617743,552.95013541,1,0,0.0,50.25,202.0
2148,64.455,409.19912595,552.95003472,1,0,0.0,50.25,202.0
2149,64.485,409.21404584,552.94993931,1,0,0.0,50.25,202.0
2150,64.515,409.23114668,552.94987349,1,0,0.0,50.25,202.0
2151,64.545,409.24961483,552.94983791,1,0,0.0,50.25,202.0
2152,64.575,409.268588,552.9498178,1,0,0.0,50.25,202.0
2153,64.605,409.28803793,552.94980822,1,0,0.0,50.25,202.0
2154,64.635,409.30796148,552.94979865,1,0,0.0,50.25,202.0
2155,64.665,409.32835865,552.94978908,1,0,0.0,50.25,202.0
2156,64.695,409.34922945,552.9497795,1,0,0.0,50.25,202.0
2157,64.725,409.37054396,552.94977447,1,0,0.0,50.25,202.0
2158,64.755,409.39179405,552.94978064,1,0,0.0,50.25,202.0
2159,64.785,409.41279704,552.94978681,1,0,0.0,50.25,202.0
2160,64.815,409.43366954,552.94978633,1,0,0.0,50.25,202.0
2161,64.845,409.45474488,552.94978853,1,0,0.0,50.25,202.0
2162,64.875,409.47603946,552.94979073,1,0,0.0,50.25,202.0
2163,64.905,409.49755365,552.94979293,1,0,0.0,50.25,202.0
2164,64.935,409.5192891,552.94979513,1,0,0.0,50.25,202.0
2165,64.965,409.54122756,552.94979765,1,0,0.0,50.25,202.0
2166,64.995,409.56326195,552.94980443,1,0,0.0,50.25,202.0
2167,65.025,409.58537141,552.9498112,1,0,0.0,50.25,202.0
2168,65.055,409.60755592,552.94981798,1,0,0.0,50.25,202.0
2169,65.085,409.62981624,552.94982475,1,0,0.0,50.25,202.0
2170,65.115,409.65215771,552.94983153,1,0,0.0,50.25,202.0
2171,65.145,409.67424018,552.9498147,1,0,0.0,50.25,202.0
2172,65.175,409.69446246,552.9497796,1,0,0.0,50.25,202.0
2173,65.205,409.71310344,552.9497554,1,0,0.0,50.25,202.0
2174,65.235,409.73173377,552.94973664,1,0,0.0,50.25,202.0
2175,65.265,409.75047433,552.94971788,1,0,0.0,50.25,202.0
2176,65.295,409.76932511,552.94969912,1,0,0.0,50.25,202.0
2177,65.325,409.78828612,552.94968036,1,0,0.0,50.25,202.0
2178,65.355,409.80735736,552.9496616,1,0,0.0,50.25,202.0
2179,65.385,409.82653882,552.94964284,1,0,0.0,50.25,202.0
2180,65.415,409.84583066,552.94962408,1,0,0.0,50.25,202.0
2181,65.445,409.86523318,552.94960532,1,0,0.0,50.25,202.0
2182,65.475,409.88476139,552.94960953,1,0,0.0,50.25,202.0
2183,65.505,409.90444771,552.94962242,1,0,0.0,50.25,202.0
2184,65.535,409.92429087,552.94963553,1,0,0.0,50.25,202.0
2185,65.565,409.94419417,552.9496533,1,0,0.0,50.25,202.0
2186,65.595,409.9640761,552.94967106,1,0,0.0,50.25,202.0
2187,65.625,409.98393665,552.94968882,1,0,0.0,50.25,202.0
2188,65.655,410.0037582,552.94973447,1,0,0.0,50.25,202.0
2189,65.685,410.02276487,552.94990911,1,0,0.0,50.25,202.0
2190,65.715,410.04049939,552.95008376,1,0,0.0,50.25,202.0
2191,65.745,410.05696229,552.9502584,1,0,0.0,50.25,202.0
2192,65.775,410.07215367,552.95043304,1,0,0.0,50.25,202.0
2193,65.805,410.08612357,552.95059391,1,0,0.0,50.25,202.0
2194,65.835,410.09925239,552.95072673,1,0,0.0,50.25,202.0
2195,65.865,410.1116225,552.95085956,1,0,0.0,50.25,202.0
2196,65.895,410.12323389,552.95099239,1,0,0.0,50.25,202.0
2197,65.925,410.13408657,552.95112522,1,0,0.0,50.25,202.0
2198,65.955,410.14416738,552.95122391,1,0,0.0,50.25,202.0
2199,65.985,410.15349573,552.95128084,1,0,0.0,50.25,202.0
2200,66.015,410.16249555,552.95128224,1,0,0.0,50.25,202.0
2201,66.045,410.17127472,552.95128364,1,0,0.0,50.25,202.0
2202,66.075,410.18020057,552.95135728,1,0,0.0,50.25,202.0
2203,66.105,410.18979502,552.95136904,1,0,0.0,50.25,202.0
2204,66.135,410.20007215,552.95136057,1,0,0.0,50.25,202.0
2205,66.165,410.21108393,552.95133534,1,0,0.0,50.25,202.0
2206,66.195,410.22284888,552.95130873,1,0,0.0,50.25,202.0
2207,66.225,410.2352713,552.95123006,1,0,0.0,50.25,202.0
2208,66.255,410.247773,552.95109907,1,0,0.0,50.25,202.0
2209,66.285,410.26007962,552.9510131,1,0,0.0,50.25,202.0
2210,66.315,410.2720141,552.95092712,1,0,0.0,50.25,202.0
2211,66.345,410.28357646,552.95084114,1,0,0.0,50.25,202.0
2212,66.375,410.29476668,552.95075516,1,0,0.0,50.25,202.0
2213,66.405,410.30558442,552.95066962,1,0,0.0,50.25,202.0
2214,66.435,410.31604935,552.95056736,1,0,0.0,50.25,202.0
2215,66.465,410.32645982,552.9504291,1,0,0.0,50.25,202.0
2216,66.495,410.33692055,552.95030535,1,0,0.0,50.25,202.0
2217,66.525,410.34746084,552.95018859,1,0,0.0,50.25,202.0
2218,66.555,410.35808207,552.95007183,1,0,0.0,50.25,202.0
2219,66.585,410.3687919,552.94995619,1,0,0.0,50.25,202.0
2220,66.615,410.37956093,552.94979011,1,0,0.0,50.25,202.0
2221,66.645,410.39012476,552.9495869,1,0,0.0,50.25,202.0
2222,66.675,410.40046245,552.94934304,1,0,0.0,50.25,202.0
2223,66.705,410.41058764,552.94916198,1,0,0.0,50.25,202.0
2224,66.735,410.42029231,552.94912564,1,0,0.0,50.25,202.0
2225,66.765,410.42979127,552.94916858,1,0,0.0,50.25,202.0
2226,66.795,410.43949577,552.94922393,1,0,0.0,50.25,202.0
2227,66.825,410.4494119,552.94927929,1,0,0.0,50.25,202.0
2228,66.855,410.45955487,552.94933251,1,0,0.0,50.25,202.0
2229,66.885,410.47007199,552.94938238,1,0,0.0,50.25,202.0
2230,66.915,410.48100173,552.94944807,1,0,0.0,50.25,202.0
2231,66.945,410.49227751,552.94948163,1,0,0.0,50.25,202.0
2232,66.975,410.50339062,552.94946252,1,0,0.0,50.25,202.0
2233,67.005,410.51426464,552.94944729,1,0,0.0,50.25,202.0
2234,67.035,410.52498262,552.94943423,1,0,0.0,50.25,202.0
2235,67.065,410.53555703,552.94942116,1,0,0.0,50.25,202.0
2236,67.095,410.54598798,552.9494081,1,0,0.0,50.25,202.0
2237,67.125,410.55641158,552.94930902,1,0,0.0,50.25,202.0
2238,67.155,410.56703489,552.94917735,1,0,0.0,50.25,202.0
2239,67.185,410.57782764,552.94902455,1,0,0.0,50.25,202.0
2240,67.215,410.58862845,552.94883281,1,0,0.0,50.25,202.0
2241,67.245,410.59939227,552.94864106,1,0,0.0,50.25,202.0
2242,67.275,410.61011909,552.94844931,1,0,0.0,50.25,202.0
2243,67.305,410.62080891,552.94825757,1,0,0.0,50.25,202.0
2244,67.335,410.63143975,552.948044,1,0,0.0,50.25,202.0
2245,67.365,410.64189996,552.94781207,1,0,0.0,50.25,202.0
2246,67.395,410.65217397,552.94758013,1,0,0.0,50.25,202.0
2247,67.425,410.66226177,552.9473482,1,0,0.0,50.25,202.0
2248,67.455,410.67216343,552.94711638,1,0,0.0,50.25,202.0
2249,67.485,410.68188348,552.94688602,1,0,0.0,50.25,202.0
2250,67.515,410.69142468,552.94665577,1,0,0.0,50.25,202.0
2251,67.545,410.7008979,552.94646402,1,0,0.0,50.25,202.0
2252,67.575,410.71040424,552.94627958,1,0,0.0,50.25,202.0
2253,67.605,410.7198195,552.94610129,1,0,0.0,50.25,202.0
2254,67.635,410.72910022,552.94592299,1,0,0.0,50.25,202.0
2255,67.665,410.73831468,552.94576167,1,0,0.0,50.25,202.0
2256,67.695,410.74753782,552.94560075,1,0,0.0,50.25,202.0
2257,67.725,410.75676968,552.94543984,1,0,0.0,50.25,202.0
2258,67.755,410.76601026,552.94527893,1,0,0.0,50.25,202.0
2259,67.785,410.77528136,552.94510908,1,0,0.0,50.25,202.0
2260,67.815,410.78464238,552.94493543,1,0,0.0,50.25,202.0
2261,67.845,410.79409829,552.94476387,1,0,0.0,50.25,202.0
2262,67.875,410.80364644,552.94459973,1,0,0.0,50.25,202.0
2263,67.905,410.81332878,552.94442131,1,0,0.0,50.25,202.0
2264,67.935,410.82310719,552.94420653,1,0,0.0,50.25,202.0
2265,67.965,410.8330556,552.94396897,1,0,0.0,50.25,202.0
2266,67.995,410.84328975,552.94360701,1,0,0.0,50.25,202.0
2267,68.025,410.85360091,552.94324306,1,0,0.0,50.25,202.0
2268,68.055,410.86398869,552.94287911,1,0,0.0,50.25,202.0
2269,68.085,410.87445337,552.94251515,1,0,0.0,50.25,202.0
2270,68.115,410.88495991,552.94209271,1,0,0.0,50.25,202.0
2271,68.145,410.89534539,552.94162548,1,0,0.0,50.25,202.0
2272,68.175,410.90560452,552.94116885,1,0,0.0,50.25,202.0
2273,68.205,410.91580892,552.94072971,1,0,0.0,50.25,202.0
2274,68.235,410.926265,552.94024937,1,0,0.0,50.25,202.0
2275,68.265,410.93721431,552.93976828,1,0,0.0,50.25,202.0
2276,68.295,410.94866038,552.93928593,1,0,0.0,50.25,202.0
2277,68.325,410.96061264,552.93880181,1,0,0.0,50.25,202.0
2278,68.355,410.97307323,552.93831768,1,0,0.0,50.25,202.0
2279,68.385,410.98604217,552.93783356,1,0,0.0,50.25,202.0
2280,68.415,410.99947253,552.93729719,1,0,0.0,50.25,202.0
2281,68.445,411.0130744,552.936707,1,0,0.0,50.25,202.0
2282,68.475,411.02684287,552.93613914,1,0,0.0,50.25,202.0
2283,68.505,411.0406993,552.93559986,1,0,0.0,50.25,202.0
2284,68.535,411.05446014,552.93506058,1,0,0.0,50.25,202.0
2285,68.565,411.06800355,552.93454757,1,0,0.0,50.25,202.0
2286,68.595,411.08116058,552.93403703,1,0,0.0,50.25,202.0
2287,68.625,411.09396005,552.93352357,1,0,0.0,50.25,202.0
2288,68.655,411.10680369,552.93300474,1,0,0.0,50.25,202.0
2289,68.685,411.1199126,552.93253034,1,0,0.0,50.25,202.0
2290,68.715,411.13348576,552.93208433,1,0,0.0,50.25,202.0
2291,68.745,411.1474428,552.93161609,1,0,0.0,50.25,202.0
2292,68.775,411.16218253,552.93097816,1,0,0.0,50.25,202.0
2293,68.805,411.17770323,552.93055741,1,0,0.0,50.25,202.0
2294,68.835,411.19376491,552.93014432,1,0,0.0,50.25,202.0
2295,68.865,411.21040407,552.92973123,1,0,0.0,50.25,202.0
2296,68.895,411.22762069,552.92931814,1,0,0.0,50.25,202.0
2297,68.925,411.24541479,552.92890505,1,0,0.0,50.25,202.0
2298,68.955,411.2637996,552.92849123,1,0,0.0,50.25,202.0
2299,68.985,411.28285789,552.9280484,1,0,0.0,50.25,202.0
2300,69.015,411.30269446,552.92760157,1,0,0.0,50.25,202.0
2301,69.045,411.32329481,552.92715547,1,0,0.0,50.25,202.0
2302,69.075,411.34427143,552.92684679,1,0,0.0,50.25,202.0
2303,69.105,411.36519979,552.92654196,1,0,0.0,50.25,202.0
2304,69.135,411.38594454,552.92623988,1,0,0.0,50.25,202.0
2305,69.165,411.40647298,552.92593779,1,0,0.0,50.25,202.0
2306,69.195,411.42678489,552.9256357,1,0,0.0,50.25,202.0
2307,69.225,411.4468905,552.92532933,1,0,0.0,50.25,202.0
2308,69.255,411.46680529,552.92502243,1,0,0.0,50.25,202.0
2309,69.285,411.48662984,552.92473078,1,0,0.0,50.25,202.0
2310,69.315,411.50654204,552.92443852,1,0,0.0,50.25,202.0
2311,69.345,411.52654284,552.92414625,1,0,0.0,50.25,202.0
2312,69.375,411.54665872,552.92387522,1,0,0.0,50.25,202.0
2313,69.405,411.56699571,552.92352611,1,0,0.0,50.25,202.0
2314,69.435,411.58754495,552.92318725,1,0,0.0,50.25,202.0
2315,69.465,411.60827863,552.92298378,1,0,0.0,50.25,202.0
2316,69.495,411.62814963,552.92275752,1,0,0.0,50.25,202.0
2317,69.525,411.64712766,552.92253126,1,0,0.0,50.25,202.0
2318,69.555,411.66523268,552.92248226,1,0,0.0,50.25,202.0
2319,69.585,411.68250513,552.92249537,1,0,0.0,50.25,202.0
2320,69.615,411.69893614,552.9225009,1,0,0.0,50.25,202.0
2321,69.645,411.71492222,552.92252204,1,0,0.0,50.25,202.0
2322,69.675,411.73116621,552.92267857,1,0,0.0,50.25,202.0
2323,69.705,411.74745625,552.92288204,1,0,0.0,50.25,202.0
2324,69.735,411.76372381,552.9230855,1,0,0.0,50.25,202.0
2325,69.765,411.77986799,552.92331589,1,0,0.0,50.25,202.0
2326,69.795,411.7955582,552.92355987,1,0,0.0,50.25,202.0
2327,69.825,411.81078861,552.9238018,1,0,0.0,50.25,202.0
2328,69.855,411.82588438,552.92403882,1,0,0.0,50.25,202.0
2329,69.885,411.84095978,552.92427583,1,0,0.0,50.25,202.0
2330,69.915,411.8560148,552.92451284,1,0,0.0,50.25,202.0
2331,69.945,411.87104945,552.92474985,1,0,0.0,50.25,202.0
2332,69.975,411.88613463,552.92503603,1,0,0.0,50.25,202.0
2333,70.005,411.90160234,552.92536922,1,0,0.0,50.25,202.0
2334,70.035,411.91704855,552.92569384,1,0,0.0,50.25,202.0
2335,70.065,411.93241656,552.92601845,1,0,0.0,50.25,202.0
2336,70.095,411.94770637,552.92634307,1,0,0.0,50.25,202.0
2337,70.125,411.96290178,552.92666986,1,0,0.0,50.25,202.0
2338,70.155,411.97785215,552.92700638,1,0,0.0,50.25,202.0
2339,70.185,411.99251094,552.92734289,1,0,0.0,50.25,202.0
2340,70.215,412.00684842,552.92767995,1,0,0.0,50.25,202.0
2341,70.245,412.02036219,552.92810995,1,0,0.0,50.25,202.0
2342,70.275,412.03287999,552.92853174,1,0,0.0,50.25,202.0
2343,70.305,412.04431635,552.92899392,1,0,0.0,50.25,202.0
2344,70.335,412.05540715,552.92955947,1,0,0.0,50.25,202.0
2345,70.365,412.06648129,552.93012502,1,0,0.0,50.25,202.0
2346,70.395,412.07753876,552.93068885,1,0,0.0,50.25,202.0
2347,70.425,412.08858121,552.93103155,1,0,0.0,50.25,202.0
2348,70.455,412.0996094,552.93133326,1,0,0.0,50.25,202.0
2349,70.485,412.11032642,552.93165389,1,0,0.0,50.25,202.0
2350,70.515,412.12063713,552.93199455,1,0,0.0,50.25,202.0
2351,70.545,412.13058896,552.93233521,1,0,0.0,50.25,202.0
2352,70.575,412.14018191,552.93267587,1,0,0.0,50.25,202.0
2353,70.605,412.14936029,552.93302325,1,0,0.0,50.25,202.0
2354,70.635,412.15787528,552.93337558,1,0,0.0,50.25,202.0
2355,70.665,412.16562258,552.9337151,1,0,0.0,50.25,202.0
2356,70.695,412.17230383,552.93404632,1,0,0.0,50.25,202.0
2357,70.725,412.17788776,552.93437754,1,0,0.0,50.25,202.0
2358,70.755,412.1824109,552.93471792,1,0,0.0,50.25,202.0
2359,70.785,412.18646345,552.93506509,1,0,0.0,50.25,202.0
2360,70.815,412.19052624,552.93540842,1,0,0.0,50.25,202.0
2361,70.845,412.19488758,552.93575967,1,0,0.0,50.25,202.0
2362,70.875,412.19961966,552.93606131,1,0,0.0,50.25,202.0
2363,70.905,412.20464338,552.93633671,1,0,0.0,50.25,202.0
2364,70.935,412.20971841,552.93661111,1,0,0.0,50.25,202.0
2365,70.965,412.21480955,552.93688275,1,0,0.0,50.25,202.0
2366,70.995,412.21947474,552.9371186,1,0,0.0,50.25,202.0
2367,71.025,412.2231881,552.93734333,1,0,0.0,50.25,202.0
2368,71.055,412.22592507,552.93756807,1,0,0.0,50.25,202.0
2369,71.085,412.22766829,552.9377767,1,0,0.0,50.25,202.0
2370,71.115,412.2284368,552.93798855,1,0,0.0,50.25,202.0
2371,71.145,412.22814303,552.93814933,1,0,0.0,50.25,202.0
2372,71.175,412.22662257,552.93823216,1,0,0.0,50.25,202.0
2373,71.205,412.22342284,552.9383237,1,0,0.0,50.25,202.0
2374,71.235,412.2191014,552.93841135,1,0,0.0,50.25,202.0
2375,71.265,412.21321533,552.9384788,1,0,0.0,50.25,202.0
2376,71.295,412.20566775,552.93853694,1,0,0.0,50.25,202.0
2377,71.325,412.19695843,552.93855611,1,0,0.0,50.25,202.0
2378,71.355,412.18716397,552.93852959,1,0,0.0,50.25,202.0
2379,71.385,412.17603285,552.93846145,1,0,0.0,50.25,202.0
2380,71.415,412.16337285,552.93839745,1,0,0.0,50.25,202.0
2381,71.445,412.14897989,552.93833685,1,0,0.0,50.25,202.0
2382,71.475,412.13310337,552.93828167,1,0,0.0,50.25,202.0
2383,71.505,412.11661549,552.93822987,1,0,0.0,50.25,202.0
2384,71.535,412.09960797,552.93817486,1,0,0.0,50.25,202.0
2385,71.565,412.08205344,552.93809812,1,0,0.0,50.25,202.0
2386,71.595,412.06456192,552.93803486,1,0,0.0,50.25,202.0
2387,71.625,412.04677807,552.93793264,1,0,0.0,50.25,202.0
2388,71.655,412.02842889,552.93781688,1,0,0.0,50.25,202.0
2389,71.685,412.00971644,552.93772677,1,0,0.0,50.25,202.0
2390,71.715,411.99105029,552.93764811,1,0,0.0,50.25,202.0
2391,71.745,411.97245392,552.93756945,1,0,0.0,50.25,202.0
2392,71.775,411.9539273,552.93749079,1,0,0.0,50.25,202.0
2393,71.805,411.93547067,552.93741352,1,0,0.0,50.25,202.0
2394,71.835,411.91732124,552.93738314,1,0,0.0,50.25,202.0
2395,71.865,411.89970972,552.93735374,1,0,0.0,50.25,202.0
2396,71.895,411.88263112,552.93732924,1,0,0.0,50.25,202.0
2397,71.925,411.86645934,552.9372502,1,0,0.0,50.25,202.0
2398,71.955,411.85142485,552.93712057,1,0,0.0,50.25,202.0
2399,71.985,411.83759579,552.93693893,1,0,0.0,50.25,202.0
2400,72.015,411.824691,552.93685294,1,0,0.0,50.25,202.0
2401,72.045,411.81253821,552.93676694,1,0,0.0,50.25,202.0
2402,72.075,411.80076074,552.9367612,1,0,0.0,50.25,202.0
2403,72.105,411.78845046,552.93670377,1,0,0.0,50.25,202.0
2404,72.135,411.77509941,552.93661995,1,0,0.0,50.25,202.0
2405,72.165,411.76138317,552.9365264,1,0,0.0,50.25,202.0
2406,72.195,411.74755122,552.93643285,1,0,0.0,50.25,202.0
2407,72.225,411.73360356,552.9363393,1,0,0.0,50.25,202.0
2408,72.255,411.71953812,552.93624619,1,0,0.0,50.25,202.0
2409,72.285,411.7053453,552.93616326,1,0,0.0,50.25,202.0
2410,72.315,411.69105513,552.93608542,1,0,0.0,50.25,202.0
2411,72.345,411.67671942,552.93599526,1,0,0.0,50.25,202.0
2412,72.375,411.66293716,552.93585467,1,0,0.0,50.25,202.0
2413,72.405,411.64996868,552.93570648,1,0,0.0,50.25,202.0
2414,72.435,411.63773014,552.9355848,1,0,0.0,50.25,202.0
2415,72.465,411.62571325,552.93549051,1,0,0.0,50.25,202.0
2416,72.495,411.61380866,552.93543813,1,0,0.0,50.25,202.0
2417,72.525,411.6021598,552.93540847,1,0,0.0,50.25,202.0
2418,72.555,411.59077932,552.93536561,1,0,0.0,50.25,202.0
2419,72.585,411.57936834,552.93530598,1,0,0.0,50.25,202.0
2420,72.615,411.56765591,552.93522405,1,0,0.0,50.25,202.0
2421,72.645,411.55503717,552.93513255,1,0,0.0,50.25,202.0
2422,72.675,411.54147093,552.93503236,1,0,0.0,50.25,202.0
2423,72.705,411.52702836,552.9347974,1,0,0.0,50.25,202.0
2424,72.735,411.51205245,552.93461532,1,0,0.0,50.25,202.0
2425,72.765,411.49662065,552.93442646,1,0,0.0,50.25,202.0
2426,72.795,411.48115488,552.93422492,1,0,0.0,50.25,202.0
2427,72.825,411.46566253,552.9339836,1,0,0.0,50.25,202.0
2428,72.855,411.45001471,552.93371775,1,0,0.0,50.25,202.0
2429,72.885,411.43427611,552.93345189,1,0,0.0,50.25,202.0
2430,72.915,411.41847853,552.93319555,1,0,0.0,50.25,202.0
2431,72.945,411.40284414,552.93295023,1,0,0.0,50.25,202.0
2432,72.975,411.38741573,552.93270491,1,0,0.0,50.25,202.0
2433,73.005,411.38557462,552.9285354,1,0,0.0,50.25,202.0
2434,73.035,411.38645862,552.92837126,1,0,0.0,50.25,202.0
2435,73.065,411.38931877,552.92820989,1,0,0.0,50.25,202.0
2436,73.095,411.39415508,552.92804852,1,0,0.0,50.25,202.0
2437,73.125,411.40096798,552.92789674,1,0,0.0,50.25,202.0
2438,73.155,411.4097773,552.92775745,1,0,0.0,50.25,202.0
2439,73.185,411.42060103,552.92765722,1,0,0.0,50.25,202.0
2440,73.215,411.43361929,552.92759407,1,0,0.0,50.25,202.0
2441,73.245,411.4489356,552.92753413,1,0,0.0,50.25,202.0
2442,73.275,411.46616531,552.92740392,1,0,0.0,50.25,202.0
2443,73.305,411.48376768,552.92722639,1,0,0.0,50.25,202.0
2444,73.335,411.50133877,552.92710425,1,0,0.0,50.25,202.0
2445,73.365,411.51859546,552.92698762,1,0,0.0,50.25,202.0
2446,73.395,411.53519342,552.92702722,1,0,0.0,50.25,202.0
2447,73.425,411.55081783,552.92706683,1,0,0.0,50.25,202.0
2448,73.455,411.56550175,552.92709761,1,0,0.0,50.25,202.0
2449,73.485,411.5792838,552.92712803,1,0,0.0,50.25,202.0
2450,73.515,411.59234528,552.92713796,1,0,0.0,50.25,202.0
2451,73.545,411.60488752,552.9271152,1,0,0.0,50.25,202.0
2452,73.575,411.61744799,552.92716385,1,0,0.0,50.25,202.0
2453,73.605,411.63105369,552.9272374,1,0,0.0,50.25,202.0
2454,73.635,411.64547323,552.9272986,1,0,0.0,50.25,202.0
2455,73.665,411.66063397,552.92735582,1,0,0.0,50.25,202.0
2456,73.695,411.67643205,552.92739928,1,0,0.0,50.25,202.0
2457,73.725,411.69262871,552.92740926,1,0,0.0,50.25,202.0
2458,73.755,411.70920511,552.92739527,1,0,0.0,50.25,202.0
2459,73.785,411.72656026,552.92735216,1,0,0.0,50.25,202.0
2460,73.815,411.74502022,552.92724897,1,0,0.0,50.25,202.0
2461,73.845,411.76398564,552.9269657,1,0,0.0,50.25,202.0
2462,73.875,411.78453608,552.92665641,1,0,0.0,50.25,202.0
2463,73.905,411.80664496,552.92635965,1,0,0.0,50.25,202.0
2464,73.935,411.83021713,552.92609508,1,0,0.0,50.25,202.0
2465,73.965,411.85525766,552.92583516,1,0,0.0,50.25,202.0
2466,73.995,411.88154545,552.92559465,1,0,0.0,50.25,202.0
2467,74.025,411.90841858,552.92536281,1,0,0.0,50.25,202.0
2468,74.055,411.93582147,552.92513096,1,0,0.0,50.25,202.0
2469,74.085,411.96375595,552.92489911,1,0,0.0,50.25,202.0
2470,74.115,411.98747625,552.52132666,1,0,0.0,50.25,202.0
2471,74.145,412.00392562,552.52118688,1,0,0.0,50.25,202.0
2472,74.175,412.01922349,552.5210471,1,0,0.0,50.25,202.0
2473,74.205,412.03326493,552.52092978,1,0,0.0,50.25,202.0
2474,74.235,412.04599949,552.52082481,1,0,0.0,50.25,202.0
2475,74.265,412.05733903,552.52073378,1,0,0.0,50.25,202.0
2476,74.295,412.06732114,552.52059001,1,0,0.0,50.25,202.0
2477,74.325,412.07599955,552.52044625,1,0,0.0,50.25,202.0
2478,74.355,412.08337425,552.52030248,1,0,0.0,50.25,202.0
2479,74.385,412.08937594,552.52012413,1,0,0.0,50.25,202.0
2480,74.415,412.09401703,552.52002461,1,0,0.0,50.25,202.0
2481,74.445,412.09744344,552.51993114,1,0,0.0,50.25,202.0
2482,74.475,412.10030157,552.51981681,1,0,0.0,50.25,202.0
2483,74.505,412.10304981,552.51973173,1,0,0.0,50.25,202.0
2484,74.535,412.10569734,552.51964665,1,0,0.0,50.25,202.0
2485,74.565,412.10842576,552.51953302,1,0,0.0,50.25,202.0
2486,74.595,412.11145342,552.51941796,1,0,0.0,50.25,202.0
2487,74.625,412.11478354,552.51930907,1,0,0.0,50.25,202.0
2488,74.655,412.11845763,552.51921393,1,0,0.0,50.25,202.0
2489,74.685,412.12309975,552.51921516,1,0,0.0,50.25,202.0
2490,74.715,412.12964613,552.51922885,1,0,0.0,50.25,202.0
2491,74.745,412.13810697,552.51924254,1,0,0.0,50.25,202.0
2492,74.775,412.14848227,552.51925623,1,0,0.0,50.25,202.0
2493,74.805,412.16077114,552.51926768,1,0,0.0,50.25,202.0
2494,74.835,412.17421779,552.51923299,1,0,0.0,50.25,202.0
2495,74.865,412.18837502,552.51920776,1,0,0.0,50.25,202.0
2496,74.895,412.20325271,552.51918263,1,0,0.0,50.25,202.0
2497,74.925,412.21863705,552.51910625,1,0,0.0,50.25,202.0
2498,74.955,412.23419411,552.51903285,1,0,0.0,50.25,202.0
2499,74.985,412.24934215,552.51900387,1,0,0.0,50.25,202.0
2500,75.015,412.26430784,552.51912627,1,0,0.0,50.25,202.0
2501,75.045,412.27925554,552.51932204,1,0,0.0,50.25,202.0
2502,75.075,412.29425609,552.51951781,1,0,0.0,50.25,202.0
2503,75.105,412.3093134,552.51973739,1,0,0.0,50.25,202.0
2504,75.135,412.3245355,552.52001848,1,0,0.0,50.25,202.0
2505,75.165,412.33985687,552.52024223,1,0,0.0,50.25,202.0
2506,75.195,412.35503507,552.52046928,1,0,0.0,50.25,202.0
2507,75.225,412.37006255,552.52069633,1,0,0.0,50.25,202.0
2508,75.255,412.3849393,552.52092338,1,0,0.0,50.25,202.0
2509,75.285,412.39968148,552.52117252,1,0,0.0,50.25,202.0
2510,75.315,412.41414213,552.52134243,1,0,0.0,50.25,202.0
2511,75.345,412.42827131,552.52151233,1,0,0.0,50.25,202.0
2512,75.375,412.44206895,552.52168223,1,0,0.0,50.25,202.0
2513,75.405,412.45556381,552.52188396,1,0,0.0,50.25,202.0
2514,75.435,412.46913241,552.52219324,1,0,0.0,50.25,202.0
2515,75.465,412.48252832,552.52250056,1,0,0.0,50.25,202.0
2516,75.495,412.4956092,552.522773,1,0,0.0,50.25,202.0
2517,75.525,412.50833306,552.5230436,1,0,0.0,50.25,202.0
2518,75.555,412.52071331,552.5233026,1,0,0.0,50.25,202.0
2519,75.585,412.53302817,552.52353019,1,0,0.0,50.25,202.0
2520,75.615,412.54535743,552.52376074,1,0,0.0,50.25,202.0
2521,75.645,412.55771059,552.52400438,1,0,0.0,50.25,202.0
2522,75.675,412.57012585,552.5242496,1,0,0.0,50.25,202.0
2523,75.705,412.58273112,552.52448767,1,0,0.0,50.25,202.0
2524,75.735,412.5959475,552.5247088,1,0,0.0,50.25,202.0
2525,75.765,412.60983308,552.52492994,1,0,0.0,50.25,202.0
2526,75.795,412.62438503,552.52514848,1,0,0.0,50.25,202.0
2527,75.825,412.63914724,552.52535577,1,0,0.0,50.25,202.0
2528,75.855,412.65374439,552.52558903,1,0,0.0,50.25,202.0
2529,75.885,412.668164,552.52582229,1,0,0.0,50.25,202.0
2530,75.915,412.68243902,552.52605717,1,0,0.0,50.25,202.0
2531,75.945,412.69712462,552.526296,1,0,0.0,50.25,202.0
2532,75.975,412.71227604,552.5264881,1,0,0.0,50.25,202.0
2533,76.005,412.72722116,552.52663644,1,0,0.0,50.25,202.0
2534,76.035,412.74170711,552.52682597,1,0,0.0,50.25,202.0
2535,76.065,412.75531004,552.52702715,1,0,0.0,50.25,202.0
2536,76.095,412.7680431,552.52721173,1,0,0.0,50.25,202.0
2537,76.125,412.78015508,552.52738175,1,0,0.0,50.25,202.0
2538,76.155,412.79191468,552.52754257,1,0,0.0,50.25,202.0
2539,76.185,412.80344704,552.52770917,1,0,0.0,50.25,202.0
2540,76.215,412.81475308,552.52787323,1,0,0.0,50.25,202.0
2541,76.245,412.82610197,552.52803573,1,0,0.0,50.25,202.0
2542,76.275,412.83751836,552.52819895,1,0,0.0,50.25,202.0
2543,76.305,412.84879081,552.52836758,1,0,0.0,50.25,202.0
2544,76.335,412.85962458,552.52852592,1,0,0.0,50.25,202.0
2545,76.365,412.87021928,552.5287277,1,0,0.0,50.25,202.0
2546,76.395,412.88059413,552.52892948,1,0,0.0,50.25,202.0
2547,76.425,412.89075532,552.52913126,1,0,0.0,50.25,202.0
2548,76.455,412.90083319,552.52931644,1,0,0.0,50.25,202.0
2549,76.485,412.91109755,552.52949712,1,0,0.0,50.25,202.0
2550,76.515,412.92168491,552.52968732,1,0,0.0,50.25,202.0
2551,76.545,412.93283968,552.52984947,1,0,0.0,50.25,202.0
2552,76.575,412.9438267,552.52994224,1,0,0.0,50.25,202.0
2553,76.605,412.9543989,552.53003229,1,0,0.0,50.25,202.0
2554,76.635,412.96453291,552.53011486,1,0,0.0,50.25,202.0
2555,76.665,412.97419097,552.53019744,1,0,0.0,50.25,202.0
2556,76.695,412.98337343,552.53027359,1,0,0.0,50.25,202.0
2557,76.725,412.99208552,552.53033545,1,0,0.0,50.25,202.0
2558,76.755,413.00069128,552.53041292,1,0,0.0,50.25,202.0
2559,76.785,413.00979142,552.53044518,1,0,0.0,50.25,202.0
2560,76.815,413.01836757,552.53044708,1,0,0.0,50.25,202.0
2561,76.845,413.02637188,552.53034395,1,0,0.0,50.25,202.0
2562,76.875,413.03379593,552.53011872,1,0,0.0,50.25,202.0
2563,76.905,413.04118864,552.52989019,1,0,0.0,50.25,202.0
2564,76.935,413.04886264,552.5296625,1,0,0.0,50.25,202.0
2565,76.965,413.0568733,552.52941218,1,0,0.0,50.25,202.0
2566,76.995,413.06591486,552.52912701,1,0,0.0,50.25,202.0
2567,77.025,413.07614306,552.52884037,1,0,0.0,50.25,202.0
2568,77.055,413.08755769,552.52855375,1,0,0.0,50.25,202.0
2569,77.085,413.09981368,552.52832775,1,0,0.0,50.25,202.0
2570,77.115,413.11211332,552.5281358,1,0,0.0,50.25,202.0
2571,77.145,413.12439883,552.52794537,1,0,0.0,50.25,202.0
2572,77.175,413.13666349,552.52775558,1,0,0.0,50.25,202.0
2573,77.205,413.14889598,552.52757999,1,0,0.0,50.25,202.0
2574,77.235,413.16108534,552.5274044,1,0,0.0,50.25,202.0
2575,77.265,413.1732314,552.52722881,1,0,0.0,50.25,202.0
2576,77.295,413.18533415,552.52705322,1,0,0.0,50.25,202.0
2577,77.325,413.19739359,552.52687763,1,0,0.0,50.25,202.0
2578,77.355,413.20940973,552.52670204,1,0,0.0,50.25,202.0
2579,77.385,413.22138257,552.52652646,1,0,0.0,50.25,202.0
2580,77.415,413.23331517,552.52636808,1,0,0.0,50.25,202.0
2581,77.445,413.24531009,552.5262766,1,0,0.0,50.25,202.0
2582,77.475,413.25741861,552.52618205,1,0,0.0,50.25,202.0
2583,77.505,413.26971222,552.52611571,1,0,0.0,50.25,202.0
2584,77.535,413.28224913,552.52607695,1,0,0.0,50.25,202.0
2585,77.565,413.29522142,552.52610114,1,0,0.0,50.25,202.0
2586,77.595,413.30895103,552.52615458,1,0,0.0,50.25,202.0
2587,77.625,413.32346819,552.52620842,1,0,0.0,50.25,202.0
2588,77.655,413.3389085,552.52627109,1,0,0.0,50.25,202.0
2589,77.685,413.3552813,552.52641184,1,0,0.0,50.25,202.0
2590,77.715,413.3725435,552.52655259,1,0,0.0,50.25,202.0
2591,77.745,413.39063449,552.52672548,1,0,0.0,50.25,202.0
2592,77.775,413.40944483,552.52690455,1,0,0.0,50.25,202.0
2593,77.805,413.42897225,552.52708358,1,0,0.0,50.25,202.0
2594,77.835,413.44906143,552.52727125,1,0,0.0,50.25,202.0
2595,77.865,413.46938833,552.52746833,1,0,0.0,50.25,202.0
2596,77.895,413.48993844,552.52765958,1,0,0.0,50.25,202.0
2597,77.925,413.51079778,552.52781617,1,0,0.0,50.25,202.0
2598,77.955,413.53222184,552.52784484,1,0,0.0,50.25,202.0
2599,77.985,413.55437681,552.5278734,1,0,0.0,50.25,202.0
2600,78.015,413.57717849,552.52790168,1,0,0.0,50.25,202.0
2601,78.045,413.6005631,552.5279299,1,0,0.0,50.25,202.0
2602,78.075,413.62452297,552.52795811,1,0,0.0,50.25,202.0
2603,78.105,413.64902557,552.52797239,1,0,0.0,50.25,202.0
2604,78.135,413.67374625,552.52794826,1,0,0.0,50.25,202.0
2605,78.165,413.69787969,552.52790475,1,0,0.0,50.25,202.0
2606,78.195,413.72072947,552.52786221,1,0,0.0,50.25,202.0
2607,78.225,413.74228661,552.52782347,1,0,0.0,50.25,202.0
2608,78.255,413.76261636,552.52782495,1,0,0.0,50.25,202.0
2609,78.285,413.78181006,552.52780744,1,0,0.0,50.25,202.0
2610,78.315,413.80068305,552.52774223,1,0,0.0,50.25,202.0
2611,78.345,413.81960464,552.52767493,1,0,0.0,50.25,202.0
2612,78.375,413.83862364,552.52760647,1,0,0.0,50.25,202.0
2613,78.405,413.85773106,552.5275158,1,0,0.0,50.25,202.0
2614,78.435,413.87680156,552.52745895,1,0,0.0,50.25,202.0
2615,78.465,413.89549467,552.52744716,1,0,0.0,50.25,202.0
2616,78.495,413.91344986,552.5274428,1,0,0.0,50.25,202.0
2617,78.525,413.9304376,552.52743845,1,0,0.0,50.25,202.0
2618,78.555,413.94645528,552.52743409,1,0,0.0,50.25,202.0
2619,78.585,413.96150271,552.52742974,1,0,0.0,50.25,202.0
2620,78.615,413.9755987,552.52743,1,0,0.0,50.25,202.0
2621,78.645,413.988701,552.52747046,1,0,0.0,50.25,202.0
2622,78.675,414.00061536,552.52752114,1,0,0.0,50.25,202.0
2623,78.705,414.01146523,552.52748369,1,0,0.0,50.25,202.0
2624,78.735,414.02146979,552.52743567,1,0,0.0,50.25,202.0
2625,78.765,414.03063099,552.52738765,1,0,0.0,50.25,202.0
2626,78.795,414.03888353,552.52736174,1,0,0.0,50.25,202.0
2627,78.825,414.0461473,552.52733707,1,0,0.0,50.25,202.0
2628,78.855,414.05242208,552.5273124,1,0,0.0,50.25,202.0
2629,78.885,414.05770789,552.52728773,1,0,0.0,50.25,202.0
2630,78.915,414.06200499,552.52726625,1,0,0.0,50.25,202.0
2631,78.945,414.06544777,552.52729303,1,0,0.0,50.25,202.0
2632,78.975,414.06825821,552.52732475,1,0,0.0,50.25,202.0
2633,79.005,414.07044498,552.52735649,1,0,0.0,50.25,202.0
2634,79.035,414.07200054,552.52740849,1,0,0.0,50.25,202.0
2635,79.065,414.07275081,552.52751582,1,0,0.0,50.25,202.0
2636,79.095,414.07303364,552.52761077,1,0,0.0,50.25,202.0
2637,79.125,414.07387189,552.52770197,1,0,0.0,50.25,202.0
2638,79.155,414.07541988,552.52782112,1,0,0.0,50.25,202.0
2639,79.185,414.07788022,552.52792164,1,0,0.0,50.25,202.0
2640,79.215,414.08117975,552.52802697,1,0,0.0,50.25,202.0
2641,79.245,414.08513491,552.52814389,1,0,0.0,50.25,202.0
2642,79.275,414.08969644,552.52826775,1,0,0.0,50.25,202.0
2643,79.305,414.0948377,552.52838935,1,0,0.0,50.25,202.0
2644,79.335,414.10039179,552.52852881,1,0,0.0,50.25,202.0
2645,79.365,414.10628398,552.52867181,1,0,0.0,50.25,202.0
2646,79.395,414.11297266,552.52880862,1,0,0.0,50.25,202.0
2647,79.425,414.12045867,552.52894614,1,0,0.0,50.25,202.0
2648,79.455,414.12786586,552.52911333,1,0,0.0,50.25,202.0
2649,79.485,414.13436137,552.52926877,1,0,0.0,50.25,202.0
2650,79.515,414.13974801,552.52940503,1,0,0.0,50.25,202.0
2651,79.545,414.14407892,552.52952439,1,0,0.0,50.25,202.0
2652,79.575,414.14813335,552.52970465,1,0,0.0,50.25,202.0
2653,79.605,414.15287922,552.52989197,1,0,0.0,50.25,202.0
2654,79.635,414.15832362,552.53007939,1,0,0.0,50.25,202.0
2655,79.665,414.16446918,552.53027477,1,0,0.0,50.25,202.0
2656,79.695,414.17133601,552.53047525,1,0,0.0,50.25,202.0
2657,79.725,414.17892988,552.530675,1,0,0.0,50.25,202.0
2658,79.755,414.18726747,552.53087421,1,0,0.0,50.25,202.0
2659,79.785,414.19635081,552.53107343,1,0,0.0,50.25,202.0
2660,79.815,414.2061799,552.53127264,1,0,0.0,50.25,202.0
2661,79.845,414.21675474,552.53147186,1,0,0.0,50.25,202.0
2662,79.875,414.22804297,552.53163074,1,0,0.0,50.25,202.0
2663,79.905,414.23947642,552.53169922,1,0,0.0,50.25,202.0
2664,79.935,414.2508778,552.53171594,1,0,0.0,50.25,202.0
2665,79.965,414.26235766,552.5317693,1,0,0.0,50.25,202.0
2666,79.995,414.2739749,552.53186421,1,0,0.0,50.25,202.0
2667,80.025,414.2857437,552.53196064,1,0,0.0,50.25,202.0
2668,80.055,414.29764956,552.53205707,1,0,0.0,50.25,202.0
2669,80.085,414.30967992,552.5321535,1,0,0.0,50.25,202.0
2670,80.115,414.32179029,552.53225386,1,0,0.0,50.25,202.0
2671,80.145,414.33414021,552.53242909,1,0,0.0,50.25,202.0
2672,80.175,414.34737666,552.53263736,1,0,0.0,50.25,202.0
2673,80.205,414.36163461,552.53287463,1,0,0.0,50.25,202.0
2674,80.235,414.37684751,552.5331159,1,0,0.0,50.25,202.0
2675,80.265,414.39301426,552.53335717,1,0,0.0,50.25,202.0
2676,80.295,414.41013485,552.53359844,1,0,0.0,50.25,202.0
2677,80.325,414.42820928,552.53383972,1,0,0.0,50.25,202.0
2678,80.355,414.44717074,552.53398924,1,0,0.0,50.25,202.0
2679,80.385,414.46652249,552.53402403,1,0,0.0,50.25,202.0
2680,80.415,414.48618656,552.53406231,1,0,0.0,50.25,202.0
2681,80.445,414.50623833,552.53410868,1,0,0.0,50.25,202.0
2682,80.475,414.52670145,552.53415564,1,0,0.0,50.25,202.0
2683,80.505,414.54737033,552.53423788,1,0,0.0,50.25,202.0
2684,80.535,414.56798185,552.53432838,1,0,0.0,50.25,202.0
2685,80.565,414.58851704,552.53441702,1,0,0.0,50.25,202.0
2686,80.595,414.60885864,552.53447462,1,0,0.0,50.25,202.0
2687,80.625,414.62894419,552.53453269,1,0,0.0,50.25,202.0
2688,80.655,414.6487207,552.53458762,1,0,0.0,50.25,202.0
2689,80.685,414.6679441,552.53459318,1,0,0.0,50.25,202.0
2690,80.715,414.68643489,552.53459874,1,0,0.0,50.25,202.0
2691,80.745,414.70419307,552.5346043,1,0,0.0,50.25,202.0
2692,80.775,414.72121887,552.53459789,1,0,0.0,50.25,202.0
2693,80.805,414.73751753,552.53456232,1,0,0.0,50.25,202.0
2694,80.835,414.75314289,552.53453869,1,0,0.0,50.25,202.0
2695,80.865,414.76836414,552.53454243,1,0,0.0,50.25,202.0
2696,80.895,414.78327741,552.53452602,1,0,0.0,50.25,202.0
2697,80.925,414.79817826,552.53447831,1,0,0.0,50.25,202.0
2698,80.955,414.8131356,552.53442642,1,0,0.0,50.25,202.0
2699,80.985,414.82808532,552.53437299,1,0,0.0,50.25,202.0
2700,81.015,414.84300895,552.53429581,1,0,0.0,50.25,202.0
2701,81.045,414.85792693,552.53410268,1,0,0.0,50.25,202.0
2702,81.075,414.87284492,552.53390954,1,0,0.0,50.25,202.0
2703,81.105,414.88773459,552.53375145,1,0,0.0,50.25,202.0
2704,81.135,414.9025092,552.53358697,1,0,0.0,50.25,202.0
2705,81.165,414.91711878,552.53344151,1,0,0.0,50.25,202.0
2706,81.195,414.93152763,552.53328845,1,0,0.0,50.25,202.0
2707,81.225,414.94574326,552.53316343,1,0,0.0,50.25,202.0
2708,81.255,414.95976705,552.53303842,1,0,0.0,50.25,202.0
2709,81.285,414.97360105,552.53291258,1,0,0.0,50.25,202.0
2710,81.315,414.98715847,552.53270975,1,0,0.0,50.25,202.0
2711,81.345,415.0002777,552.53249704,1,0,0.0,50.25,202.0
2712,81.375,415.01295924,552.53228433,1,0,0.0,50.25,202.0
2713,81.405,415.02520636,552.53207964,1,0,0.0,50.25,202.0
2714,81.435,415.03717715,552.53192246,1,0,0.0,50.25,202.0
2715,81.465,415.04934297,552.53179324,1,0,0.0,50.25,202.0
2716,81.495,415.06183461,552.53166425,1,0,0.0,50.25,202.0
2717,81.525,415.07467136,552.53153841,1,0,0.0,50.25,202.0
2718,81.555,415.0878334,552.53141328,1,0,0.0,50.25,202.0
2719,81.585,415.10111123,552.5312894,1,0,0.0,50.25,202.0
2720,81.615,415.11445191,552.53116702,1,0,0.0,50.25,202.0
2721,81.645,415.12793162,552.53105366,1,0,0.0,50.25,202.0
2722,81.675,415.14064539,552.53100332,1,0,0.0,50.25,202.0
2723,81.705,415.15220048,552.53097789,1,0,0.0,50.25,202.0
2724,81.735,415.16256071,552.53095247,1,0,0.0,50.25,202.0
2725,81.765,415.1717261,552.53092705,1,0,0.0,50.25,202.0
2726,81.795,415.17969665,552.53090163,1,0,0.0,50.25,202.0
2727,81.825,415.18647717,552.53088252,1,0,0.0,50.25,202.0
2728,81.855,415.19220935,552.53088667,1,0,0.0,50.25,202.0
2729,81.885,415.19695876,552.53089082,1,0,0.0,50.25,202.0
2730,81.915,415.2007254,552.53089498,1,0,0.0,50.25,202.0
2731,81.945,415.20352608,552.53093859,1,0,0.0,50.25,202.0
2732,81.975,415.20544786,552.53100682,1,0,0.0,50.25,202.0
2733,82.005,415.20648931,552.53110395,1,0,0.0,50.25,202.0
2734,82.035,415.20663402,552.53120107,1,0,0.0,50.25,202.0
2735,82.065,415.20620415,552.53140177,1,0,0.0,50.25,202.0
2736,82.095,415.20564217,552.53162415,1,0,0.0,50.25,202.0
2737,82.125,415.20495177,552.53184652,1,0,0.0,50.25,202.0
2738,82.155,415.20351968,552.53209067,1,0,0.0,50.25,202.0
2739,82.185,415.20107052,552.53233668,1,0,0.0,50.25,202.0
2740,82.215,415.19799285,552.53258268,1,0,0.0,50.25,202.0
2741,82.245,415.19428532,552.53282868,1,0,0.0,50.25,202.0
2742,82.275,415.18994793,552.53307468,1,0,0.0,50.25,202.0
2743,82.305,415.18485989,552.53330147,1,0,0.0,50.25,202.0
2744,82.335,415.17946372,552.53349164,1,0,0.0,50.25,202.0
2745,82.365,415.17379153,552.53373118,1,0,0.0,50.25,202.0
2746,82.395,415.16754606,552.53402913,1,0,0.0,50.25,202.0
2747,82.425,415.15996793,552.53434028,1,0,0.0,50.25,202.0
2748,82.455,415.15068269,552.53470357,1,0,0.0,50.25,202.0
2749,82.485,415.1391918,552.53507527,1,0,0.0,50.25,202.0
2750,82.515,415.12536596,552.53541542,1,0,0.0,50.25,202.0
2751,82.545,415.10953231,552.53575409,1,0,0.0,50.25,202.0
2752,82.575,415.0934987,552.53611951,1,0,0.0,50.25,202.0
2753,82.605,415.07851547,552.53649448,1,0,0.0,50.25,202.0
2754,82.635,415.06460132,552.53687583,1,0,0.0,50.25,202.0
2755,82.665,415.05167631,552.53728105,1,0,0.0,50.25,202.0
2756,82.695,415.03974575,552.53768627,1,0,0.0,50.25,202.0
2757,82.725,415.02881384,552.53809365,1,0,0.0,50.25,202.0
2758,82.755,415.018981,552.53850024,1,0,0.0,50.25,202.0
2759,82.785,415.01025512,552.5389054,1,0,0.0,50.25,202.0
2760,82.815,415.00263535,552.53931056,1,0,0.0,50.25,202.0
2761,82.845,414.99612169,552.53971572,1,0,0.0,50.25,202.0
2762,82.875,414.99070198,552.54012863,1,0,0.0,50.25,202.0
2763,82.905,414.98609183,552.54057256,1,0,0.0,50.25,202.0
2764,82.935,414.98224497,552.54102491,1,0,0.0,50.25,202.0
2765,82.965,414.97927446,552.54151114,1,0,0.0,50.25,202.0
2766,82.995,414.97731897,552.5420189,1,0,0.0,50.25,202.0
2767,83.025,414.97642403,552.5425231,1,0,0.0,50.25,202.0
2768,83.055,414.97660134,552.54303261,1,0,0.0,50.25,202.0
2769,83.085,414.97787557,552.54354907,1,0,0.0,50.25,202.0
2770,83.115,414.98024596,552.54407527,1,0,0.0,50.25,202.0
2771,83.145,414.98369485,552.54460561,1,0,0.0,50.25,202.0
2772,83.175,414.98799365,552.54506371,1,0,0.0,50.25,202.0
2773,83.205,414.9925918,552.54549809,1,0,0.0,50.25,202.0
2774,83.235,414.9974648,552.54593247,1,0,0.0,50.25,202.0
2775,83.265,415.00261271,552.54635879,1,0,0.0,50.25,202.0
2776,83.295,415.00803793,552.54675359,1,0,0.0,50.25,202.0
2777,83.325,415.0137416,552.54714839,1,0,0.0,50.25,202.0
2778,83.355,415.01972373,552.54754319,1,0,0.0,50.25,202.0
2779,83.385,415.0259843,552.54793799,1,0,0.0,50.25,202.0
2780,83.415,415.03252332,552.54833276,1,0,0.0,50.25,202.0
2781,83.445,415.03936478,552.54873605,1,0,0.0,50.25,202.0
2782,83.475,415.04657066,552.54914072,1,0,0.0,50.25,202.0
2783,83.505,415.05418592,552.54954536,1,0,0.0,50.25,202.0
2784,83.535,415.06219676,552.54994996,1,0,0.0,50.25,202.0
2785,83.565,415.07055957,552.55035208,1,0,0.0,50.25,202.0
2786,83.595,415.07946412,552.55077326,1,0,0.0,50.25,202.0
2787,83.625,415.08897855,552.55117012,1,0,0.0,50.25,202.0
2788,83.655,415.09899242,552.55156232,1,0,0.0,50.25,202.0
2789,83.685,415.10949467,552.55196839,1,0,0.0,50.25,202.0
2790,83.715,415.12041913,552.55237027,1,0,0.0,50.25,202.0
2791,83.745,415.13167397,552.552698,1,0,0.0,50.25,202.0
2792,83.775,415.14316334,552.55303138,1,0,0.0,50.25,202.0
2793,83.805,415.15488322,552.55336187,1,0,0.0,50.25,202.0
2794,83.835,415.16677566,552.55356492,1,0,0.0,50.25,202.0
2795,83.865,415.17809195,552.55376147,1,0,0.0,50.25,202.0
2796,83.895,415.18912548,552.55396937,1,0,0.0,50.25,202.0
2797,83.925,415.20033976,552.55420228,1,0,0.0,50.25,202.0
2798,83.955,415.21173225,552.55443604,1,0,0.0,50.25,202.0
2799,83.985,415.2232528,552.55467055,1,0,0.0,50.25,202.0
2800,84.015,415.23497145,552.55490507,1,0,0.0,50.25,202.0
2801,84.045,415.24688293,552.5551396,1,0,0.0,50.25,202.0
2802,84.075,415.25900048,552.55537416,1,0,0.0,50.25,202.0
2803,84.105,415.27133124,552.55560872,1,0,0.0,50.25,202.0
2804,84.135,415.28387523,552.55584328,1,0,0.0,50.25,202.0
2805,84.165,415.29645699,552.55605456,1,0,0.0,50.25,202.0
2806,84.195,415.30824729,552.55623299,1,0,0.0,50.25,202.0
2807,84.225,415.31929227,552.5563537,1,0,0.0,50.25,202.0
2808,84.255,415.33029093,552.5564122,1,0,0.0,50.25,202.0
2809,84.285,415.34134084,552.55647069,1,0,0.0,50.25,202.0
2810,84.315,415.35244282,552.55652814,1,0,0.0,50.25,202.0
2811,84.345,415.36395688,552.55655362,1,0,0.0,50.25,202.0
2812,84.375,415.37625623,552.55657722,1,0,0.0,50.25,202.0
2813,84.405,415.38950812,552.55659904,1,0,0.0,50.25,202.0
2814,84.435,415.4038333,552.55659503,1,0,0.0,50.25,202.0
2815,84.465,415.41921095,552.55660359,1,0,0.0,50.25,202.0
2816,84.495,415.43579799,552.5566061,1,0,0.0,50.25,202.0
2817,84.525,415.45323526,552.55663507,1,0,0.0,50.25,202.0
2818,84.555,415.47054374,552.55670515,1,0,0.0,50.25,202.0
2819,84.585,415.4877585,552.5567695,1,0,0.0,50.25,202.0
2820,84.615,415.50547814,552.55679211,1,0,0.0,50.25,202.0
2821,84.645,415.52366118,552.55680326,1,0,0.0,50.25,202.0
2822,84.675,415.54249372,552.55686597,1,0,0.0,50.25,202.0
2823,84.705,415.56198459,552.55691525,1,0,0.0,50.25,202.0
2824,84.735,415.58222988,552.55692694,1,0,0.0,50.25,202.0
2825,84.765,415.60325924,552.55676313,1,0,0.0,50.25,202.0
2826,84.795,415.62501623,552.55655161,1,0,0.0,50.25,202.0
2827,84.825,415.64794336,552.55628415,1,0,0.0,50.25,202.0
2828,84.855,415.67168019,552.55578507,1,0,0.0,50.25,202.0
2829,84.885,415.69605712,552.55526699,1,0,0.0,50.25,202.0
2830,84.915,415.72108135,552.55473772,1,0,0.0,50.25,202.0
2831,84.945,415.74662242,552.55419316,1,0,0.0,50.25,202.0
2832,84.975,415.7727333,552.55364186,1,0,0.0,50.25,202.0
2833,85.005,415.79914691,552.55319569,1,0,0.0,50.25,202.0
2834,85.035,415.82584551,552.55282247,1,0,0.0,50.25,202.0
2835,85.065,415.85993752,664.86301851,1,0,0.0,50.25,202.0
2836,85.095,419.25819677,664.6276816,1,0,0.0,50.25,202.0
2837,85.125,422.65727001,664.3923493,1,0,0.0,50.25,202.0
2838,85.155,423.8769945,551.57411917,1,0,0.0,50.25,202.0
2839,85.185,423.89586484,551.57403921,1,0,0.0,50.25,202.0
2840,85.215,423.91438335,551.57397135,1,0,0.0,50.25,202.0
2841,85.245,423.93269122,551.57388026,1,0,0.0,50.25,202.0
2842,85.275,423.95033849,551.57373145,1,0,0.0,50.25,202.0
2843,85.305,423.9676509,551.57362315,1,0,0.0,50.25,202.0
2844,85.335,423.98516908,551.57348685,1,0,0.0,50.25,202.0
2845,85.365,424.00323783,551.57334135,1,0,0.0,50.25,202.0
2846,85.395,424.02183433,551.57314561,1,0,0.0,50.25,202.0
2847,85.425,424.04036675,551.5728651,1,0,0.0,50.25,202.0
2848,85.455,424.05893878,551.57253847,1,0,0.0,50.25,202.0
2849,85.485,424.07767112,551.57216014,1,0,0.0,50.25,202.0
2850,85.515,424.0962383,551.57175236,1,0,0.0,50.25,202.0
2851,85.545,424.11448999,551.57131179,1,0,0.0,50.25,202.0
2852,85.575,424.13259233,551.57084669,1,0,0.0,50.25,202.0
2853,85.605,424.15022708,551.57036413,1,0,0.0,50.25,202.0
2854,85.635,424.16737414,551.56987699,1,0,0.0,50.25,202.0
2855,85.665,424.18402859,551.56937371,1,0,0.0,50.25,202.0
2856,85.695,424.20017089,551.56886438,1,0,0.0,50.25,202.0
2857,85.725,424.21609686,551.5683589,1,0,0.0,50.25,202.0
2858,85.755,424.23056889,551.56780706,1,0,0.0,50.25,202.0
2859,85.785,424.24228414,551.56726194,1,0,0.0,50.25,202.0
2860,85.815,424.2511824,551.56671563,1,0,0.0,50.25,202.0
2861,85.845,424.25720653,551.56615856,1,0,0.0,50.25,202.0
2862,85.875,424.26008238,551.56563168,1,0,0.0,50.25,202.0
2863,85.905,424.26093709,551.5651273,1,0,0.0,50.25,202.0
2864,85.935,424.26053099,551.56463325,1,0,0.0,50.25,202.0
2865,85.965,424.25859313,551.56413732,1,0,0.0,50.25,202.0
2866,85.995,425.4744878,551.47527995,1,0,0.0,50.25,202.0
2867,86.025,428.85186388,551.22971331,1,0,0.0,50.25,202.0
2868,86.055,432.21617371,550.98500254,1,0,0.0,50.25,202.0
2869,86.085,432.22169894,550.98455862,1,0,0.0,50.25,202.0
2870,86.115,432.22698115,550.98422029,1,0,0.0,50.25,202.0
2871,86.145,432.23408765,550.98392569,1,0,0.0,50.25,202.0
2872,86.175,432.24312328,550.98363313,1,0,0.0,50.25,202.0
2873,86.205,432.25388432,550.98333796,1,0,0.0,50.25,202.0
2874,86.235,432.26633413,550.98304277,1,0,0.0,50.25,202.0
2875,86.265,432.28048194,550.9827475,1,0,0.0,50.25,202.0
2876,86.295,432.29632282,550.98245015,1,0,0.0,50.25,202.0
2877,86.325,432.31382594,550.98215303,1,0,0.0,50.25,202.0
2878,86.355,432.33281524,550.98189229,1,0,0.0,50.25,202.0
2879,86.385,432.35133458,550.98169689,1,0,0.0,50.25,202.0
2880,86.415,432.36877988,550.98152796,1,0,0.0,50.25,202.0
2881,86.445,432.38541585,550.98138092,1,0,0.0,50.25,202.0
2882,86.475,432.40177877,550.98123957,1,0,0.0,50.25,202.0
2883,86.505,432.4176821,550.98108021,1,0,0.0,50.25,202.0
2884,86.535,432.43310073,550.98091598,1,0,0.0,50.25,202.0
2885,86.565,432.44904294,550.98092257,1,0,0.0,50.25,202.0
2886,86.595,432.46551303,550.98089073,1,0,0.0,50.25,202.0
2887,86.625,432.48243927,550.98083636,1,0,0.0,50.25,202.0
2888,86.655,432.49974214,550.98079743,1,0,0.0,50.25,202.0
2889,86.685,432.51758304,550.98081873,1,0,0.0,50.25,202.0
2890,86.715,432.53601157,550.98081968,1,0,0.0,50.25,202.0
2891,86.745,432.55504387,550.9808082,1,0,0.0,50.25,202.0
2892,86.775,432.57465125,550.98076875,1,0,0.0,50.25,202.0
2893,86.805,432.59470318,550.9807232,1,0,0.0,50.25,202.0
2894,86.835,432.61502921,550.98066676,1,0,0.0,50.25,202.0
2895,86.865,432.63480189,550.98062341,1,0,0.0,50.25,202.0
2896,86.895,432.65373149,550.98057722,1,0,0.0,50.25,202.0
2897,86.925,432.67251156,550.98050922,1,0,0.0,50.25,202.0
2898,86.955,432.6908283,550.98047332,1,0,0.0,50.25,202.0
2899,86.985,432.70841743,550.98044573,1,0,0.0,50.25,202.0
2900,87.015,432.72525182,550.98041875,1,0,0.0,50.25,202.0
2901,87.045,432.74160142,550.980454,1,0,0.0,50.25,202.0
2902,87.075,432.75775826,550.98049599,1,0,0.0,50.25,202.0
2903,87.105,432.77364435,550.98056633,1,0,0.0,50.25,202.0
2904,87.135,432.78914508,550.98063481,1,0,0.0,50.25,202.0
2905,87.165,432.80416629,550.98070783,1,0,0.0,50.25,202.0
2906,87.195,432.81871964,550.98082641,1,0,0.0,50.25,202.0
2907,87.225,432.83275349,550.98092677,1,0,0.0,50.25,202.0
2908,87.255,432.84604136,550.98099277,1,0,0.0,50.25,202.0
2909,87.285,432.85853349,550.98107196,1,0,0.0,50.25,202.0
2910,87.315,432.87024775,550.98113751,1,0,0.0,50.25,202.0
2911,87.345,432.88122772,550.98118281,1,0,0.0,50.25,202.0
2912,87.375,432.89148521,550.9812235,1,0,0.0,50.25,202.0
2913,87.405,432.9010204,550.98126122,1,0,0.0,50.25,202.0
2914,87.435,432.90979201,550.98128892,1,0,0.0,50.25,202.0
2915,87.465,432.91775991,550.98131973,1,0,0.0,50.25,202.0
2916,87.495,432.9248843,550.98135021,1,0,0.0,50.25,202.0
2917,87.525,432.93115885,550.98138069,1,0,0.0,50.25,202.0
2918,87.555,432.93658678,550.98140717,1,0,0.0,50.25,202.0
2919,87.585,432.94120067,550.98142717,1,0,0.0,50.25,202.0
2920,87.615,432.94500896,550.98144718,1,0,0.0,50.25,202.0
2921,87.645,432.94800772,550.98152599,1,0,0.0,50.25,202.0
2922,87.675,432.95020908,550.98161285,1,0,0.0,50.25,202.0
2923,87.705,432.95162176,550.98169725,1,0,0.0,50.25,202.0
2924,87.735,432.95220378,550.98172989,1,0,0.0,50.25,202.0
2925,87.765,432.95195153,550.9817471,1,0,0.0,50.25,202.0
2926,87.795,432.95082441,550.9817616,1,0,0.0,50.25,202.0
2927,87.825,432.94893685,550.98163048,1,0,0.0,50.25,202.0
2928,87.855,432.94655876,550.98147467,1,0,0.0,50.25,202.0
2929,87.885,432.94377244,550.98132187,1,0,0.0,50.25,202.0
2930,87.915,432.9431155,550.98119039,1,0,0.0,50.25,202.0
2931,87.945,432.94589524,550.98108407,1,0,0.0,50.25,202.0
2932,87.975,432.95197441,550.9811148,1,0,0.0,50.25,202.0
2933,88.005,432.9600215,550.98114727,1,0,0.0,50.25,202.0
2934,88.035,432.96795594,550.9811479,1,0,0.0,50.25,202.0
2935,88.065,432.97489987,550.98114452,1,0,0.0,50.25,202.0
2936,88.095,432.98032423,550.98112279,1,0,0.0,50.25,202.0
2937,88.125,432.98429668,550.98109422,1,0,0.0,50.25,202.0
2938,88.155,432.98667591,550.98104255,1,0,0.0,50.25,202.0
2939,88.185,432.98750178,550.98097951,1,0,0.0,50.25,202.0
2940,88.215,432.98724047,550.98091223,1,0,0.0,50.25,202.0
2941,88.245,432.98610103,550.98086269,1,0,0.0,50.25,202.0
2942,88.275,432.98420967,550.98082174,1,0,0.0,50.25,202.0
2943,88.305,432.98157452,550.98078352,1,0,0.0,50.25,202.0
2944,88.335,432.97819124,550.98074226,1,0,0.0,50.25,202.0
2945,88.365,432.97402924,550.98064732,1,0,0.0,50.25,202.0
2946,88.395,432.9688452,550.98053815,1,0,0.0,50.25,202.0
2947,88.425,432.96253551,550.98043705,1,0,0.0,50.25,202.0
2948,88.455,432.95568068,550.98028961,1,0,0.0,50.25,202.0
2949,88.485,432.94964982,550.98012458,1,0,0.0,50.25,202.0
2950,88.515,432.94453255,550.97995713,1,0,0.0,50.25,202.0
2951,88.545,432.9401537,550.97978927,1,0,0.0,50.25,202.0
2952,88.575,432.93691248,550.97964571,1,0,0.0,50.25,202.0
2953,88.605,432.93400382,550.97951838,1,0,0.0,50.25,202.0
2954,88.635,432.93125966,550.9793901,1,0,0.0,50.25,202.0
2955,88.665,432.92894108,550.97926317,1,0,0.0,50.25,202.0
2956,88.695,432.92702502,550.97916252,1,0,0.0,50.25,202.0
2957,88.725,432.92569296,550.97909283,1,0,0.0,50.25,202.0
2958,88.755,432.92495055,550.97902545,1,0,0.0,50.25,202.0
2959,88.785,432.92475944,550.97895975,1,0,0.0,50.25,202.0
2960,88.815,432.92521094,550.97905449,1,0,0.0,50.25,202.0
2961,88.845,432.92675928,550.9791552,1,0,0.0,50.25,202.0
2962,88.875,432.92948052,550.97922028,1,0,0.0,50.25,202.0
2963,88.905,432.93332332,550.97928601,1,0,0.0,50.25,202.0
2964,88.935,432.93824204,550.97933508,1,0,0.0,50.25,202.0
2965,88.965,432.94512869,550.97940148,1,0,0.0,50.25,202.0
2966,88.995,432.95497965,550.97943684,1,0,0.0,50.25,202.0
2967,89.025,432.96771673,550.97946364,1,0,0.0,50.25,202.0
2968,89.055,432.98330485,550.97946712,1,0,0.0,50.25,202.0
2969,89.085,433.00127317,550.97943396,1,0,0.0,50.25,202.0
2970,89.115,433.02045059,550.97934145,1,0,0.0,50.25,202.0
2971,89.145,433.04056747,550.97919759,1,0,0.0,50.25,202.0
2972,89.175,433.06162883,550.97904903,1,0,0.0,50.25,202.0
2973,89.205,433.08364315,550.97889361,1,0,0.0,50.25,202.0
2974,89.235,433.10648936,550.97875989,1,0,0.0,50.25,202.0
2975,89.265,433.13004173,550.97861846,1,0,0.0,50.25,202.0
2976,89.295,433.15431145,550.97847261,1,0,0.0,50.25,202.0
2977,89.325,433.17923819,550.97832678,1,0,0.0,50.25,202.0
2978,89.355,433.20457024,550.97818202,1,0,0.0,50.25,202.0
2979,89.385,433.23028414,550.97803298,1,0,0.0,50.25,202.0
2980,89.415,433.25638706,550.97787932,1,0,0.0,50.25,202.0
2981,89.445,433.28239299,550.97774057,1,0,0.0,50.25,202.0
2982,89.475,433.30771148,550.97759807,1,0,0.0,50.25,202.0
2983,89.505,433.33235803,550.97744594,1,0,0.0,50.25,202.0
2984,89.535,433.35633482,550.97729023,1,0,0.0,50.25,202.0
2985,89.565,433.3796448,550.97712844,1,0,0.0,50.25,202.0
2986,89.595,433.40183922,550.97696973,1,0,0.0,50.25,202.0
2987,89.625,433.42240424,550.97680796,1,0,0.0,50.25,202.0
2988,89.655,433.4415072,550.97662794,1,0,0.0,50.25,202.0
2989,89.685,433.45975912,550.97640871,1,0,0.0,50.25,202.0
2990,89.715,433.47728119,550.97617752,1,0,0.0,50.25,202.0
2991,89.745,433.49353581,550.97602817,1,0,0.0,50.25,202.0
2992,89.775,433.50955204,550.97589633,1,0,0.0,50.25,202.0
2993,89.805,433.52581394,550.97572611,1,0,0.0,50.25,202.0
2994,89.835,433.542975,550.97554608,1,0,0.0,50.25,202.0
2995,89.865,433.55982514,550.97542683,1,0,0.0,50.25,202.0
2996,89.895,433.5758775,550.97532414,1,0,0.0,50.25,202.0
2997,89.925,433.59111845,550.97522348,1,0,0.0,50.25,202.0
2998,89.955,433.60545916,550.97513281,1,0,0.0,50.25,202.0
2999,89.985,433.61894724,550.97504283,1,0,0.0,50.25,202.0
3000,90.015,433.63162532,550.97494633,1,0,0.0,50.25,202.0
3001,90.045,433.64364705,550.97477732,1,0,0.0,50.25,202.0
3002,90.075,433.6553388,550.97457762,1,0,0.0,50.25,202.0
3003,90.105,433.66672156,550.97436268,1,0,0.0,50.25,202.0
3004,90.135,433.67805267,550.97414312,1,0,0.0,50.25,202.0
3005,90.165,433.69004244,550.97391694,1,0,0.0,50.25,202.0
3006,90.195,433.70267525,550.97369913,1,0,0.0,50.25,202.0
3007,90.225,433.71590489,550.9734793,1,0,0.0,50.25,202.0
3008,90.255,433.72978016,550.97324799,1,0,0.0,50.25,202.0
3009,90.285,433.74434345,550.97300347,1,0,0.0,50.25,202.0
3010,90.315,433.76132301,550.97277951,1,0,0.0,50.25,202.0
3011,90.345,433.77962689,550.97255446,1,0,0.0,50.25,202.0
3012,90.375,433.7975613,550.97230828,1,0,0.0,50.25,202.0
3013,90.405,433.81526518,550.97207183,1,0,0.0,50.25,202.0
3014,90.435,433.8327477,550.97183101,1,0,0.0,50.25,202.0
3015,90.465,433.84905217,550.97157352,1,0,0.0,50.25,202.0
3016,90.495,433.86222179,550.97129823,1,0,0.0,50.25,202.0
3017,90.525,433.87289043,550.97111725,1,0,0.0,50.25,202.0
3018,90.555,433.88295025,550.97094782,1,0,0.0,50.25,202.0
3019,90.585,433.89272834,550.97076064,1,0,0.0,50.25,202.0
3020,90.615,433.90220871,550.97056,1,0,0.0,50.25,202.0
3021,90.645,433.91107347,550.97039336,1,0,0.0,50.25,202.0
3022,90.675,433.91954083,550.97023097,1,0,0.0,50.25,202.0
3023,90.705,433.92788961,550.97006297,1,0,0.0,50.25,202.0
3024,90.735,433.93622358,550.96988272,1,0,0.0,50.25,202.0
3025,90.765,433.94457834,550.96982846,1,0,0.0,50.25,202.0
3026,90.795,433.95270835,550.96989761,1,0,0.0,50.25,202.0
3027,90.825,433.96054885,550.97006301,1,0,0.0,50.25,202.0
3028,90.855,433.96795843,550.97028005,1,0,0.0,50.25,202.0
3029,90.885,438.33168058,751.05766514,2,1,4.35572351,0.0,0.0
3030,90.915,444.34103898,751.17793313,2,0,0.0,0.0,0.0
3031,90.945,450.35172054,751.2981968,2,0,0.0,0.0,0.0
3032,90.975,456.36298124,751.41847291,2,0,0.0,0.0,0.0
3033,91.005,462.37390545,751.53873313,2,0,0.0,0.0,0.0
3034,91.035,468.3844797,751.65899045,2,0,0.0,0.0,0.0
3035,91.065,474.39459191,751.77931343,2,0,0.0,0.0,0.0
3036,91.095,480.40429599,751.89963826,2,0,0.0,0.0,0.0
3037,91.125,486.41351958,752.01988466,2,0,0.0,0.0,0.0
3038,91.155,492.42221936,752.14006638,2,0,0.0,0.0,0.0
3039,91.185,498.43065352,752.26018678,2,0,0.0,0.0,0.0
3040,91.215,504.43886633,752.38030398,2,0,0.0,0.0,0.0
3041,91.245,510.44710394,752.50034616,2,0,0.0,0.0,0.0
3042,91.275,516.45572927,752.62036657,2,0,0.0,0.0,0.0
3043,91.305,522.46477081,752.74038721,2,0,0.0,0.0,0.0
3044,91.335,528.47424007,752.860402,2,0,0.0,0.0,0.0
3045,91.365,534.48417766,752.98041337,2,0,0.0,0.0,0.0
3046,91.395,540.49454195,753.10043648,2,0,0.0,0.0,0.0
3047,91.425,546.50531852,753.22045883,2,0,0.0,0.0,0.0
3048,91.455,552.51650942,753.34048095,2,0,0.0,0.0,0.0
3049,91.485,558.52812804,753.46051178,2,0,0.0,0.0,0.0
3050,91.515,564.54035243,753.58056452,2,0,0.0,0.0,0.0
3051,91.545,570.55324583,753.70062481,2,0,0.0,0.0,0.0
3052,91.575,576.56681634,753.82071461,2,0,0.0,0.0,0.0
3053,91.605,582.5812006,753.9408353,2,0,0.0,0.0,0.0
3054,91.635,588.596416,754.06095598,2,0,0.0,0.0,0.0
3055,91.665,594.61246579,754.18107665,2,0,0.0,0.0,0.0
3056,91.695,600.6288383,754.30111197,2,0,0.0,0.0,0.0
3057,91.725,606.64485752,754.42114258,2,0,0.0,0.0,0.0
3058,91.755,612.66047042,754.54117316,2,0,0.0,0.0,0.0
3059,91.785,618.67567053,754.66120374,2,0,0.0,0.0,0.0
3060,91.815,624.69045784,754.78123432,2,0,0.0,0.0,0.0
3061,91.845,630.70483237,754.9012649,2,0,0.0,0.0,0.0
3062,91.875,636.7187941,755.02129548,2,0,0.0,0.0,0.0
3063,91.905,642.7322049,755.14138473,2,0,0.0,0.0,0.0
3064,91.935,648.74441766,755.26147793,2,0,0.0,0.0,0.0
3065,91.965,654.75615783,755.38162557,2,0,0.0,0.0,0.0
3066,91.995,660.76767597,755.50177321,2,0,0.0,0.0,0.0
3067,92.025,666.77896146,755.62189205,2,0,0.0,0.0,0.0
3068,92.055,672.78982629,755.74194783,2,0,0.0,0.0,0.0
3069,92.085,678.80004233,755.86192511,2,0,0.0,0.0,0.0
3070,92.115,684.80949637,755.9818998,2,0,0.0,0.0,0.0
3071,92.145,690.81827981,756.10186607,2,0,0.0,0.0,0.0
3072,92.175,696.82623605,756.22165127,2,0,0.0,0.0,0.0
3073,92.205,702.83305396,756.34140443,2,0,0.0,0.0,0.0
3074,92.235,708.83642525,756.46117392,2,0,0.0,0.0,0.0
3075,92.265,714.83669101,756.58088683,2,0,0.0,0.0,0.0
3076,92.295,720.83639694,756.70079268,2,0,0.0,0.0,0.0
3077,92.325,726.83629959,756.82079237,2,0,0.0,0.0,0.0
3078,92.355,732.83620601,756.9407902,2,0,0.0,0.0,0.0
3079,92.385,738.83565044,757.06082326,2,0,0.0,0.0,0.0
3080,92.415,744.83425917,757.18092397,2,0,0.0,0.0,0.0
3081,92.445,750.83258702,757.30102483,2,0,0.0,0.0,0.0
3082,92.475,756.83072107,757.42111024,2,0,0.0,0.0,0.0
3083,92.505,762.82865433,757.5412015,2,0,0.0,0.0,0.0
3084,92.535,768.82490215,757.66133704,2,0,0.0,0.0,0.0
3085,92.565,774.81931976,757.78147261,2,0,0.0,0.0,0.0
3086,92.595,780.81235412,757.90154587,2,0,0.0,0.0,0.0
3087,92.625,786.80588094,758.02157009,2,0,0.0,0.0,0.0
3088,92.655,792.80030351,758.14157054,2,0,0.0,0.0,0.0
3089,92.685,798.79605519,758.261518,2,0,0.0,0.0,0.0
3090,92.715,804.79222345,758.38136283,2,0,0.0,0.0,0.0
3091,92.745,810.7889663,758.50124681,2,0,0.0,0.0,0.0
3092,92.775,816.78634619,758.62116893,2,0,0.0,0.0,0.0
3093,92.805,822.7842018,758.74104771,2,0,0.0,0.0,0.0
3094,92.835,828.78218475,758.86102844,2,0,0.0,0.0,0.0
3095,92.865,834.78052174,758.98106176,2,0,0.0,0.0,0.0
3096,92.895,840.7805842,759.1012052,2,0,0.0,0.0,0.0
3097,92.925,846.78304878,759.22133764,2,0,0.0,0.0,0.0
3098,92.955,852.78777537,759.34172724,2,0,0.0,0.0,0.0
3099,92.985,858.70288352,759.46031905,2,0,0.0,0.0,0.0
3100,93.015,858.71168131,759.46073646,2,0,0.0,0.0,0.0
3101,93.045,858.72244777,759.46118315,2,0,0.0,0.0,0.0
3102,93.075,858.73483223,759.46149013,2,0,0.0,0.0,0.0
3103,93.105,858.74784289,759.46173842,2,0,0.0,0.0,0.0
3104,93.135,858.76139546,759.4620059,2,0,0.0,0.0,0.0
3105,93.165,858.77549088,759.46225154,2,0,0.0,0.0,0.0
3106,93.195,858.79022652,759.46247795,2,0,0.0,0.0,0.0
3107,93.225,858.8056287,759.46270381,2,0,0.0,0.0,0.0
3108,93.255,858.82109305,759.46293633,2,0,0.0,0.0,0.0
3109,93.285,858.83640561,759.46315338,2,0,0.0,0.0,0.0
3110,93.315,858.85165139,759.46338958,2,0,0.0,0.0,0.0
3111,93.345,858.86721173,759.46365002,2,0,0.0,0.0,0.0
3112,93.375,858.88321296,759.46391788,2,0,0.0,0.0,0.0
3113,93.405,858.89947575,759.46417435,2,0,0.0,0.0,0.0
3114,93.435,858.91576753,759.46447033,2,0,0.0,0.0,0.0
3115,93.465,858.93202026,759.46476268,2,0,0.0,0.0,0.0
3116,93.495,858.94821101,759.46500899,2,0,0.0,0.0,0.0
3117,93.525,858.9645201,759.46526148,2,0,0.0,0.0,0.0
3118,93.555,858.98101188,759.46551196,2,0,0.0,0.0,0.0
3119,93.585,858.99756313,759.46576929,2,0,0.0,0.0,0.0
3120,93.615,859.01396578,759.46602312,2,0,0.0,0.0,0.0
3121,93.645,859.03016755,759.46626976,2,0,0.0,0.0,0.0
3122,93.675,859.04620783,759.46646231,2,0,0.0,0.0,0.0
3123,93.705,859.06271814,759.46675023,2,0,0.0,0.0,0.0
3124,93.735,859.07969401,759.4670467,2,0,0.0,0.0,0.0
3125,93.765,859.09707373,759.46744891,2,0,0.0,0.0,0.0
3126,93.795,859.11511481,759.46792419,2,0,0.0,0.0,0.0
3127,93.825,859.133829,759.46842844,2,0,0.0,0.0,0.0
3128,93.855,859.15297523,759.46895612,2,0,0.0,0.0,0.0
3129,93.885,859.17244252,759.46947641,2,0,0.0,0.0,0.0
3130,93.915,859.19229871,759.47007519,2,0,0.0,0.0,0.0
3131,93.945,859.21191822,759.47076862,2,0,0.0,0.0,0.0
3132,93.975,859.23115012,759.47145963,2,0,0.0,0.0,0.0
3133,94.005,859.25010362,759.47204928,2,0,0.0,0.0,0.0
3134,94.035,859.26886644,759.47258277,2,0,0.0,0.0,0.0
3135,94.065,859.28729163,759.47311232,2,0,0.0,0.0,0.0
3136,94.095,859.30530431,759.47358469,2,0,0.0,0.0,0.0
3137,94.125,859.32289253,759.47405102,2,0,0.0,0.0,0.0
3138,94.155,859.33993276,759.474523,2,0,0.0,0.0,0.0
3139,94.185,859.35659025,759.47497673,2,0,0.0,0.0,0.0
3140,94.215,859.37326054,759.47540766,2,0,0.0,0.0,0.0
3141,94.245,859.38992094,759.47583433,2,0,0.0,0.0,0.0
3142,94.275,859.40650185,759.47625432,2,0,0.0,0.0,0.0
3143,94.305,859.42295317,759.47667064,2,0,0.0,0.0,0.0
3144,94.335,859.43918522,759.47705275,2,0,0.0,0.0,0.0
3145,94.365,859.45526138,759.47743508,2,0,0.0,0.0,0.0
3146,94.395,859.47124308,759.47782144,2,0,0.0,0.0,0.0
3147,94.425,859.48713677,759.47821025,2,0,0.0,0.0,0.0
3148,94.455,859.50298099,759.47846455,2,0,0.0,0.0,0.0
3149,94.485,859.51892939,759.47861669,2,0,0.0,0.0,0.0
3150,94.515,859.53619786,759.47883991,2,0,0.0,0.0,0.0
3151,94.545,859.55337018,759.47909074,2,0,0.0,0.0,0.0
3152,94.575,859.57075589,759.4793606,2,0,0.0,0.0,0.0
3153,94.605,859.58851193,759.47963409,2,0,0.0,0.0,0.0
3154,94.635,859.60665096,759.47990494,2,0,0.0,0.0,0.0
3155,94.665,859.62517684,759.48014982,2,0,0.0,0.0,0.0
3156,94.695,859.64402716,759.48037469,2,0,0.0,0.0,0.0
3157,94.725,859.66326297,759.48059826,2,0,0.0,0.0,0.0
3158,94.755,859.68315627,759.48087971,2,0,0.0,0.0,0.0
3159,94.785,859.70452395,759.48132231,2,0,0.0,0.0,0.0
3160,94.815,859.72783285,759.48173775,2,0,0.0,0.0,0.0
3161,94.845,859.75306779,759.48214483,2,0,0.0,0.0,0.0
3162,94.875,859.78009059,759.48249386,2,0,0.0,0.0,0.0
3163,94.905,859.80723251,759.48304959,2,0,0.0,0.0,0.0
3164,94.935,859.83255159,759.48353692,2,0,0.0,0.0,0.0
3165,94.965,859.85697328,759.48394987,2,0,0.0,0.0,0.0
3166,94.995,859.88224508,759.48429248,2,0,0.0,0.0,0.0
3167,95.025,859.90866721,759.48459389,2,0,0.0,0.0,0.0
3168,95.055,859.93585714,759.48480085,2,0,0.0,0.0,0.0
3169,95.085,859.96336441,759.48500196,2,0,0.0,0.0,0.0
3170,95.115,859.99121393,759.48521771,2,0,0.0,0.0,0.0
3171,95.145,860.01945725,759.48544062,2,0,0.0,0.0,0.0
3172,95.175,860.04807152,759.48566453,2,0,0.0,0.0,0.0
3173,95.205,860.07689221,759.48588979,2,0,0.0,0.0,0.0
3174,95.235,860.10599618,759.48611505,2,0,0.0,0.0,0.0
3175,95.265,860.13538648,759.48633614,2,0,0.0,0.0,0.0
3176,95.295,860.16504881,759.4865522,2,0,0.0,0.0,0.0
3177,95.325,860.19497826,759.48676517,2,0,0.0,0.0,0.0
3178,95.355,860.22522809,759.4870026,2,0,0.0,0.0,0.0
3179,95.385,860.2558922,759.48728522,2,0,0.0,0.0,0.0
3180,95.415,860.28671641,759.48766213,2,0,0.0,0.0,0.0
3181,95.445,860.31694893,759.4880401,2,0,0.0,0.0,0.0
3182,95.475,860.3465604,759.48838454,2,0,0.0,0.0,0.0
3183,95.505,860.37510557,759.48857552,2,0,0.0,0.0,0.0
3184,95.535,860.40228286,759.48875399,2,0,0.0,0.0,0.0
3185,95.565,860.42808302,759.48894067,2,0,0.0,0.0,0.0
3186,95.595,860.45249825,759.48911861,2,0,0.0,0.0,0.0
3187,95.625,860.47526641,759.48935512,2,0,0.0,0.0,0.0
3188,95.655,860.49651149,759.48958998,2,0,0.0,0.0,0.0
3189,95.685,860.51650475,759.48980314,2,0,0.0,0.0,0.0
3190,95.715,860.53564729,759.49017783,2,0,0.0,0.0,0.0
3191,95.745,860.55449491,759.49064348,2,0,0.0,0.0,0.0
3192,95.775,860.57291157,759.49112995,2,0,0.0,0.0,0.0
3193,95.805,860.59082859,759.49159434,2,0,0.0,0.0,0.0
3194,95.835,860.60821438,759.49203917,2,0,0.0,0.0,0.0
3195,95.865,860.62524677,759.49244928,2,0,0.0,0.0,0.0
3196,95.895,860.64220282,759.49288832,2,0,0.0,0.0,0.0
3197,95.925,860.65909382,759.49334362,2,0,0.0,0.0,0.0
3198,95.955,860.67593582,759.49378087,2,0,0.0,0.0,0.0
3199,95.985,860.6927455,759.49416679,2,0,0.0,0.0,0.0
3200,96.015,860.70962697,759.49452163,2,0,0.0,0.0,0.0
3201,96.045,860.72653664,759.49493455,2,0,0.0,0.0,0.0
3202,96.075,860.74325748,759.49539743,2,0,0.0,0.0,0.0
3203,96.105,860.75979061,759.49587003,2,0,0.0,0.0,0.0
3204,96.135,860.77614,759.49632402,2,0,0.0,0.0,0.0
3205,96.165,860.79206615,759.49679489,2,0,0.0,0.0,0.0
3206,96.195,860.6721392,752.26007426,1,0,0.0,0.0,0.0
3207,96.225,860.40609473,748.49636306,1,0,0.0,0.0,0.0
3208,96.255,860.04968624,745.9620636,1,0,0.0,0.0,0.0
3209,96.285,859.61972836,743.77544958,1,0,0.0,0.0,0.0
3210,96.315,859.12447904,741.75926501,1,0,0.0,0.0,0.0
3211,96.345,858.57458599,740.1280303,1,0,0.0,0.0,0.0
3212,96.375,857.97668345,738.55714488,1,0,0.0,0.0,0.0
3213,96.405,857.33109867,736.9862896,1,0,0.0,0.0,0.0
3214,96.435,856.6409687,735.64498986,1,0,0.0,0.0,0.0
3215,96.465,855.91204501,734.39861403,1,0,0.0,0.0,0.0
3216,96.495,855.14467411,733.15231671,1,0,0.0,0.0,0.0
3217,96.525,854.33887487,731.95540652,1,0,0.0,0.0,0.0
3218,96.555,853.49689551,730.80644997,1,0,0.0,0.0,0.0
3219,96.585,852.61955404,729.72566187,1,0,0.0,0.0,0.0
3220,96.615,851.70908305,728.69275205,1,0,0.0,0.0,0.0
3221,96.645,850.76627288,727.69688861,1,0,0.0,0.0,0.0
3222,96.675,849.7934238,726.73600115,1,0,0.0,0.0,0.0
3223,96.705,848.7911725,725.77511819,1,0,0.0,0.0,0.0
3224,96.735,847.75973898,724.8142287,1,0,0.0,0.0,0.0
3225,96.765,846.69949226,723.89221971,1,0,0.0,0.0,0.0
3226,96.795,845.61336065,723.06281952,1,0,0.0,0.0,0.0
3227,96.825,844.50286259,722.23692971,1,0,0.0,0.0,0.0
3228,96.855,843.36801692,721.41103452,1,0,0.0,0.0,0.0
3229,96.885,842.20879913,720.58511728,1,0,0.0,0.0,0.0
3230,96.915,841.02516401,719.75923505,1,0,0.0,0.0,0.0
3231,96.945,839.81780102,718.96791912,1,0,0.0,0.0,0.0
3232,96.975,838.58776871,718.20241027,1,0,0.0,0.0,0.0
3233,97.005,837.33642991,717.47869828,1,0,0.0,0.0,0.0
3234,97.035,836.09343436,716.68872259,1,0,0.0,0.0,0.0
3235,97.065,834.97248436,715.84144383,1,0,0.0,0.0,0.0
3236,97.095,833.93438772,714.99385711,1,0,0.0,0.0,0.0
3237,97.125,832.94720769,714.17983124,1,0,0.0,0.0,0.0
3238,97.155,832.00746664,713.36518841,1,0,0.0,0.0,0.0
3239,97.185,831.10295497,712.54857297,1,0,0.0,0.0,0.0
3240,97.215,830.22600343,711.73166454,1,0,0.0,0.0,0.0
3241,97.245,829.37401358,710.9569893,1,0,0.0,0.0,0.0
3242,97.275,828.54610438,710.18348306,1,0,0.0,0.0,0.0
3243,97.305,827.74234137,709.43232858,1,0,0.0,0.0,0.0
3244,97.335,826.95713159,708.68631299,1,0,0.0,0.0,0.0
3245,97.365,826.18781521,707.94029873,1,0,0.0,0.0,0.0
3246,97.395,825.43472079,707.19427561,1,0,0.0,0.0,0.0
3247,97.425,824.69778683,706.4475527,1,0,0.0,0.0,0.0
3248,97.455,823.97549508,705.70052523,1,0,0.0,0.0,0.0
3249,97.485,823.26729533,704.9526778,1,0,0.0,0.0,0.0
3250,97.515,822.57149002,704.2481123,1,0,0.0,0.0,0.0
3251,97.545,821.88840819,703.55912757,1,0,0.0,0.0,0.0
3252,97.575,821.21647304,702.86976934,1,0,0.0,0.0,0.0
3253,97.605,820.55544824,702.1804011,1,0,0.0,0.0,0.0
3254,97.635,819.90547314,701.4910477,1,0,0.0,0.0,0.0
3255,97.665,819.2664183,700.80118724,1,0,0.0,0.0,0.0
3256,97.695,818.63572793,700.10944248,1,0,0.0,0.0,0.0
3257,97.725,818.01225539,699.42906534,1,0,0.0,0.0,0.0
3258,97.755,817.39643868,698.75897165,1,0,0.0,0.0,0.0
3259,97.785,816.78832267,698.08887256,1,0,0.0,0.0,0.0
3260,97.815,816.1879006,697.42353899,1,0,0.0,0.0,0.0
3261,97.845,815.59510024,696.7809358,1,0,0.0,0.0,0.0
3262,97.875,815.0095169,696.13796941,1,0,0.0,0.0,0.0
3263,97.905,814.43158845,695.49371045,1,0,0.0,0.0,0.0
3264,97.935,813.86106806,694.84945235,1,0,0.0,0.0,0.0
3265,97.965,813.29804954,694.21640834,1,0,0.0,0.0,0.0
3266,97.995,812.74284182,693.59072706,1,0,0.0,0.0,0.0
3267,98.025,812.19484737,692.96418983,1,0,0.0,0.0,0.0
3268,98.055,811.65373116,692.33765257,1,0,0.0,0.0,0.0
3269,98.085,811.11956472,691.71112081,1,0,0.0,0.0,0.0
3270,98.115,810.59243177,691.0846003,1,0,0.0,0.0,0.0
3271,98.145,810.07115117,690.05281609,1,0,0.0,0.0,0.0
3272,98.175,809.54472965,689.44172862,1,0,0.0,0.0,0.0
3273,98.205,809.02321648,688.83855459,1,0,0.0,0.0,0.0
3274,98.235,808.50676099,688.24954775,1,0,0.0,0.0,0.0
3275,98.265,807.99553932,687.66054301,1,0,0.0,0.0,0.0
3276,98.295,807.48953067,687.07153593,1,0,0.0,0.0,0.0
3277,98.325,806.98854356,686.48256177,1,0,0.0,0.0,0.0
3278,98.355,806.49228901,685.89359366,1,0,0.0,0.0,0.0
3279,98.385,806.00051956,685.30441052,1,0,0.0,0.0,0.0
3280,98.415,805.51233724,684.71351859,1,0,0.0,0.0,0.0
3281,98.445,805.02694065,684.12215597,1,0,0.0,0.0,0.0
3282,98.475,804.54516109,683.53346019,1,0,0.0,0.0,0.0
3283,98.505,804.06767979,682.95676054,1,0,0.0,0.0,0.0
3284,98.535,803.5947044,682.38533233,1,0,0.0,0.0,0.0
3285,98.565,803.12650272,681.8275098,1,0,0.0,0.0,0.0
3286,98.595,802.66316984,681.26966701,1,0,0.0,0.0,0.0
3287,98.625,802.20459673,680.71071649,1,0,0.0,0.0,0.0
3288,98.655,801.75020734,680.15183638,1,0,0.0,0.0,0.0
3289,98.685,801.29926352,679.59295374,1,0,0.0,0.0,0.0
3290,98.715,800.85235147,679.03335433,1,0,0.0,0.0,0.0
3291,98.745,800.40905717,678.47292558,1,0,0.0,0.0,0.0
3292,98.775,799.96894723,677.92177651,1,0,0.0,0.0,0.0
3293,98.805,799.53126041,677.37446312,1,0,0.0,0.0,0.0
3294,98.835,799.09622005,676.82690472,1,0,0.0,0.0,0.0
3295,98.865,798.66319904,676.27859739,1,0,0.0,0.0,0.0
3296,98.895,798.23132832,675.73414766,1,0,0.0,0.0,0.0
3297,98.925,797.80089705,675.20055694,1,0,0.0,0.0,0.0
3298,98.955,797.37197958,674.66700049,1,0,0.0,0.0,0.0
3299,98.985,796.94380859,674.13349227,1,0,0.0,0.0,0.0
3300,99.015,796.51639766,673.59999906,1,0,0.0,0.0,0.0
3301,99.045,796.09029909,673.06599072,1,0,0.0,0.0,0.0
3302,99.075,795.66534069,672.53957931,1,0,0.0,0.0,0.0
3303,99.105,795.24185504,672.01501205,1,0,0.0,0.0,0.0
3304,99.135,794.81971868,671.4904595,1,0,0.0,0.0,0.0
3305,99.165,794.39889486,670.96588232,1,0,0.0,0.0,0.0
3306,99.195,793.9791508,670.44126517,1,0,0.0,0.0,0.0
3307,99.225,793.56027623,669.91662355,1,0,0.0,0.0,0.0
3308,99.255,793.14233958,669.40189266,1,0,0.0,0.0,0.0
3309,99.285,792.72558459,668.88960016,1,0,0.0,0.0,0.0
3310,99.315,792.31001817,668.37730435,1,0,0.0,0.0,0.0
3311,99.345,791.8956405,667.86459728,1,0,0.0,0.0,0.0
3312,99.375,791.48337088,667.35456904,1,0,0.0,0.0,0.0
3313,99.405,791.07389952,666.85125811,1,0,0.0,0.0,0.0
3314,99.435,790.66689646,666.34686145,1,0,0.0,0.0,0.0
3315,99.465,790.26214664,665.842471,1,0,0.0,0.0,0.0
3316,99.495,789.85952884,665.33807537,1,0,0.0,0.0,0.0
3317,99.525,789.45902831,664.83367888,1,0,0.0,0.0,0.0
3318,99.555,789.06060046,664.32929067,1,0,0.0,0.0,0.0
3319,99.585,788.66419445,663.82490453,1,0,0.0,0.0,0.0
3320,99.615,788.26989532,663.32853368,1,0,0.0,0.0,0.0
3321,99.645,787.87734425,662.83390973,1,0,0.0,0.0,0.0
3322,99.675,787.48636768,662.33930306,1,0,0.0,0.0,0.0
3323,99.705,787.0971078,661.84856962,1,0,0.0,0.0,0.0
3324,99.735,786.70984118,661.36303727,1,0,0.0,0.0,0.0
3325,99.765,786.32458671,660.8765573,1,0,0.0,0.0,0.0
3326,99.795,785.94109908,660.38964588,1,0,0.0,0.0,0.0
3327,99.825,785.55941979,659.90271767,1,0,0.0,0.0,0.0
3328,99.855,785.17946759,659.41575561,1,0,0.0,0.0,0.0
3329,99.885,784.80109852,658.92880037,1,0,0.0,0.0,0.0
3330,99.915,784.42426601,658.44105395,1,0,0.0,0.0,0.0
3331,99.945,784.04680405,657.95285777,1,0,0.0,0.0,0.0
3332,99.975,783.67079986,657.46600704,1,0,0.0,0.0,0.0
3333,100.005,783.29602122,656.99025786,1,0,0.0,0.0,0.0
3334,100.035,782.92268132,656.5188444,1,0,0.0,0.0,0.0
3335,100.065,782.55079312,656.04743578,1,0,0.0,0.0,0.0
3336,100.095,782.18003753,655.57519566,1,0,0.0,0.0,0.0
3337,100.125,781.81016435,655.10254094,1,0,0.0,0.0,0.0
3338,100.155,781.44077089,654.62988176,1,0,0.0,0.0,0.0
3339,100.185,781.07216201,654.15727146,1,0,0.0,0.0,0.0
3340,100.215,780.70478044,653.68390306,1,0,0.0,0.0,0.0
3341,100.245,780.33842946,653.21337108,1,0,0.0,0.0,0.0
3342,100.275,779.97325836,652.74512271,1,0,0.0,0.0,0.0
3343,100.305,779.60953086,652.27691123,1,0,0.0,0.0,0.0
3344,100.335,779.24727184,651.80869321,1,0,0.0,0.0,0.0
3345,100.365,778.88648291,651.3404757,1,0,0.0,0.0,0.0
3346,100.395,778.52791181,650.88108464,1,0,0.0,0.0,0.0
3347,100.425,778.172233,650.42181336,1,0,0.0,0.0,0.0
3348,100.455,777.81899929,649.96131065,1,0,0.0,0.0,0.0
3349,100.485,777.46727005,649.50415345,1,0,0.0,0.0,0.0
3350,100.515,777.11687299,649.04872299,1,0,0.0,0.0,0.0
3351,100.545,776.76752394,648.5923071,1,0,0.0,0.0,0.0
3352,100.575,776.41904328,648.13589956,1,0,0.0,0.0,0.0
3353,100.605,776.07142202,647.67951664,1,0,0.0,0.0,0.0
3354,100.635,775.72434773,647.22314102,1,0,0.0,0.0,0.0
3355,100.665,775.37802637,646.76677524,1,0,0.0,0.0,0.0
3356,100.695,775.03279992,646.310405,1,0,0.0,0.0,0.0
3357,100.725,774.68838056,645.85655107,1,0,0.0,0.0,0.0
3358,100.755,774.34535145,645.40520915,1,0,0.0,0.0,0.0
3359,100.785,774.00398459,644.95606375,1,0,0.0,0.0,0.0
3360,100.815,773.66424611,644.51067873,1,0,0.0,0.0,0.0
3361,100.845,773.32593491,644.06488085,1,0,0.0,0.0,0.0
3362,100.875,772.98887451,643.61913772,1,0,0.0,0.0,0.0
3363,100.905,772.65306419,643.17338014,1,0,0.0,0.0,0.0
3364,100.935,772.31851878,642.72762257,1,0,0.0,0.0,0.0
3365,100.965,771.98524107,642.28271922,1,0,0.0,0.0,0.0
3366,100.995,771.65328181,641.84165731,1,0,0.0,0.0,0.0
3367,101.025,771.32256481,641.40051156,1,0,0.0,0.0,0.0
3368,101.055,770.99292795,640.95855546,1,0,0.0,0.0,0.0
3369,101.085,770.66430371,640.51658753,1,0,0.0,0.0,0.0
3370,101.115,770.33673778,640.0745969,1,0,0.0,0.0,0.0
3371,101.145,770.0102743,639.63255833,1,0,0.0,0.0,0.0
3372,101.175,769.68499481,639.19336127,1,0,0.0,0.0,0.0
3373,101.205,769.36093457,638.75639314,1,0,0.0,0.0,0.0
3374,101.235,769.03803651,638.32251203,1,0,0.0,0.0,0.0
3375,101.265,768.71626831,637.88962776,1,0,0.0,0.0,0.0
3376,101.295,768.39552322,637.45626004,1,0,0.0,0.0,0.0
3377,101.325,768.07587457,637.0228936,1,0,0.0,0.0,0.0
3378,101.355,767.75733812,636.58952716,1,0,0.0,0.0,0.0
3379,101.385,767.44003208,636.156123,1,0,0.0,0.0,0.0
3380,101.415,767.12411028,635.72270376,1,0,0.0,0.0,0.0
3381,101.445,766.8095487,635.28928205,1,0,0.0,0.0,0.0
3382,101.475,766.4963943,634.85600144,1,0,0.0,0.0,0.0
3383,101.505,766.18481149,634.42622727,1,0,0.0,0.0,0.0
3384,101.535,765.87482241,634.0003612,1,0,0.0,0.0,0.0
3385,101.565,765.56651425,633.57554601,1,0,0.0,0.0,0.0
3386,101.595,765.25987341,633.14987237,1,0,0.0,0.0,0.0
3387,101.625,764.95499934,632.72421226,1,0,0.0,0.0,0.0
3388,101.655,764.65195165,632.2985754,1,0,0.0,0.0,0.0
3389,101.685,764.35075713,631.87291838,1,0,0.0,0.0,0.0
3390,101.715,764.05113772,631.44726857,1,0,0.0,0.0,0.0
3391,101.745,763.75303147,631.02182156,1,0,0.0,0.0,0.0
3392,101.775,763.4564529,630.59936123,1,0,0.0,0.0,0.0
3393,101.805,763.16143875,630.17688015,1,0,0.0,0.0,0.0
3394,101.835,762.86782913,629.75443335,1,0,0.0,0.0,0.0
3395,101.865,762.5749694,629.33200772,1,0,0.0,0.0,0.0
3396,101.895,762.28239523,628.91287725,1,0,0.0,0.0,0.0
3397,101.925,761.99010281,628.49552636,1,0,0.0,0.0,0.0
3398,101.955,761.6977753,628.07715686,1,0,0.0,0.0,0.0
3399,101.985,761.40531889,627.65817096,1,0,0.0,0.0,0.0
3400,102.015,761.11271435,627.23976481,1,0,0.0,0.0,0.0
3401,102.045,760.81962276,626.82440012,1,0,0.0,0.0,0.0
3402,102.075,760.5257187,626.40902674,1,0,0.0,0.0,0.0
3403,102.105,760.23067214,625.99366678,1,0,0.0,0.0,0.0
3404,102.135,759.93457717,625.57831534,1,0,0.0,0.0,0.0
3405,102.165,759.6374916,625.16294009,1,0,0.0,0.0,0.0
3406,102.195,759.33947664,624.74755514,1,0,0.0,0.0,0.0
3407,102.225,759.04047927,624.33183249,1,0,0.0,0.0,0.0
3408,102.255,758.74019869,623.91669297,1,0,0.0,0.0,0.0
3409,102.285,758.43876185,623.50463762,1,0,0.0,0.0,0.0
3410,102.315,758.13649577,623.09591756,1,0,0.0,0.0,0.0
3411,102.345,757.83351779,622.68720354,1,0,0.0,0.0,0.0
3412,102.375,757.52985578,622.27850514,1,0,0.0,0.0,0.0
3413,102.405,757.22554218,621.86981906,1,0,0.0,0.0,0.0
3414,102.435,756.92061958,621.46115667,1,0,0.0,0.0,0.0
3415,102.465,756.61511155,621.05248068,1,0,0.0,0.0,0.0
3416,102.495,756.3092463,620.64293891,1,0,0.0,0.0,0.0
3417,102.525,756.00389785,620.23337277,1,0,0.0,0.0,0.0
3418,102.555,755.69947044,619.82374469,1,0,0.0,0.0,0.0
3419,102.585,755.39623654,619.41699367,1,0,0.0,0.0,0.0
3420,102.615,755.09473562,619.01028422,1,0,0.0,0.0,0.0
3421,102.645,754.79591987,618.60556483,1,0,0.0,0.0,0.0
3422,102.675,754.50088374,618.20297431,1,0,0.0,0.0,0.0
3423,102.705,754.20853261,617.80038385,1,0,0.0,0.0,0.0
3424,102.735,753.91834232,617.39730979,1,0,0.0,0.0,0.0
3425,102.765,753.62995719,616.99371816,1,0,0.0,0.0,0.0
3426,102.795,753.34293698,616.59012971,1,0,0.0,0.0,0.0
3427,102.825,753.05682858,616.18652097,1,0,0.0,0.0,0.0
3428,102.855,752.77126927,615.78426886,1,0,0.0,0.0,0.0
3429,102.885,752.48647851,615.38405813,1,0,0.0,0.0,0.0
3430,102.915,752.2025154,614.98385218,1,0,0.0,0.0,0.0
3431,102.945,751.91937026,614.58364624,1,0,0.0,0.0,0.0
3432,102.975,751.6366975,614.18241302,1,0,0.0,0.0,0.0
3433,103.005,751.35345996,613.78000606,1,0,0.0,0.0,0.0
3434,103.035,751.07023103,613.38016701,1,0,0.0,0.0,0.0
3435,103.065,750.78765567,612.98207865,1,0,0.0,0.0,0.0
3436,103.095,750.50574645,612.58399015,1,0,0.0,0.0,0.0
3437,103.125,750.2242305,612.18589448,1,0,0.0,0.0,0.0
3438,103.155,749.94275647,611.7905445,1,0,0.0,0.0,0.0
3439,103.185,749.66200272,611.39571468,1,0,0.0,0.0,0.0
3440,103.215,749.38174687,611.00090332,1,0,0.0,0.0,0.0
3441,103.245,749.10213729,610.60608964,1,0,0.0,0.0,0.0
3442,103.275,748.82328437,610.21027363,1,0,0.0,0.0,0.0
3443,103.305,748.54506078,609.8144722,1,0,0.0,0.0,0.0
3444,103.335,748.2672199,609.41768738,1,0,0.0,0.0,0.0
3445,103.365,747.98956662,609.02052303,1,0,0.0,0.0,0.0
3446,103.395,747.71209011,608.62335879,1,0,0.0,0.0,0.0
3447,103.425,747.43479445,608.228454,1,0,0.0,0.0,0.0
3448,103.455,747.15784089,607.83845812,1,0,0.0,0.0,0.0
3449,103.485,746.88139607,607.44844882,1,0,0.0,0.0,0.0
3450,103.515,746.60557747,607.05837725,1,0,0.0,0.0,0.0
3451,103.545,746.33032317,606.66734458,1,0,0.0,0.0,0.0
3452,103.575,746.0556339,606.27631686,1,0,0.0,0.0,0.0
3453,103.605,745.78157299,605.88528929,1,0,0.0,0.0,0.0
3454,103.635,745.5081325,605.49426256,1,0,0.0,0.0,0.0
3455,103.665,745.23525779,605.10325129,1,0,0.0,0.0,0.0
3456,103.695,744.96293822,604.71159493,1,0,0.0,0.0,0.0
3457,103.725,744.69105276,604.32030403,1,0,0.0,0.0,0.0
3458,103.755,744.41966847,603.93095609,1,0,0.0,0.0,0.0
3459,103.785,744.14881997,603.54290121,1,0,0.0,0.0,0.0
3460,103.815,743.8786336,603.15594288,1,0,0.0,0.0,0.0
3461,103.845,743.60902772,602.76892701,1,0,0.0,0.0,0.0
3462,103.875,743.33943613,602.38186248,1,0,0.0,0.0,0.0
3463,103.905,743.06973502,601.99474777,1,0,0.0,0.0,0.0
3464,103.935,742.79995527,601.60770647,1,0,0.0,0.0,0.0
3465,103.965,742.53084205,601.22077953,1,0,0.0,0.0,0.0
3466,103.995,742.26269074,600.8338387,1,0,0.0,0.0,0.0
3467,104.025,741.99529979,600.44773802,1,0,0.0,0.0,0.0
3468,104.055,741.72849804,600.0623839,1,0,0.0,0.0,0.0
3469,104.085,741.46222948,599.67613245,1,0,0.0,0.0,0.0
3470,104.115,741.19641323,599.2909017,1,0,0.0,0.0,0.0
3471,104.145,740.93131954,598.90768352,1,0,0.0,0.0,0.0
3472,104.175,740.6669686,598.5244807,1,0,0.0,0.0,0.0
3473,104.205,740.40342001,598.14128585,1,0,0.0,0.0,0.0
3474,104.235,740.1407557,597.75809446,1,0,0.0,0.0,0.0
3475,104.265,739.87897888,597.37490365,1,0,0.0,0.0,0.0
3476,104.295,739.61808959,596.99171285,1,0,0.0,0.0,0.0
3477,104.325,739.35810717,596.60952888,1,0,0.0,0.0,0.0
3478,104.355,739.09992849,596.22702942,1,0,0.0,0.0,0.0
3479,104.385,738.84420426,595.84401753,1,0,0.0,0.0,0.0
3480,104.415,738.59092267,595.46097202,1,0,0.0,0.0,0.0
3481,104.445,738.34085012,595.07843867,1,0,0.0,0.0,0.0
3482,104.475,738.09459779,594.69820903,1,0,0.0,0.0,0.0
3483,104.505,737.8521668,594.31797949,1,0,0.0,0.0,0.0
3484,104.535,737.61255142,593.93782826,1,0,0.0,0.0,0.0
3485,104.565,737.37483631,593.55767607,1,0,0.0,0.0,0.0
3486,104.595,737.13898718,593.17748568,1,0,0.0,0.0,0.0
3487,104.625,736.90471811,592.79778541,1,0,0.0,0.0,0.0
3488,104.655,736.67071643,592.41841419,1,0,0.0,0.0,0.0
3489,104.685,736.4364534,592.03866083,1,0,0.0,0.0,0.0
3490,104.715,736.20192733,591.65894109,1,0,0.0,0.0,0.0
3491,104.745,735.96712046,591.27923965,1,0,0.0,0.0,0.0
3492,104.775,735.73208824,590.89953228,1,0,0.0,0.0,0.0
3493,104.805,735.49731024,590.5227518,1,0,0.0,0.0,0.0
3494,104.835,735.26328368,590.14606078,1,0,0.0,0.0,0.0
3495,104.865,735.02995578,589.7693443,1,0,0.0,0.0,0.0
3496,104.895,734.79669919,589.39260225,1,0,0.0,0.0,0.0
3497,104.925,734.56341462,589.01514712,1,0,0.0,0.0,0.0
3498,104.955,734.32998517,588.63962859,1,0,0.0,0.0,0.0
3499,104.985,734.09632472,588.26316793,1,0,0.0,0.0,0.0
3500,105.015,733.86229662,587.88672708,1,0,0.0,0.0,0.0
3501,105.045,733.6284726,587.51029433,1,0,0.0,0.0,0.0
3502,105.075,733.39500137,587.13385603,1,0,0.0,0.0,0.0
3503,105.105,733.16187355,586.75741686,1,0,0.0,0.0,0.0
3504,105.135,732.92884118,586.38258347,1,0,0.0,0.0,0.0
3505,105.165,732.69483088,586.00884987,1,0,0.0,0.0,0.0
3506,105.195,732.45970498,585.63502892,1,0,0.0,0.0,0.0
3507,105.225,732.22353812,585.26020852,1,0,0.0,0.0,0.0
3508,105.255,731.98655369,584.88712679,1,0,0.0,0.0,0.0
3509,105.285,731.74888833,584.51416815,1,0,0.0,0.0,0.0
3510,105.315,731.51094982,584.14075306,1,0,0.0,0.0,0.0
3511,105.345,731.27262261,583.76734006,1,0,0.0,0.0,0.0
3512,105.375,731.03384014,583.39390838,1,0,0.0,0.0,0.0
3513,105.405,730.79461444,583.02046378,1,0,0.0,0.0,0.0
3514,105.435,730.55491947,582.64701076,1,0,0.0,0.0,0.0
3515,105.465,730.31475189,582.27381833,1,0,0.0,0.0,0.0
3516,105.495,730.07438433,581.90251599,1,0,0.0,0.0,0.0
3517,105.525,729.83407248,581.53050259,1,0,0.0,0.0,0.0
3518,105.555,729.59375569,581.15905133,1,0,0.0,0.0,0.0
3519,105.585,729.35357049,580.78940963,1,0,0.0,0.0,0.0
3520,105.615,729.11347063,580.41853224,1,0,0.0,0.0,0.0
3521,105.645,728.87336575,580.04756067,1,0,0.0,0.0,0.0
3522,105.675,728.63328643,579.67659386,1,0,0.0,0.0,0.0
3523,105.705,728.39323731,579.30563073,1,0,0.0,0.0,0.0
3524,105.735,728.15314019,578.93465066,1,0,0.0,0.0,0.0
3525,105.765,727.91275001,578.56367466,1,0,0.0,0.0,0.0
3526,105.795,727.67204106,578.19190621,1,0,0.0,0.0,0.0
3527,105.825,727.43082231,577.82102662,1,0,0.0,0.0,0.0
3528,105.855,727.1892185,577.45141584,1,0,0.0,0.0,0.0
3529,105.885,726.94732895,577.08348134,1,0,0.0,0.0,0.0
3530,105.915,726.70537546,576.7160082,1,0,0.0,0.0,0.0
3531,105.945,726.46338222,576.34731044,1,0,0.0,0.0,0.0
3532,105.975,726.22143783,575.97862932,1,0,0.0,0.0,0.0
3533,106.005,725.97957736,575.60997626,1,0,0.0,0.0,0.0
3534,106.035,725.73818587,575.24132564,1,0,0.0,0.0,0.0
3535,106.065,725.49710069,574.8726557,1,0,0.0,0.0,0.0
3536,106.095,725.25602927,574.5030103,1,0,0.0,0.0,0.0
3537,106.125,725.01506969,574.13314292,1,0,0.0,0.0,0.0
3538,106.155,724.77426447,573.76329738,1,0,0.0,0.0,0.0
3539,106.185,724.53353266,573.39592813,1,0,0.0,0.0,0.0
3540,106.215,724.29331174,573.03092552,1,0,0.0,0.0,0.0
3541,106.245,724.05379239,572.66561168,1,0,0.0,0.0,0.0
3542,106.275,723.81484506,572.29924289,1,0,0.0,0.0,0.0
3543,106.305,723.57640548,571.93287409,1,0,0.0,0.0,0.0
3544,106.335,723.33848026,571.56651781,1,0,0.0,0.0,0.0
3545,106.365,723.10116316,571.20017431,1,0,0.0,0.0,0.0
3546,106.395,722.86449402,570.83265022,1,0,0.0,0.0,0.0
3547,106.425,722.62851506,570.46499828,1,0,0.0,0.0,0.0
3548,106.455,722.39328044,570.09734633,1,0,0.0,0.0,0.0
3549,106.485,722.1587678,569.72969502,1,0,0.0,0.0,0.0
3550,106.515,721.92479037,569.36325749,1,0,0.0,0.0,0.0
3551,106.545,721.69147758,569.00016105,1,0,0.0,0.0,0.0
3552,106.575,721.45905112,568.63668793,1,0,0.0,0.0,0.0
3553,106.605,721.22750369,568.27220908,1,0,0.0,0.0,0.0
3554,106.635,720.9966712,567.90773653,1,0,0.0,0.0,0.0
3555,106.665,720.76616188,567.54327737,1,0,0.0,0.0,0.0
3556,106.695,720.5359015,567.17756612,1,0,0.0,0.0,0.0
3557,106.725,720.30585667,566.81178983,1,0,0.0,0.0,0.0
3558,106.755,720.07603048,566.44601671,1,0,0.0,0.0,0.0
3559,106.785,719.84645309,566.08023799,1,0,0.0,0.0,0.0
3560,106.815,719.6171245,565.71445929,1,0,0.0,0.0,0.0
3561,106.845,719.38803729,565.35036742,1,0,0.0,0.0,0.0
3562,106.875,719.1589836,564.98678687,1,0,0.0,0.0,0.0
3563,106.905,718.92987008,564.62414181,1,0,0.0,0.0,0.0
3564,106.935,718.70074043,564.26150323,1,0,0.0,0.0,0.0
3565,106.965,718.47148547,563.8988481,1,0,0.0,0.0,0.0
3566,106.995,718.24201654,563.53494519,1,0,0.0,0.0,0.0
3567,107.025,718.01193222,563.17093803,1,0,0.0,0.0,0.0
3568,107.055,717.78111264,562.80691825,1,0,0.0,0.0,0.0
3569,107.085,717.549485,562.44287862,1,0,0.0,0.0,0.0
3570,107.115,717.31689728,562.07885272,1,0,0.0,0.0,0.0
3571,107.145,717.08336362,561.71450749,1,0,0.0,0.0,0.0
3572,107.175,716.84891995,561.35137477,1,0,0.0,0.0,0.0
3573,107.205,716.61405383,560.98917369,1,0,0.0,0.0,0.0
3574,107.235,716.37897814,560.6279541,1,0,0.0,0.0,0.0
3575,107.265,716.14355245,560.26673181,1,0,0.0,0.0,0.0
3576,107.295,715.90766255,559.90438834,1,0,0.0,0.0,0.0
3577,107.325,715.67185673,559.54185556,1,0,0.0,0.0,0.0
3578,107.355,715.43634095,559.17931859,1,0,0.0,0.0,0.0
3579,107.385,715.20040105,558.81678059,1,0,0.0,0.0,0.0
3580,107.415,714.96378179,558.45385551,1,0,0.0,0.0,0.0
3581,107.445,714.72707673,558.09007906,1,0,0.0,0.0,0.0
3582,107.475,714.49048337,557.72671221,1,0,0.0,0.0,0.0
3583,107.505,714.25403665,557.36639935,1,0,0.0,0.0,0.0
3584,107.535,714.01776386,557.00644919,1,0,0.0,0.0,0.0
3585,107.565,713.78217911,556.64654355,1,0,0.0,0.0,0.0
3586,107.595,713.546787,556.28560672,1,0,0.0,0.0,0.0
3587,107.625,713.31166736,555.92425868,1,0,0.0,0.0,0.0
3588,107.655,713.07687328,555.56290478,1,0,0.0,0.0,0.0
3589,107.685,712.84243203,555.20125148,1,0,0.0,0.0,0.0
3590,107.715,712.60822056,554.83863787,1,0,0.0,0.0,0.0
3591,107.745,712.37416865,554.47602735,1,0,0.0,0.0,0.0
3592,107.775,712.14031531,554.11355379,1,0,0.0,0.0,0.0
3593,107.805,711.9065215,553.75335192,1,0,0.0,0.0,0.0
3594,107.835,711.67274978,553.3944009,1,0,0.0,0.0,0.0
3595,107.865,711.43904601,553.03545201,1,0,0.0,0.0,0.0
3596,107.895,711.20539647,552.67569146,1,0,0.0,0.0,0.0
3597,107.925,710.97174254,552.31532947,1,0,0.0,0.0,0.0
3598,107.955,710.73810138,551.95476373,1,0,0.0,0.0,0.0
3599,107.985,710.50439394,551.59309526,1,0,0.0,0.0,0.0
3600,108.015,710.27095482,551.23146161,1,0,0.0,0.0,0.0
3601,108.045,710.03810456,550.86982465,1,0,0.0,0.0,0.0
3602,108.075,709.80583287,550.50872825,1,0,0.0,0.0,0.0
3603,108.105,709.57431863,550.14876286,1,0,0.0,0.0,0.0
3604,108.135,709.34416512,549.78967112,1,0,0.0,0.0,0.0
3605,108.165,709.11558077,549.43160127,1,0,0.0,0.0,0.0
3606,108.195,708.88857697,549.07299834,1,0,0.0,0.0,0.0
3607,108.225,708.66307991,548.71339961,1,0,0.0,0.0,0.0
3608,108.255,708.43901781,548.35251697,1,0,0.0,0.0,0.0
3609,108.285,708.21632566,547.99163717,1,0,0.0,0.0,0.0
3610,108.315,707.99497941,547.63073658,1,0,0.0,0.0,0.0
3611,108.345,707.77491847,547.26984098,1,0,0.0,0.0,0.0
3612,108.375,707.55604023,546.9098897,1,0,0.0,0.0,0.0
3613,108.405,707.33803715,546.55063116,1,0,0.0,0.0,0.0
3614,108.435,707.12052639,546.19136487,1,0,0.0,0.0,0.0
3615,108.465,706.90352727,545.83302954,1,0,0.0,0.0,0.0
3616,108.495,706.68714015,545.47537135,1,0,0.0,0.0,0.0
3617,108.525,706.47133998,545.11516794,1,0,0.0,0.0,0.0
3618,108.555,706.25573033,544.754771,1,0,0.0,0.0,0.0
3619,108.585,706.0400733,544.39436548,1,0,0.0,0.0,0.0
3620,108.615,705.82441064,544.03396299,1,0,0.0,0.0,0.0
3621,108.645,705.60882018,543.67355176,1,0,0.0,0.0,0.0
3622,108.675,705.39333532,543.31420426,1,0,0.0,0.0,0.0
3623,108.705,705.17800565,542.95520105,1,0,0.0,0.0,0.0
3624,108.735,704.96284145,542.59619433,1,0,0.0,0.0,0.0
3625,108.765,704.74790808,542.23719432,1,0,0.0,0.0,0.0
3626,108.795,704.53308818,541.87839895,1,0,0.0,0.0,0.0
3627,108.825,704.31769469,541.51863837,1,0,0.0,0.0,0.0
3628,108.855,704.10150222,541.15869255,1,0,0.0,0.0,0.0
3629,108.885,703.88439005,540.79897994,1,0,0.0,0.0,0.0
3630,108.915,703.66638896,540.44024231,1,0,0.0,0.0,0.0
3631,108.945,703.44754176,540.0813471,1,0,0.0,0.0,0.0
3632,108.975,703.22780633,539.72173034,1,0,0.0,0.0,0.0
3633,109.005,703.00712253,539.36211005,1,0,0.0,0.0,0.0
3634,109.035,702.78549565,539.00249015,1,0,0.0,0.0,0.0
3635,109.065,702.56291955,538.64288757,1,0,0.0,0.0,0.0
3636,109.095,702.33946207,538.28327498,1,0,0.0,0.0,0.0
3637,109.125,700.04595477,425.75763472,1,0,0.0,0.0,0.0
3638,109.155,696.4516116,425.63388124,1,0,0.0,0.0,0.0
3639,109.185,692.8568039,425.51010381,1,0,0.0,0.0,0.0
3640,109.215,689.26157453,425.38631583,1,0,0.0,0.0,0.0
3641,109.245,685.66591848,425.26254476,1,0,0.0,0.0,0.0
3642,109.275,682.06989725,425.13946216,1,0,0.0,0.0,0.0
3643,109.305,678.47311061,425.01641297,1,0,0.0,0.0,0.0
3644,109.335,674.87543582,424.89360922,1,0,0.0,0.0,0.0
3645,109.365,671.27707035,424.77140005,1,0,0.0,0.0,0.0
3646,109.395,667.67805953,424.64958918,1,0,0.0,0.0,0.0
3647,109.425,664.07845217,424.52828124,1,0,0.0,0.0,0.0
3648,109.455,660.47827258,424.40695908,1,0,0.0,0.0,0.0
3649,109.485,656.87772194,424.2861113,1,0,0.0,0.0,0.0
3650,109.515,653.27711183,424.16545,1,0,0.0,0.0,0.0
3651,109.545,649.67658325,424.04475719,1,0,0.0,0.0,0.0
3652,109.575,646.0762303,423.92405543,1,0,0.0,0.0,0.0
3653,109.605,642.47596345,423.8035699,1,0,0.0,0.0,0.0
3654,109.635,638.87561928,423.6846603,1,0,0.0,0.0,0.0
3655,109.665,635.27517585,423.56571426,1,0,0.0,0.0,0.0
3656,109.695,631.67473503,423.44674034,1,0,0.0,0.0,0.0
3657,109.725,628.07450492,423.32770881,1,0,0.0,0.0,0.0
3658,109.755,624.47473395,423.20899979,1,0,0.0,0.0,0.0
3659,109.785,620.87557606,423.09055953,1,0,0.0,0.0,0.0
3660,109.815,617.27724573,422.97200361,1,0,0.0,0.0,0.0
3661,109.845,613.6800199,422.85411998,1,0,0.0,0.0,0.0
3662,109.875,610.0842104,422.73636084,1,0,0.0,0.0,0.0
3663,109.905,606.48973246,422.61946861,1,0,0.0,0.0,0.0
3664,109.935,602.89623636,422.50262805,1,0,0.0,0.0,0.0
3665,109.965,599.30418804,422.38586147,1,0,0.0,0.0,0.0
3666,109.995,595.71378708,422.26962473,1,0,0.0,0.0,0.0
3667,110.025,592.12414365,422.15345877,1,0,0.0,0.0,0.0
3668,110.055,588.5346417,422.03739951,1,0,0.0,0.0,0.0
3669,110.085,584.94500319,421.92128127,1,0,0.0,0.0,0.0
3670,110.115,583.43013605,421.65448106,1,0,0.0,0.0,0.0
3671,110.145,583.20948324,421.29375494,1,0,0.0,0.0,0.0
3672,110.175,582.9888763,420.93314493,1,0,0.0,0.0,0.0
3673,110.205,582.76890505,420.57248601,1,0,0.0,0.0,0.0
3674,110.235,582.55078087,420.21183091,1,0,0.0,0.0,0.0
3675,110.265,582.33493003,419.85118928,1,0,0.0,0.0,0.0
3676,110.295,582.12059301,419.48961618,1,0,0.0,0.0,0.0
3677,110.325,581.90735057,419.12806303,1,0,0.0,0.0,0.0
3678,110.355,581.69327587,418.76749199,1,0,0.0,0.0,0.0
3679,110.385,581.47949481,418.40690936,1,0,0.0,0.0,0.0
3680,110.415,581.26568339,418.04562173,1,0,0.0,0.0,0.0
3681,110.445,581.05109316,417.68345807,1,0,0.0,0.0,0.0
3682,110.475,580.8355112,417.32112765,1,0,0.0,0.0,0.0
3683,110.505,580.61802452,416.95880629,1,0,0.0,0.0,0.0
3684,110.535,580.39798357,416.59648433,1,0,0.0,0.0,0.0
3685,110.565,580.17536961,416.23463713,1,0,0.0,0.0,0.0
3686,110.595,579.95103894,415.87328112,1,0,0.0,0.0,0.0
3687,110.625,579.72520807,415.5118854,1,0,0.0,0.0,0.0
3688,110.655,579.49795833,415.15047277,1,0,0.0,0.0,0.0
3689,110.685,579.2698816,414.78904395,1,0,0.0,0.0,0.0
3690,110.715,579.04103922,414.42687332,1,0,0.0,0.0,0.0
3691,110.745,578.81119946,414.0618623,1,0,0.0,0.0,0.0
3692,110.775,578.58047121,413.6978959,1,0,0.0,0.0,0.0
3693,110.805,578.34896815,413.33438985,1,0,0.0,0.0,0.0
3694,110.835,578.11656859,412.97089376,1,0,0.0,0.0,0.0
3695,110.865,577.88310545,412.60830253,1,0,0.0,0.0,0.0
3696,110.895,577.64845458,412.24609737,1,0,0.0,0.0,0.0
3697,110.925,577.41261081,411.88388732,1,0,0.0,0.0,0.0
3698,110.955,577.17542729,411.52164929,1,0,0.0,0.0,0.0
3699,110.985,576.93690941,411.15908506,1,0,0.0,0.0,0.0
3700,111.015,576.69699769,410.7951617,1,0,0.0,0.0,0.0
3701,111.045,576.45544256,410.42957808,1,0,0.0,0.0,0.0
3702,111.075,576.21202237,410.06371992,1,0,0.0,0.0,0.0
3703,111.105,575.96666097,409.69897133,1,0,0.0,0.0,0.0
3704,111.135,575.71963651,409.3346719,1,0,0.0,0.0,0.0
3705,111.165,575.47171943,408.97159717,1,0,0.0,0.0,0.0
3706,111.195,575.22319487,408.608664,1,0,0.0,0.0,0.0
3707,111.225,574.97415738,408.24574352,1,0,0.0,0.0,0.0
3708,111.255,574.72492167,407.88272393,1,0,0.0,0.0,0.0
3709,111.285,574.47568315,407.51808483,1,0,0.0,0.0,0.0
3710,111.315,574.22644009,407.15343434,1,0,0.0,0.0,0.0
3711,111.345,573.9771826,406.78743238,1,0,0.0,0.0,0.0
3712,111.375,573.72776573,406.4207608,1,0,0.0,0.0,0.0
3713,111.405,573.47750294,406.054107,1,0,0.0,0.0,0.0
3714,111.435,573.22633686,405.68890809,1,0,0.0,0.0,0.0
3715,111.465,572.97440242,405.32494573,1,0,0.0,0.0,0.0
3716,111.495,572.72173163,404.96095537,1,0,0.0,0.0,0.0
3717,111.525,572.46813399,404.59695413,1,0,0.0,0.0,0.0
3718,111.555,572.21350514,404.23112632,1,0,0.0,0.0,0.0
3719,111.585,571.95753879,403.86524445,1,0,0.0,0.0,0.0
3720,111.615,571.70099821,403.49937001,1,0,0.0,0.0,0.0
3721,111.645,571.44393479,403.13245157,1,0,0.0,0.0,0.0
3722,111.675,571.1861572,402.76452396,1,0,0.0,0.0,0.0
3723,111.705,570.92761277,402.39659181,1,0,0.0,0.0,0.0
3724,111.735,570.66831293,402.02921872,1,0,0.0,0.0,0.0
3725,111.765,570.40836976,401.66390062,1,0,0.0,0.0,0.0
3726,111.795,570.14787206,401.29857965,1,0,0.0,0.0,0.0
3727,111.825,569.88742605,400.93159309,1,0,0.0,0.0,0.0
3728,111.855,569.62726706,400.56443377,1,0,0.0,0.0,0.0
3729,111.885,569.36720105,400.1972957,1,0,0.0,0.0,0.0
3730,111.915,569.1070283,399.83016066,1,0,0.0,0.0,0.0
3731,111.945,568.84675755,399.4622143,1,0,0.0,0.0,0.0
3732,111.975,568.58632356,399.09296213,1,0,0.0,0.0,0.0
3733,112.005,568.32570622,398.72370996,1,0,0.0,0.0,0.0
3734,112.035,568.06494191,398.35541553,1,0,0.0,0.0,0.0
3735,112.065,567.80412186,397.98776343,1,0,0.0,0.0,0.0
3736,112.095,567.54336518,397.61948774,1,0,0.0,0.0,0.0
3737,112.125,567.28334345,397.2509764,1,0,0.0,0.0,0.0
3738,112.155,567.02462942,396.88241831,1,0,0.0,0.0,0.0
3739,112.185,566.76818147,396.51385308,1,0,0.0,0.0,0.0
3740,112.215,566.51404871,396.14527711,1,0,0.0,0.0,0.0
3741,112.245,566.26231894,395.77598939,1,0,0.0,0.0,0.0
3742,112.275,566.01302629,395.40516303,1,0,0.0,0.0,0.0
3743,112.305,565.76538579,395.03432931,1,0,0.0,0.0,0.0
3744,112.335,565.51910156,394.6635737,1,0,0.0,0.0,0.0
3745,112.365,565.27476582,394.29228571,1,0,0.0,0.0,0.0
3746,112.395,565.03235548,393.92147706,1,0,0.0,0.0,0.0
3747,112.425,564.79117818,393.55153766,1,0,0.0,0.0,0.0
3748,112.455,564.55105284,393.18160601,1,0,0.0,0.0,0.0
3749,112.485,564.31157214,392.81169207,1,0,0.0,0.0,0.0
3750,112.515,564.07262751,392.44181289,1,0,0.0,0.0,0.0
3751,112.545,563.83428835,392.07132116,1,0,0.0,0.0,0.0
3752,112.575,563.59648293,391.69920434,1,0,0.0,0.0,0.0
3753,112.605,563.3591833,391.32708751,1,0,0.0,0.0,0.0
3754,112.635,563.12238921,390.95497065,1,0,0.0,0.0,0.0
3755,112.665,562.88596469,390.58053744,1,0,0.0,0.0,0.0
3756,112.695,562.64930389,390.20628449,1,0,0.0,0.0,0.0
3757,112.725,562.41241591,389.83416084,1,0,0.0,0.0,0.0
3758,112.755,562.17560869,389.46242276,1,0,0.0,0.0,0.0
3759,112.785,561.93889615,389.09068659,1,0,0.0,0.0,0.0
3760,112.815,561.70198701,388.71895293,1,0,0.0,0.0,0.0
3761,112.845,561.46480209,388.34651137,1,0,0.0,0.0,0.0
3762,112.875,561.22704929,387.97255211,1,0,0.0,0.0,0.0
3763,112.905,560.98857812,387.59859285,1,0,0.0,0.0,0.0
3764,112.935,560.74938861,387.22463359,1,0,0.0,0.0,0.0
3765,112.965,560.50950794,386.85068523,1,0,0.0,0.0,0.0
3766,112.995,560.26894478,386.47413896,1,0,0.0,0.0,0.0
3767,113.025,560.02765081,386.09768948,1,0,0.0,0.0,0.0
3768,113.055,559.7856846,385.7229506,1,0,0.0,0.0,0.0
3769,113.085,559.54316597,385.3490353,1,0,0.0,0.0,0.0
3770,113.115,559.30011939,384.97511996,1,0,0.0,0.0,0.0
3771,113.145,559.05653827,384.60021783,1,0,0.0,0.0,0.0
3772,113.175,558.81234759,384.22390595,1,0,0.0,0.0,0.0
3773,113.205,558.56749022,383.84761933,1,0,0.0,0.0,0.0
3774,113.235,558.32211951,383.47139801,1,0,0.0,0.0,0.0
3775,113.265,558.0764567,383.09517669,1,0,0.0,0.0,0.0
3776,113.295,557.83050119,382.71864346,1,0,0.0,0.0,0.0
3777,113.325,557.58419946,382.33970332,1,0,0.0,0.0,0.0
3778,113.355,557.33758622,381.96141343,1,0,0.0,0.0,0.0
3779,113.385,557.09080856,381.58375296,1,0,0.0,0.0,0.0
3780,113.415,556.84388793,381.2070816,1,0,0.0,0.0,0.0
3781,113.445,556.59683632,380.82933618,1,0,0.0,0.0,0.0
3782,113.475,556.34959922,380.45052951,1,0,0.0,0.0,0.0
3783,113.505,556.10216981,380.07172283,1,0,0.0,0.0,0.0
3784,113.535,555.8545481,379.69291615,1,0,0.0,0.0,0.0
3785,113.565,555.60673408,379.31410947,1,0,0.0,0.0,0.0
3786,113.595,555.35872775,378.93530279,1,0,0.0,0.0,0.0
3787,113.625,555.11052515,378.55558975,1,0,0.0,0.0,0.0
3788,113.655,554.86207014,378.17393102,1,0,0.0,0.0,0.0
3789,113.685,554.61338844,377.79345709,1,0,0.0,0.0,0.0
3790,113.715,554.36452557,377.41299357,1,0,0.0,0.0,0.0
3791,113.745,554.11542541,377.03059192,1,0,0.0,0.0,0.0
3792,113.775,553.86603226,376.64887234,1,0,0.0,0.0,0.0
3793,113.805,553.61637599,376.26715276,1,0,0.0,0.0,0.0
3794,113.835,553.36646412,375.88544516,1,0,0.0,0.0,0.0
3795,113.865,553.11635271,375.5037524,1,0,0.0,0.0,0.0
3796,113.895,552.86605327,375.12205964,1,0,0.0,0.0,0.0
3797,113.925,552.61556579,374.74036688,1,0,0.0,0.0,0.0
3798,113.955,552.36485246,374.35689471,1,0,0.0,0.0,0.0
3799,113.985,552.11384857,373.97298478,1,0,0.0,0.0,0.0
3800,114.015,551.86275264,373.58922891,1,0,0.0,0.0,0.0
3801,114.045,551.61145616,373.20320554,1,0,0.0,0.0,0.0
3802,114.075,551.35991756,372.81718217,1,0,0.0,0.0,0.0
3803,114.105,551.1081711,372.43199009,1,0,0.0,0.0,0.0
3804,114.135,550.85624989,372.0471976,1,0,0.0,0.0,0.0
3805,114.165,550.60612784,371.66223762,1,0,0.0,0.0,0.0
3806,114.195,550.35861379,371.27731079,1,0,0.0,0.0,0.0
3807,114.225,550.11346325,370.89240307,1,0,0.0,0.0,0.0
3808,114.255,549.87063327,370.50745611,1,0,0.0,0.0,0.0
3809,114.285,549.6281915,370.12015688,1,0,0.0,0.0,0.0
3810,114.315,549.38487163,369.73219192,1,0,0.0,0.0,0.0
3811,114.345,549.14071709,369.34301829,1,0,0.0,0.0,0.0
3812,114.375,548.89648055,368.95395073,1,0,0.0,0.0,0.0
3813,114.405,548.65284373,368.5648679,1,0,0.0,0.0,0.0
3814,114.435,548.40967365,368.17612356,1,0,0.0,0.0,0.0
3815,114.465,548.16693589,367.78831674,1,0,0.0,0.0,0.0
3816,114.495,547.92466506,367.40050195,1,0,0.0,0.0,0.0
3817,114.525,547.68284148,367.01264115,1,0,0.0,0.0,0.0
3818,114.555,547.4414529,366.62478409,1,0,0.0,0.0,0.0
3819,114.585,547.20065271,366.23501091,1,0,0.0,0.0,0.0
3820,114.615,546.96102089,365.84226764,1,0,0.0,0.0,0.0
3821,114.645,546.72256376,365.44949374,1,0,0.0,0.0,0.0
3822,114.675,546.48522503,365.05671983,1,0,0.0,0.0,0.0
3823,114.705,546.24900069,364.66394955,1,0,0.0,0.0,0.0
3824,114.735,546.01337506,364.27121311,1,0,0.0,0.0,0.0
3825,114.765,545.77799011,363.87847667,1,0,0.0,0.0,0.0
3826,114.795,545.54206803,363.48696238,1,0,0.0,0.0,0.0
3827,114.825,545.30624189,363.09560162,1,0,0.0,0.0,0.0
3828,114.855,545.07000397,362.70429806,1,0,0.0,0.0,0.0
3829,114.885,544.83330941,362.31029815,1,0,0.0,0.0,0.0
3830,114.915,544.59562771,361.91362849,1,0,0.0,0.0,0.0
3831,114.945,544.3565274,361.51714518,1,0,0.0,0.0,0.0
3832,114.975,544.11604847,361.12061184,1,0,0.0,0.0,0.0
3833,115.005,543.87430517,360.72406186,1,0,0.0,0.0,0.0
3834,115.035,543.63130269,360.32751188,1,0,0.0,0.0,0.0
3835,115.065,543.38704103,359.9309619,1,0,0.0,0.0,0.0
3836,115.095,543.14152018,359.53441192,1,0,0.0,0.0,0.0
3837,115.125,542.89473536,359.13886571,1,0,0.0,0.0,0.0
3838,115.155,542.64665089,358.74223593,1,0,0.0,0.0,0.0
3839,115.185,542.39712182,358.34373661,1,0,0.0,0.0,0.0
3840,115.215,542.14612055,357.94257642,1,0,0.0,0.0,0.0
3841,115.245,541.89374151,357.54143893,1,0,0.0,0.0,0.0
3842,115.275,541.64026332,357.14023998,1,0,0.0,0.0,0.0
3843,115.305,541.38579868,356.73905596,1,0,0.0,0.0,0.0
3844,115.335,541.13028926,356.33787962,1,0,0.0,0.0,0.0
3845,115.365,540.87373041,355.93670328,1,0,0.0,0.0,0.0
3846,115.395,540.61612213,355.53552694,1,0,0.0,0.0,0.0
3847,115.425,540.35746039,355.13361358,1,0,0.0,0.0,0.0
3848,115.455,540.09773557,354.7302402,1,0,0.0,0.0,0.0
3849,115.485,539.83706584,354.32704715,1,0,0.0,0.0,0.0
3850,115.515,539.57553616,353.92475874,1,0,0.0,0.0,0.0
3851,115.545,539.31323024,353.51941479,1,0,0.0,0.0,0.0
3852,115.575,539.05003665,353.11299634,1,0,0.0,0.0,0.0
3853,115.605,538.78595018,352.70657788,1,0,0.0,0.0,0.0
3854,115.635,538.52097082,352.30015942,1,0,0.0,0.0,0.0
3855,115.665,538.25509856,351.89374097,1,0,0.0,0.0,0.0
3856,115.695,537.98833153,351.48674986,1,0,0.0,0.0,0.0
3857,115.725,537.72058587,351.07696153,1,0,0.0,0.0,0.0
3858,115.755,537.45181654,350.6671732,1,0,0.0,0.0,0.0
3859,115.785,537.18202494,350.2574562,1,0,0.0,0.0,0.0
3860,115.815,536.91136921,349.84976711,1,0,0.0,0.0,0.0
3861,115.845,536.64001827,349.44235457,1,0,0.0,0.0,0.0
3862,115.875,536.36795625,349.03494192,1,0,0.0,0.0,0.0
3863,115.905,536.0951631,348.62513597,1,0,0.0,0.0,0.0
3864,115.935,535.82153038,348.21297457,1,0,0.0,0.0,0.0
3865,115.965,535.54703716,347.79998941,1,0,0.0,0.0,0.0
3866,115.995,535.27160585,347.38430922,1,0,0.0,0.0,0.0
3867,116.025,534.99520294,346.96862902,1,0,0.0,0.0,0.0
3868,116.055,534.71782842,346.55294883,1,0,0.0,0.0,0.0
3869,116.085,534.4394933,346.13765993,1,0,0.0,0.0,0.0
3870,116.115,534.16030701,345.72299649,1,0,0.0,0.0,0.0
3871,116.145,533.88029767,345.30833305,1,0,0.0,0.0,0.0
3872,116.175,533.59946526,344.89366961,1,0,0.0,0.0,0.0
3873,116.205,533.31784202,344.47986285,1,0,0.0,0.0,0.0
3874,116.235,533.03557027,344.06507059,1,0,0.0,0.0,0.0
3875,116.265,532.75250255,343.64563204,1,0,0.0,0.0,0.0
3876,116.295,532.46844557,343.22360906,1,0,0.0,0.0,0.0
3877,116.325,532.18362326,342.80155503,1,0,0.0,0.0,0.0
3878,116.355,531.89809969,342.37950101,1,0,0.0,0.0,0.0
3879,116.385,531.61192101,341.95827772,1,0,0.0,0.0,0.0
3880,116.415,531.32517315,341.53722439,1,0,0.0,0.0,0.0
3881,116.445,531.03785802,341.11617105,1,0,0.0,0.0,0.0
3882,116.475,530.74997562,340.69511772,1,0,0.0,0.0,0.0
3883,116.505,530.46149963,340.27116148,1,0,0.0,0.0,0.0
3884,116.535,530.17236554,339.84623445,1,0,0.0,0.0,0.0
3885,116.565,529.88257039,339.42130741,1,0,0.0,0.0,0.0
3886,116.595,529.59214722,338.99729201,1,0,0.0,0.0,0.0
3887,116.625,529.30115525,338.56977511,1,0,0.0,0.0,0.0
3888,116.655,529.00952679,338.1412075,1,0,0.0,0.0,0.0
3889,116.685,528.71744022,337.7132178,1,0,0.0,0.0,0.0
3890,116.715,528.42500019,337.28522809,1,0,0.0,0.0,0.0
3891,116.745,528.13220197,336.85640036,1,0,0.0,0.0,0.0
3892,116.775,527.83929066,336.42445001,1,0,0.0,0.0,0.0
3893,116.805,527.54676584,335.99251072,1,0,0.0,0.0,0.0
3894,116.835,527.25386585,335.56057652,1,0,0.0,0.0,0.0
3895,116.865,526.96051403,335.12864233,1,0,0.0,0.0,0.0
3896,116.895,526.66677736,334.69675108,1,0,0.0,0.0,0.0
3897,116.925,526.37272607,334.26498963,1,0,0.0,0.0,0.0
3898,116.955,526.07825489,333.8327954,1,0,0.0,0.0,0.0
3899,116.985,525.78318995,333.39750269,1,0,0.0,0.0,0.0
3900,117.015,525.48741054,332.9587714,1,0,0.0,0.0,0.0
3901,117.045,525.19083131,332.51926169,1,0,0.0,0.0,0.0
3902,117.075,524.89345005,332.07975198,1,0,0.0,0.0,0.0
3903,117.105,524.59526678,331.64024227,1,0,0.0,0.0,0.0
3904,117.135,524.29628148,331.20073256,1,0,0.0,0.0,0.0
3905,117.165,523.99649416,330.76122285,1,0,0.0,0.0,0.0
3906,117.195,523.69590482,330.32171403,1,0,0.0,0.0,0.0
3907,117.225,523.39468554,329.88312094,1,0,0.0,0.0,0.0
3908,117.255,523.09301762,329.44201816,1,0,0.0,0.0,0.0
3909,117.285,522.79065918,328.99905381,1,0,0.0,0.0,0.0
3910,117.315,522.48739714,328.54969023,1,0,0.0,0.0,0.0
3911,117.345,522.18315392,328.10113383,1,0,0.0,0.0,0.0
3912,117.375,521.87807793,327.65306845,1,0,0.0,0.0,0.0
3913,117.405,521.57218195,327.20500308,1,0,0.0,0.0,0.0
3914,117.435,521.26546597,326.7569377,1,0,0.0,0.0,0.0
3915,117.465,520.95792646,326.30889342,1,0,0.0,0.0,0.0
3916,117.495,520.64960873,325.85957324,1,0,0.0,0.0,0.0
3917,117.525,520.34051232,325.40781217,1,0,0.0,0.0,0.0
3918,117.555,520.03062592,324.9560511,1,0,0.0,0.0,0.0
3919,117.585,519.7199495,324.50429003,1,0,0.0,0.0,0.0
3920,117.615,519.40848307,324.05252896,1,0,0.0,0.0,0.0
3921,117.645,519.09622279,323.6007678,1,0,0.0,0.0,0.0
3922,117.675,518.78305575,323.14244486,1,0,0.0,0.0,0.0
3923,117.705,518.46886625,322.68363058,1,0,0.0,0.0,0.0
3924,117.735,518.15382078,322.22299461,1,0,0.0,0.0,0.0
3925,117.765,517.83791823,321.76082443,1,0,0.0,0.0,0.0
3926,117.795,517.52118923,321.29865425,1,0,0.0,0.0,0.0
3927,117.825,517.20355431,320.83653697,1,0,0.0,0.0,0.0
3928,117.855,516.88489663,320.37442573,1,0,0.0,0.0,0.0
3929,117.885,516.56521512,319.9123145,1,0,0.0,0.0,0.0
3930,117.915,516.2445098,319.45020327,1,0,0.0,0.0,0.0
3931,117.945,515.92278067,318.98809204,1,0,0.0,0.0,0.0
3932,117.975,515.60005308,318.52208085,1,0,0.0,0.0,0.0
3933,118.005,515.27640638,318.05532818,1,0,0.0,0.0,0.0
3934,118.035,514.95194376,317.58898747,1,0,0.0,0.0,0.0
3935,118.065,514.62664108,317.11652586,1,0,0.0,0.0,0.0
3936,118.095,514.30046823,316.64262824,1,0,0.0,0.0,0.0
3937,118.125,513.97343009,316.16873061,1,0,0.0,0.0,0.0
3938,118.155,513.64552667,315.69483299,1,0,0.0,0.0,0.0
3939,118.185,513.31686377,315.22004226,1,0,0.0,0.0,0.0
3940,118.215,512.98761668,314.74057792,1,0,0.0,0.0,0.0
3941,118.245,512.65726102,314.26113016,1,0,0.0,0.0,0.0
3942,118.275,512.32581472,313.78252813,1,0,0.0,0.0,0.0
3943,118.305,511.99337458,313.30393419,1,0,0.0,0.0,0.0
3944,118.335,511.66021846,312.82531563,1,0,0.0,0.0,0.0
3945,118.365,511.32645186,312.34669707,1,0,0.0,0.0,0.0
3946,118.395,510.99207254,311.86807812,1,0,0.0,0.0,0.0
3947,118.425,510.656987,311.38256916,1,0,0.0,0.0,0.0
3948,118.455,510.32093926,310.88892301,1,0,0.0,0.0,0.0
3949,118.485,509.9835874,310.39543148,1,0,0.0,0.0,0.0
3950,118.515,509.64492946,309.90257847,1,0,0.0,0.0,0.0
3951,118.545,509.3051426,309.40995887,1,0,0.0,0.0,0.0
3952,118.575,508.96421143,308.91733467,1,0,0.0,0.0,0.0
3953,118.605,508.62212784,308.42471047,1,0,0.0,0.0,0.0
3954,118.635,508.27887663,307.93209523,1,0,0.0,0.0,0.0
3955,118.665,507.9343387,307.43949158,1,0,0.0,0.0,0.0
3956,118.695,507.58848768,306.94620263,1,0,0.0,0.0,0.0
3957,118.725,507.24114489,306.44476982,1,0,0.0,0.0,0.0
3958,118.755,506.8922096,305.94384328,1,0,0.0,0.0,0.0
3959,118.785,506.5414814,305.44185149,1,0,0.0,0.0,0.0
3960,118.815,506.18969236,304.93054243,1,0,0.0,0.0,0.0
3961,118.845,505.83718121,304.41958007,1,0,0.0,0.0,0.0
3962,118.875,505.4838512,303.90973631,1,0,0.0,0.0,0.0
3963,118.905,505.12931755,303.39991814,1,0,0.0,0.0,0.0
3964,118.935,504.77356229,302.89009997,1,0,0.0,0.0,0.0
3965,118.965,504.4165854,302.38028181,1,0,0.0,0.0,0.0
3966,118.995,504.05837077,301.87100238,1,0,0.0,0.0,0.0
3967,119.025,503.69880308,301.35568797,1,0,0.0,0.0,0.0
3968,119.055,503.33766084,300.83648293,1,0,0.0,0.0,0.0
3969,119.085,502.9748999,300.31727855,1,0,0.0,0.0,0.0
3970,119.115,502.6104926,299.79807421,1,0,0.0,0.0,0.0
3971,119.145,502.24437296,299.27213817,1,0,0.0,0.0,0.0
3972,119.175,501.87623285,298.74101662,1,0,0.0,0.0,0.0
3973,119.205,501.50605775,298.20989736,1,0,0.0,0.0,0.0
3974,119.235,501.1340473,297.67972716,1,0,0.0,0.0,0.0
3975,119.265,500.76064316,297.1509556,1,0,0.0,0.0,0.0
3976,119.295,500.38598405,296.62218404,1,0,0.0,0.0,0.0
3977,119.325,500.01002309,296.08678198,1,0,0.0,0.0,0.0
3978,119.355,499.63255742,295.54669122,1,0,0.0,0.0,0.0
3979,119.385,499.2535636,295.00660046,1,0,0.0,0.0,0.0
3980,119.415,498.87304162,294.4665097,1,0,0.0,0.0,0.0
3981,119.445,498.49099148,293.92641894,1,0,0.0,0.0,0.0
3982,119.475,498.10734992,293.37869685,1,0,0.0,0.0,0.0
3983,119.505,497.72179241,292.82447809,1,0,0.0,0.0,0.0
3984,119.535,497.3343852,292.2711887,1,0,0.0,0.0,0.0
3985,119.565,496.94535553,291.71812427,1,0,0.0,0.0,0.0
3986,119.595,496.55470996,291.16505984,1,0,0.0,0.0,0.0
3987,119.625,496.16235262,290.60017279,1,0,0.0,0.0,0.0
3988,119.655,495.76836533,290.03584612,1,0,0.0,0.0,0.0
3989,119.685,495.37278782,289.47151944,1,0,0.0,0.0,0.0
3990,119.715,494.97562007,288.90719277,1,0,0.0,0.0,0.0
3991,119.745,494.5768621,288.3428661,1,0,0.0,0.0,0.0
3992,119.775,494.17651391,287.77853942,1,0,0.0,0.0,0.0
3993,119.805,493.77457548,287.21421275,1,0,0.0,0.0,0.0
3994,119.835,493.37077619,286.63288263,1,0,0.0,0.0,0.0
3995,119.865,492.96490246,286.05165485,1,0,0.0,0.0,0.0
3996,119.895,492.55692494,285.45882425,1,0,0.0,0.0,0.0
3997,119.925,492.14649189,284.86378692,1,0,0.0,0.0,0.0
3998,119.955,491.73359631,284.26874958,1,0,0.0,0.0,0.0
3999,119.985,491.31828318,283.67428776,1,0,0.0,0.0,0.0
4000,120.015,490.90092042,283.08059919,1,0,0.0,0.0,0.0
4001,120.045,490.48158923,282.48691062,1,0,0.0,0.0,0.0
4002,120.075,490.0602896,281.89322206,1,0,0.0,0.0,0.0
4003,120.105,489.63702154,281.29953349,1,0,0.0,0.0,0.0
4004,120.135,489.21177734,280.70338877,1,0,0.0,0.0,0.0
4005,120.165,488.78421114,280.09457111,1,0,0.0,0.0,0.0
4006,120.195,488.354155,279.46644052,1,0,0.0,0.0,0.0
4007,120.225,487.92130385,278.83608281,1,0,0.0,0.0,0.0
4008,120.255,487.48566279,278.20572511,1,0,0.0,0.0,0.0
4009,120.285,487.04723063,277.57536726,1,0,0.0,0.0,0.0
4010,120.315,486.60600449,276.94500937,1,0,0.0,0.0,0.0
4011,120.345,486.16219544,276.31598279,1,0,0.0,0.0,0.0
4012,120.375,485.7161088,275.68701208,1,0,0.0,0.0,0.0
4013,120.405,485.26776827,275.04125691,1,0,0.0,0.0,0.0
4014,120.435,484.81710953,274.39454055,1,0,0.0,0.0,0.0
4015,120.465,484.36418243,273.74842943,1,0,0.0,0.0,0.0
4016,120.495,483.90927687,273.10291819,1,0,0.0,0.0,0.0
4017,120.525,483.45207736,272.43721106,1,0,0.0,0.0,0.0
4018,120.555,482.9919769,271.76525819,1,0,0.0,0.0,0.0
4019,120.585,482.52895316,271.09330531,1,0,0.0,0.0,0.0
4020,120.615,482.06298583,270.41684522,1,0,0.0,0.0,0.0
4021,120.645,481.59351204,269.72442121,1,0,0.0,0.0,0.0
4022,120.675,481.12027699,269.03199719,1,0,0.0,0.0,0.0
4023,120.705,480.64356945,268.34097994,1,0,0.0,0.0,0.0
4024,120.735,480.16373983,267.65009511,1,0,0.0,0.0,0.0
4025,120.765,479.68101334,266.960275,1,0,0.0,0.0,0.0
4026,120.795,479.19557324,266.2704549,1,0,0.0,0.0,0.0
4027,120.825,478.7072496,265.56223064,1,0,0.0,0.0,0.0
4028,120.855,478.21482906,264.81665736,1,0,0.0,0.0,0.0
4029,120.885,477.71776561,264.07085131,1,0,0.0,0.0,0.0
4030,120.915,477.21605922,263.32504526,1,0,0.0,0.0,0.0
4031,120.945,476.70970989,262.57923922,1,0,0.0,0.0,0.0
4032,120.975,476.19871761,261.83343317,1,0,0.0,0.0,0.0
4033,121.005,475.68308389,261.08771918,1,0,0.0,0.0,0.0
4034,121.035,475.16301221,260.3356364,1,0,0.0,0.0,0.0
4035,121.065,474.63811587,259.56399904,1,0,0.0,0.0,0.0
4036,121.095,474.10864855,258.77937667,1,0,0.0,0.0,0.0
4037,121.125,473.57376822,257.96812833,1,0,0.0,0.0,0.0
4038,121.155,473.03319398,257.15688,1,0,0.0,0.0,0.0
4039,121.185,472.48692584,256.34563166,1,0,0.0,0.0,0.0
4040,121.215,471.93494744,255.53260429,1,0,0.0,0.0,0.0
4041,121.245,471.37651431,254.68853456,1,0,0.0,0.0,0.0
4042,121.275,470.81126435,253.84518225,1,0,0.0,0.0,0.0
4043,121.305,470.23975551,253.00224665,1,0,0.0,0.0,0.0
4044,121.335,469.66203091,252.15402224,1,0,0.0,0.0,0.0
4045,121.365,469.0771405,251.25911773,1,0,0.0,0.0,0.0
4046,121.395,468.48435474,250.34963471,1,0,0.0,0.0,0.0
4047,121.425,467.88324328,249.41635417,1,0,0.0,0.0,0.0
4048,121.455,467.27393071,248.48307363,1,0,0.0,0.0,0.0
4049,121.485,466.65641701,247.54979308,1,0,0.0,0.0,0.0
4050,121.515,466.03074761,246.61730616,1,0,0.0,0.0,0.0
4051,121.545,465.39701855,245.674738,1,0,0.0,0.0,0.0
4052,121.575,464.75357937,244.63238892,1,0,0.0,0.0,0.0
4053,121.605,464.09891553,243.58132118,1,0,0.0,0.0,0.0
4054,121.635,463.43301353,242.53025344,1,0,0.0,0.0,0.0
4055,121.665,462.75587338,241.4791857,1,0,0.0,0.0,0.0
4056,121.695,462.06722563,240.39101105,1,0,0.0,0.0,0.0
4057,121.725,461.36620842,239.27847295,1,0,0.0,0.0,0.0
4058,121.755,460.65344274,238.09607679,1,0,0.0,0.0,0.0
4059,121.785,459.92668222,236.87987402,1,0,0.0,0.0,0.0
4060,121.815,459.18537022,235.62110441,1,0,0.0,0.0,0.0
4061,121.845,458.42741667,234.32241126,1,0,0.0,0.0,0.0
4062,121.875,457.65249507,233.0237181,1,0,0.0,0.0,0.0
4063,121.905,456.86060429,231.72127496,1,0,0.0,0.0,0.0
4064,121.935,456.04711591,230.12213875,1,0,0.0,0.0,0.0
4065,121.965,455.20823919,228.52237346,1,0,0.0,0.0,0.0
4066,121.995,454.34417149,226.92012778,1,0,0.0,0.0,0.0
4067,122.025,453.45330254,225.15566817,1,0,0.0,0.0,0.0
4068,122.055,452.5331873,223.28252115,1,0,0.0,0.0,0.0
4069,122.085,451.57436643,220.95454682,1,0,0.0,0.0,0.0
4070,122.115,450.56808415,218.52063275,1,0,0.0,0.0,0.0
4071,122.145,449.51013757,215.50859279,1,0,0.0,0.0,0.0
4072,122.175,448.36657286,210.87439535,1,0,0.0,0.0,0.0
4073,122.205,447.13046192,208.83562982,1,0,0.0,0.0,0.0
4074,122.235,445.90676352,208.81592279,1,0,0.0,0.0,0.0
4075,122.265,444.70498787,208.79758198,1,0,0.0,0.0,0.0
4076,122.295,443.52622848,208.77977531,1,0,0.0,0.0,0.0
4077,122.325,442.37150334,208.76253879,1,0,0.0,0.0,0.0
4078,122.355,441.24101902,208.74530228,1,0,0.0,0.0,0.0
4079,122.385,440.13477554,208.72806577,1,0,0.0,0.0,0.0
4080,122.415,439.05277287,208.71082926,1,0,0.0,0.0,0.0
4081,122.445,437.99508075,208.69389179,1,0,0.0,0.0,0.0
4082,122.475,436.96349541,208.67870977,1,0,0.0,0.0,0.0
4083,122.505,435.96005949,208.66389061,1,0,0.0,0.0,0.0
4084,122.535,434.98485277,208.64907144,1,0,0.0,0.0,0.0
4085,122.565,434.03787527,208.63425228,1,0,0.0,0.0,0.0
4086,122.595,433.119631,208.62014363,1,0,0.0,0.0,0.0
4087,122.625,432.23150498,208.60631737,1,0,0.0,0.0,0.0
4088,122.655,431.37433994,208.59338833,1,0,0.0,0.0,0.0
4089,122.685,430.55083461,208.58095872,1,0,0.0,0.0,0.0
4090,122.715,429.76188198,208.56921579,1,0,0.0,0.0,0.0
4091,122.745,429.0092422,208.5577362,1,0,0.0,0.0,0.0
4092,122.775,428.29301183,208.54625661,1,0,0.0,0.0,0.0
4093,122.805,427.61465161,208.53604658,1,0,0.0,0.0,0.0
4094,122.835,426.98149869,208.52700773,1,0,0.0,0.0,0.0
4095,122.865,426.39496313,208.51796887,1,0,0.0,0.0,0.0
4096,122.895,425.85588583,208.50944032,1,0,0.0,0.0,0.0
4097,122.925,425.37266663,208.5025652,1,0,0.0,0.0,0.0
4098,122.955,424.95286704,208.49619865,1,0,0.0,0.0,0.0
4099,122.985,424.60444509,208.49052049,1,0,0.0,0.0,0.0
4100,123.015,424.35273723,208.48695424,1,0,0.0,0.0,0.0
4101,123.045,424.26406871,208.48528137,1,0,0.0,0.0,0.0
4102,123.075,424.26406871,208.48528137,1,0,0.0,0.0,0.0
4103,123.105,424.26406871,208.48528137,1,0,0.0,0.0,0.0
4104,123.135,424.26406871,208.48528137,1,0,0.0,0.0,0.0
4105,123.165,424.26406871,208.48528137,1,0,0.0,0.0,0.0
4106,123.195,424.26406871,208.48528137,1,0,0.0,0.0,0.0
4107,123.225,424.26406871,208.48528137,1,0,0.0,0.0,0.0
4108,123.255,424.26406871,208.48528137,1,0,0.0,0.0,0.0
4109,123.285,424.26406871,208.48528137,1,0,0.0,0.0,0.0
4110,123.315,424.26406871,208.48528137,1,0,0.0,0.0,0.0
4111,123.345,424.26406871,208.48528137,1,0,0.0,0.0,0.0
4112,123.375,424.26406871,208.48528137,1,0,0.0,0.0,0.0
4113,123.405,424.26406871,208.48528137,1,0,0.0,0.0,0.0
4114,123.435,424.26406871,208.48528137,1,0,0.0,0.0,0.0
4115,123.465,424.26406871,208.48528137,1,0,0.0,0.0,0.0
4116,123.495,424.26406871,208.48528137,1,0,0.0,0.0,0.0
4117,123.525,424.26406871,208.48528137,1,0,0.0,0.0,0.0
4118,123.555,424.26406871,208.48528137,1,0,0.0,0.0,0.0
4119,123.585,424.26406871,208.48528137,1,0,0.0,0.0,0.0
4120,123.615,424.26406871,208.48528137,1,0,0.0,0.0,0.0
4121,123.645,424.26406871,208.48528137,1,0,0.0,0.0,0.0
4122,123.675,424.26406871,208.48528137,1,0,0.0,0.0,0.0
4123,123.705,424.26406871,208.48528137,1,0,0.0,0.0,0.0
4124,123.735,424.26406871,208.48528137,1,0,0.0,0.0,0.0
4125,123.765,424.26406871,208.48528137,1,0,0.0,0.0,0.0
4126,123.795,424.26406871,208.48528137,1,0,0.0,0.0,0.0
4127,123.825,424.26406871,208.48528137,1,0,0.0,0.0,0.0
4128,123.855,424.26406871,208.48528137,1,0,0.0,0.0,0.0
4129,123.885,424.26406871,208.48528137,1,0,0.0,0.0,0.0
4130,123.915,424.26406871,208.48528137,1,0,0.0,0.0,0.0
4131,123.945,424.26406871,208.48528137,1,0,0.0,0.0,0.0
4132,123.975,424.26406871,208.48528137,1,0,0.0,0.0,0.0
4133,124.005,424.26406871,208.48528137,1,0,0.0,0.0,0.0
4134,124.035,424.26406871,208.48528137,1,0,0.0,0.0,0.0
4135,124.065,424.26406871,208.48528137,1,0,0.0,0.0,0.0
4136,124.095,424.26406871,208.48528137,1,0,0.0,0.0,0.0
4137,124.125,424.26406871,208.48528137,1,0,0.0,0.0,0.0
4138,124.155,424.26406871,208.48528137,1,0,0.0,0.0,0.0
4139,124.185,424.26406871,208.48528137,1,0,0.0,0.0,0.0
4140,124.215,424.26406871,208.48528137,1,0,0.0,0.0,0.0
4141,124.245,424.26406871,208.48528137,1,0,0.0,0.0,0.0
4142,124.275,424.26406871,208.48528137,1,0,0.0,0.0,0.0
4143,124.305,424.26406871,208.48528137,1,0,0.0,0.0,0.0
4144,124.335,424.26406871,208.48528137,1,0,0.0,0.0,0.0
4145,124.365,424.26406871,208.48528137,1,0,0.0,0.0,0.0
4146,124.395,424.26406871,208.48528137,1,0,0.0,0.0,0.0
4147,124.425,424.26406871,208.48528137,1,0,0.0,0.0,0.0
4148,124.455,424.26406871,208.48528137,1,0,0.0,0.0,0.0
4149,124.485,424.26406871,208.48528137,1,0,0.0,0.0,0.0
4150,124.515,424.26406871,208.48528137,1,0,0.0,0.0,0.0
4151,124.545,424.26406871,208.48528137,1,0,0.0,0.0,0.0
4152,124.575,424.26406871,208.48528137,1,0,0.0,0.0,0.0
4153,124.605,424.26406871,208.48528137,1,0,0.0,0.0,0.0
4154,124.635,424.26406871,208.48528137,1,0,0.0,0.0,0.0
4155,124.665,424.26406871,208.48528137,1,0,0.0,0.0,0.0
4156,124.695,424.26406871,208.48528137,1,0,0.0,0.0,0.0
4157,124.725,424.26406871,208.48528137,1,0,0.0,0.0,0.0
4158,124.755,424.26406871,208.48528137,1,0,0.0,0.0,0.0
4159,124.785,424.26406871,208.48528137,1,0,0.0,0.0,0.0
4160,124.815,424.26406871,208.48528137,1,0,0.0,0.0,0.0
4161,124.845,424.26406871,208.48528137,1,0,0.0,0.0,0.0
4162,124.875,424.26406871,208.48528137,1,0,0.0,0.0,0.0
4163,124.905,424.26406871,208.48528137,1,0,0.0,0.0,0.0
4164,124.935,424.26406871,208.48528137,1,0,0.0,0.0,0.0
4165,124.965,424.26406871,208.48528137,1,0,0.0,0.0,0.0
4166,124.995,424.26406871,208.48528137,1,0,0.0,0.0,0.0
4167,125.025,424.26406871,208.48528137,1,0,0.0,0.0,0.0
4168,125.055,424.26406871,208.48528137,1,0,0.0,0.0,0.0
4169,125.085,424.26406871,208.48528137,1,0,0.0,0.0,0.0
4170,125.115,424.26406871,208.48528137,1,0,0.0,0.0,0.0
4171,125.145,424.26406871,208.48528137,1,0,0.0,0.0,0.0
4172,125.175,424.26406871,208.48528137,1,0,0.0,0.0,0.0
4173,125.205,424.26406871,208.48528137,1,0,0.0,0.0,0.0
4174,125.235,424.26406871,208.48528137,1,0,0.0,0.0,0.0
4175,125.265,424.26406871,208.48528137,1,0,0.0,0.0,0.0
4176,125.295,424.26406871,208.48528137,1,0,0.0,0.0,0.0
4177,125.325,424.26406871,208.48528137,1,0,0.0,0.0,0.0
4178,125.355,424.26406871,208.48528137,1,0,0.0,0.0,0.0
4179,125.385,424.26406871,208.48528137,1,0,0.0,0.0,0.0
4180,125.415,424.26406871,208.48528137,1,0,0.0,0.0,0.0
4181,125.445,424.26406871,208.48528137,1,0,0.0,0.0,0.0
4182,125.475,424.26406871,208.48528137,1,0,0.0,0.0,0.0
4183,125.505,424.26406871,208.48528137,1,0,0.0,0.0,0.0
4184,125.535,424.26406871,208.48528137,1,0,0.0,0.0,0.0
4185,125.565,424.26406871,208.48528137,1,0,0.0,0.0,0.0
4186,125.595,424.26406871,208.48528137,1,0,0.0,0.0,0.0
4187,125.625,424.26406871,208.48528137,1,0,0.0,0.0,0.0
4188,125.655,424.26406871,208.48528137,1,0,0.0,0.0,0.0
4189,125.685,424.26406871,208.48528137,1,0,0.0,0.0,0.0
4190,125.715,424.26406871,208.48528137,1,0,0.0,0.0,0.0
4191,125.745,424.26406871,208.48528137,1,0,0.0,0.0,0.0
4192,125.775,424.26406871,208.48528137,1,0,0.0,0.0,0.0
4193,125.805,424.26406871,208.48528137,1,0,0.0,0.0,0.0
4194,125.835,424.26406871,208.48528137,1,0,0.0,0.0,0.0
4195,125.865,424.26406871,208.48528137,1,0,0.0,0.0,0.0
4196,125.895,424.26406871,208.48528137,1,0,0.0,0.0,0.0
4197,125.925,424.26406871,208.48528137,1,0,0.0,0.0,0.0
4198,125.955,424.26406871,208.48528137,1,0,0.0,0.0,0.0
4199,125.985,424.26406871,208.48528137,1,0,0.0,0.0,0.0
4200,126.015,424.26406871,208.48528137,1,0,0.0,0.0,0.0
4201,126.045,424.26406871,208.48528137,1,0,0.0,0.0,0.0
4202,126.075,424.26406871,208.48528137,1,0,0.0,0.0,0.0
4203,126.105,424.26406871,208.48528137,1,0,0.0,0.0,0.0
4204,126.135,424.26406871,208.48528137,1,0,0.0,0.0,0.0
4205,126.165,424.26406871,208.48528137,1,0,0.0,0.0,0.0
4206,126.195,424.26406871,208.48528137,1,0,0.0,0.0,0.0
4207,126.225,424.26406871,208.48528137,1,0,0.0,0.0,0.0
4208,126.255,424.26406871,208.48528137,1,0,0.0,0.0,0.0
4209,126.285,424.26406871,208.48528137,1,0,0.0,0.0,0.0
4210,126.315,424.26406871,208.48528137,1,0,0.0,0.0,0.0
4211,126.345,424.26406871,208.48528137,1,0,0.0,0.0,0.0
4212,126.375,424.26406871,208.48528137,1,0,0.0,0.0,0.0
4213,126.405,424.26406871,208.48528137,1,0,0.0,0.0,0.0
4214,126.435,424.26406871,208.48528137,1,0,0.0,0.0,0.0
4215,126.465,424.26406871,208.48528137,1,0,0.0,0.0,0.0
4216,126.495,424.26406871,208.48528137,1,0,0.0,0.0,0.0
4217,126.525,424.26406871,208.48528137,1,0,0.0,0.0,0.0
4218,126.555,424.26406871,208.48528137,1,0,0.0,0.0,0.0
4219,126.585,424.26406871,208.48528137,1,0,0.0,0.0,0.0
4220,126.615,424.26406871,208.48528137,1,0,0.0,0.0,0.0
4221,126.645,424.26406871,208.48528137,1,0,0.0,0.0,0.0
4222,126.675,424.26406871,208.48528137,1,0,0.0,0.0,0.0
4223,126.705,424.26406871,208.48528137,1,0,0.0,0.0,0.0
4224,126.735,424.26406871,208.48528137,1,0,0.0,0.0,0.0
4225,126.765,424.26406871,208.48528137,1,0,0.0,0.0,0.0
4226,126.795,424.26406871,208.48528137,1,0,0.0,0.0,0.0
4227,126.825,424.26406871,208.48528137,1,0,0.0,0.0,0.0
4228,126.855,424.26406871,208.48528137,1,0,0.0,0.0,0.0
4229,126.885,424.26406871,208.48528137,1,0,0.0,0.0,0.0
4230,126.915,424.26406871,208.48528137,1,0,0.0,0.0,0.0
4231,126.945,424.26406871,208.48528137,1,0,0.0,0.0,0.0
4232,126.975,424.26406871,208.48528137,1,0,0.0,0.0,0.0
4233,127.005,424.26406871,208.48528137,1,0,0.0,0.0,0.0
4234,127.035,424.26406871,208.48528137,1,0,0.0,0.0,0.0
4235,127.065,424.26406871,208.48528137,1,0,0.0,0.0,0.0
4236,127.095,424.26406871,208.48528137,1,0,0.0,0.0,0.0
4237,127.125,424.26406871,208.48528137,1,0,0.0,0.0,0.0
4238,127.155,424.26406871,208.48528137,1,0,0.0,0.0,0.0
4239,127.185,424.26406871,208.48528137,1,0,0.0,0.0,0.0
4240,127.215,424.26406871,208.48528137,1,0,0.0,0.0,0.0
4241,127.245,424.26406871,208.48528137,1,0,0.0,0.0,0.0
4242,127.275,424.26406871,208.48528137,1,0,0.0,0.0,0.0
4243,127.305,424.26406871,208.48528137,1,0,0.0,0.0,0.0
4244,127.335,424.26406871,208.48528137,1,0,0.0,0.0,0.0
4245,127.365,424.26406871,208.48528137,1,0,0.0,0.0,0.0
4246,127.395,424.26406871,208.48528137,1,0,0.0,0.0,0.0
4247,127.425,424.26406871,208.48528137,1,0,0.0,0.0,0.0
4248,127.455,424.26406871,208.48528137,1,0,0.0,0.0,0.0
4249,127.485,424.26406871,208.48528137,1,0,0.0,0.0,0.0
4250,127.515,424.26406871,208.48528137,1,0,0.0,0.0,0.0
4251,127.545,424.26406871,208.48528137,1,0,0.0,0.0,0.0
4252,127.575,424.26406871,208.48528137,1,0,0.0,0.0,0.0
4253,127.605,424.26406871,208.48528137,1,0,0.0,0.0,0.0
4254,127.635,424.26406871,208.48528137,1,0,0.0,0.0,0.0
4255,127.665,424.26406871,208.48528137,1,0,0.0,0.0,0.0
4256,127.695,424.26406871,208.48528137,1,0,0.0,0.0,0.0
4257,127.725,424.26406871,208.48528137,1,0,0.0,0.0,0.0
4258,127.755,424.26406871,208.48528137,1,0,0.0,0.0,0.0
4259,127.785,424.26406871,208.48528137,1,0,0.0,0.0,0.0
4260,127.815,424.26406871,208.48528137,1,0,0.0,0.0,0.0
4261,127.845,424.26406871,208.48528137,1,0,0.0,0.0,0.0
4262,127.875,424.26406871,208.48528137,1,0,0.0,0.0,0.0
4263,127.905,424.26406871,208.48528137,1,0,0.0,0.0,0.0
4264,127.935,424.26406871,208.48528137,1,0,0.0,0.0,0.0
4265,127.965,424.26406871,208.48528137,1,0,0.0,0.0,0.0
4266,127.995,424.26406871,208.48528137,1,0,0.0,0.0,0.0
4267,128.025,424.26406871,208.48528137,1,0,0.0,0.0,0.0
4268,128.055,424.26406871,208.48528137,1,0,0.0,0.0,0.0
4269,128.085,424.26406871,208.48528137,1,0,0.0,0.0,0.0
4270,128.115,424.26406871,208.48528137,1,0,0.0,0.0,0.0
4271,128.145,424.26406871,208.48528137,1,0,0.0,0.0,0.0
4272,128.175,424.26406871,208.48528137,1,0,0.0,0.0,0.0
4273,128.205,424.26406871,208.48528137,1,0,0.0,0.0,0.0
4274,128.235,424.26406871,208.48528137,1,0,0.0,0.0,0.0
4275,128.265,424.26406871,208.48528137,1,0,0.0,0.0,0.0
4276,128.295,424.26406871,208.48528137,1,0,0.0,0.0,0.0
4277,128.325,424.26406871,208.48528137,1,0,0.0,0.0,0.0
4278,128.355,421.24022578,208.42480452,1,0,0.0,0.0,0.0
4279,128.385,415.24022578,208.30480452,1,0,0.0,0.0,0.0
4280,128.415,409.24022578,208.18480452,1,0,0.0,0.0,0.0
4281,128.445,403.24022578,208.06480452,1,0,0.0,0.0,0.0
4282,128.475,397.24022578,207.94480452,1,0,0.0,0.0,0.0
4283,128.505,391.24022578,207.82480452,1,0,0.0,0.0,0.0
4284,128.535,385.24022578,207.70480452,1,0,0.0,0.0,0.0
4285,128.565,379.24022578,207.58480452,1,0,0.0,0.0,0.0
4286,128.595,373.24022578,207.46480452,1,0,0.0,0.0,0.0
4287,128.625,367.24022578,207.34480452,1,0,0.0,0.0,0.0
4288,128.655,361.24022578,207.22480452,1,0,0.0,0.0,0.0
4289,128.685,355.24022578,207.10480452,1,0,0.0,0.0,0.0
4290,128.715,349.24022578,206.98480452,1,0,0.0,0.0,0.0
4291,128.745,343.24022578,206.86480452,1,0,0.0,0.0,0.0
4292,128.775,337.24022578,206.74480452,1,0,0.0,0.0,0.0
4293,128.805,331.24022578,206.62480452,1,0,0.0,0.0,0.0
4294,128.835,325.24022578,206.50480452,1,0,0.0,0.0,0.0
4295,128.865,319.24022578,206.38480452,1,0,0.0,0.0,0.0
4296,128.895,313.24022578,206.26480452,1,0,0.0,0.0,0.0
4297,128.925,307.24022578,206.14480452,1,0,0.0,0.0,0.0
4298,128.955,301.24022578,206.02480452,1,0,0.0,0.0,0.0
4299,128.985,295.24022578,205.90480452,1,0,0.0,0.0,0.0
4300,129.015,289.24022578,205.78480452,1,0,0.0,0.0,0.0
4301,129.045,283.24022578,205.66480452,1,0,0.0,0.0,0.0
4302,129.075,277.24022578,205.54480452,1,0,0.0,0.0,0.0
4303,129.105,271.24022578,205.42480452,1,0,0.0,0.0,0.0
4304,129.135,265.24022578,205.30480452,1,0,0.0,0.0,0.0
4305,129.165,259.24022578,205.18480452,1,0,0.0,0.0,0.0
4306,129.195,253.24022578,205.06480452,1,0,0.0,0.0,0.0
4307,129.225,247.24022578,204.94480452,1,0,0.0,0.0,0.0
4308,129.255,241.24022578,204.82480452,1,0,0.0,0.0,0.0
4309,129.285,235.24022578,204.70480452,1,0,0.0,0.0,0.0
4310,129.315,229.24022578,204.58480452,1,0,0.0,0.0,0.0
4311,129.345,223.24022578,204.46480452,1,0,0.0,0.0,0.0
4312,129.375,217.24022578,204.34480452,1,0,0.0,0.0,0.0
4313,129.405,211.24022578,204.22480452,1,0,0.0,0.0,0.0
4314,129.435,205.24022578,204.10480452,1,0,0.0,0.0,0.0
4315,129.465,199.24022578,203.98480452,1,0,0.0,0.0,0.0
4316,129.495,193.24022578,203.86480452,1,0,0.0,0.0,0.0
4317,129.525,187.24022578,203.74480452,1,0,0.0,0.0,0.0
4318,129.555,181.24022578,203.62480452,1,0,0.0,0.0,0.0
4319,129.585,175.24022578,203.50480452,1,0,0.0,0.0,0.0
4320,129.615,169.24022578,203.38480452,1,0,0.0,0.0,0.0
4321,129.645,163.24022578,203.26480452,1,0,0.0,0.0,0.0
4322,129.675,157.24022578,203.14480452,1,0,0.0,0.0,0.0
4323,129.705,151.24022578,203.02480452,1,0,0.0,0.0,0.0
4324,129.735,145.24022578,202.90480452,1,0,0.0,0.0,0.0
4325,129.765,139.24022578,202.78480452,1,0,0.0,0.0,0.0
4326,129.795,133.24022578,202.66480452,1,0,0.0,0.0,0.0
4327,129.825,127.24022578,202.54480452,1,0,0.0,0.0,0.0
4328,129.855,121.24022578,202.42480452,1,0,0.0,0.0,0.0
4329,129.885,115.24022578,202.30480452,1,0,0.0,0.0,0.0
4330,129.915,109.24022578,202.18480452,1,0,0.0,0.0,0.0
4331,129.945,103.24022578,202.06480452,1,0,0.0,0.0,0.0
4332,129.975,97.24022578,201.94480452,1,0,0.0,0.0,0.0
4333,130.005,91.24022578,201.82480452,1,0,0.0,0.0,0.0
4334,130.035,85.24022578,201.70480452,1,0,0.0,0.0,0.0
4335,130.065,79.24022578,201.58480452,1,0,0.0,0.0,0.0
4336,130.095,73.24022578,201.46480452,1,0,0.0,0.0,0.0
4337,130.125,67.24022578,201.34480452,1,0,0.0,0.0,0.0
4338,130.155,61.24022578,201.22480452,1,0,0.0,0.0,0.0
4339,130.185,55.24022578,201.10480452,1,0,0.0,0.0,0.0
4340,130.215,49.24022578,200.98480452,1,0,0.0,0.0,0.0
4341,130.245,43.24022578,200.86480452,1,0,0.0,0.0,0.0
4342,130.275,37.24022578,200.74480452,1,0,0.0,0.0,0.0
4343,130.305,31.24022578,200.62480452,1,0,0.0,0.0,0.0
4344,130.335,25.24022578,200.50480452,1,0,0.0,0.0,0.0
4345,130.365,19.24022578,200.38480452,1,0,0.0,0.0,0.0
4346,130.395,13.24022578,200.26480452,1,0,0.0,0.0,0.0
4347,130.425,7.24022578,200.14480452,1,0,0.0,0.0,0.0
4348,130.45060056,2.12011289,200.04240226,1,0,0.0,0.0,0.0
