layer_index,z_mm,part_area_mm2,part_perimeter_mm,part_component_count,new_island_count,unsupported_area_mm2,support_area_mm2,support_perimeter_mm
0,0.03,1.2,40.12,1,0,0.0,33.75,47.0
1,0.09,3.6,40.36,1,0,0.0,33.75,47.0
2,0.15,6.0,40.6,1,0,0.0,33.75,47.0
3,0.21,8.4,40.84,1,0,0.0,33.75,47.0
4,0.27,10.8,41.08,1,0,0.0,33.75,47.0
5,0.33,13.2,41.32,1,0,0.0,33.75,47.0
6,0.39,15.6,41.56,1,0,0.0,33.75,47.0
7,0.45,18.0,41.8,1,0,0.0,33.75,47.0
8,0.51,20.4,42.04,1,0,0.0,33.75,47.0
9,0.57,22.8,42.28,1,0,0.0,33.75,47.0
10,0.63,25.2,42.52,1,0,0.0,33.75,47.0
11,0.69,27.6,42.76,1,0,0.0,33.75,47.0
12,0.75,30.0,43.0,1,0,0.0,33.75,47.0
13,0.81,32.4,43.24,1,0,0.0,33.75,47.0
14,0.87,34.8,43.48,1,0,0.0,33.75,47.0
15,0.93,37.2,43.72,1,0,0.0,33.75,47.0
16,0.99,39.6,43.96,1,0,0.0,33.75,47.0
17,1.05,42.0,44.2,1,0,0.0,33.75,47.0
18,1.11,44.4,44.44,1,0,0.0,33.75,47.0
19,1.17,46.8,44.68,1,0,0.0,33.75,47.0
20,1.23,49.2,44.92,1,0,0.0,33.75,47.0
21,1.29,51.6,45.16,1,0,0.0,33.75,47.0
22,1.35,54.0,45.4,1,0,0.0,33.75,47.0
23,1.41,56.4,45.64,1,0,0.0,33.75,47.0
24,1.47,58.8,45.88,1,0,0.0,33.75,47.0
25,1.53,61.2,46.12,1,0,0.0,33.75,47.0
26,1.59,63.6,46.36,1,0,0.0,33.75,47.0
27,1.65,66.0,46.6,1,0,0.0,33.75,47.0
28,1.71,68.4,46.84,1,0,0.0,33.75,47.0
29,1.77,70.8,47.08,1,0,0.0,33.75,47.0
30,1.83,73.2,47.32,1,0,0.0,33.75,47.0
31,1.89,75.6,47.56,1,0,0.0,33.75,47.0
32,1.95,78.0,47.8,1,0,0.0,33.75,47.0
33,2.01,80.4,48.04,1,0,0.0,33.75,47.0
34,2.07,82.8,48.28,1,0,0.0,33.75,47.0
35,2.13,85.2,48.52,1,0,0.0,33.75,47.0
36,2.19,87.6,48.76,1,0,0.0,33.75,47.0
37,2.25,90.0,49.0,1,0,0.0,33.75,47.0
38,2.31,92.4,49.24,1,0,0.0,33.75,47.0
39,2.37,94.8,49.48,1,0,0.0,33.75,47.0
40,2.43,97.2,49.72,1,0,0.0,33.75,47.0
41,2.49,99.6,49.96,1,0,0.0,33.75,47.0
42,2.55,102.0,50.2,1,0,0.0,33.75,47.0
43,2.61,104.4,50.44,1,0,0.0,33.75,47.0
44,2.67,106.8,50.68,1,0,0.0,33.75,47.0
45,2.73,109.2,50.92,1,0,0.0,33.75,47.0
46,2.79,111.6,51.16,1,0,0.0,33.75,47.0
47,2.85,114.0,51.4,1,0,0.0,33.75,47.0
48,2.91,116.4,51.64,1,0,0.0,33.75,47.0
49,2.97,118.8,51.88,1,0,0.0,33.75,47.0
50,3.03,121.2,52.12,1,0,0.0,33.75,47.0
51,3.09,123.6,52.36,1,0,0.0,33.75,47.0
52,3.15,126.0,52.6,1,0,0.0,33.75,47.0
53,3.21,128.4,52.84,1,0,0.0,33.75,47.0
54,3.27,130.8,53.08,1,0,0.0,33.75,47.0
55,3.33,133.2,53.32,1,0,0.0,33.75,47.0
56,3.39,135.6,53.56,1,0,0.0,33.75,47.0
57,3.45,138.0,53.8,1,0,0.0,33.75,47.0
58,3.51,140.4,54.04,1,0,0.0,33.75,47.0
59,3.57,142.8,54.28,1,0,0.0,33.75,47.0
60,3.63,145.2,54.52,1,0,0.0,33.75,47.0
61,3.69,147.6,54.76,1,0,0.0,33.75,47.0
62,3.75,150.0,55.0,1,0,0.0,33.75,47.0
63,3.81,152.4,55.24,1,0,0.0,33.75,47.0
64,3.87,154.8,55.48,1,0,0.0,33.75,47.0
65,3.93,157.2,55.72,1,0,0.0,33.75,47.0
66,3.99,159.6,55.96,1,0,0.0,33.75,47.0
67,4.05,162.0,56.2,1,0,0.0,33.75,47.0
68,4.11,164.4,56.44,1,0,0.0,33.75,47.0
69,4.17,166.8,56.68,1,0,0.0,33.75,47.0
70,4.23,169.2,56.92,1,0,0.0,33.75,47.0
71,4.29,171.6,57.16,1,0,0.0,33.75,47.0
72,4.35,174.0,57.4,1,0,0.0,33.75,47.0
73,4.41,176.4,57.64,1,0,0.0,33.75,47.0
74,4.47,178.8,57.88,1,0,0.0,33.75,47.0
75,4.53,181.2,58.12,1,0,0.0,33.75,47.0
76,4.59,183.6,58.36,1,0,0.0,33.75,47.0
77,4.65,186.0,58.6,1,0,0.0,33.75,47.0
78,4.71,188.4,58.84,1,0,0.0,33.75,47.0
79,4.77,190.8,59.08,1,0,0.0,33.75,47.0
80,4.83,193.2,59.32,1,0,0.0,33.75,47.0
81,4.89,195.6,59.56,1,0,0.0,33.75,47.0
82,4.95,198.0,59.8,1,0,0.0,33.75,47.0
83,5.01,200.4,60.04,1,0,0.0,33.75,47.0
84,5.07,202.8,60.28,1,0,0.0,33.75,47.0
85,5.13,205.2,60.52,1,0,0.0,33.75,47.0
86,5.19,207.6,60.76,1,0,0.0,33.75,47.0
87,5.25,210.0,61.0,1,0,0.0,33.75,47.0
88,5.31,212.4,61.24,1,0,0.0,33.75,47.0
89,5.37,214.8,61.48,1,0,0.0,33.75,47.0
90,5.43,217.2,61.72,1,0,0.0,33.75,47.0
91,5.49,219.6,61.96,1,0,0.0,33.75,47.0
92,5.55,222.0,62.2,1,0,0.0,33.75,47.0
93,5.61,224.4,62.44,1,0,0.0,33.75,47.0
94,5.67,226.8,62.68,1,0,0.0,33.75,47.0
95,5.73,229.2,62.92,1,0,0.0,33.75,47.0
96,5.79,231.6,63.16,1,0,0.0,33.75,47.0
97,5.85,234.0,63.4,1,0,0.0,33.75,47.0
98,5.91,236.4,63.64,1,0,0.0,33.75,47.0
99,5.97,238.8,63.88,1,0,0.0,33.75,47.0
100,6.03,241.2,64.12,1,0,0.0,33.75,47.0
101,6.09,243.6,64.36,1,0,0.0,33.75,47.0
102,6.15,246.0,64.6,1,0,0.0,33.75,47.0
103,6.21,248.4,64.84,1,0,0.0,33.75,47.0
104,6.27,250.8,65.08,1,0,0.0,33.75,47.0
105,6.33,253.2,65.32,1,0,0.0,33.75,47.0
106,6.39,255.6,65.56,1,0,0.0,33.75,47.0
107,6.45,258.0,65.8,1,0,0.0,33.75,47.0
108,6.51,260.4,66.04,1,0,0.0,33.75,47.0
109,6.57,262.8,66.28,1,0,0.0,33.75,47.0
110,6.63,265.2,66.52,1,0,0.0,33.75,47.0
111,6.69,267.6,66.76,1,0,0.0,33.75,47.0
112,6.75,270.0,67.0,1,0,0.0,33.75,47.0
113,6.81,272.4,67.24,1,0,0.0,33.75,47.0
114,6.87,274.8,67.48,1,0,0.0,33.75,47.0
115,6.93,277.2,67.72,1,0,0.0,33.75,47.0
116,6.99,279.6,67.96,1,0,0.0,33.75,47.0
117,7.05,282.0,68.2,1,0,0.0,33.75,47.0
118,7.11,284.4,68.44,1,0,0.0,33.75,47.0
119,7.17,286.8,68.68,1,0,0.0,33.75,47.0
120,7.23,289.2,68.92,1,0,0.0,33.75,47.0
121,7.29,291.6,69.16,1,0,0.0,33.75,47.0
122,7.35,294.0,69.4,1,0,0.0,33.75,47.0
123,7.41,296.4,69.64,1,0,0.0,33.75,47.0
124,7.47,298.8,69.88,1,0,0.0,33.75,47.0
125,7.53,301.2,70.12,1,0,0.0,33.75,47.0
126,7.59,303.6,70.36,1,0,0.0,33.75,47.0
127,7.65,306.0,70.6,1,0,0.0,33.75,47.0
128,7.71,308.4,70.84,1,0,0.0,33.75,47.0
129,7.77,310.8,71.08,1,0,0.0,33.75,47.0
130,7.83,313.2,71.32,1,0,0.0,33.75,47.0
131,7.89,315.6,71.56,1,0,0.0,33.75,47.0
132,7.95,318.0,71.8,1,0,0.0,33.75,47.0
133,8.01,320.4,72.04,1,0,0.0,33.75,47.0
134,8.07,322.8,72.28,1,0,0.0,33.75,47.0
135,8.13,325.2,72.52,1,0,0.0,33.75,47.0
136,8.19,327.6,72.76,1,0,0.0,33.75,47.0
137,8.25,330.0,73.0,1,0,0.0,33.75,47.0
138,8.31,332.4,73.24,1,0,0.0,33.75,47.0
139,8.37,334.8,73.48,1,0,0.0,33.75,47.0
140,8.43,337.2,73.72,1,0,0.0,33.75,47.0
141,8.49,339.6,73.96,1,0,0.0,33.75,47.0
142,8.55,342.0,74.2,1,0,0.0,33.75,47.0
143,8.61,344.4,74.44,1,0,0.0,33.75,47.0
144,8.67,346.8,74.68,1,0,0.0,33.75,47.0
145,8.73,349.2,74.92,1,0,0.0,33.75,47.0
146,8.79,351.6,75.16,1,0,0.0,33.75,47.0
147,8.85,354.0,75.4,1,0,0.0,33.75,47.0
148,8.91,356.4,75.64,1,0,0.0,33.75,47.0
149,8.97,358.8,75.88,1,0,0.0,33.75,47.0
150,9.03,361.2,76.12,1,0,0.0,33.75,47.0
151,9.09,363.6,76.36,1,0,0.0,33.75,47.0
152,9.15,366.0,76.6,1,0,0.0,33.75,47.0
153,9.21,368.4,76.84,1,0,0.0,33.75,47.0
154,9.27,370.8,77.08,1,0,0.0,33.75,47.0
155,9.33,373.2,77.32,1,0,0.0,33.75,47.0
156,9.39,375.6,77.56,1,0,0.0,33.75,47.0
157,9.45,378.0,77.8,1,0,0.0,33.75,47.0
158,9.51,380.4,78.04,1,0,0.0,33.75,47.0
159,9.57,382.8,78.28,1,0,0.0,33.75,47.0
160,9.63,385.2,78.52,1,0,0.0,33.75,47.0
161,9.69,387.6,78.76,1,0,0.0,33.75,47.0
162,9.75,390.0,79.0,1,0,0.0,33.75,47.0
163,9.81,392.4,79.24,1,0,0.0,33.75,47.0
164,9.87,394.8,79.48,1,0,0.0,33.75,47.0
165,9.93,397.2,79.72,1,0,0.0,33.75,47.0
166,9.99,399.6,79.96,1,0,0.0,33.75,47.0
167,10.05,402.0,80.2,1,0,0.0,33.75,47.0
168,10.11,404.4,80.44,1,0,0.0,33.75,47.0
169,10.17,406.8,80.68,1,0,0.0,33.75,47.0
170,10.23,409.2,80.92,1,0,0.0,33.75,47.0
171,10.29,411.6,81.16,1,0,0.0,33.75,47.0
172,10.35,414.0,81.4,1,0,0.0,33.75,47.0
173,10.41,416.4,81.64,1,0,0.0,33.75,47.0
174,10.47,418.8,81.88,1,0,0.0,33.75,47.0
175,10.53,421.2,82.12,1,0,0.0,33.75,47.0
176,10.59,423.6,82.36,1,0,0.0,33.75,47.0
177,10.65,426.0,82.6,1,0,0.0,33.75,47.0
178,10.71,428.4,82.84,1,0,0.0,33.75,47.0
179,10.77,430.8,83.08,1,0,0.0,33.75,47.0
180,10.83,433.2,83.32,1,0,0.0,33.75,47.0
181,10.89,435.6,83.56,1,0,0.0,33.75,47.0
182,10.95,438.0,83.8,1,0,0.0,33.75,47.0
183,11.01,440.4,84.04,1,0,0.0,33.75,47.0
184,11.07,442.8,84.28,1,0,0.0,33.75,47.0
185,11.13,445.2,84.52,1,0,0.0,33.75,47.0
186,11.19,447.6,84.76,1,0,0.0,33.75,47.0
187,11.25,450.0,85.0,1,0,0.0,33.75,47.0
188,11.31,452.4,85.24,1,0,0.0,33.75,47.0
189,11.37,454.8,85.48,1,0,0.0,33.75,47.0
190,11.43,457.2,85.72,1,0,0.0,33.75,47.0
191,11.49,459.6,85.96,1,0,0.0,33.75,47.0
192,11.55,462.0,86.2,1,0,0.0,33.75,47.0
193,11.61,464.4,86.44,1,0,0.0,33.75,47.0
194,11.67,466.8,86.68,1,0,0.0,33.75,47.0
195,11.73,469.2,86.92,1,0,0.0,33.75,47.0
196,11.79,471.6,87.16,1,0,0.0,33.75,47.0
197,11.85,474.0,87.4,1,0,0.0,33.75,47.0
198,11.91,476.4,87.64,1,0,0.0,33.75,47.0
199,11.97,478.8,87.88,1,0,0.0,33.75,47.0
200,12.03,481.2,88.12,1,0,0.0,33.75,47.0
201,12.09,483.6,88.36,1,0,0.0,33.75,47.0
202,12.15,486.0,88.6,1,0,0.0,33.75,47.0
203,12.21,488.4,88.84,1,0,0.0,33.75,47.0
204,12.27,490.8,89.08,1,0,0.0,33.75,47.0
205,12.33,493.2,89.32,1,0,0.0,33.75,47.0
206,12.39,495.6,89.56,1,0,0.0,33.75,47.0
207,12.45,498.0,89.8,1,0,0.0,33.75,47.0
208,12.51,500.4,90.04,1,0,0.0,33.75,47.0
209,12.57,502.8,90.28,1,0,0.0,33.75,47.0
210,12.63,505.2,90.52,1,0,0.0,33.75,47.0
211,12.69,507.6,90.76,1,0,0.0,33.75,47.0
212,12.75,510.0,91.0,1,0,0.0,33.75,47.0
213,12.81,512.4,91.24,1,0,0.0,33.75,47.0
214,12.87,514.8,91.48,1,0,0.0,33.75,47.0
215,12.93,517.2,91.72,1,0,0.0,33.75,47.0
216,12.99,519.6,91.96,1,0,0.0,33.75,47.0
217,13.05,522.0,92.2,1,0,0.0,33.75,47.0
218,13.11,524.4,92.44,1,0,0.0,33.75,47.0
219,13.17,526.8,92.68,1,0,0.0,33.75,47.0
220,13.23,529.2,92.92,1,0,0.0,33.75,47.0
221,13.29,531.6,93.16,1,0,0.0,33.75,47.0
222,13.35,534.0,93.4,1,0,0.0,33.75,47.0
223,13.41,536.4,93.64,1,0,0.0,33.75,47.0
224,13.47,538.8,93.88,1,0,0.0,33.75,47.0
225,13.53,541.2,94.12,1,0,0.0,33.75,47.0
226,13.59,543.6,94.36,1,0,0.0,33.75,47.0
227,13.65,546.0,94.6,1,0,0.0,33.75,47.0
228,13.71,548.4,94.84,1,0,0.0,33.75,47.0
229,13.77,550.8,95.08,1,0,0.0,33.75,47.0
230,13.83,553.2,95.32,1,0,0.0,33.75,47.0
231,13.89,555.6,95.56,1,0,0.0,33.75,47.0
232,13.95,558.0,95.8,1,0,0.0,33.75,47.0
233,14.01,560.4,96.04,1,0,0.0,33.75,47.0
234,14.07,562.8,96.28,1,0,0.0,33.75,47.0
235,14.13,565.2,96.52,1,0,0.0,33.75,47.0
236,14.19,567.6,96.76,1,0,0.0,33.75,47.0
237,14.25,570.0,97.0,1,0,0.0,33.75,47.0
238,14.31,572.4,97.24,1,0,0.0,33.75,47.0
239,14.37,574.8,97.48,1,0,0.0,33.75,47.0
240,14.43,577.2,97.72,1,0,0.0,33.75,47.0
241,14.49,579.6,97.96,1,0,0.0,33.75,47.0
242,14.55,582.0,98.2,1,0,0.0,33.75,47.0
243,14.61,584.4,98.44,1,0,0.0,33.75,47.0
244,14.67,586.8,98.68,1,0,0.0,33.75,47.0
245,14.73,589.2,98.92,1,0,0.0,33.75,47.0
246,14.79,591.6,99.16,1,0,0.0,33.75,47.0
247,14.85,594.0,99.4,1,0,0.0,33.75,47.0
248,14.91,596.4,99.64,1,0,0.0,33.75,47.0
249,14.97,598.8,99.88,1,0,0.0,33.75,47.0
250,15.03,601.2,100.12,1,0,0.0,33.75,47.0
251,15.09,603.6,100.36,1,0,0.0,33.75,47.0
252,15.15,606.0,100.6,1,0,0.0,33.75,47.0
253,15.21,608.4,100.84,1,0,0.0,33.75,47.0
254,15.27,610.8,101.08,1,0,0.0,33.75,47.0
255,15.33,613.2,101.32,1,0,0.0,33.75,47.0
256,15.39,615.6,101.56,1,0,0.0,33.75,47.0
257,15.45,618.0,101.8,1,0,0.0,33.75,47.0
258,15.51,620.4,102.04,1,0,0.0,33.75,47.0
259,15.57,622.8,102.28,1,0,0.0,33.75,47.0
260,15.63,625.2,102.52,1,0,0.0,33.75,47.0
261,15.69,627.6,102.76,1,0,0.0,33.75,47.0
262,15.75,630.0,103.0,1,0,0.0,33.75,47.0
263,15.81,632.4,103.24,1,0,0.0,33.75,47.0
264,15.87,634.8,103.48,1,0,0.0,33.75,47.0
265,15.93,637.2,103.72,1,0,0.0,33.75,47.0
266,15.99,639.6,103.96,1,0,0.0,33.75,47.0
267,16.05,642.0,104.2,1,0,0.0,33.75,47.0
268,16.11,644.4,104.44,1,0,0.0,33.75,47.0
269,16.17,646.8,104.68,1,0,0.0,33.75,47.0
270,16.23,649.2,104.92,1,0,0.0,33.75,47.0
271,16.29,651.6,105.16,1,0,0.0,33.75,47.0
272,16.35,654.0,105.4,1,0,0.0,33.75,47.0
273,16.41,656.4,105.64,1,0,0.0,33.75,47.0
274,16.47,658.8,105.88,1,0,0.0,33.75,47.0
275,16.53,661.2,106.12,1,0,0.0,33.75,47.0
276,16.59,663.6,106.36,1,0,0.0,33.75,47.0
277,16.65,666.0,106.6,1,0,0.0,33.75,47.0
278,16.71,668.4,106.84,1,0,0.0,33.75,47.0
279,16.77,670.8,107.08,1,0,0.0,33.75,47.0
280,16.83,673.2,107.32,1,0,0.0,33.75,47.0
281,16.89,675.6,107.56,1,0,0.0,33.75,47.0
282,16.95,678.0,107.8,1,0,0.0,33.75,47.0
283,17.01,680.4,108.04,1,0,0.0,33.75,47.0
284,17.07,682.8,108.28,1,0,0.0,33.75,47.0
285,17.13,685.2,108.52,1,0,0.0,33.75,47.0
286,17.19,687.6,108.76,1,0,0.0,33.75,47.0
287,17.25,690.0,109.0,1,0,0.0,33.75,47.0
288,17.31,692.4,109.24,1,0,0.0,33.75,47.0
289,17.37,694.8,109.48,1,0,0.0,33.75,47.0
290,17.43,697.2,109.72,1,0,0.0,33.75,47.0
291,17.49,699.6,109.96,1,0,0.0,33.75,47.0
292,17.55,702.0,110.2,1,0,0.0,33.75,47.0
293,17.61,704.4,110.44,1,0,0.0,33.75,47.0
294,17.67,706.8,110.68,1,0,0.0,33.75,47.0
295,17.73,709.2,110.92,1,0,0.0,33.75,47.0
296,17.79,711.6,111.16,1,0,0.0,33.75,47.0
297,17.85,714.0,111.4,1,0,0.0,33.75,47.0
298,17.91,716.4,111.64,1,0,0.0,33.75,47.0
299,17.97,718.8,111.88,1,0,0.0,33.75,47.0
300,18.03,721.2,112.12,1,0,0.0,33.75,47.0
301,18.09,723.6,112.36,1,0,0.0,33.75,47.0
302,18.15,726.0,112.6,1,0,0.0,33.75,47.0
303,18.21,728.4,112.84,1,0,0.0,33.75,47.0
304,18.27,730.8,113.08,1,0,0.0,33.75,47.0
305,18.33,733.2,113.32,1,0,0.0,33.75,47.0
306,18.39,735.6,113.56,1,0,0.0,33.75,47.0
307,18.45,738.0,113.8,1,0,0.0,33.75,47.0
308,18.51,740.4,114.04,1,0,0.0,33.75,47.0
309,18.57,742.8,114.28,1,0,0.0,33.75,47.0
310,18.63,745.2,114.52,1,0,0.0,33.75,47.0
311,18.69,747.6,114.76,1,0,0.0,33.75,47.0
312,18.75,750.0,115.0,1,0,0.0,33.75,47.0
313,18.81,752.4,115.24,1,0,0.0,33.75,47.0
314,18.87,754.8,115.48,1,0,0.0,33.75,47.0
315,18.93,757.2,115.72,1,0,0.0,33.75,47.0
316,18.99,759.6,115.96,1,0,0.0,33.75,47.0
317,19.05,762.0,116.2,1,0,0.0,33.75,47.0
318,19.11,764.4,116.44,1,0,0.0,33.75,47.0
319,19.17,766.8,116.68,1,0,0.0,33.75,47.0
320,19.23,769.2,116.92,1,0,0.0,33.75,47.0
321,19.29,771.6,117.16,1,0,0.0,33.75,47.0
322,19.35,774.0,117.4,1,0,0.0,33.75,47.0
323,19.41,776.4,117.64,1,0,0.0,33.75,47.0
324,19.47,778.8,117.88,1,0,0.0,33.75,47.0
325,19.53,781.2,118.12,1,0,0.0,33.75,47.0
326,19.59,783.6,118.36,1,0,0.0,33.75,47.0
327,19.65,786.0,118.6,1,0,0.0,33.75,47.0
328,19.71,788.4,118.84,1,0,0.0,33.75,47.0
329,19.77,790.8,119.08,1,0,0.0,33.75,47.0
330,19.83,793.2,119.32,1,0,0.0,33.75,47.0
331,19.89,795.6,119.56,1,0,0.0,33.75,47.0
332,19.95,798.0,119.8,1,0,0.0,33.75,47.0
333,20.01,800.4,120.04,1,0,0.0,33.75,47.0
334,20.07,802.8,120.28,1,0,0.0,33.75,47.0
335,20.13,805.2,120.52,1,0,0.0,33.75,47.0
336,20.19,807.6,120.76,1,0,0.0,33.75,47.0
337,20.25,810.0,121.0,1,0,0.0,33.75,47.0
338,20.31,812.4,121.24,1,0,0.0,33.75,47.0
339,20.37,814.8,121.48,1,0,0.0,33.75,47.0
340,20.43,817.2,121.72,1,0,0.0,33.75,47.0
341,20.49,819.6,121.96,1,0,0.0,33.75,47.0
342,20.55,822.0,122.2,1,0,0.0,33.75,47.0
343,20.61,824.4,122.44,1,0,0.0,33.75,47.0
344,20.67,826.8,122.68,1,0,0.0,33.75,47.0
345,20.73,829.2,122.92,1,0,0.0,33.75,47.0
346,20.79,831.6,123.16,1,0,0.0,33.75,47.0
347,20.85,834.0,123.4,1,0,0.0,33.75,47.0
348,20.91,836.4,123.64,1,0,0.0,33.75,47.0
349,20.97,838.8,123.88,1,0,0.0,33.75,47.0
350,21.03,841.2,124.12,1,0,0.0,33.75,47.0
351,21.09,843.6,124.36,1,0,0.0,33.75,47.0
352,21.15,846.0,124.6,1,0,0.0,33.75,47.0
353,21.21,848.4,124.84,1,0,0.0,33.75,47.0
354,21.27,850.8,125.08,1,0,0.0,33.75,47.0
355,21.33,853.2,125.32,1,0,0.0,33.75,47.0
356,21.39,855.6,125.56,1,0,0.0,33.75,47.0
357,21.45,858.0,125.8,1,0,0.0,33.75,47.0
358,21.51,860.4,126.04,1,0,0.0,33.75,47.0
359,21.57,862.8,126.28,1,0,0.0,33.75,47.0
360,21.63,865.2,126.52,1,0,0.0,33.75,47.0
361,21.69,867.6,126.76,1,0,0.0,33.75,47.0
362,21.75,870.0,127.0,1,0,0.0,33.75,47.0
363,21.81,872.4,127.24,1,0,0.0,33.75,47.0
364,21.87,874.8,127.48,1,0,0.0,33.75,47.0
365,21.93,877.2,127.72,1,0,0.0,33.75,47.0
366,21.99,879.6,127.96,1,0,0.0,33.75,47.0
367,22.05,882.0,128.2,1,0,0.0,33.75,47.0
368,22.11,884.4,128.44,1,0,0.0,33.75,47.0
369,22.17,886.8,128.68,1,0,0.0,33.75,47.0
370,22.23,889.2,128.92,1,0,0.0,33.75,47.0
371,22.29,891.6,129.16,1,0,0.0,33.75,47.0
372,22.35,894.0,129.4,1,0,0.0,33.75,47.0
373,22.41,896.4,129.64,1,0,0.0,33.75,47.0
374,22.47,898.8,129.88,1,0,0.0,33.75,47.0
375,22.53,901.2,130.12,1,0,0.0,33.75,47.0
376,22.59,903.6,130.36,1,0,0.0,33.75,47.0
377,22.65,906.0,130.6,1,0,0.0,33.75,47.0
378,22.71,908.4,130.84,1,0,0.0,33.75,47.0
379,22.77,910.8,131.08,1,0,0.0,33.75,47.0
380,22.83,913.2,131.32,1,0,0.0,33.75,47.0
381,22.89,915.6,131.56,1,0,0.0,33.75,47.0
382,22.95,918.0,131.8,1,0,0.0,33.75,47.0
383,23.01,920.4,132.04,1,0,0.0,33.75,47.0
384,23.07,922.8,132.28,1,0,0.0,33.75,47.0
385,23.13,925.2,132.52,1,0,0.0,33.75,47.0
386,23.19,927.6,132.76,1,0,0.0,33.75,47.0
387,23.25,930.0,133.0,1,0,0.0,33.75,47.0
388,23.31,932.4,133.24,1,0,0.0,33.75,47.0
389,23.37,934.8,133.48,1,0,0.0,33.75,47.0
390,23.43,937.2,133.72,1,0,0.0,33.75,47.0
391,23.49,939.6,133.96,1,0,0.0,33.75,47.0
392,23.55,942.0,134.2,1,0,0.0,33.75,47.0
393,23.61,944.4,134.44,1,0,0.0,33.75,47.0
394,23.67,946.8,134.68,1,0,0.0,33.75,47.0
395,23.73,949.2,134.92,1,0,0.0,33.75,47.0
396,23.79,951.6,135.16,1,0,0.0,33.75,47.0
397,23.85,954.0,135.4,1,0,0.0,33.75,47.0
398,23.91,956.4,135.64,1,0,0.0,33.75,47.0
399,23.97,958.8,135.88,1,0,0.0,33.75,47.0
400,24.03,961.2,136.12,1,0,0.0,33.75,47.0
401,24.09,963.6,136.36,1,0,0.0,33.75,47.0
402,24.15,966.0,136.6,1,0,0.0,33.75,47.0
403,24.21,968.4,136.84,1,0,0.0,33.75,47.0
404,24.27,970.8,137.08,1,0,0.0,33.75,47.0
405,24.33,973.2,137.32,1,0,0.0,33.75,47.0
406,24.39,975.6,137.56,1,0,0.0,33.75,47.0
407,24.45,978.0,137.8,1,0,0.0,33.75,47.0
408,24.51,980.4,138.04,1,0,0.0,33.75,47.0
409,24.57,982.8,138.28,1,0,0.0,33.75,47.0
410,24.63,985.2,138.52,1,0,0.0,33.75,47.0
411,24.69,987.6,138.76,1,0,0.0,33.75,47.0
412,24.75,990.0,139.0,1,0,0.0,33.75,47.0
413,24.81,992.4,139.24,1,0,0.0,33.75,47.0
414,24.87,994.8,139.48,1,0,0.0,33.75,47.0
415,24.93,997.2,139.72,1,0,0.0,33.75,47.0
416,24.99,999.6,139.96,1,0,0.0,33.75,47.0
417,25.05,1002.0,140.2,1,0,0.0,33.75,47.0
418,25.11,1004.4,140.44,1,0,0.0,33.75,47.0
419,25.17,1006.8,140.68,1,0,0.0,33.75,47.0
420,25.23,1009.2,140.92,1,0,0.0,33.75,47.0
421,25.29,1011.6,141.16,1,0,0.0,33.75,47.0
422,25.35,1014.0,141.4,1,0,0.0,33.75,47.0
423,25.41,1016.4,141.64,1,0,0.0,33.75,47.0
424,25.47,1018.8,141.88,1,0,0.0,33.75,47.0
425,25.53,1021.2,142.12,1,0,0.0,33.75,47.0
426,25.59,1023.6,142.36,1,0,0.0,33.75,47.0
427,25.65,1026.0,142.6,1,0,0.0,33.75,47.0
428,25.71,1028.4,142.84,1,0,0.0,33.75,47.0
429,25.77,1030.8,143.08,1,0,0.0,33.75,47.0
430,25.83,1033.2,143.32,1,0,0.0,33.75,47.0
431,25.89,1035.6,143.56,1,0,0.0,33.75,47.0
432,25.95,1038.0,143.8,1,0,0.0,33.75,47.0
433,26.01,1040.4,144.04,1,0,0.0,33.75,47.0
434,26.07,1042.8,144.28,1,0,0.0,33.75,47.0
435,26.13,1045.2,144.52,1,0,0.0,33.75,47.0
436,26.19,1047.6,144.76,1,0,0.0,33.75,47.0
437,26.25,1050.0,145.0,1,0,0.0,33.75,47.0
438,26.31,1052.4,145.24,1,0,0.0,33.75,47.0
439,26.37,1054.8,145.48,1,0,0.0,33.75,47.0
440,26.43,1057.2,145.72,1,0,0.0,33.75,47.0
441,26.49,1059.6,145.96,1,0,0.0,33.75,47.0
442,26.55,1062.0,146.2,1,0,0.0,33.75,47.0
443,26.61,1064.4,146.44,1,0,0.0,33.75,47.0
444,26.67,1066.8,146.68,1,0,0.0,33.75,47.0
445,26.73,1069.2,146.92,1,0,0.0,33.75,47.0
446,26.79,1071.6,147.16,1,0,0.0,33.75,47.0
447,26.85,1074.0,147.4,1,0,0.0,33.75,47.0
448,26.91,1076.4,147.64,1,0,0.0,33.75,47.0
449,26.97,1078.8,147.88,1,0,0.0,33.75,47.0
450,27.03,1081.2,148.12,1,0,0.0,33.75,47.0
451,27.09,1083.6,148.36,1,0,0.0,33.75,47.0
452,27.15,1086.0,148.6,1,0,0.0,33.75,47.0
453,27.21,1088.4,148.84,1,0,0.0,33.75,47.0
454,27.27,1090.8,149.08,1,0,0.0,33.75,47.0
455,27.33,1093.2,149.32,1,0,0.0,33.75,47.0
456,27.39,1095.6,149.56,1,0,0.0,33.75,47.0
457,27.45,1098.0,149.8,1,0,0.0,33.75,47.0
458,27.51,1100.4,150.04,1,0,0.0,33.75,47.0
459,27.57,1102.8,150.28,1,0,0.0,33.75,47.0
460,27.63,1105.2,150.52,1,0,0.0,33.75,47.0
461,27.69,1107.6,150.76,1,0,0.0,33.75,47.0
462,27.75,1110.0,151.0,1,0,0.0,33.75,47.0
463,27.81,1112.4,151.24,1,0,0.0,33.75,47.0
464,27.87,1114.8,151.48,1,0,0.0,33.75,47.0
465,27.93,1117.2,151.72,1,0,0.0,33.75,47.0
466,27.99,1119.59944072,151.94479479,1,0,0.0,33.75,47.0
467,28.05,1121.9657985,152.08109507,1,0,0.0,33.75,47.0
468,28.11,1124.28076928,152.21920094,1,0,0.0,33.75,47.0
469,28.17,1126.55489628,152.36166228,1,0,0.0,33.75,47.0
470,28.23,1128.79190486,152.50412363,1,0,0.0,33.75,47.0
471,28.29,1130.99413146,152.65106699,1,0,0.0,33.75,47.0
472,28.35,1133.16748407,152.79958494,1,0,0.0,33.75,47.0
473,28.41,1135.30496002,152.95096525,1,0,0.0,33.75,47.0
474,28.47,1137.31001567,153.1424307,1,0,0.0,33.75,47.0
475,28.53,1139.22588189,153.35977596,1,0,0.0,33.75,47.0
476,28.59,1141.0739944,153.59279872,1,0,0.0,33.75,47.0
477,28.65,1142.86379286,153.83959113,1,0,0.0,33.75,47.0
478,28.71,1144.60174568,154.10052012,1,0,0.0,33.75,47.0
479,28.77,1146.29490685,154.37421357,1,0,0.0,33.75,47.0
480,28.83,1147.94670849,154.65766288,1,0,0.0,33.75,47.0
481,28.89,1149.559702,154.94916322,1,0,0.0,33.75,47.0
482,28.95,1151.13609405,155.24796931,1,0,0.0,33.75,47.0
483,29.01,1152.67947058,155.55939658,1,0,0.0,33.75,47.0
484,29.07,1154.1926842,155.88031254,1,0,0.0,33.75,47.0
485,29.13,1155.67721981,156.20657314,1,0,0.0,33.75,47.0
486,29.19,1157.13459652,156.53905436,1,0,0.0,33.75,47.0
487,29.25,1158.56584888,156.88055438,1,0,0.0,33.75,47.0
488,29.31,1159.97310432,157.23102482,1,0,0.0,33.75,47.0
489,29.37,1161.35902587,157.59041217,1,0,0.0,33.75,47.0
490,29.43,1162.72441959,157.95605388,1,0,0.0,33.75,47.0
491,29.49,1164.07052843,158.32638069,1,0,0.0,33.75,47.0
492,29.55,1165.39811113,158.70646996,1,0,0.0,33.75,47.0
493,29.61,1166.70817823,159.09022065,1,0,0.0,33.75,47.0
494,29.67,1168.00286387,159.48885514,1,0,0.0,33.75,47.0
495,29.73,1169.28362973,159.89215511,1,0,0.0,33.75,47.0
496,29.79,1170.5516053,160.30288547,1,0,0.0,33.75,47.0
497,29.85,1171.80737676,160.72154439,1,0,0.0,33.75,47.0
498,29.91,1173.05206352,161.14497453,1,0,0.0,33.75,47.0
499,29.97,1174.28634353,161.58000992,1,0,0.0,33.75,47.0
500,30.03,1175.51167699,162.02271458,1,0,0.0,33.75,47.0
501,30.09,1176.73010028,162.47933417,1,0,0.0,33.75,47.0
502,30.15,1177.94238145,162.94183409,1,0,0.0,33.75,47.0
503,30.21,1179.14970007,163.41394923,1,0,0.0,33.75,47.0
504,30.27,1180.35274734,163.89748519,1,0,0.0,33.75,47.0
505,30.33,1181.5527232,164.38671701,1,0,0.0,33.75,47.0
506,30.39,1182.75061698,164.89429377,1,0,0.0,33.75,47.0
507,30.45,1183.94805101,165.41507427,1,0,0.0,33.75,47.0
508,30.51,1185.14719756,165.94865274,1,0,0.0,33.75,47.0
509,30.57,1186.34911553,166.5018245,1,0,0.0,33.75,47.0
510,30.63,1187.55522953,167.06801528,1,0,0.0,33.75,47.0
511,30.69,1188.76718992,167.65166871,1,0,0.0,33.75,47.0
512,30.75,1189.98654872,168.26410651,1,0,0.0,33.75,47.0
513,30.81,1191.21521651,168.9004828,1,0,0.0,33.75,47.0
514,30.87,1192.45572763,169.57027346,1,0,0.0,33.75,47.0
515,30.93,1193.71170575,170.28175744,1,0,0.0,33.75,47.0
516,30.99,1194.98658961,171.04731978,1,0,0.0,33.75,47.0
517,31.05,1196.28480652,171.89083889,1,0,0.0,33.75,47.0
518,31.11,1197.61279612,172.85389773,1,0,0.0,33.75,47.0
519,31.17,1198.98124564,174.04474729,1,0,0.0,33.75,47.0
520,31.23,1200.42253511,176.49764243,1,0,0.03900486,33.25,44.0
521,31.29,1201.94005957,176.69058145,1,0,0.0,33.25,44.0
522,31.35,1203.4504883,176.88782189,1,0,0.0,33.25,44.0
523,31.41,1204.95453773,177.08599779,1,0,0.0,33.25,44.0
524,31.47,1206.45222554,177.28417369,1,0,0.0,33.25,44.0
525,31.53,1207.94355173,177.4823496,1,0,0.0,33.25,44.0
526,31.59,1209.42851629,177.6805255,1,0,0.0,33.25,44.0
527,31.65,1210.90711922,177.8787014,1,0,0.0,33.25,44.0
528,31.71,1212.37936054,178.0768773,1,0,0.0,33.25,44.0
529,31.77,1213.84524023,178.2750532,1,0,0.0,33.25,44.0
530,31.83,1215.30496297,178.47656788,1,0,0.0,33.25,44.0
531,31.89,1216.75926665,178.67998581,1,0,0.0,33.25,44.0
532,31.95,1218.20821779,178.88340374,1,0,0.0,33.25,44.0
533,32.01,1219.65181638,179.08682167,1,0,0.0,33.25,44.0
534,32.07,1221.09006242,179.2902396,1,0,0.0,33.25,44.0
535,32.13,1222.52295591,179.49365752,1,0,0.0,33.25,44.0
536,32.19,1223.95049685,179.69707545,1,0,0.0,33.25,44.0
537,32.25,1225.37268524,179.90049338,1,0,0.0,33.25,44.0
538,32.31,1226.78952528,180.10441159,1,0,0.0,33.25,44.0
539,32.37,1228.20156347,180.31310659,1,0,0.0,33.25,44.0
540,32.43,1229.609182,180.52180158,1,0,0.0,33.25,44.0
541,32.49,1231.01238087,180.73049657,1,0,0.0,33.25,44.0
542,32.55,1232.4111601,180.93919157,1,0,0.0,33.25,44.0
543,32.61,1233.80551967,181.14788656,1,0,0.0,33.25,44.0
544,32.67,1235.19545959,181.35658156,1,0,0.0,33.25,44.0
545,32.73,1236.58097985,181.56527655,1,0,0.0,33.25,44.0
546,32.79,1237.96208046,181.77397154,1,0,0.0,33.25,44.0
547,32.85,1239.33878707,181.98396151,1,0,0.0,33.25,44.0
548,32.91,1240.71169745,182.19800196,1,0,0.0,33.25,44.0
549,32.97,1242.08106265,182.41204241,1,0,0.0,33.25,44.0
550,33.03,1243.44688266,182.62608286,1,0,0.0,33.25,44.0
551,33.09,1244.80915749,182.84012331,1,0,0.0,33.25,44.0
552,33.15,1246.16788713,183.05416377,1,0,0.0,33.25,44.0
553,33.21,1247.52307159,183.26820422,1,0,0.0,33.25,44.0
554,33.27,1248.87471086,183.48224467,1,0,0.0,33.25,44.0
555,33.33,1250.22280495,183.69628512,1,0,0.0,33.25,44.0
556,33.39,1251.56736069,183.91102499,1,0,0.0,33.25,44.0
557,33.45,1252.90888599,184.13051361,1,0,0.0,33.25,44.0
558,33.51,1254.24769614,184.35000222,1,0,0.0,33.25,44.0
559,33.57,1255.58379115,184.56949084,1,0,0.0,33.25,44.0
560,33.63,1256.91717101,184.78897946,1,0,0.0,33.25,44.0
561,33.69,1258.24783573,185.00846808,1,0,0.0,33.25,44.0
562,33.75,1259.5757853,185.2279567,1,0,0.0,33.25,44.0
563,33.81,1260.90101973,185.44744531,1,0,0.0,33.25,44.0
564,33.87,1262.22353901,185.66693393,1,0,0.0,33.25,44.0
565,33.93,1263.54334314,185.88642255,1,0,0.0,33.25,44.0
566,33.99,1264.86068977,186.11040585,1,0,0.0,33.25,44.0
567,34.05,1266.17610368,186.3354873,1,0,0.0,33.25,44.0
568,34.11,1267.48960025,186.56056875,1,0,0.0,33.25,44.0
569,34.17,1268.80117949,186.7856502,1,0,0.0,33.25,44.0
570,34.23,1270.11084139,187.01073165,1,0,0.0,33.25,44.0
571,34.29,1271.41858595,187.2358131,1,0,0.0,33.25,44.0
572,34.35,1272.72441318,187.46089455,1,0,0.0,33.25,44.0
573,34.41,1274.02832307,187.685976,1,0,0.0,33.25,44.0
574,34.47,1275.33031563,187.91105745,1,0,0.0,33.25,44.0
575,34.53,1276.63043051,188.13798765,1,0,0.0,33.25,44.0
576,34.59,1277.92922422,188.36884963,1,0,0.0,33.25,44.0
577,34.65,1279.22687616,188.59971161,1,0,0.0,33.25,44.0
578,34.71,1280.52338634,188.83057359,1,0,0.0,33.25,44.0
579,34.77,1281.81875475,189.06143557,1,0,0.0,33.25,44.0
580,34.83,1283.11298139,189.29229755,1,0,0.0,33.25,44.0
581,34.89,1284.40606626,189.52315953,1,0,0.0,33.25,44.0
582,34.95,1285.69800937,189.75402151,1,0,0.0,33.25,44.0
583,35.01,1286.98881071,189.98488349,1,0,0.0,33.25,44.0
584,35.07,1288.27847029,190.21574547,1,0,0.0,33.25,44.0
585,35.13,1289.56719099,190.45099929,1,0,0.0,33.25,44.0
586,35.19,1290.85550479,190.68788278,1,0,0.0,33.25,44.0
587,35.25,1292.14343963,190.92476626,1,0,0.0,33.25,44.0
588,35.31,1293.4309955,191.16164975,1,0,0.0,33.25,44.0
589,35.37,1294.71817241,191.39853324,1,0,0.0,33.25,44.0
590,35.43,1296.00497037,191.63541672,1,0,0.0,33.25,44.0
591,35.49,1297.29138935,191.87230021,1,0,0.0,33.25,44.0
592,35.55,1298.57742938,192.1091837,1,0,0.0,33.25,44.0
593,35.61,1299.86309044,192.34606718,1,0,0.0,33.25,44.0
594,35.67,1301.14837532,192.58349073,1,0,0.0,33.25,44.0
595,35.73,1302.43372252,192.8266952,1,0,0.0,33.25,44.0
596,35.79,1303.71944928,193.06989967,1,0,0.0,33.25,44.0
597,35.85,1305.0055556,193.31310413,1,0,0.0,33.25,44.0
598,35.91,1306.29204147,193.5563086,1,0,0.0,33.25,44.0
599,35.97,1307.5789069,193.79951307,1,0,0.0,33.25,44.0
600,36.03,1308.86615188,194.04271753,1,0,0.0,33.25,44.0
601,36.09,1310.15377642,194.285922,1,0,0.0,33.25,44.0
602,36.15,1311.44178051,194.52912646,1,0,0.0,33.25,44.0
603,36.21,1312.73016416,194.77233093,1,0,0.0,33.25,44.0
604,36.27,1314.01900173,195.01849031,1,0,0.0,33.25,44.0
605,36.33,1315.30886271,195.26838667,1,0,0.0,33.25,44.0
606,36.39,1316.59986606,195.51828303,1,0,0.0,33.25,44.0
607,36.45,1317.89201176,195.76817938,1,0,0.0,33.25,44.0
608,36.51,1319.18529983,196.01807574,1,0,0.0,33.25,44.0
609,36.57,1320.47973025,196.2679721,1,0,0.0,33.25,44.0
610,36.63,1321.77530303,196.51786846,1,0,0.0,33.25,44.0
611,36.69,1323.07201816,196.76776481,1,0,0.0,33.25,44.0
612,36.75,1324.36987566,197.01766117,1,0,0.0,33.25,44.0
613,36.81,1325.66887551,197.26755753,1,0,0.0,33.25,44.0
614,36.87,1326.96929862,197.52353547,1,0,0.0,33.25,44.0
615,36.93,1328.27163105,197.78057737,1,0,0.0,33.25,44.0
616,36.99,1329.5758814,198.03761927,1,0,0.0,33.25,44.0
617,37.05,1330.88204967,198.29466117,1,0,0.0,33.25,44.0
618,37.11,1332.19013586,198.55170307,1,0,0.0,33.25,44.0
619,37.17,1333.50013996,198.80874497,1,0,0.0,33.25,44.0
620,37.23,1334.81206199,199.06578687,1,0,0.0,33.25,44.0
621,37.29,1336.12590193,199.32282877,1,0,0.0,33.25,44.0
622,37.35,1337.44165979,199.57987068,1,0,0.0,33.25,44.0
623,37.41,1338.75938937,199.83974178,1,0,0.0,33.25,44.0
624,37.47,1340.07967497,200.10448787,1,0,0.0,33.25,44.0
625,37.53,1341.40267632,200.36923396,1,0,0.0,33.25,44.0
626,37.59,1342.72839342,200.63398005,1,0,0.0,33.25,44.0
627,37.65,1344.05682627,200.89872614,1,0,0.0,33.25,44.0
628,37.71,1345.38797487,201.16347223,1,0,0.0,33.25,44.0
629,37.77,1346.72183921,201.42821832,1,0,0.0,33.25,44.0
630,37.83,1348.05841931,201.69296441,1,0,0.0,33.25,44.0
631,37.89,1349.39771516,201.9577105,1,0,0.0,33.25,44.0
632,37.95,1350.7397275,202.22281339,1,0,0.0,33.25,44.0
633,38.01,1352.08490517,202.49594518,1,0,0.0,33.25,44.0
634,38.07,1353.43362862,202.76907697,1,0,0.0,33.25,44.0
635,38.13,1354.78589785,203.04220875,1,0,0.0,33.25,44.0
636,38.19,1356.14171285,203.31534054,1,0,0.0,33.25,44.0
637,38.25,1357.50107363,203.58847233,1,0,0.0,33.25,44.0
638,38.31,1358.86398018,203.86160412,1,0,0.0,33.25,44.0
639,38.37,1360.23043251,204.13473591,1,0,0.0,33.25,44.0
640,38.43,1361.60043061,204.4078677,1,0,0.0,33.25,44.0
641,38.49,1362.97397449,204.68099949,1,0,0.0,33.25,44.0
642,38.55,1364.35144123,204.96270199,1,0,0.0,33.25,44.0
643,38.61,1365.73332599,205.2450628,1,0,0.0,33.25,44.0
644,38.67,1367.11963099,205.52742362,1,0,0.0,33.25,44.0
645,38.73,1368.51035624,205.80978444,1,0,0.0,33.25,44.0
646,38.79,1369.90550173,206.09214525,1,0,0.0,33.25,44.0
647,38.85,1371.30506747,206.37450607,1,0,0.0,33.25,44.0
648,38.91,1372.70905345,206.65686689,1,0,0.0,33.25,44.0
649,38.97,1374.11745968,206.93922771,1,0,0.0,33.25,44.0
650,39.03,1375.53028886,207.22237036,1,0,0.0,33.25,44.0
651,39.09,1376.94807302,207.51500204,1,0,0.0,33.25,44.0
652,39.15,1378.3712103,207.80763372,1,0,0.0,33.25,44.0
653,39.21,1379.79970068,208.10026539,1,0,0.0,33.25,44.0
654,39.27,1381.23354418,208.39289707,1,0,0.0,33.25,44.0
655,39.33,1382.67274079,208.68552875,1,0,0.0,33.25,44.0
656,39.39,1384.11729051,208.97816043,1,0,0.0,33.25,44.0
657,39.45,1385.56719334,209.2707921,1,0,0.0,33.25,44.0
658,39.51,1387.02244928,209.56342378,1,0,0.0,33.25,44.0
659,39.57,1388.48320219,209.86223687,1,0,0.0,33.25,44.0
660,39.63,1389.95020776,210.16644517,1,0,0.0,33.25,44.0
661,39.69,1391.42357558,210.47065348,1,0,0.0,33.25,44.0
662,39.75,1392.90330565,210.77486178,1,0,0.0,33.25,44.0
663,39.81,1394.38939797,211.07907008,1,0,0.0,33.25,44.0
664,39.87,1395.88185254,211.38327839,1,0,0.0,33.25,44.0
665,39.93,1397.38066936,211.68748669,1,0,0.0,33.25,44.0
666,39.99,1398.88584843,211.991695,1,0,0.0,33.25,44.0
667,40.05,1400.39745742,212.30052639,1,0,0.0,33.25,44.0
668,40.11,1401.91630208,212.61796032,1,0,0.0,33.25,44.0
669,40.17,1403.44261673,212.93539425,1,0,0.0,33.25,44.0
670,40.23,1404.97640137,213.25282819,1,0,0.0,33.25,44.0
671,40.29,1406.51765599,213.57026212,1,0,0.0,33.25,44.0
672,40.35,1408.06638061,213.88769605,1,0,0.0,33.25,44.0
673,40.41,1409.62257522,214.20512998,1,0,0.0,33.25,44.0
674,40.47,1411.18623982,214.52256392,1,0,0.0,33.25,44.0
675,40.53,1412.75757395,214.84871501,1,0,0.0,33.25,44.0
676,40.59,1414.33749884,215.1814897,1,0,0.0,33.25,44.0
677,40.65,1415.92612968,215.51426439,1,0,0.0,33.25,44.0
678,40.71,1417.52346648,215.84703908,1,0,0.0,33.25,44.0
679,40.77,1419.12950923,216.17981376,1,0,0.0,33.25,44.0
680,40.83,1420.6495253,219.03947512,1,0,0.0,33.25,44.0
681,40.89,1422.08873855,220.49911316,1,0,0.0,33.25,44.0
682,40.95,1423.48224749,221.69214762,1,0,0.0,33.25,44.0
683,41.01,1424.84311078,222.76431183,1,0,0.0,33.25,44.0
684,41.07,1426.17866015,223.74658901,1,0,0.0,33.75,47.0
685,41.13,1427.49359143,224.67113004,1,0,0.0,33.75,47.0
686,41.19,1428.79152157,225.55559431,1,0,0.0,33.75,47.0
687,41.25,1430.07547186,226.41032638,1,0,0.0,33.75,47.0
688,41.31,1431.34780116,227.22485407,1,0,0.0,33.75,47.0
689,41.37,1432.61039824,228.02825267,1,0,0.0,33.75,47.0
690,41.43,1433.86659063,228.82788727,1,0,0.0,33.75,47.0
691,41.49,1435.11792439,229.60078847,1,0,0.0,33.75,47.0
692,41.55,1436.36595254,230.36702463,1,0,0.0,33.75,47.0
693,41.61,1437.61199788,231.10892665,1,0,0.0,33.75,47.0
694,41.67,1438.85703803,231.84560747,1,0,0.0,33.75,47.0
695,41.73,1440.10244565,232.56581203,1,0,0.0,33.75,47.0
696,41.79,1441.34998404,233.30545838,1,0,0.0,33.75,47.0
697,41.85,1442.60182007,234.03010801,1,0,0.0,33.75,47.0
698,41.91,1443.85850422,234.74999619,1,0,0.0,33.75,47.0
699,41.97,1445.12125118,235.45606382,1,0,0.0,33.75,47.0
700,42.03,1446.39057348,236.15915245,1,0,0.0,33.75,47.0
701,42.09,1447.66765314,236.85843652,1,0,0.0,33.75,47.0
702,42.15,1448.95987288,237.62683572,1,0,0.0,33.75,47.0
703,42.21,1450.30755141,238.43810424,1,0,0.0,33.75,47.0
704,42.27,1451.71684421,239.24573278,1,0,0.0,33.75,47.0
705,42.33,1453.17730079,240.03814935,1,0,0.0,33.75,47.0
706,42.39,1454.6886304,240.83424448,1,0,0.0,33.75,47.0
707,42.45,1456.24846505,241.65385925,1,0,0.0,33.75,47.0
708,42.51,1457.85509041,242.46936059,1,0,0.0,33.75,47.0
709,42.57,1459.50876286,243.27860862,1,0,0.0,33.75,47.0
710,42.63,1461.20884285,244.07665888,1,0,0.0,33.75,47.0
711,42.69,1462.95256379,244.90468606,1,0,0.0,33.75,47.0
712,42.75,1464.7438501,245.74978937,1,0,0.0,33.75,47.0
713,42.81,1466.58345425,246.5937191,1,0,0.0,33.75,47.0
714,42.87,1468.47071176,247.4220167,1,0,0.0,33.75,47.0
715,42.93,1470.40514029,248.30793347,1,0,0.0,33.75,47.0
716,42.99,1472.39144421,249.21212307,1,0,0.0,33.75,47.0
717,43.05,1474.43082667,250.11559535,1,0,0.0,33.75,47.0
718,43.11,1476.52445202,251.06694915,1,0,0.0,33.75,47.0
719,43.17,1478.6775987,252.0899482,1,0,0.01302972,33.75,47.0
720,43.23,1480.89149797,253.10512962,1,0,0.01302972,33.25,46.0
721,43.29,1483.17312154,254.33009886,1,0,0.01877359,32.75,42.0
722,43.35,1485.53204315,255.55863301,1,0,0.02039701,32.75,42.0
723,43.41,1487.94242222,256.03824354,1,0,0.0,32.75,42.0
724,43.47,1490.37864181,256.50522458,1,0,0.0,32.75,42.0
725,43.53,1492.84127413,256.96968834,1,0,0.0,32.75,42.0
726,43.59,1495.33127286,257.42472839,1,0,0.0,32.75,42.0
727,43.65,1497.84998364,257.87737134,1,0,0.0,32.75,42.0
728,43.71,1500.39893432,258.32074338,1,0,0.0,32.75,42.0
729,43.77,1502.97921555,258.75706199,1,0,0.0,32.75,42.0
730,43.83,1505.59151586,259.18429915,1,0,0.0,32.75,42.0
731,43.89,1508.23724036,259.60187217,1,0,0.0,32.75,42.0
732,43.95,1510.91875998,260.01327719,1,0,0.0,32.75,42.0
733,44.01,1513.1966467,260.63842671,1,0,0.0,32.75,42.0
734,44.07,1515.47992411,261.27276751,1,0,0.0,32.75,42.0
735,44.13,1517.81069554,261.89548299,1,0,0.0,32.75,42.0
736,44.19,1520.19493504,262.50127587,1,0,0.0,32.75,42.0
737,44.25,1522.64426379,263.09159292,1,0,0.0,32.75,42.0
738,44.31,1525.19310135,263.65854183,1,0,0.0,32.75,42.0
739,44.37,1527.85040977,264.19716668,1,0,0.0,32.75,42.0
740,44.43,1530.51931399,264.73647078,1,0,0.0,32.75,42.0
741,44.49,1533.20002994,265.27580373,1,0,0.0,32.75,42.0
742,44.55,1535.89276104,265.81500424,1,0,0.0,32.75,42.0
743,44.61,1538.59683098,266.35049149,1,0,0.0,32.75,42.0
744,44.67,1541.31212825,266.88681069,1,0,0.0,32.75,42.0
745,44.73,1544.03876411,267.42312989,1,0,0.0,32.75,42.0
746,44.79,1546.77683693,267.96054611,1,0,0.0,32.75,42.0
747,44.85,1549.52683455,268.49974373,1,0,0.0,32.75,42.0
748,44.91,1552.28911977,269.03949017,1,0,0.0,32.75,42.0
749,44.97,1555.06371788,269.57923661,1,0,0.0,32.75,42.0
750,45.03,1557.85016916,270.11546422,1,0,0.0,32.75,42.0
751,45.09,1560.64843375,270.65457092,1,0,0.0,32.75,42.0
752,45.15,1563.4587856,271.19367762,1,0,0.0,32.75,42.0
753,45.21,1566.28122666,271.73299592,1,0,0.0,32.75,42.0
754,45.27,1569.11600875,272.27512953,1,0,0.0,32.75,42.0
755,45.33,1571.96369799,272.81968354,1,0,0.0,32.75,42.0
756,45.39,1574.82458844,273.36617145,1,0,0.0,32.75,42.0
757,45.45,1577.69888482,273.91227915,1,0,0.0,32.75,42.0
758,45.51,1580.58619119,274.45867195,1,0,0.0,32.75,42.0
759,45.57,1583.48673479,275.00666837,1,0,0.0,32.75,42.0
760,45.63,1586.40063441,275.55667922,1,0,0.0,32.75,42.0
761,45.69,1589.32835939,276.11131963,1,0,0.0,32.75,42.0
762,45.75,1592.27044824,276.66949049,1,0,0.0,32.75,42.0
763,45.81,1595.22723628,277.22885979,1,0,0.0,32.75,42.0
764,45.87,1598.19917837,277.79701866,1,0,0.0,32.75,42.0
765,45.93,1601.18700184,278.36671497,1,0,0.0,32.75,42.0
766,45.99,1604.19053474,278.938155,1,0,0.0,32.75,42.0
767,46.05,1607.11446479,279.53710915,1,0,0.0,32.75,42.0
768,46.11,1609.94379248,280.16518279,1,0,0.0,32.75,42.0
769,46.17,1612.72593346,280.81892829,1,0,0.0,32.75,42.0
770,46.23,1615.47583697,281.48822418,1,0,0.0,32.75,42.0
771,46.29,1618.2026128,282.18560619,1,0,0.0,32.75,42.0
772,46.35,1620.91241239,282.90363347,1,0,0.0,32.75,42.0
773,46.41,1623.61117832,283.64111939,1,0,0.0,32.75,42.0
774,46.47,1626.30365726,284.41385939,1,0,0.0,32.75,42.0
775,46.53,1628.99326972,285.21731358,1,0,0.0,32.75,42.0
776,46.59,1631.68543949,286.07026255,1,0,0.0,32.75,42.0
777,46.65,1634.38510135,286.99898722,1,0,0.0,32.75,42.0
778,46.71,1637.10096552,288.06277057,1,0,0.0,32.75,42.0
779,46.77,1639.8477583,289.53088669,1,0,0.0,32.75,42.0
780,46.83,1642.65567771,290.69721839,1,0,0.02793094,32.25,39.0
781,46.89,1645.45681992,291.10595066,1,0,0.0,32.25,39.0
782,46.95,1648.24662954,291.5227298,1,0,0.0,32.25,39.0
783,47.01,1651.02570241,291.93662241,1,0,0.0,32.25,39.0
784,47.07,1653.7942859,292.35751107,1,0,0.0,32.25,39.0
785,47.13,1656.55360823,292.77946771,1,0,0.0,32.25,39.0
786,47.19,1659.30387407,293.20601456,1,0,0.0,32.25,39.0
787,47.25,1662.0465996,293.63850061,1,0,0.0,32.25,39.0
788,47.31,1664.78210817,294.07098666,1,0,0.0,32.25,39.0
789,47.37,1667.5111018,294.51263789,1,0,0.0,32.25,39.0
790,47.43,1670.23473938,294.95572413,1,0,0.0,32.25,39.0
791,47.49,1672.95307292,295.40094625,1,0,0.0,32.25,39.0
792,47.55,1673.27563228,295.61329157,1,0,0.0,32.25,39.0
793,47.61,1673.58547356,295.82166576,1,0,0.0,32.25,39.0
794,47.67,1673.89107712,296.03500483,1,0,0.0,32.25,39.0
795,47.73,1674.19369105,296.25431965,1,0,0.0,32.25,39.0
796,47.79,1674.49356432,296.47363448,1,0,0.0,32.25,39.0
797,47.85,1674.79103003,296.70018897,1,0,0.0,32.25,39.0
798,47.91,1675.08725741,296.9307359,1,0,0.0,32.25,39.0
799,47.97,1675.38234775,297.16128284,1,0,0.0,32.25,39.0
800,48.03,1675.67678366,297.40096684,1,0,0.0,32.25,39.0
801,48.09,1675.97160178,297.64255812,1,0,0.0,32.25,39.0
802,48.15,1676.26636591,297.87912362,1,0,0.0,32.25,39.0
803,48.21,1676.56137019,298.12653517,1,0,0.0,32.25,39.0
804,48.27,1676.85752265,298.37519453,1,0,0.0,32.25,39.0
805,48.33,1677.15483143,298.6238539,1,0,0.0,32.25,39.0
806,48.39,1677.45404417,298.88509303,1,0,0.0,32.25,39.0
807,48.45,1677.75593721,299.14645269,1,0,0.0,32.25,39.0
808,48.51,1678.06051605,299.40894455,1,0,0.0,32.25,39.0
809,48.57,1678.36866506,299.68375097,1,0,0.0,32.25,39.0
810,48.63,1678.68102688,299.95855739,1,0,0.0,32.25,39.0
811,48.69,1678.99748298,300.23258293,1,0,0.0,32.25,39.0
812,48.75,1679.3184856,300.5159763,1,0,0.0,32.25,39.0
813,48.81,1679.64448419,300.79936967,1,0,0.0,32.25,39.0
814,48.87,1679.97556952,301.0879767,1,0,0.0,32.25,39.0
815,48.93,1680.31290143,301.38686526,1,0,0.0,32.25,39.0
816,48.99,1680.65683295,301.68575382,1,0,0.0,32.25,39.0
817,49.05,1681.00759602,301.99353895,1,0,0.0,32.25,39.0
818,49.11,1681.36644108,302.30930203,1,0,0.0,32.25,39.0
819,49.17,1681.73355465,302.62506512,1,0,0.0,32.25,39.0
820,49.23,1682.1094745,302.95520046,1,0,0.0,32.25,39.0
821,49.29,1682.53393862,301.41441879,1,0,0.0,32.25,39.0
822,49.35,1683.08353821,300.39289207,1,0,0.0,32.25,39.0
823,49.41,1683.70634005,299.80533347,1,0,0.0,32.25,39.0
824,49.47,1684.38687164,299.38475536,1,0,0.0,32.25,39.0
825,49.53,1685.11692882,299.07764246,1,0,0.0,32.25,39.0
826,49.59,1685.89247228,298.84723988,1,0,0.0,32.25,39.0
827,49.65,1686.70959598,298.66528066,1,0,0.0,32.25,39.0
828,49.71,1687.56642402,298.55653797,1,0,0.0,32.25,39.0
829,49.77,1688.46158896,298.47733493,1,0,0.0,32.25,39.0
830,49.83,1689.39332485,298.43744003,1,0,0.0,32.25,39.0
831,49.89,1690.36091706,298.43424542,1,0,0.0,32.25,39.0
832,49.95,1691.36334961,298.46443744,1,0,0.0,32.25,39.0
833,50.01,1692.40088559,298.52891151,1,0,0.0,32.25,39.0
834,50.07,1693.47332175,298.63250689,1,0,0.0,32.25,39.0
835,50.13,1694.58151872,298.76788662,1,0,0.0,32.25,39.0
836,50.19,1695.72581378,298.95384391,1,0,0.0,32.25,39.0
837,50.25,1696.90778751,299.16706519,1,0,0.0,32.25,39.0
838,50.31,1698.12882417,299.45718955,1,0,0.0,32.25,39.0
839,50.37,1699.39104205,299.78826546,1,0,0.0,32.25,39.0
840,50.43,1700.69801932,300.19241051,1,0,0.0,32.25,39.0
841,50.49,1700.5288354,340.56341283,2,0,0.0,32.25,39.0
842,50.55,1699.53981519,341.00758557,2,0,0.0,32.25,39.0
843,50.61,1698.61928369,341.76796216,2,0,0.02442901,31.75,37.0
844,50.67,1697.81219371,344.06288059,2,0,0.05822072,31.25,34.0
845,50.73,1697.10669172,343.53874508,2,0,0.0,31.25,34.0
846,50.79,1696.40373495,343.02124766,2,0,0.0,31.25,34.0
847,50.85,1695.70215676,342.51147718,2,0,0.0,31.25,34.0
848,50.91,1695.00167472,342.00537348,2,0,0.0,31.25,34.0
849,50.97,1694.30121017,341.50798502,2,0,0.0,31.25,34.0
850,51.03,1693.599868,341.00541541,2,0,0.0,31.25,34.0
851,51.09,1692.89650465,340.51464794,2,0,0.0,31.25,34.0
852,51.15,1692.19046222,340.02388046,2,0,0.0,31.25,34.0
853,51.21,1691.48116197,339.54362301,2,0,0.0,31.25,34.0
854,51.27,1690.76766347,339.06494825,2,0,0.0,31.25,34.0
855,51.33,1690.04959355,338.59416483,2,0,0.0,31.25,34.0
856,51.39,1689.3258337,338.12709958,2,0,0.0,31.25,34.0
857,51.45,1688.59609144,337.6658183,2,0,0.0,31.25,34.0
858,51.51,1687.85916404,337.20998842,2,0,0.0,31.25,34.0
859,51.57,1687.11456155,336.75326536,2,0,0.0,31.25,34.0
860,51.63,1686.36047713,336.30067129,2,0,0.0,31.25,34.0
861,51.69,1685.59646924,335.851372,2,0,0.0,31.25,34.0
862,51.75,1684.82128421,335.40951196,2,0,0.0,31.25,34.0
863,51.81,1684.03442197,334.97069991,2,0,0.0,31.25,34.0
864,51.87,1683.23455855,334.53944178,2,0,0.0,31.25,34.0
865,51.93,1682.4211,334.11175792,2,0,0.0,31.25,34.0
866,51.99,1681.59257447,333.69102709,2,0,0.0,31.25,34.0
867,52.05,1680.74828772,333.27528473,2,0,0.0,31.25,34.0
868,52.11,1679.88651717,332.86222646,2,0,0.0,31.25,34.0
869,52.17,1679.00573894,332.45104448,2,0,0.0,31.25,34.0
870,52.23,1678.10400097,332.04335184,2,0,0.0,31.25,34.0
871,52.29,1677.17968605,331.64599595,2,0,0.0,31.25,34.0
872,52.35,1676.23109189,331.25375221,2,0,0.0,31.25,34.0
873,52.41,1675.25574497,330.86759478,2,0,0.0,31.25,34.0
874,52.47,1674.25108603,330.49203912,2,0,0.0,31.25,34.0
875,52.53,1673.21401333,330.12463656,2,0,0.0,31.25,34.0
876,52.59,1672.14022019,329.76664055,2,0,0.0,31.25,34.0
877,52.65,1630.32393749,365.34780776,3,0,0.0,31.25,34.0
878,52.71,1613.23163076,363.41271877,3,0,0.0,31.25,34.0
879,52.77,1597.87532807,361.67807683,3,0,0.0,31.25,34.0
880,52.83,1585.99643824,360.33697966,3,0,0.0,31.25,34.0
881,52.89,1574.08889334,359.0030749,3,0,0.0,31.25,34.0
882,52.95,1564.43902543,357.89537975,3,0,0.0,31.25,34.0
883,53.01,1555.25766013,356.83497679,3,0,0.0,31.25,34.0
884,53.07,1546.07212455,355.49999233,3,0,0.0,31.25,34.0
885,53.13,1537.84578078,351.76490294,3,0,0.0,31.25,34.0
886,53.19,1530.53413365,349.64260508,3,0,0.0,31.25,34.0
887,53.25,1523.27917426,347.77392684,3,0,0.0,31.25,34.0
888,53.31,1516.06790436,346.04595578,3,0,0.0,31.25,34.0
889,53.37,1509.33330325,344.46392105,3,0,0.0,31.25,34.0
890,53.43,1503.32049718,343.02522272,3,0,0.0,31.25,34.0
891,53.49,1497.33466926,341.62166439,3,0,0.0,31.25,34.0
892,53.55,1491.37235727,340.26834935,3,0,0.0,31.25,34.0
893,53.61,1485.43170218,338.94476208,3,0,0.0,31.25,34.0
894,53.67,1479.92544641,337.68736125,3,0,0.0,31.25,34.0
895,53.73,1474.85029282,336.49024726,3,0,0.0,31.25,34.0
896,53.79,1469.78893326,335.3067204,3,0,0.0,31.25,34.0
897,53.85,1464.74065217,334.14488956,3,0,0.0,31.25,34.0
898,53.91,1459.70334408,332.99801829,3,0,0.0,31.25,34.0
899,53.97,1454.67658526,331.86316549,3,0,0.0,31.25,34.0
900,54.03,1450.20789661,328.49607212,3,0,0.0,31.25,34.0
901,54.09,1446.01879765,326.23739193,3,0,0.0,31.25,34.0
902,54.15,1441.93004756,324.32821023,3,0,0.0,31.25,34.0
903,54.21,1437.90442736,322.56278306,3,0,0.0,31.25,34.0
904,54.27,1433.93500415,320.90123354,3,0,0.0,31.25,34.0
905,54.33,1430.03335013,319.31650292,3,0,0.0,31.25,34.0
906,54.39,1426.37080745,317.80950265,3,0,0.0,31.25,34.0
907,54.45,1422.92323676,316.38802639,3,0,0.0,31.25,34.0
908,54.51,1419.52173272,315.00081664,3,0,0.0,31.25,34.0
909,54.57,1416.14799704,313.64906097,3,0,0.0,31.25,34.0
910,54.63,1412.79262304,312.33308567,3,0,0.0,31.25,34.0
911,54.69,1409.45908554,311.02408295,3,0,0.0,31.25,34.0
912,54.75,1406.15814531,309.7423035,3,0,0.0,31.25,34.0
913,54.81,1403.0225005,308.50827341,3,0,0.0,31.25,34.0
914,54.87,1400.04964662,307.30918689,3,0,0.0,31.25,34.0
915,54.93,1397.0993193,306.13513533,3,0,0.0,31.25,34.0
916,54.99,1394.15844094,304.97974858,3,0,0.0,31.25,34.0
917,55.05,1391.21914593,303.83411609,3,0,0.0,31.25,34.0
918,55.11,1388.282031,302.70567208,3,0,0.0,31.25,34.0
919,55.17,1385.35074131,301.58020521,3,0,0.0,31.25,34.0
920,55.23,1382.4368657,300.46400428,3,0,0.0,31.25,34.0
921,55.29,1381.63941832,259.59285374,2,0,0.0,31.25,34.0
922,55.35,1381.28243802,258.77768258,2,0,0.0,31.25,34.0
923,55.41,1380.92807138,257.97134668,2,0,0.0,31.25,34.0
924,55.47,1380.56675684,257.18343977,2,0,0.0,31.25,34.0
925,55.53,1380.19390905,256.39076115,2,0,0.0,31.25,34.0
926,55.59,1379.8079006,255.6009507,2,0,0.0,31.25,34.0
927,55.65,1379.41247167,254.82671956,2,0,0.0,31.25,34.0
928,55.71,1379.01560095,254.06085552,2,0,0.0,31.25,34.0
929,55.77,1378.63623953,253.31568892,2,0,0.0,31.25,34.0
930,55.83,1378.26851845,252.59092852,2,0,0.0,31.25,34.0
931,55.89,1377.89247465,251.86282162,2,0,0.0,31.25,34.0
932,55.95,1377.4983941,251.13056032,2,0,0.0,31.25,34.0
933,56.01,1377.07928237,250.41134092,2,0,0.0,31.25,34.0
934,56.07,1376.63217705,249.69841159,2,0,0.0,31.25,34.0
935,56.13,1376.15941964,248.99938855,2,0,0.0,31.25,34.0
936,56.19,1375.66390167,248.31060303,2,0,0.0,31.25,34.0
937,56.25,1375.15260273,247.60851331,2,0,0.0,31.25,34.0
938,56.31,1374.64126595,246.9203521,2,0,0.0,31.25,34.0
939,56.37,1374.11609303,246.24346005,2,0,0.0,31.25,34.0
940,56.43,1373.56220426,245.57679665,2,0,0.0,31.25,34.0
941,56.49,1372.97052711,244.92554507,2,0,0.0,31.25,34.0
942,56.55,1372.33387152,244.26369602,2,0,0.0,31.25,34.0
943,56.61,1371.64545198,243.59340676,2,0,0.0,31.25,34.0
944,56.67,1370.90252353,242.93610204,2,0,0.0,31.25,34.0
945,56.73,1370.10310477,242.29337275,2,0,0.0,31.25,34.0
946,56.79,1369.23995454,241.67476981,2,0,0.0,31.25,34.0
947,56.85,1368.32283877,241.037316,2,0,0.0,31.25,34.0
948,56.91,1367.38391299,240.41406525,2,0,0.0,31.25,34.0
949,56.97,1366.40439951,239.79196304,2,0,0.0,31.25,34.0
950,57.03,1365.38361383,239.17718642,2,0,0.0,31.25,34.0
951,57.09,1364.3169182,238.48160157,2,0,0.0,31.25,34.0
952,57.15,1363.20055043,237.78995114,2,0,0.0,31.25,34.0
953,57.21,1362.03208873,237.10229647,2,0,0.0,31.25,34.0
954,57.27,1360.80798616,236.32349319,2,0,0.0,31.25,34.0
955,57.33,1359.51955589,235.51074474,2,0,0.0,31.25,34.0
956,57.39,1358.16367619,234.66658344,2,0,0.0,31.25,34.0
957,57.45,1356.80850078,233.63592615,2,0,0.0,31.25,34.0
958,57.51,1355.40158866,232.86193454,2,0,0.0,31.25,34.0
959,57.57,1353.93934124,232.61606337,2,0,0.0,31.25,34.0
960,57.63,1352.42536041,232.38138697,2,0,0.0,31.25,34.0
961,57.69,1350.84392805,232.16213336,2,0,0.0,31.25,34.0
962,57.75,1349.14096465,231.96746101,2,0,0.0,31.25,34.0
963,57.81,1347.36308295,231.78967284,2,0,0.0,31.25,34.0
964,57.87,1345.58520124,231.61188467,2,0,0.0,31.25,34.0
965,57.93,1343.80731954,231.4340965,2,0,0.0,31.25,34.0
966,57.99,1342.02943784,231.25630833,2,0,0.0,31.25,34.0
967,58.05,1340.30978762,231.08434331,2,0,0.0,31.25,34.0
968,58.11,1338.63881977,230.91724653,2,0,0.0,31.25,34.0
969,58.17,1336.96785192,230.75014974,2,0,0.0,31.25,34.0
970,58.23,1335.29688406,230.58305295,2,0,0.0,31.25,34.0
971,58.29,1333.62591621,230.41595617,2,0,0.0,31.25,34.0
972,58.35,1331.95494836,230.24885938,2,0,0.0,31.25,34.0
973,58.41,1330.2839805,230.0817626,2,0,0.0,31.25,34.0
974,58.47,1328.61301265,229.91466581,2,0,0.0,31.25,34.0
975,58.53,1326.9420448,229.74756903,2,0,0.0,31.25,34.0
976,58.59,1325.27107695,229.58047224,2,0,0.0,31.25,34.0
977,58.65,1323.60578257,229.41394281,2,0,0.0,31.25,34.0
978,58.71,1322.03563291,229.25692784,2,0,0.0,31.25,34.0
979,58.77,1320.46548326,229.09991287,2,0,0.0,31.25,34.0
980,58.83,1318.89533361,228.94289791,2,0,0.0,31.25,34.0
981,58.89,1317.32518396,228.78588294,2,0,0.0,31.25,34.0
982,58.95,1315.7550343,228.62886798,2,0,0.0,31.25,34.0
983,59.01,1314.18488465,228.47185301,2,0,0.0,31.25,34.0
984,59.07,1312.614735,228.31483805,2,0,0.0,31.25,34.0
985,59.13,1311.04458534,228.15782308,2,0,0.0,31.25,34.0
986,59.19,1309.47443569,228.00080812,2,0,0.0,31.25,34.0
987,59.25,1307.90428604,227.84379315,2,0,0.0,31.25,34.0
988,59.31,1306.36202481,227.68956703,2,0,0.0,31.25,34.0
989,59.37,1304.88814208,227.54217876,2,0,0.0,31.25,34.0
990,59.43,1303.41425936,227.39479048,2,0,0.0,31.25,34.0
991,59.49,1301.94037664,227.24740221,2,0,0.0,31.25,34.0
992,59.55,1300.46649392,227.10001394,2,0,0.0,31.25,34.0
993,59.61,1298.99261119,226.95262567,2,0,0.0,31.25,34.0
994,59.67,1297.51872847,226.8052374,2,0,0.0,31.25,34.0
995,59.73,1296.04484575,226.65784912,2,0,0.0,31.25,34.0
996,59.79,1294.57096302,226.51046085,2,0,0.0,31.25,34.0
997,59.85,1293.0970803,226.36307258,2,0,0.0,31.25,34.0
998,59.91,1291.62319758,226.21568431,2,0,0.0,31.25,34.0
999,59.97,1290.17766831,226.07113138,2,0,0.0,31.25,34.0
1000,60.03,1288.79680448,225.933045,2,0,0.0,31.25,34.0
1001,60.09,1287.41594064,225.79495861,2,0,0.0,31.25,34.0
1002,60.15,1286.0350768,225.65687223,2,0,0.0,31.25,34.0
1003,60.21,1284.65421296,225.51878584,2,0,0.0,31.25,34.0
1004,60.27,1283.27334912,225.38069946,2,0,0.0,31.25,34.0
1005,60.33,1281.89248528,225.24261308,2,0,0.0,31.25,34.0
1006,60.39,1280.51162144,225.10452669,2,0,0.0,31.25,34.0
1007,60.45,1279.1307576,224.96644031,2,0,0.0,31.25,34.0
1008,60.51,1277.74989376,224.82835393,2,0,0.0,31.25,34.0
1009,60.57,1276.36902993,224.69026754,2,0,0.0,31.25,34.0
1010,60.63,1275.00303017,224.55366757,2,0,0.0,31.25,34.0
1011,60.69,1273.71308922,224.42467347,2,0,0.0,31.25,34.0
1012,60.75,1272.42314828,224.29567938,2,0,0.0,31.25,34.0
1013,60.81,1271.13320734,224.16668528,2,0,0.0,31.25,34.0
1014,60.87,1269.8432664,224.03769119,2,0,0.0,31.25,34.0
1015,60.93,1268.55332546,223.90869709,2,0,0.0,31.25,34.0
1016,60.99,1267.26338451,223.779703,2,0,0.0,31.25,34.0
1017,61.05,1265.97344357,223.65070891,2,0,0.0,31.25,34.0
1018,61.11,1264.68350263,223.52171481,2,0,0.0,31.25,34.0
1019,61.17,1263.39356169,223.39272072,2,0,0.0,31.25,34.0
1020,61.23,1262.10362074,223.26372662,2,0,0.0,31.25,34.0
1021,61.29,1260.8136798,223.13473253,2,0,0.0,31.25,34.0
1022,61.35,1259.60718041,223.01408259,2,0,0.0,31.25,34.0
1023,61.41,1258.40718041,222.89408259,2,0,0.0,31.25,34.0
1024,61.47,1257.20718041,222.77408259,2,0,0.0,31.25,34.0
1025,61.53,1256.00718041,222.65408259,2,0,0.0,31.25,34.0
1026,61.59,1254.80718041,222.53408259,2,0,0.0,31.25,34.0
1027,61.65,1253.60718041,222.41408259,2,0,0.0,31.25,34.0
1028,61.71,1252.40718041,222.29408259,2,0,0.0,31.25,34.0
1029,61.77,1251.20718041,222.17408259,2,0,0.0,31.25,34.0
1030,61.83,1250.00718041,222.05408259,2,0,0.0,31.25,34.0
1031,61.89,1248.80718041,221.93408259,2,0,0.0,31.25,34.0
1032,61.95,1247.60718041,221.81408259,2,0,0.0,31.25,34.0
1033,62.01,1246.44140723,223.32814638,2,0,0.0,31.25,34.0
1034,62.07,1245.18732229,224.67489664,2,0,0.0,31.25,34.0
1035,62.13,1243.866683,225.52426877,2,0,0.0,31.25,34.0
1036,62.19,1242.49799756,226.19925832,2,0,0.0,31.25,34.0
1037,62.25,1241.09032807,226.76906843,2,0,0.0,31.25,34.0
1038,62.31,1239.64952878,227.26996977,2,0,0.0,31.25,34.0
1039,62.37,1238.1798953,227.72128113,2,0,0.0,31.25,34.0
1040,62.43,1236.6845315,228.11953408,2,0,0.0,31.25,34.0
1041,62.49,1235.16597699,228.49264747,2,0,0.0,31.25,34.0
1042,62.55,1233.62670355,228.84528596,2,0,0.0,31.25,34.0
1043,62.61,1232.06842535,229.16204528,2,0,0.0,31.25,34.0
1044,62.67,1230.53136271,229.4723121,2,0,0.0,31.25,34.0
1045,62.73,1229.03097437,229.76636374,2,0,0.0,31.25,34.0
1046,62.79,1227.51587688,230.04610247,2,0,0.0,31.25,34.0
1047,62.85,1225.98774289,230.31344286,2,0,0.0,31.25,34.0
1048,62.91,1224.44726966,230.56513401,2,0,0.0,31.25,34.0
1049,62.97,1222.8959227,230.80912683,2,0,0.0,31.25,34.0
1050,63.03,1221.33430249,231.03816448,2,0,0.0,31.25,34.0
1051,63.09,1219.76372502,231.26145242,2,0,0.0,31.25,34.0
1052,63.15,1218.18469713,231.47168111,2,0,0.0,31.25,34.0
1053,63.21,1216.59846556,231.67638863,2,0,0.0,31.25,34.0
1054,63.27,1215.0054321,231.87057802,2,0,0.0,31.25,34.0
1055,63.33,1213.43318845,232.06104443,2,0,0.0,31.25,34.0
1056,63.39,1211.92233509,232.2505058,2,0,0.0,31.25,34.0
1057,63.45,1210.40742416,232.43214064,2,0,0.0,31.25,34.0
1058,63.51,1208.88874511,232.60903367,2,0,0.0,31.25,34.0
1059,63.57,1207.36742186,232.7763023,2,0,0.0,31.25,34.0
1060,63.63,1205.84381935,232.94168012,2,0,0.0,31.25,34.0
1061,63.69,1204.31888885,233.09550373,2,0,0.0,31.25,34.0
1062,63.75,1202.79319615,233.24932734,2,0,0.0,31.25,34.0
1063,63.81,1201.26741314,233.39122412,2,0,0.0,31.25,34.0
1064,63.87,1199.74238947,233.5323445,2,0,0.0,31.25,34.0
1065,63.93,1198.21854428,233.66455133,2,0,0.0,31.25,34.0
1066,63.99,1196.72571334,233.79645676,2,0,0.0,31.25,34.0
1067,64.05,1195.30292172,233.92875429,2,0,0.0,31.25,34.0
1068,64.11,1193.8838237,234.05580038,2,0,0.0,31.25,34.0
1069,64.17,1192.52171184,234.15927714,2,0,0.0,31.25,34.0
1070,64.23,1191.26096252,234.22236288,2,0,0.0,31.25,34.0
1071,64.29,1190.0579194,234.26303459,2,0,0.0,31.25,34.0
1072,64.35,1188.90081488,234.28192748,2,0,0.0,31.25,34.0
1073,64.41,1187.78303936,234.28692915,2,0,0.0,31.25,34.0
1074,64.47,1186.70091227,234.27251255,2,0,0.0,31.25,34.0
1075,64.53,1185.65146927,234.24717642,2,0,0.0,31.25,34.0
1076,64.59,1184.63302735,234.20476339,2,0,0.0,31.25,34.0
1077,64.65,1183.69755337,234.15658062,2,0,0.0,31.25,34.0
1078,64.71,1182.83808198,234.09605319,2,0,0.0,31.25,34.0
1079,64.77,1182.00642017,234.02579743,2,0,0.0,31.25,34.0
1080,64.83,1181.20249405,233.9423713,2,0,0.0,31.25,34.0
1081,64.89,1180.42594881,233.843303,2,0,0.0,31.25,34.0
1082,64.95,1179.67734844,233.73500799,2,0,0.0,31.25,34.0
1083,65.01,1178.95669563,233.61029527,2,0,0.0,31.25,34.0
1084,65.07,1178.26498816,233.47287031,2,0,0.0,31.25,34.0
1085,65.13,1177.603409,233.32469708,2,0,0.0,31.25,34.0
1086,65.19,1176.9732679,233.15648618,2,0,0.0,31.25,34.0
1087,65.25,1176.38157213,232.97681405,2,0,0.0,31.25,34.0
1088,65.31,1175.92885042,232.79095467,2,0,0.0,31.25,34.0
1089,65.37,1175.51780681,232.58643507,2,0,0.0,31.25,34.0
1090,65.43,1175.1558519,232.36454136,2,0,0.0,31.25,34.0
1091,65.49,1174.85863163,232.11382581,2,0,0.0,31.25,34.0
1092,65.55,1174.55449031,231.88955171,2,0,0.0,31.25,34.0
1093,65.61,1173.45279288,232.06107763,2,0,0.0,31.25,34.0
1094,65.67,1172.35195989,232.22815693,2,0,0.0,31.25,34.0
1095,65.73,1171.25311392,232.38758758,2,0,0.0,31.25,34.0
1096,65.79,1170.15685714,232.53986586,2,0,0.0,31.25,34.0
1097,65.85,1169.06433728,232.68768697,2,0,0.0,31.25,34.0
1098,65.91,1168.07886841,232.83583321,2,0,0.0,31.25,34.0
1099,65.97,1167.11125171,232.98192969,2,0,0.0,31.25,34.0
1100,66.03,1166.15020037,233.11907442,2,0,0.0,31.25,34.0
1101,66.09,1165.19650909,233.25065842,2,0,0.0,31.25,34.0
1102,66.15,1164.25149705,233.37706522,2,0,0.0,31.25,34.0
1103,66.21,1163.31613304,233.49391024,2,0,0.0,31.25,34.0
1104,66.27,1162.39164157,233.60609743,2,0,0.0,31.25,34.0
1105,66.33,1161.47950712,233.71137426,2,0,0.0,31.25,34.0
1106,66.39,1160.58097699,233.80769328,2,0,0.0,31.25,34.0
1107,66.45,1159.71455595,233.89955717,2,0,0.0,31.25,34.0
1108,66.51,1158.97370075,233.99523663,2,0,0.0,31.25,34.0
1109,66.57,1158.25205144,234.08128896,2,0,0.0,31.25,34.0
1110,66.63,1157.55195896,234.15814635,2,0,0.0,31.25,34.0
1111,66.69,1156.87645703,234.22568509,2,0,0.0,31.25,34.0
1112,66.75,1156.22940186,234.28260309,2,0,0.0,31.25,34.0
1113,66.81,1155.61603894,234.32744826,2,0,0.0,31.25,34.0
1114,66.87,1155.0444091,234.35635713,2,0,0.0,31.25,34.0
1115,66.93,1154.53075281,234.36507242,2,0,0.0,31.25,34.0
1116,66.99,1154.12256533,234.33667899,2,0,0.0,31.25,34.0
1117,67.05,1153.85515796,234.30996001,2,0,0.0,31.25,34.0
1118,67.11,1153.6120192,234.2856678,2,0,0.0,31.25,34.0
1119,67.17,1153.36888136,234.26137558,2,0,0.0,31.25,34.0
1120,67.23,1153.12574446,234.23708337,2,0,0.0,31.25,34.0
1121,67.29,1152.8826085,234.21279116,2,0,0.0,31.25,34.0
1122,67.35,1152.63947347,234.18849895,2,0,0.0,31.25,34.0
1123,67.41,1152.2048619,234.24569421,2,0,0.0,31.25,34.0
1124,67.47,1151.50953436,234.39977179,2,0,0.0,31.75,35.0
1125,67.53,1150.66762912,234.59789037,2,0,0.0,32.25,35.0
1126,67.59,1149.86349833,234.84248936,2,0,0.0,32.75,36.0
1127,67.65,1148.96148636,235.11108103,2,0,0.0,32.75,36.0
1128,67.71,1147.97377785,235.39733109,2,0,0.0,33.75,36.0
1129,67.77,1146.9095956,235.69786758,2,0,0.0,34.25,37.0
1130,67.83,1145.77589768,236.01210836,2,0,0.0,35.5,37.0
1131,67.89,1144.57820732,236.3389677,2,0,0.0,36.25,38.0
1132,67.95,1143.32155627,236.67431946,2,0,0.0,36.5,38.0
1133,68.01,1142.0098874,237.01995626,2,0,0.0,37.75,38.0
1134,68.07,1138.8959087,237.19732036,2,0,0.0,38.75,39.0
1135,68.13,1135.17105202,237.32736328,2,0,0.0,39.5,39.0
1136,68.19,1131.4005422,237.46305009,2,0,0.0,40.75,40.0
1137,68.25,1127.58717956,237.60661075,2,0,0.0,41.25,40.0
1138,68.31,1123.73300161,237.75490767,2,0,0.0,42.75,40.0
1139,68.37,1119.8403606,237.9102192,2,0,0.0,43.5,41.0
1140,68.43,1115.91103377,238.06955019,2,0,0.0,44.5,41.0
1141,68.49,1111.94693977,238.23519803,2,0,0.0,45.75,42.0
1142,68.55,1107.94978686,238.40428979,2,0,0.0,46.5,42.0
1143,68.61,1103.92105521,238.57912393,2,0,0.0,47.75,42.0
1144,68.67,1099.86251296,238.7574942,2,0,0.0,48.25,43.0
1145,68.73,1095.77521592,238.94039755,2,0,0.0,49.5,43.0
1146,68.79,1091.6608489,239.12847191,2,0,0.0,50.5,44.0
1147,68.85,1087.52048419,239.31899855,2,0,0.0,51.5,44.0
1148,68.91,1083.35540989,239.51431976,2,0,0.0,52.5,44.0
1149,68.97,1079.16699496,239.71238704,2,0,0.0,52.75,44.0
1150,69.03,1074.95603746,239.9145092,2,0,0.0,53.5,44.0
1151,69.09,1070.72390836,240.1210455,2,0,0.0,54.25,44.0
1152,69.15,1066.47155368,240.32939097,2,0,0.0,54.75,44.0
1153,69.21,1062.19993356,240.54190003,2,0,0.0,55.75,46.0
1154,69.27,1057.91029322,240.75809335,2,0,0.0,55.75,46.0
1155,69.33,1053.60326962,240.97656081,2,0,0.0,56.5,46.0
1156,69.39,1049.27994362,241.19894076,2,0,0.0,56.75,46.0
1157,69.45,1044.94140347,241.4237848,2,0,0.0,57.0,46.0
1158,69.51,1040.58819793,241.65178903,2,0,0.0,57.75,46.0
1159,69.57,1036.22141382,241.88350752,2,0,0.0,57.75,46.0
1160,69.63,1031.84198136,242.11680436,2,0,0.0,58.0,46.0
1161,69.69,1027.45047526,242.35388731,2,0,0.0,58.25,46.0
1162,69.75,1023.04793302,242.59453782,2,0,0.0,58.25,46.0
1163,69.81,1018.63515407,242.83624555,2,0,0.0,58.75,46.0
1164,69.87,1014.21277162,243.08197558,2,0,0.0,58.75,46.0
1165,69.93,1009.78176171,243.33126201,2,0,0.0,58.75,46.0
1166,69.99,1005.34283063,243.5815001,2,0,0.0,59.25,48.0
1167,70.05,1000.89664964,243.83542451,2,0,0.0,59.25,48.0
1168,70.11,996.4441549,244.09314512,2,0,0.0,59.25,48.0
1169,70.17,991.98598883,244.35174449,2,0,0.0,59.25,48.0
1170,70.23,987.52284162,244.61384903,2,0,0.0,59.25,48.0
1171,70.29,983.05562755,244.87989962,2,0,0.0,59.25,48.0
1172,70.35,978.58494906,245.14678447,2,0,0.0,59.25,48.0
1173,70.41,974.11150363,245.41709692,2,0,0.0,59.25,48.0
1174,70.47,969.63619338,245.69145822,2,0,0.0,59.25,48.0
1175,70.53,965.25814335,243.40661965,2,0,0.0,59.25,48.0
1176,70.59,960.96683254,242.56561343,2,0,0.0,59.25,48.0
1177,70.65,956.78443532,240.15492819,3,0,0.0,59.25,48.0
1178,70.71,952.95263855,237.82591602,3,0,0.0,59.25,48.0
1179,70.77,949.33480775,236.15930449,3,0,0.0,59.25,48.0
1180,70.83,945.8783412,234.75548927,3,0,0.0,59.25,48.0
1181,70.89,942.55717216,233.49995012,3,0,0.0,59.25,48.0
1182,70.95,939.35443166,232.35145295,3,0,0.0,59.25,48.0
1183,71.01,936.25845204,231.29692801,3,0,0.0,59.25,48.0
1184,71.07,933.26030602,230.3075488,3,0,0.0,59.25,48.0
1185,71.13,930.35226211,229.36380047,3,0,0.0,59.25,48.0
1186,71.19,927.52880393,228.48042601,3,0,0.0,59.25,48.0
1187,71.25,924.78486999,227.62668444,3,0,0.0,59.25,48.0
1188,71.31,922.11575383,226.81750222,3,0,0.0,59.25,48.0
1189,71.37,919.51851943,226.03680528,3,0,0.0,59.25,48.0
1190,71.43,916.98910592,225.28697135,3,0,0.0,59.25,48.0
1191,71.49,914.52529398,224.56266425,3,0,0.0,59.25,48.0
1192,71.55,912.12418745,223.86559309,3,0,0.0,59.25,48.0
1193,71.61,909.78376134,223.18897153,3,0,0.0,59.25,48.0
1194,71.67,907.50149864,222.5373909,3,0,0.0,59.25,48.0
1195,71.73,905.27638439,221.90313473,3,0,0.0,59.25,48.0
1196,71.79,903.10572036,221.29370861,3,0,0.0,59.25,48.0
1197,71.85,900.9888518,220.69722023,3,0,0.0,59.25,48.0
1198,71.91,898.92400161,220.12622796,3,0,0.0,59.25,48.0
1199,71.97,896.90990706,219.5650532,3,0,0.0,59.25,48.0
1200,72.03,894.94572456,219.03023315,3,0,0.0,59.25,48.0
1201,72.09,893.02994254,218.5030489,3,0,0.0,59.25,48.0
1202,72.15,891.16220887,217.99830282,3,0,0.0,59.25,48.0
1203,72.21,889.34126406,217.50906299,3,0,0.0,59.25,48.0
1204,72.27,887.56667679,217.03368877,3,0,0.0,59.25,48.0
1205,72.33,885.83752102,216.5773277,3,0,0.0,59.25,48.0
1206,72.39,884.15347488,216.13211123,3,0,0.0,59.25,48.0
1207,72.45,882.51386008,215.70736929,3,0,0.0,59.75,51.0
1208,72.51,880.91869341,215.29587867,3,0,0.0,59.75,51.0
1209,72.57,879.36706462,214.90234587,3,0,0.0,60.25,53.0
1210,72.63,877.85935368,214.52287405,3,0,0.0,60.25,53.0
1211,72.69,876.39507694,214.16488153,3,0,0.0,60.25,53.0
1212,72.75,874.97433818,213.81919833,3,0,0.0,60.25,53.0
1213,72.81,873.59752406,213.49377888,3,0,0.0,60.25,53.0
1214,72.87,872.26419782,213.18637776,3,0,0.0,60.75,55.0
1215,72.93,870.97558703,212.89745475,3,0,0.0,61.25,56.0
1216,72.99,869.73147258,212.62965983,3,0,0.0,61.25,56.0
1217,73.05,868.53301284,212.38333448,3,0,0.0,61.75,56.0
1218,73.11,867.38083653,212.15988119,3,0,0.0,61.75,56.0
1219,73.17,866.2765139,211.96219104,3,0,0.0,61.75,56.0
1220,73.23,865.22096097,211.7911911,3,0,0.02265774,61.0,54.0
1221,73.29,864.21657317,211.65103844,3,0,0.03333369,60.75,54.0
1222,73.35,863.26569464,211.54498628,3,0,0.04751221,60.75,54.0
1223,73.41,862.37089668,211.48607736,3,0,0.06505881,60.0,54.0
1224,73.47,861.53707004,211.46949371,3,0,0.08699606,59.75,55.0
1225,73.53,836.53051834,249.09611835,4,0,0.1150102,69.75,97.0
1226,73.59,820.82437765,247.73139246,4,0,0.15009967,89.0,99.0
1227,73.65,809.70174227,246.94303151,4,0,0.19599081,99.25,100.0
1228,73.71,800.97135283,246.59841656,4,0,0.2595738,108.25,103.0
1229,73.77,793.00282619,247.04311623,4,0,0.36565959,106.5,100.0
1230,73.83,786.27813525,247.05404349,3,0,0.54506361,126.0,99.0
1231,73.89,780.20790382,243.01047313,3,0,0.49744978,124.5,99.0
1232,73.95,774.97023224,240.28226406,3,0,0.49744978,124.0,98.0
1233,74.01,770.14094405,238.02428837,3,0,0.49744978,133.5,97.0
1234,74.07,765.34435524,235.98255745,3,0,0.49744978,142.0,97.0
1235,74.13,761.1934973,234.13760943,3,0,0.49744978,140.75,96.0
1236,74.19,757.19309545,232.38418905,3,0,0.49744978,140.0,94.0
1237,74.25,753.25451185,230.69636185,3,0,0.49744978,139.25,93.0
1238,74.31,749.72603649,229.10614969,3,0,0.49744978,148.25,94.0
1239,74.37,746.36458647,227.57456647,3,0,0.49744978,156.5,94.0
1240,74.43,743.02930206,226.07894578,3,0,0.49744978,155.25,93.0
1241,74.49,739.82032228,224.62472232,3,0,0.49744978,154.0,93.0
1242,74.55,736.92123521,223.23793368,3,0,0.49744978,153.5,92.0
1243,74.61,734.04835768,221.87590235,3,0,0.49744978,152.0,92.0
1244,74.67,731.18572162,220.53416178,3,0,0.49744978,161.75,93.0
1245,74.73,728.43982088,219.2259522,3,0,0.49744978,169.25,92.0
1246,74.79,725.91388635,217.96698888,3,0,0.49744978,168.25,92.0
1247,74.85,723.39880367,216.72319823,3,0,0.49744978,167.5,91.0
1248,74.91,720.88108168,215.49587311,3,0,0.49744978,166.0,91.0
1249,74.97,718.38805275,214.2865428,3,0,0.49744978,165.5,91.0
1250,75.03,716.12834073,213.12410547,3,0,0.49744978,164.25,90.0
1251,75.09,713.87900567,211.97579015,3,0,0.49744978,163.5,90.0
1252,75.15,711.61820989,210.84152079,3,0,0.49744978,162.5,89.0
1253,75.21,709.35037945,209.71836413,3,0,0.49744978,161.0,89.0
1254,75.27,707.17313832,208.62187552,3,0,0.49744977,160.5,89.0
1255,75.33,705.11273455,207.55362807,3,0,0.49744977,159.25,88.0
1256,75.39,703.04202897,206.49777319,3,0,0.49744977,158.5,88.0
1257,75.45,700.94989662,205.4534777,3,0,0.49744977,157.5,87.0
1258,75.51,698.84290217,204.41912521,3,0,0.49744977,155.75,87.0
1259,75.57,696.82049701,203.41055955,3,0,0.49744977,155.5,87.0
1260,75.63,694.87477549,202.42606833,3,0,0.49744977,154.5,86.0
1261,75.69,692.9081426,201.45212022,3,0,0.49744977,153.25,86.0
1262,75.75,690.9103255,200.48960805,3,0,0.49744977,152.5,85.0
1263,75.81,690.30607284,199.67837543,3,0,0.49744977,151.25,85.0
1264,75.87,690.71496215,198.98534977,3,0,0.49744977,150.75,85.0
1265,75.93,691.21051123,198.31899432,3,0,0.49744977,149.5,84.0
1266,75.99,691.67742923,197.6642198,3,0,0.49744977,148.25,84.0
1267,76.05,692.10234064,197.02136346,3,0,0.49744977,147.5,83.0
1268,76.11,692.48471327,196.3889729,3,0,0.49744977,146.25,83.0
1269,76.17,692.83382841,195.76976925,3,0,0.49744977,145.75,83.0
1270,76.23,693.27471887,195.18188683,3,0,0.49741349,144.5,82.0
1271,76.29,693.69496558,194.61115519,3,0,0.49632809,143.25,82.0
1272,76.35,694.06143772,194.05268111,3,0,0.49388652,142.0,77.0
1273,76.41,694.36470911,193.51035579,3,0,0.48908493,141.25,77.0
1274,76.47,694.60600809,192.98314704,3,0,0.4824297,140.75,77.0
1275,76.53,694.81986337,192.47854519,3,0,0.47295692,140.0,76.0
1276,76.59,695.0729096,192.01175649,3,0,0.4607439,139.0,76.0
1277,76.65,695.24283744,191.56750511,3,0,0.44522075,138.0,73.0
1278,76.71,695.28860146,191.15986811,3,0,0.42545685,137.25,73.0
1279,76.77,695.2686359,190.77359463,3,0,0.4008656,137.0,73.0
1280,76.83,695.19049237,190.40585241,3,0,0.37001154,136.0,68.0
1281,76.89,695.07696789,190.06905677,3,0,0.33042729,135.5,66.0
1282,76.95,694.91041195,189.7760492,3,0,0.27756743,135.0,63.0
1283,77.01,694.58610634,189.53110807,3,0,0.19995367,135.0,63.0
1284,77.07,693.97908504,189.39183644,3,0,0.02743622,135.0,63.0
1285,77.13,693.2180423,189.31780596,3,0,0.0,135.0,63.0
1286,77.19,692.45407004,189.24377548,3,0,0.0,135.0,63.0
1287,77.25,691.76940076,189.17694008,3,0,0.0,135.0,63.0
1288,77.31,691.22162867,189.12216287,3,0,0.0,135.0,63.0
1289,77.37,690.67385659,189.06738566,3,0,0.0,135.0,63.0
1290,77.43,690.12608451,189.01260845,3,0,0.0,135.0,63.0
1291,77.49,689.57831242,188.95783124,3,0,0.0,135.0,63.0
1292,77.55,689.03054034,188.90305403,3,0,0.0,135.0,63.0
1293,77.61,688.52917442,188.85291744,3,0,0.0,135.0,63.0
1294,77.67,688.16744088,188.81674409,3,0,0.0,135.0,63.0
1295,77.73,687.80570734,188.78057073,3,0,0.0,135.0,63.0
1296,77.79,687.4439738,188.74439738,3,0,0.0,135.0,63.0
1297,77.85,687.08224026,188.70822403,3,0,0.0,135.0,63.0
1298,77.91,686.72050671,188.67205067,3,0,0.0,135.0,63.0
1299,77.97,686.36566118,188.63656612,3,0,0.0,135.0,63.0
1300,78.03,686.18578907,188.61857891,3,0,0.0,135.0,63.0
1301,78.09,686.00591696,188.6005917,3,0,0.0,135.0,63.0
1302,78.15,685.82604485,188.58260449,3,0,0.0,135.0,63.0
1303,78.21,685.64617274,188.56461727,3,0,0.0,135.0,63.0
1304,78.27,685.46630063,188.54663006,3,0,0.0,135.0,63.0
1305,78.33,685.28642852,188.52864285,3,0,0.0,135.0,63.0
1306,78.39,685.24571663,188.52457166,3,0,0.0,135.0,63.0
1307,78.45,685.24571663,188.52457166,3,0,0.0,135.0,63.0
1308,78.51,685.24571663,188.52457166,3,0,0.0,135.0,63.0
1309,78.57,685.24571663,188.52457166,3,0,0.0,135.0,63.0
1310,78.63,685.24571663,188.52457166,3,0,0.0,135.0,63.0
1311,78.69,685.24571663,188.52457166,3,0,0.0,135.0,63.0
1312,78.75,685.33419098,188.5334191,3,0,0.0,135.0,63.0
1313,78.81,685.51403123,188.55140312,3,0,0.0,135.0,63.0
1314,78.87,685.69387147,188.56938715,3,0,0.0,135.0,63.0
1315,78.93,685.87371171,188.58737117,3,0,0.0,135.0,63.0
1316,78.99,686.05355196,188.6053552,3,0,0.0,135.0,63.0
1317,79.05,686.2333922,188.62333922,3,0,0.0,135.0,63.0
1318,79.11,686.45467459,188.64546746,3,0,0.0,135.0,63.0
1319,79.17,686.81640814,188.68164081,3,0,0.0,135.0,63.0
1320,79.23,687.17814168,188.71781417,3,0,0.0,135.0,63.0
1321,79.29,687.53987522,188.75398752,3,0,0.0,135.0,63.0
1322,79.35,687.90160876,188.79016088,3,0,0.0,135.0,63.0
1323,79.41,688.2633423,188.82633423,3,0,0.0,135.0,63.0
1324,79.47,688.6281033,188.86281033,3,0,0.0,135.0,63.0
1325,79.53,689.17592546,188.91759255,3,0,0.0,135.0,63.0
1326,79.59,689.72374762,188.97237476,3,0,0.0,135.0,63.0
1327,79.65,690.27156978,189.02715698,3,0,0.0,135.0,63.0
1328,79.71,690.81939194,189.08193919,3,0,0.0,135.0,63.0
1329,79.77,691.3672141,189.13672141,3,0,0.0,135.0,63.0
1330,79.83,691.91503627,189.19150363,3,0,0.0,135.0,63.0
1331,79.89,692.63454656,189.26345466,3,0,0.0,135.0,63.0
1332,79.95,693.37482839,189.33748284,3,0,0.0,135.0,63.0
1333,80.01,694.11511022,189.41151102,3,0,0.0,135.0,63.0
1334,80.07,694.85539205,189.4855392,3,0,0.0,135.0,63.0
1335,80.13,695.59567388,189.55956739,3,0,0.0,135.0,63.0
1336,80.19,696.3359557,189.63359557,3,0,0.0,135.0,63.0
1337,80.25,697.25558538,189.72555854,3,0,0.0,135.0,63.0
1338,80.31,698.19750842,189.81975084,3,0,0.0,135.0,63.0
1339,80.37,699.13943145,189.91394314,3,0,0.0,135.0,63.0
1340,80.43,700.08135448,190.00813545,3,0,0.0,135.0,63.0
1341,80.49,701.02327752,190.10232775,3,0,0.0,135.0,63.0
1342,80.55,701.97416311,190.19741631,3,0,0.0,135.0,63.0
1343,80.61,703.12994885,190.31299488,3,0,0.0,135.0,63.0
1344,80.67,704.28573459,190.42857346,3,0,0.0,135.0,63.0
1345,80.73,705.44152032,190.54415203,3,0,0.0,135.0,63.0
1346,80.79,706.59730606,190.65973061,3,0,0.0,135.0,63.0
1347,80.85,707.75309179,190.77530918,3,0,0.0,135.0,63.0
1348,80.91,708.99674102,190.8996741,3,0,0.0,135.0,63.0
1349,80.97,710.38238583,191.03823858,3,0,0.0,135.0,63.0
1350,81.03,711.76803064,191.17680306,3,0,0.0,135.0,63.0
1351,81.09,713.15367545,191.31536754,3,0,0.0,135.0,63.0
1352,81.15,714.53932026,191.45393203,3,0,0.0,135.0,63.0
1353,81.21,715.92496507,191.59249651,3,0,0.0,135.0,63.0
1354,81.27,717.54674927,191.75467493,3,0,0.0,135.0,63.0
1355,81.33,719.18304251,191.91830425,3,0,0.0,135.0,63.0
1356,81.39,720.76270364,192.09484936,3,0,0.0,135.0,63.0
1357,81.45,722.21324005,192.29809698,3,0,0.0,135.0,63.0
1358,81.51,723.59302135,192.51661637,3,0,0.0,135.0,63.0
1359,81.57,725.12832357,192.76845528,3,0,0.0,135.0,63.0
1360,81.63,726.68823469,193.03698733,3,0,0.0,135.0,63.0
1361,81.69,728.20993467,193.31291336,3,0,0.0,135.0,63.0
1362,81.75,729.69817854,193.59553166,3,0,0.0,135.0,63.0
1363,81.81,731.15582695,193.88787549,3,0,0.0,135.0,63.0
1364,81.87,732.84903958,194.20956398,3,0,0.0,135.0,63.0
1365,81.93,734.56700524,194.54568209,3,0,0.0,135.0,63.0
1366,81.99,736.26140483,194.88443652,3,0,0.0,135.0,63.0
1367,82.05,737.93449673,195.23136424,3,0,0.0,135.0,63.0
1368,82.11,739.67208986,195.58877185,3,0,0.0,135.0,63.0
1369,82.17,741.66598265,195.98232254,3,0,0.18651613,135.0,63.0
1370,82.23,743.64235022,196.37587323,3,0,0.18651613,135.0,63.0
1371,82.29,745.60239798,196.77981149,3,0,0.18651613,135.0,63.0
1372,82.35,747.54741546,197.18393026,3,0,0.18651613,135.0,63.0
1373,82.41,749.8853215,197.6355595,3,0,0.59397296,124.75,62.0
1374,82.47,752.22584794,198.09250279,3,0,0.60953168,114.5,61.0
1375,82.53,754.55361157,198.55134444,3,0,0.60953168,114.5,61.0
1376,82.59,756.89372226,199.02119645,3,0,0.63332479,114.5,61.0
1377,82.65,759.70988933,199.53973042,3,0,1.12014432,114.5,61.0
1378,82.71,762.51564149,200.06471962,3,0,1.12014432,114.5,61.0
1379,82.77,765.31236503,200.59385377,3,0,1.12014432,104.25,60.0
1380,82.83,768.42366766,201.15533434,3,0,1.44360846,94.0,59.0
1381,82.89,771.84018153,201.75827356,3,0,1.75692202,94.0,59.0
1382,82.95,775.24956683,202.3618216,3,0,1.75692202,94.0,59.0
1383,83.01,778.95538853,202.99789047,3,0,2.06045139,94.0,59.0
1384,83.07,783.17847341,203.69505774,3,0,2.58370791,73.5,57.0
1385,83.13,787.39610145,204.392225,3,0,2.58370791,73.5,57.0
1386,83.19,792.33437873,205.16635891,3,0,3.3096927,73.5,57.0
1387,83.25,797.67396001,205.98790243,3,0,3.71514932,63.25,56.0
1388,83.31,803.58711533,206.86718867,3,0,4.29257655,53.0,55.0
1389,83.37,810.584816,207.86146137,3,0,5.38075513,53.0,55.0
1390,83.43,818.93362733,208.9965345,3,0,6.73433149,32.5,53.0
1391,83.49,829.18634626,210.32222784,3,0,8.64053354,32.5,53.0
1392,83.55,846.9124327,212.40321011,3,0,16.11588051,12.0,51.0
1393,83.61,863.53717453,174.37848362,2,0,15.01539659,1.75,9.0
1394,83.67,862.74575777,174.61221747,2,0,0.0,1.75,9.0
1395,83.73,861.95399049,174.85528424,2,0,0.0,1.75,9.0
1396,83.79,861.16293166,175.10171838,2,0,0.0,1.75,9.0
1397,83.85,860.37263484,175.34815252,2,0,0.0,1.75,9.0
1398,83.91,859.58362605,175.60572795,2,0,0.0,1.75,9.0
1399,83.97,858.79688918,175.86560885,2,0,0.0,1.75,9.0
1400,84.03,858.01244677,176.12548976,2,0,0.0,1.75,9.0
1401,84.09,857.23098522,176.39885403,2,0,0.0,1.75,9.0
1402,84.15,856.4533739,176.67310242,2,0,0.0,1.75,9.0
1403,84.21,855.67962101,176.9486031,2,0,0.0,1.75,9.0
1404,84.27,854.91064749,177.23834667,2,0,0.0,1.75,9.0
1405,84.33,854.1471308,177.52809024,2,0,0.0,1.75,9.0
1406,84.39,853.38913248,177.82241639,2,0,0.0,1.75,9.0
1407,84.45,852.63781711,178.12903449,2,0,0.0,1.75,9.0
1408,84.51,851.89362749,178.43565259,2,0,0.0,1.75,9.0
1409,84.57,851.15680737,178.75205466,2,0,0.0,1.75,9.0
1410,84.63,850.42867501,179.07725842,2,0,0.0,1.75,9.0
1411,84.69,849.70942769,179.40246219,2,0,0.0,1.75,9.0
1412,84.75,848.99976115,179.74548475,2,0,0.0,1.75,9.0
1413,84.81,848.30083954,180.09139012,2,0,0.0,1.75,9.0
1414,84.87,847.61276622,180.44405326,2,0,0.0,1.75,9.0
1415,84.93,846.93697558,180.8133074,2,0,0.0,1.75,9.0
1416,84.99,846.27398078,181.18256155,2,0,0.0,1.75,9.0
1417,85.05,845.62454553,181.57390238,2,0,0.0,1.75,9.0
1418,85.11,844.99010671,181.96986804,2,0,0.0,1.75,9.0
1419,85.17,844.37099346,182.38093432,2,0,0.0,1.75,9.0
1420,85.23,843.76907681,182.8079202,2,0,0.0,1.75,9.0
1421,85.29,843.18479855,183.2452558,2,0,0.0,1.75,9.0
1422,85.35,842.62015361,183.70889728,2,0,0.0,1.75,9.0
1423,85.41,842.07595726,184.18251738,2,0,0.0,1.75,9.0
1424,85.47,841.55443628,184.69034501,2,0,0.0,1.75,9.0
1425,85.53,841.05679184,185.2160888,2,0,0.0,1.75,9.0
1426,85.59,840.58585576,185.77841402,2,0,0.0,1.75,9.0
1427,85.65,840.14338517,186.3822969,2,0,0.0,1.75,9.0
1428,85.71,838.29204395,186.8745223,2,0,0.0,1.75,9.0
1429,85.77,835.51740484,187.35649994,2,0,0.0,1.75,9.0
1430,85.83,832.78326678,187.92473914,2,0,0.0,1.75,9.0
1431,85.89,830.09706018,188.62663768,2,0,0.0,1.75,9.0
1432,85.95,827.47070301,189.57545122,2,0,0.02115974,1.25,7.0
1433,86.01,824.93215716,191.40337732,2,0,0.04036905,0.75,4.0
1434,86.07,822.52593945,192.29381195,2,0,0.05023895,0.75,4.0
1435,86.13,820.12593945,192.05381195,2,0,0.0,0.75,4.0
1436,86.19,817.72593945,191.81381195,2,0,0.0,0.75,4.0
1437,86.25,815.32593945,191.57381195,2,0,0.0,0.75,4.0
1438,86.31,812.92593945,191.33381195,2,0,0.0,0.75,4.0
1439,86.37,810.52593945,191.09381195,2,0,0.0,0.75,4.0
1440,86.43,808.12593945,190.85381195,2,0,0.0,0.75,4.0
1441,86.49,805.72593945,190.61381195,2,0,0.0,0.75,4.0
1442,86.55,803.32593945,190.37381195,2,0,0.0,0.75,4.0
1443,86.61,800.92593945,190.13381195,2,0,0.0,0.75,4.0
1444,86.67,798.52593945,189.89381195,2,0,0.0,0.75,4.0
1445,86.73,796.12593945,189.65381195,2,0,0.0,0.75,4.0
1446,86.79,793.72593945,189.41381195,2,0,0.0,0.75,4.0
1447,86.85,791.32593945,189.17381195,2,0,0.0,0.75,4.0
1448,86.91,788.92593945,188.93381195,2,0,0.0,0.75,4.0
1449,86.97,786.52593945,188.69381195,2,0,0.0,0.75,4.0
1450,87.03,784.12593945,188.45381195,2,0,0.0,0.75,4.0
1451,87.09,781.72593945,188.21381195,2,0,0.0,0.75,4.0
1452,87.15,779.32593945,187.97381195,2,0,0.0,0.75,4.0
1453,87.21,776.92593945,187.73381195,2,0,0.0,0.75,4.0
1454,87.27,774.52593945,187.49381195,2,0,0.0,0.75,4.0
1455,87.33,772.12593945,187.25381195,2,0,0.0,0.75,4.0
1456,87.39,769.72593945,187.01381195,2,0,0.0,0.75,4.0
1457,87.45,767.32593945,186.77381195,2,0,0.0,0.75,4.0
1458,87.51,764.92593945,186.53381195,2,0,0.0,0.75,4.0
1459,87.57,762.52593945,186.29381195,2,0,0.0,0.75,4.0
1460,87.63,760.12593945,186.05381195,2,0,0.0,0.75,4.0
1461,87.69,757.72593945,185.81381195,2,0,0.0,0.75,4.0
1462,87.75,755.32593945,185.57381195,2,0,0.0,0.75,4.0
1463,87.81,752.92593945,185.33381195,2,0,0.0,0.75,4.0
1464,87.87,750.52593945,185.09381195,2,0,0.0,0.75,4.0
1465,87.93,748.12593945,184.85381195,2,0,0.0,0.75,4.0
1466,87.99,745.72593945,184.61381195,2,0,0.0,0.75,4.0
1467,88.05,743.32593945,184.37381195,2,0,0.0,0.75,4.0
1468,88.11,740.92593945,184.13381195,2,0,0.0,0.75,4.0
1469,88.17,738.52593945,183.89381195,2,0,0.0,0.75,4.0
1470,88.23,736.12593945,183.65381195,2,0,0.0,0.75,4.0
1471,88.29,733.72593945,183.41381195,2,0,0.0,0.75,4.0
1472,88.35,731.32593945,183.17381195,2,0,0.0,0.75,4.0
1473,88.41,728.92593945,182.93381195,2,0,0.0,0.75,4.0
1474,88.47,726.60440304,180.09853834,2,0,0.0,0.75,4.0
1475,88.53,724.4027492,178.45801053,2,0,0.0,0.75,4.0
1476,88.59,722.26797511,177.20742346,2,0,0.0,0.75,4.0
1477,88.65,720.18468805,176.12139727,2,0,0.0,0.75,4.0
1478,88.71,718.13181959,175.07718768,2,0,0.0,0.75,4.0
1479,88.77,716.06683034,174.062621,2,0,0.0,0.75,4.0
1480,88.83,713.98815938,173.0939179,2,0,0.0,0.75,4.0
1481,88.89,711.90211783,172.19405403,2,0,0.0,0.75,4.0
1482,88.95,709.80675637,171.31176903,2,0,0.0,0.75,4.0
1483,89.01,707.70534063,170.47245935,2,0,0.0,0.75,4.0
1484,89.07,705.59874895,169.65050407,2,0,0.0,0.75,4.0
1485,89.13,703.48455327,168.85571426,2,0,0.0,0.75,4.0
1486,89.19,701.36506954,168.0788543,2,0,0.0,0.75,4.0
1487,89.25,699.24072878,167.32632495,2,0,0.0,0.75,4.0
1488,89.31,697.11088388,166.57788371,2,0,0.0,0.75,4.0
1489,89.37,694.97404667,165.85725009,2,0,0.0,0.75,4.0
1490,89.43,692.83176888,165.14155498,2,0,0.0,0.75,4.0
1491,89.49,690.68478215,164.44700813,2,0,0.0,0.75,4.0
1492,89.55,688.53160107,163.75802454,2,0,0.0,0.75,4.0
1493,89.61,686.37206706,163.07672645,2,0,0.0,0.75,4.0
1494,89.67,684.20525307,162.41450074,2,0,0.0,0.75,4.0
1495,89.73,682.03291994,161.75455473,2,0,0.0,0.75,4.0
1496,89.79,679.85476897,161.11029729,2,0,0.0,0.75,4.0
1497,89.85,677.66951645,160.47105289,2,0,0.0,0.75,4.0
1498,89.91,675.47709985,159.83352137,2,0,0.0,0.75,4.0
1499,89.97,673.27670857,159.21524433,2,0,0.0,0.75,4.0
1500,90.03,671.06938027,158.60015682,2,0,0.0,0.75,4.0
1501,90.09,668.8554023,157.9909251,2,0,0.0,0.75,4.0
1502,90.15,666.63356205,157.39271211,2,0,0.0,0.75,4.0
1503,90.21,664.40350371,156.79449912,2,0,0.0,0.75,4.0
1504,90.27,662.16499541,156.20461897,2,0,0.0,0.75,4.0
1505,90.33,659.91726333,155.6255298,2,0,0.0,0.75,4.0
1506,90.39,657.66153593,155.04827743,2,0,0.0,0.75,4.0
1507,90.45,655.39756201,154.48079671,2,0,0.0,0.75,4.0
1508,90.51,653.12422309,153.91791182,2,0,0.0,0.75,4.0
1509,90.57,650.84143943,153.35502692,2,0,0.0,0.75,4.0
1510,90.63,648.54873279,152.80276552,2,0,0.0,0.75,4.0
1511,90.69,646.24517719,152.2551579,2,0,0.0,0.75,4.0
1512,90.75,643.93191925,151.71109565,2,0,0.0,0.75,4.0
1513,90.81,641.60871813,151.17825703,2,0,0.0,0.75,4.0
1514,90.87,639.27465521,150.64689507,2,0,0.0,0.75,4.0
1515,90.93,636.92972019,150.11553312,2,0,0.0,0.75,4.0
1516,90.99,634.57318108,149.59599191,2,0,0.0,0.75,4.0
1517,91.05,632.20423782,149.07672382,2,0,0.0,0.75,4.0
1518,91.11,629.82305424,148.56108178,2,0,0.0,0.75,4.0
1519,91.17,627.42977997,148.05873116,2,0,0.0,0.75,4.0
1520,91.23,625.02394684,147.55638055,2,0,0.0,0.75,4.0
1521,91.29,622.60551256,147.05660982,2,0,0.0,0.75,4.0
1522,91.35,620.17339158,146.56549132,2,0,0.0,0.75,4.0
1523,91.41,617.72710811,146.07437282,2,0,0.0,0.75,4.0
1524,91.47,615.26651465,145.58785418,2,0,0.0,0.75,4.0
1525,91.53,612.79038533,145.10850263,2,0,0.0,0.75,4.0
1526,91.59,610.29922156,144.63358345,2,0,0.0,0.75,4.0
1527,91.65,607.79306121,144.16591433,2,0,0.0,0.75,4.0
1528,91.71,605.27063887,143.70173127,2,0,0.0,0.75,4.0
1529,91.77,602.73186171,143.23765012,2,0,0.0,0.75,4.0
1530,91.83,600.17577278,142.78406725,2,0,0.0,0.75,4.0
1531,91.89,597.60145101,142.33048438,2,0,0.0,0.75,4.0
1532,91.95,595.00870115,141.88151652,2,0,0.0,0.75,4.0
1533,92.01,592.39608465,141.44043109,2,0,0.0,0.75,4.0
1534,92.07,589.76409456,141.00261434,2,0,0.0,0.75,4.0
1535,92.13,587.1118832,140.57506515,2,0,0.0,0.75,4.0
1536,92.19,584.43828064,140.14777137,2,0,0.0,0.75,4.0
1537,92.25,581.74278207,139.72719538,2,0,0.0,0.75,4.0
1538,92.31,579.02356194,139.31046968,2,0,0.0,0.75,4.0
1539,92.37,576.28019067,138.89834301,2,0,0.0,0.75,4.0
1540,92.43,573.51055226,138.49228245,2,0,0.0,0.75,4.0
1541,92.49,570.71397428,138.09127573,2,0,0.0,0.75,4.0
1542,92.55,567.88869449,137.70126715,2,0,0.0,0.75,4.0
1543,92.61,565.03394949,137.3165088,2,0,0.0,0.75,4.0
1544,92.67,562.14679421,136.9374927,2,0,0.0,0.75,4.0
1545,92.73,559.22533582,136.56688661,2,0,0.0,0.75,4.0
1546,92.79,556.26613821,136.20140152,2,0,0.0,0.75,4.0
1547,92.85,553.26499914,135.84503639,2,0,0.0,0.75,4.0
1548,92.91,550.21707278,135.49854723,2,0,0.0,0.75,4.0
1549,92.97,547.1145422,135.16201995,2,0,0.0,0.75,4.0
1550,93.03,543.94461875,134.84151007,2,0,0.0,0.75,4.0
1551,93.09,540.67154601,134.54489928,2,0,0.0,0.75,4.0
1552,93.15,537.27675879,134.27354665,2,0,0.0,0.75,4.0
1553,93.21,533.87753776,134.00223929,2,0,0.0,0.75,4.0
1554,93.27,530.47389679,133.73093192,2,0,0.0,0.75,4.0
1555,93.33,527.06583586,133.45962456,2,0,0.0,0.75,4.0
1556,93.39,523.65335498,133.1883172,2,0,0.0,0.75,4.0
1557,93.45,520.23645416,132.91700983,2,0,0.0,0.75,4.0
1558,93.51,516.81513338,132.64570247,2,0,0.0,0.75,4.0
1559,93.57,513.38967019,132.37865384,2,0,0.0,0.75,4.0
1560,93.63,509.96064344,132.11269193,2,0,0.0,0.75,4.0
1561,93.69,506.52807121,131.84673003,2,0,0.0,0.75,4.0
1562,93.75,503.0919535,131.58076812,2,0,0.0,0.75,4.0
1563,93.81,499.65229031,131.31480622,2,0,0.0,0.75,4.0
1564,93.87,496.20908164,131.04884431,2,0,0.0,0.75,4.0
1565,93.93,492.76232749,130.78288241,2,0,0.0,0.75,4.0
1566,93.99,489.31202786,130.5169205,2,0,0.0,0.75,4.0
1567,94.05,485.85818275,130.25095859,2,0,0.0,0.75,4.0
1568,94.11,482.40098566,129.98871675,2,0,0.0,0.75,4.0
1569,94.17,478.94103136,129.72820293,2,0,0.0,0.75,4.0
1570,94.23,475.47836161,129.4676891,2,0,0.0,0.75,4.0
1571,94.29,472.0129764,129.20717527,2,0,0.0,0.75,4.0
1572,94.35,468.54487574,128.94666144,2,0,0.0,0.75,4.0
1573,94.41,465.07405963,128.68614761,2,0,0.0,0.75,4.0
1574,94.47,461.60052806,128.42563379,2,0,0.0,0.75,4.0
1575,94.53,458.12428104,128.16511996,2,0,0.0,0.75,4.0
1576,94.59,454.64531857,127.90460613,2,0,0.0,0.75,4.0
1577,94.65,451.16369181,127.64609538,2,0,0.0,0.75,4.0
1578,94.71,447.67998308,127.39117454,2,0,0.0,0.75,4.0
1579,94.77,444.19435672,127.13625369,2,0,0.0,0.75,4.0
1580,94.83,440.70681275,126.88133285,2,0,0.0,0.75,4.0
1581,94.89,437.21735115,126.62641201,2,0,0.0,0.75,4.0
1582,94.95,433.72597193,126.37149117,2,0,0.0,0.75,4.0
1583,95.01,430.23267508,126.11657033,2,0,0.0,0.75,4.0
1584,95.07,426.73746061,125.86164949,2,0,0.0,0.75,4.0
1585,95.13,423.24032852,125.60672865,2,0,0.0,0.75,4.0
1586,95.19,419.7412788,125.35180781,2,0,0.0,0.75,4.0
1587,95.25,416.24060786,125.10194064,2,0,0.0,0.75,4.0
1588,95.31,412.73878873,124.85280026,2,0,0.0,0.75,4.0
1589,95.37,409.23582753,124.60365989,2,0,0.0,0.75,4.0
1590,95.43,405.73172427,124.35451951,2,0,0.0,0.75,4.0
1591,95.49,402.22647895,124.10537913,2,0,0.0,0.75,4.0
1592,95.55,398.72009157,123.85623876,2,0,0.0,0.75,4.0
1593,95.61,395.21256212,123.60709838,2,0,0.0,0.75,4.0
1594,95.67,391.70389061,123.35795801,2,0,0.0,0.75,4.0
1595,95.73,389.12512799,123.20192272,2,0,0.0,0.75,4.0
1596,95.79,388.01420307,123.19449126,2,0,0.0,0.75,4.0
1597,95.85,386.90270326,123.19137238,2,0,0.0,0.75,4.0
1598,95.91,385.79082419,123.1882535,2,0,0.0,0.75,4.0
1599,95.97,384.67856586,123.18513461,2,0,0.0,0.75,4.0
1600,96.03,383.56592828,123.18201573,2,0,0.0,0.75,4.0
1601,96.09,382.45291143,123.17889684,2,0,0.0,0.75,4.0
1602,96.15,381.33951532,123.17577796,2,0,0.0,0.75,4.0
1603,96.21,380.22573995,123.17265907,2,0,0.0,0.75,4.0
1604,96.27,379.11158532,123.16954019,2,0,0.0,0.75,4.0
1605,96.33,377.99705144,123.1664213,2,0,0.0,0.75,4.0
1606,96.39,376.8822936,123.1673474,2,0,0.0,0.75,4.0
1607,96.45,375.76786585,123.1705495,2,0,0.0,0.75,4.0
1608,96.51,374.65381736,123.17375159,2,0,0.0,0.75,4.0
1609,96.57,373.54014813,123.17695368,2,0,0.0,0.75,4.0
1610,96.63,372.42685815,123.18015578,2,0,0.0,0.75,4.0
1611,96.69,371.31394743,123.18335787,2,0,0.0,0.75,4.0
1612,96.75,370.20141597,123.18655997,2,0,0.0,0.75,4.0
1613,96.81,369.08926377,123.18976206,2,0,0.0,0.75,4.0
1614,96.87,367.97749082,123.19296416,2,0,0.0,0.75,4.0
1615,96.93,366.86609714,123.19616625,2,0,0.0,0.75,4.0
1616,96.99,365.75546107,123.20603356,2,0,0.0,0.75,4.0
1617,97.05,364.64596707,123.21592756,2,0,0.0,0.75,4.0
1618,97.11,363.53761512,123.22582156,2,0,0.0,0.75,4.0
1619,97.17,362.43040524,123.23571556,2,0,0.0,0.75,4.0
1620,97.23,361.32433742,123.24560956,2,0,0.0,0.75,4.0
1621,97.29,360.21941167,123.25550356,2,0,0.0,0.75,4.0
1622,97.35,359.11562797,123.26539756,2,0,0.0,0.75,4.0
1623,97.41,358.01298634,123.27529156,2,0,0.0,0.75,4.0
1624,97.47,356.91148677,123.28518556,2,0,0.0,0.75,4.0
1625,97.53,355.81119305,123.29797745,2,0,0.0,0.75,4.0
1626,97.59,354.71267992,123.31501708,2,0,0.0,0.75,4.0
1627,97.65,353.61608442,123.33205671,2,0,0.0,0.75,4.0
1628,97.71,352.52140656,123.34909634,2,0,0.0,0.75,4.0
1629,97.77,351.42864633,123.36613597,2,0,0.0,0.75,4.0
1630,97.83,350.33780373,123.3831756,2,0,0.0,0.75,4.0
1631,97.89,349.24887876,123.40021522,2,0,0.0,0.75,4.0
1632,97.95,348.16187142,123.41725485,2,0,0.0,0.75,4.0
1633,98.01,347.07678172,123.43429448,2,0,0.0,0.75,4.0
1634,98.07,345.99360965,123.45133411,2,0,0.0,0.75,4.0
1635,98.13,344.9126941,123.47547464,2,0,0.0,0.75,4.0
1636,98.19,343.83449155,123.50021825,2,0,0.0,0.75,4.0
1637,98.25,342.75900445,123.52496185,2,0,0.0,0.75,4.0
1638,98.31,341.68623278,123.54970545,2,0,0.0,0.75,4.0
1639,98.37,340.61617656,123.57444906,2,0,0.0,0.75,4.0
1640,98.43,339.54883577,123.59919266,2,0,0.0,0.75,4.0
1641,98.49,338.48421042,123.62393627,2,0,0.0,0.75,4.0
1642,98.55,337.42230052,123.64867987,2,0,0.0,0.75,4.0
1643,98.61,336.36310606,123.67342347,2,0,0.0,0.75,4.0
1644,98.67,335.30677495,123.70317336,2,0,0.0,0.75,4.0
1645,98.73,334.25392191,123.73630279,2,0,0.0,0.75,4.0
1646,98.79,333.20461436,123.76943222,2,0,0.0,0.75,4.0
1647,98.85,332.15885228,123.80256165,2,0,0.0,0.75,4.0
1648,98.91,331.11663569,123.83569109,2,0,0.0,0.75,4.0
1649,98.97,330.07796457,123.86882052,2,0,0.0,0.75,4.0
1650,99.03,329.04283894,123.90194995,2,0,0.0,0.75,4.0
1651,99.09,328.01125879,123.93507938,2,0,0.0,0.75,4.0
1652,99.15,326.98322411,123.96820881,2,0,0.0,0.75,4.0
1653,99.21,325.95883697,124.00579691,2,0,0.0,0.75,4.0
1654,99.27,324.93875296,124.04815537,2,0,0.0,0.75,4.0
1655,99.33,323.9230889,124.09051383,2,0,0.0,0.75,4.0
1656,99.39,322.91184479,124.13287229,2,0,0.0,0.75,4.0
1657,99.45,321.90502063,124.17523075,2,0,0.0,0.75,4.0
1658,99.51,320.90261641,124.21758921,2,0,0.0,0.75,4.0
1659,99.57,319.90463215,124.25994767,2,0,0.0,0.75,4.0
1660,99.63,318.91106784,124.30230613,2,0,0.0,0.75,4.0
1661,99.69,317.92192347,124.34466459,2,0,0.0,0.75,4.0
1662,99.75,316.93738452,124.39349972,2,0,0.0,0.75,4.0
1663,99.81,315.95813476,124.44612935,2,0,0.0,0.75,4.0
1664,99.87,314.98423783,124.49875899,2,0,0.0,0.75,4.0
1665,99.93,314.01569375,124.55138863,2,0,0.0,0.75,4.0
1666,99.99,313.05250252,124.60401827,2,0,0.0,0.75,4.0
1667,100.05,312.09466413,124.6566479,2,0,0.0,0.75,4.0
1668,100.11,311.14217858,124.70927754,2,0,0.0,0.75,4.0
1669,100.17,310.19504588,124.76190718,2,0,0.0,0.75,4.0
1670,100.23,309.25326997,124.81556065,2,0,0.0,0.75,4.0
1671,100.29,308.31743674,124.87976619,2,0,0.0,0.75,4.0
1672,100.35,307.38796543,124.94397173,2,0,0.0,0.75,4.0
1673,100.41,306.46485604,125.00817727,2,0,0.0,0.75,4.0
1674,100.47,305.54810857,125.07238281,2,0,0.0,0.75,4.0
1675,100.53,304.63772302,125.13658834,2,0,0.0,0.75,4.0
1676,100.59,303.73369938,125.20079388,2,0,0.0,0.75,4.0
1677,100.65,302.83603767,125.26499942,2,0,0.0,0.75,4.0
1678,100.71,301.94473788,125.32920496,2,0,0.0,0.75,4.0
1679,100.77,301.06025265,125.40536683,2,0,0.0,0.75,4.0
1680,100.83,302.56211263,85.72068647,1,0,0.0,0.75,4.0
1681,100.89,304.09256169,86.03811805,1,0,0.0,0.75,4.0
1682,100.95,305.63048045,86.35554962,1,0,0.0,0.75,4.0
1683,101.01,307.17586889,86.6729812,1,0,0.0,0.75,4.0
1684,101.07,308.72872704,86.99041277,1,0,0.0,0.75,4.0
1685,101.13,310.28905487,87.30784435,1,0,0.0,0.75,4.0
1686,101.19,311.85686171,87.62715802,1,0,0.0,0.75,4.0
1687,101.25,313.43289858,87.95993102,1,0,0.0,0.75,4.0
1688,101.31,315.01764117,88.29270403,1,0,0.0,0.75,4.0
1689,101.37,316.61108947,88.62547703,1,0,0.0,0.75,4.0
1690,101.43,318.21324349,88.95825004,1,0,0.0,0.75,4.0
1691,101.49,319.82410322,89.29102305,1,0,0.0,0.75,4.0
1692,101.55,321.44366867,89.62379605,1,0,0.0,0.75,4.0
1693,101.61,323.07193983,89.95656906,1,0,0.0,0.75,4.0
1694,101.67,324.70935228,90.30359779,1,0,0.0,0.75,4.0
1695,101.73,326.35684313,90.65447101,1,0,0.0,0.75,4.0
1696,101.79,328.01444406,91.00534422,1,0,0.0,0.75,4.0
1697,101.85,329.68215507,91.35621744,1,0,0.0,0.75,4.0
1698,101.91,331.35997616,91.70709066,1,0,0.0,0.75,4.0
1699,101.97,333.04790733,92.05796388,1,0,0.0,0.75,4.0
1700,102.03,334.74594858,92.40883709,1,0,0.0,0.75,4.0
1701,102.09,336.45481862,92.78016469,1,0,0.0,0.75,4.0
1702,102.15,338.17542479,93.15281281,1,0,0.0,0.75,4.0
1703,102.21,339.90777006,93.52546094,1,0,0.0,0.75,4.0
1704,102.27,341.65185445,93.89810907,1,0,0.0,0.75,4.0
1705,102.33,343.40767795,94.2707572,1,0,0.0,0.75,4.0
1706,102.39,345.17524056,94.64340533,1,0,0.0,0.75,4.0
1707,102.45,346.95490944,95.03255873,1,0,0.0,0.75,4.0
1708,102.51,348.74811053,95.43200596,1,0,0.0,0.75,4.0
1709,102.57,350.55498663,95.83145319,1,0,0.0,0.75,4.0
1710,102.63,352.37553775,96.23090042,1,0,0.0,0.75,4.0
1711,102.69,354.20976389,96.63034765,1,0,0.0,0.75,4.0
1712,102.75,356.05766504,97.02979488,1,0,0.0,0.75,4.0
1713,102.81,357.9201006,97.45811194,1,0,0.0,0.75,4.0
1714,102.87,359.82450592,97.99501147,1,0,0.0,0.75,4.0
1715,102.93,361.79682118,98.53113427,1,0,0.0,0.75,4.0
1716,102.99,363.82774209,99.06199123,1,0,0.0,0.75,4.0
1717,103.05,365.91182292,99.59284818,1,0,0.0,0.75,4.0
1718,103.11,368.04826151,100.15024341,1,0,0.0,0.75,4.0
1719,103.17,370.23288111,100.7193097,1,0,0.0,0.75,4.0
1720,103.23,372.46512519,101.28837599,1,0,0.0,0.75,4.0
1721,103.29,374.74464437,101.8553404,1,0,0.0,0.75,4.0
1722,103.35,377.06740735,102.42626702,1,0,0.0,0.75,4.0
1723,103.41,379.43468102,103.04972441,1,0,0.0,0.75,4.0
1724,103.47,381.8479698,103.67318179,1,0,0.0,0.75,4.0
1725,103.53,384.30687481,104.29403259,1,0,0.0,0.75,4.0
1726,103.59,386.80856934,104.93113776,1,0,0.0,0.75,4.0
1727,103.65,389.35620697,105.63581243,1,0,0.0,0.75,4.0
1728,103.71,391.95146888,106.34048709,1,0,0.0,0.75,4.0
1729,103.77,394.59435509,107.04516176,1,0,0.0,0.75,4.0
1730,103.83,397.28780213,107.8788946,1,0,0.01292138,0.5,3.0
1731,103.89,400.03442421,108.71403664,1,0,0.01302972,0.25,2.0
1732,103.95,402.83559949,109.65393438,1,0,0.01442285,0.25,2.0
1733,104.01,405.70244125,110.73139573,1,0,0.02041294,0.0,0.0
1734,104.07,408.62863883,111.36703333,1,0,0.01169988,0.0,0.0
1735,104.13,411.57487198,111.67703349,1,0,0.0,0.0,0.0
1736,104.19,414.53486937,111.98550292,1,0,0.0,0.0,0.0
1737,104.25,417.50854167,112.29397234,1,0,0.0,0.0,0.0
1738,104.31,420.49588888,112.60244176,1,0,0.0,0.0,0.0
1739,104.37,423.496911,112.91091118,1,0,0.0,0.0,0.0
1740,104.43,426.51160802,113.2193806,1,0,0.0,0.0,0.0
1741,104.49,429.53908489,113.52259411,1,0,0.0,0.0,0.0
1742,104.55,432.57830237,113.8255981,1,0,0.0,0.0,0.0
1743,104.61,435.62925904,114.12860209,1,0,0.0,0.0,0.0
1744,104.67,438.69195491,114.43160608,1,0,0.0,0.0,0.0
1745,104.73,441.76638998,114.73461007,1,0,0.0,0.0,0.0
1746,104.79,444.85256424,115.03761406,1,0,0.0,0.0,0.0
1747,104.85,447.95014588,115.33718693,1,0,0.0,0.0,0.0
1748,104.91,451.0579442,115.63481503,1,0,0.0,0.0,0.0
1749,104.97,454.1758526,115.93244314,1,0,0.0,0.0,0.0
1750,105.03,457.30387108,116.23007124,1,0,0.0,0.0,0.0
1751,105.09,460.44199964,116.52769935,1,0,0.0,0.0,0.0
1752,105.15,463.59023828,116.82532745,1,0,0.0,0.0,0.0
1753,105.21,466.748587,117.12295556,1,0,0.0,0.0,0.0
1754,105.27,469.91660755,117.41639187,1,0,0.0,0.0,0.0
1755,105.33,473.09336473,117.7087139,1,0,0.0,0.0,0.0
1756,105.39,476.27882757,118.00103592,1,0,0.0,0.0,0.0
1757,105.45,479.47299607,118.29335795,1,0,0.0,0.0,0.0
1758,105.51,482.67587023,118.58567998,1,0,0.0,0.0,0.0
1759,105.57,485.88745006,118.87800201,1,0,0.0,0.0,0.0
1760,105.63,489.10773555,119.17032403,1,0,0.0,0.0,0.0
1761,105.69,492.33659883,119.46025402,1,0,0.0,0.0,0.0
1762,105.75,495.57311545,119.74731736,1,0,0.0,0.0,0.0
1763,105.81,498.81710176,120.0343807,1,0,0.0,0.0,0.0
1764,105.87,502.06855777,120.32144404,1,0,0.0,0.0,0.0
1765,105.93,505.32748347,120.60850738,1,0,0.0,0.0,0.0
1766,105.99,508.59387887,120.89557071,1,0,0.0,0.0,0.0
1767,106.05,511.86774396,121.18263405,1,0,0.0,0.0,0.0
1768,106.11,515.14907875,121.46969739,1,0,0.0,0.0,0.0
1769,106.17,518.43763195,121.75323352,1,0,0.0,0.0,0.0
1770,106.23,521.73260613,122.03506015,1,0,0.0,0.0,0.0
1771,106.29,525.03394227,122.31688678,1,0,0.0,0.0,0.0
1772,106.35,528.34164037,122.59871341,1,0,0.0,0.0,0.0
1773,106.41,531.65570041,122.88054004,1,0,0.0,0.0,0.0
1774,106.47,534.97612241,123.16236666,1,0,0.0,0.0,0.0
1775,106.53,538.30290637,123.44419329,1,0,0.0,0.0,0.0
1776,106.59,541.63605228,123.72601992,1,0,0.0,0.0,0.0
1777,106.65,544.97543942,124.00528224,1,0,0.0,0.0,0.0
1778,106.71,548.32031105,124.28186651,1,0,0.0,0.0,0.0
1779,106.77,551.67053549,124.55845078,1,0,0.0,0.0,0.0
1780,106.83,555.02611275,124.83503506,1,0,0.0,0.0,0.0
1781,106.89,558.38704282,125.11161933,1,0,0.0,0.0,0.0
1782,106.95,561.75332571,125.38820361,1,0,0.0,0.0,0.0
1783,107.01,565.12496142,125.66478788,1,0,0.0,0.0,0.0
1784,107.07,568.50194994,125.94137216,1,0,0.0,0.0,0.0
1785,107.13,571.88429128,126.21795643,1,0,0.0,0.0,0.0
1786,107.19,575.27156714,126.48954354,1,0,0.0,0.0,0.0
1787,107.25,578.66326426,126.7608509,1,0,0.0,0.0,0.0
1788,107.31,582.05938134,127.03215827,1,0,0.0,0.0,0.0
1789,107.37,585.45991836,127.30346563,1,0,0.0,0.0,0.0
1790,107.43,588.86487533,127.57477299,1,0,0.0,0.0,0.0
1791,107.49,592.27425225,127.84608035,1,0,0.0,0.0,0.0
1792,107.55,595.68804912,128.11738772,1,0,0.0,0.0,0.0
1793,107.61,599.10626594,128.38869508,1,0,0.0,0.0,0.0
1794,107.67,602.52889881,128.65949762,1,0,0.0,0.0,0.0
1795,107.73,605.95543571,128.92545952,1,0,0.0,0.0,0.0
1796,107.79,609.38551809,129.19142143,1,0,0.0,0.0,0.0
1797,107.85,612.81914594,129.45738333,1,0,0.0,0.0,0.0
1798,107.91,616.25631928,129.72334524,1,0,0.0,0.0,0.0
1799,107.97,619.6970381,129.98930714,1,0,0.0,0.0,0.0
1800,108.03,623.1413024,130.25526905,1,0,0.0,0.0,0.0
1801,108.09,626.58911218,130.52123095,1,0,0.0,0.0,0.0
1802,108.15,630.04046744,130.78719286,1,0,0.0,0.0,0.0
1803,108.21,633.49536818,131.05315477,1,0,0.0,0.0,0.0
1804,108.27,636.95341537,131.3137745,1,0,0.0,0.0,0.0
1805,108.33,640.41417816,131.57428833,1,0,0.0,0.0,0.0
1806,108.39,643.87765641,131.83480215,1,0,0.0,0.0,0.0
1807,108.45,647.34385012,132.09531598,1,0,0.0,0.0,0.0
1808,108.51,650.81275928,132.35582981,1,0,0.0,0.0,0.0
1809,108.57,654.28438389,132.61634364,1,0,0.0,0.0,0.0
1810,108.63,657.75872395,132.87685747,1,0,0.0,0.0,0.0
1811,108.69,661.23577947,133.13737129,1,0,0.0,0.0,0.0
1812,108.75,664.71555044,133.39788512,1,0,0.0,0.0,0.0
1813,108.81,668.19786526,133.65473062,1,0,0.0,0.0,0.0
1814,108.87,671.68214494,133.90965146,1,0,0.0,0.0,0.0
1815,108.93,675.16834225,134.1645723,1,0,0.0,0.0,0.0
1816,108.99,678.65645718,134.41949314,1,0,0.0,0.0,0.0
1817,109.05,682.14648973,134.67441398,1,0,0.0,0.0,0.0
1818,109.11,685.63843991,134.92933483,1,0,0.0,0.0,0.0
1819,109.17,689.1323077,135.18425567,1,0,0.0,0.0,0.0
1820,109.23,692.62809312,135.43917651,1,0,0.0,0.0,0.0
1821,109.29,696.12579617,135.69409735,1,0,0.0,0.0,0.0
1822,109.35,699.62540536,135.94802391,1,0,0.0,0.0,0.0
1823,109.41,703.12642247,136.19716428,1,0,0.0,0.0,0.0
1824,109.47,706.62858164,136.44630466,1,0,0.0,0.0,0.0
1825,109.53,710.13188288,136.69544504,1,0,0.0,0.0,0.0
1826,109.59,713.63632617,136.94458541,1,0,0.0,0.0,0.0
1827,109.65,717.14191153,137.19372579,1,0,0.0,0.0,0.0
1828,109.71,720.64863895,137.44286617,1,0,0.0,0.0,0.0
1829,109.77,724.15650844,137.69200654,1,0,0.0,0.0,0.0
1830,109.83,727.66551998,137.94114692,1,0,0.0,0.0,0.0
1831,109.89,731.17567359,138.1902873,1,0,0.0,0.0,0.0
1832,109.95,734.68684028,138.43592592,1,0,0.0,0.0,0.0
1833,110.01,738.19845301,138.6790448,1,0,0.0,0.0,0.0
1834,110.07,741.710445,138.92216369,1,0,0.0,0.0,0.0
1835,110.13,745.22281625,139.16528257,1,0,0.0,0.0,0.0
1836,110.19,748.73556676,139.40840146,1,0,0.0,0.0,0.0
1837,110.25,752.24869653,139.65152034,1,0,0.0,0.0,0.0
1838,110.31,755.76220555,139.89463922,1,0,0.0,0.0,0.0
1839,110.37,759.27609384,140.13775811,1,0,0.0,0.0,0.0
1840,110.43,762.79036139,140.38087699,1,0,0.0,0.0,0.0
1841,110.49,766.3050082,140.62399588,1,0,0.0,0.0,0.0
1842,110.55,769.81970081,140.86118778,1,0,0.0,0.0,0.0
1843,110.61,773.33401564,141.09798568,1,0,0.0,0.0,0.0
1844,110.67,776.84795121,141.33478359,1,0,0.0,0.0,0.0
1845,110.73,780.36150753,141.57158149,1,0,0.0,0.0,0.0
1846,110.79,783.87468458,141.8083794,1,0,0.0,0.0,0.0
1847,110.85,787.38748238,142.0451773,1,0,0.0,0.0,0.0
1848,110.91,790.89990092,142.28197521,1,0,0.0,0.0,0.0
1849,110.97,794.4119402,142.51877312,1,0,0.0,0.0,0.0
1850,111.03,797.92360023,142.75557102,1,0,0.0,0.0,0.0
1851,111.09,801.43484808,142.99040317,1,0,0.0,0.0,0.0
1852,111.15,804.94514412,143.22050917,1,0,0.0,0.0,0.0
1853,111.21,808.45429809,143.45061517,1,0,0.0,0.0,0.0
1854,111.27,811.96230999,143.68072117,1,0,0.0,0.0,0.0
1855,111.33,815.46917984,143.91082717,1,0,0.0,0.0,0.0
1856,111.39,818.97490762,144.14093317,1,0,0.0,0.0,0.0
1857,111.45,822.47949334,144.37103917,1,0,0.0,0.0,0.0
1858,111.51,825.98293699,144.60114517,1,0,0.0,0.0,0.0
1859,111.57,829.48523859,144.83125117,1,0,0.0,0.0,0.0
1860,111.63,832.98639812,145.06135717,1,0,0.0,0.0,0.0
1861,111.69,836.48622378,145.28643775,1,0,0.0,0.0,0.0
1862,111.75,839.98416596,145.50939812,1,0,0.0,0.0,0.0
1863,111.81,843.4801905,145.73235849,1,0,0.0,0.0,0.0
1864,111.87,846.97429741,145.95531886,1,0,0.0,0.0,0.0
1865,111.93,850.46648668,146.17827923,1,0,0.0,0.0,0.0
1866,111.99,853.95675833,146.4012396,1,0,0.0,0.0,0.0
1867,112.05,857.44511234,146.62419997,1,0,0.0,0.0,0.0
1868,112.11,860.93154872,146.84716034,1,0,0.0,0.0,0.0
1869,112.17,864.41606747,147.07012071,1,0,0.0,0.0,0.0
1870,112.23,867.89864937,147.29139038,1,0,0.0,0.0,0.0
1871,112.29,871.37875887,147.50664678,1,0,0.0,0.0,0.0
1872,112.35,874.85615292,147.72190317,1,0,0.0,0.0,0.0
1873,112.41,878.33083154,147.93715957,1,0,0.0,0.0,0.0
1874,112.47,881.80279471,148.15241596,1,0,0.0,0.0,0.0
1875,112.53,885.27204244,148.36767236,1,0,0.0,0.0,0.0
1876,112.59,888.73857473,148.58292875,1,0,0.0,0.0,0.0
1877,112.65,892.20239158,148.79818515,1,0,0.0,0.0,0.0
1878,112.71,895.66349299,149.01344155,1,0,0.0,0.0,0.0
1879,112.77,899.12187896,149.22869794,1,0,0.0,0.0,0.0
1880,112.83,902.57721725,149.43645127,1,0,0.0,0.0,0.0
1881,112.89,906.02901465,149.64332183,1,0,0.0,0.0,0.0
1882,112.95,909.47726658,149.8501924,1,0,0.0,0.0,0.0
1883,113.01,912.92197302,150.05706297,1,0,0.0,0.0,0.0
1884,113.07,916.36313399,150.26393354,1,0,0.0,0.0,0.0
1885,113.13,919.80074947,150.4708041,1,0,0.0,0.0,0.0
1886,113.19,923.23481947,150.67767467,1,0,0.0,0.0,0.0
1887,113.25,926.665344,150.88454524,1,0,0.0,0.0,0.0
1888,113.31,930.09232304,151.09141581,1,0,0.0,0.0,0.0
1889,113.37,933.51549001,151.29107986,1,0,0.0,0.0,0.0
1890,113.43,936.93425802,151.4887214,1,0,0.0,0.0,0.0
1891,113.49,940.34860609,151.68636294,1,0,0.0,0.0,0.0
1892,113.55,943.75853421,151.88400448,1,0,0.0,0.0,0.0
1893,113.61,947.16404238,152.08164602,1,0,0.0,0.0,0.0
1894,113.67,950.5651306,152.27928756,1,0,0.0,0.0,0.0
1895,113.73,953.96179887,152.4769291,1,0,0.0,0.0,0.0
1896,113.79,957.35404719,152.67457064,1,0,0.0,0.0,0.0
1897,113.85,960.74187556,152.87221218,1,0,0.0,0.0,0.0
1898,113.91,964.12488202,153.06031892,1,0,0.0,0.0,0.0
1899,113.97,967.50253803,153.24768929,1,0,0.0,0.0,0.0
1900,114.03,970.8748412,153.43505965,1,0,0.0,0.0,0.0
1901,114.09,974.24179152,153.62243001,1,0,0.0,0.0,0.0
1902,114.15,977.603389,153.80980037,1,0,0.0,0.0,0.0
1903,114.21,980.95963364,153.99717074,1,0,0.0,0.0,0.0
1904,114.27,984.31052543,154.1845411,1,0,0.0,0.0,0.0
1905,114.33,987.65606438,154.37191146,1,0,0.0,0.0,0.0
1906,114.39,990.99617524,154.55481138,1,0,0.0,0.0,0.0
1907,114.45,994.33011428,154.73060584,1,0,0.0,0.0,0.0
1908,114.51,997.65769139,154.90640031,1,0,0.0,0.0,0.0
1909,114.57,1000.97890659,155.08219477,1,0,0.0,0.0,0.0
1910,114.63,1004.29375986,155.25798923,1,0,0.0,0.0,0.0
1911,114.69,1007.60225122,155.43378369,1,0,0.0,0.0,0.0
1912,114.75,1010.90438065,155.60957815,1,0,0.0,0.0,0.0
1913,114.81,1014.20014817,155.78537262,1,0,0.0,0.0,0.0
1914,114.87,1017.48953122,155.95849886,1,0,0.0,0.0,0.0
1915,114.93,1020.77179753,156.12106729,1,0,0.0,0.0,0.0
1916,114.99,1024.04659414,156.28363571,1,0,0.0,0.0,0.0
1917,115.05,1027.31392106,156.44620414,1,0,0.0,0.0,0.0
1918,115.11,1030.57377828,156.60877256,1,0,0.0,0.0,0.0
1919,115.17,1033.82616581,156.77134098,1,0,0.0,0.0,0.0
1920,115.23,1037.07108365,156.93390941,1,0,0.0,0.0,0.0
1921,115.29,1040.30853178,157.09647783,1,0,0.0,0.0,0.0
1922,115.35,1043.53840099,157.25259642,1,0,0.0,0.0,0.0
1923,115.41,1046.75977208,157.39982341,1,0,0.0,0.0,0.0
1924,115.47,1049.97243746,157.5470504,1,0,0.0,0.0,0.0
1925,115.53,1053.17639712,157.6942774,1,0,0.0,0.0,0.0
1926,115.59,1056.37165107,157.84150439,1,0,0.0,0.0,0.0
1927,115.65,1059.5581993,157.98873138,1,0,0.0,0.0,0.0
1928,115.71,1062.73604182,158.13595838,1,0,0.0,0.0,0.0
1929,115.77,1065.9051735,158.28164071,1,0,0.0,0.0,0.0
1930,115.83,1069.06478256,158.41076749,1,0,0.0,0.0,0.0
1931,115.89,1072.21428154,158.53989427,1,0,0.0,0.0,0.0
1932,115.95,1075.35367044,158.66902106,1,0,0.0,0.0,0.0
1933,116.01,1078.48294926,158.79814784,1,0,0.0,0.0,0.0
1934,116.07,1081.602118,158.92727462,1,0,0.0,0.0,0.0
1935,116.13,1084.71117666,159.05640141,1,0,0.0,0.0,0.0
1936,116.19,1087.81007945,159.18036547,1,0,0.0,0.0,0.0
1937,116.25,1090.8977172,159.28771734,1,0,0.0,0.0,0.0
1938,116.31,1093.97361584,159.39506921,1,0,0.0,0.0,0.0
1939,116.37,1097.03777536,159.50242108,1,0,0.0,0.0,0.0
1940,116.43,1100.09019578,159.60977296,1,0,0.0,0.0,0.0
1941,116.49,1103.13087708,159.71712483,1,0,0.0,0.0,0.0
1942,116.55,1106.15981927,159.8244767,1,0,0.0,0.0,0.0
1943,116.61,1109.17621439,159.90734414,1,0,0.0,0.0,0.0
1944,116.67,1112.17894171,159.98789691,1,0,0.0,0.0,0.0
1945,116.73,1115.16799401,160.06844968,1,0,0.0,0.0,0.0
1946,116.79,1118.1433713,160.14900245,1,0,0.0,0.0,0.0
1947,116.85,1121.10507357,160.22955523,1,0,0.0,0.0,0.0
1948,116.91,1124.05307417,160.30502402,1,0,0.0,0.0,0.0
1949,116.97,1126.98588795,160.35170572,1,0,0.0,0.0,0.0
1950,117.03,1129.90266021,160.39838742,1,0,0.0,0.0,0.0
1951,117.09,1132.80339096,160.44506912,1,0,0.0,0.0,0.0
1952,117.15,1135.68808018,160.49175082,1,0,0.0,0.0,0.0
1953,117.21,1138.55672789,160.53843252,1,0,0.0,0.0,0.0
1954,117.27,1141.40789979,160.54180947,1,0,0.0,0.0,0.0
1955,117.33,1144.24003356,160.54422523,1,0,0.0,0.0,0.0
1956,117.39,1147.05312849,160.546641,1,0,0.0,0.0,0.0
1957,117.45,1149.84718458,160.54905676,1,0,0.0,0.0,0.0
1958,117.51,1152.62184001,160.52571109,1,0,0.0,0.0,0.0
1959,117.57,1155.3741395,160.46779719,1,0,0.0,0.0,0.0
1960,117.63,1158.10343157,160.40988328,1,0,0.0,0.0,0.0
1961,117.69,1160.80971621,160.35196937,1,0,0.0,0.0,0.0
1962,117.75,1163.49223531,160.24868098,1,0,0.0,0.0,0.0
1963,117.81,1166.14680776,160.10373577,1,0,0.0,0.0,0.0
1964,117.87,1168.77279456,159.95879055,1,0,0.0,0.0,0.0
1965,117.93,1171.36985384,159.77530136,1,0,0.0,0.0,0.0
1966,117.99,1173.93198748,159.49419996,1,0,0.0,0.0,0.0
1967,118.05,1176.45700271,159.21309857,1,0,0.0,0.0,0.0
1968,118.11,1178.94092661,158.75509342,1,0,0.0,0.0,0.0
1969,118.17,1181.37336654,158.23167271,1,0,0.0,0.0,0.0
1970,118.23,1183.77376342,158.37737634,1,0,0.0,0.0,0.0
1971,118.29,1186.17376342,158.61737634,1,0,0.0,0.0,0.0
1972,118.35,1188.57376342,158.85737634,1,0,0.0,0.0,0.0
1973,118.41,1190.97376342,159.09737634,1,0,0.0,0.0,0.0
1974,118.47,1193.37376342,159.33737634,1,0,0.0,0.0,0.0
1975,118.53,1195.77376342,159.57737634,1,0,0.0,0.0,0.0
1976,118.59,1198.17376342,159.81737634,1,0,0.0,0.0,0.0
1977,118.65,1200.57376342,160.05737634,1,0,0.0,0.0,0.0
1978,118.71,1202.97376342,160.29737634,1,0,0.0,0.0,0.0
1979,118.77,1205.37376342,160.53737634,1,0,0.0,0.0,0.0
1980,118.83,1207.77376342,160.77737634,1,0,0.0,0.0,0.0
1981,118.89,1210.17376342,161.01737634,1,0,0.0,0.0,0.0
1982,118.95,1212.57376342,161.25737634,1,0,0.0,0.0,0.0
1983,119.01,1214.97376342,161.49737634,1,0,0.0,0.0,0.0
1984,119.07,1217.37376342,161.73737634,1,0,0.0,0.0,0.0
1985,119.13,1219.77376342,161.97737634,1,0,0.0,0.0,0.0
1986,119.19,1222.17376342,162.21737634,1,0,0.0,0.0,0.0
1987,119.25,1224.57376342,162.45737634,1,0,0.0,0.0,0.0
1988,119.31,1226.97376342,162.69737634,1,0,0.0,0.0,0.0
1989,119.37,1229.37376342,162.93737634,1,0,0.0,0.0,0.0
1990,119.43,1231.77376342,163.17737634,1,0,0.0,0.0,0.0
1991,119.49,1234.17376342,163.41737634,1,0,0.0,0.0,0.0
1992,119.55,1236.57376342,163.65737634,1,0,0.0,0.0,0.0
1993,119.61,1238.97376342,163.89737634,1,0,0.0,0.0,0.0
1994,119.67,1241.37376342,164.13737634,1,0,0.0,0.0,0.0
1995,119.73,1243.77376342,164.37737634,1,0,0.0,0.0,0.0
1996,119.79,1246.17376342,164.61737634,1,0,0.0,0.0,0.0
1997,119.85,1248.57376342,164.85737634,1,0,0.0,0.0,0.0
1998,119.91,1250.97376342,165.09737634,1,0,0.0,0.0,0.0
1999,119.97,1253.37376342,165.33737634,1,0,0.0,0.0,0.0
2000,120.03,1255.77376342,165.57737634,1,0,0.0,0.0,0.0
2001,120.09,1258.17376342,165.81737634,1,0,0.0,0.0,0.0
2002,120.15,1260.57376342,166.05737634,1,0,0.0,0.0,0.0
2003,120.21,1262.97376342,166.29737634,1,0,0.0,0.0,0.0
2004,120.27,1265.37376342,166.53737634,1,0,0.0,0.0,0.0
2005,120.33,1267.77376342,166.77737634,1,0,0.0,0.0,0.0
2006,120.39,1270.17376342,167.01737634,1,0,0.0,0.0,0.0
2007,120.45,1272.57376342,167.25737634,1,0,0.0,0.0,0.0
2008,120.51,1274.97376342,167.49737634,1,0,0.0,0.0,0.0
2009,120.57,1277.37376342,167.73737634,1,0,0.0,0.0,0.0
2010,120.63,1279.77376342,167.97737634,1,0,0.0,0.0,0.0
2011,120.69,1282.17376342,168.21737634,1,0,0.0,0.0,0.0
2012,120.75,1284.57376342,168.45737634,1,0,0.0,0.0,0.0
2013,120.81,1286.97376342,168.69737634,1,0,0.0,0.0,0.0
2014,120.87,1289.37376342,168.93737634,1,0,0.0,0.0,0.0
2015,120.93,1291.77376342,169.17737634,1,0,0.0,0.0,0.0
2016,120.99,1294.17376342,169.41737634,1,0,0.0,0.0,0.0
2017,121.05,1296.57376342,169.65737634,1,0,0.0,0.0,0.0
2018,121.11,1298.97376342,169.89737634,1,0,0.0,0.0,0.0
2019,121.17,1301.37376342,170.13737634,1,0,0.0,0.0,0.0
2020,121.23,1303.77376342,170.37737634,1,0,0.0,0.0,0.0
2021,121.29,1306.17376342,170.61737634,1,0,0.0,0.0,0.0
2022,121.35,1308.57376342,170.85737634,1,0,0.0,0.0,0.0
2023,121.41,1310.97376342,171.09737634,1,0,0.0,0.0,0.0
2024,121.47,1313.37376342,171.33737634,1,0,0.0,0.0,0.0
2025,121.53,1315.77376342,171.57737634,1,0,0.0,0.0,0.0
2026,121.59,1318.17376342,171.81737634,1,0,0.0,0.0,0.0
2027,121.65,1320.57376342,172.05737634,1,0,0.0,0.0,0.0
2028,121.71,1322.97376342,172.29737634,1,0,0.0,0.0,0.0
2029,121.77,1325.37376342,172.53737634,1,0,0.0,0.0,0.0
2030,121.83,1327.77376342,172.77737634,1,0,0.0,0.0,0.0
2031,121.89,1330.17376342,173.01737634,1,0,0.0,0.0,0.0
2032,121.95,1332.57376342,173.25737634,1,0,0.0,0.0,0.0
2033,122.01,1334.97376342,173.49737634,1,0,0.0,0.0,0.0
2034,122.07,1337.37376342,173.73737634,1,0,0.0,0.0,0.0
2035,122.13,1339.77376342,173.97737634,1,0,0.0,0.0,0.0
2036,122.19,1342.17376342,174.21737634,1,0,0.0,0.0,0.0
2037,122.25,1344.57376342,174.45737634,1,0,0.0,0.0,0.0
2038,122.31,1346.97376342,174.69737634,1,0,0.0,0.0,0.0
2039,122.37,1349.37376342,174.93737634,1,0,0.0,0.0,0.0
2040,122.43,1351.77376342,175.17737634,1,0,0.0,0.0,0.0
2041,122.49,1354.17376342,175.41737634,1,0,0.0,0.0,0.0
2042,122.55,1356.57376342,175.65737634,1,0,0.0,0.0,0.0
2043,122.61,1358.97376342,175.89737634,1,0,0.0,0.0,0.0
2044,122.67,1361.37376342,176.13737634,1,0,0.0,0.0,0.0
2045,122.73,1363.77376342,176.37737634,1,0,0.0,0.0,0.0
2046,122.79,1366.17376342,176.61737634,1,0,0.0,0.0,0.0
2047,122.85,1368.57376342,176.85737634,1,0,0.0,0.0,0.0
2048,122.91,1370.97376342,177.09737634,1,0,0.0,0.0,0.0
2049,122.97,1373.37376342,177.33737634,1,0,0.0,0.0,0.0
2050,123.03,1375.77376342,177.57737634,1,0,0.0,0.0,0.0
2051,123.09,1378.17376342,177.81737634,1,0,0.0,0.0,0.0
2052,123.15,1380.57376342,178.05737634,1,0,0.0,0.0,0.0
2053,123.21,1382.97376342,178.29737634,1,0,0.0,0.0,0.0
2054,123.27,1385.37376342,178.53737634,1,0,0.0,0.0,0.0
2055,123.33,1387.77376342,178.77737634,1,0,0.0,0.0,0.0
2056,123.39,1390.17376342,179.01737634,1,0,0.0,0.0,0.0
2057,123.45,1392.57376342,179.25737634,1,0,0.0,0.0,0.0
2058,123.51,1394.97376342,179.49737634,1,0,0.0,0.0,0.0
2059,123.57,1397.37376342,179.73737634,1,0,0.0,0.0,0.0
2060,123.63,1399.77376342,179.97737634,1,0,0.0,0.0,0.0
2061,123.69,1402.17376342,180.21737634,1,0,0.0,0.0,0.0
2062,123.75,1404.57376342,180.45737634,1,0,0.0,0.0,0.0
2063,123.81,1406.97376342,180.69737634,1,0,0.0,0.0,0.0
2064,123.87,1409.37376342,180.93737634,1,0,0.0,0.0,0.0
2065,123.93,1411.77376342,181.17737634,1,0,0.0,0.0,0.0
2066,123.99,1414.17376342,181.41737634,1,0,0.0,0.0,0.0
2067,124.05,1416.57376342,181.65737634,1,0,0.0,0.0,0.0
2068,124.11,1418.97376342,181.89737634,1,0,0.0,0.0,0.0
2069,124.17,1421.37376342,182.13737634,1,0,0.0,0.0,0.0
2070,124.23,1423.77376342,182.37737634,1,0,0.0,0.0,0.0
2071,124.29,1426.17376342,182.61737634,1,0,0.0,0.0,0.0
2072,124.35,1428.57376342,182.85737634,1,0,0.0,0.0,0.0
2073,124.41,1430.97376342,183.09737634,1,0,0.0,0.0,0.0
2074,124.47,1433.37376342,183.33737634,1,0,0.0,0.0,0.0
2075,124.53,1435.77376342,183.57737634,1,0,0.0,0.0,0.0
2076,124.59,1438.17376342,183.81737634,1,0,0.0,0.0,0.0
2077,124.65,1440.57376342,184.05737634,1,0,0.0,0.0,0.0
2078,124.71,1442.97376342,184.29737634,1,0,0.0,0.0,0.0
2079,124.77,1445.37376342,184.53737634,1,0,0.0,0.0,0.0
2080,124.83,1447.77376342,184.77737634,1,0,0.0,0.0,0.0
2081,124.89,1450.17376342,185.01737634,1,0,0.0,0.0,0.0
2082,124.95,1452.57376342,185.25737634,1,0,0.0,0.0,0.0
2083,125.01,1454.97376342,185.49737634,1,0,0.0,0.0,0.0
2084,125.07,1457.37376342,185.73737634,1,0,0.0,0.0,0.0
2085,125.13,1459.77376342,185.97737634,1,0,0.0,0.0,0.0
2086,125.19,1462.17376342,186.21737634,1,0,0.0,0.0,0.0
2087,125.25,1464.57376342,186.45737634,1,0,0.0,0.0,0.0
2088,125.31,1466.97376342,186.69737634,1,0,0.0,0.0,0.0
2089,125.37,1469.37376342,186.93737634,1,0,0.0,0.0,0.0
2090,125.43,1471.77189895,188.23994045,1,0,0.0,0.0,0.0
2091,125.49,1473.97525513,192.22584735,1,0,0.0,0.0,0.0
2092,125.55,1476.034877,194.36351996,1,0,0.0,0.0,0.0
2093,125.61,1478.0016622,196.11587515,1,0,0.0,0.0,0.0
2094,125.67,1479.8957271,197.63664939,1,0,0.0,0.0,0.0
2095,125.73,1481.72937635,199.00638218,1,0,0.0,0.0,0.0
2096,125.79,1483.51112868,200.27119318,1,0,0.0,0.0,0.0
2097,125.85,1485.2474599,201.45912585,1,0,0.0,0.0,0.0
2098,125.91,1486.94364785,202.58828362,1,0,0.0,0.0,0.0
2099,125.97,1488.60421433,203.67083967,1,0,0.0,0.0,0.0
2100,126.03,1490.23305731,204.70278459,1,0,0.0,0.0,0.0
2101,126.09,1491.8331485,205.69380566,1,0,0.0,0.0,0.0
2102,126.15,1493.40767579,206.65954963,1,0,0.0,0.0,0.0
2103,126.21,1494.95960237,207.59135682,1,0,0.0,0.0,0.0
2104,126.27,1496.49096159,208.49356924,1,0,0.0,0.0,0.0
2105,126.33,1498.00441379,209.3802881,1,0,0.0,0.0,0.0
2106,126.39,1499.50218627,210.23352562,1,0,0.0,0.0,0.0
2107,126.45,1500.98602283,211.07206432,1,0,0.0,0.0,0.0
2108,126.51,1502.45841229,211.89156391,1,0,0.0,0.5,3.0
2109,126.57,1503.92074826,212.68833585,1,0,0.0,0.5,3.0
2110,126.63,1505.37526234,213.47680036,1,0,0.0,0.5,3.0
2111,126.69,1506.82363136,214.23656938,1,0,0.0,0.5,3.0
2112,126.75,1508.26750551,214.98962375,1,0,0.0,0.5,3.0
2113,126.81,1509.70899154,215.72249736,1,0,0.0,0.5,3.0
2114,126.87,1511.38354894,208.33196012,1,0,0.0,0.5,3.0
2115,126.93,1513.30391786,208.81207583,1,0,0.0,0.5,3.0
2116,126.99,1515.22471791,209.29219154,1,0,0.0,0.5,3.0
2117,127.05,1517.14594908,209.77230724,1,0,0.0,0.5,3.0
2118,127.11,1519.06780022,210.2527541,1,0,0.0,0.5,3.0
2119,127.17,1520.99070597,210.73375343,1,0,0.0,0.5,3.0
2120,127.23,1522.91491333,211.21475454,1,0,0.0,0.5,3.0
2121,127.29,1524.84047759,211.69612783,1,0,0.0,0.5,3.0
2122,127.35,1526.76769858,212.17783699,1,0,0.0,0.5,3.0
2123,127.41,1528.69669651,212.66016885,1,0,0.0,0.5,3.0
2124,127.47,1530.62784857,213.14301836,1,0,0.0,0.5,3.0
2125,127.53,1532.56135872,213.62683989,1,0,0.0,0.5,3.0
2126,127.59,1534.49749664,214.1108412,1,0,0.0,0.5,3.0
2127,127.65,1536.43627576,214.59516013,1,0,0.0,0.5,3.0
2128,127.71,1538.37804877,215.08133303,1,0,0.0,0.5,3.0
2129,127.77,1540.32329644,215.56876175,1,0,0.0,0.5,3.0
2130,127.83,1542.27215112,216.05619047,1,0,0.0,0.5,3.0
2131,127.89,1544.22461283,216.54361919,1,0,0.0,0.5,3.0
2132,127.95,1546.18103582,217.0348808,1,0,0.0,0.5,3.0
2133,128.01,1548.1420555,217.52692943,1,0,0.0,0.5,3.0
2134,128.07,1550.1076927,218.01897807,1,0,0.0,0.5,3.0
2135,128.13,1552.07803392,218.51243631,1,0,0.0,0.5,3.0
2136,128.19,1554.05356669,219.00939783,1,0,0.0,0.5,3.0
2137,128.25,1556.03471994,219.50788192,1,0,0.0,0.5,3.0
2138,128.31,1558.02176635,220.00755355,1,0,0.0,0.5,3.0
2139,128.37,1560.01480767,220.50930369,1,0,0.0,0.5,3.0
2140,128.43,1562.01453147,221.01547788,1,0,0.0,0.5,3.0
2141,128.49,1564.02117041,221.52235219,1,0,0.0,0.5,3.0
2142,128.55,1566.03503159,222.0331032,1,0,0.0,0.5,3.0
2143,128.61,1568.05668746,222.5479025,1,0,0.0,0.5,3.0
2144,128.67,1570.0865759,223.06545486,1,0,0.0,0.5,3.0
2145,128.73,1572.12493368,223.58731524,1,0,0.0,0.5,3.0
2146,128.79,1574.1726246,224.11518623,1,0,0.0,0.5,3.0
2147,128.85,1576.22991407,224.64549409,1,0,0.0,0.5,3.0
2148,128.91,1578.29746772,225.1846199,1,0,0.0,0.5,3.0
2149,128.97,1580.37600378,225.72942598,1,0,0.0,0.5,3.0
2150,129.03,1582.46609933,226.28183331,1,0,0.0,0.5,3.0
2151,129.09,1584.56875586,226.84387939,1,0,0.0,0.5,3.0
2152,129.15,1586.68469111,227.41890435,1,0,0.0,0.5,3.0
2153,129.21,1588.81508387,228.00256918,1,0,0.0,0.5,3.0
2154,129.27,1590.96119131,228.60742884,1,0,0.0,0.5,3.0
2155,129.33,1593.12433367,229.23261562,1,0,0.0,0.5,3.0
2156,129.39,1595.30643342,229.88203517,1,0,0.0,0.5,3.0
2157,129.45,1597.50980417,230.56937548,1,0,0.0,0.5,3.0
2158,129.51,1599.73764784,231.31447026,1,0,0.0,0.5,3.0
2159,129.57,1601.9949035,232.14930893,1,0,0.0,0.5,3.0
2160,129.63,1604.29074056,233.20590412,1,0,0.0,0.5,3.0
2161,129.69,1606.65681045,234.77330307,1,0,0.03389226,0.0,0.0
2162,129.75,1609.05672629,235.01331326,1,0,0.0,0.0,0.0
2163,129.81,1611.45664294,235.25332345,1,0,0.0,0.0,0.0
2164,129.87,1613.85656043,235.49333364,1,0,0.0,0.0,0.0
2165,129.93,1616.25647873,235.73334383,1,0,0.0,0.0,0.0
2166,129.99,1618.65639786,235.97335402,1,0,0.0,0.0,0.0
2167,130.05,1621.05631782,236.21336421,1,0,0.0,0.0,0.0
2168,130.11,1623.4562386,236.4533744,1,0,0.0,0.0,0.0
2169,130.17,1625.85616021,236.69338459,1,0,0.0,0.0,0.0
2170,130.23,1628.25608264,236.93339478,1,0,0.0,0.0,0.0
2171,130.29,1630.65600589,237.17340497,1,0,0.0,0.0,0.0
2172,130.35,1633.05592997,237.41341516,1,0,0.0,0.0,0.0
2173,130.41,1635.45585488,237.65342535,1,0,0.0,0.0,0.0
2174,130.47,1637.85578061,237.89343555,1,0,0.0,0.0,0.0
2175,130.53,1640.25570716,238.13344574,1,0,0.0,0.0,0.0
2176,130.59,1642.65563454,238.37345593,1,0,0.0,0.0,0.0
2177,130.65,1645.05556275,238.61346612,1,0,0.0,0.0,0.0
2178,130.71,1647.45549178,238.85347631,1,0,0.0,0.0,0.0
2179,130.77,1649.85542163,239.0934865,1,0,0.0,0.0,0.0
2180,130.83,1652.25535231,239.33349669,1,0,0.0,0.0,0.0
2181,130.89,1654.65528381,239.57350688,1,0,0.0,0.0,0.0
2182,130.95,1657.05521614,239.81351707,1,0,0.0,0.0,0.0
2183,131.01,1659.45514929,240.05352726,1,0,0.0,0.0,0.0
2184,131.07,1661.85508327,240.29353745,1,0,0.0,0.0,0.0
2185,131.13,1664.25501807,240.53354764,1,0,0.0,0.0,0.0
2186,131.19,1666.6549537,240.77355783,1,0,0.0,0.0,0.0
2187,131.25,1669.05489015,241.01356802,1,0,0.0,0.0,0.0
2188,131.31,1671.45482742,241.25357821,1,0,0.0,0.0,0.0
2189,131.37,1673.85476553,241.4935884,1,0,0.0,0.0,0.0
2190,131.43,1676.25470445,241.73359859,1,0,0.0,0.0,0.0
2191,131.49,1678.6546442,241.97360878,1,0,0.0,0.0,0.0
2192,131.55,1681.05458478,242.21361897,1,0,0.0,0.0,0.0
2193,131.61,1683.45452618,242.45362916,1,0,0.0,0.0,0.0
2194,131.67,1685.8544684,242.69363935,1,0,0.0,0.0,0.0
2195,131.73,1688.25441145,242.93364954,1,0,0.0,0.0,0.0
2196,131.79,1690.65435532,243.17365973,1,0,0.0,0.0,0.0
2197,131.85,1693.05430002,243.41366992,1,0,0.0,0.0,0.0
2198,131.91,1695.45424555,243.65368011,1,0,0.0,0.0,0.0
2199,131.97,1697.8541919,243.8936903,1,0,0.0,0.0,0.0
2200,132.03,1700.25413907,244.13370049,1,0,0.0,0.0,0.0
2201,132.09,1702.65408707,244.37371068,1,0,0.0,0.0,0.0
2202,132.15,1705.05403589,244.61372087,1,0,0.0,0.0,0.0
2203,132.21,1707.45398554,244.85373106,1,0,0.0,0.0,0.0
2204,132.27,1707.68806926,244.87715458,1,0,0.0,0.0,0.0
2205,132.33,1707.68802056,244.87716477,1,0,0.0,0.0,0.0
2206,132.39,1707.68797268,244.87717496,1,0,0.0,0.0,0.0
2207,132.45,1707.68792563,244.87718515,1,0,0.0,0.0,0.0
2208,132.51,1707.6878794,244.87719534,1,0,0.0,0.0,0.0
2209,132.57,1707.68783399,244.87720553,1,0,0.0,0.0,0.0
2210,132.63,1707.68778941,244.87721572,1,0,0.0,0.0,0.0
2211,132.69,1707.68774566,244.87722591,1,0,0.0,0.0,0.0
2212,132.75,1707.68770273,244.8772361,1,0,0.0,0.0,0.0
2213,132.81,1707.68766063,244.87724629,1,0,0.0,0.0,0.0
2214,132.87,1707.68761934,244.87725648,1,0,0.0,0.0,0.0
2215,132.93,1707.68757889,244.87726667,1,0,0.0,0.0,0.0
2216,132.99,1707.68753926,244.87727686,1,0,0.0,0.0,0.0
2217,133.05,1707.68750045,244.87728705,1,0,0.0,0.0,0.0
2218,133.11,1707.68746247,244.87729724,1,0,0.0,0.0,0.0
2219,133.17,1707.68742531,244.87730743,1,0,0.0,0.0,0.0
2220,133.23,1707.68738898,244.87731762,1,0,0.0,0.0,0.0
2221,133.29,1707.68735348,244.87732781,1,0,0.0,0.0,0.0
2222,133.35,1707.68731879,244.877338,1,0,0.0,0.0,0.0
2223,133.41,1707.68728494,244.87734819,1,0,0.0,0.0,0.0
2224,133.47,1707.6872519,244.87735838,1,0,0.0,0.0,0.0
2225,133.53,1707.68721969,244.87736857,1,0,0.0,0.0,0.0
2226,133.59,1707.68718831,244.87737876,1,0,0.0,0.0,0.0
2227,133.65,1707.68715775,244.87738895,1,0,0.0,0.0,0.0
2228,133.71,1707.68712802,244.87739914,1,0,0.0,0.0,0.0
2229,133.77,1707.68709911,244.87740933,1,0,0.0,0.0,0.0
2230,133.83,1707.68707102,244.87741952,1,0,0.0,0.0,0.0
2231,133.89,1707.68704376,244.87742971,1,0,0.0,0.0,0.0
2232,133.95,1707.68701733,244.8774399,1,0,0.0,0.0,0.0
2233,134.01,1707.68699172,244.87745009,1,0,0.0,0.0,0.0
2234,134.07,1707.68696693,244.87746028,1,0,0.0,0.0,0.0
2235,134.13,1707.68694297,244.87747047,1,0,0.0,0.0,0.0
2236,134.19,1707.68691984,244.87748066,1,0,0.0,0.5,3.0
2237,134.25,1707.68689753,244.87749085,1,0,0.0,1.0,5.0
2238,134.31,1707.68687604,244.87750104,1,0,0.0,1.0,5.0
2239,134.37,1707.68685538,244.87751123,1,0,0.0,1.0,5.0
2240,134.43,1707.68683554,244.87752142,1,0,0.0,1.0,5.0
2241,134.49,1707.68681653,244.87753161,1,0,0.0,1.0,5.0
2242,134.55,1707.68679834,244.87754181,1,0,0.0,1.0,5.0
2243,134.61,1707.68678098,244.877552,1,0,0.0,1.5,7.0
2244,134.67,1707.68676444,244.87756219,1,0,0.0,2.0,8.0
2245,134.73,1707.68674873,244.87757238,1,0,0.0,2.0,8.0
2246,134.79,1707.68673384,244.87758257,1,0,0.0,2.5,8.0
2247,134.85,1707.68671978,244.87759276,1,0,0.0,2.5,8.0
2248,134.91,1707.68670654,244.87760295,1,0,0.0,2.5,8.0
2249,134.97,1707.68669412,244.87761314,1,0,0.0,2.5,8.0
2250,135.03,1707.68668253,244.87762333,1,0,0.0,2.5,8.0
2251,135.09,1707.68667177,244.87763352,1,0,0.0,2.5,8.0
2252,135.15,1707.68666183,244.87764371,1,0,0.0,2.5,8.0
2253,135.21,1707.68665271,244.8776539,1,0,0.0,3.0,9.0
2254,135.27,1707.68664442,244.87766409,1,0,0.0,3.0,9.0
2255,135.33,1707.68663696,244.87767428,1,0,0.0,3.0,9.0
2256,135.39,1707.68663032,244.87768447,1,0,0.0,3.0,9.0
2257,135.45,1707.6866245,244.87769466,1,0,0.0,3.0,9.0
2258,135.51,1685.63579488,282.67262239,2,0,0.0,23.5,52.0
2259,135.57,1669.70716846,281.07977035,2,0,0.0,23.5,52.0
2260,135.63,1659.19176565,280.02824059,2,0,0.0,44.0,54.0
2261,135.69,1650.60653752,279.1544295,2,0,0.0,44.5,55.0
2262,135.75,1642.99032495,278.37642316,2,0,0.0,65.0,55.0
2263,135.81,1636.17484557,277.73127873,2,0,0.0,65.0,55.0
2264,135.87,1630.12402848,274.74169782,2,0,0.0,65.0,55.0
2265,135.93,1624.89377756,272.71594996,2,0,0.0,85.0,56.0
2266,135.99,1620.28035143,271.20630446,2,0,0.0,85.5,54.0
2267,136.05,1615.78939849,269.89736739,2,0,0.0,85.75,54.0
2268,136.11,1611.88739246,268.77988106,2,0,0.0,86.0,54.0
2269,136.17,1608.21321189,267.76127879,2,0,0.0,105.5,53.0
2270,136.23,1604.60007823,266.80780371,2,0,0.0,105.5,53.0
2271,136.29,1601.35313097,265.94498406,2,0,0.0,105.5,53.0
2272,136.35,1598.33436792,265.14536972,2,0,0.0,105.5,53.0
2273,136.41,1595.34941642,264.37905342,2,0,0.0,105.5,53.0
2274,136.47,1592.45557354,263.64638012,2,0,0.0,115.75,54.0
2275,136.53,1589.91833967,262.98498371,2,0,0.0,124.5,54.0
2276,136.59,1587.42196808,262.34508181,2,0,0.0,124.5,54.0
2277,136.65,1584.94445712,261.72426535,2,0,0.0,124.5,54.0
2278,136.71,1582.55941089,261.12905928,2,0,0.0,124.5,54.0
2279,136.77,1580.43805627,260.5840724,2,0,0.0,124.5,54.0
2280,136.83,1578.34366141,260.05303464,2,0,0.0,124.5,54.0
2281,136.89,1576.25906091,259.53535785,2,0,0.0,134.75,55.0
2282,136.95,1574.2024478,259.03015598,2,0,0.0,143.5,55.0
2283,137.01,1572.38235831,258.5682735,2,0,0.0,143.5,55.0
2284,137.07,1570.61027642,258.1208159,2,0,0.0,143.5,55.0
2285,137.13,1568.84428709,257.6829503,2,0,0.0,143.5,55.0
2286,137.19,1567.08664557,257.25483488,2,0,0.0,143.5,55.0
2287,137.25,1565.4135709,256.84487205,2,0,0.0,143.5,55.0
2288,137.31,1563.90040659,256.46491198,2,0,0.0,143.5,55.0
2289,137.37,1562.39975718,256.09335066,2,0,0.0,143.5,55.0
2290,137.43,1560.89938799,255.72924197,2,0,0.0,143.5,55.0
2291,137.49,1559.40472874,255.37294311,2,0,0.0,143.5,55.0
2292,137.55,1557.99713194,255.03422526,2,0,0.0,143.5,55.0
2293,137.61,1556.71247356,254.71961331,2,0,0.0,143.5,55.0
2294,137.67,1555.43477712,254.41169658,2,0,0.0,143.5,55.0
2295,137.73,1554.15363855,254.110121,2,0,0.0,143.5,55.0
2296,137.79,1552.87276864,253.81542287,2,0,0.0,143.5,55.0
2297,137.85,1551.63664284,253.53196718,2,0,0.0,143.5,55.0
2298,137.91,1550.5370173,253.27465484,2,0,0.0,143.5,55.0
2299,137.97,1549.44412908,253.02352563,2,0,0.0,143.5,55.0
2300,138.03,1548.34520923,252.77859213,2,0,0.0,143.5,55.0
2301,138.09,1547.23967743,252.53987901,2,0,0.0,143.5,55.0
2302,138.15,1546.13772446,252.30742619,2,0,0.0,143.5,55.0
2303,138.21,1545.15262852,252.09880693,2,0,0.0,143.5,55.0
2304,138.27,1544.20796054,251.90201597,2,0,0.0,143.5,55.0
2305,138.33,1543.25662466,251.71221231,2,0,0.0,143.5,55.0
2306,138.39,1542.29109033,251.52942367,2,0,0.0,143.5,55.0
2307,138.45,1541.31435676,251.3541577,2,0,0.0,143.5,55.0
2308,138.51,1540.34976899,251.18942665,2,0,0.0,143.5,55.0
2309,138.57,1539.49924097,251.05364628,2,0,0.0,143.5,55.0
2310,138.63,1538.6339261,250.93015905,2,0,0.0,143.5,55.0
2311,138.69,1537.71582837,250.82835407,2,0,0.0,143.5,55.0
2312,138.75,1536.80114434,250.73416061,2,0,0.0,143.5,55.0
2313,138.81,1535.91505145,250.63996715,2,0,0.0,143.5,55.0
2314,138.87,1535.08226851,250.55092344,2,0,0.0,143.5,55.0
2315,138.93,1534.33036031,250.4768924,2,0,0.0,143.5,55.0
2316,138.99,1533.57552192,250.40286136,2,0,0.0,143.5,55.0
2317,139.05,1532.81775332,250.32883033,2,0,0.0,143.5,55.0
2318,139.11,1532.05705453,250.25479929,2,0,0.0,143.5,55.0
2319,139.17,1531.29342555,250.18076826,2,0,0.0,143.5,55.0
2320,139.23,1530.58245354,250.11160474,2,0,0.0,143.5,55.0
2321,139.29,1530.03468548,250.05682794,2,0,0.0,143.5,55.0
2322,139.35,1529.48691741,250.00205113,2,0,0.0,143.5,55.0
2323,139.41,1528.93914935,249.94727433,2,0,0.0,143.5,55.0
2324,139.47,1528.39138129,249.89249752,2,0,0.0,143.5,55.0
2325,139.53,1527.84361322,249.83772071,2,0,0.0,143.5,55.0
2326,139.59,1527.3197506,249.78533445,2,0,0.0,143.5,55.0
2327,139.65,1526.95802444,249.74916183,2,0,0.0,143.5,55.0
2328,139.71,1526.59629827,249.71298922,2,0,0.0,143.5,55.0
2329,139.77,1526.23457211,249.6768166,2,0,0.0,143.5,55.0
2330,139.83,1525.87284594,249.64064398,2,0,0.0,143.5,55.0
2331,139.89,1525.51111977,249.60447137,2,0,0.0,143.5,55.0
2332,139.95,1525.14939361,249.56829875,2,0,0.0,143.5,55.0
2333,140.01,1524.95441826,249.54880122,2,0,0.0,143.5,55.0
2334,140.07,1524.77454615,249.53081401,2,0,0.0,143.5,55.0
2335,140.13,1524.59467404,249.51282679,2,0,0.0,143.5,55.0
2336,140.19,1524.41480193,249.49483958,2,0,0.0,143.5,55.0
2337,140.25,1524.23492982,249.47685237,2,0,0.0,143.5,55.0
2338,140.31,1524.05505771,249.45886516,2,0,0.0,143.5,55.0
2339,140.37,1523.99259452,249.45261884,2,0,0.0,143.5,55.0
2340,140.43,1523.99259452,249.45261884,2,0,0.0,143.5,55.0
2341,140.49,1523.99259452,249.45261884,2,0,0.0,143.5,55.0
2342,140.55,1523.99259452,249.45261884,2,0,0.0,143.5,55.0
2343,140.61,1523.99259452,249.45261884,2,0,0.0,143.5,55.0
2344,140.67,1523.99259452,249.45261884,2,0,0.0,143.5,55.0
2345,140.73,1524.05932144,249.45929153,2,0,0.0,143.5,55.0
2346,140.79,1524.23916168,249.47727556,2,0,0.0,143.5,55.0
2347,140.85,1524.41900193,249.49525958,2,0,0.0,143.5,55.0
2348,140.91,1524.59884217,249.51324361,2,0,0.0,143.5,55.0
2349,140.97,1524.77868241,249.53122763,2,0,0.0,143.5,55.0
2350,141.03,1524.95852266,249.54921166,2,0,0.0,143.5,55.0
2351,141.09,1525.15780749,249.56914014,2,0,0.0,143.5,55.0
2352,141.15,1525.51952366,249.60531176,2,0,0.0,143.5,55.0
2353,141.21,1525.88123983,249.64148337,2,0,0.0,143.5,55.0
2354,141.27,1526.242956,249.67765499,2,0,0.0,143.5,55.0
2355,141.33,1526.60467217,249.71382661,2,0,0.0,143.5,55.0
2356,141.39,1526.96638834,249.74999822,2,0,0.0,143.5,55.0
2357,141.45,1527.32810452,249.78616984,2,0,0.0,143.5,55.0
2358,141.51,1527.85644928,249.83900432,2,0,0.0,143.5,55.0
2359,141.57,1528.40427144,249.89378653,2,0,0.0,143.5,55.0
2360,141.63,1528.9520936,249.94856875,2,0,0.0,143.5,55.0
2361,141.69,1529.49991576,250.00335097,2,0,0.0,143.5,55.0
2362,141.75,1530.04773792,250.05813318,2,0,0.0,143.5,55.0
2363,141.81,1530.59556009,250.1129154,2,0,0.0,143.5,55.0
2364,141.87,1531.29180598,250.18253999,2,0,0.0,143.5,55.0
2365,141.93,1532.03209957,250.25656935,2,0,0.0,143.5,55.0
2366,141.99,1532.77239316,250.33059871,2,0,0.0,143.5,55.0
2367,142.05,1533.51268675,250.40462807,2,0,0.0,143.5,55.0
2368,142.11,1534.25298034,250.47865742,2,0,0.0,143.5,55.0
2369,142.17,1534.99327393,250.55268678,2,0,0.0,143.5,55.0
2370,142.23,1535.88851723,250.64221111,2,0,0.0,143.5,55.0
2371,142.29,1536.83042742,250.73640213,2,0,0.0,143.5,55.0
2372,142.35,1537.77233761,250.83059315,2,0,0.0,143.5,55.0
2373,142.41,1538.71424779,250.92478417,2,0,0.0,143.5,55.0
2374,142.47,1539.65615798,251.01897519,2,0,0.0,143.5,55.0
2375,142.53,1540.59806817,251.11316621,2,0,0.0,143.5,55.0
2376,142.59,1541.73697136,251.22705653,2,0,0.0,143.5,55.0
2377,142.65,1542.89277616,251.34263701,2,0,0.0,143.5,55.0
2378,142.71,1544.04858096,251.45821749,2,0,0.0,143.5,55.0
2379,142.77,1545.20438576,251.57379797,2,0,0.0,143.5,55.0
2380,142.83,1546.36019056,251.68937845,2,0,0.0,143.5,55.0
2381,142.89,1547.57605264,251.81096465,2,0,0.0,143.5,55.0
2382,142.95,1548.96167762,251.94952715,2,0,0.0,143.5,55.0
2383,143.01,1550.34730259,252.08808965,2,0,0.0,143.5,55.0
2384,143.07,1551.73292757,252.22665215,2,0,0.0,143.5,55.0
2385,143.13,1553.11855255,252.36521465,2,0,0.0,143.5,55.0
2386,143.19,1554.50417752,252.50377714,2,0,0.0,143.5,55.0
2387,143.25,1556.09566523,252.66292591,2,0,0.0,143.5,55.0
2388,143.31,1557.73197926,252.82655732,2,0,0.0,143.5,55.0
2389,143.37,1559.36829328,252.99018872,2,0,0.0,143.5,55.0
2390,143.43,1561.00460731,253.15382012,2,0,0.0,143.5,55.0
2391,143.49,1562.64092134,253.31745152,2,0,0.0,143.5,55.0
2392,143.55,1564.45238773,253.49859816,2,0,0.0,143.5,55.0
2393,143.61,1566.36627591,253.68998698,2,0,0.0,143.5,55.0
2394,143.67,1568.28016409,253.8813758,2,0,0.0,143.5,55.0
2395,143.73,1570.19405226,254.07276462,2,0,0.0,143.5,55.0
2396,143.79,1572.10794044,254.26415343,2,0,0.0,143.5,55.0
2397,143.85,1574.24715185,254.47807458,2,0,0.0,143.5,55.0
2398,143.91,1576.4740898,254.70076837,2,0,0.0,143.5,55.0
2399,143.97,1578.70102774,254.92346216,2,0,0.0,143.5,55.0
2400,144.03,1580.92796569,255.14615596,2,0,0.0,143.5,55.0
2401,144.09,1583.19623686,255.37298308,2,0,0.0,143.5,55.0
2402,144.15,1585.78275202,255.63163459,2,0,0.18651515,133.25,54.0
2403,144.21,1588.36926717,255.89028611,2,0,0.18651515,123.0,53.0
2404,144.27,1590.95578232,256.14893762,2,0,0.18651515,123.0,53.0
2405,144.33,1593.54229747,256.40758914,2,0,0.18651515,123.0,53.0
2406,144.39,1596.48513316,256.70187271,2,0,0.54283569,123.0,53.0
2407,144.45,1599.49469589,257.00282898,2,0,0.60956273,123.0,53.0
2408,144.51,1602.50425862,257.30378525,2,0,0.60956273,123.0,53.0
2409,144.57,1605.51382134,257.60474152,2,0,0.60956273,112.75,52.0
2410,144.63,1608.99598629,257.95295802,2,0,1.08216495,102.5,51.0
2411,144.69,1612.51610013,258.3049694,2,0,1.12011383,102.5,51.0
2412,144.75,1616.03621396,258.65698079,2,0,1.12011383,102.5,51.0
2413,144.81,1619.80281863,259.03364125,2,0,1.36660467,102.5,51.0
2414,144.87,1623.95978758,259.44933815,2,0,1.75696895,92.25,50.0
2415,144.93,1628.11675652,259.86503504,2,0,1.75696895,82.0,49.0
2416,144.99,1632.47726136,260.30108553,2,0,1.96050483,82.0,49.0
2417,145.05,1637.46088706,260.7994481,2,0,2.5836257,82.0,49.0
2418,145.11,1642.44451277,261.29781067,2,0,2.5836257,82.0,49.0
2419,145.17,1648.01736288,261.85509568,2,0,3.17285011,61.5,47.0
2420,145.23,1654.1325956,262.46661895,2,0,3.71523272,61.5,47.0
2421,145.29,1660.62380779,263.11574017,2,0,4.09121218,61.5,47.0
2422,145.35,1668.40450464,263.89380985,2,0,5.38069686,41.0,45.0
2423,145.41,1677.18061034,266.44633806,2,0,6.40366519,41.5,48.0
2424,145.47,1687.5489101,268.93625538,2,0,8.11436107,21.0,46.0
2425,145.53,1703.77898845,271.53646913,2,0,14.04195817,10.75,45.0
2426,145.59,1724.80640865,234.44817794,1,0,18.8870742,0.5,3.0
2427,145.65,1724.50793755,235.12681267,1,0,0.0,0.5,3.0
2428,145.71,1724.17645034,235.73704721,1,0,0.0,0.5,3.0
2429,145.77,1723.81621045,236.29937786,1,0,0.0,0.5,3.0
2430,145.83,1723.4303336,236.80731167,1,0,0.0,0.5,3.0
2431,145.89,1723.02131152,237.29036639,1,0,0.0,0.5,3.0
2432,145.95,1722.59160594,237.75391592,1,0,0.0,0.5,3.0
2433,146.01,1722.14296319,238.1808989,1,0,0.0,0.5,3.0
2434,146.07,1721.67693358,238.59756078,1,0,0.0,0.5,3.0
2435,146.13,1721.19531865,238.99352604,1,0,0.0,0.5,3.0
2436,146.19,1720.69902411,239.37453371,1,0,0.0,0.5,3.0
2437,146.25,1720.18971747,239.74378772,1,0,0.0,0.5,3.0
2438,146.31,1719.66810505,240.09682899,1,0,0.0,0.5,3.0
2439,146.37,1719.13563447,240.44273543,1,0,0.0,0.5,3.0
2440,146.43,1718.592924,240.77318539,1,0,0.0,0.5,3.0
2441,146.49,1718.0412685,241.09838481,1,0,0.0,0.5,3.0
2442,146.55,1717.48119302,241.41007894,1,0,0.0,0.5,3.0
2443,146.61,1716.91392595,241.71670007,1,0,0.0,0.5,3.0
2444,146.67,1716.33988251,242.01239723,1,0,0.0,0.5,3.0
2445,146.73,1714.78179579,242.20429364,1,0,0.0,0.5,3.0
2446,146.79,1711.79695075,242.24599358,1,0,0.0,0.5,3.0
2447,146.85,1708.8080672,242.28024046,1,0,0.0,0.5,3.0
2448,146.91,1705.8154284,242.3093988,1,0,0.0,0.5,3.0
2449,146.97,1702.82017016,242.32927947,1,0,0.0,0.5,3.0
2450,147.03,1699.82263828,242.34694483,1,0,0.0,0.5,3.0
2451,147.09,1696.82380976,242.35338048,1,0,0.0,0.5,3.0
2452,147.15,1693.82421905,242.35981613,1,0,0.0,0.5,3.0
2453,147.21,1690.82457299,242.35401847,1,0,0.0,0.5,3.0
2454,147.27,1687.82568807,242.34775102,1,0,0.0,0.5,3.0
2455,147.33,1684.82800927,242.33227862,1,0,0.0,0.5,3.0
2456,147.39,1681.83258121,242.3139188,1,0,0.0,0.5,3.0
2457,147.45,1678.83970236,242.28892029,1,0,0.0,0.5,3.0
2458,147.51,1675.85053365,242.25895003,1,0,0.0,0.5,3.0
2459,147.57,1672.86535074,242.22440865,1,0,0.0,0.5,3.0
2460,147.63,1669.88534267,242.18320437,1,0,0.0,0.5,3.0
2461,147.69,1666.91085635,242.13895066,1,0,0.0,0.5,3.0
2462,147.75,1663.94306187,242.08680464,1,0,0.0,0.5,3.0
2463,147.81,1660.98242825,242.03252245,1,0,0.0,0.5,3.0
2464,147.87,1658.03011518,241.96964453,1,0,0.0,0.5,3.0
2465,147.93,1655.08671704,241.90486258,1,0,0.0,0.5,3.0
2466,147.99,1652.15345003,241.83138025,1,0,0.0,0.5,3.0
2467,148.05,1649.23100102,241.75545984,1,0,0.0,0.5,3.0
2468,148.11,1646.32074768,241.67145155,1,0,0.0,0.5,3.0
2469,148.17,1643.42343953,241.58359117,1,0,0.0,0.5,3.0
2470,148.23,1640.54071221,241.48905848,1,0,0.0,0.5,3.0
2471,148.29,1637.67345391,241.38825572,1,0,0.0,0.5,3.0
2472,148.35,1634.82351462,241.28315382,1,0,0.0,0.5,3.0
2473,148.41,1631.99231079,241.16820565,1,0,0.0,0.5,3.0
2474,148.47,1629.18168336,241.04849121,1,0,0.0,0.5,3.0
2475,148.53,1626.39405511,240.92191684,1,0,0.0,0.5,3.0
2476,148.59,1623.443245,240.87945845,1,0,0.0,0.5,3.0
2477,148.65,1620.2298197,240.97505835,1,0,0.0,0.5,3.0
2478,148.71,1617.04949942,241.06127496,1,0,0.0,0.5,3.0
2479,148.77,1613.90791926,241.13627794,1,0,0.0,0.5,3.0
2480,148.83,1610.81388057,241.19835839,1,0,0.0,0.5,3.0
2481,148.89,1607.78454371,241.24261268,1,0,0.0,0.5,3.0
2482,148.95,1604.87339266,241.25420667,1,0,0.0,0.5,3.0
2483,149.01,1601.99882155,241.25550814,1,0,0.0,0.5,3.0
2484,149.07,1599.12588664,241.25721311,1,0,0.0,0.5,3.0
2485,149.13,1596.25470419,241.25943194,1,0,0.0,0.5,3.0
2486,149.19,1593.38565146,241.26227729,1,0,0.0,0.5,3.0
2487,149.25,1590.51892407,241.2659847,1,0,0.0,0.5,3.0
2488,149.31,1587.65481559,241.26998183,1,0,0.0,0.5,3.0
2489,149.37,1584.79334125,241.27412489,1,0,0.0,0.5,3.0
2490,149.43,1581.93480864,241.28013812,1,0,0.0,0.5,3.0
2491,149.49,1579.07971548,241.28756248,1,0,0.0,0.5,3.0
2492,149.55,1576.22822893,241.29498684,1,0,0.0,0.5,3.0
2493,149.61,1573.380349,241.3024112,1,0,0.0,0.5,3.0
2494,149.67,1570.53635443,241.3132275,1,0,0.0,0.5,3.0
2495,149.73,1567.69693515,241.32527223,1,0,0.0,0.5,3.0
2496,149.79,1564.86213302,241.33731697,1,0,0.0,0.5,3.0
2497,149.85,1562.03201157,241.35056908,1,0,0.0,0.5,3.0
2498,149.91,1559.20702321,241.36720801,1,0,0.0,0.5,3.0
2499,149.97,1556.38762991,241.38547956,1,0,0.0,0.5,3.0
2500,150.03,1553.57410944,241.40514676,1,0,0.0,0.5,3.0
2501,150.09,1550.76655873,241.42627154,1,0,0.0,0.5,3.0
2502,150.15,1547.96562353,241.45244195,1,0,0.0,0.5,3.0
2503,150.21,1545.17159605,241.47902316,1,0,0.0,0.5,3.0
2504,150.27,1542.38474277,241.50931443,1,0,0.0,0.5,3.0
2505,150.33,1539.60563405,241.54376731,1,0,0.0,0.5,3.0
2506,150.39,1536.83472334,241.58131439,1,0,0.0,0.5,3.0
2507,150.45,1534.07224008,241.62218439,1,0,0.0,0.5,3.0
2508,150.51,1531.31901876,241.67005156,1,0,0.0,0.5,3.0
2509,150.57,1528.57537334,241.71987507,1,0,0.0,0.5,3.0
2510,150.63,1525.84190572,241.77829079,1,0,0.0,0.5,3.0
2511,150.69,1523.11936586,241.84251698,1,0,0.0,0.5,3.0
2512,150.75,1520.40832058,241.91341632,1,0,0.0,0.5,3.0
2513,150.81,1517.70974385,241.99545788,1,0,0.0,0.5,3.0
2514,150.87,1515.02434494,242.0886647,1,0,0.0,0.5,3.0
2515,150.93,1512.35333376,242.19017292,1,0,0.0,0.5,3.0
2516,150.99,1509.69786262,242.31490475,1,0,0.0,0.5,3.0
2517,151.05,1507.05928693,242.4571706,1,0,0.0,0.5,3.0
2518,151.11,1504.43949682,242.6228996,1,0,0.0,0.5,3.0
2519,151.17,1501.8407167,242.8265253,1,0,0.0,0.5,3.0
2520,151.23,1499.26603287,243.08472055,1,0,0.0,0.5,3.0
2521,151.29,1496.72019646,243.43114527,1,0,0.0,0.5,3.0
2522,151.35,1494.21166069,243.97532457,1,0,0.0,0.5,3.0
2523,151.41,1491.76993582,245.15557157,1,0,0.03151645,0.0,0.0
2524,151.47,1489.36984757,244.91557384,1,0,0.0,0.0,0.0
2525,151.53,1486.96976036,244.67557611,1,0,0.0,0.0,0.0
2526,151.59,1484.5696742,244.43557839,1,0,0.0,0.0,0.0
2527,151.65,1482.16958908,244.19558066,1,0,0.0,0.0,0.0
2528,151.71,1479.769505,243.95558293,1,0,0.0,0.0,0.0
2529,151.77,1477.36942196,243.7155852,1,0,0.0,0.0,0.0
2530,151.83,1474.96933996,243.47558748,1,0,0.0,0.0,0.0
2531,151.89,1472.56925901,243.23558975,1,0,0.0,0.0,0.0
2532,151.95,1470.1691791,242.99559202,1,0,0.0,0.0,0.0
2533,152.01,1467.76910023,242.75559429,1,0,0.0,0.0,0.0
2534,152.07,1465.3690224,242.51559656,1,0,0.0,0.0,0.0
2535,152.13,1461.84760451,282.16346473,2,0,0.0,0.0,0.0
2536,152.19,1457.04752876,281.683467,2,0,0.0,0.0,0.0
2537,152.25,1452.24745406,281.20346927,2,0,0.0,0.0,0.0
2538,152.31,1447.4473804,280.72347154,2,0,0.0,0.0,0.0
2539,152.37,1442.64730778,280.24347381,2,0,0.0,0.0,0.0
2540,152.43,1437.84723621,279.76347609,2,0,0.0,0.0,0.0
2541,152.49,1433.04716567,279.28347836,2,0,0.0,0.0,0.0
2542,152.55,1428.24709618,278.80348063,2,0,0.0,0.0,0.0
2543,152.61,1423.44702773,278.3234829,2,0,0.0,0.0,0.0
2544,152.67,1418.64696033,277.84348517,2,0,0.0,0.0,0.0
2545,152.73,1413.84689396,277.36348745,2,0,0.0,0.0,0.0
2546,152.79,1409.04682864,276.88348972,2,0,0.0,0.0,0.0
2547,152.85,1404.24676436,276.40349199,2,0,0.0,0.0,0.0
2548,152.91,1399.44670112,275.92349426,2,0,0.0,0.0,0.0
2549,152.97,1394.64663892,275.44349654,2,0,0.0,0.0,0.0
2550,153.03,1389.84657776,274.96349881,2,0,0.0,0.0,0.0
2551,153.09,1385.04651765,274.48350108,2,0,0.0,0.0,0.0
2552,153.15,1380.24645858,274.00350335,2,0,0.0,0.0,0.0
2553,153.21,1375.44640055,273.52350562,2,0,0.0,0.0,0.0
2554,153.27,1370.64634357,273.0435079,2,0,0.0,0.0,0.0
2555,153.33,1365.84628762,272.56351017,2,0,0.0,0.0,0.0
2556,153.39,1361.04623272,272.08351244,2,0,0.0,0.0,0.0
2557,153.45,1356.24617886,271.60351471,2,0,0.0,0.0,0.0
2558,153.51,1351.44612604,271.12351698,2,0,0.0,0.0,0.0
2559,153.57,1346.64607426,270.64351926,2,0,0.0,0.0,0.0
2560,153.63,1341.84602353,270.16352153,2,0,0.0,0.0,0.0
2561,153.69,1337.04597384,269.6835238,2,0,0.0,0.0,0.0
2562,153.75,1332.24592519,269.20352607,2,0,0.0,0.0,0.0
2563,153.81,1327.44587758,268.72352835,2,0,0.0,0.0,0.0
2564,153.87,1322.64583638,268.20321163,2,0,0.0,0.0,0.0
2565,153.93,1317.94801477,265.1719136,2,0,0.0,0.0,0.0
2566,153.99,1313.33537479,263.5791459,2,0,0.0,0.0,0.0
2567,154.05,1308.77633272,262.25809135,2,0,0.0,0.0,0.0
2568,154.11,1304.25921645,261.06128013,2,0,0.0,0.0,0.0
2569,154.17,1299.77723228,259.9498989,2,0,0.0,0.0,0.0
2570,154.23,1295.32577308,258.89962364,2,0,0.0,0.0,0.0
2571,154.29,1290.90128749,257.88872443,2,0,0.0,0.0,0.0
2572,154.35,1286.50078697,256.90706083,2,0,0.0,0.0,0.0
2573,154.41,1282.12187434,255.96341098,2,0,0.0,0.0,0.0
2574,154.47,1277.7628479,255.0410821,2,0,0.0,0.0,0.0
2575,154.53,1273.42159627,254.13410139,2,0,0.0,0.0,0.0
2576,154.59,1269.09683441,253.25538999,2,0,0.0,0.0,0.0
2577,154.65,1264.7870918,252.38312965,2,0,0.0,0.0,0.0
2578,154.71,1260.49097486,251.53387791,2,0,0.0,0.0,0.0
2579,154.77,1256.20757903,250.69100126,2,0,0.0,0.0,0.0
2580,154.83,1251.93548455,249.86509709,2,0,0.0,0.0,0.0
2581,154.89,1247.6740551,249.04592437,2,0,0.0,0.0,0.0
2582,154.95,1243.42193919,248.24072723,2,0,0.0,0.0,0.0
2583,155.01,1239.17862686,247.4412073,2,0,0.0,0.0,0.0
2584,155.07,1234.94286561,246.65458843,2,0,0.0,0.0,0.0
2585,155.13,1230.71418883,245.87178254,2,0,0.0,0.0,0.0
2586,155.19,1226.49147007,245.10204015,2,0,0.0,0.0,0.0
2587,155.25,1222.27420163,244.33381239,2,0,0.0,0.0,0.0
2588,155.31,1218.06144012,243.57956779,2,0,0.0,0.0,0.0
2589,155.37,1213.85253268,242.82532319,2,0,0.0,0.0,0.0
2590,155.43,1209.64680117,242.08448003,2,0,0.0,0.0,0.0
2591,155.49,1205.44336864,241.34460163,2,0,0.0,0.0,0.0
2592,155.55,1201.24180818,240.61471842,2,0,0.0,0.0,0.0
2593,155.61,1197.04106139,239.88828504,2,0,0.0,0.0,0.0
2594,155.67,1192.84085422,239.16873244,2,0,0.0,0.0,0.0
2595,155.73,1188.64004602,238.45500217,2,0,0.0,0.0,0.0
2596,155.79,1184.4383882,237.74538165,2,0,0.0,0.0,0.0
2597,155.85,1180.23477085,237.04374373,2,0,0.0,0.0,0.0
2598,155.91,1176.02884248,236.34385239,2,0,0.0,0.0,0.0
2599,155.97,1171.8196246,235.65382492,2,0,0.0,0.0,0.0
2600,156.03,1167.60655473,234.96379745,2,0,0.0,0.0,0.0
2601,156.09,1163.38885395,234.28484159,2,0,0.0,0.0,0.0
2602,156.15,1159.16569743,233.60604814,2,0,0.0,0.0,0.0
2603,156.21,1154.9364716,232.9366355,2,0,0.0,0.0,0.0
2604,156.27,1150.70013777,232.2687838,2,0,0.0,0.0,0.0
2605,156.33,1146.45614714,231.6092782,2,0,0.0,0.0,0.0
2606,156.39,1142.20331636,230.95215839,2,0,0.0,0.0,0.0
2607,156.45,1137.94106196,230.30307879,2,0,0.0,0.0,0.0
2608,156.51,1133.66810002,229.65656339,2,0,0.0,0.0,0.0
2609,156.57,1129.38370859,229.01857686,2,0,0.0,0.0,0.0
2610,156.63,1125.08655925,228.38258742,2,0,0.0,0.0,0.0
2611,156.69,1120.77561849,227.75653995,2,0,0.0,0.0,0.0
2612,156.75,1116.44961544,227.13289159,2,0,0.0,0.0,0.0
2613,156.81,1112.10694369,226.51799576,2,0,0.0,0.0,0.0
2614,156.87,1107.74638996,225.90845245,2,0,0.0,0.0,0.0
2615,156.93,1103.36582484,225.30422158,2,0,0.0,0.0,0.0
2616,156.99,1098.9634264,224.71019199,2,0,0.0,0.0,0.0
2617,157.05,1094.53686591,224.12233957,2,0,0.0,0.0,0.0
2618,157.11,1090.08309598,223.54213315,2,0,0.0,0.0,0.0
2619,157.17,1085.5984629,222.97120619,2,0,0.0,0.0,0.0
2620,157.23,1057.1050361,260.01411267,3,0,0.0,0.0,0.0
2621,157.29,1028.3169027,257.04484843,3,0,0.0,0.0,0.0
2622,157.35,1007.77574222,254.92112088,3,0,0.0,0.0,0.0
2623,157.41,991.49626362,253.25805069,3,0,0.0,0.0,0.0
2624,157.47,976.18137909,251.72656291,3,0,0.0,0.0,0.0
2625,157.53,961.68086488,250.27651206,3,0,0.0,0.0,0.0
2626,157.59,949.10031898,249.01845794,3,0,0.0,0.0,0.0
2627,157.65,936.51977413,247.76040382,3,0,0.0,0.0,0.0
2628,157.71,923.93923031,246.50234969,3,0,0.0,0.0,0.0
2629,157.77,912.98542019,245.40696884,3,0,0.0,0.0,0.0
2630,157.83,902.07033477,244.31546035,3,0,0.0,0.0,0.0
2631,157.89,891.15525039,243.22395186,3,0,0.0,0.0,0.0
2632,157.95,880.24016706,242.13244336,3,0,0.0,0.0,0.0
2633,158.01,870.29853418,241.13827982,3,0,0.0,0.0,0.0
2634,158.07,860.51486535,240.15991257,3,0,0.0,0.0,0.0
2635,158.13,850.73119757,239.18154532,3,0,0.0,0.0,0.0
2636,158.19,840.94753083,238.20317807,3,0,0.0,0.0,0.0
2637,158.25,831.16386513,237.22481082,3,0,0.0,0.0,0.0
2638,158.31,822.18649584,236.32678846,3,0,0.0,0.0,0.0
2639,158.37,813.23214992,235.43110145,3,0,0.0,0.0,0.0
2640,158.43,804.27738505,234.53541444,3,0,0.0,0.0,0.0
2641,158.49,795.32220124,233.63972743,3,0,0.0,0.0,0.0
2642,158.55,786.36659847,232.74404041,3,0,0.0,0.0,0.0
2643,158.61,777.58920673,230.60199299,3,0,0.0,0.0,0.0
2644,158.67,769.37491935,228.10194388,3,0,0.0,0.0,0.0
2645,158.73,761.2889786,226.24954944,3,0,0.0,0.0,0.0
2646,158.79,753.27565496,224.61762391,3,0,0.0,0.0,0.0
2647,158.85,745.31253263,223.09972823,3,0,0.0,0.0,0.0
2648,158.91,737.40530329,221.66944574,3,0,0.0,0.0,0.0
2649,158.97,729.57557929,220.293074,3,0,0.0,0.0,0.0
2650,159.03,722.11349356,219.01504037,3,0,0.0,0.0,0.0
2651,159.09,714.71519114,217.77340116,3,0,0.0,0.0,0.0
2652,159.15,707.35184362,216.56195545,3,0,0.0,0.0,0.0
2653,159.21,700.00942232,215.37616587,3,0,0.0,0.0,0.0
2654,159.27,692.68649399,214.21520003,3,0,0.0,0.0,0.0
2655,159.33,685.3907649,213.07457617,3,0,0.0,0.0,0.0
2656,159.39,678.13945227,211.95058915,3,0,0.0,0.0,0.0
2657,159.45,671.165683,210.88257228,3,0,0.0,0.0,0.0
2658,159.51,664.23887549,209.83363408,3,0,0.0,0.0,0.0
2659,159.57,657.3320752,208.79776765,3,0,0.0,0.0,0.0
2660,159.63,650.43484902,207.77412379,3,0,0.0,0.0,0.0
2661,159.69,643.54373275,206.76263838,3,0,0.0,0.0,0.0
2662,159.75,636.66260455,205.76008725,3,0,0.0,0.0,0.0
2663,159.81,629.80017387,204.77036225,3,0,0.0,0.0,0.0
2664,159.87,623.72933197,163.87149678,2,0,0.0,0.0,0.0
2665,159.93,619.44419793,163.16686799,2,0,0.0,0.0,0.0
2666,159.99,615.17788873,162.47093944,2,0,0.0,0.0,0.0
2667,160.05,610.91963114,161.78567209,2,0,0.0,0.0,0.0
2668,160.11,606.66259033,161.10715647,2,0,0.0,0.0,0.0
2669,160.17,602.40419705,160.43548702,2,0,0.0,0.0,0.0
2670,160.23,598.1474589,159.7734034,2,0,0.0,0.0,0.0
2671,160.29,593.89784566,159.11828539,2,0,0.0,0.0,0.0
2672,160.35,589.66732696,158.47000897,2,0,0.0,0.0,0.0
2673,160.41,585.47404063,157.84381342,2,0,0.0,0.0,0.0
2674,160.47,581.29583919,157.22603604,2,0,0.0,0.0,0.0
2675,160.53,577.12080689,156.61434741,2,0,0.0,0.0,0.0
2676,160.59,572.94218187,156.00893698,2,0,0.0,0.0,0.0
2677,160.65,568.75523653,155.41001641,2,0,0.0,0.0,0.0
2678,160.71,564.56064144,154.8181529,2,0,0.0,0.0,0.0
2679,160.77,560.36164557,154.23355479,2,0,0.0,0.0,0.0
2680,160.83,556.16339855,153.65555033,2,0,0.0,0.0,0.0
2681,160.89,551.97822382,153.08756665,2,0,0.0,0.0,0.0
2682,160.95,547.8161425,152.53716406,2,0,0.0,0.0,0.0
2683,161.01,543.65634987,151.99391993,2,0,0.0,0.0,0.0
2684,161.07,539.4888409,151.45836712,2,0,0.0,0.0,0.0
2685,161.13,535.30669761,150.93137503,2,0,0.0,0.0,0.0
2686,161.19,531.10405069,150.41250156,2,0,0.0,0.0,0.0
2687,161.25,526.87908939,149.90333319,2,0,0.0,0.0,0.0
2688,161.31,522.64230032,148.21593728,2,0,0.0,0.0,0.0
2689,161.37,518.48511633,146.30830617,2,0,0.0,0.0,0.0
2690,161.43,514.35229156,144.93315453,2,0,0.0,0.0,0.0
2691,161.49,510.28285261,143.78115608,2,0,0.0,0.0,0.0
2692,161.55,506.24905797,142.73189658,2,0,0.0,0.0,0.0
2693,161.61,502.2444317,141.7467712,2,0,0.0,0.0,0.0
2694,161.67,498.26492271,140.80962991,2,0,0.0,0.0,0.0
2695,161.73,494.30745658,139.91532073,2,0,0.0,0.0,0.0
2696,161.79,490.36954147,139.04888121,2,0,0.0,0.0,0.0
2697,161.85,486.44900001,138.20459589,2,0,0.0,0.0,0.0
2698,161.91,482.54388474,137.37933629,2,0,0.0,0.0,0.0
2699,161.97,478.65267839,136.57995279,2,0,0.0,0.0,0.0
2700,162.03,475.93486765,95.90859619,1,0,0.0,0.0,0.0
2701,162.09,474.58320452,95.38490396,1,0,0.0,0.0,0.0
2702,162.15,473.24151466,94.88019448,1,0,0.0,0.0,0.0
2703,162.21,471.90863664,94.38280576,1,0,0.0,0.0,0.0
2704,162.27,470.58331353,93.89839855,1,0,0.0,0.0,0.0
2705,162.33,469.26477685,93.42475081,1,0,0.0,0.0,0.0
2706,162.39,467.95180723,92.95721051,1,0,0.0,0.0,0.0
2707,162.45,466.64359333,92.50417151,1,0,0.0,0.0,0.0
2708,162.51,465.3392039,92.05505736,1,0,0.0,0.0,0.0
2709,162.57,464.03760354,91.61738543,1,0,0.0,0.0,0.0
2710,162.63,462.73978345,91.1859542,1,0,0.0,0.0,0.0
2711,162.69,461.54823321,90.77242119,1,0,0.0,0.0,0.0
2712,162.75,460.35708196,90.36765718,1,0,0.0,0.0,0.0
2713,162.81,459.16524198,89.96682393,1,0,0.0,0.0,0.0
2714,162.87,457.97197852,89.57722871,1,0,0.0,0.0,0.0
2715,162.93,456.77639931,89.19055276,1,0,0.0,0.0,0.0
2716,162.99,455.57749363,88.81342446,1,0,0.0,0.0,0.0
2717,163.05,454.37457516,88.44130202,1,0,0.0,0.0,0.0
2718,163.11,453.16644595,88.07540609,1,0,0.0,0.0,0.0
2719,163.17,451.95239908,87.71763887,1,0,0.0,0.0,0.0
2720,163.23,450.73127649,87.363534,1,0,0.0,0.0,0.0
2721,163.29,449.55514288,87.02462842,1,0,0.0,0.0,0.0
2722,163.35,448.41761128,86.69540629,1,0,0.0,0.0,0.0
2723,163.41,447.26958589,86.37186696,1,0,0.0,0.0,0.0
2724,163.47,446.10996276,86.0578674,1,0,0.0,0.0,0.0
2725,163.53,444.9373599,85.74920667,1,0,0.0,0.0,0.0
2726,163.59,443.75011125,85.44671708,1,0,0.0,0.0,0.0
2727,163.65,442.5465964,85.15475066,1,0,0.0,0.0,0.0
2728,163.71,441.32493725,84.86986254,1,0,0.0,0.0,0.0
2729,163.77,440.08279633,84.59306745,1,0,0.0,0.0,0.0
2730,163.83,438.81742464,84.32551007,1,0,0.0,0.0,0.0
2731,163.89,437.52541217,84.06848491,1,0,0.0,0.0,0.0
2732,163.95,436.27541373,83.83073967,1,0,0.0,0.0,0.0
2733,164.01,435.01069911,83.60887955,1,0,0.0,0.0,0.0
2734,164.07,433.69702906,83.40440087,1,0,0.0,0.0,0.0
2735,164.13,432.29813722,83.22981372,1,0,0.0,0.0,0.0
2736,164.19,430.82423037,83.08242304,1,0,0.0,0.0,0.0
2737,164.25,429.35032352,82.93503235,1,0,0.0,0.0,0.0
2738,164.31,427.87641667,82.78764167,1,0,0.0,0.0,0.0
2739,164.37,426.40250982,82.64025098,1,0,0.0,0.0,0.0
2740,164.43,424.92860296,82.4928603,1,0,0.0,0.0,0.0
2741,164.49,423.45469611,82.34546961,1,0,0.0,0.0,0.0
2742,164.55,421.98078926,82.19807893,1,0,0.0,0.0,0.0
2743,164.61,420.57905524,82.05790552,1,0,0.0,0.0,0.0
2744,164.67,419.1981914,81.91981914,1,0,0.0,0.0,0.0
2745,164.73,417.81732756,81.78173276,1,0,0.0,0.0,0.0
2746,164.79,416.43646372,81.64364637,1,0,0.0,0.0,0.0
2747,164.85,415.05559988,81.50555999,1,0,0.0,0.0,0.0
2748,164.91,413.67473604,81.3674736,1,0,0.0,0.0,0.0
2749,164.97,412.2938722,81.22938722,1,0,0.0,0.0,0.0
2750,165.03,410.91300837,81.09130084,1,0,0.0,0.0,0.0
2751,165.09,409.53214453,80.95321445,1,0,0.0,0.0,0.0
2752,165.15,408.15128069,80.81512807,1,0,0.0,0.0,0.0
2753,165.21,406.77041685,80.67704168,1,0,0.0,0.0,0.0
2754,165.27,405.44723642,80.54472364,1,0,0.0,0.0,0.0
2755,165.33,404.15730436,80.41573044,1,0,0.0,0.0,0.0
2756,165.39,402.8673723,80.28673723,1,0,0.0,0.0,0.0
2757,165.45,401.57744024,80.15774402,1,0,0.0,0.0,0.0
2758,165.51,400.28750819,80.02875082,1,0,0.0,0.0,0.0
2759,165.57,398.99757613,79.89975761,1,0,0.0,0.0,0.0
2760,165.63,397.70764407,79.77076441,1,0,0.0,0.0,0.0
2761,165.69,396.41771201,79.6417712,1,0,0.0,0.0,0.0
2762,165.75,395.12777995,79.512778,1,0,0.0,0.0,0.0
2763,165.81,393.83784789,79.38378479,1,0,0.0,0.0,0.0
2764,165.87,392.54791583,79.25479158,1,0,0.0,0.0,0.0
2765,165.93,391.29384024,79.12938402,1,0,0.0,0.0,0.0
2766,165.99,390.09384024,79.00938402,1,0,0.0,0.0,0.0
2767,166.05,388.89384024,78.88938402,1,0,0.0,0.0,0.0
2768,166.11,387.69384024,78.76938402,1,0,0.0,0.0,0.0
2769,166.17,386.49384024,78.64938402,1,0,0.0,0.0,0.0
2770,166.23,385.29384024,78.52938402,1,0,0.0,0.0,0.0
2771,166.29,384.09384024,78.40938402,1,0,0.0,0.0,0.0
2772,166.35,382.89384024,78.28938402,1,0,0.0,0.0,0.0
2773,166.41,381.69384024,78.16938402,1,0,0.0,0.0,0.0
2774,166.47,380.49384024,78.04938402,1,0,0.0,0.0,0.0
2775,166.53,379.29384024,77.92938402,1,0,0.0,0.0,0.0
2776,166.59,378.10566555,77.81056656,1,0,0.0,0.0,0.0
2777,166.65,376.91300081,80.11814789,1,0,0.0,0.0,0.0
2778,166.71,375.62408355,81.15745057,1,0,0.0,0.0,0.0
2779,166.77,374.2792936,81.92206724,1,0,0.0,0.0,0.0
2780,166.83,372.8913839,82.53862676,1,0,0.0,0.0,0.0
2781,166.89,371.46755459,83.06580465,1,0,0.0,0.0,0.0
2782,166.95,370.01266263,83.53419708,1,0,0.0,0.0,0.0
2783,167.01,368.5304179,83.96129315,1,0,0.0,0.0,0.0
2784,167.07,367.02390259,84.35779189,1,0,0.0,0.0,0.0
2785,167.13,365.49539725,84.71042163,1,0,0.0,0.0,0.0
2786,167.19,363.94681447,85.04658058,1,0,0.0,0.0,0.0
2787,167.25,362.3802763,85.36255662,1,0,0.0,0.0,0.0
2788,167.31,360.87841603,85.6625083,1,0,0.0,0.0,0.0
2789,167.37,359.37095269,85.9563887,1,0,0.0,0.0,0.0
2790,167.43,357.84959113,86.22372548,1,0,0.0,0.0,0.0
2791,167.49,356.31545424,86.48777141,1,0,0.0,0.0,0.0
2792,167.55,354.76980427,86.73176423,1,0,0.0,0.0,0.0
2793,167.61,353.21342604,86.97176099,1,0,0.0,0.0,0.0
2794,167.67,351.64755131,87.19504893,1,0,0.0,0.0,0.0
2795,167.73,350.07281824,87.41511253,1,0,0.0,0.0,0.0
2796,167.79,348.49035838,87.61982164,1,0,0.0,0.0,0.0
2797,167.85,346.9007797,87.82294504,1,0,0.0,0.0,0.0
2798,167.91,345.30505898,88.01077495,1,0,0.0,0.0,0.0
2799,167.97,343.77406629,88.20562334,1,0,0.0,0.0,0.0
2800,168.03,342.26122281,88.38779174,1,0,0.0,0.0,0.0
2801,168.09,340.74452543,88.56942854,1,0,0.0,0.0,0.0
2802,168.15,339.22447478,88.73956232,1,0,0.0,0.0,0.0
2803,168.21,337.70209871,88.9068341,1,0,0.0,0.0,0.0
2804,168.27,336.17771454,89.06588556,1,0,0.0,0.0,0.0
2805,168.33,334.65245249,89.21971176,1,0,0.0,0.0,0.0
2806,168.39,333.12655612,89.36833496,1,0,0.0,0.0,0.0
2807,168.45,331.60115626,89.50945793,1,0,0.0,0.0,0.0
2808,168.51,330.07655172,89.64806734,1,0,0.0,0.0,0.0
2809,168.57,328.55376086,89.77709858,1,0,0.0,0.0,0.0
2810,168.63,327.10732513,89.91332225,1,0,0.0,0.0,0.0
2811,168.69,325.68616077,90.04036507,1,0,0.0,0.0,0.0
2812,168.75,324.26884951,90.16740789,1,0,0.0,0.0,0.0
2813,168.81,322.85597556,90.28486302,1,0,0.0,0.0,0.0
2814,168.87,321.44854124,90.40067318,1,0,0.0,0.0,0.0
2815,168.93,320.04700275,90.50854735,1,0,0.0,0.0,0.0
2816,168.99,318.65252717,90.61341596,1,0,0.0,0.0,0.0
2817,169.05,317.26554405,90.71135454,1,0,0.0,0.0,0.0
2818,169.11,315.88733531,90.80548912,1,0,0.0,0.0,0.0
2819,169.17,314.51837965,90.8929852,1,0,0.0,0.0,0.0
2820,169.23,313.16035409,90.97654768,1,0,0.0,0.0,0.0
2821,169.29,311.91409248,91.06302189,1,0,0.0,0.0,0.0
2822,169.35,310.68052175,91.14610734,1,0,0.0,0.0,0.0
2823,169.41,309.46048464,91.22064379,1,0,0.0,0.0,0.0
2824,169.47,308.25543982,91.29278842,1,0,0.0,0.0,0.0
2825,169.53,307.0667697,91.3547852,1,0,0.0,0.0,0.0
2826,169.59,305.89581876,91.41283661,1,0,0.0,0.0,0.0
2827,169.65,304.74466908,91.46416447,1,0,0.0,0.0,0.0
2828,169.71,303.61497199,91.50671785,1,0,0.0,0.0,0.0
2829,169.77,302.50915673,91.54312095,1,0,0.0,0.0,0.0
2830,169.83,301.43017631,91.57191043,1,0,0.0,0.0,0.0
2831,169.89,300.43652906,91.59573514,1,0,0.0,0.0,0.0
2832,169.95,299.52964591,91.61451647,1,0,0.0,0.0,0.0
2833,170.01,298.66430517,91.62197245,1,0,0.0,0.0,0.0
2834,170.07,297.85171979,91.61297877,1,0,0.0,0.0,0.0
2835,170.13,297.12057463,91.58238635,1,0,0.0,0.0,0.0
2836,170.19,296.49770247,91.52051396,1,0,0.0,0.0,0.0
2837,170.25,295.87559992,91.4583037,1,0,0.0,0.0,0.0
2838,170.31,295.25349737,91.39609345,1,0,0.0,0.0,0.0
2839,170.37,294.63139482,91.33388319,1,0,0.0,0.0,0.0
2840,170.43,294.00929227,91.27167294,1,0,0.0,0.0,0.0
2841,170.49,293.42893675,91.21363739,1,0,0.0,0.0,0.0
2842,170.55,292.92175309,91.16291902,1,0,0.0,0.0,0.0
2843,170.61,292.41456942,91.11220065,1,0,0.0,0.0,0.0
2844,170.67,291.90738576,91.06148229,1,0,0.0,0.0,0.0
2845,170.73,291.4002021,91.01076392,1,0,0.0,0.0,0.0
2846,170.79,290.89301843,90.96004555,1,0,0.0,0.0,0.0
2847,170.85,290.38583477,90.90932719,1,0,0.0,0.0,0.0
2848,170.91,289.8786511,90.85860882,1,0,0.0,0.0,0.0
2849,170.97,289.37146744,90.80789045,1,0,0.0,0.0,0.0
2850,171.03,288.86428377,90.75717209,1,0,0.0,0.0,0.0
2851,171.09,288.43299519,90.71404323,1,0,0.0,0.0,0.0
2852,171.15,288.05114909,90.67585862,1,0,0.0,0.0,0.0
2853,171.21,287.66930299,90.63767401,1,0,0.0,0.0,0.0
2854,171.27,287.28745688,90.5994894,1,0,0.0,0.0,0.0
2855,171.33,286.90561078,90.56130479,1,0,0.0,0.0,0.0
2856,171.39,286.52376468,90.52312018,1,0,0.0,0.0,0.0
2857,171.45,286.14191857,90.48493557,1,0,0.0,0.0,0.0
2858,171.51,285.76007247,90.44675096,1,0,0.0,0.0,0.0
2859,171.57,285.37822637,90.40856635,1,0,0.0,0.0,0.0
2860,171.63,285.03749399,90.37449311,1,0,0.0,0.0,0.0
2861,171.69,284.79446377,90.35019009,1,0,0.0,0.0,0.0
2862,171.75,284.55143355,90.32588707,1,0,0.0,0.0,0.0
2863,171.81,284.30840332,90.30158404,1,0,0.0,0.0,0.0
2864,171.87,284.0653731,90.27728102,1,0,0.0,0.0,0.0
2865,171.93,283.82234288,90.252978,1,0,0.0,0.0,0.0
2866,171.99,283.57931266,90.22867498,1,0,0.0,0.0,0.0
2867,172.05,283.33628243,90.20437195,1,0,0.0,0.0,0.0
2868,172.11,283.09325221,90.18006893,1,0,0.0,0.0,0.0
2869,172.17,282.92642806,90.16338652,1,0,0.0,0.0,0.0
2870,172.23,282.83984601,90.15472831,1,0,0.0,0.0,0.0
2871,172.29,282.75326397,90.14607011,1,0,0.0,0.0,0.0
2872,172.35,282.66668192,90.1374119,1,0,0.0,0.0,0.0
2873,172.41,282.58009987,90.1287537,1,0,0.0,0.0,0.0
2874,172.47,282.49351783,90.12009549,1,0,0.0,0.0,0.0
2875,172.53,282.40693578,90.11143729,1,0,0.0,0.0,0.0
2876,172.59,282.32035373,90.10277908,1,0,0.0,0.0,0.0
2877,172.65,281.70749774,90.04149348,1,0,0.0,0.0,0.0
2878,172.71,279.30749774,89.80149348,1,0,0.0,0.0,0.0
2879,172.77,276.90749774,89.56149348,1,0,0.0,0.0,0.0
2880,172.83,274.50749774,89.32149348,1,0,0.0,0.0,0.0
2881,172.89,272.10749774,89.08149348,1,0,0.0,0.0,0.0
2882,172.95,269.70749774,88.84149348,1,0,0.0,0.0,0.0
2883,173.01,267.30749774,88.60149348,1,0,0.0,0.0,0.0
2884,173.07,264.90749774,88.36149348,1,0,0.0,0.0,0.0
2885,173.13,262.50749774,88.12149348,1,0,0.0,0.0,0.0
2886,173.19,260.10749774,87.88149348,1,0,0.0,0.0,0.0
2887,173.25,257.70749774,87.64149348,1,0,0.0,0.0,0.0
2888,173.31,255.30749774,87.40149348,1,0,0.0,0.0,0.0
2889,173.37,252.90749774,87.16149348,1,0,0.0,0.0,0.0
2890,173.43,250.50749774,86.92149348,1,0,0.0,0.0,0.0
2891,173.49,248.10749774,86.68149348,1,0,0.0,0.0,0.0
2892,173.55,245.70749774,86.44149348,1,0,0.0,0.0,0.0
2893,173.61,243.30749774,86.20149348,1,0,0.0,0.0,0.0
2894,173.67,240.90749774,85.96149348,1,0,0.0,0.0,0.0
2895,173.73,238.50749774,85.72149348,1,0,0.0,0.0,0.0
2896,173.79,236.10749774,85.48149348,1,0,0.0,0.0,0.0
2897,173.85,233.70749774,85.24149348,1,0,0.0,0.0,0.0
2898,173.91,231.30749774,85.00149348,1,0,0.0,0.0,0.0
2899,173.97,228.90749774,84.76149348,1,0,0.0,0.0,0.0
2900,174.03,226.50749774,84.52149348,1,0,0.0,0.0,0.0
2901,174.09,224.10749774,84.28149348,1,0,0.0,0.0,0.0
2902,174.15,221.70749774,84.04149348,1,0,0.0,0.0,0.0
2903,174.21,219.30749774,83.80149348,1,0,0.0,0.0,0.0
2904,174.27,216.90749774,83.56149348,1,0,0.0,0.0,0.0
2905,174.33,214.50749774,83.32149348,1,0,0.0,0.0,0.0
2906,174.39,212.10749774,83.08149348,1,0,0.0,0.0,0.0
2907,174.45,209.70749774,82.84149348,1,0,0.0,0.0,0.0
2908,174.51,207.30749774,82.60149348,1,0,0.0,0.0,0.0
2909,174.57,204.90749774,82.36149348,1,0,0.0,0.0,0.0
2910,174.63,202.50749774,82.12149348,1,0,0.0,0.0,0.0
2911,174.69,200.10749774,81.88149348,1,0,0.0,0.0,0.0
2912,174.75,197.70749774,81.64149348,1,0,0.0,0.0,0.0
2913,174.81,195.30749774,81.40149348,1,0,0.0,0.0,0.0
2914,174.87,192.90749774,81.16149348,1,0,0.0,0.0,0.0
2915,174.93,190.50749774,80.92149348,1,0,0.0,0.0,0.0
2916,174.99,188.10749774,80.68149348,1,0,0.0,0.0,0.0
2917,175.05,185.70749774,80.44149348,1,0,0.0,0.0,0.0
2918,175.11,183.33761025,78.48327158,1,0,0.0,0.0,0.0
2919,175.17,181.08577258,76.82497317,1,0,0.0,0.0,0.0
2920,175.23,178.89900475,75.63345484,1,0,0.0,0.0,0.0
2921,175.29,176.75973156,74.61360039,1,0,0.0,0.0,0.0
2922,175.35,174.65909877,73.6972657,1,0,0.0,0.0,0.0
2923,175.41,172.59136535,72.84876286,1,0,0.0,0.0,0.0
2924,175.47,170.55230103,72.04769643,1,0,0.0,0.0,0.0
2925,175.53,168.53877586,71.29986461,1,0,0.0,0.0,0.0
2926,175.59,166.54834848,70.57793217,1,0,0.0,0.0,0.0
2927,175.65,164.57856687,69.87532202,1,0,0.0,0.0,0.0
2928,175.71,162.62765141,69.20833904,1,0,0.0,0.0,0.0
2929,175.77,160.69410109,68.5524574,1,0,0.0,0.0,0.0
2930,175.83,158.77609522,67.9164875,1,0,0.0,0.0,0.0
2931,175.89,156.87273692,67.29615456,1,0,0.0,0.0,0.0
2932,175.95,154.98236637,66.68690416,1,0,0.0,0.0,0.0
2933,176.01,153.10426513,66.09445245,1,0,0.0,0.0,0.0
2934,176.07,151.23700703,65.50854601,1,0,0.0,0.0,0.0
2935,176.13,149.37995294,64.93861639,1,0,0.0,0.0,0.0
2936,176.19,147.53183265,64.37341484,1,0,0.0,0.0,0.0
2937,176.25,145.69209969,63.82218815,1,0,0.0,0.0,0.0
2938,176.31,143.85954691,63.27556542,1,0,0.0,0.0,0.0
2939,176.37,142.03374273,62.74029545,1,0,0.0,0.0,0.0
2940,176.43,140.21348484,62.21055193,1,0,0.0,0.0,0.0
2941,176.49,138.39844615,61.68924428,1,0,0.0,0.0,0.0
2942,176.55,136.58742691,61.17499816,1,0,0.0,0.0,0.0
2943,176.61,134.78014845,60.66620227,1,0,0.0,0.0,0.0
2944,176.67,132.97546458,60.16632118,1,0,0.0,0.0,0.0
2945,176.73,131.17304751,59.66899503,1,0,0.0,0.0,0.0
2946,176.79,129.37189527,59.18255952,1,0,0.0,0.0,0.0
2947,176.85,127.57150521,58.696124,1,0,0.0,0.0,0.0
2948,176.91,125.77113297,58.22224213,1,0,0.0,0.0,0.0
2949,176.97,123.96999863,57.74850984,1,0,0.0,0.0,0.0
2950,177.03,122.16762817,57.28428792,1,0,0.0,0.0,0.0
2951,177.09,120.36299825,56.82264737,1,0,0.0,0.0,0.0
2952,177.15,118.55579613,56.36793929,1,0,0.0,0.0,0.0
2953,177.21,116.74486746,55.91791012,1,0,0.0,0.0,0.0
2954,177.27,114.92993589,55.4727357,1,0,0.0,0.0,0.0
2955,177.33,113.10980602,55.03393919,1,0,0.0,0.0,0.0
2956,177.39,111.28414223,54.59846838,1,0,0.0,0.0,0.0
2957,177.45,109.45175689,54.17061343,1,0,0.0,0.0,0.0
2958,177.51,107.61220143,53.74516565,1,0,0.0,0.0,0.0
2959,177.57,105.76429039,53.32804473,1,0,0.0,0.0,0.0
2960,177.63,103.90745512,52.91309512,1,0,0.0,0.0,0.0
2961,177.69,102.04045049,52.50657611,1,0,0.0,0.0,0.0
2962,177.75,100.16261557,52.10276164,1,0,0.0,0.0,0.0
2963,177.81,98.27254589,51.70677299,1,0,0.0,0.0,0.0
2964,177.87,96.36950909,51.3149008,1,0,0.0,0.0,0.0
2965,177.93,94.45185651,50.92943179,1,0,0.0,0.0,0.0
2966,177.99,92.51869714,50.55049964,1,0,0.0,0.0,0.0
2967,178.05,90.56819439,50.17559965,1,0,0.0,0.0,0.0
2968,178.11,88.59888918,49.81081853,1,0,0.0,0.0,0.0
2969,178.17,86.60897091,49.45080803,1,0,0.0,0.0,0.0
2970,178.23,84.59600092,49.09738466,1,0,0.0,0.0,0.0
2971,178.29,82.55758161,48.75443629,1,0,0.0,0.0,0.0
2972,178.35,80.49057241,48.41923024,1,0,0.0,0.0,0.0
2973,178.41,78.39077234,48.09341564,1,0,0.0,0.0,0.0
2974,178.47,76.25249056,47.77882078,1,0,0.0,0.0,0.0
2975,178.53,74.0669741,47.47745313,1,0,0.0,0.0,0.0
2976,178.59,71.81706351,47.19476129,1,0,0.0,0.0,0.0
2977,178.65,69.44961669,46.94496167,1,0,0.0,0.0,0.0
2978,178.71,67.04961669,46.70496167,1,0,0.0,0.0,0.0
2979,178.77,64.64961669,46.46496167,1,0,0.0,0.0,0.0
2980,178.83,62.24961669,46.22496167,1,0,0.0,0.0,0.0
2981,178.89,59.84961669,45.98496167,1,0,0.0,0.0,0.0
2982,178.95,57.44961669,45.74496167,1,0,0.0,0.0,0.0
2983,179.01,55.04961669,45.50496167,1,0,0.0,0.0,0.0
2984,179.07,52.64961669,45.26496167,1,0,0.0,0.0,0.0
2985,179.13,50.24961669,45.02496167,1,0,0.0,0.0,0.0
2986,179.19,47.84961669,44.78496167,1,0,0.0,0.0,0.0
2987,179.25,45.44961669,44.54496167,1,0,0.0,0.0,0.0
2988,179.31,43.04961669,44.30496167,1,0,0.0,0.0,0.0
2989,179.37,40.64961669,44.06496167,1,0,0.0,0.0,0.0
2990,179.43,38.24961669,43.82496167,1,0,0.0,0.0,0.0
2991,179.49,35.84961669,43.58496167,1,0,0.0,0.0,0.0
2992,179.55,33.44961669,43.34496167,1,0,0.0,0.0,0.0
2993,179.61,31.04961669,43.10496167,1,0,0.0,0.0,0.0
2994,179.67,28.64961669,42.86496167,1,0,0.0,0.0,0.0
2995,179.73,26.24961669,42.62496167,1,0,0.0,0.0,0.0
2996,179.79,23.84961669,42.38496167,1,0,0.0,0.0,0.0
2997,179.85,21.44961669,42.14496167,1,0,0.0,0.0,0.0
2998,179.91,19.04961669,41.90496167,1,0,0.0,0.0,0.0
2999,179.97,16.64961669,41.66496167,1,0,0.0,0.0,0.0
3000,180.03,14.24961669,41.42496167,1,0,0.0,0.0,0.0
3001,180.09,11.84961669,41.18496167,1,0,0.0,0.0,0.0
3002,180.15,9.44961669,40.94496167,1,0,0.0,0.0,0.0
3003,180.21,7.04961669,40.70496167,1,0,0.0,0.0,0.0
3004,180.27,4.64961669,40.46496167,1,0,0.0,0.0,0.0
3005,180.33,2.24961669,40.22496167,1,0,0.0,0.0,0.0
3006,180.37312021,0.52480835,40.05248083,1,0,0.0,0.0,0.0
