layer_index,z_mm,part_area_mm2,part_perimeter_mm,part_component_count,new_island_count,unsupported_area_mm2,support_area_mm2,support_perimeter_mm
0,0.03,9935.2461545,561.93070281,1,0,0.0,1091.25,1152.0
1,0.09,9935.57421047,561.93992619,1,0,0.0,1091.25,1152.0
2,0.15,9935.88336868,561.94914957,1,0,0.0,1091.25,1152.0
3,0.21,9936.17362913,561.95837295,1,0,0.0,1091.25,1152.0
4,0.27,9936.4449918,561.96759633,1,0,0.0,1091.25,1152.0
5,0.33,9936.69640159,561.98455036,1,0,0.0,1091.25,1152.0
6,0.39,9936.9208325,562.00610652,1,0,0.0,1091.25,1152.0
7,0.45,9937.12364588,562.00948248,1,0,0.0,1091.25,1152.0
8,0.51,9937.30714197,562.0133831,1,0,0.0,1091.75,1152.0
9,0.57,9937.47114661,562.01736749,1,0,0.0,1091.75,1152.0
10,0.63,9937.61286287,562.03324963,1,0,0.0,1091.75,1152.0
11,0.69,9937.72591282,562.05860601,1,0,0.0,1092.0,1152.0
12,0.75,9937.80639124,562.07176298,1,0,0.0,1092.0,1152.0
13,0.81,9937.86567499,562.07073817,1,0,0.0,1092.0,1152.0
14,0.87,9937.90504387,562.07011501,1,0,0.0,1092.0,1152.0
15,0.93,9937.92049374,562.08289866,1,0,0.0,1092.25,1154.0
16,0.99,9937.90436888,562.10329739,1,0,0.0,1093.25,1154.0
17,1.05,9937.84912887,562.1303871,1,0,0.0,1093.5,1154.0
18,1.11,9937.7643303,562.12625361,1,0,0.0,1093.75,1154.0
19,1.17,9937.65634808,562.12709576,1,0,0.0,1093.75,1154.0
20,1.23,9937.51890501,562.13678546,1,0,0.0,1094.25,1154.0
21,1.29,9937.34431882,562.15741003,1,0,0.0,1094.25,1154.0
22,1.35,9937.12362088,562.1847265,1,0,0.0,1094.25,1154.0
23,1.41,9936.86520679,562.18215406,1,0,0.0,1094.25,1154.0
24,1.47,9936.57582417,562.18426749,1,0,0.0,1094.25,1154.0
25,1.53,9936.24758369,562.19738551,1,0,0.0,1094.25,1154.0
26,1.59,9935.86895054,562.2208831,1,0,0.0,1094.25,1154.0
27,1.65,9935.43120307,562.24320303,1,0,0.0,1094.25,1154.0
28,1.71,9934.94968757,562.24148829,1,0,0.0,1094.25,1154.0
29,1.77,9934.42255482,562.251382,1,0,0.0,1095.0,1155.0
30,1.83,9933.83304446,562.27533438,1,0,0.0,1095.25,1155.0
31,1.89,9933.16864669,562.30181552,1,0,0.0,1095.25,1155.0
32,1.95,9932.43679791,562.30801812,1,0,0.0,1095.25,1155.0
33,2.01,9931.63566251,562.32390604,1,0,0.0,1095.25,1155.0
34,2.07,9930.74479427,562.34580263,1,0,0.0,1095.75,1155.0
35,2.13,9929.75352338,562.37826673,1,0,0.0,1095.75,1155.0
36,2.19,9928.64741842,562.39404334,1,0,0.0,1096.25,1155.0
37,2.25,9927.42345678,562.41461075,1,0,0.0,1096.25,1155.0
38,2.31,9926.04886338,562.45096387,1,0,0.0,1096.75,1155.0
39,2.37,9924.47565385,562.48523261,1,0,0.0,1096.75,1155.0
40,2.43,9922.68681945,562.51550651,1,0,0.0,1097.0,1155.0
41,2.49,9920.58786178,562.56374393,1,0,0.0,1097.0,1155.0
42,2.55,9917.65677963,562.64698492,1,0,0.0,1097.0,1155.0
43,2.61,9913.35431156,562.76975163,1,0,0.0,1097.25,1155.0
44,2.67,9908.21338493,562.93772029,1,0,0.0,1097.25,1155.0
45,2.73,9903.35013639,563.08767623,1,0,0.0,1097.5,1155.0
46,2.79,9898.850439,563.24374963,1,0,0.0,1101.0,1171.0
47,2.85,9894.79678571,563.38423459,1,0,0.0,1102.0,1175.0
48,2.91,9891.33694842,563.51590896,1,0,0.0,1102.75,1178.0
49,2.97,9888.75692725,563.62374123,1,0,0.0,1102.75,1178.0
50,3.03,9887.76156246,563.69139113,1,0,0.0,1106.25,1185.0
51,3.09,9886.92734624,563.76178315,1,0,0.0,1107.75,1188.0
52,3.15,9885.99568015,563.83350821,1,0,0.0,1109.25,1188.0
53,3.21,9884.96680584,563.90906842,1,0,0.0,1110.75,1191.0
54,3.27,9883.84716737,563.99274989,1,0,0.0,1112.5,1193.0
55,3.33,9882.63953947,564.0810324,1,0,0.0,1116.5,1197.0
56,3.39,9881.34962859,564.17649082,1,0,0.0,1117.5,1197.0
57,3.45,9879.97882879,564.27201183,1,0,0.0,1120.25,1201.0
58,3.51,9878.5270706,564.37133768,1,0,0.0,1120.75,1201.0
59,3.57,9876.99808121,564.48010911,1,0,0.0,1126.5,1206.0
60,3.63,9875.39371527,564.58888053,1,0,0.0,1127.5,1206.0
61,3.69,9873.71651123,564.70792407,1,0,0.0,1129.75,1206.0
62,3.75,9871.9694343,564.82778874,1,0,0.0,1132.25,1208.0
63,3.81,9870.15238517,564.94767778,1,0,0.0,1136.75,1211.0
64,3.87,9868.26541701,565.07072531,1,0,0.0,1139.75,1213.0
65,3.93,9866.31123417,565.20317098,1,0,0.0,1141.5,1215.0
66,3.99,9864.29082385,565.33579671,1,0,0.0,1144.75,1217.0
67,4.05,9862.20502598,565.47479397,1,0,0.0,1146.75,1220.0
68,4.11,9860.05689609,565.61787933,1,0,0.0,1152.0,1222.0
69,4.17,9857.8466447,565.76098678,1,0,0.0,1154.75,1222.0
70,4.23,9855.57408991,565.90516339,1,0,0.0,1157.25,1222.0
71,4.29,9853.23912301,566.05399273,1,0,0.0,1158.75,1225.0
72,4.35,9850.84409368,566.2093234,1,0,0.0,1160.5,1225.0
73,4.41,9848.38956817,566.3647705,1,0,0.0,1164.5,1226.0
74,4.47,9845.87572129,566.52474231,1,0,0.0,1164.75,1226.0
75,4.53,9843.30495714,566.69058829,1,0,0.0,1167.5,1227.0
76,4.59,9840.677333,566.85723425,1,0,0.0,1169.25,1229.0
77,4.65,9837.99269874,567.02443166,1,0,0.0,1171.25,1230.0
78,4.71,9835.25067252,567.19227337,1,0,0.0,1173.75,1233.0
79,4.77,9832.45183,567.36700366,1,0,0.0,1175.5,1233.0
80,4.83,9829.59806907,567.54505464,1,0,0.0,1176.5,1233.0
81,4.89,9826.68901719,567.7239596,1,0,0.0,1178.25,1234.0
82,4.95,9823.72480086,567.90665696,1,0,0.0,1179.5,1234.0
83,5.01,9820.70717872,568.09571946,1,0,0.0,1181.0,1236.0
84,5.07,9817.6361672,568.28526056,1,0,0.0,1182.25,1236.0
85,5.13,9814.51137165,568.47600675,1,0,0.0,1183.75,1236.0
86,5.19,9811.33231134,568.6671438,1,0,0.0,1184.25,1237.0
87,5.25,9808.09896707,568.85995261,1,0,0.0,1186.75,1237.0
88,5.31,9804.81282887,569.06059974,1,0,0.0,1187.75,1237.0
89,5.37,9801.47385963,569.26306784,1,0,0.0,1188.25,1237.0
90,5.43,9798.08142011,569.46629116,1,0,0.0,1189.25,1238.0
91,5.49,9794.63567848,569.67460076,1,0,0.0,1190.5,1239.0
92,5.55,9791.13829985,569.88632498,1,0,0.0,1191.75,1239.0
93,5.61,9787.5892291,570.0994464,1,0,0.0,1193.25,1239.0
94,5.67,9783.98710969,570.31502819,1,0,0.0,1193.25,1239.0
95,5.73,9780.33127384,570.53088039,1,0,0.0,1195.25,1240.0
96,5.79,9776.62168006,570.74673259,1,0,0.0,1196.25,1242.0
97,5.85,9772.85914096,570.96972874,1,0,0.0,1197.5,1243.0
98,5.91,9769.04448873,571.1961444,1,0,0.0,1197.75,1244.0
99,5.97,9765.17570508,571.42456809,1,0,0.0,1199.25,1245.0
100,6.03,9761.25251697,571.65299177,1,0,0.0,1199.5,1245.0
101,6.09,9757.27584192,571.88909608,1,0,0.0,1202.0,1247.0
102,6.15,9753.24642715,572.12698612,1,0,0.0,1202.0,1247.0
103,6.21,9749.16224881,572.36779105,1,0,0.0,1203.5,1247.0
104,6.27,9745.02243214,572.6087312,1,0,0.0,1204.0,1248.0
105,6.33,9740.82688738,572.85002845,1,0,0.0,1205.25,1248.0
106,6.39,9736.57473009,573.09360326,1,0,0.0,1206.0,1250.0
107,6.45,9732.26435429,573.34500698,1,0,0.0,1209.25,1261.0
108,6.51,9727.89615812,573.59866652,1,0,0.0,1211.25,1266.0
109,6.57,9723.46942038,573.85399375,1,0,0.0,1212.5,1270.0
110,6.63,9718.98137383,574.11119183,1,0,0.0,1214.0,1272.0
111,6.69,9714.43140073,574.37391635,1,0,0.0,1217.0,1276.0
112,6.75,9709.81850403,574.64245295,1,0,0.0,1219.0,1277.0
113,6.81,9705.13896348,574.91230139,1,0,0.0,1221.0,1278.0
114,6.87,9700.3904204,575.18436258,1,0,0.0,1223.75,1278.0
115,6.93,9695.55459276,575.45893284,1,0,0.0,1226.75,1282.0
116,6.99,9690.61766151,575.73765817,1,0,0.0,1229.25,1282.0
117,7.05,9685.53805026,576.02160027,1,0,0.0,1231.0,1282.0
118,7.11,9680.28766233,576.32074249,1,0,0.0,1232.25,1282.0
119,7.17,9675.01010999,576.62003962,1,0,0.0,1234.0,1283.0
120,7.23,9669.70570527,576.91933675,1,0,0.0,1237.75,1284.0
121,7.29,9664.37444818,577.21863388,1,0,0.0,1239.75,1285.0
122,7.35,9659.01652352,577.52148792,1,0,0.0,1242.25,1287.0
123,7.41,9653.63304059,577.8279006,1,0,0.0,1243.75,1290.0
124,7.47,9648.22418436,578.13431328,1,0,0.0,1247.25,1293.0
125,7.53,9642.78995483,578.44072596,1,0,0.0,1249.75,1293.0
126,7.59,9637.330352,578.74713864,1,0,0.0,1251.25,1296.0
127,7.65,9631.84537587,579.05355132,1,0,0.0,1252.25,1297.0
128,7.71,9626.33502645,579.359964,1,0,0.0,1257.0,1304.0
129,7.77,9620.79945879,579.66965019,1,0,0.0,1260.5,1305.0
130,7.83,9615.23971003,579.98297876,1,0,0.0,1262.0,1306.0
131,7.89,9609.65597217,580.29630732,1,0,0.0,1263.25,1306.0
132,7.95,9604.04824518,580.60963589,1,0,0.0,1266.0,1309.0
133,8.01,9598.41652907,580.92296445,1,0,0.0,1269.5,1312.0
134,8.07,9592.76115688,581.24114458,1,0,0.0,1272.0,1312.0
135,8.13,9587.08304906,581.56126937,1,0,0.0,1272.75,1312.0
136,8.19,9581.38225914,581.88139416,1,0,0.0,1274.75,1312.0
137,8.25,9575.65878711,582.20151919,1,0,0.0,1277.75,1314.0
138,8.31,9569.912633,582.52164758,1,0,0.0,1280.75,1315.0
139,8.37,9564.14379685,582.84177598,1,0,0.0,1281.75,1315.0
140,8.43,9558.35227865,583.16190438,1,0,0.0,1282.75,1315.0
141,8.49,9552.53813119,583.4839539,1,0,0.0,1285.75,1317.0
142,8.55,9546.70224085,583.81070797,1,0,0.0,1287.75,1317.0
143,8.61,9540.8449242,584.13746203,1,0,0.0,1289.25,1317.0
144,8.67,9534.96618122,584.4642161,1,0,0.0,1291.25,1317.0
145,8.73,9529.06601193,584.79097017,1,0,0.0,1293.0,1318.0
146,8.79,9523.14446194,585.11952573,1,0,0.0,1296.0,1321.0
147,8.85,9517.20236794,585.45279994,1,0,0.0,1298.25,1321.0
148,8.91,9511.24004295,585.78607405,1,0,0.0,1299.25,1321.0
149,8.97,9505.25748648,586.11934796,1,0,0.0,1301.5,1322.0
150,9.03,9499.25469839,586.45262186,1,0,0.0,1305.0,1325.0
151,9.09,9493.2316787,586.78589577,1,0,0.0,1307.25,1325.0
152,9.15,9487.18842739,587.11916967,1,0,0.0,1308.25,1325.0
153,9.21,9481.12494447,587.45244357,1,0,0.0,1309.75,1325.0
154,9.27,9474.98719737,587.79164928,1,0,0.0,1313.75,1327.0
155,9.33,9468.78463027,588.13646623,1,0,0.0,1315.0,1328.0
156,9.39,9462.53397732,588.48259374,1,0,0.0,1316.0,1328.0
157,9.45,9456.24118791,588.83009146,1,0,0.0,1316.75,1328.0
158,9.51,9449.9093145,589.17854782,1,0,0.0,1317.25,1328.0
159,9.57,9443.54133262,589.52918013,1,0,0.0,1318.25,1329.0
160,9.63,9437.13910219,589.88554688,1,0,0.0,1318.5,1329.0
161,9.69,9430.70490974,590.24271086,1,0,0.0,1318.75,1329.0
162,9.75,9424.23939986,590.60033534,1,0,0.0,1318.75,1329.0
163,9.81,9417.74378024,590.9587858,1,0,0.0,1318.75,1329.0
164,9.87,9411.21876476,591.3175997,1,0,0.0,1318.75,1329.0
165,9.93,9404.66497631,591.6771303,1,0,0.0,1318.75,1329.0
166,9.99,9398.0830919,592.03705037,1,0,0.0,1319.0,1329.0
167,10.05,9391.47353974,592.39798643,1,0,0.0,1319.25,1329.0
168,10.11,9384.83760295,592.76519738,1,0,0.0,1320.0,1329.0
169,10.17,9378.17606741,593.13267897,1,0,0.0,1321.0,1330.0
170,10.23,9371.48913891,593.50027837,1,0,0.0,1321.25,1330.0
171,10.29,9364.77731636,593.86891499,1,0,0.0,1321.75,1330.0
172,10.35,9358.0411604,594.23780043,1,0,0.0,1322.0,1330.0
173,10.41,9351.28093383,594.61036763,1,0,0.0,1322.0,1330.0
174,10.47,9344.4974172,594.98564317,1,0,0.0,1322.25,1330.0
175,10.53,9337.69128854,595.36184637,1,0,0.0,1322.5,1330.0
176,10.59,9330.86290584,595.73812183,1,0,0.0,1322.75,1330.0
177,10.65,9324.0122743,596.11439809,1,0,0.0,1322.75,1330.0
178,10.71,9317.13951643,596.49116311,1,0,0.0,1322.75,1330.0
179,10.77,9310.24503598,596.8683085,1,0,0.0,1323.0,1330.0
180,10.83,9303.32900293,597.24574671,1,0,0.0,1323.0,1330.0
181,10.89,9296.39158182,597.62414088,1,0,0.0,1323.5,1330.0
182,10.95,9289.43347923,598.00784496,1,0,0.0,1323.75,1331.0
183,11.01,9282.45526213,598.39211586,1,0,0.0,1323.75,1331.0
184,11.07,9275.45716776,598.7765812,1,0,0.0,1324.25,1333.0
185,11.13,9268.43935326,599.16131039,1,0,0.0,1325.25,1333.0
186,11.19,9261.40192254,599.54608988,1,0,0.0,1325.5,1333.0
187,11.25,9254.34499476,599.93371572,1,0,0.0,1326.0,1334.0
188,11.31,9247.26947158,600.32501105,1,0,0.0,1326.0,1334.0
189,11.37,9240.17570391,600.71666487,1,0,0.0,1326.0,1334.0
190,11.43,9233.06382645,601.10837617,1,0,0.0,1326.0,1334.0
191,11.49,9225.93384358,601.50008747,1,0,0.0,1326.5,1334.0
192,11.55,9218.78581012,601.89202167,1,0,0.0,1326.75,1335.0
193,11.61,9211.6240042,602.2822534,1,0,0.0,1327.5,1335.0
194,11.67,9204.99825442,602.6313536,1,0,0.0,1327.75,1335.0
195,11.73,9198.82177751,602.95378049,1,0,0.0,1328.25,1337.0
196,11.79,9192.96480609,603.26015618,1,0,0.0,1328.25,1337.0
197,11.85,9187.3219022,603.54385278,1,0,0.0,1328.5,1338.0
198,11.91,9181.87154611,603.82774988,1,0,0.0,1328.75,1339.0
199,11.97,9176.61315945,604.10531078,1,0,0.0,1329.75,1341.0
200,12.03,9171.50781572,604.34747972,1,0,0.0,1330.5,1341.0
201,12.09,9166.53389046,604.58964866,1,0,0.0,1331.25,1341.0
202,12.15,9161.69171222,604.83673479,1,0,0.0,1331.75,1341.0
203,12.21,9156.98194064,605.08506277,1,0,0.0,1332.25,1341.0
204,12.27,9152.39873875,605.31064247,1,0,0.0,1332.25,1341.0
205,12.33,9147.91650009,605.52024479,1,0,0.0,1333.0,1343.0
206,12.39,9143.53231637,605.72989136,1,0,0.0,1333.75,1344.0
207,12.45,9139.24619365,605.93959772,1,0,0.0,1334.0,1344.0
208,12.51,9135.05821321,606.14954265,1,0,0.0,1334.5,1345.0
209,12.57,9130.9684557,606.35955457,1,0,0.0,1334.75,1345.0
210,12.63,9126.97072055,606.54282752,1,0,0.0,1335.0,1347.0
211,12.69,9123.04988613,606.72149052,1,0,0.0,1335.5,1347.0
212,12.75,9119.20586194,606.90161425,1,0,0.0,1336.0,1350.0
213,12.81,9115.4387146,607.08182019,1,0,0.0,1336.75,1354.0
214,12.87,9111.74854253,607.26227743,1,0,0.0,1337.0,1354.0
215,12.93,9108.13539119,607.44273467,1,0,0.0,1337.25,1354.0
216,12.99,9104.5992646,607.62324957,1,0,0.0,1337.25,1354.0
217,13.05,9101.13683505,607.78578217,1,0,0.0,1337.5,1354.0
218,13.11,9097.73732053,607.93906917,1,0,0.0,1338.75,1354.0
219,13.17,9094.3999548,608.0926047,1,0,0.0,1339.0,1354.0
220,13.23,9091.1248584,608.24638531,1,0,0.0,1339.0,1354.0
221,13.29,9087.91207224,608.40016593,1,0,0.0,1339.0,1354.0
222,13.35,9084.76159629,608.55394655,1,0,0.0,1339.5,1354.0
223,13.41,9081.67344571,608.70783135,1,0,0.0,1340.5,1356.0
224,13.47,9078.64767251,608.86177213,1,0,0.0,1340.75,1356.0
225,13.53,9075.68326048,609.00316299,1,0,0.0,1341.25,1356.0
226,13.59,9072.7715099,609.12963765,1,0,0.0,1341.25,1356.0
227,13.65,9069.91109771,609.25932549,1,0,0.0,1341.5,1356.0
228,13.71,9067.10215744,609.38901332,1,0,0.0,1341.5,1356.0
229,13.77,9064.34468908,609.51870115,1,0,0.0,1341.75,1356.0
230,13.83,9061.63870401,609.64848347,1,0,0.0,1341.75,1356.0
231,13.89,9058.98424106,609.77831609,1,0,0.0,1342.0,1356.0
232,13.95,9056.38135021,609.9098026,1,0,0.0,1342.0,1356.0
233,14.01,9053.83062294,610.04549773,1,0,0.0,1342.5,1356.0
234,14.07,9051.33231011,610.18108428,1,0,0.0,1343.25,1357.0
235,14.13,9048.88169317,610.28896791,1,0,0.0,1343.75,1358.0
236,14.19,9046.47416777,610.39685154,1,0,0.0,1344.25,1358.0
237,14.25,9044.10973724,610.50478206,1,0,0.0,1345.0,1360.0
238,14.31,9041.78844218,610.6128363,1,0,0.0,1345.0,1360.0
239,14.37,9039.51032404,610.72096364,1,0,0.0,1345.5,1360.0
240,14.43,9037.27540321,610.82916998,1,0,0.0,1345.75,1360.0
241,14.49,9035.08371924,610.93741864,1,0,0.0,1345.75,1360.0
242,14.55,9032.93551363,611.05007014,1,0,0.0,1346.5,1362.0
243,14.61,9030.83134868,611.16406208,1,0,0.0,1347.25,1362.0
244,14.67,9028.77125747,611.27805402,1,0,0.0,1347.5,1362.0
245,14.73,9026.75427283,611.37898617,1,0,0.0,1347.75,1364.0
246,14.79,9024.77472752,611.46723772,1,0,0.0,1348.0,1364.0
247,14.85,9022.83170672,611.55552325,1,0,0.0,1348.25,1364.0
248,14.91,9020.92531377,611.64646968,1,0,0.0,1349.0,1366.0
249,14.97,9019.05611867,611.74042801,1,0,0.0,1349.5,1366.0
250,15.03,9023.75773811,611.53547629,1,0,5.2926138,1336.75,1364.0
251,15.09,9021.98990682,611.62833262,1,0,0.0,1337.25,1366.0
252,15.15,9020.25944063,611.72128477,1,0,0.0,1337.75,1368.0
253,15.21,9018.56637879,611.81436799,1,0,0.0,1337.75,1368.0
254,15.27,9016.91073906,611.90745121,1,0,0.0,1337.75,1368.0
255,15.33,9015.29253192,612.00061125,1,0,0.0,1338.0,1368.0
256,15.39,9013.71177963,612.09379155,1,0,0.0,1338.0,1368.0
257,15.45,9012.16541993,612.16329189,1,0,0.0,1338.5,1369.0
258,15.51,9010.65032639,612.23659889,1,0,0.0,1339.25,1370.0
259,15.57,9009.16700952,612.31115413,1,0,0.0,1339.25,1370.0
260,15.63,9007.71553297,612.38588807,1,0,0.0,1339.5,1370.0
261,15.69,9006.27523608,612.46186094,1,0,0.0,1340.0,1372.0
262,15.75,9004.82804394,612.53995628,1,0,0.0,1340.25,1372.0
263,15.81,9003.39125263,612.61921095,1,0,0.0,1340.75,1372.0
264,15.87,9001.96974353,612.70142664,1,0,0.0,1341.75,1374.0
265,15.93,9000.56663697,612.78794428,1,0,0.0,1341.75,1374.0
266,15.99,8999.18396427,612.87509537,1,0,0.0,1341.75,1374.0
267,16.05,8997.8228148,612.96286989,1,0,0.0,1342.25,1374.0
268,16.11,8996.48431459,613.05126482,1,0,0.0,1342.5,1374.0
269,16.17,8995.16845876,613.12931274,1,0,0.0,1342.75,1374.0
270,16.23,8993.87188982,613.19608867,1,0,0.0,1343.0,1374.0
271,16.29,8992.59441611,613.26323835,1,0,0.0,1343.75,1374.0
272,16.35,8991.33641843,613.33094265,1,0,0.0,1344.0,1374.0
273,16.41,8990.09846651,613.39903761,1,0,0.0,1344.0,1374.0
274,16.47,8988.88091019,613.47022299,1,0,0.0,1344.75,1374.0
275,16.53,8987.68459881,613.54429266,1,0,0.0,1344.75,1374.0
276,16.59,8986.51029519,613.61870046,1,0,0.0,1344.75,1374.0
277,16.65,8985.35823147,613.69320919,1,0,0.0,1345.5,1374.0
278,16.71,8984.22844742,613.76791649,1,0,0.0,1345.75,1375.0
279,16.77,8983.12126439,613.84320864,1,0,0.0,1346.5,1375.0
280,16.83,8982.03705034,613.9188765,1,0,0.0,1347.0,1375.0
281,16.89,8980.9762543,614.00012156,1,0,0.0,1347.25,1376.0
282,16.95,8979.93927558,614.08005687,1,0,0.0,1348.25,1379.0
283,17.01,8978.92358316,614.14040633,1,0,0.0,1349.0,1381.0
284,17.07,8977.92737534,614.20123838,1,0,0.0,1349.75,1381.0
285,17.13,8976.95082199,614.26212026,1,0,0.0,1350.5,1381.0
286,17.19,8975.99396532,614.32323342,1,0,0.0,1350.75,1381.0
287,17.25,8975.0569869,614.38459149,1,0,0.0,1351.0,1381.0
288,17.31,8974.13992759,614.44594956,1,0,0.0,1352.0,1383.0
289,17.37,8973.24286185,614.50770279,1,0,0.0,1352.5,1384.0
290,17.43,8972.36601519,614.5700433,1,0,0.0,1353.75,1384.0
291,17.49,8971.50995378,614.63807876,1,0,0.0,1354.0,1384.0
292,17.55,8970.67506351,614.70611422,1,0,0.0,1354.5,1386.0
293,17.61,8969.86134438,614.77414968,1,0,0.0,1355.75,1388.0
294,17.67,8969.06880476,614.84230942,1,0,0.0,1356.0,1389.0
295,17.73,8968.29761404,614.91110513,1,0,0.0,1356.0,1389.0
296,17.79,8967.54804562,614.98030362,1,0,0.0,1356.75,1392.0
297,17.85,8966.81867235,615.03452025,1,0,0.0,1357.25,1392.0
298,17.91,8966.10727689,615.0886341,1,0,0.0,1357.25,1392.0
299,17.97,8965.41390994,615.142757,1,0,0.0,1357.75,1392.0
300,18.03,9384.73865924,895.19724461,1,0,418.20002831,864.5,1041.0
301,18.09,9384.0816242,895.25202312,1,0,0.0,865.75,1041.0
302,18.15,9383.44292929,895.3068123,1,0,0.0,866.25,1041.0
303,18.21,9382.82260823,895.3618579,1,0,0.0,866.5,1042.0
304,18.27,9382.22071152,895.41690672,1,0,0.0,866.75,1042.0
305,18.33,9381.63727906,895.47214408,1,0,0.0,867.25,1042.0
306,18.39,9381.07238709,895.52757987,1,0,0.0,868.25,1043.0
307,18.45,9380.52617841,895.58558437,1,0,0.0,868.25,1043.0
308,18.51,9379.99924138,895.64702393,1,0,0.0,868.25,1043.0
309,18.57,9379.49172746,895.70856635,1,0,0.0,868.75,1043.0
310,18.63,9379.00366606,895.77031175,1,0,0.0,869.25,1044.0
311,18.69,9378.53518071,895.83230194,1,0,0.0,869.5,1044.0
312,18.75,9378.08481639,895.87686917,1,0,0.0,870.5,1045.0
313,18.81,9377.65020278,895.91899565,1,0,0.0,870.5,1045.0
314,18.87,9377.23154426,895.96575497,1,0,0.0,871.0,1047.0
315,18.93,9376.82935244,896.01383426,1,0,0.0,871.5,1047.0
316,18.99,9376.44368262,896.06207732,1,0,0.0,872.0,1047.0
317,19.05,9376.07456612,896.11032039,1,0,0.0,872.0,1047.0
318,19.11,9375.72202832,896.15872358,1,0,0.0,872.75,1047.0
319,19.17,9375.38614699,896.20736319,1,0,0.0,873.75,1049.0
320,19.23,9375.06696912,896.25601394,1,0,0.0,874.5,1049.0
321,19.29,9374.76449948,896.30475045,1,0,0.0,874.75,1049.0
322,19.35,9374.47882147,896.35375325,1,0,0.0,875.25,1049.0
323,19.41,9374.20997121,896.40275605,1,0,0.0,875.75,1049.0
324,19.47,9373.95811132,896.45570692,1,0,0.0,876.25,1049.0
325,19.53,9373.7237947,896.5107078,1,0,0.0,876.25,1049.0
326,19.59,9373.50710123,896.5658438,1,0,0.0,876.5,1050.0
327,19.65,9373.30793462,896.61615905,1,0,0.0,876.75,1052.0
328,19.71,9373.12383767,896.65210906,1,0,0.0,877.25,1053.0
329,19.77,9372.95384152,896.68815361,1,0,0.0,878.25,1055.0
330,19.83,9372.79799119,896.72431453,1,0,0.0,878.5,1055.0
331,19.89,9372.65665204,896.76637661,1,0,0.0,879.0,1055.0
332,19.95,9372.53020757,896.80852093,1,0,0.0,879.0,1055.0
333,20.01,9372.41866478,896.85066526,1,0,0.0,879.75,1055.0
334,20.07,9372.12245485,896.93048888,1,0,0.0,880.0,1055.0
335,20.13,9371.45339146,897.07174656,1,0,0.0,880.75,1055.0
336,20.19,9370.58363307,897.24199054,1,0,0.0,881.25,1055.0
337,20.25,9369.5661709,897.44165381,1,0,0.0,882.25,1058.0
338,20.31,9368.41936935,897.65907323,1,0,0.0,883.75,1058.0
339,20.37,9367.16915176,897.8982562,1,0,0.0,886.25,1063.0
340,20.43,9365.82089031,898.14012145,1,0,0.0,887.5,1063.0
341,20.49,9364.38759881,898.42057777,1,0,0.0,888.5,1063.0
342,20.55,9362.87931887,898.70185323,1,0,0.0,890.5,1065.0
343,20.61,9361.29637888,898.98900865,1,0,0.0,892.5,1065.0
344,20.67,9359.64740079,899.28417724,1,0,0.0,893.25,1066.0
345,20.73,9357.93585595,899.57946502,1,0,0.0,895.75,1066.0
346,20.79,9356.16177322,899.87500594,1,0,0.0,898.25,1068.0
347,20.85,9354.3295203,900.19764674,1,0,0.0,900.75,1068.0
348,20.91,9352.44713006,900.5299651,1,0,0.0,901.0,1068.0
349,20.97,9350.51500542,900.8623095,1,0,0.0,904.25,1072.0
350,21.03,9348.53315021,901.19534335,1,0,0.0,907.0,1074.0
351,21.09,9346.50647151,901.55568551,1,0,0.0,909.5,1074.0
352,21.15,9344.43942377,901.91602767,1,0,0.0,910.5,1074.0
353,21.21,9342.33200806,902.27639881,1,0,0.0,911.25,1074.0
354,21.27,9340.18425537,902.63692425,1,0,0.0,915.25,1074.0
355,21.33,9337.99841209,903.01728326,1,0,0.0,917.5,1076.0
356,21.39,9335.77972347,903.40392472,1,0,0.0,919.25,1076.0
357,21.45,9333.52841522,903.79097063,1,0,0.0,920.5,1076.0
358,21.51,9331.24489864,904.18385496,1,0,0.0,923.75,1077.0
359,21.57,9328.92950593,904.57854327,1,0,0.0,927.25,1079.0
360,21.63,9326.58568874,904.98893465,1,0,0.0,931.0,1079.0
361,21.69,9324.21383896,905.38712327,1,0,0.0,931.75,1080.0
362,21.75,9321.81332545,905.78544838,1,0,0.0,933.5,1080.0
363,21.81,9319.38417591,906.18383645,1,0,0.0,936.25,1082.0
364,21.87,9316.92644952,906.58468048,1,0,0.0,940.25,1086.0
365,21.93,9314.44338347,907.01198415,1,0,0.0,942.75,1087.0
366,21.99,9311.93788314,907.43938904,1,0,0.0,943.25,1087.0
367,22.05,9309.40994859,907.86679393,1,0,0.0,946.25,1087.0
368,22.11,9306.8595929,908.29434247,1,0,0.0,950.25,1089.0
369,22.17,9304.28686431,908.72200672,1,0,0.0,952.5,1089.0
370,22.23,9301.69253788,909.16176872,1,0,0.0,953.25,1089.0
371,22.29,9299.08026664,909.61131987,1,0,0.0,955.75,1089.0
372,22.35,9296.45056424,910.06095335,1,0,0.0,958.75,1093.0
373,22.41,9293.80343615,910.51058683,1,0,0.0,961.75,1095.0
374,22.47,9291.13891423,910.96211295,1,0,0.0,963.5,1095.0
375,22.53,9288.45750154,911.41805779,1,0,0.0,964.75,1096.0
376,22.59,9285.76066713,911.89002957,1,0,0.0,968.0,1097.0
377,22.65,9283.05120585,912.36151509,1,0,0.0,971.25,1098.0
378,22.71,9280.29950969,912.82101014,1,0,0.0,973.0,1098.0
379,22.77,9277.50976677,913.28180845,1,0,0.0,974.0,1099.0
380,22.83,9274.68977695,913.74372176,1,0,0.0,976.75,1100.0
381,22.89,9271.8428102,914.21023642,1,0,0.0,979.5,1102.0
382,22.95,9268.97183396,914.69365412,1,0,0.0,983.25,1102.0
383,23.01,9266.08121023,915.18350761,1,0,0.0,983.5,1102.0
384,23.07,9263.17145373,915.67378965,1,0,0.0,985.75,1102.0
385,23.13,9260.24359881,916.16484047,1,0,0.0,990.0,1104.0
386,23.19,9257.29824471,916.65612859,1,0,0.0,993.0,1107.0
387,23.25,9254.33549387,917.14758471,1,0,0.0,995.5,1107.0
388,23.31,9251.35607778,917.64642056,1,0,0.0,996.5,1107.0
389,23.37,9248.36320818,918.15849842,1,0,0.0,1000.75,1108.0
390,23.43,9245.357817,918.67057629,1,0,0.0,1003.5,1109.0
391,23.49,9242.34009748,919.18713285,1,0,0.0,1007.25,1111.0
392,23.55,9239.31099204,919.70682279,1,0,0.0,1007.5,1111.0
393,23.61,9236.27095563,920.2269639,1,0,0.0,1010.5,1111.0
394,23.67,9233.22015111,920.74716983,1,0,0.0,1013.75,1114.0
395,23.73,9230.15831356,921.26448346,1,0,0.0,1016.5,1114.0
396,23.79,9227.08607548,921.78497372,1,0,0.0,1017.25,1115.0
397,23.85,9224.00385446,922.3064002,1,0,0.0,1019.0,1115.0
398,23.91,9220.91227477,922.83437152,1,0,0.0,1022.5,1117.0
399,23.97,9217.81172823,923.36234283,1,0,0.0,1024.75,1117.0
400,24.03,9214.7022154,923.89033216,1,0,0.0,1027.25,1118.0
401,24.09,9211.58376836,924.41853909,1,0,0.0,1028.5,1118.0
402,24.15,9208.45816284,924.96597257,1,0,0.0,1031.25,1119.0
403,24.21,9205.3273053,925.51412068,1,0,0.0,1034.5,1120.0
404,24.27,9202.19131617,926.06240168,1,0,0.0,1036.5,1120.0
405,24.33,9199.05023712,926.61097064,1,0,0.0,1038.25,1120.0
406,24.39,9195.90410998,927.15958479,1,0,0.0,1040.5,1120.0
407,24.45,9192.75295689,927.70925997,1,0,0.0,1044.5,1123.0
408,24.51,9189.59738506,928.26614306,1,0,0.0,1047.0,1123.0
409,24.57,9186.4394914,928.84160026,1,0,0.0,1049.5,1127.0
410,24.63,9183.28081684,929.41720407,1,0,0.0,1052.0,1131.0
411,24.69,9180.12138457,929.99288031,1,0,0.0,1054.5,1133.0
412,24.75,9176.96104854,930.5620315,1,0,0.0,1058.0,1133.0
413,24.81,9173.79765289,931.1181147,1,0,0.0,1061.0,1133.0
414,24.87,9170.6307389,931.67913073,1,0,0.0,1062.5,1133.0
415,24.93,9167.46102208,932.24305418,1,0,0.0,1064.25,1135.0
416,24.99,9164.29011915,932.82616742,1,0,0.0,1068.75,1139.0
417,25.05,9161.11967081,933.40969274,1,0,0.0,1071.75,1141.0
418,25.11,9157.9496835,933.99322143,1,0,0.0,1072.75,1141.0
419,25.17,9154.78015772,934.57675013,1,0,0.0,1074.75,1141.0
420,25.23,9151.61109655,935.16034535,1,0,0.0,1080.0,1144.0
421,25.29,9148.44255333,935.74429428,1,0,0.0,1081.5,1144.0
422,25.35,9145.27467543,936.32861394,1,0,0.0,1084.0,1144.0
423,25.41,9142.10862782,936.92983283,1,0,0.0,1085.75,1144.0
424,25.47,9138.94662253,937.54022289,1,0,0.0,1088.75,1146.0
425,25.53,9135.78918976,938.15188753,1,0,0.0,1091.25,1146.0
426,25.59,9132.63634099,938.76355217,1,0,0.0,1094.75,1146.0
427,25.65,9129.48807621,939.37521681,1,0,0.0,1097.0,1148.0
428,25.71,9126.34439542,939.98688145,1,0,0.0,1098.75,1148.0
429,25.77,9123.2053304,940.59882901,1,0,0.0,1103.0,1150.0
430,25.83,9118.98480501,945.63408799,1,0,0.0,1105.25,1152.0
431,25.89,9108.61206914,946.25389439,1,0,0.0,1112.5,1162.0
432,25.95,9098.24490921,946.87386045,1,0,0.0,1121.75,1170.0
433,26.01,9090.88056528,947.49383228,1,0,0.0,1127.25,1174.0
434,26.07,9085.36246048,948.11385763,1,0,0.0,1133.5,1178.0
435,26.13,9079.84996251,948.73388297,1,0,0.0,1138.0,1181.0
436,26.19,9074.34307136,949.35390832,1,0,0.0,1142.5,1184.0
437,26.25,9068.84215445,949.98443082,1,0,0.0,1148.5,1191.0
438,26.31,9063.3495625,950.6260931,1,0,0.0,1153.5,1195.0
439,26.37,9057.86574945,951.2679254,1,0,0.0,1159.0,1199.0
440,26.43,9052.43157379,951.91588823,1,0,0.0,1162.0,1201.0
441,26.49,9047.93922354,952.56564647,1,0,0.0,1165.5,1204.0
442,26.55,9043.45654302,953.21542658,1,0,0.0,1170.75,1207.0
443,26.61,9038.98353302,953.8652067,1,0,0.0,1174.25,1209.0
444,26.67,9034.52038206,954.52280467,1,0,0.0,1179.0,1211.0
445,26.73,9030.06929992,955.19478637,1,0,0.0,1180.25,1211.0
446,26.79,9025.63103293,955.87076141,1,0,0.0,1187.25,1216.0
447,26.85,9021.20623394,956.55099566,1,0,0.0,1191.25,1220.0
448,26.91,9016.79353933,957.21030328,1,0,0.0,1194.0,1222.0
449,26.97,9012.39148933,957.8697865,1,0,0.0,1198.0,1225.0
450,27.03,9008.01782246,958.60657259,1,0,0.0,1202.0,1229.0
451,27.09,9003.79518314,959.44605335,1,0,0.06105659,1205.25,1229.0
452,27.15,8999.75730719,960.30027218,1,0,0.22133954,1209.25,1231.0
453,27.21,8996.09011909,961.18552655,1,0,0.3744034,1210.75,1231.0
454,27.27,8992.82896246,962.04227923,1,0,0.52525944,1213.0,1233.0
455,27.33,8989.74686857,962.93853974,1,0,0.67852426,1216.5,1236.0
456,27.39,8986.83666872,963.82428478,1,0,0.82230627,1219.25,1240.0
457,27.45,8984.11167326,964.73787935,1,0,0.97929462,1220.25,1240.0
458,27.51,8981.55923985,965.66026635,1,0,1.12203574,1221.25,1242.0
459,27.57,8979.20008483,966.61117425,1,0,1.28253121,1222.75,1243.0
460,27.63,8977.02218723,967.58297744,1,0,1.42983677,1225.75,1243.0
461,27.69,8975.04245435,968.5434524,1,0,1.59225573,1225.75,1244.0
462,27.75,8973.25424331,969.5780254,1,0,1.7484491,1226.75,1244.0
463,27.81,8971.65587378,970.38493828,1,0,1.89809001,1227.0,1246.0
464,27.87,8969.97666381,970.85365908,1,0,1.79074771,1228.75,1252.0
465,27.93,8968.11864693,971.25590122,1,0,1.60059122,1233.25,1257.0
466,27.99,8966.08833167,971.65785711,1,0,1.42071724,1232.25,1257.0
467,28.05,8963.86575952,972.05029234,1,0,1.22041381,1234.75,1259.0
468,28.11,8961.45260414,972.40123034,1,0,1.02202434,1237.75,1260.0
469,28.17,8958.83229735,972.74128694,1,0,0.80955187,1241.75,1262.0
470,28.23,8955.99473371,973.02132856,1,0,0.58557528,1243.0,1262.0
471,28.29,8953.17392061,974.01025835,2,1,0.3791919,1247.0,1268.0
472,28.35,8951.75828101,979.21924805,2,0,1.72772832,1249.0,1275.0
473,28.41,8951.99008588,980.75493975,1,0,3.17782364,1249.0,1275.0
474,28.47,8951.98605753,980.74101374,1,0,2.86011517,1248.25,1269.0
475,28.53,8951.5999428,980.65471107,1,0,2.47445105,1246.25,1263.0
476,28.59,8950.77747374,980.44069717,1,0,2.03625514,1244.5,1263.0
477,28.65,8949.46393766,980.0190665,1,0,1.5453398,1247.75,1263.0
478,28.71,8947.58287438,979.38754909,1,0,0.98418439,1246.25,1259.0
479,28.77,8945.0266259,978.48380805,1,0,0.31939564,1246.75,1256.0
480,28.83,8941.98201571,979.02256721,1,0,0.0,1250.25,1258.0
481,28.89,8938.95737416,979.83620856,1,0,0.0,1253.75,1260.0
482,28.95,8935.96196299,980.648528,1,0,0.0,1256.25,1260.0
483,29.01,8932.99403018,981.43883334,1,0,0.0,1260.5,1264.0
484,29.07,8930.05287486,982.25094221,1,0,0.0,1263.0,1266.0
485,29.13,8927.14175375,983.08003032,1,0,0.0,1265.5,1268.0
486,29.19,8924.26128586,983.91528053,1,0,0.0,1271.75,1270.0
487,29.25,8921.41212475,984.75398446,1,0,0.0,1273.25,1270.0
488,29.31,8918.59434273,985.59277995,1,0,0.0,1278.0,1273.0
489,29.37,8915.80798172,986.43165312,1,0,0.0,1280.75,1277.0
490,29.43,8913.05454686,987.3056402,1,0,0.0,1284.5,1278.0
491,29.49,8910.33731752,988.18941201,1,0,0.0,1289.5,1281.0
492,29.55,8907.65671658,989.0812251,1,0,0.0,1291.0,1281.0
493,29.61,8905.099559,989.97493284,1,0,0.0,1293.0,1281.0
494,29.67,8902.64644816,990.86864059,1,0,0.0,1298.5,1286.0
495,29.73,8900.23088653,991.78028078,1,0,0.0,1301.5,1287.0
496,29.79,8897.84618133,992.72744993,1,0,0.0,1302.75,1287.0
497,29.85,8895.48086143,993.67602751,1,0,0.0,1305.75,1287.0
498,29.91,8893.14540465,994.62543792,1,0,0.0,1310.0,1291.0
499,29.97,8890.84264961,995.57547878,1,0,0.0,1313.75,1295.0
500,30.03,8888.57306059,996.51877402,1,0,0.0,1316.25,1295.0
501,30.09,8886.34063518,997.51833945,1,0,0.0,1319.75,1297.0
502,30.15,8884.14853206,998.51850854,1,0,0.0,1321.75,1298.0
503,30.21,8881.99718389,999.51890921,1,0,0.0,1326.0,1300.0
504,30.27,8879.8870329,1000.5199934,1,0,0.0,1328.25,1302.0
505,30.33,8877.81995356,1001.56660826,1,0,0.0,1332.5,1306.0
506,30.39,8875.80186236,1002.65164614,1,0,0.0,1335.0,1306.0
507,30.45,8873.83445065,1003.74306777,1,0,0.0,1337.5,1308.0
508,30.51,8871.91828474,1004.83491317,1,0,0.0,1341.0,1310.0
509,30.57,8870.05395714,1005.95803388,1,0,0.0,1347.25,1315.0
510,30.63,8868.24826843,1007.15051866,1,0,0.0,1349.0,1315.0
511,30.69,8866.50369987,1008.3434127,1,0,0.0,1351.25,1317.0
512,30.75,8864.82048105,1009.53650501,1,0,0.0,1357.0,1319.0
513,30.81,8863.20007265,1010.79438236,1,0,0.0,1359.5,1319.0
514,30.87,8861.651461,1012.12062701,1,0,0.04621674,1361.25,1320.0
515,30.93,8860.17696336,1013.45824285,1,0,0.05844446,1363.0,1320.0
516,30.99,8858.77723705,1014.81249005,1,0,0.07081269,1368.5,1323.0
517,31.05,8857.45967043,1016.30647872,1,0,0.09186525,1368.75,1325.0
518,31.11,8856.22939936,1017.80066813,1,0,0.11204021,1370.75,1325.0
519,31.17,8855.08730252,1019.3657029,1,0,0.13296619,1374.25,1327.0
520,31.23,8854.09984801,1021.13824853,1,0,0.16630837,1377.0,1329.0
521,31.29,8853.28099415,1022.91559429,1,0,0.19707719,1377.75,1330.0
522,31.35,8852.58701448,1025.07875915,1,0,0.24149174,1378.0,1330.0
523,31.41,8852.03867542,1027.31407947,1,0,0.28954561,1382.0,1333.0
524,31.47,8851.6688021,1030.32469913,1,0,0.36713473,1382.5,1335.0
525,31.53,8851.54074707,1034.65420867,1,0,0.47315789,1383.25,1336.0
526,31.59,8851.83141233,1039.115896,1,0,0.69624916,1404.5,1339.0
527,31.65,8852.19191891,1039.15047664,1,0,0.58384353,1406.0,1339.0
528,31.71,8852.55098206,1039.19204656,1,0,0.58384628,1409.0,1343.0
529,31.77,8852.90944075,1039.2397958,1,0,0.58384965,1410.0,1343.0
530,31.83,8853.26750155,1039.28784303,1,0,0.58385332,1409.0,1343.0
531,31.89,8853.62524793,1039.33610027,1,0,0.58385689,1411.75,1345.0
532,31.95,8853.98272664,1039.38177012,1,0,0.58386035,1413.75,1349.0
533,32.01,8854.33787467,1039.40429481,1,0,0.58386368,1415.0,1349.0
534,32.07,8854.69005903,1039.43603176,1,0,0.5838669,1415.25,1349.0
535,32.13,8855.03960558,1039.46791414,1,0,0.58387001,1415.5,1349.0
536,32.19,8855.38659472,1039.50009213,1,0,0.58387299,1418.25,1352.0
537,32.25,8855.73107164,1039.53228005,1,0,0.58387585,1419.5,1354.0
538,32.31,8856.07304183,1039.56452457,1,0,0.5838786,1420.75,1354.0
539,32.37,8856.41252147,1039.59686501,1,0,0.58388122,1419.5,1356.0
540,32.43,8856.74956735,1039.62938887,1,0,0.58388373,1421.5,1357.0
541,32.49,8857.08985317,1039.70496585,1,0,0.58388612,1423.25,1360.0
542,32.55,8857.44654406,1039.79667737,1,0,0.58388839,1424.0,1361.0
543,32.61,8857.82026514,1039.888439,1,0,0.58389055,1422.25,1361.0
544,32.67,8858.21105327,1039.98239973,1,0,0.5838926,1425.25,1365.0
545,32.73,8858.62375088,1040.08796538,1,0,0.62042112,1426.5,1367.0
546,32.79,8859.05323648,1040.18678777,1,0,0.63376916,1428.25,1366.0
547,32.85,8859.4984484,1040.29126762,1,0,0.64600051,1428.25,1365.0
548,32.91,8859.95966135,1040.38990795,1,0,0.65880999,1427.0,1360.0
549,32.97,8860.44372675,1040.51327593,1,0,0.67794871,1429.75,1358.0
550,33.03,8860.95336817,1040.58331591,1,0,0.69265313,1430.5,1360.0
551,33.09,8861.46084998,1040.65173423,1,0,0.70307493,1430.75,1355.0
552,33.15,8862.0439214,1040.73640178,1,0,0.71500422,1429.25,1353.0
553,33.21,8862.66299937,1040.83976065,1,0,0.73285789,1430.75,1353.0
554,33.27,8863.30166775,1040.93771115,1,0,0.74979629,1431.5,1355.0
555,33.33,8863.95101662,1041.01947679,1,0,0.75922503,1432.75,1355.0
556,33.39,8864.71236522,1035.90373149,1,0,0.77057594,1432.25,1358.0
557,33.45,8865.7299983,1032.62785741,1,0,0.78686039,1432.75,1360.0
558,33.51,8866.89818547,1030.34179767,1,0,0.80319812,1432.0,1364.0
559,33.57,8868.07670891,1030.16344427,1,0,0.77137946,1434.5,1365.0
560,33.63,8869.1237941,1030.30216283,1,0,0.69929365,1435.75,1361.0
561,33.69,8870.0613952,1030.59170773,1,0,0.64517375,1433.0,1361.0
562,33.75,8870.90738158,1031.00638917,1,0,0.60411296,1432.5,1361.0
563,33.81,8871.79590498,1026.09104681,1,0,0.58393011,1432.25,1361.0
564,33.87,8872.85589221,1023.91554275,1,0,0.58393209,1435.25,1362.0
565,33.93,8874.00272558,1022.18959648,1,0,0.58393406,1434.0,1362.0
566,33.99,8875.22305179,1020.77541295,3,2,0.58393603,1435.5,1362.0
567,34.05,8876.51250991,1019.99875003,3,2,0.58393801,1434.75,1361.0
568,34.11,8877.87854387,1019.4544966,3,2,0.61556616,1433.75,1360.0
569,34.17,8879.32331366,1019.12723033,3,2,0.6539137,1434.5,1362.0
570,34.23,8636.31914967,1359.12591932,5,0,0.70189066,1519.75,1709.0
571,34.29,8513.73608543,1356.18905667,5,0,0.75811974,1691.25,1714.0
572,34.35,8423.47938804,1354.2097384,5,0,0.82549832,1862.75,1715.0
573,34.41,8347.7209058,1352.65053199,5,0,0.90211303,1862.5,1717.0
574,34.47,8286.74408899,1351.50643806,5,0,0.98551907,1947.5,1719.0
575,34.53,8229.40328761,1349.73512796,3,0,1.0398304,2033.5,1721.0
576,34.59,8178.96847594,1347.7049535,3,0,1.05096327,2030.75,1719.0
577,34.65,8133.45795394,1345.81247624,3,0,1.06719334,2031.25,1718.0
578,34.71,8088.12882319,1343.91343801,3,0,1.08386593,2202.0,1720.0
579,34.77,8050.09092323,1342.1854968,3,0,1.10053852,2203.25,1722.0
580,34.83,8013.08873213,1340.50824136,3,0,1.11402042,2200.75,1720.0
581,34.89,7976.22912372,1338.91600045,3,0,1.12875152,2198.75,1718.0
582,34.95,7943.92588485,1337.43669739,3,0,1.14580596,2284.75,1717.0
583,35.01,7913.31692339,1336.00388189,3,0,1.16284988,2367.75,1716.0
584,35.07,7882.83459815,1334.58267056,3,0,1.17993422,2369.0,1720.0
585,35.13,7853.17766109,1333.19690744,3,0,1.19515131,2365.5,1716.0
586,35.19,7827.60913662,1331.94063055,3,0,1.21273488,2364.25,1717.0
587,35.25,7802.15490369,1330.70237622,3,0,1.23035192,2447.5,1718.0
588,35.31,7776.85861869,1329.50378449,3,0,1.24796896,2531.75,1720.0
589,35.37,7752.24464829,1328.33622339,3,0,1.26763004,2529.75,1716.0
590,35.43,7730.97334965,1327.26685161,3,0,1.2859674,2530.75,1715.0
591,35.49,7709.80504403,1326.17459529,3,0,1.30438667,2527.5,1717.0
592,35.55,7688.7359824,1325.08389104,3,0,1.32280595,2525.5,1716.0
593,35.61,7667.77281564,1324.04671227,3,0,1.34469089,2522.5,1715.0
594,35.67,7649.25685306,1323.03606096,3,0,1.36739538,2606.0,1714.0
595,35.73,7631.64210051,1322.04717284,3,0,1.38689824,2692.0,1713.0
596,35.79,7614.12179194,1321.10956401,3,0,1.40640052,2689.0,1715.0
597,35.85,7596.70009072,1320.25380851,3,0,1.43045768,2686.5,1714.0
598,35.91,7579.5231861,1319.38806745,3,0,1.45923126,2685.5,1712.0
599,35.97,7564.79065705,1318.56373035,3,0,1.52487385,2683.75,1713.0
600,36.03,7550.35723948,1317.77928252,3,0,1.55258089,2679.25,1710.0
601,36.09,7536.02442459,1317.06335826,3,0,1.58694306,2677.25,1711.0
602,36.15,7521.80061061,1316.33904484,3,0,1.62577008,2674.5,1709.0
603,36.21,7507.74836365,1315.58315436,3,0,1.657724,2669.75,1705.0
604,36.27,7495.66554767,1314.76533789,3,0,1.68872344,2666.0,1702.0
605,36.33,7483.99649041,1313.49836177,3,0,1.65287782,2663.25,1706.0
606,36.39,7472.28983323,1312.19718916,3,0,1.59336543,2658.25,1706.0
607,36.45,7460.51881101,1310.84958965,3,0,1.52269956,2654.5,1700.0
608,36.51,7448.6903338,1309.54559127,3,0,1.45283689,2652.25,1703.0
609,36.57,7437.70962245,1308.31224977,3,0,1.38712167,2648.25,1700.0
610,36.63,7427.86762205,1307.05459123,3,0,1.3215514,2644.25,1700.0
611,36.69,7417.96249786,1305.74303855,3,0,1.24447728,2641.25,1701.0
612,36.75,7407.99286294,1304.45880944,3,0,1.16751714,2639.25,1702.0
613,36.81,7398.02895781,1304.32335065,4,1,1.16044421,2635.25,1707.0
614,36.87,7388.33947185,1304.69505127,4,0,1.32683209,2633.25,1707.0
615,36.93,7380.1636829,1305.05669773,4,0,1.4864821,2628.25,1707.0
616,36.99,7372.7991766,1305.44595297,4,0,1.64783542,2623.25,1707.0
617,37.05,7365.63048005,1304.92034656,3,0,1.77289585,2622.25,1708.0
618,37.11,7358.40669104,1303.52141769,3,0,1.67687654,2617.5,1705.0
619,37.17,7351.08762472,1302.15504527,3,0,1.58152905,2615.0,1702.0
620,37.23,7343.72799157,1300.7190705,3,0,1.47997914,2613.75,1696.0
621,37.29,7337.42565931,1299.27827344,3,0,1.36702731,2610.25,1690.0
622,37.35,7331.51225045,1297.97288868,3,0,1.26189528,2606.0,1686.0
623,37.41,7325.48293017,1296.47123773,3,0,1.13906489,2602.5,1687.0
624,37.47,7319.32132192,1294.96973177,3,0,1.00969358,2598.75,1677.0
625,37.53,7313.06302508,1294.13481578,3,0,0.95217742,2596.25,1676.0
626,37.59,7306.86821383,1293.73648005,3,0,0.97081287,2595.0,1678.0
627,37.65,7301.58245184,1293.3514219,3,0,0.98924159,2591.5,1676.0
628,37.71,7297.10315482,1293.09812577,3,0,1.01136936,2587.0,1674.0
629,37.77,7292.71735393,1292.84799286,3,0,1.03366596,2585.25,1671.0
630,37.83,7288.39469173,1292.61769857,3,0,1.0804198,2581.75,1672.0
631,37.89,7284.14090454,1292.52137263,3,0,1.11352557,2578.75,1672.0
632,37.95,7279.95853681,1292.44451347,3,0,1.14644408,2580.75,1675.0
633,38.01,7276.15237017,1292.50501619,3,0,1.18234504,2575.0,1672.0
634,38.07,7273.59641297,1292.60014889,3,0,1.21850491,2571.0,1673.0
635,38.13,7271.14578649,1292.72222001,3,0,1.25314841,2568.25,1673.0
636,38.19,7268.77498286,1292.95862768,3,0,1.29258645,2564.5,1673.0
637,38.25,7266.49712592,1293.40595346,3,0,1.34113445,2561.5,1677.0
638,38.31,7264.31434215,1293.92982958,3,0,1.3869166,2558.25,1675.0
639,38.37,7262.29922887,1294.80449007,3,0,1.44571256,2556.75,1674.0
640,38.43,7261.24288037,1296.13983103,3,0,1.51835511,2552.5,1671.0
641,38.49,7260.89359109,1298.05818046,3,0,1.60103925,2547.5,1673.0
642,38.55,7260.76807149,1301.70072654,3,0,1.73355577,2543.5,1667.0
643,38.61,7260.89269598,1307.21850841,3,0,1.92610474,2555.25,1679.0
644,38.67,7261.09684937,1305.25790226,3,0,1.83623356,2552.75,1677.0
645,38.73,7261.25356342,1303.3219513,3,0,1.81669832,2546.75,1675.0
646,38.79,7261.55875051,1301.39394686,3,0,1.79716307,2542.75,1675.0
647,38.85,7262.83368595,1299.49231814,3,0,1.77762783,2537.25,1670.0
648,38.91,7264.23502561,1297.60317031,3,0,1.75809259,2533.25,1670.0
649,38.97,7265.59194276,1295.71440471,3,0,1.73855735,2529.75,1669.0
650,39.03,7266.90051919,1293.66750128,3,0,1.71309792,2524.25,1668.0
651,39.09,7268.14439397,1291.51950955,3,0,1.68255535,2520.25,1661.0
652,39.15,7269.33099926,1289.36652606,3,0,1.65201278,2515.75,1661.0
653,39.21,7270.83871907,1287.222838,3,0,1.64192618,2515.25,1661.0
654,39.27,7273.21651163,1285.1068347,3,0,1.61525755,2511.5,1662.0
655,39.33,7275.53388323,1282.99581121,3,0,1.58858892,2506.25,1652.0
656,39.39,7277.77440129,1280.56132166,3,0,1.55070826,2503.25,1649.0
657,39.45,7279.9138462,1278.02260595,3,0,1.50845804,2498.5,1651.0
658,39.51,7281.95364704,1275.50015986,3,0,1.46855164,2495.75,1647.0
659,39.57,7283.94468363,1272.9687397,3,0,1.42652427,2491.25,1649.0
660,39.63,7286.44111145,1270.31035676,3,0,1.37986169,2491.5,1649.0
661,39.69,7289.45363956,1267.01538143,3,0,1.31136173,2488.25,1645.0
662,39.75,7292.30293284,1263.7204333,3,0,1.24273558,2485.5,1642.0
663,39.81,7294.98899274,1260.42551065,3,0,1.17362742,2480.0,1640.0
664,39.87,7297.44306442,1255.32717032,3,0,1.04255883,2476.25,1629.0
665,39.93,7299.50933039,1250.07278342,3,0,0.85645612,2472.0,1615.0
666,39.99,7301.19538243,1239.83061284,3,0,0.64648965,2471.25,1620.0
667,40.05,7303.33973148,1239.33589991,3,0,0.58413539,2471.0,1625.0
668,40.11,7305.90301734,1239.0433655,3,0,0.58413736,2469.5,1625.0
669,40.17,7308.10468954,1249.27255483,3,0,0.58413934,2470.25,1632.0
670,40.23,7309.72051315,1255.69020291,3,0,0.58414131,2473.25,1648.0
671,40.29,7311.01962903,1259.07813582,3,0,0.58414328,2472.5,1650.0
672,40.35,7312.12575718,1253.62709793,3,0,0.58414526,2472.0,1654.0
673,40.41,7313.49868849,1256.90747014,3,0,0.58414723,2474.25,1664.0
674,40.47,7315.61776308,1259.15138994,3,0,0.58414921,2474.5,1670.0
675,40.53,7317.77122858,1261.40474945,3,0,0.58415118,2474.75,1674.0
676,40.59,7319.79886905,1263.66317033,3,0,0.58415315,2473.5,1682.0
677,40.65,7321.70042966,1265.92173685,3,0,0.58415513,2475.75,1686.0
678,40.71,7323.48232803,1267.87465616,3,0,0.5841571,2477.0,1690.0
679,40.77,7325.24577912,1269.56925736,3,0,0.58415907,2481.0,1697.0
680,40.83,7327.34169859,1271.27061226,3,0,0.58416105,2480.25,1702.0
681,40.89,7330.16366629,1272.99780819,3,0,0.58416302,2481.0,1703.0
682,40.95,7332.91561174,1274.72535873,3,0,0.584165,2482.25,1705.0
683,41.01,7335.59726513,1276.45292261,3,0,0.58416697,2485.75,1707.0
684,41.07,7338.21205471,1278.01237391,3,0,0.58416894,2487.75,1711.0
685,41.13,7340.79434772,1279.4100679,3,0,0.58417092,2485.0,1710.0
686,41.19,7343.52892576,1280.81622047,3,0,0.58417289,2487.75,1713.0
687,41.25,7346.9414594,1282.24030914,3,0,0.58417486,2490.75,1716.0
688,41.31,7350.66840869,1283.67766492,3,0,0.58417684,2493.5,1716.0
689,41.37,7354.36597079,1285.11868434,3,0,0.58417881,2492.25,1721.0
690,41.43,7358.16560589,1276.62862082,3,0,0.58418079,2495.75,1722.0
691,41.49,7362.13887785,1272.96503069,3,0,0.58418276,2498.75,1724.0
692,41.55,7366.34126845,1270.37545544,3,0,0.58418473,2499.25,1724.0
693,41.61,7371.01874913,1268.56756173,3,0,0.58418671,2500.25,1724.0
694,41.67,7376.51258916,1267.02297276,3,0,0.58418868,2499.0,1724.0
695,41.73,7382.07151251,1265.48325443,3,0,0.58419066,2503.0,1725.0
696,41.79,7387.70002659,1264.2842115,3,0,0.58419263,2506.5,1727.0
697,41.85,7393.39172185,1263.38469682,3,0,0.5841946,2507.75,1734.0
698,41.91,7399.24298159,1262.60680945,3,0,0.58419658,2508.0,1732.0
699,41.97,7405.36436807,1261.96903513,3,0,0.58419855,2510.25,1737.0
700,42.03,7412.47222742,1261.42583149,3,0,0.58420052,2515.5,1742.0
701,42.09,7419.70418521,1261.13150127,3,0,0.5842025,2517.0,1742.0
702,42.15,7427.02449166,1260.89584613,3,0,0.58420447,2517.75,1742.0
703,42.21,7434.43976607,1260.69326713,3,0,0.58420645,2522.25,1747.0
704,42.27,7442.04092331,1260.49011036,3,0,0.60498451,2526.5,1749.0
705,42.33,7449.9135167,1260.29643333,3,0,0.60660741,2529.5,1750.0
706,42.39,7457.51921447,1260.23842899,3,0,0.60811225,2529.25,1751.0
707,42.45,7464.7405764,1260.58412026,5,2,0.60961708,2531.5,1753.0
708,42.51,7472.20388146,1263.01238079,5,0,0.724306,2535.5,1753.0
709,42.57,7480.00711981,1265.57296649,5,0,0.86072791,2538.0,1753.0
710,42.63,7488.23446233,1268.06056672,3,0,1.00122474,2539.75,1752.0
711,42.69,7497.05652959,1268.227122,3,0,1.02215068,2536.5,1750.0
712,42.75,7506.84069958,1268.41665247,3,0,1.02860154,2540.5,1752.0
713,42.81,7516.79906607,1268.62402037,3,0,1.03556132,2543.75,1752.0
714,42.87,7526.93624356,1268.8591033,3,0,1.04445174,2545.0,1750.0
715,42.93,7537.28849569,1269.13192044,3,0,1.05647198,2556.0,1752.0
716,42.99,7547.87312649,1269.4298579,3,0,1.06883259,2556.75,1754.0
717,43.05,7559.64291998,1269.73811326,3,0,1.0777594,2558.0,1750.0
718,43.11,7571.88352373,1270.05844112,3,0,1.08598889,2560.75,1750.0
719,43.17,7584.37318797,1270.41651122,3,0,1.09443242,2560.75,1748.0
720,43.23,7597.1021154,1270.86566212,3,0,1.10477479,2557.5,1744.0
721,43.29,7610.06672743,1271.32957546,3,0,1.11675926,2558.0,1738.0
722,43.35,7624.17361242,1271.79320271,3,0,1.12884699,2555.75,1738.0
723,43.41,7639.50205734,1261.28882971,4,0,1.13731809,2540.25,1723.0
724,43.47,7655.80676363,1255.56859087,4,0,1.14792838,2542.5,1716.0
725,43.53,7672.74958051,1252.09919848,4,0,1.37015901,2458.75,1710.0
726,43.59,7690.22283033,1248.9094576,4,0,1.63347787,2462.25,1709.0
727,43.65,7709.60499815,1246.33247985,4,0,3.31320346,2376.5,1704.0
728,43.71,7729.94095962,1244.16169662,4,0,4.0863546,2376.75,1701.0
729,43.77,7750.90536531,1242.25079528,4,0,4.56517259,2377.75,1696.0
730,43.83,7772.33963635,1240.38698166,4,0,4.88643428,2378.25,1691.0
731,43.89,7795.05561875,1238.76967068,4,0,6.02263226,2388.5,1705.0
732,43.95,7819.6654319,1237.33239504,4,0,7.79009387,2387.25,1704.0
733,44.01,7845.11984588,1236.18514566,4,0,8.51842672,2217.5,1697.0
734,44.07,7871.0528484,1235.12574581,4,0,8.89659392,2215.25,1695.0
735,44.13,7898.37885152,1234.11000028,4,0,10.18555197,2218.0,1692.0
736,44.19,7928.27142226,1233.12480364,4,0,12.64264945,2217.5,1692.0
737,44.25,7959.16371529,1232.37431379,4,0,13.53788887,2218.5,1701.0
738,44.31,7990.59270589,1231.66408599,4,0,13.97791791,2132.25,1692.0
739,44.37,8025.16050187,1231.15242203,4,0,17.02427054,2046.0,1686.0
740,44.43,8062.27255196,1230.74124872,4,0,19.48517423,2049.75,1690.0
741,44.49,8100.11294666,1230.37705225,4,0,20.13190785,2048.0,1689.0
742,44.55,8141.27104074,1230.15295823,4,0,23.36473297,2045.5,1686.0
743,44.61,8186.88381419,1229.97835248,4,0,27.72511486,1878.75,1681.0
744,44.67,8233.44831747,1229.97189014,4,0,28.58895236,1876.75,1678.0
745,44.73,8287.63826073,1230.02938606,4,0,36.13378472,1875.0,1676.0
746,44.79,8345.65843174,1229.50559474,4,0,39.89664375,1702.0,1671.0
747,44.85,8412.29527844,1229.14601228,4,0,48.48173616,1706.0,1675.0
748,44.91,8488.31289275,1228.99163989,4,0,57.84103891,1621.0,1674.0
749,44.97,8587.71353995,1229.37875853,4,0,81.20195345,1532.25,1673.0
750,45.03,8733.39736286,1239.66757726,4,0,127.46276561,1358.0,1675.0
751,45.09,8919.12978537,896.77294994,3,1,167.44116746,1269.25,1321.0
752,45.15,8917.92429887,895.73441474,3,0,1.19967469,1267.0,1320.0
753,45.21,8916.78869878,894.75977591,3,0,1.21137644,1267.25,1318.0
754,45.27,8915.72259507,893.77236361,3,0,1.22262475,1266.75,1319.0
755,45.33,8914.71734989,892.66139167,3,0,1.22623957,1263.75,1314.0
756,45.39,8913.76521111,891.61048316,3,0,1.22900865,1264.25,1312.0
757,45.45,8912.8643255,890.67643176,3,0,1.24114357,1262.25,1300.0
758,45.51,8911.94718898,888.87130745,2,0,1.20066737,1261.25,1302.0
759,45.57,8910.92101647,886.92702262,2,0,1.10128135,1258.25,1300.0
760,45.63,8909.77679835,884.80487199,2,0,0.99232939,1258.5,1294.0
761,45.69,8908.50195207,882.64307425,2,0,0.87981788,1258.75,1289.0
762,45.75,8907.08349611,880.32625148,2,0,0.75607737,1259.0,1289.0
763,45.81,8905.53835227,878.94830373,2,0,0.68913436,1261.75,1288.0
764,45.87,8904.00192308,878.25316205,2,0,0.68195263,1260.5,1288.0
765,45.93,8902.49064747,877.55721586,2,0,0.6747708,1260.25,1282.0
766,45.99,8901.00366432,876.91002201,2,0,0.66758888,1259.5,1282.0
767,46.05,8899.53772321,876.26165518,2,0,0.66040688,1261.25,1282.0
768,46.11,8898.09001972,875.55655575,2,0,0.65183107,1257.25,1278.0
769,46.17,8896.64850204,874.72546601,2,0,0.64774067,1255.75,1276.0
770,46.23,8895.23142641,873.77555176,2,0,0.65128186,1257.0,1274.0
771,46.29,8893.84663009,872.83126133,2,0,0.65572939,1256.75,1276.0
772,46.35,8892.49215604,871.88789616,2,0,0.65903429,1254.0,1276.0
773,46.41,8891.16829846,870.96347682,2,0,0.66218408,1250.75,1270.0
774,46.47,8889.87168844,870.07430389,2,0,0.66533377,1250.5,1265.0
775,46.53,8888.60000836,869.18757065,2,0,0.66874737,1249.75,1262.0
776,46.59,8887.35303317,868.31660509,2,0,0.67203834,1249.0,1266.0
777,46.65,8886.12999145,867.48001793,2,0,0.67529327,1248.0,1267.0
778,46.71,8884.92987056,866.69393269,2,0,0.67939488,1247.25,1267.0
779,46.77,8883.74878933,865.90835135,2,0,0.68296098,1250.5,1273.0
780,46.83,8882.5851551,865.11640233,2,0,0.68585452,1252.0,1275.0
781,46.89,8881.43982028,864.33383571,2,0,0.68874795,1249.5,1271.0
782,46.95,8880.31704012,863.55292206,2,0,0.69170944,1248.75,1271.0
783,47.01,8879.22186514,862.7728879,2,0,0.6956119,1250.0,1271.0
784,47.07,8878.15234328,862.00312403,2,0,0.69850982,1248.75,1268.0
785,47.13,8877.10992304,861.25925406,2,0,0.70206237,1246.75,1270.0
786,47.19,8876.09337374,860.5502769,2,0,0.70631368,1245.75,1270.0
787,47.25,8875.09272842,859.85108767,2,0,0.70922603,1245.75,1266.0
788,47.31,8874.10863602,859.18263224,2,0,0.71192978,1244.25,1268.0
789,47.37,8873.140398,858.50265473,2,0,0.71447809,1243.25,1266.0
790,47.43,8872.09479455,857.61416765,2,0,0.63411222,1241.25,1265.0
791,47.49,8871.02975968,857.10957759,2,0,0.65300449,1240.0,1263.0
792,47.55,8870.02569513,856.59556947,2,0,0.68546465,1239.5,1263.0
793,47.61,8869.08119971,856.10883204,2,0,0.71794718,1238.75,1261.0
794,47.67,8868.08712506,855.36607401,2,0,0.6394584,1237.75,1261.0
795,47.73,8867.02446932,854.82740046,2,0,0.64022571,1239.0,1265.0
796,47.79,8865.97021499,854.35185809,2,0,0.64043292,1239.5,1269.0
797,47.85,8864.92311179,853.88034803,2,0,0.64006555,1238.25,1270.0
798,47.91,8863.88311829,853.48246073,2,0,0.63963525,1238.5,1271.0
799,47.97,8862.84668608,853.12692154,2,0,0.63920492,1236.5,1273.0
800,48.03,8861.8086633,852.92794647,2,0,0.63839786,1238.25,1271.0
801,48.09,8860.76174714,852.56674893,2,0,0.6377904,1236.25,1269.0
802,48.15,8859.71738046,852.06869329,2,0,0.63750137,1235.25,1269.0
803,48.21,8858.69304597,851.54136534,2,0,0.63642563,1233.5,1268.0
804,48.27,8857.67861239,851.02266362,2,0,0.63409668,1232.25,1269.0
805,48.33,8856.65859866,850.51083496,2,0,0.63176305,1232.75,1269.0
806,48.39,8855.63216167,850.00554454,2,0,0.62894639,1232.5,1269.0
807,48.45,8854.59921167,849.5672603,2,0,0.62550704,1230.75,1267.0
808,48.51,8853.55864273,849.10789337,2,0,0.6212632,1229.5,1265.0
809,48.57,8852.51071699,848.6435502,2,0,0.61734336,1230.5,1266.0
810,48.63,8851.45718087,848.18685047,2,0,0.61394626,1229.0,1267.0
811,48.69,8850.40115425,847.74312262,2,0,0.61033292,1229.25,1269.0
812,48.75,8849.34731964,847.36476888,2,0,0.60566407,1227.25,1265.0
813,48.81,8848.29068772,846.96573965,2,0,0.59886112,1228.25,1267.0
814,48.87,8847.23095708,846.59719594,2,0,0.59192752,1227.75,1271.0
815,48.93,8846.16748387,846.23110163,2,0,0.58438059,1227.5,1271.0
816,48.99,8845.0936871,845.92079401,2,0,0.57657471,1227.5,1269.0
817,49.05,8844.11622771,847.6181354,2,0,0.65719965,1226.75,1263.0
818,49.11,8843.53646097,851.12930387,2,0,0.91132271,1225.0,1269.0
819,49.17,8843.17928662,850.86675265,2,0,0.88571344,1224.25,1267.0
820,49.23,8842.82256304,850.68542543,2,0,0.88137014,1222.75,1268.0
821,49.29,8842.45920769,850.50432246,2,0,0.87436499,1220.5,1265.0
822,49.35,8842.08836208,850.34172031,2,0,0.86555966,1221.75,1265.0
823,49.41,8841.71320634,850.29822001,2,0,0.85588511,1220.0,1264.0
824,49.47,8841.33717978,850.28008119,2,0,0.86355533,1217.75,1257.0
825,49.53,8840.95518538,850.2177315,2,0,0.85086295,1216.75,1253.0
826,49.59,8840.54097568,848.65334667,2,0,0.82895458,1223.75,1261.0
827,49.65,8840.05674916,846.73223583,2,0,0.80445776,1223.5,1265.0
828,49.71,8839.50143259,844.76605946,2,0,0.77940872,1221.75,1257.0
829,49.77,8838.86284917,842.55039286,2,0,0.74564182,1219.75,1255.0
830,49.83,8838.1271274,840.23333673,2,0,0.70802049,1219.75,1254.0
831,49.89,8837.26428016,837.42360676,2,0,0.65391745,1218.0,1247.0
832,49.95,8836.22891009,833.85904635,2,0,0.57358732,1215.0,1233.0
833,50.01,8834.90004584,826.32275047,2,0,0.38172715,1214.0,1231.0
834,50.07,8833.2621311,826.07805329,2,0,0.38482164,1215.0,1228.0
835,50.13,8831.65816569,825.86827789,2,0,0.38913557,1214.5,1225.0
836,50.19,8830.08909333,825.66559045,2,0,0.39387179,1215.75,1226.0
837,50.25,8828.55544145,825.45218864,2,0,0.39860809,1215.0,1226.0
838,50.31,8827.05480919,825.2271453,2,0,0.40274684,1215.75,1227.0
839,50.37,8825.58433224,825.00833314,2,0,0.40569208,1216.25,1227.0
840,50.43,8824.14410573,824.80160283,2,0,0.40986704,1217.0,1227.0
841,50.49,8822.73469824,824.59912344,2,0,0.41356545,1217.25,1226.0
842,50.55,8821.3587155,824.40761296,2,0,0.41832185,1216.0,1221.0
843,50.61,8820.01749046,824.21796536,2,0,0.42324801,1217.5,1221.0
844,50.67,8818.71034508,824.02727332,2,0,0.42817417,1218.5,1226.0
845,50.73,8817.43529996,823.86362429,2,0,0.43370666,1217.5,1222.0
846,50.79,8816.19397653,823.69434756,2,0,0.43968168,1217.0,1222.0
847,50.85,8814.9827035,823.52692245,2,0,0.42460586,1216.25,1221.0
848,50.91,8813.80311364,823.37741147,2,0,0.43125908,1216.5,1221.0
849,50.97,8812.65756888,823.24350186,2,0,0.43825727,1216.75,1221.0
850,51.03,8811.5478763,823.09709443,2,0,0.44552893,1216.5,1221.0
851,51.09,8810.4739436,823.03056583,2,0,0.4560995,1215.0,1219.0
852,51.15,8809.43965691,822.9576697,2,0,0.46725632,1215.5,1219.0
853,51.21,8808.43836052,822.82132965,2,0,0.47511406,1215.75,1219.0
854,51.27,8807.46842859,822.6849896,2,0,0.48223304,1215.5,1217.0
855,51.33,8806.53140288,822.57067385,2,0,0.4897434,1215.25,1217.0
856,51.39,8805.6327448,822.5502054,2,0,0.50031615,1214.75,1219.0
857,51.45,8804.78231677,822.57162464,2,0,0.51519828,1216.75,1217.0
858,51.51,8803.98143976,822.54405262,2,0,0.52737119,1216.5,1216.0
859,51.57,8803.24383638,822.48649584,2,0,0.53722469,1218.0,1217.0
860,51.63,8802.55302242,822.42641473,2,0,0.54711622,1215.5,1213.0
861,51.69,8801.90803059,822.50393986,2,0,0.56433743,1214.75,1211.0
862,51.75,8801.31417223,822.5880721,2,0,0.5802461,1214.5,1212.0
863,51.81,8800.77380535,822.67292029,2,0,0.59627411,1214.5,1213.0
864,51.87,8800.28011985,822.68692476,2,0,0.60812512,1214.0,1213.0
865,51.93,8799.8388694,822.92047212,2,0,0.62942792,1212.25,1207.0
866,51.99,8799.46162306,823.1585681,2,0,0.65101368,1212.25,1211.0
867,52.05,8799.14854268,823.39666408,2,0,0.67251831,1210.5,1210.0
868,52.11,8798.90227163,823.76734582,2,0,0.6966046,1210.25,1211.0
869,52.17,8798.73850498,824.30365352,2,0,0.72899486,1208.5,1207.0
870,52.23,8798.65969474,824.85951656,2,0,0.75708301,1207.75,1209.0
871,52.29,8798.67019536,825.66415753,2,0,0.79066003,1205.75,1209.0
872,52.35,8798.8022925,826.6820341,2,0,0.84379727,1204.5,1201.0
873,52.41,8799.06010147,827.73829748,2,0,0.88893579,1202.5,1202.0
874,52.47,8799.47918314,829.38609486,2,0,0.9952686,1202.25,1204.0
875,52.53,8800.05628199,829.85029546,2,0,1.05005245,1203.5,1208.0
876,52.59,8800.62341632,829.2431533,2,0,0.97844575,1202.25,1205.0
877,52.65,8801.20447696,829.29131627,3,1,0.95949421,1200.0,1202.0
878,52.71,8801.80881534,829.00901088,3,0,0.9565142,1198.75,1203.0
879,52.77,8802.40374328,828.6120868,3,0,0.93666216,1197.5,1202.0
880,52.83,8802.98453455,828.11795932,3,0,0.91211202,1196.0,1197.0
881,52.89,8803.52858475,827.39288454,3,0,0.87708941,1194.25,1187.0
882,52.95,8804.02434697,826.69318025,3,0,0.84136047,1192.5,1185.0
883,53.01,8804.46954689,825.75270145,3,0,0.79776222,1191.25,1177.0
884,53.07,8804.83497003,824.56892722,3,0,0.74306455,1190.0,1168.0
885,53.13,8805.11340096,822.99627248,4,0,0.6809893,1188.75,1159.0
886,53.19,8805.25579269,820.61459917,4,0,0.59030171,1188.75,1159.0
887,53.25,8805.20089829,816.93112213,3,0,0.44670687,1189.75,1159.0
888,53.31,8804.72995848,811.34441694,3,0,0.21810431,1188.75,1157.0
889,53.37,8804.1041707,811.01217851,3,0,0.22348028,1189.75,1157.0
890,53.43,8803.50529716,810.66882769,3,0,0.22875549,1189.25,1159.0
891,53.49,8802.935268,810.32411779,3,0,0.23438131,1188.25,1155.0
892,53.55,8802.39549654,809.96926563,3,0,0.24006877,1189.75,1157.0
893,53.61,8801.88280271,809.60725014,3,0,0.24514725,1190.0,1157.0
894,53.67,8801.39593317,809.25254212,3,0,0.24988714,1190.0,1155.0
895,53.73,8800.9359241,808.89865107,3,0,0.25472193,1190.25,1159.0
896,53.79,8800.50336399,808.5518169,3,0,0.25989183,1190.5,1157.0
897,53.85,8800.10008742,808.20849219,3,0,0.26531195,1191.0,1157.0
898,53.91,8799.72573173,807.86009691,3,0,0.27074161,1191.0,1159.0
899,53.97,8799.37696994,807.48755154,3,0,0.27453348,1190.75,1157.0
900,54.03,8799.05079761,807.10920834,3,0,0.27786778,1190.75,1158.0
901,54.09,8798.74823811,806.74384802,3,0,0.28116113,1189.25,1153.0
902,54.15,8798.47014753,806.38267979,3,0,0.28454908,1189.25,1153.0
903,54.21,8798.21617546,806.02916204,3,0,0.28811584,1188.75,1153.0
904,54.27,8797.98785136,805.67864472,3,0,0.29200475,1189.25,1151.0
905,54.33,8797.78548601,805.3281274,3,0,0.29589366,1189.75,1151.0
906,54.39,8797.60894524,804.98105807,3,0,0.29978257,1189.75,1152.0
907,54.45,8797.45610773,804.64355268,3,0,0.3038394,1187.5,1149.0
908,54.51,8797.32188884,804.26907539,3,0,0.3061168,1186.75,1148.0
909,54.57,8774.73224151,851.88779304,3,0,0.30775931,1186.5,1148.0
910,54.63,8761.07833883,851.51172138,3,0,0.30967638,1210.5,1200.0
911,54.69,8751.27460134,851.13970863,3,0,0.3118539,1209.75,1199.0
912,54.75,8743.27084463,850.77766199,3,0,0.31420918,1234.25,1209.0
913,54.81,8736.6467369,850.41802868,3,0,0.31656446,1234.75,1209.0
914,54.87,8730.82300245,850.06031435,3,0,0.31891974,1233.5,1211.0
915,54.93,8725.39970997,849.69640422,3,0,0.32127503,1234.75,1211.0
916,54.99,8720.8001266,849.33460303,3,0,0.32294926,1259.0,1215.0
917,55.05,8716.29687433,848.94650647,3,0,0.32436127,1258.5,1214.0
918,55.11,8712.47815191,848.54433342,3,0,0.3250484,1258.5,1216.0
919,55.17,8708.72763222,848.14885426,3,0,0.32548656,1258.25,1216.0
920,55.23,8705.40184859,847.93709945,5,2,0.32626736,1258.0,1215.0
921,55.29,8702.2780411,848.31014938,5,2,0.32704817,1255.75,1218.0
922,55.35,8699.33643262,848.6835263,5,0,0.35858314,1278.0,1220.0
923,55.41,8696.78465293,849.05548853,5,0,0.37491857,1277.5,1219.0
924,55.47,8694.28874421,849.41267643,5,0,0.39111799,1276.5,1217.0
925,55.53,8692.10259983,849.77483038,5,0,0.40689034,1276.25,1216.0
926,55.59,8690.11927234,850.13968577,5,0,0.42285955,1275.25,1216.0
927,55.65,8688.18783907,850.17050038,3,0,0.42987883,1275.5,1218.0
928,55.71,8686.57203971,849.83190781,3,0,0.43136369,1274.0,1215.0
929,55.77,8685.05677583,849.48186385,3,0,0.43242711,1272.75,1217.0
930,55.83,8683.57723531,849.13593231,3,0,0.43329641,1273.5,1217.0
931,55.89,8682.38729839,848.81484699,3,0,0.43513385,1272.5,1214.0
932,55.95,8681.30221831,848.55206114,3,0,0.43759016,1272.75,1213.0
933,56.01,8680.21002543,848.5010226,3,0,0.39861221,1272.25,1213.0
934,56.07,8679.2780219,848.42591422,3,0,0.36789478,1270.5,1209.0
935,56.13,8678.45585605,848.16517618,3,0,0.34099066,1271.5,1209.0
936,56.19,8677.6826094,847.72160343,3,0,0.34695292,1271.5,1209.0
937,56.25,8677.05145464,847.26365989,3,1,0.3757699,1269.0,1201.0
938,56.31,8676.66047086,846.80980796,3,1,0.3871858,1268.5,1201.0
939,56.37,8676.34544146,846.52196431,2,0,0.40010221,1269.0,1199.0
940,56.43,8676.10745017,846.40915041,2,0,0.41464843,1267.5,1197.0
941,56.49,8676.16624579,846.44068618,2,0,0.4373926,1266.0,1195.0
942,56.55,8676.3081986,846.65516391,2,0,0.47038328,1264.5,1195.0
943,56.61,8676.49810666,846.84217383,2,0,0.49261912,1263.5,1196.0
944,56.67,8676.8185525,847.13344694,2,0,0.51799031,1261.75,1191.0
945,56.73,8677.31693041,847.70201193,2,0,0.5263022,1261.25,1183.0
946,56.79,8677.83846856,848.32975476,2,0,0.53234807,1259.25,1179.0
947,56.85,8678.38830735,849.00204072,2,0,0.54067175,1258.75,1177.0
948,56.91,8679.14292484,849.69758569,2,0,0.55146883,1256.0,1177.0
949,56.97,8679.97681328,850.41186853,2,0,0.56252442,1255.5,1174.0
950,57.03,8680.81740112,851.11495485,2,0,0.57418664,1255.0,1175.0
951,57.09,8681.69765688,851.88311945,2,0,0.58822428,1256.25,1177.0
952,57.15,8682.8176864,852.69264364,2,0,0.60319725,1253.5,1173.0
953,57.21,8683.972307,853.5396745,2,0,0.61609568,1252.25,1173.0
954,57.27,8685.15019008,854.25495405,2,0,0.61054686,1249.25,1166.0
955,57.33,8686.32207692,854.8575693,2,0,0.5659397,1248.0,1158.0
956,57.39,8687.465267,855.48275996,2,0,0.52552701,1246.0,1156.0
957,57.45,8688.64109907,856.05837168,2,0,0.53123497,1244.25,1153.0
958,57.51,8689.85955072,856.64572504,2,0,0.53787942,1243.25,1153.0
959,57.57,8691.25889548,857.26267631,2,0,0.54548867,1242.25,1150.0
960,57.63,8692.78990717,857.94176736,2,0,0.55635179,1241.0,1148.0
961,57.69,8694.37342114,858.62211876,2,0,0.56621557,1240.75,1147.0
962,57.75,8696.01161272,859.30684552,2,0,0.57760631,1239.75,1149.0
963,57.81,8697.89868821,859.97029091,2,0,0.58943292,1239.0,1145.0
964,57.87,8699.86251625,860.62230498,2,0,0.60026265,1235.5,1139.0
965,57.93,8701.88334318,861.36120973,2,0,0.61440932,1234.25,1136.0
966,57.99,8704.00150771,862.10563271,2,0,0.62834029,1233.5,1135.0
967,58.05,8706.36403003,862.86384127,2,0,0.64433619,1233.25,1132.0
968,58.11,8708.79147679,863.65110214,2,0,0.66076823,1230.25,1133.0
969,58.17,8711.29140393,864.53024694,2,0,0.68144633,1229.0,1130.0
970,58.23,8713.97894027,865.35769676,2,0,0.70118606,1227.75,1133.0
971,58.29,8716.85139785,866.17758707,2,0,0.7397938,1226.5,1132.0
972,58.35,8719.79704103,867.22347506,4,2,0.76024185,1224.5,1129.0
973,58.41,8722.89425204,870.67971563,4,0,0.82967077,1222.0,1124.0
974,58.47,8726.41514457,874.22971847,4,0,0.89090029,1219.25,1119.0
975,58.53,8730.17952061,877.77850446,4,0,0.94785374,1217.5,1117.0
976,58.59,8734.16916926,882.04716083,4,0,1.02330911,1214.5,1114.0
977,58.65,8738.48493148,885.04046578,2,0,1.08876429,1211.25,1106.0
978,58.71,8743.16253282,887.64027539,2,0,1.15761355,1208.0,1103.0
979,58.77,8748.1134892,891.14325243,2,0,1.27150923,1205.0,1103.0
980,58.83,8753.35472347,895.07799562,2,0,1.37619594,1201.5,1095.0
981,58.89,8759.23384158,900.8236044,2,0,1.57109819,1198.5,1093.0
982,58.95,8765.85259634,914.71533751,1,0,2.01387128,1208.0,1099.0
983,59.01,8773.00343516,913.04452111,1,0,1.88362872,1200.75,1096.0
984,59.07,8780.22066689,911.08395362,1,0,1.82604192,1198.0,1092.0
985,59.13,8787.40039391,908.96538744,1,0,1.76130741,1195.0,1090.0
986,59.19,8794.4312483,906.85932483,1,0,1.70059166,1191.25,1087.0
987,59.25,8801.4382119,903.90136174,1,0,1.61283547,1186.5,1079.0
988,59.31,8808.38720709,900.44218724,1,0,1.5154186,1180.5,1078.0
989,59.37,8815.09467499,896.83647036,1,0,1.41596705,1177.5,1073.0
990,59.43,8821.68889372,892.41579497,1,0,1.29284343,1174.75,1066.0
991,59.49,8828.09986078,887.53711264,1,0,1.15452025,1170.75,1055.0
992,59.55,8834.12619657,881.6164643,1,0,0.98552954,1166.25,1042.0
993,59.61,8838.68059233,874.60665446,1,0,0.76458569,1163.0,1024.0
994,59.67,8840.79548869,860.07800624,1,0,0.31236385,1165.25,1032.0
995,59.73,8841.33575293,861.2797848,1,0,0.31450255,1166.75,1032.0
996,59.79,8841.53897226,862.53008659,1,0,0.76347049,1145.75,1030.0
997,59.85,8841.07959305,863.9070473,1,0,0.78155321,1150.0,1032.0
998,59.91,8840.3524708,865.3617245,1,0,1.07822535,1154.75,1036.0
999,59.97,8839.34467991,866.97988067,1,0,1.33797836,1159.75,1038.0
1000,60.03,8838.06460716,868.75836394,1,0,1.55167461,1165.25,1045.0
1001,60.09,8836.81293813,870.59683477,1,0,2.01872535,1171.5,1047.0
1002,60.15,8835.43448783,872.44017452,1,0,2.29894576,1156.25,1051.0
1003,60.21,8834.23727877,874.31240565,1,0,2.88339272,1162.75,1054.0
1004,60.27,8833.33070919,876.23249209,1,0,3.54590999,1170.0,1059.0
1005,60.33,8832.69317859,878.18584818,1,0,4.16503319,1176.5,1061.0
1006,60.39,8833.2341339,880.16469719,1,0,5.65678634,1160.25,1062.0
1007,60.45,8835.58854665,882.13977148,1,0,7.77857352,1170.5,1067.0
1008,60.51,8843.83681226,884.13091151,1,0,13.96271772,1153.5,1017.0
1009,60.57,8851.98554444,838.16606716,1,0,14.16198388,1163.75,1030.0
1010,60.63,8843.07361618,840.19424808,1,0,0.33976687,1171.5,1028.0
1011,60.69,8833.89211593,842.25218529,1,0,0.34140794,1181.75,1030.0
1012,60.75,8824.44831548,844.31481441,1,0,0.34327248,1190.5,1031.0
1013,60.81,8814.7425653,846.38004482,1,0,0.34506662,1203.25,1038.0
1014,60.87,8804.77748861,848.4492146,1,0,0.34686075,1212.5,1039.0
1015,60.93,8794.57175272,850.55369964,1,0,0.34899493,1226.0,1044.0
1016,60.99,8784.13284314,852.66021347,1,0,0.35132157,1235.5,1050.0
1017,61.05,8773.47159697,854.80254463,1,0,0.35374247,1245.0,1054.0
1018,61.11,8762.59691196,856.93396108,1,0,0.35611862,1255.75,1057.0
1019,61.17,8751.50880759,859.04041725,1,0,0.35801819,1265.0,1059.0
1020,61.23,8740.20809413,861.15204852,1,0,0.35987367,1277.5,1063.0
1021,61.29,8728.69757514,863.27864689,1,0,0.36165756,1291.0,1065.0
1022,61.35,8716.99067254,865.41332195,1,0,0.36344146,1306.25,1073.0
1023,61.41,8705.08847831,867.55060366,1,0,0.36522536,1320.0,1078.0
1024,61.47,8693.00003755,869.72240233,1,0,0.36722954,1330.0,1082.0
1025,61.53,8680.73573648,871.92013041,1,0,0.37010631,1340.75,1083.0
1026,61.59,8668.2990672,874.13821534,1,0,0.3731194,1355.75,1082.0
1027,61.65,8655.69004626,876.36514707,1,0,0.37679186,1368.25,1084.0
1028,61.71,8642.90393539,878.5543219,1,0,0.37895135,1386.0,1090.0
1029,61.77,8629.9450709,880.75540373,1,0,0.38096046,1401.5,1091.0
1030,61.83,8616.82100929,882.95716876,1,0,0.38277368,1412.0,1090.0
1031,61.89,8603.53362234,885.15939211,1,0,0.38458095,1425.5,1092.0
1032,61.95,8590.09335177,887.39881191,1,0,0.3871682,1437.25,1093.0
1033,62.01,8576.50445499,889.65098732,1,0,0.38997729,1450.25,1097.0
1034,62.07,8562.76788416,891.92633897,1,0,0.39379894,1465.0,1099.0
1035,62.13,8548.88442671,894.19938462,1,0,0.39729246,1484.25,1103.0
1036,62.19,8534.85218343,896.43484933,1,0,0.39982895,1496.5,1102.0
1037,62.25,8520.67226816,898.68683271,1,0,0.4022906,1508.25,1102.0
1038,62.31,8506.35498633,900.94841682,1,0,0.4047919,1527.5,1105.0
1039,62.37,8491.90499758,903.23542508,1,0,0.40839503,1539.75,1100.0
1040,62.43,8477.3249933,905.5435233,1,0,0.41189002,1556.25,1102.0
1041,62.49,8462.63104176,907.87032801,1,0,0.41574427,1570.0,1105.0
1042,62.55,8447.8340982,910.20459286,1,0,0.41943147,1588.75,1105.0
1043,62.61,8432.91986163,912.52595241,1,0,0.42298204,1603.25,1106.0
1044,62.67,8417.88502909,914.80352519,1,0,0.42527087,1621.0,1108.0
1045,62.73,8402.72873783,917.1108568,1,0,0.42885759,1638.0,1104.0
1046,62.79,8387.45352286,919.45253943,1,0,0.43270673,1651.75,1106.0
1047,62.85,8372.06893242,921.83681381,1,0,0.43777294,1664.0,1105.0
1048,62.91,8356.59374733,925.11340454,3,2,0.44230316,1683.25,1112.0
1049,62.97,8341.05720635,928.55652833,3,0,0.48212557,1696.75,1112.0
1050,63.03,8325.46665886,932.04400221,3,0,0.50613872,1712.5,1110.0
1051,63.09,8309.82750741,935.52173815,3,0,0.53089137,1728.75,1116.0
1052,63.15,8294.1426179,939.06162172,3,0,0.5566646,1746.25,1115.0
1053,63.21,8278.41366007,942.45389024,3,0,0.58177093,1760.75,1110.0
1054,63.27,8262.63753165,945.76262641,3,0,0.60741517,1777.5,1112.0
1055,63.33,8246.81388199,948.76052476,1,0,0.64736812,1796.25,1114.0
1056,63.39,8230.91914425,951.23241067,1,0,0.66092901,1809.25,1113.0
1057,63.45,8214.95680044,953.730813,1,0,0.67422393,1824.25,1112.0
1058,63.51,8198.92630761,956.18152863,1,0,0.68544997,1837.25,1111.0
1059,63.57,8182.82877904,958.70178579,1,0,0.69879871,1852.75,1115.0
1060,63.63,8166.67478237,961.35993062,1,0,0.71528014,1866.5,1114.0
1061,63.69,8150.47998993,964.11159719,1,0,0.73523112,1883.25,1118.0
1062,63.75,8134.24334827,966.78414558,1,0,0.75268492,1898.5,1115.0
1063,63.81,8117.96252089,969.49570541,1,0,0.77015913,1912.25,1111.0
1064,63.87,8101.64296188,972.33767586,1,0,0.79158474,1930.0,1114.0
1065,63.93,8085.29858559,975.33972296,1,0,0.81785349,1945.75,1110.0
1066,63.99,8068.93705602,978.42280332,1,0,0.84349907,1960.25,1115.0
1067,64.05,8052.57043204,981.71058296,1,0,0.87452949,1975.75,1118.0
1068,64.11,8036.21989563,985.25676424,1,0,0.9154,1989.75,1121.0
1069,64.17,8019.89454742,988.84085388,1,0,0.95315726,2004.5,1123.0
1070,64.23,8003.61717304,993.06265338,1,0,1.00865857,2013.5,1117.0
1071,64.29,7987.44076601,997.81681439,1,0,1.07966951,2026.75,1118.0
1072,64.35,7971.42246156,1003.86952556,1,0,1.17951669,2040.25,1119.0
1073,64.41,7955.69619472,1013.1752365,1,0,1.35015042,2054.5,1118.0
1074,64.47,7940.60118717,1021.3878688,1,0,1.70160011,2080.0,1132.0
1075,64.53,7925.39457193,1021.07216439,1,0,1.3785539,2093.25,1137.0
1076,64.59,7909.94978092,1020.67163043,1,0,1.32889298,2107.75,1130.0
1077,64.65,7895.64518387,1019.42227889,1,0,1.27414391,2122.5,1119.0
1078,64.71,7882.74131466,1017.58605182,1,0,1.21474955,2135.75,1121.0
1079,64.77,7870.60888618,1015.47474301,1,0,1.15588336,2141.0,1112.0
1080,64.83,7858.95342019,1012.97575486,1,0,1.08919136,2146.25,1107.0
1081,64.89,7847.71168874,1009.9151372,1,0,1.01219025,2153.75,1104.0
1082,64.95,7836.72192707,1006.62013243,1,0,0.9325625,2160.0,1095.0
1083,65.01,7825.90295396,1002.38043607,1,0,0.83187862,2167.25,1089.0
1084,65.07,7815.19168746,997.5449383,1,0,0.71762846,2175.25,1081.0
1085,65.13,7804.44697624,989.98974965,1,0,0.54636098,2180.0,1056.0
1086,65.19,7793.25061654,977.41881461,1,0,0.2716793,2188.5,1052.0
1087,65.25,7781.99260042,977.78263211,1,0,0.27292397,2198.0,1054.0
1088,65.31,7771.0675194,978.16789194,1,0,0.27469824,2203.75,1047.0
1089,65.37,7760.46664724,978.52313874,1,0,0.2764156,2210.75,1045.0
1090,65.43,7750.15084561,978.82879491,1,0,0.27812656,2219.25,1049.0
1091,65.49,7740.09811042,979.12785837,1,0,0.27983744,2223.5,1047.0
1092,65.55,7730.30702561,979.39343426,1,0,0.2809497,2229.5,1043.0
1093,65.61,7720.7763859,979.66665411,1,0,0.2824346,2232.5,1044.0
1094,65.67,7711.50798933,979.93616255,1,0,0.28374033,2238.75,1039.0
1095,65.73,7702.481656,980.17102342,1,0,0.28506221,2245.5,1040.0
1096,65.79,7693.67274856,980.40221374,1,0,0.28705391,2251.25,1039.0
1097,65.85,7685.07677517,980.6371333,1,0,0.28879507,2255.5,1037.0
1098,65.91,7676.69387342,980.87205286,1,0,0.29045603,2260.0,1040.0
1099,65.97,7668.52393746,981.11076874,1,0,0.29211699,2265.0,1039.0
1100,66.03,7660.56666426,981.34870082,1,0,0.29377795,2268.75,1038.0
1101,66.09,7652.81053456,981.55621989,1,0,0.29561658,2275.25,1038.0
1102,66.15,7645.24122217,981.74244534,1,0,0.29713349,2275.0,1033.0
1103,66.21,7637.84948673,981.93146899,1,0,0.2986158,2274.5,1028.0
1104,66.27,7630.63653057,982.13728107,1,0,0.30077986,2276.5,1026.0
1105,66.33,7623.60169962,982.35069495,1,0,0.30276424,2278.25,1026.0
1106,66.39,7616.75789306,982.57635776,1,0,0.30486725,2279.75,1026.0
1107,66.45,7610.10682017,982.80377013,1,0,0.30690925,2282.5,1026.0
1108,66.51,7603.6316287,982.99681048,1,0,0.30876944,2287.0,1026.0
1109,66.57,7597.32136789,983.18662029,1,0,0.31139723,2288.25,1025.0
1110,66.63,7591.16406675,983.34608451,1,0,0.31361357,2291.5,1024.0
1111,66.69,7585.15675053,983.51465108,1,0,0.31540057,2291.0,1021.0
1112,66.75,7579.29842861,983.68376086,1,0,0.31718756,2292.5,1021.0
1113,66.81,7573.58976918,983.86034403,1,0,0.31908528,2292.0,1019.0
1114,66.87,7568.03408717,984.06185215,1,0,0.3213829,2292.0,1018.0
1115,66.93,7562.63683474,984.27711729,1,0,0.3236468,2295.0,1016.0
1116,66.99,7557.39639485,984.52159412,1,0,0.32779727,2293.75,1016.0
1117,67.05,7552.30438757,984.74761829,1,0,0.33104187,2294.25,1015.0
1118,67.11,7547.34831477,984.91553345,1,0,0.33353313,2294.25,1015.0
1119,67.17,7542.5254414,985.05783796,1,0,0.33541184,2293.75,1017.0
1120,67.23,7537.83737811,985.22174302,1,0,0.3378974,2293.0,1015.0
1121,67.29,7533.28487699,985.38270313,1,0,0.34016117,2292.0,1011.0
1122,67.35,7528.86940563,985.5916734,1,0,0.34377241,2295.25,1009.0
1123,67.41,7524.59370616,985.81844167,1,0,0.3472164,2296.0,1009.0
1124,67.47,7520.45859547,986.07219779,1,0,0.35156691,2295.75,1011.0
1125,67.53,7516.46195921,986.31074974,1,0,0.35562907,2291.0,1004.0
1126,67.59,7512.59568444,986.48620078,1,0,0.35849199,2291.25,1001.0
1127,67.65,7508.85100419,986.66623688,1,0,0.36140386,2290.75,1001.0
1128,67.71,7505.23283221,986.89113117,1,0,0.36598927,2290.5,1002.0
1129,67.77,7501.74188372,987.13883792,1,0,0.37012511,2288.25,1000.0
1130,67.83,7498.3775809,987.40029238,1,0,0.37543548,2288.0,1000.0
1131,67.89,7495.14119872,987.67278123,1,0,0.38004879,2287.0,1000.0
1132,67.95,7492.03642947,987.961716,1,0,0.38456002,2285.25,997.0
1133,68.01,7489.06454175,988.231874,1,0,0.39000665,2284.25,998.0
1134,68.07,7486.22461054,988.53895824,1,0,0.39516586,2283.25,996.0
1135,68.13,7483.51308431,988.86486969,1,0,0.40154105,2279.75,988.0
1136,68.19,7480.92601918,989.18158732,1,0,0.40696559,2277.5,984.0
1137,68.25,7478.46003452,989.56821262,1,0,0.41428519,2276.75,985.0
1138,68.31,7476.12145986,990.03492562,1,0,0.42327172,2274.0,982.0
1139,68.37,7473.91771458,990.48966286,1,0,0.43315572,2273.5,980.0
1140,68.43,7471.84578654,990.89618908,1,0,0.44018565,2271.0,980.0
1141,68.49,7469.91030298,991.4242641,1,0,0.45099232,2269.5,982.0
1142,68.55,7468.11824795,992.07142572,1,0,0.46373734,2268.25,980.0
1143,68.61,7465.86504145,993.17650195,1,0,0.47616052,2266.25,980.0
1144,68.67,7462.19557908,995.1495536,1,0,0.49218593,2266.5,977.0
1145,68.73,7457.83859244,998.34839535,3,2,0.51356632,2268.0,976.0
1146,68.79,7453.07405373,1003.41230109,3,0,0.60856616,2268.0,978.0
1147,68.85,7448.10736648,1009.5495062,3,0,0.69229878,2268.75,980.0
1148,68.91,7443.06127242,1017.7350352,3,0,0.81954382,2269.5,980.0
1149,68.97,7438.3416901,1030.81864258,1,0,1.16182604,2268.75,977.0
1150,69.03,7433.58807722,1031.72235614,1,0,0.89564372,2272.75,973.0
1151,69.09,7428.46106523,1032.6827637,1,0,0.88193745,2275.0,970.0
1152,69.15,7423.01481365,1033.68072325,1,0,0.86828683,2278.25,969.0
1153,69.21,7417.26237671,1034.68889979,1,0,0.85550028,2282.75,967.0
1154,69.27,7411.20335201,1035.48968362,1,0,0.83838561,2287.5,962.0
1155,69.33,7404.85154385,1035.62416288,1,0,0.80992585,2299.5,979.0
1156,69.39,7398.15584724,1034.63521508,1,0,0.76552471,2302.5,975.0
1157,69.45,7391.09333259,1033.46299438,1,0,0.71806948,2307.75,976.0
1158,69.51,7383.63655612,1031.9034634,1,0,0.66396933,2311.75,970.0
1159,69.57,7375.77890506,1029.99921243,1,0,0.60413421,2317.25,968.0
1160,69.63,7367.513627,1027.44191727,1,0,0.53296967,2323.25,962.0
1161,69.69,7358.76826723,1023.58133195,1,0,0.43993282,2329.0,949.0
1162,69.75,7349.39926825,1015.54586748,1,0,0.26383701,2332.25,936.0
1163,69.81,7339.16123866,1011.3190555,1,0,0.18809019,2340.75,938.0
1164,69.87,7328.77072879,1013.42301018,1,0,0.18923609,2349.75,938.0
1165,69.93,7318.27730748,1015.50647821,1,0,0.19025762,2359.25,940.0
1166,69.99,7307.68314672,1017.63576435,1,0,0.19267143,2368.25,944.0
1167,70.05,7296.98896961,1019.76386882,1,0,0.19425812,2375.75,942.0
1168,70.11,7286.19714703,1021.89430829,1,0,0.1957707,2386.75,946.0
1169,70.17,7275.31765421,1024.01421617,1,0,0.19692862,2395.25,948.0
1170,70.23,7264.35589167,1026.1462372,1,0,0.19856748,2403.25,948.0
1171,70.29,7253.3125995,1028.28310186,1,0,0.19976094,2412.75,950.0
1172,70.35,7242.20145659,1030.47569903,1,0,0.20275127,2424.25,948.0
1173,70.41,7231.03038739,1032.67494193,1,0,0.20458831,2432.25,948.0
1174,70.47,7219.79266616,1034.89862403,1,0,0.20642536,2438.25,950.0
1175,70.53,7208.49916241,1037.12546217,1,0,0.22963534,2444.25,948.0
1176,70.59,7197.15590648,1039.32768219,1,0,0.2342875,2452.75,948.0
1177,70.65,7185.76561386,1041.5099599,1,0,0.24113306,2454.75,948.0
1178,70.71,7175.71724211,1042.89992456,1,0,0.24892496,2458.75,948.0
1179,70.77,7166.81090191,1043.8277868,1,0,0.25575555,2463.0,946.0
1180,70.83,7158.62119734,1044.64796052,1,0,0.26407945,2466.0,946.0
1181,70.89,7150.98628216,1045.35576143,1,0,0.27247449,2469.0,948.0
1182,70.95,7143.85755152,1046.0340744,1,0,0.28143837,2473.0,948.0
1183,71.01,7137.14537743,1046.65843694,1,0,0.29210152,2476.5,946.0
1184,71.07,7130.82647665,1047.27997668,1,0,0.30136492,2476.5,944.0
1185,71.13,7124.87052029,1047.77393757,1,0,0.31022135,2480.0,946.0
1186,71.19,7119.23376399,1048.24180318,1,0,0.32114298,2480.75,944.0
1187,71.25,7113.92207225,1048.73059014,1,0,0.33359077,2480.25,944.0
1188,71.31,7108.93132413,1049.25455577,1,0,0.34872814,2483.75,944.0
1189,71.37,7104.22442604,1049.78545282,1,0,0.3631807,2484.25,944.0
1190,71.43,7099.80020367,1050.32888533,1,0,0.37898077,2483.25,944.0
1191,71.49,7095.65860507,1050.86403565,1,0,0.39455474,2481.5,938.0
1192,71.55,7091.77199849,1051.35519323,1,0,0.41100545,2481.75,942.0
1193,71.61,7088.12221279,1051.93152733,1,0,0.43042086,2482.25,942.0
1194,71.67,7084.71575196,1052.50541121,1,0,0.44701753,2482.25,940.0
1195,71.73,7081.56665734,1053.08558041,1,0,0.46757257,2481.25,943.0
1196,71.79,7078.6655467,1053.71422035,1,0,0.49113219,2478.25,941.0
1197,71.85,7075.99975704,1054.41891333,1,0,0.51778819,2478.25,933.0
1198,71.91,7073.57268767,1055.17673797,1,0,0.54331663,2479.75,935.0
1199,71.97,7071.38566122,1055.66133905,1,0,0.56558401,2478.0,934.0
1200,72.03,7069.3519613,1055.33570508,1,0,0.55869302,2473.5,938.0
1201,72.09,7067.42207273,1054.97449496,1,0,0.57209335,2470.5,935.0
1202,72.15,7065.6013174,1054.62337809,1,0,0.58926506,2470.5,937.0
1203,72.21,7063.8896713,1054.28071414,1,0,0.60774564,2467.75,931.0
1204,72.27,7062.27977848,1053.87483698,1,0,0.62556909,2461.75,935.0
1205,72.33,7060.75419031,1053.39195869,1,0,0.64260348,2458.0,935.0
1206,72.39,7059.28813014,1052.84878664,1,0,0.65944616,2455.5,931.0
1207,72.45,7057.83752731,1052.37665784,1,0,0.67116502,2451.75,929.0
1208,72.51,7056.34138829,1051.94369038,1,0,0.66172973,2449.25,928.0
1209,72.57,7054.73063842,1051.45251612,1,0,0.65104608,2448.25,932.0
1210,72.63,7053.13768537,1050.89851522,1,0,0.63986797,2442.75,926.0
1211,72.69,7051.68195263,1050.32979421,1,0,0.64033048,2442.0,926.0
1212,72.75,7050.35257257,1049.75256821,1,0,0.65827143,2438.25,922.0
1213,72.81,7049.19980939,1049.39946527,1,0,0.68170093,2434.75,924.0
1214,72.87,7048.49664413,1050.16273358,1,0,0.83353926,2435.25,925.0
1215,72.93,7048.5893672,1050.90424741,1,0,1.02991899,2430.75,927.0
1216,72.99,7049.2569628,1051.77155815,1,0,1.32072666,2426.0,919.0
1217,73.05,7050.15185249,1053.0918099,1,0,1.39632718,2419.5,916.0
1218,73.11,7051.27423426,1054.34795323,1,0,1.45351868,2413.25,917.0
1219,73.17,7052.72669427,1057.88210945,1,0,1.61194606,2407.75,909.0
1220,73.23,7054.33489207,1053.69823238,1,0,1.49719697,2404.75,915.0
1221,73.29,7055.66098666,1046.67428443,1,0,1.4046274,2399.0,899.0
1222,73.35,7056.39509411,1036.02056878,1,0,1.28576388,2393.0,895.0
1223,73.41,7056.9369625,1036.0990289,1,0,1.27750464,2387.0,887.0
1224,73.47,7057.545723,1036.15884113,1,0,1.26871337,2383.5,888.0
1225,73.53,7058.22072832,1036.2301309,1,0,1.25986228,2379.5,883.0
1226,73.59,7058.9702047,1036.32138158,1,0,1.25102946,2376.25,881.0
1227,73.65,7059.79417369,1036.42846046,1,0,1.23980235,2371.75,881.0
1228,73.71,7060.69127552,1036.53553933,1,0,1.2281218,2367.5,881.0
1229,73.77,7061.66156416,1036.65031058,1,0,1.21649524,2365.25,875.0
1230,73.83,7062.70642203,1036.80589394,1,0,1.20717786,2360.75,871.0
1231,73.89,7063.80926202,1036.90180322,1,0,1.19530025,2356.75,869.0
1232,73.95,7064.96315789,1036.99941845,1,0,1.18343874,2350.25,867.0
1233,74.01,7066.17112031,1037.10313567,1,0,1.17207454,2347.75,863.0
1234,74.07,7067.43658883,1037.22236311,1,0,1.16110972,2347.0,861.0
1235,74.13,7068.76578096,1037.34593701,1,0,1.15024267,2342.75,857.0
1236,74.19,7070.16243198,1037.5406289,1,0,1.14265086,2339.5,859.0
1237,74.25,7071.63115446,1036.76913356,3,0,1.13406594,2335.5,855.0
1238,74.31,7073.17549059,1035.05608637,3,0,1.12366898,2332.75,851.0
1239,74.37,7074.80288879,1033.34796047,3,0,1.1136612,2326.75,843.0
1240,74.43,7076.52401118,1031.65389226,3,0,1.10184486,2325.5,842.0
1241,74.49,7078.31988699,1029.99566215,3,0,1.08948656,2321.25,837.0
1242,74.55,7080.203194,1028.42789747,3,0,1.08394969,2316.25,835.0
1243,74.61,7082.17985605,1026.83384552,3,0,1.07673986,2313.25,833.0
1244,74.67,7084.24414844,1025.16673131,3,0,1.06933316,2312.0,835.0
1245,74.73,7086.38724772,1023.49355841,3,0,1.06273809,2308.0,827.0
1246,74.79,7088.59986253,1021.89515034,3,0,1.05391927,2305.0,825.0
1247,74.85,7090.89083244,1020.39710611,3,0,1.05248357,2302.0,825.0
1248,74.91,7093.26281308,1018.90199068,3,0,1.0482033,2299.0,817.0
1249,74.97,7095.70245705,1017.27118419,3,0,1.03985878,2295.5,813.0
1250,75.03,7098.20505767,1015.66948654,3,0,1.0318602,2293.0,814.0
1251,75.09,7100.7882841,1014.28445502,3,0,1.03337139,2288.5,810.0
1252,75.15,7103.47149005,1012.9455219,3,0,1.03604488,2285.5,806.0
1253,75.21,7106.24719636,1011.48153821,3,0,1.03617275,2283.5,808.0
1254,75.27,7109.0960568,1010.04434974,3,0,1.0347307,2280.25,803.0
1255,75.33,7112.02832716,1008.84600965,3,0,1.04175019,2276.0,798.0
1256,75.39,7115.05290406,1007.76547387,3,0,1.04828193,2273.5,794.0
1257,75.45,7118.16881624,1006.59947424,3,0,1.05973095,2269.0,786.0
1258,75.51,7121.38762303,1005.85213753,3,0,1.08106168,2266.25,777.0
1259,75.57,7124.77725709,1005.77625685,3,0,1.13924673,2264.25,777.0
1260,75.63,7128.18675703,1000.33177784,3,0,1.05017122,2265.75,789.0
1261,75.69,7131.28552881,992.83980849,3,0,0.97968297,2260.5,769.0
1262,75.75,7133.79347225,979.40964484,3,0,0.87513509,2258.25,763.0
1263,75.81,7135.90044811,977.72764611,3,0,0.81796914,2255.0,761.0
1264,75.87,7137.96355192,976.05803459,3,0,0.75570894,2254.25,759.0
1265,75.93,7139.95061283,974.4050778,3,0,0.6796329,2253.25,755.0
1266,75.99,7141.81903827,972.76824651,3,0,0.58367852,2252.0,750.0
1267,76.05,7143.55080349,971.14708014,3,0,0.48299958,2252.0,750.0
1268,76.11,7145.04779696,970.05245759,3,0,0.32197691,2248.75,735.0
1269,76.17,7146.01660885,970.06442309,3,0,0.0,2248.75,735.0
1270,76.23,7146.74591643,970.10644963,3,0,0.0,2248.75,735.0
1271,76.29,7147.59616728,970.15835749,3,0,0.0,2248.75,735.0
1272,76.35,7148.56675546,970.2020234,3,0,0.0,2248.75,735.0
1273,76.41,7149.65462572,970.24921465,3,0,0.0,2248.75,735.0
1274,76.47,7150.85670827,970.29138383,3,0,0.0,2248.75,735.0
1275,76.53,7152.17391849,970.34433078,3,0,0.0,2248.75,735.0
1276,76.59,7153.61000124,970.42200889,3,0,0.0,2248.75,735.0
1277,76.65,7155.1638459,970.51078424,3,0,0.0,2248.75,735.0
1278,76.71,7156.83848859,970.6036181,3,0,0.0,2248.75,735.0
1279,76.77,7158.63402076,970.69883674,3,0,0.0,2248.75,735.0
1280,76.83,7160.54879535,970.79557436,3,0,0.0,2248.75,735.0
1281,76.89,7162.58264333,970.89231198,3,0,0.0,2248.75,735.0
1282,76.95,7164.73762584,970.99937872,3,0,0.0,2248.75,735.0
1283,77.01,7167.01767984,971.11395556,3,0,0.0,2248.75,735.0
1284,77.07,7169.42188275,971.2358606,3,0,0.0,2248.75,735.0
1285,77.13,7171.94973787,971.36631793,3,0,0.0,2248.75,735.0
1286,77.19,7174.60143018,971.51805071,3,0,0.0,2248.75,735.0
1287,77.25,7177.38245085,971.6680179,3,0,0.0,2248.75,735.0
1288,77.31,7180.28903206,971.81116308,3,0,0.0,2248.75,735.0
1289,77.37,7183.31975088,971.95430827,3,0,0.0,2248.75,735.0
1290,77.43,7186.47460729,972.09745345,3,0,0.0,2248.75,735.0
1291,77.49,7189.75233118,972.24468796,3,0,0.0,2248.75,735.0
1292,77.55,7193.1501179,972.3985729,3,0,0.0,2248.75,735.0
1293,77.61,7196.6705918,972.58242447,3,0,0.0,2248.75,735.0
1294,77.67,7200.32010626,972.77577792,3,0,0.0,2248.75,735.0
1295,77.73,7204.10277406,972.97236254,3,0,0.0,2248.75,735.0
1296,77.79,7208.01932312,973.17417275,3,0,0.0,2248.75,735.0
1297,77.85,7212.07598813,973.38717632,3,0,0.0,2248.75,735.0
1298,77.91,7216.27396753,973.59910101,3,0,0.0,2248.75,735.0
1299,77.97,7220.60574247,973.80673552,3,0,0.0,2248.75,735.0
1300,78.03,7225.06709063,974.01658626,3,0,0.0,2248.75,735.0
1301,78.09,7229.65567206,974.23172175,3,0,0.0,2248.75,735.0
1302,78.15,7234.37014938,974.45541795,3,0,0.0,2248.75,735.0
1303,78.21,7239.21707433,974.69703315,3,0,0.0,2248.75,735.0
1304,78.27,7244.2037919,974.94526089,3,0,0.0,2248.75,735.0
1305,78.33,7249.32913227,975.19612414,3,0,0.0,2248.75,735.0
1306,78.39,7254.59311455,975.45334018,3,0,0.0,2248.75,735.0
1307,78.45,7260.00631192,975.72744287,3,0,0.0,2248.75,735.0
1308,78.51,7265.57884278,976.00382649,3,0,0.0,2248.75,735.0
1309,78.57,7271.29658586,976.29376734,3,0,0.0,2248.75,735.0
1310,78.63,7277.16219321,976.59582691,3,0,0.0,2248.75,735.0
1311,78.69,7283.17881011,976.90316688,3,0,0.0,2248.75,735.0
1312,78.75,7289.34439855,977.20320532,3,0,0.01090479,2248.75,735.0
1313,78.81,7295.6627377,977.52026482,3,0,0.01281824,2248.75,735.0
1314,78.87,7302.13603074,977.83011719,3,0,0.02616442,2246.5,735.0
1315,78.93,7308.75858056,978.14228111,3,0,0.04615634,2245.5,734.0
1316,78.99,7315.53483433,978.48128699,3,0,0.0749038,2242.25,734.0
1317,79.05,7322.47181462,978.8355576,3,0,0.09972165,2241.5,732.0
1318,79.11,7329.57149994,979.20739665,3,0,0.12453951,2240.5,732.0
1319,79.17,7336.83647969,979.58007805,3,0,0.14935736,2240.75,732.0
1320,79.23,7344.26676898,979.95275944,3,0,0.17417522,2238.75,732.0
1321,79.29,7351.86319784,980.33457561,3,0,0.19982311,2236.75,732.0
1322,79.35,7359.6351013,980.73426006,3,0,0.23489843,2236.25,732.0
1323,79.41,7367.58243536,981.1397209,3,0,0.27254741,2232.25,732.0
1324,79.47,7375.70586714,981.57538418,3,0,0.31193335,2230.25,731.0
1325,79.53,7384.01716004,982.0264094,3,0,0.36164491,2228.25,731.0
1326,79.59,7392.51934614,982.48799287,3,0,0.41299544,2225.25,731.0
1327,79.65,7401.20908789,982.93974955,3,0,0.46434596,2222.0,731.0
1328,79.71,7410.08278141,983.39042435,3,0,0.51569648,2217.0,731.0
1329,79.77,7419.140712,983.85415046,3,0,0.56788918,2209.5,730.0
1330,79.83,7428.39169152,984.34403414,3,0,0.63141372,2207.25,729.0
1331,79.89,7437.83956017,984.84951652,3,0,0.69837298,2202.75,728.0
1332,79.95,7447.49426682,985.39786772,3,0,0.77010421,2200.75,728.0
1333,80.01,7457.3733167,985.9616409,3,0,0.85344843,2196.75,728.0
1334,80.07,7467.4754971,986.52974669,3,0,0.93727361,2192.0,728.0
1335,80.13,7477.79910622,987.10101347,3,0,1.02109879,2188.75,728.0
1336,80.19,7488.3424988,987.678061,3,0,1.10505215,2181.75,728.0
1337,80.25,7499.17226303,988.29466307,3,0,1.20099595,2178.25,727.0
1338,80.31,7510.25480037,988.92806259,3,0,1.30449459,2172.5,727.0
1339,80.37,7521.5869105,989.61468098,3,0,1.41545725,2167.0,727.0
1340,80.43,7533.17974026,990.30296079,3,0,1.54022627,2160.25,727.0
1341,80.49,7545.03065022,990.99927909,3,0,1.66525825,2152.5,727.0
1342,80.55,7557.13559628,991.69795851,3,0,1.79029023,2142.75,727.0
1343,80.61,7569.50192626,992.43929926,3,0,1.92291621,2137.5,727.0
1344,80.67,7582.15356942,993.21630226,3,0,2.07319209,2130.75,725.0
1345,80.73,7595.10950455,994.06796532,3,0,2.23291029,2125.25,724.0
1346,80.79,7608.39232948,994.93975522,3,0,2.43486085,2117.5,723.0
1347,80.85,7621.77931983,1006.22244677,3,0,2.65328422,2109.5,722.0
1348,80.91,7634.7599271,1015.09363261,3,0,2.85523213,2099.25,720.0
1349,80.97,7647.16423714,1034.51593414,3,0,3.08375788,2087.75,719.0
1350,81.03,7659.01123578,1045.35540007,3,0,3.33974218,2076.25,720.0
1351,81.09,7670.75882547,1051.87101447,3,0,3.63916284,2065.0,720.0
1352,81.15,7682.83337369,1050.80872387,3,0,3.94336806,2052.25,721.0
1353,81.21,7695.58828151,1050.54521508,3,0,4.2634113,2041.5,720.0
1354,81.27,7708.9474432,1050.90783741,3,0,4.6262285,2031.75,719.0
1355,81.33,7722.93751515,1051.67936577,3,0,5.04934584,2017.75,718.0
1356,81.39,7737.49197394,1053.21044899,3,0,5.50188267,2001.5,720.0
1357,81.45,7752.64680527,1054.98970403,3,0,6.01981784,1989.25,719.0
1358,81.51,7769.11706881,1025.17898942,3,0,6.64384841,1972.0,715.0
1359,81.57,7786.81144683,1027.21128325,3,0,7.33925255,1953.5,714.0
1360,81.63,7805.58391954,1030.23510302,3,0,8.31421468,1933.25,710.0
1361,81.69,7826.19151724,1036.41123297,1,0,10.02476986,1912.75,709.0
1362,81.75,7847.9574647,1034.2120158,1,0,10.99918056,1892.5,706.0
1363,81.81,7869.75856101,1032.17771588,1,0,11.1216914,1867.5,702.0
1364,81.87,7891.5965047,1030.30428601,1,0,11.27138142,1848.5,698.0
1365,81.93,7913.49602377,1028.32022554,1,0,11.44568508,1830.75,698.0
1366,81.99,7935.4584055,1026.34287543,1,0,11.62083081,1810.5,696.0
1367,82.05,7957.49536614,1024.50630168,1,0,11.81131897,1785.75,690.0
1368,82.11,7979.65322914,1022.86472021,1,0,12.05397343,1760.5,688.0
1369,82.17,8001.93810535,1021.23685357,1,0,12.30568181,1731.75,687.0
1370,82.23,8024.38128706,1019.7967987,1,0,12.58962413,1709.25,684.0
1371,82.29,8047.06282148,1018.36579393,1,0,12.95023526,1684.5,681.0
1372,82.35,8070.006759,1017.21462975,1,0,13.33733449,1656.5,677.0
1373,82.41,8093.35436931,1016.43005193,1,0,13.87278077,1630.25,675.0
1374,82.47,8117.31301908,1016.78378506,1,0,14.61657271,1599.5,672.0
1375,82.53,8142.58550528,1017.07157031,1,0,16.03699079,1613.0,672.0
1376,82.59,8171.13888805,1012.56900933,1,0,16.22644321,1583.25,666.0
1377,82.65,8199.47849824,1008.04159729,1,0,16.20134783,1555.0,662.0
1378,82.71,8227.46391813,1003.53610103,1,0,16.17615108,1527.25,658.0
1379,82.77,8255.09032045,999.05206921,1,0,16.15095432,1501.25,652.0
1380,82.83,8282.3565104,994.57499854,1,0,16.12527884,1473.0,646.0
1381,82.89,8309.24978113,990.12799154,1,0,16.08640121,1443.5,637.0
1382,82.95,8335.76458033,985.67710452,1,0,16.0409689,1412.0,628.0
1383,83.01,8361.89415477,981.22040626,1,0,15.99553659,1385.0,621.0
1384,83.07,8387.64001534,976.802959,1,0,15.95010428,1361.0,617.0
1385,83.13,8412.9931958,972.39113983,1,0,15.89646055,1332.0,611.0
1386,83.19,8437.94292589,967.98510098,1,0,15.82732982,1307.0,601.0
1387,83.25,8462.48891142,963.57906212,1,0,15.75773464,1281.25,597.0
1388,83.31,8486.63131451,959.17753886,1,0,15.68813727,1257.75,593.0
1389,83.37,8510.36120242,954.81514254,1,0,15.60892188,1227.5,587.0
1390,83.43,8533.66026217,950.47084661,1,0,15.51055733,1201.75,581.0
1391,83.49,8556.52497765,946.160993,1,0,15.41153733,1174.25,577.0
1392,83.55,8578.94977119,941.86071389,1,0,15.30950248,1148.25,569.0
1393,83.61,8600.91059661,937.55438274,1,0,15.17722441,1127.0,565.0
1394,83.67,8622.39321718,933.22722219,1,0,15.0245921,1101.5,559.0
1395,83.73,8643.39550927,928.91478,1,0,14.86874713,1081.25,555.0
1396,83.79,8663.90170788,924.66754952,1,0,14.69250736,1057.0,545.0
1397,83.85,8683.88842449,920.43105175,1,0,14.49082665,1035.5,541.0
1398,83.91,8703.35292161,916.23118712,1,0,14.28852996,1014.75,533.0
1399,83.97,8722.18720373,916.29808732,1,0,14.04972017,995.25,527.0
1400,84.03,8740.21462004,913.25740381,1,0,13.78700265,973.25,521.0
1401,84.09,8757.67800092,909.14300698,1,0,13.49764251,949.5,511.0
1402,84.15,8774.48822778,905.22240965,1,0,13.13796438,932.75,507.0
1403,84.21,8790.62332018,900.96885364,1,0,12.72809777,912.75,499.0
1404,84.27,8805.97312207,897.15496084,1,0,12.21824371,892.25,493.0
1405,84.33,8820.36307957,893.24703841,1,0,11.54755425,867.75,475.0
1406,84.39,8833.24979921,890.00760444,1,0,10.33110235,851.25,471.0
1407,84.45,8845.03099977,887.43430801,1,0,9.52182881,839.25,469.0
1408,84.51,8856.37123008,884.81296587,1,0,9.47482908,826.5,467.0
1409,84.57,8867.32666071,882.19148781,1,0,9.42424046,811.75,463.0
1410,84.63,8877.93271386,879.65520723,1,0,9.36094821,797.25,459.0
1411,84.69,8888.18268521,877.16967246,1,0,9.28460728,784.75,459.0
1412,84.75,8898.10100615,874.51805758,1,0,9.20521693,771.75,461.0
1413,84.81,8907.70414599,871.90101443,1,0,9.12582657,757.5,455.0
1414,84.87,8917.10308532,869.45067379,1,0,9.04643622,745.75,451.0
1415,84.93,8926.60288925,867.02446614,1,0,8.96704586,732.75,446.0
1416,84.99,8935.98880872,864.50422149,1,0,8.88648924,721.5,448.0
1417,85.05,8945.23339743,862.11745302,1,0,8.79079782,709.5,446.0
1418,85.11,8954.27222479,859.95448601,1,0,8.67692584,698.75,441.0
1419,85.17,8963.10041389,857.80255852,1,0,8.55649382,684.5,433.0
1420,85.23,8971.72361515,855.66540838,1,0,8.43606181,672.5,429.0
1421,85.29,8980.12968678,853.42346579,1,0,8.3156298,664.0,428.0
1422,85.35,8988.28502314,851.13027833,1,0,8.19519779,653.0,424.0
1423,85.41,8996.18272634,848.81352978,1,0,8.06395486,641.25,418.0
1424,85.47,9003.79679769,846.45271336,1,0,7.9055437,630.75,414.0
1425,85.53,9011.10946976,844.08751924,1,0,7.73078095,622.25,415.0
1426,85.59,9018.12107955,841.71700497,1,0,7.55594389,613.5,410.0
1427,85.65,9024.80973938,839.2669307,1,0,7.38110684,604.5,405.0
1428,85.71,9031.17143769,836.78401839,1,0,7.20381203,595.5,403.0
1429,85.77,9037.17708576,834.21097056,1,0,6.99338647,586.75,398.0
1430,85.83,9042.78835841,831.59413947,1,0,6.74594954,580.25,396.0
1431,85.89,9048.00028504,828.96799533,1,0,6.49451437,572.75,392.0
1432,85.95,9052.81437989,826.34194391,1,0,6.2430792,563.5,385.0
1433,86.01,9057.21659394,823.59789334,1,0,5.97372882,555.5,378.0
1434,86.07,9061.12391227,820.60626843,1,0,5.6292524,551.5,378.0
1435,86.13,9064.49773346,817.62531697,1,0,5.26025982,546.5,372.0
1436,86.19,9067.34146299,814.63574799,1,0,4.88992998,541.0,372.0
1437,86.25,9069.57982188,811.25961657,1,0,4.43058561,534.5,366.0
1438,86.31,9071.08295791,807.7609375,1,0,3.85975106,529.0,362.0
1439,86.37,9071.81586834,803.90512279,1,0,3.24446417,528.0,356.0
1440,86.43,9071.44297206,798.99726406,1,0,2.28789411,525.0,348.0
1441,86.49,9069.22789475,791.26565212,1,0,0.55852145,524.0,338.0
1442,86.55,9066.00850263,791.64310386,1,0,0.0,524.0,338.0
1443,86.61,9062.78515721,792.01486914,1,0,0.0,526.0,340.0
1444,86.67,9059.56729418,792.39155393,1,0,0.0,527.5,342.0
1445,86.73,9056.34870204,792.76823873,1,0,0.0,529.0,342.0
1446,86.79,9053.12348373,793.15196397,1,0,0.0,529.0,342.0
1447,86.85,9049.8927582,793.52635105,1,0,0.0,529.0,342.0
1448,86.91,9046.66120893,793.86976975,1,0,0.0,532.0,344.0
1449,86.97,9043.4304459,794.22136103,1,0,0.0,533.0,344.0
1450,87.03,9040.20096039,794.57727669,1,0,0.0,534.0,344.0
1451,87.09,9036.97218183,794.93464796,1,0,0.0,534.0,344.0
1452,87.15,9033.74264654,795.29664024,1,0,0.0,536.0,346.0
1453,87.21,9030.51186327,795.64423571,1,0,0.0,537.5,346.0
1454,87.27,9027.27766341,795.97609342,1,0,0.0,539.0,346.0
1455,87.33,9024.04199181,796.12976294,1,0,0.0,539.0,346.0
1456,87.39,9020.81181143,796.1667575,1,0,0.0,539.0,346.0
1457,87.45,9017.58812691,796.20638644,1,0,0.0,542.0,348.0
1458,87.51,9014.37161077,796.25085932,1,0,0.0,543.0,348.0
1459,87.57,9011.16342038,796.30315351,1,0,0.0,544.0,348.0
1460,87.63,9007.96377938,796.36217521,1,0,0.0,544.0,348.0
1461,87.69,9004.77162715,796.42684373,1,0,0.0,546.0,350.0
1462,87.75,9001.58619393,796.48658583,1,0,0.0,547.5,350.0
1463,87.81,8998.40472334,796.54116956,1,0,0.0,549.0,350.0
1464,87.87,8995.23051485,796.5681178,1,0,0.0,549.0,350.0
1465,87.93,8992.06145607,796.87121037,1,0,0.0,549.0,350.0
1466,87.99,8988.89016887,797.23986167,1,0,0.0,551.5,352.0
1467,88.05,8985.71668641,797.61265971,1,0,0.0,553.0,352.0
1468,88.11,8982.54164338,797.99158683,1,0,0.0,554.5,356.0
1469,88.17,8979.36697323,798.37989006,1,0,0.0,554.5,356.0
1470,88.23,8976.19371569,798.77275076,1,0,0.0,557.0,358.0
1471,88.29,8973.0222726,799.17027478,1,0,0.0,558.5,360.0
1472,88.35,8969.85410566,799.55423233,1,0,0.0,560.5,362.0
1473,88.41,8966.69222895,799.92403852,1,0,0.0,560.5,362.0
1474,88.47,8963.53688246,800.29367089,1,0,0.0,560.5,362.0
1475,88.53,8960.38548774,800.66048328,1,0,0.0,563.5,364.0
1476,88.59,8957.23822974,801.03420371,1,0,0.0,564.75,365.0
1477,88.65,8954.09609938,801.41264281,1,0,0.0,566.0,366.0
1478,88.71,8950.9593341,801.79156842,1,0,0.0,566.0,366.0
1479,88.77,8947.82548787,802.16410318,1,0,0.0,568.5,368.0
1480,88.83,8944.69418783,802.54240438,1,0,0.0,569.5,368.0
1481,88.89,8941.56629481,802.90322148,1,0,0.0,571.0,368.0
1482,88.95,8938.44434333,803.25703976,1,0,0.0,571.0,368.0
1483,89.01,8935.32910331,803.61302556,1,0,0.0,571.0,368.0
1484,89.07,8932.22091744,803.97464224,1,0,0.0,574.0,370.0
1485,89.13,8929.12011101,804.33771461,1,0,0.0,575.5,370.0
1486,89.19,8926.02669492,804.70326288,1,0,0.0,576.0,370.0
1487,89.25,8922.94192586,805.08280564,1,0,0.0,576.0,370.0
1488,89.31,8919.86329358,805.66219759,1,0,0.0,578.5,372.0
1489,89.37,8916.78769132,806.2541671,1,0,0.0,579.5,372.0
1490,89.43,8913.71582192,806.8407323,1,0,0.0,581.0,372.0
1491,89.49,8910.65050521,807.4150963,1,0,0.0,581.0,372.0
1492,89.55,8907.59273306,807.98824301,1,0,0.0,581.0,372.0
1493,89.61,8904.54249687,808.55429618,1,0,0.0,584.0,374.0
1494,89.67,8901.49731158,809.11632497,1,0,0.0,585.0,374.0
1495,89.73,8898.45714422,809.68469699,1,0,0.0,585.0,374.0
1496,89.79,8895.42226622,810.25611024,1,0,0.0,585.0,374.0
1497,89.85,8892.39261417,810.84044572,1,0,0.0,587.5,376.0
1498,89.91,8889.36566876,811.43628582,1,0,0.0,588.0,376.0
1499,89.97,8885.58745154,828.21957357,1,0,0.0,590.0,378.0
1500,90.03,8881.02975328,836.25935613,1,0,0.0,590.0,378.0
1501,90.09,8876.02091949,842.61134372,1,0,0.0,590.0,378.0
1502,90.15,8870.63489062,847.60711491,1,0,0.0,593.0,380.0
1503,90.21,8865.79154488,835.43727395,1,0,0.0,594.0,380.0
1504,90.27,8861.41321842,831.81031556,3,0,0.0,594.0,380.0
1505,90.33,8857.36826158,828.15541904,3,0,0.0,594.0,380.0
1506,90.39,8853.61181115,825.13464794,1,0,0.0,596.5,382.0
1507,90.45,8850.00532007,825.23526987,1,0,0.0,597.0,382.0
1508,90.51,8846.46534146,825.28060668,1,0,0.0,598.0,382.0
1509,90.57,8842.97342125,825.61429772,1,0,0.0,598.0,382.0
1510,90.63,8839.52182515,825.92460814,1,0,0.0,598.5,382.0
1511,90.69,8836.11260442,826.22640858,1,0,0.0,601.0,384.0
1512,90.75,8832.75696881,826.6160479,1,0,0.0,602.0,384.0
1513,90.81,8829.44326485,827.01307567,1,0,0.0,602.0,384.0
1514,90.87,8826.16650353,827.42252204,1,0,0.0,602.0,384.0
1515,90.93,8822.91768651,827.98810281,1,0,0.0,604.5,386.0
1516,90.99,8819.69583405,828.46210032,1,0,0.0,605.0,386.0
1517,91.05,8816.50467019,828.94984347,1,0,0.0,606.0,386.0
1518,91.11,8813.3418414,829.449211,1,0,0.0,606.0,386.0
1519,91.17,8810.20271479,830.07099497,1,0,0.0,606.5,386.0
1520,91.23,8807.08488966,830.67876961,1,0,0.0,609.0,388.0
1521,91.29,8803.99648033,831.21934283,1,0,0.0,610.0,388.0
1522,91.35,8800.93921329,831.76863479,1,0,0.0,610.0,388.0
1523,91.41,8797.91280028,832.36459539,1,0,0.0,610.0,388.0
1524,91.47,8794.91170501,833.04959798,1,0,0.0,612.5,390.0
1525,91.53,8791.93434118,833.73602009,1,0,0.0,613.0,390.0
1526,91.59,8788.98258152,834.36782025,1,0,0.0,614.0,390.0
1527,91.65,8786.0621973,834.9807913,1,0,0.0,614.0,390.0
1528,91.71,8783.17330854,835.63954476,1,0,0.0,614.5,390.0
1529,91.77,8780.3105142,836.35908215,1,0,0.0,617.25,392.0
1530,91.83,8777.47414227,837.07850934,1,0,0.0,618.25,392.0
1531,91.89,8774.665497,837.81277658,1,0,0.0,618.5,392.0
1532,91.95,8771.88627583,838.50325933,1,0,0.0,618.5,392.0
1533,92.01,8769.14256667,839.16727101,1,0,0.0,621.25,395.0
1534,92.07,8766.431684,839.89712715,1,0,0.0,622.0,396.0
1535,92.13,8763.74869162,840.65287768,1,0,0.0,623.0,396.0
1536,92.19,8761.09365307,841.42299166,1,0,0.0,623.0,396.0
1537,92.25,8758.46764372,842.20665483,1,0,0.0,623.5,396.0
1538,92.31,8755.87117155,843.00195718,1,0,0.0,626.0,398.0
1539,92.37,8753.30845534,843.75509944,1,0,0.0,627.0,398.0
1540,92.43,8750.78295348,844.556511,1,0,0.0,627.0,398.0
1541,92.49,8748.29007597,845.38528828,1,0,0.0,627.0,398.0
1542,92.55,8745.83029213,846.2435811,1,0,0.0,629.5,400.0
1543,92.61,8743.405069,847.12572187,1,0,0.0,630.0,400.0
1544,92.67,8741.01595377,848.02707994,1,0,0.0,631.0,400.0
1545,92.73,8738.66490514,848.94807626,1,0,0.0,631.0,400.0
1546,92.79,8736.35377944,849.8564065,1,0,0.0,631.5,400.0
1547,92.85,8734.08444972,850.82644451,1,0,0.0,634.0,402.0
1548,92.91,8731.85854125,851.83369733,1,0,0.0,635.5,404.0
1549,92.97,8729.67977586,852.89380857,1,0,0.0,635.5,404.0
1550,93.03,8727.55236011,853.9960173,1,0,0.0,636.0,404.0
1551,93.09,8725.47817906,855.14079253,1,0,0.0,638.0,406.0
1552,93.15,8723.45948443,856.3387714,1,0,0.0490391,638.5,406.0
1553,93.21,8721.4996142,857.63313564,1,0,0.06445697,638.0,406.0
1554,93.27,8719.60435674,859.0030143,1,0,0.08338863,637.5,406.0
1555,93.33,8717.78141074,860.51892973,1,0,0.10748033,638.0,408.0
1556,93.39,8716.04122284,862.24727642,1,0,0.13811835,639.0,408.0
1557,93.45,8714.40055732,864.35229796,1,0,0.17967137,640.0,410.0
1558,93.51,8712.89613622,867.57864744,1,0,0.24710699,637.5,408.0
1559,93.57,8711.61891872,870.55622976,1,0,0.3728225,651.5,416.0
1560,93.63,8710.381199,870.66023446,1,0,0.33150978,651.75,418.0
1561,93.69,8709.14660457,870.78223349,1,0,0.33151214,652.0,418.0
1562,93.75,8707.91641814,870.87717186,1,0,0.33151483,651.5,416.0
1563,93.81,8706.69182254,870.97472299,1,0,0.3315177,651.5,416.0
1564,93.87,8705.47376289,871.07623445,1,0,0.33152062,650.5,416.0
1565,93.93,8704.26166997,871.17867629,1,0,0.33152353,648.5,416.0
1566,93.99,8703.05567621,871.28223343,1,0,0.33152645,647.5,416.0
1567,94.05,8701.85581602,871.38579056,1,0,0.33152937,646.5,414.0
1568,94.11,8700.66117556,871.51127797,1,0,0.33153229,646.0,414.0
1569,94.17,8699.46931675,871.64983589,1,0,0.33153521,645.5,420.0
1570,94.23,8698.28208688,871.7631605,1,0,0.33153813,645.0,424.0
1571,94.29,8697.10225799,871.87010679,1,0,0.33154105,644.5,426.0
1572,94.35,8695.92860363,871.97323885,1,0,0.33154397,644.5,426.0
1573,94.41,8694.76099851,872.07637091,1,0,0.33154689,644.0,428.0
1574,94.47,8693.59944264,872.17950297,1,0,0.33154981,645.0,432.0
1575,94.53,8692.44393468,872.28476961,1,0,0.33155273,644.0,432.0
1576,94.59,8691.29343068,872.41344056,1,0,0.33155565,643.5,430.0
1577,94.65,8690.14598522,872.55023199,1,0,0.33155857,644.25,433.0
1578,94.71,8689.0015621,872.67643622,1,0,0.33156149,642.75,433.0
1579,94.77,8687.87313618,872.78198075,1,0,0.33156441,644.5,438.0
1580,94.83,8686.76079033,872.88752528,1,0,0.33156733,644.0,436.0
1581,94.89,8685.65488974,872.99769347,1,0,0.33157025,644.0,436.0
1582,94.95,8684.55592306,873.11268829,1,0,0.33157317,644.0,442.0
1583,95.01,8683.46397812,873.22833046,1,0,0.33157609,645.5,442.0
1584,95.07,8682.37820658,873.36315765,1,0,0.33157901,645.5,442.0
1585,95.13,8681.29547329,873.49911109,1,0,0.33158193,645.0,442.0
1586,95.19,8680.21579338,873.64857685,1,0,0.33158485,646.5,446.0
1587,95.25,8679.14075466,873.78767268,1,0,0.33158777,645.5,448.0
1588,95.31,8678.07292885,873.91185297,1,0,0.33159069,647.25,450.0
1589,95.37,8677.01278739,874.03603326,1,0,0.33159361,646.75,448.0
1590,95.43,8675.96033028,874.16021355,1,0,0.33159653,647.75,446.0
1591,95.49,8674.91555752,874.28439383,1,0,0.33159945,647.75,448.0
1592,95.55,8673.87749844,874.414085,1,0,0.33160237,649.25,448.0
1593,95.61,8672.84396174,874.56362824,1,0,0.33160529,649.5,449.0
1594,95.67,8671.81452722,874.71441923,1,0,0.33160821,649.25,448.0
1595,95.73,8670.78940901,874.86645959,1,0,0.33161112,649.75,450.0
1596,95.79,8669.76889674,875.00833446,1,0,0.33161404,649.25,450.0
1597,95.85,8668.75538264,875.13471043,1,0,0.33161696,650.25,450.0
1598,95.91,8667.74945686,875.26108641,1,0,0.33161988,649.75,448.0
1599,95.97,8666.7511194,875.38746238,1,0,0.3316228,649.75,448.0
1600,96.03,8665.76032297,875.51676071,1,0,0.33162572,649.75,450.0
1601,96.09,8664.77575696,875.66168492,1,0,0.33162864,649.75,450.0
1602,96.15,8663.79585312,875.81196326,1,0,0.33163156,649.75,450.0
1603,96.21,8662.82065142,875.9643483,1,0,0.33163448,648.75,448.0
1604,96.27,8661.85024566,876.11673334,1,0,0.3316374,649.25,450.0
1605,96.33,8660.88466828,876.26416046,1,0,0.33164032,649.25,454.0
1606,96.39,8659.9246486,876.37852814,1,0,0.33164324,647.25,454.0
1607,96.45,8658.9692805,876.48873664,1,0,0.33164616,645.75,452.0
1608,96.51,8658.01842916,876.60245378,1,0,0.33164908,646.5,454.0
1609,96.57,8528.55571449,1108.91815963,2,0,0.331652,758.0,683.0
1610,96.63,8447.40120052,1104.50857926,2,0,0.33165492,759.0,679.0
1611,96.69,8390.98235282,1101.51518169,2,0,0.33165784,880.0,677.0
1612,96.75,8345.17093298,1099.08389013,2,0,0.33166076,878.5,679.0
1613,96.81,8305.9048998,1096.97367981,2,0,0.33166368,879.5,679.0
1614,96.87,8271.18635346,1095.14467983,2,0,0.3316666,1001.5,679.0
1615,96.93,8239.79137488,1093.33937511,2,0,0.33166952,1002.0,675.0
1616,96.99,8211.2340127,1091.56527522,2,0,0.33167244,1000.0,673.0
1617,97.05,8184.83374906,1089.82561997,2,0,0.33167536,1001.25,673.0
1618,97.11,8160.88699019,1088.15569897,2,0,0.33167828,1121.75,671.0
1619,97.17,8138.67410195,1086.53120811,2,0,0.3316812,1121.0,671.0
1620,97.23,8117.69138632,1084.91794313,2,0,0.33168412,1121.0,671.0
1621,97.29,8098.43831882,1083.40745829,2,0,0.33168704,1118.0,669.0
1622,97.35,8080.08460879,1081.89601958,2,0,0.33168996,1118.0,669.0
1623,97.41,8062.85038199,1080.42407743,2,0,0.33169288,1118.5,669.0
1624,97.47,8046.63269795,1078.99503056,2,0,0.3316958,1237.5,667.0
1625,97.53,8031.11385266,1077.64051377,2,0,0.33169871,1234.5,665.0
1626,97.59,8015.60881463,1076.43903632,2,0,0.33170163,1234.5,665.0
1627,97.65,8001.37826521,1075.30931966,2,0,0.33170455,1234.5,665.0
1628,97.71,7987.40931232,1074.18945808,2,0,0.33170747,1233.5,665.0
1629,97.77,7974.01149157,1073.10774362,2,0,0.33171039,1233.0,665.0
1630,97.83,7960.98047703,1072.0361742,2,0,0.33171331,1230.75,664.0
1631,97.89,7949.17706639,1071.01654057,2,0,0.33171623,1230.75,664.0
1632,97.95,7937.55512402,1070.01509845,2,0,0.33171915,1230.0,665.0
1633,98.01,7926.0175923,1069.01763288,2,0,0.33172207,1230.0,665.0
1634,98.07,7915.49484134,1068.04967738,2,0,0.33172499,1227.0,663.0
1635,98.13,7905.46146257,1067.10035908,2,0,0.33172791,1227.0,663.0
1636,98.19,7895.6574345,1066.17052636,2,0,0.33173083,1227.0,663.0
1637,98.25,7886.15581425,1065.26258974,2,0,0.33173375,1226.0,663.0
1638,98.31,7877.11952291,1064.36815789,2,0,0.33173667,1225.5,663.0
1639,98.37,7868.41728821,1076.55732959,2,0,0.33173959,1223.0,661.0
1640,98.43,7858.91014115,1084.65674823,2,0,0.33174251,1223.0,661.0
1641,98.49,7848.98080639,1080.49137939,2,0,0.33174543,1222.75,662.0
1642,98.55,7840.19773509,1074.1988091,2,0,0.33174835,1222.25,662.0
1643,98.61,7832.45133085,1071.26600059,2,0,0.33175127,1219.25,660.0
1644,98.67,7824.85891582,1069.20125476,2,0,0.33175419,1219.5,661.0
1645,98.73,7817.63253585,1067.28179563,2,0,0.33175711,1219.5,661.0
1646,98.79,7810.6690226,1065.79889898,2,0,0.33176003,1218.5,661.0
1647,98.85,7804.39904149,1064.72372668,2,0,0.33176295,1218.0,661.0
1648,98.91,7798.50993257,1063.27662807,2,0,0.33176587,1215.5,659.0
1649,98.97,7792.82780729,1062.22098006,2,0,0.33176879,1215.5,659.0
1650,99.03,7787.16549729,1061.38545768,2,0,0.33177171,1215.0,659.0
1651,99.09,7781.94078383,1060.26630845,2,0,0.33177463,1214.5,659.0
1652,99.15,7777.40846862,1059.2382452,2,0,0.33177755,1211.5,657.0
1653,99.21,7772.90071772,1058.43432367,2,0,0.33178047,1211.5,657.0
1654,99.27,7768.56672681,1057.67212053,2,0,0.33178339,1211.5,657.0
1655,99.33,7764.42630116,1056.78688866,2,0,0.3317863,1210.5,657.0
1656,99.39,7760.71674361,1055.91296012,2,0,0.3317891,1210.0,657.0
1657,99.45,7757.45099412,1055.20009636,2,0,0.33179174,1207.5,655.0
1658,99.51,7754.36960638,1054.51812216,2,0,0.33179423,1207.5,655.0
1659,99.57,7751.29613484,1053.83100268,2,0,0.33179657,1207.0,655.0
1660,99.63,7748.30342271,1053.04575683,2,0,0.33179875,1206.5,655.0
1661,99.69,7746.12336449,1052.36517785,2,0,0.33180078,1203.5,653.0
1662,99.75,7744.08053398,1051.7241058,2,0,0.33180265,1203.5,653.0
1663,99.81,7742.04281896,1051.08514093,2,0,0.33180437,1203.5,653.0
1664,99.87,7740.24879129,1050.46425546,2,0,0.33180594,1202.5,653.0
1665,99.93,7738.58920338,1049.84338597,2,0,0.33180736,1201.5,651.0
1666,99.99,7737.48279351,1049.20906169,2,0,0.33180862,1199.0,649.0
1667,100.05,7736.45411746,1048.61096438,2,0,0.33180973,1199.0,649.0
1668,100.11,7735.75793359,1048.03629227,2,0,0.33181068,1198.5,649.0
1669,100.17,7735.1144377,1047.49007888,2,0,0.33181148,1198.0,649.0
1670,100.23,7734.47145863,1046.97407627,2,0,0.33181213,1195.0,647.0
1671,100.29,7734.39334155,1046.43400564,2,0,0.33181262,1195.0,647.0
1672,100.35,7734.67975083,1045.89699744,2,0,0.33181292,1195.0,647.0
1673,100.41,7735.03538673,1045.58764721,2,0,0.33181304,1194.0,647.0
1674,100.47,7735.38973556,1045.29169567,2,0,0.33181289,1193.5,645.0
1675,100.53,7735.74150491,1045.0126506,2,0,0.33181247,1190.5,643.0
1676,100.59,7736.9790772,1044.81270689,2,0,0.33181177,1190.75,644.0
1677,100.65,7738.24840465,1044.65754432,2,0,0.33181079,1189.75,644.0
1678,100.71,7739.5781368,1044.48800769,2,0,0.33180954,1189.75,644.0
1679,100.77,7741.07917939,1044.32528549,2,0,0.33180801,1186.75,642.0
1680,100.83,7742.57768357,1044.16216362,2,0,0.33180619,1187.0,643.0
1681,100.89,7744.90909789,1044.03159873,2,0,0.33180411,1187.0,643.0
1682,100.95,7747.34719668,1043.91727149,2,0,0.33180174,1186.25,643.0
1683,101.01,7749.7691657,1043.8278482,2,0,0.33179909,1185.5,640.0
1684,101.07,7752.17277871,1043.7403741,2,0,0.33179617,1182.5,638.0
1685,101.13,7754.73047099,1043.58650489,2,0,0.33179297,1182.5,638.0
1686,101.19,7758.1234598,1043.04821646,2,0,0.33178949,1182.5,638.0
1687,101.25,7761.45529726,1042.84260174,2,0,0.33178574,1182.25,639.0
1688,101.31,7764.7330642,1042.7940596,2,0,0.3317817,1179.25,637.0
1689,101.37,7768.0856725,1042.78055101,2,0,0.33177739,1179.25,637.0
1690,101.43,7771.76707944,1042.80812848,2,0,0.3317728,1179.25,637.0
1691,101.49,7775.95936799,1042.85908572,2,0,0.33176794,1178.5,637.0
1692,101.55,7780.11876773,1042.8657343,2,0,0.33176279,1178.5,637.0
1693,101.61,7784.45308706,1042.8851501,2,0,0.33170284,1175.5,635.0
1694,101.67,7788.94159543,1042.91753913,2,0,0.33022868,1175.5,635.0
1695,101.73,7793.60395585,1042.95679805,2,0,0.32859303,1175.0,635.0
1696,101.79,7798.71139698,1043.03262121,2,0,0.32695779,1174.5,635.0
1697,101.85,7804.16298058,1043.14808515,2,0,0.32351823,1171.75,631.0
1698,101.91,7809.57677424,1043.2794545,2,0,0.31885788,1171.75,631.0
1699,101.97,7814.95551446,1043.39958525,2,0,0.31419752,1171.75,631.0
1700,102.03,7821.01923237,1043.52345817,2,0,0.30841133,1170.75,631.0
1701,102.09,7827.4121696,1043.66797046,2,0,0.30058942,1170.75,631.0
1702,102.15,7833.82407487,1043.82466647,2,0,0.29275174,1169.0,631.0
1703,102.21,7840.44484525,1044.0110568,2,0,0.28282085,1169.0,631.0
1704,102.27,7847.14539519,1044.21697328,2,0,0.27190654,1168.0,631.0
1705,102.33,7854.70366573,1044.46394453,2,0,0.25862874,1168.0,631.0
1706,102.39,7862.38307087,1044.71674644,2,0,0.24411588,1167.0,629.0
1707,102.45,7870.12015565,1044.96282574,2,0,0.22694112,1167.0,629.0
1708,102.51,7878.00177906,1045.19972606,2,0,0.20690153,1166.0,625.0
1709,102.57,7886.51154244,1045.4636543,2,0,0.18357724,1165.0,621.0
1710,102.63,7895.48099403,1045.7509283,2,0,0.15455502,1165.0,621.0
1711,102.69,7904.55256155,1046.0694144,2,0,0.11615867,1164.0,615.0
1712,102.75,7913.7476561,1046.42409658,2,0,0.04600284,1164.0,615.0
1713,102.81,7923.74026195,1046.81996782,2,0,0.0,1164.0,615.0
1714,102.87,7934.2623759,1047.23225632,2,0,0.0,1164.0,615.0
1715,102.93,7944.77585132,1047.64060852,2,0,0.0,1164.0,615.0
1716,102.99,7955.28162175,1048.0166705,2,0,0.0,1164.0,615.0
1717,103.05,7966.56034313,1048.41130682,2,0,0.0,1164.0,615.0
1718,103.11,7979.04269449,1048.8296021,2,0,0.0,1164.0,615.0
1719,103.17,7991.52042242,1049.26358631,2,0,0.0,1164.0,615.0
1720,103.23,8003.99244469,1049.70731547,2,0,0.0,1164.0,615.0
1721,103.29,8017.79193878,1050.17794958,2,0,0.0,1164.0,615.0
1722,103.35,8032.42514512,1050.66210222,2,0,0.0,1164.0,615.0
1723,103.41,8047.05090832,1051.14691625,2,0,0.0,1164.5,619.0
1724,103.47,8061.89304009,1051.61718959,2,0,0.22305012,1164.5,619.0
1725,103.53,8079.03617789,1052.1172124,2,0,2.5276154,1164.5,619.0
1726,103.59,8096.17715257,1052.62373912,2,0,2.5276154,1164.5,619.0
1727,103.65,8113.31569928,1053.14257715,2,0,2.5276154,1164.5,619.0
1728,103.71,8132.96727714,1053.7085532,2,0,5.04417362,1034.5,619.0
1729,103.77,8153.10651769,1054.28190065,2,0,5.53702928,1034.75,619.0
1730,103.83,8173.23937067,1054.85377729,2,0,5.53702928,1035.0,619.0
1731,103.89,8196.59755177,1055.47746592,2,0,8.76863402,1035.0,619.0
1732,103.95,8220.40880815,1056.11093716,2,0,9.22718153,1035.0,619.0
1733,104.01,8245.26354651,1056.73566996,2,0,10.27424384,904.5,617.0
1734,104.07,8273.75904847,1057.41511009,2,0,13.91657433,904.5,617.0
1735,104.13,8302.25281936,1058.10096688,2,0,13.91657433,904.5,617.0
1736,104.19,8336.31943888,1058.88002613,2,0,19.49237449,904.5,617.0
1737,104.25,8371.04528237,1059.72493757,3,1,20.15550347,774.0,615.0
1738,104.31,8413.71408615,1060.96399612,3,1,28.10023392,774.0,615.0
1739,104.37,8460.72181407,1062.2698083,3,0,32.43922051,774.0,615.0
1740,104.43,8517.91037717,1063.73225672,3,0,42.62011776,643.5,613.0
1741,104.49,8600.46208588,1065.58319836,3,0,67.983191,643.5,613.0
1742,104.55,8734.77651854,856.43434181,2,0,134.38565703,513.5,352.0
1743,104.61,8715.9412558,856.97843849,2,0,0.0,537.5,404.0
1744,104.67,8704.34748488,857.53382512,2,0,0.0,537.5,404.0
1745,104.73,8695.09628833,858.09568461,2,0,0.0,561.5,408.0
1746,104.79,8687.20721892,858.6636572,2,0,0.0,561.5,408.0
1747,104.85,8679.97894231,859.23938192,2,0,0.0,562.5,410.0
1748,104.91,8673.51210258,859.82633045,2,0,0.0,562.5,410.0
1749,104.97,8667.5612939,860.42115134,2,0,0.0,586.5,414.0
1750,105.03,8661.96602843,861.01223277,2,0,0.0,586.5,414.0
1751,105.09,8656.78722014,861.58530139,2,0,0.0,586.5,414.0
1752,105.15,8651.88486746,862.16194604,2,0,0.0,586.5,414.0
1753,105.21,8647.1996981,862.73571285,2,0,0.0,587.0,414.0
1754,105.27,8642.86135482,863.33014002,2,0,0.0,587.0,414.0
1755,105.33,8638.52832677,863.92581845,2,0,0.0,611.0,418.0
1756,105.39,8634.64137824,864.52220621,2,0,0.0,611.0,418.0
1757,105.45,8630.78596818,865.11913096,2,0,0.0,611.0,418.0
1758,105.51,8627.056673,865.71864898,2,0,0.0,611.0,418.0
1759,105.57,8623.61415797,866.3180072,2,0,0.0,611.5,418.0
1760,105.63,8620.17976166,866.90302178,2,0,0.0,611.5,418.0
1761,105.69,8616.91959327,867.50646005,2,0,0.0,611.5,418.0
1762,105.75,8613.8570257,868.11877649,2,0,0.0,611.5,418.0
1763,105.81,8610.80266693,868.73888244,2,0,0.0,611.5,418.0
1764,105.87,8607.90082035,869.35899486,2,0,0.0,611.5,418.0
1765,105.93,8605.1782545,869.97913419,2,0,0.0,611.75,418.0
1766,105.99,8602.46361435,870.59936416,2,0,0.0,612.0,418.0
1767,106.05,8599.84084419,871.2205272,2,0,0.0,612.0,418.0
1768,106.11,8597.42917644,871.83191419,2,0,0.0,612.0,418.0
1769,106.17,8595.02389391,872.42503736,2,0,0.0,612.0,418.0
1770,106.23,8592.62463617,873.02525846,2,0,0.0,612.0,418.0
1771,106.29,8590.4926858,873.64099198,2,0,0.0,612.0,418.0
1772,106.35,8588.37004381,874.26400485,2,0,0.0,612.0,418.0
1773,106.41,8586.2673421,874.88752411,2,0,0.0,612.0,418.0
1774,106.47,8584.31832883,875.51104777,2,0,0.0,612.5,422.0
1775,106.53,8582.48480709,876.13460239,2,0,0.0,612.75,424.0
1776,106.59,8580.65673211,876.75126387,2,0,0.0,613.25,427.0
1777,106.65,8578.84012461,877.36239455,2,0,0.0,613.5,428.0
1778,106.71,8577.25930722,877.96789049,2,0,0.0,613.5,428.0
1779,106.77,8575.68507547,878.5782392,2,0,0.0,613.5,428.0
1780,106.83,8574.11627573,879.19569636,2,0,0.0,614.0,430.0
1781,106.89,8572.64713131,879.81315352,2,0,0.0,614.0,430.0
1782,106.95,8571.31500852,880.43298083,2,0,0.0,614.0,430.0
1783,107.01,8569.98859337,881.06820381,2,0,0.0,614.0,430.0
1784,107.07,8568.6691755,881.71167327,2,0,0.0,614.0,430.0
1785,107.13,8567.52084082,882.3551615,2,0,0.0,614.0,430.0
1786,107.19,8566.43640679,882.99310805,2,0,0.0,614.5,430.0
1787,107.25,8565.36090428,883.62743811,2,0,0.0,614.5,430.0
1788,107.31,8564.30015218,884.27008697,2,0,0.0,615.0,432.0
1789,107.37,8563.4577353,884.91597082,2,0,0.0,615.0,432.0
1790,107.43,8562.62295778,885.56222048,2,0,0.0,615.25,434.0
1791,107.49,8561.79583469,886.20849032,2,0,0.0,615.25,434.0
1792,107.55,8561.03922551,886.85476583,2,0,0.0,616.0,434.0
1793,107.61,8560.44312578,887.50770124,2,0,0.0,616.0,434.0
1794,107.67,8559.85618453,888.16922092,2,0,0.0,616.0,434.0
1795,107.73,8559.27761477,888.54252946,1,0,0.0,616.0,434.0
1796,107.79,8558.8266739,888.88663262,1,0,0.0,616.25,435.0
1797,107.85,8558.47821392,889.23567329,1,0,0.0,616.25,435.0
1798,107.91,8558.1354145,889.58471507,1,0,0.0,616.75,438.0
1799,107.97,8557.79793191,889.93390739,1,0,0.0,616.75,438.0
1800,108.03,8557.64940371,890.2750805,1,0,0.0,617.0,439.0
1801,108.09,8557.53939422,890.61664708,1,0,0.0,617.0,439.0
1802,108.15,8557.43234076,890.95830379,1,0,0.0,617.25,440.0
1803,108.21,8557.36554406,891.30201556,1,0,0.0,617.5,440.0
1804,108.27,8557.49208166,891.64332675,1,0,0.0,617.75,440.0
1805,108.33,8557.62377818,892.01157525,1,0,0.0,617.75,440.0
1806,108.39,8557.76204314,892.3827717,1,0,0.0,617.75,440.0
1807,108.45,8558.03779506,892.7555018,1,0,0.0,618.0,440.0
1808,108.51,8558.42820389,893.13923268,1,0,0.0,618.5,442.0
1809,108.57,8558.82973472,893.52299665,1,0,0.0,620.25,452.0
1810,108.63,8559.24842403,893.90705543,1,0,0.0,622.25,457.0
1811,108.69,8559.92043535,894.29616069,1,0,0.0,623.0,460.0
1812,108.75,8560.60359976,894.67492301,1,0,0.0,623.0,460.0
1813,108.81,8561.29842259,895.05902769,1,0,0.0,624.25,466.0
1814,108.87,8562.16305145,895.44316059,1,0,0.0,625.25,468.0
1815,108.93,8563.14647404,895.84166386,1,0,0.0,626.75,476.0
1816,108.99,8564.14280102,896.24002821,1,0,0.0,628.5,482.0
1817,109.05,8565.235676,896.64192311,1,0,0.0,629.5,486.0
1818,109.11,8566.54424857,897.03239447,1,0,0.0,630.5,490.0
1819,109.17,8567.85989765,897.41700564,1,0,0.0,630.5,490.0
1820,109.23,8569.22095506,897.79440117,1,0,0.0,631.0,491.0
1821,109.29,8570.8645194,898.17591943,1,0,0.0,631.75,494.0
1822,109.35,8572.51387367,898.55449268,1,0,0.0,634.5,500.0
1823,109.41,8574.20480368,899.04458286,1,0,0.0,636.0,502.0
1824,109.47,8576.20034573,899.56126205,1,0,0.0,636.5,504.0
1825,109.53,8578.18892474,900.10434989,1,0,0.0,637.25,505.0
1826,109.59,8580.28231489,900.69433728,1,0,0.0,638.5,505.0
1827,109.65,8582.65546846,901.21215916,1,0,0.0,639.5,511.0
1828,109.71,8585.02914862,901.71447839,1,0,0.0,642.25,515.0
1829,109.77,8587.70066129,902.22362453,1,0,0.29670403,619.25,511.0
1830,109.83,8590.54149247,902.69273903,1,0,0.46432849,620.25,515.0
1831,109.89,8593.49898379,903.10889488,1,0,0.57492583,621.75,519.0
1832,109.95,8596.91421098,903.44188704,1,0,1.01715138,623.5,523.0
1833,110.01,8600.34578922,903.77150609,1,0,1.01715138,625.25,527.0
1834,110.07,8604.47507257,904.13167174,1,0,1.68123053,626.75,531.0
1835,110.13,8608.63426288,904.54490039,1,0,1.69498049,629.75,533.0
1836,110.19,8613.65755705,904.96077629,1,0,2.54813158,607.0,529.0
1837,110.25,8618.98318572,905.3069915,1,0,2.83511872,609.25,535.0
1838,110.31,8625.19593906,905.69232435,1,0,3.70230622,609.75,537.0
1839,110.37,8632.64008867,906.07787706,1,0,4.91516152,587.75,535.0
1840,110.43,8641.7984507,906.49224228,1,0,6.60896565,590.25,535.0
1841,110.49,8654.62982595,906.90622504,1,0,10.25571948,568.5,486.0
1842,110.55,8678.02649752,859.26701763,1,0,20.75926106,569.75,489.0
1843,110.61,8677.69297614,859.63479146,1,0,0.0,570.25,490.0
1844,110.67,8677.37091563,860.01790359,1,0,0.0,571.75,492.0
1845,110.73,8677.05925034,860.41584718,1,0,0.0,574.5,493.0
1846,110.79,8676.75545159,860.85028009,1,0,0.0,576.25,497.0
1847,110.85,8676.46029472,861.29612589,1,0,0.0,578.5,499.0
1848,110.91,8676.17621841,861.69046655,1,0,0.0,581.25,503.0
1849,110.97,8675.90600392,862.10220787,1,0,0.0,582.75,503.0
1850,111.03,8675.64723696,862.52151047,1,0,0.0,582.75,503.0
1851,111.09,8675.39905393,862.95153669,1,0,0.0,584.25,504.0
1852,111.15,8675.63358533,863.36269331,1,0,0.0,586.5,508.0
1853,111.21,8676.49882845,863.751112,1,0,0.1834419,587.0,508.0
1854,111.27,8677.73463869,864.10061039,1,0,0.26236108,588.75,509.0
1855,111.33,8679.26732488,864.44089662,1,0,0.32578368,588.25,509.0
1856,111.39,8681.05196001,864.8044211,1,0,0.37463817,587.25,509.0
1857,111.45,8683.069631,865.15794553,1,0,0.4209925,587.75,509.0
1858,111.51,8685.28938243,865.51562518,1,0,0.46100367,587.25,509.0
1859,111.57,8687.69763823,865.90343527,1,0,0.49618314,588.25,511.0
1860,111.63,8690.29098912,866.30099367,1,0,0.5313626,587.5,513.0
1861,111.69,8693.05594658,866.64909342,1,0,0.56296527,586.5,520.0
1862,111.75,8695.98062269,866.98301115,1,0,0.59218133,587.5,529.0
1863,111.81,8699.06081994,867.31598481,1,0,0.61983118,586.75,529.0
1864,111.87,8702.29468284,867.66480271,1,0,0.64748104,586.25,533.0
1865,111.93,8705.67171887,868.01529915,1,0,0.67308242,583.75,533.0
1866,111.99,8709.18659917,868.38491817,1,0,0.69768709,582.75,532.0
1867,112.05,8712.83155511,868.73086918,1,0,0.72023377,582.75,530.0
1868,112.11,8716.6007122,869.08203392,1,0,0.74278016,580.75,525.0
1869,112.17,8720.49119801,869.42636508,1,0,0.76532655,578.0,523.0
1870,112.23,8724.49813658,869.77302459,1,0,0.7862655,576.0,515.0
1871,112.29,8728.618145,870.12177097,1,0,0.80685386,574.25,512.0
1872,112.35,8732.32889786,870.48626474,1,0,0.65389721,570.75,503.0
1873,112.41,8735.55328555,875.22852347,1,0,0.58823172,572.5,515.0
1874,112.47,8738.15325985,879.98966323,1,0,0.54386919,573.5,514.0
1875,112.53,8740.36555205,883.39675336,1,0,0.51087295,573.0,516.0
1876,112.59,8742.28636021,886.08423411,1,0,0.48265404,573.25,517.0
1877,112.65,8743.96736591,888.57611436,1,0,0.45953914,573.25,517.0
1878,112.71,8745.44803473,890.80299949,1,0,0.43799974,572.75,514.0
1879,112.77,8746.74647098,892.97199092,1,0,0.42001824,572.5,507.0
1880,112.83,8747.8895702,894.92417065,1,0,0.403968,574.5,506.0
1881,112.89,8748.89519058,896.87550461,1,0,0.38988571,580.0,504.0
1882,112.95,8749.74210681,898.72060812,1,0,0.35245171,578.75,499.0
1883,113.01,8749.94317283,900.59781155,1,0,0.26263238,580.0,492.0
1884,113.07,8749.67999256,902.54000469,1,0,0.21257921,579.5,491.0
1885,113.13,8749.07108412,904.47800915,1,0,0.17147591,582.25,493.0
1886,113.19,8748.1751121,906.37878914,1,0,0.13344662,583.25,488.0
1887,113.25,8747.08336402,908.17525723,1,0,0.12574494,585.5,490.0
1888,113.31,8745.8755012,909.95833958,1,0,0.11917084,589.0,490.0
1889,113.37,8744.5607447,911.67228672,1,0,0.11380935,589.25,490.0
1890,113.43,8743.15157809,913.38241974,1,0,0.10921213,590.75,488.0
1891,113.49,8741.65423092,915.10506052,1,0,0.10567858,594.25,491.0
1892,113.55,8740.07463453,916.82382628,1,0,0.1016892,595.5,491.0
1893,113.61,8738.44065933,918.53106077,1,0,0.09823998,596.0,487.0
1894,113.67,8736.7375543,920.23731988,1,0,0.09549569,598.0,489.0
1895,113.73,8734.97315224,921.97140669,1,0,0.09391245,599.0,489.0
1896,113.79,8733.15048071,923.7082989,1,0,0.09274287,602.5,495.0
1897,113.85,8731.27179507,925.41008503,1,0,0.09145967,605.5,498.0
1898,113.91,8729.34066995,927.0986324,1,0,0.09002561,608.25,508.0
1899,113.97,8727.36137707,928.80541437,1,0,0.0889606,608.0,506.0
1900,114.03,8725.33367013,930.5189267,1,0,0.08796418,609.25,506.0
1901,114.09,8723.26346498,932.24572482,1,0,0.08772961,610.0,506.0
1902,114.15,8721.20107108,930.54681854,1,0,0.0874951,611.0,508.0
1903,114.21,8719.44442969,928.46877118,1,0,0.08766303,611.5,505.0
1904,114.27,8717.85738577,927.71270046,1,0,0.08788306,614.75,505.0
1905,114.33,8716.38126362,927.42580975,1,0,0.08824738,617.0,501.0
1906,114.39,8714.99115693,927.43081786,1,0,0.08822805,619.75,501.0
1907,114.45,8713.67529689,927.55950202,1,0,0.08897457,621.25,499.0
1908,114.51,8712.42963637,927.83914105,1,0,0.09024399,622.0,497.0
1909,114.57,8711.24860007,928.18889198,1,0,0.09086571,624.25,497.0
1910,114.63,8710.12789743,928.66302562,1,0,0.09166672,631.5,505.0
1911,114.69,8709.06363999,929.17205693,1,0,0.08272954,633.75,505.0
1912,114.75,8708.05408983,929.75433387,1,0,0.07570498,635.75,501.0
1913,114.81,8707.09264792,930.37167202,1,0,0.07906482,636.25,501.0
1914,114.87,8706.17516945,930.99964694,1,0,0.08243741,638.25,501.0
1915,114.93,8705.29703165,931.6819364,1,0,0.08528806,642.5,501.0
1916,114.99,8704.45766502,932.39977503,1,0,0.08838836,643.5,501.0
1917,115.05,8703.65798278,933.14009389,1,0,0.09148957,644.0,501.0
1918,115.11,8702.89830572,933.9391502,1,0,0.09475557,647.25,505.0
1919,115.17,8702.17971163,934.74892006,1,0,0.09818106,649.0,505.0
1920,115.23,8701.50355312,935.57112976,1,0,0.10160643,651.75,505.0
1921,115.29,8700.86831176,936.43235233,1,0,0.10526734,653.5,509.0
1922,115.35,8700.27289944,937.31830554,1,0,0.10901017,653.75,509.0
1923,115.41,8699.71702451,938.19225998,1,0,0.11275327,656.25,509.0
1924,115.47,8699.20003657,939.07964618,1,0,0.11657227,659.75,509.0
1925,115.53,8698.72280789,940.02423033,1,0,0.12005957,663.0,509.0
1926,115.59,8698.28656778,940.97958877,1,0,0.12358602,664.5,507.0
1927,115.65,8697.89418221,941.96680622,1,0,0.12738089,665.25,509.0
1928,115.71,8697.54768814,942.96766097,1,0,0.13117506,666.75,509.0
1929,115.77,8697.24582682,943.98923588,1,0,0.1350608,668.5,509.0
1930,115.83,8696.9903771,945.01552483,1,0,0.1391644,671.0,509.0
1931,115.89,8696.78211832,946.03966111,1,0,0.14326503,670.75,507.0
1932,115.95,8696.6188041,947.01264545,1,0,0.14544784,671.0,507.0
1933,116.01,8696.48928921,947.95804513,1,0,0.14473627,673.0,507.0
1934,116.07,8696.39055495,948.89437572,1,0,0.14388517,676.0,507.0
1935,116.13,8696.32114941,949.82962291,1,0,0.1426568,678.0,503.0
1936,116.19,8696.28088881,950.77748842,1,0,0.14142805,677.5,504.0
1937,116.25,8696.26963565,951.76559613,1,0,0.14022917,679.25,506.0
1938,116.31,8696.28892305,952.7542559,1,0,0.13916829,683.0,510.0
1939,116.37,8696.34229556,953.80453289,1,0,0.1381074,684.25,510.0
1940,116.43,8696.4310843,954.87185743,1,0,0.1370465,686.5,512.0
1941,116.49,8696.55516085,955.95510036,1,0,0.13614393,686.0,512.0
1942,116.55,8696.71450031,957.0230517,1,0,0.13535207,688.75,512.0
1943,116.61,8696.90827145,958.07985593,1,0,0.13470667,691.0,512.0
1944,116.67,8697.13668021,959.13545704,1,0,0.13411141,693.0,512.0
1945,116.73,8697.3981749,960.19085073,1,0,0.13317287,693.25,512.0
1946,116.79,8697.69275592,961.28586462,1,0,0.1320991,694.25,510.0
1947,116.85,8698.02036902,962.37870583,1,0,0.13102533,696.25,512.0
1948,116.91,8698.52749759,955.2028728,1,0,0.12995156,698.25,510.0
1949,116.97,8699.20319819,956.3528002,1,0,0.15015178,699.25,510.0
1950,117.03,8699.9123806,957.51170197,1,0,0.17346982,697.75,505.0
1951,117.09,8700.65556864,958.69069213,1,0,0.17756372,700.0,506.0
1952,117.15,8701.43857827,959.92712182,1,0,0.18487853,701.0,506.0
1953,117.21,8702.26362007,961.18427377,1,0,0.19156498,702.5,506.0
1954,117.27,8703.13497351,962.46051136,1,0,0.19825144,703.75,506.0
1955,117.33,8704.0570281,963.74399843,1,0,0.20493788,703.0,508.0
1956,117.39,8705.02547048,965.01162668,1,0,0.2112702,702.25,509.0
1957,117.45,8706.03261009,966.28617382,1,0,0.21758965,703.75,509.0
1958,117.51,8707.08254938,967.6152346,1,0,0.227395,703.25,505.0
1959,117.57,8708.17859654,968.9590833,1,0,0.23662525,704.25,503.0
1960,117.63,8709.31941505,970.30740451,1,0,0.24612571,702.75,505.0
1961,117.69,8710.50494163,971.66036454,1,0,0.25578884,702.5,505.0
1962,117.75,8711.73543241,973.02107853,1,0,0.26547595,704.75,503.0
1963,117.81,8713.01410883,974.43783185,1,0,0.27901296,704.25,501.0
1964,117.87,8714.34213698,975.85272256,1,0,0.29201091,700.75,501.0
1965,117.93,8715.71963802,977.2786686,1,0,0.30500886,702.5,503.0
1966,117.99,8717.14775221,978.73057378,1,0,0.3180068,702.75,503.0
1967,118.05,8718.62579716,980.17643089,1,0,0.33077491,701.25,503.0
1968,118.11,8720.15560259,981.70537183,1,0,0.34578239,698.25,501.0
1969,118.17,8721.77177527,980.37964594,2,0,0.36317714,698.75,503.0
1970,118.23,8723.48108662,980.60356711,2,0,0.37986695,698.75,505.0
1971,118.29,8725.27011099,981.18123079,2,0,0.39664035,697.5,507.0
1972,118.35,8727.13670046,981.97552922,2,0,0.41425694,698.25,509.0
1973,118.41,8729.08656887,982.95169761,2,0,0.43699649,695.75,505.0
1974,118.47,8731.11963567,984.00868307,2,0,0.45810659,696.5,513.0
1975,118.53,8733.23384451,985.13562417,2,0,0.47921669,696.25,513.0
1976,118.59,8735.42669001,986.26384446,2,0,0.50032678,694.25,513.0
1977,118.65,8737.70143795,987.59302087,2,0,0.52672622,691.5,514.0
1978,118.71,8740.06554207,989.00166512,2,0,0.55351084,689.0,518.0
1979,118.77,8742.51754775,990.44351553,2,0,0.57952246,689.25,520.0
1980,118.83,8745.05651021,991.95583132,2,0,0.60645008,689.25,523.0
1981,118.89,8747.69413262,993.62760463,2,0,0.64141772,685.5,527.0
1982,118.95,8750.43342154,995.32996157,2,0,0.67371198,685.0,535.0
1983,119.01,8753.27396103,997.0474568,2,0,0.70600624,682.5,540.0
1984,119.07,8756.21950691,998.96415425,2,0,0.74341685,684.75,548.0
1985,119.13,8759.28364515,1000.94586212,2,0,0.78591824,683.0,549.0
1986,119.19,8762.46855199,1002.91656188,2,0,0.82582837,681.0,554.0
1987,119.25,8765.78603519,1005.25804617,2,0,0.87639185,678.25,553.0
1988,119.31,8769.25332984,1007.70663187,2,0,0.92744722,679.25,558.0
1989,119.37,8772.87144287,1010.27769958,2,0,0.97778728,677.75,563.0
1990,119.43,8776.66320112,1013.24412744,2,0,1.04757387,675.75,567.0
1991,119.49,8780.63818294,1016.32741095,2,0,1.11036088,671.75,571.0
1992,119.55,8784.83021123,1020.05470227,2,0,1.20196904,668.0,581.0
1993,119.61,8789.26307483,1024.22417957,2,0,1.28822199,668.5,587.0
1994,119.67,8794.14964417,1029.60826498,2,0,1.42296905,664.25,597.0
1995,119.73,8800.42169471,1040.05957991,2,0,1.96714591,656.0,607.0
1996,119.79,8807.52178705,1044.18724299,1,0,2.39292063,702.75,640.0
1997,119.85,8813.15990749,1044.19649304,1,0,2.39416918,695.0,646.0
1998,119.91,8819.10184942,1044.21718304,1,0,2.52194874,689.0,640.0
1999,119.97,8824.16956422,1055.67894437,1,0,2.21644514,680.5,618.0
2000,120.03,8654.99290448,1398.10685451,5,2,2.02697087,763.75,962.0
2001,120.09,8507.57440085,1379.29729707,3,0,1.98146559,929.25,948.0
2002,120.15,8408.37871425,1375.55016537,3,0,1.94897682,1008.5,938.0
2003,120.21,8334.72515157,1373.16848275,3,0,1.91260125,1089.75,936.0
2004,120.27,8269.91301322,1370.99932579,3,0,1.89494233,1083.25,932.0
2005,120.33,8214.47729815,1369.13696665,3,0,1.87967885,1252.75,932.0
2006,120.39,8162.56410127,1367.63314561,3,0,1.86608187,1244.5,930.0
2007,120.45,8118.58206195,1366.23667111,3,0,1.85176281,1241.75,928.0
2008,120.51,8075.23268967,1365.07348171,3,0,1.83967071,1324.5,926.0
2009,120.57,8036.37817336,1364.14105747,3,0,1.82540143,1404.0,924.0
2010,120.63,8000.73529913,1363.29488169,3,0,1.81190811,1399.25,918.0
2011,120.69,7965.60796886,1362.54135062,3,0,1.80237734,1393.25,920.0
2012,120.75,7933.09061201,1362.17629269,3,0,1.79176291,1477.75,918.0
2013,120.81,7903.51536829,1361.00636006,4,1,1.75425268,1560.0,918.0
2014,120.87,7874.27848267,1360.89929355,3,0,1.71757363,1557.25,916.0
2015,120.93,7845.74597204,1360.96751289,3,0,1.68192706,1550.75,911.0
2016,120.99,7819.98017181,1361.20380419,3,0,1.64379011,1546.5,904.0
2017,121.05,7795.22703853,1361.63741214,3,0,1.60188396,1544.0,898.0
2018,121.11,7770.78777698,1362.12908421,3,0,1.58906275,1629.0,900.0
2019,121.17,7747.02742858,1362.8872302,3,0,1.57536832,1710.25,900.0
2020,121.23,7725.39644602,1364.07460257,3,0,1.56167389,1703.25,898.0
2021,121.29,7704.72813368,1366.56166807,3,0,1.57720891,1702.0,894.0
2022,121.35,7684.44944664,1372.49729895,3,0,1.61301741,1697.75,886.0
2023,121.41,7664.77725941,1374.39838476,5,0,1.60753994,1693.25,876.0
2024,121.47,7646.10922703,1371.32457821,5,2,1.50706492,1775.75,876.0
2025,121.53,7628.92490731,1369.4177899,3,0,1.49355005,1773.25,876.0
2026,121.59,7611.93047459,1367.66241638,3,0,1.47746149,1856.0,874.0
2027,121.65,7595.13641679,1365.87531811,3,0,1.45960451,1851.75,874.0
2028,121.71,7578.62359354,1364.01515141,3,0,1.43882183,1851.0,870.0
2029,121.77,7563.09782246,1362.15715421,3,0,1.41696928,1846.75,868.0
2030,121.83,7548.4303385,1360.32677082,3,0,1.39511664,1844.25,868.0
2031,121.89,7533.92046424,1358.49798733,3,0,1.373264,1842.0,858.0
2032,121.95,7519.57385079,1356.68102971,3,0,1.35141136,1839.5,858.0
2033,122.01,7505.40258476,1354.86728315,3,0,1.32955872,1837.5,858.0
2034,122.07,7491.87945507,1353.07085958,3,0,1.30767038,1836.0,856.0
2035,122.13,7479.25488948,1351.17236962,3,0,1.28133786,1832.75,854.0
2036,122.19,7466.76797757,1349.19839332,3,0,1.25237703,1832.0,852.0
2037,122.25,7454.39769567,1347.11680919,3,0,1.2195123,1831.0,850.0
2038,122.31,7442.10675552,1345.02574696,3,0,1.18632367,1827.0,848.0
2039,122.37,7429.90302525,1342.93601427,3,0,1.15306156,1825.0,846.0
2040,122.43,7418.80138774,1340.89349688,3,0,1.11982801,1825.0,842.0
2041,122.49,7407.88885552,1338.86443076,3,0,1.08676654,1823.0,840.0
2042,122.55,7397.08820134,1336.61278373,3,0,1.04719754,1817.5,838.0
2043,122.61,7386.31392388,1334.1255185,3,0,1.00063719,1817.25,836.0
2044,122.67,7375.52574499,1331.51112953,3,0,0.95040989,1815.75,834.0
2045,122.73,7364.942572,1328.90847024,3,0,0.90018259,1816.75,830.0
2046,122.79,7355.16792296,1326.34577607,3,0,0.85008754,1815.5,822.0
2047,122.85,7345.47527009,1323.55353288,3,0,0.79383278,1811.5,816.0
2048,122.91,7335.79633375,1320.08566302,3,0,0.71949373,1813.0,816.0
2049,122.97,7325.99231828,1316.31505781,3,0,0.63749245,1811.25,813.0
2050,123.03,7316.05005661,1312.53375414,3,0,0.55511846,1811.0,807.0
2051,123.09,7306.15644014,1307.07722135,3,0,0.43027874,1810.75,799.0
2052,123.15,7296.67722377,1299.57537773,3,0,0.25640483,1807.75,783.0
2053,123.21,7286.69301975,1295.57010163,3,0,0.05951042,1808.5,784.0
2054,123.27,7276.12549472,1303.92806655,3,0,0.05884174,1811.25,786.0
2055,123.33,7265.27070032,1308.94009151,3,0,0.05817219,1812.5,791.0
2056,123.39,7254.20464999,1312.58159025,3,0,0.05750264,1814.5,791.0
2057,123.45,7243.08722632,1315.67834336,3,0,0.05695843,1815.0,789.0
2058,123.51,7232.71055907,1318.81167679,3,0,0.05647393,1817.0,791.0
2059,123.57,7222.47914881,1317.01801357,3,0,0.05598631,1817.75,791.0
2060,123.63,7212.7426276,1312.69956341,3,0,0.05549869,1821.0,797.0
2061,123.69,7203.20947172,1310.88390842,3,0,0.05478222,1823.5,801.0
2062,123.75,7193.80355229,1310.05691098,3,0,0.05387104,1825.5,804.0
2063,123.81,7184.48434981,1309.55508515,3,0,0.05295986,1835.5,820.0
2064,123.87,7175.80371997,1309.04256902,3,0,0.05204867,1838.0,823.0
2065,123.93,7167.66022184,1308.80627329,3,0,0.05126784,1839.75,823.0
2066,123.99,7159.77417358,1308.66671148,3,0,0.0505691,1841.5,825.0
2067,124.05,7151.96011284,1308.68277967,3,0,0.04986318,1843.0,825.0
2068,124.11,7144.18868722,1308.80065689,3,0,0.04929741,1846.0,827.0
2069,124.17,7136.45565581,1309.03022101,3,0,0.04878259,1847.25,828.0
2070,124.23,7128.87576162,1309.05878916,3,0,0.04826263,1850.0,832.0
2071,124.29,7122.13856993,1309.16894106,3,0,0.04774267,1851.25,832.0
2072,124.35,7115.74211343,1309.35995386,3,0,0.04711335,1853.75,836.0
2073,124.41,7109.46812105,1309.60629161,3,0,0.04614877,1855.25,834.0
2074,124.47,7103.22622419,1309.92490115,3,0,0.04518379,1858.25,836.0
2075,124.53,7097.0345745,1311.06623875,3,0,0.04421882,1860.25,837.0
2076,124.59,7091.06142836,1313.06206222,3,0,0.16806199,1860.0,838.0
2077,124.65,7085.56581361,1313.3825607,3,0,0.11248589,1875.75,847.0
2078,124.71,7080.73341426,1313.71267098,3,0,0.1110475,1878.0,848.0
2079,124.77,7076.4314624,1322.97714362,3,0,0.35548556,1877.75,847.0
2080,124.83,7072.22403995,1323.41525702,3,0,0.18406157,1879.5,849.0
2081,124.89,7068.05417374,1323.85433457,3,0,0.18590365,1880.5,851.0
2082,124.95,7063.92533354,1324.30358956,3,0,0.18799358,1883.0,853.0
2083,125.01,7059.83545892,1324.81846277,3,0,0.19045868,1883.5,853.0
2084,125.07,7056.38592395,1325.31758821,3,0,0.19269555,1884.25,850.0
2085,125.13,7053.50608586,1325.73248802,3,0,0.19413956,1885.25,848.0
2086,125.19,7050.83135142,1326.20606767,3,0,0.19368804,1884.75,848.0
2087,125.25,7048.20095738,1326.70139497,3,0,0.19243154,1886.75,846.0
2088,125.31,7045.61679292,1326.92304696,3,0,0.19275406,1889.0,847.0
2089,125.37,7043.08218894,1327.47259404,3,0,0.19678654,1890.0,846.0
2090,125.43,7040.63545006,1328.0758969,3,0,0.20119801,1892.25,848.0
2091,125.49,7038.9848377,1328.71118463,3,0,0.20555777,1891.25,851.0
2092,125.55,7037.79445706,1329.3793875,3,0,0.21018703,1908.75,858.0
2093,125.61,7036.73769425,1330.09440451,3,0,0.21510213,1910.0,856.0
2094,125.67,7035.72807733,1330.70370067,3,0,0.21942138,1912.0,855.0
2095,125.73,7034.77017042,1331.32373686,3,0,0.22378412,1912.75,855.0
2096,125.79,7033.86474356,1331.95643438,3,0,0.22829184,1914.5,856.0
2097,125.85,7033.17830047,1332.62940787,3,0,0.23374049,1916.0,858.0
2098,125.91,7033.29882508,1333.37099405,3,0,0.23945617,1915.25,858.0
2099,125.97,7033.81678024,1334.14897366,3,0,0.24570549,1916.0,855.0
2100,126.03,7034.4257709,1334.97219328,3,0,0.25305126,1916.5,855.0
2101,126.09,7035.09329428,1335.87976733,3,0,0.26135107,1919.5,858.0
2102,126.15,7035.82037648,1336.81342466,3,0,0.27008682,1920.5,860.0
2103,126.21,7036.60582992,1337.75187455,3,0,0.27804751,1921.5,857.0
2104,126.27,7037.828412,1338.69864489,3,0,0.28596471,1920.5,850.0
2105,126.33,7039.79024017,1339.65435662,3,0,0.27590636,1920.0,849.0
2106,126.39,7042.08199186,1340.69160417,3,0,0.28656545,1921.75,849.0
2107,126.45,7044.44396881,1341.82800068,3,0,0.29809522,1942.25,851.0
2108,126.51,7046.87848312,1343.0542173,3,0,0.33484652,1942.75,852.0
2109,126.57,7049.38953064,1344.35856912,3,0,0.35510993,1942.75,851.0
2110,126.63,7051.99123146,1345.88508853,3,0,0.37981236,1943.25,851.0
2111,126.69,7055.37611219,1347.62703257,3,0,0.40854026,1944.25,850.0
2112,126.75,7059.39636149,1349.79790319,3,0,0.44530805,1941.25,849.0
2113,126.81,7063.66731316,1352.85986452,3,0,0.49713484,1941.5,848.0
2114,126.87,7068.14405925,1357.0549314,3,0,0.6098143,1939.75,846.0
2115,126.93,7072.70155623,1357.08011098,3,0,0.58126617,1941.25,848.0
2116,126.99,7077.2861444,1357.08956639,3,0,0.58116958,1942.0,850.0
2117,127.05,7082.13570565,1357.11132482,3,0,0.58127402,1940.75,850.0
2118,127.11,7087.82521419,1357.15765918,3,0,0.58137954,1941.0,850.0
2119,127.17,7093.9045668,1357.21941349,3,0,0.581485,1938.25,850.0
2120,127.23,7100.02798972,1357.30343945,3,0,0.58159043,1938.25,848.0
2121,127.29,7106.1811673,1357.37896083,3,0,0.58160367,1939.25,851.0
2122,127.35,7112.36191794,1357.44622544,3,0,0.58077834,1957.0,853.0
2123,127.41,7118.62232107,1357.56840211,3,0,0.60607572,1956.0,855.0
2124,127.47,7125.74118408,1357.73841898,3,0,0.62978814,1956.75,859.0
2125,127.53,7133.47117247,1357.92720293,3,0,0.62955449,1959.0,866.0
2126,127.59,7141.33367877,1358.1439486,3,0,0.62932083,1956.25,868.0
2127,127.65,7149.23516215,1358.36184295,3,0,0.62908717,1956.25,868.0
2128,127.71,7157.17818333,1358.52646504,3,0,0.62885352,1952.75,864.0
2129,127.77,7165.16546163,1358.69081437,3,0,0.62862305,1955.0,870.0
2130,127.83,7173.8532693,1358.89357677,3,0,0.62862648,1957.5,882.0
2131,127.89,7183.35698184,1359.10210405,3,0,0.62805815,1959.25,890.0
2132,127.95,7193.07549178,1359.31875997,3,0,0.62714774,1956.5,892.0
2133,128.01,7202.83972804,1359.53709963,3,0,0.62624583,1955.75,895.0
2134,128.07,7212.65013842,1359.76575443,3,0,0.62575746,1958.0,899.0
2135,128.13,7222.50712657,1360.00013693,3,0,0.62552046,1959.75,905.0
2136,128.19,7233.12897233,1360.25812586,3,0,0.62543467,1961.0,909.0
2137,128.25,7244.65220832,1360.55727334,3,0,0.62534851,1976.75,911.0
2138,128.31,7256.38363494,1360.86824498,3,0,0.62526236,1976.75,910.0
2139,128.37,7268.16250554,1361.17979822,3,0,0.6251762,1978.5,910.0
2140,128.43,7279.99720029,1361.48011759,3,0,0.62489871,1978.0,915.0
2141,128.49,7291.93616727,1361.7444951,3,0,0.62386421,1977.75,916.0
2142,128.55,7305.01334609,1362.03999479,3,0,0.62282968,1975.75,918.0
2143,128.61,7318.88204977,1362.36041199,3,0,0.62209286,1974.75,920.0
2144,128.67,7332.86655112,1362.69129239,3,0,0.62166058,1977.25,924.0
2145,128.73,7347.7490281,1362.99806696,3,0,0.82360231,1978.75,930.0
2146,128.79,7363.43653386,1363.28066261,3,0,1.19257564,1975.0,920.0
2147,128.85,7379.60309846,1363.58885987,3,0,0.97983568,1970.75,908.0
2148,128.91,7396.68251469,1363.94363555,3,0,0.88488936,1970.0,898.0
2149,128.97,7413.95547371,1364.37278521,3,0,0.83757887,1967.5,890.0
2150,129.03,7431.15171394,1365.03171072,3,0,0.80154047,1964.25,882.0
2151,129.09,7448.2640442,1365.65314364,3,0,0.73704591,1981.5,882.0
2152,129.15,7465.82670341,1366.05667857,3,0,0.72281207,1982.0,883.0
2153,129.21,7485.03596782,1366.52400872,3,0,0.71780102,1983.0,881.0
2154,129.27,7504.73521562,1367.01423894,3,0,0.76673388,1982.25,881.0
2155,129.33,7524.51757622,1367.46948408,3,0,0.82767105,1980.25,881.0
2156,129.39,7544.3981744,1367.92619996,3,0,0.89481218,1891.5,875.0
2157,129.45,7565.26309433,1368.40991964,3,0,1.85371265,1805.75,874.0
2158,129.51,7587.97450698,1368.92545172,3,0,3.70550754,1806.5,872.0
2159,129.57,7611.01280058,1369.43781587,3,0,4.03996425,1805.0,871.0
2160,129.63,7634.18044898,1369.9474761,3,0,4.17267229,1805.0,873.0
2161,129.69,7657.6971778,1370.48253297,3,0,4.52596289,1799.75,867.0
2162,129.75,7683.69095058,1371.0869534,3,0,7.00821562,1802.0,871.0
2163,129.81,7710.66285529,1371.72454327,3,0,7.99178576,1716.75,870.0
2164,129.87,7737.85888101,1372.36213314,3,0,8.21831842,1629.75,870.0
2165,129.93,7765.4123932,1373.00880377,3,0,8.59561524,1629.25,872.0
2166,129.99,7796.08173278,1373.74390583,3,0,11.73189004,1646.5,878.0
2167,130.05,7827.95565984,1374.5196243,3,0,12.94875363,1645.75,875.0
2168,130.11,7860.06655975,1375.26741268,3,0,13.19769651,1644.0,871.0
2169,130.17,7893.74246573,1376.04493463,3,0,14.77395946,1472.25,868.0
2170,130.23,7931.41550396,1376.88545698,3,0,18.77984687,1470.25,866.0
2171,130.29,7969.65913588,1377.75165037,3,0,19.35515325,1470.75,869.0
2172,130.35,8009.19378579,1378.66024366,3,0,20.64637589,1470.5,867.0
2173,130.41,8054.68575476,1379.70659643,3,0,26.6040431,1382.5,864.0
2174,130.47,8101.3037096,1380.78020982,3,0,27.73362143,1296.0,858.0
2175,130.53,8151.96162027,1381.95288566,3,0,31.77818803,1295.75,856.0
2176,130.59,8209.92577973,1383.31016219,3,0,39.0888623,1210.75,858.0
2177,130.65,8271.07211863,1384.71572432,3,0,42.27262169,1122.5,854.0
2178,130.71,8346.54774759,1386.45356069,3,0,56.6044368,1122.5,852.0
2179,130.77,8434.59255624,1388.48667978,3,0,69.17684724,948.75,846.0
2180,130.83,8551.54361406,1391.20108134,3,0,98.08915153,861.25,844.0
2181,130.89,8810.9319571,1051.35601389,1,0,240.53227714,707.75,497.0
2182,130.95,8809.75263291,1051.35446451,1,0,0.71916388,704.25,491.0
2183,131.01,8808.57075192,1051.35296744,1,0,0.71886804,705.25,491.0
2184,131.07,8807.38626842,1051.35208736,1,0,0.7185722,702.75,487.0
2185,131.13,8806.20016597,1051.32446241,1,0,0.71827083,703.25,490.0
2186,131.19,8805.0113814,1051.25169783,1,0,0.7166855,704.5,487.0
2187,131.25,8803.81522971,1051.18186185,1,0,0.70351867,699.25,481.0
2188,131.31,8802.61527073,1051.14349862,1,0,0.69308447,697.5,483.0
2189,131.37,8801.41341933,1051.11666654,1,0,0.69274272,695.75,483.0
2190,131.43,8800.21080641,1051.09356257,1,0,0.69240097,694.75,481.0
2191,131.49,8799.06305109,1046.8392338,1,0,0.69205923,682.75,474.0
2192,131.55,8798.32153668,1042.40330573,1,0,0.69171748,683.25,468.0
2193,131.61,8797.81875577,1039.36572384,1,0,0.69135757,685.0,464.0
2194,131.67,8797.48850595,1037.10091707,1,0,0.69080002,685.25,462.0
2195,131.73,8797.29711519,1034.91597242,1,0,0.69025237,685.25,460.0
2196,131.79,8796.42211712,1050.09725639,1,0,0.68970471,699.75,460.0
2197,131.85,8794.77987925,1051.90480161,2,0,0.68915705,699.75,459.0
2198,131.91,8793.83641976,1036.37844349,2,1,0.68860939,699.75,456.0
2199,131.97,8793.57284742,1033.20195116,1,0,0.69790841,698.0,452.0
2200,132.03,8793.57721593,1030.92883917,1,0,0.76724752,696.25,451.0
2201,132.09,8793.7276197,1029.12542539,1,0,0.76748741,696.25,449.0
2202,132.15,8793.9966513,1027.3129425,1,0,0.76676932,694.75,447.0
2203,132.21,8794.37543546,1025.7639041,1,0,0.76605124,693.75,443.0
2204,132.27,8794.83904051,1024.23804077,1,0,0.76533316,692.25,439.0
2205,132.33,8795.39355033,1022.7142405,1,0,0.76461507,691.5,437.0
2206,132.39,8796.02591812,1021.50686585,1,0,0.76389699,689.5,435.0
2207,132.45,8796.72793989,1020.16760539,1,0,0.76418838,690.0,435.0
2208,132.51,8797.51217502,1018.8599478,1,0,0.76495977,687.75,433.0
2209,132.57,8798.36391319,1017.75126552,1,0,0.76483721,687.75,434.0
2210,132.63,8799.26736189,1016.62369694,1,0,0.7639722,686.75,432.0
2211,132.69,8800.22865086,1015.339748,1,0,0.76310719,696.25,429.0
2212,132.75,8801.25341796,1014.17640404,1,0,0.76224219,695.0,427.0
2213,132.81,8802.32559424,1013.15077694,1,0,0.76137719,693.5,423.0
2214,132.87,8803.4430648,1012.14330633,1,0,0.76135156,692.0,423.0
2215,132.93,8804.61353559,1011.02715118,1,0,0.76187018,689.5,419.0
2216,132.99,8805.84373434,1009.94049638,1,0,0.76238924,690.0,417.0
2217,133.05,8807.11959826,1009.00782661,1,0,0.76247303,687.5,417.0
2218,133.11,8808.43663965,1008.06687261,1,0,0.7614757,685.75,415.0
2219,133.17,8809.79591034,1007.09615284,1,0,0.76047834,682.0,409.0
2220,133.23,8811.20492057,1006.05185526,1,0,0.75948099,682.0,409.0
2221,133.29,8812.6639932,1005.10246514,1,0,0.75884956,681.0,407.0
2222,133.35,8814.16468138,1004.23204781,1,0,0.7591354,678.75,404.0
2223,133.41,8815.70447566,1003.36812342,1,0,0.75943746,674.5,400.0
2224,133.47,8817.28333767,1002.48084668,1,0,0.75973953,674.25,398.0
2225,133.53,8818.90687501,1001.52777661,1,0,0.76004154,684.25,398.0
2226,133.59,8820.57171275,1000.6378007,1,0,0.75929714,681.5,398.0
2227,133.65,8822.27005933,999.79479069,1,0,0.75817567,679.5,392.0
2228,133.71,8823.99974138,998.96155583,1,0,0.75706404,675.5,391.0
2229,133.77,8825.76169696,998.14117413,1,0,0.75680938,674.5,389.0
2230,133.83,8827.55915411,997.25997783,1,0,0.75688116,674.75,389.0
2231,133.89,8829.44405439,996.41104471,1,0,0.80416295,672.25,388.0
2232,133.95,8831.42163732,995.60469577,1,0,0.86225037,669.0,383.0
2233,134.01,8833.42881294,994.83383711,1,0,0.86236111,667.5,381.0
2234,134.07,8835.4644707,994.04037816,1,0,0.86243865,666.5,381.0
2235,134.13,8837.52889025,993.22450868,1,0,0.86131777,663.25,379.0
2236,134.19,8839.62562112,992.35525209,1,0,0.8602161,659.75,375.0
2237,134.25,8841.75620976,991.55166655,1,0,0.86001408,659.0,375.0
2238,134.31,8843.91694973,990.7675564,1,0,0.85985229,657.75,373.0
2239,134.37,8846.10505814,990.01410949,1,0,0.85969051,656.25,371.0
2240,134.43,8848.3190426,989.26506882,1,0,0.85952873,661.75,371.0
2241,134.49,8850.55881995,988.51749968,1,0,0.85936694,660.25,367.0
2242,134.55,8852.82707387,987.72002915,1,0,0.85920515,656.5,363.0
2243,134.61,8855.12433918,986.96023403,1,0,0.85900874,654.75,363.0
2244,134.67,8857.44594636,986.20896662,1,0,0.85848824,655.5,365.0
2245,134.73,8859.79121092,985.48559453,1,0,0.85807872,654.5,365.0
2246,134.79,8862.1579929,984.76569029,1,0,0.8576692,650.5,356.0
2247,134.85,8864.54616256,984.05014791,1,0,0.85725968,647.75,355.0
2248,134.91,8866.95584567,983.31504477,1,0,0.85685015,646.75,353.0
2249,134.97,8869.39007645,982.58446649,1,0,0.85644063,645.25,353.0
2250,135.03,8871.84532994,981.87275074,1,0,0.85603111,641.75,350.0
2251,135.09,8874.32184993,981.1693839,1,0,0.85609021,640.75,349.0
2252,135.15,8876.82111861,980.47294099,1,0,0.85670933,638.25,347.0
2253,135.21,8879.34084191,979.76489552,1,0,0.85631555,636.25,343.0
2254,135.27,8881.87965118,979.06299035,1,0,0.85566725,633.75,341.0
2255,135.33,8884.43892356,978.32880971,1,0,0.855019,638.75,339.0
2256,135.39,8887.01939899,977.62678043,1,0,0.85437074,637.5,339.0
2257,135.45,8889.61865184,976.92481389,1,0,0.85372248,632.75,335.0
2258,135.51,8892.28996604,976.24605837,1,0,0.9057348,632.75,337.0
2259,135.57,8895.07766414,975.58585399,1,0,1.00236399,631.0,337.0
2260,135.63,8897.88324863,974.9257394,1,0,1.00272747,626.5,331.0
2261,135.69,8900.70671897,974.26562482,1,0,1.00309094,623.75,331.0
2262,135.75,8903.5481788,973.56252148,1,0,1.00275329,623.5,332.0
2263,135.81,8906.40552858,972.88777858,1,0,1.0018684,620.5,329.0
2264,135.87,8909.27641926,972.21639029,1,0,1.00098315,618.5,329.0
2265,135.93,8912.15944122,971.56756592,1,0,1.00009791,616.75,324.0
2266,135.99,8915.05362126,970.93224093,1,0,0.99978225,612.25,321.0
2267,136.05,8917.96058603,970.30034652,1,0,0.99989881,611.75,321.0
2268,136.11,8920.88054409,969.66215505,1,0,1.00001538,608.25,319.0
2269,136.17,8923.81663504,968.99226731,1,0,1.00013195,606.0,317.0
2270,136.23,8926.76950878,968.34648626,1,0,1.00024851,610.25,311.0
2271,136.29,8929.73673919,967.68704949,1,0,1.00002191,606.25,309.0
2272,136.35,8932.71465196,967.0435659,1,0,0.99889536,605.75,309.0
2273,136.41,8935.70168477,966.40481501,1,0,0.99787174,604.0,309.0
2274,136.47,8938.69945022,965.7777026,1,0,0.99772761,600.25,305.0
2275,136.53,8941.70856302,965.15071808,1,0,0.99760012,597.75,303.0
2276,136.59,8944.72930315,964.5131917,1,0,0.99747263,597.0,303.0
2277,136.65,8947.76288934,963.88412374,1,0,0.99734515,593.25,299.0
2278,136.71,8950.78163693,963.25871747,1,0,0.99721766,591.5,299.0
2279,136.77,8953.78878303,962.65806741,1,0,0.99709017,590.5,297.0
2280,136.83,8956.79013475,962.05574034,1,0,0.99690049,584.75,289.0
2281,136.89,8960.02177193,961.44729345,1,0,1.20318531,584.25,289.0
2282,136.95,8963.25962561,960.84246518,1,0,1.20697271,580.25,287.0
2283,137.01,8966.50034043,960.23798762,1,0,1.20697674,578.5,285.0
2284,137.07,8969.74512594,959.62557254,1,0,1.20698076,575.25,283.0
2285,137.13,8972.99368646,959.02159831,1,0,1.20698478,578.75,282.0
2286,137.19,8976.24573886,958.42331912,1,0,1.20698879,576.25,280.0
2287,137.25,8979.50092253,957.82695256,1,0,1.20699279,574.75,280.0
2288,137.31,8982.75952609,957.23733701,1,0,1.20699679,573.25,278.0
2289,137.37,8986.02338998,956.65704215,1,0,1.20700078,569.0,275.0
2290,137.43,8989.29126392,956.05631859,1,0,1.20700476,567.5,275.0
2291,137.49,8992.56206724,955.45147085,1,0,1.20700874,564.75,273.0
2292,137.55,8995.83614962,954.85158297,1,0,1.20701271,563.0,273.0
2293,137.61,8999.11182913,954.26938815,1,0,1.20701667,560.0,269.0
2294,137.67,9002.38728234,953.69000542,1,0,1.20702063,556.75,269.0
2295,137.73,9005.66236843,953.11083632,1,0,1.20702458,554.5,267.0
2296,137.79,9008.93798759,952.55567417,1,0,1.20702853,552.75,267.0
2297,137.85,9012.21479544,952.0034528,1,0,1.20703247,549.5,264.0
2298,137.91,9015.68598294,951.45151357,1,0,1.39509233,548.75,267.0
2299,137.97,9019.38383197,950.8726206,1,0,1.61626108,550.0,267.0
2300,138.03,9023.07740795,950.31259356,1,0,1.616265,550.25,270.0
2301,138.09,9026.76358255,949.75596826,1,0,1.61626891,546.75,270.0
2302,138.15,9030.43869613,949.20088651,1,0,1.61627282,543.5,268.0
2303,138.21,9034.1090707,948.65398445,1,0,1.61627672,541.5,269.0
2304,138.27,9037.78140826,948.10617001,1,0,1.61628062,538.0,269.0
2305,138.33,9041.45620809,947.55849019,1,0,1.61628451,536.0,269.0
2306,138.39,9045.13348124,947.01179092,1,0,1.61628839,535.0,273.0
2307,138.45,9048.81147109,946.48821306,1,0,1.61629227,532.75,276.0
2308,138.51,9052.48649543,945.93815799,1,0,1.61629614,528.5,277.0
2309,138.57,9056.15686764,945.38806689,1,0,1.6163,528.25,283.0
2310,138.63,9059.82272766,944.84792988,1,0,1.61630386,525.75,283.0
2311,138.69,9064.33696998,944.32119271,1,0,2.44428281,522.0,280.0
2312,138.75,9068.97061937,943.79453714,1,0,2.56265132,519.5,279.0
2313,138.81,9073.60152001,943.2785259,1,0,2.56265516,514.25,276.0
2314,138.87,9078.22725449,942.78224136,1,0,2.562659,518.5,275.0
2315,138.93,9082.84648862,942.28605307,1,0,2.56266282,515.25,275.0
2316,138.99,9087.45898777,941.78313413,1,0,2.56266664,512.0,272.0
2317,139.05,9092.06243214,941.26461265,1,0,2.56267046,509.0,271.0
2318,139.11,9098.09491006,940.76209362,1,0,3.96093956,502.25,267.0
2319,139.17,9107.52009864,940.2616262,1,0,7.26919732,496.25,263.0
2320,139.23,9117.03235696,939.86689423,1,0,7.26920112,487.75,251.0
2321,139.29,9121.46992819,935.11363509,1,0,2.05384449,484.25,241.0
2322,139.35,9124.0166457,934.61150259,1,0,0.57051294,482.0,239.0
2323,139.41,9126.47372931,934.11308594,1,0,0.55251565,480.5,233.0
2324,139.47,9128.8752387,933.62622251,1,0,0.54276097,478.75,231.0
2325,139.53,9131.25483953,933.12720322,1,0,0.5339618,476.5,227.0
2326,139.59,9133.61005351,932.6168089,1,0,0.53426116,475.25,225.0
2327,139.65,9135.94310622,932.12535069,1,0,0.52721218,471.75,221.0
2328,139.71,9138.25866217,931.63960788,1,0,0.5262357,470.0,219.0
2329,139.77,9140.55875448,931.14721057,1,0,0.52612227,477.5,225.0
2330,139.83,9142.83698011,930.67737544,1,0,0.5202219,476.5,225.0
2331,139.89,9145.1028574,930.22527973,1,0,0.520192,475.5,224.0
2332,139.95,9147.36314291,929.76505649,1,0,0.5224855,471.75,223.0
2333,140.01,9149.6038386,929.29649807,1,0,0.51795816,473.5,229.0
2334,140.07,9151.82121325,928.8200279,1,0,0.51539768,471.5,228.0
2335,140.13,9154.02504954,928.34960693,1,0,0.51662752,470.0,226.0
2336,140.19,9156.21556981,927.89825795,1,0,0.517812,468.5,226.0
2337,140.25,9158.38370476,927.44147823,1,0,0.51408947,465.5,223.0
2338,140.31,9160.53445164,926.97932606,1,0,0.51275613,464.0,223.0
2339,140.37,9162.67436234,926.53404224,1,0,0.51317266,461.75,221.0
2340,140.43,9164.80061162,926.09393223,1,0,0.51358919,460.25,217.0
2341,140.49,9166.90895287,925.64856236,1,0,0.51308386,457.5,215.0
2342,140.55,9168.9960826,925.21357919,1,0,0.51074353,457.0,217.0
2343,140.61,9171.06853,924.78230915,1,0,0.51063572,456.0,217.0
2344,140.67,9173.12679536,924.35269347,1,0,0.51052785,461.75,219.0
2345,140.73,9175.16841153,923.94335222,1,0,0.51041979,459.75,215.0
2346,140.79,9177.1893665,923.52548988,1,0,0.51011559,457.5,217.0
2347,140.85,9179.18727475,923.1202077,1,0,0.50922528,457.25,217.0
2348,140.91,9181.16493537,922.71492553,1,0,0.5087596,455.75,217.0
2349,140.97,9183.12234832,922.30964333,1,0,0.50829369,454.25,216.0
2350,141.03,9185.05812615,921.92048521,1,0,0.50782756,453.0,215.0
2351,141.09,9186.9684837,921.53766957,1,0,0.50736121,450.25,217.0
2352,141.15,9188.85312789,921.15343865,1,0,0.50822099,449.25,217.0
2353,141.21,9190.71135541,920.77013972,1,0,0.50749947,447.75,215.0
2354,141.27,9192.54301806,920.38295647,1,0,0.50677755,446.5,213.0
2355,141.33,9194.34865652,920.00212663,1,0,0.50605529,444.25,211.0
2356,141.39,9196.12431985,919.62809374,1,0,0.50533268,441.75,209.0
2357,141.45,9197.87045937,919.26082533,1,0,0.50546409,441.75,211.0
2358,141.51,9199.58957453,918.88852917,1,0,0.50694791,439.5,209.0
2359,141.57,9201.27785412,918.5156143,1,0,0.50608731,448.75,211.0
2360,141.63,9202.93056047,918.16488964,1,0,0.50517316,446.5,209.0
2361,141.69,9204.54481114,917.81416498,1,0,0.50425863,445.5,209.0
2362,141.75,9206.12060614,917.46344031,1,0,0.50334373,444.0,209.0
2363,141.81,9207.659417,917.12196845,1,0,0.50363699,441.75,205.0
2364,141.87,9209.16034406,916.81291393,1,0,0.50237724,440.5,205.0
2365,141.93,9210.61493967,916.49297139,1,0,0.49864159,438.0,205.0
2366,141.99,9212.0208241,916.17302885,1,0,0.49358274,437.25,203.0
2367,142.05,9213.37782444,915.85810037,1,0,0.48834673,435.25,201.0
2368,142.11,9214.67345549,915.56389013,1,0,0.47824649,433.75,199.0
2369,142.17,9215.90247051,915.27783933,1,0,0.4684077,431.25,197.0
2370,142.23,9217.07031335,914.99680928,1,0,0.45972858,430.25,197.0
2371,142.29,9218.17389667,914.72964863,1,0,0.44650649,429.25,197.0
2372,142.35,9219.20330682,914.45247538,1,0,0.43001458,426.75,195.0
2373,142.41,9220.15642701,914.17699091,1,0,0.41218887,439.75,193.0
2374,142.47,9221.02145766,913.93391448,1,0,0.38663288,439.25,193.0
2375,142.53,9221.78888385,913.69356813,1,0,0.35961876,439.75,193.0
2376,142.59,9222.45274068,913.48959727,1,0,0.32721437,439.0,193.0
2377,142.65,9222.99078051,913.29609673,1,0,0.28852967,437.75,191.0
2378,142.71,9223.3780175,913.13729885,1,0,0.23410728,437.25,191.0
2379,142.77,9223.55486768,912.9985999,1,0,0.15345119,436.25,187.0
2380,142.83,9223.3421159,912.91494881,1,0,0.02115802,435.75,185.0
2381,142.89,9223.04116915,912.85553845,1,0,0.0,435.75,185.0
2382,142.95,9222.75332535,912.80292944,1,0,0.0,435.75,185.0
2383,143.01,9222.48141324,912.75747846,1,0,0.0,435.75,185.0
2384,143.07,9222.22615388,912.71216957,1,0,0.0,435.75,185.0
2385,143.13,9221.98761244,912.66689308,1,0,0.02005921,435.75,185.0
2386,143.19,9221.76594146,912.61978135,1,0,0.02042776,435.25,183.0
2387,143.25,9221.56222851,912.54437001,1,0,0.02046503,434.5,180.0
2388,143.31,9221.37477014,912.47043284,1,0,0.0,452.5,184.0
2389,143.37,9221.2036915,912.40284908,1,0,0.0,452.5,184.0
2390,143.43,9220.93879815,915.11038169,2,0,0.0,452.5,184.0
2391,143.49,9220.42068285,917.34124681,2,0,0.0,452.5,184.0
2392,143.55,9219.73528183,918.64346919,2,1,0.0,452.5,184.0
2393,143.61,9218.92462315,919.93674278,1,0,0.0,453.0,188.0
2394,143.67,9218.1522865,918.41902059,1,0,0.0,453.0,188.0
2395,143.73,9217.50756526,917.69510555,1,0,0.0,453.0,188.0
2396,143.79,9216.95091212,916.99042113,1,0,0.0,453.0,188.0
2397,143.85,9216.47157766,916.4162155,1,0,0.0,453.0,188.0
2398,143.91,9216.05486272,916.14144136,1,0,0.0,453.0,188.0
2399,143.97,9215.68945565,915.67665715,1,0,0.0,453.0,188.0
2400,144.03,9215.38169889,915.39472819,1,0,0.0,453.0,188.0
2401,144.09,9215.11348297,915.17701529,1,0,0.0,453.0,188.0
2402,144.15,9214.88845435,914.88224583,1,0,0.0,453.0,188.0
2403,144.21,9214.70837735,914.64089258,1,0,0.0,470.25,193.0
2404,144.27,9214.56876133,914.40091212,1,0,0.0,470.25,193.0
2405,144.33,9214.46664884,914.27488141,1,0,0.0,470.25,193.0
2406,144.39,9214.39763867,914.05019602,1,0,0.0,470.25,193.0
2407,144.45,9214.36908579,913.8226818,1,0,0.0,470.25,193.0
2408,144.51,9214.3776553,913.68431808,1,0,0.0,470.5,194.0
2409,144.57,9214.41379549,913.58280546,1,0,0.0,470.75,195.0
2410,144.63,9214.48152503,913.37958875,1,0,0.0,470.75,195.0
2411,144.69,9214.58790771,913.20883106,1,0,0.0,470.75,195.0
2412,144.75,9214.7255495,913.09237237,1,0,0.0,470.75,195.0
2413,144.81,9214.89127692,912.97258836,1,0,0.0,470.75,195.0
2414,144.87,9215.0855489,912.82265117,1,0,0.0,470.75,195.0
2415,144.93,9215.31174663,912.69059533,1,0,0.0,470.75,195.0
2416,144.99,9215.56651529,912.56574558,1,0,0.0,470.75,195.0
2417,145.05,9215.85203454,912.4208333,1,0,0.0,470.75,195.0
2418,145.11,9216.17025356,912.28697022,1,0,0.0,489.0,201.0
2419,145.17,9216.51694919,912.19373913,1,0,0.0,489.0,201.0
2420,145.23,9216.89800268,912.05544174,1,0,0.0,489.0,201.0
2421,145.29,9217.31339897,911.90199899,1,0,0.0,489.0,201.0
2422,145.35,9217.76135393,911.76113224,1,0,0.0,489.0,201.0
2423,145.41,9218.23709915,911.67721602,1,0,0.0,489.0,201.0
2424,145.47,9218.73776986,911.58485834,1,0,0.0,489.0,201.0
2425,145.53,9219.26841169,911.43139438,1,0,0.0,489.0,201.0
2426,145.59,9219.83218207,911.27796541,1,0,0.0,489.0,201.0
2427,145.65,9220.42728833,911.18618415,1,0,0.0,489.0,201.0
2428,145.71,9221.0514877,911.10617853,1,0,0.0,489.0,201.0
2429,145.77,9221.70467239,911.02003005,1,0,0.0,489.0,201.0
2430,145.83,9222.38513111,910.88820123,1,0,0.0,489.0,201.0
2431,145.89,9223.09939721,910.7279262,1,0,0.0,489.0,201.0
2432,145.95,9223.84536649,910.60309044,1,0,0.0,489.0,201.0
2433,146.01,9224.62156912,910.47827421,1,0,0.0,506.25,205.0
2434,146.07,9225.42803279,910.35349223,1,0,0.0,506.25,205.0
2435,146.13,9226.26586212,910.24407586,1,0,0.0,506.25,205.0
2436,146.19,9227.13649891,910.13610328,1,0,0.0,506.25,205.0
2437,146.25,9228.0407261,910.02137658,1,0,0.0,506.25,205.0
2438,146.31,9228.97835781,909.89956399,1,0,0.0,506.25,205.0
2439,146.37,9229.94661903,909.76988913,1,0,0.0,506.25,205.0
2440,146.43,9230.9449166,909.64026419,1,0,0.0,506.25,205.0
2441,146.49,9231.97113906,909.54653757,1,0,0.0,506.25,205.0
2442,146.55,9233.02284283,909.43518687,1,0,0.0,506.25,205.0
2443,146.61,9234.10653604,909.31643482,1,0,0.0,506.25,205.0
2444,146.67,9235.22689322,909.17912907,1,0,0.0,506.25,205.0
2445,146.73,9236.38642979,909.03999986,1,0,0.0,506.25,205.0
2446,146.79,9237.58250139,908.9326961,1,0,0.0,506.25,205.0
2447,146.85,9238.81242955,908.81728342,1,0,0.0,523.25,211.0
2448,146.91,9240.07385526,908.69098695,1,0,0.0,523.25,211.0
2449,146.97,9241.36941921,908.53075634,1,0,0.0,523.25,211.0
2450,147.03,9242.70160222,908.37733394,1,0,0.0,523.25,211.0
2451,147.09,9244.07021976,908.2549635,1,0,0.0,523.25,211.0
2452,147.15,9245.47298567,908.14785046,1,0,0.0,523.25,211.0
2453,147.21,9246.90984202,908.04076845,1,0,0.0,523.25,211.0
2454,147.27,9248.38078773,907.93368643,1,0,0.0,523.25,211.0
2455,147.33,9249.88627776,907.81187206,1,0,0.0,523.5,213.0
2456,147.39,9251.42968461,907.65385668,1,0,0.0,523.75,215.0
2457,147.45,9253.01081133,907.50422743,1,0,0.0,523.75,215.0
2458,147.51,9254.63038411,907.35917111,1,0,0.0,523.75,215.0
2459,147.57,9256.28854381,907.21483326,1,0,0.0,523.75,215.0
2460,147.63,9257.98608888,907.08038403,1,0,0.0,524.0,216.0
2461,147.69,9259.72356881,906.9463408,1,0,0.0,524.0,216.0
2462,147.75,9261.50030389,906.81342523,1,0,0.0,541.5,220.0
2463,147.81,9263.31755714,906.67360723,1,0,0.0,541.5,220.0
2464,147.87,9265.1754173,906.53426482,1,0,0.0,541.5,220.0
2465,147.93,9267.07174125,906.37650428,1,0,0.0,541.5,220.0
2466,147.99,9269.00553534,906.22886341,1,0,0.0,541.5,220.0
2467,148.05,9270.97753263,906.09853569,1,0,0.0,541.5,220.0
2468,148.11,9272.99032865,905.96286462,1,0,0.0,541.5,220.0
2469,148.17,9275.04771874,905.79809047,1,0,0.0,541.5,220.0
2470,148.23,9277.15243105,905.63156625,1,0,0.0,541.5,220.0
2471,148.29,9279.30414043,905.46908833,1,0,0.0,541.5,220.0
2472,148.35,9281.5023258,905.30811601,1,0,0.0,541.5,220.0
2473,148.41,9283.74483696,905.15938017,1,0,0.0,541.5,220.0
2474,148.47,9286.02756466,905.01254094,1,0,0.0,541.5,220.0
2475,148.53,9288.35105003,904.86731765,1,0,0.0,541.5,220.0
2476,148.59,9290.7177142,904.69374699,1,0,0.0,541.5,220.0
2477,148.65,9293.12990011,904.52013858,1,0,0.0,558.0,222.0
2478,148.71,9295.59103811,904.32877105,1,0,0.0,558.0,222.0
2479,148.77,9298.10353172,904.15944874,1,0,0.0,558.0,222.0
2480,148.83,9300.66764605,904.00157301,1,0,0.0,558.0,222.0
2481,148.89,9303.28301674,903.84865362,1,0,0.0,558.0,222.0
2482,148.95,9305.94705175,903.66680307,1,0,0.0,558.0,222.0
2483,149.01,9308.65905553,903.45711471,1,0,0.0,558.0,222.0
2484,149.07,9311.41645599,903.26261166,1,0,0.0,558.0,222.0
2485,149.13,9314.22287498,903.09516827,1,0,0.0,558.0,222.0
2486,149.19,9317.08304577,902.92772487,1,0,0.0,558.0,222.0
2487,149.25,9319.99941653,902.74506913,1,0,0.0,558.0,222.0
2488,149.31,9322.97985402,902.55407209,1,0,0.04348531,558.0,222.0
2489,149.37,9326.02493492,902.36307504,1,0,0.05302447,558.0,222.0
2490,149.43,9329.13401612,902.18438733,1,0,0.06256363,556.0,222.0
2491,149.49,9332.30661463,902.00721503,1,0,0.07210279,556.0,222.0
2492,149.55,9335.5427493,901.83004273,1,0,0.08164194,570.75,224.0
2493,149.61,9338.84224176,901.65211192,1,0,0.0911811,570.75,224.0
2494,149.67,9342.19717722,901.47059943,1,0,0.10072026,568.25,224.0
2495,149.73,9345.60823779,901.27210778,1,0,0.11025942,568.25,224.0
2496,149.79,9349.08873023,901.06287067,1,0,0.12447256,565.75,224.0
2497,149.85,9352.64104308,900.85762771,1,0,0.14101393,565.75,224.0
2498,149.91,9356.26583775,900.65364152,1,0,0.15755531,566.0,226.0
2499,149.97,9359.9638442,900.45000586,1,0,0.17409669,564.25,228.0
2500,150.03,9363.73528882,900.24667284,1,0,0.19063806,562.25,228.0
2501,150.09,9367.58071193,900.0437559,1,0,0.20717944,560.75,228.0
2502,150.15,9371.50436357,899.82201521,1,0,0.22372082,560.25,228.0
2503,150.21,9375.5220917,899.59132633,1,0,0.24704274,559.0,229.0
2504,150.27,9379.6357281,899.36077049,1,0,0.27284232,558.25,229.0
2505,150.33,9383.84540508,899.13048759,1,0,0.2986419,554.25,228.0
2506,150.39,9388.15123938,898.90045516,1,0,0.32444148,553.25,228.0
2507,150.45,9392.55347455,898.6707472,1,0,0.35024106,562.5,234.0
2508,150.51,9397.06508572,898.40929052,1,0,0.37675743,559.75,232.0
2509,150.57,9401.70673323,898.14339888,1,0,0.41535113,556.75,232.0
2510,150.63,9406.47896754,897.87787175,1,0,0.45456138,554.5,232.0
2511,150.69,9411.38186244,897.61349323,1,0,0.49377162,554.5,236.0
2512,150.75,9416.41918196,897.33930287,1,0,0.53298186,553.0,236.0
2513,150.81,9421.63483934,897.04108361,1,0,0.58378881,550.0,236.0
2514,150.87,9427.04063664,896.74305394,1,0,0.64520264,545.0,232.0
2515,150.93,9432.63806983,896.43922776,1,0,0.70661661,542.75,233.0
2516,150.99,9438.51365964,896.1004676,1,0,0.78262947,542.25,233.0
2517,151.05,9444.79903128,895.89972252,1,0,0.90499875,539.5,233.0
2518,151.11,9451.79077037,895.5167113,1,0,1.09716602,533.75,232.0
2519,151.17,9458.87211114,895.12000531,1,0,1.20473773,529.75,224.0
2520,151.23,9465.92718117,894.7236941,1,0,1.18302577,527.75,224.0
2521,151.29,9472.97008251,894.33360124,1,0,1.18307475,524.25,224.0
2522,151.35,9480.00166864,893.93521411,1,0,1.1943005,519.0,219.0
2523,151.41,9487.00928507,893.53791706,1,0,1.18317272,512.75,219.0
2524,151.47,9494.00285729,893.14704063,1,0,1.1832217,510.0,219.0
2525,151.53,9500.98795265,892.75407638,1,0,1.18327069,506.0,219.0
2526,151.59,9507.95381874,892.35573798,1,0,1.18331967,502.75,215.0
2527,151.65,9514.90086692,891.96634745,1,0,1.18336865,497.25,213.0
2528,151.71,9521.83578992,891.58154797,1,0,1.18341763,494.0,213.0
2529,151.77,9528.76022415,891.19389359,1,0,1.18346662,491.5,213.0
2530,151.83,9535.66563614,890.79847471,1,0,1.1835156,488.0,213.0
2531,151.89,9542.55272291,890.40781198,1,0,1.18356458,484.0,209.0
2532,151.95,9549.4259613,890.02693323,1,0,1.18361357,478.25,207.0
2533,152.01,9556.28706411,889.6481796,1,0,1.18366255,476.25,207.0
2534,152.07,9563.13294768,889.25973165,1,0,1.18371153,473.0,207.0
2535,152.13,9569.95777301,888.87310276,1,0,1.18376051,468.5,207.0
2536,152.19,9576.76452736,888.49032085,1,0,1.1838095,463.0,205.0
2537,152.25,9583.55568436,888.11172159,1,0,1.18385848,459.0,206.0
2538,152.31,9590.33011133,887.73345173,1,0,1.18390746,457.75,206.0
2539,152.37,9597.09123298,887.34500194,1,0,1.18395645,453.25,206.0
2540,152.43,9603.83472808,886.95867485,1,0,1.18400543,449.0,202.0
2541,152.49,9610.56276727,886.58050209,1,0,1.18405441,443.0,200.0
2542,152.55,9617.27767448,886.20767699,1,0,1.18410339,440.25,200.0
2543,152.61,9623.98079377,885.83485189,1,0,1.18415238,437.5,200.0
2544,152.67,9630.67176342,885.45774531,1,0,1.18420136,433.75,200.0
2545,152.73,9637.3454248,885.07260527,1,0,1.18425034,429.25,197.0
2546,152.79,9644.00222229,884.69626466,1,0,1.18429933,424.25,196.0
2547,152.85,9650.64302817,884.32588583,1,0,1.18434831,421.5,196.0
2548,152.91,9657.2703093,883.95877182,1,0,1.18439729,418.75,196.0
2549,152.97,9663.88448021,883.59165782,1,0,1.18444627,413.75,196.0
2550,153.03,9670.48495453,883.21859746,1,0,1.18449526,408.0,194.0
2551,153.09,9677.06705564,882.83906739,1,0,1.18454424,405.25,193.0
2552,153.15,9683.63174636,882.46571769,1,0,1.18459322,402.0,192.0
2553,153.21,9690.18016475,882.09540238,1,0,1.18464221,397.25,191.0
2554,153.27,9696.71442142,881.73126913,1,0,1.18469119,392.25,188.0
2555,153.33,9703.23429699,881.3710546,1,0,1.18474017,387.25,188.0
2556,153.39,9709.73952558,881.00891548,1,0,1.18478915,384.25,188.0
2557,153.45,9716.22666611,880.63454336,1,0,1.18483814,382.5,188.0
2558,153.51,9722.69454283,880.26582772,1,0,1.18488712,377.25,188.0
2559,153.57,9729.14489745,879.89869785,1,0,1.1849361,371.75,185.0
2560,153.63,9735.57824137,879.54360055,1,0,1.18498509,368.5,185.0
2561,153.69,9741.99549733,879.18941308,1,0,1.18503407,366.0,185.0
2562,153.75,9748.39658747,878.83522561,1,0,1.18508305,362.25,185.0
2563,153.81,9754.7809599,878.47425218,1,0,1.18513203,357.25,185.0
2564,153.87,9761.14483818,878.1058769,1,0,1.18518102,353.0,182.0
2565,153.93,9767.48882849,877.74428084,1,0,1.18523,349.5,182.0
2566,153.99,9773.81403926,877.38279338,1,0,1.18527898,346.25,182.0
2567,154.05,9780.12166051,877.02958455,1,0,1.18532797,341.75,182.0
2568,154.11,9786.4120986,876.68140922,1,0,1.18537695,336.0,180.0
2569,154.17,9792.68499235,876.33323389,1,0,1.18542593,333.25,180.0
2570,154.23,9798.93986165,875.97821356,1,0,1.18547491,329.25,180.0
2571,154.29,9805.17329199,875.61511643,1,0,1.1855239,327.75,180.0
2572,154.35,9811.38555414,875.25972868,1,0,1.18557288,321.75,180.0
2573,154.41,9817.57718588,874.91031527,1,0,1.18562186,316.25,177.0
2574,154.47,9823.63818937,876.44196672,1,0,1.18567085,314.0,177.0
2575,154.53,9829.46676522,877.74443545,1,0,1.18571983,310.0,177.0
2576,154.59,9835.11567864,878.07696391,2,0,1.18576881,307.0,177.0
2577,154.65,9840.72096976,877.83849116,2,0,1.18581779,301.25,177.0
2578,154.71,9846.29389693,877.52805741,2,0,1.18586678,297.0,175.0
2579,154.77,9851.85176087,877.11164097,1,0,1.18591576,295.0,175.0
2580,154.83,9857.32269402,877.7510844,1,0,1.18596474,291.25,175.0
2581,154.89,9862.64918208,878.28397257,1,0,1.18601373,286.75,175.0
2582,154.95,9867.86984176,878.16150396,1,0,1.18606271,281.0,172.0
2583,155.01,9873.09749616,877.48135978,1,0,1.18611169,278.25,172.0
2584,155.07,9878.34994394,876.79324464,1,0,1.18616068,274.5,172.0
2585,155.13,9883.62900576,876.14355634,1,0,1.18620966,271.75,172.0
2586,155.19,9888.92087672,875.57023836,1,0,1.18625864,266.75,172.0
2587,155.25,9894.21661675,875.02535483,1,0,1.18630762,262.5,170.0
2588,155.31,9899.52130648,874.43560055,1,0,1.18635661,260.5,170.0
2589,155.37,9904.8355694,873.90860255,1,0,1.18640559,255.25,170.0
2590,155.43,9910.15146832,873.41375827,1,0,1.18645457,252.0,170.0
2591,155.49,9915.46641816,872.94944912,1,0,1.18650356,247.25,169.0
2592,155.55,9920.78364918,872.43519641,1,0,1.18655254,243.0,167.0
2593,155.61,9926.10209325,871.96329123,1,0,1.18660152,241.25,167.0
2594,155.67,9931.41255831,871.49023731,1,0,1.1866505,235.25,167.0
2595,155.73,9936.71127326,871.07664969,1,0,1.18669949,232.25,167.0
2596,155.79,9942.0054456,870.60160412,1,0,1.18674847,227.75,167.0
2597,155.85,9947.29360857,870.16656798,1,0,1.18679745,224.25,165.0
2598,155.91,9952.57379888,869.74012723,1,0,1.18684644,220.25,164.0
2599,155.97,9957.84209247,869.36071676,1,0,1.18689542,216.5,164.0
2600,156.03,9963.09772103,868.94414675,1,0,1.1869444,213.75,164.0
2601,156.09,9968.3436449,868.51555551,1,0,1.18699338,207.75,161.0
2602,156.15,9973.57684502,868.08298541,1,0,1.18704237,205.0,161.0
2603,156.21,9978.79538309,867.69354686,1,0,1.18709135,201.0,161.0
2604,156.27,9983.99594139,867.31572207,1,0,1.18714033,197.25,161.0
2605,156.33,9989.18058318,866.90919234,1,0,1.18718932,193.25,161.0
2606,156.39,9994.35217209,866.52632059,1,0,1.1872383,189.0,159.0
2607,156.45,9999.50799638,866.15544501,1,0,1.18728728,185.5,159.0
2608,156.51,10004.64656877,865.78868203,1,0,1.18733626,180.5,159.0
2609,156.57,10009.76591843,865.43229766,1,0,1.18738464,177.25,157.0
2610,156.63,10014.86147435,865.04943249,1,0,1.18742972,171.75,157.0
2611,156.69,10019.93551028,864.67135978,1,0,1.18747116,170.0,155.0
2612,156.75,10024.98928537,864.29766646,1,0,1.18750897,166.0,155.0
2613,156.81,10030.02293695,863.92695704,1,0,1.18754314,160.5,153.0
2614,156.87,10035.03547227,863.59480271,1,0,1.18712235,157.25,153.0
2615,156.93,10040.02360255,863.2500122,1,0,1.18654529,152.75,151.0
2616,156.99,10044.99039793,862.90133625,1,0,1.18596822,150.75,151.0
2617,157.05,10049.93549909,862.54811219,1,0,1.18532692,146.5,150.0
2618,157.11,10054.85497754,862.18780381,1,0,1.18371085,142.25,149.0
2619,157.17,10059.74766677,861.83717165,1,0,1.18198798,138.25,148.0
2620,157.23,10064.61026009,861.51148121,1,0,1.18026512,135.0,146.0
2621,157.29,10069.44597834,861.16572166,1,0,1.17854225,131.75,146.0
2622,157.35,10074.25588235,860.82732382,1,0,1.17681939,127.5,144.0
2623,157.41,10079.04064172,860.49655269,1,0,1.1746688,123.5,143.0
2624,157.47,10083.79872172,860.16869755,1,0,1.17154045,119.75,143.0
2625,157.53,10088.52815247,859.87554323,1,0,1.16841137,118.0,141.0
2626,157.59,10093.22637419,859.53933708,1,0,1.16528125,113.5,140.0
2627,157.65,10097.89348948,859.21097898,1,0,1.16109213,109.25,138.0
2628,157.71,10102.52838184,858.88269907,1,0,1.15645894,107.5,138.0
2629,157.77,10107.13100813,858.55446755,1,0,1.15182575,103.0,135.0
2630,157.83,10111.70142149,858.23528876,1,0,1.14719256,101.25,135.0
2631,157.89,10116.2374508,857.9457066,1,0,1.14255938,97.25,133.0
2632,157.95,10120.74120751,857.64149015,1,0,1.13713589,93.5,133.0
2633,158.01,10125.2119963,857.33893124,1,0,1.13090002,91.25,135.0
2634,158.07,10129.64879581,857.02029789,1,0,1.12466415,87.25,132.0
2635,158.13,10134.04882534,856.70052696,1,0,1.11803249,84.0,130.0
2636,158.19,10138.40967204,856.40883377,1,0,1.11007329,81.0,128.0
2637,158.25,10142.72891867,856.12124555,1,0,1.10210326,78.0,127.0
2638,158.31,10147.01012381,855.82430823,1,0,1.09413324,75.25,125.0
2639,158.37,10151.25345081,855.52741994,1,0,1.08616321,72.75,123.0
2640,158.43,10155.45775504,855.2378148,1,0,1.07719708,69.75,123.0
2641,158.49,10159.6208633,854.94993619,1,0,1.06727451,66.75,122.0
2642,158.55,10163.74264965,854.68201649,1,0,1.05735195,64.5,120.0
2643,158.61,10167.82048094,854.39275949,1,0,1.04623798,60.75,118.0
2644,158.67,10171.85311469,854.10295623,1,0,1.03426746,58.75,117.0
2645,158.73,10175.84085216,853.81327959,1,0,1.02229694,56.5,115.0
2646,158.79,10179.78315622,853.53479591,1,0,1.01032642,52.25,115.0
2647,158.85,10183.67546346,853.277941,1,0,0.99743775,51.5,115.0
2648,158.91,10187.51523012,853.03064473,1,0,0.9831083,48.0,112.0
2649,158.97,10191.30690951,852.7558132,1,0,0.96876167,45.25,110.0
2650,159.03,10195.05012563,852.49342975,1,0,0.95237301,44.25,109.0
2651,159.09,10198.73743198,852.2296578,1,0,0.93546163,40.5,106.0
2652,159.15,10202.36701534,851.96726804,1,0,0.91855025,38.25,106.0
2653,159.21,10205.93890627,851.71393712,1,0,0.90115796,36.75,104.0
2654,159.27,10209.44946347,851.47843294,1,0,0.88132784,34.5,101.0
2655,159.33,10212.89459529,851.26220534,1,0,0.86134904,32.25,100.0
2656,159.39,10216.2692688,851.05851033,1,0,0.83853094,30.5,97.0
2657,159.45,10219.57155494,850.85530482,1,0,0.81533014,27.25,97.0
2658,159.51,10222.80135009,850.65337421,1,0,0.79211383,26.75,95.0
2659,159.57,10225.95445842,850.46372082,1,0,0.76576331,25.25,92.0
2660,159.63,10229.02742507,850.27622434,1,0,0.7384731,23.5,88.0
2661,159.69,10232.01425556,850.09743678,1,0,0.70724909,22.5,88.0
2662,159.75,10234.91190618,849.91879398,1,0,0.6755726,18.5,82.0
2663,159.81,10237.71797159,849.74706762,1,0,0.64171494,17.75,79.0
2664,159.87,10240.42353198,849.58094374,1,0,0.60412432,17.75,79.0
2665,159.93,10243.01900296,849.4248062,1,0,0.56073319,16.25,73.0
2666,159.99,10245.49849205,849.270104,1,0,0.51626875,15.25,69.0
2667,160.05,10247.84954508,849.12571679,1,0,0.46370146,13.0,58.0
2668,160.11,10250.05112808,848.99285188,1,0,0.40064265,13.0,58.0
2669,160.17,10252.08240794,848.86687867,1,0,0.32822717,13.0,58.0
2670,160.23,10253.88923525,848.75591798,1,0,0.22547272,13.0,58.0
2671,160.29,10255.30495515,848.66859826,1,0,0.0,13.0,58.0
2672,160.35,10256.49749924,848.59764028,1,0,0.0,13.0,58.0
2673,160.41,10257.68840101,848.52681107,1,0,0.0,13.0,58.0
2674,160.47,10258.87937402,848.45599106,1,0,0.0,13.0,58.0
2675,160.53,10260.07038148,848.38532138,1,0,0.0,13.0,58.0
2676,160.59,10261.26139394,848.3146517,1,0,0.0,13.0,58.0
2677,160.65,10262.4524114,848.24398201,1,0,0.0,13.0,58.0
2678,160.71,10263.64343382,848.17331229,1,0,0.0,13.0,58.0
2679,160.77,10264.83446118,848.10264257,1,0,0.0,13.0,58.0
2680,160.83,10266.02549348,848.03197285,1,0,0.0,13.0,58.0
2681,160.89,10267.21653072,847.96130313,1,0,0.0,13.0,58.0
2682,160.95,10268.4075729,847.89063341,1,0,0.0,13.0,58.0
2683,161.01,10269.59862003,847.81996369,1,0,0.0,13.0,58.0
2684,161.07,10270.78967339,847.74929806,1,0,0.0,13.0,58.0
2685,161.13,10271.98074276,847.67863753,1,0,0.0,13.0,58.0
2686,161.19,10273.17183015,847.607977,1,0,0.0,13.0,58.0
2687,161.25,10274.36293556,847.53731647,1,0,0.0,13.0,58.0
2688,161.31,10275.55405899,847.46665594,1,0,0.0,13.0,58.0
2689,161.37,10276.74520078,847.3959981,1,0,0.0,13.0,58.0
2690,161.43,10277.93636779,847.32534788,1,0,0.0,13.0,58.0
2691,161.49,10279.12756274,847.25469766,1,0,0.0,13.0,58.0
2692,161.55,10280.31878561,847.18404744,1,0,0.0,13.0,58.0
2693,161.61,10281.51003641,847.11339722,1,0,0.0,13.0,58.0
2694,161.67,10282.70131514,847.042747,1,0,0.0,13.0,58.0
2695,161.73,10283.8926218,846.97209678,1,0,0.0,13.0,58.0
2696,161.79,10285.08395639,846.90144656,1,0,0.0,13.0,58.0
2697,161.85,10286.27531891,846.83079634,1,0,0.0,13.0,58.0
2698,161.91,10287.46670924,846.76014677,1,0,0.0,13.0,58.0
2699,161.97,10288.65812473,846.68949924,1,0,0.0,13.0,58.0
2700,162.03,10289.84956428,846.6188517,1,0,0.0,13.0,58.0
2701,162.09,10291.04102788,846.54820416,1,0,0.0,13.0,58.0
2702,162.15,10292.23251553,846.47755663,1,0,0.0,13.0,58.0
2703,162.21,10293.42402675,846.40691078,1,0,0.0,13.0,58.0
2704,162.27,10294.61555832,846.33626678,1,0,0.0,13.0,58.0
2705,162.33,10295.80710966,846.26562279,1,0,0.0,13.0,58.0
2706,162.39,10296.99868076,846.19497879,1,0,0.0,13.0,58.0
2707,162.45,10298.19026284,846.12482249,1,0,0.0,13.0,58.0
2708,162.51,10299.38019068,846.05272369,1,0,0.0,13.0,58.0
2709,162.57,10300.56399849,845.979899,1,0,0.0,13.0,58.0
2710,162.63,10301.74177246,845.90738763,1,0,0.0,13.0,58.0
2711,162.69,10302.91366918,845.83542504,1,0,0.0,13.0,58.0
2712,162.75,10304.08019198,845.7637616,1,0,0.0,13.0,58.0
2713,162.81,10305.24149404,845.69222963,1,0,0.0,13.0,58.0
2714,162.87,10306.39794305,845.62136083,1,0,0.0,13.0,58.0
2715,162.93,10307.54978489,845.55053913,1,0,0.0,13.0,58.0
2716,162.99,10308.69721437,845.48009273,1,0,0.0,13.0,58.0
2717,163.05,10309.84056291,845.40992331,1,0,0.0,13.0,58.0
2718,163.11,10310.98002935,845.340034,1,0,0.0,13.0,58.0
2719,163.17,10312.11581415,845.27036878,1,0,0.0,13.0,58.0
2720,163.23,10313.24813388,845.20100607,1,0,0.0,13.0,58.0
2721,163.29,10314.377059,845.13176757,1,0,0.0,13.0,58.0
2722,163.35,10315.50266394,845.06287321,1,0,0.0,13.0,58.0
2723,163.41,10316.62524114,844.99422632,1,0,0.0,13.0,58.0
2724,163.47,10317.74485092,844.92558059,1,0,0.0,13.0,58.0
2725,163.53,10318.8899733,844.96976692,1,0,0.0,13.0,58.0
2726,163.59,10320.08417102,844.90453902,1,0,0.0,13.0,58.0
2727,163.65,10321.27950707,844.83936428,1,0,0.0,13.0,58.0
2728,163.71,10322.4761402,844.77459615,1,0,0.0,13.0,58.0
2729,163.77,10323.6693544,844.70165078,1,0,0.0,13.0,58.0
2730,163.83,10324.86033759,844.6359312,1,0,0.0,13.0,58.0
2731,163.89,10326.0525814,844.57047133,1,0,0.0,13.0,58.0
2732,163.95,10327.24619431,844.50511909,1,0,0.0,13.0,58.0
2733,164.01,10328.44023733,844.43545027,1,0,0.0,13.0,58.0
2734,164.07,10329.63084491,844.36670875,1,0,0.0,13.0,58.0
2735,164.13,10330.82159692,844.30074693,1,0,0.0,13.0,58.0
2736,164.19,10332.01302402,844.23492934,1,0,0.0,13.0,58.0
2737,164.25,10333.20504872,844.16783566,1,0,0.0,13.0,58.0
2738,164.31,10334.39499587,844.09747785,1,0,0.0,13.0,58.0
2739,164.37,10335.58409424,844.03102647,1,0,0.0,13.0,58.0
2740,164.43,10336.77311085,843.96463129,1,0,0.0,13.0,58.0
2741,164.49,10337.96199251,843.89856234,1,0,0.0,13.0,58.0
2742,164.55,10339.01937561,845.81535895,1,0,0.0,13.0,58.0
2743,164.61,10339.38645018,848.36429204,1,0,0.0,13.0,58.0
2744,164.67,10339.34911294,849.80818257,1,0,0.0,13.0,58.0
2745,164.73,10339.04367967,851.0060956,1,0,0.0,13.0,58.0
2746,164.79,10338.52247161,851.97317629,1,0,0.0,13.0,58.0
2747,164.85,10337.82592749,852.29235184,2,0,0.0,13.0,58.0
2748,164.91,10337.33963257,850.49457157,2,0,0.0,13.0,58.0
2749,164.97,10337.24881185,848.71727204,2,0,0.0,13.0,58.0
2750,165.03,10337.55844074,846.87486128,2,0,0.0,13.0,58.0
2751,165.09,10338.14655684,846.57516714,1,0,0.0,13.0,58.0
2752,165.15,10338.64411177,846.99356189,1,0,0.0,13.0,58.0
2753,165.21,10339.02026632,847.42514936,1,0,0.0,13.0,58.0
2754,165.27,10339.29453887,847.74671213,1,0,0.0,13.0,58.0
2755,165.33,10339.472095,848.10480616,1,0,0.0,13.0,58.0
2756,165.39,10339.55269229,848.35640676,1,0,0.0,13.0,58.0
2757,165.45,10339.55045171,848.6340307,1,0,0.0,13.0,58.0
2758,165.51,10339.45799276,848.88541659,1,0,0.0,13.0,58.0
2759,165.57,10339.32855571,848.71257874,1,0,0.0,13.0,58.0
2760,165.63,10339.27433796,848.35001922,1,0,0.0,13.0,58.0
2761,165.69,10339.3022666,847.97805616,1,0,0.0,13.0,58.0
2762,165.75,10339.4117051,847.64219185,1,0,0.0,13.0,58.0
2763,165.81,10339.59118831,847.33495976,1,0,0.0,13.0,58.0
2764,165.87,10339.84324585,847.00073387,1,0,0.0,13.0,58.0
2765,165.93,10340.16749224,846.71675795,1,0,0.0,13.0,58.0
2766,165.99,10340.55173484,846.45386231,1,0,0.0,13.0,58.0
2767,166.05,10341.05487425,845.60766482,1,0,0.0,13.0,58.0
2768,166.11,10341.6290499,845.38387452,1,0,0.0,13.0,58.0
2769,166.17,10342.25436782,845.15472432,1,0,0.0,13.0,58.0
2770,166.23,10342.9335439,844.93352537,1,0,0.0,13.0,58.0
2771,166.29,10343.66112186,844.72126319,1,0,0.0,13.0,58.0
2772,166.35,10344.43699583,844.50605998,1,0,0.0,13.0,58.0
2773,166.41,10345.26169375,844.30107008,1,0,0.0,13.0,58.0
2774,166.47,10346.1324983,844.09829825,1,0,0.0,13.0,58.0
2775,166.53,10347.04929244,843.89553146,1,0,0.0,13.0,58.0
2776,166.59,10348.01141267,843.70001067,1,0,0.0,13.0,58.0
2777,166.65,10349.01798982,843.50492939,1,0,0.0,13.0,58.0
2778,166.71,10350.06901926,843.30986255,1,0,0.0,13.0,58.0
2779,166.77,10351.16353941,843.1223964,1,0,0.0,13.0,58.0
2780,166.83,10352.30152973,842.93381918,1,0,0.0,13.0,58.0
2781,166.89,10353.48311092,842.74526607,1,0,0.0,13.0,58.0
2782,166.95,10354.70763885,842.5625712,1,0,0.0,13.0,58.0
2783,167.01,10355.97501303,842.37952522,1,0,0.0,13.0,58.0
2784,167.07,10357.28542196,842.19647983,1,0,0.0,13.0,58.0
2785,167.13,10358.63233363,842.07287806,1,0,0.0,13.0,58.0
2786,167.19,10359.98320959,841.99835399,1,0,0.0,13.0,58.0
2787,167.25,10361.33359936,841.92384005,1,0,0.0,13.0,58.0
2788,167.31,10362.68344544,841.84936426,1,0,0.0,13.0,58.0
2789,167.37,10364.0327181,841.77490523,1,0,0.0,13.0,58.0
2790,167.43,10365.3814148,841.7004461,1,0,0.0,13.0,58.0
2791,167.49,10366.72953814,841.62598781,1,0,0.0,13.0,58.0
2792,167.55,10368.07707455,841.55157661,1,0,0.0,13.0,58.0
2793,167.61,10369.42401182,841.47716542,1,0,0.0,13.0,58.0
2794,167.67,10370.77034235,841.40279051,1,0,0.0,13.0,58.0
2795,167.73,10372.1160415,841.32843364,1,0,0.0,13.0,58.0
2796,167.79,10373.46110739,841.25407677,1,0,0.0,13.0,58.0
2797,167.85,10374.80554001,841.17971991,1,0,0.0,13.0,58.0
2798,167.91,10376.14933168,841.10540291,1,0,0.0,13.0,58.0
2799,167.97,10377.49245616,841.03110712,1,0,0.0,13.0,58.0
2800,168.03,10378.83490912,840.95683302,1,0,0.0,13.0,58.0
2801,168.09,10380.17666243,840.88260228,1,0,0.0,13.0,58.0
2802,168.15,10381.51770743,840.80837155,1,0,0.0,13.0,58.0
2803,168.21,10382.8580548,840.73414378,1,0,0.0,13.0,58.0
2804,168.27,10384.19772008,840.65995025,1,0,0.0,13.0,58.0
2805,168.33,10385.53667095,840.58579489,1,0,0.0,13.0,58.0
2806,168.39,10386.8748999,840.51165791,1,0,0.0,13.0,58.0
2807,168.45,10388.21237607,840.43757827,1,0,0.0,13.0,58.0
2808,168.51,10389.54908112,840.36344886,1,0,0.0,13.0,58.0
2809,168.57,10390.88470092,840.2890309,1,0,0.0,13.0,58.0
2810,168.63,10392.21904568,840.21465798,1,0,0.0,13.0,58.0
2811,168.69,10393.5520797,840.14032371,1,0,0.0,13.0,58.0
2812,168.75,10394.8837325,840.06837372,1,0,0.0,13.0,58.0
2813,168.81,10396.21638066,840.01883121,1,0,0.0,13.0,58.0
2814,168.87,10397.55196351,839.97213581,1,0,0.0,13.0,58.0
2815,168.93,10398.89087743,839.92807596,1,0,0.0,13.0,58.0
2816,168.99,10400.23347623,839.88663823,1,0,0.0,13.0,58.0
2817,169.05,10401.57992725,839.8388109,1,0,0.0,13.0,58.0
2818,169.11,10402.92684082,839.7674603,1,0,0.0,13.0,58.0
2819,169.17,10404.27301163,839.69485479,1,0,0.0,13.0,58.0
2820,169.23,10405.6169024,839.61070782,1,0,0.0,13.0,58.0
2821,169.29,10406.95829768,839.52879265,1,0,0.0,13.0,58.0
2822,169.35,10408.29705004,839.45057899,1,0,0.0,13.0,58.0
2823,169.41,10409.63330724,839.37463904,1,0,0.0,13.0,58.0
2824,169.47,10410.96756774,839.30029445,1,0,0.0,13.0,58.0
2825,169.53,10412.29926233,839.22614212,1,0,0.0,13.0,58.0
2826,169.59,10413.62783964,839.14696384,1,0,0.0,13.0,58.0
2827,169.65,10414.9525901,839.05810789,1,0,0.0,13.0,58.0
2828,169.71,10416.273174,838.97241986,1,0,0.0,13.0,58.0
2829,169.77,10417.59021061,838.89097481,1,0,0.0,13.0,58.0
2830,169.83,10418.90409043,838.81392456,1,0,0.0,13.0,58.0
2831,169.89,10420.21515407,838.73872894,1,0,0.0,13.0,58.0
2832,169.95,10421.52373317,838.66636382,1,0,0.0,13.0,58.0
2833,170.01,10422.82937612,838.5839528,1,0,0.0,13.0,58.0
2834,170.07,10424.12976954,838.4925102,1,0,0.0,13.0,58.0
2835,170.13,10425.42495213,838.4048821,1,0,0.0,13.0,58.0
2836,170.19,10426.71529766,838.32075979,1,0,0.0,13.0,58.0
2837,170.25,10428.00115177,838.23934825,1,0,0.0,13.0,58.0
2838,170.31,10429.28293058,838.16060736,1,0,0.0,13.0,58.0
2839,170.37,10430.56089925,838.08600284,1,0,0.0,13.0,58.0
2840,170.43,10431.83529139,838.01369287,1,0,0.0,13.0,58.0
2841,170.49,10433.10623041,837.94259515,1,0,0.0,13.0,58.0
2842,170.55,10434.37357027,837.87171563,1,0,0.0,13.0,58.0
2843,170.61,10435.63711808,837.80103905,1,0,0.0,13.0,58.0
2844,170.67,10436.89658899,837.73057511,1,0,0.0,13.0,58.0
2845,170.73,10438.1517067,837.66035232,1,0,0.0,13.0,58.0
2846,170.79,10439.40212024,837.59042288,1,0,0.0,13.0,58.0
2847,170.85,10440.64735956,837.52077288,1,0,0.0,13.0,58.0
2848,170.91,10441.88684332,837.45144078,1,0,0.0,13.0,58.0
2849,170.97,10443.11970273,837.3824774,1,0,0.0,13.0,58.0
2850,171.03,10444.34459983,837.3139884,1,0,0.0,13.0,58.0
2851,171.09,10445.55863459,837.24621549,1,0,0.0,13.0,58.0
2852,171.15,10446.75399602,837.17968828,1,0,0.0,13.0,58.0
2853,171.21,10447.9457639,837.11340338,1,0,0.0,13.0,58.0
2854,171.27,10449.1373251,837.04711848,1,0,0.0,13.0,58.0
2855,171.33,10450.32867961,836.98083357,1,0,0.0,13.0,58.0
2856,171.39,10451.51982745,836.91454867,1,0,0.0,13.0,58.0
2857,171.45,10452.71076861,836.84826377,1,0,0.0,13.0,58.0
2858,171.51,10453.90150356,836.78197914,1,0,0.0,13.0,58.0
2859,171.57,10455.09203309,836.71569454,1,0,0.0,13.0,58.0
2860,171.63,10456.28235722,836.64940995,1,0,0.0,13.0,58.0
2861,171.69,10457.47247594,836.58312536,1,0,0.0,13.0,58.0
2862,171.75,10038.66238926,556.51684076,1,0,0.0,13.0,58.0
2863,171.81,10039.85209717,556.45055617,1,0,0.0,13.0,58.0
2864,171.87,10041.04159968,556.38427157,1,0,0.0,13.0,58.0
2865,171.93,10042.23089678,556.31798698,1,0,0.0,13.0,58.0
2866,171.99,10043.41998746,556.25171415,1,0,0.0,13.0,58.0
2867,172.05,10044.60887019,556.18544271,1,0,0.0,13.0,58.0
2868,172.11,10045.79754496,556.11917127,1,0,0.0,13.0,58.0
2869,172.17,10046.98601176,556.05289984,1,0,0.0,13.0,58.0
2870,172.23,10048.17427061,555.9866284,1,0,0.0,13.0,58.0
2871,172.29,10049.36231934,555.92037851,1,0,0.0,13.0,58.0
2872,172.35,10050.55014813,555.85414477,1,0,0.0,13.0,58.0
2873,172.41,10051.73775578,555.78791104,1,0,0.0,13.0,58.0
2874,172.47,10052.92514227,555.72167731,1,0,0.0,13.0,58.0
2875,172.53,10054.11230762,555.65544357,1,0,0.0,13.0,58.0
2876,172.59,10055.29925181,555.58920984,1,0,0.0,13.0,58.0
2877,172.65,10056.48597485,555.5229761,1,0,0.0,13.0,58.0
2878,172.71,10057.67247675,555.45674237,1,0,0.0,13.0,58.0
2879,172.77,10058.85875749,555.39050864,1,0,0.0,13.0,58.0
2880,172.83,10060.04481708,555.3242749,1,0,0.0,13.0,58.0
2881,172.89,10061.23065536,555.25804298,1,0,0.0,13.0,58.0
2882,172.95,10062.41627116,555.19181704,1,0,0.0,13.0,58.0
2883,173.01,10063.60166256,555.12560241,1,0,0.0,13.0,58.0
2884,173.07,10064.78682887,555.05938779,1,0,0.0,13.0,58.0
2885,173.13,10065.97177008,554.99317316,1,0,0.0,13.0,58.0
2886,173.19,10067.1564862,554.92695854,1,0,0.0,13.0,58.0
2887,173.25,10068.34097723,554.86074391,1,0,0.0,13.0,58.0
2888,173.31,10069.52524318,554.79452928,1,0,0.0,13.0,58.0
2889,173.37,10070.70928402,554.72831466,1,0,0.0,13.0,58.0
2890,173.43,10071.89309978,554.66210003,1,0,0.0,13.0,58.0
2891,173.49,10073.07669045,554.5958854,1,0,0.0,13.0,58.0
2892,173.55,10074.26005603,554.52967078,1,0,0.0,13.0,58.0
2893,173.61,10075.44319651,554.46345615,1,0,0.0,13.0,58.0
2894,173.67,10076.62611153,554.39731821,1,0,0.0,13.0,58.0
2895,173.73,10077.80879659,554.33132367,1,0,0.0,13.0,58.0
2896,173.79,10078.99125039,554.26532912,1,0,0.0,13.0,58.0
2897,173.85,10080.1734725,554.19933762,1,0,0.0,13.0,58.0
2898,173.91,10081.35543639,554.13336484,1,0,0.0,13.0,58.0
2899,173.97,10082.5371262,554.06739206,1,0,0.0,13.0,58.0
2900,174.03,10083.71854196,554.00141928,1,0,0.0,13.0,58.0
2901,174.09,10084.89968364,553.9354465,1,0,0.0,13.0,58.0
2902,174.15,10086.08055126,553.86947372,1,0,0.0,13.0,58.0
2903,174.21,10087.26114481,553.80350094,1,0,0.0,13.0,58.0
2904,174.27,10088.44144636,553.7375444,1,0,0.0,13.0,58.0
2905,174.33,10089.621426,553.67159447,1,0,0.0,13.0,58.0
2906,174.39,10090.80108463,553.60564455,1,0,0.0,13.0,58.0
2907,174.45,10091.98036342,553.53970827,1,0,0.0,13.0,58.0
2908,174.51,10093.1591426,553.47377533,1,0,0.0,13.0,58.0
2909,174.57,10094.33741867,553.40784239,1,0,0.0,13.0,58.0
2910,174.63,10095.51519163,553.34190944,1,0,0.0,13.0,58.0
2911,174.69,10096.69241095,553.27598476,1,0,0.0,13.0,58.0
2912,174.75,10070.94785458,554.66255353,1,0,0.0,13.0,58.0
2913,174.81,10072.24250947,554.59059615,1,0,0.0,13.0,58.0
2914,174.87,10073.53688997,554.51864066,1,0,0.0,13.0,58.0
2915,174.93,10074.83098487,554.44668516,1,0,0.0,13.0,58.0
2916,174.99,10076.12479419,554.37472967,1,0,0.0,13.0,58.0
2917,175.05,10077.41831758,554.30277431,1,0,0.0,13.0,58.0
2918,175.11,10078.71154209,554.23081965,1,0,0.0,13.0,58.0
2919,175.17,10080.00444589,554.1588667,1,0,0.0,13.0,58.0
2920,175.23,10081.29701638,554.08691394,1,0,0.0,13.0,58.0
2921,175.29,10082.58925296,554.01496149,1,0,0.0,13.0,58.0
2922,175.35,10083.88114627,553.94300981,1,0,0.0,13.0,58.0
2923,175.41,10085.17269297,553.87105813,1,0,0.0,13.0,58.0
2924,175.47,10086.46388456,553.79910897,1,0,0.0,13.0,58.0
2925,175.53,10087.7547014,553.7271619,1,0,0.0,13.0,58.0
2926,175.59,10089.04513722,553.65521596,1,0,0.0,13.0,58.0
2927,175.65,10090.33518554,553.58327336,1,0,0.0,13.0,58.0
2928,175.71,10091.62483065,553.51133363,1,0,0.0,13.0,58.0
2929,175.77,10092.91408855,553.43939466,1,0,0.0,13.0,58.0
2930,175.83,10094.2029502,553.36745999,1,0,0.0,13.0,58.0
2931,175.89,10095.49139511,553.29552958,1,0,0.0,13.0,58.0
2932,175.95,10096.779407,553.2236017,1,0,0.0,13.0,58.0
2933,176.01,10098.06695825,553.15169421,1,0,0.0,13.0,58.0
2934,176.07,10099.35392727,553.07981135,1,0,0.0,13.0,58.0
2935,176.13,10100.64018616,553.00796066,1,0,0.0,13.0,58.0
2936,176.19,10101.9256759,552.93611702,1,0,0.0,13.0,58.0
2937,176.25,10103.21035939,552.86429548,1,0,0.0,13.0,58.0
2938,176.31,10104.49430868,552.792514,1,0,0.0,13.0,58.0
2939,176.37,10105.77758469,552.72075231,1,0,0.0,13.0,58.0
2940,176.43,10107.06016636,552.64899061,1,0,0.0,13.0,58.0
2941,176.49,10108.34201463,552.57727485,1,0,0.0,13.0,58.0
2942,176.55,10109.62307324,552.505564,1,0,0.0,13.0,58.0
2943,176.61,10110.90334175,552.43385315,1,0,0.0,13.0,58.0
2944,176.67,10112.18282016,552.36214229,1,0,0.0,13.0,58.0
2945,176.73,10113.46148388,552.29049031,1,0,0.0,13.0,58.0
2946,176.79,10114.73930032,552.21884302,1,0,0.0,13.0,58.0
2947,176.85,10116.01625663,552.14723871,1,0,0.0,13.0,58.0
2948,176.91,10117.29233378,552.07568453,1,0,0.0,13.0,58.0
2949,176.97,10118.5675954,552.00413663,1,0,0.0,13.0,58.0
2950,177.03,10119.84204391,551.93258873,1,0,0.0,13.0,58.0
2951,177.09,10121.11566317,551.86110004,1,0,0.0,13.0,58.0
2952,177.15,10122.38840865,551.789635,1,0,0.0,13.0,58.0
2953,177.21,10123.66027093,551.71821092,1,0,0.0,13.0,58.0
2954,177.27,10124.93119996,551.64683643,1,0,0.0,13.0,58.0
2955,177.33,10126.20118556,551.57546478,1,0,0.0,13.0,58.0
2956,177.39,10127.47021987,551.50410877,1,0,0.0,13.0,58.0
2957,177.45,10128.73828408,551.4328206,1,0,0.0,13.0,58.0
2958,177.51,10130.00533066,551.3615671,1,0,0.0,13.0,58.0
2959,177.57,10131.27134861,551.29036508,1,0,0.0,13.0,58.0
2960,177.63,10132.53628813,551.2192236,1,0,0.0,13.0,58.0
2961,177.69,10133.80013186,551.14810153,1,0,0.0,13.0,58.0
2962,177.75,10135.06287408,551.07697945,1,0,0.0,13.0,58.0
2963,177.81,10136.32449241,551.00595511,1,0,0.0,13.0,58.0
2964,177.87,10137.58494089,550.93495506,1,0,0.0,13.0,58.0
2965,177.93,10138.84420172,550.86404382,1,0,0.0,13.0,58.0
2966,177.99,10140.10222492,550.79317332,1,0,0.0,13.0,58.0
2967,178.05,10141.35900702,550.72230283,1,0,0.0,13.0,58.0
2968,178.11,10142.61454696,550.65145555,1,0,0.0,13.0,58.0
2969,178.17,10143.86879348,550.58072639,1,0,0.0,13.0,58.0
2970,178.23,10145.12171778,550.51001799,1,0,0.0,13.0,58.0
2971,178.29,10146.37327294,550.4394373,1,0,0.0,13.0,58.0
2972,178.35,10147.62343097,550.3688566,1,0,0.0,13.0,58.0
2973,178.41,10148.87218865,550.2982873,1,0,0.0,13.0,58.0
2974,178.47,10150.11951075,550.22784758,1,0,0.0,13.0,58.0
2975,178.53,10151.36535014,550.15745616,1,0,0.0,13.0,58.0
2976,178.59,10152.60969641,550.08721271,1,0,0.0,13.0,58.0
2977,178.65,10153.85248437,550.0170058,1,0,0.0,13.0,58.0
2978,178.71,10155.09370447,549.9468027,1,0,0.0,13.0,58.0
2979,178.77,10156.33333329,549.87672235,1,0,0.0,13.0,58.0
2980,178.83,10157.5712999,549.80670241,1,0,0.0,13.0,58.0
2981,178.89,10158.80733577,549.73654591,1,0,0.0,13.0,58.0
2982,178.95,10160.04052624,549.66622083,1,0,0.0,13.0,58.0
2983,179.01,10161.27078493,549.59589575,1,0,0.0,13.0,58.0
2984,179.07,10162.49793919,549.52596182,1,0,0.0,13.0,58.0
2985,179.13,10163.72169084,549.45613286,1,0,0.0,13.0,58.0
2986,179.19,10164.94194413,549.38652706,1,0,0.0,13.0,58.0
2987,179.25,10166.15862344,549.31713018,1,0,0.0,13.0,58.0
2988,179.31,10167.37169963,549.24783108,1,0,0.0,13.0,58.0
2989,179.37,10168.5810357,549.17877808,1,0,0.0,13.0,58.0
2990,179.43,10169.78629425,549.11020588,1,0,0.0,13.0,58.0
2991,179.49,10170.98729235,549.04165997,1,0,0.0,13.0,58.0
2992,179.55,10172.18401429,548.97320868,1,0,0.0,13.0,58.0
2993,179.61,10173.37626958,548.90510364,1,0,0.0,13.0,58.0
2994,179.67,10174.56375412,548.83748027,1,0,0.0,13.0,58.0
2995,179.73,10175.74631161,548.76986662,1,0,0.0,13.0,58.0
2996,179.79,10176.923828,548.70261928,1,0,0.0,13.0,58.0
2997,179.85,10178.09599037,548.63574909,1,0,0.0,13.0,58.0
2998,179.91,10179.26245705,548.56914172,1,0,0.0,13.0,58.0
2999,179.97,10180.42311123,548.50277914,1,0,0.0,13.0,58.0
3000,180.03,10181.5775265,548.43689305,1,0,0.0,13.0,58.0
3001,180.09,10182.72520741,548.37136472,1,0,0.0,13.0,58.0
3002,180.15,10183.86591133,548.30616372,1,0,0.0,13.0,58.0
3003,180.21,10184.99895903,548.24249819,1,0,0.0,13.0,58.0
3004,180.27,10186.12491237,548.18845621,1,0,0.0,13.0,58.0
3005,180.33,10187.24385641,548.13523939,1,0,0.0,13.0,58.0
3006,180.39,10188.35494903,548.08765982,1,0,0.0,13.0,58.0
3007,180.45,10189.45698178,548.04090221,1,0,0.0,13.0,58.0
3008,180.51,10190.54745401,548.00010353,1,0,0.0,13.0,58.0
3009,180.57,10191.61914987,547.96084632,1,0,0.0,13.0,58.0
3010,180.63,10192.66444469,547.91656092,1,0,0.0,13.0,58.0
3011,180.69,10193.7108626,547.86541917,1,0,0.0,13.25,60.0
3012,180.75,10194.75748049,547.80020332,1,0,0.0,13.25,60.0
3013,180.81,10195.80236563,547.73177495,1,0,0.0,13.25,60.0
3014,180.87,10196.84546382,547.66374326,1,0,0.0,13.25,60.0
3015,180.93,10197.8873476,547.59940233,1,0,0.0,13.25,60.0
3016,180.99,10198.92852342,547.53537989,1,0,0.0,13.25,60.0
3017,181.05,10199.967787,547.45799531,1,0,0.0,13.25,60.0
3018,181.11,10201.00429265,547.38393174,1,0,0.0,13.25,60.0
3019,181.17,10202.03826113,547.31297411,1,0,0.0,13.25,60.0
3020,181.23,10203.06996645,547.24306095,1,0,0.0,13.25,60.0
3021,181.29,10204.09942113,547.17311872,1,0,0.0,13.25,60.0
3022,181.35,10205.12659009,547.10330728,1,0,0.0,13.25,60.0
3023,181.41,10206.15204908,547.04119484,1,0,0.0,13.25,60.0
3024,181.47,10207.17707397,546.98266536,1,0,0.0,13.25,60.0
3025,181.53,10208.20179665,546.92414788,1,0,0.0,13.25,60.0
3026,181.59,10209.22628952,546.86563882,1,0,0.0,13.25,60.0
3027,181.65,10210.25056085,546.80712976,1,0,0.0,13.5,62.0
3028,181.71,10211.27461273,546.7486255,1,0,0.0,13.5,62.0
3029,181.77,10212.29856786,546.69014946,1,0,0.0,13.5,62.0
3030,181.83,10213.142752,546.64233796,1,0,0.0,13.5,62.0
3031,181.89,10213.8622106,546.60103114,1,0,0.0,13.75,64.0
3032,181.95,10214.51631943,546.56359031,1,0,0.0,14.25,68.0
3033,182.01,10215.11587143,546.5296764,1,0,0.0,14.5,70.0
3034,182.07,10215.66872443,546.49852848,1,0,0.0,14.75,72.0
3035,182.13,10216.17825101,546.46969352,1,0,0.0,15.0,74.0
3036,182.19,10216.64980363,546.44342604,1,0,0.0,15.25,76.0
3037,182.25,10217.08640929,546.41876329,1,0,0.0,15.75,80.0
3038,182.31,10217.49043787,546.39533969,1,0,0.0,16.0,82.0
3039,182.37,10217.86355552,546.37412264,1,0,0.0,16.25,84.0
3040,182.43,10218.20848335,546.3540859,1,0,0.0,16.75,88.0
3041,182.49,10218.52946927,546.33599864,1,0,0.0,17.25,92.0
3042,182.55,10218.83938321,546.31838445,1,0,0.0,18.5,101.0
3043,182.61,10219.13900594,546.30174674,1,0,0.0,19.25,105.0
3044,182.67,10219.42828605,546.28512279,1,0,0.0,19.5,106.0
3045,182.73,10219.70722206,546.26853016,1,0,0.0,20.5,113.0
3046,182.79,10219.9757993,546.25305341,1,0,0.0,21.5,116.0
3047,182.85,10220.23397712,546.23804946,1,0,0.0,22.0,119.0
3048,182.91,10220.48172473,546.22453014,1,0,0.0,22.25,121.0
3049,182.97,10220.71900156,546.21116867,1,0,0.0,23.0,124.0
3050,183.03,10220.94580729,546.1978072,1,0,0.0,24.5,131.0
3051,183.09,10221.16213906,546.18524071,1,0,0.0,24.75,131.0
3052,183.15,10221.36798039,546.17344203,1,0,0.0,25.0,132.0
3053,183.21,10221.56332449,546.16238231,1,0,0.0,25.75,133.0
3054,183.27,10221.74813924,546.1522695,1,0,0.0,27.25,137.0
3055,183.33,10221.92241786,546.14215668,1,0,0.0,28.75,144.0
3056,183.39,10222.08615953,546.1327459,1,0,0.0,29.5,145.0
3057,183.45,10222.23935813,546.12419529,1,0,0.0,31.0,147.0
3058,183.51,10222.38201244,546.11564468,1,0,0.0,31.75,150.0
3059,183.57,10222.51411793,546.10858914,1,0,0.0,32.5,152.0
3060,183.63,10222.63566722,546.10175974,1,0,0.0,32.75,152.0
3061,183.69,10222.74667018,546.09546001,1,0,0.0,33.0,152.0
3062,183.75,10222.84714172,546.09028304,1,0,0.0,34.5,153.0
3063,183.81,10222.93707858,546.08510607,1,0,0.0,35.0,153.0
3064,183.87,10223.01648106,546.08027632,1,0,0.0,36.0,153.0
3065,183.93,10223.08535902,546.0768468,1,0,0.0,37.25,154.0
3066,183.99,10223.14371724,546.07354212,1,0,0.0,37.5,154.0
3067,184.05,10223.19155012,546.07171867,1,0,0.0,38.25,154.0
3068,184.11,10223.22885353,546.06989522,1,0,0.0,39.25,155.0
3069,184.17,10223.25562745,546.06807178,1,0,0.0,40.5,155.0
3070,184.23,10223.2718756,546.06701783,1,0,0.0,40.75,155.0
3071,184.29,10223.27762695,546.06695893,1,0,0.0,43.75,164.0
3072,184.35,10223.27289586,546.06815514,1,0,0.0,44.0,164.0
3073,184.41,10223.25770061,546.06971298,1,0,0.0,44.75,165.0
3074,184.47,10223.23204189,546.07127082,1,0,0.0,45.25,166.0
3075,184.53,10223.19591969,546.07282867,1,0,0.0,46.5,166.0
3076,184.59,10223.1493398,546.07546082,1,0,0.0,46.75,166.0
3077,184.65,10223.09233212,546.07949874,1,0,0.0,48.5,167.0
3078,184.71,10223.02494405,546.08449624,1,0,0.0,51.25,168.0
3079,184.77,10222.94718611,546.08949374,1,0,0.0,52.0,168.0
3080,184.83,10222.85905829,546.09449125,1,0,0.0,52.5,168.0
3081,184.89,10222.7605653,546.09950587,1,0,0.0,53.25,168.0
3082,184.95,10222.65173611,546.10571911,1,0,0.0,54.0,168.0
3083,185.01,10222.53267113,546.11409984,1,0,0.0,55.0,168.0
3084,185.07,10222.40342082,546.12250953,1,0,0.0,56.5,168.0
3085,185.13,10222.26398518,546.13091921,1,0,0.0,57.75,168.0
3086,185.19,10222.11436423,546.13932889,1,0,0.0,58.5,168.0
3087,185.25,10221.95455796,546.14773857,1,0,0.0,60.0,168.0
3088,185.31,10221.78460213,546.15819658,1,0,0.0,60.75,168.0
3089,185.37,10221.60463598,546.16997661,1,0,0.0,61.75,168.0
3090,185.43,10221.41467527,546.18175664,1,0,0.0,62.0,168.0
3091,185.49,10221.21472001,546.19353667,1,0,0.0,63.25,168.0
3092,185.55,10221.00477018,546.2053167,1,0,0.0,64.75,168.0
3093,185.61,10221.45425877,546.19462483,1,0,0.13898152,63.75,168.0
3094,185.67,10223.19808495,546.14771227,1,0,1.0105074,63.25,168.0
3095,185.73,10225.65685151,546.07336968,1,0,1.45801937,61.75,168.0
3096,185.79,10228.6776768,545.98414825,1,0,1.7931282,58.5,168.0
3097,185.85,10232.14637836,545.87973856,1,0,2.06097418,56.0,168.0
3098,185.91,10236.0014557,545.76442594,1,0,2.27670834,49.5,150.0
3099,185.97,10238.90986574,545.67252101,1,0,1.59309911,47.0,138.0
3100,186.03,10241.21723803,545.61222552,1,0,1.3188047,43.5,128.0
3101,186.09,10243.20521795,545.545989,1,0,1.15677532,41.0,120.0
3102,186.15,10244.96555229,545.48672238,1,0,1.03727168,41.5,118.0
3103,186.21,10246.55458914,545.4500654,1,0,0.95182459,40.75,109.0
3104,186.27,10248.0180077,545.39267554,1,0,0.88681041,38.0,105.0
3105,186.33,10249.33213567,545.33535622,1,0,0.80466219,35.75,97.0
3106,186.39,10250.51708951,545.28361623,1,0,0.73045181,33.75,93.0
3107,186.45,10251.58404581,545.23453181,1,0,0.66528027,31.25,87.0
3108,186.51,10252.54689887,545.17720288,1,0,0.61238052,30.5,83.0
3109,186.57,10253.40788104,545.12518705,1,0,0.5568764,28.75,79.0
3110,186.63,10254.17700986,545.08122505,1,0,0.50771324,27.25,77.0
3111,186.69,10254.87443571,545.04302321,1,0,0.47454425,24.25,67.0
3112,186.75,10255.48872295,544.98516805,1,0,0.43333856,24.75,67.0
3113,186.81,10256.01559737,544.93426547,1,0,0.39181535,23.0,66.0
3114,186.87,10256.46641948,544.90127349,1,0,0.35914479,22.0,66.0
3115,186.93,10256.85500275,544.8700865,1,0,0.33244446,21.5,64.0
3116,186.99,10257.17068515,544.81724424,1,0,0.30254085,21.0,62.0
3117,187.05,10257.40627752,544.77231693,1,0,0.26915993,20.0,60.0
3118,187.11,10257.57547383,544.7405122,1,0,0.23532752,20.5,64.0
3119,187.17,10257.68035387,544.71018583,1,0,0.21825335,20.5,62.0
3120,187.23,10257.71767194,544.6772321,1,0,0.21193536,20.5,62.0
3121,187.29,10257.72801956,544.79895247,1,0,0.21830036,19.5,60.0
3122,187.35,10257.80000681,544.95943725,1,0,0.27926407,19.5,60.0
3123,187.41,10257.9268413,545.122431,1,0,0.34020461,19.5,59.0
3124,187.47,10258.0495072,545.1783858,1,0,0.37630871,19.25,60.0
3125,187.53,10258.11564415,545.16904674,1,0,0.35910638,16.75,57.0
3126,187.59,10258.14908077,545.14383905,1,0,0.3431154,16.75,57.0
3127,187.65,10258.14402543,545.11691749,1,0,0.32181085,15.25,53.0
3128,187.71,10258.10282729,545.09445656,1,0,0.30224757,14.75,53.0
3129,187.77,10258.02699164,545.07591508,1,0,0.2834524,12.75,47.0
3130,187.83,10257.92145966,545.07086413,1,0,0.26865801,12.5,48.0
3131,187.89,10257.79117456,545.05710206,1,0,0.25723193,11.5,42.0
3132,187.95,10257.62803937,545.02969636,1,0,0.24015843,11.5,42.0
3133,188.01,10257.43039253,545.00241811,1,0,0.2221614,10.0,36.0
3134,188.07,10257.19790551,544.97522011,1,0,0.20416437,10.0,36.0
3135,188.13,10256.93421589,544.96613799,1,0,0.18937277,9.25,35.0
3136,188.19,10256.64672114,544.96207766,1,0,0.17769271,8.25,33.0
3137,188.25,10256.33347746,544.93751484,1,0,0.16566085,7.75,31.0
3138,188.31,10255.98818661,544.90609279,1,0,0.14862151,7.0,26.0
3139,188.37,10255.61151226,544.87973452,1,0,0.11564404,7.0,26.0
3140,188.43,10255.20624912,544.86399855,1,0,0.1114344,6.5,24.0
3141,188.49,10254.77719512,544.85409594,1,0,0.10962999,7.0,24.0
3142,188.55,10254.32477462,544.84419333,1,0,0.10782626,6.5,24.0
3143,188.61,10253.85341267,544.8548433,1,0,0.10537335,6.0,22.0
3144,188.67,10253.37051274,544.86813713,1,0,0.09995332,6.0,22.0
3145,188.73,10252.87664996,544.88626753,1,0,0.09473312,5.75,20.0
3146,188.79,10252.37616357,544.91637158,1,0,0.092418,5.75,20.0
3147,188.85,10251.87072546,544.94653514,1,0,0.09036906,5.5,20.0
3148,188.91,10251.360337,544.97669869,1,0,0.08832013,4.5,16.0
3149,188.97,10250.84461239,545.00016376,1,0,0.08623413,4.5,16.0
3150,189.03,10250.31910798,545.01102645,1,0,0.08142547,4.5,16.0
3151,189.09,10249.78397008,545.03369832,1,0,0.07730706,4.0,14.0
3152,189.15,10249.24325325,545.06146364,1,0,0.07502458,4.0,14.0
3153,189.21,10248.69739248,545.08947213,1,0,0.07275195,3.5,14.0
3154,189.27,10248.14652504,545.11787189,1,0,0.07047931,3.0,12.0
3155,189.33,10247.59097407,545.14646929,1,0,0.06820671,2.5,12.0
3156,189.39,10247.02909156,545.15957833,1,0,0.06508208,2.0,10.0
3157,189.45,10246.45960363,545.184409,1,0,0.06160108,1.5,8.0
3158,189.51,10245.88596393,545.21043927,1,0,0.05911271,1.5,8.0
3159,189.57,10245.30831039,545.23646955,1,0,0.05662434,1.0,6.0
3160,189.63,10244.72664301,545.26249982,1,0,0.05413598,1.0,6.0
3161,189.69,10244.14096179,545.2885301,1,0,0.05164761,1.0,6.0
3162,189.73475204,10243.70150788,545.30794523,1,0,0.03007369,0.0,0.0
