ISO-10303-21;
HEADER;
FILE_DESCRIPTION(('Open CASCADE Model'),'2;1');
FILE_NAME('964 993 CFRP VEHICLE CELL F1 PACKAGING CONCEPT',
  '2026-09-02T11:36:56',('Author'),('Open CASCADE'),
  'Open CASCADE STEP processor 7.9','build123d','Unknown');
FILE_SCHEMA(('AUTOMOTIVE_DESIGN { 1 0 10303 214 1 1 1 1 }'));
ENDSEC;
DATA;
#1 = APPLICATION_PROTOCOL_DEFINITION('international standard',
  'automotive_design',2000,#2);
#2 = APPLICATION_CONTEXT(
  'core data for automotive mechanical design processes');
#3 = SHAPE_DEFINITION_REPRESENTATION(#4,#10);
#4 = PRODUCT_DEFINITION_SHAPE('','',#5);
#5 = PRODUCT_DEFINITION('design','',#6,#9);
#6 = PRODUCT_DEFINITION_FORMATION('','',#7);
#7 = PRODUCT('964 993 CFRP VEHICLE CELL F1 PACKAGING CONCEPT',
  '964 993 CFRP VEHICLE CELL F1 PACKAGING CONCEPT','',(#8));
#8 = PRODUCT_CONTEXT('',#2,'mechanical');
#9 = PRODUCT_DEFINITION_CONTEXT('part definition',#2,'design');
#10 = SHAPE_REPRESENTATION('',(#11,#15,#19,#23,#27,#31,#35,#39,#43,#47,
    #51,#55,#59,#63,#67,#71,#75,#79,#83,#87,#91,#95,#99,#103,#107,#111,
    #115,#119,#123,#127,#131,#135,#139,#143,#147,#151,#155,#159,#163,
    #167,#171,#175,#179,#183,#187,#191,#195,#199,#203,#207),#211);
#11 = AXIS2_PLACEMENT_3D('',#12,#13,#14);
#12 = CARTESIAN_POINT('',(0.,0.,0.));
#13 = DIRECTION('',(0.,0.,1.));
#14 = DIRECTION('',(1.,0.,-0.));
#15 = AXIS2_PLACEMENT_3D('',#16,#17,#18);
#16 = CARTESIAN_POINT('',(1.14E+03,0.,180.));
#17 = DIRECTION('',(0.,0.,1.));
#18 = DIRECTION('',(1.,0.,-0.));
#19 = AXIS2_PLACEMENT_3D('',#20,#21,#22);
#20 = CARTESIAN_POINT('',(1.1E+03,-365.,208.));
#21 = DIRECTION('',(0.,0.,1.));
#22 = DIRECTION('',(1.,0.,-0.));
#23 = AXIS2_PLACEMENT_3D('',#24,#25,#26);
#24 = CARTESIAN_POINT('',(570.,-365.,242.));
#25 = DIRECTION('',(0.,0.,1.));
#26 = DIRECTION('',(1.,0.,-0.));
#27 = AXIS2_PLACEMENT_3D('',#28,#29,#30);
#28 = CARTESIAN_POINT('',(1.58E+03,-350.,450.));
#29 = DIRECTION('',(0.,0.,1.));
#30 = DIRECTION('',(1.,0.,-0.));
#31 = AXIS2_PLACEMENT_3D('',#32,#33,#34);
#32 = CARTESIAN_POINT('',(1.1E+03,365.,208.));
#33 = DIRECTION('',(0.,0.,1.));
#34 = DIRECTION('',(1.,0.,-0.));
#35 = AXIS2_PLACEMENT_3D('',#36,#37,#38);
#36 = CARTESIAN_POINT('',(570.,365.,242.));
#37 = DIRECTION('',(0.,0.,1.));
#38 = DIRECTION('',(1.,0.,-0.));
#39 = AXIS2_PLACEMENT_3D('',#40,#41,#42);
#40 = CARTESIAN_POINT('',(1.58E+03,350.,450.));
#41 = DIRECTION('',(0.,0.,1.));
#42 = DIRECTION('',(1.,0.,-0.));
#43 = AXIS2_PLACEMENT_3D('',#44,#45,#46);
#44 = CARTESIAN_POINT('',(1.205E+03,-152.,317.5));
#45 = DIRECTION('',(0.,0.,1.));
#46 = DIRECTION('',(1.,0.,-0.));
#47 = AXIS2_PLACEMENT_3D('',#48,#49,#50);
#48 = CARTESIAN_POINT('',(1.205E+03,152.,317.5));
#49 = DIRECTION('',(0.,0.,1.));
#50 = DIRECTION('',(1.,0.,-0.));
#51 = AXIS2_PLACEMENT_3D('',#52,#53,#54);
#52 = CARTESIAN_POINT('',(1.205E+03,0.,455.));
#53 = DIRECTION('',(0.,0.,1.));
#54 = DIRECTION('',(1.,0.,-0.));
#55 = AXIS2_PLACEMENT_3D('',#56,#57,#58);
#56 = CARTESIAN_POINT('',(430.,0.,317.5));
#57 = DIRECTION('',(0.,0.,1.));
#58 = DIRECTION('',(1.,0.,-0.));
#59 = AXIS2_PLACEMENT_3D('',#60,#61,#62);
#60 = CARTESIAN_POINT('',(1.11E+03,-575.,330.));
#61 = DIRECTION('',(0.,0.,1.));
#62 = DIRECTION('',(1.,0.,-0.));
#63 = AXIS2_PLACEMENT_3D('',#64,#65,#66);
#64 = CARTESIAN_POINT('',(560.,-590.,650.));
#65 = DIRECTION('',(-1.817881366751E-02,0.,0.999834751713));
#66 = DIRECTION('',(0.999834751713,0.,1.817881366751E-02));
#67 = AXIS2_PLACEMENT_3D('',#68,#69,#70);
#68 = CARTESIAN_POINT('',(510.,-590.,650.));
#69 = DIRECTION('',(-0.866256637342,-0.32725250744,0.377498655143));
#70 = DIRECTION('',(0.353139457283,0.133408239418,0.926010132431));
#71 = AXIS2_PLACEMENT_3D('',#72,#73,#74);
#72 = CARTESIAN_POINT('',(1.66E+03,-590.,670.));
#73 = DIRECTION('',(0.790152207127,-0.559691146715,0.24981054794));
#74 = DIRECTION('',(-0.203851522757,0.144394828619,0.968294733094));
#75 = AXIS2_PLACEMENT_3D('',#76,#77,#78);
#76 = CARTESIAN_POINT('',(735.,-505.,1.24E+03));
#77 = DIRECTION('',(0.,0.,1.));
#78 = DIRECTION('',(1.,0.,0.));
#79 = AXIS2_PLACEMENT_3D('',#80,#81,#82);
#80 = CARTESIAN_POINT('',(1.83E+03,-535.,480.));
#81 = DIRECTION('',(0.,0.,1.));
#82 = DIRECTION('',(1.,0.,-0.));
#83 = AXIS2_PLACEMENT_3D('',#84,#85,#86);
#84 = CARTESIAN_POINT('',(1.11E+03,575.,330.));
#85 = DIRECTION('',(0.,0.,1.));
#86 = DIRECTION('',(1.,0.,-0.));
#87 = AXIS2_PLACEMENT_3D('',#88,#89,#90);
#88 = CARTESIAN_POINT('',(560.,590.,650.));
#89 = DIRECTION('',(-1.817881366751E-02,0.,0.999834751713));
#90 = DIRECTION('',(0.999834751713,0.,1.817881366751E-02));
#91 = AXIS2_PLACEMENT_3D('',#92,#93,#94);
#92 = CARTESIAN_POINT('',(510.,590.,650.));
#93 = DIRECTION('',(-0.866256637342,0.32725250744,0.377498655143));
#94 = DIRECTION('',(0.353139457283,-0.133408239418,0.926010132431));
#95 = AXIS2_PLACEMENT_3D('',#96,#97,#98);
#96 = CARTESIAN_POINT('',(1.66E+03,590.,670.));
#97 = DIRECTION('',(0.790152207127,0.559691146715,0.24981054794));
#98 = DIRECTION('',(-0.203851522757,-0.144394828619,0.968294733094));
#99 = AXIS2_PLACEMENT_3D('',#100,#101,#102);
#100 = CARTESIAN_POINT('',(735.,505.,1.24E+03));
#101 = DIRECTION('',(0.,0.,1.));
#102 = DIRECTION('',(1.,0.,0.));
#103 = AXIS2_PLACEMENT_3D('',#104,#105,#106);
#104 = CARTESIAN_POINT('',(1.83E+03,535.,480.));
#105 = DIRECTION('',(0.,0.,1.));
#106 = DIRECTION('',(1.,0.,-0.));
#107 = AXIS2_PLACEMENT_3D('',#108,#109,#110);
#108 = CARTESIAN_POINT('',(735.,-505.,1.24E+03));
#109 = DIRECTION('',(0.,-0.,1.));
#110 = DIRECTION('',(1.110223024625E-16,1.,0.));
#111 = AXIS2_PLACEMENT_3D('',#112,#113,#114);
#112 = CARTESIAN_POINT('',(1.54E+03,-505.,1.24E+03));
#113 = DIRECTION('',(0.,-0.,1.));
#114 = DIRECTION('',(1.110223024625E-16,1.,0.));
#115 = AXIS2_PLACEMENT_3D('',#116,#117,#118);
#116 = CARTESIAN_POINT('',(1.13E+03,-505.,1.25E+03));
#117 = DIRECTION('',(0.,-0.,1.));
#118 = DIRECTION('',(1.110223024625E-16,1.,0.));
#119 = AXIS2_PLACEMENT_3D('',#120,#121,#122);
#120 = CARTESIAN_POINT('',(430.,-407.5,490.));
#121 = DIRECTION('',(0.,0.,1.));
#122 = DIRECTION('',(1.,0.,-0.));
#123 = AXIS2_PLACEMENT_3D('',#124,#125,#126);
#124 = CARTESIAN_POINT('',(1.84E+03,-407.5,530.));
#125 = DIRECTION('',(0.,0.,1.));
#126 = DIRECTION('',(1.,0.,-0.));
#127 = AXIS2_PLACEMENT_3D('',#128,#129,#130);
#128 = CARTESIAN_POINT('',(430.,407.5,490.));
#129 = DIRECTION('',(0.,0.,1.));
#130 = DIRECTION('',(1.,0.,-0.));
#131 = AXIS2_PLACEMENT_3D('',#132,#133,#134);
#132 = CARTESIAN_POINT('',(1.84E+03,407.5,530.));
#133 = DIRECTION('',(0.,0.,1.));
#134 = DIRECTION('',(1.,0.,-0.));
#135 = AXIS2_PLACEMENT_3D('',#136,#137,#138);
#136 = CARTESIAN_POINT('',(430.,0.,770.));
#137 = DIRECTION('',(0.,0.,1.));
#138 = DIRECTION('',(1.,0.,-0.));
#139 = AXIS2_PLACEMENT_3D('',#140,#141,#142);
#140 = CARTESIAN_POINT('',(1.84E+03,0.,785.));
#141 = DIRECTION('',(0.,0.,1.));
#142 = DIRECTION('',(1.,0.,-0.));
#143 = AXIS2_PLACEMENT_3D('',#144,#145,#146);
#144 = CARTESIAN_POINT('',(1.66E+03,0.,480.));
#145 = DIRECTION('',(0.,0.,1.));
#146 = DIRECTION('',(1.,0.,-0.));
#147 = AXIS2_PLACEMENT_3D('',#148,#149,#150);
#148 = CARTESIAN_POINT('',(880.,-365.,242.));
#149 = DIRECTION('',(0.,0.,1.));
#150 = DIRECTION('',(1.,0.,-0.));
#151 = AXIS2_PLACEMENT_3D('',#152,#153,#154);
#152 = CARTESIAN_POINT('',(1.32E+03,-365.,242.));
#153 = DIRECTION('',(0.,0.,1.));
#154 = DIRECTION('',(1.,0.,-0.));
#155 = AXIS2_PLACEMENT_3D('',#156,#157,#158);
#156 = CARTESIAN_POINT('',(485.,-365.,480.));
#157 = DIRECTION('',(0.,0.,1.));
#158 = DIRECTION('',(1.,0.,-0.));
#159 = AXIS2_PLACEMENT_3D('',#160,#161,#162);
#160 = CARTESIAN_POINT('',(1.08E+03,-620.,162.));
#161 = DIRECTION('',(0.,0.,1.));
#162 = DIRECTION('',(1.,0.,-0.));
#163 = AXIS2_PLACEMENT_3D('',#164,#165,#166);
#164 = CARTESIAN_POINT('',(880.,365.,242.));
#165 = DIRECTION('',(0.,0.,1.));
#166 = DIRECTION('',(1.,0.,-0.));
#167 = AXIS2_PLACEMENT_3D('',#168,#169,#170);
#168 = CARTESIAN_POINT('',(1.32E+03,365.,242.));
#169 = DIRECTION('',(0.,0.,1.));
#170 = DIRECTION('',(1.,0.,-0.));
#171 = AXIS2_PLACEMENT_3D('',#172,#173,#174);
#172 = CARTESIAN_POINT('',(485.,365.,480.));
#173 = DIRECTION('',(0.,0.,1.));
#174 = DIRECTION('',(1.,0.,-0.));
#175 = AXIS2_PLACEMENT_3D('',#176,#177,#178);
#176 = CARTESIAN_POINT('',(1.08E+03,620.,162.));
#177 = DIRECTION('',(0.,0.,1.));
#178 = DIRECTION('',(1.,0.,-0.));
#179 = AXIS2_PLACEMENT_3D('',#180,#181,#182);
#180 = CARTESIAN_POINT('',(1.2E+03,225.,252.));
#181 = DIRECTION('',(1.,-0.,1.110223024625E-16));
#182 = DIRECTION('',(1.110223024625E-16,0.,-1.));
#183 = AXIS2_PLACEMENT_3D('',#184,#185,#186);
#184 = CARTESIAN_POINT('',(1.2E+03,-225.,252.));
#185 = DIRECTION('',(1.,-0.,1.110223024625E-16));
#186 = DIRECTION('',(1.110223024625E-16,0.,-1.));
#187 = AXIS2_PLACEMENT_3D('',#188,#189,#190);
#188 = CARTESIAN_POINT('',(1.2E+03,265.,252.));
#189 = DIRECTION('',(1.,-0.,1.110223024625E-16));
#190 = DIRECTION('',(1.110223024625E-16,0.,-1.));
#191 = AXIS2_PLACEMENT_3D('',#192,#193,#194);
#192 = CARTESIAN_POINT('',(1.2E+03,-265.,252.));
#193 = DIRECTION('',(1.,-0.,1.110223024625E-16));
#194 = DIRECTION('',(1.110223024625E-16,0.,-1.));
#195 = AXIS2_PLACEMENT_3D('',#196,#197,#198);
#196 = CARTESIAN_POINT('',(0.,-600.,180.));
#197 = DIRECTION('',(0.,0.,1.));
#198 = DIRECTION('',(1.,0.,-0.));
#199 = AXIS2_PLACEMENT_3D('',#200,#201,#202);
#200 = CARTESIAN_POINT('',(0.,600.,180.));
#201 = DIRECTION('',(0.,0.,1.));
#202 = DIRECTION('',(1.,0.,-0.));
#203 = AXIS2_PLACEMENT_3D('',#204,#205,#206);
#204 = CARTESIAN_POINT('',(2.272E+03,-600.,180.));
#205 = DIRECTION('',(0.,0.,1.));
#206 = DIRECTION('',(1.,0.,-0.));
#207 = AXIS2_PLACEMENT_3D('',#208,#209,#210);
#208 = CARTESIAN_POINT('',(2.272E+03,600.,180.));
#209 = DIRECTION('',(0.,0.,1.));
#210 = DIRECTION('',(1.,0.,-0.));
#211 = ( GEOMETRIC_REPRESENTATION_CONTEXT(3) 
GLOBAL_UNCERTAINTY_ASSIGNED_CONTEXT((#215)) GLOBAL_UNIT_ASSIGNED_CONTEXT
((#212,#213,#214)) REPRESENTATION_CONTEXT('Context #1',
  '3D Context with UNIT and UNCERTAINTY') );
#212 = ( LENGTH_UNIT() NAMED_UNIT(*) SI_UNIT(.MILLI.,.METRE.) );
#213 = ( NAMED_UNIT(*) PLANE_ANGLE_UNIT() SI_UNIT($,.RADIAN.) );
#214 = ( NAMED_UNIT(*) SI_UNIT($,.STERADIAN.) SOLID_ANGLE_UNIT() );
#215 = UNCERTAINTY_MEASURE_WITH_UNIT(LENGTH_MEASURE(1.E-07),#212,
  'distance_accuracy_value','confusion accuracy');
#216 = PRODUCT_RELATED_PRODUCT_CATEGORY('part',$,(#7));
#217 = SHAPE_DEFINITION_REPRESENTATION(#218,#224);
#218 = PRODUCT_DEFINITION_SHAPE('','',#219);
#219 = PRODUCT_DEFINITION('design','',#220,#223);
#220 = PRODUCT_DEFINITION_FORMATION('','',#221);
#221 = PRODUCT('COMPOUND','COMPOUND','',(#222));
#222 = PRODUCT_CONTEXT('',#2,'mechanical');
#223 = PRODUCT_DEFINITION_CONTEXT('part definition',#2,'design');
#224 = ADVANCED_BREP_SHAPE_REPRESENTATION('',(#11,#225),#555);
#225 = MANIFOLD_SOLID_BREP('',#226);
#226 = CLOSED_SHELL('',(#227,#347,#447,#494,#541,#548));
#227 = ADVANCED_FACE('',(#228),#242,.F.);
#228 = FACE_BOUND('',#229,.F.);
#229 = EDGE_LOOP('',(#230,#265,#293,#321));
#230 = ORIENTED_EDGE('',*,*,#231,.F.);
#231 = EDGE_CURVE('',#232,#234,#236,.T.);
#232 = VERTEX_POINT('',#233);
#233 = CARTESIAN_POINT('',(-880.,-650.,-17.));
#234 = VERTEX_POINT('',#235);
#235 = CARTESIAN_POINT('',(-880.,-650.,17.));
#236 = SURFACE_CURVE('',#237,(#241,#253),.PCURVE_S1.);
#237 = LINE('',#238,#239);
#238 = CARTESIAN_POINT('',(-880.,-650.,-17.));
#239 = VECTOR('',#240,1.);
#240 = DIRECTION('',(0.,0.,1.));
#241 = PCURVE('',#242,#247);
#242 = PLANE('',#243);
#243 = AXIS2_PLACEMENT_3D('',#244,#245,#246);
#244 = CARTESIAN_POINT('',(-880.,-650.,-17.));
#245 = DIRECTION('',(1.,0.,-0.));
#246 = DIRECTION('',(0.,0.,1.));
#247 = DEFINITIONAL_REPRESENTATION('',(#248),#252);
#248 = LINE('',#249,#250);
#249 = CARTESIAN_POINT('',(0.,0.));
#250 = VECTOR('',#251,1.);
#251 = DIRECTION('',(1.,0.));
#252 = ( GEOMETRIC_REPRESENTATION_CONTEXT(2) 
PARAMETRIC_REPRESENTATION_CONTEXT() REPRESENTATION_CONTEXT('2D SPACE',''
  ) );
#253 = PCURVE('',#254,#259);
#254 = PLANE('',#255);
#255 = AXIS2_PLACEMENT_3D('',#256,#257,#258);
#256 = CARTESIAN_POINT('',(-880.,-650.,-17.));
#257 = DIRECTION('',(-0.,1.,0.));
#258 = DIRECTION('',(0.,0.,1.));
#259 = DEFINITIONAL_REPRESENTATION('',(#260),#264);
#260 = LINE('',#261,#262);
#261 = CARTESIAN_POINT('',(0.,0.));
#262 = VECTOR('',#263,1.);
#263 = DIRECTION('',(1.,0.));
#264 = ( GEOMETRIC_REPRESENTATION_CONTEXT(2) 
PARAMETRIC_REPRESENTATION_CONTEXT() REPRESENTATION_CONTEXT('2D SPACE',''
  ) );
#265 = ORIENTED_EDGE('',*,*,#266,.T.);
#266 = EDGE_CURVE('',#232,#267,#269,.T.);
#267 = VERTEX_POINT('',#268);
#268 = CARTESIAN_POINT('',(-880.,650.,-17.));
#269 = SURFACE_CURVE('',#270,(#274,#281),.PCURVE_S1.);
#270 = LINE('',#271,#272);
#271 = CARTESIAN_POINT('',(-880.,-650.,-17.));
#272 = VECTOR('',#273,1.);
#273 = DIRECTION('',(-0.,1.,0.));
#274 = PCURVE('',#242,#275);
#275 = DEFINITIONAL_REPRESENTATION('',(#276),#280);
#276 = LINE('',#277,#278);
#277 = CARTESIAN_POINT('',(0.,0.));
#278 = VECTOR('',#279,1.);
#279 = DIRECTION('',(0.,-1.));
#280 = ( GEOMETRIC_REPRESENTATION_CONTEXT(2) 
PARAMETRIC_REPRESENTATION_CONTEXT() REPRESENTATION_CONTEXT('2D SPACE',''
  ) );
#281 = PCURVE('',#282,#287);
#282 = PLANE('',#283);
#283 = AXIS2_PLACEMENT_3D('',#284,#285,#286);
#284 = CARTESIAN_POINT('',(-880.,-650.,-17.));
#285 = DIRECTION('',(0.,0.,1.));
#286 = DIRECTION('',(1.,0.,-0.));
#287 = DEFINITIONAL_REPRESENTATION('',(#288),#292);
#288 = LINE('',#289,#290);
#289 = CARTESIAN_POINT('',(0.,0.));
#290 = VECTOR('',#291,1.);
#291 = DIRECTION('',(0.,1.));
#292 = ( GEOMETRIC_REPRESENTATION_CONTEXT(2) 
PARAMETRIC_REPRESENTATION_CONTEXT() REPRESENTATION_CONTEXT('2D SPACE',''
  ) );
#293 = ORIENTED_EDGE('',*,*,#294,.T.);
#294 = EDGE_CURVE('',#267,#295,#297,.T.);
#295 = VERTEX_POINT('',#296);
#296 = CARTESIAN_POINT('',(-880.,650.,17.));
#297 = SURFACE_CURVE('',#298,(#302,#309),.PCURVE_S1.);
#298 = LINE('',#299,#300);
#299 = CARTESIAN_POINT('',(-880.,650.,-17.));
#300 = VECTOR('',#301,1.);
#301 = DIRECTION('',(0.,0.,1.));
#302 = PCURVE('',#242,#303);
#303 = DEFINITIONAL_REPRESENTATION('',(#304),#308);
#304 = LINE('',#305,#306);
#305 = CARTESIAN_POINT('',(0.,-1.3E+03));
#306 = VECTOR('',#307,1.);
#307 = DIRECTION('',(1.,0.));
#308 = ( GEOMETRIC_REPRESENTATION_CONTEXT(2) 
PARAMETRIC_REPRESENTATION_CONTEXT() REPRESENTATION_CONTEXT('2D SPACE',''
  ) );
#309 = PCURVE('',#310,#315);
#310 = PLANE('',#311);
#311 = AXIS2_PLACEMENT_3D('',#312,#313,#314);
#312 = CARTESIAN_POINT('',(-880.,650.,-17.));
#313 = DIRECTION('',(-0.,1.,0.));
#314 = DIRECTION('',(0.,0.,1.));
#315 = DEFINITIONAL_REPRESENTATION('',(#316),#320);
#316 = LINE('',#317,#318);
#317 = CARTESIAN_POINT('',(0.,0.));
#318 = VECTOR('',#319,1.);
#319 = DIRECTION('',(1.,0.));
#320 = ( GEOMETRIC_REPRESENTATION_CONTEXT(2) 
PARAMETRIC_REPRESENTATION_CONTEXT() REPRESENTATION_CONTEXT('2D SPACE',''
  ) );
#321 = ORIENTED_EDGE('',*,*,#322,.F.);
#322 = EDGE_CURVE('',#234,#295,#323,.T.);
#323 = SURFACE_CURVE('',#324,(#328,#335),.PCURVE_S1.);
#324 = LINE('',#325,#326);
#325 = CARTESIAN_POINT('',(-880.,-650.,17.));
#326 = VECTOR('',#327,1.);
#327 = DIRECTION('',(-0.,1.,0.));
#328 = PCURVE('',#242,#329);
#329 = DEFINITIONAL_REPRESENTATION('',(#330),#334);
#330 = LINE('',#331,#332);
#331 = CARTESIAN_POINT('',(34.,0.));
#332 = VECTOR('',#333,1.);
#333 = DIRECTION('',(0.,-1.));
#334 = ( GEOMETRIC_REPRESENTATION_CONTEXT(2) 
PARAMETRIC_REPRESENTATION_CONTEXT() REPRESENTATION_CONTEXT('2D SPACE',''
  ) );
#335 = PCURVE('',#336,#341);
#336 = PLANE('',#337);
#337 = AXIS2_PLACEMENT_3D('',#338,#339,#340);
#338 = CARTESIAN_POINT('',(-880.,-650.,17.));
#339 = DIRECTION('',(0.,0.,1.));
#340 = DIRECTION('',(1.,0.,-0.));
#341 = DEFINITIONAL_REPRESENTATION('',(#342),#346);
#342 = LINE('',#343,#344);
#343 = CARTESIAN_POINT('',(0.,0.));
#344 = VECTOR('',#345,1.);
#345 = DIRECTION('',(0.,1.));
#346 = ( GEOMETRIC_REPRESENTATION_CONTEXT(2) 
PARAMETRIC_REPRESENTATION_CONTEXT() REPRESENTATION_CONTEXT('2D SPACE',''
  ) );
#347 = ADVANCED_FACE('',(#348),#362,.T.);
#348 = FACE_BOUND('',#349,.T.);
#349 = EDGE_LOOP('',(#350,#380,#403,#426));
#350 = ORIENTED_EDGE('',*,*,#351,.F.);
#351 = EDGE_CURVE('',#352,#354,#356,.T.);
#352 = VERTEX_POINT('',#353);
#353 = CARTESIAN_POINT('',(880.,-650.,-17.));
#354 = VERTEX_POINT('',#355);
#355 = CARTESIAN_POINT('',(880.,-650.,17.));
#356 = SURFACE_CURVE('',#357,(#361,#373),.PCURVE_S1.);
#357 = LINE('',#358,#359);
#358 = CARTESIAN_POINT('',(880.,-650.,-17.));
#359 = VECTOR('',#360,1.);
#360 = DIRECTION('',(0.,0.,1.));
#361 = PCURVE('',#362,#367);
#362 = PLANE('',#363);
#363 = AXIS2_PLACEMENT_3D('',#364,#365,#366);
#364 = CARTESIAN_POINT('',(880.,-650.,-17.));
#365 = DIRECTION('',(1.,0.,-0.));
#366 = DIRECTION('',(0.,0.,1.));
#367 = DEFINITIONAL_REPRESENTATION('',(#368),#372);
#368 = LINE('',#369,#370);
#369 = CARTESIAN_POINT('',(0.,0.));
#370 = VECTOR('',#371,1.);
#371 = DIRECTION('',(1.,0.));
#372 = ( GEOMETRIC_REPRESENTATION_CONTEXT(2) 
PARAMETRIC_REPRESENTATION_CONTEXT() REPRESENTATION_CONTEXT('2D SPACE',''
  ) );
#373 = PCURVE('',#254,#374);
#374 = DEFINITIONAL_REPRESENTATION('',(#375),#379);
#375 = LINE('',#376,#377);
#376 = CARTESIAN_POINT('',(0.,1.76E+03));
#377 = VECTOR('',#378,1.);
#378 = DIRECTION('',(1.,0.));
#379 = ( GEOMETRIC_REPRESENTATION_CONTEXT(2) 
PARAMETRIC_REPRESENTATION_CONTEXT() REPRESENTATION_CONTEXT('2D SPACE',''
  ) );
#380 = ORIENTED_EDGE('',*,*,#381,.T.);
#381 = EDGE_CURVE('',#352,#382,#384,.T.);
#382 = VERTEX_POINT('',#383);
#383 = CARTESIAN_POINT('',(880.,650.,-17.));
#384 = SURFACE_CURVE('',#385,(#389,#396),.PCURVE_S1.);
#385 = LINE('',#386,#387);
#386 = CARTESIAN_POINT('',(880.,-650.,-17.));
#387 = VECTOR('',#388,1.);
#388 = DIRECTION('',(-0.,1.,0.));
#389 = PCURVE('',#362,#390);
#390 = DEFINITIONAL_REPRESENTATION('',(#391),#395);
#391 = LINE('',#392,#393);
#392 = CARTESIAN_POINT('',(0.,0.));
#393 = VECTOR('',#394,1.);
#394 = DIRECTION('',(0.,-1.));
#395 = ( GEOMETRIC_REPRESENTATION_CONTEXT(2) 
PARAMETRIC_REPRESENTATION_CONTEXT() REPRESENTATION_CONTEXT('2D SPACE',''
  ) );
#396 = PCURVE('',#282,#397);
#397 = DEFINITIONAL_REPRESENTATION('',(#398),#402);
#398 = LINE('',#399,#400);
#399 = CARTESIAN_POINT('',(1.76E+03,0.));
#400 = VECTOR('',#401,1.);
#401 = DIRECTION('',(0.,1.));
#402 = ( GEOMETRIC_REPRESENTATION_CONTEXT(2) 
PARAMETRIC_REPRESENTATION_CONTEXT() REPRESENTATION_CONTEXT('2D SPACE',''
  ) );
#403 = ORIENTED_EDGE('',*,*,#404,.T.);
#404 = EDGE_CURVE('',#382,#405,#407,.T.);
#405 = VERTEX_POINT('',#406);
#406 = CARTESIAN_POINT('',(880.,650.,17.));
#407 = SURFACE_CURVE('',#408,(#412,#419),.PCURVE_S1.);
#408 = LINE('',#409,#410);
#409 = CARTESIAN_POINT('',(880.,650.,-17.));
#410 = VECTOR('',#411,1.);
#411 = DIRECTION('',(0.,0.,1.));
#412 = PCURVE('',#362,#413);
#413 = DEFINITIONAL_REPRESENTATION('',(#414),#418);
#414 = LINE('',#415,#416);
#415 = CARTESIAN_POINT('',(0.,-1.3E+03));
#416 = VECTOR('',#417,1.);
#417 = DIRECTION('',(1.,0.));
#418 = ( GEOMETRIC_REPRESENTATION_CONTEXT(2) 
PARAMETRIC_REPRESENTATION_CONTEXT() REPRESENTATION_CONTEXT('2D SPACE',''
  ) );
#419 = PCURVE('',#310,#420);
#420 = DEFINITIONAL_REPRESENTATION('',(#421),#425);
#421 = LINE('',#422,#423);
#422 = CARTESIAN_POINT('',(0.,1.76E+03));
#423 = VECTOR('',#424,1.);
#424 = DIRECTION('',(1.,0.));
#425 = ( GEOMETRIC_REPRESENTATION_CONTEXT(2) 
PARAMETRIC_REPRESENTATION_CONTEXT() REPRESENTATION_CONTEXT('2D SPACE',''
  ) );
#426 = ORIENTED_EDGE('',*,*,#427,.F.);
#427 = EDGE_CURVE('',#354,#405,#428,.T.);
#428 = SURFACE_CURVE('',#429,(#433,#440),.PCURVE_S1.);
#429 = LINE('',#430,#431);
#430 = CARTESIAN_POINT('',(880.,-650.,17.));
#431 = VECTOR('',#432,1.);
#432 = DIRECTION('',(-0.,1.,0.));
#433 = PCURVE('',#362,#434);
#434 = DEFINITIONAL_REPRESENTATION('',(#435),#439);
#435 = LINE('',#436,#437);
#436 = CARTESIAN_POINT('',(34.,0.));
#437 = VECTOR('',#438,1.);
#438 = DIRECTION('',(0.,-1.));
#439 = ( GEOMETRIC_REPRESENTATION_CONTEXT(2) 
PARAMETRIC_REPRESENTATION_CONTEXT() REPRESENTATION_CONTEXT('2D SPACE',''
  ) );
#440 = PCURVE('',#336,#441);
#441 = DEFINITIONAL_REPRESENTATION('',(#442),#446);
#442 = LINE('',#443,#444);
#443 = CARTESIAN_POINT('',(1.76E+03,0.));
#444 = VECTOR('',#445,1.);
#445 = DIRECTION('',(0.,1.));
#446 = ( GEOMETRIC_REPRESENTATION_CONTEXT(2) 
PARAMETRIC_REPRESENTATION_CONTEXT() REPRESENTATION_CONTEXT('2D SPACE',''
  ) );
#447 = ADVANCED_FACE('',(#448),#254,.F.);
#448 = FACE_BOUND('',#449,.F.);
#449 = EDGE_LOOP('',(#450,#471,#472,#493));
#450 = ORIENTED_EDGE('',*,*,#451,.F.);
#451 = EDGE_CURVE('',#232,#352,#452,.T.);
#452 = SURFACE_CURVE('',#453,(#457,#464),.PCURVE_S1.);
#453 = LINE('',#454,#455);
#454 = CARTESIAN_POINT('',(-880.,-650.,-17.));
#455 = VECTOR('',#456,1.);
#456 = DIRECTION('',(1.,0.,-0.));
#457 = PCURVE('',#254,#458);
#458 = DEFINITIONAL_REPRESENTATION('',(#459),#463);
#459 = LINE('',#460,#461);
#460 = CARTESIAN_POINT('',(0.,0.));
#461 = VECTOR('',#462,1.);
#462 = DIRECTION('',(0.,1.));
#463 = ( GEOMETRIC_REPRESENTATION_CONTEXT(2) 
PARAMETRIC_REPRESENTATION_CONTEXT() REPRESENTATION_CONTEXT('2D SPACE',''
  ) );
#464 = PCURVE('',#282,#465);
#465 = DEFINITIONAL_REPRESENTATION('',(#466),#470);
#466 = LINE('',#467,#468);
#467 = CARTESIAN_POINT('',(0.,0.));
#468 = VECTOR('',#469,1.);
#469 = DIRECTION('',(1.,0.));
#470 = ( GEOMETRIC_REPRESENTATION_CONTEXT(2) 
PARAMETRIC_REPRESENTATION_CONTEXT() REPRESENTATION_CONTEXT('2D SPACE',''
  ) );
#471 = ORIENTED_EDGE('',*,*,#231,.T.);
#472 = ORIENTED_EDGE('',*,*,#473,.T.);
#473 = EDGE_CURVE('',#234,#354,#474,.T.);
#474 = SURFACE_CURVE('',#475,(#479,#486),.PCURVE_S1.);
#475 = LINE('',#476,#477);
#476 = CARTESIAN_POINT('',(-880.,-650.,17.));
#477 = VECTOR('',#478,1.);
#478 = DIRECTION('',(1.,0.,-0.));
#479 = PCURVE('',#254,#480);
#480 = DEFINITIONAL_REPRESENTATION('',(#481),#485);
#481 = LINE('',#482,#483);
#482 = CARTESIAN_POINT('',(34.,0.));
#483 = VECTOR('',#484,1.);
#484 = DIRECTION('',(0.,1.));
#485 = ( GEOMETRIC_REPRESENTATION_CONTEXT(2) 
PARAMETRIC_REPRESENTATION_CONTEXT() REPRESENTATION_CONTEXT('2D SPACE',''
  ) );
#486 = PCURVE('',#336,#487);
#487 = DEFINITIONAL_REPRESENTATION('',(#488),#492);
#488 = LINE('',#489,#490);
#489 = CARTESIAN_POINT('',(0.,0.));
#490 = VECTOR('',#491,1.);
#491 = DIRECTION('',(1.,0.));
#492 = ( GEOMETRIC_REPRESENTATION_CONTEXT(2) 
PARAMETRIC_REPRESENTATION_CONTEXT() REPRESENTATION_CONTEXT('2D SPACE',''
  ) );
#493 = ORIENTED_EDGE('',*,*,#351,.F.);
#494 = ADVANCED_FACE('',(#495),#310,.T.);
#495 = FACE_BOUND('',#496,.T.);
#496 = EDGE_LOOP('',(#497,#518,#519,#540));
#497 = ORIENTED_EDGE('',*,*,#498,.F.);
#498 = EDGE_CURVE('',#267,#382,#499,.T.);
#499 = SURFACE_CURVE('',#500,(#504,#511),.PCURVE_S1.);
#500 = LINE('',#501,#502);
#501 = CARTESIAN_POINT('',(-880.,650.,-17.));
#502 = VECTOR('',#503,1.);
#503 = DIRECTION('',(1.,0.,-0.));
#504 = PCURVE('',#310,#505);
#505 = DEFINITIONAL_REPRESENTATION('',(#506),#510);
#506 = LINE('',#507,#508);
#507 = CARTESIAN_POINT('',(0.,0.));
#508 = VECTOR('',#509,1.);
#509 = DIRECTION('',(0.,1.));
#510 = ( GEOMETRIC_REPRESENTATION_CONTEXT(2) 
PARAMETRIC_REPRESENTATION_CONTEXT() REPRESENTATION_CONTEXT('2D SPACE',''
  ) );
#511 = PCURVE('',#282,#512);
#512 = DEFINITIONAL_REPRESENTATION('',(#513),#517);
#513 = LINE('',#514,#515);
#514 = CARTESIAN_POINT('',(0.,1.3E+03));
#515 = VECTOR('',#516,1.);
#516 = DIRECTION('',(1.,0.));
#517 = ( GEOMETRIC_REPRESENTATION_CONTEXT(2) 
PARAMETRIC_REPRESENTATION_CONTEXT() REPRESENTATION_CONTEXT('2D SPACE',''
  ) );
#518 = ORIENTED_EDGE('',*,*,#294,.T.);
#519 = ORIENTED_EDGE('',*,*,#520,.T.);
#520 = EDGE_CURVE('',#295,#405,#521,.T.);
#521 = SURFACE_CURVE('',#522,(#526,#533),.PCURVE_S1.);
#522 = LINE('',#523,#524);
#523 = CARTESIAN_POINT('',(-880.,650.,17.));
#524 = VECTOR('',#525,1.);
#525 = DIRECTION('',(1.,0.,-0.));
#526 = PCURVE('',#310,#527);
#527 = DEFINITIONAL_REPRESENTATION('',(#528),#532);
#528 = LINE('',#529,#530);
#529 = CARTESIAN_POINT('',(34.,0.));
#530 = VECTOR('',#531,1.);
#531 = DIRECTION('',(0.,1.));
#532 = ( GEOMETRIC_REPRESENTATION_CONTEXT(2) 
PARAMETRIC_REPRESENTATION_CONTEXT() REPRESENTATION_CONTEXT('2D SPACE',''
  ) );
#533 = PCURVE('',#336,#534);
#534 = DEFINITIONAL_REPRESENTATION('',(#535),#539);
#535 = LINE('',#536,#537);
#536 = CARTESIAN_POINT('',(0.,1.3E+03));
#537 = VECTOR('',#538,1.);
#538 = DIRECTION('',(1.,0.));
#539 = ( GEOMETRIC_REPRESENTATION_CONTEXT(2) 
PARAMETRIC_REPRESENTATION_CONTEXT() REPRESENTATION_CONTEXT('2D SPACE',''
  ) );
#540 = ORIENTED_EDGE('',*,*,#404,.F.);
#541 = ADVANCED_FACE('',(#542),#282,.F.);
#542 = FACE_BOUND('',#543,.F.);
#543 = EDGE_LOOP('',(#544,#545,#546,#547));
#544 = ORIENTED_EDGE('',*,*,#266,.F.);
#545 = ORIENTED_EDGE('',*,*,#451,.T.);
#546 = ORIENTED_EDGE('',*,*,#381,.T.);
#547 = ORIENTED_EDGE('',*,*,#498,.F.);
#548 = ADVANCED_FACE('',(#549),#336,.T.);
#549 = FACE_BOUND('',#550,.T.);
#550 = EDGE_LOOP('',(#551,#552,#553,#554));
#551 = ORIENTED_EDGE('',*,*,#322,.F.);
#552 = ORIENTED_EDGE('',*,*,#473,.T.);
#553 = ORIENTED_EDGE('',*,*,#427,.T.);
#554 = ORIENTED_EDGE('',*,*,#520,.F.);
#555 = ( GEOMETRIC_REPRESENTATION_CONTEXT(3) 
GLOBAL_UNCERTAINTY_ASSIGNED_CONTEXT((#559)) GLOBAL_UNIT_ASSIGNED_CONTEXT
((#556,#557,#558)) REPRESENTATION_CONTEXT('Context #1',
  '3D Context with UNIT and UNCERTAINTY') );
#556 = ( LENGTH_UNIT() NAMED_UNIT(*) SI_UNIT(.MILLI.,.METRE.) );
#557 = ( NAMED_UNIT(*) PLANE_ANGLE_UNIT() SI_UNIT($,.RADIAN.) );
#558 = ( NAMED_UNIT(*) SI_UNIT($,.STERADIAN.) SOLID_ANGLE_UNIT() );
#559 = UNCERTAINTY_MEASURE_WITH_UNIT(LENGTH_MEASURE(1.E-07),#556,
  'distance_accuracy_value','confusion accuracy');
#560 = CONTEXT_DEPENDENT_SHAPE_REPRESENTATION(#561,#563);
#561 = ( REPRESENTATION_RELATIONSHIP('','',#224,#10) 
REPRESENTATION_RELATIONSHIP_WITH_TRANSFORMATION(#562) 
SHAPE_REPRESENTATION_RELATIONSHIP() );
#562 = ITEM_DEFINED_TRANSFORMATION('','',#11,#15);
#563 = PRODUCT_DEFINITION_SHAPE('Placement','Placement of an item',#564
  );
#564 = NEXT_ASSEMBLY_USAGE_OCCURRENCE('1','=>[0:1:1:2]','',#5,#219,$);
#565 = PRODUCT_RELATED_PRODUCT_CATEGORY('part',$,(#221));
#566 = SHAPE_DEFINITION_REPRESENTATION(#567,#573);
#567 = PRODUCT_DEFINITION_SHAPE('','',#568);
#568 = PRODUCT_DEFINITION('design','',#569,#572);
#569 = PRODUCT_DEFINITION_FORMATION('','',#570);
#570 = PRODUCT('COMPOUND','COMPOUND','',(#571));
#571 = PRODUCT_CONTEXT('',#2,'mechanical');
#572 = PRODUCT_DEFINITION_CONTEXT('part definition',#2,'design');
#573 = ADVANCED_BREP_SHAPE_REPRESENTATION('',(#11,#574),#904);
#574 = MANIFOLD_SOLID_BREP('',#575);
#575 = CLOSED_SHELL('',(#576,#696,#796,#843,#890,#897));
#576 = ADVANCED_FACE('',(#577),#591,.F.);
#577 = FACE_BOUND('',#578,.F.);
#578 = EDGE_LOOP('',(#579,#614,#642,#670));
#579 = ORIENTED_EDGE('',*,*,#580,.F.);
#580 = EDGE_CURVE('',#581,#583,#585,.T.);
#581 = VERTEX_POINT('',#582);
#582 = CARTESIAN_POINT('',(-630.,-215.,-14.));
#583 = VERTEX_POINT('',#584);
#584 = CARTESIAN_POINT('',(-630.,-215.,14.));
#585 = SURFACE_CURVE('',#586,(#590,#602),.PCURVE_S1.);
#586 = LINE('',#587,#588);
#587 = CARTESIAN_POINT('',(-630.,-215.,-14.));
#588 = VECTOR('',#589,1.);
#589 = DIRECTION('',(0.,0.,1.));
#590 = PCURVE('',#591,#596);
#591 = PLANE('',#592);
#592 = AXIS2_PLACEMENT_3D('',#593,#594,#595);
#593 = CARTESIAN_POINT('',(-630.,-215.,-14.));
#594 = DIRECTION('',(1.,0.,-0.));
#595 = DIRECTION('',(0.,0.,1.));
#596 = DEFINITIONAL_REPRESENTATION('',(#597),#601);
#597 = LINE('',#598,#599);
#598 = CARTESIAN_POINT('',(0.,0.));
#599 = VECTOR('',#600,1.);
#600 = DIRECTION('',(1.,0.));
#601 = ( GEOMETRIC_REPRESENTATION_CONTEXT(2) 
PARAMETRIC_REPRESENTATION_CONTEXT() REPRESENTATION_CONTEXT('2D SPACE',''
  ) );
#602 = PCURVE('',#603,#608);
#603 = PLANE('',#604);
#604 = AXIS2_PLACEMENT_3D('',#605,#606,#607);
#605 = CARTESIAN_POINT('',(-630.,-215.,-14.));
#606 = DIRECTION('',(-0.,1.,0.));
#607 = DIRECTION('',(0.,0.,1.));
#608 = DEFINITIONAL_REPRESENTATION('',(#609),#613);
#609 = LINE('',#610,#611);
#610 = CARTESIAN_POINT('',(0.,0.));
#611 = VECTOR('',#612,1.);
#612 = DIRECTION('',(1.,0.));
#613 = ( GEOMETRIC_REPRESENTATION_CONTEXT(2) 
PARAMETRIC_REPRESENTATION_CONTEXT() REPRESENTATION_CONTEXT('2D SPACE',''
  ) );
#614 = ORIENTED_EDGE('',*,*,#615,.T.);
#615 = EDGE_CURVE('',#581,#616,#618,.T.);
#616 = VERTEX_POINT('',#617);
#617 = CARTESIAN_POINT('',(-630.,215.,-14.));
#618 = SURFACE_CURVE('',#619,(#623,#630),.PCURVE_S1.);
#619 = LINE('',#620,#621);
#620 = CARTESIAN_POINT('',(-630.,-215.,-14.));
#621 = VECTOR('',#622,1.);
#622 = DIRECTION('',(-0.,1.,0.));
#623 = PCURVE('',#591,#624);
#624 = DEFINITIONAL_REPRESENTATION('',(#625),#629);
#625 = LINE('',#626,#627);
#626 = CARTESIAN_POINT('',(0.,0.));
#627 = VECTOR('',#628,1.);
#628 = DIRECTION('',(0.,-1.));
#629 = ( GEOMETRIC_REPRESENTATION_CONTEXT(2) 
PARAMETRIC_REPRESENTATION_CONTEXT() REPRESENTATION_CONTEXT('2D SPACE',''
  ) );
#630 = PCURVE('',#631,#636);
#631 = PLANE('',#632);
#632 = AXIS2_PLACEMENT_3D('',#633,#634,#635);
#633 = CARTESIAN_POINT('',(-630.,-215.,-14.));
#634 = DIRECTION('',(0.,0.,1.));
#635 = DIRECTION('',(1.,0.,-0.));
#636 = DEFINITIONAL_REPRESENTATION('',(#637),#641);
#637 = LINE('',#638,#639);
#638 = CARTESIAN_POINT('',(0.,0.));
#639 = VECTOR('',#640,1.);
#640 = DIRECTION('',(0.,1.));
#641 = ( GEOMETRIC_REPRESENTATION_CONTEXT(2) 
PARAMETRIC_REPRESENTATION_CONTEXT() REPRESENTATION_CONTEXT('2D SPACE',''
  ) );
#642 = ORIENTED_EDGE('',*,*,#643,.T.);
#643 = EDGE_CURVE('',#616,#644,#646,.T.);
#644 = VERTEX_POINT('',#645);
#645 = CARTESIAN_POINT('',(-630.,215.,14.));
#646 = SURFACE_CURVE('',#647,(#651,#658),.PCURVE_S1.);
#647 = LINE('',#648,#649);
#648 = CARTESIAN_POINT('',(-630.,215.,-14.));
#649 = VECTOR('',#650,1.);
#650 = DIRECTION('',(0.,0.,1.));
#651 = PCURVE('',#591,#652);
#652 = DEFINITIONAL_REPRESENTATION('',(#653),#657);
#653 = LINE('',#654,#655);
#654 = CARTESIAN_POINT('',(0.,-430.));
#655 = VECTOR('',#656,1.);
#656 = DIRECTION('',(1.,0.));
#657 = ( GEOMETRIC_REPRESENTATION_CONTEXT(2) 
PARAMETRIC_REPRESENTATION_CONTEXT() REPRESENTATION_CONTEXT('2D SPACE',''
  ) );
#658 = PCURVE('',#659,#664);
#659 = PLANE('',#660);
#660 = AXIS2_PLACEMENT_3D('',#661,#662,#663);
#661 = CARTESIAN_POINT('',(-630.,215.,-14.));
#662 = DIRECTION('',(-0.,1.,0.));
#663 = DIRECTION('',(0.,0.,1.));
#664 = DEFINITIONAL_REPRESENTATION('',(#665),#669);
#665 = LINE('',#666,#667);
#666 = CARTESIAN_POINT('',(0.,0.));
#667 = VECTOR('',#668,1.);
#668 = DIRECTION('',(1.,0.));
#669 = ( GEOMETRIC_REPRESENTATION_CONTEXT(2) 
PARAMETRIC_REPRESENTATION_CONTEXT() REPRESENTATION_CONTEXT('2D SPACE',''
  ) );
#670 = ORIENTED_EDGE('',*,*,#671,.F.);
#671 = EDGE_CURVE('',#583,#644,#672,.T.);
#672 = SURFACE_CURVE('',#673,(#677,#684),.PCURVE_S1.);
#673 = LINE('',#674,#675);
#674 = CARTESIAN_POINT('',(-630.,-215.,14.));
#675 = VECTOR('',#676,1.);
#676 = DIRECTION('',(-0.,1.,0.));
#677 = PCURVE('',#591,#678);
#678 = DEFINITIONAL_REPRESENTATION('',(#679),#683);
#679 = LINE('',#680,#681);
#680 = CARTESIAN_POINT('',(28.,0.));
#681 = VECTOR('',#682,1.);
#682 = DIRECTION('',(0.,-1.));
#683 = ( GEOMETRIC_REPRESENTATION_CONTEXT(2) 
PARAMETRIC_REPRESENTATION_CONTEXT() REPRESENTATION_CONTEXT('2D SPACE',''
  ) );
#684 = PCURVE('',#685,#690);
#685 = PLANE('',#686);
#686 = AXIS2_PLACEMENT_3D('',#687,#688,#689);
#687 = CARTESIAN_POINT('',(-630.,-215.,14.));
#688 = DIRECTION('',(0.,0.,1.));
#689 = DIRECTION('',(1.,0.,-0.));
#690 = DEFINITIONAL_REPRESENTATION('',(#691),#695);
#691 = LINE('',#692,#693);
#692 = CARTESIAN_POINT('',(0.,0.));
#693 = VECTOR('',#694,1.);
#694 = DIRECTION('',(0.,1.));
#695 = ( GEOMETRIC_REPRESENTATION_CONTEXT(2) 
PARAMETRIC_REPRESENTATION_CONTEXT() REPRESENTATION_CONTEXT('2D SPACE',''
  ) );
#696 = ADVANCED_FACE('',(#697),#711,.T.);
#697 = FACE_BOUND('',#698,.T.);
#698 = EDGE_LOOP('',(#699,#729,#752,#775));
#699 = ORIENTED_EDGE('',*,*,#700,.F.);
#700 = EDGE_CURVE('',#701,#703,#705,.T.);
#701 = VERTEX_POINT('',#702);
#702 = CARTESIAN_POINT('',(630.,-215.,-14.));
#703 = VERTEX_POINT('',#704);
#704 = CARTESIAN_POINT('',(630.,-215.,14.));
#705 = SURFACE_CURVE('',#706,(#710,#722),.PCURVE_S1.);
#706 = LINE('',#707,#708);
#707 = CARTESIAN_POINT('',(630.,-215.,-14.));
#708 = VECTOR('',#709,1.);
#709 = DIRECTION('',(0.,0.,1.));
#710 = PCURVE('',#711,#716);
#711 = PLANE('',#712);
#712 = AXIS2_PLACEMENT_3D('',#713,#714,#715);
#713 = CARTESIAN_POINT('',(630.,-215.,-14.));
#714 = DIRECTION('',(1.,0.,-0.));
#715 = DIRECTION('',(0.,0.,1.));
#716 = DEFINITIONAL_REPRESENTATION('',(#717),#721);
#717 = LINE('',#718,#719);
#718 = CARTESIAN_POINT('',(0.,0.));
#719 = VECTOR('',#720,1.);
#720 = DIRECTION('',(1.,0.));
#721 = ( GEOMETRIC_REPRESENTATION_CONTEXT(2) 
PARAMETRIC_REPRESENTATION_CONTEXT() REPRESENTATION_CONTEXT('2D SPACE',''
  ) );
#722 = PCURVE('',#603,#723);
#723 = DEFINITIONAL_REPRESENTATION('',(#724),#728);
#724 = LINE('',#725,#726);
#725 = CARTESIAN_POINT('',(0.,1.26E+03));
#726 = VECTOR('',#727,1.);
#727 = DIRECTION('',(1.,0.));
#728 = ( GEOMETRIC_REPRESENTATION_CONTEXT(2) 
PARAMETRIC_REPRESENTATION_CONTEXT() REPRESENTATION_CONTEXT('2D SPACE',''
  ) );
#729 = ORIENTED_EDGE('',*,*,#730,.T.);
#730 = EDGE_CURVE('',#701,#731,#733,.T.);
#731 = VERTEX_POINT('',#732);
#732 = CARTESIAN_POINT('',(630.,215.,-14.));
#733 = SURFACE_CURVE('',#734,(#738,#745),.PCURVE_S1.);
#734 = LINE('',#735,#736);
#735 = CARTESIAN_POINT('',(630.,-215.,-14.));
#736 = VECTOR('',#737,1.);
#737 = DIRECTION('',(-0.,1.,0.));
#738 = PCURVE('',#711,#739);
#739 = DEFINITIONAL_REPRESENTATION('',(#740),#744);
#740 = LINE('',#741,#742);
#741 = CARTESIAN_POINT('',(0.,0.));
#742 = VECTOR('',#743,1.);
#743 = DIRECTION('',(0.,-1.));
#744 = ( GEOMETRIC_REPRESENTATION_CONTEXT(2) 
PARAMETRIC_REPRESENTATION_CONTEXT() REPRESENTATION_CONTEXT('2D SPACE',''
  ) );
#745 = PCURVE('',#631,#746);
#746 = DEFINITIONAL_REPRESENTATION('',(#747),#751);
#747 = LINE('',#748,#749);
#748 = CARTESIAN_POINT('',(1.26E+03,0.));
#749 = VECTOR('',#750,1.);
#750 = DIRECTION('',(0.,1.));
#751 = ( GEOMETRIC_REPRESENTATION_CONTEXT(2) 
PARAMETRIC_REPRESENTATION_CONTEXT() REPRESENTATION_CONTEXT('2D SPACE',''
  ) );
#752 = ORIENTED_EDGE('',*,*,#753,.T.);
#753 = EDGE_CURVE('',#731,#754,#756,.T.);
#754 = VERTEX_POINT('',#755);
#755 = CARTESIAN_POINT('',(630.,215.,14.));
#756 = SURFACE_CURVE('',#757,(#761,#768),.PCURVE_S1.);
#757 = LINE('',#758,#759);
#758 = CARTESIAN_POINT('',(630.,215.,-14.));
#759 = VECTOR('',#760,1.);
#760 = DIRECTION('',(0.,0.,1.));
#761 = PCURVE('',#711,#762);
#762 = DEFINITIONAL_REPRESENTATION('',(#763),#767);
#763 = LINE('',#764,#765);
#764 = CARTESIAN_POINT('',(0.,-430.));
#765 = VECTOR('',#766,1.);
#766 = DIRECTION('',(1.,0.));
#767 = ( GEOMETRIC_REPRESENTATION_CONTEXT(2) 
PARAMETRIC_REPRESENTATION_CONTEXT() REPRESENTATION_CONTEXT('2D SPACE',''
  ) );
#768 = PCURVE('',#659,#769);
#769 = DEFINITIONAL_REPRESENTATION('',(#770),#774);
#770 = LINE('',#771,#772);
#771 = CARTESIAN_POINT('',(0.,1.26E+03));
#772 = VECTOR('',#773,1.);
#773 = DIRECTION('',(1.,0.));
#774 = ( GEOMETRIC_REPRESENTATION_CONTEXT(2) 
PARAMETRIC_REPRESENTATION_CONTEXT() REPRESENTATION_CONTEXT('2D SPACE',''
  ) );
#775 = ORIENTED_EDGE('',*,*,#776,.F.);
#776 = EDGE_CURVE('',#703,#754,#777,.T.);
#777 = SURFACE_CURVE('',#778,(#782,#789),.PCURVE_S1.);
#778 = LINE('',#779,#780);
#779 = CARTESIAN_POINT('',(630.,-215.,14.));
#780 = VECTOR('',#781,1.);
#781 = DIRECTION('',(-0.,1.,0.));
#782 = PCURVE('',#711,#783);
#783 = DEFINITIONAL_REPRESENTATION('',(#784),#788);
#784 = LINE('',#785,#786);
#785 = CARTESIAN_POINT('',(28.,0.));
#786 = VECTOR('',#787,1.);
#787 = DIRECTION('',(0.,-1.));
#788 = ( GEOMETRIC_REPRESENTATION_CONTEXT(2) 
PARAMETRIC_REPRESENTATION_CONTEXT() REPRESENTATION_CONTEXT('2D SPACE',''
  ) );
#789 = PCURVE('',#685,#790);
#790 = DEFINITIONAL_REPRESENTATION('',(#791),#795);
#791 = LINE('',#792,#793);
#792 = CARTESIAN_POINT('',(1.26E+03,0.));
#793 = VECTOR('',#794,1.);
#794 = DIRECTION('',(0.,1.));
#795 = ( GEOMETRIC_REPRESENTATION_CONTEXT(2) 
PARAMETRIC_REPRESENTATION_CONTEXT() REPRESENTATION_CONTEXT('2D SPACE',''
  ) );
#796 = ADVANCED_FACE('',(#797),#603,.F.);
#797 = FACE_BOUND('',#798,.F.);
#798 = EDGE_LOOP('',(#799,#820,#821,#842));
#799 = ORIENTED_EDGE('',*,*,#800,.F.);
#800 = EDGE_CURVE('',#581,#701,#801,.T.);
#801 = SURFACE_CURVE('',#802,(#806,#813),.PCURVE_S1.);
#802 = LINE('',#803,#804);
#803 = CARTESIAN_POINT('',(-630.,-215.,-14.));
#804 = VECTOR('',#805,1.);
#805 = DIRECTION('',(1.,0.,-0.));
#806 = PCURVE('',#603,#807);
#807 = DEFINITIONAL_REPRESENTATION('',(#808),#812);
#808 = LINE('',#809,#810);
#809 = CARTESIAN_POINT('',(0.,0.));
#810 = VECTOR('',#811,1.);
#811 = DIRECTION('',(0.,1.));
#812 = ( GEOMETRIC_REPRESENTATION_CONTEXT(2) 
PARAMETRIC_REPRESENTATION_CONTEXT() REPRESENTATION_CONTEXT('2D SPACE',''
  ) );
#813 = PCURVE('',#631,#814);
#814 = DEFINITIONAL_REPRESENTATION('',(#815),#819);
#815 = LINE('',#816,#817);
#816 = CARTESIAN_POINT('',(0.,0.));
#817 = VECTOR('',#818,1.);
#818 = DIRECTION('',(1.,0.));
#819 = ( GEOMETRIC_REPRESENTATION_CONTEXT(2) 
PARAMETRIC_REPRESENTATION_CONTEXT() REPRESENTATION_CONTEXT('2D SPACE',''
  ) );
#820 = ORIENTED_EDGE('',*,*,#580,.T.);
#821 = ORIENTED_EDGE('',*,*,#822,.T.);
#822 = EDGE_CURVE('',#583,#703,#823,.T.);
#823 = SURFACE_CURVE('',#824,(#828,#835),.PCURVE_S1.);
#824 = LINE('',#825,#826);
#825 = CARTESIAN_POINT('',(-630.,-215.,14.));
#826 = VECTOR('',#827,1.);
#827 = DIRECTION('',(1.,0.,-0.));
#828 = PCURVE('',#603,#829);
#829 = DEFINITIONAL_REPRESENTATION('',(#830),#834);
#830 = LINE('',#831,#832);
#831 = CARTESIAN_POINT('',(28.,0.));
#832 = VECTOR('',#833,1.);
#833 = DIRECTION('',(0.,1.));
#834 = ( GEOMETRIC_REPRESENTATION_CONTEXT(2) 
PARAMETRIC_REPRESENTATION_CONTEXT() REPRESENTATION_CONTEXT('2D SPACE',''
  ) );
#835 = PCURVE('',#685,#836);
#836 = DEFINITIONAL_REPRESENTATION('',(#837),#841);
#837 = LINE('',#838,#839);
#838 = CARTESIAN_POINT('',(0.,0.));
#839 = VECTOR('',#840,1.);
#840 = DIRECTION('',(1.,0.));
#841 = ( GEOMETRIC_REPRESENTATION_CONTEXT(2) 
PARAMETRIC_REPRESENTATION_CONTEXT() REPRESENTATION_CONTEXT('2D SPACE',''
  ) );
#842 = ORIENTED_EDGE('',*,*,#700,.F.);
#843 = ADVANCED_FACE('',(#844),#659,.T.);
#844 = FACE_BOUND('',#845,.T.);
#845 = EDGE_LOOP('',(#846,#867,#868,#889));
#846 = ORIENTED_EDGE('',*,*,#847,.F.);
#847 = EDGE_CURVE('',#616,#731,#848,.T.);
#848 = SURFACE_CURVE('',#849,(#853,#860),.PCURVE_S1.);
#849 = LINE('',#850,#851);
#850 = CARTESIAN_POINT('',(-630.,215.,-14.));
#851 = VECTOR('',#852,1.);
#852 = DIRECTION('',(1.,0.,-0.));
#853 = PCURVE('',#659,#854);
#854 = DEFINITIONAL_REPRESENTATION('',(#855),#859);
#855 = LINE('',#856,#857);
#856 = CARTESIAN_POINT('',(0.,0.));
#857 = VECTOR('',#858,1.);
#858 = DIRECTION('',(0.,1.));
#859 = ( GEOMETRIC_REPRESENTATION_CONTEXT(2) 
PARAMETRIC_REPRESENTATION_CONTEXT() REPRESENTATION_CONTEXT('2D SPACE',''
  ) );
#860 = PCURVE('',#631,#861);
#861 = DEFINITIONAL_REPRESENTATION('',(#862),#866);
#862 = LINE('',#863,#864);
#863 = CARTESIAN_POINT('',(0.,430.));
#864 = VECTOR('',#865,1.);
#865 = DIRECTION('',(1.,0.));
#866 = ( GEOMETRIC_REPRESENTATION_CONTEXT(2) 
PARAMETRIC_REPRESENTATION_CONTEXT() REPRESENTATION_CONTEXT('2D SPACE',''
  ) );
#867 = ORIENTED_EDGE('',*,*,#643,.T.);
#868 = ORIENTED_EDGE('',*,*,#869,.T.);
#869 = EDGE_CURVE('',#644,#754,#870,.T.);
#870 = SURFACE_CURVE('',#871,(#875,#882),.PCURVE_S1.);
#871 = LINE('',#872,#873);
#872 = CARTESIAN_POINT('',(-630.,215.,14.));
#873 = VECTOR('',#874,1.);
#874 = DIRECTION('',(1.,0.,-0.));
#875 = PCURVE('',#659,#876);
#876 = DEFINITIONAL_REPRESENTATION('',(#877),#881);
#877 = LINE('',#878,#879);
#878 = CARTESIAN_POINT('',(28.,0.));
#879 = VECTOR('',#880,1.);
#880 = DIRECTION('',(0.,1.));
#881 = ( GEOMETRIC_REPRESENTATION_CONTEXT(2) 
PARAMETRIC_REPRESENTATION_CONTEXT() REPRESENTATION_CONTEXT('2D SPACE',''
  ) );
#882 = PCURVE('',#685,#883);
#883 = DEFINITIONAL_REPRESENTATION('',(#884),#888);
#884 = LINE('',#885,#886);
#885 = CARTESIAN_POINT('',(0.,430.));
#886 = VECTOR('',#887,1.);
#887 = DIRECTION('',(1.,0.));
#888 = ( GEOMETRIC_REPRESENTATION_CONTEXT(2) 
PARAMETRIC_REPRESENTATION_CONTEXT() REPRESENTATION_CONTEXT('2D SPACE',''
  ) );
#889 = ORIENTED_EDGE('',*,*,#753,.F.);
#890 = ADVANCED_FACE('',(#891),#631,.F.);
#891 = FACE_BOUND('',#892,.F.);
#892 = EDGE_LOOP('',(#893,#894,#895,#896));
#893 = ORIENTED_EDGE('',*,*,#615,.F.);
#894 = ORIENTED_EDGE('',*,*,#800,.T.);
#895 = ORIENTED_EDGE('',*,*,#730,.T.);
#896 = ORIENTED_EDGE('',*,*,#847,.F.);
#897 = ADVANCED_FACE('',(#898),#685,.T.);
#898 = FACE_BOUND('',#899,.T.);
#899 = EDGE_LOOP('',(#900,#901,#902,#903));
#900 = ORIENTED_EDGE('',*,*,#671,.F.);
#901 = ORIENTED_EDGE('',*,*,#822,.T.);
#902 = ORIENTED_EDGE('',*,*,#776,.T.);
#903 = ORIENTED_EDGE('',*,*,#869,.F.);
#904 = ( GEOMETRIC_REPRESENTATION_CONTEXT(3) 
GLOBAL_UNCERTAINTY_ASSIGNED_CONTEXT((#908)) GLOBAL_UNIT_ASSIGNED_CONTEXT
((#905,#906,#907)) REPRESENTATION_CONTEXT('Context #1',
  '3D Context with UNIT and UNCERTAINTY') );
#905 = ( LENGTH_UNIT() NAMED_UNIT(*) SI_UNIT(.MILLI.,.METRE.) );
#906 = ( NAMED_UNIT(*) PLANE_ANGLE_UNIT() SI_UNIT($,.RADIAN.) );
#907 = ( NAMED_UNIT(*) SI_UNIT($,.STERADIAN.) SOLID_ANGLE_UNIT() );
#908 = UNCERTAINTY_MEASURE_WITH_UNIT(LENGTH_MEASURE(1.E-07),#905,
  'distance_accuracy_value','confusion accuracy');
#909 = CONTEXT_DEPENDENT_SHAPE_REPRESENTATION(#910,#912);
#910 = ( REPRESENTATION_RELATIONSHIP('','',#573,#10) 
REPRESENTATION_RELATIONSHIP_WITH_TRANSFORMATION(#911) 
SHAPE_REPRESENTATION_RELATIONSHIP() );
#911 = ITEM_DEFINED_TRANSFORMATION('','',#11,#19);
#912 = PRODUCT_DEFINITION_SHAPE('Placement','Placement of an item',#913
  );
#913 = NEXT_ASSEMBLY_USAGE_OCCURRENCE('2','=>[0:1:1:3]','',#5,#568,$);
#914 = PRODUCT_RELATED_PRODUCT_CATEGORY('part',$,(#570));
#915 = SHAPE_DEFINITION_REPRESENTATION(#916,#922);
#916 = PRODUCT_DEFINITION_SHAPE('','',#917);
#917 = PRODUCT_DEFINITION('design','',#918,#921);
#918 = PRODUCT_DEFINITION_FORMATION('','',#919);
#919 = PRODUCT('COMPOUND','COMPOUND','',(#920));
#920 = PRODUCT_CONTEXT('',#2,'mechanical');
#921 = PRODUCT_DEFINITION_CONTEXT('part definition',#2,'design');
#922 = ADVANCED_BREP_SHAPE_REPRESENTATION('',(#11,#923),#1253);
#923 = MANIFOLD_SOLID_BREP('',#924);
#924 = CLOSED_SHELL('',(#925,#1045,#1145,#1192,#1239,#1246));
#925 = ADVANCED_FACE('',(#926),#940,.F.);
#926 = FACE_BOUND('',#927,.F.);
#927 = EDGE_LOOP('',(#928,#963,#991,#1019));
#928 = ORIENTED_EDGE('',*,*,#929,.F.);
#929 = EDGE_CURVE('',#930,#932,#934,.T.);
#930 = VERTEX_POINT('',#931);
#931 = CARTESIAN_POINT('',(-165.,-215.,-46.));
#932 = VERTEX_POINT('',#933);
#933 = CARTESIAN_POINT('',(-165.,-215.,46.));
#934 = SURFACE_CURVE('',#935,(#939,#951),.PCURVE_S1.);
#935 = LINE('',#936,#937);
#936 = CARTESIAN_POINT('',(-165.,-215.,-46.));
#937 = VECTOR('',#938,1.);
#938 = DIRECTION('',(0.,0.,1.));
#939 = PCURVE('',#940,#945);
#940 = PLANE('',#941);
#941 = AXIS2_PLACEMENT_3D('',#942,#943,#944);
#942 = CARTESIAN_POINT('',(-165.,-215.,-46.));
#943 = DIRECTION('',(1.,0.,-0.));
#944 = DIRECTION('',(0.,0.,1.));
#945 = DEFINITIONAL_REPRESENTATION('',(#946),#950);
#946 = LINE('',#947,#948);
#947 = CARTESIAN_POINT('',(0.,0.));
#948 = VECTOR('',#949,1.);
#949 = DIRECTION('',(1.,0.));
#950 = ( GEOMETRIC_REPRESENTATION_CONTEXT(2) 
PARAMETRIC_REPRESENTATION_CONTEXT() REPRESENTATION_CONTEXT('2D SPACE',''
  ) );
#951 = PCURVE('',#952,#957);
#952 = PLANE('',#953);
#953 = AXIS2_PLACEMENT_3D('',#954,#955,#956);
#954 = CARTESIAN_POINT('',(-165.,-215.,-46.));
#955 = DIRECTION('',(-0.,1.,0.));
#956 = DIRECTION('',(0.,0.,1.));
#957 = DEFINITIONAL_REPRESENTATION('',(#958),#962);
#958 = LINE('',#959,#960);
#959 = CARTESIAN_POINT('',(0.,0.));
#960 = VECTOR('',#961,1.);
#961 = DIRECTION('',(1.,0.));
#962 = ( GEOMETRIC_REPRESENTATION_CONTEXT(2) 
PARAMETRIC_REPRESENTATION_CONTEXT() REPRESENTATION_CONTEXT('2D SPACE',''
  ) );
#963 = ORIENTED_EDGE('',*,*,#964,.T.);
#964 = EDGE_CURVE('',#930,#965,#967,.T.);
#965 = VERTEX_POINT('',#966);
#966 = CARTESIAN_POINT('',(-165.,215.,-46.));
#967 = SURFACE_CURVE('',#968,(#972,#979),.PCURVE_S1.);
#968 = LINE('',#969,#970);
#969 = CARTESIAN_POINT('',(-165.,-215.,-46.));
#970 = VECTOR('',#971,1.);
#971 = DIRECTION('',(-0.,1.,0.));
#972 = PCURVE('',#940,#973);
#973 = DEFINITIONAL_REPRESENTATION('',(#974),#978);
#974 = LINE('',#975,#976);
#975 = CARTESIAN_POINT('',(0.,0.));
#976 = VECTOR('',#977,1.);
#977 = DIRECTION('',(0.,-1.));
#978 = ( GEOMETRIC_REPRESENTATION_CONTEXT(2) 
PARAMETRIC_REPRESENTATION_CONTEXT() REPRESENTATION_CONTEXT('2D SPACE',''
  ) );
#979 = PCURVE('',#980,#985);
#980 = PLANE('',#981);
#981 = AXIS2_PLACEMENT_3D('',#982,#983,#984);
#982 = CARTESIAN_POINT('',(-165.,-215.,-46.));
#983 = DIRECTION('',(0.,0.,1.));
#984 = DIRECTION('',(1.,0.,-0.));
#985 = DEFINITIONAL_REPRESENTATION('',(#986),#990);
#986 = LINE('',#987,#988);
#987 = CARTESIAN_POINT('',(0.,0.));
#988 = VECTOR('',#989,1.);
#989 = DIRECTION('',(0.,1.));
#990 = ( GEOMETRIC_REPRESENTATION_CONTEXT(2) 
PARAMETRIC_REPRESENTATION_CONTEXT() REPRESENTATION_CONTEXT('2D SPACE',''
  ) );
#991 = ORIENTED_EDGE('',*,*,#992,.T.);
#992 = EDGE_CURVE('',#965,#993,#995,.T.);
#993 = VERTEX_POINT('',#994);
#994 = CARTESIAN_POINT('',(-165.,215.,46.));
#995 = SURFACE_CURVE('',#996,(#1000,#1007),.PCURVE_S1.);
#996 = LINE('',#997,#998);
#997 = CARTESIAN_POINT('',(-165.,215.,-46.));
#998 = VECTOR('',#999,1.);
#999 = DIRECTION('',(0.,0.,1.));
#1000 = PCURVE('',#940,#1001);
#1001 = DEFINITIONAL_REPRESENTATION('',(#1002),#1006);
#1002 = LINE('',#1003,#1004);
#1003 = CARTESIAN_POINT('',(0.,-430.));
#1004 = VECTOR('',#1005,1.);
#1005 = DIRECTION('',(1.,0.));
#1006 = ( GEOMETRIC_REPRESENTATION_CONTEXT(2) 
PARAMETRIC_REPRESENTATION_CONTEXT() REPRESENTATION_CONTEXT('2D SPACE',''
  ) );
#1007 = PCURVE('',#1008,#1013);
#1008 = PLANE('',#1009);
#1009 = AXIS2_PLACEMENT_3D('',#1010,#1011,#1012);
#1010 = CARTESIAN_POINT('',(-165.,215.,-46.));
#1011 = DIRECTION('',(-0.,1.,0.));
#1012 = DIRECTION('',(0.,0.,1.));
#1013 = DEFINITIONAL_REPRESENTATION('',(#1014),#1018);
#1014 = LINE('',#1015,#1016);
#1015 = CARTESIAN_POINT('',(0.,0.));
#1016 = VECTOR('',#1017,1.);
#1017 = DIRECTION('',(1.,0.));
#1018 = ( GEOMETRIC_REPRESENTATION_CONTEXT(2) 
PARAMETRIC_REPRESENTATION_CONTEXT() REPRESENTATION_CONTEXT('2D SPACE',''
  ) );
#1019 = ORIENTED_EDGE('',*,*,#1020,.F.);
#1020 = EDGE_CURVE('',#932,#993,#1021,.T.);
#1021 = SURFACE_CURVE('',#1022,(#1026,#1033),.PCURVE_S1.);
#1022 = LINE('',#1023,#1024);
#1023 = CARTESIAN_POINT('',(-165.,-215.,46.));
#1024 = VECTOR('',#1025,1.);
#1025 = DIRECTION('',(-0.,1.,0.));
#1026 = PCURVE('',#940,#1027);
#1027 = DEFINITIONAL_REPRESENTATION('',(#1028),#1032);
#1028 = LINE('',#1029,#1030);
#1029 = CARTESIAN_POINT('',(92.,0.));
#1030 = VECTOR('',#1031,1.);
#1031 = DIRECTION('',(0.,-1.));
#1032 = ( GEOMETRIC_REPRESENTATION_CONTEXT(2) 
PARAMETRIC_REPRESENTATION_CONTEXT() REPRESENTATION_CONTEXT('2D SPACE',''
  ) );
#1033 = PCURVE('',#1034,#1039);
#1034 = PLANE('',#1035);
#1035 = AXIS2_PLACEMENT_3D('',#1036,#1037,#1038);
#1036 = CARTESIAN_POINT('',(-165.,-215.,46.));
#1037 = DIRECTION('',(0.,0.,1.));
#1038 = DIRECTION('',(1.,0.,-0.));
#1039 = DEFINITIONAL_REPRESENTATION('',(#1040),#1044);
#1040 = LINE('',#1041,#1042);
#1041 = CARTESIAN_POINT('',(0.,0.));
#1042 = VECTOR('',#1043,1.);
#1043 = DIRECTION('',(0.,1.));
#1044 = ( GEOMETRIC_REPRESENTATION_CONTEXT(2) 
PARAMETRIC_REPRESENTATION_CONTEXT() REPRESENTATION_CONTEXT('2D SPACE',''
  ) );
#1045 = ADVANCED_FACE('',(#1046),#1060,.T.);
#1046 = FACE_BOUND('',#1047,.T.);
#1047 = EDGE_LOOP('',(#1048,#1078,#1101,#1124));
#1048 = ORIENTED_EDGE('',*,*,#1049,.F.);
#1049 = EDGE_CURVE('',#1050,#1052,#1054,.T.);
#1050 = VERTEX_POINT('',#1051);
#1051 = CARTESIAN_POINT('',(165.,-215.,-46.));
#1052 = VERTEX_POINT('',#1053);
#1053 = CARTESIAN_POINT('',(165.,-215.,46.));
#1054 = SURFACE_CURVE('',#1055,(#1059,#1071),.PCURVE_S1.);
#1055 = LINE('',#1056,#1057);
#1056 = CARTESIAN_POINT('',(165.,-215.,-46.));
#1057 = VECTOR('',#1058,1.);
#1058 = DIRECTION('',(0.,0.,1.));
#1059 = PCURVE('',#1060,#1065);
#1060 = PLANE('',#1061);
#1061 = AXIS2_PLACEMENT_3D('',#1062,#1063,#1064);
#1062 = CARTESIAN_POINT('',(165.,-215.,-46.));
#1063 = DIRECTION('',(1.,0.,-0.));
#1064 = DIRECTION('',(0.,0.,1.));
#1065 = DEFINITIONAL_REPRESENTATION('',(#1066),#1070);
#1066 = LINE('',#1067,#1068);
#1067 = CARTESIAN_POINT('',(0.,0.));
#1068 = VECTOR('',#1069,1.);
#1069 = DIRECTION('',(1.,0.));
#1070 = ( GEOMETRIC_REPRESENTATION_CONTEXT(2) 
PARAMETRIC_REPRESENTATION_CONTEXT() REPRESENTATION_CONTEXT('2D SPACE',''
  ) );
#1071 = PCURVE('',#952,#1072);
#1072 = DEFINITIONAL_REPRESENTATION('',(#1073),#1077);
#1073 = LINE('',#1074,#1075);
#1074 = CARTESIAN_POINT('',(0.,330.));
#1075 = VECTOR('',#1076,1.);
#1076 = DIRECTION('',(1.,0.));
#1077 = ( GEOMETRIC_REPRESENTATION_CONTEXT(2) 
PARAMETRIC_REPRESENTATION_CONTEXT() REPRESENTATION_CONTEXT('2D SPACE',''
  ) );
#1078 = ORIENTED_EDGE('',*,*,#1079,.T.);
#1079 = EDGE_CURVE('',#1050,#1080,#1082,.T.);
#1080 = VERTEX_POINT('',#1081);
#1081 = CARTESIAN_POINT('',(165.,215.,-46.));
#1082 = SURFACE_CURVE('',#1083,(#1087,#1094),.PCURVE_S1.);
#1083 = LINE('',#1084,#1085);
#1084 = CARTESIAN_POINT('',(165.,-215.,-46.));
#1085 = VECTOR('',#1086,1.);
#1086 = DIRECTION('',(-0.,1.,0.));
#1087 = PCURVE('',#1060,#1088);
#1088 = DEFINITIONAL_REPRESENTATION('',(#1089),#1093);
#1089 = LINE('',#1090,#1091);
#1090 = CARTESIAN_POINT('',(0.,0.));
#1091 = VECTOR('',#1092,1.);
#1092 = DIRECTION('',(0.,-1.));
#1093 = ( GEOMETRIC_REPRESENTATION_CONTEXT(2) 
PARAMETRIC_REPRESENTATION_CONTEXT() REPRESENTATION_CONTEXT('2D SPACE',''
  ) );
#1094 = PCURVE('',#980,#1095);
#1095 = DEFINITIONAL_REPRESENTATION('',(#1096),#1100);
#1096 = LINE('',#1097,#1098);
#1097 = CARTESIAN_POINT('',(330.,0.));
#1098 = VECTOR('',#1099,1.);
#1099 = DIRECTION('',(0.,1.));
#1100 = ( GEOMETRIC_REPRESENTATION_CONTEXT(2) 
PARAMETRIC_REPRESENTATION_CONTEXT() REPRESENTATION_CONTEXT('2D SPACE',''
  ) );
#1101 = ORIENTED_EDGE('',*,*,#1102,.T.);
#1102 = EDGE_CURVE('',#1080,#1103,#1105,.T.);
#1103 = VERTEX_POINT('',#1104);
#1104 = CARTESIAN_POINT('',(165.,215.,46.));
#1105 = SURFACE_CURVE('',#1106,(#1110,#1117),.PCURVE_S1.);
#1106 = LINE('',#1107,#1108);
#1107 = CARTESIAN_POINT('',(165.,215.,-46.));
#1108 = VECTOR('',#1109,1.);
#1109 = DIRECTION('',(0.,0.,1.));
#1110 = PCURVE('',#1060,#1111);
#1111 = DEFINITIONAL_REPRESENTATION('',(#1112),#1116);
#1112 = LINE('',#1113,#1114);
#1113 = CARTESIAN_POINT('',(0.,-430.));
#1114 = VECTOR('',#1115,1.);
#1115 = DIRECTION('',(1.,0.));
#1116 = ( GEOMETRIC_REPRESENTATION_CONTEXT(2) 
PARAMETRIC_REPRESENTATION_CONTEXT() REPRESENTATION_CONTEXT('2D SPACE',''
  ) );
#1117 = PCURVE('',#1008,#1118);
#1118 = DEFINITIONAL_REPRESENTATION('',(#1119),#1123);
#1119 = LINE('',#1120,#1121);
#1120 = CARTESIAN_POINT('',(0.,330.));
#1121 = VECTOR('',#1122,1.);
#1122 = DIRECTION('',(1.,0.));
#1123 = ( GEOMETRIC_REPRESENTATION_CONTEXT(2) 
PARAMETRIC_REPRESENTATION_CONTEXT() REPRESENTATION_CONTEXT('2D SPACE',''
  ) );
#1124 = ORIENTED_EDGE('',*,*,#1125,.F.);
#1125 = EDGE_CURVE('',#1052,#1103,#1126,.T.);
#1126 = SURFACE_CURVE('',#1127,(#1131,#1138),.PCURVE_S1.);
#1127 = LINE('',#1128,#1129);
#1128 = CARTESIAN_POINT('',(165.,-215.,46.));
#1129 = VECTOR('',#1130,1.);
#1130 = DIRECTION('',(-0.,1.,0.));
#1131 = PCURVE('',#1060,#1132);
#1132 = DEFINITIONAL_REPRESENTATION('',(#1133),#1137);
#1133 = LINE('',#1134,#1135);
#1134 = CARTESIAN_POINT('',(92.,0.));
#1135 = VECTOR('',#1136,1.);
#1136 = DIRECTION('',(0.,-1.));
#1137 = ( GEOMETRIC_REPRESENTATION_CONTEXT(2) 
PARAMETRIC_REPRESENTATION_CONTEXT() REPRESENTATION_CONTEXT('2D SPACE',''
  ) );
#1138 = PCURVE('',#1034,#1139);
#1139 = DEFINITIONAL_REPRESENTATION('',(#1140),#1144);
#1140 = LINE('',#1141,#1142);
#1141 = CARTESIAN_POINT('',(330.,0.));
#1142 = VECTOR('',#1143,1.);
#1143 = DIRECTION('',(0.,1.));
#1144 = ( GEOMETRIC_REPRESENTATION_CONTEXT(2) 
PARAMETRIC_REPRESENTATION_CONTEXT() REPRESENTATION_CONTEXT('2D SPACE',''
  ) );
#1145 = ADVANCED_FACE('',(#1146),#952,.F.);
#1146 = FACE_BOUND('',#1147,.F.);
#1147 = EDGE_LOOP('',(#1148,#1169,#1170,#1191));
#1148 = ORIENTED_EDGE('',*,*,#1149,.F.);
#1149 = EDGE_CURVE('',#930,#1050,#1150,.T.);
#1150 = SURFACE_CURVE('',#1151,(#1155,#1162),.PCURVE_S1.);
#1151 = LINE('',#1152,#1153);
#1152 = CARTESIAN_POINT('',(-165.,-215.,-46.));
#1153 = VECTOR('',#1154,1.);
#1154 = DIRECTION('',(1.,0.,-0.));
#1155 = PCURVE('',#952,#1156);
#1156 = DEFINITIONAL_REPRESENTATION('',(#1157),#1161);
#1157 = LINE('',#1158,#1159);
#1158 = CARTESIAN_POINT('',(0.,0.));
#1159 = VECTOR('',#1160,1.);
#1160 = DIRECTION('',(0.,1.));
#1161 = ( GEOMETRIC_REPRESENTATION_CONTEXT(2) 
PARAMETRIC_REPRESENTATION_CONTEXT() REPRESENTATION_CONTEXT('2D SPACE',''
  ) );
#1162 = PCURVE('',#980,#1163);
#1163 = DEFINITIONAL_REPRESENTATION('',(#1164),#1168);
#1164 = LINE('',#1165,#1166);
#1165 = CARTESIAN_POINT('',(0.,0.));
#1166 = VECTOR('',#1167,1.);
#1167 = DIRECTION('',(1.,0.));
#1168 = ( GEOMETRIC_REPRESENTATION_CONTEXT(2) 
PARAMETRIC_REPRESENTATION_CONTEXT() REPRESENTATION_CONTEXT('2D SPACE',''
  ) );
#1169 = ORIENTED_EDGE('',*,*,#929,.T.);
#1170 = ORIENTED_EDGE('',*,*,#1171,.T.);
#1171 = EDGE_CURVE('',#932,#1052,#1172,.T.);
#1172 = SURFACE_CURVE('',#1173,(#1177,#1184),.PCURVE_S1.);
#1173 = LINE('',#1174,#1175);
#1174 = CARTESIAN_POINT('',(-165.,-215.,46.));
#1175 = VECTOR('',#1176,1.);
#1176 = DIRECTION('',(1.,0.,-0.));
#1177 = PCURVE('',#952,#1178);
#1178 = DEFINITIONAL_REPRESENTATION('',(#1179),#1183);
#1179 = LINE('',#1180,#1181);
#1180 = CARTESIAN_POINT('',(92.,0.));
#1181 = VECTOR('',#1182,1.);
#1182 = DIRECTION('',(0.,1.));
#1183 = ( GEOMETRIC_REPRESENTATION_CONTEXT(2) 
PARAMETRIC_REPRESENTATION_CONTEXT() REPRESENTATION_CONTEXT('2D SPACE',''
  ) );
#1184 = PCURVE('',#1034,#1185);
#1185 = DEFINITIONAL_REPRESENTATION('',(#1186),#1190);
#1186 = LINE('',#1187,#1188);
#1187 = CARTESIAN_POINT('',(0.,0.));
#1188 = VECTOR('',#1189,1.);
#1189 = DIRECTION('',(1.,0.));
#1190 = ( GEOMETRIC_REPRESENTATION_CONTEXT(2) 
PARAMETRIC_REPRESENTATION_CONTEXT() REPRESENTATION_CONTEXT('2D SPACE',''
  ) );
#1191 = ORIENTED_EDGE('',*,*,#1049,.F.);
#1192 = ADVANCED_FACE('',(#1193),#1008,.T.);
#1193 = FACE_BOUND('',#1194,.T.);
#1194 = EDGE_LOOP('',(#1195,#1216,#1217,#1238));
#1195 = ORIENTED_EDGE('',*,*,#1196,.F.);
#1196 = EDGE_CURVE('',#965,#1080,#1197,.T.);
#1197 = SURFACE_CURVE('',#1198,(#1202,#1209),.PCURVE_S1.);
#1198 = LINE('',#1199,#1200);
#1199 = CARTESIAN_POINT('',(-165.,215.,-46.));
#1200 = VECTOR('',#1201,1.);
#1201 = DIRECTION('',(1.,0.,-0.));
#1202 = PCURVE('',#1008,#1203);
#1203 = DEFINITIONAL_REPRESENTATION('',(#1204),#1208);
#1204 = LINE('',#1205,#1206);
#1205 = CARTESIAN_POINT('',(0.,0.));
#1206 = VECTOR('',#1207,1.);
#1207 = DIRECTION('',(0.,1.));
#1208 = ( GEOMETRIC_REPRESENTATION_CONTEXT(2) 
PARAMETRIC_REPRESENTATION_CONTEXT() REPRESENTATION_CONTEXT('2D SPACE',''
  ) );
#1209 = PCURVE('',#980,#1210);
#1210 = DEFINITIONAL_REPRESENTATION('',(#1211),#1215);
#1211 = LINE('',#1212,#1213);
#1212 = CARTESIAN_POINT('',(0.,430.));
#1213 = VECTOR('',#1214,1.);
#1214 = DIRECTION('',(1.,0.));
#1215 = ( GEOMETRIC_REPRESENTATION_CONTEXT(2) 
PARAMETRIC_REPRESENTATION_CONTEXT() REPRESENTATION_CONTEXT('2D SPACE',''
  ) );
#1216 = ORIENTED_EDGE('',*,*,#992,.T.);
#1217 = ORIENTED_EDGE('',*,*,#1218,.T.);
#1218 = EDGE_CURVE('',#993,#1103,#1219,.T.);
#1219 = SURFACE_CURVE('',#1220,(#1224,#1231),.PCURVE_S1.);
#1220 = LINE('',#1221,#1222);
#1221 = CARTESIAN_POINT('',(-165.,215.,46.));
#1222 = VECTOR('',#1223,1.);
#1223 = DIRECTION('',(1.,0.,-0.));
#1224 = PCURVE('',#1008,#1225);
#1225 = DEFINITIONAL_REPRESENTATION('',(#1226),#1230);
#1226 = LINE('',#1227,#1228);
#1227 = CARTESIAN_POINT('',(92.,0.));
#1228 = VECTOR('',#1229,1.);
#1229 = DIRECTION('',(0.,1.));
#1230 = ( GEOMETRIC_REPRESENTATION_CONTEXT(2) 
PARAMETRIC_REPRESENTATION_CONTEXT() REPRESENTATION_CONTEXT('2D SPACE',''
  ) );
#1231 = PCURVE('',#1034,#1232);
#1232 = DEFINITIONAL_REPRESENTATION('',(#1233),#1237);
#1233 = LINE('',#1234,#1235);
#1234 = CARTESIAN_POINT('',(0.,430.));
#1235 = VECTOR('',#1236,1.);
#1236 = DIRECTION('',(1.,0.));
#1237 = ( GEOMETRIC_REPRESENTATION_CONTEXT(2) 
PARAMETRIC_REPRESENTATION_CONTEXT() REPRESENTATION_CONTEXT('2D SPACE',''
  ) );
#1238 = ORIENTED_EDGE('',*,*,#1102,.F.);
#1239 = ADVANCED_FACE('',(#1240),#980,.F.);
#1240 = FACE_BOUND('',#1241,.F.);
#1241 = EDGE_LOOP('',(#1242,#1243,#1244,#1245));
#1242 = ORIENTED_EDGE('',*,*,#964,.F.);
#1243 = ORIENTED_EDGE('',*,*,#1149,.T.);
#1244 = ORIENTED_EDGE('',*,*,#1079,.T.);
#1245 = ORIENTED_EDGE('',*,*,#1196,.F.);
#1246 = ADVANCED_FACE('',(#1247),#1034,.T.);
#1247 = FACE_BOUND('',#1248,.T.);
#1248 = EDGE_LOOP('',(#1249,#1250,#1251,#1252));
#1249 = ORIENTED_EDGE('',*,*,#1020,.F.);
#1250 = ORIENTED_EDGE('',*,*,#1171,.T.);
#1251 = ORIENTED_EDGE('',*,*,#1125,.T.);
#1252 = ORIENTED_EDGE('',*,*,#1218,.F.);
#1253 = ( GEOMETRIC_REPRESENTATION_CONTEXT(3) 
GLOBAL_UNCERTAINTY_ASSIGNED_CONTEXT((#1257)) 
GLOBAL_UNIT_ASSIGNED_CONTEXT((#1254,#1255,#1256)) REPRESENTATION_CONTEXT
('Context #1','3D Context with UNIT and UNCERTAINTY') );
#1254 = ( LENGTH_UNIT() NAMED_UNIT(*) SI_UNIT(.MILLI.,.METRE.) );
#1255 = ( NAMED_UNIT(*) PLANE_ANGLE_UNIT() SI_UNIT($,.RADIAN.) );
#1256 = ( NAMED_UNIT(*) SI_UNIT($,.STERADIAN.) SOLID_ANGLE_UNIT() );
#1257 = UNCERTAINTY_MEASURE_WITH_UNIT(LENGTH_MEASURE(1.E-07),#1254,
  'distance_accuracy_value','confusion accuracy');
#1258 = CONTEXT_DEPENDENT_SHAPE_REPRESENTATION(#1259,#1261);
#1259 = ( REPRESENTATION_RELATIONSHIP('','',#922,#10) 
REPRESENTATION_RELATIONSHIP_WITH_TRANSFORMATION(#1260) 
SHAPE_REPRESENTATION_RELATIONSHIP() );
#1260 = ITEM_DEFINED_TRANSFORMATION('','',#11,#23);
#1261 = PRODUCT_DEFINITION_SHAPE('Placement','Placement of an item',
  #1262);
#1262 = NEXT_ASSEMBLY_USAGE_OCCURRENCE('3','=>[0:1:1:4]','',#5,#917,$);
#1263 = PRODUCT_RELATED_PRODUCT_CATEGORY('part',$,(#919));
#1264 = SHAPE_DEFINITION_REPRESENTATION(#1265,#1271);
#1265 = PRODUCT_DEFINITION_SHAPE('','',#1266);
#1266 = PRODUCT_DEFINITION('design','',#1267,#1270);
#1267 = PRODUCT_DEFINITION_FORMATION('','',#1268);
#1268 = PRODUCT('COMPOUND','COMPOUND','',(#1269));
#1269 = PRODUCT_CONTEXT('',#2,'mechanical');
#1270 = PRODUCT_DEFINITION_CONTEXT('part definition',#2,'design');
#1271 = ADVANCED_BREP_SHAPE_REPRESENTATION('',(#11,#1272),#1602);
#1272 = MANIFOLD_SOLID_BREP('',#1273);
#1273 = CLOSED_SHELL('',(#1274,#1394,#1494,#1541,#1588,#1595));
#1274 = ADVANCED_FACE('',(#1275),#1289,.F.);
#1275 = FACE_BOUND('',#1276,.F.);
#1276 = EDGE_LOOP('',(#1277,#1312,#1340,#1368));
#1277 = ORIENTED_EDGE('',*,*,#1278,.F.);
#1278 = EDGE_CURVE('',#1279,#1281,#1283,.T.);
#1279 = VERTEX_POINT('',#1280);
#1280 = CARTESIAN_POINT('',(-215.,-210.,-23.));
#1281 = VERTEX_POINT('',#1282);
#1282 = CARTESIAN_POINT('',(-215.,-210.,23.));
#1283 = SURFACE_CURVE('',#1284,(#1288,#1300),.PCURVE_S1.);
#1284 = LINE('',#1285,#1286);
#1285 = CARTESIAN_POINT('',(-215.,-210.,-23.));
#1286 = VECTOR('',#1287,1.);
#1287 = DIRECTION('',(0.,0.,1.));
#1288 = PCURVE('',#1289,#1294);
#1289 = PLANE('',#1290);
#1290 = AXIS2_PLACEMENT_3D('',#1291,#1292,#1293);
#1291 = CARTESIAN_POINT('',(-215.,-210.,-23.));
#1292 = DIRECTION('',(1.,0.,-0.));
#1293 = DIRECTION('',(0.,0.,1.));
#1294 = DEFINITIONAL_REPRESENTATION('',(#1295),#1299);
#1295 = LINE('',#1296,#1297);
#1296 = CARTESIAN_POINT('',(0.,0.));
#1297 = VECTOR('',#1298,1.);
#1298 = DIRECTION('',(1.,0.));
#1299 = ( GEOMETRIC_REPRESENTATION_CONTEXT(2) 
PARAMETRIC_REPRESENTATION_CONTEXT() REPRESENTATION_CONTEXT('2D SPACE',''
  ) );
#1300 = PCURVE('',#1301,#1306);
#1301 = PLANE('',#1302);
#1302 = AXIS2_PLACEMENT_3D('',#1303,#1304,#1305);
#1303 = CARTESIAN_POINT('',(-215.,-210.,-23.));
#1304 = DIRECTION('',(-0.,1.,0.));
#1305 = DIRECTION('',(0.,0.,1.));
#1306 = DEFINITIONAL_REPRESENTATION('',(#1307),#1311);
#1307 = LINE('',#1308,#1309);
#1308 = CARTESIAN_POINT('',(0.,0.));
#1309 = VECTOR('',#1310,1.);
#1310 = DIRECTION('',(1.,0.));
#1311 = ( GEOMETRIC_REPRESENTATION_CONTEXT(2) 
PARAMETRIC_REPRESENTATION_CONTEXT() REPRESENTATION_CONTEXT('2D SPACE',''
  ) );
#1312 = ORIENTED_EDGE('',*,*,#1313,.T.);
#1313 = EDGE_CURVE('',#1279,#1314,#1316,.T.);
#1314 = VERTEX_POINT('',#1315);
#1315 = CARTESIAN_POINT('',(-215.,210.,-23.));
#1316 = SURFACE_CURVE('',#1317,(#1321,#1328),.PCURVE_S1.);
#1317 = LINE('',#1318,#1319);
#1318 = CARTESIAN_POINT('',(-215.,-210.,-23.));
#1319 = VECTOR('',#1320,1.);
#1320 = DIRECTION('',(-0.,1.,0.));
#1321 = PCURVE('',#1289,#1322);
#1322 = DEFINITIONAL_REPRESENTATION('',(#1323),#1327);
#1323 = LINE('',#1324,#1325);
#1324 = CARTESIAN_POINT('',(0.,0.));
#1325 = VECTOR('',#1326,1.);
#1326 = DIRECTION('',(0.,-1.));
#1327 = ( GEOMETRIC_REPRESENTATION_CONTEXT(2) 
PARAMETRIC_REPRESENTATION_CONTEXT() REPRESENTATION_CONTEXT('2D SPACE',''
  ) );
#1328 = PCURVE('',#1329,#1334);
#1329 = PLANE('',#1330);
#1330 = AXIS2_PLACEMENT_3D('',#1331,#1332,#1333);
#1331 = CARTESIAN_POINT('',(-215.,-210.,-23.));
#1332 = DIRECTION('',(0.,0.,1.));
#1333 = DIRECTION('',(1.,0.,-0.));
#1334 = DEFINITIONAL_REPRESENTATION('',(#1335),#1339);
#1335 = LINE('',#1336,#1337);
#1336 = CARTESIAN_POINT('',(0.,0.));
#1337 = VECTOR('',#1338,1.);
#1338 = DIRECTION('',(0.,1.));
#1339 = ( GEOMETRIC_REPRESENTATION_CONTEXT(2) 
PARAMETRIC_REPRESENTATION_CONTEXT() REPRESENTATION_CONTEXT('2D SPACE',''
  ) );
#1340 = ORIENTED_EDGE('',*,*,#1341,.T.);
#1341 = EDGE_CURVE('',#1314,#1342,#1344,.T.);
#1342 = VERTEX_POINT('',#1343);
#1343 = CARTESIAN_POINT('',(-215.,210.,23.));
#1344 = SURFACE_CURVE('',#1345,(#1349,#1356),.PCURVE_S1.);
#1345 = LINE('',#1346,#1347);
#1346 = CARTESIAN_POINT('',(-215.,210.,-23.));
#1347 = VECTOR('',#1348,1.);
#1348 = DIRECTION('',(0.,0.,1.));
#1349 = PCURVE('',#1289,#1350);
#1350 = DEFINITIONAL_REPRESENTATION('',(#1351),#1355);
#1351 = LINE('',#1352,#1353);
#1352 = CARTESIAN_POINT('',(0.,-420.));
#1353 = VECTOR('',#1354,1.);
#1354 = DIRECTION('',(1.,0.));
#1355 = ( GEOMETRIC_REPRESENTATION_CONTEXT(2) 
PARAMETRIC_REPRESENTATION_CONTEXT() REPRESENTATION_CONTEXT('2D SPACE',''
  ) );
#1356 = PCURVE('',#1357,#1362);
#1357 = PLANE('',#1358);
#1358 = AXIS2_PLACEMENT_3D('',#1359,#1360,#1361);
#1359 = CARTESIAN_POINT('',(-215.,210.,-23.));
#1360 = DIRECTION('',(-0.,1.,0.));
#1361 = DIRECTION('',(0.,0.,1.));
#1362 = DEFINITIONAL_REPRESENTATION('',(#1363),#1367);
#1363 = LINE('',#1364,#1365);
#1364 = CARTESIAN_POINT('',(0.,0.));
#1365 = VECTOR('',#1366,1.);
#1366 = DIRECTION('',(1.,0.));
#1367 = ( GEOMETRIC_REPRESENTATION_CONTEXT(2) 
PARAMETRIC_REPRESENTATION_CONTEXT() REPRESENTATION_CONTEXT('2D SPACE',''
  ) );
#1368 = ORIENTED_EDGE('',*,*,#1369,.F.);
#1369 = EDGE_CURVE('',#1281,#1342,#1370,.T.);
#1370 = SURFACE_CURVE('',#1371,(#1375,#1382),.PCURVE_S1.);
#1371 = LINE('',#1372,#1373);
#1372 = CARTESIAN_POINT('',(-215.,-210.,23.));
#1373 = VECTOR('',#1374,1.);
#1374 = DIRECTION('',(-0.,1.,0.));
#1375 = PCURVE('',#1289,#1376);
#1376 = DEFINITIONAL_REPRESENTATION('',(#1377),#1381);
#1377 = LINE('',#1378,#1379);
#1378 = CARTESIAN_POINT('',(46.,0.));
#1379 = VECTOR('',#1380,1.);
#1380 = DIRECTION('',(0.,-1.));
#1381 = ( GEOMETRIC_REPRESENTATION_CONTEXT(2) 
PARAMETRIC_REPRESENTATION_CONTEXT() REPRESENTATION_CONTEXT('2D SPACE',''
  ) );
#1382 = PCURVE('',#1383,#1388);
#1383 = PLANE('',#1384);
#1384 = AXIS2_PLACEMENT_3D('',#1385,#1386,#1387);
#1385 = CARTESIAN_POINT('',(-215.,-210.,23.));
#1386 = DIRECTION('',(0.,0.,1.));
#1387 = DIRECTION('',(1.,0.,-0.));
#1388 = DEFINITIONAL_REPRESENTATION('',(#1389),#1393);
#1389 = LINE('',#1390,#1391);
#1390 = CARTESIAN_POINT('',(0.,0.));
#1391 = VECTOR('',#1392,1.);
#1392 = DIRECTION('',(0.,1.));
#1393 = ( GEOMETRIC_REPRESENTATION_CONTEXT(2) 
PARAMETRIC_REPRESENTATION_CONTEXT() REPRESENTATION_CONTEXT('2D SPACE',''
  ) );
#1394 = ADVANCED_FACE('',(#1395),#1409,.T.);
#1395 = FACE_BOUND('',#1396,.T.);
#1396 = EDGE_LOOP('',(#1397,#1427,#1450,#1473));
#1397 = ORIENTED_EDGE('',*,*,#1398,.F.);
#1398 = EDGE_CURVE('',#1399,#1401,#1403,.T.);
#1399 = VERTEX_POINT('',#1400);
#1400 = CARTESIAN_POINT('',(215.,-210.,-23.));
#1401 = VERTEX_POINT('',#1402);
#1402 = CARTESIAN_POINT('',(215.,-210.,23.));
#1403 = SURFACE_CURVE('',#1404,(#1408,#1420),.PCURVE_S1.);
#1404 = LINE('',#1405,#1406);
#1405 = CARTESIAN_POINT('',(215.,-210.,-23.));
#1406 = VECTOR('',#1407,1.);
#1407 = DIRECTION('',(0.,0.,1.));
#1408 = PCURVE('',#1409,#1414);
#1409 = PLANE('',#1410);
#1410 = AXIS2_PLACEMENT_3D('',#1411,#1412,#1413);
#1411 = CARTESIAN_POINT('',(215.,-210.,-23.));
#1412 = DIRECTION('',(1.,0.,-0.));
#1413 = DIRECTION('',(0.,0.,1.));
#1414 = DEFINITIONAL_REPRESENTATION('',(#1415),#1419);
#1415 = LINE('',#1416,#1417);
#1416 = CARTESIAN_POINT('',(0.,0.));
#1417 = VECTOR('',#1418,1.);
#1418 = DIRECTION('',(1.,0.));
#1419 = ( GEOMETRIC_REPRESENTATION_CONTEXT(2) 
PARAMETRIC_REPRESENTATION_CONTEXT() REPRESENTATION_CONTEXT('2D SPACE',''
  ) );
#1420 = PCURVE('',#1301,#1421);
#1421 = DEFINITIONAL_REPRESENTATION('',(#1422),#1426);
#1422 = LINE('',#1423,#1424);
#1423 = CARTESIAN_POINT('',(0.,430.));
#1424 = VECTOR('',#1425,1.);
#1425 = DIRECTION('',(1.,0.));
#1426 = ( GEOMETRIC_REPRESENTATION_CONTEXT(2) 
PARAMETRIC_REPRESENTATION_CONTEXT() REPRESENTATION_CONTEXT('2D SPACE',''
  ) );
#1427 = ORIENTED_EDGE('',*,*,#1428,.T.);
#1428 = EDGE_CURVE('',#1399,#1429,#1431,.T.);
#1429 = VERTEX_POINT('',#1430);
#1430 = CARTESIAN_POINT('',(215.,210.,-23.));
#1431 = SURFACE_CURVE('',#1432,(#1436,#1443),.PCURVE_S1.);
#1432 = LINE('',#1433,#1434);
#1433 = CARTESIAN_POINT('',(215.,-210.,-23.));
#1434 = VECTOR('',#1435,1.);
#1435 = DIRECTION('',(-0.,1.,0.));
#1436 = PCURVE('',#1409,#1437);
#1437 = DEFINITIONAL_REPRESENTATION('',(#1438),#1442);
#1438 = LINE('',#1439,#1440);
#1439 = CARTESIAN_POINT('',(0.,0.));
#1440 = VECTOR('',#1441,1.);
#1441 = DIRECTION('',(0.,-1.));
#1442 = ( GEOMETRIC_REPRESENTATION_CONTEXT(2) 
PARAMETRIC_REPRESENTATION_CONTEXT() REPRESENTATION_CONTEXT('2D SPACE',''
  ) );
#1443 = PCURVE('',#1329,#1444);
#1444 = DEFINITIONAL_REPRESENTATION('',(#1445),#1449);
#1445 = LINE('',#1446,#1447);
#1446 = CARTESIAN_POINT('',(430.,0.));
#1447 = VECTOR('',#1448,1.);
#1448 = DIRECTION('',(0.,1.));
#1449 = ( GEOMETRIC_REPRESENTATION_CONTEXT(2) 
PARAMETRIC_REPRESENTATION_CONTEXT() REPRESENTATION_CONTEXT('2D SPACE',''
  ) );
#1450 = ORIENTED_EDGE('',*,*,#1451,.T.);
#1451 = EDGE_CURVE('',#1429,#1452,#1454,.T.);
#1452 = VERTEX_POINT('',#1453);
#1453 = CARTESIAN_POINT('',(215.,210.,23.));
#1454 = SURFACE_CURVE('',#1455,(#1459,#1466),.PCURVE_S1.);
#1455 = LINE('',#1456,#1457);
#1456 = CARTESIAN_POINT('',(215.,210.,-23.));
#1457 = VECTOR('',#1458,1.);
#1458 = DIRECTION('',(0.,0.,1.));
#1459 = PCURVE('',#1409,#1460);
#1460 = DEFINITIONAL_REPRESENTATION('',(#1461),#1465);
#1461 = LINE('',#1462,#1463);
#1462 = CARTESIAN_POINT('',(0.,-420.));
#1463 = VECTOR('',#1464,1.);
#1464 = DIRECTION('',(1.,0.));
#1465 = ( GEOMETRIC_REPRESENTATION_CONTEXT(2) 
PARAMETRIC_REPRESENTATION_CONTEXT() REPRESENTATION_CONTEXT('2D SPACE',''
  ) );
#1466 = PCURVE('',#1357,#1467);
#1467 = DEFINITIONAL_REPRESENTATION('',(#1468),#1472);
#1468 = LINE('',#1469,#1470);
#1469 = CARTESIAN_POINT('',(0.,430.));
#1470 = VECTOR('',#1471,1.);
#1471 = DIRECTION('',(1.,0.));
#1472 = ( GEOMETRIC_REPRESENTATION_CONTEXT(2) 
PARAMETRIC_REPRESENTATION_CONTEXT() REPRESENTATION_CONTEXT('2D SPACE',''
  ) );
#1473 = ORIENTED_EDGE('',*,*,#1474,.F.);
#1474 = EDGE_CURVE('',#1401,#1452,#1475,.T.);
#1475 = SURFACE_CURVE('',#1476,(#1480,#1487),.PCURVE_S1.);
#1476 = LINE('',#1477,#1478);
#1477 = CARTESIAN_POINT('',(215.,-210.,23.));
#1478 = VECTOR('',#1479,1.);
#1479 = DIRECTION('',(-0.,1.,0.));
#1480 = PCURVE('',#1409,#1481);
#1481 = DEFINITIONAL_REPRESENTATION('',(#1482),#1486);
#1482 = LINE('',#1483,#1484);
#1483 = CARTESIAN_POINT('',(46.,0.));
#1484 = VECTOR('',#1485,1.);
#1485 = DIRECTION('',(0.,-1.));
#1486 = ( GEOMETRIC_REPRESENTATION_CONTEXT(2) 
PARAMETRIC_REPRESENTATION_CONTEXT() REPRESENTATION_CONTEXT('2D SPACE',''
  ) );
#1487 = PCURVE('',#1383,#1488);
#1488 = DEFINITIONAL_REPRESENTATION('',(#1489),#1493);
#1489 = LINE('',#1490,#1491);
#1490 = CARTESIAN_POINT('',(430.,0.));
#1491 = VECTOR('',#1492,1.);
#1492 = DIRECTION('',(0.,1.));
#1493 = ( GEOMETRIC_REPRESENTATION_CONTEXT(2) 
PARAMETRIC_REPRESENTATION_CONTEXT() REPRESENTATION_CONTEXT('2D SPACE',''
  ) );
#1494 = ADVANCED_FACE('',(#1495),#1301,.F.);
#1495 = FACE_BOUND('',#1496,.F.);
#1496 = EDGE_LOOP('',(#1497,#1518,#1519,#1540));
#1497 = ORIENTED_EDGE('',*,*,#1498,.F.);
#1498 = EDGE_CURVE('',#1279,#1399,#1499,.T.);
#1499 = SURFACE_CURVE('',#1500,(#1504,#1511),.PCURVE_S1.);
#1500 = LINE('',#1501,#1502);
#1501 = CARTESIAN_POINT('',(-215.,-210.,-23.));
#1502 = VECTOR('',#1503,1.);
#1503 = DIRECTION('',(1.,0.,-0.));
#1504 = PCURVE('',#1301,#1505);
#1505 = DEFINITIONAL_REPRESENTATION('',(#1506),#1510);
#1506 = LINE('',#1507,#1508);
#1507 = CARTESIAN_POINT('',(0.,0.));
#1508 = VECTOR('',#1509,1.);
#1509 = DIRECTION('',(0.,1.));
#1510 = ( GEOMETRIC_REPRESENTATION_CONTEXT(2) 
PARAMETRIC_REPRESENTATION_CONTEXT() REPRESENTATION_CONTEXT('2D SPACE',''
  ) );
#1511 = PCURVE('',#1329,#1512);
#1512 = DEFINITIONAL_REPRESENTATION('',(#1513),#1517);
#1513 = LINE('',#1514,#1515);
#1514 = CARTESIAN_POINT('',(0.,0.));
#1515 = VECTOR('',#1516,1.);
#1516 = DIRECTION('',(1.,0.));
#1517 = ( GEOMETRIC_REPRESENTATION_CONTEXT(2) 
PARAMETRIC_REPRESENTATION_CONTEXT() REPRESENTATION_CONTEXT('2D SPACE',''
  ) );
#1518 = ORIENTED_EDGE('',*,*,#1278,.T.);
#1519 = ORIENTED_EDGE('',*,*,#1520,.T.);
#1520 = EDGE_CURVE('',#1281,#1401,#1521,.T.);
#1521 = SURFACE_CURVE('',#1522,(#1526,#1533),.PCURVE_S1.);
#1522 = LINE('',#1523,#1524);
#1523 = CARTESIAN_POINT('',(-215.,-210.,23.));
#1524 = VECTOR('',#1525,1.);
#1525 = DIRECTION('',(1.,0.,-0.));
#1526 = PCURVE('',#1301,#1527);
#1527 = DEFINITIONAL_REPRESENTATION('',(#1528),#1532);
#1528 = LINE('',#1529,#1530);
#1529 = CARTESIAN_POINT('',(46.,0.));
#1530 = VECTOR('',#1531,1.);
#1531 = DIRECTION('',(0.,1.));
#1532 = ( GEOMETRIC_REPRESENTATION_CONTEXT(2) 
PARAMETRIC_REPRESENTATION_CONTEXT() REPRESENTATION_CONTEXT('2D SPACE',''
  ) );
#1533 = PCURVE('',#1383,#1534);
#1534 = DEFINITIONAL_REPRESENTATION('',(#1535),#1539);
#1535 = LINE('',#1536,#1537);
#1536 = CARTESIAN_POINT('',(0.,0.));
#1537 = VECTOR('',#1538,1.);
#1538 = DIRECTION('',(1.,0.));
#1539 = ( GEOMETRIC_REPRESENTATION_CONTEXT(2) 
PARAMETRIC_REPRESENTATION_CONTEXT() REPRESENTATION_CONTEXT('2D SPACE',''
  ) );
#1540 = ORIENTED_EDGE('',*,*,#1398,.F.);
#1541 = ADVANCED_FACE('',(#1542),#1357,.T.);
#1542 = FACE_BOUND('',#1543,.T.);
#1543 = EDGE_LOOP('',(#1544,#1565,#1566,#1587));
#1544 = ORIENTED_EDGE('',*,*,#1545,.F.);
#1545 = EDGE_CURVE('',#1314,#1429,#1546,.T.);
#1546 = SURFACE_CURVE('',#1547,(#1551,#1558),.PCURVE_S1.);
#1547 = LINE('',#1548,#1549);
#1548 = CARTESIAN_POINT('',(-215.,210.,-23.));
#1549 = VECTOR('',#1550,1.);
#1550 = DIRECTION('',(1.,0.,-0.));
#1551 = PCURVE('',#1357,#1552);
#1552 = DEFINITIONAL_REPRESENTATION('',(#1553),#1557);
#1553 = LINE('',#1554,#1555);
#1554 = CARTESIAN_POINT('',(0.,0.));
#1555 = VECTOR('',#1556,1.);
#1556 = DIRECTION('',(0.,1.));
#1557 = ( GEOMETRIC_REPRESENTATION_CONTEXT(2) 
PARAMETRIC_REPRESENTATION_CONTEXT() REPRESENTATION_CONTEXT('2D SPACE',''
  ) );
#1558 = PCURVE('',#1329,#1559);
#1559 = DEFINITIONAL_REPRESENTATION('',(#1560),#1564);
#1560 = LINE('',#1561,#1562);
#1561 = CARTESIAN_POINT('',(0.,420.));
#1562 = VECTOR('',#1563,1.);
#1563 = DIRECTION('',(1.,0.));
#1564 = ( GEOMETRIC_REPRESENTATION_CONTEXT(2) 
PARAMETRIC_REPRESENTATION_CONTEXT() REPRESENTATION_CONTEXT('2D SPACE',''
  ) );
#1565 = ORIENTED_EDGE('',*,*,#1341,.T.);
#1566 = ORIENTED_EDGE('',*,*,#1567,.T.);
#1567 = EDGE_CURVE('',#1342,#1452,#1568,.T.);
#1568 = SURFACE_CURVE('',#1569,(#1573,#1580),.PCURVE_S1.);
#1569 = LINE('',#1570,#1571);
#1570 = CARTESIAN_POINT('',(-215.,210.,23.));
#1571 = VECTOR('',#1572,1.);
#1572 = DIRECTION('',(1.,0.,-0.));
#1573 = PCURVE('',#1357,#1574);
#1574 = DEFINITIONAL_REPRESENTATION('',(#1575),#1579);
#1575 = LINE('',#1576,#1577);
#1576 = CARTESIAN_POINT('',(46.,0.));
#1577 = VECTOR('',#1578,1.);
#1578 = DIRECTION('',(0.,1.));
#1579 = ( GEOMETRIC_REPRESENTATION_CONTEXT(2) 
PARAMETRIC_REPRESENTATION_CONTEXT() REPRESENTATION_CONTEXT('2D SPACE',''
  ) );
#1580 = PCURVE('',#1383,#1581);
#1581 = DEFINITIONAL_REPRESENTATION('',(#1582),#1586);
#1582 = LINE('',#1583,#1584);
#1583 = CARTESIAN_POINT('',(0.,420.));
#1584 = VECTOR('',#1585,1.);
#1585 = DIRECTION('',(1.,0.));
#1586 = ( GEOMETRIC_REPRESENTATION_CONTEXT(2) 
PARAMETRIC_REPRESENTATION_CONTEXT() REPRESENTATION_CONTEXT('2D SPACE',''
  ) );
#1587 = ORIENTED_EDGE('',*,*,#1451,.F.);
#1588 = ADVANCED_FACE('',(#1589),#1329,.F.);
#1589 = FACE_BOUND('',#1590,.F.);
#1590 = EDGE_LOOP('',(#1591,#1592,#1593,#1594));
#1591 = ORIENTED_EDGE('',*,*,#1313,.F.);
#1592 = ORIENTED_EDGE('',*,*,#1498,.T.);
#1593 = ORIENTED_EDGE('',*,*,#1428,.T.);
#1594 = ORIENTED_EDGE('',*,*,#1545,.F.);
#1595 = ADVANCED_FACE('',(#1596),#1383,.T.);
#1596 = FACE_BOUND('',#1597,.T.);
#1597 = EDGE_LOOP('',(#1598,#1599,#1600,#1601));
#1598 = ORIENTED_EDGE('',*,*,#1369,.F.);
#1599 = ORIENTED_EDGE('',*,*,#1520,.T.);
#1600 = ORIENTED_EDGE('',*,*,#1474,.T.);
#1601 = ORIENTED_EDGE('',*,*,#1567,.F.);
#1602 = ( GEOMETRIC_REPRESENTATION_CONTEXT(3) 
GLOBAL_UNCERTAINTY_ASSIGNED_CONTEXT((#1606)) 
GLOBAL_UNIT_ASSIGNED_CONTEXT((#1603,#1604,#1605)) REPRESENTATION_CONTEXT
('Context #1','3D Context with UNIT and UNCERTAINTY') );
#1603 = ( LENGTH_UNIT() NAMED_UNIT(*) SI_UNIT(.MILLI.,.METRE.) );
#1604 = ( NAMED_UNIT(*) PLANE_ANGLE_UNIT() SI_UNIT($,.RADIAN.) );
#1605 = ( NAMED_UNIT(*) SI_UNIT($,.STERADIAN.) SOLID_ANGLE_UNIT() );
#1606 = UNCERTAINTY_MEASURE_WITH_UNIT(LENGTH_MEASURE(1.E-07),#1603,
  'distance_accuracy_value','confusion accuracy');
#1607 = CONTEXT_DEPENDENT_SHAPE_REPRESENTATION(#1608,#1610);
#1608 = ( REPRESENTATION_RELATIONSHIP('','',#1271,#10) 
REPRESENTATION_RELATIONSHIP_WITH_TRANSFORMATION(#1609) 
SHAPE_REPRESENTATION_RELATIONSHIP() );
#1609 = ITEM_DEFINED_TRANSFORMATION('','',#11,#27);
#1610 = PRODUCT_DEFINITION_SHAPE('Placement','Placement of an item',
  #1611);
#1611 = NEXT_ASSEMBLY_USAGE_OCCURRENCE('4','=>[0:1:1:5]','',#5,#1266,$);
#1612 = PRODUCT_RELATED_PRODUCT_CATEGORY('part',$,(#1268));
#1613 = SHAPE_DEFINITION_REPRESENTATION(#1614,#1620);
#1614 = PRODUCT_DEFINITION_SHAPE('','',#1615);
#1615 = PRODUCT_DEFINITION('design','',#1616,#1619);
#1616 = PRODUCT_DEFINITION_FORMATION('','',#1617);
#1617 = PRODUCT('COMPOUND','COMPOUND','',(#1618));
#1618 = PRODUCT_CONTEXT('',#2,'mechanical');
#1619 = PRODUCT_DEFINITION_CONTEXT('part definition',#2,'design');
#1620 = ADVANCED_BREP_SHAPE_REPRESENTATION('',(#11,#1621),#1951);
#1621 = MANIFOLD_SOLID_BREP('',#1622);
#1622 = CLOSED_SHELL('',(#1623,#1743,#1843,#1890,#1937,#1944));
#1623 = ADVANCED_FACE('',(#1624),#1638,.F.);
#1624 = FACE_BOUND('',#1625,.F.);
#1625 = EDGE_LOOP('',(#1626,#1661,#1689,#1717));
#1626 = ORIENTED_EDGE('',*,*,#1627,.F.);
#1627 = EDGE_CURVE('',#1628,#1630,#1632,.T.);
#1628 = VERTEX_POINT('',#1629);
#1629 = CARTESIAN_POINT('',(-630.,-215.,-14.));
#1630 = VERTEX_POINT('',#1631);
#1631 = CARTESIAN_POINT('',(-630.,-215.,14.));
#1632 = SURFACE_CURVE('',#1633,(#1637,#1649),.PCURVE_S1.);
#1633 = LINE('',#1634,#1635);
#1634 = CARTESIAN_POINT('',(-630.,-215.,-14.));
#1635 = VECTOR('',#1636,1.);
#1636 = DIRECTION('',(0.,0.,1.));
#1637 = PCURVE('',#1638,#1643);
#1638 = PLANE('',#1639);
#1639 = AXIS2_PLACEMENT_3D('',#1640,#1641,#1642);
#1640 = CARTESIAN_POINT('',(-630.,-215.,-14.));
#1641 = DIRECTION('',(1.,0.,-0.));
#1642 = DIRECTION('',(0.,0.,1.));
#1643 = DEFINITIONAL_REPRESENTATION('',(#1644),#1648);
#1644 = LINE('',#1645,#1646);
#1645 = CARTESIAN_POINT('',(0.,0.));
#1646 = VECTOR('',#1647,1.);
#1647 = DIRECTION('',(1.,0.));
#1648 = ( GEOMETRIC_REPRESENTATION_CONTEXT(2) 
PARAMETRIC_REPRESENTATION_CONTEXT() REPRESENTATION_CONTEXT('2D SPACE',''
  ) );
#1649 = PCURVE('',#1650,#1655);
#1650 = PLANE('',#1651);
#1651 = AXIS2_PLACEMENT_3D('',#1652,#1653,#1654);
#1652 = CARTESIAN_POINT('',(-630.,-215.,-14.));
#1653 = DIRECTION('',(-0.,1.,0.));
#1654 = DIRECTION('',(0.,0.,1.));
#1655 = DEFINITIONAL_REPRESENTATION('',(#1656),#1660);
#1656 = LINE('',#1657,#1658);
#1657 = CARTESIAN_POINT('',(0.,0.));
#1658 = VECTOR('',#1659,1.);
#1659 = DIRECTION('',(1.,0.));
#1660 = ( GEOMETRIC_REPRESENTATION_CONTEXT(2) 
PARAMETRIC_REPRESENTATION_CONTEXT() REPRESENTATION_CONTEXT('2D SPACE',''
  ) );
#1661 = ORIENTED_EDGE('',*,*,#1662,.T.);
#1662 = EDGE_CURVE('',#1628,#1663,#1665,.T.);
#1663 = VERTEX_POINT('',#1664);
#1664 = CARTESIAN_POINT('',(-630.,215.,-14.));
#1665 = SURFACE_CURVE('',#1666,(#1670,#1677),.PCURVE_S1.);
#1666 = LINE('',#1667,#1668);
#1667 = CARTESIAN_POINT('',(-630.,-215.,-14.));
#1668 = VECTOR('',#1669,1.);
#1669 = DIRECTION('',(-0.,1.,0.));
#1670 = PCURVE('',#1638,#1671);
#1671 = DEFINITIONAL_REPRESENTATION('',(#1672),#1676);
#1672 = LINE('',#1673,#1674);
#1673 = CARTESIAN_POINT('',(0.,0.));
#1674 = VECTOR('',#1675,1.);
#1675 = DIRECTION('',(0.,-1.));
#1676 = ( GEOMETRIC_REPRESENTATION_CONTEXT(2) 
PARAMETRIC_REPRESENTATION_CONTEXT() REPRESENTATION_CONTEXT('2D SPACE',''
  ) );
#1677 = PCURVE('',#1678,#1683);
#1678 = PLANE('',#1679);
#1679 = AXIS2_PLACEMENT_3D('',#1680,#1681,#1682);
#1680 = CARTESIAN_POINT('',(-630.,-215.,-14.));
#1681 = DIRECTION('',(0.,0.,1.));
#1682 = DIRECTION('',(1.,0.,-0.));
#1683 = DEFINITIONAL_REPRESENTATION('',(#1684),#1688);
#1684 = LINE('',#1685,#1686);
#1685 = CARTESIAN_POINT('',(0.,0.));
#1686 = VECTOR('',#1687,1.);
#1687 = DIRECTION('',(0.,1.));
#1688 = ( GEOMETRIC_REPRESENTATION_CONTEXT(2) 
PARAMETRIC_REPRESENTATION_CONTEXT() REPRESENTATION_CONTEXT('2D SPACE',''
  ) );
#1689 = ORIENTED_EDGE('',*,*,#1690,.T.);
#1690 = EDGE_CURVE('',#1663,#1691,#1693,.T.);
#1691 = VERTEX_POINT('',#1692);
#1692 = CARTESIAN_POINT('',(-630.,215.,14.));
#1693 = SURFACE_CURVE('',#1694,(#1698,#1705),.PCURVE_S1.);
#1694 = LINE('',#1695,#1696);
#1695 = CARTESIAN_POINT('',(-630.,215.,-14.));
#1696 = VECTOR('',#1697,1.);
#1697 = DIRECTION('',(0.,0.,1.));
#1698 = PCURVE('',#1638,#1699);
#1699 = DEFINITIONAL_REPRESENTATION('',(#1700),#1704);
#1700 = LINE('',#1701,#1702);
#1701 = CARTESIAN_POINT('',(0.,-430.));
#1702 = VECTOR('',#1703,1.);
#1703 = DIRECTION('',(1.,0.));
#1704 = ( GEOMETRIC_REPRESENTATION_CONTEXT(2) 
PARAMETRIC_REPRESENTATION_CONTEXT() REPRESENTATION_CONTEXT('2D SPACE',''
  ) );
#1705 = PCURVE('',#1706,#1711);
#1706 = PLANE('',#1707);
#1707 = AXIS2_PLACEMENT_3D('',#1708,#1709,#1710);
#1708 = CARTESIAN_POINT('',(-630.,215.,-14.));
#1709 = DIRECTION('',(-0.,1.,0.));
#1710 = DIRECTION('',(0.,0.,1.));
#1711 = DEFINITIONAL_REPRESENTATION('',(#1712),#1716);
#1712 = LINE('',#1713,#1714);
#1713 = CARTESIAN_POINT('',(0.,0.));
#1714 = VECTOR('',#1715,1.);
#1715 = DIRECTION('',(1.,0.));
#1716 = ( GEOMETRIC_REPRESENTATION_CONTEXT(2) 
PARAMETRIC_REPRESENTATION_CONTEXT() REPRESENTATION_CONTEXT('2D SPACE',''
  ) );
#1717 = ORIENTED_EDGE('',*,*,#1718,.F.);
#1718 = EDGE_CURVE('',#1630,#1691,#1719,.T.);
#1719 = SURFACE_CURVE('',#1720,(#1724,#1731),.PCURVE_S1.);
#1720 = LINE('',#1721,#1722);
#1721 = CARTESIAN_POINT('',(-630.,-215.,14.));
#1722 = VECTOR('',#1723,1.);
#1723 = DIRECTION('',(-0.,1.,0.));
#1724 = PCURVE('',#1638,#1725);
#1725 = DEFINITIONAL_REPRESENTATION('',(#1726),#1730);
#1726 = LINE('',#1727,#1728);
#1727 = CARTESIAN_POINT('',(28.,0.));
#1728 = VECTOR('',#1729,1.);
#1729 = DIRECTION('',(0.,-1.));
#1730 = ( GEOMETRIC_REPRESENTATION_CONTEXT(2) 
PARAMETRIC_REPRESENTATION_CONTEXT() REPRESENTATION_CONTEXT('2D SPACE',''
  ) );
#1731 = PCURVE('',#1732,#1737);
#1732 = PLANE('',#1733);
#1733 = AXIS2_PLACEMENT_3D('',#1734,#1735,#1736);
#1734 = CARTESIAN_POINT('',(-630.,-215.,14.));
#1735 = DIRECTION('',(0.,0.,1.));
#1736 = DIRECTION('',(1.,0.,-0.));
#1737 = DEFINITIONAL_REPRESENTATION('',(#1738),#1742);
#1738 = LINE('',#1739,#1740);
#1739 = CARTESIAN_POINT('',(0.,0.));
#1740 = VECTOR('',#1741,1.);
#1741 = DIRECTION('',(0.,1.));
#1742 = ( GEOMETRIC_REPRESENTATION_CONTEXT(2) 
PARAMETRIC_REPRESENTATION_CONTEXT() REPRESENTATION_CONTEXT('2D SPACE',''
  ) );
#1743 = ADVANCED_FACE('',(#1744),#1758,.T.);
#1744 = FACE_BOUND('',#1745,.T.);
#1745 = EDGE_LOOP('',(#1746,#1776,#1799,#1822));
#1746 = ORIENTED_EDGE('',*,*,#1747,.F.);
#1747 = EDGE_CURVE('',#1748,#1750,#1752,.T.);
#1748 = VERTEX_POINT('',#1749);
#1749 = CARTESIAN_POINT('',(630.,-215.,-14.));
#1750 = VERTEX_POINT('',#1751);
#1751 = CARTESIAN_POINT('',(630.,-215.,14.));
#1752 = SURFACE_CURVE('',#1753,(#1757,#1769),.PCURVE_S1.);
#1753 = LINE('',#1754,#1755);
#1754 = CARTESIAN_POINT('',(630.,-215.,-14.));
#1755 = VECTOR('',#1756,1.);
#1756 = DIRECTION('',(0.,0.,1.));
#1757 = PCURVE('',#1758,#1763);
#1758 = PLANE('',#1759);
#1759 = AXIS2_PLACEMENT_3D('',#1760,#1761,#1762);
#1760 = CARTESIAN_POINT('',(630.,-215.,-14.));
#1761 = DIRECTION('',(1.,0.,-0.));
#1762 = DIRECTION('',(0.,0.,1.));
#1763 = DEFINITIONAL_REPRESENTATION('',(#1764),#1768);
#1764 = LINE('',#1765,#1766);
#1765 = CARTESIAN_POINT('',(0.,0.));
#1766 = VECTOR('',#1767,1.);
#1767 = DIRECTION('',(1.,0.));
#1768 = ( GEOMETRIC_REPRESENTATION_CONTEXT(2) 
PARAMETRIC_REPRESENTATION_CONTEXT() REPRESENTATION_CONTEXT('2D SPACE',''
  ) );
#1769 = PCURVE('',#1650,#1770);
#1770 = DEFINITIONAL_REPRESENTATION('',(#1771),#1775);
#1771 = LINE('',#1772,#1773);
#1772 = CARTESIAN_POINT('',(0.,1.26E+03));
#1773 = VECTOR('',#1774,1.);
#1774 = DIRECTION('',(1.,0.));
#1775 = ( GEOMETRIC_REPRESENTATION_CONTEXT(2) 
PARAMETRIC_REPRESENTATION_CONTEXT() REPRESENTATION_CONTEXT('2D SPACE',''
  ) );
#1776 = ORIENTED_EDGE('',*,*,#1777,.T.);
#1777 = EDGE_CURVE('',#1748,#1778,#1780,.T.);
#1778 = VERTEX_POINT('',#1779);
#1779 = CARTESIAN_POINT('',(630.,215.,-14.));
#1780 = SURFACE_CURVE('',#1781,(#1785,#1792),.PCURVE_S1.);
#1781 = LINE('',#1782,#1783);
#1782 = CARTESIAN_POINT('',(630.,-215.,-14.));
#1783 = VECTOR('',#1784,1.);
#1784 = DIRECTION('',(-0.,1.,0.));
#1785 = PCURVE('',#1758,#1786);
#1786 = DEFINITIONAL_REPRESENTATION('',(#1787),#1791);
#1787 = LINE('',#1788,#1789);
#1788 = CARTESIAN_POINT('',(0.,0.));
#1789 = VECTOR('',#1790,1.);
#1790 = DIRECTION('',(0.,-1.));
#1791 = ( GEOMETRIC_REPRESENTATION_CONTEXT(2) 
PARAMETRIC_REPRESENTATION_CONTEXT() REPRESENTATION_CONTEXT('2D SPACE',''
  ) );
#1792 = PCURVE('',#1678,#1793);
#1793 = DEFINITIONAL_REPRESENTATION('',(#1794),#1798);
#1794 = LINE('',#1795,#1796);
#1795 = CARTESIAN_POINT('',(1.26E+03,0.));
#1796 = VECTOR('',#1797,1.);
#1797 = DIRECTION('',(0.,1.));
#1798 = ( GEOMETRIC_REPRESENTATION_CONTEXT(2) 
PARAMETRIC_REPRESENTATION_CONTEXT() REPRESENTATION_CONTEXT('2D SPACE',''
  ) );
#1799 = ORIENTED_EDGE('',*,*,#1800,.T.);
#1800 = EDGE_CURVE('',#1778,#1801,#1803,.T.);
#1801 = VERTEX_POINT('',#1802);
#1802 = CARTESIAN_POINT('',(630.,215.,14.));
#1803 = SURFACE_CURVE('',#1804,(#1808,#1815),.PCURVE_S1.);
#1804 = LINE('',#1805,#1806);
#1805 = CARTESIAN_POINT('',(630.,215.,-14.));
#1806 = VECTOR('',#1807,1.);
#1807 = DIRECTION('',(0.,0.,1.));
#1808 = PCURVE('',#1758,#1809);
#1809 = DEFINITIONAL_REPRESENTATION('',(#1810),#1814);
#1810 = LINE('',#1811,#1812);
#1811 = CARTESIAN_POINT('',(0.,-430.));
#1812 = VECTOR('',#1813,1.);
#1813 = DIRECTION('',(1.,0.));
#1814 = ( GEOMETRIC_REPRESENTATION_CONTEXT(2) 
PARAMETRIC_REPRESENTATION_CONTEXT() REPRESENTATION_CONTEXT('2D SPACE',''
  ) );
#1815 = PCURVE('',#1706,#1816);
#1816 = DEFINITIONAL_REPRESENTATION('',(#1817),#1821);
#1817 = LINE('',#1818,#1819);
#1818 = CARTESIAN_POINT('',(0.,1.26E+03));
#1819 = VECTOR('',#1820,1.);
#1820 = DIRECTION('',(1.,0.));
#1821 = ( GEOMETRIC_REPRESENTATION_CONTEXT(2) 
PARAMETRIC_REPRESENTATION_CONTEXT() REPRESENTATION_CONTEXT('2D SPACE',''
  ) );
#1822 = ORIENTED_EDGE('',*,*,#1823,.F.);
#1823 = EDGE_CURVE('',#1750,#1801,#1824,.T.);
#1824 = SURFACE_CURVE('',#1825,(#1829,#1836),.PCURVE_S1.);
#1825 = LINE('',#1826,#1827);
#1826 = CARTESIAN_POINT('',(630.,-215.,14.));
#1827 = VECTOR('',#1828,1.);
#1828 = DIRECTION('',(-0.,1.,0.));
#1829 = PCURVE('',#1758,#1830);
#1830 = DEFINITIONAL_REPRESENTATION('',(#1831),#1835);
#1831 = LINE('',#1832,#1833);
#1832 = CARTESIAN_POINT('',(28.,0.));
#1833 = VECTOR('',#1834,1.);
#1834 = DIRECTION('',(0.,-1.));
#1835 = ( GEOMETRIC_REPRESENTATION_CONTEXT(2) 
PARAMETRIC_REPRESENTATION_CONTEXT() REPRESENTATION_CONTEXT('2D SPACE',''
  ) );
#1836 = PCURVE('',#1732,#1837);
#1837 = DEFINITIONAL_REPRESENTATION('',(#1838),#1842);
#1838 = LINE('',#1839,#1840);
#1839 = CARTESIAN_POINT('',(1.26E+03,0.));
#1840 = VECTOR('',#1841,1.);
#1841 = DIRECTION('',(0.,1.));
#1842 = ( GEOMETRIC_REPRESENTATION_CONTEXT(2) 
PARAMETRIC_REPRESENTATION_CONTEXT() REPRESENTATION_CONTEXT('2D SPACE',''
  ) );
#1843 = ADVANCED_FACE('',(#1844),#1650,.F.);
#1844 = FACE_BOUND('',#1845,.F.);
#1845 = EDGE_LOOP('',(#1846,#1867,#1868,#1889));
#1846 = ORIENTED_EDGE('',*,*,#1847,.F.);
#1847 = EDGE_CURVE('',#1628,#1748,#1848,.T.);
#1848 = SURFACE_CURVE('',#1849,(#1853,#1860),.PCURVE_S1.);
#1849 = LINE('',#1850,#1851);
#1850 = CARTESIAN_POINT('',(-630.,-215.,-14.));
#1851 = VECTOR('',#1852,1.);
#1852 = DIRECTION('',(1.,0.,-0.));
#1853 = PCURVE('',#1650,#1854);
#1854 = DEFINITIONAL_REPRESENTATION('',(#1855),#1859);
#1855 = LINE('',#1856,#1857);
#1856 = CARTESIAN_POINT('',(0.,0.));
#1857 = VECTOR('',#1858,1.);
#1858 = DIRECTION('',(0.,1.));
#1859 = ( GEOMETRIC_REPRESENTATION_CONTEXT(2) 
PARAMETRIC_REPRESENTATION_CONTEXT() REPRESENTATION_CONTEXT('2D SPACE',''
  ) );
#1860 = PCURVE('',#1678,#1861);
#1861 = DEFINITIONAL_REPRESENTATION('',(#1862),#1866);
#1862 = LINE('',#1863,#1864);
#1863 = CARTESIAN_POINT('',(0.,0.));
#1864 = VECTOR('',#1865,1.);
#1865 = DIRECTION('',(1.,0.));
#1866 = ( GEOMETRIC_REPRESENTATION_CONTEXT(2) 
PARAMETRIC_REPRESENTATION_CONTEXT() REPRESENTATION_CONTEXT('2D SPACE',''
  ) );
#1867 = ORIENTED_EDGE('',*,*,#1627,.T.);
#1868 = ORIENTED_EDGE('',*,*,#1869,.T.);
#1869 = EDGE_CURVE('',#1630,#1750,#1870,.T.);
#1870 = SURFACE_CURVE('',#1871,(#1875,#1882),.PCURVE_S1.);
#1871 = LINE('',#1872,#1873);
#1872 = CARTESIAN_POINT('',(-630.,-215.,14.));
#1873 = VECTOR('',#1874,1.);
#1874 = DIRECTION('',(1.,0.,-0.));
#1875 = PCURVE('',#1650,#1876);
#1876 = DEFINITIONAL_REPRESENTATION('',(#1877),#1881);
#1877 = LINE('',#1878,#1879);
#1878 = CARTESIAN_POINT('',(28.,0.));
#1879 = VECTOR('',#1880,1.);
#1880 = DIRECTION('',(0.,1.));
#1881 = ( GEOMETRIC_REPRESENTATION_CONTEXT(2) 
PARAMETRIC_REPRESENTATION_CONTEXT() REPRESENTATION_CONTEXT('2D SPACE',''
  ) );
#1882 = PCURVE('',#1732,#1883);
#1883 = DEFINITIONAL_REPRESENTATION('',(#1884),#1888);
#1884 = LINE('',#1885,#1886);
#1885 = CARTESIAN_POINT('',(0.,0.));
#1886 = VECTOR('',#1887,1.);
#1887 = DIRECTION('',(1.,0.));
#1888 = ( GEOMETRIC_REPRESENTATION_CONTEXT(2) 
PARAMETRIC_REPRESENTATION_CONTEXT() REPRESENTATION_CONTEXT('2D SPACE',''
  ) );
#1889 = ORIENTED_EDGE('',*,*,#1747,.F.);
#1890 = ADVANCED_FACE('',(#1891),#1706,.T.);
#1891 = FACE_BOUND('',#1892,.T.);
#1892 = EDGE_LOOP('',(#1893,#1914,#1915,#1936));
#1893 = ORIENTED_EDGE('',*,*,#1894,.F.);
#1894 = EDGE_CURVE('',#1663,#1778,#1895,.T.);
#1895 = SURFACE_CURVE('',#1896,(#1900,#1907),.PCURVE_S1.);
#1896 = LINE('',#1897,#1898);
#1897 = CARTESIAN_POINT('',(-630.,215.,-14.));
#1898 = VECTOR('',#1899,1.);
#1899 = DIRECTION('',(1.,0.,-0.));
#1900 = PCURVE('',#1706,#1901);
#1901 = DEFINITIONAL_REPRESENTATION('',(#1902),#1906);
#1902 = LINE('',#1903,#1904);
#1903 = CARTESIAN_POINT('',(0.,0.));
#1904 = VECTOR('',#1905,1.);
#1905 = DIRECTION('',(0.,1.));
#1906 = ( GEOMETRIC_REPRESENTATION_CONTEXT(2) 
PARAMETRIC_REPRESENTATION_CONTEXT() REPRESENTATION_CONTEXT('2D SPACE',''
  ) );
#1907 = PCURVE('',#1678,#1908);
#1908 = DEFINITIONAL_REPRESENTATION('',(#1909),#1913);
#1909 = LINE('',#1910,#1911);
#1910 = CARTESIAN_POINT('',(0.,430.));
#1911 = VECTOR('',#1912,1.);
#1912 = DIRECTION('',(1.,0.));
#1913 = ( GEOMETRIC_REPRESENTATION_CONTEXT(2) 
PARAMETRIC_REPRESENTATION_CONTEXT() REPRESENTATION_CONTEXT('2D SPACE',''
  ) );
#1914 = ORIENTED_EDGE('',*,*,#1690,.T.);
#1915 = ORIENTED_EDGE('',*,*,#1916,.T.);
#1916 = EDGE_CURVE('',#1691,#1801,#1917,.T.);
#1917 = SURFACE_CURVE('',#1918,(#1922,#1929),.PCURVE_S1.);
#1918 = LINE('',#1919,#1920);
#1919 = CARTESIAN_POINT('',(-630.,215.,14.));
#1920 = VECTOR('',#1921,1.);
#1921 = DIRECTION('',(1.,0.,-0.));
#1922 = PCURVE('',#1706,#1923);
#1923 = DEFINITIONAL_REPRESENTATION('',(#1924),#1928);
#1924 = LINE('',#1925,#1926);
#1925 = CARTESIAN_POINT('',(28.,0.));
#1926 = VECTOR('',#1927,1.);
#1927 = DIRECTION('',(0.,1.));
#1928 = ( GEOMETRIC_REPRESENTATION_CONTEXT(2) 
PARAMETRIC_REPRESENTATION_CONTEXT() REPRESENTATION_CONTEXT('2D SPACE',''
  ) );
#1929 = PCURVE('',#1732,#1930);
#1930 = DEFINITIONAL_REPRESENTATION('',(#1931),#1935);
#1931 = LINE('',#1932,#1933);
#1932 = CARTESIAN_POINT('',(0.,430.));
#1933 = VECTOR('',#1934,1.);
#1934 = DIRECTION('',(1.,0.));
#1935 = ( GEOMETRIC_REPRESENTATION_CONTEXT(2) 
PARAMETRIC_REPRESENTATION_CONTEXT() REPRESENTATION_CONTEXT('2D SPACE',''
  ) );
#1936 = ORIENTED_EDGE('',*,*,#1800,.F.);
#1937 = ADVANCED_FACE('',(#1938),#1678,.F.);
#1938 = FACE_BOUND('',#1939,.F.);
#1939 = EDGE_LOOP('',(#1940,#1941,#1942,#1943));
#1940 = ORIENTED_EDGE('',*,*,#1662,.F.);
#1941 = ORIENTED_EDGE('',*,*,#1847,.T.);
#1942 = ORIENTED_EDGE('',*,*,#1777,.T.);
#1943 = ORIENTED_EDGE('',*,*,#1894,.F.);
#1944 = ADVANCED_FACE('',(#1945),#1732,.T.);
#1945 = FACE_BOUND('',#1946,.T.);
#1946 = EDGE_LOOP('',(#1947,#1948,#1949,#1950));
#1947 = ORIENTED_EDGE('',*,*,#1718,.F.);
#1948 = ORIENTED_EDGE('',*,*,#1869,.T.);
#1949 = ORIENTED_EDGE('',*,*,#1823,.T.);
#1950 = ORIENTED_EDGE('',*,*,#1916,.F.);
#1951 = ( GEOMETRIC_REPRESENTATION_CONTEXT(3) 
GLOBAL_UNCERTAINTY_ASSIGNED_CONTEXT((#1955)) 
GLOBAL_UNIT_ASSIGNED_CONTEXT((#1952,#1953,#1954)) REPRESENTATION_CONTEXT
('Context #1','3D Context with UNIT and UNCERTAINTY') );
#1952 = ( LENGTH_UNIT() NAMED_UNIT(*) SI_UNIT(.MILLI.,.METRE.) );
#1953 = ( NAMED_UNIT(*) PLANE_ANGLE_UNIT() SI_UNIT($,.RADIAN.) );
#1954 = ( NAMED_UNIT(*) SI_UNIT($,.STERADIAN.) SOLID_ANGLE_UNIT() );
#1955 = UNCERTAINTY_MEASURE_WITH_UNIT(LENGTH_MEASURE(1.E-07),#1952,
  'distance_accuracy_value','confusion accuracy');
#1956 = CONTEXT_DEPENDENT_SHAPE_REPRESENTATION(#1957,#1959);
#1957 = ( REPRESENTATION_RELATIONSHIP('','',#1620,#10) 
REPRESENTATION_RELATIONSHIP_WITH_TRANSFORMATION(#1958) 
SHAPE_REPRESENTATION_RELATIONSHIP() );
#1958 = ITEM_DEFINED_TRANSFORMATION('','',#11,#31);
#1959 = PRODUCT_DEFINITION_SHAPE('Placement','Placement of an item',
  #1960);
#1960 = NEXT_ASSEMBLY_USAGE_OCCURRENCE('5','=>[0:1:1:6]','',#5,#1615,$);
#1961 = PRODUCT_RELATED_PRODUCT_CATEGORY('part',$,(#1617));
#1962 = SHAPE_DEFINITION_REPRESENTATION(#1963,#1969);
#1963 = PRODUCT_DEFINITION_SHAPE('','',#1964);
#1964 = PRODUCT_DEFINITION('design','',#1965,#1968);
#1965 = PRODUCT_DEFINITION_FORMATION('','',#1966);
#1966 = PRODUCT('COMPOUND','COMPOUND','',(#1967));
#1967 = PRODUCT_CONTEXT('',#2,'mechanical');
#1968 = PRODUCT_DEFINITION_CONTEXT('part definition',#2,'design');
#1969 = ADVANCED_BREP_SHAPE_REPRESENTATION('',(#11,#1970),#2300);
#1970 = MANIFOLD_SOLID_BREP('',#1971);
#1971 = CLOSED_SHELL('',(#1972,#2092,#2192,#2239,#2286,#2293));
#1972 = ADVANCED_FACE('',(#1973),#1987,.F.);
#1973 = FACE_BOUND('',#1974,.F.);
#1974 = EDGE_LOOP('',(#1975,#2010,#2038,#2066));
#1975 = ORIENTED_EDGE('',*,*,#1976,.F.);
#1976 = EDGE_CURVE('',#1977,#1979,#1981,.T.);
#1977 = VERTEX_POINT('',#1978);
#1978 = CARTESIAN_POINT('',(-165.,-215.,-46.));
#1979 = VERTEX_POINT('',#1980);
#1980 = CARTESIAN_POINT('',(-165.,-215.,46.));
#1981 = SURFACE_CURVE('',#1982,(#1986,#1998),.PCURVE_S1.);
#1982 = LINE('',#1983,#1984);
#1983 = CARTESIAN_POINT('',(-165.,-215.,-46.));
#1984 = VECTOR('',#1985,1.);
#1985 = DIRECTION('',(0.,0.,1.));
#1986 = PCURVE('',#1987,#1992);
#1987 = PLANE('',#1988);
#1988 = AXIS2_PLACEMENT_3D('',#1989,#1990,#1991);
#1989 = CARTESIAN_POINT('',(-165.,-215.,-46.));
#1990 = DIRECTION('',(1.,0.,-0.));
#1991 = DIRECTION('',(0.,0.,1.));
#1992 = DEFINITIONAL_REPRESENTATION('',(#1993),#1997);
#1993 = LINE('',#1994,#1995);
#1994 = CARTESIAN_POINT('',(0.,0.));
#1995 = VECTOR('',#1996,1.);
#1996 = DIRECTION('',(1.,0.));
#1997 = ( GEOMETRIC_REPRESENTATION_CONTEXT(2) 
PARAMETRIC_REPRESENTATION_CONTEXT() REPRESENTATION_CONTEXT('2D SPACE',''
  ) );
#1998 = PCURVE('',#1999,#2004);
#1999 = PLANE('',#2000);
#2000 = AXIS2_PLACEMENT_3D('',#2001,#2002,#2003);
#2001 = CARTESIAN_POINT('',(-165.,-215.,-46.));
#2002 = DIRECTION('',(-0.,1.,0.));
#2003 = DIRECTION('',(0.,0.,1.));
#2004 = DEFINITIONAL_REPRESENTATION('',(#2005),#2009);
#2005 = LINE('',#2006,#2007);
#2006 = CARTESIAN_POINT('',(0.,0.));
#2007 = VECTOR('',#2008,1.);
#2008 = DIRECTION('',(1.,0.));
#2009 = ( GEOMETRIC_REPRESENTATION_CONTEXT(2) 
PARAMETRIC_REPRESENTATION_CONTEXT() REPRESENTATION_CONTEXT('2D SPACE',''
  ) );
#2010 = ORIENTED_EDGE('',*,*,#2011,.T.);
#2011 = EDGE_CURVE('',#1977,#2012,#2014,.T.);
#2012 = VERTEX_POINT('',#2013);
#2013 = CARTESIAN_POINT('',(-165.,215.,-46.));
#2014 = SURFACE_CURVE('',#2015,(#2019,#2026),.PCURVE_S1.);
#2015 = LINE('',#2016,#2017);
#2016 = CARTESIAN_POINT('',(-165.,-215.,-46.));
#2017 = VECTOR('',#2018,1.);
#2018 = DIRECTION('',(-0.,1.,0.));
#2019 = PCURVE('',#1987,#2020);
#2020 = DEFINITIONAL_REPRESENTATION('',(#2021),#2025);
#2021 = LINE('',#2022,#2023);
#2022 = CARTESIAN_POINT('',(0.,0.));
#2023 = VECTOR('',#2024,1.);
#2024 = DIRECTION('',(0.,-1.));
#2025 = ( GEOMETRIC_REPRESENTATION_CONTEXT(2) 
PARAMETRIC_REPRESENTATION_CONTEXT() REPRESENTATION_CONTEXT('2D SPACE',''
  ) );
#2026 = PCURVE('',#2027,#2032);
#2027 = PLANE('',#2028);
#2028 = AXIS2_PLACEMENT_3D('',#2029,#2030,#2031);
#2029 = CARTESIAN_POINT('',(-165.,-215.,-46.));
#2030 = DIRECTION('',(0.,0.,1.));
#2031 = DIRECTION('',(1.,0.,-0.));
#2032 = DEFINITIONAL_REPRESENTATION('',(#2033),#2037);
#2033 = LINE('',#2034,#2035);
#2034 = CARTESIAN_POINT('',(0.,0.));
#2035 = VECTOR('',#2036,1.);
#2036 = DIRECTION('',(0.,1.));
#2037 = ( GEOMETRIC_REPRESENTATION_CONTEXT(2) 
PARAMETRIC_REPRESENTATION_CONTEXT() REPRESENTATION_CONTEXT('2D SPACE',''
  ) );
#2038 = ORIENTED_EDGE('',*,*,#2039,.T.);
#2039 = EDGE_CURVE('',#2012,#2040,#2042,.T.);
#2040 = VERTEX_POINT('',#2041);
#2041 = CARTESIAN_POINT('',(-165.,215.,46.));
#2042 = SURFACE_CURVE('',#2043,(#2047,#2054),.PCURVE_S1.);
#2043 = LINE('',#2044,#2045);
#2044 = CARTESIAN_POINT('',(-165.,215.,-46.));
#2045 = VECTOR('',#2046,1.);
#2046 = DIRECTION('',(0.,0.,1.));
#2047 = PCURVE('',#1987,#2048);
#2048 = DEFINITIONAL_REPRESENTATION('',(#2049),#2053);
#2049 = LINE('',#2050,#2051);
#2050 = CARTESIAN_POINT('',(0.,-430.));
#2051 = VECTOR('',#2052,1.);
#2052 = DIRECTION('',(1.,0.));
#2053 = ( GEOMETRIC_REPRESENTATION_CONTEXT(2) 
PARAMETRIC_REPRESENTATION_CONTEXT() REPRESENTATION_CONTEXT('2D SPACE',''
  ) );
#2054 = PCURVE('',#2055,#2060);
#2055 = PLANE('',#2056);
#2056 = AXIS2_PLACEMENT_3D('',#2057,#2058,#2059);
#2057 = CARTESIAN_POINT('',(-165.,215.,-46.));
#2058 = DIRECTION('',(-0.,1.,0.));
#2059 = DIRECTION('',(0.,0.,1.));
#2060 = DEFINITIONAL_REPRESENTATION('',(#2061),#2065);
#2061 = LINE('',#2062,#2063);
#2062 = CARTESIAN_POINT('',(0.,0.));
#2063 = VECTOR('',#2064,1.);
#2064 = DIRECTION('',(1.,0.));
#2065 = ( GEOMETRIC_REPRESENTATION_CONTEXT(2) 
PARAMETRIC_REPRESENTATION_CONTEXT() REPRESENTATION_CONTEXT('2D SPACE',''
  ) );
#2066 = ORIENTED_EDGE('',*,*,#2067,.F.);
#2067 = EDGE_CURVE('',#1979,#2040,#2068,.T.);
#2068 = SURFACE_CURVE('',#2069,(#2073,#2080),.PCURVE_S1.);
#2069 = LINE('',#2070,#2071);
#2070 = CARTESIAN_POINT('',(-165.,-215.,46.));
#2071 = VECTOR('',#2072,1.);
#2072 = DIRECTION('',(-0.,1.,0.));
#2073 = PCURVE('',#1987,#2074);
#2074 = DEFINITIONAL_REPRESENTATION('',(#2075),#2079);
#2075 = LINE('',#2076,#2077);
#2076 = CARTESIAN_POINT('',(92.,0.));
#2077 = VECTOR('',#2078,1.);
#2078 = DIRECTION('',(0.,-1.));
#2079 = ( GEOMETRIC_REPRESENTATION_CONTEXT(2) 
PARAMETRIC_REPRESENTATION_CONTEXT() REPRESENTATION_CONTEXT('2D SPACE',''
  ) );
#2080 = PCURVE('',#2081,#2086);
#2081 = PLANE('',#2082);
#2082 = AXIS2_PLACEMENT_3D('',#2083,#2084,#2085);
#2083 = CARTESIAN_POINT('',(-165.,-215.,46.));
#2084 = DIRECTION('',(0.,0.,1.));
#2085 = DIRECTION('',(1.,0.,-0.));
#2086 = DEFINITIONAL_REPRESENTATION('',(#2087),#2091);
#2087 = LINE('',#2088,#2089);
#2088 = CARTESIAN_POINT('',(0.,0.));
#2089 = VECTOR('',#2090,1.);
#2090 = DIRECTION('',(0.,1.));
#2091 = ( GEOMETRIC_REPRESENTATION_CONTEXT(2) 
PARAMETRIC_REPRESENTATION_CONTEXT() REPRESENTATION_CONTEXT('2D SPACE',''
  ) );
#2092 = ADVANCED_FACE('',(#2093),#2107,.T.);
#2093 = FACE_BOUND('',#2094,.T.);
#2094 = EDGE_LOOP('',(#2095,#2125,#2148,#2171));
#2095 = ORIENTED_EDGE('',*,*,#2096,.F.);
#2096 = EDGE_CURVE('',#2097,#2099,#2101,.T.);
#2097 = VERTEX_POINT('',#2098);
#2098 = CARTESIAN_POINT('',(165.,-215.,-46.));
#2099 = VERTEX_POINT('',#2100);
#2100 = CARTESIAN_POINT('',(165.,-215.,46.));
#2101 = SURFACE_CURVE('',#2102,(#2106,#2118),.PCURVE_S1.);
#2102 = LINE('',#2103,#2104);
#2103 = CARTESIAN_POINT('',(165.,-215.,-46.));
#2104 = VECTOR('',#2105,1.);
#2105 = DIRECTION('',(0.,0.,1.));
#2106 = PCURVE('',#2107,#2112);
#2107 = PLANE('',#2108);
#2108 = AXIS2_PLACEMENT_3D('',#2109,#2110,#2111);
#2109 = CARTESIAN_POINT('',(165.,-215.,-46.));
#2110 = DIRECTION('',(1.,0.,-0.));
#2111 = DIRECTION('',(0.,0.,1.));
#2112 = DEFINITIONAL_REPRESENTATION('',(#2113),#2117);
#2113 = LINE('',#2114,#2115);
#2114 = CARTESIAN_POINT('',(0.,0.));
#2115 = VECTOR('',#2116,1.);
#2116 = DIRECTION('',(1.,0.));
#2117 = ( GEOMETRIC_REPRESENTATION_CONTEXT(2) 
PARAMETRIC_REPRESENTATION_CONTEXT() REPRESENTATION_CONTEXT('2D SPACE',''
  ) );
#2118 = PCURVE('',#1999,#2119);
#2119 = DEFINITIONAL_REPRESENTATION('',(#2120),#2124);
#2120 = LINE('',#2121,#2122);
#2121 = CARTESIAN_POINT('',(0.,330.));
#2122 = VECTOR('',#2123,1.);
#2123 = DIRECTION('',(1.,0.));
#2124 = ( GEOMETRIC_REPRESENTATION_CONTEXT(2) 
PARAMETRIC_REPRESENTATION_CONTEXT() REPRESENTATION_CONTEXT('2D SPACE',''
  ) );
#2125 = ORIENTED_EDGE('',*,*,#2126,.T.);
#2126 = EDGE_CURVE('',#2097,#2127,#2129,.T.);
#2127 = VERTEX_POINT('',#2128);
#2128 = CARTESIAN_POINT('',(165.,215.,-46.));
#2129 = SURFACE_CURVE('',#2130,(#2134,#2141),.PCURVE_S1.);
#2130 = LINE('',#2131,#2132);
#2131 = CARTESIAN_POINT('',(165.,-215.,-46.));
#2132 = VECTOR('',#2133,1.);
#2133 = DIRECTION('',(-0.,1.,0.));
#2134 = PCURVE('',#2107,#2135);
#2135 = DEFINITIONAL_REPRESENTATION('',(#2136),#2140);
#2136 = LINE('',#2137,#2138);
#2137 = CARTESIAN_POINT('',(0.,0.));
#2138 = VECTOR('',#2139,1.);
#2139 = DIRECTION('',(0.,-1.));
#2140 = ( GEOMETRIC_REPRESENTATION_CONTEXT(2) 
PARAMETRIC_REPRESENTATION_CONTEXT() REPRESENTATION_CONTEXT('2D SPACE',''
  ) );
#2141 = PCURVE('',#2027,#2142);
#2142 = DEFINITIONAL_REPRESENTATION('',(#2143),#2147);
#2143 = LINE('',#2144,#2145);
#2144 = CARTESIAN_POINT('',(330.,0.));
#2145 = VECTOR('',#2146,1.);
#2146 = DIRECTION('',(0.,1.));
#2147 = ( GEOMETRIC_REPRESENTATION_CONTEXT(2) 
PARAMETRIC_REPRESENTATION_CONTEXT() REPRESENTATION_CONTEXT('2D SPACE',''
  ) );
#2148 = ORIENTED_EDGE('',*,*,#2149,.T.);
#2149 = EDGE_CURVE('',#2127,#2150,#2152,.T.);
#2150 = VERTEX_POINT('',#2151);
#2151 = CARTESIAN_POINT('',(165.,215.,46.));
#2152 = SURFACE_CURVE('',#2153,(#2157,#2164),.PCURVE_S1.);
#2153 = LINE('',#2154,#2155);
#2154 = CARTESIAN_POINT('',(165.,215.,-46.));
#2155 = VECTOR('',#2156,1.);
#2156 = DIRECTION('',(0.,0.,1.));
#2157 = PCURVE('',#2107,#2158);
#2158 = DEFINITIONAL_REPRESENTATION('',(#2159),#2163);
#2159 = LINE('',#2160,#2161);
#2160 = CARTESIAN_POINT('',(0.,-430.));
#2161 = VECTOR('',#2162,1.);
#2162 = DIRECTION('',(1.,0.));
#2163 = ( GEOMETRIC_REPRESENTATION_CONTEXT(2) 
PARAMETRIC_REPRESENTATION_CONTEXT() REPRESENTATION_CONTEXT('2D SPACE',''
  ) );
#2164 = PCURVE('',#2055,#2165);
#2165 = DEFINITIONAL_REPRESENTATION('',(#2166),#2170);
#2166 = LINE('',#2167,#2168);
#2167 = CARTESIAN_POINT('',(0.,330.));
#2168 = VECTOR('',#2169,1.);
#2169 = DIRECTION('',(1.,0.));
#2170 = ( GEOMETRIC_REPRESENTATION_CONTEXT(2) 
PARAMETRIC_REPRESENTATION_CONTEXT() REPRESENTATION_CONTEXT('2D SPACE',''
  ) );
#2171 = ORIENTED_EDGE('',*,*,#2172,.F.);
#2172 = EDGE_CURVE('',#2099,#2150,#2173,.T.);
#2173 = SURFACE_CURVE('',#2174,(#2178,#2185),.PCURVE_S1.);
#2174 = LINE('',#2175,#2176);
#2175 = CARTESIAN_POINT('',(165.,-215.,46.));
#2176 = VECTOR('',#2177,1.);
#2177 = DIRECTION('',(-0.,1.,0.));
#2178 = PCURVE('',#2107,#2179);
#2179 = DEFINITIONAL_REPRESENTATION('',(#2180),#2184);
#2180 = LINE('',#2181,#2182);
#2181 = CARTESIAN_POINT('',(92.,0.));
#2182 = VECTOR('',#2183,1.);
#2183 = DIRECTION('',(0.,-1.));
#2184 = ( GEOMETRIC_REPRESENTATION_CONTEXT(2) 
PARAMETRIC_REPRESENTATION_CONTEXT() REPRESENTATION_CONTEXT('2D SPACE',''
  ) );
#2185 = PCURVE('',#2081,#2186);
#2186 = DEFINITIONAL_REPRESENTATION('',(#2187),#2191);
#2187 = LINE('',#2188,#2189);
#2188 = CARTESIAN_POINT('',(330.,0.));
#2189 = VECTOR('',#2190,1.);
#2190 = DIRECTION('',(0.,1.));
#2191 = ( GEOMETRIC_REPRESENTATION_CONTEXT(2) 
PARAMETRIC_REPRESENTATION_CONTEXT() REPRESENTATION_CONTEXT('2D SPACE',''
  ) );
#2192 = ADVANCED_FACE('',(#2193),#1999,.F.);
#2193 = FACE_BOUND('',#2194,.F.);
#2194 = EDGE_LOOP('',(#2195,#2216,#2217,#2238));
#2195 = ORIENTED_EDGE('',*,*,#2196,.F.);
#2196 = EDGE_CURVE('',#1977,#2097,#2197,.T.);
#2197 = SURFACE_CURVE('',#2198,(#2202,#2209),.PCURVE_S1.);
#2198 = LINE('',#2199,#2200);
#2199 = CARTESIAN_POINT('',(-165.,-215.,-46.));
#2200 = VECTOR('',#2201,1.);
#2201 = DIRECTION('',(1.,0.,-0.));
#2202 = PCURVE('',#1999,#2203);
#2203 = DEFINITIONAL_REPRESENTATION('',(#2204),#2208);
#2204 = LINE('',#2205,#2206);
#2205 = CARTESIAN_POINT('',(0.,0.));
#2206 = VECTOR('',#2207,1.);
#2207 = DIRECTION('',(0.,1.));
#2208 = ( GEOMETRIC_REPRESENTATION_CONTEXT(2) 
PARAMETRIC_REPRESENTATION_CONTEXT() REPRESENTATION_CONTEXT('2D SPACE',''
  ) );
#2209 = PCURVE('',#2027,#2210);
#2210 = DEFINITIONAL_REPRESENTATION('',(#2211),#2215);
#2211 = LINE('',#2212,#2213);
#2212 = CARTESIAN_POINT('',(0.,0.));
#2213 = VECTOR('',#2214,1.);
#2214 = DIRECTION('',(1.,0.));
#2215 = ( GEOMETRIC_REPRESENTATION_CONTEXT(2) 
PARAMETRIC_REPRESENTATION_CONTEXT() REPRESENTATION_CONTEXT('2D SPACE',''
  ) );
#2216 = ORIENTED_EDGE('',*,*,#1976,.T.);
#2217 = ORIENTED_EDGE('',*,*,#2218,.T.);
#2218 = EDGE_CURVE('',#1979,#2099,#2219,.T.);
#2219 = SURFACE_CURVE('',#2220,(#2224,#2231),.PCURVE_S1.);
#2220 = LINE('',#2221,#2222);
#2221 = CARTESIAN_POINT('',(-165.,-215.,46.));
#2222 = VECTOR('',#2223,1.);
#2223 = DIRECTION('',(1.,0.,-0.));
#2224 = PCURVE('',#1999,#2225);
#2225 = DEFINITIONAL_REPRESENTATION('',(#2226),#2230);
#2226 = LINE('',#2227,#2228);
#2227 = CARTESIAN_POINT('',(92.,0.));
#2228 = VECTOR('',#2229,1.);
#2229 = DIRECTION('',(0.,1.));
#2230 = ( GEOMETRIC_REPRESENTATION_CONTEXT(2) 
PARAMETRIC_REPRESENTATION_CONTEXT() REPRESENTATION_CONTEXT('2D SPACE',''
  ) );
#2231 = PCURVE('',#2081,#2232);
#2232 = DEFINITIONAL_REPRESENTATION('',(#2233),#2237);
#2233 = LINE('',#2234,#2235);
#2234 = CARTESIAN_POINT('',(0.,0.));
#2235 = VECTOR('',#2236,1.);
#2236 = DIRECTION('',(1.,0.));
#2237 = ( GEOMETRIC_REPRESENTATION_CONTEXT(2) 
PARAMETRIC_REPRESENTATION_CONTEXT() REPRESENTATION_CONTEXT('2D SPACE',''
  ) );
#2238 = ORIENTED_EDGE('',*,*,#2096,.F.);
#2239 = ADVANCED_FACE('',(#2240),#2055,.T.);
#2240 = FACE_BOUND('',#2241,.T.);
#2241 = EDGE_LOOP('',(#2242,#2263,#2264,#2285));
#2242 = ORIENTED_EDGE('',*,*,#2243,.F.);
#2243 = EDGE_CURVE('',#2012,#2127,#2244,.T.);
#2244 = SURFACE_CURVE('',#2245,(#2249,#2256),.PCURVE_S1.);
#2245 = LINE('',#2246,#2247);
#2246 = CARTESIAN_POINT('',(-165.,215.,-46.));
#2247 = VECTOR('',#2248,1.);
#2248 = DIRECTION('',(1.,0.,-0.));
#2249 = PCURVE('',#2055,#2250);
#2250 = DEFINITIONAL_REPRESENTATION('',(#2251),#2255);
#2251 = LINE('',#2252,#2253);
#2252 = CARTESIAN_POINT('',(0.,0.));
#2253 = VECTOR('',#2254,1.);
#2254 = DIRECTION('',(0.,1.));
#2255 = ( GEOMETRIC_REPRESENTATION_CONTEXT(2) 
PARAMETRIC_REPRESENTATION_CONTEXT() REPRESENTATION_CONTEXT('2D SPACE',''
  ) );
#2256 = PCURVE('',#2027,#2257);
#2257 = DEFINITIONAL_REPRESENTATION('',(#2258),#2262);
#2258 = LINE('',#2259,#2260);
#2259 = CARTESIAN_POINT('',(0.,430.));
#2260 = VECTOR('',#2261,1.);
#2261 = DIRECTION('',(1.,0.));
#2262 = ( GEOMETRIC_REPRESENTATION_CONTEXT(2) 
PARAMETRIC_REPRESENTATION_CONTEXT() REPRESENTATION_CONTEXT('2D SPACE',''
  ) );
#2263 = ORIENTED_EDGE('',*,*,#2039,.T.);
#2264 = ORIENTED_EDGE('',*,*,#2265,.T.);
#2265 = EDGE_CURVE('',#2040,#2150,#2266,.T.);
#2266 = SURFACE_CURVE('',#2267,(#2271,#2278),.PCURVE_S1.);
#2267 = LINE('',#2268,#2269);
#2268 = CARTESIAN_POINT('',(-165.,215.,46.));
#2269 = VECTOR('',#2270,1.);
#2270 = DIRECTION('',(1.,0.,-0.));
#2271 = PCURVE('',#2055,#2272);
#2272 = DEFINITIONAL_REPRESENTATION('',(#2273),#2277);
#2273 = LINE('',#2274,#2275);
#2274 = CARTESIAN_POINT('',(92.,0.));
#2275 = VECTOR('',#2276,1.);
#2276 = DIRECTION('',(0.,1.));
#2277 = ( GEOMETRIC_REPRESENTATION_CONTEXT(2) 
PARAMETRIC_REPRESENTATION_CONTEXT() REPRESENTATION_CONTEXT('2D SPACE',''
  ) );
#2278 = PCURVE('',#2081,#2279);
#2279 = DEFINITIONAL_REPRESENTATION('',(#2280),#2284);
#2280 = LINE('',#2281,#2282);
#2281 = CARTESIAN_POINT('',(0.,430.));
#2282 = VECTOR('',#2283,1.);
#2283 = DIRECTION('',(1.,0.));
#2284 = ( GEOMETRIC_REPRESENTATION_CONTEXT(2) 
PARAMETRIC_REPRESENTATION_CONTEXT() REPRESENTATION_CONTEXT('2D SPACE',''
  ) );
#2285 = ORIENTED_EDGE('',*,*,#2149,.F.);
#2286 = ADVANCED_FACE('',(#2287),#2027,.F.);
#2287 = FACE_BOUND('',#2288,.F.);
#2288 = EDGE_LOOP('',(#2289,#2290,#2291,#2292));
#2289 = ORIENTED_EDGE('',*,*,#2011,.F.);
#2290 = ORIENTED_EDGE('',*,*,#2196,.T.);
#2291 = ORIENTED_EDGE('',*,*,#2126,.T.);
#2292 = ORIENTED_EDGE('',*,*,#2243,.F.);
#2293 = ADVANCED_FACE('',(#2294),#2081,.T.);
#2294 = FACE_BOUND('',#2295,.T.);
#2295 = EDGE_LOOP('',(#2296,#2297,#2298,#2299));
#2296 = ORIENTED_EDGE('',*,*,#2067,.F.);
#2297 = ORIENTED_EDGE('',*,*,#2218,.T.);
#2298 = ORIENTED_EDGE('',*,*,#2172,.T.);
#2299 = ORIENTED_EDGE('',*,*,#2265,.F.);
#2300 = ( GEOMETRIC_REPRESENTATION_CONTEXT(3) 
GLOBAL_UNCERTAINTY_ASSIGNED_CONTEXT((#2304)) 
GLOBAL_UNIT_ASSIGNED_CONTEXT((#2301,#2302,#2303)) REPRESENTATION_CONTEXT
('Context #1','3D Context with UNIT and UNCERTAINTY') );
#2301 = ( LENGTH_UNIT() NAMED_UNIT(*) SI_UNIT(.MILLI.,.METRE.) );
#2302 = ( NAMED_UNIT(*) PLANE_ANGLE_UNIT() SI_UNIT($,.RADIAN.) );
#2303 = ( NAMED_UNIT(*) SI_UNIT($,.STERADIAN.) SOLID_ANGLE_UNIT() );
#2304 = UNCERTAINTY_MEASURE_WITH_UNIT(LENGTH_MEASURE(1.E-07),#2301,
  'distance_accuracy_value','confusion accuracy');
#2305 = CONTEXT_DEPENDENT_SHAPE_REPRESENTATION(#2306,#2308);
#2306 = ( REPRESENTATION_RELATIONSHIP('','',#1969,#10) 
REPRESENTATION_RELATIONSHIP_WITH_TRANSFORMATION(#2307) 
SHAPE_REPRESENTATION_RELATIONSHIP() );
#2307 = ITEM_DEFINED_TRANSFORMATION('','',#11,#35);
#2308 = PRODUCT_DEFINITION_SHAPE('Placement','Placement of an item',
  #2309);
#2309 = NEXT_ASSEMBLY_USAGE_OCCURRENCE('6','=>[0:1:1:7]','',#5,#1964,$);
#2310 = PRODUCT_RELATED_PRODUCT_CATEGORY('part',$,(#1966));
#2311 = SHAPE_DEFINITION_REPRESENTATION(#2312,#2318);
#2312 = PRODUCT_DEFINITION_SHAPE('','',#2313);
#2313 = PRODUCT_DEFINITION('design','',#2314,#2317);
#2314 = PRODUCT_DEFINITION_FORMATION('','',#2315);
#2315 = PRODUCT('COMPOUND','COMPOUND','',(#2316));
#2316 = PRODUCT_CONTEXT('',#2,'mechanical');
#2317 = PRODUCT_DEFINITION_CONTEXT('part definition',#2,'design');
#2318 = ADVANCED_BREP_SHAPE_REPRESENTATION('',(#11,#2319),#2649);
#2319 = MANIFOLD_SOLID_BREP('',#2320);
#2320 = CLOSED_SHELL('',(#2321,#2441,#2541,#2588,#2635,#2642));
#2321 = ADVANCED_FACE('',(#2322),#2336,.F.);
#2322 = FACE_BOUND('',#2323,.F.);
#2323 = EDGE_LOOP('',(#2324,#2359,#2387,#2415));
#2324 = ORIENTED_EDGE('',*,*,#2325,.F.);
#2325 = EDGE_CURVE('',#2326,#2328,#2330,.T.);
#2326 = VERTEX_POINT('',#2327);
#2327 = CARTESIAN_POINT('',(-215.,-210.,-23.));
#2328 = VERTEX_POINT('',#2329);
#2329 = CARTESIAN_POINT('',(-215.,-210.,23.));
#2330 = SURFACE_CURVE('',#2331,(#2335,#2347),.PCURVE_S1.);
#2331 = LINE('',#2332,#2333);
#2332 = CARTESIAN_POINT('',(-215.,-210.,-23.));
#2333 = VECTOR('',#2334,1.);
#2334 = DIRECTION('',(0.,0.,1.));
#2335 = PCURVE('',#2336,#2341);
#2336 = PLANE('',#2337);
#2337 = AXIS2_PLACEMENT_3D('',#2338,#2339,#2340);
#2338 = CARTESIAN_POINT('',(-215.,-210.,-23.));
#2339 = DIRECTION('',(1.,0.,-0.));
#2340 = DIRECTION('',(0.,0.,1.));
#2341 = DEFINITIONAL_REPRESENTATION('',(#2342),#2346);
#2342 = LINE('',#2343,#2344);
#2343 = CARTESIAN_POINT('',(0.,0.));
#2344 = VECTOR('',#2345,1.);
#2345 = DIRECTION('',(1.,0.));
#2346 = ( GEOMETRIC_REPRESENTATION_CONTEXT(2) 
PARAMETRIC_REPRESENTATION_CONTEXT() REPRESENTATION_CONTEXT('2D SPACE',''
  ) );
#2347 = PCURVE('',#2348,#2353);
#2348 = PLANE('',#2349);
#2349 = AXIS2_PLACEMENT_3D('',#2350,#2351,#2352);
#2350 = CARTESIAN_POINT('',(-215.,-210.,-23.));
#2351 = DIRECTION('',(-0.,1.,0.));
#2352 = DIRECTION('',(0.,0.,1.));
#2353 = DEFINITIONAL_REPRESENTATION('',(#2354),#2358);
#2354 = LINE('',#2355,#2356);
#2355 = CARTESIAN_POINT('',(0.,0.));
#2356 = VECTOR('',#2357,1.);
#2357 = DIRECTION('',(1.,0.));
#2358 = ( GEOMETRIC_REPRESENTATION_CONTEXT(2) 
PARAMETRIC_REPRESENTATION_CONTEXT() REPRESENTATION_CONTEXT('2D SPACE',''
  ) );
#2359 = ORIENTED_EDGE('',*,*,#2360,.T.);
#2360 = EDGE_CURVE('',#2326,#2361,#2363,.T.);
#2361 = VERTEX_POINT('',#2362);
#2362 = CARTESIAN_POINT('',(-215.,210.,-23.));
#2363 = SURFACE_CURVE('',#2364,(#2368,#2375),.PCURVE_S1.);
#2364 = LINE('',#2365,#2366);
#2365 = CARTESIAN_POINT('',(-215.,-210.,-23.));
#2366 = VECTOR('',#2367,1.);
#2367 = DIRECTION('',(-0.,1.,0.));
#2368 = PCURVE('',#2336,#2369);
#2369 = DEFINITIONAL_REPRESENTATION('',(#2370),#2374);
#2370 = LINE('',#2371,#2372);
#2371 = CARTESIAN_POINT('',(0.,0.));
#2372 = VECTOR('',#2373,1.);
#2373 = DIRECTION('',(0.,-1.));
#2374 = ( GEOMETRIC_REPRESENTATION_CONTEXT(2) 
PARAMETRIC_REPRESENTATION_CONTEXT() REPRESENTATION_CONTEXT('2D SPACE',''
  ) );
#2375 = PCURVE('',#2376,#2381);
#2376 = PLANE('',#2377);
#2377 = AXIS2_PLACEMENT_3D('',#2378,#2379,#2380);
#2378 = CARTESIAN_POINT('',(-215.,-210.,-23.));
#2379 = DIRECTION('',(0.,0.,1.));
#2380 = DIRECTION('',(1.,0.,-0.));
#2381 = DEFINITIONAL_REPRESENTATION('',(#2382),#2386);
#2382 = LINE('',#2383,#2384);
#2383 = CARTESIAN_POINT('',(0.,0.));
#2384 = VECTOR('',#2385,1.);
#2385 = DIRECTION('',(0.,1.));
#2386 = ( GEOMETRIC_REPRESENTATION_CONTEXT(2) 
PARAMETRIC_REPRESENTATION_CONTEXT() REPRESENTATION_CONTEXT('2D SPACE',''
  ) );
#2387 = ORIENTED_EDGE('',*,*,#2388,.T.);
#2388 = EDGE_CURVE('',#2361,#2389,#2391,.T.);
#2389 = VERTEX_POINT('',#2390);
#2390 = CARTESIAN_POINT('',(-215.,210.,23.));
#2391 = SURFACE_CURVE('',#2392,(#2396,#2403),.PCURVE_S1.);
#2392 = LINE('',#2393,#2394);
#2393 = CARTESIAN_POINT('',(-215.,210.,-23.));
#2394 = VECTOR('',#2395,1.);
#2395 = DIRECTION('',(0.,0.,1.));
#2396 = PCURVE('',#2336,#2397);
#2397 = DEFINITIONAL_REPRESENTATION('',(#2398),#2402);
#2398 = LINE('',#2399,#2400);
#2399 = CARTESIAN_POINT('',(0.,-420.));
#2400 = VECTOR('',#2401,1.);
#2401 = DIRECTION('',(1.,0.));
#2402 = ( GEOMETRIC_REPRESENTATION_CONTEXT(2) 
PARAMETRIC_REPRESENTATION_CONTEXT() REPRESENTATION_CONTEXT('2D SPACE',''
  ) );
#2403 = PCURVE('',#2404,#2409);
#2404 = PLANE('',#2405);
#2405 = AXIS2_PLACEMENT_3D('',#2406,#2407,#2408);
#2406 = CARTESIAN_POINT('',(-215.,210.,-23.));
#2407 = DIRECTION('',(-0.,1.,0.));
#2408 = DIRECTION('',(0.,0.,1.));
#2409 = DEFINITIONAL_REPRESENTATION('',(#2410),#2414);
#2410 = LINE('',#2411,#2412);
#2411 = CARTESIAN_POINT('',(0.,0.));
#2412 = VECTOR('',#2413,1.);
#2413 = DIRECTION('',(1.,0.));
#2414 = ( GEOMETRIC_REPRESENTATION_CONTEXT(2) 
PARAMETRIC_REPRESENTATION_CONTEXT() REPRESENTATION_CONTEXT('2D SPACE',''
  ) );
#2415 = ORIENTED_EDGE('',*,*,#2416,.F.);
#2416 = EDGE_CURVE('',#2328,#2389,#2417,.T.);
#2417 = SURFACE_CURVE('',#2418,(#2422,#2429),.PCURVE_S1.);
#2418 = LINE('',#2419,#2420);
#2419 = CARTESIAN_POINT('',(-215.,-210.,23.));
#2420 = VECTOR('',#2421,1.);
#2421 = DIRECTION('',(-0.,1.,0.));
#2422 = PCURVE('',#2336,#2423);
#2423 = DEFINITIONAL_REPRESENTATION('',(#2424),#2428);
#2424 = LINE('',#2425,#2426);
#2425 = CARTESIAN_POINT('',(46.,0.));
#2426 = VECTOR('',#2427,1.);
#2427 = DIRECTION('',(0.,-1.));
#2428 = ( GEOMETRIC_REPRESENTATION_CONTEXT(2) 
PARAMETRIC_REPRESENTATION_CONTEXT() REPRESENTATION_CONTEXT('2D SPACE',''
  ) );
#2429 = PCURVE('',#2430,#2435);
#2430 = PLANE('',#2431);
#2431 = AXIS2_PLACEMENT_3D('',#2432,#2433,#2434);
#2432 = CARTESIAN_POINT('',(-215.,-210.,23.));
#2433 = DIRECTION('',(0.,0.,1.));
#2434 = DIRECTION('',(1.,0.,-0.));
#2435 = DEFINITIONAL_REPRESENTATION('',(#2436),#2440);
#2436 = LINE('',#2437,#2438);
#2437 = CARTESIAN_POINT('',(0.,0.));
#2438 = VECTOR('',#2439,1.);
#2439 = DIRECTION('',(0.,1.));
#2440 = ( GEOMETRIC_REPRESENTATION_CONTEXT(2) 
PARAMETRIC_REPRESENTATION_CONTEXT() REPRESENTATION_CONTEXT('2D SPACE',''
  ) );
#2441 = ADVANCED_FACE('',(#2442),#2456,.T.);
#2442 = FACE_BOUND('',#2443,.T.);
#2443 = EDGE_LOOP('',(#2444,#2474,#2497,#2520));
#2444 = ORIENTED_EDGE('',*,*,#2445,.F.);
#2445 = EDGE_CURVE('',#2446,#2448,#2450,.T.);
#2446 = VERTEX_POINT('',#2447);
#2447 = CARTESIAN_POINT('',(215.,-210.,-23.));
#2448 = VERTEX_POINT('',#2449);
#2449 = CARTESIAN_POINT('',(215.,-210.,23.));
#2450 = SURFACE_CURVE('',#2451,(#2455,#2467),.PCURVE_S1.);
#2451 = LINE('',#2452,#2453);
#2452 = CARTESIAN_POINT('',(215.,-210.,-23.));
#2453 = VECTOR('',#2454,1.);
#2454 = DIRECTION('',(0.,0.,1.));
#2455 = PCURVE('',#2456,#2461);
#2456 = PLANE('',#2457);
#2457 = AXIS2_PLACEMENT_3D('',#2458,#2459,#2460);
#2458 = CARTESIAN_POINT('',(215.,-210.,-23.));
#2459 = DIRECTION('',(1.,0.,-0.));
#2460 = DIRECTION('',(0.,0.,1.));
#2461 = DEFINITIONAL_REPRESENTATION('',(#2462),#2466);
#2462 = LINE('',#2463,#2464);
#2463 = CARTESIAN_POINT('',(0.,0.));
#2464 = VECTOR('',#2465,1.);
#2465 = DIRECTION('',(1.,0.));
#2466 = ( GEOMETRIC_REPRESENTATION_CONTEXT(2) 
PARAMETRIC_REPRESENTATION_CONTEXT() REPRESENTATION_CONTEXT('2D SPACE',''
  ) );
#2467 = PCURVE('',#2348,#2468);
#2468 = DEFINITIONAL_REPRESENTATION('',(#2469),#2473);
#2469 = LINE('',#2470,#2471);
#2470 = CARTESIAN_POINT('',(0.,430.));
#2471 = VECTOR('',#2472,1.);
#2472 = DIRECTION('',(1.,0.));
#2473 = ( GEOMETRIC_REPRESENTATION_CONTEXT(2) 
PARAMETRIC_REPRESENTATION_CONTEXT() REPRESENTATION_CONTEXT('2D SPACE',''
  ) );
#2474 = ORIENTED_EDGE('',*,*,#2475,.T.);
#2475 = EDGE_CURVE('',#2446,#2476,#2478,.T.);
#2476 = VERTEX_POINT('',#2477);
#2477 = CARTESIAN_POINT('',(215.,210.,-23.));
#2478 = SURFACE_CURVE('',#2479,(#2483,#2490),.PCURVE_S1.);
#2479 = LINE('',#2480,#2481);
#2480 = CARTESIAN_POINT('',(215.,-210.,-23.));
#2481 = VECTOR('',#2482,1.);
#2482 = DIRECTION('',(-0.,1.,0.));
#2483 = PCURVE('',#2456,#2484);
#2484 = DEFINITIONAL_REPRESENTATION('',(#2485),#2489);
#2485 = LINE('',#2486,#2487);
#2486 = CARTESIAN_POINT('',(0.,0.));
#2487 = VECTOR('',#2488,1.);
#2488 = DIRECTION('',(0.,-1.));
#2489 = ( GEOMETRIC_REPRESENTATION_CONTEXT(2) 
PARAMETRIC_REPRESENTATION_CONTEXT() REPRESENTATION_CONTEXT('2D SPACE',''
  ) );
#2490 = PCURVE('',#2376,#2491);
#2491 = DEFINITIONAL_REPRESENTATION('',(#2492),#2496);
#2492 = LINE('',#2493,#2494);
#2493 = CARTESIAN_POINT('',(430.,0.));
#2494 = VECTOR('',#2495,1.);
#2495 = DIRECTION('',(0.,1.));
#2496 = ( GEOMETRIC_REPRESENTATION_CONTEXT(2) 
PARAMETRIC_REPRESENTATION_CONTEXT() REPRESENTATION_CONTEXT('2D SPACE',''
  ) );
#2497 = ORIENTED_EDGE('',*,*,#2498,.T.);
#2498 = EDGE_CURVE('',#2476,#2499,#2501,.T.);
#2499 = VERTEX_POINT('',#2500);
#2500 = CARTESIAN_POINT('',(215.,210.,23.));
#2501 = SURFACE_CURVE('',#2502,(#2506,#2513),.PCURVE_S1.);
#2502 = LINE('',#2503,#2504);
#2503 = CARTESIAN_POINT('',(215.,210.,-23.));
#2504 = VECTOR('',#2505,1.);
#2505 = DIRECTION('',(0.,0.,1.));
#2506 = PCURVE('',#2456,#2507);
#2507 = DEFINITIONAL_REPRESENTATION('',(#2508),#2512);
#2508 = LINE('',#2509,#2510);
#2509 = CARTESIAN_POINT('',(0.,-420.));
#2510 = VECTOR('',#2511,1.);
#2511 = DIRECTION('',(1.,0.));
#2512 = ( GEOMETRIC_REPRESENTATION_CONTEXT(2) 
PARAMETRIC_REPRESENTATION_CONTEXT() REPRESENTATION_CONTEXT('2D SPACE',''
  ) );
#2513 = PCURVE('',#2404,#2514);
#2514 = DEFINITIONAL_REPRESENTATION('',(#2515),#2519);
#2515 = LINE('',#2516,#2517);
#2516 = CARTESIAN_POINT('',(0.,430.));
#2517 = VECTOR('',#2518,1.);
#2518 = DIRECTION('',(1.,0.));
#2519 = ( GEOMETRIC_REPRESENTATION_CONTEXT(2) 
PARAMETRIC_REPRESENTATION_CONTEXT() REPRESENTATION_CONTEXT('2D SPACE',''
  ) );
#2520 = ORIENTED_EDGE('',*,*,#2521,.F.);
#2521 = EDGE_CURVE('',#2448,#2499,#2522,.T.);
#2522 = SURFACE_CURVE('',#2523,(#2527,#2534),.PCURVE_S1.);
#2523 = LINE('',#2524,#2525);
#2524 = CARTESIAN_POINT('',(215.,-210.,23.));
#2525 = VECTOR('',#2526,1.);
#2526 = DIRECTION('',(-0.,1.,0.));
#2527 = PCURVE('',#2456,#2528);
#2528 = DEFINITIONAL_REPRESENTATION('',(#2529),#2533);
#2529 = LINE('',#2530,#2531);
#2530 = CARTESIAN_POINT('',(46.,0.));
#2531 = VECTOR('',#2532,1.);
#2532 = DIRECTION('',(0.,-1.));
#2533 = ( GEOMETRIC_REPRESENTATION_CONTEXT(2) 
PARAMETRIC_REPRESENTATION_CONTEXT() REPRESENTATION_CONTEXT('2D SPACE',''
  ) );
#2534 = PCURVE('',#2430,#2535);
#2535 = DEFINITIONAL_REPRESENTATION('',(#2536),#2540);
#2536 = LINE('',#2537,#2538);
#2537 = CARTESIAN_POINT('',(430.,0.));
#2538 = VECTOR('',#2539,1.);
#2539 = DIRECTION('',(0.,1.));
#2540 = ( GEOMETRIC_REPRESENTATION_CONTEXT(2) 
PARAMETRIC_REPRESENTATION_CONTEXT() REPRESENTATION_CONTEXT('2D SPACE',''
  ) );
#2541 = ADVANCED_FACE('',(#2542),#2348,.F.);
#2542 = FACE_BOUND('',#2543,.F.);
#2543 = EDGE_LOOP('',(#2544,#2565,#2566,#2587));
#2544 = ORIENTED_EDGE('',*,*,#2545,.F.);
#2545 = EDGE_CURVE('',#2326,#2446,#2546,.T.);
#2546 = SURFACE_CURVE('',#2547,(#2551,#2558),.PCURVE_S1.);
#2547 = LINE('',#2548,#2549);
#2548 = CARTESIAN_POINT('',(-215.,-210.,-23.));
#2549 = VECTOR('',#2550,1.);
#2550 = DIRECTION('',(1.,0.,-0.));
#2551 = PCURVE('',#2348,#2552);
#2552 = DEFINITIONAL_REPRESENTATION('',(#2553),#2557);
#2553 = LINE('',#2554,#2555);
#2554 = CARTESIAN_POINT('',(0.,0.));
#2555 = VECTOR('',#2556,1.);
#2556 = DIRECTION('',(0.,1.));
#2557 = ( GEOMETRIC_REPRESENTATION_CONTEXT(2) 
PARAMETRIC_REPRESENTATION_CONTEXT() REPRESENTATION_CONTEXT('2D SPACE',''
  ) );
#2558 = PCURVE('',#2376,#2559);
#2559 = DEFINITIONAL_REPRESENTATION('',(#2560),#2564);
#2560 = LINE('',#2561,#2562);
#2561 = CARTESIAN_POINT('',(0.,0.));
#2562 = VECTOR('',#2563,1.);
#2563 = DIRECTION('',(1.,0.));
#2564 = ( GEOMETRIC_REPRESENTATION_CONTEXT(2) 
PARAMETRIC_REPRESENTATION_CONTEXT() REPRESENTATION_CONTEXT('2D SPACE',''
  ) );
#2565 = ORIENTED_EDGE('',*,*,#2325,.T.);
#2566 = ORIENTED_EDGE('',*,*,#2567,.T.);
#2567 = EDGE_CURVE('',#2328,#2448,#2568,.T.);
#2568 = SURFACE_CURVE('',#2569,(#2573,#2580),.PCURVE_S1.);
#2569 = LINE('',#2570,#2571);
#2570 = CARTESIAN_POINT('',(-215.,-210.,23.));
#2571 = VECTOR('',#2572,1.);
#2572 = DIRECTION('',(1.,0.,-0.));
#2573 = PCURVE('',#2348,#2574);
#2574 = DEFINITIONAL_REPRESENTATION('',(#2575),#2579);
#2575 = LINE('',#2576,#2577);
#2576 = CARTESIAN_POINT('',(46.,0.));
#2577 = VECTOR('',#2578,1.);
#2578 = DIRECTION('',(0.,1.));
#2579 = ( GEOMETRIC_REPRESENTATION_CONTEXT(2) 
PARAMETRIC_REPRESENTATION_CONTEXT() REPRESENTATION_CONTEXT('2D SPACE',''
  ) );
#2580 = PCURVE('',#2430,#2581);
#2581 = DEFINITIONAL_REPRESENTATION('',(#2582),#2586);
#2582 = LINE('',#2583,#2584);
#2583 = CARTESIAN_POINT('',(0.,0.));
#2584 = VECTOR('',#2585,1.);
#2585 = DIRECTION('',(1.,0.));
#2586 = ( GEOMETRIC_REPRESENTATION_CONTEXT(2) 
PARAMETRIC_REPRESENTATION_CONTEXT() REPRESENTATION_CONTEXT('2D SPACE',''
  ) );
#2587 = ORIENTED_EDGE('',*,*,#2445,.F.);
#2588 = ADVANCED_FACE('',(#2589),#2404,.T.);
#2589 = FACE_BOUND('',#2590,.T.);
#2590 = EDGE_LOOP('',(#2591,#2612,#2613,#2634));
#2591 = ORIENTED_EDGE('',*,*,#2592,.F.);
#2592 = EDGE_CURVE('',#2361,#2476,#2593,.T.);
#2593 = SURFACE_CURVE('',#2594,(#2598,#2605),.PCURVE_S1.);
#2594 = LINE('',#2595,#2596);
#2595 = CARTESIAN_POINT('',(-215.,210.,-23.));
#2596 = VECTOR('',#2597,1.);
#2597 = DIRECTION('',(1.,0.,-0.));
#2598 = PCURVE('',#2404,#2599);
#2599 = DEFINITIONAL_REPRESENTATION('',(#2600),#2604);
#2600 = LINE('',#2601,#2602);
#2601 = CARTESIAN_POINT('',(0.,0.));
#2602 = VECTOR('',#2603,1.);
#2603 = DIRECTION('',(0.,1.));
#2604 = ( GEOMETRIC_REPRESENTATION_CONTEXT(2) 
PARAMETRIC_REPRESENTATION_CONTEXT() REPRESENTATION_CONTEXT('2D SPACE',''
  ) );
#2605 = PCURVE('',#2376,#2606);
#2606 = DEFINITIONAL_REPRESENTATION('',(#2607),#2611);
#2607 = LINE('',#2608,#2609);
#2608 = CARTESIAN_POINT('',(0.,420.));
#2609 = VECTOR('',#2610,1.);
#2610 = DIRECTION('',(1.,0.));
#2611 = ( GEOMETRIC_REPRESENTATION_CONTEXT(2) 
PARAMETRIC_REPRESENTATION_CONTEXT() REPRESENTATION_CONTEXT('2D SPACE',''
  ) );
#2612 = ORIENTED_EDGE('',*,*,#2388,.T.);
#2613 = ORIENTED_EDGE('',*,*,#2614,.T.);
#2614 = EDGE_CURVE('',#2389,#2499,#2615,.T.);
#2615 = SURFACE_CURVE('',#2616,(#2620,#2627),.PCURVE_S1.);
#2616 = LINE('',#2617,#2618);
#2617 = CARTESIAN_POINT('',(-215.,210.,23.));
#2618 = VECTOR('',#2619,1.);
#2619 = DIRECTION('',(1.,0.,-0.));
#2620 = PCURVE('',#2404,#2621);
#2621 = DEFINITIONAL_REPRESENTATION('',(#2622),#2626);
#2622 = LINE('',#2623,#2624);
#2623 = CARTESIAN_POINT('',(46.,0.));
#2624 = VECTOR('',#2625,1.);
#2625 = DIRECTION('',(0.,1.));
#2626 = ( GEOMETRIC_REPRESENTATION_CONTEXT(2) 
PARAMETRIC_REPRESENTATION_CONTEXT() REPRESENTATION_CONTEXT('2D SPACE',''
  ) );
#2627 = PCURVE('',#2430,#2628);
#2628 = DEFINITIONAL_REPRESENTATION('',(#2629),#2633);
#2629 = LINE('',#2630,#2631);
#2630 = CARTESIAN_POINT('',(0.,420.));
#2631 = VECTOR('',#2632,1.);
#2632 = DIRECTION('',(1.,0.));
#2633 = ( GEOMETRIC_REPRESENTATION_CONTEXT(2) 
PARAMETRIC_REPRESENTATION_CONTEXT() REPRESENTATION_CONTEXT('2D SPACE',''
  ) );
#2634 = ORIENTED_EDGE('',*,*,#2498,.F.);
#2635 = ADVANCED_FACE('',(#2636),#2376,.F.);
#2636 = FACE_BOUND('',#2637,.F.);
#2637 = EDGE_LOOP('',(#2638,#2639,#2640,#2641));
#2638 = ORIENTED_EDGE('',*,*,#2360,.F.);
#2639 = ORIENTED_EDGE('',*,*,#2545,.T.);
#2640 = ORIENTED_EDGE('',*,*,#2475,.T.);
#2641 = ORIENTED_EDGE('',*,*,#2592,.F.);
#2642 = ADVANCED_FACE('',(#2643),#2430,.T.);
#2643 = FACE_BOUND('',#2644,.T.);
#2644 = EDGE_LOOP('',(#2645,#2646,#2647,#2648));
#2645 = ORIENTED_EDGE('',*,*,#2416,.F.);
#2646 = ORIENTED_EDGE('',*,*,#2567,.T.);
#2647 = ORIENTED_EDGE('',*,*,#2521,.T.);
#2648 = ORIENTED_EDGE('',*,*,#2614,.F.);
#2649 = ( GEOMETRIC_REPRESENTATION_CONTEXT(3) 
GLOBAL_UNCERTAINTY_ASSIGNED_CONTEXT((#2653)) 
GLOBAL_UNIT_ASSIGNED_CONTEXT((#2650,#2651,#2652)) REPRESENTATION_CONTEXT
('Context #1','3D Context with UNIT and UNCERTAINTY') );
#2650 = ( LENGTH_UNIT() NAMED_UNIT(*) SI_UNIT(.MILLI.,.METRE.) );
#2651 = ( NAMED_UNIT(*) PLANE_ANGLE_UNIT() SI_UNIT($,.RADIAN.) );
#2652 = ( NAMED_UNIT(*) SI_UNIT($,.STERADIAN.) SOLID_ANGLE_UNIT() );
#2653 = UNCERTAINTY_MEASURE_WITH_UNIT(LENGTH_MEASURE(1.E-07),#2650,
  'distance_accuracy_value','confusion accuracy');
#2654 = CONTEXT_DEPENDENT_SHAPE_REPRESENTATION(#2655,#2657);
#2655 = ( REPRESENTATION_RELATIONSHIP('','',#2318,#10) 
REPRESENTATION_RELATIONSHIP_WITH_TRANSFORMATION(#2656) 
SHAPE_REPRESENTATION_RELATIONSHIP() );
#2656 = ITEM_DEFINED_TRANSFORMATION('','',#11,#39);
#2657 = PRODUCT_DEFINITION_SHAPE('Placement','Placement of an item',
  #2658);
#2658 = NEXT_ASSEMBLY_USAGE_OCCURRENCE('7','=>[0:1:1:8]','',#5,#2313,$);
#2659 = PRODUCT_RELATED_PRODUCT_CATEGORY('part',$,(#2315));
#2660 = SHAPE_DEFINITION_REPRESENTATION(#2661,#2667);
#2661 = PRODUCT_DEFINITION_SHAPE('','',#2662);
#2662 = PRODUCT_DEFINITION('design','',#2663,#2666);
#2663 = PRODUCT_DEFINITION_FORMATION('','',#2664);
#2664 = PRODUCT('COMPOUND','COMPOUND','',(#2665));
#2665 = PRODUCT_CONTEXT('',#2,'mechanical');
#2666 = PRODUCT_DEFINITION_CONTEXT('part definition',#2,'design');
#2667 = ADVANCED_BREP_SHAPE_REPRESENTATION('',(#11,#2668),#2998);
#2668 = MANIFOLD_SOLID_BREP('',#2669);
#2669 = CLOSED_SHELL('',(#2670,#2790,#2890,#2937,#2984,#2991));
#2670 = ADVANCED_FACE('',(#2671),#2685,.F.);
#2671 = FACE_BOUND('',#2672,.F.);
#2672 = EDGE_LOOP('',(#2673,#2708,#2736,#2764));
#2673 = ORIENTED_EDGE('',*,*,#2674,.F.);
#2674 = EDGE_CURVE('',#2675,#2677,#2679,.T.);
#2675 = VERTEX_POINT('',#2676);
#2676 = CARTESIAN_POINT('',(-775.,-13.,-137.5));
#2677 = VERTEX_POINT('',#2678);
#2678 = CARTESIAN_POINT('',(-775.,-13.,137.5));
#2679 = SURFACE_CURVE('',#2680,(#2684,#2696),.PCURVE_S1.);
#2680 = LINE('',#2681,#2682);
#2681 = CARTESIAN_POINT('',(-775.,-13.,-137.5));
#2682 = VECTOR('',#2683,1.);
#2683 = DIRECTION('',(0.,0.,1.));
#2684 = PCURVE('',#2685,#2690);
#2685 = PLANE('',#2686);
#2686 = AXIS2_PLACEMENT_3D('',#2687,#2688,#2689);
#2687 = CARTESIAN_POINT('',(-775.,-13.,-137.5));
#2688 = DIRECTION('',(1.,0.,-0.));
#2689 = DIRECTION('',(0.,0.,1.));
#2690 = DEFINITIONAL_REPRESENTATION('',(#2691),#2695);
#2691 = LINE('',#2692,#2693);
#2692 = CARTESIAN_POINT('',(0.,0.));
#2693 = VECTOR('',#2694,1.);
#2694 = DIRECTION('',(1.,0.));
#2695 = ( GEOMETRIC_REPRESENTATION_CONTEXT(2) 
PARAMETRIC_REPRESENTATION_CONTEXT() REPRESENTATION_CONTEXT('2D SPACE',''
  ) );
#2696 = PCURVE('',#2697,#2702);
#2697 = PLANE('',#2698);
#2698 = AXIS2_PLACEMENT_3D('',#2699,#2700,#2701);
#2699 = CARTESIAN_POINT('',(-775.,-13.,-137.5));
#2700 = DIRECTION('',(-0.,1.,0.));
#2701 = DIRECTION('',(0.,0.,1.));
#2702 = DEFINITIONAL_REPRESENTATION('',(#2703),#2707);
#2703 = LINE('',#2704,#2705);
#2704 = CARTESIAN_POINT('',(0.,0.));
#2705 = VECTOR('',#2706,1.);
#2706 = DIRECTION('',(1.,0.));
#2707 = ( GEOMETRIC_REPRESENTATION_CONTEXT(2) 
PARAMETRIC_REPRESENTATION_CONTEXT() REPRESENTATION_CONTEXT('2D SPACE',''
  ) );
#2708 = ORIENTED_EDGE('',*,*,#2709,.T.);
#2709 = EDGE_CURVE('',#2675,#2710,#2712,.T.);
#2710 = VERTEX_POINT('',#2711);
#2711 = CARTESIAN_POINT('',(-775.,13.,-137.5));
#2712 = SURFACE_CURVE('',#2713,(#2717,#2724),.PCURVE_S1.);
#2713 = LINE('',#2714,#2715);
#2714 = CARTESIAN_POINT('',(-775.,-13.,-137.5));
#2715 = VECTOR('',#2716,1.);
#2716 = DIRECTION('',(-0.,1.,0.));
#2717 = PCURVE('',#2685,#2718);
#2718 = DEFINITIONAL_REPRESENTATION('',(#2719),#2723);
#2719 = LINE('',#2720,#2721);
#2720 = CARTESIAN_POINT('',(0.,0.));
#2721 = VECTOR('',#2722,1.);
#2722 = DIRECTION('',(0.,-1.));
#2723 = ( GEOMETRIC_REPRESENTATION_CONTEXT(2) 
PARAMETRIC_REPRESENTATION_CONTEXT() REPRESENTATION_CONTEXT('2D SPACE',''
  ) );
#2724 = PCURVE('',#2725,#2730);
#2725 = PLANE('',#2726);
#2726 = AXIS2_PLACEMENT_3D('',#2727,#2728,#2729);
#2727 = CARTESIAN_POINT('',(-775.,-13.,-137.5));
#2728 = DIRECTION('',(0.,0.,1.));
#2729 = DIRECTION('',(1.,0.,-0.));
#2730 = DEFINITIONAL_REPRESENTATION('',(#2731),#2735);
#2731 = LINE('',#2732,#2733);
#2732 = CARTESIAN_POINT('',(0.,0.));
#2733 = VECTOR('',#2734,1.);
#2734 = DIRECTION('',(0.,1.));
#2735 = ( GEOMETRIC_REPRESENTATION_CONTEXT(2) 
PARAMETRIC_REPRESENTATION_CONTEXT() REPRESENTATION_CONTEXT('2D SPACE',''
  ) );
#2736 = ORIENTED_EDGE('',*,*,#2737,.T.);
#2737 = EDGE_CURVE('',#2710,#2738,#2740,.T.);
#2738 = VERTEX_POINT('',#2739);
#2739 = CARTESIAN_POINT('',(-775.,13.,137.5));
#2740 = SURFACE_CURVE('',#2741,(#2745,#2752),.PCURVE_S1.);
#2741 = LINE('',#2742,#2743);
#2742 = CARTESIAN_POINT('',(-775.,13.,-137.5));
#2743 = VECTOR('',#2744,1.);
#2744 = DIRECTION('',(0.,0.,1.));
#2745 = PCURVE('',#2685,#2746);
#2746 = DEFINITIONAL_REPRESENTATION('',(#2747),#2751);
#2747 = LINE('',#2748,#2749);
#2748 = CARTESIAN_POINT('',(0.,-26.));
#2749 = VECTOR('',#2750,1.);
#2750 = DIRECTION('',(1.,0.));
#2751 = ( GEOMETRIC_REPRESENTATION_CONTEXT(2) 
PARAMETRIC_REPRESENTATION_CONTEXT() REPRESENTATION_CONTEXT('2D SPACE',''
  ) );
#2752 = PCURVE('',#2753,#2758);
#2753 = PLANE('',#2754);
#2754 = AXIS2_PLACEMENT_3D('',#2755,#2756,#2757);
#2755 = CARTESIAN_POINT('',(-775.,13.,-137.5));
#2756 = DIRECTION('',(-0.,1.,0.));
#2757 = DIRECTION('',(0.,0.,1.));
#2758 = DEFINITIONAL_REPRESENTATION('',(#2759),#2763);
#2759 = LINE('',#2760,#2761);
#2760 = CARTESIAN_POINT('',(0.,0.));
#2761 = VECTOR('',#2762,1.);
#2762 = DIRECTION('',(1.,0.));
#2763 = ( GEOMETRIC_REPRESENTATION_CONTEXT(2) 
PARAMETRIC_REPRESENTATION_CONTEXT() REPRESENTATION_CONTEXT('2D SPACE',''
  ) );
#2764 = ORIENTED_EDGE('',*,*,#2765,.F.);
#2765 = EDGE_CURVE('',#2677,#2738,#2766,.T.);
#2766 = SURFACE_CURVE('',#2767,(#2771,#2778),.PCURVE_S1.);
#2767 = LINE('',#2768,#2769);
#2768 = CARTESIAN_POINT('',(-775.,-13.,137.5));
#2769 = VECTOR('',#2770,1.);
#2770 = DIRECTION('',(-0.,1.,0.));
#2771 = PCURVE('',#2685,#2772);
#2772 = DEFINITIONAL_REPRESENTATION('',(#2773),#2777);
#2773 = LINE('',#2774,#2775);
#2774 = CARTESIAN_POINT('',(275.,0.));
#2775 = VECTOR('',#2776,1.);
#2776 = DIRECTION('',(0.,-1.));
#2777 = ( GEOMETRIC_REPRESENTATION_CONTEXT(2) 
PARAMETRIC_REPRESENTATION_CONTEXT() REPRESENTATION_CONTEXT('2D SPACE',''
  ) );
#2778 = PCURVE('',#2779,#2784);
#2779 = PLANE('',#2780);
#2780 = AXIS2_PLACEMENT_3D('',#2781,#2782,#2783);
#2781 = CARTESIAN_POINT('',(-775.,-13.,137.5));
#2782 = DIRECTION('',(0.,0.,1.));
#2783 = DIRECTION('',(1.,0.,-0.));
#2784 = DEFINITIONAL_REPRESENTATION('',(#2785),#2789);
#2785 = LINE('',#2786,#2787);
#2786 = CARTESIAN_POINT('',(0.,0.));
#2787 = VECTOR('',#2788,1.);
#2788 = DIRECTION('',(0.,1.));
#2789 = ( GEOMETRIC_REPRESENTATION_CONTEXT(2) 
PARAMETRIC_REPRESENTATION_CONTEXT() REPRESENTATION_CONTEXT('2D SPACE',''
  ) );
#2790 = ADVANCED_FACE('',(#2791),#2805,.T.);
#2791 = FACE_BOUND('',#2792,.T.);
#2792 = EDGE_LOOP('',(#2793,#2823,#2846,#2869));
#2793 = ORIENTED_EDGE('',*,*,#2794,.F.);
#2794 = EDGE_CURVE('',#2795,#2797,#2799,.T.);
#2795 = VERTEX_POINT('',#2796);
#2796 = CARTESIAN_POINT('',(775.,-13.,-137.5));
#2797 = VERTEX_POINT('',#2798);
#2798 = CARTESIAN_POINT('',(775.,-13.,137.5));
#2799 = SURFACE_CURVE('',#2800,(#2804,#2816),.PCURVE_S1.);
#2800 = LINE('',#2801,#2802);
#2801 = CARTESIAN_POINT('',(775.,-13.,-137.5));
#2802 = VECTOR('',#2803,1.);
#2803 = DIRECTION('',(0.,0.,1.));
#2804 = PCURVE('',#2805,#2810);
#2805 = PLANE('',#2806);
#2806 = AXIS2_PLACEMENT_3D('',#2807,#2808,#2809);
#2807 = CARTESIAN_POINT('',(775.,-13.,-137.5));
#2808 = DIRECTION('',(1.,0.,-0.));
#2809 = DIRECTION('',(0.,0.,1.));
#2810 = DEFINITIONAL_REPRESENTATION('',(#2811),#2815);
#2811 = LINE('',#2812,#2813);
#2812 = CARTESIAN_POINT('',(0.,0.));
#2813 = VECTOR('',#2814,1.);
#2814 = DIRECTION('',(1.,0.));
#2815 = ( GEOMETRIC_REPRESENTATION_CONTEXT(2) 
PARAMETRIC_REPRESENTATION_CONTEXT() REPRESENTATION_CONTEXT('2D SPACE',''
  ) );
#2816 = PCURVE('',#2697,#2817);
#2817 = DEFINITIONAL_REPRESENTATION('',(#2818),#2822);
#2818 = LINE('',#2819,#2820);
#2819 = CARTESIAN_POINT('',(0.,1.55E+03));
#2820 = VECTOR('',#2821,1.);
#2821 = DIRECTION('',(1.,0.));
#2822 = ( GEOMETRIC_REPRESENTATION_CONTEXT(2) 
PARAMETRIC_REPRESENTATION_CONTEXT() REPRESENTATION_CONTEXT('2D SPACE',''
  ) );
#2823 = ORIENTED_EDGE('',*,*,#2824,.T.);
#2824 = EDGE_CURVE('',#2795,#2825,#2827,.T.);
#2825 = VERTEX_POINT('',#2826);
#2826 = CARTESIAN_POINT('',(775.,13.,-137.5));
#2827 = SURFACE_CURVE('',#2828,(#2832,#2839),.PCURVE_S1.);
#2828 = LINE('',#2829,#2830);
#2829 = CARTESIAN_POINT('',(775.,-13.,-137.5));
#2830 = VECTOR('',#2831,1.);
#2831 = DIRECTION('',(-0.,1.,0.));
#2832 = PCURVE('',#2805,#2833);
#2833 = DEFINITIONAL_REPRESENTATION('',(#2834),#2838);
#2834 = LINE('',#2835,#2836);
#2835 = CARTESIAN_POINT('',(0.,0.));
#2836 = VECTOR('',#2837,1.);
#2837 = DIRECTION('',(0.,-1.));
#2838 = ( GEOMETRIC_REPRESENTATION_CONTEXT(2) 
PARAMETRIC_REPRESENTATION_CONTEXT() REPRESENTATION_CONTEXT('2D SPACE',''
  ) );
#2839 = PCURVE('',#2725,#2840);
#2840 = DEFINITIONAL_REPRESENTATION('',(#2841),#2845);
#2841 = LINE('',#2842,#2843);
#2842 = CARTESIAN_POINT('',(1.55E+03,0.));
#2843 = VECTOR('',#2844,1.);
#2844 = DIRECTION('',(0.,1.));
#2845 = ( GEOMETRIC_REPRESENTATION_CONTEXT(2) 
PARAMETRIC_REPRESENTATION_CONTEXT() REPRESENTATION_CONTEXT('2D SPACE',''
  ) );
#2846 = ORIENTED_EDGE('',*,*,#2847,.T.);
#2847 = EDGE_CURVE('',#2825,#2848,#2850,.T.);
#2848 = VERTEX_POINT('',#2849);
#2849 = CARTESIAN_POINT('',(775.,13.,137.5));
#2850 = SURFACE_CURVE('',#2851,(#2855,#2862),.PCURVE_S1.);
#2851 = LINE('',#2852,#2853);
#2852 = CARTESIAN_POINT('',(775.,13.,-137.5));
#2853 = VECTOR('',#2854,1.);
#2854 = DIRECTION('',(0.,0.,1.));
#2855 = PCURVE('',#2805,#2856);
#2856 = DEFINITIONAL_REPRESENTATION('',(#2857),#2861);
#2857 = LINE('',#2858,#2859);
#2858 = CARTESIAN_POINT('',(0.,-26.));
#2859 = VECTOR('',#2860,1.);
#2860 = DIRECTION('',(1.,0.));
#2861 = ( GEOMETRIC_REPRESENTATION_CONTEXT(2) 
PARAMETRIC_REPRESENTATION_CONTEXT() REPRESENTATION_CONTEXT('2D SPACE',''
  ) );
#2862 = PCURVE('',#2753,#2863);
#2863 = DEFINITIONAL_REPRESENTATION('',(#2864),#2868);
#2864 = LINE('',#2865,#2866);
#2865 = CARTESIAN_POINT('',(0.,1.55E+03));
#2866 = VECTOR('',#2867,1.);
#2867 = DIRECTION('',(1.,0.));
#2868 = ( GEOMETRIC_REPRESENTATION_CONTEXT(2) 
PARAMETRIC_REPRESENTATION_CONTEXT() REPRESENTATION_CONTEXT('2D SPACE',''
  ) );
#2869 = ORIENTED_EDGE('',*,*,#2870,.F.);
#2870 = EDGE_CURVE('',#2797,#2848,#2871,.T.);
#2871 = SURFACE_CURVE('',#2872,(#2876,#2883),.PCURVE_S1.);
#2872 = LINE('',#2873,#2874);
#2873 = CARTESIAN_POINT('',(775.,-13.,137.5));
#2874 = VECTOR('',#2875,1.);
#2875 = DIRECTION('',(-0.,1.,0.));
#2876 = PCURVE('',#2805,#2877);
#2877 = DEFINITIONAL_REPRESENTATION('',(#2878),#2882);
#2878 = LINE('',#2879,#2880);
#2879 = CARTESIAN_POINT('',(275.,0.));
#2880 = VECTOR('',#2881,1.);
#2881 = DIRECTION('',(0.,-1.));
#2882 = ( GEOMETRIC_REPRESENTATION_CONTEXT(2) 
PARAMETRIC_REPRESENTATION_CONTEXT() REPRESENTATION_CONTEXT('2D SPACE',''
  ) );
#2883 = PCURVE('',#2779,#2884);
#2884 = DEFINITIONAL_REPRESENTATION('',(#2885),#2889);
#2885 = LINE('',#2886,#2887);
#2886 = CARTESIAN_POINT('',(1.55E+03,0.));
#2887 = VECTOR('',#2888,1.);
#2888 = DIRECTION('',(0.,1.));
#2889 = ( GEOMETRIC_REPRESENTATION_CONTEXT(2) 
PARAMETRIC_REPRESENTATION_CONTEXT() REPRESENTATION_CONTEXT('2D SPACE',''
  ) );
#2890 = ADVANCED_FACE('',(#2891),#2697,.F.);
#2891 = FACE_BOUND('',#2892,.F.);
#2892 = EDGE_LOOP('',(#2893,#2914,#2915,#2936));
#2893 = ORIENTED_EDGE('',*,*,#2894,.F.);
#2894 = EDGE_CURVE('',#2675,#2795,#2895,.T.);
#2895 = SURFACE_CURVE('',#2896,(#2900,#2907),.PCURVE_S1.);
#2896 = LINE('',#2897,#2898);
#2897 = CARTESIAN_POINT('',(-775.,-13.,-137.5));
#2898 = VECTOR('',#2899,1.);
#2899 = DIRECTION('',(1.,0.,-0.));
#2900 = PCURVE('',#2697,#2901);
#2901 = DEFINITIONAL_REPRESENTATION('',(#2902),#2906);
#2902 = LINE('',#2903,#2904);
#2903 = CARTESIAN_POINT('',(0.,0.));
#2904 = VECTOR('',#2905,1.);
#2905 = DIRECTION('',(0.,1.));
#2906 = ( GEOMETRIC_REPRESENTATION_CONTEXT(2) 
PARAMETRIC_REPRESENTATION_CONTEXT() REPRESENTATION_CONTEXT('2D SPACE',''
  ) );
#2907 = PCURVE('',#2725,#2908);
#2908 = DEFINITIONAL_REPRESENTATION('',(#2909),#2913);
#2909 = LINE('',#2910,#2911);
#2910 = CARTESIAN_POINT('',(0.,0.));
#2911 = VECTOR('',#2912,1.);
#2912 = DIRECTION('',(1.,0.));
#2913 = ( GEOMETRIC_REPRESENTATION_CONTEXT(2) 
PARAMETRIC_REPRESENTATION_CONTEXT() REPRESENTATION_CONTEXT('2D SPACE',''
  ) );
#2914 = ORIENTED_EDGE('',*,*,#2674,.T.);
#2915 = ORIENTED_EDGE('',*,*,#2916,.T.);
#2916 = EDGE_CURVE('',#2677,#2797,#2917,.T.);
#2917 = SURFACE_CURVE('',#2918,(#2922,#2929),.PCURVE_S1.);
#2918 = LINE('',#2919,#2920);
#2919 = CARTESIAN_POINT('',(-775.,-13.,137.5));
#2920 = VECTOR('',#2921,1.);
#2921 = DIRECTION('',(1.,0.,-0.));
#2922 = PCURVE('',#2697,#2923);
#2923 = DEFINITIONAL_REPRESENTATION('',(#2924),#2928);
#2924 = LINE('',#2925,#2926);
#2925 = CARTESIAN_POINT('',(275.,0.));
#2926 = VECTOR('',#2927,1.);
#2927 = DIRECTION('',(0.,1.));
#2928 = ( GEOMETRIC_REPRESENTATION_CONTEXT(2) 
PARAMETRIC_REPRESENTATION_CONTEXT() REPRESENTATION_CONTEXT('2D SPACE',''
  ) );
#2929 = PCURVE('',#2779,#2930);
#2930 = DEFINITIONAL_REPRESENTATION('',(#2931),#2935);
#2931 = LINE('',#2932,#2933);
#2932 = CARTESIAN_POINT('',(0.,0.));
#2933 = VECTOR('',#2934,1.);
#2934 = DIRECTION('',(1.,0.));
#2935 = ( GEOMETRIC_REPRESENTATION_CONTEXT(2) 
PARAMETRIC_REPRESENTATION_CONTEXT() REPRESENTATION_CONTEXT('2D SPACE',''
  ) );
#2936 = ORIENTED_EDGE('',*,*,#2794,.F.);
#2937 = ADVANCED_FACE('',(#2938),#2753,.T.);
#2938 = FACE_BOUND('',#2939,.T.);
#2939 = EDGE_LOOP('',(#2940,#2961,#2962,#2983));
#2940 = ORIENTED_EDGE('',*,*,#2941,.F.);
#2941 = EDGE_CURVE('',#2710,#2825,#2942,.T.);
#2942 = SURFACE_CURVE('',#2943,(#2947,#2954),.PCURVE_S1.);
#2943 = LINE('',#2944,#2945);
#2944 = CARTESIAN_POINT('',(-775.,13.,-137.5));
#2945 = VECTOR('',#2946,1.);
#2946 = DIRECTION('',(1.,0.,-0.));
#2947 = PCURVE('',#2753,#2948);
#2948 = DEFINITIONAL_REPRESENTATION('',(#2949),#2953);
#2949 = LINE('',#2950,#2951);
#2950 = CARTESIAN_POINT('',(0.,0.));
#2951 = VECTOR('',#2952,1.);
#2952 = DIRECTION('',(0.,1.));
#2953 = ( GEOMETRIC_REPRESENTATION_CONTEXT(2) 
PARAMETRIC_REPRESENTATION_CONTEXT() REPRESENTATION_CONTEXT('2D SPACE',''
  ) );
#2954 = PCURVE('',#2725,#2955);
#2955 = DEFINITIONAL_REPRESENTATION('',(#2956),#2960);
#2956 = LINE('',#2957,#2958);
#2957 = CARTESIAN_POINT('',(0.,26.));
#2958 = VECTOR('',#2959,1.);
#2959 = DIRECTION('',(1.,0.));
#2960 = ( GEOMETRIC_REPRESENTATION_CONTEXT(2) 
PARAMETRIC_REPRESENTATION_CONTEXT() REPRESENTATION_CONTEXT('2D SPACE',''
  ) );
#2961 = ORIENTED_EDGE('',*,*,#2737,.T.);
#2962 = ORIENTED_EDGE('',*,*,#2963,.T.);
#2963 = EDGE_CURVE('',#2738,#2848,#2964,.T.);
#2964 = SURFACE_CURVE('',#2965,(#2969,#2976),.PCURVE_S1.);
#2965 = LINE('',#2966,#2967);
#2966 = CARTESIAN_POINT('',(-775.,13.,137.5));
#2967 = VECTOR('',#2968,1.);
#2968 = DIRECTION('',(1.,0.,-0.));
#2969 = PCURVE('',#2753,#2970);
#2970 = DEFINITIONAL_REPRESENTATION('',(#2971),#2975);
#2971 = LINE('',#2972,#2973);
#2972 = CARTESIAN_POINT('',(275.,0.));
#2973 = VECTOR('',#2974,1.);
#2974 = DIRECTION('',(0.,1.));
#2975 = ( GEOMETRIC_REPRESENTATION_CONTEXT(2) 
PARAMETRIC_REPRESENTATION_CONTEXT() REPRESENTATION_CONTEXT('2D SPACE',''
  ) );
#2976 = PCURVE('',#2779,#2977);
#2977 = DEFINITIONAL_REPRESENTATION('',(#2978),#2982);
#2978 = LINE('',#2979,#2980);
#2979 = CARTESIAN_POINT('',(0.,26.));
#2980 = VECTOR('',#2981,1.);
#2981 = DIRECTION('',(1.,0.));
#2982 = ( GEOMETRIC_REPRESENTATION_CONTEXT(2) 
PARAMETRIC_REPRESENTATION_CONTEXT() REPRESENTATION_CONTEXT('2D SPACE',''
  ) );
#2983 = ORIENTED_EDGE('',*,*,#2847,.F.);
#2984 = ADVANCED_FACE('',(#2985),#2725,.F.);
#2985 = FACE_BOUND('',#2986,.F.);
#2986 = EDGE_LOOP('',(#2987,#2988,#2989,#2990));
#2987 = ORIENTED_EDGE('',*,*,#2709,.F.);
#2988 = ORIENTED_EDGE('',*,*,#2894,.T.);
#2989 = ORIENTED_EDGE('',*,*,#2824,.T.);
#2990 = ORIENTED_EDGE('',*,*,#2941,.F.);
#2991 = ADVANCED_FACE('',(#2992),#2779,.T.);
#2992 = FACE_BOUND('',#2993,.T.);
#2993 = EDGE_LOOP('',(#2994,#2995,#2996,#2997));
#2994 = ORIENTED_EDGE('',*,*,#2765,.F.);
#2995 = ORIENTED_EDGE('',*,*,#2916,.T.);
#2996 = ORIENTED_EDGE('',*,*,#2870,.T.);
#2997 = ORIENTED_EDGE('',*,*,#2963,.F.);
#2998 = ( GEOMETRIC_REPRESENTATION_CONTEXT(3) 
GLOBAL_UNCERTAINTY_ASSIGNED_CONTEXT((#3002)) 
GLOBAL_UNIT_ASSIGNED_CONTEXT((#2999,#3000,#3001)) REPRESENTATION_CONTEXT
('Context #1','3D Context with UNIT and UNCERTAINTY') );
#2999 = ( LENGTH_UNIT() NAMED_UNIT(*) SI_UNIT(.MILLI.,.METRE.) );
#3000 = ( NAMED_UNIT(*) PLANE_ANGLE_UNIT() SI_UNIT($,.RADIAN.) );
#3001 = ( NAMED_UNIT(*) SI_UNIT($,.STERADIAN.) SOLID_ANGLE_UNIT() );
#3002 = UNCERTAINTY_MEASURE_WITH_UNIT(LENGTH_MEASURE(1.E-07),#2999,
  'distance_accuracy_value','confusion accuracy');
#3003 = CONTEXT_DEPENDENT_SHAPE_REPRESENTATION(#3004,#3006);
#3004 = ( REPRESENTATION_RELATIONSHIP('','',#2667,#10) 
REPRESENTATION_RELATIONSHIP_WITH_TRANSFORMATION(#3005) 
SHAPE_REPRESENTATION_RELATIONSHIP() );
#3005 = ITEM_DEFINED_TRANSFORMATION('','',#11,#43);
#3006 = PRODUCT_DEFINITION_SHAPE('Placement','Placement of an item',
  #3007);
#3007 = NEXT_ASSEMBLY_USAGE_OCCURRENCE('8','=>[0:1:1:9]','',#5,#2662,$);
#3008 = PRODUCT_RELATED_PRODUCT_CATEGORY('part',$,(#2664));
#3009 = SHAPE_DEFINITION_REPRESENTATION(#3010,#3016);
#3010 = PRODUCT_DEFINITION_SHAPE('','',#3011);
#3011 = PRODUCT_DEFINITION('design','',#3012,#3015);
#3012 = PRODUCT_DEFINITION_FORMATION('','',#3013);
#3013 = PRODUCT('COMPOUND','COMPOUND','',(#3014));
#3014 = PRODUCT_CONTEXT('',#2,'mechanical');
#3015 = PRODUCT_DEFINITION_CONTEXT('part definition',#2,'design');
#3016 = ADVANCED_BREP_SHAPE_REPRESENTATION('',(#11,#3017),#3347);
#3017 = MANIFOLD_SOLID_BREP('',#3018);
#3018 = CLOSED_SHELL('',(#3019,#3139,#3239,#3286,#3333,#3340));
#3019 = ADVANCED_FACE('',(#3020),#3034,.F.);
#3020 = FACE_BOUND('',#3021,.F.);
#3021 = EDGE_LOOP('',(#3022,#3057,#3085,#3113));
#3022 = ORIENTED_EDGE('',*,*,#3023,.F.);
#3023 = EDGE_CURVE('',#3024,#3026,#3028,.T.);
#3024 = VERTEX_POINT('',#3025);
#3025 = CARTESIAN_POINT('',(-775.,-13.,-137.5));
#3026 = VERTEX_POINT('',#3027);
#3027 = CARTESIAN_POINT('',(-775.,-13.,137.5));
#3028 = SURFACE_CURVE('',#3029,(#3033,#3045),.PCURVE_S1.);
#3029 = LINE('',#3030,#3031);
#3030 = CARTESIAN_POINT('',(-775.,-13.,-137.5));
#3031 = VECTOR('',#3032,1.);
#3032 = DIRECTION('',(0.,0.,1.));
#3033 = PCURVE('',#3034,#3039);
#3034 = PLANE('',#3035);
#3035 = AXIS2_PLACEMENT_3D('',#3036,#3037,#3038);
#3036 = CARTESIAN_POINT('',(-775.,-13.,-137.5));
#3037 = DIRECTION('',(1.,0.,-0.));
#3038 = DIRECTION('',(0.,0.,1.));
#3039 = DEFINITIONAL_REPRESENTATION('',(#3040),#3044);
#3040 = LINE('',#3041,#3042);
#3041 = CARTESIAN_POINT('',(0.,0.));
#3042 = VECTOR('',#3043,1.);
#3043 = DIRECTION('',(1.,0.));
#3044 = ( GEOMETRIC_REPRESENTATION_CONTEXT(2) 
PARAMETRIC_REPRESENTATION_CONTEXT() REPRESENTATION_CONTEXT('2D SPACE',''
  ) );
#3045 = PCURVE('',#3046,#3051);
#3046 = PLANE('',#3047);
#3047 = AXIS2_PLACEMENT_3D('',#3048,#3049,#3050);
#3048 = CARTESIAN_POINT('',(-775.,-13.,-137.5));
#3049 = DIRECTION('',(-0.,1.,0.));
#3050 = DIRECTION('',(0.,0.,1.));
#3051 = DEFINITIONAL_REPRESENTATION('',(#3052),#3056);
#3052 = LINE('',#3053,#3054);
#3053 = CARTESIAN_POINT('',(0.,0.));
#3054 = VECTOR('',#3055,1.);
#3055 = DIRECTION('',(1.,0.));
#3056 = ( GEOMETRIC_REPRESENTATION_CONTEXT(2) 
PARAMETRIC_REPRESENTATION_CONTEXT() REPRESENTATION_CONTEXT('2D SPACE',''
  ) );
#3057 = ORIENTED_EDGE('',*,*,#3058,.T.);
#3058 = EDGE_CURVE('',#3024,#3059,#3061,.T.);
#3059 = VERTEX_POINT('',#3060);
#3060 = CARTESIAN_POINT('',(-775.,13.,-137.5));
#3061 = SURFACE_CURVE('',#3062,(#3066,#3073),.PCURVE_S1.);
#3062 = LINE('',#3063,#3064);
#3063 = CARTESIAN_POINT('',(-775.,-13.,-137.5));
#3064 = VECTOR('',#3065,1.);
#3065 = DIRECTION('',(-0.,1.,0.));
#3066 = PCURVE('',#3034,#3067);
#3067 = DEFINITIONAL_REPRESENTATION('',(#3068),#3072);
#3068 = LINE('',#3069,#3070);
#3069 = CARTESIAN_POINT('',(0.,0.));
#3070 = VECTOR('',#3071,1.);
#3071 = DIRECTION('',(0.,-1.));
#3072 = ( GEOMETRIC_REPRESENTATION_CONTEXT(2) 
PARAMETRIC_REPRESENTATION_CONTEXT() REPRESENTATION_CONTEXT('2D SPACE',''
  ) );
#3073 = PCURVE('',#3074,#3079);
#3074 = PLANE('',#3075);
#3075 = AXIS2_PLACEMENT_3D('',#3076,#3077,#3078);
#3076 = CARTESIAN_POINT('',(-775.,-13.,-137.5));
#3077 = DIRECTION('',(0.,0.,1.));
#3078 = DIRECTION('',(1.,0.,-0.));
#3079 = DEFINITIONAL_REPRESENTATION('',(#3080),#3084);
#3080 = LINE('',#3081,#3082);
#3081 = CARTESIAN_POINT('',(0.,0.));
#3082 = VECTOR('',#3083,1.);
#3083 = DIRECTION('',(0.,1.));
#3084 = ( GEOMETRIC_REPRESENTATION_CONTEXT(2) 
PARAMETRIC_REPRESENTATION_CONTEXT() REPRESENTATION_CONTEXT('2D SPACE',''
  ) );
#3085 = ORIENTED_EDGE('',*,*,#3086,.T.);
#3086 = EDGE_CURVE('',#3059,#3087,#3089,.T.);
#3087 = VERTEX_POINT('',#3088);
#3088 = CARTESIAN_POINT('',(-775.,13.,137.5));
#3089 = SURFACE_CURVE('',#3090,(#3094,#3101),.PCURVE_S1.);
#3090 = LINE('',#3091,#3092);
#3091 = CARTESIAN_POINT('',(-775.,13.,-137.5));
#3092 = VECTOR('',#3093,1.);
#3093 = DIRECTION('',(0.,0.,1.));
#3094 = PCURVE('',#3034,#3095);
#3095 = DEFINITIONAL_REPRESENTATION('',(#3096),#3100);
#3096 = LINE('',#3097,#3098);
#3097 = CARTESIAN_POINT('',(0.,-26.));
#3098 = VECTOR('',#3099,1.);
#3099 = DIRECTION('',(1.,0.));
#3100 = ( GEOMETRIC_REPRESENTATION_CONTEXT(2) 
PARAMETRIC_REPRESENTATION_CONTEXT() REPRESENTATION_CONTEXT('2D SPACE',''
  ) );
#3101 = PCURVE('',#3102,#3107);
#3102 = PLANE('',#3103);
#3103 = AXIS2_PLACEMENT_3D('',#3104,#3105,#3106);
#3104 = CARTESIAN_POINT('',(-775.,13.,-137.5));
#3105 = DIRECTION('',(-0.,1.,0.));
#3106 = DIRECTION('',(0.,0.,1.));
#3107 = DEFINITIONAL_REPRESENTATION('',(#3108),#3112);
#3108 = LINE('',#3109,#3110);
#3109 = CARTESIAN_POINT('',(0.,0.));
#3110 = VECTOR('',#3111,1.);
#3111 = DIRECTION('',(1.,0.));
#3112 = ( GEOMETRIC_REPRESENTATION_CONTEXT(2) 
PARAMETRIC_REPRESENTATION_CONTEXT() REPRESENTATION_CONTEXT('2D SPACE',''
  ) );
#3113 = ORIENTED_EDGE('',*,*,#3114,.F.);
#3114 = EDGE_CURVE('',#3026,#3087,#3115,.T.);
#3115 = SURFACE_CURVE('',#3116,(#3120,#3127),.PCURVE_S1.);
#3116 = LINE('',#3117,#3118);
#3117 = CARTESIAN_POINT('',(-775.,-13.,137.5));
#3118 = VECTOR('',#3119,1.);
#3119 = DIRECTION('',(-0.,1.,0.));
#3120 = PCURVE('',#3034,#3121);
#3121 = DEFINITIONAL_REPRESENTATION('',(#3122),#3126);
#3122 = LINE('',#3123,#3124);
#3123 = CARTESIAN_POINT('',(275.,0.));
#3124 = VECTOR('',#3125,1.);
#3125 = DIRECTION('',(0.,-1.));
#3126 = ( GEOMETRIC_REPRESENTATION_CONTEXT(2) 
PARAMETRIC_REPRESENTATION_CONTEXT() REPRESENTATION_CONTEXT('2D SPACE',''
  ) );
#3127 = PCURVE('',#3128,#3133);
#3128 = PLANE('',#3129);
#3129 = AXIS2_PLACEMENT_3D('',#3130,#3131,#3132);
#3130 = CARTESIAN_POINT('',(-775.,-13.,137.5));
#3131 = DIRECTION('',(0.,0.,1.));
#3132 = DIRECTION('',(1.,0.,-0.));
#3133 = DEFINITIONAL_REPRESENTATION('',(#3134),#3138);
#3134 = LINE('',#3135,#3136);
#3135 = CARTESIAN_POINT('',(0.,0.));
#3136 = VECTOR('',#3137,1.);
#3137 = DIRECTION('',(0.,1.));
#3138 = ( GEOMETRIC_REPRESENTATION_CONTEXT(2) 
PARAMETRIC_REPRESENTATION_CONTEXT() REPRESENTATION_CONTEXT('2D SPACE',''
  ) );
#3139 = ADVANCED_FACE('',(#3140),#3154,.T.);
#3140 = FACE_BOUND('',#3141,.T.);
#3141 = EDGE_LOOP('',(#3142,#3172,#3195,#3218));
#3142 = ORIENTED_EDGE('',*,*,#3143,.F.);
#3143 = EDGE_CURVE('',#3144,#3146,#3148,.T.);
#3144 = VERTEX_POINT('',#3145);
#3145 = CARTESIAN_POINT('',(775.,-13.,-137.5));
#3146 = VERTEX_POINT('',#3147);
#3147 = CARTESIAN_POINT('',(775.,-13.,137.5));
#3148 = SURFACE_CURVE('',#3149,(#3153,#3165),.PCURVE_S1.);
#3149 = LINE('',#3150,#3151);
#3150 = CARTESIAN_POINT('',(775.,-13.,-137.5));
#3151 = VECTOR('',#3152,1.);
#3152 = DIRECTION('',(0.,0.,1.));
#3153 = PCURVE('',#3154,#3159);
#3154 = PLANE('',#3155);
#3155 = AXIS2_PLACEMENT_3D('',#3156,#3157,#3158);
#3156 = CARTESIAN_POINT('',(775.,-13.,-137.5));
#3157 = DIRECTION('',(1.,0.,-0.));
#3158 = DIRECTION('',(0.,0.,1.));
#3159 = DEFINITIONAL_REPRESENTATION('',(#3160),#3164);
#3160 = LINE('',#3161,#3162);
#3161 = CARTESIAN_POINT('',(0.,0.));
#3162 = VECTOR('',#3163,1.);
#3163 = DIRECTION('',(1.,0.));
#3164 = ( GEOMETRIC_REPRESENTATION_CONTEXT(2) 
PARAMETRIC_REPRESENTATION_CONTEXT() REPRESENTATION_CONTEXT('2D SPACE',''
  ) );
#3165 = PCURVE('',#3046,#3166);
#3166 = DEFINITIONAL_REPRESENTATION('',(#3167),#3171);
#3167 = LINE('',#3168,#3169);
#3168 = CARTESIAN_POINT('',(0.,1.55E+03));
#3169 = VECTOR('',#3170,1.);
#3170 = DIRECTION('',(1.,0.));
#3171 = ( GEOMETRIC_REPRESENTATION_CONTEXT(2) 
PARAMETRIC_REPRESENTATION_CONTEXT() REPRESENTATION_CONTEXT('2D SPACE',''
  ) );
#3172 = ORIENTED_EDGE('',*,*,#3173,.T.);
#3173 = EDGE_CURVE('',#3144,#3174,#3176,.T.);
#3174 = VERTEX_POINT('',#3175);
#3175 = CARTESIAN_POINT('',(775.,13.,-137.5));
#3176 = SURFACE_CURVE('',#3177,(#3181,#3188),.PCURVE_S1.);
#3177 = LINE('',#3178,#3179);
#3178 = CARTESIAN_POINT('',(775.,-13.,-137.5));
#3179 = VECTOR('',#3180,1.);
#3180 = DIRECTION('',(-0.,1.,0.));
#3181 = PCURVE('',#3154,#3182);
#3182 = DEFINITIONAL_REPRESENTATION('',(#3183),#3187);
#3183 = LINE('',#3184,#3185);
#3184 = CARTESIAN_POINT('',(0.,0.));
#3185 = VECTOR('',#3186,1.);
#3186 = DIRECTION('',(0.,-1.));
#3187 = ( GEOMETRIC_REPRESENTATION_CONTEXT(2) 
PARAMETRIC_REPRESENTATION_CONTEXT() REPRESENTATION_CONTEXT('2D SPACE',''
  ) );
#3188 = PCURVE('',#3074,#3189);
#3189 = DEFINITIONAL_REPRESENTATION('',(#3190),#3194);
#3190 = LINE('',#3191,#3192);
#3191 = CARTESIAN_POINT('',(1.55E+03,0.));
#3192 = VECTOR('',#3193,1.);
#3193 = DIRECTION('',(0.,1.));
#3194 = ( GEOMETRIC_REPRESENTATION_CONTEXT(2) 
PARAMETRIC_REPRESENTATION_CONTEXT() REPRESENTATION_CONTEXT('2D SPACE',''
  ) );
#3195 = ORIENTED_EDGE('',*,*,#3196,.T.);
#3196 = EDGE_CURVE('',#3174,#3197,#3199,.T.);
#3197 = VERTEX_POINT('',#3198);
#3198 = CARTESIAN_POINT('',(775.,13.,137.5));
#3199 = SURFACE_CURVE('',#3200,(#3204,#3211),.PCURVE_S1.);
#3200 = LINE('',#3201,#3202);
#3201 = CARTESIAN_POINT('',(775.,13.,-137.5));
#3202 = VECTOR('',#3203,1.);
#3203 = DIRECTION('',(0.,0.,1.));
#3204 = PCURVE('',#3154,#3205);
#3205 = DEFINITIONAL_REPRESENTATION('',(#3206),#3210);
#3206 = LINE('',#3207,#3208);
#3207 = CARTESIAN_POINT('',(0.,-26.));
#3208 = VECTOR('',#3209,1.);
#3209 = DIRECTION('',(1.,0.));
#3210 = ( GEOMETRIC_REPRESENTATION_CONTEXT(2) 
PARAMETRIC_REPRESENTATION_CONTEXT() REPRESENTATION_CONTEXT('2D SPACE',''
  ) );
#3211 = PCURVE('',#3102,#3212);
#3212 = DEFINITIONAL_REPRESENTATION('',(#3213),#3217);
#3213 = LINE('',#3214,#3215);
#3214 = CARTESIAN_POINT('',(0.,1.55E+03));
#3215 = VECTOR('',#3216,1.);
#3216 = DIRECTION('',(1.,0.));
#3217 = ( GEOMETRIC_REPRESENTATION_CONTEXT(2) 
PARAMETRIC_REPRESENTATION_CONTEXT() REPRESENTATION_CONTEXT('2D SPACE',''
  ) );
#3218 = ORIENTED_EDGE('',*,*,#3219,.F.);
#3219 = EDGE_CURVE('',#3146,#3197,#3220,.T.);
#3220 = SURFACE_CURVE('',#3221,(#3225,#3232),.PCURVE_S1.);
#3221 = LINE('',#3222,#3223);
#3222 = CARTESIAN_POINT('',(775.,-13.,137.5));
#3223 = VECTOR('',#3224,1.);
#3224 = DIRECTION('',(-0.,1.,0.));
#3225 = PCURVE('',#3154,#3226);
#3226 = DEFINITIONAL_REPRESENTATION('',(#3227),#3231);
#3227 = LINE('',#3228,#3229);
#3228 = CARTESIAN_POINT('',(275.,0.));
#3229 = VECTOR('',#3230,1.);
#3230 = DIRECTION('',(0.,-1.));
#3231 = ( GEOMETRIC_REPRESENTATION_CONTEXT(2) 
PARAMETRIC_REPRESENTATION_CONTEXT() REPRESENTATION_CONTEXT('2D SPACE',''
  ) );
#3232 = PCURVE('',#3128,#3233);
#3233 = DEFINITIONAL_REPRESENTATION('',(#3234),#3238);
#3234 = LINE('',#3235,#3236);
#3235 = CARTESIAN_POINT('',(1.55E+03,0.));
#3236 = VECTOR('',#3237,1.);
#3237 = DIRECTION('',(0.,1.));
#3238 = ( GEOMETRIC_REPRESENTATION_CONTEXT(2) 
PARAMETRIC_REPRESENTATION_CONTEXT() REPRESENTATION_CONTEXT('2D SPACE',''
  ) );
#3239 = ADVANCED_FACE('',(#3240),#3046,.F.);
#3240 = FACE_BOUND('',#3241,.F.);
#3241 = EDGE_LOOP('',(#3242,#3263,#3264,#3285));
#3242 = ORIENTED_EDGE('',*,*,#3243,.F.);
#3243 = EDGE_CURVE('',#3024,#3144,#3244,.T.);
#3244 = SURFACE_CURVE('',#3245,(#3249,#3256),.PCURVE_S1.);
#3245 = LINE('',#3246,#3247);
#3246 = CARTESIAN_POINT('',(-775.,-13.,-137.5));
#3247 = VECTOR('',#3248,1.);
#3248 = DIRECTION('',(1.,0.,-0.));
#3249 = PCURVE('',#3046,#3250);
#3250 = DEFINITIONAL_REPRESENTATION('',(#3251),#3255);
#3251 = LINE('',#3252,#3253);
#3252 = CARTESIAN_POINT('',(0.,0.));
#3253 = VECTOR('',#3254,1.);
#3254 = DIRECTION('',(0.,1.));
#3255 = ( GEOMETRIC_REPRESENTATION_CONTEXT(2) 
PARAMETRIC_REPRESENTATION_CONTEXT() REPRESENTATION_CONTEXT('2D SPACE',''
  ) );
#3256 = PCURVE('',#3074,#3257);
#3257 = DEFINITIONAL_REPRESENTATION('',(#3258),#3262);
#3258 = LINE('',#3259,#3260);
#3259 = CARTESIAN_POINT('',(0.,0.));
#3260 = VECTOR('',#3261,1.);
#3261 = DIRECTION('',(1.,0.));
#3262 = ( GEOMETRIC_REPRESENTATION_CONTEXT(2) 
PARAMETRIC_REPRESENTATION_CONTEXT() REPRESENTATION_CONTEXT('2D SPACE',''
  ) );
#3263 = ORIENTED_EDGE('',*,*,#3023,.T.);
#3264 = ORIENTED_EDGE('',*,*,#3265,.T.);
#3265 = EDGE_CURVE('',#3026,#3146,#3266,.T.);
#3266 = SURFACE_CURVE('',#3267,(#3271,#3278),.PCURVE_S1.);
#3267 = LINE('',#3268,#3269);
#3268 = CARTESIAN_POINT('',(-775.,-13.,137.5));
#3269 = VECTOR('',#3270,1.);
#3270 = DIRECTION('',(1.,0.,-0.));
#3271 = PCURVE('',#3046,#3272);
#3272 = DEFINITIONAL_REPRESENTATION('',(#3273),#3277);
#3273 = LINE('',#3274,#3275);
#3274 = CARTESIAN_POINT('',(275.,0.));
#3275 = VECTOR('',#3276,1.);
#3276 = DIRECTION('',(0.,1.));
#3277 = ( GEOMETRIC_REPRESENTATION_CONTEXT(2) 
PARAMETRIC_REPRESENTATION_CONTEXT() REPRESENTATION_CONTEXT('2D SPACE',''
  ) );
#3278 = PCURVE('',#3128,#3279);
#3279 = DEFINITIONAL_REPRESENTATION('',(#3280),#3284);
#3280 = LINE('',#3281,#3282);
#3281 = CARTESIAN_POINT('',(0.,0.));
#3282 = VECTOR('',#3283,1.);
#3283 = DIRECTION('',(1.,0.));
#3284 = ( GEOMETRIC_REPRESENTATION_CONTEXT(2) 
PARAMETRIC_REPRESENTATION_CONTEXT() REPRESENTATION_CONTEXT('2D SPACE',''
  ) );
#3285 = ORIENTED_EDGE('',*,*,#3143,.F.);
#3286 = ADVANCED_FACE('',(#3287),#3102,.T.);
#3287 = FACE_BOUND('',#3288,.T.);
#3288 = EDGE_LOOP('',(#3289,#3310,#3311,#3332));
#3289 = ORIENTED_EDGE('',*,*,#3290,.F.);
#3290 = EDGE_CURVE('',#3059,#3174,#3291,.T.);
#3291 = SURFACE_CURVE('',#3292,(#3296,#3303),.PCURVE_S1.);
#3292 = LINE('',#3293,#3294);
#3293 = CARTESIAN_POINT('',(-775.,13.,-137.5));
#3294 = VECTOR('',#3295,1.);
#3295 = DIRECTION('',(1.,0.,-0.));
#3296 = PCURVE('',#3102,#3297);
#3297 = DEFINITIONAL_REPRESENTATION('',(#3298),#3302);
#3298 = LINE('',#3299,#3300);
#3299 = CARTESIAN_POINT('',(0.,0.));
#3300 = VECTOR('',#3301,1.);
#3301 = DIRECTION('',(0.,1.));
#3302 = ( GEOMETRIC_REPRESENTATION_CONTEXT(2) 
PARAMETRIC_REPRESENTATION_CONTEXT() REPRESENTATION_CONTEXT('2D SPACE',''
  ) );
#3303 = PCURVE('',#3074,#3304);
#3304 = DEFINITIONAL_REPRESENTATION('',(#3305),#3309);
#3305 = LINE('',#3306,#3307);
#3306 = CARTESIAN_POINT('',(0.,26.));
#3307 = VECTOR('',#3308,1.);
#3308 = DIRECTION('',(1.,0.));
#3309 = ( GEOMETRIC_REPRESENTATION_CONTEXT(2) 
PARAMETRIC_REPRESENTATION_CONTEXT() REPRESENTATION_CONTEXT('2D SPACE',''
  ) );
#3310 = ORIENTED_EDGE('',*,*,#3086,.T.);
#3311 = ORIENTED_EDGE('',*,*,#3312,.T.);
#3312 = EDGE_CURVE('',#3087,#3197,#3313,.T.);
#3313 = SURFACE_CURVE('',#3314,(#3318,#3325),.PCURVE_S1.);
#3314 = LINE('',#3315,#3316);
#3315 = CARTESIAN_POINT('',(-775.,13.,137.5));
#3316 = VECTOR('',#3317,1.);
#3317 = DIRECTION('',(1.,0.,-0.));
#3318 = PCURVE('',#3102,#3319);
#3319 = DEFINITIONAL_REPRESENTATION('',(#3320),#3324);
#3320 = LINE('',#3321,#3322);
#3321 = CARTESIAN_POINT('',(275.,0.));
#3322 = VECTOR('',#3323,1.);
#3323 = DIRECTION('',(0.,1.));
#3324 = ( GEOMETRIC_REPRESENTATION_CONTEXT(2) 
PARAMETRIC_REPRESENTATION_CONTEXT() REPRESENTATION_CONTEXT('2D SPACE',''
  ) );
#3325 = PCURVE('',#3128,#3326);
#3326 = DEFINITIONAL_REPRESENTATION('',(#3327),#3331);
#3327 = LINE('',#3328,#3329);
#3328 = CARTESIAN_POINT('',(0.,26.));
#3329 = VECTOR('',#3330,1.);
#3330 = DIRECTION('',(1.,0.));
#3331 = ( GEOMETRIC_REPRESENTATION_CONTEXT(2) 
PARAMETRIC_REPRESENTATION_CONTEXT() REPRESENTATION_CONTEXT('2D SPACE',''
  ) );
#3332 = ORIENTED_EDGE('',*,*,#3196,.F.);
#3333 = ADVANCED_FACE('',(#3334),#3074,.F.);
#3334 = FACE_BOUND('',#3335,.F.);
#3335 = EDGE_LOOP('',(#3336,#3337,#3338,#3339));
#3336 = ORIENTED_EDGE('',*,*,#3058,.F.);
#3337 = ORIENTED_EDGE('',*,*,#3243,.T.);
#3338 = ORIENTED_EDGE('',*,*,#3173,.T.);
#3339 = ORIENTED_EDGE('',*,*,#3290,.F.);
#3340 = ADVANCED_FACE('',(#3341),#3128,.T.);
#3341 = FACE_BOUND('',#3342,.T.);
#3342 = EDGE_LOOP('',(#3343,#3344,#3345,#3346));
#3343 = ORIENTED_EDGE('',*,*,#3114,.F.);
#3344 = ORIENTED_EDGE('',*,*,#3265,.T.);
#3345 = ORIENTED_EDGE('',*,*,#3219,.T.);
#3346 = ORIENTED_EDGE('',*,*,#3312,.F.);
#3347 = ( GEOMETRIC_REPRESENTATION_CONTEXT(3) 
GLOBAL_UNCERTAINTY_ASSIGNED_CONTEXT((#3351)) 
GLOBAL_UNIT_ASSIGNED_CONTEXT((#3348,#3349,#3350)) REPRESENTATION_CONTEXT
('Context #1','3D Context with UNIT and UNCERTAINTY') );
#3348 = ( LENGTH_UNIT() NAMED_UNIT(*) SI_UNIT(.MILLI.,.METRE.) );
#3349 = ( NAMED_UNIT(*) PLANE_ANGLE_UNIT() SI_UNIT($,.RADIAN.) );
#3350 = ( NAMED_UNIT(*) SI_UNIT($,.STERADIAN.) SOLID_ANGLE_UNIT() );
#3351 = UNCERTAINTY_MEASURE_WITH_UNIT(LENGTH_MEASURE(1.E-07),#3348,
  'distance_accuracy_value','confusion accuracy');
#3352 = CONTEXT_DEPENDENT_SHAPE_REPRESENTATION(#3353,#3355);
#3353 = ( REPRESENTATION_RELATIONSHIP('','',#3016,#10) 
REPRESENTATION_RELATIONSHIP_WITH_TRANSFORMATION(#3354) 
SHAPE_REPRESENTATION_RELATIONSHIP() );
#3354 = ITEM_DEFINED_TRANSFORMATION('','',#11,#47);
#3355 = PRODUCT_DEFINITION_SHAPE('Placement','Placement of an item',
  #3356);
#3356 = NEXT_ASSEMBLY_USAGE_OCCURRENCE('9','=>[0:1:1:10]','',#5,#3011,$
  );
#3357 = PRODUCT_RELATED_PRODUCT_CATEGORY('part',$,(#3013));
#3358 = SHAPE_DEFINITION_REPRESENTATION(#3359,#3365);
#3359 = PRODUCT_DEFINITION_SHAPE('','',#3360);
#3360 = PRODUCT_DEFINITION('design','',#3361,#3364);
#3361 = PRODUCT_DEFINITION_FORMATION('','',#3362);
#3362 = PRODUCT('COMPOUND','COMPOUND','',(#3363));
#3363 = PRODUCT_CONTEXT('',#2,'mechanical');
#3364 = PRODUCT_DEFINITION_CONTEXT('part definition',#2,'design');
#3365 = ADVANCED_BREP_SHAPE_REPRESENTATION('',(#11,#3366),#3696);
#3366 = MANIFOLD_SOLID_BREP('',#3367);
#3367 = CLOSED_SHELL('',(#3368,#3488,#3588,#3635,#3682,#3689));
#3368 = ADVANCED_FACE('',(#3369),#3383,.F.);
#3369 = FACE_BOUND('',#3370,.F.);
#3370 = EDGE_LOOP('',(#3371,#3406,#3434,#3462));
#3371 = ORIENTED_EDGE('',*,*,#3372,.F.);
#3372 = EDGE_CURVE('',#3373,#3375,#3377,.T.);
#3373 = VERTEX_POINT('',#3374);
#3374 = CARTESIAN_POINT('',(-775.,-165.,-9.));
#3375 = VERTEX_POINT('',#3376);
#3376 = CARTESIAN_POINT('',(-775.,-165.,9.));
#3377 = SURFACE_CURVE('',#3378,(#3382,#3394),.PCURVE_S1.);
#3378 = LINE('',#3379,#3380);
#3379 = CARTESIAN_POINT('',(-775.,-165.,-9.));
#3380 = VECTOR('',#3381,1.);
#3381 = DIRECTION('',(0.,0.,1.));
#3382 = PCURVE('',#3383,#3388);
#3383 = PLANE('',#3384);
#3384 = AXIS2_PLACEMENT_3D('',#3385,#3386,#3387);
#3385 = CARTESIAN_POINT('',(-775.,-165.,-9.));
#3386 = DIRECTION('',(1.,0.,-0.));
#3387 = DIRECTION('',(0.,0.,1.));
#3388 = DEFINITIONAL_REPRESENTATION('',(#3389),#3393);
#3389 = LINE('',#3390,#3391);
#3390 = CARTESIAN_POINT('',(0.,0.));
#3391 = VECTOR('',#3392,1.);
#3392 = DIRECTION('',(1.,0.));
#3393 = ( GEOMETRIC_REPRESENTATION_CONTEXT(2) 
PARAMETRIC_REPRESENTATION_CONTEXT() REPRESENTATION_CONTEXT('2D SPACE',''
  ) );
#3394 = PCURVE('',#3395,#3400);
#3395 = PLANE('',#3396);
#3396 = AXIS2_PLACEMENT_3D('',#3397,#3398,#3399);
#3397 = CARTESIAN_POINT('',(-775.,-165.,-9.));
#3398 = DIRECTION('',(-0.,1.,0.));
#3399 = DIRECTION('',(0.,0.,1.));
#3400 = DEFINITIONAL_REPRESENTATION('',(#3401),#3405);
#3401 = LINE('',#3402,#3403);
#3402 = CARTESIAN_POINT('',(0.,0.));
#3403 = VECTOR('',#3404,1.);
#3404 = DIRECTION('',(1.,0.));
#3405 = ( GEOMETRIC_REPRESENTATION_CONTEXT(2) 
PARAMETRIC_REPRESENTATION_CONTEXT() REPRESENTATION_CONTEXT('2D SPACE',''
  ) );
#3406 = ORIENTED_EDGE('',*,*,#3407,.T.);
#3407 = EDGE_CURVE('',#3373,#3408,#3410,.T.);
#3408 = VERTEX_POINT('',#3409);
#3409 = CARTESIAN_POINT('',(-775.,165.,-9.));
#3410 = SURFACE_CURVE('',#3411,(#3415,#3422),.PCURVE_S1.);
#3411 = LINE('',#3412,#3413);
#3412 = CARTESIAN_POINT('',(-775.,-165.,-9.));
#3413 = VECTOR('',#3414,1.);
#3414 = DIRECTION('',(-0.,1.,0.));
#3415 = PCURVE('',#3383,#3416);
#3416 = DEFINITIONAL_REPRESENTATION('',(#3417),#3421);
#3417 = LINE('',#3418,#3419);
#3418 = CARTESIAN_POINT('',(0.,0.));
#3419 = VECTOR('',#3420,1.);
#3420 = DIRECTION('',(0.,-1.));
#3421 = ( GEOMETRIC_REPRESENTATION_CONTEXT(2) 
PARAMETRIC_REPRESENTATION_CONTEXT() REPRESENTATION_CONTEXT('2D SPACE',''
  ) );
#3422 = PCURVE('',#3423,#3428);
#3423 = PLANE('',#3424);
#3424 = AXIS2_PLACEMENT_3D('',#3425,#3426,#3427);
#3425 = CARTESIAN_POINT('',(-775.,-165.,-9.));
#3426 = DIRECTION('',(0.,0.,1.));
#3427 = DIRECTION('',(1.,0.,-0.));
#3428 = DEFINITIONAL_REPRESENTATION('',(#3429),#3433);
#3429 = LINE('',#3430,#3431);
#3430 = CARTESIAN_POINT('',(0.,0.));
#3431 = VECTOR('',#3432,1.);
#3432 = DIRECTION('',(0.,1.));
#3433 = ( GEOMETRIC_REPRESENTATION_CONTEXT(2) 
PARAMETRIC_REPRESENTATION_CONTEXT() REPRESENTATION_CONTEXT('2D SPACE',''
  ) );
#3434 = ORIENTED_EDGE('',*,*,#3435,.T.);
#3435 = EDGE_CURVE('',#3408,#3436,#3438,.T.);
#3436 = VERTEX_POINT('',#3437);
#3437 = CARTESIAN_POINT('',(-775.,165.,9.));
#3438 = SURFACE_CURVE('',#3439,(#3443,#3450),.PCURVE_S1.);
#3439 = LINE('',#3440,#3441);
#3440 = CARTESIAN_POINT('',(-775.,165.,-9.));
#3441 = VECTOR('',#3442,1.);
#3442 = DIRECTION('',(0.,0.,1.));
#3443 = PCURVE('',#3383,#3444);
#3444 = DEFINITIONAL_REPRESENTATION('',(#3445),#3449);
#3445 = LINE('',#3446,#3447);
#3446 = CARTESIAN_POINT('',(0.,-330.));
#3447 = VECTOR('',#3448,1.);
#3448 = DIRECTION('',(1.,0.));
#3449 = ( GEOMETRIC_REPRESENTATION_CONTEXT(2) 
PARAMETRIC_REPRESENTATION_CONTEXT() REPRESENTATION_CONTEXT('2D SPACE',''
  ) );
#3450 = PCURVE('',#3451,#3456);
#3451 = PLANE('',#3452);
#3452 = AXIS2_PLACEMENT_3D('',#3453,#3454,#3455);
#3453 = CARTESIAN_POINT('',(-775.,165.,-9.));
#3454 = DIRECTION('',(-0.,1.,0.));
#3455 = DIRECTION('',(0.,0.,1.));
#3456 = DEFINITIONAL_REPRESENTATION('',(#3457),#3461);
#3457 = LINE('',#3458,#3459);
#3458 = CARTESIAN_POINT('',(0.,0.));
#3459 = VECTOR('',#3460,1.);
#3460 = DIRECTION('',(1.,0.));
#3461 = ( GEOMETRIC_REPRESENTATION_CONTEXT(2) 
PARAMETRIC_REPRESENTATION_CONTEXT() REPRESENTATION_CONTEXT('2D SPACE',''
  ) );
#3462 = ORIENTED_EDGE('',*,*,#3463,.F.);
#3463 = EDGE_CURVE('',#3375,#3436,#3464,.T.);
#3464 = SURFACE_CURVE('',#3465,(#3469,#3476),.PCURVE_S1.);
#3465 = LINE('',#3466,#3467);
#3466 = CARTESIAN_POINT('',(-775.,-165.,9.));
#3467 = VECTOR('',#3468,1.);
#3468 = DIRECTION('',(-0.,1.,0.));
#3469 = PCURVE('',#3383,#3470);
#3470 = DEFINITIONAL_REPRESENTATION('',(#3471),#3475);
#3471 = LINE('',#3472,#3473);
#3472 = CARTESIAN_POINT('',(18.,0.));
#3473 = VECTOR('',#3474,1.);
#3474 = DIRECTION('',(0.,-1.));
#3475 = ( GEOMETRIC_REPRESENTATION_CONTEXT(2) 
PARAMETRIC_REPRESENTATION_CONTEXT() REPRESENTATION_CONTEXT('2D SPACE',''
  ) );
#3476 = PCURVE('',#3477,#3482);
#3477 = PLANE('',#3478);
#3478 = AXIS2_PLACEMENT_3D('',#3479,#3480,#3481);
#3479 = CARTESIAN_POINT('',(-775.,-165.,9.));
#3480 = DIRECTION('',(0.,0.,1.));
#3481 = DIRECTION('',(1.,0.,-0.));
#3482 = DEFINITIONAL_REPRESENTATION('',(#3483),#3487);
#3483 = LINE('',#3484,#3485);
#3484 = CARTESIAN_POINT('',(0.,0.));
#3485 = VECTOR('',#3486,1.);
#3486 = DIRECTION('',(0.,1.));
#3487 = ( GEOMETRIC_REPRESENTATION_CONTEXT(2) 
PARAMETRIC_REPRESENTATION_CONTEXT() REPRESENTATION_CONTEXT('2D SPACE',''
  ) );
#3488 = ADVANCED_FACE('',(#3489),#3503,.T.);
#3489 = FACE_BOUND('',#3490,.T.);
#3490 = EDGE_LOOP('',(#3491,#3521,#3544,#3567));
#3491 = ORIENTED_EDGE('',*,*,#3492,.F.);
#3492 = EDGE_CURVE('',#3493,#3495,#3497,.T.);
#3493 = VERTEX_POINT('',#3494);
#3494 = CARTESIAN_POINT('',(775.,-165.,-9.));
#3495 = VERTEX_POINT('',#3496);
#3496 = CARTESIAN_POINT('',(775.,-165.,9.));
#3497 = SURFACE_CURVE('',#3498,(#3502,#3514),.PCURVE_S1.);
#3498 = LINE('',#3499,#3500);
#3499 = CARTESIAN_POINT('',(775.,-165.,-9.));
#3500 = VECTOR('',#3501,1.);
#3501 = DIRECTION('',(0.,0.,1.));
#3502 = PCURVE('',#3503,#3508);
#3503 = PLANE('',#3504);
#3504 = AXIS2_PLACEMENT_3D('',#3505,#3506,#3507);
#3505 = CARTESIAN_POINT('',(775.,-165.,-9.));
#3506 = DIRECTION('',(1.,0.,-0.));
#3507 = DIRECTION('',(0.,0.,1.));
#3508 = DEFINITIONAL_REPRESENTATION('',(#3509),#3513);
#3509 = LINE('',#3510,#3511);
#3510 = CARTESIAN_POINT('',(0.,0.));
#3511 = VECTOR('',#3512,1.);
#3512 = DIRECTION('',(1.,0.));
#3513 = ( GEOMETRIC_REPRESENTATION_CONTEXT(2) 
PARAMETRIC_REPRESENTATION_CONTEXT() REPRESENTATION_CONTEXT('2D SPACE',''
  ) );
#3514 = PCURVE('',#3395,#3515);
#3515 = DEFINITIONAL_REPRESENTATION('',(#3516),#3520);
#3516 = LINE('',#3517,#3518);
#3517 = CARTESIAN_POINT('',(0.,1.55E+03));
#3518 = VECTOR('',#3519,1.);
#3519 = DIRECTION('',(1.,0.));
#3520 = ( GEOMETRIC_REPRESENTATION_CONTEXT(2) 
PARAMETRIC_REPRESENTATION_CONTEXT() REPRESENTATION_CONTEXT('2D SPACE',''
  ) );
#3521 = ORIENTED_EDGE('',*,*,#3522,.T.);
#3522 = EDGE_CURVE('',#3493,#3523,#3525,.T.);
#3523 = VERTEX_POINT('',#3524);
#3524 = CARTESIAN_POINT('',(775.,165.,-9.));
#3525 = SURFACE_CURVE('',#3526,(#3530,#3537),.PCURVE_S1.);
#3526 = LINE('',#3527,#3528);
#3527 = CARTESIAN_POINT('',(775.,-165.,-9.));
#3528 = VECTOR('',#3529,1.);
#3529 = DIRECTION('',(-0.,1.,0.));
#3530 = PCURVE('',#3503,#3531);
#3531 = DEFINITIONAL_REPRESENTATION('',(#3532),#3536);
#3532 = LINE('',#3533,#3534);
#3533 = CARTESIAN_POINT('',(0.,0.));
#3534 = VECTOR('',#3535,1.);
#3535 = DIRECTION('',(0.,-1.));
#3536 = ( GEOMETRIC_REPRESENTATION_CONTEXT(2) 
PARAMETRIC_REPRESENTATION_CONTEXT() REPRESENTATION_CONTEXT('2D SPACE',''
  ) );
#3537 = PCURVE('',#3423,#3538);
#3538 = DEFINITIONAL_REPRESENTATION('',(#3539),#3543);
#3539 = LINE('',#3540,#3541);
#3540 = CARTESIAN_POINT('',(1.55E+03,0.));
#3541 = VECTOR('',#3542,1.);
#3542 = DIRECTION('',(0.,1.));
#3543 = ( GEOMETRIC_REPRESENTATION_CONTEXT(2) 
PARAMETRIC_REPRESENTATION_CONTEXT() REPRESENTATION_CONTEXT('2D SPACE',''
  ) );
#3544 = ORIENTED_EDGE('',*,*,#3545,.T.);
#3545 = EDGE_CURVE('',#3523,#3546,#3548,.T.);
#3546 = VERTEX_POINT('',#3547);
#3547 = CARTESIAN_POINT('',(775.,165.,9.));
#3548 = SURFACE_CURVE('',#3549,(#3553,#3560),.PCURVE_S1.);
#3549 = LINE('',#3550,#3551);
#3550 = CARTESIAN_POINT('',(775.,165.,-9.));
#3551 = VECTOR('',#3552,1.);
#3552 = DIRECTION('',(0.,0.,1.));
#3553 = PCURVE('',#3503,#3554);
#3554 = DEFINITIONAL_REPRESENTATION('',(#3555),#3559);
#3555 = LINE('',#3556,#3557);
#3556 = CARTESIAN_POINT('',(0.,-330.));
#3557 = VECTOR('',#3558,1.);
#3558 = DIRECTION('',(1.,0.));
#3559 = ( GEOMETRIC_REPRESENTATION_CONTEXT(2) 
PARAMETRIC_REPRESENTATION_CONTEXT() REPRESENTATION_CONTEXT('2D SPACE',''
  ) );
#3560 = PCURVE('',#3451,#3561);
#3561 = DEFINITIONAL_REPRESENTATION('',(#3562),#3566);
#3562 = LINE('',#3563,#3564);
#3563 = CARTESIAN_POINT('',(0.,1.55E+03));
#3564 = VECTOR('',#3565,1.);
#3565 = DIRECTION('',(1.,0.));
#3566 = ( GEOMETRIC_REPRESENTATION_CONTEXT(2) 
PARAMETRIC_REPRESENTATION_CONTEXT() REPRESENTATION_CONTEXT('2D SPACE',''
  ) );
#3567 = ORIENTED_EDGE('',*,*,#3568,.F.);
#3568 = EDGE_CURVE('',#3495,#3546,#3569,.T.);
#3569 = SURFACE_CURVE('',#3570,(#3574,#3581),.PCURVE_S1.);
#3570 = LINE('',#3571,#3572);
#3571 = CARTESIAN_POINT('',(775.,-165.,9.));
#3572 = VECTOR('',#3573,1.);
#3573 = DIRECTION('',(-0.,1.,0.));
#3574 = PCURVE('',#3503,#3575);
#3575 = DEFINITIONAL_REPRESENTATION('',(#3576),#3580);
#3576 = LINE('',#3577,#3578);
#3577 = CARTESIAN_POINT('',(18.,0.));
#3578 = VECTOR('',#3579,1.);
#3579 = DIRECTION('',(0.,-1.));
#3580 = ( GEOMETRIC_REPRESENTATION_CONTEXT(2) 
PARAMETRIC_REPRESENTATION_CONTEXT() REPRESENTATION_CONTEXT('2D SPACE',''
  ) );
#3581 = PCURVE('',#3477,#3582);
#3582 = DEFINITIONAL_REPRESENTATION('',(#3583),#3587);
#3583 = LINE('',#3584,#3585);
#3584 = CARTESIAN_POINT('',(1.55E+03,0.));
#3585 = VECTOR('',#3586,1.);
#3586 = DIRECTION('',(0.,1.));
#3587 = ( GEOMETRIC_REPRESENTATION_CONTEXT(2) 
PARAMETRIC_REPRESENTATION_CONTEXT() REPRESENTATION_CONTEXT('2D SPACE',''
  ) );
#3588 = ADVANCED_FACE('',(#3589),#3395,.F.);
#3589 = FACE_BOUND('',#3590,.F.);
#3590 = EDGE_LOOP('',(#3591,#3612,#3613,#3634));
#3591 = ORIENTED_EDGE('',*,*,#3592,.F.);
#3592 = EDGE_CURVE('',#3373,#3493,#3593,.T.);
#3593 = SURFACE_CURVE('',#3594,(#3598,#3605),.PCURVE_S1.);
#3594 = LINE('',#3595,#3596);
#3595 = CARTESIAN_POINT('',(-775.,-165.,-9.));
#3596 = VECTOR('',#3597,1.);
#3597 = DIRECTION('',(1.,0.,-0.));
#3598 = PCURVE('',#3395,#3599);
#3599 = DEFINITIONAL_REPRESENTATION('',(#3600),#3604);
#3600 = LINE('',#3601,#3602);
#3601 = CARTESIAN_POINT('',(0.,0.));
#3602 = VECTOR('',#3603,1.);
#3603 = DIRECTION('',(0.,1.));
#3604 = ( GEOMETRIC_REPRESENTATION_CONTEXT(2) 
PARAMETRIC_REPRESENTATION_CONTEXT() REPRESENTATION_CONTEXT('2D SPACE',''
  ) );
#3605 = PCURVE('',#3423,#3606);
#3606 = DEFINITIONAL_REPRESENTATION('',(#3607),#3611);
#3607 = LINE('',#3608,#3609);
#3608 = CARTESIAN_POINT('',(0.,0.));
#3609 = VECTOR('',#3610,1.);
#3610 = DIRECTION('',(1.,0.));
#3611 = ( GEOMETRIC_REPRESENTATION_CONTEXT(2) 
PARAMETRIC_REPRESENTATION_CONTEXT() REPRESENTATION_CONTEXT('2D SPACE',''
  ) );
#3612 = ORIENTED_EDGE('',*,*,#3372,.T.);
#3613 = ORIENTED_EDGE('',*,*,#3614,.T.);
#3614 = EDGE_CURVE('',#3375,#3495,#3615,.T.);
#3615 = SURFACE_CURVE('',#3616,(#3620,#3627),.PCURVE_S1.);
#3616 = LINE('',#3617,#3618);
#3617 = CARTESIAN_POINT('',(-775.,-165.,9.));
#3618 = VECTOR('',#3619,1.);
#3619 = DIRECTION('',(1.,0.,-0.));
#3620 = PCURVE('',#3395,#3621);
#3621 = DEFINITIONAL_REPRESENTATION('',(#3622),#3626);
#3622 = LINE('',#3623,#3624);
#3623 = CARTESIAN_POINT('',(18.,0.));
#3624 = VECTOR('',#3625,1.);
#3625 = DIRECTION('',(0.,1.));
#3626 = ( GEOMETRIC_REPRESENTATION_CONTEXT(2) 
PARAMETRIC_REPRESENTATION_CONTEXT() REPRESENTATION_CONTEXT('2D SPACE',''
  ) );
#3627 = PCURVE('',#3477,#3628);
#3628 = DEFINITIONAL_REPRESENTATION('',(#3629),#3633);
#3629 = LINE('',#3630,#3631);
#3630 = CARTESIAN_POINT('',(0.,0.));
#3631 = VECTOR('',#3632,1.);
#3632 = DIRECTION('',(1.,0.));
#3633 = ( GEOMETRIC_REPRESENTATION_CONTEXT(2) 
PARAMETRIC_REPRESENTATION_CONTEXT() REPRESENTATION_CONTEXT('2D SPACE',''
  ) );
#3634 = ORIENTED_EDGE('',*,*,#3492,.F.);
#3635 = ADVANCED_FACE('',(#3636),#3451,.T.);
#3636 = FACE_BOUND('',#3637,.T.);
#3637 = EDGE_LOOP('',(#3638,#3659,#3660,#3681));
#3638 = ORIENTED_EDGE('',*,*,#3639,.F.);
#3639 = EDGE_CURVE('',#3408,#3523,#3640,.T.);
#3640 = SURFACE_CURVE('',#3641,(#3645,#3652),.PCURVE_S1.);
#3641 = LINE('',#3642,#3643);
#3642 = CARTESIAN_POINT('',(-775.,165.,-9.));
#3643 = VECTOR('',#3644,1.);
#3644 = DIRECTION('',(1.,0.,-0.));
#3645 = PCURVE('',#3451,#3646);
#3646 = DEFINITIONAL_REPRESENTATION('',(#3647),#3651);
#3647 = LINE('',#3648,#3649);
#3648 = CARTESIAN_POINT('',(0.,0.));
#3649 = VECTOR('',#3650,1.);
#3650 = DIRECTION('',(0.,1.));
#3651 = ( GEOMETRIC_REPRESENTATION_CONTEXT(2) 
PARAMETRIC_REPRESENTATION_CONTEXT() REPRESENTATION_CONTEXT('2D SPACE',''
  ) );
#3652 = PCURVE('',#3423,#3653);
#3653 = DEFINITIONAL_REPRESENTATION('',(#3654),#3658);
#3654 = LINE('',#3655,#3656);
#3655 = CARTESIAN_POINT('',(0.,330.));
#3656 = VECTOR('',#3657,1.);
#3657 = DIRECTION('',(1.,0.));
#3658 = ( GEOMETRIC_REPRESENTATION_CONTEXT(2) 
PARAMETRIC_REPRESENTATION_CONTEXT() REPRESENTATION_CONTEXT('2D SPACE',''
  ) );
#3659 = ORIENTED_EDGE('',*,*,#3435,.T.);
#3660 = ORIENTED_EDGE('',*,*,#3661,.T.);
#3661 = EDGE_CURVE('',#3436,#3546,#3662,.T.);
#3662 = SURFACE_CURVE('',#3663,(#3667,#3674),.PCURVE_S1.);
#3663 = LINE('',#3664,#3665);
#3664 = CARTESIAN_POINT('',(-775.,165.,9.));
#3665 = VECTOR('',#3666,1.);
#3666 = DIRECTION('',(1.,0.,-0.));
#3667 = PCURVE('',#3451,#3668);
#3668 = DEFINITIONAL_REPRESENTATION('',(#3669),#3673);
#3669 = LINE('',#3670,#3671);
#3670 = CARTESIAN_POINT('',(18.,0.));
#3671 = VECTOR('',#3672,1.);
#3672 = DIRECTION('',(0.,1.));
#3673 = ( GEOMETRIC_REPRESENTATION_CONTEXT(2) 
PARAMETRIC_REPRESENTATION_CONTEXT() REPRESENTATION_CONTEXT('2D SPACE',''
  ) );
#3674 = PCURVE('',#3477,#3675);
#3675 = DEFINITIONAL_REPRESENTATION('',(#3676),#3680);
#3676 = LINE('',#3677,#3678);
#3677 = CARTESIAN_POINT('',(0.,330.));
#3678 = VECTOR('',#3679,1.);
#3679 = DIRECTION('',(1.,0.));
#3680 = ( GEOMETRIC_REPRESENTATION_CONTEXT(2) 
PARAMETRIC_REPRESENTATION_CONTEXT() REPRESENTATION_CONTEXT('2D SPACE',''
  ) );
#3681 = ORIENTED_EDGE('',*,*,#3545,.F.);
#3682 = ADVANCED_FACE('',(#3683),#3423,.F.);
#3683 = FACE_BOUND('',#3684,.F.);
#3684 = EDGE_LOOP('',(#3685,#3686,#3687,#3688));
#3685 = ORIENTED_EDGE('',*,*,#3407,.F.);
#3686 = ORIENTED_EDGE('',*,*,#3592,.T.);
#3687 = ORIENTED_EDGE('',*,*,#3522,.T.);
#3688 = ORIENTED_EDGE('',*,*,#3639,.F.);
#3689 = ADVANCED_FACE('',(#3690),#3477,.T.);
#3690 = FACE_BOUND('',#3691,.T.);
#3691 = EDGE_LOOP('',(#3692,#3693,#3694,#3695));
#3692 = ORIENTED_EDGE('',*,*,#3463,.F.);
#3693 = ORIENTED_EDGE('',*,*,#3614,.T.);
#3694 = ORIENTED_EDGE('',*,*,#3568,.T.);
#3695 = ORIENTED_EDGE('',*,*,#3661,.F.);
#3696 = ( GEOMETRIC_REPRESENTATION_CONTEXT(3) 
GLOBAL_UNCERTAINTY_ASSIGNED_CONTEXT((#3700)) 
GLOBAL_UNIT_ASSIGNED_CONTEXT((#3697,#3698,#3699)) REPRESENTATION_CONTEXT
('Context #1','3D Context with UNIT and UNCERTAINTY') );
#3697 = ( LENGTH_UNIT() NAMED_UNIT(*) SI_UNIT(.MILLI.,.METRE.) );
#3698 = ( NAMED_UNIT(*) PLANE_ANGLE_UNIT() SI_UNIT($,.RADIAN.) );
#3699 = ( NAMED_UNIT(*) SI_UNIT($,.STERADIAN.) SOLID_ANGLE_UNIT() );
#3700 = UNCERTAINTY_MEASURE_WITH_UNIT(LENGTH_MEASURE(1.E-07),#3697,
  'distance_accuracy_value','confusion accuracy');
#3701 = CONTEXT_DEPENDENT_SHAPE_REPRESENTATION(#3702,#3704);
#3702 = ( REPRESENTATION_RELATIONSHIP('','',#3365,#10) 
REPRESENTATION_RELATIONSHIP_WITH_TRANSFORMATION(#3703) 
SHAPE_REPRESENTATION_RELATIONSHIP() );
#3703 = ITEM_DEFINED_TRANSFORMATION('','',#11,#51);
#3704 = PRODUCT_DEFINITION_SHAPE('Placement','Placement of an item',
  #3705);
#3705 = NEXT_ASSEMBLY_USAGE_OCCURRENCE('10','=>[0:1:1:11]','',#5,#3360,$
  );
#3706 = PRODUCT_RELATED_PRODUCT_CATEGORY('part',$,(#3362));
#3707 = SHAPE_DEFINITION_REPRESENTATION(#3708,#3714);
#3708 = PRODUCT_DEFINITION_SHAPE('','',#3709);
#3709 = PRODUCT_DEFINITION('design','',#3710,#3713);
#3710 = PRODUCT_DEFINITION_FORMATION('','',#3711);
#3711 = PRODUCT('COMPOUND','COMPOUND','',(#3712));
#3712 = PRODUCT_CONTEXT('',#2,'mechanical');
#3713 = PRODUCT_DEFINITION_CONTEXT('part definition',#2,'design');
#3714 = ADVANCED_BREP_SHAPE_REPRESENTATION('',(#11,#3715),#4045);
#3715 = MANIFOLD_SOLID_BREP('',#3716);
#3716 = CLOSED_SHELL('',(#3717,#3837,#3937,#3984,#4031,#4038));
#3717 = ADVANCED_FACE('',(#3718),#3732,.F.);
#3718 = FACE_BOUND('',#3719,.F.);
#3719 = EDGE_LOOP('',(#3720,#3755,#3783,#3811));
#3720 = ORIENTED_EDGE('',*,*,#3721,.F.);
#3721 = EDGE_CURVE('',#3722,#3724,#3726,.T.);
#3722 = VERTEX_POINT('',#3723);
#3723 = CARTESIAN_POINT('',(-19.,-165.,-137.5));
#3724 = VERTEX_POINT('',#3725);
#3725 = CARTESIAN_POINT('',(-19.,-165.,137.5));
#3726 = SURFACE_CURVE('',#3727,(#3731,#3743),.PCURVE_S1.);
#3727 = LINE('',#3728,#3729);
#3728 = CARTESIAN_POINT('',(-19.,-165.,-137.5));
#3729 = VECTOR('',#3730,1.);
#3730 = DIRECTION('',(0.,0.,1.));
#3731 = PCURVE('',#3732,#3737);
#3732 = PLANE('',#3733);
#3733 = AXIS2_PLACEMENT_3D('',#3734,#3735,#3736);
#3734 = CARTESIAN_POINT('',(-19.,-165.,-137.5));
#3735 = DIRECTION('',(1.,0.,-0.));
#3736 = DIRECTION('',(0.,0.,1.));
#3737 = DEFINITIONAL_REPRESENTATION('',(#3738),#3742);
#3738 = LINE('',#3739,#3740);
#3739 = CARTESIAN_POINT('',(0.,0.));
#3740 = VECTOR('',#3741,1.);
#3741 = DIRECTION('',(1.,0.));
#3742 = ( GEOMETRIC_REPRESENTATION_CONTEXT(2) 
PARAMETRIC_REPRESENTATION_CONTEXT() REPRESENTATION_CONTEXT('2D SPACE',''
  ) );
#3743 = PCURVE('',#3744,#3749);
#3744 = PLANE('',#3745);
#3745 = AXIS2_PLACEMENT_3D('',#3746,#3747,#3748);
#3746 = CARTESIAN_POINT('',(-19.,-165.,-137.5));
#3747 = DIRECTION('',(-0.,1.,0.));
#3748 = DIRECTION('',(0.,0.,1.));
#3749 = DEFINITIONAL_REPRESENTATION('',(#3750),#3754);
#3750 = LINE('',#3751,#3752);
#3751 = CARTESIAN_POINT('',(0.,0.));
#3752 = VECTOR('',#3753,1.);
#3753 = DIRECTION('',(1.,0.));
#3754 = ( GEOMETRIC_REPRESENTATION_CONTEXT(2) 
PARAMETRIC_REPRESENTATION_CONTEXT() REPRESENTATION_CONTEXT('2D SPACE',''
  ) );
#3755 = ORIENTED_EDGE('',*,*,#3756,.T.);
#3756 = EDGE_CURVE('',#3722,#3757,#3759,.T.);
#3757 = VERTEX_POINT('',#3758);
#3758 = CARTESIAN_POINT('',(-19.,165.,-137.5));
#3759 = SURFACE_CURVE('',#3760,(#3764,#3771),.PCURVE_S1.);
#3760 = LINE('',#3761,#3762);
#3761 = CARTESIAN_POINT('',(-19.,-165.,-137.5));
#3762 = VECTOR('',#3763,1.);
#3763 = DIRECTION('',(-0.,1.,0.));
#3764 = PCURVE('',#3732,#3765);
#3765 = DEFINITIONAL_REPRESENTATION('',(#3766),#3770);
#3766 = LINE('',#3767,#3768);
#3767 = CARTESIAN_POINT('',(0.,0.));
#3768 = VECTOR('',#3769,1.);
#3769 = DIRECTION('',(0.,-1.));
#3770 = ( GEOMETRIC_REPRESENTATION_CONTEXT(2) 
PARAMETRIC_REPRESENTATION_CONTEXT() REPRESENTATION_CONTEXT('2D SPACE',''
  ) );
#3771 = PCURVE('',#3772,#3777);
#3772 = PLANE('',#3773);
#3773 = AXIS2_PLACEMENT_3D('',#3774,#3775,#3776);
#3774 = CARTESIAN_POINT('',(-19.,-165.,-137.5));
#3775 = DIRECTION('',(0.,0.,1.));
#3776 = DIRECTION('',(1.,0.,-0.));
#3777 = DEFINITIONAL_REPRESENTATION('',(#3778),#3782);
#3778 = LINE('',#3779,#3780);
#3779 = CARTESIAN_POINT('',(0.,0.));
#3780 = VECTOR('',#3781,1.);
#3781 = DIRECTION('',(0.,1.));
#3782 = ( GEOMETRIC_REPRESENTATION_CONTEXT(2) 
PARAMETRIC_REPRESENTATION_CONTEXT() REPRESENTATION_CONTEXT('2D SPACE',''
  ) );
#3783 = ORIENTED_EDGE('',*,*,#3784,.T.);
#3784 = EDGE_CURVE('',#3757,#3785,#3787,.T.);
#3785 = VERTEX_POINT('',#3786);
#3786 = CARTESIAN_POINT('',(-19.,165.,137.5));
#3787 = SURFACE_CURVE('',#3788,(#3792,#3799),.PCURVE_S1.);
#3788 = LINE('',#3789,#3790);
#3789 = CARTESIAN_POINT('',(-19.,165.,-137.5));
#3790 = VECTOR('',#3791,1.);
#3791 = DIRECTION('',(0.,0.,1.));
#3792 = PCURVE('',#3732,#3793);
#3793 = DEFINITIONAL_REPRESENTATION('',(#3794),#3798);
#3794 = LINE('',#3795,#3796);
#3795 = CARTESIAN_POINT('',(0.,-330.));
#3796 = VECTOR('',#3797,1.);
#3797 = DIRECTION('',(1.,0.));
#3798 = ( GEOMETRIC_REPRESENTATION_CONTEXT(2) 
PARAMETRIC_REPRESENTATION_CONTEXT() REPRESENTATION_CONTEXT('2D SPACE',''
  ) );
#3799 = PCURVE('',#3800,#3805);
#3800 = PLANE('',#3801);
#3801 = AXIS2_PLACEMENT_3D('',#3802,#3803,#3804);
#3802 = CARTESIAN_POINT('',(-19.,165.,-137.5));
#3803 = DIRECTION('',(-0.,1.,0.));
#3804 = DIRECTION('',(0.,0.,1.));
#3805 = DEFINITIONAL_REPRESENTATION('',(#3806),#3810);
#3806 = LINE('',#3807,#3808);
#3807 = CARTESIAN_POINT('',(0.,0.));
#3808 = VECTOR('',#3809,1.);
#3809 = DIRECTION('',(1.,0.));
#3810 = ( GEOMETRIC_REPRESENTATION_CONTEXT(2) 
PARAMETRIC_REPRESENTATION_CONTEXT() REPRESENTATION_CONTEXT('2D SPACE',''
  ) );
#3811 = ORIENTED_EDGE('',*,*,#3812,.F.);
#3812 = EDGE_CURVE('',#3724,#3785,#3813,.T.);
#3813 = SURFACE_CURVE('',#3814,(#3818,#3825),.PCURVE_S1.);
#3814 = LINE('',#3815,#3816);
#3815 = CARTESIAN_POINT('',(-19.,-165.,137.5));
#3816 = VECTOR('',#3817,1.);
#3817 = DIRECTION('',(-0.,1.,0.));
#3818 = PCURVE('',#3732,#3819);
#3819 = DEFINITIONAL_REPRESENTATION('',(#3820),#3824);
#3820 = LINE('',#3821,#3822);
#3821 = CARTESIAN_POINT('',(275.,0.));
#3822 = VECTOR('',#3823,1.);
#3823 = DIRECTION('',(0.,-1.));
#3824 = ( GEOMETRIC_REPRESENTATION_CONTEXT(2) 
PARAMETRIC_REPRESENTATION_CONTEXT() REPRESENTATION_CONTEXT('2D SPACE',''
  ) );
#3825 = PCURVE('',#3826,#3831);
#3826 = PLANE('',#3827);
#3827 = AXIS2_PLACEMENT_3D('',#3828,#3829,#3830);
#3828 = CARTESIAN_POINT('',(-19.,-165.,137.5));
#3829 = DIRECTION('',(0.,0.,1.));
#3830 = DIRECTION('',(1.,0.,-0.));
#3831 = DEFINITIONAL_REPRESENTATION('',(#3832),#3836);
#3832 = LINE('',#3833,#3834);
#3833 = CARTESIAN_POINT('',(0.,0.));
#3834 = VECTOR('',#3835,1.);
#3835 = DIRECTION('',(0.,1.));
#3836 = ( GEOMETRIC_REPRESENTATION_CONTEXT(2) 
PARAMETRIC_REPRESENTATION_CONTEXT() REPRESENTATION_CONTEXT('2D SPACE',''
  ) );
#3837 = ADVANCED_FACE('',(#3838),#3852,.T.);
#3838 = FACE_BOUND('',#3839,.T.);
#3839 = EDGE_LOOP('',(#3840,#3870,#3893,#3916));
#3840 = ORIENTED_EDGE('',*,*,#3841,.F.);
#3841 = EDGE_CURVE('',#3842,#3844,#3846,.T.);
#3842 = VERTEX_POINT('',#3843);
#3843 = CARTESIAN_POINT('',(19.,-165.,-137.5));
#3844 = VERTEX_POINT('',#3845);
#3845 = CARTESIAN_POINT('',(19.,-165.,137.5));
#3846 = SURFACE_CURVE('',#3847,(#3851,#3863),.PCURVE_S1.);
#3847 = LINE('',#3848,#3849);
#3848 = CARTESIAN_POINT('',(19.,-165.,-137.5));
#3849 = VECTOR('',#3850,1.);
#3850 = DIRECTION('',(0.,0.,1.));
#3851 = PCURVE('',#3852,#3857);
#3852 = PLANE('',#3853);
#3853 = AXIS2_PLACEMENT_3D('',#3854,#3855,#3856);
#3854 = CARTESIAN_POINT('',(19.,-165.,-137.5));
#3855 = DIRECTION('',(1.,0.,-0.));
#3856 = DIRECTION('',(0.,0.,1.));
#3857 = DEFINITIONAL_REPRESENTATION('',(#3858),#3862);
#3858 = LINE('',#3859,#3860);
#3859 = CARTESIAN_POINT('',(0.,0.));
#3860 = VECTOR('',#3861,1.);
#3861 = DIRECTION('',(1.,0.));
#3862 = ( GEOMETRIC_REPRESENTATION_CONTEXT(2) 
PARAMETRIC_REPRESENTATION_CONTEXT() REPRESENTATION_CONTEXT('2D SPACE',''
  ) );
#3863 = PCURVE('',#3744,#3864);
#3864 = DEFINITIONAL_REPRESENTATION('',(#3865),#3869);
#3865 = LINE('',#3866,#3867);
#3866 = CARTESIAN_POINT('',(0.,38.));
#3867 = VECTOR('',#3868,1.);
#3868 = DIRECTION('',(1.,0.));
#3869 = ( GEOMETRIC_REPRESENTATION_CONTEXT(2) 
PARAMETRIC_REPRESENTATION_CONTEXT() REPRESENTATION_CONTEXT('2D SPACE',''
  ) );
#3870 = ORIENTED_EDGE('',*,*,#3871,.T.);
#3871 = EDGE_CURVE('',#3842,#3872,#3874,.T.);
#3872 = VERTEX_POINT('',#3873);
#3873 = CARTESIAN_POINT('',(19.,165.,-137.5));
#3874 = SURFACE_CURVE('',#3875,(#3879,#3886),.PCURVE_S1.);
#3875 = LINE('',#3876,#3877);
#3876 = CARTESIAN_POINT('',(19.,-165.,-137.5));
#3877 = VECTOR('',#3878,1.);
#3878 = DIRECTION('',(-0.,1.,0.));
#3879 = PCURVE('',#3852,#3880);
#3880 = DEFINITIONAL_REPRESENTATION('',(#3881),#3885);
#3881 = LINE('',#3882,#3883);
#3882 = CARTESIAN_POINT('',(0.,0.));
#3883 = VECTOR('',#3884,1.);
#3884 = DIRECTION('',(0.,-1.));
#3885 = ( GEOMETRIC_REPRESENTATION_CONTEXT(2) 
PARAMETRIC_REPRESENTATION_CONTEXT() REPRESENTATION_CONTEXT('2D SPACE',''
  ) );
#3886 = PCURVE('',#3772,#3887);
#3887 = DEFINITIONAL_REPRESENTATION('',(#3888),#3892);
#3888 = LINE('',#3889,#3890);
#3889 = CARTESIAN_POINT('',(38.,0.));
#3890 = VECTOR('',#3891,1.);
#3891 = DIRECTION('',(0.,1.));
#3892 = ( GEOMETRIC_REPRESENTATION_CONTEXT(2) 
PARAMETRIC_REPRESENTATION_CONTEXT() REPRESENTATION_CONTEXT('2D SPACE',''
  ) );
#3893 = ORIENTED_EDGE('',*,*,#3894,.T.);
#3894 = EDGE_CURVE('',#3872,#3895,#3897,.T.);
#3895 = VERTEX_POINT('',#3896);
#3896 = CARTESIAN_POINT('',(19.,165.,137.5));
#3897 = SURFACE_CURVE('',#3898,(#3902,#3909),.PCURVE_S1.);
#3898 = LINE('',#3899,#3900);
#3899 = CARTESIAN_POINT('',(19.,165.,-137.5));
#3900 = VECTOR('',#3901,1.);
#3901 = DIRECTION('',(0.,0.,1.));
#3902 = PCURVE('',#3852,#3903);
#3903 = DEFINITIONAL_REPRESENTATION('',(#3904),#3908);
#3904 = LINE('',#3905,#3906);
#3905 = CARTESIAN_POINT('',(0.,-330.));
#3906 = VECTOR('',#3907,1.);
#3907 = DIRECTION('',(1.,0.));
#3908 = ( GEOMETRIC_REPRESENTATION_CONTEXT(2) 
PARAMETRIC_REPRESENTATION_CONTEXT() REPRESENTATION_CONTEXT('2D SPACE',''
  ) );
#3909 = PCURVE('',#3800,#3910);
#3910 = DEFINITIONAL_REPRESENTATION('',(#3911),#3915);
#3911 = LINE('',#3912,#3913);
#3912 = CARTESIAN_POINT('',(0.,38.));
#3913 = VECTOR('',#3914,1.);
#3914 = DIRECTION('',(1.,0.));
#3915 = ( GEOMETRIC_REPRESENTATION_CONTEXT(2) 
PARAMETRIC_REPRESENTATION_CONTEXT() REPRESENTATION_CONTEXT('2D SPACE',''
  ) );
#3916 = ORIENTED_EDGE('',*,*,#3917,.F.);
#3917 = EDGE_CURVE('',#3844,#3895,#3918,.T.);
#3918 = SURFACE_CURVE('',#3919,(#3923,#3930),.PCURVE_S1.);
#3919 = LINE('',#3920,#3921);
#3920 = CARTESIAN_POINT('',(19.,-165.,137.5));
#3921 = VECTOR('',#3922,1.);
#3922 = DIRECTION('',(-0.,1.,0.));
#3923 = PCURVE('',#3852,#3924);
#3924 = DEFINITIONAL_REPRESENTATION('',(#3925),#3929);
#3925 = LINE('',#3926,#3927);
#3926 = CARTESIAN_POINT('',(275.,0.));
#3927 = VECTOR('',#3928,1.);
#3928 = DIRECTION('',(0.,-1.));
#3929 = ( GEOMETRIC_REPRESENTATION_CONTEXT(2) 
PARAMETRIC_REPRESENTATION_CONTEXT() REPRESENTATION_CONTEXT('2D SPACE',''
  ) );
#3930 = PCURVE('',#3826,#3931);
#3931 = DEFINITIONAL_REPRESENTATION('',(#3932),#3936);
#3932 = LINE('',#3933,#3934);
#3933 = CARTESIAN_POINT('',(38.,0.));
#3934 = VECTOR('',#3935,1.);
#3935 = DIRECTION('',(0.,1.));
#3936 = ( GEOMETRIC_REPRESENTATION_CONTEXT(2) 
PARAMETRIC_REPRESENTATION_CONTEXT() REPRESENTATION_CONTEXT('2D SPACE',''
  ) );
#3937 = ADVANCED_FACE('',(#3938),#3744,.F.);
#3938 = FACE_BOUND('',#3939,.F.);
#3939 = EDGE_LOOP('',(#3940,#3961,#3962,#3983));
#3940 = ORIENTED_EDGE('',*,*,#3941,.F.);
#3941 = EDGE_CURVE('',#3722,#3842,#3942,.T.);
#3942 = SURFACE_CURVE('',#3943,(#3947,#3954),.PCURVE_S1.);
#3943 = LINE('',#3944,#3945);
#3944 = CARTESIAN_POINT('',(-19.,-165.,-137.5));
#3945 = VECTOR('',#3946,1.);
#3946 = DIRECTION('',(1.,0.,-0.));
#3947 = PCURVE('',#3744,#3948);
#3948 = DEFINITIONAL_REPRESENTATION('',(#3949),#3953);
#3949 = LINE('',#3950,#3951);
#3950 = CARTESIAN_POINT('',(0.,0.));
#3951 = VECTOR('',#3952,1.);
#3952 = DIRECTION('',(0.,1.));
#3953 = ( GEOMETRIC_REPRESENTATION_CONTEXT(2) 
PARAMETRIC_REPRESENTATION_CONTEXT() REPRESENTATION_CONTEXT('2D SPACE',''
  ) );
#3954 = PCURVE('',#3772,#3955);
#3955 = DEFINITIONAL_REPRESENTATION('',(#3956),#3960);
#3956 = LINE('',#3957,#3958);
#3957 = CARTESIAN_POINT('',(0.,0.));
#3958 = VECTOR('',#3959,1.);
#3959 = DIRECTION('',(1.,0.));
#3960 = ( GEOMETRIC_REPRESENTATION_CONTEXT(2) 
PARAMETRIC_REPRESENTATION_CONTEXT() REPRESENTATION_CONTEXT('2D SPACE',''
  ) );
#3961 = ORIENTED_EDGE('',*,*,#3721,.T.);
#3962 = ORIENTED_EDGE('',*,*,#3963,.T.);
#3963 = EDGE_CURVE('',#3724,#3844,#3964,.T.);
#3964 = SURFACE_CURVE('',#3965,(#3969,#3976),.PCURVE_S1.);
#3965 = LINE('',#3966,#3967);
#3966 = CARTESIAN_POINT('',(-19.,-165.,137.5));
#3967 = VECTOR('',#3968,1.);
#3968 = DIRECTION('',(1.,0.,-0.));
#3969 = PCURVE('',#3744,#3970);
#3970 = DEFINITIONAL_REPRESENTATION('',(#3971),#3975);
#3971 = LINE('',#3972,#3973);
#3972 = CARTESIAN_POINT('',(275.,0.));
#3973 = VECTOR('',#3974,1.);
#3974 = DIRECTION('',(0.,1.));
#3975 = ( GEOMETRIC_REPRESENTATION_CONTEXT(2) 
PARAMETRIC_REPRESENTATION_CONTEXT() REPRESENTATION_CONTEXT('2D SPACE',''
  ) );
#3976 = PCURVE('',#3826,#3977);
#3977 = DEFINITIONAL_REPRESENTATION('',(#3978),#3982);
#3978 = LINE('',#3979,#3980);
#3979 = CARTESIAN_POINT('',(0.,0.));
#3980 = VECTOR('',#3981,1.);
#3981 = DIRECTION('',(1.,0.));
#3982 = ( GEOMETRIC_REPRESENTATION_CONTEXT(2) 
PARAMETRIC_REPRESENTATION_CONTEXT() REPRESENTATION_CONTEXT('2D SPACE',''
  ) );
#3983 = ORIENTED_EDGE('',*,*,#3841,.F.);
#3984 = ADVANCED_FACE('',(#3985),#3800,.T.);
#3985 = FACE_BOUND('',#3986,.T.);
#3986 = EDGE_LOOP('',(#3987,#4008,#4009,#4030));
#3987 = ORIENTED_EDGE('',*,*,#3988,.F.);
#3988 = EDGE_CURVE('',#3757,#3872,#3989,.T.);
#3989 = SURFACE_CURVE('',#3990,(#3994,#4001),.PCURVE_S1.);
#3990 = LINE('',#3991,#3992);
#3991 = CARTESIAN_POINT('',(-19.,165.,-137.5));
#3992 = VECTOR('',#3993,1.);
#3993 = DIRECTION('',(1.,0.,-0.));
#3994 = PCURVE('',#3800,#3995);
#3995 = DEFINITIONAL_REPRESENTATION('',(#3996),#4000);
#3996 = LINE('',#3997,#3998);
#3997 = CARTESIAN_POINT('',(0.,0.));
#3998 = VECTOR('',#3999,1.);
#3999 = DIRECTION('',(0.,1.));
#4000 = ( GEOMETRIC_REPRESENTATION_CONTEXT(2) 
PARAMETRIC_REPRESENTATION_CONTEXT() REPRESENTATION_CONTEXT('2D SPACE',''
  ) );
#4001 = PCURVE('',#3772,#4002);
#4002 = DEFINITIONAL_REPRESENTATION('',(#4003),#4007);
#4003 = LINE('',#4004,#4005);
#4004 = CARTESIAN_POINT('',(0.,330.));
#4005 = VECTOR('',#4006,1.);
#4006 = DIRECTION('',(1.,0.));
#4007 = ( GEOMETRIC_REPRESENTATION_CONTEXT(2) 
PARAMETRIC_REPRESENTATION_CONTEXT() REPRESENTATION_CONTEXT('2D SPACE',''
  ) );
#4008 = ORIENTED_EDGE('',*,*,#3784,.T.);
#4009 = ORIENTED_EDGE('',*,*,#4010,.T.);
#4010 = EDGE_CURVE('',#3785,#3895,#4011,.T.);
#4011 = SURFACE_CURVE('',#4012,(#4016,#4023),.PCURVE_S1.);
#4012 = LINE('',#4013,#4014);
#4013 = CARTESIAN_POINT('',(-19.,165.,137.5));
#4014 = VECTOR('',#4015,1.);
#4015 = DIRECTION('',(1.,0.,-0.));
#4016 = PCURVE('',#3800,#4017);
#4017 = DEFINITIONAL_REPRESENTATION('',(#4018),#4022);
#4018 = LINE('',#4019,#4020);
#4019 = CARTESIAN_POINT('',(275.,0.));
#4020 = VECTOR('',#4021,1.);
#4021 = DIRECTION('',(0.,1.));
#4022 = ( GEOMETRIC_REPRESENTATION_CONTEXT(2) 
PARAMETRIC_REPRESENTATION_CONTEXT() REPRESENTATION_CONTEXT('2D SPACE',''
  ) );
#4023 = PCURVE('',#3826,#4024);
#4024 = DEFINITIONAL_REPRESENTATION('',(#4025),#4029);
#4025 = LINE('',#4026,#4027);
#4026 = CARTESIAN_POINT('',(0.,330.));
#4027 = VECTOR('',#4028,1.);
#4028 = DIRECTION('',(1.,0.));
#4029 = ( GEOMETRIC_REPRESENTATION_CONTEXT(2) 
PARAMETRIC_REPRESENTATION_CONTEXT() REPRESENTATION_CONTEXT('2D SPACE',''
  ) );
#4030 = ORIENTED_EDGE('',*,*,#3894,.F.);
#4031 = ADVANCED_FACE('',(#4032),#3772,.F.);
#4032 = FACE_BOUND('',#4033,.F.);
#4033 = EDGE_LOOP('',(#4034,#4035,#4036,#4037));
#4034 = ORIENTED_EDGE('',*,*,#3756,.F.);
#4035 = ORIENTED_EDGE('',*,*,#3941,.T.);
#4036 = ORIENTED_EDGE('',*,*,#3871,.T.);
#4037 = ORIENTED_EDGE('',*,*,#3988,.F.);
#4038 = ADVANCED_FACE('',(#4039),#3826,.T.);
#4039 = FACE_BOUND('',#4040,.T.);
#4040 = EDGE_LOOP('',(#4041,#4042,#4043,#4044));
#4041 = ORIENTED_EDGE('',*,*,#3812,.F.);
#4042 = ORIENTED_EDGE('',*,*,#3963,.T.);
#4043 = ORIENTED_EDGE('',*,*,#3917,.T.);
#4044 = ORIENTED_EDGE('',*,*,#4010,.F.);
#4045 = ( GEOMETRIC_REPRESENTATION_CONTEXT(3) 
GLOBAL_UNCERTAINTY_ASSIGNED_CONTEXT((#4049)) 
GLOBAL_UNIT_ASSIGNED_CONTEXT((#4046,#4047,#4048)) REPRESENTATION_CONTEXT
('Context #1','3D Context with UNIT and UNCERTAINTY') );
#4046 = ( LENGTH_UNIT() NAMED_UNIT(*) SI_UNIT(.MILLI.,.METRE.) );
#4047 = ( NAMED_UNIT(*) PLANE_ANGLE_UNIT() SI_UNIT($,.RADIAN.) );
#4048 = ( NAMED_UNIT(*) SI_UNIT($,.STERADIAN.) SOLID_ANGLE_UNIT() );
#4049 = UNCERTAINTY_MEASURE_WITH_UNIT(LENGTH_MEASURE(1.E-07),#4046,
  'distance_accuracy_value','confusion accuracy');
#4050 = CONTEXT_DEPENDENT_SHAPE_REPRESENTATION(#4051,#4053);
#4051 = ( REPRESENTATION_RELATIONSHIP('','',#3714,#10) 
REPRESENTATION_RELATIONSHIP_WITH_TRANSFORMATION(#4052) 
SHAPE_REPRESENTATION_RELATIONSHIP() );
#4052 = ITEM_DEFINED_TRANSFORMATION('','',#11,#55);
#4053 = PRODUCT_DEFINITION_SHAPE('Placement','Placement of an item',
  #4054);
#4054 = NEXT_ASSEMBLY_USAGE_OCCURRENCE('11','=>[0:1:1:12]','',#5,#3709,$
  );
#4055 = PRODUCT_RELATED_PRODUCT_CATEGORY('part',$,(#3711));
#4056 = SHAPE_DEFINITION_REPRESENTATION(#4057,#4063);
#4057 = PRODUCT_DEFINITION_SHAPE('','',#4058);
#4058 = PRODUCT_DEFINITION('design','',#4059,#4062);
#4059 = PRODUCT_DEFINITION_FORMATION('','',#4060);
#4060 = PRODUCT('COMPOUND','COMPOUND','',(#4061));
#4061 = PRODUCT_CONTEXT('',#2,'mechanical');
#4062 = PRODUCT_DEFINITION_CONTEXT('part definition',#2,'design');
#4063 = ADVANCED_BREP_SHAPE_REPRESENTATION('',(#11,#4064),#4394);
#4064 = MANIFOLD_SOLID_BREP('',#4065);
#4065 = CLOSED_SHELL('',(#4066,#4186,#4286,#4333,#4380,#4387));
#4066 = ADVANCED_FACE('',(#4067),#4081,.F.);
#4067 = FACE_BOUND('',#4068,.F.);
#4068 = EDGE_LOOP('',(#4069,#4104,#4132,#4160));
#4069 = ORIENTED_EDGE('',*,*,#4070,.F.);
#4070 = EDGE_CURVE('',#4071,#4073,#4075,.T.);
#4071 = VERTEX_POINT('',#4072);
#4072 = CARTESIAN_POINT('',(-750.,-75.,-150.));
#4073 = VERTEX_POINT('',#4074);
#4074 = CARTESIAN_POINT('',(-750.,-75.,150.));
#4075 = SURFACE_CURVE('',#4076,(#4080,#4092),.PCURVE_S1.);
#4076 = LINE('',#4077,#4078);
#4077 = CARTESIAN_POINT('',(-750.,-75.,-150.));
#4078 = VECTOR('',#4079,1.);
#4079 = DIRECTION('',(0.,0.,1.));
#4080 = PCURVE('',#4081,#4086);
#4081 = PLANE('',#4082);
#4082 = AXIS2_PLACEMENT_3D('',#4083,#4084,#4085);
#4083 = CARTESIAN_POINT('',(-750.,-75.,-150.));
#4084 = DIRECTION('',(1.,0.,-0.));
#4085 = DIRECTION('',(0.,0.,1.));
#4086 = DEFINITIONAL_REPRESENTATION('',(#4087),#4091);
#4087 = LINE('',#4088,#4089);
#4088 = CARTESIAN_POINT('',(0.,0.));
#4089 = VECTOR('',#4090,1.);
#4090 = DIRECTION('',(1.,0.));
#4091 = ( GEOMETRIC_REPRESENTATION_CONTEXT(2) 
PARAMETRIC_REPRESENTATION_CONTEXT() REPRESENTATION_CONTEXT('2D SPACE',''
  ) );
#4092 = PCURVE('',#4093,#4098);
#4093 = PLANE('',#4094);
#4094 = AXIS2_PLACEMENT_3D('',#4095,#4096,#4097);
#4095 = CARTESIAN_POINT('',(-750.,-75.,-150.));
#4096 = DIRECTION('',(-0.,1.,0.));
#4097 = DIRECTION('',(0.,0.,1.));
#4098 = DEFINITIONAL_REPRESENTATION('',(#4099),#4103);
#4099 = LINE('',#4100,#4101);
#4100 = CARTESIAN_POINT('',(0.,0.));
#4101 = VECTOR('',#4102,1.);
#4102 = DIRECTION('',(1.,0.));
#4103 = ( GEOMETRIC_REPRESENTATION_CONTEXT(2) 
PARAMETRIC_REPRESENTATION_CONTEXT() REPRESENTATION_CONTEXT('2D SPACE',''
  ) );
#4104 = ORIENTED_EDGE('',*,*,#4105,.T.);
#4105 = EDGE_CURVE('',#4071,#4106,#4108,.T.);
#4106 = VERTEX_POINT('',#4107);
#4107 = CARTESIAN_POINT('',(-750.,75.,-150.));
#4108 = SURFACE_CURVE('',#4109,(#4113,#4120),.PCURVE_S1.);
#4109 = LINE('',#4110,#4111);
#4110 = CARTESIAN_POINT('',(-750.,-75.,-150.));
#4111 = VECTOR('',#4112,1.);
#4112 = DIRECTION('',(-0.,1.,0.));
#4113 = PCURVE('',#4081,#4114);
#4114 = DEFINITIONAL_REPRESENTATION('',(#4115),#4119);
#4115 = LINE('',#4116,#4117);
#4116 = CARTESIAN_POINT('',(0.,0.));
#4117 = VECTOR('',#4118,1.);
#4118 = DIRECTION('',(0.,-1.));
#4119 = ( GEOMETRIC_REPRESENTATION_CONTEXT(2) 
PARAMETRIC_REPRESENTATION_CONTEXT() REPRESENTATION_CONTEXT('2D SPACE',''
  ) );
#4120 = PCURVE('',#4121,#4126);
#4121 = PLANE('',#4122);
#4122 = AXIS2_PLACEMENT_3D('',#4123,#4124,#4125);
#4123 = CARTESIAN_POINT('',(-750.,-75.,-150.));
#4124 = DIRECTION('',(0.,0.,1.));
#4125 = DIRECTION('',(1.,0.,-0.));
#4126 = DEFINITIONAL_REPRESENTATION('',(#4127),#4131);
#4127 = LINE('',#4128,#4129);
#4128 = CARTESIAN_POINT('',(0.,0.));
#4129 = VECTOR('',#4130,1.);
#4130 = DIRECTION('',(0.,1.));
#4131 = ( GEOMETRIC_REPRESENTATION_CONTEXT(2) 
PARAMETRIC_REPRESENTATION_CONTEXT() REPRESENTATION_CONTEXT('2D SPACE',''
  ) );
#4132 = ORIENTED_EDGE('',*,*,#4133,.T.);
#4133 = EDGE_CURVE('',#4106,#4134,#4136,.T.);
#4134 = VERTEX_POINT('',#4135);
#4135 = CARTESIAN_POINT('',(-750.,75.,150.));
#4136 = SURFACE_CURVE('',#4137,(#4141,#4148),.PCURVE_S1.);
#4137 = LINE('',#4138,#4139);
#4138 = CARTESIAN_POINT('',(-750.,75.,-150.));
#4139 = VECTOR('',#4140,1.);
#4140 = DIRECTION('',(0.,0.,1.));
#4141 = PCURVE('',#4081,#4142);
#4142 = DEFINITIONAL_REPRESENTATION('',(#4143),#4147);
#4143 = LINE('',#4144,#4145);
#4144 = CARTESIAN_POINT('',(0.,-150.));
#4145 = VECTOR('',#4146,1.);
#4146 = DIRECTION('',(1.,0.));
#4147 = ( GEOMETRIC_REPRESENTATION_CONTEXT(2) 
PARAMETRIC_REPRESENTATION_CONTEXT() REPRESENTATION_CONTEXT('2D SPACE',''
  ) );
#4148 = PCURVE('',#4149,#4154);
#4149 = PLANE('',#4150);
#4150 = AXIS2_PLACEMENT_3D('',#4151,#4152,#4153);
#4151 = CARTESIAN_POINT('',(-750.,75.,-150.));
#4152 = DIRECTION('',(-0.,1.,0.));
#4153 = DIRECTION('',(0.,0.,1.));
#4154 = DEFINITIONAL_REPRESENTATION('',(#4155),#4159);
#4155 = LINE('',#4156,#4157);
#4156 = CARTESIAN_POINT('',(0.,0.));
#4157 = VECTOR('',#4158,1.);
#4158 = DIRECTION('',(1.,0.));
#4159 = ( GEOMETRIC_REPRESENTATION_CONTEXT(2) 
PARAMETRIC_REPRESENTATION_CONTEXT() REPRESENTATION_CONTEXT('2D SPACE',''
  ) );
#4160 = ORIENTED_EDGE('',*,*,#4161,.F.);
#4161 = EDGE_CURVE('',#4073,#4134,#4162,.T.);
#4162 = SURFACE_CURVE('',#4163,(#4167,#4174),.PCURVE_S1.);
#4163 = LINE('',#4164,#4165);
#4164 = CARTESIAN_POINT('',(-750.,-75.,150.));
#4165 = VECTOR('',#4166,1.);
#4166 = DIRECTION('',(-0.,1.,0.));
#4167 = PCURVE('',#4081,#4168);
#4168 = DEFINITIONAL_REPRESENTATION('',(#4169),#4173);
#4169 = LINE('',#4170,#4171);
#4170 = CARTESIAN_POINT('',(300.,0.));
#4171 = VECTOR('',#4172,1.);
#4172 = DIRECTION('',(0.,-1.));
#4173 = ( GEOMETRIC_REPRESENTATION_CONTEXT(2) 
PARAMETRIC_REPRESENTATION_CONTEXT() REPRESENTATION_CONTEXT('2D SPACE',''
  ) );
#4174 = PCURVE('',#4175,#4180);
#4175 = PLANE('',#4176);
#4176 = AXIS2_PLACEMENT_3D('',#4177,#4178,#4179);
#4177 = CARTESIAN_POINT('',(-750.,-75.,150.));
#4178 = DIRECTION('',(0.,0.,1.));
#4179 = DIRECTION('',(1.,0.,-0.));
#4180 = DEFINITIONAL_REPRESENTATION('',(#4181),#4185);
#4181 = LINE('',#4182,#4183);
#4182 = CARTESIAN_POINT('',(0.,0.));
#4183 = VECTOR('',#4184,1.);
#4184 = DIRECTION('',(0.,1.));
#4185 = ( GEOMETRIC_REPRESENTATION_CONTEXT(2) 
PARAMETRIC_REPRESENTATION_CONTEXT() REPRESENTATION_CONTEXT('2D SPACE',''
  ) );
#4186 = ADVANCED_FACE('',(#4187),#4201,.T.);
#4187 = FACE_BOUND('',#4188,.T.);
#4188 = EDGE_LOOP('',(#4189,#4219,#4242,#4265));
#4189 = ORIENTED_EDGE('',*,*,#4190,.F.);
#4190 = EDGE_CURVE('',#4191,#4193,#4195,.T.);
#4191 = VERTEX_POINT('',#4192);
#4192 = CARTESIAN_POINT('',(750.,-75.,-150.));
#4193 = VERTEX_POINT('',#4194);
#4194 = CARTESIAN_POINT('',(750.,-75.,150.));
#4195 = SURFACE_CURVE('',#4196,(#4200,#4212),.PCURVE_S1.);
#4196 = LINE('',#4197,#4198);
#4197 = CARTESIAN_POINT('',(750.,-75.,-150.));
#4198 = VECTOR('',#4199,1.);
#4199 = DIRECTION('',(0.,0.,1.));
#4200 = PCURVE('',#4201,#4206);
#4201 = PLANE('',#4202);
#4202 = AXIS2_PLACEMENT_3D('',#4203,#4204,#4205);
#4203 = CARTESIAN_POINT('',(750.,-75.,-150.));
#4204 = DIRECTION('',(1.,0.,-0.));
#4205 = DIRECTION('',(0.,0.,1.));
#4206 = DEFINITIONAL_REPRESENTATION('',(#4207),#4211);
#4207 = LINE('',#4208,#4209);
#4208 = CARTESIAN_POINT('',(0.,0.));
#4209 = VECTOR('',#4210,1.);
#4210 = DIRECTION('',(1.,0.));
#4211 = ( GEOMETRIC_REPRESENTATION_CONTEXT(2) 
PARAMETRIC_REPRESENTATION_CONTEXT() REPRESENTATION_CONTEXT('2D SPACE',''
  ) );
#4212 = PCURVE('',#4093,#4213);
#4213 = DEFINITIONAL_REPRESENTATION('',(#4214),#4218);
#4214 = LINE('',#4215,#4216);
#4215 = CARTESIAN_POINT('',(0.,1.5E+03));
#4216 = VECTOR('',#4217,1.);
#4217 = DIRECTION('',(1.,0.));
#4218 = ( GEOMETRIC_REPRESENTATION_CONTEXT(2) 
PARAMETRIC_REPRESENTATION_CONTEXT() REPRESENTATION_CONTEXT('2D SPACE',''
  ) );
#4219 = ORIENTED_EDGE('',*,*,#4220,.T.);
#4220 = EDGE_CURVE('',#4191,#4221,#4223,.T.);
#4221 = VERTEX_POINT('',#4222);
#4222 = CARTESIAN_POINT('',(750.,75.,-150.));
#4223 = SURFACE_CURVE('',#4224,(#4228,#4235),.PCURVE_S1.);
#4224 = LINE('',#4225,#4226);
#4225 = CARTESIAN_POINT('',(750.,-75.,-150.));
#4226 = VECTOR('',#4227,1.);
#4227 = DIRECTION('',(-0.,1.,0.));
#4228 = PCURVE('',#4201,#4229);
#4229 = DEFINITIONAL_REPRESENTATION('',(#4230),#4234);
#4230 = LINE('',#4231,#4232);
#4231 = CARTESIAN_POINT('',(0.,0.));
#4232 = VECTOR('',#4233,1.);
#4233 = DIRECTION('',(0.,-1.));
#4234 = ( GEOMETRIC_REPRESENTATION_CONTEXT(2) 
PARAMETRIC_REPRESENTATION_CONTEXT() REPRESENTATION_CONTEXT('2D SPACE',''
  ) );
#4235 = PCURVE('',#4121,#4236);
#4236 = DEFINITIONAL_REPRESENTATION('',(#4237),#4241);
#4237 = LINE('',#4238,#4239);
#4238 = CARTESIAN_POINT('',(1.5E+03,0.));
#4239 = VECTOR('',#4240,1.);
#4240 = DIRECTION('',(0.,1.));
#4241 = ( GEOMETRIC_REPRESENTATION_CONTEXT(2) 
PARAMETRIC_REPRESENTATION_CONTEXT() REPRESENTATION_CONTEXT('2D SPACE',''
  ) );
#4242 = ORIENTED_EDGE('',*,*,#4243,.T.);
#4243 = EDGE_CURVE('',#4221,#4244,#4246,.T.);
#4244 = VERTEX_POINT('',#4245);
#4245 = CARTESIAN_POINT('',(750.,75.,150.));
#4246 = SURFACE_CURVE('',#4247,(#4251,#4258),.PCURVE_S1.);
#4247 = LINE('',#4248,#4249);
#4248 = CARTESIAN_POINT('',(750.,75.,-150.));
#4249 = VECTOR('',#4250,1.);
#4250 = DIRECTION('',(0.,0.,1.));
#4251 = PCURVE('',#4201,#4252);
#4252 = DEFINITIONAL_REPRESENTATION('',(#4253),#4257);
#4253 = LINE('',#4254,#4255);
#4254 = CARTESIAN_POINT('',(0.,-150.));
#4255 = VECTOR('',#4256,1.);
#4256 = DIRECTION('',(1.,0.));
#4257 = ( GEOMETRIC_REPRESENTATION_CONTEXT(2) 
PARAMETRIC_REPRESENTATION_CONTEXT() REPRESENTATION_CONTEXT('2D SPACE',''
  ) );
#4258 = PCURVE('',#4149,#4259);
#4259 = DEFINITIONAL_REPRESENTATION('',(#4260),#4264);
#4260 = LINE('',#4261,#4262);
#4261 = CARTESIAN_POINT('',(0.,1.5E+03));
#4262 = VECTOR('',#4263,1.);
#4263 = DIRECTION('',(1.,0.));
#4264 = ( GEOMETRIC_REPRESENTATION_CONTEXT(2) 
PARAMETRIC_REPRESENTATION_CONTEXT() REPRESENTATION_CONTEXT('2D SPACE',''
  ) );
#4265 = ORIENTED_EDGE('',*,*,#4266,.F.);
#4266 = EDGE_CURVE('',#4193,#4244,#4267,.T.);
#4267 = SURFACE_CURVE('',#4268,(#4272,#4279),.PCURVE_S1.);
#4268 = LINE('',#4269,#4270);
#4269 = CARTESIAN_POINT('',(750.,-75.,150.));
#4270 = VECTOR('',#4271,1.);
#4271 = DIRECTION('',(-0.,1.,0.));
#4272 = PCURVE('',#4201,#4273);
#4273 = DEFINITIONAL_REPRESENTATION('',(#4274),#4278);
#4274 = LINE('',#4275,#4276);
#4275 = CARTESIAN_POINT('',(300.,0.));
#4276 = VECTOR('',#4277,1.);
#4277 = DIRECTION('',(0.,-1.));
#4278 = ( GEOMETRIC_REPRESENTATION_CONTEXT(2) 
PARAMETRIC_REPRESENTATION_CONTEXT() REPRESENTATION_CONTEXT('2D SPACE',''
  ) );
#4279 = PCURVE('',#4175,#4280);
#4280 = DEFINITIONAL_REPRESENTATION('',(#4281),#4285);
#4281 = LINE('',#4282,#4283);
#4282 = CARTESIAN_POINT('',(1.5E+03,0.));
#4283 = VECTOR('',#4284,1.);
#4284 = DIRECTION('',(0.,1.));
#4285 = ( GEOMETRIC_REPRESENTATION_CONTEXT(2) 
PARAMETRIC_REPRESENTATION_CONTEXT() REPRESENTATION_CONTEXT('2D SPACE',''
  ) );
#4286 = ADVANCED_FACE('',(#4287),#4093,.F.);
#4287 = FACE_BOUND('',#4288,.F.);
#4288 = EDGE_LOOP('',(#4289,#4310,#4311,#4332));
#4289 = ORIENTED_EDGE('',*,*,#4290,.F.);
#4290 = EDGE_CURVE('',#4071,#4191,#4291,.T.);
#4291 = SURFACE_CURVE('',#4292,(#4296,#4303),.PCURVE_S1.);
#4292 = LINE('',#4293,#4294);
#4293 = CARTESIAN_POINT('',(-750.,-75.,-150.));
#4294 = VECTOR('',#4295,1.);
#4295 = DIRECTION('',(1.,0.,-0.));
#4296 = PCURVE('',#4093,#4297);
#4297 = DEFINITIONAL_REPRESENTATION('',(#4298),#4302);
#4298 = LINE('',#4299,#4300);
#4299 = CARTESIAN_POINT('',(0.,0.));
#4300 = VECTOR('',#4301,1.);
#4301 = DIRECTION('',(0.,1.));
#4302 = ( GEOMETRIC_REPRESENTATION_CONTEXT(2) 
PARAMETRIC_REPRESENTATION_CONTEXT() REPRESENTATION_CONTEXT('2D SPACE',''
  ) );
#4303 = PCURVE('',#4121,#4304);
#4304 = DEFINITIONAL_REPRESENTATION('',(#4305),#4309);
#4305 = LINE('',#4306,#4307);
#4306 = CARTESIAN_POINT('',(0.,0.));
#4307 = VECTOR('',#4308,1.);
#4308 = DIRECTION('',(1.,0.));
#4309 = ( GEOMETRIC_REPRESENTATION_CONTEXT(2) 
PARAMETRIC_REPRESENTATION_CONTEXT() REPRESENTATION_CONTEXT('2D SPACE',''
  ) );
#4310 = ORIENTED_EDGE('',*,*,#4070,.T.);
#4311 = ORIENTED_EDGE('',*,*,#4312,.T.);
#4312 = EDGE_CURVE('',#4073,#4193,#4313,.T.);
#4313 = SURFACE_CURVE('',#4314,(#4318,#4325),.PCURVE_S1.);
#4314 = LINE('',#4315,#4316);
#4315 = CARTESIAN_POINT('',(-750.,-75.,150.));
#4316 = VECTOR('',#4317,1.);
#4317 = DIRECTION('',(1.,0.,-0.));
#4318 = PCURVE('',#4093,#4319);
#4319 = DEFINITIONAL_REPRESENTATION('',(#4320),#4324);
#4320 = LINE('',#4321,#4322);
#4321 = CARTESIAN_POINT('',(300.,0.));
#4322 = VECTOR('',#4323,1.);
#4323 = DIRECTION('',(0.,1.));
#4324 = ( GEOMETRIC_REPRESENTATION_CONTEXT(2) 
PARAMETRIC_REPRESENTATION_CONTEXT() REPRESENTATION_CONTEXT('2D SPACE',''
  ) );
#4325 = PCURVE('',#4175,#4326);
#4326 = DEFINITIONAL_REPRESENTATION('',(#4327),#4331);
#4327 = LINE('',#4328,#4329);
#4328 = CARTESIAN_POINT('',(0.,0.));
#4329 = VECTOR('',#4330,1.);
#4330 = DIRECTION('',(1.,0.));
#4331 = ( GEOMETRIC_REPRESENTATION_CONTEXT(2) 
PARAMETRIC_REPRESENTATION_CONTEXT() REPRESENTATION_CONTEXT('2D SPACE',''
  ) );
#4332 = ORIENTED_EDGE('',*,*,#4190,.F.);
#4333 = ADVANCED_FACE('',(#4334),#4149,.T.);
#4334 = FACE_BOUND('',#4335,.T.);
#4335 = EDGE_LOOP('',(#4336,#4357,#4358,#4379));
#4336 = ORIENTED_EDGE('',*,*,#4337,.F.);
#4337 = EDGE_CURVE('',#4106,#4221,#4338,.T.);
#4338 = SURFACE_CURVE('',#4339,(#4343,#4350),.PCURVE_S1.);
#4339 = LINE('',#4340,#4341);
#4340 = CARTESIAN_POINT('',(-750.,75.,-150.));
#4341 = VECTOR('',#4342,1.);
#4342 = DIRECTION('',(1.,0.,-0.));
#4343 = PCURVE('',#4149,#4344);
#4344 = DEFINITIONAL_REPRESENTATION('',(#4345),#4349);
#4345 = LINE('',#4346,#4347);
#4346 = CARTESIAN_POINT('',(0.,0.));
#4347 = VECTOR('',#4348,1.);
#4348 = DIRECTION('',(0.,1.));
#4349 = ( GEOMETRIC_REPRESENTATION_CONTEXT(2) 
PARAMETRIC_REPRESENTATION_CONTEXT() REPRESENTATION_CONTEXT('2D SPACE',''
  ) );
#4350 = PCURVE('',#4121,#4351);
#4351 = DEFINITIONAL_REPRESENTATION('',(#4352),#4356);
#4352 = LINE('',#4353,#4354);
#4353 = CARTESIAN_POINT('',(0.,150.));
#4354 = VECTOR('',#4355,1.);
#4355 = DIRECTION('',(1.,0.));
#4356 = ( GEOMETRIC_REPRESENTATION_CONTEXT(2) 
PARAMETRIC_REPRESENTATION_CONTEXT() REPRESENTATION_CONTEXT('2D SPACE',''
  ) );
#4357 = ORIENTED_EDGE('',*,*,#4133,.T.);
#4358 = ORIENTED_EDGE('',*,*,#4359,.T.);
#4359 = EDGE_CURVE('',#4134,#4244,#4360,.T.);
#4360 = SURFACE_CURVE('',#4361,(#4365,#4372),.PCURVE_S1.);
#4361 = LINE('',#4362,#4363);
#4362 = CARTESIAN_POINT('',(-750.,75.,150.));
#4363 = VECTOR('',#4364,1.);
#4364 = DIRECTION('',(1.,0.,-0.));
#4365 = PCURVE('',#4149,#4366);
#4366 = DEFINITIONAL_REPRESENTATION('',(#4367),#4371);
#4367 = LINE('',#4368,#4369);
#4368 = CARTESIAN_POINT('',(300.,0.));
#4369 = VECTOR('',#4370,1.);
#4370 = DIRECTION('',(0.,1.));
#4371 = ( GEOMETRIC_REPRESENTATION_CONTEXT(2) 
PARAMETRIC_REPRESENTATION_CONTEXT() REPRESENTATION_CONTEXT('2D SPACE',''
  ) );
#4372 = PCURVE('',#4175,#4373);
#4373 = DEFINITIONAL_REPRESENTATION('',(#4374),#4378);
#4374 = LINE('',#4375,#4376);
#4375 = CARTESIAN_POINT('',(0.,150.));
#4376 = VECTOR('',#4377,1.);
#4377 = DIRECTION('',(1.,0.));
#4378 = ( GEOMETRIC_REPRESENTATION_CONTEXT(2) 
PARAMETRIC_REPRESENTATION_CONTEXT() REPRESENTATION_CONTEXT('2D SPACE',''
  ) );
#4379 = ORIENTED_EDGE('',*,*,#4243,.F.);
#4380 = ADVANCED_FACE('',(#4381),#4121,.F.);
#4381 = FACE_BOUND('',#4382,.F.);
#4382 = EDGE_LOOP('',(#4383,#4384,#4385,#4386));
#4383 = ORIENTED_EDGE('',*,*,#4105,.F.);
#4384 = ORIENTED_EDGE('',*,*,#4290,.T.);
#4385 = ORIENTED_EDGE('',*,*,#4220,.T.);
#4386 = ORIENTED_EDGE('',*,*,#4337,.F.);
#4387 = ADVANCED_FACE('',(#4388),#4175,.T.);
#4388 = FACE_BOUND('',#4389,.T.);
#4389 = EDGE_LOOP('',(#4390,#4391,#4392,#4393));
#4390 = ORIENTED_EDGE('',*,*,#4161,.F.);
#4391 = ORIENTED_EDGE('',*,*,#4312,.T.);
#4392 = ORIENTED_EDGE('',*,*,#4266,.T.);
#4393 = ORIENTED_EDGE('',*,*,#4359,.F.);
#4394 = ( GEOMETRIC_REPRESENTATION_CONTEXT(3) 
GLOBAL_UNCERTAINTY_ASSIGNED_CONTEXT((#4398)) 
GLOBAL_UNIT_ASSIGNED_CONTEXT((#4395,#4396,#4397)) REPRESENTATION_CONTEXT
('Context #1','3D Context with UNIT and UNCERTAINTY') );
#4395 = ( LENGTH_UNIT() NAMED_UNIT(*) SI_UNIT(.MILLI.,.METRE.) );
#4396 = ( NAMED_UNIT(*) PLANE_ANGLE_UNIT() SI_UNIT($,.RADIAN.) );
#4397 = ( NAMED_UNIT(*) SI_UNIT($,.STERADIAN.) SOLID_ANGLE_UNIT() );
#4398 = UNCERTAINTY_MEASURE_WITH_UNIT(LENGTH_MEASURE(1.E-07),#4395,
  'distance_accuracy_value','confusion accuracy');
#4399 = CONTEXT_DEPENDENT_SHAPE_REPRESENTATION(#4400,#4402);
#4400 = ( REPRESENTATION_RELATIONSHIP('','',#4063,#10) 
REPRESENTATION_RELATIONSHIP_WITH_TRANSFORMATION(#4401) 
SHAPE_REPRESENTATION_RELATIONSHIP() );
#4401 = ITEM_DEFINED_TRANSFORMATION('','',#11,#59);
#4402 = PRODUCT_DEFINITION_SHAPE('Placement','Placement of an item',
  #4403);
#4403 = NEXT_ASSEMBLY_USAGE_OCCURRENCE('12','=>[0:1:1:13]','',#5,#4058,$
  );
#4404 = PRODUCT_RELATED_PRODUCT_CATEGORY('part',$,(#4060));
#4405 = SHAPE_DEFINITION_REPRESENTATION(#4406,#4412);
#4406 = PRODUCT_DEFINITION_SHAPE('','',#4407);
#4407 = PRODUCT_DEFINITION('design','',#4408,#4411);
#4408 = PRODUCT_DEFINITION_FORMATION('','',#4409);
#4409 = PRODUCT('COMPOUND','COMPOUND','',(#4410));
#4410 = PRODUCT_CONTEXT('',#2,'mechanical');
#4411 = PRODUCT_DEFINITION_CONTEXT('part definition',#2,'design');
#4412 = ADVANCED_BREP_SHAPE_REPRESENTATION('',(#11,#4413),#4743);
#4413 = MANIFOLD_SOLID_BREP('',#4414);
#4414 = CLOSED_SHELL('',(#4415,#4535,#4635,#4682,#4729,#4736));
#4415 = ADVANCED_FACE('',(#4416),#4430,.F.);
#4416 = FACE_BOUND('',#4417,.F.);
#4417 = EDGE_LOOP('',(#4418,#4453,#4481,#4509));
#4418 = ORIENTED_EDGE('',*,*,#4419,.F.);
#4419 = EDGE_CURVE('',#4420,#4422,#4424,.T.);
#4420 = VERTEX_POINT('',#4421);
#4421 = CARTESIAN_POINT('',(0.,-36.,-36.));
#4422 = VERTEX_POINT('',#4423);
#4423 = CARTESIAN_POINT('',(0.,-36.,36.));
#4424 = SURFACE_CURVE('',#4425,(#4429,#4441),.PCURVE_S1.);
#4425 = LINE('',#4426,#4427);
#4426 = CARTESIAN_POINT('',(0.,-36.,-36.));
#4427 = VECTOR('',#4428,1.);
#4428 = DIRECTION('',(0.,0.,1.));
#4429 = PCURVE('',#4430,#4435);
#4430 = PLANE('',#4431);
#4431 = AXIS2_PLACEMENT_3D('',#4432,#4433,#4434);
#4432 = CARTESIAN_POINT('',(0.,-36.,-36.));
#4433 = DIRECTION('',(1.,0.,-0.));
#4434 = DIRECTION('',(0.,0.,1.));
#4435 = DEFINITIONAL_REPRESENTATION('',(#4436),#4440);
#4436 = LINE('',#4437,#4438);
#4437 = CARTESIAN_POINT('',(0.,0.));
#4438 = VECTOR('',#4439,1.);
#4439 = DIRECTION('',(1.,0.));
#4440 = ( GEOMETRIC_REPRESENTATION_CONTEXT(2) 
PARAMETRIC_REPRESENTATION_CONTEXT() REPRESENTATION_CONTEXT('2D SPACE',''
  ) );
#4441 = PCURVE('',#4442,#4447);
#4442 = PLANE('',#4443);
#4443 = AXIS2_PLACEMENT_3D('',#4444,#4445,#4446);
#4444 = CARTESIAN_POINT('',(0.,-36.,-36.));
#4445 = DIRECTION('',(-0.,1.,0.));
#4446 = DIRECTION('',(0.,0.,1.));
#4447 = DEFINITIONAL_REPRESENTATION('',(#4448),#4452);
#4448 = LINE('',#4449,#4450);
#4449 = CARTESIAN_POINT('',(0.,0.));
#4450 = VECTOR('',#4451,1.);
#4451 = DIRECTION('',(1.,0.));
#4452 = ( GEOMETRIC_REPRESENTATION_CONTEXT(2) 
PARAMETRIC_REPRESENTATION_CONTEXT() REPRESENTATION_CONTEXT('2D SPACE',''
  ) );
#4453 = ORIENTED_EDGE('',*,*,#4454,.T.);
#4454 = EDGE_CURVE('',#4420,#4455,#4457,.T.);
#4455 = VERTEX_POINT('',#4456);
#4456 = CARTESIAN_POINT('',(0.,36.,-36.));
#4457 = SURFACE_CURVE('',#4458,(#4462,#4469),.PCURVE_S1.);
#4458 = LINE('',#4459,#4460);
#4459 = CARTESIAN_POINT('',(0.,-36.,-36.));
#4460 = VECTOR('',#4461,1.);
#4461 = DIRECTION('',(-0.,1.,0.));
#4462 = PCURVE('',#4430,#4463);
#4463 = DEFINITIONAL_REPRESENTATION('',(#4464),#4468);
#4464 = LINE('',#4465,#4466);
#4465 = CARTESIAN_POINT('',(0.,0.));
#4466 = VECTOR('',#4467,1.);
#4467 = DIRECTION('',(0.,-1.));
#4468 = ( GEOMETRIC_REPRESENTATION_CONTEXT(2) 
PARAMETRIC_REPRESENTATION_CONTEXT() REPRESENTATION_CONTEXT('2D SPACE',''
  ) );
#4469 = PCURVE('',#4470,#4475);
#4470 = PLANE('',#4471);
#4471 = AXIS2_PLACEMENT_3D('',#4472,#4473,#4474);
#4472 = CARTESIAN_POINT('',(0.,-36.,-36.));
#4473 = DIRECTION('',(0.,0.,1.));
#4474 = DIRECTION('',(1.,0.,-0.));
#4475 = DEFINITIONAL_REPRESENTATION('',(#4476),#4480);
#4476 = LINE('',#4477,#4478);
#4477 = CARTESIAN_POINT('',(0.,0.));
#4478 = VECTOR('',#4479,1.);
#4479 = DIRECTION('',(0.,1.));
#4480 = ( GEOMETRIC_REPRESENTATION_CONTEXT(2) 
PARAMETRIC_REPRESENTATION_CONTEXT() REPRESENTATION_CONTEXT('2D SPACE',''
  ) );
#4481 = ORIENTED_EDGE('',*,*,#4482,.T.);
#4482 = EDGE_CURVE('',#4455,#4483,#4485,.T.);
#4483 = VERTEX_POINT('',#4484);
#4484 = CARTESIAN_POINT('',(0.,36.,36.));
#4485 = SURFACE_CURVE('',#4486,(#4490,#4497),.PCURVE_S1.);
#4486 = LINE('',#4487,#4488);
#4487 = CARTESIAN_POINT('',(0.,36.,-36.));
#4488 = VECTOR('',#4489,1.);
#4489 = DIRECTION('',(0.,0.,1.));
#4490 = PCURVE('',#4430,#4491);
#4491 = DEFINITIONAL_REPRESENTATION('',(#4492),#4496);
#4492 = LINE('',#4493,#4494);
#4493 = CARTESIAN_POINT('',(0.,-72.));
#4494 = VECTOR('',#4495,1.);
#4495 = DIRECTION('',(1.,0.));
#4496 = ( GEOMETRIC_REPRESENTATION_CONTEXT(2) 
PARAMETRIC_REPRESENTATION_CONTEXT() REPRESENTATION_CONTEXT('2D SPACE',''
  ) );
#4497 = PCURVE('',#4498,#4503);
#4498 = PLANE('',#4499);
#4499 = AXIS2_PLACEMENT_3D('',#4500,#4501,#4502);
#4500 = CARTESIAN_POINT('',(0.,36.,-36.));
#4501 = DIRECTION('',(-0.,1.,0.));
#4502 = DIRECTION('',(0.,0.,1.));
#4503 = DEFINITIONAL_REPRESENTATION('',(#4504),#4508);
#4504 = LINE('',#4505,#4506);
#4505 = CARTESIAN_POINT('',(0.,0.));
#4506 = VECTOR('',#4507,1.);
#4507 = DIRECTION('',(1.,0.));
#4508 = ( GEOMETRIC_REPRESENTATION_CONTEXT(2) 
PARAMETRIC_REPRESENTATION_CONTEXT() REPRESENTATION_CONTEXT('2D SPACE',''
  ) );
#4509 = ORIENTED_EDGE('',*,*,#4510,.F.);
#4510 = EDGE_CURVE('',#4422,#4483,#4511,.T.);
#4511 = SURFACE_CURVE('',#4512,(#4516,#4523),.PCURVE_S1.);
#4512 = LINE('',#4513,#4514);
#4513 = CARTESIAN_POINT('',(0.,-36.,36.));
#4514 = VECTOR('',#4515,1.);
#4515 = DIRECTION('',(-0.,1.,0.));
#4516 = PCURVE('',#4430,#4517);
#4517 = DEFINITIONAL_REPRESENTATION('',(#4518),#4522);
#4518 = LINE('',#4519,#4520);
#4519 = CARTESIAN_POINT('',(72.,0.));
#4520 = VECTOR('',#4521,1.);
#4521 = DIRECTION('',(0.,-1.));
#4522 = ( GEOMETRIC_REPRESENTATION_CONTEXT(2) 
PARAMETRIC_REPRESENTATION_CONTEXT() REPRESENTATION_CONTEXT('2D SPACE',''
  ) );
#4523 = PCURVE('',#4524,#4529);
#4524 = PLANE('',#4525);
#4525 = AXIS2_PLACEMENT_3D('',#4526,#4527,#4528);
#4526 = CARTESIAN_POINT('',(0.,-36.,36.));
#4527 = DIRECTION('',(0.,0.,1.));
#4528 = DIRECTION('',(1.,0.,-0.));
#4529 = DEFINITIONAL_REPRESENTATION('',(#4530),#4534);
#4530 = LINE('',#4531,#4532);
#4531 = CARTESIAN_POINT('',(0.,0.));
#4532 = VECTOR('',#4533,1.);
#4533 = DIRECTION('',(0.,1.));
#4534 = ( GEOMETRIC_REPRESENTATION_CONTEXT(2) 
PARAMETRIC_REPRESENTATION_CONTEXT() REPRESENTATION_CONTEXT('2D SPACE',''
  ) );
#4535 = ADVANCED_FACE('',(#4536),#4550,.T.);
#4536 = FACE_BOUND('',#4537,.T.);
#4537 = EDGE_LOOP('',(#4538,#4568,#4591,#4614));
#4538 = ORIENTED_EDGE('',*,*,#4539,.F.);
#4539 = EDGE_CURVE('',#4540,#4542,#4544,.T.);
#4540 = VERTEX_POINT('',#4541);
#4541 = CARTESIAN_POINT('',(1.100181803158E+03,-36.,-36.));
#4542 = VERTEX_POINT('',#4543);
#4543 = CARTESIAN_POINT('',(1.100181803158E+03,-36.,36.));
#4544 = SURFACE_CURVE('',#4545,(#4549,#4561),.PCURVE_S1.);
#4545 = LINE('',#4546,#4547);
#4546 = CARTESIAN_POINT('',(1.100181803158E+03,-36.,-36.));
#4547 = VECTOR('',#4548,1.);
#4548 = DIRECTION('',(0.,0.,1.));
#4549 = PCURVE('',#4550,#4555);
#4550 = PLANE('',#4551);
#4551 = AXIS2_PLACEMENT_3D('',#4552,#4553,#4554);
#4552 = CARTESIAN_POINT('',(1.100181803158E+03,-36.,-36.));
#4553 = DIRECTION('',(1.,0.,-0.));
#4554 = DIRECTION('',(0.,0.,1.));
#4555 = DEFINITIONAL_REPRESENTATION('',(#4556),#4560);
#4556 = LINE('',#4557,#4558);
#4557 = CARTESIAN_POINT('',(0.,0.));
#4558 = VECTOR('',#4559,1.);
#4559 = DIRECTION('',(1.,0.));
#4560 = ( GEOMETRIC_REPRESENTATION_CONTEXT(2) 
PARAMETRIC_REPRESENTATION_CONTEXT() REPRESENTATION_CONTEXT('2D SPACE',''
  ) );
#4561 = PCURVE('',#4442,#4562);
#4562 = DEFINITIONAL_REPRESENTATION('',(#4563),#4567);
#4563 = LINE('',#4564,#4565);
#4564 = CARTESIAN_POINT('',(0.,1.100181803158E+03));
#4565 = VECTOR('',#4566,1.);
#4566 = DIRECTION('',(1.,0.));
#4567 = ( GEOMETRIC_REPRESENTATION_CONTEXT(2) 
PARAMETRIC_REPRESENTATION_CONTEXT() REPRESENTATION_CONTEXT('2D SPACE',''
  ) );
#4568 = ORIENTED_EDGE('',*,*,#4569,.T.);
#4569 = EDGE_CURVE('',#4540,#4570,#4572,.T.);
#4570 = VERTEX_POINT('',#4571);
#4571 = CARTESIAN_POINT('',(1.100181803158E+03,36.,-36.));
#4572 = SURFACE_CURVE('',#4573,(#4577,#4584),.PCURVE_S1.);
#4573 = LINE('',#4574,#4575);
#4574 = CARTESIAN_POINT('',(1.100181803158E+03,-36.,-36.));
#4575 = VECTOR('',#4576,1.);
#4576 = DIRECTION('',(-0.,1.,0.));
#4577 = PCURVE('',#4550,#4578);
#4578 = DEFINITIONAL_REPRESENTATION('',(#4579),#4583);
#4579 = LINE('',#4580,#4581);
#4580 = CARTESIAN_POINT('',(0.,0.));
#4581 = VECTOR('',#4582,1.);
#4582 = DIRECTION('',(0.,-1.));
#4583 = ( GEOMETRIC_REPRESENTATION_CONTEXT(2) 
PARAMETRIC_REPRESENTATION_CONTEXT() REPRESENTATION_CONTEXT('2D SPACE',''
  ) );
#4584 = PCURVE('',#4470,#4585);
#4585 = DEFINITIONAL_REPRESENTATION('',(#4586),#4590);
#4586 = LINE('',#4587,#4588);
#4587 = CARTESIAN_POINT('',(1.100181803158E+03,0.));
#4588 = VECTOR('',#4589,1.);
#4589 = DIRECTION('',(0.,1.));
#4590 = ( GEOMETRIC_REPRESENTATION_CONTEXT(2) 
PARAMETRIC_REPRESENTATION_CONTEXT() REPRESENTATION_CONTEXT('2D SPACE',''
  ) );
#4591 = ORIENTED_EDGE('',*,*,#4592,.T.);
#4592 = EDGE_CURVE('',#4570,#4593,#4595,.T.);
#4593 = VERTEX_POINT('',#4594);
#4594 = CARTESIAN_POINT('',(1.100181803158E+03,36.,36.));
#4595 = SURFACE_CURVE('',#4596,(#4600,#4607),.PCURVE_S1.);
#4596 = LINE('',#4597,#4598);
#4597 = CARTESIAN_POINT('',(1.100181803158E+03,36.,-36.));
#4598 = VECTOR('',#4599,1.);
#4599 = DIRECTION('',(0.,0.,1.));
#4600 = PCURVE('',#4550,#4601);
#4601 = DEFINITIONAL_REPRESENTATION('',(#4602),#4606);
#4602 = LINE('',#4603,#4604);
#4603 = CARTESIAN_POINT('',(0.,-72.));
#4604 = VECTOR('',#4605,1.);
#4605 = DIRECTION('',(1.,0.));
#4606 = ( GEOMETRIC_REPRESENTATION_CONTEXT(2) 
PARAMETRIC_REPRESENTATION_CONTEXT() REPRESENTATION_CONTEXT('2D SPACE',''
  ) );
#4607 = PCURVE('',#4498,#4608);
#4608 = DEFINITIONAL_REPRESENTATION('',(#4609),#4613);
#4609 = LINE('',#4610,#4611);
#4610 = CARTESIAN_POINT('',(0.,1.100181803158E+03));
#4611 = VECTOR('',#4612,1.);
#4612 = DIRECTION('',(1.,0.));
#4613 = ( GEOMETRIC_REPRESENTATION_CONTEXT(2) 
PARAMETRIC_REPRESENTATION_CONTEXT() REPRESENTATION_CONTEXT('2D SPACE',''
  ) );
#4614 = ORIENTED_EDGE('',*,*,#4615,.F.);
#4615 = EDGE_CURVE('',#4542,#4593,#4616,.T.);
#4616 = SURFACE_CURVE('',#4617,(#4621,#4628),.PCURVE_S1.);
#4617 = LINE('',#4618,#4619);
#4618 = CARTESIAN_POINT('',(1.100181803158E+03,-36.,36.));
#4619 = VECTOR('',#4620,1.);
#4620 = DIRECTION('',(-0.,1.,0.));
#4621 = PCURVE('',#4550,#4622);
#4622 = DEFINITIONAL_REPRESENTATION('',(#4623),#4627);
#4623 = LINE('',#4624,#4625);
#4624 = CARTESIAN_POINT('',(72.,0.));
#4625 = VECTOR('',#4626,1.);
#4626 = DIRECTION('',(0.,-1.));
#4627 = ( GEOMETRIC_REPRESENTATION_CONTEXT(2) 
PARAMETRIC_REPRESENTATION_CONTEXT() REPRESENTATION_CONTEXT('2D SPACE',''
  ) );
#4628 = PCURVE('',#4524,#4629);
#4629 = DEFINITIONAL_REPRESENTATION('',(#4630),#4634);
#4630 = LINE('',#4631,#4632);
#4631 = CARTESIAN_POINT('',(1.100181803158E+03,0.));
#4632 = VECTOR('',#4633,1.);
#4633 = DIRECTION('',(0.,1.));
#4634 = ( GEOMETRIC_REPRESENTATION_CONTEXT(2) 
PARAMETRIC_REPRESENTATION_CONTEXT() REPRESENTATION_CONTEXT('2D SPACE',''
  ) );
#4635 = ADVANCED_FACE('',(#4636),#4442,.F.);
#4636 = FACE_BOUND('',#4637,.F.);
#4637 = EDGE_LOOP('',(#4638,#4659,#4660,#4681));
#4638 = ORIENTED_EDGE('',*,*,#4639,.F.);
#4639 = EDGE_CURVE('',#4420,#4540,#4640,.T.);
#4640 = SURFACE_CURVE('',#4641,(#4645,#4652),.PCURVE_S1.);
#4641 = LINE('',#4642,#4643);
#4642 = CARTESIAN_POINT('',(0.,-36.,-36.));
#4643 = VECTOR('',#4644,1.);
#4644 = DIRECTION('',(1.,0.,-0.));
#4645 = PCURVE('',#4442,#4646);
#4646 = DEFINITIONAL_REPRESENTATION('',(#4647),#4651);
#4647 = LINE('',#4648,#4649);
#4648 = CARTESIAN_POINT('',(0.,0.));
#4649 = VECTOR('',#4650,1.);
#4650 = DIRECTION('',(0.,1.));
#4651 = ( GEOMETRIC_REPRESENTATION_CONTEXT(2) 
PARAMETRIC_REPRESENTATION_CONTEXT() REPRESENTATION_CONTEXT('2D SPACE',''
  ) );
#4652 = PCURVE('',#4470,#4653);
#4653 = DEFINITIONAL_REPRESENTATION('',(#4654),#4658);
#4654 = LINE('',#4655,#4656);
#4655 = CARTESIAN_POINT('',(0.,0.));
#4656 = VECTOR('',#4657,1.);
#4657 = DIRECTION('',(1.,0.));
#4658 = ( GEOMETRIC_REPRESENTATION_CONTEXT(2) 
PARAMETRIC_REPRESENTATION_CONTEXT() REPRESENTATION_CONTEXT('2D SPACE',''
  ) );
#4659 = ORIENTED_EDGE('',*,*,#4419,.T.);
#4660 = ORIENTED_EDGE('',*,*,#4661,.T.);
#4661 = EDGE_CURVE('',#4422,#4542,#4662,.T.);
#4662 = SURFACE_CURVE('',#4663,(#4667,#4674),.PCURVE_S1.);
#4663 = LINE('',#4664,#4665);
#4664 = CARTESIAN_POINT('',(0.,-36.,36.));
#4665 = VECTOR('',#4666,1.);
#4666 = DIRECTION('',(1.,0.,-0.));
#4667 = PCURVE('',#4442,#4668);
#4668 = DEFINITIONAL_REPRESENTATION('',(#4669),#4673);
#4669 = LINE('',#4670,#4671);
#4670 = CARTESIAN_POINT('',(72.,0.));
#4671 = VECTOR('',#4672,1.);
#4672 = DIRECTION('',(0.,1.));
#4673 = ( GEOMETRIC_REPRESENTATION_CONTEXT(2) 
PARAMETRIC_REPRESENTATION_CONTEXT() REPRESENTATION_CONTEXT('2D SPACE',''
  ) );
#4674 = PCURVE('',#4524,#4675);
#4675 = DEFINITIONAL_REPRESENTATION('',(#4676),#4680);
#4676 = LINE('',#4677,#4678);
#4677 = CARTESIAN_POINT('',(0.,0.));
#4678 = VECTOR('',#4679,1.);
#4679 = DIRECTION('',(1.,0.));
#4680 = ( GEOMETRIC_REPRESENTATION_CONTEXT(2) 
PARAMETRIC_REPRESENTATION_CONTEXT() REPRESENTATION_CONTEXT('2D SPACE',''
  ) );
#4681 = ORIENTED_EDGE('',*,*,#4539,.F.);
#4682 = ADVANCED_FACE('',(#4683),#4498,.T.);
#4683 = FACE_BOUND('',#4684,.T.);
#4684 = EDGE_LOOP('',(#4685,#4706,#4707,#4728));
#4685 = ORIENTED_EDGE('',*,*,#4686,.F.);
#4686 = EDGE_CURVE('',#4455,#4570,#4687,.T.);
#4687 = SURFACE_CURVE('',#4688,(#4692,#4699),.PCURVE_S1.);
#4688 = LINE('',#4689,#4690);
#4689 = CARTESIAN_POINT('',(0.,36.,-36.));
#4690 = VECTOR('',#4691,1.);
#4691 = DIRECTION('',(1.,0.,-0.));
#4692 = PCURVE('',#4498,#4693);
#4693 = DEFINITIONAL_REPRESENTATION('',(#4694),#4698);
#4694 = LINE('',#4695,#4696);
#4695 = CARTESIAN_POINT('',(0.,0.));
#4696 = VECTOR('',#4697,1.);
#4697 = DIRECTION('',(0.,1.));
#4698 = ( GEOMETRIC_REPRESENTATION_CONTEXT(2) 
PARAMETRIC_REPRESENTATION_CONTEXT() REPRESENTATION_CONTEXT('2D SPACE',''
  ) );
#4699 = PCURVE('',#4470,#4700);
#4700 = DEFINITIONAL_REPRESENTATION('',(#4701),#4705);
#4701 = LINE('',#4702,#4703);
#4702 = CARTESIAN_POINT('',(0.,72.));
#4703 = VECTOR('',#4704,1.);
#4704 = DIRECTION('',(1.,0.));
#4705 = ( GEOMETRIC_REPRESENTATION_CONTEXT(2) 
PARAMETRIC_REPRESENTATION_CONTEXT() REPRESENTATION_CONTEXT('2D SPACE',''
  ) );
#4706 = ORIENTED_EDGE('',*,*,#4482,.T.);
#4707 = ORIENTED_EDGE('',*,*,#4708,.T.);
#4708 = EDGE_CURVE('',#4483,#4593,#4709,.T.);
#4709 = SURFACE_CURVE('',#4710,(#4714,#4721),.PCURVE_S1.);
#4710 = LINE('',#4711,#4712);
#4711 = CARTESIAN_POINT('',(0.,36.,36.));
#4712 = VECTOR('',#4713,1.);
#4713 = DIRECTION('',(1.,0.,-0.));
#4714 = PCURVE('',#4498,#4715);
#4715 = DEFINITIONAL_REPRESENTATION('',(#4716),#4720);
#4716 = LINE('',#4717,#4718);
#4717 = CARTESIAN_POINT('',(72.,0.));
#4718 = VECTOR('',#4719,1.);
#4719 = DIRECTION('',(0.,1.));
#4720 = ( GEOMETRIC_REPRESENTATION_CONTEXT(2) 
PARAMETRIC_REPRESENTATION_CONTEXT() REPRESENTATION_CONTEXT('2D SPACE',''
  ) );
#4721 = PCURVE('',#4524,#4722);
#4722 = DEFINITIONAL_REPRESENTATION('',(#4723),#4727);
#4723 = LINE('',#4724,#4725);
#4724 = CARTESIAN_POINT('',(0.,72.));
#4725 = VECTOR('',#4726,1.);
#4726 = DIRECTION('',(1.,0.));
#4727 = ( GEOMETRIC_REPRESENTATION_CONTEXT(2) 
PARAMETRIC_REPRESENTATION_CONTEXT() REPRESENTATION_CONTEXT('2D SPACE',''
  ) );
#4728 = ORIENTED_EDGE('',*,*,#4592,.F.);
#4729 = ADVANCED_FACE('',(#4730),#4470,.F.);
#4730 = FACE_BOUND('',#4731,.F.);
#4731 = EDGE_LOOP('',(#4732,#4733,#4734,#4735));
#4732 = ORIENTED_EDGE('',*,*,#4454,.F.);
#4733 = ORIENTED_EDGE('',*,*,#4639,.T.);
#4734 = ORIENTED_EDGE('',*,*,#4569,.T.);
#4735 = ORIENTED_EDGE('',*,*,#4686,.F.);
#4736 = ADVANCED_FACE('',(#4737),#4524,.T.);
#4737 = FACE_BOUND('',#4738,.T.);
#4738 = EDGE_LOOP('',(#4739,#4740,#4741,#4742));
#4739 = ORIENTED_EDGE('',*,*,#4510,.F.);
#4740 = ORIENTED_EDGE('',*,*,#4661,.T.);
#4741 = ORIENTED_EDGE('',*,*,#4615,.T.);
#4742 = ORIENTED_EDGE('',*,*,#4708,.F.);
#4743 = ( GEOMETRIC_REPRESENTATION_CONTEXT(3) 
GLOBAL_UNCERTAINTY_ASSIGNED_CONTEXT((#4747)) 
GLOBAL_UNIT_ASSIGNED_CONTEXT((#4744,#4745,#4746)) REPRESENTATION_CONTEXT
('Context #1','3D Context with UNIT and UNCERTAINTY') );
#4744 = ( LENGTH_UNIT() NAMED_UNIT(*) SI_UNIT(.MILLI.,.METRE.) );
#4745 = ( NAMED_UNIT(*) PLANE_ANGLE_UNIT() SI_UNIT($,.RADIAN.) );
#4746 = ( NAMED_UNIT(*) SI_UNIT($,.STERADIAN.) SOLID_ANGLE_UNIT() );
#4747 = UNCERTAINTY_MEASURE_WITH_UNIT(LENGTH_MEASURE(1.E-07),#4744,
  'distance_accuracy_value','confusion accuracy');
#4748 = CONTEXT_DEPENDENT_SHAPE_REPRESENTATION(#4749,#4751);
#4749 = ( REPRESENTATION_RELATIONSHIP('','',#4412,#10) 
REPRESENTATION_RELATIONSHIP_WITH_TRANSFORMATION(#4750) 
SHAPE_REPRESENTATION_RELATIONSHIP() );
#4750 = ITEM_DEFINED_TRANSFORMATION('','',#11,#63);
#4751 = PRODUCT_DEFINITION_SHAPE('Placement','Placement of an item',
  #4752);
#4752 = NEXT_ASSEMBLY_USAGE_OCCURRENCE('13','=>[0:1:1:14]','',#5,#4407,$
  );
#4753 = PRODUCT_RELATED_PRODUCT_CATEGORY('part',$,(#4409));
#4754 = SHAPE_DEFINITION_REPRESENTATION(#4755,#4761);
#4755 = PRODUCT_DEFINITION_SHAPE('','',#4756);
#4756 = PRODUCT_DEFINITION('design','',#4757,#4760);
#4757 = PRODUCT_DEFINITION_FORMATION('','',#4758);
#4758 = PRODUCT('COMPOUND','COMPOUND','',(#4759));
#4759 = PRODUCT_CONTEXT('',#2,'mechanical');
#4760 = PRODUCT_DEFINITION_CONTEXT('part definition',#2,'design');
#4761 = ADVANCED_BREP_SHAPE_REPRESENTATION('',(#11,#4762),#5092);
#4762 = MANIFOLD_SOLID_BREP('',#4763);
#4763 = CLOSED_SHELL('',(#4764,#4884,#4984,#5031,#5078,#5085));
#4764 = ADVANCED_FACE('',(#4765),#4779,.F.);
#4765 = FACE_BOUND('',#4766,.F.);
#4766 = EDGE_LOOP('',(#4767,#4802,#4830,#4858));
#4767 = ORIENTED_EDGE('',*,*,#4768,.F.);
#4768 = EDGE_CURVE('',#4769,#4771,#4773,.T.);
#4769 = VERTEX_POINT('',#4770);
#4770 = CARTESIAN_POINT('',(0.,-35.,-35.));
#4771 = VERTEX_POINT('',#4772);
#4772 = CARTESIAN_POINT('',(0.,-35.,35.));
#4773 = SURFACE_CURVE('',#4774,(#4778,#4790),.PCURVE_S1.);
#4774 = LINE('',#4775,#4776);
#4775 = CARTESIAN_POINT('',(0.,-35.,-35.));
#4776 = VECTOR('',#4777,1.);
#4777 = DIRECTION('',(0.,0.,1.));
#4778 = PCURVE('',#4779,#4784);
#4779 = PLANE('',#4780);
#4780 = AXIS2_PLACEMENT_3D('',#4781,#4782,#4783);
#4781 = CARTESIAN_POINT('',(0.,-35.,-35.));
#4782 = DIRECTION('',(1.,0.,-0.));
#4783 = DIRECTION('',(0.,0.,1.));
#4784 = DEFINITIONAL_REPRESENTATION('',(#4785),#4789);
#4785 = LINE('',#4786,#4787);
#4786 = CARTESIAN_POINT('',(0.,0.));
#4787 = VECTOR('',#4788,1.);
#4788 = DIRECTION('',(1.,0.));
#4789 = ( GEOMETRIC_REPRESENTATION_CONTEXT(2) 
PARAMETRIC_REPRESENTATION_CONTEXT() REPRESENTATION_CONTEXT('2D SPACE',''
  ) );
#4790 = PCURVE('',#4791,#4796);
#4791 = PLANE('',#4792);
#4792 = AXIS2_PLACEMENT_3D('',#4793,#4794,#4795);
#4793 = CARTESIAN_POINT('',(0.,-35.,-35.));
#4794 = DIRECTION('',(-0.,1.,0.));
#4795 = DIRECTION('',(0.,0.,1.));
#4796 = DEFINITIONAL_REPRESENTATION('',(#4797),#4801);
#4797 = LINE('',#4798,#4799);
#4798 = CARTESIAN_POINT('',(0.,0.));
#4799 = VECTOR('',#4800,1.);
#4800 = DIRECTION('',(1.,0.));
#4801 = ( GEOMETRIC_REPRESENTATION_CONTEXT(2) 
PARAMETRIC_REPRESENTATION_CONTEXT() REPRESENTATION_CONTEXT('2D SPACE',''
  ) );
#4802 = ORIENTED_EDGE('',*,*,#4803,.T.);
#4803 = EDGE_CURVE('',#4769,#4804,#4806,.T.);
#4804 = VERTEX_POINT('',#4805);
#4805 = CARTESIAN_POINT('',(0.,35.,-35.));
#4806 = SURFACE_CURVE('',#4807,(#4811,#4818),.PCURVE_S1.);
#4807 = LINE('',#4808,#4809);
#4808 = CARTESIAN_POINT('',(0.,-35.,-35.));
#4809 = VECTOR('',#4810,1.);
#4810 = DIRECTION('',(-0.,1.,0.));
#4811 = PCURVE('',#4779,#4812);
#4812 = DEFINITIONAL_REPRESENTATION('',(#4813),#4817);
#4813 = LINE('',#4814,#4815);
#4814 = CARTESIAN_POINT('',(0.,0.));
#4815 = VECTOR('',#4816,1.);
#4816 = DIRECTION('',(0.,-1.));
#4817 = ( GEOMETRIC_REPRESENTATION_CONTEXT(2) 
PARAMETRIC_REPRESENTATION_CONTEXT() REPRESENTATION_CONTEXT('2D SPACE',''
  ) );
#4818 = PCURVE('',#4819,#4824);
#4819 = PLANE('',#4820);
#4820 = AXIS2_PLACEMENT_3D('',#4821,#4822,#4823);
#4821 = CARTESIAN_POINT('',(0.,-35.,-35.));
#4822 = DIRECTION('',(0.,0.,1.));
#4823 = DIRECTION('',(1.,0.,-0.));
#4824 = DEFINITIONAL_REPRESENTATION('',(#4825),#4829);
#4825 = LINE('',#4826,#4827);
#4826 = CARTESIAN_POINT('',(0.,0.));
#4827 = VECTOR('',#4828,1.);
#4828 = DIRECTION('',(0.,1.));
#4829 = ( GEOMETRIC_REPRESENTATION_CONTEXT(2) 
PARAMETRIC_REPRESENTATION_CONTEXT() REPRESENTATION_CONTEXT('2D SPACE',''
  ) );
#4830 = ORIENTED_EDGE('',*,*,#4831,.T.);
#4831 = EDGE_CURVE('',#4804,#4832,#4834,.T.);
#4832 = VERTEX_POINT('',#4833);
#4833 = CARTESIAN_POINT('',(0.,35.,35.));
#4834 = SURFACE_CURVE('',#4835,(#4839,#4846),.PCURVE_S1.);
#4835 = LINE('',#4836,#4837);
#4836 = CARTESIAN_POINT('',(0.,35.,-35.));
#4837 = VECTOR('',#4838,1.);
#4838 = DIRECTION('',(0.,0.,1.));
#4839 = PCURVE('',#4779,#4840);
#4840 = DEFINITIONAL_REPRESENTATION('',(#4841),#4845);
#4841 = LINE('',#4842,#4843);
#4842 = CARTESIAN_POINT('',(0.,-70.));
#4843 = VECTOR('',#4844,1.);
#4844 = DIRECTION('',(1.,0.));
#4845 = ( GEOMETRIC_REPRESENTATION_CONTEXT(2) 
PARAMETRIC_REPRESENTATION_CONTEXT() REPRESENTATION_CONTEXT('2D SPACE',''
  ) );
#4846 = PCURVE('',#4847,#4852);
#4847 = PLANE('',#4848);
#4848 = AXIS2_PLACEMENT_3D('',#4849,#4850,#4851);
#4849 = CARTESIAN_POINT('',(0.,35.,-35.));
#4850 = DIRECTION('',(-0.,1.,0.));
#4851 = DIRECTION('',(0.,0.,1.));
#4852 = DEFINITIONAL_REPRESENTATION('',(#4853),#4857);
#4853 = LINE('',#4854,#4855);
#4854 = CARTESIAN_POINT('',(0.,0.));
#4855 = VECTOR('',#4856,1.);
#4856 = DIRECTION('',(1.,0.));
#4857 = ( GEOMETRIC_REPRESENTATION_CONTEXT(2) 
PARAMETRIC_REPRESENTATION_CONTEXT() REPRESENTATION_CONTEXT('2D SPACE',''
  ) );
#4858 = ORIENTED_EDGE('',*,*,#4859,.F.);
#4859 = EDGE_CURVE('',#4771,#4832,#4860,.T.);
#4860 = SURFACE_CURVE('',#4861,(#4865,#4872),.PCURVE_S1.);
#4861 = LINE('',#4862,#4863);
#4862 = CARTESIAN_POINT('',(0.,-35.,35.));
#4863 = VECTOR('',#4864,1.);
#4864 = DIRECTION('',(-0.,1.,0.));
#4865 = PCURVE('',#4779,#4866);
#4866 = DEFINITIONAL_REPRESENTATION('',(#4867),#4871);
#4867 = LINE('',#4868,#4869);
#4868 = CARTESIAN_POINT('',(70.,0.));
#4869 = VECTOR('',#4870,1.);
#4870 = DIRECTION('',(0.,-1.));
#4871 = ( GEOMETRIC_REPRESENTATION_CONTEXT(2) 
PARAMETRIC_REPRESENTATION_CONTEXT() REPRESENTATION_CONTEXT('2D SPACE',''
  ) );
#4872 = PCURVE('',#4873,#4878);
#4873 = PLANE('',#4874);
#4874 = AXIS2_PLACEMENT_3D('',#4875,#4876,#4877);
#4875 = CARTESIAN_POINT('',(0.,-35.,35.));
#4876 = DIRECTION('',(0.,0.,1.));
#4877 = DIRECTION('',(1.,0.,-0.));
#4878 = DEFINITIONAL_REPRESENTATION('',(#4879),#4883);
#4879 = LINE('',#4880,#4881);
#4880 = CARTESIAN_POINT('',(0.,0.));
#4881 = VECTOR('',#4882,1.);
#4882 = DIRECTION('',(0.,1.));
#4883 = ( GEOMETRIC_REPRESENTATION_CONTEXT(2) 
PARAMETRIC_REPRESENTATION_CONTEXT() REPRESENTATION_CONTEXT('2D SPACE',''
  ) );
#4884 = ADVANCED_FACE('',(#4885),#4899,.T.);
#4885 = FACE_BOUND('',#4886,.T.);
#4886 = EDGE_LOOP('',(#4887,#4917,#4940,#4963));
#4887 = ORIENTED_EDGE('',*,*,#4888,.F.);
#4888 = EDGE_CURVE('',#4889,#4891,#4893,.T.);
#4889 = VERTEX_POINT('',#4890);
#4890 = CARTESIAN_POINT('',(637.14205637361,-35.,-35.));
#4891 = VERTEX_POINT('',#4892);
#4892 = CARTESIAN_POINT('',(637.14205637361,-35.,35.));
#4893 = SURFACE_CURVE('',#4894,(#4898,#4910),.PCURVE_S1.);
#4894 = LINE('',#4895,#4896);
#4895 = CARTESIAN_POINT('',(637.14205637361,-35.,-35.));
#4896 = VECTOR('',#4897,1.);
#4897 = DIRECTION('',(0.,0.,1.));
#4898 = PCURVE('',#4899,#4904);
#4899 = PLANE('',#4900);
#4900 = AXIS2_PLACEMENT_3D('',#4901,#4902,#4903);
#4901 = CARTESIAN_POINT('',(637.14205637361,-35.,-35.));
#4902 = DIRECTION('',(1.,0.,-0.));
#4903 = DIRECTION('',(0.,0.,1.));
#4904 = DEFINITIONAL_REPRESENTATION('',(#4905),#4909);
#4905 = LINE('',#4906,#4907);
#4906 = CARTESIAN_POINT('',(0.,0.));
#4907 = VECTOR('',#4908,1.);
#4908 = DIRECTION('',(1.,0.));
#4909 = ( GEOMETRIC_REPRESENTATION_CONTEXT(2) 
PARAMETRIC_REPRESENTATION_CONTEXT() REPRESENTATION_CONTEXT('2D SPACE',''
  ) );
#4910 = PCURVE('',#4791,#4911);
#4911 = DEFINITIONAL_REPRESENTATION('',(#4912),#4916);
#4912 = LINE('',#4913,#4914);
#4913 = CARTESIAN_POINT('',(0.,637.14205637361));
#4914 = VECTOR('',#4915,1.);
#4915 = DIRECTION('',(1.,0.));
#4916 = ( GEOMETRIC_REPRESENTATION_CONTEXT(2) 
PARAMETRIC_REPRESENTATION_CONTEXT() REPRESENTATION_CONTEXT('2D SPACE',''
  ) );
#4917 = ORIENTED_EDGE('',*,*,#4918,.T.);
#4918 = EDGE_CURVE('',#4889,#4919,#4921,.T.);
#4919 = VERTEX_POINT('',#4920);
#4920 = CARTESIAN_POINT('',(637.14205637361,35.,-35.));
#4921 = SURFACE_CURVE('',#4922,(#4926,#4933),.PCURVE_S1.);
#4922 = LINE('',#4923,#4924);
#4923 = CARTESIAN_POINT('',(637.14205637361,-35.,-35.));
#4924 = VECTOR('',#4925,1.);
#4925 = DIRECTION('',(-0.,1.,0.));
#4926 = PCURVE('',#4899,#4927);
#4927 = DEFINITIONAL_REPRESENTATION('',(#4928),#4932);
#4928 = LINE('',#4929,#4930);
#4929 = CARTESIAN_POINT('',(0.,0.));
#4930 = VECTOR('',#4931,1.);
#4931 = DIRECTION('',(0.,-1.));
#4932 = ( GEOMETRIC_REPRESENTATION_CONTEXT(2) 
PARAMETRIC_REPRESENTATION_CONTEXT() REPRESENTATION_CONTEXT('2D SPACE',''
  ) );
#4933 = PCURVE('',#4819,#4934);
#4934 = DEFINITIONAL_REPRESENTATION('',(#4935),#4939);
#4935 = LINE('',#4936,#4937);
#4936 = CARTESIAN_POINT('',(637.14205637361,0.));
#4937 = VECTOR('',#4938,1.);
#4938 = DIRECTION('',(0.,1.));
#4939 = ( GEOMETRIC_REPRESENTATION_CONTEXT(2) 
PARAMETRIC_REPRESENTATION_CONTEXT() REPRESENTATION_CONTEXT('2D SPACE',''
  ) );
#4940 = ORIENTED_EDGE('',*,*,#4941,.T.);
#4941 = EDGE_CURVE('',#4919,#4942,#4944,.T.);
#4942 = VERTEX_POINT('',#4943);
#4943 = CARTESIAN_POINT('',(637.14205637361,35.,35.));
#4944 = SURFACE_CURVE('',#4945,(#4949,#4956),.PCURVE_S1.);
#4945 = LINE('',#4946,#4947);
#4946 = CARTESIAN_POINT('',(637.14205637361,35.,-35.));
#4947 = VECTOR('',#4948,1.);
#4948 = DIRECTION('',(0.,0.,1.));
#4949 = PCURVE('',#4899,#4950);
#4950 = DEFINITIONAL_REPRESENTATION('',(#4951),#4955);
#4951 = LINE('',#4952,#4953);
#4952 = CARTESIAN_POINT('',(0.,-70.));
#4953 = VECTOR('',#4954,1.);
#4954 = DIRECTION('',(1.,0.));
#4955 = ( GEOMETRIC_REPRESENTATION_CONTEXT(2) 
PARAMETRIC_REPRESENTATION_CONTEXT() REPRESENTATION_CONTEXT('2D SPACE',''
  ) );
#4956 = PCURVE('',#4847,#4957);
#4957 = DEFINITIONAL_REPRESENTATION('',(#4958),#4962);
#4958 = LINE('',#4959,#4960);
#4959 = CARTESIAN_POINT('',(0.,637.14205637361));
#4960 = VECTOR('',#4961,1.);
#4961 = DIRECTION('',(1.,0.));
#4962 = ( GEOMETRIC_REPRESENTATION_CONTEXT(2) 
PARAMETRIC_REPRESENTATION_CONTEXT() REPRESENTATION_CONTEXT('2D SPACE',''
  ) );
#4963 = ORIENTED_EDGE('',*,*,#4964,.F.);
#4964 = EDGE_CURVE('',#4891,#4942,#4965,.T.);
#4965 = SURFACE_CURVE('',#4966,(#4970,#4977),.PCURVE_S1.);
#4966 = LINE('',#4967,#4968);
#4967 = CARTESIAN_POINT('',(637.14205637361,-35.,35.));
#4968 = VECTOR('',#4969,1.);
#4969 = DIRECTION('',(-0.,1.,0.));
#4970 = PCURVE('',#4899,#4971);
#4971 = DEFINITIONAL_REPRESENTATION('',(#4972),#4976);
#4972 = LINE('',#4973,#4974);
#4973 = CARTESIAN_POINT('',(70.,0.));
#4974 = VECTOR('',#4975,1.);
#4975 = DIRECTION('',(0.,-1.));
#4976 = ( GEOMETRIC_REPRESENTATION_CONTEXT(2) 
PARAMETRIC_REPRESENTATION_CONTEXT() REPRESENTATION_CONTEXT('2D SPACE',''
  ) );
#4977 = PCURVE('',#4873,#4978);
#4978 = DEFINITIONAL_REPRESENTATION('',(#4979),#4983);
#4979 = LINE('',#4980,#4981);
#4980 = CARTESIAN_POINT('',(637.14205637361,0.));
#4981 = VECTOR('',#4982,1.);
#4982 = DIRECTION('',(0.,1.));
#4983 = ( GEOMETRIC_REPRESENTATION_CONTEXT(2) 
PARAMETRIC_REPRESENTATION_CONTEXT() REPRESENTATION_CONTEXT('2D SPACE',''
  ) );
#4984 = ADVANCED_FACE('',(#4985),#4791,.F.);
#4985 = FACE_BOUND('',#4986,.F.);
#4986 = EDGE_LOOP('',(#4987,#5008,#5009,#5030));
#4987 = ORIENTED_EDGE('',*,*,#4988,.F.);
#4988 = EDGE_CURVE('',#4769,#4889,#4989,.T.);
#4989 = SURFACE_CURVE('',#4990,(#4994,#5001),.PCURVE_S1.);
#4990 = LINE('',#4991,#4992);
#4991 = CARTESIAN_POINT('',(0.,-35.,-35.));
#4992 = VECTOR('',#4993,1.);
#4993 = DIRECTION('',(1.,0.,-0.));
#4994 = PCURVE('',#4791,#4995);
#4995 = DEFINITIONAL_REPRESENTATION('',(#4996),#5000);
#4996 = LINE('',#4997,#4998);
#4997 = CARTESIAN_POINT('',(0.,0.));
#4998 = VECTOR('',#4999,1.);
#4999 = DIRECTION('',(0.,1.));
#5000 = ( GEOMETRIC_REPRESENTATION_CONTEXT(2) 
PARAMETRIC_REPRESENTATION_CONTEXT() REPRESENTATION_CONTEXT('2D SPACE',''
  ) );
#5001 = PCURVE('',#4819,#5002);
#5002 = DEFINITIONAL_REPRESENTATION('',(#5003),#5007);
#5003 = LINE('',#5004,#5005);
#5004 = CARTESIAN_POINT('',(0.,0.));
#5005 = VECTOR('',#5006,1.);
#5006 = DIRECTION('',(1.,0.));
#5007 = ( GEOMETRIC_REPRESENTATION_CONTEXT(2) 
PARAMETRIC_REPRESENTATION_CONTEXT() REPRESENTATION_CONTEXT('2D SPACE',''
  ) );
#5008 = ORIENTED_EDGE('',*,*,#4768,.T.);
#5009 = ORIENTED_EDGE('',*,*,#5010,.T.);
#5010 = EDGE_CURVE('',#4771,#4891,#5011,.T.);
#5011 = SURFACE_CURVE('',#5012,(#5016,#5023),.PCURVE_S1.);
#5012 = LINE('',#5013,#5014);
#5013 = CARTESIAN_POINT('',(0.,-35.,35.));
#5014 = VECTOR('',#5015,1.);
#5015 = DIRECTION('',(1.,0.,-0.));
#5016 = PCURVE('',#4791,#5017);
#5017 = DEFINITIONAL_REPRESENTATION('',(#5018),#5022);
#5018 = LINE('',#5019,#5020);
#5019 = CARTESIAN_POINT('',(70.,0.));
#5020 = VECTOR('',#5021,1.);
#5021 = DIRECTION('',(0.,1.));
#5022 = ( GEOMETRIC_REPRESENTATION_CONTEXT(2) 
PARAMETRIC_REPRESENTATION_CONTEXT() REPRESENTATION_CONTEXT('2D SPACE',''
  ) );
#5023 = PCURVE('',#4873,#5024);
#5024 = DEFINITIONAL_REPRESENTATION('',(#5025),#5029);
#5025 = LINE('',#5026,#5027);
#5026 = CARTESIAN_POINT('',(0.,0.));
#5027 = VECTOR('',#5028,1.);
#5028 = DIRECTION('',(1.,0.));
#5029 = ( GEOMETRIC_REPRESENTATION_CONTEXT(2) 
PARAMETRIC_REPRESENTATION_CONTEXT() REPRESENTATION_CONTEXT('2D SPACE',''
  ) );
#5030 = ORIENTED_EDGE('',*,*,#4888,.F.);
#5031 = ADVANCED_FACE('',(#5032),#4847,.T.);
#5032 = FACE_BOUND('',#5033,.T.);
#5033 = EDGE_LOOP('',(#5034,#5055,#5056,#5077));
#5034 = ORIENTED_EDGE('',*,*,#5035,.F.);
#5035 = EDGE_CURVE('',#4804,#4919,#5036,.T.);
#5036 = SURFACE_CURVE('',#5037,(#5041,#5048),.PCURVE_S1.);
#5037 = LINE('',#5038,#5039);
#5038 = CARTESIAN_POINT('',(0.,35.,-35.));
#5039 = VECTOR('',#5040,1.);
#5040 = DIRECTION('',(1.,0.,-0.));
#5041 = PCURVE('',#4847,#5042);
#5042 = DEFINITIONAL_REPRESENTATION('',(#5043),#5047);
#5043 = LINE('',#5044,#5045);
#5044 = CARTESIAN_POINT('',(0.,0.));
#5045 = VECTOR('',#5046,1.);
#5046 = DIRECTION('',(0.,1.));
#5047 = ( GEOMETRIC_REPRESENTATION_CONTEXT(2) 
PARAMETRIC_REPRESENTATION_CONTEXT() REPRESENTATION_CONTEXT('2D SPACE',''
  ) );
#5048 = PCURVE('',#4819,#5049);
#5049 = DEFINITIONAL_REPRESENTATION('',(#5050),#5054);
#5050 = LINE('',#5051,#5052);
#5051 = CARTESIAN_POINT('',(0.,70.));
#5052 = VECTOR('',#5053,1.);
#5053 = DIRECTION('',(1.,0.));
#5054 = ( GEOMETRIC_REPRESENTATION_CONTEXT(2) 
PARAMETRIC_REPRESENTATION_CONTEXT() REPRESENTATION_CONTEXT('2D SPACE',''
  ) );
#5055 = ORIENTED_EDGE('',*,*,#4831,.T.);
#5056 = ORIENTED_EDGE('',*,*,#5057,.T.);
#5057 = EDGE_CURVE('',#4832,#4942,#5058,.T.);
#5058 = SURFACE_CURVE('',#5059,(#5063,#5070),.PCURVE_S1.);
#5059 = LINE('',#5060,#5061);
#5060 = CARTESIAN_POINT('',(0.,35.,35.));
#5061 = VECTOR('',#5062,1.);
#5062 = DIRECTION('',(1.,0.,-0.));
#5063 = PCURVE('',#4847,#5064);
#5064 = DEFINITIONAL_REPRESENTATION('',(#5065),#5069);
#5065 = LINE('',#5066,#5067);
#5066 = CARTESIAN_POINT('',(70.,0.));
#5067 = VECTOR('',#5068,1.);
#5068 = DIRECTION('',(0.,1.));
#5069 = ( GEOMETRIC_REPRESENTATION_CONTEXT(2) 
PARAMETRIC_REPRESENTATION_CONTEXT() REPRESENTATION_CONTEXT('2D SPACE',''
  ) );
#5070 = PCURVE('',#4873,#5071);
#5071 = DEFINITIONAL_REPRESENTATION('',(#5072),#5076);
#5072 = LINE('',#5073,#5074);
#5073 = CARTESIAN_POINT('',(0.,70.));
#5074 = VECTOR('',#5075,1.);
#5075 = DIRECTION('',(1.,0.));
#5076 = ( GEOMETRIC_REPRESENTATION_CONTEXT(2) 
PARAMETRIC_REPRESENTATION_CONTEXT() REPRESENTATION_CONTEXT('2D SPACE',''
  ) );
#5077 = ORIENTED_EDGE('',*,*,#4941,.F.);
#5078 = ADVANCED_FACE('',(#5079),#4819,.F.);
#5079 = FACE_BOUND('',#5080,.F.);
#5080 = EDGE_LOOP('',(#5081,#5082,#5083,#5084));
#5081 = ORIENTED_EDGE('',*,*,#4803,.F.);
#5082 = ORIENTED_EDGE('',*,*,#4988,.T.);
#5083 = ORIENTED_EDGE('',*,*,#4918,.T.);
#5084 = ORIENTED_EDGE('',*,*,#5035,.F.);
#5085 = ADVANCED_FACE('',(#5086),#4873,.T.);
#5086 = FACE_BOUND('',#5087,.T.);
#5087 = EDGE_LOOP('',(#5088,#5089,#5090,#5091));
#5088 = ORIENTED_EDGE('',*,*,#4859,.F.);
#5089 = ORIENTED_EDGE('',*,*,#5010,.T.);
#5090 = ORIENTED_EDGE('',*,*,#4964,.T.);
#5091 = ORIENTED_EDGE('',*,*,#5057,.F.);
#5092 = ( GEOMETRIC_REPRESENTATION_CONTEXT(3) 
GLOBAL_UNCERTAINTY_ASSIGNED_CONTEXT((#5096)) 
GLOBAL_UNIT_ASSIGNED_CONTEXT((#5093,#5094,#5095)) REPRESENTATION_CONTEXT
('Context #1','3D Context with UNIT and UNCERTAINTY') );
#5093 = ( LENGTH_UNIT() NAMED_UNIT(*) SI_UNIT(.MILLI.,.METRE.) );
#5094 = ( NAMED_UNIT(*) PLANE_ANGLE_UNIT() SI_UNIT($,.RADIAN.) );
#5095 = ( NAMED_UNIT(*) SI_UNIT($,.STERADIAN.) SOLID_ANGLE_UNIT() );
#5096 = UNCERTAINTY_MEASURE_WITH_UNIT(LENGTH_MEASURE(1.E-07),#5093,
  'distance_accuracy_value','confusion accuracy');
#5097 = CONTEXT_DEPENDENT_SHAPE_REPRESENTATION(#5098,#5100);
#5098 = ( REPRESENTATION_RELATIONSHIP('','',#4761,#10) 
REPRESENTATION_RELATIONSHIP_WITH_TRANSFORMATION(#5099) 
SHAPE_REPRESENTATION_RELATIONSHIP() );
#5099 = ITEM_DEFINED_TRANSFORMATION('','',#11,#67);
#5100 = PRODUCT_DEFINITION_SHAPE('Placement','Placement of an item',
  #5101);
#5101 = NEXT_ASSEMBLY_USAGE_OCCURRENCE('14','=>[0:1:1:15]','',#5,#4756,$
  );
#5102 = PRODUCT_RELATED_PRODUCT_CATEGORY('part',$,(#4758));
#5103 = SHAPE_DEFINITION_REPRESENTATION(#5104,#5110);
#5104 = PRODUCT_DEFINITION_SHAPE('','',#5105);
#5105 = PRODUCT_DEFINITION('design','',#5106,#5109);
#5106 = PRODUCT_DEFINITION_FORMATION('','',#5107);
#5107 = PRODUCT('COMPOUND','COMPOUND','',(#5108));
#5108 = PRODUCT_CONTEXT('',#2,'mechanical');
#5109 = PRODUCT_DEFINITION_CONTEXT('part definition',#2,'design');
#5110 = ADVANCED_BREP_SHAPE_REPRESENTATION('',(#11,#5111),#5441);
#5111 = MANIFOLD_SOLID_BREP('',#5112);
#5112 = CLOSED_SHELL('',(#5113,#5233,#5333,#5380,#5427,#5434));
#5113 = ADVANCED_FACE('',(#5114),#5128,.F.);
#5114 = FACE_BOUND('',#5115,.F.);
#5115 = EDGE_LOOP('',(#5116,#5151,#5179,#5207));
#5116 = ORIENTED_EDGE('',*,*,#5117,.F.);
#5117 = EDGE_CURVE('',#5118,#5120,#5122,.T.);
#5118 = VERTEX_POINT('',#5119);
#5119 = CARTESIAN_POINT('',(0.,-38.,-38.));
#5120 = VERTEX_POINT('',#5121);
#5121 = CARTESIAN_POINT('',(0.,-38.,38.));
#5122 = SURFACE_CURVE('',#5123,(#5127,#5139),.PCURVE_S1.);
#5123 = LINE('',#5124,#5125);
#5124 = CARTESIAN_POINT('',(0.,-38.,-38.));
#5125 = VECTOR('',#5126,1.);
#5126 = DIRECTION('',(0.,0.,1.));
#5127 = PCURVE('',#5128,#5133);
#5128 = PLANE('',#5129);
#5129 = AXIS2_PLACEMENT_3D('',#5130,#5131,#5132);
#5130 = CARTESIAN_POINT('',(0.,-38.,-38.));
#5131 = DIRECTION('',(1.,0.,-0.));
#5132 = DIRECTION('',(0.,0.,1.));
#5133 = DEFINITIONAL_REPRESENTATION('',(#5134),#5138);
#5134 = LINE('',#5135,#5136);
#5135 = CARTESIAN_POINT('',(0.,0.));
#5136 = VECTOR('',#5137,1.);
#5137 = DIRECTION('',(1.,0.));
#5138 = ( GEOMETRIC_REPRESENTATION_CONTEXT(2) 
PARAMETRIC_REPRESENTATION_CONTEXT() REPRESENTATION_CONTEXT('2D SPACE',''
  ) );
#5139 = PCURVE('',#5140,#5145);
#5140 = PLANE('',#5141);
#5141 = AXIS2_PLACEMENT_3D('',#5142,#5143,#5144);
#5142 = CARTESIAN_POINT('',(0.,-38.,-38.));
#5143 = DIRECTION('',(-0.,1.,0.));
#5144 = DIRECTION('',(0.,0.,1.));
#5145 = DEFINITIONAL_REPRESENTATION('',(#5146),#5150);
#5146 = LINE('',#5147,#5148);
#5147 = CARTESIAN_POINT('',(0.,0.));
#5148 = VECTOR('',#5149,1.);
#5149 = DIRECTION('',(1.,0.));
#5150 = ( GEOMETRIC_REPRESENTATION_CONTEXT(2) 
PARAMETRIC_REPRESENTATION_CONTEXT() REPRESENTATION_CONTEXT('2D SPACE',''
  ) );
#5151 = ORIENTED_EDGE('',*,*,#5152,.T.);
#5152 = EDGE_CURVE('',#5118,#5153,#5155,.T.);
#5153 = VERTEX_POINT('',#5154);
#5154 = CARTESIAN_POINT('',(0.,38.,-38.));
#5155 = SURFACE_CURVE('',#5156,(#5160,#5167),.PCURVE_S1.);
#5156 = LINE('',#5157,#5158);
#5157 = CARTESIAN_POINT('',(0.,-38.,-38.));
#5158 = VECTOR('',#5159,1.);
#5159 = DIRECTION('',(-0.,1.,0.));
#5160 = PCURVE('',#5128,#5161);
#5161 = DEFINITIONAL_REPRESENTATION('',(#5162),#5166);
#5162 = LINE('',#5163,#5164);
#5163 = CARTESIAN_POINT('',(0.,0.));
#5164 = VECTOR('',#5165,1.);
#5165 = DIRECTION('',(0.,-1.));
#5166 = ( GEOMETRIC_REPRESENTATION_CONTEXT(2) 
PARAMETRIC_REPRESENTATION_CONTEXT() REPRESENTATION_CONTEXT('2D SPACE',''
  ) );
#5167 = PCURVE('',#5168,#5173);
#5168 = PLANE('',#5169);
#5169 = AXIS2_PLACEMENT_3D('',#5170,#5171,#5172);
#5170 = CARTESIAN_POINT('',(0.,-38.,-38.));
#5171 = DIRECTION('',(0.,0.,1.));
#5172 = DIRECTION('',(1.,0.,-0.));
#5173 = DEFINITIONAL_REPRESENTATION('',(#5174),#5178);
#5174 = LINE('',#5175,#5176);
#5175 = CARTESIAN_POINT('',(0.,0.));
#5176 = VECTOR('',#5177,1.);
#5177 = DIRECTION('',(0.,1.));
#5178 = ( GEOMETRIC_REPRESENTATION_CONTEXT(2) 
PARAMETRIC_REPRESENTATION_CONTEXT() REPRESENTATION_CONTEXT('2D SPACE',''
  ) );
#5179 = ORIENTED_EDGE('',*,*,#5180,.T.);
#5180 = EDGE_CURVE('',#5153,#5181,#5183,.T.);
#5181 = VERTEX_POINT('',#5182);
#5182 = CARTESIAN_POINT('',(0.,38.,38.));
#5183 = SURFACE_CURVE('',#5184,(#5188,#5195),.PCURVE_S1.);
#5184 = LINE('',#5185,#5186);
#5185 = CARTESIAN_POINT('',(0.,38.,-38.));
#5186 = VECTOR('',#5187,1.);
#5187 = DIRECTION('',(0.,0.,1.));
#5188 = PCURVE('',#5128,#5189);
#5189 = DEFINITIONAL_REPRESENTATION('',(#5190),#5194);
#5190 = LINE('',#5191,#5192);
#5191 = CARTESIAN_POINT('',(0.,-76.));
#5192 = VECTOR('',#5193,1.);
#5193 = DIRECTION('',(1.,0.));
#5194 = ( GEOMETRIC_REPRESENTATION_CONTEXT(2) 
PARAMETRIC_REPRESENTATION_CONTEXT() REPRESENTATION_CONTEXT('2D SPACE',''
  ) );
#5195 = PCURVE('',#5196,#5201);
#5196 = PLANE('',#5197);
#5197 = AXIS2_PLACEMENT_3D('',#5198,#5199,#5200);
#5198 = CARTESIAN_POINT('',(0.,38.,-38.));
#5199 = DIRECTION('',(-0.,1.,0.));
#5200 = DIRECTION('',(0.,0.,1.));
#5201 = DEFINITIONAL_REPRESENTATION('',(#5202),#5206);
#5202 = LINE('',#5203,#5204);
#5203 = CARTESIAN_POINT('',(0.,0.));
#5204 = VECTOR('',#5205,1.);
#5205 = DIRECTION('',(1.,0.));
#5206 = ( GEOMETRIC_REPRESENTATION_CONTEXT(2) 
PARAMETRIC_REPRESENTATION_CONTEXT() REPRESENTATION_CONTEXT('2D SPACE',''
  ) );
#5207 = ORIENTED_EDGE('',*,*,#5208,.F.);
#5208 = EDGE_CURVE('',#5120,#5181,#5209,.T.);
#5209 = SURFACE_CURVE('',#5210,(#5214,#5221),.PCURVE_S1.);
#5210 = LINE('',#5211,#5212);
#5211 = CARTESIAN_POINT('',(0.,-38.,38.));
#5212 = VECTOR('',#5213,1.);
#5213 = DIRECTION('',(-0.,1.,0.));
#5214 = PCURVE('',#5128,#5215);
#5215 = DEFINITIONAL_REPRESENTATION('',(#5216),#5220);
#5216 = LINE('',#5217,#5218);
#5217 = CARTESIAN_POINT('',(76.,0.));
#5218 = VECTOR('',#5219,1.);
#5219 = DIRECTION('',(0.,-1.));
#5220 = ( GEOMETRIC_REPRESENTATION_CONTEXT(2) 
PARAMETRIC_REPRESENTATION_CONTEXT() REPRESENTATION_CONTEXT('2D SPACE',''
  ) );
#5221 = PCURVE('',#5222,#5227);
#5222 = PLANE('',#5223);
#5223 = AXIS2_PLACEMENT_3D('',#5224,#5225,#5226);
#5224 = CARTESIAN_POINT('',(0.,-38.,38.));
#5225 = DIRECTION('',(0.,0.,1.));
#5226 = DIRECTION('',(1.,0.,-0.));
#5227 = DEFINITIONAL_REPRESENTATION('',(#5228),#5232);
#5228 = LINE('',#5229,#5230);
#5229 = CARTESIAN_POINT('',(0.,0.));
#5230 = VECTOR('',#5231,1.);
#5231 = DIRECTION('',(0.,1.));
#5232 = ( GEOMETRIC_REPRESENTATION_CONTEXT(2) 
PARAMETRIC_REPRESENTATION_CONTEXT() REPRESENTATION_CONTEXT('2D SPACE',''
  ) );
#5233 = ADVANCED_FACE('',(#5234),#5248,.T.);
#5234 = FACE_BOUND('',#5235,.T.);
#5235 = EDGE_LOOP('',(#5236,#5266,#5289,#5312));
#5236 = ORIENTED_EDGE('',*,*,#5237,.F.);
#5237 = EDGE_CURVE('',#5238,#5240,#5242,.T.);
#5238 = VERTEX_POINT('',#5239);
#5239 = CARTESIAN_POINT('',(588.66374102708,-38.,-38.));
#5240 = VERTEX_POINT('',#5241);
#5241 = CARTESIAN_POINT('',(588.66374102708,-38.,38.));
#5242 = SURFACE_CURVE('',#5243,(#5247,#5259),.PCURVE_S1.);
#5243 = LINE('',#5244,#5245);
#5244 = CARTESIAN_POINT('',(588.66374102708,-38.,-38.));
#5245 = VECTOR('',#5246,1.);
#5246 = DIRECTION('',(0.,0.,1.));
#5247 = PCURVE('',#5248,#5253);
#5248 = PLANE('',#5249);
#5249 = AXIS2_PLACEMENT_3D('',#5250,#5251,#5252);
#5250 = CARTESIAN_POINT('',(588.66374102708,-38.,-38.));
#5251 = DIRECTION('',(1.,0.,-0.));
#5252 = DIRECTION('',(0.,0.,1.));
#5253 = DEFINITIONAL_REPRESENTATION('',(#5254),#5258);
#5254 = LINE('',#5255,#5256);
#5255 = CARTESIAN_POINT('',(0.,0.));
#5256 = VECTOR('',#5257,1.);
#5257 = DIRECTION('',(1.,0.));
#5258 = ( GEOMETRIC_REPRESENTATION_CONTEXT(2) 
PARAMETRIC_REPRESENTATION_CONTEXT() REPRESENTATION_CONTEXT('2D SPACE',''
  ) );
#5259 = PCURVE('',#5140,#5260);
#5260 = DEFINITIONAL_REPRESENTATION('',(#5261),#5265);
#5261 = LINE('',#5262,#5263);
#5262 = CARTESIAN_POINT('',(0.,588.66374102708));
#5263 = VECTOR('',#5264,1.);
#5264 = DIRECTION('',(1.,0.));
#5265 = ( GEOMETRIC_REPRESENTATION_CONTEXT(2) 
PARAMETRIC_REPRESENTATION_CONTEXT() REPRESENTATION_CONTEXT('2D SPACE',''
  ) );
#5266 = ORIENTED_EDGE('',*,*,#5267,.T.);
#5267 = EDGE_CURVE('',#5238,#5268,#5270,.T.);
#5268 = VERTEX_POINT('',#5269);
#5269 = CARTESIAN_POINT('',(588.66374102708,38.,-38.));
#5270 = SURFACE_CURVE('',#5271,(#5275,#5282),.PCURVE_S1.);
#5271 = LINE('',#5272,#5273);
#5272 = CARTESIAN_POINT('',(588.66374102708,-38.,-38.));
#5273 = VECTOR('',#5274,1.);
#5274 = DIRECTION('',(-0.,1.,0.));
#5275 = PCURVE('',#5248,#5276);
#5276 = DEFINITIONAL_REPRESENTATION('',(#5277),#5281);
#5277 = LINE('',#5278,#5279);
#5278 = CARTESIAN_POINT('',(0.,0.));
#5279 = VECTOR('',#5280,1.);
#5280 = DIRECTION('',(0.,-1.));
#5281 = ( GEOMETRIC_REPRESENTATION_CONTEXT(2) 
PARAMETRIC_REPRESENTATION_CONTEXT() REPRESENTATION_CONTEXT('2D SPACE',''
  ) );
#5282 = PCURVE('',#5168,#5283);
#5283 = DEFINITIONAL_REPRESENTATION('',(#5284),#5288);
#5284 = LINE('',#5285,#5286);
#5285 = CARTESIAN_POINT('',(588.66374102708,0.));
#5286 = VECTOR('',#5287,1.);
#5287 = DIRECTION('',(0.,1.));
#5288 = ( GEOMETRIC_REPRESENTATION_CONTEXT(2) 
PARAMETRIC_REPRESENTATION_CONTEXT() REPRESENTATION_CONTEXT('2D SPACE',''
  ) );
#5289 = ORIENTED_EDGE('',*,*,#5290,.T.);
#5290 = EDGE_CURVE('',#5268,#5291,#5293,.T.);
#5291 = VERTEX_POINT('',#5292);
#5292 = CARTESIAN_POINT('',(588.66374102708,38.,38.));
#5293 = SURFACE_CURVE('',#5294,(#5298,#5305),.PCURVE_S1.);
#5294 = LINE('',#5295,#5296);
#5295 = CARTESIAN_POINT('',(588.66374102708,38.,-38.));
#5296 = VECTOR('',#5297,1.);
#5297 = DIRECTION('',(0.,0.,1.));
#5298 = PCURVE('',#5248,#5299);
#5299 = DEFINITIONAL_REPRESENTATION('',(#5300),#5304);
#5300 = LINE('',#5301,#5302);
#5301 = CARTESIAN_POINT('',(0.,-76.));
#5302 = VECTOR('',#5303,1.);
#5303 = DIRECTION('',(1.,0.));
#5304 = ( GEOMETRIC_REPRESENTATION_CONTEXT(2) 
PARAMETRIC_REPRESENTATION_CONTEXT() REPRESENTATION_CONTEXT('2D SPACE',''
  ) );
#5305 = PCURVE('',#5196,#5306);
#5306 = DEFINITIONAL_REPRESENTATION('',(#5307),#5311);
#5307 = LINE('',#5308,#5309);
#5308 = CARTESIAN_POINT('',(0.,588.66374102708));
#5309 = VECTOR('',#5310,1.);
#5310 = DIRECTION('',(1.,0.));
#5311 = ( GEOMETRIC_REPRESENTATION_CONTEXT(2) 
PARAMETRIC_REPRESENTATION_CONTEXT() REPRESENTATION_CONTEXT('2D SPACE',''
  ) );
#5312 = ORIENTED_EDGE('',*,*,#5313,.F.);
#5313 = EDGE_CURVE('',#5240,#5291,#5314,.T.);
#5314 = SURFACE_CURVE('',#5315,(#5319,#5326),.PCURVE_S1.);
#5315 = LINE('',#5316,#5317);
#5316 = CARTESIAN_POINT('',(588.66374102708,-38.,38.));
#5317 = VECTOR('',#5318,1.);
#5318 = DIRECTION('',(-0.,1.,0.));
#5319 = PCURVE('',#5248,#5320);
#5320 = DEFINITIONAL_REPRESENTATION('',(#5321),#5325);
#5321 = LINE('',#5322,#5323);
#5322 = CARTESIAN_POINT('',(76.,0.));
#5323 = VECTOR('',#5324,1.);
#5324 = DIRECTION('',(0.,-1.));
#5325 = ( GEOMETRIC_REPRESENTATION_CONTEXT(2) 
PARAMETRIC_REPRESENTATION_CONTEXT() REPRESENTATION_CONTEXT('2D SPACE',''
  ) );
#5326 = PCURVE('',#5222,#5327);
#5327 = DEFINITIONAL_REPRESENTATION('',(#5328),#5332);
#5328 = LINE('',#5329,#5330);
#5329 = CARTESIAN_POINT('',(588.66374102708,0.));
#5330 = VECTOR('',#5331,1.);
#5331 = DIRECTION('',(0.,1.));
#5332 = ( GEOMETRIC_REPRESENTATION_CONTEXT(2) 
PARAMETRIC_REPRESENTATION_CONTEXT() REPRESENTATION_CONTEXT('2D SPACE',''
  ) );
#5333 = ADVANCED_FACE('',(#5334),#5140,.F.);
#5334 = FACE_BOUND('',#5335,.F.);
#5335 = EDGE_LOOP('',(#5336,#5357,#5358,#5379));
#5336 = ORIENTED_EDGE('',*,*,#5337,.F.);
#5337 = EDGE_CURVE('',#5118,#5238,#5338,.T.);
#5338 = SURFACE_CURVE('',#5339,(#5343,#5350),.PCURVE_S1.);
#5339 = LINE('',#5340,#5341);
#5340 = CARTESIAN_POINT('',(0.,-38.,-38.));
#5341 = VECTOR('',#5342,1.);
#5342 = DIRECTION('',(1.,0.,-0.));
#5343 = PCURVE('',#5140,#5344);
#5344 = DEFINITIONAL_REPRESENTATION('',(#5345),#5349);
#5345 = LINE('',#5346,#5347);
#5346 = CARTESIAN_POINT('',(0.,0.));
#5347 = VECTOR('',#5348,1.);
#5348 = DIRECTION('',(0.,1.));
#5349 = ( GEOMETRIC_REPRESENTATION_CONTEXT(2) 
PARAMETRIC_REPRESENTATION_CONTEXT() REPRESENTATION_CONTEXT('2D SPACE',''
  ) );
#5350 = PCURVE('',#5168,#5351);
#5351 = DEFINITIONAL_REPRESENTATION('',(#5352),#5356);
#5352 = LINE('',#5353,#5354);
#5353 = CARTESIAN_POINT('',(0.,0.));
#5354 = VECTOR('',#5355,1.);
#5355 = DIRECTION('',(1.,0.));
#5356 = ( GEOMETRIC_REPRESENTATION_CONTEXT(2) 
PARAMETRIC_REPRESENTATION_CONTEXT() REPRESENTATION_CONTEXT('2D SPACE',''
  ) );
#5357 = ORIENTED_EDGE('',*,*,#5117,.T.);
#5358 = ORIENTED_EDGE('',*,*,#5359,.T.);
#5359 = EDGE_CURVE('',#5120,#5240,#5360,.T.);
#5360 = SURFACE_CURVE('',#5361,(#5365,#5372),.PCURVE_S1.);
#5361 = LINE('',#5362,#5363);
#5362 = CARTESIAN_POINT('',(0.,-38.,38.));
#5363 = VECTOR('',#5364,1.);
#5364 = DIRECTION('',(1.,0.,-0.));
#5365 = PCURVE('',#5140,#5366);
#5366 = DEFINITIONAL_REPRESENTATION('',(#5367),#5371);
#5367 = LINE('',#5368,#5369);
#5368 = CARTESIAN_POINT('',(76.,0.));
#5369 = VECTOR('',#5370,1.);
#5370 = DIRECTION('',(0.,1.));
#5371 = ( GEOMETRIC_REPRESENTATION_CONTEXT(2) 
PARAMETRIC_REPRESENTATION_CONTEXT() REPRESENTATION_CONTEXT('2D SPACE',''
  ) );
#5372 = PCURVE('',#5222,#5373);
#5373 = DEFINITIONAL_REPRESENTATION('',(#5374),#5378);
#5374 = LINE('',#5375,#5376);
#5375 = CARTESIAN_POINT('',(0.,0.));
#5376 = VECTOR('',#5377,1.);
#5377 = DIRECTION('',(1.,0.));
#5378 = ( GEOMETRIC_REPRESENTATION_CONTEXT(2) 
PARAMETRIC_REPRESENTATION_CONTEXT() REPRESENTATION_CONTEXT('2D SPACE',''
  ) );
#5379 = ORIENTED_EDGE('',*,*,#5237,.F.);
#5380 = ADVANCED_FACE('',(#5381),#5196,.T.);
#5381 = FACE_BOUND('',#5382,.T.);
#5382 = EDGE_LOOP('',(#5383,#5404,#5405,#5426));
#5383 = ORIENTED_EDGE('',*,*,#5384,.F.);
#5384 = EDGE_CURVE('',#5153,#5268,#5385,.T.);
#5385 = SURFACE_CURVE('',#5386,(#5390,#5397),.PCURVE_S1.);
#5386 = LINE('',#5387,#5388);
#5387 = CARTESIAN_POINT('',(0.,38.,-38.));
#5388 = VECTOR('',#5389,1.);
#5389 = DIRECTION('',(1.,0.,-0.));
#5390 = PCURVE('',#5196,#5391);
#5391 = DEFINITIONAL_REPRESENTATION('',(#5392),#5396);
#5392 = LINE('',#5393,#5394);
#5393 = CARTESIAN_POINT('',(0.,0.));
#5394 = VECTOR('',#5395,1.);
#5395 = DIRECTION('',(0.,1.));
#5396 = ( GEOMETRIC_REPRESENTATION_CONTEXT(2) 
PARAMETRIC_REPRESENTATION_CONTEXT() REPRESENTATION_CONTEXT('2D SPACE',''
  ) );
#5397 = PCURVE('',#5168,#5398);
#5398 = DEFINITIONAL_REPRESENTATION('',(#5399),#5403);
#5399 = LINE('',#5400,#5401);
#5400 = CARTESIAN_POINT('',(0.,76.));
#5401 = VECTOR('',#5402,1.);
#5402 = DIRECTION('',(1.,0.));
#5403 = ( GEOMETRIC_REPRESENTATION_CONTEXT(2) 
PARAMETRIC_REPRESENTATION_CONTEXT() REPRESENTATION_CONTEXT('2D SPACE',''
  ) );
#5404 = ORIENTED_EDGE('',*,*,#5180,.T.);
#5405 = ORIENTED_EDGE('',*,*,#5406,.T.);
#5406 = EDGE_CURVE('',#5181,#5291,#5407,.T.);
#5407 = SURFACE_CURVE('',#5408,(#5412,#5419),.PCURVE_S1.);
#5408 = LINE('',#5409,#5410);
#5409 = CARTESIAN_POINT('',(0.,38.,38.));
#5410 = VECTOR('',#5411,1.);
#5411 = DIRECTION('',(1.,0.,-0.));
#5412 = PCURVE('',#5196,#5413);
#5413 = DEFINITIONAL_REPRESENTATION('',(#5414),#5418);
#5414 = LINE('',#5415,#5416);
#5415 = CARTESIAN_POINT('',(76.,0.));
#5416 = VECTOR('',#5417,1.);
#5417 = DIRECTION('',(0.,1.));
#5418 = ( GEOMETRIC_REPRESENTATION_CONTEXT(2) 
PARAMETRIC_REPRESENTATION_CONTEXT() REPRESENTATION_CONTEXT('2D SPACE',''
  ) );
#5419 = PCURVE('',#5222,#5420);
#5420 = DEFINITIONAL_REPRESENTATION('',(#5421),#5425);
#5421 = LINE('',#5422,#5423);
#5422 = CARTESIAN_POINT('',(0.,76.));
#5423 = VECTOR('',#5424,1.);
#5424 = DIRECTION('',(1.,0.));
#5425 = ( GEOMETRIC_REPRESENTATION_CONTEXT(2) 
PARAMETRIC_REPRESENTATION_CONTEXT() REPRESENTATION_CONTEXT('2D SPACE',''
  ) );
#5426 = ORIENTED_EDGE('',*,*,#5290,.F.);
#5427 = ADVANCED_FACE('',(#5428),#5168,.F.);
#5428 = FACE_BOUND('',#5429,.F.);
#5429 = EDGE_LOOP('',(#5430,#5431,#5432,#5433));
#5430 = ORIENTED_EDGE('',*,*,#5152,.F.);
#5431 = ORIENTED_EDGE('',*,*,#5337,.T.);
#5432 = ORIENTED_EDGE('',*,*,#5267,.T.);
#5433 = ORIENTED_EDGE('',*,*,#5384,.F.);
#5434 = ADVANCED_FACE('',(#5435),#5222,.T.);
#5435 = FACE_BOUND('',#5436,.T.);
#5436 = EDGE_LOOP('',(#5437,#5438,#5439,#5440));
#5437 = ORIENTED_EDGE('',*,*,#5208,.F.);
#5438 = ORIENTED_EDGE('',*,*,#5359,.T.);
#5439 = ORIENTED_EDGE('',*,*,#5313,.T.);
#5440 = ORIENTED_EDGE('',*,*,#5406,.F.);
#5441 = ( GEOMETRIC_REPRESENTATION_CONTEXT(3) 
GLOBAL_UNCERTAINTY_ASSIGNED_CONTEXT((#5445)) 
GLOBAL_UNIT_ASSIGNED_CONTEXT((#5442,#5443,#5444)) REPRESENTATION_CONTEXT
('Context #1','3D Context with UNIT and UNCERTAINTY') );
#5442 = ( LENGTH_UNIT() NAMED_UNIT(*) SI_UNIT(.MILLI.,.METRE.) );
#5443 = ( NAMED_UNIT(*) PLANE_ANGLE_UNIT() SI_UNIT($,.RADIAN.) );
#5444 = ( NAMED_UNIT(*) SI_UNIT($,.STERADIAN.) SOLID_ANGLE_UNIT() );
#5445 = UNCERTAINTY_MEASURE_WITH_UNIT(LENGTH_MEASURE(1.E-07),#5442,
  'distance_accuracy_value','confusion accuracy');
#5446 = CONTEXT_DEPENDENT_SHAPE_REPRESENTATION(#5447,#5449);
#5447 = ( REPRESENTATION_RELATIONSHIP('','',#5110,#10) 
REPRESENTATION_RELATIONSHIP_WITH_TRANSFORMATION(#5448) 
SHAPE_REPRESENTATION_RELATIONSHIP() );
#5448 = ITEM_DEFINED_TRANSFORMATION('','',#11,#71);
#5449 = PRODUCT_DEFINITION_SHAPE('Placement','Placement of an item',
  #5450);
#5450 = NEXT_ASSEMBLY_USAGE_OCCURRENCE('15','=>[0:1:1:16]','',#5,#5105,$
  );
#5451 = PRODUCT_RELATED_PRODUCT_CATEGORY('part',$,(#5107));
#5452 = SHAPE_DEFINITION_REPRESENTATION(#5453,#5459);
#5453 = PRODUCT_DEFINITION_SHAPE('','',#5454);
#5454 = PRODUCT_DEFINITION('design','',#5455,#5458);
#5455 = PRODUCT_DEFINITION_FORMATION('','',#5456);
#5456 = PRODUCT('COMPOUND','COMPOUND','',(#5457));
#5457 = PRODUCT_CONTEXT('',#2,'mechanical');
#5458 = PRODUCT_DEFINITION_CONTEXT('part definition',#2,'design');
#5459 = ADVANCED_BREP_SHAPE_REPRESENTATION('',(#11,#5460),#5790);
#5460 = MANIFOLD_SOLID_BREP('',#5461);
#5461 = CLOSED_SHELL('',(#5462,#5582,#5682,#5729,#5776,#5783));
#5462 = ADVANCED_FACE('',(#5463),#5477,.F.);
#5463 = FACE_BOUND('',#5464,.F.);
#5464 = EDGE_LOOP('',(#5465,#5500,#5528,#5556));
#5465 = ORIENTED_EDGE('',*,*,#5466,.F.);
#5466 = EDGE_CURVE('',#5467,#5469,#5471,.T.);
#5467 = VERTEX_POINT('',#5468);
#5468 = CARTESIAN_POINT('',(0.,-36.,-36.));
#5469 = VERTEX_POINT('',#5470);
#5470 = CARTESIAN_POINT('',(0.,-36.,36.));
#5471 = SURFACE_CURVE('',#5472,(#5476,#5488),.PCURVE_S1.);
#5472 = LINE('',#5473,#5474);
#5473 = CARTESIAN_POINT('',(0.,-36.,-36.));
#5474 = VECTOR('',#5475,1.);
#5475 = DIRECTION('',(0.,0.,1.));
#5476 = PCURVE('',#5477,#5482);
#5477 = PLANE('',#5478);
#5478 = AXIS2_PLACEMENT_3D('',#5479,#5480,#5481);
#5479 = CARTESIAN_POINT('',(0.,-36.,-36.));
#5480 = DIRECTION('',(1.,0.,-0.));
#5481 = DIRECTION('',(0.,0.,1.));
#5482 = DEFINITIONAL_REPRESENTATION('',(#5483),#5487);
#5483 = LINE('',#5484,#5485);
#5484 = CARTESIAN_POINT('',(0.,0.));
#5485 = VECTOR('',#5486,1.);
#5486 = DIRECTION('',(1.,0.));
#5487 = ( GEOMETRIC_REPRESENTATION_CONTEXT(2) 
PARAMETRIC_REPRESENTATION_CONTEXT() REPRESENTATION_CONTEXT('2D SPACE',''
  ) );
#5488 = PCURVE('',#5489,#5494);
#5489 = PLANE('',#5490);
#5490 = AXIS2_PLACEMENT_3D('',#5491,#5492,#5493);
#5491 = CARTESIAN_POINT('',(0.,-36.,-36.));
#5492 = DIRECTION('',(-0.,1.,0.));
#5493 = DIRECTION('',(0.,0.,1.));
#5494 = DEFINITIONAL_REPRESENTATION('',(#5495),#5499);
#5495 = LINE('',#5496,#5497);
#5496 = CARTESIAN_POINT('',(0.,0.));
#5497 = VECTOR('',#5498,1.);
#5498 = DIRECTION('',(1.,0.));
#5499 = ( GEOMETRIC_REPRESENTATION_CONTEXT(2) 
PARAMETRIC_REPRESENTATION_CONTEXT() REPRESENTATION_CONTEXT('2D SPACE',''
  ) );
#5500 = ORIENTED_EDGE('',*,*,#5501,.T.);
#5501 = EDGE_CURVE('',#5467,#5502,#5504,.T.);
#5502 = VERTEX_POINT('',#5503);
#5503 = CARTESIAN_POINT('',(0.,36.,-36.));
#5504 = SURFACE_CURVE('',#5505,(#5509,#5516),.PCURVE_S1.);
#5505 = LINE('',#5506,#5507);
#5506 = CARTESIAN_POINT('',(0.,-36.,-36.));
#5507 = VECTOR('',#5508,1.);
#5508 = DIRECTION('',(-0.,1.,0.));
#5509 = PCURVE('',#5477,#5510);
#5510 = DEFINITIONAL_REPRESENTATION('',(#5511),#5515);
#5511 = LINE('',#5512,#5513);
#5512 = CARTESIAN_POINT('',(0.,0.));
#5513 = VECTOR('',#5514,1.);
#5514 = DIRECTION('',(0.,-1.));
#5515 = ( GEOMETRIC_REPRESENTATION_CONTEXT(2) 
PARAMETRIC_REPRESENTATION_CONTEXT() REPRESENTATION_CONTEXT('2D SPACE',''
  ) );
#5516 = PCURVE('',#5517,#5522);
#5517 = PLANE('',#5518);
#5518 = AXIS2_PLACEMENT_3D('',#5519,#5520,#5521);
#5519 = CARTESIAN_POINT('',(0.,-36.,-36.));
#5520 = DIRECTION('',(0.,0.,1.));
#5521 = DIRECTION('',(1.,0.,-0.));
#5522 = DEFINITIONAL_REPRESENTATION('',(#5523),#5527);
#5523 = LINE('',#5524,#5525);
#5524 = CARTESIAN_POINT('',(0.,0.));
#5525 = VECTOR('',#5526,1.);
#5526 = DIRECTION('',(0.,1.));
#5527 = ( GEOMETRIC_REPRESENTATION_CONTEXT(2) 
PARAMETRIC_REPRESENTATION_CONTEXT() REPRESENTATION_CONTEXT('2D SPACE',''
  ) );
#5528 = ORIENTED_EDGE('',*,*,#5529,.T.);
#5529 = EDGE_CURVE('',#5502,#5530,#5532,.T.);
#5530 = VERTEX_POINT('',#5531);
#5531 = CARTESIAN_POINT('',(0.,36.,36.));
#5532 = SURFACE_CURVE('',#5533,(#5537,#5544),.PCURVE_S1.);
#5533 = LINE('',#5534,#5535);
#5534 = CARTESIAN_POINT('',(0.,36.,-36.));
#5535 = VECTOR('',#5536,1.);
#5536 = DIRECTION('',(0.,0.,1.));
#5537 = PCURVE('',#5477,#5538);
#5538 = DEFINITIONAL_REPRESENTATION('',(#5539),#5543);
#5539 = LINE('',#5540,#5541);
#5540 = CARTESIAN_POINT('',(0.,-72.));
#5541 = VECTOR('',#5542,1.);
#5542 = DIRECTION('',(1.,0.));
#5543 = ( GEOMETRIC_REPRESENTATION_CONTEXT(2) 
PARAMETRIC_REPRESENTATION_CONTEXT() REPRESENTATION_CONTEXT('2D SPACE',''
  ) );
#5544 = PCURVE('',#5545,#5550);
#5545 = PLANE('',#5546);
#5546 = AXIS2_PLACEMENT_3D('',#5547,#5548,#5549);
#5547 = CARTESIAN_POINT('',(0.,36.,-36.));
#5548 = DIRECTION('',(-0.,1.,0.));
#5549 = DIRECTION('',(0.,0.,1.));
#5550 = DEFINITIONAL_REPRESENTATION('',(#5551),#5555);
#5551 = LINE('',#5552,#5553);
#5552 = CARTESIAN_POINT('',(0.,0.));
#5553 = VECTOR('',#5554,1.);
#5554 = DIRECTION('',(1.,0.));
#5555 = ( GEOMETRIC_REPRESENTATION_CONTEXT(2) 
PARAMETRIC_REPRESENTATION_CONTEXT() REPRESENTATION_CONTEXT('2D SPACE',''
  ) );
#5556 = ORIENTED_EDGE('',*,*,#5557,.F.);
#5557 = EDGE_CURVE('',#5469,#5530,#5558,.T.);
#5558 = SURFACE_CURVE('',#5559,(#5563,#5570),.PCURVE_S1.);
#5559 = LINE('',#5560,#5561);
#5560 = CARTESIAN_POINT('',(0.,-36.,36.));
#5561 = VECTOR('',#5562,1.);
#5562 = DIRECTION('',(-0.,1.,0.));
#5563 = PCURVE('',#5477,#5564);
#5564 = DEFINITIONAL_REPRESENTATION('',(#5565),#5569);
#5565 = LINE('',#5566,#5567);
#5566 = CARTESIAN_POINT('',(72.,0.));
#5567 = VECTOR('',#5568,1.);
#5568 = DIRECTION('',(0.,-1.));
#5569 = ( GEOMETRIC_REPRESENTATION_CONTEXT(2) 
PARAMETRIC_REPRESENTATION_CONTEXT() REPRESENTATION_CONTEXT('2D SPACE',''
  ) );
#5570 = PCURVE('',#5571,#5576);
#5571 = PLANE('',#5572);
#5572 = AXIS2_PLACEMENT_3D('',#5573,#5574,#5575);
#5573 = CARTESIAN_POINT('',(0.,-36.,36.));
#5574 = DIRECTION('',(0.,0.,1.));
#5575 = DIRECTION('',(1.,0.,-0.));
#5576 = DEFINITIONAL_REPRESENTATION('',(#5577),#5581);
#5577 = LINE('',#5578,#5579);
#5578 = CARTESIAN_POINT('',(0.,0.));
#5579 = VECTOR('',#5580,1.);
#5580 = DIRECTION('',(0.,1.));
#5581 = ( GEOMETRIC_REPRESENTATION_CONTEXT(2) 
PARAMETRIC_REPRESENTATION_CONTEXT() REPRESENTATION_CONTEXT('2D SPACE',''
  ) );
#5582 = ADVANCED_FACE('',(#5583),#5597,.T.);
#5583 = FACE_BOUND('',#5584,.T.);
#5584 = EDGE_LOOP('',(#5585,#5615,#5638,#5661));
#5585 = ORIENTED_EDGE('',*,*,#5586,.F.);
#5586 = EDGE_CURVE('',#5587,#5589,#5591,.T.);
#5587 = VERTEX_POINT('',#5588);
#5588 = CARTESIAN_POINT('',(805.,-36.,-36.));
#5589 = VERTEX_POINT('',#5590);
#5590 = CARTESIAN_POINT('',(805.,-36.,36.));
#5591 = SURFACE_CURVE('',#5592,(#5596,#5608),.PCURVE_S1.);
#5592 = LINE('',#5593,#5594);
#5593 = CARTESIAN_POINT('',(805.,-36.,-36.));
#5594 = VECTOR('',#5595,1.);
#5595 = DIRECTION('',(0.,0.,1.));
#5596 = PCURVE('',#5597,#5602);
#5597 = PLANE('',#5598);
#5598 = AXIS2_PLACEMENT_3D('',#5599,#5600,#5601);
#5599 = CARTESIAN_POINT('',(805.,-36.,-36.));
#5600 = DIRECTION('',(1.,0.,-0.));
#5601 = DIRECTION('',(0.,0.,1.));
#5602 = DEFINITIONAL_REPRESENTATION('',(#5603),#5607);
#5603 = LINE('',#5604,#5605);
#5604 = CARTESIAN_POINT('',(0.,0.));
#5605 = VECTOR('',#5606,1.);
#5606 = DIRECTION('',(1.,0.));
#5607 = ( GEOMETRIC_REPRESENTATION_CONTEXT(2) 
PARAMETRIC_REPRESENTATION_CONTEXT() REPRESENTATION_CONTEXT('2D SPACE',''
  ) );
#5608 = PCURVE('',#5489,#5609);
#5609 = DEFINITIONAL_REPRESENTATION('',(#5610),#5614);
#5610 = LINE('',#5611,#5612);
#5611 = CARTESIAN_POINT('',(0.,805.));
#5612 = VECTOR('',#5613,1.);
#5613 = DIRECTION('',(1.,0.));
#5614 = ( GEOMETRIC_REPRESENTATION_CONTEXT(2) 
PARAMETRIC_REPRESENTATION_CONTEXT() REPRESENTATION_CONTEXT('2D SPACE',''
  ) );
#5615 = ORIENTED_EDGE('',*,*,#5616,.T.);
#5616 = EDGE_CURVE('',#5587,#5617,#5619,.T.);
#5617 = VERTEX_POINT('',#5618);
#5618 = CARTESIAN_POINT('',(805.,36.,-36.));
#5619 = SURFACE_CURVE('',#5620,(#5624,#5631),.PCURVE_S1.);
#5620 = LINE('',#5621,#5622);
#5621 = CARTESIAN_POINT('',(805.,-36.,-36.));
#5622 = VECTOR('',#5623,1.);
#5623 = DIRECTION('',(-0.,1.,0.));
#5624 = PCURVE('',#5597,#5625);
#5625 = DEFINITIONAL_REPRESENTATION('',(#5626),#5630);
#5626 = LINE('',#5627,#5628);
#5627 = CARTESIAN_POINT('',(0.,0.));
#5628 = VECTOR('',#5629,1.);
#5629 = DIRECTION('',(0.,-1.));
#5630 = ( GEOMETRIC_REPRESENTATION_CONTEXT(2) 
PARAMETRIC_REPRESENTATION_CONTEXT() REPRESENTATION_CONTEXT('2D SPACE',''
  ) );
#5631 = PCURVE('',#5517,#5632);
#5632 = DEFINITIONAL_REPRESENTATION('',(#5633),#5637);
#5633 = LINE('',#5634,#5635);
#5634 = CARTESIAN_POINT('',(805.,0.));
#5635 = VECTOR('',#5636,1.);
#5636 = DIRECTION('',(0.,1.));
#5637 = ( GEOMETRIC_REPRESENTATION_CONTEXT(2) 
PARAMETRIC_REPRESENTATION_CONTEXT() REPRESENTATION_CONTEXT('2D SPACE',''
  ) );
#5638 = ORIENTED_EDGE('',*,*,#5639,.T.);
#5639 = EDGE_CURVE('',#5617,#5640,#5642,.T.);
#5640 = VERTEX_POINT('',#5641);
#5641 = CARTESIAN_POINT('',(805.,36.,36.));
#5642 = SURFACE_CURVE('',#5643,(#5647,#5654),.PCURVE_S1.);
#5643 = LINE('',#5644,#5645);
#5644 = CARTESIAN_POINT('',(805.,36.,-36.));
#5645 = VECTOR('',#5646,1.);
#5646 = DIRECTION('',(0.,0.,1.));
#5647 = PCURVE('',#5597,#5648);
#5648 = DEFINITIONAL_REPRESENTATION('',(#5649),#5653);
#5649 = LINE('',#5650,#5651);
#5650 = CARTESIAN_POINT('',(0.,-72.));
#5651 = VECTOR('',#5652,1.);
#5652 = DIRECTION('',(1.,0.));
#5653 = ( GEOMETRIC_REPRESENTATION_CONTEXT(2) 
PARAMETRIC_REPRESENTATION_CONTEXT() REPRESENTATION_CONTEXT('2D SPACE',''
  ) );
#5654 = PCURVE('',#5545,#5655);
#5655 = DEFINITIONAL_REPRESENTATION('',(#5656),#5660);
#5656 = LINE('',#5657,#5658);
#5657 = CARTESIAN_POINT('',(0.,805.));
#5658 = VECTOR('',#5659,1.);
#5659 = DIRECTION('',(1.,0.));
#5660 = ( GEOMETRIC_REPRESENTATION_CONTEXT(2) 
PARAMETRIC_REPRESENTATION_CONTEXT() REPRESENTATION_CONTEXT('2D SPACE',''
  ) );
#5661 = ORIENTED_EDGE('',*,*,#5662,.F.);
#5662 = EDGE_CURVE('',#5589,#5640,#5663,.T.);
#5663 = SURFACE_CURVE('',#5664,(#5668,#5675),.PCURVE_S1.);
#5664 = LINE('',#5665,#5666);
#5665 = CARTESIAN_POINT('',(805.,-36.,36.));
#5666 = VECTOR('',#5667,1.);
#5667 = DIRECTION('',(-0.,1.,0.));
#5668 = PCURVE('',#5597,#5669);
#5669 = DEFINITIONAL_REPRESENTATION('',(#5670),#5674);
#5670 = LINE('',#5671,#5672);
#5671 = CARTESIAN_POINT('',(72.,0.));
#5672 = VECTOR('',#5673,1.);
#5673 = DIRECTION('',(0.,-1.));
#5674 = ( GEOMETRIC_REPRESENTATION_CONTEXT(2) 
PARAMETRIC_REPRESENTATION_CONTEXT() REPRESENTATION_CONTEXT('2D SPACE',''
  ) );
#5675 = PCURVE('',#5571,#5676);
#5676 = DEFINITIONAL_REPRESENTATION('',(#5677),#5681);
#5677 = LINE('',#5678,#5679);
#5678 = CARTESIAN_POINT('',(805.,0.));
#5679 = VECTOR('',#5680,1.);
#5680 = DIRECTION('',(0.,1.));
#5681 = ( GEOMETRIC_REPRESENTATION_CONTEXT(2) 
PARAMETRIC_REPRESENTATION_CONTEXT() REPRESENTATION_CONTEXT('2D SPACE',''
  ) );
#5682 = ADVANCED_FACE('',(#5683),#5489,.F.);
#5683 = FACE_BOUND('',#5684,.F.);
#5684 = EDGE_LOOP('',(#5685,#5706,#5707,#5728));
#5685 = ORIENTED_EDGE('',*,*,#5686,.F.);
#5686 = EDGE_CURVE('',#5467,#5587,#5687,.T.);
#5687 = SURFACE_CURVE('',#5688,(#5692,#5699),.PCURVE_S1.);
#5688 = LINE('',#5689,#5690);
#5689 = CARTESIAN_POINT('',(0.,-36.,-36.));
#5690 = VECTOR('',#5691,1.);
#5691 = DIRECTION('',(1.,0.,-0.));
#5692 = PCURVE('',#5489,#5693);
#5693 = DEFINITIONAL_REPRESENTATION('',(#5694),#5698);
#5694 = LINE('',#5695,#5696);
#5695 = CARTESIAN_POINT('',(0.,0.));
#5696 = VECTOR('',#5697,1.);
#5697 = DIRECTION('',(0.,1.));
#5698 = ( GEOMETRIC_REPRESENTATION_CONTEXT(2) 
PARAMETRIC_REPRESENTATION_CONTEXT() REPRESENTATION_CONTEXT('2D SPACE',''
  ) );
#5699 = PCURVE('',#5517,#5700);
#5700 = DEFINITIONAL_REPRESENTATION('',(#5701),#5705);
#5701 = LINE('',#5702,#5703);
#5702 = CARTESIAN_POINT('',(0.,0.));
#5703 = VECTOR('',#5704,1.);
#5704 = DIRECTION('',(1.,0.));
#5705 = ( GEOMETRIC_REPRESENTATION_CONTEXT(2) 
PARAMETRIC_REPRESENTATION_CONTEXT() REPRESENTATION_CONTEXT('2D SPACE',''
  ) );
#5706 = ORIENTED_EDGE('',*,*,#5466,.T.);
#5707 = ORIENTED_EDGE('',*,*,#5708,.T.);
#5708 = EDGE_CURVE('',#5469,#5589,#5709,.T.);
#5709 = SURFACE_CURVE('',#5710,(#5714,#5721),.PCURVE_S1.);
#5710 = LINE('',#5711,#5712);
#5711 = CARTESIAN_POINT('',(0.,-36.,36.));
#5712 = VECTOR('',#5713,1.);
#5713 = DIRECTION('',(1.,0.,-0.));
#5714 = PCURVE('',#5489,#5715);
#5715 = DEFINITIONAL_REPRESENTATION('',(#5716),#5720);
#5716 = LINE('',#5717,#5718);
#5717 = CARTESIAN_POINT('',(72.,0.));
#5718 = VECTOR('',#5719,1.);
#5719 = DIRECTION('',(0.,1.));
#5720 = ( GEOMETRIC_REPRESENTATION_CONTEXT(2) 
PARAMETRIC_REPRESENTATION_CONTEXT() REPRESENTATION_CONTEXT('2D SPACE',''
  ) );
#5721 = PCURVE('',#5571,#5722);
#5722 = DEFINITIONAL_REPRESENTATION('',(#5723),#5727);
#5723 = LINE('',#5724,#5725);
#5724 = CARTESIAN_POINT('',(0.,0.));
#5725 = VECTOR('',#5726,1.);
#5726 = DIRECTION('',(1.,0.));
#5727 = ( GEOMETRIC_REPRESENTATION_CONTEXT(2) 
PARAMETRIC_REPRESENTATION_CONTEXT() REPRESENTATION_CONTEXT('2D SPACE',''
  ) );
#5728 = ORIENTED_EDGE('',*,*,#5586,.F.);
#5729 = ADVANCED_FACE('',(#5730),#5545,.T.);
#5730 = FACE_BOUND('',#5731,.T.);
#5731 = EDGE_LOOP('',(#5732,#5753,#5754,#5775));
#5732 = ORIENTED_EDGE('',*,*,#5733,.F.);
#5733 = EDGE_CURVE('',#5502,#5617,#5734,.T.);
#5734 = SURFACE_CURVE('',#5735,(#5739,#5746),.PCURVE_S1.);
#5735 = LINE('',#5736,#5737);
#5736 = CARTESIAN_POINT('',(0.,36.,-36.));
#5737 = VECTOR('',#5738,1.);
#5738 = DIRECTION('',(1.,0.,-0.));
#5739 = PCURVE('',#5545,#5740);
#5740 = DEFINITIONAL_REPRESENTATION('',(#5741),#5745);
#5741 = LINE('',#5742,#5743);
#5742 = CARTESIAN_POINT('',(0.,0.));
#5743 = VECTOR('',#5744,1.);
#5744 = DIRECTION('',(0.,1.));
#5745 = ( GEOMETRIC_REPRESENTATION_CONTEXT(2) 
PARAMETRIC_REPRESENTATION_CONTEXT() REPRESENTATION_CONTEXT('2D SPACE',''
  ) );
#5746 = PCURVE('',#5517,#5747);
#5747 = DEFINITIONAL_REPRESENTATION('',(#5748),#5752);
#5748 = LINE('',#5749,#5750);
#5749 = CARTESIAN_POINT('',(0.,72.));
#5750 = VECTOR('',#5751,1.);
#5751 = DIRECTION('',(1.,0.));
#5752 = ( GEOMETRIC_REPRESENTATION_CONTEXT(2) 
PARAMETRIC_REPRESENTATION_CONTEXT() REPRESENTATION_CONTEXT('2D SPACE',''
  ) );
#5753 = ORIENTED_EDGE('',*,*,#5529,.T.);
#5754 = ORIENTED_EDGE('',*,*,#5755,.T.);
#5755 = EDGE_CURVE('',#5530,#5640,#5756,.T.);
#5756 = SURFACE_CURVE('',#5757,(#5761,#5768),.PCURVE_S1.);
#5757 = LINE('',#5758,#5759);
#5758 = CARTESIAN_POINT('',(0.,36.,36.));
#5759 = VECTOR('',#5760,1.);
#5760 = DIRECTION('',(1.,0.,-0.));
#5761 = PCURVE('',#5545,#5762);
#5762 = DEFINITIONAL_REPRESENTATION('',(#5763),#5767);
#5763 = LINE('',#5764,#5765);
#5764 = CARTESIAN_POINT('',(72.,0.));
#5765 = VECTOR('',#5766,1.);
#5766 = DIRECTION('',(0.,1.));
#5767 = ( GEOMETRIC_REPRESENTATION_CONTEXT(2) 
PARAMETRIC_REPRESENTATION_CONTEXT() REPRESENTATION_CONTEXT('2D SPACE',''
  ) );
#5768 = PCURVE('',#5571,#5769);
#5769 = DEFINITIONAL_REPRESENTATION('',(#5770),#5774);
#5770 = LINE('',#5771,#5772);
#5771 = CARTESIAN_POINT('',(0.,72.));
#5772 = VECTOR('',#5773,1.);
#5773 = DIRECTION('',(1.,0.));
#5774 = ( GEOMETRIC_REPRESENTATION_CONTEXT(2) 
PARAMETRIC_REPRESENTATION_CONTEXT() REPRESENTATION_CONTEXT('2D SPACE',''
  ) );
#5775 = ORIENTED_EDGE('',*,*,#5639,.F.);
#5776 = ADVANCED_FACE('',(#5777),#5517,.F.);
#5777 = FACE_BOUND('',#5778,.F.);
#5778 = EDGE_LOOP('',(#5779,#5780,#5781,#5782));
#5779 = ORIENTED_EDGE('',*,*,#5501,.F.);
#5780 = ORIENTED_EDGE('',*,*,#5686,.T.);
#5781 = ORIENTED_EDGE('',*,*,#5616,.T.);
#5782 = ORIENTED_EDGE('',*,*,#5733,.F.);
#5783 = ADVANCED_FACE('',(#5784),#5571,.T.);
#5784 = FACE_BOUND('',#5785,.T.);
#5785 = EDGE_LOOP('',(#5786,#5787,#5788,#5789));
#5786 = ORIENTED_EDGE('',*,*,#5557,.F.);
#5787 = ORIENTED_EDGE('',*,*,#5708,.T.);
#5788 = ORIENTED_EDGE('',*,*,#5662,.T.);
#5789 = ORIENTED_EDGE('',*,*,#5755,.F.);
#5790 = ( GEOMETRIC_REPRESENTATION_CONTEXT(3) 
GLOBAL_UNCERTAINTY_ASSIGNED_CONTEXT((#5794)) 
GLOBAL_UNIT_ASSIGNED_CONTEXT((#5791,#5792,#5793)) REPRESENTATION_CONTEXT
('Context #1','3D Context with UNIT and UNCERTAINTY') );
#5791 = ( LENGTH_UNIT() NAMED_UNIT(*) SI_UNIT(.MILLI.,.METRE.) );
#5792 = ( NAMED_UNIT(*) PLANE_ANGLE_UNIT() SI_UNIT($,.RADIAN.) );
#5793 = ( NAMED_UNIT(*) SI_UNIT($,.STERADIAN.) SOLID_ANGLE_UNIT() );
#5794 = UNCERTAINTY_MEASURE_WITH_UNIT(LENGTH_MEASURE(1.E-07),#5791,
  'distance_accuracy_value','confusion accuracy');
#5795 = CONTEXT_DEPENDENT_SHAPE_REPRESENTATION(#5796,#5798);
#5796 = ( REPRESENTATION_RELATIONSHIP('','',#5459,#10) 
REPRESENTATION_RELATIONSHIP_WITH_TRANSFORMATION(#5797) 
SHAPE_REPRESENTATION_RELATIONSHIP() );
#5797 = ITEM_DEFINED_TRANSFORMATION('','',#11,#75);
#5798 = PRODUCT_DEFINITION_SHAPE('Placement','Placement of an item',
  #5799);
#5799 = NEXT_ASSEMBLY_USAGE_OCCURRENCE('16','=>[0:1:1:17]','',#5,#5454,$
  );
#5800 = PRODUCT_RELATED_PRODUCT_CATEGORY('part',$,(#5456));
#5801 = SHAPE_DEFINITION_REPRESENTATION(#5802,#5808);
#5802 = PRODUCT_DEFINITION_SHAPE('','',#5803);
#5803 = PRODUCT_DEFINITION('design','',#5804,#5807);
#5804 = PRODUCT_DEFINITION_FORMATION('','',#5805);
#5805 = PRODUCT('COMPOUND','COMPOUND','',(#5806));
#5806 = PRODUCT_CONTEXT('',#2,'mechanical');
#5807 = PRODUCT_DEFINITION_CONTEXT('part definition',#2,'design');
#5808 = ADVANCED_BREP_SHAPE_REPRESENTATION('',(#11,#5809),#6139);
#5809 = MANIFOLD_SOLID_BREP('',#5810);
#5810 = CLOSED_SHELL('',(#5811,#5931,#6031,#6078,#6125,#6132));
#5811 = ADVANCED_FACE('',(#5812),#5826,.F.);
#5812 = FACE_BOUND('',#5813,.F.);
#5813 = EDGE_LOOP('',(#5814,#5849,#5877,#5905));
#5814 = ORIENTED_EDGE('',*,*,#5815,.F.);
#5815 = EDGE_CURVE('',#5816,#5818,#5820,.T.);
#5816 = VERTEX_POINT('',#5817);
#5817 = CARTESIAN_POINT('',(-180.,-95.,-215.));
#5818 = VERTEX_POINT('',#5819);
#5819 = CARTESIAN_POINT('',(-180.,-95.,215.));
#5820 = SURFACE_CURVE('',#5821,(#5825,#5837),.PCURVE_S1.);
#5821 = LINE('',#5822,#5823);
#5822 = CARTESIAN_POINT('',(-180.,-95.,-215.));
#5823 = VECTOR('',#5824,1.);
#5824 = DIRECTION('',(0.,0.,1.));
#5825 = PCURVE('',#5826,#5831);
#5826 = PLANE('',#5827);
#5827 = AXIS2_PLACEMENT_3D('',#5828,#5829,#5830);
#5828 = CARTESIAN_POINT('',(-180.,-95.,-215.));
#5829 = DIRECTION('',(1.,0.,-0.));
#5830 = DIRECTION('',(0.,0.,1.));
#5831 = DEFINITIONAL_REPRESENTATION('',(#5832),#5836);
#5832 = LINE('',#5833,#5834);
#5833 = CARTESIAN_POINT('',(0.,0.));
#5834 = VECTOR('',#5835,1.);
#5835 = DIRECTION('',(1.,0.));
#5836 = ( GEOMETRIC_REPRESENTATION_CONTEXT(2) 
PARAMETRIC_REPRESENTATION_CONTEXT() REPRESENTATION_CONTEXT('2D SPACE',''
  ) );
#5837 = PCURVE('',#5838,#5843);
#5838 = PLANE('',#5839);
#5839 = AXIS2_PLACEMENT_3D('',#5840,#5841,#5842);
#5840 = CARTESIAN_POINT('',(-180.,-95.,-215.));
#5841 = DIRECTION('',(-0.,1.,0.));
#5842 = DIRECTION('',(0.,0.,1.));
#5843 = DEFINITIONAL_REPRESENTATION('',(#5844),#5848);
#5844 = LINE('',#5845,#5846);
#5845 = CARTESIAN_POINT('',(0.,0.));
#5846 = VECTOR('',#5847,1.);
#5847 = DIRECTION('',(1.,0.));
#5848 = ( GEOMETRIC_REPRESENTATION_CONTEXT(2) 
PARAMETRIC_REPRESENTATION_CONTEXT() REPRESENTATION_CONTEXT('2D SPACE',''
  ) );
#5849 = ORIENTED_EDGE('',*,*,#5850,.T.);
#5850 = EDGE_CURVE('',#5816,#5851,#5853,.T.);
#5851 = VERTEX_POINT('',#5852);
#5852 = CARTESIAN_POINT('',(-180.,95.,-215.));
#5853 = SURFACE_CURVE('',#5854,(#5858,#5865),.PCURVE_S1.);
#5854 = LINE('',#5855,#5856);
#5855 = CARTESIAN_POINT('',(-180.,-95.,-215.));
#5856 = VECTOR('',#5857,1.);
#5857 = DIRECTION('',(-0.,1.,0.));
#5858 = PCURVE('',#5826,#5859);
#5859 = DEFINITIONAL_REPRESENTATION('',(#5860),#5864);
#5860 = LINE('',#5861,#5862);
#5861 = CARTESIAN_POINT('',(0.,0.));
#5862 = VECTOR('',#5863,1.);
#5863 = DIRECTION('',(0.,-1.));
#5864 = ( GEOMETRIC_REPRESENTATION_CONTEXT(2) 
PARAMETRIC_REPRESENTATION_CONTEXT() REPRESENTATION_CONTEXT('2D SPACE',''
  ) );
#5865 = PCURVE('',#5866,#5871);
#5866 = PLANE('',#5867);
#5867 = AXIS2_PLACEMENT_3D('',#5868,#5869,#5870);
#5868 = CARTESIAN_POINT('',(-180.,-95.,-215.));
#5869 = DIRECTION('',(0.,0.,1.));
#5870 = DIRECTION('',(1.,0.,-0.));
#5871 = DEFINITIONAL_REPRESENTATION('',(#5872),#5876);
#5872 = LINE('',#5873,#5874);
#5873 = CARTESIAN_POINT('',(0.,0.));
#5874 = VECTOR('',#5875,1.);
#5875 = DIRECTION('',(0.,1.));
#5876 = ( GEOMETRIC_REPRESENTATION_CONTEXT(2) 
PARAMETRIC_REPRESENTATION_CONTEXT() REPRESENTATION_CONTEXT('2D SPACE',''
  ) );
#5877 = ORIENTED_EDGE('',*,*,#5878,.T.);
#5878 = EDGE_CURVE('',#5851,#5879,#5881,.T.);
#5879 = VERTEX_POINT('',#5880);
#5880 = CARTESIAN_POINT('',(-180.,95.,215.));
#5881 = SURFACE_CURVE('',#5882,(#5886,#5893),.PCURVE_S1.);
#5882 = LINE('',#5883,#5884);
#5883 = CARTESIAN_POINT('',(-180.,95.,-215.));
#5884 = VECTOR('',#5885,1.);
#5885 = DIRECTION('',(0.,0.,1.));
#5886 = PCURVE('',#5826,#5887);
#5887 = DEFINITIONAL_REPRESENTATION('',(#5888),#5892);
#5888 = LINE('',#5889,#5890);
#5889 = CARTESIAN_POINT('',(0.,-190.));
#5890 = VECTOR('',#5891,1.);
#5891 = DIRECTION('',(1.,0.));
#5892 = ( GEOMETRIC_REPRESENTATION_CONTEXT(2) 
PARAMETRIC_REPRESENTATION_CONTEXT() REPRESENTATION_CONTEXT('2D SPACE',''
  ) );
#5893 = PCURVE('',#5894,#5899);
#5894 = PLANE('',#5895);
#5895 = AXIS2_PLACEMENT_3D('',#5896,#5897,#5898);
#5896 = CARTESIAN_POINT('',(-180.,95.,-215.));
#5897 = DIRECTION('',(-0.,1.,0.));
#5898 = DIRECTION('',(0.,0.,1.));
#5899 = DEFINITIONAL_REPRESENTATION('',(#5900),#5904);
#5900 = LINE('',#5901,#5902);
#5901 = CARTESIAN_POINT('',(0.,0.));
#5902 = VECTOR('',#5903,1.);
#5903 = DIRECTION('',(1.,0.));
#5904 = ( GEOMETRIC_REPRESENTATION_CONTEXT(2) 
PARAMETRIC_REPRESENTATION_CONTEXT() REPRESENTATION_CONTEXT('2D SPACE',''
  ) );
#5905 = ORIENTED_EDGE('',*,*,#5906,.F.);
#5906 = EDGE_CURVE('',#5818,#5879,#5907,.T.);
#5907 = SURFACE_CURVE('',#5908,(#5912,#5919),.PCURVE_S1.);
#5908 = LINE('',#5909,#5910);
#5909 = CARTESIAN_POINT('',(-180.,-95.,215.));
#5910 = VECTOR('',#5911,1.);
#5911 = DIRECTION('',(-0.,1.,0.));
#5912 = PCURVE('',#5826,#5913);
#5913 = DEFINITIONAL_REPRESENTATION('',(#5914),#5918);
#5914 = LINE('',#5915,#5916);
#5915 = CARTESIAN_POINT('',(430.,0.));
#5916 = VECTOR('',#5917,1.);
#5917 = DIRECTION('',(0.,-1.));
#5918 = ( GEOMETRIC_REPRESENTATION_CONTEXT(2) 
PARAMETRIC_REPRESENTATION_CONTEXT() REPRESENTATION_CONTEXT('2D SPACE',''
  ) );
#5919 = PCURVE('',#5920,#5925);
#5920 = PLANE('',#5921);
#5921 = AXIS2_PLACEMENT_3D('',#5922,#5923,#5924);
#5922 = CARTESIAN_POINT('',(-180.,-95.,215.));
#5923 = DIRECTION('',(0.,0.,1.));
#5924 = DIRECTION('',(1.,0.,-0.));
#5925 = DEFINITIONAL_REPRESENTATION('',(#5926),#5930);
#5926 = LINE('',#5927,#5928);
#5927 = CARTESIAN_POINT('',(0.,0.));
#5928 = VECTOR('',#5929,1.);
#5929 = DIRECTION('',(0.,1.));
#5930 = ( GEOMETRIC_REPRESENTATION_CONTEXT(2) 
PARAMETRIC_REPRESENTATION_CONTEXT() REPRESENTATION_CONTEXT('2D SPACE',''
  ) );
#5931 = ADVANCED_FACE('',(#5932),#5946,.T.);
#5932 = FACE_BOUND('',#5933,.T.);
#5933 = EDGE_LOOP('',(#5934,#5964,#5987,#6010));
#5934 = ORIENTED_EDGE('',*,*,#5935,.F.);
#5935 = EDGE_CURVE('',#5936,#5938,#5940,.T.);
#5936 = VERTEX_POINT('',#5937);
#5937 = CARTESIAN_POINT('',(180.,-95.,-215.));
#5938 = VERTEX_POINT('',#5939);
#5939 = CARTESIAN_POINT('',(180.,-95.,215.));
#5940 = SURFACE_CURVE('',#5941,(#5945,#5957),.PCURVE_S1.);
#5941 = LINE('',#5942,#5943);
#5942 = CARTESIAN_POINT('',(180.,-95.,-215.));
#5943 = VECTOR('',#5944,1.);
#5944 = DIRECTION('',(0.,0.,1.));
#5945 = PCURVE('',#5946,#5951);
#5946 = PLANE('',#5947);
#5947 = AXIS2_PLACEMENT_3D('',#5948,#5949,#5950);
#5948 = CARTESIAN_POINT('',(180.,-95.,-215.));
#5949 = DIRECTION('',(1.,0.,-0.));
#5950 = DIRECTION('',(0.,0.,1.));
#5951 = DEFINITIONAL_REPRESENTATION('',(#5952),#5956);
#5952 = LINE('',#5953,#5954);
#5953 = CARTESIAN_POINT('',(0.,0.));
#5954 = VECTOR('',#5955,1.);
#5955 = DIRECTION('',(1.,0.));
#5956 = ( GEOMETRIC_REPRESENTATION_CONTEXT(2) 
PARAMETRIC_REPRESENTATION_CONTEXT() REPRESENTATION_CONTEXT('2D SPACE',''
  ) );
#5957 = PCURVE('',#5838,#5958);
#5958 = DEFINITIONAL_REPRESENTATION('',(#5959),#5963);
#5959 = LINE('',#5960,#5961);
#5960 = CARTESIAN_POINT('',(0.,360.));
#5961 = VECTOR('',#5962,1.);
#5962 = DIRECTION('',(1.,0.));
#5963 = ( GEOMETRIC_REPRESENTATION_CONTEXT(2) 
PARAMETRIC_REPRESENTATION_CONTEXT() REPRESENTATION_CONTEXT('2D SPACE',''
  ) );
#5964 = ORIENTED_EDGE('',*,*,#5965,.T.);
#5965 = EDGE_CURVE('',#5936,#5966,#5968,.T.);
#5966 = VERTEX_POINT('',#5967);
#5967 = CARTESIAN_POINT('',(180.,95.,-215.));
#5968 = SURFACE_CURVE('',#5969,(#5973,#5980),.PCURVE_S1.);
#5969 = LINE('',#5970,#5971);
#5970 = CARTESIAN_POINT('',(180.,-95.,-215.));
#5971 = VECTOR('',#5972,1.);
#5972 = DIRECTION('',(-0.,1.,0.));
#5973 = PCURVE('',#5946,#5974);
#5974 = DEFINITIONAL_REPRESENTATION('',(#5975),#5979);
#5975 = LINE('',#5976,#5977);
#5976 = CARTESIAN_POINT('',(0.,0.));
#5977 = VECTOR('',#5978,1.);
#5978 = DIRECTION('',(0.,-1.));
#5979 = ( GEOMETRIC_REPRESENTATION_CONTEXT(2) 
PARAMETRIC_REPRESENTATION_CONTEXT() REPRESENTATION_CONTEXT('2D SPACE',''
  ) );
#5980 = PCURVE('',#5866,#5981);
#5981 = DEFINITIONAL_REPRESENTATION('',(#5982),#5986);
#5982 = LINE('',#5983,#5984);
#5983 = CARTESIAN_POINT('',(360.,0.));
#5984 = VECTOR('',#5985,1.);
#5985 = DIRECTION('',(0.,1.));
#5986 = ( GEOMETRIC_REPRESENTATION_CONTEXT(2) 
PARAMETRIC_REPRESENTATION_CONTEXT() REPRESENTATION_CONTEXT('2D SPACE',''
  ) );
#5987 = ORIENTED_EDGE('',*,*,#5988,.T.);
#5988 = EDGE_CURVE('',#5966,#5989,#5991,.T.);
#5989 = VERTEX_POINT('',#5990);
#5990 = CARTESIAN_POINT('',(180.,95.,215.));
#5991 = SURFACE_CURVE('',#5992,(#5996,#6003),.PCURVE_S1.);
#5992 = LINE('',#5993,#5994);
#5993 = CARTESIAN_POINT('',(180.,95.,-215.));
#5994 = VECTOR('',#5995,1.);
#5995 = DIRECTION('',(0.,0.,1.));
#5996 = PCURVE('',#5946,#5997);
#5997 = DEFINITIONAL_REPRESENTATION('',(#5998),#6002);
#5998 = LINE('',#5999,#6000);
#5999 = CARTESIAN_POINT('',(0.,-190.));
#6000 = VECTOR('',#6001,1.);
#6001 = DIRECTION('',(1.,0.));
#6002 = ( GEOMETRIC_REPRESENTATION_CONTEXT(2) 
PARAMETRIC_REPRESENTATION_CONTEXT() REPRESENTATION_CONTEXT('2D SPACE',''
  ) );
#6003 = PCURVE('',#5894,#6004);
#6004 = DEFINITIONAL_REPRESENTATION('',(#6005),#6009);
#6005 = LINE('',#6006,#6007);
#6006 = CARTESIAN_POINT('',(0.,360.));
#6007 = VECTOR('',#6008,1.);
#6008 = DIRECTION('',(1.,0.));
#6009 = ( GEOMETRIC_REPRESENTATION_CONTEXT(2) 
PARAMETRIC_REPRESENTATION_CONTEXT() REPRESENTATION_CONTEXT('2D SPACE',''
  ) );
#6010 = ORIENTED_EDGE('',*,*,#6011,.F.);
#6011 = EDGE_CURVE('',#5938,#5989,#6012,.T.);
#6012 = SURFACE_CURVE('',#6013,(#6017,#6024),.PCURVE_S1.);
#6013 = LINE('',#6014,#6015);
#6014 = CARTESIAN_POINT('',(180.,-95.,215.));
#6015 = VECTOR('',#6016,1.);
#6016 = DIRECTION('',(-0.,1.,0.));
#6017 = PCURVE('',#5946,#6018);
#6018 = DEFINITIONAL_REPRESENTATION('',(#6019),#6023);
#6019 = LINE('',#6020,#6021);
#6020 = CARTESIAN_POINT('',(430.,0.));
#6021 = VECTOR('',#6022,1.);
#6022 = DIRECTION('',(0.,-1.));
#6023 = ( GEOMETRIC_REPRESENTATION_CONTEXT(2) 
PARAMETRIC_REPRESENTATION_CONTEXT() REPRESENTATION_CONTEXT('2D SPACE',''
  ) );
#6024 = PCURVE('',#5920,#6025);
#6025 = DEFINITIONAL_REPRESENTATION('',(#6026),#6030);
#6026 = LINE('',#6027,#6028);
#6027 = CARTESIAN_POINT('',(360.,0.));
#6028 = VECTOR('',#6029,1.);
#6029 = DIRECTION('',(0.,1.));
#6030 = ( GEOMETRIC_REPRESENTATION_CONTEXT(2) 
PARAMETRIC_REPRESENTATION_CONTEXT() REPRESENTATION_CONTEXT('2D SPACE',''
  ) );
#6031 = ADVANCED_FACE('',(#6032),#5838,.F.);
#6032 = FACE_BOUND('',#6033,.F.);
#6033 = EDGE_LOOP('',(#6034,#6055,#6056,#6077));
#6034 = ORIENTED_EDGE('',*,*,#6035,.F.);
#6035 = EDGE_CURVE('',#5816,#5936,#6036,.T.);
#6036 = SURFACE_CURVE('',#6037,(#6041,#6048),.PCURVE_S1.);
#6037 = LINE('',#6038,#6039);
#6038 = CARTESIAN_POINT('',(-180.,-95.,-215.));
#6039 = VECTOR('',#6040,1.);
#6040 = DIRECTION('',(1.,0.,-0.));
#6041 = PCURVE('',#5838,#6042);
#6042 = DEFINITIONAL_REPRESENTATION('',(#6043),#6047);
#6043 = LINE('',#6044,#6045);
#6044 = CARTESIAN_POINT('',(0.,0.));
#6045 = VECTOR('',#6046,1.);
#6046 = DIRECTION('',(0.,1.));
#6047 = ( GEOMETRIC_REPRESENTATION_CONTEXT(2) 
PARAMETRIC_REPRESENTATION_CONTEXT() REPRESENTATION_CONTEXT('2D SPACE',''
  ) );
#6048 = PCURVE('',#5866,#6049);
#6049 = DEFINITIONAL_REPRESENTATION('',(#6050),#6054);
#6050 = LINE('',#6051,#6052);
#6051 = CARTESIAN_POINT('',(0.,0.));
#6052 = VECTOR('',#6053,1.);
#6053 = DIRECTION('',(1.,0.));
#6054 = ( GEOMETRIC_REPRESENTATION_CONTEXT(2) 
PARAMETRIC_REPRESENTATION_CONTEXT() REPRESENTATION_CONTEXT('2D SPACE',''
  ) );
#6055 = ORIENTED_EDGE('',*,*,#5815,.T.);
#6056 = ORIENTED_EDGE('',*,*,#6057,.T.);
#6057 = EDGE_CURVE('',#5818,#5938,#6058,.T.);
#6058 = SURFACE_CURVE('',#6059,(#6063,#6070),.PCURVE_S1.);
#6059 = LINE('',#6060,#6061);
#6060 = CARTESIAN_POINT('',(-180.,-95.,215.));
#6061 = VECTOR('',#6062,1.);
#6062 = DIRECTION('',(1.,0.,-0.));
#6063 = PCURVE('',#5838,#6064);
#6064 = DEFINITIONAL_REPRESENTATION('',(#6065),#6069);
#6065 = LINE('',#6066,#6067);
#6066 = CARTESIAN_POINT('',(430.,0.));
#6067 = VECTOR('',#6068,1.);
#6068 = DIRECTION('',(0.,1.));
#6069 = ( GEOMETRIC_REPRESENTATION_CONTEXT(2) 
PARAMETRIC_REPRESENTATION_CONTEXT() REPRESENTATION_CONTEXT('2D SPACE',''
  ) );
#6070 = PCURVE('',#5920,#6071);
#6071 = DEFINITIONAL_REPRESENTATION('',(#6072),#6076);
#6072 = LINE('',#6073,#6074);
#6073 = CARTESIAN_POINT('',(0.,0.));
#6074 = VECTOR('',#6075,1.);
#6075 = DIRECTION('',(1.,0.));
#6076 = ( GEOMETRIC_REPRESENTATION_CONTEXT(2) 
PARAMETRIC_REPRESENTATION_CONTEXT() REPRESENTATION_CONTEXT('2D SPACE',''
  ) );
#6077 = ORIENTED_EDGE('',*,*,#5935,.F.);
#6078 = ADVANCED_FACE('',(#6079),#5894,.T.);
#6079 = FACE_BOUND('',#6080,.T.);
#6080 = EDGE_LOOP('',(#6081,#6102,#6103,#6124));
#6081 = ORIENTED_EDGE('',*,*,#6082,.F.);
#6082 = EDGE_CURVE('',#5851,#5966,#6083,.T.);
#6083 = SURFACE_CURVE('',#6084,(#6088,#6095),.PCURVE_S1.);
#6084 = LINE('',#6085,#6086);
#6085 = CARTESIAN_POINT('',(-180.,95.,-215.));
#6086 = VECTOR('',#6087,1.);
#6087 = DIRECTION('',(1.,0.,-0.));
#6088 = PCURVE('',#5894,#6089);
#6089 = DEFINITIONAL_REPRESENTATION('',(#6090),#6094);
#6090 = LINE('',#6091,#6092);
#6091 = CARTESIAN_POINT('',(0.,0.));
#6092 = VECTOR('',#6093,1.);
#6093 = DIRECTION('',(0.,1.));
#6094 = ( GEOMETRIC_REPRESENTATION_CONTEXT(2) 
PARAMETRIC_REPRESENTATION_CONTEXT() REPRESENTATION_CONTEXT('2D SPACE',''
  ) );
#6095 = PCURVE('',#5866,#6096);
#6096 = DEFINITIONAL_REPRESENTATION('',(#6097),#6101);
#6097 = LINE('',#6098,#6099);
#6098 = CARTESIAN_POINT('',(0.,190.));
#6099 = VECTOR('',#6100,1.);
#6100 = DIRECTION('',(1.,0.));
#6101 = ( GEOMETRIC_REPRESENTATION_CONTEXT(2) 
PARAMETRIC_REPRESENTATION_CONTEXT() REPRESENTATION_CONTEXT('2D SPACE',''
  ) );
#6102 = ORIENTED_EDGE('',*,*,#5878,.T.);
#6103 = ORIENTED_EDGE('',*,*,#6104,.T.);
#6104 = EDGE_CURVE('',#5879,#5989,#6105,.T.);
#6105 = SURFACE_CURVE('',#6106,(#6110,#6117),.PCURVE_S1.);
#6106 = LINE('',#6107,#6108);
#6107 = CARTESIAN_POINT('',(-180.,95.,215.));
#6108 = VECTOR('',#6109,1.);
#6109 = DIRECTION('',(1.,0.,-0.));
#6110 = PCURVE('',#5894,#6111);
#6111 = DEFINITIONAL_REPRESENTATION('',(#6112),#6116);
#6112 = LINE('',#6113,#6114);
#6113 = CARTESIAN_POINT('',(430.,0.));
#6114 = VECTOR('',#6115,1.);
#6115 = DIRECTION('',(0.,1.));
#6116 = ( GEOMETRIC_REPRESENTATION_CONTEXT(2) 
PARAMETRIC_REPRESENTATION_CONTEXT() REPRESENTATION_CONTEXT('2D SPACE',''
  ) );
#6117 = PCURVE('',#5920,#6118);
#6118 = DEFINITIONAL_REPRESENTATION('',(#6119),#6123);
#6119 = LINE('',#6120,#6121);
#6120 = CARTESIAN_POINT('',(0.,190.));
#6121 = VECTOR('',#6122,1.);
#6122 = DIRECTION('',(1.,0.));
#6123 = ( GEOMETRIC_REPRESENTATION_CONTEXT(2) 
PARAMETRIC_REPRESENTATION_CONTEXT() REPRESENTATION_CONTEXT('2D SPACE',''
  ) );
#6124 = ORIENTED_EDGE('',*,*,#5988,.F.);
#6125 = ADVANCED_FACE('',(#6126),#5866,.F.);
#6126 = FACE_BOUND('',#6127,.F.);
#6127 = EDGE_LOOP('',(#6128,#6129,#6130,#6131));
#6128 = ORIENTED_EDGE('',*,*,#5850,.F.);
#6129 = ORIENTED_EDGE('',*,*,#6035,.T.);
#6130 = ORIENTED_EDGE('',*,*,#5965,.T.);
#6131 = ORIENTED_EDGE('',*,*,#6082,.F.);
#6132 = ADVANCED_FACE('',(#6133),#5920,.T.);
#6133 = FACE_BOUND('',#6134,.T.);
#6134 = EDGE_LOOP('',(#6135,#6136,#6137,#6138));
#6135 = ORIENTED_EDGE('',*,*,#5906,.F.);
#6136 = ORIENTED_EDGE('',*,*,#6057,.T.);
#6137 = ORIENTED_EDGE('',*,*,#6011,.T.);
#6138 = ORIENTED_EDGE('',*,*,#6104,.F.);
#6139 = ( GEOMETRIC_REPRESENTATION_CONTEXT(3) 
GLOBAL_UNCERTAINTY_ASSIGNED_CONTEXT((#6143)) 
GLOBAL_UNIT_ASSIGNED_CONTEXT((#6140,#6141,#6142)) REPRESENTATION_CONTEXT
('Context #1','3D Context with UNIT and UNCERTAINTY') );
#6140 = ( LENGTH_UNIT() NAMED_UNIT(*) SI_UNIT(.MILLI.,.METRE.) );
#6141 = ( NAMED_UNIT(*) PLANE_ANGLE_UNIT() SI_UNIT($,.RADIAN.) );
#6142 = ( NAMED_UNIT(*) SI_UNIT($,.STERADIAN.) SOLID_ANGLE_UNIT() );
#6143 = UNCERTAINTY_MEASURE_WITH_UNIT(LENGTH_MEASURE(1.E-07),#6140,
  'distance_accuracy_value','confusion accuracy');
#6144 = CONTEXT_DEPENDENT_SHAPE_REPRESENTATION(#6145,#6147);
#6145 = ( REPRESENTATION_RELATIONSHIP('','',#5808,#10) 
REPRESENTATION_RELATIONSHIP_WITH_TRANSFORMATION(#6146) 
SHAPE_REPRESENTATION_RELATIONSHIP() );
#6146 = ITEM_DEFINED_TRANSFORMATION('','',#11,#79);
#6147 = PRODUCT_DEFINITION_SHAPE('Placement','Placement of an item',
  #6148);
#6148 = NEXT_ASSEMBLY_USAGE_OCCURRENCE('17','=>[0:1:1:18]','',#5,#5803,$
  );
#6149 = PRODUCT_RELATED_PRODUCT_CATEGORY('part',$,(#5805));
#6150 = SHAPE_DEFINITION_REPRESENTATION(#6151,#6157);
#6151 = PRODUCT_DEFINITION_SHAPE('','',#6152);
#6152 = PRODUCT_DEFINITION('design','',#6153,#6156);
#6153 = PRODUCT_DEFINITION_FORMATION('','',#6154);
#6154 = PRODUCT('COMPOUND','COMPOUND','',(#6155));
#6155 = PRODUCT_CONTEXT('',#2,'mechanical');
#6156 = PRODUCT_DEFINITION_CONTEXT('part definition',#2,'design');
#6157 = ADVANCED_BREP_SHAPE_REPRESENTATION('',(#11,#6158),#6488);
#6158 = MANIFOLD_SOLID_BREP('',#6159);
#6159 = CLOSED_SHELL('',(#6160,#6280,#6380,#6427,#6474,#6481));
#6160 = ADVANCED_FACE('',(#6161),#6175,.F.);
#6161 = FACE_BOUND('',#6162,.F.);
#6162 = EDGE_LOOP('',(#6163,#6198,#6226,#6254));
#6163 = ORIENTED_EDGE('',*,*,#6164,.F.);
#6164 = EDGE_CURVE('',#6165,#6167,#6169,.T.);
#6165 = VERTEX_POINT('',#6166);
#6166 = CARTESIAN_POINT('',(-750.,-75.,-150.));
#6167 = VERTEX_POINT('',#6168);
#6168 = CARTESIAN_POINT('',(-750.,-75.,150.));
#6169 = SURFACE_CURVE('',#6170,(#6174,#6186),.PCURVE_S1.);
#6170 = LINE('',#6171,#6172);
#6171 = CARTESIAN_POINT('',(-750.,-75.,-150.));
#6172 = VECTOR('',#6173,1.);
#6173 = DIRECTION('',(0.,0.,1.));
#6174 = PCURVE('',#6175,#6180);
#6175 = PLANE('',#6176);
#6176 = AXIS2_PLACEMENT_3D('',#6177,#6178,#6179);
#6177 = CARTESIAN_POINT('',(-750.,-75.,-150.));
#6178 = DIRECTION('',(1.,0.,-0.));
#6179 = DIRECTION('',(0.,0.,1.));
#6180 = DEFINITIONAL_REPRESENTATION('',(#6181),#6185);
#6181 = LINE('',#6182,#6183);
#6182 = CARTESIAN_POINT('',(0.,0.));
#6183 = VECTOR('',#6184,1.);
#6184 = DIRECTION('',(1.,0.));
#6185 = ( GEOMETRIC_REPRESENTATION_CONTEXT(2) 
PARAMETRIC_REPRESENTATION_CONTEXT() REPRESENTATION_CONTEXT('2D SPACE',''
  ) );
#6186 = PCURVE('',#6187,#6192);
#6187 = PLANE('',#6188);
#6188 = AXIS2_PLACEMENT_3D('',#6189,#6190,#6191);
#6189 = CARTESIAN_POINT('',(-750.,-75.,-150.));
#6190 = DIRECTION('',(-0.,1.,0.));
#6191 = DIRECTION('',(0.,0.,1.));
#6192 = DEFINITIONAL_REPRESENTATION('',(#6193),#6197);
#6193 = LINE('',#6194,#6195);
#6194 = CARTESIAN_POINT('',(0.,0.));
#6195 = VECTOR('',#6196,1.);
#6196 = DIRECTION('',(1.,0.));
#6197 = ( GEOMETRIC_REPRESENTATION_CONTEXT(2) 
PARAMETRIC_REPRESENTATION_CONTEXT() REPRESENTATION_CONTEXT('2D SPACE',''
  ) );
#6198 = ORIENTED_EDGE('',*,*,#6199,.T.);
#6199 = EDGE_CURVE('',#6165,#6200,#6202,.T.);
#6200 = VERTEX_POINT('',#6201);
#6201 = CARTESIAN_POINT('',(-750.,75.,-150.));
#6202 = SURFACE_CURVE('',#6203,(#6207,#6214),.PCURVE_S1.);
#6203 = LINE('',#6204,#6205);
#6204 = CARTESIAN_POINT('',(-750.,-75.,-150.));
#6205 = VECTOR('',#6206,1.);
#6206 = DIRECTION('',(-0.,1.,0.));
#6207 = PCURVE('',#6175,#6208);
#6208 = DEFINITIONAL_REPRESENTATION('',(#6209),#6213);
#6209 = LINE('',#6210,#6211);
#6210 = CARTESIAN_POINT('',(0.,0.));
#6211 = VECTOR('',#6212,1.);
#6212 = DIRECTION('',(0.,-1.));
#6213 = ( GEOMETRIC_REPRESENTATION_CONTEXT(2) 
PARAMETRIC_REPRESENTATION_CONTEXT() REPRESENTATION_CONTEXT('2D SPACE',''
  ) );
#6214 = PCURVE('',#6215,#6220);
#6215 = PLANE('',#6216);
#6216 = AXIS2_PLACEMENT_3D('',#6217,#6218,#6219);
#6217 = CARTESIAN_POINT('',(-750.,-75.,-150.));
#6218 = DIRECTION('',(0.,0.,1.));
#6219 = DIRECTION('',(1.,0.,-0.));
#6220 = DEFINITIONAL_REPRESENTATION('',(#6221),#6225);
#6221 = LINE('',#6222,#6223);
#6222 = CARTESIAN_POINT('',(0.,0.));
#6223 = VECTOR('',#6224,1.);
#6224 = DIRECTION('',(0.,1.));
#6225 = ( GEOMETRIC_REPRESENTATION_CONTEXT(2) 
PARAMETRIC_REPRESENTATION_CONTEXT() REPRESENTATION_CONTEXT('2D SPACE',''
  ) );
#6226 = ORIENTED_EDGE('',*,*,#6227,.T.);
#6227 = EDGE_CURVE('',#6200,#6228,#6230,.T.);
#6228 = VERTEX_POINT('',#6229);
#6229 = CARTESIAN_POINT('',(-750.,75.,150.));
#6230 = SURFACE_CURVE('',#6231,(#6235,#6242),.PCURVE_S1.);
#6231 = LINE('',#6232,#6233);
#6232 = CARTESIAN_POINT('',(-750.,75.,-150.));
#6233 = VECTOR('',#6234,1.);
#6234 = DIRECTION('',(0.,0.,1.));
#6235 = PCURVE('',#6175,#6236);
#6236 = DEFINITIONAL_REPRESENTATION('',(#6237),#6241);
#6237 = LINE('',#6238,#6239);
#6238 = CARTESIAN_POINT('',(0.,-150.));
#6239 = VECTOR('',#6240,1.);
#6240 = DIRECTION('',(1.,0.));
#6241 = ( GEOMETRIC_REPRESENTATION_CONTEXT(2) 
PARAMETRIC_REPRESENTATION_CONTEXT() REPRESENTATION_CONTEXT('2D SPACE',''
  ) );
#6242 = PCURVE('',#6243,#6248);
#6243 = PLANE('',#6244);
#6244 = AXIS2_PLACEMENT_3D('',#6245,#6246,#6247);
#6245 = CARTESIAN_POINT('',(-750.,75.,-150.));
#6246 = DIRECTION('',(-0.,1.,0.));
#6247 = DIRECTION('',(0.,0.,1.));
#6248 = DEFINITIONAL_REPRESENTATION('',(#6249),#6253);
#6249 = LINE('',#6250,#6251);
#6250 = CARTESIAN_POINT('',(0.,0.));
#6251 = VECTOR('',#6252,1.);
#6252 = DIRECTION('',(1.,0.));
#6253 = ( GEOMETRIC_REPRESENTATION_CONTEXT(2) 
PARAMETRIC_REPRESENTATION_CONTEXT() REPRESENTATION_CONTEXT('2D SPACE',''
  ) );
#6254 = ORIENTED_EDGE('',*,*,#6255,.F.);
#6255 = EDGE_CURVE('',#6167,#6228,#6256,.T.);
#6256 = SURFACE_CURVE('',#6257,(#6261,#6268),.PCURVE_S1.);
#6257 = LINE('',#6258,#6259);
#6258 = CARTESIAN_POINT('',(-750.,-75.,150.));
#6259 = VECTOR('',#6260,1.);
#6260 = DIRECTION('',(-0.,1.,0.));
#6261 = PCURVE('',#6175,#6262);
#6262 = DEFINITIONAL_REPRESENTATION('',(#6263),#6267);
#6263 = LINE('',#6264,#6265);
#6264 = CARTESIAN_POINT('',(300.,0.));
#6265 = VECTOR('',#6266,1.);
#6266 = DIRECTION('',(0.,-1.));
#6267 = ( GEOMETRIC_REPRESENTATION_CONTEXT(2) 
PARAMETRIC_REPRESENTATION_CONTEXT() REPRESENTATION_CONTEXT('2D SPACE',''
  ) );
#6268 = PCURVE('',#6269,#6274);
#6269 = PLANE('',#6270);
#6270 = AXIS2_PLACEMENT_3D('',#6271,#6272,#6273);
#6271 = CARTESIAN_POINT('',(-750.,-75.,150.));
#6272 = DIRECTION('',(0.,0.,1.));
#6273 = DIRECTION('',(1.,0.,-0.));
#6274 = DEFINITIONAL_REPRESENTATION('',(#6275),#6279);
#6275 = LINE('',#6276,#6277);
#6276 = CARTESIAN_POINT('',(0.,0.));
#6277 = VECTOR('',#6278,1.);
#6278 = DIRECTION('',(0.,1.));
#6279 = ( GEOMETRIC_REPRESENTATION_CONTEXT(2) 
PARAMETRIC_REPRESENTATION_CONTEXT() REPRESENTATION_CONTEXT('2D SPACE',''
  ) );
#6280 = ADVANCED_FACE('',(#6281),#6295,.T.);
#6281 = FACE_BOUND('',#6282,.T.);
#6282 = EDGE_LOOP('',(#6283,#6313,#6336,#6359));
#6283 = ORIENTED_EDGE('',*,*,#6284,.F.);
#6284 = EDGE_CURVE('',#6285,#6287,#6289,.T.);
#6285 = VERTEX_POINT('',#6286);
#6286 = CARTESIAN_POINT('',(750.,-75.,-150.));
#6287 = VERTEX_POINT('',#6288);
#6288 = CARTESIAN_POINT('',(750.,-75.,150.));
#6289 = SURFACE_CURVE('',#6290,(#6294,#6306),.PCURVE_S1.);
#6290 = LINE('',#6291,#6292);
#6291 = CARTESIAN_POINT('',(750.,-75.,-150.));
#6292 = VECTOR('',#6293,1.);
#6293 = DIRECTION('',(0.,0.,1.));
#6294 = PCURVE('',#6295,#6300);
#6295 = PLANE('',#6296);
#6296 = AXIS2_PLACEMENT_3D('',#6297,#6298,#6299);
#6297 = CARTESIAN_POINT('',(750.,-75.,-150.));
#6298 = DIRECTION('',(1.,0.,-0.));
#6299 = DIRECTION('',(0.,0.,1.));
#6300 = DEFINITIONAL_REPRESENTATION('',(#6301),#6305);
#6301 = LINE('',#6302,#6303);
#6302 = CARTESIAN_POINT('',(0.,0.));
#6303 = VECTOR('',#6304,1.);
#6304 = DIRECTION('',(1.,0.));
#6305 = ( GEOMETRIC_REPRESENTATION_CONTEXT(2) 
PARAMETRIC_REPRESENTATION_CONTEXT() REPRESENTATION_CONTEXT('2D SPACE',''
  ) );
#6306 = PCURVE('',#6187,#6307);
#6307 = DEFINITIONAL_REPRESENTATION('',(#6308),#6312);
#6308 = LINE('',#6309,#6310);
#6309 = CARTESIAN_POINT('',(0.,1.5E+03));
#6310 = VECTOR('',#6311,1.);
#6311 = DIRECTION('',(1.,0.));
#6312 = ( GEOMETRIC_REPRESENTATION_CONTEXT(2) 
PARAMETRIC_REPRESENTATION_CONTEXT() REPRESENTATION_CONTEXT('2D SPACE',''
  ) );
#6313 = ORIENTED_EDGE('',*,*,#6314,.T.);
#6314 = EDGE_CURVE('',#6285,#6315,#6317,.T.);
#6315 = VERTEX_POINT('',#6316);
#6316 = CARTESIAN_POINT('',(750.,75.,-150.));
#6317 = SURFACE_CURVE('',#6318,(#6322,#6329),.PCURVE_S1.);
#6318 = LINE('',#6319,#6320);
#6319 = CARTESIAN_POINT('',(750.,-75.,-150.));
#6320 = VECTOR('',#6321,1.);
#6321 = DIRECTION('',(-0.,1.,0.));
#6322 = PCURVE('',#6295,#6323);
#6323 = DEFINITIONAL_REPRESENTATION('',(#6324),#6328);
#6324 = LINE('',#6325,#6326);
#6325 = CARTESIAN_POINT('',(0.,0.));
#6326 = VECTOR('',#6327,1.);
#6327 = DIRECTION('',(0.,-1.));
#6328 = ( GEOMETRIC_REPRESENTATION_CONTEXT(2) 
PARAMETRIC_REPRESENTATION_CONTEXT() REPRESENTATION_CONTEXT('2D SPACE',''
  ) );
#6329 = PCURVE('',#6215,#6330);
#6330 = DEFINITIONAL_REPRESENTATION('',(#6331),#6335);
#6331 = LINE('',#6332,#6333);
#6332 = CARTESIAN_POINT('',(1.5E+03,0.));
#6333 = VECTOR('',#6334,1.);
#6334 = DIRECTION('',(0.,1.));
#6335 = ( GEOMETRIC_REPRESENTATION_CONTEXT(2) 
PARAMETRIC_REPRESENTATION_CONTEXT() REPRESENTATION_CONTEXT('2D SPACE',''
  ) );
#6336 = ORIENTED_EDGE('',*,*,#6337,.T.);
#6337 = EDGE_CURVE('',#6315,#6338,#6340,.T.);
#6338 = VERTEX_POINT('',#6339);
#6339 = CARTESIAN_POINT('',(750.,75.,150.));
#6340 = SURFACE_CURVE('',#6341,(#6345,#6352),.PCURVE_S1.);
#6341 = LINE('',#6342,#6343);
#6342 = CARTESIAN_POINT('',(750.,75.,-150.));
#6343 = VECTOR('',#6344,1.);
#6344 = DIRECTION('',(0.,0.,1.));
#6345 = PCURVE('',#6295,#6346);
#6346 = DEFINITIONAL_REPRESENTATION('',(#6347),#6351);
#6347 = LINE('',#6348,#6349);
#6348 = CARTESIAN_POINT('',(0.,-150.));
#6349 = VECTOR('',#6350,1.);
#6350 = DIRECTION('',(1.,0.));
#6351 = ( GEOMETRIC_REPRESENTATION_CONTEXT(2) 
PARAMETRIC_REPRESENTATION_CONTEXT() REPRESENTATION_CONTEXT('2D SPACE',''
  ) );
#6352 = PCURVE('',#6243,#6353);
#6353 = DEFINITIONAL_REPRESENTATION('',(#6354),#6358);
#6354 = LINE('',#6355,#6356);
#6355 = CARTESIAN_POINT('',(0.,1.5E+03));
#6356 = VECTOR('',#6357,1.);
#6357 = DIRECTION('',(1.,0.));
#6358 = ( GEOMETRIC_REPRESENTATION_CONTEXT(2) 
PARAMETRIC_REPRESENTATION_CONTEXT() REPRESENTATION_CONTEXT('2D SPACE',''
  ) );
#6359 = ORIENTED_EDGE('',*,*,#6360,.F.);
#6360 = EDGE_CURVE('',#6287,#6338,#6361,.T.);
#6361 = SURFACE_CURVE('',#6362,(#6366,#6373),.PCURVE_S1.);
#6362 = LINE('',#6363,#6364);
#6363 = CARTESIAN_POINT('',(750.,-75.,150.));
#6364 = VECTOR('',#6365,1.);
#6365 = DIRECTION('',(-0.,1.,0.));
#6366 = PCURVE('',#6295,#6367);
#6367 = DEFINITIONAL_REPRESENTATION('',(#6368),#6372);
#6368 = LINE('',#6369,#6370);
#6369 = CARTESIAN_POINT('',(300.,0.));
#6370 = VECTOR('',#6371,1.);
#6371 = DIRECTION('',(0.,-1.));
#6372 = ( GEOMETRIC_REPRESENTATION_CONTEXT(2) 
PARAMETRIC_REPRESENTATION_CONTEXT() REPRESENTATION_CONTEXT('2D SPACE',''
  ) );
#6373 = PCURVE('',#6269,#6374);
#6374 = DEFINITIONAL_REPRESENTATION('',(#6375),#6379);
#6375 = LINE('',#6376,#6377);
#6376 = CARTESIAN_POINT('',(1.5E+03,0.));
#6377 = VECTOR('',#6378,1.);
#6378 = DIRECTION('',(0.,1.));
#6379 = ( GEOMETRIC_REPRESENTATION_CONTEXT(2) 
PARAMETRIC_REPRESENTATION_CONTEXT() REPRESENTATION_CONTEXT('2D SPACE',''
  ) );
#6380 = ADVANCED_FACE('',(#6381),#6187,.F.);
#6381 = FACE_BOUND('',#6382,.F.);
#6382 = EDGE_LOOP('',(#6383,#6404,#6405,#6426));
#6383 = ORIENTED_EDGE('',*,*,#6384,.F.);
#6384 = EDGE_CURVE('',#6165,#6285,#6385,.T.);
#6385 = SURFACE_CURVE('',#6386,(#6390,#6397),.PCURVE_S1.);
#6386 = LINE('',#6387,#6388);
#6387 = CARTESIAN_POINT('',(-750.,-75.,-150.));
#6388 = VECTOR('',#6389,1.);
#6389 = DIRECTION('',(1.,0.,-0.));
#6390 = PCURVE('',#6187,#6391);
#6391 = DEFINITIONAL_REPRESENTATION('',(#6392),#6396);
#6392 = LINE('',#6393,#6394);
#6393 = CARTESIAN_POINT('',(0.,0.));
#6394 = VECTOR('',#6395,1.);
#6395 = DIRECTION('',(0.,1.));
#6396 = ( GEOMETRIC_REPRESENTATION_CONTEXT(2) 
PARAMETRIC_REPRESENTATION_CONTEXT() REPRESENTATION_CONTEXT('2D SPACE',''
  ) );
#6397 = PCURVE('',#6215,#6398);
#6398 = DEFINITIONAL_REPRESENTATION('',(#6399),#6403);
#6399 = LINE('',#6400,#6401);
#6400 = CARTESIAN_POINT('',(0.,0.));
#6401 = VECTOR('',#6402,1.);
#6402 = DIRECTION('',(1.,0.));
#6403 = ( GEOMETRIC_REPRESENTATION_CONTEXT(2) 
PARAMETRIC_REPRESENTATION_CONTEXT() REPRESENTATION_CONTEXT('2D SPACE',''
  ) );
#6404 = ORIENTED_EDGE('',*,*,#6164,.T.);
#6405 = ORIENTED_EDGE('',*,*,#6406,.T.);
#6406 = EDGE_CURVE('',#6167,#6287,#6407,.T.);
#6407 = SURFACE_CURVE('',#6408,(#6412,#6419),.PCURVE_S1.);
#6408 = LINE('',#6409,#6410);
#6409 = CARTESIAN_POINT('',(-750.,-75.,150.));
#6410 = VECTOR('',#6411,1.);
#6411 = DIRECTION('',(1.,0.,-0.));
#6412 = PCURVE('',#6187,#6413);
#6413 = DEFINITIONAL_REPRESENTATION('',(#6414),#6418);
#6414 = LINE('',#6415,#6416);
#6415 = CARTESIAN_POINT('',(300.,0.));
#6416 = VECTOR('',#6417,1.);
#6417 = DIRECTION('',(0.,1.));
#6418 = ( GEOMETRIC_REPRESENTATION_CONTEXT(2) 
PARAMETRIC_REPRESENTATION_CONTEXT() REPRESENTATION_CONTEXT('2D SPACE',''
  ) );
#6419 = PCURVE('',#6269,#6420);
#6420 = DEFINITIONAL_REPRESENTATION('',(#6421),#6425);
#6421 = LINE('',#6422,#6423);
#6422 = CARTESIAN_POINT('',(0.,0.));
#6423 = VECTOR('',#6424,1.);
#6424 = DIRECTION('',(1.,0.));
#6425 = ( GEOMETRIC_REPRESENTATION_CONTEXT(2) 
PARAMETRIC_REPRESENTATION_CONTEXT() REPRESENTATION_CONTEXT('2D SPACE',''
  ) );
#6426 = ORIENTED_EDGE('',*,*,#6284,.F.);
#6427 = ADVANCED_FACE('',(#6428),#6243,.T.);
#6428 = FACE_BOUND('',#6429,.T.);
#6429 = EDGE_LOOP('',(#6430,#6451,#6452,#6473));
#6430 = ORIENTED_EDGE('',*,*,#6431,.F.);
#6431 = EDGE_CURVE('',#6200,#6315,#6432,.T.);
#6432 = SURFACE_CURVE('',#6433,(#6437,#6444),.PCURVE_S1.);
#6433 = LINE('',#6434,#6435);
#6434 = CARTESIAN_POINT('',(-750.,75.,-150.));
#6435 = VECTOR('',#6436,1.);
#6436 = DIRECTION('',(1.,0.,-0.));
#6437 = PCURVE('',#6243,#6438);
#6438 = DEFINITIONAL_REPRESENTATION('',(#6439),#6443);
#6439 = LINE('',#6440,#6441);
#6440 = CARTESIAN_POINT('',(0.,0.));
#6441 = VECTOR('',#6442,1.);
#6442 = DIRECTION('',(0.,1.));
#6443 = ( GEOMETRIC_REPRESENTATION_CONTEXT(2) 
PARAMETRIC_REPRESENTATION_CONTEXT() REPRESENTATION_CONTEXT('2D SPACE',''
  ) );
#6444 = PCURVE('',#6215,#6445);
#6445 = DEFINITIONAL_REPRESENTATION('',(#6446),#6450);
#6446 = LINE('',#6447,#6448);
#6447 = CARTESIAN_POINT('',(0.,150.));
#6448 = VECTOR('',#6449,1.);
#6449 = DIRECTION('',(1.,0.));
#6450 = ( GEOMETRIC_REPRESENTATION_CONTEXT(2) 
PARAMETRIC_REPRESENTATION_CONTEXT() REPRESENTATION_CONTEXT('2D SPACE',''
  ) );
#6451 = ORIENTED_EDGE('',*,*,#6227,.T.);
#6452 = ORIENTED_EDGE('',*,*,#6453,.T.);
#6453 = EDGE_CURVE('',#6228,#6338,#6454,.T.);
#6454 = SURFACE_CURVE('',#6455,(#6459,#6466),.PCURVE_S1.);
#6455 = LINE('',#6456,#6457);
#6456 = CARTESIAN_POINT('',(-750.,75.,150.));
#6457 = VECTOR('',#6458,1.);
#6458 = DIRECTION('',(1.,0.,-0.));
#6459 = PCURVE('',#6243,#6460);
#6460 = DEFINITIONAL_REPRESENTATION('',(#6461),#6465);
#6461 = LINE('',#6462,#6463);
#6462 = CARTESIAN_POINT('',(300.,0.));
#6463 = VECTOR('',#6464,1.);
#6464 = DIRECTION('',(0.,1.));
#6465 = ( GEOMETRIC_REPRESENTATION_CONTEXT(2) 
PARAMETRIC_REPRESENTATION_CONTEXT() REPRESENTATION_CONTEXT('2D SPACE',''
  ) );
#6466 = PCURVE('',#6269,#6467);
#6467 = DEFINITIONAL_REPRESENTATION('',(#6468),#6472);
#6468 = LINE('',#6469,#6470);
#6469 = CARTESIAN_POINT('',(0.,150.));
#6470 = VECTOR('',#6471,1.);
#6471 = DIRECTION('',(1.,0.));
#6472 = ( GEOMETRIC_REPRESENTATION_CONTEXT(2) 
PARAMETRIC_REPRESENTATION_CONTEXT() REPRESENTATION_CONTEXT('2D SPACE',''
  ) );
#6473 = ORIENTED_EDGE('',*,*,#6337,.F.);
#6474 = ADVANCED_FACE('',(#6475),#6215,.F.);
#6475 = FACE_BOUND('',#6476,.F.);
#6476 = EDGE_LOOP('',(#6477,#6478,#6479,#6480));
#6477 = ORIENTED_EDGE('',*,*,#6199,.F.);
#6478 = ORIENTED_EDGE('',*,*,#6384,.T.);
#6479 = ORIENTED_EDGE('',*,*,#6314,.T.);
#6480 = ORIENTED_EDGE('',*,*,#6431,.F.);
#6481 = ADVANCED_FACE('',(#6482),#6269,.T.);
#6482 = FACE_BOUND('',#6483,.T.);
#6483 = EDGE_LOOP('',(#6484,#6485,#6486,#6487));
#6484 = ORIENTED_EDGE('',*,*,#6255,.F.);
#6485 = ORIENTED_EDGE('',*,*,#6406,.T.);
#6486 = ORIENTED_EDGE('',*,*,#6360,.T.);
#6487 = ORIENTED_EDGE('',*,*,#6453,.F.);
#6488 = ( GEOMETRIC_REPRESENTATION_CONTEXT(3) 
GLOBAL_UNCERTAINTY_ASSIGNED_CONTEXT((#6492)) 
GLOBAL_UNIT_ASSIGNED_CONTEXT((#6489,#6490,#6491)) REPRESENTATION_CONTEXT
('Context #1','3D Context with UNIT and UNCERTAINTY') );
#6489 = ( LENGTH_UNIT() NAMED_UNIT(*) SI_UNIT(.MILLI.,.METRE.) );
#6490 = ( NAMED_UNIT(*) PLANE_ANGLE_UNIT() SI_UNIT($,.RADIAN.) );
#6491 = ( NAMED_UNIT(*) SI_UNIT($,.STERADIAN.) SOLID_ANGLE_UNIT() );
#6492 = UNCERTAINTY_MEASURE_WITH_UNIT(LENGTH_MEASURE(1.E-07),#6489,
  'distance_accuracy_value','confusion accuracy');
#6493 = CONTEXT_DEPENDENT_SHAPE_REPRESENTATION(#6494,#6496);
#6494 = ( REPRESENTATION_RELATIONSHIP('','',#6157,#10) 
REPRESENTATION_RELATIONSHIP_WITH_TRANSFORMATION(#6495) 
SHAPE_REPRESENTATION_RELATIONSHIP() );
#6495 = ITEM_DEFINED_TRANSFORMATION('','',#11,#83);
#6496 = PRODUCT_DEFINITION_SHAPE('Placement','Placement of an item',
  #6497);
#6497 = NEXT_ASSEMBLY_USAGE_OCCURRENCE('18','=>[0:1:1:19]','',#5,#6152,$
  );
#6498 = PRODUCT_RELATED_PRODUCT_CATEGORY('part',$,(#6154));
#6499 = SHAPE_DEFINITION_REPRESENTATION(#6500,#6506);
#6500 = PRODUCT_DEFINITION_SHAPE('','',#6501);
#6501 = PRODUCT_DEFINITION('design','',#6502,#6505);
#6502 = PRODUCT_DEFINITION_FORMATION('','',#6503);
#6503 = PRODUCT('COMPOUND','COMPOUND','',(#6504));
#6504 = PRODUCT_CONTEXT('',#2,'mechanical');
#6505 = PRODUCT_DEFINITION_CONTEXT('part definition',#2,'design');
#6506 = ADVANCED_BREP_SHAPE_REPRESENTATION('',(#11,#6507),#6837);
#6507 = MANIFOLD_SOLID_BREP('',#6508);
#6508 = CLOSED_SHELL('',(#6509,#6629,#6729,#6776,#6823,#6830));
#6509 = ADVANCED_FACE('',(#6510),#6524,.F.);
#6510 = FACE_BOUND('',#6511,.F.);
#6511 = EDGE_LOOP('',(#6512,#6547,#6575,#6603));
#6512 = ORIENTED_EDGE('',*,*,#6513,.F.);
#6513 = EDGE_CURVE('',#6514,#6516,#6518,.T.);
#6514 = VERTEX_POINT('',#6515);
#6515 = CARTESIAN_POINT('',(0.,-36.,-36.));
#6516 = VERTEX_POINT('',#6517);
#6517 = CARTESIAN_POINT('',(0.,-36.,36.));
#6518 = SURFACE_CURVE('',#6519,(#6523,#6535),.PCURVE_S1.);
#6519 = LINE('',#6520,#6521);
#6520 = CARTESIAN_POINT('',(0.,-36.,-36.));
#6521 = VECTOR('',#6522,1.);
#6522 = DIRECTION('',(0.,0.,1.));
#6523 = PCURVE('',#6524,#6529);
#6524 = PLANE('',#6525);
#6525 = AXIS2_PLACEMENT_3D('',#6526,#6527,#6528);
#6526 = CARTESIAN_POINT('',(0.,-36.,-36.));
#6527 = DIRECTION('',(1.,0.,-0.));
#6528 = DIRECTION('',(0.,0.,1.));
#6529 = DEFINITIONAL_REPRESENTATION('',(#6530),#6534);
#6530 = LINE('',#6531,#6532);
#6531 = CARTESIAN_POINT('',(0.,0.));
#6532 = VECTOR('',#6533,1.);
#6533 = DIRECTION('',(1.,0.));
#6534 = ( GEOMETRIC_REPRESENTATION_CONTEXT(2) 
PARAMETRIC_REPRESENTATION_CONTEXT() REPRESENTATION_CONTEXT('2D SPACE',''
  ) );
#6535 = PCURVE('',#6536,#6541);
#6536 = PLANE('',#6537);
#6537 = AXIS2_PLACEMENT_3D('',#6538,#6539,#6540);
#6538 = CARTESIAN_POINT('',(0.,-36.,-36.));
#6539 = DIRECTION('',(-0.,1.,0.));
#6540 = DIRECTION('',(0.,0.,1.));
#6541 = DEFINITIONAL_REPRESENTATION('',(#6542),#6546);
#6542 = LINE('',#6543,#6544);
#6543 = CARTESIAN_POINT('',(0.,0.));
#6544 = VECTOR('',#6545,1.);
#6545 = DIRECTION('',(1.,0.));
#6546 = ( GEOMETRIC_REPRESENTATION_CONTEXT(2) 
PARAMETRIC_REPRESENTATION_CONTEXT() REPRESENTATION_CONTEXT('2D SPACE',''
  ) );
#6547 = ORIENTED_EDGE('',*,*,#6548,.T.);
#6548 = EDGE_CURVE('',#6514,#6549,#6551,.T.);
#6549 = VERTEX_POINT('',#6550);
#6550 = CARTESIAN_POINT('',(0.,36.,-36.));
#6551 = SURFACE_CURVE('',#6552,(#6556,#6563),.PCURVE_S1.);
#6552 = LINE('',#6553,#6554);
#6553 = CARTESIAN_POINT('',(0.,-36.,-36.));
#6554 = VECTOR('',#6555,1.);
#6555 = DIRECTION('',(-0.,1.,0.));
#6556 = PCURVE('',#6524,#6557);
#6557 = DEFINITIONAL_REPRESENTATION('',(#6558),#6562);
#6558 = LINE('',#6559,#6560);
#6559 = CARTESIAN_POINT('',(0.,0.));
#6560 = VECTOR('',#6561,1.);
#6561 = DIRECTION('',(0.,-1.));
#6562 = ( GEOMETRIC_REPRESENTATION_CONTEXT(2) 
PARAMETRIC_REPRESENTATION_CONTEXT() REPRESENTATION_CONTEXT('2D SPACE',''
  ) );
#6563 = PCURVE('',#6564,#6569);
#6564 = PLANE('',#6565);
#6565 = AXIS2_PLACEMENT_3D('',#6566,#6567,#6568);
#6566 = CARTESIAN_POINT('',(0.,-36.,-36.));
#6567 = DIRECTION('',(0.,0.,1.));
#6568 = DIRECTION('',(1.,0.,-0.));
#6569 = DEFINITIONAL_REPRESENTATION('',(#6570),#6574);
#6570 = LINE('',#6571,#6572);
#6571 = CARTESIAN_POINT('',(0.,0.));
#6572 = VECTOR('',#6573,1.);
#6573 = DIRECTION('',(0.,1.));
#6574 = ( GEOMETRIC_REPRESENTATION_CONTEXT(2) 
PARAMETRIC_REPRESENTATION_CONTEXT() REPRESENTATION_CONTEXT('2D SPACE',''
  ) );
#6575 = ORIENTED_EDGE('',*,*,#6576,.T.);
#6576 = EDGE_CURVE('',#6549,#6577,#6579,.T.);
#6577 = VERTEX_POINT('',#6578);
#6578 = CARTESIAN_POINT('',(0.,36.,36.));
#6579 = SURFACE_CURVE('',#6580,(#6584,#6591),.PCURVE_S1.);
#6580 = LINE('',#6581,#6582);
#6581 = CARTESIAN_POINT('',(0.,36.,-36.));
#6582 = VECTOR('',#6583,1.);
#6583 = DIRECTION('',(0.,0.,1.));
#6584 = PCURVE('',#6524,#6585);
#6585 = DEFINITIONAL_REPRESENTATION('',(#6586),#6590);
#6586 = LINE('',#6587,#6588);
#6587 = CARTESIAN_POINT('',(0.,-72.));
#6588 = VECTOR('',#6589,1.);
#6589 = DIRECTION('',(1.,0.));
#6590 = ( GEOMETRIC_REPRESENTATION_CONTEXT(2) 
PARAMETRIC_REPRESENTATION_CONTEXT() REPRESENTATION_CONTEXT('2D SPACE',''
  ) );
#6591 = PCURVE('',#6592,#6597);
#6592 = PLANE('',#6593);
#6593 = AXIS2_PLACEMENT_3D('',#6594,#6595,#6596);
#6594 = CARTESIAN_POINT('',(0.,36.,-36.));
#6595 = DIRECTION('',(-0.,1.,0.));
#6596 = DIRECTION('',(0.,0.,1.));
#6597 = DEFINITIONAL_REPRESENTATION('',(#6598),#6602);
#6598 = LINE('',#6599,#6600);
#6599 = CARTESIAN_POINT('',(0.,0.));
#6600 = VECTOR('',#6601,1.);
#6601 = DIRECTION('',(1.,0.));
#6602 = ( GEOMETRIC_REPRESENTATION_CONTEXT(2) 
PARAMETRIC_REPRESENTATION_CONTEXT() REPRESENTATION_CONTEXT('2D SPACE',''
  ) );
#6603 = ORIENTED_EDGE('',*,*,#6604,.F.);
#6604 = EDGE_CURVE('',#6516,#6577,#6605,.T.);
#6605 = SURFACE_CURVE('',#6606,(#6610,#6617),.PCURVE_S1.);
#6606 = LINE('',#6607,#6608);
#6607 = CARTESIAN_POINT('',(0.,-36.,36.));
#6608 = VECTOR('',#6609,1.);
#6609 = DIRECTION('',(-0.,1.,0.));
#6610 = PCURVE('',#6524,#6611);
#6611 = DEFINITIONAL_REPRESENTATION('',(#6612),#6616);
#6612 = LINE('',#6613,#6614);
#6613 = CARTESIAN_POINT('',(72.,0.));
#6614 = VECTOR('',#6615,1.);
#6615 = DIRECTION('',(0.,-1.));
#6616 = ( GEOMETRIC_REPRESENTATION_CONTEXT(2) 
PARAMETRIC_REPRESENTATION_CONTEXT() REPRESENTATION_CONTEXT('2D SPACE',''
  ) );
#6617 = PCURVE('',#6618,#6623);
#6618 = PLANE('',#6619);
#6619 = AXIS2_PLACEMENT_3D('',#6620,#6621,#6622);
#6620 = CARTESIAN_POINT('',(0.,-36.,36.));
#6621 = DIRECTION('',(0.,0.,1.));
#6622 = DIRECTION('',(1.,0.,-0.));
#6623 = DEFINITIONAL_REPRESENTATION('',(#6624),#6628);
#6624 = LINE('',#6625,#6626);
#6625 = CARTESIAN_POINT('',(0.,0.));
#6626 = VECTOR('',#6627,1.);
#6627 = DIRECTION('',(0.,1.));
#6628 = ( GEOMETRIC_REPRESENTATION_CONTEXT(2) 
PARAMETRIC_REPRESENTATION_CONTEXT() REPRESENTATION_CONTEXT('2D SPACE',''
  ) );
#6629 = ADVANCED_FACE('',(#6630),#6644,.T.);
#6630 = FACE_BOUND('',#6631,.T.);
#6631 = EDGE_LOOP('',(#6632,#6662,#6685,#6708));
#6632 = ORIENTED_EDGE('',*,*,#6633,.F.);
#6633 = EDGE_CURVE('',#6634,#6636,#6638,.T.);
#6634 = VERTEX_POINT('',#6635);
#6635 = CARTESIAN_POINT('',(1.100181803158E+03,-36.,-36.));
#6636 = VERTEX_POINT('',#6637);
#6637 = CARTESIAN_POINT('',(1.100181803158E+03,-36.,36.));
#6638 = SURFACE_CURVE('',#6639,(#6643,#6655),.PCURVE_S1.);
#6639 = LINE('',#6640,#6641);
#6640 = CARTESIAN_POINT('',(1.100181803158E+03,-36.,-36.));
#6641 = VECTOR('',#6642,1.);
#6642 = DIRECTION('',(0.,0.,1.));
#6643 = PCURVE('',#6644,#6649);
#6644 = PLANE('',#6645);
#6645 = AXIS2_PLACEMENT_3D('',#6646,#6647,#6648);
#6646 = CARTESIAN_POINT('',(1.100181803158E+03,-36.,-36.));
#6647 = DIRECTION('',(1.,0.,-0.));
#6648 = DIRECTION('',(0.,0.,1.));
#6649 = DEFINITIONAL_REPRESENTATION('',(#6650),#6654);
#6650 = LINE('',#6651,#6652);
#6651 = CARTESIAN_POINT('',(0.,0.));
#6652 = VECTOR('',#6653,1.);
#6653 = DIRECTION('',(1.,0.));
#6654 = ( GEOMETRIC_REPRESENTATION_CONTEXT(2) 
PARAMETRIC_REPRESENTATION_CONTEXT() REPRESENTATION_CONTEXT('2D SPACE',''
  ) );
#6655 = PCURVE('',#6536,#6656);
#6656 = DEFINITIONAL_REPRESENTATION('',(#6657),#6661);
#6657 = LINE('',#6658,#6659);
#6658 = CARTESIAN_POINT('',(0.,1.100181803158E+03));
#6659 = VECTOR('',#6660,1.);
#6660 = DIRECTION('',(1.,0.));
#6661 = ( GEOMETRIC_REPRESENTATION_CONTEXT(2) 
PARAMETRIC_REPRESENTATION_CONTEXT() REPRESENTATION_CONTEXT('2D SPACE',''
  ) );
#6662 = ORIENTED_EDGE('',*,*,#6663,.T.);
#6663 = EDGE_CURVE('',#6634,#6664,#6666,.T.);
#6664 = VERTEX_POINT('',#6665);
#6665 = CARTESIAN_POINT('',(1.100181803158E+03,36.,-36.));
#6666 = SURFACE_CURVE('',#6667,(#6671,#6678),.PCURVE_S1.);
#6667 = LINE('',#6668,#6669);
#6668 = CARTESIAN_POINT('',(1.100181803158E+03,-36.,-36.));
#6669 = VECTOR('',#6670,1.);
#6670 = DIRECTION('',(-0.,1.,0.));
#6671 = PCURVE('',#6644,#6672);
#6672 = DEFINITIONAL_REPRESENTATION('',(#6673),#6677);
#6673 = LINE('',#6674,#6675);
#6674 = CARTESIAN_POINT('',(0.,0.));
#6675 = VECTOR('',#6676,1.);
#6676 = DIRECTION('',(0.,-1.));
#6677 = ( GEOMETRIC_REPRESENTATION_CONTEXT(2) 
PARAMETRIC_REPRESENTATION_CONTEXT() REPRESENTATION_CONTEXT('2D SPACE',''
  ) );
#6678 = PCURVE('',#6564,#6679);
#6679 = DEFINITIONAL_REPRESENTATION('',(#6680),#6684);
#6680 = LINE('',#6681,#6682);
#6681 = CARTESIAN_POINT('',(1.100181803158E+03,0.));
#6682 = VECTOR('',#6683,1.);
#6683 = DIRECTION('',(0.,1.));
#6684 = ( GEOMETRIC_REPRESENTATION_CONTEXT(2) 
PARAMETRIC_REPRESENTATION_CONTEXT() REPRESENTATION_CONTEXT('2D SPACE',''
  ) );
#6685 = ORIENTED_EDGE('',*,*,#6686,.T.);
#6686 = EDGE_CURVE('',#6664,#6687,#6689,.T.);
#6687 = VERTEX_POINT('',#6688);
#6688 = CARTESIAN_POINT('',(1.100181803158E+03,36.,36.));
#6689 = SURFACE_CURVE('',#6690,(#6694,#6701),.PCURVE_S1.);
#6690 = LINE('',#6691,#6692);
#6691 = CARTESIAN_POINT('',(1.100181803158E+03,36.,-36.));
#6692 = VECTOR('',#6693,1.);
#6693 = DIRECTION('',(0.,0.,1.));
#6694 = PCURVE('',#6644,#6695);
#6695 = DEFINITIONAL_REPRESENTATION('',(#6696),#6700);
#6696 = LINE('',#6697,#6698);
#6697 = CARTESIAN_POINT('',(0.,-72.));
#6698 = VECTOR('',#6699,1.);
#6699 = DIRECTION('',(1.,0.));
#6700 = ( GEOMETRIC_REPRESENTATION_CONTEXT(2) 
PARAMETRIC_REPRESENTATION_CONTEXT() REPRESENTATION_CONTEXT('2D SPACE',''
  ) );
#6701 = PCURVE('',#6592,#6702);
#6702 = DEFINITIONAL_REPRESENTATION('',(#6703),#6707);
#6703 = LINE('',#6704,#6705);
#6704 = CARTESIAN_POINT('',(0.,1.100181803158E+03));
#6705 = VECTOR('',#6706,1.);
#6706 = DIRECTION('',(1.,0.));
#6707 = ( GEOMETRIC_REPRESENTATION_CONTEXT(2) 
PARAMETRIC_REPRESENTATION_CONTEXT() REPRESENTATION_CONTEXT('2D SPACE',''
  ) );
#6708 = ORIENTED_EDGE('',*,*,#6709,.F.);
#6709 = EDGE_CURVE('',#6636,#6687,#6710,.T.);
#6710 = SURFACE_CURVE('',#6711,(#6715,#6722),.PCURVE_S1.);
#6711 = LINE('',#6712,#6713);
#6712 = CARTESIAN_POINT('',(1.100181803158E+03,-36.,36.));
#6713 = VECTOR('',#6714,1.);
#6714 = DIRECTION('',(-0.,1.,0.));
#6715 = PCURVE('',#6644,#6716);
#6716 = DEFINITIONAL_REPRESENTATION('',(#6717),#6721);
#6717 = LINE('',#6718,#6719);
#6718 = CARTESIAN_POINT('',(72.,0.));
#6719 = VECTOR('',#6720,1.);
#6720 = DIRECTION('',(0.,-1.));
#6721 = ( GEOMETRIC_REPRESENTATION_CONTEXT(2) 
PARAMETRIC_REPRESENTATION_CONTEXT() REPRESENTATION_CONTEXT('2D SPACE',''
  ) );
#6722 = PCURVE('',#6618,#6723);
#6723 = DEFINITIONAL_REPRESENTATION('',(#6724),#6728);
#6724 = LINE('',#6725,#6726);
#6725 = CARTESIAN_POINT('',(1.100181803158E+03,0.));
#6726 = VECTOR('',#6727,1.);
#6727 = DIRECTION('',(0.,1.));
#6728 = ( GEOMETRIC_REPRESENTATION_CONTEXT(2) 
PARAMETRIC_REPRESENTATION_CONTEXT() REPRESENTATION_CONTEXT('2D SPACE',''
  ) );
#6729 = ADVANCED_FACE('',(#6730),#6536,.F.);
#6730 = FACE_BOUND('',#6731,.F.);
#6731 = EDGE_LOOP('',(#6732,#6753,#6754,#6775));
#6732 = ORIENTED_EDGE('',*,*,#6733,.F.);
#6733 = EDGE_CURVE('',#6514,#6634,#6734,.T.);
#6734 = SURFACE_CURVE('',#6735,(#6739,#6746),.PCURVE_S1.);
#6735 = LINE('',#6736,#6737);
#6736 = CARTESIAN_POINT('',(0.,-36.,-36.));
#6737 = VECTOR('',#6738,1.);
#6738 = DIRECTION('',(1.,0.,-0.));
#6739 = PCURVE('',#6536,#6740);
#6740 = DEFINITIONAL_REPRESENTATION('',(#6741),#6745);
#6741 = LINE('',#6742,#6743);
#6742 = CARTESIAN_POINT('',(0.,0.));
#6743 = VECTOR('',#6744,1.);
#6744 = DIRECTION('',(0.,1.));
#6745 = ( GEOMETRIC_REPRESENTATION_CONTEXT(2) 
PARAMETRIC_REPRESENTATION_CONTEXT() REPRESENTATION_CONTEXT('2D SPACE',''
  ) );
#6746 = PCURVE('',#6564,#6747);
#6747 = DEFINITIONAL_REPRESENTATION('',(#6748),#6752);
#6748 = LINE('',#6749,#6750);
#6749 = CARTESIAN_POINT('',(0.,0.));
#6750 = VECTOR('',#6751,1.);
#6751 = DIRECTION('',(1.,0.));
#6752 = ( GEOMETRIC_REPRESENTATION_CONTEXT(2) 
PARAMETRIC_REPRESENTATION_CONTEXT() REPRESENTATION_CONTEXT('2D SPACE',''
  ) );
#6753 = ORIENTED_EDGE('',*,*,#6513,.T.);
#6754 = ORIENTED_EDGE('',*,*,#6755,.T.);
#6755 = EDGE_CURVE('',#6516,#6636,#6756,.T.);
#6756 = SURFACE_CURVE('',#6757,(#6761,#6768),.PCURVE_S1.);
#6757 = LINE('',#6758,#6759);
#6758 = CARTESIAN_POINT('',(0.,-36.,36.));
#6759 = VECTOR('',#6760,1.);
#6760 = DIRECTION('',(1.,0.,-0.));
#6761 = PCURVE('',#6536,#6762);
#6762 = DEFINITIONAL_REPRESENTATION('',(#6763),#6767);
#6763 = LINE('',#6764,#6765);
#6764 = CARTESIAN_POINT('',(72.,0.));
#6765 = VECTOR('',#6766,1.);
#6766 = DIRECTION('',(0.,1.));
#6767 = ( GEOMETRIC_REPRESENTATION_CONTEXT(2) 
PARAMETRIC_REPRESENTATION_CONTEXT() REPRESENTATION_CONTEXT('2D SPACE',''
  ) );
#6768 = PCURVE('',#6618,#6769);
#6769 = DEFINITIONAL_REPRESENTATION('',(#6770),#6774);
#6770 = LINE('',#6771,#6772);
#6771 = CARTESIAN_POINT('',(0.,0.));
#6772 = VECTOR('',#6773,1.);
#6773 = DIRECTION('',(1.,0.));
#6774 = ( GEOMETRIC_REPRESENTATION_CONTEXT(2) 
PARAMETRIC_REPRESENTATION_CONTEXT() REPRESENTATION_CONTEXT('2D SPACE',''
  ) );
#6775 = ORIENTED_EDGE('',*,*,#6633,.F.);
#6776 = ADVANCED_FACE('',(#6777),#6592,.T.);
#6777 = FACE_BOUND('',#6778,.T.);
#6778 = EDGE_LOOP('',(#6779,#6800,#6801,#6822));
#6779 = ORIENTED_EDGE('',*,*,#6780,.F.);
#6780 = EDGE_CURVE('',#6549,#6664,#6781,.T.);
#6781 = SURFACE_CURVE('',#6782,(#6786,#6793),.PCURVE_S1.);
#6782 = LINE('',#6783,#6784);
#6783 = CARTESIAN_POINT('',(0.,36.,-36.));
#6784 = VECTOR('',#6785,1.);
#6785 = DIRECTION('',(1.,0.,-0.));
#6786 = PCURVE('',#6592,#6787);
#6787 = DEFINITIONAL_REPRESENTATION('',(#6788),#6792);
#6788 = LINE('',#6789,#6790);
#6789 = CARTESIAN_POINT('',(0.,0.));
#6790 = VECTOR('',#6791,1.);
#6791 = DIRECTION('',(0.,1.));
#6792 = ( GEOMETRIC_REPRESENTATION_CONTEXT(2) 
PARAMETRIC_REPRESENTATION_CONTEXT() REPRESENTATION_CONTEXT('2D SPACE',''
  ) );
#6793 = PCURVE('',#6564,#6794);
#6794 = DEFINITIONAL_REPRESENTATION('',(#6795),#6799);
#6795 = LINE('',#6796,#6797);
#6796 = CARTESIAN_POINT('',(0.,72.));
#6797 = VECTOR('',#6798,1.);
#6798 = DIRECTION('',(1.,0.));
#6799 = ( GEOMETRIC_REPRESENTATION_CONTEXT(2) 
PARAMETRIC_REPRESENTATION_CONTEXT() REPRESENTATION_CONTEXT('2D SPACE',''
  ) );
#6800 = ORIENTED_EDGE('',*,*,#6576,.T.);
#6801 = ORIENTED_EDGE('',*,*,#6802,.T.);
#6802 = EDGE_CURVE('',#6577,#6687,#6803,.T.);
#6803 = SURFACE_CURVE('',#6804,(#6808,#6815),.PCURVE_S1.);
#6804 = LINE('',#6805,#6806);
#6805 = CARTESIAN_POINT('',(0.,36.,36.));
#6806 = VECTOR('',#6807,1.);
#6807 = DIRECTION('',(1.,0.,-0.));
#6808 = PCURVE('',#6592,#6809);
#6809 = DEFINITIONAL_REPRESENTATION('',(#6810),#6814);
#6810 = LINE('',#6811,#6812);
#6811 = CARTESIAN_POINT('',(72.,0.));
#6812 = VECTOR('',#6813,1.);
#6813 = DIRECTION('',(0.,1.));
#6814 = ( GEOMETRIC_REPRESENTATION_CONTEXT(2) 
PARAMETRIC_REPRESENTATION_CONTEXT() REPRESENTATION_CONTEXT('2D SPACE',''
  ) );
#6815 = PCURVE('',#6618,#6816);
#6816 = DEFINITIONAL_REPRESENTATION('',(#6817),#6821);
#6817 = LINE('',#6818,#6819);
#6818 = CARTESIAN_POINT('',(0.,72.));
#6819 = VECTOR('',#6820,1.);
#6820 = DIRECTION('',(1.,0.));
#6821 = ( GEOMETRIC_REPRESENTATION_CONTEXT(2) 
PARAMETRIC_REPRESENTATION_CONTEXT() REPRESENTATION_CONTEXT('2D SPACE',''
  ) );
#6822 = ORIENTED_EDGE('',*,*,#6686,.F.);
#6823 = ADVANCED_FACE('',(#6824),#6564,.F.);
#6824 = FACE_BOUND('',#6825,.F.);
#6825 = EDGE_LOOP('',(#6826,#6827,#6828,#6829));
#6826 = ORIENTED_EDGE('',*,*,#6548,.F.);
#6827 = ORIENTED_EDGE('',*,*,#6733,.T.);
#6828 = ORIENTED_EDGE('',*,*,#6663,.T.);
#6829 = ORIENTED_EDGE('',*,*,#6780,.F.);
#6830 = ADVANCED_FACE('',(#6831),#6618,.T.);
#6831 = FACE_BOUND('',#6832,.T.);
#6832 = EDGE_LOOP('',(#6833,#6834,#6835,#6836));
#6833 = ORIENTED_EDGE('',*,*,#6604,.F.);
#6834 = ORIENTED_EDGE('',*,*,#6755,.T.);
#6835 = ORIENTED_EDGE('',*,*,#6709,.T.);
#6836 = ORIENTED_EDGE('',*,*,#6802,.F.);
#6837 = ( GEOMETRIC_REPRESENTATION_CONTEXT(3) 
GLOBAL_UNCERTAINTY_ASSIGNED_CONTEXT((#6841)) 
GLOBAL_UNIT_ASSIGNED_CONTEXT((#6838,#6839,#6840)) REPRESENTATION_CONTEXT
('Context #1','3D Context with UNIT and UNCERTAINTY') );
#6838 = ( LENGTH_UNIT() NAMED_UNIT(*) SI_UNIT(.MILLI.,.METRE.) );
#6839 = ( NAMED_UNIT(*) PLANE_ANGLE_UNIT() SI_UNIT($,.RADIAN.) );
#6840 = ( NAMED_UNIT(*) SI_UNIT($,.STERADIAN.) SOLID_ANGLE_UNIT() );
#6841 = UNCERTAINTY_MEASURE_WITH_UNIT(LENGTH_MEASURE(1.E-07),#6838,
  'distance_accuracy_value','confusion accuracy');
#6842 = CONTEXT_DEPENDENT_SHAPE_REPRESENTATION(#6843,#6845);
#6843 = ( REPRESENTATION_RELATIONSHIP('','',#6506,#10) 
REPRESENTATION_RELATIONSHIP_WITH_TRANSFORMATION(#6844) 
SHAPE_REPRESENTATION_RELATIONSHIP() );
#6844 = ITEM_DEFINED_TRANSFORMATION('','',#11,#87);
#6845 = PRODUCT_DEFINITION_SHAPE('Placement','Placement of an item',
  #6846);
#6846 = NEXT_ASSEMBLY_USAGE_OCCURRENCE('19','=>[0:1:1:20]','',#5,#6501,$
  );
#6847 = PRODUCT_RELATED_PRODUCT_CATEGORY('part',$,(#6503));
#6848 = SHAPE_DEFINITION_REPRESENTATION(#6849,#6855);
#6849 = PRODUCT_DEFINITION_SHAPE('','',#6850);
#6850 = PRODUCT_DEFINITION('design','',#6851,#6854);
#6851 = PRODUCT_DEFINITION_FORMATION('','',#6852);
#6852 = PRODUCT('COMPOUND','COMPOUND','',(#6853));
#6853 = PRODUCT_CONTEXT('',#2,'mechanical');
#6854 = PRODUCT_DEFINITION_CONTEXT('part definition',#2,'design');
#6855 = ADVANCED_BREP_SHAPE_REPRESENTATION('',(#11,#6856),#7186);
#6856 = MANIFOLD_SOLID_BREP('',#6857);
#6857 = CLOSED_SHELL('',(#6858,#6978,#7078,#7125,#7172,#7179));
#6858 = ADVANCED_FACE('',(#6859),#6873,.F.);
#6859 = FACE_BOUND('',#6860,.F.);
#6860 = EDGE_LOOP('',(#6861,#6896,#6924,#6952));
#6861 = ORIENTED_EDGE('',*,*,#6862,.F.);
#6862 = EDGE_CURVE('',#6863,#6865,#6867,.T.);
#6863 = VERTEX_POINT('',#6864);
#6864 = CARTESIAN_POINT('',(0.,-35.,-35.));
#6865 = VERTEX_POINT('',#6866);
#6866 = CARTESIAN_POINT('',(0.,-35.,35.));
#6867 = SURFACE_CURVE('',#6868,(#6872,#6884),.PCURVE_S1.);
#6868 = LINE('',#6869,#6870);
#6869 = CARTESIAN_POINT('',(0.,-35.,-35.));
#6870 = VECTOR('',#6871,1.);
#6871 = DIRECTION('',(0.,0.,1.));
#6872 = PCURVE('',#6873,#6878);
#6873 = PLANE('',#6874);
#6874 = AXIS2_PLACEMENT_3D('',#6875,#6876,#6877);
#6875 = CARTESIAN_POINT('',(0.,-35.,-35.));
#6876 = DIRECTION('',(1.,0.,-0.));
#6877 = DIRECTION('',(0.,0.,1.));
#6878 = DEFINITIONAL_REPRESENTATION('',(#6879),#6883);
#6879 = LINE('',#6880,#6881);
#6880 = CARTESIAN_POINT('',(0.,0.));
#6881 = VECTOR('',#6882,1.);
#6882 = DIRECTION('',(1.,0.));
#6883 = ( GEOMETRIC_REPRESENTATION_CONTEXT(2) 
PARAMETRIC_REPRESENTATION_CONTEXT() REPRESENTATION_CONTEXT('2D SPACE',''
  ) );
#6884 = PCURVE('',#6885,#6890);
#6885 = PLANE('',#6886);
#6886 = AXIS2_PLACEMENT_3D('',#6887,#6888,#6889);
#6887 = CARTESIAN_POINT('',(0.,-35.,-35.));
#6888 = DIRECTION('',(-0.,1.,0.));
#6889 = DIRECTION('',(0.,0.,1.));
#6890 = DEFINITIONAL_REPRESENTATION('',(#6891),#6895);
#6891 = LINE('',#6892,#6893);
#6892 = CARTESIAN_POINT('',(0.,0.));
#6893 = VECTOR('',#6894,1.);
#6894 = DIRECTION('',(1.,0.));
#6895 = ( GEOMETRIC_REPRESENTATION_CONTEXT(2) 
PARAMETRIC_REPRESENTATION_CONTEXT() REPRESENTATION_CONTEXT('2D SPACE',''
  ) );
#6896 = ORIENTED_EDGE('',*,*,#6897,.T.);
#6897 = EDGE_CURVE('',#6863,#6898,#6900,.T.);
#6898 = VERTEX_POINT('',#6899);
#6899 = CARTESIAN_POINT('',(0.,35.,-35.));
#6900 = SURFACE_CURVE('',#6901,(#6905,#6912),.PCURVE_S1.);
#6901 = LINE('',#6902,#6903);
#6902 = CARTESIAN_POINT('',(0.,-35.,-35.));
#6903 = VECTOR('',#6904,1.);
#6904 = DIRECTION('',(-0.,1.,0.));
#6905 = PCURVE('',#6873,#6906);
#6906 = DEFINITIONAL_REPRESENTATION('',(#6907),#6911);
#6907 = LINE('',#6908,#6909);
#6908 = CARTESIAN_POINT('',(0.,0.));
#6909 = VECTOR('',#6910,1.);
#6910 = DIRECTION('',(0.,-1.));
#6911 = ( GEOMETRIC_REPRESENTATION_CONTEXT(2) 
PARAMETRIC_REPRESENTATION_CONTEXT() REPRESENTATION_CONTEXT('2D SPACE',''
  ) );
#6912 = PCURVE('',#6913,#6918);
#6913 = PLANE('',#6914);
#6914 = AXIS2_PLACEMENT_3D('',#6915,#6916,#6917);
#6915 = CARTESIAN_POINT('',(0.,-35.,-35.));
#6916 = DIRECTION('',(0.,0.,1.));
#6917 = DIRECTION('',(1.,0.,-0.));
#6918 = DEFINITIONAL_REPRESENTATION('',(#6919),#6923);
#6919 = LINE('',#6920,#6921);
#6920 = CARTESIAN_POINT('',(0.,0.));
#6921 = VECTOR('',#6922,1.);
#6922 = DIRECTION('',(0.,1.));
#6923 = ( GEOMETRIC_REPRESENTATION_CONTEXT(2) 
PARAMETRIC_REPRESENTATION_CONTEXT() REPRESENTATION_CONTEXT('2D SPACE',''
  ) );
#6924 = ORIENTED_EDGE('',*,*,#6925,.T.);
#6925 = EDGE_CURVE('',#6898,#6926,#6928,.T.);
#6926 = VERTEX_POINT('',#6927);
#6927 = CARTESIAN_POINT('',(0.,35.,35.));
#6928 = SURFACE_CURVE('',#6929,(#6933,#6940),.PCURVE_S1.);
#6929 = LINE('',#6930,#6931);
#6930 = CARTESIAN_POINT('',(0.,35.,-35.));
#6931 = VECTOR('',#6932,1.);
#6932 = DIRECTION('',(0.,0.,1.));
#6933 = PCURVE('',#6873,#6934);
#6934 = DEFINITIONAL_REPRESENTATION('',(#6935),#6939);
#6935 = LINE('',#6936,#6937);
#6936 = CARTESIAN_POINT('',(0.,-70.));
#6937 = VECTOR('',#6938,1.);
#6938 = DIRECTION('',(1.,0.));
#6939 = ( GEOMETRIC_REPRESENTATION_CONTEXT(2) 
PARAMETRIC_REPRESENTATION_CONTEXT() REPRESENTATION_CONTEXT('2D SPACE',''
  ) );
#6940 = PCURVE('',#6941,#6946);
#6941 = PLANE('',#6942);
#6942 = AXIS2_PLACEMENT_3D('',#6943,#6944,#6945);
#6943 = CARTESIAN_POINT('',(0.,35.,-35.));
#6944 = DIRECTION('',(-0.,1.,0.));
#6945 = DIRECTION('',(0.,0.,1.));
#6946 = DEFINITIONAL_REPRESENTATION('',(#6947),#6951);
#6947 = LINE('',#6948,#6949);
#6948 = CARTESIAN_POINT('',(0.,0.));
#6949 = VECTOR('',#6950,1.);
#6950 = DIRECTION('',(1.,0.));
#6951 = ( GEOMETRIC_REPRESENTATION_CONTEXT(2) 
PARAMETRIC_REPRESENTATION_CONTEXT() REPRESENTATION_CONTEXT('2D SPACE',''
  ) );
#6952 = ORIENTED_EDGE('',*,*,#6953,.F.);
#6953 = EDGE_CURVE('',#6865,#6926,#6954,.T.);
#6954 = SURFACE_CURVE('',#6955,(#6959,#6966),.PCURVE_S1.);
#6955 = LINE('',#6956,#6957);
#6956 = CARTESIAN_POINT('',(0.,-35.,35.));
#6957 = VECTOR('',#6958,1.);
#6958 = DIRECTION('',(-0.,1.,0.));
#6959 = PCURVE('',#6873,#6960);
#6960 = DEFINITIONAL_REPRESENTATION('',(#6961),#6965);
#6961 = LINE('',#6962,#6963);
#6962 = CARTESIAN_POINT('',(70.,0.));
#6963 = VECTOR('',#6964,1.);
#6964 = DIRECTION('',(0.,-1.));
#6965 = ( GEOMETRIC_REPRESENTATION_CONTEXT(2) 
PARAMETRIC_REPRESENTATION_CONTEXT() REPRESENTATION_CONTEXT('2D SPACE',''
  ) );
#6966 = PCURVE('',#6967,#6972);
#6967 = PLANE('',#6968);
#6968 = AXIS2_PLACEMENT_3D('',#6969,#6970,#6971);
#6969 = CARTESIAN_POINT('',(0.,-35.,35.));
#6970 = DIRECTION('',(0.,0.,1.));
#6971 = DIRECTION('',(1.,0.,-0.));
#6972 = DEFINITIONAL_REPRESENTATION('',(#6973),#6977);
#6973 = LINE('',#6974,#6975);
#6974 = CARTESIAN_POINT('',(0.,0.));
#6975 = VECTOR('',#6976,1.);
#6976 = DIRECTION('',(0.,1.));
#6977 = ( GEOMETRIC_REPRESENTATION_CONTEXT(2) 
PARAMETRIC_REPRESENTATION_CONTEXT() REPRESENTATION_CONTEXT('2D SPACE',''
  ) );
#6978 = ADVANCED_FACE('',(#6979),#6993,.T.);
#6979 = FACE_BOUND('',#6980,.T.);
#6980 = EDGE_LOOP('',(#6981,#7011,#7034,#7057));
#6981 = ORIENTED_EDGE('',*,*,#6982,.F.);
#6982 = EDGE_CURVE('',#6983,#6985,#6987,.T.);
#6983 = VERTEX_POINT('',#6984);
#6984 = CARTESIAN_POINT('',(637.14205637361,-35.,-35.));
#6985 = VERTEX_POINT('',#6986);
#6986 = CARTESIAN_POINT('',(637.14205637361,-35.,35.));
#6987 = SURFACE_CURVE('',#6988,(#6992,#7004),.PCURVE_S1.);
#6988 = LINE('',#6989,#6990);
#6989 = CARTESIAN_POINT('',(637.14205637361,-35.,-35.));
#6990 = VECTOR('',#6991,1.);
#6991 = DIRECTION('',(0.,0.,1.));
#6992 = PCURVE('',#6993,#6998);
#6993 = PLANE('',#6994);
#6994 = AXIS2_PLACEMENT_3D('',#6995,#6996,#6997);
#6995 = CARTESIAN_POINT('',(637.14205637361,-35.,-35.));
#6996 = DIRECTION('',(1.,0.,-0.));
#6997 = DIRECTION('',(0.,0.,1.));
#6998 = DEFINITIONAL_REPRESENTATION('',(#6999),#7003);
#6999 = LINE('',#7000,#7001);
#7000 = CARTESIAN_POINT('',(0.,0.));
#7001 = VECTOR('',#7002,1.);
#7002 = DIRECTION('',(1.,0.));
#7003 = ( GEOMETRIC_REPRESENTATION_CONTEXT(2) 
PARAMETRIC_REPRESENTATION_CONTEXT() REPRESENTATION_CONTEXT('2D SPACE',''
  ) );
#7004 = PCURVE('',#6885,#7005);
#7005 = DEFINITIONAL_REPRESENTATION('',(#7006),#7010);
#7006 = LINE('',#7007,#7008);
#7007 = CARTESIAN_POINT('',(0.,637.14205637361));
#7008 = VECTOR('',#7009,1.);
#7009 = DIRECTION('',(1.,0.));
#7010 = ( GEOMETRIC_REPRESENTATION_CONTEXT(2) 
PARAMETRIC_REPRESENTATION_CONTEXT() REPRESENTATION_CONTEXT('2D SPACE',''
  ) );
#7011 = ORIENTED_EDGE('',*,*,#7012,.T.);
#7012 = EDGE_CURVE('',#6983,#7013,#7015,.T.);
#7013 = VERTEX_POINT('',#7014);
#7014 = CARTESIAN_POINT('',(637.14205637361,35.,-35.));
#7015 = SURFACE_CURVE('',#7016,(#7020,#7027),.PCURVE_S1.);
#7016 = LINE('',#7017,#7018);
#7017 = CARTESIAN_POINT('',(637.14205637361,-35.,-35.));
#7018 = VECTOR('',#7019,1.);
#7019 = DIRECTION('',(-0.,1.,0.));
#7020 = PCURVE('',#6993,#7021);
#7021 = DEFINITIONAL_REPRESENTATION('',(#7022),#7026);
#7022 = LINE('',#7023,#7024);
#7023 = CARTESIAN_POINT('',(0.,0.));
#7024 = VECTOR('',#7025,1.);
#7025 = DIRECTION('',(0.,-1.));
#7026 = ( GEOMETRIC_REPRESENTATION_CONTEXT(2) 
PARAMETRIC_REPRESENTATION_CONTEXT() REPRESENTATION_CONTEXT('2D SPACE',''
  ) );
#7027 = PCURVE('',#6913,#7028);
#7028 = DEFINITIONAL_REPRESENTATION('',(#7029),#7033);
#7029 = LINE('',#7030,#7031);
#7030 = CARTESIAN_POINT('',(637.14205637361,0.));
#7031 = VECTOR('',#7032,1.);
#7032 = DIRECTION('',(0.,1.));
#7033 = ( GEOMETRIC_REPRESENTATION_CONTEXT(2) 
PARAMETRIC_REPRESENTATION_CONTEXT() REPRESENTATION_CONTEXT('2D SPACE',''
  ) );
#7034 = ORIENTED_EDGE('',*,*,#7035,.T.);
#7035 = EDGE_CURVE('',#7013,#7036,#7038,.T.);
#7036 = VERTEX_POINT('',#7037);
#7037 = CARTESIAN_POINT('',(637.14205637361,35.,35.));
#7038 = SURFACE_CURVE('',#7039,(#7043,#7050),.PCURVE_S1.);
#7039 = LINE('',#7040,#7041);
#7040 = CARTESIAN_POINT('',(637.14205637361,35.,-35.));
#7041 = VECTOR('',#7042,1.);
#7042 = DIRECTION('',(0.,0.,1.));
#7043 = PCURVE('',#6993,#7044);
#7044 = DEFINITIONAL_REPRESENTATION('',(#7045),#7049);
#7045 = LINE('',#7046,#7047);
#7046 = CARTESIAN_POINT('',(0.,-70.));
#7047 = VECTOR('',#7048,1.);
#7048 = DIRECTION('',(1.,0.));
#7049 = ( GEOMETRIC_REPRESENTATION_CONTEXT(2) 
PARAMETRIC_REPRESENTATION_CONTEXT() REPRESENTATION_CONTEXT('2D SPACE',''
  ) );
#7050 = PCURVE('',#6941,#7051);
#7051 = DEFINITIONAL_REPRESENTATION('',(#7052),#7056);
#7052 = LINE('',#7053,#7054);
#7053 = CARTESIAN_POINT('',(0.,637.14205637361));
#7054 = VECTOR('',#7055,1.);
#7055 = DIRECTION('',(1.,0.));
#7056 = ( GEOMETRIC_REPRESENTATION_CONTEXT(2) 
PARAMETRIC_REPRESENTATION_CONTEXT() REPRESENTATION_CONTEXT('2D SPACE',''
  ) );
#7057 = ORIENTED_EDGE('',*,*,#7058,.F.);
#7058 = EDGE_CURVE('',#6985,#7036,#7059,.T.);
#7059 = SURFACE_CURVE('',#7060,(#7064,#7071),.PCURVE_S1.);
#7060 = LINE('',#7061,#7062);
#7061 = CARTESIAN_POINT('',(637.14205637361,-35.,35.));
#7062 = VECTOR('',#7063,1.);
#7063 = DIRECTION('',(-0.,1.,0.));
#7064 = PCURVE('',#6993,#7065);
#7065 = DEFINITIONAL_REPRESENTATION('',(#7066),#7070);
#7066 = LINE('',#7067,#7068);
#7067 = CARTESIAN_POINT('',(70.,0.));
#7068 = VECTOR('',#7069,1.);
#7069 = DIRECTION('',(0.,-1.));
#7070 = ( GEOMETRIC_REPRESENTATION_CONTEXT(2) 
PARAMETRIC_REPRESENTATION_CONTEXT() REPRESENTATION_CONTEXT('2D SPACE',''
  ) );
#7071 = PCURVE('',#6967,#7072);
#7072 = DEFINITIONAL_REPRESENTATION('',(#7073),#7077);
#7073 = LINE('',#7074,#7075);
#7074 = CARTESIAN_POINT('',(637.14205637361,0.));
#7075 = VECTOR('',#7076,1.);
#7076 = DIRECTION('',(0.,1.));
#7077 = ( GEOMETRIC_REPRESENTATION_CONTEXT(2) 
PARAMETRIC_REPRESENTATION_CONTEXT() REPRESENTATION_CONTEXT('2D SPACE',''
  ) );
#7078 = ADVANCED_FACE('',(#7079),#6885,.F.);
#7079 = FACE_BOUND('',#7080,.F.);
#7080 = EDGE_LOOP('',(#7081,#7102,#7103,#7124));
#7081 = ORIENTED_EDGE('',*,*,#7082,.F.);
#7082 = EDGE_CURVE('',#6863,#6983,#7083,.T.);
#7083 = SURFACE_CURVE('',#7084,(#7088,#7095),.PCURVE_S1.);
#7084 = LINE('',#7085,#7086);
#7085 = CARTESIAN_POINT('',(0.,-35.,-35.));
#7086 = VECTOR('',#7087,1.);
#7087 = DIRECTION('',(1.,0.,-0.));
#7088 = PCURVE('',#6885,#7089);
#7089 = DEFINITIONAL_REPRESENTATION('',(#7090),#7094);
#7090 = LINE('',#7091,#7092);
#7091 = CARTESIAN_POINT('',(0.,0.));
#7092 = VECTOR('',#7093,1.);
#7093 = DIRECTION('',(0.,1.));
#7094 = ( GEOMETRIC_REPRESENTATION_CONTEXT(2) 
PARAMETRIC_REPRESENTATION_CONTEXT() REPRESENTATION_CONTEXT('2D SPACE',''
  ) );
#7095 = PCURVE('',#6913,#7096);
#7096 = DEFINITIONAL_REPRESENTATION('',(#7097),#7101);
#7097 = LINE('',#7098,#7099);
#7098 = CARTESIAN_POINT('',(0.,0.));
#7099 = VECTOR('',#7100,1.);
#7100 = DIRECTION('',(1.,0.));
#7101 = ( GEOMETRIC_REPRESENTATION_CONTEXT(2) 
PARAMETRIC_REPRESENTATION_CONTEXT() REPRESENTATION_CONTEXT('2D SPACE',''
  ) );
#7102 = ORIENTED_EDGE('',*,*,#6862,.T.);
#7103 = ORIENTED_EDGE('',*,*,#7104,.T.);
#7104 = EDGE_CURVE('',#6865,#6985,#7105,.T.);
#7105 = SURFACE_CURVE('',#7106,(#7110,#7117),.PCURVE_S1.);
#7106 = LINE('',#7107,#7108);
#7107 = CARTESIAN_POINT('',(0.,-35.,35.));
#7108 = VECTOR('',#7109,1.);
#7109 = DIRECTION('',(1.,0.,-0.));
#7110 = PCURVE('',#6885,#7111);
#7111 = DEFINITIONAL_REPRESENTATION('',(#7112),#7116);
#7112 = LINE('',#7113,#7114);
#7113 = CARTESIAN_POINT('',(70.,0.));
#7114 = VECTOR('',#7115,1.);
#7115 = DIRECTION('',(0.,1.));
#7116 = ( GEOMETRIC_REPRESENTATION_CONTEXT(2) 
PARAMETRIC_REPRESENTATION_CONTEXT() REPRESENTATION_CONTEXT('2D SPACE',''
  ) );
#7117 = PCURVE('',#6967,#7118);
#7118 = DEFINITIONAL_REPRESENTATION('',(#7119),#7123);
#7119 = LINE('',#7120,#7121);
#7120 = CARTESIAN_POINT('',(0.,0.));
#7121 = VECTOR('',#7122,1.);
#7122 = DIRECTION('',(1.,0.));
#7123 = ( GEOMETRIC_REPRESENTATION_CONTEXT(2) 
PARAMETRIC_REPRESENTATION_CONTEXT() REPRESENTATION_CONTEXT('2D SPACE',''
  ) );
#7124 = ORIENTED_EDGE('',*,*,#6982,.F.);
#7125 = ADVANCED_FACE('',(#7126),#6941,.T.);
#7126 = FACE_BOUND('',#7127,.T.);
#7127 = EDGE_LOOP('',(#7128,#7149,#7150,#7171));
#7128 = ORIENTED_EDGE('',*,*,#7129,.F.);
#7129 = EDGE_CURVE('',#6898,#7013,#7130,.T.);
#7130 = SURFACE_CURVE('',#7131,(#7135,#7142),.PCURVE_S1.);
#7131 = LINE('',#7132,#7133);
#7132 = CARTESIAN_POINT('',(0.,35.,-35.));
#7133 = VECTOR('',#7134,1.);
#7134 = DIRECTION('',(1.,0.,-0.));
#7135 = PCURVE('',#6941,#7136);
#7136 = DEFINITIONAL_REPRESENTATION('',(#7137),#7141);
#7137 = LINE('',#7138,#7139);
#7138 = CARTESIAN_POINT('',(0.,0.));
#7139 = VECTOR('',#7140,1.);
#7140 = DIRECTION('',(0.,1.));
#7141 = ( GEOMETRIC_REPRESENTATION_CONTEXT(2) 
PARAMETRIC_REPRESENTATION_CONTEXT() REPRESENTATION_CONTEXT('2D SPACE',''
  ) );
#7142 = PCURVE('',#6913,#7143);
#7143 = DEFINITIONAL_REPRESENTATION('',(#7144),#7148);
#7144 = LINE('',#7145,#7146);
#7145 = CARTESIAN_POINT('',(0.,70.));
#7146 = VECTOR('',#7147,1.);
#7147 = DIRECTION('',(1.,0.));
#7148 = ( GEOMETRIC_REPRESENTATION_CONTEXT(2) 
PARAMETRIC_REPRESENTATION_CONTEXT() REPRESENTATION_CONTEXT('2D SPACE',''
  ) );
#7149 = ORIENTED_EDGE('',*,*,#6925,.T.);
#7150 = ORIENTED_EDGE('',*,*,#7151,.T.);
#7151 = EDGE_CURVE('',#6926,#7036,#7152,.T.);
#7152 = SURFACE_CURVE('',#7153,(#7157,#7164),.PCURVE_S1.);
#7153 = LINE('',#7154,#7155);
#7154 = CARTESIAN_POINT('',(0.,35.,35.));
#7155 = VECTOR('',#7156,1.);
#7156 = DIRECTION('',(1.,0.,-0.));
#7157 = PCURVE('',#6941,#7158);
#7158 = DEFINITIONAL_REPRESENTATION('',(#7159),#7163);
#7159 = LINE('',#7160,#7161);
#7160 = CARTESIAN_POINT('',(70.,0.));
#7161 = VECTOR('',#7162,1.);
#7162 = DIRECTION('',(0.,1.));
#7163 = ( GEOMETRIC_REPRESENTATION_CONTEXT(2) 
PARAMETRIC_REPRESENTATION_CONTEXT() REPRESENTATION_CONTEXT('2D SPACE',''
  ) );
#7164 = PCURVE('',#6967,#7165);
#7165 = DEFINITIONAL_REPRESENTATION('',(#7166),#7170);
#7166 = LINE('',#7167,#7168);
#7167 = CARTESIAN_POINT('',(0.,70.));
#7168 = VECTOR('',#7169,1.);
#7169 = DIRECTION('',(1.,0.));
#7170 = ( GEOMETRIC_REPRESENTATION_CONTEXT(2) 
PARAMETRIC_REPRESENTATION_CONTEXT() REPRESENTATION_CONTEXT('2D SPACE',''
  ) );
#7171 = ORIENTED_EDGE('',*,*,#7035,.F.);
#7172 = ADVANCED_FACE('',(#7173),#6913,.F.);
#7173 = FACE_BOUND('',#7174,.F.);
#7174 = EDGE_LOOP('',(#7175,#7176,#7177,#7178));
#7175 = ORIENTED_EDGE('',*,*,#6897,.F.);
#7176 = ORIENTED_EDGE('',*,*,#7082,.T.);
#7177 = ORIENTED_EDGE('',*,*,#7012,.T.);
#7178 = ORIENTED_EDGE('',*,*,#7129,.F.);
#7179 = ADVANCED_FACE('',(#7180),#6967,.T.);
#7180 = FACE_BOUND('',#7181,.T.);
#7181 = EDGE_LOOP('',(#7182,#7183,#7184,#7185));
#7182 = ORIENTED_EDGE('',*,*,#6953,.F.);
#7183 = ORIENTED_EDGE('',*,*,#7104,.T.);
#7184 = ORIENTED_EDGE('',*,*,#7058,.T.);
#7185 = ORIENTED_EDGE('',*,*,#7151,.F.);
#7186 = ( GEOMETRIC_REPRESENTATION_CONTEXT(3) 
GLOBAL_UNCERTAINTY_ASSIGNED_CONTEXT((#7190)) 
GLOBAL_UNIT_ASSIGNED_CONTEXT((#7187,#7188,#7189)) REPRESENTATION_CONTEXT
('Context #1','3D Context with UNIT and UNCERTAINTY') );
#7187 = ( LENGTH_UNIT() NAMED_UNIT(*) SI_UNIT(.MILLI.,.METRE.) );
#7188 = ( NAMED_UNIT(*) PLANE_ANGLE_UNIT() SI_UNIT($,.RADIAN.) );
#7189 = ( NAMED_UNIT(*) SI_UNIT($,.STERADIAN.) SOLID_ANGLE_UNIT() );
#7190 = UNCERTAINTY_MEASURE_WITH_UNIT(LENGTH_MEASURE(1.E-07),#7187,
  'distance_accuracy_value','confusion accuracy');
#7191 = CONTEXT_DEPENDENT_SHAPE_REPRESENTATION(#7192,#7194);
#7192 = ( REPRESENTATION_RELATIONSHIP('','',#6855,#10) 
REPRESENTATION_RELATIONSHIP_WITH_TRANSFORMATION(#7193) 
SHAPE_REPRESENTATION_RELATIONSHIP() );
#7193 = ITEM_DEFINED_TRANSFORMATION('','',#11,#91);
#7194 = PRODUCT_DEFINITION_SHAPE('Placement','Placement of an item',
  #7195);
#7195 = NEXT_ASSEMBLY_USAGE_OCCURRENCE('20','=>[0:1:1:21]','',#5,#6850,$
  );
#7196 = PRODUCT_RELATED_PRODUCT_CATEGORY('part',$,(#6852));
#7197 = SHAPE_DEFINITION_REPRESENTATION(#7198,#7204);
#7198 = PRODUCT_DEFINITION_SHAPE('','',#7199);
#7199 = PRODUCT_DEFINITION('design','',#7200,#7203);
#7200 = PRODUCT_DEFINITION_FORMATION('','',#7201);
#7201 = PRODUCT('COMPOUND','COMPOUND','',(#7202));
#7202 = PRODUCT_CONTEXT('',#2,'mechanical');
#7203 = PRODUCT_DEFINITION_CONTEXT('part definition',#2,'design');
#7204 = ADVANCED_BREP_SHAPE_REPRESENTATION('',(#11,#7205),#7535);
#7205 = MANIFOLD_SOLID_BREP('',#7206);
#7206 = CLOSED_SHELL('',(#7207,#7327,#7427,#7474,#7521,#7528));
#7207 = ADVANCED_FACE('',(#7208),#7222,.F.);
#7208 = FACE_BOUND('',#7209,.F.);
#7209 = EDGE_LOOP('',(#7210,#7245,#7273,#7301));
#7210 = ORIENTED_EDGE('',*,*,#7211,.F.);
#7211 = EDGE_CURVE('',#7212,#7214,#7216,.T.);
#7212 = VERTEX_POINT('',#7213);
#7213 = CARTESIAN_POINT('',(0.,-38.,-38.));
#7214 = VERTEX_POINT('',#7215);
#7215 = CARTESIAN_POINT('',(0.,-38.,38.));
#7216 = SURFACE_CURVE('',#7217,(#7221,#7233),.PCURVE_S1.);
#7217 = LINE('',#7218,#7219);
#7218 = CARTESIAN_POINT('',(0.,-38.,-38.));
#7219 = VECTOR('',#7220,1.);
#7220 = DIRECTION('',(0.,0.,1.));
#7221 = PCURVE('',#7222,#7227);
#7222 = PLANE('',#7223);
#7223 = AXIS2_PLACEMENT_3D('',#7224,#7225,#7226);
#7224 = CARTESIAN_POINT('',(0.,-38.,-38.));
#7225 = DIRECTION('',(1.,0.,-0.));
#7226 = DIRECTION('',(0.,0.,1.));
#7227 = DEFINITIONAL_REPRESENTATION('',(#7228),#7232);
#7228 = LINE('',#7229,#7230);
#7229 = CARTESIAN_POINT('',(0.,0.));
#7230 = VECTOR('',#7231,1.);
#7231 = DIRECTION('',(1.,0.));
#7232 = ( GEOMETRIC_REPRESENTATION_CONTEXT(2) 
PARAMETRIC_REPRESENTATION_CONTEXT() REPRESENTATION_CONTEXT('2D SPACE',''
  ) );
#7233 = PCURVE('',#7234,#7239);
#7234 = PLANE('',#7235);
#7235 = AXIS2_PLACEMENT_3D('',#7236,#7237,#7238);
#7236 = CARTESIAN_POINT('',(0.,-38.,-38.));
#7237 = DIRECTION('',(-0.,1.,0.));
#7238 = DIRECTION('',(0.,0.,1.));
#7239 = DEFINITIONAL_REPRESENTATION('',(#7240),#7244);
#7240 = LINE('',#7241,#7242);
#7241 = CARTESIAN_POINT('',(0.,0.));
#7242 = VECTOR('',#7243,1.);
#7243 = DIRECTION('',(1.,0.));
#7244 = ( GEOMETRIC_REPRESENTATION_CONTEXT(2) 
PARAMETRIC_REPRESENTATION_CONTEXT() REPRESENTATION_CONTEXT('2D SPACE',''
  ) );
#7245 = ORIENTED_EDGE('',*,*,#7246,.T.);
#7246 = EDGE_CURVE('',#7212,#7247,#7249,.T.);
#7247 = VERTEX_POINT('',#7248);
#7248 = CARTESIAN_POINT('',(0.,38.,-38.));
#7249 = SURFACE_CURVE('',#7250,(#7254,#7261),.PCURVE_S1.);
#7250 = LINE('',#7251,#7252);
#7251 = CARTESIAN_POINT('',(0.,-38.,-38.));
#7252 = VECTOR('',#7253,1.);
#7253 = DIRECTION('',(-0.,1.,0.));
#7254 = PCURVE('',#7222,#7255);
#7255 = DEFINITIONAL_REPRESENTATION('',(#7256),#7260);
#7256 = LINE('',#7257,#7258);
#7257 = CARTESIAN_POINT('',(0.,0.));
#7258 = VECTOR('',#7259,1.);
#7259 = DIRECTION('',(0.,-1.));
#7260 = ( GEOMETRIC_REPRESENTATION_CONTEXT(2) 
PARAMETRIC_REPRESENTATION_CONTEXT() REPRESENTATION_CONTEXT('2D SPACE',''
  ) );
#7261 = PCURVE('',#7262,#7267);
#7262 = PLANE('',#7263);
#7263 = AXIS2_PLACEMENT_3D('',#7264,#7265,#7266);
#7264 = CARTESIAN_POINT('',(0.,-38.,-38.));
#7265 = DIRECTION('',(0.,0.,1.));
#7266 = DIRECTION('',(1.,0.,-0.));
#7267 = DEFINITIONAL_REPRESENTATION('',(#7268),#7272);
#7268 = LINE('',#7269,#7270);
#7269 = CARTESIAN_POINT('',(0.,0.));
#7270 = VECTOR('',#7271,1.);
#7271 = DIRECTION('',(0.,1.));
#7272 = ( GEOMETRIC_REPRESENTATION_CONTEXT(2) 
PARAMETRIC_REPRESENTATION_CONTEXT() REPRESENTATION_CONTEXT('2D SPACE',''
  ) );
#7273 = ORIENTED_EDGE('',*,*,#7274,.T.);
#7274 = EDGE_CURVE('',#7247,#7275,#7277,.T.);
#7275 = VERTEX_POINT('',#7276);
#7276 = CARTESIAN_POINT('',(0.,38.,38.));
#7277 = SURFACE_CURVE('',#7278,(#7282,#7289),.PCURVE_S1.);
#7278 = LINE('',#7279,#7280);
#7279 = CARTESIAN_POINT('',(0.,38.,-38.));
#7280 = VECTOR('',#7281,1.);
#7281 = DIRECTION('',(0.,0.,1.));
#7282 = PCURVE('',#7222,#7283);
#7283 = DEFINITIONAL_REPRESENTATION('',(#7284),#7288);
#7284 = LINE('',#7285,#7286);
#7285 = CARTESIAN_POINT('',(0.,-76.));
#7286 = VECTOR('',#7287,1.);
#7287 = DIRECTION('',(1.,0.));
#7288 = ( GEOMETRIC_REPRESENTATION_CONTEXT(2) 
PARAMETRIC_REPRESENTATION_CONTEXT() REPRESENTATION_CONTEXT('2D SPACE',''
  ) );
#7289 = PCURVE('',#7290,#7295);
#7290 = PLANE('',#7291);
#7291 = AXIS2_PLACEMENT_3D('',#7292,#7293,#7294);
#7292 = CARTESIAN_POINT('',(0.,38.,-38.));
#7293 = DIRECTION('',(-0.,1.,0.));
#7294 = DIRECTION('',(0.,0.,1.));
#7295 = DEFINITIONAL_REPRESENTATION('',(#7296),#7300);
#7296 = LINE('',#7297,#7298);
#7297 = CARTESIAN_POINT('',(0.,0.));
#7298 = VECTOR('',#7299,1.);
#7299 = DIRECTION('',(1.,0.));
#7300 = ( GEOMETRIC_REPRESENTATION_CONTEXT(2) 
PARAMETRIC_REPRESENTATION_CONTEXT() REPRESENTATION_CONTEXT('2D SPACE',''
  ) );
#7301 = ORIENTED_EDGE('',*,*,#7302,.F.);
#7302 = EDGE_CURVE('',#7214,#7275,#7303,.T.);
#7303 = SURFACE_CURVE('',#7304,(#7308,#7315),.PCURVE_S1.);
#7304 = LINE('',#7305,#7306);
#7305 = CARTESIAN_POINT('',(0.,-38.,38.));
#7306 = VECTOR('',#7307,1.);
#7307 = DIRECTION('',(-0.,1.,0.));
#7308 = PCURVE('',#7222,#7309);
#7309 = DEFINITIONAL_REPRESENTATION('',(#7310),#7314);
#7310 = LINE('',#7311,#7312);
#7311 = CARTESIAN_POINT('',(76.,0.));
#7312 = VECTOR('',#7313,1.);
#7313 = DIRECTION('',(0.,-1.));
#7314 = ( GEOMETRIC_REPRESENTATION_CONTEXT(2) 
PARAMETRIC_REPRESENTATION_CONTEXT() REPRESENTATION_CONTEXT('2D SPACE',''
  ) );
#7315 = PCURVE('',#7316,#7321);
#7316 = PLANE('',#7317);
#7317 = AXIS2_PLACEMENT_3D('',#7318,#7319,#7320);
#7318 = CARTESIAN_POINT('',(0.,-38.,38.));
#7319 = DIRECTION('',(0.,0.,1.));
#7320 = DIRECTION('',(1.,0.,-0.));
#7321 = DEFINITIONAL_REPRESENTATION('',(#7322),#7326);
#7322 = LINE('',#7323,#7324);
#7323 = CARTESIAN_POINT('',(0.,0.));
#7324 = VECTOR('',#7325,1.);
#7325 = DIRECTION('',(0.,1.));
#7326 = ( GEOMETRIC_REPRESENTATION_CONTEXT(2) 
PARAMETRIC_REPRESENTATION_CONTEXT() REPRESENTATION_CONTEXT('2D SPACE',''
  ) );
#7327 = ADVANCED_FACE('',(#7328),#7342,.T.);
#7328 = FACE_BOUND('',#7329,.T.);
#7329 = EDGE_LOOP('',(#7330,#7360,#7383,#7406));
#7330 = ORIENTED_EDGE('',*,*,#7331,.F.);
#7331 = EDGE_CURVE('',#7332,#7334,#7336,.T.);
#7332 = VERTEX_POINT('',#7333);
#7333 = CARTESIAN_POINT('',(588.66374102708,-38.,-38.));
#7334 = VERTEX_POINT('',#7335);
#7335 = CARTESIAN_POINT('',(588.66374102708,-38.,38.));
#7336 = SURFACE_CURVE('',#7337,(#7341,#7353),.PCURVE_S1.);
#7337 = LINE('',#7338,#7339);
#7338 = CARTESIAN_POINT('',(588.66374102708,-38.,-38.));
#7339 = VECTOR('',#7340,1.);
#7340 = DIRECTION('',(0.,0.,1.));
#7341 = PCURVE('',#7342,#7347);
#7342 = PLANE('',#7343);
#7343 = AXIS2_PLACEMENT_3D('',#7344,#7345,#7346);
#7344 = CARTESIAN_POINT('',(588.66374102708,-38.,-38.));
#7345 = DIRECTION('',(1.,0.,-0.));
#7346 = DIRECTION('',(0.,0.,1.));
#7347 = DEFINITIONAL_REPRESENTATION('',(#7348),#7352);
#7348 = LINE('',#7349,#7350);
#7349 = CARTESIAN_POINT('',(0.,0.));
#7350 = VECTOR('',#7351,1.);
#7351 = DIRECTION('',(1.,0.));
#7352 = ( GEOMETRIC_REPRESENTATION_CONTEXT(2) 
PARAMETRIC_REPRESENTATION_CONTEXT() REPRESENTATION_CONTEXT('2D SPACE',''
  ) );
#7353 = PCURVE('',#7234,#7354);
#7354 = DEFINITIONAL_REPRESENTATION('',(#7355),#7359);
#7355 = LINE('',#7356,#7357);
#7356 = CARTESIAN_POINT('',(0.,588.66374102708));
#7357 = VECTOR('',#7358,1.);
#7358 = DIRECTION('',(1.,0.));
#7359 = ( GEOMETRIC_REPRESENTATION_CONTEXT(2) 
PARAMETRIC_REPRESENTATION_CONTEXT() REPRESENTATION_CONTEXT('2D SPACE',''
  ) );
#7360 = ORIENTED_EDGE('',*,*,#7361,.T.);
#7361 = EDGE_CURVE('',#7332,#7362,#7364,.T.);
#7362 = VERTEX_POINT('',#7363);
#7363 = CARTESIAN_POINT('',(588.66374102708,38.,-38.));
#7364 = SURFACE_CURVE('',#7365,(#7369,#7376),.PCURVE_S1.);
#7365 = LINE('',#7366,#7367);
#7366 = CARTESIAN_POINT('',(588.66374102708,-38.,-38.));
#7367 = VECTOR('',#7368,1.);
#7368 = DIRECTION('',(-0.,1.,0.));
#7369 = PCURVE('',#7342,#7370);
#7370 = DEFINITIONAL_REPRESENTATION('',(#7371),#7375);
#7371 = LINE('',#7372,#7373);
#7372 = CARTESIAN_POINT('',(0.,0.));
#7373 = VECTOR('',#7374,1.);
#7374 = DIRECTION('',(0.,-1.));
#7375 = ( GEOMETRIC_REPRESENTATION_CONTEXT(2) 
PARAMETRIC_REPRESENTATION_CONTEXT() REPRESENTATION_CONTEXT('2D SPACE',''
  ) );
#7376 = PCURVE('',#7262,#7377);
#7377 = DEFINITIONAL_REPRESENTATION('',(#7378),#7382);
#7378 = LINE('',#7379,#7380);
#7379 = CARTESIAN_POINT('',(588.66374102708,0.));
#7380 = VECTOR('',#7381,1.);
#7381 = DIRECTION('',(0.,1.));
#7382 = ( GEOMETRIC_REPRESENTATION_CONTEXT(2) 
PARAMETRIC_REPRESENTATION_CONTEXT() REPRESENTATION_CONTEXT('2D SPACE',''
  ) );
#7383 = ORIENTED_EDGE('',*,*,#7384,.T.);
#7384 = EDGE_CURVE('',#7362,#7385,#7387,.T.);
#7385 = VERTEX_POINT('',#7386);
#7386 = CARTESIAN_POINT('',(588.66374102708,38.,38.));
#7387 = SURFACE_CURVE('',#7388,(#7392,#7399),.PCURVE_S1.);
#7388 = LINE('',#7389,#7390);
#7389 = CARTESIAN_POINT('',(588.66374102708,38.,-38.));
#7390 = VECTOR('',#7391,1.);
#7391 = DIRECTION('',(0.,0.,1.));
#7392 = PCURVE('',#7342,#7393);
#7393 = DEFINITIONAL_REPRESENTATION('',(#7394),#7398);
#7394 = LINE('',#7395,#7396);
#7395 = CARTESIAN_POINT('',(0.,-76.));
#7396 = VECTOR('',#7397,1.);
#7397 = DIRECTION('',(1.,0.));
#7398 = ( GEOMETRIC_REPRESENTATION_CONTEXT(2) 
PARAMETRIC_REPRESENTATION_CONTEXT() REPRESENTATION_CONTEXT('2D SPACE',''
  ) );
#7399 = PCURVE('',#7290,#7400);
#7400 = DEFINITIONAL_REPRESENTATION('',(#7401),#7405);
#7401 = LINE('',#7402,#7403);
#7402 = CARTESIAN_POINT('',(0.,588.66374102708));
#7403 = VECTOR('',#7404,1.);
#7404 = DIRECTION('',(1.,0.));
#7405 = ( GEOMETRIC_REPRESENTATION_CONTEXT(2) 
PARAMETRIC_REPRESENTATION_CONTEXT() REPRESENTATION_CONTEXT('2D SPACE',''
  ) );
#7406 = ORIENTED_EDGE('',*,*,#7407,.F.);
#7407 = EDGE_CURVE('',#7334,#7385,#7408,.T.);
#7408 = SURFACE_CURVE('',#7409,(#7413,#7420),.PCURVE_S1.);
#7409 = LINE('',#7410,#7411);
#7410 = CARTESIAN_POINT('',(588.66374102708,-38.,38.));
#7411 = VECTOR('',#7412,1.);
#7412 = DIRECTION('',(-0.,1.,0.));
#7413 = PCURVE('',#7342,#7414);
#7414 = DEFINITIONAL_REPRESENTATION('',(#7415),#7419);
#7415 = LINE('',#7416,#7417);
#7416 = CARTESIAN_POINT('',(76.,0.));
#7417 = VECTOR('',#7418,1.);
#7418 = DIRECTION('',(0.,-1.));
#7419 = ( GEOMETRIC_REPRESENTATION_CONTEXT(2) 
PARAMETRIC_REPRESENTATION_CONTEXT() REPRESENTATION_CONTEXT('2D SPACE',''
  ) );
#7420 = PCURVE('',#7316,#7421);
#7421 = DEFINITIONAL_REPRESENTATION('',(#7422),#7426);
#7422 = LINE('',#7423,#7424);
#7423 = CARTESIAN_POINT('',(588.66374102708,0.));
#7424 = VECTOR('',#7425,1.);
#7425 = DIRECTION('',(0.,1.));
#7426 = ( GEOMETRIC_REPRESENTATION_CONTEXT(2) 
PARAMETRIC_REPRESENTATION_CONTEXT() REPRESENTATION_CONTEXT('2D SPACE',''
  ) );
#7427 = ADVANCED_FACE('',(#7428),#7234,.F.);
#7428 = FACE_BOUND('',#7429,.F.);
#7429 = EDGE_LOOP('',(#7430,#7451,#7452,#7473));
#7430 = ORIENTED_EDGE('',*,*,#7431,.F.);
#7431 = EDGE_CURVE('',#7212,#7332,#7432,.T.);
#7432 = SURFACE_CURVE('',#7433,(#7437,#7444),.PCURVE_S1.);
#7433 = LINE('',#7434,#7435);
#7434 = CARTESIAN_POINT('',(0.,-38.,-38.));
#7435 = VECTOR('',#7436,1.);
#7436 = DIRECTION('',(1.,0.,-0.));
#7437 = PCURVE('',#7234,#7438);
#7438 = DEFINITIONAL_REPRESENTATION('',(#7439),#7443);
#7439 = LINE('',#7440,#7441);
#7440 = CARTESIAN_POINT('',(0.,0.));
#7441 = VECTOR('',#7442,1.);
#7442 = DIRECTION('',(0.,1.));
#7443 = ( GEOMETRIC_REPRESENTATION_CONTEXT(2) 
PARAMETRIC_REPRESENTATION_CONTEXT() REPRESENTATION_CONTEXT('2D SPACE',''
  ) );
#7444 = PCURVE('',#7262,#7445);
#7445 = DEFINITIONAL_REPRESENTATION('',(#7446),#7450);
#7446 = LINE('',#7447,#7448);
#7447 = CARTESIAN_POINT('',(0.,0.));
#7448 = VECTOR('',#7449,1.);
#7449 = DIRECTION('',(1.,0.));
#7450 = ( GEOMETRIC_REPRESENTATION_CONTEXT(2) 
PARAMETRIC_REPRESENTATION_CONTEXT() REPRESENTATION_CONTEXT('2D SPACE',''
  ) );
#7451 = ORIENTED_EDGE('',*,*,#7211,.T.);
#7452 = ORIENTED_EDGE('',*,*,#7453,.T.);
#7453 = EDGE_CURVE('',#7214,#7334,#7454,.T.);
#7454 = SURFACE_CURVE('',#7455,(#7459,#7466),.PCURVE_S1.);
#7455 = LINE('',#7456,#7457);
#7456 = CARTESIAN_POINT('',(0.,-38.,38.));
#7457 = VECTOR('',#7458,1.);
#7458 = DIRECTION('',(1.,0.,-0.));
#7459 = PCURVE('',#7234,#7460);
#7460 = DEFINITIONAL_REPRESENTATION('',(#7461),#7465);
#7461 = LINE('',#7462,#7463);
#7462 = CARTESIAN_POINT('',(76.,0.));
#7463 = VECTOR('',#7464,1.);
#7464 = DIRECTION('',(0.,1.));
#7465 = ( GEOMETRIC_REPRESENTATION_CONTEXT(2) 
PARAMETRIC_REPRESENTATION_CONTEXT() REPRESENTATION_CONTEXT('2D SPACE',''
  ) );
#7466 = PCURVE('',#7316,#7467);
#7467 = DEFINITIONAL_REPRESENTATION('',(#7468),#7472);
#7468 = LINE('',#7469,#7470);
#7469 = CARTESIAN_POINT('',(0.,0.));
#7470 = VECTOR('',#7471,1.);
#7471 = DIRECTION('',(1.,0.));
#7472 = ( GEOMETRIC_REPRESENTATION_CONTEXT(2) 
PARAMETRIC_REPRESENTATION_CONTEXT() REPRESENTATION_CONTEXT('2D SPACE',''
  ) );
#7473 = ORIENTED_EDGE('',*,*,#7331,.F.);
#7474 = ADVANCED_FACE('',(#7475),#7290,.T.);
#7475 = FACE_BOUND('',#7476,.T.);
#7476 = EDGE_LOOP('',(#7477,#7498,#7499,#7520));
#7477 = ORIENTED_EDGE('',*,*,#7478,.F.);
#7478 = EDGE_CURVE('',#7247,#7362,#7479,.T.);
#7479 = SURFACE_CURVE('',#7480,(#7484,#7491),.PCURVE_S1.);
#7480 = LINE('',#7481,#7482);
#7481 = CARTESIAN_POINT('',(0.,38.,-38.));
#7482 = VECTOR('',#7483,1.);
#7483 = DIRECTION('',(1.,0.,-0.));
#7484 = PCURVE('',#7290,#7485);
#7485 = DEFINITIONAL_REPRESENTATION('',(#7486),#7490);
#7486 = LINE('',#7487,#7488);
#7487 = CARTESIAN_POINT('',(0.,0.));
#7488 = VECTOR('',#7489,1.);
#7489 = DIRECTION('',(0.,1.));
#7490 = ( GEOMETRIC_REPRESENTATION_CONTEXT(2) 
PARAMETRIC_REPRESENTATION_CONTEXT() REPRESENTATION_CONTEXT('2D SPACE',''
  ) );
#7491 = PCURVE('',#7262,#7492);
#7492 = DEFINITIONAL_REPRESENTATION('',(#7493),#7497);
#7493 = LINE('',#7494,#7495);
#7494 = CARTESIAN_POINT('',(0.,76.));
#7495 = VECTOR('',#7496,1.);
#7496 = DIRECTION('',(1.,0.));
#7497 = ( GEOMETRIC_REPRESENTATION_CONTEXT(2) 
PARAMETRIC_REPRESENTATION_CONTEXT() REPRESENTATION_CONTEXT('2D SPACE',''
  ) );
#7498 = ORIENTED_EDGE('',*,*,#7274,.T.);
#7499 = ORIENTED_EDGE('',*,*,#7500,.T.);
#7500 = EDGE_CURVE('',#7275,#7385,#7501,.T.);
#7501 = SURFACE_CURVE('',#7502,(#7506,#7513),.PCURVE_S1.);
#7502 = LINE('',#7503,#7504);
#7503 = CARTESIAN_POINT('',(0.,38.,38.));
#7504 = VECTOR('',#7505,1.);
#7505 = DIRECTION('',(1.,0.,-0.));
#7506 = PCURVE('',#7290,#7507);
#7507 = DEFINITIONAL_REPRESENTATION('',(#7508),#7512);
#7508 = LINE('',#7509,#7510);
#7509 = CARTESIAN_POINT('',(76.,0.));
#7510 = VECTOR('',#7511,1.);
#7511 = DIRECTION('',(0.,1.));
#7512 = ( GEOMETRIC_REPRESENTATION_CONTEXT(2) 
PARAMETRIC_REPRESENTATION_CONTEXT() REPRESENTATION_CONTEXT('2D SPACE',''
  ) );
#7513 = PCURVE('',#7316,#7514);
#7514 = DEFINITIONAL_REPRESENTATION('',(#7515),#7519);
#7515 = LINE('',#7516,#7517);
#7516 = CARTESIAN_POINT('',(0.,76.));
#7517 = VECTOR('',#7518,1.);
#7518 = DIRECTION('',(1.,0.));
#7519 = ( GEOMETRIC_REPRESENTATION_CONTEXT(2) 
PARAMETRIC_REPRESENTATION_CONTEXT() REPRESENTATION_CONTEXT('2D SPACE',''
  ) );
#7520 = ORIENTED_EDGE('',*,*,#7384,.F.);
#7521 = ADVANCED_FACE('',(#7522),#7262,.F.);
#7522 = FACE_BOUND('',#7523,.F.);
#7523 = EDGE_LOOP('',(#7524,#7525,#7526,#7527));
#7524 = ORIENTED_EDGE('',*,*,#7246,.F.);
#7525 = ORIENTED_EDGE('',*,*,#7431,.T.);
#7526 = ORIENTED_EDGE('',*,*,#7361,.T.);
#7527 = ORIENTED_EDGE('',*,*,#7478,.F.);
#7528 = ADVANCED_FACE('',(#7529),#7316,.T.);
#7529 = FACE_BOUND('',#7530,.T.);
#7530 = EDGE_LOOP('',(#7531,#7532,#7533,#7534));
#7531 = ORIENTED_EDGE('',*,*,#7302,.F.);
#7532 = ORIENTED_EDGE('',*,*,#7453,.T.);
#7533 = ORIENTED_EDGE('',*,*,#7407,.T.);
#7534 = ORIENTED_EDGE('',*,*,#7500,.F.);
#7535 = ( GEOMETRIC_REPRESENTATION_CONTEXT(3) 
GLOBAL_UNCERTAINTY_ASSIGNED_CONTEXT((#7539)) 
GLOBAL_UNIT_ASSIGNED_CONTEXT((#7536,#7537,#7538)) REPRESENTATION_CONTEXT
('Context #1','3D Context with UNIT and UNCERTAINTY') );
#7536 = ( LENGTH_UNIT() NAMED_UNIT(*) SI_UNIT(.MILLI.,.METRE.) );
#7537 = ( NAMED_UNIT(*) PLANE_ANGLE_UNIT() SI_UNIT($,.RADIAN.) );
#7538 = ( NAMED_UNIT(*) SI_UNIT($,.STERADIAN.) SOLID_ANGLE_UNIT() );
#7539 = UNCERTAINTY_MEASURE_WITH_UNIT(LENGTH_MEASURE(1.E-07),#7536,
  'distance_accuracy_value','confusion accuracy');
#7540 = CONTEXT_DEPENDENT_SHAPE_REPRESENTATION(#7541,#7543);
#7541 = ( REPRESENTATION_RELATIONSHIP('','',#7204,#10) 
REPRESENTATION_RELATIONSHIP_WITH_TRANSFORMATION(#7542) 
SHAPE_REPRESENTATION_RELATIONSHIP() );
#7542 = ITEM_DEFINED_TRANSFORMATION('','',#11,#95);
#7543 = PRODUCT_DEFINITION_SHAPE('Placement','Placement of an item',
  #7544);
#7544 = NEXT_ASSEMBLY_USAGE_OCCURRENCE('21','=>[0:1:1:22]','',#5,#7199,$
  );
#7545 = PRODUCT_RELATED_PRODUCT_CATEGORY('part',$,(#7201));
#7546 = SHAPE_DEFINITION_REPRESENTATION(#7547,#7553);
#7547 = PRODUCT_DEFINITION_SHAPE('','',#7548);
#7548 = PRODUCT_DEFINITION('design','',#7549,#7552);
#7549 = PRODUCT_DEFINITION_FORMATION('','',#7550);
#7550 = PRODUCT('COMPOUND','COMPOUND','',(#7551));
#7551 = PRODUCT_CONTEXT('',#2,'mechanical');
#7552 = PRODUCT_DEFINITION_CONTEXT('part definition',#2,'design');
#7553 = ADVANCED_BREP_SHAPE_REPRESENTATION('',(#11,#7554),#7884);
#7554 = MANIFOLD_SOLID_BREP('',#7555);
#7555 = CLOSED_SHELL('',(#7556,#7676,#7776,#7823,#7870,#7877));
#7556 = ADVANCED_FACE('',(#7557),#7571,.F.);
#7557 = FACE_BOUND('',#7558,.F.);
#7558 = EDGE_LOOP('',(#7559,#7594,#7622,#7650));
#7559 = ORIENTED_EDGE('',*,*,#7560,.F.);
#7560 = EDGE_CURVE('',#7561,#7563,#7565,.T.);
#7561 = VERTEX_POINT('',#7562);
#7562 = CARTESIAN_POINT('',(0.,-36.,-36.));
#7563 = VERTEX_POINT('',#7564);
#7564 = CARTESIAN_POINT('',(0.,-36.,36.));
#7565 = SURFACE_CURVE('',#7566,(#7570,#7582),.PCURVE_S1.);
#7566 = LINE('',#7567,#7568);
#7567 = CARTESIAN_POINT('',(0.,-36.,-36.));
#7568 = VECTOR('',#7569,1.);
#7569 = DIRECTION('',(0.,0.,1.));
#7570 = PCURVE('',#7571,#7576);
#7571 = PLANE('',#7572);
#7572 = AXIS2_PLACEMENT_3D('',#7573,#7574,#7575);
#7573 = CARTESIAN_POINT('',(0.,-36.,-36.));
#7574 = DIRECTION('',(1.,0.,-0.));
#7575 = DIRECTION('',(0.,0.,1.));
#7576 = DEFINITIONAL_REPRESENTATION('',(#7577),#7581);
#7577 = LINE('',#7578,#7579);
#7578 = CARTESIAN_POINT('',(0.,0.));
#7579 = VECTOR('',#7580,1.);
#7580 = DIRECTION('',(1.,0.));
#7581 = ( GEOMETRIC_REPRESENTATION_CONTEXT(2) 
PARAMETRIC_REPRESENTATION_CONTEXT() REPRESENTATION_CONTEXT('2D SPACE',''
  ) );
#7582 = PCURVE('',#7583,#7588);
#7583 = PLANE('',#7584);
#7584 = AXIS2_PLACEMENT_3D('',#7585,#7586,#7587);
#7585 = CARTESIAN_POINT('',(0.,-36.,-36.));
#7586 = DIRECTION('',(-0.,1.,0.));
#7587 = DIRECTION('',(0.,0.,1.));
#7588 = DEFINITIONAL_REPRESENTATION('',(#7589),#7593);
#7589 = LINE('',#7590,#7591);
#7590 = CARTESIAN_POINT('',(0.,0.));
#7591 = VECTOR('',#7592,1.);
#7592 = DIRECTION('',(1.,0.));
#7593 = ( GEOMETRIC_REPRESENTATION_CONTEXT(2) 
PARAMETRIC_REPRESENTATION_CONTEXT() REPRESENTATION_CONTEXT('2D SPACE',''
  ) );
#7594 = ORIENTED_EDGE('',*,*,#7595,.T.);
#7595 = EDGE_CURVE('',#7561,#7596,#7598,.T.);
#7596 = VERTEX_POINT('',#7597);
#7597 = CARTESIAN_POINT('',(0.,36.,-36.));
#7598 = SURFACE_CURVE('',#7599,(#7603,#7610),.PCURVE_S1.);
#7599 = LINE('',#7600,#7601);
#7600 = CARTESIAN_POINT('',(0.,-36.,-36.));
#7601 = VECTOR('',#7602,1.);
#7602 = DIRECTION('',(-0.,1.,0.));
#7603 = PCURVE('',#7571,#7604);
#7604 = DEFINITIONAL_REPRESENTATION('',(#7605),#7609);
#7605 = LINE('',#7606,#7607);
#7606 = CARTESIAN_POINT('',(0.,0.));
#7607 = VECTOR('',#7608,1.);
#7608 = DIRECTION('',(0.,-1.));
#7609 = ( GEOMETRIC_REPRESENTATION_CONTEXT(2) 
PARAMETRIC_REPRESENTATION_CONTEXT() REPRESENTATION_CONTEXT('2D SPACE',''
  ) );
#7610 = PCURVE('',#7611,#7616);
#7611 = PLANE('',#7612);
#7612 = AXIS2_PLACEMENT_3D('',#7613,#7614,#7615);
#7613 = CARTESIAN_POINT('',(0.,-36.,-36.));
#7614 = DIRECTION('',(0.,0.,1.));
#7615 = DIRECTION('',(1.,0.,-0.));
#7616 = DEFINITIONAL_REPRESENTATION('',(#7617),#7621);
#7617 = LINE('',#7618,#7619);
#7618 = CARTESIAN_POINT('',(0.,0.));
#7619 = VECTOR('',#7620,1.);
#7620 = DIRECTION('',(0.,1.));
#7621 = ( GEOMETRIC_REPRESENTATION_CONTEXT(2) 
PARAMETRIC_REPRESENTATION_CONTEXT() REPRESENTATION_CONTEXT('2D SPACE',''
  ) );
#7622 = ORIENTED_EDGE('',*,*,#7623,.T.);
#7623 = EDGE_CURVE('',#7596,#7624,#7626,.T.);
#7624 = VERTEX_POINT('',#7625);
#7625 = CARTESIAN_POINT('',(0.,36.,36.));
#7626 = SURFACE_CURVE('',#7627,(#7631,#7638),.PCURVE_S1.);
#7627 = LINE('',#7628,#7629);
#7628 = CARTESIAN_POINT('',(0.,36.,-36.));
#7629 = VECTOR('',#7630,1.);
#7630 = DIRECTION('',(0.,0.,1.));
#7631 = PCURVE('',#7571,#7632);
#7632 = DEFINITIONAL_REPRESENTATION('',(#7633),#7637);
#7633 = LINE('',#7634,#7635);
#7634 = CARTESIAN_POINT('',(0.,-72.));
#7635 = VECTOR('',#7636,1.);
#7636 = DIRECTION('',(1.,0.));
#7637 = ( GEOMETRIC_REPRESENTATION_CONTEXT(2) 
PARAMETRIC_REPRESENTATION_CONTEXT() REPRESENTATION_CONTEXT('2D SPACE',''
  ) );
#7638 = PCURVE('',#7639,#7644);
#7639 = PLANE('',#7640);
#7640 = AXIS2_PLACEMENT_3D('',#7641,#7642,#7643);
#7641 = CARTESIAN_POINT('',(0.,36.,-36.));
#7642 = DIRECTION('',(-0.,1.,0.));
#7643 = DIRECTION('',(0.,0.,1.));
#7644 = DEFINITIONAL_REPRESENTATION('',(#7645),#7649);
#7645 = LINE('',#7646,#7647);
#7646 = CARTESIAN_POINT('',(0.,0.));
#7647 = VECTOR('',#7648,1.);
#7648 = DIRECTION('',(1.,0.));
#7649 = ( GEOMETRIC_REPRESENTATION_CONTEXT(2) 
PARAMETRIC_REPRESENTATION_CONTEXT() REPRESENTATION_CONTEXT('2D SPACE',''
  ) );
#7650 = ORIENTED_EDGE('',*,*,#7651,.F.);
#7651 = EDGE_CURVE('',#7563,#7624,#7652,.T.);
#7652 = SURFACE_CURVE('',#7653,(#7657,#7664),.PCURVE_S1.);
#7653 = LINE('',#7654,#7655);
#7654 = CARTESIAN_POINT('',(0.,-36.,36.));
#7655 = VECTOR('',#7656,1.);
#7656 = DIRECTION('',(-0.,1.,0.));
#7657 = PCURVE('',#7571,#7658);
#7658 = DEFINITIONAL_REPRESENTATION('',(#7659),#7663);
#7659 = LINE('',#7660,#7661);
#7660 = CARTESIAN_POINT('',(72.,0.));
#7661 = VECTOR('',#7662,1.);
#7662 = DIRECTION('',(0.,-1.));
#7663 = ( GEOMETRIC_REPRESENTATION_CONTEXT(2) 
PARAMETRIC_REPRESENTATION_CONTEXT() REPRESENTATION_CONTEXT('2D SPACE',''
  ) );
#7664 = PCURVE('',#7665,#7670);
#7665 = PLANE('',#7666);
#7666 = AXIS2_PLACEMENT_3D('',#7667,#7668,#7669);
#7667 = CARTESIAN_POINT('',(0.,-36.,36.));
#7668 = DIRECTION('',(0.,0.,1.));
#7669 = DIRECTION('',(1.,0.,-0.));
#7670 = DEFINITIONAL_REPRESENTATION('',(#7671),#7675);
#7671 = LINE('',#7672,#7673);
#7672 = CARTESIAN_POINT('',(0.,0.));
#7673 = VECTOR('',#7674,1.);
#7674 = DIRECTION('',(0.,1.));
#7675 = ( GEOMETRIC_REPRESENTATION_CONTEXT(2) 
PARAMETRIC_REPRESENTATION_CONTEXT() REPRESENTATION_CONTEXT('2D SPACE',''
  ) );
#7676 = ADVANCED_FACE('',(#7677),#7691,.T.);
#7677 = FACE_BOUND('',#7678,.T.);
#7678 = EDGE_LOOP('',(#7679,#7709,#7732,#7755));
#7679 = ORIENTED_EDGE('',*,*,#7680,.F.);
#7680 = EDGE_CURVE('',#7681,#7683,#7685,.T.);
#7681 = VERTEX_POINT('',#7682);
#7682 = CARTESIAN_POINT('',(805.,-36.,-36.));
#7683 = VERTEX_POINT('',#7684);
#7684 = CARTESIAN_POINT('',(805.,-36.,36.));
#7685 = SURFACE_CURVE('',#7686,(#7690,#7702),.PCURVE_S1.);
#7686 = LINE('',#7687,#7688);
#7687 = CARTESIAN_POINT('',(805.,-36.,-36.));
#7688 = VECTOR('',#7689,1.);
#7689 = DIRECTION('',(0.,0.,1.));
#7690 = PCURVE('',#7691,#7696);
#7691 = PLANE('',#7692);
#7692 = AXIS2_PLACEMENT_3D('',#7693,#7694,#7695);
#7693 = CARTESIAN_POINT('',(805.,-36.,-36.));
#7694 = DIRECTION('',(1.,0.,-0.));
#7695 = DIRECTION('',(0.,0.,1.));
#7696 = DEFINITIONAL_REPRESENTATION('',(#7697),#7701);
#7697 = LINE('',#7698,#7699);
#7698 = CARTESIAN_POINT('',(0.,0.));
#7699 = VECTOR('',#7700,1.);
#7700 = DIRECTION('',(1.,0.));
#7701 = ( GEOMETRIC_REPRESENTATION_CONTEXT(2) 
PARAMETRIC_REPRESENTATION_CONTEXT() REPRESENTATION_CONTEXT('2D SPACE',''
  ) );
#7702 = PCURVE('',#7583,#7703);
#7703 = DEFINITIONAL_REPRESENTATION('',(#7704),#7708);
#7704 = LINE('',#7705,#7706);
#7705 = CARTESIAN_POINT('',(0.,805.));
#7706 = VECTOR('',#7707,1.);
#7707 = DIRECTION('',(1.,0.));
#7708 = ( GEOMETRIC_REPRESENTATION_CONTEXT(2) 
PARAMETRIC_REPRESENTATION_CONTEXT() REPRESENTATION_CONTEXT('2D SPACE',''
  ) );
#7709 = ORIENTED_EDGE('',*,*,#7710,.T.);
#7710 = EDGE_CURVE('',#7681,#7711,#7713,.T.);
#7711 = VERTEX_POINT('',#7712);
#7712 = CARTESIAN_POINT('',(805.,36.,-36.));
#7713 = SURFACE_CURVE('',#7714,(#7718,#7725),.PCURVE_S1.);
#7714 = LINE('',#7715,#7716);
#7715 = CARTESIAN_POINT('',(805.,-36.,-36.));
#7716 = VECTOR('',#7717,1.);
#7717 = DIRECTION('',(-0.,1.,0.));
#7718 = PCURVE('',#7691,#7719);
#7719 = DEFINITIONAL_REPRESENTATION('',(#7720),#7724);
#7720 = LINE('',#7721,#7722);
#7721 = CARTESIAN_POINT('',(0.,0.));
#7722 = VECTOR('',#7723,1.);
#7723 = DIRECTION('',(0.,-1.));
#7724 = ( GEOMETRIC_REPRESENTATION_CONTEXT(2) 
PARAMETRIC_REPRESENTATION_CONTEXT() REPRESENTATION_CONTEXT('2D SPACE',''
  ) );
#7725 = PCURVE('',#7611,#7726);
#7726 = DEFINITIONAL_REPRESENTATION('',(#7727),#7731);
#7727 = LINE('',#7728,#7729);
#7728 = CARTESIAN_POINT('',(805.,0.));
#7729 = VECTOR('',#7730,1.);
#7730 = DIRECTION('',(0.,1.));
#7731 = ( GEOMETRIC_REPRESENTATION_CONTEXT(2) 
PARAMETRIC_REPRESENTATION_CONTEXT() REPRESENTATION_CONTEXT('2D SPACE',''
  ) );
#7732 = ORIENTED_EDGE('',*,*,#7733,.T.);
#7733 = EDGE_CURVE('',#7711,#7734,#7736,.T.);
#7734 = VERTEX_POINT('',#7735);
#7735 = CARTESIAN_POINT('',(805.,36.,36.));
#7736 = SURFACE_CURVE('',#7737,(#7741,#7748),.PCURVE_S1.);
#7737 = LINE('',#7738,#7739);
#7738 = CARTESIAN_POINT('',(805.,36.,-36.));
#7739 = VECTOR('',#7740,1.);
#7740 = DIRECTION('',(0.,0.,1.));
#7741 = PCURVE('',#7691,#7742);
#7742 = DEFINITIONAL_REPRESENTATION('',(#7743),#7747);
#7743 = LINE('',#7744,#7745);
#7744 = CARTESIAN_POINT('',(0.,-72.));
#7745 = VECTOR('',#7746,1.);
#7746 = DIRECTION('',(1.,0.));
#7747 = ( GEOMETRIC_REPRESENTATION_CONTEXT(2) 
PARAMETRIC_REPRESENTATION_CONTEXT() REPRESENTATION_CONTEXT('2D SPACE',''
  ) );
#7748 = PCURVE('',#7639,#7749);
#7749 = DEFINITIONAL_REPRESENTATION('',(#7750),#7754);
#7750 = LINE('',#7751,#7752);
#7751 = CARTESIAN_POINT('',(0.,805.));
#7752 = VECTOR('',#7753,1.);
#7753 = DIRECTION('',(1.,0.));
#7754 = ( GEOMETRIC_REPRESENTATION_CONTEXT(2) 
PARAMETRIC_REPRESENTATION_CONTEXT() REPRESENTATION_CONTEXT('2D SPACE',''
  ) );
#7755 = ORIENTED_EDGE('',*,*,#7756,.F.);
#7756 = EDGE_CURVE('',#7683,#7734,#7757,.T.);
#7757 = SURFACE_CURVE('',#7758,(#7762,#7769),.PCURVE_S1.);
#7758 = LINE('',#7759,#7760);
#7759 = CARTESIAN_POINT('',(805.,-36.,36.));
#7760 = VECTOR('',#7761,1.);
#7761 = DIRECTION('',(-0.,1.,0.));
#7762 = PCURVE('',#7691,#7763);
#7763 = DEFINITIONAL_REPRESENTATION('',(#7764),#7768);
#7764 = LINE('',#7765,#7766);
#7765 = CARTESIAN_POINT('',(72.,0.));
#7766 = VECTOR('',#7767,1.);
#7767 = DIRECTION('',(0.,-1.));
#7768 = ( GEOMETRIC_REPRESENTATION_CONTEXT(2) 
PARAMETRIC_REPRESENTATION_CONTEXT() REPRESENTATION_CONTEXT('2D SPACE',''
  ) );
#7769 = PCURVE('',#7665,#7770);
#7770 = DEFINITIONAL_REPRESENTATION('',(#7771),#7775);
#7771 = LINE('',#7772,#7773);
#7772 = CARTESIAN_POINT('',(805.,0.));
#7773 = VECTOR('',#7774,1.);
#7774 = DIRECTION('',(0.,1.));
#7775 = ( GEOMETRIC_REPRESENTATION_CONTEXT(2) 
PARAMETRIC_REPRESENTATION_CONTEXT() REPRESENTATION_CONTEXT('2D SPACE',''
  ) );
#7776 = ADVANCED_FACE('',(#7777),#7583,.F.);
#7777 = FACE_BOUND('',#7778,.F.);
#7778 = EDGE_LOOP('',(#7779,#7800,#7801,#7822));
#7779 = ORIENTED_EDGE('',*,*,#7780,.F.);
#7780 = EDGE_CURVE('',#7561,#7681,#7781,.T.);
#7781 = SURFACE_CURVE('',#7782,(#7786,#7793),.PCURVE_S1.);
#7782 = LINE('',#7783,#7784);
#7783 = CARTESIAN_POINT('',(0.,-36.,-36.));
#7784 = VECTOR('',#7785,1.);
#7785 = DIRECTION('',(1.,0.,-0.));
#7786 = PCURVE('',#7583,#7787);
#7787 = DEFINITIONAL_REPRESENTATION('',(#7788),#7792);
#7788 = LINE('',#7789,#7790);
#7789 = CARTESIAN_POINT('',(0.,0.));
#7790 = VECTOR('',#7791,1.);
#7791 = DIRECTION('',(0.,1.));
#7792 = ( GEOMETRIC_REPRESENTATION_CONTEXT(2) 
PARAMETRIC_REPRESENTATION_CONTEXT() REPRESENTATION_CONTEXT('2D SPACE',''
  ) );
#7793 = PCURVE('',#7611,#7794);
#7794 = DEFINITIONAL_REPRESENTATION('',(#7795),#7799);
#7795 = LINE('',#7796,#7797);
#7796 = CARTESIAN_POINT('',(0.,0.));
#7797 = VECTOR('',#7798,1.);
#7798 = DIRECTION('',(1.,0.));
#7799 = ( GEOMETRIC_REPRESENTATION_CONTEXT(2) 
PARAMETRIC_REPRESENTATION_CONTEXT() REPRESENTATION_CONTEXT('2D SPACE',''
  ) );
#7800 = ORIENTED_EDGE('',*,*,#7560,.T.);
#7801 = ORIENTED_EDGE('',*,*,#7802,.T.);
#7802 = EDGE_CURVE('',#7563,#7683,#7803,.T.);
#7803 = SURFACE_CURVE('',#7804,(#7808,#7815),.PCURVE_S1.);
#7804 = LINE('',#7805,#7806);
#7805 = CARTESIAN_POINT('',(0.,-36.,36.));
#7806 = VECTOR('',#7807,1.);
#7807 = DIRECTION('',(1.,0.,-0.));
#7808 = PCURVE('',#7583,#7809);
#7809 = DEFINITIONAL_REPRESENTATION('',(#7810),#7814);
#7810 = LINE('',#7811,#7812);
#7811 = CARTESIAN_POINT('',(72.,0.));
#7812 = VECTOR('',#7813,1.);
#7813 = DIRECTION('',(0.,1.));
#7814 = ( GEOMETRIC_REPRESENTATION_CONTEXT(2) 
PARAMETRIC_REPRESENTATION_CONTEXT() REPRESENTATION_CONTEXT('2D SPACE',''
  ) );
#7815 = PCURVE('',#7665,#7816);
#7816 = DEFINITIONAL_REPRESENTATION('',(#7817),#7821);
#7817 = LINE('',#7818,#7819);
#7818 = CARTESIAN_POINT('',(0.,0.));
#7819 = VECTOR('',#7820,1.);
#7820 = DIRECTION('',(1.,0.));
#7821 = ( GEOMETRIC_REPRESENTATION_CONTEXT(2) 
PARAMETRIC_REPRESENTATION_CONTEXT() REPRESENTATION_CONTEXT('2D SPACE',''
  ) );
#7822 = ORIENTED_EDGE('',*,*,#7680,.F.);
#7823 = ADVANCED_FACE('',(#7824),#7639,.T.);
#7824 = FACE_BOUND('',#7825,.T.);
#7825 = EDGE_LOOP('',(#7826,#7847,#7848,#7869));
#7826 = ORIENTED_EDGE('',*,*,#7827,.F.);
#7827 = EDGE_CURVE('',#7596,#7711,#7828,.T.);
#7828 = SURFACE_CURVE('',#7829,(#7833,#7840),.PCURVE_S1.);
#7829 = LINE('',#7830,#7831);
#7830 = CARTESIAN_POINT('',(0.,36.,-36.));
#7831 = VECTOR('',#7832,1.);
#7832 = DIRECTION('',(1.,0.,-0.));
#7833 = PCURVE('',#7639,#7834);
#7834 = DEFINITIONAL_REPRESENTATION('',(#7835),#7839);
#7835 = LINE('',#7836,#7837);
#7836 = CARTESIAN_POINT('',(0.,0.));
#7837 = VECTOR('',#7838,1.);
#7838 = DIRECTION('',(0.,1.));
#7839 = ( GEOMETRIC_REPRESENTATION_CONTEXT(2) 
PARAMETRIC_REPRESENTATION_CONTEXT() REPRESENTATION_CONTEXT('2D SPACE',''
  ) );
#7840 = PCURVE('',#7611,#7841);
#7841 = DEFINITIONAL_REPRESENTATION('',(#7842),#7846);
#7842 = LINE('',#7843,#7844);
#7843 = CARTESIAN_POINT('',(0.,72.));
#7844 = VECTOR('',#7845,1.);
#7845 = DIRECTION('',(1.,0.));
#7846 = ( GEOMETRIC_REPRESENTATION_CONTEXT(2) 
PARAMETRIC_REPRESENTATION_CONTEXT() REPRESENTATION_CONTEXT('2D SPACE',''
  ) );
#7847 = ORIENTED_EDGE('',*,*,#7623,.T.);
#7848 = ORIENTED_EDGE('',*,*,#7849,.T.);
#7849 = EDGE_CURVE('',#7624,#7734,#7850,.T.);
#7850 = SURFACE_CURVE('',#7851,(#7855,#7862),.PCURVE_S1.);
#7851 = LINE('',#7852,#7853);
#7852 = CARTESIAN_POINT('',(0.,36.,36.));
#7853 = VECTOR('',#7854,1.);
#7854 = DIRECTION('',(1.,0.,-0.));
#7855 = PCURVE('',#7639,#7856);
#7856 = DEFINITIONAL_REPRESENTATION('',(#7857),#7861);
#7857 = LINE('',#7858,#7859);
#7858 = CARTESIAN_POINT('',(72.,0.));
#7859 = VECTOR('',#7860,1.);
#7860 = DIRECTION('',(0.,1.));
#7861 = ( GEOMETRIC_REPRESENTATION_CONTEXT(2) 
PARAMETRIC_REPRESENTATION_CONTEXT() REPRESENTATION_CONTEXT('2D SPACE',''
  ) );
#7862 = PCURVE('',#7665,#7863);
#7863 = DEFINITIONAL_REPRESENTATION('',(#7864),#7868);
#7864 = LINE('',#7865,#7866);
#7865 = CARTESIAN_POINT('',(0.,72.));
#7866 = VECTOR('',#7867,1.);
#7867 = DIRECTION('',(1.,0.));
#7868 = ( GEOMETRIC_REPRESENTATION_CONTEXT(2) 
PARAMETRIC_REPRESENTATION_CONTEXT() REPRESENTATION_CONTEXT('2D SPACE',''
  ) );
#7869 = ORIENTED_EDGE('',*,*,#7733,.F.);
#7870 = ADVANCED_FACE('',(#7871),#7611,.F.);
#7871 = FACE_BOUND('',#7872,.F.);
#7872 = EDGE_LOOP('',(#7873,#7874,#7875,#7876));
#7873 = ORIENTED_EDGE('',*,*,#7595,.F.);
#7874 = ORIENTED_EDGE('',*,*,#7780,.T.);
#7875 = ORIENTED_EDGE('',*,*,#7710,.T.);
#7876 = ORIENTED_EDGE('',*,*,#7827,.F.);
#7877 = ADVANCED_FACE('',(#7878),#7665,.T.);
#7878 = FACE_BOUND('',#7879,.T.);
#7879 = EDGE_LOOP('',(#7880,#7881,#7882,#7883));
#7880 = ORIENTED_EDGE('',*,*,#7651,.F.);
#7881 = ORIENTED_EDGE('',*,*,#7802,.T.);
#7882 = ORIENTED_EDGE('',*,*,#7756,.T.);
#7883 = ORIENTED_EDGE('',*,*,#7849,.F.);
#7884 = ( GEOMETRIC_REPRESENTATION_CONTEXT(3) 
GLOBAL_UNCERTAINTY_ASSIGNED_CONTEXT((#7888)) 
GLOBAL_UNIT_ASSIGNED_CONTEXT((#7885,#7886,#7887)) REPRESENTATION_CONTEXT
('Context #1','3D Context with UNIT and UNCERTAINTY') );
#7885 = ( LENGTH_UNIT() NAMED_UNIT(*) SI_UNIT(.MILLI.,.METRE.) );
#7886 = ( NAMED_UNIT(*) PLANE_ANGLE_UNIT() SI_UNIT($,.RADIAN.) );
#7887 = ( NAMED_UNIT(*) SI_UNIT($,.STERADIAN.) SOLID_ANGLE_UNIT() );
#7888 = UNCERTAINTY_MEASURE_WITH_UNIT(LENGTH_MEASURE(1.E-07),#7885,
  'distance_accuracy_value','confusion accuracy');
#7889 = CONTEXT_DEPENDENT_SHAPE_REPRESENTATION(#7890,#7892);
#7890 = ( REPRESENTATION_RELATIONSHIP('','',#7553,#10) 
REPRESENTATION_RELATIONSHIP_WITH_TRANSFORMATION(#7891) 
SHAPE_REPRESENTATION_RELATIONSHIP() );
#7891 = ITEM_DEFINED_TRANSFORMATION('','',#11,#99);
#7892 = PRODUCT_DEFINITION_SHAPE('Placement','Placement of an item',
  #7893);
#7893 = NEXT_ASSEMBLY_USAGE_OCCURRENCE('22','=>[0:1:1:23]','',#5,#7548,$
  );
#7894 = PRODUCT_RELATED_PRODUCT_CATEGORY('part',$,(#7550));
#7895 = SHAPE_DEFINITION_REPRESENTATION(#7896,#7902);
#7896 = PRODUCT_DEFINITION_SHAPE('','',#7897);
#7897 = PRODUCT_DEFINITION('design','',#7898,#7901);
#7898 = PRODUCT_DEFINITION_FORMATION('','',#7899);
#7899 = PRODUCT('COMPOUND','COMPOUND','',(#7900));
#7900 = PRODUCT_CONTEXT('',#2,'mechanical');
#7901 = PRODUCT_DEFINITION_CONTEXT('part definition',#2,'design');
#7902 = ADVANCED_BREP_SHAPE_REPRESENTATION('',(#11,#7903),#8233);
#7903 = MANIFOLD_SOLID_BREP('',#7904);
#7904 = CLOSED_SHELL('',(#7905,#8025,#8125,#8172,#8219,#8226));
#7905 = ADVANCED_FACE('',(#7906),#7920,.F.);
#7906 = FACE_BOUND('',#7907,.F.);
#7907 = EDGE_LOOP('',(#7908,#7943,#7971,#7999));
#7908 = ORIENTED_EDGE('',*,*,#7909,.F.);
#7909 = EDGE_CURVE('',#7910,#7912,#7914,.T.);
#7910 = VERTEX_POINT('',#7911);
#7911 = CARTESIAN_POINT('',(-180.,-95.,-215.));
#7912 = VERTEX_POINT('',#7913);
#7913 = CARTESIAN_POINT('',(-180.,-95.,215.));
#7914 = SURFACE_CURVE('',#7915,(#7919,#7931),.PCURVE_S1.);
#7915 = LINE('',#7916,#7917);
#7916 = CARTESIAN_POINT('',(-180.,-95.,-215.));
#7917 = VECTOR('',#7918,1.);
#7918 = DIRECTION('',(0.,0.,1.));
#7919 = PCURVE('',#7920,#7925);
#7920 = PLANE('',#7921);
#7921 = AXIS2_PLACEMENT_3D('',#7922,#7923,#7924);
#7922 = CARTESIAN_POINT('',(-180.,-95.,-215.));
#7923 = DIRECTION('',(1.,0.,-0.));
#7924 = DIRECTION('',(0.,0.,1.));
#7925 = DEFINITIONAL_REPRESENTATION('',(#7926),#7930);
#7926 = LINE('',#7927,#7928);
#7927 = CARTESIAN_POINT('',(0.,0.));
#7928 = VECTOR('',#7929,1.);
#7929 = DIRECTION('',(1.,0.));
#7930 = ( GEOMETRIC_REPRESENTATION_CONTEXT(2) 
PARAMETRIC_REPRESENTATION_CONTEXT() REPRESENTATION_CONTEXT('2D SPACE',''
  ) );
#7931 = PCURVE('',#7932,#7937);
#7932 = PLANE('',#7933);
#7933 = AXIS2_PLACEMENT_3D('',#7934,#7935,#7936);
#7934 = CARTESIAN_POINT('',(-180.,-95.,-215.));
#7935 = DIRECTION('',(-0.,1.,0.));
#7936 = DIRECTION('',(0.,0.,1.));
#7937 = DEFINITIONAL_REPRESENTATION('',(#7938),#7942);
#7938 = LINE('',#7939,#7940);
#7939 = CARTESIAN_POINT('',(0.,0.));
#7940 = VECTOR('',#7941,1.);
#7941 = DIRECTION('',(1.,0.));
#7942 = ( GEOMETRIC_REPRESENTATION_CONTEXT(2) 
PARAMETRIC_REPRESENTATION_CONTEXT() REPRESENTATION_CONTEXT('2D SPACE',''
  ) );
#7943 = ORIENTED_EDGE('',*,*,#7944,.T.);
#7944 = EDGE_CURVE('',#7910,#7945,#7947,.T.);
#7945 = VERTEX_POINT('',#7946);
#7946 = CARTESIAN_POINT('',(-180.,95.,-215.));
#7947 = SURFACE_CURVE('',#7948,(#7952,#7959),.PCURVE_S1.);
#7948 = LINE('',#7949,#7950);
#7949 = CARTESIAN_POINT('',(-180.,-95.,-215.));
#7950 = VECTOR('',#7951,1.);
#7951 = DIRECTION('',(-0.,1.,0.));
#7952 = PCURVE('',#7920,#7953);
#7953 = DEFINITIONAL_REPRESENTATION('',(#7954),#7958);
#7954 = LINE('',#7955,#7956);
#7955 = CARTESIAN_POINT('',(0.,0.));
#7956 = VECTOR('',#7957,1.);
#7957 = DIRECTION('',(0.,-1.));
#7958 = ( GEOMETRIC_REPRESENTATION_CONTEXT(2) 
PARAMETRIC_REPRESENTATION_CONTEXT() REPRESENTATION_CONTEXT('2D SPACE',''
  ) );
#7959 = PCURVE('',#7960,#7965);
#7960 = PLANE('',#7961);
#7961 = AXIS2_PLACEMENT_3D('',#7962,#7963,#7964);
#7962 = CARTESIAN_POINT('',(-180.,-95.,-215.));
#7963 = DIRECTION('',(0.,0.,1.));
#7964 = DIRECTION('',(1.,0.,-0.));
#7965 = DEFINITIONAL_REPRESENTATION('',(#7966),#7970);
#7966 = LINE('',#7967,#7968);
#7967 = CARTESIAN_POINT('',(0.,0.));
#7968 = VECTOR('',#7969,1.);
#7969 = DIRECTION('',(0.,1.));
#7970 = ( GEOMETRIC_REPRESENTATION_CONTEXT(2) 
PARAMETRIC_REPRESENTATION_CONTEXT() REPRESENTATION_CONTEXT('2D SPACE',''
  ) );
#7971 = ORIENTED_EDGE('',*,*,#7972,.T.);
#7972 = EDGE_CURVE('',#7945,#7973,#7975,.T.);
#7973 = VERTEX_POINT('',#7974);
#7974 = CARTESIAN_POINT('',(-180.,95.,215.));
#7975 = SURFACE_CURVE('',#7976,(#7980,#7987),.PCURVE_S1.);
#7976 = LINE('',#7977,#7978);
#7977 = CARTESIAN_POINT('',(-180.,95.,-215.));
#7978 = VECTOR('',#7979,1.);
#7979 = DIRECTION('',(0.,0.,1.));
#7980 = PCURVE('',#7920,#7981);
#7981 = DEFINITIONAL_REPRESENTATION('',(#7982),#7986);
#7982 = LINE('',#7983,#7984);
#7983 = CARTESIAN_POINT('',(0.,-190.));
#7984 = VECTOR('',#7985,1.);
#7985 = DIRECTION('',(1.,0.));
#7986 = ( GEOMETRIC_REPRESENTATION_CONTEXT(2) 
PARAMETRIC_REPRESENTATION_CONTEXT() REPRESENTATION_CONTEXT('2D SPACE',''
  ) );
#7987 = PCURVE('',#7988,#7993);
#7988 = PLANE('',#7989);
#7989 = AXIS2_PLACEMENT_3D('',#7990,#7991,#7992);
#7990 = CARTESIAN_POINT('',(-180.,95.,-215.));
#7991 = DIRECTION('',(-0.,1.,0.));
#7992 = DIRECTION('',(0.,0.,1.));
#7993 = DEFINITIONAL_REPRESENTATION('',(#7994),#7998);
#7994 = LINE('',#7995,#7996);
#7995 = CARTESIAN_POINT('',(0.,0.));
#7996 = VECTOR('',#7997,1.);
#7997 = DIRECTION('',(1.,0.));
#7998 = ( GEOMETRIC_REPRESENTATION_CONTEXT(2) 
PARAMETRIC_REPRESENTATION_CONTEXT() REPRESENTATION_CONTEXT('2D SPACE',''
  ) );
#7999 = ORIENTED_EDGE('',*,*,#8000,.F.);
#8000 = EDGE_CURVE('',#7912,#7973,#8001,.T.);
#8001 = SURFACE_CURVE('',#8002,(#8006,#8013),.PCURVE_S1.);
#8002 = LINE('',#8003,#8004);
#8003 = CARTESIAN_POINT('',(-180.,-95.,215.));
#8004 = VECTOR('',#8005,1.);
#8005 = DIRECTION('',(-0.,1.,0.));
#8006 = PCURVE('',#7920,#8007);
#8007 = DEFINITIONAL_REPRESENTATION('',(#8008),#8012);
#8008 = LINE('',#8009,#8010);
#8009 = CARTESIAN_POINT('',(430.,0.));
#8010 = VECTOR('',#8011,1.);
#8011 = DIRECTION('',(0.,-1.));
#8012 = ( GEOMETRIC_REPRESENTATION_CONTEXT(2) 
PARAMETRIC_REPRESENTATION_CONTEXT() REPRESENTATION_CONTEXT('2D SPACE',''
  ) );
#8013 = PCURVE('',#8014,#8019);
#8014 = PLANE('',#8015);
#8015 = AXIS2_PLACEMENT_3D('',#8016,#8017,#8018);
#8016 = CARTESIAN_POINT('',(-180.,-95.,215.));
#8017 = DIRECTION('',(0.,0.,1.));
#8018 = DIRECTION('',(1.,0.,-0.));
#8019 = DEFINITIONAL_REPRESENTATION('',(#8020),#8024);
#8020 = LINE('',#8021,#8022);
#8021 = CARTESIAN_POINT('',(0.,0.));
#8022 = VECTOR('',#8023,1.);
#8023 = DIRECTION('',(0.,1.));
#8024 = ( GEOMETRIC_REPRESENTATION_CONTEXT(2) 
PARAMETRIC_REPRESENTATION_CONTEXT() REPRESENTATION_CONTEXT('2D SPACE',''
  ) );
#8025 = ADVANCED_FACE('',(#8026),#8040,.T.);
#8026 = FACE_BOUND('',#8027,.T.);
#8027 = EDGE_LOOP('',(#8028,#8058,#8081,#8104));
#8028 = ORIENTED_EDGE('',*,*,#8029,.F.);
#8029 = EDGE_CURVE('',#8030,#8032,#8034,.T.);
#8030 = VERTEX_POINT('',#8031);
#8031 = CARTESIAN_POINT('',(180.,-95.,-215.));
#8032 = VERTEX_POINT('',#8033);
#8033 = CARTESIAN_POINT('',(180.,-95.,215.));
#8034 = SURFACE_CURVE('',#8035,(#8039,#8051),.PCURVE_S1.);
#8035 = LINE('',#8036,#8037);
#8036 = CARTESIAN_POINT('',(180.,-95.,-215.));
#8037 = VECTOR('',#8038,1.);
#8038 = DIRECTION('',(0.,0.,1.));
#8039 = PCURVE('',#8040,#8045);
#8040 = PLANE('',#8041);
#8041 = AXIS2_PLACEMENT_3D('',#8042,#8043,#8044);
#8042 = CARTESIAN_POINT('',(180.,-95.,-215.));
#8043 = DIRECTION('',(1.,0.,-0.));
#8044 = DIRECTION('',(0.,0.,1.));
#8045 = DEFINITIONAL_REPRESENTATION('',(#8046),#8050);
#8046 = LINE('',#8047,#8048);
#8047 = CARTESIAN_POINT('',(0.,0.));
#8048 = VECTOR('',#8049,1.);
#8049 = DIRECTION('',(1.,0.));
#8050 = ( GEOMETRIC_REPRESENTATION_CONTEXT(2) 
PARAMETRIC_REPRESENTATION_CONTEXT() REPRESENTATION_CONTEXT('2D SPACE',''
  ) );
#8051 = PCURVE('',#7932,#8052);
#8052 = DEFINITIONAL_REPRESENTATION('',(#8053),#8057);
#8053 = LINE('',#8054,#8055);
#8054 = CARTESIAN_POINT('',(0.,360.));
#8055 = VECTOR('',#8056,1.);
#8056 = DIRECTION('',(1.,0.));
#8057 = ( GEOMETRIC_REPRESENTATION_CONTEXT(2) 
PARAMETRIC_REPRESENTATION_CONTEXT() REPRESENTATION_CONTEXT('2D SPACE',''
  ) );
#8058 = ORIENTED_EDGE('',*,*,#8059,.T.);
#8059 = EDGE_CURVE('',#8030,#8060,#8062,.T.);
#8060 = VERTEX_POINT('',#8061);
#8061 = CARTESIAN_POINT('',(180.,95.,-215.));
#8062 = SURFACE_CURVE('',#8063,(#8067,#8074),.PCURVE_S1.);
#8063 = LINE('',#8064,#8065);
#8064 = CARTESIAN_POINT('',(180.,-95.,-215.));
#8065 = VECTOR('',#8066,1.);
#8066 = DIRECTION('',(-0.,1.,0.));
#8067 = PCURVE('',#8040,#8068);
#8068 = DEFINITIONAL_REPRESENTATION('',(#8069),#8073);
#8069 = LINE('',#8070,#8071);
#8070 = CARTESIAN_POINT('',(0.,0.));
#8071 = VECTOR('',#8072,1.);
#8072 = DIRECTION('',(0.,-1.));
#8073 = ( GEOMETRIC_REPRESENTATION_CONTEXT(2) 
PARAMETRIC_REPRESENTATION_CONTEXT() REPRESENTATION_CONTEXT('2D SPACE',''
  ) );
#8074 = PCURVE('',#7960,#8075);
#8075 = DEFINITIONAL_REPRESENTATION('',(#8076),#8080);
#8076 = LINE('',#8077,#8078);
#8077 = CARTESIAN_POINT('',(360.,0.));
#8078 = VECTOR('',#8079,1.);
#8079 = DIRECTION('',(0.,1.));
#8080 = ( GEOMETRIC_REPRESENTATION_CONTEXT(2) 
PARAMETRIC_REPRESENTATION_CONTEXT() REPRESENTATION_CONTEXT('2D SPACE',''
  ) );
#8081 = ORIENTED_EDGE('',*,*,#8082,.T.);
#8082 = EDGE_CURVE('',#8060,#8083,#8085,.T.);
#8083 = VERTEX_POINT('',#8084);
#8084 = CARTESIAN_POINT('',(180.,95.,215.));
#8085 = SURFACE_CURVE('',#8086,(#8090,#8097),.PCURVE_S1.);
#8086 = LINE('',#8087,#8088);
#8087 = CARTESIAN_POINT('',(180.,95.,-215.));
#8088 = VECTOR('',#8089,1.);
#8089 = DIRECTION('',(0.,0.,1.));
#8090 = PCURVE('',#8040,#8091);
#8091 = DEFINITIONAL_REPRESENTATION('',(#8092),#8096);
#8092 = LINE('',#8093,#8094);
#8093 = CARTESIAN_POINT('',(0.,-190.));
#8094 = VECTOR('',#8095,1.);
#8095 = DIRECTION('',(1.,0.));
#8096 = ( GEOMETRIC_REPRESENTATION_CONTEXT(2) 
PARAMETRIC_REPRESENTATION_CONTEXT() REPRESENTATION_CONTEXT('2D SPACE',''
  ) );
#8097 = PCURVE('',#7988,#8098);
#8098 = DEFINITIONAL_REPRESENTATION('',(#8099),#8103);
#8099 = LINE('',#8100,#8101);
#8100 = CARTESIAN_POINT('',(0.,360.));
#8101 = VECTOR('',#8102,1.);
#8102 = DIRECTION('',(1.,0.));
#8103 = ( GEOMETRIC_REPRESENTATION_CONTEXT(2) 
PARAMETRIC_REPRESENTATION_CONTEXT() REPRESENTATION_CONTEXT('2D SPACE',''
  ) );
#8104 = ORIENTED_EDGE('',*,*,#8105,.F.);
#8105 = EDGE_CURVE('',#8032,#8083,#8106,.T.);
#8106 = SURFACE_CURVE('',#8107,(#8111,#8118),.PCURVE_S1.);
#8107 = LINE('',#8108,#8109);
#8108 = CARTESIAN_POINT('',(180.,-95.,215.));
#8109 = VECTOR('',#8110,1.);
#8110 = DIRECTION('',(-0.,1.,0.));
#8111 = PCURVE('',#8040,#8112);
#8112 = DEFINITIONAL_REPRESENTATION('',(#8113),#8117);
#8113 = LINE('',#8114,#8115);
#8114 = CARTESIAN_POINT('',(430.,0.));
#8115 = VECTOR('',#8116,1.);
#8116 = DIRECTION('',(0.,-1.));
#8117 = ( GEOMETRIC_REPRESENTATION_CONTEXT(2) 
PARAMETRIC_REPRESENTATION_CONTEXT() REPRESENTATION_CONTEXT('2D SPACE',''
  ) );
#8118 = PCURVE('',#8014,#8119);
#8119 = DEFINITIONAL_REPRESENTATION('',(#8120),#8124);
#8120 = LINE('',#8121,#8122);
#8121 = CARTESIAN_POINT('',(360.,0.));
#8122 = VECTOR('',#8123,1.);
#8123 = DIRECTION('',(0.,1.));
#8124 = ( GEOMETRIC_REPRESENTATION_CONTEXT(2) 
PARAMETRIC_REPRESENTATION_CONTEXT() REPRESENTATION_CONTEXT('2D SPACE',''
  ) );
#8125 = ADVANCED_FACE('',(#8126),#7932,.F.);
#8126 = FACE_BOUND('',#8127,.F.);
#8127 = EDGE_LOOP('',(#8128,#8149,#8150,#8171));
#8128 = ORIENTED_EDGE('',*,*,#8129,.F.);
#8129 = EDGE_CURVE('',#7910,#8030,#8130,.T.);
#8130 = SURFACE_CURVE('',#8131,(#8135,#8142),.PCURVE_S1.);
#8131 = LINE('',#8132,#8133);
#8132 = CARTESIAN_POINT('',(-180.,-95.,-215.));
#8133 = VECTOR('',#8134,1.);
#8134 = DIRECTION('',(1.,0.,-0.));
#8135 = PCURVE('',#7932,#8136);
#8136 = DEFINITIONAL_REPRESENTATION('',(#8137),#8141);
#8137 = LINE('',#8138,#8139);
#8138 = CARTESIAN_POINT('',(0.,0.));
#8139 = VECTOR('',#8140,1.);
#8140 = DIRECTION('',(0.,1.));
#8141 = ( GEOMETRIC_REPRESENTATION_CONTEXT(2) 
PARAMETRIC_REPRESENTATION_CONTEXT() REPRESENTATION_CONTEXT('2D SPACE',''
  ) );
#8142 = PCURVE('',#7960,#8143);
#8143 = DEFINITIONAL_REPRESENTATION('',(#8144),#8148);
#8144 = LINE('',#8145,#8146);
#8145 = CARTESIAN_POINT('',(0.,0.));
#8146 = VECTOR('',#8147,1.);
#8147 = DIRECTION('',(1.,0.));
#8148 = ( GEOMETRIC_REPRESENTATION_CONTEXT(2) 
PARAMETRIC_REPRESENTATION_CONTEXT() REPRESENTATION_CONTEXT('2D SPACE',''
  ) );
#8149 = ORIENTED_EDGE('',*,*,#7909,.T.);
#8150 = ORIENTED_EDGE('',*,*,#8151,.T.);
#8151 = EDGE_CURVE('',#7912,#8032,#8152,.T.);
#8152 = SURFACE_CURVE('',#8153,(#8157,#8164),.PCURVE_S1.);
#8153 = LINE('',#8154,#8155);
#8154 = CARTESIAN_POINT('',(-180.,-95.,215.));
#8155 = VECTOR('',#8156,1.);
#8156 = DIRECTION('',(1.,0.,-0.));
#8157 = PCURVE('',#7932,#8158);
#8158 = DEFINITIONAL_REPRESENTATION('',(#8159),#8163);
#8159 = LINE('',#8160,#8161);
#8160 = CARTESIAN_POINT('',(430.,0.));
#8161 = VECTOR('',#8162,1.);
#8162 = DIRECTION('',(0.,1.));
#8163 = ( GEOMETRIC_REPRESENTATION_CONTEXT(2) 
PARAMETRIC_REPRESENTATION_CONTEXT() REPRESENTATION_CONTEXT('2D SPACE',''
  ) );
#8164 = PCURVE('',#8014,#8165);
#8165 = DEFINITIONAL_REPRESENTATION('',(#8166),#8170);
#8166 = LINE('',#8167,#8168);
#8167 = CARTESIAN_POINT('',(0.,0.));
#8168 = VECTOR('',#8169,1.);
#8169 = DIRECTION('',(1.,0.));
#8170 = ( GEOMETRIC_REPRESENTATION_CONTEXT(2) 
PARAMETRIC_REPRESENTATION_CONTEXT() REPRESENTATION_CONTEXT('2D SPACE',''
  ) );
#8171 = ORIENTED_EDGE('',*,*,#8029,.F.);
#8172 = ADVANCED_FACE('',(#8173),#7988,.T.);
#8173 = FACE_BOUND('',#8174,.T.);
#8174 = EDGE_LOOP('',(#8175,#8196,#8197,#8218));
#8175 = ORIENTED_EDGE('',*,*,#8176,.F.);
#8176 = EDGE_CURVE('',#7945,#8060,#8177,.T.);
#8177 = SURFACE_CURVE('',#8178,(#8182,#8189),.PCURVE_S1.);
#8178 = LINE('',#8179,#8180);
#8179 = CARTESIAN_POINT('',(-180.,95.,-215.));
#8180 = VECTOR('',#8181,1.);
#8181 = DIRECTION('',(1.,0.,-0.));
#8182 = PCURVE('',#7988,#8183);
#8183 = DEFINITIONAL_REPRESENTATION('',(#8184),#8188);
#8184 = LINE('',#8185,#8186);
#8185 = CARTESIAN_POINT('',(0.,0.));
#8186 = VECTOR('',#8187,1.);
#8187 = DIRECTION('',(0.,1.));
#8188 = ( GEOMETRIC_REPRESENTATION_CONTEXT(2) 
PARAMETRIC_REPRESENTATION_CONTEXT() REPRESENTATION_CONTEXT('2D SPACE',''
  ) );
#8189 = PCURVE('',#7960,#8190);
#8190 = DEFINITIONAL_REPRESENTATION('',(#8191),#8195);
#8191 = LINE('',#8192,#8193);
#8192 = CARTESIAN_POINT('',(0.,190.));
#8193 = VECTOR('',#8194,1.);
#8194 = DIRECTION('',(1.,0.));
#8195 = ( GEOMETRIC_REPRESENTATION_CONTEXT(2) 
PARAMETRIC_REPRESENTATION_CONTEXT() REPRESENTATION_CONTEXT('2D SPACE',''
  ) );
#8196 = ORIENTED_EDGE('',*,*,#7972,.T.);
#8197 = ORIENTED_EDGE('',*,*,#8198,.T.);
#8198 = EDGE_CURVE('',#7973,#8083,#8199,.T.);
#8199 = SURFACE_CURVE('',#8200,(#8204,#8211),.PCURVE_S1.);
#8200 = LINE('',#8201,#8202);
#8201 = CARTESIAN_POINT('',(-180.,95.,215.));
#8202 = VECTOR('',#8203,1.);
#8203 = DIRECTION('',(1.,0.,-0.));
#8204 = PCURVE('',#7988,#8205);
#8205 = DEFINITIONAL_REPRESENTATION('',(#8206),#8210);
#8206 = LINE('',#8207,#8208);
#8207 = CARTESIAN_POINT('',(430.,0.));
#8208 = VECTOR('',#8209,1.);
#8209 = DIRECTION('',(0.,1.));
#8210 = ( GEOMETRIC_REPRESENTATION_CONTEXT(2) 
PARAMETRIC_REPRESENTATION_CONTEXT() REPRESENTATION_CONTEXT('2D SPACE',''
  ) );
#8211 = PCURVE('',#8014,#8212);
#8212 = DEFINITIONAL_REPRESENTATION('',(#8213),#8217);
#8213 = LINE('',#8214,#8215);
#8214 = CARTESIAN_POINT('',(0.,190.));
#8215 = VECTOR('',#8216,1.);
#8216 = DIRECTION('',(1.,0.));
#8217 = ( GEOMETRIC_REPRESENTATION_CONTEXT(2) 
PARAMETRIC_REPRESENTATION_CONTEXT() REPRESENTATION_CONTEXT('2D SPACE',''
  ) );
#8218 = ORIENTED_EDGE('',*,*,#8082,.F.);
#8219 = ADVANCED_FACE('',(#8220),#7960,.F.);
#8220 = FACE_BOUND('',#8221,.F.);
#8221 = EDGE_LOOP('',(#8222,#8223,#8224,#8225));
#8222 = ORIENTED_EDGE('',*,*,#7944,.F.);
#8223 = ORIENTED_EDGE('',*,*,#8129,.T.);
#8224 = ORIENTED_EDGE('',*,*,#8059,.T.);
#8225 = ORIENTED_EDGE('',*,*,#8176,.F.);
#8226 = ADVANCED_FACE('',(#8227),#8014,.T.);
#8227 = FACE_BOUND('',#8228,.T.);
#8228 = EDGE_LOOP('',(#8229,#8230,#8231,#8232));
#8229 = ORIENTED_EDGE('',*,*,#8000,.F.);
#8230 = ORIENTED_EDGE('',*,*,#8151,.T.);
#8231 = ORIENTED_EDGE('',*,*,#8105,.T.);
#8232 = ORIENTED_EDGE('',*,*,#8198,.F.);
#8233 = ( GEOMETRIC_REPRESENTATION_CONTEXT(3) 
GLOBAL_UNCERTAINTY_ASSIGNED_CONTEXT((#8237)) 
GLOBAL_UNIT_ASSIGNED_CONTEXT((#8234,#8235,#8236)) REPRESENTATION_CONTEXT
('Context #1','3D Context with UNIT and UNCERTAINTY') );
#8234 = ( LENGTH_UNIT() NAMED_UNIT(*) SI_UNIT(.MILLI.,.METRE.) );
#8235 = ( NAMED_UNIT(*) PLANE_ANGLE_UNIT() SI_UNIT($,.RADIAN.) );
#8236 = ( NAMED_UNIT(*) SI_UNIT($,.STERADIAN.) SOLID_ANGLE_UNIT() );
#8237 = UNCERTAINTY_MEASURE_WITH_UNIT(LENGTH_MEASURE(1.E-07),#8234,
  'distance_accuracy_value','confusion accuracy');
#8238 = CONTEXT_DEPENDENT_SHAPE_REPRESENTATION(#8239,#8241);
#8239 = ( REPRESENTATION_RELATIONSHIP('','',#7902,#10) 
REPRESENTATION_RELATIONSHIP_WITH_TRANSFORMATION(#8240) 
SHAPE_REPRESENTATION_RELATIONSHIP() );
#8240 = ITEM_DEFINED_TRANSFORMATION('','',#11,#103);
#8241 = PRODUCT_DEFINITION_SHAPE('Placement','Placement of an item',
  #8242);
#8242 = NEXT_ASSEMBLY_USAGE_OCCURRENCE('23','=>[0:1:1:24]','',#5,#7897,$
  );
#8243 = PRODUCT_RELATED_PRODUCT_CATEGORY('part',$,(#7899));
#8244 = SHAPE_DEFINITION_REPRESENTATION(#8245,#8251);
#8245 = PRODUCT_DEFINITION_SHAPE('','',#8246);
#8246 = PRODUCT_DEFINITION('design','',#8247,#8250);
#8247 = PRODUCT_DEFINITION_FORMATION('','',#8248);
#8248 = PRODUCT('COMPOUND','COMPOUND','',(#8249));
#8249 = PRODUCT_CONTEXT('',#2,'mechanical');
#8250 = PRODUCT_DEFINITION_CONTEXT('part definition',#2,'design');
#8251 = ADVANCED_BREP_SHAPE_REPRESENTATION('',(#11,#8252),#8582);
#8252 = MANIFOLD_SOLID_BREP('',#8253);
#8253 = CLOSED_SHELL('',(#8254,#8374,#8474,#8521,#8568,#8575));
#8254 = ADVANCED_FACE('',(#8255),#8269,.F.);
#8255 = FACE_BOUND('',#8256,.F.);
#8256 = EDGE_LOOP('',(#8257,#8292,#8320,#8348));
#8257 = ORIENTED_EDGE('',*,*,#8258,.F.);
#8258 = EDGE_CURVE('',#8259,#8261,#8263,.T.);
#8259 = VERTEX_POINT('',#8260);
#8260 = CARTESIAN_POINT('',(0.,-36.,-36.));
#8261 = VERTEX_POINT('',#8262);
#8262 = CARTESIAN_POINT('',(0.,-36.,36.));
#8263 = SURFACE_CURVE('',#8264,(#8268,#8280),.PCURVE_S1.);
#8264 = LINE('',#8265,#8266);
#8265 = CARTESIAN_POINT('',(0.,-36.,-36.));
#8266 = VECTOR('',#8267,1.);
#8267 = DIRECTION('',(0.,0.,1.));
#8268 = PCURVE('',#8269,#8274);
#8269 = PLANE('',#8270);
#8270 = AXIS2_PLACEMENT_3D('',#8271,#8272,#8273);
#8271 = CARTESIAN_POINT('',(0.,-36.,-36.));
#8272 = DIRECTION('',(1.,0.,-0.));
#8273 = DIRECTION('',(0.,0.,1.));
#8274 = DEFINITIONAL_REPRESENTATION('',(#8275),#8279);
#8275 = LINE('',#8276,#8277);
#8276 = CARTESIAN_POINT('',(0.,0.));
#8277 = VECTOR('',#8278,1.);
#8278 = DIRECTION('',(1.,0.));
#8279 = ( GEOMETRIC_REPRESENTATION_CONTEXT(2) 
PARAMETRIC_REPRESENTATION_CONTEXT() REPRESENTATION_CONTEXT('2D SPACE',''
  ) );
#8280 = PCURVE('',#8281,#8286);
#8281 = PLANE('',#8282);
#8282 = AXIS2_PLACEMENT_3D('',#8283,#8284,#8285);
#8283 = CARTESIAN_POINT('',(0.,-36.,-36.));
#8284 = DIRECTION('',(-0.,1.,0.));
#8285 = DIRECTION('',(0.,0.,1.));
#8286 = DEFINITIONAL_REPRESENTATION('',(#8287),#8291);
#8287 = LINE('',#8288,#8289);
#8288 = CARTESIAN_POINT('',(0.,0.));
#8289 = VECTOR('',#8290,1.);
#8290 = DIRECTION('',(1.,0.));
#8291 = ( GEOMETRIC_REPRESENTATION_CONTEXT(2) 
PARAMETRIC_REPRESENTATION_CONTEXT() REPRESENTATION_CONTEXT('2D SPACE',''
  ) );
#8292 = ORIENTED_EDGE('',*,*,#8293,.T.);
#8293 = EDGE_CURVE('',#8259,#8294,#8296,.T.);
#8294 = VERTEX_POINT('',#8295);
#8295 = CARTESIAN_POINT('',(0.,36.,-36.));
#8296 = SURFACE_CURVE('',#8297,(#8301,#8308),.PCURVE_S1.);
#8297 = LINE('',#8298,#8299);
#8298 = CARTESIAN_POINT('',(0.,-36.,-36.));
#8299 = VECTOR('',#8300,1.);
#8300 = DIRECTION('',(-0.,1.,0.));
#8301 = PCURVE('',#8269,#8302);
#8302 = DEFINITIONAL_REPRESENTATION('',(#8303),#8307);
#8303 = LINE('',#8304,#8305);
#8304 = CARTESIAN_POINT('',(0.,0.));
#8305 = VECTOR('',#8306,1.);
#8306 = DIRECTION('',(0.,-1.));
#8307 = ( GEOMETRIC_REPRESENTATION_CONTEXT(2) 
PARAMETRIC_REPRESENTATION_CONTEXT() REPRESENTATION_CONTEXT('2D SPACE',''
  ) );
#8308 = PCURVE('',#8309,#8314);
#8309 = PLANE('',#8310);
#8310 = AXIS2_PLACEMENT_3D('',#8311,#8312,#8313);
#8311 = CARTESIAN_POINT('',(0.,-36.,-36.));
#8312 = DIRECTION('',(0.,0.,1.));
#8313 = DIRECTION('',(1.,0.,-0.));
#8314 = DEFINITIONAL_REPRESENTATION('',(#8315),#8319);
#8315 = LINE('',#8316,#8317);
#8316 = CARTESIAN_POINT('',(0.,0.));
#8317 = VECTOR('',#8318,1.);
#8318 = DIRECTION('',(0.,1.));
#8319 = ( GEOMETRIC_REPRESENTATION_CONTEXT(2) 
PARAMETRIC_REPRESENTATION_CONTEXT() REPRESENTATION_CONTEXT('2D SPACE',''
  ) );
#8320 = ORIENTED_EDGE('',*,*,#8321,.T.);
#8321 = EDGE_CURVE('',#8294,#8322,#8324,.T.);
#8322 = VERTEX_POINT('',#8323);
#8323 = CARTESIAN_POINT('',(0.,36.,36.));
#8324 = SURFACE_CURVE('',#8325,(#8329,#8336),.PCURVE_S1.);
#8325 = LINE('',#8326,#8327);
#8326 = CARTESIAN_POINT('',(0.,36.,-36.));
#8327 = VECTOR('',#8328,1.);
#8328 = DIRECTION('',(0.,0.,1.));
#8329 = PCURVE('',#8269,#8330);
#8330 = DEFINITIONAL_REPRESENTATION('',(#8331),#8335);
#8331 = LINE('',#8332,#8333);
#8332 = CARTESIAN_POINT('',(0.,-72.));
#8333 = VECTOR('',#8334,1.);
#8334 = DIRECTION('',(1.,0.));
#8335 = ( GEOMETRIC_REPRESENTATION_CONTEXT(2) 
PARAMETRIC_REPRESENTATION_CONTEXT() REPRESENTATION_CONTEXT('2D SPACE',''
  ) );
#8336 = PCURVE('',#8337,#8342);
#8337 = PLANE('',#8338);
#8338 = AXIS2_PLACEMENT_3D('',#8339,#8340,#8341);
#8339 = CARTESIAN_POINT('',(0.,36.,-36.));
#8340 = DIRECTION('',(-0.,1.,0.));
#8341 = DIRECTION('',(0.,0.,1.));
#8342 = DEFINITIONAL_REPRESENTATION('',(#8343),#8347);
#8343 = LINE('',#8344,#8345);
#8344 = CARTESIAN_POINT('',(0.,0.));
#8345 = VECTOR('',#8346,1.);
#8346 = DIRECTION('',(1.,0.));
#8347 = ( GEOMETRIC_REPRESENTATION_CONTEXT(2) 
PARAMETRIC_REPRESENTATION_CONTEXT() REPRESENTATION_CONTEXT('2D SPACE',''
  ) );
#8348 = ORIENTED_EDGE('',*,*,#8349,.F.);
#8349 = EDGE_CURVE('',#8261,#8322,#8350,.T.);
#8350 = SURFACE_CURVE('',#8351,(#8355,#8362),.PCURVE_S1.);
#8351 = LINE('',#8352,#8353);
#8352 = CARTESIAN_POINT('',(0.,-36.,36.));
#8353 = VECTOR('',#8354,1.);
#8354 = DIRECTION('',(-0.,1.,0.));
#8355 = PCURVE('',#8269,#8356);
#8356 = DEFINITIONAL_REPRESENTATION('',(#8357),#8361);
#8357 = LINE('',#8358,#8359);
#8358 = CARTESIAN_POINT('',(72.,0.));
#8359 = VECTOR('',#8360,1.);
#8360 = DIRECTION('',(0.,-1.));
#8361 = ( GEOMETRIC_REPRESENTATION_CONTEXT(2) 
PARAMETRIC_REPRESENTATION_CONTEXT() REPRESENTATION_CONTEXT('2D SPACE',''
  ) );
#8362 = PCURVE('',#8363,#8368);
#8363 = PLANE('',#8364);
#8364 = AXIS2_PLACEMENT_3D('',#8365,#8366,#8367);
#8365 = CARTESIAN_POINT('',(0.,-36.,36.));
#8366 = DIRECTION('',(0.,0.,1.));
#8367 = DIRECTION('',(1.,0.,-0.));
#8368 = DEFINITIONAL_REPRESENTATION('',(#8369),#8373);
#8369 = LINE('',#8370,#8371);
#8370 = CARTESIAN_POINT('',(0.,0.));
#8371 = VECTOR('',#8372,1.);
#8372 = DIRECTION('',(0.,1.));
#8373 = ( GEOMETRIC_REPRESENTATION_CONTEXT(2) 
PARAMETRIC_REPRESENTATION_CONTEXT() REPRESENTATION_CONTEXT('2D SPACE',''
  ) );
#8374 = ADVANCED_FACE('',(#8375),#8389,.T.);
#8375 = FACE_BOUND('',#8376,.T.);
#8376 = EDGE_LOOP('',(#8377,#8407,#8430,#8453));
#8377 = ORIENTED_EDGE('',*,*,#8378,.F.);
#8378 = EDGE_CURVE('',#8379,#8381,#8383,.T.);
#8379 = VERTEX_POINT('',#8380);
#8380 = CARTESIAN_POINT('',(1.01E+03,-36.,-36.));
#8381 = VERTEX_POINT('',#8382);
#8382 = CARTESIAN_POINT('',(1.01E+03,-36.,36.));
#8383 = SURFACE_CURVE('',#8384,(#8388,#8400),.PCURVE_S1.);
#8384 = LINE('',#8385,#8386);
#8385 = CARTESIAN_POINT('',(1.01E+03,-36.,-36.));
#8386 = VECTOR('',#8387,1.);
#8387 = DIRECTION('',(0.,0.,1.));
#8388 = PCURVE('',#8389,#8394);
#8389 = PLANE('',#8390);
#8390 = AXIS2_PLACEMENT_3D('',#8391,#8392,#8393);
#8391 = CARTESIAN_POINT('',(1.01E+03,-36.,-36.));
#8392 = DIRECTION('',(1.,0.,-0.));
#8393 = DIRECTION('',(0.,0.,1.));
#8394 = DEFINITIONAL_REPRESENTATION('',(#8395),#8399);
#8395 = LINE('',#8396,#8397);
#8396 = CARTESIAN_POINT('',(0.,0.));
#8397 = VECTOR('',#8398,1.);
#8398 = DIRECTION('',(1.,0.));
#8399 = ( GEOMETRIC_REPRESENTATION_CONTEXT(2) 
PARAMETRIC_REPRESENTATION_CONTEXT() REPRESENTATION_CONTEXT('2D SPACE',''
  ) );
#8400 = PCURVE('',#8281,#8401);
#8401 = DEFINITIONAL_REPRESENTATION('',(#8402),#8406);
#8402 = LINE('',#8403,#8404);
#8403 = CARTESIAN_POINT('',(0.,1.01E+03));
#8404 = VECTOR('',#8405,1.);
#8405 = DIRECTION('',(1.,0.));
#8406 = ( GEOMETRIC_REPRESENTATION_CONTEXT(2) 
PARAMETRIC_REPRESENTATION_CONTEXT() REPRESENTATION_CONTEXT('2D SPACE',''
  ) );
#8407 = ORIENTED_EDGE('',*,*,#8408,.T.);
#8408 = EDGE_CURVE('',#8379,#8409,#8411,.T.);
#8409 = VERTEX_POINT('',#8410);
#8410 = CARTESIAN_POINT('',(1.01E+03,36.,-36.));
#8411 = SURFACE_CURVE('',#8412,(#8416,#8423),.PCURVE_S1.);
#8412 = LINE('',#8413,#8414);
#8413 = CARTESIAN_POINT('',(1.01E+03,-36.,-36.));
#8414 = VECTOR('',#8415,1.);
#8415 = DIRECTION('',(-0.,1.,0.));
#8416 = PCURVE('',#8389,#8417);
#8417 = DEFINITIONAL_REPRESENTATION('',(#8418),#8422);
#8418 = LINE('',#8419,#8420);
#8419 = CARTESIAN_POINT('',(0.,0.));
#8420 = VECTOR('',#8421,1.);
#8421 = DIRECTION('',(0.,-1.));
#8422 = ( GEOMETRIC_REPRESENTATION_CONTEXT(2) 
PARAMETRIC_REPRESENTATION_CONTEXT() REPRESENTATION_CONTEXT('2D SPACE',''
  ) );
#8423 = PCURVE('',#8309,#8424);
#8424 = DEFINITIONAL_REPRESENTATION('',(#8425),#8429);
#8425 = LINE('',#8426,#8427);
#8426 = CARTESIAN_POINT('',(1.01E+03,0.));
#8427 = VECTOR('',#8428,1.);
#8428 = DIRECTION('',(0.,1.));
#8429 = ( GEOMETRIC_REPRESENTATION_CONTEXT(2) 
PARAMETRIC_REPRESENTATION_CONTEXT() REPRESENTATION_CONTEXT('2D SPACE',''
  ) );
#8430 = ORIENTED_EDGE('',*,*,#8431,.T.);
#8431 = EDGE_CURVE('',#8409,#8432,#8434,.T.);
#8432 = VERTEX_POINT('',#8433);
#8433 = CARTESIAN_POINT('',(1.01E+03,36.,36.));
#8434 = SURFACE_CURVE('',#8435,(#8439,#8446),.PCURVE_S1.);
#8435 = LINE('',#8436,#8437);
#8436 = CARTESIAN_POINT('',(1.01E+03,36.,-36.));
#8437 = VECTOR('',#8438,1.);
#8438 = DIRECTION('',(0.,0.,1.));
#8439 = PCURVE('',#8389,#8440);
#8440 = DEFINITIONAL_REPRESENTATION('',(#8441),#8445);
#8441 = LINE('',#8442,#8443);
#8442 = CARTESIAN_POINT('',(0.,-72.));
#8443 = VECTOR('',#8444,1.);
#8444 = DIRECTION('',(1.,0.));
#8445 = ( GEOMETRIC_REPRESENTATION_CONTEXT(2) 
PARAMETRIC_REPRESENTATION_CONTEXT() REPRESENTATION_CONTEXT('2D SPACE',''
  ) );
#8446 = PCURVE('',#8337,#8447);
#8447 = DEFINITIONAL_REPRESENTATION('',(#8448),#8452);
#8448 = LINE('',#8449,#8450);
#8449 = CARTESIAN_POINT('',(0.,1.01E+03));
#8450 = VECTOR('',#8451,1.);
#8451 = DIRECTION('',(1.,0.));
#8452 = ( GEOMETRIC_REPRESENTATION_CONTEXT(2) 
PARAMETRIC_REPRESENTATION_CONTEXT() REPRESENTATION_CONTEXT('2D SPACE',''
  ) );
#8453 = ORIENTED_EDGE('',*,*,#8454,.F.);
#8454 = EDGE_CURVE('',#8381,#8432,#8455,.T.);
#8455 = SURFACE_CURVE('',#8456,(#8460,#8467),.PCURVE_S1.);
#8456 = LINE('',#8457,#8458);
#8457 = CARTESIAN_POINT('',(1.01E+03,-36.,36.));
#8458 = VECTOR('',#8459,1.);
#8459 = DIRECTION('',(-0.,1.,0.));
#8460 = PCURVE('',#8389,#8461);
#8461 = DEFINITIONAL_REPRESENTATION('',(#8462),#8466);
#8462 = LINE('',#8463,#8464);
#8463 = CARTESIAN_POINT('',(72.,0.));
#8464 = VECTOR('',#8465,1.);
#8465 = DIRECTION('',(0.,-1.));
#8466 = ( GEOMETRIC_REPRESENTATION_CONTEXT(2) 
PARAMETRIC_REPRESENTATION_CONTEXT() REPRESENTATION_CONTEXT('2D SPACE',''
  ) );
#8467 = PCURVE('',#8363,#8468);
#8468 = DEFINITIONAL_REPRESENTATION('',(#8469),#8473);
#8469 = LINE('',#8470,#8471);
#8470 = CARTESIAN_POINT('',(1.01E+03,0.));
#8471 = VECTOR('',#8472,1.);
#8472 = DIRECTION('',(0.,1.));
#8473 = ( GEOMETRIC_REPRESENTATION_CONTEXT(2) 
PARAMETRIC_REPRESENTATION_CONTEXT() REPRESENTATION_CONTEXT('2D SPACE',''
  ) );
#8474 = ADVANCED_FACE('',(#8475),#8281,.F.);
#8475 = FACE_BOUND('',#8476,.F.);
#8476 = EDGE_LOOP('',(#8477,#8498,#8499,#8520));
#8477 = ORIENTED_EDGE('',*,*,#8478,.F.);
#8478 = EDGE_CURVE('',#8259,#8379,#8479,.T.);
#8479 = SURFACE_CURVE('',#8480,(#8484,#8491),.PCURVE_S1.);
#8480 = LINE('',#8481,#8482);
#8481 = CARTESIAN_POINT('',(0.,-36.,-36.));
#8482 = VECTOR('',#8483,1.);
#8483 = DIRECTION('',(1.,0.,-0.));
#8484 = PCURVE('',#8281,#8485);
#8485 = DEFINITIONAL_REPRESENTATION('',(#8486),#8490);
#8486 = LINE('',#8487,#8488);
#8487 = CARTESIAN_POINT('',(0.,0.));
#8488 = VECTOR('',#8489,1.);
#8489 = DIRECTION('',(0.,1.));
#8490 = ( GEOMETRIC_REPRESENTATION_CONTEXT(2) 
PARAMETRIC_REPRESENTATION_CONTEXT() REPRESENTATION_CONTEXT('2D SPACE',''
  ) );
#8491 = PCURVE('',#8309,#8492);
#8492 = DEFINITIONAL_REPRESENTATION('',(#8493),#8497);
#8493 = LINE('',#8494,#8495);
#8494 = CARTESIAN_POINT('',(0.,0.));
#8495 = VECTOR('',#8496,1.);
#8496 = DIRECTION('',(1.,0.));
#8497 = ( GEOMETRIC_REPRESENTATION_CONTEXT(2) 
PARAMETRIC_REPRESENTATION_CONTEXT() REPRESENTATION_CONTEXT('2D SPACE',''
  ) );
#8498 = ORIENTED_EDGE('',*,*,#8258,.T.);
#8499 = ORIENTED_EDGE('',*,*,#8500,.T.);
#8500 = EDGE_CURVE('',#8261,#8381,#8501,.T.);
#8501 = SURFACE_CURVE('',#8502,(#8506,#8513),.PCURVE_S1.);
#8502 = LINE('',#8503,#8504);
#8503 = CARTESIAN_POINT('',(0.,-36.,36.));
#8504 = VECTOR('',#8505,1.);
#8505 = DIRECTION('',(1.,0.,-0.));
#8506 = PCURVE('',#8281,#8507);
#8507 = DEFINITIONAL_REPRESENTATION('',(#8508),#8512);
#8508 = LINE('',#8509,#8510);
#8509 = CARTESIAN_POINT('',(72.,0.));
#8510 = VECTOR('',#8511,1.);
#8511 = DIRECTION('',(0.,1.));
#8512 = ( GEOMETRIC_REPRESENTATION_CONTEXT(2) 
PARAMETRIC_REPRESENTATION_CONTEXT() REPRESENTATION_CONTEXT('2D SPACE',''
  ) );
#8513 = PCURVE('',#8363,#8514);
#8514 = DEFINITIONAL_REPRESENTATION('',(#8515),#8519);
#8515 = LINE('',#8516,#8517);
#8516 = CARTESIAN_POINT('',(0.,0.));
#8517 = VECTOR('',#8518,1.);
#8518 = DIRECTION('',(1.,0.));
#8519 = ( GEOMETRIC_REPRESENTATION_CONTEXT(2) 
PARAMETRIC_REPRESENTATION_CONTEXT() REPRESENTATION_CONTEXT('2D SPACE',''
  ) );
#8520 = ORIENTED_EDGE('',*,*,#8378,.F.);
#8521 = ADVANCED_FACE('',(#8522),#8337,.T.);
#8522 = FACE_BOUND('',#8523,.T.);
#8523 = EDGE_LOOP('',(#8524,#8545,#8546,#8567));
#8524 = ORIENTED_EDGE('',*,*,#8525,.F.);
#8525 = EDGE_CURVE('',#8294,#8409,#8526,.T.);
#8526 = SURFACE_CURVE('',#8527,(#8531,#8538),.PCURVE_S1.);
#8527 = LINE('',#8528,#8529);
#8528 = CARTESIAN_POINT('',(0.,36.,-36.));
#8529 = VECTOR('',#8530,1.);
#8530 = DIRECTION('',(1.,0.,-0.));
#8531 = PCURVE('',#8337,#8532);
#8532 = DEFINITIONAL_REPRESENTATION('',(#8533),#8537);
#8533 = LINE('',#8534,#8535);
#8534 = CARTESIAN_POINT('',(0.,0.));
#8535 = VECTOR('',#8536,1.);
#8536 = DIRECTION('',(0.,1.));
#8537 = ( GEOMETRIC_REPRESENTATION_CONTEXT(2) 
PARAMETRIC_REPRESENTATION_CONTEXT() REPRESENTATION_CONTEXT('2D SPACE',''
  ) );
#8538 = PCURVE('',#8309,#8539);
#8539 = DEFINITIONAL_REPRESENTATION('',(#8540),#8544);
#8540 = LINE('',#8541,#8542);
#8541 = CARTESIAN_POINT('',(0.,72.));
#8542 = VECTOR('',#8543,1.);
#8543 = DIRECTION('',(1.,0.));
#8544 = ( GEOMETRIC_REPRESENTATION_CONTEXT(2) 
PARAMETRIC_REPRESENTATION_CONTEXT() REPRESENTATION_CONTEXT('2D SPACE',''
  ) );
#8545 = ORIENTED_EDGE('',*,*,#8321,.T.);
#8546 = ORIENTED_EDGE('',*,*,#8547,.T.);
#8547 = EDGE_CURVE('',#8322,#8432,#8548,.T.);
#8548 = SURFACE_CURVE('',#8549,(#8553,#8560),.PCURVE_S1.);
#8549 = LINE('',#8550,#8551);
#8550 = CARTESIAN_POINT('',(0.,36.,36.));
#8551 = VECTOR('',#8552,1.);
#8552 = DIRECTION('',(1.,0.,-0.));
#8553 = PCURVE('',#8337,#8554);
#8554 = DEFINITIONAL_REPRESENTATION('',(#8555),#8559);
#8555 = LINE('',#8556,#8557);
#8556 = CARTESIAN_POINT('',(72.,0.));
#8557 = VECTOR('',#8558,1.);
#8558 = DIRECTION('',(0.,1.));
#8559 = ( GEOMETRIC_REPRESENTATION_CONTEXT(2) 
PARAMETRIC_REPRESENTATION_CONTEXT() REPRESENTATION_CONTEXT('2D SPACE',''
  ) );
#8560 = PCURVE('',#8363,#8561);
#8561 = DEFINITIONAL_REPRESENTATION('',(#8562),#8566);
#8562 = LINE('',#8563,#8564);
#8563 = CARTESIAN_POINT('',(0.,72.));
#8564 = VECTOR('',#8565,1.);
#8565 = DIRECTION('',(1.,0.));
#8566 = ( GEOMETRIC_REPRESENTATION_CONTEXT(2) 
PARAMETRIC_REPRESENTATION_CONTEXT() REPRESENTATION_CONTEXT('2D SPACE',''
  ) );
#8567 = ORIENTED_EDGE('',*,*,#8431,.F.);
#8568 = ADVANCED_FACE('',(#8569),#8309,.F.);
#8569 = FACE_BOUND('',#8570,.F.);
#8570 = EDGE_LOOP('',(#8571,#8572,#8573,#8574));
#8571 = ORIENTED_EDGE('',*,*,#8293,.F.);
#8572 = ORIENTED_EDGE('',*,*,#8478,.T.);
#8573 = ORIENTED_EDGE('',*,*,#8408,.T.);
#8574 = ORIENTED_EDGE('',*,*,#8525,.F.);
#8575 = ADVANCED_FACE('',(#8576),#8363,.T.);
#8576 = FACE_BOUND('',#8577,.T.);
#8577 = EDGE_LOOP('',(#8578,#8579,#8580,#8581));
#8578 = ORIENTED_EDGE('',*,*,#8349,.F.);
#8579 = ORIENTED_EDGE('',*,*,#8500,.T.);
#8580 = ORIENTED_EDGE('',*,*,#8454,.T.);
#8581 = ORIENTED_EDGE('',*,*,#8547,.F.);
#8582 = ( GEOMETRIC_REPRESENTATION_CONTEXT(3) 
GLOBAL_UNCERTAINTY_ASSIGNED_CONTEXT((#8586)) 
GLOBAL_UNIT_ASSIGNED_CONTEXT((#8583,#8584,#8585)) REPRESENTATION_CONTEXT
('Context #1','3D Context with UNIT and UNCERTAINTY') );
#8583 = ( LENGTH_UNIT() NAMED_UNIT(*) SI_UNIT(.MILLI.,.METRE.) );
#8584 = ( NAMED_UNIT(*) PLANE_ANGLE_UNIT() SI_UNIT($,.RADIAN.) );
#8585 = ( NAMED_UNIT(*) SI_UNIT($,.STERADIAN.) SOLID_ANGLE_UNIT() );
#8586 = UNCERTAINTY_MEASURE_WITH_UNIT(LENGTH_MEASURE(1.E-07),#8583,
  'distance_accuracy_value','confusion accuracy');
#8587 = CONTEXT_DEPENDENT_SHAPE_REPRESENTATION(#8588,#8590);
#8588 = ( REPRESENTATION_RELATIONSHIP('','',#8251,#10) 
REPRESENTATION_RELATIONSHIP_WITH_TRANSFORMATION(#8589) 
SHAPE_REPRESENTATION_RELATIONSHIP() );
#8589 = ITEM_DEFINED_TRANSFORMATION('','',#11,#107);
#8590 = PRODUCT_DEFINITION_SHAPE('Placement','Placement of an item',
  #8591);
#8591 = NEXT_ASSEMBLY_USAGE_OCCURRENCE('24','=>[0:1:1:25]','',#5,#8246,$
  );
#8592 = PRODUCT_RELATED_PRODUCT_CATEGORY('part',$,(#8248));
#8593 = SHAPE_DEFINITION_REPRESENTATION(#8594,#8600);
#8594 = PRODUCT_DEFINITION_SHAPE('','',#8595);
#8595 = PRODUCT_DEFINITION('design','',#8596,#8599);
#8596 = PRODUCT_DEFINITION_FORMATION('','',#8597);
#8597 = PRODUCT('COMPOUND','COMPOUND','',(#8598));
#8598 = PRODUCT_CONTEXT('',#2,'mechanical');
#8599 = PRODUCT_DEFINITION_CONTEXT('part definition',#2,'design');
#8600 = ADVANCED_BREP_SHAPE_REPRESENTATION('',(#11,#8601),#8931);
#8601 = MANIFOLD_SOLID_BREP('',#8602);
#8602 = CLOSED_SHELL('',(#8603,#8723,#8823,#8870,#8917,#8924));
#8603 = ADVANCED_FACE('',(#8604),#8618,.F.);
#8604 = FACE_BOUND('',#8605,.F.);
#8605 = EDGE_LOOP('',(#8606,#8641,#8669,#8697));
#8606 = ORIENTED_EDGE('',*,*,#8607,.F.);
#8607 = EDGE_CURVE('',#8608,#8610,#8612,.T.);
#8608 = VERTEX_POINT('',#8609);
#8609 = CARTESIAN_POINT('',(0.,-38.,-38.));
#8610 = VERTEX_POINT('',#8611);
#8611 = CARTESIAN_POINT('',(0.,-38.,38.));
#8612 = SURFACE_CURVE('',#8613,(#8617,#8629),.PCURVE_S1.);
#8613 = LINE('',#8614,#8615);
#8614 = CARTESIAN_POINT('',(0.,-38.,-38.));
#8615 = VECTOR('',#8616,1.);
#8616 = DIRECTION('',(0.,0.,1.));
#8617 = PCURVE('',#8618,#8623);
#8618 = PLANE('',#8619);
#8619 = AXIS2_PLACEMENT_3D('',#8620,#8621,#8622);
#8620 = CARTESIAN_POINT('',(0.,-38.,-38.));
#8621 = DIRECTION('',(1.,0.,-0.));
#8622 = DIRECTION('',(0.,0.,1.));
#8623 = DEFINITIONAL_REPRESENTATION('',(#8624),#8628);
#8624 = LINE('',#8625,#8626);
#8625 = CARTESIAN_POINT('',(0.,0.));
#8626 = VECTOR('',#8627,1.);
#8627 = DIRECTION('',(1.,0.));
#8628 = ( GEOMETRIC_REPRESENTATION_CONTEXT(2) 
PARAMETRIC_REPRESENTATION_CONTEXT() REPRESENTATION_CONTEXT('2D SPACE',''
  ) );
#8629 = PCURVE('',#8630,#8635);
#8630 = PLANE('',#8631);
#8631 = AXIS2_PLACEMENT_3D('',#8632,#8633,#8634);
#8632 = CARTESIAN_POINT('',(0.,-38.,-38.));
#8633 = DIRECTION('',(-0.,1.,0.));
#8634 = DIRECTION('',(0.,0.,1.));
#8635 = DEFINITIONAL_REPRESENTATION('',(#8636),#8640);
#8636 = LINE('',#8637,#8638);
#8637 = CARTESIAN_POINT('',(0.,0.));
#8638 = VECTOR('',#8639,1.);
#8639 = DIRECTION('',(1.,0.));
#8640 = ( GEOMETRIC_REPRESENTATION_CONTEXT(2) 
PARAMETRIC_REPRESENTATION_CONTEXT() REPRESENTATION_CONTEXT('2D SPACE',''
  ) );
#8641 = ORIENTED_EDGE('',*,*,#8642,.T.);
#8642 = EDGE_CURVE('',#8608,#8643,#8645,.T.);
#8643 = VERTEX_POINT('',#8644);
#8644 = CARTESIAN_POINT('',(0.,38.,-38.));
#8645 = SURFACE_CURVE('',#8646,(#8650,#8657),.PCURVE_S1.);
#8646 = LINE('',#8647,#8648);
#8647 = CARTESIAN_POINT('',(0.,-38.,-38.));
#8648 = VECTOR('',#8649,1.);
#8649 = DIRECTION('',(-0.,1.,0.));
#8650 = PCURVE('',#8618,#8651);
#8651 = DEFINITIONAL_REPRESENTATION('',(#8652),#8656);
#8652 = LINE('',#8653,#8654);
#8653 = CARTESIAN_POINT('',(0.,0.));
#8654 = VECTOR('',#8655,1.);
#8655 = DIRECTION('',(0.,-1.));
#8656 = ( GEOMETRIC_REPRESENTATION_CONTEXT(2) 
PARAMETRIC_REPRESENTATION_CONTEXT() REPRESENTATION_CONTEXT('2D SPACE',''
  ) );
#8657 = PCURVE('',#8658,#8663);
#8658 = PLANE('',#8659);
#8659 = AXIS2_PLACEMENT_3D('',#8660,#8661,#8662);
#8660 = CARTESIAN_POINT('',(0.,-38.,-38.));
#8661 = DIRECTION('',(0.,0.,1.));
#8662 = DIRECTION('',(1.,0.,-0.));
#8663 = DEFINITIONAL_REPRESENTATION('',(#8664),#8668);
#8664 = LINE('',#8665,#8666);
#8665 = CARTESIAN_POINT('',(0.,0.));
#8666 = VECTOR('',#8667,1.);
#8667 = DIRECTION('',(0.,1.));
#8668 = ( GEOMETRIC_REPRESENTATION_CONTEXT(2) 
PARAMETRIC_REPRESENTATION_CONTEXT() REPRESENTATION_CONTEXT('2D SPACE',''
  ) );
#8669 = ORIENTED_EDGE('',*,*,#8670,.T.);
#8670 = EDGE_CURVE('',#8643,#8671,#8673,.T.);
#8671 = VERTEX_POINT('',#8672);
#8672 = CARTESIAN_POINT('',(0.,38.,38.));
#8673 = SURFACE_CURVE('',#8674,(#8678,#8685),.PCURVE_S1.);
#8674 = LINE('',#8675,#8676);
#8675 = CARTESIAN_POINT('',(0.,38.,-38.));
#8676 = VECTOR('',#8677,1.);
#8677 = DIRECTION('',(0.,0.,1.));
#8678 = PCURVE('',#8618,#8679);
#8679 = DEFINITIONAL_REPRESENTATION('',(#8680),#8684);
#8680 = LINE('',#8681,#8682);
#8681 = CARTESIAN_POINT('',(0.,-76.));
#8682 = VECTOR('',#8683,1.);
#8683 = DIRECTION('',(1.,0.));
#8684 = ( GEOMETRIC_REPRESENTATION_CONTEXT(2) 
PARAMETRIC_REPRESENTATION_CONTEXT() REPRESENTATION_CONTEXT('2D SPACE',''
  ) );
#8685 = PCURVE('',#8686,#8691);
#8686 = PLANE('',#8687);
#8687 = AXIS2_PLACEMENT_3D('',#8688,#8689,#8690);
#8688 = CARTESIAN_POINT('',(0.,38.,-38.));
#8689 = DIRECTION('',(-0.,1.,0.));
#8690 = DIRECTION('',(0.,0.,1.));
#8691 = DEFINITIONAL_REPRESENTATION('',(#8692),#8696);
#8692 = LINE('',#8693,#8694);
#8693 = CARTESIAN_POINT('',(0.,0.));
#8694 = VECTOR('',#8695,1.);
#8695 = DIRECTION('',(1.,0.));
#8696 = ( GEOMETRIC_REPRESENTATION_CONTEXT(2) 
PARAMETRIC_REPRESENTATION_CONTEXT() REPRESENTATION_CONTEXT('2D SPACE',''
  ) );
#8697 = ORIENTED_EDGE('',*,*,#8698,.F.);
#8698 = EDGE_CURVE('',#8610,#8671,#8699,.T.);
#8699 = SURFACE_CURVE('',#8700,(#8704,#8711),.PCURVE_S1.);
#8700 = LINE('',#8701,#8702);
#8701 = CARTESIAN_POINT('',(0.,-38.,38.));
#8702 = VECTOR('',#8703,1.);
#8703 = DIRECTION('',(-0.,1.,0.));
#8704 = PCURVE('',#8618,#8705);
#8705 = DEFINITIONAL_REPRESENTATION('',(#8706),#8710);
#8706 = LINE('',#8707,#8708);
#8707 = CARTESIAN_POINT('',(76.,0.));
#8708 = VECTOR('',#8709,1.);
#8709 = DIRECTION('',(0.,-1.));
#8710 = ( GEOMETRIC_REPRESENTATION_CONTEXT(2) 
PARAMETRIC_REPRESENTATION_CONTEXT() REPRESENTATION_CONTEXT('2D SPACE',''
  ) );
#8711 = PCURVE('',#8712,#8717);
#8712 = PLANE('',#8713);
#8713 = AXIS2_PLACEMENT_3D('',#8714,#8715,#8716);
#8714 = CARTESIAN_POINT('',(0.,-38.,38.));
#8715 = DIRECTION('',(0.,0.,1.));
#8716 = DIRECTION('',(1.,0.,-0.));
#8717 = DEFINITIONAL_REPRESENTATION('',(#8718),#8722);
#8718 = LINE('',#8719,#8720);
#8719 = CARTESIAN_POINT('',(0.,0.));
#8720 = VECTOR('',#8721,1.);
#8721 = DIRECTION('',(0.,1.));
#8722 = ( GEOMETRIC_REPRESENTATION_CONTEXT(2) 
PARAMETRIC_REPRESENTATION_CONTEXT() REPRESENTATION_CONTEXT('2D SPACE',''
  ) );
#8723 = ADVANCED_FACE('',(#8724),#8738,.T.);
#8724 = FACE_BOUND('',#8725,.T.);
#8725 = EDGE_LOOP('',(#8726,#8756,#8779,#8802));
#8726 = ORIENTED_EDGE('',*,*,#8727,.F.);
#8727 = EDGE_CURVE('',#8728,#8730,#8732,.T.);
#8728 = VERTEX_POINT('',#8729);
#8729 = CARTESIAN_POINT('',(1.01E+03,-38.,-38.));
#8730 = VERTEX_POINT('',#8731);
#8731 = CARTESIAN_POINT('',(1.01E+03,-38.,38.));
#8732 = SURFACE_CURVE('',#8733,(#8737,#8749),.PCURVE_S1.);
#8733 = LINE('',#8734,#8735);
#8734 = CARTESIAN_POINT('',(1.01E+03,-38.,-38.));
#8735 = VECTOR('',#8736,1.);
#8736 = DIRECTION('',(0.,0.,1.));
#8737 = PCURVE('',#8738,#8743);
#8738 = PLANE('',#8739);
#8739 = AXIS2_PLACEMENT_3D('',#8740,#8741,#8742);
#8740 = CARTESIAN_POINT('',(1.01E+03,-38.,-38.));
#8741 = DIRECTION('',(1.,0.,-0.));
#8742 = DIRECTION('',(0.,0.,1.));
#8743 = DEFINITIONAL_REPRESENTATION('',(#8744),#8748);
#8744 = LINE('',#8745,#8746);
#8745 = CARTESIAN_POINT('',(0.,0.));
#8746 = VECTOR('',#8747,1.);
#8747 = DIRECTION('',(1.,0.));
#8748 = ( GEOMETRIC_REPRESENTATION_CONTEXT(2) 
PARAMETRIC_REPRESENTATION_CONTEXT() REPRESENTATION_CONTEXT('2D SPACE',''
  ) );
#8749 = PCURVE('',#8630,#8750);
#8750 = DEFINITIONAL_REPRESENTATION('',(#8751),#8755);
#8751 = LINE('',#8752,#8753);
#8752 = CARTESIAN_POINT('',(0.,1.01E+03));
#8753 = VECTOR('',#8754,1.);
#8754 = DIRECTION('',(1.,0.));
#8755 = ( GEOMETRIC_REPRESENTATION_CONTEXT(2) 
PARAMETRIC_REPRESENTATION_CONTEXT() REPRESENTATION_CONTEXT('2D SPACE',''
  ) );
#8756 = ORIENTED_EDGE('',*,*,#8757,.T.);
#8757 = EDGE_CURVE('',#8728,#8758,#8760,.T.);
#8758 = VERTEX_POINT('',#8759);
#8759 = CARTESIAN_POINT('',(1.01E+03,38.,-38.));
#8760 = SURFACE_CURVE('',#8761,(#8765,#8772),.PCURVE_S1.);
#8761 = LINE('',#8762,#8763);
#8762 = CARTESIAN_POINT('',(1.01E+03,-38.,-38.));
#8763 = VECTOR('',#8764,1.);
#8764 = DIRECTION('',(-0.,1.,0.));
#8765 = PCURVE('',#8738,#8766);
#8766 = DEFINITIONAL_REPRESENTATION('',(#8767),#8771);
#8767 = LINE('',#8768,#8769);
#8768 = CARTESIAN_POINT('',(0.,0.));
#8769 = VECTOR('',#8770,1.);
#8770 = DIRECTION('',(0.,-1.));
#8771 = ( GEOMETRIC_REPRESENTATION_CONTEXT(2) 
PARAMETRIC_REPRESENTATION_CONTEXT() REPRESENTATION_CONTEXT('2D SPACE',''
  ) );
#8772 = PCURVE('',#8658,#8773);
#8773 = DEFINITIONAL_REPRESENTATION('',(#8774),#8778);
#8774 = LINE('',#8775,#8776);
#8775 = CARTESIAN_POINT('',(1.01E+03,0.));
#8776 = VECTOR('',#8777,1.);
#8777 = DIRECTION('',(0.,1.));
#8778 = ( GEOMETRIC_REPRESENTATION_CONTEXT(2) 
PARAMETRIC_REPRESENTATION_CONTEXT() REPRESENTATION_CONTEXT('2D SPACE',''
  ) );
#8779 = ORIENTED_EDGE('',*,*,#8780,.T.);
#8780 = EDGE_CURVE('',#8758,#8781,#8783,.T.);
#8781 = VERTEX_POINT('',#8782);
#8782 = CARTESIAN_POINT('',(1.01E+03,38.,38.));
#8783 = SURFACE_CURVE('',#8784,(#8788,#8795),.PCURVE_S1.);
#8784 = LINE('',#8785,#8786);
#8785 = CARTESIAN_POINT('',(1.01E+03,38.,-38.));
#8786 = VECTOR('',#8787,1.);
#8787 = DIRECTION('',(0.,0.,1.));
#8788 = PCURVE('',#8738,#8789);
#8789 = DEFINITIONAL_REPRESENTATION('',(#8790),#8794);
#8790 = LINE('',#8791,#8792);
#8791 = CARTESIAN_POINT('',(0.,-76.));
#8792 = VECTOR('',#8793,1.);
#8793 = DIRECTION('',(1.,0.));
#8794 = ( GEOMETRIC_REPRESENTATION_CONTEXT(2) 
PARAMETRIC_REPRESENTATION_CONTEXT() REPRESENTATION_CONTEXT('2D SPACE',''
  ) );
#8795 = PCURVE('',#8686,#8796);
#8796 = DEFINITIONAL_REPRESENTATION('',(#8797),#8801);
#8797 = LINE('',#8798,#8799);
#8798 = CARTESIAN_POINT('',(0.,1.01E+03));
#8799 = VECTOR('',#8800,1.);
#8800 = DIRECTION('',(1.,0.));
#8801 = ( GEOMETRIC_REPRESENTATION_CONTEXT(2) 
PARAMETRIC_REPRESENTATION_CONTEXT() REPRESENTATION_CONTEXT('2D SPACE',''
  ) );
#8802 = ORIENTED_EDGE('',*,*,#8803,.F.);
#8803 = EDGE_CURVE('',#8730,#8781,#8804,.T.);
#8804 = SURFACE_CURVE('',#8805,(#8809,#8816),.PCURVE_S1.);
#8805 = LINE('',#8806,#8807);
#8806 = CARTESIAN_POINT('',(1.01E+03,-38.,38.));
#8807 = VECTOR('',#8808,1.);
#8808 = DIRECTION('',(-0.,1.,0.));
#8809 = PCURVE('',#8738,#8810);
#8810 = DEFINITIONAL_REPRESENTATION('',(#8811),#8815);
#8811 = LINE('',#8812,#8813);
#8812 = CARTESIAN_POINT('',(76.,0.));
#8813 = VECTOR('',#8814,1.);
#8814 = DIRECTION('',(0.,-1.));
#8815 = ( GEOMETRIC_REPRESENTATION_CONTEXT(2) 
PARAMETRIC_REPRESENTATION_CONTEXT() REPRESENTATION_CONTEXT('2D SPACE',''
  ) );
#8816 = PCURVE('',#8712,#8817);
#8817 = DEFINITIONAL_REPRESENTATION('',(#8818),#8822);
#8818 = LINE('',#8819,#8820);
#8819 = CARTESIAN_POINT('',(1.01E+03,0.));
#8820 = VECTOR('',#8821,1.);
#8821 = DIRECTION('',(0.,1.));
#8822 = ( GEOMETRIC_REPRESENTATION_CONTEXT(2) 
PARAMETRIC_REPRESENTATION_CONTEXT() REPRESENTATION_CONTEXT('2D SPACE',''
  ) );
#8823 = ADVANCED_FACE('',(#8824),#8630,.F.);
#8824 = FACE_BOUND('',#8825,.F.);
#8825 = EDGE_LOOP('',(#8826,#8847,#8848,#8869));
#8826 = ORIENTED_EDGE('',*,*,#8827,.F.);
#8827 = EDGE_CURVE('',#8608,#8728,#8828,.T.);
#8828 = SURFACE_CURVE('',#8829,(#8833,#8840),.PCURVE_S1.);
#8829 = LINE('',#8830,#8831);
#8830 = CARTESIAN_POINT('',(0.,-38.,-38.));
#8831 = VECTOR('',#8832,1.);
#8832 = DIRECTION('',(1.,0.,-0.));
#8833 = PCURVE('',#8630,#8834);
#8834 = DEFINITIONAL_REPRESENTATION('',(#8835),#8839);
#8835 = LINE('',#8836,#8837);
#8836 = CARTESIAN_POINT('',(0.,0.));
#8837 = VECTOR('',#8838,1.);
#8838 = DIRECTION('',(0.,1.));
#8839 = ( GEOMETRIC_REPRESENTATION_CONTEXT(2) 
PARAMETRIC_REPRESENTATION_CONTEXT() REPRESENTATION_CONTEXT('2D SPACE',''
  ) );
#8840 = PCURVE('',#8658,#8841);
#8841 = DEFINITIONAL_REPRESENTATION('',(#8842),#8846);
#8842 = LINE('',#8843,#8844);
#8843 = CARTESIAN_POINT('',(0.,0.));
#8844 = VECTOR('',#8845,1.);
#8845 = DIRECTION('',(1.,0.));
#8846 = ( GEOMETRIC_REPRESENTATION_CONTEXT(2) 
PARAMETRIC_REPRESENTATION_CONTEXT() REPRESENTATION_CONTEXT('2D SPACE',''
  ) );
#8847 = ORIENTED_EDGE('',*,*,#8607,.T.);
#8848 = ORIENTED_EDGE('',*,*,#8849,.T.);
#8849 = EDGE_CURVE('',#8610,#8730,#8850,.T.);
#8850 = SURFACE_CURVE('',#8851,(#8855,#8862),.PCURVE_S1.);
#8851 = LINE('',#8852,#8853);
#8852 = CARTESIAN_POINT('',(0.,-38.,38.));
#8853 = VECTOR('',#8854,1.);
#8854 = DIRECTION('',(1.,0.,-0.));
#8855 = PCURVE('',#8630,#8856);
#8856 = DEFINITIONAL_REPRESENTATION('',(#8857),#8861);
#8857 = LINE('',#8858,#8859);
#8858 = CARTESIAN_POINT('',(76.,0.));
#8859 = VECTOR('',#8860,1.);
#8860 = DIRECTION('',(0.,1.));
#8861 = ( GEOMETRIC_REPRESENTATION_CONTEXT(2) 
PARAMETRIC_REPRESENTATION_CONTEXT() REPRESENTATION_CONTEXT('2D SPACE',''
  ) );
#8862 = PCURVE('',#8712,#8863);
#8863 = DEFINITIONAL_REPRESENTATION('',(#8864),#8868);
#8864 = LINE('',#8865,#8866);
#8865 = CARTESIAN_POINT('',(0.,0.));
#8866 = VECTOR('',#8867,1.);
#8867 = DIRECTION('',(1.,0.));
#8868 = ( GEOMETRIC_REPRESENTATION_CONTEXT(2) 
PARAMETRIC_REPRESENTATION_CONTEXT() REPRESENTATION_CONTEXT('2D SPACE',''
  ) );
#8869 = ORIENTED_EDGE('',*,*,#8727,.F.);
#8870 = ADVANCED_FACE('',(#8871),#8686,.T.);
#8871 = FACE_BOUND('',#8872,.T.);
#8872 = EDGE_LOOP('',(#8873,#8894,#8895,#8916));
#8873 = ORIENTED_EDGE('',*,*,#8874,.F.);
#8874 = EDGE_CURVE('',#8643,#8758,#8875,.T.);
#8875 = SURFACE_CURVE('',#8876,(#8880,#8887),.PCURVE_S1.);
#8876 = LINE('',#8877,#8878);
#8877 = CARTESIAN_POINT('',(0.,38.,-38.));
#8878 = VECTOR('',#8879,1.);
#8879 = DIRECTION('',(1.,0.,-0.));
#8880 = PCURVE('',#8686,#8881);
#8881 = DEFINITIONAL_REPRESENTATION('',(#8882),#8886);
#8882 = LINE('',#8883,#8884);
#8883 = CARTESIAN_POINT('',(0.,0.));
#8884 = VECTOR('',#8885,1.);
#8885 = DIRECTION('',(0.,1.));
#8886 = ( GEOMETRIC_REPRESENTATION_CONTEXT(2) 
PARAMETRIC_REPRESENTATION_CONTEXT() REPRESENTATION_CONTEXT('2D SPACE',''
  ) );
#8887 = PCURVE('',#8658,#8888);
#8888 = DEFINITIONAL_REPRESENTATION('',(#8889),#8893);
#8889 = LINE('',#8890,#8891);
#8890 = CARTESIAN_POINT('',(0.,76.));
#8891 = VECTOR('',#8892,1.);
#8892 = DIRECTION('',(1.,0.));
#8893 = ( GEOMETRIC_REPRESENTATION_CONTEXT(2) 
PARAMETRIC_REPRESENTATION_CONTEXT() REPRESENTATION_CONTEXT('2D SPACE',''
  ) );
#8894 = ORIENTED_EDGE('',*,*,#8670,.T.);
#8895 = ORIENTED_EDGE('',*,*,#8896,.T.);
#8896 = EDGE_CURVE('',#8671,#8781,#8897,.T.);
#8897 = SURFACE_CURVE('',#8898,(#8902,#8909),.PCURVE_S1.);
#8898 = LINE('',#8899,#8900);
#8899 = CARTESIAN_POINT('',(0.,38.,38.));
#8900 = VECTOR('',#8901,1.);
#8901 = DIRECTION('',(1.,0.,-0.));
#8902 = PCURVE('',#8686,#8903);
#8903 = DEFINITIONAL_REPRESENTATION('',(#8904),#8908);
#8904 = LINE('',#8905,#8906);
#8905 = CARTESIAN_POINT('',(76.,0.));
#8906 = VECTOR('',#8907,1.);
#8907 = DIRECTION('',(0.,1.));
#8908 = ( GEOMETRIC_REPRESENTATION_CONTEXT(2) 
PARAMETRIC_REPRESENTATION_CONTEXT() REPRESENTATION_CONTEXT('2D SPACE',''
  ) );
#8909 = PCURVE('',#8712,#8910);
#8910 = DEFINITIONAL_REPRESENTATION('',(#8911),#8915);
#8911 = LINE('',#8912,#8913);
#8912 = CARTESIAN_POINT('',(0.,76.));
#8913 = VECTOR('',#8914,1.);
#8914 = DIRECTION('',(1.,0.));
#8915 = ( GEOMETRIC_REPRESENTATION_CONTEXT(2) 
PARAMETRIC_REPRESENTATION_CONTEXT() REPRESENTATION_CONTEXT('2D SPACE',''
  ) );
#8916 = ORIENTED_EDGE('',*,*,#8780,.F.);
#8917 = ADVANCED_FACE('',(#8918),#8658,.F.);
#8918 = FACE_BOUND('',#8919,.F.);
#8919 = EDGE_LOOP('',(#8920,#8921,#8922,#8923));
#8920 = ORIENTED_EDGE('',*,*,#8642,.F.);
#8921 = ORIENTED_EDGE('',*,*,#8827,.T.);
#8922 = ORIENTED_EDGE('',*,*,#8757,.T.);
#8923 = ORIENTED_EDGE('',*,*,#8874,.F.);
#8924 = ADVANCED_FACE('',(#8925),#8712,.T.);
#8925 = FACE_BOUND('',#8926,.T.);
#8926 = EDGE_LOOP('',(#8927,#8928,#8929,#8930));
#8927 = ORIENTED_EDGE('',*,*,#8698,.F.);
#8928 = ORIENTED_EDGE('',*,*,#8849,.T.);
#8929 = ORIENTED_EDGE('',*,*,#8803,.T.);
#8930 = ORIENTED_EDGE('',*,*,#8896,.F.);
#8931 = ( GEOMETRIC_REPRESENTATION_CONTEXT(3) 
GLOBAL_UNCERTAINTY_ASSIGNED_CONTEXT((#8935)) 
GLOBAL_UNIT_ASSIGNED_CONTEXT((#8932,#8933,#8934)) REPRESENTATION_CONTEXT
('Context #1','3D Context with UNIT and UNCERTAINTY') );
#8932 = ( LENGTH_UNIT() NAMED_UNIT(*) SI_UNIT(.MILLI.,.METRE.) );
#8933 = ( NAMED_UNIT(*) PLANE_ANGLE_UNIT() SI_UNIT($,.RADIAN.) );
#8934 = ( NAMED_UNIT(*) SI_UNIT($,.STERADIAN.) SOLID_ANGLE_UNIT() );
#8935 = UNCERTAINTY_MEASURE_WITH_UNIT(LENGTH_MEASURE(1.E-07),#8932,
  'distance_accuracy_value','confusion accuracy');
#8936 = CONTEXT_DEPENDENT_SHAPE_REPRESENTATION(#8937,#8939);
#8937 = ( REPRESENTATION_RELATIONSHIP('','',#8600,#10) 
REPRESENTATION_RELATIONSHIP_WITH_TRANSFORMATION(#8938) 
SHAPE_REPRESENTATION_RELATIONSHIP() );
#8938 = ITEM_DEFINED_TRANSFORMATION('','',#11,#111);
#8939 = PRODUCT_DEFINITION_SHAPE('Placement','Placement of an item',
  #8940);
#8940 = NEXT_ASSEMBLY_USAGE_OCCURRENCE('25','=>[0:1:1:26]','',#5,#8595,$
  );
#8941 = PRODUCT_RELATED_PRODUCT_CATEGORY('part',$,(#8597));
#8942 = SHAPE_DEFINITION_REPRESENTATION(#8943,#8949);
#8943 = PRODUCT_DEFINITION_SHAPE('','',#8944);
#8944 = PRODUCT_DEFINITION('design','',#8945,#8948);
#8945 = PRODUCT_DEFINITION_FORMATION('','',#8946);
#8946 = PRODUCT('COMPOUND','COMPOUND','',(#8947));
#8947 = PRODUCT_CONTEXT('',#2,'mechanical');
#8948 = PRODUCT_DEFINITION_CONTEXT('part definition',#2,'design');
#8949 = ADVANCED_BREP_SHAPE_REPRESENTATION('',(#11,#8950),#9280);
#8950 = MANIFOLD_SOLID_BREP('',#8951);
#8951 = CLOSED_SHELL('',(#8952,#9072,#9172,#9219,#9266,#9273));
#8952 = ADVANCED_FACE('',(#8953),#8967,.F.);
#8953 = FACE_BOUND('',#8954,.F.);
#8954 = EDGE_LOOP('',(#8955,#8990,#9018,#9046));
#8955 = ORIENTED_EDGE('',*,*,#8956,.F.);
#8956 = EDGE_CURVE('',#8957,#8959,#8961,.T.);
#8957 = VERTEX_POINT('',#8958);
#8958 = CARTESIAN_POINT('',(0.,-29.,-29.));
#8959 = VERTEX_POINT('',#8960);
#8960 = CARTESIAN_POINT('',(0.,-29.,29.));
#8961 = SURFACE_CURVE('',#8962,(#8966,#8978),.PCURVE_S1.);
#8962 = LINE('',#8963,#8964);
#8963 = CARTESIAN_POINT('',(0.,-29.,-29.));
#8964 = VECTOR('',#8965,1.);
#8965 = DIRECTION('',(0.,0.,1.));
#8966 = PCURVE('',#8967,#8972);
#8967 = PLANE('',#8968);
#8968 = AXIS2_PLACEMENT_3D('',#8969,#8970,#8971);
#8969 = CARTESIAN_POINT('',(0.,-29.,-29.));
#8970 = DIRECTION('',(1.,0.,-0.));
#8971 = DIRECTION('',(0.,0.,1.));
#8972 = DEFINITIONAL_REPRESENTATION('',(#8973),#8977);
#8973 = LINE('',#8974,#8975);
#8974 = CARTESIAN_POINT('',(0.,0.));
#8975 = VECTOR('',#8976,1.);
#8976 = DIRECTION('',(1.,0.));
#8977 = ( GEOMETRIC_REPRESENTATION_CONTEXT(2) 
PARAMETRIC_REPRESENTATION_CONTEXT() REPRESENTATION_CONTEXT('2D SPACE',''
  ) );
#8978 = PCURVE('',#8979,#8984);
#8979 = PLANE('',#8980);
#8980 = AXIS2_PLACEMENT_3D('',#8981,#8982,#8983);
#8981 = CARTESIAN_POINT('',(0.,-29.,-29.));
#8982 = DIRECTION('',(-0.,1.,0.));
#8983 = DIRECTION('',(0.,0.,1.));
#8984 = DEFINITIONAL_REPRESENTATION('',(#8985),#8989);
#8985 = LINE('',#8986,#8987);
#8986 = CARTESIAN_POINT('',(0.,0.));
#8987 = VECTOR('',#8988,1.);
#8988 = DIRECTION('',(1.,0.));
#8989 = ( GEOMETRIC_REPRESENTATION_CONTEXT(2) 
PARAMETRIC_REPRESENTATION_CONTEXT() REPRESENTATION_CONTEXT('2D SPACE',''
  ) );
#8990 = ORIENTED_EDGE('',*,*,#8991,.T.);
#8991 = EDGE_CURVE('',#8957,#8992,#8994,.T.);
#8992 = VERTEX_POINT('',#8993);
#8993 = CARTESIAN_POINT('',(0.,29.,-29.));
#8994 = SURFACE_CURVE('',#8995,(#8999,#9006),.PCURVE_S1.);
#8995 = LINE('',#8996,#8997);
#8996 = CARTESIAN_POINT('',(0.,-29.,-29.));
#8997 = VECTOR('',#8998,1.);
#8998 = DIRECTION('',(-0.,1.,0.));
#8999 = PCURVE('',#8967,#9000);
#9000 = DEFINITIONAL_REPRESENTATION('',(#9001),#9005);
#9001 = LINE('',#9002,#9003);
#9002 = CARTESIAN_POINT('',(0.,0.));
#9003 = VECTOR('',#9004,1.);
#9004 = DIRECTION('',(0.,-1.));
#9005 = ( GEOMETRIC_REPRESENTATION_CONTEXT(2) 
PARAMETRIC_REPRESENTATION_CONTEXT() REPRESENTATION_CONTEXT('2D SPACE',''
  ) );
#9006 = PCURVE('',#9007,#9012);
#9007 = PLANE('',#9008);
#9008 = AXIS2_PLACEMENT_3D('',#9009,#9010,#9011);
#9009 = CARTESIAN_POINT('',(0.,-29.,-29.));
#9010 = DIRECTION('',(0.,0.,1.));
#9011 = DIRECTION('',(1.,0.,-0.));
#9012 = DEFINITIONAL_REPRESENTATION('',(#9013),#9017);
#9013 = LINE('',#9014,#9015);
#9014 = CARTESIAN_POINT('',(0.,0.));
#9015 = VECTOR('',#9016,1.);
#9016 = DIRECTION('',(0.,1.));
#9017 = ( GEOMETRIC_REPRESENTATION_CONTEXT(2) 
PARAMETRIC_REPRESENTATION_CONTEXT() REPRESENTATION_CONTEXT('2D SPACE',''
  ) );
#9018 = ORIENTED_EDGE('',*,*,#9019,.T.);
#9019 = EDGE_CURVE('',#8992,#9020,#9022,.T.);
#9020 = VERTEX_POINT('',#9021);
#9021 = CARTESIAN_POINT('',(0.,29.,29.));
#9022 = SURFACE_CURVE('',#9023,(#9027,#9034),.PCURVE_S1.);
#9023 = LINE('',#9024,#9025);
#9024 = CARTESIAN_POINT('',(0.,29.,-29.));
#9025 = VECTOR('',#9026,1.);
#9026 = DIRECTION('',(0.,0.,1.));
#9027 = PCURVE('',#8967,#9028);
#9028 = DEFINITIONAL_REPRESENTATION('',(#9029),#9033);
#9029 = LINE('',#9030,#9031);
#9030 = CARTESIAN_POINT('',(0.,-58.));
#9031 = VECTOR('',#9032,1.);
#9032 = DIRECTION('',(1.,0.));
#9033 = ( GEOMETRIC_REPRESENTATION_CONTEXT(2) 
PARAMETRIC_REPRESENTATION_CONTEXT() REPRESENTATION_CONTEXT('2D SPACE',''
  ) );
#9034 = PCURVE('',#9035,#9040);
#9035 = PLANE('',#9036);
#9036 = AXIS2_PLACEMENT_3D('',#9037,#9038,#9039);
#9037 = CARTESIAN_POINT('',(0.,29.,-29.));
#9038 = DIRECTION('',(-0.,1.,0.));
#9039 = DIRECTION('',(0.,0.,1.));
#9040 = DEFINITIONAL_REPRESENTATION('',(#9041),#9045);
#9041 = LINE('',#9042,#9043);
#9042 = CARTESIAN_POINT('',(0.,0.));
#9043 = VECTOR('',#9044,1.);
#9044 = DIRECTION('',(1.,0.));
#9045 = ( GEOMETRIC_REPRESENTATION_CONTEXT(2) 
PARAMETRIC_REPRESENTATION_CONTEXT() REPRESENTATION_CONTEXT('2D SPACE',''
  ) );
#9046 = ORIENTED_EDGE('',*,*,#9047,.F.);
#9047 = EDGE_CURVE('',#8959,#9020,#9048,.T.);
#9048 = SURFACE_CURVE('',#9049,(#9053,#9060),.PCURVE_S1.);
#9049 = LINE('',#9050,#9051);
#9050 = CARTESIAN_POINT('',(0.,-29.,29.));
#9051 = VECTOR('',#9052,1.);
#9052 = DIRECTION('',(-0.,1.,0.));
#9053 = PCURVE('',#8967,#9054);
#9054 = DEFINITIONAL_REPRESENTATION('',(#9055),#9059);
#9055 = LINE('',#9056,#9057);
#9056 = CARTESIAN_POINT('',(58.,0.));
#9057 = VECTOR('',#9058,1.);
#9058 = DIRECTION('',(0.,-1.));
#9059 = ( GEOMETRIC_REPRESENTATION_CONTEXT(2) 
PARAMETRIC_REPRESENTATION_CONTEXT() REPRESENTATION_CONTEXT('2D SPACE',''
  ) );
#9060 = PCURVE('',#9061,#9066);
#9061 = PLANE('',#9062);
#9062 = AXIS2_PLACEMENT_3D('',#9063,#9064,#9065);
#9063 = CARTESIAN_POINT('',(0.,-29.,29.));
#9064 = DIRECTION('',(0.,0.,1.));
#9065 = DIRECTION('',(1.,0.,-0.));
#9066 = DEFINITIONAL_REPRESENTATION('',(#9067),#9071);
#9067 = LINE('',#9068,#9069);
#9068 = CARTESIAN_POINT('',(0.,0.));
#9069 = VECTOR('',#9070,1.);
#9070 = DIRECTION('',(0.,1.));
#9071 = ( GEOMETRIC_REPRESENTATION_CONTEXT(2) 
PARAMETRIC_REPRESENTATION_CONTEXT() REPRESENTATION_CONTEXT('2D SPACE',''
  ) );
#9072 = ADVANCED_FACE('',(#9073),#9087,.T.);
#9073 = FACE_BOUND('',#9074,.T.);
#9074 = EDGE_LOOP('',(#9075,#9105,#9128,#9151));
#9075 = ORIENTED_EDGE('',*,*,#9076,.F.);
#9076 = EDGE_CURVE('',#9077,#9079,#9081,.T.);
#9077 = VERTEX_POINT('',#9078);
#9078 = CARTESIAN_POINT('',(1.01E+03,-29.,-29.));
#9079 = VERTEX_POINT('',#9080);
#9080 = CARTESIAN_POINT('',(1.01E+03,-29.,29.));
#9081 = SURFACE_CURVE('',#9082,(#9086,#9098),.PCURVE_S1.);
#9082 = LINE('',#9083,#9084);
#9083 = CARTESIAN_POINT('',(1.01E+03,-29.,-29.));
#9084 = VECTOR('',#9085,1.);
#9085 = DIRECTION('',(0.,0.,1.));
#9086 = PCURVE('',#9087,#9092);
#9087 = PLANE('',#9088);
#9088 = AXIS2_PLACEMENT_3D('',#9089,#9090,#9091);
#9089 = CARTESIAN_POINT('',(1.01E+03,-29.,-29.));
#9090 = DIRECTION('',(1.,0.,-0.));
#9091 = DIRECTION('',(0.,0.,1.));
#9092 = DEFINITIONAL_REPRESENTATION('',(#9093),#9097);
#9093 = LINE('',#9094,#9095);
#9094 = CARTESIAN_POINT('',(0.,0.));
#9095 = VECTOR('',#9096,1.);
#9096 = DIRECTION('',(1.,0.));
#9097 = ( GEOMETRIC_REPRESENTATION_CONTEXT(2) 
PARAMETRIC_REPRESENTATION_CONTEXT() REPRESENTATION_CONTEXT('2D SPACE',''
  ) );
#9098 = PCURVE('',#8979,#9099);
#9099 = DEFINITIONAL_REPRESENTATION('',(#9100),#9104);
#9100 = LINE('',#9101,#9102);
#9101 = CARTESIAN_POINT('',(0.,1.01E+03));
#9102 = VECTOR('',#9103,1.);
#9103 = DIRECTION('',(1.,0.));
#9104 = ( GEOMETRIC_REPRESENTATION_CONTEXT(2) 
PARAMETRIC_REPRESENTATION_CONTEXT() REPRESENTATION_CONTEXT('2D SPACE',''
  ) );
#9105 = ORIENTED_EDGE('',*,*,#9106,.T.);
#9106 = EDGE_CURVE('',#9077,#9107,#9109,.T.);
#9107 = VERTEX_POINT('',#9108);
#9108 = CARTESIAN_POINT('',(1.01E+03,29.,-29.));
#9109 = SURFACE_CURVE('',#9110,(#9114,#9121),.PCURVE_S1.);
#9110 = LINE('',#9111,#9112);
#9111 = CARTESIAN_POINT('',(1.01E+03,-29.,-29.));
#9112 = VECTOR('',#9113,1.);
#9113 = DIRECTION('',(-0.,1.,0.));
#9114 = PCURVE('',#9087,#9115);
#9115 = DEFINITIONAL_REPRESENTATION('',(#9116),#9120);
#9116 = LINE('',#9117,#9118);
#9117 = CARTESIAN_POINT('',(0.,0.));
#9118 = VECTOR('',#9119,1.);
#9119 = DIRECTION('',(0.,-1.));
#9120 = ( GEOMETRIC_REPRESENTATION_CONTEXT(2) 
PARAMETRIC_REPRESENTATION_CONTEXT() REPRESENTATION_CONTEXT('2D SPACE',''
  ) );
#9121 = PCURVE('',#9007,#9122);
#9122 = DEFINITIONAL_REPRESENTATION('',(#9123),#9127);
#9123 = LINE('',#9124,#9125);
#9124 = CARTESIAN_POINT('',(1.01E+03,0.));
#9125 = VECTOR('',#9126,1.);
#9126 = DIRECTION('',(0.,1.));
#9127 = ( GEOMETRIC_REPRESENTATION_CONTEXT(2) 
PARAMETRIC_REPRESENTATION_CONTEXT() REPRESENTATION_CONTEXT('2D SPACE',''
  ) );
#9128 = ORIENTED_EDGE('',*,*,#9129,.T.);
#9129 = EDGE_CURVE('',#9107,#9130,#9132,.T.);
#9130 = VERTEX_POINT('',#9131);
#9131 = CARTESIAN_POINT('',(1.01E+03,29.,29.));
#9132 = SURFACE_CURVE('',#9133,(#9137,#9144),.PCURVE_S1.);
#9133 = LINE('',#9134,#9135);
#9134 = CARTESIAN_POINT('',(1.01E+03,29.,-29.));
#9135 = VECTOR('',#9136,1.);
#9136 = DIRECTION('',(0.,0.,1.));
#9137 = PCURVE('',#9087,#9138);
#9138 = DEFINITIONAL_REPRESENTATION('',(#9139),#9143);
#9139 = LINE('',#9140,#9141);
#9140 = CARTESIAN_POINT('',(0.,-58.));
#9141 = VECTOR('',#9142,1.);
#9142 = DIRECTION('',(1.,0.));
#9143 = ( GEOMETRIC_REPRESENTATION_CONTEXT(2) 
PARAMETRIC_REPRESENTATION_CONTEXT() REPRESENTATION_CONTEXT('2D SPACE',''
  ) );
#9144 = PCURVE('',#9035,#9145);
#9145 = DEFINITIONAL_REPRESENTATION('',(#9146),#9150);
#9146 = LINE('',#9147,#9148);
#9147 = CARTESIAN_POINT('',(0.,1.01E+03));
#9148 = VECTOR('',#9149,1.);
#9149 = DIRECTION('',(1.,0.));
#9150 = ( GEOMETRIC_REPRESENTATION_CONTEXT(2) 
PARAMETRIC_REPRESENTATION_CONTEXT() REPRESENTATION_CONTEXT('2D SPACE',''
  ) );
#9151 = ORIENTED_EDGE('',*,*,#9152,.F.);
#9152 = EDGE_CURVE('',#9079,#9130,#9153,.T.);
#9153 = SURFACE_CURVE('',#9154,(#9158,#9165),.PCURVE_S1.);
#9154 = LINE('',#9155,#9156);
#9155 = CARTESIAN_POINT('',(1.01E+03,-29.,29.));
#9156 = VECTOR('',#9157,1.);
#9157 = DIRECTION('',(-0.,1.,0.));
#9158 = PCURVE('',#9087,#9159);
#9159 = DEFINITIONAL_REPRESENTATION('',(#9160),#9164);
#9160 = LINE('',#9161,#9162);
#9161 = CARTESIAN_POINT('',(58.,0.));
#9162 = VECTOR('',#9163,1.);
#9163 = DIRECTION('',(0.,-1.));
#9164 = ( GEOMETRIC_REPRESENTATION_CONTEXT(2) 
PARAMETRIC_REPRESENTATION_CONTEXT() REPRESENTATION_CONTEXT('2D SPACE',''
  ) );
#9165 = PCURVE('',#9061,#9166);
#9166 = DEFINITIONAL_REPRESENTATION('',(#9167),#9171);
#9167 = LINE('',#9168,#9169);
#9168 = CARTESIAN_POINT('',(1.01E+03,0.));
#9169 = VECTOR('',#9170,1.);
#9170 = DIRECTION('',(0.,1.));
#9171 = ( GEOMETRIC_REPRESENTATION_CONTEXT(2) 
PARAMETRIC_REPRESENTATION_CONTEXT() REPRESENTATION_CONTEXT('2D SPACE',''
  ) );
#9172 = ADVANCED_FACE('',(#9173),#8979,.F.);
#9173 = FACE_BOUND('',#9174,.F.);
#9174 = EDGE_LOOP('',(#9175,#9196,#9197,#9218));
#9175 = ORIENTED_EDGE('',*,*,#9176,.F.);
#9176 = EDGE_CURVE('',#8957,#9077,#9177,.T.);
#9177 = SURFACE_CURVE('',#9178,(#9182,#9189),.PCURVE_S1.);
#9178 = LINE('',#9179,#9180);
#9179 = CARTESIAN_POINT('',(0.,-29.,-29.));
#9180 = VECTOR('',#9181,1.);
#9181 = DIRECTION('',(1.,0.,-0.));
#9182 = PCURVE('',#8979,#9183);
#9183 = DEFINITIONAL_REPRESENTATION('',(#9184),#9188);
#9184 = LINE('',#9185,#9186);
#9185 = CARTESIAN_POINT('',(0.,0.));
#9186 = VECTOR('',#9187,1.);
#9187 = DIRECTION('',(0.,1.));
#9188 = ( GEOMETRIC_REPRESENTATION_CONTEXT(2) 
PARAMETRIC_REPRESENTATION_CONTEXT() REPRESENTATION_CONTEXT('2D SPACE',''
  ) );
#9189 = PCURVE('',#9007,#9190);
#9190 = DEFINITIONAL_REPRESENTATION('',(#9191),#9195);
#9191 = LINE('',#9192,#9193);
#9192 = CARTESIAN_POINT('',(0.,0.));
#9193 = VECTOR('',#9194,1.);
#9194 = DIRECTION('',(1.,0.));
#9195 = ( GEOMETRIC_REPRESENTATION_CONTEXT(2) 
PARAMETRIC_REPRESENTATION_CONTEXT() REPRESENTATION_CONTEXT('2D SPACE',''
  ) );
#9196 = ORIENTED_EDGE('',*,*,#8956,.T.);
#9197 = ORIENTED_EDGE('',*,*,#9198,.T.);
#9198 = EDGE_CURVE('',#8959,#9079,#9199,.T.);
#9199 = SURFACE_CURVE('',#9200,(#9204,#9211),.PCURVE_S1.);
#9200 = LINE('',#9201,#9202);
#9201 = CARTESIAN_POINT('',(0.,-29.,29.));
#9202 = VECTOR('',#9203,1.);
#9203 = DIRECTION('',(1.,0.,-0.));
#9204 = PCURVE('',#8979,#9205);
#9205 = DEFINITIONAL_REPRESENTATION('',(#9206),#9210);
#9206 = LINE('',#9207,#9208);
#9207 = CARTESIAN_POINT('',(58.,0.));
#9208 = VECTOR('',#9209,1.);
#9209 = DIRECTION('',(0.,1.));
#9210 = ( GEOMETRIC_REPRESENTATION_CONTEXT(2) 
PARAMETRIC_REPRESENTATION_CONTEXT() REPRESENTATION_CONTEXT('2D SPACE',''
  ) );
#9211 = PCURVE('',#9061,#9212);
#9212 = DEFINITIONAL_REPRESENTATION('',(#9213),#9217);
#9213 = LINE('',#9214,#9215);
#9214 = CARTESIAN_POINT('',(0.,0.));
#9215 = VECTOR('',#9216,1.);
#9216 = DIRECTION('',(1.,0.));
#9217 = ( GEOMETRIC_REPRESENTATION_CONTEXT(2) 
PARAMETRIC_REPRESENTATION_CONTEXT() REPRESENTATION_CONTEXT('2D SPACE',''
  ) );
#9218 = ORIENTED_EDGE('',*,*,#9076,.F.);
#9219 = ADVANCED_FACE('',(#9220),#9035,.T.);
#9220 = FACE_BOUND('',#9221,.T.);
#9221 = EDGE_LOOP('',(#9222,#9243,#9244,#9265));
#9222 = ORIENTED_EDGE('',*,*,#9223,.F.);
#9223 = EDGE_CURVE('',#8992,#9107,#9224,.T.);
#9224 = SURFACE_CURVE('',#9225,(#9229,#9236),.PCURVE_S1.);
#9225 = LINE('',#9226,#9227);
#9226 = CARTESIAN_POINT('',(0.,29.,-29.));
#9227 = VECTOR('',#9228,1.);
#9228 = DIRECTION('',(1.,0.,-0.));
#9229 = PCURVE('',#9035,#9230);
#9230 = DEFINITIONAL_REPRESENTATION('',(#9231),#9235);
#9231 = LINE('',#9232,#9233);
#9232 = CARTESIAN_POINT('',(0.,0.));
#9233 = VECTOR('',#9234,1.);
#9234 = DIRECTION('',(0.,1.));
#9235 = ( GEOMETRIC_REPRESENTATION_CONTEXT(2) 
PARAMETRIC_REPRESENTATION_CONTEXT() REPRESENTATION_CONTEXT('2D SPACE',''
  ) );
#9236 = PCURVE('',#9007,#9237);
#9237 = DEFINITIONAL_REPRESENTATION('',(#9238),#9242);
#9238 = LINE('',#9239,#9240);
#9239 = CARTESIAN_POINT('',(0.,58.));
#9240 = VECTOR('',#9241,1.);
#9241 = DIRECTION('',(1.,0.));
#9242 = ( GEOMETRIC_REPRESENTATION_CONTEXT(2) 
PARAMETRIC_REPRESENTATION_CONTEXT() REPRESENTATION_CONTEXT('2D SPACE',''
  ) );
#9243 = ORIENTED_EDGE('',*,*,#9019,.T.);
#9244 = ORIENTED_EDGE('',*,*,#9245,.T.);
#9245 = EDGE_CURVE('',#9020,#9130,#9246,.T.);
#9246 = SURFACE_CURVE('',#9247,(#9251,#9258),.PCURVE_S1.);
#9247 = LINE('',#9248,#9249);
#9248 = CARTESIAN_POINT('',(0.,29.,29.));
#9249 = VECTOR('',#9250,1.);
#9250 = DIRECTION('',(1.,0.,-0.));
#9251 = PCURVE('',#9035,#9252);
#9252 = DEFINITIONAL_REPRESENTATION('',(#9253),#9257);
#9253 = LINE('',#9254,#9255);
#9254 = CARTESIAN_POINT('',(58.,0.));
#9255 = VECTOR('',#9256,1.);
#9256 = DIRECTION('',(0.,1.));
#9257 = ( GEOMETRIC_REPRESENTATION_CONTEXT(2) 
PARAMETRIC_REPRESENTATION_CONTEXT() REPRESENTATION_CONTEXT('2D SPACE',''
  ) );
#9258 = PCURVE('',#9061,#9259);
#9259 = DEFINITIONAL_REPRESENTATION('',(#9260),#9264);
#9260 = LINE('',#9261,#9262);
#9261 = CARTESIAN_POINT('',(0.,58.));
#9262 = VECTOR('',#9263,1.);
#9263 = DIRECTION('',(1.,0.));
#9264 = ( GEOMETRIC_REPRESENTATION_CONTEXT(2) 
PARAMETRIC_REPRESENTATION_CONTEXT() REPRESENTATION_CONTEXT('2D SPACE',''
  ) );
#9265 = ORIENTED_EDGE('',*,*,#9129,.F.);
#9266 = ADVANCED_FACE('',(#9267),#9007,.F.);
#9267 = FACE_BOUND('',#9268,.F.);
#9268 = EDGE_LOOP('',(#9269,#9270,#9271,#9272));
#9269 = ORIENTED_EDGE('',*,*,#8991,.F.);
#9270 = ORIENTED_EDGE('',*,*,#9176,.T.);
#9271 = ORIENTED_EDGE('',*,*,#9106,.T.);
#9272 = ORIENTED_EDGE('',*,*,#9223,.F.);
#9273 = ADVANCED_FACE('',(#9274),#9061,.T.);
#9274 = FACE_BOUND('',#9275,.T.);
#9275 = EDGE_LOOP('',(#9276,#9277,#9278,#9279));
#9276 = ORIENTED_EDGE('',*,*,#9047,.F.);
#9277 = ORIENTED_EDGE('',*,*,#9198,.T.);
#9278 = ORIENTED_EDGE('',*,*,#9152,.T.);
#9279 = ORIENTED_EDGE('',*,*,#9245,.F.);
#9280 = ( GEOMETRIC_REPRESENTATION_CONTEXT(3) 
GLOBAL_UNCERTAINTY_ASSIGNED_CONTEXT((#9284)) 
GLOBAL_UNIT_ASSIGNED_CONTEXT((#9281,#9282,#9283)) REPRESENTATION_CONTEXT
('Context #1','3D Context with UNIT and UNCERTAINTY') );
#9281 = ( LENGTH_UNIT() NAMED_UNIT(*) SI_UNIT(.MILLI.,.METRE.) );
#9282 = ( NAMED_UNIT(*) PLANE_ANGLE_UNIT() SI_UNIT($,.RADIAN.) );
#9283 = ( NAMED_UNIT(*) SI_UNIT($,.STERADIAN.) SOLID_ANGLE_UNIT() );
#9284 = UNCERTAINTY_MEASURE_WITH_UNIT(LENGTH_MEASURE(1.E-07),#9281,
  'distance_accuracy_value','confusion accuracy');
#9285 = CONTEXT_DEPENDENT_SHAPE_REPRESENTATION(#9286,#9288);
#9286 = ( REPRESENTATION_RELATIONSHIP('','',#8949,#10) 
REPRESENTATION_RELATIONSHIP_WITH_TRANSFORMATION(#9287) 
SHAPE_REPRESENTATION_RELATIONSHIP() );
#9287 = ITEM_DEFINED_TRANSFORMATION('','',#11,#115);
#9288 = PRODUCT_DEFINITION_SHAPE('Placement','Placement of an item',
  #9289);
#9289 = NEXT_ASSEMBLY_USAGE_OCCURRENCE('26','=>[0:1:1:27]','',#5,#8944,$
  );
#9290 = PRODUCT_RELATED_PRODUCT_CATEGORY('part',$,(#8946));
#9291 = SHAPE_DEFINITION_REPRESENTATION(#9292,#9298);
#9292 = PRODUCT_DEFINITION_SHAPE('','',#9293);
#9293 = PRODUCT_DEFINITION('design','',#9294,#9297);
#9294 = PRODUCT_DEFINITION_FORMATION('','',#9295);
#9295 = PRODUCT('COMPOUND','COMPOUND','',(#9296));
#9296 = PRODUCT_CONTEXT('',#2,'mechanical');
#9297 = PRODUCT_DEFINITION_CONTEXT('part definition',#2,'design');
#9298 = ADVANCED_BREP_SHAPE_REPRESENTATION('',(#11,#9299),#9629);
#9299 = MANIFOLD_SOLID_BREP('',#9300);
#9300 = CLOSED_SHELL('',(#9301,#9421,#9521,#9568,#9615,#9622));
#9301 = ADVANCED_FACE('',(#9302),#9316,.F.);
#9302 = FACE_BOUND('',#9303,.F.);
#9303 = EDGE_LOOP('',(#9304,#9339,#9367,#9395));
#9304 = ORIENTED_EDGE('',*,*,#9305,.F.);
#9305 = EDGE_CURVE('',#9306,#9308,#9310,.T.);
#9306 = VERTEX_POINT('',#9307);
#9307 = CARTESIAN_POINT('',(-19.,-212.5,-285.));
#9308 = VERTEX_POINT('',#9309);
#9309 = CARTESIAN_POINT('',(-19.,-212.5,285.));
#9310 = SURFACE_CURVE('',#9311,(#9315,#9327),.PCURVE_S1.);
#9311 = LINE('',#9312,#9313);
#9312 = CARTESIAN_POINT('',(-19.,-212.5,-285.));
#9313 = VECTOR('',#9314,1.);
#9314 = DIRECTION('',(0.,0.,1.));
#9315 = PCURVE('',#9316,#9321);
#9316 = PLANE('',#9317);
#9317 = AXIS2_PLACEMENT_3D('',#9318,#9319,#9320);
#9318 = CARTESIAN_POINT('',(-19.,-212.5,-285.));
#9319 = DIRECTION('',(1.,0.,-0.));
#9320 = DIRECTION('',(0.,0.,1.));
#9321 = DEFINITIONAL_REPRESENTATION('',(#9322),#9326);
#9322 = LINE('',#9323,#9324);
#9323 = CARTESIAN_POINT('',(0.,0.));
#9324 = VECTOR('',#9325,1.);
#9325 = DIRECTION('',(1.,0.));
#9326 = ( GEOMETRIC_REPRESENTATION_CONTEXT(2) 
PARAMETRIC_REPRESENTATION_CONTEXT() REPRESENTATION_CONTEXT('2D SPACE',''
  ) );
#9327 = PCURVE('',#9328,#9333);
#9328 = PLANE('',#9329);
#9329 = AXIS2_PLACEMENT_3D('',#9330,#9331,#9332);
#9330 = CARTESIAN_POINT('',(-19.,-212.5,-285.));
#9331 = DIRECTION('',(-0.,1.,0.));
#9332 = DIRECTION('',(0.,0.,1.));
#9333 = DEFINITIONAL_REPRESENTATION('',(#9334),#9338);
#9334 = LINE('',#9335,#9336);
#9335 = CARTESIAN_POINT('',(0.,0.));
#9336 = VECTOR('',#9337,1.);
#9337 = DIRECTION('',(1.,0.));
#9338 = ( GEOMETRIC_REPRESENTATION_CONTEXT(2) 
PARAMETRIC_REPRESENTATION_CONTEXT() REPRESENTATION_CONTEXT('2D SPACE',''
  ) );
#9339 = ORIENTED_EDGE('',*,*,#9340,.T.);
#9340 = EDGE_CURVE('',#9306,#9341,#9343,.T.);
#9341 = VERTEX_POINT('',#9342);
#9342 = CARTESIAN_POINT('',(-19.,212.5,-285.));
#9343 = SURFACE_CURVE('',#9344,(#9348,#9355),.PCURVE_S1.);
#9344 = LINE('',#9345,#9346);
#9345 = CARTESIAN_POINT('',(-19.,-212.5,-285.));
#9346 = VECTOR('',#9347,1.);
#9347 = DIRECTION('',(-0.,1.,0.));
#9348 = PCURVE('',#9316,#9349);
#9349 = DEFINITIONAL_REPRESENTATION('',(#9350),#9354);
#9350 = LINE('',#9351,#9352);
#9351 = CARTESIAN_POINT('',(0.,0.));
#9352 = VECTOR('',#9353,1.);
#9353 = DIRECTION('',(0.,-1.));
#9354 = ( GEOMETRIC_REPRESENTATION_CONTEXT(2) 
PARAMETRIC_REPRESENTATION_CONTEXT() REPRESENTATION_CONTEXT('2D SPACE',''
  ) );
#9355 = PCURVE('',#9356,#9361);
#9356 = PLANE('',#9357);
#9357 = AXIS2_PLACEMENT_3D('',#9358,#9359,#9360);
#9358 = CARTESIAN_POINT('',(-19.,-212.5,-285.));
#9359 = DIRECTION('',(0.,0.,1.));
#9360 = DIRECTION('',(1.,0.,-0.));
#9361 = DEFINITIONAL_REPRESENTATION('',(#9362),#9366);
#9362 = LINE('',#9363,#9364);
#9363 = CARTESIAN_POINT('',(0.,0.));
#9364 = VECTOR('',#9365,1.);
#9365 = DIRECTION('',(0.,1.));
#9366 = ( GEOMETRIC_REPRESENTATION_CONTEXT(2) 
PARAMETRIC_REPRESENTATION_CONTEXT() REPRESENTATION_CONTEXT('2D SPACE',''
  ) );
#9367 = ORIENTED_EDGE('',*,*,#9368,.T.);
#9368 = EDGE_CURVE('',#9341,#9369,#9371,.T.);
#9369 = VERTEX_POINT('',#9370);
#9370 = CARTESIAN_POINT('',(-19.,212.5,285.));
#9371 = SURFACE_CURVE('',#9372,(#9376,#9383),.PCURVE_S1.);
#9372 = LINE('',#9373,#9374);
#9373 = CARTESIAN_POINT('',(-19.,212.5,-285.));
#9374 = VECTOR('',#9375,1.);
#9375 = DIRECTION('',(0.,0.,1.));
#9376 = PCURVE('',#9316,#9377);
#9377 = DEFINITIONAL_REPRESENTATION('',(#9378),#9382);
#9378 = LINE('',#9379,#9380);
#9379 = CARTESIAN_POINT('',(0.,-425.));
#9380 = VECTOR('',#9381,1.);
#9381 = DIRECTION('',(1.,0.));
#9382 = ( GEOMETRIC_REPRESENTATION_CONTEXT(2) 
PARAMETRIC_REPRESENTATION_CONTEXT() REPRESENTATION_CONTEXT('2D SPACE',''
  ) );
#9383 = PCURVE('',#9384,#9389);
#9384 = PLANE('',#9385);
#9385 = AXIS2_PLACEMENT_3D('',#9386,#9387,#9388);
#9386 = CARTESIAN_POINT('',(-19.,212.5,-285.));
#9387 = DIRECTION('',(-0.,1.,0.));
#9388 = DIRECTION('',(0.,0.,1.));
#9389 = DEFINITIONAL_REPRESENTATION('',(#9390),#9394);
#9390 = LINE('',#9391,#9392);
#9391 = CARTESIAN_POINT('',(0.,0.));
#9392 = VECTOR('',#9393,1.);
#9393 = DIRECTION('',(1.,0.));
#9394 = ( GEOMETRIC_REPRESENTATION_CONTEXT(2) 
PARAMETRIC_REPRESENTATION_CONTEXT() REPRESENTATION_CONTEXT('2D SPACE',''
  ) );
#9395 = ORIENTED_EDGE('',*,*,#9396,.F.);
#9396 = EDGE_CURVE('',#9308,#9369,#9397,.T.);
#9397 = SURFACE_CURVE('',#9398,(#9402,#9409),.PCURVE_S1.);
#9398 = LINE('',#9399,#9400);
#9399 = CARTESIAN_POINT('',(-19.,-212.5,285.));
#9400 = VECTOR('',#9401,1.);
#9401 = DIRECTION('',(-0.,1.,0.));
#9402 = PCURVE('',#9316,#9403);
#9403 = DEFINITIONAL_REPRESENTATION('',(#9404),#9408);
#9404 = LINE('',#9405,#9406);
#9405 = CARTESIAN_POINT('',(570.,0.));
#9406 = VECTOR('',#9407,1.);
#9407 = DIRECTION('',(0.,-1.));
#9408 = ( GEOMETRIC_REPRESENTATION_CONTEXT(2) 
PARAMETRIC_REPRESENTATION_CONTEXT() REPRESENTATION_CONTEXT('2D SPACE',''
  ) );
#9409 = PCURVE('',#9410,#9415);
#9410 = PLANE('',#9411);
#9411 = AXIS2_PLACEMENT_3D('',#9412,#9413,#9414);
#9412 = CARTESIAN_POINT('',(-19.,-212.5,285.));
#9413 = DIRECTION('',(0.,0.,1.));
#9414 = DIRECTION('',(1.,0.,-0.));
#9415 = DEFINITIONAL_REPRESENTATION('',(#9416),#9420);
#9416 = LINE('',#9417,#9418);
#9417 = CARTESIAN_POINT('',(0.,0.));
#9418 = VECTOR('',#9419,1.);
#9419 = DIRECTION('',(0.,1.));
#9420 = ( GEOMETRIC_REPRESENTATION_CONTEXT(2) 
PARAMETRIC_REPRESENTATION_CONTEXT() REPRESENTATION_CONTEXT('2D SPACE',''
  ) );
#9421 = ADVANCED_FACE('',(#9422),#9436,.T.);
#9422 = FACE_BOUND('',#9423,.T.);
#9423 = EDGE_LOOP('',(#9424,#9454,#9477,#9500));
#9424 = ORIENTED_EDGE('',*,*,#9425,.F.);
#9425 = EDGE_CURVE('',#9426,#9428,#9430,.T.);
#9426 = VERTEX_POINT('',#9427);
#9427 = CARTESIAN_POINT('',(19.,-212.5,-285.));
#9428 = VERTEX_POINT('',#9429);
#9429 = CARTESIAN_POINT('',(19.,-212.5,285.));
#9430 = SURFACE_CURVE('',#9431,(#9435,#9447),.PCURVE_S1.);
#9431 = LINE('',#9432,#9433);
#9432 = CARTESIAN_POINT('',(19.,-212.5,-285.));
#9433 = VECTOR('',#9434,1.);
#9434 = DIRECTION('',(0.,0.,1.));
#9435 = PCURVE('',#9436,#9441);
#9436 = PLANE('',#9437);
#9437 = AXIS2_PLACEMENT_3D('',#9438,#9439,#9440);
#9438 = CARTESIAN_POINT('',(19.,-212.5,-285.));
#9439 = DIRECTION('',(1.,0.,-0.));
#9440 = DIRECTION('',(0.,0.,1.));
#9441 = DEFINITIONAL_REPRESENTATION('',(#9442),#9446);
#9442 = LINE('',#9443,#9444);
#9443 = CARTESIAN_POINT('',(0.,0.));
#9444 = VECTOR('',#9445,1.);
#9445 = DIRECTION('',(1.,0.));
#9446 = ( GEOMETRIC_REPRESENTATION_CONTEXT(2) 
PARAMETRIC_REPRESENTATION_CONTEXT() REPRESENTATION_CONTEXT('2D SPACE',''
  ) );
#9447 = PCURVE('',#9328,#9448);
#9448 = DEFINITIONAL_REPRESENTATION('',(#9449),#9453);
#9449 = LINE('',#9450,#9451);
#9450 = CARTESIAN_POINT('',(0.,38.));
#9451 = VECTOR('',#9452,1.);
#9452 = DIRECTION('',(1.,0.));
#9453 = ( GEOMETRIC_REPRESENTATION_CONTEXT(2) 
PARAMETRIC_REPRESENTATION_CONTEXT() REPRESENTATION_CONTEXT('2D SPACE',''
  ) );
#9454 = ORIENTED_EDGE('',*,*,#9455,.T.);
#9455 = EDGE_CURVE('',#9426,#9456,#9458,.T.);
#9456 = VERTEX_POINT('',#9457);
#9457 = CARTESIAN_POINT('',(19.,212.5,-285.));
#9458 = SURFACE_CURVE('',#9459,(#9463,#9470),.PCURVE_S1.);
#9459 = LINE('',#9460,#9461);
#9460 = CARTESIAN_POINT('',(19.,-212.5,-285.));
#9461 = VECTOR('',#9462,1.);
#9462 = DIRECTION('',(-0.,1.,0.));
#9463 = PCURVE('',#9436,#9464);
#9464 = DEFINITIONAL_REPRESENTATION('',(#9465),#9469);
#9465 = LINE('',#9466,#9467);
#9466 = CARTESIAN_POINT('',(0.,0.));
#9467 = VECTOR('',#9468,1.);
#9468 = DIRECTION('',(0.,-1.));
#9469 = ( GEOMETRIC_REPRESENTATION_CONTEXT(2) 
PARAMETRIC_REPRESENTATION_CONTEXT() REPRESENTATION_CONTEXT('2D SPACE',''
  ) );
#9470 = PCURVE('',#9356,#9471);
#9471 = DEFINITIONAL_REPRESENTATION('',(#9472),#9476);
#9472 = LINE('',#9473,#9474);
#9473 = CARTESIAN_POINT('',(38.,0.));
#9474 = VECTOR('',#9475,1.);
#9475 = DIRECTION('',(0.,1.));
#9476 = ( GEOMETRIC_REPRESENTATION_CONTEXT(2) 
PARAMETRIC_REPRESENTATION_CONTEXT() REPRESENTATION_CONTEXT('2D SPACE',''
  ) );
#9477 = ORIENTED_EDGE('',*,*,#9478,.T.);
#9478 = EDGE_CURVE('',#9456,#9479,#9481,.T.);
#9479 = VERTEX_POINT('',#9480);
#9480 = CARTESIAN_POINT('',(19.,212.5,285.));
#9481 = SURFACE_CURVE('',#9482,(#9486,#9493),.PCURVE_S1.);
#9482 = LINE('',#9483,#9484);
#9483 = CARTESIAN_POINT('',(19.,212.5,-285.));
#9484 = VECTOR('',#9485,1.);
#9485 = DIRECTION('',(0.,0.,1.));
#9486 = PCURVE('',#9436,#9487);
#9487 = DEFINITIONAL_REPRESENTATION('',(#9488),#9492);
#9488 = LINE('',#9489,#9490);
#9489 = CARTESIAN_POINT('',(0.,-425.));
#9490 = VECTOR('',#9491,1.);
#9491 = DIRECTION('',(1.,0.));
#9492 = ( GEOMETRIC_REPRESENTATION_CONTEXT(2) 
PARAMETRIC_REPRESENTATION_CONTEXT() REPRESENTATION_CONTEXT('2D SPACE',''
  ) );
#9493 = PCURVE('',#9384,#9494);
#9494 = DEFINITIONAL_REPRESENTATION('',(#9495),#9499);
#9495 = LINE('',#9496,#9497);
#9496 = CARTESIAN_POINT('',(0.,38.));
#9497 = VECTOR('',#9498,1.);
#9498 = DIRECTION('',(1.,0.));
#9499 = ( GEOMETRIC_REPRESENTATION_CONTEXT(2) 
PARAMETRIC_REPRESENTATION_CONTEXT() REPRESENTATION_CONTEXT('2D SPACE',''
  ) );
#9500 = ORIENTED_EDGE('',*,*,#9501,.F.);
#9501 = EDGE_CURVE('',#9428,#9479,#9502,.T.);
#9502 = SURFACE_CURVE('',#9503,(#9507,#9514),.PCURVE_S1.);
#9503 = LINE('',#9504,#9505);
#9504 = CARTESIAN_POINT('',(19.,-212.5,285.));
#9505 = VECTOR('',#9506,1.);
#9506 = DIRECTION('',(-0.,1.,0.));
#9507 = PCURVE('',#9436,#9508);
#9508 = DEFINITIONAL_REPRESENTATION('',(#9509),#9513);
#9509 = LINE('',#9510,#9511);
#9510 = CARTESIAN_POINT('',(570.,0.));
#9511 = VECTOR('',#9512,1.);
#9512 = DIRECTION('',(0.,-1.));
#9513 = ( GEOMETRIC_REPRESENTATION_CONTEXT(2) 
PARAMETRIC_REPRESENTATION_CONTEXT() REPRESENTATION_CONTEXT('2D SPACE',''
  ) );
#9514 = PCURVE('',#9410,#9515);
#9515 = DEFINITIONAL_REPRESENTATION('',(#9516),#9520);
#9516 = LINE('',#9517,#9518);
#9517 = CARTESIAN_POINT('',(38.,0.));
#9518 = VECTOR('',#9519,1.);
#9519 = DIRECTION('',(0.,1.));
#9520 = ( GEOMETRIC_REPRESENTATION_CONTEXT(2) 
PARAMETRIC_REPRESENTATION_CONTEXT() REPRESENTATION_CONTEXT('2D SPACE',''
  ) );
#9521 = ADVANCED_FACE('',(#9522),#9328,.F.);
#9522 = FACE_BOUND('',#9523,.F.);
#9523 = EDGE_LOOP('',(#9524,#9545,#9546,#9567));
#9524 = ORIENTED_EDGE('',*,*,#9525,.F.);
#9525 = EDGE_CURVE('',#9306,#9426,#9526,.T.);
#9526 = SURFACE_CURVE('',#9527,(#9531,#9538),.PCURVE_S1.);
#9527 = LINE('',#9528,#9529);
#9528 = CARTESIAN_POINT('',(-19.,-212.5,-285.));
#9529 = VECTOR('',#9530,1.);
#9530 = DIRECTION('',(1.,0.,-0.));
#9531 = PCURVE('',#9328,#9532);
#9532 = DEFINITIONAL_REPRESENTATION('',(#9533),#9537);
#9533 = LINE('',#9534,#9535);
#9534 = CARTESIAN_POINT('',(0.,0.));
#9535 = VECTOR('',#9536,1.);
#9536 = DIRECTION('',(0.,1.));
#9537 = ( GEOMETRIC_REPRESENTATION_CONTEXT(2) 
PARAMETRIC_REPRESENTATION_CONTEXT() REPRESENTATION_CONTEXT('2D SPACE',''
  ) );
#9538 = PCURVE('',#9356,#9539);
#9539 = DEFINITIONAL_REPRESENTATION('',(#9540),#9544);
#9540 = LINE('',#9541,#9542);
#9541 = CARTESIAN_POINT('',(0.,0.));
#9542 = VECTOR('',#9543,1.);
#9543 = DIRECTION('',(1.,0.));
#9544 = ( GEOMETRIC_REPRESENTATION_CONTEXT(2) 
PARAMETRIC_REPRESENTATION_CONTEXT() REPRESENTATION_CONTEXT('2D SPACE',''
  ) );
#9545 = ORIENTED_EDGE('',*,*,#9305,.T.);
#9546 = ORIENTED_EDGE('',*,*,#9547,.T.);
#9547 = EDGE_CURVE('',#9308,#9428,#9548,.T.);
#9548 = SURFACE_CURVE('',#9549,(#9553,#9560),.PCURVE_S1.);
#9549 = LINE('',#9550,#9551);
#9550 = CARTESIAN_POINT('',(-19.,-212.5,285.));
#9551 = VECTOR('',#9552,1.);
#9552 = DIRECTION('',(1.,0.,-0.));
#9553 = PCURVE('',#9328,#9554);
#9554 = DEFINITIONAL_REPRESENTATION('',(#9555),#9559);
#9555 = LINE('',#9556,#9557);
#9556 = CARTESIAN_POINT('',(570.,0.));
#9557 = VECTOR('',#9558,1.);
#9558 = DIRECTION('',(0.,1.));
#9559 = ( GEOMETRIC_REPRESENTATION_CONTEXT(2) 
PARAMETRIC_REPRESENTATION_CONTEXT() REPRESENTATION_CONTEXT('2D SPACE',''
  ) );
#9560 = PCURVE('',#9410,#9561);
#9561 = DEFINITIONAL_REPRESENTATION('',(#9562),#9566);
#9562 = LINE('',#9563,#9564);
#9563 = CARTESIAN_POINT('',(0.,0.));
#9564 = VECTOR('',#9565,1.);
#9565 = DIRECTION('',(1.,0.));
#9566 = ( GEOMETRIC_REPRESENTATION_CONTEXT(2) 
PARAMETRIC_REPRESENTATION_CONTEXT() REPRESENTATION_CONTEXT('2D SPACE',''
  ) );
#9567 = ORIENTED_EDGE('',*,*,#9425,.F.);
#9568 = ADVANCED_FACE('',(#9569),#9384,.T.);
#9569 = FACE_BOUND('',#9570,.T.);
#9570 = EDGE_LOOP('',(#9571,#9592,#9593,#9614));
#9571 = ORIENTED_EDGE('',*,*,#9572,.F.);
#9572 = EDGE_CURVE('',#9341,#9456,#9573,.T.);
#9573 = SURFACE_CURVE('',#9574,(#9578,#9585),.PCURVE_S1.);
#9574 = LINE('',#9575,#9576);
#9575 = CARTESIAN_POINT('',(-19.,212.5,-285.));
#9576 = VECTOR('',#9577,1.);
#9577 = DIRECTION('',(1.,0.,-0.));
#9578 = PCURVE('',#9384,#9579);
#9579 = DEFINITIONAL_REPRESENTATION('',(#9580),#9584);
#9580 = LINE('',#9581,#9582);
#9581 = CARTESIAN_POINT('',(0.,0.));
#9582 = VECTOR('',#9583,1.);
#9583 = DIRECTION('',(0.,1.));
#9584 = ( GEOMETRIC_REPRESENTATION_CONTEXT(2) 
PARAMETRIC_REPRESENTATION_CONTEXT() REPRESENTATION_CONTEXT('2D SPACE',''
  ) );
#9585 = PCURVE('',#9356,#9586);
#9586 = DEFINITIONAL_REPRESENTATION('',(#9587),#9591);
#9587 = LINE('',#9588,#9589);
#9588 = CARTESIAN_POINT('',(0.,425.));
#9589 = VECTOR('',#9590,1.);
#9590 = DIRECTION('',(1.,0.));
#9591 = ( GEOMETRIC_REPRESENTATION_CONTEXT(2) 
PARAMETRIC_REPRESENTATION_CONTEXT() REPRESENTATION_CONTEXT('2D SPACE',''
  ) );
#9592 = ORIENTED_EDGE('',*,*,#9368,.T.);
#9593 = ORIENTED_EDGE('',*,*,#9594,.T.);
#9594 = EDGE_CURVE('',#9369,#9479,#9595,.T.);
#9595 = SURFACE_CURVE('',#9596,(#9600,#9607),.PCURVE_S1.);
#9596 = LINE('',#9597,#9598);
#9597 = CARTESIAN_POINT('',(-19.,212.5,285.));
#9598 = VECTOR('',#9599,1.);
#9599 = DIRECTION('',(1.,0.,-0.));
#9600 = PCURVE('',#9384,#9601);
#9601 = DEFINITIONAL_REPRESENTATION('',(#9602),#9606);
#9602 = LINE('',#9603,#9604);
#9603 = CARTESIAN_POINT('',(570.,0.));
#9604 = VECTOR('',#9605,1.);
#9605 = DIRECTION('',(0.,1.));
#9606 = ( GEOMETRIC_REPRESENTATION_CONTEXT(2) 
PARAMETRIC_REPRESENTATION_CONTEXT() REPRESENTATION_CONTEXT('2D SPACE',''
  ) );
#9607 = PCURVE('',#9410,#9608);
#9608 = DEFINITIONAL_REPRESENTATION('',(#9609),#9613);
#9609 = LINE('',#9610,#9611);
#9610 = CARTESIAN_POINT('',(0.,425.));
#9611 = VECTOR('',#9612,1.);
#9612 = DIRECTION('',(1.,0.));
#9613 = ( GEOMETRIC_REPRESENTATION_CONTEXT(2) 
PARAMETRIC_REPRESENTATION_CONTEXT() REPRESENTATION_CONTEXT('2D SPACE',''
  ) );
#9614 = ORIENTED_EDGE('',*,*,#9478,.F.);
#9615 = ADVANCED_FACE('',(#9616),#9356,.F.);
#9616 = FACE_BOUND('',#9617,.F.);
#9617 = EDGE_LOOP('',(#9618,#9619,#9620,#9621));
#9618 = ORIENTED_EDGE('',*,*,#9340,.F.);
#9619 = ORIENTED_EDGE('',*,*,#9525,.T.);
#9620 = ORIENTED_EDGE('',*,*,#9455,.T.);
#9621 = ORIENTED_EDGE('',*,*,#9572,.F.);
#9622 = ADVANCED_FACE('',(#9623),#9410,.T.);
#9623 = FACE_BOUND('',#9624,.T.);
#9624 = EDGE_LOOP('',(#9625,#9626,#9627,#9628));
#9625 = ORIENTED_EDGE('',*,*,#9396,.F.);
#9626 = ORIENTED_EDGE('',*,*,#9547,.T.);
#9627 = ORIENTED_EDGE('',*,*,#9501,.T.);
#9628 = ORIENTED_EDGE('',*,*,#9594,.F.);
#9629 = ( GEOMETRIC_REPRESENTATION_CONTEXT(3) 
GLOBAL_UNCERTAINTY_ASSIGNED_CONTEXT((#9633)) 
GLOBAL_UNIT_ASSIGNED_CONTEXT((#9630,#9631,#9632)) REPRESENTATION_CONTEXT
('Context #1','3D Context with UNIT and UNCERTAINTY') );
#9630 = ( LENGTH_UNIT() NAMED_UNIT(*) SI_UNIT(.MILLI.,.METRE.) );
#9631 = ( NAMED_UNIT(*) PLANE_ANGLE_UNIT() SI_UNIT($,.RADIAN.) );
#9632 = ( NAMED_UNIT(*) SI_UNIT($,.STERADIAN.) SOLID_ANGLE_UNIT() );
#9633 = UNCERTAINTY_MEASURE_WITH_UNIT(LENGTH_MEASURE(1.E-07),#9630,
  'distance_accuracy_value','confusion accuracy');
#9634 = CONTEXT_DEPENDENT_SHAPE_REPRESENTATION(#9635,#9637);
#9635 = ( REPRESENTATION_RELATIONSHIP('','',#9298,#10) 
REPRESENTATION_RELATIONSHIP_WITH_TRANSFORMATION(#9636) 
SHAPE_REPRESENTATION_RELATIONSHIP() );
#9636 = ITEM_DEFINED_TRANSFORMATION('','',#11,#119);
#9637 = PRODUCT_DEFINITION_SHAPE('Placement','Placement of an item',
  #9638);
#9638 = NEXT_ASSEMBLY_USAGE_OCCURRENCE('27','=>[0:1:1:28]','',#5,#9293,$
  );
#9639 = PRODUCT_RELATED_PRODUCT_CATEGORY('part',$,(#9295));
#9640 = SHAPE_DEFINITION_REPRESENTATION(#9641,#9647);
#9641 = PRODUCT_DEFINITION_SHAPE('','',#9642);
#9642 = PRODUCT_DEFINITION('design','',#9643,#9646);
#9643 = PRODUCT_DEFINITION_FORMATION('','',#9644);
#9644 = PRODUCT('COMPOUND','COMPOUND','',(#9645));
#9645 = PRODUCT_CONTEXT('',#2,'mechanical');
#9646 = PRODUCT_DEFINITION_CONTEXT('part definition',#2,'design');
#9647 = ADVANCED_BREP_SHAPE_REPRESENTATION('',(#11,#9648),#9978);
#9648 = MANIFOLD_SOLID_BREP('',#9649);
#9649 = CLOSED_SHELL('',(#9650,#9770,#9870,#9917,#9964,#9971));
#9650 = ADVANCED_FACE('',(#9651),#9665,.F.);
#9651 = FACE_BOUND('',#9652,.F.);
#9652 = EDGE_LOOP('',(#9653,#9688,#9716,#9744));
#9653 = ORIENTED_EDGE('',*,*,#9654,.F.);
#9654 = EDGE_CURVE('',#9655,#9657,#9659,.T.);
#9655 = VERTEX_POINT('',#9656);
#9656 = CARTESIAN_POINT('',(-22.,-212.5,-325.));
#9657 = VERTEX_POINT('',#9658);
#9658 = CARTESIAN_POINT('',(-22.,-212.5,325.));
#9659 = SURFACE_CURVE('',#9660,(#9664,#9676),.PCURVE_S1.);
#9660 = LINE('',#9661,#9662);
#9661 = CARTESIAN_POINT('',(-22.,-212.5,-325.));
#9662 = VECTOR('',#9663,1.);
#9663 = DIRECTION('',(0.,0.,1.));
#9664 = PCURVE('',#9665,#9670);
#9665 = PLANE('',#9666);
#9666 = AXIS2_PLACEMENT_3D('',#9667,#9668,#9669);
#9667 = CARTESIAN_POINT('',(-22.,-212.5,-325.));
#9668 = DIRECTION('',(1.,0.,-0.));
#9669 = DIRECTION('',(0.,0.,1.));
#9670 = DEFINITIONAL_REPRESENTATION('',(#9671),#9675);
#9671 = LINE('',#9672,#9673);
#9672 = CARTESIAN_POINT('',(0.,0.));
#9673 = VECTOR('',#9674,1.);
#9674 = DIRECTION('',(1.,0.));
#9675 = ( GEOMETRIC_REPRESENTATION_CONTEXT(2) 
PARAMETRIC_REPRESENTATION_CONTEXT() REPRESENTATION_CONTEXT('2D SPACE',''
  ) );
#9676 = PCURVE('',#9677,#9682);
#9677 = PLANE('',#9678);
#9678 = AXIS2_PLACEMENT_3D('',#9679,#9680,#9681);
#9679 = CARTESIAN_POINT('',(-22.,-212.5,-325.));
#9680 = DIRECTION('',(-0.,1.,0.));
#9681 = DIRECTION('',(0.,0.,1.));
#9682 = DEFINITIONAL_REPRESENTATION('',(#9683),#9687);
#9683 = LINE('',#9684,#9685);
#9684 = CARTESIAN_POINT('',(0.,0.));
#9685 = VECTOR('',#9686,1.);
#9686 = DIRECTION('',(1.,0.));
#9687 = ( GEOMETRIC_REPRESENTATION_CONTEXT(2) 
PARAMETRIC_REPRESENTATION_CONTEXT() REPRESENTATION_CONTEXT('2D SPACE',''
  ) );
#9688 = ORIENTED_EDGE('',*,*,#9689,.T.);
#9689 = EDGE_CURVE('',#9655,#9690,#9692,.T.);
#9690 = VERTEX_POINT('',#9691);
#9691 = CARTESIAN_POINT('',(-22.,212.5,-325.));
#9692 = SURFACE_CURVE('',#9693,(#9697,#9704),.PCURVE_S1.);
#9693 = LINE('',#9694,#9695);
#9694 = CARTESIAN_POINT('',(-22.,-212.5,-325.));
#9695 = VECTOR('',#9696,1.);
#9696 = DIRECTION('',(-0.,1.,0.));
#9697 = PCURVE('',#9665,#9698);
#9698 = DEFINITIONAL_REPRESENTATION('',(#9699),#9703);
#9699 = LINE('',#9700,#9701);
#9700 = CARTESIAN_POINT('',(0.,0.));
#9701 = VECTOR('',#9702,1.);
#9702 = DIRECTION('',(0.,-1.));
#9703 = ( GEOMETRIC_REPRESENTATION_CONTEXT(2) 
PARAMETRIC_REPRESENTATION_CONTEXT() REPRESENTATION_CONTEXT('2D SPACE',''
  ) );
#9704 = PCURVE('',#9705,#9710);
#9705 = PLANE('',#9706);
#9706 = AXIS2_PLACEMENT_3D('',#9707,#9708,#9709);
#9707 = CARTESIAN_POINT('',(-22.,-212.5,-325.));
#9708 = DIRECTION('',(0.,0.,1.));
#9709 = DIRECTION('',(1.,0.,-0.));
#9710 = DEFINITIONAL_REPRESENTATION('',(#9711),#9715);
#9711 = LINE('',#9712,#9713);
#9712 = CARTESIAN_POINT('',(0.,0.));
#9713 = VECTOR('',#9714,1.);
#9714 = DIRECTION('',(0.,1.));
#9715 = ( GEOMETRIC_REPRESENTATION_CONTEXT(2) 
PARAMETRIC_REPRESENTATION_CONTEXT() REPRESENTATION_CONTEXT('2D SPACE',''
  ) );
#9716 = ORIENTED_EDGE('',*,*,#9717,.T.);
#9717 = EDGE_CURVE('',#9690,#9718,#9720,.T.);
#9718 = VERTEX_POINT('',#9719);
#9719 = CARTESIAN_POINT('',(-22.,212.5,325.));
#9720 = SURFACE_CURVE('',#9721,(#9725,#9732),.PCURVE_S1.);
#9721 = LINE('',#9722,#9723);
#9722 = CARTESIAN_POINT('',(-22.,212.5,-325.));
#9723 = VECTOR('',#9724,1.);
#9724 = DIRECTION('',(0.,0.,1.));
#9725 = PCURVE('',#9665,#9726);
#9726 = DEFINITIONAL_REPRESENTATION('',(#9727),#9731);
#9727 = LINE('',#9728,#9729);
#9728 = CARTESIAN_POINT('',(0.,-425.));
#9729 = VECTOR('',#9730,1.);
#9730 = DIRECTION('',(1.,0.));
#9731 = ( GEOMETRIC_REPRESENTATION_CONTEXT(2) 
PARAMETRIC_REPRESENTATION_CONTEXT() REPRESENTATION_CONTEXT('2D SPACE',''
  ) );
#9732 = PCURVE('',#9733,#9738);
#9733 = PLANE('',#9734);
#9734 = AXIS2_PLACEMENT_3D('',#9735,#9736,#9737);
#9735 = CARTESIAN_POINT('',(-22.,212.5,-325.));
#9736 = DIRECTION('',(-0.,1.,0.));
#9737 = DIRECTION('',(0.,0.,1.));
#9738 = DEFINITIONAL_REPRESENTATION('',(#9739),#9743);
#9739 = LINE('',#9740,#9741);
#9740 = CARTESIAN_POINT('',(0.,0.));
#9741 = VECTOR('',#9742,1.);
#9742 = DIRECTION('',(1.,0.));
#9743 = ( GEOMETRIC_REPRESENTATION_CONTEXT(2) 
PARAMETRIC_REPRESENTATION_CONTEXT() REPRESENTATION_CONTEXT('2D SPACE',''
  ) );
#9744 = ORIENTED_EDGE('',*,*,#9745,.F.);
#9745 = EDGE_CURVE('',#9657,#9718,#9746,.T.);
#9746 = SURFACE_CURVE('',#9747,(#9751,#9758),.PCURVE_S1.);
#9747 = LINE('',#9748,#9749);
#9748 = CARTESIAN_POINT('',(-22.,-212.5,325.));
#9749 = VECTOR('',#9750,1.);
#9750 = DIRECTION('',(-0.,1.,0.));
#9751 = PCURVE('',#9665,#9752);
#9752 = DEFINITIONAL_REPRESENTATION('',(#9753),#9757);
#9753 = LINE('',#9754,#9755);
#9754 = CARTESIAN_POINT('',(650.,0.));
#9755 = VECTOR('',#9756,1.);
#9756 = DIRECTION('',(0.,-1.));
#9757 = ( GEOMETRIC_REPRESENTATION_CONTEXT(2) 
PARAMETRIC_REPRESENTATION_CONTEXT() REPRESENTATION_CONTEXT('2D SPACE',''
  ) );
#9758 = PCURVE('',#9759,#9764);
#9759 = PLANE('',#9760);
#9760 = AXIS2_PLACEMENT_3D('',#9761,#9762,#9763);
#9761 = CARTESIAN_POINT('',(-22.,-212.5,325.));
#9762 = DIRECTION('',(0.,0.,1.));
#9763 = DIRECTION('',(1.,0.,-0.));
#9764 = DEFINITIONAL_REPRESENTATION('',(#9765),#9769);
#9765 = LINE('',#9766,#9767);
#9766 = CARTESIAN_POINT('',(0.,0.));
#9767 = VECTOR('',#9768,1.);
#9768 = DIRECTION('',(0.,1.));
#9769 = ( GEOMETRIC_REPRESENTATION_CONTEXT(2) 
PARAMETRIC_REPRESENTATION_CONTEXT() REPRESENTATION_CONTEXT('2D SPACE',''
  ) );
#9770 = ADVANCED_FACE('',(#9771),#9785,.T.);
#9771 = FACE_BOUND('',#9772,.T.);
#9772 = EDGE_LOOP('',(#9773,#9803,#9826,#9849));
#9773 = ORIENTED_EDGE('',*,*,#9774,.F.);
#9774 = EDGE_CURVE('',#9775,#9777,#9779,.T.);
#9775 = VERTEX_POINT('',#9776);
#9776 = CARTESIAN_POINT('',(22.,-212.5,-325.));
#9777 = VERTEX_POINT('',#9778);
#9778 = CARTESIAN_POINT('',(22.,-212.5,325.));
#9779 = SURFACE_CURVE('',#9780,(#9784,#9796),.PCURVE_S1.);
#9780 = LINE('',#9781,#9782);
#9781 = CARTESIAN_POINT('',(22.,-212.5,-325.));
#9782 = VECTOR('',#9783,1.);
#9783 = DIRECTION('',(0.,0.,1.));
#9784 = PCURVE('',#9785,#9790);
#9785 = PLANE('',#9786);
#9786 = AXIS2_PLACEMENT_3D('',#9787,#9788,#9789);
#9787 = CARTESIAN_POINT('',(22.,-212.5,-325.));
#9788 = DIRECTION('',(1.,0.,-0.));
#9789 = DIRECTION('',(0.,0.,1.));
#9790 = DEFINITIONAL_REPRESENTATION('',(#9791),#9795);
#9791 = LINE('',#9792,#9793);
#9792 = CARTESIAN_POINT('',(0.,0.));
#9793 = VECTOR('',#9794,1.);
#9794 = DIRECTION('',(1.,0.));
#9795 = ( GEOMETRIC_REPRESENTATION_CONTEXT(2) 
PARAMETRIC_REPRESENTATION_CONTEXT() REPRESENTATION_CONTEXT('2D SPACE',''
  ) );
#9796 = PCURVE('',#9677,#9797);
#9797 = DEFINITIONAL_REPRESENTATION('',(#9798),#9802);
#9798 = LINE('',#9799,#9800);
#9799 = CARTESIAN_POINT('',(0.,44.));
#9800 = VECTOR('',#9801,1.);
#9801 = DIRECTION('',(1.,0.));
#9802 = ( GEOMETRIC_REPRESENTATION_CONTEXT(2) 
PARAMETRIC_REPRESENTATION_CONTEXT() REPRESENTATION_CONTEXT('2D SPACE',''
  ) );
#9803 = ORIENTED_EDGE('',*,*,#9804,.T.);
#9804 = EDGE_CURVE('',#9775,#9805,#9807,.T.);
#9805 = VERTEX_POINT('',#9806);
#9806 = CARTESIAN_POINT('',(22.,212.5,-325.));
#9807 = SURFACE_CURVE('',#9808,(#9812,#9819),.PCURVE_S1.);
#9808 = LINE('',#9809,#9810);
#9809 = CARTESIAN_POINT('',(22.,-212.5,-325.));
#9810 = VECTOR('',#9811,1.);
#9811 = DIRECTION('',(-0.,1.,0.));
#9812 = PCURVE('',#9785,#9813);
#9813 = DEFINITIONAL_REPRESENTATION('',(#9814),#9818);
#9814 = LINE('',#9815,#9816);
#9815 = CARTESIAN_POINT('',(0.,0.));
#9816 = VECTOR('',#9817,1.);
#9817 = DIRECTION('',(0.,-1.));
#9818 = ( GEOMETRIC_REPRESENTATION_CONTEXT(2) 
PARAMETRIC_REPRESENTATION_CONTEXT() REPRESENTATION_CONTEXT('2D SPACE',''
  ) );
#9819 = PCURVE('',#9705,#9820);
#9820 = DEFINITIONAL_REPRESENTATION('',(#9821),#9825);
#9821 = LINE('',#9822,#9823);
#9822 = CARTESIAN_POINT('',(44.,0.));
#9823 = VECTOR('',#9824,1.);
#9824 = DIRECTION('',(0.,1.));
#9825 = ( GEOMETRIC_REPRESENTATION_CONTEXT(2) 
PARAMETRIC_REPRESENTATION_CONTEXT() REPRESENTATION_CONTEXT('2D SPACE',''
  ) );
#9826 = ORIENTED_EDGE('',*,*,#9827,.T.);
#9827 = EDGE_CURVE('',#9805,#9828,#9830,.T.);
#9828 = VERTEX_POINT('',#9829);
#9829 = CARTESIAN_POINT('',(22.,212.5,325.));
#9830 = SURFACE_CURVE('',#9831,(#9835,#9842),.PCURVE_S1.);
#9831 = LINE('',#9832,#9833);
#9832 = CARTESIAN_POINT('',(22.,212.5,-325.));
#9833 = VECTOR('',#9834,1.);
#9834 = DIRECTION('',(0.,0.,1.));
#9835 = PCURVE('',#9785,#9836);
#9836 = DEFINITIONAL_REPRESENTATION('',(#9837),#9841);
#9837 = LINE('',#9838,#9839);
#9838 = CARTESIAN_POINT('',(0.,-425.));
#9839 = VECTOR('',#9840,1.);
#9840 = DIRECTION('',(1.,0.));
#9841 = ( GEOMETRIC_REPRESENTATION_CONTEXT(2) 
PARAMETRIC_REPRESENTATION_CONTEXT() REPRESENTATION_CONTEXT('2D SPACE',''
  ) );
#9842 = PCURVE('',#9733,#9843);
#9843 = DEFINITIONAL_REPRESENTATION('',(#9844),#9848);
#9844 = LINE('',#9845,#9846);
#9845 = CARTESIAN_POINT('',(0.,44.));
#9846 = VECTOR('',#9847,1.);
#9847 = DIRECTION('',(1.,0.));
#9848 = ( GEOMETRIC_REPRESENTATION_CONTEXT(2) 
PARAMETRIC_REPRESENTATION_CONTEXT() REPRESENTATION_CONTEXT('2D SPACE',''
  ) );
#9849 = ORIENTED_EDGE('',*,*,#9850,.F.);
#9850 = EDGE_CURVE('',#9777,#9828,#9851,.T.);
#9851 = SURFACE_CURVE('',#9852,(#9856,#9863),.PCURVE_S1.);
#9852 = LINE('',#9853,#9854);
#9853 = CARTESIAN_POINT('',(22.,-212.5,325.));
#9854 = VECTOR('',#9855,1.);
#9855 = DIRECTION('',(-0.,1.,0.));
#9856 = PCURVE('',#9785,#9857);
#9857 = DEFINITIONAL_REPRESENTATION('',(#9858),#9862);
#9858 = LINE('',#9859,#9860);
#9859 = CARTESIAN_POINT('',(650.,0.));
#9860 = VECTOR('',#9861,1.);
#9861 = DIRECTION('',(0.,-1.));
#9862 = ( GEOMETRIC_REPRESENTATION_CONTEXT(2) 
PARAMETRIC_REPRESENTATION_CONTEXT() REPRESENTATION_CONTEXT('2D SPACE',''
  ) );
#9863 = PCURVE('',#9759,#9864);
#9864 = DEFINITIONAL_REPRESENTATION('',(#9865),#9869);
#9865 = LINE('',#9866,#9867);
#9866 = CARTESIAN_POINT('',(44.,0.));
#9867 = VECTOR('',#9868,1.);
#9868 = DIRECTION('',(0.,1.));
#9869 = ( GEOMETRIC_REPRESENTATION_CONTEXT(2) 
PARAMETRIC_REPRESENTATION_CONTEXT() REPRESENTATION_CONTEXT('2D SPACE',''
  ) );
#9870 = ADVANCED_FACE('',(#9871),#9677,.F.);
#9871 = FACE_BOUND('',#9872,.F.);
#9872 = EDGE_LOOP('',(#9873,#9894,#9895,#9916));
#9873 = ORIENTED_EDGE('',*,*,#9874,.F.);
#9874 = EDGE_CURVE('',#9655,#9775,#9875,.T.);
#9875 = SURFACE_CURVE('',#9876,(#9880,#9887),.PCURVE_S1.);
#9876 = LINE('',#9877,#9878);
#9877 = CARTESIAN_POINT('',(-22.,-212.5,-325.));
#9878 = VECTOR('',#9879,1.);
#9879 = DIRECTION('',(1.,0.,-0.));
#9880 = PCURVE('',#9677,#9881);
#9881 = DEFINITIONAL_REPRESENTATION('',(#9882),#9886);
#9882 = LINE('',#9883,#9884);
#9883 = CARTESIAN_POINT('',(0.,0.));
#9884 = VECTOR('',#9885,1.);
#9885 = DIRECTION('',(0.,1.));
#9886 = ( GEOMETRIC_REPRESENTATION_CONTEXT(2) 
PARAMETRIC_REPRESENTATION_CONTEXT() REPRESENTATION_CONTEXT('2D SPACE',''
  ) );
#9887 = PCURVE('',#9705,#9888);
#9888 = DEFINITIONAL_REPRESENTATION('',(#9889),#9893);
#9889 = LINE('',#9890,#9891);
#9890 = CARTESIAN_POINT('',(0.,0.));
#9891 = VECTOR('',#9892,1.);
#9892 = DIRECTION('',(1.,0.));
#9893 = ( GEOMETRIC_REPRESENTATION_CONTEXT(2) 
PARAMETRIC_REPRESENTATION_CONTEXT() REPRESENTATION_CONTEXT('2D SPACE',''
  ) );
#9894 = ORIENTED_EDGE('',*,*,#9654,.T.);
#9895 = ORIENTED_EDGE('',*,*,#9896,.T.);
#9896 = EDGE_CURVE('',#9657,#9777,#9897,.T.);
#9897 = SURFACE_CURVE('',#9898,(#9902,#9909),.PCURVE_S1.);
#9898 = LINE('',#9899,#9900);
#9899 = CARTESIAN_POINT('',(-22.,-212.5,325.));
#9900 = VECTOR('',#9901,1.);
#9901 = DIRECTION('',(1.,0.,-0.));
#9902 = PCURVE('',#9677,#9903);
#9903 = DEFINITIONAL_REPRESENTATION('',(#9904),#9908);
#9904 = LINE('',#9905,#9906);
#9905 = CARTESIAN_POINT('',(650.,0.));
#9906 = VECTOR('',#9907,1.);
#9907 = DIRECTION('',(0.,1.));
#9908 = ( GEOMETRIC_REPRESENTATION_CONTEXT(2) 
PARAMETRIC_REPRESENTATION_CONTEXT() REPRESENTATION_CONTEXT('2D SPACE',''
  ) );
#9909 = PCURVE('',#9759,#9910);
#9910 = DEFINITIONAL_REPRESENTATION('',(#9911),#9915);
#9911 = LINE('',#9912,#9913);
#9912 = CARTESIAN_POINT('',(0.,0.));
#9913 = VECTOR('',#9914,1.);
#9914 = DIRECTION('',(1.,0.));
#9915 = ( GEOMETRIC_REPRESENTATION_CONTEXT(2) 
PARAMETRIC_REPRESENTATION_CONTEXT() REPRESENTATION_CONTEXT('2D SPACE',''
  ) );
#9916 = ORIENTED_EDGE('',*,*,#9774,.F.);
#9917 = ADVANCED_FACE('',(#9918),#9733,.T.);
#9918 = FACE_BOUND('',#9919,.T.);
#9919 = EDGE_LOOP('',(#9920,#9941,#9942,#9963));
#9920 = ORIENTED_EDGE('',*,*,#9921,.F.);
#9921 = EDGE_CURVE('',#9690,#9805,#9922,.T.);
#9922 = SURFACE_CURVE('',#9923,(#9927,#9934),.PCURVE_S1.);
#9923 = LINE('',#9924,#9925);
#9924 = CARTESIAN_POINT('',(-22.,212.5,-325.));
#9925 = VECTOR('',#9926,1.);
#9926 = DIRECTION('',(1.,0.,-0.));
#9927 = PCURVE('',#9733,#9928);
#9928 = DEFINITIONAL_REPRESENTATION('',(#9929),#9933);
#9929 = LINE('',#9930,#9931);
#9930 = CARTESIAN_POINT('',(0.,0.));
#9931 = VECTOR('',#9932,1.);
#9932 = DIRECTION('',(0.,1.));
#9933 = ( GEOMETRIC_REPRESENTATION_CONTEXT(2) 
PARAMETRIC_REPRESENTATION_CONTEXT() REPRESENTATION_CONTEXT('2D SPACE',''
  ) );
#9934 = PCURVE('',#9705,#9935);
#9935 = DEFINITIONAL_REPRESENTATION('',(#9936),#9940);
#9936 = LINE('',#9937,#9938);
#9937 = CARTESIAN_POINT('',(0.,425.));
#9938 = VECTOR('',#9939,1.);
#9939 = DIRECTION('',(1.,0.));
#9940 = ( GEOMETRIC_REPRESENTATION_CONTEXT(2) 
PARAMETRIC_REPRESENTATION_CONTEXT() REPRESENTATION_CONTEXT('2D SPACE',''
  ) );
#9941 = ORIENTED_EDGE('',*,*,#9717,.T.);
#9942 = ORIENTED_EDGE('',*,*,#9943,.T.);
#9943 = EDGE_CURVE('',#9718,#9828,#9944,.T.);
#9944 = SURFACE_CURVE('',#9945,(#9949,#9956),.PCURVE_S1.);
#9945 = LINE('',#9946,#9947);
#9946 = CARTESIAN_POINT('',(-22.,212.5,325.));
#9947 = VECTOR('',#9948,1.);
#9948 = DIRECTION('',(1.,0.,-0.));
#9949 = PCURVE('',#9733,#9950);
#9950 = DEFINITIONAL_REPRESENTATION('',(#9951),#9955);
#9951 = LINE('',#9952,#9953);
#9952 = CARTESIAN_POINT('',(650.,0.));
#9953 = VECTOR('',#9954,1.);
#9954 = DIRECTION('',(0.,1.));
#9955 = ( GEOMETRIC_REPRESENTATION_CONTEXT(2) 
PARAMETRIC_REPRESENTATION_CONTEXT() REPRESENTATION_CONTEXT('2D SPACE',''
  ) );
#9956 = PCURVE('',#9759,#9957);
#9957 = DEFINITIONAL_REPRESENTATION('',(#9958),#9962);
#9958 = LINE('',#9959,#9960);
#9959 = CARTESIAN_POINT('',(0.,425.));
#9960 = VECTOR('',#9961,1.);
#9961 = DIRECTION('',(1.,0.));
#9962 = ( GEOMETRIC_REPRESENTATION_CONTEXT(2) 
PARAMETRIC_REPRESENTATION_CONTEXT() REPRESENTATION_CONTEXT('2D SPACE',''
  ) );
#9963 = ORIENTED_EDGE('',*,*,#9827,.F.);
#9964 = ADVANCED_FACE('',(#9965),#9705,.F.);
#9965 = FACE_BOUND('',#9966,.F.);
#9966 = EDGE_LOOP('',(#9967,#9968,#9969,#9970));
#9967 = ORIENTED_EDGE('',*,*,#9689,.F.);
#9968 = ORIENTED_EDGE('',*,*,#9874,.T.);
#9969 = ORIENTED_EDGE('',*,*,#9804,.T.);
#9970 = ORIENTED_EDGE('',*,*,#9921,.F.);
#9971 = ADVANCED_FACE('',(#9972),#9759,.T.);
#9972 = FACE_BOUND('',#9973,.T.);
#9973 = EDGE_LOOP('',(#9974,#9975,#9976,#9977));
#9974 = ORIENTED_EDGE('',*,*,#9745,.F.);
#9975 = ORIENTED_EDGE('',*,*,#9896,.T.);
#9976 = ORIENTED_EDGE('',*,*,#9850,.T.);
#9977 = ORIENTED_EDGE('',*,*,#9943,.F.);
#9978 = ( GEOMETRIC_REPRESENTATION_CONTEXT(3) 
GLOBAL_UNCERTAINTY_ASSIGNED_CONTEXT((#9982)) 
GLOBAL_UNIT_ASSIGNED_CONTEXT((#9979,#9980,#9981)) REPRESENTATION_CONTEXT
('Context #1','3D Context with UNIT and UNCERTAINTY') );
#9979 = ( LENGTH_UNIT() NAMED_UNIT(*) SI_UNIT(.MILLI.,.METRE.) );
#9980 = ( NAMED_UNIT(*) PLANE_ANGLE_UNIT() SI_UNIT($,.RADIAN.) );
#9981 = ( NAMED_UNIT(*) SI_UNIT($,.STERADIAN.) SOLID_ANGLE_UNIT() );
#9982 = UNCERTAINTY_MEASURE_WITH_UNIT(LENGTH_MEASURE(1.E-07),#9979,
  'distance_accuracy_value','confusion accuracy');
#9983 = CONTEXT_DEPENDENT_SHAPE_REPRESENTATION(#9984,#9986);
#9984 = ( REPRESENTATION_RELATIONSHIP('','',#9647,#10) 
REPRESENTATION_RELATIONSHIP_WITH_TRANSFORMATION(#9985) 
SHAPE_REPRESENTATION_RELATIONSHIP() );
#9985 = ITEM_DEFINED_TRANSFORMATION('','',#11,#123);
#9986 = PRODUCT_DEFINITION_SHAPE('Placement','Placement of an item',
  #9987);
#9987 = NEXT_ASSEMBLY_USAGE_OCCURRENCE('28','=>[0:1:1:29]','',#5,#9642,$
  );
#9988 = PRODUCT_RELATED_PRODUCT_CATEGORY('part',$,(#9644));
#9989 = SHAPE_DEFINITION_REPRESENTATION(#9990,#9996);
#9990 = PRODUCT_DEFINITION_SHAPE('','',#9991);
#9991 = PRODUCT_DEFINITION('design','',#9992,#9995);
#9992 = PRODUCT_DEFINITION_FORMATION('','',#9993);
#9993 = PRODUCT('COMPOUND','COMPOUND','',(#9994));
#9994 = PRODUCT_CONTEXT('',#2,'mechanical');
#9995 = PRODUCT_DEFINITION_CONTEXT('part definition',#2,'design');
#9996 = ADVANCED_BREP_SHAPE_REPRESENTATION('',(#11,#9997),#10327);
#9997 = MANIFOLD_SOLID_BREP('',#9998);
#9998 = CLOSED_SHELL('',(#9999,#10119,#10219,#10266,#10313,#10320));
#9999 = ADVANCED_FACE('',(#10000),#10014,.F.);
#10000 = FACE_BOUND('',#10001,.F.);
#10001 = EDGE_LOOP('',(#10002,#10037,#10065,#10093));
#10002 = ORIENTED_EDGE('',*,*,#10003,.F.);
#10003 = EDGE_CURVE('',#10004,#10006,#10008,.T.);
#10004 = VERTEX_POINT('',#10005);
#10005 = CARTESIAN_POINT('',(-19.,-212.5,-285.));
#10006 = VERTEX_POINT('',#10007);
#10007 = CARTESIAN_POINT('',(-19.,-212.5,285.));
#10008 = SURFACE_CURVE('',#10009,(#10013,#10025),.PCURVE_S1.);
#10009 = LINE('',#10010,#10011);
#10010 = CARTESIAN_POINT('',(-19.,-212.5,-285.));
#10011 = VECTOR('',#10012,1.);
#10012 = DIRECTION('',(0.,0.,1.));
#10013 = PCURVE('',#10014,#10019);
#10014 = PLANE('',#10015);
#10015 = AXIS2_PLACEMENT_3D('',#10016,#10017,#10018);
#10016 = CARTESIAN_POINT('',(-19.,-212.5,-285.));
#10017 = DIRECTION('',(1.,0.,-0.));
#10018 = DIRECTION('',(0.,0.,1.));
#10019 = DEFINITIONAL_REPRESENTATION('',(#10020),#10024);
#10020 = LINE('',#10021,#10022);
#10021 = CARTESIAN_POINT('',(0.,0.));
#10022 = VECTOR('',#10023,1.);
#10023 = DIRECTION('',(1.,0.));
#10024 = ( GEOMETRIC_REPRESENTATION_CONTEXT(2) 
PARAMETRIC_REPRESENTATION_CONTEXT() REPRESENTATION_CONTEXT('2D SPACE',''
  ) );
#10025 = PCURVE('',#10026,#10031);
#10026 = PLANE('',#10027);
#10027 = AXIS2_PLACEMENT_3D('',#10028,#10029,#10030);
#10028 = CARTESIAN_POINT('',(-19.,-212.5,-285.));
#10029 = DIRECTION('',(-0.,1.,0.));
#10030 = DIRECTION('',(0.,0.,1.));
#10031 = DEFINITIONAL_REPRESENTATION('',(#10032),#10036);
#10032 = LINE('',#10033,#10034);
#10033 = CARTESIAN_POINT('',(0.,0.));
#10034 = VECTOR('',#10035,1.);
#10035 = DIRECTION('',(1.,0.));
#10036 = ( GEOMETRIC_REPRESENTATION_CONTEXT(2) 
PARAMETRIC_REPRESENTATION_CONTEXT() REPRESENTATION_CONTEXT('2D SPACE',''
  ) );
#10037 = ORIENTED_EDGE('',*,*,#10038,.T.);
#10038 = EDGE_CURVE('',#10004,#10039,#10041,.T.);
#10039 = VERTEX_POINT('',#10040);
#10040 = CARTESIAN_POINT('',(-19.,212.5,-285.));
#10041 = SURFACE_CURVE('',#10042,(#10046,#10053),.PCURVE_S1.);
#10042 = LINE('',#10043,#10044);
#10043 = CARTESIAN_POINT('',(-19.,-212.5,-285.));
#10044 = VECTOR('',#10045,1.);
#10045 = DIRECTION('',(-0.,1.,0.));
#10046 = PCURVE('',#10014,#10047);
#10047 = DEFINITIONAL_REPRESENTATION('',(#10048),#10052);
#10048 = LINE('',#10049,#10050);
#10049 = CARTESIAN_POINT('',(0.,0.));
#10050 = VECTOR('',#10051,1.);
#10051 = DIRECTION('',(0.,-1.));
#10052 = ( GEOMETRIC_REPRESENTATION_CONTEXT(2) 
PARAMETRIC_REPRESENTATION_CONTEXT() REPRESENTATION_CONTEXT('2D SPACE',''
  ) );
#10053 = PCURVE('',#10054,#10059);
#10054 = PLANE('',#10055);
#10055 = AXIS2_PLACEMENT_3D('',#10056,#10057,#10058);
#10056 = CARTESIAN_POINT('',(-19.,-212.5,-285.));
#10057 = DIRECTION('',(0.,0.,1.));
#10058 = DIRECTION('',(1.,0.,-0.));
#10059 = DEFINITIONAL_REPRESENTATION('',(#10060),#10064);
#10060 = LINE('',#10061,#10062);
#10061 = CARTESIAN_POINT('',(0.,0.));
#10062 = VECTOR('',#10063,1.);
#10063 = DIRECTION('',(0.,1.));
#10064 = ( GEOMETRIC_REPRESENTATION_CONTEXT(2) 
PARAMETRIC_REPRESENTATION_CONTEXT() REPRESENTATION_CONTEXT('2D SPACE',''
  ) );
#10065 = ORIENTED_EDGE('',*,*,#10066,.T.);
#10066 = EDGE_CURVE('',#10039,#10067,#10069,.T.);
#10067 = VERTEX_POINT('',#10068);
#10068 = CARTESIAN_POINT('',(-19.,212.5,285.));
#10069 = SURFACE_CURVE('',#10070,(#10074,#10081),.PCURVE_S1.);
#10070 = LINE('',#10071,#10072);
#10071 = CARTESIAN_POINT('',(-19.,212.5,-285.));
#10072 = VECTOR('',#10073,1.);
#10073 = DIRECTION('',(0.,0.,1.));
#10074 = PCURVE('',#10014,#10075);
#10075 = DEFINITIONAL_REPRESENTATION('',(#10076),#10080);
#10076 = LINE('',#10077,#10078);
#10077 = CARTESIAN_POINT('',(0.,-425.));
#10078 = VECTOR('',#10079,1.);
#10079 = DIRECTION('',(1.,0.));
#10080 = ( GEOMETRIC_REPRESENTATION_CONTEXT(2) 
PARAMETRIC_REPRESENTATION_CONTEXT() REPRESENTATION_CONTEXT('2D SPACE',''
  ) );
#10081 = PCURVE('',#10082,#10087);
#10082 = PLANE('',#10083);
#10083 = AXIS2_PLACEMENT_3D('',#10084,#10085,#10086);
#10084 = CARTESIAN_POINT('',(-19.,212.5,-285.));
#10085 = DIRECTION('',(-0.,1.,0.));
#10086 = DIRECTION('',(0.,0.,1.));
#10087 = DEFINITIONAL_REPRESENTATION('',(#10088),#10092);
#10088 = LINE('',#10089,#10090);
#10089 = CARTESIAN_POINT('',(0.,0.));
#10090 = VECTOR('',#10091,1.);
#10091 = DIRECTION('',(1.,0.));
#10092 = ( GEOMETRIC_REPRESENTATION_CONTEXT(2) 
PARAMETRIC_REPRESENTATION_CONTEXT() REPRESENTATION_CONTEXT('2D SPACE',''
  ) );
#10093 = ORIENTED_EDGE('',*,*,#10094,.F.);
#10094 = EDGE_CURVE('',#10006,#10067,#10095,.T.);
#10095 = SURFACE_CURVE('',#10096,(#10100,#10107),.PCURVE_S1.);
#10096 = LINE('',#10097,#10098);
#10097 = CARTESIAN_POINT('',(-19.,-212.5,285.));
#10098 = VECTOR('',#10099,1.);
#10099 = DIRECTION('',(-0.,1.,0.));
#10100 = PCURVE('',#10014,#10101);
#10101 = DEFINITIONAL_REPRESENTATION('',(#10102),#10106);
#10102 = LINE('',#10103,#10104);
#10103 = CARTESIAN_POINT('',(570.,0.));
#10104 = VECTOR('',#10105,1.);
#10105 = DIRECTION('',(0.,-1.));
#10106 = ( GEOMETRIC_REPRESENTATION_CONTEXT(2) 
PARAMETRIC_REPRESENTATION_CONTEXT() REPRESENTATION_CONTEXT('2D SPACE',''
  ) );
#10107 = PCURVE('',#10108,#10113);
#10108 = PLANE('',#10109);
#10109 = AXIS2_PLACEMENT_3D('',#10110,#10111,#10112);
#10110 = CARTESIAN_POINT('',(-19.,-212.5,285.));
#10111 = DIRECTION('',(0.,0.,1.));
#10112 = DIRECTION('',(1.,0.,-0.));
#10113 = DEFINITIONAL_REPRESENTATION('',(#10114),#10118);
#10114 = LINE('',#10115,#10116);
#10115 = CARTESIAN_POINT('',(0.,0.));
#10116 = VECTOR('',#10117,1.);
#10117 = DIRECTION('',(0.,1.));
#10118 = ( GEOMETRIC_REPRESENTATION_CONTEXT(2) 
PARAMETRIC_REPRESENTATION_CONTEXT() REPRESENTATION_CONTEXT('2D SPACE',''
  ) );
#10119 = ADVANCED_FACE('',(#10120),#10134,.T.);
#10120 = FACE_BOUND('',#10121,.T.);
#10121 = EDGE_LOOP('',(#10122,#10152,#10175,#10198));
#10122 = ORIENTED_EDGE('',*,*,#10123,.F.);
#10123 = EDGE_CURVE('',#10124,#10126,#10128,.T.);
#10124 = VERTEX_POINT('',#10125);
#10125 = CARTESIAN_POINT('',(19.,-212.5,-285.));
#10126 = VERTEX_POINT('',#10127);
#10127 = CARTESIAN_POINT('',(19.,-212.5,285.));
#10128 = SURFACE_CURVE('',#10129,(#10133,#10145),.PCURVE_S1.);
#10129 = LINE('',#10130,#10131);
#10130 = CARTESIAN_POINT('',(19.,-212.5,-285.));
#10131 = VECTOR('',#10132,1.);
#10132 = DIRECTION('',(0.,0.,1.));
#10133 = PCURVE('',#10134,#10139);
#10134 = PLANE('',#10135);
#10135 = AXIS2_PLACEMENT_3D('',#10136,#10137,#10138);
#10136 = CARTESIAN_POINT('',(19.,-212.5,-285.));
#10137 = DIRECTION('',(1.,0.,-0.));
#10138 = DIRECTION('',(0.,0.,1.));
#10139 = DEFINITIONAL_REPRESENTATION('',(#10140),#10144);
#10140 = LINE('',#10141,#10142);
#10141 = CARTESIAN_POINT('',(0.,0.));
#10142 = VECTOR('',#10143,1.);
#10143 = DIRECTION('',(1.,0.));
#10144 = ( GEOMETRIC_REPRESENTATION_CONTEXT(2) 
PARAMETRIC_REPRESENTATION_CONTEXT() REPRESENTATION_CONTEXT('2D SPACE',''
  ) );
#10145 = PCURVE('',#10026,#10146);
#10146 = DEFINITIONAL_REPRESENTATION('',(#10147),#10151);
#10147 = LINE('',#10148,#10149);
#10148 = CARTESIAN_POINT('',(0.,38.));
#10149 = VECTOR('',#10150,1.);
#10150 = DIRECTION('',(1.,0.));
#10151 = ( GEOMETRIC_REPRESENTATION_CONTEXT(2) 
PARAMETRIC_REPRESENTATION_CONTEXT() REPRESENTATION_CONTEXT('2D SPACE',''
  ) );
#10152 = ORIENTED_EDGE('',*,*,#10153,.T.);
#10153 = EDGE_CURVE('',#10124,#10154,#10156,.T.);
#10154 = VERTEX_POINT('',#10155);
#10155 = CARTESIAN_POINT('',(19.,212.5,-285.));
#10156 = SURFACE_CURVE('',#10157,(#10161,#10168),.PCURVE_S1.);
#10157 = LINE('',#10158,#10159);
#10158 = CARTESIAN_POINT('',(19.,-212.5,-285.));
#10159 = VECTOR('',#10160,1.);
#10160 = DIRECTION('',(-0.,1.,0.));
#10161 = PCURVE('',#10134,#10162);
#10162 = DEFINITIONAL_REPRESENTATION('',(#10163),#10167);
#10163 = LINE('',#10164,#10165);
#10164 = CARTESIAN_POINT('',(0.,0.));
#10165 = VECTOR('',#10166,1.);
#10166 = DIRECTION('',(0.,-1.));
#10167 = ( GEOMETRIC_REPRESENTATION_CONTEXT(2) 
PARAMETRIC_REPRESENTATION_CONTEXT() REPRESENTATION_CONTEXT('2D SPACE',''
  ) );
#10168 = PCURVE('',#10054,#10169);
#10169 = DEFINITIONAL_REPRESENTATION('',(#10170),#10174);
#10170 = LINE('',#10171,#10172);
#10171 = CARTESIAN_POINT('',(38.,0.));
#10172 = VECTOR('',#10173,1.);
#10173 = DIRECTION('',(0.,1.));
#10174 = ( GEOMETRIC_REPRESENTATION_CONTEXT(2) 
PARAMETRIC_REPRESENTATION_CONTEXT() REPRESENTATION_CONTEXT('2D SPACE',''
  ) );
#10175 = ORIENTED_EDGE('',*,*,#10176,.T.);
#10176 = EDGE_CURVE('',#10154,#10177,#10179,.T.);
#10177 = VERTEX_POINT('',#10178);
#10178 = CARTESIAN_POINT('',(19.,212.5,285.));
#10179 = SURFACE_CURVE('',#10180,(#10184,#10191),.PCURVE_S1.);
#10180 = LINE('',#10181,#10182);
#10181 = CARTESIAN_POINT('',(19.,212.5,-285.));
#10182 = VECTOR('',#10183,1.);
#10183 = DIRECTION('',(0.,0.,1.));
#10184 = PCURVE('',#10134,#10185);
#10185 = DEFINITIONAL_REPRESENTATION('',(#10186),#10190);
#10186 = LINE('',#10187,#10188);
#10187 = CARTESIAN_POINT('',(0.,-425.));
#10188 = VECTOR('',#10189,1.);
#10189 = DIRECTION('',(1.,0.));
#10190 = ( GEOMETRIC_REPRESENTATION_CONTEXT(2) 
PARAMETRIC_REPRESENTATION_CONTEXT() REPRESENTATION_CONTEXT('2D SPACE',''
  ) );
#10191 = PCURVE('',#10082,#10192);
#10192 = DEFINITIONAL_REPRESENTATION('',(#10193),#10197);
#10193 = LINE('',#10194,#10195);
#10194 = CARTESIAN_POINT('',(0.,38.));
#10195 = VECTOR('',#10196,1.);
#10196 = DIRECTION('',(1.,0.));
#10197 = ( GEOMETRIC_REPRESENTATION_CONTEXT(2) 
PARAMETRIC_REPRESENTATION_CONTEXT() REPRESENTATION_CONTEXT('2D SPACE',''
  ) );
#10198 = ORIENTED_EDGE('',*,*,#10199,.F.);
#10199 = EDGE_CURVE('',#10126,#10177,#10200,.T.);
#10200 = SURFACE_CURVE('',#10201,(#10205,#10212),.PCURVE_S1.);
#10201 = LINE('',#10202,#10203);
#10202 = CARTESIAN_POINT('',(19.,-212.5,285.));
#10203 = VECTOR('',#10204,1.);
#10204 = DIRECTION('',(-0.,1.,0.));
#10205 = PCURVE('',#10134,#10206);
#10206 = DEFINITIONAL_REPRESENTATION('',(#10207),#10211);
#10207 = LINE('',#10208,#10209);
#10208 = CARTESIAN_POINT('',(570.,0.));
#10209 = VECTOR('',#10210,1.);
#10210 = DIRECTION('',(0.,-1.));
#10211 = ( GEOMETRIC_REPRESENTATION_CONTEXT(2) 
PARAMETRIC_REPRESENTATION_CONTEXT() REPRESENTATION_CONTEXT('2D SPACE',''
  ) );
#10212 = PCURVE('',#10108,#10213);
#10213 = DEFINITIONAL_REPRESENTATION('',(#10214),#10218);
#10214 = LINE('',#10215,#10216);
#10215 = CARTESIAN_POINT('',(38.,0.));
#10216 = VECTOR('',#10217,1.);
#10217 = DIRECTION('',(0.,1.));
#10218 = ( GEOMETRIC_REPRESENTATION_CONTEXT(2) 
PARAMETRIC_REPRESENTATION_CONTEXT() REPRESENTATION_CONTEXT('2D SPACE',''
  ) );
#10219 = ADVANCED_FACE('',(#10220),#10026,.F.);
#10220 = FACE_BOUND('',#10221,.F.);
#10221 = EDGE_LOOP('',(#10222,#10243,#10244,#10265));
#10222 = ORIENTED_EDGE('',*,*,#10223,.F.);
#10223 = EDGE_CURVE('',#10004,#10124,#10224,.T.);
#10224 = SURFACE_CURVE('',#10225,(#10229,#10236),.PCURVE_S1.);
#10225 = LINE('',#10226,#10227);
#10226 = CARTESIAN_POINT('',(-19.,-212.5,-285.));
#10227 = VECTOR('',#10228,1.);
#10228 = DIRECTION('',(1.,0.,-0.));
#10229 = PCURVE('',#10026,#10230);
#10230 = DEFINITIONAL_REPRESENTATION('',(#10231),#10235);
#10231 = LINE('',#10232,#10233);
#10232 = CARTESIAN_POINT('',(0.,0.));
#10233 = VECTOR('',#10234,1.);
#10234 = DIRECTION('',(0.,1.));
#10235 = ( GEOMETRIC_REPRESENTATION_CONTEXT(2) 
PARAMETRIC_REPRESENTATION_CONTEXT() REPRESENTATION_CONTEXT('2D SPACE',''
  ) );
#10236 = PCURVE('',#10054,#10237);
#10237 = DEFINITIONAL_REPRESENTATION('',(#10238),#10242);
#10238 = LINE('',#10239,#10240);
#10239 = CARTESIAN_POINT('',(0.,0.));
#10240 = VECTOR('',#10241,1.);
#10241 = DIRECTION('',(1.,0.));
#10242 = ( GEOMETRIC_REPRESENTATION_CONTEXT(2) 
PARAMETRIC_REPRESENTATION_CONTEXT() REPRESENTATION_CONTEXT('2D SPACE',''
  ) );
#10243 = ORIENTED_EDGE('',*,*,#10003,.T.);
#10244 = ORIENTED_EDGE('',*,*,#10245,.T.);
#10245 = EDGE_CURVE('',#10006,#10126,#10246,.T.);
#10246 = SURFACE_CURVE('',#10247,(#10251,#10258),.PCURVE_S1.);
#10247 = LINE('',#10248,#10249);
#10248 = CARTESIAN_POINT('',(-19.,-212.5,285.));
#10249 = VECTOR('',#10250,1.);
#10250 = DIRECTION('',(1.,0.,-0.));
#10251 = PCURVE('',#10026,#10252);
#10252 = DEFINITIONAL_REPRESENTATION('',(#10253),#10257);
#10253 = LINE('',#10254,#10255);
#10254 = CARTESIAN_POINT('',(570.,0.));
#10255 = VECTOR('',#10256,1.);
#10256 = DIRECTION('',(0.,1.));
#10257 = ( GEOMETRIC_REPRESENTATION_CONTEXT(2) 
PARAMETRIC_REPRESENTATION_CONTEXT() REPRESENTATION_CONTEXT('2D SPACE',''
  ) );
#10258 = PCURVE('',#10108,#10259);
#10259 = DEFINITIONAL_REPRESENTATION('',(#10260),#10264);
#10260 = LINE('',#10261,#10262);
#10261 = CARTESIAN_POINT('',(0.,0.));
#10262 = VECTOR('',#10263,1.);
#10263 = DIRECTION('',(1.,0.));
#10264 = ( GEOMETRIC_REPRESENTATION_CONTEXT(2) 
PARAMETRIC_REPRESENTATION_CONTEXT() REPRESENTATION_CONTEXT('2D SPACE',''
  ) );
#10265 = ORIENTED_EDGE('',*,*,#10123,.F.);
#10266 = ADVANCED_FACE('',(#10267),#10082,.T.);
#10267 = FACE_BOUND('',#10268,.T.);
#10268 = EDGE_LOOP('',(#10269,#10290,#10291,#10312));
#10269 = ORIENTED_EDGE('',*,*,#10270,.F.);
#10270 = EDGE_CURVE('',#10039,#10154,#10271,.T.);
#10271 = SURFACE_CURVE('',#10272,(#10276,#10283),.PCURVE_S1.);
#10272 = LINE('',#10273,#10274);
#10273 = CARTESIAN_POINT('',(-19.,212.5,-285.));
#10274 = VECTOR('',#10275,1.);
#10275 = DIRECTION('',(1.,0.,-0.));
#10276 = PCURVE('',#10082,#10277);
#10277 = DEFINITIONAL_REPRESENTATION('',(#10278),#10282);
#10278 = LINE('',#10279,#10280);
#10279 = CARTESIAN_POINT('',(0.,0.));
#10280 = VECTOR('',#10281,1.);
#10281 = DIRECTION('',(0.,1.));
#10282 = ( GEOMETRIC_REPRESENTATION_CONTEXT(2) 
PARAMETRIC_REPRESENTATION_CONTEXT() REPRESENTATION_CONTEXT('2D SPACE',''
  ) );
#10283 = PCURVE('',#10054,#10284);
#10284 = DEFINITIONAL_REPRESENTATION('',(#10285),#10289);
#10285 = LINE('',#10286,#10287);
#10286 = CARTESIAN_POINT('',(0.,425.));
#10287 = VECTOR('',#10288,1.);
#10288 = DIRECTION('',(1.,0.));
#10289 = ( GEOMETRIC_REPRESENTATION_CONTEXT(2) 
PARAMETRIC_REPRESENTATION_CONTEXT() REPRESENTATION_CONTEXT('2D SPACE',''
  ) );
#10290 = ORIENTED_EDGE('',*,*,#10066,.T.);
#10291 = ORIENTED_EDGE('',*,*,#10292,.T.);
#10292 = EDGE_CURVE('',#10067,#10177,#10293,.T.);
#10293 = SURFACE_CURVE('',#10294,(#10298,#10305),.PCURVE_S1.);
#10294 = LINE('',#10295,#10296);
#10295 = CARTESIAN_POINT('',(-19.,212.5,285.));
#10296 = VECTOR('',#10297,1.);
#10297 = DIRECTION('',(1.,0.,-0.));
#10298 = PCURVE('',#10082,#10299);
#10299 = DEFINITIONAL_REPRESENTATION('',(#10300),#10304);
#10300 = LINE('',#10301,#10302);
#10301 = CARTESIAN_POINT('',(570.,0.));
#10302 = VECTOR('',#10303,1.);
#10303 = DIRECTION('',(0.,1.));
#10304 = ( GEOMETRIC_REPRESENTATION_CONTEXT(2) 
PARAMETRIC_REPRESENTATION_CONTEXT() REPRESENTATION_CONTEXT('2D SPACE',''
  ) );
#10305 = PCURVE('',#10108,#10306);
#10306 = DEFINITIONAL_REPRESENTATION('',(#10307),#10311);
#10307 = LINE('',#10308,#10309);
#10308 = CARTESIAN_POINT('',(0.,425.));
#10309 = VECTOR('',#10310,1.);
#10310 = DIRECTION('',(1.,0.));
#10311 = ( GEOMETRIC_REPRESENTATION_CONTEXT(2) 
PARAMETRIC_REPRESENTATION_CONTEXT() REPRESENTATION_CONTEXT('2D SPACE',''
  ) );
#10312 = ORIENTED_EDGE('',*,*,#10176,.F.);
#10313 = ADVANCED_FACE('',(#10314),#10054,.F.);
#10314 = FACE_BOUND('',#10315,.F.);
#10315 = EDGE_LOOP('',(#10316,#10317,#10318,#10319));
#10316 = ORIENTED_EDGE('',*,*,#10038,.F.);
#10317 = ORIENTED_EDGE('',*,*,#10223,.T.);
#10318 = ORIENTED_EDGE('',*,*,#10153,.T.);
#10319 = ORIENTED_EDGE('',*,*,#10270,.F.);
#10320 = ADVANCED_FACE('',(#10321),#10108,.T.);
#10321 = FACE_BOUND('',#10322,.T.);
#10322 = EDGE_LOOP('',(#10323,#10324,#10325,#10326));
#10323 = ORIENTED_EDGE('',*,*,#10094,.F.);
#10324 = ORIENTED_EDGE('',*,*,#10245,.T.);
#10325 = ORIENTED_EDGE('',*,*,#10199,.T.);
#10326 = ORIENTED_EDGE('',*,*,#10292,.F.);
#10327 = ( GEOMETRIC_REPRESENTATION_CONTEXT(3) 
GLOBAL_UNCERTAINTY_ASSIGNED_CONTEXT((#10331)) 
GLOBAL_UNIT_ASSIGNED_CONTEXT((#10328,#10329,#10330)) 
REPRESENTATION_CONTEXT('Context #1',
  '3D Context with UNIT and UNCERTAINTY') );
#10328 = ( LENGTH_UNIT() NAMED_UNIT(*) SI_UNIT(.MILLI.,.METRE.) );
#10329 = ( NAMED_UNIT(*) PLANE_ANGLE_UNIT() SI_UNIT($,.RADIAN.) );
#10330 = ( NAMED_UNIT(*) SI_UNIT($,.STERADIAN.) SOLID_ANGLE_UNIT() );
#10331 = UNCERTAINTY_MEASURE_WITH_UNIT(LENGTH_MEASURE(1.E-07),#10328,
  'distance_accuracy_value','confusion accuracy');
#10332 = CONTEXT_DEPENDENT_SHAPE_REPRESENTATION(#10333,#10335);
#10333 = ( REPRESENTATION_RELATIONSHIP('','',#9996,#10) 
REPRESENTATION_RELATIONSHIP_WITH_TRANSFORMATION(#10334) 
SHAPE_REPRESENTATION_RELATIONSHIP() );
#10334 = ITEM_DEFINED_TRANSFORMATION('','',#11,#127);
#10335 = PRODUCT_DEFINITION_SHAPE('Placement','Placement of an item',
  #10336);
#10336 = NEXT_ASSEMBLY_USAGE_OCCURRENCE('29','=>[0:1:1:30]','',#5,#9991,
  $);
#10337 = PRODUCT_RELATED_PRODUCT_CATEGORY('part',$,(#9993));
#10338 = SHAPE_DEFINITION_REPRESENTATION(#10339,#10345);
#10339 = PRODUCT_DEFINITION_SHAPE('','',#10340);
#10340 = PRODUCT_DEFINITION('design','',#10341,#10344);
#10341 = PRODUCT_DEFINITION_FORMATION('','',#10342);
#10342 = PRODUCT('COMPOUND','COMPOUND','',(#10343));
#10343 = PRODUCT_CONTEXT('',#2,'mechanical');
#10344 = PRODUCT_DEFINITION_CONTEXT('part definition',#2,'design');
#10345 = ADVANCED_BREP_SHAPE_REPRESENTATION('',(#11,#10346),#10676);
#10346 = MANIFOLD_SOLID_BREP('',#10347);
#10347 = CLOSED_SHELL('',(#10348,#10468,#10568,#10615,#10662,#10669));
#10348 = ADVANCED_FACE('',(#10349),#10363,.F.);
#10349 = FACE_BOUND('',#10350,.F.);
#10350 = EDGE_LOOP('',(#10351,#10386,#10414,#10442));
#10351 = ORIENTED_EDGE('',*,*,#10352,.F.);
#10352 = EDGE_CURVE('',#10353,#10355,#10357,.T.);
#10353 = VERTEX_POINT('',#10354);
#10354 = CARTESIAN_POINT('',(-22.,-212.5,-325.));
#10355 = VERTEX_POINT('',#10356);
#10356 = CARTESIAN_POINT('',(-22.,-212.5,325.));
#10357 = SURFACE_CURVE('',#10358,(#10362,#10374),.PCURVE_S1.);
#10358 = LINE('',#10359,#10360);
#10359 = CARTESIAN_POINT('',(-22.,-212.5,-325.));
#10360 = VECTOR('',#10361,1.);
#10361 = DIRECTION('',(0.,0.,1.));
#10362 = PCURVE('',#10363,#10368);
#10363 = PLANE('',#10364);
#10364 = AXIS2_PLACEMENT_3D('',#10365,#10366,#10367);
#10365 = CARTESIAN_POINT('',(-22.,-212.5,-325.));
#10366 = DIRECTION('',(1.,0.,-0.));
#10367 = DIRECTION('',(0.,0.,1.));
#10368 = DEFINITIONAL_REPRESENTATION('',(#10369),#10373);
#10369 = LINE('',#10370,#10371);
#10370 = CARTESIAN_POINT('',(0.,0.));
#10371 = VECTOR('',#10372,1.);
#10372 = DIRECTION('',(1.,0.));
#10373 = ( GEOMETRIC_REPRESENTATION_CONTEXT(2) 
PARAMETRIC_REPRESENTATION_CONTEXT() REPRESENTATION_CONTEXT('2D SPACE',''
  ) );
#10374 = PCURVE('',#10375,#10380);
#10375 = PLANE('',#10376);
#10376 = AXIS2_PLACEMENT_3D('',#10377,#10378,#10379);
#10377 = CARTESIAN_POINT('',(-22.,-212.5,-325.));
#10378 = DIRECTION('',(-0.,1.,0.));
#10379 = DIRECTION('',(0.,0.,1.));
#10380 = DEFINITIONAL_REPRESENTATION('',(#10381),#10385);
#10381 = LINE('',#10382,#10383);
#10382 = CARTESIAN_POINT('',(0.,0.));
#10383 = VECTOR('',#10384,1.);
#10384 = DIRECTION('',(1.,0.));
#10385 = ( GEOMETRIC_REPRESENTATION_CONTEXT(2) 
PARAMETRIC_REPRESENTATION_CONTEXT() REPRESENTATION_CONTEXT('2D SPACE',''
  ) );
#10386 = ORIENTED_EDGE('',*,*,#10387,.T.);
#10387 = EDGE_CURVE('',#10353,#10388,#10390,.T.);
#10388 = VERTEX_POINT('',#10389);
#10389 = CARTESIAN_POINT('',(-22.,212.5,-325.));
#10390 = SURFACE_CURVE('',#10391,(#10395,#10402),.PCURVE_S1.);
#10391 = LINE('',#10392,#10393);
#10392 = CARTESIAN_POINT('',(-22.,-212.5,-325.));
#10393 = VECTOR('',#10394,1.);
#10394 = DIRECTION('',(-0.,1.,0.));
#10395 = PCURVE('',#10363,#10396);
#10396 = DEFINITIONAL_REPRESENTATION('',(#10397),#10401);
#10397 = LINE('',#10398,#10399);
#10398 = CARTESIAN_POINT('',(0.,0.));
#10399 = VECTOR('',#10400,1.);
#10400 = DIRECTION('',(0.,-1.));
#10401 = ( GEOMETRIC_REPRESENTATION_CONTEXT(2) 
PARAMETRIC_REPRESENTATION_CONTEXT() REPRESENTATION_CONTEXT('2D SPACE',''
  ) );
#10402 = PCURVE('',#10403,#10408);
#10403 = PLANE('',#10404);
#10404 = AXIS2_PLACEMENT_3D('',#10405,#10406,#10407);
#10405 = CARTESIAN_POINT('',(-22.,-212.5,-325.));
#10406 = DIRECTION('',(0.,0.,1.));
#10407 = DIRECTION('',(1.,0.,-0.));
#10408 = DEFINITIONAL_REPRESENTATION('',(#10409),#10413);
#10409 = LINE('',#10410,#10411);
#10410 = CARTESIAN_POINT('',(0.,0.));
#10411 = VECTOR('',#10412,1.);
#10412 = DIRECTION('',(0.,1.));
#10413 = ( GEOMETRIC_REPRESENTATION_CONTEXT(2) 
PARAMETRIC_REPRESENTATION_CONTEXT() REPRESENTATION_CONTEXT('2D SPACE',''
  ) );
#10414 = ORIENTED_EDGE('',*,*,#10415,.T.);
#10415 = EDGE_CURVE('',#10388,#10416,#10418,.T.);
#10416 = VERTEX_POINT('',#10417);
#10417 = CARTESIAN_POINT('',(-22.,212.5,325.));
#10418 = SURFACE_CURVE('',#10419,(#10423,#10430),.PCURVE_S1.);
#10419 = LINE('',#10420,#10421);
#10420 = CARTESIAN_POINT('',(-22.,212.5,-325.));
#10421 = VECTOR('',#10422,1.);
#10422 = DIRECTION('',(0.,0.,1.));
#10423 = PCURVE('',#10363,#10424);
#10424 = DEFINITIONAL_REPRESENTATION('',(#10425),#10429);
#10425 = LINE('',#10426,#10427);
#10426 = CARTESIAN_POINT('',(0.,-425.));
#10427 = VECTOR('',#10428,1.);
#10428 = DIRECTION('',(1.,0.));
#10429 = ( GEOMETRIC_REPRESENTATION_CONTEXT(2) 
PARAMETRIC_REPRESENTATION_CONTEXT() REPRESENTATION_CONTEXT('2D SPACE',''
  ) );
#10430 = PCURVE('',#10431,#10436);
#10431 = PLANE('',#10432);
#10432 = AXIS2_PLACEMENT_3D('',#10433,#10434,#10435);
#10433 = CARTESIAN_POINT('',(-22.,212.5,-325.));
#10434 = DIRECTION('',(-0.,1.,0.));
#10435 = DIRECTION('',(0.,0.,1.));
#10436 = DEFINITIONAL_REPRESENTATION('',(#10437),#10441);
#10437 = LINE('',#10438,#10439);
#10438 = CARTESIAN_POINT('',(0.,0.));
#10439 = VECTOR('',#10440,1.);
#10440 = DIRECTION('',(1.,0.));
#10441 = ( GEOMETRIC_REPRESENTATION_CONTEXT(2) 
PARAMETRIC_REPRESENTATION_CONTEXT() REPRESENTATION_CONTEXT('2D SPACE',''
  ) );
#10442 = ORIENTED_EDGE('',*,*,#10443,.F.);
#10443 = EDGE_CURVE('',#10355,#10416,#10444,.T.);
#10444 = SURFACE_CURVE('',#10445,(#10449,#10456),.PCURVE_S1.);
#10445 = LINE('',#10446,#10447);
#10446 = CARTESIAN_POINT('',(-22.,-212.5,325.));
#10447 = VECTOR('',#10448,1.);
#10448 = DIRECTION('',(-0.,1.,0.));
#10449 = PCURVE('',#10363,#10450);
#10450 = DEFINITIONAL_REPRESENTATION('',(#10451),#10455);
#10451 = LINE('',#10452,#10453);
#10452 = CARTESIAN_POINT('',(650.,0.));
#10453 = VECTOR('',#10454,1.);
#10454 = DIRECTION('',(0.,-1.));
#10455 = ( GEOMETRIC_REPRESENTATION_CONTEXT(2) 
PARAMETRIC_REPRESENTATION_CONTEXT() REPRESENTATION_CONTEXT('2D SPACE',''
  ) );
#10456 = PCURVE('',#10457,#10462);
#10457 = PLANE('',#10458);
#10458 = AXIS2_PLACEMENT_3D('',#10459,#10460,#10461);
#10459 = CARTESIAN_POINT('',(-22.,-212.5,325.));
#10460 = DIRECTION('',(0.,0.,1.));
#10461 = DIRECTION('',(1.,0.,-0.));
#10462 = DEFINITIONAL_REPRESENTATION('',(#10463),#10467);
#10463 = LINE('',#10464,#10465);
#10464 = CARTESIAN_POINT('',(0.,0.));
#10465 = VECTOR('',#10466,1.);
#10466 = DIRECTION('',(0.,1.));
#10467 = ( GEOMETRIC_REPRESENTATION_CONTEXT(2) 
PARAMETRIC_REPRESENTATION_CONTEXT() REPRESENTATION_CONTEXT('2D SPACE',''
  ) );
#10468 = ADVANCED_FACE('',(#10469),#10483,.T.);
#10469 = FACE_BOUND('',#10470,.T.);
#10470 = EDGE_LOOP('',(#10471,#10501,#10524,#10547));
#10471 = ORIENTED_EDGE('',*,*,#10472,.F.);
#10472 = EDGE_CURVE('',#10473,#10475,#10477,.T.);
#10473 = VERTEX_POINT('',#10474);
#10474 = CARTESIAN_POINT('',(22.,-212.5,-325.));
#10475 = VERTEX_POINT('',#10476);
#10476 = CARTESIAN_POINT('',(22.,-212.5,325.));
#10477 = SURFACE_CURVE('',#10478,(#10482,#10494),.PCURVE_S1.);
#10478 = LINE('',#10479,#10480);
#10479 = CARTESIAN_POINT('',(22.,-212.5,-325.));
#10480 = VECTOR('',#10481,1.);
#10481 = DIRECTION('',(0.,0.,1.));
#10482 = PCURVE('',#10483,#10488);
#10483 = PLANE('',#10484);
#10484 = AXIS2_PLACEMENT_3D('',#10485,#10486,#10487);
#10485 = CARTESIAN_POINT('',(22.,-212.5,-325.));
#10486 = DIRECTION('',(1.,0.,-0.));
#10487 = DIRECTION('',(0.,0.,1.));
#10488 = DEFINITIONAL_REPRESENTATION('',(#10489),#10493);
#10489 = LINE('',#10490,#10491);
#10490 = CARTESIAN_POINT('',(0.,0.));
#10491 = VECTOR('',#10492,1.);
#10492 = DIRECTION('',(1.,0.));
#10493 = ( GEOMETRIC_REPRESENTATION_CONTEXT(2) 
PARAMETRIC_REPRESENTATION_CONTEXT() REPRESENTATION_CONTEXT('2D SPACE',''
  ) );
#10494 = PCURVE('',#10375,#10495);
#10495 = DEFINITIONAL_REPRESENTATION('',(#10496),#10500);
#10496 = LINE('',#10497,#10498);
#10497 = CARTESIAN_POINT('',(0.,44.));
#10498 = VECTOR('',#10499,1.);
#10499 = DIRECTION('',(1.,0.));
#10500 = ( GEOMETRIC_REPRESENTATION_CONTEXT(2) 
PARAMETRIC_REPRESENTATION_CONTEXT() REPRESENTATION_CONTEXT('2D SPACE',''
  ) );
#10501 = ORIENTED_EDGE('',*,*,#10502,.T.);
#10502 = EDGE_CURVE('',#10473,#10503,#10505,.T.);
#10503 = VERTEX_POINT('',#10504);
#10504 = CARTESIAN_POINT('',(22.,212.5,-325.));
#10505 = SURFACE_CURVE('',#10506,(#10510,#10517),.PCURVE_S1.);
#10506 = LINE('',#10507,#10508);
#10507 = CARTESIAN_POINT('',(22.,-212.5,-325.));
#10508 = VECTOR('',#10509,1.);
#10509 = DIRECTION('',(-0.,1.,0.));
#10510 = PCURVE('',#10483,#10511);
#10511 = DEFINITIONAL_REPRESENTATION('',(#10512),#10516);
#10512 = LINE('',#10513,#10514);
#10513 = CARTESIAN_POINT('',(0.,0.));
#10514 = VECTOR('',#10515,1.);
#10515 = DIRECTION('',(0.,-1.));
#10516 = ( GEOMETRIC_REPRESENTATION_CONTEXT(2) 
PARAMETRIC_REPRESENTATION_CONTEXT() REPRESENTATION_CONTEXT('2D SPACE',''
  ) );
#10517 = PCURVE('',#10403,#10518);
#10518 = DEFINITIONAL_REPRESENTATION('',(#10519),#10523);
#10519 = LINE('',#10520,#10521);
#10520 = CARTESIAN_POINT('',(44.,0.));
#10521 = VECTOR('',#10522,1.);
#10522 = DIRECTION('',(0.,1.));
#10523 = ( GEOMETRIC_REPRESENTATION_CONTEXT(2) 
PARAMETRIC_REPRESENTATION_CONTEXT() REPRESENTATION_CONTEXT('2D SPACE',''
  ) );
#10524 = ORIENTED_EDGE('',*,*,#10525,.T.);
#10525 = EDGE_CURVE('',#10503,#10526,#10528,.T.);
#10526 = VERTEX_POINT('',#10527);
#10527 = CARTESIAN_POINT('',(22.,212.5,325.));
#10528 = SURFACE_CURVE('',#10529,(#10533,#10540),.PCURVE_S1.);
#10529 = LINE('',#10530,#10531);
#10530 = CARTESIAN_POINT('',(22.,212.5,-325.));
#10531 = VECTOR('',#10532,1.);
#10532 = DIRECTION('',(0.,0.,1.));
#10533 = PCURVE('',#10483,#10534);
#10534 = DEFINITIONAL_REPRESENTATION('',(#10535),#10539);
#10535 = LINE('',#10536,#10537);
#10536 = CARTESIAN_POINT('',(0.,-425.));
#10537 = VECTOR('',#10538,1.);
#10538 = DIRECTION('',(1.,0.));
#10539 = ( GEOMETRIC_REPRESENTATION_CONTEXT(2) 
PARAMETRIC_REPRESENTATION_CONTEXT() REPRESENTATION_CONTEXT('2D SPACE',''
  ) );
#10540 = PCURVE('',#10431,#10541);
#10541 = DEFINITIONAL_REPRESENTATION('',(#10542),#10546);
#10542 = LINE('',#10543,#10544);
#10543 = CARTESIAN_POINT('',(0.,44.));
#10544 = VECTOR('',#10545,1.);
#10545 = DIRECTION('',(1.,0.));
#10546 = ( GEOMETRIC_REPRESENTATION_CONTEXT(2) 
PARAMETRIC_REPRESENTATION_CONTEXT() REPRESENTATION_CONTEXT('2D SPACE',''
  ) );
#10547 = ORIENTED_EDGE('',*,*,#10548,.F.);
#10548 = EDGE_CURVE('',#10475,#10526,#10549,.T.);
#10549 = SURFACE_CURVE('',#10550,(#10554,#10561),.PCURVE_S1.);
#10550 = LINE('',#10551,#10552);
#10551 = CARTESIAN_POINT('',(22.,-212.5,325.));
#10552 = VECTOR('',#10553,1.);
#10553 = DIRECTION('',(-0.,1.,0.));
#10554 = PCURVE('',#10483,#10555);
#10555 = DEFINITIONAL_REPRESENTATION('',(#10556),#10560);
#10556 = LINE('',#10557,#10558);
#10557 = CARTESIAN_POINT('',(650.,0.));
#10558 = VECTOR('',#10559,1.);
#10559 = DIRECTION('',(0.,-1.));
#10560 = ( GEOMETRIC_REPRESENTATION_CONTEXT(2) 
PARAMETRIC_REPRESENTATION_CONTEXT() REPRESENTATION_CONTEXT('2D SPACE',''
  ) );
#10561 = PCURVE('',#10457,#10562);
#10562 = DEFINITIONAL_REPRESENTATION('',(#10563),#10567);
#10563 = LINE('',#10564,#10565);
#10564 = CARTESIAN_POINT('',(44.,0.));
#10565 = VECTOR('',#10566,1.);
#10566 = DIRECTION('',(0.,1.));
#10567 = ( GEOMETRIC_REPRESENTATION_CONTEXT(2) 
PARAMETRIC_REPRESENTATION_CONTEXT() REPRESENTATION_CONTEXT('2D SPACE',''
  ) );
#10568 = ADVANCED_FACE('',(#10569),#10375,.F.);
#10569 = FACE_BOUND('',#10570,.F.);
#10570 = EDGE_LOOP('',(#10571,#10592,#10593,#10614));
#10571 = ORIENTED_EDGE('',*,*,#10572,.F.);
#10572 = EDGE_CURVE('',#10353,#10473,#10573,.T.);
#10573 = SURFACE_CURVE('',#10574,(#10578,#10585),.PCURVE_S1.);
#10574 = LINE('',#10575,#10576);
#10575 = CARTESIAN_POINT('',(-22.,-212.5,-325.));
#10576 = VECTOR('',#10577,1.);
#10577 = DIRECTION('',(1.,0.,-0.));
#10578 = PCURVE('',#10375,#10579);
#10579 = DEFINITIONAL_REPRESENTATION('',(#10580),#10584);
#10580 = LINE('',#10581,#10582);
#10581 = CARTESIAN_POINT('',(0.,0.));
#10582 = VECTOR('',#10583,1.);
#10583 = DIRECTION('',(0.,1.));
#10584 = ( GEOMETRIC_REPRESENTATION_CONTEXT(2) 
PARAMETRIC_REPRESENTATION_CONTEXT() REPRESENTATION_CONTEXT('2D SPACE',''
  ) );
#10585 = PCURVE('',#10403,#10586);
#10586 = DEFINITIONAL_REPRESENTATION('',(#10587),#10591);
#10587 = LINE('',#10588,#10589);
#10588 = CARTESIAN_POINT('',(0.,0.));
#10589 = VECTOR('',#10590,1.);
#10590 = DIRECTION('',(1.,0.));
#10591 = ( GEOMETRIC_REPRESENTATION_CONTEXT(2) 
PARAMETRIC_REPRESENTATION_CONTEXT() REPRESENTATION_CONTEXT('2D SPACE',''
  ) );
#10592 = ORIENTED_EDGE('',*,*,#10352,.T.);
#10593 = ORIENTED_EDGE('',*,*,#10594,.T.);
#10594 = EDGE_CURVE('',#10355,#10475,#10595,.T.);
#10595 = SURFACE_CURVE('',#10596,(#10600,#10607),.PCURVE_S1.);
#10596 = LINE('',#10597,#10598);
#10597 = CARTESIAN_POINT('',(-22.,-212.5,325.));
#10598 = VECTOR('',#10599,1.);
#10599 = DIRECTION('',(1.,0.,-0.));
#10600 = PCURVE('',#10375,#10601);
#10601 = DEFINITIONAL_REPRESENTATION('',(#10602),#10606);
#10602 = LINE('',#10603,#10604);
#10603 = CARTESIAN_POINT('',(650.,0.));
#10604 = VECTOR('',#10605,1.);
#10605 = DIRECTION('',(0.,1.));
#10606 = ( GEOMETRIC_REPRESENTATION_CONTEXT(2) 
PARAMETRIC_REPRESENTATION_CONTEXT() REPRESENTATION_CONTEXT('2D SPACE',''
  ) );
#10607 = PCURVE('',#10457,#10608);
#10608 = DEFINITIONAL_REPRESENTATION('',(#10609),#10613);
#10609 = LINE('',#10610,#10611);
#10610 = CARTESIAN_POINT('',(0.,0.));
#10611 = VECTOR('',#10612,1.);
#10612 = DIRECTION('',(1.,0.));
#10613 = ( GEOMETRIC_REPRESENTATION_CONTEXT(2) 
PARAMETRIC_REPRESENTATION_CONTEXT() REPRESENTATION_CONTEXT('2D SPACE',''
  ) );
#10614 = ORIENTED_EDGE('',*,*,#10472,.F.);
#10615 = ADVANCED_FACE('',(#10616),#10431,.T.);
#10616 = FACE_BOUND('',#10617,.T.);
#10617 = EDGE_LOOP('',(#10618,#10639,#10640,#10661));
#10618 = ORIENTED_EDGE('',*,*,#10619,.F.);
#10619 = EDGE_CURVE('',#10388,#10503,#10620,.T.);
#10620 = SURFACE_CURVE('',#10621,(#10625,#10632),.PCURVE_S1.);
#10621 = LINE('',#10622,#10623);
#10622 = CARTESIAN_POINT('',(-22.,212.5,-325.));
#10623 = VECTOR('',#10624,1.);
#10624 = DIRECTION('',(1.,0.,-0.));
#10625 = PCURVE('',#10431,#10626);
#10626 = DEFINITIONAL_REPRESENTATION('',(#10627),#10631);
#10627 = LINE('',#10628,#10629);
#10628 = CARTESIAN_POINT('',(0.,0.));
#10629 = VECTOR('',#10630,1.);
#10630 = DIRECTION('',(0.,1.));
#10631 = ( GEOMETRIC_REPRESENTATION_CONTEXT(2) 
PARAMETRIC_REPRESENTATION_CONTEXT() REPRESENTATION_CONTEXT('2D SPACE',''
  ) );
#10632 = PCURVE('',#10403,#10633);
#10633 = DEFINITIONAL_REPRESENTATION('',(#10634),#10638);
#10634 = LINE('',#10635,#10636);
#10635 = CARTESIAN_POINT('',(0.,425.));
#10636 = VECTOR('',#10637,1.);
#10637 = DIRECTION('',(1.,0.));
#10638 = ( GEOMETRIC_REPRESENTATION_CONTEXT(2) 
PARAMETRIC_REPRESENTATION_CONTEXT() REPRESENTATION_CONTEXT('2D SPACE',''
  ) );
#10639 = ORIENTED_EDGE('',*,*,#10415,.T.);
#10640 = ORIENTED_EDGE('',*,*,#10641,.T.);
#10641 = EDGE_CURVE('',#10416,#10526,#10642,.T.);
#10642 = SURFACE_CURVE('',#10643,(#10647,#10654),.PCURVE_S1.);
#10643 = LINE('',#10644,#10645);
#10644 = CARTESIAN_POINT('',(-22.,212.5,325.));
#10645 = VECTOR('',#10646,1.);
#10646 = DIRECTION('',(1.,0.,-0.));
#10647 = PCURVE('',#10431,#10648);
#10648 = DEFINITIONAL_REPRESENTATION('',(#10649),#10653);
#10649 = LINE('',#10650,#10651);
#10650 = CARTESIAN_POINT('',(650.,0.));
#10651 = VECTOR('',#10652,1.);
#10652 = DIRECTION('',(0.,1.));
#10653 = ( GEOMETRIC_REPRESENTATION_CONTEXT(2) 
PARAMETRIC_REPRESENTATION_CONTEXT() REPRESENTATION_CONTEXT('2D SPACE',''
  ) );
#10654 = PCURVE('',#10457,#10655);
#10655 = DEFINITIONAL_REPRESENTATION('',(#10656),#10660);
#10656 = LINE('',#10657,#10658);
#10657 = CARTESIAN_POINT('',(0.,425.));
#10658 = VECTOR('',#10659,1.);
#10659 = DIRECTION('',(1.,0.));
#10660 = ( GEOMETRIC_REPRESENTATION_CONTEXT(2) 
PARAMETRIC_REPRESENTATION_CONTEXT() REPRESENTATION_CONTEXT('2D SPACE',''
  ) );
#10661 = ORIENTED_EDGE('',*,*,#10525,.F.);
#10662 = ADVANCED_FACE('',(#10663),#10403,.F.);
#10663 = FACE_BOUND('',#10664,.F.);
#10664 = EDGE_LOOP('',(#10665,#10666,#10667,#10668));
#10665 = ORIENTED_EDGE('',*,*,#10387,.F.);
#10666 = ORIENTED_EDGE('',*,*,#10572,.T.);
#10667 = ORIENTED_EDGE('',*,*,#10502,.T.);
#10668 = ORIENTED_EDGE('',*,*,#10619,.F.);
#10669 = ADVANCED_FACE('',(#10670),#10457,.T.);
#10670 = FACE_BOUND('',#10671,.T.);
#10671 = EDGE_LOOP('',(#10672,#10673,#10674,#10675));
#10672 = ORIENTED_EDGE('',*,*,#10443,.F.);
#10673 = ORIENTED_EDGE('',*,*,#10594,.T.);
#10674 = ORIENTED_EDGE('',*,*,#10548,.T.);
#10675 = ORIENTED_EDGE('',*,*,#10641,.F.);
#10676 = ( GEOMETRIC_REPRESENTATION_CONTEXT(3) 
GLOBAL_UNCERTAINTY_ASSIGNED_CONTEXT((#10680)) 
GLOBAL_UNIT_ASSIGNED_CONTEXT((#10677,#10678,#10679)) 
REPRESENTATION_CONTEXT('Context #1',
  '3D Context with UNIT and UNCERTAINTY') );
#10677 = ( LENGTH_UNIT() NAMED_UNIT(*) SI_UNIT(.MILLI.,.METRE.) );
#10678 = ( NAMED_UNIT(*) PLANE_ANGLE_UNIT() SI_UNIT($,.RADIAN.) );
#10679 = ( NAMED_UNIT(*) SI_UNIT($,.STERADIAN.) SOLID_ANGLE_UNIT() );
#10680 = UNCERTAINTY_MEASURE_WITH_UNIT(LENGTH_MEASURE(1.E-07),#10677,
  'distance_accuracy_value','confusion accuracy');
#10681 = CONTEXT_DEPENDENT_SHAPE_REPRESENTATION(#10682,#10684);
#10682 = ( REPRESENTATION_RELATIONSHIP('','',#10345,#10) 
REPRESENTATION_RELATIONSHIP_WITH_TRANSFORMATION(#10683) 
SHAPE_REPRESENTATION_RELATIONSHIP() );
#10683 = ITEM_DEFINED_TRANSFORMATION('','',#11,#131);
#10684 = PRODUCT_DEFINITION_SHAPE('Placement','Placement of an item',
  #10685);
#10685 = NEXT_ASSEMBLY_USAGE_OCCURRENCE('30','=>[0:1:1:31]','',#5,#10340
  ,$);
#10686 = PRODUCT_RELATED_PRODUCT_CATEGORY('part',$,(#10342));
#10687 = SHAPE_DEFINITION_REPRESENTATION(#10688,#10694);
#10688 = PRODUCT_DEFINITION_SHAPE('','',#10689);
#10689 = PRODUCT_DEFINITION('design','',#10690,#10693);
#10690 = PRODUCT_DEFINITION_FORMATION('','',#10691);
#10691 = PRODUCT('COMPOUND','COMPOUND','',(#10692));
#10692 = PRODUCT_CONTEXT('',#2,'mechanical');
#10693 = PRODUCT_DEFINITION_CONTEXT('part definition',#2,'design');
#10694 = ADVANCED_BREP_SHAPE_REPRESENTATION('',(#11,#10695),#11025);
#10695 = MANIFOLD_SOLID_BREP('',#10696);
#10696 = CLOSED_SHELL('',(#10697,#10817,#10917,#10964,#11011,#11018));
#10697 = ADVANCED_FACE('',(#10698),#10712,.F.);
#10698 = FACE_BOUND('',#10699,.F.);
#10699 = EDGE_LOOP('',(#10700,#10735,#10763,#10791));
#10700 = ORIENTED_EDGE('',*,*,#10701,.F.);
#10701 = EDGE_CURVE('',#10702,#10704,#10706,.T.);
#10702 = VERTEX_POINT('',#10703);
#10703 = CARTESIAN_POINT('',(-21.,-565.,-105.));
#10704 = VERTEX_POINT('',#10705);
#10705 = CARTESIAN_POINT('',(-21.,-565.,105.));
#10706 = SURFACE_CURVE('',#10707,(#10711,#10723),.PCURVE_S1.);
#10707 = LINE('',#10708,#10709);
#10708 = CARTESIAN_POINT('',(-21.,-565.,-105.));
#10709 = VECTOR('',#10710,1.);
#10710 = DIRECTION('',(0.,0.,1.));
#10711 = PCURVE('',#10712,#10717);
#10712 = PLANE('',#10713);
#10713 = AXIS2_PLACEMENT_3D('',#10714,#10715,#10716);
#10714 = CARTESIAN_POINT('',(-21.,-565.,-105.));
#10715 = DIRECTION('',(1.,0.,-0.));
#10716 = DIRECTION('',(0.,0.,1.));
#10717 = DEFINITIONAL_REPRESENTATION('',(#10718),#10722);
#10718 = LINE('',#10719,#10720);
#10719 = CARTESIAN_POINT('',(0.,0.));
#10720 = VECTOR('',#10721,1.);
#10721 = DIRECTION('',(1.,0.));
#10722 = ( GEOMETRIC_REPRESENTATION_CONTEXT(2) 
PARAMETRIC_REPRESENTATION_CONTEXT() REPRESENTATION_CONTEXT('2D SPACE',''
  ) );
#10723 = PCURVE('',#10724,#10729);
#10724 = PLANE('',#10725);
#10725 = AXIS2_PLACEMENT_3D('',#10726,#10727,#10728);
#10726 = CARTESIAN_POINT('',(-21.,-565.,-105.));
#10727 = DIRECTION('',(-0.,1.,0.));
#10728 = DIRECTION('',(0.,0.,1.));
#10729 = DEFINITIONAL_REPRESENTATION('',(#10730),#10734);
#10730 = LINE('',#10731,#10732);
#10731 = CARTESIAN_POINT('',(0.,0.));
#10732 = VECTOR('',#10733,1.);
#10733 = DIRECTION('',(1.,0.));
#10734 = ( GEOMETRIC_REPRESENTATION_CONTEXT(2) 
PARAMETRIC_REPRESENTATION_CONTEXT() REPRESENTATION_CONTEXT('2D SPACE',''
  ) );
#10735 = ORIENTED_EDGE('',*,*,#10736,.T.);
#10736 = EDGE_CURVE('',#10702,#10737,#10739,.T.);
#10737 = VERTEX_POINT('',#10738);
#10738 = CARTESIAN_POINT('',(-21.,565.,-105.));
#10739 = SURFACE_CURVE('',#10740,(#10744,#10751),.PCURVE_S1.);
#10740 = LINE('',#10741,#10742);
#10741 = CARTESIAN_POINT('',(-21.,-565.,-105.));
#10742 = VECTOR('',#10743,1.);
#10743 = DIRECTION('',(-0.,1.,0.));
#10744 = PCURVE('',#10712,#10745);
#10745 = DEFINITIONAL_REPRESENTATION('',(#10746),#10750);
#10746 = LINE('',#10747,#10748);
#10747 = CARTESIAN_POINT('',(0.,0.));
#10748 = VECTOR('',#10749,1.);
#10749 = DIRECTION('',(0.,-1.));
#10750 = ( GEOMETRIC_REPRESENTATION_CONTEXT(2) 
PARAMETRIC_REPRESENTATION_CONTEXT() REPRESENTATION_CONTEXT('2D SPACE',''
  ) );
#10751 = PCURVE('',#10752,#10757);
#10752 = PLANE('',#10753);
#10753 = AXIS2_PLACEMENT_3D('',#10754,#10755,#10756);
#10754 = CARTESIAN_POINT('',(-21.,-565.,-105.));
#10755 = DIRECTION('',(0.,0.,1.));
#10756 = DIRECTION('',(1.,0.,-0.));
#10757 = DEFINITIONAL_REPRESENTATION('',(#10758),#10762);
#10758 = LINE('',#10759,#10760);
#10759 = CARTESIAN_POINT('',(0.,0.));
#10760 = VECTOR('',#10761,1.);
#10761 = DIRECTION('',(0.,1.));
#10762 = ( GEOMETRIC_REPRESENTATION_CONTEXT(2) 
PARAMETRIC_REPRESENTATION_CONTEXT() REPRESENTATION_CONTEXT('2D SPACE',''
  ) );
#10763 = ORIENTED_EDGE('',*,*,#10764,.T.);
#10764 = EDGE_CURVE('',#10737,#10765,#10767,.T.);
#10765 = VERTEX_POINT('',#10766);
#10766 = CARTESIAN_POINT('',(-21.,565.,105.));
#10767 = SURFACE_CURVE('',#10768,(#10772,#10779),.PCURVE_S1.);
#10768 = LINE('',#10769,#10770);
#10769 = CARTESIAN_POINT('',(-21.,565.,-105.));
#10770 = VECTOR('',#10771,1.);
#10771 = DIRECTION('',(0.,0.,1.));
#10772 = PCURVE('',#10712,#10773);
#10773 = DEFINITIONAL_REPRESENTATION('',(#10774),#10778);
#10774 = LINE('',#10775,#10776);
#10775 = CARTESIAN_POINT('',(0.,-1.13E+03));
#10776 = VECTOR('',#10777,1.);
#10777 = DIRECTION('',(1.,0.));
#10778 = ( GEOMETRIC_REPRESENTATION_CONTEXT(2) 
PARAMETRIC_REPRESENTATION_CONTEXT() REPRESENTATION_CONTEXT('2D SPACE',''
  ) );
#10779 = PCURVE('',#10780,#10785);
#10780 = PLANE('',#10781);
#10781 = AXIS2_PLACEMENT_3D('',#10782,#10783,#10784);
#10782 = CARTESIAN_POINT('',(-21.,565.,-105.));
#10783 = DIRECTION('',(-0.,1.,0.));
#10784 = DIRECTION('',(0.,0.,1.));
#10785 = DEFINITIONAL_REPRESENTATION('',(#10786),#10790);
#10786 = LINE('',#10787,#10788);
#10787 = CARTESIAN_POINT('',(0.,0.));
#10788 = VECTOR('',#10789,1.);
#10789 = DIRECTION('',(1.,0.));
#10790 = ( GEOMETRIC_REPRESENTATION_CONTEXT(2) 
PARAMETRIC_REPRESENTATION_CONTEXT() REPRESENTATION_CONTEXT('2D SPACE',''
  ) );
#10791 = ORIENTED_EDGE('',*,*,#10792,.F.);
#10792 = EDGE_CURVE('',#10704,#10765,#10793,.T.);
#10793 = SURFACE_CURVE('',#10794,(#10798,#10805),.PCURVE_S1.);
#10794 = LINE('',#10795,#10796);
#10795 = CARTESIAN_POINT('',(-21.,-565.,105.));
#10796 = VECTOR('',#10797,1.);
#10797 = DIRECTION('',(-0.,1.,0.));
#10798 = PCURVE('',#10712,#10799);
#10799 = DEFINITIONAL_REPRESENTATION('',(#10800),#10804);
#10800 = LINE('',#10801,#10802);
#10801 = CARTESIAN_POINT('',(210.,0.));
#10802 = VECTOR('',#10803,1.);
#10803 = DIRECTION('',(0.,-1.));
#10804 = ( GEOMETRIC_REPRESENTATION_CONTEXT(2) 
PARAMETRIC_REPRESENTATION_CONTEXT() REPRESENTATION_CONTEXT('2D SPACE',''
  ) );
#10805 = PCURVE('',#10806,#10811);
#10806 = PLANE('',#10807);
#10807 = AXIS2_PLACEMENT_3D('',#10808,#10809,#10810);
#10808 = CARTESIAN_POINT('',(-21.,-565.,105.));
#10809 = DIRECTION('',(0.,0.,1.));
#10810 = DIRECTION('',(1.,0.,-0.));
#10811 = DEFINITIONAL_REPRESENTATION('',(#10812),#10816);
#10812 = LINE('',#10813,#10814);
#10813 = CARTESIAN_POINT('',(0.,0.));
#10814 = VECTOR('',#10815,1.);
#10815 = DIRECTION('',(0.,1.));
#10816 = ( GEOMETRIC_REPRESENTATION_CONTEXT(2) 
PARAMETRIC_REPRESENTATION_CONTEXT() REPRESENTATION_CONTEXT('2D SPACE',''
  ) );
#10817 = ADVANCED_FACE('',(#10818),#10832,.T.);
#10818 = FACE_BOUND('',#10819,.T.);
#10819 = EDGE_LOOP('',(#10820,#10850,#10873,#10896));
#10820 = ORIENTED_EDGE('',*,*,#10821,.F.);
#10821 = EDGE_CURVE('',#10822,#10824,#10826,.T.);
#10822 = VERTEX_POINT('',#10823);
#10823 = CARTESIAN_POINT('',(21.,-565.,-105.));
#10824 = VERTEX_POINT('',#10825);
#10825 = CARTESIAN_POINT('',(21.,-565.,105.));
#10826 = SURFACE_CURVE('',#10827,(#10831,#10843),.PCURVE_S1.);
#10827 = LINE('',#10828,#10829);
#10828 = CARTESIAN_POINT('',(21.,-565.,-105.));
#10829 = VECTOR('',#10830,1.);
#10830 = DIRECTION('',(0.,0.,1.));
#10831 = PCURVE('',#10832,#10837);
#10832 = PLANE('',#10833);
#10833 = AXIS2_PLACEMENT_3D('',#10834,#10835,#10836);
#10834 = CARTESIAN_POINT('',(21.,-565.,-105.));
#10835 = DIRECTION('',(1.,0.,-0.));
#10836 = DIRECTION('',(0.,0.,1.));
#10837 = DEFINITIONAL_REPRESENTATION('',(#10838),#10842);
#10838 = LINE('',#10839,#10840);
#10839 = CARTESIAN_POINT('',(0.,0.));
#10840 = VECTOR('',#10841,1.);
#10841 = DIRECTION('',(1.,0.));
#10842 = ( GEOMETRIC_REPRESENTATION_CONTEXT(2) 
PARAMETRIC_REPRESENTATION_CONTEXT() REPRESENTATION_CONTEXT('2D SPACE',''
  ) );
#10843 = PCURVE('',#10724,#10844);
#10844 = DEFINITIONAL_REPRESENTATION('',(#10845),#10849);
#10845 = LINE('',#10846,#10847);
#10846 = CARTESIAN_POINT('',(0.,42.));
#10847 = VECTOR('',#10848,1.);
#10848 = DIRECTION('',(1.,0.));
#10849 = ( GEOMETRIC_REPRESENTATION_CONTEXT(2) 
PARAMETRIC_REPRESENTATION_CONTEXT() REPRESENTATION_CONTEXT('2D SPACE',''
  ) );
#10850 = ORIENTED_EDGE('',*,*,#10851,.T.);
#10851 = EDGE_CURVE('',#10822,#10852,#10854,.T.);
#10852 = VERTEX_POINT('',#10853);
#10853 = CARTESIAN_POINT('',(21.,565.,-105.));
#10854 = SURFACE_CURVE('',#10855,(#10859,#10866),.PCURVE_S1.);
#10855 = LINE('',#10856,#10857);
#10856 = CARTESIAN_POINT('',(21.,-565.,-105.));
#10857 = VECTOR('',#10858,1.);
#10858 = DIRECTION('',(-0.,1.,0.));
#10859 = PCURVE('',#10832,#10860);
#10860 = DEFINITIONAL_REPRESENTATION('',(#10861),#10865);
#10861 = LINE('',#10862,#10863);
#10862 = CARTESIAN_POINT('',(0.,0.));
#10863 = VECTOR('',#10864,1.);
#10864 = DIRECTION('',(0.,-1.));
#10865 = ( GEOMETRIC_REPRESENTATION_CONTEXT(2) 
PARAMETRIC_REPRESENTATION_CONTEXT() REPRESENTATION_CONTEXT('2D SPACE',''
  ) );
#10866 = PCURVE('',#10752,#10867);
#10867 = DEFINITIONAL_REPRESENTATION('',(#10868),#10872);
#10868 = LINE('',#10869,#10870);
#10869 = CARTESIAN_POINT('',(42.,0.));
#10870 = VECTOR('',#10871,1.);
#10871 = DIRECTION('',(0.,1.));
#10872 = ( GEOMETRIC_REPRESENTATION_CONTEXT(2) 
PARAMETRIC_REPRESENTATION_CONTEXT() REPRESENTATION_CONTEXT('2D SPACE',''
  ) );
#10873 = ORIENTED_EDGE('',*,*,#10874,.T.);
#10874 = EDGE_CURVE('',#10852,#10875,#10877,.T.);
#10875 = VERTEX_POINT('',#10876);
#10876 = CARTESIAN_POINT('',(21.,565.,105.));
#10877 = SURFACE_CURVE('',#10878,(#10882,#10889),.PCURVE_S1.);
#10878 = LINE('',#10879,#10880);
#10879 = CARTESIAN_POINT('',(21.,565.,-105.));
#10880 = VECTOR('',#10881,1.);
#10881 = DIRECTION('',(0.,0.,1.));
#10882 = PCURVE('',#10832,#10883);
#10883 = DEFINITIONAL_REPRESENTATION('',(#10884),#10888);
#10884 = LINE('',#10885,#10886);
#10885 = CARTESIAN_POINT('',(0.,-1.13E+03));
#10886 = VECTOR('',#10887,1.);
#10887 = DIRECTION('',(1.,0.));
#10888 = ( GEOMETRIC_REPRESENTATION_CONTEXT(2) 
PARAMETRIC_REPRESENTATION_CONTEXT() REPRESENTATION_CONTEXT('2D SPACE',''
  ) );
#10889 = PCURVE('',#10780,#10890);
#10890 = DEFINITIONAL_REPRESENTATION('',(#10891),#10895);
#10891 = LINE('',#10892,#10893);
#10892 = CARTESIAN_POINT('',(0.,42.));
#10893 = VECTOR('',#10894,1.);
#10894 = DIRECTION('',(1.,0.));
#10895 = ( GEOMETRIC_REPRESENTATION_CONTEXT(2) 
PARAMETRIC_REPRESENTATION_CONTEXT() REPRESENTATION_CONTEXT('2D SPACE',''
  ) );
#10896 = ORIENTED_EDGE('',*,*,#10897,.F.);
#10897 = EDGE_CURVE('',#10824,#10875,#10898,.T.);
#10898 = SURFACE_CURVE('',#10899,(#10903,#10910),.PCURVE_S1.);
#10899 = LINE('',#10900,#10901);
#10900 = CARTESIAN_POINT('',(21.,-565.,105.));
#10901 = VECTOR('',#10902,1.);
#10902 = DIRECTION('',(-0.,1.,0.));
#10903 = PCURVE('',#10832,#10904);
#10904 = DEFINITIONAL_REPRESENTATION('',(#10905),#10909);
#10905 = LINE('',#10906,#10907);
#10906 = CARTESIAN_POINT('',(210.,0.));
#10907 = VECTOR('',#10908,1.);
#10908 = DIRECTION('',(0.,-1.));
#10909 = ( GEOMETRIC_REPRESENTATION_CONTEXT(2) 
PARAMETRIC_REPRESENTATION_CONTEXT() REPRESENTATION_CONTEXT('2D SPACE',''
  ) );
#10910 = PCURVE('',#10806,#10911);
#10911 = DEFINITIONAL_REPRESENTATION('',(#10912),#10916);
#10912 = LINE('',#10913,#10914);
#10913 = CARTESIAN_POINT('',(42.,0.));
#10914 = VECTOR('',#10915,1.);
#10915 = DIRECTION('',(0.,1.));
#10916 = ( GEOMETRIC_REPRESENTATION_CONTEXT(2) 
PARAMETRIC_REPRESENTATION_CONTEXT() REPRESENTATION_CONTEXT('2D SPACE',''
  ) );
#10917 = ADVANCED_FACE('',(#10918),#10724,.F.);
#10918 = FACE_BOUND('',#10919,.F.);
#10919 = EDGE_LOOP('',(#10920,#10941,#10942,#10963));
#10920 = ORIENTED_EDGE('',*,*,#10921,.F.);
#10921 = EDGE_CURVE('',#10702,#10822,#10922,.T.);
#10922 = SURFACE_CURVE('',#10923,(#10927,#10934),.PCURVE_S1.);
#10923 = LINE('',#10924,#10925);
#10924 = CARTESIAN_POINT('',(-21.,-565.,-105.));
#10925 = VECTOR('',#10926,1.);
#10926 = DIRECTION('',(1.,0.,-0.));
#10927 = PCURVE('',#10724,#10928);
#10928 = DEFINITIONAL_REPRESENTATION('',(#10929),#10933);
#10929 = LINE('',#10930,#10931);
#10930 = CARTESIAN_POINT('',(0.,0.));
#10931 = VECTOR('',#10932,1.);
#10932 = DIRECTION('',(0.,1.));
#10933 = ( GEOMETRIC_REPRESENTATION_CONTEXT(2) 
PARAMETRIC_REPRESENTATION_CONTEXT() REPRESENTATION_CONTEXT('2D SPACE',''
  ) );
#10934 = PCURVE('',#10752,#10935);
#10935 = DEFINITIONAL_REPRESENTATION('',(#10936),#10940);
#10936 = LINE('',#10937,#10938);
#10937 = CARTESIAN_POINT('',(0.,0.));
#10938 = VECTOR('',#10939,1.);
#10939 = DIRECTION('',(1.,0.));
#10940 = ( GEOMETRIC_REPRESENTATION_CONTEXT(2) 
PARAMETRIC_REPRESENTATION_CONTEXT() REPRESENTATION_CONTEXT('2D SPACE',''
  ) );
#10941 = ORIENTED_EDGE('',*,*,#10701,.T.);
#10942 = ORIENTED_EDGE('',*,*,#10943,.T.);
#10943 = EDGE_CURVE('',#10704,#10824,#10944,.T.);
#10944 = SURFACE_CURVE('',#10945,(#10949,#10956),.PCURVE_S1.);
#10945 = LINE('',#10946,#10947);
#10946 = CARTESIAN_POINT('',(-21.,-565.,105.));
#10947 = VECTOR('',#10948,1.);
#10948 = DIRECTION('',(1.,0.,-0.));
#10949 = PCURVE('',#10724,#10950);
#10950 = DEFINITIONAL_REPRESENTATION('',(#10951),#10955);
#10951 = LINE('',#10952,#10953);
#10952 = CARTESIAN_POINT('',(210.,0.));
#10953 = VECTOR('',#10954,1.);
#10954 = DIRECTION('',(0.,1.));
#10955 = ( GEOMETRIC_REPRESENTATION_CONTEXT(2) 
PARAMETRIC_REPRESENTATION_CONTEXT() REPRESENTATION_CONTEXT('2D SPACE',''
  ) );
#10956 = PCURVE('',#10806,#10957);
#10957 = DEFINITIONAL_REPRESENTATION('',(#10958),#10962);
#10958 = LINE('',#10959,#10960);
#10959 = CARTESIAN_POINT('',(0.,0.));
#10960 = VECTOR('',#10961,1.);
#10961 = DIRECTION('',(1.,0.));
#10962 = ( GEOMETRIC_REPRESENTATION_CONTEXT(2) 
PARAMETRIC_REPRESENTATION_CONTEXT() REPRESENTATION_CONTEXT('2D SPACE',''
  ) );
#10963 = ORIENTED_EDGE('',*,*,#10821,.F.);
#10964 = ADVANCED_FACE('',(#10965),#10780,.T.);
#10965 = FACE_BOUND('',#10966,.T.);
#10966 = EDGE_LOOP('',(#10967,#10988,#10989,#11010));
#10967 = ORIENTED_EDGE('',*,*,#10968,.F.);
#10968 = EDGE_CURVE('',#10737,#10852,#10969,.T.);
#10969 = SURFACE_CURVE('',#10970,(#10974,#10981),.PCURVE_S1.);
#10970 = LINE('',#10971,#10972);
#10971 = CARTESIAN_POINT('',(-21.,565.,-105.));
#10972 = VECTOR('',#10973,1.);
#10973 = DIRECTION('',(1.,0.,-0.));
#10974 = PCURVE('',#10780,#10975);
#10975 = DEFINITIONAL_REPRESENTATION('',(#10976),#10980);
#10976 = LINE('',#10977,#10978);
#10977 = CARTESIAN_POINT('',(0.,0.));
#10978 = VECTOR('',#10979,1.);
#10979 = DIRECTION('',(0.,1.));
#10980 = ( GEOMETRIC_REPRESENTATION_CONTEXT(2) 
PARAMETRIC_REPRESENTATION_CONTEXT() REPRESENTATION_CONTEXT('2D SPACE',''
  ) );
#10981 = PCURVE('',#10752,#10982);
#10982 = DEFINITIONAL_REPRESENTATION('',(#10983),#10987);
#10983 = LINE('',#10984,#10985);
#10984 = CARTESIAN_POINT('',(0.,1.13E+03));
#10985 = VECTOR('',#10986,1.);
#10986 = DIRECTION('',(1.,0.));
#10987 = ( GEOMETRIC_REPRESENTATION_CONTEXT(2) 
PARAMETRIC_REPRESENTATION_CONTEXT() REPRESENTATION_CONTEXT('2D SPACE',''
  ) );
#10988 = ORIENTED_EDGE('',*,*,#10764,.T.);
#10989 = ORIENTED_EDGE('',*,*,#10990,.T.);
#10990 = EDGE_CURVE('',#10765,#10875,#10991,.T.);
#10991 = SURFACE_CURVE('',#10992,(#10996,#11003),.PCURVE_S1.);
#10992 = LINE('',#10993,#10994);
#10993 = CARTESIAN_POINT('',(-21.,565.,105.));
#10994 = VECTOR('',#10995,1.);
#10995 = DIRECTION('',(1.,0.,-0.));
#10996 = PCURVE('',#10780,#10997);
#10997 = DEFINITIONAL_REPRESENTATION('',(#10998),#11002);
#10998 = LINE('',#10999,#11000);
#10999 = CARTESIAN_POINT('',(210.,0.));
#11000 = VECTOR('',#11001,1.);
#11001 = DIRECTION('',(0.,1.));
#11002 = ( GEOMETRIC_REPRESENTATION_CONTEXT(2) 
PARAMETRIC_REPRESENTATION_CONTEXT() REPRESENTATION_CONTEXT('2D SPACE',''
  ) );
#11003 = PCURVE('',#10806,#11004);
#11004 = DEFINITIONAL_REPRESENTATION('',(#11005),#11009);
#11005 = LINE('',#11006,#11007);
#11006 = CARTESIAN_POINT('',(0.,1.13E+03));
#11007 = VECTOR('',#11008,1.);
#11008 = DIRECTION('',(1.,0.));
#11009 = ( GEOMETRIC_REPRESENTATION_CONTEXT(2) 
PARAMETRIC_REPRESENTATION_CONTEXT() REPRESENTATION_CONTEXT('2D SPACE',''
  ) );
#11010 = ORIENTED_EDGE('',*,*,#10874,.F.);
#11011 = ADVANCED_FACE('',(#11012),#10752,.F.);
#11012 = FACE_BOUND('',#11013,.F.);
#11013 = EDGE_LOOP('',(#11014,#11015,#11016,#11017));
#11014 = ORIENTED_EDGE('',*,*,#10736,.F.);
#11015 = ORIENTED_EDGE('',*,*,#10921,.T.);
#11016 = ORIENTED_EDGE('',*,*,#10851,.T.);
#11017 = ORIENTED_EDGE('',*,*,#10968,.F.);
#11018 = ADVANCED_FACE('',(#11019),#10806,.T.);
#11019 = FACE_BOUND('',#11020,.T.);
#11020 = EDGE_LOOP('',(#11021,#11022,#11023,#11024));
#11021 = ORIENTED_EDGE('',*,*,#10792,.F.);
#11022 = ORIENTED_EDGE('',*,*,#10943,.T.);
#11023 = ORIENTED_EDGE('',*,*,#10897,.T.);
#11024 = ORIENTED_EDGE('',*,*,#10990,.F.);
#11025 = ( GEOMETRIC_REPRESENTATION_CONTEXT(3) 
GLOBAL_UNCERTAINTY_ASSIGNED_CONTEXT((#11029)) 
GLOBAL_UNIT_ASSIGNED_CONTEXT((#11026,#11027,#11028)) 
REPRESENTATION_CONTEXT('Context #1',
  '3D Context with UNIT and UNCERTAINTY') );
#11026 = ( LENGTH_UNIT() NAMED_UNIT(*) SI_UNIT(.MILLI.,.METRE.) );
#11027 = ( NAMED_UNIT(*) PLANE_ANGLE_UNIT() SI_UNIT($,.RADIAN.) );
#11028 = ( NAMED_UNIT(*) SI_UNIT($,.STERADIAN.) SOLID_ANGLE_UNIT() );
#11029 = UNCERTAINTY_MEASURE_WITH_UNIT(LENGTH_MEASURE(1.E-07),#11026,
  'distance_accuracy_value','confusion accuracy');
#11030 = CONTEXT_DEPENDENT_SHAPE_REPRESENTATION(#11031,#11033);
#11031 = ( REPRESENTATION_RELATIONSHIP('','',#10694,#10) 
REPRESENTATION_RELATIONSHIP_WITH_TRANSFORMATION(#11032) 
SHAPE_REPRESENTATION_RELATIONSHIP() );
#11032 = ITEM_DEFINED_TRANSFORMATION('','',#11,#135);
#11033 = PRODUCT_DEFINITION_SHAPE('Placement','Placement of an item',
  #11034);
#11034 = NEXT_ASSEMBLY_USAGE_OCCURRENCE('31','=>[0:1:1:32]','',#5,#10689
  ,$);
#11035 = PRODUCT_RELATED_PRODUCT_CATEGORY('part',$,(#10691));
#11036 = SHAPE_DEFINITION_REPRESENTATION(#11037,#11043);
#11037 = PRODUCT_DEFINITION_SHAPE('','',#11038);
#11038 = PRODUCT_DEFINITION('design','',#11039,#11042);
#11039 = PRODUCT_DEFINITION_FORMATION('','',#11040);
#11040 = PRODUCT('COMPOUND','COMPOUND','',(#11041));
#11041 = PRODUCT_CONTEXT('',#2,'mechanical');
#11042 = PRODUCT_DEFINITION_CONTEXT('part definition',#2,'design');
#11043 = ADVANCED_BREP_SHAPE_REPRESENTATION('',(#11,#11044),#11374);
#11044 = MANIFOLD_SOLID_BREP('',#11045);
#11045 = CLOSED_SHELL('',(#11046,#11166,#11266,#11313,#11360,#11367));
#11046 = ADVANCED_FACE('',(#11047),#11061,.F.);
#11047 = FACE_BOUND('',#11048,.F.);
#11048 = EDGE_LOOP('',(#11049,#11084,#11112,#11140));
#11049 = ORIENTED_EDGE('',*,*,#11050,.F.);
#11050 = EDGE_CURVE('',#11051,#11053,#11055,.T.);
#11051 = VERTEX_POINT('',#11052);
#11052 = CARTESIAN_POINT('',(-23.,-580.,-120.));
#11053 = VERTEX_POINT('',#11054);
#11054 = CARTESIAN_POINT('',(-23.,-580.,120.));
#11055 = SURFACE_CURVE('',#11056,(#11060,#11072),.PCURVE_S1.);
#11056 = LINE('',#11057,#11058);
#11057 = CARTESIAN_POINT('',(-23.,-580.,-120.));
#11058 = VECTOR('',#11059,1.);
#11059 = DIRECTION('',(0.,0.,1.));
#11060 = PCURVE('',#11061,#11066);
#11061 = PLANE('',#11062);
#11062 = AXIS2_PLACEMENT_3D('',#11063,#11064,#11065);
#11063 = CARTESIAN_POINT('',(-23.,-580.,-120.));
#11064 = DIRECTION('',(1.,0.,-0.));
#11065 = DIRECTION('',(0.,0.,1.));
#11066 = DEFINITIONAL_REPRESENTATION('',(#11067),#11071);
#11067 = LINE('',#11068,#11069);
#11068 = CARTESIAN_POINT('',(0.,0.));
#11069 = VECTOR('',#11070,1.);
#11070 = DIRECTION('',(1.,0.));
#11071 = ( GEOMETRIC_REPRESENTATION_CONTEXT(2) 
PARAMETRIC_REPRESENTATION_CONTEXT() REPRESENTATION_CONTEXT('2D SPACE',''
  ) );
#11072 = PCURVE('',#11073,#11078);
#11073 = PLANE('',#11074);
#11074 = AXIS2_PLACEMENT_3D('',#11075,#11076,#11077);
#11075 = CARTESIAN_POINT('',(-23.,-580.,-120.));
#11076 = DIRECTION('',(-0.,1.,0.));
#11077 = DIRECTION('',(0.,0.,1.));
#11078 = DEFINITIONAL_REPRESENTATION('',(#11079),#11083);
#11079 = LINE('',#11080,#11081);
#11080 = CARTESIAN_POINT('',(0.,0.));
#11081 = VECTOR('',#11082,1.);
#11082 = DIRECTION('',(1.,0.));
#11083 = ( GEOMETRIC_REPRESENTATION_CONTEXT(2) 
PARAMETRIC_REPRESENTATION_CONTEXT() REPRESENTATION_CONTEXT('2D SPACE',''
  ) );
#11084 = ORIENTED_EDGE('',*,*,#11085,.T.);
#11085 = EDGE_CURVE('',#11051,#11086,#11088,.T.);
#11086 = VERTEX_POINT('',#11087);
#11087 = CARTESIAN_POINT('',(-23.,580.,-120.));
#11088 = SURFACE_CURVE('',#11089,(#11093,#11100),.PCURVE_S1.);
#11089 = LINE('',#11090,#11091);
#11090 = CARTESIAN_POINT('',(-23.,-580.,-120.));
#11091 = VECTOR('',#11092,1.);
#11092 = DIRECTION('',(-0.,1.,0.));
#11093 = PCURVE('',#11061,#11094);
#11094 = DEFINITIONAL_REPRESENTATION('',(#11095),#11099);
#11095 = LINE('',#11096,#11097);
#11096 = CARTESIAN_POINT('',(0.,0.));
#11097 = VECTOR('',#11098,1.);
#11098 = DIRECTION('',(0.,-1.));
#11099 = ( GEOMETRIC_REPRESENTATION_CONTEXT(2) 
PARAMETRIC_REPRESENTATION_CONTEXT() REPRESENTATION_CONTEXT('2D SPACE',''
  ) );
#11100 = PCURVE('',#11101,#11106);
#11101 = PLANE('',#11102);
#11102 = AXIS2_PLACEMENT_3D('',#11103,#11104,#11105);
#11103 = CARTESIAN_POINT('',(-23.,-580.,-120.));
#11104 = DIRECTION('',(0.,0.,1.));
#11105 = DIRECTION('',(1.,0.,-0.));
#11106 = DEFINITIONAL_REPRESENTATION('',(#11107),#11111);
#11107 = LINE('',#11108,#11109);
#11108 = CARTESIAN_POINT('',(0.,0.));
#11109 = VECTOR('',#11110,1.);
#11110 = DIRECTION('',(0.,1.));
#11111 = ( GEOMETRIC_REPRESENTATION_CONTEXT(2) 
PARAMETRIC_REPRESENTATION_CONTEXT() REPRESENTATION_CONTEXT('2D SPACE',''
  ) );
#11112 = ORIENTED_EDGE('',*,*,#11113,.T.);
#11113 = EDGE_CURVE('',#11086,#11114,#11116,.T.);
#11114 = VERTEX_POINT('',#11115);
#11115 = CARTESIAN_POINT('',(-23.,580.,120.));
#11116 = SURFACE_CURVE('',#11117,(#11121,#11128),.PCURVE_S1.);
#11117 = LINE('',#11118,#11119);
#11118 = CARTESIAN_POINT('',(-23.,580.,-120.));
#11119 = VECTOR('',#11120,1.);
#11120 = DIRECTION('',(0.,0.,1.));
#11121 = PCURVE('',#11061,#11122);
#11122 = DEFINITIONAL_REPRESENTATION('',(#11123),#11127);
#11123 = LINE('',#11124,#11125);
#11124 = CARTESIAN_POINT('',(0.,-1.16E+03));
#11125 = VECTOR('',#11126,1.);
#11126 = DIRECTION('',(1.,0.));
#11127 = ( GEOMETRIC_REPRESENTATION_CONTEXT(2) 
PARAMETRIC_REPRESENTATION_CONTEXT() REPRESENTATION_CONTEXT('2D SPACE',''
  ) );
#11128 = PCURVE('',#11129,#11134);
#11129 = PLANE('',#11130);
#11130 = AXIS2_PLACEMENT_3D('',#11131,#11132,#11133);
#11131 = CARTESIAN_POINT('',(-23.,580.,-120.));
#11132 = DIRECTION('',(-0.,1.,0.));
#11133 = DIRECTION('',(0.,0.,1.));
#11134 = DEFINITIONAL_REPRESENTATION('',(#11135),#11139);
#11135 = LINE('',#11136,#11137);
#11136 = CARTESIAN_POINT('',(0.,0.));
#11137 = VECTOR('',#11138,1.);
#11138 = DIRECTION('',(1.,0.));
#11139 = ( GEOMETRIC_REPRESENTATION_CONTEXT(2) 
PARAMETRIC_REPRESENTATION_CONTEXT() REPRESENTATION_CONTEXT('2D SPACE',''
  ) );
#11140 = ORIENTED_EDGE('',*,*,#11141,.F.);
#11141 = EDGE_CURVE('',#11053,#11114,#11142,.T.);
#11142 = SURFACE_CURVE('',#11143,(#11147,#11154),.PCURVE_S1.);
#11143 = LINE('',#11144,#11145);
#11144 = CARTESIAN_POINT('',(-23.,-580.,120.));
#11145 = VECTOR('',#11146,1.);
#11146 = DIRECTION('',(-0.,1.,0.));
#11147 = PCURVE('',#11061,#11148);
#11148 = DEFINITIONAL_REPRESENTATION('',(#11149),#11153);
#11149 = LINE('',#11150,#11151);
#11150 = CARTESIAN_POINT('',(240.,0.));
#11151 = VECTOR('',#11152,1.);
#11152 = DIRECTION('',(0.,-1.));
#11153 = ( GEOMETRIC_REPRESENTATION_CONTEXT(2) 
PARAMETRIC_REPRESENTATION_CONTEXT() REPRESENTATION_CONTEXT('2D SPACE',''
  ) );
#11154 = PCURVE('',#11155,#11160);
#11155 = PLANE('',#11156);
#11156 = AXIS2_PLACEMENT_3D('',#11157,#11158,#11159);
#11157 = CARTESIAN_POINT('',(-23.,-580.,120.));
#11158 = DIRECTION('',(0.,0.,1.));
#11159 = DIRECTION('',(1.,0.,-0.));
#11160 = DEFINITIONAL_REPRESENTATION('',(#11161),#11165);
#11161 = LINE('',#11162,#11163);
#11162 = CARTESIAN_POINT('',(0.,0.));
#11163 = VECTOR('',#11164,1.);
#11164 = DIRECTION('',(0.,1.));
#11165 = ( GEOMETRIC_REPRESENTATION_CONTEXT(2) 
PARAMETRIC_REPRESENTATION_CONTEXT() REPRESENTATION_CONTEXT('2D SPACE',''
  ) );
#11166 = ADVANCED_FACE('',(#11167),#11181,.T.);
#11167 = FACE_BOUND('',#11168,.T.);
#11168 = EDGE_LOOP('',(#11169,#11199,#11222,#11245));
#11169 = ORIENTED_EDGE('',*,*,#11170,.F.);
#11170 = EDGE_CURVE('',#11171,#11173,#11175,.T.);
#11171 = VERTEX_POINT('',#11172);
#11172 = CARTESIAN_POINT('',(23.,-580.,-120.));
#11173 = VERTEX_POINT('',#11174);
#11174 = CARTESIAN_POINT('',(23.,-580.,120.));
#11175 = SURFACE_CURVE('',#11176,(#11180,#11192),.PCURVE_S1.);
#11176 = LINE('',#11177,#11178);
#11177 = CARTESIAN_POINT('',(23.,-580.,-120.));
#11178 = VECTOR('',#11179,1.);
#11179 = DIRECTION('',(0.,0.,1.));
#11180 = PCURVE('',#11181,#11186);
#11181 = PLANE('',#11182);
#11182 = AXIS2_PLACEMENT_3D('',#11183,#11184,#11185);
#11183 = CARTESIAN_POINT('',(23.,-580.,-120.));
#11184 = DIRECTION('',(1.,0.,-0.));
#11185 = DIRECTION('',(0.,0.,1.));
#11186 = DEFINITIONAL_REPRESENTATION('',(#11187),#11191);
#11187 = LINE('',#11188,#11189);
#11188 = CARTESIAN_POINT('',(0.,0.));
#11189 = VECTOR('',#11190,1.);
#11190 = DIRECTION('',(1.,0.));
#11191 = ( GEOMETRIC_REPRESENTATION_CONTEXT(2) 
PARAMETRIC_REPRESENTATION_CONTEXT() REPRESENTATION_CONTEXT('2D SPACE',''
  ) );
#11192 = PCURVE('',#11073,#11193);
#11193 = DEFINITIONAL_REPRESENTATION('',(#11194),#11198);
#11194 = LINE('',#11195,#11196);
#11195 = CARTESIAN_POINT('',(0.,46.));
#11196 = VECTOR('',#11197,1.);
#11197 = DIRECTION('',(1.,0.));
#11198 = ( GEOMETRIC_REPRESENTATION_CONTEXT(2) 
PARAMETRIC_REPRESENTATION_CONTEXT() REPRESENTATION_CONTEXT('2D SPACE',''
  ) );
#11199 = ORIENTED_EDGE('',*,*,#11200,.T.);
#11200 = EDGE_CURVE('',#11171,#11201,#11203,.T.);
#11201 = VERTEX_POINT('',#11202);
#11202 = CARTESIAN_POINT('',(23.,580.,-120.));
#11203 = SURFACE_CURVE('',#11204,(#11208,#11215),.PCURVE_S1.);
#11204 = LINE('',#11205,#11206);
#11205 = CARTESIAN_POINT('',(23.,-580.,-120.));
#11206 = VECTOR('',#11207,1.);
#11207 = DIRECTION('',(-0.,1.,0.));
#11208 = PCURVE('',#11181,#11209);
#11209 = DEFINITIONAL_REPRESENTATION('',(#11210),#11214);
#11210 = LINE('',#11211,#11212);
#11211 = CARTESIAN_POINT('',(0.,0.));
#11212 = VECTOR('',#11213,1.);
#11213 = DIRECTION('',(0.,-1.));
#11214 = ( GEOMETRIC_REPRESENTATION_CONTEXT(2) 
PARAMETRIC_REPRESENTATION_CONTEXT() REPRESENTATION_CONTEXT('2D SPACE',''
  ) );
#11215 = PCURVE('',#11101,#11216);
#11216 = DEFINITIONAL_REPRESENTATION('',(#11217),#11221);
#11217 = LINE('',#11218,#11219);
#11218 = CARTESIAN_POINT('',(46.,0.));
#11219 = VECTOR('',#11220,1.);
#11220 = DIRECTION('',(0.,1.));
#11221 = ( GEOMETRIC_REPRESENTATION_CONTEXT(2) 
PARAMETRIC_REPRESENTATION_CONTEXT() REPRESENTATION_CONTEXT('2D SPACE',''
  ) );
#11222 = ORIENTED_EDGE('',*,*,#11223,.T.);
#11223 = EDGE_CURVE('',#11201,#11224,#11226,.T.);
#11224 = VERTEX_POINT('',#11225);
#11225 = CARTESIAN_POINT('',(23.,580.,120.));
#11226 = SURFACE_CURVE('',#11227,(#11231,#11238),.PCURVE_S1.);
#11227 = LINE('',#11228,#11229);
#11228 = CARTESIAN_POINT('',(23.,580.,-120.));
#11229 = VECTOR('',#11230,1.);
#11230 = DIRECTION('',(0.,0.,1.));
#11231 = PCURVE('',#11181,#11232);
#11232 = DEFINITIONAL_REPRESENTATION('',(#11233),#11237);
#11233 = LINE('',#11234,#11235);
#11234 = CARTESIAN_POINT('',(0.,-1.16E+03));
#11235 = VECTOR('',#11236,1.);
#11236 = DIRECTION('',(1.,0.));
#11237 = ( GEOMETRIC_REPRESENTATION_CONTEXT(2) 
PARAMETRIC_REPRESENTATION_CONTEXT() REPRESENTATION_CONTEXT('2D SPACE',''
  ) );
#11238 = PCURVE('',#11129,#11239);
#11239 = DEFINITIONAL_REPRESENTATION('',(#11240),#11244);
#11240 = LINE('',#11241,#11242);
#11241 = CARTESIAN_POINT('',(0.,46.));
#11242 = VECTOR('',#11243,1.);
#11243 = DIRECTION('',(1.,0.));
#11244 = ( GEOMETRIC_REPRESENTATION_CONTEXT(2) 
PARAMETRIC_REPRESENTATION_CONTEXT() REPRESENTATION_CONTEXT('2D SPACE',''
  ) );
#11245 = ORIENTED_EDGE('',*,*,#11246,.F.);
#11246 = EDGE_CURVE('',#11173,#11224,#11247,.T.);
#11247 = SURFACE_CURVE('',#11248,(#11252,#11259),.PCURVE_S1.);
#11248 = LINE('',#11249,#11250);
#11249 = CARTESIAN_POINT('',(23.,-580.,120.));
#11250 = VECTOR('',#11251,1.);
#11251 = DIRECTION('',(-0.,1.,0.));
#11252 = PCURVE('',#11181,#11253);
#11253 = DEFINITIONAL_REPRESENTATION('',(#11254),#11258);
#11254 = LINE('',#11255,#11256);
#11255 = CARTESIAN_POINT('',(240.,0.));
#11256 = VECTOR('',#11257,1.);
#11257 = DIRECTION('',(0.,-1.));
#11258 = ( GEOMETRIC_REPRESENTATION_CONTEXT(2) 
PARAMETRIC_REPRESENTATION_CONTEXT() REPRESENTATION_CONTEXT('2D SPACE',''
  ) );
#11259 = PCURVE('',#11155,#11260);
#11260 = DEFINITIONAL_REPRESENTATION('',(#11261),#11265);
#11261 = LINE('',#11262,#11263);
#11262 = CARTESIAN_POINT('',(46.,0.));
#11263 = VECTOR('',#11264,1.);
#11264 = DIRECTION('',(0.,1.));
#11265 = ( GEOMETRIC_REPRESENTATION_CONTEXT(2) 
PARAMETRIC_REPRESENTATION_CONTEXT() REPRESENTATION_CONTEXT('2D SPACE',''
  ) );
#11266 = ADVANCED_FACE('',(#11267),#11073,.F.);
#11267 = FACE_BOUND('',#11268,.F.);
#11268 = EDGE_LOOP('',(#11269,#11290,#11291,#11312));
#11269 = ORIENTED_EDGE('',*,*,#11270,.F.);
#11270 = EDGE_CURVE('',#11051,#11171,#11271,.T.);
#11271 = SURFACE_CURVE('',#11272,(#11276,#11283),.PCURVE_S1.);
#11272 = LINE('',#11273,#11274);
#11273 = CARTESIAN_POINT('',(-23.,-580.,-120.));
#11274 = VECTOR('',#11275,1.);
#11275 = DIRECTION('',(1.,0.,-0.));
#11276 = PCURVE('',#11073,#11277);
#11277 = DEFINITIONAL_REPRESENTATION('',(#11278),#11282);
#11278 = LINE('',#11279,#11280);
#11279 = CARTESIAN_POINT('',(0.,0.));
#11280 = VECTOR('',#11281,1.);
#11281 = DIRECTION('',(0.,1.));
#11282 = ( GEOMETRIC_REPRESENTATION_CONTEXT(2) 
PARAMETRIC_REPRESENTATION_CONTEXT() REPRESENTATION_CONTEXT('2D SPACE',''
  ) );
#11283 = PCURVE('',#11101,#11284);
#11284 = DEFINITIONAL_REPRESENTATION('',(#11285),#11289);
#11285 = LINE('',#11286,#11287);
#11286 = CARTESIAN_POINT('',(0.,0.));
#11287 = VECTOR('',#11288,1.);
#11288 = DIRECTION('',(1.,0.));
#11289 = ( GEOMETRIC_REPRESENTATION_CONTEXT(2) 
PARAMETRIC_REPRESENTATION_CONTEXT() REPRESENTATION_CONTEXT('2D SPACE',''
  ) );
#11290 = ORIENTED_EDGE('',*,*,#11050,.T.);
#11291 = ORIENTED_EDGE('',*,*,#11292,.T.);
#11292 = EDGE_CURVE('',#11053,#11173,#11293,.T.);
#11293 = SURFACE_CURVE('',#11294,(#11298,#11305),.PCURVE_S1.);
#11294 = LINE('',#11295,#11296);
#11295 = CARTESIAN_POINT('',(-23.,-580.,120.));
#11296 = VECTOR('',#11297,1.);
#11297 = DIRECTION('',(1.,0.,-0.));
#11298 = PCURVE('',#11073,#11299);
#11299 = DEFINITIONAL_REPRESENTATION('',(#11300),#11304);
#11300 = LINE('',#11301,#11302);
#11301 = CARTESIAN_POINT('',(240.,0.));
#11302 = VECTOR('',#11303,1.);
#11303 = DIRECTION('',(0.,1.));
#11304 = ( GEOMETRIC_REPRESENTATION_CONTEXT(2) 
PARAMETRIC_REPRESENTATION_CONTEXT() REPRESENTATION_CONTEXT('2D SPACE',''
  ) );
#11305 = PCURVE('',#11155,#11306);
#11306 = DEFINITIONAL_REPRESENTATION('',(#11307),#11311);
#11307 = LINE('',#11308,#11309);
#11308 = CARTESIAN_POINT('',(0.,0.));
#11309 = VECTOR('',#11310,1.);
#11310 = DIRECTION('',(1.,0.));
#11311 = ( GEOMETRIC_REPRESENTATION_CONTEXT(2) 
PARAMETRIC_REPRESENTATION_CONTEXT() REPRESENTATION_CONTEXT('2D SPACE',''
  ) );
#11312 = ORIENTED_EDGE('',*,*,#11170,.F.);
#11313 = ADVANCED_FACE('',(#11314),#11129,.T.);
#11314 = FACE_BOUND('',#11315,.T.);
#11315 = EDGE_LOOP('',(#11316,#11337,#11338,#11359));
#11316 = ORIENTED_EDGE('',*,*,#11317,.F.);
#11317 = EDGE_CURVE('',#11086,#11201,#11318,.T.);
#11318 = SURFACE_CURVE('',#11319,(#11323,#11330),.PCURVE_S1.);
#11319 = LINE('',#11320,#11321);
#11320 = CARTESIAN_POINT('',(-23.,580.,-120.));
#11321 = VECTOR('',#11322,1.);
#11322 = DIRECTION('',(1.,0.,-0.));
#11323 = PCURVE('',#11129,#11324);
#11324 = DEFINITIONAL_REPRESENTATION('',(#11325),#11329);
#11325 = LINE('',#11326,#11327);
#11326 = CARTESIAN_POINT('',(0.,0.));
#11327 = VECTOR('',#11328,1.);
#11328 = DIRECTION('',(0.,1.));
#11329 = ( GEOMETRIC_REPRESENTATION_CONTEXT(2) 
PARAMETRIC_REPRESENTATION_CONTEXT() REPRESENTATION_CONTEXT('2D SPACE',''
  ) );
#11330 = PCURVE('',#11101,#11331);
#11331 = DEFINITIONAL_REPRESENTATION('',(#11332),#11336);
#11332 = LINE('',#11333,#11334);
#11333 = CARTESIAN_POINT('',(0.,1.16E+03));
#11334 = VECTOR('',#11335,1.);
#11335 = DIRECTION('',(1.,0.));
#11336 = ( GEOMETRIC_REPRESENTATION_CONTEXT(2) 
PARAMETRIC_REPRESENTATION_CONTEXT() REPRESENTATION_CONTEXT('2D SPACE',''
  ) );
#11337 = ORIENTED_EDGE('',*,*,#11113,.T.);
#11338 = ORIENTED_EDGE('',*,*,#11339,.T.);
#11339 = EDGE_CURVE('',#11114,#11224,#11340,.T.);
#11340 = SURFACE_CURVE('',#11341,(#11345,#11352),.PCURVE_S1.);
#11341 = LINE('',#11342,#11343);
#11342 = CARTESIAN_POINT('',(-23.,580.,120.));
#11343 = VECTOR('',#11344,1.);
#11344 = DIRECTION('',(1.,0.,-0.));
#11345 = PCURVE('',#11129,#11346);
#11346 = DEFINITIONAL_REPRESENTATION('',(#11347),#11351);
#11347 = LINE('',#11348,#11349);
#11348 = CARTESIAN_POINT('',(240.,0.));
#11349 = VECTOR('',#11350,1.);
#11350 = DIRECTION('',(0.,1.));
#11351 = ( GEOMETRIC_REPRESENTATION_CONTEXT(2) 
PARAMETRIC_REPRESENTATION_CONTEXT() REPRESENTATION_CONTEXT('2D SPACE',''
  ) );
#11352 = PCURVE('',#11155,#11353);
#11353 = DEFINITIONAL_REPRESENTATION('',(#11354),#11358);
#11354 = LINE('',#11355,#11356);
#11355 = CARTESIAN_POINT('',(0.,1.16E+03));
#11356 = VECTOR('',#11357,1.);
#11357 = DIRECTION('',(1.,0.));
#11358 = ( GEOMETRIC_REPRESENTATION_CONTEXT(2) 
PARAMETRIC_REPRESENTATION_CONTEXT() REPRESENTATION_CONTEXT('2D SPACE',''
  ) );
#11359 = ORIENTED_EDGE('',*,*,#11223,.F.);
#11360 = ADVANCED_FACE('',(#11361),#11101,.F.);
#11361 = FACE_BOUND('',#11362,.F.);
#11362 = EDGE_LOOP('',(#11363,#11364,#11365,#11366));
#11363 = ORIENTED_EDGE('',*,*,#11085,.F.);
#11364 = ORIENTED_EDGE('',*,*,#11270,.T.);
#11365 = ORIENTED_EDGE('',*,*,#11200,.T.);
#11366 = ORIENTED_EDGE('',*,*,#11317,.F.);
#11367 = ADVANCED_FACE('',(#11368),#11155,.T.);
#11368 = FACE_BOUND('',#11369,.T.);
#11369 = EDGE_LOOP('',(#11370,#11371,#11372,#11373));
#11370 = ORIENTED_EDGE('',*,*,#11141,.F.);
#11371 = ORIENTED_EDGE('',*,*,#11292,.T.);
#11372 = ORIENTED_EDGE('',*,*,#11246,.T.);
#11373 = ORIENTED_EDGE('',*,*,#11339,.F.);
#11374 = ( GEOMETRIC_REPRESENTATION_CONTEXT(3) 
GLOBAL_UNCERTAINTY_ASSIGNED_CONTEXT((#11378)) 
GLOBAL_UNIT_ASSIGNED_CONTEXT((#11375,#11376,#11377)) 
REPRESENTATION_CONTEXT('Context #1',
  '3D Context with UNIT and UNCERTAINTY') );
#11375 = ( LENGTH_UNIT() NAMED_UNIT(*) SI_UNIT(.MILLI.,.METRE.) );
#11376 = ( NAMED_UNIT(*) PLANE_ANGLE_UNIT() SI_UNIT($,.RADIAN.) );
#11377 = ( NAMED_UNIT(*) SI_UNIT($,.STERADIAN.) SOLID_ANGLE_UNIT() );
#11378 = UNCERTAINTY_MEASURE_WITH_UNIT(LENGTH_MEASURE(1.E-07),#11375,
  'distance_accuracy_value','confusion accuracy');
#11379 = CONTEXT_DEPENDENT_SHAPE_REPRESENTATION(#11380,#11382);
#11380 = ( REPRESENTATION_RELATIONSHIP('','',#11043,#10) 
REPRESENTATION_RELATIONSHIP_WITH_TRANSFORMATION(#11381) 
SHAPE_REPRESENTATION_RELATIONSHIP() );
#11381 = ITEM_DEFINED_TRANSFORMATION('','',#11,#139);
#11382 = PRODUCT_DEFINITION_SHAPE('Placement','Placement of an item',
  #11383);
#11383 = NEXT_ASSEMBLY_USAGE_OCCURRENCE('32','=>[0:1:1:33]','',#5,#11038
  ,$);
#11384 = PRODUCT_RELATED_PRODUCT_CATEGORY('part',$,(#11040));
#11385 = SHAPE_DEFINITION_REPRESENTATION(#11386,#11392);
#11386 = PRODUCT_DEFINITION_SHAPE('','',#11387);
#11387 = PRODUCT_DEFINITION('design','',#11388,#11391);
#11388 = PRODUCT_DEFINITION_FORMATION('','',#11389);
#11389 = PRODUCT('COMPOUND','COMPOUND','',(#11390));
#11390 = PRODUCT_CONTEXT('',#2,'mechanical');
#11391 = PRODUCT_DEFINITION_CONTEXT('part definition',#2,'design');
#11392 = ADVANCED_BREP_SHAPE_REPRESENTATION('',(#11,#11393),#11723);
#11393 = MANIFOLD_SOLID_BREP('',#11394);
#11394 = CLOSED_SHELL('',(#11395,#11515,#11615,#11662,#11709,#11716));
#11395 = ADVANCED_FACE('',(#11396),#11410,.F.);
#11396 = FACE_BOUND('',#11397,.F.);
#11397 = EDGE_LOOP('',(#11398,#11433,#11461,#11489));
#11398 = ORIENTED_EDGE('',*,*,#11399,.F.);
#11399 = EDGE_CURVE('',#11400,#11402,#11404,.T.);
#11400 = VERTEX_POINT('',#11401);
#11401 = CARTESIAN_POINT('',(-180.,-520.,-21.));
#11402 = VERTEX_POINT('',#11403);
#11403 = CARTESIAN_POINT('',(-180.,-520.,21.));
#11404 = SURFACE_CURVE('',#11405,(#11409,#11421),.PCURVE_S1.);
#11405 = LINE('',#11406,#11407);
#11406 = CARTESIAN_POINT('',(-180.,-520.,-21.));
#11407 = VECTOR('',#11408,1.);
#11408 = DIRECTION('',(0.,0.,1.));
#11409 = PCURVE('',#11410,#11415);
#11410 = PLANE('',#11411);
#11411 = AXIS2_PLACEMENT_3D('',#11412,#11413,#11414);
#11412 = CARTESIAN_POINT('',(-180.,-520.,-21.));
#11413 = DIRECTION('',(1.,0.,-0.));
#11414 = DIRECTION('',(0.,0.,1.));
#11415 = DEFINITIONAL_REPRESENTATION('',(#11416),#11420);
#11416 = LINE('',#11417,#11418);
#11417 = CARTESIAN_POINT('',(0.,0.));
#11418 = VECTOR('',#11419,1.);
#11419 = DIRECTION('',(1.,0.));
#11420 = ( GEOMETRIC_REPRESENTATION_CONTEXT(2) 
PARAMETRIC_REPRESENTATION_CONTEXT() REPRESENTATION_CONTEXT('2D SPACE',''
  ) );
#11421 = PCURVE('',#11422,#11427);
#11422 = PLANE('',#11423);
#11423 = AXIS2_PLACEMENT_3D('',#11424,#11425,#11426);
#11424 = CARTESIAN_POINT('',(-180.,-520.,-21.));
#11425 = DIRECTION('',(-0.,1.,0.));
#11426 = DIRECTION('',(0.,0.,1.));
#11427 = DEFINITIONAL_REPRESENTATION('',(#11428),#11432);
#11428 = LINE('',#11429,#11430);
#11429 = CARTESIAN_POINT('',(0.,0.));
#11430 = VECTOR('',#11431,1.);
#11431 = DIRECTION('',(1.,0.));
#11432 = ( GEOMETRIC_REPRESENTATION_CONTEXT(2) 
PARAMETRIC_REPRESENTATION_CONTEXT() REPRESENTATION_CONTEXT('2D SPACE',''
  ) );
#11433 = ORIENTED_EDGE('',*,*,#11434,.T.);
#11434 = EDGE_CURVE('',#11400,#11435,#11437,.T.);
#11435 = VERTEX_POINT('',#11436);
#11436 = CARTESIAN_POINT('',(-180.,520.,-21.));
#11437 = SURFACE_CURVE('',#11438,(#11442,#11449),.PCURVE_S1.);
#11438 = LINE('',#11439,#11440);
#11439 = CARTESIAN_POINT('',(-180.,-520.,-21.));
#11440 = VECTOR('',#11441,1.);
#11441 = DIRECTION('',(-0.,1.,0.));
#11442 = PCURVE('',#11410,#11443);
#11443 = DEFINITIONAL_REPRESENTATION('',(#11444),#11448);
#11444 = LINE('',#11445,#11446);
#11445 = CARTESIAN_POINT('',(0.,0.));
#11446 = VECTOR('',#11447,1.);
#11447 = DIRECTION('',(0.,-1.));
#11448 = ( GEOMETRIC_REPRESENTATION_CONTEXT(2) 
PARAMETRIC_REPRESENTATION_CONTEXT() REPRESENTATION_CONTEXT('2D SPACE',''
  ) );
#11449 = PCURVE('',#11450,#11455);
#11450 = PLANE('',#11451);
#11451 = AXIS2_PLACEMENT_3D('',#11452,#11453,#11454);
#11452 = CARTESIAN_POINT('',(-180.,-520.,-21.));
#11453 = DIRECTION('',(0.,0.,1.));
#11454 = DIRECTION('',(1.,0.,-0.));
#11455 = DEFINITIONAL_REPRESENTATION('',(#11456),#11460);
#11456 = LINE('',#11457,#11458);
#11457 = CARTESIAN_POINT('',(0.,0.));
#11458 = VECTOR('',#11459,1.);
#11459 = DIRECTION('',(0.,1.));
#11460 = ( GEOMETRIC_REPRESENTATION_CONTEXT(2) 
PARAMETRIC_REPRESENTATION_CONTEXT() REPRESENTATION_CONTEXT('2D SPACE',''
  ) );
#11461 = ORIENTED_EDGE('',*,*,#11462,.T.);
#11462 = EDGE_CURVE('',#11435,#11463,#11465,.T.);
#11463 = VERTEX_POINT('',#11464);
#11464 = CARTESIAN_POINT('',(-180.,520.,21.));
#11465 = SURFACE_CURVE('',#11466,(#11470,#11477),.PCURVE_S1.);
#11466 = LINE('',#11467,#11468);
#11467 = CARTESIAN_POINT('',(-180.,520.,-21.));
#11468 = VECTOR('',#11469,1.);
#11469 = DIRECTION('',(0.,0.,1.));
#11470 = PCURVE('',#11410,#11471);
#11471 = DEFINITIONAL_REPRESENTATION('',(#11472),#11476);
#11472 = LINE('',#11473,#11474);
#11473 = CARTESIAN_POINT('',(0.,-1.04E+03));
#11474 = VECTOR('',#11475,1.);
#11475 = DIRECTION('',(1.,0.));
#11476 = ( GEOMETRIC_REPRESENTATION_CONTEXT(2) 
PARAMETRIC_REPRESENTATION_CONTEXT() REPRESENTATION_CONTEXT('2D SPACE',''
  ) );
#11477 = PCURVE('',#11478,#11483);
#11478 = PLANE('',#11479);
#11479 = AXIS2_PLACEMENT_3D('',#11480,#11481,#11482);
#11480 = CARTESIAN_POINT('',(-180.,520.,-21.));
#11481 = DIRECTION('',(-0.,1.,0.));
#11482 = DIRECTION('',(0.,0.,1.));
#11483 = DEFINITIONAL_REPRESENTATION('',(#11484),#11488);
#11484 = LINE('',#11485,#11486);
#11485 = CARTESIAN_POINT('',(0.,0.));
#11486 = VECTOR('',#11487,1.);
#11487 = DIRECTION('',(1.,0.));
#11488 = ( GEOMETRIC_REPRESENTATION_CONTEXT(2) 
PARAMETRIC_REPRESENTATION_CONTEXT() REPRESENTATION_CONTEXT('2D SPACE',''
  ) );
#11489 = ORIENTED_EDGE('',*,*,#11490,.F.);
#11490 = EDGE_CURVE('',#11402,#11463,#11491,.T.);
#11491 = SURFACE_CURVE('',#11492,(#11496,#11503),.PCURVE_S1.);
#11492 = LINE('',#11493,#11494);
#11493 = CARTESIAN_POINT('',(-180.,-520.,21.));
#11494 = VECTOR('',#11495,1.);
#11495 = DIRECTION('',(-0.,1.,0.));
#11496 = PCURVE('',#11410,#11497);
#11497 = DEFINITIONAL_REPRESENTATION('',(#11498),#11502);
#11498 = LINE('',#11499,#11500);
#11499 = CARTESIAN_POINT('',(42.,0.));
#11500 = VECTOR('',#11501,1.);
#11501 = DIRECTION('',(0.,-1.));
#11502 = ( GEOMETRIC_REPRESENTATION_CONTEXT(2) 
PARAMETRIC_REPRESENTATION_CONTEXT() REPRESENTATION_CONTEXT('2D SPACE',''
  ) );
#11503 = PCURVE('',#11504,#11509);
#11504 = PLANE('',#11505);
#11505 = AXIS2_PLACEMENT_3D('',#11506,#11507,#11508);
#11506 = CARTESIAN_POINT('',(-180.,-520.,21.));
#11507 = DIRECTION('',(0.,0.,1.));
#11508 = DIRECTION('',(1.,0.,-0.));
#11509 = DEFINITIONAL_REPRESENTATION('',(#11510),#11514);
#11510 = LINE('',#11511,#11512);
#11511 = CARTESIAN_POINT('',(0.,0.));
#11512 = VECTOR('',#11513,1.);
#11513 = DIRECTION('',(0.,1.));
#11514 = ( GEOMETRIC_REPRESENTATION_CONTEXT(2) 
PARAMETRIC_REPRESENTATION_CONTEXT() REPRESENTATION_CONTEXT('2D SPACE',''
  ) );
#11515 = ADVANCED_FACE('',(#11516),#11530,.T.);
#11516 = FACE_BOUND('',#11517,.T.);
#11517 = EDGE_LOOP('',(#11518,#11548,#11571,#11594));
#11518 = ORIENTED_EDGE('',*,*,#11519,.F.);
#11519 = EDGE_CURVE('',#11520,#11522,#11524,.T.);
#11520 = VERTEX_POINT('',#11521);
#11521 = CARTESIAN_POINT('',(180.,-520.,-21.));
#11522 = VERTEX_POINT('',#11523);
#11523 = CARTESIAN_POINT('',(180.,-520.,21.));
#11524 = SURFACE_CURVE('',#11525,(#11529,#11541),.PCURVE_S1.);
#11525 = LINE('',#11526,#11527);
#11526 = CARTESIAN_POINT('',(180.,-520.,-21.));
#11527 = VECTOR('',#11528,1.);
#11528 = DIRECTION('',(0.,0.,1.));
#11529 = PCURVE('',#11530,#11535);
#11530 = PLANE('',#11531);
#11531 = AXIS2_PLACEMENT_3D('',#11532,#11533,#11534);
#11532 = CARTESIAN_POINT('',(180.,-520.,-21.));
#11533 = DIRECTION('',(1.,0.,-0.));
#11534 = DIRECTION('',(0.,0.,1.));
#11535 = DEFINITIONAL_REPRESENTATION('',(#11536),#11540);
#11536 = LINE('',#11537,#11538);
#11537 = CARTESIAN_POINT('',(0.,0.));
#11538 = VECTOR('',#11539,1.);
#11539 = DIRECTION('',(1.,0.));
#11540 = ( GEOMETRIC_REPRESENTATION_CONTEXT(2) 
PARAMETRIC_REPRESENTATION_CONTEXT() REPRESENTATION_CONTEXT('2D SPACE',''
  ) );
#11541 = PCURVE('',#11422,#11542);
#11542 = DEFINITIONAL_REPRESENTATION('',(#11543),#11547);
#11543 = LINE('',#11544,#11545);
#11544 = CARTESIAN_POINT('',(0.,360.));
#11545 = VECTOR('',#11546,1.);
#11546 = DIRECTION('',(1.,0.));
#11547 = ( GEOMETRIC_REPRESENTATION_CONTEXT(2) 
PARAMETRIC_REPRESENTATION_CONTEXT() REPRESENTATION_CONTEXT('2D SPACE',''
  ) );
#11548 = ORIENTED_EDGE('',*,*,#11549,.T.);
#11549 = EDGE_CURVE('',#11520,#11550,#11552,.T.);
#11550 = VERTEX_POINT('',#11551);
#11551 = CARTESIAN_POINT('',(180.,520.,-21.));
#11552 = SURFACE_CURVE('',#11553,(#11557,#11564),.PCURVE_S1.);
#11553 = LINE('',#11554,#11555);
#11554 = CARTESIAN_POINT('',(180.,-520.,-21.));
#11555 = VECTOR('',#11556,1.);
#11556 = DIRECTION('',(-0.,1.,0.));
#11557 = PCURVE('',#11530,#11558);
#11558 = DEFINITIONAL_REPRESENTATION('',(#11559),#11563);
#11559 = LINE('',#11560,#11561);
#11560 = CARTESIAN_POINT('',(0.,0.));
#11561 = VECTOR('',#11562,1.);
#11562 = DIRECTION('',(0.,-1.));
#11563 = ( GEOMETRIC_REPRESENTATION_CONTEXT(2) 
PARAMETRIC_REPRESENTATION_CONTEXT() REPRESENTATION_CONTEXT('2D SPACE',''
  ) );
#11564 = PCURVE('',#11450,#11565);
#11565 = DEFINITIONAL_REPRESENTATION('',(#11566),#11570);
#11566 = LINE('',#11567,#11568);
#11567 = CARTESIAN_POINT('',(360.,0.));
#11568 = VECTOR('',#11569,1.);
#11569 = DIRECTION('',(0.,1.));
#11570 = ( GEOMETRIC_REPRESENTATION_CONTEXT(2) 
PARAMETRIC_REPRESENTATION_CONTEXT() REPRESENTATION_CONTEXT('2D SPACE',''
  ) );
#11571 = ORIENTED_EDGE('',*,*,#11572,.T.);
#11572 = EDGE_CURVE('',#11550,#11573,#11575,.T.);
#11573 = VERTEX_POINT('',#11574);
#11574 = CARTESIAN_POINT('',(180.,520.,21.));
#11575 = SURFACE_CURVE('',#11576,(#11580,#11587),.PCURVE_S1.);
#11576 = LINE('',#11577,#11578);
#11577 = CARTESIAN_POINT('',(180.,520.,-21.));
#11578 = VECTOR('',#11579,1.);
#11579 = DIRECTION('',(0.,0.,1.));
#11580 = PCURVE('',#11530,#11581);
#11581 = DEFINITIONAL_REPRESENTATION('',(#11582),#11586);
#11582 = LINE('',#11583,#11584);
#11583 = CARTESIAN_POINT('',(0.,-1.04E+03));
#11584 = VECTOR('',#11585,1.);
#11585 = DIRECTION('',(1.,0.));
#11586 = ( GEOMETRIC_REPRESENTATION_CONTEXT(2) 
PARAMETRIC_REPRESENTATION_CONTEXT() REPRESENTATION_CONTEXT('2D SPACE',''
  ) );
#11587 = PCURVE('',#11478,#11588);
#11588 = DEFINITIONAL_REPRESENTATION('',(#11589),#11593);
#11589 = LINE('',#11590,#11591);
#11590 = CARTESIAN_POINT('',(0.,360.));
#11591 = VECTOR('',#11592,1.);
#11592 = DIRECTION('',(1.,0.));
#11593 = ( GEOMETRIC_REPRESENTATION_CONTEXT(2) 
PARAMETRIC_REPRESENTATION_CONTEXT() REPRESENTATION_CONTEXT('2D SPACE',''
  ) );
#11594 = ORIENTED_EDGE('',*,*,#11595,.F.);
#11595 = EDGE_CURVE('',#11522,#11573,#11596,.T.);
#11596 = SURFACE_CURVE('',#11597,(#11601,#11608),.PCURVE_S1.);
#11597 = LINE('',#11598,#11599);
#11598 = CARTESIAN_POINT('',(180.,-520.,21.));
#11599 = VECTOR('',#11600,1.);
#11600 = DIRECTION('',(-0.,1.,0.));
#11601 = PCURVE('',#11530,#11602);
#11602 = DEFINITIONAL_REPRESENTATION('',(#11603),#11607);
#11603 = LINE('',#11604,#11605);
#11604 = CARTESIAN_POINT('',(42.,0.));
#11605 = VECTOR('',#11606,1.);
#11606 = DIRECTION('',(0.,-1.));
#11607 = ( GEOMETRIC_REPRESENTATION_CONTEXT(2) 
PARAMETRIC_REPRESENTATION_CONTEXT() REPRESENTATION_CONTEXT('2D SPACE',''
  ) );
#11608 = PCURVE('',#11504,#11609);
#11609 = DEFINITIONAL_REPRESENTATION('',(#11610),#11614);
#11610 = LINE('',#11611,#11612);
#11611 = CARTESIAN_POINT('',(360.,0.));
#11612 = VECTOR('',#11613,1.);
#11613 = DIRECTION('',(0.,1.));
#11614 = ( GEOMETRIC_REPRESENTATION_CONTEXT(2) 
PARAMETRIC_REPRESENTATION_CONTEXT() REPRESENTATION_CONTEXT('2D SPACE',''
  ) );
#11615 = ADVANCED_FACE('',(#11616),#11422,.F.);
#11616 = FACE_BOUND('',#11617,.F.);
#11617 = EDGE_LOOP('',(#11618,#11639,#11640,#11661));
#11618 = ORIENTED_EDGE('',*,*,#11619,.F.);
#11619 = EDGE_CURVE('',#11400,#11520,#11620,.T.);
#11620 = SURFACE_CURVE('',#11621,(#11625,#11632),.PCURVE_S1.);
#11621 = LINE('',#11622,#11623);
#11622 = CARTESIAN_POINT('',(-180.,-520.,-21.));
#11623 = VECTOR('',#11624,1.);
#11624 = DIRECTION('',(1.,0.,-0.));
#11625 = PCURVE('',#11422,#11626);
#11626 = DEFINITIONAL_REPRESENTATION('',(#11627),#11631);
#11627 = LINE('',#11628,#11629);
#11628 = CARTESIAN_POINT('',(0.,0.));
#11629 = VECTOR('',#11630,1.);
#11630 = DIRECTION('',(0.,1.));
#11631 = ( GEOMETRIC_REPRESENTATION_CONTEXT(2) 
PARAMETRIC_REPRESENTATION_CONTEXT() REPRESENTATION_CONTEXT('2D SPACE',''
  ) );
#11632 = PCURVE('',#11450,#11633);
#11633 = DEFINITIONAL_REPRESENTATION('',(#11634),#11638);
#11634 = LINE('',#11635,#11636);
#11635 = CARTESIAN_POINT('',(0.,0.));
#11636 = VECTOR('',#11637,1.);
#11637 = DIRECTION('',(1.,0.));
#11638 = ( GEOMETRIC_REPRESENTATION_CONTEXT(2) 
PARAMETRIC_REPRESENTATION_CONTEXT() REPRESENTATION_CONTEXT('2D SPACE',''
  ) );
#11639 = ORIENTED_EDGE('',*,*,#11399,.T.);
#11640 = ORIENTED_EDGE('',*,*,#11641,.T.);
#11641 = EDGE_CURVE('',#11402,#11522,#11642,.T.);
#11642 = SURFACE_CURVE('',#11643,(#11647,#11654),.PCURVE_S1.);
#11643 = LINE('',#11644,#11645);
#11644 = CARTESIAN_POINT('',(-180.,-520.,21.));
#11645 = VECTOR('',#11646,1.);
#11646 = DIRECTION('',(1.,0.,-0.));
#11647 = PCURVE('',#11422,#11648);
#11648 = DEFINITIONAL_REPRESENTATION('',(#11649),#11653);
#11649 = LINE('',#11650,#11651);
#11650 = CARTESIAN_POINT('',(42.,0.));
#11651 = VECTOR('',#11652,1.);
#11652 = DIRECTION('',(0.,1.));
#11653 = ( GEOMETRIC_REPRESENTATION_CONTEXT(2) 
PARAMETRIC_REPRESENTATION_CONTEXT() REPRESENTATION_CONTEXT('2D SPACE',''
  ) );
#11654 = PCURVE('',#11504,#11655);
#11655 = DEFINITIONAL_REPRESENTATION('',(#11656),#11660);
#11656 = LINE('',#11657,#11658);
#11657 = CARTESIAN_POINT('',(0.,0.));
#11658 = VECTOR('',#11659,1.);
#11659 = DIRECTION('',(1.,0.));
#11660 = ( GEOMETRIC_REPRESENTATION_CONTEXT(2) 
PARAMETRIC_REPRESENTATION_CONTEXT() REPRESENTATION_CONTEXT('2D SPACE',''
  ) );
#11661 = ORIENTED_EDGE('',*,*,#11519,.F.);
#11662 = ADVANCED_FACE('',(#11663),#11478,.T.);
#11663 = FACE_BOUND('',#11664,.T.);
#11664 = EDGE_LOOP('',(#11665,#11686,#11687,#11708));
#11665 = ORIENTED_EDGE('',*,*,#11666,.F.);
#11666 = EDGE_CURVE('',#11435,#11550,#11667,.T.);
#11667 = SURFACE_CURVE('',#11668,(#11672,#11679),.PCURVE_S1.);
#11668 = LINE('',#11669,#11670);
#11669 = CARTESIAN_POINT('',(-180.,520.,-21.));
#11670 = VECTOR('',#11671,1.);
#11671 = DIRECTION('',(1.,0.,-0.));
#11672 = PCURVE('',#11478,#11673);
#11673 = DEFINITIONAL_REPRESENTATION('',(#11674),#11678);
#11674 = LINE('',#11675,#11676);
#11675 = CARTESIAN_POINT('',(0.,0.));
#11676 = VECTOR('',#11677,1.);
#11677 = DIRECTION('',(0.,1.));
#11678 = ( GEOMETRIC_REPRESENTATION_CONTEXT(2) 
PARAMETRIC_REPRESENTATION_CONTEXT() REPRESENTATION_CONTEXT('2D SPACE',''
  ) );
#11679 = PCURVE('',#11450,#11680);
#11680 = DEFINITIONAL_REPRESENTATION('',(#11681),#11685);
#11681 = LINE('',#11682,#11683);
#11682 = CARTESIAN_POINT('',(0.,1.04E+03));
#11683 = VECTOR('',#11684,1.);
#11684 = DIRECTION('',(1.,0.));
#11685 = ( GEOMETRIC_REPRESENTATION_CONTEXT(2) 
PARAMETRIC_REPRESENTATION_CONTEXT() REPRESENTATION_CONTEXT('2D SPACE',''
  ) );
#11686 = ORIENTED_EDGE('',*,*,#11462,.T.);
#11687 = ORIENTED_EDGE('',*,*,#11688,.T.);
#11688 = EDGE_CURVE('',#11463,#11573,#11689,.T.);
#11689 = SURFACE_CURVE('',#11690,(#11694,#11701),.PCURVE_S1.);
#11690 = LINE('',#11691,#11692);
#11691 = CARTESIAN_POINT('',(-180.,520.,21.));
#11692 = VECTOR('',#11693,1.);
#11693 = DIRECTION('',(1.,0.,-0.));
#11694 = PCURVE('',#11478,#11695);
#11695 = DEFINITIONAL_REPRESENTATION('',(#11696),#11700);
#11696 = LINE('',#11697,#11698);
#11697 = CARTESIAN_POINT('',(42.,0.));
#11698 = VECTOR('',#11699,1.);
#11699 = DIRECTION('',(0.,1.));
#11700 = ( GEOMETRIC_REPRESENTATION_CONTEXT(2) 
PARAMETRIC_REPRESENTATION_CONTEXT() REPRESENTATION_CONTEXT('2D SPACE',''
  ) );
#11701 = PCURVE('',#11504,#11702);
#11702 = DEFINITIONAL_REPRESENTATION('',(#11703),#11707);
#11703 = LINE('',#11704,#11705);
#11704 = CARTESIAN_POINT('',(0.,1.04E+03));
#11705 = VECTOR('',#11706,1.);
#11706 = DIRECTION('',(1.,0.));
#11707 = ( GEOMETRIC_REPRESENTATION_CONTEXT(2) 
PARAMETRIC_REPRESENTATION_CONTEXT() REPRESENTATION_CONTEXT('2D SPACE',''
  ) );
#11708 = ORIENTED_EDGE('',*,*,#11572,.F.);
#11709 = ADVANCED_FACE('',(#11710),#11450,.F.);
#11710 = FACE_BOUND('',#11711,.F.);
#11711 = EDGE_LOOP('',(#11712,#11713,#11714,#11715));
#11712 = ORIENTED_EDGE('',*,*,#11434,.F.);
#11713 = ORIENTED_EDGE('',*,*,#11619,.T.);
#11714 = ORIENTED_EDGE('',*,*,#11549,.T.);
#11715 = ORIENTED_EDGE('',*,*,#11666,.F.);
#11716 = ADVANCED_FACE('',(#11717),#11504,.T.);
#11717 = FACE_BOUND('',#11718,.T.);
#11718 = EDGE_LOOP('',(#11719,#11720,#11721,#11722));
#11719 = ORIENTED_EDGE('',*,*,#11490,.F.);
#11720 = ORIENTED_EDGE('',*,*,#11641,.T.);
#11721 = ORIENTED_EDGE('',*,*,#11595,.T.);
#11722 = ORIENTED_EDGE('',*,*,#11688,.F.);
#11723 = ( GEOMETRIC_REPRESENTATION_CONTEXT(3) 
GLOBAL_UNCERTAINTY_ASSIGNED_CONTEXT((#11727)) 
GLOBAL_UNIT_ASSIGNED_CONTEXT((#11724,#11725,#11726)) 
REPRESENTATION_CONTEXT('Context #1',
  '3D Context with UNIT and UNCERTAINTY') );
#11724 = ( LENGTH_UNIT() NAMED_UNIT(*) SI_UNIT(.MILLI.,.METRE.) );
#11725 = ( NAMED_UNIT(*) PLANE_ANGLE_UNIT() SI_UNIT($,.RADIAN.) );
#11726 = ( NAMED_UNIT(*) SI_UNIT($,.STERADIAN.) SOLID_ANGLE_UNIT() );
#11727 = UNCERTAINTY_MEASURE_WITH_UNIT(LENGTH_MEASURE(1.E-07),#11724,
  'distance_accuracy_value','confusion accuracy');
#11728 = CONTEXT_DEPENDENT_SHAPE_REPRESENTATION(#11729,#11731);
#11729 = ( REPRESENTATION_RELATIONSHIP('','',#11392,#10) 
REPRESENTATION_RELATIONSHIP_WITH_TRANSFORMATION(#11730) 
SHAPE_REPRESENTATION_RELATIONSHIP() );
#11730 = ITEM_DEFINED_TRANSFORMATION('','',#11,#143);
#11731 = PRODUCT_DEFINITION_SHAPE('Placement','Placement of an item',
  #11732);
#11732 = NEXT_ASSEMBLY_USAGE_OCCURRENCE('33','=>[0:1:1:34]','',#5,#11387
  ,$);
#11733 = PRODUCT_RELATED_PRODUCT_CATEGORY('part',$,(#11389));
#11734 = SHAPE_DEFINITION_REPRESENTATION(#11735,#11741);
#11735 = PRODUCT_DEFINITION_SHAPE('','',#11736);
#11736 = PRODUCT_DEFINITION('design','',#11737,#11740);
#11737 = PRODUCT_DEFINITION_FORMATION('','',#11738);
#11738 = PRODUCT('COMPOUND','COMPOUND','',(#11739));
#11739 = PRODUCT_CONTEXT('',#2,'mechanical');
#11740 = PRODUCT_DEFINITION_CONTEXT('part definition',#2,'design');
#11741 = ADVANCED_BREP_SHAPE_REPRESENTATION('',(#11,#11742),#12072);
#11742 = MANIFOLD_SOLID_BREP('',#11743);
#11743 = CLOSED_SHELL('',(#11744,#11864,#11964,#12011,#12058,#12065));
#11744 = ADVANCED_FACE('',(#11745),#11759,.F.);
#11745 = FACE_BOUND('',#11746,.F.);
#11746 = EDGE_LOOP('',(#11747,#11782,#11810,#11838));
#11747 = ORIENTED_EDGE('',*,*,#11748,.F.);
#11748 = EDGE_CURVE('',#11749,#11751,#11753,.T.);
#11749 = VERTEX_POINT('',#11750);
#11750 = CARTESIAN_POINT('',(-55.,-205.,-35.));
#11751 = VERTEX_POINT('',#11752);
#11752 = CARTESIAN_POINT('',(-55.,-205.,35.));
#11753 = SURFACE_CURVE('',#11754,(#11758,#11770),.PCURVE_S1.);
#11754 = LINE('',#11755,#11756);
#11755 = CARTESIAN_POINT('',(-55.,-205.,-35.));
#11756 = VECTOR('',#11757,1.);
#11757 = DIRECTION('',(0.,0.,1.));
#11758 = PCURVE('',#11759,#11764);
#11759 = PLANE('',#11760);
#11760 = AXIS2_PLACEMENT_3D('',#11761,#11762,#11763);
#11761 = CARTESIAN_POINT('',(-55.,-205.,-35.));
#11762 = DIRECTION('',(1.,0.,-0.));
#11763 = DIRECTION('',(0.,0.,1.));
#11764 = DEFINITIONAL_REPRESENTATION('',(#11765),#11769);
#11765 = LINE('',#11766,#11767);
#11766 = CARTESIAN_POINT('',(0.,0.));
#11767 = VECTOR('',#11768,1.);
#11768 = DIRECTION('',(1.,0.));
#11769 = ( GEOMETRIC_REPRESENTATION_CONTEXT(2) 
PARAMETRIC_REPRESENTATION_CONTEXT() REPRESENTATION_CONTEXT('2D SPACE',''
  ) );
#11770 = PCURVE('',#11771,#11776);
#11771 = PLANE('',#11772);
#11772 = AXIS2_PLACEMENT_3D('',#11773,#11774,#11775);
#11773 = CARTESIAN_POINT('',(-55.,-205.,-35.));
#11774 = DIRECTION('',(-0.,1.,0.));
#11775 = DIRECTION('',(0.,0.,1.));
#11776 = DEFINITIONAL_REPRESENTATION('',(#11777),#11781);
#11777 = LINE('',#11778,#11779);
#11778 = CARTESIAN_POINT('',(0.,0.));
#11779 = VECTOR('',#11780,1.);
#11780 = DIRECTION('',(1.,0.));
#11781 = ( GEOMETRIC_REPRESENTATION_CONTEXT(2) 
PARAMETRIC_REPRESENTATION_CONTEXT() REPRESENTATION_CONTEXT('2D SPACE',''
  ) );
#11782 = ORIENTED_EDGE('',*,*,#11783,.T.);
#11783 = EDGE_CURVE('',#11749,#11784,#11786,.T.);
#11784 = VERTEX_POINT('',#11785);
#11785 = CARTESIAN_POINT('',(-55.,205.,-35.));
#11786 = SURFACE_CURVE('',#11787,(#11791,#11798),.PCURVE_S1.);
#11787 = LINE('',#11788,#11789);
#11788 = CARTESIAN_POINT('',(-55.,-205.,-35.));
#11789 = VECTOR('',#11790,1.);
#11790 = DIRECTION('',(-0.,1.,0.));
#11791 = PCURVE('',#11759,#11792);
#11792 = DEFINITIONAL_REPRESENTATION('',(#11793),#11797);
#11793 = LINE('',#11794,#11795);
#11794 = CARTESIAN_POINT('',(0.,0.));
#11795 = VECTOR('',#11796,1.);
#11796 = DIRECTION('',(0.,-1.));
#11797 = ( GEOMETRIC_REPRESENTATION_CONTEXT(2) 
PARAMETRIC_REPRESENTATION_CONTEXT() REPRESENTATION_CONTEXT('2D SPACE',''
  ) );
#11798 = PCURVE('',#11799,#11804);
#11799 = PLANE('',#11800);
#11800 = AXIS2_PLACEMENT_3D('',#11801,#11802,#11803);
#11801 = CARTESIAN_POINT('',(-55.,-205.,-35.));
#11802 = DIRECTION('',(0.,0.,1.));
#11803 = DIRECTION('',(1.,0.,-0.));
#11804 = DEFINITIONAL_REPRESENTATION('',(#11805),#11809);
#11805 = LINE('',#11806,#11807);
#11806 = CARTESIAN_POINT('',(0.,0.));
#11807 = VECTOR('',#11808,1.);
#11808 = DIRECTION('',(0.,1.));
#11809 = ( GEOMETRIC_REPRESENTATION_CONTEXT(2) 
PARAMETRIC_REPRESENTATION_CONTEXT() REPRESENTATION_CONTEXT('2D SPACE',''
  ) );
#11810 = ORIENTED_EDGE('',*,*,#11811,.T.);
#11811 = EDGE_CURVE('',#11784,#11812,#11814,.T.);
#11812 = VERTEX_POINT('',#11813);
#11813 = CARTESIAN_POINT('',(-55.,205.,35.));
#11814 = SURFACE_CURVE('',#11815,(#11819,#11826),.PCURVE_S1.);
#11815 = LINE('',#11816,#11817);
#11816 = CARTESIAN_POINT('',(-55.,205.,-35.));
#11817 = VECTOR('',#11818,1.);
#11818 = DIRECTION('',(0.,0.,1.));
#11819 = PCURVE('',#11759,#11820);
#11820 = DEFINITIONAL_REPRESENTATION('',(#11821),#11825);
#11821 = LINE('',#11822,#11823);
#11822 = CARTESIAN_POINT('',(0.,-410.));
#11823 = VECTOR('',#11824,1.);
#11824 = DIRECTION('',(1.,0.));
#11825 = ( GEOMETRIC_REPRESENTATION_CONTEXT(2) 
PARAMETRIC_REPRESENTATION_CONTEXT() REPRESENTATION_CONTEXT('2D SPACE',''
  ) );
#11826 = PCURVE('',#11827,#11832);
#11827 = PLANE('',#11828);
#11828 = AXIS2_PLACEMENT_3D('',#11829,#11830,#11831);
#11829 = CARTESIAN_POINT('',(-55.,205.,-35.));
#11830 = DIRECTION('',(-0.,1.,0.));
#11831 = DIRECTION('',(0.,0.,1.));
#11832 = DEFINITIONAL_REPRESENTATION('',(#11833),#11837);
#11833 = LINE('',#11834,#11835);
#11834 = CARTESIAN_POINT('',(0.,0.));
#11835 = VECTOR('',#11836,1.);
#11836 = DIRECTION('',(1.,0.));
#11837 = ( GEOMETRIC_REPRESENTATION_CONTEXT(2) 
PARAMETRIC_REPRESENTATION_CONTEXT() REPRESENTATION_CONTEXT('2D SPACE',''
  ) );
#11838 = ORIENTED_EDGE('',*,*,#11839,.F.);
#11839 = EDGE_CURVE('',#11751,#11812,#11840,.T.);
#11840 = SURFACE_CURVE('',#11841,(#11845,#11852),.PCURVE_S1.);
#11841 = LINE('',#11842,#11843);
#11842 = CARTESIAN_POINT('',(-55.,-205.,35.));
#11843 = VECTOR('',#11844,1.);
#11844 = DIRECTION('',(-0.,1.,0.));
#11845 = PCURVE('',#11759,#11846);
#11846 = DEFINITIONAL_REPRESENTATION('',(#11847),#11851);
#11847 = LINE('',#11848,#11849);
#11848 = CARTESIAN_POINT('',(70.,0.));
#11849 = VECTOR('',#11850,1.);
#11850 = DIRECTION('',(0.,-1.));
#11851 = ( GEOMETRIC_REPRESENTATION_CONTEXT(2) 
PARAMETRIC_REPRESENTATION_CONTEXT() REPRESENTATION_CONTEXT('2D SPACE',''
  ) );
#11852 = PCURVE('',#11853,#11858);
#11853 = PLANE('',#11854);
#11854 = AXIS2_PLACEMENT_3D('',#11855,#11856,#11857);
#11855 = CARTESIAN_POINT('',(-55.,-205.,35.));
#11856 = DIRECTION('',(0.,0.,1.));
#11857 = DIRECTION('',(1.,0.,-0.));
#11858 = DEFINITIONAL_REPRESENTATION('',(#11859),#11863);
#11859 = LINE('',#11860,#11861);
#11860 = CARTESIAN_POINT('',(0.,0.));
#11861 = VECTOR('',#11862,1.);
#11862 = DIRECTION('',(0.,1.));
#11863 = ( GEOMETRIC_REPRESENTATION_CONTEXT(2) 
PARAMETRIC_REPRESENTATION_CONTEXT() REPRESENTATION_CONTEXT('2D SPACE',''
  ) );
#11864 = ADVANCED_FACE('',(#11865),#11879,.T.);
#11865 = FACE_BOUND('',#11866,.T.);
#11866 = EDGE_LOOP('',(#11867,#11897,#11920,#11943));
#11867 = ORIENTED_EDGE('',*,*,#11868,.F.);
#11868 = EDGE_CURVE('',#11869,#11871,#11873,.T.);
#11869 = VERTEX_POINT('',#11870);
#11870 = CARTESIAN_POINT('',(55.,-205.,-35.));
#11871 = VERTEX_POINT('',#11872);
#11872 = CARTESIAN_POINT('',(55.,-205.,35.));
#11873 = SURFACE_CURVE('',#11874,(#11878,#11890),.PCURVE_S1.);
#11874 = LINE('',#11875,#11876);
#11875 = CARTESIAN_POINT('',(55.,-205.,-35.));
#11876 = VECTOR('',#11877,1.);
#11877 = DIRECTION('',(0.,0.,1.));
#11878 = PCURVE('',#11879,#11884);
#11879 = PLANE('',#11880);
#11880 = AXIS2_PLACEMENT_3D('',#11881,#11882,#11883);
#11881 = CARTESIAN_POINT('',(55.,-205.,-35.));
#11882 = DIRECTION('',(1.,0.,-0.));
#11883 = DIRECTION('',(0.,0.,1.));
#11884 = DEFINITIONAL_REPRESENTATION('',(#11885),#11889);
#11885 = LINE('',#11886,#11887);
#11886 = CARTESIAN_POINT('',(0.,0.));
#11887 = VECTOR('',#11888,1.);
#11888 = DIRECTION('',(1.,0.));
#11889 = ( GEOMETRIC_REPRESENTATION_CONTEXT(2) 
PARAMETRIC_REPRESENTATION_CONTEXT() REPRESENTATION_CONTEXT('2D SPACE',''
  ) );
#11890 = PCURVE('',#11771,#11891);
#11891 = DEFINITIONAL_REPRESENTATION('',(#11892),#11896);
#11892 = LINE('',#11893,#11894);
#11893 = CARTESIAN_POINT('',(0.,110.));
#11894 = VECTOR('',#11895,1.);
#11895 = DIRECTION('',(1.,0.));
#11896 = ( GEOMETRIC_REPRESENTATION_CONTEXT(2) 
PARAMETRIC_REPRESENTATION_CONTEXT() REPRESENTATION_CONTEXT('2D SPACE',''
  ) );
#11897 = ORIENTED_EDGE('',*,*,#11898,.T.);
#11898 = EDGE_CURVE('',#11869,#11899,#11901,.T.);
#11899 = VERTEX_POINT('',#11900);
#11900 = CARTESIAN_POINT('',(55.,205.,-35.));
#11901 = SURFACE_CURVE('',#11902,(#11906,#11913),.PCURVE_S1.);
#11902 = LINE('',#11903,#11904);
#11903 = CARTESIAN_POINT('',(55.,-205.,-35.));
#11904 = VECTOR('',#11905,1.);
#11905 = DIRECTION('',(-0.,1.,0.));
#11906 = PCURVE('',#11879,#11907);
#11907 = DEFINITIONAL_REPRESENTATION('',(#11908),#11912);
#11908 = LINE('',#11909,#11910);
#11909 = CARTESIAN_POINT('',(0.,0.));
#11910 = VECTOR('',#11911,1.);
#11911 = DIRECTION('',(0.,-1.));
#11912 = ( GEOMETRIC_REPRESENTATION_CONTEXT(2) 
PARAMETRIC_REPRESENTATION_CONTEXT() REPRESENTATION_CONTEXT('2D SPACE',''
  ) );
#11913 = PCURVE('',#11799,#11914);
#11914 = DEFINITIONAL_REPRESENTATION('',(#11915),#11919);
#11915 = LINE('',#11916,#11917);
#11916 = CARTESIAN_POINT('',(110.,0.));
#11917 = VECTOR('',#11918,1.);
#11918 = DIRECTION('',(0.,1.));
#11919 = ( GEOMETRIC_REPRESENTATION_CONTEXT(2) 
PARAMETRIC_REPRESENTATION_CONTEXT() REPRESENTATION_CONTEXT('2D SPACE',''
  ) );
#11920 = ORIENTED_EDGE('',*,*,#11921,.T.);
#11921 = EDGE_CURVE('',#11899,#11922,#11924,.T.);
#11922 = VERTEX_POINT('',#11923);
#11923 = CARTESIAN_POINT('',(55.,205.,35.));
#11924 = SURFACE_CURVE('',#11925,(#11929,#11936),.PCURVE_S1.);
#11925 = LINE('',#11926,#11927);
#11926 = CARTESIAN_POINT('',(55.,205.,-35.));
#11927 = VECTOR('',#11928,1.);
#11928 = DIRECTION('',(0.,0.,1.));
#11929 = PCURVE('',#11879,#11930);
#11930 = DEFINITIONAL_REPRESENTATION('',(#11931),#11935);
#11931 = LINE('',#11932,#11933);
#11932 = CARTESIAN_POINT('',(0.,-410.));
#11933 = VECTOR('',#11934,1.);
#11934 = DIRECTION('',(1.,0.));
#11935 = ( GEOMETRIC_REPRESENTATION_CONTEXT(2) 
PARAMETRIC_REPRESENTATION_CONTEXT() REPRESENTATION_CONTEXT('2D SPACE',''
  ) );
#11936 = PCURVE('',#11827,#11937);
#11937 = DEFINITIONAL_REPRESENTATION('',(#11938),#11942);
#11938 = LINE('',#11939,#11940);
#11939 = CARTESIAN_POINT('',(0.,110.));
#11940 = VECTOR('',#11941,1.);
#11941 = DIRECTION('',(1.,0.));
#11942 = ( GEOMETRIC_REPRESENTATION_CONTEXT(2) 
PARAMETRIC_REPRESENTATION_CONTEXT() REPRESENTATION_CONTEXT('2D SPACE',''
  ) );
#11943 = ORIENTED_EDGE('',*,*,#11944,.F.);
#11944 = EDGE_CURVE('',#11871,#11922,#11945,.T.);
#11945 = SURFACE_CURVE('',#11946,(#11950,#11957),.PCURVE_S1.);
#11946 = LINE('',#11947,#11948);
#11947 = CARTESIAN_POINT('',(55.,-205.,35.));
#11948 = VECTOR('',#11949,1.);
#11949 = DIRECTION('',(-0.,1.,0.));
#11950 = PCURVE('',#11879,#11951);
#11951 = DEFINITIONAL_REPRESENTATION('',(#11952),#11956);
#11952 = LINE('',#11953,#11954);
#11953 = CARTESIAN_POINT('',(70.,0.));
#11954 = VECTOR('',#11955,1.);
#11955 = DIRECTION('',(0.,-1.));
#11956 = ( GEOMETRIC_REPRESENTATION_CONTEXT(2) 
PARAMETRIC_REPRESENTATION_CONTEXT() REPRESENTATION_CONTEXT('2D SPACE',''
  ) );
#11957 = PCURVE('',#11853,#11958);
#11958 = DEFINITIONAL_REPRESENTATION('',(#11959),#11963);
#11959 = LINE('',#11960,#11961);
#11960 = CARTESIAN_POINT('',(110.,0.));
#11961 = VECTOR('',#11962,1.);
#11962 = DIRECTION('',(0.,1.));
#11963 = ( GEOMETRIC_REPRESENTATION_CONTEXT(2) 
PARAMETRIC_REPRESENTATION_CONTEXT() REPRESENTATION_CONTEXT('2D SPACE',''
  ) );
#11964 = ADVANCED_FACE('',(#11965),#11771,.F.);
#11965 = FACE_BOUND('',#11966,.F.);
#11966 = EDGE_LOOP('',(#11967,#11988,#11989,#12010));
#11967 = ORIENTED_EDGE('',*,*,#11968,.F.);
#11968 = EDGE_CURVE('',#11749,#11869,#11969,.T.);
#11969 = SURFACE_CURVE('',#11970,(#11974,#11981),.PCURVE_S1.);
#11970 = LINE('',#11971,#11972);
#11971 = CARTESIAN_POINT('',(-55.,-205.,-35.));
#11972 = VECTOR('',#11973,1.);
#11973 = DIRECTION('',(1.,0.,-0.));
#11974 = PCURVE('',#11771,#11975);
#11975 = DEFINITIONAL_REPRESENTATION('',(#11976),#11980);
#11976 = LINE('',#11977,#11978);
#11977 = CARTESIAN_POINT('',(0.,0.));
#11978 = VECTOR('',#11979,1.);
#11979 = DIRECTION('',(0.,1.));
#11980 = ( GEOMETRIC_REPRESENTATION_CONTEXT(2) 
PARAMETRIC_REPRESENTATION_CONTEXT() REPRESENTATION_CONTEXT('2D SPACE',''
  ) );
#11981 = PCURVE('',#11799,#11982);
#11982 = DEFINITIONAL_REPRESENTATION('',(#11983),#11987);
#11983 = LINE('',#11984,#11985);
#11984 = CARTESIAN_POINT('',(0.,0.));
#11985 = VECTOR('',#11986,1.);
#11986 = DIRECTION('',(1.,0.));
#11987 = ( GEOMETRIC_REPRESENTATION_CONTEXT(2) 
PARAMETRIC_REPRESENTATION_CONTEXT() REPRESENTATION_CONTEXT('2D SPACE',''
  ) );
#11988 = ORIENTED_EDGE('',*,*,#11748,.T.);
#11989 = ORIENTED_EDGE('',*,*,#11990,.T.);
#11990 = EDGE_CURVE('',#11751,#11871,#11991,.T.);
#11991 = SURFACE_CURVE('',#11992,(#11996,#12003),.PCURVE_S1.);
#11992 = LINE('',#11993,#11994);
#11993 = CARTESIAN_POINT('',(-55.,-205.,35.));
#11994 = VECTOR('',#11995,1.);
#11995 = DIRECTION('',(1.,0.,-0.));
#11996 = PCURVE('',#11771,#11997);
#11997 = DEFINITIONAL_REPRESENTATION('',(#11998),#12002);
#11998 = LINE('',#11999,#12000);
#11999 = CARTESIAN_POINT('',(70.,0.));
#12000 = VECTOR('',#12001,1.);
#12001 = DIRECTION('',(0.,1.));
#12002 = ( GEOMETRIC_REPRESENTATION_CONTEXT(2) 
PARAMETRIC_REPRESENTATION_CONTEXT() REPRESENTATION_CONTEXT('2D SPACE',''
  ) );
#12003 = PCURVE('',#11853,#12004);
#12004 = DEFINITIONAL_REPRESENTATION('',(#12005),#12009);
#12005 = LINE('',#12006,#12007);
#12006 = CARTESIAN_POINT('',(0.,0.));
#12007 = VECTOR('',#12008,1.);
#12008 = DIRECTION('',(1.,0.));
#12009 = ( GEOMETRIC_REPRESENTATION_CONTEXT(2) 
PARAMETRIC_REPRESENTATION_CONTEXT() REPRESENTATION_CONTEXT('2D SPACE',''
  ) );
#12010 = ORIENTED_EDGE('',*,*,#11868,.F.);
#12011 = ADVANCED_FACE('',(#12012),#11827,.T.);
#12012 = FACE_BOUND('',#12013,.T.);
#12013 = EDGE_LOOP('',(#12014,#12035,#12036,#12057));
#12014 = ORIENTED_EDGE('',*,*,#12015,.F.);
#12015 = EDGE_CURVE('',#11784,#11899,#12016,.T.);
#12016 = SURFACE_CURVE('',#12017,(#12021,#12028),.PCURVE_S1.);
#12017 = LINE('',#12018,#12019);
#12018 = CARTESIAN_POINT('',(-55.,205.,-35.));
#12019 = VECTOR('',#12020,1.);
#12020 = DIRECTION('',(1.,0.,-0.));
#12021 = PCURVE('',#11827,#12022);
#12022 = DEFINITIONAL_REPRESENTATION('',(#12023),#12027);
#12023 = LINE('',#12024,#12025);
#12024 = CARTESIAN_POINT('',(0.,0.));
#12025 = VECTOR('',#12026,1.);
#12026 = DIRECTION('',(0.,1.));
#12027 = ( GEOMETRIC_REPRESENTATION_CONTEXT(2) 
PARAMETRIC_REPRESENTATION_CONTEXT() REPRESENTATION_CONTEXT('2D SPACE',''
  ) );
#12028 = PCURVE('',#11799,#12029);
#12029 = DEFINITIONAL_REPRESENTATION('',(#12030),#12034);
#12030 = LINE('',#12031,#12032);
#12031 = CARTESIAN_POINT('',(0.,410.));
#12032 = VECTOR('',#12033,1.);
#12033 = DIRECTION('',(1.,0.));
#12034 = ( GEOMETRIC_REPRESENTATION_CONTEXT(2) 
PARAMETRIC_REPRESENTATION_CONTEXT() REPRESENTATION_CONTEXT('2D SPACE',''
  ) );
#12035 = ORIENTED_EDGE('',*,*,#11811,.T.);
#12036 = ORIENTED_EDGE('',*,*,#12037,.T.);
#12037 = EDGE_CURVE('',#11812,#11922,#12038,.T.);
#12038 = SURFACE_CURVE('',#12039,(#12043,#12050),.PCURVE_S1.);
#12039 = LINE('',#12040,#12041);
#12040 = CARTESIAN_POINT('',(-55.,205.,35.));
#12041 = VECTOR('',#12042,1.);
#12042 = DIRECTION('',(1.,0.,-0.));
#12043 = PCURVE('',#11827,#12044);
#12044 = DEFINITIONAL_REPRESENTATION('',(#12045),#12049);
#12045 = LINE('',#12046,#12047);
#12046 = CARTESIAN_POINT('',(70.,0.));
#12047 = VECTOR('',#12048,1.);
#12048 = DIRECTION('',(0.,1.));
#12049 = ( GEOMETRIC_REPRESENTATION_CONTEXT(2) 
PARAMETRIC_REPRESENTATION_CONTEXT() REPRESENTATION_CONTEXT('2D SPACE',''
  ) );
#12050 = PCURVE('',#11853,#12051);
#12051 = DEFINITIONAL_REPRESENTATION('',(#12052),#12056);
#12052 = LINE('',#12053,#12054);
#12053 = CARTESIAN_POINT('',(0.,410.));
#12054 = VECTOR('',#12055,1.);
#12055 = DIRECTION('',(1.,0.));
#12056 = ( GEOMETRIC_REPRESENTATION_CONTEXT(2) 
PARAMETRIC_REPRESENTATION_CONTEXT() REPRESENTATION_CONTEXT('2D SPACE',''
  ) );
#12057 = ORIENTED_EDGE('',*,*,#11921,.F.);
#12058 = ADVANCED_FACE('',(#12059),#11799,.F.);
#12059 = FACE_BOUND('',#12060,.F.);
#12060 = EDGE_LOOP('',(#12061,#12062,#12063,#12064));
#12061 = ORIENTED_EDGE('',*,*,#11783,.F.);
#12062 = ORIENTED_EDGE('',*,*,#11968,.T.);
#12063 = ORIENTED_EDGE('',*,*,#11898,.T.);
#12064 = ORIENTED_EDGE('',*,*,#12015,.F.);
#12065 = ADVANCED_FACE('',(#12066),#11853,.T.);
#12066 = FACE_BOUND('',#12067,.T.);
#12067 = EDGE_LOOP('',(#12068,#12069,#12070,#12071));
#12068 = ORIENTED_EDGE('',*,*,#11839,.F.);
#12069 = ORIENTED_EDGE('',*,*,#11990,.T.);
#12070 = ORIENTED_EDGE('',*,*,#11944,.T.);
#12071 = ORIENTED_EDGE('',*,*,#12037,.F.);
#12072 = ( GEOMETRIC_REPRESENTATION_CONTEXT(3) 
GLOBAL_UNCERTAINTY_ASSIGNED_CONTEXT((#12076)) 
GLOBAL_UNIT_ASSIGNED_CONTEXT((#12073,#12074,#12075)) 
REPRESENTATION_CONTEXT('Context #1',
  '3D Context with UNIT and UNCERTAINTY') );
#12073 = ( LENGTH_UNIT() NAMED_UNIT(*) SI_UNIT(.MILLI.,.METRE.) );
#12074 = ( NAMED_UNIT(*) PLANE_ANGLE_UNIT() SI_UNIT($,.RADIAN.) );
#12075 = ( NAMED_UNIT(*) SI_UNIT($,.STERADIAN.) SOLID_ANGLE_UNIT() );
#12076 = UNCERTAINTY_MEASURE_WITH_UNIT(LENGTH_MEASURE(1.E-07),#12073,
  'distance_accuracy_value','confusion accuracy');
#12077 = CONTEXT_DEPENDENT_SHAPE_REPRESENTATION(#12078,#12080);
#12078 = ( REPRESENTATION_RELATIONSHIP('','',#11741,#10) 
REPRESENTATION_RELATIONSHIP_WITH_TRANSFORMATION(#12079) 
SHAPE_REPRESENTATION_RELATIONSHIP() );
#12079 = ITEM_DEFINED_TRANSFORMATION('','',#11,#147);
#12080 = PRODUCT_DEFINITION_SHAPE('Placement','Placement of an item',
  #12081);
#12081 = NEXT_ASSEMBLY_USAGE_OCCURRENCE('34','=>[0:1:1:35]','',#5,#11736
  ,$);
#12082 = PRODUCT_RELATED_PRODUCT_CATEGORY('part',$,(#11738));
#12083 = SHAPE_DEFINITION_REPRESENTATION(#12084,#12090);
#12084 = PRODUCT_DEFINITION_SHAPE('','',#12085);
#12085 = PRODUCT_DEFINITION('design','',#12086,#12089);
#12086 = PRODUCT_DEFINITION_FORMATION('','',#12087);
#12087 = PRODUCT('COMPOUND','COMPOUND','',(#12088));
#12088 = PRODUCT_CONTEXT('',#2,'mechanical');
#12089 = PRODUCT_DEFINITION_CONTEXT('part definition',#2,'design');
#12090 = ADVANCED_BREP_SHAPE_REPRESENTATION('',(#11,#12091),#12421);
#12091 = MANIFOLD_SOLID_BREP('',#12092);
#12092 = CLOSED_SHELL('',(#12093,#12213,#12313,#12360,#12407,#12414));
#12093 = ADVANCED_FACE('',(#12094),#12108,.F.);
#12094 = FACE_BOUND('',#12095,.F.);
#12095 = EDGE_LOOP('',(#12096,#12131,#12159,#12187));
#12096 = ORIENTED_EDGE('',*,*,#12097,.F.);
#12097 = EDGE_CURVE('',#12098,#12100,#12102,.T.);
#12098 = VERTEX_POINT('',#12099);
#12099 = CARTESIAN_POINT('',(-55.,-205.,-35.));
#12100 = VERTEX_POINT('',#12101);
#12101 = CARTESIAN_POINT('',(-55.,-205.,35.));
#12102 = SURFACE_CURVE('',#12103,(#12107,#12119),.PCURVE_S1.);
#12103 = LINE('',#12104,#12105);
#12104 = CARTESIAN_POINT('',(-55.,-205.,-35.));
#12105 = VECTOR('',#12106,1.);
#12106 = DIRECTION('',(0.,0.,1.));
#12107 = PCURVE('',#12108,#12113);
#12108 = PLANE('',#12109);
#12109 = AXIS2_PLACEMENT_3D('',#12110,#12111,#12112);
#12110 = CARTESIAN_POINT('',(-55.,-205.,-35.));
#12111 = DIRECTION('',(1.,0.,-0.));
#12112 = DIRECTION('',(0.,0.,1.));
#12113 = DEFINITIONAL_REPRESENTATION('',(#12114),#12118);
#12114 = LINE('',#12115,#12116);
#12115 = CARTESIAN_POINT('',(0.,0.));
#12116 = VECTOR('',#12117,1.);
#12117 = DIRECTION('',(1.,0.));
#12118 = ( GEOMETRIC_REPRESENTATION_CONTEXT(2) 
PARAMETRIC_REPRESENTATION_CONTEXT() REPRESENTATION_CONTEXT('2D SPACE',''
  ) );
#12119 = PCURVE('',#12120,#12125);
#12120 = PLANE('',#12121);
#12121 = AXIS2_PLACEMENT_3D('',#12122,#12123,#12124);
#12122 = CARTESIAN_POINT('',(-55.,-205.,-35.));
#12123 = DIRECTION('',(-0.,1.,0.));
#12124 = DIRECTION('',(0.,0.,1.));
#12125 = DEFINITIONAL_REPRESENTATION('',(#12126),#12130);
#12126 = LINE('',#12127,#12128);
#12127 = CARTESIAN_POINT('',(0.,0.));
#12128 = VECTOR('',#12129,1.);
#12129 = DIRECTION('',(1.,0.));
#12130 = ( GEOMETRIC_REPRESENTATION_CONTEXT(2) 
PARAMETRIC_REPRESENTATION_CONTEXT() REPRESENTATION_CONTEXT('2D SPACE',''
  ) );
#12131 = ORIENTED_EDGE('',*,*,#12132,.T.);
#12132 = EDGE_CURVE('',#12098,#12133,#12135,.T.);
#12133 = VERTEX_POINT('',#12134);
#12134 = CARTESIAN_POINT('',(-55.,205.,-35.));
#12135 = SURFACE_CURVE('',#12136,(#12140,#12147),.PCURVE_S1.);
#12136 = LINE('',#12137,#12138);
#12137 = CARTESIAN_POINT('',(-55.,-205.,-35.));
#12138 = VECTOR('',#12139,1.);
#12139 = DIRECTION('',(-0.,1.,0.));
#12140 = PCURVE('',#12108,#12141);
#12141 = DEFINITIONAL_REPRESENTATION('',(#12142),#12146);
#12142 = LINE('',#12143,#12144);
#12143 = CARTESIAN_POINT('',(0.,0.));
#12144 = VECTOR('',#12145,1.);
#12145 = DIRECTION('',(0.,-1.));
#12146 = ( GEOMETRIC_REPRESENTATION_CONTEXT(2) 
PARAMETRIC_REPRESENTATION_CONTEXT() REPRESENTATION_CONTEXT('2D SPACE',''
  ) );
#12147 = PCURVE('',#12148,#12153);
#12148 = PLANE('',#12149);
#12149 = AXIS2_PLACEMENT_3D('',#12150,#12151,#12152);
#12150 = CARTESIAN_POINT('',(-55.,-205.,-35.));
#12151 = DIRECTION('',(0.,0.,1.));
#12152 = DIRECTION('',(1.,0.,-0.));
#12153 = DEFINITIONAL_REPRESENTATION('',(#12154),#12158);
#12154 = LINE('',#12155,#12156);
#12155 = CARTESIAN_POINT('',(0.,0.));
#12156 = VECTOR('',#12157,1.);
#12157 = DIRECTION('',(0.,1.));
#12158 = ( GEOMETRIC_REPRESENTATION_CONTEXT(2) 
PARAMETRIC_REPRESENTATION_CONTEXT() REPRESENTATION_CONTEXT('2D SPACE',''
  ) );
#12159 = ORIENTED_EDGE('',*,*,#12160,.T.);
#12160 = EDGE_CURVE('',#12133,#12161,#12163,.T.);
#12161 = VERTEX_POINT('',#12162);
#12162 = CARTESIAN_POINT('',(-55.,205.,35.));
#12163 = SURFACE_CURVE('',#12164,(#12168,#12175),.PCURVE_S1.);
#12164 = LINE('',#12165,#12166);
#12165 = CARTESIAN_POINT('',(-55.,205.,-35.));
#12166 = VECTOR('',#12167,1.);
#12167 = DIRECTION('',(0.,0.,1.));
#12168 = PCURVE('',#12108,#12169);
#12169 = DEFINITIONAL_REPRESENTATION('',(#12170),#12174);
#12170 = LINE('',#12171,#12172);
#12171 = CARTESIAN_POINT('',(0.,-410.));
#12172 = VECTOR('',#12173,1.);
#12173 = DIRECTION('',(1.,0.));
#12174 = ( GEOMETRIC_REPRESENTATION_CONTEXT(2) 
PARAMETRIC_REPRESENTATION_CONTEXT() REPRESENTATION_CONTEXT('2D SPACE',''
  ) );
#12175 = PCURVE('',#12176,#12181);
#12176 = PLANE('',#12177);
#12177 = AXIS2_PLACEMENT_3D('',#12178,#12179,#12180);
#12178 = CARTESIAN_POINT('',(-55.,205.,-35.));
#12179 = DIRECTION('',(-0.,1.,0.));
#12180 = DIRECTION('',(0.,0.,1.));
#12181 = DEFINITIONAL_REPRESENTATION('',(#12182),#12186);
#12182 = LINE('',#12183,#12184);
#12183 = CARTESIAN_POINT('',(0.,0.));
#12184 = VECTOR('',#12185,1.);
#12185 = DIRECTION('',(1.,0.));
#12186 = ( GEOMETRIC_REPRESENTATION_CONTEXT(2) 
PARAMETRIC_REPRESENTATION_CONTEXT() REPRESENTATION_CONTEXT('2D SPACE',''
  ) );
#12187 = ORIENTED_EDGE('',*,*,#12188,.F.);
#12188 = EDGE_CURVE('',#12100,#12161,#12189,.T.);
#12189 = SURFACE_CURVE('',#12190,(#12194,#12201),.PCURVE_S1.);
#12190 = LINE('',#12191,#12192);
#12191 = CARTESIAN_POINT('',(-55.,-205.,35.));
#12192 = VECTOR('',#12193,1.);
#12193 = DIRECTION('',(-0.,1.,0.));
#12194 = PCURVE('',#12108,#12195);
#12195 = DEFINITIONAL_REPRESENTATION('',(#12196),#12200);
#12196 = LINE('',#12197,#12198);
#12197 = CARTESIAN_POINT('',(70.,0.));
#12198 = VECTOR('',#12199,1.);
#12199 = DIRECTION('',(0.,-1.));
#12200 = ( GEOMETRIC_REPRESENTATION_CONTEXT(2) 
PARAMETRIC_REPRESENTATION_CONTEXT() REPRESENTATION_CONTEXT('2D SPACE',''
  ) );
#12201 = PCURVE('',#12202,#12207);
#12202 = PLANE('',#12203);
#12203 = AXIS2_PLACEMENT_3D('',#12204,#12205,#12206);
#12204 = CARTESIAN_POINT('',(-55.,-205.,35.));
#12205 = DIRECTION('',(0.,0.,1.));
#12206 = DIRECTION('',(1.,0.,-0.));
#12207 = DEFINITIONAL_REPRESENTATION('',(#12208),#12212);
#12208 = LINE('',#12209,#12210);
#12209 = CARTESIAN_POINT('',(0.,0.));
#12210 = VECTOR('',#12211,1.);
#12211 = DIRECTION('',(0.,1.));
#12212 = ( GEOMETRIC_REPRESENTATION_CONTEXT(2) 
PARAMETRIC_REPRESENTATION_CONTEXT() REPRESENTATION_CONTEXT('2D SPACE',''
  ) );
#12213 = ADVANCED_FACE('',(#12214),#12228,.T.);
#12214 = FACE_BOUND('',#12215,.T.);
#12215 = EDGE_LOOP('',(#12216,#12246,#12269,#12292));
#12216 = ORIENTED_EDGE('',*,*,#12217,.F.);
#12217 = EDGE_CURVE('',#12218,#12220,#12222,.T.);
#12218 = VERTEX_POINT('',#12219);
#12219 = CARTESIAN_POINT('',(55.,-205.,-35.));
#12220 = VERTEX_POINT('',#12221);
#12221 = CARTESIAN_POINT('',(55.,-205.,35.));
#12222 = SURFACE_CURVE('',#12223,(#12227,#12239),.PCURVE_S1.);
#12223 = LINE('',#12224,#12225);
#12224 = CARTESIAN_POINT('',(55.,-205.,-35.));
#12225 = VECTOR('',#12226,1.);
#12226 = DIRECTION('',(0.,0.,1.));
#12227 = PCURVE('',#12228,#12233);
#12228 = PLANE('',#12229);
#12229 = AXIS2_PLACEMENT_3D('',#12230,#12231,#12232);
#12230 = CARTESIAN_POINT('',(55.,-205.,-35.));
#12231 = DIRECTION('',(1.,0.,-0.));
#12232 = DIRECTION('',(0.,0.,1.));
#12233 = DEFINITIONAL_REPRESENTATION('',(#12234),#12238);
#12234 = LINE('',#12235,#12236);
#12235 = CARTESIAN_POINT('',(0.,0.));
#12236 = VECTOR('',#12237,1.);
#12237 = DIRECTION('',(1.,0.));
#12238 = ( GEOMETRIC_REPRESENTATION_CONTEXT(2) 
PARAMETRIC_REPRESENTATION_CONTEXT() REPRESENTATION_CONTEXT('2D SPACE',''
  ) );
#12239 = PCURVE('',#12120,#12240);
#12240 = DEFINITIONAL_REPRESENTATION('',(#12241),#12245);
#12241 = LINE('',#12242,#12243);
#12242 = CARTESIAN_POINT('',(0.,110.));
#12243 = VECTOR('',#12244,1.);
#12244 = DIRECTION('',(1.,0.));
#12245 = ( GEOMETRIC_REPRESENTATION_CONTEXT(2) 
PARAMETRIC_REPRESENTATION_CONTEXT() REPRESENTATION_CONTEXT('2D SPACE',''
  ) );
#12246 = ORIENTED_EDGE('',*,*,#12247,.T.);
#12247 = EDGE_CURVE('',#12218,#12248,#12250,.T.);
#12248 = VERTEX_POINT('',#12249);
#12249 = CARTESIAN_POINT('',(55.,205.,-35.));
#12250 = SURFACE_CURVE('',#12251,(#12255,#12262),.PCURVE_S1.);
#12251 = LINE('',#12252,#12253);
#12252 = CARTESIAN_POINT('',(55.,-205.,-35.));
#12253 = VECTOR('',#12254,1.);
#12254 = DIRECTION('',(-0.,1.,0.));
#12255 = PCURVE('',#12228,#12256);
#12256 = DEFINITIONAL_REPRESENTATION('',(#12257),#12261);
#12257 = LINE('',#12258,#12259);
#12258 = CARTESIAN_POINT('',(0.,0.));
#12259 = VECTOR('',#12260,1.);
#12260 = DIRECTION('',(0.,-1.));
#12261 = ( GEOMETRIC_REPRESENTATION_CONTEXT(2) 
PARAMETRIC_REPRESENTATION_CONTEXT() REPRESENTATION_CONTEXT('2D SPACE',''
  ) );
#12262 = PCURVE('',#12148,#12263);
#12263 = DEFINITIONAL_REPRESENTATION('',(#12264),#12268);
#12264 = LINE('',#12265,#12266);
#12265 = CARTESIAN_POINT('',(110.,0.));
#12266 = VECTOR('',#12267,1.);
#12267 = DIRECTION('',(0.,1.));
#12268 = ( GEOMETRIC_REPRESENTATION_CONTEXT(2) 
PARAMETRIC_REPRESENTATION_CONTEXT() REPRESENTATION_CONTEXT('2D SPACE',''
  ) );
#12269 = ORIENTED_EDGE('',*,*,#12270,.T.);
#12270 = EDGE_CURVE('',#12248,#12271,#12273,.T.);
#12271 = VERTEX_POINT('',#12272);
#12272 = CARTESIAN_POINT('',(55.,205.,35.));
#12273 = SURFACE_CURVE('',#12274,(#12278,#12285),.PCURVE_S1.);
#12274 = LINE('',#12275,#12276);
#12275 = CARTESIAN_POINT('',(55.,205.,-35.));
#12276 = VECTOR('',#12277,1.);
#12277 = DIRECTION('',(0.,0.,1.));
#12278 = PCURVE('',#12228,#12279);
#12279 = DEFINITIONAL_REPRESENTATION('',(#12280),#12284);
#12280 = LINE('',#12281,#12282);
#12281 = CARTESIAN_POINT('',(0.,-410.));
#12282 = VECTOR('',#12283,1.);
#12283 = DIRECTION('',(1.,0.));
#12284 = ( GEOMETRIC_REPRESENTATION_CONTEXT(2) 
PARAMETRIC_REPRESENTATION_CONTEXT() REPRESENTATION_CONTEXT('2D SPACE',''
  ) );
#12285 = PCURVE('',#12176,#12286);
#12286 = DEFINITIONAL_REPRESENTATION('',(#12287),#12291);
#12287 = LINE('',#12288,#12289);
#12288 = CARTESIAN_POINT('',(0.,110.));
#12289 = VECTOR('',#12290,1.);
#12290 = DIRECTION('',(1.,0.));
#12291 = ( GEOMETRIC_REPRESENTATION_CONTEXT(2) 
PARAMETRIC_REPRESENTATION_CONTEXT() REPRESENTATION_CONTEXT('2D SPACE',''
  ) );
#12292 = ORIENTED_EDGE('',*,*,#12293,.F.);
#12293 = EDGE_CURVE('',#12220,#12271,#12294,.T.);
#12294 = SURFACE_CURVE('',#12295,(#12299,#12306),.PCURVE_S1.);
#12295 = LINE('',#12296,#12297);
#12296 = CARTESIAN_POINT('',(55.,-205.,35.));
#12297 = VECTOR('',#12298,1.);
#12298 = DIRECTION('',(-0.,1.,0.));
#12299 = PCURVE('',#12228,#12300);
#12300 = DEFINITIONAL_REPRESENTATION('',(#12301),#12305);
#12301 = LINE('',#12302,#12303);
#12302 = CARTESIAN_POINT('',(70.,0.));
#12303 = VECTOR('',#12304,1.);
#12304 = DIRECTION('',(0.,-1.));
#12305 = ( GEOMETRIC_REPRESENTATION_CONTEXT(2) 
PARAMETRIC_REPRESENTATION_CONTEXT() REPRESENTATION_CONTEXT('2D SPACE',''
  ) );
#12306 = PCURVE('',#12202,#12307);
#12307 = DEFINITIONAL_REPRESENTATION('',(#12308),#12312);
#12308 = LINE('',#12309,#12310);
#12309 = CARTESIAN_POINT('',(110.,0.));
#12310 = VECTOR('',#12311,1.);
#12311 = DIRECTION('',(0.,1.));
#12312 = ( GEOMETRIC_REPRESENTATION_CONTEXT(2) 
PARAMETRIC_REPRESENTATION_CONTEXT() REPRESENTATION_CONTEXT('2D SPACE',''
  ) );
#12313 = ADVANCED_FACE('',(#12314),#12120,.F.);
#12314 = FACE_BOUND('',#12315,.F.);
#12315 = EDGE_LOOP('',(#12316,#12337,#12338,#12359));
#12316 = ORIENTED_EDGE('',*,*,#12317,.F.);
#12317 = EDGE_CURVE('',#12098,#12218,#12318,.T.);
#12318 = SURFACE_CURVE('',#12319,(#12323,#12330),.PCURVE_S1.);
#12319 = LINE('',#12320,#12321);
#12320 = CARTESIAN_POINT('',(-55.,-205.,-35.));
#12321 = VECTOR('',#12322,1.);
#12322 = DIRECTION('',(1.,0.,-0.));
#12323 = PCURVE('',#12120,#12324);
#12324 = DEFINITIONAL_REPRESENTATION('',(#12325),#12329);
#12325 = LINE('',#12326,#12327);
#12326 = CARTESIAN_POINT('',(0.,0.));
#12327 = VECTOR('',#12328,1.);
#12328 = DIRECTION('',(0.,1.));
#12329 = ( GEOMETRIC_REPRESENTATION_CONTEXT(2) 
PARAMETRIC_REPRESENTATION_CONTEXT() REPRESENTATION_CONTEXT('2D SPACE',''
  ) );
#12330 = PCURVE('',#12148,#12331);
#12331 = DEFINITIONAL_REPRESENTATION('',(#12332),#12336);
#12332 = LINE('',#12333,#12334);
#12333 = CARTESIAN_POINT('',(0.,0.));
#12334 = VECTOR('',#12335,1.);
#12335 = DIRECTION('',(1.,0.));
#12336 = ( GEOMETRIC_REPRESENTATION_CONTEXT(2) 
PARAMETRIC_REPRESENTATION_CONTEXT() REPRESENTATION_CONTEXT('2D SPACE',''
  ) );
#12337 = ORIENTED_EDGE('',*,*,#12097,.T.);
#12338 = ORIENTED_EDGE('',*,*,#12339,.T.);
#12339 = EDGE_CURVE('',#12100,#12220,#12340,.T.);
#12340 = SURFACE_CURVE('',#12341,(#12345,#12352),.PCURVE_S1.);
#12341 = LINE('',#12342,#12343);
#12342 = CARTESIAN_POINT('',(-55.,-205.,35.));
#12343 = VECTOR('',#12344,1.);
#12344 = DIRECTION('',(1.,0.,-0.));
#12345 = PCURVE('',#12120,#12346);
#12346 = DEFINITIONAL_REPRESENTATION('',(#12347),#12351);
#12347 = LINE('',#12348,#12349);
#12348 = CARTESIAN_POINT('',(70.,0.));
#12349 = VECTOR('',#12350,1.);
#12350 = DIRECTION('',(0.,1.));
#12351 = ( GEOMETRIC_REPRESENTATION_CONTEXT(2) 
PARAMETRIC_REPRESENTATION_CONTEXT() REPRESENTATION_CONTEXT('2D SPACE',''
  ) );
#12352 = PCURVE('',#12202,#12353);
#12353 = DEFINITIONAL_REPRESENTATION('',(#12354),#12358);
#12354 = LINE('',#12355,#12356);
#12355 = CARTESIAN_POINT('',(0.,0.));
#12356 = VECTOR('',#12357,1.);
#12357 = DIRECTION('',(1.,0.));
#12358 = ( GEOMETRIC_REPRESENTATION_CONTEXT(2) 
PARAMETRIC_REPRESENTATION_CONTEXT() REPRESENTATION_CONTEXT('2D SPACE',''
  ) );
#12359 = ORIENTED_EDGE('',*,*,#12217,.F.);
#12360 = ADVANCED_FACE('',(#12361),#12176,.T.);
#12361 = FACE_BOUND('',#12362,.T.);
#12362 = EDGE_LOOP('',(#12363,#12384,#12385,#12406));
#12363 = ORIENTED_EDGE('',*,*,#12364,.F.);
#12364 = EDGE_CURVE('',#12133,#12248,#12365,.T.);
#12365 = SURFACE_CURVE('',#12366,(#12370,#12377),.PCURVE_S1.);
#12366 = LINE('',#12367,#12368);
#12367 = CARTESIAN_POINT('',(-55.,205.,-35.));
#12368 = VECTOR('',#12369,1.);
#12369 = DIRECTION('',(1.,0.,-0.));
#12370 = PCURVE('',#12176,#12371);
#12371 = DEFINITIONAL_REPRESENTATION('',(#12372),#12376);
#12372 = LINE('',#12373,#12374);
#12373 = CARTESIAN_POINT('',(0.,0.));
#12374 = VECTOR('',#12375,1.);
#12375 = DIRECTION('',(0.,1.));
#12376 = ( GEOMETRIC_REPRESENTATION_CONTEXT(2) 
PARAMETRIC_REPRESENTATION_CONTEXT() REPRESENTATION_CONTEXT('2D SPACE',''
  ) );
#12377 = PCURVE('',#12148,#12378);
#12378 = DEFINITIONAL_REPRESENTATION('',(#12379),#12383);
#12379 = LINE('',#12380,#12381);
#12380 = CARTESIAN_POINT('',(0.,410.));
#12381 = VECTOR('',#12382,1.);
#12382 = DIRECTION('',(1.,0.));
#12383 = ( GEOMETRIC_REPRESENTATION_CONTEXT(2) 
PARAMETRIC_REPRESENTATION_CONTEXT() REPRESENTATION_CONTEXT('2D SPACE',''
  ) );
#12384 = ORIENTED_EDGE('',*,*,#12160,.T.);
#12385 = ORIENTED_EDGE('',*,*,#12386,.T.);
#12386 = EDGE_CURVE('',#12161,#12271,#12387,.T.);
#12387 = SURFACE_CURVE('',#12388,(#12392,#12399),.PCURVE_S1.);
#12388 = LINE('',#12389,#12390);
#12389 = CARTESIAN_POINT('',(-55.,205.,35.));
#12390 = VECTOR('',#12391,1.);
#12391 = DIRECTION('',(1.,0.,-0.));
#12392 = PCURVE('',#12176,#12393);
#12393 = DEFINITIONAL_REPRESENTATION('',(#12394),#12398);
#12394 = LINE('',#12395,#12396);
#12395 = CARTESIAN_POINT('',(70.,0.));
#12396 = VECTOR('',#12397,1.);
#12397 = DIRECTION('',(0.,1.));
#12398 = ( GEOMETRIC_REPRESENTATION_CONTEXT(2) 
PARAMETRIC_REPRESENTATION_CONTEXT() REPRESENTATION_CONTEXT('2D SPACE',''
  ) );
#12399 = PCURVE('',#12202,#12400);
#12400 = DEFINITIONAL_REPRESENTATION('',(#12401),#12405);
#12401 = LINE('',#12402,#12403);
#12402 = CARTESIAN_POINT('',(0.,410.));
#12403 = VECTOR('',#12404,1.);
#12404 = DIRECTION('',(1.,0.));
#12405 = ( GEOMETRIC_REPRESENTATION_CONTEXT(2) 
PARAMETRIC_REPRESENTATION_CONTEXT() REPRESENTATION_CONTEXT('2D SPACE',''
  ) );
#12406 = ORIENTED_EDGE('',*,*,#12270,.F.);
#12407 = ADVANCED_FACE('',(#12408),#12148,.F.);
#12408 = FACE_BOUND('',#12409,.F.);
#12409 = EDGE_LOOP('',(#12410,#12411,#12412,#12413));
#12410 = ORIENTED_EDGE('',*,*,#12132,.F.);
#12411 = ORIENTED_EDGE('',*,*,#12317,.T.);
#12412 = ORIENTED_EDGE('',*,*,#12247,.T.);
#12413 = ORIENTED_EDGE('',*,*,#12364,.F.);
#12414 = ADVANCED_FACE('',(#12415),#12202,.T.);
#12415 = FACE_BOUND('',#12416,.T.);
#12416 = EDGE_LOOP('',(#12417,#12418,#12419,#12420));
#12417 = ORIENTED_EDGE('',*,*,#12188,.F.);
#12418 = ORIENTED_EDGE('',*,*,#12339,.T.);
#12419 = ORIENTED_EDGE('',*,*,#12293,.T.);
#12420 = ORIENTED_EDGE('',*,*,#12386,.F.);
#12421 = ( GEOMETRIC_REPRESENTATION_CONTEXT(3) 
GLOBAL_UNCERTAINTY_ASSIGNED_CONTEXT((#12425)) 
GLOBAL_UNIT_ASSIGNED_CONTEXT((#12422,#12423,#12424)) 
REPRESENTATION_CONTEXT('Context #1',
  '3D Context with UNIT and UNCERTAINTY') );
#12422 = ( LENGTH_UNIT() NAMED_UNIT(*) SI_UNIT(.MILLI.,.METRE.) );
#12423 = ( NAMED_UNIT(*) PLANE_ANGLE_UNIT() SI_UNIT($,.RADIAN.) );
#12424 = ( NAMED_UNIT(*) SI_UNIT($,.STERADIAN.) SOLID_ANGLE_UNIT() );
#12425 = UNCERTAINTY_MEASURE_WITH_UNIT(LENGTH_MEASURE(1.E-07),#12422,
  'distance_accuracy_value','confusion accuracy');
#12426 = CONTEXT_DEPENDENT_SHAPE_REPRESENTATION(#12427,#12429);
#12427 = ( REPRESENTATION_RELATIONSHIP('','',#12090,#10) 
REPRESENTATION_RELATIONSHIP_WITH_TRANSFORMATION(#12428) 
SHAPE_REPRESENTATION_RELATIONSHIP() );
#12428 = ITEM_DEFINED_TRANSFORMATION('','',#11,#151);
#12429 = PRODUCT_DEFINITION_SHAPE('Placement','Placement of an item',
  #12430);
#12430 = NEXT_ASSEMBLY_USAGE_OCCURRENCE('35','=>[0:1:1:36]','',#5,#12085
  ,$);
#12431 = PRODUCT_RELATED_PRODUCT_CATEGORY('part',$,(#12087));
#12432 = SHAPE_DEFINITION_REPRESENTATION(#12433,#12439);
#12433 = PRODUCT_DEFINITION_SHAPE('','',#12434);
#12434 = PRODUCT_DEFINITION('design','',#12435,#12438);
#12435 = PRODUCT_DEFINITION_FORMATION('','',#12436);
#12436 = PRODUCT('COMPOUND','COMPOUND','',(#12437));
#12437 = PRODUCT_CONTEXT('',#2,'mechanical');
#12438 = PRODUCT_DEFINITION_CONTEXT('part definition',#2,'design');
#12439 = ADVANCED_BREP_SHAPE_REPRESENTATION('',(#11,#12440),#12770);
#12440 = MANIFOLD_SOLID_BREP('',#12441);
#12441 = CLOSED_SHELL('',(#12442,#12562,#12662,#12709,#12756,#12763));
#12442 = ADVANCED_FACE('',(#12443),#12457,.F.);
#12443 = FACE_BOUND('',#12444,.F.);
#12444 = EDGE_LOOP('',(#12445,#12480,#12508,#12536));
#12445 = ORIENTED_EDGE('',*,*,#12446,.F.);
#12446 = EDGE_CURVE('',#12447,#12449,#12451,.T.);
#12447 = VERTEX_POINT('',#12448);
#12448 = CARTESIAN_POINT('',(-50.,-150.,-170.));
#12449 = VERTEX_POINT('',#12450);
#12450 = CARTESIAN_POINT('',(-50.,-150.,170.));
#12451 = SURFACE_CURVE('',#12452,(#12456,#12468),.PCURVE_S1.);
#12452 = LINE('',#12453,#12454);
#12453 = CARTESIAN_POINT('',(-50.,-150.,-170.));
#12454 = VECTOR('',#12455,1.);
#12455 = DIRECTION('',(0.,0.,1.));
#12456 = PCURVE('',#12457,#12462);
#12457 = PLANE('',#12458);
#12458 = AXIS2_PLACEMENT_3D('',#12459,#12460,#12461);
#12459 = CARTESIAN_POINT('',(-50.,-150.,-170.));
#12460 = DIRECTION('',(1.,0.,-0.));
#12461 = DIRECTION('',(0.,0.,1.));
#12462 = DEFINITIONAL_REPRESENTATION('',(#12463),#12467);
#12463 = LINE('',#12464,#12465);
#12464 = CARTESIAN_POINT('',(0.,0.));
#12465 = VECTOR('',#12466,1.);
#12466 = DIRECTION('',(1.,0.));
#12467 = ( GEOMETRIC_REPRESENTATION_CONTEXT(2) 
PARAMETRIC_REPRESENTATION_CONTEXT() REPRESENTATION_CONTEXT('2D SPACE',''
  ) );
#12468 = PCURVE('',#12469,#12474);
#12469 = PLANE('',#12470);
#12470 = AXIS2_PLACEMENT_3D('',#12471,#12472,#12473);
#12471 = CARTESIAN_POINT('',(-50.,-150.,-170.));
#12472 = DIRECTION('',(-0.,1.,0.));
#12473 = DIRECTION('',(0.,0.,1.));
#12474 = DEFINITIONAL_REPRESENTATION('',(#12475),#12479);
#12475 = LINE('',#12476,#12477);
#12476 = CARTESIAN_POINT('',(0.,0.));
#12477 = VECTOR('',#12478,1.);
#12478 = DIRECTION('',(1.,0.));
#12479 = ( GEOMETRIC_REPRESENTATION_CONTEXT(2) 
PARAMETRIC_REPRESENTATION_CONTEXT() REPRESENTATION_CONTEXT('2D SPACE',''
  ) );
#12480 = ORIENTED_EDGE('',*,*,#12481,.T.);
#12481 = EDGE_CURVE('',#12447,#12482,#12484,.T.);
#12482 = VERTEX_POINT('',#12483);
#12483 = CARTESIAN_POINT('',(-50.,150.,-170.));
#12484 = SURFACE_CURVE('',#12485,(#12489,#12496),.PCURVE_S1.);
#12485 = LINE('',#12486,#12487);
#12486 = CARTESIAN_POINT('',(-50.,-150.,-170.));
#12487 = VECTOR('',#12488,1.);
#12488 = DIRECTION('',(-0.,1.,0.));
#12489 = PCURVE('',#12457,#12490);
#12490 = DEFINITIONAL_REPRESENTATION('',(#12491),#12495);
#12491 = LINE('',#12492,#12493);
#12492 = CARTESIAN_POINT('',(0.,0.));
#12493 = VECTOR('',#12494,1.);
#12494 = DIRECTION('',(0.,-1.));
#12495 = ( GEOMETRIC_REPRESENTATION_CONTEXT(2) 
PARAMETRIC_REPRESENTATION_CONTEXT() REPRESENTATION_CONTEXT('2D SPACE',''
  ) );
#12496 = PCURVE('',#12497,#12502);
#12497 = PLANE('',#12498);
#12498 = AXIS2_PLACEMENT_3D('',#12499,#12500,#12501);
#12499 = CARTESIAN_POINT('',(-50.,-150.,-170.));
#12500 = DIRECTION('',(0.,0.,1.));
#12501 = DIRECTION('',(1.,0.,-0.));
#12502 = DEFINITIONAL_REPRESENTATION('',(#12503),#12507);
#12503 = LINE('',#12504,#12505);
#12504 = CARTESIAN_POINT('',(0.,0.));
#12505 = VECTOR('',#12506,1.);
#12506 = DIRECTION('',(0.,1.));
#12507 = ( GEOMETRIC_REPRESENTATION_CONTEXT(2) 
PARAMETRIC_REPRESENTATION_CONTEXT() REPRESENTATION_CONTEXT('2D SPACE',''
  ) );
#12508 = ORIENTED_EDGE('',*,*,#12509,.T.);
#12509 = EDGE_CURVE('',#12482,#12510,#12512,.T.);
#12510 = VERTEX_POINT('',#12511);
#12511 = CARTESIAN_POINT('',(-50.,150.,170.));
#12512 = SURFACE_CURVE('',#12513,(#12517,#12524),.PCURVE_S1.);
#12513 = LINE('',#12514,#12515);
#12514 = CARTESIAN_POINT('',(-50.,150.,-170.));
#12515 = VECTOR('',#12516,1.);
#12516 = DIRECTION('',(0.,0.,1.));
#12517 = PCURVE('',#12457,#12518);
#12518 = DEFINITIONAL_REPRESENTATION('',(#12519),#12523);
#12519 = LINE('',#12520,#12521);
#12520 = CARTESIAN_POINT('',(0.,-300.));
#12521 = VECTOR('',#12522,1.);
#12522 = DIRECTION('',(1.,0.));
#12523 = ( GEOMETRIC_REPRESENTATION_CONTEXT(2) 
PARAMETRIC_REPRESENTATION_CONTEXT() REPRESENTATION_CONTEXT('2D SPACE',''
  ) );
#12524 = PCURVE('',#12525,#12530);
#12525 = PLANE('',#12526);
#12526 = AXIS2_PLACEMENT_3D('',#12527,#12528,#12529);
#12527 = CARTESIAN_POINT('',(-50.,150.,-170.));
#12528 = DIRECTION('',(-0.,1.,0.));
#12529 = DIRECTION('',(0.,0.,1.));
#12530 = DEFINITIONAL_REPRESENTATION('',(#12531),#12535);
#12531 = LINE('',#12532,#12533);
#12532 = CARTESIAN_POINT('',(0.,0.));
#12533 = VECTOR('',#12534,1.);
#12534 = DIRECTION('',(1.,0.));
#12535 = ( GEOMETRIC_REPRESENTATION_CONTEXT(2) 
PARAMETRIC_REPRESENTATION_CONTEXT() REPRESENTATION_CONTEXT('2D SPACE',''
  ) );
#12536 = ORIENTED_EDGE('',*,*,#12537,.F.);
#12537 = EDGE_CURVE('',#12449,#12510,#12538,.T.);
#12538 = SURFACE_CURVE('',#12539,(#12543,#12550),.PCURVE_S1.);
#12539 = LINE('',#12540,#12541);
#12540 = CARTESIAN_POINT('',(-50.,-150.,170.));
#12541 = VECTOR('',#12542,1.);
#12542 = DIRECTION('',(-0.,1.,0.));
#12543 = PCURVE('',#12457,#12544);
#12544 = DEFINITIONAL_REPRESENTATION('',(#12545),#12549);
#12545 = LINE('',#12546,#12547);
#12546 = CARTESIAN_POINT('',(340.,0.));
#12547 = VECTOR('',#12548,1.);
#12548 = DIRECTION('',(0.,-1.));
#12549 = ( GEOMETRIC_REPRESENTATION_CONTEXT(2) 
PARAMETRIC_REPRESENTATION_CONTEXT() REPRESENTATION_CONTEXT('2D SPACE',''
  ) );
#12550 = PCURVE('',#12551,#12556);
#12551 = PLANE('',#12552);
#12552 = AXIS2_PLACEMENT_3D('',#12553,#12554,#12555);
#12553 = CARTESIAN_POINT('',(-50.,-150.,170.));
#12554 = DIRECTION('',(0.,0.,1.));
#12555 = DIRECTION('',(1.,0.,-0.));
#12556 = DEFINITIONAL_REPRESENTATION('',(#12557),#12561);
#12557 = LINE('',#12558,#12559);
#12558 = CARTESIAN_POINT('',(0.,0.));
#12559 = VECTOR('',#12560,1.);
#12560 = DIRECTION('',(0.,1.));
#12561 = ( GEOMETRIC_REPRESENTATION_CONTEXT(2) 
PARAMETRIC_REPRESENTATION_CONTEXT() REPRESENTATION_CONTEXT('2D SPACE',''
  ) );
#12562 = ADVANCED_FACE('',(#12563),#12577,.T.);
#12563 = FACE_BOUND('',#12564,.T.);
#12564 = EDGE_LOOP('',(#12565,#12595,#12618,#12641));
#12565 = ORIENTED_EDGE('',*,*,#12566,.F.);
#12566 = EDGE_CURVE('',#12567,#12569,#12571,.T.);
#12567 = VERTEX_POINT('',#12568);
#12568 = CARTESIAN_POINT('',(50.,-150.,-170.));
#12569 = VERTEX_POINT('',#12570);
#12570 = CARTESIAN_POINT('',(50.,-150.,170.));
#12571 = SURFACE_CURVE('',#12572,(#12576,#12588),.PCURVE_S1.);
#12572 = LINE('',#12573,#12574);
#12573 = CARTESIAN_POINT('',(50.,-150.,-170.));
#12574 = VECTOR('',#12575,1.);
#12575 = DIRECTION('',(0.,0.,1.));
#12576 = PCURVE('',#12577,#12582);
#12577 = PLANE('',#12578);
#12578 = AXIS2_PLACEMENT_3D('',#12579,#12580,#12581);
#12579 = CARTESIAN_POINT('',(50.,-150.,-170.));
#12580 = DIRECTION('',(1.,0.,-0.));
#12581 = DIRECTION('',(0.,0.,1.));
#12582 = DEFINITIONAL_REPRESENTATION('',(#12583),#12587);
#12583 = LINE('',#12584,#12585);
#12584 = CARTESIAN_POINT('',(0.,0.));
#12585 = VECTOR('',#12586,1.);
#12586 = DIRECTION('',(1.,0.));
#12587 = ( GEOMETRIC_REPRESENTATION_CONTEXT(2) 
PARAMETRIC_REPRESENTATION_CONTEXT() REPRESENTATION_CONTEXT('2D SPACE',''
  ) );
#12588 = PCURVE('',#12469,#12589);
#12589 = DEFINITIONAL_REPRESENTATION('',(#12590),#12594);
#12590 = LINE('',#12591,#12592);
#12591 = CARTESIAN_POINT('',(0.,100.));
#12592 = VECTOR('',#12593,1.);
#12593 = DIRECTION('',(1.,0.));
#12594 = ( GEOMETRIC_REPRESENTATION_CONTEXT(2) 
PARAMETRIC_REPRESENTATION_CONTEXT() REPRESENTATION_CONTEXT('2D SPACE',''
  ) );
#12595 = ORIENTED_EDGE('',*,*,#12596,.T.);
#12596 = EDGE_CURVE('',#12567,#12597,#12599,.T.);
#12597 = VERTEX_POINT('',#12598);
#12598 = CARTESIAN_POINT('',(50.,150.,-170.));
#12599 = SURFACE_CURVE('',#12600,(#12604,#12611),.PCURVE_S1.);
#12600 = LINE('',#12601,#12602);
#12601 = CARTESIAN_POINT('',(50.,-150.,-170.));
#12602 = VECTOR('',#12603,1.);
#12603 = DIRECTION('',(-0.,1.,0.));
#12604 = PCURVE('',#12577,#12605);
#12605 = DEFINITIONAL_REPRESENTATION('',(#12606),#12610);
#12606 = LINE('',#12607,#12608);
#12607 = CARTESIAN_POINT('',(0.,0.));
#12608 = VECTOR('',#12609,1.);
#12609 = DIRECTION('',(0.,-1.));
#12610 = ( GEOMETRIC_REPRESENTATION_CONTEXT(2) 
PARAMETRIC_REPRESENTATION_CONTEXT() REPRESENTATION_CONTEXT('2D SPACE',''
  ) );
#12611 = PCURVE('',#12497,#12612);
#12612 = DEFINITIONAL_REPRESENTATION('',(#12613),#12617);
#12613 = LINE('',#12614,#12615);
#12614 = CARTESIAN_POINT('',(100.,0.));
#12615 = VECTOR('',#12616,1.);
#12616 = DIRECTION('',(0.,1.));
#12617 = ( GEOMETRIC_REPRESENTATION_CONTEXT(2) 
PARAMETRIC_REPRESENTATION_CONTEXT() REPRESENTATION_CONTEXT('2D SPACE',''
  ) );
#12618 = ORIENTED_EDGE('',*,*,#12619,.T.);
#12619 = EDGE_CURVE('',#12597,#12620,#12622,.T.);
#12620 = VERTEX_POINT('',#12621);
#12621 = CARTESIAN_POINT('',(50.,150.,170.));
#12622 = SURFACE_CURVE('',#12623,(#12627,#12634),.PCURVE_S1.);
#12623 = LINE('',#12624,#12625);
#12624 = CARTESIAN_POINT('',(50.,150.,-170.));
#12625 = VECTOR('',#12626,1.);
#12626 = DIRECTION('',(0.,0.,1.));
#12627 = PCURVE('',#12577,#12628);
#12628 = DEFINITIONAL_REPRESENTATION('',(#12629),#12633);
#12629 = LINE('',#12630,#12631);
#12630 = CARTESIAN_POINT('',(0.,-300.));
#12631 = VECTOR('',#12632,1.);
#12632 = DIRECTION('',(1.,0.));
#12633 = ( GEOMETRIC_REPRESENTATION_CONTEXT(2) 
PARAMETRIC_REPRESENTATION_CONTEXT() REPRESENTATION_CONTEXT('2D SPACE',''
  ) );
#12634 = PCURVE('',#12525,#12635);
#12635 = DEFINITIONAL_REPRESENTATION('',(#12636),#12640);
#12636 = LINE('',#12637,#12638);
#12637 = CARTESIAN_POINT('',(0.,100.));
#12638 = VECTOR('',#12639,1.);
#12639 = DIRECTION('',(1.,0.));
#12640 = ( GEOMETRIC_REPRESENTATION_CONTEXT(2) 
PARAMETRIC_REPRESENTATION_CONTEXT() REPRESENTATION_CONTEXT('2D SPACE',''
  ) );
#12641 = ORIENTED_EDGE('',*,*,#12642,.F.);
#12642 = EDGE_CURVE('',#12569,#12620,#12643,.T.);
#12643 = SURFACE_CURVE('',#12644,(#12648,#12655),.PCURVE_S1.);
#12644 = LINE('',#12645,#12646);
#12645 = CARTESIAN_POINT('',(50.,-150.,170.));
#12646 = VECTOR('',#12647,1.);
#12647 = DIRECTION('',(-0.,1.,0.));
#12648 = PCURVE('',#12577,#12649);
#12649 = DEFINITIONAL_REPRESENTATION('',(#12650),#12654);
#12650 = LINE('',#12651,#12652);
#12651 = CARTESIAN_POINT('',(340.,0.));
#12652 = VECTOR('',#12653,1.);
#12653 = DIRECTION('',(0.,-1.));
#12654 = ( GEOMETRIC_REPRESENTATION_CONTEXT(2) 
PARAMETRIC_REPRESENTATION_CONTEXT() REPRESENTATION_CONTEXT('2D SPACE',''
  ) );
#12655 = PCURVE('',#12551,#12656);
#12656 = DEFINITIONAL_REPRESENTATION('',(#12657),#12661);
#12657 = LINE('',#12658,#12659);
#12658 = CARTESIAN_POINT('',(100.,0.));
#12659 = VECTOR('',#12660,1.);
#12660 = DIRECTION('',(0.,1.));
#12661 = ( GEOMETRIC_REPRESENTATION_CONTEXT(2) 
PARAMETRIC_REPRESENTATION_CONTEXT() REPRESENTATION_CONTEXT('2D SPACE',''
  ) );
#12662 = ADVANCED_FACE('',(#12663),#12469,.F.);
#12663 = FACE_BOUND('',#12664,.F.);
#12664 = EDGE_LOOP('',(#12665,#12686,#12687,#12708));
#12665 = ORIENTED_EDGE('',*,*,#12666,.F.);
#12666 = EDGE_CURVE('',#12447,#12567,#12667,.T.);
#12667 = SURFACE_CURVE('',#12668,(#12672,#12679),.PCURVE_S1.);
#12668 = LINE('',#12669,#12670);
#12669 = CARTESIAN_POINT('',(-50.,-150.,-170.));
#12670 = VECTOR('',#12671,1.);
#12671 = DIRECTION('',(1.,0.,-0.));
#12672 = PCURVE('',#12469,#12673);
#12673 = DEFINITIONAL_REPRESENTATION('',(#12674),#12678);
#12674 = LINE('',#12675,#12676);
#12675 = CARTESIAN_POINT('',(0.,0.));
#12676 = VECTOR('',#12677,1.);
#12677 = DIRECTION('',(0.,1.));
#12678 = ( GEOMETRIC_REPRESENTATION_CONTEXT(2) 
PARAMETRIC_REPRESENTATION_CONTEXT() REPRESENTATION_CONTEXT('2D SPACE',''
  ) );
#12679 = PCURVE('',#12497,#12680);
#12680 = DEFINITIONAL_REPRESENTATION('',(#12681),#12685);
#12681 = LINE('',#12682,#12683);
#12682 = CARTESIAN_POINT('',(0.,0.));
#12683 = VECTOR('',#12684,1.);
#12684 = DIRECTION('',(1.,0.));
#12685 = ( GEOMETRIC_REPRESENTATION_CONTEXT(2) 
PARAMETRIC_REPRESENTATION_CONTEXT() REPRESENTATION_CONTEXT('2D SPACE',''
  ) );
#12686 = ORIENTED_EDGE('',*,*,#12446,.T.);
#12687 = ORIENTED_EDGE('',*,*,#12688,.T.);
#12688 = EDGE_CURVE('',#12449,#12569,#12689,.T.);
#12689 = SURFACE_CURVE('',#12690,(#12694,#12701),.PCURVE_S1.);
#12690 = LINE('',#12691,#12692);
#12691 = CARTESIAN_POINT('',(-50.,-150.,170.));
#12692 = VECTOR('',#12693,1.);
#12693 = DIRECTION('',(1.,0.,-0.));
#12694 = PCURVE('',#12469,#12695);
#12695 = DEFINITIONAL_REPRESENTATION('',(#12696),#12700);
#12696 = LINE('',#12697,#12698);
#12697 = CARTESIAN_POINT('',(340.,0.));
#12698 = VECTOR('',#12699,1.);
#12699 = DIRECTION('',(0.,1.));
#12700 = ( GEOMETRIC_REPRESENTATION_CONTEXT(2) 
PARAMETRIC_REPRESENTATION_CONTEXT() REPRESENTATION_CONTEXT('2D SPACE',''
  ) );
#12701 = PCURVE('',#12551,#12702);
#12702 = DEFINITIONAL_REPRESENTATION('',(#12703),#12707);
#12703 = LINE('',#12704,#12705);
#12704 = CARTESIAN_POINT('',(0.,0.));
#12705 = VECTOR('',#12706,1.);
#12706 = DIRECTION('',(1.,0.));
#12707 = ( GEOMETRIC_REPRESENTATION_CONTEXT(2) 
PARAMETRIC_REPRESENTATION_CONTEXT() REPRESENTATION_CONTEXT('2D SPACE',''
  ) );
#12708 = ORIENTED_EDGE('',*,*,#12566,.F.);
#12709 = ADVANCED_FACE('',(#12710),#12525,.T.);
#12710 = FACE_BOUND('',#12711,.T.);
#12711 = EDGE_LOOP('',(#12712,#12733,#12734,#12755));
#12712 = ORIENTED_EDGE('',*,*,#12713,.F.);
#12713 = EDGE_CURVE('',#12482,#12597,#12714,.T.);
#12714 = SURFACE_CURVE('',#12715,(#12719,#12726),.PCURVE_S1.);
#12715 = LINE('',#12716,#12717);
#12716 = CARTESIAN_POINT('',(-50.,150.,-170.));
#12717 = VECTOR('',#12718,1.);
#12718 = DIRECTION('',(1.,0.,-0.));
#12719 = PCURVE('',#12525,#12720);
#12720 = DEFINITIONAL_REPRESENTATION('',(#12721),#12725);
#12721 = LINE('',#12722,#12723);
#12722 = CARTESIAN_POINT('',(0.,0.));
#12723 = VECTOR('',#12724,1.);
#12724 = DIRECTION('',(0.,1.));
#12725 = ( GEOMETRIC_REPRESENTATION_CONTEXT(2) 
PARAMETRIC_REPRESENTATION_CONTEXT() REPRESENTATION_CONTEXT('2D SPACE',''
  ) );
#12726 = PCURVE('',#12497,#12727);
#12727 = DEFINITIONAL_REPRESENTATION('',(#12728),#12732);
#12728 = LINE('',#12729,#12730);
#12729 = CARTESIAN_POINT('',(0.,300.));
#12730 = VECTOR('',#12731,1.);
#12731 = DIRECTION('',(1.,0.));
#12732 = ( GEOMETRIC_REPRESENTATION_CONTEXT(2) 
PARAMETRIC_REPRESENTATION_CONTEXT() REPRESENTATION_CONTEXT('2D SPACE',''
  ) );
#12733 = ORIENTED_EDGE('',*,*,#12509,.T.);
#12734 = ORIENTED_EDGE('',*,*,#12735,.T.);
#12735 = EDGE_CURVE('',#12510,#12620,#12736,.T.);
#12736 = SURFACE_CURVE('',#12737,(#12741,#12748),.PCURVE_S1.);
#12737 = LINE('',#12738,#12739);
#12738 = CARTESIAN_POINT('',(-50.,150.,170.));
#12739 = VECTOR('',#12740,1.);
#12740 = DIRECTION('',(1.,0.,-0.));
#12741 = PCURVE('',#12525,#12742);
#12742 = DEFINITIONAL_REPRESENTATION('',(#12743),#12747);
#12743 = LINE('',#12744,#12745);
#12744 = CARTESIAN_POINT('',(340.,0.));
#12745 = VECTOR('',#12746,1.);
#12746 = DIRECTION('',(0.,1.));
#12747 = ( GEOMETRIC_REPRESENTATION_CONTEXT(2) 
PARAMETRIC_REPRESENTATION_CONTEXT() REPRESENTATION_CONTEXT('2D SPACE',''
  ) );
#12748 = PCURVE('',#12551,#12749);
#12749 = DEFINITIONAL_REPRESENTATION('',(#12750),#12754);
#12750 = LINE('',#12751,#12752);
#12751 = CARTESIAN_POINT('',(0.,300.));
#12752 = VECTOR('',#12753,1.);
#12753 = DIRECTION('',(1.,0.));
#12754 = ( GEOMETRIC_REPRESENTATION_CONTEXT(2) 
PARAMETRIC_REPRESENTATION_CONTEXT() REPRESENTATION_CONTEXT('2D SPACE',''
  ) );
#12755 = ORIENTED_EDGE('',*,*,#12619,.F.);
#12756 = ADVANCED_FACE('',(#12757),#12497,.F.);
#12757 = FACE_BOUND('',#12758,.F.);
#12758 = EDGE_LOOP('',(#12759,#12760,#12761,#12762));
#12759 = ORIENTED_EDGE('',*,*,#12481,.F.);
#12760 = ORIENTED_EDGE('',*,*,#12666,.T.);
#12761 = ORIENTED_EDGE('',*,*,#12596,.T.);
#12762 = ORIENTED_EDGE('',*,*,#12713,.F.);
#12763 = ADVANCED_FACE('',(#12764),#12551,.T.);
#12764 = FACE_BOUND('',#12765,.T.);
#12765 = EDGE_LOOP('',(#12766,#12767,#12768,#12769));
#12766 = ORIENTED_EDGE('',*,*,#12537,.F.);
#12767 = ORIENTED_EDGE('',*,*,#12688,.T.);
#12768 = ORIENTED_EDGE('',*,*,#12642,.T.);
#12769 = ORIENTED_EDGE('',*,*,#12735,.F.);
#12770 = ( GEOMETRIC_REPRESENTATION_CONTEXT(3) 
GLOBAL_UNCERTAINTY_ASSIGNED_CONTEXT((#12774)) 
GLOBAL_UNIT_ASSIGNED_CONTEXT((#12771,#12772,#12773)) 
REPRESENTATION_CONTEXT('Context #1',
  '3D Context with UNIT and UNCERTAINTY') );
#12771 = ( LENGTH_UNIT() NAMED_UNIT(*) SI_UNIT(.MILLI.,.METRE.) );
#12772 = ( NAMED_UNIT(*) PLANE_ANGLE_UNIT() SI_UNIT($,.RADIAN.) );
#12773 = ( NAMED_UNIT(*) SI_UNIT($,.STERADIAN.) SOLID_ANGLE_UNIT() );
#12774 = UNCERTAINTY_MEASURE_WITH_UNIT(LENGTH_MEASURE(1.E-07),#12771,
  'distance_accuracy_value','confusion accuracy');
#12775 = CONTEXT_DEPENDENT_SHAPE_REPRESENTATION(#12776,#12778);
#12776 = ( REPRESENTATION_RELATIONSHIP('','',#12439,#10) 
REPRESENTATION_RELATIONSHIP_WITH_TRANSFORMATION(#12777) 
SHAPE_REPRESENTATION_RELATIONSHIP() );
#12777 = ITEM_DEFINED_TRANSFORMATION('','',#11,#155);
#12778 = PRODUCT_DEFINITION_SHAPE('Placement','Placement of an item',
  #12779);
#12779 = NEXT_ASSEMBLY_USAGE_OCCURRENCE('36','=>[0:1:1:37]','',#5,#12434
  ,$);
#12780 = PRODUCT_RELATED_PRODUCT_CATEGORY('part',$,(#12436));
#12781 = SHAPE_DEFINITION_REPRESENTATION(#12782,#12788);
#12782 = PRODUCT_DEFINITION_SHAPE('','',#12783);
#12783 = PRODUCT_DEFINITION('design','',#12784,#12787);
#12784 = PRODUCT_DEFINITION_FORMATION('','',#12785);
#12785 = PRODUCT('COMPOUND','COMPOUND','',(#12786));
#12786 = PRODUCT_CONTEXT('',#2,'mechanical');
#12787 = PRODUCT_DEFINITION_CONTEXT('part definition',#2,'design');
#12788 = ADVANCED_BREP_SHAPE_REPRESENTATION('',(#11,#12789),#13119);
#12789 = MANIFOLD_SOLID_BREP('',#12790);
#12790 = CLOSED_SHELL('',(#12791,#12911,#13011,#13058,#13105,#13112));
#12791 = ADVANCED_FACE('',(#12792),#12806,.F.);
#12792 = FACE_BOUND('',#12793,.F.);
#12793 = EDGE_LOOP('',(#12794,#12829,#12857,#12885));
#12794 = ORIENTED_EDGE('',*,*,#12795,.F.);
#12795 = EDGE_CURVE('',#12796,#12798,#12800,.T.);
#12796 = VERTEX_POINT('',#12797);
#12797 = CARTESIAN_POINT('',(-75.,-50.,-43.));
#12798 = VERTEX_POINT('',#12799);
#12799 = CARTESIAN_POINT('',(-75.,-50.,43.));
#12800 = SURFACE_CURVE('',#12801,(#12805,#12817),.PCURVE_S1.);
#12801 = LINE('',#12802,#12803);
#12802 = CARTESIAN_POINT('',(-75.,-50.,-43.));
#12803 = VECTOR('',#12804,1.);
#12804 = DIRECTION('',(0.,0.,1.));
#12805 = PCURVE('',#12806,#12811);
#12806 = PLANE('',#12807);
#12807 = AXIS2_PLACEMENT_3D('',#12808,#12809,#12810);
#12808 = CARTESIAN_POINT('',(-75.,-50.,-43.));
#12809 = DIRECTION('',(1.,0.,-0.));
#12810 = DIRECTION('',(0.,0.,1.));
#12811 = DEFINITIONAL_REPRESENTATION('',(#12812),#12816);
#12812 = LINE('',#12813,#12814);
#12813 = CARTESIAN_POINT('',(0.,0.));
#12814 = VECTOR('',#12815,1.);
#12815 = DIRECTION('',(1.,0.));
#12816 = ( GEOMETRIC_REPRESENTATION_CONTEXT(2) 
PARAMETRIC_REPRESENTATION_CONTEXT() REPRESENTATION_CONTEXT('2D SPACE',''
  ) );
#12817 = PCURVE('',#12818,#12823);
#12818 = PLANE('',#12819);
#12819 = AXIS2_PLACEMENT_3D('',#12820,#12821,#12822);
#12820 = CARTESIAN_POINT('',(-75.,-50.,-43.));
#12821 = DIRECTION('',(-0.,1.,0.));
#12822 = DIRECTION('',(0.,0.,1.));
#12823 = DEFINITIONAL_REPRESENTATION('',(#12824),#12828);
#12824 = LINE('',#12825,#12826);
#12825 = CARTESIAN_POINT('',(0.,0.));
#12826 = VECTOR('',#12827,1.);
#12827 = DIRECTION('',(1.,0.));
#12828 = ( GEOMETRIC_REPRESENTATION_CONTEXT(2) 
PARAMETRIC_REPRESENTATION_CONTEXT() REPRESENTATION_CONTEXT('2D SPACE',''
  ) );
#12829 = ORIENTED_EDGE('',*,*,#12830,.T.);
#12830 = EDGE_CURVE('',#12796,#12831,#12833,.T.);
#12831 = VERTEX_POINT('',#12832);
#12832 = CARTESIAN_POINT('',(-75.,50.,-43.));
#12833 = SURFACE_CURVE('',#12834,(#12838,#12845),.PCURVE_S1.);
#12834 = LINE('',#12835,#12836);
#12835 = CARTESIAN_POINT('',(-75.,-50.,-43.));
#12836 = VECTOR('',#12837,1.);
#12837 = DIRECTION('',(-0.,1.,0.));
#12838 = PCURVE('',#12806,#12839);
#12839 = DEFINITIONAL_REPRESENTATION('',(#12840),#12844);
#12840 = LINE('',#12841,#12842);
#12841 = CARTESIAN_POINT('',(0.,0.));
#12842 = VECTOR('',#12843,1.);
#12843 = DIRECTION('',(0.,-1.));
#12844 = ( GEOMETRIC_REPRESENTATION_CONTEXT(2) 
PARAMETRIC_REPRESENTATION_CONTEXT() REPRESENTATION_CONTEXT('2D SPACE',''
  ) );
#12845 = PCURVE('',#12846,#12851);
#12846 = PLANE('',#12847);
#12847 = AXIS2_PLACEMENT_3D('',#12848,#12849,#12850);
#12848 = CARTESIAN_POINT('',(-75.,-50.,-43.));
#12849 = DIRECTION('',(0.,0.,1.));
#12850 = DIRECTION('',(1.,0.,-0.));
#12851 = DEFINITIONAL_REPRESENTATION('',(#12852),#12856);
#12852 = LINE('',#12853,#12854);
#12853 = CARTESIAN_POINT('',(0.,0.));
#12854 = VECTOR('',#12855,1.);
#12855 = DIRECTION('',(0.,1.));
#12856 = ( GEOMETRIC_REPRESENTATION_CONTEXT(2) 
PARAMETRIC_REPRESENTATION_CONTEXT() REPRESENTATION_CONTEXT('2D SPACE',''
  ) );
#12857 = ORIENTED_EDGE('',*,*,#12858,.T.);
#12858 = EDGE_CURVE('',#12831,#12859,#12861,.T.);
#12859 = VERTEX_POINT('',#12860);
#12860 = CARTESIAN_POINT('',(-75.,50.,43.));
#12861 = SURFACE_CURVE('',#12862,(#12866,#12873),.PCURVE_S1.);
#12862 = LINE('',#12863,#12864);
#12863 = CARTESIAN_POINT('',(-75.,50.,-43.));
#12864 = VECTOR('',#12865,1.);
#12865 = DIRECTION('',(0.,0.,1.));
#12866 = PCURVE('',#12806,#12867);
#12867 = DEFINITIONAL_REPRESENTATION('',(#12868),#12872);
#12868 = LINE('',#12869,#12870);
#12869 = CARTESIAN_POINT('',(0.,-100.));
#12870 = VECTOR('',#12871,1.);
#12871 = DIRECTION('',(1.,0.));
#12872 = ( GEOMETRIC_REPRESENTATION_CONTEXT(2) 
PARAMETRIC_REPRESENTATION_CONTEXT() REPRESENTATION_CONTEXT('2D SPACE',''
  ) );
#12873 = PCURVE('',#12874,#12879);
#12874 = PLANE('',#12875);
#12875 = AXIS2_PLACEMENT_3D('',#12876,#12877,#12878);
#12876 = CARTESIAN_POINT('',(-75.,50.,-43.));
#12877 = DIRECTION('',(-0.,1.,0.));
#12878 = DIRECTION('',(0.,0.,1.));
#12879 = DEFINITIONAL_REPRESENTATION('',(#12880),#12884);
#12880 = LINE('',#12881,#12882);
#12881 = CARTESIAN_POINT('',(0.,0.));
#12882 = VECTOR('',#12883,1.);
#12883 = DIRECTION('',(1.,0.));
#12884 = ( GEOMETRIC_REPRESENTATION_CONTEXT(2) 
PARAMETRIC_REPRESENTATION_CONTEXT() REPRESENTATION_CONTEXT('2D SPACE',''
  ) );
#12885 = ORIENTED_EDGE('',*,*,#12886,.F.);
#12886 = EDGE_CURVE('',#12798,#12859,#12887,.T.);
#12887 = SURFACE_CURVE('',#12888,(#12892,#12899),.PCURVE_S1.);
#12888 = LINE('',#12889,#12890);
#12889 = CARTESIAN_POINT('',(-75.,-50.,43.));
#12890 = VECTOR('',#12891,1.);
#12891 = DIRECTION('',(-0.,1.,0.));
#12892 = PCURVE('',#12806,#12893);
#12893 = DEFINITIONAL_REPRESENTATION('',(#12894),#12898);
#12894 = LINE('',#12895,#12896);
#12895 = CARTESIAN_POINT('',(86.,0.));
#12896 = VECTOR('',#12897,1.);
#12897 = DIRECTION('',(0.,-1.));
#12898 = ( GEOMETRIC_REPRESENTATION_CONTEXT(2) 
PARAMETRIC_REPRESENTATION_CONTEXT() REPRESENTATION_CONTEXT('2D SPACE',''
  ) );
#12899 = PCURVE('',#12900,#12905);
#12900 = PLANE('',#12901);
#12901 = AXIS2_PLACEMENT_3D('',#12902,#12903,#12904);
#12902 = CARTESIAN_POINT('',(-75.,-50.,43.));
#12903 = DIRECTION('',(0.,0.,1.));
#12904 = DIRECTION('',(1.,0.,-0.));
#12905 = DEFINITIONAL_REPRESENTATION('',(#12906),#12910);
#12906 = LINE('',#12907,#12908);
#12907 = CARTESIAN_POINT('',(0.,0.));
#12908 = VECTOR('',#12909,1.);
#12909 = DIRECTION('',(0.,1.));
#12910 = ( GEOMETRIC_REPRESENTATION_CONTEXT(2) 
PARAMETRIC_REPRESENTATION_CONTEXT() REPRESENTATION_CONTEXT('2D SPACE',''
  ) );
#12911 = ADVANCED_FACE('',(#12912),#12926,.T.);
#12912 = FACE_BOUND('',#12913,.T.);
#12913 = EDGE_LOOP('',(#12914,#12944,#12967,#12990));
#12914 = ORIENTED_EDGE('',*,*,#12915,.F.);
#12915 = EDGE_CURVE('',#12916,#12918,#12920,.T.);
#12916 = VERTEX_POINT('',#12917);
#12917 = CARTESIAN_POINT('',(75.,-50.,-43.));
#12918 = VERTEX_POINT('',#12919);
#12919 = CARTESIAN_POINT('',(75.,-50.,43.));
#12920 = SURFACE_CURVE('',#12921,(#12925,#12937),.PCURVE_S1.);
#12921 = LINE('',#12922,#12923);
#12922 = CARTESIAN_POINT('',(75.,-50.,-43.));
#12923 = VECTOR('',#12924,1.);
#12924 = DIRECTION('',(0.,0.,1.));
#12925 = PCURVE('',#12926,#12931);
#12926 = PLANE('',#12927);
#12927 = AXIS2_PLACEMENT_3D('',#12928,#12929,#12930);
#12928 = CARTESIAN_POINT('',(75.,-50.,-43.));
#12929 = DIRECTION('',(1.,0.,-0.));
#12930 = DIRECTION('',(0.,0.,1.));
#12931 = DEFINITIONAL_REPRESENTATION('',(#12932),#12936);
#12932 = LINE('',#12933,#12934);
#12933 = CARTESIAN_POINT('',(0.,0.));
#12934 = VECTOR('',#12935,1.);
#12935 = DIRECTION('',(1.,0.));
#12936 = ( GEOMETRIC_REPRESENTATION_CONTEXT(2) 
PARAMETRIC_REPRESENTATION_CONTEXT() REPRESENTATION_CONTEXT('2D SPACE',''
  ) );
#12937 = PCURVE('',#12818,#12938);
#12938 = DEFINITIONAL_REPRESENTATION('',(#12939),#12943);
#12939 = LINE('',#12940,#12941);
#12940 = CARTESIAN_POINT('',(0.,150.));
#12941 = VECTOR('',#12942,1.);
#12942 = DIRECTION('',(1.,0.));
#12943 = ( GEOMETRIC_REPRESENTATION_CONTEXT(2) 
PARAMETRIC_REPRESENTATION_CONTEXT() REPRESENTATION_CONTEXT('2D SPACE',''
  ) );
#12944 = ORIENTED_EDGE('',*,*,#12945,.T.);
#12945 = EDGE_CURVE('',#12916,#12946,#12948,.T.);
#12946 = VERTEX_POINT('',#12947);
#12947 = CARTESIAN_POINT('',(75.,50.,-43.));
#12948 = SURFACE_CURVE('',#12949,(#12953,#12960),.PCURVE_S1.);
#12949 = LINE('',#12950,#12951);
#12950 = CARTESIAN_POINT('',(75.,-50.,-43.));
#12951 = VECTOR('',#12952,1.);
#12952 = DIRECTION('',(-0.,1.,0.));
#12953 = PCURVE('',#12926,#12954);
#12954 = DEFINITIONAL_REPRESENTATION('',(#12955),#12959);
#12955 = LINE('',#12956,#12957);
#12956 = CARTESIAN_POINT('',(0.,0.));
#12957 = VECTOR('',#12958,1.);
#12958 = DIRECTION('',(0.,-1.));
#12959 = ( GEOMETRIC_REPRESENTATION_CONTEXT(2) 
PARAMETRIC_REPRESENTATION_CONTEXT() REPRESENTATION_CONTEXT('2D SPACE',''
  ) );
#12960 = PCURVE('',#12846,#12961);
#12961 = DEFINITIONAL_REPRESENTATION('',(#12962),#12966);
#12962 = LINE('',#12963,#12964);
#12963 = CARTESIAN_POINT('',(150.,0.));
#12964 = VECTOR('',#12965,1.);
#12965 = DIRECTION('',(0.,1.));
#12966 = ( GEOMETRIC_REPRESENTATION_CONTEXT(2) 
PARAMETRIC_REPRESENTATION_CONTEXT() REPRESENTATION_CONTEXT('2D SPACE',''
  ) );
#12967 = ORIENTED_EDGE('',*,*,#12968,.T.);
#12968 = EDGE_CURVE('',#12946,#12969,#12971,.T.);
#12969 = VERTEX_POINT('',#12970);
#12970 = CARTESIAN_POINT('',(75.,50.,43.));
#12971 = SURFACE_CURVE('',#12972,(#12976,#12983),.PCURVE_S1.);
#12972 = LINE('',#12973,#12974);
#12973 = CARTESIAN_POINT('',(75.,50.,-43.));
#12974 = VECTOR('',#12975,1.);
#12975 = DIRECTION('',(0.,0.,1.));
#12976 = PCURVE('',#12926,#12977);
#12977 = DEFINITIONAL_REPRESENTATION('',(#12978),#12982);
#12978 = LINE('',#12979,#12980);
#12979 = CARTESIAN_POINT('',(0.,-100.));
#12980 = VECTOR('',#12981,1.);
#12981 = DIRECTION('',(1.,0.));
#12982 = ( GEOMETRIC_REPRESENTATION_CONTEXT(2) 
PARAMETRIC_REPRESENTATION_CONTEXT() REPRESENTATION_CONTEXT('2D SPACE',''
  ) );
#12983 = PCURVE('',#12874,#12984);
#12984 = DEFINITIONAL_REPRESENTATION('',(#12985),#12989);
#12985 = LINE('',#12986,#12987);
#12986 = CARTESIAN_POINT('',(0.,150.));
#12987 = VECTOR('',#12988,1.);
#12988 = DIRECTION('',(1.,0.));
#12989 = ( GEOMETRIC_REPRESENTATION_CONTEXT(2) 
PARAMETRIC_REPRESENTATION_CONTEXT() REPRESENTATION_CONTEXT('2D SPACE',''
  ) );
#12990 = ORIENTED_EDGE('',*,*,#12991,.F.);
#12991 = EDGE_CURVE('',#12918,#12969,#12992,.T.);
#12992 = SURFACE_CURVE('',#12993,(#12997,#13004),.PCURVE_S1.);
#12993 = LINE('',#12994,#12995);
#12994 = CARTESIAN_POINT('',(75.,-50.,43.));
#12995 = VECTOR('',#12996,1.);
#12996 = DIRECTION('',(-0.,1.,0.));
#12997 = PCURVE('',#12926,#12998);
#12998 = DEFINITIONAL_REPRESENTATION('',(#12999),#13003);
#12999 = LINE('',#13000,#13001);
#13000 = CARTESIAN_POINT('',(86.,0.));
#13001 = VECTOR('',#13002,1.);
#13002 = DIRECTION('',(0.,-1.));
#13003 = ( GEOMETRIC_REPRESENTATION_CONTEXT(2) 
PARAMETRIC_REPRESENTATION_CONTEXT() REPRESENTATION_CONTEXT('2D SPACE',''
  ) );
#13004 = PCURVE('',#12900,#13005);
#13005 = DEFINITIONAL_REPRESENTATION('',(#13006),#13010);
#13006 = LINE('',#13007,#13008);
#13007 = CARTESIAN_POINT('',(150.,0.));
#13008 = VECTOR('',#13009,1.);
#13009 = DIRECTION('',(0.,1.));
#13010 = ( GEOMETRIC_REPRESENTATION_CONTEXT(2) 
PARAMETRIC_REPRESENTATION_CONTEXT() REPRESENTATION_CONTEXT('2D SPACE',''
  ) );
#13011 = ADVANCED_FACE('',(#13012),#12818,.F.);
#13012 = FACE_BOUND('',#13013,.F.);
#13013 = EDGE_LOOP('',(#13014,#13035,#13036,#13057));
#13014 = ORIENTED_EDGE('',*,*,#13015,.F.);
#13015 = EDGE_CURVE('',#12796,#12916,#13016,.T.);
#13016 = SURFACE_CURVE('',#13017,(#13021,#13028),.PCURVE_S1.);
#13017 = LINE('',#13018,#13019);
#13018 = CARTESIAN_POINT('',(-75.,-50.,-43.));
#13019 = VECTOR('',#13020,1.);
#13020 = DIRECTION('',(1.,0.,-0.));
#13021 = PCURVE('',#12818,#13022);
#13022 = DEFINITIONAL_REPRESENTATION('',(#13023),#13027);
#13023 = LINE('',#13024,#13025);
#13024 = CARTESIAN_POINT('',(0.,0.));
#13025 = VECTOR('',#13026,1.);
#13026 = DIRECTION('',(0.,1.));
#13027 = ( GEOMETRIC_REPRESENTATION_CONTEXT(2) 
PARAMETRIC_REPRESENTATION_CONTEXT() REPRESENTATION_CONTEXT('2D SPACE',''
  ) );
#13028 = PCURVE('',#12846,#13029);
#13029 = DEFINITIONAL_REPRESENTATION('',(#13030),#13034);
#13030 = LINE('',#13031,#13032);
#13031 = CARTESIAN_POINT('',(0.,0.));
#13032 = VECTOR('',#13033,1.);
#13033 = DIRECTION('',(1.,0.));
#13034 = ( GEOMETRIC_REPRESENTATION_CONTEXT(2) 
PARAMETRIC_REPRESENTATION_CONTEXT() REPRESENTATION_CONTEXT('2D SPACE',''
  ) );
#13035 = ORIENTED_EDGE('',*,*,#12795,.T.);
#13036 = ORIENTED_EDGE('',*,*,#13037,.T.);
#13037 = EDGE_CURVE('',#12798,#12918,#13038,.T.);
#13038 = SURFACE_CURVE('',#13039,(#13043,#13050),.PCURVE_S1.);
#13039 = LINE('',#13040,#13041);
#13040 = CARTESIAN_POINT('',(-75.,-50.,43.));
#13041 = VECTOR('',#13042,1.);
#13042 = DIRECTION('',(1.,0.,-0.));
#13043 = PCURVE('',#12818,#13044);
#13044 = DEFINITIONAL_REPRESENTATION('',(#13045),#13049);
#13045 = LINE('',#13046,#13047);
#13046 = CARTESIAN_POINT('',(86.,0.));
#13047 = VECTOR('',#13048,1.);
#13048 = DIRECTION('',(0.,1.));
#13049 = ( GEOMETRIC_REPRESENTATION_CONTEXT(2) 
PARAMETRIC_REPRESENTATION_CONTEXT() REPRESENTATION_CONTEXT('2D SPACE',''
  ) );
#13050 = PCURVE('',#12900,#13051);
#13051 = DEFINITIONAL_REPRESENTATION('',(#13052),#13056);
#13052 = LINE('',#13053,#13054);
#13053 = CARTESIAN_POINT('',(0.,0.));
#13054 = VECTOR('',#13055,1.);
#13055 = DIRECTION('',(1.,0.));
#13056 = ( GEOMETRIC_REPRESENTATION_CONTEXT(2) 
PARAMETRIC_REPRESENTATION_CONTEXT() REPRESENTATION_CONTEXT('2D SPACE',''
  ) );
#13057 = ORIENTED_EDGE('',*,*,#12915,.F.);
#13058 = ADVANCED_FACE('',(#13059),#12874,.T.);
#13059 = FACE_BOUND('',#13060,.T.);
#13060 = EDGE_LOOP('',(#13061,#13082,#13083,#13104));
#13061 = ORIENTED_EDGE('',*,*,#13062,.F.);
#13062 = EDGE_CURVE('',#12831,#12946,#13063,.T.);
#13063 = SURFACE_CURVE('',#13064,(#13068,#13075),.PCURVE_S1.);
#13064 = LINE('',#13065,#13066);
#13065 = CARTESIAN_POINT('',(-75.,50.,-43.));
#13066 = VECTOR('',#13067,1.);
#13067 = DIRECTION('',(1.,0.,-0.));
#13068 = PCURVE('',#12874,#13069);
#13069 = DEFINITIONAL_REPRESENTATION('',(#13070),#13074);
#13070 = LINE('',#13071,#13072);
#13071 = CARTESIAN_POINT('',(0.,0.));
#13072 = VECTOR('',#13073,1.);
#13073 = DIRECTION('',(0.,1.));
#13074 = ( GEOMETRIC_REPRESENTATION_CONTEXT(2) 
PARAMETRIC_REPRESENTATION_CONTEXT() REPRESENTATION_CONTEXT('2D SPACE',''
  ) );
#13075 = PCURVE('',#12846,#13076);
#13076 = DEFINITIONAL_REPRESENTATION('',(#13077),#13081);
#13077 = LINE('',#13078,#13079);
#13078 = CARTESIAN_POINT('',(0.,100.));
#13079 = VECTOR('',#13080,1.);
#13080 = DIRECTION('',(1.,0.));
#13081 = ( GEOMETRIC_REPRESENTATION_CONTEXT(2) 
PARAMETRIC_REPRESENTATION_CONTEXT() REPRESENTATION_CONTEXT('2D SPACE',''
  ) );
#13082 = ORIENTED_EDGE('',*,*,#12858,.T.);
#13083 = ORIENTED_EDGE('',*,*,#13084,.T.);
#13084 = EDGE_CURVE('',#12859,#12969,#13085,.T.);
#13085 = SURFACE_CURVE('',#13086,(#13090,#13097),.PCURVE_S1.);
#13086 = LINE('',#13087,#13088);
#13087 = CARTESIAN_POINT('',(-75.,50.,43.));
#13088 = VECTOR('',#13089,1.);
#13089 = DIRECTION('',(1.,0.,-0.));
#13090 = PCURVE('',#12874,#13091);
#13091 = DEFINITIONAL_REPRESENTATION('',(#13092),#13096);
#13092 = LINE('',#13093,#13094);
#13093 = CARTESIAN_POINT('',(86.,0.));
#13094 = VECTOR('',#13095,1.);
#13095 = DIRECTION('',(0.,1.));
#13096 = ( GEOMETRIC_REPRESENTATION_CONTEXT(2) 
PARAMETRIC_REPRESENTATION_CONTEXT() REPRESENTATION_CONTEXT('2D SPACE',''
  ) );
#13097 = PCURVE('',#12900,#13098);
#13098 = DEFINITIONAL_REPRESENTATION('',(#13099),#13103);
#13099 = LINE('',#13100,#13101);
#13100 = CARTESIAN_POINT('',(0.,100.));
#13101 = VECTOR('',#13102,1.);
#13102 = DIRECTION('',(1.,0.));
#13103 = ( GEOMETRIC_REPRESENTATION_CONTEXT(2) 
PARAMETRIC_REPRESENTATION_CONTEXT() REPRESENTATION_CONTEXT('2D SPACE',''
  ) );
#13104 = ORIENTED_EDGE('',*,*,#12968,.F.);
#13105 = ADVANCED_FACE('',(#13106),#12846,.F.);
#13106 = FACE_BOUND('',#13107,.F.);
#13107 = EDGE_LOOP('',(#13108,#13109,#13110,#13111));
#13108 = ORIENTED_EDGE('',*,*,#12830,.F.);
#13109 = ORIENTED_EDGE('',*,*,#13015,.T.);
#13110 = ORIENTED_EDGE('',*,*,#12945,.T.);
#13111 = ORIENTED_EDGE('',*,*,#13062,.F.);
#13112 = ADVANCED_FACE('',(#13113),#12900,.T.);
#13113 = FACE_BOUND('',#13114,.T.);
#13114 = EDGE_LOOP('',(#13115,#13116,#13117,#13118));
#13115 = ORIENTED_EDGE('',*,*,#12886,.F.);
#13116 = ORIENTED_EDGE('',*,*,#13037,.T.);
#13117 = ORIENTED_EDGE('',*,*,#12991,.T.);
#13118 = ORIENTED_EDGE('',*,*,#13084,.F.);
#13119 = ( GEOMETRIC_REPRESENTATION_CONTEXT(3) 
GLOBAL_UNCERTAINTY_ASSIGNED_CONTEXT((#13123)) 
GLOBAL_UNIT_ASSIGNED_CONTEXT((#13120,#13121,#13122)) 
REPRESENTATION_CONTEXT('Context #1',
  '3D Context with UNIT and UNCERTAINTY') );
#13120 = ( LENGTH_UNIT() NAMED_UNIT(*) SI_UNIT(.MILLI.,.METRE.) );
#13121 = ( NAMED_UNIT(*) PLANE_ANGLE_UNIT() SI_UNIT($,.RADIAN.) );
#13122 = ( NAMED_UNIT(*) SI_UNIT($,.STERADIAN.) SOLID_ANGLE_UNIT() );
#13123 = UNCERTAINTY_MEASURE_WITH_UNIT(LENGTH_MEASURE(1.E-07),#13120,
  'distance_accuracy_value','confusion accuracy');
#13124 = CONTEXT_DEPENDENT_SHAPE_REPRESENTATION(#13125,#13127);
#13125 = ( REPRESENTATION_RELATIONSHIP('','',#12788,#10) 
REPRESENTATION_RELATIONSHIP_WITH_TRANSFORMATION(#13126) 
SHAPE_REPRESENTATION_RELATIONSHIP() );
#13126 = ITEM_DEFINED_TRANSFORMATION('','',#11,#159);
#13127 = PRODUCT_DEFINITION_SHAPE('Placement','Placement of an item',
  #13128);
#13128 = NEXT_ASSEMBLY_USAGE_OCCURRENCE('37','=>[0:1:1:38]','',#5,#12783
  ,$);
#13129 = PRODUCT_RELATED_PRODUCT_CATEGORY('part',$,(#12785));
#13130 = SHAPE_DEFINITION_REPRESENTATION(#13131,#13137);
#13131 = PRODUCT_DEFINITION_SHAPE('','',#13132);
#13132 = PRODUCT_DEFINITION('design','',#13133,#13136);
#13133 = PRODUCT_DEFINITION_FORMATION('','',#13134);
#13134 = PRODUCT('COMPOUND','COMPOUND','',(#13135));
#13135 = PRODUCT_CONTEXT('',#2,'mechanical');
#13136 = PRODUCT_DEFINITION_CONTEXT('part definition',#2,'design');
#13137 = ADVANCED_BREP_SHAPE_REPRESENTATION('',(#11,#13138),#13468);
#13138 = MANIFOLD_SOLID_BREP('',#13139);
#13139 = CLOSED_SHELL('',(#13140,#13260,#13360,#13407,#13454,#13461));
#13140 = ADVANCED_FACE('',(#13141),#13155,.F.);
#13141 = FACE_BOUND('',#13142,.F.);
#13142 = EDGE_LOOP('',(#13143,#13178,#13206,#13234));
#13143 = ORIENTED_EDGE('',*,*,#13144,.F.);
#13144 = EDGE_CURVE('',#13145,#13147,#13149,.T.);
#13145 = VERTEX_POINT('',#13146);
#13146 = CARTESIAN_POINT('',(-55.,-205.,-35.));
#13147 = VERTEX_POINT('',#13148);
#13148 = CARTESIAN_POINT('',(-55.,-205.,35.));
#13149 = SURFACE_CURVE('',#13150,(#13154,#13166),.PCURVE_S1.);
#13150 = LINE('',#13151,#13152);
#13151 = CARTESIAN_POINT('',(-55.,-205.,-35.));
#13152 = VECTOR('',#13153,1.);
#13153 = DIRECTION('',(0.,0.,1.));
#13154 = PCURVE('',#13155,#13160);
#13155 = PLANE('',#13156);
#13156 = AXIS2_PLACEMENT_3D('',#13157,#13158,#13159);
#13157 = CARTESIAN_POINT('',(-55.,-205.,-35.));
#13158 = DIRECTION('',(1.,0.,-0.));
#13159 = DIRECTION('',(0.,0.,1.));
#13160 = DEFINITIONAL_REPRESENTATION('',(#13161),#13165);
#13161 = LINE('',#13162,#13163);
#13162 = CARTESIAN_POINT('',(0.,0.));
#13163 = VECTOR('',#13164,1.);
#13164 = DIRECTION('',(1.,0.));
#13165 = ( GEOMETRIC_REPRESENTATION_CONTEXT(2) 
PARAMETRIC_REPRESENTATION_CONTEXT() REPRESENTATION_CONTEXT('2D SPACE',''
  ) );
#13166 = PCURVE('',#13167,#13172);
#13167 = PLANE('',#13168);
#13168 = AXIS2_PLACEMENT_3D('',#13169,#13170,#13171);
#13169 = CARTESIAN_POINT('',(-55.,-205.,-35.));
#13170 = DIRECTION('',(-0.,1.,0.));
#13171 = DIRECTION('',(0.,0.,1.));
#13172 = DEFINITIONAL_REPRESENTATION('',(#13173),#13177);
#13173 = LINE('',#13174,#13175);
#13174 = CARTESIAN_POINT('',(0.,0.));
#13175 = VECTOR('',#13176,1.);
#13176 = DIRECTION('',(1.,0.));
#13177 = ( GEOMETRIC_REPRESENTATION_CONTEXT(2) 
PARAMETRIC_REPRESENTATION_CONTEXT() REPRESENTATION_CONTEXT('2D SPACE',''
  ) );
#13178 = ORIENTED_EDGE('',*,*,#13179,.T.);
#13179 = EDGE_CURVE('',#13145,#13180,#13182,.T.);
#13180 = VERTEX_POINT('',#13181);
#13181 = CARTESIAN_POINT('',(-55.,205.,-35.));
#13182 = SURFACE_CURVE('',#13183,(#13187,#13194),.PCURVE_S1.);
#13183 = LINE('',#13184,#13185);
#13184 = CARTESIAN_POINT('',(-55.,-205.,-35.));
#13185 = VECTOR('',#13186,1.);
#13186 = DIRECTION('',(-0.,1.,0.));
#13187 = PCURVE('',#13155,#13188);
#13188 = DEFINITIONAL_REPRESENTATION('',(#13189),#13193);
#13189 = LINE('',#13190,#13191);
#13190 = CARTESIAN_POINT('',(0.,0.));
#13191 = VECTOR('',#13192,1.);
#13192 = DIRECTION('',(0.,-1.));
#13193 = ( GEOMETRIC_REPRESENTATION_CONTEXT(2) 
PARAMETRIC_REPRESENTATION_CONTEXT() REPRESENTATION_CONTEXT('2D SPACE',''
  ) );
#13194 = PCURVE('',#13195,#13200);
#13195 = PLANE('',#13196);
#13196 = AXIS2_PLACEMENT_3D('',#13197,#13198,#13199);
#13197 = CARTESIAN_POINT('',(-55.,-205.,-35.));
#13198 = DIRECTION('',(0.,0.,1.));
#13199 = DIRECTION('',(1.,0.,-0.));
#13200 = DEFINITIONAL_REPRESENTATION('',(#13201),#13205);
#13201 = LINE('',#13202,#13203);
#13202 = CARTESIAN_POINT('',(0.,0.));
#13203 = VECTOR('',#13204,1.);
#13204 = DIRECTION('',(0.,1.));
#13205 = ( GEOMETRIC_REPRESENTATION_CONTEXT(2) 
PARAMETRIC_REPRESENTATION_CONTEXT() REPRESENTATION_CONTEXT('2D SPACE',''
  ) );
#13206 = ORIENTED_EDGE('',*,*,#13207,.T.);
#13207 = EDGE_CURVE('',#13180,#13208,#13210,.T.);
#13208 = VERTEX_POINT('',#13209);
#13209 = CARTESIAN_POINT('',(-55.,205.,35.));
#13210 = SURFACE_CURVE('',#13211,(#13215,#13222),.PCURVE_S1.);
#13211 = LINE('',#13212,#13213);
#13212 = CARTESIAN_POINT('',(-55.,205.,-35.));
#13213 = VECTOR('',#13214,1.);
#13214 = DIRECTION('',(0.,0.,1.));
#13215 = PCURVE('',#13155,#13216);
#13216 = DEFINITIONAL_REPRESENTATION('',(#13217),#13221);
#13217 = LINE('',#13218,#13219);
#13218 = CARTESIAN_POINT('',(0.,-410.));
#13219 = VECTOR('',#13220,1.);
#13220 = DIRECTION('',(1.,0.));
#13221 = ( GEOMETRIC_REPRESENTATION_CONTEXT(2) 
PARAMETRIC_REPRESENTATION_CONTEXT() REPRESENTATION_CONTEXT('2D SPACE',''
  ) );
#13222 = PCURVE('',#13223,#13228);
#13223 = PLANE('',#13224);
#13224 = AXIS2_PLACEMENT_3D('',#13225,#13226,#13227);
#13225 = CARTESIAN_POINT('',(-55.,205.,-35.));
#13226 = DIRECTION('',(-0.,1.,0.));
#13227 = DIRECTION('',(0.,0.,1.));
#13228 = DEFINITIONAL_REPRESENTATION('',(#13229),#13233);
#13229 = LINE('',#13230,#13231);
#13230 = CARTESIAN_POINT('',(0.,0.));
#13231 = VECTOR('',#13232,1.);
#13232 = DIRECTION('',(1.,0.));
#13233 = ( GEOMETRIC_REPRESENTATION_CONTEXT(2) 
PARAMETRIC_REPRESENTATION_CONTEXT() REPRESENTATION_CONTEXT('2D SPACE',''
  ) );
#13234 = ORIENTED_EDGE('',*,*,#13235,.F.);
#13235 = EDGE_CURVE('',#13147,#13208,#13236,.T.);
#13236 = SURFACE_CURVE('',#13237,(#13241,#13248),.PCURVE_S1.);
#13237 = LINE('',#13238,#13239);
#13238 = CARTESIAN_POINT('',(-55.,-205.,35.));
#13239 = VECTOR('',#13240,1.);
#13240 = DIRECTION('',(-0.,1.,0.));
#13241 = PCURVE('',#13155,#13242);
#13242 = DEFINITIONAL_REPRESENTATION('',(#13243),#13247);
#13243 = LINE('',#13244,#13245);
#13244 = CARTESIAN_POINT('',(70.,0.));
#13245 = VECTOR('',#13246,1.);
#13246 = DIRECTION('',(0.,-1.));
#13247 = ( GEOMETRIC_REPRESENTATION_CONTEXT(2) 
PARAMETRIC_REPRESENTATION_CONTEXT() REPRESENTATION_CONTEXT('2D SPACE',''
  ) );
#13248 = PCURVE('',#13249,#13254);
#13249 = PLANE('',#13250);
#13250 = AXIS2_PLACEMENT_3D('',#13251,#13252,#13253);
#13251 = CARTESIAN_POINT('',(-55.,-205.,35.));
#13252 = DIRECTION('',(0.,0.,1.));
#13253 = DIRECTION('',(1.,0.,-0.));
#13254 = DEFINITIONAL_REPRESENTATION('',(#13255),#13259);
#13255 = LINE('',#13256,#13257);
#13256 = CARTESIAN_POINT('',(0.,0.));
#13257 = VECTOR('',#13258,1.);
#13258 = DIRECTION('',(0.,1.));
#13259 = ( GEOMETRIC_REPRESENTATION_CONTEXT(2) 
PARAMETRIC_REPRESENTATION_CONTEXT() REPRESENTATION_CONTEXT('2D SPACE',''
  ) );
#13260 = ADVANCED_FACE('',(#13261),#13275,.T.);
#13261 = FACE_BOUND('',#13262,.T.);
#13262 = EDGE_LOOP('',(#13263,#13293,#13316,#13339));
#13263 = ORIENTED_EDGE('',*,*,#13264,.F.);
#13264 = EDGE_CURVE('',#13265,#13267,#13269,.T.);
#13265 = VERTEX_POINT('',#13266);
#13266 = CARTESIAN_POINT('',(55.,-205.,-35.));
#13267 = VERTEX_POINT('',#13268);
#13268 = CARTESIAN_POINT('',(55.,-205.,35.));
#13269 = SURFACE_CURVE('',#13270,(#13274,#13286),.PCURVE_S1.);
#13270 = LINE('',#13271,#13272);
#13271 = CARTESIAN_POINT('',(55.,-205.,-35.));
#13272 = VECTOR('',#13273,1.);
#13273 = DIRECTION('',(0.,0.,1.));
#13274 = PCURVE('',#13275,#13280);
#13275 = PLANE('',#13276);
#13276 = AXIS2_PLACEMENT_3D('',#13277,#13278,#13279);
#13277 = CARTESIAN_POINT('',(55.,-205.,-35.));
#13278 = DIRECTION('',(1.,0.,-0.));
#13279 = DIRECTION('',(0.,0.,1.));
#13280 = DEFINITIONAL_REPRESENTATION('',(#13281),#13285);
#13281 = LINE('',#13282,#13283);
#13282 = CARTESIAN_POINT('',(0.,0.));
#13283 = VECTOR('',#13284,1.);
#13284 = DIRECTION('',(1.,0.));
#13285 = ( GEOMETRIC_REPRESENTATION_CONTEXT(2) 
PARAMETRIC_REPRESENTATION_CONTEXT() REPRESENTATION_CONTEXT('2D SPACE',''
  ) );
#13286 = PCURVE('',#13167,#13287);
#13287 = DEFINITIONAL_REPRESENTATION('',(#13288),#13292);
#13288 = LINE('',#13289,#13290);
#13289 = CARTESIAN_POINT('',(0.,110.));
#13290 = VECTOR('',#13291,1.);
#13291 = DIRECTION('',(1.,0.));
#13292 = ( GEOMETRIC_REPRESENTATION_CONTEXT(2) 
PARAMETRIC_REPRESENTATION_CONTEXT() REPRESENTATION_CONTEXT('2D SPACE',''
  ) );
#13293 = ORIENTED_EDGE('',*,*,#13294,.T.);
#13294 = EDGE_CURVE('',#13265,#13295,#13297,.T.);
#13295 = VERTEX_POINT('',#13296);
#13296 = CARTESIAN_POINT('',(55.,205.,-35.));
#13297 = SURFACE_CURVE('',#13298,(#13302,#13309),.PCURVE_S1.);
#13298 = LINE('',#13299,#13300);
#13299 = CARTESIAN_POINT('',(55.,-205.,-35.));
#13300 = VECTOR('',#13301,1.);
#13301 = DIRECTION('',(-0.,1.,0.));
#13302 = PCURVE('',#13275,#13303);
#13303 = DEFINITIONAL_REPRESENTATION('',(#13304),#13308);
#13304 = LINE('',#13305,#13306);
#13305 = CARTESIAN_POINT('',(0.,0.));
#13306 = VECTOR('',#13307,1.);
#13307 = DIRECTION('',(0.,-1.));
#13308 = ( GEOMETRIC_REPRESENTATION_CONTEXT(2) 
PARAMETRIC_REPRESENTATION_CONTEXT() REPRESENTATION_CONTEXT('2D SPACE',''
  ) );
#13309 = PCURVE('',#13195,#13310);
#13310 = DEFINITIONAL_REPRESENTATION('',(#13311),#13315);
#13311 = LINE('',#13312,#13313);
#13312 = CARTESIAN_POINT('',(110.,0.));
#13313 = VECTOR('',#13314,1.);
#13314 = DIRECTION('',(0.,1.));
#13315 = ( GEOMETRIC_REPRESENTATION_CONTEXT(2) 
PARAMETRIC_REPRESENTATION_CONTEXT() REPRESENTATION_CONTEXT('2D SPACE',''
  ) );
#13316 = ORIENTED_EDGE('',*,*,#13317,.T.);
#13317 = EDGE_CURVE('',#13295,#13318,#13320,.T.);
#13318 = VERTEX_POINT('',#13319);
#13319 = CARTESIAN_POINT('',(55.,205.,35.));
#13320 = SURFACE_CURVE('',#13321,(#13325,#13332),.PCURVE_S1.);
#13321 = LINE('',#13322,#13323);
#13322 = CARTESIAN_POINT('',(55.,205.,-35.));
#13323 = VECTOR('',#13324,1.);
#13324 = DIRECTION('',(0.,0.,1.));
#13325 = PCURVE('',#13275,#13326);
#13326 = DEFINITIONAL_REPRESENTATION('',(#13327),#13331);
#13327 = LINE('',#13328,#13329);
#13328 = CARTESIAN_POINT('',(0.,-410.));
#13329 = VECTOR('',#13330,1.);
#13330 = DIRECTION('',(1.,0.));
#13331 = ( GEOMETRIC_REPRESENTATION_CONTEXT(2) 
PARAMETRIC_REPRESENTATION_CONTEXT() REPRESENTATION_CONTEXT('2D SPACE',''
  ) );
#13332 = PCURVE('',#13223,#13333);
#13333 = DEFINITIONAL_REPRESENTATION('',(#13334),#13338);
#13334 = LINE('',#13335,#13336);
#13335 = CARTESIAN_POINT('',(0.,110.));
#13336 = VECTOR('',#13337,1.);
#13337 = DIRECTION('',(1.,0.));
#13338 = ( GEOMETRIC_REPRESENTATION_CONTEXT(2) 
PARAMETRIC_REPRESENTATION_CONTEXT() REPRESENTATION_CONTEXT('2D SPACE',''
  ) );
#13339 = ORIENTED_EDGE('',*,*,#13340,.F.);
#13340 = EDGE_CURVE('',#13267,#13318,#13341,.T.);
#13341 = SURFACE_CURVE('',#13342,(#13346,#13353),.PCURVE_S1.);
#13342 = LINE('',#13343,#13344);
#13343 = CARTESIAN_POINT('',(55.,-205.,35.));
#13344 = VECTOR('',#13345,1.);
#13345 = DIRECTION('',(-0.,1.,0.));
#13346 = PCURVE('',#13275,#13347);
#13347 = DEFINITIONAL_REPRESENTATION('',(#13348),#13352);
#13348 = LINE('',#13349,#13350);
#13349 = CARTESIAN_POINT('',(70.,0.));
#13350 = VECTOR('',#13351,1.);
#13351 = DIRECTION('',(0.,-1.));
#13352 = ( GEOMETRIC_REPRESENTATION_CONTEXT(2) 
PARAMETRIC_REPRESENTATION_CONTEXT() REPRESENTATION_CONTEXT('2D SPACE',''
  ) );
#13353 = PCURVE('',#13249,#13354);
#13354 = DEFINITIONAL_REPRESENTATION('',(#13355),#13359);
#13355 = LINE('',#13356,#13357);
#13356 = CARTESIAN_POINT('',(110.,0.));
#13357 = VECTOR('',#13358,1.);
#13358 = DIRECTION('',(0.,1.));
#13359 = ( GEOMETRIC_REPRESENTATION_CONTEXT(2) 
PARAMETRIC_REPRESENTATION_CONTEXT() REPRESENTATION_CONTEXT('2D SPACE',''
  ) );
#13360 = ADVANCED_FACE('',(#13361),#13167,.F.);
#13361 = FACE_BOUND('',#13362,.F.);
#13362 = EDGE_LOOP('',(#13363,#13384,#13385,#13406));
#13363 = ORIENTED_EDGE('',*,*,#13364,.F.);
#13364 = EDGE_CURVE('',#13145,#13265,#13365,.T.);
#13365 = SURFACE_CURVE('',#13366,(#13370,#13377),.PCURVE_S1.);
#13366 = LINE('',#13367,#13368);
#13367 = CARTESIAN_POINT('',(-55.,-205.,-35.));
#13368 = VECTOR('',#13369,1.);
#13369 = DIRECTION('',(1.,0.,-0.));
#13370 = PCURVE('',#13167,#13371);
#13371 = DEFINITIONAL_REPRESENTATION('',(#13372),#13376);
#13372 = LINE('',#13373,#13374);
#13373 = CARTESIAN_POINT('',(0.,0.));
#13374 = VECTOR('',#13375,1.);
#13375 = DIRECTION('',(0.,1.));
#13376 = ( GEOMETRIC_REPRESENTATION_CONTEXT(2) 
PARAMETRIC_REPRESENTATION_CONTEXT() REPRESENTATION_CONTEXT('2D SPACE',''
  ) );
#13377 = PCURVE('',#13195,#13378);
#13378 = DEFINITIONAL_REPRESENTATION('',(#13379),#13383);
#13379 = LINE('',#13380,#13381);
#13380 = CARTESIAN_POINT('',(0.,0.));
#13381 = VECTOR('',#13382,1.);
#13382 = DIRECTION('',(1.,0.));
#13383 = ( GEOMETRIC_REPRESENTATION_CONTEXT(2) 
PARAMETRIC_REPRESENTATION_CONTEXT() REPRESENTATION_CONTEXT('2D SPACE',''
  ) );
#13384 = ORIENTED_EDGE('',*,*,#13144,.T.);
#13385 = ORIENTED_EDGE('',*,*,#13386,.T.);
#13386 = EDGE_CURVE('',#13147,#13267,#13387,.T.);
#13387 = SURFACE_CURVE('',#13388,(#13392,#13399),.PCURVE_S1.);
#13388 = LINE('',#13389,#13390);
#13389 = CARTESIAN_POINT('',(-55.,-205.,35.));
#13390 = VECTOR('',#13391,1.);
#13391 = DIRECTION('',(1.,0.,-0.));
#13392 = PCURVE('',#13167,#13393);
#13393 = DEFINITIONAL_REPRESENTATION('',(#13394),#13398);
#13394 = LINE('',#13395,#13396);
#13395 = CARTESIAN_POINT('',(70.,0.));
#13396 = VECTOR('',#13397,1.);
#13397 = DIRECTION('',(0.,1.));
#13398 = ( GEOMETRIC_REPRESENTATION_CONTEXT(2) 
PARAMETRIC_REPRESENTATION_CONTEXT() REPRESENTATION_CONTEXT('2D SPACE',''
  ) );
#13399 = PCURVE('',#13249,#13400);
#13400 = DEFINITIONAL_REPRESENTATION('',(#13401),#13405);
#13401 = LINE('',#13402,#13403);
#13402 = CARTESIAN_POINT('',(0.,0.));
#13403 = VECTOR('',#13404,1.);
#13404 = DIRECTION('',(1.,0.));
#13405 = ( GEOMETRIC_REPRESENTATION_CONTEXT(2) 
PARAMETRIC_REPRESENTATION_CONTEXT() REPRESENTATION_CONTEXT('2D SPACE',''
  ) );
#13406 = ORIENTED_EDGE('',*,*,#13264,.F.);
#13407 = ADVANCED_FACE('',(#13408),#13223,.T.);
#13408 = FACE_BOUND('',#13409,.T.);
#13409 = EDGE_LOOP('',(#13410,#13431,#13432,#13453));
#13410 = ORIENTED_EDGE('',*,*,#13411,.F.);
#13411 = EDGE_CURVE('',#13180,#13295,#13412,.T.);
#13412 = SURFACE_CURVE('',#13413,(#13417,#13424),.PCURVE_S1.);
#13413 = LINE('',#13414,#13415);
#13414 = CARTESIAN_POINT('',(-55.,205.,-35.));
#13415 = VECTOR('',#13416,1.);
#13416 = DIRECTION('',(1.,0.,-0.));
#13417 = PCURVE('',#13223,#13418);
#13418 = DEFINITIONAL_REPRESENTATION('',(#13419),#13423);
#13419 = LINE('',#13420,#13421);
#13420 = CARTESIAN_POINT('',(0.,0.));
#13421 = VECTOR('',#13422,1.);
#13422 = DIRECTION('',(0.,1.));
#13423 = ( GEOMETRIC_REPRESENTATION_CONTEXT(2) 
PARAMETRIC_REPRESENTATION_CONTEXT() REPRESENTATION_CONTEXT('2D SPACE',''
  ) );
#13424 = PCURVE('',#13195,#13425);
#13425 = DEFINITIONAL_REPRESENTATION('',(#13426),#13430);
#13426 = LINE('',#13427,#13428);
#13427 = CARTESIAN_POINT('',(0.,410.));
#13428 = VECTOR('',#13429,1.);
#13429 = DIRECTION('',(1.,0.));
#13430 = ( GEOMETRIC_REPRESENTATION_CONTEXT(2) 
PARAMETRIC_REPRESENTATION_CONTEXT() REPRESENTATION_CONTEXT('2D SPACE',''
  ) );
#13431 = ORIENTED_EDGE('',*,*,#13207,.T.);
#13432 = ORIENTED_EDGE('',*,*,#13433,.T.);
#13433 = EDGE_CURVE('',#13208,#13318,#13434,.T.);
#13434 = SURFACE_CURVE('',#13435,(#13439,#13446),.PCURVE_S1.);
#13435 = LINE('',#13436,#13437);
#13436 = CARTESIAN_POINT('',(-55.,205.,35.));
#13437 = VECTOR('',#13438,1.);
#13438 = DIRECTION('',(1.,0.,-0.));
#13439 = PCURVE('',#13223,#13440);
#13440 = DEFINITIONAL_REPRESENTATION('',(#13441),#13445);
#13441 = LINE('',#13442,#13443);
#13442 = CARTESIAN_POINT('',(70.,0.));
#13443 = VECTOR('',#13444,1.);
#13444 = DIRECTION('',(0.,1.));
#13445 = ( GEOMETRIC_REPRESENTATION_CONTEXT(2) 
PARAMETRIC_REPRESENTATION_CONTEXT() REPRESENTATION_CONTEXT('2D SPACE',''
  ) );
#13446 = PCURVE('',#13249,#13447);
#13447 = DEFINITIONAL_REPRESENTATION('',(#13448),#13452);
#13448 = LINE('',#13449,#13450);
#13449 = CARTESIAN_POINT('',(0.,410.));
#13450 = VECTOR('',#13451,1.);
#13451 = DIRECTION('',(1.,0.));
#13452 = ( GEOMETRIC_REPRESENTATION_CONTEXT(2) 
PARAMETRIC_REPRESENTATION_CONTEXT() REPRESENTATION_CONTEXT('2D SPACE',''
  ) );
#13453 = ORIENTED_EDGE('',*,*,#13317,.F.);
#13454 = ADVANCED_FACE('',(#13455),#13195,.F.);
#13455 = FACE_BOUND('',#13456,.F.);
#13456 = EDGE_LOOP('',(#13457,#13458,#13459,#13460));
#13457 = ORIENTED_EDGE('',*,*,#13179,.F.);
#13458 = ORIENTED_EDGE('',*,*,#13364,.T.);
#13459 = ORIENTED_EDGE('',*,*,#13294,.T.);
#13460 = ORIENTED_EDGE('',*,*,#13411,.F.);
#13461 = ADVANCED_FACE('',(#13462),#13249,.T.);
#13462 = FACE_BOUND('',#13463,.T.);
#13463 = EDGE_LOOP('',(#13464,#13465,#13466,#13467));
#13464 = ORIENTED_EDGE('',*,*,#13235,.F.);
#13465 = ORIENTED_EDGE('',*,*,#13386,.T.);
#13466 = ORIENTED_EDGE('',*,*,#13340,.T.);
#13467 = ORIENTED_EDGE('',*,*,#13433,.F.);
#13468 = ( GEOMETRIC_REPRESENTATION_CONTEXT(3) 
GLOBAL_UNCERTAINTY_ASSIGNED_CONTEXT((#13472)) 
GLOBAL_UNIT_ASSIGNED_CONTEXT((#13469,#13470,#13471)) 
REPRESENTATION_CONTEXT('Context #1',
  '3D Context with UNIT and UNCERTAINTY') );
#13469 = ( LENGTH_UNIT() NAMED_UNIT(*) SI_UNIT(.MILLI.,.METRE.) );
#13470 = ( NAMED_UNIT(*) PLANE_ANGLE_UNIT() SI_UNIT($,.RADIAN.) );
#13471 = ( NAMED_UNIT(*) SI_UNIT($,.STERADIAN.) SOLID_ANGLE_UNIT() );
#13472 = UNCERTAINTY_MEASURE_WITH_UNIT(LENGTH_MEASURE(1.E-07),#13469,
  'distance_accuracy_value','confusion accuracy');
#13473 = CONTEXT_DEPENDENT_SHAPE_REPRESENTATION(#13474,#13476);
#13474 = ( REPRESENTATION_RELATIONSHIP('','',#13137,#10) 
REPRESENTATION_RELATIONSHIP_WITH_TRANSFORMATION(#13475) 
SHAPE_REPRESENTATION_RELATIONSHIP() );
#13475 = ITEM_DEFINED_TRANSFORMATION('','',#11,#163);
#13476 = PRODUCT_DEFINITION_SHAPE('Placement','Placement of an item',
  #13477);
#13477 = NEXT_ASSEMBLY_USAGE_OCCURRENCE('38','=>[0:1:1:39]','',#5,#13132
  ,$);
#13478 = PRODUCT_RELATED_PRODUCT_CATEGORY('part',$,(#13134));
#13479 = SHAPE_DEFINITION_REPRESENTATION(#13480,#13486);
#13480 = PRODUCT_DEFINITION_SHAPE('','',#13481);
#13481 = PRODUCT_DEFINITION('design','',#13482,#13485);
#13482 = PRODUCT_DEFINITION_FORMATION('','',#13483);
#13483 = PRODUCT('COMPOUND','COMPOUND','',(#13484));
#13484 = PRODUCT_CONTEXT('',#2,'mechanical');
#13485 = PRODUCT_DEFINITION_CONTEXT('part definition',#2,'design');
#13486 = ADVANCED_BREP_SHAPE_REPRESENTATION('',(#11,#13487),#13817);
#13487 = MANIFOLD_SOLID_BREP('',#13488);
#13488 = CLOSED_SHELL('',(#13489,#13609,#13709,#13756,#13803,#13810));
#13489 = ADVANCED_FACE('',(#13490),#13504,.F.);
#13490 = FACE_BOUND('',#13491,.F.);
#13491 = EDGE_LOOP('',(#13492,#13527,#13555,#13583));
#13492 = ORIENTED_EDGE('',*,*,#13493,.F.);
#13493 = EDGE_CURVE('',#13494,#13496,#13498,.T.);
#13494 = VERTEX_POINT('',#13495);
#13495 = CARTESIAN_POINT('',(-55.,-205.,-35.));
#13496 = VERTEX_POINT('',#13497);
#13497 = CARTESIAN_POINT('',(-55.,-205.,35.));
#13498 = SURFACE_CURVE('',#13499,(#13503,#13515),.PCURVE_S1.);
#13499 = LINE('',#13500,#13501);
#13500 = CARTESIAN_POINT('',(-55.,-205.,-35.));
#13501 = VECTOR('',#13502,1.);
#13502 = DIRECTION('',(0.,0.,1.));
#13503 = PCURVE('',#13504,#13509);
#13504 = PLANE('',#13505);
#13505 = AXIS2_PLACEMENT_3D('',#13506,#13507,#13508);
#13506 = CARTESIAN_POINT('',(-55.,-205.,-35.));
#13507 = DIRECTION('',(1.,0.,-0.));
#13508 = DIRECTION('',(0.,0.,1.));
#13509 = DEFINITIONAL_REPRESENTATION('',(#13510),#13514);
#13510 = LINE('',#13511,#13512);
#13511 = CARTESIAN_POINT('',(0.,0.));
#13512 = VECTOR('',#13513,1.);
#13513 = DIRECTION('',(1.,0.));
#13514 = ( GEOMETRIC_REPRESENTATION_CONTEXT(2) 
PARAMETRIC_REPRESENTATION_CONTEXT() REPRESENTATION_CONTEXT('2D SPACE',''
  ) );
#13515 = PCURVE('',#13516,#13521);
#13516 = PLANE('',#13517);
#13517 = AXIS2_PLACEMENT_3D('',#13518,#13519,#13520);
#13518 = CARTESIAN_POINT('',(-55.,-205.,-35.));
#13519 = DIRECTION('',(-0.,1.,0.));
#13520 = DIRECTION('',(0.,0.,1.));
#13521 = DEFINITIONAL_REPRESENTATION('',(#13522),#13526);
#13522 = LINE('',#13523,#13524);
#13523 = CARTESIAN_POINT('',(0.,0.));
#13524 = VECTOR('',#13525,1.);
#13525 = DIRECTION('',(1.,0.));
#13526 = ( GEOMETRIC_REPRESENTATION_CONTEXT(2) 
PARAMETRIC_REPRESENTATION_CONTEXT() REPRESENTATION_CONTEXT('2D SPACE',''
  ) );
#13527 = ORIENTED_EDGE('',*,*,#13528,.T.);
#13528 = EDGE_CURVE('',#13494,#13529,#13531,.T.);
#13529 = VERTEX_POINT('',#13530);
#13530 = CARTESIAN_POINT('',(-55.,205.,-35.));
#13531 = SURFACE_CURVE('',#13532,(#13536,#13543),.PCURVE_S1.);
#13532 = LINE('',#13533,#13534);
#13533 = CARTESIAN_POINT('',(-55.,-205.,-35.));
#13534 = VECTOR('',#13535,1.);
#13535 = DIRECTION('',(-0.,1.,0.));
#13536 = PCURVE('',#13504,#13537);
#13537 = DEFINITIONAL_REPRESENTATION('',(#13538),#13542);
#13538 = LINE('',#13539,#13540);
#13539 = CARTESIAN_POINT('',(0.,0.));
#13540 = VECTOR('',#13541,1.);
#13541 = DIRECTION('',(0.,-1.));
#13542 = ( GEOMETRIC_REPRESENTATION_CONTEXT(2) 
PARAMETRIC_REPRESENTATION_CONTEXT() REPRESENTATION_CONTEXT('2D SPACE',''
  ) );
#13543 = PCURVE('',#13544,#13549);
#13544 = PLANE('',#13545);
#13545 = AXIS2_PLACEMENT_3D('',#13546,#13547,#13548);
#13546 = CARTESIAN_POINT('',(-55.,-205.,-35.));
#13547 = DIRECTION('',(0.,0.,1.));
#13548 = DIRECTION('',(1.,0.,-0.));
#13549 = DEFINITIONAL_REPRESENTATION('',(#13550),#13554);
#13550 = LINE('',#13551,#13552);
#13551 = CARTESIAN_POINT('',(0.,0.));
#13552 = VECTOR('',#13553,1.);
#13553 = DIRECTION('',(0.,1.));
#13554 = ( GEOMETRIC_REPRESENTATION_CONTEXT(2) 
PARAMETRIC_REPRESENTATION_CONTEXT() REPRESENTATION_CONTEXT('2D SPACE',''
  ) );
#13555 = ORIENTED_EDGE('',*,*,#13556,.T.);
#13556 = EDGE_CURVE('',#13529,#13557,#13559,.T.);
#13557 = VERTEX_POINT('',#13558);
#13558 = CARTESIAN_POINT('',(-55.,205.,35.));
#13559 = SURFACE_CURVE('',#13560,(#13564,#13571),.PCURVE_S1.);
#13560 = LINE('',#13561,#13562);
#13561 = CARTESIAN_POINT('',(-55.,205.,-35.));
#13562 = VECTOR('',#13563,1.);
#13563 = DIRECTION('',(0.,0.,1.));
#13564 = PCURVE('',#13504,#13565);
#13565 = DEFINITIONAL_REPRESENTATION('',(#13566),#13570);
#13566 = LINE('',#13567,#13568);
#13567 = CARTESIAN_POINT('',(0.,-410.));
#13568 = VECTOR('',#13569,1.);
#13569 = DIRECTION('',(1.,0.));
#13570 = ( GEOMETRIC_REPRESENTATION_CONTEXT(2) 
PARAMETRIC_REPRESENTATION_CONTEXT() REPRESENTATION_CONTEXT('2D SPACE',''
  ) );
#13571 = PCURVE('',#13572,#13577);
#13572 = PLANE('',#13573);
#13573 = AXIS2_PLACEMENT_3D('',#13574,#13575,#13576);
#13574 = CARTESIAN_POINT('',(-55.,205.,-35.));
#13575 = DIRECTION('',(-0.,1.,0.));
#13576 = DIRECTION('',(0.,0.,1.));
#13577 = DEFINITIONAL_REPRESENTATION('',(#13578),#13582);
#13578 = LINE('',#13579,#13580);
#13579 = CARTESIAN_POINT('',(0.,0.));
#13580 = VECTOR('',#13581,1.);
#13581 = DIRECTION('',(1.,0.));
#13582 = ( GEOMETRIC_REPRESENTATION_CONTEXT(2) 
PARAMETRIC_REPRESENTATION_CONTEXT() REPRESENTATION_CONTEXT('2D SPACE',''
  ) );
#13583 = ORIENTED_EDGE('',*,*,#13584,.F.);
#13584 = EDGE_CURVE('',#13496,#13557,#13585,.T.);
#13585 = SURFACE_CURVE('',#13586,(#13590,#13597),.PCURVE_S1.);
#13586 = LINE('',#13587,#13588);
#13587 = CARTESIAN_POINT('',(-55.,-205.,35.));
#13588 = VECTOR('',#13589,1.);
#13589 = DIRECTION('',(-0.,1.,0.));
#13590 = PCURVE('',#13504,#13591);
#13591 = DEFINITIONAL_REPRESENTATION('',(#13592),#13596);
#13592 = LINE('',#13593,#13594);
#13593 = CARTESIAN_POINT('',(70.,0.));
#13594 = VECTOR('',#13595,1.);
#13595 = DIRECTION('',(0.,-1.));
#13596 = ( GEOMETRIC_REPRESENTATION_CONTEXT(2) 
PARAMETRIC_REPRESENTATION_CONTEXT() REPRESENTATION_CONTEXT('2D SPACE',''
  ) );
#13597 = PCURVE('',#13598,#13603);
#13598 = PLANE('',#13599);
#13599 = AXIS2_PLACEMENT_3D('',#13600,#13601,#13602);
#13600 = CARTESIAN_POINT('',(-55.,-205.,35.));
#13601 = DIRECTION('',(0.,0.,1.));
#13602 = DIRECTION('',(1.,0.,-0.));
#13603 = DEFINITIONAL_REPRESENTATION('',(#13604),#13608);
#13604 = LINE('',#13605,#13606);
#13605 = CARTESIAN_POINT('',(0.,0.));
#13606 = VECTOR('',#13607,1.);
#13607 = DIRECTION('',(0.,1.));
#13608 = ( GEOMETRIC_REPRESENTATION_CONTEXT(2) 
PARAMETRIC_REPRESENTATION_CONTEXT() REPRESENTATION_CONTEXT('2D SPACE',''
  ) );
#13609 = ADVANCED_FACE('',(#13610),#13624,.T.);
#13610 = FACE_BOUND('',#13611,.T.);
#13611 = EDGE_LOOP('',(#13612,#13642,#13665,#13688));
#13612 = ORIENTED_EDGE('',*,*,#13613,.F.);
#13613 = EDGE_CURVE('',#13614,#13616,#13618,.T.);
#13614 = VERTEX_POINT('',#13615);
#13615 = CARTESIAN_POINT('',(55.,-205.,-35.));
#13616 = VERTEX_POINT('',#13617);
#13617 = CARTESIAN_POINT('',(55.,-205.,35.));
#13618 = SURFACE_CURVE('',#13619,(#13623,#13635),.PCURVE_S1.);
#13619 = LINE('',#13620,#13621);
#13620 = CARTESIAN_POINT('',(55.,-205.,-35.));
#13621 = VECTOR('',#13622,1.);
#13622 = DIRECTION('',(0.,0.,1.));
#13623 = PCURVE('',#13624,#13629);
#13624 = PLANE('',#13625);
#13625 = AXIS2_PLACEMENT_3D('',#13626,#13627,#13628);
#13626 = CARTESIAN_POINT('',(55.,-205.,-35.));
#13627 = DIRECTION('',(1.,0.,-0.));
#13628 = DIRECTION('',(0.,0.,1.));
#13629 = DEFINITIONAL_REPRESENTATION('',(#13630),#13634);
#13630 = LINE('',#13631,#13632);
#13631 = CARTESIAN_POINT('',(0.,0.));
#13632 = VECTOR('',#13633,1.);
#13633 = DIRECTION('',(1.,0.));
#13634 = ( GEOMETRIC_REPRESENTATION_CONTEXT(2) 
PARAMETRIC_REPRESENTATION_CONTEXT() REPRESENTATION_CONTEXT('2D SPACE',''
  ) );
#13635 = PCURVE('',#13516,#13636);
#13636 = DEFINITIONAL_REPRESENTATION('',(#13637),#13641);
#13637 = LINE('',#13638,#13639);
#13638 = CARTESIAN_POINT('',(0.,110.));
#13639 = VECTOR('',#13640,1.);
#13640 = DIRECTION('',(1.,0.));
#13641 = ( GEOMETRIC_REPRESENTATION_CONTEXT(2) 
PARAMETRIC_REPRESENTATION_CONTEXT() REPRESENTATION_CONTEXT('2D SPACE',''
  ) );
#13642 = ORIENTED_EDGE('',*,*,#13643,.T.);
#13643 = EDGE_CURVE('',#13614,#13644,#13646,.T.);
#13644 = VERTEX_POINT('',#13645);
#13645 = CARTESIAN_POINT('',(55.,205.,-35.));
#13646 = SURFACE_CURVE('',#13647,(#13651,#13658),.PCURVE_S1.);
#13647 = LINE('',#13648,#13649);
#13648 = CARTESIAN_POINT('',(55.,-205.,-35.));
#13649 = VECTOR('',#13650,1.);
#13650 = DIRECTION('',(-0.,1.,0.));
#13651 = PCURVE('',#13624,#13652);
#13652 = DEFINITIONAL_REPRESENTATION('',(#13653),#13657);
#13653 = LINE('',#13654,#13655);
#13654 = CARTESIAN_POINT('',(0.,0.));
#13655 = VECTOR('',#13656,1.);
#13656 = DIRECTION('',(0.,-1.));
#13657 = ( GEOMETRIC_REPRESENTATION_CONTEXT(2) 
PARAMETRIC_REPRESENTATION_CONTEXT() REPRESENTATION_CONTEXT('2D SPACE',''
  ) );
#13658 = PCURVE('',#13544,#13659);
#13659 = DEFINITIONAL_REPRESENTATION('',(#13660),#13664);
#13660 = LINE('',#13661,#13662);
#13661 = CARTESIAN_POINT('',(110.,0.));
#13662 = VECTOR('',#13663,1.);
#13663 = DIRECTION('',(0.,1.));
#13664 = ( GEOMETRIC_REPRESENTATION_CONTEXT(2) 
PARAMETRIC_REPRESENTATION_CONTEXT() REPRESENTATION_CONTEXT('2D SPACE',''
  ) );
#13665 = ORIENTED_EDGE('',*,*,#13666,.T.);
#13666 = EDGE_CURVE('',#13644,#13667,#13669,.T.);
#13667 = VERTEX_POINT('',#13668);
#13668 = CARTESIAN_POINT('',(55.,205.,35.));
#13669 = SURFACE_CURVE('',#13670,(#13674,#13681),.PCURVE_S1.);
#13670 = LINE('',#13671,#13672);
#13671 = CARTESIAN_POINT('',(55.,205.,-35.));
#13672 = VECTOR('',#13673,1.);
#13673 = DIRECTION('',(0.,0.,1.));
#13674 = PCURVE('',#13624,#13675);
#13675 = DEFINITIONAL_REPRESENTATION('',(#13676),#13680);
#13676 = LINE('',#13677,#13678);
#13677 = CARTESIAN_POINT('',(0.,-410.));
#13678 = VECTOR('',#13679,1.);
#13679 = DIRECTION('',(1.,0.));
#13680 = ( GEOMETRIC_REPRESENTATION_CONTEXT(2) 
PARAMETRIC_REPRESENTATION_CONTEXT() REPRESENTATION_CONTEXT('2D SPACE',''
  ) );
#13681 = PCURVE('',#13572,#13682);
#13682 = DEFINITIONAL_REPRESENTATION('',(#13683),#13687);
#13683 = LINE('',#13684,#13685);
#13684 = CARTESIAN_POINT('',(0.,110.));
#13685 = VECTOR('',#13686,1.);
#13686 = DIRECTION('',(1.,0.));
#13687 = ( GEOMETRIC_REPRESENTATION_CONTEXT(2) 
PARAMETRIC_REPRESENTATION_CONTEXT() REPRESENTATION_CONTEXT('2D SPACE',''
  ) );
#13688 = ORIENTED_EDGE('',*,*,#13689,.F.);
#13689 = EDGE_CURVE('',#13616,#13667,#13690,.T.);
#13690 = SURFACE_CURVE('',#13691,(#13695,#13702),.PCURVE_S1.);
#13691 = LINE('',#13692,#13693);
#13692 = CARTESIAN_POINT('',(55.,-205.,35.));
#13693 = VECTOR('',#13694,1.);
#13694 = DIRECTION('',(-0.,1.,0.));
#13695 = PCURVE('',#13624,#13696);
#13696 = DEFINITIONAL_REPRESENTATION('',(#13697),#13701);
#13697 = LINE('',#13698,#13699);
#13698 = CARTESIAN_POINT('',(70.,0.));
#13699 = VECTOR('',#13700,1.);
#13700 = DIRECTION('',(0.,-1.));
#13701 = ( GEOMETRIC_REPRESENTATION_CONTEXT(2) 
PARAMETRIC_REPRESENTATION_CONTEXT() REPRESENTATION_CONTEXT('2D SPACE',''
  ) );
#13702 = PCURVE('',#13598,#13703);
#13703 = DEFINITIONAL_REPRESENTATION('',(#13704),#13708);
#13704 = LINE('',#13705,#13706);
#13705 = CARTESIAN_POINT('',(110.,0.));
#13706 = VECTOR('',#13707,1.);
#13707 = DIRECTION('',(0.,1.));
#13708 = ( GEOMETRIC_REPRESENTATION_CONTEXT(2) 
PARAMETRIC_REPRESENTATION_CONTEXT() REPRESENTATION_CONTEXT('2D SPACE',''
  ) );
#13709 = ADVANCED_FACE('',(#13710),#13516,.F.);
#13710 = FACE_BOUND('',#13711,.F.);
#13711 = EDGE_LOOP('',(#13712,#13733,#13734,#13755));
#13712 = ORIENTED_EDGE('',*,*,#13713,.F.);
#13713 = EDGE_CURVE('',#13494,#13614,#13714,.T.);
#13714 = SURFACE_CURVE('',#13715,(#13719,#13726),.PCURVE_S1.);
#13715 = LINE('',#13716,#13717);
#13716 = CARTESIAN_POINT('',(-55.,-205.,-35.));
#13717 = VECTOR('',#13718,1.);
#13718 = DIRECTION('',(1.,0.,-0.));
#13719 = PCURVE('',#13516,#13720);
#13720 = DEFINITIONAL_REPRESENTATION('',(#13721),#13725);
#13721 = LINE('',#13722,#13723);
#13722 = CARTESIAN_POINT('',(0.,0.));
#13723 = VECTOR('',#13724,1.);
#13724 = DIRECTION('',(0.,1.));
#13725 = ( GEOMETRIC_REPRESENTATION_CONTEXT(2) 
PARAMETRIC_REPRESENTATION_CONTEXT() REPRESENTATION_CONTEXT('2D SPACE',''
  ) );
#13726 = PCURVE('',#13544,#13727);
#13727 = DEFINITIONAL_REPRESENTATION('',(#13728),#13732);
#13728 = LINE('',#13729,#13730);
#13729 = CARTESIAN_POINT('',(0.,0.));
#13730 = VECTOR('',#13731,1.);
#13731 = DIRECTION('',(1.,0.));
#13732 = ( GEOMETRIC_REPRESENTATION_CONTEXT(2) 
PARAMETRIC_REPRESENTATION_CONTEXT() REPRESENTATION_CONTEXT('2D SPACE',''
  ) );
#13733 = ORIENTED_EDGE('',*,*,#13493,.T.);
#13734 = ORIENTED_EDGE('',*,*,#13735,.T.);
#13735 = EDGE_CURVE('',#13496,#13616,#13736,.T.);
#13736 = SURFACE_CURVE('',#13737,(#13741,#13748),.PCURVE_S1.);
#13737 = LINE('',#13738,#13739);
#13738 = CARTESIAN_POINT('',(-55.,-205.,35.));
#13739 = VECTOR('',#13740,1.);
#13740 = DIRECTION('',(1.,0.,-0.));
#13741 = PCURVE('',#13516,#13742);
#13742 = DEFINITIONAL_REPRESENTATION('',(#13743),#13747);
#13743 = LINE('',#13744,#13745);
#13744 = CARTESIAN_POINT('',(70.,0.));
#13745 = VECTOR('',#13746,1.);
#13746 = DIRECTION('',(0.,1.));
#13747 = ( GEOMETRIC_REPRESENTATION_CONTEXT(2) 
PARAMETRIC_REPRESENTATION_CONTEXT() REPRESENTATION_CONTEXT('2D SPACE',''
  ) );
#13748 = PCURVE('',#13598,#13749);
#13749 = DEFINITIONAL_REPRESENTATION('',(#13750),#13754);
#13750 = LINE('',#13751,#13752);
#13751 = CARTESIAN_POINT('',(0.,0.));
#13752 = VECTOR('',#13753,1.);
#13753 = DIRECTION('',(1.,0.));
#13754 = ( GEOMETRIC_REPRESENTATION_CONTEXT(2) 
PARAMETRIC_REPRESENTATION_CONTEXT() REPRESENTATION_CONTEXT('2D SPACE',''
  ) );
#13755 = ORIENTED_EDGE('',*,*,#13613,.F.);
#13756 = ADVANCED_FACE('',(#13757),#13572,.T.);
#13757 = FACE_BOUND('',#13758,.T.);
#13758 = EDGE_LOOP('',(#13759,#13780,#13781,#13802));
#13759 = ORIENTED_EDGE('',*,*,#13760,.F.);
#13760 = EDGE_CURVE('',#13529,#13644,#13761,.T.);
#13761 = SURFACE_CURVE('',#13762,(#13766,#13773),.PCURVE_S1.);
#13762 = LINE('',#13763,#13764);
#13763 = CARTESIAN_POINT('',(-55.,205.,-35.));
#13764 = VECTOR('',#13765,1.);
#13765 = DIRECTION('',(1.,0.,-0.));
#13766 = PCURVE('',#13572,#13767);
#13767 = DEFINITIONAL_REPRESENTATION('',(#13768),#13772);
#13768 = LINE('',#13769,#13770);
#13769 = CARTESIAN_POINT('',(0.,0.));
#13770 = VECTOR('',#13771,1.);
#13771 = DIRECTION('',(0.,1.));
#13772 = ( GEOMETRIC_REPRESENTATION_CONTEXT(2) 
PARAMETRIC_REPRESENTATION_CONTEXT() REPRESENTATION_CONTEXT('2D SPACE',''
  ) );
#13773 = PCURVE('',#13544,#13774);
#13774 = DEFINITIONAL_REPRESENTATION('',(#13775),#13779);
#13775 = LINE('',#13776,#13777);
#13776 = CARTESIAN_POINT('',(0.,410.));
#13777 = VECTOR('',#13778,1.);
#13778 = DIRECTION('',(1.,0.));
#13779 = ( GEOMETRIC_REPRESENTATION_CONTEXT(2) 
PARAMETRIC_REPRESENTATION_CONTEXT() REPRESENTATION_CONTEXT('2D SPACE',''
  ) );
#13780 = ORIENTED_EDGE('',*,*,#13556,.T.);
#13781 = ORIENTED_EDGE('',*,*,#13782,.T.);
#13782 = EDGE_CURVE('',#13557,#13667,#13783,.T.);
#13783 = SURFACE_CURVE('',#13784,(#13788,#13795),.PCURVE_S1.);
#13784 = LINE('',#13785,#13786);
#13785 = CARTESIAN_POINT('',(-55.,205.,35.));
#13786 = VECTOR('',#13787,1.);
#13787 = DIRECTION('',(1.,0.,-0.));
#13788 = PCURVE('',#13572,#13789);
#13789 = DEFINITIONAL_REPRESENTATION('',(#13790),#13794);
#13790 = LINE('',#13791,#13792);
#13791 = CARTESIAN_POINT('',(70.,0.));
#13792 = VECTOR('',#13793,1.);
#13793 = DIRECTION('',(0.,1.));
#13794 = ( GEOMETRIC_REPRESENTATION_CONTEXT(2) 
PARAMETRIC_REPRESENTATION_CONTEXT() REPRESENTATION_CONTEXT('2D SPACE',''
  ) );
#13795 = PCURVE('',#13598,#13796);
#13796 = DEFINITIONAL_REPRESENTATION('',(#13797),#13801);
#13797 = LINE('',#13798,#13799);
#13798 = CARTESIAN_POINT('',(0.,410.));
#13799 = VECTOR('',#13800,1.);
#13800 = DIRECTION('',(1.,0.));
#13801 = ( GEOMETRIC_REPRESENTATION_CONTEXT(2) 
PARAMETRIC_REPRESENTATION_CONTEXT() REPRESENTATION_CONTEXT('2D SPACE',''
  ) );
#13802 = ORIENTED_EDGE('',*,*,#13666,.F.);
#13803 = ADVANCED_FACE('',(#13804),#13544,.F.);
#13804 = FACE_BOUND('',#13805,.F.);
#13805 = EDGE_LOOP('',(#13806,#13807,#13808,#13809));
#13806 = ORIENTED_EDGE('',*,*,#13528,.F.);
#13807 = ORIENTED_EDGE('',*,*,#13713,.T.);
#13808 = ORIENTED_EDGE('',*,*,#13643,.T.);
#13809 = ORIENTED_EDGE('',*,*,#13760,.F.);
#13810 = ADVANCED_FACE('',(#13811),#13598,.T.);
#13811 = FACE_BOUND('',#13812,.T.);
#13812 = EDGE_LOOP('',(#13813,#13814,#13815,#13816));
#13813 = ORIENTED_EDGE('',*,*,#13584,.F.);
#13814 = ORIENTED_EDGE('',*,*,#13735,.T.);
#13815 = ORIENTED_EDGE('',*,*,#13689,.T.);
#13816 = ORIENTED_EDGE('',*,*,#13782,.F.);
#13817 = ( GEOMETRIC_REPRESENTATION_CONTEXT(3) 
GLOBAL_UNCERTAINTY_ASSIGNED_CONTEXT((#13821)) 
GLOBAL_UNIT_ASSIGNED_CONTEXT((#13818,#13819,#13820)) 
REPRESENTATION_CONTEXT('Context #1',
  '3D Context with UNIT and UNCERTAINTY') );
#13818 = ( LENGTH_UNIT() NAMED_UNIT(*) SI_UNIT(.MILLI.,.METRE.) );
#13819 = ( NAMED_UNIT(*) PLANE_ANGLE_UNIT() SI_UNIT($,.RADIAN.) );
#13820 = ( NAMED_UNIT(*) SI_UNIT($,.STERADIAN.) SOLID_ANGLE_UNIT() );
#13821 = UNCERTAINTY_MEASURE_WITH_UNIT(LENGTH_MEASURE(1.E-07),#13818,
  'distance_accuracy_value','confusion accuracy');
#13822 = CONTEXT_DEPENDENT_SHAPE_REPRESENTATION(#13823,#13825);
#13823 = ( REPRESENTATION_RELATIONSHIP('','',#13486,#10) 
REPRESENTATION_RELATIONSHIP_WITH_TRANSFORMATION(#13824) 
SHAPE_REPRESENTATION_RELATIONSHIP() );
#13824 = ITEM_DEFINED_TRANSFORMATION('','',#11,#167);
#13825 = PRODUCT_DEFINITION_SHAPE('Placement','Placement of an item',
  #13826);
#13826 = NEXT_ASSEMBLY_USAGE_OCCURRENCE('39','=>[0:1:1:40]','',#5,#13481
  ,$);
#13827 = PRODUCT_RELATED_PRODUCT_CATEGORY('part',$,(#13483));
#13828 = SHAPE_DEFINITION_REPRESENTATION(#13829,#13835);
#13829 = PRODUCT_DEFINITION_SHAPE('','',#13830);
#13830 = PRODUCT_DEFINITION('design','',#13831,#13834);
#13831 = PRODUCT_DEFINITION_FORMATION('','',#13832);
#13832 = PRODUCT('COMPOUND','COMPOUND','',(#13833));
#13833 = PRODUCT_CONTEXT('',#2,'mechanical');
#13834 = PRODUCT_DEFINITION_CONTEXT('part definition',#2,'design');
#13835 = ADVANCED_BREP_SHAPE_REPRESENTATION('',(#11,#13836),#14166);
#13836 = MANIFOLD_SOLID_BREP('',#13837);
#13837 = CLOSED_SHELL('',(#13838,#13958,#14058,#14105,#14152,#14159));
#13838 = ADVANCED_FACE('',(#13839),#13853,.F.);
#13839 = FACE_BOUND('',#13840,.F.);
#13840 = EDGE_LOOP('',(#13841,#13876,#13904,#13932));
#13841 = ORIENTED_EDGE('',*,*,#13842,.F.);
#13842 = EDGE_CURVE('',#13843,#13845,#13847,.T.);
#13843 = VERTEX_POINT('',#13844);
#13844 = CARTESIAN_POINT('',(-50.,-150.,-170.));
#13845 = VERTEX_POINT('',#13846);
#13846 = CARTESIAN_POINT('',(-50.,-150.,170.));
#13847 = SURFACE_CURVE('',#13848,(#13852,#13864),.PCURVE_S1.);
#13848 = LINE('',#13849,#13850);
#13849 = CARTESIAN_POINT('',(-50.,-150.,-170.));
#13850 = VECTOR('',#13851,1.);
#13851 = DIRECTION('',(0.,0.,1.));
#13852 = PCURVE('',#13853,#13858);
#13853 = PLANE('',#13854);
#13854 = AXIS2_PLACEMENT_3D('',#13855,#13856,#13857);
#13855 = CARTESIAN_POINT('',(-50.,-150.,-170.));
#13856 = DIRECTION('',(1.,0.,-0.));
#13857 = DIRECTION('',(0.,0.,1.));
#13858 = DEFINITIONAL_REPRESENTATION('',(#13859),#13863);
#13859 = LINE('',#13860,#13861);
#13860 = CARTESIAN_POINT('',(0.,0.));
#13861 = VECTOR('',#13862,1.);
#13862 = DIRECTION('',(1.,0.));
#13863 = ( GEOMETRIC_REPRESENTATION_CONTEXT(2) 
PARAMETRIC_REPRESENTATION_CONTEXT() REPRESENTATION_CONTEXT('2D SPACE',''
  ) );
#13864 = PCURVE('',#13865,#13870);
#13865 = PLANE('',#13866);
#13866 = AXIS2_PLACEMENT_3D('',#13867,#13868,#13869);
#13867 = CARTESIAN_POINT('',(-50.,-150.,-170.));
#13868 = DIRECTION('',(-0.,1.,0.));
#13869 = DIRECTION('',(0.,0.,1.));
#13870 = DEFINITIONAL_REPRESENTATION('',(#13871),#13875);
#13871 = LINE('',#13872,#13873);
#13872 = CARTESIAN_POINT('',(0.,0.));
#13873 = VECTOR('',#13874,1.);
#13874 = DIRECTION('',(1.,0.));
#13875 = ( GEOMETRIC_REPRESENTATION_CONTEXT(2) 
PARAMETRIC_REPRESENTATION_CONTEXT() REPRESENTATION_CONTEXT('2D SPACE',''
  ) );
#13876 = ORIENTED_EDGE('',*,*,#13877,.T.);
#13877 = EDGE_CURVE('',#13843,#13878,#13880,.T.);
#13878 = VERTEX_POINT('',#13879);
#13879 = CARTESIAN_POINT('',(-50.,150.,-170.));
#13880 = SURFACE_CURVE('',#13881,(#13885,#13892),.PCURVE_S1.);
#13881 = LINE('',#13882,#13883);
#13882 = CARTESIAN_POINT('',(-50.,-150.,-170.));
#13883 = VECTOR('',#13884,1.);
#13884 = DIRECTION('',(-0.,1.,0.));
#13885 = PCURVE('',#13853,#13886);
#13886 = DEFINITIONAL_REPRESENTATION('',(#13887),#13891);
#13887 = LINE('',#13888,#13889);
#13888 = CARTESIAN_POINT('',(0.,0.));
#13889 = VECTOR('',#13890,1.);
#13890 = DIRECTION('',(0.,-1.));
#13891 = ( GEOMETRIC_REPRESENTATION_CONTEXT(2) 
PARAMETRIC_REPRESENTATION_CONTEXT() REPRESENTATION_CONTEXT('2D SPACE',''
  ) );
#13892 = PCURVE('',#13893,#13898);
#13893 = PLANE('',#13894);
#13894 = AXIS2_PLACEMENT_3D('',#13895,#13896,#13897);
#13895 = CARTESIAN_POINT('',(-50.,-150.,-170.));
#13896 = DIRECTION('',(0.,0.,1.));
#13897 = DIRECTION('',(1.,0.,-0.));
#13898 = DEFINITIONAL_REPRESENTATION('',(#13899),#13903);
#13899 = LINE('',#13900,#13901);
#13900 = CARTESIAN_POINT('',(0.,0.));
#13901 = VECTOR('',#13902,1.);
#13902 = DIRECTION('',(0.,1.));
#13903 = ( GEOMETRIC_REPRESENTATION_CONTEXT(2) 
PARAMETRIC_REPRESENTATION_CONTEXT() REPRESENTATION_CONTEXT('2D SPACE',''
  ) );
#13904 = ORIENTED_EDGE('',*,*,#13905,.T.);
#13905 = EDGE_CURVE('',#13878,#13906,#13908,.T.);
#13906 = VERTEX_POINT('',#13907);
#13907 = CARTESIAN_POINT('',(-50.,150.,170.));
#13908 = SURFACE_CURVE('',#13909,(#13913,#13920),.PCURVE_S1.);
#13909 = LINE('',#13910,#13911);
#13910 = CARTESIAN_POINT('',(-50.,150.,-170.));
#13911 = VECTOR('',#13912,1.);
#13912 = DIRECTION('',(0.,0.,1.));
#13913 = PCURVE('',#13853,#13914);
#13914 = DEFINITIONAL_REPRESENTATION('',(#13915),#13919);
#13915 = LINE('',#13916,#13917);
#13916 = CARTESIAN_POINT('',(0.,-300.));
#13917 = VECTOR('',#13918,1.);
#13918 = DIRECTION('',(1.,0.));
#13919 = ( GEOMETRIC_REPRESENTATION_CONTEXT(2) 
PARAMETRIC_REPRESENTATION_CONTEXT() REPRESENTATION_CONTEXT('2D SPACE',''
  ) );
#13920 = PCURVE('',#13921,#13926);
#13921 = PLANE('',#13922);
#13922 = AXIS2_PLACEMENT_3D('',#13923,#13924,#13925);
#13923 = CARTESIAN_POINT('',(-50.,150.,-170.));
#13924 = DIRECTION('',(-0.,1.,0.));
#13925 = DIRECTION('',(0.,0.,1.));
#13926 = DEFINITIONAL_REPRESENTATION('',(#13927),#13931);
#13927 = LINE('',#13928,#13929);
#13928 = CARTESIAN_POINT('',(0.,0.));
#13929 = VECTOR('',#13930,1.);
#13930 = DIRECTION('',(1.,0.));
#13931 = ( GEOMETRIC_REPRESENTATION_CONTEXT(2) 
PARAMETRIC_REPRESENTATION_CONTEXT() REPRESENTATION_CONTEXT('2D SPACE',''
  ) );
#13932 = ORIENTED_EDGE('',*,*,#13933,.F.);
#13933 = EDGE_CURVE('',#13845,#13906,#13934,.T.);
#13934 = SURFACE_CURVE('',#13935,(#13939,#13946),.PCURVE_S1.);
#13935 = LINE('',#13936,#13937);
#13936 = CARTESIAN_POINT('',(-50.,-150.,170.));
#13937 = VECTOR('',#13938,1.);
#13938 = DIRECTION('',(-0.,1.,0.));
#13939 = PCURVE('',#13853,#13940);
#13940 = DEFINITIONAL_REPRESENTATION('',(#13941),#13945);
#13941 = LINE('',#13942,#13943);
#13942 = CARTESIAN_POINT('',(340.,0.));
#13943 = VECTOR('',#13944,1.);
#13944 = DIRECTION('',(0.,-1.));
#13945 = ( GEOMETRIC_REPRESENTATION_CONTEXT(2) 
PARAMETRIC_REPRESENTATION_CONTEXT() REPRESENTATION_CONTEXT('2D SPACE',''
  ) );
#13946 = PCURVE('',#13947,#13952);
#13947 = PLANE('',#13948);
#13948 = AXIS2_PLACEMENT_3D('',#13949,#13950,#13951);
#13949 = CARTESIAN_POINT('',(-50.,-150.,170.));
#13950 = DIRECTION('',(0.,0.,1.));
#13951 = DIRECTION('',(1.,0.,-0.));
#13952 = DEFINITIONAL_REPRESENTATION('',(#13953),#13957);
#13953 = LINE('',#13954,#13955);
#13954 = CARTESIAN_POINT('',(0.,0.));
#13955 = VECTOR('',#13956,1.);
#13956 = DIRECTION('',(0.,1.));
#13957 = ( GEOMETRIC_REPRESENTATION_CONTEXT(2) 
PARAMETRIC_REPRESENTATION_CONTEXT() REPRESENTATION_CONTEXT('2D SPACE',''
  ) );
#13958 = ADVANCED_FACE('',(#13959),#13973,.T.);
#13959 = FACE_BOUND('',#13960,.T.);
#13960 = EDGE_LOOP('',(#13961,#13991,#14014,#14037));
#13961 = ORIENTED_EDGE('',*,*,#13962,.F.);
#13962 = EDGE_CURVE('',#13963,#13965,#13967,.T.);
#13963 = VERTEX_POINT('',#13964);
#13964 = CARTESIAN_POINT('',(50.,-150.,-170.));
#13965 = VERTEX_POINT('',#13966);
#13966 = CARTESIAN_POINT('',(50.,-150.,170.));
#13967 = SURFACE_CURVE('',#13968,(#13972,#13984),.PCURVE_S1.);
#13968 = LINE('',#13969,#13970);
#13969 = CARTESIAN_POINT('',(50.,-150.,-170.));
#13970 = VECTOR('',#13971,1.);
#13971 = DIRECTION('',(0.,0.,1.));
#13972 = PCURVE('',#13973,#13978);
#13973 = PLANE('',#13974);
#13974 = AXIS2_PLACEMENT_3D('',#13975,#13976,#13977);
#13975 = CARTESIAN_POINT('',(50.,-150.,-170.));
#13976 = DIRECTION('',(1.,0.,-0.));
#13977 = DIRECTION('',(0.,0.,1.));
#13978 = DEFINITIONAL_REPRESENTATION('',(#13979),#13983);
#13979 = LINE('',#13980,#13981);
#13980 = CARTESIAN_POINT('',(0.,0.));
#13981 = VECTOR('',#13982,1.);
#13982 = DIRECTION('',(1.,0.));
#13983 = ( GEOMETRIC_REPRESENTATION_CONTEXT(2) 
PARAMETRIC_REPRESENTATION_CONTEXT() REPRESENTATION_CONTEXT('2D SPACE',''
  ) );
#13984 = PCURVE('',#13865,#13985);
#13985 = DEFINITIONAL_REPRESENTATION('',(#13986),#13990);
#13986 = LINE('',#13987,#13988);
#13987 = CARTESIAN_POINT('',(0.,100.));
#13988 = VECTOR('',#13989,1.);
#13989 = DIRECTION('',(1.,0.));
#13990 = ( GEOMETRIC_REPRESENTATION_CONTEXT(2) 
PARAMETRIC_REPRESENTATION_CONTEXT() REPRESENTATION_CONTEXT('2D SPACE',''
  ) );
#13991 = ORIENTED_EDGE('',*,*,#13992,.T.);
#13992 = EDGE_CURVE('',#13963,#13993,#13995,.T.);
#13993 = VERTEX_POINT('',#13994);
#13994 = CARTESIAN_POINT('',(50.,150.,-170.));
#13995 = SURFACE_CURVE('',#13996,(#14000,#14007),.PCURVE_S1.);
#13996 = LINE('',#13997,#13998);
#13997 = CARTESIAN_POINT('',(50.,-150.,-170.));
#13998 = VECTOR('',#13999,1.);
#13999 = DIRECTION('',(-0.,1.,0.));
#14000 = PCURVE('',#13973,#14001);
#14001 = DEFINITIONAL_REPRESENTATION('',(#14002),#14006);
#14002 = LINE('',#14003,#14004);
#14003 = CARTESIAN_POINT('',(0.,0.));
#14004 = VECTOR('',#14005,1.);
#14005 = DIRECTION('',(0.,-1.));
#14006 = ( GEOMETRIC_REPRESENTATION_CONTEXT(2) 
PARAMETRIC_REPRESENTATION_CONTEXT() REPRESENTATION_CONTEXT('2D SPACE',''
  ) );
#14007 = PCURVE('',#13893,#14008);
#14008 = DEFINITIONAL_REPRESENTATION('',(#14009),#14013);
#14009 = LINE('',#14010,#14011);
#14010 = CARTESIAN_POINT('',(100.,0.));
#14011 = VECTOR('',#14012,1.);
#14012 = DIRECTION('',(0.,1.));
#14013 = ( GEOMETRIC_REPRESENTATION_CONTEXT(2) 
PARAMETRIC_REPRESENTATION_CONTEXT() REPRESENTATION_CONTEXT('2D SPACE',''
  ) );
#14014 = ORIENTED_EDGE('',*,*,#14015,.T.);
#14015 = EDGE_CURVE('',#13993,#14016,#14018,.T.);
#14016 = VERTEX_POINT('',#14017);
#14017 = CARTESIAN_POINT('',(50.,150.,170.));
#14018 = SURFACE_CURVE('',#14019,(#14023,#14030),.PCURVE_S1.);
#14019 = LINE('',#14020,#14021);
#14020 = CARTESIAN_POINT('',(50.,150.,-170.));
#14021 = VECTOR('',#14022,1.);
#14022 = DIRECTION('',(0.,0.,1.));
#14023 = PCURVE('',#13973,#14024);
#14024 = DEFINITIONAL_REPRESENTATION('',(#14025),#14029);
#14025 = LINE('',#14026,#14027);
#14026 = CARTESIAN_POINT('',(0.,-300.));
#14027 = VECTOR('',#14028,1.);
#14028 = DIRECTION('',(1.,0.));
#14029 = ( GEOMETRIC_REPRESENTATION_CONTEXT(2) 
PARAMETRIC_REPRESENTATION_CONTEXT() REPRESENTATION_CONTEXT('2D SPACE',''
  ) );
#14030 = PCURVE('',#13921,#14031);
#14031 = DEFINITIONAL_REPRESENTATION('',(#14032),#14036);
#14032 = LINE('',#14033,#14034);
#14033 = CARTESIAN_POINT('',(0.,100.));
#14034 = VECTOR('',#14035,1.);
#14035 = DIRECTION('',(1.,0.));
#14036 = ( GEOMETRIC_REPRESENTATION_CONTEXT(2) 
PARAMETRIC_REPRESENTATION_CONTEXT() REPRESENTATION_CONTEXT('2D SPACE',''
  ) );
#14037 = ORIENTED_EDGE('',*,*,#14038,.F.);
#14038 = EDGE_CURVE('',#13965,#14016,#14039,.T.);
#14039 = SURFACE_CURVE('',#14040,(#14044,#14051),.PCURVE_S1.);
#14040 = LINE('',#14041,#14042);
#14041 = CARTESIAN_POINT('',(50.,-150.,170.));
#14042 = VECTOR('',#14043,1.);
#14043 = DIRECTION('',(-0.,1.,0.));
#14044 = PCURVE('',#13973,#14045);
#14045 = DEFINITIONAL_REPRESENTATION('',(#14046),#14050);
#14046 = LINE('',#14047,#14048);
#14047 = CARTESIAN_POINT('',(340.,0.));
#14048 = VECTOR('',#14049,1.);
#14049 = DIRECTION('',(0.,-1.));
#14050 = ( GEOMETRIC_REPRESENTATION_CONTEXT(2) 
PARAMETRIC_REPRESENTATION_CONTEXT() REPRESENTATION_CONTEXT('2D SPACE',''
  ) );
#14051 = PCURVE('',#13947,#14052);
#14052 = DEFINITIONAL_REPRESENTATION('',(#14053),#14057);
#14053 = LINE('',#14054,#14055);
#14054 = CARTESIAN_POINT('',(100.,0.));
#14055 = VECTOR('',#14056,1.);
#14056 = DIRECTION('',(0.,1.));
#14057 = ( GEOMETRIC_REPRESENTATION_CONTEXT(2) 
PARAMETRIC_REPRESENTATION_CONTEXT() REPRESENTATION_CONTEXT('2D SPACE',''
  ) );
#14058 = ADVANCED_FACE('',(#14059),#13865,.F.);
#14059 = FACE_BOUND('',#14060,.F.);
#14060 = EDGE_LOOP('',(#14061,#14082,#14083,#14104));
#14061 = ORIENTED_EDGE('',*,*,#14062,.F.);
#14062 = EDGE_CURVE('',#13843,#13963,#14063,.T.);
#14063 = SURFACE_CURVE('',#14064,(#14068,#14075),.PCURVE_S1.);
#14064 = LINE('',#14065,#14066);
#14065 = CARTESIAN_POINT('',(-50.,-150.,-170.));
#14066 = VECTOR('',#14067,1.);
#14067 = DIRECTION('',(1.,0.,-0.));
#14068 = PCURVE('',#13865,#14069);
#14069 = DEFINITIONAL_REPRESENTATION('',(#14070),#14074);
#14070 = LINE('',#14071,#14072);
#14071 = CARTESIAN_POINT('',(0.,0.));
#14072 = VECTOR('',#14073,1.);
#14073 = DIRECTION('',(0.,1.));
#14074 = ( GEOMETRIC_REPRESENTATION_CONTEXT(2) 
PARAMETRIC_REPRESENTATION_CONTEXT() REPRESENTATION_CONTEXT('2D SPACE',''
  ) );
#14075 = PCURVE('',#13893,#14076);
#14076 = DEFINITIONAL_REPRESENTATION('',(#14077),#14081);
#14077 = LINE('',#14078,#14079);
#14078 = CARTESIAN_POINT('',(0.,0.));
#14079 = VECTOR('',#14080,1.);
#14080 = DIRECTION('',(1.,0.));
#14081 = ( GEOMETRIC_REPRESENTATION_CONTEXT(2) 
PARAMETRIC_REPRESENTATION_CONTEXT() REPRESENTATION_CONTEXT('2D SPACE',''
  ) );
#14082 = ORIENTED_EDGE('',*,*,#13842,.T.);
#14083 = ORIENTED_EDGE('',*,*,#14084,.T.);
#14084 = EDGE_CURVE('',#13845,#13965,#14085,.T.);
#14085 = SURFACE_CURVE('',#14086,(#14090,#14097),.PCURVE_S1.);
#14086 = LINE('',#14087,#14088);
#14087 = CARTESIAN_POINT('',(-50.,-150.,170.));
#14088 = VECTOR('',#14089,1.);
#14089 = DIRECTION('',(1.,0.,-0.));
#14090 = PCURVE('',#13865,#14091);
#14091 = DEFINITIONAL_REPRESENTATION('',(#14092),#14096);
#14092 = LINE('',#14093,#14094);
#14093 = CARTESIAN_POINT('',(340.,0.));
#14094 = VECTOR('',#14095,1.);
#14095 = DIRECTION('',(0.,1.));
#14096 = ( GEOMETRIC_REPRESENTATION_CONTEXT(2) 
PARAMETRIC_REPRESENTATION_CONTEXT() REPRESENTATION_CONTEXT('2D SPACE',''
  ) );
#14097 = PCURVE('',#13947,#14098);
#14098 = DEFINITIONAL_REPRESENTATION('',(#14099),#14103);
#14099 = LINE('',#14100,#14101);
#14100 = CARTESIAN_POINT('',(0.,0.));
#14101 = VECTOR('',#14102,1.);
#14102 = DIRECTION('',(1.,0.));
#14103 = ( GEOMETRIC_REPRESENTATION_CONTEXT(2) 
PARAMETRIC_REPRESENTATION_CONTEXT() REPRESENTATION_CONTEXT('2D SPACE',''
  ) );
#14104 = ORIENTED_EDGE('',*,*,#13962,.F.);
#14105 = ADVANCED_FACE('',(#14106),#13921,.T.);
#14106 = FACE_BOUND('',#14107,.T.);
#14107 = EDGE_LOOP('',(#14108,#14129,#14130,#14151));
#14108 = ORIENTED_EDGE('',*,*,#14109,.F.);
#14109 = EDGE_CURVE('',#13878,#13993,#14110,.T.);
#14110 = SURFACE_CURVE('',#14111,(#14115,#14122),.PCURVE_S1.);
#14111 = LINE('',#14112,#14113);
#14112 = CARTESIAN_POINT('',(-50.,150.,-170.));
#14113 = VECTOR('',#14114,1.);
#14114 = DIRECTION('',(1.,0.,-0.));
#14115 = PCURVE('',#13921,#14116);
#14116 = DEFINITIONAL_REPRESENTATION('',(#14117),#14121);
#14117 = LINE('',#14118,#14119);
#14118 = CARTESIAN_POINT('',(0.,0.));
#14119 = VECTOR('',#14120,1.);
#14120 = DIRECTION('',(0.,1.));
#14121 = ( GEOMETRIC_REPRESENTATION_CONTEXT(2) 
PARAMETRIC_REPRESENTATION_CONTEXT() REPRESENTATION_CONTEXT('2D SPACE',''
  ) );
#14122 = PCURVE('',#13893,#14123);
#14123 = DEFINITIONAL_REPRESENTATION('',(#14124),#14128);
#14124 = LINE('',#14125,#14126);
#14125 = CARTESIAN_POINT('',(0.,300.));
#14126 = VECTOR('',#14127,1.);
#14127 = DIRECTION('',(1.,0.));
#14128 = ( GEOMETRIC_REPRESENTATION_CONTEXT(2) 
PARAMETRIC_REPRESENTATION_CONTEXT() REPRESENTATION_CONTEXT('2D SPACE',''
  ) );
#14129 = ORIENTED_EDGE('',*,*,#13905,.T.);
#14130 = ORIENTED_EDGE('',*,*,#14131,.T.);
#14131 = EDGE_CURVE('',#13906,#14016,#14132,.T.);
#14132 = SURFACE_CURVE('',#14133,(#14137,#14144),.PCURVE_S1.);
#14133 = LINE('',#14134,#14135);
#14134 = CARTESIAN_POINT('',(-50.,150.,170.));
#14135 = VECTOR('',#14136,1.);
#14136 = DIRECTION('',(1.,0.,-0.));
#14137 = PCURVE('',#13921,#14138);
#14138 = DEFINITIONAL_REPRESENTATION('',(#14139),#14143);
#14139 = LINE('',#14140,#14141);
#14140 = CARTESIAN_POINT('',(340.,0.));
#14141 = VECTOR('',#14142,1.);
#14142 = DIRECTION('',(0.,1.));
#14143 = ( GEOMETRIC_REPRESENTATION_CONTEXT(2) 
PARAMETRIC_REPRESENTATION_CONTEXT() REPRESENTATION_CONTEXT('2D SPACE',''
  ) );
#14144 = PCURVE('',#13947,#14145);
#14145 = DEFINITIONAL_REPRESENTATION('',(#14146),#14150);
#14146 = LINE('',#14147,#14148);
#14147 = CARTESIAN_POINT('',(0.,300.));
#14148 = VECTOR('',#14149,1.);
#14149 = DIRECTION('',(1.,0.));
#14150 = ( GEOMETRIC_REPRESENTATION_CONTEXT(2) 
PARAMETRIC_REPRESENTATION_CONTEXT() REPRESENTATION_CONTEXT('2D SPACE',''
  ) );
#14151 = ORIENTED_EDGE('',*,*,#14015,.F.);
#14152 = ADVANCED_FACE('',(#14153),#13893,.F.);
#14153 = FACE_BOUND('',#14154,.F.);
#14154 = EDGE_LOOP('',(#14155,#14156,#14157,#14158));
#14155 = ORIENTED_EDGE('',*,*,#13877,.F.);
#14156 = ORIENTED_EDGE('',*,*,#14062,.T.);
#14157 = ORIENTED_EDGE('',*,*,#13992,.T.);
#14158 = ORIENTED_EDGE('',*,*,#14109,.F.);
#14159 = ADVANCED_FACE('',(#14160),#13947,.T.);
#14160 = FACE_BOUND('',#14161,.T.);
#14161 = EDGE_LOOP('',(#14162,#14163,#14164,#14165));
#14162 = ORIENTED_EDGE('',*,*,#13933,.F.);
#14163 = ORIENTED_EDGE('',*,*,#14084,.T.);
#14164 = ORIENTED_EDGE('',*,*,#14038,.T.);
#14165 = ORIENTED_EDGE('',*,*,#14131,.F.);
#14166 = ( GEOMETRIC_REPRESENTATION_CONTEXT(3) 
GLOBAL_UNCERTAINTY_ASSIGNED_CONTEXT((#14170)) 
GLOBAL_UNIT_ASSIGNED_CONTEXT((#14167,#14168,#14169)) 
REPRESENTATION_CONTEXT('Context #1',
  '3D Context with UNIT and UNCERTAINTY') );
#14167 = ( LENGTH_UNIT() NAMED_UNIT(*) SI_UNIT(.MILLI.,.METRE.) );
#14168 = ( NAMED_UNIT(*) PLANE_ANGLE_UNIT() SI_UNIT($,.RADIAN.) );
#14169 = ( NAMED_UNIT(*) SI_UNIT($,.STERADIAN.) SOLID_ANGLE_UNIT() );
#14170 = UNCERTAINTY_MEASURE_WITH_UNIT(LENGTH_MEASURE(1.E-07),#14167,
  'distance_accuracy_value','confusion accuracy');
#14171 = CONTEXT_DEPENDENT_SHAPE_REPRESENTATION(#14172,#14174);
#14172 = ( REPRESENTATION_RELATIONSHIP('','',#13835,#10) 
REPRESENTATION_RELATIONSHIP_WITH_TRANSFORMATION(#14173) 
SHAPE_REPRESENTATION_RELATIONSHIP() );
#14173 = ITEM_DEFINED_TRANSFORMATION('','',#11,#171);
#14174 = PRODUCT_DEFINITION_SHAPE('Placement','Placement of an item',
  #14175);
#14175 = NEXT_ASSEMBLY_USAGE_OCCURRENCE('40','=>[0:1:1:41]','',#5,#13830
  ,$);
#14176 = PRODUCT_RELATED_PRODUCT_CATEGORY('part',$,(#13832));
#14177 = SHAPE_DEFINITION_REPRESENTATION(#14178,#14184);
#14178 = PRODUCT_DEFINITION_SHAPE('','',#14179);
#14179 = PRODUCT_DEFINITION('design','',#14180,#14183);
#14180 = PRODUCT_DEFINITION_FORMATION('','',#14181);
#14181 = PRODUCT('COMPOUND','COMPOUND','',(#14182));
#14182 = PRODUCT_CONTEXT('',#2,'mechanical');
#14183 = PRODUCT_DEFINITION_CONTEXT('part definition',#2,'design');
#14184 = ADVANCED_BREP_SHAPE_REPRESENTATION('',(#11,#14185),#14515);
#14185 = MANIFOLD_SOLID_BREP('',#14186);
#14186 = CLOSED_SHELL('',(#14187,#14307,#14407,#14454,#14501,#14508));
#14187 = ADVANCED_FACE('',(#14188),#14202,.F.);
#14188 = FACE_BOUND('',#14189,.F.);
#14189 = EDGE_LOOP('',(#14190,#14225,#14253,#14281));
#14190 = ORIENTED_EDGE('',*,*,#14191,.F.);
#14191 = EDGE_CURVE('',#14192,#14194,#14196,.T.);
#14192 = VERTEX_POINT('',#14193);
#14193 = CARTESIAN_POINT('',(-75.,-50.,-43.));
#14194 = VERTEX_POINT('',#14195);
#14195 = CARTESIAN_POINT('',(-75.,-50.,43.));
#14196 = SURFACE_CURVE('',#14197,(#14201,#14213),.PCURVE_S1.);
#14197 = LINE('',#14198,#14199);
#14198 = CARTESIAN_POINT('',(-75.,-50.,-43.));
#14199 = VECTOR('',#14200,1.);
#14200 = DIRECTION('',(0.,0.,1.));
#14201 = PCURVE('',#14202,#14207);
#14202 = PLANE('',#14203);
#14203 = AXIS2_PLACEMENT_3D('',#14204,#14205,#14206);
#14204 = CARTESIAN_POINT('',(-75.,-50.,-43.));
#14205 = DIRECTION('',(1.,0.,-0.));
#14206 = DIRECTION('',(0.,0.,1.));
#14207 = DEFINITIONAL_REPRESENTATION('',(#14208),#14212);
#14208 = LINE('',#14209,#14210);
#14209 = CARTESIAN_POINT('',(0.,0.));
#14210 = VECTOR('',#14211,1.);
#14211 = DIRECTION('',(1.,0.));
#14212 = ( GEOMETRIC_REPRESENTATION_CONTEXT(2) 
PARAMETRIC_REPRESENTATION_CONTEXT() REPRESENTATION_CONTEXT('2D SPACE',''
  ) );
#14213 = PCURVE('',#14214,#14219);
#14214 = PLANE('',#14215);
#14215 = AXIS2_PLACEMENT_3D('',#14216,#14217,#14218);
#14216 = CARTESIAN_POINT('',(-75.,-50.,-43.));
#14217 = DIRECTION('',(-0.,1.,0.));
#14218 = DIRECTION('',(0.,0.,1.));
#14219 = DEFINITIONAL_REPRESENTATION('',(#14220),#14224);
#14220 = LINE('',#14221,#14222);
#14221 = CARTESIAN_POINT('',(0.,0.));
#14222 = VECTOR('',#14223,1.);
#14223 = DIRECTION('',(1.,0.));
#14224 = ( GEOMETRIC_REPRESENTATION_CONTEXT(2) 
PARAMETRIC_REPRESENTATION_CONTEXT() REPRESENTATION_CONTEXT('2D SPACE',''
  ) );
#14225 = ORIENTED_EDGE('',*,*,#14226,.T.);
#14226 = EDGE_CURVE('',#14192,#14227,#14229,.T.);
#14227 = VERTEX_POINT('',#14228);
#14228 = CARTESIAN_POINT('',(-75.,50.,-43.));
#14229 = SURFACE_CURVE('',#14230,(#14234,#14241),.PCURVE_S1.);
#14230 = LINE('',#14231,#14232);
#14231 = CARTESIAN_POINT('',(-75.,-50.,-43.));
#14232 = VECTOR('',#14233,1.);
#14233 = DIRECTION('',(-0.,1.,0.));
#14234 = PCURVE('',#14202,#14235);
#14235 = DEFINITIONAL_REPRESENTATION('',(#14236),#14240);
#14236 = LINE('',#14237,#14238);
#14237 = CARTESIAN_POINT('',(0.,0.));
#14238 = VECTOR('',#14239,1.);
#14239 = DIRECTION('',(0.,-1.));
#14240 = ( GEOMETRIC_REPRESENTATION_CONTEXT(2) 
PARAMETRIC_REPRESENTATION_CONTEXT() REPRESENTATION_CONTEXT('2D SPACE',''
  ) );
#14241 = PCURVE('',#14242,#14247);
#14242 = PLANE('',#14243);
#14243 = AXIS2_PLACEMENT_3D('',#14244,#14245,#14246);
#14244 = CARTESIAN_POINT('',(-75.,-50.,-43.));
#14245 = DIRECTION('',(0.,0.,1.));
#14246 = DIRECTION('',(1.,0.,-0.));
#14247 = DEFINITIONAL_REPRESENTATION('',(#14248),#14252);
#14248 = LINE('',#14249,#14250);
#14249 = CARTESIAN_POINT('',(0.,0.));
#14250 = VECTOR('',#14251,1.);
#14251 = DIRECTION('',(0.,1.));
#14252 = ( GEOMETRIC_REPRESENTATION_CONTEXT(2) 
PARAMETRIC_REPRESENTATION_CONTEXT() REPRESENTATION_CONTEXT('2D SPACE',''
  ) );
#14253 = ORIENTED_EDGE('',*,*,#14254,.T.);
#14254 = EDGE_CURVE('',#14227,#14255,#14257,.T.);
#14255 = VERTEX_POINT('',#14256);
#14256 = CARTESIAN_POINT('',(-75.,50.,43.));
#14257 = SURFACE_CURVE('',#14258,(#14262,#14269),.PCURVE_S1.);
#14258 = LINE('',#14259,#14260);
#14259 = CARTESIAN_POINT('',(-75.,50.,-43.));
#14260 = VECTOR('',#14261,1.);
#14261 = DIRECTION('',(0.,0.,1.));
#14262 = PCURVE('',#14202,#14263);
#14263 = DEFINITIONAL_REPRESENTATION('',(#14264),#14268);
#14264 = LINE('',#14265,#14266);
#14265 = CARTESIAN_POINT('',(0.,-100.));
#14266 = VECTOR('',#14267,1.);
#14267 = DIRECTION('',(1.,0.));
#14268 = ( GEOMETRIC_REPRESENTATION_CONTEXT(2) 
PARAMETRIC_REPRESENTATION_CONTEXT() REPRESENTATION_CONTEXT('2D SPACE',''
  ) );
#14269 = PCURVE('',#14270,#14275);
#14270 = PLANE('',#14271);
#14271 = AXIS2_PLACEMENT_3D('',#14272,#14273,#14274);
#14272 = CARTESIAN_POINT('',(-75.,50.,-43.));
#14273 = DIRECTION('',(-0.,1.,0.));
#14274 = DIRECTION('',(0.,0.,1.));
#14275 = DEFINITIONAL_REPRESENTATION('',(#14276),#14280);
#14276 = LINE('',#14277,#14278);
#14277 = CARTESIAN_POINT('',(0.,0.));
#14278 = VECTOR('',#14279,1.);
#14279 = DIRECTION('',(1.,0.));
#14280 = ( GEOMETRIC_REPRESENTATION_CONTEXT(2) 
PARAMETRIC_REPRESENTATION_CONTEXT() REPRESENTATION_CONTEXT('2D SPACE',''
  ) );
#14281 = ORIENTED_EDGE('',*,*,#14282,.F.);
#14282 = EDGE_CURVE('',#14194,#14255,#14283,.T.);
#14283 = SURFACE_CURVE('',#14284,(#14288,#14295),.PCURVE_S1.);
#14284 = LINE('',#14285,#14286);
#14285 = CARTESIAN_POINT('',(-75.,-50.,43.));
#14286 = VECTOR('',#14287,1.);
#14287 = DIRECTION('',(-0.,1.,0.));
#14288 = PCURVE('',#14202,#14289);
#14289 = DEFINITIONAL_REPRESENTATION('',(#14290),#14294);
#14290 = LINE('',#14291,#14292);
#14291 = CARTESIAN_POINT('',(86.,0.));
#14292 = VECTOR('',#14293,1.);
#14293 = DIRECTION('',(0.,-1.));
#14294 = ( GEOMETRIC_REPRESENTATION_CONTEXT(2) 
PARAMETRIC_REPRESENTATION_CONTEXT() REPRESENTATION_CONTEXT('2D SPACE',''
  ) );
#14295 = PCURVE('',#14296,#14301);
#14296 = PLANE('',#14297);
#14297 = AXIS2_PLACEMENT_3D('',#14298,#14299,#14300);
#14298 = CARTESIAN_POINT('',(-75.,-50.,43.));
#14299 = DIRECTION('',(0.,0.,1.));
#14300 = DIRECTION('',(1.,0.,-0.));
#14301 = DEFINITIONAL_REPRESENTATION('',(#14302),#14306);
#14302 = LINE('',#14303,#14304);
#14303 = CARTESIAN_POINT('',(0.,0.));
#14304 = VECTOR('',#14305,1.);
#14305 = DIRECTION('',(0.,1.));
#14306 = ( GEOMETRIC_REPRESENTATION_CONTEXT(2) 
PARAMETRIC_REPRESENTATION_CONTEXT() REPRESENTATION_CONTEXT('2D SPACE',''
  ) );
#14307 = ADVANCED_FACE('',(#14308),#14322,.T.);
#14308 = FACE_BOUND('',#14309,.T.);
#14309 = EDGE_LOOP('',(#14310,#14340,#14363,#14386));
#14310 = ORIENTED_EDGE('',*,*,#14311,.F.);
#14311 = EDGE_CURVE('',#14312,#14314,#14316,.T.);
#14312 = VERTEX_POINT('',#14313);
#14313 = CARTESIAN_POINT('',(75.,-50.,-43.));
#14314 = VERTEX_POINT('',#14315);
#14315 = CARTESIAN_POINT('',(75.,-50.,43.));
#14316 = SURFACE_CURVE('',#14317,(#14321,#14333),.PCURVE_S1.);
#14317 = LINE('',#14318,#14319);
#14318 = CARTESIAN_POINT('',(75.,-50.,-43.));
#14319 = VECTOR('',#14320,1.);
#14320 = DIRECTION('',(0.,0.,1.));
#14321 = PCURVE('',#14322,#14327);
#14322 = PLANE('',#14323);
#14323 = AXIS2_PLACEMENT_3D('',#14324,#14325,#14326);
#14324 = CARTESIAN_POINT('',(75.,-50.,-43.));
#14325 = DIRECTION('',(1.,0.,-0.));
#14326 = DIRECTION('',(0.,0.,1.));
#14327 = DEFINITIONAL_REPRESENTATION('',(#14328),#14332);
#14328 = LINE('',#14329,#14330);
#14329 = CARTESIAN_POINT('',(0.,0.));
#14330 = VECTOR('',#14331,1.);
#14331 = DIRECTION('',(1.,0.));
#14332 = ( GEOMETRIC_REPRESENTATION_CONTEXT(2) 
PARAMETRIC_REPRESENTATION_CONTEXT() REPRESENTATION_CONTEXT('2D SPACE',''
  ) );
#14333 = PCURVE('',#14214,#14334);
#14334 = DEFINITIONAL_REPRESENTATION('',(#14335),#14339);
#14335 = LINE('',#14336,#14337);
#14336 = CARTESIAN_POINT('',(0.,150.));
#14337 = VECTOR('',#14338,1.);
#14338 = DIRECTION('',(1.,0.));
#14339 = ( GEOMETRIC_REPRESENTATION_CONTEXT(2) 
PARAMETRIC_REPRESENTATION_CONTEXT() REPRESENTATION_CONTEXT('2D SPACE',''
  ) );
#14340 = ORIENTED_EDGE('',*,*,#14341,.T.);
#14341 = EDGE_CURVE('',#14312,#14342,#14344,.T.);
#14342 = VERTEX_POINT('',#14343);
#14343 = CARTESIAN_POINT('',(75.,50.,-43.));
#14344 = SURFACE_CURVE('',#14345,(#14349,#14356),.PCURVE_S1.);
#14345 = LINE('',#14346,#14347);
#14346 = CARTESIAN_POINT('',(75.,-50.,-43.));
#14347 = VECTOR('',#14348,1.);
#14348 = DIRECTION('',(-0.,1.,0.));
#14349 = PCURVE('',#14322,#14350);
#14350 = DEFINITIONAL_REPRESENTATION('',(#14351),#14355);
#14351 = LINE('',#14352,#14353);
#14352 = CARTESIAN_POINT('',(0.,0.));
#14353 = VECTOR('',#14354,1.);
#14354 = DIRECTION('',(0.,-1.));
#14355 = ( GEOMETRIC_REPRESENTATION_CONTEXT(2) 
PARAMETRIC_REPRESENTATION_CONTEXT() REPRESENTATION_CONTEXT('2D SPACE',''
  ) );
#14356 = PCURVE('',#14242,#14357);
#14357 = DEFINITIONAL_REPRESENTATION('',(#14358),#14362);
#14358 = LINE('',#14359,#14360);
#14359 = CARTESIAN_POINT('',(150.,0.));
#14360 = VECTOR('',#14361,1.);
#14361 = DIRECTION('',(0.,1.));
#14362 = ( GEOMETRIC_REPRESENTATION_CONTEXT(2) 
PARAMETRIC_REPRESENTATION_CONTEXT() REPRESENTATION_CONTEXT('2D SPACE',''
  ) );
#14363 = ORIENTED_EDGE('',*,*,#14364,.T.);
#14364 = EDGE_CURVE('',#14342,#14365,#14367,.T.);
#14365 = VERTEX_POINT('',#14366);
#14366 = CARTESIAN_POINT('',(75.,50.,43.));
#14367 = SURFACE_CURVE('',#14368,(#14372,#14379),.PCURVE_S1.);
#14368 = LINE('',#14369,#14370);
#14369 = CARTESIAN_POINT('',(75.,50.,-43.));
#14370 = VECTOR('',#14371,1.);
#14371 = DIRECTION('',(0.,0.,1.));
#14372 = PCURVE('',#14322,#14373);
#14373 = DEFINITIONAL_REPRESENTATION('',(#14374),#14378);
#14374 = LINE('',#14375,#14376);
#14375 = CARTESIAN_POINT('',(0.,-100.));
#14376 = VECTOR('',#14377,1.);
#14377 = DIRECTION('',(1.,0.));
#14378 = ( GEOMETRIC_REPRESENTATION_CONTEXT(2) 
PARAMETRIC_REPRESENTATION_CONTEXT() REPRESENTATION_CONTEXT('2D SPACE',''
  ) );
#14379 = PCURVE('',#14270,#14380);
#14380 = DEFINITIONAL_REPRESENTATION('',(#14381),#14385);
#14381 = LINE('',#14382,#14383);
#14382 = CARTESIAN_POINT('',(0.,150.));
#14383 = VECTOR('',#14384,1.);
#14384 = DIRECTION('',(1.,0.));
#14385 = ( GEOMETRIC_REPRESENTATION_CONTEXT(2) 
PARAMETRIC_REPRESENTATION_CONTEXT() REPRESENTATION_CONTEXT('2D SPACE',''
  ) );
#14386 = ORIENTED_EDGE('',*,*,#14387,.F.);
#14387 = EDGE_CURVE('',#14314,#14365,#14388,.T.);
#14388 = SURFACE_CURVE('',#14389,(#14393,#14400),.PCURVE_S1.);
#14389 = LINE('',#14390,#14391);
#14390 = CARTESIAN_POINT('',(75.,-50.,43.));
#14391 = VECTOR('',#14392,1.);
#14392 = DIRECTION('',(-0.,1.,0.));
#14393 = PCURVE('',#14322,#14394);
#14394 = DEFINITIONAL_REPRESENTATION('',(#14395),#14399);
#14395 = LINE('',#14396,#14397);
#14396 = CARTESIAN_POINT('',(86.,0.));
#14397 = VECTOR('',#14398,1.);
#14398 = DIRECTION('',(0.,-1.));
#14399 = ( GEOMETRIC_REPRESENTATION_CONTEXT(2) 
PARAMETRIC_REPRESENTATION_CONTEXT() REPRESENTATION_CONTEXT('2D SPACE',''
  ) );
#14400 = PCURVE('',#14296,#14401);
#14401 = DEFINITIONAL_REPRESENTATION('',(#14402),#14406);
#14402 = LINE('',#14403,#14404);
#14403 = CARTESIAN_POINT('',(150.,0.));
#14404 = VECTOR('',#14405,1.);
#14405 = DIRECTION('',(0.,1.));
#14406 = ( GEOMETRIC_REPRESENTATION_CONTEXT(2) 
PARAMETRIC_REPRESENTATION_CONTEXT() REPRESENTATION_CONTEXT('2D SPACE',''
  ) );
#14407 = ADVANCED_FACE('',(#14408),#14214,.F.);
#14408 = FACE_BOUND('',#14409,.F.);
#14409 = EDGE_LOOP('',(#14410,#14431,#14432,#14453));
#14410 = ORIENTED_EDGE('',*,*,#14411,.F.);
#14411 = EDGE_CURVE('',#14192,#14312,#14412,.T.);
#14412 = SURFACE_CURVE('',#14413,(#14417,#14424),.PCURVE_S1.);
#14413 = LINE('',#14414,#14415);
#14414 = CARTESIAN_POINT('',(-75.,-50.,-43.));
#14415 = VECTOR('',#14416,1.);
#14416 = DIRECTION('',(1.,0.,-0.));
#14417 = PCURVE('',#14214,#14418);
#14418 = DEFINITIONAL_REPRESENTATION('',(#14419),#14423);
#14419 = LINE('',#14420,#14421);
#14420 = CARTESIAN_POINT('',(0.,0.));
#14421 = VECTOR('',#14422,1.);
#14422 = DIRECTION('',(0.,1.));
#14423 = ( GEOMETRIC_REPRESENTATION_CONTEXT(2) 
PARAMETRIC_REPRESENTATION_CONTEXT() REPRESENTATION_CONTEXT('2D SPACE',''
  ) );
#14424 = PCURVE('',#14242,#14425);
#14425 = DEFINITIONAL_REPRESENTATION('',(#14426),#14430);
#14426 = LINE('',#14427,#14428);
#14427 = CARTESIAN_POINT('',(0.,0.));
#14428 = VECTOR('',#14429,1.);
#14429 = DIRECTION('',(1.,0.));
#14430 = ( GEOMETRIC_REPRESENTATION_CONTEXT(2) 
PARAMETRIC_REPRESENTATION_CONTEXT() REPRESENTATION_CONTEXT('2D SPACE',''
  ) );
#14431 = ORIENTED_EDGE('',*,*,#14191,.T.);
#14432 = ORIENTED_EDGE('',*,*,#14433,.T.);
#14433 = EDGE_CURVE('',#14194,#14314,#14434,.T.);
#14434 = SURFACE_CURVE('',#14435,(#14439,#14446),.PCURVE_S1.);
#14435 = LINE('',#14436,#14437);
#14436 = CARTESIAN_POINT('',(-75.,-50.,43.));
#14437 = VECTOR('',#14438,1.);
#14438 = DIRECTION('',(1.,0.,-0.));
#14439 = PCURVE('',#14214,#14440);
#14440 = DEFINITIONAL_REPRESENTATION('',(#14441),#14445);
#14441 = LINE('',#14442,#14443);
#14442 = CARTESIAN_POINT('',(86.,0.));
#14443 = VECTOR('',#14444,1.);
#14444 = DIRECTION('',(0.,1.));
#14445 = ( GEOMETRIC_REPRESENTATION_CONTEXT(2) 
PARAMETRIC_REPRESENTATION_CONTEXT() REPRESENTATION_CONTEXT('2D SPACE',''
  ) );
#14446 = PCURVE('',#14296,#14447);
#14447 = DEFINITIONAL_REPRESENTATION('',(#14448),#14452);
#14448 = LINE('',#14449,#14450);
#14449 = CARTESIAN_POINT('',(0.,0.));
#14450 = VECTOR('',#14451,1.);
#14451 = DIRECTION('',(1.,0.));
#14452 = ( GEOMETRIC_REPRESENTATION_CONTEXT(2) 
PARAMETRIC_REPRESENTATION_CONTEXT() REPRESENTATION_CONTEXT('2D SPACE',''
  ) );
#14453 = ORIENTED_EDGE('',*,*,#14311,.F.);
#14454 = ADVANCED_FACE('',(#14455),#14270,.T.);
#14455 = FACE_BOUND('',#14456,.T.);
#14456 = EDGE_LOOP('',(#14457,#14478,#14479,#14500));
#14457 = ORIENTED_EDGE('',*,*,#14458,.F.);
#14458 = EDGE_CURVE('',#14227,#14342,#14459,.T.);
#14459 = SURFACE_CURVE('',#14460,(#14464,#14471),.PCURVE_S1.);
#14460 = LINE('',#14461,#14462);
#14461 = CARTESIAN_POINT('',(-75.,50.,-43.));
#14462 = VECTOR('',#14463,1.);
#14463 = DIRECTION('',(1.,0.,-0.));
#14464 = PCURVE('',#14270,#14465);
#14465 = DEFINITIONAL_REPRESENTATION('',(#14466),#14470);
#14466 = LINE('',#14467,#14468);
#14467 = CARTESIAN_POINT('',(0.,0.));
#14468 = VECTOR('',#14469,1.);
#14469 = DIRECTION('',(0.,1.));
#14470 = ( GEOMETRIC_REPRESENTATION_CONTEXT(2) 
PARAMETRIC_REPRESENTATION_CONTEXT() REPRESENTATION_CONTEXT('2D SPACE',''
  ) );
#14471 = PCURVE('',#14242,#14472);
#14472 = DEFINITIONAL_REPRESENTATION('',(#14473),#14477);
#14473 = LINE('',#14474,#14475);
#14474 = CARTESIAN_POINT('',(0.,100.));
#14475 = VECTOR('',#14476,1.);
#14476 = DIRECTION('',(1.,0.));
#14477 = ( GEOMETRIC_REPRESENTATION_CONTEXT(2) 
PARAMETRIC_REPRESENTATION_CONTEXT() REPRESENTATION_CONTEXT('2D SPACE',''
  ) );
#14478 = ORIENTED_EDGE('',*,*,#14254,.T.);
#14479 = ORIENTED_EDGE('',*,*,#14480,.T.);
#14480 = EDGE_CURVE('',#14255,#14365,#14481,.T.);
#14481 = SURFACE_CURVE('',#14482,(#14486,#14493),.PCURVE_S1.);
#14482 = LINE('',#14483,#14484);
#14483 = CARTESIAN_POINT('',(-75.,50.,43.));
#14484 = VECTOR('',#14485,1.);
#14485 = DIRECTION('',(1.,0.,-0.));
#14486 = PCURVE('',#14270,#14487);
#14487 = DEFINITIONAL_REPRESENTATION('',(#14488),#14492);
#14488 = LINE('',#14489,#14490);
#14489 = CARTESIAN_POINT('',(86.,0.));
#14490 = VECTOR('',#14491,1.);
#14491 = DIRECTION('',(0.,1.));
#14492 = ( GEOMETRIC_REPRESENTATION_CONTEXT(2) 
PARAMETRIC_REPRESENTATION_CONTEXT() REPRESENTATION_CONTEXT('2D SPACE',''
  ) );
#14493 = PCURVE('',#14296,#14494);
#14494 = DEFINITIONAL_REPRESENTATION('',(#14495),#14499);
#14495 = LINE('',#14496,#14497);
#14496 = CARTESIAN_POINT('',(0.,100.));
#14497 = VECTOR('',#14498,1.);
#14498 = DIRECTION('',(1.,0.));
#14499 = ( GEOMETRIC_REPRESENTATION_CONTEXT(2) 
PARAMETRIC_REPRESENTATION_CONTEXT() REPRESENTATION_CONTEXT('2D SPACE',''
  ) );
#14500 = ORIENTED_EDGE('',*,*,#14364,.F.);
#14501 = ADVANCED_FACE('',(#14502),#14242,.F.);
#14502 = FACE_BOUND('',#14503,.F.);
#14503 = EDGE_LOOP('',(#14504,#14505,#14506,#14507));
#14504 = ORIENTED_EDGE('',*,*,#14226,.F.);
#14505 = ORIENTED_EDGE('',*,*,#14411,.T.);
#14506 = ORIENTED_EDGE('',*,*,#14341,.T.);
#14507 = ORIENTED_EDGE('',*,*,#14458,.F.);
#14508 = ADVANCED_FACE('',(#14509),#14296,.T.);
#14509 = FACE_BOUND('',#14510,.T.);
#14510 = EDGE_LOOP('',(#14511,#14512,#14513,#14514));
#14511 = ORIENTED_EDGE('',*,*,#14282,.F.);
#14512 = ORIENTED_EDGE('',*,*,#14433,.T.);
#14513 = ORIENTED_EDGE('',*,*,#14387,.T.);
#14514 = ORIENTED_EDGE('',*,*,#14480,.F.);
#14515 = ( GEOMETRIC_REPRESENTATION_CONTEXT(3) 
GLOBAL_UNCERTAINTY_ASSIGNED_CONTEXT((#14519)) 
GLOBAL_UNIT_ASSIGNED_CONTEXT((#14516,#14517,#14518)) 
REPRESENTATION_CONTEXT('Context #1',
  '3D Context with UNIT and UNCERTAINTY') );
#14516 = ( LENGTH_UNIT() NAMED_UNIT(*) SI_UNIT(.MILLI.,.METRE.) );
#14517 = ( NAMED_UNIT(*) PLANE_ANGLE_UNIT() SI_UNIT($,.RADIAN.) );
#14518 = ( NAMED_UNIT(*) SI_UNIT($,.STERADIAN.) SOLID_ANGLE_UNIT() );
#14519 = UNCERTAINTY_MEASURE_WITH_UNIT(LENGTH_MEASURE(1.E-07),#14516,
  'distance_accuracy_value','confusion accuracy');
#14520 = CONTEXT_DEPENDENT_SHAPE_REPRESENTATION(#14521,#14523);
#14521 = ( REPRESENTATION_RELATIONSHIP('','',#14184,#10) 
REPRESENTATION_RELATIONSHIP_WITH_TRANSFORMATION(#14522) 
SHAPE_REPRESENTATION_RELATIONSHIP() );
#14522 = ITEM_DEFINED_TRANSFORMATION('','',#11,#175);
#14523 = PRODUCT_DEFINITION_SHAPE('Placement','Placement of an item',
  #14524);
#14524 = NEXT_ASSEMBLY_USAGE_OCCURRENCE('41','=>[0:1:1:42]','',#5,#14179
  ,$);
#14525 = PRODUCT_RELATED_PRODUCT_CATEGORY('part',$,(#14181));
#14526 = SHAPE_DEFINITION_REPRESENTATION(#14527,#14533);
#14527 = PRODUCT_DEFINITION_SHAPE('','',#14528);
#14528 = PRODUCT_DEFINITION('design','',#14529,#14532);
#14529 = PRODUCT_DEFINITION_FORMATION('','',#14530);
#14530 = PRODUCT('COMPOUND','COMPOUND','',(#14531));
#14531 = PRODUCT_CONTEXT('',#2,'mechanical');
#14532 = PRODUCT_DEFINITION_CONTEXT('part definition',#2,'design');
#14533 = ADVANCED_BREP_SHAPE_REPRESENTATION('',(#11,#14534),#14632);
#14534 = MANIFOLD_SOLID_BREP('',#14535);
#14535 = CLOSED_SHELL('',(#14536,#14624,#14628));
#14536 = ADVANCED_FACE('',(#14537),#14550,.T.);
#14537 = FACE_BOUND('',#14538,.T.);
#14538 = EDGE_LOOP('',(#14539,#14573,#14596,#14623));
#14539 = ORIENTED_EDGE('',*,*,#14540,.F.);
#14540 = EDGE_CURVE('',#14541,#14541,#14543,.T.);
#14541 = VERTEX_POINT('',#14542);
#14542 = CARTESIAN_POINT('',(14.,-3.429011037613E-15,660.));
#14543 = SURFACE_CURVE('',#14544,(#14549,#14561),.PCURVE_S1.);
#14544 = CIRCLE('',#14545,14.);
#14545 = AXIS2_PLACEMENT_3D('',#14546,#14547,#14548);
#14546 = CARTESIAN_POINT('',(0.,0.,660.));
#14547 = DIRECTION('',(0.,0.,1.));
#14548 = DIRECTION('',(1.,0.,-0.));
#14549 = PCURVE('',#14550,#14555);
#14550 = CYLINDRICAL_SURFACE('',#14551,14.);
#14551 = AXIS2_PLACEMENT_3D('',#14552,#14553,#14554);
#14552 = CARTESIAN_POINT('',(0.,0.,-660.));
#14553 = DIRECTION('',(0.,0.,1.));
#14554 = DIRECTION('',(1.,0.,-0.));
#14555 = DEFINITIONAL_REPRESENTATION('',(#14556),#14560);
#14556 = LINE('',#14557,#14558);
#14557 = CARTESIAN_POINT('',(0.,1.32E+03));
#14558 = VECTOR('',#14559,1.);
#14559 = DIRECTION('',(1.,0.));
#14560 = ( GEOMETRIC_REPRESENTATION_CONTEXT(2) 
PARAMETRIC_REPRESENTATION_CONTEXT() REPRESENTATION_CONTEXT('2D SPACE',''
  ) );
#14561 = PCURVE('',#14562,#14567);
#14562 = PLANE('',#14563);
#14563 = AXIS2_PLACEMENT_3D('',#14564,#14565,#14566);
#14564 = CARTESIAN_POINT('',(0.,0.,660.));
#14565 = DIRECTION('',(0.,0.,1.));
#14566 = DIRECTION('',(1.,0.,-0.));
#14567 = DEFINITIONAL_REPRESENTATION('',(#14568),#14572);
#14568 = CIRCLE('',#14569,14.);
#14569 = AXIS2_PLACEMENT_2D('',#14570,#14571);
#14570 = CARTESIAN_POINT('',(0.,0.));
#14571 = DIRECTION('',(1.,0.));
#14572 = ( GEOMETRIC_REPRESENTATION_CONTEXT(2) 
PARAMETRIC_REPRESENTATION_CONTEXT() REPRESENTATION_CONTEXT('2D SPACE',''
  ) );
#14573 = ORIENTED_EDGE('',*,*,#14574,.F.);
#14574 = EDGE_CURVE('',#14575,#14541,#14577,.T.);
#14575 = VERTEX_POINT('',#14576);
#14576 = CARTESIAN_POINT('',(14.,-3.429011037613E-15,-660.));
#14577 = SEAM_CURVE('',#14578,(#14582,#14589),.PCURVE_S1.);
#14578 = LINE('',#14579,#14580);
#14579 = CARTESIAN_POINT('',(14.,-3.429011037613E-15,-660.));
#14580 = VECTOR('',#14581,1.);
#14581 = DIRECTION('',(0.,0.,1.));
#14582 = PCURVE('',#14550,#14583);
#14583 = DEFINITIONAL_REPRESENTATION('',(#14584),#14588);
#14584 = LINE('',#14585,#14586);
#14585 = CARTESIAN_POINT('',(6.28318530718,-0.));
#14586 = VECTOR('',#14587,1.);
#14587 = DIRECTION('',(0.,1.));
#14588 = ( GEOMETRIC_REPRESENTATION_CONTEXT(2) 
PARAMETRIC_REPRESENTATION_CONTEXT() REPRESENTATION_CONTEXT('2D SPACE',''
  ) );
#14589 = PCURVE('',#14550,#14590);
#14590 = DEFINITIONAL_REPRESENTATION('',(#14591),#14595);
#14591 = LINE('',#14592,#14593);
#14592 = CARTESIAN_POINT('',(0.,-0.));
#14593 = VECTOR('',#14594,1.);
#14594 = DIRECTION('',(0.,1.));
#14595 = ( GEOMETRIC_REPRESENTATION_CONTEXT(2) 
PARAMETRIC_REPRESENTATION_CONTEXT() REPRESENTATION_CONTEXT('2D SPACE',''
  ) );
#14596 = ORIENTED_EDGE('',*,*,#14597,.T.);
#14597 = EDGE_CURVE('',#14575,#14575,#14598,.T.);
#14598 = SURFACE_CURVE('',#14599,(#14604,#14611),.PCURVE_S1.);
#14599 = CIRCLE('',#14600,14.);
#14600 = AXIS2_PLACEMENT_3D('',#14601,#14602,#14603);
#14601 = CARTESIAN_POINT('',(0.,0.,-660.));
#14602 = DIRECTION('',(0.,0.,1.));
#14603 = DIRECTION('',(1.,0.,-0.));
#14604 = PCURVE('',#14550,#14605);
#14605 = DEFINITIONAL_REPRESENTATION('',(#14606),#14610);
#14606 = LINE('',#14607,#14608);
#14607 = CARTESIAN_POINT('',(0.,0.));
#14608 = VECTOR('',#14609,1.);
#14609 = DIRECTION('',(1.,0.));
#14610 = ( GEOMETRIC_REPRESENTATION_CONTEXT(2) 
PARAMETRIC_REPRESENTATION_CONTEXT() REPRESENTATION_CONTEXT('2D SPACE',''
  ) );
#14611 = PCURVE('',#14612,#14617);
#14612 = PLANE('',#14613);
#14613 = AXIS2_PLACEMENT_3D('',#14614,#14615,#14616);
#14614 = CARTESIAN_POINT('',(0.,0.,-660.));
#14615 = DIRECTION('',(0.,0.,1.));
#14616 = DIRECTION('',(1.,0.,-0.));
#14617 = DEFINITIONAL_REPRESENTATION('',(#14618),#14622);
#14618 = CIRCLE('',#14619,14.);
#14619 = AXIS2_PLACEMENT_2D('',#14620,#14621);
#14620 = CARTESIAN_POINT('',(0.,0.));
#14621 = DIRECTION('',(1.,0.));
#14622 = ( GEOMETRIC_REPRESENTATION_CONTEXT(2) 
PARAMETRIC_REPRESENTATION_CONTEXT() REPRESENTATION_CONTEXT('2D SPACE',''
  ) );
#14623 = ORIENTED_EDGE('',*,*,#14574,.T.);
#14624 = ADVANCED_FACE('',(#14625),#14562,.T.);
#14625 = FACE_BOUND('',#14626,.T.);
#14626 = EDGE_LOOP('',(#14627));
#14627 = ORIENTED_EDGE('',*,*,#14540,.T.);
#14628 = ADVANCED_FACE('',(#14629),#14612,.F.);
#14629 = FACE_BOUND('',#14630,.T.);
#14630 = EDGE_LOOP('',(#14631));
#14631 = ORIENTED_EDGE('',*,*,#14597,.F.);
#14632 = ( GEOMETRIC_REPRESENTATION_CONTEXT(3) 
GLOBAL_UNCERTAINTY_ASSIGNED_CONTEXT((#14636)) 
GLOBAL_UNIT_ASSIGNED_CONTEXT((#14633,#14634,#14635)) 
REPRESENTATION_CONTEXT('Context #1',
  '3D Context with UNIT and UNCERTAINTY') );
#14633 = ( LENGTH_UNIT() NAMED_UNIT(*) SI_UNIT(.MILLI.,.METRE.) );
#14634 = ( NAMED_UNIT(*) PLANE_ANGLE_UNIT() SI_UNIT($,.RADIAN.) );
#14635 = ( NAMED_UNIT(*) SI_UNIT($,.STERADIAN.) SOLID_ANGLE_UNIT() );
#14636 = UNCERTAINTY_MEASURE_WITH_UNIT(LENGTH_MEASURE(1.E-07),#14633,
  'distance_accuracy_value','confusion accuracy');
#14637 = CONTEXT_DEPENDENT_SHAPE_REPRESENTATION(#14638,#14640);
#14638 = ( REPRESENTATION_RELATIONSHIP('','',#14533,#10) 
REPRESENTATION_RELATIONSHIP_WITH_TRANSFORMATION(#14639) 
SHAPE_REPRESENTATION_RELATIONSHIP() );
#14639 = ITEM_DEFINED_TRANSFORMATION('','',#11,#179);
#14640 = PRODUCT_DEFINITION_SHAPE('Placement','Placement of an item',
  #14641);
#14641 = NEXT_ASSEMBLY_USAGE_OCCURRENCE('42','=>[0:1:1:43]','',#5,#14528
  ,$);
#14642 = PRODUCT_RELATED_PRODUCT_CATEGORY('part',$,(#14530));
#14643 = SHAPE_DEFINITION_REPRESENTATION(#14644,#14650);
#14644 = PRODUCT_DEFINITION_SHAPE('','',#14645);
#14645 = PRODUCT_DEFINITION('design','',#14646,#14649);
#14646 = PRODUCT_DEFINITION_FORMATION('','',#14647);
#14647 = PRODUCT('COMPOUND','COMPOUND','',(#14648));
#14648 = PRODUCT_CONTEXT('',#2,'mechanical');
#14649 = PRODUCT_DEFINITION_CONTEXT('part definition',#2,'design');
#14650 = ADVANCED_BREP_SHAPE_REPRESENTATION('',(#11,#14651),#14749);
#14651 = MANIFOLD_SOLID_BREP('',#14652);
#14652 = CLOSED_SHELL('',(#14653,#14741,#14745));
#14653 = ADVANCED_FACE('',(#14654),#14667,.T.);
#14654 = FACE_BOUND('',#14655,.T.);
#14655 = EDGE_LOOP('',(#14656,#14690,#14713,#14740));
#14656 = ORIENTED_EDGE('',*,*,#14657,.F.);
#14657 = EDGE_CURVE('',#14658,#14658,#14660,.T.);
#14658 = VERTEX_POINT('',#14659);
#14659 = CARTESIAN_POINT('',(14.,-3.429011037613E-15,660.));
#14660 = SURFACE_CURVE('',#14661,(#14666,#14678),.PCURVE_S1.);
#14661 = CIRCLE('',#14662,14.);
#14662 = AXIS2_PLACEMENT_3D('',#14663,#14664,#14665);
#14663 = CARTESIAN_POINT('',(0.,0.,660.));
#14664 = DIRECTION('',(0.,0.,1.));
#14665 = DIRECTION('',(1.,0.,-0.));
#14666 = PCURVE('',#14667,#14672);
#14667 = CYLINDRICAL_SURFACE('',#14668,14.);
#14668 = AXIS2_PLACEMENT_3D('',#14669,#14670,#14671);
#14669 = CARTESIAN_POINT('',(0.,0.,-660.));
#14670 = DIRECTION('',(0.,0.,1.));
#14671 = DIRECTION('',(1.,0.,-0.));
#14672 = DEFINITIONAL_REPRESENTATION('',(#14673),#14677);
#14673 = LINE('',#14674,#14675);
#14674 = CARTESIAN_POINT('',(0.,1.32E+03));
#14675 = VECTOR('',#14676,1.);
#14676 = DIRECTION('',(1.,0.));
#14677 = ( GEOMETRIC_REPRESENTATION_CONTEXT(2) 
PARAMETRIC_REPRESENTATION_CONTEXT() REPRESENTATION_CONTEXT('2D SPACE',''
  ) );
#14678 = PCURVE('',#14679,#14684);
#14679 = PLANE('',#14680);
#14680 = AXIS2_PLACEMENT_3D('',#14681,#14682,#14683);
#14681 = CARTESIAN_POINT('',(0.,0.,660.));
#14682 = DIRECTION('',(0.,0.,1.));
#14683 = DIRECTION('',(1.,0.,-0.));
#14684 = DEFINITIONAL_REPRESENTATION('',(#14685),#14689);
#14685 = CIRCLE('',#14686,14.);
#14686 = AXIS2_PLACEMENT_2D('',#14687,#14688);
#14687 = CARTESIAN_POINT('',(0.,0.));
#14688 = DIRECTION('',(1.,0.));
#14689 = ( GEOMETRIC_REPRESENTATION_CONTEXT(2) 
PARAMETRIC_REPRESENTATION_CONTEXT() REPRESENTATION_CONTEXT('2D SPACE',''
  ) );
#14690 = ORIENTED_EDGE('',*,*,#14691,.F.);
#14691 = EDGE_CURVE('',#14692,#14658,#14694,.T.);
#14692 = VERTEX_POINT('',#14693);
#14693 = CARTESIAN_POINT('',(14.,-3.429011037613E-15,-660.));
#14694 = SEAM_CURVE('',#14695,(#14699,#14706),.PCURVE_S1.);
#14695 = LINE('',#14696,#14697);
#14696 = CARTESIAN_POINT('',(14.,-3.429011037613E-15,-660.));
#14697 = VECTOR('',#14698,1.);
#14698 = DIRECTION('',(0.,0.,1.));
#14699 = PCURVE('',#14667,#14700);
#14700 = DEFINITIONAL_REPRESENTATION('',(#14701),#14705);
#14701 = LINE('',#14702,#14703);
#14702 = CARTESIAN_POINT('',(6.28318530718,-0.));
#14703 = VECTOR('',#14704,1.);
#14704 = DIRECTION('',(0.,1.));
#14705 = ( GEOMETRIC_REPRESENTATION_CONTEXT(2) 
PARAMETRIC_REPRESENTATION_CONTEXT() REPRESENTATION_CONTEXT('2D SPACE',''
  ) );
#14706 = PCURVE('',#14667,#14707);
#14707 = DEFINITIONAL_REPRESENTATION('',(#14708),#14712);
#14708 = LINE('',#14709,#14710);
#14709 = CARTESIAN_POINT('',(0.,-0.));
#14710 = VECTOR('',#14711,1.);
#14711 = DIRECTION('',(0.,1.));
#14712 = ( GEOMETRIC_REPRESENTATION_CONTEXT(2) 
PARAMETRIC_REPRESENTATION_CONTEXT() REPRESENTATION_CONTEXT('2D SPACE',''
  ) );
#14713 = ORIENTED_EDGE('',*,*,#14714,.T.);
#14714 = EDGE_CURVE('',#14692,#14692,#14715,.T.);
#14715 = SURFACE_CURVE('',#14716,(#14721,#14728),.PCURVE_S1.);
#14716 = CIRCLE('',#14717,14.);
#14717 = AXIS2_PLACEMENT_3D('',#14718,#14719,#14720);
#14718 = CARTESIAN_POINT('',(0.,0.,-660.));
#14719 = DIRECTION('',(0.,0.,1.));
#14720 = DIRECTION('',(1.,0.,-0.));
#14721 = PCURVE('',#14667,#14722);
#14722 = DEFINITIONAL_REPRESENTATION('',(#14723),#14727);
#14723 = LINE('',#14724,#14725);
#14724 = CARTESIAN_POINT('',(0.,0.));
#14725 = VECTOR('',#14726,1.);
#14726 = DIRECTION('',(1.,0.));
#14727 = ( GEOMETRIC_REPRESENTATION_CONTEXT(2) 
PARAMETRIC_REPRESENTATION_CONTEXT() REPRESENTATION_CONTEXT('2D SPACE',''
  ) );
#14728 = PCURVE('',#14729,#14734);
#14729 = PLANE('',#14730);
#14730 = AXIS2_PLACEMENT_3D('',#14731,#14732,#14733);
#14731 = CARTESIAN_POINT('',(0.,0.,-660.));
#14732 = DIRECTION('',(0.,0.,1.));
#14733 = DIRECTION('',(1.,0.,-0.));
#14734 = DEFINITIONAL_REPRESENTATION('',(#14735),#14739);
#14735 = CIRCLE('',#14736,14.);
#14736 = AXIS2_PLACEMENT_2D('',#14737,#14738);
#14737 = CARTESIAN_POINT('',(0.,0.));
#14738 = DIRECTION('',(1.,0.));
#14739 = ( GEOMETRIC_REPRESENTATION_CONTEXT(2) 
PARAMETRIC_REPRESENTATION_CONTEXT() REPRESENTATION_CONTEXT('2D SPACE',''
  ) );
#14740 = ORIENTED_EDGE('',*,*,#14691,.T.);
#14741 = ADVANCED_FACE('',(#14742),#14679,.T.);
#14742 = FACE_BOUND('',#14743,.T.);
#14743 = EDGE_LOOP('',(#14744));
#14744 = ORIENTED_EDGE('',*,*,#14657,.T.);
#14745 = ADVANCED_FACE('',(#14746),#14729,.F.);
#14746 = FACE_BOUND('',#14747,.T.);
#14747 = EDGE_LOOP('',(#14748));
#14748 = ORIENTED_EDGE('',*,*,#14714,.F.);
#14749 = ( GEOMETRIC_REPRESENTATION_CONTEXT(3) 
GLOBAL_UNCERTAINTY_ASSIGNED_CONTEXT((#14753)) 
GLOBAL_UNIT_ASSIGNED_CONTEXT((#14750,#14751,#14752)) 
REPRESENTATION_CONTEXT('Context #1',
  '3D Context with UNIT and UNCERTAINTY') );
#14750 = ( LENGTH_UNIT() NAMED_UNIT(*) SI_UNIT(.MILLI.,.METRE.) );
#14751 = ( NAMED_UNIT(*) PLANE_ANGLE_UNIT() SI_UNIT($,.RADIAN.) );
#14752 = ( NAMED_UNIT(*) SI_UNIT($,.STERADIAN.) SOLID_ANGLE_UNIT() );
#14753 = UNCERTAINTY_MEASURE_WITH_UNIT(LENGTH_MEASURE(1.E-07),#14750,
  'distance_accuracy_value','confusion accuracy');
#14754 = CONTEXT_DEPENDENT_SHAPE_REPRESENTATION(#14755,#14757);
#14755 = ( REPRESENTATION_RELATIONSHIP('','',#14650,#10) 
REPRESENTATION_RELATIONSHIP_WITH_TRANSFORMATION(#14756) 
SHAPE_REPRESENTATION_RELATIONSHIP() );
#14756 = ITEM_DEFINED_TRANSFORMATION('','',#11,#183);
#14757 = PRODUCT_DEFINITION_SHAPE('Placement','Placement of an item',
  #14758);
#14758 = NEXT_ASSEMBLY_USAGE_OCCURRENCE('43','=>[0:1:1:44]','',#5,#14645
  ,$);
#14759 = PRODUCT_RELATED_PRODUCT_CATEGORY('part',$,(#14647));
#14760 = SHAPE_DEFINITION_REPRESENTATION(#14761,#14767);
#14761 = PRODUCT_DEFINITION_SHAPE('','',#14762);
#14762 = PRODUCT_DEFINITION('design','',#14763,#14766);
#14763 = PRODUCT_DEFINITION_FORMATION('','',#14764);
#14764 = PRODUCT('COMPOUND','COMPOUND','',(#14765));
#14765 = PRODUCT_CONTEXT('',#2,'mechanical');
#14766 = PRODUCT_DEFINITION_CONTEXT('part definition',#2,'design');
#14767 = ADVANCED_BREP_SHAPE_REPRESENTATION('',(#11,#14768),#14866);
#14768 = MANIFOLD_SOLID_BREP('',#14769);
#14769 = CLOSED_SHELL('',(#14770,#14858,#14862));
#14770 = ADVANCED_FACE('',(#14771),#14784,.T.);
#14771 = FACE_BOUND('',#14772,.T.);
#14772 = EDGE_LOOP('',(#14773,#14807,#14830,#14857));
#14773 = ORIENTED_EDGE('',*,*,#14774,.F.);
#14774 = EDGE_CURVE('',#14775,#14775,#14777,.T.);
#14775 = VERTEX_POINT('',#14776);
#14776 = CARTESIAN_POINT('',(14.,-3.429011037613E-15,660.));
#14777 = SURFACE_CURVE('',#14778,(#14783,#14795),.PCURVE_S1.);
#14778 = CIRCLE('',#14779,14.);
#14779 = AXIS2_PLACEMENT_3D('',#14780,#14781,#14782);
#14780 = CARTESIAN_POINT('',(0.,0.,660.));
#14781 = DIRECTION('',(0.,0.,1.));
#14782 = DIRECTION('',(1.,0.,-0.));
#14783 = PCURVE('',#14784,#14789);
#14784 = CYLINDRICAL_SURFACE('',#14785,14.);
#14785 = AXIS2_PLACEMENT_3D('',#14786,#14787,#14788);
#14786 = CARTESIAN_POINT('',(0.,0.,-660.));
#14787 = DIRECTION('',(0.,0.,1.));
#14788 = DIRECTION('',(1.,0.,-0.));
#14789 = DEFINITIONAL_REPRESENTATION('',(#14790),#14794);
#14790 = LINE('',#14791,#14792);
#14791 = CARTESIAN_POINT('',(0.,1.32E+03));
#14792 = VECTOR('',#14793,1.);
#14793 = DIRECTION('',(1.,0.));
#14794 = ( GEOMETRIC_REPRESENTATION_CONTEXT(2) 
PARAMETRIC_REPRESENTATION_CONTEXT() REPRESENTATION_CONTEXT('2D SPACE',''
  ) );
#14795 = PCURVE('',#14796,#14801);
#14796 = PLANE('',#14797);
#14797 = AXIS2_PLACEMENT_3D('',#14798,#14799,#14800);
#14798 = CARTESIAN_POINT('',(0.,0.,660.));
#14799 = DIRECTION('',(0.,0.,1.));
#14800 = DIRECTION('',(1.,0.,-0.));
#14801 = DEFINITIONAL_REPRESENTATION('',(#14802),#14806);
#14802 = CIRCLE('',#14803,14.);
#14803 = AXIS2_PLACEMENT_2D('',#14804,#14805);
#14804 = CARTESIAN_POINT('',(0.,0.));
#14805 = DIRECTION('',(1.,0.));
#14806 = ( GEOMETRIC_REPRESENTATION_CONTEXT(2) 
PARAMETRIC_REPRESENTATION_CONTEXT() REPRESENTATION_CONTEXT('2D SPACE',''
  ) );
#14807 = ORIENTED_EDGE('',*,*,#14808,.F.);
#14808 = EDGE_CURVE('',#14809,#14775,#14811,.T.);
#14809 = VERTEX_POINT('',#14810);
#14810 = CARTESIAN_POINT('',(14.,-3.429011037613E-15,-660.));
#14811 = SEAM_CURVE('',#14812,(#14816,#14823),.PCURVE_S1.);
#14812 = LINE('',#14813,#14814);
#14813 = CARTESIAN_POINT('',(14.,-3.429011037613E-15,-660.));
#14814 = VECTOR('',#14815,1.);
#14815 = DIRECTION('',(0.,0.,1.));
#14816 = PCURVE('',#14784,#14817);
#14817 = DEFINITIONAL_REPRESENTATION('',(#14818),#14822);
#14818 = LINE('',#14819,#14820);
#14819 = CARTESIAN_POINT('',(6.28318530718,-0.));
#14820 = VECTOR('',#14821,1.);
#14821 = DIRECTION('',(0.,1.));
#14822 = ( GEOMETRIC_REPRESENTATION_CONTEXT(2) 
PARAMETRIC_REPRESENTATION_CONTEXT() REPRESENTATION_CONTEXT('2D SPACE',''
  ) );
#14823 = PCURVE('',#14784,#14824);
#14824 = DEFINITIONAL_REPRESENTATION('',(#14825),#14829);
#14825 = LINE('',#14826,#14827);
#14826 = CARTESIAN_POINT('',(0.,-0.));
#14827 = VECTOR('',#14828,1.);
#14828 = DIRECTION('',(0.,1.));
#14829 = ( GEOMETRIC_REPRESENTATION_CONTEXT(2) 
PARAMETRIC_REPRESENTATION_CONTEXT() REPRESENTATION_CONTEXT('2D SPACE',''
  ) );
#14830 = ORIENTED_EDGE('',*,*,#14831,.T.);
#14831 = EDGE_CURVE('',#14809,#14809,#14832,.T.);
#14832 = SURFACE_CURVE('',#14833,(#14838,#14845),.PCURVE_S1.);
#14833 = CIRCLE('',#14834,14.);
#14834 = AXIS2_PLACEMENT_3D('',#14835,#14836,#14837);
#14835 = CARTESIAN_POINT('',(0.,0.,-660.));
#14836 = DIRECTION('',(0.,0.,1.));
#14837 = DIRECTION('',(1.,0.,-0.));
#14838 = PCURVE('',#14784,#14839);
#14839 = DEFINITIONAL_REPRESENTATION('',(#14840),#14844);
#14840 = LINE('',#14841,#14842);
#14841 = CARTESIAN_POINT('',(0.,0.));
#14842 = VECTOR('',#14843,1.);
#14843 = DIRECTION('',(1.,0.));
#14844 = ( GEOMETRIC_REPRESENTATION_CONTEXT(2) 
PARAMETRIC_REPRESENTATION_CONTEXT() REPRESENTATION_CONTEXT('2D SPACE',''
  ) );
#14845 = PCURVE('',#14846,#14851);
#14846 = PLANE('',#14847);
#14847 = AXIS2_PLACEMENT_3D('',#14848,#14849,#14850);
#14848 = CARTESIAN_POINT('',(0.,0.,-660.));
#14849 = DIRECTION('',(0.,0.,1.));
#14850 = DIRECTION('',(1.,0.,-0.));
#14851 = DEFINITIONAL_REPRESENTATION('',(#14852),#14856);
#14852 = CIRCLE('',#14853,14.);
#14853 = AXIS2_PLACEMENT_2D('',#14854,#14855);
#14854 = CARTESIAN_POINT('',(0.,0.));
#14855 = DIRECTION('',(1.,0.));
#14856 = ( GEOMETRIC_REPRESENTATION_CONTEXT(2) 
PARAMETRIC_REPRESENTATION_CONTEXT() REPRESENTATION_CONTEXT('2D SPACE',''
  ) );
#14857 = ORIENTED_EDGE('',*,*,#14808,.T.);
#14858 = ADVANCED_FACE('',(#14859),#14796,.T.);
#14859 = FACE_BOUND('',#14860,.T.);
#14860 = EDGE_LOOP('',(#14861));
#14861 = ORIENTED_EDGE('',*,*,#14774,.T.);
#14862 = ADVANCED_FACE('',(#14863),#14846,.F.);
#14863 = FACE_BOUND('',#14864,.T.);
#14864 = EDGE_LOOP('',(#14865));
#14865 = ORIENTED_EDGE('',*,*,#14831,.F.);
#14866 = ( GEOMETRIC_REPRESENTATION_CONTEXT(3) 
GLOBAL_UNCERTAINTY_ASSIGNED_CONTEXT((#14870)) 
GLOBAL_UNIT_ASSIGNED_CONTEXT((#14867,#14868,#14869)) 
REPRESENTATION_CONTEXT('Context #1',
  '3D Context with UNIT and UNCERTAINTY') );
#14867 = ( LENGTH_UNIT() NAMED_UNIT(*) SI_UNIT(.MILLI.,.METRE.) );
#14868 = ( NAMED_UNIT(*) PLANE_ANGLE_UNIT() SI_UNIT($,.RADIAN.) );
#14869 = ( NAMED_UNIT(*) SI_UNIT($,.STERADIAN.) SOLID_ANGLE_UNIT() );
#14870 = UNCERTAINTY_MEASURE_WITH_UNIT(LENGTH_MEASURE(1.E-07),#14867,
  'distance_accuracy_value','confusion accuracy');
#14871 = CONTEXT_DEPENDENT_SHAPE_REPRESENTATION(#14872,#14874);
#14872 = ( REPRESENTATION_RELATIONSHIP('','',#14767,#10) 
REPRESENTATION_RELATIONSHIP_WITH_TRANSFORMATION(#14873) 
SHAPE_REPRESENTATION_RELATIONSHIP() );
#14873 = ITEM_DEFINED_TRANSFORMATION('','',#11,#187);
#14874 = PRODUCT_DEFINITION_SHAPE('Placement','Placement of an item',
  #14875);
#14875 = NEXT_ASSEMBLY_USAGE_OCCURRENCE('44','=>[0:1:1:45]','',#5,#14762
  ,$);
#14876 = PRODUCT_RELATED_PRODUCT_CATEGORY('part',$,(#14764));
#14877 = SHAPE_DEFINITION_REPRESENTATION(#14878,#14884);
#14878 = PRODUCT_DEFINITION_SHAPE('','',#14879);
#14879 = PRODUCT_DEFINITION('design','',#14880,#14883);
#14880 = PRODUCT_DEFINITION_FORMATION('','',#14881);
#14881 = PRODUCT('COMPOUND','COMPOUND','',(#14882));
#14882 = PRODUCT_CONTEXT('',#2,'mechanical');
#14883 = PRODUCT_DEFINITION_CONTEXT('part definition',#2,'design');
#14884 = ADVANCED_BREP_SHAPE_REPRESENTATION('',(#11,#14885),#14983);
#14885 = MANIFOLD_SOLID_BREP('',#14886);
#14886 = CLOSED_SHELL('',(#14887,#14975,#14979));
#14887 = ADVANCED_FACE('',(#14888),#14901,.T.);
#14888 = FACE_BOUND('',#14889,.T.);
#14889 = EDGE_LOOP('',(#14890,#14924,#14947,#14974));
#14890 = ORIENTED_EDGE('',*,*,#14891,.F.);
#14891 = EDGE_CURVE('',#14892,#14892,#14894,.T.);
#14892 = VERTEX_POINT('',#14893);
#14893 = CARTESIAN_POINT('',(14.,-3.429011037613E-15,660.));
#14894 = SURFACE_CURVE('',#14895,(#14900,#14912),.PCURVE_S1.);
#14895 = CIRCLE('',#14896,14.);
#14896 = AXIS2_PLACEMENT_3D('',#14897,#14898,#14899);
#14897 = CARTESIAN_POINT('',(0.,0.,660.));
#14898 = DIRECTION('',(0.,0.,1.));
#14899 = DIRECTION('',(1.,0.,-0.));
#14900 = PCURVE('',#14901,#14906);
#14901 = CYLINDRICAL_SURFACE('',#14902,14.);
#14902 = AXIS2_PLACEMENT_3D('',#14903,#14904,#14905);
#14903 = CARTESIAN_POINT('',(0.,0.,-660.));
#14904 = DIRECTION('',(0.,0.,1.));
#14905 = DIRECTION('',(1.,0.,-0.));
#14906 = DEFINITIONAL_REPRESENTATION('',(#14907),#14911);
#14907 = LINE('',#14908,#14909);
#14908 = CARTESIAN_POINT('',(0.,1.32E+03));
#14909 = VECTOR('',#14910,1.);
#14910 = DIRECTION('',(1.,0.));
#14911 = ( GEOMETRIC_REPRESENTATION_CONTEXT(2) 
PARAMETRIC_REPRESENTATION_CONTEXT() REPRESENTATION_CONTEXT('2D SPACE',''
  ) );
#14912 = PCURVE('',#14913,#14918);
#14913 = PLANE('',#14914);
#14914 = AXIS2_PLACEMENT_3D('',#14915,#14916,#14917);
#14915 = CARTESIAN_POINT('',(0.,0.,660.));
#14916 = DIRECTION('',(0.,0.,1.));
#14917 = DIRECTION('',(1.,0.,-0.));
#14918 = DEFINITIONAL_REPRESENTATION('',(#14919),#14923);
#14919 = CIRCLE('',#14920,14.);
#14920 = AXIS2_PLACEMENT_2D('',#14921,#14922);
#14921 = CARTESIAN_POINT('',(0.,0.));
#14922 = DIRECTION('',(1.,0.));
#14923 = ( GEOMETRIC_REPRESENTATION_CONTEXT(2) 
PARAMETRIC_REPRESENTATION_CONTEXT() REPRESENTATION_CONTEXT('2D SPACE',''
  ) );
#14924 = ORIENTED_EDGE('',*,*,#14925,.F.);
#14925 = EDGE_CURVE('',#14926,#14892,#14928,.T.);
#14926 = VERTEX_POINT('',#14927);
#14927 = CARTESIAN_POINT('',(14.,-3.429011037613E-15,-660.));
#14928 = SEAM_CURVE('',#14929,(#14933,#14940),.PCURVE_S1.);
#14929 = LINE('',#14930,#14931);
#14930 = CARTESIAN_POINT('',(14.,-3.429011037613E-15,-660.));
#14931 = VECTOR('',#14932,1.);
#14932 = DIRECTION('',(0.,0.,1.));
#14933 = PCURVE('',#14901,#14934);
#14934 = DEFINITIONAL_REPRESENTATION('',(#14935),#14939);
#14935 = LINE('',#14936,#14937);
#14936 = CARTESIAN_POINT('',(6.28318530718,-0.));
#14937 = VECTOR('',#14938,1.);
#14938 = DIRECTION('',(0.,1.));
#14939 = ( GEOMETRIC_REPRESENTATION_CONTEXT(2) 
PARAMETRIC_REPRESENTATION_CONTEXT() REPRESENTATION_CONTEXT('2D SPACE',''
  ) );
#14940 = PCURVE('',#14901,#14941);
#14941 = DEFINITIONAL_REPRESENTATION('',(#14942),#14946);
#14942 = LINE('',#14943,#14944);
#14943 = CARTESIAN_POINT('',(0.,-0.));
#14944 = VECTOR('',#14945,1.);
#14945 = DIRECTION('',(0.,1.));
#14946 = ( GEOMETRIC_REPRESENTATION_CONTEXT(2) 
PARAMETRIC_REPRESENTATION_CONTEXT() REPRESENTATION_CONTEXT('2D SPACE',''
  ) );
#14947 = ORIENTED_EDGE('',*,*,#14948,.T.);
#14948 = EDGE_CURVE('',#14926,#14926,#14949,.T.);
#14949 = SURFACE_CURVE('',#14950,(#14955,#14962),.PCURVE_S1.);
#14950 = CIRCLE('',#14951,14.);
#14951 = AXIS2_PLACEMENT_3D('',#14952,#14953,#14954);
#14952 = CARTESIAN_POINT('',(0.,0.,-660.));
#14953 = DIRECTION('',(0.,0.,1.));
#14954 = DIRECTION('',(1.,0.,-0.));
#14955 = PCURVE('',#14901,#14956);
#14956 = DEFINITIONAL_REPRESENTATION('',(#14957),#14961);
#14957 = LINE('',#14958,#14959);
#14958 = CARTESIAN_POINT('',(0.,0.));
#14959 = VECTOR('',#14960,1.);
#14960 = DIRECTION('',(1.,0.));
#14961 = ( GEOMETRIC_REPRESENTATION_CONTEXT(2) 
PARAMETRIC_REPRESENTATION_CONTEXT() REPRESENTATION_CONTEXT('2D SPACE',''
  ) );
#14962 = PCURVE('',#14963,#14968);
#14963 = PLANE('',#14964);
#14964 = AXIS2_PLACEMENT_3D('',#14965,#14966,#14967);
#14965 = CARTESIAN_POINT('',(0.,0.,-660.));
#14966 = DIRECTION('',(0.,0.,1.));
#14967 = DIRECTION('',(1.,0.,-0.));
#14968 = DEFINITIONAL_REPRESENTATION('',(#14969),#14973);
#14969 = CIRCLE('',#14970,14.);
#14970 = AXIS2_PLACEMENT_2D('',#14971,#14972);
#14971 = CARTESIAN_POINT('',(0.,0.));
#14972 = DIRECTION('',(1.,0.));
#14973 = ( GEOMETRIC_REPRESENTATION_CONTEXT(2) 
PARAMETRIC_REPRESENTATION_CONTEXT() REPRESENTATION_CONTEXT('2D SPACE',''
  ) );
#14974 = ORIENTED_EDGE('',*,*,#14925,.T.);
#14975 = ADVANCED_FACE('',(#14976),#14913,.T.);
#14976 = FACE_BOUND('',#14977,.T.);
#14977 = EDGE_LOOP('',(#14978));
#14978 = ORIENTED_EDGE('',*,*,#14891,.T.);
#14979 = ADVANCED_FACE('',(#14980),#14963,.F.);
#14980 = FACE_BOUND('',#14981,.T.);
#14981 = EDGE_LOOP('',(#14982));
#14982 = ORIENTED_EDGE('',*,*,#14948,.F.);
#14983 = ( GEOMETRIC_REPRESENTATION_CONTEXT(3) 
GLOBAL_UNCERTAINTY_ASSIGNED_CONTEXT((#14987)) 
GLOBAL_UNIT_ASSIGNED_CONTEXT((#14984,#14985,#14986)) 
REPRESENTATION_CONTEXT('Context #1',
  '3D Context with UNIT and UNCERTAINTY') );
#14984 = ( LENGTH_UNIT() NAMED_UNIT(*) SI_UNIT(.MILLI.,.METRE.) );
#14985 = ( NAMED_UNIT(*) PLANE_ANGLE_UNIT() SI_UNIT($,.RADIAN.) );
#14986 = ( NAMED_UNIT(*) SI_UNIT($,.STERADIAN.) SOLID_ANGLE_UNIT() );
#14987 = UNCERTAINTY_MEASURE_WITH_UNIT(LENGTH_MEASURE(1.E-07),#14984,
  'distance_accuracy_value','confusion accuracy');
#14988 = CONTEXT_DEPENDENT_SHAPE_REPRESENTATION(#14989,#14991);
#14989 = ( REPRESENTATION_RELATIONSHIP('','',#14884,#10) 
REPRESENTATION_RELATIONSHIP_WITH_TRANSFORMATION(#14990) 
SHAPE_REPRESENTATION_RELATIONSHIP() );
#14990 = ITEM_DEFINED_TRANSFORMATION('','',#11,#191);
#14991 = PRODUCT_DEFINITION_SHAPE('Placement','Placement of an item',
  #14992);
#14992 = NEXT_ASSEMBLY_USAGE_OCCURRENCE('45','=>[0:1:1:46]','',#5,#14879
  ,$);
#14993 = PRODUCT_RELATED_PRODUCT_CATEGORY('part',$,(#14881));
#14994 = SHAPE_DEFINITION_REPRESENTATION(#14995,#15001);
#14995 = PRODUCT_DEFINITION_SHAPE('','',#14996);
#14996 = PRODUCT_DEFINITION('design','',#14997,#15000);
#14997 = PRODUCT_DEFINITION_FORMATION('','',#14998);
#14998 = PRODUCT('COMPOUND','COMPOUND','',(#14999));
#14999 = PRODUCT_CONTEXT('',#2,'mechanical');
#15000 = PRODUCT_DEFINITION_CONTEXT('part definition',#2,'design');
#15001 = ADVANCED_BREP_SHAPE_REPRESENTATION('',(#11,#15002),#15332);
#15002 = MANIFOLD_SOLID_BREP('',#15003);
#15003 = CLOSED_SHELL('',(#15004,#15124,#15224,#15271,#15318,#15325));
#15004 = ADVANCED_FACE('',(#15005),#15019,.F.);
#15005 = FACE_BOUND('',#15006,.F.);
#15006 = EDGE_LOOP('',(#15007,#15042,#15070,#15098));
#15007 = ORIENTED_EDGE('',*,*,#15008,.F.);
#15008 = EDGE_CURVE('',#15009,#15011,#15013,.T.);
#15009 = VERTEX_POINT('',#15010);
#15010 = CARTESIAN_POINT('',(-60.,-50.,-40.));
#15011 = VERTEX_POINT('',#15012);
#15012 = CARTESIAN_POINT('',(-60.,-50.,40.));
#15013 = SURFACE_CURVE('',#15014,(#15018,#15030),.PCURVE_S1.);
#15014 = LINE('',#15015,#15016);
#15015 = CARTESIAN_POINT('',(-60.,-50.,-40.));
#15016 = VECTOR('',#15017,1.);
#15017 = DIRECTION('',(0.,0.,1.));
#15018 = PCURVE('',#15019,#15024);
#15019 = PLANE('',#15020);
#15020 = AXIS2_PLACEMENT_3D('',#15021,#15022,#15023);
#15021 = CARTESIAN_POINT('',(-60.,-50.,-40.));
#15022 = DIRECTION('',(1.,0.,-0.));
#15023 = DIRECTION('',(0.,0.,1.));
#15024 = DEFINITIONAL_REPRESENTATION('',(#15025),#15029);
#15025 = LINE('',#15026,#15027);
#15026 = CARTESIAN_POINT('',(0.,0.));
#15027 = VECTOR('',#15028,1.);
#15028 = DIRECTION('',(1.,0.));
#15029 = ( GEOMETRIC_REPRESENTATION_CONTEXT(2) 
PARAMETRIC_REPRESENTATION_CONTEXT() REPRESENTATION_CONTEXT('2D SPACE',''
  ) );
#15030 = PCURVE('',#15031,#15036);
#15031 = PLANE('',#15032);
#15032 = AXIS2_PLACEMENT_3D('',#15033,#15034,#15035);
#15033 = CARTESIAN_POINT('',(-60.,-50.,-40.));
#15034 = DIRECTION('',(-0.,1.,0.));
#15035 = DIRECTION('',(0.,0.,1.));
#15036 = DEFINITIONAL_REPRESENTATION('',(#15037),#15041);
#15037 = LINE('',#15038,#15039);
#15038 = CARTESIAN_POINT('',(0.,0.));
#15039 = VECTOR('',#15040,1.);
#15040 = DIRECTION('',(1.,0.));
#15041 = ( GEOMETRIC_REPRESENTATION_CONTEXT(2) 
PARAMETRIC_REPRESENTATION_CONTEXT() REPRESENTATION_CONTEXT('2D SPACE',''
  ) );
#15042 = ORIENTED_EDGE('',*,*,#15043,.T.);
#15043 = EDGE_CURVE('',#15009,#15044,#15046,.T.);
#15044 = VERTEX_POINT('',#15045);
#15045 = CARTESIAN_POINT('',(-60.,50.,-40.));
#15046 = SURFACE_CURVE('',#15047,(#15051,#15058),.PCURVE_S1.);
#15047 = LINE('',#15048,#15049);
#15048 = CARTESIAN_POINT('',(-60.,-50.,-40.));
#15049 = VECTOR('',#15050,1.);
#15050 = DIRECTION('',(-0.,1.,0.));
#15051 = PCURVE('',#15019,#15052);
#15052 = DEFINITIONAL_REPRESENTATION('',(#15053),#15057);
#15053 = LINE('',#15054,#15055);
#15054 = CARTESIAN_POINT('',(0.,0.));
#15055 = VECTOR('',#15056,1.);
#15056 = DIRECTION('',(0.,-1.));
#15057 = ( GEOMETRIC_REPRESENTATION_CONTEXT(2) 
PARAMETRIC_REPRESENTATION_CONTEXT() REPRESENTATION_CONTEXT('2D SPACE',''
  ) );
#15058 = PCURVE('',#15059,#15064);
#15059 = PLANE('',#15060);
#15060 = AXIS2_PLACEMENT_3D('',#15061,#15062,#15063);
#15061 = CARTESIAN_POINT('',(-60.,-50.,-40.));
#15062 = DIRECTION('',(0.,0.,1.));
#15063 = DIRECTION('',(1.,0.,-0.));
#15064 = DEFINITIONAL_REPRESENTATION('',(#15065),#15069);
#15065 = LINE('',#15066,#15067);
#15066 = CARTESIAN_POINT('',(0.,0.));
#15067 = VECTOR('',#15068,1.);
#15068 = DIRECTION('',(0.,1.));
#15069 = ( GEOMETRIC_REPRESENTATION_CONTEXT(2) 
PARAMETRIC_REPRESENTATION_CONTEXT() REPRESENTATION_CONTEXT('2D SPACE',''
  ) );
#15070 = ORIENTED_EDGE('',*,*,#15071,.T.);
#15071 = EDGE_CURVE('',#15044,#15072,#15074,.T.);
#15072 = VERTEX_POINT('',#15073);
#15073 = CARTESIAN_POINT('',(-60.,50.,40.));
#15074 = SURFACE_CURVE('',#15075,(#15079,#15086),.PCURVE_S1.);
#15075 = LINE('',#15076,#15077);
#15076 = CARTESIAN_POINT('',(-60.,50.,-40.));
#15077 = VECTOR('',#15078,1.);
#15078 = DIRECTION('',(0.,0.,1.));
#15079 = PCURVE('',#15019,#15080);
#15080 = DEFINITIONAL_REPRESENTATION('',(#15081),#15085);
#15081 = LINE('',#15082,#15083);
#15082 = CARTESIAN_POINT('',(0.,-100.));
#15083 = VECTOR('',#15084,1.);
#15084 = DIRECTION('',(1.,0.));
#15085 = ( GEOMETRIC_REPRESENTATION_CONTEXT(2) 
PARAMETRIC_REPRESENTATION_CONTEXT() REPRESENTATION_CONTEXT('2D SPACE',''
  ) );
#15086 = PCURVE('',#15087,#15092);
#15087 = PLANE('',#15088);
#15088 = AXIS2_PLACEMENT_3D('',#15089,#15090,#15091);
#15089 = CARTESIAN_POINT('',(-60.,50.,-40.));
#15090 = DIRECTION('',(-0.,1.,0.));
#15091 = DIRECTION('',(0.,0.,1.));
#15092 = DEFINITIONAL_REPRESENTATION('',(#15093),#15097);
#15093 = LINE('',#15094,#15095);
#15094 = CARTESIAN_POINT('',(0.,0.));
#15095 = VECTOR('',#15096,1.);
#15096 = DIRECTION('',(1.,0.));
#15097 = ( GEOMETRIC_REPRESENTATION_CONTEXT(2) 
PARAMETRIC_REPRESENTATION_CONTEXT() REPRESENTATION_CONTEXT('2D SPACE',''
  ) );
#15098 = ORIENTED_EDGE('',*,*,#15099,.F.);
#15099 = EDGE_CURVE('',#15011,#15072,#15100,.T.);
#15100 = SURFACE_CURVE('',#15101,(#15105,#15112),.PCURVE_S1.);
#15101 = LINE('',#15102,#15103);
#15102 = CARTESIAN_POINT('',(-60.,-50.,40.));
#15103 = VECTOR('',#15104,1.);
#15104 = DIRECTION('',(-0.,1.,0.));
#15105 = PCURVE('',#15019,#15106);
#15106 = DEFINITIONAL_REPRESENTATION('',(#15107),#15111);
#15107 = LINE('',#15108,#15109);
#15108 = CARTESIAN_POINT('',(80.,0.));
#15109 = VECTOR('',#15110,1.);
#15110 = DIRECTION('',(0.,-1.));
#15111 = ( GEOMETRIC_REPRESENTATION_CONTEXT(2) 
PARAMETRIC_REPRESENTATION_CONTEXT() REPRESENTATION_CONTEXT('2D SPACE',''
  ) );
#15112 = PCURVE('',#15113,#15118);
#15113 = PLANE('',#15114);
#15114 = AXIS2_PLACEMENT_3D('',#15115,#15116,#15117);
#15115 = CARTESIAN_POINT('',(-60.,-50.,40.));
#15116 = DIRECTION('',(0.,0.,1.));
#15117 = DIRECTION('',(1.,0.,-0.));
#15118 = DEFINITIONAL_REPRESENTATION('',(#15119),#15123);
#15119 = LINE('',#15120,#15121);
#15120 = CARTESIAN_POINT('',(0.,0.));
#15121 = VECTOR('',#15122,1.);
#15122 = DIRECTION('',(0.,1.));
#15123 = ( GEOMETRIC_REPRESENTATION_CONTEXT(2) 
PARAMETRIC_REPRESENTATION_CONTEXT() REPRESENTATION_CONTEXT('2D SPACE',''
  ) );
#15124 = ADVANCED_FACE('',(#15125),#15139,.T.);
#15125 = FACE_BOUND('',#15126,.T.);
#15126 = EDGE_LOOP('',(#15127,#15157,#15180,#15203));
#15127 = ORIENTED_EDGE('',*,*,#15128,.F.);
#15128 = EDGE_CURVE('',#15129,#15131,#15133,.T.);
#15129 = VERTEX_POINT('',#15130);
#15130 = CARTESIAN_POINT('',(60.,-50.,-40.));
#15131 = VERTEX_POINT('',#15132);
#15132 = CARTESIAN_POINT('',(60.,-50.,40.));
#15133 = SURFACE_CURVE('',#15134,(#15138,#15150),.PCURVE_S1.);
#15134 = LINE('',#15135,#15136);
#15135 = CARTESIAN_POINT('',(60.,-50.,-40.));
#15136 = VECTOR('',#15137,1.);
#15137 = DIRECTION('',(0.,0.,1.));
#15138 = PCURVE('',#15139,#15144);
#15139 = PLANE('',#15140);
#15140 = AXIS2_PLACEMENT_3D('',#15141,#15142,#15143);
#15141 = CARTESIAN_POINT('',(60.,-50.,-40.));
#15142 = DIRECTION('',(1.,0.,-0.));
#15143 = DIRECTION('',(0.,0.,1.));
#15144 = DEFINITIONAL_REPRESENTATION('',(#15145),#15149);
#15145 = LINE('',#15146,#15147);
#15146 = CARTESIAN_POINT('',(0.,0.));
#15147 = VECTOR('',#15148,1.);
#15148 = DIRECTION('',(1.,0.));
#15149 = ( GEOMETRIC_REPRESENTATION_CONTEXT(2) 
PARAMETRIC_REPRESENTATION_CONTEXT() REPRESENTATION_CONTEXT('2D SPACE',''
  ) );
#15150 = PCURVE('',#15031,#15151);
#15151 = DEFINITIONAL_REPRESENTATION('',(#15152),#15156);
#15152 = LINE('',#15153,#15154);
#15153 = CARTESIAN_POINT('',(0.,120.));
#15154 = VECTOR('',#15155,1.);
#15155 = DIRECTION('',(1.,0.));
#15156 = ( GEOMETRIC_REPRESENTATION_CONTEXT(2) 
PARAMETRIC_REPRESENTATION_CONTEXT() REPRESENTATION_CONTEXT('2D SPACE',''
  ) );
#15157 = ORIENTED_EDGE('',*,*,#15158,.T.);
#15158 = EDGE_CURVE('',#15129,#15159,#15161,.T.);
#15159 = VERTEX_POINT('',#15160);
#15160 = CARTESIAN_POINT('',(60.,50.,-40.));
#15161 = SURFACE_CURVE('',#15162,(#15166,#15173),.PCURVE_S1.);
#15162 = LINE('',#15163,#15164);
#15163 = CARTESIAN_POINT('',(60.,-50.,-40.));
#15164 = VECTOR('',#15165,1.);
#15165 = DIRECTION('',(-0.,1.,0.));
#15166 = PCURVE('',#15139,#15167);
#15167 = DEFINITIONAL_REPRESENTATION('',(#15168),#15172);
#15168 = LINE('',#15169,#15170);
#15169 = CARTESIAN_POINT('',(0.,0.));
#15170 = VECTOR('',#15171,1.);
#15171 = DIRECTION('',(0.,-1.));
#15172 = ( GEOMETRIC_REPRESENTATION_CONTEXT(2) 
PARAMETRIC_REPRESENTATION_CONTEXT() REPRESENTATION_CONTEXT('2D SPACE',''
  ) );
#15173 = PCURVE('',#15059,#15174);
#15174 = DEFINITIONAL_REPRESENTATION('',(#15175),#15179);
#15175 = LINE('',#15176,#15177);
#15176 = CARTESIAN_POINT('',(120.,0.));
#15177 = VECTOR('',#15178,1.);
#15178 = DIRECTION('',(0.,1.));
#15179 = ( GEOMETRIC_REPRESENTATION_CONTEXT(2) 
PARAMETRIC_REPRESENTATION_CONTEXT() REPRESENTATION_CONTEXT('2D SPACE',''
  ) );
#15180 = ORIENTED_EDGE('',*,*,#15181,.T.);
#15181 = EDGE_CURVE('',#15159,#15182,#15184,.T.);
#15182 = VERTEX_POINT('',#15183);
#15183 = CARTESIAN_POINT('',(60.,50.,40.));
#15184 = SURFACE_CURVE('',#15185,(#15189,#15196),.PCURVE_S1.);
#15185 = LINE('',#15186,#15187);
#15186 = CARTESIAN_POINT('',(60.,50.,-40.));
#15187 = VECTOR('',#15188,1.);
#15188 = DIRECTION('',(0.,0.,1.));
#15189 = PCURVE('',#15139,#15190);
#15190 = DEFINITIONAL_REPRESENTATION('',(#15191),#15195);
#15191 = LINE('',#15192,#15193);
#15192 = CARTESIAN_POINT('',(0.,-100.));
#15193 = VECTOR('',#15194,1.);
#15194 = DIRECTION('',(1.,0.));
#15195 = ( GEOMETRIC_REPRESENTATION_CONTEXT(2) 
PARAMETRIC_REPRESENTATION_CONTEXT() REPRESENTATION_CONTEXT('2D SPACE',''
  ) );
#15196 = PCURVE('',#15087,#15197);
#15197 = DEFINITIONAL_REPRESENTATION('',(#15198),#15202);
#15198 = LINE('',#15199,#15200);
#15199 = CARTESIAN_POINT('',(0.,120.));
#15200 = VECTOR('',#15201,1.);
#15201 = DIRECTION('',(1.,0.));
#15202 = ( GEOMETRIC_REPRESENTATION_CONTEXT(2) 
PARAMETRIC_REPRESENTATION_CONTEXT() REPRESENTATION_CONTEXT('2D SPACE',''
  ) );
#15203 = ORIENTED_EDGE('',*,*,#15204,.F.);
#15204 = EDGE_CURVE('',#15131,#15182,#15205,.T.);
#15205 = SURFACE_CURVE('',#15206,(#15210,#15217),.PCURVE_S1.);
#15206 = LINE('',#15207,#15208);
#15207 = CARTESIAN_POINT('',(60.,-50.,40.));
#15208 = VECTOR('',#15209,1.);
#15209 = DIRECTION('',(-0.,1.,0.));
#15210 = PCURVE('',#15139,#15211);
#15211 = DEFINITIONAL_REPRESENTATION('',(#15212),#15216);
#15212 = LINE('',#15213,#15214);
#15213 = CARTESIAN_POINT('',(80.,0.));
#15214 = VECTOR('',#15215,1.);
#15215 = DIRECTION('',(0.,-1.));
#15216 = ( GEOMETRIC_REPRESENTATION_CONTEXT(2) 
PARAMETRIC_REPRESENTATION_CONTEXT() REPRESENTATION_CONTEXT('2D SPACE',''
  ) );
#15217 = PCURVE('',#15113,#15218);
#15218 = DEFINITIONAL_REPRESENTATION('',(#15219),#15223);
#15219 = LINE('',#15220,#15221);
#15220 = CARTESIAN_POINT('',(120.,0.));
#15221 = VECTOR('',#15222,1.);
#15222 = DIRECTION('',(0.,1.));
#15223 = ( GEOMETRIC_REPRESENTATION_CONTEXT(2) 
PARAMETRIC_REPRESENTATION_CONTEXT() REPRESENTATION_CONTEXT('2D SPACE',''
  ) );
#15224 = ADVANCED_FACE('',(#15225),#15031,.F.);
#15225 = FACE_BOUND('',#15226,.F.);
#15226 = EDGE_LOOP('',(#15227,#15248,#15249,#15270));
#15227 = ORIENTED_EDGE('',*,*,#15228,.F.);
#15228 = EDGE_CURVE('',#15009,#15129,#15229,.T.);
#15229 = SURFACE_CURVE('',#15230,(#15234,#15241),.PCURVE_S1.);
#15230 = LINE('',#15231,#15232);
#15231 = CARTESIAN_POINT('',(-60.,-50.,-40.));
#15232 = VECTOR('',#15233,1.);
#15233 = DIRECTION('',(1.,0.,-0.));
#15234 = PCURVE('',#15031,#15235);
#15235 = DEFINITIONAL_REPRESENTATION('',(#15236),#15240);
#15236 = LINE('',#15237,#15238);
#15237 = CARTESIAN_POINT('',(0.,0.));
#15238 = VECTOR('',#15239,1.);
#15239 = DIRECTION('',(0.,1.));
#15240 = ( GEOMETRIC_REPRESENTATION_CONTEXT(2) 
PARAMETRIC_REPRESENTATION_CONTEXT() REPRESENTATION_CONTEXT('2D SPACE',''
  ) );
#15241 = PCURVE('',#15059,#15242);
#15242 = DEFINITIONAL_REPRESENTATION('',(#15243),#15247);
#15243 = LINE('',#15244,#15245);
#15244 = CARTESIAN_POINT('',(0.,0.));
#15245 = VECTOR('',#15246,1.);
#15246 = DIRECTION('',(1.,0.));
#15247 = ( GEOMETRIC_REPRESENTATION_CONTEXT(2) 
PARAMETRIC_REPRESENTATION_CONTEXT() REPRESENTATION_CONTEXT('2D SPACE',''
  ) );
#15248 = ORIENTED_EDGE('',*,*,#15008,.T.);
#15249 = ORIENTED_EDGE('',*,*,#15250,.T.);
#15250 = EDGE_CURVE('',#15011,#15131,#15251,.T.);
#15251 = SURFACE_CURVE('',#15252,(#15256,#15263),.PCURVE_S1.);
#15252 = LINE('',#15253,#15254);
#15253 = CARTESIAN_POINT('',(-60.,-50.,40.));
#15254 = VECTOR('',#15255,1.);
#15255 = DIRECTION('',(1.,0.,-0.));
#15256 = PCURVE('',#15031,#15257);
#15257 = DEFINITIONAL_REPRESENTATION('',(#15258),#15262);
#15258 = LINE('',#15259,#15260);
#15259 = CARTESIAN_POINT('',(80.,0.));
#15260 = VECTOR('',#15261,1.);
#15261 = DIRECTION('',(0.,1.));
#15262 = ( GEOMETRIC_REPRESENTATION_CONTEXT(2) 
PARAMETRIC_REPRESENTATION_CONTEXT() REPRESENTATION_CONTEXT('2D SPACE',''
  ) );
#15263 = PCURVE('',#15113,#15264);
#15264 = DEFINITIONAL_REPRESENTATION('',(#15265),#15269);
#15265 = LINE('',#15266,#15267);
#15266 = CARTESIAN_POINT('',(0.,0.));
#15267 = VECTOR('',#15268,1.);
#15268 = DIRECTION('',(1.,0.));
#15269 = ( GEOMETRIC_REPRESENTATION_CONTEXT(2) 
PARAMETRIC_REPRESENTATION_CONTEXT() REPRESENTATION_CONTEXT('2D SPACE',''
  ) );
#15270 = ORIENTED_EDGE('',*,*,#15128,.F.);
#15271 = ADVANCED_FACE('',(#15272),#15087,.T.);
#15272 = FACE_BOUND('',#15273,.T.);
#15273 = EDGE_LOOP('',(#15274,#15295,#15296,#15317));
#15274 = ORIENTED_EDGE('',*,*,#15275,.F.);
#15275 = EDGE_CURVE('',#15044,#15159,#15276,.T.);
#15276 = SURFACE_CURVE('',#15277,(#15281,#15288),.PCURVE_S1.);
#15277 = LINE('',#15278,#15279);
#15278 = CARTESIAN_POINT('',(-60.,50.,-40.));
#15279 = VECTOR('',#15280,1.);
#15280 = DIRECTION('',(1.,0.,-0.));
#15281 = PCURVE('',#15087,#15282);
#15282 = DEFINITIONAL_REPRESENTATION('',(#15283),#15287);
#15283 = LINE('',#15284,#15285);
#15284 = CARTESIAN_POINT('',(0.,0.));
#15285 = VECTOR('',#15286,1.);
#15286 = DIRECTION('',(0.,1.));
#15287 = ( GEOMETRIC_REPRESENTATION_CONTEXT(2) 
PARAMETRIC_REPRESENTATION_CONTEXT() REPRESENTATION_CONTEXT('2D SPACE',''
  ) );
#15288 = PCURVE('',#15059,#15289);
#15289 = DEFINITIONAL_REPRESENTATION('',(#15290),#15294);
#15290 = LINE('',#15291,#15292);
#15291 = CARTESIAN_POINT('',(0.,100.));
#15292 = VECTOR('',#15293,1.);
#15293 = DIRECTION('',(1.,0.));
#15294 = ( GEOMETRIC_REPRESENTATION_CONTEXT(2) 
PARAMETRIC_REPRESENTATION_CONTEXT() REPRESENTATION_CONTEXT('2D SPACE',''
  ) );
#15295 = ORIENTED_EDGE('',*,*,#15071,.T.);
#15296 = ORIENTED_EDGE('',*,*,#15297,.T.);
#15297 = EDGE_CURVE('',#15072,#15182,#15298,.T.);
#15298 = SURFACE_CURVE('',#15299,(#15303,#15310),.PCURVE_S1.);
#15299 = LINE('',#15300,#15301);
#15300 = CARTESIAN_POINT('',(-60.,50.,40.));
#15301 = VECTOR('',#15302,1.);
#15302 = DIRECTION('',(1.,0.,-0.));
#15303 = PCURVE('',#15087,#15304);
#15304 = DEFINITIONAL_REPRESENTATION('',(#15305),#15309);
#15305 = LINE('',#15306,#15307);
#15306 = CARTESIAN_POINT('',(80.,0.));
#15307 = VECTOR('',#15308,1.);
#15308 = DIRECTION('',(0.,1.));
#15309 = ( GEOMETRIC_REPRESENTATION_CONTEXT(2) 
PARAMETRIC_REPRESENTATION_CONTEXT() REPRESENTATION_CONTEXT('2D SPACE',''
  ) );
#15310 = PCURVE('',#15113,#15311);
#15311 = DEFINITIONAL_REPRESENTATION('',(#15312),#15316);
#15312 = LINE('',#15313,#15314);
#15313 = CARTESIAN_POINT('',(0.,100.));
#15314 = VECTOR('',#15315,1.);
#15315 = DIRECTION('',(1.,0.));
#15316 = ( GEOMETRIC_REPRESENTATION_CONTEXT(2) 
PARAMETRIC_REPRESENTATION_CONTEXT() REPRESENTATION_CONTEXT('2D SPACE',''
  ) );
#15317 = ORIENTED_EDGE('',*,*,#15181,.F.);
#15318 = ADVANCED_FACE('',(#15319),#15059,.F.);
#15319 = FACE_BOUND('',#15320,.F.);
#15320 = EDGE_LOOP('',(#15321,#15322,#15323,#15324));
#15321 = ORIENTED_EDGE('',*,*,#15043,.F.);
#15322 = ORIENTED_EDGE('',*,*,#15228,.T.);
#15323 = ORIENTED_EDGE('',*,*,#15158,.T.);
#15324 = ORIENTED_EDGE('',*,*,#15275,.F.);
#15325 = ADVANCED_FACE('',(#15326),#15113,.T.);
#15326 = FACE_BOUND('',#15327,.T.);
#15327 = EDGE_LOOP('',(#15328,#15329,#15330,#15331));
#15328 = ORIENTED_EDGE('',*,*,#15099,.F.);
#15329 = ORIENTED_EDGE('',*,*,#15250,.T.);
#15330 = ORIENTED_EDGE('',*,*,#15204,.T.);
#15331 = ORIENTED_EDGE('',*,*,#15297,.F.);
#15332 = ( GEOMETRIC_REPRESENTATION_CONTEXT(3) 
GLOBAL_UNCERTAINTY_ASSIGNED_CONTEXT((#15336)) 
GLOBAL_UNIT_ASSIGNED_CONTEXT((#15333,#15334,#15335)) 
REPRESENTATION_CONTEXT('Context #1',
  '3D Context with UNIT and UNCERTAINTY') );
#15333 = ( LENGTH_UNIT() NAMED_UNIT(*) SI_UNIT(.MILLI.,.METRE.) );
#15334 = ( NAMED_UNIT(*) PLANE_ANGLE_UNIT() SI_UNIT($,.RADIAN.) );
#15335 = ( NAMED_UNIT(*) SI_UNIT($,.STERADIAN.) SOLID_ANGLE_UNIT() );
#15336 = UNCERTAINTY_MEASURE_WITH_UNIT(LENGTH_MEASURE(1.E-07),#15333,
  'distance_accuracy_value','confusion accuracy');
#15337 = CONTEXT_DEPENDENT_SHAPE_REPRESENTATION(#15338,#15340);
#15338 = ( REPRESENTATION_RELATIONSHIP('','',#15001,#10) 
REPRESENTATION_RELATIONSHIP_WITH_TRANSFORMATION(#15339) 
SHAPE_REPRESENTATION_RELATIONSHIP() );
#15339 = ITEM_DEFINED_TRANSFORMATION('','',#11,#195);
#15340 = PRODUCT_DEFINITION_SHAPE('Placement','Placement of an item',
  #15341);
#15341 = NEXT_ASSEMBLY_USAGE_OCCURRENCE('46','=>[0:1:1:47]','',#5,#14996
  ,$);
#15342 = PRODUCT_RELATED_PRODUCT_CATEGORY('part',$,(#14998));
#15343 = SHAPE_DEFINITION_REPRESENTATION(#15344,#15350);
#15344 = PRODUCT_DEFINITION_SHAPE('','',#15345);
#15345 = PRODUCT_DEFINITION('design','',#15346,#15349);
#15346 = PRODUCT_DEFINITION_FORMATION('','',#15347);
#15347 = PRODUCT('COMPOUND','COMPOUND','',(#15348));
#15348 = PRODUCT_CONTEXT('',#2,'mechanical');
#15349 = PRODUCT_DEFINITION_CONTEXT('part definition',#2,'design');
#15350 = ADVANCED_BREP_SHAPE_REPRESENTATION('',(#11,#15351),#15681);
#15351 = MANIFOLD_SOLID_BREP('',#15352);
#15352 = CLOSED_SHELL('',(#15353,#15473,#15573,#15620,#15667,#15674));
#15353 = ADVANCED_FACE('',(#15354),#15368,.F.);
#15354 = FACE_BOUND('',#15355,.F.);
#15355 = EDGE_LOOP('',(#15356,#15391,#15419,#15447));
#15356 = ORIENTED_EDGE('',*,*,#15357,.F.);
#15357 = EDGE_CURVE('',#15358,#15360,#15362,.T.);
#15358 = VERTEX_POINT('',#15359);
#15359 = CARTESIAN_POINT('',(-60.,-50.,-40.));
#15360 = VERTEX_POINT('',#15361);
#15361 = CARTESIAN_POINT('',(-60.,-50.,40.));
#15362 = SURFACE_CURVE('',#15363,(#15367,#15379),.PCURVE_S1.);
#15363 = LINE('',#15364,#15365);
#15364 = CARTESIAN_POINT('',(-60.,-50.,-40.));
#15365 = VECTOR('',#15366,1.);
#15366 = DIRECTION('',(0.,0.,1.));
#15367 = PCURVE('',#15368,#15373);
#15368 = PLANE('',#15369);
#15369 = AXIS2_PLACEMENT_3D('',#15370,#15371,#15372);
#15370 = CARTESIAN_POINT('',(-60.,-50.,-40.));
#15371 = DIRECTION('',(1.,0.,-0.));
#15372 = DIRECTION('',(0.,0.,1.));
#15373 = DEFINITIONAL_REPRESENTATION('',(#15374),#15378);
#15374 = LINE('',#15375,#15376);
#15375 = CARTESIAN_POINT('',(0.,0.));
#15376 = VECTOR('',#15377,1.);
#15377 = DIRECTION('',(1.,0.));
#15378 = ( GEOMETRIC_REPRESENTATION_CONTEXT(2) 
PARAMETRIC_REPRESENTATION_CONTEXT() REPRESENTATION_CONTEXT('2D SPACE',''
  ) );
#15379 = PCURVE('',#15380,#15385);
#15380 = PLANE('',#15381);
#15381 = AXIS2_PLACEMENT_3D('',#15382,#15383,#15384);
#15382 = CARTESIAN_POINT('',(-60.,-50.,-40.));
#15383 = DIRECTION('',(-0.,1.,0.));
#15384 = DIRECTION('',(0.,0.,1.));
#15385 = DEFINITIONAL_REPRESENTATION('',(#15386),#15390);
#15386 = LINE('',#15387,#15388);
#15387 = CARTESIAN_POINT('',(0.,0.));
#15388 = VECTOR('',#15389,1.);
#15389 = DIRECTION('',(1.,0.));
#15390 = ( GEOMETRIC_REPRESENTATION_CONTEXT(2) 
PARAMETRIC_REPRESENTATION_CONTEXT() REPRESENTATION_CONTEXT('2D SPACE',''
  ) );
#15391 = ORIENTED_EDGE('',*,*,#15392,.T.);
#15392 = EDGE_CURVE('',#15358,#15393,#15395,.T.);
#15393 = VERTEX_POINT('',#15394);
#15394 = CARTESIAN_POINT('',(-60.,50.,-40.));
#15395 = SURFACE_CURVE('',#15396,(#15400,#15407),.PCURVE_S1.);
#15396 = LINE('',#15397,#15398);
#15397 = CARTESIAN_POINT('',(-60.,-50.,-40.));
#15398 = VECTOR('',#15399,1.);
#15399 = DIRECTION('',(-0.,1.,0.));
#15400 = PCURVE('',#15368,#15401);
#15401 = DEFINITIONAL_REPRESENTATION('',(#15402),#15406);
#15402 = LINE('',#15403,#15404);
#15403 = CARTESIAN_POINT('',(0.,0.));
#15404 = VECTOR('',#15405,1.);
#15405 = DIRECTION('',(0.,-1.));
#15406 = ( GEOMETRIC_REPRESENTATION_CONTEXT(2) 
PARAMETRIC_REPRESENTATION_CONTEXT() REPRESENTATION_CONTEXT('2D SPACE',''
  ) );
#15407 = PCURVE('',#15408,#15413);
#15408 = PLANE('',#15409);
#15409 = AXIS2_PLACEMENT_3D('',#15410,#15411,#15412);
#15410 = CARTESIAN_POINT('',(-60.,-50.,-40.));
#15411 = DIRECTION('',(0.,0.,1.));
#15412 = DIRECTION('',(1.,0.,-0.));
#15413 = DEFINITIONAL_REPRESENTATION('',(#15414),#15418);
#15414 = LINE('',#15415,#15416);
#15415 = CARTESIAN_POINT('',(0.,0.));
#15416 = VECTOR('',#15417,1.);
#15417 = DIRECTION('',(0.,1.));
#15418 = ( GEOMETRIC_REPRESENTATION_CONTEXT(2) 
PARAMETRIC_REPRESENTATION_CONTEXT() REPRESENTATION_CONTEXT('2D SPACE',''
  ) );
#15419 = ORIENTED_EDGE('',*,*,#15420,.T.);
#15420 = EDGE_CURVE('',#15393,#15421,#15423,.T.);
#15421 = VERTEX_POINT('',#15422);
#15422 = CARTESIAN_POINT('',(-60.,50.,40.));
#15423 = SURFACE_CURVE('',#15424,(#15428,#15435),.PCURVE_S1.);
#15424 = LINE('',#15425,#15426);
#15425 = CARTESIAN_POINT('',(-60.,50.,-40.));
#15426 = VECTOR('',#15427,1.);
#15427 = DIRECTION('',(0.,0.,1.));
#15428 = PCURVE('',#15368,#15429);
#15429 = DEFINITIONAL_REPRESENTATION('',(#15430),#15434);
#15430 = LINE('',#15431,#15432);
#15431 = CARTESIAN_POINT('',(0.,-100.));
#15432 = VECTOR('',#15433,1.);
#15433 = DIRECTION('',(1.,0.));
#15434 = ( GEOMETRIC_REPRESENTATION_CONTEXT(2) 
PARAMETRIC_REPRESENTATION_CONTEXT() REPRESENTATION_CONTEXT('2D SPACE',''
  ) );
#15435 = PCURVE('',#15436,#15441);
#15436 = PLANE('',#15437);
#15437 = AXIS2_PLACEMENT_3D('',#15438,#15439,#15440);
#15438 = CARTESIAN_POINT('',(-60.,50.,-40.));
#15439 = DIRECTION('',(-0.,1.,0.));
#15440 = DIRECTION('',(0.,0.,1.));
#15441 = DEFINITIONAL_REPRESENTATION('',(#15442),#15446);
#15442 = LINE('',#15443,#15444);
#15443 = CARTESIAN_POINT('',(0.,0.));
#15444 = VECTOR('',#15445,1.);
#15445 = DIRECTION('',(1.,0.));
#15446 = ( GEOMETRIC_REPRESENTATION_CONTEXT(2) 
PARAMETRIC_REPRESENTATION_CONTEXT() REPRESENTATION_CONTEXT('2D SPACE',''
  ) );
#15447 = ORIENTED_EDGE('',*,*,#15448,.F.);
#15448 = EDGE_CURVE('',#15360,#15421,#15449,.T.);
#15449 = SURFACE_CURVE('',#15450,(#15454,#15461),.PCURVE_S1.);
#15450 = LINE('',#15451,#15452);
#15451 = CARTESIAN_POINT('',(-60.,-50.,40.));
#15452 = VECTOR('',#15453,1.);
#15453 = DIRECTION('',(-0.,1.,0.));
#15454 = PCURVE('',#15368,#15455);
#15455 = DEFINITIONAL_REPRESENTATION('',(#15456),#15460);
#15456 = LINE('',#15457,#15458);
#15457 = CARTESIAN_POINT('',(80.,0.));
#15458 = VECTOR('',#15459,1.);
#15459 = DIRECTION('',(0.,-1.));
#15460 = ( GEOMETRIC_REPRESENTATION_CONTEXT(2) 
PARAMETRIC_REPRESENTATION_CONTEXT() REPRESENTATION_CONTEXT('2D SPACE',''
  ) );
#15461 = PCURVE('',#15462,#15467);
#15462 = PLANE('',#15463);
#15463 = AXIS2_PLACEMENT_3D('',#15464,#15465,#15466);
#15464 = CARTESIAN_POINT('',(-60.,-50.,40.));
#15465 = DIRECTION('',(0.,0.,1.));
#15466 = DIRECTION('',(1.,0.,-0.));
#15467 = DEFINITIONAL_REPRESENTATION('',(#15468),#15472);
#15468 = LINE('',#15469,#15470);
#15469 = CARTESIAN_POINT('',(0.,0.));
#15470 = VECTOR('',#15471,1.);
#15471 = DIRECTION('',(0.,1.));
#15472 = ( GEOMETRIC_REPRESENTATION_CONTEXT(2) 
PARAMETRIC_REPRESENTATION_CONTEXT() REPRESENTATION_CONTEXT('2D SPACE',''
  ) );
#15473 = ADVANCED_FACE('',(#15474),#15488,.T.);
#15474 = FACE_BOUND('',#15475,.T.);
#15475 = EDGE_LOOP('',(#15476,#15506,#15529,#15552));
#15476 = ORIENTED_EDGE('',*,*,#15477,.F.);
#15477 = EDGE_CURVE('',#15478,#15480,#15482,.T.);
#15478 = VERTEX_POINT('',#15479);
#15479 = CARTESIAN_POINT('',(60.,-50.,-40.));
#15480 = VERTEX_POINT('',#15481);
#15481 = CARTESIAN_POINT('',(60.,-50.,40.));
#15482 = SURFACE_CURVE('',#15483,(#15487,#15499),.PCURVE_S1.);
#15483 = LINE('',#15484,#15485);
#15484 = CARTESIAN_POINT('',(60.,-50.,-40.));
#15485 = VECTOR('',#15486,1.);
#15486 = DIRECTION('',(0.,0.,1.));
#15487 = PCURVE('',#15488,#15493);
#15488 = PLANE('',#15489);
#15489 = AXIS2_PLACEMENT_3D('',#15490,#15491,#15492);
#15490 = CARTESIAN_POINT('',(60.,-50.,-40.));
#15491 = DIRECTION('',(1.,0.,-0.));
#15492 = DIRECTION('',(0.,0.,1.));
#15493 = DEFINITIONAL_REPRESENTATION('',(#15494),#15498);
#15494 = LINE('',#15495,#15496);
#15495 = CARTESIAN_POINT('',(0.,0.));
#15496 = VECTOR('',#15497,1.);
#15497 = DIRECTION('',(1.,0.));
#15498 = ( GEOMETRIC_REPRESENTATION_CONTEXT(2) 
PARAMETRIC_REPRESENTATION_CONTEXT() REPRESENTATION_CONTEXT('2D SPACE',''
  ) );
#15499 = PCURVE('',#15380,#15500);
#15500 = DEFINITIONAL_REPRESENTATION('',(#15501),#15505);
#15501 = LINE('',#15502,#15503);
#15502 = CARTESIAN_POINT('',(0.,120.));
#15503 = VECTOR('',#15504,1.);
#15504 = DIRECTION('',(1.,0.));
#15505 = ( GEOMETRIC_REPRESENTATION_CONTEXT(2) 
PARAMETRIC_REPRESENTATION_CONTEXT() REPRESENTATION_CONTEXT('2D SPACE',''
  ) );
#15506 = ORIENTED_EDGE('',*,*,#15507,.T.);
#15507 = EDGE_CURVE('',#15478,#15508,#15510,.T.);
#15508 = VERTEX_POINT('',#15509);
#15509 = CARTESIAN_POINT('',(60.,50.,-40.));
#15510 = SURFACE_CURVE('',#15511,(#15515,#15522),.PCURVE_S1.);
#15511 = LINE('',#15512,#15513);
#15512 = CARTESIAN_POINT('',(60.,-50.,-40.));
#15513 = VECTOR('',#15514,1.);
#15514 = DIRECTION('',(-0.,1.,0.));
#15515 = PCURVE('',#15488,#15516);
#15516 = DEFINITIONAL_REPRESENTATION('',(#15517),#15521);
#15517 = LINE('',#15518,#15519);
#15518 = CARTESIAN_POINT('',(0.,0.));
#15519 = VECTOR('',#15520,1.);
#15520 = DIRECTION('',(0.,-1.));
#15521 = ( GEOMETRIC_REPRESENTATION_CONTEXT(2) 
PARAMETRIC_REPRESENTATION_CONTEXT() REPRESENTATION_CONTEXT('2D SPACE',''
  ) );
#15522 = PCURVE('',#15408,#15523);
#15523 = DEFINITIONAL_REPRESENTATION('',(#15524),#15528);
#15524 = LINE('',#15525,#15526);
#15525 = CARTESIAN_POINT('',(120.,0.));
#15526 = VECTOR('',#15527,1.);
#15527 = DIRECTION('',(0.,1.));
#15528 = ( GEOMETRIC_REPRESENTATION_CONTEXT(2) 
PARAMETRIC_REPRESENTATION_CONTEXT() REPRESENTATION_CONTEXT('2D SPACE',''
  ) );
#15529 = ORIENTED_EDGE('',*,*,#15530,.T.);
#15530 = EDGE_CURVE('',#15508,#15531,#15533,.T.);
#15531 = VERTEX_POINT('',#15532);
#15532 = CARTESIAN_POINT('',(60.,50.,40.));
#15533 = SURFACE_CURVE('',#15534,(#15538,#15545),.PCURVE_S1.);
#15534 = LINE('',#15535,#15536);
#15535 = CARTESIAN_POINT('',(60.,50.,-40.));
#15536 = VECTOR('',#15537,1.);
#15537 = DIRECTION('',(0.,0.,1.));
#15538 = PCURVE('',#15488,#15539);
#15539 = DEFINITIONAL_REPRESENTATION('',(#15540),#15544);
#15540 = LINE('',#15541,#15542);
#15541 = CARTESIAN_POINT('',(0.,-100.));
#15542 = VECTOR('',#15543,1.);
#15543 = DIRECTION('',(1.,0.));
#15544 = ( GEOMETRIC_REPRESENTATION_CONTEXT(2) 
PARAMETRIC_REPRESENTATION_CONTEXT() REPRESENTATION_CONTEXT('2D SPACE',''
  ) );
#15545 = PCURVE('',#15436,#15546);
#15546 = DEFINITIONAL_REPRESENTATION('',(#15547),#15551);
#15547 = LINE('',#15548,#15549);
#15548 = CARTESIAN_POINT('',(0.,120.));
#15549 = VECTOR('',#15550,1.);
#15550 = DIRECTION('',(1.,0.));
#15551 = ( GEOMETRIC_REPRESENTATION_CONTEXT(2) 
PARAMETRIC_REPRESENTATION_CONTEXT() REPRESENTATION_CONTEXT('2D SPACE',''
  ) );
#15552 = ORIENTED_EDGE('',*,*,#15553,.F.);
#15553 = EDGE_CURVE('',#15480,#15531,#15554,.T.);
#15554 = SURFACE_CURVE('',#15555,(#15559,#15566),.PCURVE_S1.);
#15555 = LINE('',#15556,#15557);
#15556 = CARTESIAN_POINT('',(60.,-50.,40.));
#15557 = VECTOR('',#15558,1.);
#15558 = DIRECTION('',(-0.,1.,0.));
#15559 = PCURVE('',#15488,#15560);
#15560 = DEFINITIONAL_REPRESENTATION('',(#15561),#15565);
#15561 = LINE('',#15562,#15563);
#15562 = CARTESIAN_POINT('',(80.,0.));
#15563 = VECTOR('',#15564,1.);
#15564 = DIRECTION('',(0.,-1.));
#15565 = ( GEOMETRIC_REPRESENTATION_CONTEXT(2) 
PARAMETRIC_REPRESENTATION_CONTEXT() REPRESENTATION_CONTEXT('2D SPACE',''
  ) );
#15566 = PCURVE('',#15462,#15567);
#15567 = DEFINITIONAL_REPRESENTATION('',(#15568),#15572);
#15568 = LINE('',#15569,#15570);
#15569 = CARTESIAN_POINT('',(120.,0.));
#15570 = VECTOR('',#15571,1.);
#15571 = DIRECTION('',(0.,1.));
#15572 = ( GEOMETRIC_REPRESENTATION_CONTEXT(2) 
PARAMETRIC_REPRESENTATION_CONTEXT() REPRESENTATION_CONTEXT('2D SPACE',''
  ) );
#15573 = ADVANCED_FACE('',(#15574),#15380,.F.);
#15574 = FACE_BOUND('',#15575,.F.);
#15575 = EDGE_LOOP('',(#15576,#15597,#15598,#15619));
#15576 = ORIENTED_EDGE('',*,*,#15577,.F.);
#15577 = EDGE_CURVE('',#15358,#15478,#15578,.T.);
#15578 = SURFACE_CURVE('',#15579,(#15583,#15590),.PCURVE_S1.);
#15579 = LINE('',#15580,#15581);
#15580 = CARTESIAN_POINT('',(-60.,-50.,-40.));
#15581 = VECTOR('',#15582,1.);
#15582 = DIRECTION('',(1.,0.,-0.));
#15583 = PCURVE('',#15380,#15584);
#15584 = DEFINITIONAL_REPRESENTATION('',(#15585),#15589);
#15585 = LINE('',#15586,#15587);
#15586 = CARTESIAN_POINT('',(0.,0.));
#15587 = VECTOR('',#15588,1.);
#15588 = DIRECTION('',(0.,1.));
#15589 = ( GEOMETRIC_REPRESENTATION_CONTEXT(2) 
PARAMETRIC_REPRESENTATION_CONTEXT() REPRESENTATION_CONTEXT('2D SPACE',''
  ) );
#15590 = PCURVE('',#15408,#15591);
#15591 = DEFINITIONAL_REPRESENTATION('',(#15592),#15596);
#15592 = LINE('',#15593,#15594);
#15593 = CARTESIAN_POINT('',(0.,0.));
#15594 = VECTOR('',#15595,1.);
#15595 = DIRECTION('',(1.,0.));
#15596 = ( GEOMETRIC_REPRESENTATION_CONTEXT(2) 
PARAMETRIC_REPRESENTATION_CONTEXT() REPRESENTATION_CONTEXT('2D SPACE',''
  ) );
#15597 = ORIENTED_EDGE('',*,*,#15357,.T.);
#15598 = ORIENTED_EDGE('',*,*,#15599,.T.);
#15599 = EDGE_CURVE('',#15360,#15480,#15600,.T.);
#15600 = SURFACE_CURVE('',#15601,(#15605,#15612),.PCURVE_S1.);
#15601 = LINE('',#15602,#15603);
#15602 = CARTESIAN_POINT('',(-60.,-50.,40.));
#15603 = VECTOR('',#15604,1.);
#15604 = DIRECTION('',(1.,0.,-0.));
#15605 = PCURVE('',#15380,#15606);
#15606 = DEFINITIONAL_REPRESENTATION('',(#15607),#15611);
#15607 = LINE('',#15608,#15609);
#15608 = CARTESIAN_POINT('',(80.,0.));
#15609 = VECTOR('',#15610,1.);
#15610 = DIRECTION('',(0.,1.));
#15611 = ( GEOMETRIC_REPRESENTATION_CONTEXT(2) 
PARAMETRIC_REPRESENTATION_CONTEXT() REPRESENTATION_CONTEXT('2D SPACE',''
  ) );
#15612 = PCURVE('',#15462,#15613);
#15613 = DEFINITIONAL_REPRESENTATION('',(#15614),#15618);
#15614 = LINE('',#15615,#15616);
#15615 = CARTESIAN_POINT('',(0.,0.));
#15616 = VECTOR('',#15617,1.);
#15617 = DIRECTION('',(1.,0.));
#15618 = ( GEOMETRIC_REPRESENTATION_CONTEXT(2) 
PARAMETRIC_REPRESENTATION_CONTEXT() REPRESENTATION_CONTEXT('2D SPACE',''
  ) );
#15619 = ORIENTED_EDGE('',*,*,#15477,.F.);
#15620 = ADVANCED_FACE('',(#15621),#15436,.T.);
#15621 = FACE_BOUND('',#15622,.T.);
#15622 = EDGE_LOOP('',(#15623,#15644,#15645,#15666));
#15623 = ORIENTED_EDGE('',*,*,#15624,.F.);
#15624 = EDGE_CURVE('',#15393,#15508,#15625,.T.);
#15625 = SURFACE_CURVE('',#15626,(#15630,#15637),.PCURVE_S1.);
#15626 = LINE('',#15627,#15628);
#15627 = CARTESIAN_POINT('',(-60.,50.,-40.));
#15628 = VECTOR('',#15629,1.);
#15629 = DIRECTION('',(1.,0.,-0.));
#15630 = PCURVE('',#15436,#15631);
#15631 = DEFINITIONAL_REPRESENTATION('',(#15632),#15636);
#15632 = LINE('',#15633,#15634);
#15633 = CARTESIAN_POINT('',(0.,0.));
#15634 = VECTOR('',#15635,1.);
#15635 = DIRECTION('',(0.,1.));
#15636 = ( GEOMETRIC_REPRESENTATION_CONTEXT(2) 
PARAMETRIC_REPRESENTATION_CONTEXT() REPRESENTATION_CONTEXT('2D SPACE',''
  ) );
#15637 = PCURVE('',#15408,#15638);
#15638 = DEFINITIONAL_REPRESENTATION('',(#15639),#15643);
#15639 = LINE('',#15640,#15641);
#15640 = CARTESIAN_POINT('',(0.,100.));
#15641 = VECTOR('',#15642,1.);
#15642 = DIRECTION('',(1.,0.));
#15643 = ( GEOMETRIC_REPRESENTATION_CONTEXT(2) 
PARAMETRIC_REPRESENTATION_CONTEXT() REPRESENTATION_CONTEXT('2D SPACE',''
  ) );
#15644 = ORIENTED_EDGE('',*,*,#15420,.T.);
#15645 = ORIENTED_EDGE('',*,*,#15646,.T.);
#15646 = EDGE_CURVE('',#15421,#15531,#15647,.T.);
#15647 = SURFACE_CURVE('',#15648,(#15652,#15659),.PCURVE_S1.);
#15648 = LINE('',#15649,#15650);
#15649 = CARTESIAN_POINT('',(-60.,50.,40.));
#15650 = VECTOR('',#15651,1.);
#15651 = DIRECTION('',(1.,0.,-0.));
#15652 = PCURVE('',#15436,#15653);
#15653 = DEFINITIONAL_REPRESENTATION('',(#15654),#15658);
#15654 = LINE('',#15655,#15656);
#15655 = CARTESIAN_POINT('',(80.,0.));
#15656 = VECTOR('',#15657,1.);
#15657 = DIRECTION('',(0.,1.));
#15658 = ( GEOMETRIC_REPRESENTATION_CONTEXT(2) 
PARAMETRIC_REPRESENTATION_CONTEXT() REPRESENTATION_CONTEXT('2D SPACE',''
  ) );
#15659 = PCURVE('',#15462,#15660);
#15660 = DEFINITIONAL_REPRESENTATION('',(#15661),#15665);
#15661 = LINE('',#15662,#15663);
#15662 = CARTESIAN_POINT('',(0.,100.));
#15663 = VECTOR('',#15664,1.);
#15664 = DIRECTION('',(1.,0.));
#15665 = ( GEOMETRIC_REPRESENTATION_CONTEXT(2) 
PARAMETRIC_REPRESENTATION_CONTEXT() REPRESENTATION_CONTEXT('2D SPACE',''
  ) );
#15666 = ORIENTED_EDGE('',*,*,#15530,.F.);
#15667 = ADVANCED_FACE('',(#15668),#15408,.F.);
#15668 = FACE_BOUND('',#15669,.F.);
#15669 = EDGE_LOOP('',(#15670,#15671,#15672,#15673));
#15670 = ORIENTED_EDGE('',*,*,#15392,.F.);
#15671 = ORIENTED_EDGE('',*,*,#15577,.T.);
#15672 = ORIENTED_EDGE('',*,*,#15507,.T.);
#15673 = ORIENTED_EDGE('',*,*,#15624,.F.);
#15674 = ADVANCED_FACE('',(#15675),#15462,.T.);
#15675 = FACE_BOUND('',#15676,.T.);
#15676 = EDGE_LOOP('',(#15677,#15678,#15679,#15680));
#15677 = ORIENTED_EDGE('',*,*,#15448,.F.);
#15678 = ORIENTED_EDGE('',*,*,#15599,.T.);
#15679 = ORIENTED_EDGE('',*,*,#15553,.T.);
#15680 = ORIENTED_EDGE('',*,*,#15646,.F.);
#15681 = ( GEOMETRIC_REPRESENTATION_CONTEXT(3) 
GLOBAL_UNCERTAINTY_ASSIGNED_CONTEXT((#15685)) 
GLOBAL_UNIT_ASSIGNED_CONTEXT((#15682,#15683,#15684)) 
REPRESENTATION_CONTEXT('Context #1',
  '3D Context with UNIT and UNCERTAINTY') );
#15682 = ( LENGTH_UNIT() NAMED_UNIT(*) SI_UNIT(.MILLI.,.METRE.) );
#15683 = ( NAMED_UNIT(*) PLANE_ANGLE_UNIT() SI_UNIT($,.RADIAN.) );
#15684 = ( NAMED_UNIT(*) SI_UNIT($,.STERADIAN.) SOLID_ANGLE_UNIT() );
#15685 = UNCERTAINTY_MEASURE_WITH_UNIT(LENGTH_MEASURE(1.E-07),#15682,
  'distance_accuracy_value','confusion accuracy');
#15686 = CONTEXT_DEPENDENT_SHAPE_REPRESENTATION(#15687,#15689);
#15687 = ( REPRESENTATION_RELATIONSHIP('','',#15350,#10) 
REPRESENTATION_RELATIONSHIP_WITH_TRANSFORMATION(#15688) 
SHAPE_REPRESENTATION_RELATIONSHIP() );
#15688 = ITEM_DEFINED_TRANSFORMATION('','',#11,#199);
#15689 = PRODUCT_DEFINITION_SHAPE('Placement','Placement of an item',
  #15690);
#15690 = NEXT_ASSEMBLY_USAGE_OCCURRENCE('47','=>[0:1:1:48]','',#5,#15345
  ,$);
#15691 = PRODUCT_RELATED_PRODUCT_CATEGORY('part',$,(#15347));
#15692 = SHAPE_DEFINITION_REPRESENTATION(#15693,#15699);
#15693 = PRODUCT_DEFINITION_SHAPE('','',#15694);
#15694 = PRODUCT_DEFINITION('design','',#15695,#15698);
#15695 = PRODUCT_DEFINITION_FORMATION('','',#15696);
#15696 = PRODUCT('COMPOUND','COMPOUND','',(#15697));
#15697 = PRODUCT_CONTEXT('',#2,'mechanical');
#15698 = PRODUCT_DEFINITION_CONTEXT('part definition',#2,'design');
#15699 = ADVANCED_BREP_SHAPE_REPRESENTATION('',(#11,#15700),#16030);
#15700 = MANIFOLD_SOLID_BREP('',#15701);
#15701 = CLOSED_SHELL('',(#15702,#15822,#15922,#15969,#16016,#16023));
#15702 = ADVANCED_FACE('',(#15703),#15717,.F.);
#15703 = FACE_BOUND('',#15704,.F.);
#15704 = EDGE_LOOP('',(#15705,#15740,#15768,#15796));
#15705 = ORIENTED_EDGE('',*,*,#15706,.F.);
#15706 = EDGE_CURVE('',#15707,#15709,#15711,.T.);
#15707 = VERTEX_POINT('',#15708);
#15708 = CARTESIAN_POINT('',(-60.,-50.,-40.));
#15709 = VERTEX_POINT('',#15710);
#15710 = CARTESIAN_POINT('',(-60.,-50.,40.));
#15711 = SURFACE_CURVE('',#15712,(#15716,#15728),.PCURVE_S1.);
#15712 = LINE('',#15713,#15714);
#15713 = CARTESIAN_POINT('',(-60.,-50.,-40.));
#15714 = VECTOR('',#15715,1.);
#15715 = DIRECTION('',(0.,0.,1.));
#15716 = PCURVE('',#15717,#15722);
#15717 = PLANE('',#15718);
#15718 = AXIS2_PLACEMENT_3D('',#15719,#15720,#15721);
#15719 = CARTESIAN_POINT('',(-60.,-50.,-40.));
#15720 = DIRECTION('',(1.,0.,-0.));
#15721 = DIRECTION('',(0.,0.,1.));
#15722 = DEFINITIONAL_REPRESENTATION('',(#15723),#15727);
#15723 = LINE('',#15724,#15725);
#15724 = CARTESIAN_POINT('',(0.,0.));
#15725 = VECTOR('',#15726,1.);
#15726 = DIRECTION('',(1.,0.));
#15727 = ( GEOMETRIC_REPRESENTATION_CONTEXT(2) 
PARAMETRIC_REPRESENTATION_CONTEXT() REPRESENTATION_CONTEXT('2D SPACE',''
  ) );
#15728 = PCURVE('',#15729,#15734);
#15729 = PLANE('',#15730);
#15730 = AXIS2_PLACEMENT_3D('',#15731,#15732,#15733);
#15731 = CARTESIAN_POINT('',(-60.,-50.,-40.));
#15732 = DIRECTION('',(-0.,1.,0.));
#15733 = DIRECTION('',(0.,0.,1.));
#15734 = DEFINITIONAL_REPRESENTATION('',(#15735),#15739);
#15735 = LINE('',#15736,#15737);
#15736 = CARTESIAN_POINT('',(0.,0.));
#15737 = VECTOR('',#15738,1.);
#15738 = DIRECTION('',(1.,0.));
#15739 = ( GEOMETRIC_REPRESENTATION_CONTEXT(2) 
PARAMETRIC_REPRESENTATION_CONTEXT() REPRESENTATION_CONTEXT('2D SPACE',''
  ) );
#15740 = ORIENTED_EDGE('',*,*,#15741,.T.);
#15741 = EDGE_CURVE('',#15707,#15742,#15744,.T.);
#15742 = VERTEX_POINT('',#15743);
#15743 = CARTESIAN_POINT('',(-60.,50.,-40.));
#15744 = SURFACE_CURVE('',#15745,(#15749,#15756),.PCURVE_S1.);
#15745 = LINE('',#15746,#15747);
#15746 = CARTESIAN_POINT('',(-60.,-50.,-40.));
#15747 = VECTOR('',#15748,1.);
#15748 = DIRECTION('',(-0.,1.,0.));
#15749 = PCURVE('',#15717,#15750);
#15750 = DEFINITIONAL_REPRESENTATION('',(#15751),#15755);
#15751 = LINE('',#15752,#15753);
#15752 = CARTESIAN_POINT('',(0.,0.));
#15753 = VECTOR('',#15754,1.);
#15754 = DIRECTION('',(0.,-1.));
#15755 = ( GEOMETRIC_REPRESENTATION_CONTEXT(2) 
PARAMETRIC_REPRESENTATION_CONTEXT() REPRESENTATION_CONTEXT('2D SPACE',''
  ) );
#15756 = PCURVE('',#15757,#15762);
#15757 = PLANE('',#15758);
#15758 = AXIS2_PLACEMENT_3D('',#15759,#15760,#15761);
#15759 = CARTESIAN_POINT('',(-60.,-50.,-40.));
#15760 = DIRECTION('',(0.,0.,1.));
#15761 = DIRECTION('',(1.,0.,-0.));
#15762 = DEFINITIONAL_REPRESENTATION('',(#15763),#15767);
#15763 = LINE('',#15764,#15765);
#15764 = CARTESIAN_POINT('',(0.,0.));
#15765 = VECTOR('',#15766,1.);
#15766 = DIRECTION('',(0.,1.));
#15767 = ( GEOMETRIC_REPRESENTATION_CONTEXT(2) 
PARAMETRIC_REPRESENTATION_CONTEXT() REPRESENTATION_CONTEXT('2D SPACE',''
  ) );
#15768 = ORIENTED_EDGE('',*,*,#15769,.T.);
#15769 = EDGE_CURVE('',#15742,#15770,#15772,.T.);
#15770 = VERTEX_POINT('',#15771);
#15771 = CARTESIAN_POINT('',(-60.,50.,40.));
#15772 = SURFACE_CURVE('',#15773,(#15777,#15784),.PCURVE_S1.);
#15773 = LINE('',#15774,#15775);
#15774 = CARTESIAN_POINT('',(-60.,50.,-40.));
#15775 = VECTOR('',#15776,1.);
#15776 = DIRECTION('',(0.,0.,1.));
#15777 = PCURVE('',#15717,#15778);
#15778 = DEFINITIONAL_REPRESENTATION('',(#15779),#15783);
#15779 = LINE('',#15780,#15781);
#15780 = CARTESIAN_POINT('',(0.,-100.));
#15781 = VECTOR('',#15782,1.);
#15782 = DIRECTION('',(1.,0.));
#15783 = ( GEOMETRIC_REPRESENTATION_CONTEXT(2) 
PARAMETRIC_REPRESENTATION_CONTEXT() REPRESENTATION_CONTEXT('2D SPACE',''
  ) );
#15784 = PCURVE('',#15785,#15790);
#15785 = PLANE('',#15786);
#15786 = AXIS2_PLACEMENT_3D('',#15787,#15788,#15789);
#15787 = CARTESIAN_POINT('',(-60.,50.,-40.));
#15788 = DIRECTION('',(-0.,1.,0.));
#15789 = DIRECTION('',(0.,0.,1.));
#15790 = DEFINITIONAL_REPRESENTATION('',(#15791),#15795);
#15791 = LINE('',#15792,#15793);
#15792 = CARTESIAN_POINT('',(0.,0.));
#15793 = VECTOR('',#15794,1.);
#15794 = DIRECTION('',(1.,0.));
#15795 = ( GEOMETRIC_REPRESENTATION_CONTEXT(2) 
PARAMETRIC_REPRESENTATION_CONTEXT() REPRESENTATION_CONTEXT('2D SPACE',''
  ) );
#15796 = ORIENTED_EDGE('',*,*,#15797,.F.);
#15797 = EDGE_CURVE('',#15709,#15770,#15798,.T.);
#15798 = SURFACE_CURVE('',#15799,(#15803,#15810),.PCURVE_S1.);
#15799 = LINE('',#15800,#15801);
#15800 = CARTESIAN_POINT('',(-60.,-50.,40.));
#15801 = VECTOR('',#15802,1.);
#15802 = DIRECTION('',(-0.,1.,0.));
#15803 = PCURVE('',#15717,#15804);
#15804 = DEFINITIONAL_REPRESENTATION('',(#15805),#15809);
#15805 = LINE('',#15806,#15807);
#15806 = CARTESIAN_POINT('',(80.,0.));
#15807 = VECTOR('',#15808,1.);
#15808 = DIRECTION('',(0.,-1.));
#15809 = ( GEOMETRIC_REPRESENTATION_CONTEXT(2) 
PARAMETRIC_REPRESENTATION_CONTEXT() REPRESENTATION_CONTEXT('2D SPACE',''
  ) );
#15810 = PCURVE('',#15811,#15816);
#15811 = PLANE('',#15812);
#15812 = AXIS2_PLACEMENT_3D('',#15813,#15814,#15815);
#15813 = CARTESIAN_POINT('',(-60.,-50.,40.));
#15814 = DIRECTION('',(0.,0.,1.));
#15815 = DIRECTION('',(1.,0.,-0.));
#15816 = DEFINITIONAL_REPRESENTATION('',(#15817),#15821);
#15817 = LINE('',#15818,#15819);
#15818 = CARTESIAN_POINT('',(0.,0.));
#15819 = VECTOR('',#15820,1.);
#15820 = DIRECTION('',(0.,1.));
#15821 = ( GEOMETRIC_REPRESENTATION_CONTEXT(2) 
PARAMETRIC_REPRESENTATION_CONTEXT() REPRESENTATION_CONTEXT('2D SPACE',''
  ) );
#15822 = ADVANCED_FACE('',(#15823),#15837,.T.);
#15823 = FACE_BOUND('',#15824,.T.);
#15824 = EDGE_LOOP('',(#15825,#15855,#15878,#15901));
#15825 = ORIENTED_EDGE('',*,*,#15826,.F.);
#15826 = EDGE_CURVE('',#15827,#15829,#15831,.T.);
#15827 = VERTEX_POINT('',#15828);
#15828 = CARTESIAN_POINT('',(60.,-50.,-40.));
#15829 = VERTEX_POINT('',#15830);
#15830 = CARTESIAN_POINT('',(60.,-50.,40.));
#15831 = SURFACE_CURVE('',#15832,(#15836,#15848),.PCURVE_S1.);
#15832 = LINE('',#15833,#15834);
#15833 = CARTESIAN_POINT('',(60.,-50.,-40.));
#15834 = VECTOR('',#15835,1.);
#15835 = DIRECTION('',(0.,0.,1.));
#15836 = PCURVE('',#15837,#15842);
#15837 = PLANE('',#15838);
#15838 = AXIS2_PLACEMENT_3D('',#15839,#15840,#15841);
#15839 = CARTESIAN_POINT('',(60.,-50.,-40.));
#15840 = DIRECTION('',(1.,0.,-0.));
#15841 = DIRECTION('',(0.,0.,1.));
#15842 = DEFINITIONAL_REPRESENTATION('',(#15843),#15847);
#15843 = LINE('',#15844,#15845);
#15844 = CARTESIAN_POINT('',(0.,0.));
#15845 = VECTOR('',#15846,1.);
#15846 = DIRECTION('',(1.,0.));
#15847 = ( GEOMETRIC_REPRESENTATION_CONTEXT(2) 
PARAMETRIC_REPRESENTATION_CONTEXT() REPRESENTATION_CONTEXT('2D SPACE',''
  ) );
#15848 = PCURVE('',#15729,#15849);
#15849 = DEFINITIONAL_REPRESENTATION('',(#15850),#15854);
#15850 = LINE('',#15851,#15852);
#15851 = CARTESIAN_POINT('',(0.,120.));
#15852 = VECTOR('',#15853,1.);
#15853 = DIRECTION('',(1.,0.));
#15854 = ( GEOMETRIC_REPRESENTATION_CONTEXT(2) 
PARAMETRIC_REPRESENTATION_CONTEXT() REPRESENTATION_CONTEXT('2D SPACE',''
  ) );
#15855 = ORIENTED_EDGE('',*,*,#15856,.T.);
#15856 = EDGE_CURVE('',#15827,#15857,#15859,.T.);
#15857 = VERTEX_POINT('',#15858);
#15858 = CARTESIAN_POINT('',(60.,50.,-40.));
#15859 = SURFACE_CURVE('',#15860,(#15864,#15871),.PCURVE_S1.);
#15860 = LINE('',#15861,#15862);
#15861 = CARTESIAN_POINT('',(60.,-50.,-40.));
#15862 = VECTOR('',#15863,1.);
#15863 = DIRECTION('',(-0.,1.,0.));
#15864 = PCURVE('',#15837,#15865);
#15865 = DEFINITIONAL_REPRESENTATION('',(#15866),#15870);
#15866 = LINE('',#15867,#15868);
#15867 = CARTESIAN_POINT('',(0.,0.));
#15868 = VECTOR('',#15869,1.);
#15869 = DIRECTION('',(0.,-1.));
#15870 = ( GEOMETRIC_REPRESENTATION_CONTEXT(2) 
PARAMETRIC_REPRESENTATION_CONTEXT() REPRESENTATION_CONTEXT('2D SPACE',''
  ) );
#15871 = PCURVE('',#15757,#15872);
#15872 = DEFINITIONAL_REPRESENTATION('',(#15873),#15877);
#15873 = LINE('',#15874,#15875);
#15874 = CARTESIAN_POINT('',(120.,0.));
#15875 = VECTOR('',#15876,1.);
#15876 = DIRECTION('',(0.,1.));
#15877 = ( GEOMETRIC_REPRESENTATION_CONTEXT(2) 
PARAMETRIC_REPRESENTATION_CONTEXT() REPRESENTATION_CONTEXT('2D SPACE',''
  ) );
#15878 = ORIENTED_EDGE('',*,*,#15879,.T.);
#15879 = EDGE_CURVE('',#15857,#15880,#15882,.T.);
#15880 = VERTEX_POINT('',#15881);
#15881 = CARTESIAN_POINT('',(60.,50.,40.));
#15882 = SURFACE_CURVE('',#15883,(#15887,#15894),.PCURVE_S1.);
#15883 = LINE('',#15884,#15885);
#15884 = CARTESIAN_POINT('',(60.,50.,-40.));
#15885 = VECTOR('',#15886,1.);
#15886 = DIRECTION('',(0.,0.,1.));
#15887 = PCURVE('',#15837,#15888);
#15888 = DEFINITIONAL_REPRESENTATION('',(#15889),#15893);
#15889 = LINE('',#15890,#15891);
#15890 = CARTESIAN_POINT('',(0.,-100.));
#15891 = VECTOR('',#15892,1.);
#15892 = DIRECTION('',(1.,0.));
#15893 = ( GEOMETRIC_REPRESENTATION_CONTEXT(2) 
PARAMETRIC_REPRESENTATION_CONTEXT() REPRESENTATION_CONTEXT('2D SPACE',''
  ) );
#15894 = PCURVE('',#15785,#15895);
#15895 = DEFINITIONAL_REPRESENTATION('',(#15896),#15900);
#15896 = LINE('',#15897,#15898);
#15897 = CARTESIAN_POINT('',(0.,120.));
#15898 = VECTOR('',#15899,1.);
#15899 = DIRECTION('',(1.,0.));
#15900 = ( GEOMETRIC_REPRESENTATION_CONTEXT(2) 
PARAMETRIC_REPRESENTATION_CONTEXT() REPRESENTATION_CONTEXT('2D SPACE',''
  ) );
#15901 = ORIENTED_EDGE('',*,*,#15902,.F.);
#15902 = EDGE_CURVE('',#15829,#15880,#15903,.T.);
#15903 = SURFACE_CURVE('',#15904,(#15908,#15915),.PCURVE_S1.);
#15904 = LINE('',#15905,#15906);
#15905 = CARTESIAN_POINT('',(60.,-50.,40.));
#15906 = VECTOR('',#15907,1.);
#15907 = DIRECTION('',(-0.,1.,0.));
#15908 = PCURVE('',#15837,#15909);
#15909 = DEFINITIONAL_REPRESENTATION('',(#15910),#15914);
#15910 = LINE('',#15911,#15912);
#15911 = CARTESIAN_POINT('',(80.,0.));
#15912 = VECTOR('',#15913,1.);
#15913 = DIRECTION('',(0.,-1.));
#15914 = ( GEOMETRIC_REPRESENTATION_CONTEXT(2) 
PARAMETRIC_REPRESENTATION_CONTEXT() REPRESENTATION_CONTEXT('2D SPACE',''
  ) );
#15915 = PCURVE('',#15811,#15916);
#15916 = DEFINITIONAL_REPRESENTATION('',(#15917),#15921);
#15917 = LINE('',#15918,#15919);
#15918 = CARTESIAN_POINT('',(120.,0.));
#15919 = VECTOR('',#15920,1.);
#15920 = DIRECTION('',(0.,1.));
#15921 = ( GEOMETRIC_REPRESENTATION_CONTEXT(2) 
PARAMETRIC_REPRESENTATION_CONTEXT() REPRESENTATION_CONTEXT('2D SPACE',''
  ) );
#15922 = ADVANCED_FACE('',(#15923),#15729,.F.);
#15923 = FACE_BOUND('',#15924,.F.);
#15924 = EDGE_LOOP('',(#15925,#15946,#15947,#15968));
#15925 = ORIENTED_EDGE('',*,*,#15926,.F.);
#15926 = EDGE_CURVE('',#15707,#15827,#15927,.T.);
#15927 = SURFACE_CURVE('',#15928,(#15932,#15939),.PCURVE_S1.);
#15928 = LINE('',#15929,#15930);
#15929 = CARTESIAN_POINT('',(-60.,-50.,-40.));
#15930 = VECTOR('',#15931,1.);
#15931 = DIRECTION('',(1.,0.,-0.));
#15932 = PCURVE('',#15729,#15933);
#15933 = DEFINITIONAL_REPRESENTATION('',(#15934),#15938);
#15934 = LINE('',#15935,#15936);
#15935 = CARTESIAN_POINT('',(0.,0.));
#15936 = VECTOR('',#15937,1.);
#15937 = DIRECTION('',(0.,1.));
#15938 = ( GEOMETRIC_REPRESENTATION_CONTEXT(2) 
PARAMETRIC_REPRESENTATION_CONTEXT() REPRESENTATION_CONTEXT('2D SPACE',''
  ) );
#15939 = PCURVE('',#15757,#15940);
#15940 = DEFINITIONAL_REPRESENTATION('',(#15941),#15945);
#15941 = LINE('',#15942,#15943);
#15942 = CARTESIAN_POINT('',(0.,0.));
#15943 = VECTOR('',#15944,1.);
#15944 = DIRECTION('',(1.,0.));
#15945 = ( GEOMETRIC_REPRESENTATION_CONTEXT(2) 
PARAMETRIC_REPRESENTATION_CONTEXT() REPRESENTATION_CONTEXT('2D SPACE',''
  ) );
#15946 = ORIENTED_EDGE('',*,*,#15706,.T.);
#15947 = ORIENTED_EDGE('',*,*,#15948,.T.);
#15948 = EDGE_CURVE('',#15709,#15829,#15949,.T.);
#15949 = SURFACE_CURVE('',#15950,(#15954,#15961),.PCURVE_S1.);
#15950 = LINE('',#15951,#15952);
#15951 = CARTESIAN_POINT('',(-60.,-50.,40.));
#15952 = VECTOR('',#15953,1.);
#15953 = DIRECTION('',(1.,0.,-0.));
#15954 = PCURVE('',#15729,#15955);
#15955 = DEFINITIONAL_REPRESENTATION('',(#15956),#15960);
#15956 = LINE('',#15957,#15958);
#15957 = CARTESIAN_POINT('',(80.,0.));
#15958 = VECTOR('',#15959,1.);
#15959 = DIRECTION('',(0.,1.));
#15960 = ( GEOMETRIC_REPRESENTATION_CONTEXT(2) 
PARAMETRIC_REPRESENTATION_CONTEXT() REPRESENTATION_CONTEXT('2D SPACE',''
  ) );
#15961 = PCURVE('',#15811,#15962);
#15962 = DEFINITIONAL_REPRESENTATION('',(#15963),#15967);
#15963 = LINE('',#15964,#15965);
#15964 = CARTESIAN_POINT('',(0.,0.));
#15965 = VECTOR('',#15966,1.);
#15966 = DIRECTION('',(1.,0.));
#15967 = ( GEOMETRIC_REPRESENTATION_CONTEXT(2) 
PARAMETRIC_REPRESENTATION_CONTEXT() REPRESENTATION_CONTEXT('2D SPACE',''
  ) );
#15968 = ORIENTED_EDGE('',*,*,#15826,.F.);
#15969 = ADVANCED_FACE('',(#15970),#15785,.T.);
#15970 = FACE_BOUND('',#15971,.T.);
#15971 = EDGE_LOOP('',(#15972,#15993,#15994,#16015));
#15972 = ORIENTED_EDGE('',*,*,#15973,.F.);
#15973 = EDGE_CURVE('',#15742,#15857,#15974,.T.);
#15974 = SURFACE_CURVE('',#15975,(#15979,#15986),.PCURVE_S1.);
#15975 = LINE('',#15976,#15977);
#15976 = CARTESIAN_POINT('',(-60.,50.,-40.));
#15977 = VECTOR('',#15978,1.);
#15978 = DIRECTION('',(1.,0.,-0.));
#15979 = PCURVE('',#15785,#15980);
#15980 = DEFINITIONAL_REPRESENTATION('',(#15981),#15985);
#15981 = LINE('',#15982,#15983);
#15982 = CARTESIAN_POINT('',(0.,0.));
#15983 = VECTOR('',#15984,1.);
#15984 = DIRECTION('',(0.,1.));
#15985 = ( GEOMETRIC_REPRESENTATION_CONTEXT(2) 
PARAMETRIC_REPRESENTATION_CONTEXT() REPRESENTATION_CONTEXT('2D SPACE',''
  ) );
#15986 = PCURVE('',#15757,#15987);
#15987 = DEFINITIONAL_REPRESENTATION('',(#15988),#15992);
#15988 = LINE('',#15989,#15990);
#15989 = CARTESIAN_POINT('',(0.,100.));
#15990 = VECTOR('',#15991,1.);
#15991 = DIRECTION('',(1.,0.));
#15992 = ( GEOMETRIC_REPRESENTATION_CONTEXT(2) 
PARAMETRIC_REPRESENTATION_CONTEXT() REPRESENTATION_CONTEXT('2D SPACE',''
  ) );
#15993 = ORIENTED_EDGE('',*,*,#15769,.T.);
#15994 = ORIENTED_EDGE('',*,*,#15995,.T.);
#15995 = EDGE_CURVE('',#15770,#15880,#15996,.T.);
#15996 = SURFACE_CURVE('',#15997,(#16001,#16008),.PCURVE_S1.);
#15997 = LINE('',#15998,#15999);
#15998 = CARTESIAN_POINT('',(-60.,50.,40.));
#15999 = VECTOR('',#16000,1.);
#16000 = DIRECTION('',(1.,0.,-0.));
#16001 = PCURVE('',#15785,#16002);
#16002 = DEFINITIONAL_REPRESENTATION('',(#16003),#16007);
#16003 = LINE('',#16004,#16005);
#16004 = CARTESIAN_POINT('',(80.,0.));
#16005 = VECTOR('',#16006,1.);
#16006 = DIRECTION('',(0.,1.));
#16007 = ( GEOMETRIC_REPRESENTATION_CONTEXT(2) 
PARAMETRIC_REPRESENTATION_CONTEXT() REPRESENTATION_CONTEXT('2D SPACE',''
  ) );
#16008 = PCURVE('',#15811,#16009);
#16009 = DEFINITIONAL_REPRESENTATION('',(#16010),#16014);
#16010 = LINE('',#16011,#16012);
#16011 = CARTESIAN_POINT('',(0.,100.));
#16012 = VECTOR('',#16013,1.);
#16013 = DIRECTION('',(1.,0.));
#16014 = ( GEOMETRIC_REPRESENTATION_CONTEXT(2) 
PARAMETRIC_REPRESENTATION_CONTEXT() REPRESENTATION_CONTEXT('2D SPACE',''
  ) );
#16015 = ORIENTED_EDGE('',*,*,#15879,.F.);
#16016 = ADVANCED_FACE('',(#16017),#15757,.F.);
#16017 = FACE_BOUND('',#16018,.F.);
#16018 = EDGE_LOOP('',(#16019,#16020,#16021,#16022));
#16019 = ORIENTED_EDGE('',*,*,#15741,.F.);
#16020 = ORIENTED_EDGE('',*,*,#15926,.T.);
#16021 = ORIENTED_EDGE('',*,*,#15856,.T.);
#16022 = ORIENTED_EDGE('',*,*,#15973,.F.);
#16023 = ADVANCED_FACE('',(#16024),#15811,.T.);
#16024 = FACE_BOUND('',#16025,.T.);
#16025 = EDGE_LOOP('',(#16026,#16027,#16028,#16029));
#16026 = ORIENTED_EDGE('',*,*,#15797,.F.);
#16027 = ORIENTED_EDGE('',*,*,#15948,.T.);
#16028 = ORIENTED_EDGE('',*,*,#15902,.T.);
#16029 = ORIENTED_EDGE('',*,*,#15995,.F.);
#16030 = ( GEOMETRIC_REPRESENTATION_CONTEXT(3) 
GLOBAL_UNCERTAINTY_ASSIGNED_CONTEXT((#16034)) 
GLOBAL_UNIT_ASSIGNED_CONTEXT((#16031,#16032,#16033)) 
REPRESENTATION_CONTEXT('Context #1',
  '3D Context with UNIT and UNCERTAINTY') );
#16031 = ( LENGTH_UNIT() NAMED_UNIT(*) SI_UNIT(.MILLI.,.METRE.) );
#16032 = ( NAMED_UNIT(*) PLANE_ANGLE_UNIT() SI_UNIT($,.RADIAN.) );
#16033 = ( NAMED_UNIT(*) SI_UNIT($,.STERADIAN.) SOLID_ANGLE_UNIT() );
#16034 = UNCERTAINTY_MEASURE_WITH_UNIT(LENGTH_MEASURE(1.E-07),#16031,
  'distance_accuracy_value','confusion accuracy');
#16035 = CONTEXT_DEPENDENT_SHAPE_REPRESENTATION(#16036,#16038);
#16036 = ( REPRESENTATION_RELATIONSHIP('','',#15699,#10) 
REPRESENTATION_RELATIONSHIP_WITH_TRANSFORMATION(#16037) 
SHAPE_REPRESENTATION_RELATIONSHIP() );
#16037 = ITEM_DEFINED_TRANSFORMATION('','',#11,#203);
#16038 = PRODUCT_DEFINITION_SHAPE('Placement','Placement of an item',
  #16039);
#16039 = NEXT_ASSEMBLY_USAGE_OCCURRENCE('48','=>[0:1:1:49]','',#5,#15694
  ,$);
#16040 = PRODUCT_RELATED_PRODUCT_CATEGORY('part',$,(#15696));
#16041 = SHAPE_DEFINITION_REPRESENTATION(#16042,#16048);
#16042 = PRODUCT_DEFINITION_SHAPE('','',#16043);
#16043 = PRODUCT_DEFINITION('design','',#16044,#16047);
#16044 = PRODUCT_DEFINITION_FORMATION('','',#16045);
#16045 = PRODUCT('COMPOUND','COMPOUND','',(#16046));
#16046 = PRODUCT_CONTEXT('',#2,'mechanical');
#16047 = PRODUCT_DEFINITION_CONTEXT('part definition',#2,'design');
#16048 = ADVANCED_BREP_SHAPE_REPRESENTATION('',(#11,#16049),#16379);
#16049 = MANIFOLD_SOLID_BREP('',#16050);
#16050 = CLOSED_SHELL('',(#16051,#16171,#16271,#16318,#16365,#16372));
#16051 = ADVANCED_FACE('',(#16052),#16066,.F.);
#16052 = FACE_BOUND('',#16053,.F.);
#16053 = EDGE_LOOP('',(#16054,#16089,#16117,#16145));
#16054 = ORIENTED_EDGE('',*,*,#16055,.F.);
#16055 = EDGE_CURVE('',#16056,#16058,#16060,.T.);
#16056 = VERTEX_POINT('',#16057);
#16057 = CARTESIAN_POINT('',(-60.,-50.,-40.));
#16058 = VERTEX_POINT('',#16059);
#16059 = CARTESIAN_POINT('',(-60.,-50.,40.));
#16060 = SURFACE_CURVE('',#16061,(#16065,#16077),.PCURVE_S1.);
#16061 = LINE('',#16062,#16063);
#16062 = CARTESIAN_POINT('',(-60.,-50.,-40.));
#16063 = VECTOR('',#16064,1.);
#16064 = DIRECTION('',(0.,0.,1.));
#16065 = PCURVE('',#16066,#16071);
#16066 = PLANE('',#16067);
#16067 = AXIS2_PLACEMENT_3D('',#16068,#16069,#16070);
#16068 = CARTESIAN_POINT('',(-60.,-50.,-40.));
#16069 = DIRECTION('',(1.,0.,-0.));
#16070 = DIRECTION('',(0.,0.,1.));
#16071 = DEFINITIONAL_REPRESENTATION('',(#16072),#16076);
#16072 = LINE('',#16073,#16074);
#16073 = CARTESIAN_POINT('',(0.,0.));
#16074 = VECTOR('',#16075,1.);
#16075 = DIRECTION('',(1.,0.));
#16076 = ( GEOMETRIC_REPRESENTATION_CONTEXT(2) 
PARAMETRIC_REPRESENTATION_CONTEXT() REPRESENTATION_CONTEXT('2D SPACE',''
  ) );
#16077 = PCURVE('',#16078,#16083);
#16078 = PLANE('',#16079);
#16079 = AXIS2_PLACEMENT_3D('',#16080,#16081,#16082);
#16080 = CARTESIAN_POINT('',(-60.,-50.,-40.));
#16081 = DIRECTION('',(-0.,1.,0.));
#16082 = DIRECTION('',(0.,0.,1.));
#16083 = DEFINITIONAL_REPRESENTATION('',(#16084),#16088);
#16084 = LINE('',#16085,#16086);
#16085 = CARTESIAN_POINT('',(0.,0.));
#16086 = VECTOR('',#16087,1.);
#16087 = DIRECTION('',(1.,0.));
#16088 = ( GEOMETRIC_REPRESENTATION_CONTEXT(2) 
PARAMETRIC_REPRESENTATION_CONTEXT() REPRESENTATION_CONTEXT('2D SPACE',''
  ) );
#16089 = ORIENTED_EDGE('',*,*,#16090,.T.);
#16090 = EDGE_CURVE('',#16056,#16091,#16093,.T.);
#16091 = VERTEX_POINT('',#16092);
#16092 = CARTESIAN_POINT('',(-60.,50.,-40.));
#16093 = SURFACE_CURVE('',#16094,(#16098,#16105),.PCURVE_S1.);
#16094 = LINE('',#16095,#16096);
#16095 = CARTESIAN_POINT('',(-60.,-50.,-40.));
#16096 = VECTOR('',#16097,1.);
#16097 = DIRECTION('',(-0.,1.,0.));
#16098 = PCURVE('',#16066,#16099);
#16099 = DEFINITIONAL_REPRESENTATION('',(#16100),#16104);
#16100 = LINE('',#16101,#16102);
#16101 = CARTESIAN_POINT('',(0.,0.));
#16102 = VECTOR('',#16103,1.);
#16103 = DIRECTION('',(0.,-1.));
#16104 = ( GEOMETRIC_REPRESENTATION_CONTEXT(2) 
PARAMETRIC_REPRESENTATION_CONTEXT() REPRESENTATION_CONTEXT('2D SPACE',''
  ) );
#16105 = PCURVE('',#16106,#16111);
#16106 = PLANE('',#16107);
#16107 = AXIS2_PLACEMENT_3D('',#16108,#16109,#16110);
#16108 = CARTESIAN_POINT('',(-60.,-50.,-40.));
#16109 = DIRECTION('',(0.,0.,1.));
#16110 = DIRECTION('',(1.,0.,-0.));
#16111 = DEFINITIONAL_REPRESENTATION('',(#16112),#16116);
#16112 = LINE('',#16113,#16114);
#16113 = CARTESIAN_POINT('',(0.,0.));
#16114 = VECTOR('',#16115,1.);
#16115 = DIRECTION('',(0.,1.));
#16116 = ( GEOMETRIC_REPRESENTATION_CONTEXT(2) 
PARAMETRIC_REPRESENTATION_CONTEXT() REPRESENTATION_CONTEXT('2D SPACE',''
  ) );
#16117 = ORIENTED_EDGE('',*,*,#16118,.T.);
#16118 = EDGE_CURVE('',#16091,#16119,#16121,.T.);
#16119 = VERTEX_POINT('',#16120);
#16120 = CARTESIAN_POINT('',(-60.,50.,40.));
#16121 = SURFACE_CURVE('',#16122,(#16126,#16133),.PCURVE_S1.);
#16122 = LINE('',#16123,#16124);
#16123 = CARTESIAN_POINT('',(-60.,50.,-40.));
#16124 = VECTOR('',#16125,1.);
#16125 = DIRECTION('',(0.,0.,1.));
#16126 = PCURVE('',#16066,#16127);
#16127 = DEFINITIONAL_REPRESENTATION('',(#16128),#16132);
#16128 = LINE('',#16129,#16130);
#16129 = CARTESIAN_POINT('',(0.,-100.));
#16130 = VECTOR('',#16131,1.);
#16131 = DIRECTION('',(1.,0.));
#16132 = ( GEOMETRIC_REPRESENTATION_CONTEXT(2) 
PARAMETRIC_REPRESENTATION_CONTEXT() REPRESENTATION_CONTEXT('2D SPACE',''
  ) );
#16133 = PCURVE('',#16134,#16139);
#16134 = PLANE('',#16135);
#16135 = AXIS2_PLACEMENT_3D('',#16136,#16137,#16138);
#16136 = CARTESIAN_POINT('',(-60.,50.,-40.));
#16137 = DIRECTION('',(-0.,1.,0.));
#16138 = DIRECTION('',(0.,0.,1.));
#16139 = DEFINITIONAL_REPRESENTATION('',(#16140),#16144);
#16140 = LINE('',#16141,#16142);
#16141 = CARTESIAN_POINT('',(0.,0.));
#16142 = VECTOR('',#16143,1.);
#16143 = DIRECTION('',(1.,0.));
#16144 = ( GEOMETRIC_REPRESENTATION_CONTEXT(2) 
PARAMETRIC_REPRESENTATION_CONTEXT() REPRESENTATION_CONTEXT('2D SPACE',''
  ) );
#16145 = ORIENTED_EDGE('',*,*,#16146,.F.);
#16146 = EDGE_CURVE('',#16058,#16119,#16147,.T.);
#16147 = SURFACE_CURVE('',#16148,(#16152,#16159),.PCURVE_S1.);
#16148 = LINE('',#16149,#16150);
#16149 = CARTESIAN_POINT('',(-60.,-50.,40.));
#16150 = VECTOR('',#16151,1.);
#16151 = DIRECTION('',(-0.,1.,0.));
#16152 = PCURVE('',#16066,#16153);
#16153 = DEFINITIONAL_REPRESENTATION('',(#16154),#16158);
#16154 = LINE('',#16155,#16156);
#16155 = CARTESIAN_POINT('',(80.,0.));
#16156 = VECTOR('',#16157,1.);
#16157 = DIRECTION('',(0.,-1.));
#16158 = ( GEOMETRIC_REPRESENTATION_CONTEXT(2) 
PARAMETRIC_REPRESENTATION_CONTEXT() REPRESENTATION_CONTEXT('2D SPACE',''
  ) );
#16159 = PCURVE('',#16160,#16165);
#16160 = PLANE('',#16161);
#16161 = AXIS2_PLACEMENT_3D('',#16162,#16163,#16164);
#16162 = CARTESIAN_POINT('',(-60.,-50.,40.));
#16163 = DIRECTION('',(0.,0.,1.));
#16164 = DIRECTION('',(1.,0.,-0.));
#16165 = DEFINITIONAL_REPRESENTATION('',(#16166),#16170);
#16166 = LINE('',#16167,#16168);
#16167 = CARTESIAN_POINT('',(0.,0.));
#16168 = VECTOR('',#16169,1.);
#16169 = DIRECTION('',(0.,1.));
#16170 = ( GEOMETRIC_REPRESENTATION_CONTEXT(2) 
PARAMETRIC_REPRESENTATION_CONTEXT() REPRESENTATION_CONTEXT('2D SPACE',''
  ) );
#16171 = ADVANCED_FACE('',(#16172),#16186,.T.);
#16172 = FACE_BOUND('',#16173,.T.);
#16173 = EDGE_LOOP('',(#16174,#16204,#16227,#16250));
#16174 = ORIENTED_EDGE('',*,*,#16175,.F.);
#16175 = EDGE_CURVE('',#16176,#16178,#16180,.T.);
#16176 = VERTEX_POINT('',#16177);
#16177 = CARTESIAN_POINT('',(60.,-50.,-40.));
#16178 = VERTEX_POINT('',#16179);
#16179 = CARTESIAN_POINT('',(60.,-50.,40.));
#16180 = SURFACE_CURVE('',#16181,(#16185,#16197),.PCURVE_S1.);
#16181 = LINE('',#16182,#16183);
#16182 = CARTESIAN_POINT('',(60.,-50.,-40.));
#16183 = VECTOR('',#16184,1.);
#16184 = DIRECTION('',(0.,0.,1.));
#16185 = PCURVE('',#16186,#16191);
#16186 = PLANE('',#16187);
#16187 = AXIS2_PLACEMENT_3D('',#16188,#16189,#16190);
#16188 = CARTESIAN_POINT('',(60.,-50.,-40.));
#16189 = DIRECTION('',(1.,0.,-0.));
#16190 = DIRECTION('',(0.,0.,1.));
#16191 = DEFINITIONAL_REPRESENTATION('',(#16192),#16196);
#16192 = LINE('',#16193,#16194);
#16193 = CARTESIAN_POINT('',(0.,0.));
#16194 = VECTOR('',#16195,1.);
#16195 = DIRECTION('',(1.,0.));
#16196 = ( GEOMETRIC_REPRESENTATION_CONTEXT(2) 
PARAMETRIC_REPRESENTATION_CONTEXT() REPRESENTATION_CONTEXT('2D SPACE',''
  ) );
#16197 = PCURVE('',#16078,#16198);
#16198 = DEFINITIONAL_REPRESENTATION('',(#16199),#16203);
#16199 = LINE('',#16200,#16201);
#16200 = CARTESIAN_POINT('',(0.,120.));
#16201 = VECTOR('',#16202,1.);
#16202 = DIRECTION('',(1.,0.));
#16203 = ( GEOMETRIC_REPRESENTATION_CONTEXT(2) 
PARAMETRIC_REPRESENTATION_CONTEXT() REPRESENTATION_CONTEXT('2D SPACE',''
  ) );
#16204 = ORIENTED_EDGE('',*,*,#16205,.T.);
#16205 = EDGE_CURVE('',#16176,#16206,#16208,.T.);
#16206 = VERTEX_POINT('',#16207);
#16207 = CARTESIAN_POINT('',(60.,50.,-40.));
#16208 = SURFACE_CURVE('',#16209,(#16213,#16220),.PCURVE_S1.);
#16209 = LINE('',#16210,#16211);
#16210 = CARTESIAN_POINT('',(60.,-50.,-40.));
#16211 = VECTOR('',#16212,1.);
#16212 = DIRECTION('',(-0.,1.,0.));
#16213 = PCURVE('',#16186,#16214);
#16214 = DEFINITIONAL_REPRESENTATION('',(#16215),#16219);
#16215 = LINE('',#16216,#16217);
#16216 = CARTESIAN_POINT('',(0.,0.));
#16217 = VECTOR('',#16218,1.);
#16218 = DIRECTION('',(0.,-1.));
#16219 = ( GEOMETRIC_REPRESENTATION_CONTEXT(2) 
PARAMETRIC_REPRESENTATION_CONTEXT() REPRESENTATION_CONTEXT('2D SPACE',''
  ) );
#16220 = PCURVE('',#16106,#16221);
#16221 = DEFINITIONAL_REPRESENTATION('',(#16222),#16226);
#16222 = LINE('',#16223,#16224);
#16223 = CARTESIAN_POINT('',(120.,0.));
#16224 = VECTOR('',#16225,1.);
#16225 = DIRECTION('',(0.,1.));
#16226 = ( GEOMETRIC_REPRESENTATION_CONTEXT(2) 
PARAMETRIC_REPRESENTATION_CONTEXT() REPRESENTATION_CONTEXT('2D SPACE',''
  ) );
#16227 = ORIENTED_EDGE('',*,*,#16228,.T.);
#16228 = EDGE_CURVE('',#16206,#16229,#16231,.T.);
#16229 = VERTEX_POINT('',#16230);
#16230 = CARTESIAN_POINT('',(60.,50.,40.));
#16231 = SURFACE_CURVE('',#16232,(#16236,#16243),.PCURVE_S1.);
#16232 = LINE('',#16233,#16234);
#16233 = CARTESIAN_POINT('',(60.,50.,-40.));
#16234 = VECTOR('',#16235,1.);
#16235 = DIRECTION('',(0.,0.,1.));
#16236 = PCURVE('',#16186,#16237);
#16237 = DEFINITIONAL_REPRESENTATION('',(#16238),#16242);
#16238 = LINE('',#16239,#16240);
#16239 = CARTESIAN_POINT('',(0.,-100.));
#16240 = VECTOR('',#16241,1.);
#16241 = DIRECTION('',(1.,0.));
#16242 = ( GEOMETRIC_REPRESENTATION_CONTEXT(2) 
PARAMETRIC_REPRESENTATION_CONTEXT() REPRESENTATION_CONTEXT('2D SPACE',''
  ) );
#16243 = PCURVE('',#16134,#16244);
#16244 = DEFINITIONAL_REPRESENTATION('',(#16245),#16249);
#16245 = LINE('',#16246,#16247);
#16246 = CARTESIAN_POINT('',(0.,120.));
#16247 = VECTOR('',#16248,1.);
#16248 = DIRECTION('',(1.,0.));
#16249 = ( GEOMETRIC_REPRESENTATION_CONTEXT(2) 
PARAMETRIC_REPRESENTATION_CONTEXT() REPRESENTATION_CONTEXT('2D SPACE',''
  ) );
#16250 = ORIENTED_EDGE('',*,*,#16251,.F.);
#16251 = EDGE_CURVE('',#16178,#16229,#16252,.T.);
#16252 = SURFACE_CURVE('',#16253,(#16257,#16264),.PCURVE_S1.);
#16253 = LINE('',#16254,#16255);
#16254 = CARTESIAN_POINT('',(60.,-50.,40.));
#16255 = VECTOR('',#16256,1.);
#16256 = DIRECTION('',(-0.,1.,0.));
#16257 = PCURVE('',#16186,#16258);
#16258 = DEFINITIONAL_REPRESENTATION('',(#16259),#16263);
#16259 = LINE('',#16260,#16261);
#16260 = CARTESIAN_POINT('',(80.,0.));
#16261 = VECTOR('',#16262,1.);
#16262 = DIRECTION('',(0.,-1.));
#16263 = ( GEOMETRIC_REPRESENTATION_CONTEXT(2) 
PARAMETRIC_REPRESENTATION_CONTEXT() REPRESENTATION_CONTEXT('2D SPACE',''
  ) );
#16264 = PCURVE('',#16160,#16265);
#16265 = DEFINITIONAL_REPRESENTATION('',(#16266),#16270);
#16266 = LINE('',#16267,#16268);
#16267 = CARTESIAN_POINT('',(120.,0.));
#16268 = VECTOR('',#16269,1.);
#16269 = DIRECTION('',(0.,1.));
#16270 = ( GEOMETRIC_REPRESENTATION_CONTEXT(2) 
PARAMETRIC_REPRESENTATION_CONTEXT() REPRESENTATION_CONTEXT('2D SPACE',''
  ) );
#16271 = ADVANCED_FACE('',(#16272),#16078,.F.);
#16272 = FACE_BOUND('',#16273,.F.);
#16273 = EDGE_LOOP('',(#16274,#16295,#16296,#16317));
#16274 = ORIENTED_EDGE('',*,*,#16275,.F.);
#16275 = EDGE_CURVE('',#16056,#16176,#16276,.T.);
#16276 = SURFACE_CURVE('',#16277,(#16281,#16288),.PCURVE_S1.);
#16277 = LINE('',#16278,#16279);
#16278 = CARTESIAN_POINT('',(-60.,-50.,-40.));
#16279 = VECTOR('',#16280,1.);
#16280 = DIRECTION('',(1.,0.,-0.));
#16281 = PCURVE('',#16078,#16282);
#16282 = DEFINITIONAL_REPRESENTATION('',(#16283),#16287);
#16283 = LINE('',#16284,#16285);
#16284 = CARTESIAN_POINT('',(0.,0.));
#16285 = VECTOR('',#16286,1.);
#16286 = DIRECTION('',(0.,1.));
#16287 = ( GEOMETRIC_REPRESENTATION_CONTEXT(2) 
PARAMETRIC_REPRESENTATION_CONTEXT() REPRESENTATION_CONTEXT('2D SPACE',''
  ) );
#16288 = PCURVE('',#16106,#16289);
#16289 = DEFINITIONAL_REPRESENTATION('',(#16290),#16294);
#16290 = LINE('',#16291,#16292);
#16291 = CARTESIAN_POINT('',(0.,0.));
#16292 = VECTOR('',#16293,1.);
#16293 = DIRECTION('',(1.,0.));
#16294 = ( GEOMETRIC_REPRESENTATION_CONTEXT(2) 
PARAMETRIC_REPRESENTATION_CONTEXT() REPRESENTATION_CONTEXT('2D SPACE',''
  ) );
#16295 = ORIENTED_EDGE('',*,*,#16055,.T.);
#16296 = ORIENTED_EDGE('',*,*,#16297,.T.);
#16297 = EDGE_CURVE('',#16058,#16178,#16298,.T.);
#16298 = SURFACE_CURVE('',#16299,(#16303,#16310),.PCURVE_S1.);
#16299 = LINE('',#16300,#16301);
#16300 = CARTESIAN_POINT('',(-60.,-50.,40.));
#16301 = VECTOR('',#16302,1.);
#16302 = DIRECTION('',(1.,0.,-0.));
#16303 = PCURVE('',#16078,#16304);
#16304 = DEFINITIONAL_REPRESENTATION('',(#16305),#16309);
#16305 = LINE('',#16306,#16307);
#16306 = CARTESIAN_POINT('',(80.,0.));
#16307 = VECTOR('',#16308,1.);
#16308 = DIRECTION('',(0.,1.));
#16309 = ( GEOMETRIC_REPRESENTATION_CONTEXT(2) 
PARAMETRIC_REPRESENTATION_CONTEXT() REPRESENTATION_CONTEXT('2D SPACE',''
  ) );
#16310 = PCURVE('',#16160,#16311);
#16311 = DEFINITIONAL_REPRESENTATION('',(#16312),#16316);
#16312 = LINE('',#16313,#16314);
#16313 = CARTESIAN_POINT('',(0.,0.));
#16314 = VECTOR('',#16315,1.);
#16315 = DIRECTION('',(1.,0.));
#16316 = ( GEOMETRIC_REPRESENTATION_CONTEXT(2) 
PARAMETRIC_REPRESENTATION_CONTEXT() REPRESENTATION_CONTEXT('2D SPACE',''
  ) );
#16317 = ORIENTED_EDGE('',*,*,#16175,.F.);
#16318 = ADVANCED_FACE('',(#16319),#16134,.T.);
#16319 = FACE_BOUND('',#16320,.T.);
#16320 = EDGE_LOOP('',(#16321,#16342,#16343,#16364));
#16321 = ORIENTED_EDGE('',*,*,#16322,.F.);
#16322 = EDGE_CURVE('',#16091,#16206,#16323,.T.);
#16323 = SURFACE_CURVE('',#16324,(#16328,#16335),.PCURVE_S1.);
#16324 = LINE('',#16325,#16326);
#16325 = CARTESIAN_POINT('',(-60.,50.,-40.));
#16326 = VECTOR('',#16327,1.);
#16327 = DIRECTION('',(1.,0.,-0.));
#16328 = PCURVE('',#16134,#16329);
#16329 = DEFINITIONAL_REPRESENTATION('',(#16330),#16334);
#16330 = LINE('',#16331,#16332);
#16331 = CARTESIAN_POINT('',(0.,0.));
#16332 = VECTOR('',#16333,1.);
#16333 = DIRECTION('',(0.,1.));
#16334 = ( GEOMETRIC_REPRESENTATION_CONTEXT(2) 
PARAMETRIC_REPRESENTATION_CONTEXT() REPRESENTATION_CONTEXT('2D SPACE',''
  ) );
#16335 = PCURVE('',#16106,#16336);
#16336 = DEFINITIONAL_REPRESENTATION('',(#16337),#16341);
#16337 = LINE('',#16338,#16339);
#16338 = CARTESIAN_POINT('',(0.,100.));
#16339 = VECTOR('',#16340,1.);
#16340 = DIRECTION('',(1.,0.));
#16341 = ( GEOMETRIC_REPRESENTATION_CONTEXT(2) 
PARAMETRIC_REPRESENTATION_CONTEXT() REPRESENTATION_CONTEXT('2D SPACE',''
  ) );
#16342 = ORIENTED_EDGE('',*,*,#16118,.T.);
#16343 = ORIENTED_EDGE('',*,*,#16344,.T.);
#16344 = EDGE_CURVE('',#16119,#16229,#16345,.T.);
#16345 = SURFACE_CURVE('',#16346,(#16350,#16357),.PCURVE_S1.);
#16346 = LINE('',#16347,#16348);
#16347 = CARTESIAN_POINT('',(-60.,50.,40.));
#16348 = VECTOR('',#16349,1.);
#16349 = DIRECTION('',(1.,0.,-0.));
#16350 = PCURVE('',#16134,#16351);
#16351 = DEFINITIONAL_REPRESENTATION('',(#16352),#16356);
#16352 = LINE('',#16353,#16354);
#16353 = CARTESIAN_POINT('',(80.,0.));
#16354 = VECTOR('',#16355,1.);
#16355 = DIRECTION('',(0.,1.));
#16356 = ( GEOMETRIC_REPRESENTATION_CONTEXT(2) 
PARAMETRIC_REPRESENTATION_CONTEXT() REPRESENTATION_CONTEXT('2D SPACE',''
  ) );
#16357 = PCURVE('',#16160,#16358);
#16358 = DEFINITIONAL_REPRESENTATION('',(#16359),#16363);
#16359 = LINE('',#16360,#16361);
#16360 = CARTESIAN_POINT('',(0.,100.));
#16361 = VECTOR('',#16362,1.);
#16362 = DIRECTION('',(1.,0.));
#16363 = ( GEOMETRIC_REPRESENTATION_CONTEXT(2) 
PARAMETRIC_REPRESENTATION_CONTEXT() REPRESENTATION_CONTEXT('2D SPACE',''
  ) );
#16364 = ORIENTED_EDGE('',*,*,#16228,.F.);
#16365 = ADVANCED_FACE('',(#16366),#16106,.F.);
#16366 = FACE_BOUND('',#16367,.F.);
#16367 = EDGE_LOOP('',(#16368,#16369,#16370,#16371));
#16368 = ORIENTED_EDGE('',*,*,#16090,.F.);
#16369 = ORIENTED_EDGE('',*,*,#16275,.T.);
#16370 = ORIENTED_EDGE('',*,*,#16205,.T.);
#16371 = ORIENTED_EDGE('',*,*,#16322,.F.);
#16372 = ADVANCED_FACE('',(#16373),#16160,.T.);
#16373 = FACE_BOUND('',#16374,.T.);
#16374 = EDGE_LOOP('',(#16375,#16376,#16377,#16378));
#16375 = ORIENTED_EDGE('',*,*,#16146,.F.);
#16376 = ORIENTED_EDGE('',*,*,#16297,.T.);
#16377 = ORIENTED_EDGE('',*,*,#16251,.T.);
#16378 = ORIENTED_EDGE('',*,*,#16344,.F.);
#16379 = ( GEOMETRIC_REPRESENTATION_CONTEXT(3) 
GLOBAL_UNCERTAINTY_ASSIGNED_CONTEXT((#16383)) 
GLOBAL_UNIT_ASSIGNED_CONTEXT((#16380,#16381,#16382)) 
REPRESENTATION_CONTEXT('Context #1',
  '3D Context with UNIT and UNCERTAINTY') );
#16380 = ( LENGTH_UNIT() NAMED_UNIT(*) SI_UNIT(.MILLI.,.METRE.) );
#16381 = ( NAMED_UNIT(*) PLANE_ANGLE_UNIT() SI_UNIT($,.RADIAN.) );
#16382 = ( NAMED_UNIT(*) SI_UNIT($,.STERADIAN.) SOLID_ANGLE_UNIT() );
#16383 = UNCERTAINTY_MEASURE_WITH_UNIT(LENGTH_MEASURE(1.E-07),#16380,
  'distance_accuracy_value','confusion accuracy');
#16384 = CONTEXT_DEPENDENT_SHAPE_REPRESENTATION(#16385,#16387);
#16385 = ( REPRESENTATION_RELATIONSHIP('','',#16048,#10) 
REPRESENTATION_RELATIONSHIP_WITH_TRANSFORMATION(#16386) 
SHAPE_REPRESENTATION_RELATIONSHIP() );
#16386 = ITEM_DEFINED_TRANSFORMATION('','',#11,#207);
#16387 = PRODUCT_DEFINITION_SHAPE('Placement','Placement of an item',
  #16388);
#16388 = NEXT_ASSEMBLY_USAGE_OCCURRENCE('49','=>[0:1:1:50]','',#5,#16043
  ,$);
#16389 = PRODUCT_RELATED_PRODUCT_CATEGORY('part',$,(#16045));
ENDSEC;
END-ISO-10303-21;
