
                        S T E P       1


                                INCREMENT     1


 displacements (vx,vy,vz) for set FRONT_READ and time  0.1000000E+01

         1  8.565356E-03  3.172050E+00  4.099295E+00
         3 -8.565356E-03  3.172050E+00 -4.099295E+00

 stresses (elem, integ.pnt.,sxx,syy,szz,sxy,sxz,syz) for set ALL_MEMBERS and time  0.1000000E+01

         1   1 -1.797590E-12  1.482813E-10 -1.440564E-12 -1.412468E-12 -5.123486E-13  1.681347E-13
         1   2 -5.563096E-13  1.492366E-10 -1.893274E-13  1.380227E-12  6.968061E-13 -1.915535E-12
         1   3  3.011846E-13  1.400760E-10 -9.506773E-13 -3.547765E-14 -1.953473E-13  1.981588E-13
         1   4  8.641672E-13  1.407401E-10  9.685830E-15 -1.153522E-12  7.002478E-13 -1.885511E-12
         1   5 -1.436995E-12  8.894217E-11 -9.736039E-13 -1.267907E-12 -8.594015E-13 -1.038832E-12
         1   6 -5.645023E-13  8.953053E-11 -5.853440E-13  1.665761E-12  3.942195E-13  5.704571E-13
         1   7  5.934401E-13  8.058112E-11 -5.509620E-13  6.678008E-14 -9.013270E-13 -1.002804E-12
         1   8  7.857465E-13  8.087459E-11 -4.552232E-13 -1.051745E-12  5.430538E-13  5.944764E-13
         2   1 -1.282523E-12 -4.766866E-10 -2.524886E-12  3.853870E-13 -9.679674E-14 -1.741395E-13
         2   2  6.477185E-13 -4.744657E-10  1.943080E-12 -1.738581E-13  4.235753E-13  3.122502E-13
         2   3  2.521428E-13 -4.542826E-10 -1.999359E-12 -2.142967E-13 -1.053634E-12 -1.681347E-13
         2   4 -3.034842E-13 -4.531421E-10  1.355149E-12  3.746440E-13  2.000341E-12  3.482791E-13
         2   5  1.165140E-12 -4.666793E-10  4.825466E-13  3.323288E-13 -5.867582E-13  2.041636E-13
         2   6 -9.751915E-13 -4.685322E-10 -4.556850E-12 -2.047735E-13  7.054388E-13 -4.503609E-13
         2   7  2.717432E-12 -4.442324E-10  1.013850E-12 -1.541079E-13 -1.419714E-12  2.221780E-13
         2   8 -1.953122E-12 -4.472122E-10 -5.247582E-12  4.524251E-13  2.072416E-12 -4.383513E-13
         3   1 -3.787002E-12 -3.394852E-12 -1.894932E+01  5.127171E-13  5.507539E-13  8.646929E-13
         3   2 -1.188010E-12  7.284167E-13 -1.894932E+01  5.312564E-13 -1.592870E-12 -1.669338E-12
         3   3 -3.268724E-12 -1.806824E-12 -1.894932E+01  7.417296E-13  7.755590E-13 -1.164934E-12
         3   4 -5.546579E-13  2.612657E-12 -1.894932E+01  8.859162E-14 -1.492102E-12 -5.284235E-13
         3   5 -1.039632E-12 -3.460828E-12 -1.894932E+01  3.078193E-13 -1.242245E-12  1.080866E-12
         3   6 -1.569536E-13 -5.426843E-14 -1.894932E+01  2.712742E-13 -2.116696E-13 -1.549242E-12
         3   7 -8.166882E-14 -1.085139E-12 -1.894932E+01  6.603382E-13 -1.013218E-12 -9.907940E-13
         3   8  6.092003E-13  1.873111E-12 -1.894932E+01 -1.409867E-14 -1.747025E-13 -4.983994E-13
         4   1 -2.263417E-12 -5.068724E-13  1.894932E+01 -2.175070E-12 -5.948517E-14  8.827074E-13
         4   2 -1.869250E-12  8.799432E-13  1.894932E+01 -7.160029E-13 -7.578260E-13  2.822262E-13
         4   3 -1.410765E-12 -5.361917E-12  1.894932E+01 -2.490306E-12 -1.480561E-13  1.705367E-12
         4   4 -7.564360E-13 -3.390383E-12  1.894932E+01 -1.311385E-12 -7.638309E-13  1.417136E-12
         4   5 -1.843395E-12 -1.624113E-12  1.894932E+01 -1.858238E-12  8.978132E-13  9.427555E-13
         4   6 -6.049438E-13  1.019003E-12  1.894932E+01 -4.862772E-13  8.594387E-13 -7.806256E-14
         4   7 -6.829698E-13 -5.803542E-12  1.894932E+01 -2.255896E-12  1.221979E-12  1.675343E-12
         4   8  2.503731E-13 -3.861050E-12  1.894932E+01 -1.110785E-12  8.283826E-13  1.525222E-12
         5   1 -9.251659E-13 -1.696494E+00 -1.898434E-01 -1.156067E-12 -4.092068E-13  5.675105E-01
         5   2  1.116654E-13 -1.696494E+00 -1.898434E-01  7.001705E-14 -1.008474E-13  5.675105E-01
         5   3 -3.402058E-12 -1.696494E+00 -1.898434E-01  1.334464E-12 -7.550699E-13  5.675105E-01
         5   4  1.307293E-12 -1.696494E+00 -1.898434E-01  5.932918E-13 -8.351937E-13  5.675105E-01
         5   5 -1.671831E-12 -1.696494E+00 -1.898434E-01 -8.077410E-13  4.416997E-13  5.675105E-01
         5   6  8.793943E-13 -1.696494E+00 -1.898434E-01 -1.923416E-15 -5.425060E-13  5.675105E-01
         5   7 -3.836920E-12 -1.696494E+00 -1.898434E-01  1.438070E-12 -3.480269E-13  5.675105E-01
         5   8  1.945149E-12 -1.696494E+00 -1.898434E-01  4.687272E-13 -1.108096E-12  5.675105E-01
         6   1  1.711929E-12  1.696494E+00  1.898434E-01  1.149875E-12 -1.229043E-12  5.675105E-01
         6   2 -1.019389E-12  1.696494E+00  1.898434E-01 -3.373016E-14  1.525392E-13  5.675105E-01
         6   3  4.538725E-12  1.696494E+00  1.898434E-01 -1.166787E-12 -1.340648E-12  5.675105E-01
         6   4 -2.600633E-12  1.696494E+00  1.898434E-01 -9.795936E-13 -5.854369E-13  5.675105E-01
         6   5  1.872692E-12  1.696494E+00  1.898434E-01  7.472355E-13 -4.043924E-13  5.675105E-01
         6   6 -1.811421E-12  1.696494E+00  1.898434E-01  1.067027E-13 -2.622091E-13  5.675105E-01
         6   7  4.834966E-12  1.696494E+00  1.898434E-01 -1.328037E-12 -7.689414E-13  5.675105E-01
         6   8 -3.245175E-12  1.696494E+00  1.898434E-01 -8.016072E-13 -9.765179E-13  5.675105E-01
         7   1  6.434329E-13  1.044430E-09  1.235433E-12 -1.414649E-12  6.573842E-14  7.385919E-13
         7   2 -3.669499E-14  1.044702E-09 -1.022663E-12 -1.388589E-12 -5.134846E-13  8.406737E-13
         7   3  2.384965E-12  1.026232E-09  2.830473E-12 -7.710319E-13  2.141703E-13  5.884716E-13
         7   4 -3.488071E-12  1.024262E-09 -1.723905E-12 -6.919373E-13 -9.377210E-13  7.325871E-13
         7   5  7.404881E-14  9.050278E-10  7.574923E-13 -1.138991E-12 -5.807536E-13  2.401925E-13
         7   6 -3.660396E-13  9.055399E-10 -9.482719E-13 -1.198804E-12  5.810384E-14  2.702165E-13
         7   7  1.567784E-12  8.865807E-10  1.771435E-12 -6.509592E-13 -6.579206E-13 -6.004812E-15
         7   8 -4.013885E-12  8.849049E-10 -2.103461E-12 -6.400754E-13 -3.671694E-13  3.242598E-13
         8   1  2.824795E-12  4.831128E-10  3.008167E-12 -4.885478E-13 -7.891061E-13  4.983994E-13
         8   2 -3.351519E-12  4.802696E-10 -7.175327E-12 -8.190939E-14 -2.317067E-13  1.681347E-13
         8   3 -1.982999E-12  4.807508E-10  1.213496E-12 -6.154932E-14 -1.196618E-13  5.284235E-13
         8   4  1.617750E-12  4.821443E-10 -4.623025E-12 -9.007218E-14 -4.513040E-13  1.501203E-13
         8   5  2.261833E-12  4.734812E-10  4.338280E-12 -4.437931E-13  5.345423E-13 -9.607699E-14
         8   6 -1.998120E-12  4.725427E-10 -1.410250E-12  1.285405E-14 -1.648054E-12 -1.801444E-14
         8   7 -2.498957E-12  4.711516E-10  2.655280E-12 -3.265117E-14  1.204725E-12 -1.140914E-13
         8   8  2.895368E-12  4.743306E-10  9.785985E-13 -1.510586E-14 -1.969475E-12 -2.401925E-14
         9   1  4.865894E-12 -6.114868E-13  5.045188E+00 -9.616228E-13  3.689206E-13  6.785438E-13
         9   2 -1.397100E-12 -2.931695E-12  5.045188E+00  2.184220E-12 -3.270746E-13  1.861492E-13
         9   3  2.954833E-12  1.545029E-12  5.045188E+00 -1.821241E-12  1.797691E-13 -2.341877E-13
         9   4  1.285359E-12  9.983891E-12  5.045188E+00  2.916480E-12 -4.038236E-13 -9.007218E-14
         9   5  3.038720E-13 -1.234510E-12  5.045188E+00 -3.082324E-12 -4.379760E-13  6.725389E-13
         9   6 -6.116895E-14 -1.606701E-12  5.045188E+00  3.213959E-12 -1.006932E-12  2.401925E-13
         9   7 -1.864877E-12  2.888819E-13  5.045188E+00 -4.124077E-12 -4.471708E-13  2.401925E-13
         9   8  2.520195E-12  1.101098E-11  5.045188E+00  3.856710E-12 -1.117833E-12 -5.104090E-13
        10   1 -1.645988E-12 -2.596820E-12 -5.045188E+00 -6.978634E-13 -5.147250E-13 -3.662935E-13
        10   2 -3.301651E-13 -2.011869E-12 -5.045188E+00  1.590945E-12 -3.336424E-13 -2.401925E-14
        10   3 -2.968120E-12  1.751561E-13 -5.045188E+00 -3.651245E-13 -5.543192E-13  1.122900E-12
        10   4 -4.619070E-13  3.529304E-12 -5.045188E+00  1.174805E-12 -1.876504E-13  9.367507E-13
        10   5  1.480946E-12 -1.563201E-12 -5.045188E+00 -1.465513E-12  1.466675E-12 -4.263417E-13
        10   6  3.354161E-13 -2.084272E-12 -5.045188E+00  1.500607E-12  6.740402E-13  1.200962E-13
        10   7  2.918278E-13  1.542193E-12 -5.045188E+00 -1.106765E-12  1.294788E-12  1.200962E-12
        10   8  4.758615E-14  3.123366E-12 -5.045188E+00  1.133494E-12  7.447843E-13  1.158929E-12
        11   1  5.174595E-13 -3.886872E+00 -5.080532E-01 -3.363164E-13 -5.307339E-13  1.405254E+00
        11   2 -8.695690E-13 -3.886872E+00 -5.080532E-01 -1.322935E-13  6.243597E-13  1.405254E+00
        11   3  4.110641E-13 -3.886872E+00 -5.080532E-01 -8.231753E-13  1.130019E-12  1.405254E+00
        11   4 -3.425045E-12 -3.886872E+00 -5.080532E-01 -6.858621E-13  2.838447E-13  1.405254E+00
        11   5 -1.181601E-12 -3.886872E+00 -5.080532E-01 -4.156925E-13 -8.182964E-13  1.405254E+00
        11   6  6.041375E-13 -3.886872E+00 -5.080532E-01 -1.829591E-15  1.065784E-12  1.405254E+00
        11   7 -1.511689E-12 -3.886872E+00 -5.080532E-01 -1.058958E-12  8.845487E-13  1.405254E+00
        11   8 -1.879324E-12 -3.886872E+00 -5.080532E-01 -5.785261E-13  5.603592E-13  1.405254E+00
        12   1  1.571053E-12  3.886872E+00  5.080532E-01 -1.605771E-12 -2.902130E-13  1.405254E+00
        12   2  1.658395E-13  3.886872E+00  5.080532E-01  5.965405E-13 -2.877267E-13  1.405254E+00
        12   3  5.821945E-13  3.886872E+00  5.080532E-01  1.086543E-12  3.119453E-13  1.405254E+00
        12   4 -2.379937E-12  3.886872E+00  5.080532E-01 -1.709495E-13 -9.512584E-13  1.405254E+00
        12   5  5.724213E-13  3.886872E+00  5.080532E-01 -1.589633E-12 -2.738288E-13  1.405254E+00
        12   6 -1.033611E-12  3.886872E+00  5.080532E-01  5.935851E-13 -8.285702E-13  1.405254E+00
        12   7 -7.430550E-13  3.886872E+00  5.080532E-01  8.463501E-13  4.957137E-13  1.405254E+00
        12   8 -3.714246E-12  3.886872E+00  5.080532E-01 -7.299600E-14 -1.420877E-12  1.405254E+00
        13   1 -1.257309E-14  4.151244E-10  2.556096E-14 -1.639595E-13 -5.416295E-15  1.501907E-13
        13   2  8.255191E-15  4.151116E-10 -1.757327E-14 -1.248344E-13 -3.948691E-15  1.226061E-13
        13   3 -2.394451E-14  4.111380E-10  1.874929E-14 -1.217382E-13 -1.393074E-17  1.582127E-13
        13   4  3.207809E-14  4.111404E-10 -9.312486E-15 -1.018942E-13 -7.660890E-15  1.360231E-13
        13   5 -2.062850E-14  4.146523E-10  3.503399E-15 -1.458982E-13 -1.682040E-15  1.316602E-13
        13   6  1.397226E-14  4.146550E-10 -1.118402E-15 -9.837571E-14 -5.123461E-15  8.007980E-14
        13   7 -3.582743E-14  4.106642E-10 -5.561193E-15 -9.884484E-14  3.639722E-15  1.329034E-13
        13   8  3.300691E-14  4.106821E-10  4.836554E-15 -5.676424E-14 -8.810368E-15  9.584243E-14
        14   1  6.659450E-14 -8.828684E-10  1.352498E-13  5.723336E-15 -5.322572E-14  1.351083E-14
        14   2 -2.685426E-13 -8.829856E-10 -7.385994E-14 -1.735766E-14  4.566694E-14  3.978188E-14
        14   3  3.070828E-13 -8.792147E-10  1.359374E-13  1.360465E-14 -2.807147E-15  1.932799E-14
        14   4  1.227504E-13 -8.792674E-10 -8.832887E-15  1.801444E-14 -2.144532E-14  4.259664E-14
        14   5 -2.233566E-14 -8.819095E-10 -1.968653E-13  8.162791E-15 -4.563462E-14  6.755414E-15
        14   6 -1.786722E-13 -8.818530E-10 -6.158248E-15 -1.782679E-14  1.481475E-14  3.753008E-15
        14   7  2.085482E-13 -8.782626E-10 -2.120737E-13  1.923416E-14  8.078109E-15  8.819568E-15
        14   8  1.870816E-13 -8.781458E-10  4.513841E-14  2.251805E-14 -5.218821E-14  7.881316E-15
        15   1 -6.324842E-14 -7.603090E-14 -4.792347E+00 -3.160271E-13  4.315959E-14  2.476985E-14
        15   2  6.770701E-14  7.688494E-15 -4.792347E+00 -4.475457E-14 -3.978188E-14 -7.280835E-14
        15   3 -2.531574E-13 -8.678860E-13 -4.792347E+00 -2.845816E-13  4.353489E-14 -3.452767E-14
        15   4  3.185379E-13  2.403262E-13 -4.792347E+00 -1.449835E-13 -3.846833E-14  8.256617E-14
        15   5  1.510756E-13  9.486334E-14 -4.792347E+00 -4.864252E-13 -4.503609E-15  1.801444E-14
        15   6 -1.406564E-13 -7.002905E-14 -4.792347E+00  6.760196E-14  1.092125E-13 -7.205774E-14
        15   7 -1.068947E-13 -8.713225E-13 -4.792347E+00 -4.667289E-13 -8.444267E-15 -3.452767E-14
        15   8  9.856863E-14  1.279211E-13 -4.792347E+00 -1.754904E-14  1.063978E-13  7.506015E-14
        16   1  3.398891E-15 -2.676322E-13  4.792347E+00 -2.309440E-13 -5.854692E-14 -2.326865E-14
        16   2 -1.636506E-13  9.069478E-14  4.792347E+00 -4.738444E-14  8.350442E-14  1.005806E-13
        16   3  2.172177E-13 -2.566910E-13  4.792347E+00 -2.455966E-13 -6.004812E-14  3.002406E-14
        16   4 -1.578092E-13 -3.904928E-13  4.792347E+00 -1.740989E-14  8.125261E-14  5.254211E-14
        16   5  4.466013E-15 -2.613576E-13  4.792347E+00 -1.405880E-13  2.589575E-14 -2.101684E-14
        16   6 -4.729532E-14  4.499374E-14  4.792347E+00 -2.299491E-14  5.760867E-14  9.307459E-14
        16   7  1.345179E-13 -4.481435E-13  4.792347E+00 -1.439349E-13  2.401925E-14  2.101684E-14
        16   8 -3.793870E-14 -4.275775E-13  4.792347E+00  5.313582E-15  5.835927E-14  5.179150E-14
        17   1 -7.723611E-14  3.502616E+00  4.578271E-01  9.403629E-14 -1.188061E-14 -1.266330E+00
        17   2  7.694978E-14  3.502616E+00  4.578271E-01 -2.720930E-15  5.379702E-14 -1.266330E+00
        17   3  7.333075E-14  3.502616E+00  4.578271E-01 -6.753068E-14  2.234212E-14 -1.266330E+00
        17   4 -2.723403E-13  3.502616E+00  4.578271E-01 -1.362811E-14  5.172113E-15 -1.266330E+00
        17   5 -7.404807E-14  3.502616E+00  4.578271E-01  6.302707E-14 -8.758581E-14 -1.266330E+00
        17   6  1.018820E-13  3.502616E+00  4.578271E-01 -1.876504E-15  1.112649E-13 -1.266330E+00
        17   7  6.749323E-14  3.502616E+00  4.578271E-01 -8.831296E-14 -5.040758E-14 -1.266330E+00
        17   8 -2.555829E-13  3.502616E+00  4.578271E-01 -8.678830E-15  6.419988E-14 -1.266330E+00
        18   1 -5.253906E-14 -3.502616E+00 -4.578271E-01 -1.439513E-13 -1.172815E-16 -1.266330E+00
        18   2  3.342894E-14 -3.502616E+00 -4.578271E-01 -1.329034E-13 -2.383160E-14 -1.266330E+00
        18   3 -4.633003E-14 -3.502616E+00 -4.578271E-01  2.214274E-14  4.491881E-14 -1.266330E+00
        18   4  2.922313E-14 -3.502616E+00 -4.578271E-01 -1.148655E-13 -3.043455E-14 -1.266330E+00
        18   5 -6.126262E-14 -3.502616E+00 -4.578271E-01 -1.618484E-13 -1.050842E-14 -1.266330E+00
        18   6 -5.577776E-15 -3.502616E+00 -4.578271E-01 -1.438575E-13 -1.910515E-14 -1.266330E+00
        18   7 -7.064690E-14 -3.502616E+00 -4.578271E-01  2.397234E-14  3.252216E-14 -1.266330E+00
        18   8 -1.371742E-14 -3.502616E+00 -4.578271E-01 -1.178679E-13 -2.245940E-14 -1.266330E+00
        19   1  0.000000E+00  0.000000E+00  0.000000E+00  0.000000E+00  0.000000E+00  0.000000E+00
        19   2  0.000000E+00  0.000000E+00  0.000000E+00  0.000000E+00  0.000000E+00  0.000000E+00
        19   3  0.000000E+00  0.000000E+00  0.000000E+00  0.000000E+00  0.000000E+00  0.000000E+00
        19   4  0.000000E+00  0.000000E+00  0.000000E+00  0.000000E+00  0.000000E+00  0.000000E+00
        19   5  0.000000E+00  0.000000E+00  0.000000E+00  0.000000E+00  0.000000E+00  0.000000E+00
        19   6  0.000000E+00  0.000000E+00  0.000000E+00  0.000000E+00  0.000000E+00  0.000000E+00
        19   7  0.000000E+00  0.000000E+00  0.000000E+00  0.000000E+00  0.000000E+00  0.000000E+00
        19   8  0.000000E+00  0.000000E+00  0.000000E+00  0.000000E+00  0.000000E+00  0.000000E+00
        20   1  0.000000E+00  0.000000E+00  0.000000E+00  0.000000E+00  0.000000E+00  0.000000E+00
        20   2  0.000000E+00  0.000000E+00  0.000000E+00  0.000000E+00  0.000000E+00  0.000000E+00
        20   3  0.000000E+00  0.000000E+00  0.000000E+00  0.000000E+00  0.000000E+00  0.000000E+00
        20   4  0.000000E+00  0.000000E+00  0.000000E+00  0.000000E+00  0.000000E+00  0.000000E+00
        20   5  0.000000E+00  0.000000E+00  0.000000E+00  0.000000E+00  0.000000E+00  0.000000E+00
        20   6  0.000000E+00  0.000000E+00  0.000000E+00  0.000000E+00  0.000000E+00  0.000000E+00
        20   7  0.000000E+00  0.000000E+00  0.000000E+00  0.000000E+00  0.000000E+00  0.000000E+00
        20   8  0.000000E+00  0.000000E+00  0.000000E+00  0.000000E+00  0.000000E+00  0.000000E+00
        21   1  0.000000E+00  0.000000E+00  0.000000E+00  0.000000E+00  0.000000E+00  0.000000E+00
        21   2  0.000000E+00  0.000000E+00  0.000000E+00  0.000000E+00  0.000000E+00  0.000000E+00
        21   3  0.000000E+00  0.000000E+00  0.000000E+00  0.000000E+00  0.000000E+00  0.000000E+00
        21   4  0.000000E+00  0.000000E+00  0.000000E+00  0.000000E+00  0.000000E+00  0.000000E+00
        21   5  0.000000E+00  0.000000E+00  0.000000E+00  0.000000E+00  0.000000E+00  0.000000E+00
        21   6  0.000000E+00  0.000000E+00  0.000000E+00  0.000000E+00  0.000000E+00  0.000000E+00
        21   7  0.000000E+00  0.000000E+00  0.000000E+00  0.000000E+00  0.000000E+00  0.000000E+00
        21   8  0.000000E+00  0.000000E+00  0.000000E+00  0.000000E+00  0.000000E+00  0.000000E+00
        22   1  0.000000E+00  0.000000E+00  0.000000E+00  0.000000E+00  0.000000E+00  0.000000E+00
        22   2  0.000000E+00  0.000000E+00  0.000000E+00  0.000000E+00  0.000000E+00  0.000000E+00
        22   3  0.000000E+00  0.000000E+00  0.000000E+00  0.000000E+00  0.000000E+00  0.000000E+00
        22   4  0.000000E+00  0.000000E+00  0.000000E+00  0.000000E+00  0.000000E+00  0.000000E+00
        22   5  0.000000E+00  0.000000E+00  0.000000E+00  0.000000E+00  0.000000E+00  0.000000E+00
        22   6  0.000000E+00  0.000000E+00  0.000000E+00  0.000000E+00  0.000000E+00  0.000000E+00
        22   7  0.000000E+00  0.000000E+00  0.000000E+00  0.000000E+00  0.000000E+00  0.000000E+00
        22   8  0.000000E+00  0.000000E+00  0.000000E+00  0.000000E+00  0.000000E+00  0.000000E+00
        23   1  0.000000E+00  0.000000E+00  0.000000E+00  0.000000E+00  0.000000E+00  0.000000E+00
        23   2  0.000000E+00  0.000000E+00  0.000000E+00  0.000000E+00  0.000000E+00  0.000000E+00
        23   3  0.000000E+00  0.000000E+00  0.000000E+00  0.000000E+00  0.000000E+00  0.000000E+00
        23   4  0.000000E+00  0.000000E+00  0.000000E+00  0.000000E+00  0.000000E+00  0.000000E+00
        23   5  0.000000E+00  0.000000E+00  0.000000E+00  0.000000E+00  0.000000E+00  0.000000E+00
        23   6  0.000000E+00  0.000000E+00  0.000000E+00  0.000000E+00  0.000000E+00  0.000000E+00
        23   7  0.000000E+00  0.000000E+00  0.000000E+00  0.000000E+00  0.000000E+00  0.000000E+00
        23   8  0.000000E+00  0.000000E+00  0.000000E+00  0.000000E+00  0.000000E+00  0.000000E+00
        24   1  0.000000E+00  0.000000E+00  0.000000E+00  0.000000E+00  0.000000E+00  0.000000E+00
        24   2  0.000000E+00  0.000000E+00  0.000000E+00  0.000000E+00  0.000000E+00  0.000000E+00
        24   3  0.000000E+00  0.000000E+00  0.000000E+00  0.000000E+00  0.000000E+00  0.000000E+00
        24   4  0.000000E+00  0.000000E+00  0.000000E+00  0.000000E+00  0.000000E+00  0.000000E+00
        24   5  0.000000E+00  0.000000E+00  0.000000E+00  0.000000E+00  0.000000E+00  0.000000E+00
        24   6  0.000000E+00  0.000000E+00  0.000000E+00  0.000000E+00  0.000000E+00  0.000000E+00
        24   7  0.000000E+00  0.000000E+00  0.000000E+00  0.000000E+00  0.000000E+00  0.000000E+00
        24   8  0.000000E+00  0.000000E+00  0.000000E+00  0.000000E+00  0.000000E+00  0.000000E+00
        25   1  9.813557E-01  1.462878E-02 -1.841612E-13 -1.198167E-01 -5.944764E-13 -1.930922E-13
        25   2  9.813557E-01  1.462878E-02  1.543834E-15 -1.198167E-01  6.890522E-13  1.776111E-12
        25   3  9.813557E-01  1.462878E-02  4.671673E-12 -1.198167E-01  7.355895E-14 -2.674581E-12
        25   4  9.813557E-01  1.462878E-02  2.170489E-12 -1.198167E-01 -1.215974E-13  3.623904E-12
        25   5  9.813557E-01  1.462878E-02 -3.123116E-12 -1.198167E-01 -5.344283E-13  6.736648E-14
        25   6  9.813557E-01  1.462878E-02  3.086076E-12 -1.198167E-01  6.755414E-13  1.532728E-12
        25   7  9.813557E-01  1.462878E-02  9.378307E-13 -1.198167E-01  1.050842E-13 -2.762214E-12
        25   8  9.813557E-01  1.462878E-02  6.523448E-12 -1.198167E-01 -1.801444E-13  3.417864E-12
        26   1  4.086863E+00  6.092166E-02  1.521654E-12 -4.989774E-01  1.276023E-14 -1.007378E-12
        26   2  4.086863E+00  6.092166E-02 -1.021050E-12 -4.989774E-01  1.546239E-13  1.260893E-12
        26   3  4.086863E+00  6.092166E-02 -6.632280E-13 -4.989774E-01  8.575622E-14 -1.613090E-13
        26   4  4.086863E+00  6.092166E-02 -8.262916E-13 -4.989774E-01  2.507009E-13  3.071133E-13
        26   5  4.086863E+00  6.092166E-02  2.607408E-12 -4.989774E-01  2.195509E-14 -1.485628E-12
        26   6  4.086863E+00  6.092166E-02 -1.956122E-12 -4.989774E-01  2.246175E-13  1.384344E-12
        26   7  4.086863E+00  6.092166E-02  3.651380E-13 -4.989774E-01  1.608164E-13 -5.304407E-13
        26   8  4.086863E+00  6.092166E-02 -2.119053E-12 -4.989774E-01  3.561604E-13  4.600249E-13
        27   1 -2.289371E+00 -3.412698E-02 -2.735111E+00  2.795162E-01 -2.502336E+00  3.055178E-01
        27   2 -2.289371E+00 -3.412698E-02 -2.735111E+00  2.795162E-01 -2.502336E+00  3.055178E-01
        27   3 -2.289371E+00 -3.412698E-02 -2.735111E+00  2.795162E-01 -2.502336E+00  3.055178E-01
        27   4 -2.289371E+00 -3.412698E-02 -2.735111E+00  2.795162E-01 -2.502336E+00  3.055178E-01
        27   5 -2.289371E+00 -3.412698E-02 -2.735111E+00  2.795162E-01 -2.502336E+00  3.055178E-01
        27   6 -2.289371E+00 -3.412698E-02 -2.735111E+00  2.795162E-01 -2.502336E+00  3.055178E-01
        27   7 -2.289371E+00 -3.412698E-02 -2.735111E+00  2.795162E-01 -2.502336E+00  3.055178E-01
        27   8 -2.289371E+00 -3.412698E-02 -2.735111E+00  2.795162E-01 -2.502336E+00  3.055178E-01
        28   1 -4.368309E-02 -6.511710E-04 -5.218818E-02  5.333401E-03  4.774663E-02 -5.829531E-03
        28   2 -4.368309E-02 -6.511710E-04 -5.218818E-02  5.333401E-03  4.774663E-02 -5.829531E-03
        28   3 -4.368309E-02 -6.511710E-04 -5.218818E-02  5.333401E-03  4.774663E-02 -5.829531E-03
        28   4 -4.368309E-02 -6.511710E-04 -5.218818E-02  5.333401E-03  4.774663E-02 -5.829531E-03
        28   5 -4.368309E-02 -6.511710E-04 -5.218818E-02  5.333401E-03  4.774663E-02 -5.829531E-03
        28   6 -4.368309E-02 -6.511710E-04 -5.218818E-02  5.333401E-03  4.774663E-02 -5.829531E-03
        28   7 -4.368309E-02 -6.511710E-04 -5.218818E-02  5.333401E-03  4.774663E-02 -5.829531E-03
        28   8 -4.368309E-02 -6.511710E-04 -5.218818E-02  5.333401E-03  4.774663E-02 -5.829531E-03
        29   1 -9.813557E-01 -1.462878E-02 -1.855931E-12 -1.198167E-01 -4.593681E-13  2.291774E-12
        29   2 -9.813557E-01 -1.462878E-02  1.116409E-12 -1.198167E-01  2.852286E-13  1.786432E-12
        29   3 -9.813557E-01 -1.462878E-02 -3.271910E-12 -1.198167E-01  1.331567E-12  3.172605E-12
        29   4 -9.813557E-01 -1.462878E-02  3.269592E-12 -1.198167E-01  8.646929E-13  1.113330E-12
        29   5 -9.813557E-01 -1.462878E-02 -6.945284E-13 -1.198167E-01 -4.698765E-13  2.459721E-12
        29   6 -9.813557E-01 -1.462878E-02 -2.410571E-13 -1.198167E-01  1.786432E-13  2.929973E-12
        29   7 -9.813557E-01 -1.462878E-02 -1.875843E-12 -1.198167E-01  1.397620E-12  3.681325E-12
        29   8 -9.813557E-01 -1.462878E-02  2.198428E-12 -1.198167E-01  7.956376E-13  2.077665E-12
        30   1 -4.086863E+00 -6.092166E-02  1.441139E-12 -4.989774E-01 -4.785085E-14 -5.747731E-13
        30   2 -4.086863E+00 -6.092166E-02  3.042124E-12 -4.989774E-01  1.294788E-13  4.138394E-13
        30   3 -4.086863E+00 -6.092166E-02  1.507158E-12 -4.989774E-01  6.286288E-14 -1.970329E-15
        30   4 -4.086863E+00 -6.092166E-02 -1.655080E-13 -4.989774E-01 -2.341877E-13  1.155457E-13
        30   5 -4.086863E+00 -6.092166E-02  1.722348E-12 -4.989774E-01 -7.036889E-14 -1.177506E-14
        30   6 -4.086863E+00 -6.092166E-02  1.299324E-12 -4.989774E-01  2.182374E-13  3.560666E-13
        30   7 -4.086863E+00 -6.092166E-02  1.073620E-12 -4.989774E-01  2.176744E-14  4.593681E-13
        30   8 -4.086863E+00 -6.092166E-02 -1.452064E-12 -4.989774E-01 -1.771420E-13  6.103328E-14
        31   1  2.289371E+00  3.412698E-02  2.735111E+00  2.795162E-01  2.502336E+00  3.055178E-01
        31   2  2.289371E+00  3.412698E-02  2.735111E+00  2.795162E-01  2.502336E+00  3.055178E-01
        31   3  2.289371E+00  3.412698E-02  2.735111E+00  2.795162E-01  2.502336E+00  3.055178E-01
        31   4  2.289371E+00  3.412698E-02  2.735111E+00  2.795162E-01  2.502336E+00  3.055178E-01
        31   5  2.289371E+00  3.412698E-02  2.735111E+00  2.795162E-01  2.502336E+00  3.055178E-01
        31   6  2.289371E+00  3.412698E-02  2.735111E+00  2.795162E-01  2.502336E+00  3.055178E-01
        31   7  2.289371E+00  3.412698E-02  2.735111E+00  2.795162E-01  2.502336E+00  3.055178E-01
        31   8  2.289371E+00  3.412698E-02  2.735111E+00  2.795162E-01  2.502336E+00  3.055178E-01
        32   1  4.368309E-02  6.511710E-04  5.218818E-02  5.333400E-03 -4.774663E-02 -5.829531E-03
        32   2  4.368309E-02  6.511710E-04  5.218818E-02  5.333400E-03 -4.774663E-02 -5.829531E-03
        32   3  4.368309E-02  6.511710E-04  5.218818E-02  5.333400E-03 -4.774663E-02 -5.829531E-03
        32   4  4.368309E-02  6.511710E-04  5.218818E-02  5.333400E-03 -4.774663E-02 -5.829531E-03
        32   5  4.368309E-02  6.511710E-04  5.218818E-02  5.333400E-03 -4.774663E-02 -5.829531E-03
        32   6  4.368309E-02  6.511710E-04  5.218818E-02  5.333400E-03 -4.774663E-02 -5.829531E-03
        32   7  4.368309E-02  6.511710E-04  5.218818E-02  5.333400E-03 -4.774663E-02 -5.829531E-03
        32   8  4.368309E-02  6.511710E-04  5.218818E-02  5.333400E-03 -4.774663E-02 -5.829531E-03
        33   1  4.128266E-01  4.084184E+00  1.769544E-12 -1.298484E+00 -1.516215E-12 -7.806256E-14
        33   2  4.128266E-01  4.084184E+00  2.400784E-12 -1.298484E+00  1.128905E-12  8.226592E-13
        33   3  4.128266E-01  4.084184E+00 -1.900979E-12 -1.298484E+00 -5.194162E-13  1.020818E-12
        33   4  4.128266E-01  4.084184E+00 -1.438451E-12 -1.298484E+00 -9.907940E-14  1.339073E-12
        33   5  4.128266E-01  4.084184E+00  2.151044E-12 -1.298484E+00 -6.004812E-13  7.806256E-14
        33   6  4.128266E-01  4.084184E+00 -3.507966E-13 -1.298484E+00  1.807448E-12  1.182948E-12
        33   7  4.128266E-01  4.084184E+00  3.033527E-13 -1.298484E+00  1.396119E-13  1.639314E-12
        33   8  4.128266E-01  4.084184E+00 -3.490299E-12 -1.298484E+00  5.359295E-13  1.861492E-12
        34   1 -4.128266E-01 -4.084184E+00 -9.889358E-13 -1.298484E+00  1.433649E-12 -1.561251E-13
        34   2 -4.128266E-01 -4.084184E+00 -3.151637E-12 -1.298484E+00  1.043336E-12  4.563657E-13
        34   3 -4.128266E-01 -4.084184E+00  1.497017E-12 -1.298484E+00 -2.552045E-14 -4.233392E-12
        34   4 -4.128266E-01 -4.084184E+00 -4.742704E-13 -1.298484E+00 -4.158332E-13 -3.692959E-12
        34   5 -4.128266E-01 -4.084184E+00 -1.316659E-12 -1.298484E+00  1.106387E-12  6.004812E-15
        34   6 -4.128266E-01 -4.084184E+00 -4.279842E-12 -1.298484E+00  5.314259E-13  4.323465E-13
        34   7 -4.128266E-01 -4.084184E+00  9.488065E-13 -1.298484E+00  5.554451E-14 -4.119301E-12
        34   8 -4.128266E-01 -4.084184E+00 -2.887952E-13 -1.298484E+00 -1.016314E-12 -3.326666E-12
        35   1  9.327222E-02  9.227625E-01  1.182849E-12 -2.933737E-01  5.194162E-13  5.404331E-13
        35   2  9.327222E-02  9.227625E-01  8.980477E-13 -2.933737E-01 -1.140914E-13 -1.921540E-13
        35   3  9.327222E-02  9.227625E-01  1.795603E-13 -2.933737E-01 -3.077466E-13  6.365101E-13
        35   4  9.327222E-02  9.227625E-01 -1.465859E-13 -2.933737E-01  2.912334E-13  5.644523E-13
        35   5  9.327222E-02  9.227625E-01 -7.883627E-13 -2.933737E-01  3.888116E-13  2.582069E-13
        35   6  9.327222E-02  9.227625E-01  1.880680E-12 -2.933737E-01 -5.254211E-13 -4.623705E-13
        35   7  9.327222E-02  9.227625E-01 -2.095501E-12 -2.933737E-01 -1.771420E-13  3.362695E-13
        35   8  9.327222E-02  9.227625E-01  3.407970E-13 -2.933737E-01  4.503609E-15  3.122502E-13
        36   1 -9.327222E-02 -9.227625E-01 -1.723917E-12 -2.933737E-01 -7.971388E-13  3.122502E-13
        36   2 -9.327222E-02 -9.227625E-01  5.541360E-12 -2.933737E-01  8.001412E-13 -7.385919E-13
        36   3 -9.327222E-02 -9.227625E-01 -9.367109E-13 -2.933737E-01 -1.116895E-12 -1.981588E-13
        36   4 -9.327222E-02 -9.227625E-01 -3.154103E-13 -2.933737E-01  1.182948E-12 -2.702165E-13
        36   5 -9.327222E-02 -9.227625E-01 -2.187001E-12 -2.933737E-01 -1.115394E-12  6.605293E-13
        36   6 -9.327222E-02 -9.227625E-01  3.833708E-12 -2.933737E-01  2.041636E-12 -1.080866E-12
        36   7 -9.327222E-02 -9.227625E-01 -1.532119E-12 -2.933737E-01 -1.475683E-12 -3.002406E-14
        36   8 -9.327222E-02 -9.227625E-01 -1.210653E-12 -2.933737E-01  2.502505E-12 -6.305053E-13
        37   1 -1.451385E-01 -1.435887E+00 -1.733969E-01  4.565111E-01 -1.586397E-01  4.989772E-01
        37   2 -1.451385E-01 -1.435887E+00 -1.733969E-01  4.565111E-01 -1.586397E-01  4.989772E-01
        37   3 -1.451385E-01 -1.435887E+00 -1.733969E-01  4.565111E-01 -1.586397E-01  4.989772E-01
        37   4 -1.451385E-01 -1.435887E+00 -1.733969E-01  4.565111E-01 -1.586397E-01  4.989772E-01
        37   5 -1.451385E-01 -1.435887E+00 -1.733969E-01  4.565111E-01 -1.586397E-01  4.989772E-01
        37   6 -1.451385E-01 -1.435887E+00 -1.733969E-01  4.565111E-01 -1.586397E-01  4.989772E-01
        37   7 -1.451385E-01 -1.435887E+00 -1.733969E-01  4.565111E-01 -1.586397E-01  4.989772E-01
        37   8 -1.451385E-01 -1.435887E+00 -1.733969E-01  4.565111E-01 -1.586397E-01  4.989772E-01
        38   1  1.451385E-01  1.435887E+00  1.733969E-01  4.565111E-01  1.586397E-01  4.989772E-01
        38   2  1.451385E-01  1.435887E+00  1.733969E-01  4.565111E-01  1.586397E-01  4.989772E-01
        38   3  1.451385E-01  1.435887E+00  1.733969E-01  4.565111E-01  1.586397E-01  4.989772E-01
        38   4  1.451385E-01  1.435887E+00  1.733969E-01  4.565111E-01  1.586397E-01  4.989772E-01
        38   5  1.451385E-01  1.435887E+00  1.733969E-01  4.565111E-01  1.586397E-01  4.989772E-01
        38   6  1.451385E-01  1.435887E+00  1.733969E-01  4.565111E-01  1.586397E-01  4.989772E-01
        38   7  1.451385E-01  1.435887E+00  1.733969E-01  4.565111E-01  1.586397E-01  4.989772E-01
        38   8  1.451385E-01  1.435887E+00  1.733969E-01  4.565111E-01  1.586397E-01  4.989772E-01
        39   1  3.599555E-01  3.561118E+00  4.300387E-01 -1.132186E+00 -3.934397E-01  1.237505E+00
        39   2  3.599555E-01  3.561118E+00  4.300387E-01 -1.132186E+00 -3.934397E-01  1.237505E+00
        39   3  3.599555E-01  3.561118E+00  4.300387E-01 -1.132186E+00 -3.934397E-01  1.237505E+00
        39   4  3.599555E-01  3.561118E+00  4.300387E-01 -1.132186E+00 -3.934397E-01  1.237505E+00
        39   5  3.599555E-01  3.561118E+00  4.300387E-01 -1.132186E+00 -3.934397E-01  1.237505E+00
        39   6  3.599555E-01  3.561118E+00  4.300387E-01 -1.132186E+00 -3.934397E-01  1.237505E+00
        39   7  3.599555E-01  3.561118E+00  4.300387E-01 -1.132186E+00 -3.934397E-01  1.237505E+00
        39   8  3.599555E-01  3.561118E+00  4.300387E-01 -1.132186E+00 -3.934397E-01  1.237505E+00
        40   1 -3.599555E-01 -3.561118E+00 -4.300387E-01 -1.132186E+00  3.934397E-01  1.237505E+00
        40   2 -3.599555E-01 -3.561118E+00 -4.300387E-01 -1.132186E+00  3.934397E-01  1.237505E+00
        40   3 -3.599555E-01 -3.561118E+00 -4.300387E-01 -1.132186E+00  3.934397E-01  1.237505E+00
        40   4 -3.599555E-01 -3.561118E+00 -4.300387E-01 -1.132186E+00  3.934397E-01  1.237505E+00
        40   5 -3.599555E-01 -3.561118E+00 -4.300387E-01 -1.132186E+00  3.934397E-01  1.237505E+00
        40   6 -3.599555E-01 -3.561118E+00 -4.300387E-01 -1.132186E+00  3.934397E-01  1.237505E+00
        40   7 -3.599555E-01 -3.561118E+00 -4.300387E-01 -1.132186E+00  3.934397E-01  1.237505E+00
        40   8 -3.599555E-01 -3.561118E+00 -4.300387E-01 -1.132186E+00  3.934397E-01  1.237505E+00
        41   1 -1.608195E-01  4.535392E-12  2.776370E-13  7.506015E-15  3.002406E-15  4.304361E-13
        41   2 -1.608195E-01 -6.243074E-13  1.850656E-12  4.503609E-14 -1.200962E-14 -1.153962E-12
        41   3 -1.608195E-01  3.853851E-12 -4.593881E-12  7.506015E-15 -9.007218E-15  3.169759E-13
        41   4 -1.608195E-01  7.542294E-13  2.121328E-12  4.803850E-14  2.401925E-14 -9.726210E-13
        41   5 -1.608195E-01  1.825039E-12 -1.007075E-13  1.501203E-15 -9.007218E-15 -4.097666E-13
        41   6 -1.608195E-01 -2.344317E-12  1.989108E-12 -3.302647E-14 -1.801444E-14 -8.677111E-14
        41   7 -1.608195E-01  7.849055E-13 -4.973972E-12  4.503609E-15  6.004812E-15 -2.452518E-13
        41   8 -1.608195E-01 -8.235584E-13  2.450188E-12 -3.753008E-14  3.903128E-14  8.313206E-14
        42   1 -9.936003E-02  1.014438E-12  6.446793E-13  3.302647E-14  1.501203E-14 -8.465451E-13
        42   2 -9.936003E-02 -1.165338E-12 -8.201744E-13  7.881316E-15 -1.801444E-14  7.176460E-13
        42   3 -9.936003E-02  5.660031E-13 -8.389267E-13  2.627105E-14 -6.004812E-15 -1.283180E-12
        42   4 -9.936003E-02 -1.532288E-13  1.104666E-12  3.753008E-16  2.702165E-14  1.104122E-12
        42   5 -9.936003E-02 -9.138761E-13  2.867034E-13 -3.377707E-14  3.002406E-15 -1.399701E-12
        42   6 -9.936003E-02 -2.823425E-13  1.156204E-13 -1.651323E-14 -2.702165E-14  1.266025E-12
        42   7 -9.936003E-02 -9.584710E-13 -5.608924E-13 -2.964876E-14  0.000000E+00 -1.691979E-12
        42   8 -9.936003E-02  6.386913E-13  1.793874E-12 -1.050842E-14  3.903128E-14  1.677220E-12
        43   1 -1.142864E+01 -6.475440E-12 -1.269849E+00 -1.373601E-12 -3.809546E+00 -8.759520E-13
        43   2 -1.142864E+01  1.525389E-12 -1.269849E+00 -4.203368E-14 -3.809546E+00 -1.073360E-13
        43   3 -1.142864E+01 -3.003787E-12 -1.269849E+00 -1.796940E-12 -3.809546E+00  3.730489E-13
        43   4 -1.142864E+01 -1.979650E-13 -1.269849E+00  6.004812E-15 -3.809546E+00 -6.860498E-13
        43   5 -1.142864E+01 -1.072752E-12 -1.269849E+00  4.083272E-13 -3.809546E+00  2.002605E-12
        43   6 -1.142864E+01  5.132205E-13 -1.269849E+00 -3.497803E-13 -3.809546E+00 -2.009360E-12
        43   7 -1.142864E+01  2.026261E-12 -1.269849E+00 -1.501203E-14 -3.809546E+00  2.792238E-12
        43   8 -1.142864E+01 -6.585503E-13 -1.269849E+00 -3.182550E-13 -3.809546E+00 -2.599333E-12
        44   1  1.124065E+01 -9.178040E-14  1.248961E+00 -1.125902E-15 -3.746883E+00 -1.312802E-12
        44   2  1.124065E+01  7.983610E-13  1.248961E+00  3.456520E-13 -3.746883E+00  1.864776E-12
        44   3  1.124065E+01 -1.032168E-12  1.248961E+00  3.096231E-14 -3.746883E+00 -1.384672E-12
        44   4  1.124065E+01 -5.049950E-13  1.248961E+00  3.475285E-13 -3.746883E+00  1.528600E-12
        44   5  1.124065E+01  6.296436E-13  1.248961E+00 -1.489569E-12 -3.746883E+00 -1.242058E-12
        44   6  1.124065E+01  7.102355E-13  1.248961E+00 -1.236616E-13 -3.746883E+00  1.452320E-12
        44   7  1.124065E+01 -3.924934E-13  1.248961E+00 -1.459545E-12 -3.746883E+00 -1.319839E-12
        44   8  1.124065E+01 -3.675402E-13  1.248961E+00 -1.366095E-13 -3.746883E+00  1.145043E-12
        45   1  1.608195E-01 -1.419402E-12  8.529928E-13 -1.501203E-15 -3.002406E-14 -4.748013E-13
        45   2  1.608195E-01 -4.464614E-13  2.950706E-13 -3.602887E-14  1.501203E-14  5.120396E-13
        45   3  1.608195E-01 -1.104425E-12  6.443399E-12  6.004812E-15  3.302647E-14 -1.004825E-13
        45   4  1.608195E-01 -2.117574E-12  6.740160E-13 -3.452767E-14 -1.801444E-14  7.685677E-13
        45   5  1.608195E-01 -6.640498E-13 -5.754292E-13 -9.007218E-15 -1.501203E-14  7.721186E-13
        45   6  1.608195E-01  7.775236E-13 -9.281169E-13  2.702165E-14  3.302647E-14 -2.245478E-13
        45   7  1.608195E-01 -1.582605E-13  4.835333E-12  0.000000E+00  2.101684E-14  1.052555E-12
        45   8  1.608195E-01 -8.626283E-13 -6.690340E-13  3.302647E-14 -3.903128E-14  2.266835E-15
        46   1  9.936003E-02 -3.014825E-12  5.042032E-13 -2.702165E-14  9.007218E-15 -9.175760E-14
        46   2  9.936003E-02  7.692154E-13  2.108802E-14 -2.964876E-14  1.501203E-14  3.826556E-13
        46   3  9.936003E-02 -3.658323E-12  5.296075E-13 -1.351083E-14 -3.002406E-15  7.295806E-13
        46   4  9.936003E-02  6.966651E-13  1.425586E-12 -1.576263E-14 -2.702165E-14 -3.175147E-13
        46   5  9.936003E-02  1.339906E-12  1.454007E-12  1.163432E-14  1.501203E-14 -2.483723E-13
        46   6  9.936003E-02 -2.338782E-14 -1.028465E-12  1.013312E-14  1.801444E-14  3.109082E-13
        46   7  9.936003E-02  6.488567E-13  1.591227E-12  1.876504E-15  0.000000E+00  5.651908E-13
        46   8  9.936003E-02 -2.187617E-13  1.382185E-13 -5.629511E-15 -1.801444E-14 -3.525499E-13
        47   1  1.142864E+01 -3.605358E-12  1.269849E+00  8.376713E-13  3.809546E+00 -2.618849E-12
        47   2  1.142864E+01  2.571040E-12  1.269849E+00  6.154932E-13  3.809546E+00  5.524427E-13
        47   3  1.142864E+01 -4.566343E-12  1.269849E+00  8.361701E-13  3.809546E+00 -2.116696E-12
        47   4  1.142864E+01  3.049946E-12  1.269849E+00  9.442567E-13  3.809546E+00  4.653729E-14
        47   5  1.142864E+01 -1.835232E-12  1.269849E+00  1.028324E-12  3.809546E+00 -3.866348E-12
        47   6  1.142864E+01  3.615643E-13  1.269849E+00 -3.858092E-13  3.809546E+00 -4.458573E-13
        47   7  1.142864E+01 -1.796706E-12  1.269849E+00  9.757820E-13  3.809546E+00 -3.634412E-12
        47   8  1.142864E+01  1.031841E-12  1.269849E+00 -7.806256E-14  3.809546E+00 -9.232398E-13
        48   1 -1.124065E+01 -3.510330E-12 -1.248961E+00  4.349736E-13  3.746883E+00  2.955587E-12
        48   2 -1.124065E+01  3.786131E-13 -1.248961E+00 -7.303353E-13  3.746883E+00 -6.671909E-13
        48   3 -1.124065E+01 -4.227418E-12 -1.248961E+00  8.234098E-13  3.746883E+00  3.814463E-12
        48   4 -1.124065E+01  1.559052E-12 -1.248961E+00 -8.667571E-13  3.746883E+00 -1.295632E-12
        48   5 -1.124065E+01  1.256041E-12 -1.248961E+00 -1.276023E-14  3.746883E+00  2.645964E-12
        48   6 -1.124065E+01 -4.570423E-13 -1.248961E+00 -8.301653E-13  3.746883E+00  2.097931E-13
        48   7 -1.124065E+01  1.765384E-13 -1.248961E+00  3.621652E-13  3.746883E+00  3.547718E-12
        48   8 -1.124065E+01  8.561502E-13 -1.248961E+00 -9.517627E-13  3.746883E+00 -4.535510E-13
        49   1  8.623147E+00  7.330174E+00 -3.299576E-12 -7.950419E+00 -1.441155E-12  1.264013E-12
        49   2  8.623147E+00  7.330174E+00  2.118023E-13 -7.950419E+00 -4.773826E-13 -6.275029E-13
        49   3  8.623147E+00  7.330174E+00  3.591947E-12 -7.950419E+00  5.314259E-13 -1.864494E-12
        49   4  8.623147E+00  7.330174E+00 -9.272482E-13 -7.950419E+00 -1.906528E-13  6.815462E-13
        49   5  8.623147E+00  7.330174E+00 -4.015749E-12 -7.950419E+00 -7.566063E-13  1.891516E-12
        49   6  8.623147E+00  7.330174E+00  2.221633E-12 -7.950419E+00 -1.019317E-12 -1.537232E-12
        49   7  8.623147E+00  7.330174E+00  1.531197E-12 -7.950419E+00  1.379606E-12 -1.625803E-12
        49   8  8.623147E+00  7.330174E+00  1.362321E-12 -7.950419E+00 -7.491003E-13 -3.437755E-13
        50   1 -8.623147E+00 -7.330174E+00  1.968465E-12 -7.950419E+00  1.921540E-13 -1.082367E-12
        50   2 -8.623147E+00 -7.330174E+00  1.840139E-12 -7.950419E+00 -9.007218E-15 -4.533633E-13
        50   3 -8.623147E+00 -7.330174E+00 -7.499612E-13 -7.950419E+00  1.522220E-12  1.107888E-12
        50   4 -8.623147E+00 -7.330174E+00 -1.099614E-12 -7.950419E+00  1.387112E-12  6.605293E-14
        50   5 -8.623147E+00 -7.330174E+00  2.564026E-12 -7.950419E+00 -3.753008E-14 -3.918140E-13
        50   6 -8.623147E+00 -7.330174E+00  1.483968E-12 -7.950419E+00  1.411131E-13 -2.927346E-13
        50   7 -8.623147E+00 -7.330174E+00  9.884274E-13 -7.950419E+00  1.372100E-12  1.690355E-12
        50   8 -8.623147E+00 -7.330174E+00 -1.519813E-12 -7.950419E+00  1.562752E-12  9.757820E-14
        51   1  1.588209E+00  1.350069E+00 -1.027442E-12 -1.464306E+00  5.524427E-13  1.037331E-12
        51   2  1.588209E+00  1.350069E+00  7.479933E-13 -1.464306E+00 -3.002406E-13 -5.944764E-13
        51   3  1.588209E+00  1.350069E+00 -6.220292E-13 -1.464306E+00  3.903128E-13  5.239198E-13
        51   4  1.588209E+00  1.350069E+00  7.515500E-13 -1.464306E+00 -7.280835E-13  1.110890E-13
        51   5  1.588209E+00  1.350069E+00 -1.619782E-12 -1.464306E+00  9.967988E-13  1.558249E-12
        51   6  1.588209E+00  1.350069E+00  3.673723E-13 -1.464306E+00  4.503609E-14 -6.905534E-14
        51   7  1.588209E+00  1.350069E+00 -2.201900E-12 -1.464306E+00  9.937964E-13  7.521027E-13
        51   8  1.588209E+00  1.350069E+00  5.719434E-13 -1.464306E+00 -3.707971E-13  5.959776E-13
        52   1 -1.588209E+00 -1.350069E+00 -8.797913E-13 -1.464306E+00 -1.726383E-13 -3.422743E-13
        52   2 -1.588209E+00 -1.350069E+00 -1.771640E-13 -1.464306E+00 -3.632911E-13 -2.942358E-13
        52   3 -1.588209E+00 -1.350069E+00  1.107207E-12 -1.464306E+00 -7.716183E-13 -4.908934E-13
        52   4 -1.588209E+00 -1.350069E+00 -7.609507E-13 -1.464306E+00 -8.586881E-13 -5.854692E-13
        52   5 -1.588209E+00 -1.350069E+00 -1.105497E-12 -1.464306E+00  2.251805E-13 -6.605293E-14
        52   6 -1.588209E+00 -1.350069E+00 -7.333216E-13 -1.464306E+00  7.160738E-13 -7.295847E-13
        52   7 -1.588209E+00 -1.350069E+00  1.781432E-12 -1.464306E+00 -3.753008E-13 -2.431949E-13
        52   8 -1.588209E+00 -1.350069E+00 -1.382388E-12 -1.464306E+00  2.537033E-13 -1.107888E-12
        53   1  4.623354E+00  3.930119E+00  5.137060E-01 -4.262667E+00  1.541118E+00 -1.420889E+00
        53   2  4.623354E+00  3.930119E+00  5.137060E-01 -4.262667E+00  1.541118E+00 -1.420889E+00
        53   3  4.623354E+00  3.930119E+00  5.137060E-01 -4.262667E+00  1.541118E+00 -1.420889E+00
        53   4  4.623354E+00  3.930119E+00  5.137060E-01 -4.262667E+00  1.541118E+00 -1.420889E+00
        53   5  4.623354E+00  3.930119E+00  5.137060E-01 -4.262667E+00  1.541118E+00 -1.420889E+00
        53   6  4.623354E+00  3.930119E+00  5.137060E-01 -4.262667E+00  1.541118E+00 -1.420889E+00
        53   7  4.623354E+00  3.930119E+00  5.137060E-01 -4.262667E+00  1.541118E+00 -1.420889E+00
        53   8  4.623354E+00  3.930119E+00  5.137060E-01 -4.262667E+00  1.541118E+00 -1.420889E+00
        54   1 -4.623354E+00 -3.930119E+00 -5.137060E-01 -4.262667E+00 -1.541118E+00 -1.420889E+00
        54   2 -4.623354E+00 -3.930119E+00 -5.137060E-01 -4.262667E+00 -1.541118E+00 -1.420889E+00
        54   3 -4.623354E+00 -3.930119E+00 -5.137060E-01 -4.262667E+00 -1.541118E+00 -1.420889E+00
        54   4 -4.623354E+00 -3.930119E+00 -5.137060E-01 -4.262667E+00 -1.541118E+00 -1.420889E+00
        54   5 -4.623354E+00 -3.930119E+00 -5.137060E-01 -4.262667E+00 -1.541118E+00 -1.420889E+00
        54   6 -4.623354E+00 -3.930119E+00 -5.137060E-01 -4.262667E+00 -1.541118E+00 -1.420889E+00
        54   7 -4.623354E+00 -3.930119E+00 -5.137060E-01 -4.262667E+00 -1.541118E+00 -1.420889E+00
        54   8 -4.623354E+00 -3.930119E+00 -5.137060E-01 -4.262667E+00 -1.541118E+00 -1.420889E+00
        55   1  4.747911E+00  4.035999E+00  5.275457E-01 -4.377507E+00 -1.582637E+00  1.459169E+00
        55   2  4.747911E+00  4.035999E+00  5.275457E-01 -4.377507E+00 -1.582637E+00  1.459169E+00
        55   3  4.747911E+00  4.035999E+00  5.275457E-01 -4.377507E+00 -1.582637E+00  1.459169E+00
        55   4  4.747911E+00  4.035999E+00  5.275457E-01 -4.377507E+00 -1.582637E+00  1.459169E+00
        55   5  4.747911E+00  4.035999E+00  5.275457E-01 -4.377507E+00 -1.582637E+00  1.459169E+00
        55   6  4.747911E+00  4.035999E+00  5.275457E-01 -4.377507E+00 -1.582637E+00  1.459169E+00
        55   7  4.747911E+00  4.035999E+00  5.275457E-01 -4.377507E+00 -1.582637E+00  1.459169E+00
        55   8  4.747911E+00  4.035999E+00  5.275457E-01 -4.377507E+00 -1.582637E+00  1.459169E+00
        56   1 -4.747911E+00 -4.035999E+00 -5.275457E-01 -4.377507E+00  1.582637E+00  1.459169E+00
        56   2 -4.747911E+00 -4.035999E+00 -5.275457E-01 -4.377507E+00  1.582637E+00  1.459169E+00
        56   3 -4.747911E+00 -4.035999E+00 -5.275457E-01 -4.377507E+00  1.582637E+00  1.459169E+00
        56   4 -4.747911E+00 -4.035999E+00 -5.275457E-01 -4.377507E+00  1.582637E+00  1.459169E+00
        56   5 -4.747911E+00 -4.035999E+00 -5.275457E-01 -4.377507E+00  1.582637E+00  1.459169E+00
        56   6 -4.747911E+00 -4.035999E+00 -5.275457E-01 -4.377507E+00  1.582637E+00  1.459169E+00
        56   7 -4.747911E+00 -4.035999E+00 -5.275457E-01 -4.377507E+00  1.582637E+00  1.459169E+00
        56   8 -4.747911E+00 -4.035999E+00 -5.275457E-01 -4.377507E+00  1.582637E+00  1.459169E+00
        57   1 -1.207243E+00 -3.353453E-02 -1.668329E-13 -2.012072E-01 -5.770249E-15  2.452708E-13
        57   2 -1.207243E+00 -3.353453E-02  3.058404E-13 -2.012072E-01  5.831235E-14  1.138100E-13
        57   3 -1.207243E+00 -3.353453E-02  6.634886E-14 -2.012072E-01  3.213513E-15  3.733480E-13
        57   4 -1.207243E+00 -3.353453E-02  3.056990E-13 -2.012072E-01  4.273737E-14 -1.743389E-14
        57   5 -1.207243E+00 -3.353453E-02  2.627292E-14 -2.012072E-01 -8.819568E-15  2.772476E-13
        57   6 -1.207243E+00 -3.353453E-02  6.779809E-14 -2.012072E-01  6.476284E-14  7.956376E-14
        57   7 -1.207243E+00 -3.353453E-02  2.601731E-13 -2.012072E-01 -4.245590E-15  3.985987E-13
        57   8 -1.207243E+00 -3.353453E-02  7.140250E-14 -2.012072E-01  4.609162E-14 -4.586879E-14
        58   1 -2.714079E+00 -7.539108E-02  7.923881E-14 -4.523465E-01  1.651323E-14  1.487129E-14
        58   2 -2.714079E+00 -7.539108E-02 -9.354499E-15 -4.523465E-01  2.627105E-15 -1.313553E-14
        58   3 -2.714079E+00 -7.539108E-02 -5.635664E-14 -4.523465E-01 -1.163432E-14  2.256496E-14
        58   4 -2.714079E+00 -7.539108E-02  2.696125E-14 -4.523465E-01  1.388613E-14 -1.787370E-14
        58   5 -2.714079E+00 -7.539108E-02  7.484885E-14 -4.523465E-01  2.176744E-14  4.222133E-16
        58   6 -2.714079E+00 -7.539108E-02 -2.950962E-14 -4.523465E-01 -3.002406E-15  1.834282E-14
        58   7 -2.714079E+00 -7.539108E-02 -5.541753E-14 -4.523465E-01 -6.755414E-15  2.580193E-15
        58   8 -2.714079E+00 -7.539108E-02  7.123452E-15 -4.523465E-01  1.088372E-14  1.552807E-14
        59   1 -1.515163E-01 -4.208787E-03 -1.793443E-01 -2.525272E-02 -1.648442E-01 -2.747403E-02
        59   2 -1.515163E-01 -4.208787E-03 -1.793443E-01 -2.525272E-02 -1.648442E-01 -2.747403E-02
        59   3 -1.515163E-01 -4.208787E-03 -1.793443E-01 -2.525272E-02 -1.648442E-01 -2.747403E-02
        59   4 -1.515163E-01 -4.208787E-03 -1.793443E-01 -2.525272E-02 -1.648442E-01 -2.747403E-02
        59   5 -1.515163E-01 -4.208787E-03 -1.793443E-01 -2.525272E-02 -1.648442E-01 -2.747403E-02
        59   6 -1.515163E-01 -4.208787E-03 -1.793443E-01 -2.525272E-02 -1.648442E-01 -2.747403E-02
        59   7 -1.515163E-01 -4.208787E-03 -1.793443E-01 -2.525272E-02 -1.648442E-01 -2.747403E-02
        59   8 -1.515163E-01 -4.208787E-03 -1.793443E-01 -2.525272E-02 -1.648442E-01 -2.747403E-02
        60   1 -1.855391E+00 -5.153864E-02 -2.196158E+00 -3.092318E-01  2.018597E+00  3.364328E-01
        60   2 -1.855391E+00 -5.153864E-02 -2.196158E+00 -3.092318E-01  2.018597E+00  3.364328E-01
        60   3 -1.855391E+00 -5.153864E-02 -2.196158E+00 -3.092318E-01  2.018597E+00  3.364328E-01
        60   4 -1.855391E+00 -5.153864E-02 -2.196158E+00 -3.092318E-01  2.018597E+00  3.364328E-01
        60   5 -1.855391E+00 -5.153864E-02 -2.196158E+00 -3.092318E-01  2.018597E+00  3.364328E-01
        60   6 -1.855391E+00 -5.153864E-02 -2.196158E+00 -3.092318E-01  2.018597E+00  3.364328E-01
        60   7 -1.855391E+00 -5.153864E-02 -2.196158E+00 -3.092318E-01  2.018597E+00  3.364328E-01
        60   8 -1.855391E+00 -5.153864E-02 -2.196158E+00 -3.092318E-01  2.018597E+00  3.364328E-01
        61   1  1.207243E+00  3.353453E-02 -1.256465E-13 -2.012072E-01  6.917262E-14  5.319888E-14
        61   2  1.207243E+00  3.353453E-02 -1.078616E-13 -2.012072E-01  5.113473E-15 -3.582949E-14
        61   3  1.207243E+00  3.353453E-02 -7.370996E-13 -2.012072E-01 -9.687451E-15  3.070781E-13
        61   4  1.207243E+00  3.353453E-02  4.371604E-13 -2.012072E-01 -7.327747E-14 -3.097169E-13
        61   5  1.207243E+00  3.353453E-02  3.427360E-13 -2.012072E-01  3.480914E-14 -1.105788E-13
        61   6  1.207243E+00  3.353453E-02 -5.923358E-13 -2.012072E-01  2.340938E-14  1.162025E-13
        61   7  1.207243E+00  3.353453E-02 -2.573545E-13 -2.012072E-01 -2.936728E-14  1.464201E-13
        61   8  1.207243E+00  3.353453E-02 -3.258152E-14 -2.012072E-01 -3.900782E-14 -1.587874E-13
        62   1  2.714079E+00  7.539108E-02 -1.944654E-14 -4.523465E-01 -3.753008E-16  5.573216E-14
        62   2  2.714079E+00  7.539108E-02  2.527731E-14 -4.523465E-01 -1.726383E-14 -1.867121E-14
        62   3  2.714079E+00  7.539108E-02 -1.107854E-13 -4.523465E-01  1.426143E-14  4.874219E-14
        62   4  2.714079E+00  7.539108E-02  4.892448E-14 -4.523465E-01  1.200962E-14 -1.064916E-14
        62   5  2.714079E+00  7.539108E-02 -5.240428E-14 -4.523465E-01  3.753008E-16  2.744387E-14
        62   6  2.714079E+00  7.539108E-02  3.363263E-14 -4.523465E-01 -1.238492E-14 -1.069607E-14
        62   7  2.714079E+00  7.539108E-02 -1.393269E-13 -4.523465E-01  1.351083E-14  1.726383E-14
        62   8  2.714079E+00  7.539108E-02  5.769412E-14 -4.523465E-01  1.876504E-14 -3.143144E-15
        63   1  1.515163E-01  4.208787E-03  1.793443E-01 -2.525272E-02  1.648442E-01 -2.747403E-02
        63   2  1.515163E-01  4.208787E-03  1.793443E-01 -2.525272E-02  1.648442E-01 -2.747403E-02
        63   3  1.515163E-01  4.208787E-03  1.793443E-01 -2.525272E-02  1.648442E-01 -2.747403E-02
        63   4  1.515163E-01  4.208787E-03  1.793443E-01 -2.525272E-02  1.648442E-01 -2.747403E-02
        63   5  1.515163E-01  4.208787E-03  1.793443E-01 -2.525272E-02  1.648442E-01 -2.747403E-02
        63   6  1.515163E-01  4.208787E-03  1.793443E-01 -2.525272E-02  1.648442E-01 -2.747403E-02
        63   7  1.515163E-01  4.208787E-03  1.793443E-01 -2.525272E-02  1.648442E-01 -2.747403E-02
        63   8  1.515163E-01  4.208787E-03  1.793443E-01 -2.525272E-02  1.648442E-01 -2.747403E-02
        64   1  1.855391E+00  5.153864E-02  2.196158E+00 -3.092318E-01 -2.018597E+00  3.364328E-01
        64   2  1.855391E+00  5.153864E-02  2.196158E+00 -3.092318E-01 -2.018597E+00  3.364328E-01
        64   3  1.855391E+00  5.153864E-02  2.196158E+00 -3.092318E-01 -2.018597E+00  3.364328E-01
        64   4  1.855391E+00  5.153864E-02  2.196158E+00 -3.092318E-01 -2.018597E+00  3.364328E-01
        64   5  1.855391E+00  5.153864E-02  2.196158E+00 -3.092318E-01 -2.018597E+00  3.364328E-01
        64   6  1.855391E+00  5.153864E-02  2.196158E+00 -3.092318E-01 -2.018597E+00  3.364328E-01
        64   7  1.855391E+00  5.153864E-02  2.196158E+00 -3.092318E-01 -2.018597E+00  3.364328E-01
        64   8  1.855391E+00  5.153864E-02  2.196158E+00 -3.092318E-01 -2.018597E+00  3.364328E-01
        65   1  3.687325E-01  3.719222E+00 -1.366985E-13 -1.171067E+00 -1.017417E-15 -2.096289E-13
        65   2  3.687325E-01  3.719222E+00 -3.806536E-14 -1.171067E+00 -4.580722E-14  9.761338E-14
        65   3  3.687325E-01  3.719222E+00  1.561066E-13 -1.171067E+00 -1.474815E-13  6.838683E-14
        65   4  3.687325E-01  3.719222E+00 -4.605706E-14 -1.171067E+00  5.779045E-15  9.838744E-14
        65   5  3.687325E-01  3.719222E+00 -2.256594E-13 -1.171067E+00  3.790244E-14 -1.844955E-13
        65   6  3.687325E-01  3.719222E+00  4.805467E-14 -1.171067E+00 -8.252805E-14  8.235506E-14
        65   7  3.687325E-01  3.719222E+00  5.465504E-14 -1.171067E+00 -1.090776E-13  1.090483E-13
        65   8  3.687325E-01  3.719222E+00  4.152030E-14 -1.171067E+00 -3.120567E-14  8.898146E-14
        66   1 -3.687325E-01 -3.719222E+00  3.721602E-13 -1.171067E+00 -4.563129E-14 -1.093063E-14
        66   2 -3.687325E-01 -3.719222E+00 -8.961804E-14 -1.171067E+00  5.067147E-14 -4.413302E-14
        66   3 -3.687325E-01 -3.719222E+00  2.071135E-14 -1.171067E+00  9.058529E-14  1.962237E-13
        66   4 -3.687325E-01 -3.719222E+00 -1.358097E-13 -1.171067E+00 -1.965051E-14 -1.056706E-14
        66   5 -3.687325E-01 -3.719222E+00  2.728472E-13 -1.171067E+00 -6.441686E-15 -8.455995E-15
        66   6 -3.687325E-01 -3.719222E+00  3.911809E-14 -1.171067E+00  7.731782E-15 -2.814756E-14
        66   7 -3.687325E-01 -3.719222E+00 -7.973063E-14 -1.171067E+00  1.317100E-13  1.890695E-13
        66   8 -3.687325E-01 -3.719222E+00 -9.738130E-15 -1.171067E+00 -6.211521E-14  2.210756E-14
        67   1  5.022385E-02  5.065831E-01 -5.547346E-16 -1.595072E-01 -1.440217E-14 -3.509062E-14
        67   2  5.022385E-02  5.065831E-01 -6.060670E-14 -1.595072E-01 -1.219727E-14  1.454290E-14
        67   3  5.022385E-02  5.065831E-01  9.029814E-14 -1.595072E-01 -8.782038E-14  6.004812E-15
        67   4  5.022385E-02  5.065831E-01 -7.598409E-14 -1.595072E-01  5.950863E-14  2.758461E-14
        67   5  5.022385E-02  5.065831E-01 -1.747997E-13 -1.595072E-01  6.051725E-15 -2.552045E-14
        67   6  5.022385E-02  5.065831E-01 -1.828497E-14 -1.595072E-01 -2.399579E-14  1.041460E-14
        67   7  5.022385E-02  5.065831E-01 -6.826937E-14 -1.595072E-01 -6.748377E-14  1.782679E-14
        67   8  5.022385E-02  5.065831E-01 -4.067656E-14 -1.595072E-01  4.968044E-14  2.317482E-14
        68   1 -5.022385E-02 -5.065831E-01  8.883049E-14 -1.595072E-01 -2.894507E-14 -4.691259E-16
        68   2 -5.022385E-02 -5.065831E-01 -4.996156E-15 -1.595072E-01 -3.297955E-14  4.878910E-15
        68   3 -5.022385E-02 -5.065831E-01  6.934899E-14 -1.595072E-01 -3.595850E-14 -1.763914E-14
        68   4 -5.022385E-02 -5.065831E-01  1.184312E-13 -1.595072E-01 -4.419166E-14  1.876504E-15
        68   5 -5.022385E-02 -5.065831E-01  1.154611E-13 -1.595072E-01 -1.184543E-14 -3.377707E-15
        68   6 -5.022385E-02 -5.065831E-01 -2.477187E-14 -1.595072E-01 -5.204952E-14  1.182197E-14
        68   7 -5.022385E-02 -5.065831E-01  4.311261E-14 -1.595072E-01 -1.409723E-14 -2.739695E-14
        68   8 -5.022385E-02 -5.065831E-01  1.201996E-13 -1.595072E-01 -6.398878E-14  1.210345E-14
        69   1  3.045715E-01  3.072062E+00  3.605102E-01 -9.672966E-01  3.313626E-01 -1.052383E+00
        69   2  3.045715E-01  3.072062E+00  3.605102E-01 -9.672966E-01  3.313626E-01 -1.052383E+00
        69   3  3.045715E-01  3.072062E+00  3.605102E-01 -9.672966E-01  3.313626E-01 -1.052383E+00
        69   4  3.045715E-01  3.072062E+00  3.605102E-01 -9.672966E-01  3.313626E-01 -1.052383E+00
        69   5  3.045715E-01  3.072062E+00  3.605102E-01 -9.672966E-01  3.313626E-01 -1.052383E+00
        69   6  3.045715E-01  3.072062E+00  3.605102E-01 -9.672966E-01  3.313626E-01 -1.052383E+00
        69   7  3.045715E-01  3.072062E+00  3.605102E-01 -9.672966E-01  3.313626E-01 -1.052383E+00
        69   8  3.045715E-01  3.072062E+00  3.605102E-01 -9.672966E-01  3.313626E-01 -1.052383E+00
        70   1 -3.045715E-01 -3.072062E+00 -3.605102E-01 -9.672966E-01 -3.313626E-01 -1.052383E+00
        70   2 -3.045715E-01 -3.072062E+00 -3.605102E-01 -9.672966E-01 -3.313626E-01 -1.052383E+00
        70   3 -3.045715E-01 -3.072062E+00 -3.605102E-01 -9.672966E-01 -3.313626E-01 -1.052383E+00
        70   4 -3.045715E-01 -3.072062E+00 -3.605102E-01 -9.672966E-01 -3.313626E-01 -1.052383E+00
        70   5 -3.045715E-01 -3.072062E+00 -3.605102E-01 -9.672966E-01 -3.313626E-01 -1.052383E+00
        70   6 -3.045715E-01 -3.072062E+00 -3.605102E-01 -9.672966E-01 -3.313626E-01 -1.052383E+00
        70   7 -3.045715E-01 -3.072062E+00 -3.605102E-01 -9.672966E-01 -3.313626E-01 -1.052383E+00
        70   8 -3.045715E-01 -3.072062E+00 -3.605102E-01 -9.672966E-01 -3.313626E-01 -1.052383E+00
        71   1 -2.240938E-04 -2.260323E-03 -2.652516E-04  7.117052E-04  2.438057E-04 -7.743089E-04
        71   2 -2.240938E-04 -2.260323E-03 -2.652516E-04  7.117052E-04  2.438057E-04 -7.743089E-04
        71   3 -2.240938E-04 -2.260323E-03 -2.652516E-04  7.117052E-04  2.438057E-04 -7.743089E-04
        71   4 -2.240938E-04 -2.260323E-03 -2.652516E-04  7.117052E-04  2.438057E-04 -7.743089E-04
        71   5 -2.240938E-04 -2.260323E-03 -2.652516E-04  7.117052E-04  2.438057E-04 -7.743089E-04
        71   6 -2.240938E-04 -2.260323E-03 -2.652516E-04  7.117052E-04  2.438057E-04 -7.743089E-04
        71   7 -2.240938E-04 -2.260323E-03 -2.652516E-04  7.117052E-04  2.438057E-04 -7.743089E-04
        71   8 -2.240938E-04 -2.260323E-03 -2.652516E-04  7.117052E-04  2.438057E-04 -7.743089E-04
        72   1  2.240938E-04  2.260323E-03  2.652516E-04  7.117053E-04 -2.438058E-04 -7.743090E-04
        72   2  2.240938E-04  2.260323E-03  2.652516E-04  7.117053E-04 -2.438058E-04 -7.743090E-04
        72   3  2.240938E-04  2.260323E-03  2.652516E-04  7.117053E-04 -2.438058E-04 -7.743090E-04
        72   4  2.240938E-04  2.260323E-03  2.652516E-04  7.117053E-04 -2.438058E-04 -7.743090E-04
        72   5  2.240938E-04  2.260323E-03  2.652516E-04  7.117053E-04 -2.438058E-04 -7.743090E-04
        72   6  2.240938E-04  2.260323E-03  2.652516E-04  7.117053E-04 -2.438058E-04 -7.743090E-04
        72   7  2.240938E-04  2.260323E-03  2.652516E-04  7.117053E-04 -2.438058E-04 -7.743090E-04
        72   8  2.240938E-04  2.260323E-03  2.652516E-04  7.117053E-04 -2.438058E-04 -7.743090E-04
        73   1  6.763685E-13  1.286710E-01  2.190345E+00  1.103384E-13 -4.623705E-13 -5.308803E-01
        73   2 -2.885132E-13  1.286710E-01  2.190345E+00  2.056648E-13  7.025630E-13 -5.308803E-01
        73   3  1.645280E-13  1.286710E-01  2.190345E+00  2.172991E-13  2.957370E-13 -5.308803E-01
        73   4 -6.620291E-13  1.286710E-01  2.190345E+00  1.516215E-13 -1.106387E-12 -5.308803E-01
        73   5 -1.542965E-13  1.286710E-01  2.190345E+00  1.227233E-13 -4.593681E-13 -5.308803E-01
        73   6  8.976835E-15  1.286710E-01  2.190345E+00  1.257258E-13  7.806256E-13 -5.308803E-01
        73   7 -3.561053E-13  1.286710E-01  2.190345E+00  2.450714E-13  4.038236E-13 -5.308803E-01
        73   8  8.809137E-16  1.286710E-01  2.190345E+00  2.135461E-13 -1.200962E-12 -5.308803E-01
        74   1 -1.616712E-14 -1.286710E-01 -2.190345E+00 -8.106496E-14 -1.322560E-12 -5.308803E-01
        74   2 -4.826174E-13 -1.286710E-01 -2.190345E+00  3.816809E-13  1.173941E-12 -5.308803E-01
        74   3 -1.387005E-13 -1.286710E-01 -2.190345E+00  9.832880E-14 -3.257611E-13 -5.308803E-01
        74   4 -3.896473E-13 -1.286710E-01 -2.190345E+00 -3.193809E-13 -1.399121E-12 -5.308803E-01
        74   5  4.447680E-13 -1.286710E-01 -2.190345E+00 -1.069607E-13 -1.264013E-12 -5.308803E-01
        74   6 -3.218054E-13 -1.286710E-01 -2.190345E+00  4.124555E-13  1.166435E-12 -5.308803E-01
        74   7 -1.476496E-13 -1.286710E-01 -2.190345E+00  8.068966E-14 -3.377707E-13 -5.308803E-01
        74   8 -5.821730E-13 -1.286710E-01 -2.190345E+00 -2.653376E-13 -1.601784E-12 -5.308803E-01
        75   1 -4.385033E-13 -1.226112E-10 -1.225943E-12  6.605293E-14 -4.108057E-13  9.607699E-14
        75   2  1.109472E-12 -1.217422E-10  4.434855E-13  3.002406E-13 -4.297807E-13  1.321059E-13
        75   3 -4.090763E-13 -1.488096E-10 -1.068829E-12  3.302647E-13 -6.822912E-13  1.200962E-13
        75   4 -6.457969E-13 -1.487423E-10 -2.843147E-13  3.662935E-13 -1.940048E-13  7.806256E-14
        75   5  3.790903E-13 -1.028406E-10  1.411297E-13  7.506015E-14 -7.019938E-13  7.205774E-14
        75   6  1.106976E-12 -1.027844E-10 -7.975470E-14  2.341877E-13 -1.550927E-13 -2.882310E-13
        75   7  2.533439E-13 -1.290867E-10  1.655936E-13  1.771420E-13 -7.907709E-13  3.002406E-14
        75   8 -7.336647E-13 -1.297784E-10 -8.118594E-13  4.308453E-13  1.838531E-13 -3.482791E-13
        76   1  8.145810E-13 -2.151054E+00 -5.593564E-01 -1.771420E-13  1.876504E-15  1.096907E+00
        76   2 -1.394812E-12 -2.151054E+00 -5.593564E-01 -1.238492E-14 -3.689206E-13  1.096907E+00
        76   3  1.710734E-12 -2.151054E+00 -5.593564E-01 -3.088725E-13  1.026635E-12  1.096907E+00
        76   4 -1.928563E-12 -2.151054E+00 -5.593564E-01 -2.259311E-13 -8.727619E-13  1.096907E+00
        76   5  4.211642E-16 -2.151054E+00 -5.593564E-01 -2.270570E-13 -1.593152E-13  1.096907E+00
        76   6 -3.102955E-13 -2.151054E+00 -5.593564E-01  2.030377E-13 -2.066031E-13  1.096907E+00
        76   7  9.075372E-13 -2.151054E+00 -5.593564E-01 -3.831821E-13  8.098990E-13  1.096907E+00
        76   8 -7.372632E-13 -2.151054E+00 -5.593564E-01 -1.283529E-13 -7.076296E-13  1.096907E+00
        77   1  2.816206E-13  2.151054E+00  5.593564E-01 -5.438108E-13  7.337130E-14  1.096907E+00
        77   2 -1.127009E-13  2.151054E+00  5.593564E-01  3.190056E-13  5.815285E-13  1.096907E+00
        77   3 -7.882863E-13  2.151054E+00  5.593564E-01  1.197209E-13  3.537210E-13  1.096907E+00
        77   4 -9.239476E-13  2.151054E+00  5.593564E-01 -3.527827E-13  4.130185E-13  1.096907E+00
        77   5 -1.084466E-13  2.151054E+00  5.593564E-01 -5.115349E-13 -6.717883E-14  1.096907E+00
        77   6 -1.033787E-13  2.151054E+00  5.593564E-01  2.987394E-13  6.779808E-13  1.096907E+00
        77   7 -1.243216E-12  2.151054E+00  5.593564E-01  1.595028E-13  2.899198E-13  1.096907E+00
        77   8 -9.033522E-13  2.151054E+00  5.593564E-01 -5.449367E-13  4.133938E-13  1.096907E+00
        78   1  2.934299E-14 -1.673956E-01 -2.849547E+00  2.702165E-13  9.307459E-14  6.906530E-01
        78   2 -7.884054E-14 -1.673956E-01 -2.849547E+00 -1.763914E-13 -1.366095E-13  6.906530E-01
        78   3  3.323635E-14 -1.673956E-01 -2.849547E+00  2.454467E-13  4.053248E-14  6.906530E-01
        78   4  3.538784E-14 -1.673956E-01 -2.849547E+00 -2.319359E-13 -1.050842E-14  6.906530E-01
        78   5 -9.754794E-15 -1.673956E-01 -2.849547E+00  2.401925E-13  9.607699E-14  6.906530E-01
        78   6 -1.042906E-13 -1.673956E-01 -2.849547E+00 -2.218027E-13 -1.200962E-13  6.906530E-01
        78   7 -9.420093E-15 -1.673956E-01 -2.849547E+00  2.161732E-13  3.903128E-14  6.906530E-01
        78   8 -6.044619E-14 -1.673956E-01 -2.849547E+00 -2.630858E-13 -9.007218E-15  6.906530E-01
        79   1  3.056800E-13  1.673956E-01  2.849547E+00 -4.803850E-14  5.254211E-14  6.906530E-01
        79   2 -2.144002E-13  1.673956E-01  2.849547E+00 -1.351083E-13 -2.251805E-14  6.906530E-01
        79   3  1.039907E-13  1.673956E-01  2.849547E+00 -6.079872E-14 -4.353489E-14  6.906530E-01
        79   4 -5.440172E-13  1.673956E-01  2.849547E+00 -1.114643E-13  4.653729E-14  6.906530E-01
        79   5  3.369113E-13  1.673956E-01  2.849547E+00 -1.351083E-14  5.554451E-14  6.906530E-01
        79   6 -1.756399E-13  1.673956E-01  2.849547E+00 -4.278429E-14 -3.302647E-14  6.906530E-01
        79   7  1.434639E-13  1.673956E-01  2.849547E+00 -3.077466E-14 -4.353489E-14  6.906530E-01
        79   8 -4.675739E-13  1.673956E-01  2.849547E+00 -1.276023E-14  4.503609E-14  6.906530E-01
        80   1  8.861627E-13  3.349775E-10  2.895258E-13  1.801444E-14 -7.907741E-14 -4.878910E-15
        80   2 -2.034992E-13  3.343799E-10 -1.823486E-13  4.503609E-15  1.249793E-13  2.289335E-14
        80   3 -3.319316E-13  3.350357E-10 -3.188491E-14 -3.753008E-14 -5.059378E-14 -6.004812E-15
        80   4  4.993747E-13  3.352610E-10  3.177995E-13 -1.951564E-14  1.016721E-13  2.401925E-14
        80   5  7.532765E-13  3.348980E-10  1.342590E-13  9.007218E-15  1.883732E-13  7.881316E-15
        80   6 -2.462036E-13  3.343779E-10 -1.696610E-13 -7.506015E-15 -2.110282E-13 -3.753008E-16
        80   7 -5.068462E-13  3.349495E-10 -1.980386E-13 -2.852286E-14  2.197008E-13  4.128308E-15
        80   8  5.389283E-13  3.353079E-10  3.810291E-13 -1.050842E-14 -2.311164E-13 -2.627105E-15
        81   1 -1.594377E-14  2.024796E+00  5.265244E-01 -8.406737E-14 -1.902775E-13 -1.032523E+00
        81   2  2.675235E-13  2.024796E+00  5.265244E-01  1.534980E-13  1.692606E-13 -1.032523E+00
        81   3 -2.000846E-13  2.024796E+00  5.265244E-01 -9.307459E-14 -1.857739E-13 -1.032523E+00
        81   4  4.264828E-13  2.024796E+00  5.265244E-01  2.476985E-14  2.371901E-13 -1.032523E+00
        81   5 -6.312979E-14  2.024796E+00  5.265244E-01 -7.693665E-14 -1.414884E-13 -1.032523E+00
        81   6  2.644223E-13  2.024796E+00  5.265244E-01  1.073360E-13  1.424266E-13 -1.032523E+00
        81   7 -2.402162E-13  2.024796E+00  5.265244E-01 -8.256617E-14 -1.240369E-13 -1.032523E+00
        81   8  4.366328E-13  2.024796E+00  5.265244E-01 -1.463673E-14  2.099808E-13 -1.032523E+00
        82   1 -3.217215E-13 -2.024796E+00 -5.265244E-01  7.393425E-14 -1.645694E-13 -1.032523E+00
        82   2  4.832938E-13 -2.024796E+00 -5.265244E-01 -1.024571E-13  3.321412E-14 -1.032523E+00
        82   3  5.471822E-13 -2.024796E+00 -5.265244E-01  2.702165E-14 -1.428019E-13 -1.032523E+00
        82   4 -2.018994E-13 -2.024796E+00 -5.265244E-01  2.627105E-14  6.943064E-14 -1.032523E+00
        82   5 -3.885790E-13 -2.024796E+00 -5.265244E-01 -3.077466E-14  6.079872E-14 -1.032523E+00
        82   6  2.628528E-13 -2.024796E+00 -5.265244E-01 -2.289335E-14 -1.002053E-13 -1.032523E+00
        82   7  5.355262E-13 -2.024796E+00 -5.265244E-01 -8.556857E-14  7.843786E-14 -1.032523E+00
        82   8 -2.563232E-13 -2.024796E+00 -5.265244E-01  8.631917E-14 -7.337130E-14 -1.032523E+00
        83   1  1.775788E-01 -1.741477E-13  7.185231E-13  3.452767E-14  3.002406E-14 -1.633981E-13
        83   2  1.775788E-01  1.416111E-13  6.889631E-13  6.004812E-15 -2.702165E-14 -1.170029E-13
        83   3  1.775788E-01 -4.826026E-13 -5.409572E-13  4.503609E-14  1.140914E-13  1.163203E-13
        83   4  1.775788E-01  5.529843E-13  9.021792E-13  7.506015E-15  1.140914E-13 -3.687974E-13
        83   5  1.775788E-01  9.525564E-13  1.396837E-12  2.852286E-14  9.007218E-15 -1.941374E-13
        83   6  1.775788E-01 -4.975335E-13  5.102286E-13  7.806256E-14 -3.903128E-14  1.834113E-13
        83   7  1.775788E-01  8.082661E-13  2.439892E-13  1.501203E-14  1.080866E-13 -6.288369E-14
        83   8  1.775788E-01 -1.803918E-13  6.149284E-13  7.506015E-14  7.205774E-14 -2.998550E-14
        84   1 -1.775788E-01 -3.950328E-13 -3.423413E-13 -7.355895E-14 -3.903128E-14 -1.010097E-12
        84   2 -1.775788E-01  9.315555E-13  5.201268E-13  2.401925E-14  6.305053E-14  6.607445E-13
        84   3 -1.775788E-01 -4.433186E-13 -1.413527E-12 -6.004812E-14 -7.806256E-14 -8.147156E-13
        84   4 -1.775788E-01  1.418405E-12  7.823037E-13  3.753008E-14 -4.803850E-14  3.243464E-13
        84   5 -1.775788E-01  1.701301E-13 -1.150195E-13 -6.755414E-14 -3.002406E-15 -1.196638E-12
        84   6 -1.775788E-01 -8.326036E-13  8.102046E-14 -4.353489E-14  4.503609E-14  8.594903E-13
        84   7 -1.775788E-01  1.288155E-13 -7.408808E-13 -7.506015E-14 -9.007218E-14 -8.813352E-13
        84   8 -1.775788E-01 -4.052345E-13  2.842080E-13 -5.254211E-14 -8.706977E-14  4.855602E-13
        85   1 -2.278856E+00 -1.178568E+00 -4.564709E-13  1.638837E+00 -1.501203E-15 -9.082278E-14
        85   2 -2.278856E+00 -1.178568E+00 -1.003254E-13  1.638837E+00  9.457579E-14 -1.748902E-13
        85   3 -2.278856E+00 -1.178568E+00 -4.120785E-13  1.638837E+00 -4.143320E-13  2.289335E-13
        85   4 -2.278856E+00 -1.178568E+00  1.008357E-12  1.638837E+00 -7.460979E-13  3.490297E-13
        85   5 -2.278856E+00 -1.178568E+00 -2.486898E-13  1.638837E+00 -1.441155E-13 -1.613793E-13
        85   6 -2.278856E+00 -1.178568E+00  3.883616E-14  1.638837E+00  1.080866E-13  1.426143E-14
        85   7 -2.278856E+00 -1.178568E+00 -2.109571E-13  1.638837E+00 -6.275029E-13  7.280835E-14
        85   8 -2.278856E+00 -1.178568E+00  1.167496E-12  1.638837E+00 -6.995606E-13  5.314259E-13
        86   1  2.278856E+00  1.178568E+00  1.097834E-12  1.638837E+00  2.987394E-13  4.878910E-13
        86   2  2.278856E+00  1.178568E+00 -6.518021E-13  1.638837E+00 -9.007218E-14 -2.161732E-13
        86   3  2.278856E+00  1.178568E+00  1.801687E-12  1.638837E+00  5.194162E-13  6.004812E-15
        86   4  2.278856E+00  1.178568E+00 -2.573422E-13  1.638837E+00  3.092478E-13  7.783738E-13
        86   5  2.278856E+00  1.178568E+00  3.826646E-13  1.638837E+00  2.461973E-13  5.697065E-13
        86   6  2.278856E+00  1.178568E+00  2.208932E-15  1.638837E+00 -5.104090E-14 -2.431949E-13
        86   7  2.278856E+00  1.178568E+00  7.771382E-13  1.638837E+00  5.224186E-13  1.065854E-13
        86   8  2.278856E+00  1.178568E+00  3.441106E-13  1.638837E+00  3.587875E-13  8.046448E-13
        87   1 -9.137888E-01 -6.152821E-01 -1.599969E-01  7.498252E-01  3.823655E-01 -3.137567E-01
        87   2 -9.137888E-01 -6.152821E-01 -1.599969E-01  7.498252E-01  3.823655E-01 -3.137567E-01
        87   3 -9.137888E-01 -6.152821E-01 -1.599969E-01  7.498252E-01  3.823655E-01 -3.137567E-01
        87   4 -9.137888E-01 -6.152821E-01 -1.599969E-01  7.498252E-01  3.823655E-01 -3.137567E-01
        87   5 -9.137888E-01 -6.152821E-01 -1.599969E-01  7.498252E-01  3.823655E-01 -3.137567E-01
        87   6 -9.137888E-01 -6.152821E-01 -1.599969E-01  7.498252E-01  3.823655E-01 -3.137567E-01
        87   7 -9.137888E-01 -6.152821E-01 -1.599969E-01  7.498252E-01  3.823655E-01 -3.137567E-01
        87   8 -9.137888E-01 -6.152821E-01 -1.599969E-01  7.498252E-01  3.823655E-01 -3.137567E-01
        88   1  9.137888E-01  6.152821E-01  1.599969E-01  7.498252E-01 -3.823655E-01 -3.137567E-01
        88   2  9.137888E-01  6.152821E-01  1.599969E-01  7.498252E-01 -3.823655E-01 -3.137567E-01
        88   3  9.137888E-01  6.152821E-01  1.599969E-01  7.498252E-01 -3.823655E-01 -3.137567E-01
        88   4  9.137888E-01  6.152821E-01  1.599969E-01  7.498252E-01 -3.823655E-01 -3.137567E-01
        88   5  9.137888E-01  6.152821E-01  1.599969E-01  7.498252E-01 -3.823655E-01 -3.137567E-01
        88   6  9.137888E-01  6.152821E-01  1.599969E-01  7.498252E-01 -3.823655E-01 -3.137567E-01
        88   7  9.137888E-01  6.152821E-01  1.599969E-01  7.498252E-01 -3.823655E-01 -3.137567E-01
        88   8  9.137888E-01  6.152821E-01  1.599969E-01  7.498252E-01 -3.823655E-01 -3.137567E-01
        89   1  1.034349E+00  6.964591E-01  1.811060E-01  8.487531E-01  4.328127E-01  3.551520E-01
        89   2  1.034349E+00  6.964591E-01  1.811060E-01  8.487531E-01  4.328127E-01  3.551520E-01
        89   3  1.034349E+00  6.964591E-01  1.811060E-01  8.487531E-01  4.328127E-01  3.551520E-01
        89   4  1.034349E+00  6.964591E-01  1.811060E-01  8.487531E-01  4.328127E-01  3.551520E-01
        89   5  1.034349E+00  6.964591E-01  1.811060E-01  8.487531E-01  4.328127E-01  3.551520E-01
        89   6  1.034349E+00  6.964591E-01  1.811060E-01  8.487531E-01  4.328127E-01  3.551520E-01
        89   7  1.034349E+00  6.964591E-01  1.811060E-01  8.487531E-01  4.328127E-01  3.551520E-01
        89   8  1.034349E+00  6.964591E-01  1.811060E-01  8.487531E-01  4.328127E-01  3.551520E-01
        90   1 -1.034349E+00 -6.964591E-01 -1.811060E-01  8.487531E-01 -4.328127E-01  3.551520E-01
        90   2 -1.034349E+00 -6.964591E-01 -1.811060E-01  8.487531E-01 -4.328127E-01  3.551520E-01
        90   3 -1.034349E+00 -6.964591E-01 -1.811060E-01  8.487531E-01 -4.328127E-01  3.551520E-01
        90   4 -1.034349E+00 -6.964591E-01 -1.811060E-01  8.487531E-01 -4.328127E-01  3.551520E-01
        90   5 -1.034349E+00 -6.964591E-01 -1.811060E-01  8.487531E-01 -4.328127E-01  3.551520E-01
        90   6 -1.034349E+00 -6.964591E-01 -1.811060E-01  8.487531E-01 -4.328127E-01  3.551520E-01
        90   7 -1.034349E+00 -6.964591E-01 -1.811060E-01  8.487531E-01 -4.328127E-01  3.551520E-01
        90   8 -1.034349E+00 -6.964591E-01 -1.811060E-01  8.487531E-01 -4.328127E-01  3.551520E-01
        91   1 -1.050875E+00 -2.172240E-01 -1.978419E+00  4.777816E-01 -1.441899E+00  6.555609E-01
        91   2 -1.050875E+00 -2.172240E-01 -1.978419E+00  4.777816E-01 -1.441899E+00  6.555609E-01
        91   3 -1.050875E+00 -2.172240E-01 -1.978419E+00  4.777816E-01 -1.441899E+00  6.555609E-01
        91   4 -1.050875E+00 -2.172240E-01 -1.978419E+00  4.777816E-01 -1.441899E+00  6.555609E-01
        91   5 -1.050875E+00 -2.172240E-01 -1.978419E+00  4.777816E-01 -1.441899E+00  6.555609E-01
        91   6 -1.050875E+00 -2.172240E-01 -1.978419E+00  4.777816E-01 -1.441899E+00  6.555609E-01
        91   7 -1.050875E+00 -2.172240E-01 -1.978419E+00  4.777816E-01 -1.441899E+00  6.555609E-01
        91   8 -1.050875E+00 -2.172240E-01 -1.978419E+00  4.777816E-01 -1.441899E+00  6.555609E-01
        92   1  1.294632E+00  3.206682E-01  2.414810E+00  6.443194E-01 -1.768132E+00 -8.799732E-01
        92   2  1.294632E+00  3.206682E-01  2.414810E+00  6.443194E-01 -1.768132E+00 -8.799732E-01
        92   3  1.294632E+00  3.206682E-01  2.414810E+00  6.443194E-01 -1.768132E+00 -8.799732E-01
        92   4  1.294632E+00  3.206682E-01  2.414810E+00  6.443194E-01 -1.768132E+00 -8.799732E-01
        92   5  1.294632E+00  3.206682E-01  2.414810E+00  6.443194E-01 -1.768132E+00 -8.799732E-01
        92   6  1.294632E+00  3.206682E-01  2.414810E+00  6.443194E-01 -1.768132E+00 -8.799732E-01
        92   7  1.294632E+00  3.206682E-01  2.414810E+00  6.443194E-01 -1.768132E+00 -8.799732E-01
        92   8  1.294632E+00  3.206682E-01  2.414810E+00  6.443194E-01 -1.768132E+00 -8.799732E-01
        93   1  1.050875E+00  2.172240E-01  1.978419E+00  4.777816E-01  1.441899E+00  6.555609E-01
        93   2  1.050875E+00  2.172240E-01  1.978419E+00  4.777816E-01  1.441899E+00  6.555609E-01
        93   3  1.050875E+00  2.172240E-01  1.978419E+00  4.777816E-01  1.441899E+00  6.555609E-01
        93   4  1.050875E+00  2.172240E-01  1.978419E+00  4.777816E-01  1.441899E+00  6.555609E-01
        93   5  1.050875E+00  2.172240E-01  1.978419E+00  4.777816E-01  1.441899E+00  6.555609E-01
        93   6  1.050875E+00  2.172240E-01  1.978419E+00  4.777816E-01  1.441899E+00  6.555609E-01
        93   7  1.050875E+00  2.172240E-01  1.978419E+00  4.777816E-01  1.441899E+00  6.555609E-01
        93   8  1.050875E+00  2.172240E-01  1.978419E+00  4.777816E-01  1.441899E+00  6.555609E-01
        94   1 -1.294632E+00 -3.206682E-01 -2.414810E+00  6.443194E-01  1.768132E+00 -8.799732E-01
        94   2 -1.294632E+00 -3.206682E-01 -2.414810E+00  6.443194E-01  1.768132E+00 -8.799732E-01
        94   3 -1.294632E+00 -3.206682E-01 -2.414810E+00  6.443194E-01  1.768132E+00 -8.799732E-01
        94   4 -1.294632E+00 -3.206682E-01 -2.414810E+00  6.443194E-01  1.768132E+00 -8.799732E-01
        94   5 -1.294632E+00 -3.206682E-01 -2.414810E+00  6.443194E-01  1.768132E+00 -8.799732E-01
        94   6 -1.294632E+00 -3.206682E-01 -2.414810E+00  6.443194E-01  1.768132E+00 -8.799732E-01
        94   7 -1.294632E+00 -3.206682E-01 -2.414810E+00  6.443194E-01  1.768132E+00 -8.799732E-01
        94   8 -1.294632E+00 -3.206682E-01 -2.414810E+00  6.443194E-01  1.768132E+00 -8.799732E-01
        95   1 -1.227880E-13 -9.188385E-03 -1.563886E-03 -2.619599E-13  3.582246E-13  3.790724E-03
        95   2 -5.851921E-13 -9.188385E-03 -1.563886E-03 -4.803850E-14 -9.418172E-13  3.790724E-03
        95   3  1.517901E-12 -9.188385E-03 -1.563886E-03  1.212784E-12  9.710907E-14  3.790724E-03
        95   4 -1.270018E-12 -9.188385E-03 -1.563886E-03 -8.231284E-13 -1.192518E-12  3.790724E-03
        95   5 -1.356123E-13 -9.188385E-03 -1.563886E-03 -1.606287E-13 -1.510116E-13  3.790724E-03
        95   6  7.541299E-13 -9.188385E-03 -1.563886E-03  2.493873E-13 -5.698004E-13  3.790724E-03
        95   7  1.124776E-12 -9.188385E-03 -1.563886E-03  1.113986E-12 -4.695951E-14  3.790724E-03
        95   8 -1.213124E-13 -9.188385E-03 -1.563886E-03 -6.714130E-13 -6.292855E-13  3.790724E-03
        96   1  2.624002E-13  1.259245E+00  9.274417E-02 -2.227598E-12 -7.623297E-13  3.417421E-01
        96   2  7.154901E-13  1.259245E+00  9.274417E-02  2.038258E-12  9.880965E-13  3.417421E-01
        96   3 -2.690133E-13  1.259245E+00  9.274417E-02  3.210604E-12  4.860614E-13  3.417421E-01
        96   4  8.250895E-13  1.259245E+00  9.274417E-02  6.838918E-13  9.211992E-13  3.417421E-01
        96   5  2.762099E-13  1.259245E+00  9.274417E-02 -2.164172E-12 -1.047769E-12  3.417421E-01
        96   6  1.055560E-12  1.259245E+00  9.274417E-02  2.148878E-12  1.006885E-12  3.417421E-01
        96   7 -5.322068E-13  1.259245E+00  9.274417E-02  3.349184E-12  3.732835E-13  3.417421E-01
        96   8  1.142238E-12  1.259245E+00  9.274417E-02  7.198268E-13  1.058794E-12  3.417421E-01
        97   1 -2.428968E-12  7.371148E-01  1.366054E-01  8.457402E-13 -5.912863E-13  3.173230E-01
        97   2  1.686510E-12  7.371148E-01  1.366054E-01  5.584475E-13  7.027037E-13  3.173230E-01
        97   3 -1.969787E-12  7.371148E-01  1.366054E-01 -2.627105E-15 -2.249787E-12  3.173230E-01
        97   4  2.155187E-12  7.371148E-01  1.366054E-01 -1.048778E-12  8.740755E-13  3.173230E-01
        97   5 -9.291892E-13  7.371148E-01  1.366054E-01  7.862551E-13 -6.294263E-13  3.173230E-01
        97   6  1.157716E-13  7.371148E-01  1.366054E-01  7.183256E-13  5.303938E-13  3.173230E-01
        97   7 -1.064598E-12  7.371148E-01  1.366054E-01 -1.028324E-13 -2.086391E-12  3.173230E-01
        97   8  3.388096E-13  7.371148E-01  1.366054E-01 -1.192330E-12  7.324932E-13  3.173230E-01
        98   1  8.061332E-13  9.188385E-03  1.563886E-03  3.980064E-13 -6.755414E-14  3.790724E-03
        98   2  5.265793E-13  9.188385E-03  1.563886E-03 -8.932158E-14 -9.905125E-13  3.790724E-03
        98   3 -9.216011E-13  9.188385E-03  1.563886E-03 -5.834988E-13  4.284996E-13  3.790724E-03
        98   4  1.309591E-12  9.188385E-03  1.563886E-03  9.203313E-13 -1.154847E-12  3.790724E-03
        98   5  1.282595E-12  9.188385E-03  1.563886E-03  3.993200E-13 -3.173168E-13  3.790724E-03
        98   6 -3.877724E-13  9.188385E-03  1.563886E-03 -2.861668E-13 -5.678300E-13  3.790724E-03
        98   7  2.709270E-14  9.188385E-03  1.563886E-03 -6.963705E-13  3.042282E-13  3.790724E-03
        98   8  2.899584E-13  9.188385E-03  1.563886E-03  7.964820E-13 -6.738525E-13  3.790724E-03
        99   1 -2.278165E-12 -1.259245E+00 -9.274417E-02  1.952408E-12 -1.278368E-14  3.417421E-01
        99   2 -3.108879E-13 -1.259245E+00 -9.274417E-02 -1.839630E-12  1.340621E-12  3.417421E-01
        99   3 -2.132213E-12 -1.259245E+00 -9.274417E-02 -3.623998E-12  1.133455E-12  3.417421E-01
        99   4 -2.142490E-14 -1.259245E+00 -9.274417E-02 -1.945934E-13  7.549878E-13  3.417421E-01
        99   5 -2.812876E-12 -1.259245E+00 -9.274417E-02  1.722349E-12 -1.425908E-13  3.417421E-01
        99   6 -5.594639E-13 -1.259245E+00 -9.274417E-02 -1.946404E-12  1.237578E-12  3.417421E-01
        99   7 -2.191206E-12 -1.259245E+00 -9.274417E-02 -3.733867E-12  1.127028E-12  3.417421E-01
        99   8 -1.911206E-13 -1.259245E+00 -9.274417E-02 -5.000883E-13  7.809540E-13  3.417421E-01
       100   1  2.358110E-12 -7.371148E-01 -1.366054E-01 -8.904010E-13 -1.129186E-13  3.173230E-01
       100   2 -2.605649E-12 -7.371148E-01 -1.366054E-01 -8.755767E-13  3.990854E-13  3.173230E-01
       100   3  1.523027E-12 -7.371148E-01 -1.366054E-01 -9.194868E-15 -1.487458E-12  3.173230E-01
       100   4 -2.984358E-12 -7.371148E-01 -1.366054E-01  1.472117E-12  9.168597E-13  3.173230E-01
       100   5  5.510187E-13 -7.371148E-01 -1.366054E-01 -7.875686E-13 -2.784262E-13  3.173230E-01
       100   6 -8.178293E-13 -7.371148E-01 -1.366054E-01 -1.215599E-12  2.824607E-13  3.173230E-01
       100   7 -1.094685E-13 -7.371148E-01 -1.366054E-01  5.216680E-14 -1.593855E-12  3.173230E-01
       100   8 -1.162338E-12 -7.371148E-01 -1.366054E-01  1.443219E-12  7.782330E-13  3.173230E-01
       101   1  7.139475E-13  5.373695E-01  1.114669E-01  4.021348E-13 -2.713424E-13 -2.447425E-01
       101   2 -9.205346E-13  5.373695E-01  1.114669E-01 -1.047277E-12  5.376183E-14 -2.447425E-01
       101   3  1.726814E-12  5.373695E-01  1.114669E-01 -1.142978E-12  8.073657E-13 -2.447425E-01
       101   4 -2.347915E-13  5.373695E-01  1.114669E-01 -9.692142E-13  1.595028E-15 -2.447425E-01
       101   5  2.207643E-13  5.373695E-01  1.114669E-01  4.248405E-13 -1.462735E-13 -2.447425E-01
       101   6 -6.936702E-13  5.373695E-01  1.114669E-01 -9.904187E-13  4.728789E-14 -2.447425E-01
       101   7  1.231441E-12  5.373695E-01  1.114669E-01 -1.273020E-12  9.757820E-13 -2.447425E-01
       101   8  1.620745E-13  5.373695E-01  1.114669E-01 -1.024383E-12 -1.792061E-14 -2.447425E-01
       102   1  2.396316E-13  3.631991E+00  3.039948E-01  2.553171E-12  1.193926E-14  1.050765E+00
       102   2  1.214380E-12  3.631991E+00  3.039948E-01 -9.495109E-13 -1.901837E-13  1.050765E+00
       102   3  1.171619E-12  3.631991E+00  3.039948E-01 -2.531310E-12 -1.102188E-12  1.050765E+00
       102   4  2.489287E-12  3.631991E+00  3.039948E-01  1.676375E-12  5.853519E-13  1.050765E+00
       102   5  3.949310E-13  3.631991E+00  3.039948E-01  2.571467E-12  4.067087E-13  1.050765E+00
       102   6  6.258151E-13  3.631991E+00  3.039948E-01 -1.110046E-12 -1.338182E-13  1.050765E+00
       102   7  1.583753E-12  3.631991E+00  3.039948E-01 -2.392636E-12 -1.247594E-12  1.050765E+00
       102   8  2.193530E-12  3.631991E+00  3.039948E-01  1.726946E-12  6.479333E-13  1.050765E+00
       103   1  1.549018E-13  3.153891E+00  7.123385E-01  5.635844E-13 -4.536213E-13  1.498879E+00
       103   2 -6.231538E-13  3.153891E+00  7.123385E-01 -1.501696E-12  9.134879E-13  1.498879E+00
       103   3 -4.196804E-14  3.153891E+00  7.123385E-01  1.513564E-12 -4.726385E-13  1.498879E+00
       103   4  1.073864E-12  3.153891E+00  7.123385E-01  5.149595E-13  8.884190E-13  1.498879E+00
       103   5 -1.018100E-12  3.153891E+00  7.123385E-01  3.367621E-13 -4.395124E-14  1.498879E+00
       103   6 -4.371428E-13  3.153891E+00  7.123385E-01 -1.603754E-12  8.564187E-13  1.498879E+00
       103   7 -8.694290E-13  3.153891E+00  7.123385E-01  1.269947E-12 -1.590044E-13  1.498879E+00
       103   8  1.281248E-12  3.153891E+00  7.123385E-01  6.057589E-13  1.080338E-12  1.498879E+00
       104   1  6.765108E-13 -5.373695E-01 -1.114669E-01  8.825197E-13 -5.274852E-13 -2.447425E-01
       104   2 -4.508736E-13 -5.373695E-01 -1.114669E-01  4.291564E-13  4.183665E-13 -2.447425E-01
       104   3  3.075007E-12 -5.373695E-01 -1.114669E-01  7.658012E-13 -6.981532E-13 -2.447425E-01
       104   4  4.881414E-13 -5.373695E-01 -1.114669E-01 -1.724507E-13  5.667041E-13 -2.447425E-01
       104   5  3.300832E-13 -5.373695E-01 -1.114669E-01  9.952976E-13 -3.611331E-13 -2.447425E-01
       104   6  1.214928E-13 -5.373695E-01 -1.114669E-01  5.740225E-13  2.254619E-13 -2.447425E-01
       104   7  2.841686E-12 -5.373695E-01 -1.114669E-01  1.114268E-12 -7.742455E-13 -2.447425E-01
       104   8  8.305532E-13 -5.373695E-01 -1.114669E-01 -7.543545E-14  4.456696E-14 -2.447425E-01
       105   1 -2.132848E-13 -3.631991E+00 -3.039948E-01  7.289279E-13 -1.595943E-12  1.050765E+00
       105   2  3.150894E-13 -3.631991E+00 -3.039948E-01 -1.856425E-12  2.568699E-13  1.050765E+00
       105   3  1.274825E-12 -3.631991E+00 -3.039948E-01 -1.788871E-12  4.495868E-13  1.050765E+00
       105   4 -1.797139E-12 -3.631991E+00 -3.039948E-01 -2.058525E-13 -3.905004E-13  1.050765E+00
       105   5 -2.033537E-12 -3.631991E+00 -3.039948E-01  3.874042E-13 -1.559633E-12  1.050765E+00
       105   6  9.468808E-13 -3.631991E+00 -3.039948E-01 -1.557498E-12  9.313792E-13  1.050765E+00
       105   7 -5.354494E-14 -3.631991E+00 -3.039948E-01 -2.108627E-12 -2.143436E-13  1.050765E+00
       105   8 -1.070956E-12 -3.631991E+00 -3.039948E-01 -1.307923E-13  2.010439E-13  1.050765E+00
       106   1  2.331128E-12 -3.153891E+00 -7.123385E-01  2.561193E-13 -9.563367E-13  1.498879E+00
       106   2 -1.508511E-12 -3.153891E+00 -7.123385E-01 -6.825782E-15  3.397762E-13  1.498879E+00
       106   3 -4.498751E-13 -3.153891E+00 -7.123385E-01 -1.370223E-12  3.809127E-13  1.498879E+00
       106   4  1.887824E-13 -3.153891E+00 -7.123385E-01 -3.696009E-13 -2.459275E-13  1.498879E+00
       106   5  3.536086E-12 -3.153891E+00 -7.123385E-01 -4.944587E-14 -1.823539E-12  1.498879E+00
       106   6 -2.886888E-12 -3.153891E+00 -7.123385E-01  2.317951E-13  1.122906E-12  1.498879E+00
       106   7  3.340998E-13 -3.153891E+00 -7.123385E-01 -1.617875E-12 -1.998946E-13  1.498879E+00
       106   8 -1.205779E-12 -3.153891E+00 -7.123385E-01 -1.077817E-13  4.963880E-13  1.498879E+00
       107   1 -5.675124E-14 -9.461726E-02 -1.962652E-02 -8.425502E-14 -1.829591E-15  4.309301E-02
       107   2 -1.065706E-13 -9.461726E-02 -1.962652E-02 -7.881316E-15 -4.400401E-14  4.309301E-02
       107   3 -2.671525E-14 -9.461726E-02 -1.962652E-02 -7.937611E-14  7.787491E-15  4.309301E-02
       107   4  3.537948E-13 -9.461726E-02 -1.962652E-02 -1.934675E-13  6.342583E-14  4.309301E-02
       107   5 -1.634327E-14 -9.461726E-02 -1.962652E-02 -6.455173E-14  5.596672E-14  4.309301E-02
       107   6 -1.006941E-13 -9.461726E-02 -1.962652E-02 -3.133761E-14 -1.023164E-13  4.309301E-02
       107   7  1.076540E-15 -9.461726E-02 -1.962652E-02 -6.943064E-14  6.638132E-14  4.309301E-02
       107   8  3.494009E-13 -9.461726E-02 -1.962652E-02 -2.193633E-13  1.379230E-14  4.309301E-02
       108   1 -8.205283E-14 -3.695327E+00 -3.092960E-01  1.827715E-13 -1.571572E-15 -1.069088E+00
       108   2  7.844107E-14 -3.695327E+00 -3.092960E-01 -2.856977E-14 -6.659243E-14 -1.069088E+00
       108   3 -8.730119E-14 -3.695327E+00 -3.092960E-01 -1.232394E-13  6.207709E-14 -1.069088E+00
       108   4 -1.381327E-13 -3.695327E+00 -3.092960E-01  4.724098E-14 -6.099810E-14 -1.069088E+00
       108   5  3.926910E-14 -3.695327E+00 -3.092960E-01  1.292442E-13  3.048146E-14 -1.069088E+00
       108   6 -3.197924E-14 -3.695327E+00 -3.092960E-01  9.429431E-15 -7.942302E-14 -1.069088E+00
       108   7  7.029569E-14 -3.695327E+00 -3.092960E-01 -1.157334E-13  9.462270E-14 -1.069088E+00
       108   8 -2.383705E-13 -3.695327E+00 -3.092960E-01  3.945349E-14 -7.979832E-14 -1.069088E+00
       109   1 -8.252611E-14 -2.304375E+00 -5.204666E-01 -3.722514E-14  3.544100E-14 -1.095148E+00
       109   2 -1.720893E-13 -2.304375E+00 -5.204666E-01 -1.080162E-14  3.222807E-13 -1.095148E+00
       109   3  3.162233E-13 -2.304375E+00 -5.204666E-01  6.952446E-14  1.055636E-13 -1.095148E+00
       109   4 -2.352433E-13 -2.304375E+00 -5.204666E-01 -6.847480E-14  2.533515E-13 -1.095148E+00
       109   5 -1.442482E-13 -2.304375E+00 -5.204666E-01 -1.312380E-14 -2.658038E-14 -1.095148E+00
       109   6 -5.775887E-14 -2.304375E+00 -5.204666E-01 -3.890813E-14  3.717501E-13 -1.095148E+00
       109   7  2.732279E-13 -2.304375E+00 -5.204666E-01  9.309804E-14  4.729962E-14 -1.095148E+00
       109   8 -1.686602E-13 -2.304375E+00 -5.204666E-01 -1.222659E-13  3.324754E-13 -1.095148E+00
       110   1 -2.117816E-13  9.461726E-02  1.962652E-02  6.004812E-14  9.246472E-14  4.309301E-02
       110   2  1.423985E-13  9.461726E-02  1.962652E-02  5.591981E-14 -8.617844E-14  4.309301E-02
       110   3  1.655562E-14  9.461726E-02  1.962652E-02  6.192462E-14  1.278837E-13  4.309301E-02
       110   4  1.187447E-13  9.461726E-02  1.962652E-02  3.377707E-14 -1.766259E-13  4.309301E-02
       110   5 -9.938642E-14  9.461726E-02  1.962652E-02  5.704571E-14  1.258196E-13  4.309301E-02
       110   6  6.710473E-14  9.461726E-02  1.962652E-02  6.980594E-14 -1.058348E-13  4.309301E-02
       110   7  9.710512E-14  9.461726E-02  1.962652E-02  2.570810E-14  1.701520E-13  4.309301E-02
       110   8  2.983700E-14  9.461726E-02  1.962652E-02  6.305053E-14 -1.721223E-13  4.309301E-02
       111   1 -1.254900E-13  3.695327E+00  3.092960E-01 -8.796111E-14  7.710085E-14 -1.069088E+00
       111   2 -1.161884E-13  3.695327E+00  3.092960E-01  3.407262E-13 -7.149479E-14 -1.069088E+00
       111   3 -2.910752E-15  3.695327E+00  3.092960E-01  1.511993E-13  7.992733E-14 -1.069088E+00
       111   4  7.085443E-14  3.695327E+00  3.092960E-01 -3.352374E-13  6.755414E-14 -1.069088E+00
       111   5 -1.850175E-13  3.695327E+00  3.092960E-01 -4.977426E-14  8.728088E-14 -1.069088E+00
       111   6  2.517240E-14  3.695327E+00  3.092960E-01  3.146428E-13 -7.700702E-14 -1.069088E+00
       111   7 -7.758660E-14  3.695327E+00  3.092960E-01  1.762975E-13  9.098698E-14 -1.069088E+00
       111   8  1.661575E-13  3.695327E+00  3.092960E-01 -3.218204E-13  6.715538E-14 -1.069088E+00
       112   1 -1.020488E-13  2.304375E+00  5.204666E-01 -2.400166E-14 -8.225830E-15 -1.095148E+00
       112   2  1.749397E-13  2.304375E+00  5.204666E-01  1.198617E-14 -9.329742E-14 -1.095148E+00
       112   3 -8.938093E-14  2.304375E+00  5.204666E-01 -6.694427E-14  5.183842E-15 -1.095148E+00
       112   4  6.371253E-14  2.304375E+00  5.204666E-01 -1.490061E-13  3.759165E-14 -1.095148E+00
       112   5 -1.265124E-13  2.304375E+00  5.204666E-01 -1.307102E-14 -3.975842E-15 -1.095148E+00
       112   6  1.355447E-13  2.304375E+00  5.204666E-01  5.183842E-15 -1.202077E-13 -1.095148E+00
       112   7 -1.109452E-13  2.304375E+00  5.204666E-01 -4.953384E-14  2.345630E-14 -1.095148E+00
       112   8 -1.053758E-14  2.304375E+00  5.204666E-01 -1.545653E-13  8.803441E-15 -1.095148E+00
       113   1  0.000000E+00  0.000000E+00  0.000000E+00  0.000000E+00  0.000000E+00  0.000000E+00
       113   2  0.000000E+00  0.000000E+00  0.000000E+00  0.000000E+00  0.000000E+00  0.000000E+00
       113   3  0.000000E+00  0.000000E+00  0.000000E+00  0.000000E+00  0.000000E+00  0.000000E+00
       113   4  0.000000E+00  0.000000E+00  0.000000E+00  0.000000E+00  0.000000E+00  0.000000E+00
       113   5  0.000000E+00  0.000000E+00  0.000000E+00  0.000000E+00  0.000000E+00  0.000000E+00
       113   6  0.000000E+00  0.000000E+00  0.000000E+00  0.000000E+00  0.000000E+00  0.000000E+00
       113   7  0.000000E+00  0.000000E+00  0.000000E+00  0.000000E+00  0.000000E+00  0.000000E+00
       113   8  0.000000E+00  0.000000E+00  0.000000E+00  0.000000E+00  0.000000E+00  0.000000E+00
       114   1  0.000000E+00  0.000000E+00  0.000000E+00  0.000000E+00  0.000000E+00  0.000000E+00
       114   2  0.000000E+00  0.000000E+00  0.000000E+00  0.000000E+00  0.000000E+00  0.000000E+00
       114   3  0.000000E+00  0.000000E+00  0.000000E+00  0.000000E+00  0.000000E+00  0.000000E+00
       114   4  0.000000E+00  0.000000E+00  0.000000E+00  0.000000E+00  0.000000E+00  0.000000E+00
       114   5  0.000000E+00  0.000000E+00  0.000000E+00  0.000000E+00  0.000000E+00  0.000000E+00
       114   6  0.000000E+00  0.000000E+00  0.000000E+00  0.000000E+00  0.000000E+00  0.000000E+00
       114   7  0.000000E+00  0.000000E+00  0.000000E+00  0.000000E+00  0.000000E+00  0.000000E+00
       114   8  0.000000E+00  0.000000E+00  0.000000E+00  0.000000E+00  0.000000E+00  0.000000E+00
       115   1  0.000000E+00  0.000000E+00  0.000000E+00  0.000000E+00  0.000000E+00  0.000000E+00
       115   2  0.000000E+00  0.000000E+00  0.000000E+00  0.000000E+00  0.000000E+00  0.000000E+00
       115   3  0.000000E+00  0.000000E+00  0.000000E+00  0.000000E+00  0.000000E+00  0.000000E+00
       115   4  0.000000E+00  0.000000E+00  0.000000E+00  0.000000E+00  0.000000E+00  0.000000E+00
       115   5  0.000000E+00  0.000000E+00  0.000000E+00  0.000000E+00  0.000000E+00  0.000000E+00
       115   6  0.000000E+00  0.000000E+00  0.000000E+00  0.000000E+00  0.000000E+00  0.000000E+00
       115   7  0.000000E+00  0.000000E+00  0.000000E+00  0.000000E+00  0.000000E+00  0.000000E+00
       115   8  0.000000E+00  0.000000E+00  0.000000E+00  0.000000E+00  0.000000E+00  0.000000E+00
       116   1  0.000000E+00  0.000000E+00  0.000000E+00  0.000000E+00  0.000000E+00  0.000000E+00
       116   2  0.000000E+00  0.000000E+00  0.000000E+00  0.000000E+00  0.000000E+00  0.000000E+00
       116   3  0.000000E+00  0.000000E+00  0.000000E+00  0.000000E+00  0.000000E+00  0.000000E+00
       116   4  0.000000E+00  0.000000E+00  0.000000E+00  0.000000E+00  0.000000E+00  0.000000E+00
       116   5  0.000000E+00  0.000000E+00  0.000000E+00  0.000000E+00  0.000000E+00  0.000000E+00
       116   6  0.000000E+00  0.000000E+00  0.000000E+00  0.000000E+00  0.000000E+00  0.000000E+00
       116   7  0.000000E+00  0.000000E+00  0.000000E+00  0.000000E+00  0.000000E+00  0.000000E+00
       116   8  0.000000E+00  0.000000E+00  0.000000E+00  0.000000E+00  0.000000E+00  0.000000E+00
       117   1  0.000000E+00  0.000000E+00  0.000000E+00  0.000000E+00  0.000000E+00  0.000000E+00
       117   2  0.000000E+00  0.000000E+00  0.000000E+00  0.000000E+00  0.000000E+00  0.000000E+00
       117   3  0.000000E+00  0.000000E+00  0.000000E+00  0.000000E+00  0.000000E+00  0.000000E+00
       117   4  0.000000E+00  0.000000E+00  0.000000E+00  0.000000E+00  0.000000E+00  0.000000E+00
       117   5  0.000000E+00  0.000000E+00  0.000000E+00  0.000000E+00  0.000000E+00  0.000000E+00
       117   6  0.000000E+00  0.000000E+00  0.000000E+00  0.000000E+00  0.000000E+00  0.000000E+00
       117   7  0.000000E+00  0.000000E+00  0.000000E+00  0.000000E+00  0.000000E+00  0.000000E+00
       117   8  0.000000E+00  0.000000E+00  0.000000E+00  0.000000E+00  0.000000E+00  0.000000E+00
       118   1  0.000000E+00  0.000000E+00  0.000000E+00  0.000000E+00  0.000000E+00  0.000000E+00
       118   2  0.000000E+00  0.000000E+00  0.000000E+00  0.000000E+00  0.000000E+00  0.000000E+00
       118   3  0.000000E+00  0.000000E+00  0.000000E+00  0.000000E+00  0.000000E+00  0.000000E+00
       118   4  0.000000E+00  0.000000E+00  0.000000E+00  0.000000E+00  0.000000E+00  0.000000E+00
       118   5  0.000000E+00  0.000000E+00  0.000000E+00  0.000000E+00  0.000000E+00  0.000000E+00
       118   6  0.000000E+00  0.000000E+00  0.000000E+00  0.000000E+00  0.000000E+00  0.000000E+00
       118   7  0.000000E+00  0.000000E+00  0.000000E+00  0.000000E+00  0.000000E+00  0.000000E+00
       118   8  0.000000E+00  0.000000E+00  0.000000E+00  0.000000E+00  0.000000E+00  0.000000E+00
       119   1  3.688026E-01 -8.618985E-13  3.505436E-13 -1.501203E-14  7.130714E-15 -1.243997E-12
       119   2  3.688026E-01  5.880519E-13 -1.859269E-12 -1.801444E-14 -9.382519E-15 -5.164535E-13
       119   3  3.688026E-01 -2.041988E-12 -2.367020E-12  2.627105E-15 -2.814756E-14 -7.507019E-13
       119   4  3.688026E-01  1.396964E-12 -6.328789E-13 -1.876504E-15 -1.519968E-14 -6.302214E-13
       119   5  3.688026E-01  4.932573E-13  8.147822E-13 -1.876504E-14 -1.332318E-14 -1.858567E-12
       119   6  3.688026E-01  4.204675E-14 -2.296722E-12  9.007218E-15 -2.139214E-14 -3.863043E-14
       119   7  3.688026E-01 -1.614032E-13 -1.852038E-12 -3.302647E-14 -5.817162E-15 -1.289330E-12
       119   8  3.688026E-01  9.132840E-13 -1.081917E-12 -6.004812E-15  8.068966E-15 -2.126844E-13
       120   1 -3.688026E-01  9.996418E-13 -1.041562E-12  6.755414E-15  3.358942E-14 -6.140982E-13
       120   2 -3.688026E-01  2.078962E-13 -4.770179E-14 -7.506015E-15  1.501203E-15 -5.176368E-13
       120   3 -3.688026E-01 -3.484078E-13 -4.677841E-12  7.881316E-15 -3.058701E-14 -6.155159E-13
       120   4 -3.688026E-01  1.502470E-12  2.913635E-12 -1.501203E-14 -5.066560E-15 -3.352823E-13
       120   5 -3.688026E-01 -8.337134E-14 -1.097084E-12 -1.163432E-14 -8.444267E-15 -1.619355E-12
       120   6 -3.688026E-01 -6.272105E-13  1.712002E-13  3.302647E-14 -3.940658E-14  4.993956E-13
       120   7 -3.688026E-01 -1.938015E-12 -4.923647E-12 -1.688853E-14  5.441861E-15 -1.552556E-12
       120   8 -3.688026E-01  3.228916E-13  2.641568E-12  2.364395E-14  3.490297E-14  4.883608E-13
       121   1 -6.431586E-01 -2.925346E-01 -2.603946E-12  4.337581E-01 -1.411131E-13 -2.491997E-13
       121   2 -6.431586E-01 -2.925346E-01 -4.388931E-12  4.337581E-01  2.741197E-12  3.032430E-13
       121   3 -6.431586E-01 -2.925346E-01  5.317542E-12  4.337581E-01 -2.702165E-14 -3.467779E-12
       121   4 -6.431586E-01 -2.925346E-01 -5.424972E-12  4.337581E-01  2.458971E-12  3.753008E-12
       121   5 -6.431586E-01 -2.925346E-01 -6.357462E-12  4.337581E-01  4.293441E-13  4.593681E-13
       121   6 -6.431586E-01 -2.925346E-01 -3.319419E-13  4.337581E-01  1.957569E-12 -6.905534E-13
       121   7 -6.431586E-01 -2.925346E-01  9.814241E-13  4.337581E-01  4.623705E-13 -2.636112E-12
       121   8 -6.431586E-01 -2.925346E-01 -9.935569E-13  4.337581E-01  1.588273E-12  2.299843E-12
       122   1  6.431586E-01  2.925346E-01 -2.721113E-12  4.337581E-01  1.522220E-12 -2.338874E-12
       122   2  6.431586E-01  2.925346E-01 -9.412987E-13  4.337581E-01 -1.558249E-12 -7.385919E-13
       122   3  6.431586E-01  2.925346E-01  1.266435E-12  4.337581E-01 -8.917146E-13 -2.969380E-12
       122   4  6.431586E-01  2.925346E-01 -1.009369E-12  4.337581E-01 -7.175750E-13 -8.496809E-13
       122   5  6.431586E-01  2.925346E-01 -1.850862E-12  4.337581E-01  1.303044E-12 -2.008610E-12
       122   6  6.431586E-01  2.925346E-01 -2.134360E-12  4.337581E-01 -1.164934E-12 -1.047840E-12
       122   7  6.431586E-01  2.925346E-01  2.402713E-12  4.337581E-01 -1.047840E-12 -2.543038E-12
       122   8  6.431586E-01  2.925346E-01 -2.223503E-12  4.337581E-01 -3.152526E-13 -1.209970E-12
       123   1 -2.560159E-01 -2.335213E-12 -2.709322E-12 -3.002406E-14 -1.576263E-14 -8.267123E-13
       123   2 -2.560159E-01  1.747121E-13  6.403256E-13  1.501203E-15  5.254211E-14 -8.597422E-14
       123   3 -2.560159E-01 -1.763427E-12 -8.236705E-13 -2.251805E-14  3.602887E-14 -2.951511E-13
       123   4 -2.560159E-01 -6.014051E-13 -4.673097E-13  4.503609E-15 -1.426143E-14 -6.834058E-13
       123   5 -2.560159E-01  5.067811E-13 -1.828048E-12  3.302647E-14 -9.007218E-15 -5.845869E-13
       123   6 -2.560159E-01 -5.727223E-13 -1.580406E-13 -3.152526E-14  5.779632E-14 -4.620869E-13
       123   7 -2.560159E-01  9.593745E-13 -3.444507E-13  2.552045E-14  3.152526E-14 -1.093155E-13
       123   8 -2.560159E-01 -1.241210E-12 -1.120370E-12 -3.903128E-14 -1.876504E-14 -1.013247E-12
       124   1  2.560159E-01  1.092486E-12  1.749165E-12  1.801444E-14  3.677947E-14 -2.336951E-13
       124   2  2.560159E-01 -5.592029E-13  7.581899E-13 -1.501203E-14 -1.576263E-14 -4.689408E-14
       124   3  2.560159E-01 -9.826187E-14 -3.066697E-12  1.651323E-14  7.506015E-15 -1.213834E-13
       124   4  2.560159E-01  2.355218E-13  5.432358E-13 -1.351083E-14  2.326865E-14 -2.900961E-13
       124   5  2.560159E-01  1.476171E-12  1.821473E-12 -9.007218E-15  3.302647E-14 -6.576661E-13
       124   6  2.560159E-01 -4.570383E-13  8.569693E-13  0.000000E+00 -1.501203E-14  4.405412E-13
       124   7  2.560159E-01  6.681506E-13 -2.412750E-12 -9.007218E-15  1.501203E-14 -6.852462E-13
       124   8  2.560159E-01  2.063981E-13  5.461348E-13  1.501203E-15  3.002406E-14  2.341387E-13
       125   1  2.047179E+00  8.659916E-02  1.901996E-12 -4.210511E-01  2.822262E-13 -1.359527E-12
       125   2  2.047179E+00  8.659916E-02 -2.015891E-12 -4.210511E-01  8.782038E-14 -1.632558E-14
       125   3  2.047179E+00  8.659916E-02 -3.079955E-12 -4.210511E-01 -2.476985E-13 -1.353991E-12
       125   4  2.047179E+00  8.659916E-02 -9.885045E-13 -4.210511E-01  3.130008E-13  3.067145E-13
       125   5  2.047179E+00  8.659916E-02  1.846527E-12 -4.210511E-01 -3.753008E-14 -2.205643E-12
       125   6  2.047179E+00  8.659916E-02 -1.192100E-12 -4.210511E-01  1.546239E-13  7.563248E-13
       125   7  2.047179E+00  8.659916E-02 -3.066555E-12 -4.210511E-01 -5.389319E-13 -2.449776E-12
       125   8  2.047179E+00  8.659916E-02  1.499306E-14 -4.210511E-01  3.895622E-13  1.169719E-12
       126   1 -2.047179E+00 -8.659916E-02 -1.431532E-12 -4.210511E-01 -4.653729E-14 -2.205267E-12
       126   2 -2.047179E+00 -8.659916E-02 -6.361741E-13 -4.210511E-01 -5.329271E-13  2.317482E-14
       126   3 -2.047179E+00 -8.659916E-02  2.342332E-12 -4.210511E-01  4.728789E-14 -3.404353E-12
       126   4 -2.047179E+00 -8.659916E-02 -1.643059E-12 -4.210511E-01 -6.965582E-13  9.749375E-13
       126   5 -2.047179E+00 -8.659916E-02 -3.165700E-12 -4.210511E-01 -2.349383E-13 -1.656108E-12
       126   6 -2.047179E+00 -8.659916E-02  1.014047E-12 -4.210511E-01 -4.548645E-13 -6.622182E-13
       126   7 -2.047179E+00 -8.659916E-02  7.843362E-13 -4.210511E-01 -1.516215E-13 -2.837086E-12
       126   8 -2.047179E+00 -8.659916E-02  2.481959E-13 -4.210511E-01 -6.207474E-13  2.693721E-13
       127   1 -2.316655E+00 -6.258841E-14  2.279307E-13 -1.276023E-14  7.506015E-15 -3.668472E-14
       127   2 -2.316655E+00 -1.302932E-13 -1.124607E-14  7.506015E-15 -2.251805E-15 -7.912682E-14
       127   3 -2.316655E+00 -1.087097E-13 -5.850243E-14 -1.276023E-14  1.501203E-14 -1.066274E-13
       127   4 -2.316655E+00 -6.208711E-14 -5.218064E-15  8.256617E-15  1.200962E-14 -4.515788E-14
       127   5 -2.316655E+00  8.881493E-15  2.201599E-13  5.254211E-15  1.501203E-15 -1.459295E-13
       127   6 -2.316655E+00 -1.737107E-13 -6.896289E-14 -1.200962E-14 -6.755414E-15  6.088370E-14
       127   7 -2.316655E+00 -3.822029E-14 -6.193997E-14  3.002406E-15  2.552045E-14 -2.276104E-13
       127   8 -2.316655E+00 -1.103913E-13 -6.327093E-14 -1.501203E-14  1.576263E-14  9.566013E-14
       128   1  2.316655E+00  6.166007E-14  1.289784E-13  2.251805E-15 -2.326865E-14 -6.566250E-14
       128   2  2.316655E+00  2.118586E-14  3.689108E-14  1.501203E-15  5.254211E-15  7.434797E-14
       128   3  2.316655E+00  6.100489E-14  1.768009E-13  3.002406E-15  1.351083E-14 -1.752358E-13
       128   4  2.316655E+00  3.469007E-14  1.112739E-13  3.002406E-15 -2.026624E-14  1.484056E-13
       128   5  2.316655E+00 -1.951121E-13  4.184226E-14  2.852286E-14 -1.576263E-14 -3.058632E-14
       128   6  2.316655E+00 -5.415230E-14  4.961972E-14  1.426143E-14  9.007218E-15 -2.049017E-14
       128   7  2.316655E+00 -1.786086E-13  1.157512E-13  2.627105E-14  6.755414E-15 -1.201389E-13
       128   8  2.316655E+00 -3.644967E-14  1.387613E-13  1.501203E-14 -2.401925E-14  6.007584E-14
       129   1  1.863477E+00  8.397548E-01 -3.321937E-13 -1.250945E+00 -1.017065E-13  9.007218E-15
       129   2  1.863477E+00  8.397548E-01 -1.941618E-13 -1.250945E+00  1.306047E-13 -2.233039E-13
       129   3  1.863477E+00  8.397548E-01 -2.898405E-13 -1.250945E+00  1.797691E-13 -3.171291E-13
       129   4  1.863477E+00  8.397548E-01  5.145662E-15 -1.250945E+00 -5.141620E-14  1.576263E-14
       129   5  1.863477E+00  8.397548E-01 -4.386426E-13 -1.250945E+00 -1.373601E-13  5.629511E-15
       129   6  1.863477E+00  8.397548E-01  6.253011E-14 -1.250945E+00  1.200962E-13 -2.274323E-13
       129   7  1.863477E+00  8.397548E-01 -5.191414E-13 -1.250945E+00  1.478685E-13 -3.231339E-13
       129   8  1.863477E+00  8.397548E-01  2.170543E-13 -1.250945E+00 -6.192462E-14  8.631917E-15
       130   1 -1.863477E+00 -8.397548E-01 -7.755646E-13 -1.250945E+00 -1.298541E-13 -2.694659E-13
       130   2 -1.863477E+00 -8.397548E-01  4.981825E-13 -1.250945E+00  5.254211E-14  2.379407E-13
       130   3 -1.863477E+00 -8.397548E-01  5.335698E-13 -1.250945E+00  1.058348E-13  1.786432E-13
       130   4 -1.863477E+00 -8.397548E-01  1.924741E-13 -1.250945E+00 -1.215974E-13 -2.375654E-13
       130   5 -1.863477E+00 -8.397548E-01 -4.421816E-13 -1.250945E+00 -2.503256E-13 -1.595028E-13
       130   6 -1.863477E+00 -8.397548E-01  1.522212E-13 -1.250945E+00  9.157338E-14  1.077113E-13
       130   7 -1.863477E+00 -8.397548E-01  7.879891E-13 -1.250945E+00 -2.889816E-14  2.901075E-13
       130   8 -1.863477E+00 -8.397548E-01 -1.842621E-13 -1.250945E+00 -8.556857E-14 -3.813056E-13

 strains (elem, integ.pnt.,exx,eyy,ezz,exy,exz,eyz) for set ALL_MEMBERS and time  0.1000000E+01

         1   1 -2.547211E-15  8.291817E-15 -2.521426E-15 -1.020116E-16 -3.700295E-17  1.214306E-17
         1   2 -2.515027E-15  8.303349E-15 -2.488523E-15  9.968307E-17  5.032489E-17 -1.383442E-16
         1   3 -2.302023E-15  7.792826E-15 -2.392435E-15 -2.562275E-18 -1.410842E-17  1.431147E-17
         1   4 -2.297820E-15  7.804329E-15 -2.359533E-15 -8.330993E-17  5.057345E-17 -1.361758E-16
         1   5 -1.545976E-15  4.981409E-15 -1.512509E-15 -9.157104E-17 -6.206788E-17 -7.502679E-17
         1   6 -1.513781E-15  4.993082E-15 -1.515286E-15  1.203049E-16  2.847141E-17  4.119968E-17
         1   7 -1.300867E-15  4.476021E-15 -1.383518E-15  4.823006E-18 -6.509584E-17 -7.242471E-17
         1   8 -1.296670E-15  4.487524E-15 -1.386296E-15 -7.595937E-17  3.922056E-17  4.293441E-17
         2   1  7.915607E-15 -2.641913E-14  7.825881E-15  2.783350E-17 -6.990876E-18 -1.257675E-17
         2   2  7.911361E-15 -2.640239E-14  8.004915E-15 -1.255642E-17  3.059155E-17  2.255141E-17
         2   3  7.618707E-15 -2.520880E-14  7.456098E-15 -1.547699E-17 -7.609576E-17 -1.214306E-17
         2   4  7.512922E-15 -2.519209E-14  7.632712E-15  2.705762E-17  1.444691E-16  2.515349E-17
         2   5  7.834675E-15 -2.595409E-14  7.785377E-15  2.400153E-17 -4.237698E-17  1.474515E-17
         2   6  7.830640E-15 -2.593736E-14  7.571965E-15 -1.478920E-17  5.094836E-17 -3.252607E-17
         2   7  7.537944E-15 -2.474177E-14  7.414908E-15 -1.113001E-17 -1.025349E-16  1.604619E-17
         2   8  7.432490E-15 -2.472511E-14  7.194557E-15  3.267514E-17  1.496745E-16 -3.165870E-17
         3   1  3.158219E-04  3.158219E-04 -1.052740E-03  3.702957E-17  3.977667E-17  6.245005E-17
         3   2  3.158219E-04  3.158219E-04 -1.052740E-03  3.836852E-17 -1.150406E-16 -1.205633E-16
         3   3  3.158219E-04  3.158219E-04 -1.052740E-03  5.356936E-17  5.601259E-17 -8.413409E-17
         3   4  3.158219E-04  3.158219E-04 -1.052740E-03  6.398283E-18 -1.077629E-16 -3.816392E-17
         3   5  3.158219E-04  3.158219E-04 -1.052740E-03  2.223139E-17 -8.971773E-17  7.806256E-17
         3   6  3.158219E-04  3.158219E-04 -1.052740E-03  1.959203E-17 -1.528725E-17 -1.118897E-16
         3   7  3.158219E-04  3.158219E-04 -1.052740E-03  4.769109E-17 -7.317687E-17 -7.155734E-17
         3   8  3.158219E-04  3.158219E-04 -1.052740E-03 -1.018237E-18 -1.261740E-17 -3.599551E-17
         4   1 -3.158219E-04 -3.158219E-04  1.052740E-03 -1.570884E-16 -4.296151E-18  6.375109E-17
         4   2 -3.158219E-04 -3.158219E-04  1.052740E-03 -5.171132E-17 -5.473188E-17  2.038300E-17
         4   3 -3.158219E-04 -3.158219E-04  1.052740E-03 -1.798554E-16 -1.069294E-17  1.231654E-16
         4   4 -3.158219E-04 -3.158219E-04  1.052740E-03 -9.471117E-17 -5.516556E-17  1.023487E-16
         4   5 -3.158219E-04 -3.158219E-04  1.052740E-03 -1.342061E-16  6.484207E-17  6.808790E-17
         4   6 -3.158219E-04 -3.158219E-04  1.052740E-03 -3.512002E-17  6.207057E-17 -5.637851E-18
         4   7 -3.158219E-04 -3.158219E-04  1.052740E-03 -1.629258E-16  8.825406E-17  1.209970E-16
         4   8 -3.158219E-04 -3.158219E-04  1.052740E-03 -8.022336E-17  5.982763E-17  1.101549E-16
         5   1  3.143896E-05 -9.108562E-05  1.772805E-05 -8.349373E-17 -2.955383E-17  4.098687E-05
         5   2  3.143896E-05 -9.108562E-05  1.772805E-05  5.056787E-18 -7.283425E-18  4.098687E-05
         5   3  3.143896E-05 -9.108562E-05  1.772805E-05  9.637795E-17 -5.453283E-17  4.098687E-05
         5   4  3.143896E-05 -9.108562E-05  1.772805E-05  4.284886E-17 -6.031955E-17  4.098687E-05
         5   5  3.143896E-05 -9.108562E-05  1.772805E-05 -5.833685E-17  3.190053E-17  4.098687E-05
         5   6  3.143896E-05 -9.108562E-05  1.772805E-05 -1.389134E-19 -3.918099E-17  4.098687E-05
         5   7  3.143896E-05 -9.108562E-05  1.772805E-05  1.038606E-16 -2.513528E-17  4.098687E-05
         5   8  3.143896E-05 -9.108562E-05  1.772805E-05  3.385252E-17 -8.002916E-17  4.098687E-05
         6   1 -3.143896E-05  9.108562E-05 -1.772805E-05  8.304650E-17 -8.876418E-17  4.098687E-05
         6   2 -3.143896E-05  9.108562E-05 -1.772805E-05 -2.436067E-18  1.101672E-17  4.098687E-05
         6   3 -3.143896E-05  9.108562E-05 -1.772805E-05 -8.426792E-17 -9.682455E-17  4.098687E-05
         6   4 -3.143896E-05  9.108562E-05 -1.772805E-05 -7.074843E-17 -4.228156E-17  4.098687E-05
         6   5 -3.143896E-05  9.108562E-05 -1.772805E-05  5.396701E-17 -2.920612E-17  4.098687E-05
         6   6 -3.143896E-05  9.108562E-05 -1.772805E-05  7.706306E-18 -1.893733E-17  4.098687E-05
         6   7 -3.143896E-05  9.108562E-05 -1.772805E-05 -9.591378E-17 -5.553466E-17  4.098687E-05
         6   8 -3.143896E-05  9.108562E-05 -1.772805E-05 -5.789385E-17 -7.052629E-17  4.098687E-05
         7   1 -1.739200E-14  5.799255E-14 -1.734925E-14 -1.021691E-16  4.747775E-18  5.334275E-17
         7   2 -1.739670E-14  5.805667E-14 -1.746791E-14 -1.002870E-16 -3.708500E-17  6.071532E-17
         7   3 -1.701855E-14  5.692598E-14 -1.698637E-14 -5.568564E-17  1.546786E-17  4.250073E-17
         7   4 -1.723608E-14  5.699030E-14 -1.710867E-14 -4.997325E-17 -6.772429E-17  5.290907E-17
         7   5 -1.509231E-14  5.026546E-14 -1.504295E-14 -8.226045E-17 -4.194331E-17  1.734723E-17
         7   6 -1.509686E-14  5.032968E-14 -1.513891E-14 -8.658032E-17  4.196389E-18  1.951564E-17
         7   7 -1.471877E-14  4.919883E-14 -1.470406E-14 -4.701372E-17 -4.751649E-17 -4.336809E-19
         7   8 -1.493635E-14  4.926334E-14 -1.479838E-14 -4.622767E-17 -2.651779E-17  2.341877E-17
         8   1 -7.945084E-15  2.674239E-14 -7.931840E-15 -3.528400E-17 -5.699100E-17  3.599551E-17
         8   2 -8.071100E-15  2.685709E-14 -8.347264E-15 -5.915678E-18 -1.673437E-17  1.214306E-17
         8   3 -8.142904E-15  2.672120E-14 -7.912046E-15 -4.445229E-18 -8.642239E-18  3.816392E-17
         8   4 -7.868813E-15  2.683588E-14 -8.319536E-15 -6.505213E-18 -3.259418E-17  1.084202E-17
         8   5 -7.838000E-15  2.619451E-14 -7.688034E-15 -3.205173E-17  3.860583E-17 -6.938894E-18
         8   6 -7.963214E-15  2.630918E-14 -7.920757E-15  9.283481E-19 -1.190261E-16 -1.301043E-18
         8   7 -8.035612E-15  2.617248E-14 -7.663361E-15 -2.358140E-18  8.700789E-17 -8.239937E-18
         8   8 -7.760966E-15  2.628713E-14 -7.899399E-15 -1.090978E-18 -1.422398E-16 -1.734723E-18
         9   1 -8.408647E-05 -8.408647E-05  2.802882E-04 -6.945053E-17  2.664427E-17  4.900594E-17
         9   2 -8.408647E-05 -8.408647E-05  2.802882E-04  1.577493E-16 -2.362205E-17  1.344411E-17
         9   3 -8.408647E-05 -8.408647E-05  2.802882E-04 -1.315341E-16  1.298332E-17 -1.691355E-17
         9   4 -8.408647E-05 -8.408647E-05  2.802882E-04  2.106347E-16 -2.916504E-17 -6.505213E-18
         9   5 -8.408647E-05 -8.408647E-05  2.802882E-04 -2.226123E-16 -3.163160E-17  4.857226E-17
         9   6 -8.408647E-05 -8.408647E-05  2.802882E-04  2.321192E-16 -7.272286E-17  1.734723E-17
         9   7 -8.408647E-05 -8.408647E-05  2.802882E-04 -2.978500E-16 -3.229567E-17  1.734723E-17
         9   8 -8.408647E-05 -8.408647E-05  2.802882E-04  2.785401E-16 -8.073240E-17 -3.686287E-17
        10   1  8.408647E-05  8.408647E-05 -2.802882E-04 -5.040125E-17 -3.717458E-17 -2.645453E-17
        10   2  8.408647E-05  8.408647E-05 -2.802882E-04  1.149016E-16 -2.409639E-17 -1.734723E-18
        10   3  8.408647E-05  8.408647E-05 -2.802882E-04 -2.637010E-17 -4.003417E-17  8.109832E-17
        10   4  8.408647E-05  8.408647E-05 -2.802882E-04  8.484702E-17 -1.355253E-17  6.765422E-17
        10   5  8.408647E-05  8.408647E-05 -2.802882E-04 -1.058426E-16  1.059266E-16 -3.079134E-17
        10   6  8.408647E-05  8.408647E-05 -2.802882E-04  1.083772E-16  4.868068E-17  8.673617E-18
        10   7  8.408647E-05  8.408647E-05 -2.802882E-04 -7.993301E-17  9.351244E-17  8.673617E-17
        10   8  8.408647E-05  8.408647E-05 -2.802882E-04  8.186342E-17  5.378998E-17  8.370041E-17
        11   1  7.324875E-05 -2.074698E-04  3.655601E-05 -2.428952E-17 -3.833078E-17  1.014905E-04
        11   2  7.324875E-05 -2.074698E-04  3.655601E-05 -9.554532E-18  4.509265E-17  1.014905E-04
        11   3  7.324875E-05 -2.074698E-04  3.655601E-05 -5.945155E-17  8.161247E-17  1.014905E-04
        11   4  7.324875E-05 -2.074698E-04  3.655601E-05 -4.953449E-17  2.049989E-17  1.014905E-04
        11   5  7.324875E-05 -2.074698E-04  3.655601E-05 -3.002224E-17 -5.909918E-17  1.014905E-04
        11   6  7.324875E-05 -2.074698E-04  3.655601E-05 -1.321371E-19  7.697327E-17  1.014905E-04
        11   7  7.324875E-05 -2.074698E-04  3.655601E-05 -7.648030E-17  6.388407E-17  1.014905E-04
        11   8  7.324875E-05 -2.074698E-04  3.655601E-05 -4.178244E-17  4.047039E-17  1.014905E-04
        12   1 -7.324875E-05  2.074698E-04 -3.655601E-05 -1.159724E-16 -2.095983E-17  1.014905E-04
        12   2 -7.324875E-05  2.074698E-04 -3.655601E-05  4.308348E-17 -2.078026E-17  1.014905E-04
        12   3 -7.324875E-05  2.074698E-04 -3.655601E-05  7.847252E-17  2.252938E-17  1.014905E-04
        12   4 -7.324875E-05  2.074698E-04 -3.655601E-05 -1.234635E-17 -6.870200E-17  1.014905E-04
        12   5 -7.324875E-05  2.074698E-04 -3.655601E-05 -1.148068E-16 -1.977653E-17  1.014905E-04
        12   6 -7.324875E-05  2.074698E-04 -3.655601E-05  4.287003E-17 -5.984118E-17  1.014905E-04
        12   7 -7.324875E-05  2.074698E-04 -3.655601E-05  6.112529E-17  3.580154E-17  1.014905E-04
        12   8 -7.324875E-05  2.074698E-04 -3.655601E-05 -5.271933E-18 -1.026189E-16  1.014905E-04
        13   1 -6.919865E-15  2.306225E-14 -6.917110E-15 -1.184152E-17 -3.911768E-19  1.084710E-17
        13   2 -6.917776E-15  2.306191E-14 -6.919641E-15 -9.015819E-18 -2.851833E-19  8.854882E-18
        13   3 -6.853942E-15  2.284109E-14 -6.850859E-15 -8.792202E-18 -1.006109E-21  1.142647E-17
        13   4 -6.850403E-15  2.284076E-14 -6.853393E-15 -7.359022E-18 -5.532865E-19  9.823888E-18
        13   5 -6.912076E-15  2.303652E-14 -6.910333E-15 -1.053709E-17 -1.214806E-19  9.508792E-18
        13   6 -6.910121E-15  2.303617E-14 -6.911211E-15 -7.104912E-18 -3.700277E-19  5.783541E-18
        13   7 -6.846301E-15  2.281537E-14 -6.844115E-15 -7.138794E-18  2.628688E-19  9.598577E-18
        13   8 -6.842949E-15  2.281504E-14 -6.844984E-15 -4.099639E-18 -6.363043E-19  6.921953E-18
        14   1  1.471592E-14 -4.905161E-14  1.472088E-14  4.133521E-19 -3.844080E-18  9.757820E-19
        14   2  1.470274E-14 -4.904905E-14  1.471680E-14 -1.253609E-18  3.298168E-18  2.873136E-18
        14   3  1.466837E-14 -4.885264E-14  1.465601E-14  9.825582E-19 -2.027384E-19  1.395910E-18
        14   4  1.466142E-14 -4.885009E-14  1.465192E-14  1.301043E-18 -1.548829E-18  3.076424E-18
        14   5  1.470053E-14 -4.899132E-14  1.468793E-14  5.895349E-19 -3.295834E-18  4.878910E-19
        14   6  1.468773E-14 -4.898875E-14  1.470018E-14 -1.287490E-18  1.069954E-18  2.710505E-19
        14   7  1.465283E-14 -4.879231E-14  1.462245E-14  1.389134E-18  5.834190E-19  6.369688E-19
        14   8  1.464540E-14 -4.878975E-14  1.463515E-14  1.626303E-18 -3.769148E-18  5.692061E-19
        15   1  7.987245E-05  7.987245E-05 -2.662415E-04 -2.282418E-17  3.117081E-18  1.788934E-18
        15   2  7.987245E-05  7.987245E-05 -2.662415E-04 -3.232274E-18 -2.873136E-18 -5.258381E-18
        15   3  7.987245E-05  7.987245E-05 -2.662415E-04 -2.055311E-17  3.144186E-18 -2.493665E-18
        15   4  7.987245E-05  7.987245E-05 -2.662415E-04 -1.047103E-17 -2.778268E-18  5.963112E-18
        15   5  7.987245E-05  7.987245E-05 -2.662415E-04 -3.513071E-17 -3.252607E-19  1.301043E-18
        15   6  7.987245E-05  7.987245E-05 -2.662415E-04  4.882364E-18  7.887571E-18 -5.204170E-18
        15   7  7.987245E-05  7.987245E-05 -2.662415E-04 -3.370820E-17 -6.098637E-19 -2.493665E-18
        15   8  7.987245E-05  7.987245E-05 -2.662415E-04 -1.267431E-18  7.684283E-18  5.421011E-18
        16   1 -7.987245E-05 -7.987245E-05  2.662415E-04 -1.667929E-17 -4.228388E-18 -1.680513E-18
        16   2 -7.987245E-05 -7.987245E-05  2.662415E-04 -3.422209E-18  6.030875E-18  7.264155E-18
        16   3 -7.987245E-05 -7.987245E-05  2.662415E-04 -1.773753E-17 -4.336809E-18  2.168404E-18
        16   4 -7.987245E-05 -7.987245E-05  2.662415E-04 -1.257381E-18  5.868244E-18  3.794708E-18
        16   5 -7.987245E-05 -7.987245E-05  2.662415E-04 -1.015357E-17  1.870249E-18 -1.517883E-18
        16   6 -7.987245E-05 -7.987245E-05  2.662415E-04 -1.660743E-18  4.160626E-18  6.722053E-18
        16   7 -7.987245E-05 -7.987245E-05  2.662415E-04 -1.039530E-17  1.734723E-18  1.517883E-18
        16   8 -7.987245E-05 -7.987245E-05  2.662415E-04  3.837587E-19  4.214836E-18  3.740497E-18
        17   1 -6.600739E-05  1.869593E-04 -3.294209E-05  6.791510E-18 -8.580444E-19 -9.145719E-05
        17   2 -6.600739E-05  1.869593E-04 -3.294209E-05 -1.965116E-19  3.885340E-18 -9.145719E-05
        17   3 -6.600739E-05  1.869593E-04 -3.294209E-05 -4.877216E-18  1.613598E-18 -9.145719E-05
        17   4 -6.600739E-05  1.869593E-04 -3.294209E-05 -9.842523E-19  3.735415E-19 -9.145719E-05
        17   5 -6.600739E-05  1.869593E-04 -3.294209E-05  4.551955E-18 -6.325642E-18 -9.145719E-05
        17   6 -6.600739E-05  1.869593E-04 -3.294209E-05 -1.355253E-19  8.035802E-18 -9.145719E-05
        17   7 -6.600739E-05  1.869593E-04 -3.294209E-05 -6.378158E-18 -3.640548E-18 -9.145719E-05
        17   8 -6.600739E-05  1.869593E-04 -3.294209E-05 -6.268044E-19  4.636658E-18 -9.145719E-05
        18   1  6.600739E-05 -1.869593E-04  3.294209E-05 -1.039648E-17 -8.470329E-21 -9.145719E-05
        18   2  6.600739E-05 -1.869593E-04  3.294209E-05 -9.598577E-18 -1.721171E-18 -9.145719E-05
        18   3  6.600739E-05 -1.869593E-04  3.294209E-05  1.599198E-18  3.244136E-18 -9.145719E-05
        18   4  6.600739E-05 -1.869593E-04  3.294209E-05 -8.295841E-18 -2.198050E-18 -9.145719E-05
        18   5  6.600739E-05 -1.869593E-04  3.294209E-05 -1.168905E-17 -7.589415E-19 -9.145719E-05
        18   6  6.600739E-05 -1.869593E-04  3.294209E-05 -1.038971E-17 -1.379817E-18 -9.145719E-05
        18   7  6.600739E-05 -1.869593E-04  3.294209E-05  1.731335E-18  2.348822E-18 -9.145719E-05
        18   8  6.600739E-05 -1.869593E-04  3.294209E-05 -8.512681E-18 -1.622068E-18 -9.145719E-05
        19   1  0.000000E+00  0.000000E+00  0.000000E+00  0.000000E+00  0.000000E+00  0.000000E+00
        19   2  0.000000E+00  0.000000E+00  0.000000E+00  0.000000E+00  0.000000E+00  0.000000E+00
        19   3  0.000000E+00  0.000000E+00  0.000000E+00  0.000000E+00  0.000000E+00  0.000000E+00
        19   4  0.000000E+00  0.000000E+00  0.000000E+00  0.000000E+00  0.000000E+00  0.000000E+00
        19   5  0.000000E+00  0.000000E+00  0.000000E+00  0.000000E+00  0.000000E+00  0.000000E+00
        19   6  0.000000E+00  0.000000E+00  0.000000E+00  0.000000E+00  0.000000E+00  0.000000E+00
        19   7  0.000000E+00  0.000000E+00  0.000000E+00  0.000000E+00  0.000000E+00  0.000000E+00
        19   8  0.000000E+00  0.000000E+00  0.000000E+00  0.000000E+00  0.000000E+00  0.000000E+00
        20   1  0.000000E+00  0.000000E+00  0.000000E+00  0.000000E+00  0.000000E+00  0.000000E+00
        20   2  0.000000E+00  0.000000E+00  0.000000E+00  0.000000E+00  0.000000E+00  0.000000E+00
        20   3  0.000000E+00  0.000000E+00  0.000000E+00  0.000000E+00  0.000000E+00  0.000000E+00
        20   4  0.000000E+00  0.000000E+00  0.000000E+00  0.000000E+00  0.000000E+00  0.000000E+00
        20   5  0.000000E+00  0.000000E+00  0.000000E+00  0.000000E+00  0.000000E+00  0.000000E+00
        20   6  0.000000E+00  0.000000E+00  0.000000E+00  0.000000E+00  0.000000E+00  0.000000E+00
        20   7  0.000000E+00  0.000000E+00  0.000000E+00  0.000000E+00  0.000000E+00  0.000000E+00
        20   8  0.000000E+00  0.000000E+00  0.000000E+00  0.000000E+00  0.000000E+00  0.000000E+00
        21   1  0.000000E+00  0.000000E+00  0.000000E+00  0.000000E+00  0.000000E+00  0.000000E+00
        21   2  0.000000E+00  0.000000E+00  0.000000E+00  0.000000E+00  0.000000E+00  0.000000E+00
        21   3  0.000000E+00  0.000000E+00  0.000000E+00  0.000000E+00  0.000000E+00  0.000000E+00
        21   4  0.000000E+00  0.000000E+00  0.000000E+00  0.000000E+00  0.000000E+00  0.000000E+00
        21   5  0.000000E+00  0.000000E+00  0.000000E+00  0.000000E+00  0.000000E+00  0.000000E+00
        21   6  0.000000E+00  0.000000E+00  0.000000E+00  0.000000E+00  0.000000E+00  0.000000E+00
        21   7  0.000000E+00  0.000000E+00  0.000000E+00  0.000000E+00  0.000000E+00  0.000000E+00
        21   8  0.000000E+00  0.000000E+00  0.000000E+00  0.000000E+00  0.000000E+00  0.000000E+00
        22   1  0.000000E+00  0.000000E+00  0.000000E+00  0.000000E+00  0.000000E+00  0.000000E+00
        22   2  0.000000E+00  0.000000E+00  0.000000E+00  0.000000E+00  0.000000E+00  0.000000E+00
        22   3  0.000000E+00  0.000000E+00  0.000000E+00  0.000000E+00  0.000000E+00  0.000000E+00
        22   4  0.000000E+00  0.000000E+00  0.000000E+00  0.000000E+00  0.000000E+00  0.000000E+00
        22   5  0.000000E+00  0.000000E+00  0.000000E+00  0.000000E+00  0.000000E+00  0.000000E+00
        22   6  0.000000E+00  0.000000E+00  0.000000E+00  0.000000E+00  0.000000E+00  0.000000E+00
        22   7  0.000000E+00  0.000000E+00  0.000000E+00  0.000000E+00  0.000000E+00  0.000000E+00
        22   8  0.000000E+00  0.000000E+00  0.000000E+00  0.000000E+00  0.000000E+00  0.000000E+00
        23   1  0.000000E+00  0.000000E+00  0.000000E+00  0.000000E+00  0.000000E+00  0.000000E+00
        23   2  0.000000E+00  0.000000E+00  0.000000E+00  0.000000E+00  0.000000E+00  0.000000E+00
        23   3  0.000000E+00  0.000000E+00  0.000000E+00  0.000000E+00  0.000000E+00  0.000000E+00
        23   4  0.000000E+00  0.000000E+00  0.000000E+00  0.000000E+00  0.000000E+00  0.000000E+00
        23   5  0.000000E+00  0.000000E+00  0.000000E+00  0.000000E+00  0.000000E+00  0.000000E+00
        23   6  0.000000E+00  0.000000E+00  0.000000E+00  0.000000E+00  0.000000E+00  0.000000E+00
        23   7  0.000000E+00  0.000000E+00  0.000000E+00  0.000000E+00  0.000000E+00  0.000000E+00
        23   8  0.000000E+00  0.000000E+00  0.000000E+00  0.000000E+00  0.000000E+00  0.000000E+00
        24   1  0.000000E+00  0.000000E+00  0.000000E+00  0.000000E+00  0.000000E+00  0.000000E+00
        24   2  0.000000E+00  0.000000E+00  0.000000E+00  0.000000E+00  0.000000E+00  0.000000E+00
        24   3  0.000000E+00  0.000000E+00  0.000000E+00  0.000000E+00  0.000000E+00  0.000000E+00
        24   4  0.000000E+00  0.000000E+00  0.000000E+00  0.000000E+00  0.000000E+00  0.000000E+00
        24   5  0.000000E+00  0.000000E+00  0.000000E+00  0.000000E+00  0.000000E+00  0.000000E+00
        24   6  0.000000E+00  0.000000E+00  0.000000E+00  0.000000E+00  0.000000E+00  0.000000E+00
        24   7  0.000000E+00  0.000000E+00  0.000000E+00  0.000000E+00  0.000000E+00  0.000000E+00
        24   8  0.000000E+00  0.000000E+00  0.000000E+00  0.000000E+00  0.000000E+00  0.000000E+00
        25   1  5.427595E-05 -1.554322E-05 -1.659974E-05 -8.653427E-06 -4.293441E-17 -1.394555E-17
        25   2  5.427595E-05 -1.554322E-05 -1.659974E-05 -8.653427E-06  4.976488E-17  1.282747E-16
        25   3  5.427595E-05 -1.554322E-05 -1.659974E-05 -8.653427E-06  5.312591E-18 -1.931642E-16
        25   4  5.427595E-05 -1.554322E-05 -1.659974E-05 -8.653427E-06 -8.782038E-18  2.617264E-16
        25   5  5.427595E-05 -1.554322E-05 -1.659974E-05 -8.653427E-06 -3.859760E-17  4.865357E-18
        25   6  5.427595E-05 -1.554322E-05 -1.659974E-05 -8.653427E-06  4.878910E-17  1.106970E-16
        25   7  5.427595E-05 -1.554322E-05 -1.659974E-05 -8.653427E-06  7.589415E-18 -1.994932E-16
        25   8  5.427595E-05 -1.554322E-05 -1.659974E-05 -8.653427E-06 -1.301043E-17  2.468457E-16
        26   1  2.260326E-04 -6.472984E-05 -6.912974E-05 -3.603726E-05  9.215718E-19 -7.275505E-17
        26   2  2.260326E-04 -6.472984E-05 -6.912974E-05 -3.603726E-05  1.116728E-17  9.106451E-17
        26   3  2.260326E-04 -6.472984E-05 -6.912974E-05 -3.603726E-05  6.193505E-18 -1.165009E-17
        26   4  2.260326E-04 -6.472984E-05 -6.912974E-05 -3.603726E-05  1.810618E-17  2.218040E-17
        26   5  2.260326E-04 -6.472984E-05 -6.912974E-05 -3.603726E-05  1.585646E-18 -1.072954E-16
        26   6  2.260326E-04 -6.472984E-05 -6.912974E-05 -3.603726E-05  1.622238E-17  9.998038E-17
        26   7  2.260326E-04 -6.472984E-05 -6.912974E-05 -3.603726E-05  1.161452E-17 -3.830961E-17
        26   8  2.260326E-04 -6.472984E-05 -6.912974E-05 -3.603726E-05  2.572270E-17  3.322402E-17
        27   1 -8.103331E-05  8.184543E-05 -1.132257E-04  2.018728E-05 -1.807243E-04  2.206517E-05
        27   2 -8.103331E-05  8.184543E-05 -1.132257E-04  2.018728E-05 -1.807243E-04  2.206517E-05
        27   3 -8.103331E-05  8.184543E-05 -1.132257E-04  2.018728E-05 -1.807243E-04  2.206517E-05
        27   4 -8.103331E-05  8.184543E-05 -1.132257E-04  2.018728E-05 -1.807243E-04  2.206517E-05
        27   5 -8.103331E-05  8.184543E-05 -1.132257E-04  2.018728E-05 -1.807243E-04  2.206517E-05
        27   6 -8.103331E-05  8.184543E-05 -1.132257E-04  2.018728E-05 -1.807243E-04  2.206517E-05
        27   7 -8.103331E-05  8.184543E-05 -1.132257E-04  2.018728E-05 -1.807243E-04  2.206517E-05
        27   8 -8.103331E-05  8.184543E-05 -1.132257E-04  2.018728E-05 -1.807243E-04  2.206517E-05
        28   1 -1.546182E-06  1.561678E-06 -2.160439E-06  3.851900E-07  3.448368E-06 -4.210217E-07
        28   2 -1.546182E-06  1.561678E-06 -2.160439E-06  3.851900E-07  3.448368E-06 -4.210217E-07
        28   3 -1.546182E-06  1.561678E-06 -2.160439E-06  3.851900E-07  3.448368E-06 -4.210217E-07
        28   4 -1.546182E-06  1.561678E-06 -2.160439E-06  3.851900E-07  3.448368E-06 -4.210217E-07
        28   5 -1.546182E-06  1.561678E-06 -2.160439E-06  3.851900E-07  3.448368E-06 -4.210217E-07
        28   6 -1.546182E-06  1.561678E-06 -2.160439E-06  3.851900E-07  3.448368E-06 -4.210217E-07
        28   7 -1.546182E-06  1.561678E-06 -2.160439E-06  3.851900E-07  3.448368E-06 -4.210217E-07
        28   8 -1.546182E-06  1.561678E-06 -2.160439E-06  3.851900E-07  3.448368E-06 -4.210217E-07
        29   1 -5.427595E-05  1.554322E-05  1.659974E-05 -8.653427E-06 -3.317659E-17  1.655170E-16
        29   2 -5.427595E-05  1.554322E-05  1.659974E-05 -8.653427E-06  2.059984E-17  1.290201E-16
        29   3 -5.427595E-05  1.554322E-05  1.659974E-05 -8.653427E-06  9.616873E-17  2.291326E-16
        29   4 -5.427595E-05  1.554322E-05  1.659974E-05 -8.653427E-06  6.245005E-17  8.040714E-17
        29   5 -5.427595E-05  1.554322E-05  1.659974E-05 -8.653427E-06 -3.393553E-17  1.776465E-16
        29   6 -5.427595E-05  1.554322E-05  1.659974E-05 -8.653427E-06  1.290201E-17  2.116092E-16
        29   7 -5.427595E-05  1.554322E-05  1.659974E-05 -8.653427E-06  1.009392E-16  2.658735E-16
        29   8 -5.427595E-05  1.554322E-05  1.659974E-05 -8.653427E-06  5.746272E-17  1.500536E-16
        30   1 -2.260326E-04  6.472984E-05  6.912974E-05 -3.603726E-05 -3.455894E-18 -4.151139E-17
        30   2 -2.260326E-04  6.472984E-05  6.912974E-05 -3.603726E-05  9.351244E-18  2.988840E-17
        30   3 -2.260326E-04  6.472984E-05  6.912974E-05 -3.603726E-05  4.540097E-18 -1.423015E-19
        30   4 -2.260326E-04  6.472984E-05  6.912974E-05 -3.603726E-05 -1.691355E-17  8.344969E-18
        30   5 -2.260326E-04  6.472984E-05  6.912974E-05 -3.603726E-05 -5.082198E-18 -8.504211E-19
        30   6 -2.260326E-04  6.472984E-05  6.912974E-05 -3.603726E-05  1.576159E-17  2.571592E-17
        30   7 -2.260326E-04  6.472984E-05  6.912974E-05 -3.603726E-05  1.572093E-18  3.317659E-17
        30   8 -2.260326E-04  6.472984E-05  6.912974E-05 -3.603726E-05 -1.279359E-17  4.407959E-18
        31   1  8.103331E-05 -8.184543E-05  1.132257E-04  2.018728E-05  1.807243E-04  2.206517E-05
        31   2  8.103331E-05 -8.184543E-05  1.132257E-04  2.018728E-05  1.807243E-04  2.206517E-05
        31   3  8.103331E-05 -8.184543E-05  1.132257E-04  2.018728E-05  1.807243E-04  2.206517E-05
        31   4  8.103331E-05 -8.184543E-05  1.132257E-04  2.018728E-05  1.807243E-04  2.206517E-05
        31   5  8.103331E-05 -8.184543E-05  1.132257E-04  2.018728E-05  1.807243E-04  2.206517E-05
        31   6  8.103331E-05 -8.184543E-05  1.132257E-04  2.018728E-05  1.807243E-04  2.206517E-05
        31   7  8.103331E-05 -8.184543E-05  1.132257E-04  2.018728E-05  1.807243E-04  2.206517E-05
        31   8  8.103331E-05 -8.184543E-05  1.132257E-04  2.018728E-05  1.807243E-04  2.206517E-05
        32   1  1.546182E-06 -1.561678E-06  2.160439E-06  3.851900E-07 -3.448368E-06 -4.210217E-07
        32   2  1.546182E-06 -1.561678E-06  2.160439E-06  3.851900E-07 -3.448368E-06 -4.210217E-07
        32   3  1.546182E-06 -1.561678E-06  2.160439E-06  3.851900E-07 -3.448368E-06 -4.210217E-07
        32   4  1.546182E-06 -1.561678E-06  2.160439E-06  3.851900E-07 -3.448368E-06 -4.210217E-07
        32   5  1.546182E-06 -1.561678E-06  2.160439E-06  3.851900E-07 -3.448368E-06 -4.210217E-07
        32   6  1.546182E-06 -1.561678E-06  2.160439E-06  3.851900E-07 -3.448368E-06 -4.210217E-07
        32   7  1.546182E-06 -1.561678E-06  2.160439E-06  3.851900E-07 -3.448368E-06 -4.210217E-07
        32   8  1.546182E-06 -1.561678E-06  2.160439E-06  3.851900E-07 -3.448368E-06 -4.210217E-07
        33   1 -4.513493E-05  2.200187E-04 -7.495019E-05 -9.377938E-05 -1.095044E-16 -5.637851E-18
        33   2 -4.513493E-05  2.200187E-04 -7.495019E-05 -9.377938E-05  8.153200E-17  5.941428E-17
        33   3 -4.513493E-05  2.200187E-04 -7.495019E-05 -9.377938E-05 -3.751340E-17  7.372575E-17
        33   4 -4.513493E-05  2.200187E-04 -7.495019E-05 -9.377938E-05 -7.155734E-18  9.671083E-17
        33   5 -4.513493E-05  2.200187E-04 -7.495019E-05 -9.377938E-05 -4.336809E-17  5.637851E-18
        33   6 -4.513493E-05  2.200187E-04 -7.495019E-05 -9.377938E-05  1.305379E-16  8.543513E-17
        33   7 -4.513493E-05  2.200187E-04 -7.495019E-05 -9.377938E-05  1.008308E-17  1.183949E-16
        33   8 -4.513493E-05  2.200187E-04 -7.495019E-05 -9.377938E-05  3.870602E-17  1.344411E-16
        34   1  4.513493E-05 -2.200187E-04  7.495019E-05 -9.377938E-05  1.035413E-16 -1.127570E-17
        34   2  4.513493E-05 -2.200187E-04  7.495019E-05 -9.377938E-05  7.535205E-17  3.295975E-17
        34   3  4.513493E-05 -2.200187E-04  7.495019E-05 -9.377938E-05 -1.843144E-18 -3.057450E-16
        34   4  4.513493E-05 -2.200187E-04  7.495019E-05 -9.377938E-05 -3.003240E-17 -2.667137E-16
        34   5  4.513493E-05 -2.200187E-04  7.495019E-05 -9.377938E-05  7.990570E-17  4.336809E-19
        34   6  4.513493E-05 -2.200187E-04  7.495019E-05 -9.377938E-05  3.838076E-17  3.122502E-17
        34   7  4.513493E-05 -2.200187E-04  7.495019E-05 -9.377938E-05  4.011548E-18 -2.975051E-16
        34   8  4.513493E-05 -2.200187E-04  7.495019E-05 -9.377938E-05 -7.340049E-17 -2.402592E-16
        35   1 -1.019759E-05  4.971005E-05 -1.693391E-05 -2.118810E-05  3.751340E-17  3.903128E-17
        35   2 -1.019759E-05  4.971005E-05 -1.693391E-05 -2.118810E-05 -8.239937E-18 -1.387779E-17
        35   3 -1.019759E-05  4.971005E-05 -1.693391E-05 -2.118810E-05 -2.222614E-17  4.597017E-17
        35   4 -1.019759E-05  4.971005E-05 -1.693391E-05 -2.118810E-05  2.103352E-17  4.076600E-17
        35   5 -1.019759E-05  4.971005E-05 -1.693391E-05 -2.118810E-05  2.808084E-17  1.864828E-17
        35   6 -1.019759E-05  4.971005E-05 -1.693391E-05 -2.118810E-05 -3.794708E-17 -3.339343E-17
        35   7 -1.019759E-05  4.971005E-05 -1.693391E-05 -2.118810E-05 -1.279359E-17  2.428613E-17
        35   8 -1.019759E-05  4.971005E-05 -1.693391E-05 -2.118810E-05  3.252607E-19  2.255141E-17
        36   1  1.019759E-05 -4.971005E-05  1.693391E-05 -2.118810E-05 -5.757114E-17  2.255141E-17
        36   2  1.019759E-05 -4.971005E-05  1.693391E-05 -2.118810E-05  5.778798E-17 -5.334275E-17
        36   3  1.019759E-05 -4.971005E-05  1.693391E-05 -2.118810E-05 -8.066464E-17 -1.431147E-17
        36   4  1.019759E-05 -4.971005E-05  1.693391E-05 -2.118810E-05  8.543513E-17 -1.951564E-17
        36   5  1.019759E-05 -4.971005E-05  1.693391E-05 -2.118810E-05 -8.055622E-17  4.770490E-17
        36   6  1.019759E-05 -4.971005E-05  1.693391E-05 -2.118810E-05  1.474515E-16 -7.806256E-17
        36   7  1.019759E-05 -4.971005E-05  1.693391E-05 -2.118810E-05 -1.065771E-16 -2.168404E-18
        36   8  1.019759E-05 -4.971005E-05  1.693391E-05 -2.118810E-05  1.807365E-16 -4.553649E-17
        37   1  1.875814E-05 -7.446255E-05  1.671726E-05  3.297024E-05 -1.145731E-05  3.603724E-05
        37   2  1.875814E-05 -7.446255E-05  1.671726E-05  3.297024E-05 -1.145731E-05  3.603724E-05
        37   3  1.875814E-05 -7.446255E-05  1.671726E-05  3.297024E-05 -1.145731E-05  3.603724E-05
        37   4  1.875814E-05 -7.446255E-05  1.671726E-05  3.297024E-05 -1.145731E-05  3.603724E-05
        37   5  1.875814E-05 -7.446255E-05  1.671726E-05  3.297024E-05 -1.145731E-05  3.603724E-05
        37   6  1.875814E-05 -7.446255E-05  1.671726E-05  3.297024E-05 -1.145731E-05  3.603724E-05
        37   7  1.875814E-05 -7.446255E-05  1.671726E-05  3.297024E-05 -1.145731E-05  3.603724E-05
        37   8  1.875814E-05 -7.446255E-05  1.671726E-05  3.297024E-05 -1.145731E-05  3.603724E-05
        38   1 -1.875814E-05  7.446255E-05 -1.671726E-05  3.297024E-05  1.145731E-05  3.603724E-05
        38   2 -1.875814E-05  7.446255E-05 -1.671726E-05  3.297024E-05  1.145731E-05  3.603724E-05
        38   3 -1.875814E-05  7.446255E-05 -1.671726E-05  3.297024E-05  1.145731E-05  3.603724E-05
        38   4 -1.875814E-05  7.446255E-05 -1.671726E-05  3.297024E-05  1.145731E-05  3.603724E-05
        38   5 -1.875814E-05  7.446255E-05 -1.671726E-05  3.297024E-05  1.145731E-05  3.603724E-05
        38   6 -1.875814E-05  7.446255E-05 -1.671726E-05  3.297024E-05  1.145731E-05  3.603724E-05
        38   7 -1.875814E-05  7.446255E-05 -1.671726E-05  3.297024E-05  1.145731E-05  3.603724E-05
        38   8 -1.875814E-05  7.446255E-05 -1.671726E-05  3.297024E-05  1.145731E-05  3.603724E-05
        39   1 -4.652176E-05  1.846733E-04 -4.146019E-05 -8.176896E-05 -2.841509E-05  8.937537E-05
        39   2 -4.652176E-05  1.846733E-04 -4.146019E-05 -8.176896E-05 -2.841509E-05  8.937537E-05
        39   3 -4.652176E-05  1.846733E-04 -4.146019E-05 -8.176896E-05 -2.841509E-05  8.937537E-05
        39   4 -4.652176E-05  1.846733E-04 -4.146019E-05 -8.176896E-05 -2.841509E-05  8.937537E-05
        39   5 -4.652176E-05  1.846733E-04 -4.146019E-05 -8.176896E-05 -2.841509E-05  8.937537E-05
        39   6 -4.652176E-05  1.846733E-04 -4.146019E-05 -8.176896E-05 -2.841509E-05  8.937537E-05
        39   7 -4.652176E-05  1.846733E-04 -4.146019E-05 -8.176896E-05 -2.841509E-05  8.937537E-05
        39   8 -4.652176E-05  1.846733E-04 -4.146019E-05 -8.176896E-05 -2.841509E-05  8.937537E-05
        40   1  4.652176E-05 -1.846733E-04  4.146019E-05 -8.176896E-05  2.841509E-05  8.937537E-05
        40   2  4.652176E-05 -1.846733E-04  4.146019E-05 -8.176896E-05  2.841509E-05  8.937537E-05
        40   3  4.652176E-05 -1.846733E-04  4.146019E-05 -8.176896E-05  2.841509E-05  8.937537E-05
        40   4  4.652176E-05 -1.846733E-04  4.146019E-05 -8.176896E-05  2.841509E-05  8.937537E-05
        40   5  4.652176E-05 -1.846733E-04  4.146019E-05 -8.176896E-05  2.841509E-05  8.937537E-05
        40   6  4.652176E-05 -1.846733E-04  4.146019E-05 -8.176896E-05  2.841509E-05  8.937537E-05
        40   7  4.652176E-05 -1.846733E-04  4.146019E-05 -8.176896E-05  2.841509E-05  8.937537E-05
        40   8  4.652176E-05 -1.846733E-04  4.146019E-05 -8.176896E-05  2.841509E-05  8.937537E-05
        41   1 -8.934415E-06  2.680324E-06  2.680324E-06  5.421011E-19  2.168404E-19  3.108705E-17
        41   2 -8.934415E-06  2.680324E-06  2.680324E-06  3.252607E-18 -8.673617E-19 -8.334171E-17
        41   3 -8.934415E-06  2.680324E-06  2.680324E-06  5.421011E-19 -6.505213E-19  2.289270E-17
        41   4 -8.934415E-06  2.680324E-06  2.680324E-06  3.469447E-18  1.734723E-18 -7.024485E-17
        41   5 -8.934415E-06  2.680324E-06  2.680324E-06  1.084202E-19 -6.505213E-19 -2.959425E-17
        41   6 -8.934415E-06  2.680324E-06  2.680324E-06 -2.385245E-18 -1.301043E-18 -6.266803E-18
        41   7 -8.934415E-06  2.680324E-06  2.680324E-06  3.252607E-19  4.336809E-19 -1.771263E-17
        41   8 -8.934415E-06  2.680324E-06  2.680324E-06 -2.710505E-18  2.818926E-18  6.003982E-18
        42   1 -5.520002E-06  1.656001E-06  1.656001E-06  2.385245E-18  1.084202E-18 -6.113937E-17
        42   2 -5.520002E-06  1.656001E-06  1.656001E-06  5.692061E-19 -1.301043E-18  5.182999E-17
        42   3 -5.520002E-06  1.656001E-06  1.656001E-06  1.897354E-18 -4.336809E-19 -9.267408E-17
        42   4 -5.520002E-06  1.656001E-06  1.656001E-06  2.710505E-20  1.951564E-18  7.974213E-17
        42   5 -5.520002E-06  1.656001E-06  1.656001E-06 -2.439455E-18  2.168404E-19 -1.010895E-16
        42   6 -5.520002E-06  1.656001E-06  1.656001E-06 -1.192622E-18 -1.951564E-18  9.143513E-17
        42   7 -5.520002E-06  1.656001E-06  1.656001E-06 -2.141299E-18  0.000000E+00 -1.221985E-16
        42   8 -5.520002E-06  1.656001E-06  1.656001E-06 -7.589415E-19  2.818926E-18  1.211325E-16
        43   1 -6.137602E-04  2.116415E-04  1.199302E-04 -9.920450E-17 -2.751339E-04 -6.326320E-17
        43   2 -6.137602E-04  2.116415E-04  1.199302E-04 -3.035766E-18 -2.751339E-04 -7.752046E-18
        43   3 -6.137602E-04  2.116415E-04  1.199302E-04 -1.297790E-16 -2.751339E-04  2.694242E-17
        43   4 -6.137602E-04  2.116415E-04  1.199302E-04  4.336809E-19 -2.751339E-04 -4.954804E-17
        43   5 -6.137602E-04  2.116415E-04  1.199302E-04  2.949030E-17 -2.751339E-04  1.446326E-16
        43   6 -6.137602E-04  2.116415E-04  1.199302E-04 -2.526191E-17 -2.751339E-04 -1.451205E-16
        43   7 -6.137602E-04  2.116415E-04  1.199302E-04 -1.084202E-18 -2.751339E-04  2.016616E-16
        43   8 -6.137602E-04  2.116415E-04  1.199302E-04 -2.298509E-17 -2.751339E-04 -1.877296E-16
        44   1  6.036645E-04 -2.081602E-04 -1.179574E-04 -8.131516E-20 -2.706082E-04 -9.481348E-17
        44   2  6.036645E-04 -2.081602E-04 -1.179574E-04  2.496376E-17 -2.706082E-04  1.346782E-16
        44   3  6.036645E-04 -2.081602E-04 -1.179574E-04  2.236167E-18 -2.706082E-04 -1.000041E-16
        44   4  6.036645E-04 -2.081602E-04 -1.179574E-04  2.509928E-17 -2.706082E-04  1.103989E-16
        44   5  6.036645E-04 -2.081602E-04 -1.179574E-04 -1.075800E-16 -2.706082E-04 -8.970418E-17
        44   6  6.036645E-04 -2.081602E-04 -1.179574E-04 -8.931115E-18 -2.706082E-04  1.048898E-16
        44   7  6.036645E-04 -2.081602E-04 -1.179574E-04 -1.054116E-16 -2.706082E-04 -9.532170E-17
        44   8  6.036645E-04 -2.081602E-04 -1.179574E-04 -9.866240E-18 -2.706082E-04  8.269752E-17
        45   1  8.934415E-06 -2.680324E-06 -2.680324E-06 -1.084202E-19 -2.168404E-18 -3.429120E-17
        45   2  8.934415E-06 -2.680324E-06 -2.680324E-06 -2.602085E-18  1.084202E-18  3.698064E-17
        45   3  8.934415E-06 -2.680324E-06 -2.680324E-06  4.336809E-19  2.385245E-18 -7.257070E-18
        45   4  8.934415E-06 -2.680324E-06 -2.680324E-06 -2.493665E-18 -1.301043E-18  5.550766E-17
        45   5  8.934415E-06 -2.680324E-06 -2.680324E-06 -6.505213E-19 -1.084202E-18  5.576412E-17
        45   6  8.934415E-06 -2.680324E-06 -2.680324E-06  1.951564E-18  2.385245E-18 -1.621734E-17
        45   7  8.934415E-06 -2.680324E-06 -2.680324E-06  0.000000E+00  1.517883E-18  7.601790E-17
        45   8  8.934415E-06 -2.680324E-06 -2.680324E-06  2.385245E-18 -2.818926E-18  1.637158E-19
        46   1  5.520002E-06 -1.656001E-06 -1.656001E-06 -1.951564E-18  6.505213E-19 -6.626938E-18
        46   2  5.520002E-06 -1.656001E-06 -1.656001E-06 -2.141299E-18  1.084202E-18  2.763624E-17
        46   3  5.520002E-06 -1.656001E-06 -1.656001E-06 -9.757820E-19 -2.168404E-19  5.269193E-17
        46   4  5.520002E-06 -1.656001E-06 -1.656001E-06 -1.138412E-18 -1.951564E-18 -2.293162E-17
        46   5  5.520002E-06 -1.656001E-06 -1.656001E-06  8.402567E-19  1.084202E-18 -1.793800E-17
        46   6  5.520002E-06 -1.656001E-06 -1.656001E-06  7.318365E-19  1.301043E-18  2.245448E-17
        46   7  5.520002E-06 -1.656001E-06 -1.656001E-06  1.355253E-19  0.000000E+00  4.081933E-17
        46   8  5.520002E-06 -1.656001E-06 -1.656001E-06 -4.065758E-19 -1.301043E-18 -2.546193E-17
        47   1  6.137602E-04 -2.116415E-04 -1.199302E-04  6.049848E-17  2.751339E-04 -1.891391E-16
        47   2  6.137602E-04 -2.116415E-04 -1.199302E-04  4.445229E-17  2.751339E-04  3.989864E-17
        47   3  6.137602E-04 -2.116415E-04 -1.199302E-04  6.039006E-17  2.751339E-04 -1.528725E-16
        47   4  6.137602E-04 -2.116415E-04 -1.199302E-04  6.819632E-17  2.751339E-04  3.361027E-18
        47   5  6.137602E-04 -2.116415E-04 -1.199302E-04  7.426785E-17  2.751339E-04 -2.792363E-16
        47   6  6.137602E-04 -2.116415E-04 -1.199302E-04 -2.786400E-17  2.751339E-04 -3.220080E-17
        47   7  6.137602E-04 -2.116415E-04 -1.199302E-04  7.047314E-17  2.751339E-04 -2.624853E-16
        47   8  6.137602E-04 -2.116415E-04 -1.199302E-04 -5.637851E-18  2.751339E-04 -6.667843E-17
        48   1 -6.036645E-04  2.081602E-04  1.179574E-04  3.141476E-17  2.706082E-04  2.134591E-16
        48   2 -6.036645E-04  2.081602E-04  1.179574E-04 -5.274644E-17  2.706082E-04 -4.818601E-17
        48   3 -6.036645E-04  2.081602E-04  1.179574E-04  5.946849E-17  2.706082E-04  2.754890E-16
        48   4 -6.036645E-04  2.081602E-04  1.179574E-04 -6.259912E-17  2.706082E-04 -9.357342E-17
        48   5 -6.036645E-04  2.081602E-04  1.179574E-04 -9.215718E-19  2.706082E-04  1.910974E-16
        48   6 -6.036645E-04  2.081602E-04  1.179574E-04 -5.995638E-17  2.706082E-04  1.515173E-17
        48   7 -6.036645E-04  2.081602E-04  1.179574E-04  2.615638E-17  2.706082E-04  2.562241E-16
        48   8 -6.036645E-04  2.081602E-04  1.179574E-04 -6.873842E-17  2.706082E-04 -3.275646E-17
        49   1  3.568942E-04  2.635128E-04 -2.658887E-04 -5.741969E-04 -1.040834E-16  9.128982E-17
        49   2  3.568942E-04  2.635128E-04 -2.658887E-04 -5.741969E-04 -3.447763E-17 -4.531965E-17
        49   3  3.568942E-04  2.635128E-04 -2.658887E-04 -5.741969E-04  3.838076E-17 -1.346579E-16
        49   4  3.568942E-04  2.635128E-04 -2.658887E-04 -5.741969E-04 -1.376937E-17  4.922278E-17
        49   5  3.568942E-04  2.635128E-04 -2.658887E-04 -5.741969E-04 -5.464379E-17  1.366095E-16
        49   6  3.568942E-04  2.635128E-04 -2.658887E-04 -5.741969E-04 -7.361733E-17 -1.110223E-16
        49   7  3.568942E-04  2.635128E-04 -2.658887E-04 -5.741969E-04  9.963818E-17 -1.174191E-16
        49   8  3.568942E-04  2.635128E-04 -2.658887E-04 -5.741969E-04 -5.410169E-17 -2.482823E-17
        50   1 -3.568942E-04 -2.635128E-04  2.658887E-04 -5.741969E-04  1.387779E-17 -7.817098E-17
        50   2 -3.568942E-04 -2.635128E-04  2.658887E-04 -5.741969E-04 -6.505213E-19 -3.274291E-17
        50   3 -3.568942E-04 -2.635128E-04  2.658887E-04 -5.741969E-04  1.099381E-16  8.001412E-17
        50   4 -3.568942E-04 -2.635128E-04  2.658887E-04 -5.741969E-04  1.001803E-16  4.770490E-18
        50   5 -3.568942E-04 -2.635128E-04  2.658887E-04 -5.741969E-04 -2.710505E-18 -2.829768E-17
        50   6 -3.568942E-04 -2.635128E-04  2.658887E-04 -5.741969E-04  1.019150E-17 -2.114194E-17
        50   7 -3.568942E-04 -2.635128E-04  2.658887E-04 -5.741969E-04  9.909608E-17  1.220812E-16
        50   8 -3.568942E-04 -2.635128E-04  2.658887E-04 -5.741969E-04  1.128654E-16  7.047314E-18
        51   1  6.573266E-05  4.853370E-05 -4.897130E-05 -1.057554E-04  3.989864E-17  7.491837E-17
        51   2  6.573266E-05  4.853370E-05 -4.897130E-05 -1.057554E-04 -2.168404E-17 -4.293441E-17
        51   3  6.573266E-05  4.853370E-05 -4.897130E-05 -1.057554E-04  2.818926E-17  3.783866E-17
        51   4  6.573266E-05  4.853370E-05 -4.897130E-05 -1.057554E-04 -5.258381E-17  8.023096E-18
        51   5  6.573266E-05  4.853370E-05 -4.897130E-05 -1.057554E-04  7.199102E-17  1.125402E-16
        51   6  6.573266E-05  4.853370E-05 -4.897130E-05 -1.057554E-04  3.252607E-18 -4.987330E-18
        51   7  6.573266E-05  4.853370E-05 -4.897130E-05 -1.057554E-04  7.177418E-17  5.431853E-17
        51   8  6.573266E-05  4.853370E-05 -4.897130E-05 -1.057554E-04 -2.677979E-17  4.304283E-17
        52   1 -6.573266E-05 -4.853370E-05  4.897130E-05 -1.057554E-04 -1.246832E-17 -2.471981E-17
        52   2 -6.573266E-05 -4.853370E-05  4.897130E-05 -1.057554E-04 -2.623769E-17 -2.125036E-17
        52   3 -6.573266E-05 -4.853370E-05  4.897130E-05 -1.057554E-04 -5.572799E-17 -3.545341E-17
        52   4 -6.573266E-05 -4.853370E-05  4.897130E-05 -1.057554E-04 -6.201636E-17 -4.228388E-17
        52   5 -6.573266E-05 -4.853370E-05  4.897130E-05 -1.057554E-04  1.626303E-17 -4.770490E-18
        52   6 -6.573266E-05 -4.853370E-05  4.897130E-05 -1.057554E-04  5.171644E-17 -5.269223E-17
        52   7 -6.573266E-05 -4.853370E-05  4.897130E-05 -1.057554E-04 -2.710505E-17 -1.756408E-17
        52   8 -6.573266E-05 -4.853370E-05  4.897130E-05 -1.057554E-04  1.832302E-17 -8.001412E-17
        53   1  1.827893E-04  1.327223E-04 -1.140187E-04 -3.078593E-04  1.113030E-04 -1.026198E-04
        53   2  1.827893E-04  1.327223E-04 -1.140187E-04 -3.078593E-04  1.113030E-04 -1.026198E-04
        53   3  1.827893E-04  1.327223E-04 -1.140187E-04 -3.078593E-04  1.113030E-04 -1.026198E-04
        53   4  1.827893E-04  1.327223E-04 -1.140187E-04 -3.078593E-04  1.113030E-04 -1.026198E-04
        53   5  1.827893E-04  1.327223E-04 -1.140187E-04 -3.078593E-04  1.113030E-04 -1.026198E-04
        53   6  1.827893E-04  1.327223E-04 -1.140187E-04 -3.078593E-04  1.113030E-04 -1.026198E-04
        53   7  1.827893E-04  1.327223E-04 -1.140187E-04 -3.078593E-04  1.113030E-04 -1.026198E-04
        53   8  1.827893E-04  1.327223E-04 -1.140187E-04 -3.078593E-04  1.113030E-04 -1.026198E-04
        54   1 -1.827893E-04 -1.327223E-04  1.140187E-04 -3.078593E-04 -1.113030E-04 -1.026198E-04
        54   2 -1.827893E-04 -1.327223E-04  1.140187E-04 -3.078593E-04 -1.113030E-04 -1.026198E-04
        54   3 -1.827893E-04 -1.327223E-04  1.140187E-04 -3.078593E-04 -1.113030E-04 -1.026198E-04
        54   4 -1.827893E-04 -1.327223E-04  1.140187E-04 -3.078593E-04 -1.113030E-04 -1.026198E-04
        54   5 -1.827893E-04 -1.327223E-04  1.140187E-04 -3.078593E-04 -1.113030E-04 -1.026198E-04
        54   6 -1.827893E-04 -1.327223E-04  1.140187E-04 -3.078593E-04 -1.113030E-04 -1.026198E-04
        54   7 -1.827893E-04 -1.327223E-04  1.140187E-04 -3.078593E-04 -1.113030E-04 -1.026198E-04
        54   8 -1.827893E-04 -1.327223E-04  1.140187E-04 -3.078593E-04 -1.113030E-04 -1.026198E-04
        55   1  1.877138E-04  1.362979E-04 -1.170904E-04 -3.161533E-04 -1.143016E-04  1.053844E-04
        55   2  1.877138E-04  1.362979E-04 -1.170904E-04 -3.161533E-04 -1.143016E-04  1.053844E-04
        55   3  1.877138E-04  1.362979E-04 -1.170904E-04 -3.161533E-04 -1.143016E-04  1.053844E-04
        55   4  1.877138E-04  1.362979E-04 -1.170904E-04 -3.161533E-04 -1.143016E-04  1.053844E-04
        55   5  1.877138E-04  1.362979E-04 -1.170904E-04 -3.161533E-04 -1.143016E-04  1.053844E-04
        55   6  1.877138E-04  1.362979E-04 -1.170904E-04 -3.161533E-04 -1.143016E-04  1.053844E-04
        55   7  1.877138E-04  1.362979E-04 -1.170904E-04 -3.161533E-04 -1.143016E-04  1.053844E-04
        55   8  1.877138E-04  1.362979E-04 -1.170904E-04 -3.161533E-04 -1.143016E-04  1.053844E-04
        56   1 -1.877138E-04 -1.362979E-04  1.170904E-04 -3.161533E-04  1.143016E-04  1.053844E-04
        56   2 -1.877138E-04 -1.362979E-04  1.170904E-04 -3.161533E-04  1.143016E-04  1.053844E-04
        56   3 -1.877138E-04 -1.362979E-04  1.170904E-04 -3.161533E-04  1.143016E-04  1.053844E-04
        56   4 -1.877138E-04 -1.362979E-04  1.170904E-04 -3.161533E-04  1.143016E-04  1.053844E-04
        56   5 -1.877138E-04 -1.362979E-04  1.170904E-04 -3.161533E-04  1.143016E-04  1.053844E-04
        56   6 -1.877138E-04 -1.362979E-04  1.170904E-04 -3.161533E-04  1.143016E-04  1.053844E-04
        56   7 -1.877138E-04 -1.362979E-04  1.170904E-04 -3.161533E-04  1.143016E-04  1.053844E-04
        56   8 -1.877138E-04 -1.362979E-04  1.170904E-04 -3.161533E-04  1.143016E-04  1.053844E-04
        57   1 -6.651015E-05  1.825769E-05  2.067963E-05 -1.453163E-05 -4.167402E-19  1.771400E-17
        57   2 -6.651015E-05  1.825769E-05  2.067963E-05 -1.453163E-05  4.211448E-18  8.219608E-18
        57   3 -6.651015E-05  1.825769E-05  2.067963E-05 -1.453163E-05  2.320870E-19  2.696402E-17
        57   4 -6.651015E-05  1.825769E-05  2.067963E-05 -1.453163E-05  3.086588E-18 -1.259114E-18
        57   5 -6.651015E-05  1.825769E-05  2.067963E-05 -1.453163E-05 -6.369688E-19  2.002344E-17
        57   6 -6.651015E-05  1.825769E-05  2.067963E-05 -1.453163E-05  4.677316E-18  5.746272E-18
        57   7 -6.651015E-05  1.825769E-05  2.067963E-05 -1.453163E-05 -3.066259E-19  2.878769E-17
        57   8 -6.651015E-05  1.825769E-05  2.067963E-05 -1.453163E-05  3.328839E-18 -3.312746E-18
        58   1 -1.495256E-04  4.104625E-05  4.649116E-05 -3.266947E-05  1.192622E-18  1.074038E-18
        58   2 -1.495256E-04  4.104625E-05  4.649116E-05 -3.266947E-05  1.897354E-19 -9.486769E-19
        58   3 -1.495256E-04  4.104625E-05  4.649116E-05 -3.266947E-05 -8.402567E-19  1.629691E-18
        58   4 -1.495256E-04  4.104625E-05  4.649116E-05 -3.266947E-05  1.002887E-18 -1.290878E-18
        58   5 -1.495256E-04  4.104625E-05  4.649116E-05 -3.266947E-05  1.572093E-18  3.049319E-20
        58   6 -1.495256E-04  4.104625E-05  4.649116E-05 -3.266947E-05 -2.168404E-19  1.324760E-18
        58   7 -1.495256E-04  4.104625E-05  4.649116E-05 -3.266947E-05 -4.878910E-19  1.863472E-19
        58   8 -1.495256E-04  4.104625E-05  4.649116E-05 -3.266947E-05  7.860466E-19  1.121472E-18
        59   1 -5.358355E-06  5.280523E-06 -7.368156E-06 -1.823808E-06 -1.190541E-05 -1.984235E-06
        59   2 -5.358355E-06  5.280523E-06 -7.368156E-06 -1.823808E-06 -1.190541E-05 -1.984235E-06
        59   3 -5.358355E-06  5.280523E-06 -7.368156E-06 -1.823808E-06 -1.190541E-05 -1.984235E-06
        59   4 -5.358355E-06  5.280523E-06 -7.368156E-06 -1.823808E-06 -1.190541E-05 -1.984235E-06
        59   5 -5.358355E-06  5.280523E-06 -7.368156E-06 -1.823808E-06 -1.190541E-05 -1.984235E-06
        59   6 -5.358355E-06  5.280523E-06 -7.368156E-06 -1.823808E-06 -1.190541E-05 -1.984235E-06
        59   7 -5.358355E-06  5.280523E-06 -7.368156E-06 -1.823808E-06 -1.190541E-05 -1.984235E-06
        59   8 -5.358355E-06  5.280523E-06 -7.368156E-06 -1.823808E-06 -1.190541E-05 -1.984235E-06
        60   1 -6.561566E-05  6.466257E-05 -9.022664E-05 -2.233341E-05  1.457875E-04  2.429792E-05
        60   2 -6.561566E-05  6.466257E-05 -9.022664E-05 -2.233341E-05  1.457875E-04  2.429792E-05
        60   3 -6.561566E-05  6.466257E-05 -9.022664E-05 -2.233341E-05  1.457875E-04  2.429792E-05
        60   4 -6.561566E-05  6.466257E-05 -9.022664E-05 -2.233341E-05  1.457875E-04  2.429792E-05
        60   5 -6.561566E-05  6.466257E-05 -9.022664E-05 -2.233341E-05  1.457875E-04  2.429792E-05
        60   6 -6.561566E-05  6.466257E-05 -9.022664E-05 -2.233341E-05  1.457875E-04  2.429792E-05
        60   7 -6.561566E-05  6.466257E-05 -9.022664E-05 -2.233341E-05  1.457875E-04  2.429792E-05
        60   8 -6.561566E-05  6.466257E-05 -9.022664E-05 -2.233341E-05  1.457875E-04  2.429792E-05
        61   1  6.651015E-05 -1.825769E-05 -2.067963E-05 -1.453163E-05  4.995800E-18  3.842141E-18
        61   2  6.651015E-05 -1.825769E-05 -2.067963E-05 -1.453163E-05  3.693064E-19 -2.587686E-18
        61   3  6.651015E-05 -1.825769E-05 -2.067963E-05 -1.453163E-05 -6.996492E-19  2.217786E-17
        61   4  6.651015E-05 -1.825769E-05 -2.067963E-05 -1.453163E-05 -5.292262E-18 -2.236845E-17
        61   5  6.651015E-05 -1.825769E-05 -2.067963E-05 -1.453163E-05  2.513994E-18 -7.986250E-18
        61   6  6.651015E-05 -1.825769E-05 -2.067963E-05 -1.453163E-05  1.690678E-18  8.392402E-18
        61   7  6.651015E-05 -1.825769E-05 -2.067963E-05 -1.453163E-05 -2.120970E-18  1.057478E-17
        61   8  6.651015E-05 -1.825769E-05 -2.067963E-05 -1.453163E-05 -2.817232E-18 -1.146798E-17
        62   1  1.495256E-04 -4.104625E-05 -4.649116E-05 -3.266947E-05 -2.710505E-20  4.025101E-18
        62   2  1.495256E-04 -4.104625E-05 -4.649116E-05 -3.266947E-05 -1.246832E-18 -1.348476E-18
        62   3  1.495256E-04 -4.104625E-05 -4.649116E-05 -3.266947E-05  1.029992E-18  3.520269E-18
        62   4  1.495256E-04 -4.104625E-05 -4.649116E-05 -3.266947E-05  8.673617E-19 -7.691059E-19
        62   5  1.495256E-04 -4.104625E-05 -4.649116E-05 -3.266947E-05  2.710505E-20  1.982057E-18
        62   6  1.495256E-04 -4.104625E-05 -4.649116E-05 -3.266947E-05 -8.944668E-19 -7.724940E-19
        62   7  1.495256E-04 -4.104625E-05 -4.649116E-05 -3.266947E-05  9.757820E-19  1.246832E-18
        62   8  1.495256E-04 -4.104625E-05 -4.649116E-05 -3.266947E-05  1.355253E-18 -2.270048E-19
        63   1  5.358355E-06 -5.280523E-06  7.368156E-06 -1.823808E-06  1.190541E-05 -1.984235E-06
        63   2  5.358355E-06 -5.280523E-06  7.368156E-06 -1.823808E-06  1.190541E-05 -1.984235E-06
        63   3  5.358355E-06 -5.280523E-06  7.368156E-06 -1.823808E-06  1.190541E-05 -1.984235E-06
        63   4  5.358355E-06 -5.280523E-06  7.368156E-06 -1.823808E-06  1.190541E-05 -1.984235E-06
        63   5  5.358355E-06 -5.280523E-06  7.368156E-06 -1.823808E-06  1.190541E-05 -1.984235E-06
        63   6  5.358355E-06 -5.280523E-06  7.368156E-06 -1.823808E-06  1.190541E-05 -1.984235E-06
        63   7  5.358355E-06 -5.280523E-06  7.368156E-06 -1.823808E-06  1.190541E-05 -1.984235E-06
        63   8  5.358355E-06 -5.280523E-06  7.368156E-06 -1.823808E-06  1.190541E-05 -1.984235E-06
        64   1  6.561566E-05 -6.466257E-05  9.022664E-05 -2.233341E-05 -1.457875E-04  2.429792E-05
        64   2  6.561566E-05 -6.466257E-05  9.022664E-05 -2.233341E-05 -1.457875E-04  2.429792E-05
        64   3  6.561566E-05 -6.466257E-05  9.022664E-05 -2.233341E-05 -1.457875E-04  2.429792E-05
        64   4  6.561566E-05 -6.466257E-05  9.022664E-05 -2.233341E-05 -1.457875E-04  2.429792E-05
        64   5  6.561566E-05 -6.466257E-05  9.022664E-05 -2.233341E-05 -1.457875E-04  2.429792E-05
        64   6  6.561566E-05 -6.466257E-05  9.022664E-05 -2.233341E-05 -1.457875E-04  2.429792E-05
        64   7  6.561566E-05 -6.466257E-05  9.022664E-05 -2.233341E-05 -1.457875E-04  2.429792E-05
        64   8  6.561566E-05 -6.466257E-05  9.022664E-05 -2.233341E-05 -1.457875E-04  2.429792E-05
        65   1 -4.150190E-05  2.004779E-04 -6.813258E-05 -8.457707E-05 -7.348011E-20 -1.513987E-17
        65   2 -4.150190E-05  2.004779E-04 -6.813258E-05 -8.457707E-05 -3.308299E-18  7.049855E-18
        65   3 -4.150190E-05  2.004779E-04 -6.813258E-05 -8.457707E-05 -1.065144E-17  4.939049E-18
        65   4 -4.150190E-05  2.004779E-04 -6.813258E-05 -8.457707E-05  4.173755E-19  7.105759E-18
        65   5 -4.150190E-05  2.004779E-04 -6.813258E-05 -8.457707E-05  2.737399E-18 -1.332468E-17
        65   6 -4.150190E-05  2.004779E-04 -6.813258E-05 -8.457707E-05 -5.960359E-18  5.947865E-18
        65   7 -4.150190E-05  2.004779E-04 -6.813258E-05 -8.457707E-05 -7.877830E-18  7.875712E-18
        65   8 -4.150190E-05  2.004779E-04 -6.813258E-05 -8.457707E-05 -2.253743E-18  6.426439E-18
        66   1  4.150190E-05 -2.004779E-04  6.813258E-05 -8.457707E-05 -3.295593E-18 -7.894347E-19
        66   2  4.150190E-05 -2.004779E-04  6.813258E-05 -8.457707E-05  3.659606E-18 -3.187385E-18
        66   3  4.150190E-05 -2.004779E-04  6.813258E-05 -8.457707E-05  6.542271E-18  1.417171E-17
        66   4  4.150190E-05 -2.004779E-04  6.813258E-05 -8.457707E-05 -1.419204E-18 -7.631767E-19
        66   5  4.150190E-05 -2.004779E-04  6.813258E-05 -8.457707E-05 -4.652328E-19 -6.107108E-19
        66   6  4.150190E-05 -2.004779E-04  6.813258E-05 -8.457707E-05  5.584065E-19 -2.032879E-18
        66   7  4.150190E-05 -2.004779E-04  6.813258E-05 -8.457707E-05  9.512392E-18  1.365502E-17
        66   8  4.150190E-05 -2.004779E-04  6.813258E-05 -8.457707E-05 -4.486098E-18  1.596657E-18
        67   1 -5.652839E-06  2.730644E-05 -9.280117E-06 -1.151997E-05 -1.040156E-18 -2.534323E-18
        67   2 -5.652839E-06  2.730644E-05 -9.280117E-06 -1.151997E-05 -8.809143E-19  1.050321E-18
        67   3 -5.652839E-06  2.730644E-05 -9.280117E-06 -1.151997E-05 -6.342583E-18  4.336809E-19
        67   4 -5.652839E-06  2.730644E-05 -9.280117E-06 -1.151997E-05  4.297845E-18  1.992221E-18
        67   5 -5.652839E-06  2.730644E-05 -9.280117E-06 -1.151997E-05  4.370690E-19 -1.843144E-18
        67   6 -5.652839E-06  2.730644E-05 -9.280117E-06 -1.151997E-05 -1.733029E-18  7.521653E-19
        67   7 -5.652839E-06  2.730644E-05 -9.280117E-06 -1.151997E-05 -4.873828E-18  1.287490E-18
        67   8 -5.652839E-06  2.730644E-05 -9.280117E-06 -1.151997E-05  3.588032E-18  1.673737E-18
        68   1  5.652839E-06 -2.730644E-05  9.280117E-06 -1.151997E-05 -2.090477E-18 -3.388132E-20
        68   2  5.652839E-06 -2.730644E-05  9.280117E-06 -1.151997E-05 -2.381857E-18  3.523657E-19
        68   3  5.652839E-06 -2.730644E-05  9.280117E-06 -1.151997E-05 -2.597003E-18 -1.273938E-18
        68   4  5.652839E-06 -2.730644E-05  9.280117E-06 -1.151997E-05 -3.191620E-18  1.355253E-19
        68   5  5.652839E-06 -2.730644E-05  9.280117E-06 -1.151997E-05 -8.555033E-19 -2.439455E-19
        68   6  5.652839E-06 -2.730644E-05  9.280117E-06 -1.151997E-05 -3.759132E-18  8.538092E-19
        68   7  5.652839E-06 -2.730644E-05  9.280117E-06 -1.151997E-05 -1.018134E-18 -1.978669E-18
        68   8  5.652839E-06 -2.730644E-05  9.280117E-06 -1.151997E-05 -4.621412E-18  8.741380E-19
        69   1 -4.028890E-05  1.595854E-04 -3.624889E-05 -6.986031E-05  2.393174E-05 -7.600543E-05
        69   2 -4.028890E-05  1.595854E-04 -3.624889E-05 -6.986031E-05  2.393174E-05 -7.600543E-05
        69   3 -4.028890E-05  1.595854E-04 -3.624889E-05 -6.986031E-05  2.393174E-05 -7.600543E-05
        69   4 -4.028890E-05  1.595854E-04 -3.624889E-05 -6.986031E-05  2.393174E-05 -7.600543E-05
        69   5 -4.028890E-05  1.595854E-04 -3.624889E-05 -6.986031E-05  2.393174E-05 -7.600543E-05
        69   6 -4.028890E-05  1.595854E-04 -3.624889E-05 -6.986031E-05  2.393174E-05 -7.600543E-05
        69   7 -4.028890E-05  1.595854E-04 -3.624889E-05 -6.986031E-05  2.393174E-05 -7.600543E-05
        69   8 -4.028890E-05  1.595854E-04 -3.624889E-05 -6.986031E-05  2.393174E-05 -7.600543E-05
        70   1  4.028890E-05 -1.595854E-04  3.624889E-05 -6.986031E-05 -2.393174E-05 -7.600543E-05
        70   2  4.028890E-05 -1.595854E-04  3.624889E-05 -6.986031E-05 -2.393174E-05 -7.600543E-05
        70   3  4.028890E-05 -1.595854E-04  3.624889E-05 -6.986031E-05 -2.393174E-05 -7.600543E-05
        70   4  4.028890E-05 -1.595854E-04  3.624889E-05 -6.986031E-05 -2.393174E-05 -7.600543E-05
        70   5  4.028890E-05 -1.595854E-04  3.624889E-05 -6.986031E-05 -2.393174E-05 -7.600543E-05
        70   6  4.028890E-05 -1.595854E-04  3.624889E-05 -6.986031E-05 -2.393174E-05 -7.600543E-05
        70   7  4.028890E-05 -1.595854E-04  3.624889E-05 -6.986031E-05 -2.393174E-05 -7.600543E-05
        70   8  4.028890E-05 -1.595854E-04  3.624889E-05 -6.986031E-05 -2.393174E-05 -7.600543E-05
        71   1  2.964326E-08 -1.174177E-07  2.667075E-08  5.140093E-08  1.760819E-08 -5.592231E-08
        71   2  2.964326E-08 -1.174177E-07  2.667075E-08  5.140093E-08  1.760819E-08 -5.592231E-08
        71   3  2.964326E-08 -1.174177E-07  2.667075E-08  5.140093E-08  1.760819E-08 -5.592231E-08
        71   4  2.964326E-08 -1.174177E-07  2.667075E-08  5.140093E-08  1.760819E-08 -5.592231E-08
        71   5  2.964326E-08 -1.174177E-07  2.667075E-08  5.140093E-08  1.760819E-08 -5.592231E-08
        71   6  2.964326E-08 -1.174177E-07  2.667075E-08  5.140093E-08  1.760819E-08 -5.592231E-08
        71   7  2.964326E-08 -1.174177E-07  2.667075E-08  5.140093E-08  1.760819E-08 -5.592231E-08
        71   8  2.964326E-08 -1.174177E-07  2.667075E-08  5.140093E-08  1.760819E-08 -5.592231E-08
        72   1 -2.964326E-08  1.174178E-07 -2.667075E-08  5.140094E-08 -1.760819E-08 -5.592232E-08
        72   2 -2.964326E-08  1.174178E-07 -2.667075E-08  5.140094E-08 -1.760819E-08 -5.592232E-08
        72   3 -2.964326E-08  1.174178E-07 -2.667075E-08  5.140094E-08 -1.760819E-08 -5.592232E-08
        72   4 -2.964326E-08  1.174178E-07 -2.667075E-08  5.140094E-08 -1.760819E-08 -5.592232E-08
        72   5 -2.964326E-08  1.174178E-07 -2.667075E-08  5.140094E-08 -1.760819E-08 -5.592232E-08
        72   6 -2.964326E-08  1.174178E-07 -2.667075E-08  5.140094E-08 -1.760819E-08 -5.592232E-08
        72   7 -2.964326E-08  1.174178E-07 -2.667075E-08  5.140094E-08 -1.760819E-08 -5.592232E-08
        72   8 -2.964326E-08  1.174178E-07 -2.667075E-08  5.140094E-08 -1.760819E-08 -5.592232E-08
        73   1 -3.865027E-05 -2.935737E-05  1.195413E-04  7.968886E-18 -3.339343E-17 -3.834135E-05
        73   2 -3.865027E-05 -2.935737E-05  1.195413E-04  1.485357E-17  5.074066E-17 -3.834135E-05
        73   3 -3.865027E-05 -2.935737E-05  1.195413E-04  1.569383E-17  2.135878E-17 -3.834135E-05
        73   4 -3.865027E-05 -2.935737E-05  1.195413E-04  1.095044E-17 -7.990570E-17 -3.834135E-05
        73   5 -3.865027E-05 -2.935737E-05  1.195413E-04  8.863353E-18 -3.317659E-17 -3.834135E-05
        73   6 -3.865027E-05 -2.935737E-05  1.195413E-04  9.080193E-18  5.637851E-17 -3.834135E-05
        73   7 -3.865027E-05 -2.935737E-05  1.195413E-04  1.769960E-17  2.916504E-17 -3.834135E-05
        73   8 -3.865027E-05 -2.935737E-05  1.195413E-04  1.542278E-17 -8.673617E-17 -3.834135E-05
        74   1  3.865027E-05  2.935737E-05 -1.195413E-04 -5.854692E-18 -9.551821E-17 -3.834135E-05
        74   2  3.865027E-05  2.935737E-05 -1.195413E-04  2.756584E-17  8.478461E-17 -3.834135E-05
        74   3  3.865027E-05  2.935737E-05 -1.195413E-04  7.101524E-18 -2.352719E-17 -3.834135E-05
        74   4  3.865027E-05  2.935737E-05 -1.195413E-04 -2.306640E-17 -1.010476E-16 -3.834135E-05
        74   5  3.865027E-05  2.935737E-05 -1.195413E-04 -7.724940E-18 -9.128982E-17 -3.834135E-05
        74   6  3.865027E-05  2.935737E-05 -1.195413E-04  2.978845E-17  8.424251E-17 -3.834135E-05
        74   7  3.865027E-05  2.935737E-05 -1.195413E-04  5.827587E-18 -2.439455E-17 -3.834135E-05
        74   8  3.865027E-05  2.935737E-05 -1.195413E-04 -1.916327E-17 -1.156844E-16 -3.834135E-05
        75   1  2.039591E-15 -6.783992E-15  1.982720E-15  4.770490E-18 -2.966930E-17  6.938894E-18
        75   2  2.083282E-15 -6.789337E-15  2.035183E-15  2.168404E-17 -3.103972E-17  9.540979E-18
        75   3  2.475247E-15 -8.242568E-15  2.427599E-15  2.385245E-17 -4.927659E-17  8.673617E-18
        75   4  2.447899E-15 -8.247959E-15  2.474006E-15  2.645453E-17 -1.401146E-17  5.637851E-18
        75   5  1.732719E-15 -5.722038E-15  1.715533E-15  5.421011E-18 -5.069955E-17  5.204170E-18
        75   6  1.775901E-15 -5.727364E-15  1.690193E-15  1.691355E-17 -1.120114E-17 -2.081668E-17
        75   7  2.162759E-15 -7.178465E-15  2.156422E-15  1.279359E-17 -5.711123E-17  2.168404E-18
        75   8  2.135746E-15 -7.184155E-15  2.130099E-15  3.111660E-17  1.327828E-17 -2.515349E-17
        76   1  4.517350E-05 -1.101804E-04  4.775544E-06 -1.279359E-17  1.355253E-19  7.922109E-05
        76   2  4.517350E-05 -1.101804E-04  4.775544E-06 -8.944668E-19 -2.664427E-17  7.922109E-05
        76   3  4.517350E-05 -1.101804E-04  4.775544E-06 -2.230746E-17  7.414588E-17  7.922109E-05
        76   4  4.517350E-05 -1.101804E-04  4.775544E-06 -1.631724E-17 -6.303280E-17  7.922109E-05
        76   5  4.517350E-05 -1.101804E-04  4.775544E-06 -1.639856E-17 -1.150610E-17  7.922109E-05
        76   6  4.517350E-05 -1.101804E-04  4.775544E-06  1.466383E-17 -1.492133E-17  7.922109E-05
        76   7  4.517350E-05 -1.101804E-04  4.775544E-06 -2.767426E-17  5.849271E-17  7.922109E-05
        76   8  4.517350E-05 -1.101804E-04  4.775544E-06 -9.269929E-18 -5.110658E-17  7.922109E-05
        77   1 -4.517350E-05  1.101804E-04 -4.775544E-06 -3.927522E-17  5.299038E-18  7.922109E-05
        77   2 -4.517350E-05  1.101804E-04 -4.775544E-06  2.303930E-17  4.199928E-17  7.922109E-05
        77   3 -4.517350E-05  1.101804E-04 -4.775544E-06  8.646512E-18  2.554651E-17  7.922109E-05
        77   4 -4.517350E-05  1.101804E-04 -4.775544E-06 -2.547875E-17  2.982911E-17  7.922109E-05
        77   5 -4.517350E-05  1.101804E-04 -4.775544E-06 -3.694419E-17 -4.851805E-18  7.922109E-05
        77   6 -4.517350E-05  1.101804E-04 -4.775544E-06  2.157562E-17  4.896528E-17  7.922109E-05
        77   7 -4.517350E-05  1.101804E-04 -4.775544E-06  1.151965E-17  2.093865E-17  7.922109E-05
        77   8 -4.517350E-05  1.101804E-04 -4.775544E-06 -3.935654E-17  2.985622E-17  7.922109E-05
        78   1  5.028238E-05  3.819270E-05 -1.555183E-04  1.951564E-17  6.722053E-18  4.988049E-05
        78   2  5.028238E-05  3.819270E-05 -1.555183E-04 -1.273938E-17 -9.866240E-18  4.988049E-05
        78   3  5.028238E-05  3.819270E-05 -1.555183E-04  1.772671E-17  2.927346E-18  4.988049E-05
        78   4  5.028238E-05  3.819270E-05 -1.555183E-04 -1.675092E-17 -7.589415E-19  4.988049E-05
        78   5  5.028238E-05  3.819270E-05 -1.555183E-04  1.734723E-17  6.938894E-18  4.988049E-05
        78   6  5.028238E-05  3.819270E-05 -1.555183E-04 -1.601909E-17 -8.673617E-18  4.988049E-05
        78   7  5.028238E-05  3.819270E-05 -1.555183E-04  1.561251E-17  2.818926E-18  4.988049E-05
        78   8  5.028238E-05  3.819270E-05 -1.555183E-04 -1.900064E-17 -6.505213E-19  4.988049E-05
        79   1 -5.028238E-05 -3.819270E-05  1.555183E-04 -3.469447E-18  3.794708E-18  4.988049E-05
        79   2 -5.028238E-05 -3.819270E-05  1.555183E-04 -9.757820E-18 -1.626303E-18  4.988049E-05
        79   3 -5.028238E-05 -3.819270E-05  1.555183E-04 -4.391019E-18 -3.144186E-18  4.988049E-05
        79   4 -5.028238E-05 -3.819270E-05  1.555183E-04 -8.050201E-18  3.361027E-18  4.988049E-05
        79   5 -5.028238E-05 -3.819270E-05  1.555183E-04 -9.757820E-19  4.011548E-18  4.988049E-05
        79   6 -5.028238E-05 -3.819270E-05  1.555183E-04 -3.089976E-18 -2.385245E-18  4.988049E-05
        79   7 -5.028238E-05 -3.819270E-05  1.555183E-04 -2.222614E-18 -3.144186E-18  4.988049E-05
        79   8 -5.028238E-05 -3.819270E-05  1.555183E-04 -9.215718E-19  3.252607E-18  4.988049E-05
        80   1 -5.538553E-15  1.859027E-14 -5.581644E-15  1.301043E-18 -5.711146E-18 -3.523657E-19
        80   2 -5.581265E-15  1.858309E-14 -5.579738E-15  3.252607E-19  9.026279E-18  1.653408E-18
        80   3 -5.601837E-15  1.861916E-14 -5.580167E-15 -2.710505E-18 -3.653996E-18 -4.336809E-19
        80   4 -5.565236E-15  1.861199E-14 -5.578350E-15 -1.409463E-18  7.342985E-18  1.734723E-18
        80   5 -5.542022E-15  1.859065E-14 -5.586729E-15  6.505213E-19  1.360473E-17  5.692061E-19
        80   6 -5.583816E-15  1.858348E-14 -5.578288E-15 -5.421011E-19 -1.524093E-17 -2.710505E-20
        80   7 -5.607348E-15  1.862005E-14 -5.585046E-15 -2.059984E-18  1.586728E-17  2.981556E-19
        80   8 -5.564875E-15  1.861288E-14 -5.576279E-15 -7.589415E-19 -1.669174E-17 -1.897354E-19
        81   1 -4.252200E-05  1.037132E-04 -4.495239E-06 -6.071532E-18 -1.374226E-17 -7.457113E-05
        81   2 -4.252200E-05  1.037132E-04 -4.495239E-06  1.108597E-17  1.222438E-17 -7.457113E-05
        81   3 -4.252200E-05  1.037132E-04 -4.495239E-06 -6.722053E-18 -1.341700E-17 -7.457113E-05
        81   4 -4.252200E-05  1.037132E-04 -4.495239E-06  1.788934E-18  1.713039E-17 -7.457113E-05
        81   5 -4.252200E-05  1.037132E-04 -4.495239E-06 -5.556536E-18 -1.021861E-17 -7.457113E-05
        81   6 -4.252200E-05  1.037132E-04 -4.495239E-06  7.752046E-18  1.028637E-17 -7.457113E-05
        81   7 -4.252200E-05  1.037132E-04 -4.495239E-06 -5.963112E-18 -8.958220E-18 -7.457113E-05
        81   8 -4.252200E-05  1.037132E-04 -4.495239E-06 -1.057097E-18  1.516528E-17 -7.457113E-05
        82   1  4.252200E-05 -1.037132E-04  4.495239E-06  5.339696E-18 -1.188557E-17 -7.457113E-05
        82   2  4.252200E-05 -1.037132E-04  4.495239E-06 -7.399680E-18  2.398797E-18 -7.457113E-05
        82   3  4.252200E-05 -1.037132E-04  4.495239E-06  1.951564E-18 -1.031347E-17 -7.457113E-05
        82   4  4.252200E-05 -1.037132E-04  4.495239E-06  1.897354E-18  5.014435E-18 -7.457113E-05
        82   5  4.252200E-05 -1.037132E-04  4.495239E-06 -2.222614E-18  4.391019E-18 -7.457113E-05
        82   6  4.252200E-05 -1.037132E-04  4.495239E-06 -1.653408E-18 -7.237050E-18 -7.457113E-05
        82   7  4.252200E-05 -1.037132E-04  4.495239E-06 -6.179952E-18  5.664956E-18 -7.457113E-05
        82   8  4.252200E-05 -1.037132E-04  4.495239E-06  6.234162E-18 -5.299038E-18 -7.457113E-05
        83   1  9.865488E-06 -2.959646E-06 -2.959646E-06  2.493665E-18  2.168404E-18 -1.180097E-17
        83   2  9.865488E-06 -2.959646E-06 -2.959646E-06  4.336809E-19 -1.951564E-18 -8.450212E-18
        83   3  9.865488E-06 -2.959646E-06 -2.959646E-06  3.252607E-18  8.239937E-18  8.400911E-18
        83   4  9.865488E-06 -2.959646E-06 -2.959646E-06  5.421011E-19  8.239937E-18 -2.663537E-17
        83   5  9.865488E-06 -2.959646E-06 -2.959646E-06  2.059984E-18  6.505213E-19 -1.402103E-17
        83   6  9.865488E-06 -2.959646E-06 -2.959646E-06  5.637851E-18 -2.818926E-18  1.324637E-17
        83   7  9.865488E-06 -2.959646E-06 -2.959646E-06  1.084202E-18  7.806256E-18 -4.541600E-18
        83   8  9.865488E-06 -2.959646E-06 -2.959646E-06  5.421011E-18  5.204170E-18 -2.165619E-18
        84   1 -9.865488E-06  2.959646E-06  2.959646E-06 -5.312591E-18 -2.818926E-18 -7.295144E-17
        84   2 -9.865488E-06  2.959646E-06  2.959646E-06  1.734723E-18  4.553649E-18  4.772044E-17
        84   3 -9.865488E-06  2.959646E-06  2.959646E-06 -4.336809E-18 -5.637851E-18 -5.884057E-17
        84   4 -9.865488E-06  2.959646E-06  2.959646E-06  2.710505E-18 -3.469447E-18  2.342502E-17
        84   5 -9.865488E-06  2.959646E-06  2.959646E-06 -4.878910E-18 -2.168404E-19 -8.642384E-17
        84   6 -9.865488E-06  2.959646E-06  2.959646E-06 -3.144186E-18  3.252607E-18  6.207430E-17
        84   7 -9.865488E-06  2.959646E-06  2.959646E-06 -5.421011E-18 -6.505213E-18 -6.365199E-17
        84   8 -9.865488E-06  2.959646E-06  2.959646E-06 -3.794708E-18 -6.288373E-18  3.506823E-17
        85   1 -1.069603E-04 -2.749505E-05  5.762372E-05  1.183604E-04 -1.084202E-19 -6.559423E-18
        85   2 -1.069603E-04 -2.749505E-05  5.762372E-05  1.183604E-04  6.830474E-18 -1.263096E-17
        85   3 -1.069603E-04 -2.749505E-05  5.762372E-05  1.183604E-04 -2.992398E-17  1.653408E-17
        85   4 -1.069603E-04 -2.749505E-05  5.762372E-05  1.183604E-04 -5.388485E-17  2.520770E-17
        85   5 -1.069603E-04 -2.749505E-05  5.762372E-05  1.183604E-04 -1.040834E-17 -1.165517E-17
        85   6 -1.069603E-04 -2.749505E-05  5.762372E-05  1.183604E-04  7.806256E-18  1.029992E-18
        85   7 -1.069603E-04 -2.749505E-05  5.762372E-05  1.183604E-04 -4.531965E-17  5.258381E-18
        85   8 -1.069603E-04 -2.749505E-05  5.762372E-05  1.183604E-04 -5.052382E-17  3.838076E-17
        86   1  1.069603E-04  2.749505E-05 -5.762372E-05  1.183604E-04  2.157562E-17  3.523657E-17
        86   2  1.069603E-04  2.749505E-05 -5.762372E-05  1.183604E-04 -6.505213E-18 -1.561251E-17
        86   3  1.069603E-04  2.749505E-05 -5.762372E-05  1.183604E-04  3.751340E-17  4.336809E-19
        86   4  1.069603E-04  2.749505E-05 -5.762372E-05  1.183604E-04  2.233456E-17  5.621588E-17
        86   5  1.069603E-04  2.749505E-05 -5.762372E-05  1.183604E-04  1.778092E-17  4.114547E-17
        86   6  1.069603E-04  2.749505E-05 -5.762372E-05  1.183604E-04 -3.686287E-18 -1.756408E-17
        86   7  1.069603E-04  2.749505E-05 -5.762372E-05  1.183604E-04  3.773024E-17  7.697835E-18
        86   8  1.069603E-04  2.749505E-05 -5.762372E-05  1.183604E-04  2.591243E-17  5.811324E-17
        87   1 -3.784472E-05 -1.628591E-05  1.659580E-05  5.415405E-05  2.761529E-05 -2.266020E-05
        87   2 -3.784472E-05 -1.628591E-05  1.659580E-05  5.415405E-05  2.761529E-05 -2.266020E-05
        87   3 -3.784472E-05 -1.628591E-05  1.659580E-05  5.415405E-05  2.761529E-05 -2.266020E-05
        87   4 -3.784472E-05 -1.628591E-05  1.659580E-05  5.415405E-05  2.761529E-05 -2.266020E-05
        87   5 -3.784472E-05 -1.628591E-05  1.659580E-05  5.415405E-05  2.761529E-05 -2.266020E-05
        87   6 -3.784472E-05 -1.628591E-05  1.659580E-05  5.415405E-05  2.761529E-05 -2.266020E-05
        87   7 -3.784472E-05 -1.628591E-05  1.659580E-05  5.415405E-05  2.761529E-05 -2.266020E-05
        87   8 -3.784472E-05 -1.628591E-05  1.659580E-05  5.415405E-05  2.761529E-05 -2.266020E-05
        88   1  3.784472E-05  1.628591E-05 -1.659580E-05  5.415405E-05 -2.761529E-05 -2.266020E-05
        88   2  3.784472E-05  1.628591E-05 -1.659580E-05  5.415405E-05 -2.761529E-05 -2.266020E-05
        88   3  3.784472E-05  1.628591E-05 -1.659580E-05  5.415405E-05 -2.761529E-05 -2.266020E-05
        88   4  3.784472E-05  1.628591E-05 -1.659580E-05  5.415405E-05 -2.761529E-05 -2.266020E-05
        88   5  3.784472E-05  1.628591E-05 -1.659580E-05  5.415405E-05 -2.761529E-05 -2.266020E-05
        88   6  3.784472E-05  1.628591E-05 -1.659580E-05  5.415405E-05 -2.761529E-05 -2.266020E-05
        88   7  3.784472E-05  1.628591E-05 -1.659580E-05  5.415405E-05 -2.761529E-05 -2.266020E-05
        88   8  3.784472E-05  1.628591E-05 -1.659580E-05  5.415405E-05 -2.761529E-05 -2.266020E-05
        89   1  4.283775E-05  1.843459E-05 -1.878536E-05  6.129884E-05  3.125870E-05  2.564987E-05
        89   2  4.283775E-05  1.843459E-05 -1.878536E-05  6.129884E-05  3.125870E-05  2.564987E-05
        89   3  4.283775E-05  1.843459E-05 -1.878536E-05  6.129884E-05  3.125870E-05  2.564987E-05
        89   4  4.283775E-05  1.843459E-05 -1.878536E-05  6.129884E-05  3.125870E-05  2.564987E-05
        89   5  4.283775E-05  1.843459E-05 -1.878536E-05  6.129884E-05  3.125870E-05  2.564987E-05
        89   6  4.283775E-05  1.843459E-05 -1.878536E-05  6.129884E-05  3.125870E-05  2.564987E-05
        89   7  4.283775E-05  1.843459E-05 -1.878536E-05  6.129884E-05  3.125870E-05  2.564987E-05
        89   8  4.283775E-05  1.843459E-05 -1.878536E-05  6.129884E-05  3.125870E-05  2.564987E-05
        90   1 -4.283775E-05 -1.843459E-05  1.878536E-05  6.129884E-05 -3.125870E-05  2.564987E-05
        90   2 -4.283775E-05 -1.843459E-05  1.878536E-05  6.129884E-05 -3.125870E-05  2.564987E-05
        90   3 -4.283775E-05 -1.843459E-05  1.878536E-05  6.129884E-05 -3.125870E-05  2.564987E-05
        90   4 -4.283775E-05 -1.843459E-05  1.878536E-05  6.129884E-05 -3.125870E-05  2.564987E-05
        90   5 -4.283775E-05 -1.843459E-05  1.878536E-05  6.129884E-05 -3.125870E-05  2.564987E-05
        90   6 -4.283775E-05 -1.843459E-05  1.878536E-05  6.129884E-05 -3.125870E-05  2.564987E-05
        90   7 -4.283775E-05 -1.843459E-05  1.878536E-05  6.129884E-05 -3.125870E-05  2.564987E-05
        90   8 -4.283775E-05 -1.843459E-05  1.878536E-05  6.129884E-05 -3.125870E-05  2.564987E-05
        91   1 -2.178791E-05  3.842024E-05 -8.877718E-05  3.450645E-05 -1.041371E-04  4.734606E-05
        91   2 -2.178791E-05  3.842024E-05 -8.877718E-05  3.450645E-05 -1.041371E-04  4.734606E-05
        91   3 -2.178791E-05  3.842024E-05 -8.877718E-05  3.450645E-05 -1.041371E-04  4.734606E-05
        91   4 -2.178791E-05  3.842024E-05 -8.877718E-05  3.450645E-05 -1.041371E-04  4.734606E-05
        91   5 -2.178791E-05  3.842024E-05 -8.877718E-05  3.450645E-05 -1.041371E-04  4.734606E-05
        91   6 -2.178791E-05  3.842024E-05 -8.877718E-05  3.450645E-05 -1.041371E-04  4.734606E-05
        91   7 -2.178791E-05  3.842024E-05 -8.877718E-05  3.450645E-05 -1.041371E-04  4.734606E-05
        91   8 -2.178791E-05  3.842024E-05 -8.877718E-05  3.450645E-05 -1.041371E-04  4.734606E-05
        92   1  2.633272E-05 -4.400914E-05  1.072344E-04  4.653418E-05 -1.276984E-04 -6.355362E-05
        92   2  2.633272E-05 -4.400914E-05  1.072344E-04  4.653418E-05 -1.276984E-04 -6.355362E-05
        92   3  2.633272E-05 -4.400914E-05  1.072344E-04  4.653418E-05 -1.276984E-04 -6.355362E-05
        92   4  2.633272E-05 -4.400914E-05  1.072344E-04  4.653418E-05 -1.276984E-04 -6.355362E-05
        92   5  2.633272E-05 -4.400914E-05  1.072344E-04  4.653418E-05 -1.276984E-04 -6.355362E-05
        92   6  2.633272E-05 -4.400914E-05  1.072344E-04  4.653418E-05 -1.276984E-04 -6.355362E-05
        92   7  2.633272E-05 -4.400914E-05  1.072344E-04  4.653418E-05 -1.276984E-04 -6.355362E-05
        92   8  2.633272E-05 -4.400914E-05  1.072344E-04  4.653418E-05 -1.276984E-04 -6.355362E-05
        93   1  2.178791E-05 -3.842024E-05  8.877718E-05  3.450645E-05  1.041371E-04  4.734606E-05
        93   2  2.178791E-05 -3.842024E-05  8.877718E-05  3.450645E-05  1.041371E-04  4.734606E-05
        93   3  2.178791E-05 -3.842024E-05  8.877718E-05  3.450645E-05  1.041371E-04  4.734606E-05
        93   4  2.178791E-05 -3.842024E-05  8.877718E-05  3.450645E-05  1.041371E-04  4.734606E-05
        93   5  2.178791E-05 -3.842024E-05  8.877718E-05  3.450645E-05  1.041371E-04  4.734606E-05
        93   6  2.178791E-05 -3.842024E-05  8.877718E-05  3.450645E-05  1.041371E-04  4.734606E-05
        93   7  2.178791E-05 -3.842024E-05  8.877718E-05  3.450645E-05  1.041371E-04  4.734606E-05
        93   8  2.178791E-05 -3.842024E-05  8.877718E-05  3.450645E-05  1.041371E-04  4.734606E-05
        94   1 -2.633272E-05  4.400914E-05 -1.072344E-04  4.653418E-05  1.276984E-04 -6.355362E-05
        94   2 -2.633272E-05  4.400914E-05 -1.072344E-04  4.653418E-05  1.276984E-04 -6.355362E-05
        94   3 -2.633272E-05  4.400914E-05 -1.072344E-04  4.653418E-05  1.276984E-04 -6.355362E-05
        94   4 -2.633272E-05  4.400914E-05 -1.072344E-04  4.653418E-05  1.276984E-04 -6.355362E-05
        94   5 -2.633272E-05  4.400914E-05 -1.072344E-04  4.653418E-05  1.276984E-04 -6.355362E-05
        94   6 -2.633272E-05  4.400914E-05 -1.072344E-04  4.653418E-05  1.276984E-04 -6.355362E-05
        94   7 -2.633272E-05  4.400914E-05 -1.072344E-04  4.653418E-05  1.276984E-04 -6.355362E-05
        94   8 -2.633272E-05  4.400914E-05 -1.072344E-04  4.653418E-05  1.276984E-04 -6.355362E-05
        95   1  1.792045E-07 -4.844011E-07  6.625719E-08 -1.891933E-17  2.587177E-17  2.737745E-07
        95   2  1.792045E-07 -4.844011E-07  6.625719E-08 -3.469447E-18 -6.802013E-17  2.737745E-07
        95   3  1.792045E-07 -4.844011E-07  6.625719E-08  8.758998E-17  7.013433E-18  2.737745E-07
        95   4  1.792045E-07 -4.844011E-07  6.625719E-08 -5.944816E-17 -8.612631E-17  2.737745E-07
        95   5  1.792045E-07 -4.844011E-07  6.625719E-08 -1.160096E-17 -1.090640E-17  2.737745E-07
        95   6  1.792045E-07 -4.844011E-07  6.625719E-08  1.801131E-17 -4.115225E-17  2.737745E-07
        95   7  1.792045E-07 -4.844011E-07  6.625719E-08  8.045458E-17 -3.391520E-18  2.737745E-07
        95   8  1.792045E-07 -4.844011E-07  6.625719E-08 -4.849094E-17 -4.544840E-17  2.737745E-07
        96   1 -2.253316E-05  6.841234E-05 -1.583497E-05 -1.608820E-16 -5.505714E-17  2.468137E-05
        96   2 -2.253316E-05  6.841234E-05 -1.583497E-05  1.472075E-16  7.136253E-17  2.468137E-05
        96   3 -2.253316E-05  6.841234E-05 -1.583497E-05  2.318770E-16  3.510443E-17  2.468137E-05
        96   4 -2.253316E-05  6.841234E-05 -1.583497E-05  4.939219E-17  6.653105E-17  2.468137E-05
        96   5 -2.253316E-05  6.841234E-05 -1.583497E-05 -1.563013E-16 -7.567223E-17  2.468137E-05
        96   6 -2.253316E-05  6.841234E-05 -1.583497E-05  1.551968E-16  7.271947E-17  2.468137E-05
        96   7 -2.253316E-05  6.841234E-05 -1.583497E-05  2.418855E-16  2.695936E-17  2.468137E-05
        96   8 -2.253316E-05  6.841234E-05 -1.583497E-05  5.198749E-17  7.646844E-17  2.468137E-05
        97   1 -1.456200E-05  3.867407E-05 -4.696058E-06  6.108124E-17 -4.270401E-17  2.291777E-05
        97   2 -1.456200E-05  3.867407E-05 -4.696058E-06  4.033232E-17  5.075083E-17  2.291777E-05
        97   3 -1.456200E-05  3.867407E-05 -4.696058E-06 -1.897354E-19 -1.624846E-16  2.291777E-05
        97   4 -1.456200E-05  3.867407E-05 -4.696058E-06 -7.574507E-17  6.312767E-17  2.291777E-05
        97   5 -1.456200E-05  3.867407E-05 -4.696058E-06  5.678509E-17 -4.545856E-17  2.291777E-05
        97   6 -1.456200E-05  3.867407E-05 -4.696058E-06  5.187907E-17  3.830622E-17  2.291777E-05
        97   7 -1.456200E-05  3.867407E-05 -4.696058E-06 -7.426785E-18 -1.506838E-16  2.291777E-05
        97   8 -1.456200E-05  3.867407E-05 -4.696058E-06 -8.611276E-17  5.290229E-17  2.291777E-05
        98   1 -1.792045E-07  4.844011E-07 -6.625719E-08  2.874491E-17 -4.878910E-18  2.737745E-07
        98   2 -1.792045E-07  4.844011E-07 -6.625719E-08 -6.451003E-18 -7.153701E-17  2.737745E-07
        98   3 -1.792045E-07  4.844011E-07 -6.625719E-08 -4.214158E-17  3.094720E-17  2.737745E-07
        98   4 -1.792045E-07  4.844011E-07 -6.625719E-08  6.646837E-17 -8.340564E-17  2.737745E-07
        98   5 -1.792045E-07  4.844011E-07 -6.625719E-08  2.883978E-17 -2.291732E-17  2.737745E-07
        98   6 -1.792045E-07  4.844011E-07 -6.625719E-08 -2.066760E-17 -4.100995E-17  2.737745E-07
        98   7 -1.792045E-07  4.844011E-07 -6.625719E-08 -5.029343E-17  2.197203E-17  2.737745E-07
        98   8 -1.792045E-07  4.844011E-07 -6.625719E-08  5.752370E-17 -4.866713E-17  2.737745E-07
        99   1  2.253316E-05 -6.841234E-05  1.583497E-05  1.410073E-16 -9.232659E-19  2.468137E-05
        99   2  2.253316E-05 -6.841234E-05  1.583497E-05 -1.328622E-16  9.682264E-17  2.468137E-05
        99   3  2.253316E-05 -6.841234E-05  1.583497E-05 -2.617332E-16  8.186065E-17  2.468137E-05
        99   4  2.253316E-05 -6.841234E-05  1.583497E-05 -1.405397E-17  5.452690E-17  2.468137E-05
        99   5  2.253316E-05 -6.841234E-05  1.583497E-05  1.243919E-16 -1.029823E-17  2.468137E-05
        99   6  2.253316E-05 -6.841234E-05  1.583497E-05 -1.405736E-16  8.938061E-17  2.468137E-05
        99   7  2.253316E-05 -6.841234E-05  1.583497E-05 -2.696682E-16  8.139648E-17  2.468137E-05
        99   8  2.253316E-05 -6.841234E-05  1.583497E-05 -3.611748E-17  5.640223E-17  2.468137E-05
       100   1  1.456200E-05 -3.867407E-05  4.696058E-06 -6.430674E-17 -8.155233E-18  2.291777E-05
       100   2  1.456200E-05 -3.867407E-05  4.696058E-06 -6.323609E-17  2.882284E-17  2.291777E-05
       100   3  1.456200E-05 -3.867407E-05  4.696058E-06 -6.640738E-19 -1.074275E-16  2.291777E-05
       100   4  1.456200E-05 -3.867407E-05  4.696058E-06  1.063196E-16  6.621765E-17  2.291777E-05
       100   5  1.456200E-05 -3.867407E-05  4.696058E-06 -5.687996E-17 -2.010856E-17  2.291777E-05
       100   6  1.456200E-05 -3.867407E-05  4.696058E-06 -8.779327E-17  2.039994E-17  2.291777E-05
       100   7  1.456200E-05 -3.867407E-05  4.696058E-06  3.767603E-18 -1.151118E-16  2.291777E-05
       100   8  1.456200E-05 -3.867407E-05  4.696058E-06  1.042325E-16  5.620572E-17  2.291777E-05
       101   1 -1.081394E-05  2.799608E-05 -2.763552E-06  2.904307E-17 -1.959695E-17 -1.767585E-05
       101   2 -1.081394E-05  2.799608E-05 -2.763552E-06 -7.563665E-17  3.882799E-18 -1.767585E-05
       101   3 -1.081394E-05  2.799608E-05 -2.763552E-06 -8.254844E-17  5.830975E-17 -1.767585E-05
       101   4 -1.081394E-05  2.799608E-05 -2.763552E-06 -6.999880E-17  1.151965E-19 -1.767585E-05
       101   5 -1.081394E-05  2.799608E-05 -2.763552E-06  3.068292E-17 -1.056419E-17 -1.767585E-05
       101   6 -1.081394E-05  2.799608E-05 -2.763552E-06 -7.153024E-17  3.415237E-18 -1.767585E-05
       101   7 -1.081394E-05  2.799608E-05 -2.763552E-06 -9.194034E-17  7.047314E-17 -1.767585E-05
       101   8 -1.081394E-05  2.799608E-05 -2.763552E-06 -7.398325E-17 -1.294266E-18 -1.767585E-05
       102   1 -6.559976E-05  1.967107E-04 -4.364458E-05  1.843957E-16  8.622795E-19  7.588856E-05
       102   2 -6.559976E-05  1.967107E-04 -4.364458E-05 -6.857579E-17 -1.373549E-17  7.588856E-05
       102   3 -6.559976E-05  1.967107E-04 -4.364458E-05 -1.828168E-16 -7.960246E-17  7.588856E-05
       102   4 -6.559976E-05  1.967107E-04 -4.364458E-05  1.210715E-16  4.227541E-17  7.588856E-05
       102   5 -6.559976E-05  1.967107E-04 -4.364458E-05  1.857171E-16  2.937341E-17  7.588856E-05
       102   6 -6.559976E-05  1.967107E-04 -4.364458E-05 -8.016997E-17 -9.664646E-18  7.588856E-05
       102   7 -6.559976E-05  1.967107E-04 -4.364458E-05 -1.728015E-16 -9.010398E-17  7.588856E-05
       102   8 -6.559976E-05  1.967107E-04 -4.364458E-05  1.247239E-16  4.679518E-17  7.588856E-05
       103   1 -6.443716E-05  1.633439E-04 -1.299049E-05  4.070332E-17 -3.276154E-17  1.082524E-04
       103   2 -6.443716E-05  1.633439E-04 -1.299049E-05 -1.084558E-16  6.597413E-17  1.082524E-04
       103   3 -6.443716E-05  1.633439E-04 -1.299049E-05  1.093130E-16 -3.413500E-17  1.082524E-04
       103   4 -6.443716E-05  1.633439E-04 -1.299049E-05  3.719152E-17  6.416359E-17  1.082524E-04
       103   5 -6.443716E-05  1.633439E-04 -1.299049E-05  2.432170E-17 -3.174256E-18  1.082524E-04
       103   6 -6.443716E-05  1.633439E-04 -1.299049E-05 -1.158267E-16  6.185246E-17  1.082524E-04
       103   7 -6.443716E-05  1.633439E-04 -1.299049E-05  9.171842E-17 -1.148365E-17  1.082524E-04
       103   8 -6.443716E-05  1.633439E-04 -1.299049E-05  4.374925E-17  7.802444E-17  1.082524E-04
       104   1  1.081394E-05 -2.799608E-05  2.763552E-06  6.373754E-17 -3.809615E-17 -1.767585E-05
       104   2  1.081394E-05 -2.799608E-05  2.763552E-06  3.099463E-17  3.021536E-17 -1.767585E-05
       104   3  1.081394E-05 -2.799608E-05  2.763552E-06  5.530786E-17 -5.042218E-17 -1.767585E-05
       104   4  1.081394E-05 -2.799608E-05  2.763552E-06 -1.245477E-17  4.092863E-17 -1.767585E-05
       104   5  1.081394E-05 -2.799608E-05  2.763552E-06  7.188260E-17 -2.608184E-17 -1.767585E-05
       104   6  1.081394E-05 -2.799608E-05  2.763552E-06  4.145718E-17  1.628336E-17 -1.767585E-05
       104   7  1.081394E-05 -2.799608E-05  2.763552E-06  8.047491E-17 -5.591773E-17 -1.767585E-05
       104   8  1.081394E-05 -2.799608E-05  2.763552E-06 -5.448116E-18  3.218725E-18 -1.767585E-05
       105   1  6.559976E-05 -1.967107E-04  4.364458E-05  5.264479E-17 -1.152625E-16  7.588856E-05
       105   2  6.559976E-05 -1.967107E-04  4.364458E-05 -1.340752E-16  1.855172E-17  7.588856E-05
       105   3  6.559976E-05 -1.967107E-04  4.364458E-05 -1.291962E-16  3.247016E-17  7.588856E-05
       105   4  6.559976E-05 -1.967107E-04  4.364458E-05 -1.486712E-17 -2.820281E-17  7.588856E-05
       105   5  6.559976E-05 -1.967107E-04  4.364458E-05  2.797919E-17 -1.126401E-16  7.588856E-05
       105   6  6.559976E-05 -1.967107E-04  4.364458E-05 -1.124860E-16  6.726627E-17  7.588856E-05
       105   7  6.559976E-05 -1.967107E-04  4.364458E-05 -1.522897E-16 -1.548037E-17  7.588856E-05
       105   8  6.559976E-05 -1.967107E-04  4.364458E-05 -9.446111E-18  1.451984E-17  7.588856E-05
       106   1  6.443716E-05 -1.633439E-04  1.299049E-05  1.849751E-17 -6.906876E-17  1.082524E-04
       106   2  6.443716E-05 -1.633439E-04  1.299049E-05 -4.929732E-19  2.453939E-17  1.082524E-04
       106   3  6.443716E-05 -1.633439E-04  1.299049E-05 -9.896055E-17  2.751036E-17  1.082524E-04
       106   4  6.443716E-05 -1.633439E-04  1.299049E-05 -2.669340E-17 -1.776143E-17  1.082524E-04
       106   5  6.443716E-05 -1.633439E-04  1.299049E-05 -3.571091E-18 -1.317001E-16  1.082524E-04
       106   6  6.443716E-05 -1.633439E-04  1.299049E-05  1.674076E-17  8.109875E-17  1.082524E-04
       106   7  6.443716E-05 -1.633439E-04  1.299049E-05 -1.168465E-16 -1.443683E-17  1.082524E-04
       106   8  6.443716E-05 -1.633439E-04  1.299049E-05 -7.784233E-18  3.585025E-17  1.082524E-04
       107   1  1.904063E-06 -4.929406E-06  4.865922E-07 -6.085085E-18 -1.321371E-19  3.112273E-06
       107   2  1.904063E-06 -4.929406E-06  4.865922E-07 -5.692061E-19 -3.178068E-18  3.112273E-06
       107   3  1.904063E-06 -4.929406E-06  4.865922E-07 -5.732719E-18  5.624299E-19  3.112273E-06
       107   4  1.904063E-06 -4.929406E-06  4.865922E-07 -1.397266E-17  4.580754E-18  3.112273E-06
       107   5  1.904063E-06 -4.929406E-06  4.865922E-07 -4.662069E-18  4.042041E-18  3.112273E-06
       107   6  1.904063E-06 -4.929406E-06  4.865922E-07 -2.263272E-18 -7.389515E-18  3.112273E-06
       107   7  1.904063E-06 -4.929406E-06  4.865922E-07 -5.014435E-18  4.794206E-18  3.112273E-06
       107   8  1.904063E-06 -4.929406E-06  4.865922E-07 -1.584290E-17  9.961107E-19  3.112273E-06
       108   1  6.674371E-05 -2.001410E-04  4.440567E-05  1.320016E-17 -1.135024E-19 -7.721193E-05
       108   2  6.674371E-05 -2.001410E-04  4.440567E-05 -2.063372E-18 -4.809453E-18 -7.721193E-05
       108   3  6.674371E-05 -2.001410E-04  4.440567E-05 -8.900622E-18  4.483345E-18 -7.721193E-05
       108   4  6.674371E-05 -2.001410E-04  4.440567E-05  3.411849E-18 -4.405418E-18 -7.721193E-05
       108   5  6.674371E-05 -2.001410E-04  4.440567E-05  9.334303E-18  2.201439E-18 -7.721193E-05
       108   6  6.674371E-05 -2.001410E-04  4.440567E-05  6.810145E-19 -5.736107E-18 -7.721193E-05
       108   7  6.674371E-05 -2.001410E-04  4.440567E-05 -8.358521E-18  6.833862E-18 -7.721193E-05
       108   8  6.674371E-05 -2.001410E-04  4.440567E-05  2.849419E-18 -5.763212E-18 -7.721193E-05
       109   1  4.708069E-05 -1.193464E-04  9.491437E-06 -2.688483E-18  2.559628E-18 -7.909405E-05
       109   2  4.708069E-05 -1.193464E-04  9.491437E-06 -7.801173E-19  2.327583E-17 -7.909405E-05
       109   3  4.708069E-05 -1.193464E-04  9.491437E-06  5.021211E-18  7.624038E-18 -7.909405E-05
       109   4  4.708069E-05 -1.193464E-04  9.491437E-06 -4.945402E-18  1.829761E-17 -7.909405E-05
       109   5  4.708069E-05 -1.193464E-04  9.491437E-06 -9.478299E-19 -1.919694E-18 -7.909405E-05
       109   6  4.708069E-05 -1.193464E-04  9.491437E-06 -2.810032E-18  2.684862E-17 -7.909405E-05
       109   7  4.708069E-05 -1.193464E-04  9.491437E-06  6.723748E-18  3.416084E-18 -7.909405E-05
       109   8  4.708069E-05 -1.193464E-04  9.491437E-06 -8.830318E-18  2.401211E-17 -7.909405E-05
       110   1 -1.904063E-06  4.929406E-06 -4.865922E-07  4.336809E-18  6.678008E-18  3.112273E-06
       110   2 -1.904063E-06  4.929406E-06 -4.865922E-07  4.038653E-18 -6.223998E-18  3.112273E-06
       110   3 -1.904063E-06  4.929406E-06 -4.865922E-07  4.472334E-18  9.236047E-18  3.112273E-06
       110   4 -1.904063E-06  4.929406E-06 -4.865922E-07  2.439455E-18 -1.275632E-17  3.112273E-06
       110   5 -1.904063E-06  4.929406E-06 -4.865922E-07  4.119968E-18  9.086969E-18  3.112273E-06
       110   6 -1.904063E-06  4.929406E-06 -4.865922E-07  5.041540E-18 -7.643625E-18  3.112273E-06
       110   7 -1.904063E-06  4.929406E-06 -4.865922E-07  1.856696E-18  1.228875E-17  3.112273E-06
       110   8 -1.904063E-06  4.929406E-06 -4.865922E-07  4.553649E-18 -1.243106E-17  3.112273E-06
       111   1 -6.674371E-05  2.001410E-04 -4.440567E-05 -6.352747E-18  5.568395E-18 -7.721193E-05
       111   2 -6.674371E-05  2.001410E-04 -4.440567E-05  2.460800E-17 -5.163513E-18 -7.721193E-05
       111   3 -6.674371E-05  2.001410E-04 -4.440567E-05  1.091995E-17  5.772530E-18 -7.721193E-05
       111   4 -6.674371E-05  2.001410E-04 -4.440567E-05 -2.421159E-17  4.878910E-18 -7.721193E-05
       111   5 -6.674371E-05  2.001410E-04 -4.440567E-05 -3.594808E-18  6.303619E-18 -7.721193E-05
       111   6 -6.674371E-05  2.001410E-04 -4.440567E-05  2.272420E-17 -5.561618E-18 -7.721193E-05
       111   7 -6.674371E-05  2.001410E-04 -4.440567E-05  1.273260E-17  6.571282E-18 -7.721193E-05
       111   8 -6.674371E-05  2.001410E-04 -4.440567E-05 -2.324258E-17  4.850111E-18 -7.721193E-05
       112   1 -4.708069E-05  1.193464E-04 -9.491437E-06 -1.733453E-18 -5.940877E-19 -7.909405E-05
       112   2 -4.708069E-05  1.193464E-04 -9.491437E-06  8.656677E-19 -6.738147E-18 -7.909405E-05
       112   3 -4.708069E-05  1.193464E-04 -9.491437E-06 -4.834864E-18  3.743886E-19 -7.909405E-05
       112   4 -4.708069E-05  1.193464E-04 -9.491437E-06 -1.076155E-17  2.714952E-18 -7.909405E-05
       112   5 -4.708069E-05  1.193464E-04 -9.491437E-06 -9.440182E-19 -2.871442E-19 -7.909405E-05
       112   6 -4.708069E-05  1.193464E-04 -9.491437E-06  3.743886E-19 -8.681664E-18 -7.909405E-05
       112   7 -4.708069E-05  1.193464E-04 -9.491437E-06 -3.577444E-18  1.694066E-18 -7.909405E-05
       112   8 -4.708069E-05  1.193464E-04 -9.491437E-06 -1.116305E-17  6.358041E-19 -7.909405E-05
       113   1  0.000000E+00  0.000000E+00  0.000000E+00  0.000000E+00  0.000000E+00  0.000000E+00
       113   2  0.000000E+00  0.000000E+00  0.000000E+00  0.000000E+00  0.000000E+00  0.000000E+00
       113   3  0.000000E+00  0.000000E+00  0.000000E+00  0.000000E+00  0.000000E+00  0.000000E+00
       113   4  0.000000E+00  0.000000E+00  0.000000E+00  0.000000E+00  0.000000E+00  0.000000E+00
       113   5  0.000000E+00  0.000000E+00  0.000000E+00  0.000000E+00  0.000000E+00  0.000000E+00
       113   6  0.000000E+00  0.000000E+00  0.000000E+00  0.000000E+00  0.000000E+00  0.000000E+00
       113   7  0.000000E+00  0.000000E+00  0.000000E+00  0.000000E+00  0.000000E+00  0.000000E+00
       113   8  0.000000E+00  0.000000E+00  0.000000E+00  0.000000E+00  0.000000E+00  0.000000E+00
       114   1  0.000000E+00  0.000000E+00  0.000000E+00  0.000000E+00  0.000000E+00  0.000000E+00
       114   2  0.000000E+00  0.000000E+00  0.000000E+00  0.000000E+00  0.000000E+00  0.000000E+00
       114   3  0.000000E+00  0.000000E+00  0.000000E+00  0.000000E+00  0.000000E+00  0.000000E+00
       114   4  0.000000E+00  0.000000E+00  0.000000E+00  0.000000E+00  0.000000E+00  0.000000E+00
       114   5  0.000000E+00  0.000000E+00  0.000000E+00  0.000000E+00  0.000000E+00  0.000000E+00
       114   6  0.000000E+00  0.000000E+00  0.000000E+00  0.000000E+00  0.000000E+00  0.000000E+00
       114   7  0.000000E+00  0.000000E+00  0.000000E+00  0.000000E+00  0.000000E+00  0.000000E+00
       114   8  0.000000E+00  0.000000E+00  0.000000E+00  0.000000E+00  0.000000E+00  0.000000E+00
       115   1  0.000000E+00  0.000000E+00  0.000000E+00  0.000000E+00  0.000000E+00  0.000000E+00
       115   2  0.000000E+00  0.000000E+00  0.000000E+00  0.000000E+00  0.000000E+00  0.000000E+00
       115   3  0.000000E+00  0.000000E+00  0.000000E+00  0.000000E+00  0.000000E+00  0.000000E+00
       115   4  0.000000E+00  0.000000E+00  0.000000E+00  0.000000E+00  0.000000E+00  0.000000E+00
       115   5  0.000000E+00  0.000000E+00  0.000000E+00  0.000000E+00  0.000000E+00  0.000000E+00
       115   6  0.000000E+00  0.000000E+00  0.000000E+00  0.000000E+00  0.000000E+00  0.000000E+00
       115   7  0.000000E+00  0.000000E+00  0.000000E+00  0.000000E+00  0.000000E+00  0.000000E+00
       115   8  0.000000E+00  0.000000E+00  0.000000E+00  0.000000E+00  0.000000E+00  0.000000E+00
       116   1  0.000000E+00  0.000000E+00  0.000000E+00  0.000000E+00  0.000000E+00  0.000000E+00
       116   2  0.000000E+00  0.000000E+00  0.000000E+00  0.000000E+00  0.000000E+00  0.000000E+00
       116   3  0.000000E+00  0.000000E+00  0.000000E+00  0.000000E+00  0.000000E+00  0.000000E+00
       116   4  0.000000E+00  0.000000E+00  0.000000E+00  0.000000E+00  0.000000E+00  0.000000E+00
       116   5  0.000000E+00  0.000000E+00  0.000000E+00  0.000000E+00  0.000000E+00  0.000000E+00
       116   6  0.000000E+00  0.000000E+00  0.000000E+00  0.000000E+00  0.000000E+00  0.000000E+00
       116   7  0.000000E+00  0.000000E+00  0.000000E+00  0.000000E+00  0.000000E+00  0.000000E+00
       116   8  0.000000E+00  0.000000E+00  0.000000E+00  0.000000E+00  0.000000E+00  0.000000E+00
       117   1  0.000000E+00  0.000000E+00  0.000000E+00  0.000000E+00  0.000000E+00  0.000000E+00
       117   2  0.000000E+00  0.000000E+00  0.000000E+00  0.000000E+00  0.000000E+00  0.000000E+00
       117   3  0.000000E+00  0.000000E+00  0.000000E+00  0.000000E+00  0.000000E+00  0.000000E+00
       117   4  0.000000E+00  0.000000E+00  0.000000E+00  0.000000E+00  0.000000E+00  0.000000E+00
       117   5  0.000000E+00  0.000000E+00  0.000000E+00  0.000000E+00  0.000000E+00  0.000000E+00
       117   6  0.000000E+00  0.000000E+00  0.000000E+00  0.000000E+00  0.000000E+00  0.000000E+00
       117   7  0.000000E+00  0.000000E+00  0.000000E+00  0.000000E+00  0.000000E+00  0.000000E+00
       117   8  0.000000E+00  0.000000E+00  0.000000E+00  0.000000E+00  0.000000E+00  0.000000E+00
       118   1  0.000000E+00  0.000000E+00  0.000000E+00  0.000000E+00  0.000000E+00  0.000000E+00
       118   2  0.000000E+00  0.000000E+00  0.000000E+00  0.000000E+00  0.000000E+00  0.000000E+00
       118   3  0.000000E+00  0.000000E+00  0.000000E+00  0.000000E+00  0.000000E+00  0.000000E+00
       118   4  0.000000E+00  0.000000E+00  0.000000E+00  0.000000E+00  0.000000E+00  0.000000E+00
       118   5  0.000000E+00  0.000000E+00  0.000000E+00  0.000000E+00  0.000000E+00  0.000000E+00
       118   6  0.000000E+00  0.000000E+00  0.000000E+00  0.000000E+00  0.000000E+00  0.000000E+00
       118   7  0.000000E+00  0.000000E+00  0.000000E+00  0.000000E+00  0.000000E+00  0.000000E+00
       118   8  0.000000E+00  0.000000E+00  0.000000E+00  0.000000E+00  0.000000E+00  0.000000E+00
       119   1  2.048903E-05 -6.146709E-06 -6.146709E-06 -1.084202E-18  5.149960E-19 -8.984423E-17
       119   2  2.048903E-05 -6.146709E-06 -6.146709E-06 -1.301043E-18 -6.776264E-19 -3.729942E-17
       119   3  2.048903E-05 -6.146709E-06 -6.146709E-06  1.897354E-19 -2.032879E-18 -5.421736E-17
       119   4  2.048903E-05 -6.146709E-06 -6.146709E-06 -1.355253E-19 -1.097755E-18 -4.551599E-17
       119   5  2.048903E-05 -6.146709E-06 -6.146709E-06 -1.355253E-18 -9.622294E-19 -1.342299E-16
       119   6  2.048903E-05 -6.146709E-06 -6.146709E-06  6.505213E-19 -1.544988E-18 -2.789976E-18
       119   7  2.048903E-05 -6.146709E-06 -6.146709E-06 -2.385245E-18 -4.201283E-19 -9.311827E-17
       119   8  2.048903E-05 -6.146709E-06 -6.146709E-06 -4.336809E-19  5.827587E-19 -1.536054E-17
       120   1 -2.048903E-05  6.146709E-06  6.146709E-06  4.878910E-19  2.425902E-18 -4.435153E-17
       120   2 -2.048903E-05  6.146709E-06  6.146709E-06 -5.421011E-19  1.084202E-19 -3.738488E-17
       120   3 -2.048903E-05  6.146709E-06  6.146709E-06  5.692061E-19 -2.209062E-18 -4.445393E-17
       120   4 -2.048903E-05  6.146709E-06  6.146709E-06 -1.084202E-18 -3.659182E-19 -2.421484E-17
       120   5 -2.048903E-05  6.146709E-06  6.146709E-06 -8.402567E-19 -6.098637E-19 -1.169534E-16
       120   6 -2.048903E-05  6.146709E-06  6.146709E-06  2.385245E-18 -2.846031E-18  3.606746E-17
       120   7 -2.048903E-05  6.146709E-06  6.146709E-06 -1.219727E-18  3.930233E-19 -1.121291E-16
       120   8 -2.048903E-05  6.146709E-06  6.146709E-06  1.707618E-18  2.520770E-18  3.527050E-17
       121   1 -3.085546E-05 -5.532610E-06  1.559489E-05  3.132698E-05 -1.019150E-17 -1.799776E-17
       121   2 -3.085546E-05 -5.532610E-06  1.559489E-05  3.132698E-05  1.979753E-16  2.190088E-17
       121   3 -3.085546E-05 -5.532610E-06  1.559489E-05  3.132698E-05 -1.951564E-18 -2.504507E-16
       121   4 -3.085546E-05 -5.532610E-06  1.559489E-05  3.132698E-05  1.775923E-16  2.710505E-16
       121   5 -3.085546E-05 -5.532610E-06  1.559489E-05  3.132698E-05  3.100818E-17  3.317659E-17
       121   6 -3.085546E-05 -5.532610E-06  1.559489E-05  3.132698E-05  1.413800E-16 -4.987330E-17
       121   7 -3.085546E-05 -5.532610E-06  1.559489E-05  3.132698E-05  3.339343E-17 -1.903859E-16
       121   8 -3.085546E-05 -5.532610E-06  1.559489E-05  3.132698E-05  1.147086E-16  1.660998E-16
       122   1  3.085546E-05  5.532610E-06 -1.559489E-05  3.132698E-05  1.099381E-16 -1.689187E-16
       122   2  3.085546E-05  5.532610E-06 -1.559489E-05  3.132698E-05 -1.125402E-16 -5.334275E-17
       122   3  3.085546E-05  5.532610E-06 -1.559489E-05  3.132698E-05 -6.440161E-17 -2.144552E-16
       122   4  3.085546E-05  5.532610E-06 -1.559489E-05  3.132698E-05 -5.182486E-17 -6.136584E-17
       122   5  3.085546E-05  5.532610E-06 -1.559489E-05  3.132698E-05  9.410875E-17 -1.450663E-16
       122   6  3.085546E-05  5.532610E-06 -1.559489E-05  3.132698E-05 -8.413409E-17 -7.567731E-17
       122   7  3.085546E-05  5.532610E-06 -1.559489E-05  3.132698E-05 -7.567731E-17 -1.836638E-16
       122   8  3.085546E-05  5.532610E-06 -1.559489E-05  3.132698E-05 -2.276825E-17 -8.738670E-17
       123   1 -1.422311E-05  4.266932E-06  4.266932E-06 -2.168404E-18 -1.138412E-18 -5.970700E-17
       123   2 -1.422311E-05  4.266932E-06  4.266932E-06  1.084202E-19  3.794708E-18 -6.209249E-18
       123   3 -1.422311E-05  4.266932E-06  4.266932E-06 -1.626303E-18  2.602085E-18 -2.131647E-17
       123   4 -1.422311E-05  4.266932E-06  4.266932E-06  3.252607E-19 -1.029992E-18 -4.935709E-17
       123   5 -1.422311E-05  4.266932E-06  4.266932E-06  2.385245E-18 -6.505213E-19 -4.222017E-17
       123   6 -1.422311E-05  4.266932E-06  4.266932E-06 -2.276825E-18  4.174178E-18 -3.337294E-17
       123   7 -1.422311E-05  4.266932E-06  4.266932E-06  1.843144E-18  2.276825E-18 -7.895006E-18
       123   8 -1.422311E-05  4.266932E-06  4.266932E-06 -2.818926E-18 -1.355253E-18 -7.317896E-17
       124   1  1.422311E-05 -4.266932E-06 -4.266932E-06  1.301043E-18  2.656295E-18 -1.687798E-17
       124   2  1.422311E-05 -4.266932E-06 -4.266932E-06 -1.084202E-18 -1.138412E-18 -3.386795E-18
       124   3  1.422311E-05 -4.266932E-06 -4.266932E-06  1.192622E-18  5.421011E-19 -8.766577E-18
       124   4  1.422311E-05 -4.266932E-06 -4.266932E-06 -9.757820E-19  1.680513E-18 -2.095139E-17
       124   5  1.422311E-05 -4.266932E-06 -4.266932E-06 -6.505213E-19  2.385245E-18 -4.749810E-17
       124   6  1.422311E-05 -4.266932E-06 -4.266932E-06  0.000000E+00 -1.084202E-18  3.181686E-17
       124   7  1.422311E-05 -4.266932E-06 -4.266932E-06 -6.505213E-19  1.084202E-18 -4.949000E-17
       124   8  1.422311E-05 -4.266932E-06 -4.266932E-06  1.084202E-19  2.168404E-18  1.691002E-17
       125   1  1.122889E-04 -2.930859E-05 -3.556298E-05 -3.040924E-05  2.038300E-17 -9.818806E-17
       125   2  1.122889E-04 -2.930859E-05 -3.556298E-05 -3.040924E-05  6.342583E-18 -1.179070E-18
       125   3  1.122889E-04 -2.930859E-05 -3.556298E-05 -3.040924E-05 -1.788934E-17 -9.778826E-17
       125   4  1.122889E-04 -2.930859E-05 -3.556298E-05 -3.040924E-05  2.260562E-17  2.215161E-17
       125   5  1.122889E-04 -2.930859E-05 -3.556298E-05 -3.040924E-05 -2.710505E-18 -1.592964E-16
       125   6  1.122889E-04 -2.930859E-05 -3.556298E-05 -3.040924E-05  1.116728E-17  5.462346E-17
       125   7  1.122889E-04 -2.930859E-05 -3.556298E-05 -3.040924E-05 -3.892286E-17 -1.769282E-16
       125   8  1.122889E-04 -2.930859E-05 -3.556298E-05 -3.040924E-05  2.813505E-17  8.447968E-17
       126   1 -1.122889E-04  2.930859E-05  3.556298E-05 -3.040924E-05 -3.361027E-18 -1.592693E-16
       126   2 -1.122889E-04  2.930859E-05  3.556298E-05 -3.040924E-05 -3.848918E-17  1.673737E-18
       126   3 -1.122889E-04  2.930859E-05  3.556298E-05 -3.040924E-05  3.415237E-18 -2.458699E-16
       126   4 -1.122889E-04  2.930859E-05  3.556298E-05 -3.040924E-05 -5.030698E-17  7.041215E-17
       126   5 -1.122889E-04  2.930859E-05  3.556298E-05 -3.040924E-05 -1.696776E-17 -1.196078E-16
       126   6 -1.122889E-04  2.930859E-05  3.556298E-05 -3.040924E-05 -3.285133E-17 -4.782687E-17
       126   7 -1.122889E-04  2.930859E-05  3.556298E-05 -3.040924E-05 -1.095044E-17 -2.049007E-16
       126   8 -1.122889E-04  2.930859E-05  3.556298E-05 -3.040924E-05 -4.483176E-17  1.945465E-17
       127   1 -1.287031E-04  3.861092E-05  3.861092E-05 -9.215718E-19  5.421011E-19 -2.649452E-18
       127   2 -1.287031E-04  3.861092E-05  3.861092E-05  5.421011E-19 -1.626303E-19 -5.714715E-18
       127   3 -1.287031E-04  3.861092E-05  3.861092E-05 -9.215718E-19  1.084202E-18 -7.700867E-18
       127   4 -1.287031E-04  3.861092E-05  3.861092E-05  5.963112E-19  8.673617E-19 -3.261402E-18
       127   5 -1.287031E-04  3.861092E-05  3.861092E-05  3.794708E-19  1.084202E-19 -1.053935E-17
       127   6 -1.287031E-04  3.861092E-05  3.861092E-05 -8.673617E-19 -4.878910E-19  4.397156E-18
       127   7 -1.287031E-04  3.861092E-05  3.861092E-05  2.168404E-19  1.843144E-18 -1.643853E-17
       127   8 -1.287031E-04  3.861092E-05  3.861092E-05 -1.084202E-18  1.138412E-18  6.908788E-18
       128   1  1.287031E-04 -3.861092E-05 -3.861092E-05  1.626303E-19 -1.680513E-18 -4.742292E-18
       128   2  1.287031E-04 -3.861092E-05 -3.861092E-05  1.084202E-19  3.794708E-19  5.369576E-18
       128   3  1.287031E-04 -3.861092E-05 -3.861092E-05  2.168404E-19  9.757820E-19 -1.265592E-17
       128   4  1.287031E-04 -3.861092E-05 -3.861092E-05  2.168404E-19 -1.463673E-18  1.071818E-17
       128   5  1.287031E-04 -3.861092E-05 -3.861092E-05  2.059984E-18 -1.138412E-18 -2.209012E-18
       128   6  1.287031E-04 -3.861092E-05 -3.861092E-05  1.029992E-18  6.505213E-19 -1.479845E-18
       128   7  1.287031E-04 -3.861092E-05 -3.861092E-05  1.897354E-18  4.878910E-19 -8.676695E-18
       128   8  1.287031E-04 -3.861092E-05 -3.861092E-05  1.084202E-18 -1.734723E-18  4.338811E-18
       129   1  8.953057E-05  1.559510E-05 -4.505386E-05 -9.034603E-05 -7.345470E-18  6.505213E-19
       129   2  8.953057E-05  1.559510E-05 -4.505386E-05 -9.034603E-05  9.432559E-18 -1.612751E-17
       129   3  8.953057E-05  1.559510E-05 -4.505386E-05 -9.034603E-05  1.298332E-17 -2.290377E-17
       129   4  8.953057E-05  1.559510E-05 -4.505386E-05 -9.034603E-05 -3.713392E-18  1.138412E-18
       129   5  8.953057E-05  1.559510E-05 -4.505386E-05 -9.034603E-05 -9.920450E-18  4.065758E-19
       129   6  8.953057E-05  1.559510E-05 -4.505386E-05 -9.034603E-05  8.673617E-18 -1.642566E-17
       129   7  8.953057E-05  1.559510E-05 -4.505386E-05 -9.034603E-05  1.067939E-17 -2.333745E-17
       129   8  8.953057E-05  1.559510E-05 -4.505386E-05 -9.034603E-05 -4.472334E-18  6.234162E-19
       130   1 -8.953057E-05 -1.559510E-05  4.505386E-05 -9.034603E-05 -9.378349E-18 -1.946143E-17
       130   2 -8.953057E-05 -1.559510E-05  4.505386E-05 -9.034603E-05  3.794708E-18  1.718460E-17
       130   3 -8.953057E-05 -1.559510E-05  4.505386E-05 -9.034603E-05  7.643625E-18  1.290201E-17
       130   4 -8.953057E-05 -1.559510E-05  4.505386E-05 -9.034603E-05 -8.782038E-18 -1.715750E-17
       130   5 -8.953057E-05 -1.559510E-05  4.505386E-05 -9.034603E-05 -1.807907E-17 -1.151965E-17
       130   6 -8.953057E-05 -1.559510E-05  4.505386E-05 -9.034603E-05  6.613633E-18  7.779151E-18
       130   7 -8.953057E-05 -1.559510E-05  4.505386E-05 -9.034603E-05 -2.087089E-18  2.095221E-17
       130   8 -8.953057E-05 -1.559510E-05  4.505386E-05 -9.034603E-05 -6.179952E-18 -2.753874E-17
