crank_angle_deg,cycle_time_s,cantera_pressure_pa_abs_min,cantera_pressure_pa_abs_max,wiebe_pressure_pa_abs_min,wiebe_pressure_pa_abs_max,cross_model_pressure_pa_abs_min,cross_model_pressure_pa_abs_max,cantera_pressure_gauge_pa_min,cantera_pressure_gauge_pa_max,wiebe_pressure_gauge_pa_min,wiebe_pressure_gauge_pa_max,cross_model_pressure_gauge_pa_min,cross_model_pressure_gauge_pa_max,cantera_temperature_k_min,cantera_temperature_k_max,wiebe_temperature_k_min,wiebe_temperature_k_max,cross_model_temperature_k_min,cross_model_temperature_k_max,cantera_h_gas_w_m2_k_min,cantera_h_gas_w_m2_k_max,wiebe_h_gas_w_m2_k_min,wiebe_h_gas_w_m2_k_max,cross_model_h_gas_w_m2_k_min,cross_model_h_gas_w_m2_k_max,cantera_wall_heat_flux_w_m2_min,cantera_wall_heat_flux_w_m2_max,wiebe_wall_heat_flux_w_m2_min,wiebe_wall_heat_flux_w_m2_max,cross_model_wall_heat_flux_w_m2_min,cross_model_wall_heat_flux_w_m2_max
0,0.0,319299.345515,548620.174671,320790.312049,564740.968218,319299.345515,564740.968218,217974.345515,447295.174671,219465.312049,463415.968218,217974.345515,463415.968218,1211.97921287,1373.23091181,1290.00984253,1452.66221475,1211.97921287,1452.66221475,285.547742056,412.084306075,277.131645044,409.414195666,277.131645044,412.084306075,210442.750178,370146.861988,226252.466373,400119.015628,210442.750178,400119.015628
1,1.8518519e-05,315152.294112,539243.952057,316632.310179,555292.12686,315152.294112,555292.12686,213827.294112,437918.952057,215307.310179,453967.12686,213827.294112,453967.12686,1207.74547532,1367.2945712,1285.77713607,1447.02047178,1207.74547532,1447.02047178,283.101489631,407.374712836,274.721952363,404.763361576,274.721952363,407.374712836,207441.335583,363498.244708,223146.332829,393278.468311,207441.335583,393278.468311
2,3.7037037e-05,310675.000583,529065.469134,312142.684103,545017.341677,310675.000583,545017.341677,209350.000583,427740.469134,210817.684103,443692.341677,209350.000583,443692.341677,1203.20076031,1360.85225135,1281.23500641,1440.90064233,1203.20076031,1440.90064233,280.43912467,402.217039163,272.09979381,399.662962726,272.09979381,402.217039163,204215.983804,356304.869672,219806.489809,385862.266298,204215.983804,385862.266298
3,5.5555556e-05,305904.783064,518093.499719,307354.96023,533924.720686,305904.783064,533924.720686,204579.783064,416768.499719,206029.96023,432599.720686,204579.783064,432599.720686,1198.36766226,1353.88718777,1276.40368044,1434.28619411,1198.36766226,1434.28619411,277.580542014,396.607159335,269.282466199,394.108805137,269.282466199,396.607159335,200792.787765,348572.950918,216256.996921,377875.667492,200792.787765,377875.667492
4,7.4074074e-05,300902.299763,506351.434144,302323.322056,522035.680551,300902.299763,522035.680551,199577.299763,405026.434144,200998.322056,420710.680551,199577.299763,420710.680551,1193.28938857,1346.38788608,1271.32156416,1427.16461933,1193.28938857,1427.16461933,274.560395228,390.547786124,266.300041657,388.102716513,266.300041657,390.547786124,197213.818413,340318.609764,212536.567665,369333.07251,197213.818413,369333.07251
5,9.2592593e-05,295770.988138,493876.842135,297136.136002,509386.136447,295770.988138,509386.136447,194445.988138,392551.842135,195811.136002,408061.136447,194445.988138,408061.136447,1188.0485125,1338.34827362,1266.05881933,1419.52841469,1188.0485125,1419.52841469,271.44077932,384.048464141,263.204108262,381.653347439,263.204108262,384.048464141,193550.443925,331567.578504,208708.181823,360258.878312,193550.443925,360258.878312
6,0.000111111111,291036.053415,480721.600804,291994.748454,496025.373194,291036.053415,496025.373194,189711.053415,379396.600804,190669.748454,394700.373194,189711.053415,394700.373194,1183.01500215,1329.76836525,1260.79431297,1411.37483499,1183.01500215,1411.37483499,268.562486265,377.125917481,260.117188892,374.775837652,260.117188892,377.125917481,190146.269291,322355.303979,204915.191507,350686.722554,190146.269291,350686.722554
7,0.00012962963,286345.622916,466950.576296,287285.246525,482017.105709,286345.622916,482017.105709,185020.622916,365625.576296,185960.246525,380692.105709,185020.622916,380692.105709,1177.70402302,1320.65426939,1255.40011663,1402.70724232,1177.70402302,1402.70724232,265.727207402,369.803687105,257.326774566,367.492680059,257.326774566,369.803687105,186727.577668,312726.066835,201357.068098,340660.272301,186727.577668,340660.272301
8,0.000148148148,281670.827406,452640.867441,282560.749529,467437.839707,281670.827406,467437.839707,180345.827406,351315.867441,181235.749529,366112.839707,180345.827406,366112.839707,1172.30869336,1311.01869364,1249.88689038,1393.53499449,1172.30869336,1393.53499449,262.889954757,362.112110511,254.520616026,359.833237796,254.520616026,362.112110511,183315.450848,302732.493581,197774.917081,330232.133784,183315.450848,330232.133784
9,0.000166666667,277909.615896,437880.867016,278797.8961,452375.122229,277909.615896,452375.122229,176584.615896,336555.867016,177472.8961,351050.122229,176584.615896,351050.122229,1164.97637615,1300.88152291,1243.02593808,1383.8735254,1164.97637615,1383.8735254,260.94413177,354.088252807,252.539065436,351.833239268,252.539065436,354.088252807,180045.286416,292434.945472,194504.281816,319462.672124,180045.286416,319462.672124
10,0.000185185185,274170.157096,422769.220437,275198.231588,436926.426017,274170.157096,436926.426017,172845.157096,321444.220437,173873.231588,335601.426017,172845.157096,335601.426017,1155.4123306,1290.27052772,1233.33061415,1373.74481117,1155.4123306,1373.74481117,259.261652089,345.77582433,250.938668036,343.534630089,250.938668036,345.77582433,176404.824932,281900.838774,190899.493894,308419.28964,176404.824932,308419.28964
11,0.000203703704,270394.276783,407413.799923,271621.164514,421198.153676,270394.276783,421198.153676,169069.276783,306088.799923,170296.164514,319873.153676,169069.276783,319873.153676,1143.90136836,1279.22228153,1221.54188152,1363.1784424,1143.90136836,1363.1784424,257.757151115,337.225143796,249.554523767,334.985481637,249.554523767,337.225143796,172432.140327,271203.974533,186988.054465,297175.857938,172432.140327,297175.857938
12,0.000222222222,266588.820276,391930.807346,268055.84184,405304.537173,266588.820276,405304.537173,165263.820276,290605.807346,166730.84184,303979.537173,165263.820276,303979.537173,1130.40284555,1267.78337366,1207.8620651,1352.21240808,1130.40284555,1352.21240808,256.42114763,328.493206608,248.362474793,326.23992422,248.362474793,328.493206608,168158.445426,260423.952559,182795.558869,285811.983024,168158.445426,285811.983024
13,0.000240740741,262775.653258,376444.157511,264515.038808,389366.814373,262775.653258,389366.814373,161450.653258,275119.157511,163190.038808,288041.814373,161450.653258,288041.814373,1115.22950603,1256.01204741,1192.42337965,1340.89434619,1115.22950603,1340.89434619,255.261247212,319.64394399,247.363385705,317.35823659,247.363385705,319.64394399,163614.956972,249645.771139,178349.131543,274412.492728,163614.956972,274412.492728
14,0.000259259259,258981.078918,361085.393151,261018.721883,373512.798876,258981.078918,373512.798876,157656.078918,259760.393151,159693.721883,272187.798876,157656.078918,272187.798876,1098.50205734,1243.98048845,1175.3496768,1329.28327632,1098.50205734,1329.28327632,254.289940603,310.748823727,246.565525673,308.407178729,246.565525673,310.748823727,158833.857042,238959.782255,173609.383086,263067.196418,158833.857042,263067.196418
15,0.000277777778,255232.07329,345994.551112,257588.270616,357877.116217,255232.07329,357877.116217,153907.07329,244669.551112,156263.270616,256552.116217,153907.07329,256552.116217,1080.35442301,1231.77815906,1156.77424306,1317.45203707,1080.35442301,1317.45203707,253.520220089,301.888056348,245.978646924,299.460734588,245.978646924,301.888056348,153848.516382,228462.287524,168647.168243,251871.107129,153848.516382,251871.107129
16,0.000296296296,251554.667823,331322.828139,254244.196173,342602.602616,251554.667823,342602.602616,150229.667823,229997.828139,152919.196173,241277.602616,150229.667823,241277.602616,1060.93858903,1219.51699948,1136.84510089,1305.49086555,1060.93858903,1305.49086555,252.50238856,293.152951589,245.180778259,290.601575646,245.180778259,293.152951589,148693.436709,218257.355906,163520.987894,240931.684859,148693.436709,240931.684859
17,0.000314814815,247973.155387,317238.976408,251005.066521,327843.901548,247973.155387,327843.901548,146648.155387,215913.976408,149680.066521,226518.901548,146648.155387,226518.901548,1040.42458375,1207.34037222,1115.72571894,1293.51302559,1040.42458375,1293.51302559,251.226871786,284.650680914,243.984550141,281.923903838,243.984550141,284.650680914,143403.939198,208461.185612,158261.924176,230402.12378,143403.939198,230402.12378
18,0.000333333333,244509.665364,303945.136555,247887.094369,313775.818902,244509.665364,313775.818902,143184.665364,202620.136555,146562.094369,212450.818902,143184.665364,212450.818902,1018.99757596,1195.44121769,1093.59273828,1281.66467867,1018.99757596,1281.66467867,250.239770277,276.515160648,243.106038058,273.539309784,243.106038058,276.515160648,138015.661374,199212.919047,152900.756483,220337.191991,138015.661374,220337.191991
19,0.000351851852,241183.959526,291725.596444,244903.888763,300614.429923,241183.959526,300614.429923,139858.959526,190400.596444,143578.888763,199289.429923,139858.959526,199289.429923,996.853281329,1184.1116906,1070.63294327,1270.14559705,996.853281329,1270.14559705,249.532703952,268.939295602,242.52828307,265.590747129,242.52828307,268.939295602,132563.960107,190707.998574,147467.656413,210885.867084,132563.960107,210885.867084
20,0.00037037037,238013.019583,281427.272747,242066.76531,288688.975086,238013.019583,288688.975086,136688.019583,180102.272747,140741.76531,187363.975086,136688.019583,187363.975086,974.190433694,1173.96118791,1047.03919694,1259.26967435,974.190433694,1259.26967435,249.098175435,262.512031189,242.237795013,258.298802343,242.237795013,262.512031189,127082.879201,183485.721161,141992.003427,202268.806516,127082.879201,202268.806516
21,0.000388888889,235010.119704,273969.203785,239385.009023,279360.538078,235010.119704,279360.538078,133685.119704,172644.203785,138060.009023,178035.538078,133685.119704,178035.538078,951.200599202,1159.37321569,1023.00494921,1249.65172522,951.200599202,1249.65172522,248.928536227,258.640074748,242.222104104,252.736593599,242.222104104,258.640074748,121593.430251,177006.339662,136501.40162,195192.968126,121593.430251,195192.968126
22,0.000407407407,232180.07143,267410.447718,236860.407245,272504.991526,232180.07143,272504.991526,130855.07143,166085.447718,135535.407245,171179.991526,130855.07143,171179.991526,928.060640498,1141.30982476,998.714072964,1233.48331542,928.060640498,1233.48331542,249.011774286,256.233574753,242.465489957,250.170491265,242.465489957,256.233574753,116089.347495,170438.529166,131017.806916,188715.054238,116089.347495,188715.054238
23,0.000425925926,229520.378975,261467.802972,234487.981728,266530.733156,229520.378975,266530.733156,128195.378975,160142.802972,133162.981728,165205.733156,128195.378975,165205.733156,904.932681022,1121.0409731,974.335789359,1214.29365223,904.932681022,1214.29365223,249.331499966,257.331967449,242.948974133,251.453547325,242.948974133,257.331967449,110635.422678,163858.131257,125559.755541,182249.892665,110635.422678,182249.892665
24,0.000444444444,227028.074339,256023.701225,232261.177747,261182.826518,227028.074339,261182.826518,125703.074339,154698.701225,130936.177747,159857.826518,125703.074339,159857.826518,881.964525317,1099.19180772,950.018886952,1193.07422118,881.964525317,1193.07422118,249.818865579,258.621792683,243.18409158,252.921609084,243.18409158,258.621792683,105249.895096,157306.259461,120142.541233,175823.851874,105249.895096,175823.851874
25,0.000462962963,224699.976638,251006.779846,230173.113808,256335.182414,224699.976638,256335.182414,123374.976638,149681.779846,128848.113808,155010.182414,123374.976638,155010.182414,859.28843142,1076.20418837,925.897153587,1170.38567365,859.28843142,1170.38567365,248.708999413,260.088999297,242.081558893,254.559490307,242.081558893,260.088999297,99949.1935698,150813.051834,114780.149598,169453.621125,99949.1935698,169453.621125
26,0.000481481481,222532.856951,246366.778469,228217.6675,251906.669484,222532.856951,251906.669484,121207.856951,145041.778469,126892.6675,150581.669484,121207.856951,150581.669484,837.020399997,1052.42981365,902.09053759,1146.55359858,837.020399997,1146.55359858,247.976767115,261.719865922,241.400977515,256.3525916,241.400977515,261.719865922,94747.9305481,144402.69616,109485.766159,163152.581338,94747.9305481,163152.581338
27,0.0005,220523.528096,242065.332522,226389.572439,247838.757912,220523.528096,247838.757912,119198.528096,140740.332522,125064.572439,146513.757912,119198.528096,146513.757912,815.259944738,1028.16269495,878.704877749,1121.91497676,815.259944738,1121.91497676,247.576113393,263.501164504,241.082070047,258.287037668,241.082070047,263.501164504,89658.8916725,138095.311119,104271.736966,156932.408271,89658.8916725,156932.408271
28,0.000518518519,218196.80531,238071.711686,224684.424896,244086.552337,218196.80531,244086.552337,116871.80531,136746.711686,123359.424896,142761.552337,116871.80531,142761.552337,794.090288046,1003.66690234,855.831895801,1096.75135409,794.090288046,1096.75135409,247.468989373,265.420273862,241.077413805,260.349766723,241.077413805,265.420273862,84693.0316399,131907.836131,99149.4952323,150803.669874,84693.0316399,150803.669874
29,0.000537037037,215962.126043,234360.267654,222966.408188,240614.329322,215962.126043,240614.329322,114637.126043,133035.267654,121641.408188,139289.329322,114637.126043,139289.329322,773.578923904,979.178084668,833.549424169,1071.30292891,773.578923904,1071.30292891,247.622915754,267.465250244,241.34807863,262.528578575,241.34807863,267.465250244,79859.4865999,125854.199772,94129.4706761,144776.070553,79859.4865999,144776.070553
30,0.000555555556,213887.267756,230907.768027,221030.436385,237393.056751,213887.267756,237393.056751,112562.267756,129582.768027,119705.436385,136068.056751,112562.267756,136068.056751,753.778476669,954.83233598,811.921843202,1045.77613604,753.778476669,1045.77613604,248.00927445,269.624862319,241.861228464,264.812148642,241.861228464,269.624862319,75165.6083896,119944.080889,89220.9972227,138858.553122,75165.6083896,138858.553122
31,0.000574074074,211967.831355,227693.874489,219220.149061,234398.824634,211967.831355,234398.824634,110642.831355,126368.874489,117895.149061,133073.824634,110642.831355,133073.824634,734.727804375,930.774387804,791.00070124,1020.34823283,734.727804375,1020.34823283,248.602916758,271.88859953,242.588675356,267.190015061,242.588675356,271.88859953,70617.0289905,114184.787342,84432.2321237,133059.304526,70617.0289905,133059.304526
32,0.000592592593,210199.670273,224701.258042,217531.16869,231611.750077,210199.670273,231611.750077,108874.670273,123376.258042,116206.16869,130286.750077,108874.670273,130286.750077,716.453257943,907.125768343,770.825489601,995.170492285,716.453257943,995.170492285,249.381744115,274.246658841,243.505939659,269.652545681,243.505939659,274.246658841,66217.7492572,108582.337669,79770.0963483,127385.720829,66217.7492572,127385.720829
33,0.000611111111,208578.816534,221915.133353,215959.91927,229014.181037,208578.816534,229014.181037,107253.816534,120590.133353,114634.91927,127689.181037,107253.816534,127689.181037,698.97003725,883.987553654,751.424542554,970.382886038,698.97003725,970.382886038,250.3262535,276.689916625,244.591374476,272.190890949,244.591374476,276.689916625,61970.2509332,103141.619388,75240.242518,121843.427703,61970.2509332,121843.427703
34,0.00062962963,207101.403778,219322.830681,214503.458878,226589.828351,207101.403778,226589.828351,105776.403778,117997.830681,113178.458878,125264.828351,105776.403778,125264.828351,682.283589991,861.442167781,732.81603037,946.088157362,682.283589991,946.088157362,251.419206117,279.209891111,245.825490146,274.796927874,245.825490146,279.209891111,57875.6285904,97866.4474577,70847.0531024,116435.4249,57875.6285904,116435.4249
35,0.000648148148,205763.60255,216913.434477,213159.317926,224325.056233,205763.60255,224325.056233,104438.60255,115588.434477,111834.317926,123000.056233,104438.60255,123000.056233,666.391000206,839.555332005,715.00901274,922.342597648,666.391000206,922.342597648,252.645332846,281.798699181,247.191150088,277.463199338,247.191150088,281.798699181,53933.7348929,92759.6082092,66593.6685448,111164.284597,53933.7348929,111164.284597
36,0.000666666667,204561.52702,214677.469726,211925.350301,222208.606295,204561.52702,222208.606295,103236.52702,113352.469726,110600.350301,120883.606295,103236.52702,120883.606295,651.282323067,818.377792551,698.004520443,899.21039976,651.282323067,899.21039976,253.991098031,284.449010387,248.673336596,280.182852126,248.673336596,284.449010387,50143.3323451,87822.8940366,62482.0425748,106032.429262,50143.3323451,106032.429262
37,0.000685185185,203491.29465,212606.619734,210799.602325,220231.202391,203491.29465,220231.202391,102166.29465,111281.619734,109474.602325,118906.202391,102166.29465,118906.202391,636.941847417,797.946884754,681.796635236,876.743064494,636.941847417,876.743064494,255.444491724,287.154001692,250.258875778,282.949576226,250.258875778,287.154001692,46502.249527,83057.1269597,58513.0203047,101042.045349,46502.249527,101042.045349
38,0.000703703704,202548.909994,210693.493623,209780.20236,218385.199086,202548.909994,218385.199086,101223.909994,109368.493623,108455.20236,117060.199086,101223.909994,117060.199086,623.349247704,778.28828632,666.373541361,854.98072767,623.349247704,854.98072767,256.994844918,289.90731288,251.9362027,285.757547188,251.9362027,289.90731288,43007.5317697,78462.2045517,54686.4337763,96194.9935042,43007.5317697,96194.9935042
39,0.000722222222,201730.28216,209086.340431,208865.272051,216664.270637,201730.28216,216664.270637,100405.28216,107761.340431,107540.272051,115339.270637,100405.28216,115339.270637,610.480619656,759.417215371,651.718526507,833.953349162,610.480619656,833.953349162,258.63266904,292.703004516,253.695157603,288.601372767,253.695157603,292.703004516,39655.584427,74037.153019,51001.2093433,91492.7261683,39655.584427,91492.7261683
40,0.000740740741,201031.223158,208813.959304,208052.858759,215063.138684,201031.223158,215063.138684,99706.223158,107488.959304,106727.858759,113738.138684,99706.223158,113738.138684,598.309396071,741.340054333,637.810915011,813.681801043,598.309396071,813.681801043,260.349511382,295.535519288,255.526807328,291.476044475,255.526807328,295.535519288,36442.3064011,69780.191456,47455.4815048,86936.2197677,36442.3064011,86936.2197677
41,0.000759259259,200447.454289,208646.037758,207340.88765,213802.326244,200447.454289,213802.326244,99122.454289,107321.037758,106015.88765,112477.326244,99122.454289,112477.326244,586.807141234,724.055472232,624.62692122,794.178878769,586.807141234,794.178878769,262.137816894,298.399646896,257.423287934,294.376894381,257.423287934,298.399646896,33363.2114648,65688.8063865,44046.7083845,82525.9256265,33363.2114648,82525.9256265
42,0.000777777778,199974.618816,208577.70481,206727.131205,213582.524595,199974.618816,213582.524595,98649.618816,107252.70481,105402.131205,112257.524595,98649.618816,112257.524595,575.944228624,707.555694043,612.140415705,775.450249977,575.944228624,775.450249977,263.990846563,301.290492598,259.377665666,297.299557119,259.377665666,301.290492598,30413.5363669,61759.834388,40771.7848523,78261.7412285,30413.5363669,78261.7412285
43,0.000796296296,199608.298678,208604.031533,206209.193525,213451.877368,199608.298678,213451.877368,98283.298678,107279.031533,104884.193525,112126.877368,98283.298678,112126.877368,565.69040886,691.827613344,600.323601346,757.495348516,565.69040886,757.495348516,265.902542193,304.203449337,261.383814114,300.239936899,261.383814114,304.203449337,27588.335197,57989.5498642,37627.1501601,74143.0015301,27588.335197,74143.0015301
44,0.000814814815,199344.033629,208720.062434,205784.506691,213406.976732,199344.033629,213406.976732,98019.033629,107395.062434,104459.506691,112081.976732,98019.033629,112081.976732,556.01527798,676.853799525,589.147599837,740.30821661,556.01527798,740.30821661,267.867449988,307.134173266,263.436305887,303.194179188,263.436305887,307.134173266,24882.5604241,54373.7545772,34608.8878389,70168.488622,24882.5604241,70168.488622
45,0.000833333333,199177.341443,208920.844754,205450.336516,213444.249178,199177.341443,213444.249178,97852.341443,107595.844754,104125.336516,112119.249178,97852.341443,112119.249178,546.88865632,662.613395282,578.582952007,723.878294939,546.88865632,723.878294939,269.880642634,310.078562401,265.53031734,306.158646618,265.53031734,310.078562401,22291.1312047,50907.865972,31712.816399,66336.4571253,22291.1312047,66336.4571253
46,0.000851851852,198408.37894,209201.454633,205203.795244,213559.988848,198408.37894,213559.988848,97083.37894,107876.454633,103878.795244,112234.988848,97083.37894,112234.988848,538.280887203,649.082913133,568.600037334,708.191158853,538.280887203,708.191158853,271.937651172,313.032737954,267.661545081,309.129898685,267.661545081,313.032737954,19808.9893815,47587.0018921,28934.5700579,62644.6722084,19808.9893815,62644.6722084
47,0.00087037037,197692.397046,209557.022527,205041.859055,213750.390642,197692.397046,213750.390642,96367.397046,108232.022527,103716.859055,112425.390642,96367.397046,112425.390642,530.163073578,636.236931225,559.169419422,693.229198395,530.163073578,693.229198395,274.034405463,315.993028908,269.826133117,312.104674756,269.826133117,315.993028908,17431.1467038,44406.0598283,26269.6692732,59090.4569609,17431.1467038,59090.4569609
48,0.000888888889,197080.991669,209982.753963,204709.637157,214011.582074,197080.991669,214011.582074,95755.991669,108657.753963,103384.637157,112686.582074,95755.991669,112686.582074,522.507251874,624.048693355,550.262124918,678.972240087,522.507251874,678.972240087,276.16718246,318.955958219,272.02060954,315.079879955,272.02060954,318.955958219,15152.7210438,41359.7893798,23713.5812844,55670.745963,15152.7210438,55670.745963
49,0.000907407407,196569.80877,210473.947445,204052.878675,214339.653137,196569.80877,214339.653137,95244.80877,109148.947445,102727.878675,113014.653137,95244.80877,113014.653137,515.286517279,612.490619612,541.84986364,665.398109232,515.286517279,665.398109232,278.332561352,321.918231029,274.241831759,318.052573501,274.241831759,321.918231029,12968.9643769,38442.8571202,21261.7711688,52382.1421858,12968.9643769,52382.1421858
50,0.000925925926,196154.565224,211026.009942,203483.638153,214730.683709,196154.565224,214730.683709,94829.565224,109701.009942,102158.638153,113405.683709,94829.565224,113405.683709,508.475109681,601.534735055,533.905197588,652.483131188,508.475109681,652.483131188,280.5273848,324.876724662,276.486939218,321.019959109,276.486939218,324.876724662,10875.2839908,35654.6588736,18909.744121,49220.9747557,10875.2839908,49220.9747557
51,0.000944444444,195831.051436,211634.469803,202999.23172,215180.76826,195831.051436,215180.76826,94506.051436,110309.469803,101674.23172,113855.76826,94506.051436,113855.76826,502.048466548,591.15302438,526.401666153,640.202565229,502.048466548,640.202565229,282.748725511,327.828480095,278.753312239,323.979377131,278.753312239,327.828480095,8867.25767744,32986.5173315,16653.0797836,46183.355571,8867.25767744,46183.355571
52,0.000962962963,195595.135444,212294.987298,202596.93123,215686.037748,195595.135444,215686.037748,94270.135444,110969.987298,101271.93123,114361.037748,94270.135444,114361.037748,495.983249123,581.317720733,519.313874295,628.531018148,495.983249123,628.531018148,284.993857479,330.770694614,281.038539337,326.92829812,281.038539337,330.770694614,6940.64388775,30431.2427297,14487.4595062,43265.2332209,6940.64388775,43265.2332209
53,0.000981481481,195442.767742,213003.363009,202273.963045,216242.678725,195442.767742,216242.678725,94117.767742,111678.363009,100948.963045,114917.678725,94117.767742,114917.678725,490.257347334,572.001536685,512.617549869,617.442761515,490.257347334,617.442761515,287.260231299,333.700715501,283.340386666,329.864317542,283.340386666,333.700715501,5091.38772206,27983.7009526,12408.6874153,40462.4430888,5091.38772206,40462.4430888
54,0.001,195369.986235,213755.544299,202027.514577,216846.949586,195369.986235,216846.949586,94044.986235,112430.544299,100702.514577,115521.949586,94044.986235,115521.949586,484.84986806,563.177845044,506.289575028,606.912014054,484.84986806,606.912014054,289.545453029,336.616034537,285.65677307,332.785151389,285.65677307,336.616034537,3315.62352691,25638.8804028,10412.7059625,37770.752907,3315.62352691,37770.752907
55,0.001018518519,195372.920836,214547.630088,201854.743169,217495.194332,195372.920836,217495.194332,94047.920836,113222.630088,100529.743169,116170.194332,94047.920836,116170.194332,479.741110594,554.820816657,500.307997169,596.913177675,479.741110594,596.913177675,291.847266073,339.51428318,287.985748998,335.688632544,287.985748998,339.51428318,1609.67476479,23391.9137107,8495.60696211,35185.9033585,1609.67476479,35185.9033585
56,0.001037037037,195447.797466,215375.874137,201752.78632,218183.85516,195447.797466,218183.85516,94122.797466,114050.874137,100427.78632,116858.85516,94122.797466,116858.85516,474.912532525,546.905521779,494.652026669,587.421031492,474.912532525,587.421031492,294.1635357,342.393228281,290.325478775,338.572708005,290.325478775,342.393228281,-29.948271053,21238.094221,6653.63988706,32703.6430316,-29.948271053,32703.6430316
57,0.001055555556,195590.942538,216212.972087,201718.772473,218885.948861,195590.942538,218885.948861,94265.942538,114887.972087,100393.772473,117560.948861,94265.942538,117560.948861,470.348760633,539.413741399,489.306196737,578.410888291,470.348760633,578.410888291,296.492236196,345.219678386,292.674225709,341.404527157,292.674225709,345.219678386,-1605.69935849,19173.6065721,4884.2003323,30320.5957448,-1605.69935849,30320.5957448
58,0.001074074074,195712.991932,216943.798192,201664.672371,219487.43929,195712.991932,219487.43929,94387.991932,115618.798192,100339.672371,118162.43929,94387.991932,118162.43929,466.040309066,532.365042076,484.268078354,569.917109817,466.040309066,569.917109817,298.71477983,347.845263968,294.914692867,344.03687111,294.914692867,347.845263968,-3116.58605785,17199.9070815,3188.56067796,28039.3932749,-3116.58605785,28039.3932749
59,0.001092592593,195778.016051,217566.31949,201555.821794,219986.601553,195778.016051,219986.601553,94453.016051,116241.31949,100230.821794,118661.601553,94453.016051,118661.601553,461.96623419,525.730915224,479.512918738,561.925345021,461.96623419,561.925345021,300.785242199,350.269769543,297.001988393,346.469945248,297.001988393,350.269769543,-4565.33414666,15313.2968118,1563.59070802,25856.4814789,-4565.33414666,25856.4814789
60,0.001111111111,195793.858811,218093.682938,201400.936588,220396.641348,195793.858811,220396.641348,94468.858811,116768.682938,100075.936588,119071.641348,94468.858811,119071.641348,458.106883178,519.475859308,475.016411194,554.392715448,458.106883178,554.392715448,302.717029416,352.512729608,298.950066286,348.723456298,298.950066286,352.512729608,-5955.03872242,13509.0442504,5.722968369,23766.9449033,-5955.03872242,23766.9449033
61,0.00112962963,195767.535685,218537.668365,201207.667407,220729.293662,195767.535685,220729.293662,94442.535685,117212.668365,99882.667407,119404.293662,94442.535685,119404.293662,454.44509746,513.568558518,470.757346416,547.281394072,454.44509746,547.281394072,304.522334336,354.591759417,300.771517582,350.815086034,300.771517582,354.591759417,-7288.59905641,11782.7263774,-1488.38688222,21766.1246012,-7288.59905641,21766.1246012
62,0.001148148148,195705.286328,218908.820319,200982.73973,220994.982586,195705.286328,220994.982586,94380.286328,117583.820319,99657.73973,119669.982586,94380.286328,119669.982586,450.965802173,507.981260327,466.717104254,540.55785142,450.965802173,540.55785142,306.212251075,356.522746784,302.477728397,352.760710968,302.477728397,356.522746784,-8568.73822606,10130.2027601,-2921.88019235,19849.6074634,-8568.73822606,19849.6074634
63,0.001166666667,195612.704778,219216.571239,200732.073144,221202.96606,195612.704778,221202.96606,94287.704778,117891.571239,99407.073144,119877.96606,94287.704778,119877.96606,447.655675223,502.689303502,462.87924269,534.192233133,447.655675223,534.192233133,307.796900568,358.320027485,304.079016994,354.574599617,304.079016994,358.320027485,-9798.01920567,8547.60529874,-4297.71267021,18013.2149873,-9798.01920567,18013.2149873
64,0.001185185185,195494.796317,219469.354957,200460.882179,221361.466221,195494.796317,221361.466221,94169.796317,118144.354957,99135.882179,120036.466221,94169.796317,120036.466221,444.502878046,497.670664282,459.22916347,528.157839142,444.502878046,528.157839142,309.285524613,359.996544577,305.584752774,356.269588921,305.584752774,359.996544577,-10978.858523,7031.30905267,-5618.66944754,16252.9918671,-10978.858523,16252.9918671
65,0.001203703704,195356.042564,219674.710439,200173.773707,221477.786224,195356.042564,221477.786224,94031.042564,118349.710439,98848.773707,120152.786224,94031.042564,120152.786224,441.496835255,492.905597502,455.753838538,522.430725371,441.496835255,522.430725371,310.68657381,361.563992401,307.003462002,357.85724148,307.003462002,361.563992401,-12113.5380032,5577.91264733,-6887.37824999,14565.1946613,-12113.5380032,14565.1946613
66,0.001222222222,195200.458888,219839.376018,199874.817009,221558.414542,195200.458888,221558.414542,93875.458888,118514.376018,98549.817009,120233.414542,93875.458888,120233.414542,438.628053318,488.376340632,452.441584963,516.98932438,438.628053318,516.98932438,312.007785602,363.03294623,308.342917175,359.347985336,308.342917175,363.03294623,-13204.214964,4184.22228872,-8106.32099584,12947.1107695,-13204.214964,12947.1107695
67,0.001240740741,195031.645111,219969.374558,199567.610007,221609.117767,195031.645111,221609.117767,93706.645111,118644.374558,98242.610007,120284.117767,93706.645111,120284.117767,435.88797055,484.066858734,449.28187873,511.814144145,435.88797055,511.814144145,313.256253623,364.4129786,309.610216552,360.751237949,309.610216552,364.4129786,-14252.9311511,2847.23557734,-9277.84408577,11398.0351411,-14252.9311511,11398.0351411
68,0.001259259259,194852.830331,220070.090092,199255.336621,221635.015539,194852.830331,221635.015539,93527.830331,118745.090092,97930.336621,120310.015539,93527.830331,120310.015539,433.26883236,479.96262994,446.265180371,506.887512998,433.26883236,506.887512998,314.438489417,365.712763443,310.811853891,362.075514668,310.811853891,365.712763443,-15261.6206395,1564.12740549,-10404.1746059,9911.01703082,-15261.6206395,9911.01703082
69,0.001277777778,194666.912569,220146.336573,198940.816537,221640.654236,194666.912569,221640.654236,93341.912569,118821.336573,97615.816537,120315.654236,93341.912569,120315.654236,430.763586959,476.050463262,443.382807394,502.19336254,430.763586959,502.19336254,315.560477412,366.940169112,311.953779748,363.32852623,311.953779748,366.940169112,-16232.1168821,332.237311624,-11487.4279931,8483.07222838,-16232.1168821,8483.07222838
70,0.001296296296,194476.493809,220202.419366,198626.5476,221630.115103,194476.493809,221630.115103,93151.493809,118877.419366,97301.5476,120305.115103,93151.493809,120305.115103,428.365797716,472.31834282,440.62693927,497.717038899,428.365797716,497.717038899,316.62772397,368.102341346,313.041455397,364.517272294,313.041455397,368.102341346,-17166.1590475,-850.942009411,-12529.5743377,7111.37491935,-17166.1590475,7111.37491935
71,0.001314814815,194283.910569,220242.190144,198314.744142,221607.011559,194283.910569,221607.011559,92958.910569,118917.190144,96989.744142,120282.011559,92958.910569,120282.011559,426.069569125,468.755294081,437.990369313,493.445145345,426.069569125,493.445145345,317.645301211,369.205777211,314.07990063,365.648106441,314.07990063,369.205777211,-18065.3977607,-1987.77517868,-13532.5013807,5793.24941707,-18065.3977607,5793.24941707
72,0.001333333333,194091.263231,220269.095801,198007.37197,221574.562358,194091.263231,221574.562358,92766.263231,118944.095801,96682.37197,120249.562358,92766.263231,120249.562358,423.869483953,465.351268507,435.466486084,489.365412218,423.869483953,489.365412218,318.617886336,370.256390927,315.073736033,366.726807673,315.073736033,370.256390927,-18931.4003377,-3080.49370578,-14497.9993546,4526.16409703,-18931.4003377,4526.16409703
73,0.001351851852,193900.439447,220286.210343,197706.175072,221535.635985,193900.439447,221535.635985,92575.439447,118961.210343,96381.175072,120210.635985,92575.439447,120210.635985,421.760524046,462.097043668,433.049206585,485.46657055,421.760524046,485.46657055,319.549796644,371.259568691,316.02722015,367.75863977,316.02722015,371.259568691,-19765.6648802,-4131.2047625,-15427.7667236,3307.72119555,-19765.6648802,3307.72119555
74,0.00137037037,193713.135971,220296.297281,197412.700804,221492.789817,193713.135971,221492.789817,92388.135971,118971.297281,96087.700804,120167.789817,92388.135971,120167.789817,419.738076768,458.984135433,430.732918933,481.738248302,419.738076768,481.738248302,320.445021084,372.220228442,316.944282739,368.748403805,316.944282739,372.220228442,-20569.6056897,-5141.89956398,-16323.4154847,2135.64927484,-20569.6056897,2135.64927484
75,0.001388888889,193530.878108,220301.843343,197128.321977,221448.304661,193530.878108,221448.304661,92205.878108,118976.843343,95803.321977,120123.304661,92205.878108,120123.304661,417.797893174,456.004723937,428.512432914,478.170879698,417.797893174,478.170879698,321.307248608,373.142866139,317.828554387,369.700484627,317.828554387,373.142866139,-21344.5580901,-6114.46024482,-17186.476081,1007.79611059,-21344.5580901,1007.79611059
76,0.001407407407,193355.037037,220305.065931,196854.256268,221404.215231,193355.037037,221404.215231,92030.037037,118980.065931,95529.256268,120079.215231,92030.037037,120079.215231,415.936003048,453.15158717,426.382937146,474.755625747,415.936003048,474.755625747,322.139893704,374.031589644,318.683392964,370.618892058,318.683392964,374.031589644,-22091.8006705,-7050.6667352,-18018.4019701,-77.878016184,-22091.8006705,-77.878016184
77,0.001425925926,193186.845244,220307.952069,196591.583294,221362.337084,193186.845244,221362.337084,91861.845244,118982.952069,95266.583294,120037.337084,91861.845244,120037.337084,414.148711088,450.418042033,424.339961573,471.484304288,414.148711088,471.484304288,322.946119387,374.8901594,319.511907277,371.507297593,319.511907277,374.8901594,-22812.5494,-7952.20331067,-18820.5739721,-1123.30664238,-22812.5494,-1123.30664238
78,0.001444444444,193027.410321,220312.282529,196341.259666,221324.290332,193027.410321,221324.290332,91702.410321,118987.282529,95016.259666,119999.290332,91702.410321,119999.290332,412.43257084,447.797892992,422.379345184,468.349328245,412.43257084,468.349328245,323.728857993,375.722021296,320.316978285,372.369066657,320.316978285,375.722021296,-23507.9609512,-8820.66445465,-19594.3041208,-2130.32308019,-23507.9609512,-2130.32308019
79,0.001462962963,192877.727281,220319.653267,196104.132277,221291.520602,192877.727281,221291.520602,91552.727281,118994.653267,94779.132277,119966.520602,91552.727281,119966.520602,410.784361835,445.285386675,420.497207448,465.343650933,410.784361835,465.343650933,324.490829948,376.530336005,321.101278165,373.207287405,321.101278165,376.530336005,-24179.1358152,-9657.56029733,-20340.8393642,-3100.66602787,-24179.1358152,-3100.66602787
80,0.001481481481,192738.689588,220331.494482,195880.950048,221265.317609,192738.689588,221265.317609,91413.689588,119006.494482,94555.950048,119940.317609,91413.689588,119940.317609,409.201069429,442.8751716,418.689922915,462.460717476,409.201069429,462.460717476,325.234560782,377.318005203,321.867287467,374.024796515,321.867287467,377.318005203,-24827.1212274,-10464.3216705,-21061.3651235,-4035.98485268,-24827.1212274,-4035.98485268
81,0.0015,192611.099032,220349.08756,195672.373739,221246.831579,192611.099032,221246.831579,91286.099032,119024.08756,94347.373739,119921.831579,91286.099032,119921.831579,407.679866987,440.562262407,416.954098882,459.694418962,407.679866987,459.694418962,325.962396559,378.087695013,322.617310771,374.824202121,322.617310771,378.087695013,-25452.913919,-11242.3047942,-21757.0085728,-4937.8453944,-25452.913919,-4937.8453944
82,0.001518518519,192495.67458,220373.580236,195478.986075,221237.087797,192495.67458,221237.087797,91170.67458,119048.580236,94153.986075,119912.087797,91170.67458,119912.087797,406.21809995,438.342007914,415.286555562,457.03905751,406.21809995,457.03905751,326.676517883,378.841857159,323.353490503,375.607904274,323.353490503,378.841857159,-26057.4627537,-11992.7956566,-22428.8417226,-5807.73344697,-26057.4627537,-5807.73344697
83,0.001537037037,192393.060322,220405.999935,195301.300159,221236.999498,192393.060322,221236.999498,91068.060322,119080.999935,93976.300159,119911.999498,91068.060322,119911.999498,404.813271851,436.210062566,413.684308392,454.4893128,404.813271851,454.4893128,327.378952638,379.582747619,324.07781945,376.378113263,324.07781945,379.582747619,-26641.6711171,-12717.0140924,-23077.8843208,-6647.05878315,-26641.6711171,-6647.05878315
84,0.001555555556,192303.832607,220447.265681,195139.766179,221247.379314,192303.832607,221247.379314,90978.832607,119122.265681,93814.766179,119922.379314,90978.832607,119922.379314,403.46303174,434.162360858,412.144552226,452.040208538,403.46303174,452.040208538,328.071587598,380.312443419,324.792152405,377.136866013,324.792152405,380.312443419,-27206.3991937,-13416.1175884,-23705.1065854,-7457.16008783,-27206.3991937,-7457.16008783
85,0.001574074074,192228.506459,220498.198836,194994.777894,221268.949439,192228.506459,221268.949439,90903.506459,119173.198836,93669.777894,119943.949439,90903.506459,119943.949439,402.165162781,432.19509434,410.664647135,449.687084491,402.165162781,449.687084491,328.756179004,381.032857963,325.498216611,377.886040814,325.498216611,381.032857963,-27752.4661851,-14091.204837,-24311.4317787,-8239.30885546,-27752.4661851,-8239.30885546
86,0.001592592593,192167.541204,220559.532625,194866.678425,221302.350669,192167.541204,221302.350669,90842.541204,119234.532625,93541.678425,119977.350669,90842.541204,119977.350669,400.917572051,430.304690929,409.242105637,447.425571275,400.917572051,447.425571275,329.434362358,381.745754714,326.197621282,378.627370552,326.197621282,381.745754714,-28280.6523683,-14743.3190586,-24897.7386359,-8994.71305831,-28280.6523683,-8994.71305831
87,0.001611111111,192121.345949,220631.920644,194755.76542,221348.150451,192121.345949,221348.150451,90796.345949,119306.920644,93430.76542,120023.150451,90796.345949,120023.150451,399.718281341,428.487796227,407.874581169,445.251567559,399.718281341,445.251567559,330.107661061,382.45275952,326.891866279,379.362454628,326.891866279,382.45275952,-28791.7010425,-15373.4511092,-25464.8636556,-9724.52059936,-28791.7010425,-9724.52059936
88,0.00162962963,192090.284252,220715.944476,194662.295667,221406.850056,192090.284252,221406.850056,90765.284252,119390.944476,93337.295667,120081.850056,90765.284252,120081.850056,398.565418815,426.741256638,406.559857658,443.161219427,398.565418815,443.161219427,330.777494486,383.155371765,327.582350035,380.0927697,327.582350035,383.155371765,-29286.3203695,-15982.5423901,-26013.6032616,-10429.8225624,-29286.3203695,-10429.8225624
89,0.001648148148,192074.678246,220812.120494,194586.489231,221478.890975,192074.678246,221478.890975,90749.678246,119487.120494,93261.489231,120153.890975,90749.678246,120153.890975,397.457211446,425.062104036,405.295840049,441.150901644,397.457211446,441.150901644,331.445185487,383.854974418,328.270376812,380.81967939,328.270376812,383.854974418,-29765.1851165,-16571.487582,-26544.7158445,-11111.6562721,-29765.1851165,-11111.6562721
90,0.001666666667,192074.812466,220920.905966,194528.533151,221564.660638,192074.812466,221564.660638,90749.812466,119595.905966,93203.533151,120239.660638,90749.812466,120239.660638,396.391978132,423.447541438,404.080545709,439.217200637,396.391978132,439.217200637,332.111967204,384.552843157,328.957163337,381.544443064,328.957163337,384.552843157,-30228.9383043,-17141.1373548,-27058.9236897,-11771.0081746,-30228.9383043,-11771.0081746
91,0.001685185185,192090.937312,221042.704525,194488.584761,221664.497518,192090.937312,221664.497518,90765.937312,119717.704525,93163.584761,120339.497518,90765.937312,120339.497518,395.368123413,421.894931265,402.912096576,437.356898992,395.368123413,437.356898992,332.778989321,385.250154633,329.643844903,382.268223791,329.643844903,385.250154633,-30678.1927689,-17692.3004559,-27556.9147986,-12408.8165505,-30678.1927689,-12408.8165505
92,0.001703703704,192123.272181,221177.871077,194466.774668,221778.69571,192123.272181,221778.69571,90798.272181,119852.871077,93141.774668,120453.69571,90798.272181,120453.69571,394.384131733,420.401783563,401.788711998,435.566961309,394.384131733,435.566961309,333.447323821,385.947993964,330.331480965,382.992095564,330.331480965,385.947993964,-31113.5326393,-18225.7460525,-28039.3446109,-13025.9740697,-31113.5326393,-13025.9740697
93,0.001722222222,192172.008308,221326.71621,194463.209433,221907.509025,192172.008308,221907.509025,90847.008308,120001.71621,93138.209433,120582.509025,90847.008308,120582.509025,393.438562179,418.965745341,400.708702178,433.844521294,393.438562179,433.844521294,334.117970287,386.647361557,331.021060297,383.717049867,331.021060297,386.647361557,-31535.5147385,-18742.2059002,-28506.837631,-13623.3301982,-31535.5147385,-13623.3301982
94,0.001740740741,192237.31134,221489.510163,194477.973978,222051.154662,192237.31134,222051.154662,90912.31134,120164.510163,93152.973978,120726.154662,90912.31134,120726.154662,392.530043655,417.584590979,399.670462165,432.186869935,392.530043655,432.186869935,334.791860795,387.349179322,331.713505734,384.444001643,331.713505734,387.349179322,-31944.6699089,-19242.3763281,-28959.9889671,-14201.6934653,-31944.6699089,-14201.6934653
95,0.001759259259,192319.323672,221666.486392,194511.133758,222209.816511,192319.323672,222209.816511,90994.323672,120341.486392,93186.133758,120884.816511,90994.323672,120884.816511,391.657270449,416.256213442,398.672466334,430.591444677,391.657270449,430.591444677,335.469864422,388.054296329,332.409678556,385.17379475,332.409678556,388.054296329,-32341.5042699,-19726.9201046,-29399.3657859,-14761.8335999,-32341.5042699,-14761.8335999
96,0.001777777778,192418.166563,221857.844782,194562.736713,222383.648118,192418.166563,222383.648118,91093.166563,120532.844782,93237.736713,121058.648118,91093.166563,121058.648118,390.818998142,414.978616236,397.713263311,429.055819489,390.818998142,429.055819489,336.152791414,388.76349397,333.110382521,385.907206937,333.110382521,388.76349397,-32726.5004084,-20196.468192,-29825.5086889,-15304.4835445,-32726.5004084,-15304.4835445
97,0.001796296296,192533.942018,222063.754552,194632.815036,222572.775344,192533.942018,222572.775344,91208.942018,120738.754552,93307.815036,121247.775344,91208.942018,121247.775344,390.01403984,413.74990602,396.791471292,427.577695737,390.01403984,427.577695737,336.841397168,389.477490694,333.816367615,386.644954382,333.816367615,389.477490694,-33100.1185073,-20651.6213974,-30238.9330146,-15830.3413531,-33100.1185073,-15830.3413531
98,0.001814814815,192666.734622,222284.356862,194721.38676,222777.298775,192666.734622,222777.298775,91341.734622,120959.356862,93396.38676,121452.298775,91341.734622,121452.298775,389.241262696,412.568285813,395.905773733,426.154893786,389.241262696,426.154893786,337.536385581,390.196946317,334.528333496,387.387695868,334.528333496,390.196946317,-33462.7974158,-21092.9519271,-30640.1300702,-16340.0719812,-33462.7974158,-16340.0719812
99,0.001833333333,192816.613133,222519.767178,194828.457204,222997.295882,192816.613133,222997.295882,91491.613133,121194.767178,93503.457204,121672.295882,91491.613133,121672.295882,388.499584687,411.432048747,395.054915362,424.785345276,388.499584687,424.785345276,338.238412401,390.922465988,335.246932713,388.136036599,335.246932713,390.922465988,-33814.9556633,-21521.0048503,-31029.568297,-16834.3089736,-33814.9556633,-16834.3089736
100,0.001851851852,192983.631897,222770.077403,194954.020268,223232.823157,192983.631897,223232.823157,91658.631897,121445.077403,93629.020268,121907.823157,91658.631897,121907.823157,387.787971627,410.339572312,394.237698606,423.467085986,387.787971627,423.467085986,338.948088347,391.654603822,335.972773672,388.8905319,335.972773672,391.654603822,-34156.992421,-21936.2994778,-31407.6943464,-17313.6560566,-34156.992421,-17313.6560566
101,0.00187037037,193167.83217,223035.35781,195098.05961,223483.91758,193167.83217,223483.91758,91842.83217,121710.35781,93773.05961,122158.91758,91842.83217,122158.91758,387.105434409,409.289313042,393.452979987,422.198249259,387.105434409,422.198249259,339.665981954,392.393866237,336.706423389,389.651690126,336.706423389,392.393866237,-34489.2884137,-22339.3306615,-31774.934173,-17778.6886407,-34489.2884137,-17778.6886407
102,0.001888888889,193369.243327,223315.658782,195260.549608,223750.598204,193369.243327,223750.598204,92044.243327,121990.658782,93935.549608,122425.598204,92044.243327,122425.598204,386.451026428,408.27980161,392.699666956,420.977058783,386.451026428,420.977058783,340.392622221,393.140715019,337.448410397,390.419975627,337.448410397,393.140715019,-34812.2067845,-22730.5700201,-32131.694021,-18229.9556388,-34812.2067845,-18229.9556388
103,0.001907407407,193587.883957,223611.012394,195441.456531,224032.867702,193587.883957,224032.867702,92262.883957,122286.012394,94116.456531,122707.867702,92262.883957,122707.867702,385.823841197,407.309638297,391.976715029,419.801825075,385.823841197,419.801825075,341.128501068,393.895570143,338.199226525,391.19581158,338.199226525,393.895570143,-35126.0939151,-23110.4670941,-32478.3613441,-18667.9800651,-35126.0939151,-18667.9800651
104,0.001925925926,193823.762874,223921.433847,195640.739351,224330.713659,193823.762874,224330.713659,92498.762874,122596.433847,94315.739351,123005.713659,92498.762874,123005.713659,385.223010125,406.37748879,391.283125048,418.670939649,385.223010125,418.670939649,341.874075628,394.658812385,338.959329287,391.979582512,338.959329287,394.658812385,-35431.2802035,-23479.4504369,-32815.305693,-19093.260516,-35431.2802035,-19093.260516
105,0.001944444444,194076.880024,224246.922938,195858.350492,224644.109749,194076.880024,224644.109749,92751.880024,122921.922938,94533.350492,123319.109749,92751.880024,123319.109749,384.647700539,405.482080301,390.617940638,417.582869819,384.647700539,417.582869819,342.629770368,395.430785905,339.729144047,392.771636618,339.729144047,395.430785905,-35728.0807841,-23837.9286432,-33142.8795569,-19506.2724901,-35728.0807841,-19506.2724901
106,0.001962962963,194347.227333,224587.464985,196094.236556,224973.01679,194347.227333,224973.01679,93022.227333,123262.464985,94769.236556,123648.01679,93022.227333,123648.01679,384.097113617,404.622197953,389.980245843,416.536154226,384.097113617,416.536154226,343.395979088,396.211800191,340.509065946,393.572287905,340.509065946,396.211800191,-36016.7962565,-24186.2913212,-33461.4191605,-19907.469516,-36016.7962565,-19907.469516
107,0.001981481481,194634.789463,224943.031848,196348.338972,225317.383708,194634.789463,225317.383708,93309.789463,123618.031848,95023.338972,123992.383708,93309.789463,123992.383708,383.570482567,403.796681441,389.369162921,415.529398683,383.570482567,415.529398683,344.173066763,397.002132043,341.299461699,394.38181817,341.299461699,397.002132043,-36297.7133527,-24524.9100098,-33771.2452188,-20297.2842164,-36297.7133527,-20297.2842164
108,0.002,194939.544516,225313.583012,196620.594593,225677.148403,194939.544516,225677.148403,93614.544516,123988.583012,95295.594593,124352.148403,93614.544516,124352.148403,383.067071013,403.004421917,388.783850279,414.561272308,383.067071013,414.561272308,344.961371269,397.802027599,342.100671276,395.200478842,342.100671276,397.802027599,-36571.1055539,-24854.1390457,-34072.6636537,-20676.1293144,-36571.1055539,-20676.1293144
109,0.002018518519,195261.464673,225699.066464,196910.936232,226052.238532,195261.464673,226052.238532,93936.464673,124374.066464,95585.936232,124727.238532,93936.464673,124727.238532,382.586171422,402.244359103,388.22350056,413.630503935,382.586171422,413.630503935,345.761205002,398.611704076,342.913009469,396.028492671,342.913009469,398.611704076,-36837.2336898,-25174.3163826,-34365.9662723,-21044.3985851,-36837.2336898,-21044.3985851
110,0.002037037037,195600.516777,226099.419487,197219.293151,226442.57222,195600.516777,226442.57222,94275.516777,124774.419487,95894.293151,125117.57222,94275.516777,125117.57222,382.127103627,401.515478599,387.687338844,412.735878767,382.127103627,412.735878767,346.572856375,399.431351396,343.73676735,396.8660553,343.73676735,399.431351396,-37096.3465062,-25485.7643656,-34651.4314109,-21402.4677544,-37096.3465062,-21402.4677544
111,0.002055555556,195956.662867,226514.569375,197545.591506,226848.058697,195956.662867,226848.058697,94631.662867,125189.569375,96220.591506,125523.058697,94631.662867,125523.058697,381.689213458,400.816809376,387.174620966,411.876235261,381.689213458,411.876235261,347.396591231,400.26113367,344.57221365,397.713336724,344.57221365,400.26113367,-37348.6812047,-25788.7904631,-34929.3245447,-21750.6953499,-37348.6812047,-21750.6953499
112,0.002074074074,196329.86067,226944.434083,197889.754746,227268.598879,196329.86067,227268.598879,95004.86067,125619.434083,96564.754746,125943.598879,95004.86067,125943.598879,381.271871445,400.147421441,386.684631951,411.050462223,381.271871445,411.050462223,348.232654157,401.101190589,345.41959603,398.570482635,345.41959603,401.101190589,-37594.4639549,-26083.6879598,-35199.8988673,-22089.4235054,-37594.4639549,-22089.4235054
113,0.002092592593,196720.064023,227388.922817,198251.703981,227704.085883,196720.064023,227704.085883,95395.064023,126063.922817,96926.703981,126379.085883,95395.064023,126379.085883,380.874471609,399.506423657,386.216684538,410.257496094,380.874471609,410.257496094,349.0812698,401.951638705,346.279142289,399.437615671,346.279142289,401.951638705,-37833.9103807,-26370.7366109,-35463.3958394,-22418.9787221,-37833.9103807,-22418.9787221
114,0.002111111111,197127.223309,227847.936557,198631.358309,228154.405497,197127.223309,228154.405497,95802.223309,126522.936557,97306.358309,126829.405497,95802.223309,126829.405497,380.496430324,398.892961706,385.770117802,409.496318427,380.496430324,409.496318427,349.942643868,402.812572612,347.151061474,400.314836574,347.151061474,402.812572612,-38067.226022,-26650.2032626,-35720.0457098,-22739.6725887,-38067.226022,-22739.6725887
115,0.00212962963,197551.285834,228321.368539,199028.635117,228619.4366,197551.285834,228619.4366,96226.285834,126996.368539,97703.635117,127294.4366,96226.285834,127294.4366,380.137185254,398.306216193,385.344295859,408.765953511,380.137185254,408.765953511,350.816964207,403.684066049,348.035544939,401.202225268,348.035544939,403.684066049,-38294.6067734,-26922.3424383,-35970.0680094,-23051.8024632,-38294.6067734,-23051.8024632
116,0.002148148148,197992.196162,228809.10468,199443.450349,229099.051531,197992.196162,229099.051531,96667.196162,127484.10468,98118.450349,127774.051531,96667.196162,127774.051531,379.796194345,397.745370809,384.938606653,408.06546617,379.796194345,408.06546617,351.704401877,404.566172913,348.932767319,402.099841841,348.932767319,404.566172913,-38516.2393007,-27187.4045541,-36213.6720208,-23355.6521186,-38516.2393007,-23355.6521186
117,0.002166666667,198449.896415,229311.023961,199875.718753,229593.116428,198449.896415,229593.116428,97124.896415,127986.023961,98550.718753,128268.116428,97124.896415,128268.116428,379.472934883,397.209701463,384.552460814,407.393959686,379.472934883,407.393959686,352.605112075,405.4589282,349.842887459,403.007727471,349.842887459,405.4589282,-38732.3014363,-27445.6132161,-36451.0572226,-23651.4923531,-38732.3014363,-23651.4923531
118,0.002185185185,198924.326557,229826.99877,200325.354093,230101.491784,198924.326557,230101.491784,97599.326557,128501.99877,99000.354093,128776.491784,97599.326557,128776.491784,379.166902609,396.698483275,384.185290728,406.750573866,379.166902609,406.750573866,353.519235024,406.362348868,350.766049264,403.92590557,350.766049264,406.362348868,-38942.9625553,-27697.1892029,-36682.4136817,-23939.5815695,-38942.9625553,-23939.5815695
119,0.002203703704,199415.424653,230356.895199,200792.269355,230624.032339,199415.424653,230624.032339,98090.424653,129031.895199,99467.269355,129299.032339,98090.424653,129299.032339,378.877610875,396.211019828,383.836549323,406.134483226,378.877610875,406.134483226,354.446896798,407.276434641,351.702382518,404.854382157,351.702382518,407.276434641,-39148.383932,-27942.3430198,-36907.9224992,-24220.1663228,-39148.383932,-24220.1663228
120,0.002222222222,199923.127093,230900.573315,201276.376914,231160.587205,199923.127093,231160.587205,98598.127093,129575.573315,99951.376914,129835.587205,98598.127093,129835.587205,378.604589862,395.746641801,383.50570907,405.544895287,378.604589862,405.544895287,355.38821008,408.20116874,352.652003622,405.793146472,352.652003622,408.20116874,-39348.7190794,-28181.2753456,-37127.7562007,-24493.4818388,-39348.7190794,-24493.4818388
121,0.002240740741,200447.36881,231457.887389,201777.588694,231711.000267,200447.36881,231711.000267,99122.36881,130132.887389,100452.588694,130386.000267,99122.36881,130386.000267,378.347385833,395.304705686,383.192261204,404.981048982,378.347385833,404.981048982,356.343274895,409.136518566,353.615016312,406.742171868,353.615016312,409.136518566,-39544.1140708,-28414.1774551,-37342.0790722,-24759.7525065,-39544.1140708,-24759.7525065
122,0.002259259259,200988.083465,232028.686135,202295.816306,232275.110342,200988.083465,232275.110342,99663.083465,130703.686135,100970.816306,130950.110342,99663.083465,130950.110342,378.105560445,394.884592579,382.895714873,404.442213154,378.105560445,404.442213154,357.312179278,410.082436362,354.591512309,407.701416409,354.591512309,410.082436362,-39734.7078428,-28641.2316202,-37551.0475038,-25019.192343,-39734.7078428,-25019.192343
123,0.002277777778,201545.203612,232612.813137,202830.971169,232852.751318,201545.203612,232852.751318,100220.203612,131287.813137,101505.971169,131527.751318,100220.203612,131527.751318,377.87869021,394.485707053,382.615596345,403.92768515,377.87869021,403.92768515,358.294999892,411.038860075,355.581571939,408.670823437,355.581571939,411.038860075,-39920.6324651,-28862.6114889,-37754.8103145,-25272.0054355,-39920.6324651,-25272.0054355
124,0.002296296296,202118.660855,233210.106395,203382.964613,233443.752266,202118.660855,233443.752266,100793.660855,131885.106395,102057.964613,132118.752266,100793.660855,132118.752266,377.66636558,394.107476092,382.351448256,403.436789501,377.66636558,403.436789501,359.291802622,412.005713193,356.5852647,409.650322076,356.5852647,412.005713193,-40102.0134668,-29078.4824453,-37953.5090617,-25518.3863588,-40102.0134668,-25518.3863588
125,0.002314814815,202708.385979,233820.398654,203951.707974,234047.937519,202708.385979,234047.937519,101383.385979,132495.398654,102626.707974,132722.937519,101383.385979,132722.937519,377.468190461,393.749348088,382.102828896,402.96887667,377.468190461,402.96887667,360.302643118,412.98290546,357.602649807,410.639827689,357.602649807,412.98290546,-40278.970078,-29289.0019497,-38147.2783347,-25758.5205716,-40278.970078,-25758.5205716
126,0.002333333333,203314.309064,234443.517571,204537.112664,234665.126736,203314.309064,234665.126736,101989.309064,133118.517571,103212.112664,133340.126736,101989.309064,133340.126736,377.283781687,393.410791903,381.869311538,402.523321889,377.283781687,402.523321889,361.327567296,413.970333384,358.633776673,411.639242296,358.633776673,413.970333384,-40451.6154722,-29494.3198621,-38336.2460328,-25992.5847918,-40451.6154722,-25992.5847918
127,0.002351851852,203936.359588,235079.325866,205139.090235,235295.134932,203936.359588,235295.134932,102611.359588,133754.325866,103814.090235,133970.134932,102611.359588,133970.134932,377.112768481,393.091295979,381.650483798,402.099524053,377.112768481,402.099524053,362.366611808,414.967880614,359.678685382,412.648454936,359.678685382,414.967880614,-40620.0570024,-29694.5787469,-38520.5336296,-26220.7473521,-40620.0570024,-26220.7473521
128,0.00237037037,204574.466513,235731.695832,205757.55243,235940.387501,204574.466513,235940.387501,103249.466513,134406.695832,104432.55243,134615.387501,103249.466513,134615.387501,376.954791956,392.7903675,381.445947033,401.696904684,376.954791956,401.696904684,363.419804478,415.97541827,360.737407106,413.667342002,360.737407106,415.97541827,-40784.3964256,-29889.9141633,-38700.2564241,-26443.168537,-40784.3964256,-26443.168537
129,0.002388888889,205228.558355,236396.34641,206392.41122,236598.848071,205228.558355,236598.848071,103903.558355,135071.34641,105067.41122,135273.848071,103903.558355,135273.848071,376.809504619,392.50753161,381.255315767,401.314906949,376.809504619,401.314906949,364.487164699,416.992805229,361.809964509,414.695767517,361.809964509,416.992805229,-40944.7301159,-30080.454939,-38875.5237787,-26660.0009014,-40944.7301159,-26660.0009014
130,0.002407407407,205898.563244,237073.088027,207043.578822,237269.560063,205898.563244,237269.560063,104573.563244,135748.088027,105718.578822,135944.560063,104573.563244,135944.560063,376.676569922,392.242330652,381.078217143,400.952994739,376.676569922,400.952994739,365.568703802,418.019888377,362.896372095,415.73358338,362.896372095,418.019888377,-41101.1492661,-30266.3234368,-39046.4393445,-26871.3895736,-41101.1492661,-26871.3895736
131,0.002425925926,206584.408963,237761.725962,207710.967718,237952.322388,206584.408963,237952.322388,105259.408963,136436.725962,106385.967718,136627.322388,105259.408963,136627.322388,376.555661816,391.994323432,380.914290411,400.610651797,376.555661816,400.610651797,366.664425393,419.056502805,363.996636548,416.780629569,363.996636548,419.056502805,-41253.7400803,-30447.635823,-39213.1012758,-27077.4725409,-41253.7400803,-27077.4725409
132,0.002444444444,207286.022983,238462.060276,208394.490654,238646.929052,207286.022983,238646.929052,105961.022983,137137.060276,107069.490654,137321.929052,105961.022983,137321.929052,376.446464336,391.763084656,380.763186429,400.287380895,376.446464336,400.287380895,367.774325656,420.102471982,365.110757033,417.836734299,365.110757033,420.102471982,-41402.583955,-30624.5022388,-39375.6024333,-27278.3809213,-41402.583955,-27278.3809213
133,0.002462962963,208003.332477,239173.885701,209094.060625,239353.169055,208003.332477,239353.169055,106678.332477,137848.885701,107769.060625,138028.169055,106678.332477,138028.169055,376.348671199,391.548204256,380.624567194,399.982703059,376.348671199,399.982703059,368.898393635,421.157607878,366.23872546,418.901714153,366.23872546,421.157607878,-41547.7576517,-30797.0270465,-39534.0305763,-27474.2392192,-41547.7576517,-27474.2392192
134,0.002481481481,208736.264327,239896.991533,209809.590855,240070.826267,208736.264327,240070.826267,107411.264327,138571.991533,108484.590855,138745.826267,107411.264327,138745.826267,376.261985421,391.349286789,380.498105394,399.69615683,376.261985421,399.69615683,370.036611479,422.221711044,367.380526736,419.975374153,367.380526736,422.221711044,-41689.3334606,-30965.3090442,-39688.4685453,-27665.1655691,-41689.3334606,-27665.1655691
135,0.0025,209484.745111,240631.161548,210540.994764,240799.679203,209484.745111,240799.679203,108159.745111,139306.161548,109215.994764,139474.679203,108159.745111,139474.679203,376.186118949,391.165950875,380.383483977,399.427297572,376.186118949,399.427297572,371.188954658,423.294570665,368.536138977,421.057507814,368.536138977,423.294570665,-41827.3793551,-31129.4416616,-39838.9944347,-27851.2719646,-41827.3793551,-27851.2719646
136,0.002518518519,210248.701086,241376.173813,211288.185915,241539.500978,210248.701086,241539.500978,108923.701086,140051.173813,109963.185915,140214.500978,108923.701086,140214.500978,376.120792308,390.997828665,380.280395738,399.175696815,376.120792308,399.175696815,372.355392166,424.375964552,369.705533693,422.147897138,369.705533693,424.375964552,-41961.9591383,-31289.513147,-39985.6817568,-28032.6644761,-41961.9591383,-28032.6644761
137,0.002537037037,211028.05815,242131.800493,212051.077965,242290.059045,211028.05815,242290.059045,109703.05815,140806.800493,110726.077965,140965.059045,109703.05815,140965.059045,376.06573426,390.844565334,380.188542928,398.940941625,376.06573426,398.940941625,373.535886677,425.465659115,370.888675963,423.24631258,370.888675963,425.465659115,-42093.132582,-31445.6067426,-40128.5995961,-28209.4434555,-42093.132582,-28209.4434555
138,0.002555555556,211822.74179,242897.807635,212829.584584,243051.114967,211822.74179,243051.114967,110497.74179,141572.807635,111504.584584,141726.114967,110497.74179,141726.114967,376.020681475,390.705818605,380.107636867,398.722634024,376.020681475,398.722634024,374.73039472,426.563409277,372.08552455,424.352512963,372.08552455,426.563409277,-42220.9555577,-31597.8008501,-40267.8127563,-28381.7037305,-42220.9555577,-28381.7037305
139,0.002574074074,212632.677019,243673.954917,213623.55428,243822.424147,212632.677019,243822.424147,111307.677019,142348.954917,112298.55428,142497.424147,111307.677019,142497.424147,375.985378214,390.581258295,380.037397586,398.520352685,375.985378214,398.520352685,375.938866774,427.668958351,373.295959752,425.466245357,373.295959752,427.668958351,-42345.4801605,-31746.1691872,-40403.3818985,-28549.5433461,-42345.4801605,-28549.5433461
140,0.002592592593,213457.788306,244459.995369,214432.965088,244603.735546,213457.788306,244603.735546,112132.788306,143134.995369,113107.965088,143278.735546,112132.788306,143278.735546,375.95957602,390.47056588,379.977553465,398.333766129,375.95957602,398.333766129,377.161247265,428.782037874,374.51999956,426.587244911,374.51999956,428.782037874,-42466.7548262,-31890.7809349,-40535.363672,-28713.0378756,-42466.7548262,-28713.0378756
141,0.002611111111,214297.999493,245255.675059,215257.730134,245394.791352,214297.999493,245394.791352,112972.999493,143930.675059,113932.730134,144069.791352,112972.999493,144069.791352,375.943033416,390.373434086,379.927840896,398.162517944,375.943033416,398.162517944,378.397474706,429.902367397,375.757584325,427.715234634,375.757584325,429.902367397,-42584.8244415,-32031.7008759,-40663.810838,-28872.2666429,-42584.8244415,-28872.2666429
142,0.00262962963,215153.233682,246060.732747,216097.762147,246195.326626,215153.233682,246195.326626,113828.233682,144735.732747,114772.762147,144870.326626,113828.233682,144870.326626,375.935515616,390.289566497,379.888003949,398.006264591,375.935515616,398.006264591,379.647481716,431.029654208,377.008648362,428.849925131,377.008648362,431.029654208,-42699.7304483,-32168.9895253,-40788.7723855,-29027.304119,-42699.7304483,-29027.304119
143,0.002648148148,216023.41311,246874.899494,216952.97332,247005.068908,216023.41311,247005.068908,114698.41311,145549.899494,115627.97332,145680.068908,114698.41311,145680.068908,375.936794234,390.218677186,379.857794067,397.864674948,375.936794234,397.864674948,380.911195017,432.163593035,378.273119954,429.991014364,378.273119954,432.163593035,-42811.5109416,-32302.7032524,-40910.2936378,-29178.2200661,-42811.5109416,-29178.2200661
144,0.002666666667,216908.459016,247697.89824,217823.275152,247823.737776,216908.459016,247823.737776,115583.459016,146372.89824,116498.275152,146498.737776,115583.459016,146498.737776,375.946647002,390.160490355,379.836970235,397.737429878,375.946647002,397.737429878,382.188535417,433.303865665,379.550921313,431.13818869,379.550921313,433.303865665,-42920.2007612,-32432.894396,-41028.416283,-29325.0796729,-42920.2007612,-29325.0796729
145,0.002685185185,217808.291483,248529.443331,218708.578279,248651.044374,217808.291483,248651.044374,116483.291483,147204.443331,117383.578279,147326.044374,116483.291483,147326.044374,375.964857496,390.114739998,379.825297816,397.624221813,375.964857496,397.624221813,383.479417749,434.45014053,380.841968531,432.291119969,380.841968531,434.45014053,-43025.8315784,-32559.6113711,-41143.1785998,-29467.9436814,-43025.8315784,-29467.9436814
146,0.002703703704,218722.829266,249369.240004,219608.792283,249486.690885,218722.829266,249486.690885,117397.829266,148044.240004,118283.792283,148161.690885,117397.829266,148161.690885,375.991214855,390.08116958,379.822548362,397.524754361,375.991214855,397.524754361,384.783750789,435.602072214,382.146171489,433.449465386,382.146171489,435.602072214,-43128.4319767,-32682.8987695,-41254.6155292,-29606.8685061,-43128.4319767,-29606.8685061
147,0.002722222222,219651.989596,250216.98382,220523.825479,250330.36996,219651.989596,250330.36996,118326.989596,148891.98382,119198.825479,149005.36996,118326.989596,149005.36996,376.025513618,390.05953172,379.828499544,397.438741928,376.025513618,397.438741928,386.101437137,436.759301252,383.46343373,434.612867579,383.46343373,436.759301252,-43228.0275136,-32802.7974533,-41362.7587249,-29741.9063446,-43228.0275136,-29741.9063446
148,0.002740740741,220595.687973,251072.360039,221453.584694,251181.764084,220595.687973,251181.764084,119270.687973,149747.360039,120128.584694,149856.764084,119270.687973,149856.764084,376.06755379,390.049587902,379.842934848,397.365909361,376.06755379,397.365909361,387.432373077,437.921454578,384.793652321,435.780954008,384.793652321,437.921454578,-43324.6407492,-32919.3446414,-41467.6366325,-29873.1052816,-43324.6407492,-29873.1052816
149,0.002759259259,221553.837919,251935.042941,222397.975007,252040.54489,221553.837919,252040.54489,120228.837919,150610.042941,121072.975007,150715.54489,120228.837919,150715.54489,376.117139591,390.051108185,379.865643278,397.3059916,376.117139591,397.3059916,388.776448382,439.088141797,386.136717656,436.953336269,386.136717656,439.088141797,-43418.2914325,-33032.5739903,-41569.2745635,-30000.509385,-43418.2914325,-30000.509385
150,0.002777777778,222526.350689,252804.695072,223356.899484,252906.372402,222526.350689,252906.372402,121201.350689,151479.695072,122031.899484,151581.372402,121201.350689,151581.372402,376.174079622,390.063870928,379.896419052,397.258733355,376.174079622,397.258733355,390.133546066,440.258955753,387.492513244,438.129609303,387.492513244,440.258955753,-43508.996507,-33142.515668,-41667.694764,-30124.1587953,-43508.996507,-30124.1587953
151,0.002796296296,223513.135048,253680.966426,224330.25887,253778.894212,223513.135048,253778.894212,122188.135048,152355.966426,123005.25887,152453.894212,122188.135048,152453.894212,376.238186661,390.087662531,379.935061299,397.223888782,376.238186661,397.223888782,391.503542201,441.433471936,388.860915446,439.309350529,388.860915446,441.433471936,-43596.770157,-33249.1964229,-41762.9164787,-30244.0898083,-43596.770157,-30244.0898083
152,0.002814814815,224514.096938,254563.49354,225317.951269,254657.744564,224514.096938,254657.744564,123189.096938,153238.49354,123992.951269,153332.744564,123189.096938,153332.744564,376.309277373,390.122277179,379.981373751,397.201221187,376.309277373,397.201221187,392.886305601,442.611247499,390.241793184,440.492118875,390.241793184,442.611247499,-43681.6238587,-33352.6396457,-41854.9560091,-30360.3349513,-43681.6238587,-30360.3349513
153,0.002833333333,225529.13913,255451.898499,226319.871781,255542.543365,225529.13913,255542.543365,124204.13913,154126.898499,124994.871781,154217.543365,124204.13913,154217.543365,376.387172011,390.167516595,380.035164425,397.190502734,376.387172011,397.190502734,394.281697484,443.791820195,391.63500759,441.677453699,391.63500759,443.791820195,-43763.566428,-33452.865427,-41943.8267678,-30472.9230525,-43763.566428,-30472.9230525
154,0.002851851852,226558.160851,256345.787851,227335.912124,256432.895083,226558.160851,256432.895083,125233.160851,155020.787851,126010.912124,155107.895083,125233.160851,155107.895083,376.471694106,390.223189801,380.096245303,397.191514158,376.471694106,397.191514158,395.689571095,444.974707175,393.040411643,442.864873591,393.040411643,444.974707175,-43842.6040635,-33549.8906082,-42029.5393274,-30581.8793047,-43842.6040635,-30581.8793047
155,0.00287037037,227601.057368,257244.751395,228365.960198,257328.387543,227601.057368,257328.387543,126276.057368,155919.751395,127040.960198,156003.387543,126276.057368,156003.387543,376.562670146,390.289112893,380.164431993,397.204044501,376.562670146,397.204044501,397.109771274,446.159403656,394.457849718,444.053875037,394.457849718,446.159403656,-43918.7403852,-33643.728828,-42112.101465,-30687.2253231,-43918.7403852,-30687.2253231
156,0.002888888889,228657.719549,258148.360859,229409.899637,258228.51,228657.719549,258228.51,127332.719549,156823.360859,128084.899637,156903.51,127332.719549,156903.51,376.659929232,390.365108808,380.239543382,397.227890845,376.659929232,397.227890845,398.542133991,447.345381448,395.887157119,445.243930942,395.887157119,447.345381448,-43991.9764693,-33734.390563,-42191.5182023,-30788.9791965,-43991.9764693,-30788.9791965
157,0.002907407407,229728.033366,259056.168424,230467.609296,259132.893456,229728.033366,259132.893456,128403.033366,157731.168424,129142.609296,157807.893456,128403.033366,157807.893456,376.763302726,390.451007111,380.321401269,397.262858062,376.763302726,397.262858062,399.986485804,448.532087306,397.328159533,446.434488963,397.328159533,448.532087306,-44062.3108783,-33821.8831639,-42267.7918403,-30887.1555336,-44062.3108783,-30887.1555336
158,0.002925925926,230811.879368,259967.705098,231538.96271,260041.06721,230811.879368,260041.06721,129486.879368,158642.705098,130213.96271,158716.06721,129486.879368,158716.06721,376.872623864,390.546643777,380.409829974,397.308758562,376.872623864,397.308758562,401.442643286,449.718941088,398.780672442,447.624969692,398.780672442,449.718941088,-44129.7396877,-33906.2108858,-42340.921991,-30981.7655033,-44129.7396877,-30981.7655033
159,0.002944444444,231909.132091,260882.398534,232623.827492,260952.537665,231909.132091,260952.537665,130584.132091,159557.398534,131298.827492,159627.537665,130584.132091,159627.537665,376.987727348,390.651860976,380.504655929,397.365412057,376.987727348,397.365412057,402.910412359,450.905333713,400.244500455,448.814764576,400.244500455,450.905333713,-44194.2565081,-33987.3749142,-42410.9056028,-31072.8168694,-44194.2565081,-31072.8168694
160,0.002962962963,233019.659423,261799.812103,233722.064685,261866.786315,233019.659423,261866.786315,131694.659423,160474.812103,132397.064685,160541.786315,131694.659423,160541.786315,377.108448905,390.766506872,380.605707231,397.432645319,377.108448905,397.432645319,404.38958758,452.090624859,401.719436584,450.00323363,401.719436584,452.090624859,-44255.8525031,-34065.3733865,-42477.7369823,-31160.3140198,-44255.8525031,-31160.3140198
161,0.002981481481,234143.321906,262719.401545,234833.528042,262783.267471,234143.321906,262783.267471,132818.321906,161394.401545,133508.528042,161458.267471,132818.321906,161458.267471,377.234624802,390.890435407,380.712813161,397.510291954,377.234624802,397.510291954,405.879951344,453.274140389,403.205261431,451.189702842,403.205261431,453.274140389,-44314.5164025,-34140.2014072,-42541.4078115,-31244.257991,-44314.5164025,-31244.257991
162,0.003,235279.971967,263640.592802,235958.063254,263701.405732,235279.971967,263701.405732,133954.971967,162315.592802,134633.063254,162376.405732,133954.971967,162376.405732,377.366091322,391.023506099,380.825803663,397.598192169,377.366091322,397.598192169,407.381273001,454.455169448,404.701742302,452.373461267,404.701742302,454.455169448,-44370.2345122,-34211.8510605,-42601.907159,-31324.6464865,-44370.2345122,-31324.6464865
163,0.003018518519,236429.453085,264562.779155,237095.507173,264620.593112,236429.453085,264620.593112,135104.453085,163237.779155,135770.507173,163295.593112,135104.453085,163295.593112,377.502684174,391.165583862,380.944508762,397.696192529,377.502684174,397.696192529,408.89330789,455.63296119,406.208632344,453.553757743,406.208632344,455.63296119,-44422.9907181,-34280.3114127,-42659.2214875,-31401.473908,-44422.9907181,-31401.473908
164,0.003037037037,237591.598865,265485.317983,238245.686755,265540.185809,237591.598865,265540.185809,136266.598865,164160.317983,136920.686755,164215.185809,136266.598865,164215.185809,377.644087637,391.316538838,381.068613777,397.804145766,377.644087637,397.804145766,410.41579626,456.805942856,407.725669273,454.729018854,407.725669273,456.805942856,-44472.7593397,-34345.5685098,-42713.3270969,-31474.7313326,-44472.7593397,-31474.7313326
165,0.003055555556,238754.097731,266396.810131,239396.352267,266448.798481,238754.097731,266448.798481,137429.097731,165071.810131,138071.352267,165123.798481,137429.097731,165123.798481,377.785107909,391.47152045,381.193123307,397.919495999,377.785107909,397.919495999,411.923142701,457.965759437,409.237389705,455.872210212,409.237389705,457.965759437,-44519.2762018,-34407.3138014,-42763.9482111,-31544.2242546,-44519.2762018,-31544.2242546
166,0.003074074074,239888.987129,267275.857351,240522.483581,267325.061296,239888.987129,267325.061296,138563.987129,165950.857351,139197.483581,166000.061296,138563.987129,166000.061296,377.923777918,391.627287117,381.316139284,398.037349914,377.923777918,398.037349914,413.38844831,459.083875083,410.713082579,456.97260544,410.713082579,459.083875083,-44562.4173701,-34465.31641,-42810.9579188,-31609.5672604,-44562.4173701,-31609.5672604
167,0.003092592593,240990.986329,268124.537525,241613.320152,268171.049275,240990.986329,268171.049275,139665.986329,166799.537525,140288.320152,166846.049275,139665.986329,166846.049275,378.060688099,391.784205616,381.438218809,398.158013003,378.060688099,398.158013003,414.8198114,460.160373017,412.154235884,458.032722214,412.154235884,460.160373017,-44602.180079,-34519.5601318,-42854.3573343,-31670.7504346,-44602.180079,-31670.7504346
168,0.003111111111,242066.4797,268944.870792,242679.107604,268988.779978,242066.4797,268988.779978,140741.4797,167619.870792,141354.107604,167663.779978,140741.4797,167663.779978,378.196402216,391.942634419,381.55989416,398.281785397,378.196402216,398.281785397,416.218703067,461.19776376,413.562332405,459.055000514,413.562332405,461.19776376,-44638.5620452,-34570.0289821,-42894.1478346,-31727.7637692,-44638.5620452,-31727.7637692
169,0.00312962963,243121.739205,269738.819236,243724.883614,269780.212275,243121.739205,269780.212275,141796.739205,168413.819236,142399.883614,168455.212275,141796.739205,168455.212275,378.331459008,392.102924447,381.681674351,398.408962451,378.331459008,398.408962451,417.586589109,462.198479545,414.938849487,460.041803144,414.938849487,462.198479545,-44671.5612039,-34616.7070275,-42930.330798,-31780.5970015,-44671.5612039,-31780.5970015
170,0.003148148148,244157.901543,270508.286813,244751.78364,270547.246651,244157.901543,270547.246651,142832.901543,169183.286813,143426.78364,169222.246651,142832.901543,169222.246651,378.466373719,392.265419777,381.804046573,398.539835309,378.466373719,398.539835309,418.924929932,463.164874698,416.28525892,460.995416418,416.28525892,463.164874698,-44701.1754598,-34659.5782231,-42962.9073582,-31829.2394556,-44701.1754598,-31829.2394556
171,0.003166666667,245176.10443,271255.118718,245760.944042,271291.725181,245176.10443,271291.725181,143851.10443,169930.118718,144435.944042,169966.725181,143851.10443,169966.725181,378.601639525,392.430458327,381.927477537,398.674691433,378.601639525,398.674691433,420.235180557,464.099225214,417.590102139,461.918050915,417.590102139,464.099225214,-44727.4024498,-34698.6262535,-42991.8781701,-31873.6798881,-44727.4024498,-31873.6798881
172,0.003185185185,246177.486641,271981.101791,246753.502137,272015.43158,246177.486641,272015.43158,144852.486641,170656.101791,145428.502137,170690.43158,144852.486641,170690.43158,378.737728839,392.598372504,382.052414699,398.813815122,378.737728839,398.813815122,421.518790743,465.003729665,418.867815868,462.811842274,418.867815868,465.003729665,-44750.2393181,-34733.8343772,-43017.2431881,-31913.9063368,-44750.2393181,-31913.9063368
173,0.003203703704,247163.188137,272687.964559,247730.596358,272720.091259,247163.188137,272720.091259,145838.188137,171362.964559,146405.596358,171395.091259,145838.188137,171395.091259,378.875094506,392.769489826,382.179287384,398.957487999,378.875094506,398.957487999,422.777205204,465.880509577,420.120230079,463.678851871,420.120230079,465.880509577,-44769.6825011,-34765.1852738,-43039.0014553,-31949.9059728,-44769.6825011,-31949.9059728
174,0.003222222222,248134.350282,273377.377183,248693.366481,273407.37128,248134.350282,273407.37128,146809.350282,172052.377183,147368.366481,172082.37128,146809.350282,172082.37128,379.014170868,392.944133516,382.308507776,399.105989482,379.014170868,399.105989482,424.011863926,466.731609643,421.348785672,464.521067339,421.348785672,466.731609643,-44785.727522,-34792.6608938,-43057.1509011,-31981.6649552,-44785.727522,-31981.6649552
175,0.003240740741,249092.11616,274050.951199,249642.953944,274078.880108,249092.11616,274078.880108,147767.11616,172725.951199,148317.953944,172753.880108,147767.11616,172753.880108,379.155374682,393.122623184,382.440471775,399.259597236,379.155374682,399.259597236,425.224202877,467.558997663,422.554918872,465.340402787,422.554918872,467.558997663,-44798.3687919,-34816.2422903,-43071.688146,-32009.1682879,-44798.3687919,-32009.1682879
176,0.003259259259,250037.630959,274710.238924,250580.502232,274736.167014,250037.630959,274736.167014,148712.630959,173385.238924,149255.502232,173411.167014,148712.630959,173411.167014,379.299105895,393.305275442,382.575559708,399.418587604,379.299105895,399.418587604,426.411706577,468.364564029,423.740061747,466.138698548,423.740061747,468.364564029,-44807.599416,-34835.9094575,-43082.6083118,-32032.3996786,-44807.599416,-32032.3996786
177,0.003277777778,250972.042442,275356.732328,251507.157344,275380.720955,250972.042442,275380.720955,149647.042442,174031.732328,150182.157344,174055.720955,149647.042442,174055.720955,379.445748213,393.492403927,382.714136857,399.583236023,379.445748213,399.583236023,427.578454803,469.150120548,424.905642793,466.917720283,424.905642793,469.150120548,-44813.4110034,-34851.6412837,-43089.9048332,-32051.3413987,-44813.4110034,-32051.3413987
178,0.003296296296,251896.501491,275991.861144,252424.06832,276013.968686,251896.501491,276013.968686,150571.501491,174666.861144,151099.06832,174688.968686,150571.501491,174688.968686,379.59566947,393.684320144,382.856553774,399.753817427,379.59566947,399.753817427,428.727361614,469.917398303,426.053087583,467.679157157,426.053087583,469.917398303,-44815.7934751,-34863.4153433,-43093.5692685,-32065.9741449,-44815.7934751,-32065.9741449
179,0.003314814815,252812.162713,276616.989888,253332.387837,276637.271775,252812.162713,276637.271775,151487.162713,175291.989888,152007.387837,175312.271775,151487.162713,175312.271775,379.749221695,393.881333953,383.003146329,399.930606623,379.749221695,399.930606623,429.859846474,470.668044184,427.183819487,468.424618724,427.183819487,470.668044184,-44814.7348688,-34871.2077531,-43093.5911045,-32076.2769007,-44814.7348688,-32076.2769007
180,0.003333333333,253720.185115,277233.413302,254233.272867,277251.922058,253720.185115,277251.922058,152395.185115,175908.413302,152908.272867,175926.922058,152395.185115,175926.922058,379.906740834,394.083754043,383.154235406,400.113878666,379.906740834,400.113878666,430.977327886,471.403615473,428.299260444,469.155630001,428.299260444,471.403615473,-44810.2211329,-34874.9930281,-43089.9575508,-32082.2267985,-44810.2211329,-32082.2267985
181,0.003351851852,254621.732827,277842.349564,255127.885392,277859.134845,254621.732827,277859.134845,153296.732827,176517.349564,153802.885392,176534.134845,153296.732827,176534.134845,380.068545979,394.29188837,383.310126133,400.303909209,380.068545979,400.303909209,432.081224241,472.125571728,429.400831788,469.873623959,429.400831788,472.125571728,-44802.2359046,-34874.7439377,-43082.6533143,-32083.7989807,-44802.2359046,-32083.7989807
182,0.00337037037,255517.975888,278444.930197,256017.39317,278460.038834,255517.975888,278460.038834,154192.975888,177119.930197,154692.39317,177135.038834,154192.975888,177135.038834,380.23493792,394.506044594,383.471106452,400.500974843,380.23493792,400.500974843,433.172954721,472.835262652,430.489955121,470.579930277,430.489955121,472.835262652,-44790.7602588,-34870.4313609,-43071.6603439,-32080.9664609,-44790.7602588,-32080.9664609
183,0.003388888889,256410.091067,279042.185065,256902.97055,279055.661105,256410.091067,279055.661105,155085.091067,177717.185065,155577.97055,177730.661105,155085.091067,177730.661105,380.406196731,394.726530481,383.637444752,400.705353419,380.406196731,400.705353419,434.253940233,473.533910011,431.568053227,471.275758537,431.568053227,473.533910011,-44775.7724142,-34862.0241407,-43056.9575261,-32073.6999828,-44775.7724142,-32073.6999828
184,0.003407407407,257299.262736,279635.01976,257785.79933,279646.904509,257299.262736,279646.904509,155974.262736,178310.01976,156460.79933,178321.904509,155974.262736,178321.904509,380.582577868,394.953654294,383.809386054,400.91732436,380.582577868,400.91732436,435.32560438,474.222580361,432.636551029,471.962172892,432.636551029,474.222580361,-44757.2473676,-34849.4889367,-43038.5203052,-32061.9678777,-44757.2473676,-32061.9678777
185,0.003425925926,258186.683773,280224.180746,258667.069657,280234.512799,258186.683773,280234.512799,156861.683773,178899.180746,157342.069657,178909.512799,156861.683773,178909.512799,380.764305955,395.187725158,383.987145938,401.137168952,380.764305955,401.137168952,436.389374453,474.902142972,433.696876548,472.640053093,433.696876548,474.902142972,-44735.1564128,-34832.7900768,-43016.3201763,-32045.7359199,-44735.1564128,-32045.7359199
186,0.003444444444,259073.556497,280810.199723,259547.980958,280819.014979,259073.556497,280819.014979,157748.556497,179485.199723,158222.980958,179494.014979,157748.556497,179494.014979,380.95156467,395.429053415,384.170900658,401.365170627,380.95156467,401.365170627,437.446682437,475.573202651,434.750461918,473.310032533,434.750461918,475.573202651,-44709.4664599,-34811.8894053,-42990.3239646,-32024.9671787,-44709.4664599,-32024.9671787
187,0.003462962963,259961.093631,281393.300261,260429.74289,281400.631877,259961.093631,281400.631877,158636.093631,180068.300261,159104.74289,180075.631877,158636.093631,180075.631877,381.144479658,395.678147419,384.36077043,401.601615222,381.144479658,401.601615222,438.498966038,476.23598699,435.798744381,473.972394907,435.798744381,476.23598699,-44680.1389933,-34786.7461287,-42960.4927117,-31999.6218674,-44680.1389933,-31999.6218674
188,0.003481481481,260850.519281,281973.229388,261313.576321,281979.107596,260850.519281,281979.107596,159525.519281,180648.229388,159988.576321,180654.107596,159525.519281,180654.107596,381.343087768,395.935881681,384.556789261,401.846791227,381.343087768,401.846791227,439.547669699,476.890142952,436.843167294,474.626889403,436.843167294,476.890142952,-44647.1283092,-34757.3166581,-42926.7797809,-31969.6571882,-44647.1283092,-31969.6571882
189,0.0035,261743.069924,282548.919584,262200.714306,282553.371091,261743.069924,282553.371091,160418.069924,181223.919584,160875.714306,181228.371091,160418.069924,181228.371091,381.547275874,396.20175562,384.75884472,402.100990011,381.547275874,402.100990011,440.594245606,477.534328506,437.885181137,475.272364048,437.885181137,477.534328506,-44610.3781392,-34723.5544473,-42889.1272045,-31935.0271727,-44610.3781392,-31935.0271727
190,0.003518518519,262639.995401,283117.684884,263092.403072,283120.730766,262639.995401,283120.730766,161314.995401,181792.684884,161767.403072,181795.730766,161314.995401,181795.730766,381.756637931,396.476089286,384.966536291,402.364506036,381.756637931,402.364506036,441.640154684,478.165241083,438.926244471,475.905907233,438.926244471,478.165241083,-44569.8138961,-34685.4098257,-42847.4572281,-31895.6825165,-44569.8138961,-31895.6825165
191,0.003537037037,263542.559895,283672.597949,263989.902979,283674.24314,263542.559895,283674.24314,162217.559895,182347.597949,162664.902979,182349.24314,162217.559895,182349.24314,381.970021084,396.759205209,385.178718948,402.637637037,381.970021084,402.637637037,442.686867544,478.774446263,439.967824871,476.520092534,439.967824871,478.774446263,-44525.3181384,-34642.8298266,-42801.6451583,-31851.570409,-44525.3181384,-31851.570409
192,0.003555555556,264452.042884,284175.850883,264894.489451,284175.637195,264452.042884,284175.850883,163127.042884,182850.850883,163569.489451,182850.637195,163127.042884,182850.850883,382.178147203,397.05142861,385.385773983,402.920684191,382.178147203,402.920684191,443.73586537,479.316149457,441.011399785,477.070351641,441.011399785,479.316149457,-44477.3803425,-34595.7580088,-42752.2903183,-31802.6343557,-44477.3803425,-31802.6343557
193,0.003574074074,265369.740045,284591.271476,265807.453852,284589.60538,265369.740045,284591.271476,164044.740045,183266.271476,164482.453852,183264.60538,164044.740045,183266.271476,382.363180291,397.353087591,385.570206723,403.213952252,382.363180291,403.213952252,444.788640736,479.758439944,442.058457308,477.529359931,442.058457308,479.758439944,-44431.6210206,-34544.1342708,-42705.3519422,-31748.8139933,-44431.6210206,-31748.8139933
194,0.003592592593,266296.964082,285016.124439,266730.104269,285012.989302,266296.964082,285016.124439,164971.964082,183691.124439,165405.104269,183687.989302,164971.964082,183691.124439,382.549057621,397.664513289,385.755770322,403.517749658,382.549057621,403.517749658,445.846698281,480.210843897,443.110496816,477.991967527,443.110496816,480.210843897,-44385.5441812,-34487.8946583,-42658.0249342,-31690.0448965,-44385.5441812,-31690.0448965
195,0.003611111111,267235.045454,285461.199873,267663.766175,285456.56854,267235.045454,285461.199873,165910.045454,184136.199873,166338.766175,184131.56854,165910.045454,184136.199873,382.741361867,397.986039983,385.947898551,403.832388599,382.741361867,403.832388599,446.911555261,480.685168364,444.169029421,478.473778813,444.169029421,480.685168364,-44337.9583424,-34426.9711614,-42609.0954917,-31626.2583751,-44337.9583424,-31626.2583751
196,0.00362962963,268185.332936,285932.537792,268609.782909,285926.38048,268185.332936,285932.537792,166860.332936,184607.537792,167284.782909,184601.38048,166860.332936,184607.537792,382.942779864,398.318005168,386.149252431,404.158185047,382.942779864,404.158185047,447.984741842,481.187991547,445.235578186,478.982472969,445.235578186,481.187991547,-44288.271573,-34361.2915027,-42557.9507954,-31557.3812602,-44288.271573,-31557.3812602
197,0.003648148148,269149.193955,286434.363281,269569.515892,286426.649185,269149.193955,286434.363281,167824.193955,185109.363281,168244.515892,185101.649185,167824.193955,185109.363281,383.155075772,398.660749561,386.36158948,404.495458729,383.155075772,404.495458729,449.067801111,481.723887847,446.311677988,479.523154575,446.311677988,481.723887847,-44236.0793099,-34290.7789131,-42504.1702289,-31483.3356779,-44236.0793099,-31483.3356779
198,0.003666666667,270128.014603,286969.99979,270544.344476,286960.697719,270128.014603,286969.99979,168803.014603,185644.99979,169219.344476,185635.697719,168803.014603,185644.99979,383.379578466,399.014617046,386.586237853,404.84453303,383.379578466,404.84453303,450.162288652,482.296431067,447.398874909,480.09971084,447.398874909,482.296431067,-44181.0625138,-34215.3518947,-42447.4216412,-31404.0388085,-44181.0625138,-31404.0388085
199,0.003685185185,271123.199183,287542.258208,271535.665246,287531.336973,271123.199183,287542.258208,169798.199183,186217.258208,170210.665246,186206.336973,169798.199183,186217.258208,383.617372636,399.37995452,386.824283926,405.205734809,383.617372636,405.205734809,451.269771528,482.908621385,448.498724942,480.715348895,448.498724942,482.908621385,-44122.9475525,-34134.9239669,-42387.4201165,-31319.4026271,-44122.9475525,-31319.4026271
200,0.003703703704,272136.169064,288153.632616,272544.890535,288141.061306,272136.169064,288153.632616,170811.169064,186828.632616,171219.890535,186816.061306,170811.169064,186828.632616,383.869390679,399.757111618,387.076662935,405.579394096,383.869390679,405.579394096,452.39182639,483.563099791,449.612791719,481.372855786,449.612791719,483.563099791,-44061.4867133,-34049.403394,-42323.9078531,-31229.3336233,-44061.4867133,-31229.3336233
201,0.003722222222,273168.360506,288806.409535,273573.445735,288792.157734,273168.360506,288806.409535,171843.360506,187481.409535,172248.445735,187467.157734,171843.360506,187481.409535,384.136462483,400.146440271,387.344208208,405.965843611,384.136462483,405.965843611,453.530036305,484.262267403,450.742642769,482.074740089,450.742642769,484.262267403,-43996.4474602,-33958.6928874,-42256.6430456,-31133.7324915,-43996.4474602,-31133.7324915
202,0.003740740741,274221.220907,289502.733295,274622.764755,289486.771261,274221.220907,289502.733295,172896.220907,188177.733295,173297.764755,188161.771261,172896.220907,188177.733295,384.419344541,400.548294001,387.627680007,406.365418036,384.419344541,406.365418036,454.685985631,485.008356519,451.889843525,482.823315206,451.889843525,485.008356519,-43927.6059774,-33862.6892752,-42185.3931965,-31032.493783,-43927.6059774,-31032.493783
203,0.003759259259,275296.20252,290244.647095,275694.282475,290226.945889,275296.20252,290244.647095,173971.20252,188919.647095,174369.282475,188901.945889,173971.20252,188919.647095,384.718737858,400.963026837,387.927783289,406.77845288,384.718737858,406.77845288,455.861251803,485.803474928,453.055947732,483.620750971,453.055947732,485.803474928,-43854.7430371,-33761.2831253,-42109.9308345,-30925.5055015,-43854.7430371,-30925.5055015
204,0.003777777778,276394.751963,291034.119648,276789.422126,291014.651233,276394.751963,291034.119648,175069.751963,189709.119648,175464.422126,189689.651233,175069.751963,189709.119648,385.035299327,401.390991602,388.245178986,407.205282699,385.035299327,407.205282699,457.057391966,486.649634377,454.242481792,484.469106731,454.242481792,486.649634377,-43777.6412213,-33654.3582994,-42030.0306411,-30812.6486129,-43777.6412213,-30812.6486129
205,0.003796296296,277518.292277,291873.062827,277909.573513,291851.800135,277518.292277,291873.062827,176193.292277,190548.062827,176584.573513,190526.800135,176193.292277,190548.062827,385.369649081,401.832537112,388.580491289,407.646238163,385.369649081,407.646238163,458.275920555,487.54876913,455.450918258,485.370352987,455.450918258,487.54876913,-43696.0829839,-33541.7913908,-41945.4674479,-30693.7964073,-43696.0829839,-30693.7964073
206,0.003814814815,278668.19077,292763.343453,279056.053291,292740.260417,278668.19077,292763.343453,177343.19077,191438.343453,177731.053291,191415.260417,177343.19077,191438.343453,385.722375242,402.28800333,388.934312352,408.1016409,385.722375242,408.1016409,459.518269598,488.502748095,456.682628225,486.326385639,456.682628225,488.502748095,-43609.8492563,-33423.4509537,-41856.0148012,-30568.8135877,-43609.8492563,-30568.8135877
207,0.003833333333,279845.696777,293706.79113,280230.025838,293681.86269,279845.696777,293706.79113,178520.696777,192381.79113,178905.025838,192356.86269,178520.696777,192381.79113,386.094036946,402.757712285,389.307205281,408.571793578,386.094036946,408.571793578,460.785712486,489.513382623,457.938787762,487.339035286,457.938787762,489.513382623,-43518.7184215,-33299.1963002,-41761.4439093,-30437.5547792,-43518.7184215,-30437.5547792
208,0.003851851852,281051.805329,294705.20332,281432.32128,294678.405401,281051.805329,294705.20332,179726.805329,193380.20332,180107.32128,193353.405401,179726.805329,193380.20332,386.485166181,403.241948769,389.699705934,409.056957959,386.485166181,409.056957959,462.079197796,490.582431281,459.220166117,488.410073108,459.220166117,490.582431281,-43422.4655482,-33168.875253,-41661.5228611,-30299.8615853,-43422.4655482,-30299.8615853
209,0.00387037037,282286.887215,295760.348464,282662.892534,295731.657921,282286.887215,295760.348464,180961.887215,194435.348464,181337.892534,194406.657921,180961.887215,194435.348464,386.896268789,403.740910291,390.112323897,409.55729363,386.896268789,409.55729363,463.398899349,491.711602507,460.526510803,489.54121433,460.526510803,491.711602507,-43320.8618146,-33032.3186442,-41556.016041,-30155.5548967,-43320.8618146,-30155.5548967
210,0.003888888889,283549.043753,296873.96765,283917.230504,296843.362197,283549.043753,296873.96765,182224.043753,195548.96765,182592.230504,195518.362197,182224.043753,195548.96765,387.327824875,404.254514512,390.545542869,410.072573682,387.327824875,410.072573682,464.742215896,492.9025557,461.853138893,490.734119933,461.853138893,492.9025557,-43213.6740765,-32889.3179392,-41444.6836948,-30004.4002276,-43213.6740765,-30004.4002276
211,0.003907407407,284814.820915,298047.775212,285169.798959,298015.233315,284814.820915,298047.775212,183489.820915,196722.775212,183844.798959,196690.233315,183489.820915,196722.775212,387.780288785,404.773730609,390.999820611,410.591276529,387.780288785,410.591276529,466.082899395,494.161972671,463.16997614,491.99039709,463.16997614,494.161972671,-43100.6645496,-32741.0501097,-41327.281613,-29849.4153247,-43100.6645496,-29849.4153247
212,0.003925925926,286106.204379,299283.458498,286457.226757,299248.95925,286106.204379,299283.458498,184781.204379,197958.458498,185132.226757,197923.95925,184781.204379,197958.458498,388.254088779,405.302764848,391.475588599,411.121979701,388.254088779,411.121979701,467.448308966,495.488374964,464.5209643,493.31159862,464.5209643,495.488374964,-42981.5905856,-32589.2238659,-41203.5609122,-29689.6713361,-42981.5905856,-29689.6713361
213,0.003944444444,287440.935016,300582.676994,287789.431129,300546.199962,287440.935016,300582.676994,186115.935016,199257.676994,186464.431129,199221.199962,186115.935016,199257.676994,388.749626465,405.846985308,391.973251433,411.668536493,388.749626465,411.668536493,468.857651633,496.881378857,465.91675665,494.699221732,465.91675665,496.881378857,-42856.2045291,-32431.8081356,-41073.2678989,-29523.9242763,-42856.2045291,-29523.9242763
214,0.003962962963,288824.701208,301947.060935,289171.456475,301908.585984,288824.701208,301947.060935,187499.701208,200622.060935,187846.456475,200583.585984,187499.701208,200622.060935,389.267276081,406.408516588,392.493186105,412.232847419,389.267276081,412.232847419,470.316752913,498.342426251,467.362559295,496.1547062,467.362559295,498.342426251,-42724.2536469,-32268.078509,-40936.1440076,-29351.4765558,-42724.2536469,-29351.4765558
215,0.003981481481,290261.401284,303378.209494,290606.95823,303337.716589,290261.401284,303378.209494,188936.401284,202053.209494,189281.95823,202012.716589,188936.401284,202053.209494,389.807383657,406.988731791,393.035741131,412.816203618,389.807383657,412.816203618,471.829497472,499.87289921,468.862022395,497.679432107,468.862022395,499.87289921,-42585.4801226,-32097.5019511,-40791.9258069,-29171.7911704,-42585.4801226,-29171.7911704
216,0.004,291754.139902,304877.688627,292098.917,304835.157605,291754.139902,304877.688627,190429.139902,203552.688627,190773.917,203510.157605,190429.139902,203552.688627,390.370266099,407.588657246,393.601235625,413.419591652,390.370266099,413.419591652,473.39889621,501.474117414,470.418035151,499.274717268,470.418035151,501.474117414,-42439.621115,-31919.6252744,-40640.3450695,-28984.4047664,-42439.621115,-28984.4047664
217,0.004018518519,293305.570482,306447.028611,293649.912269,306402.438938,293305.570482,306447.028611,191980.570482,205122.028611,192324.912269,205077.438938,191980.570482,205122.028611,390.956210222,408.209114898,394.189958309,414.043811015,390.956210222,414.043811015,475.027453297,503.147335331,472.033027885,500.941814375,472.033027885,503.147335331,-42286.4088776,-31734.0370236,-40481.1289047,-28788.8942545,-42286.4088776,-28788.8942545
218,0.004037037037,294918.052872,308087.721337,295262.255331,308041.051834,294918.052872,308087.721337,193593.052872,206762.721337,193937.255331,206716.051834,193593.052872,206762.721337,391.565471764,408.850788208,394.802166511,414.689531141,391.565471764,414.689531141,476.717335213,504.893739198,473.709117925,502.681907967,473.709117925,504.893739198,-42125.5709393,-31540.350002,-40313.9999533,-28584.8606446,-42125.5709393,-28584.8606446
219,0.004055555556,296593.738156,309801.21737,296938.063126,309752.445922,296593.738156,309801.21737,195268.738156,208476.21737,195613.063126,208427.445922,195268.738156,208476.21737,392.198274382,409.514839102,395.438085148,415.35732302,392.198274382,415.35732302,478.470461675,506.714443843,475.448190295,504.49611122,475.448190295,506.714443843,-41956.8303459,-31338.1919027,-40138.6766443,-28371.9200972,-41956.8303459,-28371.9200972
220,0.004074074074,298334.618911,311588.922798,298679.30292,311538.026038,298334.618911,311588.922798,197009.618911,210263.922798,197354.30292,210213.026038,197009.618911,210263.922798,392.854808667,410.201645923,396.097905723,416.047678314,392.854808667,416.047678314,480.288559525,508.610489388,477.251946407,506.385462638,477.251946407,508.610489388,-41779.9059644,-31127.1997761,-39954.8735138,-28149.6985277,-41779.9059644,-28149.6985277
221,0.004092592593,300142.560961,313452.195903,300487.820942,313399.148872,300142.560961,313452.195903,198817.560961,212127.195903,199162.820942,212074.148872,198817.560961,212127.195903,393.535231176,410.911179533,396.781785341,416.761021657,393.535231176,416.761021657,482.173196798,510.582837847,479.121935231,508.350922645,479.121935231,510.582837847,-41594.5128507,-30907.0165544,-39762.3015895,-27917.82817,-41594.5128507,-27917.82817
222,0.004111111111,302019.324333,315392.343642,302365.361464,315337.119427,302019.324333,315392.343642,200694.324333,214067.343642,201040.361464,214012.119427,200694.324333,214067.343642,394.239663489,411.643801402,397.489845762,417.497718914,394.239663489,417.497718914,484.125805266,512.632369689,481.05957408,510.393370121,481.05957408,512.632369689,-41400.3626827,-30677.2887867,-39560.66884,-27675.9453125,-41400.3626827,-27675.9453125
223,0.00412962963,303966.577472,317410.617965,304313.579809,317353.187318,303966.577472,317410.617965,202641.577472,216085.617965,202988.579809,216028.187318,202641.577472,216085.617965,394.968191314,412.399819446,398.222172487,418.258082913,394.968191314,418.258082913,486.147695802,514.759880319,483.066162845,512.513598876,483.066162845,514.759880319,-41197.1642609,-30437.6651409,-39349.6806928,-27423.6887884,-41197.1642609,-27423.6887884
224,0.004148148148,305985.907013,319508.211971,306334.051335,319448.542901,305985.907013,319508.211971,204660.907013,218183.211971,205009.051335,218123.542901,204660.907013,218183.211971,395.720863638,413.179492331,398.978813898,419.042377537,395.720863638,419.042377537,488.240069056,516.966076552,485.142893932,514.712314122,485.142893932,516.966076552,-40984.6240777,-30187.7954183,-39129.0406209,-27160.6989781,-40984.6240777,-27160.6989781
225,0.004166666667,308078.82452,321686.255898,308428.277603,321624.313245,308078.82452,321686.255898,206753.82452,220361.255898,207103.277603,220299.313245,206753.82452,220361.255898,396.497691921,413.983032586,399.759780451,419.850820686,396.497691921,419.850820686,490.404022963,519.251573057,487.290859232,516.990128891,487.290859232,519.251573057,-40762.4469587,-29927.3299353,-38898.4508023,-26886.6171765,-40762.4469587,-26886.6171765
226,0.004185185185,310246.771045,323945.812955,310597.690537,323881.557943,310246.771045,323945.812955,208921.771045,222620.812955,209272.690537,222556.557943,208921.771045,222620.812955,397.298649358,414.810608914,400.565043924,420.683586473,397.298649358,420.683586473,492.640557993,521.616888795,489.511054988,519.347560475,489.511054988,521.616888795,-40530.3367768,-29655.9191754,-38657.612852,-26601.0852354,-40530.3367768,-26601.0852354
227,0.004203703704,312491.120087,326287.875002,312843.655084,326223.069955,312491.120087,326287.875002,211166.120087,224962.875002,211518.655084,224898.069955,211166.120087,224962.875002,398.123670194,415.662347917,401.394536727,421.540806861,398.123670194,421.540806861,494.9505808,524.062443451,491.804385167,521.785026849,491.804385167,524.062443451,-40287.9972413,-29373.2136522,-38406.2286303,-26303.7454188,-40287.9972413,-26303.7454188
228,0.004222222222,314813.179344,328713.35806,315167.470739,328654.166977,314813.179344,328713.35806,213488.179344,227388.35806,213842.470739,227329.166977,213488.179344,227388.35806,398.972649101,416.53833541,402.248151273,422.422572917,398.972649101,422.422572917,497.334906664,526.588553873,494.171663678,524.302843101,494.171663678,526.588553873,-40035.1327646,-29078.8639437,-38144.0011285,-25994.2404315,-40035.1327646,-25994.2404315
229,0.004240740741,317214.19152,331223.09767,317570.372163,331169.183782,317214.19152,331223.09767,215889.19152,229898.09767,216245.372163,229844.183782,215889.19152,229898.09767,399.84544062,417.438617442,403.125739421,423.328935759,399.84544062,423.328935759,499.794261043,529.195430526,496.613615751,526.901217873,496.613615751,529.195430526,-39771.4494072,-28772.5208688,-37870.6354331,-25672.2135939,-39771.4494072,-25672.2135939
230,0.004259259259,319695.334369,333817.844078,320053.52909,333768.811272,319695.334369,333817.844078,218370.334369,232492.844078,218728.52909,232443.811272,218370.334369,232492.844078,400.741858667,418.363201083,404.027111973,424.259907311,400.741858667,424.259907311,502.329280416,531.883173934,499.130878647,529.580249817,499.130878647,531.883173934,-39496.655903,-28453.8357885,-37585.8397715,-25337.3091424,-39496.655903,-25337.3091424
231,0.004277777778,322257.857568,336498.257254,322618.184469,336453.856436,322257.857568,336498.257254,220932.857568,235173.257254,221293.184469,235128.856436,220932.857568,235173.257254,401.661746087,419.312083564,404.952108919,425.215460888,401.661746087,425.215460888,504.94065291,534.651987008,501.724081897,532.340139867,501.724081897,534.651987008,-39210.4431783,-28122.4510739,-37289.3041357,-24989.1726432,-39210.4431783,-24989.1726432
232,0.004296296296,324903.814081,339265.871264,325266.392817,339226.340352,324903.814081,339265.871264,223578.814081,237940.871264,223941.392817,237901.340352,223578.814081,237940.871264,402.605338625,420.285520308,405.90096696,426.195768524,402.605338625,426.195768524,507.629861895,537.503302249,504.394602035,535.182318383,504.394602035,537.503302249,-38912.3695544,-27777.9052509,-36980.5807006,-24627.3639797,-38912.3695544,-24627.3639797
233,0.004314814815,327635.630832,342123.223638,328000.585806,342088.813119,327635.630832,342123.223638,226310.630832,240798.223638,226675.585806,240763.813119,226310.630832,240798.223638,403.573026642,421.283913026,406.874078899,427.201233649,403.573026642,427.201233649,510.398738409,540.43906187,507.144257708,538.108725387,507.144257708,540.43906187,-38601.9264738,-27419.6663826,-36659.1525697,-24251.3398455,-38601.9264738,-24251.3398455
234,0.004333333333,330455.837047,345072.958838,330823.297696,345043.932527,330455.837047,345072.958838,229130.837047,243747.958838,229498.297696,243718.932527,229130.837047,243747.958838,404.565211344,422.307674537,407.871848453,428.232270815,404.565211344,428.232270815,513.249180199,543.461278864,509.974933838,541.121371715,509.974933838,543.461278864,-38278.5803197,-27047.1768257,-36324.4774457,-23860.5308355,-38278.5803197,-23860.5308355
235,0.004351851852,333367.068683,348117.832903,333737.169779,348094.468745,333367.068683,348117.832903,232042.068683,246792.832903,232412.169779,246769.468745,232042.068683,246792.832903,405.582304983,423.357228972,408.894690465,429.289305899,405.582304983,429.289305899,516.183154049,546.572039477,512.888583924,544.222341492,512.888583924,546.572039477,-37941.7711412,-26659.8519481,-35975.9863401,-23454.3401514,-37941.7711412,-23454.3401514
236,0.00437037037,336372.073095,351260.718319,336744.955075,351243.309246,336372.073095,351260.718319,235047.073095,249935.718319,235419.955075,249918.309246,235047.073095,249935.718319,406.624731075,424.433011986,409.943031113,430.372776314,406.624731075,430.372776314,519.202698203,549.773505792,515.887232468,547.413794726,515.887232468,549.773505792,-37590.9113064,-26257.0787753,-35613.0822118,-23032.1422364,-37590.9113064,-23032.1422364
237,0.004388888889,339473.713949,354504.609154,339849.523255,354493.464001,339473.713949,354504.609154,238148.713949,253179.609154,238524.523255,253168.464001,238148.713949,253179.609154,407.692924611,425.535470978,411.017308131,431.483131225,407.692924611,431.483131225,522.30992491,553.067918422,518.972977484,550.69797001,518.972977484,553.067918422,-37225.3840804,-25838.2145609,-35235.1385279,-22593.2813338,-37225.3840804,-22593.2813338
238,0.004407407407,342674.976387,357852.626464,343053.865837,357848.070941,342674.976387,357852.626464,241349.976387,256527.626464,241728.865837,256523.070941,241349.976387,256527.626464,408.787332286,426.665065313,412.117971037,432.620831767,408.787332286,432.620831767,525.507023073,556.457599331,522.147993148,554.077187356,522.147993148,556.457599331,-36844.5421217,-25402.585277,-34841.4977431,-22137.0699643,-36844.5421217,-22137.0699643
239,0.004425925926,345978.972476,361308.02398,346361.101655,361310.401711,345978.972476,361310.401711,244653.972476,259983.02398,245036.101655,259985.401711,244653.972476,259985.401711,409.908412723,427.822266551,413.245481361,433.786351277,409.908412723,433.786351277,528.796261023,559.944954773,525.41453254,557.553851146,525.41453254,559.944954773,-36447.7058941,-24949.4840199,-34431.469693,-21662.7873191,-36447.7058941,-21662.7873191
240,0.004444444444,349388.946935,364874.194099,349774.482613,364883.86773,349388.946935,364883.86773,248063.946935,263549.194099,248449.482613,263558.86773,248063.946935,263558.86773,411.056636715,429.007558685,414.400312885,434.980175523,411.056636715,434.980175523,532.179989409,563.532478374,528.774930533,561.130453219,528.774930533,563.532478374,-36034.1619875,-24478.1693262,-34004.3298961,-21169.6775622,-36034.1619875,-21169.6775622
241,0.004462962963,352908.283171,368559.692917,353293.912715,368572.026574,352908.283171,368572.026574,251583.283171,267234.692917,251968.912715,267247.026574,251583.283171,267247.026574,412.232487463,430.221438382,415.582951887,436.202802946,412.232487463,436.202802946,535.660644231,567.222754338,532.231606789,564.809576107,532.231606789,567.222754338,-35603.1613439,-23987.8633935,-33559.317758,-20656.9480373,-35603.1613439,-20656.9480373
242,0.004481481481,356540.509639,372363.894405,356924.340684,372378.588699,356540.509639,372378.588699,255215.509639,271038.894405,255599.340684,271053.588699,255215.509639,271053.588699,413.436460827,431.464415229,416.793897395,437.454744901,413.436460827,437.454744901,539.240749993,571.018460811,535.787068909,568.593896393,535.787068909,571.018460811,-35153.9173807,-23477.7502008,-33095.6346744,-20123.767374,-35153.9173807,-20123.767374
243,0.0045,360289.306539,376290.203567,360671.267161,376307.424531,360289.306539,376307.424531,258964.306539,274965.203567,259346.267161,274982.424531,258964.306539,274982.424531,414.669065576,432.737011988,418.033661436,438.736525911,414.669065576,438.736525911,542.922923015,574.92237339,539.443915713,572.486188259,539.443915713,574.92237339,-34685.6040077,-22946.9735218,-32612.4420233,-19569.263486,-34685.6040077,-19569.263486
244,0.004518518519,364158.512872,380342.648189,364538.525977,380362.57193,364158.512872,380362.57193,262833.512872,279017.648189,263213.525977,279037.57193,262833.512872,279037.57193,415.930823657,434.039764858,419.302769312,440.048683923,415.930823657,440.048683923,546.709874878,578.937368788,543.204840672,576.489327146,543.204840672,578.937368788,-34197.3535287,-22394.6348253,-32108.8590434,-18992.5214566,-34197.3535287,-18992.5214566
245,0.004537037037,368152.133876,384525.430676,368530.116916,384548.244064,368152.133876,384548.244064,266827.133876,283200.430676,267205.116916,283223.244064,266827.133876,283223.244064,417.222270454,435.373223738,420.601759857,441.39177057,417.222270454,441.39177057,550.604416031,583.066428669,547.072635494,580.606293629,547.072635494,583.066428669,-33688.254423,-21819.7910559,-31583.9605891,-18392.5813035,-33688.254423,-18392.5813035
246,0.004555555556,372274.348871,388842.936302,372650.213531,388868.837707,372274.348871,388868.837707,270949.348871,287517.936302,271325.213531,287543.837707,270949.348871,287543.837707,418.54395507,436.737952503,421.931185727,442.766351438,418.54395507,442.766351438,554.609459571,587.312643655,551.050193874,584.840177429,551.050193874,587.312643655,-33157.3489981,-21221.4522878,-31036.7747554,-17768.4356161,-33157.3489981,-17768.4356161
247,0.004574074074,376529.519516,393299.741906,376903.171394,393328.941991,376529.519516,393328.941991,275204.519516,291974.741906,275578.171394,292003.941991,275204.519516,292003.941991,419.896440602,438.134529277,423.291613673,444.173006346,419.896440602,444.173006346,558.728025174,591.679217511,555.140515409,589.194181631,555.140515409,591.679217511,-32603.6309067,-20598.5792432,-30466.2803656,-17119.0270582,-32603.6309067,-17119.0270582
248,0.004592592593,380922.198526,397900.625062,381293.536788,397933.347634,380922.198526,397933.347634,279597.198526,296575.625062,279968.536788,296608.347634,279597.198526,296608.347634,421.280304429,439.563546725,424.683624837,445.61232962,421.280304429,445.61232962,562.963243215,596.169471521,559.346709695,593.671627082,559.346709695,596.169471521,-32026.0425187,-19950.0806687,-29871.404312,-16443.2457267,-32026.0425187,-16443.2457267
249,0.004611111111,385457.138858,402650.573751,385826.055875,402687.056673,385457.138858,402687.056673,284132.138858,301325.573751,284501.055875,301362.056673,284132.138858,301362.056673,422.696138507,441.025612335,426.107815047,447.084930382,422.696138507,447.084930382,567.318359075,600.786849065,563.672000603,598.275956991,563.672000603,600.786849065,-31423.4721402,-19274.8105604,-29251.0187421,-15739.9263587,-31423.4721402,-15739.9263587
250,0.00462962963,390139.303406,407554.796563,390505.684365,407595.292738,390139.303406,407595.292738,288814.303406,306229.796563,289180.684365,306270.292738,288814.303406,306270.292738,424.144549666,442.521348719,427.56479512,448.591432841,424.144549666,448.591432841,571.796737641,605.534920397,568.119730756,603.010741744,568.119730756,605.534920397,-30794.75107,-18571.5652278,-28603.9380794,-15007.8453785,-30794.75107,-15007.8453785
251,0.004648148148,394973.875221,412618.733459,395337.59772,412663.511883,394973.875221,412663.511883,293648.875221,311293.733459,294012.59772,311338.511883,293648.875221,311338.511883,425.626159915,444.051393915,429.05519117,450.13247659,425.626159915,450.13247659,576.401868008,610.41738765,572.693366207,607.879683928,572.693366207,610.41738765,-30138.6504832,-17839.0801875,-27928.9158699,-14245.7177721,-30138.6504832,-14245.7177721
252,0.004666666667,399966.268295,417848.067129,400327.201911,417897.414028,399966.268295,417897.414028,298641.268295,316523.067129,299002.201911,316572.414028,298641.268295,316572.414028,427.141606754,445.61640169,430.579644923,451.708716908,427.141606754,451.708716908,581.137368387,615.438090051,577.396501322,612.886623596,577.396501322,615.438090051,-29453.8781321,-17076.0268774,-27224.6414423,-13452.1937824,-29453.8781321,-13452.1937824
253,0.004685185185,405122.138948,423248.734973,405480.144777,423302.955024,405122.138948,423302.955024,303797.138948,321923.734973,304155.144777,321977.955024,303797.138948,321977.955024,428.691543492,447.217041852,432.138814038,453.320825063,428.691543492,453.320825063,586.006991257,620.601009386,582.23286389,618.035543757,582.23286389,620.601009386,-28739.0748522,-16281.0091779,-26489.736372,-12625.8554113,-28739.0748522,-12625.8554113
254,0.004703703704,410447.397834,428826.941755,410802.328007,428886.359402,410447.397834,428886.359402,309122.397834,327501.941755,309477.328007,327561.359402,309122.397834,327561.359402,430.276639563,448.854000571,433.733372435,454.969488629,430.276639563,454.969488629,591.010482225,625.910275709,587.206320466,623.330576133,587.206320466,625.910275709,-27992.8108619,-15452.5597306,-25722.7507352,-11765.2127188,-27992.8108619,-11765.2127188
255,0.004722222222,415948.222622,434589.172952,416299.919795,434654.13382,415948.222622,434654.13382,314623.222622,333264.172952,314974.919795,333329.13382,314623.222622,333329.13382,431.897580858,450.527980694,435.364010621,456.655411794,431.897580858,456.655411794,596.15579162,631.370173303,592.320881952,628.776007158,592.320881952,631.370173303,-27213.5818434,-14589.136042,-24922.1591413,-10868.6999057,-27213.5818434,-10868.6999057
256,0.004740740741,421631.07138,440542.208858,421979.368185,440613.081278,421631.07138,440613.081278,320306.07138,339217.208858,320654.368185,339288.081278,320306.07138,339288.081278,433.555070053,452.239702069,437.031436031,458.379315683,433.555070053,458.379315683,601.447151504,636.985146924,597.580709426,634.376284271,597.580709426,636.985146924,-26399.8047913,-13689.1163577,-24086.3565296,-9934.67116761,-26399.8047913,-9934.67116761
257,0.004759259259,427502.696702,446693.139462,427847.41518,446770.316117,427502.696702,446770.316117,326177.696702,345368.139462,326522.41518,345445.316117,326177.696702,345445.316117,435.249826944,453.989901878,438.736373364,460.141938678,435.249826944,460.141938678,606.888897911,642.759808302,602.990120246,640.136022475,602.990120246,642.759808302,-25549.8136133,-12750.7952944,-23213.6537155,-8961.39630596,-25549.8136133,-8961.39630596
258,0.004777777778,433570.160634,453049.380176,433911.111621,453133.279871,433570.160634,453133.279871,332245.160634,351724.380176,332586.111621,351808.279871,332245.160634,351808.279871,436.982588783,455.779334957,440.479564926,461.944036737,436.982588783,461.944036737,612.485529973,648.698942964,608.553594412,646.060011207,608.553594412,648.698942964,-24661.8544705,-11772.3792152,-22302.2726709,-7947.05608142,-24661.8544705,-7947.05608142
259,0.004796296296,439840.850424,459618.688434,440177.832913,459709.758007,439840.850424,459709.758007,338515.850424,358293.688434,338852.832913,358384.758007,338515.850424,358384.758007,438.75411062,457.608774136,442.261770978,463.786383726,438.75411062,463.786383726,618.241716572,654.80751734,614.275781231,652.15322151,614.275781231,654.80751734,-23734.0808385,-10751.9813316,-21350.341523,-6889.73729429,-23734.0808385,-6889.73729429
260,0.004814814815,446322.495167,466409.181233,446655.295628,466507.897617,446322.495167,466507.897617,344997.495167,365084.181233,345330.295628,365182.897617,344997.495167,365182.897617,440.565165644,459.479010563,444.083770083,465.669771735,440.565165644,465.669771735,624.162303299,661.090686201,620.161506268,658.420813533,620.161506268,661.090686201,-22764.5482739,-9687.61651671,-20355.8892531,-5787.42757518,-22764.5482739,-5787.42757518
261,0.004833333333,453023.183382,473429.353657,453351.57504,473536.226105,453023.183382,473536.226105,351698.183382,372104.353657,352026.57504,372211.226105,351698.183382,372211.226105,442.416545521,461.390854039,445.946359452,467.595011409,442.416545521,467.595011409,630.252319716,667.553800422,626.215778609,664.868144369,626.215778609,667.553800422,-21751.208868,-8577.19581121,-19316.8400781,-4638.00986886,-21751.208868,-4638.00986886
262,0.004851851852,459947.607099,480688.098447,460275.123654,480803.67094,459947.607099,480803.67094,358622.607099,379363.098447,358950.123654,379478.67094,358622.607099,379478.67094,444.309060744,463.345133347,447.850355295,469.562932265,444.309060744,469.562932265,636.516986936,674.202415081,632.443798451,671.500776238,632.443798451,674.202415081,-20691.9053676,-7418.52060485,-18231.0074942,-3439.25659251,-20691.9053676,-3439.25659251
263,0.00487037037,467105.534721,488194.726686,467434.790772,488319.580521,467105.534721,488319.580521,365780.534721,386869.726686,366109.790772,386994.580521,365780.534721,386994.580521,446.243540962,465.342696577,449.796593164,471.574383015,446.243540962,471.574383015,642.961725544,681.04229795,638.850965027,678.324485042,638.850965027,681.04229795,-19584.3649443,-6209.27647292,-17096.0879635,-2188.82344927,-19584.3649443,-2188.82344927
264,0.004888888889,474508.732344,495958.989637,474839.843168,496093.746241,474508.732344,496093.746241,373183.732344,394633.989637,373514.843168,394768.746241,373183.732344,394768.746241,448.220835323,467.384411446,451.785928301,473.630231877,448.220835323,473.630231877,649.592163867,688.079438306,645.442884873,685.345269293,645.442884873,688.079438306,-18426.1925895,-4947.02664769,-15909.6542202,-884.242876278,-18426.1925895,-884.242876278
265,0.004907407407,482166.89783,503991.101839,482499.98693,504136.425794,482166.89783,504136.425794,380841.89783,402666.101839,381174.98693,402811.425794,380841.89783,402811.425794,450.241812802,469.471165617,453.819235973,475.731366883,450.241812802,475.731366883,656.414146585,695.320056186,652.225380464,692.569359442,652.225380464,695.320056186,-17214.8641135,-3629.20510299,-14669.1481748,477.082894243,-17214.8641135,477.082894243
266,0.004925925926,490090.190666,512301.765487,490425.390533,512458.367819,490090.190666,512458.367819,388765.190666,410976.765487,389100.390533,411133.367819,388765.190666,411133.367819,452.307362527,471.603867002,455.897411807,477.878696182,452.307362527,477.878696182,663.43374374,702.770611987,659.204499223,700.003227613,659.204499223,702.770611987,-15947.7187244,-2253.10922904,-13371.8733909,1897.8891838,-15947.7187244,1897.8891838
267,0.004944444444,498289.256264,520902.196215,498626.709215,521070.837936,498289.256264,521070.837936,396964.256264,419577.196215,397301.709215,419745.837936,396964.256264,419745.837936,454.418394092,473.78344406,458.021372112,480.073148322,454.418394092,480.073148322,670.657260108,710.437816529,666.386522915,707.653597756,666.386522915,710.437816529,-14621.9511623,-815.892073509,-12014.9871096,3381.05665026,-14621.9511623,3381.05665026
268,0.004962962963,506775.251635,529804.150322,507115.110735,529985.646275,506775.251635,529985.646275,405450.251635,428479.150322,405790.110735,428660.646275,405450.251635,428660.646275,456.575837859,476.010846079,460.192054194,482.315672529,456.575837859,482.315672529,678.091244982,718.328641515,673.777977444,715.527456249,673.777977444,718.328641515,-13234.6033619,685.445876457,-10595.4917946,4929.61952946,-13234.6033619,4929.61952946
269,0.004981481481,515559.872499,539019.953546,515902.302574,539215.176565,515559.872499,539215.176565,414234.872499,437694.953546,414577.302574,437890.176565,414234.872499,437890.176565,458.780645253,478.287043446,462.410416653,484.607238966,458.780645253,484.607238966,685.742502358,726.45033044,681.385643065,723.632062948,681.385643065,726.45033044,-11782.5556154,2254.06539784,-9110.22616931,6546.77436239,-11782.5556154,6546.77436239
270,0.005,524655.381928,548562.531458,525000.560677,548772.416875,524655.381928,548772.416875,423330.381928,447237.531458,423675.560677,447447.416875,423330.381928,447447.416875,461.03378903,480.61302789,464.677439666,486.948838973,461.03378903,486.948838973,693.618101551,734.810409964,689.216565022,731.974962701,689.216565022,734.810409964,-10262.5172083,3893.29774874,-7555.85571549,8235.88923544,-10262.5172083,8235.88923544
271,0.005018518519,534074.640582,558445.441578,534422.759802,558670.992103,534074.640582,558670.992103,432749.640582,457120.441578,433097.759802,457345.992103,432749.640582,457345.992103,463.336263531,482.989812713,466.994125254,489.341485285,463.336263531,489.341485285,701.725388231,743.416701748,697.278064618,740.563997342,697.278064618,743.416701748,-8671.01649557,5606.65442791,-5928.86260386,10000.5135629,-8671.01649557,10000.5135629
272,0.005037037037,543831.138653,568682.907288,544182.405579,568925.198305,543831.138653,568925.198305,442506.138653,467357.907288,442857.405579,467600.198305,442506.138653,467600.198305,465.689084912,485.418432989,469.36149752,491.786212223,465.689084912,491.786212223,710.071995924,752.277334765,705.577750747,749.407318192,705.577750747,752.277334765,-7004.39038693,7397.83750717,-4225.53502207,11844.3884418,-7004.39038693,11844.3884418
273,0.005055555556,553939.029566,579289.853652,554293.668354,579550.038959,553939.029566,579550.038959,452614.029566,477964.853652,452968.668354,478225.038959,452614.029566,478225.038959,468.093291341,487.899945734,471.780602861,494.284075859,468.093291341,494.284075859,718.665857941,761.400758117,714.123531874,758.513399048,714.123531874,761.400758117,-5258.77320884,9270.75056837,-2441.95586668,13771.4576103,-5258.77320884,13771.4576103
274,0.005074074074,564413.165572,590281.945237,564771.418926,590561.263273,564413.165572,590561.263273,463088.165572,488956.945237,463446.418926,489236.263273,463088.165572,489236.263273,470.549943175,490.43543004,474.252510153,496.836154139,470.549943175,496.836154139,727.515219798,770.79575433,722.923628491,767.891049707,722.923628491,770.79575433,-3430.08490686,11229.5102779,-573.990763151,15785.879043,-3430.08490686,15785.879043
275,0.005092592593,575269.135294,601675.626038,575631.266256,601975.406645,575269.135294,601975.406645,473944.135294,500350.626038,474306.266256,500650.406645,473944.135294,500650.406645,473.060123087,493.025987172,476.778310896,499.443546973,473.060123087,499.443546973,736.628652088,780.471453186,731.973851259,777.549430005,731.973851259,780.471453186,-1514.01855343,13278.458633,1382.72462352,17892.037216,-1514.01855343,17892.037216
276,0.005111111111,586523.303338,613488.161612,586881.579055,613809.833369,586523.303338,613809.833369,485198.303338,512163.161612,485556.579055,512484.833369,485198.303338,512484.833369,475.624936157,495.672740621,479.359119319,502.107376273,475.624936157,502.107376273,746.015063823,790.43734605,741.294763266,787.498064393,741.294763266,790.43734605,493.972877037,15422.175914,3432.798026,20094.5560773,493.972877037,20094.5560773
277,0.00512962963,598192.852068,625737.683529,598537.956666,626082.781727,598192.852068,626082.781727,496867.852068,524412.683529,497212.956666,524757.781727,496867.852068,524757.781727,478.245509918,498.376836103,481.996072439,504.82878595,478.245509918,504.82878595,755.683716272,800.703300725,750.895889483,797.746857061,750.895889483,800.703300725,2598.69050401,17665.4943813,5581.09479973,22398.312758,2598.69050401,22398.312758
278,0.005148148148,610295.825641,638443.236251,610626.858553,638813.41155,610295.825641,638813.41155,508970.825641,537118.236251,509301.858553,537488.41155,508970.825641,537488.41155,480.922994347,501.139441501,484.690330066,507.608941837,480.922994347,507.608941837,765.644237261,811.279576824,760.786786172,808.306107597,760.786786172,811.279576824,4805.2043476,20013.5127507,7832.7529772,24808.4520608,4805.2043476,24808.4520608
279,0.005166666667,622851.176403,651624.826549,623167.176494,652021.85439,622851.176403,652021.85439,521526.176403,550299.826549,521842.176494,550696.85439,521526.176403,550696.85439,483.658561791,503.961746744,487.443074752,510.449031563,483.658561791,510.449031563,775.906635954,822.176841665,770.977388039,819.186527188,770.977388039,822.176841665,7118.86898666,22471.6114877,10193.1991933,27330.4017629,7118.86898666,27330.4017629
280,0.005185185185,635878.81375,665303.47556,636178.755234,665729.266398,635878.81375,665729.266398,534553.81375,563978.47556,534853.755234,564404.266398,534553.81375,564404.266398,486.453406829,506.844963614,490.255511663,513.350264339,486.453406829,513.350264339,786.481318093,833.406186665,781.478023341,830.399255358,781.478023341,833.406186665,9545.3401095,25045.4689579,12668.1655251,29969.8887705,9545.3401095,29969.8887705
281,0.005203703704,649399.655544,679501.273613,649682.443621,679957.884048,649399.655544,679957.884048,548074.655544,578176.273613,548357.443621,578632.884048,548074.655544,578632.884048,489.308746057,509.790325469,493.12886839,516.313870673,489.308746057,516.313870673,797.37910169,844.979144244,792.299429454,841.955877237,792.299429454,844.979144244,12090.5919986,27743.4323083,15263.7072886,32736.3642958,12090.5919986,32736.3642958
282,0.005222222222,663435.682195,694241.437903,663700.148363,694731.082789,663435.682195,694731.082789,562110.682195,592916.437903,562375.148363,593406.082789,562110.682195,593406.082789,492.225817788,512.799086879,496.064394661,519.344764819,492.225817788,519.344764819,808.611233158,856.907705187,803.452768863,853.868441331,803.452768863,856.907705187,14760.9359907,30571.2953471,17986.221837,35634.5605778,14760.9359907,35634.5605778
283,0.005240740741,678009.993478,709548.373139,678254.890508,710073.438764,678009.993478,710073.438764,576684.993478,608223.373139,576929.890508,608748.438764,576684.993478,608748.438764,495.20588165,515.872945223,499.063361968,522.442083593,495.20588165,522.442083593,820.18940384,869.204336478,814.949645539,866.149477778,814.949645539,869.204336478,17563.0399526,33534.2577049,20842.4684019,38669.9000737,17563.0399526,38669.9000737
284,0.005259259259,693146.868188,725447.735244,693370.864736,726010.793678,693146.868188,726010.793678,591821.868188,624122.735244,592045.864736,624685.793678,591821.868188,624685.793678,498.250218082,519.016333748,502.127063077,525.605799626,498.250218082,525.605799626,832.125766913,881.881999538,826.802121706,878.812017063,826.802121706,881.881999538,20503.9488116,36639.396151,23839.5890197,41849.52329,20503.9488116,41849.52329
285,0.005277777778,708871.826696,741966.498197,709073.501512,742570.322913,708871.826696,742570.322913,607546.826696,640641.498197,607748.501512,641245.322913,607546.826696,641245.322913,501.360127702,522.227163622,505.256811429,528.837232405,501.360127702,528.837232405,844.43295462,894.954168829,839.022734912,891.869609125,839.022734912,894.954168829,23591.1061782,39894.182401,26985.1305826,45180.9677886,23591.1061782,45180.9677886
286,0.005296296296,725211.69646,759133.024086,725389.53219,759780.606986,725211.69646,759780.606986,623886.69646,657808.024086,624064.53219,658455.606986,623886.69646,658455.606986,504.536930547,525.50677471,508.453940394,532.137720012,504.536930547,532.137720012,857.124095767,908.434850774,851.624515374,905.336342843,851.624515374,908.434850774,26832.3770937,43306.5053469,30287.0680504,48672.1904729,26832.3770937,48672.1904729
287,0.005314814815,742194.680557,776977.136435,742347.056107,777671.706387,742194.680557,777671.706387,640869.680557,675652.136435,641022.056107,676346.706387,640869.680557,676346.706387,507.781965144,528.856524718,511.719802381,535.508618111,507.781965144,535.508618111,870.212833433,922.338602926,864.621001833,919.226865789,864.621001833,922.338602926,30236.0719322,46884.6943917,33753.8288552,52331.5909786,30236.0719322,52331.5909786
288,0.005333333333,759850.429235,795530.196821,759975.612613,796275.239866,759850.429235,796275.239866,658525.429235,694205.196821,658650.612613,694950.239866,658525.429235,694950.239866,511.096587425,532.277788009,515.055767769,538.951298753,511.096587425,538.951298753,883.713342793,936.680553278,878.026261103,933.556404195,878.026261103,936.680553278,33810.9714803,50637.5439089,37394.3185256,56168.0361866,33810.9714803,56168.0361866
289,0.005351851852,778210.114502,814825.18481,778306.255527,815624.466188,778210.114502,815624.466188,676885.114502,713500.18481,676981.255527,714299.466188,676885.114502,714299.466188,514.482169432,535.771954223,518.463223651,542.467148984,514.482169432,542.467148984,897.640348969,951.476419635,891.85490636,948.340783026,891.85490636,951.476419635,37565.2475386,54574.3388371,41217.9475502,60190.8858712,37565.2475386,60190.8858712
290,0.00537037037,797306.507761,834896.781178,797371.629688,835754.369327,797306.507761,835754.369327,695981.507761,733571.781178,696046.629688,734429.369327,695981.507761,734429.369327,517.94009782,539.340426672,521.943572361,546.057569224,517.94009782,546.057569224,912.009144768,966.742528913,906.122113843,963.596446029,906.122113843,966.742528913,41502.8276491,58704.8814139,45234.6594911,64410.0194836,41502.8276491,64410.0194836
291,0.005388888889,817174.061283,855781.454346,817206.050887,856701.747078,817174.061283,856701.747078,715849.061283,754456.454346,715881.050887,755376.747078,715849.061283,755376.747078,521.471772099,542.984620482,525.498229753,549.723972123,521.471772099,549.723972123,926.835607787,982.495836213,920.843640219,979.340475644,920.843640219,982.495836213,45640.3707462,63039.5190388,49454.9603459,68835.8647188,45640.3707462,68835.8647188
292,0.005407407407,837848.989727,877517.54995,837845.588573,878505.302973,837845.588573,878505.302973,736523.989727,776192.54995,736520.588573,777180.302973,736520.588573,777180.302973,525.078602619,546.705960455,529.128623218,553.467780533,525.078602619,553.467780533,942.136217909,998.753943517,936.035839542,995.590612567,936.035839542,998.753943517,49988.7597539,67589.1732435,53889.9491467,73479.4266767,49988.7597539,73479.4266767
293,0.005425925926,859369.356537,900145.383345,859328.151182,901205.74137,859328.151182,901205.74137,758044.356537,798820.383345,758003.151182,799880.74137,758003.151182,799880.74137,528.76200824,550.505878622,532.836189387,557.290422965,528.76200824,557.290422965,957.928073844,1015.535117783,951.715679633,1012.365274812,951.715679633,1015.535117783,54559.4867082,72365.3697285,58551.3497632,78352.3160692,54559.4867082,78352.3160692
294,0.005444444444,881775.162629,923707.334852,881693.573857,924845.865493,881693.573857,924845.865493,780450.162629,822382.334852,780368.573857,823520.865493,780368.573857,823520.865493,532.523413676,554.385811445,536.622371515,561.19333202,532.523413676,561.19333202,974.228908766,1032.858308218,967.900757662,1029.683576004,967.900757662,1032.858308218,59364.6844807,77380.2694092,63447.3927707,83475.1458922,59364.6844807,83475.1458922
295,0.005462962963,905108.436896,948247.947404,904983.708261,949470.678138,904983.708261,949470.678138,803783.436896,846922.947404,803658.708261,848145.678138,803658.708261,848145.678138,536.362484607,558.347196643,540.488616472,565.177941199,536.362484607,565.177941199,991.057104935,1050.743162445,984.609314667,1047.565342665,984.609314667,1050.743162445,64417.1594411,82646.7003856,68578.1992113,88864.613089,64417.1594411,88864.613089
296,0.005481481481,929413.328425,973814.026219,929242.514073,975127.484666,929242.514073,975127.484666,828088.328425,872489.026219,827917.514073,873802.484666,827917.514073,873802.484666,540.278093524,562.391469587,544.436371339,569.245681278,540.278093524,569.245681278,1008.431706962,1069.210041255,1001.860248711,1066.03113015,1001.860248711,1069.210041255,69730.4249889,88178.1907275,73968.8025245,94524.0127447,69730.4249889,94524.0127447
297,0.0055,954736.199951,1000454.73997,954516.15169,1001865.99778,954516.15169,1001865.99778,853411.199951,899129.73997,853191.15169,900540.99778,853191.15169,900540.99778,544.275729315,566.520059235,548.467079541,573.397976221,544.275729315,573.397976221,1026.372433345,1088.280031571,1019.673126342,1085.102236887,1019.673126342,1088.280031571,75316.2427995,93989.0019282,79623.9609682,100467.855946,75316.2427995,100467.855946
298,0.005518518519,981125.721901,1028221.72281,980853.075499,1029738.44349,980853.075499,1029738.44349,879800.721901,926896.72281,879528.075499,928413.44349,879528.075499,928413.44349,548.35679466,570.734383549,552.582176476,577.636238584,548.35679466,577.636238584,1044.89968588,1107.974957197,1038.068191938,1104.800716516,1038.068191938,1107.974957197,81185.5638017,100094.162845,85570.888553,106711.43711,81185.5638017,106711.43711
299,0.005537037037,1008614.06171,1057169.17647,1008304.12696,1058799.66742,1008304.12696,1058799.66742,907289.06171,955844.17647,906979.12696,957474.66742,906979.12696,957474.66742,552.522677802,575.035844352,556.783084592,581.961864349,552.522677802,581.961864349,1064.034556498,1128.317386868,1057.066374512,1125.149387373,1057.066374512,1128.317386868,87359.9760416,106509.503892,91825.4553485,113270.869325,87359.9760416,113270.869325
300,0.005555555556,1037262.21051,1087353.97141,1036922.62655,1089107.24063,1036922.62655,1089107.24063,935937.21051,986028.97141,935597.62655,987782.24063,935597.62655,987782.24063,556.774746955,579.425821563,561.071207866,586.37622715,556.774746955,586.37622715,1083.798830988,1149.330639018,1076.689291403,1146.171838862,1076.689291403,1149.330639018,93856.0958252,113251.691213,98404.3762655,120163.119754,93856.0958252,120163.119754
301,0.005574074074,1067135.11895,1118835.74591,1066764.50121,1120721.56365,1066764.50121,1120721.56365,965810.11895,1017510.74591,965439.50121,1019396.56365,965439.50121,1019396.56365,561.114344051,583.905666759,565.447925597,590.88067182,561.114344051,590.88067182,1104.214988964,1171.038782656,1096.959157032,1167.892433989,1096.959157032,1171.038782656,100691.546801,120338.260464,105325.377645,127406.044731,100691.546801,127406.044731
302,0.005592592593,1098291.29625,1151677.00161,1097888.23608,1153705.96742,1097888.23608,1153705.96742,996966.29625,1050352.00161,996563.23608,1052380.96742,996563.23608,1052380.96742,565.542777753,588.476695985,569.914585487,595.476507193,565.542777753,595.476507193,1125.306199503,1193.466633585,1117.899031736,1190.336307358,1117.899031736,1193.466633585,107884.598894,127787.649808,112606.837716,135018.424154,107884.598894,135018.424154
303,0.005611111111,1130792.05516,1185943.1938,1130355.10742,1188126.80936,1130355.10742,1188126.80936,1029467.05516,1084618.1938,1029030.10742,1086801.80936,1029030.10742,1086801.80936,570.061315679,593.140181766,574.470145862,600.164998108,570.061315679,600.164998108,1147.096311434,1216.639745122,1139.532577544,1213.529357754,1139.532577544,1216.639745122,115454.592038,135619.231603,120268.209406,143019.994659,115454.592038,143019.994659
304,0.00562962963,1164701.51337,1221702.81444,1164229.20035,1224053.56264,1164229.20035,1224053.56264,1063376.51337,1120377.81444,1062904.20035,1122728.56264,1062904.20035,1122728.56264,574.671175751,597.897344223,579.105264245,604.94778767,574.671175751,604.94778767,1169.6098377,1240.584392362,1161.88411517,1237.498234424,1161.88411517,1240.584392362,123421.837271,143853.342171,128329.922053,151431.480968,123421.837271,151431.480968
305,0.005648148148,1200086.65666,1259027.4655,1199577.47292,1261558.89619,1199577.47292,1261558.89619,1098761.65666,1157702.4655,1098252.47292,1160233.89619,1098252.47292,1160233.89619,579.371631082,602.749341228,583.832337792,609.841331017,579.371631082,609.841331017,1192.871931313,1265.327548911,1184.978601293,1262.270315885,1184.978601293,1265.327548911,131807.644532,152511.308944,136813.409482,160274.624691,131807.644532,160274.624691
306,0.005666666667,1237017.38981,1297991.9198,1236469.8082,1300718.74264,1236469.8082,1300718.74264,1135692.38981,1196666.9198,1135144.8082,1199393.74264,1135144.8082,1199393.74264,584.16149768,607.697257509,588.642332566,614.831703789,584.16149768,614.831703789,1216.88684972,1290.896854876,1208.84159773,1287.873680072,1208.84159773,1290.896854876,140634.347003,161615.474122,145741.134622,169572.209744,140634.347003,169572.209744
307,0.005685185185,1275566.57204,1338674.16593,1274979.05094,1341612.35089,1274979.05094,1341612.35089,1174241.57204,1237349.16593,1173654.05094,1240287.35089,1173654.05094,1240287.35089,589.045667116,612.74209261,593.546884377,619.919930191,589.045667116,619.919930191,1241.693581283,1317.320574629,1233.499230998,1314.337064431,1233.499230998,1317.320574629,149925.320985,171189.213857,155136.609675,179348.083346,149925.320985,179348.083346
308,0.005703703704,1315810.03338,1381155.43169,1315181.02544,1384322.31741,1315181.02544,1384322.31741,1214485.03338,1279830.43169,1213856.02544,1282997.31741,1213856.02544,1282997.31741,594.025038405,617.884748799,598.546891742,625.106937748,594.025038405,625.106937748,1267.325498844,1344.627539667,1258.978140996,1341.689810928,1258.978140996,1344.627539667,159705.000124,181256.952952,165024.410643,189627.172295,159705.000124,189627.172295
309,0.005722222222,1357826.5677,1425520.17809,1357154.53022,1428934.58873,1357154.53022,1428934.58873,1256501.5677,1324195.17809,1255829.53022,1327609.58873,1255829.53022,1327609.58873,599.100401086,623.126020916,603.643143629,630.39354788,599.100401086,630.39354788,1293.809734929,1372.847071406,1285.305417089,1369.961791363,1285.305417089,1372.847071406,169998.882635,191844.17568,175430.18484,200435.496373,169998.882635,200435.496373
310,0.005740740741,1401697.89754,1471856.08228,1400981.30463,1475538.45341,1400981.30463,1475538.45341,1300372.89754,1370531.08228,1299656.30463,1374213.45341,1299656.30463,1374213.45341,604.272419504,628.466569171,608.836303745,635.780448565,604.272419504,635.780448565,1321.17378471,1402.008920228,1312.508519764,1399.183349078,1312.508519764,1402.008920228,180833.529924,202977.412631,186380.64982,211800.157228,180833.529924,211800.157228
311,0.005759259259,1447508.60498,1520253.96996,1446745.96188,1524226.4835,1446745.96188,1524226.4835,1346183.60498,1418928.96996,1345420.96188,1422901.4835,1345420.96188,1422901.4835,609.541615562,633.906905859,614.126893291,641.268180386,609.541615562,641.268180386,1349.445409903,1432.143156435,1340.615185927,1429.3851921,1340.615185927,1432.143156435,192236.554798,214684.232538,197903.581866,223749.33155,192236.554798,223749.33155
312,0.005777777778,1495346.02229,1570807.70825,1494535.88193,1575094.43682,1494535.88193,1575094.43682,1394021.02229,1469482.70825,1393210.88193,1473769.43682,1393210.88193,1473769.43682,614.908349812,639.447377046,619.515272055,646.857118541,614.908349812,646.857118541,1378.652523974,1463.280048379,1369.653315507,1460.598273709,1369.653315507,1463.280048379,204236.597151,226993.218274,210027.791949,236312.249397,204236.597151,236312.249397
313,0.005796296296,1545300.07482,1623614.04887,1544441.05687,1628241.10984,1544441.05687,1628241.10984,1443975.07482,1522289.04887,1443116.05687,1526916.10984,1443116.05687,1526916.10984,620.372800793,645.088141437,625.001617747,652.547451644,620.372800793,652.547451644,1408.823056013,1495.449919067,1399.650836863,1492.85365142,1399.650836863,1495.449919067,216863.284742,239933.926962,222783.086755,249519.156259,216863.284742,249519.156259
314,0.005814814815,1597463.05237,1678772.41221,1596553.8719,1683768.13125,1596553.8719,1683768.13125,1496138.05237,1577447.41221,1495228.8719,1582443.13125,1495228.8719,1582443.13125,625.9349425,650.829147316,630.585903469,658.339158589,625.9349425,658.339158589,1439.984779447,1528.682977124,1430.635542139,1526.182320051,1430.635542139,1528.682977124,230147.175175,253536.832511,236200.210881,263401.257445,230147.175175,263401.257445
315,0.005833333333,1651929.35681,1736384.60197,1650968.83729,1741779.68621,1650968.83729,1741779.68621,1550604.35681,1635059.60197,1549643.83729,1640454.68621,1549643.83729,1640454.68621,631.594519382,656.670107443,636.26787271,664.231983323,631.594519382,664.231983323,1472.165144995,1563.009118745,1462.634908089,1560.615015734,1462.634908089,1563.009118745,244119.679115,267833.247503,250310.770122,277990.641648,244119.679115,277990.641648
316,0.005851851852,1708795.13731,1796554.43929,1707782.24382,1802382.15944,1707782.24382,1802382.15944,1607470.13731,1695229.43929,1606457.24382,1701057.15944,1606457.24382,1701057.15944,637.351019866,662.610471777,642.047012841,670.225407419,637.351019866,670.225407419,1505.39105513,1598.457697336,1495.675885313,1596.181987147,1495.675885313,1598.457697336,258812.959003,282855.221003,265147.130387,293320.1802,258812.959003,293320.1802
317,0.00587037037,1768157.84754,1859387.30342,1767091.71804,1865683.6843,1767091.71804,1865683.6843,1666832.84754,1758062.30342,1665766.71804,1764358.6843,1665766.71804,1764358.6843,643.203647511,668.649397916,647.922526258,676.31862033,643.203647511,676.31862033,1539.688612818,1635.057256878,1529.784644909,1632.91273013,1529.784644909,1635.057256878,274259.798942,298635.408445,280742.287516,309423.398044,274259.798942,309423.398044
318,0.005888888889,1830115.70287,1924989.56491,1828995.68301,1931793.58337,1828995.68301,1931793.58337,1728790.70287,1823664.56491,1727670.68301,1830468.58337,1727670.68301,1830468.58337,649.151289733,674.785719142,653.893299075,682.510487183,649.151289733,682.510487183,1575.082833396,1672.83522502,1564.9862924,1670.835681532,1564.9862924,1672.83522502,290493.44263,315206.90932,297129.705072,326334.312066,290493.44263,326334.312066
319,0.005907407407,1894767.02261,1993467.8959,1893592.70956,2000821.68458,1893592.70956,2000821.68458,1793442.02261,1892142.8959,1792267.70956,1899496.68458,1792267.70956,1899496.68458,655.192482843,681.017909975,659.957866124,688.79951404,655.192482843,688.79951404,1611.597315176,1711.81756168,1601.304545417,1709.977867815,1601.304545417,1711.81756168,307547.393314,332603.06799,314343.114022,344087.231943,307547.393314,344087.231943
320,0.005925925926,1962209.44139,2064928.44044,1960980.72793,2072877.49537,1960980.72793,2072877.49537,1860884.44139,1963603.44044,1859655.72793,1971552.49537,1859655.72793,1971552.49537,661.325377882,687.344049158,666.114376676,695.183810512,661.325377882,695.183810512,1649.253864471,1752.028358594,1638.76135691,1750.364503758,1638.76135691,1752.028358594,325455.174591,350857.232487,332416.27294,362716.518207,325455.174591,362716.518207
321,0.005944444444,2032538.97271,2139475.82658,2031256.08958,2148069.21595,2031256.08958,2148069.21595,1931213.97271,2038150.82658,1929931.08958,2046744.21595,1929931.08958,2046744.21595,667.547701879,693.761780008,672.360555733,701.661049671,667.547701879,701.661049671,1688.072070737,1793.489385205,1677.376487796,1792.018536438,1677.376487796,1793.489385205,344250.041385,370002.465775,351382.678301,382256.29181,344250.041385,382256.29181
322,0.005962962963,2105848.90652,2217212.00067,2104512.47414,2226502.57138,2104512.47414,2226502.57138,2004523.90652,2115887.00067,2003187.47414,2125177.57138,2003187.47414,2125177.57138,673.856715711,700.268268119,678.693661743,708.228425218,673.856715711,708.228425218,1728.06882743,1836.21957622,1717.167035467,1834.960129597,1717.167035467,1836.21957622,363964.636823,390071.203576,371275.220251,402740.089049,363964.636823,402740.089049
323,0.005981481481,2182228.52172,2298234.86329,2180839.60772,2308279.44095,2180839.60772,2308279.44095,2080903.52172,2196909.86329,2079514.60772,2206954.44095,2079514.60772,2206954.44095,680.249170196,706.860156414,685.110442576,714.882605909,680.249170196,714.882605909,1769.257794324,1880.234456209,1758.146899896,1879.206083464,1758.146899896,1880.234456209,384630.590092,411094.852547,392125.778997,424200.455367,384630.590092,424200.455367
324,0.006,2261761.59447,2382636.68425,2260321.77732,2393496.25974,2260321.77732,2393496.25974,2160436.59447,2281311.68425,2158996.77732,2292171.25974,2158996.77732,2292171.25974,686.721259705,713.533517963,691.607088986,721.619687413,686.721259705,721.619687413,1811.648797582,1925.545495875,1800.326187626,1924.769183319,1800.326187626,1925.545495875,406278.048179,433103.321986,413964.75462,446668.471171,406278.048179,446668.471171
325,0.006018518519,2344524.68272,2470502.25908,2343036.12194,2482242.15802,2343036.12194,2482242.15802,2243199.68272,2369177.25908,2241711.12194,2380917.15802,2241711.12194,2380917.15802,693.268573399,720.283806196,698.179185668,728.435142166,693.268573399,728.435142166,1855.247163997,1972.159384854,1843.710550149,1971.657464602,1843.710550149,1972.159384854,428935.135052,456124.482088,436820.523787,470173.201481,428935.135052,470173.201481
326,0.006037037037,2430585.16816,2561906.8477,2429050.68123,2574596.87653,2429050.68123,2574596.87653,2329260.16816,2460581.8477,2327725.68123,2473271.87653,2327725.68123,2473271.87653,699.886044307,727.105800906,704.821660121,735.32376422,699.886044307,735.32376422,1900.052986635,2020.077262295,1888.300453653,2019.873434093,1888.300453653,2020.077262295,452627.332041,480183.546262,460718.817017,494741.067304,452627.332041,494741.067304
327,0.006055555556,2519999.04095,2656913.80215,2518422.18361,2670628.35389,2518422.18361,2670628.35389,2418674.04095,2555588.80215,2417097.18361,2569303.35389,2417097.18361,2569303.35389,706.567896515,733.993554957,711.528729587,742.279614519,706.567896515,742.279614519,1946.060321809,2069.293847772,1934.090377847,2069.413183193,1934.090377847,2069.413183193,477376.77354,505302.366731,485682.010527,520395.127866,477376.77354,520395.127866
328,0.006074074074,2612808.45201,2755571.89297,2611193.55848,2770390.00787,2611193.55848,2770390.00787,2511483.45201,2654246.89297,2509868.55848,2669065.00787,2509868.55848,2669065.00787,713.307590846,740.940338467,718.293846455,749.295963945,713.307590846,749.295963945,1993.256347369,2119.79649295,1981.067943063,2120.265423166,1981.067943063,2120.265423166,503201.452988,531498.640428,511728.327467,547154.269182,503201.452988,547154.269182
329,0.006092592593,2709038.93554,2857912.32725,2707391.12528,2873917.6939,2707391.12528,2873917.6939,2607713.93554,2756587.32725,2606066.12528,2772592.6939,2606066.12528,2772592.6939,720.097765235,747.93858071,725.109638189,756.365234843,720.097765235,756.365234843,2041.620407975,2171.564158913,2029.212951588,2172.410441066,2029.212951588,2172.410441066,530114.32267,558785.02641,538870.930998,575032.294916,530114.32267,575032.294916
330,0.006111111111,2808696.49825,2963945.44539,2807021.57171,2981226.32775,2807021.57171,2981226.32775,2707371.49825,2862620.44539,2705696.57171,2879901.32775,2705696.57171,2879901.32775,726.930184864,754.979794554,731.96785751,763.478941917,726.930184864,763.478941917,2091.123099912,2224.56631835,2078.496396855,2225.818976359,2078.496396855,2225.818976359,558122.32689,587168.295674,567116.951913,604036.916402,558122.32689,604036.916402
331,0.00612962963,2902690.99552,3064746.62455,2900809.18062,3083160.12466,2900809.18062,3083160.12466,2801365.99552,2963421.62455,2799484.18062,2981835.12466,2799484.18062,2981835.12466,731.272601783,759.266867036,736.281001633,767.752055418,731.272601783,767.752055418,2140.529120827,2277.640376342,2127.652894896,2279.293108639,2127.652894896,2279.293108639,581214.451317,610317.788793,590339.790624,627636.488945,581214.451317,627636.488945
332,0.006148148148,2999126.87239,3168210.91865,2997042.76485,3187833.95428,2997042.76485,3187833.95428,2897801.87239,3066885.91865,2895717.76485,3086508.95428,2895717.76485,3086508.95428,735.520450941,763.461340808,740.500297855,771.933936351,735.520450941,771.933936351,2190.869242557,2331.732495518,2177.744932022,2333.814300386,2177.744932022,2333.814300386,604802.570588,633966.443564,614063.169602,651754.57839,604802.570588,651754.57839
333,0.006166666667,3097894.99305,3274220.96842,3095609.37578,3295132.46851,3095609.37578,3295132.46851,2996569.99305,3172895.96842,2994284.37578,3193807.46851,2994284.37578,3193807.46851,739.665877175,767.556144995,744.617746804,776.016110285,739.665877175,776.016110285,2242.079249732,2386.774108616,2228.708075455,2389.314877569,2228.708075455,2389.314877569,628847.276196,658077.570745,638247.310888,676351.044643,628847.276196,676351.044643
334,0.006185185185,3198856.63942,3382625.63015,3196364.295,3404904.80016,3196364.295,3404904.80016,3097531.63942,3281300.63015,3095039.295,3303579.80016,3095039.295,3303579.80016,743.700468613,771.543953877,748.624745424,779.989580883,743.700468613,779.989580883,2294.082457337,2442.682706648,2280.464849541,2445.712352825,2280.464849541,2445.712352825,653300.701154,682607.12963,662843.715248,701377.323691,653300.701154,701377.323691
335,0.006203703704,3301846.86193,3493237.1268,3299129.02335,3516963.18431,3299129.02335,3516963.18431,3200521.86193,3391912.1268,3197804.02335,3415638.18431,3197804.02335,3415638.18431,747.615377002,775.418832023,752.512250569,783.844816035,747.615377002,783.844816035,2346.78985411,2499.360788107,2332.924113014,2502.909372209,2332.924113014,2502.909372209,678106.117654,707507.367586,687794.967042,726775.505501,678106.117654,726775.505501
336,0.006222222222,3406684.32443,3605828.05779,3403687.43117,3631078.54974,3403687.43117,3631078.54974,3305359.32443,3504503.05779,3302362.43117,3529753.54974,3302362.43117,3529753.54974,751.40140177,779.179307104,756.270726447,787.571750856,751.40140177,787.571750856,2400.101581925,2556.694792204,2385.979718607,2560.792075059,2385.979718607,2560.792075059,703197.479648,732734.955917,713033.838706,752477.571301,703197.479648,752477.571301
337,0.006240740741,3513204.00782,3720129.00967,3509782.72066,3746976.9567,3509782.72066,3746976.9567,3411879.00782,3618804.00967,3408457.72066,3645651.9567,3408457.72066,3645651.9567,755.049162116,782.836755353,759.890154235,791.159806078,755.049162116,791.159806078,2453.912938826,2614.554174953,2439.509519464,2619.228917524,2439.509519464,2619.228917524,728499.292488,758274.954432,738482.62753,778404.716901,728499.292488,778404.716901
338,0.006259259259,3621359.1012,3835827.71668,3617114.60969,3864336.29056,3617114.60969,3864336.29056,3520034.1012,3734502.71668,3515789.60969,3763011.29056,3515789.60969,3763011.29056,758.549464027,786.439873482,763.360064192,794.59791625,758.549464027,794.59791625,2508.13397153,2672.790851255,2493.374474796,2678.069616872,2493.374474796,2678.069616872,753927.174202,784213.382598,764052.62677,804466.766088,753927.174202,804466.766088
339,0.006277777778,3731541.56949,3952571.73964,3725336.85923,3982783.33146,3725336.85923,3982783.33146,3630216.56949,3851246.73964,3624011.85923,3881458.33146,3624011.85923,3881458.33146,761.894129699,790.149759909,766.669575915,797.874568956,761.894129699,797.874568956,2562.752054197,2731.239363524,2547.417897017,2737.144254537,2547.417897017,2737.144254537,779390.033784,810965.472932,789643.714673,830561.709733,779390.033784,830561.709733
340,0.006296296296,3845625.44174,4069979.9772,3834055.29887,4101891.3634,3834055.29887,4101891.3634,3744300.44174,3968654.9772,3732730.29887,4000566.3634,3732730.29887,4000566.3634,765.077975658,794.479978273,769.807449185,800.977856184,765.077975658,800.977856184,2618.037912472,2789.718799867,2601.464892725,2796.262592279,2601.464892725,2796.262592279,804796.212662,840022.616361,815144.103764,856575.410109,804796.212662,856575.410109
341,0.006314814815,3970479.16171,4187677.41944,3942826.51501,4221178.50419,3942826.51501,4221178.50419,3869154.16171,4086352.41944,3841501.51501,4119853.50419,3841501.51501,4119853.50419,768.103788575,801.080439035,772.762146823,803.895538884,768.103788575,803.895538884,2675.252896336,2848.039132392,2655.322051718,2855.213660639,2655.322051718,2855.213660639,830069.941436,876461.672983,840430.29284,882381.513125,830069.941436,882381.513125
342,0.006333333333,4129731.4434,4305395.00501,4051157.37857,4340106.95503,4051157.37857,4340106.95503,4028406.4434,4204070.00501,3949832.37857,4238781.95503,3949832.37857,4238781.95503,770.995495199,815.156138982,775.521910523,806.615125578,770.995495199,815.156138982,2739.091937725,2906.019710691,2708.777441688,2913.765684009,2708.777441688,2913.765684009,855196.139352,937053.228834,865367.264865,907841.613527,855196.139352,937053.228834
343,0.006351851852,4343322.43256,4472766.51872,4158505.59571,4458083.37969,4158505.59571,4472766.51872,4241997.43256,4371441.51872,4057180.59571,4356758.37969,4057180.59571,4371441.51872,773.834794321,850.105131943,778.074850315,809.12396571,773.834794321,850.105131943,2824.276575032,2963.543554367,2761.600967543,2971.666409639,2761.600967543,2971.666409639,880347.17252,1067987.67025,889808.97374,932805.71867,880347.17252,1067987.67025
344,0.00637037037,4487687.89117,4901921.39153,4264281.46498,4574460.62525,4264281.46498,4901921.39153,4386362.89117,4800596.39153,4162956.46498,4473135.62525,4162956.46498,4800596.39153,776.86850866,903.891856663,780.409047935,811.40935809,776.86850866,903.891856663,2945.393569795,3020.725075011,2813.545153746,3028.643907859,2813.545153746,3028.643907859,906259.966928,1271955.42428,913599.160538,957113.054628,906259.966928,1271955.42428
345,0.006388888889,4623808.05068,5111995.93876,4367851.01414,4688540.98746,4367851.01414,5111995.93876,4522483.05068,5010670.93876,4266526.01414,4587215.98746,4266526.01414,5010670.93876,780.844498594,920.506186167,782.512674058,813.458674422,780.844498594,920.506186167,3023.27088098,3078.475133967,2864.346404268,3084.407907383,2864.346404268,3084.407907383,935435.924982,1353208.5412,936572.534891,980593.253533,935435.924982,1353208.5412
346,0.006407407407,4765398.34127,5461488.71863,4468540.66632,4799581.19944,4468540.66632,5461488.71863,4664073.34127,5360163.71863,4367215.66632,4698256.19944,4367215.66632,5360163.71863,788.187919314,928.755954099,784.374118764,815.259497376,784.374118764,928.755954099,3084.071983613,3227.090505654,2913.726786739,3138.65172114,2913.726786739,3227.090505654,976434.99767,1405851.85593,958556.348638,1003067.95275,958556.348638,1405851.85593
347,0.006425925926,4989857.73851,5784581.266,4565643.54959,4906799.28303,4565643.54959,5784581.266,4888532.73851,5683256.266,4464318.54959,4805474.28303,4464318.54959,5683256.266,808.228336372,938.026386709,785.982134192,816.799772092,785.982134192,938.026386709,3141.504353547,3319.833557084,2961.396375945,3191.054805314,2961.396375945,3319.833557084,1063633.83965,1537170.53641,979372.377429,1024352.82433,979372.377429,1537170.53641
348,0.006444444444,5533004.21639,5963753.09631,4658427.51099,5009383.34408,4658427.51099,5963753.09631,5431679.21639,5862428.09631,4557102.51099,4908058.34408,4557102.51099,5862428.09631,883.252967259,947.825699942,787.32598764,818.067969356,787.32598764,947.825699942,3197.112109835,3416.771816503,3007.056174703,3241.28597562,3007.056174703,3416.771816503,1365520.6726,1599644.40756,998839.310348,1044260.03721,998839.310348,1599644.40756
349,0.006462962963,5677938.85988,6277801.92239,4746144.83,5106502.31766,4746144.83,6277801.92239,5576613.85988,6176476.92239,4644819.83,5005177.31766,4644819.83,6176476.92239,948.638602501,956.190493465,788.395622767,819.053257966,788.395622767,956.190493465,3251.336334204,3514.929399622,3050.401609698,3289.007281258,3050.401609698,3514.929399622,1539958.3976,1679888.7429,1016775.52895,1062601.13497,1016775.52895,1679888.7429
350,0.006481481481,5824109.21023,6467157.74103,4828043.54508,5197318.5774,4828043.54508,6467157.74103,5722784.21023,6365832.74103,4726718.54508,5095993.5774,4726718.54508,6365832.74103,956.113692485,965.098047146,789.181825891,819.745683089,789.181825891,965.098047146,3304.351973748,3577.493975895,3091.12657415,3333.878508275,3091.12657415,3577.493975895,1589768.97936,1749451.07757,1033002.23564,1079190.28893,1033002.23564,1749451.07757
351,0.0065,5996100.4642,6678735.68051,4917247.59608,5295551.83023,4917247.59608,6678735.68051,5894775.4642,6577410.68051,4815922.59608,5194226.83023,4815922.59608,6577410.68051,968.69139449,980.014194608,792.223197937,822.947104923,792.223197937,980.014194608,3358.842076383,3640.249440819,3130.436272456,3377.101058683,3130.436272456,3640.249440819,1658231.42856,1835958.37658,1056284.13004,1103307.92176,1056284.13004,1835958.37658
352,0.006518518519,6176475.37043,6913784.9211,5000684.17315,5388536.99057,5000684.17315,6913784.9211,6075150.37043,6812459.9211,4899359.17315,5287211.99057,4899359.17315,6812459.9211,982.989973122,998.690049734,795.163307892,826.16652808,795.163307892,998.690049734,3412.82722799,3704.779426993,3166.748312472,3417.225544432,3166.748312472,3704.779426993,1733682.01182,1938304.83916,1078462.13578,1126714.0784,1078462.13578,1938304.83916
353,0.006537037037,6378395.55978,7223780.55807,5079863.00406,5478061.34805,5079863.00406,7223780.55807,6277070.55978,7122455.55807,4978538.00406,5376736.34805,4978538.00406,7122455.55807,1000.93603422,1027.28796133,798.366588058,829.754654449,798.366588058,1027.28796133,3468.37905956,3779.347700745,3200.157417673,3454.373064867,3200.157417673,3779.347700745,1824145.52774,2086793.54429,1100778.56932,1150550.79739,1100778.56932,2086793.54429
354,0.006555555556,6644280.92475,8005995.7676,5156408.05695,5566028.23996,5156408.05695,8005995.7676,6542955.92475,7904670.7676,5055083.05695,5464703.23996,5055083.05695,7904670.7676,1028.47977379,1116.92556725,802.196494977,834.060615704,802.196494977,1116.92556725,3532.379756887,3925.113235219,3230.781087799,3488.687083919,3230.781087799,3925.113235219,1955100.74878,2519630.54005,1124531.41147,1176008.23384,1124531.41147,2519630.54005
355,0.006574074074,7266140.39112,21899549.3188,5232026.26141,5654415.72181,5232026.26141,21899549.3188,7164815.39112,21798224.3188,5130701.26141,5553090.72181,5130701.26141,21798224.3188,1106.23255636,2950.11769479,807.013319025,839.429570215,807.013319025,2950.11769479,3650.708569985,5247.220529692,3258.756767344,3520.328645746,3258.756767344,5247.220529692,2304446.10315,12985922.9379,1151055.56442,1204306.41872,1151055.56442,12985922.9379
356,0.006592592593,19993555.8712,22110256.715,5308465.45348,5745222.95367,5308465.45348,22110256.715,19892230.8712,22008931.715,5207140.45348,5643897.95367,5207140.45348,22008931.715,2938.23834459,2955.29713418,813.170910879,846.199320333,813.170910879,2955.29713418,4888.611903155,5282.39692318,3284.236313912,3549.468548067,3284.236313912,5282.39692318,12042633.7028,13101787.4108,1181700.21734,1236673.37765,1181700.21734,13101787.4108
357,0.006611111111,20140145.518,22276287.18,5387462.83833,5840406.18724,5387462.83833,22276287.18,20038820.518,22174962.18,5286137.83833,5739081.18724,5286137.83833,22174962.18,2942.13684644,2959.43924417,821.012429713,854.696070509,821.012429713,2959.43924417,4913.811240918,5310.140323556,3307.378070344,3576.276987815,3307.378070344,5310.140323556,12123863.9225,13192721.0119,1217802.73392,1274320.07597,1217802.73392,13192721.0119
358,0.00662962963,20246140.4379,22396376.8649,5470686.20469,5941807.39505,5470686.20469,22396376.8649,20144815.4379,22295051.8649,5369361.20469,5840482.39505,5369361.20469,22295051.8649,2944.86478921,2962.3599126,830.865283391,865.22951309,830.865283391,2962.3599126,4932.062284779,5330.241866133,3328.33713591,3600.91155828,3328.33713591,5330.241866133,12182369.4875,13258229.9423,1260659.66439,1318412.8726,1260659.66439,13258229.9423
359,0.006648148148,20310694.4788,22469705.1111,5559671.09186,6051079.7335,5559671.09186,22469705.1111,20209369.4788,22368380.1111,5458346.09186,5949754.7335,5458346.09186,22368380.1111,2946.4482655,2964.07614963,843.035509925,878.087506436,843.035509925,2964.07614963,4943.224154284,5342.558515266,3347.254729206,3623.504818308,3347.254729206,5342.558515266,12217801.596,13298034.9784,1311495.69747,1372406.5134,1311495.69747,13298034.9784
360,0.006666666667,20333405.5967,22495931.6308,5655757.67807,6169615.04505,5655757.67807,22495931.6308,20232080.5967,22394606.6308,5554432.67807,6068290.04505,5554432.67807,22394606.6308,2946.9153609,2964.6283585,857.801895514,893.530693792,857.801895514,2964.6283585,4947.221268986,5347.01864028,3364.247709788,3644.152896298,3364.247709788,5347.01864028,12230040.267,13312089.2402,1371431.4567,1436590.82569,1371431.4567,13312089.2402
361,0.006685185185,20314314.0206,22475189.5045,5760034.00722,6298479.3415,5760034.00722,22475189.5045,20212989.0206,22373864.5045,5658709.00722,6197154.3415,5658709.00722,22373864.5045,2946.29615664,2964.05631803,875.41048961,911.787494308,875.41048961,2964.05631803,4944.04427053,5343.620645577,3379.399930587,3662.906662203,3379.399930587,5343.620645577,12219187.1012,13300572.729,1440538.00611,1510974.81576,1440538.00611,13300572.729
362,0.006703703704,20253904.2739,22408098.3189,5873286.93517,6438362.53972,5873286.93517,22408098.3189,20152579.2739,22306773.3189,5771961.93517,6337037.53972,5771961.93517,22306773.3189,2944.62260997,2962.39992412,896.06954293,933.049971931,896.06954293,2962.39992412,4933.75067416,5332.435301866,3392.755811253,3679.766851652,3392.755811253,5332.435301866,12185565.2469,13263899.1652,1514085.78377,1596304.41134,1514085.78377,13263899.1652
363,0.006722222222,20153093.4692,22295750.315,5995969.37989,6589548.54427,5995969.37989,22295750.315,20051768.4692,22194425.315,5894644.37989,6488223.54427,5894644.37989,22194425.315,2941.92885961,2959.69947261,919.945857641,957.471145989,919.945857641,2959.69947261,4916.463475714,5313.6040115,3404.317935429,3694.684154301,3404.317935429,5313.6040115,12129712.9999,13202709.085,1597951.80876,1693133.5722,1597951.80876,13202709.085
364,0.006740740741,20013209.0759,22139687.0009,6128186.80111,6751911.04728,6128186.80111,22139687.0009,19911884.0759,22038362.0009,6026861.80111,6650586.04728,6026861.80111,22038362.0009,2938.250823,2955.9959425,947.162946876,985.164344045,947.162946876,2955.9959425,4892.368360693,5287.335855649,3414.048926197,3707.56473209,3414.048926197,5287.335855649,12052372.3826,13117858.8045,1692538.97744,1804694.50492,1692538.97744,13117858.8045
365,0.006759259259,19835956.3854,21941865.4297,6269711.39151,6924939.20298,6269711.39151,21941865.4297,19734631.3854,21840540.4297,6168386.39151,6823614.20298,6168386.39151,21840540.4297,2933.62639458,2951.33121085,977.802296082,1016.20462393,977.802296082,2951.33121085,4861.70943344,5253.903265575,3421.878572674,3718.281010262,3421.878572674,5253.903265575,11954472.9604,13010404.6353,1798065.33113,1928961.44263,1798065.33113,13010404.6353
366,0.006777777778,19623378.9315,21704609.8804,6419982.7916,7107772.1072,6419982.7916,21704609.8804,19522053.9315,21603284.8804,6318657.7916,7006447.1072,6318657.7916,21603284.8804,2928.09532832,2945.74807406,1011.9065199,1050.61874418,1011.9065199,2945.74807406,4824.783965873,5213.635516272,3427.70916083,3726.68367117,3427.70916083,5213.635516272,11837112.5444,12881579.9107,1914549.7838,2065530.24993,1914549.7838,12881579.9107
367,0.006796296296,19377809.8896,21430567.6172,6578037.4307,7299097.37181,6578037.4307,21430567.6172,19276484.8896,21329242.6172,6476712.4307,7197772.37181,6476712.4307,21329242.6172,2921.69899483,2939.29046273,1049.47187087,1088.37701094,1049.47187087,2939.29046273,4781.935803677,5166.913127881,3431.411111897,3732.594148601,3431.411111897,5166.913127881,11701533.3409,12732774.7428,2041748.07743,2214026.56146,2041748.07743,12732774.7428
368,0.006814814815,19101819.2886,21122648.5226,6742564.59665,7497201.66186,6742564.59665,21122648.5226,19000494.2886,21021323.5226,6641239.59665,7395876.66186,6641239.59665,21021323.5226,2914.48023282,2932.00331014,1090.43301457,1129.40066419,1090.43301457,2932.00331014,4733.548118588,5114.159687664,3432.837335009,3735.819171869,3432.837335009,5114.159687664,11549096.1984,12565507.2812,2179163.72297,2373778.17636,2179163.72297,12565507.2812
369,0.006833333333,18798161.6296,20783955.4964,6911969.88076,7700071.7268,6911969.88076,20783955.4964,18696836.6296,20682630.4964,6810644.88076,7598746.7268,6810644.88076,20682630.4964,2906.48307343,2923.93225926,1134.6741207,1173.56336448,1134.6741207,2923.93225926,4680.036274933,5055.832051989,3431.837085443,3736.170170074,3431.837085443,5055.832051989,11381255.1481,12381390.2095,2326063.97658,2543849.0076,2326063.97658,12381390.2095
370,0.006851851852,18469715.7711,20417729.3784,7084425.34044,7905456.9142,7084425.34044,20417729.3784,18368390.7711,20316404.3784,6983100.34044,7804131.9142,6983100.34044,20316404.3784,2897.75250504,2915.12366678,1182.03220221,1220.6929515,1182.03220221,2915.12366678,4621.839206161,4992.412959153,3428.266055051,3733.474506683,3428.266055051,4992.412959153,11199527.8217,12182105.016,2481489.01178,2723052.58964,2481489.01178,12182105.016
371,0.00687037037,18119432.8662,20027285.9265,7257924.7247,8110935.50616,7257924.7247,20027285.9265,18018107.8662,19925960.9265,7156599.7247,8009610.50616,7156599.7247,19925960.9265,2888.3341484,2905.62430841,1232.29946285,1270.57378804,1232.29946285,2905.62430841,4559.412039497,4924.402159507,3421.995178725,3727.584674536,3421.995178725,4924.402159507,11005470.1522,11969371.5933,2644267.12352,2909972.13926,2644267.12352,11969371.5933
372,0.006888888889,17750282.3836,19615957.7662,7430340.98177,8313982.0639,7430340.98177,19615957.7662,17648957.3836,19514632.7662,7329015.98177,8212657.0639,7329015.98177,19514632.7662,2878.27395292,2895.48111352,1285.22611815,1322.94960519,1285.22611815,2895.48111352,4493.218275882,4852.308138559,3412.917684592,3718.385133788,3412.917684592,4852.308138559,10800649.3454,11744920.2063,2813035.47587,3102986.65027,2813035.47587,11744920.2063
373,0.006907407407,17365204.7829,19187042.8115,7599483.66328,8512033.25983,7599483.66328,19187042.8115,17263879.7829,19085717.8115,7498158.66328,8410708.25983,7498158.66328,19085717.8115,2867.61786375,2884.74092534,1340.5236267,1377.5267979,1340.5236267,2884.74092534,4423.722714347,4776.640665728,3400.954178714,3705.796730509,3400.954178714,4776.640665728,10586620.5894,11510466.4979,2986265.75576,3300302.20613,2986265.75576,11510466.4979
374,0.006925925926,16967069.0803,18743750.736,7763158.73323,8702560.46372,7763158.73323,18743750.736,16865744.0803,18642425.736,7661833.73323,8601235.46372,7661833.73323,18642425.736,2856.41153005,2873.45012147,1397.86855479,1433.98094684,1397.86855479,2873.45012147,4351.385018828,4697.902586412,3386.056296732,3689.780020786,3386.056296732,4697.902586412,10364905.744,11267685.029,3162297.19697,3499994.88421,3162297.19697,11267685.029
375,0.006944444444,16558635.1332,18289169.3165,7919242.07743,8883143.89746,7919242.07743,18289169.3165,16457310.1332,18187844.3165,7817917.07743,8781818.89746,7817917.07743,18187844.3165,2844.6999853,2861.6544436,1456.91166232,1491.96017048,1456.91166232,2861.6544436,4276.653781946,4616.584852136,3368.210471516,3670.337215112,3368.210471516,4616.584852136,10136974.1685,11018192.7516,3339385.96308,3700062.41744,3339385.96308,11018192.7516
376,0.006962962963,16142527.4385,17826227.5891,8065667.48327,9051445.15909,8065667.48327,17826227.5891,16041202.4385,17724902.5891,7964342.48327,8950120.15909,7964342.48327,17724902.5891,2832.52738067,2849.39867191,1517.27286237,1551.0804205,1517.27286237,2849.39867191,4199.9623072,4533.16054971,3347.430755988,3647.501852983,3347.430755988,4533.16054971,9904229.55636,10763530.3888,3515697.92101,3898408.81694,3515697.92101,10763530.3888
377,0.006981481481,15721206.0161,17357671.5331,8200490.3932,9205303.61495,8200490.3932,17357671.5331,15619881.0161,17256346.5331,8099165.3932,9103978.61495,8099165.3932,17256346.5331,2819.93675196,2836.72641618,1578.5459519,1610.93811885,1578.5459519,2836.72641618,4121.723575608,4448.080833665,3323.760324515,3621.342447466,3323.760324515,4448.080833665,9667994.48624,10505150.0062,3689360.161,4092921.9704,3689360.161,10505150.0062
378,0.007,15296952.9272,16886041.5845,8321941.37219,9342782.42186,8321941.37219,16886041.5845,15195627.9272,16784716.5845,8220616.37219,9241457.42186,8220616.37219,16784716.5845,2806.96975736,2823.67985153,1640.30902317,1671.11605902,1640.30902317,2823.67985153,4042.327720098,4361.770800891,3297.271202045,3591.959955555,3297.271202045,4361.770800891,9429503.39405,10244403.1971,3858511.27804,4281522.15177,3858511.27804,10244403.1971
379,0.007018518519,14871857.5992,16413663.4916,8428456.94686,9462199.90203,8428456.94686,16413663.4916,14770532.5992,16312338.4916,8327131.94686,9360874.90203,8327131.94686,16312338.4916,2793.63494007,2810.29959018,1702.13028525,1732.18798553,1702.13028525,2810.29959018,3962.1391768,4274.627546263,3268.061396043,3559.483877715,3268.061396043,4274.627546263,9189893.96901,9982535.95698,4021339.52586,4462204.37408,4021339.52586,9982535.95698
380,0.007037037037,14447815.439,15942643.6949,8518703.94267,9562153.40123,8518703.94267,15942643.6949,14346490.439,15841318.6949,8417378.94267,9460828.40123,8417378.94267,15841318.6949,2779.97916269,2796.62456085,1763.57417502,1792.8893102,1763.57417502,2796.62456085,3881.495750082,4187.018807774,3236.251652723,3524.068111346,3236.251652723,4187.018807774,8950206.6672,9720685.70087,4176119.41088,4633078.47709,4176119.41088,9720685.70087
381,0.007055555556,14026523.3796,15474864.2838,8591597.46339,9641535.8961,8591597.46339,15474864.2838,13925198.3796,15373539.2838,8490272.46339,9540210.8961,8490272.46339,15373539.2838,2766.06278112,2782.69183942,1824.20770454,1852.61872711,1824.20770454,2782.69183942,3800.707268749,4099.281257371,3201.982061747,3485.886787851,3201.982061747,4099.281257371,8711381.18188,9459877.90511,4321245.88153,4792406.04463,4321245.88153,9459877.90511
382,0.007074074074,13609482.8024,15011988.2015,8646312.72562,9699545.66659,8646312.72562,15011988.2015,13508157.8024,14910663.2015,8544987.72562,9598220.66659,8544987.72562,14910663.2015,2751.92073402,2768.53659342,1882.48502641,1910.95988048,1882.48502641,2768.53659342,3720.05524685,4011.720592722,3165.408678623,3445.130257148,3165.408678623,4011.720592722,8474257.53662,9201027.98196,4455265.31764,4938633.30602,4455265.31764,9201027.98196
383,0.007092592593,13198004.2673,14555462.5518,8682291.24281,9735689.371,8682291.24281,14555462.5518,13096679.2673,14454137.5518,8580966.24281,9634364.371,8580966.24281,14454137.5518,2737.58605801,2754.26308467,1938.8124162,1967.51439772,1938.8124162,2754.26308467,3639.79301409,3924.611072856,3126.700322404,3402.001326625,3126.700322404,3924.611072856,8239577.35781,8944942.15825,4576902.75367,5070419.24391,4576902.75367,8944942.15825
384,0.007111111111,12793217.9475,14106534.7944,8699240.94375,9749778.87687,8699240.94375,14106534.7944,12691892.9475,14005209.7944,8597915.94375,9648453.87687,8597915.94375,14005209.7944,2723.08983101,2739.85250004,1993.15627608,2021.90823024,1993.15627608,2739.85250004,3560.146624708,3838.197590898,3086.035515986,3356.711814712,3086.035515986,3838.197590898,8007989.05257,8692324.97979,4685084.18681,5186658.21965,4685084.18681,8692324.97979
385,0.00712962963,12396082.8124,13666260.9417,8697130.74415,9741922.22782,8697130.74415,13666260.9417,12294757.8124,13564935.9417,8595805.74415,9640597.22782,8595805.74415,13564935.9417,2708.46113539,2725.31127041,2045.16497464,2073.79765854,2045.16497464,2725.31127041,3481.315661569,3752.696064596,3043.599638886,3309.479442923,3043.599638886,3752.696064596,7780051.75122,8443782.73739,4778953.5498,5286496.54653,4778953.5498,8443782.73739
386,0.007148148148,12007398.3675,13235514.1751,8676180.89516,9712509.1462,8676180.89516,13235514.1751,11906073.3675,13134189.1751,8574855.89516,9611184.1462,8574855.89516,13134189.1751,2693.72716445,2710.66655444,2094.52026721,2122.87478032,2094.52026721,2710.66655444,3403.474550338,3668.293821931,2999.582467528,3260.525059165,2999.582467528,3668.293821931,7556240.66663,8199827.21857,4857884.59932,5369342.58264,4857884.59932,8199827.21857
387,0.007166666667,11627817.9887,12815010.9098,8636848.38441,9662191.60409,8636848.38441,12815010.9098,11526492.9887,12713685.9098,8535523.38441,9560866.60409,8535523.38441,12713685.9098,2678.91326367,2695.94363294,2140.94230906,2168.87230323,2140.94230906,2695.94363294,3326.774073115,3585.153781468,2954.175919691,3210.070184057,2954.175919691,3585.153781468,7336953.83039,7960888.35889,4921486.65302,5434870.13714,4921486.65302,7960888.35889
388,0.007185185185,11257861.7002,12405316.192,8579808.20863,9591860.16353,8579808.20863,12405316.192,11156536.7002,12303991.192,8478483.20863,9490535.16353,8478483.20863,12303991.192,2664.04288001,2681.16595192,2184.19387251,2211.56747798,2184.19387251,2681.16595192,3251.343055617,3503.414235303,2907.57204406,3158.334884212,2907.57204406,3503.414235303,7122517.90776,7727316.55659,4969604.32159,5483015.24429,4969604.32159,7727316.55659
389,0.007203703704,10897926.6812,12006858.9444,8505931.06759,9502616.41666,8505931.06759,12006858.9444,10796601.6812,11905533.9444,8404606.06759,9401291.41666,8404606.06759,11905533.9444,2649.13772234,2666.35517554,2224.08361885,2250.78502068,2224.08361885,2666.35517554,3177.289443839,3423.190814397,2859.961234144,3105.535859059,2859.961234144,3423.190814397,6913193.35867,7499389.99366,5002311.34519,5513966.36577,5002311.34519,7499389.99366
390,0.007222222222,10548302.8246,11619948.2804,8416258.11151,9395742.55862,8416258.11151,11619948.2804,10446977.8246,11518623.2804,8314933.111509999,9294417.55862,8314933.111509999,11518623.2804,2634.2178125,2651.53128096,2260.46830606,2286.39892457,2260.46830606,2651.53128096,3104.702613168,3344.578786095,2811.530644349,3051.884779499,2811.530644349,3344.578786095,6709182.25565,7277322.63698,5019898.85701,5528148.62073,5019898.85701,7277322.63698
391,0.007240740741,10209183.2697,11244786.6214,8311973.44706,9272668.85573,8311973.44706,11244786.6214,10107858.2697,11143461.6214,8210648.44706,9171343.85573,8210648.44706,11143461.6214,2619.30157215,2636.71265018,2293.25385201,2318.55049648,2293.25385201,2636.71265018,3033.654686598,3267.654763222,2762.462786892,2997.586834232,2762.462786892,3267.654763222,6510203.35662,7061270.68494,5022858.60331,5526202.69649,5022858.60331,7061270.68494
392,0.007259259259,9880675.99761,10881483.6865,8194375.16194,9134939.88595,8194375.16194,10881483.6865,9779350.99761,10780158.6865,8093050.16194,9033614.88595,8093050.16194,10780158.6865,2604.40590928,2621.91611383,2322.39521697,2346.98771483,2322.39521697,2621.91611383,2964.20213713,3192.478736274,2712.934291047,2942.839459753,2712.934291047,3192.478736274,6316801.24821,6851339.51419,5011861.83324,5508959.31538,5011861.83324,6851339.51419
393,0.007277777778,9562816.28714,10530066.1046,8064845.65788,8984180.45298,8064845.65788,10530066.1046,9461491.28714,10428741.1046,7963520.65788,8882855.45298,7963520.65788,10428741.1046,2589.54630246,2607.15707917,2347.89511648,2371.72104621,2347.89511648,2607.15707917,2896.387751916,3119.095195402,2663.114809549,2887.831235917,2663.114809549,3119.095195402,6129057.15174,6647588.53117,4987734.72142,5477410.28306,4987734.72142,6647588.53117
394,0.007296296296,9255576.14364,10190492.1584,7924822.08271,8822062.06145,7924822.08271,10190492.1584,9154251.14364,10089167.1584,7823497.08271,8720737.06145,7823497.08271,10089167.1584,2574.7368927,2592.44959728,2369.80162268,2392.81647727,2369.80162268,2592.44959728,2830.242001771,3047.535603423,2613.166060659,2832.740933786,2613.166060659,3047.535603423,5946993.79767,6450038.58346,4951431.29207,5432677.23866,4951431.29207,6450038.58346
395,0.007314814815,8958871.68063,9862659.11967,7775767.62363,8650270.79154,7775767.62363,9862659.11967,8857546.68063,9761334.11967,7674442.62363,8548945.79154,7674442.62363,9761334.11967,2559.99060643,2577.80645008,2388.20475626,2410.38115076,2388.20475626,2577.80645008,2765.783967703,2977.819223876,2563.240998156,2777.736706696,2563.240998156,2977.819223876,5770601.72801,6258675.77794,4904004.86912,5375979.26391,4904004.86912,6258675.77794
396,0.007333333333,8672341.94556,9546414.30381,7619144.36606,8470477.32985,7619144.36606,9546414.30381,8571016.94556,9445089.30381,7517819.36606,8369152.329849999,7517819.36606,9445089.30381,2545.31914493,2563.23924334,2403.23220963,2424.55872503,2403.23220963,2563.23924334,2703.023182918,2909.954965984,2513.483104984,2722.975419467,2513.483104984,2909.954965984,5599844.25885,6073457.14015,4846579.08139,5308600.48706,4846579.08139,6073457.14015
397,0.007351851852,8395764.73476,9241563.32435,7456388.33854,8284309.77375,7456388.33854,9241563.32435,8294439.734759999,9140238.32435,7355063.33854,8182984.77375,7355063.33854,9140238.32435,2530.73316191,2548.75850809,2415.04437284,2435.52409501,2415.04437284,2548.75850809,2641.96064541,2843.942674766,2464.025809086,2668.602105032,2464.025809086,2843.942674766,5434662.61754,5894314.91823,4780319.40545,5231858.72691,4780319.40545,5894314.91823
398,0.00737037037,8129274.18118,8947875.65329,7288887.25805,8093329.80882,7288887.25805,8947875.65329,8027949.18118,8846550.65329,7187562.25805,7992004.80882,7187562.25805,8846550.65329,2516.24231697,2534.37371768,2423.82885514,2443.4776765,2423.82885514,2534.37371768,2582.590218588,2779.773822729,2414.992022064,2614.749569268,2414.992022064,2779.773822729,5274977.37696,5721159.64305,4706406.13753,5147076.15675,4706406.13753,5721159.64305
399,0.007388888889,7872642.34503,8665095.38067,7117961.36731,7899012.64412,7117961.36731,8665095.38067,7771317.34503,8563770.38067,7016636.36731,7797687.64412,7016636.36731,8563770.38067,2501.85534939,2520.09345986,2429.79470659,2448.63946125,2429.79470659,2520.09345986,2524.899188795,2717.433692006,2366.49380214,2561.538149068,2366.49380214,2717.433692006,5120693.57554,5553885.56475,4626009.55761,5055552.7725,4626009.55761,5553885.56475
400,0.007407407407,7625621.063,8392944.28579,6944847.62514,7702730.71427,6944847.62514,8392944.28579,7524296.063,8291619.28579,6843522.62514,7601405.71427,6843522.62514,8291619.28579,2487.58014446,2505.92543356,2433.1665451,2451.24305313,2433.1665451,2505.92543356,2468.869488711,2656.901650162,2318.632143335,2509.075567302,2318.632143335,2656.901650162,4971702.97805,5392372.4975,4540267.89347,4958543.15966,4540267.89347,5392372.4975
401,0.007425925926,7387946.70097,8131127.13026,6770687.30079,7505741.44875,6770687.30079,8131127.13026,7286621.70097,8029802.13026,6669362.30079,7404416.44875,6669362.30079,8029802.13026,2473.42381453,2491.87652706,2433.56315848,2451.82483296,2433.56315848,2491.87652706,2414.478501399,2598.152074376,2271.49687397,2457.45694336,2271.49687397,2598.152074376,4827886.65061,5236488.71195,4450268.47534,4857237.07567,4450268.47534,5236488.71195
402,0.007444444444,7159344.40831,7879336.46588,6596517.54071,7309178.97249,6596517.54071,7879336.46588,7058019.40831,7778011.46588,6495192.54071,7207853.97249,6495192.54071,7778011.46588,2459.39276388,2477.95292808,2431.57375235,2450.58385673,2431.57375235,2477.95292808,2361.699603779,2541.155246616,2225.166797628,2406.764939981,2225.166797628,2541.155246616,4689117.34955,5086093.54823,4357032.69366,4752744.0235,4357032.69366,5086093.54823
403,0.007462962963,6939531.41863,7637256.50094,6423265.36942,7114049.54449,6423265.36942,7637256.50094,6838206.41863,7535931.50094,6321940.36942,7012724.54449,6321940.36942,7535931.50094,2445.49273345,2464.16018349,2427.79268387,2447.76956182,2427.79268387,2464.16018349,2310.476041343,2485.878069976,2179.709746235,2357.070042185,2179.709746235,2485.878069976,4555261.40884,4941039.57661,4261503.97149,4646081.84381,4261503.97149,4941039.57661
404,0.007481481481,6728220.41168,7404566.59672,6251745.39483,6921230.43593,6251745.39483,7404566.59672,6626895.41168,7303241.59672,6150420.39483,6819905.43593,6150420.39483,7303241.59672,2431.72884431,2450.50316857,2422.44965941,2443.26876614,2422.44965941,2450.50316857,2260.754123679,2432.284756713,2135.182873622,2308.430962053,2135.182873622,2432.284756713,4426180.62598,4801174.55567,4164539.63836,4538169.19005,4164539.63836,4801174.55567
405,0.0075,6525121.62974,7180944.22627,6082660.4111,6731471.86415,6082660.4111,7180944.22627,6423796.62974,7079619.22627,5981335.4111,6630146.86415,5981335.4111,7079619.22627,2418.10567479,2436.98623413,2415.7640461,2437.30955358,2415.7640461,2437.30955358,2212.554150927,2380.337434612,2091.633081425,2260.89515978,2091.633081425,2380.337434612,4301733.56237,4666343.10781,4066704.64456,4429821.61411,4066704.64456,4666343.10781
406,0.007518518519,6329945.65811,6966067.29547,5916604.38395,6545401.53886,5916604.38395,6966067.29547,6228620.65811,6864742.29547,5815279.38395,6444076.53886,5815279.38395,6864742.29547,2404.62726571,2423.61322294,2407.94201467,2430.10756237,2404.62726571,2430.10756237,2165.840018779,2329.996629086,2049.097528942,2214.499468487,2049.097528942,2329.996629086,4181777.05624,4536388.07574,3967973.98142,4321750.88316,3967973.98142,4536388.07574
407,0.007537037037,6142404.51724,6759615.84031,5754067.47622,6363531.34129,5754067.47622,6759615.84031,6041079.51724,6658290.84031,5652742.47622,6262206.34129,5652742.47622,6658290.84031,2391.29730679,2410.38754004,2399.1744079,2421.86353085,2391.29730679,2421.86353085,2120.574326546,2281.221604842,2007.60422589,2169.27080745,2007.60422589,2281.221604842,4066167.08326,4411151.5877,3869999.44877,4214567.0743,3869999.44877,4411151.5877
408,0.007555555556,5962213.94502,6561274.14255,5595442.70611,6186265.64529,5595442.70611,6561274.14255,5860888.94502,6459949.14255,5494117.70611,6084940.64529,5494117.70611,6459949.14255,2378.11899281,2397.31210177,2389.63531237,2412.76157361,2378.11899281,2412.76157361,2076.718994949,2233.970885499,1967.172698879,2125.226965973,1967.172698879,2233.970885499,3954759.94268,4290476.25417,3773255.25102,4108782.95107,3773255.25102,4290476.25417
409,0.007574074074,5789093.77615,6370730.87399,5440884.27248,6013910.79964,5440884.27248,6370730.87399,5687768.77615,6269405.87399,5339559.27248,5912585.79964,5339559.27248,6269405.87399,2365.09513375,2384.38947377,2379.48128569,2402.96814857,2365.09513375,2402.96814857,2034.235276856,2188.202191127,1927.81471431,2082.377438504,1927.81471431,2188.202191127,3847412.72818,4174205.53558,3678132.50331,4004820.11277,3678132.50331,4174205.53558
410,0.007592592593,5622770.07974,6187681.63818,5290154.59402,5846685.31915,5290154.59402,6187681.63818,5521445.07974,6086356.63818,5188829.59402,5745360.31915,5188829.59402,6086356.63818,2352.22818295,2371.62191622,2368.85117047,2392.63165188,2352.22818295,2392.63165188,1993.084399532,2143.873168472,1889.535039225,2040.724290756,1889.535039225,2143.873168472,3743984.4132,4062185.04739,3584945.78736,3903016.42038,3584945.78736,4062185.04739
411,0.007611111111,5462974.89465,6011829.59109,5144130.03132,5684730.34844,5144130.03132,6011829.59109,5361649.89465,5910504.59109,5042805.03132,5583405.34844,5042805.03132,5910504.59109,2339.52026795,2359.011321,2357.86641818,2381.88256027,2339.52026795,2381.88256027,1953.227434277,2100.941572354,1852.332221355,2000.263026076,1852.332221355,2100.941572354,3644250.49572,3954263.00456,3493940.4996,3803634.22891,3493940.4996,3954263.00456
412,0.00762962963,5309447.4936,5842885.68581,5002883.66658,5528120.10273,5002883.66658,5842885.68581,5208122.4936,5741560.68581,4901558.66658,5426795.10273,4901558.66658,5741560.68581,2326.9731919,2346.55929369,2346.63182192,2370.83403014,2326.9731919,2370.83403014,1914.625699428,2059.365330933,1816.199370197,1960.983453505,1816.199370197,2059.365330933,3548069.19324,3850290.52648,3405300.61155,3706869.03261,3405300.61155,3850290.52648
413,0.007648148148,5161934.56042,5680569.34639,4866436.93981,5376872.05932,4866436.93981,5680569.34639,5060609.56042,5579244.34639,4765111.93981,5275547.05932,4765111.93981,5579244.34639,2314.58851213,2334.26717252,2335.23653945,2359.58285683,2314.58851213,2359.58285683,1877.240827029,2019.102770768,1781.124922218,1922.870569984,1781.124922218,2019.102770768,3455412.38915,3750122.08727,3319156.51557,3612858.17956,3319156.51557,3750122.08727
414,0.007666666667,5020190.58057,5524608.80691,4734768.16445,5230956.38672,4734768.16445,5524608.80691,4918865.58057,5423283.80691,4633443.16445,5129631.38672,4633443.16445,5423283.80691,2302.36749604,2322.13603336,2323.75538022,2348.21072665,2302.36749604,2348.21072665,1841.034913575,1980.112755207,1747.093260284,1885.905332328,1747.093260284,1980.112755207,3366148.94141,3653615.79995,3235592.693,3521689.29139,3235592.693,3653615.79995
415,0.007685185185,4883978.1789,5374741.38511,4607820.39253,5090304.70582,4607820.39253,5374741.38511,4782653.1789,5273416.38511,4506495.39253,4988979.70582,4506495.39253,5273416.38511,2290.31123172,2310.16678262,2312.25021924,2336.78553819,2290.31123172,2336.78553819,1805.970672536,1942.354819299,1714.085735257,1850.065403494,1714.085735257,1942.354819299,3280151.13529,3560633.64627,3154654.97514,3433408.24447,3154654.97514,3560633.64627
416,0.007703703704,4753068.14424,5230713.59266,4484377.68773,4953596.6199,4484377.68773,5230713.59266,4651743.14424,5129388.59266,4383052.68773,4852271.6199,4383052.68773,5129388.59266,2278.42046432,2298.36006105,2300.2110591,2324.7276512,2278.42046432,2324.7276512,1772.011489109,1905.789258615,1681.958361405,1815.20501125,1681.958361405,1905.789258615,3197295.08646,3471041.63255,3075170.8231,3346945.48447,3075170.8231,3471041.63255
417,0.007722222222,4627239.54654,5092281.17246,4365800.26969,4822295.31052,4365800.26969,5092281.17246,4525914.54654,4990956.17246,4264475.26969,4720970.31052,4264475.26969,4990956.17246,2266.69582598,2286.71634151,2288.3850382,2312.88141203,2266.69582598,2312.88141203,1739.121519946,1870.377211196,1650.844976618,1781.452441492,1650.844976618,1870.377211196,3117460.53423,3384709.8792,2998662.01196,3264007.4176,2998662.01196,3384709.8792
418,0.007740740741,4506279.6218,4959208.83302,4251878.28176,4696166.26466,4251878.28176,4959208.83302,4404954.6218,4857883.83302,4150553.28176,4594841.26466,4150553.28176,4857883.83302,2255.13774047,2275.23591683,2276.76968639,2301.24413009,2255.13774047,2301.24413009,1707.265703244,1836.080603394,1620.712614344,1748.77070942,1620.712614344,1836.080603394,3040531.11692,3301512.67015,2925007.75558,3184153.16071,2925007.75558,3301512.67015
419,0.007759259259,4389983.76749,4831270.71897,4142410.38484,4574984.59456,4142410.38484,4831270.71897,4288658.76749,4729945.71897,4041085.38484,4473659.59456,4041085.38484,4729945.71897,2243.74644073,2263.91891823,2265.36242014,2289.81366798,2243.74644073,2289.81366798,1676.409840954,1802.862437305,1591.528176375,1717.123784754,1591.528176375,1802.862437305,2966394.35235,3221328.58324,2854091.73137,3107257.30144,2854091.73137,3221328.58324
420,0.007777777778,4278155.50343,4708249.89845,4037203.59979,4458534.84741,4037203.59979,4708249.89845,4176830.50343,4606924.89845,3935878.59979,4357209.84741,3935878.59979,4606924.89845,2232.52192741,2252.76531728,2254.16056104,2278.58749427,2232.52192741,2278.58749427,1646.520647592,1770.686676799,1563.259880729,1686.476622742,1563.259880729,1770.686676799,2894941.63799,3144040.38274,2785802.02395,3033199.50076,2785802.02395,3144040.38274
421,0.007796296296,4170606.20751,4589938.19969,3936073.11404,4346610.78099,3936073.11404,4589938.19969,4069281.20751,4488613.19969,3834748.11404,4245285.78099,3834748.11404,4488613.19969,2221.46414066,2241.77495156,2243.16135241,2267.56290938,2221.46414066,2267.56290938,1617.565743548,1739.518264684,1535.876988935,1656.795184964,1535.876988935,1739.518264684,2826068.18694,3069535.01694,2719848.83149,2961864.22081,2719848.83149,3069535.01694
422,0.007814814815,4067120.12686,4476136.08373,3838842.07267,4239015.11292,3838842.07267,4476136.08373,3965795.12686,4374811.08373,3737517.07267,4137690.11292,3737517.07267,4374811.08373,2210.57282476,2230.94752213,2232.36197412,2256.73718805,2210.57282476,2256.73718805,1589.51367391,1709.323173535,1509.34954668,1628.046451465,1509.34954668,1709.323173535,2759673.04457,2997703.57498,2656323.88041,2893140.33186,2656323.88041,2997703.57498
423,0.007833333333,3967454.4753,4366652.39656,3745341.352,4135559.25021,3745341.352,4366652.39656,3866129.4753,4265327.39656,3644016.352,4034234.25021,3644016.352,4265327.39656,2199.84750896,2220.28259395,2221.75955579,2246.10754995,2199.84750896,2246.10754995,1562.333931159,1680.068403306,1483.648503807,1600.198425442,1483.648503807,1680.068403306,2695658.98051,2928558.12119,2595128.81489,2826921.16028,2595128.81489,2928558.12119
424,0.007851851852,3871558.73177,4261304.12645,3655409.3054,4036063.00458,3655409.3054,4261304.12645,3770233.73177,4159979.12645,3554084.3054,3934738.00458,3554084.3054,4159979.12645,2189.2876753,2209.77964677,2211.35118852,2235.67117176,2189.2876753,2235.67117176,1535.996950937,1651.721982609,1458.708689646,1573.220131711,1458.708689646,1651.721982609,2633932.44323,2861937.51113,2536167.574,2763104.3787,2536167.574,2861937.51113
425,0.00787037037,3779273.1406,4159916.1482,3568891.50651,3940354.29831,3568891.50651,4159916.1482,3677948.1406,4058591.1482,3467566.50651,3839029.29831,3467566.50651,4058591.1482,2178.89266237,2199.43802117,2201.13393521,2225.42519791,2178.89266237,2225.42519791,1510.474108038,1624.25296457,1434.530683314,1547.081609874,1434.530683314,1624.25296457,2574403.47259,2797675.27284,2479348.12683,2701591.88654,2479348.12683,2797675.27284
426,0.007888888889,3690444.9227,4062320.95751,3485640.48656,3848268.86165,3485640.48656,4062320.95751,3589119.9227,3960995.95751,3384315.48656,3746943.86165,3384315.48656,3960995.95751,2168.66168963,2189.25697937,2191.10482345,2215.366746,2168.66168963,2215.366746,1485.73771124,1597.631417366,1411.100436154,1521.753908788,1411.100436154,1597.631417366,2516985.63482,2735679.17037,2424582.33036,2642289.68001,2424582.33036,2735679.17037
427,0.007907407407,3604927.97638,3968358.40038,3405515.46355,3759649.9231,3405515.46355,3968358.40038,3503602.97638,3867033.40038,3304190.46355,3658324.9231,3304190.46355,3867033.40038,2158.59382598,2179.23563555,2181.26086106,2205.49290698,2158.59382598,2205.49290698,1461.760987009,1571.828410924,1388.392291428,1497.209064317,1388.392291428,1571.828410924,2461595.86367,2675860.55032,2371785.80145,2585107.71231,2371785.80145,2675860.55032
428,0.007925925926,3522582.61604,3877875.4003,3328382.08627,3674347.91784,3328382.08627,3877875.4003,3421257.61604,3776550.4003,3227057.08627,3573022.91784,3227057.08627,3776550.4003,2148.68813072,2169.37307285,2171.59907883,2195.80078059,2148.68813072,2195.80078059,1438.518069817,1546.816000484,1366.38146568,1473.420073417,1366.38146568,1546.816000484,2408154.46788,2618134.35863,2320877.81744,2529959.78197,2320877.81744,2618134.35863
429,0.007944444444,3443275.37878,3790725.66291,3254112.17279,3592220.19135,3254112.17279,3790725.66291,3341950.37878,3689400.66291,3152787.17279,3490895.19135,3152787.17279,3689400.66291,2138.94343701,2159.66828258,2162.11651064,2186.28746645,2138.94343701,2186.28746645,1415.983975831,1522.567216614,1345.044039899,1450.360883933,1345.044039899,1522.567216614,2356584.86518,2562418.88488,2271781.16069,2476763.38487,2271781.16069,2562418.88488
430,0.007962962963,3366878.7667,3706769.45498,3182583.45073,3513130.70454,3182583.45073,3706769.45498,3265553.7667,3605444.45498,3081258.45073,3411805.70454,3081258.45073,3605444.45498,2129.35860785,2150.12011667,2152.81019904,2176.95006991,2129.35860785,2176.95006991,1394.134594785,1499.056023475,1324.356940093,1428.006372323,1324.356940093,1499.056023475,2306813.68318,2508635.74039,2224421.98414,2425439.57685,2224421.98414,2508635.74039
431,0.007981481481,3293270.94597,3625873.31745,3113679.30243,3436949.7681,3113679.30243,3625873.31745,3191945.94597,3524548.31745,3012354.30243,3335624.7681,3012354.30243,3524548.31745,2119.93234311,2140.72740923,2143.67722138,2167.78570712,2119.93234311,2167.78570712,1372.946669725,1476.257297304,1304.297916411,1406.332319141,1304.297916411,1476.257297304,2258770.45281,2456709.71455,2178729.70474,2375912.83689,2178729.70474,2456709.71455
432,0.008,3222335.61519,3547909.79461,3047288.51582,3363553.75995,3047288.51582,3547909.79461,3121010.61519,3446584.79461,2945963.51582,3262228.75995,2945963.51582,3446584.79461,2110.66330461,2131.48893165,2134.71469215,2158.79150961,2110.66330461,2158.79150961,1352.397762093,1454.146829382,1284.845521136,1385.315388073,1284.845521136,1454.146829382,2212387.66016,2406568.71379,2134636.87272,2328110.93156,2134636.87272,2406568.71379
433,0.008018518519,3153961.73077,3472757.18286,2983305.04227,3292824.78717,2983305.04227,3472757.18286,3052636.73077,3371432.18286,2881980.04227,3191499.78717,2881980.04227,3371432.18286,2101.55011927,2122.40336024,2125.91970017,2149.96462832,2101.55011927,2149.96462832,1332.466263422,1432.701276826,1265.979085963,1364.933100197,1265.979085963,1432.701276826,2167600.61375,2358143.56484,2092078.957,2281964.78167,2092078.957,2358143.56484
434,0.008037037037,3088043.1988,3400299.21046,2921627.76193,3224650.45776,2921627.76193,3400299.21046,2986718.1988,3298974.21046,2820302.76193,3123325.45776,2820302.76193,3298974.21046,2092.59126901,2113.4693307,2117.28935841,2141.30223736,2092.59126901,2141.30223736,1313.13131218,1411.898151765,1247.678698767,1345.163803331,1247.678698767,1411.898151765,2124347.204,2311367.96504,2050994.2747,2237408.33179,2050994.2747,2311367.96504
435,0.008055555556,3024478.75388,3330424.95598,2862160.25727,3158923.62678,2862160.25727,3330424.95598,2923153.75388,3229099.95598,2760835.25727,3057598.62678,2760835.25727,3229099.95598,2083.78521599,2104.68539674,2108.82080919,2132.80153731,2083.78521599,2132.80153731,1294.372826175,1391.71578573,1229.925180186,1325.986646035,1229.925180186,1391.71578573,2082567.95096,2266178.33366,2011323.8719,2194378.42317,2011323.8719,2266178.33366
436,0.008074074074,2963171.73897,3263028.44536,2804810.59496,3095542.15203,2804810.59496,3263028.44536,2861846.73897,3161703.44536,2703485.59496,2994217.15203,2703485.59496,3161703.44536,2075.13038619,2096.05010834,2100.51122785,2124.45975836,2075.13038619,2124.45975836,1276.171462831,1372.133303614,1212.700060182,1307.38155177,1212.700060182,1372.133303614,2042205.88157,2222513.79021,1973011.4067,2152814.67045,1973011.4067,2222513.79021
437,0.008092592593,2904029.84219,3198008.64714,2749491.11626,3034408.6595,2749491.11626,3198008.64714,2802704.84219,3096683.64714,2648166.11626,2933083.6595,2648166.11626,3096683.64714,2066.62513135,2087.56194968,2092.35782598,2116.27416308,2066.62513135,2116.27416308,1258.508578806,1353.130614106,1195.985554746,1289.329193301,1195.985554746,1353.130614106,2003206.36697,2180315.95538,1936003.03619,2112659.34217,1936003.03619,2180315.95538
438,0.008111111111,2846964.95035,3135268.9278,2696118.23592,2975430.31848,2696118.23592,3135268.9278,2745639.95035,3033943.9278,2594793.23592,2874105.31848,2594793.23592,3033943.9278,2058.26777528,2079.21936283,2084.35785422,2108.2420488,2058.26777528,2108.2420488,1241.366214033,1334.688352318,1179.764542901,1271.810967505,1179.764542901,1334.688352318,1965517.08731,2139528.88113,1900247.30715,2073857.24535,1900247.30715,2139528.88113
439,0.00812962963,2791892.94931,3074717.13316,2644612.2492,2918660.54371,2644612.2492,3074717.13316,2690567.94931,2973392.13316,2543287.2492,2817335.54371,2543287.2492,2973392.13316,2050.05661029,2071.02075296,2076.50860454,2100.3607497,2050.05661029,2100.3607497,1224.72709899,1316.787883665,1164.020543997,1254.808970525,1164.020543997,1316.787883665,1929087.92734,2100098.95408,1865695.0505,2036355.61394,1865695.0505,2100098.95408
440,0.008148148148,2738733.53149,3016265.25234,2594897.14685,2863914.2226,2594897.14685,3016265.25234,2637408.53149,2914940.25234,2493572.14685,2762589.2226,2493572.14685,2914940.25234,2041.98989571,2062.96448474,2068.80741187,2092.62761158,2041.98989571,2092.62761158,1208.57457693,1299.411264589,1148.73769533,1238.30597332,1148.73769533,1299.411264589,1893870.87675,2061974.78749,1832299.27921,2000103.96366,1832299.27921,2061974.78749
441,0.008166666667,2687410.02042,2959829.25218,2546900.43785,2811056.92931,2546900.43785,2959829.25218,2586085.02042,2858504.25218,2445575.43785,2709731.92931,2445575.43785,2858504.25218,2034.06586322,2055.04891512,2061.2516552,2085.04007465,2034.06586322,2085.04007465,1192.89263168,1282.541220983,1133.900730192,1222.285397637,1133.900730192,1282.541220983,1859819.94404,2025107.18297,1800015.08966,1965054.10097,1800015.08966,2025107.18297
442,0.008185185185,2637849.2036,2905328.88915,2500548.73465,2760012.84767,2500548.73465,2905328.88915,2536524.2036,2804003.88915,2399223.73465,2658687.84767,2399223.73465,2804003.88915,2026.28272238,2047.27237441,2053.83875822,2077.59559183,2026.28272238,2077.59559183,1177.664810982,1266.161123512,1119.494956283,1206.731292344,1119.494956283,1266.161123512,1826891.07403,1989448.97806,1768799.56652,1931159.91017,1768799.56652,1989448.97806
443,0.008203703704,2589981.17244,2852775.36482,2455704.19551,2710709.64266,2455704.19551,2852775.36482,2488656.17244,2751450.36482,2354379.19551,2609384.64266,2354379.19551,2751450.36482,2018.63866564,2039.63308822,2046.56618954,2070.29165724,2018.63866564,2070.29165724,1162.864152032,1250.254964272,1105.506234555,1191.62831024,1105.506234555,1250.254964272,1795042.06796,1954954.85673,1738611.69115,1898377.29492,1738611.69115,1954954.85673
444,0.008222222222,2543739.17081,2802008.92605,2412385.40422,2663078.29178,2412385.40422,2802008.92605,2442414.17081,2700683.92605,2311060.40422,2561753.29178,2311060.40422,2700683.92605,2011.13187387,2032.12944764,2039.43146265,2063.12580656,2011.13187387,2063.12580656,1148.490268253,1234.807334004,1091.920958542,1176.96168535,1091.920958542,1234.807334004,1764232.50789,1921581.6914,1709412.25354,1866664.08584,1709412.25354,1921581.6914
445,0.008240740741,2499059.44222,2752952.47342,2370531.94531,2617052.92406,2370531.94531,2752952.47342,2397734.44222,2651627.47342,2269206.94531,2515727.92406,2269206.94531,2651627.47342,2003.76051717,2024.75961075,2032.4321357,2056.09561721,2003.76051717,2056.09561721,1134.529350287,1219.803400302,1078.726034197,1162.717210758,1078.726034197,1219.803400302,1734423.67629,1889287.79575,1681163.76799,1835979.95201,1681163.76799,1889287.79575
446,0.008259259259,2455881.06266,2705539.82934,2330086.17312,2572570.6666,2330086.17312,2705539.82934,2354556.06266,2604214.82934,2228761.17312,2471245.6666,2228761.17312,2604214.82934,1996.52274507,2017.52195262,2025.56581116,2049.19870838,1996.52274507,2049.19870838,1120.968099579,1205.228888371,1065.90886028,1148.881217029,1065.90886028,1205.228888371,1705578.46,1858033.6058,1653830.39236,1806286.31614,1653830.39236,1858033.6058
447,0.008277777778,2414145.81666,2659707.30971,2290993.07521,2529571.49846,2290993.07521,2659707.30971,2312820.81666,2558382.30971,2189668.07521,2428246.49846,2189668.07521,2558382.30971,1989.41669721,2010.41460025,2018.83013546,2042.432741,1989.41669721,2042.432741,1107.793710175,1191.070050944,1053.457309329,1135.440551286,1053.457309329,1191.070050944,1677661.29175,1827780.78847,1627377.85097,1777546.27356,1627377.85097,1827780.78847
448,0.008296296296,2373797.98766,2615394.37273,2253200.10871,2487998.11156,2253200.10871,2615394.37273,2272472.98766,2514069.37273,2151875.10871,2386673.11156,2151875.10871,2514069.37273,1982.44046793,2003.43586176,2012.2227825,2035.79541757,1982.44046793,2035.79541757,1094.993830906,1177.31365226,1041.359706283,1122.382549127,1041.359706283,1177.31365226,1650638.01284,1798492.91115,1601773.33195,1749724.51479,1601773.33195,1798492.91115
449,0.008314814815,2334784.55363,2572543.25651,2216657.09536,2447795.74928,2216657.09536,2572543.25651,2233459.55363,2471218.25651,2115332.09536,2346470.74928,2115332.09536,2471218.25651,1975.59225891,1996.5840291,2005.74146265,2029.28446902,1975.59225891,2029.28446902,1082.556620173,1163.946900697,1029.604806902,1109.695016383,1029.604806902,1163.946900697,1624476.08406,1770135.1016,1576985.4338,1722787.22669,1576985.4338,1770135.1016
450,0.008333333333,2297054.61338,2531098.40845,2181316.17057,2408912.13456,2181316.17057,2531098.40845,2195729.61338,2429773.40845,2079991.17057,2307587.13456,2079991.17057,2429773.40845,1968.87016609,1989.85730762,1999.38395317,2022.89767889,1968.87016609,2022.89767889,1070.470623442,1150.957549427,1018.181796457,1097.366230278,1018.181796457,1150.957549427,1599144.12804,1742673.68836,1552984.15532,1696702.06867,1552984.15532,1742673.68836
451,0.008351851852,2260559.80765,2491006.87161,2147131.62167,2371297.3314,2147131.62167,2491006.87161,2159234.80765,2389681.87161,2045806.62167,2269972.3314,2045806.62167,2389681.87161,1962.27243116,1983.25392525,1993.14807346,2016.63287403,1962.27243116,2016.63287403,1058.724880971,1138.333785328,1007.080264346,1085.384907957,1007.080264346,1138.333785328,1574612.32766,1716076.49231,1529740.788,1671438.08859,1529740.788,1716076.49231
452,0.00837037037,2225253.61397,2452217.86631,2114059.78228,2334903.62584,2114059.78228,2452217.86631,2123928.61397,2350892.86631,2012734.78228,2233578.62584,2012734.78228,2350892.86631,1955.79716804,1976.77205706,1987.03168452,2010.48792182,1955.79716804,2010.48792182,1047.308768318,1126.064230172,996.290187871,1073.740188818,996.290187871,1126.064230172,1550851.85819,1690312.5463,1507227.8554,1646965.65399,1507227.8554,1690312.5463
453,0.008388888889,2191091.78424,2414683.12097,2082058.93199,2299685.41814,2082058.93199,2414683.12097,2089766.78424,2313358.12097,1980733.93199,2198360.41814,1980733.93199,2313358.12097,1949.4426056,1970.41003536,1981.03268843,2004.46072969,1949.4426056,2004.46072969,1036.21211217,1114.137930345,985.801916816,1062.421617596,985.801916816,1114.137930345,1527835.28662,1665352.42032,1485419.05555,1623256.39104,1485419.05555,1665352.42032
454,0.008407407407,2158031.79297,2378356.27807,2051089.20344,2265599.12042,2051089.20344,2378356.27807,2056706.79297,2277031.27807,1949764.20344,2164274.12042,1949764.20344,2277031.27807,1943.20689099,1964.16611547,1975.14902868,1998.5492448,1943.20689099,1998.5492448,1025.425060623,1102.544346001,975.606158707,1051.419128521,975.606158707,1102.544346001,1505536.1402,1641167.73554,1464289.20788,1600283.12642,1464289.20788,1641167.73554
455,0.008425925926,2126033.23176,2343193.00126,2021112.51986,2232603.05957,2021112.51986,2343193.00126,2024708.23176,2241868.00126,1919787.51986,2131278.05957,1919787.51986,2241868.00126,1937.08829868,1958.03857537,1969.37870101,1992.75145355,1937.08829868,1992.75145355,1014.938193559,1091.273284419,965.693964566,1040.723038012,965.693964566,1091.273284419,1483929.25669,1617731.29174,1443814.22346,1578019.83207,1443814.22346,1617731.29174
456,0.008444444444,2095057.19858,2309150.98929,1992092.45508,2200657.385,1992092.45508,2309150.98929,1993732.19858,2207825.98929,1890767.45508,2099332.385,1890767.45508,2207825.98929,1931.08501516,1952.02571377,1963.7197303,1987.06538114,1931.08501516,1987.06538114,1004.742370852,1080.31493755,956.056715292,1030.324015532,956.056715292,1080.31493755,1462990.3103,1595017.07371,1423971.01117,1556441.57255,1423971.01117,1595017.07371
457,0.008462962963,2065066.55408,2276189.52637,1963994.16622,2169723.98127,1963994.16622,2276189.52637,1963741.55408,2174864.52637,1862669.16622,2068398.98127,1862669.16622,2174864.52637,1925.19527705,1946.12580147,1958.17017586,1981.4890911,1925.19527705,1981.4890911,994.828808747,1069.65993251,946.686108569,1020.213070711,946.686108569,1069.65993251,1442696.03992,1572999.97172,1404737.44192,1535524.45492,1404737.44192,1572999.97172
458,0.008481481481,2036025.75702,2244269.92238,1936784.32781,2139766.38502,1936784.32781,2244269.92238,1934700.75702,2142944.92238,1835459.32781,2038441.38502,1835459.32781,2142944.92238,1919.41733847,1940.33718415,1952.72813542,1976.02068483,1919.41733847,1976.02068483,985.189043828,1059.299163956,937.574146315,1010.38154368,937.574146315,1059.299163956,1423024.13657,1551656.09103,1386092.31291,1515245.58116,1386092.31291,1551656.09103
459,0.0085,2007900.79028,2213354.87417,1910431.059,2110749.70628,1910431.059,2213354.87417,1906575.79028,2112029.87417,1809106.059,2009424.70628,1809106.059,2112029.87417,1913.7494724,1934.6581543,1947.3917446,1970.65830107,1913.7494724,1970.65830107,975.814920715,1049.223876738,928.71312264,1000.821091954,928.71312264,1049.223876738,1403953.20234,1530962.31649,1368015.30507,1495583.00275,1368015.30507,1530962.31649
460,0.008518518519,1980659.08996,2183408.76629,1884903.8545,2082640.55375,1884903.8545,2183408.76629,1879334.08996,2082083.76629,1783578.8545,1981315.55375,1783578.8545,2082083.76629,1908.18997179,1929.08706779,1942.15917635,1965.40011541,1908.18997179,1965.40011541,966.698580084,1039.425612698,920.095612314,991.523677819,920.095612314,1039.425612698,1385462.71072,1510896.55302,1350486.94259,1476515.67763,1350486.94259,1510896.55302
461,0.008537037037,1954269.47765,2154397.68159,1860173.51909,2055406.96389,1860173.51909,2154397.68159,1852944.47765,2053072.68159,1758848.51909,1954081.96389,1758848.51909,2053072.68159,1902.73715034,1923.62232306,1937.02864039,1960.24433974,1902.73715034,1960.24433974,957.832447093,1029.896234138,911.714459708,982.481556259,911.714459708,1029.896234138,1367532.96852,1491437.71699,1333488.55454,1458023.4291,1333488.55454,1491437.71699
462,0.008555555556,1928702.09613,2126288.83173,1836212.10555,2029018.33375,1836212.10555,2126288.83173,1827377.09613,2024963.83173,1734887.10555,1927693.33375,1734887.10555,2024963.83173,1897.38934325,1918.26226461,1931.99838269,1955.18922181,1897.38934325,1955.18922181,949.209220301,1020.627897144,903.562768194,973.687263407,903.562768194,1020.627897144,1350145.07947,1472565.36069,1317002.23827,1440086.90683,1317002.23827,1472565.36069
463,0.008574074074,1903928.3497,2099050.9631,1812992.85575,2003445.35705,1812992.85575,2099050.9631,1802603.3497,1997725.9631,1711667.85575,1902120.35705,1711667.85575,1997725.9631,1892.14490826,1913.00530351,1927.06668486,1950.23304461,1892.14490826,1950.23304461,940.821861507,1011.61304012,895.63389,965.133605479,895.63389,1011.61304012,1333280.91061,1454259.97148,1301010.82466,1422687.54973,1301010.82466,1454259.97148
464,0.008592592593,1879920.85287,2072654.11495,1790490.14481,1978659.96372,1790490.14481,2072654.11495,1778595.85287,1971329.11495,1689165.14481,1877334.96372,1689165.14481,1971329.11495,1887.00222863,1907.84986409,1922.23186364,1945.37412591,1887.00222863,1945.37412591,932.663587634,1002.844373589,887.921416501,956.813648166,887.921416501,1002.844373589,1316923.0643,1436502.80387,1285497.84511,1405807.55063,1285497.84511,1436502.80387
465,0.008611111111,1856653.35859,2047069.55046,1768679.42812,1954635.26242,1768679.42812,2047069.55046,1755328.35859,1945744.55046,1667354.42812,1853310.26242,1667354.42812,1945744.55046,1881.95970808,1902.79438018,1917.49227031,1940.61081771,1881.95970808,1940.61081771,924.72785589,994.314871562,880.41916889,948.720706498,880.41916889,994.314871562,1301054.83417,1419275.83845,1270447.50011,1389429.8227,1270447.50011,1419275.83845
466,0.00862962963,1834100.71166,2022269.71923,1747537.19109,1931345.48598,1747537.19109,2022269.71923,1732775.71166,1920944.71923,1646212.19109,1830020.48598,1646212.19109,1920944.71923,1877.01577302,1897.83732089,1912.84629018,1935.94150571,1877.01577302,1935.94150571,917.008356202,986.017755493,873.121189283,940.848335141,873.121189283,986.017755493,1285660.17938,1402561.77581,1255844.62938,1373537.96748,1255844.62938,1402561.77581
467,0.008648148148,1812238.80133,1998228.2633,1727040.9015,1908765.93969,1727040.9015,1998228.2633,1710913.80133,1896903.2633,1625715.9015,1807440.93969,1625715.9015,1896903.2633,1872.16887381,1892.97716681,1908.29234201,1931.36460881,1872.16887381,1931.36460881,909.499002977,977.946487383,866.02173219,933.190319088,866.02173219,977.946487383,1270723.69772,1386344.02477,1241674.68347,1358116.24449,1241674.68347,1386344.02477
468,0.008666666667,1791044.51403,1974919.86839,1707168.96424,1886872.95215,1707168.96424,1974919.86839,1689719.51403,1873594.86839,1605843.96424,1785547.95215,1605843.96424,1873594.86839,1867.41748509,1888.21242029,1903.82887748,1926.87857857,1867.41748509,1926.87857857,902.19392655,970.094761162,859.11525633,925.740664781,859.11525633,970.094761162,1256230.59827,1370606.62513,1227923.69676,1343149.54231,1227923.69676,1370606.62513
469,0.008685185185,1770495.6883,1952320.27247,1687900.6784,1865643.82868,1687900.6784,1952320.27247,1669170.6883,1850995.27247,1586575.6784,1764318.82868,1586575.6784,1850995.27247,1862.76010597,1883.54161064,1899.45438068,1922.48189871,1862.76010597,1922.48189871,895.087464956,962.456493825,852.396416826,918.493591593,852.396416826,962.456493825,1242166.67522,1355334.25457,1214578.26175,1328623.35105,1214578.26175,1355334.25457
470,0.008703703704,1750571.07193,1930406.20488,1669216.19652,1845056.80701,1669216.19652,1930406.20488,1649246.07193,1829081.20488,1567891.19652,1743731.80701,1567891.19652,1829081.20488,1858.19526022,1878.96328964,1895.16736756,1918.17308459,1858.19526022,1918.17308459,888.174156025,955.025816966,845.86005773,911.443523673,845.86005773,955.025816966,1228518.28286,1340512.19125,1201625.50468,1314523.73619,1201625.50468,1340512.19125
471,0.008722222222,1731250.28141,1909155.34068,1651096.48598,1825091.01525,1651096.48598,1909155.34068,1629925.28141,1807830.34068,1549771.48598,1723766.01525,1549771.48598,1807830.34068,1853.72149649,1874.47603135,1890.96638542,1913.95068275,1853.72149649,1913.95068275,881.448729873,947.797068657,839.501204833,904.585082183,839.501204833,947.797068657,1215272.31193,1326126.28736,1189053.06225,1300837.31367,1189053.06225,1326126.28736
472,0.008740740741,1712513.76322,1888546.25784,1633523.29223,1805726.43202,1633523.29223,1888546.25784,1611188.76322,1787221.25784,1532198.29223,1704401.43202,1532198.29223,1787221.25784,1849.33738833,1870.07843199,1886.85001241,1909.81327035,1849.33738833,1909.81327035,874.906101685,940.764785746,833.31505884,897.913077811,833.31505884,940.764785746,1202416.16682,1312162.94435,1176849.05956,1287551.22616,1176849.05956,1312162.94435
473,0.008759259259,1694342.75712,1868558.40042,1616479.10401,1786943.84848,1616479.10401,1868558.40042,1593017.75712,1767233.40042,1515154.10401,1685618.84848,1515154.10401,1767233.40042,1845.04153433,1865.76911114,1882.81685703,1905.75945477,1845.04153433,1905.75945477,868.541364795,933.923696387,827.296988791,891.422503648,827.296988791,933.923696387,1189937.74405,1298609.09223,1165002.08903,1274653.1205,1165002.08903,1298609.09223
474,0.008777777778,1676719.26118,1849172.04297,1599947.12022,1768724.83238,1599947.12022,1849172.04297,1575394.26118,1747847.04297,1498622.12022,1667399.83238,1498622.12022,1747847.04297,1840.83255812,1861.54671234,1878.86555761,1901.78787304,1840.83255812,1901.78787304,862.349784065,927.268712959,821.44252578,885.108528365,821.44252578,927.268712959,1177825.41157,1285452.16913,1153501.19045,1262131.12627,1153501.19045,1285452.16913
475,0.008796296296,1659625.99867,1830368.26916,1583911.21849,1751051.69379,1583911.21849,1830368.26916,1558300.99867,1729043.26916,1482586.21849,1649726.69379,1482586.21849,1729043.26916,1836.70910843,1857.4099078,1874.99478188,1897.89719147,1836.70910843,1897.89719147,856.326789578,920.794925295,815.747356964,878.966489668,815.747356964,920.794925295,1166067.98916,1272680.11106,1142335.83187,1249973.83528,1142335.83187,1272680.11106
476,0.008814814815,1643046.38632,1812128.90614,1568355.92538,1733907.45265,1568355.92538,1812128.90614,1541721.38632,1710803.90614,1467030.92538,1632582.45265,1467030.92538,1710803.90614,1832.66985898,1853.35738967,1871.20322647,1894.08610511,1832.66985898,1894.08610511,850.467970523,914.497594112,810.207319781,872.991888058,810.207319781,914.497594112,1154654.72961,1260281.30959,1131495.89156,1238170.28215,1131495.89156,1260281.30959
477,0.008833333333,1626964.50447,1794436.48297,1553266.38798,1717275.80786,1553266.38798,1794436.48297,1525639.50447,1693111.48297,1451941.38798,1615950.80786,1451941.38798,1693111.48297,1828.71350856,1849.38786708,1867.48961645,1890.35333734,1828.71350856,1890.35333734,844.76906944,908.372144835,804.818396475,867.180380836,804.818396475,908.372144835,1143575.30091,1248244.58616,1120971.64068,1226709.92576,1120971.64068,1248244.58616
478,0.008851851852,1611365.06837,1777274.25284,1538628.34697,1701141.10794,1538628.34697,1777274.25284,1510040.06837,1675949.25284,1437303.34697,1599816.10794,1437303.34697,1675949.25284,1824.83878083,1845.50008185,1863.85270486,1886.69763943,1824.83878083,1886.69763943,839.225976625,902.414161596,799.576708796,861.527776384,799.576708796,902.414161596,1132819.76913,1236559.21222,1110753.72692,1215582.63162,1110753.72692,1236559.21222
479,0.00887037037,1596233.40107,1760626.1272,1524428.11106,1685488.32309,1524428.11106,1760626.1272,1494908.40107,1659301.1272,1423103.11106,1584163.32309,1423103.11106,1659301.1272,1821.04442434,1841.69279763,1860.29127234,1883.11779012,1821.04442434,1883.11779012,833.834724808,896.619381506,794.478512985,856.030028695,794.478512985,896.619381506,1122378.58215,1225214.8656,1100833.15883,1204778.65505,1100833.15883,1225214.8656
480,0.008888888889,1581555.40755,1744476.65448,1510652.53259,1670303.01872,1510652.53259,1744476.65448,1480230.40755,1643151.65448,1409327.53259,1568978.01872,1409327.53259,1643151.65448,1817.32921238,1837.96480195,1856.8041266,1879.61259515,1817.32921238,1879.61259515,828.591484057,890.983689218,789.520194916,850.683232108,789.520194916,890.983689218,1112242.55417,1214201.61894,1091201.29097,1194288.62519,1091201.29097,1214201.61894
481,0.008907407407,1567317.55013,1728810.99263,1497288.98445,1655571.33017,1497288.98445,1728810.99263,1465992.55013,1627485.99263,1395963.98445,1554246.33017,1395963.98445,1627485.99263,1813.69194283,1834.31490599,1853.39010209,1876.1808869,1813.69194283,1876.1808869,823.492556894,885.50311167,784.698265494,845.483616303,784.698265494,885.50311167,1102402.85089,1203509.9233,1081849.80967,1184103.52971,1081849.80967,1203509.9233
482,0.008925925926,1553506.82507,1713614.8832,1484325.33806,1641279.93874,1484325.33806,1713614.8832,1452181.82507,1612289.8832,1383000.33806,1539954.93874,1383000.33806,1612289.8832,1810.13143811,1830.74194436,1850.04805951,1872.82152397,1810.13143811,1872.82152397,818.534373607,880.173813041,780.009356227,840.427541491,780.009356227,880.173813041,1092850.97537,1193130.5928,1072770.71959,1174214.70036,1072770.71959,1193130.5928
483,0.008944444444,1540110.74032,1698874.62595,1471749.94245,1627416.04891,1471749.94245,1698874.62595,1438785.74032,1597549.62595,1370424.94245,1526091.04891,1370424.94245,1597549.62595,1806.64654493,1827.24477466,1846.77688548,1869.53339077,1806.64654493,1869.53339077,813.7134878,874.992089983,775.450214975,835.511493828,775.450214975,874.992089983,1083578.75459,1183054.78936,1063956.33082,1164613.79903,1063956.33082,1183054.78936
484,0.008962962963,1527117.2943,1684577.05401,1459551.6044,1613967.36655,1459551.6044,1684577.05401,1425792.2943,1583252.05401,1358226.6044,1512642.36655,1358226.6044,1583252.05401,1803.23613423,1823.82227684,1843.5754921,1866.31539718,1803.23613423,1866.31539718,809.026572067,869.954366979,771.017701906,830.732080989,771.017701906,869.954366979,1074578.32657,1173274.00769,1055399.24665,1155292.80464,1055399.24665,1173274.00769
485,0.008981481481,1514514.95574,1670709.51213,1447719.56947,1600922.07837,1447719.56947,1670709.51213,1413189.95574,1569384.51213,1346394.56947,1499597.07837,1346394.56947,1569384.51213,1799.89910094,1820.47335314,1840.44281659,1863.16647811,1799.89910094,1863.16647811,804.470413914,865.057191942,766.708785624,826.086027978,766.708785624,865.057191942,1065842.12813,1163780.06233,1047092.35186,1146244.00052,1047092.35186,1163780.06233
486,0.009,1502292.64455,1657259.83975,1436243.50404,1588268.83221,1436243.50404,1657259.83975,1400967.64455,1555934.83975,1334918.50404,1486943.83221,1334918.50404,1555934.83975,1796.63436388,1817.1969288,1837.3778209,1860.0855932,1796.63436388,1860.0855932,800.041911832,860.297232003,762.52053941,821.570173069,762.52053941,860.297232003,1057362.88322,1154565.07783,1039028.8016,1137459.96244,1039028.8016,1154565.07783
487,0.009018518519,1490439.72067,1644216.37087,1425113.47818,1575996.71832,1425113.47818,1644216.37087,1389114.72067,1542891.37087,1323788.47818,1474671.71832,1323788.47818,1542891.37087,1793.44086774,1813.99195827,1834.37949137,1857.07172643,1793.44086774,1857.07172643,795.738074074,855.671269495,758.450137706,817.181463968,758.450137706,855.671269495,1049133.59688,1145621.49104,1031202.01081,1128933.54721,1031202.01081,1145621.49104
488,0.009037037037,1478945.95759,1631567.84906,1414319.94931,1564095.25164,1414319.94931,1631567.84906,1377620.95759,1530242.84906,1312994.94931,1462770.25164,1312994.94931,1530242.84906,1790.3175802,1810.85740819,1831.44683836,1854.12388575,1790.3175802,1854.12388575,791.556011837,851.176201246,754.494852681,812.916954104,754.494852681,851.176201246,1041147.53809,1136941.99419,1023605.64408,1120657.88174,1023605.64408,1136941.99419
489,0.009055555556,1467801.52117,1619303.51277,1403853.74673,1552554.35476,1403853.74673,1619303.51277,1366476.52117,1517978.51277,1302528.74673,1451229.35476,1302528.74673,1517978.51277,1787.26349014,1807.79228143,1828.5788959,1851.2411028,1787.26349014,1851.2411028,787.492934191,846.809030377,750.65205096,808.773799069,750.65205096,846.809030377,1033398.22628,1128519.59418,1016233.60602,1112626.35268,1016233.60602,1128519.59418
490,0.009074074074,1456996.96051,1607412.97865,1393706.05686,1541364.34187,1393706.05686,1607412.97865,1355671.96051,1506087.97865,1292381.05686,1440039.34187,1292381.05686,1506087.97865,1784.27760961,1804.79559254,1825.77472136,1848.42243252,1784.27760961,1848.42243252,783.546147087,842.566861723,746.919190528,804.749253259,746.919190528,842.566861723,1025879.42648,1120347.534,1009080.03207,1104832.59653,1009080.03207,1120347.534
491,0.009092592593,1446523.19246,1595886.28759,1383868.40913,1530515.90333,1383868.40913,1595886.28759,1345198.19246,1494561.28759,1282543.40913,1429190.90333,1282543.40913,1494561.28759,1781.35897347,1801.86638191,1823.03339515,1845.66695286,1781.35897347,1845.66695286,779.713050026,838.446900726,743.293817684,800.840666605,743.293817684,838.446900726,1018585.13963,1112419.32513,1002139.27975,1097270.49017,1002139.27975,1112419.32513
492,0.009111111111,1436371.48781,1584713.80919,1374332.66265,1520000.09111,1374332.66265,1584713.80919,1335046.48781,1483388.80919,1273007.66265,1418675.09111,1273007.66265,1483388.80919,1778.50663935,1799.0037022,1820.35402032,1842.97376446,1778.50663935,1842.97376446,775.99113321,834.446450223,739.773564229,797.045481467,739.773564229,834.446450223,1011509.59422,1104728.68663,995405.920282,1089934.14186,995405.920282,1104728.68663
493,0.00912962963,1426533.45734,1573886.41878,1365090.99343,1509808.30479,1365090.99343,1573886.41878,1325208.45734,1472561.41878,1263765.99343,1408483.30479,1263765.99343,1472561.41878,1775.71968736,1796.20666062,1817.73572236,1840.34199033,1775.71968736,1840.34199033,772.377974518,830.562907285,736.356144668,793.361229667,736.356144668,830.562907285,1004647.23754,1097269.66467,988874.730635,1082817.88266,988874.730635,1097269.66467
494,0.009148148148,1417001.039,1563395.21062,1356135.88226,1499932.27835,1356135.88226,1563395.21062,1315676.039,1462070.21062,1254810.88226,1398607.27835,1254810.88226,1462070.21062,1772.99721992,1793.47434772,1815.17764878,1837.77077556,1772.99721992,1837.77077556,768.871236789,826.793760246,733.03935362,789.785529622,733.03935362,826.793760246,997992.727826,1090036.43575,982540.685925,1075916.2582,982540.685925,1090036.43575
495,0.009166666667,1407766.48525,1553231.68992,1347460.10315,1490364.06748,1347460.10315,1553231.68992,1306441.48525,1451906.68992,1246135.10315,1389039.06748,1246135.10315,1451906.68992,1770.33836149,1790.80589499,1812.67896892,1835.25928703,1770.33836149,1835.25928703,765.468665049,823.13658574,729.821063273,786.31608361,729.821063273,823.13658574,991540.92636,1083023.44244,976398.952162,1069224.0209,976398.952162,1083023.44244
496,0.009185185185,1398822.35171,1543387.68584,1339056.71231,1481096.0376,1339056.71231,1543387.68584,1297497.35171,1442062.68584,1237731.71231,1379771.0376,1237731.71231,1442062.68584,1767.74225853,1788.2004531,1810.23887359,1832.80671312,1767.74225853,1832.80671312,762.168084112,819.589046126,726.699220975,782.950675188,726.699220975,819.589046126,985286.890431,1076225.33321,970444.879338,1062736.12247,970444.879338,1076225.33321
497,0.009203703704,1390161.48538,1533855.34738,1330919.0377,1472120.85232,1330919.0377,1533855.34738,1288836.48538,1432530.34738,1229594.0377,1370795.85232,1229594.0377,1432530.34738,1765.20807905,1785.65719413,1807.8565748,1830.41226345,1765.20807905,1830.41226345,758.967395956,816.148886735,723.671846924,779.687166647,723.671846924,816.148886735,979225.865997,1069636.96067,964673.994826,1056447.70684,964673.994826,1069636.96067
498,0.009222222222,1381777.01436,1524627.13131,1323040.66897,1463431.46257,1323040.66897,1524627.13131,1280452.01436,1423302.13131,1221715.66897,1362106.46257,1221715.66897,1423302.13131,1762.73501264,1783.17531125,1805.53130552,1828.07516857,1762.73501264,1828.07516857,755.864577505,812.813933395,720.737031974,776.523496642,720.737031974,812.813933395,973353.281269,1063253.37414,959081.997094,1050354.1033,959081.997094,1063253.37414
499,0.009240740741,1373662.33735,1515695.7912,1315415.44803,1455021.09617,1315415.44803,1515695.7912,1272337.33735,1414370.7912,1214090.44803,1353696.09617,1214090.44803,1414370.7912,1760.3222701,1780.75401865,1803.26231938,1825.79467975,1760.3222701,1825.79467975,752.857678305,809.582089989,717.892935473,773.457677872,717.892935473,809.582089989,967664.740143,1057069.81288,953664.749696,1044450.82009,953664.749696,1057069.81288
500,0.009259259259,1365811.11396,1507054.36691,1308037.45993,1446883.2479,1308037.45993,1507054.36691,1264486.11396,1405729.36691,1206712.45993,1345558.2479,1206712.45993,1405729.36691,1757.96908328,1778.39255134,1801.04889042,1823.57006866,1757.96908328,1823.57006866,749.94481837,806.451336128,715.137783279,770.487794911,715.137783279,806.451336128,962156.016135,1051081.69969,948418.275553,1038733.53817,948418.275553,1051081.69969
501,0.009277777778,1358216.2269,1498696.17454,1300900.01321,1439011.67006,1300900.01321,1498696.17454,1256891.2269,1397371.17454,1199575.01321,1337686.67006,1199575.01321,1397371.17454,1755.67443506,1776.09016501,1798.89004969,1821.4006272,1755.67443506,1821.4006272,747.123794357,803.419121065,712.469644163,767.611447452,712.469644163,803.419121065,956822.343259,1045284.63466,943338.050602,1033198.10537,943338.050602,1045284.63466
502,0.009296296296,1350863.4648,1490607.16913,1293990.66712,1431393.62921,1293990.66712,1490607.16913,1249538.4648,1389282.16913,1192665.66712,1330068.62921,1192665.66712,1389282.16913,1753.43533477,1773.84426784,1796.78328143,1819.28406083,1753.43533477,1819.28406083,744.38967992,800.479154215,709.884456457,764.823015623,709.884456457,800.479154215,951654.069648,1039669.21813,938415.555291,1027835.91495,938415.555291,1039669.21813
503,0.009314814815,1343738.0989,1482766.98263,1287295.31556,1424010.19997,1287295.31556,1482766.98263,1242413.0989,1381441.98263,1185970.31556,1322685.19997,1185970.31556,1381441.98263,1751.24862785,1771.6506574,1794.72556441,1817.2165271,1751.24862785,1817.2165271,741.737292755,797.624588515,707.37719669,762.115883801,707.37719669,797.624588515,946641.202105,1034221.75957,933641.102972,1022634.1023,933641.102972,1034221.75957
504,0.009333333333,1336825.48307,1475155.96864,1280800.36529,1416843.13801,1280800.36529,1475155.96864,1235500.48307,1373830.96864,1179475.36529,1315518.13801,1179475.36529,1373830.96864,1749.11108283,1769.50521078,1792.71393955,1815.1942605,1749.11108283,1815.1942605,739.161440857,794.848707046,704.942996416,759.483637042,704.942996416,794.848707046,941773.783796,1028929.04229,929005.350404,1017580.25384,929005.350404,1028929.04229
505,0.009351851852,1330111.41554,1467755.0788,1274492.70986,1409874.84407,1274492.70986,1467755.0788,1228786.41554,1366430.0788,1173167.70986,1308549.84407,1173167.70986,1366430.0788,1747.01950881,1767.40386191,1790.74550841,1813.2135705,1747.01950881,1813.2135705,736.657059292,792.15040403,702.577135346,756.920052074,702.577135346,792.15040403,937042.150723,1023778.24138,924499.280829,1012662.38403,924499.280829,1023778.24138
506,0.00937037037,1323582.21052,1460545.93511,1268359.70552,1403088.33143,1268359.70552,1460545.93511,1222257.21052,1359220.93511,1167034.70552,1301763.33143,1167034.70552,1359220.93511,1744.97078416,1765.34262528,1788.81743184,1811.27083977,1744.97078416,1811.27083977,734.219239763,789.524389737,700.275035001,754.419089129,700.275035001,789.524389737,932436.983669,1018756.97378,920114.188363,1007868.91435,920114.188363,1018756.97378
507,0.009388888889,1317224.82287,1453510.79469,1262389.14921,1396467.19621,1262389.14921,1453510.79469,1215899.82287,1352185.79469,1161064.14921,1295142.19621,1161064.14921,1352185.79469,1742.96190029,1763.31759602,1786.92692877,1809.36252258,1742.96190029,1809.36252258,731.843280544,786.959116239,698.032252885,751.97488453,698.032252885,786.959116239,927949.396712,1013853.2768,915841.663636,1003188.6543,915841.663636,1013853.2768
508,0.009407407407,1311026.45234,1446632.51948,1256569.25819,1389995.59061,1256569.25819,1446632.51948,1209701.45234,1345307.51948,1155244.25819,1288670.59061,1155244.25819,1345307.51948,1740.98984655,1761.32494395,1785.07127502,1807.48514332,1740.98984655,1807.48514332,729.524540388,784.448433107,695.844477115,749.58174395,695.844477115,784.448433107,923570.660939,1009055.58675,911673.580569,998610.784111,911673.580569,1009055.58675
509,0.009425925926,1304974.58454,1439894.55274,1250888.65145,1383658.19867,1250888.65145,1439894.55274,1203649.58454,1338569.55274,1149563.65145,1282333.19867,1149563.65145,1338569.55274,1739.0516285,1759.36091795,1783.24780223,1805.63529514,1739.0516285,1805.63529514,727.258455413,781.986365636,693.707521466,747.234136341,693.707521466,781.986365636,919292.234908,1004352.72639,907602.084236,994124.839163,907602.084236,1004352.72639
510,0.009444444444,1299057.29965,1433280.89402,1245336.33261,1377440.21445,1245336.33261,1433280.89402,1197732.29965,1331955.89402,1144011.33261,1276115.21445,1144011.33261,1331955.89402,1737.14436538,1757.42184086,1781.45389692,1803.80963881,1737.14436538,1803.80963881,725.040658047,779.567109141,691.61732085,744.926688511,691.61732085,779.567109141,915105.981228,999733.887178,903619.579722,989720.695915,903619.579722,999733.887178
511,0.009462962963,1293263.25147,1426776.08001,1239901.67427,1371327.32254,1239901.67427,1426776.08001,1191938.25147,1325451.08001,1138576.67427,1270002.32254,1138576.67427,1325451.08001,1735.26528776,1755.50411265,1779.6869996,1802.00490162,1735.26528776,1802.00490162,722.866971888,777.185023454,689.569927175,742.654180225,689.569927175,777.185023454,911004.152337,995188.618827,899718.721922,985388.559284,899718.721922,995188.618827
512,0.009481481481,1287581.34092,1420365.15893,1234574.40378,1365305.68051,1234574.40378,1420365.15893,1186256.34092,1319040.15893,1133249.40378,1263980.68051,1133249.40378,1319040.15893,1733.41164313,1753.60419947,1777.94460395,1800.21787642,1733.41164313,1800.21787642,720.733289707,774.834627546,687.561505542,740.411539888,687.561505542,774.834627546,906979.163356,990706.808673,895892.406209,981118.951371,895892.406209,990706.808673
513,0.0095,1282000.84146,1414033.68535,1229344.59014,1359361.90349,1229344.59014,1414033.68535,1180675.84146,1312708.68535,1128019.59014,1258036.90349,1128019.59014,1312708.68535,1731.58073705,1751.7186442,1776.22425611,1798.4454208,1731.58073705,1798.4454208,718.635622604,772.51059765,685.588330806,738.19384068,685.588330806,772.51059765,903023.680321,986278.682866,892133.759913,976902.701413,892133.759913,986278.682866
514,0.009518518519,1276511.38622,1407767.6965,1224202.63221,1353483.05034,1224202.63221,1407767.6965,1175186.38622,1306442.6965,1122877.63221,1252158.05034,1122877.63221,1306442.6965,1729.76993243,1749.84406013,1774.52355398,1796.68445637,1729.76993243,1796.68445637,716.570096688,770.207760981,683.646784428,735.996297228,683.646784428,770.207760981,899130.611802,981894.789153,888436.134563,972730.936905,888436.134563,981894.789153
515,0.009537037037,1271102.95637,1401553.7019,1219139.24791,1347656.61169,1219139.24791,1401553.7019,1169777.95637,1300228.7019,1117814.24791,1246331.61169,1117814.24791,1300228.7019,1727.97664886,1747.97713116,1772.84014667,1794.9319681,1727.97664886,1794.9319681,714.53295009,767.921093421,681.733351635,733.821969,681.733351635,767.921093421,895293.101303,977545.990462,884793.098833,968595.075781,884793.098833,977545.990462
516,0.009555555556,1265765.87056,1395378.67184,1214145.46448,1341870.49934,1214145.46448,1395378.67184,1164440.87056,1294053.67184,1112820.46448,1240545.49934,1112820.46448,1294053.67184,1726.19836207,1746.11461058,1771.17173395,1793.18500383,1726.19836207,1793.18500383,712.520530246,765.64571678,679.844618851,731.677887999,679.844618851,765.64571678,891504.520386,973223.457125,881198.43214,964486.819594,881198.43214,973223.457125
517,0.009574074074,1260490.7755,1389230.02874,1209212.60963,1336113.03718,1209212.60963,1389230.02874,1159165.7755,1287905.02874,1107887.60963,1234788.03718,1107887.60963,1287905.02874,1724.43260339,1744.2533223,1769.51606577,1791.44067376,1724.43260339,1791.44067376,710.529291508,763.376896502,677.972365169,729.541533274,677.972365169,763.376896502,887758.462471,968918.662053,877646.118857,960398.147601,877646.118857,968918.662053
518,0.009592592593,1255268.63734,1383095.63798,1204332.30361,1330372.95342,1204332.30361,1383095.63798,1153943.63734,1281770.63798,1103007.30361,1229047.95342,1103007.30361,1281770.63798,1722.67695934,1742.39015891,1767.87094186,1789.69615014,1722.67695934,1789.69615014,708.555792937,761.110039656,676.115700944,727.40861955,676.115700944,761.110039656,884048.737255,964623.374107,874130.343088,956321.311701,874130.343088,964623.374107
519,0.009611111111,1250090.76232,1376963.80151,1199496.45209,1324639.37396,1199496.45209,1376963.80151,1148765.76232,1275638.80151,1098171.45209,1223314.37396,1098171.45209,1275638.80151,1720.92907956,1740.52208217,1766.23421135,1787.94866695,1720.92907956,1787.94866695,706.596707356,758.840693378,674.273866286,725.274990647,674.273866286,758.840693378,880369.385219,960329.654316,870645.483967,952248.832141,870645.483967,960329.654316
520,0.00962962963,1244948.78921,1370823.25202,1194697.23969,1318901.81689,1194697.23969,1370823.25202,1143623.78921,1269498.25202,1093372.23969,1217576.81689,1093372.23969,1269498.25202,1719.1866763,1738.64612256,1764.60377246,1786.19551969,1719.1866763,1786.19551969,704.64881946,756.564543603,672.443838923,723.136618212,672.443838923,756.564543603,876714.672644,956029.851989,867186.111442,948173.493926,867186.111442,956029.851989
521,0.009648148148,1239834.51238,1364663.14885,1189927.12432,1313150.18801,1189927.12432,1364663.14885,1138509.51238,1263338.14885,1088602.12432,1211825.18801,1088602.12432,1263338.14885,1717.44747364,1736.75937987,1762.97757221,1784.43406523,1717.44747364,1784.43406523,702.708957896,754.277414153,670.622688733,720.989600735,670.622688733,754.277414153,873078.969439,951716.602331,863746.982498,944088.34388,863746.982498,951716.602331
522,0.009666666667,1234740.10735,1358473.07291,1185178.83204,1307374.77717,1185178.83204,1358473.07291,1133415.10735,1257148.07291,1083853.83204,1206049.77717,1083853.83204,1257148.07291,1715.70927549,1734.85902105,1761.3536062,1782.66172172,1715.70927549,1782.66172172,700.774083509,751.975265881,668.807576435,718.830162784,668.807576435,751.975265881,869456.905434,947382.822323,860323.037801,939986.688287,860323.037801,947382.822323
523,0.009685185185,1229658.03884,1352243.02546,1180445.35258,1301566.25548,1180445.35258,1352243.02546,1128333.03884,1250918.02546,1079120.35258,1200241.25548,1079120.35258,1250918.02546,1713.96993963,1732.9673667,1759.72991843,1780.87596852,1713.96993963,1780.87596852,698.841254454,749.654196408,666.995752501,716.654654506,666.995752501,749.654196408,865843.306844,943021.71077,856909.398703,935862.091051,856909.398703,943021.71077
524,0.009703703704,1224581.05619,1345963.42573,1175719.9353,1295715.67326,1175719.9353,1345963.42573,1123256.05619,1244638.42573,1074394.9353,1194390.67326,1074394.9353,1244638.42573,1712.22737748,1731.13117404,1758.1046011,1779.07434629,1712.22737748,1779.07434629,696.90762505,747.310439836,665.184556165,714.459551313,665.184556165,747.310439836,862233.193287,938626.746511,853501.364596,931708.372332,853501.364596,938626.746511
525,0.009722222222,1219502.18974,1339625.10968,1170996.08569,1289814.45853,1170996.08569,1339625.10968,1118177.18974,1238300.10968,1069671.08569,1188489.45853,1069671.08569,1238300.10968,1710.47955394,1729.28159059,1756.47579451,1777.25445698,1710.47955394,1777.25445698,694.970444973,744.940366749,663.371414595,712.241453751,663.371414595,744.940366749,858621.775356,934191.687587,850094.410576,927519.607589,850094.410576,934191.687587
526,0.009740740741,1214414.74756,1333219.3291,1166267.56225,1283854.41611,1166267.56225,1333219.3291,1113089.74756,1231894.3291,1064942.56225,1182529.41611,1064942.56225,1231894.3291,1708.72448739,1727.41632278,1754.84168696,1775.41396393,1708.72448739,1775.41396393,693.027058504,742.540484323,661.553842169,709.997087532,661.553842169,742.540484323,855004.4525,929710.57057,846684.18538,923290.126978,846684.18538,929710.57057
527,0.009759259259,1209312.31271,1326737.75134,1161528.37378,1277827.72722,1161528.37378,1326737.75134,1107987.31271,1225412.75134,1060203.37378,1176502.72722,1060203.37378,1225412.75134,1706.96024957,1725.53313812,1753.20051466,1773.55059208,1706.96024957,1773.55059208,691.07490397,740.107436585,659.729439868,707.723303713,659.729439868,740.107436585,851376.811167,925177.71034,843266.509579,919014.515067,843266.509579,925177.71034
528,0.009777777778,1204188.74078,1320172.46065,1156772.77699,1271726.94939,1156772.77699,1320172.46065,1102863.74078,1218847.46065,1055447.77699,1170401.94939,1055447.77699,1218847.46065,1705.18496559,1723.62986526,1751.55056169,1771.66212807,1705.18496559,1771.66212807,689.111513235,737.638005031,657.895894757,705.417078977,657.895894757,737.638005031,847734.623195,920587.701475,839837.373986,914687.610801,839837.373986,920587.701475
529,0.009796296296,1199038.15776,1313515.95745,1151995.2744,1265545.01672,1151995.2744,1313515.95745,1097713.15776,1212190.95745,1050670.2744,1164220.01672,1050670.2744,1212190.95745,1703.39681391,1721.70439408,1749.89015996,1769.74642046,1703.39681391,1769.74642046,687.134511292,735.129108917,656.050979553,703.075516019,656.050979553,735.129108917,844073.844399,915935.41721,836392.938265,910304.507678,836392.938265,915935.41721
530,0.009814814815,1193854.95822,1306761.15974,1147190.61255,1259275.24043,1147190.61255,1306761.15974,1092529.95822,1205436.15974,1045865.61255,1157950.24043,1045865.61255,1205436.15974,1701.59402638,1719.75467524,1748.21768919,1767.80137995,1701.59402638,1767.80137995,685.141615946,732.57780599,654.192552283,700.695844031,654.192552283,732.57780599,840390.613343,911216.010581,832929.529705,905860.55409,832929.529705,911216.010581
531,0.009833333333,1188633.80367,1299901.40393,1142353.78034,1252911.3095,1142353.78034,1299901.40393,1087308.80367,1198576.40393,1041028.78034,1151586.3095,1041028.78034,1198576.40393,1699.77488825,1717.77872231,1746.53157694,1765.88416384,1699.77488825,1765.88416384,683.130637543,729.981293097,652.318555968,698.2754192,652.318555968,729.981293097,836681.250255,906424.914985,829443.642138,901351.353777,829443.642138,906424.914985
532,0.009851851852,1183369.62111,1292930.4459,1137480.0076,1246447.29146,1137480.0076,1292930.4459,1082044.62111,1191605.4459,1036155.0076,1145122.29146,1036155.0076,1191605.4459,1697.93773824,1715.77461001,1744.8302986,1764.03126595,1697.93773824,1764.03126595,681.099478757,727.3369069,650.427018383,695.811725295,650.427018383,727.3369069,832942.256066,901557.844886,825931.934973,896772.766363,825931.934973,901557.844886
533,0.00987037037,1178057.60177,1285842.46295,1132564.76385,1239877.63323,1132564.76385,1285842.46295,1076732.60177,1184517.46295,1031239.76385,1138552.63323,1031239.76385,1184517.46295,1696.08096858,1713.74047503,1743.1123774,1762.15239796,1696.08096858,1762.15239796,679.046134435,724.642124727,648.516051884,693.30237425,648.516051884,724.642124727,829170.311549,896610.797521,822391.232338,892120.907913,822391.232338,896610.797521
534,0.009888888889,1172693.19994,1278632.05206,1127603.75706,1233197.16191,1127603.75706,1278632.05206,1071368.19994,1177307.05206,1026278.75706,1131872.16191,1026278.75706,1177307.05206,1694.20302508,1711.67451627,1741.37638449,1760.24590424,1694.20302508,1760.24590424,676.96869147,721.894564857,646.583853202,690.745106763,646.583853202,721.894564857,825362.276527,891580.050521,818818.522282,887392.151491,818818.522282,891580.050521
535,0.009907407407,1167272.13181,1271294.23313,1122592.93258,1226401.08549,1122592.93258,1271294.23313,1065947.13181,1169969.23313,1021267.93258,1125076.08549,1021267.93258,1169969.23313,1692.30240721,1709.57499515,1739.6209389,1758.31018462,1692.30240721,1758.31018462,674.865328661,719.091987591,644.628703323,688.137792873,644.628703323,719.091987591,821515.189126,886462.165177,815210.956042,882583.127665,815210.956042,886462.165177
536,0.009925925926,1161790.37445,1263824.4499,1117528.47214,1219484.99341,1117528.47214,1263824.4499,1060465.37445,1162499.4499,1016203.47214,1118159.99341,1016203.47214,1162499.4499,1690.37766817,1707.44023661,1737.84470768,1756.34369447,1690.37766817,1756.34369447,672.734316643,716.232295927,642.64896737,685.478432518,642.64896737,716.232295927,817626.265056,881253.987248,811565.847337,877690.72493,811565.847337,881253.987248
537,0.009944444444,1156244.1647,1256218.56908,1112406.79273,1212444.857,1112406.79273,1256218.56908,1054919.1647,1154893.56908,1011081.79273,1111119.857,1011081.79273,1154893.56908,1688.42741492,1705.26862667,1736.04640583,1754.34494491,1688.42741492,1754.34494491,670.574017773,713.313535964,640.643094451,682.765156069,640.643094451,713.313535964,813692.896898,875952.64586,807880.671681,872712.090011,807880.671681,875952.64586
538,0.009962962963,1150629.99811,1248472.8809,1107224.54566,1205277.02952,1107224.54566,1248472.8809,1049304.99811,1147147.8809,1005899.54566,1103952.02952,1005899.54566,1147147.8809,1686.45030835,1703.05861501,1734.22479645,1752.31250293,1686.45030835,1752.31250293,668.382886027,710.333897513,638.609617565,679.996224749,638.609617565,710.333897513,809712.653369,870555.554086,804153.065689,867644.62801,804153.065689,870555.554086
539,0.009981481481,1144944.62777,1240584.09876,1101978.61542,1197978.24606,1101978.61542,1240584.09876,1043619.62777,1139259.09876,1000653.61542,1096653.24606,1000653.61542,1139259.09876,1684.44506322,1700.80871531,1732.37869066,1750.24499155,1684.44506322,1750.24499155,666.159466896,707.291714491,636.54715346,677.170031053,636.54715346,707.291714491,805683.278553,865060.408839,800380.826364,862486.002376,800380.826364,865060.408839
540,0.01,1139185.06309,1232549.35858,1096666.1186,1190545.62303,1096666.1186,1232549.35858,1037860.06309,1131224.35858,995341.1186,1089220.62303,995341.1186,1131224.35858,1682.41044831,1698.51750434,1730.50694775,1748.14108998,1682.41044831,1748.14108998,663.902397235,704.185465295,634.454402477,674.285099039,634.454402477,704.185465295,801602.69108,859465.190482,796561.910342,857234.134648,796561.910342,859465.190482
541,0.010018518519,1133348.56844,1224366.21751,1091284.40265,1182976.65721,1091284.40265,1224366.21751,1032023.56844,1123041.21751,989959.40265,1081651.65721,989959.40265,1123041.21751,1680.34528643,1696.18362255,1728.60847511,1745.99953368,1680.34528643,1745.99953368,661.610405093,701.013772953,632.330148392,671.340084507,632.330148392,701.013772953,797468.983231,853768.162142,792694.433093,851887.203966,792694.433093,853768.162142
542,0.010037037037,1127432.66165,1216032.65234,1085831.04459,1175269.22452,1085831.04459,1216032.65234,1026107.66165,1114707.65234,984506.04459,1073944.22452,984506.04459,1114707.65234,1678.24845446,1693.80577421,1726.68222829,1743.81911459,1678.24845446,1743.81911459,659.282309495,697.77540527,630.17325821,668.333775138,630.17325821,697.77540527,793280.419953,847967.86869,788776.668044,846443.646307,788776.668044,847967.86869
543,0.010055555556,1121435.11242,1207547.05714,1080303.84954,1167421.57815,1080303.84954,1207547.05714,1020110.11242,1106222.05714,978978.84954,1066096.57815,978978.84954,1106222.05714,1676.11888336,1691.38272753,1724.72721101,1741.59868112,1676.11888336,1741.59868112,656.91702021,694.469274699,627.982681916,665.265090412,627.982681916,694.469274699,789035.437779,842063.135379,784807.045633,840902.153434,784807.045633,842063.135379
544,0.010074074074,1115353.94046,1198908.24044,1074700.84918,1159432.34638,1074700.84918,1198908.24044,1014028.94046,1097583.24044,973375.84918,1058107.34638,973375.84918,1097583.24044,1673.95555822,1688.9133148,1722.74247512,1739.33713829,1673.95555822,1739.33713829,654.513537421,691.09443816,625.757452219,662.133081491,625.757452219,691.09443816,784732.643622,836053.066077,780784.152257,835261.671528,780784.152257,836053.066077
545,0.010092592593,1109187.41349,1190115.4218,1069020.29996,1151300.52972,1069020.29996,1190115.4218,1007862.41349,1088790.4218,967695.29996,1049975.52972,967695.29996,1088790.4218,1671.75751817,1686.39643248,1720.72712063,1737.0334478,1671.75751817,1737.0334478,652.070951386,687.650096648,623.496684196,658.936930891,623.496684196,687.650096648,780370.813449,829937.041143,776706.729128,829521.399487,776706.729128,829937.041143
546,0.010111111111,1102934.04499,1181168.22764,1063260.68123,1143025.49763,1063260.68123,1181168.22764,1001609.04499,1079843.22764,961935.68123,1041700.49763,961935.68123,1079843.22764,1669.52385643,1683.83104126,1718.68029562,1734.68662806,1669.52385643,1734.68662806,649.588441983,684.135594659,621.199574942,655.675952051,621.199574942,684.135594659,775948.89081,823714.71488,772573.671005,823680.786879,772573.671005,823714.71488
547,0.01012962963,1096592.59179,1172066.68647,1057420.69309,1134606.98457,1057420.69309,1172066.68647,995267.59179,1070741.68647,956095.69309,1033281.98457,956095.69309,1070741.68647,1667.25372021,1681.21616609,1716.60119623,1732.29575419,1667.25372021,1732.29575419,647.065278255,680.550419448,618.865403109,652.349588707,618.865403109,680.550419448,771465.985219,817386.012525,768384.024804,817739.53153,768384.024804,817739.53153
548,0.010148148148,1090162.05132,1162811.22343,1051499.25409,1126045.08556,1051499.25409,1162811.22343,988837.05132,1061486.22343,950174.25409,1024720.08556,950174.25409,1061486.22343,1664.94631065,1678.55089618,1714.48906657,1729.85995806,1664.94631065,1729.85995806,644.500817816,676.894200111,616.493528416,648.957414139,616.493528416,676.894200111,766921.370371,810951.126814,764136.988081,811697.57673,764136.988081,811697.57673
549,0.010166666667,1083641.65867,1153402.65408,1045495.49872,1117340.25107,1045495.49872,1153402.65408,982316.65867,1052077.65408,944170.49872,1016015.25107,944170.49872,1052077.65408,1662.60088271,1675.834385,1712.34319863,1727.37842822,1662.60088271,1727.37842822,641.894506228,673.166706427,614.083391097,645.499130217,614.083391097,673.166706427,762314.482202,804410.514115,759831.907365,805555.108061,759831.907365,805555.108061
550,0.010185185185,1077030.88335,1143842.17755,1039408.77464,1108493.28133,1039408.77464,1143842.17755,975705.88335,1042517.17755,938083.77464,1007168.28133,938083.77464,1042517.17755,1660.21674508,1673.06585014,1710.1629322,1724.85040986,1660.21674508,1724.85040986,639.245876257,669.367847544,611.634511251,641.974566294,611.634511251,669.367847544,757644.916762,797764.890059,755468.27635,799312.549828,755468.27635,799312.549828
551,0.010203703704,1070329.42584,1134131.36893,1033238.63971,1099505.32003,1033238.63971,1134131.36893,969004.42584,1032806.36893,931913.63971,998180.32003,931913.63971,1032806.36893,1657.79325997,1670.2445733,1707.9476547,1722.27520473,1657.79325997,1722.27520473,636.554547107,665.497670434,609.146488153,638.383677899,609.146488153,665.497670434,752912.427923,791015.224737,751045.733937,792970.561087,751045.733937,792970.561087
552,0.010222222222,1063537.21377,1124272.17092,1026984.85878,1090377.8474,1026984.85878,1124272.17092,962212.21377,1022947.17092,925659.85878,989052.8474,925659.85878,1022947.17092,1655.32984301,1667.36990006,1705.69680106,1719.65217098,1655.32984301,1719.65217098,633.820223491,661.55635813,606.618999475,634.726545279,606.618999475,661.55635813,748116.924891,784893.558671,746564.062118,786530.031279,746564.062118,786530.031279
553,0.010240740741,1056654.39789,1114266.88487,1020647.40023,1081112.67267,1020647.40023,1114266.88487,955329.39789,1012941.88487,919322.40023,979787.67267,919322.40023,1012941.88487,1652.82596297,1664.44123975,1703.40985353,1716.98072305,1652.82596297,1716.98072305,631.042694684,657.544227782,604.051800435,631.003371716,604.051800435,657.544227782,743258.469543,778885.937271,742023.183696,779992.075461,742023.183696,779992.075461
554,0.010259259259,1049681.33744,1104118.16106,1014226.43225,1071711.92591,1014226.43225,1104118.16106,948356.33744,1002793.16106,912901.43225,970386.92591,912901.43225,1002793.16106,1649.82600821,1661.45806521,1701.07741014,1714.26033148,1649.82600821,1714.26033148,628.221828973,653.461728491,601.444722859,627.214481692,601.444722859,653.461728491,738337.266888,772793.405673,737423.159851,773589.132452,737423.159851,773589.132452
555,0.010277777778,1042618.53728,1094286.73989,1007722.31891,1062178.04932,1007722.31891,1094286.73989,941293.53728,992961.73989,906397.31891,960853.04932,906397.31891,992961.73989,1646.32625683,1658.41991244,1697.89089984,1711.49052266,1646.32625683,1711.49052266,625.357546989,649.309438886,598.797674175,623.360318865,598.797674175,649.309438886,733353.624455,766616.995866,732764.187538,767800.809284,732764.187538,767800.809284
556,0.010296296296,1035466.87949,1085336.55233,1001135.61598,1052513.78789,1001135.61598,1085336.55233,934141.87949,984011.55233,899810.61598,951188.78789,899810.61598,984011.55233,1642.75987172,1655.3263804,1694.64406924,1708.67087859,1642.75987172,1708.67087859,622.449923485,645.088064581,596.110636339,619.441443846,596.110636339,645.088064581,728308.10216,760357.928024,728046.596727,761933.31561,728046.596727,761933.31561
557,0.010314814815,1028227.36103,1076269.79842,994467.066475,1043146.36853,994467.066475,1076269.79842,926902.36103,974944.79842,893142.066475,941821.36853,893142.066475,974944.79842,1639.12660965,1652.17713062,1691.33662137,1705.80103663,1639.12660965,1705.80103663,619.499074339,640.79843536,593.38366465,615.458531779,593.38366465,640.79843536,723201.342116,754017.605335,723270.847471,755987.759871,723201.342116,755987.759871
558,0.010333333333,1020901.17743,1067088.89851,987717.595981,1034665.44493,987717.595981,1067088.89851,919576.17743,965763.89851,886392.595981,933340.44493,886392.595981,965763.89851,1635.4262993,1648.97188679,1687.9683227,1702.88068909,1635.4262993,1702.88068909,616.505193727,636.810486652,590.616886505,611.412369804,590.616886505,636.810486652,718034.12292,747597.608541,718437.526825,749965.416105,718034.12292,749965.416105
559,0.010351851852,1013489.71708,1057796.52326,980888.307752,1026078.93512,980888.307752,1057796.52326,912164.71708,956471.52326,879563.307752,924753.93512,879563.307752,956471.52326,1631.65884064,1645.71043429,1684.53900262,1699.90958294,1631.65884064,1699.90958294,613.468552616,633.03415472,587.810500079,607.30385426,587.810500079,633.03415472,712807.355899,741099.690191,713547.3456,743867.719073,712807.355899,743867.719073
560,0.01037037037,1005994.55523,1048395.58437,973980.47756,1017389.27262,973980.47756,1048395.58437,904669.55523,947070.58437,872655.47756,916064.27262,872655.47756,947070.58437,1627.82420417,1642.39261972,1681.04855292,1696.88751938,1627.82420417,1696.88751938,610.389497135,629.201997864,584.964772909,603.734998053,584.964772909,629.201997864,707522.08116,734525.768621,708601.134961,737696.259134,707522.08116,737696.259134
561,0.010388888889,998417.447783,1038889.22493,966995.548336,1008599.10624,966995.548336,1038889.22493,897092.447783,937564.22493,865670.548336,907274.10624,865670.548336,937564.22493,1623.92242832,1639.01835033,1677.49692715,1693.8143534,1623.92242832,1693.8143534,607.268446915,625.314816942,582.080040416,600.134692239,582.080040416,625.314816942,702179.463457,727877.921656,703599.842878,731452.776877,702179.463457,731452.776877
562,0.010407407407,990760.324794,1029280.80936,959935.124588,999711.291563,959935.124588,1029280.80936,889435.324794,927955.80936,858610.124588,898386.291563,858610.124588,927955.80936,1619.95362577,1635.58759344,1673.88414,1690.6899933,1619.95362577,1690.6899933,604.105893278,621.373504371,579.156704337,596.483611383,579.156704337,621.373504371,696780.787908,721158.380068,698544.530434,725139.157525,696780.787908,725139.157525
563,0.010425925926,983034.198469,1019573.91304,952809.192654,990728.881977,952809.192654,1019573.91304,881709.198469,918248.91304,851484.192654,889403.881977,851484.192654,918248.91304,1615.92195785,1632.10037581,1670.21388236,1687.51440018,1615.92195785,1687.51440018,600.906159486,617.379041373,576.198709385,592.782588825,576.198709385,617.379041373,691333.615964,714369.520786,693442.141881,718757.425125,691333.615964,718757.425125
564,0.010444444444,975416.80521,1009891.63665,945783.034768,981766.304299,945783.034768,1009891.63665,874091.80521,908566.63665,844458.034768,880441.304299,844458.034768,908566.63665,1611.90730096,1628.59672518,1666.55854369,1684.32379508,1611.90730096,1684.32379508,597.744087384,613.382503311,573.275848829,589.079197769,573.275848829,613.382503311,685960.86021,707596.047101,688408.668844,712387.491048,685960.86021,712387.491048
565,0.010462962963,967974.239208,1000420.41168,938918.257502,972997.329032,938918.257502,1000420.41168,866649.239208,899095.41168,837593.257502,871672.329032,837593.257502,899095.41168,1607.94034935,1625.13928971,1662.94599491,1681.17496188,1607.94034935,1681.17496188,594.647946774,609.462194305,570.414516081,585.446511889,570.414516081,609.462194305,680708.30002,700966.415263,683487.437525,706150.92416,680708.30002,706150.92416
566,0.010481481481,960703.056638,991155.466484,932211.801497,964417.715046,932211.801497,991155.466484,859378.056638,889830.466484,830886.801497,863092.715046,830886.801497,889830.466484,1604.02057677,1621.72763958,1659.37579773,1678.06754534,1604.02057677,1678.06754534,591.616738236,605.616746834,567.613809841,581.88329523,567.613809841,605.616746834,675325.710438,694477.462587,678676.395133,700044.907669,675325.710438,700044.907669
567,0.0105,953599.92888,982092.177758,925660.712968,956023.358735,925660.712968,982092.177758,852274.92888,880767.177758,824335.712968,854698.358735,824335.712968,880767.177758,1600.14747123,1618.63210327,1655.84752469,1675.28026021,1600.14747123,1675.28026021,588.649494288,601.844830791,564.87285951,578.388349334,564.87285951,601.844830791,668069.378125,688126.123635,673973.558282,694066.713799,668069.378125,694066.713799
568,0.010518518519,946661.641664,973226.072657,919262.13993,947810.288716,919262.13993,973226.072657,845336.641664,871901.072657,817937.13993,846485.288716,817937.13993,871901.072657,1596.32053403,1615.88722821,1652.36075876,1672.77644941,1596.32053403,1672.77644941,585.745279909,598.14515607,562.190824172,574.96051189,562.190824172,598.14515607,660963.781202,681909.430697,668581.690553,688213.700414,660963.781202,688213.700414
569,0.010537037037,938246.493771,964552.822782,913013.32855,939774.660727,913013.32855,964552.822782,836921.493771,863227.822782,811688.32855,838449.660727,811688.32855,863227.822782,1592.53927889,1613.18572745,1648.91509284,1670.31229942,1592.53927889,1670.31229942,582.903191431,594.516471089,559.566891617,571.598655401,559.566891617,594.516471089,654005.384701,675824.509832,662001.548046,682483.307768,654005.384701,682483.307768
570,0.010555555556,928480.550849,956068.238398,906911.619637,931912.75272,906911.619637,956068.238398,827155.550849,854743.238398,805586.619637,830587.75272,805586.619637,854743.238398,1588.80323119,1610.52732814,1645.51012929,1667.88758706,1588.80323119,1667.88758706,580.122355437,590.957561326,557.000277362,568.301685904,557.000277362,590.957561326,647190.762607,669868.577105,655554.70096,676873.055363,647190.762607,676873.055363
571,0.010574074074,918921.242487,947768.262927,898655.209316,924220.96013,898655.209316,947768.262927,817596.242487,846443.262927,797330.209316,822895.96013,797330.209316,846443.262927,1585.11192736,1607.91176808,1642.14547948,1665.50209826,1585.11192736,1665.50209826,576.983795641,587.467247919,554.490223732,565.068541722,554.490223732,587.467247919,640516.593433,664038.935009,649238.183832,671380.538932,640516.593433,671380.538932
572,0.010592592593,909563.695094,939648.967663,889935.873137,916695.791317,889935.873137,939648.967663,808238.695094,838323.967663,788610.873137,815370.791317,788610.873137,838323.967663,1581.46491417,1605.33879523,1638.8207633,1663.15562772,1581.46491417,1663.15562772,572.977640646,584.044386305,552.035998936,561.89819224,552.035998936,584.044386305,633979.655977,658332.969043,643049.119048,666003.427508,633979.655977,666003.427508
573,0.010611111111,900403.184773,931706.546698,881397.859891,909333.863174,881397.859891,931706.546698,799078.184773,830381.546698,780072.859891,808008.863174,780072.859891,830381.546698,1577.86174815,1602.80816725,1635.53560868,1660.84797849,1577.86174815,1660.84797849,569.043967954,580.687864898,548.871321654,558.789636737,548.871321654,580.687864898,627576.825273,652748.144436,636984.713361,660739.460607,627576.825273,660739.460607
574,0.01062962963,891435.13122,923937.312038,873037.083238,902131.896873,873037.083238,923937.312038,790110.13122,822612.312038,771712.083238,800806.896873,771712.083238,822612.312038,1574.30199501,1600.319651,1632.28965112,1658.57896165,1574.30199501,1658.57896165,565.181425589,577.396603794,545.275985066,555.741903218,545.275985066,577.396603794,621305.068693,647282.00299,631042.254519,655586.445497,621305.068693,655586.445497
575,0.010648148148,882655.091851,916337.688906,864849.577912,895086.713773,864849.577912,916337.688906,781330.091851,815012.688906,763524.577912,793761.713773,763524.577912,815012.688906,1570.785229,1597.87302215,1629.08253321,1656.34839591,1570.785229,1656.34839591,561.388697275,574.169553533,541.745577139,552.754047296,541.745577139,574.169553533,615161.442203,641932.160043,625219.10802,650542.254547,615161.442203,650542.254547
576,0.010666666667,874058.756181,908904.211206,856831.49479,888195.231446,856831.49479,908904.211206,772733.756181,807579.211206,755506.49479,786870.231446,755506.49479,807579.211206,1567.31103237,1595.46806467,1625.91390415,1654.15610726,1567.31103237,1654.15610726,557.664500968,571.005693867,538.278937926,549.825151091,538.278937926,571.005693867,609143.086769,636696.301538,619512.713968,645604.822674,609143.086769,645604.822674
577,0.010685185185,865641.940432,901633.517142,848979.096125,881454.45984,848979.096125,901633.517142,764316.940432,800308.517142,747654.096125,780129.45984,747654.096125,800308.517142,1563.87899476,1593.10457041,1622.78341921,1652.00192854,1563.87899476,1652.00192854,554.007587448,567.904032566,534.874936997,546.95432215,534.874936997,567.904032566,603247.224908,631572.181187,613920.584036,640772.144853,603247.224908,640772.144853
578,0.010703703704,857400.582089,894522.344973,841288.750956,874861.497557,841288.750956,894522.344973,756075.582089,793197.344973,739963.750956,773536.497557,739963.750956,793197.344973,1560.48871263,1590.78233861,1619.69073929,1649.88569909,1560.48871263,1649.88569909,550.416738816,564.863604256,531.532472168,544.140692392,531.532472168,564.863604256,597471.157227,626977.279723,608440.298524,636042.273707,597471.157227,636042.273707
579,0.010722222222,849330.734937,887567.528921,833756.930651,868413.528243,833756.930651,887567.528921,748005.734937,786242.528921,732431.930651,767088.528243,732431.930651,786242.528921,1557.13978871,1588.50117548,1616.63553038,1647.80726434,1557.13978871,1647.80726434,546.89076717,561.883469269,528.250468264,541.38341707,528.250468264,561.883469269,591812.259231,623152.124982,603069.50351,631413.317159,591812.259231,631413.317159
580,0.010740740741,841428.564182,880765.995186,826380.204605,862107.81708,826380.204605,880765.995186,740103.564182,779440.995186,725055.204605,760782.81708,725055.204605,779440.995186,1553.83183135,1586.26089372,1613.61746303,1645.7664754,1553.83183135,1645.7664754,543.428513287,558.962712514,525.027875906,538.681673756,525.027875906,558.962712514,586267.978197,619420.556204,597805.908085,627333.573698,586267.978197,627333.573698
581,0.010759259259,833690.341713,875430.258816,819155.236064,855941.707382,819155.236064,875430.258816,732365.341713,774105.258816,717830.236064,754616.707382,717830.236064,774105.258816,1550.56445398,1584.06131201,1610.63621186,1643.76318862,1550.56445398,1643.76318862,540.028845296,556.100442384,521.863670318,536.034661339,521.863670318,556.100442384,580835.830125,615781.15514,592647.281668,623924.631427,580835.830125,623924.631427
582,0.010777777778,826112.441527,870461.379489,812078.778084,849912.61727,812078.778084,870461.379489,724787.441527,769136.379489,710753.778084,748587.61727,710753.778084,769136.379489,1547.33727447,1581.90225461,1607.691455,1641.79726522,1547.33727447,1641.79726522,536.690657408,553.295789657,518.756850163,533.441599033,518.756850163,553.295789657,575513.396799,612232.548167,587591.451403,620601.911322,575513.396799,620601.911322
583,0.010796296296,818691.335285,865621.54221,805147.669598,845134.303472,805147.669598,865621.54221,717366.335285,764296.54221,703822.669598,743809.303472,703822.669598,764296.54221,1544.14991453,1579.78355076,1604.78287355,1639.8685708,1544.14991453,1639.8685708,533.412868648,551.034095379,515.706436389,530.9017254,515.706436389,551.034095379,570298.322924,608773.404484,582636.299613,617364.236578,570298.322924,617364.236578
584,0.010814814815,811423.588006,860908.848447,798358.831601,840805.605506,798358.831601,860908.848447,710098.588006,759583.848447,697033.831601,739480.605506,697033.831601,759583.848447,1541.00199909,1577.7050343,1601.91015103,1637.97697496,1541.00199909,1637.97697496,530.194421616,549.015752632,512.711471102,528.414297389,512.711471102,549.015752632,565188.313349,605402.434335,577779.761335,614210.467542,565188.313349,614210.467542
585,0.010833333333,804305.853887,856321.459452,791709.26343,836594.450077,791709.26343,856321.459452,702980.853887,754996.459452,690384.26343,735269.450077,690384.26343,754996.459452,1537.89315567,1575.66654303,1599.07297281,1636.12235074,1537.89315567,1636.12235074,527.034281266,547.048868788,509.771016445,526.335144407,509.771016445,547.048868788,560181.130363,602118.387279,573019.821908,611139.500152,560181.130363,611139.500152
586,0.010851851852,797334.872234,851857.593701,785196.03915,832499.272316,785196.03915,851857.593701,696009.872234,750532.593701,683871.03915,731174.272316,683871.03915,750532.593701,1534.82301374,1573.66791831,1596.27102552,1634.30457427,1534.82301374,1634.30457427,523.931433705,545.132920047,506.8841535,524.58195879,506.8841535,545.132920047,555274.591063,598920.050471,568354.514616,608150.264405,555274.591063,608150.264405
587,0.01087037037,790507.463506,847515.524365,778816.304018,828518.556812,778816.304018,847515.524365,689182.463506,746190.524365,677491.304018,727193.556812,677491.304018,746190.524365,1531.79120405,1571.70900443,1593.50399648,1632.5235242,1531.79120405,1632.5235242,520.884884999,543.267397805,504.049981194,522.876391001,504.049981194,543.267397805,550466.56479,595806.246988,563781.91839,605241.722832,550466.56479,605241.722832
588,0.010888888889,783820.525457,843293.576828,772567.271035,824650.835386,772567.271035,843293.576828,682495.525457,741968.576828,671242.271035,723325.835386,671242.271035,741968.576828,1528.79735797,1569.78964809,1590.77157304,1630.77908122,1528.79735797,1630.77908122,517.893660003,541.451807829,501.267615224,521.218006784,501.267615224,541.451807829,545754.97062,592775.834152,559300.155551,602412.868995,545754.97062,602412.868995
589,0.010907407407,777271.029372,839190.126225,766446.217574,820894.684883,766446.217574,839190.126225,675946.029372,737865.126225,665121.217574,719569.684883,665121.217574,737865.126225,1525.84110678,1567.90969785,1588.07344201,1629.07112759,1525.84110678,1629.07112759,514.9568012,539.685669417,498.536186979,519.606384446,498.536186979,539.685669417,541137.774916,589827.701896,554907.389607,599662.725999,541137.774916,599662.725999
590,0.010925925926,770856.016387,835203.595013,760450.482076,817248.724989,760450.482076,835203.595013,669531.016387,733878.595013,659125.482076,715923.724989,659125.482076,733878.595013,1522.92208101,1566.0690035,1585.409289,1627.39954655,1522.92208101,1627.39954655,512.07336753,537.968514583,495.854842473,518.041114115,495.854842473,537.968514583,536612.988931,586960.771119,550601.823078,596990.345002,536612.988931,596990.345002
591,0.010944444444,764572.593892,831332.450539,754577.460805,813711.616058,754577.460805,831332.450539,663247.593892,730007.450539,653252.460805,712386.616058,653252.460805,730007.450539,1520.03990967,1564.26741549,1582.77879773,1625.76422183,1520.03990967,1625.76422183,509.242433262,536.299887204,493.222741293,516.521796961,493.222741293,536.299887204,532178.666455,584173.992063,546381.695363,594394.80374,532178.666455,594394.80374
592,0.010962962963,758417.932001,827575.202664,748824.604665,810282.056942,748824.604665,827575.202664,657092.932001,726250.202664,647499.604665,708957.056942,647499.604665,726250.202664,1517.19421954,1562.50478433,1580.18164941,1624.16503705,1517.19421954,1624.16503705,506.463086834,534.679342177,490.639055522,515.04804442,490.639055522,534.679342177,527832.901508,581466.342699,542245.280646,591875.205049,527832.901508,591875.205049
593,0.010981481481,752389.260089,823930.401369,743189.41607,806958.782829,743189.41607,823930.401369,651064.260089,722605.401369,641864.41607,705633.782829,641864.41607,722605.401369,1514.38463439,1560.78095988,1577.61752197,1622.60187514,1514.38463439,1622.60187514,503.734429723,533.106444587,488.102968703,513.619477411,488.102968703,533.106444587,523573.826069,578836.827122,538190.885816,589430.675385,523573.826069,589430.675385
594,0.011,746483.863393,820396.634357,737669.445849,803740.563076,737669.445849,820396.634357,645158.863393,719071.634357,636344.445849,702415.563076,636344.445849,719071.634357,1511.61077423,1559.09579077,1575.0860894,1621.07461776,1511.61077423,1621.07461776,501.055575299,531.58076881,485.61367476,512.235725532,485.61367476,531.58076881,519399.607841,576284.473921,534216.848424,587060.363343,519399.607841,587060.363343
595,0.011018518519,740699.079659,816972.524655,732262.290202,800626.199032,732262.290202,816972.524655,639374.079659,715647.524655,630937.290202,699301.199032,630937.290202,715647.524655,1508.87225443,1557.44912364,1572.58702097,1619.58314465,1508.87225443,1619.58314465,498.425647697,530.101897656,483.170376948,510.896426256,483.170376948,530.101897656,515308.448051,573808.334558,530321.534656,584763.438156,515308.448051,584763.438156
596,0.011037037037,735032.29584,813656.728212,726965.587682,797614.521847,726965.587682,813656.728212,633707.29584,712331.728212,625640.587682,696289.521847,625640.587682,712331.728212,1506.168685,1555.84080248,1570.11998051,1618.12733302,1506.168685,1618.12733302,495.843780656,528.669421459,480.772286775,509.601224089,480.772286775,528.669421459,511298.579263,571407.481737,526503.337322,582539.088195,511298.579263,582539.088195
597,0.011055555556,729480.944829,810447.931473,721777.016208,794704.390263,721777.016208,810447.931473,628155.944829,709122.931473,620452.016208,693379.390263,620452.016208,709122.931473,1503.49966962,1554.27066788,1567.68462556,1616.70705682,1503.49966962,1616.70705682,493.309116391,527.282937165,478.418622938,508.349769739,478.418622938,527.282937165,507368.26323,569081.007757,522760.673866,580386.519443,507368.26323,580386.519443
598,0.011074074074,724042.502236,807344.848935,716694.290103,791894.688378,716694.290103,807344.848935,622717.502236,706019.848935,615369.290103,690569.688378,615369.290103,706019.848935,1500.86480486,1552.73855627,1565.28060659,1615.3221861,1500.86480486,1615.3221861,490.820804426,525.9420474,476.108610239,507.141719239,476.108610239,525.9420474,503515.788754,566828.022848,519091.984373,578304.953947,503515.788754,578304.953947
599,0.011092592593,718714.483184,804346.220676,711715.157143,789184.323375,711715.157143,804346.220676,617389.483184,703021.220676,610390.157143,687859.323375,610390.157143,703021.220676,1498.26367919,1551.24429913,1562.90756615,1613.97258629,1498.26367919,1613.97258629,488.378000438,524.646359512,473.841478485,505.976733059,473.841478485,524.646359512,499739.469562,564647.653483,515495.7296,576293.628254,499739.469562,576293.628254
600,0.011111111111,713494.439133,801450.80984,706837.395623,786572.22322,706837.395623,801450.80984,612169.439133,700125.80984,605512.395623,685247.22322,605512.395623,700125.80984,1495.69587207,1549.78772216,1560.56513802,1612.65811738,1495.69587207,1612.65811738,485.979865085,523.395484588,471.616461383,504.854475202,471.616461383,523.395484588,496037.642202,562539.040668,511970.388994,574351.79181,496037.642202,574351.79181
601,0.01112962963,708379.954772,798657.400089,702058.811431,784057.334305,702058.811431,798657.400089,607054.954772,697332.400089,600733.811431,682732.334305,600733.811431,697332.400089,1493.160953,1548.36864445,1558.25294624,1611.37863325,1493.160953,1611.37863325,483.62556284,522.189036445,469.432795436,503.774612244,469.432795436,522.189036445,492408.663958,560501.338195,508514.458719,572478.705327,492408.663958,572478.705327
602,0.011148148148,703368.644981,795964.792999,697377.235116,781638.619049,697377.235116,795964.792999,602043.644981,694639.792999,596052.235116,680313.619049,596052.235116,694639.792999,1490.65848046,1546.98687759,1555.97060427,1610.13398074,1490.65848046,1610.13398074,481.314260865,521.026630586,467.28971878,502.736812389,467.28971878,521.026630586,488850.910814,558533.710862,505126.449678,570673.639113,488850.910814,570673.639113
603,0.011166666667,698458.151312,793371.805399,692790.518957,779315.053438,692790.518957,793371.805399,597133.151312,692046.805399,591465.518957,677990.053438,591465.518957,692046.805399,1488.18800091,1545.64222475,1553.71771392,1608.92399892,1488.18800091,1608.92399892,479.045127577,519.907883126,465.186470055,501.740744442,465.186470055,519.907883126,485362.775156,556635.332654,501804.885524,568935.87136,485362.775156,568935.87136
604,0.011185185185,693646.139027,790877.266654,688296.534024,777085.624494,688296.534024,790877.266654,592321.139027,689552.266654,586971.534024,675760.624494,586971.534024,689552.266654,1485.74904775,1544.33447971,1551.49386443,1607.74851814,1485.74904775,1607.74851814,476.817331503,518.832409691,463.12228721,500.786076786,463.12228721,518.832409691,481942.663767,554805.384874,498548.300663,567264.686384,481942.663767,567264.686384
605,0.011203703704,688930.29399,788480.01586,683893.167218,774949.327678,683893.167218,788480.01586,587605.29399,687155.01586,582568.167218,673624.327678,582568.167218,687155.01586,1483.34114012,1543.0634259,1549.29863139,1606.60735913,1483.34114012,1606.60735913,474.630040064,517.799824256,461.096406315,499.872476301,461.096406315,517.799824256,478588.995732,553043.054226,495355.238242,565659.372807,478588.995732,565659.372807
606,0.011222222222,684308.319508,786178.898975,679578.3183,772905.16421,679578.3183,786178.898975,582983.319508,684853.898975,578253.3183,671580.16421,578253.3183,684853.898975,1480.96378181,1541.82883532,1547.13157563,1605.50033206,1480.96378181,1605.50033206,472.482418272,516.809737966,459.108060341,498.999607248,459.108060341,516.809737966,475300.200323,551347.530837,492224.248118,564119.22169,475300.200323,564119.22169
607,0.011240740741,679777.933155,783972.764633,675349.89688,770952.138292,675349.89688,783972.764633,578452.933155,682647.764633,574024.89688,669627.138292,574024.89688,682647.764633,1478.61646003,1540.63046739,1544.99224217,1604.42723555,1478.61646003,1604.42723555,470.373627437,515.861757268,457.156477895,498.167130104,457.156477895,515.861757268,472074.714861,549718.005506,489153.884806,562643.524595,472074.714861,562643.524595
608,0.011259259259,675336.86358,781860.464624,671205.819395,769089.254247,671205.819395,781860.464624,574011.86358,680535.464624,569880.819395,667764.254247,569880.819395,680535.464624,1476.29864419,1539.46806812,1542.88015899,1603.38785563,1476.29864419,1603.38785563,468.302823824,514.955484438,455.240881954,497.374700354,455.240881954,514.955484438,468910.982565,548153.669688,486142.705399,561231.571576,468910.982565,561231.571576
609,0.011277777778,670982.847281,779840.847283,667144.00603,767315.513541,667144.00603,779840.847283,569657.847281,678515.847283,565819.00603,665990.513541,565819.00603,678515.847283,1474.00978456,1538.34136864,1540.79483583,1602.38196464,1474.00978456,1602.38196464,466.269157297,514.090514487,453.360488549,496.621967235,453.360488549,514.090514487,465807.450379,546653.711278,483189.267466,559882.649105,465807.450379,559882.649105
610,0.011296296296,666713.625352,777912.755329,663162.377615,765629.911688,663162.377615,777912.755329,565388.625352,676587.755329,561837.377615,664304.911688,561837.377615,676587.755329,1471.749311,1537.25008406,1538.73576297,1601.40932015,1471.749311,1601.40932015,464.271769908,513.26643434,451.514505417,495.908572408,451.514505417,513.26643434,462762.566772,545217.313023,480292.126911,558596.037902,462762.566772,558596.037902
611,0.011314814815,662526.94019,776075.022441,659258.852462,764031.435036,659258.852462,776075.022441,561201.94019,674750.022441,557933.852462,662706.435036,557933.852462,674750.022441,1469.51663149,1536.19391222,1536.70240984,1600.46966371,1469.51663149,1600.46966371,462.30979448,512.482821375,449.702130624,495.234148598,449.702130624,512.482821375,459774.779511,543843.65016,477449.835795,557371.010682,459774.779511,557371.010682
612,0.011333333333,658420.532162,774326.4697,655431.343161,762519.057409,655431.343161,774326.4697,557095.532162,673001.4697,554106.343161,661194.057409,554106.343161,673001.4697,1467.31113074,1535.17253232,1534.69422375,1599.56271971,1467.31113074,1599.56271971,460.382353125,511.739241896,447.922551134,494.598318139,447.922551134,511.739241896,456842.533403,542531.88797,474660.940125,556206.82981,456842.533403,556206.82981
613,0.011351851852,654392.136215,772665.909808,651677.753306,761091.736609,651677.753306,772665.909808,553067.136215,671340.909808,550352.753306,659766.736609,550352.753306,671340.909808,1465.13216868,1534.18560455,1532.71062839,1598.68819399,1465.13216868,1598.68819399,458.488555732,511.035253562,446.174941357,494.000691486,446.174941357,511.035253562,453964.268001,541281.183989,471923.977594,555102.744846,453964.268001,555102.744846
614,0.01137037037,650439.478447,771092.119979,647995.974168,759748.410747,647995.974168,771092.119979,549114.478447,669767.119979,546670.974168,658423.410747,546670.974168,669767.119979,1462.97907884,1533.23276572,1530.75102237,1597.8457726,1462.97907884,1597.8457726,456.627498425,510.370391935,444.458461632,493.440865614,444.458461632,510.370391935,451138.415268,540090.671401,469237.47527,554057.989982,451138.415268,554057.989982
615,0.011388888889,646560.272607,769603.860311,644383.881298,758487.994423,644383.881298,769603.860311,545235.272607,668278.860311,543058.881298,657162.994423,543058.881298,668278.860311,1460.85116679,1532.31363051,1528.81477771,1597.03512029,1460.85116679,1597.03512029,454.798261955,509.74418009,442.772256678,492.918422388,442.772256678,509.74418009,448363.397203,538959.469683,466599.947246,553071.781356,448363.397203,553071.781356
616,0.011407407407,642752.216536,768199.859806,640839.331047,757309.374698,640839.331047,768199.859806,541427.216536,666874.859806,539514.331047,655984.374698,539514.331047,666874.859806,1458.7477084,1531.4277886,1526.90123817,1596.25587911,1458.7477084,1596.25587911,452.999910052,509.15612185,441.115453986,492.432926804,441.115453986,509.15612185,445637.62342,537886.675857,464009.892224,552143.314247,445637.62342,552143.314247
617,0.011425925926,639012.988541,766878.820445,637360.160456,756211.406894,637360.160456,766878.820445,537687.988541,665553.820445,536035.160456,654886.406894,536035.160456,665553.820445,1456.66794807,1530.57480422,1525.00971714,1595.50766684,1456.66794807,1595.50766684,451.231487739,508.60570415,439.487164131,491.983925175,439.487164131,508.60570415,442959.488673,536871.366582,461465.792897,551271.760121,442959.488673,551271.760121
618,0.011444444444,635340.243692,765639.403864,633944.182298,755192.910165,633944.182298,765639.403864,534015.243692,664314.403864,532619.182298,653867.910165,532619.182298,664314.403864,1454.61109691,1529.75421317,1523.13949585,1594.79007537,1454.61109691,1594.79007537,449.492019567,508.092390639,437.886478346,491.570943205,437.886478346,508.092390639,440327.370341,535912.589705,458966.112652,550456.263541,440327.370341,550456.263541
619,0.011462962963,631731.610048,764480.22937,630589.173766,754252.662858,630589.173766,764480.22937,530406.610048,663155.22937,529264.173766,652927.662858,529264.173766,663155.22937,1452.57633081,1528.96552139,1521.28982258,1594.10266899,1452.57633081,1594.10266899,447.780507819,507.615621011,436.312462406,491.193483983,436.312462406,507.615621011,437739.625843,535009.362663,456509.28888,549695.938917,437739.625843,549695.938917
620,0.011481481481,628184.68479,763399.868732,627292.878067,753389.397623,627292.878067,763399.868732,526859.68479,662074.868732,525967.878067,652064.397623,525967.878067,662074.868732,1450.56278844,1528.20820302,1519.45991017,1593.44498265,1450.56278844,1593.44498265,446.095930637,507.174808722,434.764157856,490.851025848,434.764157856,507.174808722,435194.590003,534160.668911,454093.733258,548989.867087,435194.590003,548989.867087
621,0.0115,624697.030279,762396.84112,624053.000497,752601.796279,624053.000497,762396.84112,523372.030279,661071.84112,522728.000497,651276.796279,522728.000497,661071.84112,1448.56956913,1527.48169844,1517.64893394,1592.81652004,1448.56956913,1592.81652004,444.437240105,506.769338804,433.240580125,490.543020164,433.240580125,506.769338804,432690.572356,533365.454421,451717.829006,548337.091731,432690.572356,548337.091731
622,0.011518518519,621266.170015,761469.607293,620867.204398,751888.484404,620867.204398,761469.607293,519941.170015,660144.607293,519542.204398,650563.484404,519542.204398,660144.607293,1446.59573077,1526.7854121,1515.85602963,1592.21675171,1446.59573077,1592.21675171,442.803360242,506.398565312,431.740716545,490.268888959,431.740716545,506.398565312,430225.854382,532622.623702,449379.928052,547736.615587,430225.854382,547736.615587
623,0.011537037037,617889.584507,760616.563694,617733.107006,751248.040683,617733.107006,760616.563694,516564.584507,659291.563694,516408.107006,649923.040683,516408.107006,659291.563694,1444.64028745,1526.11871033,1514.08029115,1591.64511706,1444.64028745,1591.64511706,441.193184957,506.061808738,430.263524317,490.028029634,430.263524317,506.061808738,427798.686683,531931.035749,447078.348119,547187.406513,427798.686683,547187.406513
624,0.011555555556,614564.701527,759836.036229,614648.275187,750678.946622,614564.701527,759836.036229,513239.701527,658511.036229,513323.275187,649353.946622,513239.701527,658511.036229,1442.70220941,1525.48091901,1512.32076832,1591.10100996,1442.70220941,1591.10100996,439.605572393,505.758353295,428.803548482,489.819791243,428.803548482,505.758353295,425407.283675,531289.499766,444811.369731,546688.363705,425407.283675,546688.363705
625,0.011574074074,611288.903149,759126.273713,611610.221041,750179.624003,611288.903149,759126.273713,509963.903149,657801.273713,510285.221041,648854.624003,509963.903149,657801.273713,1440.78041641,1524.8713211,1510.57646439,1590.58378871,1440.78041641,1590.58378871,438.039349882,505.487444043,427.362981485,489.643492584,427.362981485,505.487444043,423049.825733,530696.770675,442577.233118,546238.342575,423049.825733,546238.342575
626,0.011592592593,608059.521228,758485.440975,608616.397385,749748.412305,608059.521228,758485.440975,506734.521228,657160.440975,507291.397385,648423.412305,506734.521228,657160.440975,1438.87377419,1524.28915408,1508.84633352,1590.09276955,1438.87377419,1590.09276955,436.493311805,505.248283874,425.941751743,489.498411667,425.941751743,505.248283874,420724.455858,530151.544387,440374.135039,545836.139555,420724.455858,545836.139555
627,0.011611111111,604873.817928,757911.608769,605664.193103,749383.562701,604873.817928,757911.608769,503548.817928,656586.608769,504339.193103,648058.562701,503548.817928,656586.608769,1436.98109968,1523.73360677,1507.12927813,1589.62722399,1436.98109968,1589.62722399,434.966207394,505.040028902,424.538672687,489.383783223,424.538672687,505.040028902,418429.270513,529652.451074,438200.225495,545480.48776,418429.270513,545480.48776
628,0.01162962963,601728.99636,757402.754921,602750.922384,749083.23168,601728.99636,757402.754921,500403.99636,656077.754921,501425.922384,647758.23168,500403.99636,656077.754921,1435.10114814,1523.20381804,1505.42414916,1589.18637638,1435.10114814,1589.18637638,433.456748674,504.86178953,423.152515664,489.298795982,423.152515664,504.86178953,416162.32207,529198.055368,436053.601739,545170.052461,416162.32207,545170.052461
629,0.011648148148,598622.18725,756956.746192,599873.820992,748845.466796,598622.18725,756956.746192,497297.18725,655631.746192,498548.820992,647520.466796,497297.18725,655631.746192,1433.23261716,1522.69887197,1503.7297442,1588.76939914,1433.23261716,1588.76939914,431.963601909,504.712621864,421.782003266,489.24258624,421.782003266,504.712621864,413921.612775,528786.844597,433932.305747,544903.42131,413921.612775,544903.42131
630,0.011666666667,595550.446115,756571.335185,597030.058358,748668.200823,595550.446115,756571.335185,494225.446115,655246.335185,495705.058358,647343.200823,494225.446115,655246.335185,1431.37414188,1522.21779581,1502.04479543,1588.37541068,1431.37414188,1588.37541068,430.485386429,504.591526676,420.425817094,489.214235389,420.425817094,504.591526676,411705.092037,528417.22635,431834.328143,544679.100235,411705.092037,544679.100235
631,0.011685185185,592510.748817,756244.150129,594216.720524,748549.254508,592510.748817,756244.150129,491185.748817,654919.150129,492891.720524,647224.254508,491185.748817,654919.150129,1429.52429144,1521.75955636,1500.3679714,1588.0034762,1429.52429144,1588.0034762,429.020672292,504.497444843,419.082589585,489.212771481,419.082589585,504.497444843,409510.653232,528087.521547,429757.599025,544495.515259,409510.653232,544495.515259
632,0.011703703704,589499.986531,755972.685546,591430.804575,748486.319003,589499.986531,755972.685546,488174.986531,654647.685546,490105.804575,647161.319003,488174.986531,654647.685546,1427.68156571,1521.32305653,1498.69787386,1587.65260166,1427.68156571,1587.65260166,427.567977508,504.429253253,417.750901103,489.237161316,417.750901103,504.429253253,407336.130261,527795.958066,427699.984094,544351.000367,407336.130261,544351.000367
633,0.011722222222,586514.960638,755754.292353,588669.213184,748476.946166,586514.960638,755754.292353,485189.960638,654429.292353,487344.213184,647151.946166,485189.960638,654429.292353,1425.84439174,1520.90713169,1497.03303424,1587.32173038,1425.84439174,1587.32173038,426.12576521,504.385760445,416.429277024,489.286306205,416.429277024,504.385760445,405179.294026,527540.663972,425659.280794,544243.790769,405179.294026,544243.790769
634,0.011740740741,583552.377533,755586.173172,585928.749022,748518.538359,583552.377533,755586.173172,482227.377533,654261.173172,484603.749022,647193.538359,482227.377533,654261.173172,1424.01112014,1520.51054743,1495.37190999,1587.00973944,1424.01112014,1587.00973944,424.692440717,504.365704792,415.116184701,489.359037531,415.116184701,504.365704792,403037.848879,527319.664122,423633.214366,544172.015818,403037.848879,544172.015818
635,0.011759259259,580608.843375,755465.353264,583206.109052,748608.337711,580608.843375,755465.353264,479283.843375,654140.353264,481881.109052,647283.337711,479283.843375,654140.353264,1422.18002126,1520.13199041,1493.71288094,1586.7154359,1422.18002126,1586.7154359,423.266348538,504.367740899,413.810030326,489.454112068,413.810030326,504.367740899,400909.429007,527130.860946,421619.433842,544133.691551,400909.429007,544133.691551
636,0.011777777778,577680.871581,755388.688014,580497.878741,748743.414846,577680.871581,755388.688014,476355.871581,654063.688014,479172.878741,647418.414846,476355.871581,654063.688014,1420.34923224,1519.77006939,1492.05424551,1586.43755285,1420.34923224,1586.43755285,421.845784468,504.390443723,412.509155686,489.570207052,412.509155686,504.390443723,398791.588469,526972.038887,419615.508014,544126.712876,398791.588469,544126.712876
637,0.011796296296,574764.852487,755352.844127,577800.526277,748920.657098,574764.852487,755352.844127,473439.852487,654027.844127,476475.526277,647595.657098,473439.852487,654027.844127,1418.5168031,1519.4233088,1490.39421716,1586.17474525,1418.5168031,1586.17474525,420.428969898,504.432299979,411.211834803,489.70591504,411.211834803,504.432299979,396681.797609,526840.851811,417618.921477,544148.845391,396681.797609,544148.845391
638,0.011814814815,571857.039097,755354.286978,575110.396953,749136.756336,571857.039097,755354.286978,470532.039097,654029.286978,473785.396953,647811.756336,470532.039097,654029.286978,1416.68077335,1519.09014411,1488.73092123,1585.9255856,1416.68077335,1585.9255856,419.014030628,504.491702516,409.916270531,489.859738589,409.916270531,504.491702516,394577.456407,526734.814382,415627.070909,544197.716954,394577.456407,544197.716954
639,0.011833333333,568953.571431,755389.266399,572423.707997,749388.196937,568953.571431,755389.266399,467628.571431,654064.266399,471098.707997,648063.196937,467628.571431,654064.266399,1414.83909233,1518.76891641,1487.06239245,1585.68855973,1414.83909233,1585.68855973,417.599022793,504.566943988,408.620591156,490.030085004,408.620591156,504.566943988,392475.886541,526651.292381,413637.261828,544270.809336,392475.886541,544270.809336
640,0.011851851852,566050.472968,755453.89365,569736.544258,749671.247456,566050.472968,755453.89365,464725.472968,654128.89365,468411.544258,648346.247456,464725.472968,654128.89365,1412.98956568,1518.45789663,1485.38657352,1585.46206375,1412.98956568,1585.46206375,416.181938227,504.656254032,407.322847156,490.215262826,407.322847156,504.656254032,390374.315483,526587.553352,411646.706149,544365.45244,390374.315483,544365.45244
641,0.01187037037,563143.635437,755543.848556,567044.855137,749981.90878,563143.635437,755543.848556,461818.635437,654218.848556,465719.855137,648656.90878,461818.635437,654218.848556,1411.12989298,1518.15518907,1483.70131461,1585.24438746,1411.12989298,1585.24438746,414.760688557,504.757660051,406.021008354,490.413457773,406.021008354,504.757660051,388269.878993,526540.572306,409652.520721,544478.789027,388269.878993,544478.789027
642,0.011888888889,560228.813882,755654.650032,564344.452669,750316.403374,560228.813882,755654.650032,458903.813882,654329.650032,463019.452669,648991.403374,458903.813882,654329.650032,1409.25766291,1517.85881951,1482.00437228,1585.03392608,1409.25766291,1585.03392608,413.333101856,504.86911653,404.712961588,490.622954278,404.712961588,504.86911653,386159.617744,526507.210871,407651.726435,544608.124163,386159.617744,544608.124163
643,0.011907407407,557301.621877,755781.466792,561631.009544,750669.449117,557301.621877,755781.466792,455976.621877,654456.466792,460306.009544,649344.449117,455976.621877,654456.466792,1407.37034817,1517.56667716,1480.29340546,1584.82843241,1407.37034817,1584.82843241,411.896919286,504.98841435,403.396508695,490.841355478,403.396508695,504.98841435,384040.474045,526484.093152,405641.246553,544749.692113,384040.474045,544749.692113
644,0.011925925926,554357.526908,755919.372029,558900.054983,751036.268558,554357.526908,755919.372029,453032.526908,654594.372029,457575.054983,649711.268558,453032.526908,654594.372029,1405.46530014,1517.27658505,1478.56596612,1584.62587881,1405.46530014,1584.62587881,410.44979173,505.11330472,402.069364073,491.066493278,402.069364073,505.11330472,381909.288654,526467.770306,403617.902486,544900.089157,381909.288654,544900.089157
645,0.011944444444,551391.845899,756063.016997,556146.967209,751411.060741,551391.845899,756063.016997,450066.845899,654738.016997,454821.967209,650086.060741,450066.845899,654738.016997,1403.53974315,1516.9862007,1476.81948555,1584.42397145,1403.53974315,1584.42397145,408.989276402,505.241342374,400.725535895,491.295708901,400.725535895,505.241342374,379762.79766,526454.506778,401578.406587,545055.236527,379762.79766,545055.236527
646,0.011962962963,548399.74087,756206.734955,553366.963702,751789.577963,548399.74087,756206.734955,447074.74087,654881.734955,452041.963702,650464.577963,447074.74087,654881.734955,1401.59076841,1516.69304758,1475.0512607,1584.22058723,1401.59076841,1584.22058723,407.510523786,505.369935688,399.358284032,491.527129145,399.358284032,505.369935688,377597.629434,526440.348463,399519.353745,545212.010829,377597.629434,545212.010829
647,0.011981481481,545376.214741,756344.484205,550555.091807,752165.608242,545376.214741,756344.484205,444051.214741,655019.484205,449230.091807,650840.608242,444051.214741,655019.484205,1399.61532742,1516.39448699,1473.25844372,1584.01326345,1399.61532742,1584.01326345,406.009851236,505.496321212,397.972776265,491.757910426,397.972776265,505.496321212,375410.301628,526421.082105,397437.214174,545366.04507,375410.301628,545366.04507
648,0.012,542316.106885,756469.918695,547706.221358,752534.179885,542316.106885,756469.918695,440991.106885,655144.918695,446381.221358,651209.179885,440991.106885,655144.918695,1397.6102242,1516.08776063,1471.43803528,1583.79988618,1397.6102242,1583.79988618,404.487802452,505.617593826,396.566310334,491.985801801,396.566310334,505.617593826,373197.217853,526392.28849,395328.328397,545513.801038,373197.217853,545513.801038
649,0.012018518519,539214.220409,756576.292678,544815.039452,752888.101335,539214.220409,756576.292678,437889.220409,655251.292678,443490.039452,651563.101335,437889.220409,655251.292678,1395.57233092,1515.76993775,1469.58687958,1583.57748238,1395.57233092,1583.57748238,402.941514631,505.730664919,395.136071775,492.207533918,395.136071775,505.730664919,370954.795519,526349.272646,393188.904034,545650.188758,370954.795519,545650.188758
650,0.012037037037,536065.068087,756656.461515,541876.046764,753220.509284,536065.068087,756656.461515,434740.068087,655331.461515,440551.046764,651895.509284,434740.068087,655331.461515,1393.49813926,1515.43791941,1467.70165959,1583.34319375,1393.49813926,1583.34319375,401.368016145,505.83226174,393.679134043,492.419991495,393.679134043,505.83226174,368679.209168,526287.065973,391015.01363,545770.346041,368679.209168,545770.346041
651,0.012055555556,532863.061097,756702.855419,538883.554897,753524.132086,532863.061097,756702.855419,431538.061097,655377.855419,437558.554897,652199.132086,431538.061097,655377.855419,1391.38385926,1515.0884261,1465.77889164,1583.09399933,1391.38385926,1583.09399933,399.764276383,505.918915057,392.192451902,492.619873423,392.192451902,505.918915057,366366.522658,526200.408096,388802.593029,545869.125692,366366.522658,545869.125692
652,0.012074074074,529603.092321,756707.470459,535831.683159,753791.243191,529603.092321,756707.470459,428278.092321,655382.470459,434506.683159,652466.243191,428278.092321,655382.470459,1389.22604353,1514.71799424,1463.81491727,1582.82669463,1389.22604353,1582.82669463,398.127436465,505.986954289,390.672858119,492.803671442,390.672858119,505.986954289,364013.173936,526083.741224,386547.438867,545941.062436,364013.173936,545941.062436
653,0.012092592593,526280.038915,756661.835877,532714.319732,754013.654137,526280.038915,756661.835877,424955.038915,655336.835877,431389.319732,652688.654137,424955.038915,655336.835877,1387.0211575,1514.32295954,1461.80584372,1582.53788889,1387.0211575,1582.53788889,396.454633855,506.032492049,389.117060379,492.967666336,389.117060379,506.032492049,361615.58941,525931.187259,384245.172813,545980.368466,361615.58941,545980.368466
654,0.012111111111,522888.715584,756557.015691,529525.198887,754182.70938,522888.715584,756557.015691,421563.715584,655232.015691,428200.198887,652857.70938,421563.715584,655232.015691,1384.76554765,1513.89945967,1459.74762844,1582.22400387,1384.76554765,1582.22400387,394.742944635,506.051423358,387.521638442,493.107924605,387.521638442,506.051423358,359170.151444,525736.550292,381891.309131,545980.930623,359170.151444,545980.930623
655,0.01212962963,519423.89338,756383.566694,526258.320788,754289.250168,519423.89338,756383.566694,418098.89338,655058.566694,424933.320788,652964.250168,418098.89338,655058.566694,1382.45544613,1513.44341121,1457.63629455,1581.88125653,1382.45544613,1581.88125653,392.986412606,506.039405757,385.88308586,493.220281342,385.88308586,506.039405757,356673.211505,525493.286722,379481.551998,545936.284757,356673.211505,545936.284757
656,0.012148148148,515880.321309,756131.524842,522907.960938,754323.592881,515880.321309,756131.524842,414555.321309,654806.524842,421582.960938,652998.592881,414555.321309,654806.524842,1380.08697605,1512.95050216,1455.46791738,1581.50564818,1380.08697605,1581.50564818,391.173640017,505.991851506,384.198120349,493.300329301,384.198120349,505.991851506,354121.105101,525194.49636,377011.798219,545839.600622,354121.105101,545839.600622
657,0.012166666667,512252.751835,755790.379189,519468.359045,754275.507749,512252.751835,755790.379189,410927.751835,654465.379189,418143.359045,652950.507749,410927.751835,654465.379189,1377.65615872,1512.41617597,1453.23845197,1581.09295334,1377.65615872,1581.09295334,389.312303266,505.903914186,382.463461861,493.343407852,382.463461861,505.903914186,351510.169432,524832.904061,374477.916012,545683.667001,351510.169432,545683.667001
658,0.012185185185,508535.970386,755349.062455,515933.734492,754134.198129,508535.970386,755349.062455,407210.970386,654024.062455,414608.734492,652809.198129,407210.970386,654024.062455,1375.15892269,1511.83562534,1450.94373315,1580.63870794,1375.15892269,1580.63870794,387.399283663,505.770481999,380.67578012,493.344591924,380.67578012,505.770481999,348836.76374,524400.853981,371875.755719,545460.877186,348836.76374,545460.877186
659,0.012203703704,504724.830658,754795.946136,512298.317618,753888.280598,504724.830658,754795.946136,403399.830658,653470.946136,410973.317618,652563.280598,403399.830658,653470.946136,1372.59111696,1511.20378907,1448.57948377,1580.13819727,1372.59111696,1580.13819727,385.431434931,505.586172422,378.831710873,493.298680938,378.831710873,505.586172422,346097.293928,523890.307565,369201.171722,545163.214968,346097.293928,545163.214968
660,0.012222222222,500814.29474,754118.771942,508556.396594,753525.756809,500814.29474,754118.771942,399489.29474,652793.771942,407231.396594,652200.756809,399489.29474,652793.771942,1369.94852642,1510.51530244,1446.14133829,1579.58643697,1369.94852642,1579.58643697,383.405666121,505.345300346,376.927869476,493.200184025,376.927869476,505.345300346,343288.240387,523292.791525,366450.057182,544782.233985,343288.240387,544782.233985
661,0.012240740741,496799.478854,753304.702631,504702.353571,753034.010475,496799.478854,753304.702631,395474.478854,651979.702631,403377.353571,651709.010475,395474.478854,651979.702631,1367.22689055,1509.76452818,1443.6248488,1578.97816847,1367.22689055,1578.97816847,381.318893045,505.041895196,374.960873797,493.043315386,374.960873797,505.041895196,340406.18968,522599.438394,363618.368265,544309.056297,340406.18968,544309.056297
662,0.012259259259,492675.353756,752340.246081,500730.696107,752399.802136,492675.353756,752399.802136,391350.353756,651015.246081,399405.696107,651074.802136,391350.353756,651074.802136,1364.42147575,1508.94550238,1441.0254807,1578.30785161,1364.42147575,1578.30785161,379.168094571,504.669664381,372.927359577,492.821988254,372.927359577,504.669664381,337447.566076,521800.929674,360702.143246,543734.369085,337447.566076,543734.369085
663,0.012277777778,488425.285872,751211.263241,496636.127721,751609.229298,488425.285872,751609.229298,387100.285872,649886.263241,395311.127721,650284.229298,387100.285872,650284.229298,1361.5284142,1508.05191969,1438.33865211,1577.56963699,1361.5284142,1577.56963699,376.95034266,504.221993809,370.824010803,492.529793264,370.824010803,504.221993809,334409.562953,520887.498654,357697.554778,543048.395367,334409.562953,543048.395367
664,0.012296296296,484010.17319,749903.128149,492413.612743,750647.728424,484010.17319,750647.728424,382685.17319,648578.128149,391088.612743,649322.728424,382685.17319,649322.728424,1358.54346937,1507.07726137,1435.55976108,1576.7573573,1358.54346937,1576.7573573,374.662833263,503.692003797,368.647525674,492.159994696,368.647525674,503.692003797,331289.325664,519849.063854,354600.955763,542240.895127,331289.325664,542240.895127
665,0.012314814815,479471.522331,748400.419657,488058.450105,749500.068408,479471.522331,749500.068408,378146.522331,647075.419657,386733.450105,648175.068408,378146.522331,648175.068408,1355.46248792,1506.01453813,1432.68421877,1575.86451268,1355.46248792,1575.86451268,372.302927853,503.072420701,366.394825718,491.705522219,366.394825718,503.072420701,328084.285413,518674.979475,351408.931645,541301.1601,328084.285413,541301.1601
666,0.012333333333,474806.063093,746687.126657,483566.35689,748150.049303,474806.063093,748150.049303,373481.063093,645362.126657,382241.35689,646825.049303,373481.063093,646825.049303,1352.28143838,1504.85643034,1429.70748948,1574.88408251,1352.28143838,1574.88408251,369.86819935,502.355652465,364.062971273,491.158835393,364.062971273,502.355652465,324792.212201,517354.19901,348118.359731,540217.785033,324792.212201,540217.785033
667,0.012351851852,470011.121721,744746.616226,478921.317066,746581.379707,470011.121721,746581.379707,368686.121721,643421.616226,377596.317066,645256.379707,368686.121721,645256.379707,1348.99648071,1503.59524485,1426.62513861,1573.80901002,1348.99648071,1573.80901002,367.356484475,501.533768088,361.649209771,490.51229442,361.649209771,501.533768088,321411.289756,515875.248987,344726.476126,538979.328634,321411.289756,538979.328634
668,0.01237037037,465084.728759,742561.642583,474077.113042,744776.833717,465084.728759,744776.833717,363759.728759,641236.642583,372752.113042,643451.833717,363759.728759,643451.833717,1345.60402314,1502.22289529,1423.43288432,1572.63170669,1345.60402314,1572.63170669,364.765943179,500.598493288,359.151052577,489.757788726,359.151052577,500.598493288,317940.18234,514226.233652,341230.947102,537573.677503,317940.18234,537573.677503
669,0.012388888889,460025.737884,740114.316557,469084.184076,742718.542885,460025.737884,742718.542885,358700.737884,638789.316557,367759.184076,641393.542885,358700.737884,641393.542885,1342.10080078,1500.73083754,1420.12664923,1571.3441914,1342.10080078,1571.3441914,362.095125577,499.541191051,356.566338976,488.886854488,356.566338976,499.541191051,314378.116555,512394.804283,337629.942385,535988.26317,314378.116555,535988.26317
670,0.012407407407,454833.956366,737386.330956,463940.880267,740388.019743,454833.956366,740388.019743,353508.956366,636061.330956,362615.880267,639063.019743,353508.956366,639063.019743,1338.48396402,1499.11024208,1416.70268109,1569.93807561,1338.48396402,1569.93807561,359.343047067,498.352936686,353.893304543,487.890675155,353.893304543,498.352936686,310724.969104,510368.346631,333922.256723,534210.076961,310724.969104,534210.076961
671,0.012425925926,449510.287112,734358.732529,458646.578515,737766.190331,449510.287112,737766.190331,348185.287112,633033.732529,357321.578515,636441.190331,348185.287112,636441.190331,1334.75117998,1497.35172394,1413.15762842,1568.40454875,1334.75117998,1568.40454875,356.509272018,497.024424355,351.13067032,486.76008484,351.13067032,497.024424355,306981.362055,508133.77708,330107.400522,532225.690913,306981.362055,532225.690913
672,0.012444444444,444056.882087,731012.14047,453201.838998,734833.437039,444056.882087,734833.437039,342731.882087,629687.14047,351876.838998,633508.437039,342731.882087,633508.437039,1330.90074831,1495.44549262,1409.48864549,1566.73436431,1330.90074831,1566.73436431,353.594006438,495.546038277,348.277733163,485.48557505,348.277733163,495.546038277,303094.520264,505677.721146,326185.710321,530021.285659,303094.520264,530021.285659
673,0.012462962963,438477.306539,727326.745619,447608.576995,731569.640468,438477.306539,731569.640468,337152.306539,626001.745619,346283.576995,630244.640468,337152.306539,630244.640468,1326.93173249,1493.38127583,1405.69351661,1564.91781306,1326.93173249,1564.91781306,350.598199746,493.907843254,345.334467161,484.057300856,345.334467161,493.907843254,299112.422393,502986.499557,322158.470825,527582.674744,299112.422393,527582.674744
674,0.012481481481,432776.71308,723282.416864,441870.251606,727954.262267,432776.71308,727954.262267,331451.71308,621957.416864,340545.251606,626629.262267,331451.71308,626629.262267,1322.84410705,1491.1483414,1401.77079845,1562.94472618,1322.84410705,1562.94472618,347.523655682,492.099613532,342.301637126,482.465101532,342.301637126,492.099613532,295045.287957,500046.206096,318028.046198,524895.362778,295045.287957,524895.362778
675,0.0125,426962.029313,718858.784121,435992.06725,723966.431651,426962.029313,723966.431651,325637.029313,617533.784121,334667.06725,622641.431651,325637.029313,622641.431651,1318.63892166,1488.73548072,1397.7199817,1560.80447014,1318.63892166,1560.80447014,344.373154316,490.110853365,339.180923157,480.698522188,339.180923157,490.110853365,290897.92314,496842.761543,313798.01974,521944.604181,290897.92314,521944.604181
676,0.012518518519,421042.127777,714035.335245,429981.186223,719585.035689,421042.127777,719585.035689,319717.127777,612710.335245,328656.186223,618260.035689,319717.127777,618260.035689,1314.31848267,1486.1309927,1393.54167314,1558.48592968,1314.31848267,1558.48592968,341.150571608,487.930822499,335.97505598,478.746836905,335.97505598,487.930822499,286676.490324,493361.976922,309473.340558,518715.461666,286676.490324,518715.461666
677,0.012537037037,415028.03323,708791.549381,423846.949563,714788.834554,415028.03323,714788.834554,313703.03323,607466.549381,322521.949563,613463.834554,313703.03323,613463.834554,1309.88654926,1483.32268719,1389.23779509,1555.97750076,1309.88654926,1555.97750076,337.861020707,485.54857558,332.687962257,476.599080944,332.687962257,485.54857558,282388.657049,489589.644491,305060.473632,515192.883383,282388.657049,515192.883383
678,0.012555555556,408933.101864,703107.035006,417601.099738,709556.595772,408933.101864,709556.595772,307608.101864,601782.035006,316276.099738,608231.595772,307608.101864,608231.595772,1305.38671889,1480.2978783,1384.84808638,1553.26708596,1305.38671889,1553.26708596,334.510986112,482.953003418,329.324917812,474.244090157,329.324917812,482.953003418,278043.720979,485511.629656,300607.588142,511361.793127,278043.720979,511361.793127
679,0.012574074074,403063.578574,697393.153181,411550.907094,704288.201075,403063.578574,704288.201075,301738.578574,596068.153181,310225.907094,602963.201075,301738.578574,602963.201075,1301.06605549,1477.23633607,1380.60761413,1550.52055535,1301.06605549,1550.52055535,331.272142391,480.337398459,326.054296977,472.004122983,326.054296977,480.337398459,273854.994661,481411.59431,296373.815764,507503.105054,273854.994661,507503.105054
680,0.012592592593,397605.49177,691918.473677,405885.603255,699245.641107,397605.49177,699245.641107,296280.49177,590593.473677,304560.603255,597920.641107,296280.49177,597920.641107,1296.96862566,1474.25815304,1376.56006095,1547.84890383,1296.96862566,1547.84890383,328.251279354,477.829230996,322.982125196,469.8804826,322.982125196,477.829230996,269952.107036,477474.754834,292262.541331,503800.953994,269952.107036,503800.953994
681,0.012611111111,392548.848804,686678.396021,400598.326344,694424.883294,392548.848804,694424.883294,291223.848804,585353.396021,299273.326344,593099.883294,291223.848804,593099.883294,1293.09458886,1471.36277492,1372.70720452,1545.25164084,1293.09458886,1545.25164084,325.445536199,475.427151505,320.107102227,467.856998615,320.107102227,475.427151505,266328.135071,473697.915947,288372.436399,500252.522498,266328.135071,500252.522498
682,0.01262962963,387882.058761,681668.068319,395680.708453,689821.610874,387882.058761,689821.610874,286557.058761,580343.068319,294355.708453,588496.610874,286557.058761,588496.610874,1289.44254551,1468.54943995,1369.04951434,1542.72807151,1289.44254551,1542.72807151,322.85092389,473.234180057,317.426935534,465.932413943,317.426935534,473.234180057,262975.018601,470077.699381,284745.573418,496854.78137,262975.018601,496854.78137
683,0.012648148148,383591.961765,676882.3371,391122.900356,685443.081525,383591.961765,685443.081525,282266.961765,575557.3371,289797.900356,584118.081525,282266.961765,584118.081525,1285.96449395,1465.81715314,1365.58611782,1540.27727643,1285.96449395,1540.27727643,320.462331857,471.203690719,314.938335852,464.105282625,314.938335852,471.203690719,259883.572785,466610.509719,281375.067126,493604.461182,259883.572785,493604.461182
684,0.012666666667,379663.940376,672488.296676,386913.620101,681591.383147,379663.940376,681591.383147,278338.940376,571163.296676,285588.620101,580266.383147,278338.940376,580266.383147,1282.61832523,1463.16466378,1362.31480481,1537.8980897,1282.61832523,1537.8980897,318.27357733,469.274188869,312.637029884,462.37394288,312.637029884,469.274188869,257043.573489,463292.506046,278252.966215,490498.021025,257043.573489,490498.021025
685,0.012685185185,376082.038844,668478.938511,383040.219274,677942.021842,376082.038844,677942.021842,274757.038844,567153.938511,281715.219274,576617.021842,274757.038844,576617.021842,1279.495631,1460.59043849,1359.23204198,1535.58907555,1279.495631,1535.58907555,316.277468945,467.443634176,310.517788284,460.736498006,310.517788284,467.443634176,254443.84195,460119.567015,275370.300149,487531.614445,254443.84195,487531.614445
686,0.012703703704,372829.111252,664675.263459,379488.790685,674489.336333,372829.111252,674489.336333,271504.111252,563350.263459,278163.790685,573164.336333,271504.111252,573164.336333,1276.58884719,1458.09263591,1356.3330156,1533.34850229,1276.58884719,1533.34850229,314.465891419,465.709725316,308.574477468,459.190786924,308.574477468,465.709725316,252072.351384,457163.833791,272717.162685,484701.051797,252072.351384,484701.051797
687,0.012722222222,369886.985921,661070.693188,376244.277705,671227.118672,369886.985921,671227.118672,268561.985921,559745.693188,274919.277705,569902.118672,268561.985921,569902.118672,1273.88891584,1455.66907926,1353.61169738,1531.17429994,1273.88891584,1531.17429994,312.829905399,464.069872284,306.800120321,457.734353067,306.800120321,464.069872284,249916.343968,454427.368409,270282.791069,482001.749353,249916.343968,482001.749353
688,0.012740740741,367236.665524,657658.068378,373290.606614,668148.548163,367236.665524,668148.548163,265911.665524,556333.068378,271965.606614,566823.548163,265911.665524,566823.548163,1271.38548598,1453.31722674,1351.06092995,1529.06406581,1271.38548598,1529.06406581,311.359868091,462.521162244,305.186972681,456.364411896,305.186972681,462.521162244,247962.479865,451880.127957,268055.664281,479428.710416,247962.479865,479428.710416
689,0.012759259259,364858.482791,654429.58191,370610.831489,665246.120615,364858.482791,665246.120615,263533.482791,553104.58191,269285.831489,563921.120615,263533.482791,563921.120615,1269.06701781,1451.03413931,1348.67252804,1527.01502186,1269.06701781,1527.01502186,310.045542095,461.060325864,303.726610559,455.077816195,303.726610559,461.060325864,246196.938996,449476.579627,266023.610757,477098.411793,246196.938996,477098.411793
690,0.012777777778,362732.315484,651376.7072,368187.289709,662511.573207,362732.315484,662511.573207,261407.315484,550051.7072,266862.289709,561186.573207,261407.315484,561186.573207,1266.9210313,1448.81645335,1346.43739093,1525.02397749,1266.9210313,1525.02397749,308.87622994,459.683701463,302.410026478,453.871019207,302.410026478,459.683701463,244605.582558,447191.520412,264173.924087,474948.822359,244605.582558,474948.822359
691,0.012796296296,360837.760059,648490.122277,366001.75029,659935.805392,360837.760059,659935.805392,259512.760059,547165.122277,264676.75029,558610.805392,259512.760059,558610.805392,1264.93428315,1446.66034337,1344.3456213,1523.08730169,1264.93428315,1523.08730169,307.840893177,458.387197064,301.227724314,452.740035852,301.227724314,458.387197064,243174.075275,445018.428618,262493.473668,472958.186372,243174.075275,472958.186372
692,0.012814814815,359154.298596,645759.630824,364035.563119,657508.796526,359154.298596,657508.796526,257829.298596,544434.630824,262710.563119,556183.796526,257829.298596,556183.796526,1263.09295478,1444.56148989,1342.38664568,1521.2008911,1263.09295478,1521.2008911,306.928267259,457.166250888,300.169816416,451.68040231,300.169816416,457.166250888,241888.005049,442950.181515,260968.816201,471069.046928,241888.005049,471069.046928
693,0.012833333333,357661.445842,643174.081081,362269.800906,655219.521138,357661.445842,655219.521138,256336.445842,541849.081081,260944.800906,553894.521138,256336.445842,553894.521138,1261.38282778,1442.58376834,1340.54933175,1519.36013791,1261.38282778,1519.36013791,306.126965184,456.015790717,299.226117774,450.687134402,299.226117774,456.015790717,240732.988542,440979.001793,259586.301942,469273.581396,240732.988542,469273.581396
694,0.012851851852,356338.872119,640721.283809,360685.384948,653055.863085,356338.872119,653055.863085,255013.872119,539396.283809,259360.384948,551730.863085,255013.872119,551730.863085,1259.78944087,1440.69778026,1338.82209862,1517.55989809,1259.78944087,1517.55989809,305.425566694,454.93019266,298.386231524,449.754685316,298.386231524,454.93019266,239694.759712,439096.403656,258332.169216,467563.205756,239694.759712,467563.205756
695,0.01287037037,355166.499511,638387.930853,359263.193173,651004.530192,355166.499511,651004.530192,253841.499511,537062.930853,257938.193173,549679.530192,253841.499511,549679.530192,1258.29822422,1438.8531808,1337.19301657,1515.79446056,1258.29822422,1515.79446056,304.812690938,453.903240043,297.639624283,448.876903407,297.639624283,453.903240043,238759.239531,437293.139624,257192.626059,465928.517657,238759.239531,465928.517657
696,0.012888888889,354124.570487,636159.516204,357984.148126,649050.966747,354124.570487,649050.966747,252799.570487,534834.516204,256659.148126,547725.966747,252799.570487,547725.966747,1256.89460896,1437.04330793,1335.6498905,1514.05751815,1256.89460896,1514.05751815,304.277051619,452.928083271,296.975689481,448.046988936,296.975689481,452.928083271,237912.58629,435559.149354,256153.917267,464359.237905,237912.58629,464359.237905
697,0.012907407407,353193.689654,634020.261904,356829.283917,647179.279226,353193.689654,647179.279226,251868.689654,532695.261904,255504.283917,545854.279226,251868.689654,545854.279226,1255.56411088,1435.26083731,1334.18033736,1512.34214099,1255.56411088,1512.34214099,303.807494758,451.997201768,296.383797729,447.257456499,296.383797729,451.997201768,237141.227025,433883.512071,255202.376117,462844.162205,237141.227025,462844.162205
698,0.012925925926,352354.837365,631953.051569,355779.792406,645372.172228,352354.837365,645372.172228,251029.837365,530628.051569,254454.792406,544047.172228,251029.837365,544047.172228,1254.29238062,1433.4977564,1332.7718461,1510.6407536,1254.29238062,1510.6407536,303.393018862,451.102369212,295.853334028,446.500101893,295.853334028,451.102369212,236431.867932,432254.404504,254324.460968,461371.120452,236431.867932,461371.120452
699,0.012944444444,351589.37672,629939.374756,354817.050175,643610.88443,351589.37672,643610.88443,250264.37672,528614.374756,253492.050175,542285.88443,250264.37672,542285.88443,1253.06526776,1431.74533695,1331.41181868,1508.94511658,1253.06526776,1508.94511658,303.022786077,450.23462358,295.373722531,445.765968967,295.373722531,450.23462358,235771.505186,430659.066517,253506.777812,459926.935359,235771.505186,459926.935359
700,0.012962962963,350879.020634,627959.285889,353922.628834,641875.144821,350879.020634,641875.144821,249554.020634,526634.285889,252597.628834,540550.144821,249554.020634,540550.144821,1251.86881064,1429.99413887,1330.08760082,1507.24631419,1251.86881064,1507.24631419,302.686112636,449.384243669,294.934440138,445.04532537,294.934440138,449.384243669,235147.400321,429083.776918,252736.090668,458497.39586,235147.400321,458497.39586
701,0.012981481481,350205.802433,625991.381869,353078.291983,640143.148436,350205.802433,640143.148436,248880.802433,524666.381869,251753.291983,538818.148436,248880.802433,538818.148436,1250.68924661,1428.23398399,1328.78650131,1505.53474927,1250.68924661,1505.53474927,302.372456372,448.540733969,294.525020778,444.327646864,294.525020778,448.540733969,234547.062878,427513.842216,251999.322135,457067.244239,234547.062878,457067.244239
702,0.013,349552.034548,624012.802851,352265.982833,638391.55635,349552.034548,638391.55635,248227.034548,522687.802851,250940.982833,537066.55635,248227.034548,537066.55635,1249.51300166,1426.45396357,1327.49580221,1503.80014663,1249.51300166,1503.80014663,302.071396026,447.692819969,294.135052644,443.601612384,294.135052644,447.692819969,233958.223652,425933.601319,251283.547035,455620.180181,233958.223652,455620.180181
703,0.013018518519,348900.26455,621999.260978,351467.806745,636595.524987,348900.26455,636595.524987,247575.26455,520674.260978,250142.806745,535270.524987,247575.26455,535270.524987,1248.32667143,1424.64245027,1326.20276237,1502.03156671,1248.32667143,1502.03156671,301.772607245,446.828456032,293.754170854,442.855112097,293.754170854,446.828456032,233368.80589,424326.449335,250575.982151,454138.885174,233368.80589,454138.885174
704,0.013037037037,348233.233904,619925.101919,350665.944812,634728.769916,348233.233904,634728.769916,246908.233904,518600.101919,249340.944812,533403.769916,246908.233904,533403.769916,1247.11699839,1422.83999378,1324.89461703,1500.21724276,1247.11699839,1500.21724276,301.465838465,445.934848123,293.372021809,442.075270787,293.372021809,445.934848123,232766.898312,422674.88367,249863.904238,452605.07069,232766.898312,452605.07069
705,0.013055555556,347533.843645,617763.404037,349842.848166,632763.66923,347533.843645,632763.66923,246208.843645,516438.404037,248517.848166,531438.66923,246208.843645,531438.66923,1245.87084848,1420.98202388,1323.55857611,1498.34517835,1245.87084848,1498.34517835,301.140889233,444.998493589,292.978335826,441.248488897,292.978335826,444.998493589,232140.732795,420960.575589,249134.856581,450999.553557,232140.732795,450999.553557
706,0.013074074074,346785.131275,615486.113612,348981.019894,630671.411247,346785.131275,630671.411247,245460.131275,514161.113612,247656.019894,529346.411247,245460.131275,529346.411247,1244.57519052,1419.05297568,1322.18182399,1496.40264526,1244.57519052,1496.40264526,300.787593611,444.005237357,292.562838022,440.360503415,292.562838022,444.005237357,231478.66966,419164.465543,248376.42909,449302.361612,231478.66966,449302.361612
707,0.013092592593,345970.27292,613064.262498,348063.092602,628422.190578,345970.27292,628422.190578,244645.27292,511739.262498,246738.092602,527097.190578,244645.27292,527097.190578,1243.21709836,1417.03858541,1320.75152317,1494.39853984,1243.21709836,1494.39853984,300.3958159,442.940366255,292.115276975,439.396470498,292.115276975,442.940366255,230769.20205,417266.916048,247576.336191,447492.872272,230769.20205,447492.872272
708,0.013111111111,345072.566999,610468.189537,347071.84963,625985.455564,345072.566999,625985.455564,243747.566999,509143.189537,245746.84963,524660.455564,243747.566999,524660.455564,1241.783694,1414.92413051,1319.25482417,1492.37614363,1241.783694,1492.37614363,299.955438878,441.78870472,291.625432321,438.341071338,291.625432321,441.78870472,230000.939458,415247.864154,246722.432477,445549.985908,230000.939458,445549.985908
709,0.01312962963,344075.481514,607667.834049,345990.264506,623330.208606,344075.481514,623330.208606,242750.481514,506342.834049,244665.264506,522005.208606,242750.481514,522005.208606,1240.26219631,1412.69453709,1317.6788835,1490.24049127,1240.26219631,1490.24049127,299.456380526,440.534744217,291.083131676,437.17864215,291.083131676,440.534744217,229162.647459,413087.023049,245802.740829,443452.334895,229162.647459,443452.334895
710,0.013148148148,342962.71356,604632.929416,344801.560862,620425.359061,342962.71356,620425.359061,241637.71356,503307.929416,243476.560862,519100.359061,241637.71356,519100.359061,1238.63992608,1410.33442166,1316.01089153,1487.97713536,1238.63992608,1487.97713536,298.888622907,439.162722884,290.478278344,435.893328398,290.478278344,439.162722884,228243.285903,410764.011424,244805.494609,441178.527951,228243.285903,441178.527951
711,0.013166666667,341718.260935,601328.622912,343489.294115,617235.137983,341718.260935,617235.137983,240393.260935,500003.622912,242164.294115,515910.137983,240393.260935,515910.137983,1236.90433042,1407.82586859,1314.23598335,1485.57023202,1236.90433042,1485.57023202,298.242245196,437.654411906,289.800890757,434.466814138,289.800890757,437.654411906,227232.058129,408255.35693,243719.194688,438703.945539,227232.058129,438703.945539
712,0.013185185185,340313.804966,597690.901471,342024.827753,613694.424471,340313.804966,613694.424471,238988.804966,496365.901471,240699.827753,512369.424471,238988.804966,512369.424471,1235.03297513,1405.13601778,1312.32682051,1482.99066073,1235.03297513,1482.99066073,297.499861967,435.976750495,289.03373463,432.866141508,289.03373463,435.976750495,226109.705192,405517.67855,242523.685564,435983.516006,226109.705192,435983.516006
713,0.013203703704,338709.639131,593646.158743,340368.210269,609728.360769,338709.639131,609728.360769,237384.639131,492321.158743,239043.210269,508403.360769,237384.639131,508403.360769,1232.99407006,1402.22645209,1310.25234031,1480.20244274,1232.99407006,1480.20244274,296.637102053,434.091473624,288.152764503,431.053189156,288.152764503,434.091473624,224849.164316,402501.096971,241190.792131,432965.413304,224849.164316,432965.413304
714,0.013222222222,336868.613915,589122.914641,338481.976336,605264.198866,336868.613915,605264.198866,235543.613915,487797.914641,237156.976336,503939.198866,235543.613915,503939.198866,1230.75728128,1399.05878659,1307.98269734,1477.16961536,1230.75728128,1477.16961536,295.630888601,431.960882924,287.135170723,428.990398099,287.135170723,431.960882924,223425.196632,399157.249329,239694.153999,429599.312352,223425.196632,429599.312352
715,0.013240740741,334756.771092,584053.170951,336331.777801,600232.705787,334756.771092,600232.705787,233431.771092,482728.170951,235006.777801,498907.705787,233431.771092,498907.705787,1228.29409172,1395.59510993,1305.48967836,1473.85664045,1228.29409172,1473.85664045,294.459786092,429.548448397,285.959720362,426.641386035,285.959720362,429.548448397,221814.817113,395440.201072,238009.665126,425837.347328,221814.817113,425837.347328
716,0.013259259259,332344.141945,578373.859373,333887.167326,594569.663874,332344.141945,594569.663874,231019.141945,477048.859373,232562.167326,493244.663874,231019.141945,493244.663874,1225.57829112,1391.79845479,1302.74723471,1470.22884189,1225.57829112,1470.22884189,293.104448109,426.819455781,284.607190049,423.971607816,284.607190049,426.819455781,219997.835781,391307.417534,236116.020312,421635.132453,219997.835781,421635.132453
717,0.013277777778,329605.709849,572028.335676,331122.506948,588217.415969,329605.709849,588217.415969,228280.709849,470703.335676,229797.506948,486892.415969,228280.709849,486892.415969,1222.58661178,1387.63328753,1299.7321458,1466.25286064,1222.58661178,1466.25286064,291.548171969,423.741682074,283.060883704,420.949043053,283.060883704,423.741682074,217957.510053,386720.764374,233995.342264,416952.811626,217957.510053,416952.811626
718,0.013296296296,326522.528753,564967.8647,328018.12195,581126.395851,326522.528753,581126.395851,225197.528753,463642.8647,226693.12195,479801.395851,225197.528753,479801.395851,1219.29952871,1383.06600581,1296.42483327,1461.89711501,1219.29952871,1461.89711501,289.777562005,420.286078198,281.307289885,417.544888123,281.307289885,420.286078198,215681.302831,381647.500327,231634.013291,411756.097044,215681.302831,411756.097044
719,0.013314814815,323083.010798,557152.912422,324561.443974,573256.577374,323083.010798,573256.577374,221758.010798,455827.912422,223236.443974,471931.577374,221758.010798,471931.577374,1215.70226365,1378.06536288,1292.81035821,1457.13225345,1215.70226365,1457.13225345,287.783318394,416.427373174,279.336784223,413.73422685,279.336784223,416.427373174,213161.755375,376061.136869,229023.449619,406017.25245,213161.755375,406017.25245
