python3 scripts/validate_catalog.py
OK   catalog/parts/993-body-front-impact-support-alsi10mg-f0-0001.json
OK   catalog/parts/993-body-front-lid-0001.json
OK   catalog/parts/993-elec-headlamp-spring-hook-f0-0001.json
OK   catalog/parts/993-eng-carrier-0001.json
OK   catalog/parts/993-eng-chain-case-0001.json
OK   catalog/parts/993-eng-chain-case-lid-ti-f0-0001.json
OK   catalog/parts/993-eng-connecting-rod-ti64-f0-0001.json
OK   catalog/parts/993-eng-cooling-impeller-alsi10mg-f0-0001.json
OK   catalog/parts/993-eng-exhaust-manifold-in625-f0-0001.json
OK   catalog/parts/993-eng-exhaust-valve-f1-0001.json
OK   catalog/parts/993-eng-fan-housing-alsi10mg-f0-0001.json
OK   catalog/parts/993-eng-intake-valve-f1-0001.json
OK   catalog/parts/993-eng-intake-valve-ti64-hollow-f0-0001.json
OK   catalog/parts/993-eng-intercooler-bracket-ti-f0-0001.json
OK   catalog/parts/993-eng-intercooler-end-tank-alsi10mg-f0-0001.json
OK   catalog/parts/993-eng-k16-compressor-wheel-al2139-f1-0001.json
OK   catalog/parts/993-eng-k16-compressor-wheel-alsi10mg-f0-0001.json
OK   catalog/parts/993-eng-k16-turbine-wheel-in718-f0-0001.json
OK   catalog/parts/993-eng-oil-filter-console-alsi10mg-f0-0001.json
OK   catalog/parts/993-eng-piston-cp1-gallery-f0-0001.json
OK   catalog/parts/993-eng-three-runner-intake-alsi10mg-f0-0001.json
OK   catalog/parts/993-eng-turbo-heat-shield-in625-f0-0001.json
OK   catalog/parts/993-eng-turbo-oil-return-line-in625-f0-0001.json
OK   catalog/parts/993-eng-upper-valve-cover-alsi10mg-f0-0001.json
OK   catalog/parts/993-exh-oval-tip-in625-f0-0001.json
OK   catalog/parts/993-exh-oval-tip-ti-f1-0001.json
OK   catalog/parts/993-int-dashboard-trim-0001.json
OK   catalog/parts/993-int-door-opener-lever-f0-0001.json
OK   catalog/parts/993-int-door-pull-0001.json
OK   catalog/parts/993-int-seat-rail-cover-0001.json
OK   catalog/parts/993-int-switch-blank-0001.json
OK   catalog/parts/993-int-switch-trim-ring-f1-0001.json
OK   catalog/parts/993-turbocharger-k16-pair-0001.json
OK   catalog/parts/993-whl-center-cap-alsi10mg-f0-0001.json
catalogue: 34 valid record(s)
python3 scripts/validate_am_pipeline.py
OK   am-pipeline: 27 LPBF/DMLS candidate parts tracked
python3 scripts/validate_sources.py
OK   catalog/sources/src-1stchoicemetals-6xxx-bright-anodising.json
OK   catalog/sources/src-3d-druck-service-frankfurt-re.json
OK   catalog/sources/src-3d-oldtimer-germany-re.json
OK   catalog/sources/src-3dgo-993-964-cup-holder.json
OK   catalog/sources/src-3dpadelt-germany-ct-laser-re.json
OK   catalog/sources/src-911uk-993-rust-locations.json
OK   catalog/sources/src-964-corrosion-hotspots-practitioner.json
OK   catalog/sources/src-993c2-993-seat-mounting-dimensions.json
OK   catalog/sources/src-9ff-993-f64-k24-550-data.json
OK   catalog/sources/src-9xxteile-pet-diagrams.json
OK   catalog/sources/src-a-concepts-scan-fem-service.json
OK   catalog/sources/src-airax-993-wind-deflector-dimensions.json
OK   catalog/sources/src-aks-dasis-993-intercooler-dimensions.json
OK   catalog/sources/src-albert-motorsport-993-aluminum-intercooler.json
OK   catalog/sources/src-ams-917-engine-technical-analysis.json
OK   catalog/sources/src-ap-car-design-993-k26-dyno-report.json
OK   catalog/sources/src-apworks-bugatti-titanium-tailpipe.json
OK   catalog/sources/src-armytrix-993-underbody-scan.json
OK   catalog/sources/src-asec-automotive-scan-re.json
OK   catalog/sources/src-astm-e1417-e1417m-21e1.json
OK   catalog/sources/src-astm-e1461-13r22.json
OK   catalog/sources/src-astm-e21-20.json
OK   catalog/sources/src-astm-e8-e8m-25.json
OK   catalog/sources/src-astm-f3318-18.json
OK   catalog/sources/src-astra-993-type-approval-dimensions.json
OK   catalog/sources/src-astrollcages-993-laser-scanned-cage.json
OK   catalog/sources/src-ate-classic-porsche-brake-discs.json
OK   catalog/sources/src-autorobot-measuring-data-service.json
OK   catalog/sources/src-azom-6262-free-machining.json
OK   catalog/sources/src-bespoke-elemental-993-carbon-switch-panels.json
OK   catalog/sources/src-bmb-germany-ct-re.json
OK   catalog/sources/src-borgwarner-993-k16-performance-catalog.json
OK   catalog/sources/src-borgwarner-matchbot-993-inputs-outputs.json
OK   catalog/sources/src-bremar-3d-scan-store.json
OK   catalog/sources/src-brembo-993-carrera-brakes.json
OK   catalog/sources/src-car-clouds-point-clouds.json
OK   catalog/sources/src-car-o-liner-car-o-data.json
OK   catalog/sources/src-carfolio-993.json
OK   catalog/sources/src-cargeometry-993-body.json
OK   catalog/sources/src-cargraphic-993-k16-24-powerkit-data.json
OK   catalog/sources/src-cargraphic-993-motorsport-intercooler-data.json
OK   catalog/sources/src-carparts-993-fan-housing-aluminium.json
OK   catalog/sources/src-carpassion-993-door-speaker-adaptation.json
OK   catalog/sources/src-carpassion-993-turbo-boost-hose-forum.json
OK   catalog/sources/src-carpokes-993-climate-knob-insert.json
OK   catalog/sources/src-cecchel-2022-additive-ti-connecting-rod-fatigue.json
OK   catalog/sources/src-celeritech-kalmar-993-photogrammetry.json
OK   catalog/sources/src-celette-551-300-911-jig-charts.json
OK   catalog/sources/src-celette-564-320-964-jig.json
OK   catalog/sources/src-celette-mzx-964-993-jigs.json
OK   catalog/sources/src-cgtrader-993-dashboard-scale-model.json
OK   catalog/sources/src-ck-cabrio-993-style-convertible-measurements.json
OK   catalog/sources/src-classicparts-993-air-funnel-dimensions.json
OK   catalog/sources/src-classicparts-993-window-switch-dimensions.json
OK   catalog/sources/src-cma-mobile-3d-vehicle-metrology.json
OK   catalog/sources/src-constellium-aheadd-cp1-product-sheet.json
OK   catalog/sources/src-constellium-aheadd-ht1-fact-sheet.json
OK   catalog/sources/src-couvercle-carter-chaine-964-993-magnesium.json
OK   catalog/sources/src-cults-964-993-console-repair-stl.json
OK   catalog/sources/src-cults-993-door-pocket-reinforcement.json
OK   catalog/sources/src-cults-993-door-scan.json
OK   catalog/sources/src-cults-993-seat-hinge-cover-cad.json
OK   catalog/sources/src-cults-993-wheel-center-cap-cad.json
OK   catalog/sources/src-cults-993-wheel-center-cap.json
OK   catalog/sources/src-curbs-993-door-panel-speaker-cutout-dimensions.json
OK   catalog/sources/src-dallago-2021-ti64-lattice-fatigue.json
OK   catalog/sources/src-denk3d-964-993-switch-bezel-repairs.json
OK   catalog/sources/src-denk3d-993-switch-panel-repair.json
OK   catalog/sources/src-design911-993-instrument-80mm.json
OK   catalog/sources/src-design911-993-k16-cross-reference.json
OK   catalog/sources/src-drivaernet-plusplus.json
OK   catalog/sources/src-dtw-993-smartphone-holder.json
OK   catalog/sources/src-eckart-a20x-lpbf.json
OK   catalog/sources/src-ed24-germany-scan-re.json
OK   catalog/sources/src-eleven-993-door-window-frame-mounting-plate.json
OK   catalog/sources/src-eleven-engineering-oldtimer-re.json
OK   catalog/sources/src-elferclassic-993-technical-data.json
OK   catalog/sources/src-elferclassic-993-turbo-technical-data.json
OK   catalog/sources/src-elferliste-993-steering-wheel-diameters.json
OK   catalog/sources/src-elferspot-993-portrait.json
OK   catalog/sources/src-elferszene-993-valve-spring-installation-length.json
OK   catalog/sources/src-elferwelt-993-k16-8055011w-kit.json
OK   catalog/sources/src-enginebuilder-additive-2025.json
OK   catalog/sources/src-eos-al2139-am-m290-60um.json
OK   catalog/sources/src-eos-alf357-material-data.json
OK   catalog/sources/src-eos-alsi10mg-current-page.json
OK   catalog/sources/src-eos-alsi10mg-m290-30um.json
OK   catalog/sources/src-eos-alsi10mg-material-data.json
OK   catalog/sources/src-eos-in625-material-data.json
OK   catalog/sources/src-eos-in718-api-m290-40um.json
OK   catalog/sources/src-eos-ti64-grade5.json
OK   catalog/sources/src-eos-ti64-m290-material-data.json
OK   catalog/sources/src-eplus3d-alsi10mg-material.json
OK   catalog/sources/src-fabspeed-993-laser-scan-exhaust.json
OK   catalog/sources/src-feboe-964-993-alternator-belt-dimensions.json
OK   catalog/sources/src-federleichte-elfer-993-kerb-weights.json
OK   catalog/sources/src-federleichte-elfer-993-weights.json
OK   catalog/sources/src-fehrmann-almgty-anodising-alsi10mg-limit.json
OK   catalog/sources/src-fia-917-homologation-250.json
OK   catalog/sources/src-formag-germany-mobile-laser-scan.json
OK   catalog/sources/src-fraunhofer-roboct-large-parts.json
OK   catalog/sources/src-freeform-gmbh-ct-laser-re.json
OK   catalog/sources/src-fsh-993-dashboard-trim-dimensions.json
OK   catalog/sources/src-fsh-993-instrument-rings.json
OK   catalog/sources/src-fvd-964-993-fan-wheel-dimensions.json
OK   catalog/sources/src-fvd-993-a-pillar-fairing-dimensions.json
OK   catalog/sources/src-fvd-993-billet-valve-cover-set.json
OK   catalog/sources/src-fvd-993-biturbo-rear-spoiler-dimensions.json
OK   catalog/sources/src-fvd-993-carbon-switch-panel-dimensions.json
OK   catalog/sources/src-fvd-993-charge-air-temperature-sensor-dimensions.json
OK   catalog/sources/src-fvd-993-door-handle-dimensions.json
OK   catalog/sources/src-fvd-993-door-trim-panel-dimensions.json
OK   catalog/sources/src-fvd-993-engine-carrier.json
OK   catalog/sources/src-fvd-993-engine-insulation-cover-dimensions.json
OK   catalog/sources/src-fvd-993-exhaust-tips-dimensions.json
OK   catalog/sources/src-fvd-993-fan-housing-dimensions.json
OK   catalog/sources/src-fvd-993-front-impact-tube-dimensions.json
OK   catalog/sources/src-fvd-993-gt2-steering-wheel-dimensions.json
OK   catalog/sources/src-fvd-993-hood-emblem-dimensions.json
OK   catalog/sources/src-fvd-993-hot-air-connecting-piece-dimensions.json
OK   catalog/sources/src-fvd-993-inlet-valve-dimensions.json
OK   catalog/sources/src-fvd-993-intercooler-air-duct-dimensions.json
OK   catalog/sources/src-fvd-993-intercooler-bracket-dimensions.json
OK   catalog/sources/src-fvd-993-intercooler-hose-left-dimensions.json
OK   catalog/sources/src-fvd-993-intercooler-hose-right-dimensions.json
OK   catalog/sources/src-fvd-993-k16-24-sport-turbo-data.json
OK   catalog/sources/src-fvd-993-k16-oem-dimensions.json
OK   catalog/sources/src-fvd-993-light-switch-symbol-cap-dimensions.json
OK   catalog/sources/src-fvd-993-lower-console-cover-dimensions.json
OK   catalog/sources/src-fvd-993-motorsport-intercooler-dimensions.json
OK   catalog/sources/src-fvd-993-radio-dashboard-cover-dimensions.json
OK   catalog/sources/src-fvd-993-reinforced-intercooler-hose-kit-dimensions.json
OK   catalog/sources/src-fvd-993-smartphone-holder-dimensions.json
OK   catalog/sources/src-fvd-993-turbo-heat-shield-dimensions.json
OK   catalog/sources/src-gotech-classic-parts-re.json
OK   catalog/sources/src-grabcad-964-993-tweeter-grill-bracket.json
OK   catalog/sources/src-gunther-werks-carbon-993.json
OK   catalog/sources/src-hachtel-basic-ct-scan.json
OK   catalog/sources/src-herrmann-917-engine-test-bench.json
OK   catalog/sources/src-humfworks-993-parts.json
OK   catalog/sources/src-iav-2018-additive-heavy-duty-piston.json
OK   catalog/sources/src-invasionautoproducts-993-k16-internal-data.json
OK   catalog/sources/src-islandworks-integrated-oil-console-6061.json
OK   catalog/sources/src-iso-15708-ct-2025.json
OK   catalog/sources/src-iso-astm-52920-2023.json
OK   catalog/sources/src-iso-astm-52928-2024.json
OK   catalog/sources/src-iso-astm-52929-2025.json
OK   catalog/sources/src-iso-astm-52953-2025.json
OK   catalog/sources/src-iso-astm-ts-52930-2021.json
OK   catalog/sources/src-jehnert-993-doorboard-technical-data.json
OK   catalog/sources/src-jlc3dp-slm-metal-service.json
OK   catalog/sources/src-jocham-oldtimer-scan-re.json
OK   catalog/sources/src-kfz-gutachter-berlin-993-3d-body-measurement.json
OK   catalog/sources/src-kfz-kauert-993-rear-control-arm-dimensions.json
OK   catalog/sources/src-kfz-tech-917-type912-engine.json
OK   catalog/sources/src-kinugawa-k16-turbine-wheel-53161205000.json
OK   catalog/sources/src-klassikerautoradio-993-rear-speaker-dimensions.json
OK   catalog/sources/src-kleinanzeigen-993-cabrio-rear-speaker-measurement.json
OK   catalog/sources/src-kline-993-turbo-in625-manifolds.json
OK   catalog/sources/src-kukuk-classic-car-3d-scan.json
OK   catalog/sources/src-laser3dscan-germany-re.json
OK   catalog/sources/src-lms-993-gt2-evo-whole-car-scan.json
OK   catalog/sources/src-local-917-engine-case-cylinders-scan.json
OK   catalog/sources/src-lt3d-993-heater-knob.json
OK   catalog/sources/src-magnesium-haute-purete-et-peo.json
OK   catalog/sources/src-mahle-valvetrain-technical-2025.json
OK   catalog/sources/src-mahleretail-oc229-993-filter-interface.json
OK   catalog/sources/src-mako-germany-pointcloud-native-cad.json
OK   catalog/sources/src-metalsupermarkets-6061-vs-6063.json
OK   catalog/sources/src-motortalk-993-turbo-forum-technical-leads.json
OK   catalog/sources/src-moumamotion-germany-3d-scan-cad-service.json
OK   catalog/sources/src-nasa-2618-elevated-temperature.json
OK   catalog/sources/src-netzwerk-9elf-964-993-bumper-bracket-dimensions.json
OK   catalog/sources/src-niederhof-993-polycarbonate-measurement.json
OK   catalog/sources/src-oemvwshop-993-oil-filter-console-mass.json
OK   catalog/sources/src-oldtimer-ersatzteile24-993-switch-ring-dimensions.json
OK   catalog/sources/src-opti3d-germany-scan-cad-re.json
OK   catalog/sources/src-otto-models-993-laser-scan.json
OK   catalog/sources/src-partworks-964-993-fan-wheel-aluminium.json
OK   catalog/sources/src-partworks-993-brake-disc-dimensions.json
OK   catalog/sources/src-partworks-993-c4-center-tube-measurement.json
OK   catalog/sources/src-partworks-993-exhaust-valve-dimensions.json
OK   catalog/sources/src-partworks-993-interior-reproductions.json
OK   catalog/sources/src-partworks-993-odometer-gear.json
OK   catalog/sources/src-partworks-993-switch-blank-oem.json
OK   catalog/sources/src-partworks-993-throttle-linkage-bushing-dimensions.json
OK   catalog/sources/src-partworks-993-valve-stem-seal-dimensions.json
OK   catalog/sources/src-partworks-993-wheel-center-cap-dimensions.json
OK   catalog/sources/src-patrick-pmo-964-993-46mm-intake-manifold.json
OK   catalog/sources/src-patrickmotorsports-993-turbo-oil-return-pipes.json
OK   catalog/sources/src-pca-993-alignment.json
OK   catalog/sources/src-pcgb-cracked-engine-mount-bracket.json
OK   catalog/sources/src-pcm-scan-traceable-metrology.json
OK   catalog/sources/src-pelican-993-bumperette-delete-cad.json
OK   catalog/sources/src-pelican-993-fan-shroud-delete-cad-lead.json
OK   catalog/sources/src-pelicanparts-964-993-forum.json
OK   catalog/sources/src-pet-964-kat013-pdf.json
OK   catalog/sources/src-pet-993-103-05-chain-case.json
OK   catalog/sources/src-pet-993-202-16-turbo-oil-circuit.json
OK   catalog/sources/src-pet-993-kat17-pdf.json
OK   catalog/sources/src-pff-993-ac-belt-dimensions.json
OK   catalog/sources/src-pff-993-alarm-module-measurements-tool.json
OK   catalog/sources/src-pff-993-biturbo-variant-forum.json
OK   catalog/sources/src-pff-993-body-dimensions.json
OK   catalog/sources/src-pff-993-brake-light-switch-travel.json
OK   catalog/sources/src-pff-993-cabrio-locking-motor-measurement-lead.json
OK   catalog/sources/src-pff-993-cabrio-roof-bushing-measurement.json
OK   catalog/sources/src-pff-993-carrera-4-lettering-position.json
OK   catalog/sources/src-pff-993-cassette-console-3d-print.json
OK   catalog/sources/src-pff-993-cdr21-logo-measurement.json
OK   catalog/sources/src-pff-993-cr21-radio-cover-lead.json
OK   catalog/sources/src-pff-993-distributor-bearing-dimensions.json
OK   catalog/sources/src-pff-993-front-brake-caliper-piston-diameters.json
OK   catalog/sources/src-pff-993-front-lid-sheet-thickness.json
OK   catalog/sources/src-pff-993-front-speaker-measurement.json
OK   catalog/sources/src-pff-993-headlamp-reflector-rivet-holes.json
OK   catalog/sources/src-pff-993-instrument-glass-thickness.json
OK   catalog/sources/src-pff-993-instrument-inner-ring-lead.json
OK   catalog/sources/src-pff-993-option490-speaker-measurement-lead.json
OK   catalog/sources/src-pff-993-overall-width-mirrors.json
OK   catalog/sources/src-pff-993-passenger-footwell-cover-dimensions.json
OK   catalog/sources/src-pff-993-porsche-wheel-certificate.json
OK   catalog/sources/src-pff-993-rear-spoiler-hole-spacing.json
OK   catalog/sources/src-pff-993-rear-subframe-measurement-request.json
OK   catalog/sources/src-pff-993-rs-lettering-measurement.json
OK   catalog/sources/src-pff-993-rs-spring-data.json
OK   catalog/sources/src-pff-993-speaker-diameters.json
OK   catalog/sources/src-pff-993-stabilizer-bar-diameter.json
OK   catalog/sources/src-pff-993-sunroof-deflector-repair-lead.json
OK   catalog/sources/src-pff-993-sunroof-reproduction.json
OK   catalog/sources/src-pff-993-sunroof-reverse-engineering.json
OK   catalog/sources/src-pff-993-targa-antenna-hole-measurement.json
OK   catalog/sources/src-pff-993-turbo-seat-clip-measurement.json
OK   catalog/sources/src-pff-993-wheel-emblem-dimensions.json
OK   catalog/sources/src-pff-rennline-motortraeger.json
OK   catalog/sources/src-porsche-993-air-filter-teilegutachten.json
OK   catalog/sources/src-porsche-993-dme-reference-sensor-gap.json
OK   catalog/sources/src-porsche-993-spoiler-teilegutachten.json
OK   catalog/sources/src-porsche-additive-piston-validation.json
OK   catalog/sources/src-porsche-austria-993-107-45-pet.json
OK   catalog/sources/src-porsche-christophorus-917-dilavar-studs.json
OK   catalog/sources/src-porsche-christophorus-993-turbo-data.json
OK   catalog/sources/src-porsche-christophorus-mission-917-turbo.json
OK   catalog/sources/src-porsche-classic-3d-printing.json
OK   catalog/sources/src-porsche-classic-partsfinder-de.json
OK   catalog/sources/src-porsche-classic-pccm-993-dimensions.json
OK   catalog/sources/src-porsche-classicshop-usa.json
OK   catalog/sources/src-porsche-ct-weissach.json
OK   catalog/sources/src-porsche-galvanised-body-911.json
OK   catalog/sources/src-porsche-literature-catalogue-de.json
OK   catalog/sources/src-porsche-museum-917001-reconstruction.json
OK   catalog/sources/src-porsche-newsroom-91730-1600-qualifying.json
OK   catalog/sources/src-porsche-newsroom-91730-am-limit.json
OK   catalog/sources/src-porsche-newsroom-91730-turbo.json
OK   catalog/sources/src-porsche-newsroom-993-30-years.json
OK   catalog/sources/src-porsche-newsroom-993.json
OK   catalog/sources/src-porsche-originale-993-product-dimensions.json
OK   catalog/sources/src-porsche-pcss-tsi.json
OK   catalog/sources/src-porsche-pet-993-turbo-heat-exchanger-202-10.json
OK   catalog/sources/src-porsche-pet-993.json
OK   catalog/sources/src-porsche-poitiers-964-993-fan-wheel-mass.json
OK   catalog/sources/src-porsche-roissy-993-fan-housing-mass.json
OK   catalog/sources/src-porsche-shop-technical-literature.json
OK   catalog/sources/src-porsche-technical-literature-de.json
OK   catalog/sources/src-porsche-workshop-manual-964-vol4-chassis.json
OK   catalog/sources/src-porsche-workshop-manual-964-vol5-body.json
OK   catalog/sources/src-porsche-workshop-manual-993.json
OK   catalog/sources/src-porschefanatics-993-additive-piston-precedent.json
OK   catalog/sources/src-porschefanatics-993-door-opener-pet.json
OK   catalog/sources/src-porschefanatics-993-engine-cooling-impeller-candidate.json
OK   catalog/sources/src-porschefanatics-993-fan-housing-candidate.json
OK   catalog/sources/src-porschefanatics-993-in625-exhaust-register.json
OK   catalog/sources/src-porschefanatics-993-intercooler-end-tank-candidate.json
OK   catalog/sources/src-porschefanatics-993-k16-compressor-wheel-candidate.json
OK   catalog/sources/src-porschefanatics-993-lightweight-bumper-support.json
OK   catalog/sources/src-porschefanatics-993-manual-data.json
OK   catalog/sources/src-porschefanatics-993-oil-filter-console-candidate.json
OK   catalog/sources/src-porschefanatics-993-technical-data.json
OK   catalog/sources/src-porschefanatics-993-titanium-connecting-rods.json
OK   catalog/sources/src-porschefanatics-993-titanium-valve-context.json
OK   catalog/sources/src-porschefanatics-993-torques.json
OK   catalog/sources/src-porschefanatics-993-turbo-in625-manifolds.json
OK   catalog/sources/src-porschefanatics-993-turbo-oil-return-candidate.json
OK   catalog/sources/src-porschefanatics-993-turbo-pet.json
OK   catalog/sources/src-porschefanatics-993-valve-cover-candidate.json
OK   catalog/sources/src-porschefanatics-993-wheel-center-cap-status.json
OK   catalog/sources/src-porschefanatics-oem.json
OK   catalog/sources/src-porschefanatics-pmo-964-993-46mm-intake-manifold.json
OK   catalog/sources/src-practicalmachinist-turning-6063-gummy.json
OK   catalog/sources/src-printables-964-993-console-switch-tab.json
OK   catalog/sources/src-prolasertec-germany-3d-scan-cad.json
OK   catalog/sources/src-proscan3d-germany-scan-re.json
OK   catalog/sources/src-protomotive-993-upper-valve-cover-6061.json
OK   catalog/sources/src-psautoart-993r.json
OK   catalog/sources/src-pwr-velo3d-cp1-production.json
OK   catalog/sources/src-q-tech-roding-ct-scan-cad.json
OK   catalog/sources/src-renn3d-center-console-cup-holder.json
OK   catalog/sources/src-renn3d-console-switch-tab-repair.json
OK   catalog/sources/src-renn3d-custom-split-grille-bar.json
OK   catalog/sources/src-renn3d-gauge-ring-phone-mount.json
OK   catalog/sources/src-renn3d-hifi-speaker-adapter-frames.json
OK   catalog/sources/src-renn3d-pollen-filter-cover-tabs.json
OK   catalog/sources/src-renn3d-rear-main-seal-tool.json
OK   catalog/sources/src-renn3d-remote-clutch-bleeder-bracket.json
OK   catalog/sources/src-renn3d-seat-back-release-button.json
OK   catalog/sources/src-renn3dparts-993-open-files.json
OK   catalog/sources/src-rennline-tubular-carrier-specs.json
OK   catalog/sources/src-rennline-tubular-engine-carrier.json
OK   catalog/sources/src-rennlist-911-torsional-rigidity-list.json
OK   catalog/sources/src-rennlist-993-3d-printed-diy-bits.json
OK   catalog/sources/src-rennlist-993-alternator-insulator-photogrammetry.json
OK   catalog/sources/src-rennlist-993-body-dimensions-pdf.json
OK   catalog/sources/src-rennlist-993-bumperette-delete-cad.json
OK   catalog/sources/src-rennlist-993-console-switch-hole-dimensions.json
OK   catalog/sources/src-rennlist-993-dashboard-lighting-dimensions.json
OK   catalog/sources/src-rennlist-993-diy-3d-bits.json
OK   catalog/sources/src-rennlist-993-door-pocket-dimension-lead.json
OK   catalog/sources/src-rennlist-993-door-pocket-reinforcement.json
OK   catalog/sources/src-rennlist-993-door-speaker-pod.json
OK   catalog/sources/src-rennlist-993-forums.json
OK   catalog/sources/src-rennlist-993-hifi-speaker-adapter-dimensions.json
OK   catalog/sources/src-rennlist-993-hvac-buttons-cad.json
OK   catalog/sources/src-rennlist-993-jacking-point-discrepancy.json
OK   catalog/sources/src-rennlist-993-jacking-point-measurement.json
OK   catalog/sources/src-rennlist-993-k16-chassis-dyno.json
OK   catalog/sources/src-rennlist-993-k16-k24-comparative-engine-dyno.json
OK   catalog/sources/src-rennlist-993-powerhaus-k24-dyno.json
OK   catalog/sources/src-rennlist-993-rear-speaker-frames-step.json
OK   catalog/sources/src-rennlist-993-rear-speaker-mounts.json
OK   catalog/sources/src-rennlist-993-ride-height-measurements.json
OK   catalog/sources/src-rennlist-993-rs-hot-air-bypass-tube-cad-lead.json
OK   catalog/sources/src-rennlist-993-ruf-turbo-r-engine-dyno.json
OK   catalog/sources/src-rennlist-993-seat-rail-bushing-cad.json
OK   catalog/sources/src-rennlist-993-seat-rail-bushing-stl.json
OK   catalog/sources/src-rennlist-993-split-grill-cad.json
OK   catalog/sources/src-rennlist-993-switch-repair-cad.json
OK   catalog/sources/src-rennlist-993-windshield-cad-templates.json
OK   catalog/sources/src-rennlist-993-windshield-templates.json
OK   catalog/sources/src-reproducteurs-couvercle-carter-chaine-964-993.json
OK   catalog/sources/src-richtsatz-mieten-993-celette.json
OK   catalog/sources/src-roadster-fashion-993-headlamp-hook.json
OK   catalog/sources/src-rosepassion-993-parts.json
OK   catalog/sources/src-sae-ams4132j-2618-t61.json
OK   catalog/sources/src-sae-ams7074-cp1.json
OK   catalog/sources/src-scanit3d-germany-scan-metrology.json
OK   catalog/sources/src-schimmel-993-scan-service.json
OK   catalog/sources/src-schoner-993-gt2-lidar.json
OK   catalog/sources/src-shapeways-993-sun-visor-gopro-clip.json
OK   catalog/sources/src-shining3d-993-scan-case.json
OK   catalog/sources/src-shining3d-julia-993-reverse-engineering.json
OK   catalog/sources/src-sketchfab-993-barn-find-scan.json
OK   catalog/sources/src-sketchfab-993-gt2-raw-scan.json
OK   catalog/sources/src-sketchfab-rwb-993.json
OK   catalog/sources/src-sonority-993-m490-speaker-dimensions.json
OK   catalog/sources/src-special-metals-inconel-625.json
OK   catalog/sources/src-special-metals-inconel-751.json
OK   catalog/sources/src-sportwagendoktor-993-climate-fan-mount.json
OK   catalog/sources/src-stuttcars-917-technical-details.json
OK   catalog/sources/src-stuttcars-993-parts-catalogue.json
OK   catalog/sources/src-stuttcars-993-torque-specs.json
OK   catalog/sources/src-swindon-m64-24v-head-kit.json
OK   catalog/sources/src-ta-technix-993-intercooler-dimensions.json
OK   catalog/sources/src-techart-993-bks-cutting-template.json
OK   catalog/sources/src-techart-993-fender-air-duct-manual.json
OK   catalog/sources/src-techart-993-instrument-rings-manual.json
OK   catalog/sources/src-techart-993-rear-spoiler-i-drilling-manual.json
OK   catalog/sources/src-techart-993-rear-spoiler-mounting-manual.json
OK   catalog/sources/src-techscan3d-germany-lidar-cad-service.json
OK   catalog/sources/src-teile-com-993-engine-carrier.json
OK   catalog/sources/src-thangs-993-lower-console-tabs.json
OK   catalog/sources/src-thangs-993-upper-console-tabs.json
OK   catalog/sources/src-thingiverse-993-phone-mount.json
OK   catalog/sources/src-thingiverse-993-pollen-tabs.json
OK   catalog/sources/src-thingiverse-993-rear-speaker-shim.json
OK   catalog/sources/src-thingiverse-993-rs-momo-horn-ring.json
OK   catalog/sources/src-ti6242-lpbf-state-of-the-art.json
OK   catalog/sources/src-ti64-creep-service-ceiling.json
OK   catalog/sources/src-timet-ti64-physical-properties.json
OK   catalog/sources/src-tth-993-k24-750-turbo-processing.json
OK   catalog/sources/src-ttp-993-turbo-tuning-stages.json
OK   catalog/sources/src-tuerpappen-993-door-panel-3mm.json
OK   catalog/sources/src-turbomap-compressor-map-methodology.json
OK   catalog/sources/src-turbomaster-993-k16-6735-parts.json
OK   catalog/sources/src-tzr-pauter-993-connecting-rod-dimensions.json
OK   catalog/sources/src-unionfab-alsi10mg-slm-material.json
OK   catalog/sources/src-unionfab-metal-3d-printing-service.json
OK   catalog/sources/src-vagboard-993-lock-cover-fit.json
OK   catalog/sources/src-velo3d-cp1-material-datasheet.json
OK   catalog/sources/src-velo3d-sapphire-product-brief.json
OK   catalog/sources/src-vision-metric-ct-digitization.json
OK   catalog/sources/src-wheel-size-993.json
OK   catalog/sources/src-wikipedia-993.json
OK   catalog/sources/src-wolfcarhifi-993-rear-100mm-scan.json
OK   catalog/sources/src-wolfcarhifi-993-scan-cad-adapters.json
OK   catalog/sources/src-wolfe-993-turbo-exterior-scan.json
OK   catalog/sources/src-wolfe-classics-935-billet-cylinder-head-scan.json
OK   catalog/sources/src-wolfe-classics-993-turbo-scan.json
OK   catalog/sources/src-ws-autoteile-993-front-plate-holder-dimensions.json
OK   catalog/sources/src-ws-autoteile-993-maf-identification.json
OK   catalog/sources/src-zesad-993-turbo-scan-to-cad.json
OK   catalog/sources/src-zesad-carbon-monocoque-964-993.json
sources: 401 valid record(s)
python3 scripts/validate_measurements.py
OK   catalog/measurements/MEAS-MANUAL-964-BODY-CONTROL.json
OK   catalog/measurements/MEAS-MANUAL-964-SUSPENSION-ALIGNMENT.json
OK   catalog/measurements/MEAS-MANUAL-993-ALL.json
measurements: 3 valid record(s)
python3 scripts/validate_reference.py
OK   catalog/reference/993-assembly-skeleton.json (squelette, 10 systemes, 12864 references agregees)
OK   catalog/reference/993-declared-part-data.json (41 entries)
reference: 41 declared value(s), all traced to a registered source
python3 scripts/validate_manual_measurements.py
OK   catalog/manual/993-workshop-manual-measurements.json (2496 records)
manual measurements: 1 valid ledger(s)
python3 scripts/validate_twin.py
OK   twins/993-reference-envelope/reference-envelope.json (reference envelope, 7 sourced dimensions)
python3 scripts/validate_specifications.py
OK   catalog/specifications/porschefanatics-993-technical-data.json (111 records)
OK   catalog/specifications/porschefanatics-993-torques.json (195 records)
specifications: 306 documentary record(s)
python3 scripts/validate_twins.py
valid catalog/twins/twin-964-chassis-floor-0001.json
valid catalog/twins/twin-993-cabin-dashboard-switch-0001.json
valid catalog/twins/twin-993-door-opener-lever-alsi10mg-f0.json
valid catalog/twins/twin-993-engine-cooling-fan-system-f0.json
valid catalog/twins/twin-993-headlamp-spring-hook-alsi10mg-f0.json
valid catalog/twins/twin-993-intercooler-bracket-ti-f0.json
valid catalog/twins/twin-993-m64-60-piston-gallery-f0.json
valid catalog/twins/twin-993-oval-exhaust-tip-in625-f0.json
valid catalog/twins/twin-993-wheel-hub-interfaces-0001.json
python3 scripts/validate_components.py
valid catalog/components/comp-fuchs-37024.013.json
valid catalog/components/comp-fuchs-37026.013.json
valid catalog/components/comp-fuchs-37027.011.json
valid catalog/components/comp-fuchs-37028.011.json
valid catalog/assemblies/asm-993-fuchs-17-wheel-set.json
valid catalog/assemblies/asm-993-fuchs-18-wheel-set.json
components: 4 valid, assemblies: 2 checked
python3 scripts/validate_engine_sim_contracts.py
Engine simulation contracts OK
python3 twins/reference-917-engine/source/validate_interfaces_f8.py --project-root .
{
  "schema_version": "1.0.0",
  "status": "passed",
  "counts": {
    "mechanical_connection_groups": 18,
    "mechanical_connection_instances": 119,
    "sealing_interface_groups": 29,
    "sealing_interface_instances": 194,
    "duct_groups": 21,
    "duct_instances": 106,
    "external_interface_groups": 6,
    "external_interface_instances": 6
  },
  "readiness": {
    "physics_joint_instances": 0,
    "released_seal_instances": 0,
    "released_duct_instances": 0,
    "flow_ready_instances": 0,
    "released_external_geometry_instances": 0,
    "released_external_boundary_instances": 0
  },
  "errors": []
}
python3 twins/reference-917-engine/source/prepare_variant_configs_f10.py --manifest twins/reference-917-engine/variant-configurations-f10.json --project-root . --check
{
  "schema_version": "1.0.0",
  "phase": "F10",
  "status": "passed",
  "variant_count": 2,
  "write_performed": false
}
python3 -m unittest discover -s tests -v
test_only_intended_inputs_differ_and_output_cannot_be_overwritten (test_917_additive_cap_diagnostic_f55.CapDiagnosticTests) ... ok
test_peak_is_not_confused_with_final_temperature (test_917_additive_cap_diagnostic_f55.CapDiagnosticTests) ... ok
test_absolute_residual_does_not_cancel (test_917_additive_energy_diagnostic_f58.EnergyDiagnosticTests) ... ok
test_capped_result_is_never_manufacturing_permission (test_917_additive_energy_diagnostic_f58.EnergyDiagnosticTests) ... ok
test_energy_storage_and_latent_are_both_counted (test_917_additive_energy_diagnostic_f58.EnergyDiagnosticTests) ... ok
test_fixed_dt_contract_and_exact_instrumentation (test_917_additive_energy_diagnostic_f58.EnergyDiagnosticTests) ... ok
test_inconsistent_reported_residual_is_rejected (test_917_additive_energy_diagnostic_f58.EnergyDiagnosticTests) ... ok
test_missing_or_nonfinite_samples_rejected (test_917_additive_energy_diagnostic_f58.EnergyDiagnosticTests) ... ok
test_pair_preserves_every_physical_file_and_refuses_overwrite (test_917_additive_energy_diagnostic_f58.EnergyDiagnosticTests) ... ok
test_rounding_tolerance_does_not_feed_reported_residual_into_integral (test_917_additive_energy_diagnostic_f58.EnergyDiagnosticTests) ... ok
test_all_hardware_range_map_and_threshold_slots_are_null_and_blocked (test_917_air_oil_core_controls_f34a.AirOilCoreControlsF34aTests) ... ok
test_all_technical_release_and_authority_gates_fail_closed (test_917_air_oil_core_controls_f34a.AirOilCoreControlsF34aTests) ... ok
test_auxiliary_liquid_is_isolated_and_limited_to_charge_and_optional_chra (test_917_air_oil_core_controls_f34a.AirOilCoreControlsF34aTests) ... ok
test_baseline_validates_and_cli_succeeds (test_917_air_oil_core_controls_f34a.AirOilCoreControlsF34aTests) ... ok
test_core_rejects_every_liquid_jacket_cavity_or_cross_connection (test_917_air_oil_core_controls_f34a.AirOilCoreControlsF34aTests) ... ok
test_dry_sump_scavenge_piston_jets_and_air_oil_cooler_are_mandatory (test_917_air_oil_core_controls_f34a.AirOilCoreControlsF34aTests) ... ok
test_ecu_redundant_dbw_and_electronic_wastegates_stay_unselected (test_917_air_oil_core_controls_f34a.AirOilCoreControlsF34aTests) ... ok
test_forced_air_fan_plenums_and_fins_are_mandatory (test_917_air_oil_core_controls_f34a.AirOilCoreControlsF34aTests) ... ok
test_hardwired_interlocks_cannot_be_overridden_or_falsely_defined (test_917_air_oil_core_controls_f34a.AirOilCoreControlsF34aTests) ... ok
test_injection_and_dual_ignition_channel_contract_is_exact (test_917_air_oil_core_controls_f34a.AirOilCoreControlsF34aTests) ... ok
test_logging_evidence_remains_null_and_blocked (test_917_air_oil_core_controls_f34a.AirOilCoreControlsF34aTests) ... ok
test_non_finite_json_and_malformed_contract_fail_via_cli (test_917_air_oil_core_controls_f34a.AirOilCoreControlsF34aTests) ... ok
test_parent_paths_hashes_and_roles_are_fail_closed (test_917_air_oil_core_controls_f34a.AirOilCoreControlsF34aTests) ... ok
test_sensor_hardware_ranges_and_calibrations_remain_null_and_blocked (test_917_air_oil_core_controls_f34a.AirOilCoreControlsF34aTests) ... ok
test_top_level_and_nested_schema_are_closed (test_917_air_oil_core_controls_f34a.AirOilCoreControlsF34aTests) ... ok
test_vvt_vvl_lambda_knock_and_can_fd_are_fail_closed_requirements (test_917_air_oil_core_controls_f34a.AirOilCoreControlsF34aTests) ... ok
test_actual_cantera_noncanonical_fixture_smoke_when_dependency_is_available (test_917_air_oil_cycle_f34b.AirOilCycle917F34bTests) ... skipped 'Cantera is exercised by the immutable linux/amd64 F34b image'
test_air_oil_network_rejects_wrong_variant_charge_and_negative_remainder (test_917_air_oil_cycle_f34b.AirOilCycle917F34bTests) ... ok
test_air_oil_network_splits_head_and_adds_head_share_to_oil (test_917_air_oil_cycle_f34b.AirOilCycle917F34bTests) ... ok
test_architecture_and_doe_runtime_gates_fail_closed (test_917_air_oil_cycle_f34b.AirOilCycle917F34bTests) ... ok
test_bundle_execution_or_release_gate_mutation_fails_closed (test_917_air_oil_cycle_f34b.AirOilCycle917F34bTests) ... ok
test_bundle_hash_or_forward_hash_mutation_fails_closed (test_917_air_oil_cycle_f34b.AirOilCycle917F34bTests) ... ok
test_bundle_parent_binding_rejects_embedded_contract_or_manifest_drift (test_917_air_oil_cycle_f34b.AirOilCycle917F34bTests) ... ok
test_cli_preflight_writes_canonical_json_and_rejects_hidden_doe_mode (test_917_air_oil_cycle_f34b.AirOilCycle917F34bTests) ... ok
test_every_gate_group_requires_its_exact_key_set (test_917_air_oil_cycle_f34b.AirOilCycle917F34bTests) ... ok
test_forward_rejects_any_engine_core_liquid_or_legacy_thermal_field (test_917_air_oil_cycle_f34b.AirOilCycle917F34bTests) ... ok
test_forward_schema_rejects_bool_nan_extra_target_and_wrong_units (test_917_air_oil_cycle_f34b.AirOilCycle917F34bTests) ... ok
test_json_reader_rejects_duplicate_keys_and_nonfinite_constants (test_917_air_oil_cycle_f34b.AirOilCycle917F34bTests) ... ok
test_preflight_is_stdlib_only_deterministic_and_executes_no_case (test_917_air_oil_cycle_f34b.AirOilCycle917F34bTests) ... ok
test_seed_bundle_is_self_contained_hash_bound_and_has_no_power_target_input (test_917_air_oil_cycle_f34b.AirOilCycle917F34bTests) ... ok
test_source_has_two_modes_and_no_legacy_runtime_contract_or_solver_import (test_917_air_oil_cycle_f34b.AirOilCycle917F34bTests) ... ok
test_synthetic_forward_is_deterministic_finite_and_all_claims_closed (test_917_air_oil_cycle_f34b.AirOilCycle917F34bTests) ... ok
test_synthetic_manifest_exclusion_is_checked_before_backend_load (test_917_air_oil_cycle_f34b.AirOilCycle917F34bTests) ... ok
test_synthetic_report_runs_exactly_two_noncanonical_fixtures (test_917_air_oil_cycle_f34b.AirOilCycle917F34bTests) ... ok
test_synthetic_smoke_dependency_failure_is_fail_closed_and_writes_no_output (test_917_air_oil_cycle_f34b.AirOilCycle917F34bTests) ... ok
test_thermal_fraction_and_delta_t_domains_fail_closed (test_917_air_oil_cycle_f34b.AirOilCycle917F34bTests) ... ok
test_twin_turbo_network_has_isolated_lt_charge_loop_only (test_917_air_oil_cycle_f34b.AirOilCycle917F34bTests) ... ok
test_variant_specific_charge_and_turbo_fields_are_strict (test_917_air_oil_cycle_f34b.AirOilCycle917F34bTests) ... ok
test_air_oil_core_and_auxiliary_liquid_boundary_are_exact (test_917_air_oil_seeds_f34b.AirOilSeedsF34bTests) ... ok
test_all_physical_and_release_gates_remain_false (test_917_air_oil_seeds_f34b.AirOilSeedsF34bTests) ... ok
test_build_is_deterministic_canonical_and_matches_tracked_bundle (test_917_air_oil_seeds_f34b.AirOilSeedsF34bTests) ... ok
test_cli_check_and_safe_output_path (test_917_air_oil_seeds_f34b.AirOilSeedsF34bTests) ... ok
test_cli_rejects_escape_and_parent_overwrite (test_917_air_oil_seeds_f34b.AirOilSeedsF34bTests) ... ok
test_core_liquid_and_auxiliary_scope_mutations_are_rejected (test_917_air_oil_seeds_f34b.AirOilSeedsF34bTests) ... ok
test_duplicate_json_keys_are_rejected_by_reader (test_917_air_oil_seeds_f34b.AirOilSeedsF34bTests) ... ok
test_each_modern_control_family_is_fail_closed (test_917_air_oil_seeds_f34b.AirOilSeedsF34bTests) ... ok
test_exact_parent_paths_and_file_hashes_are_pinned (test_917_air_oil_seeds_f34b.AirOilSeedsF34bTests) ... ok
test_hash_execution_and_gate_escalations_are_rejected (test_917_air_oil_seeds_f34b.AirOilSeedsF34bTests) ... ok
test_image_runtime_is_self_contained_and_fail_closed (test_917_air_oil_seeds_f34b.AirOilSeedsF34bTests) ... ok
test_modern_control_requirements_are_present_but_unvalidated (test_917_air_oil_seeds_f34b.AirOilSeedsF34bTests) ... ok
test_non_finite_and_non_json_values_are_rejected (test_917_air_oil_seeds_f34b.AirOilSeedsF34bTests) ... ok
test_parent_path_and_hash_mutations_are_rejected (test_917_air_oil_seeds_f34b.AirOilSeedsF34bTests) ... ok
test_requested_power_target_leaks_are_rejected (test_917_air_oil_seeds_f34b.AirOilSeedsF34bTests) ... ok
test_target_is_neither_input_feature_nor_calibration (test_917_air_oil_seeds_f34b.AirOilSeedsF34bTests) ... ok
test_two_forward_inputs_have_canonical_hashes_and_no_results (test_917_air_oil_seeds_f34b.AirOilSeedsF34bTests) ... ok
test_all_release_gates_are_closed_and_files_are_hashed (test_917_aircooled_4v_f34.AirCooledFourValveF34Tests) ... ok
test_calculix_mesh_sequence_blocks_release_on_peak_stress (test_917_aircooled_4v_f34.AirCooledFourValveF34Tests) ... ok
test_cantera_wiebe_disagreement_and_physicsnemo_block_are_retained (test_917_aircooled_4v_f34.AirCooledFourValveF34Tests) ... ok
test_geometry_and_render_are_local_only_not_published (test_917_aircooled_4v_f34.AirCooledFourValveF34Tests) ... ok
test_omniverse_preflight_is_sanitized_and_fail_closed (test_917_aircooled_4v_f34.AirCooledFourValveF34Tests) ... ok
test_publisher_refuses_tracked_or_external_output_roots (test_917_aircooled_4v_f34.AirCooledFourValveF34Tests) ... ok
test_scan_boundary_and_four_valve_scope_are_explicit (test_917_aircooled_4v_f34.AirCooledFourValveF34Tests) ... ok
test_two_external_cooling_methods_really_executed (test_917_aircooled_4v_f34.AirCooledFourValveF34Tests) ... ok
test_two_vs_four_valve_comparison_is_preserved_as_equivalent_port_only (test_917_aircooled_4v_f34.AirCooledFourValveF34Tests) ... ok
test_x86_images_are_smoked_and_open_hfdib_is_only_assessed (test_917_aircooled_4v_f34.AirCooledFourValveF34Tests) ... ok
test_builder_authors_two_fail_closed_ascii_overlays (test_917_bench_executable_skeleton_f14.Engine917BenchExecutableSkeletonF14Test) ... ok
test_contract_has_two_explicit_f10_compositions (test_917_bench_executable_skeleton_f14.Engine917BenchExecutableSkeletonF14Test) ... ok
test_count_tampering_blocks_before_overlay_authoring (test_917_bench_executable_skeleton_f14.Engine917BenchExecutableSkeletonF14Test) ... ok
test_equipment_and_sensor_counts_are_real_contract_sums (test_917_bench_executable_skeleton_f14.Engine917BenchExecutableSkeletonF14Test) ... ok
test_every_graph_relationship_targets_an_authored_semantic_port (test_917_bench_executable_skeleton_f14.Engine917BenchExecutableSkeletonF14Test) ... ok
test_source_graph_counts_are_deduced_per_variant (test_917_bench_executable_skeleton_f14.Engine917BenchExecutableSkeletonF14Test) ... ok
test_state_machine_pass_is_explicitly_not_engine_proof (test_917_bench_executable_skeleton_f14.Engine917BenchExecutableSkeletonF14Test) ... ok
test_documentation_lie_f16_f17_et_interdit_les_conclusions_physiques (test_917_boundary_review_f18.BoundaryReviewF18Tests) ... ok
test_fixture_synthetique_exerce_metriques_classes_et_ply (test_917_boundary_review_f18.BoundaryReviewF18Tests) ... ok
test_preuve_canonique_reste_agregee_et_fail_closed (test_917_boundary_review_f18.BoundaryReviewF18Tests) ... ok
test_sorties_locales_correspondent_aux_empreintes_si_presentes (test_917_boundary_review_f18.BoundaryReviewF18Tests) ... skipped 'sorties locales F18 absentes de cet environnement'
test_source_est_parseable_exhaustif_et_fail_closed (test_917_boundary_review_f18.BoundaryReviewF18Tests) ... ok
test_decided_review_requires_reviewer_evidence_and_closed_gates (test_917_boundary_review_workpack_f23.BoundaryReviewWorkpackF23Tests) ... ok
test_documentation_explains_control_cohort_locality_and_gates (test_917_boundary_review_workpack_f23.BoundaryReviewWorkpackF23Tests) ... ok
test_fixture_generates_two_deterministic_cohorts_and_three_formats (test_917_boundary_review_workpack_f23.BoundaryReviewWorkpackF23Tests) ... ok
test_generation_rejects_unsafe_ids_missing_gates_and_output_symlinks (test_917_boundary_review_workpack_f23.BoundaryReviewWorkpackF23Tests) ... ok
test_hash_and_existing_output_guards_fail_closed (test_917_boundary_review_workpack_f23.BoundaryReviewWorkpackF23Tests) ... ok
test_large_selected_components_are_sampled_while_streaming (test_917_boundary_review_workpack_f23.BoundaryReviewWorkpackF23Tests) ... ok
test_ply_header_lines_and_coordinates_are_bounded (test_917_boundary_review_workpack_f23.BoundaryReviewWorkpackF23Tests) ... ok
test_review_validation_is_source_bound_and_rejects_duplicate_keys (test_917_boundary_review_workpack_f23.BoundaryReviewWorkpackF23Tests) ... ok
test_tracked_contract_is_redacted_and_fail_closed (test_917_boundary_review_workpack_f23.BoundaryReviewWorkpackF23Tests) ... ok
test_cli_check_and_all_release_gates_fail_closed (test_917_cae_load_transfer_f47.CaeLoadTransferF47Tests) ... ok
test_envelopes_are_ordered_complete_and_keep_models_separate (test_917_cae_load_transfer_f47.CaeLoadTransferF47Tests) ... ok
test_exact_matrix_and_no_interpolation (test_917_cae_load_transfer_f47.CaeLoadTransferF47Tests) ... ok
test_geometry_policy_forbids_any_authored_shape (test_917_cae_load_transfer_f47.CaeLoadTransferF47Tests) ... ok
test_h_gas_equation_and_flux_closure_reproduce_F46 (test_917_cae_load_transfer_f47.CaeLoadTransferF47Tests) ... ok
test_png_svg_csv_and_manifest_are_complete_and_hash_locked (test_917_cae_load_transfer_f47.CaeLoadTransferF47Tests) ... ok
test_solver_mappings_are_names_only_and_cannot_claim_execution (test_917_cae_load_transfer_f47.CaeLoadTransferF47Tests) ... ok
test_upstream_contract_report_manifest_and_every_raw_trace_are_hash_bound (test_917_cae_load_transfer_f47.CaeLoadTransferF47Tests) ... ok
test_validator_rejects_open_gate_geometry_and_joint_envelope_claims (test_917_cae_load_transfer_f47.CaeLoadTransferF47Tests) ... ok
test_comparisons_cover_step_cd_architecture_and_independent_combustion (test_917_cantera_2v_4v_crank_cycle_f46.CanteraCrankCycleF46Tests) ... ok
test_contract_is_hashed_comparable_and_fail_closed (test_917_cantera_2v_4v_crank_cycle_f46.CanteraCrankCycleF46Tests) ... ok
test_each_case_has_finite_outputs_balances_and_raw_trace (test_917_cantera_2v_4v_crank_cycle_f46.CanteraCrankCycleF46Tests) ... ok
test_exact_36_case_matrix_three_steps_and_cd_bracket (test_917_cantera_2v_4v_crank_cycle_f46.CanteraCrankCycleF46Tests) ... ok
test_manifest_and_vector_graph_are_bound (test_917_cantera_2v_4v_crank_cycle_f46.CanteraCrankCycleF46Tests) ... ok
test_quality_is_numerical_only_and_physical_gates_stay_closed (test_917_cantera_2v_4v_crank_cycle_f46.CanteraCrankCycleF46Tests) ... ok
test_slider_crank_has_exact_dead_centres_and_positive_volume (test_917_cantera_2v_4v_crank_cycle_f46.CanteraCrankCycleF46Tests) ... ok
test_valve_law_orifice_and_wiebe_equations (test_917_cantera_2v_4v_crank_cycle_f46.CanteraCrankCycleF46Tests) ... ok
test_1973_and_1975_intercooler_branches_are_separate (test_917_classical_solver_cases_f13.ClassicalSolverCases917F13Tests) ... ok
test_ams_evidence_level_divergence_is_explicit_and_conservative (test_917_classical_solver_cases_f13.ClassicalSolverCases917F13Tests) ... ok
test_candidate_ranges_are_only_derived_variant_envelopes (test_917_classical_solver_cases_f13.ClassicalSolverCases917F13Tests) ... ok
test_candidate_units_must_match_sourced_fact (test_917_classical_solver_cases_f13.ClassicalSolverCases917F13Tests) ... ok
test_current_registry_passes_without_authorizing_any_action (test_917_classical_solver_cases_f13.ClassicalSolverCases917F13Tests) ... ok
test_cylinder_counts_are_variant_scoped_and_never_global (test_917_classical_solver_cases_f13.ClassicalSolverCases917F13Tests) ... ok
test_every_case_has_blocked_mesh_convergence_correlation_and_acceptance (test_917_classical_solver_cases_f13.ClassicalSolverCases917F13Tests) ... ok
test_fia_catalogue_record_tracks_pdf_without_redistributing_it (test_917_classical_solver_cases_f13.ClassicalSolverCases917F13Tests) ... ok
test_fia_homologation_facts_are_primary_but_variant_scoped (test_917_classical_solver_cases_f13.ClassicalSolverCases917F13Tests) ... ok
test_fia_valve_diameter_transfer_into_5l_case_is_rejected (test_917_classical_solver_cases_f13.ClassicalSolverCases917F13Tests) ... ok
test_fia_valve_diameters_are_scoped_to_the_4494_variant (test_917_classical_solver_cases_f13.ClassicalSolverCases917F13Tests) ... ok
test_five_litre_na_is_a_separate_blocked_baseline (test_917_classical_solver_cases_f13.ClassicalSolverCases917F13Tests) ... ok
test_invented_candidate_range_is_rejected (test_917_classical_solver_cases_f13.ClassicalSolverCases917F13Tests) ... ok
test_no_output_may_claim_a_simulation_result (test_917_classical_solver_cases_f13.ClassicalSolverCases917F13Tests) ... ok
test_nonspecific_boost_and_spool_claims_are_not_solver_inputs (test_917_classical_solver_cases_f13.ClassicalSolverCases917F13Tests) ... ok
test_nonspecific_boost_claim_transfer_into_1975_is_rejected (test_917_classical_solver_cases_f13.ClassicalSolverCases917F13Tests) ... ok
test_open_contradictions_cannot_be_silently_resolved (test_917_classical_solver_cases_f13.ClassicalSolverCases917F13Tests) ... ok
test_physicsnemo_discovery_links_are_pinned_to_image_version (test_917_classical_solver_cases_f13.ClassicalSolverCases917F13Tests) ... ok
test_physicsnemo_training_cannot_be_enabled_by_configuration (test_917_classical_solver_cases_f13.ClassicalSolverCases917F13Tests) ... ok
test_public_power_claims_remain_separate_documentary_points (test_917_classical_solver_cases_f13.ClassicalSolverCases917F13Tests) ... ok
test_required_solver_domains_are_explicit_and_separate (test_917_classical_solver_cases_f13.ClassicalSolverCases917F13Tests) ... ok
test_required_unknown_must_block_case_execution (test_917_classical_solver_cases_f13.ClassicalSolverCases917F13Tests) ... ok
test_scan_visual_coherence_cannot_confirm_identity_or_scale (test_917_classical_solver_cases_f13.ClassicalSolverCases917F13Tests) ... ok
test_turbo_count_is_bound_directly_to_porsche_usa (test_917_classical_solver_cases_f13.ClassicalSolverCases917F13Tests) ... ok
test_unsourced_numeric_acceptance_threshold_is_rejected (test_917_classical_solver_cases_f13.ClassicalSolverCases917F13Tests) ... ok
test_unsourced_public_fact_is_rejected (test_917_classical_solver_cases_f13.ClassicalSolverCases917F13Tests) ... ok
test_variant_source_boundary_mutation_is_rejected (test_917_classical_solver_cases_f13.ClassicalSolverCases917F13Tests) ... ok
test_1600_mechanical_hp_is_exact_and_never_called_proven (test_917_clean_sheet_2026_f32.CleanSheet917Engine2026F32Tests) ... ok
test_993_historical_and_conversion_cooling_are_never_conflated (test_917_clean_sheet_2026_f32.CleanSheet917Engine2026F32Tests) ... ok
test_authority_material_and_993_source_boundaries_are_validated (test_917_clean_sheet_2026_f32.CleanSheet917Engine2026F32Tests) ... ok
test_candidate_is_derived_from_evaluated_load_status (test_917_clean_sheet_2026_f32.CleanSheet917Engine2026F32Tests) ... ok
test_contract_is_new_2026_program_not_historical_replica (test_917_clean_sheet_2026_f32.CleanSheet917Engine2026F32Tests) ... ok
test_contract_rejects_impossible_domains_and_derived_compressor_state (test_917_clean_sheet_2026_f32.CleanSheet917Engine2026F32Tests) ... ok
test_contract_rejects_non_numeric_boolean_missing_variant_and_open_gate (test_917_clean_sheet_2026_f32.CleanSheet917Engine2026F32Tests) ... ok
test_declared_residual_energy_partition_closes_arithmetically_only (test_917_clean_sheet_2026_f32.CleanSheet917Engine2026F32Tests) ... ok
test_fixed_power_mechanics_and_air_system_have_expected_monotonicity (test_917_clean_sheet_2026_f32.CleanSheet917Engine2026F32Tests) ... ok
test_french_documentation_and_make_targets_preserve_evidence_boundary (test_917_clean_sheet_2026_f32.CleanSheet917Engine2026F32Tests) ... ok
test_hybrid_is_next_study_candidate_with_missing_turbo_load (test_917_clean_sheet_2026_f32.CleanSheet917Engine2026F32Tests) ... ok
test_nominal_geometry_mechanics_air_and_turbo_seed_match_golden_values (test_917_clean_sheet_2026_f32.CleanSheet917Engine2026F32Tests) ... ok
test_tracked_evidence_is_current_and_deterministic (test_917_clean_sheet_2026_f32.CleanSheet917Engine2026F32Tests) ... ok
test_vehicle_solver_and_manufacturing_evidence_stay_absent_and_gates_closed (test_917_clean_sheet_2026_f32.CleanSheet917Engine2026F32Tests) ... ok
test_cad_builder_requires_closed_step_roundtrip_and_immutable_lock (test_917_clean_sheet_head_f29.CleanSheetHeadF29Tests) ... ok
test_contract_is_four_concepts_and_fail_closed (test_917_clean_sheet_head_f29.CleanSheetHeadF29Tests) ... ok
test_design_study_builds_four_packaged_variants (test_917_clean_sheet_head_f29.CleanSheetHeadF29Tests) ... ok
test_effective_area_is_limited_by_valve_throat (test_917_clean_sheet_head_f29.CleanSheetHeadF29Tests) ... ok
test_material_valve_and_spring_choices_keep_manufacturing_boundary (test_917_clean_sheet_head_f29.CleanSheetHeadF29Tests) ... ok
test_omniverse_handoff_does_not_misrepresent_physx_as_fea (test_917_clean_sheet_head_f29.CleanSheetHeadF29Tests) ... ok
test_published_evidence_and_figures_remain_explicitly_non_simulation (test_917_clean_sheet_head_f29.CleanSheetHeadF29Tests) ... ok
test_validator_is_fail_closed_and_checks_no_usd (test_917_clean_sheet_head_f29.CleanSheetHeadF29Tests) ... ok
test_vast_attempt_is_recorded_as_blocked_and_destroyed (test_917_clean_sheet_head_f29.CleanSheetHeadF29Tests) ... ok
test_layout_hypotheses_are_separate (test_917_complete_engine.Complete917EngineTest) ... ok
test_local_parts_report_when_present (test_917_complete_engine.Complete917EngineTest) ... skipped 'local generated report intentionally absent'
test_sourced_topology_counts (test_917_complete_engine.Complete917EngineTest) ... ok
test_turbo_parts_are_variant_only (test_917_complete_engine.Complete917EngineTest) ... ok
test_all_release_gates_are_false (test_917_component_factory_f41.ComponentFactoryF41ContractTest) ... ok
test_bundle_rejects_clean_but_unpublished_commit (test_917_component_factory_f41.ComponentFactoryF41ContractTest) ... ok
test_bundle_rejects_dirty_or_untracked_worktree (test_917_component_factory_f41.ComponentFactoryF41ContractTest) ... ok
test_exact_flat_12_four_valve_architecture (test_917_component_factory_f41.ComponentFactoryF41ContractTest) ... ok
test_executable_factory_has_exactly_six_hash_bound_F35_seed_families (test_917_component_factory_f41.ComponentFactoryF41ContractTest) ... ok
test_families_cover_required_systems (test_917_component_factory_f41.ComponentFactoryF41ContractTest) ... ok
test_finalize_separates_planned_generateable_generated_and_blocked (test_917_component_factory_f41.ComponentFactoryF41ContractTest) ... ok
test_four_valve_head_seed_is_planning_reference_only (test_917_component_factory_f41.ComponentFactoryF41ContractTest) ... ok
test_makefile_exposes_test_plan_preflight_execute_and_bundle_targets (test_917_component_factory_f41.ComponentFactoryF41ContractTest) ... ok
test_mandatory_occurrence_quantities (test_917_component_factory_f41.ComponentFactoryF41ContractTest) ... ok
test_materialization_writes_plans_not_fake_geometry (test_917_component_factory_f41.ComponentFactoryF41ContractTest) ... ok
test_mutated_F35_generator_hash_fails_before_execution (test_917_component_factory_f41.ComponentFactoryF41ContractTest) ... ok
test_mutated_cylinder_count_fails_closed (test_917_component_factory_f41.ComponentFactoryF41ContractTest) ... ok
test_mutated_release_gate_fails_closed (test_917_component_factory_f41.ComponentFactoryF41ContractTest) ... ok
test_mutated_source_hash_fails_closed (test_917_component_factory_f41.ComponentFactoryF41ContractTest) ... ok
test_outputs_cover_editable_step_3mf_stl_and_usd (test_917_component_factory_f41.ComponentFactoryF41ContractTest) ... ok
test_public_bundle_is_deterministic_and_contains_no_raw_scan (test_917_component_factory_f41.ComponentFactoryF41ContractTest) ... ok
test_runtime_preflight_fails_closed_without_exact_image_identity (test_917_component_factory_f41.ComponentFactoryF41ContractTest) ... ok
test_simready_order_respects_content_agents_workflow (test_917_component_factory_f41.ComponentFactoryF41ContractTest) ... ok
test_source_contracts_are_hash_bound (test_917_component_factory_f41.ComponentFactoryF41ContractTest) ... ok
test_unknown_counts_remain_unexpanded (test_917_component_factory_f41.ComponentFactoryF41ContractTest) ... ok
test_archive_sha256_must_match_before_output_creation (test_917_component_factory_f41_cad_results.ComponentFactoryF41CadResultsTest) ... ok
test_artifact_content_must_match_declared_hash_and_size (test_917_component_factory_f41_cad_results.ComponentFactoryF41CadResultsTest) ... ok
test_backslash_member_is_rejected (test_917_component_factory_f41_cad_results.ComponentFactoryF41CadResultsTest) ... ok
test_casefold_collision_in_implicit_directory_is_rejected (test_917_component_factory_f41_cad_results.ComponentFactoryF41CadResultsTest) ... ok
test_duplicate_member_is_rejected (test_917_component_factory_f41_cad_results.ComponentFactoryF41CadResultsTest) ... ok
test_exact_counts_and_format_counts_are_required (test_917_component_factory_f41_cad_results.ComponentFactoryF41CadResultsTest) ... ok
test_existing_output_is_rejected_without_changes (test_917_component_factory_f41_cad_results.ComponentFactoryF41CadResultsTest) ... ok
test_family_manufacturing_or_simulation_claim_cannot_be_opened (test_917_component_factory_f41_cad_results.ComponentFactoryF41CadResultsTest) ... ok
test_family_metric_types_must_be_finite_and_positive (test_917_component_factory_f41_cad_results.ComponentFactoryF41CadResultsTest) ... ok
test_family_sidecar_must_equal_the_main_report_entry (test_917_component_factory_f41_cad_results.ComponentFactoryF41CadResultsTest) ... ok
test_global_gzip_decompressed_stream_limit_precedes_tar_parsing (test_917_component_factory_f41_cad_results.ComponentFactoryF41CadResultsTest) ... ok
test_nested_physical_claim_cannot_be_hidden_in_checks (test_917_component_factory_f41_cad_results.ComponentFactoryF41CadResultsTest) ... ok
test_parent_traversal_member_is_rejected (test_917_component_factory_f41_cad_results.ComponentFactoryF41CadResultsTest) ... ok
test_per_member_limit_is_checked_before_extraction (test_917_component_factory_f41_cad_results.ComponentFactoryF41CadResultsTest) ... ok
test_preflight_checks_are_exact_and_dependencies_are_pinned (test_917_component_factory_f41_cad_results.ComponentFactoryF41CadResultsTest) ... ok
test_release_gate_cannot_be_opened (test_917_component_factory_f41_cad_results.ComponentFactoryF41CadResultsTest) ... ok
test_runtime_workspace_is_excluded_from_exact_layout (test_917_component_factory_f41_cad_results.ComponentFactoryF41CadResultsTest) ... ok
test_source_generation_log_must_be_nonempty (test_917_component_factory_f41_cad_results.ComponentFactoryF41CadResultsTest) ... ok
test_special_member_is_rejected (test_917_component_factory_f41_cad_results.ComponentFactoryF41CadResultsTest) ... ok
test_symlink_archive_is_rejected_by_o_nofollow (test_917_component_factory_f41_cad_results.ComponentFactoryF41CadResultsTest) ... ok
test_unexpected_policy_key_is_rejected_even_when_string_or_false (test_917_component_factory_f41_cad_results.ComponentFactoryF41CadResultsTest) ... ok
test_valid_archive_extracts_and_verifies_exact_evidence (test_917_component_factory_f41_cad_results.ComponentFactoryF41CadResultsTest) ... ok
test_archive_cleanup_and_repository_boundaries_are_exact (test_917_component_factory_f41_runtime_evidence.ComponentFactoryF41RuntimeEvidenceTest) ... ok
test_closed_schema_and_exact_runtime_identity (test_917_component_factory_f41_runtime_evidence.ComponentFactoryF41RuntimeEvidenceTest) ... ok
test_human_documents_preserve_the_claim_boundary (test_917_component_factory_f41_runtime_evidence.ComponentFactoryF41RuntimeEvidenceTest) ... ok
test_only_execution_gate_is_open (test_917_component_factory_f41_runtime_evidence.ComponentFactoryF41RuntimeEvidenceTest) ... ok
test_publication_cross_link_matches_exact_c59_digest (test_917_component_factory_f41_runtime_evidence.ComponentFactoryF41RuntimeEvidenceTest) ... ok
test_qualification_is_bounded_to_six_research_seed_families (test_917_component_factory_f41_runtime_evidence.ComponentFactoryF41RuntimeEvidenceTest) ... ok
test_build_context_is_exact_public_allowlist (test_917_component_factory_f41_vast_image.ComponentFactoryF41VastImageTests) ... ok
test_dockerfile_extends_exact_f28_digest_and_adds_only_bounded_transport (test_917_component_factory_f41_vast_image.ComponentFactoryF41VastImageTests) ... ok
test_documentation_exposes_exact_wrapper_contract_and_limits (test_917_component_factory_f41_vast_image.ComponentFactoryF41VastImageTests) ... ok
test_first_runtime_attempt_records_failure_and_verified_absence_only (test_917_component_factory_f41_vast_image.ComponentFactoryF41VastImageTests) ... ok
test_lock_is_prepublication_and_all_claims_remain_closed (test_917_component_factory_f41_vast_image.ComponentFactoryF41VastImageTests) ... ok
test_no_key_or_private_asset_blob_is_embedded (test_917_component_factory_f41_vast_image.ComponentFactoryF41VastImageTests) ... ok
test_package_lock_matches_every_exact_apt_pin_and_hash (test_917_component_factory_f41_vast_image.ComponentFactoryF41VastImageTests) ... ok
test_public_bundle_requires_exact_manifest_hashes_and_utf8_text (test_917_component_factory_f41_vast_image.ComponentFactoryF41VastImageTests) ... ok
test_publication_evidence_is_external_and_vast_qualification_pending (test_917_component_factory_f41_vast_image.ComponentFactoryF41VastImageTests) ... ok
test_scripts_parse_and_cad_launcher_is_fail_closed (test_917_component_factory_f41_vast_image.ComponentFactoryF41VastImageTests) ... ok
test_smoke_executes_build123d_step_after_privilege_drop_and_closes_claims (test_917_component_factory_f41_vast_image.ComponentFactoryF41VastImageTests) ... ok
test_stager_allowlist_matches_the_text_only_f41_builder (test_917_component_factory_f41_vast_image.ComponentFactoryF41VastImageTests) ... ok
test_stager_rejects_other_geometry_private_paths_links_devices_and_traversal (test_917_component_factory_f41_vast_image.ComponentFactoryF41VastImageTests) ... ok
test_workflow_publishes_amd64_digest_attestations_and_anonymous_smoke (test_917_component_factory_f41_vast_image.ComponentFactoryF41VastImageTests) ... ok
test_CPU_execution_evidence_is_sanitized_and_fail_closed (test_917_component_factory_f42a_usd.ComponentFactoryF42aUsdTests) ... ok
test_CPU_only_device_mask_is_mandatory_before_output (test_917_component_factory_f42a_usd.ComponentFactoryF42aUsdTests) ... ok
test_archive_byte_change_fails_closed (test_917_component_factory_f42a_usd.ComponentFactoryF42aUsdTests) ... ok
test_archive_inspection_ignores_non_allowlisted_scan (test_917_component_factory_f42a_usd.ComponentFactoryF42aUsdTests) ... ok
test_bounds_tolerances_are_finite_and_exactly_pinned (test_917_component_factory_f42a_usd.ComponentFactoryF42aUsdTests) ... ok
test_cli_failure_never_adds_error_report_to_existing_output (test_917_component_factory_f42a_usd.ComponentFactoryF42aUsdTests) ... F42a USD error: exact_immutable_F42a_runtime_image_ref_not_reported
ok
test_complete_conversion_only_run_produces_six_minimum_valid_usd (test_917_component_factory_f42a_usd.ComponentFactoryF42aUsdTests) ... ok
test_corrected_CPU_replay_is_canonical_reproducible_and_fail_closed (test_917_component_factory_f42a_usd.ComponentFactoryF42aUsdTests) ... ok
test_duplicate_allowlisted_archive_member_fails_closed (test_917_component_factory_f42a_usd.ComponentFactoryF42aUsdTests) ... ok
test_nonempty_output_is_never_overwritten (test_917_component_factory_f42a_usd.ComponentFactoryF42aUsdTests) ... ok
test_physics_found_by_minimum_validator_blocks_F42a (test_917_component_factory_f42a_usd.ComponentFactoryF42aUsdTests) ... ok
test_production_contract_binds_exact_validated_archive_and_15_files (test_917_component_factory_f42a_usd.ComponentFactoryF42aUsdTests) ... ok
test_production_runtime_pending_blocks_execution_before_output (test_917_component_factory_f42a_usd.ComponentFactoryF42aUsdTests) ... ok
test_runtime_image_identity_is_mandatory (test_917_component_factory_f42a_usd.ComponentFactoryF42aUsdTests) ... ok
test_unbound_skill_change_fails_closed (test_917_component_factory_f42a_usd.ComponentFactoryF42aUsdTests) ... ok
test_wrapper_is_CPU_only_offline_and_digest_pinned (test_917_component_factory_f42a_usd.ComponentFactoryF42aUsdTests) ... ok
test_wrapper_pending_contract_stops_before_docker (test_917_component_factory_f42a_usd.ComponentFactoryF42aUsdTests) ... ok
test_allowlist_physx_refuse_schemas_et_proprietes_hors_collision_statique (test_917_component_factory_f42b_gpu.ComponentFactoryF42bGpuTests) ... ok
test_audit_sdf_precede_toute_ouverture_composee (test_917_component_factory_f42b_gpu.ComponentFactoryF42bGpuTests) ... ok
test_binding_material_rejette_purpose_collection_et_prim_non_mesh (test_917_component_factory_f42b_gpu.ComponentFactoryF42bGpuTests) ... ok
test_conformance_f42b_refuse_neutral_ou_mauvaise_version (test_917_component_factory_f42b_gpu.ComponentFactoryF42bGpuTests) ... ok
test_contrat_lie_exactement_les_six_usd_canoniques_f42a (test_917_component_factory_f42b_gpu.ComponentFactoryF42bGpuTests) ... ok
test_destination_privee_isole_la_decouverte_git_de_l_environnement (test_917_component_factory_f42b_gpu.ComponentFactoryF42bGpuTests) ... ok
test_destination_privee_refuse_worktree_et_symlink (test_917_component_factory_f42b_gpu.ComponentFactoryF42bGpuTests) ... ok
test_equivalence_fet001_pxr_conserve_affines_et_bounds_monde_en_metres (test_917_component_factory_f42b_gpu.ComponentFactoryF42bGpuTests) ... skipped 'pxr requis pour le test comportemental FET001'
test_helper_refuse_un_repertoire_prive_incomplet (test_917_component_factory_f42b_gpu.ComponentFactoryF42bGpuTests) ... ok
test_materiaux_visuels_et_historiques_sont_separes (test_917_component_factory_f42b_gpu.ComponentFactoryF42bGpuTests) ... ok
test_patch_nvidia_charge_exactement_le_repertoire_des_profils (test_917_component_factory_f42b_gpu.ComponentFactoryF42bGpuTests) ... ok
test_physique_est_strictement_un_diagnostic_de_colliders_statiques (test_917_component_factory_f42b_gpu.ComponentFactoryF42bGpuTests) ... ok
test_pilote_chronometre_bloque_les_cinq_autres_si_projection_depassee (test_917_component_factory_f42b_gpu.ComponentFactoryF42bGpuTests) ... ok
test_pin_runtime_ouvre_uniquement_son_gate_dedie (test_917_component_factory_f42b_gpu.ComponentFactoryF42bGpuTests) ... ok
test_quatre_phases_f42b_sont_isolees_et_executables (test_917_component_factory_f42b_gpu.ComponentFactoryF42bGpuTests) ... ok
test_release_et_resultats_ne_survendent_rien (test_917_component_factory_f42b_gpu.ComponentFactoryF42bGpuTests) ... ok
test_runtime_est_epingle_mais_exige_un_recu_live (test_917_component_factory_f42b_gpu.ComponentFactoryF42bGpuTests) ... ok
test_sonde_worktree_supprime_toutes_les_surcharges_git (test_917_component_factory_f42b_gpu.ComponentFactoryF42bGpuTests) ... ok
test_transfert_et_collecte_emploient_un_profil_ferme (test_917_component_factory_f42b_gpu.ComponentFactoryF42bGpuTests) ... ok
test_validation_bloquee_ne_devient_jamais_needs_rerun (test_917_component_factory_f42b_gpu.ComponentFactoryF42bGpuTests) ... ok
test_validation_nvidia_est_ordonee_sans_auto_reparation (test_917_component_factory_f42b_gpu.ComponentFactoryF42bGpuTests) ... ok
test_all_release_gates_and_physics_metadata_remain_closed (test_917_connecting_rod_cad_f44.ConnectingRodCadF44Tests) ... ok
test_builder_audits_authored_shape_before_cleaning (test_917_connecting_rod_cad_f44.ConnectingRodCadF44Tests) ... ok
test_builder_keeps_build123d_lazy_and_models_subtractive_features (test_917_connecting_rod_cad_f44.ConnectingRodCadF44Tests) ... ok
test_cli_validation_and_description_pass_without_cad_runtime (test_917_connecting_rod_cad_f44.ConnectingRodCadF44Tests) ... ok
test_duplicate_source_and_extra_top_level_key_fail_closed (test_917_connecting_rod_cad_f44.ConnectingRodCadF44Tests) ... ok
test_existing_output_is_never_overwritten (test_917_connecting_rod_cad_f44.ConnectingRodCadF44Tests) ... ok
test_generator_rejects_output_outside_project_work_before_loading_cad (test_917_connecting_rod_cad_f44.ConnectingRodCadF44Tests) ... ok
test_geometry_report_checks_require_positive_ligaments_and_cutter_intersections (test_917_connecting_rod_cad_f44.ConnectingRodCadF44Tests) ... ok
test_make_target_runs_real_docker_smoke_with_separate_writable_work_mount (test_917_connecting_rod_cad_f44.ConnectingRodCadF44Tests) ... ok
test_oil_channel_starts_beyond_big_end_bearing_outer_radius (test_917_connecting_rod_cad_f44.ConnectingRodCadF44Tests) ... ok
test_only_allowed_parameter_classifications_are_used (test_917_connecting_rod_cad_f44.ConnectingRodCadF44Tests) ... ok
test_output_symlink_is_rejected_before_loading_cad (test_917_connecting_rod_cad_f44.ConnectingRodCadF44Tests) ... ok
test_pair_topology_mismatch_is_computed_and_blocks_export (test_917_connecting_rod_cad_f44.ConnectingRodCadF44Tests) ... ok
test_requested_detailed_features_are_explicit_and_separate (test_917_connecting_rod_cad_f44.ConnectingRodCadF44Tests) ... ok
test_smoke_metric_comparison_is_fail_closed (test_917_connecting_rod_cad_f44.ConnectingRodCadF44Tests) ... ok
test_smoke_reopens_both_neutral_and_mesh_exports_and_checks_provenance (test_917_connecting_rod_cad_f44.ConnectingRodCadF44Tests) ... ok
test_smoke_requires_exactly_nine_step_nine_stl_and_one_report (test_917_connecting_rod_cad_f44.ConnectingRodCadF44Tests) ... ok
test_source_hash_and_geometry_transfer_are_fail_closed (test_917_connecting_rod_cad_f44.ConnectingRodCadF44Tests) ... ok
test_stl_parser_proves_manifold_closure_and_opposite_edge_orientation (test_917_connecting_rod_cad_f44.ConnectingRodCadF44Tests) ... ok
test_stl_parser_rejects_global_inversion_without_breaking_multiple_solids (test_917_connecting_rod_cad_f44.ConnectingRodCadF44Tests) ... ok
test_tracked_contract_passes (test_917_connecting_rod_cad_f44.ConnectingRodCadF44Tests) ... ok
test_validator_closes_nested_schemas_and_non_snapshot_values (test_917_connecting_rod_cad_f44.ConnectingRodCadF44Tests) ... ok
test_validator_rejects_each_reviewed_fail_open_mutation (test_917_connecting_rod_cad_f44.ConnectingRodCadF44Tests) ... ok
test_validator_rejects_measured_or_manufacturing_claims_in_comment_and_notes (test_917_connecting_rod_cad_f44.ConnectingRodCadF44Tests) ... ok
test_validator_rejects_open_gate_or_filled_unknown (test_917_connecting_rod_cad_f44.ConnectingRodCadF44Tests) ... ok
test_validator_rejects_silent_pair_enablement_or_dimension_change (test_917_connecting_rod_cad_f44.ConnectingRodCadF44Tests) ... ok
test_endpoint_strains_use_interval_means_not_incremental_means (test_917_cp1_expansion_f56.CP1ReferenceExpansionTests) ... ok
test_interpolation_preserves_endpoint_strains (test_917_cp1_expansion_f56.CP1ReferenceExpansionTests) ... ok
test_no_extrapolation_or_nonfinite_input (test_917_cp1_expansion_f56.CP1ReferenceExpansionTests) ... ok
test_processes_and_qualification_remain_distinct (test_917_cp1_expansion_f56.CP1ReferenceExpansionTests) ... ok
test_cli_output_check_and_stale_evidence_paths (test_917_cycle_thermal_f33.CycleThermal917F33Tests) ... skipped 'Cantera 3.2.0 is only required for the full F33 image path'
test_contract_has_exact_na_and_twin_turbo_variants_with_separate_target (test_917_cycle_thermal_f33.CycleThermal917F33Tests) ... ok
test_forward_input_rejects_bool_nan_infinity_negative_and_wrong_units (test_917_cycle_thermal_f33.CycleThermal917F33Tests) ... ok
test_na_has_no_turbo_and_twin_turbo_remains_unmatched (test_917_cycle_thermal_f33.CycleThermal917F33Tests) ... ok
test_parent_image_publication_path_sha_and_proof_boundary_are_verified (test_917_cycle_thermal_f33.CycleThermal917F33Tests) ... ok
test_requested_target_mutation_does_not_change_any_forward_prediction (test_917_cycle_thermal_f33.CycleThermal917F33Tests) ... skipped 'Cantera 3.2.0 is only required for the full F33 image path'
test_semantics_can_close_without_solver_or_physical_release (test_917_cycle_thermal_f33.CycleThermal917F33Tests) ... ok
test_solver_report_is_deterministic_and_tracked_exactly (test_917_cycle_thermal_f33.CycleThermal917F33Tests) ... skipped 'Cantera 3.2.0 is only required for the full F33 image path'
test_tracked_report_outputs_are_finite_and_match_contract (test_917_cycle_thermal_f33.CycleThermal917F33Tests) ... ok
test_unit_registry_exactly_covers_every_numeric_forward_input (test_917_cycle_thermal_f33.CycleThermal917F33Tests) ... ok
test_unknown_claim_open_gate_missing_or_duplicate_variant_fail_closed (test_917_cycle_thermal_f33.CycleThermal917F33Tests) ... ok
test_declared_counts_match_families (test_917_detail_expansion.Engine917DetailExpansionTest) ... ok
test_turbo_internals_are_variant_only (test_917_detail_expansion.Engine917DetailExpansionTest) ... ok
test_unknown_dimensions_remain_non_manufacturing (test_917_detail_expansion.Engine917DetailExpansionTest) ... ok
test_contract_is_fail_closed_and_contains_no_placement (test_917_dimensional_skeleton_f14.DimensionalSkeletonF14Tests) ... ok
test_generator_writes_only_json_and_usd_guides_by_default (test_917_dimensional_skeleton_f14.DimensionalSkeletonF14Tests) ... ok
test_placement_or_stud_assignment_is_rejected (test_917_dimensional_skeleton_f14.DimensionalSkeletonF14Tests) ... ok
test_source_records_are_verified_and_hashed (test_917_dimensional_skeleton_f14.DimensionalSkeletonF14Tests) ... ok
test_source_url_mutation_is_rejected_even_with_matching_digest_pin (test_917_dimensional_skeleton_f14.DimensionalSkeletonF14Tests) ... ok
test_studs_are_unplaced_and_not_assigned_to_a_variant (test_917_dimensional_skeleton_f14.DimensionalSkeletonF14Tests) ... ok
test_tampered_dimension_is_rejected_before_outputs (test_917_dimensional_skeleton_f14.DimensionalSkeletonF14Tests) ... ok
test_three_variants_are_separate_and_exact (test_917_dimensional_skeleton_f14.DimensionalSkeletonF14Tests) ... ok
test_token_compatible_source_content_mutation_is_rejected_by_digest (test_917_dimensional_skeleton_f14.DimensionalSkeletonF14Tests) ... ok
test_all_release_technical_and_training_gates_fail_closed (test_917_doe_f34.Doe917F34Tests) ... ok
test_axis_paths_and_transforms_are_pinned_to_f34_air_oil_schema (test_917_doe_f34.Doe917F34Tests) ... ok
test_baseline_validates_and_matches_tracked_manifest_byte_for_byte (test_917_doe_f34.Doe917F34Tests) ... ok
test_bool_wrong_type_negative_and_out_of_range_seeds_are_rejected (test_917_doe_f34.Doe917F34Tests) ... ok
test_case_counts_are_exact_for_variants_and_design_blocks (test_917_doe_f34.Doe917F34Tests) ... ok
test_case_ids_and_forward_input_hashes_are_globally_unique (test_917_doe_f34.Doe917F34Tests) ... ok
test_cli_output_check_and_stale_manifest_exit_codes (test_917_doe_f34.Doe917F34Tests) ... ok
test_contract_sections_reject_extra_keys (test_917_doe_f34.Doe917F34Tests) ... ok
test_f34_seed_strips_head_coolant_and_locks_modern_air_oil_architecture (test_917_doe_f34.Doe917F34Tests) ... ok
test_f34a_parent_semantics_fail_closed_independently_of_file_hash (test_917_doe_f34.Doe917F34Tests) ... ok
test_features_and_labels_exclude_target_data_and_target_mutations_fail (test_917_doe_f34.Doe917F34Tests) ... ok
test_lhs_splits_are_exact_disjoint_and_group_closed (test_917_doe_f34.Doe917F34Tests) ... ok
test_manifest_generation_is_byte_deterministic_and_case_order_is_stable (test_917_doe_f34.Doe917F34Tests) ... ok
test_missing_duplicate_bad_hash_and_unsafe_parents_are_rejected (test_917_doe_f34.Doe917F34Tests) ... ok
test_morris_levels_and_directions_are_balanced_per_axis (test_917_doe_f34.Doe917F34Tests) ... ok
test_non_finite_numbers_are_rejected_in_memory_and_by_json_parser (test_917_doe_f34.Doe917F34Tests) ... ok
test_ood_cases_never_gain_training_membership_or_authority (test_917_doe_f34.Doe917F34Tests) ... ok
test_preflight_constraints_block_all_in_domain_violations (test_917_doe_f34.Doe917F34Tests) ... ok
test_pressure_temperature_speed_and_power_units_are_closed (test_917_doe_f34.Doe917F34Tests) ... ok
test_target_scalar_is_directly_excluded_but_inverse_seed_ancestry_remains (test_917_doe_f34.Doe917F34Tests) ... ok
test_1975_record_crosswalk_stays_documentary_and_unknown (test_917_dual_variant_functional_readiness_f24.DualVariantFunctionalReadinessF24Tests) ... ok
test_1975_record_hardware_inference_is_rejected (test_917_dual_variant_functional_readiness_f24.DualVariantFunctionalReadinessF24Tests) ... ok
test_a_populated_input_value_is_rejected (test_917_dual_variant_functional_readiness_f24.DualVariantFunctionalReadinessF24Tests) ... ok
test_a_wrong_variant_case_pair_is_rejected (test_917_dual_variant_functional_readiness_f24.DualVariantFunctionalReadinessF24Tests) ... ok
test_all_upstreams_are_tracked_and_digest_bound (test_917_dual_variant_functional_readiness_f24.DualVariantFunctionalReadinessF24Tests) ... ok
test_an_open_gate_is_rejected_without_opening_report_release (test_917_dual_variant_functional_readiness_f24.DualVariantFunctionalReadinessF24Tests) ... ok
test_case_008_and_011_applicability_is_exact (test_917_dual_variant_functional_readiness_f24.DualVariantFunctionalReadinessF24Tests) ... ok
test_check_mode_is_read_only_and_rejects_tampering (test_917_dual_variant_functional_readiness_f24.DualVariantFunctionalReadinessF24Tests) ... ok
test_f10_is_display_only_and_f22_is_schema_only (test_917_dual_variant_functional_readiness_f24.DualVariantFunctionalReadinessF24Tests) ... ok
test_input_applicability_never_relabels_evidence_variant_scope (test_917_dual_variant_functional_readiness_f24.DualVariantFunctionalReadinessF24Tests) ... ok
test_null_templates_cover_two_engineering_branches_and_1975_record (test_917_dual_variant_functional_readiness_f24.DualVariantFunctionalReadinessF24Tests) ... ok
test_relabelled_evidence_variant_scope_is_rejected (test_917_dual_variant_functional_readiness_f24.DualVariantFunctionalReadinessF24Tests) ... ok
test_reported_1600_hp_and_physicsnemo_remain_non_authoritative (test_917_dual_variant_functional_readiness_f24.DualVariantFunctionalReadinessF24Tests) ... ok
test_scan_remains_unbound_and_numerical_proximity_is_not_selection (test_917_dual_variant_functional_readiness_f24.DualVariantFunctionalReadinessF24Tests) ... ok
test_tracked_contract_is_deterministic_and_fail_closed (test_917_dual_variant_functional_readiness_f24.DualVariantFunctionalReadinessF24Tests) ... ok
test_variant_templates_do_not_transfer_cylinder_or_intercooler_facts (test_917_dual_variant_functional_readiness_f24.DualVariantFunctionalReadinessF24Tests) ... ok
test_adversarial_injections_fail_closed (test_917_dual_variant_parametric_cad_f28.DualVariantParametricCadF28Tests) ... ok
test_all_engineering_and_topology_inputs_remain_null (test_917_dual_variant_parametric_cad_f28.DualVariantParametricCadF28Tests) ... ok
test_canonical_upstream_digests_are_literal_and_view_is_immutable (test_917_dual_variant_parametric_cad_f28.DualVariantParametricCadF28Tests) ... ok
test_f13_facts_are_directly_bound_and_power_variants_are_distinct (test_917_dual_variant_parametric_cad_f28.DualVariantParametricCadF28Tests) ... ok
test_f16_minimal_graph_is_preserved_with_intermediates_cardinality_and_types (test_917_dual_variant_parametric_cad_f28.DualVariantParametricCadF28Tests) ... ok
test_f19_all_31_families_routes_and_extensions_are_traceable (test_917_dual_variant_parametric_cad_f28.DualVariantParametricCadF28Tests) ... ok
test_f24_record_branch_is_documentary_and_not_an_f28_design_variant (test_917_dual_variant_parametric_cad_f28.DualVariantParametricCadF28Tests) ... ok
test_generator_modes_are_mutually_exclusive_and_check_is_read_only (test_917_dual_variant_parametric_cad_f28.DualVariantParametricCadF28Tests) ... ok
test_generator_rejects_non_json_output (test_917_dual_variant_parametric_cad_f28.DualVariantParametricCadF28Tests) ... ok
test_independent_invariants_reject_reviewed_rebase_bypasses (test_917_dual_variant_parametric_cad_f28.DualVariantParametricCadF28Tests) ... ok
test_modified_upstream_cannot_be_rebound_by_upstreams_view (test_917_dual_variant_parametric_cad_f28.DualVariantParametricCadF28Tests) ... ok
test_na_exhaust_bypass_is_not_inherited_by_turbo_common_trunk (test_917_dual_variant_parametric_cad_f28.DualVariantParametricCadF28Tests) ... ok
test_no_declared_family_is_semantically_isolated (test_917_dual_variant_parametric_cad_f28.DualVariantParametricCadF28Tests) ... ok
test_non_boolean_false_like_gate_values_fail_closed (test_917_dual_variant_parametric_cad_f28.DualVariantParametricCadF28Tests) ... ok
test_tracked_contract_is_deterministic_zero_geometry_and_digest_locked (test_917_dual_variant_parametric_cad_f28.DualVariantParametricCadF28Tests) ... ok
test_turbo_crosswalk_and_complete_semantic_flow_lube_topology (test_917_dual_variant_parametric_cad_f28.DualVariantParametricCadF28Tests) ... ok
test_upstream_gate_key_deletion_fails_independent_invariants (test_917_dual_variant_parametric_cad_f28.DualVariantParametricCadF28Tests) ... ok
test_variant_sets_are_exact_and_intake_trumpet_is_in_both (test_917_dual_variant_parametric_cad_f28.DualVariantParametricCadF28Tests) ... ok
test_source_revisions_and_cantera_are_locked (test_917_engine_solver_authority_f46.EngineSolverAuthorityF46Tests) ... ok
test_tracked_contract_passes (test_917_engine_solver_authority_f46.EngineSolverAuthorityF46Tests) ... ok
test_two_variants_are_comparable_and_all_gates_closed (test_917_engine_solver_authority_f46.EngineSolverAuthorityF46Tests) ... ok
test_unproved_ICEEngineFoam_name_cannot_be_promoted (test_917_engine_solver_authority_f46.EngineSolverAuthorityF46Tests) ... ok
test_context_is_an_exact_public_allowlist (test_917_engine_wave_f39_image.EngineWaveF39ImageTests) ... ok
test_dockerfile_is_pinned_amd64_non_root_and_minimal (test_917_engine_wave_f39_image.EngineWaveF39ImageTests) ... ok
test_entrypoint_and_workflow_are_bounded (test_917_engine_wave_f39_image.EngineWaveF39ImageTests) ... ok
test_requirements_are_exact_hashed_linux_wheels (test_917_engine_wave_f39_image.EngineWaveF39ImageTests) ... ok
test_smoke_is_generic_and_keeps_engine_claims_closed (test_917_engine_wave_f39_image.EngineWaveF39ImageTests) ... ok
test_build_context_is_exact_public_allowlist (test_917_engine_wave_f40_vast_image.EngineWaveF40VastImageTests) ... ok
test_dockerfile_extends_exact_f39_digest_and_keeps_transport_root_bounded (test_917_engine_wave_f40_vast_image.EngineWaveF40VastImageTests) ... ok
test_documentation_explains_vast_entrypoint_and_limits (test_917_engine_wave_f40_vast_image.EngineWaveF40VastImageTests) ... ok
test_lock_is_prepublication_and_all_engine_claims_remain_closed (test_917_engine_wave_f40_vast_image.EngineWaveF40VastImageTests) ... ok
test_no_private_material_or_key_blob_is_embedded (test_917_engine_wave_f40_vast_image.EngineWaveF40VastImageTests) ... ok
test_package_lock_matches_every_exact_apt_pin (test_917_engine_wave_f40_vast_image.EngineWaveF40VastImageTests) ... ok
test_scripts_parse_and_privilege_launcher_is_fail_closed (test_917_engine_wave_f40_vast_image.EngineWaveF40VastImageTests) ... ok
test_smoke_separates_packaging_from_real_vast_and_engine_evidence (test_917_engine_wave_f40_vast_image.EngineWaveF40VastImageTests) ... ok
test_stager_rejects_traversal_links_devices_duplicates_and_oversize (test_917_engine_wave_f40_vast_image.EngineWaveF40VastImageTests) ... ok
test_workflow_publishes_amd64_digest_and_requires_anonymous_pull (test_917_engine_wave_f40_vast_image.EngineWaveF40VastImageTests) ... ok
test_exact_public_image_and_successful_workflow_are_recorded (test_917_engine_wave_f40_vast_publication.EngineWaveF40VastPublicationTests) ... ok
test_publication_gates_are_closed_without_opening_engine_claims (test_917_engine_wave_f40_vast_publication.EngineWaveF40VastPublicationTests) ... ok
test_aeolus_image_builds_exact_flat_12_nominal_network (test_917_extended_periodic_state_f40b.ExtendedPeriodicStateF40bTests) ... skipped "Aeolus1D absent de l'hote"
test_all_metrics_must_pass_each_of_three_deltas (test_917_extended_periodic_state_f40b.ExtendedPeriodicStateF40bTests) ... ok
test_budget_exhaustion_is_integrity_complete_but_not_periodic (test_917_extended_periodic_state_f40b.ExtendedPeriodicStateF40bTests) ... ok
test_contract_binds_exact_f40_sources_and_image (test_917_extended_periodic_state_f40b.ExtendedPeriodicStateF40bTests) ... ok
test_convergence_window_can_be_reached_after_cycle_four (test_917_extended_periodic_state_f40b.ExtendedPeriodicStateF40bTests) ... ok
test_cycle_budget_and_tolerance_are_immutable (test_917_extended_periodic_state_f40b.ExtendedPeriodicStateF40bTests) ... ok
test_hash_binding_tamper_is_rejected (test_917_extended_periodic_state_f40b.ExtendedPeriodicStateF40bTests) ... ok
test_make_targets_use_immutable_image_and_absolute_output (test_917_extended_periodic_state_f40b.ExtendedPeriodicStateF40bTests) ... ok
test_manifest_executes_nothing_and_promotes_only_documentary_gates (test_917_extended_periodic_state_f40b.ExtendedPeriodicStateF40bTests) ... ok
test_missing_boundary_index_fails_recording_gate (test_917_extended_periodic_state_f40b.ExtendedPeriodicStateF40bTests) ... ok
test_nonfinite_boundary_never_passes (test_917_extended_periodic_state_f40b.ExtendedPeriodicStateF40bTests) ... ok
test_periodic_execution_promotes_only_aggregate_numerical_gate (test_917_extended_periodic_state_f40b.ExtendedPeriodicStateF40bTests) ... ok
test_physical_and_phase_resolved_gates_start_false (test_917_extended_periodic_state_f40b.ExtendedPeriodicStateF40bTests) ... ok
test_report_preserves_all_physical_gates_false (test_917_extended_periodic_state_f40b.ExtendedPeriodicStateF40bTests) ... ok
test_stable_runtime_stops_at_first_permitted_cycle (test_917_extended_periodic_state_f40b.ExtendedPeriodicStateF40bTests) ... ok
test_unstable_runtime_records_all_24_boundaries (test_917_extended_periodic_state_f40b.ExtendedPeriodicStateF40bTests) ... ok
test_upstream_f40_chain_and_nominal_case_are_validated (test_917_extended_periodic_state_f40b.ExtendedPeriodicStateF40bTests) ... ok
test_accepts_geometry_resolved_completed_case (test_917_f36_final_cfd_thermal.FinalCfdThermalEvidenceTests) ... ok
test_compact_copy_removes_stale_files (test_917_f36_final_cfd_thermal.FinalCfdThermalEvidenceTests) ... ok
test_does_not_accept_partial_solver_with_heat_rows (test_917_f36_final_cfd_thermal.FinalCfdThermalEvidenceTests) ... ok
test_published_bundle_manifest_covers_exact_compact_tree (test_917_f36_final_cfd_thermal.FinalCfdThermalEvidenceTests) ... ok
test_rejects_case_without_head_heat_flux_rows (test_917_f36_final_cfd_thermal.FinalCfdThermalEvidenceTests) ... ok
test_restart_duplicate_time_prefers_later_restart_and_records_source (test_917_f36_final_cfd_thermal.FinalCfdThermalEvidenceTests) ... ok
test_restart_series_uses_latest_time_directory (test_917_f36_final_cfd_thermal.FinalCfdThermalEvidenceTests) ... ok
test_cantera_is_load_only_and_release_gates_remain_closed (test_917_f37_ice_engine_foam.F37IceEngineFoamEvidenceTests) ... ok
test_compact_logs_are_hash_bound_and_terminal (test_917_f37_ice_engine_foam.F37IceEngineFoamEvidenceTests) ... ok
test_executed_case_is_only_the_generic_reference (test_917_f37_ice_engine_foam.F37IceEngineFoamEvidenceTests) ... ok
test_no_raw_scan_or_engine_mesh_is_published (test_917_f37_ice_engine_foam.F37IceEngineFoamEvidenceTests) ... ok
test_requested_binary_is_not_silently_substituted (test_917_f37_ice_engine_foam.F37IceEngineFoamEvidenceTests) ... ok
test_consistent_inputs_are_accepted (test_917_f37_lpbf_voxel_audit.LpbfManufacturingCompilerFailClosedTests) ... ok
test_f36_locked_plate_cannot_be_relabelled_f37 (test_917_f37_lpbf_voxel_audit.LpbfManufacturingCompilerFailClosedTests) ... ok
test_inconsistent_voxel_volume_is_rejected (test_917_f37_lpbf_voxel_audit.LpbfManufacturingCompilerFailClosedTests) ... ok
test_insufficient_thickness_ray_coverage_is_rejected (test_917_f37_lpbf_voxel_audit.LpbfManufacturingCompilerFailClosedTests) ... ok
test_non_minimum_orientation_is_rejected (test_917_f37_lpbf_voxel_audit.LpbfManufacturingCompilerFailClosedTests) ... ok
test_old_unbounded_thickness_method_is_rejected (test_917_f37_lpbf_voxel_audit.LpbfManufacturingCompilerFailClosedTests) ... ok
test_old_voxel_method_is_rejected (test_917_f37_lpbf_voxel_audit.LpbfManufacturingCompilerFailClosedTests) ... ok
test_release_authorization_cannot_enter_the_virtual_compiler (test_917_f37_lpbf_voxel_audit.LpbfManufacturingCompilerFailClosedTests) ... ok
test_tampered_derived_gate_is_rejected (test_917_f37_lpbf_voxel_audit.LpbfManufacturingCompilerFailClosedTests) ... ok
test_tampered_selected_metrics_are_rejected (test_917_f37_lpbf_voxel_audit.LpbfManufacturingCompilerFailClosedTests) ... ok
test_closed_internal_cavity_is_detected (test_917_f37_lpbf_voxel_audit.LpbfVoxelAuditGeometryTests) ... skipped 'trimesh absent hors image mesh-cfd'
test_open_through_hole_is_not_classified_as_trapped (test_917_f37_lpbf_voxel_audit.LpbfVoxelAuditGeometryTests) ... skipped 'trimesh absent hors image mesh-cfd'
test_spatial_index_reference_cap_fails_closed (test_917_f37_lpbf_voxel_audit.LpbfVoxelAuditGeometryTests) ... skipped 'trimesh absent hors image mesh-cfd'
test_uniform_grid_ray_thickness_matches_box_faces (test_917_f37_lpbf_voxel_audit.LpbfVoxelAuditGeometryTests) ... skipped 'trimesh absent hors image mesh-cfd'
test_fill_holes_is_not_used_before_trapped_void_classification (test_917_f37_lpbf_voxel_audit.LpbfVoxelAuditSourceTests) ... ok
test_allowances_are_positive_and_diametral_stock_is_coherent (test_917_f37_manufacturing_definition.ManufacturingDefinitionF37ContractTests) ... ok
test_analysis_sources_keep_physical_and_material_gates_closed (test_917_f37_manufacturing_definition.ManufacturingDefinitionF37ContractTests) ... ok
test_carrier_mounts_and_allowances_follow_f36_stud_centres (test_917_f37_manufacturing_definition.ManufacturingDefinitionF37ContractTests) ... ok
test_contract_is_scale_qualified_and_release_fail_closed (test_917_f37_manufacturing_definition.ManufacturingDefinitionF37ContractTests) ... ok
test_head_flow_core_is_bound_to_f36_report_and_secondary_volume_fails_closed (test_917_f37_manufacturing_definition.ManufacturingDefinitionF37ContractTests) ... ok
test_head_topology_gate_is_computed_after_stl_reload (test_917_f37_manufacturing_definition.ManufacturingDefinitionF37ContractTests) ... ok
test_kinematics_rejects_a_cad_report_bound_to_another_contract (test_917_f37_manufacturing_definition.ManufacturingDefinitionF37ContractTests) ... ok
test_oil_equations_are_dimensionally_consistent_at_nominal_hot_case (test_917_f37_manufacturing_definition.ManufacturingDefinitionF37ContractTests) ... ok
test_parent_geometry_report_is_hash_and_size_bound_to_head (test_917_f37_manufacturing_definition.ManufacturingDefinitionF37ContractTests) ... ok
test_rocker_pivot_reaction_envelope_is_consistent_and_fail_closed (test_917_f37_manufacturing_definition.ManufacturingDefinitionF37ContractTests) ... ok
test_thread_map_is_complete_but_not_released (test_917_f37_manufacturing_definition.ManufacturingDefinitionF37ContractTests) ... ok
skipped 'preuve CAO F37 absente; definir F37_EVIDENCE_DIR pour la verifier'
skipped 'preuve de réparation NVIDIA F37 absente'
test_enrichment_derives_count_and_rejects_another_head (test_917_f37_nvidia_mesh_repair.NvidiaMeshRepairSourceTests) ... ok
test_make_has_a_second_pass_that_derives_vg007_from_attestation (test_917_f37_nvidia_mesh_repair.NvidiaMeshRepairSourceTests) ... ok
test_repair_requires_hash_linked_external_nvidia_evidence (test_917_f37_nvidia_mesh_repair.NvidiaMeshRepairSourceTests) ... ok
test_sources_are_parseable_and_keep_release_fail_closed (test_917_f37_nvidia_mesh_repair.NvidiaMeshRepairSourceTests) ... ok
test_usd_analysis_reproduces_nvidia_border_edge_definition (test_917_f37_nvidia_mesh_repair.NvidiaMeshRepairSourceTests) ... ok
test_validated_usda_is_written_from_the_reloaded_candidate_stl (test_917_f37_nvidia_mesh_repair.NvidiaMeshRepairSourceTests) ... ok
test_corrected_stud_and_rocker_equations_are_preserved (test_917_f37_published_evidence.F37PublishedEvidenceTests) ... ok
test_known_validator_and_cooling_conflicts_remain_blocking (test_917_f37_published_evidence.F37PublishedEvidenceTests) ... ok
test_manifest_is_complete_and_every_hash_matches (test_917_f37_published_evidence.F37PublishedEvidenceTests) ... ok
test_no_raw_scan_or_derived_full_head_mesh_is_published (test_917_f37_published_evidence.F37PublishedEvidenceTests) ... ok
test_numerical_passes_do_not_open_physical_release_gates (test_917_f37_published_evidence.F37PublishedEvidenceTests) ... ok
test_publisher_is_allowlisted_atomic_and_fail_closed (test_917_f37_published_evidence.F37PublishedEvidenceTests) ... ok
test_report_chain_is_bound_to_contract_cad_and_carrier_step (test_917_f37_published_evidence.F37PublishedEvidenceTests) ... ok
test_manifest_hashes_every_published_evidence_file (test_917_f37_simready_evidence.F37SimReadyEvidenceTests) ... ok
test_minimum_validation_and_render_really_passed (test_917_f37_simready_evidence.F37SimReadyEvidenceTests) ... ok
test_no_full_head_geometry_is_published (test_917_f37_simready_evidence.F37SimReadyEvidenceTests) ... ok
test_no_visual_or_schema_step_opens_release_gates (test_917_f37_simready_evidence.F37SimReadyEvidenceTests) ... ok
test_nvidia_warning_is_preserved_and_blocks_consensus (test_917_f37_simready_evidence.F37SimReadyEvidenceTests) ... ok
test_contract_is_scan_conforming_and_not_boxy (test_917_f38_brep_lpbf.F38BrepLpbfEvidenceTest) ... ok
test_faceted_step_roundtrip_is_not_cae_release (test_917_f38_brep_lpbf.F38BrepLpbfEvidenceTest) ... ok
test_full_head_geometry_is_not_published (test_917_f38_brep_lpbf.F38BrepLpbfEvidenceTest) ... ok
test_master_is_local_and_high_resolution (test_917_f38_brep_lpbf.F38BrepLpbfEvidenceTest) ... ok
test_minimum_wall_gate_fails (test_917_f38_brep_lpbf.F38BrepLpbfEvidenceTest) ... ok
test_published_artifact_hashes (test_917_f38_brep_lpbf.F38BrepLpbfEvidenceTest) ... ok
test_report_binds_contract_and_generator (test_917_f38_brep_lpbf.F38BrepLpbfEvidenceTest) ... ok
test_safety_gates_remain_closed (test_917_f38_brep_lpbf.F38BrepLpbfEvidenceTest) ... ok
test_support_gate_uses_reopened_master_and_fails (test_917_f38_brep_lpbf.F38BrepLpbfEvidenceTest) ... ok
test_void_screen_has_three_resolutions_and_fails (test_917_f38_brep_lpbf.F38BrepLpbfEvidenceTest) ... ok
test_analytical_method_is_finite_and_turbulent (test_917_f38_cooling_redesign.F38CoolingRedesignTests) ... ok
test_boundary_conditions_reuse_prior_nominal_point (test_917_f38_cooling_redesign.F38CoolingRedesignTests) ... ok
test_contract_keeps_release_gates_false (test_917_f38_cooling_redesign.F38CoolingRedesignTests) ... ok
test_fin_pack_is_not_thinner_than_lpbf_screen (test_917_f38_cooling_redesign.F38CoolingRedesignTests) ... ok
test_global_surface_is_scan_proxy_not_rejected_brep (test_917_f38_cooling_redesign.F38CoolingRedesignTests) ... ok
test_passage_velocity_is_geometry_derived (test_917_f38_cooling_redesign.F38CoolingRedesignTests) ... ok
test_prepared_case_contains_real_thermal_boundaries (test_917_f38_cooling_redesign.F38CoolingRedesignTests) ... ok
test_published_manifest_and_solver_logs (test_917_f38_cooling_redesign.F38CoolingRedesignTests) ... ok
test_published_report_is_converged_but_rejected (test_917_f38_cooling_redesign.F38CoolingRedesignTests) ... ok
test_variant_sweep_contains_pressure_and_temperature_failures (test_917_f38_cooling_redesign.F38CoolingRedesignTests) ... ok
test_cooling_has_two_methods_but_rejects_temperature (test_917_f38_engineering_checkpoint.F38EngineeringCheckpointTests) ... ok
test_engine_solver_references_are_not_f38_validation (test_917_f38_engineering_checkpoint.F38EngineeringCheckpointTests) ... ok
test_four_valve_bundle_is_explicit_and_conditional (test_917_f38_engineering_checkpoint.F38EngineeringCheckpointTests) ... ok
test_geometry_and_lpbf_failures_are_preserved (test_917_f38_engineering_checkpoint.F38EngineeringCheckpointTests) ... ok
test_published_artifacts_are_bound_by_hash (test_917_f38_engineering_checkpoint.F38EngineeringCheckpointTests) ... ok
test_rejected_box_geometry_is_not_claimed (test_917_f38_engineering_checkpoint.F38EngineeringCheckpointTests) ... ok
test_release_gates_are_all_closed (test_917_f38_engineering_checkpoint.F38EngineeringCheckpointTests) ... ok
test_structure_is_a_nonconverged_linear_screen (test_917_f38_engineering_checkpoint.F38EngineeringCheckpointTests) ... ok
test_material_and_release_remain_unqualified (test_917_f38_head_calculix.F38HeadCalculixTests) ... ok
test_pressure_and_temperature_are_applied (test_917_f38_head_calculix.F38HeadCalculixTests) ... ok
test_three_mesh_default_and_real_calculix_execution (test_917_f38_head_calculix.F38HeadCalculixTests) ... ok
test_candidate_is_process_specific_and_still_conditional (test_917_f38_material_coupon_plan.F38MaterialCouponPlanTests) ... ok
test_matrix_covers_hot_strength_fatigue_creep_and_thermal_card (test_917_f38_material_coupon_plan.F38MaterialCouponPlanTests) ... ok
test_only_official_supplier_sources_are_used (test_917_f38_material_coupon_plan.F38MaterialCouponPlanTests) ... ok
test_release_is_fail_closed_until_physical_campaign (test_917_f38_material_coupon_plan.F38MaterialCouponPlanTests) ... ok
test_supplier_values_are_not_promoted_to_design_allowables (test_917_f38_material_coupon_plan.F38MaterialCouponPlanTests) ... ok
test_bounded_roundtrip_limits_are_not_hidden (test_917_f38_rocker_carrier.F38RockerCarrierTests) ... skipped 'artefacts locaux F38 porte-axes non générés'
test_calculix_three_grid_report_when_present (test_917_f38_rocker_carrier.F38RockerCarrierTests) ... skipped 'artefacts locaux F38 porte-axes non générés'
test_conditional_sequence_has_36_frames_and_three_key_states (test_917_f38_rocker_carrier.F38RockerCarrierTests) ... skipped 'artefacts locaux F38 porte-axes non générés'
test_contract_is_derived_and_release_remains_closed (test_917_f38_rocker_carrier.F38RockerCarrierTests) ... skipped 'artefacts locaux F38 porte-axes non générés'
test_scan_conforming_skin_is_used_by_both_views (test_917_f38_rocker_carrier.F38RockerCarrierTests) ... skipped 'artefacts locaux F38 porte-axes non générés'
test_separate_step_components_and_counts (test_917_f38_rocker_carrier.F38RockerCarrierTests) ... skipped 'artefacts locaux F38 porte-axes non générés'
test_architecture_counts (test_917_f38_valvetrain_package.F38ValvetrainPackageTest) ... ok
test_image_is_hash_bound_and_scan_free (test_917_f38_valvetrain_package.F38ValvetrainPackageTest) ... ok
test_no_scan_or_monolithic_assembly_is_published (test_917_f38_valvetrain_package.F38ValvetrainPackageTest) ... ok
test_release_gates_remain_closed (test_917_f38_valvetrain_package.F38ValvetrainPackageTest) ... ok
test_status_is_explicitly_fail_closed (test_917_f38_valvetrain_package.F38ValvetrainPackageTest) ... ok
test_structural_claim_is_not_inferred (test_917_f38_valvetrain_package.F38ValvetrainPackageTest) ... ok
test_ten_separate_step_groups_are_hash_bound (test_917_f38_valvetrain_package.F38ValvetrainPackageTest) ... ok
test_versioned_sources_are_hash_bound (test_917_f38_valvetrain_package.F38ValvetrainPackageTest) ... ok
test_all_release_authorizations_remain_false (test_917_f39_brep_scan_only.F39BrepScanOnlyTests) ... ok
test_images_exist_and_are_readable_png (test_917_f39_brep_scan_only.F39BrepScanOnlyTests) ... ok
test_minimum_wall_is_fail_closed (test_917_f39_brep_scan_only.F39BrepScanOnlyTests) ... ok
test_no_closed_void_screen_passes_at_three_resolutions (test_917_f39_brep_scan_only.F39BrepScanOnlyTests) ... ok
test_published_step_is_analytic_and_hash_locked (test_917_f39_brep_scan_only.F39BrepScanOnlyTests) ... ok
test_scan_is_not_distributed_and_fit_is_not_claimed (test_917_f39_brep_scan_only.F39BrepScanOnlyTests) ... ok
test_step_roundtrip_and_volume_mesh_are_real_but_quality_fails (test_917_f39_brep_scan_only.F39BrepScanOnlyTests) ... ok
test_unit_and_fitment_are_explicitly_uncertified (test_917_f39_brep_scan_only.F39BrepScanOnlyTests) ... ok
test_baseline_methods_are_finite (test_917_f39_cooling_optimization.F39CoolingOptimizationTests) ... ok
test_geometry_filter_respects_scan_envelope (test_917_f39_cooling_optimization.F39CoolingOptimizationTests) ... ok
test_off_design_exposes_temperature_and_pressure_failures (test_917_f39_cooling_optimization.F39CoolingOptimizationTests) ... ok
test_optimizer_is_deterministic_and_fail_closed (test_917_f39_cooling_optimization.F39CoolingOptimizationTests) ... ok
test_publication_manifest_is_self_consistent (test_917_f39_cooling_optimization.F39CoolingOptimizationTests) ... ok
test_release_gates_remain_false (test_917_f39_cooling_optimization.F39CoolingOptimizationTests) ... ok
test_selected_candidate_and_energy_balance (test_917_f39_cooling_optimization.F39CoolingOptimizationTests) ... ok
test_two_methods_are_declared_separately (test_917_f39_cooling_optimization.F39CoolingOptimizationTests) ... ok
test_evidence_does_not_claim_power_or_release (test_917_f39_execution_evidence.F39ExecutionEvidenceTests) ... ok
test_evidence_is_hash_bound_to_code_contract_and_image (test_917_f39_execution_evidence.F39ExecutionEvidenceTests) ... ok
test_only_numerical_execution_gates_are_open (test_917_f39_execution_evidence.F39ExecutionEvidenceTests) ... ok
test_two_native_runs_are_recorded_byte_identical (test_917_f39_execution_evidence.F39ExecutionEvidenceTests) ... ok
test_animation_explains_four_valves_and_two_cooling_paths (test_917_f39_functional_video.F39FunctionalVideoTests) ... ok
test_delivery_shape_is_exact (test_917_f39_functional_video.F39FunctionalVideoTests) ... ok
test_supporting_images_are_bound (test_917_f39_functional_video.F39FunctionalVideoTests) ... ok
test_video_does_not_open_release_gates (test_917_f39_functional_video.F39FunctionalVideoTests) ... ok
test_video_is_bound_to_its_binary (test_917_f39_functional_video.F39FunctionalVideoTests) ... ok
test_allowances_remain_null_without_datums_or_scale (test_917_f39_lpbf_structural.F39LpbfStructuralTests) ... ok
test_carrier_plan_preserves_f38_failure_and_requires_distributed_contact (test_917_f39_lpbf_structural.F39LpbfStructuralTests) ... ok
test_image_and_release_gates_are_fail_closed (test_917_f39_lpbf_structural.F39LpbfStructuralTests) ... ok
test_local_thickness_map_hash_when_available (test_917_f39_lpbf_structural.F39LpbfStructuralTests) ... ok
test_no_inherent_strain_claim_without_solver_and_calibration (test_917_f39_lpbf_structural.F39LpbfStructuralTests) ... ok
test_orientation_is_the_recorded_minimum_but_not_machine_slicing (test_917_f39_lpbf_structural.F39LpbfStructuralTests) ... ok
test_report_is_bound_to_contract_generator_and_exact_scan (test_917_f39_lpbf_structural.F39LpbfStructuralTests) ... ok
test_scan_only_contract_adds_no_part_dimension (test_917_f39_lpbf_structural.F39LpbfStructuralTests) ... ok
test_thickness_map_covers_every_scan_triangle_without_overclaim (test_917_f39_lpbf_structural.F39LpbfStructuralTests) ... ok
test_void_resolution_study_is_nonzero_nonconverged_and_closed (test_917_f39_lpbf_structural.F39LpbfStructuralTests) ... ok
test_acceptance_thresholds_are_not_relaxed_from_f38 (test_917_f39_scan_only_program.F39ScanOnlyProgramTests) ... ok
test_architecture_is_a_complete_experimental_system (test_917_f39_scan_only_program.F39ScanOnlyProgramTests) ... ok
test_release_is_fail_closed (test_917_f39_scan_only_program.F39ScanOnlyProgramTests) ... ok
test_scan_is_the_only_geometry_source (test_917_f39_scan_only_program.F39ScanOnlyProgramTests) ... ok
test_virtual_and_physical_release_are_separate (test_917_f39_scan_only_program.F39ScanOnlyProgramTests) ... ok
test_additivefoam_ran_three_real_mpi_cases (test_917_f41_lpbf_process.F41LpbfProcessTests) ... ok
test_architecture_and_post_print_oil_policy_are_explicit (test_917_f41_lpbf_process.F41LpbfProcessTests) ... ok
test_calculix_displacement_converges_but_stress_does_not (test_917_f41_lpbf_process.F41LpbfProcessTests) ... ok
test_geometry_failures_and_all_release_authorizations_stay_closed (test_917_f41_lpbf_process.F41LpbfProcessTests) ... ok
test_images_and_video_are_hash_locked (test_917_f41_lpbf_process.F41LpbfProcessTests) ... ok
test_machine_orientation_and_40_um_schedule_are_consistent (test_917_f41_lpbf_process.F41LpbfProcessTests) ... ok
test_power_sensitivity_is_numerical_but_hits_solver_cap (test_917_f41_lpbf_process.F41LpbfProcessTests) ... ok
test_published_audit_is_bound_to_the_sanitized_geometry_report (test_917_f41_lpbf_process.F41LpbfProcessTests) ... ok
test_step_is_hash_locked_and_roundtrips_as_one_solid (test_917_f41_lpbf_process.F41LpbfProcessTests) ... ok
test_whole_part_macro_model_preserves_its_limitations (test_917_f41_lpbf_process.F41LpbfProcessTests) ... ok
test_analytic_surface_groups_are_independent_of_entity_ids (test_917_f42_1_conformal_mechanics.F421ConformalMechanicsTest) ... ok
test_c3d4_face_ownership_is_conformal (test_917_f42_1_conformal_mechanics.F421ConformalMechanicsTest) ... ok
test_c3d4_nonmanifold_face_fails_closed (test_917_f42_1_conformal_mechanics.F421ConformalMechanicsTest) ... ok
test_public_verdict_stays_closed_without_hot_material_card (test_917_f42_1_conformal_mechanics.F421ConformalMechanicsTest) ... ok
test_published_evidence_contains_no_private_geometry (test_917_f42_1_conformal_mechanics.F421ConformalMechanicsTest) ... ok
test_support_singularity_exclusion_uses_fixed_physical_radius (test_917_f42_1_conformal_mechanics.F421ConformalMechanicsTest) ... ok
test_analytical_anchor_matches_F42 (test_917_f42_1_thermal_optimization.F421ThermalOptimizationTests) ... ok
test_exact_F41_provenance_and_no_external_change (test_917_f42_1_thermal_optimization.F421ThermalOptimizationTests) ... ok
test_options_and_cross_method_gates_do_not_claim_validation (test_917_f42_1_thermal_optimization.F421ThermalOptimizationTests) ... ok
test_publication_hashes (test_917_f42_1_thermal_optimization.F421ThermalOptimizationTests) ... ok
test_required_h_area_and_pressure_are_fail_closed (test_917_f42_1_thermal_optimization.F421ThermalOptimizationTests) ... ok
test_ten_actual_calculix_cases_and_monotone_h_sweep (test_917_f42_1_thermal_optimization.F421ThermalOptimizationTests) ... ok
test_face_map_and_image_are_bound_and_fail_closed (test_917_f42_1_topology_repair.F421TopologyRepairTests) ... ok
test_published_verdict_rejects_roundtrip_candidate (test_917_f42_1_topology_repair.F421TopologyRepairTests) ... ok
test_source_contains_no_surface_deformation_operation (test_917_f42_1_topology_repair.F421TopologyRepairTests) ... ok
test_synthetic_same_parameter_copy_shares_all_3d_geometry (test_917_f42_1_topology_repair.F421TopologyRepairTests) ... skipped 'OCP runtime not installed'
test_both_hosts_have_all_runs_and_pass_numerical_screens (test_917_f42_2_additivefoam_live_evidence.F422AdditiveFoamLiveEvidenceTests) ... ok
test_cross_host_reproducibility_passes_but_is_not_second_physics (test_917_f42_2_additivefoam_live_evidence.F422AdditiveFoamLiveEvidenceTests) ... ok
test_images_are_nonempty_png_files (test_917_f42_2_additivefoam_live_evidence.F422AdditiveFoamLiveEvidenceTests) ... ok
test_path_free_provenance_binds_33_solver_runs (test_917_f42_2_additivefoam_live_evidence.F422AdditiveFoamLiveEvidenceTests) ... ok
test_public_text_contains_no_private_runtime_locator (test_917_f42_2_additivefoam_live_evidence.F422AdditiveFoamLiveEvidenceTests) ... ok
test_publication_manifest_binds_artifacts_and_processing_sources (test_917_f42_2_additivefoam_live_evidence.F422AdditiveFoamLiveEvidenceTests) ... ok
test_all_4122_midplane_slices_are_contiguous_and_finite (test_917_f42_2_full_build_slicing.F422FullBuildSlicingTest) ... ok
test_layer_math_is_fail_closed (test_917_f42_2_full_build_slicing.F422FullBuildSlicingTest) ... ok
test_locked_transform_is_scan_y_down_and_grounded (test_917_f42_2_full_build_slicing.F422FullBuildSlicingTest) ... ok
test_public_evidence_has_no_private_geometry_or_path (test_917_f42_2_full_build_slicing.F422FullBuildSlicingTest) ... ok
test_public_renders_and_manifest_are_bound_by_hash (test_917_f42_2_full_build_slicing.F422FullBuildSlicingTest) ... ok
test_report_proves_geometric_slice_but_not_thermal_or_recoater (test_917_f42_2_full_build_slicing.F422FullBuildSlicingTest) ... ok
test_HIP_and_machining_are_not_invented (test_917_f42_2_material_process.F422MaterialProcessTests) ... ok
test_coupon_plan_covers_hot_tension_thermal_fatigue_CT_and_corrosion (test_917_f42_2_material_process.F422MaterialProcessTests) ... ok
test_five_real_LPBF_aluminium_candidates_use_primary_sources (test_917_f42_2_material_process.F422MaterialProcessTests) ... ok
test_is_bound_to_F42_1_and_does_not_change_envelope (test_917_f42_2_material_process.F422MaterialProcessTests) ... ok
test_missing_hot_data_are_null_and_fail_closed (test_917_f42_2_material_process.F422MaterialProcessTests) ... ok
test_provisional_choice_is_not_a_selection_or_allowable (test_917_f42_2_material_process.F422MaterialProcessTests) ... ok
test_seat_guide_compatibility_and_every_release_gate_stay_closed (test_917_f42_2_material_process.F422MaterialProcessTests) ... ok
test_clean_synthetic_box_needs_no_pcurve_repair (test_917_f42_2_pcurve_repair.F422PcurveRepairTests) ... skipped 'OCP is not installed'
test_numeric_regression_and_image_binding (test_917_f42_2_pcurve_repair.F422PcurveRepairTests) ... ok
test_public_report_is_fail_closed_and_coordinate_free (test_917_f42_2_pcurve_repair.F422PcurveRepairTests) ... ok
test_source_excludes_surface_and_3d_curve_rebuilds (test_917_f42_2_pcurve_repair.F422PcurveRepairTests) ... ok
test_both_orientations_are_actual_complete_slices (test_917_f42_3_orientation_comparison.F423OrientationComparisonTest) ... ok
test_complete_stack_overrules_surface_proxy (test_917_f42_3_orientation_comparison.F423OrientationComparisonTest) ... ok
test_image_manifest_binds_public_artifacts (test_917_f42_3_orientation_comparison.F423OrientationComparisonTest) ... ok
test_interfaces_recoater_and_release_stay_closed (test_917_f42_3_orientation_comparison.F423OrientationComparisonTest) ... ok
test_minus_y_transform_is_opposite_build_direction (test_917_f42_3_orientation_comparison.F423OrientationComparisonTest) ... ok
test_public_report_is_sanitized (test_917_f42_3_orientation_comparison.F423OrientationComparisonTest) ... ok
test_closed_synthetic_box_is_one_valid_manifold_solid (test_917_f42_brep_audit.F42BrepAuditTests) ... skipped 'OCP CAD runtime not installed'
test_exact_chords_of_box_ignore_sampling_triangulation_seams (test_917_f42_brep_audit.F42BrepAuditTests) ... skipped 'OCP CAD runtime not installed'
test_public_report_has_no_private_coordinates_or_geometry (test_917_f42_brep_audit.F42BrepAuditTests) ... ok
test_script_is_fail_closed_and_never_writes_a_step (test_917_f42_brep_audit.F42BrepAuditTests) ... ok
test_analytical_bounds_are_deterministic (test_917_f42_cooling_cht.F42CoolingChtTests) ... ok
test_bridge_screen_fails_closed_above_material_range (test_917_f42_cooling_cht.F42CoolingChtTests) ... ok
test_geometry_is_exact_f41_and_not_modified (test_917_f42_cooling_cht.F42CoolingChtTests) ... ok
test_publication_manifest_is_self_consistent (test_917_f42_cooling_cht.F42CoolingChtTests) ... ok
test_published_report_never_claims_full_cht_or_release (test_917_f42_cooling_cht.F42CoolingChtTests) ... ok
test_release_gates_are_fail_closed (test_917_f42_cooling_cht.F42CoolingChtTests) ... ok
test_missing_case_fails_closed (test_917_f42_lpbf_comparison_render.F42LpbfComparisonRenderTests) ... ok
test_missing_metric_fails_closed (test_917_f42_lpbf_comparison_render.F42LpbfComparisonRenderTests) ... ok
test_valid_report_renders_png (test_917_f42_lpbf_comparison_render.F42LpbfComparisonRenderTests) ... ok
test_3300_k_is_right_censored_and_fails_closed (test_917_f42_lpbf_doe.F42LpbfDoeTests) ... ok
test_all_release_gates_remain_closed (test_917_f42_lpbf_doe.F42LpbfDoeTests) ... ok
test_case_configuration_changes_process_not_temperature_limit (test_917_f42_lpbf_doe.F42LpbfDoeTests) ... ok
test_courant_parser_is_fail_closed (test_917_f42_lpbf_doe.F42LpbfDoeTests) ... ok
test_extractor_selects_only_top_level_volume_vtk (test_917_f42_lpbf_doe.F42LpbfDoeTests) ... ok
test_full_factorial_covers_exact_published_window (test_917_f42_lpbf_doe.F42LpbfDoeTests) ... ok
test_machine_fit_and_50_um_layer_schedule_are_conditional (test_917_f42_lpbf_doe.F42LpbfDoeTests) ... ok
test_missing_resolution_or_unstable_result_fails_convergence (test_917_f42_lpbf_doe.F42LpbfDoeTests) ... ok
test_modified_temperature_limit_is_rejected (test_917_f42_lpbf_doe.F42LpbfDoeTests) ... ok
test_published_matrix_is_generated_and_fail_closed (test_917_f42_lpbf_doe.F42LpbfDoeTests) ... ok
test_supplier_slice_schedule_is_exhaustively_verified_without_release (test_917_f42_lpbf_doe.F42LpbfDoeTests) ... ok
test_uncapped_converged_fixture_allows_numerical_ranking_only (test_917_f42_lpbf_doe.F42LpbfDoeTests) ... ok
test_cap_classification_mismatch_fails (test_917_f42_lpbf_reproducibility.F42LpbfReproducibilityTests) ... ok
test_identical_33_case_runs_pass_runtime_reproducibility_only (test_917_f42_lpbf_reproducibility.F42LpbfReproducibilityTests) ... ok
test_large_metric_difference_fails (test_917_f42_lpbf_reproducibility.F42LpbfReproducibilityTests) ... ok
test_missing_case_fails_closed (test_917_f42_lpbf_reproducibility.F42LpbfReproducibilityTests) ... ok
test_invalid_case_identifier_is_rejected (test_917_f42_lpbf_results_render.F42LpbfResultsRenderTests) ... ok
test_missing_nominal_case_fails_closed (test_917_f42_lpbf_results_render.F42LpbfResultsRenderTests) ... ok
test_valid_3x3x3_report_renders_png (test_917_f42_lpbf_results_render.F42LpbfResultsRenderTests) ... ok
test_private_paths_are_removed_but_hashes_are_preserved (test_917_f42_lpbf_sanitization.F42LpbfSanitizationTests) ... ok
test_fail_closed_release_gates (test_917_f42_omniverse_validation.F42OmniverseValidationTests) ... ok
test_geometry_is_bounded_and_private (test_917_f42_omniverse_validation.F42OmniverseValidationTests) ... ok
test_official_validator_results_are_not_overclaimed (test_917_f42_omniverse_validation.F42OmniverseValidationTests) ... ok
test_published_media_hashes_and_scope (test_917_f42_omniverse_validation.F42OmniverseValidationTests) ... ok
test_rented_runtime_was_closed_after_recovery (test_917_f42_omniverse_validation.F42OmniverseValidationTests) ... ok
test_summary_has_no_private_runtime_path (test_917_f42_omniverse_validation.F42OmniverseValidationTests) ... ok
test_import_from_transferred_skill_does_not_write_pyc (test_917_f42b_phase_environment.F42bPhaseEnvironmentTests) ... ok
test_prefix_is_restored_after_a_later_environment_activation (test_917_f42b_phase_environment.F42bPhaseEnvironmentTests) ... ok
test_relative_usd_python_is_rejected (test_917_f42b_phase_environment.F42bPhaseEnvironmentTests) ... ok
test_usd_python_directory_is_first_and_bytecode_is_forced_off (test_917_f42b_phase_environment.F42bPhaseEnvironmentTests) ... ok
test_G3_G4_G5_matrix_requires_two_methods_three_meshes_and_balances (test_917_f43_g3_g5_comparable.F43G3G5ComparableExecutionTests) ... ok
test_LPBF_air_DOE_is_bounded_open_and_unexecuted (test_917_f43_g3_g5_comparable.F43G3G5ComparableExecutionTests) ... ok
test_adversarial_mutations_fail_closed (test_917_f43_g3_g5_comparable.F43G3G5ComparableExecutionTests) ... ok
test_comparison_pair_is_one_revision_but_unavailable_for_execution (test_917_f43_g3_g5_comparable.F43G3G5ComparableExecutionTests) ... ok
test_every_release_gate_and_decision_remains_closed (test_917_f43_g3_g5_comparable.F43G3G5ComparableExecutionTests) ... ok
test_existing_solver_evidence_is_audited_without_promotion (test_917_f43_g3_g5_comparable.F43G3G5ComparableExecutionTests) ... ok
test_secondary_oil_DOE_keeps_air_primary_and_all_design_values_null (test_917_f43_g3_g5_comparable.F43G3G5ComparableExecutionTests) ... ok
test_synthetic_fixture_exercises_math_but_never_evidence_gates (test_917_f43_g3_g5_comparable.F43G3G5ComparableExecutionTests) ... ok
test_tracked_audit_is_deterministic_and_hash_bound (test_917_f43_g3_g5_comparable.F43G3G5ComparableExecutionTests) ... ok
test_turbo_boundary_is_shared_but_not_validated (test_917_f43_g3_g5_comparable.F43G3G5ComparableExecutionTests) ... ok
test_all_reproduction_sources_exist (test_917_f43_scan_contour_patch_rebuild.F43ScanContourPatchTests) ... ok
test_builder_has_no_global_envelope_primitive (test_917_f43_scan_contour_patch_rebuild.F43ScanContourPatchTests) ... ok
test_exact_brep_passes_but_quality_and_scope_fail_closed (test_917_f43_scan_contour_patch_rebuild.F43ScanContourPatchTests) ... ok
test_images_are_bound_to_report (test_917_f43_scan_contour_patch_rebuild.F43ScanContourPatchTests) ... ok
test_publication_contains_no_private_geometry (test_917_f43_scan_contour_patch_rebuild.F43ScanContourPatchTests) ... ok
test_two_and_four_valve_variants_must_share_external_skin (test_917_f43_scan_contour_patch_rebuild.F43ScanContourPatchTests) ... ok
test_conservative_cost_uses_larger_of_elapsed_and_provider_charge (test_917_f46_vast_controller.F46ControllerTests) ... ok
test_contract_is_23_usd_fail_closed_and_jobs_are_complete (test_917_f46_vast_controller.F46ControllerTests) ... ok
test_current_cli_check_is_read_only (test_917_f46_vast_controller.F46ControllerTests) ... ok
test_finalize_requires_destroy_and_empty_complete_inventory (test_917_f46_vast_controller.F46ControllerTests) ... ok
test_forbidden_geometry_names_and_revision_aliases_fail_closed (test_917_f46_vast_controller.F46ControllerTests) ... ok
test_image_tag_arm64_or_missing_smoke_is_rejected (test_917_f46_vast_controller.F46ControllerTests) ... ok
test_preparation_report_is_offline_and_hash_bound (test_917_f46_vast_controller.F46ControllerTests) ... ok
test_runtime_smokes_are_authority_named_and_historical_is_conditional (test_917_f46_vast_controller.F46ControllerTests) ... ok
test_shell_arms_cleanup_before_launch_and_has_two_ttls (test_917_f46_vast_controller.F46ControllerTests) ... ok
test_solver_authority_replaces_unproved_executable_alias (test_917_f46_vast_controller.F46ControllerTests) ... ok
test_stale_offer_nonempty_inventory_and_exhausted_ledger_are_rejected (test_917_f46_vast_controller.F46ControllerTests) ... ok
test_synthetic_fixture_is_rejected_without_explicit_test_flag (test_917_f46_vast_controller.F46ControllerTests) ... ok
test_synthetic_plan_exercises_selection_deadlines_and_budget_but_never_launches (test_917_f46_vast_controller.F46ControllerTests) ... ok
test_existing_heavy_offer_listing_is_not_regressed (test_917_f46_vast_controller.F46WrapperTests) ... ok
test_f46_launch_rolls_back_if_postconditions_fail (test_917_f46_vast_controller.F46WrapperTests) ... OpenBao Vast.ai F46 paid launch attempt label: 3dprinting993-f46-cfd-cae-cccccccccccccccccccc
ok
test_f46_launch_uses_unique_attempt_label_and_remote_deadline (test_917_f46_vast_controller.F46WrapperTests) ... OpenBao Vast.ai F46 paid launch attempt label: 3dprinting993-f46-cfd-cae-dddddddddddddddddddd
ok
test_f46_offer_filter_is_exact_and_budgeted (test_917_f46_vast_controller.F46WrapperTests) ... ok
test_f46_reconciliation_destroys_only_exact_attempt_and_digest (test_917_f46_vast_controller.F46WrapperTests) ... ok
test_ghcr_f46_command_never_forwards_github_credential (test_917_f46_vast_controller.F46WrapperTests) ... ok
test_ghcr_proof_binds_index_and_single_linux_amd64_manifest (test_917_f46_vast_controller.F46WrapperTests) ... ok
test_build_context_is_a_public_allowlist (test_917_f47_cfd_cae_image.F47CfdCaeImageTests) ... ok
test_contract_is_bound_to_current_solver_authority_and_stays_closed (test_917_f47_cfd_cae_image.F47CfdCaeImageTests) ... ok
test_dockerfile_is_amd64_pinned_and_contains_the_exact_stack (test_917_f47_cfd_cae_image.F47CfdCaeImageTests) ... ok
test_runner_and_watchdog_are_bounded_and_non_root (test_917_f47_cfd_cae_image.F47CfdCaeImageTests) ... ok
test_smokes_are_real_and_release_claims_are_false (test_917_f47_cfd_cae_image.F47CfdCaeImageTests) ... ok
test_sources_parse_without_executing_external_actions (test_917_f47_cfd_cae_image.F47CfdCaeImageTests) ... ok
test_workflow_publishes_only_a_candidate_and_keeps_gpu_gate_closed (test_917_f47_cfd_cae_image.F47CfdCaeImageTests) ... ok
test_authority_and_same_locked_outer_skin (test_917_f47_internal_brep_variants.F47InternalBRepEvidenceTest) ... ok
test_builder_has_no_forbidden_global_primitive_call (test_917_f47_internal_brep_variants.F47InternalBRepEvidenceTest) ... ok
test_component_counts_and_separate_domains (test_917_f47_internal_brep_variants.F47InternalBRepEvidenceTest) ... ok
test_fail_closed_when_BOP_Gmsh_and_thickness_fail (test_917_f47_internal_brep_variants.F47InternalBRepEvidenceTest) ... ok
test_nominal_ligaments_are_recomputed_but_not_called_wall_proof (test_917_f47_internal_brep_variants.F47InternalBRepEvidenceTest) ... ok
test_public_hashes_and_no_private_geometry (test_917_f47_internal_brep_variants.F47InternalBRepEvidenceTest) ... ok
test_geometry_source_is_native_circular_and_has_no_scan_import (test_917_f48_cfd_domains.F48CFDDomainsTest) ... ok
test_named_gas_patches_are_complete_and_nonempty (test_917_f48_cfd_domains.F48CFDDomainsTest) ... ok
test_oil_is_separate_open_lubrication_domain_not_coolant (test_917_f48_cfd_domains.F48CFDDomainsTest) ... ok
test_only_CFD_geometry_mesh_gate_is_open (test_917_f48_cfd_domains.F48CFDDomainsTest) ... ok
test_publication_hashes_and_no_geometry_leak (test_917_f48_cfd_domains.F48CFDDomainsTest) ... ok
test_three_comparable_meshes_per_variant_pass_quality (test_917_f48_cfd_domains.F48CFDDomainsTest) ... ok
test_4V_coarse_volume_difference_is_explained_not_repaired (test_917_f49_cfd_cht.F49CFDCHTTest) ... ok
test_AATE_CHT_and_release_claims_remain_closed (test_917_f49_cfd_cht.F49CFDCHTTest) ... ok
test_authority_hashes_are_current (test_917_f49_cfd_cht.F49CFDCHTTest) ... ok
test_corrective_coarse_audits_wall_functions_and_energy_signs (test_917_f49_cfd_cht.F49CFDCHTTest) ... ok
test_corrective_contract_keeps_physics_and_geometry_unchanged (test_917_f49_cfd_cht.F49CFDCHTTest) ... ok
test_corrective_runner_fails_if_openfoam_environment_is_not_sourced (test_917_f49_cfd_cht.F49CFDCHTTest) ... ok
test_independent_analytic_method_is_only_an_upper_bound (test_917_f49_cfd_cht.F49CFDCHTTest) ... ok
test_no_geometry_or_external_skin_mutation (test_917_f49_cfd_cht.F49CFDCHTTest) ... ok
test_openfoam_execution_is_real_but_fail_closed (test_917_f49_cfd_cht.F49CFDCHTTest) ... ok
test_optional_Vast_budget_is_bounded_and_not_launched (test_917_f49_cfd_cht.F49CFDCHTTest) ... ok
test_publication_hashes_and_no_raw_solver_artifacts (test_917_f49_cfd_cht.F49CFDCHTTest) ... ok
test_runtime_policy_disables_residual_only_early_stop (test_917_f49_cfd_cht.F49CFDCHTTest) ... ok
test_same_BC_and_three_prepared_grids_for_2V_4V (test_917_f49_cfd_cht.F49CFDCHTTest) ... ok
test_anti_ellipse_and_no_geometry_generation (test_917_f49_internal_solid_repair.F49InternalSolidRepairTest) ... ok
test_authority_and_outer_skin_are_locked (test_917_f49_internal_solid_repair.F49InternalSolidRepairTest) ... ok
test_no_private_geometry_or_coordinates_are_published (test_917_f49_internal_solid_repair.F49InternalSolidRepairTest) ... ok
test_oil_stays_separate_and_not_a_coolant_jacket (test_917_f49_internal_solid_repair.F49InternalSolidRepairTest) ... ok
test_publication_hashes_and_images (test_917_f49_internal_solid_repair.F49InternalSolidRepairTest) ... ok
test_publication_is_reproducible (test_917_f49_internal_solid_repair.F49InternalSolidRepairTest) ... ok
test_roundtrip_failures_are_not_promoted (test_917_f49_internal_solid_repair.F49InternalSolidRepairTest) ... ok
test_wall_and_release_gates_remain_closed (test_917_f49_internal_solid_repair.F49InternalSolidRepairTest) ... ok
test_atomic_stage_order_matches_nvidia_skill (test_917_f49_omniverse_simready.OmniverseSimreadyF49Tests) ... ok
test_contract_is_fail_closed_and_binds_future_pair (test_917_f49_omniverse_simready.OmniverseSimreadyF49Tests) ... ok
test_f43_skin_and_current_gallery_are_byte_locked (test_917_f49_omniverse_simready.OmniverseSimreadyF49Tests) ... ok
test_gate_can_pass_only_with_complete_pair_and_receipts (test_917_f49_omniverse_simready.OmniverseSimreadyF49Tests) ... ok
test_prompts_are_hash_locked_and_forbid_geometry_or_physics_invention (test_917_f49_omniverse_simready.OmniverseSimreadyF49Tests) ... ok
test_public_runtime_scope_is_exact_and_does_not_claim_gpu (test_917_f49_omniverse_simready.OmniverseSimreadyF49Tests) ... ok
test_template_is_rejected_before_any_nvidia_stage (test_917_f49_omniverse_simready.OmniverseSimreadyF49Tests) ... ok
test_additivefoam_campaign_is_local_hash_linked_and_not_full_head (test_917_f50_additive_print.F50AdditivePrintTests) ... ok
test_every_physical_release_gate_remains_red (test_917_f50_additive_print.F50AdditivePrintTests) ... ok
test_full_piece_actual_slicing_has_all_50um_layers (test_917_f50_additive_print.F50AdditivePrintTests) ... ok
test_machine_and_geometry_screens_are_explicitly_limited (test_917_f50_additive_print.F50AdditivePrintTests) ... ok
test_no_oval_proxy_skin_change_or_anisotropic_scale (test_917_f50_additive_print.F50AdditivePrintTests) ... ok
test_no_private_paths_or_geometry_in_public_evidence (test_917_f50_additive_print.F50AdditivePrintTests) ... ok
test_private_native_masters_are_hash_locked_without_public_geometry (test_917_f50_additive_print.F50AdditivePrintTests) ... ok
test_public_manifest_hashes_and_formats (test_917_f50_additive_print.F50AdditivePrintTests) ... ok
test_GCI_implementation_passes_a_synthetic_second_order_sequence (test_917_f50_cfd_recovery.F50CFDRecoveryTest) ... ok
test_contract_has_two_independent_steady_attempts_and_strict_gates (test_917_f50_cfd_recovery.F50CFDRecoveryTest) ... ok
test_density_and_physical_pressure_difference_match_F49 (test_917_f50_cfd_recovery.F50CFDRecoveryTest) ... ok
test_exact_twelve_case_matrix_and_F48_source_hashes (test_917_f50_cfd_recovery.F50CFDRecoveryTest) ... ok
test_fail_closed_mesh_GCI_energy_and_cross_method_gates (test_917_f50_cfd_recovery.F50CFDRecoveryTest) ... ok
test_no_geometry_operations_or_proxy (test_917_f50_cfd_recovery.F50CFDRecoveryTest) ... ok
test_selected_matrix_compute_provenance_is_explicit (test_917_f50_cfd_recovery.F50CFDRecoveryTest) ... ok
test_source_and_publication_hashes_are_current (test_917_f50_cfd_recovery.F50CFDRecoveryTest) ... ok
test_stale_builder_execution_status_is_normalized_from_solver_evidence (test_917_f50_cfd_recovery.F50CFDRecoveryTest) ... ok
test_time_step_collapse_is_diagnosed_not_called_convergence (test_917_f50_cfd_recovery.F50CFDRecoveryTest) ... ok
test_all_release_gates_remain_closed (test_917_f50_native_brep_mesh.NativeBrepMeshF50Tests) ... ok
test_evidence_is_public_metrics_only (test_917_f50_native_brep_mesh.NativeBrepMeshF50Tests) ... ok
test_gmsh_profiles_fail_strict_quality_gate (test_917_f50_native_brep_mesh.NativeBrepMeshF50Tests) ... ok
test_no_global_oval_or_skin_deformation (test_917_f50_native_brep_mesh.NativeBrepMeshF50Tests) ... ok
test_rejected_strategies_are_not_promoted (test_917_f50_native_brep_mesh.NativeBrepMeshF50Tests) ... ok
test_reproducible_sources_are_present (test_917_f50_native_brep_mesh.NativeBrepMeshF50Tests) ... ok
test_step_interoperability_remains_rejected (test_917_f50_native_brep_mesh.NativeBrepMeshF50Tests) ... ok
test_tessellations_are_closed_and_volume_bounded (test_917_f50_native_brep_mesh.NativeBrepMeshF50Tests) ... ok
test_tetgen_is_independent_but_not_strictly_accepted (test_917_f50_native_brep_mesh.NativeBrepMeshF50Tests) ... ok
test_two_native_masters_pass_exact_roundtrip (test_917_f50_native_brep_mesh.NativeBrepMeshF50Tests) ... ok
test_canonical_verifier_passes (test_917_f50_thermomechanical_screen.F50ThermomechanicalScreenTests) ... ok
test_convergence_passes_but_engineering_screen_stays_red (test_917_f50_thermomechanical_screen.F50ThermomechanicalScreenTests) ... ok
test_finest_values_and_fatigue_proxy_remain_bounded (test_917_f50_thermomechanical_screen.F50ThermomechanicalScreenTests) ... ok
test_no_external_shape_or_scale_was_created (test_917_f50_thermomechanical_screen.F50ThermomechanicalScreenTests) ... ok
test_public_manifest_images_and_no_private_geometry (test_917_f50_thermomechanical_screen.F50ThermomechanicalScreenTests) ... ok
test_release_and_hot_material_gates_are_closed (test_917_f50_thermomechanical_screen.F50ThermomechanicalScreenTests) ... ok
test_six_real_mesh_cases_and_fields_are_reported (test_917_f50_thermomechanical_screen.F50ThermomechanicalScreenTests) ... ok
test_upstream_hashes_and_complete_traces_are_locked (test_917_f50_thermomechanical_screen.F50ThermomechanicalScreenTests) ... ok
test_four_valve_winding_fix_changes_only_indices (test_917_f51_native_brep_usd_validation.NativeBrepUsdF51Tests) ... ok
test_no_scale_deformation_proxy_or_oval (test_917_f51_native_brep_usd_validation.NativeBrepUsdF51Tests) ... ok
test_nvidia_diagnostics_pass_but_formal_profile_is_blocked (test_917_f51_native_brep_usd_validation.NativeBrepUsdF51Tests) ... ok
test_public_evidence_contains_no_private_geometry_or_coordinates (test_917_f51_native_brep_usd_validation.NativeBrepUsdF51Tests) ... ok
test_release_gates_stay_closed (test_917_f51_native_brep_usd_validation.NativeBrepUsdF51Tests) ... ok
test_reproducible_sources_are_present (test_917_f51_native_brep_usd_validation.NativeBrepUsdF51Tests) ... ok
test_surface_and_usd_roundtrip_are_closed_and_scan_locked (test_917_f51_native_brep_usd_validation.NativeBrepUsdF51Tests) ... ok
test_two_variants_are_hash_linked_to_f50 (test_917_f51_native_brep_usd_validation.NativeBrepUsdF51Tests) ... ok
test_workflow_is_validation_only_without_step_or_content_agents (test_917_f51_native_brep_usd_validation.NativeBrepUsdF51Tests) ... ok
test_incomplete_pair_and_unexpected_spacing_are_rejected (test_917_fin_thickening_f54.FinThickeningTests) ... ok
test_nonfinite_reduction_and_overlap_are_rejected (test_917_fin_thickening_f54.FinThickeningTests) ... ok
test_only_paired_heights_change_without_mutating_input (test_917_fin_thickening_f54.FinThickeningTests) ... ok
test_committed_evidence_matches_a_fresh_offline_run (test_917_gas_path_network_f38.GasPathNetworkF38Test) ... ok
test_contract_is_bivariant_hash_bound_offline_and_fail_closed (test_917_gas_path_network_f38.GasPathNetworkF38Test) ... ok
test_existing_non_f38_directory_is_refused_without_deleting_contents (test_917_gas_path_network_f38.GasPathNetworkF38Test) ... ok
test_failed_atomic_install_restores_previous_owned_output (test_917_gas_path_network_f38.GasPathNetworkF38Test) ... ok
test_fresh_publish_writes_an_owned_hash_bound_output_marker (test_917_gas_path_network_f38.GasPathNetworkF38Test) ... ok
test_insufficient_turbine_power_cannot_be_reported_as_converged (test_917_gas_path_network_f38.GasPathNetworkF38Test) ... ok
test_invalid_upstream_compressor_efficiency_is_rejected_even_when_rehashed (test_917_gas_path_network_f38.GasPathNetworkF38Test) ... ok
test_mutating_requirement_does_not_change_forward_prediction_or_prove_it (test_917_gas_path_network_f38.GasPathNetworkF38Test) ... ok
test_nonfinite_or_nonpositive_inputs_are_rejected (test_917_gas_path_network_f38.GasPathNetworkF38Test) ... ok
test_report_float_canonicalization_is_significant_digit_stable (test_917_gas_path_network_f38.GasPathNetworkF38Test) ... ok
test_runner_closes_only_numerical_identities_for_two_variants (test_917_gas_path_network_f38.GasPathNetworkF38Test) ... ok
test_tampered_source_hash_is_rejected_before_execution (test_917_gas_path_network_f38.GasPathNetworkF38Test) ... ok
test_topology_flows_and_turbo_shaft_solution_are_explicit (test_917_gas_path_network_f38.GasPathNetworkF38Test) ... ok
test_two_offline_runs_are_byte_identical (test_917_gas_path_network_f38.GasPathNetworkF38Test) ... ok
test_authors_two_canonical_report_verified_embedded_overlays_without_physics (test_917_gas_path_overlay_f38.GasPathOverlayF38Test) ... ok
test_colliding_f37_stage_paths_are_rejected (test_917_gas_path_overlay_f38.GasPathOverlayF38Test) ... ok
test_colliding_usda_station_identifiers_are_rejected (test_917_gas_path_overlay_f38.GasPathOverlayF38Test) ... ok
test_duplicate_f37_variant_is_rejected (test_917_gas_path_overlay_f38.GasPathOverlayF38Test) ... ok
test_duplicate_f38_variant_is_rejected_even_with_matching_custom_canonical (test_917_gas_path_overlay_f38.GasPathOverlayF38Test) ... ok
test_existing_output_is_preserved_by_atomic_no_overwrite_publication (test_917_gas_path_overlay_f38.GasPathOverlayF38Test) ... ok
test_f37_report_contract_hash_must_match_canonical_f38_evidence (test_917_gas_path_overlay_f38.GasPathOverlayF38Test) ... ok
test_f37_report_contract_path_must_match_canonical_f38_evidence (test_917_gas_path_overlay_f38.GasPathOverlayF38Test) ... ok
test_f37_stage_path_escape_is_rejected (test_917_gas_path_overlay_f38.GasPathOverlayF38Test) ... ok
test_tampered_f37_stage_is_rejected_before_overlay_authoring (test_917_gas_path_overlay_f38.GasPathOverlayF38Test) ... ok
test_tampered_f38_report_is_rejected_against_canonical_bytes (test_917_gas_path_overlay_f38.GasPathOverlayF38Test) ... ok
test_global_ovalization_cannot_be_enabled (test_917_head_architecture_authority_f45.HeadArchitectureAuthorityF45Tests) ... ok
test_oil_is_secondary_open_and_inspectable (test_917_head_architecture_authority_f45.HeadArchitectureAuthorityF45Tests) ... ok
test_print_release_cannot_be_predeclared (test_917_head_architecture_authority_f45.HeadArchitectureAuthorityF45Tests) ... ok
test_tracked_contract_passes_and_locks_two_variants (test_917_head_architecture_authority_f45.HeadArchitectureAuthorityF45Tests) ... ok
test_claims_and_release_gates_do_not_overstate_validation (test_917_head_reference_cae_f31.HeadReferenceCaeF31Tests) ... ok
test_comparison_keeps_scenarios_separate (test_917_head_reference_cae_f31.HeadReferenceCaeF31Tests) ... ok
test_contract_is_explicitly_defeatured_and_fail_closed (test_917_head_reference_cae_f31.HeadReferenceCaeF31Tests) ... ok
test_each_variant_has_three_meshes_and_three_load_cases (test_917_head_reference_cae_f31.HeadReferenceCaeF31Tests) ... ok
test_omniverse_preflight_is_published_blocked_and_sanitized (test_917_head_reference_cae_f31.HeadReferenceCaeF31Tests) ... ok
test_publication_hashes_cover_report_and_figures (test_917_head_reference_cae_f31.HeadReferenceCaeF31Tests) ... ok
test_tracked_report_contains_36_successful_calculix_runs (test_917_head_reference_cae_f31.HeadReferenceCaeF31Tests) ... ok
test_builder_publishes_two_hash_bound_semantic_registries (test_917_integrated_bench_f37.IntegratedBenchF37Test) ... ok
test_closed_cfd_claim_without_hash_bound_watertight_proof_is_rejected (test_917_integrated_bench_f37.IntegratedBenchF37Test) ... ok
test_contract_is_explicitly_fail_closed_and_crosswalk_does_not_merge_variants (test_917_integrated_bench_f37.IntegratedBenchF37Test) ... ok
test_mutated_geometry_interface_frame_inventory_is_rejected_even_when_rehashed (test_917_integrated_bench_f37.IntegratedBenchF37Test) ... ok
test_mutated_usd_datum_frame_inventory_is_rejected (test_917_integrated_bench_f37.IntegratedBenchF37Test) ... ok
test_tampered_f35_usdc_is_rejected_before_usda_authoring (test_917_integrated_bench_f37.IntegratedBenchF37Test) ... ok
test_true_f35_release_gate_is_rejected (test_917_integrated_bench_f37.IntegratedBenchF37Test) ... ok
test_all_release_gates_are_closed_and_publication_is_hashed (test_917_integrated_virtual_validation_f33.IntegratedVirtualValidationF33Tests) ... ok
test_four_valve_virtual_performance_advantage_is_not_a_proof (test_917_integrated_virtual_validation_f33.IntegratedVirtualValidationF33Tests) ... ok
test_functional_solver_cad_is_generated_but_not_manufacturing_cad (test_917_integrated_virtual_validation_f33.IntegratedVirtualValidationF33Tests) ... ok
test_material_and_fatigue_remain_failed_closed (test_917_integrated_virtual_validation_f33.IntegratedVirtualValidationF33Tests) ... ok
test_physicsnemo_and_omniverse_are_not_overclaimed (test_917_integrated_virtual_validation_f33.IntegratedVirtualValidationF33Tests) ... ok
test_representative_case_matches_arm64_and_x86 (test_917_integrated_virtual_validation_f33.IntegratedVirtualValidationF33Tests) ... ok
test_scan_only_measurement_boundary_is_explicit (test_917_integrated_virtual_validation_f33.IntegratedVirtualValidationF33Tests) ... ok
test_six_openfoam_runs_and_mesh_convergence_pass (test_917_integrated_virtual_validation_f33.IntegratedVirtualValidationF33Tests) ... ok
test_synthetic_ct_defines_resolution_without_claiming_real_ndt (test_917_integrated_virtual_validation_f33.IntegratedVirtualValidationF33Tests) ... ok
test_all_external_endpoints_are_registered_and_traceable (test_917_interfaces_f8.Engine917InterfacesF8Test) ... ok
test_declared_group_and_instance_counts_match (test_917_interfaces_f8.Engine917InterfacesF8Test) ... ok
test_every_interface_remains_fail_closed (test_917_interfaces_f8.Engine917InterfacesF8Test) ... ok
test_f8_1_rejects_unregistered_external_or_removed_required_topology (test_917_interfaces_f8.Engine917InterfacesF8Test) ... ok
test_f8_1_topology_closes_turbo_fuel_and_valve_family_gaps (test_917_interfaces_f8.Engine917InterfacesF8Test) ... ok
test_f8_rejects_power_contract_fields (test_917_interfaces_f8.Engine917InterfacesF8Test) ... ok
test_f8_rejects_ready_or_released_entries_even_with_populated_fields (test_917_interfaces_f8.Engine917InterfacesF8Test) ... ok
test_f8_requires_sources_pending_status_and_incomplete_inventory (test_917_interfaces_f8.Engine917InterfacesF8Test) ... ok
test_native_preflight_stops_before_physics_or_flow (test_917_interfaces_f8.Engine917InterfacesF8Test) ... ok
test_native_validator_accepts_the_repository_contracts (test_917_interfaces_f8.Engine917InterfacesF8Test) ... ok
test_turbo_fuel_oil_and_bench_gaps_are_explicit (test_917_interfaces_f8.Engine917InterfacesF8Test) ... ok
test_validator_rejects_an_enabled_joint_without_measurements (test_917_interfaces_f8.Engine917InterfacesF8Test) ... ok
test_cli_rejects_but_does_not_dereference_a_mutated_source_path (test_917_kinematic_interface_readiness_f16.KinematicInterfaceReadiness917F16Tests) ... ok
test_cli_writes_deterministic_json_csv_and_usda (test_917_kinematic_interface_readiness_f16.KinematicInterfaceReadiness917F16Tests) ... ok
test_contract_and_usda_builder_reject_unsafe_semantic_tokens (test_917_kinematic_interface_readiness_f16.KinematicInterfaceReadiness917F16Tests) ... ok
test_contract_rejects_a_changed_or_unlocked_source_fact (test_917_kinematic_interface_readiness_f16.KinematicInterfaceReadiness917F16Tests) ... ok
test_contract_rejects_any_changed_parent_authority_flag_or_key (test_917_kinematic_interface_readiness_f16.KinematicInterfaceReadiness917F16Tests) ... ok
test_contract_rejects_any_unverified_coordinate_or_measurement (test_917_kinematic_interface_readiness_f16.KinematicInterfaceReadiness917F16Tests) ... ok
test_contract_rejects_changed_measurement_semantics_or_minimum_occurrences (test_917_kinematic_interface_readiness_f16.KinematicInterfaceReadiness917F16Tests) ... ok
test_contract_rejects_changed_relation_endpoints_type_or_duplicate_prefix (test_917_kinematic_interface_readiness_f16.KinematicInterfaceReadiness917F16Tests) ... ok
test_contract_rejects_forged_fact_provenance_usage_or_contradictions (test_917_kinematic_interface_readiness_f16.KinematicInterfaceReadiness917F16Tests) ... ok
test_contract_rejects_scan_binding_radius_prefill_or_release_gate (test_917_kinematic_interface_readiness_f16.KinematicInterfaceReadiness917F16Tests) ... ok
test_csv_contains_only_sourced_scalars_and_blank_coordinates (test_917_kinematic_interface_readiness_f16.KinematicInterfaceReadiness917F16Tests) ... ok
test_current_contract_passes_but_all_kinematics_remain_blocked (test_917_kinematic_interface_readiness_f16.KinematicInterfaceReadiness917F16Tests) ... ok
test_datums_bearing_stations_and_components_are_complete_and_unplaced (test_917_kinematic_interface_readiness_f16.KinematicInterfaceReadiness917F16Tests) ... ok
test_measurement_campaign_is_a_null_cmm_ct_teardown_template (test_917_kinematic_interface_readiness_f16.KinematicInterfaceReadiness917F16Tests) ... ok
test_minimal_graph_has_68_inactive_requirements_and_no_joint (test_917_kinematic_interface_readiness_f16.KinematicInterfaceReadiness917F16Tests) ... ok
test_only_six_sourced_facts_and_one_transparent_derivation_are_present (test_917_kinematic_interface_readiness_f16.KinematicInterfaceReadiness917F16Tests) ... ok
test_reference_branch_is_explicitly_unbound_from_scan (test_917_kinematic_interface_readiness_f16.KinematicInterfaceReadiness917F16Tests) ... ok
test_usda_contains_only_coordinate_free_xforms_and_scopes (test_917_kinematic_interface_readiness_f16.KinematicInterfaceReadiness917F16Tests) ... ok
test_firing_order_contains_each_cylinder_once (test_917_kinematics.Engine917KinematicsTest) ... ok
test_motion_hypotheses_are_not_manufacturing_claims (test_917_kinematics.Engine917KinematicsTest) ... ok
test_slider_model_reaches_declared_stroke (test_917_kinematics.Engine917KinematicsTest) ... ok
test_contract_is_consistent_but_every_release_stays_blocked (test_917_manufacturing_f13.Manufacturing917F13Tests) ... ok
test_declaring_a_release_cannot_authorize_a_part (test_917_manufacturing_f13.Manufacturing917F13Tests) ... ok
test_every_family_has_all_route_qualification_controls (test_917_manufacturing_f13.Manufacturing917F13Tests) ... ok
test_every_titanium_candidate_has_complete_fail_closed_controls (test_917_manufacturing_f13.Manufacturing917F13Tests) ... ok
test_geometry_or_runtime_authority_injection_fails (test_917_manufacturing_f13.Manufacturing917F13Tests) ... ok
test_inventing_a_tolerance_fails (test_917_manufacturing_f13.Manufacturing917F13Tests) ... ok
test_no_material_route_nominal_or_tolerance_is_selected (test_917_manufacturing_f13.Manufacturing917F13Tests) ... ok
test_removing_ct_or_titanium_fatigue_controls_fails (test_917_manufacturing_f13.Manufacturing917F13Tests) ... ok
test_selecting_an_unqualified_route_and_material_fails (test_917_manufacturing_f13.Manufacturing917F13Tests) ... ok
test_three_maturity_levels_are_distinct_and_non_functional (test_917_manufacturing_f13.Manufacturing917F13Tests) ... ok
test_checked_contract_is_deterministically_generated (test_917_manufacturing_routing_f19.ManufacturingRouting917F19Tests) ... ok
test_cli_check_valide_sans_recrire_le_contrat (test_917_manufacturing_routing_f19.ManufacturingRouting917F19Tests) ... ok
test_every_f12_family_has_a_fail_closed_route_record (test_917_manufacturing_routing_f19.ManufacturingRouting917F19Tests) ... ok
test_every_f16_semantic_instance_is_explicit_and_inherits_only_a_class (test_917_manufacturing_routing_f19.ManufacturingRouting917F19Tests) ... ok
test_f8_routes_cover_connections_seals_ducts_and_boundaries (test_917_manufacturing_routing_f19.ManufacturingRouting917F19Tests) ... ok
test_functional_engine_never_means_fully_printed (test_917_manufacturing_routing_f19.ManufacturingRouting917F19Tests) ... ok
test_missing_instance_route_tamper_and_false_completeness_fail (test_917_manufacturing_routing_f19.ManufacturingRouting917F19Tests) ... ok
test_route_classes_distinguish_additive_conventional_purchased_and_unknown (test_917_manufacturing_routing_f19.ManufacturingRouting917F19Tests) ... ok
test_route_material_tolerance_or_release_injection_fails_closed (test_917_manufacturing_routing_f19.ManufacturingRouting917F19Tests) ... ok
test_taxonomy_material_scope_and_functional_policy_tampering_fail (test_917_manufacturing_routing_f19.ManufacturingRouting917F19Tests) ... ok
test_titanium_and_inconel_controls_select_nothing (test_917_manufacturing_routing_f19.ManufacturingRouting917F19Tests) ... ok
test_unbounded_bom_keeps_unknown_counts_and_procured_functions (test_917_manufacturing_routing_f19.ManufacturingRouting917F19Tests) ... ok
test_upstream_digest_and_fully_printed_claim_tampering_fail (test_917_manufacturing_routing_f19.ManufacturingRouting917F19Tests) ... ok
test_CT_NDT_and_pressure_acceptance_are_not_invented (test_917_material_lpbf_qualification_f49.MaterialLpbfQualificationF49Tests) ... ok
test_additivefoam_and_thermomechanical_contracts_fail_closed (test_917_material_lpbf_qualification_f49.MaterialLpbfQualificationF49Tests) ... ok
test_cli_check_and_generator_are_deterministic (test_917_material_lpbf_qualification_f49.MaterialLpbfQualificationF49Tests) ... ok
test_coupon_plan_reaches_300C_but_has_no_invented_acceptance_curve (test_917_material_lpbf_qualification_f49.MaterialLpbfQualificationF49Tests) ... ok
test_csv_and_manifest_are_complete_and_hash_locked (test_917_material_lpbf_qualification_f49.MaterialLpbfQualificationF49Tests) ... ok
test_no_geometry_or_release_claim_and_all_gates_closed (test_917_material_lpbf_qualification_f49.MaterialLpbfQualificationF49Tests) ... ok
test_required_material_families_are_compared_without_false_selection (test_917_material_lpbf_qualification_f49.MaterialLpbfQualificationF49Tests) ... ok
test_sapphire_bare_envelope_math_does_not_claim_final_fit (test_917_material_lpbf_qualification_f49.MaterialLpbfQualificationF49Tests) ... ok
test_support_allowance_and_heat_treatment_plan_remain_hypotheses (test_917_material_lpbf_qualification_f49.MaterialLpbfQualificationF49Tests) ... ok
test_upstream_and_primary_sources_are_hash_bound (test_917_material_lpbf_qualification_f49.MaterialLpbfQualificationF49Tests) ... ok
test_chaine_valide_proxy_et_recompose_le_stage_complet (test_917_material_proxy_f10.Engine917MaterialProxyF10Tests) ... ok
test_plan_refuse_chevauchement_compte_invalide_et_vide (test_917_material_proxy_f10.Engine917MaterialProxyF10Tests) ... ok
test_seules_les_sept_familles_turbo_sont_ajoutees (test_917_material_proxy_f10.Engine917MaterialProxyF10Tests) ... ok
test_un_representant_par_famille_reduit_le_travail_agent (test_917_material_proxy_f10.Engine917MaterialProxyF10Tests) ... ok
test_1600_hp_without_speed_remains_uncomputed_and_unproven (test_917_mechanical_benchmark_f14.MechanicalBenchmark917F14Tests) ... ok
test_5374_turbo_1973_values_are_reproducible (test_917_mechanical_benchmark_f14.MechanicalBenchmark917F14Tests) ... ok
test_cli_writes_the_same_report_to_an_explicit_work_path (test_917_mechanical_benchmark_f14.MechanicalBenchmark917F14Tests) ... ok
test_contract_rejects_a_generic_or_interpolated_third_case (test_917_mechanical_benchmark_f14.MechanicalBenchmark917F14Tests) ... ok
test_contract_rejects_a_pair_source_not_common_to_power_and_speed (test_917_mechanical_benchmark_f14.MechanicalBenchmark917F14Tests) ... ok
test_contract_rejects_a_substituted_power_fact (test_917_mechanical_benchmark_f14.MechanicalBenchmark917F14Tests) ... ok
test_contract_rejects_fabricated_speed_or_1600_hp_proof (test_917_mechanical_benchmark_f14.MechanicalBenchmark917F14Tests) ... ok
test_current_contract_passes_and_executes_only_two_documentary_anchors (test_917_mechanical_benchmark_f14.MechanicalBenchmark917F14Tests) ... ok
test_every_input_retains_field_level_fact_and_source_provenance (test_917_mechanical_benchmark_f14.MechanicalBenchmark917F14Tests) ... ok
test_five_litre_na_values_are_reproducible (test_917_mechanical_benchmark_f14.MechanicalBenchmark917F14Tests) ... ok
test_runner_has_no_cantera_or_hidden_engine_default_dependency (test_917_mechanical_benchmark_f14.MechanicalBenchmark917F14Tests) ... ok
test_cli_writes_the_same_report_to_an_explicit_work_path (test_917_mechanical_cycle_closure_f15.MechanicalCycleClosure917F15Tests) ... ok
test_contract_rejects_missing_blocker_or_unblocked_f13_execution (test_917_mechanical_cycle_closure_f15.MechanicalCycleClosure917F15Tests) ... ok
test_contract_rejects_thermodynamic_or_cantera_authorization (test_917_mechanical_cycle_closure_f15.MechanicalCycleClosure917F15Tests) ... ok
test_contract_rejects_training_fabrication_or_start_authorization (test_917_mechanical_cycle_closure_f15.MechanicalCycleClosure917F15Tests) ... ok
test_current_contract_passes_and_executes_only_mechanical_closure (test_917_mechanical_cycle_closure_f15.MechanicalCycleClosure917F15Tests) ... ok
test_each_identity_closes_but_is_not_physical_validation (test_917_mechanical_cycle_closure_f15.MechanicalCycleClosure917F15Tests) ... ok
test_five_litre_cycle_energy_values_are_reproducible (test_917_mechanical_cycle_closure_f15.MechanicalCycleClosure917F15Tests) ... ok
test_parent_f14_provenance_cannot_be_replaced_or_extended (test_917_mechanical_cycle_closure_f15.MechanicalCycleClosure917F15Tests) ... ok
test_runner_has_no_cantera_numpy_or_hidden_engine_calibration (test_917_mechanical_cycle_closure_f15.MechanicalCycleClosure917F15Tests) ... ok
test_thermodynamic_case_and_1600_hp_remain_fail_closed (test_917_mechanical_cycle_closure_f15.MechanicalCycleClosure917F15Tests) ... ok
test_turbo_cycle_energy_values_are_reproducible (test_917_mechanical_cycle_closure_f15.MechanicalCycleClosure917F15Tests) ... ok
test_cli_check_and_fail_closed_verdict (test_917_mesh_diagnostic_f48.MeshDiagnosticF48Tests) ... ok
test_exact_occt_counts_localize_gas_not_oil (test_917_mesh_diagnostic_f48.MeshDiagnosticF48Tests) ... ok
test_external_skin_and_shape_policy_is_absolute (test_917_mesh_diagnostic_f48.MeshDiagnosticF48Tests) ... ok
test_gmsh_failure_classes_are_not_promoted_to_meshes (test_917_mesh_diagnostic_f48.MeshDiagnosticF48Tests) ... ok
test_manifest_hashes_and_reproducibility (test_917_mesh_diagnostic_f48.MeshDiagnosticF48Tests) ... ok
test_private_coordinates_and_geometry_are_absent (test_917_mesh_diagnostic_f48.MeshDiagnosticF48Tests) ... ok
test_private_diagnostic_script_refuses_repository_output (test_917_mesh_diagnostic_f48.MeshDiagnosticF48Tests) ... ok
test_public_entity_refs_are_opaque_unique_and_complete (test_917_mesh_diagnostic_f48.MeshDiagnosticF48Tests) ... ok
test_validator_rejects_geometry_or_release_claims (test_917_mesh_diagnostic_f48.MeshDiagnosticF48Tests) ... ok
test_duration_and_rate_match_existing_kinematics (test_917_motion_video_f7.Engine917MotionVideoF7Test) ... ok
test_every_component_family_has_a_visual_material_hypothesis (test_917_motion_video_f7.Engine917MotionVideoF7Test) ... ok
test_shots_cover_the_timeline_without_gaps (test_917_motion_video_f7.Engine917MotionVideoF7Test) ... ok
test_video_discloses_that_motion_is_not_physical_simulation (test_917_motion_video_f7.Engine917MotionVideoF7Test) ... ok
test_defaults_cannot_authorize_pressure_prediction (test_917_oil_prime_f6.Engine917OilPrimeF6Test) ... ok
test_physicsnemo_remains_a_correlated_surrogate_only (test_917_oil_prime_f6.Engine917OilPrimeF6Test) ... ok
test_runner_blocks_without_measured_inputs (test_917_oil_prime_f6.Engine917OilPrimeF6Test) ... ok
test_topology_counts_match_the_existing_engine_contract (test_917_oil_prime_f6.Engine917OilPrimeF6Test) ... ok
test_assembly_tree_covers_na_visual_families_without_claiming_a_bom (test_917_parametric_cad_contract_f22.ParametricCadAssemblyContractF22Tests) ... ok
test_checked_contract_is_deterministic_and_fail_closed (test_917_parametric_cad_contract_f22.ParametricCadAssemblyContractF22Tests) ... ok
test_cli_check_validates_a_copied_contract (test_917_parametric_cad_contract_f22.ParametricCadAssemblyContractF22Tests) ... ok
test_contract_contains_no_raw_or_manufacturing_artifact_reference (test_917_parametric_cad_contract_f22.ParametricCadAssemblyContractF22Tests) ... ok
test_f19_routes_are_only_classifications_and_select_nothing (test_917_parametric_cad_contract_f22.ParametricCadAssemblyContractF22Tests) ... ok
test_f21_dependency_is_digest_bound_and_remains_unsatisfied (test_917_parametric_cad_contract_f22.ParametricCadAssemblyContractF22Tests) ... ok
test_interfaces_are_unplaced_inactive_templates (test_917_parametric_cad_contract_f22.ParametricCadAssemblyContractF22Tests) ... ok
test_measurement_registry_is_fillable_but_entirely_unknown (test_917_parametric_cad_contract_f22.ParametricCadAssemblyContractF22Tests) ... ok
test_no_design_or_manufacturing_dimension_is_claimed (test_917_parametric_cad_contract_f22.ParametricCadAssemblyContractF22Tests) ... ok
test_no_geometry_fabrication_or_physicsnemo_is_authorized (test_917_parametric_cad_contract_f22.ParametricCadAssemblyContractF22Tests) ... ok
test_published_candidates_remain_separate_from_null_cad_parameters (test_917_parametric_cad_contract_f22.ParametricCadAssemblyContractF22Tests) ... ok
test_tampered_dimension_gate_f21_or_family_selection_fails_closed (test_917_parametric_cad_contract_f22.ParametricCadAssemblyContractF22Tests) ... ok
test_upstreams_are_digest_bound_and_f16_is_schema_only (test_917_parametric_cad_contract_f22.ParametricCadAssemblyContractF22Tests) ... ok
test_5_litre_scale_match_is_only_a_hypothesis_candidate (test_917_parametric_interface_f13.ParametricInterfaceF13Tests) ... ok
test_central_split_is_a_layout_datum_not_a_machined_face (test_917_parametric_interface_f13.ParametricInterfaceF13Tests) ... ok
test_generated_cad_text_has_no_stl_or_invented_studs (test_917_parametric_interface_f13.ParametricInterfaceF13Tests) ... ok
test_generates_two_banks_of_six_and_remains_fail_closed (test_917_parametric_interface_f13.ParametricInterfaceF13Tests) ... ok
test_local_real_report_regression_values_are_not_scale_release (test_917_parametric_interface_f13.ParametricInterfaceF13Tests) ... skipped 'local scan-derived interface report is outside Git'
test_preserves_measurement_and_reference_provenance (test_917_parametric_interface_f13.ParametricInterfaceF13Tests) ... ok
test_rejects_a_source_hash_mismatch (test_917_parametric_interface_f13.ParametricInterfaceF13Tests) ... ok
test_rejects_six_plus_five_instead_of_two_banks_of_six (test_917_parametric_interface_f13.ParametricInterfaceF13Tests) ... ok
test_authoring_is_blocked_without_trusted_reviewer_key (test_917_parametric_layout_master_f30.ParametricLayoutMaster917F30Tests) ... ok
test_authoring_publishes_only_wireframe_contract_with_completion_marker (test_917_parametric_layout_master_f30.ParametricLayoutMaster917F30Tests) ... ok
test_authoring_rejects_claimed_step_coordinate_mismatch (test_917_parametric_layout_master_f30.ParametricLayoutMaster917F30Tests) ... ok
test_binding_must_follow_f27_final_envelope (test_917_parametric_layout_master_f30.ParametricLayoutMaster917F30Tests) ... ok
test_blank_real_f27_packet_cannot_create_output (test_917_parametric_layout_master_f30.ParametricLayoutMaster917F30Tests) ... ok
test_each_step_geometry_change_changes_construction_signature (test_917_parametric_layout_master_f30.ParametricLayoutMaster917F30Tests) ... ok
test_existing_destination_is_never_overwritten (test_917_parametric_layout_master_f30.ParametricLayoutMaster917F30Tests) ... ok
test_f27_and_f30_evidence_payloads_must_be_distinct (test_917_parametric_layout_master_f30.ParametricLayoutMaster917F30Tests) ... ok
test_f27_gate_must_be_literal_false (test_917_parametric_layout_master_f30.ParametricLayoutMaster917F30Tests) ... ok
test_f27_gate_registry_cannot_be_truncated (test_917_parametric_layout_master_f30.ParametricLayoutMaster917F30Tests) ... ok
test_generic_turbo_variant_is_blocked_without_exact_f28_identity (test_917_parametric_layout_master_f30.ParametricLayoutMaster917F30Tests) ... ok
test_incoherent_cylinder_axis_is_rejected (test_917_parametric_layout_master_f30.ParametricLayoutMaster917F30Tests) ... ok
test_interrupted_publication_never_exposes_partial_final_directory (test_917_parametric_layout_master_f30.ParametricLayoutMaster917F30Tests) ... ok
test_invalid_detached_binding_signature_is_rejected (test_917_parametric_layout_master_f30.ParametricLayoutMaster917F30Tests) ... ok
test_layout_evidence_symlink_is_rejected (test_917_parametric_layout_master_f30.ParametricLayoutMaster917F30Tests) ... ok
test_modified_binding_report_fails_without_output (test_917_parametric_layout_master_f30.ParametricLayoutMaster917F30Tests) ... ok
test_noncanonical_parameter_bytes_fail_without_output (test_917_parametric_layout_master_f30.ParametricLayoutMaster917F30Tests) ... ok
test_parameter_validation_accepts_coherent_synthetic_layout (test_917_parametric_layout_master_f30.ParametricLayoutMaster917F30Tests) ... ok
test_tracked_template_is_exact_and_fail_closed (test_917_parametric_layout_master_f30.ParametricLayoutMaster917F30Tests) ... ok
test_translated_reopened_step_coordinates_are_rejected (test_917_parametric_layout_master_f30.ParametricLayoutMaster917F30Tests) ... ok
test_upstream_drift_cannot_be_rebased_by_template_generator (test_917_parametric_layout_master_f30.ParametricLayoutMaster917F30Tests) ... ok
test_wrong_evidence_role_and_orphan_evidence_are_rejected (test_917_parametric_layout_master_f30.ParametricLayoutMaster917F30Tests) ... ok
test_airflow_pressure_and_temperature_are_not_inferred (test_917_performance_f9.Engine917PerformanceF9Test) ... ok
test_algebraic_model_does_not_claim_a_solver_or_proof (test_917_performance_f9.Engine917PerformanceF9Test) ... ok
test_cli_writes_the_same_fail_closed_report (test_917_performance_f9.Engine917PerformanceF9Test) ... ok
test_contract_is_valid_and_uses_the_917_30_geometry (test_917_performance_f9.Engine917PerformanceF9Test) ... ok
test_contract_rejects_a_premature_performance_claim (test_917_performance_f9.Engine917PerformanceF9Test) ... ok
test_contract_rejects_documentary_claim_used_as_calibration (test_917_performance_f9.Engine917PerformanceF9Test) ... ok
test_contract_rejects_inconsistent_documented_displacement (test_917_performance_f9.Engine917PerformanceF9Test) ... ok
test_contract_rejects_scenario_different_from_related_claim (test_917_performance_f9.Engine917PerformanceF9Test) ... ok
test_hp_primary_and_ps_sensitivity_are_separate (test_917_performance_f9.Engine917PerformanceF9Test) ... ok
test_official_1600_hp_statement_remains_documentary_only (test_917_performance_f9.Engine917PerformanceF9Test) ... ok
test_primary_requirement_at_7000_rpm_is_reproducible (test_917_performance_f9.Engine917PerformanceF9Test) ... ok
test_acquisition_seal_is_constructible_before_post_seal_reviews (test_917_physical_metrology_campaign_f27.PhysicalMetrologyCampaign917F27Tests) ... ok
test_approved_upstream_hashes_cannot_be_rebased_by_packet (test_917_physical_metrology_campaign_f27.PhysicalMetrologyCampaign917F27Tests) ... ok
test_blank_templates_cannot_be_accepted_as_execution (test_917_physical_metrology_campaign_f27.PhysicalMetrologyCampaign917F27Tests) ... ok
test_canonical_templates_are_deterministic_empty_and_fail_closed (test_917_physical_metrology_campaign_f27.PhysicalMetrologyCampaign917F27Tests) ... ok
test_cli_checks_templates_and_blank_record_exits_nonzero (test_917_physical_metrology_campaign_f27.PhysicalMetrologyCampaign917F27Tests) ... ok
test_cli_converts_csv_parser_limits_to_failed_closed_json (test_917_physical_metrology_campaign_f27.PhysicalMetrologyCampaign917F27Tests) ... ok
test_cli_rejects_record_and_evidence_root_symlink_arguments (test_917_physical_metrology_campaign_f27.PhysicalMetrologyCampaign917F27Tests) ... ok
test_csv_has_three_independent_paired_controls_and_no_values (test_917_physical_metrology_campaign_f27.PhysicalMetrologyCampaign917F27Tests) ... ok
test_datum_relationships_handedness_and_transform_are_bound (test_917_physical_metrology_campaign_f27.PhysicalMetrologyCampaign917F27Tests) ... ok
test_descriptor_change_during_read_or_hash_is_rejected (test_917_physical_metrology_campaign_f27.PhysicalMetrologyCampaign917F27Tests) ... ok
test_duplicate_feature_region_or_setup_fails_independence (test_917_physical_metrology_campaign_f27.PhysicalMetrologyCampaign917F27Tests) ... ok
test_duplicate_json_key_and_csv_header_drift_are_rejected (test_917_physical_metrology_campaign_f27.PhysicalMetrologyCampaign917F27Tests) ... ok
test_each_upstream_is_hash_bound_and_parsed_from_one_descriptor_read (test_917_physical_metrology_campaign_f27.PhysicalMetrologyCampaign917F27Tests) ... ok
test_evidence_digest_path_and_release_injection_fail_closed (test_917_physical_metrology_campaign_f27.PhysicalMetrologyCampaign917F27Tests) ... ok
test_evidence_hardlink_to_packet_input_fails_closed (test_917_physical_metrology_campaign_f27.PhysicalMetrologyCampaign917F27Tests) ... ok
test_evidence_roles_and_packet_seal_reject_one_file_collapse (test_917_physical_metrology_campaign_f27.PhysicalMetrologyCampaign917F27Tests) ... ok
test_identity_and_review_artifacts_require_distinct_content_digests (test_917_physical_metrology_campaign_f27.PhysicalMetrologyCampaign917F27Tests) ... ok
test_independence_identifiers_reject_whitespace_and_unicode_aliases (test_917_physical_metrology_campaign_f27.PhysicalMetrologyCampaign917F27Tests) ... ok
test_malformed_nested_records_and_strict_utc_fail_without_exception (test_917_physical_metrology_campaign_f27.PhysicalMetrologyCampaign917F27Tests) ... ok
test_non_string_nested_evidence_digests_fail_without_type_error (test_917_physical_metrology_campaign_f27.PhysicalMetrologyCampaign917F27Tests) ... ok
test_non_string_nested_evidence_refs_fail_without_type_error (test_917_physical_metrology_campaign_f27.PhysicalMetrologyCampaign917F27Tests) ... ok
test_nonfinite_json_symlink_and_nonregular_inputs_are_rejected (test_917_physical_metrology_campaign_f27.PhysicalMetrologyCampaign917F27Tests) ... ok
test_packet_seal_binds_record_csv_and_evidence_index (test_917_physical_metrology_campaign_f27.PhysicalMetrologyCampaign917F27Tests) ... ok
test_protocol_freeze_equal_to_first_observation_fails_closed (test_917_physical_metrology_campaign_f27.PhysicalMetrologyCampaign917F27Tests) ... ok
test_real_packet_paths_must_be_outside_git_or_under_work (test_917_physical_metrology_campaign_f27.PhysicalMetrologyCampaign917F27Tests) ... ok
test_reviews_must_follow_seal_and_be_independent_from_campaign (test_917_physical_metrology_campaign_f27.PhysicalMetrologyCampaign917F27Tests) ... ok
test_same_digest_cannot_be_laundered_across_evidence_roles (test_917_physical_metrology_campaign_f27.PhysicalMetrologyCampaign917F27Tests) ... ok
test_scale_spread_and_uncertainty_limits_fail_closed (test_917_physical_metrology_campaign_f27.PhysicalMetrologyCampaign917F27Tests) ... ok
test_static_slot_budget_registry_and_review_roles_are_immutable (test_917_physical_metrology_campaign_f27.PhysicalMetrologyCampaign917F27Tests) ... ok
test_strict_utc_rejects_date_only_without_comparison_exception (test_917_physical_metrology_campaign_f27.PhysicalMetrologyCampaign917F27Tests) ... ok
test_synthetic_complete_packet_is_only_ready_for_review (test_917_physical_metrology_campaign_f27.PhysicalMetrologyCampaign917F27Tests) ... ok
test_unknown_correlation_uses_conservative_uncertainty_bound (test_917_physical_metrology_campaign_f27.PhysicalMetrologyCampaign917F27Tests) ... ok
test_upstream_audit_preserves_f13_f16_f21_authority_boundaries (test_917_physical_metrology_campaign_f27.PhysicalMetrologyCampaign917F27Tests) ... ok
test_variant_custody_review_and_orientation_are_not_automatic (test_917_physical_metrology_campaign_f27.PhysicalMetrologyCampaign917F27Tests) ... ok
test_working_scan_requires_a_real_exact_regular_file (test_917_physical_metrology_campaign_f27.PhysicalMetrologyCampaign917F27Tests) ... ok
test_zero_byte_evidence_cannot_satisfy_any_role (test_917_physical_metrology_campaign_f27.PhysicalMetrologyCampaign917F27Tests) ... ok
test_all_f13_cases_are_required (test_917_physicsnemo_dataset_f14.PhysicsNeMoDataset917F14Tests) ... ok
test_bad_hash_is_rejected (test_917_physicsnemo_dataset_f14.PhysicsNeMoDataset917F14Tests) ... ok
test_changed_immutable_image_reference_is_rejected (test_917_physicsnemo_dataset_f14.PhysicsNeMoDataset917F14Tests) ... ok
test_complete_sample_is_structurally_accepted_but_cannot_release_training (test_917_physicsnemo_dataset_f14.PhysicsNeMoDataset917F14Tests) ... ok
test_current_contract_passes_with_zero_samples_and_closed_gates (test_917_physicsnemo_dataset_f14.PhysicsNeMoDataset917F14Tests) ... ok
test_live_paths_are_pinned_but_runtime_compatibility_is_open (test_917_physicsnemo_dataset_f14.PhysicsNeMoDataset917F14Tests) ... ok
test_model_and_datapipe_axes_remain_explicit_and_unselected (test_917_physicsnemo_dataset_f14.PhysicsNeMoDataset917F14Tests) ... ok
test_na_sample_cannot_use_turbo_only_case_011 (test_917_physicsnemo_dataset_f14.PhysicsNeMoDataset917F14Tests) ... ok
test_raw_scan_cannot_be_solver_geometry (test_917_physicsnemo_dataset_f14.PhysicsNeMoDataset917F14Tests) ... ok
test_split_fractions_remain_unset_until_release_design (test_917_physicsnemo_dataset_f14.PhysicsNeMoDataset917F14Tests) ... ok
test_symlinked_artifact_is_rejected (test_917_physicsnemo_dataset_f14.PhysicsNeMoDataset917F14Tests) ... ok
test_training_cannot_be_authorized_by_the_contract (test_917_physicsnemo_dataset_f14.PhysicsNeMoDataset917F14Tests) ... ok
test_turbo_sample_cannot_use_na_only_case_008 (test_917_physicsnemo_dataset_f14.PhysicsNeMoDataset917F14Tests) ... ok
test_UQ_OOD_and_runtime_abstention_are_strict (test_917_physicsnemo_readiness_f52.PhysicsNeMoReadinessF52Tests) ... ok
test_artifacts_are_hashed_and_none_is_a_training_sample (test_917_physicsnemo_readiness_f52.PhysicsNeMoReadinessF52Tests) ... ok
test_every_authorization_gate_is_false (test_917_physicsnemo_readiness_f52.PhysicsNeMoReadinessF52Tests) ... ok
test_f50_physics_false_positives_are_rejected (test_917_physicsnemo_readiness_f52.PhysicsNeMoReadinessF52Tests) ... ok
test_f50_schema_and_counts_are_recomputed_from_cases (test_917_physicsnemo_readiness_f52.PhysicsNeMoReadinessF52Tests) ... ok
test_f50_schema_and_execution_false_positives_are_rejected (test_917_physicsnemo_readiness_f52.PhysicsNeMoReadinessF52Tests) ... ok
test_grouped_split_prevents_leakage (test_917_physicsnemo_readiness_f52.PhysicsNeMoReadinessF52Tests) ... ok
test_image_is_pinned_but_smoke_is_import_only (test_917_physicsnemo_readiness_f52.PhysicsNeMoReadinessF52Tests) ... ok
test_lanes_are_separated_and_not_ready (test_917_physicsnemo_readiness_f52.PhysicsNeMoReadinessF52Tests) ... ok
test_public_evidence_has_no_geometry_dataset_or_weights (test_917_physicsnemo_readiness_f52.PhysicsNeMoReadinessF52Tests) ... ok
test_validator_detects_false_training_claim (test_917_physicsnemo_readiness_f52.PhysicsNeMoReadinessF52Tests) ... ok
test_validator_passes_while_releases_stay_closed (test_917_physicsnemo_readiness_f52.PhysicsNeMoReadinessF52Tests) ... ok
test_component_routes_keep_valves_and_springs_out_of_lpbf (test_917_reengineering_f11.Reengineering917F11Tests) ... ok
test_contract_excludes_non_917_head_geometry (test_917_reengineering_f11.Reengineering917F11Tests) ... ok
test_contract_flags_alone_cannot_activate_runtime_release_or_training (test_917_reengineering_f11.Reengineering917F11Tests) ... ok
test_empty_inputs_fail_closed_before_source_integrity (test_917_reengineering_f11.Reengineering917F11Tests) ... ok
test_f0_rehashes_the_actual_raw_scan_artifact (test_917_reengineering_f11.Reengineering917F11Tests) ... ok
test_f6_requires_structured_solver_bench_and_signed_review_manifests (test_917_reengineering_f11.Reengineering917F11Tests) ... ok
test_manifests_require_exact_kind_claim_asset_and_unique_evidence_id (test_917_reengineering_f11.Reengineering917F11Tests) ... ok
test_one_arbitrary_file_reused_for_every_claim_cannot_advance_beyond_f0 (test_917_reengineering_f11.Reengineering917F11Tests) ... ok
test_physicsnemo_is_surrogate_only_and_training_is_blocked (test_917_reengineering_f11.Reengineering917F11Tests) ... ok
test_self_declared_f6_does_not_authorize_physicsnemo_training (test_917_reengineering_f11.Reengineering917F11Tests) ... ok
test_self_declared_manifests_are_not_a_release_authority (test_917_reengineering_f11.Reengineering917F11Tests) ... ok
test_tampered_evidence_is_rejected (test_917_reengineering_f11.Reengineering917F11Tests) ... ok
test_three_consistent_controls_validate_only_scale_gate (test_917_reengineering_f11.Reengineering917F11Tests) ... ok
test_two_and_four_valve_branches_are_independent (test_917_reengineering_f11.Reengineering917F11Tests) ... ok
test_ambiguous_fia_value_is_explicitly_excluded (test_917_rotating_assembly_cad_f35.RotatingAssemblyCadF35ContractTest) ... ok
test_cad_policy_keeps_the_static_review_non_physical (test_917_rotating_assembly_cad_f35.RotatingAssemblyCadF35ContractTest) ... ok
test_cad_runtime_provenance_is_injected_by_the_actual_docker_invocation (test_917_rotating_assembly_cad_f35.RotatingAssemblyCadF35ContractTest) ... ok
test_component_counts_and_interface_frames_cover_the_rotating_group (test_917_rotating_assembly_cad_f35.RotatingAssemblyCadF35ContractTest) ... ok
test_contract_identity_and_two_separate_variants (test_917_rotating_assembly_cad_f35.RotatingAssemblyCadF35ContractTest) ... ok
test_crank_radius_is_only_the_half_stroke_derivation (test_917_rotating_assembly_cad_f35.RotatingAssemblyCadF35ContractTest) ... ok
test_design_hypotheses_never_carry_source_references (test_917_rotating_assembly_cad_f35.RotatingAssemblyCadF35ContractTest) ... ok
test_documentary_parameters_exactly_match_the_f13_fact_registry (test_917_rotating_assembly_cad_f35.RotatingAssemblyCadF35ContractTest) ... ok
test_every_physical_release_gate_is_false (test_917_rotating_assembly_cad_f35.RotatingAssemblyCadF35ContractTest) ... ok
test_every_required_interface_frame_is_materialised_and_validated (test_917_rotating_assembly_cad_f35.RotatingAssemblyCadF35ContractTest) ... ok
test_every_variant_has_the_exact_classified_parameter_set (test_917_rotating_assembly_cad_f35.RotatingAssemblyCadF35ContractTest) ... ok
test_na_only_fia_interfaces_are_not_transferred_to_turbo (test_917_rotating_assembly_cad_f35.RotatingAssemblyCadF35ContractTest) ... ok
test_one_axial_layout_authority_prevents_paired_rod_overlap (test_917_rotating_assembly_cad_f35.RotatingAssemblyCadF35ContractTest) ... ok
test_output_policy_is_work_only_and_contains_no_private_inputs (test_917_rotating_assembly_cad_f35.RotatingAssemblyCadF35ContractTest) ... ok
test_piston_group_mass_is_registered_without_physical_assignment_or_turbo_transfer (test_917_rotating_assembly_cad_f35.RotatingAssemblyCadF35ContractTest) ... ok
test_required_prohibitions_and_no_private_or_secret_payload (test_917_rotating_assembly_cad_f35.RotatingAssemblyCadF35ContractTest) ... ok
test_variant_specific_geometry_and_topology_are_not_collapsed (test_917_rotating_assembly_cad_f35.RotatingAssemblyCadF35ContractTest) ... ok
test_missing_prototype_fails_before_any_output_is_created (test_917_rotating_assembly_usd_f35.RotatingAssemblyUsdF35OpenUsdTest) ... skipped 'OpenUSD Python is provided by the SimReady container'
test_non_millimetre_prototype_is_rejected_before_output_authoring (test_917_rotating_assembly_usd_f35.RotatingAssemblyUsdF35OpenUsdTest) ... skipped 'OpenUSD Python is provided by the SimReady container'
test_stale_prototype_digest_is_rejected_before_output_authoring (test_917_rotating_assembly_usd_f35.RotatingAssemblyUsdF35OpenUsdTest) ... skipped 'OpenUSD Python is provided by the SimReady container'
test_true_release_gate_fails_before_prototype_or_output_authoring (test_917_rotating_assembly_usd_f35.RotatingAssemblyUsdF35OpenUsdTest) ... skipped 'OpenUSD Python is provided by the SimReady container'
test_two_stages_have_exact_counts_animation_and_no_active_physics (test_917_rotating_assembly_usd_f35.RotatingAssemblyUsdF35OpenUsdTest) ... skipped 'OpenUSD Python is provided by the SimReady container'
test_y_up_prototype_is_rejected_before_output_authoring (test_917_rotating_assembly_usd_f35.RotatingAssemblyUsdF35OpenUsdTest) ... skipped 'OpenUSD Python is provided by the SimReady container'
test_all_false_metadata_and_release_gate_guards_are_explicit (test_917_rotating_assembly_usd_f35.RotatingAssemblyUsdF35StaticContractTest) ... ok
test_kinematics_are_imported_from_the_single_f35_math_authority (test_917_rotating_assembly_usd_f35.RotatingAssemblyUsdF35StaticContractTest) ... ok
test_outputs_are_hard_limited_to_the_f35_work_tree (test_917_rotating_assembly_usd_f35.RotatingAssemblyUsdF35StaticContractTest) ... ok
test_source_does_not_import_or_author_a_physics_schema (test_917_rotating_assembly_usd_f35.RotatingAssemblyUsdF35StaticContractTest) ... ok
test_source_is_valid_python_and_has_exact_public_constants (test_917_rotating_assembly_usd_f35.RotatingAssemblyUsdF35StaticContractTest) ... ok
test_runner_converts_all_twelve_prototypes_then_authors_both_stages (test_917_rotating_assembly_usd_f35_runner.RotatingAssemblyUsdF35RunnerTest) ... ok
test_runner_is_offline_hardened_and_has_no_secret_or_remote_transport (test_917_rotating_assembly_usd_f35_runner.RotatingAssemblyUsdF35RunnerTest) ... ok
test_runner_uses_one_exact_immutable_cpu_compatible_image (test_917_rotating_assembly_usd_f35_runner.RotatingAssemblyUsdF35RunnerTest) ... ok
test_complete_valvetrain_bom_and_virtual_print_are_explicit (test_917_scan_conforming_4v_f36.ScanConformingFourValveF36Tests) ... ok
test_exact_scan_is_fail_closed_and_not_published (test_917_scan_conforming_4v_f36.ScanConformingFourValveF36Tests) ... ok
test_f34_cfd_is_not_reused_and_all_release_gates_are_closed (test_917_scan_conforming_4v_f36.ScanConformingFourValveF36Tests) ... ok
test_f34_product_geometry_is_superseded (test_917_scan_conforming_4v_f36.ScanConformingFourValveF36Tests) ... ok
test_f36_numerical_boundaries_fail_closed (test_917_scan_conforming_4v_f36.ScanConformingFourValveF36Tests) ... ok
test_four_valve_twin_ignition_architecture_is_explicit (test_917_scan_conforming_4v_f36.ScanConformingFourValveF36Tests) ... ok
test_improvement_doe_and_locked_plate_print_screen_are_fail_closed (test_917_scan_conforming_4v_f36.ScanConformingFourValveF36Tests) ... ok
test_new_geometry_builder_verifies_source_and_keeps_scale_qualified (test_917_scan_conforming_4v_f36.ScanConformingFourValveF36Tests) ... ok
test_scan_conformance_and_wall_screen_are_quantified (test_917_scan_conforming_4v_f36.ScanConformingFourValveF36Tests) ... ok
test_execution_uses_exact_locked_image_and_canonical_binary (test_917_scan_execution_evidence_f15.ScanExecutionEvidenceF15Tests) ... ok
test_inventory_reconciles_exactly_with_contract (test_917_scan_execution_evidence_f15.ScanExecutionEvidenceF15Tests) ... ok
test_local_outputs_match_the_tracked_digests_when_available (test_917_scan_execution_evidence_f15.ScanExecutionEvidenceF15Tests) ... skipped 'sorties locales F15 absentes de cet environnement'
test_obj_has_no_usable_semantic_declarations (test_917_scan_execution_evidence_f15.ScanExecutionEvidenceF15Tests) ... ok
test_only_execution_gate_is_true (test_917_scan_execution_evidence_f15.ScanExecutionEvidenceF15Tests) ... ok
test_output_manifest_contains_only_lightweight_digests (test_917_scan_execution_evidence_f15.ScanExecutionEvidenceF15Tests) ... ok
test_runtime_was_hardened_and_scope_is_local_only (test_917_scan_execution_evidence_f15.ScanExecutionEvidenceF15Tests) ... ok
test_counts_match_f15_but_filter_has_no_semantic_authority (test_917_scan_mesh_execution_f17.ScanMeshExecutionEvidenceF17Tests) ... ok
test_exact_locked_image_and_scan_binary_are_linked (test_917_scan_mesh_execution_f17.ScanMeshExecutionEvidenceF17Tests) ... ok
test_local_report_matches_digest_when_available (test_917_scan_mesh_execution_f17.ScanMeshExecutionEvidenceF17Tests) ... skipped 'rapport local F17 absent de cet environnement'
test_only_local_execution_observation_is_true (test_917_scan_mesh_execution_f17.ScanMeshExecutionEvidenceF17Tests) ... ok
test_runtime_is_hardened_and_manifest_is_sanitized (test_917_scan_mesh_execution_f17.ScanMeshExecutionEvidenceF17Tests) ... ok
test_tracked_evidence_omits_candidate_coordinates_and_geometry (test_917_scan_mesh_execution_f17.ScanMeshExecutionEvidenceF17Tests) ... ok
test_current_local_report_keeps_all_release_gates_closed (test_917_scan_metrology_f13.ScanMetrology917F13Tests) ... skipped 'local scan report is intentionally outside Git'
test_declared_physical_controls_cannot_self_validate (test_917_scan_metrology_f13.ScanMetrology917F13Tests) ... ok
test_forged_release_authority_cannot_promote_scan (test_917_scan_metrology_f13.ScanMetrology917F13Tests) ... ok
test_input_hash_is_recomputed_from_temporary_copy (test_917_scan_metrology_f13.ScanMetrology917F13Tests) ... ok
test_missing_opening_or_non_unit_axis_fails_closed (test_917_scan_metrology_f13.ScanMetrology917F13Tests) ... ok
test_public_fact_grade_or_source_cannot_be_silently_upgraded (test_917_scan_metrology_f13.ScanMetrology917F13Tests) ... ok
test_register_has_pitch_diameter_residuals_and_non_traceable_envelope (test_917_scan_metrology_f13.ScanMetrology917F13Tests) ... ok
test_synthetic_two_by_six_register_is_hypothesis_only (test_917_scan_metrology_f13.ScanMetrology917F13Tests) ... ok
test_three_physical_controls_are_explicitly_missing (test_917_scan_metrology_f13.ScanMetrology917F13Tests) ... ok
test_contract_is_deterministic_and_passes_only_fail_closed (test_917_scan_scale_orientation_f21.ScanScaleOrientation917F21Tests) ... ok
test_current_f18_state_has_no_scale_units_axis_or_interface_authority (test_917_scan_scale_orientation_f21.ScanScaleOrientation917F21Tests) ... ok
test_each_scale_slot_requires_same_observable_feature_provenance_and_uncertainty (test_917_scan_scale_orientation_f21.ScanScaleOrientation917F21Tests) ... ok
test_f11_adapter_reuses_exactly_three_generic_control_slots (test_917_scan_scale_orientation_f21.ScanScaleOrientation917F21Tests) ... ok
test_fia_authority_or_empty_sheet_readiness_injection_fails_closed (test_917_scan_scale_orientation_f21.ScanScaleOrientation917F21Tests) ... ok
test_fia_facts_are_documentary_and_cannot_calibrate_scan (test_917_scan_scale_orientation_f21.ScanScaleOrientation917F21Tests) ... ok
test_injected_measurement_duplicate_control_or_release_fails_closed (test_917_scan_scale_orientation_f21.ScanScaleOrientation917F21Tests) ... ok
test_orientation_coordinate_or_unreviewed_datum_injection_fails_closed (test_917_scan_scale_orientation_f21.ScanScaleOrientation917F21Tests) ... ok
test_orientation_uses_f16_named_datums_without_coordinates (test_917_scan_scale_orientation_f21.ScanScaleOrientation917F21Tests) ... ok
test_unknown_root_or_nested_field_is_rejected_by_canonical_comparison (test_917_scan_scale_orientation_f21.ScanScaleOrientation917F21Tests) ... ok
test_upstream_digest_tampering_and_cli_check_are_rejected_or_passed (test_917_scan_scale_orientation_f21.ScanScaleOrientation917F21Tests) ... ok
test_cli_exit_codes_are_zero_for_fixture_and_one_for_hash_mismatch (test_917_scan_segmentation_f15.ScanSegmentation917F15Tests) ... ok
test_closed_tetrahedron_is_watertight (test_917_scan_segmentation_f15.ScanSegmentation917F15Tests) ... ok
test_collinear_face_is_counted_as_zero_area_without_metric_claim (test_917_scan_segmentation_f15.ScanSegmentation917F15Tests) ... ok
test_contract_cannot_enable_metric_conversion_or_release (test_917_scan_segmentation_f15.ScanSegmentation917F15Tests) ... ok
test_invalid_vertex_reference_fails_closed (test_917_scan_segmentation_f15.ScanSegmentation917F15Tests) ... ok
test_negative_indices_and_polygon_face_are_supported (test_917_scan_segmentation_f15.ScanSegmentation917F15Tests) ... ok
test_non_manifold_edge_incidence_is_detected (test_917_scan_segmentation_f15.ScanSegmentation917F15Tests) ... ok
test_noncanonical_hash_requires_explicit_fixture_mode (test_917_scan_segmentation_f15.ScanSegmentation917F15Tests) ... ok
test_outputs_are_lightweight_inventories_and_temporary_runs_are_removed (test_917_scan_segmentation_f15.ScanSegmentation917F15Tests) ... ok
test_report_is_deterministic_for_the_same_bytes (test_917_scan_segmentation_f15.ScanSegmentation917F15Tests) ... ok
test_two_components_declarations_bbox_and_boundaries (test_917_scan_segmentation_f15.ScanSegmentation917F15Tests) ... ok
test_declared_support_count_matches (test_917_start_support_f5.Engine917StartSupportF5Test) ... ok
test_topology_does_not_claim_solver_readiness (test_917_start_support_f5.Engine917StartSupportF5Test) ... ok
test_virtual_run_reports_f5_topology_without_firing (test_917_start_support_f5.Engine917StartSupportF5Test) ... ok
test_counts_are_derived_from_declared_topology (test_917_systems_f4.Engine917SystemsF4Test) ... ok
test_missing_inputs_block_simulation_readiness (test_917_systems_f4.Engine917SystemsF4Test) ... ok
test_physicsnemo_is_not_the_reference_solver (test_917_systems_f4.Engine917SystemsF4Test) ... ok
test_turbo_routes_are_variant_scoped (test_917_systems_f4.Engine917SystemsF4Test) ... ok
test_aggregate_counts_hashes_and_determinism_are_exact (test_917_topology_context_execution_f26.TopologyContextExecutionF26Tests) ... ok
test_documentation_records_safe_runbook_and_scope (test_917_topology_context_execution_f26.TopologyContextExecutionF26Tests) ... ok
test_exact_locked_image_and_exact_inputs_are_bound (test_917_topology_context_execution_f26.TopologyContextExecutionF26Tests) ... ok
test_only_canonical_software_execution_gates_open (test_917_topology_context_execution_f26.TopologyContextExecutionF26Tests) ... ok
test_runtime_is_hardened_and_sanitized (test_917_topology_context_execution_f26.TopologyContextExecutionF26Tests) ... ok
test_tracked_evidence_contains_no_geometry_or_local_artifact (test_917_topology_context_execution_f26.TopologyContextExecutionF26Tests) ... ok
test_two_failed_mount_paths_remain_rejected_before_safe_nocopy_path (test_917_topology_context_execution_f26.TopologyContextExecutionF26Tests) ... ok
test_contract_is_fail_closed_and_has_exact_views_and_two_rings (test_917_topology_context_f26.TopologyContextF26Tests) ... ok
test_documentation_keeps_image_and_physical_authority_separate (test_917_topology_context_f26.TopologyContextF26Tests) ... ok
test_duplicate_json_and_resource_bounds_fail_closed_without_numpy (test_917_topology_context_f26.TopologyContextF26Tests) ... ok
test_each_svg_has_four_canonical_orthographic_views_and_global_locators (test_917_topology_context_f26.TopologyContextF26Tests) ... ok
test_exclusive_publication_never_replaces_a_racing_destination (test_917_topology_context_f26.TopologyContextF26Tests) ... ok
test_f18_source_binding_requires_both_hashes_and_explicit_custody_flags (test_917_topology_context_f26.TopologyContextF26Tests) ... ok
test_obj_line_and_svg_estimate_are_bounded_before_construction (test_917_topology_context_f26.TopologyContextF26Tests) ... ok
test_private_parent_and_guarded_cleanup_reject_replacement (test_917_topology_context_f26.TopologyContextF26Tests) ... ok
test_synthetic_face_layer_ids_and_non_manifold_rejection (test_917_topology_context_f26.TopologyContextF26Tests) ... ok
test_synthetic_pipeline_outputs_hashed_deterministic_bounded_workpacks (test_917_topology_context_f26.TopologyContextF26Tests) ... ok
test_wrong_hash_and_existing_output_fail_closed (test_917_topology_context_f26.TopologyContextF26Tests) ... ok
test_contract_gates_cannot_predeclare_results (test_917_unsteady_convergence_f40.UnsteadyConvergenceF40Tests) ... ok
test_contract_hash_binds_exact_f39_and_immutable_image (test_917_unsteady_convergence_f40.UnsteadyConvergenceF40Tests) ... ok
test_cycle_convergence_requires_exactly_three_deltas (test_917_unsteady_convergence_f40.UnsteadyConvergenceF40Tests) ... ok
test_duplicate_case_report_cannot_satisfy_execution_gate (test_917_unsteady_convergence_f40.UnsteadyConvergenceF40Tests) ... ok
test_duplicate_case_signature_is_rejected (test_917_unsteady_convergence_f40.UnsteadyConvergenceF40Tests) ... ok
test_execute_requires_explicit_workers_before_dispatch (test_917_unsteady_convergence_f40.UnsteadyConvergenceF40Tests) ... ok
test_f40_v1_tolerances_are_immutable (test_917_unsteady_convergence_f40.UnsteadyConvergenceF40Tests) ... ok
test_four_cycles_reuse_one_network_and_cumulative_t_start (test_917_unsteady_convergence_f40.UnsteadyConvergenceF40Tests) ... ok
test_hash_binding_tamper_is_rejected (test_917_unsteady_convergence_f40.UnsteadyConvergenceF40Tests) ... ok
test_image_builds_each_case_with_expected_runtime_topology (test_917_unsteady_convergence_f40.UnsteadyConvergenceF40Tests) ... skipped 'Aeolus1D 0.3.3 not installed in this interpreter'
test_initial_factor_scales_internal_specs_but_not_boundaries (test_917_unsteady_convergence_f40.UnsteadyConvergenceF40Tests) ... ok
test_make_target_accepts_absolute_output_directory (test_917_unsteady_convergence_f40.UnsteadyConvergenceF40Tests) ... ok
test_manifest_executes_nothing_and_only_promotes_documentary_gates (test_917_unsteady_convergence_f40.UnsteadyConvergenceF40Tests) ... ok
test_manifest_rejects_workers (test_917_unsteady_convergence_f40.UnsteadyConvergenceF40Tests) ... ok
test_mesh_rounding_is_deterministic_half_up (test_917_unsteady_convergence_f40.UnsteadyConvergenceF40Tests) ... ok
test_missing_case_falsifies_sensitivity_and_campaign_gates (test_917_unsteady_convergence_f40.UnsteadyConvergenceF40Tests) ... ok
test_physical_gates_and_prohibited_claims_are_exact (test_917_unsteady_convergence_f40.UnsteadyConvergenceF40Tests) ... ok
test_positive_fake_campaign_can_promote_only_numerical_gates (test_917_unsteady_convergence_f40.UnsteadyConvergenceF40Tests) ... ok
test_sensitivity_requires_cyclic_convergence (test_917_unsteady_convergence_f40.UnsteadyConvergenceF40Tests) ... ok
test_sensitivity_uses_cycle_four_and_typed_tolerances (test_917_unsteady_convergence_f40.UnsteadyConvergenceF40Tests) ... ok
test_six_case_matrix_is_exact_and_deduplicated (test_917_unsteady_convergence_f40.UnsteadyConvergenceF40Tests) ... ok
test_unstable_cycles_are_reported_but_do_not_pass (test_917_unsteady_convergence_f40.UnsteadyConvergenceF40Tests) ... ok
test_hashes_bind_the_exact_contract_runner_and_report (test_917_unsteady_convergence_f40_evidence.UnsteadyConvergenceF40EvidenceTests) ... ok
test_last_aggregate_deltas_exceed_the_locked_threshold (test_917_unsteady_convergence_f40_evidence.UnsteadyConvergenceF40EvidenceTests) ... ok
test_nonconvergence_blocks_sensitivity_and_all_physical_claims (test_917_unsteady_convergence_f40_evidence.UnsteadyConvergenceF40EvidenceTests) ... ok
test_report_is_a_twelve_cylinder_six_case_campaign (test_917_unsteady_convergence_f40_evidence.UnsteadyConvergenceF40EvidenceTests) ... ok
test_aeolus_global_crank_inheritance_is_effectively_nonzero (test_917_unsteady_network_f39.UnsteadyNetworkF39Tests) ... skipped 'Aeolus1D 0.3.3 not installed in this interpreter'
test_all_27_pipes_and_15_components_have_positive_finite_diagnostics (test_917_unsteady_network_f39.UnsteadyNetworkF39Tests) ... ok
test_candidate_phases_cover_720_without_claiming_absolute_zero (test_917_unsteady_network_f39.UnsteadyNetworkF39Tests) ... ok
test_contract_cannot_predeclare_a_numerical_result (test_917_unsteady_network_f39.UnsteadyNetworkF39Tests) ... ok
test_contract_schema_and_hash_bound_sources (test_917_unsteady_network_f39.UnsteadyNetworkF39Tests) ... ok
test_duplicate_pipe_and_duplicate_phase_are_rejected (test_917_unsteady_network_f39.UnsteadyNetworkF39Tests) ... ok
test_event_phase_is_converted_to_negative_aeolus_offset (test_917_unsteady_network_f39.UnsteadyNetworkF39Tests) ... ok
test_f29_four_valve_head_and_equivalent_ports_are_explicit (test_917_unsteady_network_f39.UnsteadyNetworkF39Tests) ... ok
test_motored_and_physical_release_gates_fail_closed (test_917_unsteady_network_f39.UnsteadyNetworkF39Tests) ... ok
test_negative_pipe_pressure_falsifies_positive_state (test_917_unsteady_network_f39.UnsteadyNetworkF39Tests) ... ok
test_negative_plenum_mass_falsifies_positive_state (test_917_unsteady_network_f39.UnsteadyNetworkF39Tests) ... ok
test_nonfinite_pipe_and_missing_component_fail_closed (test_917_unsteady_network_f39.UnsteadyNetworkF39Tests) ... ok
test_numerical_gates_reflect_completed_finite_positive_execution_only (test_917_unsteady_network_f39.UnsteadyNetworkF39Tests) ... ok
test_physical_power_or_manufacturing_gate_cannot_be_promoted (test_917_unsteady_network_f39.UnsteadyNetworkF39Tests) ... ok
test_structured_manifest_does_not_promote_execution (test_917_unsteady_network_f39.UnsteadyNetworkF39Tests) ... ok
test_topology_is_exact_connected_flat12 (test_917_unsteady_network_f39.UnsteadyNetworkF39Tests) ... ok
test_topology_rejects_positive_event_phase_used_as_theta_offset (test_917_unsteady_network_f39.UnsteadyNetworkF39Tests) ... ok
test_4494_is_direct_and_4907_is_only_inherited_candidate (test_917_valvetrain_flow_inputs_f20.ValvetrainFlowInputs917F20Tests) ... ok
test_cli_generation_requires_the_external_official_pdf (test_917_valvetrain_flow_inputs_f20.ValvetrainFlowInputs917F20Tests) ... ok
test_committed_document_matches_canonical_generation (test_917_valvetrain_flow_inputs_f20.ValvetrainFlowInputs917F20Tests) ... ok
test_declared_tolerance_is_separate_and_not_manufacturing_authority (test_917_valvetrain_flow_inputs_f20.ValvetrainFlowInputs917F20Tests) ... ok
test_every_authority_and_release_gate_remains_closed (test_917_valvetrain_flow_inputs_f20.ValvetrainFlowInputs917F20Tests) ... ok
test_external_pdf_verifier_fails_closed_on_wrong_file (test_917_valvetrain_flow_inputs_f20.ValvetrainFlowInputs917F20Tests) ... ok
test_mutated_value_page_branch_pressure_or_gate_is_rejected (test_917_valvetrain_flow_inputs_f20.ValvetrainFlowInputs917F20Tests) ... ok
test_pdf_and_upstream_records_are_digest_bound_without_redistribution (test_917_valvetrain_flow_inputs_f20.ValvetrainFlowInputs917F20Tests) ... ok
test_unknown_pressures_and_missing_profiles_remain_null_and_blocking (test_917_valvetrain_flow_inputs_f20.ValvetrainFlowInputs917F20Tests) ... ok
test_valve_cam_port_and_timing_values_keep_exact_pages (test_917_valvetrain_flow_inputs_f20.ValvetrainFlowInputs917F20Tests) ... ok
test_checked_image_is_full_hd_plan_view (test_917_valvetrain_material_screen_f45.ValvetrainMaterialScreenF45Tests) ... ok
test_circular_bore_packing_has_positive_gaps (test_917_valvetrain_material_screen_f45.ValvetrainMaterialScreenF45Tests) ... ok
test_curtain_throat_kinematics_and_frequency_are_explicit (test_917_valvetrain_material_screen_f45.ValvetrainMaterialScreenF45Tests) ... ok
test_no_global_ovalization_or_synthetic_head_body (test_917_valvetrain_material_screen_f45.ValvetrainMaterialScreenF45Tests) ... ok
test_no_head_material_has_a_complete_hot_card (test_917_valvetrain_material_screen_f45.ValvetrainMaterialScreenF45Tests) ... ok
test_report_is_reproducible_and_fail_closed (test_917_valvetrain_material_screen_f45.ValvetrainMaterialScreenF45Tests) ... ok
test_routes_are_purchased_for_valves_springs_seats_and_guides (test_917_valvetrain_material_screen_f45.ValvetrainMaterialScreenF45Tests) ... ok
test_spring_math_has_wahl_bind_load_and_margin (test_917_valvetrain_material_screen_f45.ValvetrainMaterialScreenF45Tests) ... ok
test_type_912_values_are_never_relabelled_as_917_30 (test_917_valvetrain_material_screen_f45.ValvetrainMaterialScreenF45Tests) ... ok
test_all_geometry_solver_performance_and_release_gates_remain_closed (test_917_variant_authority_f43.VariantAuthorityF43Tests) ... ok
test_cli_validation_passes (test_917_variant_authority_f43.VariantAuthorityF43Tests) ... ok
test_f10_4_5_l_branch_is_explicitly_excluded (test_917_variant_authority_f43.VariantAuthorityF43Tests) ... ok
test_source_and_conflict_snapshots_are_path_and_digest_bound (test_917_variant_authority_f43.VariantAuthorityF43Tests) ... ok
test_tracked_contract_passes_and_is_digest_locked (test_917_variant_authority_f43.VariantAuthorityF43Tests) ... ok
test_two_2026_products_have_distinct_source_bound_displacements (test_917_variant_authority_f43.VariantAuthorityF43Tests) ... ok
test_validator_rejects_forged_source_hash_and_open_release_gate (test_917_variant_authority_f43.VariantAuthorityF43Tests) ... ok
test_validator_rejects_na_turbo_bore_and_invented_na_power (test_917_variant_authority_f43.VariantAuthorityF43Tests) ... ok
test_cli_check_remains_read_only_even_if_output_is_supplied (test_917_variant_geometry_f10.Engine917VariantGeometryF10Test) ... ok
test_cli_materializes_two_config_trees_under_work_contract (test_917_variant_geometry_f10.Engine917VariantGeometryF10Test) ... ok
test_contract_is_fail_closed_and_valid (test_917_variant_geometry_f10.Engine917VariantGeometryF10Test) ... ok
test_contract_rejects_a_source_that_does_not_support_the_field (test_917_variant_geometry_f10.Engine917VariantGeometryF10Test) ... ok
test_contract_rejects_cross_variant_or_wrong_definition_evidence (test_917_variant_geometry_f10.Engine917VariantGeometryF10Test) ... ok
test_contract_rejects_duplicate_or_escaping_slugs (test_917_variant_geometry_f10.Engine917VariantGeometryF10Test) ... ok
test_contract_rejects_nearby_but_not_documented_displacements (test_917_variant_geometry_f10.Engine917VariantGeometryF10Test) ... ok
test_contract_rejects_non_twelve_cylinder_geometry (test_917_variant_geometry_f10.Engine917VariantGeometryF10Test) ... ok
test_contract_rejects_physical_status_unknown_gates_and_removed_power_limits (test_917_variant_geometry_f10.Engine917VariantGeometryF10Test) ... ok
test_contract_rejects_shared_stage_or_physical_release (test_917_variant_geometry_f10.Engine917VariantGeometryF10Test) ... ok
test_contract_rejects_unsourced_turbo_geometry (test_917_variant_geometry_f10.Engine917VariantGeometryF10Test) ... ok
test_crankshaft_and_rod_geometry_remain_explicit_visual_hypotheses (test_917_variant_geometry_f10.Engine917VariantGeometryF10Test) ... ok
test_detail_generator_respects_each_variant_family_filter (test_917_variant_geometry_f10.Engine917VariantGeometryF10Test) ... ok
test_f1_and_f9_are_the_geometry_cross_checks (test_917_variant_geometry_f10.Engine917VariantGeometryF10Test) ... ok
test_four_stroke_valve_cycle_keeps_twelve_unique_firing_phases (test_917_variant_geometry_f10.Engine917VariantGeometryF10Test) ... ok
test_generated_configs_preserve_provenance_and_filter_families (test_917_variant_geometry_f10.Engine917VariantGeometryF10Test) ... ok
test_runner_creates_work_parent_before_acquiring_lock (test_917_variant_geometry_f10.Engine917VariantGeometryF10Test) ... ok
test_runner_refuses_an_existing_output_before_starting_docker (test_917_variant_geometry_f10.Engine917VariantGeometryF10Test) ... ok
test_runner_rejects_output_override_that_escapes_work (test_917_variant_geometry_f10.Engine917VariantGeometryF10Test) ... ok
test_stage_provenance_evaluation_rejects_metadata_mutations (test_917_variant_geometry_f10.Engine917VariantGeometryF10Test) ... ok
test_stage_provenance_payload_preserves_documented_value_and_exact_field_map (test_917_variant_geometry_f10.Engine917VariantGeometryF10Test) ... ok
test_stages_are_separate_instead_of_a_visibility_variant (test_917_variant_geometry_f10.Engine917VariantGeometryF10Test) ... ok
test_turbo_families_are_filtered_out_of_the_na_branch (test_917_variant_geometry_f10.Engine917VariantGeometryF10Test) ... ok
test_two_variants_have_distinct_sourced_geometry (test_917_variant_geometry_f10.Engine917VariantGeometryF10Test) ... ok
test_declared_counts_match (test_917_virtual_test_bench.Engine917VirtualTestBenchTest) ... ok
test_fired_run_is_fail_closed (test_917_virtual_test_bench.Engine917VirtualTestBenchTest) ... ok
test_runner_stops_after_visual_dry_crank (test_917_virtual_test_bench.Engine917VirtualTestBenchTest) ... ok
test_current_product_gallery_is_hash_locked_and_excludes_old_lineages (test_917_visible_product_policy_f49.VisibleProductPolicyF49Tests) ... ok
test_policy_never_implies_release (test_917_visible_product_policy_f49.VisibleProductPolicyF49Tests) ... ok
test_round_geometry_cannot_define_the_external_skin (test_917_visible_product_policy_f49.VisibleProductPolicyF49Tests) ... ok
test_scan_skin_is_the_only_external_authority (test_917_visible_product_policy_f49.VisibleProductPolicyF49Tests) ... ok
test_all_release_gates_remain_closed (test_917_visual_reference_registry_f30.VisualReferenceRegistryF30Tests) ... ok
test_french_documentation_exists_without_embedded_media (test_917_visual_reference_registry_f30.VisualReferenceRegistryF30Tests) ... ok
test_metrology_is_empty_for_every_record (test_917_visual_reference_registry_f30.VisualReferenceRegistryF30Tests) ... ok
test_observations_keep_topology_separate_from_metrology (test_917_visual_reference_registry_f30.VisualReferenceRegistryF30Tests) ... ok
test_registry_covers_exactly_ten_captures (test_917_visual_reference_registry_f30.VisualReferenceRegistryF30Tests) ... ok
test_registry_remains_link_only (test_917_visual_reference_registry_f30.VisualReferenceRegistryF30Tests) ... ok
test_sources_rights_and_limitations_are_resolvable (test_917_visual_reference_registry_f30.VisualReferenceRegistryF30Tests) ... ok
test_supplemental_media_are_exact_and_canepa_only (test_917_visual_reference_registry_f30.VisualReferenceRegistryF30Tests) ... ok
test_variants_are_strictly_partitioned (test_917_visual_reference_registry_f30.VisualReferenceRegistryF30Tests) ... ok
test_all_typed_packages_and_true_flags_still_cannot_self_release (test_917_whole_engine_f12.WholeEngine917F12Tests) ... ok
test_arbitrary_hashed_file_cannot_satisfy_typed_evidence (test_917_whole_engine_f12.WholeEngine917F12Tests) ... ok
test_backlog_has_no_invented_quantities_or_dimensions (test_917_whole_engine_f12.WholeEngine917F12Tests) ... ok
test_declared_release_flags_cannot_promote_proxy_or_scan (test_917_whole_engine_f12.WholeEngine917F12Tests) ... ok
test_every_visual_family_remains_blocked_for_function_and_print (test_917_whole_engine_f12.WholeEngine917F12Tests) ... ok
test_incompatible_evidence_id_and_artifact_reuse_are_rejected (test_917_whole_engine_f12.WholeEngine917F12Tests) ... ok
test_inventing_a_backlog_quantity_fails_contract_integrity (test_917_whole_engine_f12.WholeEngine917F12Tests) ... ok
test_missing_visual_family_fails_contract_integrity (test_917_whole_engine_f12.WholeEngine917F12Tests) ... ok
test_one_manifest_cannot_satisfy_an_incompatible_claim (test_917_whole_engine_f12.WholeEngine917F12Tests) ... ok
test_physicsnemo_is_not_authorized_from_visual_geometry (test_917_whole_engine_f12.WholeEngine917F12Tests) ... ok
test_routes_do_not_invent_forgings_or_additive_conversion (test_917_whole_engine_f12.WholeEngine917F12Tests) ... ok
test_runtime_verifier_configuration_cannot_self_enable (test_917_whole_engine_f12.WholeEngine917F12Tests) ... ok
test_visual_snapshot_is_exact_but_not_a_real_bom (test_917_whole_engine_f12.WholeEngine917F12Tests) ... ok
test_a_condition_without_a_declared_mitigation_blocks (test_993_chain_case_103_05.ChainCaseTests) ... ok
test_a_declared_mitigation_becomes_a_carried_requirement (test_993_chain_case_103_05.ChainCaseTests) ... ok
test_the_additive_case_is_recognised (test_993_chain_case_103_05.ChainCaseTests) ... ok
test_the_aluminium_answer_is_recorded_not_lost (test_993_chain_case_103_05.ChainCaseTests) ... ok
test_the_identity_comes_from_the_factory_plate (test_993_chain_case_103_05.ChainCaseTests) ... ok
test_the_part_stays_prohibited (test_993_chain_case_103_05.ChainCaseTests) ... ok
test_the_screen_states_that_it_does_not_cover_the_car (test_993_chain_case_103_05.ChainCaseTests) ... ok
test_titanium_is_refused_on_the_two_reasons_that_survive (test_993_chain_case_103_05.ChainCaseTests)
Le grippage et le couple galvanique ont des parades declarees, donc ... ok
test_a_dowel_datum_doubles_the_shift (test_993_chain_case_lid_ti_f0.ChainCaseLidTitaniumTests)
La planche 103-05 porte une douille de centrage. Si elle tient le ... ok
test_a_wide_enough_span_breaks_the_margin (test_993_chain_case_lid_ti_f0.ChainCaseLidTitaniumTests)
La marge n'est pas une propriete de la piece, c'est un resultat. Sur ... ok
test_the_assembly_assumption_is_declared (test_993_chain_case_lid_ti_f0.ChainCaseLidTitaniumTests)
Une vis deja en appui du mauvais cote au montage n'a aucun jeu. Le ... ok
test_the_equal_geometry_penalty_is_stated_as_a_starting_point (test_993_chain_case_lid_ti_f0.ChainCaseLidTitaniumTests) ... ok
test_the_expansion_margin_holds_with_room_to_spare (test_993_chain_case_lid_ti_f0.ChainCaseLidTitaniumTests) ... ok
test_the_foundry_thickness_hypothesis_is_recorded (test_993_chain_case_lid_ti_f0.ChainCaseLidTitaniumTests)
Le cas le plus probable n'est ni la raideur ni la resistance : une ... ok
test_the_gasket_is_recognised_as_the_existing_isolation (test_993_chain_case_lid_ti_f0.ChainCaseLidTitaniumTests) ... ok
test_the_identity_names_the_lid_and_its_gasket (test_993_chain_case_lid_ti_f0.ChainCaseLidTitaniumTests) ... ok
test_the_measurement_plan_names_the_two_deciding_dimensions (test_993_chain_case_lid_ti_f0.ChainCaseLidTitaniumTests) ... ok
test_the_part_is_functional_because_it_holds_oil (test_993_chain_case_lid_ti_f0.ChainCaseLidTitaniumTests) ... ok
test_the_route_is_milling_not_printing (test_993_chain_case_lid_ti_f0.ChainCaseLidTitaniumTests) ... ok
test_the_shift_is_taken_at_a_radius_not_over_the_whole_span (test_993_chain_case_lid_ti_f0.ChainCaseLidTitaniumTests)
La premiere version comparait la dilatation d'une portee entiere a un ... ok
test_the_three_thickness_criteria_disagree_and_all_three_are_published (test_993_chain_case_lid_ti_f0.ChainCaseLidTitaniumTests)
Le couvercle peut etre plus mince. De combien depend du critere, et ... ok
test_catalogue_records_reference_the_concept_without_accuracy (test_993_concept_f0.ConceptF0Tests) ... ok
test_each_concept_is_hash_linked_and_never_released (test_993_concept_f0.ConceptF0Tests) ... ok
test_every_dimension_declares_its_authority (test_993_concept_f0.ConceptF0Tests) ... ok
test_committed_step_sources_and_catalogue_stay_fail_closed (test_993_connecting_rod_ti64_f0.ConnectingRodTi64F0Tests) ... ok
test_mass_gas_and_inertia_equations_are_recomputed (test_993_connecting_rod_ti64_f0.ConnectingRodTi64F0Tests) ... ok
test_published_facts_and_hypotheses_are_separate (test_993_connecting_rod_ti64_f0.ConnectingRodTi64F0Tests) ... ok
test_stress_buckling_cycles_and_thermal_equations_are_recomputed (test_993_connecting_rod_ti64_f0.ConnectingRodTi64F0Tests) ... ok
test_flow_target_and_thermal_failure_are_explicit (test_993_cooling_impeller_alsi10mg_f0.CoolingImpellerAlSi10MgF0Tests) ... ok
test_overspeed_blade_and_modal_algebra_are_recomputed (test_993_cooling_impeller_alsi10mg_f0.CoolingImpellerAlSi10MgF0Tests) ... ok
test_previous_housing_f0_integration_fails_without_silent_adjustment (test_993_cooling_impeller_alsi10mg_f0.CoolingImpellerAlSi10MgF0Tests) ... ok
test_published_product_data_are_not_promoted_to_geometry (test_993_cooling_impeller_alsi10mg_f0.CoolingImpellerAlSi10MgF0Tests) ... ok
test_step_catalogue_sources_and_release_gates_are_consistent (test_993_cooling_impeller_alsi10mg_f0.CoolingImpellerAlSi10MgF0Tests) ... ok
test_equation_helpers_are_deterministic (test_993_door_opener_am_f0.DoorOpenerAmF0Tests) ... ok
test_exact_eos_route_remains_coupon_screening (test_993_door_opener_am_f0.DoorOpenerAmF0Tests) ... ok
test_master_is_normalized_and_lpbf_screen_is_hash_linked (test_993_door_opener_am_f0.DoorOpenerAmF0Tests) ... ok
test_minimum_usd_and_current_ov_libraries_pass_without_simready_promotion (test_993_door_opener_am_f0.DoorOpenerAmF0Tests) ... ok
test_six_calculix_runs_are_numerically_stable_but_not_release (test_993_door_opener_am_f0.DoorOpenerAmF0Tests) ... ok
test_summary_is_reproducible_and_documents_the_executed_stack (test_993_door_opener_am_f0.DoorOpenerAmF0Tests) ... ok
test_twin_and_policy_keep_all_interfaces_and_release_blocked (test_993_door_opener_am_f0.DoorOpenerAmF0Tests) ... ok
test_beam_pivot_and_mass_equations_are_recomputed (test_993_door_opener_lever_f0.DoorOpenerLeverF0Tests) ... ok
test_committed_report_and_catalogue_keep_release_blocked (test_993_door_opener_lever_f0.DoorOpenerLeverF0Tests) ... ok
test_elastic_results_scale_linearly_with_force (test_993_door_opener_lever_f0.DoorOpenerLeverF0Tests) ... ok
test_published_values_are_separated_from_hypotheses (test_993_door_opener_lever_f0.DoorOpenerLeverF0Tests) ... ok
test_card_names_part_and_stage_without_authorizing_print (test_993_door_opener_lever_route_f0.DoorOpenerLeverRouteF0Tests) ... ok
test_consistency_gates_pass_and_supplier_gates_stay_closed (test_993_door_opener_lever_route_f0.DoorOpenerLeverRouteF0Tests) ... ok
test_policy_records_stage_as_blocked_with_card (test_993_door_opener_lever_route_f0.DoorOpenerLeverRouteF0Tests) ... ok
test_quote_request_carries_master_fingerprint (test_993_door_opener_lever_route_f0.DoorOpenerLeverRouteF0Tests) ... ok
test_analytic_clearance_is_recomputed_from_upstream_reports (test_993_engine_cooling_fan_system_f0.EngineCoolingFanSystemF0Tests) ... ok
test_flow_and_excitation_contracts_reject_inconsistent_inputs (test_993_engine_cooling_fan_system_f0.EngineCoolingFanSystemF0Tests) ... ok
test_input_hashes_bind_the_exact_upstream_evidence_and_step (test_993_engine_cooling_fan_system_f0.EngineCoolingFanSystemF0Tests) ... ok
test_published_brep_clash_is_fail_closed (test_993_engine_cooling_fan_system_f0.EngineCoolingFanSystemF0Tests) ... ok
test_simready_summary_is_sanitized_and_binds_source_steps (test_993_engine_cooling_fan_system_f0.EngineCoolingFanSystemF0Tests) ... ok
test_simready_summary_proves_conversion_only_without_physics_claim (test_993_engine_cooling_fan_system_f0.EngineCoolingFanSystemF0Tests) ... ok
test_twin_is_registered_without_release_claims (test_993_engine_cooling_fan_system_f0.EngineCoolingFanSystemF0Tests) ... ok
test_usd_asset_paths_are_relative_and_the_source_authors_no_physics (test_993_engine_cooling_fan_system_f0.EngineCoolingFanSystemF0Tests) ... ok
test_committed_step_sources_and_catalogue_stay_fail_closed (test_993_exhaust_manifold_in625_f0.ExhaustManifoldIn625F0Tests) ... ok
test_flow_equations_are_recomputed (test_993_exhaust_manifold_in625_f0.ExhaustManifoldIn625F0Tests) ... ok
test_pressure_thermal_radiation_and_acoustic_equations_are_recomputed (test_993_exhaust_manifold_in625_f0.ExhaustManifoldIn625F0Tests) ... ok
test_published_facts_and_hypotheses_are_separate (test_993_exhaust_manifold_in625_f0.ExhaustManifoldIn625F0Tests) ... ok
test_no_manufacturing_gate_is_opened_on_either_route (test_993_exhaust_tip_titanium_f1.ExhaustTipTitaniumF1Tests) ... ok
test_the_catalogue_and_the_pipeline_agree (test_993_exhaust_tip_titanium_f1.ExhaustTipTitaniumF1Tests) ... ok
test_the_deciding_temperature_is_declared_as_never_measured (test_993_exhaust_tip_titanium_f1.ExhaustTipTitaniumF1Tests) ... ok
test_the_hot_candidates_are_disqualified_by_temperature_not_by_taste (test_993_exhaust_tip_titanium_f1.ExhaustTipTitaniumF1Tests) ... ok
test_the_mesh_is_a_single_watertight_body_bound_to_the_master (test_993_exhaust_tip_titanium_f1.ExhaustTipTitaniumF1Tests) ... ok
test_the_screen_refuses_to_run_on_an_unjudged_part (test_993_exhaust_tip_titanium_f1.ExhaustTipTitaniumF1Tests) ... ok
test_the_selection_screened_the_whole_catalogue (test_993_exhaust_tip_titanium_f1.ExhaustTipTitaniumF1Tests) ... ok
test_the_two_titanium_routes_stay_mutually_exclusive (test_993_exhaust_tip_titanium_f1.ExhaustTipTitaniumF1Tests) ... ok
test_airflow_and_power_screen_are_recomputed (test_993_fan_housing_alsi10mg_f0.FanHousingAlSi10MgF0Tests) ... ok
test_dfam_and_release_gates_are_explicit (test_993_fan_housing_alsi10mg_f0.FanHousingAlSi10MgF0Tests) ... ok
test_published_bounds_are_not_promoted_to_interfaces (test_993_fan_housing_alsi10mg_f0.FanHousingAlSi10MgF0Tests) ... ok
test_step_catalogue_report_and_sources_are_consistent (test_993_fan_housing_alsi10mg_f0.FanHousingAlSi10MgF0Tests) ... ok
test_structural_modal_and_thermal_screens_are_fail_closed (test_993_fan_housing_alsi10mg_f0.FanHousingAlSi10MgF0Tests) ... ok
test_committed_step_and_catalogue_stay_fail_closed (test_993_front_impact_support_alsi10mg_f0.FrontImpactSupportAlSi10MgF0Tests) ... ok
test_energy_buckling_modal_and_thermal_screens_are_recomputed (test_993_front_impact_support_alsi10mg_f0.FrontImpactSupportAlSi10MgF0Tests) ... ok
test_mass_section_and_nominal_strength_are_recomputed (test_993_front_impact_support_alsi10mg_f0.FrontImpactSupportAlSi10MgF0Tests) ... ok
test_published_data_and_clean_sheet_hypotheses_are_separate (test_993_front_impact_support_alsi10mg_f0.FrontImpactSupportAlSi10MgF0Tests) ... ok
test_am_policy_records_every_gate_without_promoting_stage_08 (test_993_headlamp_hook_am_f0.HeadlampHookAmF0Tests) ... ok
test_equation_helpers_are_deterministic (test_993_headlamp_hook_am_f0.HeadlampHookAmF0Tests) ... ok
test_exact_eos_route_is_screening_not_an_allowable (test_993_headlamp_hook_am_f0.HeadlampHookAmF0Tests) ... ok
test_full_layer_geometry_screen_is_hash_linked_and_not_released (test_993_headlamp_hook_am_f0.HeadlampHookAmF0Tests) ... ok
test_nvidia_validation_and_current_ov_libraries_are_executed (test_993_headlamp_hook_am_f0.HeadlampHookAmF0Tests) ... ok
test_six_calculix_runs_converge_numerically_but_reject_release (test_993_headlamp_hook_am_f0.HeadlampHookAmF0Tests) ... ok
test_summary_is_reproducible_and_documents_the_executed_stack (test_993_headlamp_hook_am_f0.HeadlampHookAmF0Tests) ... ok
test_beam_equations_are_recomputed (test_993_headlamp_spring_hook_f0.HeadlampSpringHookF0Tests) ... ok
test_force_scaling_is_linear_in_elastic_screen (test_993_headlamp_spring_hook_f0.HeadlampSpringHookF0Tests) ... ok
test_record_and_report_refuse_fitment_claims (test_993_headlamp_spring_hook_f0.HeadlampSpringHookF0Tests) ... ok
test_axial_plate_and_buckling_equations_are_recomputed (test_993_intake_valve_ti64_hollow_f0.IntakeValveTi64HollowF0Tests) ... ok
test_committed_step_sources_and_catalogue_stay_fail_closed (test_993_intake_valve_ti64_hollow_f0.IntakeValveTi64HollowF0Tests) ... ok
test_modal_thermal_and_cycle_equations_are_recomputed (test_993_intake_valve_ti64_hollow_f0.IntakeValveTi64HollowF0Tests) ... ok
test_published_facts_hypotheses_and_gates_are_separate (test_993_intake_valve_ti64_hollow_f0.IntakeValveTi64HollowF0Tests) ... ok
test_simple_harmonic_dynamics_are_recomputed (test_993_intake_valve_ti64_hollow_f0.IntakeValveTi64HollowF0Tests) ... ok
test_beam_bearing_thermal_and_mass_equations_are_recomputed (test_993_intercooler_bracket_ti_f0.IntercoolerBracketTiF0Tests) ... ok
test_committed_artifacts_keep_titanium_release_blocked (test_993_intercooler_bracket_ti_f0.IntercoolerBracketTiF0Tests) ... ok
test_elastic_results_scale_linearly_with_force (test_993_intercooler_bracket_ti_f0.IntercoolerBracketTiF0Tests) ... ok
test_published_values_are_separated_from_hypotheses (test_993_intercooler_bracket_ti_f0.IntercoolerBracketTiF0Tests) ... ok
test_calculix_screen_uses_three_quadratic_meshes (test_993_intercooler_bracket_twin_f0.IntercoolerBracketTwinF0Tests) ... ok
test_dfam_decision_is_conditional_not_a_print_release (test_993_intercooler_bracket_twin_f0.IntercoolerBracketTwinF0Tests) ... ok
test_fea_and_analytic_models_remain_distinct (test_993_intercooler_bracket_twin_f0.IntercoolerBracketTwinF0Tests) ... ok
test_part_record_links_new_evidence_and_stays_blocked (test_993_intercooler_bracket_twin_f0.IntercoolerBracketTwinF0Tests) ... ok
test_public_evidence_has_no_machine_paths (test_993_intercooler_bracket_twin_f0.IntercoolerBracketTwinF0Tests) ... ok
test_twin_is_an_envelope_concept_with_open_interfaces (test_993_intercooler_bracket_twin_f0.IntercoolerBracketTwinF0Tests) ... ok
test_usd_summary_proves_only_minimum_conversion (test_993_intercooler_bracket_twin_f0.IntercoolerBracketTwinF0Tests) ... ok
test_committed_step_sources_and_catalogue_stay_fail_closed (test_993_intercooler_end_tank_alsi10mg_f0.IntercoolerEndTankAlSi10MgF0Tests) ... ok
test_flow_equations_are_recomputed (test_993_intercooler_end_tank_alsi10mg_f0.IntercoolerEndTankAlSi10MgF0Tests) ... ok
test_pressure_thermal_and_cycle_equations_are_recomputed (test_993_intercooler_end_tank_alsi10mg_f0.IntercoolerEndTankAlSi10MgF0Tests) ... ok
test_published_facts_and_hypotheses_are_separate (test_993_intercooler_end_tank_alsi10mg_f0.IntercoolerEndTankAlSi10MgF0Tests) ... ok
test_committed_step_sources_and_catalogue_are_fail_closed (test_993_k16_compressor_wheel_al2139_f1.K16CompressorWheelAl2139F1Tests) ... ok
test_flow_and_thermodynamics_preserve_f0_regression_point (test_993_k16_compressor_wheel_al2139_f1.K16CompressorWheelAl2139F1Tests) ... ok
test_iteration_recomputes_failed_f0_and_passes_only_ambient_screen (test_993_k16_compressor_wheel_al2139_f1.K16CompressorWheelAl2139F1Tests) ... ok
test_linear_taper_integrals_are_recomputed (test_993_k16_compressor_wheel_al2139_f1.K16CompressorWheelAl2139F1Tests) ... ok
test_material_and_process_scope_is_explicit (test_993_k16_compressor_wheel_al2139_f1.K16CompressorWheelAl2139F1Tests) ... ok
test_committed_step_sources_and_catalogue_preserve_failed_screen (test_993_k16_compressor_wheel_alsi10mg_f0.K16CompressorWheelAlSi10MgF0Tests) ... ok
test_compressor_thermodynamics_are_recomputed (test_993_k16_compressor_wheel_alsi10mg_f0.K16CompressorWheelAlSi10MgF0Tests) ... ok
test_published_facts_hypotheses_and_gates_are_separate (test_993_k16_compressor_wheel_alsi10mg_f0.K16CompressorWheelAlSi10MgF0Tests) ... ok
test_rotating_disk_blade_thermal_and_unbalance_screens_are_recomputed (test_993_k16_compressor_wheel_alsi10mg_f0.K16CompressorWheelAlSi10MgF0Tests) ... ok
test_speed_flow_and_reynolds_are_recomputed (test_993_k16_compressor_wheel_alsi10mg_f0.K16CompressorWheelAlSi10MgF0Tests) ... ok
test_blade_and_disk_formulas_are_recomputed (test_993_k16_turbine_wheel_in718_f0.K16TurbineWheelIN718F0Tests) ... ok
test_committed_step_catalogue_and_sources_are_consistent (test_993_k16_turbine_wheel_in718_f0.K16TurbineWheelIN718F0Tests) ... ok
test_hot_side_power_balance_and_failure_are_explicit (test_993_k16_turbine_wheel_in718_f0.K16TurbineWheelIN718F0Tests) ... ok
test_material_scope_and_release_gates_are_fail_closed (test_993_k16_turbine_wheel_in718_f0.K16TurbineWheelIN718F0Tests) ... ok
test_published_identity_is_separated_from_f0_hypotheses (test_993_k16_turbine_wheel_in718_f0.K16TurbineWheelIN718F0Tests) ... ok
test_committed_step_catalogue_and_sources_are_consistent (test_993_oil_filter_console_alsi10mg_f0.OilFilterConsoleAlSi10MgF0Tests) ... ok
test_dfam_value_and_release_gates_are_explicit (test_993_oil_filter_console_alsi10mg_f0.OilFilterConsoleAlSi10MgF0Tests) ... ok
test_hot_and_cold_hydraulics_are_recomputed_and_fail_closed (test_993_oil_filter_console_alsi10mg_f0.OilFilterConsoleAlSi10MgF0Tests) ... ok
test_pressure_filter_and_thermal_screens_are_recomputed (test_993_oil_filter_console_alsi10mg_f0.OilFilterConsoleAlSi10MgF0Tests) ... ok
test_published_filter_and_mass_do_not_define_console_geometry (test_993_oil_filter_console_alsi10mg_f0.OilFilterConsoleAlSi10MgF0Tests) ... ok
test_committed_artifacts_keep_route_and_release_open (test_993_oval_exhaust_tip_in625_f0.OvalExhaustTipIn625F0Tests) ... ok
test_flow_equations_are_recomputed (test_993_oval_exhaust_tip_in625_f0.OvalExhaustTipIn625F0Tests) ... ok
test_published_outlet_and_hypotheses_are_separate (test_993_oval_exhaust_tip_in625_f0.OvalExhaustTipIn625F0Tests) ... ok
test_thermal_pressure_and_modal_screens_are_recomputed (test_993_oval_exhaust_tip_in625_f0.OvalExhaustTipIn625F0Tests) ... ok
test_all_3702_layers_are_present_and_finite (test_993_oval_exhaust_tip_lpbf_omniverse_f0.OvalExhaustTipLpbfOmniverseF0Tests) ... ok
test_lpbf_geometry_screen_is_fail_closed (test_993_oval_exhaust_tip_lpbf_omniverse_f0.OvalExhaustTipLpbfOmniverseF0Tests) ... ok
test_lpbf_public_artifacts_are_hash_bound (test_993_oval_exhaust_tip_lpbf_omniverse_f0.OvalExhaustTipLpbfOmniverseF0Tests) ... ok
test_omniverse_build_screen_is_hash_bound_and_fail_closed (test_993_oval_exhaust_tip_lpbf_omniverse_f0.OvalExhaustTipLpbfOmniverseF0Tests) ... ok
test_openfoam_evidence_is_recomputed_and_not_converged_in_grid (test_993_oval_exhaust_tip_lpbf_omniverse_f0.OvalExhaustTipLpbfOmniverseF0Tests) ... ok
test_simready_pass_is_limited_to_isolated_asset (test_993_oval_exhaust_tip_lpbf_omniverse_f0.OvalExhaustTipLpbfOmniverseF0Tests) ... ok
test_surface_is_hash_bound_watertight_and_single_component (test_993_oval_exhaust_tip_lpbf_omniverse_f0.OvalExhaustTipLpbfOmniverseF0Tests) ... ok
test_catalogue_and_twin_reference_the_solver_evidence (test_993_piston_calculix_thermomechanical_f0.PistonCalculixThermomechanicalF0Tests) ... ok
test_fatigue_life_and_release_remain_fail_closed (test_993_piston_calculix_thermomechanical_f0.PistonCalculixThermomechanicalF0Tests) ... ok
test_finest_mesh_is_numerically_converged_but_hot_screen_fails (test_993_piston_calculix_thermomechanical_f0.PistonCalculixThermomechanicalF0Tests) ... ok
test_real_six_case_calculix_receipts_and_three_meshes (test_993_piston_calculix_thermomechanical_f0.PistonCalculixThermomechanicalF0Tests) ... ok
test_report_hashes_and_calculations_are_independently_verified (test_993_piston_calculix_thermomechanical_f0.PistonCalculixThermomechanicalF0Tests) ... ok
test_synthetic_force_chain_is_reproducible (test_993_piston_calculix_thermomechanical_f0.PistonCalculixThermomechanicalF0Tests) ... ok
test_committed_step_sources_and_catalogue_stay_fail_closed (test_993_piston_cp1_gallery_f0.PistonCp1GalleryF0Tests) ... ok
test_crown_plate_equations_are_recomputed (test_993_piston_cp1_gallery_f0.PistonCp1GalleryF0Tests) ... ok
test_gallery_flow_and_thermal_equations_are_recomputed (test_993_piston_cp1_gallery_f0.PistonCp1GalleryF0Tests) ... ok
test_gas_inertia_and_pin_equations_are_recomputed (test_993_piston_cp1_gallery_f0.PistonCp1GalleryF0Tests) ... ok
test_published_facts_and_hypotheses_are_separate (test_993_piston_cp1_gallery_f0.PistonCp1GalleryF0Tests) ... ok
test_all_required_piston_interfaces_fail_closed (test_993_piston_digital_twin_f0.PistonDigitalTwinF0Tests) ... ok
test_math_evidence_is_linked_without_overstating_fidelity (test_993_piston_digital_twin_f0.PistonDigitalTwinF0Tests) ... ok
test_simready_prompts_preserve_the_evidence_boundary (test_993_piston_digital_twin_f0.PistonDigitalTwinF0Tests) ... ok
test_twin_uses_the_editable_piston_master (test_993_piston_digital_twin_f0.PistonDigitalTwinF0Tests) ... ok
test_all_2390_layers_are_present_and_finite (test_993_piston_lpbf_omniverse_f0.PistonLpbfOmniverseF0Tests) ... ok
test_geometric_screen_does_not_claim_process_release (test_993_piston_lpbf_omniverse_f0.PistonLpbfOmniverseF0Tests) ... ok
test_lpbf_public_artifacts_are_hash_bound (test_993_piston_lpbf_omniverse_f0.PistonLpbfOmniverseF0Tests) ... ok
test_omniverse_build_screen_is_hash_bound_and_fail_closed (test_993_piston_lpbf_omniverse_f0.PistonLpbfOmniverseF0Tests) ... ok
test_simready_pass_is_limited_to_isolated_asset (test_993_piston_lpbf_omniverse_f0.PistonLpbfOmniverseF0Tests) ... ok
test_surface_is_hash_bound_watertight_and_single_component (test_993_piston_lpbf_omniverse_f0.PistonLpbfOmniverseF0Tests) ... ok
test_mass_reduction_does_not_override_strength_constraint (test_993_piston_picogk_f0.PistonPicogkF0Tests) ... ok
test_no_variant_is_selected_or_released (test_993_piston_picogk_f0.PistonPicogkF0Tests) ... ok
test_raw_mesh_gate_is_failed_without_repair (test_993_piston_picogk_f0.PistonPicogkF0Tests) ... ok
test_real_picogk_runtime_is_bound (test_993_piston_picogk_f0.PistonPicogkF0Tests) ... ok
test_at_least_one_screen_is_published (test_993_print_screens_f0.PrintScreensF0Tests) ... ok
test_each_screen_is_hash_linked_sliced_and_closed (test_993_print_screens_f0.PrintScreensF0Tests) ... ok
test_each_screened_part_sheet_shows_its_image (test_993_print_screens_f0.PrintScreensF0Tests) ... ok
test_geometry_screen_recomputes_published_dimensions (test_993_switch_trim_ring_f1.SwitchTrimRingF1Tests) ... ok
test_release_is_explicitly_blocked (test_993_switch_trim_ring_f1.SwitchTrimRingF1Tests) ... ok
test_every_layer_is_actually_sliced (test_993_switch_trim_ring_lpbf_f1.SwitchTrimRingLpbfF1Tests) ... ok
test_process_gates_stay_closed (test_993_switch_trim_ring_lpbf_f1.SwitchTrimRingLpbfF1Tests)
Le criblage est geometrique. Il n'autorise aucune impression. ... ok
test_report_is_bound_to_the_master_and_to_the_analysed_mesh (test_993_switch_trim_ring_lpbf_f1.SwitchTrimRingLpbfF1Tests) ... ok
test_the_analysed_mesh_is_a_single_watertight_body (test_993_switch_trim_ring_lpbf_f1.SwitchTrimRingLpbfF1Tests) ... ok
test_the_part_fits_the_candidate_machine (test_993_switch_trim_ring_lpbf_f1.SwitchTrimRingLpbfF1Tests) ... ok
test_the_part_record_stays_a_concept (test_993_switch_trim_ring_lpbf_f1.SwitchTrimRingLpbfF1Tests) ... ok
test_the_pipeline_registry_records_the_two_stages_without_overclaiming (test_993_switch_trim_ring_lpbf_f1.SwitchTrimRingLpbfF1Tests) ... ok
test_no_manufacturing_gate_is_opened (test_993_switch_trim_ring_route_f1.SwitchTrimRingRouteF1Tests) ... ok
test_the_card_names_the_part_and_the_pipeline_stage (test_993_switch_trim_ring_route_f1.SwitchTrimRingRouteF1Tests) ... ok
test_the_gates_that_need_a_supplier_stay_closed (test_993_switch_trim_ring_route_f1.SwitchTrimRingRouteF1Tests) ... ok
test_the_layer_thickness_incoherence_is_reported_not_smoothed (test_993_switch_trim_ring_route_f1.SwitchTrimRingRouteF1Tests) ... ok
test_the_policy_records_the_stage_as_blocked (test_993_switch_trim_ring_route_f1.SwitchTrimRingRouteF1Tests) ... ok
test_the_quote_request_carries_the_master_fingerprint (test_993_switch_trim_ring_route_f1.SwitchTrimRingRouteF1Tests) ... ok
test_changing_process_did_not_close_the_questions_it_cannot_answer (test_993_switch_trim_ring_turning_f1.SwitchTrimRingTurningF1Tests) ... ok
test_no_vehicle_fitment_is_authorised (test_993_switch_trim_ring_turning_f1.SwitchTrimRingTurningF1Tests) ... ok
test_the_alloy_is_chosen_on_appearance_not_on_repository_convenience (test_993_switch_trim_ring_turning_f1.SwitchTrimRingTurningF1Tests) ... ok
test_the_card_names_the_part_and_the_turning_family (test_993_switch_trim_ring_turning_f1.SwitchTrimRingTurningF1Tests) ... ok
test_the_catalogue_record_follows_the_decision (test_993_switch_trim_ring_turning_f1.SwitchTrimRingTurningF1Tests) ... ok
test_the_fit_strategy_does_not_pretend_to_replace_a_measurement (test_993_switch_trim_ring_turning_f1.SwitchTrimRingTurningF1Tests) ... ok
test_the_quote_request_carries_the_master_fingerprint (test_993_switch_trim_ring_turning_f1.SwitchTrimRingTurningF1Tests) ... ok
test_acoustic_thermal_and_shell_screens_are_recomputed (test_993_three_runner_intake_alsi10mg_f0.ThreeRunnerIntakeAlSi10MgF0Tests) ... ok
test_committed_step_and_catalogue_stay_fail_closed (test_993_three_runner_intake_alsi10mg_f0.ThreeRunnerIntakeAlSi10MgF0Tests) ... ok
test_flow_and_pressure_equations_are_recomputed (test_993_three_runner_intake_alsi10mg_f0.ThreeRunnerIntakeAlSi10MgF0Tests) ... ok
test_published_string_and_interpretation_are_separate (test_993_three_runner_intake_alsi10mg_f0.ThreeRunnerIntakeAlSi10MgF0Tests) ... ok
test_committed_artifacts_keep_route_and_release_open (test_993_turbo_heat_shield_in625_f0.TurboHeatShieldIn625F0Tests) ... ok
test_elastic_results_scale_linearly_with_force (test_993_turbo_heat_shield_in625_f0.TurboHeatShieldIn625F0Tests) ... ok
test_mechanical_and_thermal_equations_are_recomputed (test_993_turbo_heat_shield_in625_f0.TurboHeatShieldIn625F0Tests) ... ok
test_published_envelope_and_hypotheses_are_separate (test_993_turbo_heat_shield_in625_f0.TurboHeatShieldIn625F0Tests) ... ok
test_the_consolidation_case_is_recorded_not_denied (test_993_turbo_oil_circuit_202_16.TurboOilCircuitTests) ... ok
test_the_feed_return_attribution_is_declared_unestablished (test_993_turbo_oil_circuit_202_16.TurboOilCircuitTests) ... ok
test_the_fire_failure_mode_is_the_stated_reason (test_993_turbo_oil_circuit_202_16.TurboOilCircuitTests) ... ok
test_the_identity_is_established_and_recorded (test_993_turbo_oil_circuit_202_16.TurboOilCircuitTests) ... ok
test_the_part_stays_prohibited (test_993_turbo_oil_circuit_202_16.TurboOilCircuitTests) ... ok
test_titanium_is_excluded_by_the_repository_own_grid (test_993_turbo_oil_circuit_202_16.TurboOilCircuitTests) ... ok
test_catalogue_identity_is_separated_from_synthetic_geometry (test_993_turbo_oil_return_line_in625_f0.TurboOilReturnLineIN625F0Tests) ... ok
test_committed_step_catalogue_and_sources_are_consistent (test_993_turbo_oil_return_line_in625_f0.TurboOilReturnLineIN625F0Tests) ... ok
test_dfam_conflict_and_release_gates_are_closed (test_993_turbo_oil_return_line_in625_f0.TurboOilReturnLineIN625F0Tests) ... ok
test_laminar_hydraulic_equations_are_recomputed (test_993_turbo_oil_return_line_in625_f0.TurboOilReturnLineIN625F0Tests) ... ok
test_pressure_passes_but_full_thermal_restraint_fails (test_993_turbo_oil_return_line_in625_f0.TurboOilReturnLineIN625F0Tests) ... ok
test_committed_step_catalogue_and_sources_are_consistent (test_993_upper_valve_cover_alsi10mg_f0.UpperValveCoverAlSi10MgF0Tests) ... ok
test_dfam_value_and_release_gates_are_explicit (test_993_upper_valve_cover_alsi10mg_f0.UpperValveCoverAlSi10MgF0Tests) ... ok
test_pressure_and_clamp_screens_are_recomputed (test_993_upper_valve_cover_alsi10mg_f0.UpperValveCoverAlSi10MgF0Tests) ... ok
test_published_kit_is_not_promoted_to_individual_geometry (test_993_upper_valve_cover_alsi10mg_f0.UpperValveCoverAlSi10MgF0Tests) ... ok
test_three_thermal_screens_fail_closed (test_993_upper_valve_cover_alsi10mg_f0.UpperValveCoverAlSi10MgF0Tests) ... ok
test_committed_artifacts_keep_process_and_release_undecided (test_993_wheel_center_cap_alsi10mg_f0.WheelCenterCapAlSi10MgF0Tests) ... ok
test_insertion_results_scale_linearly_with_deflection (test_993_wheel_center_cap_alsi10mg_f0.WheelCenterCapAlSi10MgF0Tests) ... ok
test_published_geometry_and_clean_sheet_interfaces_are_separate (test_993_wheel_center_cap_alsi10mg_f0.WheelCenterCapAlSi10MgF0Tests) ... ok
test_retention_rotation_and_thermal_equations_are_recomputed (test_993_wheel_center_cap_alsi10mg_f0.WheelCenterCapAlSi10MgF0Tests) ... ok
test_docker_context_is_the_exact_public_allow_list (test_air_oil_cycle_f34b_image.AirOilCycleF34bImageTests) ... ok
test_dockerfile_is_pinned_amd64_non_root_offline_and_exact (test_air_oil_cycle_f34b_image.AirOilCycleF34bImageTests) ... ok
test_embedded_contracts_and_manifest_remain_fail_closed (test_air_oil_cycle_f34b_image.AirOilCycleF34bImageTests) ... ok
test_requirements_are_the_exact_hashed_binary_wheel_lock (test_air_oil_cycle_f34b_image.AirOilCycleF34bImageTests) ... ok
test_smoke_allows_only_preflight_and_generic_cantera_fixture (test_air_oil_cycle_f34b_image.AirOilCycleF34bImageTests) ... ok
test_workflow_is_manual_attested_exact_digest_and_anonymous (test_air_oil_cycle_f34b_image.AirOilCycleF34bImageTests) ... ok
test_workflow_records_every_input_but_uploads_evidence_only (test_air_oil_cycle_f34b_image.AirOilCycleF34bImageTests) ... ok
test_bundle_is_exactly_seven_public_files_without_semantic_overclaim (test_air_oil_cycle_f34b_lock.AirOilCycleF34bLockTests) ... ok
test_default_smoke_is_preflight_only_with_all_physical_gates_closed (test_air_oil_cycle_f34b_lock.AirOilCycleF34bLockTests) ... ok
test_documentation_names_digest_run_lock_and_fail_closed_scope (test_air_oil_cycle_f34b_lock.AirOilCycleF34bLockTests) ... ok
test_exact_public_image_platform_and_attestations_are_pinned (test_air_oil_cycle_f34b_lock.AirOilCycleF34bLockTests) ... ok
test_lock_contains_no_private_payload_secret_or_embedded_attestation (test_air_oil_cycle_f34b_lock.AirOilCycleF34bLockTests) ... ok
test_only_exact_software_gates_open_and_physical_gates_stay_closed (test_air_oil_cycle_f34b_lock.AirOilCycleF34bLockTests) ... ok
test_platform_manifest_layers_and_sizes_are_exact (test_air_oil_cycle_f34b_lock.AirOilCycleF34bLockTests) ... ok
test_provenance_sbom_registry_and_recipe_are_exact (test_air_oil_cycle_f34b_lock.AirOilCycleF34bLockTests) ... ok
test_recipe_rereads_all_fifteen_exact_source_inputs (test_air_oil_cycle_f34b_lock.AirOilCycleF34bLockTests) ... ok
test_two_synthetic_fixtures_are_noncanonical_and_nonauthoritative (test_air_oil_cycle_f34b_lock.AirOilCycleF34bLockTests) ... ok
test_workflow_artifact_and_all_nineteen_evidence_files_are_bound (test_air_oil_cycle_f34b_lock.AirOilCycleF34bLockTests) ... ok
test_completed_stage_needs_existing_evidence (test_am_validation_pipeline.AmValidationPipelineTests) ... ok
test_every_lpbf_or_dmls_candidate_is_tracked (test_am_validation_pipeline.AmValidationPipelineTests) ... ok
test_new_untracked_candidate_fails_closed (test_am_validation_pipeline.AmValidationPipelineTests) ... ok
test_release_cannot_skip_required_stages (test_am_validation_pipeline.AmValidationPipelineTests) ... ok
test_dockerfile_is_pinned_amd64_non_root_and_stdlib_only (test_boundary_review_f23_image.BoundaryReviewF23ImageTests) ... ok
test_dockerfile_specific_context_is_an_exact_allow_list (test_boundary_review_f23_image.BoundaryReviewF23ImageTests) ... ok
test_documentation_separates_container_from_physical_authority (test_boundary_review_f23_image.BoundaryReviewF23ImageTests) ... ok
test_lock_opens_only_image_and_smoke_gates_and_contains_no_private_assets (test_boundary_review_f23_image.BoundaryReviewF23ImageTests) ... ok
test_lock_pins_exact_public_image_run_and_attestations (test_boundary_review_f23_image.BoundaryReviewF23ImageTests) ... ok
test_lock_recomputes_manifest_counts_sizes_and_evidence_metadata (test_boundary_review_f23_image.BoundaryReviewF23ImageTests) ... ok
test_lock_rereads_exact_recipe_inputs (test_boundary_review_f23_image.BoundaryReviewF23ImageTests) ... ok
test_pipeline_imports_only_python_standard_library (test_boundary_review_f23_image.BoundaryReviewF23ImageTests) ... ok
test_smoke_compiles_and_exercises_real_pipeline_with_synthetic_assets (test_boundary_review_f23_image.BoundaryReviewF23ImageTests) ... ok
test_workflow_artifacts_cannot_include_real_workpack_outputs (test_boundary_review_f23_image.BoundaryReviewF23ImageTests) ... ok
test_workflow_pins_supply_chain_and_hardens_runtime (test_boundary_review_f23_image.BoundaryReviewF23ImageTests) ... ok
test_C1_exact_unequal_intervals (test_bounded_c1_trunk.BoundedC1Tests) ... ok
test_all_bernstein_bounds_exact (test_bounded_c1_trunk.BoundedC1Tests) ... ok
test_exact_bspline_not_refit (test_bounded_c1_trunk.BoundedC1Tests) ... ok
test_float_pole_certificate_rejects_adversarial_mutations (test_bounded_c1_trunk.BoundedC1Tests) ... ok
test_generated_exact_hermite_and_greville_identity (test_bounded_c1_trunk.BoundedC1Tests) ... ok
test_native_certificate_matches_post_sewing_poles_weights_and_knots (test_bounded_c1_trunk.BoundedC1Tests) ... skipped 'requires qualified native OCCT runtime'
test_native_true_c1_solid (test_bounded_c1_trunk.BoundedC1Tests) ... skipped 'requires qualified native OCCT runtime'
test_no_extrapolation_or_unsupported_axes (test_bounded_c1_trunk.BoundedC1Tests) ... ok
test_pchip_linear_and_extrema (test_bounded_c1_trunk.BoundedC1Tests) ... ok
test_station_exactness_and_preservation (test_bounded_c1_trunk.BoundedC1Tests) ... ok
test_volume_cylinder_exact_polynomial (test_bounded_c1_trunk.BoundedC1Tests) ... ok
test_dockerfile_is_pinned_amd64_non_root_and_minimal (test_cad_author_f28_image.CadAuthorF28ImageTests) ... ok
test_dockerfile_specific_context_is_exact_allow_list (test_cad_author_f28_image.CadAuthorF28ImageTests) ... ok
test_documentation_separates_cad_author_from_other_toolchains (test_cad_author_f28_image.CadAuthorF28ImageTests) ... ok
test_size_measurement_accepts_only_valid_gzip_or_raw_tar_layers (test_cad_author_f28_image.CadAuthorF28ImageTests) ... ok
test_smoke_builds_exports_reopens_and_checks_closed_solid (test_cad_author_f28_image.CadAuthorF28ImageTests) ... ok
test_system_library_lock_is_exact_and_avoids_mesa_llvm_payloads (test_cad_author_f28_image.CadAuthorF28ImageTests) ... ok
test_wheel_lock_is_complete_unique_and_critical_hashes_match (test_cad_author_f28_image.CadAuthorF28ImageTests) ... ok
test_workflow_artifacts_are_evidence_only (test_cad_author_f28_image.CadAuthorF28ImageTests) ... ok
test_workflow_gates_supply_chain_runtime_and_anonymous_digest (test_cad_author_f28_image.CadAuthorF28ImageTests) ... ok
test_documentation_names_exact_lock_run_sizes_and_fail_closed_scope (test_cad_author_f28_lock.CadAuthorF28LockTests) ... ok
test_evidence_artifact_and_every_downloaded_file_are_bound (test_cad_author_f28_lock.CadAuthorF28LockTests) ... ok
test_exact_public_image_platform_and_attestation_are_pinned (test_cad_author_f28_lock.CadAuthorF28LockTests) ... ok
test_lock_contains_no_private_assets_local_paths_or_large_attestations (test_cad_author_f28_lock.CadAuthorF28LockTests) ... ok
test_manifest_and_real_size_metrics_are_self_consistent (test_cad_author_f28_lock.CadAuthorF28LockTests) ... ok
test_only_image_gates_open_and_engine_release_stays_fail_closed (test_cad_author_f28_lock.CadAuthorF28LockTests) ... ok
test_recipe_rereads_every_exact_build_and_gate_input (test_cad_author_f28_lock.CadAuthorF28LockTests) ... ok
test_smokes_prove_only_the_synthetic_cad_path (test_cad_author_f28_lock.CadAuthorF28LockTests) ... ok
test_workflow_builder_provenance_sbom_and_public_pull_are_bound (test_cad_author_f28_lock.CadAuthorF28LockTests) ... ok
test_missing_physics_stays_blocked (test_cad_recode_fresh.FreshRecodeTests) ... ok
test_mutable_image_rejected_before_docker (test_cad_recode_fresh.FreshRecodeTests) ... ok
test_raw_roundtrip_and_integrity (test_cad_recode_fresh.FreshRecodeTests) ... skipped 'run with the dedicated CAD requirements'
test_step_deviation_and_invalid_step (test_cad_recode_fresh.FreshRecodeTests) ... skipped 'run with the dedicated CAD requirements'
test_queue_contract_rejects_injection_and_fourth_attempt (test_cad_recode_fresh.QueueAndAssemblyTests) ... ok
test_usd_composition_keeps_display_only_status (test_cad_recode_fresh.QueueAndAssemblyTests) ... skipped 'USD runtime required'
test_timeout_and_nonzero_are_reported (test_cad_recode_fresh.SandboxFailureTests) ... ok
test_circle_and_false_arc (test_cad_recode_sections.CircleRecoveryTest) ... skipped 'dedicated geometry runtime required'
test_hole_remains_and_branch_is_rejected (test_cad_recode_sections.PlanarBoundaryTest) ... skipped 'dedicated geometry runtime required'
test_concave_gap_preserves_boundary_and_area (test_cad_recode_sections.RepairTriangulationTest) ... skipped 'dedicated geometry runtime required'
test_fill_interior_gap_and_preserve_functional_opening (test_cad_recode_sections.ScanGapRepairTest) ... skipped 'dedicated geometry runtime required'
test_hardware_vm_and_cost_boundary (test_cad_recode_vm_profile.VMProfileTests) ... ok
test_launch_and_expiry_use_fixed_scope (test_cad_recode_vm_profile.VMProfileTests) ... ok
test_expected_CadQuery_screen (test_cad_specialist_geometry.SpecialistASTTests) ... ok
test_unsafe_generated_syntax_rejected (test_cad_specialist_geometry.SpecialistASTTests) ... ok
test_daemon_failure_never_means_absence (test_cad_specialist_geometry.SpecialistCleanupTests) ... ok
test_inspect_timeout_still_removes_and_proves_absence (test_cad_specialist_geometry.SpecialistCleanupTests) ... ok
test_remaining_container_is_not_removed (test_cad_specialist_geometry.SpecialistCleanupTests) ... ok
test_remove_timeout_still_probes_absence (test_cad_specialist_geometry.SpecialistCleanupTests) ... ok
skipped "working NumPy/SciPy QA runtime required: dlopen(/Users/maxime/Library/Python/3.10/lib/python/site-packages/scipy/sparse/linalg/_propack/_spropack.cpython-310-darwin.so, 0x0002): tried: '/Users/maxime/Library/Python/3.10/lib/python/site-packages/scipy/sparse/linalg/_propack/_spropack.cpython-310-darwin.so' (section '__DATA/__thread_bss' has a zero-fill section type, but offset field is not zero), '/System/Volumes/Preboot/Cryptexes/OS/Users/maxime/Library/Python/3.10/lib/python/site-packages/scipy/sparse/linalg/_propack/_spropack.cpython-310-darwin.so' (no such file), '/Users/maxime/Library/Python/3.10/lib/python/site-packages/scipy/sparse/linalg/_propack/_spropack.cpython-310-darwin.so' (section '__DATA/__thread_bss' has a zero-fill section type, but offset field is not zero)"
test_actual_V2_sweep_contains_intermediate_poses_and_has_analytic_volume (test_continuous_valve_envelopes.ContinuousEnvelopeNativeTests) ... skipped 'optional OCCT runtime'
test_continuous_sweep_detects_middle_collision_with_free_endpoints (test_continuous_valve_envelopes.ContinuousEnvelopeNativeTests) ... skipped 'optional OCCT runtime'
test_native_matching_is_not_STEP_order_and_rejects_duplicate_identity (test_continuous_valve_envelopes.ContinuousEnvelopeNativeTests) ... skipped 'optional OCCT runtime'
test_registration_is_applied_once_to_new_shape_and_rejects_wrong_frame (test_continuous_valve_envelopes.ContinuousEnvelopeNativeTests) ... skipped 'optional OCCT runtime'
test_actual_V2_profiles_meet_analytic_conditions_and_only_base_is_extended (test_continuous_valve_envelopes.ContinuousProfileTests) ... ok
test_monotone_initial_cone_is_rejected_instead_of_undercovered (test_continuous_valve_envelopes.ContinuousProfileTests) ... ok
test_nonmonotone_or_ambiguous_or_unfilled_profile_is_rejected (test_continuous_valve_envelopes.ContinuousProfileTests) ... ok
test_docker_context_is_an_exact_two_file_allow_list (test_engine_cycle_f33_image.EngineCycleF33ImageTests) ... ok
test_dockerfile_is_exact_amd64_non_root_offline_and_minimal (test_engine_cycle_f33_image.EngineCycleF33ImageTests) ... ok
test_requirements_are_the_exact_hashed_wheel_lock (test_engine_cycle_f33_image.EngineCycleF33ImageTests) ... ok
test_smoke_exercises_only_synthetic_cantera_thermochemistry (test_engine_cycle_f33_image.EngineCycleF33ImageTests) ... ok
test_workflow_publishes_attested_digest_and_runs_hardened_smoke (test_engine_cycle_f33_image.EngineCycleF33ImageTests) ... ok
test_workflow_scope_includes_every_image_input (test_engine_cycle_f33_image.EngineCycleF33ImageTests) ... ok
test_engine_component_hypotheses_are_explicit (test_engine_sim_contracts.EngineSimulationContractsTest) ... ok
test_local_refinement_report_when_present (test_engine_sim_contracts.EngineSimulationContractsTest) ... skipped 'local scan-derived report intentionally absent'
test_missing_inputs_keep_load_cases_blocked (test_engine_sim_contracts.EngineSimulationContractsTest) ... ok
test_obj_interfaces_have_unconfirmed_units (test_engine_sim_contracts.EngineSimulationContractsTest) ... ok
test_physicsnemo_is_surrogate_only_and_disabled (test_engine_sim_contracts.EngineSimulationContractsTest) ... ok
test_unknown_scan_materials_have_no_properties (test_engine_sim_contracts.EngineSimulationContractsTest) ... ok
test_controlled_plan_preserves_interfaces_and_prior_outputs (test_fan_airflow_sweep.FanSweepTests) ... ok
test_failed_extended_mesh_never_starts_solver (test_fan_airflow_sweep.FanSweepTests) ... ok
test_warp_ray_kernel_has_known_hit_and_miss (test_fan_airflow_sweep.FanSweepTests) ... skipped 'warp absent : ce test appelle un script qui en depend. Installer warp pour le couvrir.'
test_context_is_an_exact_public_allowlist (test_gas_path_f38_image.GasPathF38ImageTest) ... ok
test_contract_and_canonical_report_remain_consistent (test_gas_path_f38_image.GasPathF38ImageTest) ... ok
test_dockerfile_is_pinned_minimal_amd64_non_root_and_offline (test_gas_path_f38_image.GasPathF38ImageTest) ... ok
test_smoke_boundary_audit_accepts_the_current_canonical_report (test_gas_path_f38_image.GasPathF38ImageTest) ... ok
test_smoke_reexecutes_exact_report_and_keeps_proof_gates_closed (test_gas_path_f38_image.GasPathF38ImageTest) ... ok
test_workflow_is_manual_pinned_hardened_and_publishes_by_digest (test_gas_path_f38_image.GasPathF38ImageTest) ... ok
test_commit_exact_ignore_worktree_index_git_env_et_path (test_git_snapshot_materializer_f42b.GitSnapshotMaterializerF42bTests) ... ok
test_ecrit_exclusivement_sans_suivre_de_symlink (test_git_snapshot_materializer_f42b.GitSnapshotMaterializerF42bTests) ... ok
test_refuse_destination_et_manifeste_symlinks_sans_ecraser (test_git_snapshot_materializer_f42b.GitSnapshotMaterializerF42bTests) ... ok
test_refuse_revision_courte_et_objet_non_commit (test_git_snapshot_materializer_f42b.GitSnapshotMaterializerF42bTests) ... ok
test_refuse_symlink_gitlink_et_repertoire_git (test_git_snapshot_materializer_f42b.GitSnapshotMaterializerF42bTests) ... ok
test_refuse_traversal_et_pathspecs_ambigus_avant_creation (test_git_snapshot_materializer_f42b.GitSnapshotMaterializerF42bTests) ... ok
test_allow_list_excludes_project_assets (test_gmsh_mesh_f35_image.GmshMeshF35ImageTests) ... ok
test_platform_base_and_frontend_are_digest_pinned (test_gmsh_mesh_f35_image.GmshMeshF35ImageTests) ... ok
test_python_and_debian_artifacts_are_exactly_hashed (test_gmsh_mesh_f35_image.GmshMeshF35ImageTests) ... ok
test_recipe_contains_no_remote_runtime_or_secret_interface (test_gmsh_mesh_f35_image.GmshMeshF35ImageTests) ... ok
test_runtime_is_non_root_offline_and_read_only_by_contract (test_gmsh_mesh_f35_image.GmshMeshF35ImageTests) ... ok
test_smoke_requires_occ_groups_elements_and_positive_jacobians (test_gmsh_mesh_f35_image.GmshMeshF35ImageTests) ... ok
test_workflow_is_digest_authoritative_and_anonymous_pull_gated (test_gmsh_mesh_f35_image.GmshMeshF35ImageTests) ... ok
test_claim_boundary_and_sensitive_content (test_gmsh_mesh_f35_lock.GmshMeshF35LockTests) ... ok
test_identity_and_recipe_are_exact (test_gmsh_mesh_f35_lock.GmshMeshF35LockTests) ... ok
test_unpublished_contract_is_fail_closed (test_gmsh_mesh_f35_lock.GmshMeshF35LockTests) ... ok
test_native_linux_amd64_cpu_node_passes_without_gpu (test_intel_cpu_node_f35.IntelCpuNodeF35Tests) ... ok
test_non_amd64_docker_engine_fails_closed (test_intel_cpu_node_f35.IntelCpuNodeF35Tests) ... ok
test_resources_below_smoke_minimum_fail_closed (test_intel_cpu_node_f35.IntelCpuNodeF35Tests) ... ok
test_script_does_not_access_credentials_or_network (test_intel_cpu_node_f35.IntelCpuNodeF35Tests) ... ok
test_all_three_images_require_immutable_digests (test_intel_cpu_smokes_f35.IntelCpuSmokesF35Tests) ... ok
test_contradictory_physical_claim_is_rejected (test_intel_cpu_smokes_f35.IntelCpuSmokesF35Tests) ... ok
test_each_smoke_is_offline_hardened_and_claim_limited (test_intel_cpu_smokes_f35.IntelCpuSmokesF35Tests) ... ok
test_valid_exact_reports_are_accepted (test_intel_cpu_smokes_f35.IntelCpuSmokesF35Tests) ... ok
test_wrapper_has_no_remote_or_secret_access (test_intel_cpu_smokes_f35.IntelCpuSmokesF35Tests) ... ok
test_absolute_new_budget_is_not_permission_to_increase_old_tolerance (test_local_junction_cad_budget_v2.BudgetTests) ... ok
test_volume_relative_error_estimates_are_scaled_before_comparison (test_local_junction_cad_budget_v2.BudgetTests) ... ok
test_complete_section_distinguishes_local_change_from_protected_change (test_local_junction_cad_budget_v2.NativeTests) ... skipped 'native OCP runtime required'
test_curve_surface_and_vertices_on_box (test_local_junction_cad_budget_v2.NativeTests) ... skipped 'native OCP runtime required'
test_history_classifies_fillet_without_index_transfer (test_local_junction_cad_budget_v2.NativeTests) ... skipped 'native OCP runtime required'
test_protected_outer_wire_requires_identical_four_native_edges (test_local_junction_cad_budget_v2.NativeTests) ... skipped 'native OCP runtime required'
test_zero_volume_face_is_not_empty (test_local_junction_cad_budget_v2.NativeTests) ... skipped 'native OCP runtime required'
test_concave_step_fillet_preserves_outer_circle_and_is_tangent (test_local_port_junction_fillet.NativeWitnessTests) ... skipped 'OCP native runtime required'
test_no_edges_is_rejected (test_local_port_junction_fillet.NativeWitnessTests) ... skipped 'OCP native runtime required'
test_strict_settings_applied_before_spine_creation (test_local_port_junction_fillet.NativeWitnessTests) ... skipped 'OCP native runtime required'
test_bounded_radius (test_local_port_junction_fillet.ParameterTests) ... ok
test_strict_approximation_only_tightens_construction_settings (test_local_port_junction_fillet.ParameterTests) ... ok
test_actual_set_of_new_carriers_is_accepted (test_local_port_junction_render.NewFaceIdentityTests) ... ok
test_builder_history_count_must_agree (test_local_port_junction_render.NewFaceIdentityTests) ... ok
test_relabelled_original_face_and_duplicate_ids_are_rejected (test_local_port_junction_render.NewFaceIdentityTests) ... ok
test_unverified_identity_comparison_is_rejected (test_local_port_junction_render.NewFaceIdentityTests) ... ok
test_air_fuel_and_energy_balance_do_not_assign_head_heat (test_m64_700ps_envelope.M64SevenHundredPSTests) ... ok
test_all_endpoint_combinations_and_provenance (test_m64_700ps_envelope.M64SevenHundredPSTests) ... ok
test_altitude_increases_pr_not_required_manifold_density (test_m64_700ps_envelope.M64SevenHundredPSTests) ... ok
test_cli_refuses_to_overwrite_an_existing_result (test_m64_700ps_envelope.M64SevenHundredPSTests) ... ok
test_four_stroke_work_identity_independent_torque_formula (test_m64_700ps_envelope.M64SevenHundredPSTests) ... ok
test_garrett_400_mechanical_hp_example_in_si (test_m64_700ps_envelope.M64SevenHundredPSTests) ... ok
test_ideal_gas_and_four_stroke_mass_closure (test_m64_700ps_envelope.M64SevenHundredPSTests) ... ok
test_increasing_rpm_reduces_torque_bmep_and_map_at_fixed_target (test_m64_700ps_envelope.M64SevenHundredPSTests) ... ok
test_invalid_and_nonfinite_inputs_rejected (test_m64_700ps_envelope.M64SevenHundredPSTests) ... ok
test_parallel_turbos_split_mass_not_pressure_ratio (test_m64_700ps_envelope.M64SevenHundredPSTests) ... ok
test_pressure_losses_use_absolute_pressures (test_m64_700ps_envelope.M64SevenHundredPSTests) ... ok
test_ps_is_not_mechanical_hp (test_m64_700ps_envelope.M64SevenHundredPSTests) ... ok
test_stored_report_matches_current_inputs_and_code (test_m64_700ps_envelope.M64SevenHundredPSTests) ... ok
test_target_conflicts_fail_closed (test_m64_700ps_envelope.M64SevenHundredPSTests) ... ok
test_complete_history_and_bad_grids (test_m64_amb2018_thermal.ThermalHistoryTests) ... ok
test_constant_in_range (test_m64_bernstein_bound.BernsteinBoundTests) ... ok
test_depth_or_work_exhaustion_never_passes (test_m64_bernstein_bound.BernsteinBoundTests) ... ok
test_float_interpretation_is_exact_not_decimal_approximation (test_m64_bernstein_bound.BernsteinBoundTests) ... ok
test_hull_above_limit_does_not_imply_polynomial_failure (test_m64_bernstein_bound.BernsteinBoundTests) ... ok
test_interior_peak_exceeds_limit_even_when_corners_are_zero (test_m64_bernstein_bound.BernsteinBoundTests) ... ok
test_invalid_inputs_fail_closed (test_m64_bernstein_bound.BernsteinBoundTests) ... ok
test_negative_displacement_is_bounded_in_absolute_value (test_m64_bernstein_bound.BernsteinBoundTests) ... ok
test_split_preserves_endpoints_and_exact_midpoint (test_m64_bernstein_bound.BernsteinBoundTests) ... ok
test_tensor_product_peak_and_axis_symmetry (test_m64_bernstein_bound.BernsteinBoundTests) ... ok
test_cli_hash_identifies_coefficients_actually_used_despite_file_replacement (test_m64_bernstein_bound_independent.BernsteinBoundIndependentTests) ... ok
test_degree_and_resource_boundaries (test_m64_bernstein_bound_independent.BernsteinBoundIndependentTests) ... ok
test_every_subpatch_has_exact_polynomial_identity_on_its_quadrant (test_m64_bernstein_bound_independent.BernsteinBoundIndependentTests) ... ok
test_nondyadic_tangent_maximum_remains_inconclusive_at_finite_depth (test_m64_bernstein_bound_independent.BernsteinBoundIndependentTests) ... ok
test_outward_display_never_undercuts_exact_rational_bound (test_m64_bernstein_bound_independent.BernsteinBoundIndependentTests) ... ok
test_partial_quadrant_coverage_never_certifies_the_square (test_m64_bernstein_bound_independent.BernsteinBoundIndependentTests) ... ok
test_product_matches_factored_evaluation (test_m64_bernstein_patch.BernsteinPatchTests) ... ok
test_sparse_beta_factor (test_m64_bernstein_patch.BernsteinPatchTests) ... ok
test_bound_identity_deadline_and_budget (test_m64_bundle.BundleTests) ... ok
test_context_cannot_identify_a_different_step (test_m64_bundle.BundleTests) ... ok
test_hidden_or_symlink_skill_source_is_refused (test_m64_bundle.BundleTests) ... ok
test_prepare_snapshots_and_hashes_complete_code (test_m64_bundle.BundleTests) ... ok
test_abstention_is_a_valid_unreviewed_result (test_m64_cad_proposal_agents.CadProposalTests) ... ok
test_context_hash_schema_and_source_bounds_before_http (test_m64_cad_proposal_agents.CadProposalTests) ... ok
test_endpoint_model_and_budgets_rejected_before_http (test_m64_cad_proposal_agents.CadProposalTests) ... ok
test_existing_output_is_never_overwritten (test_m64_cad_proposal_agents.CadProposalTests) ... ok
test_global_deadline_cuts_request_and_blocks_queue_without_retries (test_m64_cad_proposal_agents.CadProposalTests) ... ok
test_invalid_responses_no_retry_keep_raw (test_m64_cad_proposal_agents.CadProposalTests) ... ok
test_json_rejects_duplicates_and_nonfinite_literals (test_m64_cad_proposal_agents.CadProposalTests) ... ok
test_schema_extra_keys_wrong_id_and_text_limits (test_m64_cad_proposal_agents.CadProposalTests) ... ok
test_strict_finite_radius_and_modes (test_m64_cad_proposal_agents.CadProposalTests) ... ok
test_twenty_four_independent_missions_four_workers_same_radius_allowed (test_m64_cad_proposal_agents.CadProposalTests) ... ok
test_valid_proposal_private_hashed_unreviewed (test_m64_cad_proposal_agents.CadProposalTests) ... ok
test_changed_class_set_rejected (test_m64_cad_specialist_inference.SpecialistInferenceTests) ... ok
test_driver_snapshot_survives_later_source_edit (test_m64_cad_specialist_inference.SpecialistInferenceTests) ... ok
test_extract_excludes_notebook_demo_and_unused_imports (test_m64_cad_specialist_inference.SpecialistInferenceTests) ... ok
test_generated_code_is_only_saved (test_m64_cad_specialist_inference.SpecialistInferenceTests) ... ok
test_invalid_mps_watermarks_rejected (test_m64_cad_specialist_inference.SpecialistInferenceTests) ... ok
test_license_acknowledgment_and_budgets (test_m64_cad_specialist_inference.SpecialistInferenceTests) ... ok
test_mps_watermarks_default_and_preserved_valid_pair (test_m64_cad_specialist_inference.SpecialistInferenceTests) ... ok
test_pinned_models (test_m64_cad_specialist_inference.SpecialistInferenceTests) ... ok
test_point_cast_only_adapted_for_non_cuda (test_m64_cad_specialist_inference.SpecialistInferenceTests) ... ok
test_points_shape_dtype_and_normalization (test_m64_cad_specialist_inference.SpecialistInferenceTests) ... ok
test_hash_bound_face_union_and_complete_index (test_m64_cad_surface_trial.SurfaceSelectionTests) ... ok
test_integral_gate_keeps_threshold_and_requires_both_methods (test_m64_cad_surface_trial.SurfaceSelectionTests) ... ok
test_native_partition_rejects_unrelated_face_or_edge_changes (test_m64_cad_surface_trial.SurfaceSelectionTests) ... ok
test_all_degree_two_parents_selected_and_no_hanging_faces (test_m64_centroid_tet_audit.CentroidIndependentAuditTests) ... ok
test_bindings_reject_cross_domain_or_source_or_inherited_review (test_m64_centroid_tet_audit.CentroidIndependentAuditTests) ... ok
test_boundary_record_or_labels_change_rejected (test_m64_centroid_tet_audit.CentroidIndependentAuditTests) ... ok
test_centroid_that_rounds_to_same_float_but_is_not_exact_rejected (test_m64_centroid_tet_audit.CentroidIndependentAuditTests) ... ok
test_child_inversion_rejected (test_m64_centroid_tet_audit.CentroidIndependentAuditTests) ... ok
test_child_physical_or_geometric_tags_not_inherited_rejected (test_m64_centroid_tet_audit.CentroidIndependentAuditTests) ... ok
test_degree_one_with_nonselected_neighbors_passes (test_m64_centroid_tet_audit.CentroidIndependentAuditTests) ... ok
test_duplicate_child_face_cannot_replace_missing_child (test_m64_centroid_tet_audit.CentroidIndependentAuditTests) ... ok
test_line_endings_are_not_silently_normalized (test_m64_centroid_tet_audit.CentroidIndependentAuditTests) ... ok
test_omitted_parent_and_forged_mapping_rejected (test_m64_centroid_tet_audit.CentroidIndependentAuditTests) ... ok
test_omitted_transformation_cannot_pass_with_empty_producer_mapping (test_m64_centroid_tet_audit.CentroidIndependentAuditTests) ... ok
test_reader_rejects_duplicate_id_and_nonfinite_coordinates (test_m64_centroid_tet_audit.CentroidIndependentAuditTests) ... ok
test_retained_tet_record_change_rejected (test_m64_centroid_tet_audit.CentroidIndependentAuditTests) ... ok
test_same_float_but_changed_original_ASCII_is_rejected (test_m64_centroid_tet_audit.CentroidIndependentAuditTests) ... ok
test_source_boundary_must_be_real_tetra_exterior (test_m64_centroid_tet_audit.CentroidIndependentAuditTests) ... ok
test_closed_star_has_spherical_link (test_m64_coincident_junctions.CoincidentJunctionTests) ... ok
test_single_star_and_two_point_contact_are_distinguished (test_m64_coincident_junctions.CoincidentJunctionTests) ... ok
test_bound_covers_analytic_independent_point_motion (test_m64_continuous_valve_clearance.ContinuousClearanceTests) ... ok
test_bound_uses_both_independent_translations (test_m64_continuous_valve_clearance.ContinuousClearanceTests) ... ok
test_grid_covers_complete_lift (test_m64_continuous_valve_clearance.ContinuousClearanceTests) ... ok
test_invalid_parameters_fail (test_m64_continuous_valve_clearance.ContinuousClearanceTests) ... ok
test_mid_cell_contact_cannot_be_certified_from_positive_samples (test_m64_continuous_valve_clearance.ContinuousClearanceTests) ... ok
test_native_receipt_binds_current_step_and_all_six_pairs (test_m64_continuous_valve_clearance.ContinuousClearanceTests) ... ok
test_refinement_does_not_remove_numerical_reserve (test_m64_continuous_valve_clearance.ContinuousClearanceTests) ... ok
test_sparse_grid_can_remain_inconclusive (test_m64_continuous_valve_clearance.ContinuousClearanceTests) ... ok
test_EOS_status_date_and_HTML_not_presented_as_PDF_verification (test_m64_cp1_hot_points_supplement.CP1HotPointsSupplementTests) ... ok
test_YS_not_promoted_to_Rp02_or_design_allowable (test_m64_cp1_hot_points_supplement.CP1HotPointsSupplementTests) ... ok
test_all_points_reference_unique_known_sources (test_m64_cp1_hot_points_supplement.CP1HotPointsSupplementTests) ... ok
test_expansion_values_remain_source_separated_intervals (test_m64_cp1_hot_points_supplement.CP1HotPointsSupplementTests) ... ok
test_formnext_source_bound_to_visually_reviewed_page (test_m64_cp1_hot_points_supplement.CP1HotPointsSupplementTests) ... ok
test_hot_point_keeps_process_and_orientation (test_m64_cp1_hot_points_supplement.CP1HotPointsSupplementTests) ... ok
test_interval_coefficients_not_instantaneous_alpha_curve (test_m64_cp1_hot_points_supplement.CP1HotPointsSupplementTests) ... ok
test_no_new_thermal_laws_or_solver_release (test_m64_cp1_hot_points_supplement.CP1HotPointsSupplementTests) ... ok
test_no_transfer_to_four_hour_treatment (test_m64_cp1_hot_points_supplement.CP1HotPointsSupplementTests) ... ok
test_single_published_hot_point_and_exact_values (test_m64_cp1_hot_points_supplement.CP1HotPointsSupplementTests) ... ok
test_treatment_and_test_temperatures_remain_distinct (test_m64_cp1_hot_points_supplement.CP1HotPointsSupplementTests) ... ok
test_unknown_expansion_states_are_not_filled_from_tensile_recipe (test_m64_cp1_hot_points_supplement.CP1HotPointsSupplementTests) ... ok
test_unknown_hot_test_conditions_remain_null (test_m64_cp1_hot_points_supplement.CP1HotPointsSupplementTests) ... ok
test_claimed_destroy_requires_independent_absence (test_m64_deadline_guard.DeadlineGuardTests) ... ok
test_clock_rollback_does_not_extend_monotonic_deadline (test_m64_deadline_guard.DeadlineGuardTests) ... ok
test_collection_timeout_still_destroys_and_reports_failure (test_m64_deadline_guard.DeadlineGuardTests) ... ok
test_deadline_collect_then_exact_destroy_then_inventory (test_m64_deadline_guard.DeadlineGuardTests) ... ok
test_destroy_failure_alerts_without_claiming_absence (test_m64_deadline_guard.DeadlineGuardTests) ... ok
test_manifest_change_cannot_retarget_or_extend_guard (test_m64_deadline_guard.DeadlineGuardTests) ... ok
test_manual_stop_requires_receipt_and_remote_absence (test_m64_deadline_guard.DeadlineGuardTests) ... ok
test_nonfinite_budget_and_lifetime_over_two_hours_rejected_before_calls (test_m64_deadline_guard.DeadlineGuardTests) ... ok
test_rechecks_identity_after_collect_before_destroy (test_m64_deadline_guard.DeadlineGuardTests) ... ok
test_scope_rejects_launch_phase_and_direct_ssh (test_m64_deadline_guard.DeadlineGuardTests) ... ok
test_symlink_manifest_rejected_before_wrapper_calls (test_m64_deadline_guard.DeadlineGuardTests) ... ok
test_touch_marker_is_ignored (test_m64_deadline_guard.DeadlineGuardTests) ... ok
test_transient_read_failures_do_not_abandon_deadline (test_m64_deadline_guard.DeadlineGuardTests) ... ok
test_valid_marker_with_still_live_instance_cannot_disarm_guard (test_m64_deadline_guard.DeadlineGuardTests) ... ok
test_wrapper_change_is_not_silently_executed (test_m64_deadline_guard.DeadlineGuardTests) ... ok
test_wrong_instance_id_label_or_image_never_destroyed (test_m64_deadline_guard.DeadlineGuardTests) ... ok
test_ambiguous_serialized_points_rejected (test_m64_defect_native_adjacency.DefectNativeAdjacencyTests) ... ok
test_cell_count_per_face_is_unique_but_triangles_counted (test_m64_defect_native_adjacency.DefectNativeAdjacencyTests) ... ok
test_coordinate_outside_print_budget_rejected (test_m64_defect_native_adjacency.DefectNativeAdjacencyTests) ... ok
test_faceSet_counts_both_cells_and_overlapping_roles (test_m64_defect_native_adjacency.DefectNativeAdjacencyTests) ... ok
test_internal_degree_uses_internal_owner_neighbour_not_wall_faces (test_m64_defect_native_adjacency.DefectNativeAdjacencyTests) ... ok
test_profiles_keep_distinct_meshes_receipts_and_native_ids (test_m64_defect_native_adjacency.DefectNativeAdjacencyTests) ... ok
test_unified_category_does_not_reuse_old_thin_face_or_annular_ids (test_m64_defect_native_adjacency.DefectNativeAdjacencyTests) ... ok
test_unique_mapping_independent_of_point_order (test_m64_defect_native_adjacency.DefectNativeAdjacencyTests) ... ok
test_a20x_only_published_temperature_rows (test_m64_documentary_material_points.DocumentaryMaterialTests) ... ok
test_cp1_treatment_not_hot_tensile_test (test_m64_documentary_material_points.DocumentaryMaterialTests) ... ok
test_documentary_facts_not_solver_card (test_m64_documentary_material_points.DocumentaryMaterialTests) ... ok
test_missing_thermal_laws_not_filled_by_another_alloy (test_m64_documentary_material_points.DocumentaryMaterialTests) ... ok
test_sources_have_binary_identity_and_visual_pages (test_m64_documentary_material_points.DocumentaryMaterialTests) ... ok
test_eigen_table (test_m64_engine_twin_fea.FeaParserTests) ... ok
test_ground_springs_stay_far_below_elastic_threshold (test_m64_engine_twin_fea.FeaParserTests) ... ok
test_materials_declare_their_source_type (test_m64_engine_twin_fea.FeaParserTests) ... ok
test_recorded_self_check_passed (test_m64_engine_twin_fea.FeaParserTests) ... ok
test_static_tables (test_m64_engine_twin_fea.FeaParserTests) ... ok
test_unit_tet_volume (test_m64_engine_twin_fea.FeaParserTests) ... ok
test_budget_and_no_manufacturing (test_m64_engine_twin_session.SessionTests) ... ok
test_code_filter (test_m64_engine_twin_session.SessionTests) ... ok
test_deadline_stops_new_work (test_m64_engine_twin_session.SessionTests) ... ok
test_envelope_rejects_oversize (test_m64_engine_twin_session.SessionTests) ... ok
test_flat_params_keeps_numeric_leaves_only (test_m64_engine_twin_session.SessionTests) ... ok
test_images_pinned_by_digest (test_m64_engine_twin_session.SessionTests) ... ok
test_levels_respect_dependencies (test_m64_engine_twin_session.SessionTests) ... ok
test_only_reruns_selected_and_keeps_previous_acceptances (test_m64_engine_twin_session.SessionTests) ... ok
test_orchestrator_retries_then_accepts_and_blocks_dependents (test_m64_engine_twin_session.SessionTests) ... ok
test_trivial_shapes_are_refused (test_m64_engine_twin_session.SessionTests) ... ok
test_exact_retained_native_stem_gate (test_m64_extended_valve_assembly.ExtendedValveTests) ... ok
test_only_positive_local_extension_is_accepted (test_m64_extended_valve_assembly.ExtendedValveTests) ... ok
test_positive_interference_is_never_clear (test_m64_extended_valve_assembly.ExtendedValveTests) ... ok
test_positive_lift_moves_toward_chamber (test_m64_extended_valve_assembly.ExtendedValveTests) ... ok
test_exact_retained_native_stem_gate (test_m64_extended_valve_assembly_v2.ExtendedValveV2Tests) ... ok
test_only_positive_local_extension_is_accepted (test_m64_extended_valve_assembly_v2.ExtendedValveV2Tests) ... ok
test_positive_interference_is_never_clear (test_m64_extended_valve_assembly_v2.ExtendedValveV2Tests) ... ok
test_positive_lift_moves_toward_chamber (test_m64_extended_valve_assembly_v2.ExtendedValveV2Tests) ... ok
test_cap_does_not_block_diagnostic_completeness (test_m64_f58_quadrature_energy.EnergyTests) ... ok
test_complete_is_distinct_from_historical_and_native (test_m64_f58_quadrature_energy.EnergyTests) ... ok
test_component_corruption_refused (test_m64_f58_quadrature_energy.EnergyTests) ... ok
test_decimal_recalculation_does_not_trust_public_result (test_m64_f58_quadrature_energy.EnergyTests) ... ok
test_existing_output_preserved (test_m64_f58_quadrature_energy.EnergyTests) ... ok
test_extra_step_refused (test_m64_f58_quadrature_energy.EnergyTests) ... ok
test_fatal_refused (test_m64_f58_quadrature_energy.EnergyTests) ... ok
test_hash_refused (test_m64_f58_quadrature_energy.EnergyTests) ... ok
test_missing_step_refused (test_m64_f58_quadrature_energy.EnergyTests) ... ok
test_nonfinite_refused (test_m64_f58_quadrature_energy.EnergyTests) ... ok
test_nonzero_advection_refused_even_if_balanced (test_m64_f58_quadrature_energy.EnergyTests) ... ok
test_pair_time_grids_must_match_exactly (test_m64_f58_quadrature_energy.EnergyTests) ... ok
test_wrong_dt_refused (test_m64_f58_quadrature_energy.EnergyTests) ... ok
test_zero_denominator_is_null (test_m64_f58_quadrature_energy.EnergyTests) ... ok
test_duplicate_end_time_refused (test_m64_f58_quadrature_preparation.PreparationTests) ... ok
test_existing_output_refused (test_m64_f58_quadrature_preparation.PreparationTests) ... ok
test_historical_control_corruption_refused (test_m64_f58_quadrature_preparation.PreparationTests) ... ok
test_nested_function_write_interval_is_not_top_level_interval (test_m64_f58_quadrature_preparation.PreparationTests) ... ok
test_reference_corruption_refused (test_m64_f58_quadrature_preparation.PreparationTests) ... ok
test_source_change_during_preparation_refused (test_m64_f58_quadrature_preparation.PreparationTests) ... ok
test_success_two_decks_exact_minimal_changes (test_m64_f58_quadrature_preparation.PreparationTests) ... ok
test_symlink_refused (test_m64_f58_quadrature_preparation.PreparationTests) ... ok
test_thermal_contract_refused (test_m64_f58_quadrature_preparation.PreparationTests) ... ok
test_traversal_refused (test_m64_f58_quadrature_preparation.PreparationTests) ... ok
test_bounded_writer_and_timeout (test_m64_f58_quadrature_runner.Tests) ... ok
test_budget (test_m64_f58_quadrature_runner.Tests) ... ok
test_command (test_m64_f58_quadrature_runner.Tests) ... ok
test_grid_and_thermal (test_m64_f58_quadrature_runner.Tests) ... ok
test_hash_and_receipt_limit (test_m64_f58_quadrature_runner.Tests) ... ok
test_ownership (test_m64_f58_quadrature_runner.Tests) ... ok
test_paths (test_m64_f58_quadrature_runner.Tests) ... ok
test_resources_and_mounts (test_m64_f58_quadrature_runner.Tests) ... ok
test_source_links (test_m64_f58_quadrature_runner.Tests) ... ok
test_plane_passes_through_each_existing_seat_lip (test_m64_flowbench_candidate_roof.CandidateRoofTests) ... ok
test_ridge_and_base_are_derived_not_arbitrary_depth (test_m64_flowbench_candidate_roof.CandidateRoofTests) ... ok
test_unsupported_zero_inclination_rejected (test_m64_flowbench_candidate_roof.CandidateRoofTests) ... ok
test_actual_seat_owns_wholly_coincident_tool_plane_not_silent_relabel (test_m64_flowbench_gas_domain.GasDomainTests) ... ok
test_each_neck_must_connect_both_end_sections_without_trunk (test_m64_flowbench_gas_domain.GasDomainTests) ... ok
test_enrichment_verifies_artifacts_and_keeps_failed_geometry_gates (test_m64_flowbench_gas_domain.GasDomainTests) ... ok
test_guide_seal_annulus_is_not_full_bore_or_radial_clearance (test_m64_flowbench_gas_domain.GasDomainTests) ... ok
test_invalid_or_out_of_order_profile_rejected (test_m64_flowbench_gas_domain.GasDomainTests) ... ok
test_seat_interior_retains_real_conical_segments (test_m64_flowbench_gas_domain.GasDomainTests) ... ok
test_C0_advisory_is_hash_bound_and_does_not_promote_failed_gates (test_m64_flowbench_gas_mesh.GasMeshTests) ... ok
test_boundary_partition_requires_exact_nonoverlapping_coverage (test_m64_flowbench_gas_mesh.GasMeshTests) ... ok
test_guide_frame_reference_does_not_reuse_an_earlier_mesh_acceptance (test_m64_flowbench_gas_mesh.GasMeshTests) ... ok
test_guide_refinement_binds_all_eight_exact_cylinders_without_claiming_a_bound (test_m64_flowbench_gas_mesh.GasMeshTests) ... ok
test_like_integrator_volume_reference_retains_adaptive_difference_and_tolerance (test_m64_flowbench_gas_mesh.GasMeshTests) ... ok
test_local_size_field_preserves_CAD_and_global_minimum (test_m64_flowbench_gas_mesh.GasMeshTests) ... ok
test_local_surface_algorithm_is_bound_to_exact_native_face_not_raw_Gmsh_tag (test_m64_flowbench_gas_mesh.GasMeshTests) ... ok
test_missing_boundary_is_not_hidden_by_present_physical_names (test_m64_flowbench_gas_mesh.GasMeshTests) ... ok
test_msh22_physical_names_and_boundary_orientation (test_m64_flowbench_gas_mesh.GasMeshTests) ... ok
test_msh_parser_rejects_lost_groups_unknown_nodes_and_wrong_format (test_m64_flowbench_gas_mesh.GasMeshTests) ... ok
test_native_contract_preserves_subroles_and_rejects_any_failed_gate (test_m64_flowbench_gas_mesh.GasMeshTests) ... ok
test_nearest_boundary_checkpoint_is_diagnostic_at_submesh_spacing (test_m64_flowbench_gas_mesh.GasMeshTests) ... ok
test_reversed_boundary_triangle_is_reported (test_m64_flowbench_gas_mesh.GasMeshTests) ... ok
test_segmented_face38_uses_new_pinned_face_and_actual_Gmsh_binding (test_m64_flowbench_gas_mesh.GasMeshTests) ... ok
test_segmented_inventory_cannot_be_an_old_mesh_review_or_a_chord_pass (test_m64_flowbench_gas_mesh.GasMeshTests) ... ok
test_segmented_path_is_explicit_native_only_not_historical_C0_or_STEP (test_m64_flowbench_gas_mesh.GasMeshTests) ... ok
test_surface_only_parser_preserves_patches_and_rejects_volume_elements (test_m64_flowbench_gas_mesh.GasMeshTests) ... ok
test_surface_topology_detects_missing_duplicate_and_reversed_facets (test_m64_flowbench_gas_mesh.GasMeshTests) ... ok
test_volume_algorithm_changes_only_explicit_3D_choice (test_m64_flowbench_gas_mesh.GasMeshTests) ... ok
test_volume_quadrature_receipt_requires_exact_native_source_and_adaptive_estimate (test_m64_flowbench_gas_mesh.GasMeshTests) ... ok
test_lift_is_along_inclined_valve_axis (test_m64_flowbench_intake_inspection.PilotInspectionTests) ... ok
test_nominal_overlap_not_entire_fluid_domain (test_m64_flowbench_intake_inspection.PilotInspectionTests) ... ok
test_reject_gap_or_invalid_probe (test_m64_flowbench_intake_inspection.PilotInspectionTests) ... ok
test_bad_inputs_rejected (test_m64_flowbench_reference.FlowbenchReferenceTests) ... ok
test_choked_limit_independent_formula_and_plateau (test_m64_flowbench_reference.FlowbenchReferenceTests) ... ok
test_declared_pilot_is_not_a_head_result (test_m64_flowbench_reference.FlowbenchReferenceTests) ... ok
test_low_pressure_drop_matches_bernoulli_limit (test_m64_flowbench_reference.FlowbenchReferenceTests) ... ok
test_no_pressure_drop (test_m64_flowbench_reference.FlowbenchReferenceTests) ... ok
test_conical_contact_and_guide_clearance (test_m64_four_valve_distribution.FourValveDistributionTests) ... ok
test_defaults_and_outward_axes (test_m64_four_valve_distribution.FourValveDistributionTests) ... ok
test_exact_integrity_receipts_bind_both_assemblies (test_m64_four_valve_distribution.FourValveDistributionTests) ... ok
test_native_artifact_integrity_and_explicit_limits (test_m64_four_valve_distribution.FourValveDistributionTests) ... ok
test_no_scan_or_manufacturing_claim (test_m64_four_valve_distribution.FourValveDistributionTests) ... ok
test_reject_invalid_guide_and_stem_engagement (test_m64_four_valve_distribution.FourValveDistributionTests) ... ok
test_selected_lifts_not_cam_law (test_m64_four_valve_distribution.FourValveDistributionTests) ... ok
test_v2_tradeoff_is_preserved_not_claimed_pareto_improvement (test_m64_four_valve_distribution.FourValveDistributionTests) ... ok
test_reference_hash_and_error_metric (test_m64_g10_physicsnemo_field.FieldPilotChecks) ... skipped 'optional numerical runtime unavailable'
test_failed_neural_fields_are_not_released (test_m64_g10_physicsnemo_field.PublishedEvidenceChecks) ... ok
test_grid_keeps_parameters_independent_and_rejects_unapproved_variants (test_m64_g11_cad.G11CAD) ... ok
test_rigid_rocker_and_cam_transforms_match_native_construction (test_m64_g11_cad.G11CAD) ... skipped 'cadquery absent'
test_checkpoint_hash_and_source_are_checked (test_m64_g11_campaign.CampaignChecks) ... ok
test_controller_interruption_reaps_worker_process_group (test_m64_g11_campaign.CampaignChecks) ... ok
test_rejected_cad_and_insufficient_time_never_launch_solver (test_m64_g11_campaign.CampaignChecks) ... {"summary": "summary-0001.json", "selected_variants": {"carrier_base_p": null, "central_diaphragm": null}, "complete": false}
{"summary": "summary-0001.json", "selected_variants": {}, "complete": false}
ok
test_surface_width_and_frozen_reactions (test_m64_g11_campaign.CampaignChecks) ... ok
test_vector_gate_is_not_norm_only_or_manufacturing_release (test_m64_g11_campaign.CampaignChecks) ... ok
test_cap_symlink_and_traversal_fail_closed (test_m64_g11_collect.CollectionChecks) ... ok
test_inner_hash_rejects_changed_payload_even_with_matching_archive_hash (test_m64_g11_collect.CollectionChecks) ... ok
test_round_trip_preserves_results_and_records_omissions (test_m64_g11_collect.CollectionChecks) ... ok
test_delivery_incident_preserves_unknown_outcomes_and_evidence (test_m64_g11_handoff.G11HandoffChecks) ... ok
test_preparation_preserves_unqualified_inputs_and_shell_syntax (test_m64_g11_handoff.G11HandoffChecks) ... ok
test_published_cad_checks_do_not_release_the_part (test_m64_g11_handoff.G11HandoffChecks) ... ok
test_cold_collection_and_restart_use_existing_snapshot_and_archive (test_m64_g11_supervise.SupervisorChecks) ... ok
test_g12_launcher_keeps_bootstrap_and_retains_source_after_empty_output_start (test_m64_g11_supervise.SupervisorChecks) ... ok
test_network_corruption_foreign_identity_and_exhausted_budget_fail_closed (test_m64_g11_supervise.SupervisorChecks) ... ok
test_only_the_two_g12_candidate_ids_extend_the_metadata_allowlist (test_m64_g11_supervise.SupervisorChecks) ... ok
test_transport_byte_limit_and_timeout_kill_local_ssh_process (test_m64_g11_supervise.SupervisorChecks) ... ok
test_bounded_profiles_keep_upper_width (test_m64_g12_cad.G12CAD) ... ok
test_flare_preserves_upper_shape_and_is_connected (test_m64_g12_cad.G12CAD) ... skipped 'cadquery absent'
test_published_geometry_retains_rejections_without_a_stiffness_claim (test_m64_g12_cad.G12CAD) ... ok
test_deadline_failed_screen_and_interruption_do_not_promote_results (test_m64_g12_campaign.G12CampaignChecks) ... {"complete": false, "selected_variant": null}
{"id": "centre_w11_local24_foot24_h40", "size_mm": 2.0, "status": "failed", "returncode": 1, "wall_seconds": 0.00022983300732448697}
{"id": "centre_w11_local28_foot30_h50", "size_mm": 2.0, "status": "failed", "returncode": 1, "wall_seconds": 0.00010037497850134969}
{"complete": false, "selected_variant": null}
ok
test_published_cad_binding_rejects_changed_receipt_and_step (test_m64_g12_campaign.G12CampaignChecks) ... ok
test_recovery_binds_artifacts_source_and_case (test_m64_g12_campaign.G12CampaignChecks) ... ok
test_incomplete_campaign_keeps_failure_and_unrun_fine_mesh (test_m64_g12_receipt_audit.G12ReceiptAuditChecks) ... ok
test_missing_verified_archive_fails_before_any_analysis_output (test_m64_g12_receipt_audit.G12ReceiptAuditChecks) ... ok
test_published_evidence_preserves_hashes_failures_and_unqualified_scope (test_m64_g12_receipt_audit.G12ReceiptAuditChecks) ... ok
test_vector_rotation_and_stress_have_separate_gates (test_m64_g12_receipt_audit.G12ReceiptAuditChecks) ... ok
test_bounded_variants_and_foot_neck (test_m64_g13_cad.G13CAD) ... ok
test_spine_preserves_land_and_journals (test_m64_g13_cad.G13CAD) ... skipped 'cadquery absent'
test_campaign_snapshots_deadline_failure_and_interrupt_are_fail_closed (test_m64_g13_campaign.G13CampaignChecks) ... {"id": "centre_w11_spine60_t18", "size_mm": 2.0, "status": "completed", "returncode": 0, "wall_seconds": 0.00063699996098876, "path": "centre_w11_spine60_t18-2-attempt1/case.json", "sha256": "44136fa355b3678a1146ad16f7e8649e94fb4fc21fe77e8310c060f61caaff8a", "numerically_qualified": true, "maximum_journal_motion_mm": 0.03}
{"id": "centre_w11_spine60_t24", "size_mm": 2.0, "status": "completed", "returncode": 0, "wall_seconds": 0.0003815420204773545, "path": "centre_w11_spine60_t24-2-attempt1/case.json", "sha256": "44136fa355b3678a1146ad16f7e8649e94fb4fc21fe77e8310c060f61caaff8a", "numerically_qualified": true, "maximum_journal_motion_mm": 0.03}
{"id": "centre_w11_spine60_t30", "size_mm": 2.0, "status": "completed", "returncode": 0, "wall_seconds": 0.0003517080331221223, "path": "centre_w11_spine60_t30-2-attempt1/case.json", "sha256": "44136fa355b3678a1146ad16f7e8649e94fb4fc21fe77e8310c060f61caaff8a", "numerically_qualified": true, "maximum_journal_motion_mm": 0.03}
{"id": "outer_d30_w30", "size_mm": 2.0, "status": "completed", "returncode": 0, "wall_seconds": 0.0003527919761836529, "path": "outer_d30_w30-2-attempt1/case.json", "sha256": "44136fa355b3678a1146ad16f7e8649e94fb4fc21fe77e8310c060f61caaff8a", "numerically_qualified": true, "maximum_journal_motion_mm": 0.03}
{"id": "centre_w11_spine60_t18", "size_mm": 1.5, "status": "completed", "returncode": 0, "wall_seconds": 0.0003546249936334789, "path": "centre_w11_spine60_t18-1.5-attempt1/case.json", "sha256": "44136fa355b3678a1146ad16f7e8649e94fb4fc21fe77e8310c060f61caaff8a", "numerically_qualified": true, "maximum_journal_motion_mm": 0.03}
{"id": "outer_d30_w30", "size_mm": 1.5, "status": "completed", "returncode": 0, "wall_seconds": 0.0003530000103637576, "path": "outer_d30_w30-1.5-attempt1/case.json", "sha256": "44136fa355b3678a1146ad16f7e8649e94fb4fc21fe77e8310c060f61caaff8a", "numerically_qualified": true, "maximum_journal_motion_mm": 0.03}
{"id": "centre_w11_spine60_t18", "size_mm": 1.0, "status": "completed", "returncode": 0, "wall_seconds": 0.00034416699782013893, "path": "centre_w11_spine60_t18-1-attempt1/case.json", "sha256": "44136fa355b3678a1146ad16f7e8649e94fb4fc21fe77e8310c060f61caaff8a", "numerically_qualified": true, "maximum_journal_motion_mm": 0.03}
{"id": "outer_d30_w30", "size_mm": 1.0, "status": "completed", "returncode": 0, "wall_seconds": 0.0003488329821266234, "path": "outer_d30_w30-1-attempt1/case.json", "sha256": "44136fa355b3678a1146ad16f7e8649e94fb4fc21fe77e8310c060f61caaff8a", "numerically_qualified": true, "maximum_journal_motion_mm": 0.03}
{"id": "centre_w11_spine60_t18", "size_mm": 2.0, "status": "completed", "returncode": 0, "wall_seconds": 0.0005447090370580554, "path": "centre_w11_spine60_t18-2-attempt1/case.json", "sha256": "44136fa355b3678a1146ad16f7e8649e94fb4fc21fe77e8310c060f61caaff8a", "numerically_qualified": true, "maximum_journal_motion_mm": 0.05}
{"id": "centre_w11_spine60_t24", "size_mm": 2.0, "status": "completed", "returncode": 0, "wall_seconds": 0.0003887080238200724, "path": "centre_w11_spine60_t24-2-attempt1/case.json", "sha256": "44136fa355b3678a1146ad16f7e8649e94fb4fc21fe77e8310c060f61caaff8a", "numerically_qualified": true, "maximum_journal_motion_mm": 0.05}
{"id": "centre_w11_spine60_t30", "size_mm": 2.0, "status": "completed", "returncode": 0, "wall_seconds": 0.00035454099997878075, "path": "centre_w11_spine60_t30-2-attempt1/case.json", "sha256": "44136fa355b3678a1146ad16f7e8649e94fb4fc21fe77e8310c060f61caaff8a", "numerically_qualified": true, "maximum_journal_motion_mm": 0.05}
{"id": "outer_d30_w30", "size_mm": 2.0, "status": "completed", "returncode": 0, "wall_seconds": 0.00039008300518617034, "path": "outer_d30_w30-2-attempt1/case.json", "sha256": "44136fa355b3678a1146ad16f7e8649e94fb4fc21fe77e8310c060f61caaff8a", "numerically_qualified": true, "maximum_journal_motion_mm": 0.05}
{"id": "centre_w11_spine60_t18", "size_mm": 2.0, "status": "failed", "returncode": 1, "wall_seconds": 0.0006387080065906048}
{"id": "centre_w11_spine60_t24", "size_mm": 2.0, "status": "failed", "returncode": 1, "wall_seconds": 0.00042579200817272067}
{"id": "centre_w11_spine60_t30", "size_mm": 2.0, "status": "failed", "returncode": 1, "wall_seconds": 0.0003790000337176025}
{"id": "outer_d30_w30", "size_mm": 2.0, "status": "failed", "returncode": 1, "wall_seconds": 0.00036579096922650933}
ok
test_convergence_uses_vectors_not_equal_norms_and_keeps_p95_gate (test_m64_g13_campaign.G13CampaignChecks) ... ok
test_mirror_binds_original_step_sidecar_and_all_nonempty_finite_masks (test_m64_g13_campaign.G13CampaignChecks) ... ok
test_reference_requires_all_serial_rows_and_exact_retained_artifacts (test_m64_g13_campaign.G13CampaignChecks) ... ok
test_select_smallest_volume_margin_then_best_near_threshold_never_above (test_m64_g13_campaign.G13CampaignChecks) ... ok
test_serial_logs_require_all_reported_counts_and_clean_completion (test_m64_g13_campaign.G13CampaignChecks) ... ok
test_all_repeats_required_and_no_failed_serial_selection (test_m64_g13_reference.G13ReferenceChecks) ... ok
test_deadline_and_unchanged_crosscheck_gates (test_m64_g13_reference.G13ReferenceChecks) ... ok
test_exact_sources_and_inputs_reject_changed_deck (test_m64_g13_reference.G13ReferenceChecks) ... ok
test_explicit_threads_are_observed_and_timeout_kills_group (test_m64_g13_reference.G13ReferenceChecks) ... ok
test_mock_full_run_retains_all_five_and_original_rejection (test_m64_g13_reference.G13ReferenceChecks) ... {"id": "t4-z-r1", "passed": false, "compared": true}
{"id": "t4-z-r2", "passed": true, "compared": true}
{"id": "t1-z-r1", "passed": true, "compared": true}
{"id": "t1-z-r2", "passed": true, "compared": true}
{"id": "t1-x-control", "passed": true, "compared": true}
ok
test_current_cad_views_and_prepared_linux_recipe_are_pinned (test_m64_g14_evidence.G14Evidence) ... ok
test_failed_medium_solve_is_not_a_target_or_resource_failure (test_m64_g14_evidence.G14Evidence) ... ok
test_medium_result_and_plug_nonaggravation_are_not_final_acceptance (test_m64_g14_evidence.G14Evidence) ... ok
test_mesh_preflight_and_preconditioner_are_not_acceptance (test_m64_g14_evidence.G14Evidence) ... ok
test_native_sources_and_coarse_results (test_m64_g14_evidence.G14Evidence) ... ok
test_prepared_fine_decks_are_not_fine_solve_evidence (test_m64_g14_evidence.G14Evidence) ... ok
test_rebuilt_reference_is_two_load_numerical_proof_not_medium_acceptance (test_m64_g14_evidence.G14Evidence) ... ok
test_retained_energy_diagnostic_is_balanced_not_a_new_solve (test_m64_g14_evidence.G14Evidence) ... ok
test_retry_preserves_original_failed_execution (test_m64_g14_evidence.G14Evidence) ... ok
test_edges_read_the_result_of_their_own_stud_pattern (test_m64_g1_four_valve_twins.BoreSweepTests) ... ok
test_recorded_sweep_is_consistent (test_m64_g1_four_valve_twins.BoreSweepTests) ... ok
test_sweep_flags_exploratory_band_and_stud_consequence (test_m64_g1_four_valve_twins.BoreSweepTests) ... ok
test_head_valid_single_solid_and_brep_distance_not_below_analytic (test_m64_g1_four_valve_twins.CadTests) ... skipped 'cadquery indisponible'
test_935_start_fails_and_is_reported_not_adjusted (test_m64_g1_four_valve_twins.ChecksTests) ... ok
test_coil_bind_uses_published_gsc_values (test_m64_g1_four_valve_twins.ChecksTests) ... ok
test_large_bore_checks_become_limiting (test_m64_g1_four_valve_twins.ChecksTests) ... ok
test_manifest_is_consistent_with_inputs (test_m64_g1_four_valve_twins.EvidenceTests) ... ok
test_recorded_best_reproduces_with_numpy_only (test_m64_g1_four_valve_twins.EvidenceTests) ... ok
test_derivations (test_m64_g1_four_valve_twins.GeometryTests) ... ok
test_plug_opening_lies_on_roof (test_m64_g1_four_valve_twins.GeometryTests) ... ok
test_segment_distance_matches_brute_force (test_m64_g1_four_valve_twins.GeometryTests) ... ok
test_small_search_is_deterministic_and_logs_every_trial (test_m64_g1_four_valve_twins.IterationTests) ... ok
test_lift_table_uses_v1_law_and_swindon_lift (test_m64_g1_four_valve_twins.KinematicsTests) ... ok
test_pair_distance_vectorised_equals_direct_and_detects_penetration (test_m64_g1_four_valve_twins.KinematicsTests) ... ok
test_piston_crown_tdc_bdc (test_m64_g1_four_valve_twins.KinematicsTests) ... ok
test_valve_piston_gap_flat_crown_by_hand (test_m64_g1_four_valve_twins.KinematicsTests) ... ok
test_design_space_protects_sourced_values (test_m64_g1_four_valve_twins.ProvenanceTests) ... ok
test_every_parameter_has_known_provenance_and_counts_sum (test_m64_g1_four_valve_twins.ProvenanceTests) ... ok
test_modified_values_are_refused_for_each_source_kind (test_m64_g1_four_valve_twins.ProvenanceTests) ... ok
test_unsourced_and_derived_rules (test_m64_g1_four_valve_twins.ProvenanceTests) ... ok
test_generation_is_valid_and_not_master (test_m64_g1_parametric_skeleton.GenerationTests) ... skipped 'cadquery indisponible'
test_contract_value_changed_without_source_is_refused (test_m64_g1_parametric_skeleton.ProvenanceTests) ... ok
test_current_parameters_resolve (test_m64_g1_parametric_skeleton.ProvenanceTests) ... ok
test_modified_sourced_value_is_refused (test_m64_g1_parametric_skeleton.ProvenanceTests) ... ok
test_placeholder_refused_once_contract_sources_interface (test_m64_g1_parametric_skeleton.ProvenanceTests) ... ok
test_unsourced_cannot_pose_as_sourced (test_m64_g1_parametric_skeleton.ProvenanceTests) ... ok
test_unsourced_citing_path_or_unknown_provenance_is_refused (test_m64_g1_parametric_skeleton.ProvenanceTests) ... ok
test_band_gap_is_zero_inside_the_widened_band_and_positive_outside (test_m64_g2_head_features.G2CompressionCriterionTests) ... ok
test_calibration_is_applied_and_declared (test_m64_g2_head_features.G2CompressionCriterionTests) ... ok
test_compression_ranks_only_accepted_trials (test_m64_g2_head_features.G2CompressionCriterionTests) ... ok
test_connected_volume_excludes_other_voids_and_handles_overlapping_solids (test_m64_g2_head_features.G2CompressionCriterionTests)
Volumes analytiques : 16 mm³ fermés, 1 mm³ séparé, pièces occupantes recouvrantes. ... skipped 'cadquery absent'
test_proxy_counts_piston_pockets (test_m64_g2_head_features.G2CompressionCriterionTests)
Les poches manquaient au proxy : 4 poches de 3,9 mm valent une quinzaine de cm³. ... ok
test_run_rejects_unmeasurable_compression_without_crashing (test_m64_g2_head_features.G2CompressionCriterionTests) ... skipped 'cadquery absent'
test_search_record_carries_compression_only_in_g2 (test_m64_g2_head_features.G2CompressionCriterionTests) ... ok
test_cylinders_carry_segments_and_gallery_into_checks (test_m64_g2_head_features.G2FeatureTests) ... ok
test_every_g2_parameter_is_declared_unsourced_with_hypothesis (test_m64_g2_head_features.G2FeatureTests) ... ok
test_fins_stay_outside_block_and_below_carrier_face (test_m64_g2_head_features.G2FeatureTests) ... ok
test_g1_is_unchanged_without_extra_parameters (test_m64_g2_head_features.G2FeatureTests) ... ok
test_head_single_solid_does_not_prove_a_closed_chamber (test_m64_g2_head_features.G2FeatureTests) ... skipped 'cadquery absent'
test_port_path_starts_on_valve_axis_and_ends_on_flange (test_m64_g2_head_features.G2FeatureTests) ... ok
test_candidate_is_closed_window_invariant_but_missing_plug_is_rejected (test_m64_g2_head_features.SparkPlugEnvelopeTests) ... skipped 'cadquery absent'
test_socket_uses_shared_geometry_checks_and_rejects_invalid_dimensions (test_m64_g2_head_features.SparkPlugEnvelopeTests) ... ok
test_all_four_contacts_have_analytic_area_and_zero_penetration (test_m64_g3_seat_contact.SeatContactTests) ... skipped 'cadquery absent'
test_invalid_profile_is_rejected_without_clamping (test_m64_g3_seat_contact.SeatContactTests) ... ok
test_lateral_port_leak_is_rejected_and_closed_volume_is_window_invariant (test_m64_g3_seat_contact.SeatContactTests) ... skipped 'cadquery absent'
test_centre_below_face_is_not_enough_and_lowering_floor_restores_check (test_m64_g4_spring_layout.SpringFloorTests) ... ok
test_disk_extent_matches_native_brep_for_both_sides (test_m64_g4_spring_layout.SpringFloorTests) ... skipped 'cadquery absent'
test_pocket_tool_exits_the_face_and_spring_does_not_penetrate_head (test_m64_g4_spring_layout.SpringFloorTests) ... skipped 'cadquery absent'
test_articulated_output_reproduces_law_and_stays_on_stem (test_m64_g5_rocker_train.RockerTrainTests) ... ok
test_assembly_does_not_round_valve_lift_to_integer_crank_degrees (test_m64_g5_rocker_train.RockerTrainTests) ... skipped 'cadquery absent'
test_contact_is_global_and_converges_with_profile_resolution (test_m64_g5_rocker_train.RockerTrainTests) ... ok
test_invalid_geometry_is_rejected (test_m64_g5_rocker_train.RockerTrainTests) ... ok
test_native_contacts_at_peak_lift_and_no_rocker_collisions (test_m64_g5_rocker_train.RockerTrainTests) ... skipped 'cadquery absent'
test_beam_finite_elements_match_closed_form_and_scaling (test_m64_g6_carrier_screens.G6Screens) ... ok
test_carrier_is_separate_valid_connected_and_clear_of_existing_parts (test_m64_g6_carrier_screens.G6Screens) ... skipped 'cadquery absent'
test_closed_cavity_is_detected_and_open_bore_is_not (test_m64_g6_carrier_screens.G6Screens) ... skipped 'cadquery absent'
test_fin_two_methods_converge_and_reject_invalid_input (test_m64_g6_carrier_screens.G6Screens) ... ok
test_hot_fit_and_load_failures_remain_visible (test_m64_g6_carrier_screens.G6Screens) ... ok
test_thermal_budget_is_failed_not_promoted_to_qualification (test_m64_g6_carrier_screens.G6Screens) ... ok
test_design_comparison_preserves_failed_heat_and_valve_gates (test_m64_g7_local_supports_cooling.G7Checks) ... ok
test_finite_air_energy_balance_and_convergence (test_m64_g7_local_supports_cooling.G7Checks) ... ok
test_native_supports_and_head_keep_no_penetrations (test_m64_g7_local_supports_cooling.G7Checks) ... skipped 'cadquery absent'
test_shaft_two_methods_scaling_and_explicit_carrier_exclusion (test_m64_g7_local_supports_cooling.G7Checks) ... ok
test_published_receipt_when_present (test_m64_g8_carrier_pilot.G8PilotChecks) ... ok
test_quadratic_surface_loads_and_solver_vectors (test_m64_g8_carrier_pilot.G8PilotChecks) ... ok
test_mapping_triangle_solver_and_rejection (test_m64_g8_matrix_benchmark.MatrixBenchmarkChecks) ... skipped 'optional NumPy/SciPy sparse runtime unavailable; use benchmark venv'
test_gpu_trials_keep_scope_and_verified_cleanup (test_m64_g8_matrix_benchmark.PublishedAuditChecks) ... ok
test_historical_failure_is_not_silently_cleared (test_m64_g8_matrix_benchmark.PublishedAuditChecks) ... ok
test_published_campaign_keeps_failed_engineering_gates (test_m64_g9_reference_campaign.MeshSummaryChecks) ... ok
test_stabilization_does_not_release_failed_geometry (test_m64_g9_reference_campaign.MeshSummaryChecks) ... ok
test_negative_z_load_and_rejection (test_m64_g9_reference_campaign.ReferenceChecks) ... skipped 'optional numerical runtime unavailable'
test_resume_rejects_changed_checkpoint_artifact (test_m64_g9_reference_campaign.ReferenceChecks) ... skipped 'optional numerical runtime unavailable'
test_displaced_vertex_fault_is_not_lost_in_context (test_m64_gas_boolean_diagnostic.NativeDiagnosticTests) ... skipped 'native OCP runtime required'
test_real_nested_void_is_retained_not_repaired (test_m64_gas_boolean_diagnostic.NativeDiagnosticTests) ... skipped 'native OCP runtime required'
test_shared_native_face_between_shells_is_explicit (test_m64_gas_boolean_diagnostic.NativeDiagnosticTests) ... skipped 'native OCP runtime required'
test_valid_box_has_no_faults (test_m64_gas_boolean_diagnostic.NativeDiagnosticTests) ... skipped 'native OCP runtime required'
test_diametral_clearance_is_halved_and_never_zero (test_m64_gas_boundary_audit.GapTests) ... ok
test_missing_annular_area_or_invalid_fixture_is_rejected (test_m64_gas_boundary_audit.GapTests) ... ok
test_fixture_is_only_the_gap_annulus_not_full_guide_bore (test_m64_gas_boundary_audit.NativeBoundaryTests) ... skipped 'native OCP runtime required'
test_native_full_seat_band_disappears_when_valve_is_open (test_m64_gas_boundary_audit.NativeBoundaryTests) ... skipped 'native OCP runtime required'
test_registration_and_lift_are_combined_once (test_m64_gas_boundary_audit.NativeBoundaryTests) ... skipped 'native OCP runtime required'
test_actual_right_angle_is_continuous_not_called_smooth (test_m64_gas_domain_advisories.KnotTests) ... skipped 'native OCP runtime required'
test_knot_outside_trim_is_not_a_fault_within_trim (test_m64_gas_domain_advisories.KnotTests) ... skipped 'native OCP runtime required'
test_parameter_speed_jump_need_not_be_tangent_break (test_m64_gas_domain_advisories.KnotTests) ... skipped 'native OCP runtime required'
test_gap_other_fault_or_incomplete_boundary_is_not_waived (test_m64_gas_domain_advisories.MeshAttemptTests) ... ok
test_geometric_kink_is_not_a_universal_C1_rejection (test_m64_gas_domain_advisories.MeshAttemptTests) ... ok
test_axial_coverage_hole_and_wrong_component_are_rejected (test_m64_guide_chords.GuideChordTests) ... ok
test_below_guide_stems_remain_in_inventory_with_explicit_exclusions (test_m64_guide_chords.GuideChordTests) ... ok
test_boundary_touch_parallel_and_miss_are_not_claimed_proper (test_m64_guide_chords.GuideChordTests) ... ok
test_missing_portion_or_inventoried_extra_overlap_cannot_pass (test_m64_guide_chords.GuideChordTests) ... ok
test_native_registration_dispatch_does_not_reuse_historical_profile (test_m64_guide_chords.GuideChordTests) ... ok
test_partial_band_or_wrong_axis_cannot_use_interval_coverage (test_m64_guide_chords.GuideChordTests) ... ok
test_pure_gate_rejects_coarse_chords_but_accepts_local_fine_envelope (test_m64_guide_chords.GuideChordTests) ... ok
test_remapped_Gmsh_entity_tags_preserve_the_native_gate (test_m64_guide_chords.GuideChordTests) ... ok
test_segmented_domain_cannot_reuse_old_face_hashes_or_manifest (test_m64_guide_chords.GuideChordTests) ... ok
test_short_chord_budget_preserves_margin_in_radial_gap (test_m64_guide_chords.GuideChordTests) ... ok
test_strict_exact_crossing_and_orientation_invariance (test_m64_guide_chords.GuideChordTests) ... ok
test_triangle_spanning_axis_uses_whole_interior_not_edge_bound (test_m64_guide_chords.GuideChordTests) ... ok
test_unified_domain_cannot_relabel_old_frames_or_old_manifest (test_m64_guide_chords.GuideChordTests) ... ok
test_unified_domain_uses_its_eight_native_portions_and_unchanged_gap_budget (test_m64_guide_chords.GuideChordTests) ... ok
test_unified_native_cylinder_diagnostic_groups_by_current_native_ids (test_m64_guide_chords.GuideChordTests) ... ok
test_unified_worst_portion_or_missing_portion_cannot_pass (test_m64_guide_chords.GuideChordTests) ... ok
test_worst_portion_controls_whole_component_not_old_four_pairs (test_m64_guide_chords.GuideChordTests) ... ok
test_bernstein_linear_elevation (test_m64_implicit_bubble.ImplicitBubbleTests) ... ok
test_bounded_search_normalizes_symmetric_field (test_m64_implicit_bubble.ImplicitBubbleTests) ... ok
test_product_and_derivative (test_m64_implicit_bubble.ImplicitBubbleTests) ... ok
test_zero_value_and_gradient_at_squared_border (test_m64_implicit_bubble.ImplicitBubbleTests) ... ok
test_embedded_insert_is_not_an_interface_contact (test_m64_insert_contacts.InsertContactTests) ... skipped 'qualified OCP runtime required'
test_full_contact_and_half_exposed_guide (test_m64_insert_contacts.InsertContactTests) ... skipped 'qualified OCP runtime required'
test_gap_is_not_contact_and_wrong_side_is_rejected (test_m64_insert_contacts.InsertContactTests) ... skipped 'qualified OCP runtime required'
test_material_addition_cannot_pass_as_port_removal (test_m64_insert_contacts.InsertContactTests) ... skipped 'qualified OCP runtime required'
test_subtolerance_gap_can_appear_coincident (test_m64_insert_contacts.InsertContactTests) ... skipped 'qualified OCP runtime required'
test_boundary_zero_unexpected_or_wrong_type_rejected (test_m64_intake_openfoam_case.IntakeOpenFOAMCaseTests) ... ok
test_checkmesh_success_requires_explicit_statement (test_m64_intake_openfoam_case.IntakeOpenFOAMCaseTests) ... ok
test_compressible_energy_sst_and_all_wall_fields (test_m64_intake_openfoam_case.IntakeOpenFOAMCaseTests) ... ok
test_gmsh_wall_type_changes_only_one_metadata_word (test_m64_intake_openfoam_case.IntakeOpenFOAMCaseTests) ... ok
test_head_run_requires_exact_mesh_and_native_boundary_review (test_m64_intake_openfoam_case.IntakeOpenFOAMCaseTests) ... ok
test_mass_flow_every_patch_not_only_outlet (test_m64_intake_openfoam_case.IntakeOpenFOAMCaseTests) ... ok
test_mesh_format_is_not_geometry_qualification (test_m64_intake_openfoam_case.IntakeOpenFOAMCaseTests) ... ok
test_reject_unphysical_inputs_and_changed_scope (test_m64_intake_openfoam_case.IntakeOpenFOAMCaseTests) ... ok
test_runtime_receipt_identifies_executed_sources_without_head_claims (test_m64_intake_openfoam_case.IntakeOpenFOAMCaseTests) ... ok
test_total_pressure_and_temperature_not_static_inlet (test_m64_intake_openfoam_case.IntakeOpenFOAMCaseTests) ... ok
test_bore_is_not_register_and_legacy_geometry_not_transferred (test_m64_interface_contract.M64InterfaceContractTests) ... ok
test_deleted_interface_cannot_evade_gate (test_m64_interface_contract.M64InterfaceContractTests) ... ok
test_fabrication_claim_with_unknown_interfaces_is_rejected (test_m64_interface_contract.M64InterfaceContractTests) ... ok
test_found_requires_nominal_and_tolerance (test_m64_interface_contract.M64InterfaceContractTests) ... ok
test_g0_statuses_and_partial_facts_are_valid (test_m64_interface_contract.M64InterfaceContractTests) ... ok
test_manual_ocr_is_not_promoted_to_design (test_m64_interface_contract.M64InterfaceContractTests) ... ok
test_missing_tolerance_remains_blocker_even_with_nominal (test_m64_interface_contract.M64InterfaceContractTests) ... ok
test_nominal_without_source_is_rejected (test_m64_interface_contract.M64InterfaceContractTests) ... ok
test_partial_fact_promotion_or_unregistered_source_is_rejected (test_m64_interface_contract.M64InterfaceContractTests) ... ok
test_research_contract_is_valid_but_not_released (test_m64_interface_contract.M64InterfaceContractTests) ... ok
test_unregistered_reference_is_rejected (test_m64_interface_contract.M64InterfaceContractTests) ... ok
test_exact_factor_bound_and_target (test_m64_isolated_C2.IsolatedC2Tests) ... ok
test_public_rejection_is_not_solid_or_manufacturing_evidence (test_m64_isolated_C2.IsolatedC2Tests) ... ok
test_support_keeps_actual_target_centered (test_m64_isolated_C2.IsolatedC2Tests) ... ok
test_aggregate_budget_refused (test_m64_jobs_234.PreparationTest) ... ok
test_contour_change_refused (test_m64_jobs_234.PreparationTest) ... ok
test_duplicate_job_refused (test_m64_jobs_234.PreparationTest) ... ok
test_existing_output_preserved (test_m64_jobs_234.PreparationTest) ... ok
test_hash_mismatch_refused_before_output (test_m64_jobs_234.PreparationTest) ... ok
test_negative_or_nonfinite_reserve_refused (test_m64_jobs_234.PreparationTest) ... ok
test_no_release_or_rental_switch (test_m64_jobs_234.PreparationTest) ... ok
test_no_unreviewed_job_admission (test_m64_jobs_234.PreparationTest) ... ok
test_path_traversal_and_absolute_input_refused (test_m64_jobs_234.PreparationTest) ... ok
test_pilot_budget_refused (test_m64_jobs_234.PreparationTest) ... ok
test_real_packet_pins_and_keeps_physics_blocked (test_m64_jobs_234.PreparationTest) ... ok
test_reserved_output_name_refused (test_m64_jobs_234.PreparationTest) ... ok
test_symlink_parent_refused (test_m64_jobs_234.PreparationTest) ... ok
test_closed_cavity_is_not_mistaken_for_filled_material (test_m64_junction_diagnostic.JunctionTests) ... skipped 'optional voxel/ray runtime'
test_native_box_section_and_material_chord (test_m64_junction_diagnostic.JunctionTests) ... skipped 'optional native CAD runtime'
test_partial_final_layer_and_missing_layer_refusal (test_m64_junction_diagnostic.JunctionTests) ... ok
test_size_is_local_bounded_and_rejects_nonfinite_inputs (test_m64_junction_diagnostic.JunctionTests) ... ok
test_batch_report_collision_preserves_command_output (test_m64_local_batch.LocalBatchTests) ... ok
test_campaign_caps_cumulative_command_time (test_m64_local_batch.LocalBatchTests) ... ok
test_cleanup_failure_not_claimed_complete (test_m64_local_batch.LocalBatchTests) ... ok
test_descendant_is_killed_not_only_parent (test_m64_local_batch.LocalBatchTests) ... ok
test_direct_remote_container_or_shell_commands_refused (test_m64_local_batch.LocalBatchTests) ... ok
test_gate_false_one_null_and_missing_are_not_true (test_m64_local_batch.LocalBatchTests) ... ok
test_gate_missing_file_stops (test_m64_local_batch.LocalBatchTests) ... ok
test_gate_missing_key_stops (test_m64_local_batch.LocalBatchTests) ... ok
test_gate_path_escape_refused (test_m64_local_batch.LocalBatchTests) ... ok
test_input_changed_by_first_command_stops_next_command (test_m64_local_batch.LocalBatchTests) ... ok
test_interruption_cleans_child_and_restores_signal_handlers (test_m64_local_batch.LocalBatchTests) ... ok
test_later_command_cannot_change_a_passed_gate (test_m64_local_batch.LocalBatchTests) ... ok
test_literal_shell_characters_are_not_executed (test_m64_local_batch.LocalBatchTests) ... ok
test_manifest_pin_cannot_be_silently_replaced (test_m64_local_batch.LocalBatchTests) ... ok
test_nonfinite_zero_boolean_and_unbounded_timeouts_refused (test_m64_local_batch.LocalBatchTests) ... ok
test_nonzero_stops_without_retry_or_second_step (test_m64_local_batch.LocalBatchTests) ... ok
test_old_gate_from_prior_command_refused (test_m64_local_batch.LocalBatchTests) ... ok
test_output_existing_is_untouched (test_m64_local_batch.LocalBatchTests) ... ok
test_oversize_manifest_stops_before_launch (test_m64_local_batch.LocalBatchTests) ... ok
test_script_pin_required_before_any_command (test_m64_local_batch.LocalBatchTests) ... ok
test_signal_callback_stops (test_m64_local_batch.LocalBatchTests) ... ok
test_success_two_steps_gate_logs_and_private_summary (test_m64_local_batch.LocalBatchTests) ... ok
test_timeout_kills_and_waits_for_process_group (test_m64_local_batch.LocalBatchTests) ... ok
test_unpinned_script_rejected (test_m64_local_batch.LocalBatchTests) ... ok
test_zero_nine_commands_and_string_argv_refused (test_m64_local_batch.LocalBatchTests) ... ok
test_image_and_global_bound_have_exact_identity (test_m64_local_repair_summary.LocalRepairSummaryTests) ... ok
test_paired_counts_and_local_gain (test_m64_local_repair_summary.LocalRepairSummaryTests) ... ok
test_research_geometry_never_released_as_M64 (test_m64_local_repair_summary.LocalRepairSummaryTests) ... ok
test_summary_has_no_private_coordinates_or_indices (test_m64_local_repair_summary.LocalRepairSummaryTests) ... ok
test_selection_uses_bound_source_identity_not_gmsh_tag_order (test_m64_local_surface_trial.SurfaceTrialTests) ... ok
test_applicability_is_2v_not_released (test_m64_manual_group15.Group15RegistryTests) ... ok
test_key_values (test_m64_manual_group15.Group15RegistryTests) ... ok
test_no_long_text (test_m64_manual_group15.Group15RegistryTests) ... ok
test_schema (test_m64_manual_group15.Group15RegistryTests) ... ok
test_timing_conflict_kept_open (test_m64_manual_group15.Group15RegistryTests) ... ok
test_defaults_untouched_and_stock_sourced (test_m64_manual_group15.StockManualParameterTests) ... ok
test_stock_law_is_computable (test_m64_manual_group15.StockManualParameterTests) ... ok
test_complete_coverage_is_required_and_patches_cannot_mask_bad_errors (test_m64_meshers_2026.FluxCoverageTests) ... ok
test_bilinear_surface_crosses_a_knot_and_preserves_reversed_orientation (test_m64_meshers_2026.FluxTests) ... skipped 'isolated OCP 8 / SciPy runtime is optional'
test_classified_parser_excludes_outer_tetrahedra (test_m64_meshers_2026.OrientationTests) ... ok
test_convention_is_uniform_not_a_local_inversion_repair (test_m64_meshers_2026.OrientationTests) ... ok
test_disconnected_tetrahedra_are_not_deleted (test_m64_meshers_2026.RegionTests) ... skipped 'optional compiled SciPy sparse runtime is unavailable; exercise on Linux'
test_mesh_bounds_and_finiteness (test_m64_native_body_export.NativeExportTests) ... ok
test_requires_an_exact_sha256 (test_m64_native_body_export.NativeExportTests) ... ok
test_native_gates_do_not_accept_earlier_invalid_split (test_m64_native_c0_segmentation.NativeSegmentationTests) ... ok
test_parameter_partition_not_missing_overlapping_or_nonfinite (test_m64_native_c0_segmentation.NativeSegmentationTests) ... ok
test_air_material_and_ambiguous_segments (test_m64_native_junction_blend.NativeJunctionTests) ... skipped 'optional native geometry runtime'
test_even_accepted_mesh_does_not_release_physics (test_m64_native_mesh_gate.MeshGateTests) ... ok
test_inconsistent_counts_or_acceptance (test_m64_native_mesh_gate.MeshGateTests) ... ok
test_missing_or_truthy_flags_are_not_proof (test_m64_native_mesh_gate.MeshGateTests) ... ok
test_read_hash_and_size (test_m64_native_mesh_gate.MeshGateTests) ... ok
test_rejection_is_not_hidden_by_completed_commands (test_m64_native_mesh_gate.MeshGateTests) ... ok
test_unidentified_families_is_a_strict_count_not_a_list (test_m64_native_mesh_gate.MeshGateTests) ... ok
test_unknown_set_and_new_flags (test_m64_native_mesh_gate.MeshGateTests) ... ok
test_unpaired_receipts (test_m64_native_mesh_gate.MeshGateTests) ... ok
test_exact_same_support_group (test_m64_native_port_unification.NativePortUnificationTests) ... ok
test_extra_face_or_protected_interface_never_removed (test_m64_native_port_unification.NativePortUnificationTests) ... ok
test_only_explicit_verified_seam_may_be_unprotected (test_m64_native_port_unification.NativePortUnificationTests) ... ok
test_post_operation_protected_edges_and_source_are_required (test_m64_native_port_unification.NativePortUnificationTests) ... ok
test_wrong_support_role_or_provenance_rejected (test_m64_native_port_unification.NativePortUnificationTests) ... ok
test_inversion_and_missing_boundary_triangle_are_both_reported (test_m64_native_ported_mesh.NativePortedMeshTests) ... ok
test_positive_tetra_with_noncontiguous_tags_and_complete_boundary (test_m64_native_ported_mesh.NativePortedMeshTests) ... ok
test_quality_count_and_volume_fractions_are_distinct (test_m64_native_ported_mesh.NativePortedMeshTests) ... ok
test_three_tetrahedra_sharing_one_face_are_nonmanifold (test_m64_native_ported_mesh.NativePortedMeshTests) ... ok
test_two_separate_tetrahedra_have_two_components (test_m64_native_ported_mesh.NativePortedMeshTests) ... ok
test_meshadapt_rejects_another_brep_even_if_evidence_hash_matches_it (test_m64_native_ported_mesh.PreservedSkinMeshAdaptTests) ... ok
test_meshadapt_rejects_incomplete_or_modified_source_evidence (test_m64_native_ported_mesh.PreservedSkinMeshAdaptTests) ... ok
test_meshadapt_rejects_unverified_missing_or_ambiguous_face_binding (test_m64_native_ported_mesh.PreservedSkinMeshAdaptTests) ... ok
test_meshadapt_requires_both_geometric_proofs_for_every_face (test_m64_native_ported_mesh.PreservedSkinMeshAdaptTests) ... ok
test_meshadapt_requires_exactly_three_distinct_proven_source_faces (test_m64_native_ported_mesh.PreservedSkinMeshAdaptTests) ... ok
test_meshadapt_targets_only_proven_faces_through_nonidentity_remap (test_m64_native_ported_mesh.PreservedSkinMeshAdaptTests) ... ok
test_reread_quality_passes_at_fixed_threshold_with_matching_count (test_m64_native_ported_mesh.RereadQualityGateTests) ... ok
test_reread_quality_rejects_element_count_mismatch (test_m64_native_ported_mesh.RereadQualityGateTests) ... ok
test_reread_quality_rejects_invalid_or_nonfinite_arrays (test_m64_native_ported_mesh.RereadQualityGateTests) ... ok
test_reread_quality_rejects_low_minsicn_despite_positive_jacobian (test_m64_native_ported_mesh.RereadQualityGateTests) ... ok
test_reread_quality_rejects_zero_or_negative_jacobian_independently (test_m64_native_ported_mesh.RereadQualityGateTests) ... ok
test_subtolerance_coordinate_motion_can_invert_a_tiny_tetrahedron (test_m64_native_ported_mesh.RereadQualityGateTests) ... ok
test_exact_signature_catches_sub_rounding_motion_and_winding (test_m64_native_ported_mesh.VolumeAlgorithmAndSurfaceSignatureTests) ... ok
test_historical_algorithm_is_default_and_hxt_is_explicit (test_m64_native_ported_mesh.VolumeAlgorithmAndSurfaceSignatureTests) ... usage: python3 -m unittest [-h] --mode {baseline,mesh} --input INPUT --sha256
                           SHA256 [--baseline BASELINE] --output OUTPUT
                           [--minimum MINIMUM] [--maximum MAXIMUM]
                           [--maximum-tetrahedra MAXIMUM_TETRAHEDRA]
                           [--optimizer {none,netgen}]
                           [--volume-algorithm {1,10}]
                           [--preserved-skin-meshadapt-evidence PRESERVED_SKIN_MESHADAPT_EVIDENCE]
python3 -m unittest: error: argument --volume-algorithm: invalid choice: 4 (choose from 1, 10)
ok
test_signature_catches_changed_connectivity_with_same_vertices (test_m64_native_ported_mesh.VolumeAlgorithmAndSurfaceSignatureTests) ... ok
test_signatures_ignore_tags_triangle_order_and_cyclic_rotation (test_m64_native_ported_mesh.VolumeAlgorithmAndSurfaceSignatureTests) ... ok
test_optimizer_never_trades_new_inversions_or_worse_minimum_for_count (test_m64_nemo_picogk_bridge.BridgeTests) ... ok
test_oriented_tetra_reference_and_boundary (test_m64_nemo_picogk_bridge.BridgeTests) ... ok
test_balanced_but_drifting_flow_fails (test_m64_openfoam_flow_audit.FlowAuditTests) ... ok
test_balanced_leak_through_impermeable_walls_still_fails (test_m64_openfoam_flow_audit.FlowAuditTests) ... ok
test_equal_oscillating_means_do_not_prove_stationarity (test_m64_openfoam_flow_audit.FlowAuditTests) ... ok
test_exact_mass_checks_are_not_convergence_or_validation (test_m64_openfoam_flow_audit.FlowAuditTests) ... ok
test_missing_times_or_different_patch_times_rejected (test_m64_openfoam_flow_audit.FlowAuditTests) ... ok
test_moving_area_not_accepted_as_stationary (test_m64_openfoam_flow_audit.FlowAuditTests) ... ok
test_native_table_and_nonfinite_or_restarted_history (test_m64_openfoam_flow_audit.FlowAuditTests) ... ok
test_reversed_or_zero_flow_not_accepted (test_m64_openfoam_flow_audit.FlowAuditTests) ... ok
test_twenty_iterations_do_not_satisfy_preregistered_window (test_m64_openfoam_flow_audit.FlowAuditTests) ... ok
test_walls_leakage_is_not_omitted (test_m64_openfoam_flow_audit.FlowAuditTests) ... ok
test_conversion_authority_does_not_authorize_solver (test_m64_openfoam_mesh_diagnostic.MeshDiagnosticTests) ... ok
test_explicit_single_scale_and_no_solver_command (test_m64_openfoam_mesh_diagnostic.MeshDiagnosticTests) ... ok
test_area_and_oriented_unit_normal (test_m64_physicsnemo_cross_adapter.CrossTests) ... ok
test_degenerate_normal_not_falsely_claimed_unit (test_m64_physicsnemo_cross_adapter.CrossTests) ... ok
test_expiration (test_m64_physicsnemo_cross_adapter.CrossTests) ... ok
test_inputs_and_connectivity_unchanged (test_m64_physicsnemo_cross_adapter.CrossTests) ... ok
test_main_failure_private_summary_and_alarm_cleanup (test_m64_physicsnemo_cross_adapter.CrossTests) ... ok
test_modified_library_rejected_before_execution (test_m64_physicsnemo_cross_adapter.CrossTests) ... ok
test_skinny_gram_counterexample_stays_positive (test_m64_physicsnemo_cross_adapter.CrossTests) ... ok
test_small_nonzero_triangle_has_unit_normal_without_epsilon (test_m64_physicsnemo_cross_adapter.CrossTests) ... ok
test_warmup_plus_five_uncached_calls (test_m64_physicsnemo_cross_adapter.CrossTests) ... ok
test_exact_source_bindings (test_m64_physicsnemo_evidence.EvidenceTests) ... ok
test_refusal_and_pass_are_not_confused (test_m64_physicsnemo_evidence.EvidenceTests) ... ok
test_reports_and_input_identities (test_m64_physicsnemo_evidence.EvidenceTests) ... ok
test_scope_and_cleanup (test_m64_physicsnemo_evidence.EvidenceTests) ... ok
test_comparison_true_false_nonfinite (test_m64_physicsnemo_mesh.BenchmarkTests) ... ok
test_existing_output_refused (test_m64_physicsnemo_mesh.BenchmarkTests) ... ok
test_failed_normal_components_are_counted_as_one_cell (test_m64_physicsnemo_mesh.BenchmarkTests) ... ok
test_hash_shape_and_copy (test_m64_physicsnemo_mesh.BenchmarkTests) ... ok
test_known_positive_gram_and_normalization_counterexamples (test_m64_physicsnemo_mesh.BenchmarkTests) ... ok
test_new_mesh_per_call_and_quality_keys (test_m64_physicsnemo_mesh.BenchmarkTests) ... ok
test_nonfinite (test_m64_physicsnemo_mesh.BenchmarkTests) ... ok
test_order_and_signed_zero_hashes (test_m64_physicsnemo_mesh.BenchmarkTests) ... ok
test_positive_tiny_area_is_not_masked_by_absolute_floor (test_m64_physicsnemo_mesh.BenchmarkTests) ... ok
test_repeated_vertex (test_m64_physicsnemo_mesh.BenchmarkTests) ... ok
test_supervisor_interruption (test_m64_physicsnemo_mesh.BenchmarkTests) ... ok
test_supervisor_success (test_m64_physicsnemo_mesh.BenchmarkTests) ... ok
test_supervisor_timeout (test_m64_physicsnemo_mesh.BenchmarkTests) ... ok
test_valid_triangle (test_m64_physicsnemo_mesh.BenchmarkTests) ... ok
test_warmup_is_separate_and_five_repetitions (test_m64_physicsnemo_mesh.BenchmarkTests) ... ok
test_wheel_exact_sources (test_m64_physicsnemo_mesh.BenchmarkTests) ... skipped 'Optional offline wheel audit: set M64_PHYSICSNEMO_WHEEL; no download in tests'
test_wrong_dtypes (test_m64_physicsnemo_mesh.BenchmarkTests) ... ok
test_wrong_shapes_empty_and_indices (test_m64_physicsnemo_mesh.BenchmarkTests) ... ok
test_bad_index (test_m64_physicsnemo_reference.ReferenceTests) ... ok
test_degenerate_not_masked (test_m64_physicsnemo_reference.ReferenceTests) ... ok
test_exact_index_signed_zero (test_m64_physicsnemo_reference.ReferenceTests) ... ok
test_nonfinite (test_m64_physicsnemo_reference.ReferenceTests) ... ok
test_oriented_tetra (test_m64_physicsnemo_reference.ReferenceTests) ... ok
test_reverse (test_m64_physicsnemo_reference.ReferenceTests) ... ok
test_atomic_write_failure_preserves_prior_complete_checkpoint (test_m64_picogk_checkpoints.PicoGKAuditCheckpointTests) ... skipped 'optional mesh QA runtime'
test_checkpoint_survives_later_worker_failure_and_resume_does_not_repeat_it (test_m64_picogk_checkpoints.PicoGKAuditCheckpointTests) ... skipped 'optional mesh QA runtime'
test_concurrent_resume_is_rejected_by_live_output_lock (test_m64_picogk_checkpoints.PicoGKAuditCheckpointTests) ... skipped 'optional mesh QA runtime'
test_damaged_or_incomplete_checkpoint_never_becomes_a_complete_report (test_m64_picogk_checkpoints.PicoGKAuditCheckpointTests) ... skipped 'optional mesh QA runtime'
test_forced_contains_fallback_is_seeded_chunk_invariant_and_rejects_remaining_ambiguity (test_m64_picogk_checkpoints.PicoGKAuditCheckpointTests) ... skipped 'optional mesh QA runtime'
test_query_chunk_invariance_on_cube_and_hollow_shell_and_bounded_calls (test_m64_picogk_checkpoints.PicoGKAuditCheckpointTests) ... skipped 'optional mesh QA runtime'
test_resume_rejects_changed_settings_code_candidate_and_master_even_with_updated_receipts (test_m64_picogk_checkpoints.PicoGKAuditCheckpointTests) ... skipped 'optional mesh QA runtime'
test_binary_stl_size_and_nonfinite_rejected (test_m64_picogk_mesh.PicoGKMeshTests) ... ok
test_exact_degenerate_filter_preserves_nonzero_triangle_binary_records (test_m64_picogk_mesh.PicoGKMeshTests) ... ok
test_flipped_face_and_disconnected_shell_detected (test_m64_picogk_mesh.PicoGKMeshTests) ... ok
test_hollow_domain_has_two_oriented_boundary_shells_not_two_fluid_volumes (test_m64_picogk_mesh.PicoGKMeshTests) ... skipped 'optional mesh QA runtime'
test_no_reconstruction_or_fabrication_claims_in_source (test_m64_picogk_mesh.PicoGKMeshTests) ... ok
test_normal_chord_box_and_triangle_proximity (test_m64_picogk_mesh.PicoGKMeshTests) ... skipped 'optional mesh QA runtime'
test_settings_are_absolute_and_bounded (test_m64_picogk_mesh.PicoGKMeshTests) ... ok
test_tetrahedron_topology_and_volume (test_m64_picogk_mesh.PicoGKMeshTests) ... ok
test_three_resolution_pipeline_on_explicit_synthetic_fixture (test_m64_picogk_mesh.PicoGKMeshTests) ... skipped 'optional mesh QA runtime'
test_bbox_prefilter_retains_touching_boxes (test_m64_port_skin_openings.PortSkinOpeningTests) ... ok
test_native_healthy_and_hidden_pocket_counterexamples (test_m64_port_skin_openings.PortSkinOpeningTests) ... skipped 'OCP native witnesses require qualified CAD runtime'
test_empty_wall_screen_never_qualifies_global_wall (test_m64_ported_chamber_candidate.PortedChamberTests) ... ok
test_unexpected_contact_housing_loss_and_thin_wall_remain_rejected (test_m64_ported_chamber_candidate.PortedChamberTests) ... ok
test_wall_samples_measure_material_not_old_body_distance (test_m64_ported_chamber_candidate.PortedChamberTests) ... ok
test_asset_handoff_requires_matching_recorded_hash (test_m64_remote_phases.RemotePhasesTests) ... ok
test_changed_job_manifest_cannot_spawn_or_consume_evidence (test_m64_remote_phases.RemotePhasesTests) ... ok
test_conversion_cannot_claim_an_asset_outside_converted (test_m64_remote_phases.RemotePhasesTests) ... {"schema_version": "1.0.0", "job_id": "m64-test", "phase": "convert", "profile": "m64-omni-static-v1", "reference": "convert-to-usd", "job_manifest_sha256": "438da4b783c46baf3e0fdf75313adb108a52c5ab61270aceb59ec4015eae0eb8", "passed": false, "exit_code": 0, "deadline_interrupted": false, "interrupted_signal": null, "report_sha256": "d5d4a4953789d413a9b21ed8ccdbfd198315dded9babb84324d0ecc0d285326b", "preflight_env_sha256": null, "output_usd_sha256": null, "output_usd_dependencies": null, "dependency_method": null, "evidence_errors": [{"stage": "evidence", "type": "ValueError"}], "simulation_validated": false, "manufacturing_authorized": false}
ok
test_conversion_schema_without_passed_uses_specific_success_contract (test_m64_remote_phases.RemotePhasesTests) ... {"schema_version": "1.0.0", "job_id": "m64-test", "phase": "convert", "profile": "m64-omni-static-v1", "reference": "convert-to-usd", "job_manifest_sha256": "438da4b783c46baf3e0fdf75313adb108a52c5ab61270aceb59ec4015eae0eb8", "passed": true, "exit_code": 0, "deadline_interrupted": false, "interrupted_signal": null, "report_sha256": "f2618742c9a6c7c4e53d44215919937a450c9717a19497d473ceb543eb46ce36", "preflight_env_sha256": null, "output_usd_sha256": "28f84f705dab5dc6d5baaee8ee94e59b93b71bcd708c048c71066e7a8956e2d1", "output_usd_dependencies": [{"path": "convert/converted/assembly.usda", "size": 10, "sha256": "28f84f705dab5dc6d5baaee8ee94e59b93b71bcd708c048c71066e7a8956e2d1"}], "dependency_method": "UsdUtils.ComputeAllDependencies", "evidence_errors": [], "simulation_validated": false, "manufacturing_authorized": false}
ok
test_dependency_closure_tamper_blocks_handoff (test_m64_remote_phases.RemotePhasesTests) ... {"schema_version": "1.0.0", "job_id": "m64-test", "phase": "convert", "profile": "m64-omni-static-v1", "reference": "convert-to-usd", "job_manifest_sha256": "438da4b783c46baf3e0fdf75313adb108a52c5ab61270aceb59ec4015eae0eb8", "passed": true, "exit_code": 0, "deadline_interrupted": false, "interrupted_signal": null, "report_sha256": "a9aede0d11fb7afee11e9c370c50bfb61d43d1c5e03f907832a6217664c317df", "preflight_env_sha256": null, "output_usd_sha256": "28f84f705dab5dc6d5baaee8ee94e59b93b71bcd708c048c71066e7a8956e2d1", "output_usd_dependencies": [{"path": "convert/converted/assembly.usda", "size": 10, "sha256": "28f84f705dab5dc6d5baaee8ee94e59b93b71bcd708c048c71066e7a8956e2d1"}], "dependency_method": "UsdUtils.ComputeAllDependencies", "evidence_errors": [], "simulation_validated": false, "manufacturing_authorized": false}
ok
test_dependency_paths_reject_external_identifiers_and_symlink_collapse (test_m64_remote_phases.RemotePhasesTests) ... ok
test_expired_job_cannot_spawn_process (test_m64_remote_phases.RemotePhasesTests) ... ok
test_explicit_failure_cannot_be_overridden_by_ready_status (test_m64_remote_phases.RemotePhasesTests) ... {"schema_version": "1.0.0", "job_id": "m64-test", "phase": "preflight", "profile": "m64-omni-static-v1", "reference": "preflight", "job_manifest_sha256": "0cc56536e5ae838c1d40db6e9a74d61405697268c3c5d2429dc3cffc620577eb", "passed": false, "exit_code": 0, "deadline_interrupted": false, "interrupted_signal": null, "report_sha256": "0b1c30088584c02e455bfc0225c24a6fa67e3bab92d0e70bf643d990fa348a87", "preflight_env_sha256": null, "output_usd_sha256": null, "output_usd_dependencies": null, "dependency_method": null, "evidence_errors": [], "simulation_validated": false, "manufacturing_authorized": false}
ok
test_exports_are_parsed_not_executed (test_m64_remote_phases.RemotePhasesTests) ... ok
test_input_modification_is_rejected (test_m64_remote_phases.RemotePhasesTests) ... ok
test_invalid_output_path_writes_failure_receipt (test_m64_remote_phases.RemotePhasesTests) ... {"schema_version": "1.0.0", "job_id": "m64-test", "phase": "convert", "profile": "m64-omni-static-v1", "reference": "convert-to-usd", "job_manifest_sha256": "438da4b783c46baf3e0fdf75313adb108a52c5ab61270aceb59ec4015eae0eb8", "passed": false, "exit_code": 0, "deadline_interrupted": false, "interrupted_signal": null, "report_sha256": "d4fb7b2105c32227d8becd41cbaa997f2ec7809823e03bb867a98e8c05a28176", "preflight_env_sha256": null, "output_usd_sha256": null, "output_usd_dependencies": null, "dependency_method": null, "evidence_errors": [{"stage": "evidence", "type": "ValueError"}], "simulation_validated": false, "manufacturing_authorized": false}
ok
test_isolated_runtime_paths_are_used (test_m64_remote_phases.RemotePhasesTests) ... ok
test_later_diagnostic_can_read_failed_validator_without_passing_it (test_m64_remote_phases.RemotePhasesTests) ... ok
test_missing_environment_prevents_ready_preflight_from_passing (test_m64_remote_phases.RemotePhasesTests) ... {"schema_version": "1.0.0", "job_id": "m64-test", "phase": "preflight", "profile": "m64-omni-static-v1", "reference": "preflight", "job_manifest_sha256": "0cc56536e5ae838c1d40db6e9a74d61405697268c3c5d2429dc3cffc620577eb", "passed": false, "exit_code": 0, "deadline_interrupted": false, "interrupted_signal": null, "report_sha256": "a2c8d6de90a53a908e4d1d0a0a2d12a2868a26b38c2e4decdd2e5b9d69050d23", "preflight_env_sha256": null, "output_usd_sha256": null, "output_usd_dependencies": null, "dependency_method": null, "evidence_errors": [{"stage": "evidence", "type": "ValueError"}], "simulation_validated": false, "manufacturing_authorized": false}
ok
test_phase_cannot_overwrite_previous_attempt (test_m64_remote_phases.RemotePhasesTests) ... ok
test_popen_error_writes_failure_receipt_without_exception_text (test_m64_remote_phases.RemotePhasesTests) ... {"schema_version": "1.0.0", "job_id": "m64-test", "phase": "preflight", "profile": "m64-omni-static-v1", "reference": "preflight", "job_manifest_sha256": "0cc56536e5ae838c1d40db6e9a74d61405697268c3c5d2429dc3cffc620577eb", "passed": false, "exit_code": 127, "deadline_interrupted": false, "interrupted_signal": null, "report_sha256": null, "preflight_env_sha256": null, "output_usd_sha256": null, "output_usd_dependencies": null, "dependency_method": null, "evidence_errors": [{"stage": "launch", "type": "FileNotFoundError"}, {"stage": "report", "type": "ValueError"}], "simulation_validated": false, "manufacturing_authorized": false}
ok
test_preflight_environment_is_hashed_and_tampering_blocks_consumption (test_m64_remote_phases.RemotePhasesTests) ... {"schema_version": "1.0.0", "job_id": "m64-test", "phase": "preflight", "profile": "m64-omni-static-v1", "reference": "preflight", "job_manifest_sha256": "0cc56536e5ae838c1d40db6e9a74d61405697268c3c5d2429dc3cffc620577eb", "passed": true, "exit_code": 0, "deadline_interrupted": false, "interrupted_signal": null, "report_sha256": "a2c8d6de90a53a908e4d1d0a0a2d12a2868a26b38c2e4decdd2e5b9d69050d23", "preflight_env_sha256": "bb255f0d075c27e1328a65086c2a5cb9869a8661de88d7c9ec7582ac24d8f162", "output_usd_sha256": null, "output_usd_dependencies": null, "dependency_method": null, "evidence_errors": [], "simulation_validated": false, "manufacturing_authorized": false}
ok
test_preflight_health_uses_base_url_not_render_suffix (test_m64_remote_phases.RemotePhasesTests) ... ok
test_preflight_ready_receipt_and_tamper_rejection (test_m64_remote_phases.RemotePhasesTests) ... {"schema_version": "1.0.0", "job_id": "m64-test", "phase": "preflight", "profile": "m64-omni-static-v1", "reference": "preflight", "job_manifest_sha256": "0cc56536e5ae838c1d40db6e9a74d61405697268c3c5d2429dc3cffc620577eb", "passed": true, "exit_code": 0, "deadline_interrupted": false, "interrupted_signal": null, "report_sha256": "a2c8d6de90a53a908e4d1d0a0a2d12a2868a26b38c2e4decdd2e5b9d69050d23", "preflight_env_sha256": "cb050ab4d1d50fa8d44c910a9b5f528e2c4086b8755de8b25f5cc3e43994e098", "output_usd_sha256": null, "output_usd_dependencies": null, "dependency_method": null, "evidence_errors": [], "simulation_validated": false, "manufacturing_authorized": false}
ok
test_real_usd_binary_root_and_missing_dependency (test_m64_remote_phases.RemotePhasesTests) ... skipped 'pxr runtime not installed; real USD dependency check not run'
test_real_usd_closure_includes_payloads_sublayers_and_texture (test_m64_remote_phases.RemotePhasesTests) ... skipped 'pxr runtime not installed; real USD dependency check not run'
test_real_usd_dependency_budget_is_bounded (test_m64_remote_phases.RemotePhasesTests) ... skipped 'pxr runtime not installed; real USD dependency check not run'
test_real_usd_external_dependency_is_rejected_before_recursive_resolution (test_m64_remote_phases.RemotePhasesTests) ... skipped 'pxr runtime not installed; real USD dependency check not run'
test_real_usd_relative_reference_between_phase_results_is_allowed (test_m64_remote_phases.RemotePhasesTests) ... skipped 'pxr runtime not installed; real USD dependency check not run'
test_real_usd_remote_url_and_symlink_are_rejected_before_traversal (test_m64_remote_phases.RemotePhasesTests) ... skipped 'pxr runtime not installed; real USD dependency check not run'
test_rejects_parent_escape_and_symlinks (test_m64_remote_phases.RemotePhasesTests) ... ok
test_success_requires_real_structured_success_even_with_exit_zero (test_m64_remote_phases.RemotePhasesTests) ... {"schema_version": "1.0.0", "job_id": "m64-test", "phase": "preflight", "profile": "m64-omni-static-v1", "reference": "preflight", "job_manifest_sha256": "0cc56536e5ae838c1d40db6e9a74d61405697268c3c5d2429dc3cffc620577eb", "passed": false, "exit_code": 0, "deadline_interrupted": false, "interrupted_signal": null, "report_sha256": "892f7fc9cd813cbc1907525e363654f35d32fe4e221511901cda3c1a714e4b3c", "preflight_env_sha256": null, "output_usd_sha256": null, "output_usd_dependencies": null, "dependency_method": null, "evidence_errors": [], "simulation_validated": false, "manufacturing_authorized": false}
ok
test_symlink_converted_directory_is_rejected (test_m64_remote_phases.RemotePhasesTests) ... {"schema_version": "1.0.0", "job_id": "m64-test", "phase": "convert", "profile": "m64-omni-static-v1", "reference": "convert-to-usd", "job_manifest_sha256": "438da4b783c46baf3e0fdf75313adb108a52c5ab61270aceb59ec4015eae0eb8", "passed": false, "exit_code": 0, "deadline_interrupted": false, "interrupted_signal": null, "report_sha256": "ff70157ecd74ddd4cc829ba0896fd646513101548692d542699b370b2e8d444b", "preflight_env_sha256": null, "output_usd_sha256": null, "output_usd_dependencies": null, "dependency_method": null, "evidence_errors": [{"stage": "evidence", "type": "ValueError"}], "simulation_validated": false, "manufacturing_authorized": false}
ok
test_symlink_report_is_not_read_or_hashed (test_m64_remote_phases.RemotePhasesTests) ... {"schema_version": "1.0.0", "job_id": "m64-test", "phase": "preflight", "profile": "m64-omni-static-v1", "reference": "preflight", "job_manifest_sha256": "0cc56536e5ae838c1d40db6e9a74d61405697268c3c5d2429dc3cffc620577eb", "passed": false, "exit_code": 0, "deadline_interrupted": false, "interrupted_signal": null, "report_sha256": null, "preflight_env_sha256": null, "output_usd_sha256": null, "output_usd_dependencies": null, "dependency_method": null, "evidence_errors": [{"stage": "report", "type": "ValueError"}], "simulation_validated": false, "manufacturing_authorized": false}
ok
test_timeout_kills_process_group_and_records_truncated_report (test_m64_remote_phases.RemotePhasesTests) ... {"schema_version": "1.0.0", "job_id": "m64-test", "phase": "preflight", "profile": "m64-omni-static-v1", "reference": "preflight", "job_manifest_sha256": "0cc56536e5ae838c1d40db6e9a74d61405697268c3c5d2429dc3cffc620577eb", "passed": false, "exit_code": 124, "deadline_interrupted": true, "interrupted_signal": null, "report_sha256": "e5ceaedc591becfe35cf87d27d8db2029fc6c081af82b2b053ffaacbacd0c87d", "preflight_env_sha256": null, "output_usd_sha256": null, "output_usd_dependencies": null, "dependency_method": null, "evidence_errors": [{"stage": "report", "type": "JSONDecodeError"}], "simulation_validated": false, "manufacturing_authorized": false}
ok
test_truncated_json_keeps_original_and_writes_failure_receipt (test_m64_remote_phases.RemotePhasesTests) ... {"schema_version": "1.0.0", "job_id": "m64-test", "phase": "preflight", "profile": "m64-omni-static-v1", "reference": "preflight", "job_manifest_sha256": "0cc56536e5ae838c1d40db6e9a74d61405697268c3c5d2429dc3cffc620577eb", "passed": false, "exit_code": 0, "deadline_interrupted": false, "interrupted_signal": null, "report_sha256": "2e99c5c7818f6878d47d3ff2b943a2ab14ac35f5f80436706e3807cb9ba4873a", "preflight_env_sha256": null, "output_usd_sha256": null, "output_usd_dependencies": null, "dependency_method": null, "evidence_errors": [{"stage": "report", "type": "JSONDecodeError"}], "simulation_validated": false, "manufacturing_authorized": false}
ok
test_usdz_is_explicitly_unsupported (test_m64_remote_phases.RemotePhasesTests) ... {"schema_version": "1.0.0", "job_id": "m64-test", "phase": "convert", "profile": "m64-omni-static-v1", "reference": "convert-to-usd", "job_manifest_sha256": "438da4b783c46baf3e0fdf75313adb108a52c5ab61270aceb59ec4015eae0eb8", "passed": false, "exit_code": 0, "deadline_interrupted": false, "interrupted_signal": null, "report_sha256": "80d4041114811ec0a201b7d87118dc0a15e084bdbb97d573daf53be27215c1c2", "preflight_env_sha256": null, "output_usd_sha256": null, "output_usd_dependencies": null, "dependency_method": null, "evidence_errors": [{"stage": "evidence", "type": "ValueError"}], "simulation_validated": false, "manufacturing_authorized": false}
ok
test_wrong_receipt_identity_is_rejected_even_for_failed_diagnostics (test_m64_remote_phases.RemotePhasesTests) ... ok
test_failed_initial_profile_allows_inspection_of_verified_physics_only (test_m64_render_inspection.RenderInspectionTests) ... ok
test_invalid_physics_handoff_prevents_rendering (test_m64_render_inspection.RenderInspectionTests) ... ok
test_invalid_profile_evidence_prevents_rendering (test_m64_render_inspection.RenderInspectionTests) ... ok
test_passing_initial_profile_does_not_become_engine_validation (test_m64_render_inspection.RenderInspectionTests) ... ok
test_readme_places_inspection_before_conformance_and_keeps_warning (test_m64_render_inspection.RenderInspectionTests) ... ok
test_renderer_failure_stays_failure (test_m64_render_inspection.RenderInspectionTests) ... ok
test_sidecar_binds_scope_to_exact_source_and_does_not_claim_success (test_m64_render_inspection.RenderInspectionTests) ... ok
test_all_twenty_four_missions_respect_four_workers (test_m64_research_readers.ResearchReaderTests) ... ok
test_citations_must_be_in_actual_truncated_excerpt (test_m64_research_readers.ResearchReaderTests) ... ok
test_deadline_reduces_timeout_and_blocks_queued_work (test_m64_research_readers.ResearchReaderTests) ... ok
test_endpoint_and_budget_bounds_rejected_before_http (test_m64_research_readers.ResearchReaderTests) ... ok
test_existing_output_is_never_overwritten (test_m64_research_readers.ResearchReaderTests) ... ok
test_http_transport_no_redirect_proxy_or_authorization (test_m64_research_readers.ResearchReaderTests) ... ok
test_input_sha_rejected_before_any_request_or_output (test_m64_research_readers.ResearchReaderTests) ... ok
test_invalid_json_url_and_evidence_retain_raw (test_m64_research_readers.ResearchReaderTests) ... ok
test_invalid_schema_and_output_budgets (test_m64_research_readers.ResearchReaderTests) ... ok
test_missing_empty_and_skipped_block_without_http (test_m64_research_readers.ResearchReaderTests) ... ok
test_valid_pilot_private_reports_and_tokens (test_m64_research_readers.ResearchReaderTests) ... ok
test_watchdog_interrupts_even_detached_slow_response_socket (test_m64_research_readers.ResearchReaderTests) ... ok
test_circle_partial_arc_with_outliers (test_m64_scan935_fit_primitives.FitPrimitivesTest) ... ok
test_cluster_circles_in_slab (test_m64_scan935_fit_primitives.FitPrimitivesTest) ... ok
test_plane_with_outliers (test_m64_scan935_fit_primitives.FitPrimitivesTest) ... ok
test_stud_pattern_recovered (test_m64_scan935_fit_primitives.FitPrimitivesTest) ... ok
test_tilted_bore_cylinder (test_m64_scan935_fit_primitives.FitPrimitivesTest) ... ok
test_candidate_facts_never_promoted (test_m64_scan935_fit_primitives.Scan935ContractFactsTest) ... ok
test_evidence_is_numbers_only_and_fingerprinted (test_m64_scan935_fit_primitives.Scan935ContractFactsTest) ... ok
test_bounded_selector_rejects_wrong_or_nonfinite_volume (test_m64_scan_seeded_ports.RoutingTests) ... ok
test_branch_endpoint_constraints (test_m64_scan_seeded_ports.RoutingTests) ... ok
test_exact_registered_axes (test_m64_scan_seeded_ports.RoutingTests) ... ok
test_invalid_inputs_fail (test_m64_scan_seeded_ports.RoutingTests) ... ok
test_low_side_orders_towards_outside (test_m64_scan_seeded_ports.RoutingTests) ... ok
test_native_bounded_c1_trunk_selector (test_m64_scan_seeded_ports.RoutingTests) ... skipped 'OCP native witness requires qualified CAD runtime'
test_native_loft_and_nondestructive_boolean (test_m64_scan_seeded_ports.RoutingTests) ... skipped 'OCP native witness requires qualified CAD runtime'
test_native_ruled_trunk_preserves_station_envelope (test_m64_scan_seeded_ports.RoutingTests) ... skipped 'OCP native witness requires qualified CAD runtime'
test_reject_mixed_axis_or_module (test_m64_scan_seeded_ports.RoutingTests) ... ok
test_ruled_flag_is_explicit_boolean (test_m64_scan_seeded_ports.RoutingTests) ... ok
test_seed_coordinates_already_in_ABC (test_m64_scan_seeded_ports.RoutingTests) ... ok
test_trunk_interpolation_cli_default_and_explicit (test_m64_scan_seeded_ports.RoutingTests) ... ok
test_trunk_selector_preserves_explicit_method_and_rejects_unknown (test_m64_scan_seeded_ports.RoutingTests) ... ok
test_corner_bounds_enclose_rectangular_domain (test_m64_seat_guide_thermal_screen.SeatGuideThermalScreenTests) ... ok
test_critical_fit_is_zero_contact_not_margin (test_m64_seat_guide_thermal_screen.SeatGuideThermalScreenTests) ... ok
test_different_insert_and_head_temperatures (test_m64_seat_guide_thermal_screen.SeatGuideThermalScreenTests) ... ok
test_documentary_sources_not_merged_or_interpolated (test_m64_seat_guide_thermal_screen.SeatGuideThermalScreenTests) ... ok
test_exact_free_diameter_definition (test_m64_seat_guide_thermal_screen.SeatGuideThermalScreenTests) ... ok
test_identical_thermal_growth_preserves_scaled_interference (test_m64_seat_guide_thermal_screen.SeatGuideThermalScreenTests) ... ok
test_invalid_inputs_fail_closed (test_m64_seat_guide_thermal_screen.SeatGuideThermalScreenTests) ... ok
test_lame_independent_stress_and_hooke_displacement_closure (test_m64_seat_guide_thermal_screen.SeatGuideThermalScreenTests) ... ok
test_no_tensile_contact_pressure (test_m64_seat_guide_thermal_screen.SeatGuideThermalScreenTests) ... ok
test_same_material_solid_insert_limits (test_m64_seat_guide_thermal_screen.SeatGuideThermalScreenTests) ... ok
test_source_bindings_and_reproducibility (test_m64_seat_guide_thermal_screen.SeatGuideThermalScreenTests) ... ok
test_branch_and_duplicate_native_edge_rejected (test_m64_segmented_c0_mesh.CompleteNativeInterfaceTests) ... ok
test_complete_correspondence_inventories_extra_curves_and_opposite_occurrences (test_m64_segmented_c0_mesh.CompleteNativeInterfaceTests) ... ok
test_curve_id_bijection_and_no_double_mesh_coverage_are_required (test_m64_segmented_c0_mesh.CompleteNativeInterfaceTests) ... ok
test_eight_native_curves_partition_all_edges_not_only_four_C0 (test_m64_segmented_c0_mesh.CompleteNativeInterfaceTests) ... ok
test_native_vertex_ball_does_not_inflate_edge_or_vertex_tolerance (test_m64_segmented_c0_mesh.CompleteNativeInterfaceTests) ... ok
test_open_chain_is_not_promoted_to_closed_loop (test_m64_segmented_c0_mesh.CompleteNativeInterfaceTests) ... ok
test_common_faces_need_single_incidence (test_m64_segmented_c0_mesh.SegmentedC0SurfaceTests) ... ok
test_complete_partition_rejects_omission_and_double_count (test_m64_segmented_c0_mesh.SegmentedC0SurfaceTests) ... ok
test_dangling_or_disconnected_admissible_edge_rejected (test_m64_segmented_c0_mesh.SegmentedC0SurfaceTests) ... ok
test_fab_binding_has_86_faces_without_reusing_historical_88 (test_m64_segmented_c0_mesh.SegmentedC0SurfaceTests) ... ok
test_face_binding_requires_descriptor_proof_and_exact_native_index_set (test_m64_segmented_c0_mesh.SegmentedC0SurfaceTests) ... ok
test_four_paths_can_preserve_small_segments (test_m64_segmented_c0_mesh.SegmentedC0SurfaceTests) ... ok
test_nearby_nodes_are_not_topological_chain (test_m64_segmented_c0_mesh.SegmentedC0SurfaceTests) ... ok
test_node_bijection_not_only_distance (test_m64_segmented_c0_mesh.SegmentedC0SurfaceTests) ... ok
test_parser_preserves_elementary_face_tags (test_m64_segmented_c0_mesh.SegmentedC0SurfaceTests) ... ok
test_skipping_corner_or_reversing_parameter_rejected (test_m64_segmented_c0_mesh.SegmentedC0SurfaceTests) ... ok
test_two_paths_rejected (test_m64_segmented_c0_mesh.SegmentedC0SurfaceTests) ... ok
test_changed_curve_range_or_tolerance_is_rejected (test_m64_segmented_c0_mesh.UnifiedC0CorrespondenceTests) ... ok
test_duplicate_face_relation_is_rejected (test_m64_segmented_c0_mesh.UnifiedC0CorrespondenceTests) ... ok
test_ids_are_found_by_exact_geometry_not_offset (test_m64_segmented_c0_mesh.UnifiedC0CorrespondenceTests) ... ok
test_missing_or_ambiguous_edge_is_not_a_match (test_m64_segmented_c0_mesh.UnifiedC0CorrespondenceTests) ... ok
test_support_and_pcurve_proofs_are_required (test_m64_segmented_c0_mesh.UnifiedC0CorrespondenceTests) ... ok
test_wrong_domain_review_and_failed_gate_are_rejected (test_m64_segmented_c0_mesh.UnifiedC0CorrespondenceTests) ... ok
test_changed_coordinate_or_physical_label_rejected (test_m64_segmented_c0_mesh.VolumeBoundaryConservationTests) ... ok
test_element_id_permutation_does_not_change_boundary (test_m64_segmented_c0_mesh.VolumeBoundaryConservationTests) ... ok
test_same_bad_surface_records_do_not_replace_real_tetra_boundary (test_m64_segmented_c0_mesh.VolumeBoundaryConservationTests) ... ok
test_failed_native_gates_cannot_be_waived_by_a_registered_package (test_m64_segmented_native_profile.SegmentedNativeProfileTests) ... ok
test_guide_frames_require_a_registered_new_manifest_not_old_domain (test_m64_segmented_native_profile.SegmentedNativeProfileTests) ... ok
test_native_only_is_explicit_and_original_data_are_not_changed (test_m64_segmented_native_profile.SegmentedNativeProfileTests) ... ok
test_native_profile_cannot_claim_STEP_or_accept_incomplete_faces (test_m64_segmented_native_profile.SegmentedNativeProfileTests) ... ok
test_old_wrong_or_modified_manifest_is_refused (test_m64_segmented_native_profile.SegmentedNativeProfileTests) ... ok
test_prepared_inventory_cannot_grant_meshing_even_with_success_flags (test_m64_segmented_native_profile.SegmentedNativeProfileTests) ... ok
test_analytic_tetra_volume (test_m64_solid_mesh_audit.SolidMeshAuditTests) ... ok
test_complete_surface_matches (test_m64_solid_mesh_audit.SolidMeshAuditTests) ... ok
test_degenerate_tetra_is_zero (test_m64_solid_mesh_audit.SolidMeshAuditTests) ... ok
test_duplicate_surface_rejected (test_m64_solid_mesh_audit.SolidMeshAuditTests) ... ok
test_internal_face_is_not_boundary (test_m64_solid_mesh_audit.SolidMeshAuditTests) ... ok
test_inversion_not_hidden_by_absolute_value (test_m64_solid_mesh_audit.SolidMeshAuditTests) ... ok
test_missing_triangle_rejected (test_m64_solid_mesh_audit.SolidMeshAuditTests) ... ok
test_nonfinite_points_rejected (test_m64_solid_mesh_audit.SolidMeshAuditTests) ... ok
test_nonfinite_quality_rejected (test_m64_solid_mesh_audit.SolidMeshAuditTests) ... ok
test_nonmanifold_face_rejected (test_m64_solid_mesh_audit.SolidMeshAuditTests) ... ok
test_out_of_range_connectivity_rejected (test_m64_solid_mesh_audit.SolidMeshAuditTests) ... ok
test_project_threshold_is_not_positivity_only (test_m64_solid_mesh_audit.SolidMeshAuditTests) ... ok
test_changed_provenance_or_geometry_refused (test_m64_split_gas_packet.SplitGasPacketTests) ... ok
test_complete_correspondence_required_not_count_only (test_m64_split_gas_packet.SplitGasPacketTests) ... ok
test_every_candidate_sourced_and_numeric (test_m64_spring_selection.CandidateFile) ... ok
test_inch_conversions_bc1310 (test_m64_spring_selection.CandidateFile) ... ok
test_no_wire_diameter_invented (test_m64_spring_selection.CandidateFile) ... ok
test_bind_and_shim (test_m64_spring_selection.Computation) ... ok
test_housing_od_rejects_large_spring (test_m64_spring_selection.Computation) ... ok
test_housing_params_flagged_assumed (test_m64_spring_selection.Computation) ... ok
test_margin_scales_inverse_square (test_m64_spring_selection.Computation) ... ok
test_published_rate_fallback (test_m64_spring_selection.Computation) ... ok
test_ranking_and_criteria (test_m64_spring_selection.Computation) ... ok
test_rate_derived_by_hand (test_m64_spring_selection.Computation) ... ok
test_supertech_rate_unit_is_lbf_per_mm (test_m64_spring_selection.Computation) ... ok
test_analytic_witness_same_verdict (test_m64_strict_check_profile.NativeProfileTests) ... skipped 'OCP native runtime required'
test_external_timeout_is_fail_closed (test_m64_strict_check_profile.NativeProfileTests) ... skipped 'OCP native runtime required'
test_gauss_default_volume_is_not_a_reconciliation_value (test_m64_strict_check_profile.NativeProfileTests) ... skipped 'OCP native runtime required'
test_nurbs_witness_brepcheck_default_is_not_equivalent (test_m64_strict_check_profile.NativeProfileTests) ... skipped 'OCP native runtime required'
test_public_steps_same_verdict (test_m64_strict_check_profile.NativeProfileTests) ... skipped 'OCP native runtime required'
test_fail_reasons (test_m64_strict_check_profile.VerdictTests) ... ok
test_missing_phase_is_incomplete (test_m64_strict_check_profile.VerdictTests) ... ok
test_reconcile_missing_volume_stays_none (test_m64_strict_check_profile.VerdictTests) ... ok
test_reconcile_reports_reread_and_source_delta (test_m64_strict_check_profile.VerdictTests) ... ok
test_timeout_is_incomplete_never_pass (test_m64_strict_check_profile.VerdictTests) ... ok
test_circular_ribbon_sagitta_hypothesis_is_numerical_not_acceptance (test_m64_surface_cad_audit.NativeFaceTests) ... skipped 'native OCP runtime required'
test_cylinder_edge_normal_is_bound_to_closest_support_not_remote_corner (test_m64_surface_cad_audit.NativeFaceTests) ... skipped 'native OCP runtime required'
test_nonzero_offset_is_measured_and_not_called_conformity_proof (test_m64_surface_cad_audit.NativeFaceTests) ... skipped 'native OCP runtime required'
test_oriented_plane_distinguishes_inverted_triangle (test_m64_surface_cad_audit.NativeFaceTests) ... skipped 'native OCP runtime required'
test_outside_trim_does_not_become_zero_distance_to_unbounded_plane (test_m64_surface_cad_audit.NativeFaceTests) ... skipped 'native OCP runtime required'
test_straight_ribbon_reports_real_width_and_no_invented_curvature (test_m64_surface_cad_audit.NativeFaceTests) ... skipped 'native OCP runtime required'
test_degenerate_triangle_has_no_invented_normal (test_m64_surface_cad_audit.TriangleTests) ... ok
test_deterministic_partial_selection_is_bounded_unique_and_spread (test_m64_surface_cad_audit.TriangleTests) ... ok
test_12_to_17_digit_serialization_preserves_loaded_binary64 (test_m64_tet_pair_agglomeration_audit.TetPairAuditTests) ... ok
test_actual_ASCII_reader_and_maps_accept_whitespace_layouts (test_m64_tet_pair_agglomeration_audit.TetPairAuditTests) ... ok
test_added_point_rejected (test_m64_tet_pair_agglomeration_audit.TetPairAuditTests) ... ok
test_additional_zone_or_duplicate_air_cell_rejected (test_m64_tet_pair_agglomeration_audit.TetPairAuditTests) ... ok
test_binary_and_directive_inputs_rejected (test_m64_tet_pair_agglomeration_audit.TetPairAuditTests) ... ok
test_boundary_face_cannot_be_removed (test_m64_tet_pair_agglomeration_audit.TetPairAuditTests) ... ok
test_cell_map_may_select_either_parent_as_master (test_m64_tet_pair_agglomeration_audit.TetPairAuditTests) ... ok
test_cell_zone_omission_rejected (test_m64_tet_pair_agglomeration_audit.TetPairAuditTests) ... ok
test_duplicate_and_empty_requests_rejected (test_m64_tet_pair_agglomeration_audit.TetPairAuditTests) ... ok
test_duplicate_cell_group_rejected (test_m64_tet_pair_agglomeration_audit.TetPairAuditTests) ... ok
test_duplicate_face_map_rejected (test_m64_tet_pair_agglomeration_audit.TetPairAuditTests) ... ok
test_duplicate_point_map_rejected (test_m64_tet_pair_agglomeration_audit.TetPairAuditTests) ... ok
test_duplicate_wall_group_rejected (test_m64_tet_pair_agglomeration_audit.TetPairAuditTests) ... ok
test_extra_wall_group_rejected (test_m64_tet_pair_agglomeration_audit.TetPairAuditTests) ... ok
test_malformed_wall_group_count_rejected (test_m64_tet_pair_agglomeration_audit.TetPairAuditTests) ... ok
test_map_count_and_class_rejected (test_m64_tet_pair_agglomeration_audit.TetPairAuditTests) ... ok
test_multiple_shared_faces_between_new_cells_are_not_rejected (test_m64_tet_pair_agglomeration_audit.TetPairAuditTests) ... ok
test_native_wall_group_serialization_equivalence (test_m64_tet_pair_agglomeration_audit.TetPairAuditTests) ... ok
test_nonwall_group_is_not_given_wall_default (test_m64_tet_pair_agglomeration_audit.TetPairAuditTests) ... ok
test_old_to_new_forgery_rejected (test_m64_tet_pair_agglomeration_audit.TetPairAuditTests) ... ok
test_one_binary64_ulp_coordinate_change_is_rejected (test_m64_tet_pair_agglomeration_audit.TetPairAuditTests) ... ok
test_other_patch_metadata_stays_strict (test_m64_tet_pair_agglomeration_audit.TetPairAuditTests) ... ok
test_overlapping_requested_pairs_rejected (test_m64_tet_pair_agglomeration_audit.TetPairAuditTests) ... ok
test_owner_flip_without_triangle_reversal_rejected (test_m64_tet_pair_agglomeration_audit.TetPairAuditTests) ... ok
test_patch_membership_change_rejected (test_m64_tet_pair_agglomeration_audit.TetPairAuditTests) ... ok
test_patch_type_change_rejected (test_m64_tet_pair_agglomeration_audit.TetPairAuditTests) ... ok
test_removed_wall_custom_group_rejected (test_m64_tet_pair_agglomeration_audit.TetPairAuditTests) ... ok
test_signed_zero_bit_change_is_rejected (test_m64_tet_pair_agglomeration_audit.TetPairAuditTests) ... ok
test_single_pair_with_reordered_nodes_faces_cells_and_owner_flips (test_m64_tet_pair_agglomeration_audit.TetPairAuditTests) ... ok
test_source_cell_not_tetra_rejected (test_m64_tet_pair_agglomeration_audit.TetPairAuditTests) ... ok
test_source_not_outward_rejected (test_m64_tet_pair_agglomeration_audit.TetPairAuditTests) ... ok
test_wall_custom_group_retained_alongside_native_default (test_m64_tet_pair_agglomeration_audit.TetPairAuditTests) ... ok
test_wrong_owner_rejected (test_m64_tet_pair_agglomeration_audit.TetPairAuditTests) ... ok
test_wrong_retained_triangle_rejected (test_m64_tet_pair_agglomeration_audit.TetPairAuditTests) ... ok
test_exact_decimal_handles_exponents_without_binary64_rounding (test_m64_tetrahedral_star_subdivision.TetrahedralStarSubdivisionTests) ... ok
test_existing_crlf_nodes_and_untargeted_sections_and_elements_byte_exact (test_m64_tetrahedral_star_subdivision.TetrahedralStarSubdivisionTests) ... ok
test_malformed_counts_nodes_and_semantic_data_sections_rejected (test_m64_tetrahedral_star_subdivision.TetrahedralStarSubdivisionTests) ... ok
test_negative_degenerate_nonmanifold_and_missing_boundary_rejected (test_m64_tetrahedral_star_subdivision.TetrahedralStarSubdivisionTests) ... ok
test_new_tags_unique_and_physical_entity_partition_tags_inherited (test_m64_tetrahedral_star_subdivision.TetrahedralStarSubdivisionTests) ... ok
test_production_pin_and_fresh_private_output_are_fail_closed (test_m64_tetrahedral_star_subdivision.TetrahedralStarSubdivisionTests) ... ok
test_selection_uses_full_adjacency_degree_zero_through_four (test_m64_tetrahedral_star_subdivision.TetrahedralStarSubdivisionTests) ... ok
test_single_tetrahedron_has_four_positive_exact_quarter_children (test_m64_tetrahedral_star_subdivision.TetrahedralStarSubdivisionTests) ... ok
test_boolean_face_rejected (test_m64_thermal_boundary_inventory.ThermalBoundaryTests) ... ok
test_complete_partition_still_not_a_solver (test_m64_thermal_boundary_inventory.ThermalBoundaryTests) ... ok
test_duplicate_face_rejected (test_m64_thermal_boundary_inventory.ThermalBoundaryTests) ... ok
test_evidence_required (test_m64_thermal_boundary_inventory.ThermalBoundaryTests) ... ok
test_import_version_must_match (test_m64_thermal_boundary_inventory.ThermalBoundaryTests) ... ok
test_no_automatic_adiabatic_fallback (test_m64_thermal_boundary_inventory.ThermalBoundaryTests) ... ok
test_nonfinite_area_rejected (test_m64_thermal_boundary_inventory.ThermalBoundaryTests) ... ok
test_partial_coverage_is_reported_not_passed (test_m64_thermal_boundary_inventory.ThermalBoundaryTests) ... ok
test_roles_are_not_free_form_conditions (test_m64_thermal_boundary_inventory.ThermalBoundaryTests) ... ok
test_source_hash_required (test_m64_thermal_boundary_inventory.ThermalBoundaryTests) ... ok
test_surface_sum_must_close (test_m64_thermal_boundary_inventory.ThermalBoundaryTests) ... ok
test_unknown_face_rejected (test_m64_thermal_boundary_inventory.ThermalBoundaryTests) ... ok
test_all_samples_must_match (test_m64_thermal_face_proposals.ThermalFaceProposalTests) ... ok
test_cap_interior (test_m64_thermal_face_proposals.ThermalFaceProposalTests) ... ok
test_finite_side (test_m64_thermal_face_proposals.ThermalFaceProposalTests) ... ok
test_infinite_extension_is_not_side (test_m64_thermal_face_proposals.ThermalFaceProposalTests) ... ok
test_invalid_input_rejected (test_m64_thermal_face_proposals.ThermalFaceProposalTests) ... ok
test_plane_outside_disk_is_not_cap (test_m64_thermal_face_proposals.ThermalFaceProposalTests) ... ok
test_shared_cylinder_rim_remains_ambiguous (test_m64_thermal_face_proposals.ThermalFaceProposalTests) ... ok
test_signature_requires_area_and_center_not_just_bbox (test_m64_thermal_face_proposals.ThermalFaceProposalTests) ... ok
test_identity_mismatch_rejected (test_m64_transition_filling.TransitionFillingTests) ... ok
test_invalid_tolerance_rejected (test_m64_transition_filling.TransitionFillingTests) ... ok
test_non_finite_or_invalid_resolved_length_rejected (test_m64_transition_filling.TransitionFillingTests) ... ok
test_resolution_is_not_gain (test_m64_transition_filling.TransitionFillingTests) ... ok
test_same_algorithm_pairs (test_m64_transition_filling.TransitionFillingTests) ... ok
test_unknown_status_rejected (test_m64_transition_filling.TransitionFillingTests) ... ok
test_decimal_independent_formulas (test_m64_triangle_area_precision.AreaPrecisionTests) ... ok
test_thin_triangle_cancellation_and_narrow_adapter (test_m64_triangle_area_precision.AreaPrecisionTests) ... ok
test_absolute_pressure_doubling_halves_corrected_flow (test_m64_turbo_reference.TurboReferenceTests) ... ok
test_changed_balance_refused (test_m64_turbo_reference.TurboReferenceTests) ... ok
test_invalid_inputs_refused (test_m64_turbo_reference.TurboReferenceTests) ... ok
test_published_reference_gives_identity (test_m64_turbo_reference.TurboReferenceTests) ... ok
test_published_result_and_nonqualification (test_m64_turbo_reference.TurboReferenceTests) ... ok
test_reversing_published_equation_recovers_actual_flow (test_m64_turbo_reference.TurboReferenceTests) ... ok
test_changed_merge_source_or_role_rejected (test_m64_unified_gas_package.UnifiedPacketContractTests) ... ok
test_count_preserving_but_wrong_face_map_rejected (test_m64_unified_gas_package.UnifiedPacketContractTests) ... ok
test_duplicate_and_missing_source_faces_rejected (test_m64_unified_gas_package.UnifiedPacketContractTests) ... ok
test_historical_numbers_are_nested_not_fresh_candidate_measurements (test_m64_unified_gas_package.UnifiedPacketContractTests) ... ok
test_missing_false_or_extra_review_gate_rejected (test_m64_unified_gas_package.UnifiedPacketContractTests) ... ok
test_multiple_historical_overlap_labels_preserve_reviewed_final_role (test_m64_unified_gas_package.UnifiedPacketContractTests) ... ok
test_native_only_authority_does_not_inherit_STEP_or_CFD (test_m64_unified_gas_package.UnifiedPacketContractTests) ... ok
test_packet_path_escape_or_symlink_rejected (test_m64_unified_gas_package.UnifiedPacketContractTests) ... ok
test_reviewed_relation_is_many_to_one_not_bijection (test_m64_unified_gas_package.UnifiedPacketContractTests) ... ok
test_wrong_review_candidate_or_raw_identity_claim_rejected (test_m64_unified_gas_package.UnifiedPacketContractTests) ... ok
test_absent_or_stale_registration_is_rejected (test_m64_unified_native_profile.UnifiedProfileTests) ... ok
test_all_faces_and_new_guide_pins_are_required (test_m64_unified_native_profile.UnifiedProfileTests) ... ok
test_exact_new_profile_does_not_modify_or_qualify_input (test_m64_unified_native_profile.UnifiedProfileTests) ... ok
test_guide_sizing_uses_new_faces_and_all_fourteen_fragments (test_m64_unified_native_profile.UnifiedProfileTests) ... ok
test_modes_cannot_mix_and_obsolete_face38_is_rejected (test_m64_unified_native_profile.UnifiedProfileTests) ... ok
test_new_inventory_requires_exact_producer_and_no_mesh_result (test_m64_unified_native_profile.UnifiedProfileTests) ... ok
test_registered_flags_cannot_waive_native_failure_or_grant_STEP (test_m64_unified_native_profile.UnifiedProfileTests) ... ok
test_unified_request_cannot_skip_actual_guide_gates (test_m64_unified_native_profile.UnifiedProfileTests) ... ok
test_contact_and_intersection_are_not_clearance (test_m64_v5_spring_packaging.SpringPackagingTests) ... ok
test_stack_and_unsupported_inputs (test_m64_v5_spring_packaging.SpringPackagingTests) ... ok
test_fixed_design_stack (test_m64_v5_spring_pockets.SpringPocketTests) ... ok
test_port_gate_requires_every_geometric_criterion (test_m64_v5_spring_pockets.SpringPocketTests) ... ok
test_zero_common_never_accepts_a_solid (test_m64_v5_spring_pockets.SpringPocketTests) ... ok
test_bbox_gate_is_finite_and_six_dimensional (test_m64_v5_spring_seat_pads.SeatPadTests) ... ok
test_exact_hash_gate_rejects_tamper_and_symlink (test_m64_v5_spring_seat_pads.SeatPadTests) ... ok
test_fixed_local_design (test_m64_v5_spring_seat_pads.SeatPadTests) ... ok
test_full_support_requires_no_missing_native_faces (test_m64_v5_spring_seat_pads.SeatPadTests) ... ok
test_hollow_stem_ratios_and_bad_geometry (test_m64_valve_variants.ValveVariantTests) ... ok
test_analytic_derivatives_match_numerical_integration (test_m64_valvetrain_v1.CamLawTests) ... ok
test_c2_continuity_and_bounded_jerk (test_m64_valvetrain_v1.CamLawTests) ... ok
test_lash_within_ramp_and_hot_seating (test_m64_valvetrain_v1.CamLawTests) ... ok
test_monotone_flanks_and_c_domain (test_m64_valvetrain_v1.CamLawTests) ... ok
test_results_fingerprints_and_status (test_m64_valvetrain_v1.EvidenceTests) ... ok
test_gap_hand_point (test_m64_valvetrain_v1.PistonTests) ... ok
test_interference_detected_when_gap_small (test_m64_valvetrain_v1.PistonTests) ... ok
test_slider_crank_limits (test_m64_valvetrain_v1.PistonTests) ... ok
test_claim_detector_rejects_m64_claim (test_m64_valvetrain_v1.ProvenanceTests) ... ok
test_every_parameter_has_status_and_justification (test_m64_valvetrain_v1.ProvenanceTests) ... ok
test_harmonic_limit_and_energy (test_m64_valvetrain_v1.SdofTests) ... ok
test_low_rpm_follows_kinematics (test_m64_valvetrain_v1.SdofTests) ... ok
test_weak_spring_floats_in_dynamics (test_m64_valvetrain_v1.SdofTests) ... ok
test_coil_bind_detected (test_m64_valvetrain_v1.SpringAndMarginTests) ... ok
test_heavier_valve_floats_earlier (test_m64_valvetrain_v1.SpringAndMarginTests) ... ok
test_margin_scales_inverse_square_and_float_rpm_bisection (test_m64_valvetrain_v1.SpringAndMarginTests) ... ok
test_spring_rate_hand_calculation (test_m64_valvetrain_v1.SpringAndMarginTests) ... ok
test_bad_interval_rejected (test_m64_wall_origin.WallOriginTests) ... ok
test_cut_created_end (test_m64_wall_origin.WallOriginTests) ... ok
test_inherited_interval (test_m64_wall_origin.WallOriginTests) ... ok
test_internal_fragment (test_m64_wall_origin.WallOriginTests) ... ok
test_unresolved_is_not_inherited (test_m64_wall_origin.WallOriginTests) ... ok
test_an_empty_fault_list_cannot_hide_an_error_or_warning (test_m64_wholebody_bop_errors.BopErrorGateTests) ... ok
test_nonfinite_or_zeroed_positive_area_cannot_pass (test_m64_wholebody_surface_gpu.SurfaceComparisonTests) ... ok
test_circular_machine_keeps_conservative_diameter (test_metal_am_geometry_screen.MetalAmGeometryScreenTests) ... ok
test_generic_chart_does_not_name_cp1 (test_metal_am_geometry_screen.MetalAmGeometryScreenTests) ... ok
test_machine_card_cannot_mix_envelope_types (test_metal_am_geometry_screen.MetalAmGeometryScreenTests) ... ok
test_rectangular_machine_fit_uses_independent_axes (test_metal_am_geometry_screen.MetalAmGeometryScreenTests) ... ok
test_rectangular_machine_rejects_axis_overflow (test_metal_am_geometry_screen.MetalAmGeometryScreenTests) ... ok
test_dockerfile_est_stdlib_epingle_amd64_et_non_root (test_obj_metrology_f15_image.ObjMetrologyF15ImageTests) ... ok
test_documentation_est_fail_closed_et_contient_le_flux_mermaid (test_obj_metrology_f15_image.ObjMetrologyF15ImageTests) ... ok
test_lock_atteste_workflow_sbom_slsa_et_smoke_hors_ligne (test_obj_metrology_f15_image.ObjMetrologyF15ImageTests) ... ok
test_lock_fixe_index_manifest_et_runtime_amd64 (test_obj_metrology_f15_image.ObjMetrologyF15ImageTests) ... ok
test_lock_relit_les_sha256_des_six_entrees (test_obj_metrology_f15_image.ObjMetrologyF15ImageTests) ... ok
test_lock_reste_fail_closed_hors_image_cpu (test_obj_metrology_f15_image.ObjMetrologyF15ImageTests) ... ok
test_requirements_documente_zero_dependance (test_obj_metrology_f15_image.ObjMetrologyF15ImageTests) ... ok
test_smoke_execute_le_vrai_pipeline_sur_fixture (test_obj_metrology_f15_image.ObjMetrologyF15ImageTests) ... ok
test_smoke_refuse_root (test_obj_metrology_f15_image.ObjMetrologyF15ImageTests) ... ok
test_workflow_garde_digest_provenance_et_execution_hors_ligne (test_obj_metrology_f15_image.ObjMetrologyF15ImageTests) ... ok
test_contract_keeps_917_and_935_separate (test_omniverse_assembly.OmniverseAssemblyTests) ... ok
test_exhaust_defaults_to_inconel_study (test_omniverse_assembly.OmniverseAssemblyTests) ... ok
test_relative_asset_path_is_portable (test_omniverse_assembly.OmniverseAssemblyTests) ... ok
test_anonymous_runtime_check_rejects_each_movable_tag_mismatch (test_openbao_ghcr_wrapper.OpenBaoGhcrWrapperTest) ... ok
test_anonymous_runtime_check_requires_single_platform_manifest_and_exact_tags (test_openbao_ghcr_wrapper.OpenBaoGhcrWrapperTest) ... ok
test_cli_attestation_forwards_qualification_output_job_id_and_nonce (test_openbao_ghcr_wrapper.OpenBaoGhcrWrapperTest) ... ok
test_direct_runtime_attestation_rejects_revoked_digest_before_evidence (test_openbao_ghcr_wrapper.OpenBaoGhcrWrapperTest) ... ok
test_existing_token_alias_is_accepted_without_username_field (test_openbao_ghcr_wrapper.OpenBaoGhcrWrapperTest) ... ok
test_github_runtime_check_rejects_wrong_repo_path_branch_or_attempt (test_openbao_ghcr_wrapper.OpenBaoGhcrWrapperTest) ... ok
test_github_runtime_check_requires_the_exact_successful_job_steps (test_openbao_ghcr_wrapper.OpenBaoGhcrWrapperTest) ... ok
test_github_workflow_content_must_hash_to_qualified_git_blob (test_openbao_ghcr_wrapper.OpenBaoGhcrWrapperTest) ... ok
test_qualification_requires_source_and_workflow_identity_fields (test_openbao_ghcr_wrapper.OpenBaoGhcrWrapperTest) ... ok
test_request_refuses_cross_origin_redirect_without_forwarding_auth (test_openbao_ghcr_wrapper.OpenBaoGhcrWrapperTest) ... ok
test_revoked_digest_is_rejected_before_registry_or_vast_use (test_openbao_ghcr_wrapper.OpenBaoGhcrWrapperTest) ... ok
test_runtime_attestation_arguments_are_strict (test_openbao_ghcr_wrapper.OpenBaoGhcrWrapperTest) ... ok
test_runtime_attestation_is_exclusive_private_and_bound_to_wrapper (test_openbao_ghcr_wrapper.OpenBaoGhcrWrapperTest) ... ok
test_runtime_output_requires_private_non_symlink_parent_and_fstats_fd (test_openbao_ghcr_wrapper.OpenBaoGhcrWrapperTest) ... ok
test_scope_is_fixed_to_existing_github_secret_and_pinned_image (test_openbao_ghcr_wrapper.OpenBaoGhcrWrapperTest) ... ok
test_unrelated_fields_are_rejected (test_openbao_ghcr_wrapper.OpenBaoGhcrWrapperTest) ... ok
test_vast_command_never_receives_github_credential (test_openbao_ghcr_wrapper.OpenBaoGhcrWrapperTest) ... ok
test_fixed_fetch_keeps_scope_and_withholds_failure_diagnostics (test_openbao_github_fetch_patch.FixedFetchTests) ... warning: openbao-github has type 100644, expected 100755
ok
test_branch_contract_rejects_dirty_or_non_codex_worktree (test_openbao_github_wrapper.OpenBaoGithubWrapperTests) ... ok
test_dispatch_is_exact_and_rejects_unapproved_workflows (test_openbao_github_wrapper.OpenBaoGithubWrapperTests) ... ok
test_first_dockerfile_base_ignores_platform_option (test_openbao_github_wrapper.OpenBaoGithubWrapperTests) ... ok
test_picogk_dispatch_is_fixed_and_requires_clean_matching_branch (test_openbao_github_wrapper.OpenBaoGithubWrapperTests) ... ok
test_production_local_ai_parent_pin_matches_allowlist (test_openbao_github_wrapper.OpenBaoGithubWrapperTests) ... ok
test_production_workflow_parent_pin_matches_allowlist (test_openbao_github_wrapper.OpenBaoGithubWrapperTests) ... ok
test_push_error_never_prints_token_or_remote_diagnostics (test_openbao_github_wrapper.OpenBaoGithubWrapperTests) ... ok
test_push_uses_header_environment_not_url_or_arguments (test_openbao_github_wrapper.OpenBaoGithubWrapperTests) ... ok
test_repository_auth_requires_push_permission (test_openbao_github_wrapper.OpenBaoGithubWrapperTests) ... ok
test_scope_is_fixed_to_one_repository_and_two_direct_workflows (test_openbao_github_wrapper.OpenBaoGithubWrapperTests) ... ok
test_simready_chain_blocks_children_until_parent_is_qualified (test_openbao_github_wrapper.OpenBaoGithubWrapperTests) ... ok
test_simready_chain_publication_is_strictly_allowlisted (test_openbao_github_wrapper.OpenBaoGithubWrapperTests) ... ok
test_simready_parent_must_be_the_exact_allowlisted_digest (test_openbao_github_wrapper.OpenBaoGithubWrapperTests) ... ok
test_simready_publication_is_fixed_to_one_image_and_push (test_openbao_github_wrapper.OpenBaoGithubWrapperTests) ... ok
test_source_never_uses_keychain_raw_bao_or_credential_url (test_openbao_github_wrapper.OpenBaoGithubWrapperTests) ... ok
test_wrapper_compiles_and_diff_is_clean (test_openbao_github_wrapper.OpenBaoGithubWrapperTests) ... ok
test_arbitrary_targets_are_rejected_before_building_a_request (test_openbao_huggingface_wrapper.OpenBaoHuggingFaceWrapperTests) ... ok
test_auth_success_revokes_session_and_prints_only_evidence (test_openbao_huggingface_wrapper.OpenBaoHuggingFaceWrapperTests) ... ok
test_bootstrap_closes_all_open_descriptors_on_read_failure (test_openbao_huggingface_wrapper.OpenBaoHuggingFaceWrapperTests) ... ok
test_bootstrap_directory_and_files_require_current_ownership (test_openbao_huggingface_wrapper.OpenBaoHuggingFaceWrapperTests) ... ok
test_bootstrap_directory_requires_exact_private_mode (test_openbao_huggingface_wrapper.OpenBaoHuggingFaceWrapperTests) ... ok
test_bootstrap_file_size_bounds_apply_even_without_reading (test_openbao_huggingface_wrapper.OpenBaoHuggingFaceWrapperTests) ... ok
test_bootstrap_files_require_exact_private_mode (test_openbao_huggingface_wrapper.OpenBaoHuggingFaceWrapperTests) ... ok
test_bootstrap_rejects_directories_and_fifos_as_files (test_openbao_huggingface_wrapper.OpenBaoHuggingFaceWrapperTests) ... ok
test_bootstrap_rejects_invalid_ascii_and_format (test_openbao_huggingface_wrapper.OpenBaoHuggingFaceWrapperTests) ... ok
test_bootstrap_rejects_missing_directory_symlink_and_wrong_type (test_openbao_huggingface_wrapper.OpenBaoHuggingFaceWrapperTests) ... ok
test_bootstrap_rejects_missing_files_symlinks_and_hardlinks (test_openbao_huggingface_wrapper.OpenBaoHuggingFaceWrapperTests) ... ok
test_check_fails_safely_when_local_openbao_is_unavailable (test_openbao_huggingface_wrapper.OpenBaoHuggingFaceWrapperTests) ... ok
test_check_validates_metadata_without_reading_credentials_or_http (test_openbao_huggingface_wrapper.OpenBaoHuggingFaceWrapperTests) ... ok
test_endpoints_and_secret_scope_are_fixed (test_openbao_huggingface_wrapper.OpenBaoHuggingFaceWrapperTests) ... ok
test_hf_requires_200_and_all_requests_require_unchanged_url (test_openbao_huggingface_wrapper.OpenBaoHuggingFaceWrapperTests) ... ok
test_hf_success_never_reads_a_response_body (test_openbao_huggingface_wrapper.OpenBaoHuggingFaceWrapperTests) ... ok
test_hf_token_accepts_only_exact_field_and_bounded_format (test_openbao_huggingface_wrapper.OpenBaoHuggingFaceWrapperTests) ... ok
test_invalid_cli_never_echoes_arguments_or_reads_bootstrap (test_openbao_huggingface_wrapper.OpenBaoHuggingFaceWrapperTests) ... ok
test_invalid_hf_credential_revokes_without_calling_hugging_face (test_openbao_huggingface_wrapper.OpenBaoHuggingFaceWrapperTests) ... ok
test_invalid_login_session_never_reaches_secret_or_hugging_face (test_openbao_huggingface_wrapper.OpenBaoHuggingFaceWrapperTests) ... ok
test_openbao_json_is_bounded_and_must_be_an_object (test_openbao_huggingface_wrapper.OpenBaoHuggingFaceWrapperTests) ... ok
test_private_bootstrap_reads_only_the_two_expected_files (test_openbao_huggingface_wrapper.OpenBaoHuggingFaceWrapperTests) ... ok
test_redirects_are_not_followed_by_the_real_http_stack (test_openbao_huggingface_wrapper.OpenBaoHuggingFaceWrapperTests) ... ok
test_request_failures_hide_remote_details_tokens_and_body (test_openbao_huggingface_wrapper.OpenBaoHuggingFaceWrapperTests) ... ok
test_requests_disable_environment_proxies_and_use_separate_token_headers (test_openbao_huggingface_wrapper.OpenBaoHuggingFaceWrapperTests) ... ok
test_revocation_failure_cannot_report_success (test_openbao_huggingface_wrapper.OpenBaoHuggingFaceWrapperTests) ... ok
test_secret_and_hf_failures_still_revoke_the_session (test_openbao_huggingface_wrapper.OpenBaoHuggingFaceWrapperTests) ... ok
test_unexpected_post_login_failure_is_suppressed_and_revoked (test_openbao_huggingface_wrapper.OpenBaoHuggingFaceWrapperTests) ... ok
test_budget_cost_caps (test_openbao_vastai_engine_twin.EngineTwinTests) ... ok
test_cli_rejects_bad_arguments_before_login (test_openbao_vastai_engine_twin.EngineTwinTests) ... ok
test_flashnext_offers_contract_ports_and_idle_onstart (test_openbao_vastai_engine_twin.EngineTwinTests) ... ok
test_flashnext_variant_manifest_guard_and_limits (test_openbao_vastai_engine_twin.EngineTwinTests) ... ok
test_guard_api_port_allowed_for_compute_only (test_openbao_vastai_engine_twin.EngineTwinTests) ... ok
test_guard_fingerprint_is_pinned_and_guard_accepts_both_roles (test_openbao_vastai_engine_twin.EngineTwinTests) ... ok
test_guard_hides_only_exact_sibling (test_openbao_vastai_engine_twin.EngineTwinTests) ... ok
test_guard_waits_for_state_less_listing_but_not_terminal_states (test_openbao_vastai_engine_twin.EngineTwinTests) ... ok
test_lookup_waits_only_for_identity_less_records (test_openbao_vastai_engine_twin.EngineTwinTests) ... ok
test_manifest_rejects_out_of_contract_values (test_openbao_vastai_engine_twin.EngineTwinTests) ... ok
test_offer_limits_per_role (test_openbao_vastai_engine_twin.EngineTwinTests) ... ok
test_offer_query_is_bounded (test_openbao_vastai_engine_twin.EngineTwinTests) ... ok
test_onstart_commands (test_openbao_vastai_engine_twin.EngineTwinTests) ... ok
test_published_ports_are_role_specific (test_openbao_vastai_engine_twin.EngineTwinTests) ... ok
test_singleton_tolerates_only_the_exact_sibling (test_openbao_vastai_engine_twin.EngineTwinTests) ... ok
test_two_roles_stay_under_the_session_ceiling (test_openbao_vastai_engine_twin.EngineTwinTests) ... ok
test_armed_guard_pid_is_bound_to_exact_helper_and_manifest (test_openbao_vastai_m64_fea512.FEA512Tests) ... ok
test_budget_and_contract_recheck_real_allocations (test_openbao_vastai_m64_fea512.FEA512Tests) ... ok
test_deadline_with_background_destroys_only_new_instance (test_openbao_vastai_m64_fea512.FEA512Tests) ... ok
test_guard_never_hides_changed_unknown_or_duplicate_background (test_openbao_vastai_m64_fea512.FEA512Tests) ... ok
test_guard_price_resources_signal_and_missing_metadata (test_openbao_vastai_m64_fea512.FEA512Tests) ... ok
test_guard_refuses_to_arm_without_exact_background (test_openbao_vastai_m64_fea512.FEA512Tests) ... ok
test_manifest_guard_pin_and_old_engine_unchanged (test_openbao_vastai_m64_fea512.FEA512Tests) ... ok
test_manifest_rejects_policy_escape_before_authentication (test_openbao_vastai_m64_fea512.FEA512Tests) ... ok
test_offer_query_exact_refresh_and_old_profile_isolation (test_openbao_vastai_m64_fea512.FEA512Tests) ... ok
test_paid_launch_failure_has_500gb_and_only_owned_cleanup (test_openbao_vastai_m64_fea512.FEA512Tests) ... ok
test_read_only_offer_cli_has_fixed_policy (test_openbao_vastai_m64_fea512.FEA512Tests) ... ok
test_singleton_permits_only_exact_background_and_owned_attempt (test_openbao_vastai_m64_fea512.FEA512Tests) ... ok
test_all_code_and_input_hashes_checked (test_openbao_vastai_m64_job.M64JobTests) ... ok
test_bad_phase_rejected_before_authentication (test_openbao_vastai_m64_job.M64JobTests) ... ok
test_collect_hash_mismatch_extra_file_and_symlink_destination_rejected (test_openbao_vastai_m64_job.M64JobTests) ... ok
test_collect_survives_expired_deadline_and_incurred_rate_increase (test_openbao_vastai_m64_job.M64JobTests) ... ok
test_fresh_api_completion_does_not_reset_absolute_deadline (test_openbao_vastai_m64_job.M64JobTests) ... ok
test_legacy_image_is_rejected_even_for_rescue_collection (test_openbao_vastai_m64_job.M64JobTests) ... ok
test_local_remote_roundtrip_verifies_snapshot_and_private_permissions (test_openbao_vastai_m64_job.M64JobTests) ... ok
test_manifest_bound_to_exact_instance_label_image_profile (test_openbao_vastai_m64_job.M64JobTests) ... ok
test_mocked_phase_operation_uses_fixed_command_and_does_not_print_remote_logs (test_openbao_vastai_m64_job.M64JobTests) ... ok
test_onstart_initializes_exact_embedded_helper_before_normal_start (test_openbao_vastai_m64_job.M64JobTests) ... ok
test_phase_nonzero_keeps_job_and_allows_missing_output_collection (test_openbao_vastai_m64_job.M64JobTests) ... ok
test_real_local_transport_handles_input_and_bounded_stdout (test_openbao_vastai_m64_job.M64JobTests) ... ok
test_real_local_transport_timeout_and_stream_limit_do_not_echo_content (test_openbao_vastai_m64_job.M64JobTests) ... ok
test_recursive_empty_root_and_missing_root_are_distinct (test_openbao_vastai_m64_job.M64JobTests) ... ok
test_recursive_local_response_limit_and_traversal_are_rechecked (test_openbao_vastai_m64_job.M64JobTests) ... ok
test_recursive_outputs_collect_sidecars_and_enforce_aggregate_bound (test_openbao_vastai_m64_job.M64JobTests) ... ok
test_recursive_symlink_directory_and_special_file_are_rejected (test_openbao_vastai_m64_job.M64JobTests) ... ok
test_rejects_nonfinite_boolean_negative_and_over_budget_numbers (test_openbao_vastai_m64_job.M64JobTests) ... ok
test_rejects_relative_traversal_and_shell_path_injection (test_openbao_vastai_m64_job.M64JobTests) ... ok
test_rejects_symlink_file_parent_and_hardlink (test_openbao_vastai_m64_job.M64JobTests) ... ok
test_rejects_unlisted_code_missing_inputs_and_unsafe_outputs (test_openbao_vastai_m64_job.M64JobTests) ... ok
test_rejects_unpinned_code_even_with_self_consistent_job_hashes (test_openbao_vastai_m64_job.M64JobTests) ... ok
test_rejects_writable_file_duplicate_json_and_case_ambiguity (test_openbao_vastai_m64_job.M64JobTests) ... ok
test_remote_phase_timeout_is_recorded_and_collectable (test_openbao_vastai_m64_job.M64JobTests) ... ok
test_remote_refuses_retransfer_manifest_change_and_added_import_code (test_openbao_vastai_m64_job.M64JobTests) ... ok
test_remote_refuses_symlink_output_or_code_before_reading (test_openbao_vastai_m64_job.M64JobTests) ... ok
test_strict_existing_knownhost_and_pair_checks_no_tofu (test_openbao_vastai_m64_job.M64JobTests) ... ok
test_transport_and_rescue_prefer_provider_direct_pair_with_strict_knownhost (test_openbao_vastai_m64_job.M64JobTests) ... ok
test_transport_refuses_malformed_direct_instead_of_proxy_even_for_collect (test_openbao_vastai_m64_job.M64JobTests) ... OPENBAO_VASTAI_M64_ENDPOINT_DIAGNOSTIC {"candidate_ports": [], "instance_id": 123456, "mapping_count": 1, "mapping_summaries": [{"entry_type": "dict", "host_ip_family": null, "host_ip_state": "absent", "index": 0, "port": null, "source": "ports[22/tcp][0].HostPort"}], "mappings_type": "list", "ports_type": "dict", "public_ip_family": null, "public_ip_global_verified": false, "reason": "mapping_entry_invalid", "schema_version": "1.0.0", "ssh_connection_tested": false}
OPENBAO_VASTAI_M64_ENDPOINT_DIAGNOSTIC {"candidate_ports": [], "instance_id": 123456, "mapping_count": 1, "mapping_summaries": [{"entry_type": "dict", "host_ip_family": null, "host_ip_state": "absent", "index": 0, "port": null, "source": "ports[22/tcp][0].HostPort"}], "mappings_type": "list", "ports_type": "dict", "public_ip_family": null, "public_ip_global_verified": false, "reason": "mapping_entry_invalid", "schema_version": "1.0.0", "ssh_connection_tested": false}
ok
test_valid_bundle_snapshots_exact_bytes_and_fixed_phase_registry (test_openbao_vastai_m64_job.M64JobTests) ... ok
test_wrong_remote_instance_rejected_even_for_rescue_collection (test_openbao_vastai_m64_job.M64JobTests) ... ok
test_account_billing_redacts_identity_and_recharge (test_openbao_vastai_picogk.PicoGKTests) ... ok
test_actual_contract_revalidates_price_and_identity (test_openbao_vastai_picogk.PicoGKTests) ... OPENBAO_VASTAI_PICOGK_CONTRACT {"image_matches": false, "instance_id": 999, "label_matches": true, "machine_verified": true, "mismatched_fields": ["image"], "missing_fields": [], "observed_numeric_fields": {"cpu_cores_effective": 64.0, "cpu_ram_mb": 128000.0, "disk_space_gb": 100.0, "dph_total": 0.5, "gpu_fraction": 1.0, "inet_down_cost_usd_per_gb": 0.001, "inet_up_cost_usd_per_gb": 0.001, "num_gpus": 1.0}, "provider_states": {"actual_status": "running", "cur_state": null, "intended_status": null, "next_state": null}, "reason": "contract_rejected", "ssh_authentication_verified": false, "startup_pending": false}
OPENBAO_VASTAI_PICOGK_CONTRACT {"image_matches": true, "instance_id": 999, "label_matches": false, "machine_verified": true, "mismatched_fields": ["label"], "missing_fields": [], "observed_numeric_fields": {"cpu_cores_effective": 64.0, "cpu_ram_mb": 128000.0, "disk_space_gb": 100.0, "dph_total": 0.5, "gpu_fraction": 1.0, "inet_down_cost_usd_per_gb": 0.001, "inet_up_cost_usd_per_gb": 0.001, "num_gpus": 1.0}, "provider_states": {"actual_status": "running", "cur_state": null, "intended_status": null, "next_state": null}, "reason": "contract_rejected", "ssh_authentication_verified": false, "startup_pending": false}
OPENBAO_VASTAI_PICOGK_CONTRACT {"image_matches": true, "instance_id": 999, "label_matches": true, "machine_verified": true, "mismatched_fields": ["id"], "missing_fields": [], "observed_numeric_fields": {"cpu_cores_effective": 64.0, "cpu_ram_mb": 128000.0, "disk_space_gb": 100.0, "dph_total": 0.5, "gpu_fraction": 1.0, "inet_down_cost_usd_per_gb": 0.001, "inet_up_cost_usd_per_gb": 0.001, "num_gpus": 1.0}, "provider_states": {"actual_status": "running", "cur_state": null, "intended_status": null, "next_state": null}, "reason": "contract_rejected", "ssh_authentication_verified": false, "startup_pending": false}
OPENBAO_VASTAI_PICOGK_CONTRACT {"image_matches": true, "instance_id": 999, "label_matches": true, "machine_verified": true, "mismatched_fields": ["dph_total"], "missing_fields": [], "observed_numeric_fields": {"cpu_cores_effective": 64.0, "cpu_ram_mb": 128000.0, "disk_space_gb": 100.0, "dph_total": 0.6, "gpu_fraction": 1.0, "inet_down_cost_usd_per_gb": 0.001, "inet_up_cost_usd_per_gb": 0.001, "num_gpus": 1.0}, "provider_states": {"actual_status": "running", "cur_state": null, "intended_status": null, "next_state": null}, "reason": "contract_rejected", "ssh_authentication_verified": false, "startup_pending": false}
OPENBAO_VASTAI_PICOGK_CONTRACT {"image_matches": true, "instance_id": 999, "label_matches": true, "machine_verified": true, "mismatched_fields": [], "missing_fields": ["inet_down_cost_usd_per_gb"], "observed_numeric_fields": {"cpu_cores_effective": 64.0, "cpu_ram_mb": 128000.0, "disk_space_gb": 100.0, "dph_total": 0.5, "gpu_fraction": 1.0, "inet_down_cost_usd_per_gb": null, "inet_up_cost_usd_per_gb": 0.001, "num_gpus": 1.0}, "provider_states": {"actual_status": "running", "cur_state": null, "intended_status": null, "next_state": null}, "reason": "contract_rejected", "ssh_authentication_verified": false, "startup_pending": false}
OPENBAO_VASTAI_PICOGK_CONTRACT {"image_matches": true, "instance_id": 999, "label_matches": true, "machine_verified": false, "mismatched_fields": ["machine_verification"], "missing_fields": [], "observed_numeric_fields": {"cpu_cores_effective": 64.0, "cpu_ram_mb": 128000.0, "disk_space_gb": 100.0, "dph_total": 0.5, "gpu_fraction": 1.0, "inet_down_cost_usd_per_gb": 0.001, "inet_up_cost_usd_per_gb": 0.001, "num_gpus": 1.0}, "provider_states": {"actual_status": "running", "cur_state": null, "intended_status": null, "next_state": null}, "reason": "contract_rejected", "ssh_authentication_verified": false, "startup_pending": false}
ok
test_attempt_journal_is_durable_and_cannot_replay (test_openbao_vastai_picogk.PicoGKTests) ... ok
test_cleanup_absence_counter_resets_after_inventory_error (test_openbao_vastai_picogk.PicoGKTests) ... ok
test_cleanup_survives_inventory_error_and_lost_delete_ack (test_openbao_vastai_picogk.PicoGKTests) ... ok
test_contract_diagnostic_names_faults_without_raw_response (test_openbao_vastai_picogk.PicoGKTests) ... ok
test_current_state_fallback_never_uses_desired_or_overrides_actual_status (test_openbao_vastai_picogk.PicoGKTests) ... ok
test_external_destroy_requires_fresh_exact_match (test_openbao_vastai_picogk.PicoGKTests) ... ok
test_external_guard_exact_ownership_and_cost (test_openbao_vastai_picogk.PicoGKTests) ... ok
test_guard_after_observation_cleans_up_when_inventory_read_fails (test_openbao_vastai_picogk.PicoGKTests) ... ok
test_guard_arms_before_launch_then_destroys_at_monotonic_deadline (test_openbao_vastai_picogk.PicoGKTests) ... ok
test_guard_must_be_alive_pinned_and_already_armed (test_openbao_vastai_picogk.PicoGKTests) ... ok
test_guard_observed_absence_routes_through_resilient_cleanup (test_openbao_vastai_picogk.PicoGKTests) ... ok
test_launch_failure_destroys_only_returned_owned_instance (test_openbao_vastai_picogk.PicoGKTests) ... ok
test_manifest_and_expired_cleanup (test_openbao_vastai_picogk.PicoGKTests) ... ok
test_manifest_rejects_escape_budget_clock_and_proof (test_openbao_vastai_picogk.PicoGKTests) ... ok
test_missing_metadata_wait_is_bounded_to_120_seconds (test_openbao_vastai_picogk.PicoGKTests) ... ok
test_offer_limits_and_budget (test_openbao_vastai_picogk.PicoGKTests) ... ok
test_offer_refresh_filters_exact_id_locally_without_vast_id_predicate (test_openbao_vastai_picogk.PicoGKTests) ... ok
test_picogk_direct_mapping_and_unexpected_proxy_rejection (test_openbao_vastai_picogk.PicoGKTests) ... ok
test_picogk_never_falls_back_to_proxy_without_direct_mapping (test_openbao_vastai_picogk.PicoGKTests) ... ok
test_picogk_ssh_failure_diagnostic_uses_only_allowlisted_category (test_openbao_vastai_picogk.PicoGKTests) ... ok
test_picogk_waits_for_mapping_then_rejects_endpoint_change_before_second_probe (test_openbao_vastai_picogk.PicoGKTests) ... ok
test_qualification_cannot_claim_engine_release (test_openbao_vastai_picogk.PicoGKTests) ... ok
test_runtime_probe_requires_no_python_and_checks_witness (test_openbao_vastai_picogk.PicoGKTests) ... ok
test_ssh_ready_does_not_wait_for_terminal_state_or_known_wrong_hardware (test_openbao_vastai_picogk.PicoGKTests) ... ok
test_ssh_ready_waits_for_correlated_startup_and_missing_metadata (test_openbao_vastai_picogk.PicoGKTests) ... ok
test_startup_state_requires_provider_evidence_and_preserves_terminal_states (test_openbao_vastai_picogk.PicoGKTests) ... ok
test_unknown_startup_absence_retries_transient_failure (test_openbao_vastai_picogk.PicoGKTests) ... ok
test_contract_failure_diagnostic_precedes_cleanup_and_excludes_private_provider_data (test_openbao_vastai_research.ResearchTests) ... ok
test_create_once_requires_preconditions_then_instance_key_and_cleanup_on_failure (test_openbao_vastai_research.ResearchTests) ... ok
test_existing_profile_caps_are_unchanged (test_openbao_vastai_research.ResearchTests) ... ok
test_expired_manifest_allows_cleanup_only (test_openbao_vastai_research.ResearchTests) ... ok
test_failed_cleanup_receipt_never_claims_billing_stopped (test_openbao_vastai_research.ResearchTests) ... ok
test_fixed_manifest_and_guard_fingerprints (test_openbao_vastai_research.ResearchTests) ... ok
test_gpu_fraction_is_host_share_and_must_match_selected_offer (test_openbao_vastai_research.ResearchTests) ... ok
test_guard_reuses_resilient_cleanup_and_rejects_identity_changes (test_openbao_vastai_research.ResearchTests) ... ok
test_guard_signal_requests_cleanup_without_ending_monitor (test_openbao_vastai_research.ResearchTests) ... ok
test_image_loading_wait_cannot_consume_global_cleanup_reserve (test_openbao_vastai_research.ResearchTests) ... ok
test_insufficient_server_ttl_refuses_before_put_and_attempt_consumption (test_openbao_vastai_research.ResearchTests) ... ok
test_known_startup_contract_violation_is_not_missing_metadata (test_openbao_vastai_research.ResearchTests) ... ok
test_late_put_after_twenty_minutes_is_still_destroyed (test_openbao_vastai_research.ResearchTests) ... ok
test_live_guard_pid_must_match_helper_and_manifest_not_unrelated_process (test_openbao_vastai_research.ResearchTests) ... ok
test_loopback_fixed_revision_and_no_public_port (test_openbao_vastai_research.ResearchTests) ... ok
test_manifest_rejects_mutable_or_unqualified_inputs (test_openbao_vastai_research.ResearchTests) ... ok
test_no_create_when_pair_account_inventory_or_guard_preflight_fails (test_openbao_vastai_research.ResearchTests) ... ok
test_observed_running_without_actual_status_waits_for_missing_ports (test_openbao_vastai_research.ResearchTests) ... ok
test_offer_and_all_in_price_contract (test_openbao_vastai_research.ResearchTests) ... ok
test_offer_refresh_has_allocated_disk_and_local_id_filter (test_openbao_vastai_research.ResearchTests) ... ok
test_optional_specialist_mode_preserves_legacy_and_guard_contract (test_openbao_vastai_research.ResearchTests) ... ok
test_provider_id_is_durable_before_first_instance_lookup (test_openbao_vastai_research.ResearchTests) ... ok
test_reconcile_never_calls_relabelled_instance_absent_or_accepts_changed_manifest (test_openbao_vastai_research.ResearchTests) ... ok
test_reconcile_refuses_unjournaled_and_only_destroys_exact_attempt (test_openbao_vastai_research.ResearchTests) ... ok
test_running_missing_ports_wait_is_bounded_and_never_checks_key_or_returns_ready (test_openbao_vastai_research.ResearchTests) ... ok
test_server_timeout_uses_local_duration_and_never_provider_wall_clock (test_openbao_vastai_research.ResearchTests) ... ok
test_specialist_contract_and_pending_state_use_fixed_small_resource_floor (test_openbao_vastai_research.ResearchTests) ... ok
test_specialist_idle_has_relative_deadline_no_model_download_or_api (test_openbao_vastai_research.ResearchTests) ... ok
test_specialist_launch_uses_dedicated_offers_and_does_not_claim_qwen_served (test_openbao_vastai_research.ResearchTests) ... ok
test_specialist_mode_rejects_arbitrary_commands_and_unknown_fields (test_openbao_vastai_research.ResearchTests) ... ok
test_specialist_offers_accept_24gb_without_weakening_qwen_profile (test_openbao_vastai_research.ResearchTests) ... ok
test_specialist_selected_offer_read_only_operation_never_creates_or_changes_keys (test_openbao_vastai_research.ResearchTests) ... ok
test_specialist_selection_diagnostic_reports_exact_ids_without_provider_fields (test_openbao_vastai_research.ResearchTests) ... ok
test_specialist_selection_reuses_listing_query_without_changing_bundle_window (test_openbao_vastai_research.ResearchTests) ... ok
test_uncertain_create_never_replays_and_routes_to_exact_reconcile (test_openbao_vastai_research.ResearchTests) ... ok
test_uncertain_delete_ack_can_be_proven_by_stable_absence (test_openbao_vastai_research.ResearchTests) ... ok
test_unknown_put_absence_only_finishes_after_deadline_and_five_reads (test_openbao_vastai_research.ResearchTests) ... ok
test_unmeasured_downloads_or_wrong_architecture_rejected (test_openbao_vastai_research.ResearchTests) ... ok
test_complete_proxy_keeps_precedence_regardless_of_direct_port_format (test_openbao_vastai_wrapper.OpenBaoVastAiWrapperTests) ... ok
test_component_factory_f41_attempt_labels_are_unique_bounded_and_scoped (test_openbao_vastai_wrapper.OpenBaoVastAiWrapperTests) ... ok
test_component_factory_f41_cleanup_attestation_is_exact_json (test_openbao_vastai_wrapper.OpenBaoVastAiWrapperTests) ... ok
test_component_factory_f41_cleanup_failure_does_not_swallow_interrupt (test_openbao_vastai_wrapper.OpenBaoVastAiWrapperTests) ... ok
test_component_factory_f41_cli_surfaces_billing_risk_on_cancel (test_openbao_vastai_wrapper.OpenBaoVastAiWrapperTests) ... ok
test_component_factory_f41_commands_are_explicit_and_read_only_listing (test_openbao_vastai_wrapper.OpenBaoVastAiWrapperTests) ... ok
test_component_factory_f41_concurrent_labels_rollback_only_this_attempt (test_openbao_vastai_wrapper.OpenBaoVastAiWrapperTests) ... OpenBao Vast.ai F41 paid launch attempt label: 3dprinting993-component-factory-f41-cad-aaaaaaaaaaaaaaaaaaaa
OPENBAO_VASTAI_F41_CLEANUP {"delete_acknowledged":true,"image":"ghcr.io/cluster2600/3dprinting993-cad-author-f28@sha256:c59c53b2611a1e3a9e9de5d2cedf8bfb0cd57e72582b2d6b29f6c8fc82bf7e6b","instance_id":41341,"label":"3dprinting993-component-factory-f41-cad-aaaaaaaaaaaaaaaaaaaa","paginated_absence_verified":true,"schema_version":"1.0.0","status":"destroyed_verified_absent"}
ok
test_component_factory_f41_contract_is_cpu_only_and_digest_pinned (test_openbao_vastai_wrapper.OpenBaoVastAiWrapperTests) ... ok
test_component_factory_f41_contract_waits_until_running (test_openbao_vastai_wrapper.OpenBaoVastAiWrapperTests) ... ok
test_component_factory_f41_duplicate_guard_precedes_ssh_and_create (test_openbao_vastai_wrapper.OpenBaoVastAiWrapperTests) ... ok
test_component_factory_f41_fatal_ssh_diagnostics_fail_fast (test_openbao_vastai_wrapper.OpenBaoVastAiWrapperTests) ... ok
test_component_factory_f41_invalid_create_id_is_reconciled (test_openbao_vastai_wrapper.OpenBaoVastAiWrapperTests) ... OpenBao Vast.ai F41 paid launch attempt label: 3dprinting993-component-factory-f41-cad-aaaaaaaaaaaaaaaaaaaa
OPENBAO_VASTAI_F41_CLEANUP {"delete_acknowledged":true,"image":"ghcr.io/cluster2600/3dprinting993-cad-author-f28@sha256:c59c53b2611a1e3a9e9de5d2cedf8bfb0cd57e72582b2d6b29f6c8fc82bf7e6b","instance_id":41341,"label":"3dprinting993-component-factory-f41-cad-aaaaaaaaaaaaaaaaaaaa","paginated_absence_verified":true,"schema_version":"1.0.0","status":"destroyed_verified_absent"}
ok
test_component_factory_f41_keyboard_interrupt_reconciles_and_propagates (test_openbao_vastai_wrapper.OpenBaoVastAiWrapperTests) ... OpenBao Vast.ai F41 paid launch attempt label: 3dprinting993-component-factory-f41-cad-aaaaaaaaaaaaaaaaaaaa
OPENBAO_VASTAI_F41_CLEANUP {"delete_acknowledged":true,"image":"ghcr.io/cluster2600/3dprinting993-cad-author-f28@sha256:c59c53b2611a1e3a9e9de5d2cedf8bfb0cd57e72582b2d6b29f6c8fc82bf7e6b","instance_id":41341,"label":"3dprinting993-component-factory-f41-cad-aaaaaaaaaaaaaaaaaaaa","paginated_absence_verified":true,"schema_version":"1.0.0","status":"destroyed_verified_absent"}
OpenBao Vast.ai F41 paid launch attempt label: 3dprinting993-component-factory-f41-cad-aaaaaaaaaaaaaaaaaaaa
OPENBAO_VASTAI_F41_CLEANUP {"delete_acknowledged":true,"image":"ghcr.io/cluster2600/3dprinting993-cad-author-f28@sha256:c59c53b2611a1e3a9e9de5d2cedf8bfb0cd57e72582b2d6b29f6c8fc82bf7e6b","instance_id":41341,"label":"3dprinting993-component-factory-f41-cad-aaaaaaaaaaaaaaaaaaaa","paginated_absence_verified":true,"schema_version":"1.0.0","status":"destroyed_verified_absent"}
ok
test_component_factory_f41_known_hosts_is_scoped_private_and_exclusive (test_openbao_vastai_wrapper.OpenBaoVastAiWrapperTests) ... ok
test_component_factory_f41_launch_revalidates_before_any_side_effect (test_openbao_vastai_wrapper.OpenBaoVastAiWrapperTests) ... ok
test_component_factory_f41_launch_route_requires_one_exact_offer_id (test_openbao_vastai_wrapper.OpenBaoVastAiWrapperTests) ... ok
test_component_factory_f41_launch_uses_exact_ssh_direct_contract (test_openbao_vastai_wrapper.OpenBaoVastAiWrapperTests) ... ok
test_component_factory_f41_local_probe_failures_are_fatal (test_openbao_vastai_wrapper.OpenBaoVastAiWrapperTests) ... ok
test_component_factory_f41_local_trust_cleanup_does_not_swallow_interrupt (test_openbao_vastai_wrapper.OpenBaoVastAiWrapperTests) ... OpenBao Vast.ai F41 paid launch attempt label: 3dprinting993-component-factory-f41-cad-aaaaaaaaaaaaaaaaaaaa
OPENBAO_VASTAI_F41_CLEANUP {"delete_acknowledged":true,"image":"ghcr.io/cluster2600/3dprinting993-cad-author-f28@sha256:c59c53b2611a1e3a9e9de5d2cedf8bfb0cd57e72582b2d6b29f6c8fc82bf7e6b","instance_id":41341,"label":"3dprinting993-component-factory-f41-cad-aaaaaaaaaaaaaaaaaaaa","paginated_absence_verified":true,"schema_version":"1.0.0","status":"destroyed_verified_absent"}
ok
test_component_factory_f41_never_destroys_unrelated_attempt (test_openbao_vastai_wrapper.OpenBaoVastAiWrapperTests) ... ok
test_component_factory_f41_offer_fails_closed_on_every_paid_gate (test_openbao_vastai_wrapper.OpenBaoVastAiWrapperTests) ... ok
test_component_factory_f41_offer_search_is_bounded_and_sorted (test_openbao_vastai_wrapper.OpenBaoVastAiWrapperTests) ... ok
test_component_factory_f41_onstart_status_is_atomic_and_keeps_exit_code (test_openbao_vastai_wrapper.OpenBaoVastAiWrapperTests) ... ok
test_component_factory_f41_post_create_failures_reconcile_exact_attempt (test_openbao_vastai_wrapper.OpenBaoVastAiWrapperTests) ... ok
test_component_factory_f41_post_create_singleton_is_exact (test_openbao_vastai_wrapper.OpenBaoVastAiWrapperTests) ... ok
test_component_factory_f41_post_launch_contract_is_fail_closed (test_openbao_vastai_wrapper.OpenBaoVastAiWrapperTests) ... ok
test_component_factory_f41_probe_setup_failure_is_guarded (test_openbao_vastai_wrapper.OpenBaoVastAiWrapperTests) ... ok
test_component_factory_f41_remote_probe_exit_codes_are_unambiguous (test_openbao_vastai_wrapper.OpenBaoVastAiWrapperTests) ... ok
test_component_factory_f41_revoked_digests_block_before_paid_side_effects (test_openbao_vastai_wrapper.OpenBaoVastAiWrapperTests) ... ok
test_component_factory_f41_singleton_rejects_delayed_second_label (test_openbao_vastai_wrapper.OpenBaoVastAiWrapperTests) ... ok
test_component_factory_f41_spamming_ssh_is_bounded_and_destroyed (test_openbao_vastai_wrapper.OpenBaoVastAiWrapperTests) ... ok
test_component_factory_f41_ssh_never_accepts_failed_ready (test_openbao_vastai_wrapper.OpenBaoVastAiWrapperTests) ... ok
test_component_factory_f41_ssh_probe_classification_is_fixed (test_openbao_vastai_wrapper.OpenBaoVastAiWrapperTests) ... ok
test_component_factory_f41_ssh_ready_is_strict_and_batch_only (test_openbao_vastai_wrapper.OpenBaoVastAiWrapperTests) ... ok
test_component_factory_f41_ssh_timeout_reports_fixed_category (test_openbao_vastai_wrapper.OpenBaoVastAiWrapperTests) ... ok
test_component_factory_f41_transient_ssh_failures_can_reach_ready (test_openbao_vastai_wrapper.OpenBaoVastAiWrapperTests) ... ok
test_component_factory_f41_uncertain_create_reconciles_including_4xx (test_openbao_vastai_wrapper.OpenBaoVastAiWrapperTests) ... OpenBao Vast.ai F41 paid launch attempt label: 3dprinting993-component-factory-f41-cad-aaaaaaaaaaaaaaaaaaaa
OPENBAO_VASTAI_F41_CLEANUP {"delete_acknowledged":true,"image":"ghcr.io/cluster2600/3dprinting993-cad-author-f28@sha256:c59c53b2611a1e3a9e9de5d2cedf8bfb0cd57e72582b2d6b29f6c8fc82bf7e6b","instance_id":41341,"label":"3dprinting993-component-factory-f41-cad-aaaaaaaaaaaaaaaaaaaa","paginated_absence_verified":true,"schema_version":"1.0.0","status":"destroyed_verified_absent"}
OpenBao Vast.ai F41 paid launch attempt label: 3dprinting993-component-factory-f41-cad-aaaaaaaaaaaaaaaaaaaa
OPENBAO_VASTAI_F41_CLEANUP {"delete_acknowledged":true,"image":"ghcr.io/cluster2600/3dprinting993-cad-author-f28@sha256:c59c53b2611a1e3a9e9de5d2cedf8bfb0cd57e72582b2d6b29f6c8fc82bf7e6b","instance_id":41341,"label":"3dprinting993-component-factory-f41-cad-aaaaaaaaaaaaaaaaaaaa","paginated_absence_verified":true,"schema_version":"1.0.0","status":"destroyed_verified_absent"}
OpenBao Vast.ai F41 paid launch attempt label: 3dprinting993-component-factory-f41-cad-aaaaaaaaaaaaaaaaaaaa
OPENBAO_VASTAI_F41_CLEANUP {"delete_acknowledged":true,"image":"ghcr.io/cluster2600/3dprinting993-cad-author-f28@sha256:c59c53b2611a1e3a9e9de5d2cedf8bfb0cd57e72582b2d6b29f6c8fc82bf7e6b","instance_id":41341,"label":"3dprinting993-component-factory-f41-cad-aaaaaaaaaaaaaaaaaaaa","paginated_absence_verified":true,"schema_version":"1.0.0","status":"destroyed_verified_absent"}
OpenBao Vast.ai F41 paid launch attempt label: 3dprinting993-component-factory-f41-cad-aaaaaaaaaaaaaaaaaaaa
OPENBAO_VASTAI_F41_CLEANUP {"delete_acknowledged":true,"image":"ghcr.io/cluster2600/3dprinting993-cad-author-f28@sha256:c59c53b2611a1e3a9e9de5d2cedf8bfb0cd57e72582b2d6b29f6c8fc82bf7e6b","instance_id":41341,"label":"3dprinting993-component-factory-f41-cad-aaaaaaaaaaaaaaaaaaaa","paginated_absence_verified":true,"schema_version":"1.0.0","status":"destroyed_verified_absent"}
ok
test_component_factory_f41_uncertain_reconciliation_is_unambiguous (test_openbao_vastai_wrapper.OpenBaoVastAiWrapperTests) ... ok
test_component_factory_f41_wrong_new_contract_destroys_only_correlated_id (test_openbao_vastai_wrapper.OpenBaoVastAiWrapperTests) ... OpenBao Vast.ai F41 paid launch attempt label: 3dprinting993-component-factory-f41-cad-aaaaaaaaaaaaaaaaaaaa
OPENBAO_VASTAI_F41_CLEANUP {"delete_acknowledged":true,"image":"ghcr.io/cluster2600/3dprinting993-cad-author-f28@sha256:c59c53b2611a1e3a9e9de5d2cedf8bfb0cd57e72582b2d6b29f6c8fc82bf7e6b","instance_id":90001,"label":"3dprinting993-component-factory-f41-cad-aaaaaaaaaaaaaaaaaaaa","paginated_absence_verified":true,"schema_version":"1.0.0","status":"destroyed_verified_absent"}
ok
test_destroy_does_not_count_malformed_inventory_as_absence (test_openbao_vastai_wrapper.OpenBaoVastAiWrapperTests) ... ok
test_destroy_is_proven_by_complete_paginated_absence (test_openbao_vastai_wrapper.OpenBaoVastAiWrapperTests) ... ok
test_destroy_requires_a_strict_boolean_acknowledgement (test_openbao_vastai_wrapper.OpenBaoVastAiWrapperTests) ... ok
test_direct_hostport_accepts_strict_decimal_string_or_numeric_port (test_openbao_vastai_wrapper.OpenBaoVastAiWrapperTests) ... ok
test_fixed_m64_and_legacy_dispatch_routes_do_not_accept_image_arguments (test_openbao_vastai_wrapper.OpenBaoVastAiWrapperTests) ... ok
test_get_429_exhaustion_stays_fail_closed (test_openbao_vastai_wrapper.OpenBaoVastAiWrapperTests) ... ok
test_get_429_retries_are_bounded_and_do_not_log_request_data (test_openbao_vastai_wrapper.OpenBaoVastAiWrapperTests) ... ok
test_get_other_errors_and_offline_are_not_retried (test_openbao_vastai_wrapper.OpenBaoVastAiWrapperTests) ... ok
test_github_credential_is_never_forwarded_to_vast (test_openbao_vastai_wrapper.OpenBaoVastAiWrapperTests) ... ok
test_heavy_contract_is_exact_and_prices_500_gb (test_openbao_vastai_wrapper.OpenBaoVastAiWrapperTests) ... ok
test_heavy_launch_enforces_singleton_and_contract (test_openbao_vastai_wrapper.OpenBaoVastAiWrapperTests) ... OpenBao Vast.ai SimReady paid launch attempt label: 3dprinting993-simready-local-ai-aaaaaaaaaaaaaaaaaaaa
ok
test_heavy_transfer_costs_are_rechecked_before_spend (test_openbao_vastai_wrapper.OpenBaoVastAiWrapperTests) ... ok
test_incomplete_ssh_pairs_fail_closed (test_openbao_vastai_wrapper.OpenBaoVastAiWrapperTests) ... ok
test_instance_listing_reads_every_page (test_openbao_vastai_wrapper.OpenBaoVastAiWrapperTests) ... ok
test_instance_ssh_metadata_missing_or_malformed_is_not_absence (test_openbao_vastai_wrapper.OpenBaoVastAiWrapperTests) ... ok
test_instance_ssh_metadata_requires_exact_approved_identity (test_openbao_vastai_wrapper.OpenBaoVastAiWrapperTests) ... ok
test_instance_ssh_preflight_attaches_exact_key_once_and_requires_reread (test_openbao_vastai_wrapper.OpenBaoVastAiWrapperTests) ... ok
test_instance_ssh_preflight_rejects_unconfirmed_or_invisible_attachment (test_openbao_vastai_wrapper.OpenBaoVastAiWrapperTests) ... ok
test_instance_ssh_preflight_reuses_existing_key_and_emits_safe_receipt (test_openbao_vastai_wrapper.OpenBaoVastAiWrapperTests) ... ok
test_invalid_direct_hostport_fails_closed_without_hybrid_endpoint (test_openbao_vastai_wrapper.OpenBaoVastAiWrapperTests) ... ok
test_local_ssh_pair_rejects_mismatch_failures_and_unusable_keys (test_openbao_vastai_wrapper.OpenBaoVastAiWrapperTests) ... ok
test_local_ssh_pair_timeout_and_spawn_errors_are_sanitized (test_openbao_vastai_wrapper.OpenBaoVastAiWrapperTests) ... ok
test_local_ssh_pair_uses_only_approved_file_without_interactive_secrets (test_openbao_vastai_wrapper.OpenBaoVastAiWrapperTests) ... ok
test_m64_direct_allocation_arrives_within_original_deadline (test_openbao_vastai_wrapper.OpenBaoVastAiWrapperTests) ... ok
test_m64_direct_auth_failure_never_falls_back_or_emits_ready_receipt (test_openbao_vastai_wrapper.OpenBaoVastAiWrapperTests) ... ok
test_m64_direct_deduplicates_identical_normalized_bindings (test_openbao_vastai_wrapper.OpenBaoVastAiWrapperTests) ... ok
test_m64_direct_endpoint_requires_global_unicast_ip (test_openbao_vastai_wrapper.OpenBaoVastAiWrapperTests) ... OPENBAO_VASTAI_M64_ENDPOINT_DIAGNOSTIC {"candidate_ports": [], "instance_id": 12345, "mapping_count": 1, "mapping_summaries": [{"entry_type": "dict", "host_ip_family": null, "host_ip_state": "absent", "index": 0, "port": 32001, "source": "ports[22/tcp][0].HostPort"}], "mappings_type": "list", "ports_type": "dict", "public_ip_family": 4, "public_ip_global_verified": false, "reason": "public_ip_not_global_unicast", "schema_version": "1.0.0", "ssh_connection_tested": false}
OPENBAO_VASTAI_M64_ENDPOINT_DIAGNOSTIC {"candidate_ports": [], "instance_id": 12345, "mapping_count": 1, "mapping_summaries": [{"entry_type": "dict", "host_ip_family": null, "host_ip_state": "absent", "index": 0, "port": 32001, "source": "ports[22/tcp][0].HostPort"}], "mappings_type": "list", "ports_type": "dict", "public_ip_family": 4, "public_ip_global_verified": false, "reason": "public_ip_not_global_unicast", "schema_version": "1.0.0", "ssh_connection_tested": false}
OPENBAO_VASTAI_M64_ENDPOINT_DIAGNOSTIC {"candidate_ports": [], "instance_id": 12345, "mapping_count": 1, "mapping_summaries": [{"entry_type": "dict", "host_ip_family": null, "host_ip_state": "absent", "index": 0, "port": 32001, "source": "ports[22/tcp][0].HostPort"}], "mappings_type": "list", "ports_type": "dict", "public_ip_family": 4, "public_ip_global_verified": false, "reason": "public_ip_not_global_unicast", "schema_version": "1.0.0", "ssh_connection_tested": false}
OPENBAO_VASTAI_M64_ENDPOINT_DIAGNOSTIC {"candidate_ports": [], "instance_id": 12345, "mapping_count": 1, "mapping_summaries": [{"entry_type": "dict", "host_ip_family": null, "host_ip_state": "absent", "index": 0, "port": 32001, "source": "ports[22/tcp][0].HostPort"}], "mappings_type": "list", "ports_type": "dict", "public_ip_family": 4, "public_ip_global_verified": false, "reason": "public_ip_not_global_unicast", "schema_version": "1.0.0", "ssh_connection_tested": false}
OPENBAO_VASTAI_M64_ENDPOINT_DIAGNOSTIC {"candidate_ports": [], "instance_id": 12345, "mapping_count": 1, "mapping_summaries": [{"entry_type": "dict", "host_ip_family": null, "host_ip_state": "absent", "index": 0, "port": 32001, "source": "ports[22/tcp][0].HostPort"}], "mappings_type": "list", "ports_type": "dict", "public_ip_family": 4, "public_ip_global_verified": false, "reason": "public_ip_not_global_unicast", "schema_version": "1.0.0", "ssh_connection_tested": false}
OPENBAO_VASTAI_M64_ENDPOINT_DIAGNOSTIC {"candidate_ports": [], "instance_id": 12345, "mapping_count": 1, "mapping_summaries": [{"entry_type": "dict", "host_ip_family": null, "host_ip_state": "absent", "index": 0, "port": 32001, "source": "ports[22/tcp][0].HostPort"}], "mappings_type": "list", "ports_type": "dict", "public_ip_family": 4, "public_ip_global_verified": false, "reason": "public_ip_not_global_unicast", "schema_version": "1.0.0", "ssh_connection_tested": false}
OPENBAO_VASTAI_M64_ENDPOINT_DIAGNOSTIC {"candidate_ports": [], "instance_id": 12345, "mapping_count": 1, "mapping_summaries": [{"entry_type": "dict", "host_ip_family": null, "host_ip_state": "absent", "index": 0, "port": 32001, "source": "ports[22/tcp][0].HostPort"}], "mappings_type": "list", "ports_type": "dict", "public_ip_family": 4, "public_ip_global_verified": false, "reason": "public_ip_not_global_unicast", "schema_version": "1.0.0", "ssh_connection_tested": false}
OPENBAO_VASTAI_M64_ENDPOINT_DIAGNOSTIC {"candidate_ports": [], "instance_id": 12345, "mapping_count": 1, "mapping_summaries": [{"entry_type": "dict", "host_ip_family": null, "host_ip_state": "absent", "index": 0, "port": 32001, "source": "ports[22/tcp][0].HostPort"}], "mappings_type": "list", "ports_type": "dict", "public_ip_family": 4, "public_ip_global_verified": false, "reason": "public_ip_not_global_unicast", "schema_version": "1.0.0", "ssh_connection_tested": false}
OPENBAO_VASTAI_M64_ENDPOINT_DIAGNOSTIC {"candidate_ports": [], "instance_id": 12345, "mapping_count": 1, "mapping_summaries": [{"entry_type": "dict", "host_ip_family": null, "host_ip_state": "absent", "index": 0, "port": 32001, "source": "ports[22/tcp][0].HostPort"}], "mappings_type": "list", "ports_type": "dict", "public_ip_family": 4, "public_ip_global_verified": false, "reason": "public_ip_not_global_unicast", "schema_version": "1.0.0", "ssh_connection_tested": false}
OPENBAO_VASTAI_M64_ENDPOINT_DIAGNOSTIC {"candidate_ports": [], "instance_id": 12345, "mapping_count": 1, "mapping_summaries": [{"entry_type": "dict", "host_ip_family": null, "host_ip_state": "absent", "index": 0, "port": 32001, "source": "ports[22/tcp][0].HostPort"}], "mappings_type": "list", "ports_type": "dict", "public_ip_family": 4, "public_ip_global_verified": false, "reason": "public_ip_not_global_unicast", "schema_version": "1.0.0", "ssh_connection_tested": false}
OPENBAO_VASTAI_M64_ENDPOINT_DIAGNOSTIC {"candidate_ports": [], "instance_id": 12345, "mapping_count": 1, "mapping_summaries": [{"entry_type": "dict", "host_ip_family": null, "host_ip_state": "absent", "index": 0, "port": 32001, "source": "ports[22/tcp][0].HostPort"}], "mappings_type": "list", "ports_type": "dict", "public_ip_family": 4, "public_ip_global_verified": false, "reason": "public_ip_not_global_unicast", "schema_version": "1.0.0", "ssh_connection_tested": false}
OPENBAO_VASTAI_M64_ENDPOINT_DIAGNOSTIC {"candidate_ports": [], "instance_id": 12345, "mapping_count": 1, "mapping_summaries": [{"entry_type": "dict", "host_ip_family": null, "host_ip_state": "absent", "index": 0, "port": 32001, "source": "ports[22/tcp][0].HostPort"}], "mappings_type": "list", "ports_type": "dict", "public_ip_family": 6, "public_ip_global_verified": false, "reason": "public_ip_not_global_unicast", "schema_version": "1.0.0", "ssh_connection_tested": false}
OPENBAO_VASTAI_M64_ENDPOINT_DIAGNOSTIC {"candidate_ports": [], "instance_id": 12345, "mapping_count": 1, "mapping_summaries": [{"entry_type": "dict", "host_ip_family": null, "host_ip_state": "absent", "index": 0, "port": 32001, "source": "ports[22/tcp][0].HostPort"}], "mappings_type": "list", "ports_type": "dict", "public_ip_family": 6, "public_ip_global_verified": false, "reason": "public_ip_not_global_unicast", "schema_version": "1.0.0", "ssh_connection_tested": false}
OPENBAO_VASTAI_M64_ENDPOINT_DIAGNOSTIC {"candidate_ports": [], "instance_id": 12345, "mapping_count": 1, "mapping_summaries": [{"entry_type": "dict", "host_ip_family": null, "host_ip_state": "absent", "index": 0, "port": 32001, "source": "ports[22/tcp][0].HostPort"}], "mappings_type": "list", "ports_type": "dict", "public_ip_family": 6, "public_ip_global_verified": false, "reason": "public_ip_not_global_unicast", "schema_version": "1.0.0", "ssh_connection_tested": false}
OPENBAO_VASTAI_M64_ENDPOINT_DIAGNOSTIC {"candidate_ports": [], "instance_id": 12345, "mapping_count": 1, "mapping_summaries": [{"entry_type": "dict", "host_ip_family": null, "host_ip_state": "absent", "index": 0, "port": 32001, "source": "ports[22/tcp][0].HostPort"}], "mappings_type": "list", "ports_type": "dict", "public_ip_family": 6, "public_ip_global_verified": false, "reason": "public_ip_not_global_unicast", "schema_version": "1.0.0", "ssh_connection_tested": false}
OPENBAO_VASTAI_M64_ENDPOINT_DIAGNOSTIC {"candidate_ports": [], "instance_id": 12345, "mapping_count": 1, "mapping_summaries": [{"entry_type": "dict", "host_ip_family": null, "host_ip_state": "absent", "index": 0, "port": 32001, "source": "ports[22/tcp][0].HostPort"}], "mappings_type": "list", "ports_type": "dict", "public_ip_family": 6, "public_ip_global_verified": false, "reason": "public_ip_not_global_unicast", "schema_version": "1.0.0", "ssh_connection_tested": false}
OPENBAO_VASTAI_M64_ENDPOINT_DIAGNOSTIC {"candidate_ports": [], "instance_id": 12345, "mapping_count": 1, "mapping_summaries": [{"entry_type": "dict", "host_ip_family": null, "host_ip_state": "absent", "index": 0, "port": 32001, "source": "ports[22/tcp][0].HostPort"}], "mappings_type": "list", "ports_type": "dict", "public_ip_family": 6, "public_ip_global_verified": false, "reason": "public_ip_not_global_unicast", "schema_version": "1.0.0", "ssh_connection_tested": false}
OPENBAO_VASTAI_M64_ENDPOINT_DIAGNOSTIC {"candidate_ports": [], "instance_id": 12345, "mapping_count": 1, "mapping_summaries": [{"entry_type": "dict", "host_ip_family": null, "host_ip_state": "absent", "index": 0, "port": 32001, "source": "ports[22/tcp][0].HostPort"}], "mappings_type": "list", "ports_type": "dict", "public_ip_family": 6, "public_ip_global_verified": false, "reason": "public_ip_not_global_unicast", "schema_version": "1.0.0", "ssh_connection_tested": false}
OPENBAO_VASTAI_M64_ENDPOINT_DIAGNOSTIC {"candidate_ports": [], "instance_id": 12345, "mapping_count": 1, "mapping_summaries": [{"entry_type": "dict", "host_ip_family": null, "host_ip_state": "absent", "index": 0, "port": 32001, "source": "ports[22/tcp][0].HostPort"}], "mappings_type": "list", "ports_type": "dict", "public_ip_family": null, "public_ip_global_verified": false, "reason": "public_ip_invalid", "schema_version": "1.0.0", "ssh_connection_tested": false}
ok
test_m64_direct_ports_keep_strict_decimal_and_boolean_rejection (test_openbao_vastai_wrapper.OpenBaoVastAiWrapperTests) ... OPENBAO_VASTAI_M64_ENDPOINT_DIAGNOSTIC {"candidate_ports": [], "instance_id": 12345, "mapping_count": 1, "mapping_summaries": [{"entry_type": "dict", "host_ip_family": null, "host_ip_state": "absent", "index": 0, "port": null, "source": "ports[22/tcp][0].HostPort"}], "mappings_type": "list", "ports_type": "dict", "public_ip_family": null, "public_ip_global_verified": false, "reason": "mapping_entry_invalid", "schema_version": "1.0.0", "ssh_connection_tested": false}
OPENBAO_VASTAI_M64_ENDPOINT_DIAGNOSTIC {"candidate_ports": [], "instance_id": 12345, "mapping_count": 1, "mapping_summaries": [{"entry_type": "dict", "host_ip_family": null, "host_ip_state": "absent", "index": 0, "port": null, "source": "ports[22/tcp][0].HostPort"}], "mappings_type": "list", "ports_type": "dict", "public_ip_family": null, "public_ip_global_verified": false, "reason": "mapping_entry_invalid", "schema_version": "1.0.0", "ssh_connection_tested": false}
OPENBAO_VASTAI_M64_ENDPOINT_DIAGNOSTIC {"candidate_ports": [], "instance_id": 12345, "mapping_count": 1, "mapping_summaries": [{"entry_type": "dict", "host_ip_family": null, "host_ip_state": "absent", "index": 0, "port": null, "source": "ports[22/tcp][0].HostPort"}], "mappings_type": "list", "ports_type": "dict", "public_ip_family": null, "public_ip_global_verified": false, "reason": "mapping_entry_invalid", "schema_version": "1.0.0", "ssh_connection_tested": false}
OPENBAO_VASTAI_M64_ENDPOINT_DIAGNOSTIC {"candidate_ports": [], "instance_id": 12345, "mapping_count": 1, "mapping_summaries": [{"entry_type": "dict", "host_ip_family": null, "host_ip_state": "absent", "index": 0, "port": null, "source": "ports[22/tcp][0].HostPort"}], "mappings_type": "list", "ports_type": "dict", "public_ip_family": null, "public_ip_global_verified": false, "reason": "mapping_entry_invalid", "schema_version": "1.0.0", "ssh_connection_tested": false}
OPENBAO_VASTAI_M64_ENDPOINT_DIAGNOSTIC {"candidate_ports": [], "instance_id": 12345, "mapping_count": 1, "mapping_summaries": [{"entry_type": "dict", "host_ip_family": null, "host_ip_state": "absent", "index": 0, "port": null, "source": "ports[22/tcp][0].HostPort"}], "mappings_type": "list", "ports_type": "dict", "public_ip_family": null, "public_ip_global_verified": false, "reason": "mapping_entry_invalid", "schema_version": "1.0.0", "ssh_connection_tested": false}
OPENBAO_VASTAI_M64_ENDPOINT_DIAGNOSTIC {"candidate_ports": [], "instance_id": 12345, "mapping_count": 1, "mapping_summaries": [{"entry_type": "dict", "host_ip_family": null, "host_ip_state": "absent", "index": 0, "port": null, "source": "ports[22/tcp][0].HostPort"}], "mappings_type": "list", "ports_type": "dict", "public_ip_family": null, "public_ip_global_verified": false, "reason": "mapping_entry_invalid", "schema_version": "1.0.0", "ssh_connection_tested": false}
OPENBAO_VASTAI_M64_ENDPOINT_DIAGNOSTIC {"candidate_ports": [], "instance_id": 12345, "mapping_count": 1, "mapping_summaries": [{"entry_type": "dict", "host_ip_family": null, "host_ip_state": "absent", "index": 0, "port": null, "source": "ports[22/tcp][0].HostPort"}], "mappings_type": "list", "ports_type": "dict", "public_ip_family": null, "public_ip_global_verified": false, "reason": "mapping_entry_invalid", "schema_version": "1.0.0", "ssh_connection_tested": false}
OPENBAO_VASTAI_M64_ENDPOINT_DIAGNOSTIC {"candidate_ports": [], "instance_id": 12345, "mapping_count": 1, "mapping_summaries": [{"entry_type": "dict", "host_ip_family": null, "host_ip_state": "absent", "index": 0, "port": null, "source": "ports[22/tcp][0].HostPort"}], "mappings_type": "list", "ports_type": "dict", "public_ip_family": null, "public_ip_global_verified": false, "reason": "mapping_entry_invalid", "schema_version": "1.0.0", "ssh_connection_tested": false}
OPENBAO_VASTAI_M64_ENDPOINT_DIAGNOSTIC {"candidate_ports": [], "instance_id": 12345, "mapping_count": 1, "mapping_summaries": [{"entry_type": "dict", "host_ip_family": null, "host_ip_state": "absent", "index": 0, "port": null, "source": "ports[22/tcp][0].HostPort"}], "mappings_type": "list", "ports_type": "dict", "public_ip_family": null, "public_ip_global_verified": false, "reason": "mapping_entry_invalid", "schema_version": "1.0.0", "ssh_connection_tested": false}
OPENBAO_VASTAI_M64_ENDPOINT_DIAGNOSTIC {"candidate_ports": [], "instance_id": 12345, "mapping_count": 1, "mapping_summaries": [{"entry_type": "dict", "host_ip_family": null, "host_ip_state": "absent", "index": 0, "port": null, "source": "ports[22/tcp][0].HostPort"}], "mappings_type": "list", "ports_type": "dict", "public_ip_family": null, "public_ip_global_verified": false, "reason": "mapping_entry_invalid", "schema_version": "1.0.0", "ssh_connection_tested": false}
ok
test_m64_direct_rejects_ambiguous_or_malformed_bindings_with_safe_diagnostic (test_openbao_vastai_wrapper.OpenBaoVastAiWrapperTests) ... ok
test_m64_direct_selects_matching_ipv4_or_ipv6_family_not_first_mapping (test_openbao_vastai_wrapper.OpenBaoVastAiWrapperTests) ... ok
test_m64_endpoint_malformed_direct_never_silently_uses_proxy (test_openbao_vastai_wrapper.OpenBaoVastAiWrapperTests) ... OPENBAO_VASTAI_M64_ENDPOINT_DIAGNOSTIC {"candidate_ports": [], "instance_id": 12345, "mapping_count": null, "mapping_summaries": [], "mappings_type": "dict", "ports_type": "dict", "public_ip_family": null, "public_ip_global_verified": false, "reason": "mapping_list_invalid", "schema_version": "1.0.0", "ssh_connection_tested": false}
OPENBAO_VASTAI_M64_ENDPOINT_DIAGNOSTIC {"candidate_ports": [], "instance_id": 12345, "mapping_count": 1, "mapping_summaries": [{"entry_type": "NoneType", "host_ip_family": null, "host_ip_state": "absent", "index": 0, "port": null, "source": "ports[22/tcp][0].HostPort"}], "mappings_type": "list", "ports_type": "dict", "public_ip_family": null, "public_ip_global_verified": false, "reason": "mapping_entry_invalid", "schema_version": "1.0.0", "ssh_connection_tested": false}
OPENBAO_VASTAI_M64_ENDPOINT_DIAGNOSTIC {"candidate_ports": [], "instance_id": 12345, "mapping_count": 1, "mapping_summaries": [{"entry_type": "dict", "host_ip_family": null, "host_ip_state": "absent", "index": 0, "port": null, "source": "ports[22/tcp][0].HostPort"}], "mappings_type": "list", "ports_type": "dict", "public_ip_family": null, "public_ip_global_verified": false, "reason": "mapping_entry_invalid", "schema_version": "1.0.0", "ssh_connection_tested": false}
OPENBAO_VASTAI_M64_ENDPOINT_DIAGNOSTIC {"candidate_ports": [], "instance_id": 12345, "mapping_count": 1, "mapping_summaries": [{"entry_type": "dict", "host_ip_family": null, "host_ip_state": "absent", "index": 0, "port": null, "source": "ports[22/tcp][0].HostPort"}], "mappings_type": "list", "ports_type": "dict", "public_ip_family": null, "public_ip_global_verified": false, "reason": "mapping_entry_invalid", "schema_version": "1.0.0", "ssh_connection_tested": false}
OPENBAO_VASTAI_M64_ENDPOINT_DIAGNOSTIC {"candidate_ports": [], "instance_id": 12345, "mapping_count": 1, "mapping_summaries": [{"entry_type": "dict", "host_ip_family": null, "host_ip_state": "absent", "index": 0, "port": null, "source": "ports[22/tcp][0].HostPort"}], "mappings_type": "list", "ports_type": "dict", "public_ip_family": null, "public_ip_global_verified": false, "reason": "mapping_entry_invalid", "schema_version": "1.0.0", "ssh_connection_tested": false}
OPENBAO_VASTAI_M64_ENDPOINT_DIAGNOSTIC {"candidate_ports": [], "instance_id": 12345, "mapping_count": 1, "mapping_summaries": [{"entry_type": "dict", "host_ip_family": null, "host_ip_state": "absent", "index": 0, "port": null, "source": "ports[22/tcp][0].HostPort"}], "mappings_type": "list", "ports_type": "dict", "public_ip_family": null, "public_ip_global_verified": false, "reason": "mapping_entry_invalid", "schema_version": "1.0.0", "ssh_connection_tested": false}
OPENBAO_VASTAI_M64_ENDPOINT_DIAGNOSTIC {"candidate_ports": [], "instance_id": 12345, "mapping_count": 1, "mapping_summaries": [{"entry_type": "dict", "host_ip_family": null, "host_ip_state": "absent", "index": 0, "port": null, "source": "ports[22/tcp][0].HostPort"}], "mappings_type": "list", "ports_type": "dict", "public_ip_family": null, "public_ip_global_verified": false, "reason": "mapping_entry_invalid", "schema_version": "1.0.0", "ssh_connection_tested": false}
OPENBAO_VASTAI_M64_ENDPOINT_DIAGNOSTIC {"candidate_ports": [], "instance_id": 12345, "mapping_count": 1, "mapping_summaries": [{"entry_type": "dict", "host_ip_family": null, "host_ip_state": "absent", "index": 0, "port": null, "source": "ports[22/tcp][0].HostPort"}], "mappings_type": "list", "ports_type": "dict", "public_ip_family": null, "public_ip_global_verified": false, "reason": "mapping_entry_invalid", "schema_version": "1.0.0", "ssh_connection_tested": false}
OPENBAO_VASTAI_M64_ENDPOINT_DIAGNOSTIC {"candidate_ports": [], "instance_id": 12345, "mapping_count": 1, "mapping_summaries": [{"entry_type": "dict", "host_ip_family": null, "host_ip_state": "absent", "index": 0, "port": null, "source": "ports[22/tcp][0].HostPort"}], "mappings_type": "list", "ports_type": "dict", "public_ip_family": null, "public_ip_global_verified": false, "reason": "mapping_entry_invalid", "schema_version": "1.0.0", "ssh_connection_tested": false}
OPENBAO_VASTAI_M64_ENDPOINT_DIAGNOSTIC {"candidate_ports": [], "instance_id": 12345, "mapping_count": 2, "mapping_summaries": [{"entry_type": "dict", "host_ip_family": null, "host_ip_state": "absent", "index": 0, "port": 32001, "source": "ports[22/tcp][0].HostPort"}, {"entry_type": "dict", "host_ip_family": null, "host_ip_state": "absent", "index": 1, "port": 32002, "source": "ports[22/tcp][1].HostPort"}], "mappings_type": "list", "ports_type": "dict", "public_ip_family": 4, "public_ip_global_verified": false, "reason": "public_ip_not_global_unicast", "schema_version": "1.0.0", "ssh_connection_tested": false}
OPENBAO_VASTAI_M64_ENDPOINT_DIAGNOSTIC {"candidate_ports": [], "instance_id": 12345, "mapping_count": 1, "mapping_summaries": [{"entry_type": "dict", "host_ip_family": null, "host_ip_state": "absent", "index": 0, "port": 32001, "source": "ports[22/tcp][0].HostPort"}], "mappings_type": "list", "ports_type": "dict", "public_ip_family": null, "public_ip_global_verified": false, "reason": "public_ip_invalid", "schema_version": "1.0.0", "ssh_connection_tested": false}
OPENBAO_VASTAI_M64_ENDPOINT_DIAGNOSTIC {"candidate_ports": [], "instance_id": 12345, "mapping_count": 1, "mapping_summaries": [{"entry_type": "dict", "host_ip_family": null, "host_ip_state": "absent", "index": 0, "port": 32001, "source": "ports[22/tcp][0].HostPort"}], "mappings_type": "list", "ports_type": "dict", "public_ip_family": null, "public_ip_global_verified": false, "reason": "public_ip_invalid", "schema_version": "1.0.0", "ssh_connection_tested": false}
OPENBAO_VASTAI_M64_ENDPOINT_DIAGNOSTIC {"candidate_ports": [], "instance_id": 12345, "mapping_count": 1, "mapping_summaries": [{"entry_type": "dict", "host_ip_family": null, "host_ip_state": "absent", "index": 0, "port": 32001, "source": "ports[22/tcp][0].HostPort"}], "mappings_type": "list", "ports_type": "dict", "public_ip_family": null, "public_ip_global_verified": false, "reason": "public_ip_invalid", "schema_version": "1.0.0", "ssh_connection_tested": false}
OPENBAO_VASTAI_M64_ENDPOINT_DIAGNOSTIC {"candidate_ports": [], "instance_id": 12345, "mapping_count": 1, "mapping_summaries": [{"entry_type": "dict", "host_ip_family": null, "host_ip_state": "absent", "index": 0, "port": 32001, "source": "ports[22/tcp][0].HostPort"}], "mappings_type": "list", "ports_type": "dict", "public_ip_family": null, "public_ip_global_verified": false, "reason": "public_ip_invalid", "schema_version": "1.0.0", "ssh_connection_tested": false}
OPENBAO_VASTAI_M64_ENDPOINT_DIAGNOSTIC {"candidate_ports": [], "instance_id": 12345, "mapping_count": 1, "mapping_summaries": [{"entry_type": "dict", "host_ip_family": null, "host_ip_state": "absent", "index": 0, "port": 32001, "source": "ports[22/tcp][0].HostPort"}], "mappings_type": "list", "ports_type": "dict", "public_ip_family": null, "public_ip_global_verified": false, "reason": "public_ip_invalid", "schema_version": "1.0.0", "ssh_connection_tested": false}
OPENBAO_VASTAI_M64_ENDPOINT_DIAGNOSTIC {"candidate_ports": [], "instance_id": 12345, "mapping_count": null, "mapping_summaries": [], "mappings_type": "NoneType", "ports_type": "NoneType", "public_ip_family": null, "public_ip_global_verified": false, "reason": "instance_id_mismatch", "schema_version": "1.0.0", "ssh_connection_tested": false}
OPENBAO_VASTAI_M64_ENDPOINT_DIAGNOSTIC {"candidate_ports": [], "instance_id": 12345, "mapping_count": null, "mapping_summaries": [], "mappings_type": "NoneType", "ports_type": "NoneType", "public_ip_family": null, "public_ip_global_verified": false, "reason": "instance_id_mismatch", "schema_version": "1.0.0", "ssh_connection_tested": false}
OPENBAO_VASTAI_M64_ENDPOINT_DIAGNOSTIC {"candidate_ports": [], "instance_id": 12345, "mapping_count": null, "mapping_summaries": [], "mappings_type": "NoneType", "ports_type": "list", "public_ip_family": null, "public_ip_global_verified": false, "reason": "ports_type_invalid", "schema_version": "1.0.0", "ssh_connection_tested": false}
OPENBAO_VASTAI_M64_ENDPOINT_DIAGNOSTIC {"candidate_ports": [], "instance_id": 12345, "mapping_count": null, "mapping_summaries": [], "mappings_type": "NoneType", "ports_type": "NoneType", "public_ip_family": null, "public_ip_global_verified": false, "reason": "proxy_endpoint_invalid", "schema_version": "1.0.0", "ssh_connection_tested": false}
OPENBAO_VASTAI_M64_ENDPOINT_DIAGNOSTIC {"candidate_ports": [], "instance_id": 12345, "mapping_count": null, "mapping_summaries": [], "mappings_type": "NoneType", "ports_type": "NoneType", "public_ip_family": null, "public_ip_global_verified": false, "reason": "proxy_endpoint_invalid", "schema_version": "1.0.0", "ssh_connection_tested": false}
ok
test_m64_endpoint_prefers_direct_without_changing_legacy (test_openbao_vastai_wrapper.OpenBaoVastAiWrapperTests) ... ok
test_m64_endpoint_proxy_only_without_a_direct_mapping (test_openbao_vastai_wrapper.OpenBaoVastAiWrapperTests) ... ok
test_m64_launch_propagates_fixed_profile_and_full_runtime (test_openbao_vastai_wrapper.OpenBaoVastAiWrapperTests) ... ok
test_m64_launch_without_successful_endpoint_receipt_rolls_back (test_openbao_vastai_wrapper.OpenBaoVastAiWrapperTests) ... ok
test_m64_malformed_mapping_blocks_before_probe_and_receipt (test_openbao_vastai_wrapper.OpenBaoVastAiWrapperTests) ... OPENBAO_VASTAI_M64_ENDPOINT_DIAGNOSTIC {"candidate_ports": [], "instance_id": 12345, "mapping_count": 1, "mapping_summaries": [{"entry_type": "dict", "host_ip_family": null, "host_ip_state": "absent", "index": 0, "port": null, "source": "ports[22/tcp][0].HostPort"}], "mappings_type": "list", "ports_type": "dict", "public_ip_family": null, "public_ip_global_verified": false, "reason": "mapping_entry_invalid", "schema_version": "1.0.0", "ssh_connection_tested": false}
ok
test_m64_ready_probes_direct_while_legacy_probes_proxy (test_openbao_vastai_wrapper.OpenBaoVastAiWrapperTests) ... ok
test_m64_ready_receipt_uses_successful_probe_not_later_metadata (test_openbao_vastai_wrapper.OpenBaoVastAiWrapperTests) ... ok
test_m64_reconciliation_receipt_has_fixed_m64_image (test_openbao_vastai_wrapper.OpenBaoVastAiWrapperTests) ... ok
test_m64_revoked_image_or_reduced_runtime_blocks_before_spend (test_openbao_vastai_wrapper.OpenBaoVastAiWrapperTests) ... ok
test_m64_unallocated_direct_mappings_wait_without_proxy (test_openbao_vastai_wrapper.OpenBaoVastAiWrapperTests) ... ok
test_m64_wrong_image_rolls_back_with_correct_profile_receipt (test_openbao_vastai_wrapper.OpenBaoVastAiWrapperTests) ... ok
test_mesh_image_is_immutable_linux_amd64_candidate (test_openbao_vastai_wrapper.OpenBaoVastAiWrapperTests) ... ok
test_missing_proxy_port_never_pairs_proxy_host_with_direct_port (test_openbao_vastai_wrapper.OpenBaoVastAiWrapperTests) ... ok
test_only_supervised_heavy_simready_launch_route_is_exposed (test_openbao_vastai_wrapper.OpenBaoVastAiWrapperTests) ... ok
test_pair_failure_blocks_account_registration_before_network (test_openbao_vastai_wrapper.OpenBaoVastAiWrapperTests) ... ok
test_rate_limit_does_not_replay_mutations (test_openbao_vastai_wrapper.OpenBaoVastAiWrapperTests) ... ok
test_refresh_local_ssh_replaces_only_matching_instance_keys (test_openbao_vastai_wrapper.OpenBaoVastAiWrapperTests) ... ok
test_revoked_simready_images_block_before_paid_side_effects (test_openbao_vastai_wrapper.OpenBaoVastAiWrapperTests) ... ok
test_safe_offer_exposes_documented_disk_read_metrics_not_cache_claims (test_openbao_vastai_wrapper.OpenBaoVastAiWrapperTests) ... ok
test_simready_429_retries_remain_bounded_and_do_not_reset_total_clock (test_openbao_vastai_wrapper.OpenBaoVastAiWrapperTests) ... ok
test_simready_attempt_labels_are_unique_bounded_and_scoped (test_openbao_vastai_wrapper.OpenBaoVastAiWrapperTests) ... ok
test_simready_cleanup_attestation_is_exact_json (test_openbao_vastai_wrapper.OpenBaoVastAiWrapperTests) ... ok
test_simready_contract_rejects_other_profile_image (test_openbao_vastai_wrapper.OpenBaoVastAiWrapperTests) ... ok
test_simready_direct_string_hostport_reaches_ssh_probe_with_same_auth_checks (test_openbao_vastai_wrapper.OpenBaoVastAiWrapperTests) ... ok
test_simready_every_create_error_reconciles_unique_attempt (test_openbao_vastai_wrapper.OpenBaoVastAiWrapperTests) ... OpenBao Vast.ai SimReady paid launch attempt label: 3dprinting993-simready-local-ai-aaaaaaaaaaaaaaaaaaaa
OPENBAO_VASTAI_SIMREADY_CLEANUP {"delete_acknowledged":true,"instance_id":12345,"label":"3dprinting993-simready-local-ai-aaaaaaaaaaaaaaaaaaaa","paginated_absence_verified":true,"requested_image":"ghcr.io/cluster2600/3dprinting993-simready-local-ai@sha256:aaaaaaaaaaaaaaaaaaaaaaaaaaaaaaaaaaaaaaaaaaaaaaaaaaaaaaaaaaaaaaaa","schema_version":"1.0.0","stable_absence_snapshots":5,"status":"destroyed_verified_stably_absent"}
ok
test_simready_instance_key_failure_rolls_back_before_ssh (test_openbao_vastai_wrapper.OpenBaoVastAiWrapperTests) ... ok
test_simready_loading_35_minutes_then_running_is_allowed (test_openbao_vastai_wrapper.OpenBaoVastAiWrapperTests) ... ok
test_simready_loading_expires_at_two_hours_without_ssh (test_openbao_vastai_wrapper.OpenBaoVastAiWrapperTests) ... ok
test_simready_local_key_failure_blocks_paid_create (test_openbao_vastai_wrapper.OpenBaoVastAiWrapperTests) ... ok
test_simready_offer_is_revalidated_before_paid_side_effects (test_openbao_vastai_wrapper.OpenBaoVastAiWrapperTests) ... ok
test_simready_parent_can_reconcile_one_persisted_attempt_label (test_openbao_vastai_wrapper.OpenBaoVastAiWrapperTests) ... ok
test_simready_poll_interval_does_not_change_other_workflows (test_openbao_vastai_wrapper.OpenBaoVastAiWrapperTests) ... ok
test_simready_post_create_ssh_failure_destroys_exact_instance (test_openbao_vastai_wrapper.OpenBaoVastAiWrapperTests) ... OpenBao Vast.ai SimReady paid launch attempt label: 3dprinting993-simready-local-ai-aaaaaaaaaaaaaaaaaaaa
OPENBAO_VASTAI_SIMREADY_CLEANUP {"delete_acknowledged":true,"instance_id":12345,"label":"3dprinting993-simready-local-ai-aaaaaaaaaaaaaaaaaaaa","paginated_absence_verified":true,"requested_image":"ghcr.io/cluster2600/3dprinting993-simready-local-ai@sha256:aaaaaaaaaaaaaaaaaaaaaaaaaaaaaaaaaaaaaaaaaaaaaaaaaaaaaaaaaaaaaaaa","schema_version":"1.0.0","stable_absence_snapshots":5,"status":"destroyed_verified_stably_absent"}
ok
test_simready_post_launch_transfer_costs_accept_zero_and_exact_cap (test_openbao_vastai_wrapper.OpenBaoVastAiWrapperTests) ... ok
test_simready_post_launch_transfer_costs_mismatch_rolls_back_before_ssh (test_openbao_vastai_wrapper.OpenBaoVastAiWrapperTests) ... ok
test_simready_post_launch_transfer_costs_missing_metadata_is_bounded (test_openbao_vastai_wrapper.OpenBaoVastAiWrapperTests) ... ok
test_simready_post_launch_transfer_costs_reject_invalid_values (test_openbao_vastai_wrapper.OpenBaoVastAiWrapperTests) ... ok
test_simready_profile_images_preserve_legacy_and_reject_arbitrary_selection (test_openbao_vastai_wrapper.OpenBaoVastAiWrapperTests) ... ok
test_simready_ready_after_deadline_is_never_accepted (test_openbao_vastai_wrapper.OpenBaoVastAiWrapperTests) ... ok
test_simready_ready_contract_rejection_is_terminal (test_openbao_vastai_wrapper.OpenBaoVastAiWrapperTests) ... ok
test_simready_remote_ready_rejects_integer_boolean_substitution (test_openbao_vastai_wrapper.OpenBaoVastAiWrapperTests) ... ok
test_simready_running_31_minutes_rejected_after_slow_metadata (test_openbao_vastai_wrapper.OpenBaoVastAiWrapperTests) ... ok
test_simready_running_clock_does_not_reset_after_loading (test_openbao_vastai_wrapper.OpenBaoVastAiWrapperTests) ... ok
test_simready_singleton_requires_five_stable_family_snapshots (test_openbao_vastai_wrapper.OpenBaoVastAiWrapperTests) ... ok
test_simready_ssh_checks_profile_image_before_any_probe (test_openbao_vastai_wrapper.OpenBaoVastAiWrapperTests) ... ok
test_simready_ssh_failure_receipt_keeps_endpoint_and_flags_not_raw_output (test_openbao_vastai_wrapper.OpenBaoVastAiWrapperTests) ... ok
test_simready_ssh_ready_uses_batch_mode_and_exact_scoped_tofu (test_openbao_vastai_wrapper.OpenBaoVastAiWrapperTests) ... ok
test_ssh_endpoint_keeps_complete_proxy_pair (test_openbao_vastai_wrapper.OpenBaoVastAiWrapperTests) ... ok
test_ssh_endpoints_command_only_reads_one_instance (test_openbao_vastai_wrapper.OpenBaoVastAiWrapperTests) ... ok
test_ssh_endpoints_never_mix_pairs_or_expose_invalid_data (test_openbao_vastai_wrapper.OpenBaoVastAiWrapperTests) ... ok
test_ssh_endpoints_preserve_both_complete_pairs_and_provenance (test_openbao_vastai_wrapper.OpenBaoVastAiWrapperTests) ... ok
test_ssh_registration_reads_public_key_without_ssh_agent (test_openbao_vastai_wrapper.OpenBaoVastAiWrapperTests) ... ok
test_stop_requires_acknowledgement_and_final_stopped_state (test_openbao_vastai_wrapper.OpenBaoVastAiWrapperTests) ... ok
test_uncertain_launch_rolls_back_the_only_project_instance (test_openbao_vastai_wrapper.OpenBaoVastAiWrapperTests) ... ok
test_uncertain_wave_launch_rolls_back_only_the_sole_label_instance (test_openbao_vastai_wrapper.OpenBaoVastAiWrapperTests) ... ok
test_uncertain_wave_reconciliation_expiry_explicitly_forbids_retry (test_openbao_vastai_wrapper.OpenBaoVastAiWrapperTests) ... ok
test_validation_only_launch_skips_content_agents_and_uses_exact_ready (test_openbao_vastai_wrapper.OpenBaoVastAiWrapperTests) ... OpenBao Vast.ai SimReady paid launch attempt label: 3dprinting993-simready-local-ai-aaaaaaaaaaaaaaaaaaaa
ok
test_validation_only_ready_commands_are_distinct_and_fail_closed (test_openbao_vastai_wrapper.OpenBaoVastAiWrapperTests) ... ok
test_wave_command_matches_the_user_selected_id_locally (test_openbao_vastai_wrapper.OpenBaoVastAiWrapperTests) ... ok
test_wave_contract_fails_closed_on_each_paid_resource_gate (test_openbao_vastai_wrapper.OpenBaoVastAiWrapperTests) ... ok
test_wave_contract_is_cpu_only_bounded_and_prices_300_gb (test_openbao_vastai_wrapper.OpenBaoVastAiWrapperTests) ... ok
test_wave_contract_waits_for_running_before_returning (test_openbao_vastai_wrapper.OpenBaoVastAiWrapperTests) ... ok
test_wave_launch_refuses_a_second_project_instance (test_openbao_vastai_wrapper.OpenBaoVastAiWrapperTests) ... ok
test_wave_launch_revalidates_before_ssh_or_paid_request (test_openbao_vastai_wrapper.OpenBaoVastAiWrapperTests) ... ok
test_wave_launch_uses_exact_image_ssh_smoke_and_no_credentials (test_openbao_vastai_wrapper.OpenBaoVastAiWrapperTests) ... ok
test_wave_offers_is_read_only_and_no_best_launch_route_exists (test_openbao_vastai_wrapper.OpenBaoVastAiWrapperTests) ... ok
test_wave_post_create_contract_failure_rolls_back_exact_instance (test_openbao_vastai_wrapper.OpenBaoVastAiWrapperTests) ... ok
test_wave_post_create_duplicate_rolls_back_the_created_instance (test_openbao_vastai_wrapper.OpenBaoVastAiWrapperTests) ... ok
test_wave_post_create_ssh_smoke_failure_rolls_back_exact_instance (test_openbao_vastai_wrapper.OpenBaoVastAiWrapperTests) ... ok
test_wave_post_launch_contract_is_read_back_and_fail_closed (test_openbao_vastai_wrapper.OpenBaoVastAiWrapperTests) ... ok
test_wave_post_launch_singleton_requires_only_the_created_id (test_openbao_vastai_wrapper.OpenBaoVastAiWrapperTests) ... ok
test_wave_ssh_ready_never_accepts_failed_smoke (test_openbao_vastai_wrapper.OpenBaoVastAiWrapperTests) ... ok
test_wave_ssh_ready_uses_approved_key_batch_mode_and_smoke_marker (test_openbao_vastai_wrapper.OpenBaoVastAiWrapperTests) ... ok
test_wave_uncertain_create_reconciles_but_definite_4xx_does_not (test_openbao_vastai_wrapper.OpenBaoVastAiWrapperTests) ... ok
test_build_context_is_allow_listed (test_openfoam_engine_f35_image.OpenFoamEngineF35ImageTests) ... ok
test_publication_workflow_is_manual_digest_gated_and_anonymous (test_openfoam_engine_f35_image.OpenFoamEngineF35ImageTests) ... ok
test_recipe_is_amd64_pinned_and_narrow (test_openfoam_engine_f35_image.OpenFoamEngineF35ImageTests) ... ok
test_runtime_is_non_root_and_build_runs_real_solver_smokes (test_openfoam_engine_f35_image.OpenFoamEngineF35ImageTests) ... ok
test_claim_boundary_and_sensitive_content (test_openfoam_engine_f35_lock.OpenFoamEngineF35LockTests) ... ok
test_identity_recipe_and_inputs_are_exact (test_openfoam_engine_f35_lock.OpenFoamEngineF35LockTests) ... ok
test_unpublished_contract_and_all_physical_gates_are_closed (test_openfoam_engine_f35_lock.OpenFoamEngineF35LockTests) ... ok
test_aggregate_keeps_engine_and_fabrication_claims_false (test_openfoam_poiseuille_f25.OpenFOAMPoiseuilleF25Tests) ... ok
test_aggregate_recomputes_and_rejects_tampered_residual (test_openfoam_poiseuille_f25.OpenFOAMPoiseuilleF25Tests) ... ok
test_aggregate_rejects_bad_or_missing_pressure_residual (test_openfoam_poiseuille_f25.OpenFOAMPoiseuilleF25Tests) ... ok
test_aggregate_rejects_missing_residual_even_if_declared_passed (test_openfoam_poiseuille_f25.OpenFOAMPoiseuilleF25Tests) ... ok
test_aggregate_rejects_non_finite_residual_tampering (test_openfoam_poiseuille_f25.OpenFOAMPoiseuilleF25Tests) ... ok
test_analytic_solution_and_second_order_calculation (test_openfoam_poiseuille_f25.OpenFOAMPoiseuilleF25Tests) ... ok
test_benchmark_tree_has_no_generated_or_physicsnemo_artifact (test_openfoam_poiseuille_f25.OpenFOAMPoiseuilleF25Tests) ... ok
test_contract_is_synthetic_digest_pinned_and_closes_engine_gates (test_openfoam_poiseuille_f25.OpenFOAMPoiseuilleF25Tests) ... ok
test_contract_rejects_digest_drift_and_any_open_gate (test_openfoam_poiseuille_f25.OpenFOAMPoiseuilleF25Tests) ... ok
test_contract_rejects_non_finite_or_unlocked_acceptance (test_openfoam_poiseuille_f25.OpenFOAMPoiseuilleF25Tests) ... ok
test_contract_rejects_scope_and_deck_path_drift (test_openfoam_poiseuille_f25.OpenFOAMPoiseuilleF25Tests) ... ok
test_contract_rejects_symlinked_deck_root_or_file (test_openfoam_poiseuille_f25.OpenFOAMPoiseuilleF25Tests) ... ok
test_generator_creates_only_three_input_cases (test_openfoam_poiseuille_f25.OpenFOAMPoiseuilleF25Tests) ... ok
test_generator_never_overwrites_evidence (test_openfoam_poiseuille_f25.OpenFOAMPoiseuilleF25Tests) ... ok
test_repeat_rejects_excessive_or_missing_ux_residual (test_openfoam_poiseuille_f25.OpenFOAMPoiseuilleF25Tests) ... ok
test_repeatability_hash_includes_solver_iterations (test_openfoam_poiseuille_f25.OpenFOAMPoiseuilleF25Tests) ... ok
test_runner_is_local_digest_pinned_offline_and_non_destructive (test_openfoam_poiseuille_f25.OpenFOAMPoiseuilleF25Tests) ... ok
test_cfd_scope_hashes_and_rotation (test_organic_fan.OrganicFanTests) ... CFD input provenance and domain checks passed
ok
test_flow_rejects_unstable_history (test_organic_fan.OrganicFanTests) ... Fan flow diagnostic checks passed
ok
test_invalid_trial_budget_is_rejected_before_output (test_organic_fan.OrganicFanTests) ... skipped 'trimesh absent : ce test appelle un script qui en depend. Installer trimesh pour le couvrir.'
test_monitor_rejects_an_unprepared_directory (test_organic_fan.OrganicFanTests) ... ok
test_thermal_energy_balance_and_invalid_machine_recipe (test_organic_fan.OrganicFanTests) ... skipped 'trimesh absent : ce test appelle un script qui en depend. Installer trimesh pour le couvrir.'
test_a_verdict_that_no_longer_follows_its_reasons_is_refused (test_pet_candidate_verdict.PetCandidateVerdictTests) ... ok
test_every_rejection_carries_a_reason (test_pet_candidate_verdict.PetCandidateVerdictTests) ... ok
test_every_retained_designation_is_judged (test_pet_candidate_verdict.PetCandidateVerdictTests) ... ok
test_opening_a_fiche_requires_all_three_conditions (test_pet_candidate_verdict.PetCandidateVerdictTests) ... ok
test_the_selected_part_is_in_the_backlog (test_pet_candidate_verdict.PetCandidateVerdictTests) ... ok
test_the_verdict_covers_everything_judged_not_only_the_triage (test_pet_candidate_verdict.PetCandidateVerdictTests)
Le verdict portait sur les 70 designations que le vocabulaire ... ok
test_every_category_has_a_written_definition (test_pet_full_disposition.PetFullDispositionTests) ... ok
test_every_designation_is_disposed_of (test_pet_full_disposition.PetFullDispositionTests) ... ok
test_every_row_carries_a_category (test_pet_full_disposition.PetFullDispositionTests) ... ok
test_nothing_is_left_without_a_call (test_pet_full_disposition.PetFullDispositionTests) ... ok
test_the_generic_gap_is_measured_and_declared (test_pet_full_disposition.PetFullDispositionTests)
Ce que le depot ne sait pas faire doit rester compte, pas masque. ... ok
test_the_judgement_layer_covers_what_the_disposition_says_it_covers (test_pet_full_disposition.PetFullDispositionTests) ... ok
test_the_verdict_reaches_designations_the_vocabulary_had_missed (test_pet_full_disposition.PetFullDispositionTests)
`muffler` n'etait pas dans les 70 du triage lexical. Une fois juge a ... ok
test_the_fiche_screen_is_not_presented_as_covering_the_catalogue (test_pet_titanium_triage.PetTitaniumTriageTests) ... ok
test_the_part_triage_reconfirms_the_selected_part (test_pet_titanium_triage.PetTitaniumTriageTests) ... ok
test_the_part_triage_when_published_keeps_the_catalogue_outside (test_pet_titanium_triage.PetTitaniumTriageTests) ... ok
test_the_zone_triage_covers_every_illustration_of_the_skeleton (test_pet_titanium_triage.PetTitaniumTriageTests) ... ok
test_the_zone_triage_never_claims_to_select_a_part (test_pet_titanium_triage.PetTitaniumTriageTests) ... ok
test_the_zone_triage_states_its_own_coverage_gap (test_pet_titanium_triage.PetTitaniumTriageTests) ... ok
test_dockerfile_est_cuda12_amd64_et_minimal (test_physicsnemo_cae_image.PhysicsNeMoCaeImageTests) ... ok
test_documentation_separe_solveur_surrogate_et_fabrication (test_physicsnemo_cae_image.PhysicsNeMoCaeImageTests) ... ok
test_lock_oci_est_immuable_public_et_borne (test_physicsnemo_cae_image.PhysicsNeMoCaeImageTests) ... ok
test_lock_relit_les_hashes_des_entrees (test_physicsnemo_cae_image.PhysicsNeMoCaeImageTests) ... ok
test_lock_reste_fail_closed_hors_preuve_runtime (test_physicsnemo_cae_image.PhysicsNeMoCaeImageTests) ... ok
test_smoke_gpu_echoue_si_cuda_est_absent (test_physicsnemo_cae_image.PhysicsNeMoCaeImageTests) ... ok
test_smoke_sans_gpu_n_interroge_pas_cuda (test_physicsnemo_cae_image.PhysicsNeMoCaeImageTests) ... ok
test_versions_de_premier_niveau_sont_epinglees (test_physicsnemo_cae_image.PhysicsNeMoCaeImageTests) ... ok
test_workflow_publie_et_teste_un_digest_linux_amd64 (test_physicsnemo_cae_image.PhysicsNeMoCaeImageTests) ... ok
test_audit_reuses_exact_helpers_and_retains_raw_status (test_picogk_buffered_junction.BufferedWitnessContracts) ... ok
test_declared_screen_rejects_each_geometric_guard_failure (test_picogk_buffered_junction.BufferedWitnessContracts) ... ok
test_native_uses_inner_mask_but_audits_outer_ROI (test_picogk_buffered_junction.BufferedWitnessContracts) ... ok
test_policy_preserves_authorized_ROI_and_declares_interior_margin (test_picogk_buffered_junction.BufferedWitnessContracts) ... ok
test_serialized_values_are_bitwise_compared (test_picogk_buffered_junction.BufferedWitnessContracts) ... ok
test_fixed_world_geometry_and_resource_ceiling (test_picogk_buffered_junction_v2.BufferedV2Policy) ... ok
test_actual_added_volume_threshold_and_bad_denominator (test_picogk_buffered_junction_v2.HardenedBufferedDecision) ... ok
test_complete_baseline_passes (test_picogk_buffered_junction_v2.HardenedBufferedDecision) ... ok
test_each_SDF_failure_rejects_even_if_flags_pass (test_picogk_buffered_junction_v2.HardenedBufferedDecision) ... ok
test_each_VDB_failure_rejects (test_picogk_buffered_junction_v2.HardenedBufferedDecision) ... ok
test_each_occupation_failure_and_empty_surface_set_reject (test_picogk_buffered_junction_v2.HardenedBufferedDecision) ... ok
test_sampled_triangle_distance_numeric_witness (test_picogk_buffered_junction_v2.HardenedBufferedDecision) ... skipped 'VTK required for triangle-distance witness'
test_all_six_outer_faces_are_seeded (test_picogk_connectivity.PicoGKConnectivityTests) ... ok
test_all_void_and_no_void (test_picogk_connectivity.PicoGKConnectivityTests) ... ok
test_cli_preserves_both_exact_zero_boundary_conventions (test_picogk_connectivity.PicoGKConnectivityTests) ... ok
test_cli_refuses_failed_native_partition_before_connectivity (test_picogk_connectivity.PicoGKConnectivityTests) ... ok
test_cli_refuses_occupancy_hash_mismatch (test_picogk_connectivity.PicoGKConnectivityTests) ... ok
test_diagonal_contact_depends_on_connectivity_not_flow_area (test_picogk_connectivity.PicoGKConnectivityTests) ... ok
test_face_tunnel_connects_cavity_to_seeded_exterior (test_picogk_connectivity.PicoGKConnectivityTests) ... ok
test_hollow_cube_has_one_isolated_volume_not_two_surface_shells (test_picogk_connectivity.PicoGKConnectivityTests) ... ok
test_input_is_preserved_and_volume_is_grid_estimate (test_picogk_connectivity.PicoGKConnectivityTests) ... ok
test_invalid_shape_mask_spacing_connectivity_and_memory_bound (test_picogk_connectivity.PicoGKConnectivityTests) ... ok
test_no_periodic_wrapping_between_rows_or_planes (test_picogk_connectivity.PicoGKConnectivityTests) ... ok
test_single_voxel_seal_restores_closed_component (test_picogk_connectivity.PicoGKConnectivityTests) ... ok
test_eighty_noncubic_cases_match_independent_scipy_labels (test_picogk_connectivity_reference.PicoGKConnectivityReferenceTests) ... ok
test_clipping_classification_distinguishes_proof_from_inconclusive (test_picogk_convex_intake_roi.ConvexRoiTests) ... ok
test_empty_contracted_domain_and_bad_input_are_rejected (test_picogk_convex_intake_roi.ConvexRoiTests) ... ok
test_one_ulp_outside_cylinder_is_not_accepted (test_picogk_convex_intake_roi.ConvexRoiTests) ... ok
test_outer_reference_ring_is_excluded_and_buffers_are_not_rounded_down (test_picogk_convex_intake_roi.ConvexRoiTests) ... ok
test_radial_box_bound_is_directed_and_not_just_sampled (test_picogk_convex_intake_roi.ConvexRoiTests) ... ok
test_triangle_convex_containment_and_crossing_vertex (test_picogk_convex_intake_roi.ConvexRoiTests) ... ok
test_control_pole_bound_covers_between_endpoint_bulge (test_picogk_convex_intake_roi.NativeBranchBoundsTests) ... skipped 'native OCP runtime required'
test_compiled_module_keeps_upstream_reference_and_no_assets (test_picogk_cooling.PicoGKCoolingContracts) ... ok
test_fields_are_named_and_results_not_physical_qualification (test_picogk_cooling.PicoGKCoolingContracts) ... ok
test_hollow_native_volume_is_not_accepted_as_truth (test_picogk_cooling.PicoGKCoolingContracts) ... ok
test_one_byte_bool_adapter_is_guarded_by_hollow_cube_witness (test_picogk_cooling.PicoGKCoolingContracts) ... ok
test_oriented_equality_includes_multiplicity_but_not_winding_reversal (test_picogk_direct_surface_counteraudit.DirectSurfaceCounterauditTests) ... ok
test_roi_is_exact_and_crossing_triangle_is_not_accepted (test_picogk_direct_surface_counteraudit.DirectSurfaceCounterauditTests) ... ok
test_component_audit_disables_implicit_repair (test_picogk_direct_union_junction.DirectUnionContracts) ... ok
test_construction_is_direct_and_difference_is_diagnostic_only (test_picogk_direct_union_junction.DirectUnionContracts) ... ok
test_preregistered_guards_and_single_resolution (test_picogk_direct_union_junction.DirectUnionContracts) ... ok
test_set_identity_requires_no_extensivity_assumption (test_picogk_direct_union_junction.DirectUnionContracts) ... ok
test_removes_only_exact_zero_and_preserves_inversion_failure (test_picogk_exact_zero_countertrial.ExactZeroCountertrialTests) ... skipped 'trimesh QA runtime required'
test_retains_small_nonzero_face_and_nonmanifold_failure (test_picogk_exact_zero_countertrial.ExactZeroCountertrialTests) ... skipped 'trimesh QA runtime required'
test_python_audit_runtime_is_installed_and_witness_is_invoked (test_picogk_geometry_workstation.PicoGKGeometryWorkstationTests) ... ok
test_top_level_requirements_are_exact_versions (test_picogk_geometry_workstation.PicoGKGeometryWorkstationTests) ... ok
test_witness_scope_stays_synthetic_and_offline (test_picogk_geometry_workstation.PicoGKGeometryWorkstationTests) ... ok
test_both_native_zero_conventions_and_rebuild_changes_are_measured (test_picogk_local_junction.PreregistrationTests) ... ok
test_fixed_local_screen_and_stop_gate (test_picogk_local_junction.PreregistrationTests) ... ok
test_witness_only_no_private_geometry_fallback (test_picogk_local_junction.PreregistrationTests) ... ok
test_exact_duplicate_indexing_does_not_hide_degenerate_faces (test_picogk_local_junction.RawMeshAuditTests) ... skipped 'trimesh QA runtime required'
test_failed_shell_sum_and_changed_source_cannot_pass (test_picogk_roundtrip_shells.PicoGKRoundtripShellTests) ... skipped 'optional mesh QA runtime'
test_hollow_witness_preserves_negative_shell_and_oriented_volume (test_picogk_roundtrip_shells.PicoGKRoundtripShellTests) ... skipped 'optional mesh QA runtime'
test_open_surface_is_diagnostic_failure_not_an_accepted_volume (test_picogk_roundtrip_shells.PicoGKRoundtripShellTests) ... skipped 'optional mesh QA runtime'
test_small_disconnected_positive_island_is_not_deleted (test_picogk_roundtrip_shells.PicoGKRoundtripShellTests) ... skipped 'optional mesh QA runtime'
test_wrong_sha_resolution_frame_and_triangle_count_cannot_pass (test_picogk_roundtrip_shells.PicoGKRoundtripShellTests) ... skipped 'optional mesh QA runtime'
test_boolean_whole_region_inside_outside_and_crossing (test_picogk_shell_step.PicoGKShellSTEPTests) ... skipped 'optional OCCT runtime'
test_negative_tetrahedron_becomes_separate_positive_diagnostic_region (test_picogk_shell_step.PicoGKShellSTEPTests) ... skipped 'optional OCCT runtime'
test_boundary_links_are_paths_not_accepted_as_closed (test_picogk_surface_topology.SurfaceTopologyTests) ... ok
test_closed_tetrahedron_keeps_all_faces_and_checks_vertex_circles (test_picogk_surface_topology.SurfaceTopologyTests) ... ok
test_exact_collinearity_does_not_treat_rounded_cross_zero_as_exact (test_picogk_surface_topology.SurfaceTopologyTests) ... ok
test_hash_bound_read_only_receipt_never_promotes_original_rejection (test_picogk_surface_topology.SurfaceTopologyTests) ... ok
test_invalid_arrays_and_face_count_bounds_fail_closed (test_picogk_surface_topology.SurfaceTopologyTests) ... ok
test_local_orientation_conflict_is_rejected (test_picogk_surface_topology.SurfaceTopologyTests) ... ok
test_null_duplicate_and_oppositely_oriented_faces_are_not_removed (test_picogk_surface_topology.SurfaceTopologyTests) ... ok
test_pinched_vertex_fails_even_with_every_edge_twice (test_picogk_surface_topology.SurfaceTopologyTests) ... ok
test_small_negative_component_is_retained_without_cavity_inference (test_picogk_surface_topology.SurfaceTopologyTests) ... ok
test_stl_hash_change_and_wrong_resolution_refuse_report (test_picogk_surface_topology.SurfaceTopologyTests) ... ok
test_stl_repeated_coordinates_only_are_indexed_together (test_picogk_surface_topology.SurfaceTopologyTests) ... ok
test_bad_bounds_and_nonpositive_masks_refuse_preparation (test_prepare_picogk_intake_junction.InputPackageContracts) ... ok
test_bad_recorded_native_quality_or_replaced_branch_is_rejected (test_prepare_picogk_intake_junction.InputPackageContracts) ... ok
test_exact_source_checkpoint_module_and_frame_are_bound (test_prepare_picogk_intake_junction.InputPackageContracts) ... ok
test_proposal_inflates_radius_plus_three_voxels_and_contracts_only_inner_box (test_prepare_picogk_intake_junction.InputPackageContracts) ... ok
test_full_plane_section_keeps_second_loop_outside_the_seed_circle (test_prepare_picogk_intake_junction.NativeInputWitnesses) ... skipped 'native OCP runtime required'
test_native_inner_branch_edge_selected_without_outer_ring (test_prepare_picogk_intake_junction.NativeInputWitnesses) ... skipped 'native OCP runtime required'
test_zero_width_native_box_is_rejected (test_prepare_picogk_intake_junction.NativeInputWitnesses) ... skipped 'native OCP runtime required'
test_reference_fan_print_screen (unittest.loader.ModuleSkipped) ... skipped 'trimesh absent : ce test appelle un script qui en depend. Installer trimesh pour le couvrir.'
test_check_passes_on_the_committed_pages (test_render_part_pages.PartPageTests) ... ok
test_drift_is_detected (test_render_part_pages.PartPageTests) ... FAIL   page differs from its record: docs/pieces/993-body-front-impact-support-alsi10mg-f0-0001.md
       rerun: python3 scripts/render_part_pages.py --write
ok
test_each_page_cites_its_record_identifier_and_safety (test_render_part_pages.PartPageTests) ... ok
test_each_part_folder_has_a_presentation_page (test_render_part_pages.PartPageTests) ... ok
test_fan_rebuild_precedes_archived_geometry (test_render_part_pages.PartPageTests) ... ok
test_one_page_per_catalogue_record (test_render_part_pages.PartPageTests) ... ok
test_readme_links_to_pages_not_to_json (test_render_part_pages.PartPageTests) ... ok
test_child_cleanup_receipt_plus_stable_absence_avoids_second_delete (test_run_917_component_factory_f41_cad.F41SupervisorTest) ... ok
test_complete_run_destroys_before_local_validation (test_run_917_component_factory_f41_cad.F41SupervisorTest) ... ok
test_destroy_outage_returns_dedicated_critical_code (test_run_917_component_factory_f41_cad.F41SupervisorTest) ... ok
test_duplicate_child_cleanup_receipt_requires_parent_delete (test_run_917_component_factory_f41_cad.F41SupervisorTest) ... ok
test_failed_destroy_with_five_empty_snapshots_never_commits_absence (test_run_917_component_factory_f41_cad.F41SupervisorTest) ... ok
test_false_child_cleanup_proof_requires_parent_delete (test_run_917_component_factory_f41_cad.F41SupervisorTest) ... ok
test_invalid_launch_gate_still_destroys_attributable_instance (test_run_917_component_factory_f41_cad.F41SupervisorTest) ... ok
test_invalid_offer_never_calls_wrapper (test_run_917_component_factory_f41_cad.F41SupervisorTest) ... ok
test_launch_without_child_output_uses_parent_identity_and_destroys (test_run_917_component_factory_f41_cad.F41SupervisorTest) ... ok
test_malformed_absence_snapshots_cannot_prove_destruction (test_run_917_component_factory_f41_cad.F41SupervisorTest) ... ok
test_nonzero_launch_with_complete_json_is_destroyed (test_run_917_component_factory_f41_cad.F41SupervisorTest) ... ok
test_nonzero_launch_with_unique_stderr_label_is_reconciled_and_destroyed (test_run_917_component_factory_f41_cad.F41SupervisorTest) ... ok
test_oversized_child_output_is_bounded_and_instance_destroyed (test_run_917_component_factory_f41_cad.F41SupervisorTest) ... ok
test_shell_syntax_and_static_fail_closed_guards (test_run_917_component_factory_f41_cad.F41SupervisorTest) ... ok
test_show_failure_and_transient_empty_inventory_still_destroy (test_run_917_component_factory_f41_cad.F41SupervisorTest) ... ok
test_transient_empty_inventory_does_not_fake_destruction (test_run_917_component_factory_f41_cad.F41SupervisorTest) ... ok
test_transport_failure_still_destroys (test_run_917_component_factory_f41_cad.F41SupervisorTest) ... ok
test_wrong_id_child_cleanup_receipt_requires_parent_delete (test_run_917_component_factory_f41_cad.F41SupervisorTest) ... ok
test_wrong_image_blocks_workload_but_still_destroys_owned_instance (test_run_917_component_factory_f41_cad.F41SupervisorTest) ... ok
test_wrong_image_child_cleanup_receipt_requires_parent_delete (test_run_917_component_factory_f41_cad.F41SupervisorTest) ... ok
test_wrong_label_child_cleanup_receipt_cannot_prove_absence (test_run_917_component_factory_f41_cad.F41SupervisorTest) ... ok
test_dependances_et_hashes_sont_exacts (test_scan_mesh_f17_image.ScanMeshF17ImageTests) ... ok
test_dockerfile_est_epingle_amd64_non_root_et_a_portee_minimale (test_scan_mesh_f17_image.ScanMeshF17ImageTests) ... ok
test_documentation_separe_cpu_gpu_et_reste_fail_closed (test_scan_mesh_f17_image.ScanMeshF17ImageTests) ... ok
test_lock_fixe_image_preuves_et_gates_physiques (test_scan_mesh_f17_image.ScanMeshF17ImageTests) ... ok
test_lock_relit_les_entrees_exactes_de_l_image (test_scan_mesh_f17_image.ScanMeshF17ImageTests) ... ok
test_segmentateur_refuse_interfaces_non_provenancees_ou_invalides (test_scan_mesh_f17_image.ScanMeshF17ImageTests) ... ok
test_smoke_compile_et_exerce_les_chemins_geometriques_reels (test_scan_mesh_f17_image.ScanMeshF17ImageTests) ... ok
test_workflow_garde_digest_slsa_sbom_anonyme_et_runtime_durci (test_scan_mesh_f17_image.ScanMeshF17ImageTests) ... ok
test_both_agents_use_the_local_endpoint (test_simready_local_ai.SimReadyLocalAiImageTests) ... ok
test_image_pins_model_runtime_and_physicsnemo (test_simready_local_ai.SimReadyLocalAiImageTests) ... ok
test_live_smoke_covers_multimodal_input (test_simready_local_ai.SimReadyLocalAiImageTests) ... ok
test_local_mode_does_not_require_remote_credentials (test_simready_local_ai.SimReadyLocalAiImageTests) ... ok
test_onstart_initializes_marker_when_marketplace_replaces_sshd (test_simready_local_ai.SimReadyLocalAiImageTests) ... ok
test_simready_validate_is_discoverable_with_the_reduced_ssh_path (test_simready_local_ai.SimReadyLocalAiImageTests) ... ok
test_vast_ready_gate_checks_the_full_local_ai_image (test_simready_local_ai.SimReadyLocalAiImageTests) ... ok
test_adapter_commits_atomically_and_seals_source_and_output (test_simready_workflow_adapter.SimReadyWorkflowAdapterTests) ... ok
test_adapter_translates_checkout_cli_to_packaged_cli (test_simready_workflow_adapter.SimReadyWorkflowAdapterTests) ... ok
test_capability_manifest_exposes_only_step (test_simready_workflow_adapter.SimReadyWorkflowAdapterTests) ... ok
test_failed_conversion_cannot_overwrite_the_previous_output (test_simready_workflow_adapter.SimReadyWorkflowAdapterTests) ... ok
test_failed_namespace_validation_cannot_overwrite_the_previous_output (test_simready_workflow_adapter.SimReadyWorkflowAdapterTests) ... ok
test_image_build_executes_a_real_step_to_usd_smoke (test_simready_workflow_adapter.SimReadyWorkflowAdapterTests) ... ok
test_contract_does_not_pretend_the_image_is_verified (test_topology_context_f26_image.TopologyContextF26ImageTests) ... ok
test_docker_context_is_an_exact_allow_list_without_geometry (test_topology_context_f26_image.TopologyContextF26ImageTests) ... ok
test_dockerfile_is_pinned_minimal_amd64_non_root_and_smoked_offline (test_topology_context_f26_image.TopologyContextF26ImageTests) ... ok
test_host_bind_smoke_proves_read_only_inputs_and_uid_owned_writable_output (test_topology_context_f26_image.TopologyContextF26ImageTests) ... ok
test_requirements_has_one_exact_amd64_wheel_hash (test_topology_context_f26_image.TopologyContextF26ImageTests) ... ok
test_smoke_uses_only_synthetic_geometry_and_audits_the_bundle (test_topology_context_f26_image.TopologyContextF26ImageTests) ... ok
test_workflow_artifacts_are_image_evidence_only (test_topology_context_f26_image.TopologyContextF26ImageTests) ... ok
test_workflow_is_manual_attested_anonymous_and_runtime_hardened (test_topology_context_f26_image.TopologyContextF26ImageTests) ... ok
test_documentation_names_exact_digest_run_and_fail_closed_scope (test_topology_context_f26_lock.TopologyContextF26LockTests) ... ok
test_exact_public_image_platform_and_attestation_are_pinned (test_topology_context_f26_lock.TopologyContextF26LockTests) ... ok
test_lock_contains_no_scan_or_derived_topology_payload (test_topology_context_f26_lock.TopologyContextF26LockTests) ... ok
test_manifest_counts_sizes_and_evidence_metadata_are_exact (test_topology_context_f26_lock.TopologyContextF26LockTests) ... ok
test_only_cpu_image_gates_open_and_all_physical_gates_stay_closed (test_topology_context_f26_lock.TopologyContextF26LockTests) ... ok
test_recipe_rereads_every_exact_build_and_gate_input (test_topology_context_f26_lock.TopologyContextF26LockTests) ... ok
test_workflow_provenance_sbom_and_public_pull_are_bound (test_topology_context_f26_lock.TopologyContextF26LockTests) ... ok
test_ap_report_is_flagged_when_power_and_torque_do_not_match (test_turbo_variants.TurboDynoValidationTests) ... ok
test_derived_output_is_reproducible (test_turbo_variants.TurboDynoValidationTests) ... ok
test_dyno_reference_data_is_valid (test_turbo_variants.TurboDynoValidationTests) ... ok
test_powerhaus_same_rpm_point_is_consistent (test_turbo_variants.TurboDynoValidationTests) ... ok
test_manifest_contains_the_three_comparison_variants (test_turbo_variants.TurboVariantValidationTests) ... ok
test_manifest_is_valid (test_turbo_variants.TurboVariantValidationTests) ... ok
test_variants_keep_the_same_mass_flow (test_turbo_variants.TurboVariantValidationTests) ... ok
test_positive_worst_case_margins_pass (test_twin_fit.TwinFitTests) ... ok
test_uncertainty_can_fail_nominal_clearance (test_twin_fit.TwinFitTests) ... ok
test_missing_master_file_is_rejected (test_validate_catalog.CatalogueValidationTests) ... ok
test_prohibited_part_cannot_be_released (test_validate_catalog.CatalogueValidationTests) ... ok
test_schema_is_valid_json (test_validate_catalog.CatalogueValidationTests) ... ok
test_template_file_loads_and_validates (test_validate_catalog.CatalogueValidationTests) ... ok
test_template_is_valid (test_validate_catalog.CatalogueValidationTests) ... ok
test_titanium_requires_process_controls (test_validate_catalog.CatalogueValidationTests) ... ok
test_assembly_mass_must_match_component_sum (test_validate_components.ComponentValidationTests) ... ok
test_complete_components_are_valid (test_validate_components.ComponentValidationTests) ... ok
test_positioned_assembly_requires_transforms (test_validate_components.ComponentValidationTests) ... ok
test_schemas_are_valid_json (test_validate_components.ComponentValidationTests) ... ok
test_spatial_check_requires_accuracy (test_validate_components.ComponentValidationTests) ... ok
test_unknown_mass_source_is_rejected (test_validate_components.ComponentValidationTests) ... ok
test_calibrated_instrument_needs_a_check_date (test_validate_measurements.MeasurementValidationTests) ... ok
test_duplicate_dimension_identifiers_are_rejected (test_validate_measurements.MeasurementValidationTests) ... ok
test_evidence_level_a_requires_repeats_and_calibration (test_validate_measurements.MeasurementValidationTests) ... ok
test_manual_instrument_cannot_stream (test_validate_measurements.MeasurementValidationTests) ... ok
test_manual_specification_record_is_valid (test_validate_measurements.MeasurementValidationTests) ... ok
test_measurement_schema_is_valid_json (test_validate_measurements.MeasurementValidationTests) ... ok
test_reading_must_reference_a_declared_instrument (test_validate_measurements.MeasurementValidationTests) ... ok
test_session_cannot_be_dated_in_the_future (test_validate_measurements.MeasurementValidationTests) ... ok
test_streamed_reading_requires_a_timestamp (test_validate_measurements.MeasurementValidationTests) ... ok
test_template_file_loads_from_disk (test_validate_measurements.MeasurementValidationTests) ... ok
test_template_is_valid (test_validate_measurements.MeasurementValidationTests) ... ok
test_uncertainty_cannot_beat_instrument_resolution (test_validate_measurements.MeasurementValidationTests) ... ok
test_value_must_match_its_samples (test_validate_measurements.MeasurementValidationTests) ... ok
test_entry_without_any_fact_is_rejected (test_validate_reference.ReferenceValidationTests) ... ok
test_every_entry_names_a_registered_source (test_validate_reference.ReferenceValidationTests) ... ok
test_negative_mass_is_rejected (test_validate_reference.ReferenceValidationTests) ... ok
test_parts_that_delete_safety_carry_a_caveat (test_validate_reference.ReferenceValidationTests)
Doors, roof, seat, steering wheel and ventilation must warn the reader. ... ok
test_shipped_data_is_valid (test_validate_reference.ReferenceValidationTests) ... ok
test_unregistered_source_is_rejected (test_validate_reference.ReferenceValidationTests) ... ok
test_counts_add_up (test_validate_reference.SkeletonValidationTests) ... ok
test_skeleton_is_valid (test_validate_reference.SkeletonValidationTests) ... ok
test_skeleton_refuses_catalogue_detail (test_validate_reference.SkeletonValidationTests)
The aggregate must not become a copy of someone else's catalogue. ... ok
test_attribution_requirement_needs_text (test_validate_sources.SourceValidationTests) ... ok
test_available_source_must_have_been_accessed (test_validate_sources.SourceValidationTests) ... ok
test_browser_read_requires_date (test_validate_sources.SourceValidationTests) ... ok
test_source_schema_is_valid_json (test_validate_sources.SourceValidationTests) ... ok
test_template_file_loads_and_validates (test_validate_sources.SourceValidationTests) ... ok
test_template_is_valid (test_validate_sources.SourceValidationTests) ... ok
test_complete_porschefanatics_snapshot_is_present (test_validate_specifications.DocumentarySpecificationTests) ... ok
test_ocr_record_cannot_be_promoted_automatically (test_validate_specifications.DocumentarySpecificationTests) ... ok
test_schema_is_valid_json (test_validate_specifications.DocumentarySpecificationTests) ... ok
test_torque_requires_torque_or_angle (test_validate_specifications.DocumentarySpecificationTests) ... ok
test_checked_twin_requires_interface_fidelity (test_validate_twins.TwinValidationTests) ... ok
test_interface_cannot_reference_unknown_component (test_validate_twins.TwinValidationTests) ... ok
test_registry_record_loads (test_validate_twins.TwinValidationTests) ... ok
test_schema_is_valid_json (test_validate_twins.TwinValidationTests) ... ok
test_template_is_valid (test_validate_twins.TwinValidationTests) ... ok
test_wheel_hub_twin_loads_and_references_four_step_proxies (test_validate_twins.TwinValidationTests) ... ok
test_every_proxy_has_positive_volume (test_valve_variants.ValveVariantTests) ... ok
test_exhaust_variants_include_inconel_reference (test_valve_variants.ValveVariantTests) ... ok
test_titanium_proxy_is_lighter_than_baseline_steel (test_valve_variants.ValveVariantTests) ... ok
test_cleanup_rabat_une_fausse_validation_sans_bloquer_destruction (test_vast_simready_native.GardeInstanceTests) ... ok
test_destruction_partielle_exige_derogation_meme_si_cout_et_capacite_degrades (test_vast_simready_native.GardeInstanceTests) ... ok
test_destruction_refuse_archives_traversee_et_lien_symbolique (test_vast_simready_native.GardeInstanceTests) ... ok
test_destruction_refuse_confirmation_digest_differente (test_vast_simready_native.GardeInstanceTests) ... ok
test_garde_accepte_le_cout_contractuel_sous_2_50 (test_vast_simready_native.GardeInstanceTests) ... ok
test_garde_refuse_tag_ou_digest_different (test_vast_simready_native.GardeInstanceTests) ... ok
test_garde_refuse_un_cout_reel_superieur (test_vast_simready_native.GardeInstanceTests) ... ok
test_garde_refuse_une_cible_ssh_non_vast_ou_privee (test_vast_simready_native.GardeInstanceTests) ... ok
test_garde_refuse_une_machine_sous_dimensionnee (test_vast_simready_native.GardeInstanceTests) ... ok
test_mode_cleanup_ignore_seulement_le_plafond (test_vast_simready_native.GardeInstanceTests) ... ok
test_manifeste_deterministe_et_bundle_distant_verifie (test_vast_simready_native.ManifesteBundleTests) ... ok
test_phase_refuse_prompt_ou_skill_non_atteste (test_vast_simready_native.ManifesteBundleTests) ... ok
test_skill_refuse_liens_symboliques_et_fichiers_speciaux (test_vast_simready_native.ManifesteBundleTests) ... ok
test_collecte_separe_recuperation_et_validation (test_vast_simready_native.PhasesNativesSimReadyTests) ... ok
test_f10_fournit_deux_stages_et_les_phases_aval_sont_parametriques (test_vast_simready_native.PhasesNativesSimReadyTests) ... ok
test_l_ordre_nvidia_est_encode_dans_les_gates (test_vast_simready_native.PhasesNativesSimReadyTests) ... ok
test_les_phases_sont_atomiques_et_sans_docker (test_vast_simready_native.PhasesNativesSimReadyTests) ... ok
test_prompts_obligatoires_et_attestes_avant_finalisation (test_vast_simready_native.PhasesNativesSimReadyTests) ... ok
test_readiness_prouve_cuda_sans_revendiquer_une_simulation (test_vast_simready_native.PhasesNativesSimReadyTests) ... ok
test_runbook_lance_via_le_wrapper_ghcr (test_vast_simready_native.PhasesNativesSimReadyTests) ... ok
test_skill_root_est_explicite_et_fail_closed (test_vast_simready_native.PhasesNativesSimReadyTests) ... ok
test_ssh_du_controleur_est_borne (test_vast_simready_native.PhasesNativesSimReadyTests) ... ok
test_transfert_est_sur_liste_blanche_et_exclut_f8_f9 (test_vast_simready_native.PhasesNativesSimReadyTests) ... ok
test_contexte_reparation_et_rapport_final_sont_attestes (test_vast_simready_native.ResumeRecuperationVariantAwareTests) ... ok
test_deux_chaines_completes_sont_requises_pour_valider (test_vast_simready_native.ResumeRecuperationVariantAwareTests) ... ok
test_doublon_ou_stage_f10_incorrect_est_refuse (test_vast_simready_native.ResumeRecuperationVariantAwareTests) ... ok
test_identite_schema_et_statut_incoherents_sont_malformed (test_vast_simready_native.ResumeRecuperationVariantAwareTests) ... ok
test_missing_turbo_ou_needs_rerun_ne_valide_jamais (test_vast_simready_native.ResumeRecuperationVariantAwareTests) ... ok
test_rapport_attendu_hors_emplacement_exact_est_refuse (test_vast_simready_native.ResumeRecuperationVariantAwareTests) ... ok
test_rapport_inattendu_refuse_le_contrat_de_recuperation (test_vast_simready_native.ResumeRecuperationVariantAwareTests) ... ok
test_rendu_ovrtx_photos_film_et_checksums_sont_attestes (test_vast_simready_native.ResumeRecuperationVariantAwareTests) ... ok
test_sortie_absente_ou_continuite_brulee_est_refusee (test_vast_simready_native.ResumeRecuperationVariantAwareTests) ... ok
test_17_inch_record_exposes_approved_bore (test_wheel_proxy.WheelProxyTests) ... ok
test_18_inch_record_exposes_nominal_interface (test_wheel_proxy.WheelProxyTests) ... ok

----------------------------------------------------------------------
Ran 3194 tests in 206.484s

OK (skipped=152)
{"status": "central_subdivision_candidate_only_independent_review_and_checkMesh_required", "selected_tetrahedra": 1, "candidate_sha256": "6c3676a5f077a3ae05f1c112d726d29c0daf497b84a83e885481113f88f56b86", "report_sha256": "a874b406d6c483d049ef31b7bd56ce6535b3d32e4a5488a49c9ef3376082dd9c", "elapsed_seconds": 0.0004839160246774554}
GitHub fetch OK: cluster2600/porscheparts codex/test
GitHub push OK: cluster2600/porscheparts codex/test
GitHub workflow dispatch accepted: 917-engine-wave-f40-vast-image.yml on codex/f40
GitHub PicoGK publication accepted on codex/picogk
GitHub push OK: cluster2600/porscheparts codex/test
GitHub SimReady publication accepted for simready on codex/simready-chain
GitHub SimReady publication accepted for simready-workflow on codex/simready-chain
GitHub SimReady publication accepted for simready-local-ai on codex/simready-chain
GitHub SimReady publication accepted for simready-local-ai on codex/simready-fix
{"report": "/var/folders/94/7s390fs10pb50yj156bfxsmr0000gq/T/tmpeqlkqs2d/new-report.json", "status": "diagnostic_completed_no_qualification_decision", "mesh_screens": {"before": true, "after": true, "added": true}}
OK   docs/pieces and parts/*/README.md, 34 + 34 pages match the catalogue records
python3 twins/reference-917-engine/source/run_clean_sheet_2026_f32.py \
		--contract twins/reference-917-engine/clean-sheet-2026-f32.json \
		--check twins/reference-917-engine/evidence/f32/screening-report.json
OK   twins/reference-917-engine/evidence/f32/screening-report.json (F32 screening current; all release gates blocked)
python3 scripts/validate_917_air_oil_core_controls_f34a.py \
		--contract twins/reference-917-engine/air-oil-core-controls-f34a.json
F34a air/oil core and controls decision contract valid
python3 scripts/run_917_doe_f34.py \
		--contract twins/reference-917-engine/doe-surrogate-f34.json \
		--check twins/reference-917-engine/evidence/f34/doe-case-manifest.json
python3 scripts/export_917_air_oil_seeds_f34b.py \
		--check twins/reference-917-engine/evidence/f34/air-oil-forward-seeds-f34b.json
python3 tests/test_917_aircooled_4v_f34.py -v
test_all_release_gates_are_closed_and_files_are_hashed (__main__.AirCooledFourValveF34Tests) ... ok
test_calculix_mesh_sequence_blocks_release_on_peak_stress (__main__.AirCooledFourValveF34Tests) ... ok
test_cantera_wiebe_disagreement_and_physicsnemo_block_are_retained (__main__.AirCooledFourValveF34Tests) ... ok
test_geometry_and_render_are_local_only_not_published (__main__.AirCooledFourValveF34Tests) ... ok
test_omniverse_preflight_is_sanitized_and_fail_closed (__main__.AirCooledFourValveF34Tests) ... ok
test_publisher_refuses_tracked_or_external_output_roots (__main__.AirCooledFourValveF34Tests) ... ok
test_scan_boundary_and_four_valve_scope_are_explicit (__main__.AirCooledFourValveF34Tests) ... ok
test_two_external_cooling_methods_really_executed (__main__.AirCooledFourValveF34Tests) ... ok
test_two_vs_four_valve_comparison_is_preserved_as_equivalent_port_only (__main__.AirCooledFourValveF34Tests) ... ok
test_x86_images_are_smoked_and_open_hfdib_is_only_assessed (__main__.AirCooledFourValveF34Tests) ... ok

----------------------------------------------------------------------
Ran 10 tests in 0.002s

OK
python3 tests/test_917_f37_published_evidence.py -v
test_corrected_stud_and_rocker_equations_are_preserved (__main__.F37PublishedEvidenceTests) ... ok
test_known_validator_and_cooling_conflicts_remain_blocking (__main__.F37PublishedEvidenceTests) ... ok
test_manifest_is_complete_and_every_hash_matches (__main__.F37PublishedEvidenceTests) ... ok
test_no_raw_scan_or_derived_full_head_mesh_is_published (__main__.F37PublishedEvidenceTests) ... ok
test_numerical_passes_do_not_open_physical_release_gates (__main__.F37PublishedEvidenceTests) ... ok
test_publisher_is_allowlisted_atomic_and_fail_closed (__main__.F37PublishedEvidenceTests) ... ok
test_report_chain_is_bound_to_contract_cad_and_carrier_step (__main__.F37PublishedEvidenceTests) ... ok

----------------------------------------------------------------------
Ran 7 tests in 0.006s

OK
docker run --rm --platform linux/amd64 --network none \
		-e HOME=/tmp -e MPLCONFIGDIR=/tmp/mpl \
		-v "/Users/maxime/.codex/worktrees/fan-aerodynamics/3dprinting993:/workspace" -w /workspace \
		--entrypoint /opt/venv/bin/python ghcr.io/cluster2600/3dprinting993-mesh-cfd@sha256:a1db60cbf61bbcca52c171e50cab01ed0b6ec860b227e7c5fc50f7b809659b4f \
		tests/test_917_f37_lpbf_voxel_audit.py -v
test_consistent_inputs_are_accepted (__main__.LpbfManufacturingCompilerFailClosedTests.test_consistent_inputs_are_accepted) ... ok
test_f36_locked_plate_cannot_be_relabelled_f37 (__main__.LpbfManufacturingCompilerFailClosedTests.test_f36_locked_plate_cannot_be_relabelled_f37) ... ok
test_inconsistent_voxel_volume_is_rejected (__main__.LpbfManufacturingCompilerFailClosedTests.test_inconsistent_voxel_volume_is_rejected) ... ok
test_insufficient_thickness_ray_coverage_is_rejected (__main__.LpbfManufacturingCompilerFailClosedTests.test_insufficient_thickness_ray_coverage_is_rejected) ... ok
test_non_minimum_orientation_is_rejected (__main__.LpbfManufacturingCompilerFailClosedTests.test_non_minimum_orientation_is_rejected) ... ok
test_old_unbounded_thickness_method_is_rejected (__main__.LpbfManufacturingCompilerFailClosedTests.test_old_unbounded_thickness_method_is_rejected) ... ok
test_old_voxel_method_is_rejected (__main__.LpbfManufacturingCompilerFailClosedTests.test_old_voxel_method_is_rejected) ... ok
test_release_authorization_cannot_enter_the_virtual_compiler (__main__.LpbfManufacturingCompilerFailClosedTests.test_release_authorization_cannot_enter_the_virtual_compiler) ... ok
test_tampered_derived_gate_is_rejected (__main__.LpbfManufacturingCompilerFailClosedTests.test_tampered_derived_gate_is_rejected) ... ok
test_tampered_selected_metrics_are_rejected (__main__.LpbfManufacturingCompilerFailClosedTests.test_tampered_selected_metrics_are_rejected) ... ok
test_closed_internal_cavity_is_detected (__main__.LpbfVoxelAuditGeometryTests.test_closed_internal_cavity_is_detected) ... ok
test_open_through_hole_is_not_classified_as_trapped (__main__.LpbfVoxelAuditGeometryTests.test_open_through_hole_is_not_classified_as_trapped) ... ok
test_spatial_index_reference_cap_fails_closed (__main__.LpbfVoxelAuditGeometryTests.test_spatial_index_reference_cap_fails_closed) ... ok
test_uniform_grid_ray_thickness_matches_box_faces (__main__.LpbfVoxelAuditGeometryTests.test_uniform_grid_ray_thickness_matches_box_faces) ... ok
test_fill_holes_is_not_used_before_trapped_void_classification (__main__.LpbfVoxelAuditSourceTests.test_fill_holes_is_not_used_before_trapped_void_classification) ... ok

----------------------------------------------------------------------
Ran 15 tests in 6.314s

OK
python3 tests/test_917_f37_simready_evidence.py -v
test_manifest_hashes_every_published_evidence_file (__main__.F37SimReadyEvidenceTests) ... ok
test_minimum_validation_and_render_really_passed (__main__.F37SimReadyEvidenceTests) ... ok
test_no_full_head_geometry_is_published (__main__.F37SimReadyEvidenceTests) ... ok
test_no_visual_or_schema_step_opens_release_gates (__main__.F37SimReadyEvidenceTests) ... ok
test_nvidia_warning_is_preserved_and_blocks_consensus (__main__.F37SimReadyEvidenceTests) ... ok

----------------------------------------------------------------------
Ran 5 tests in 0.001s

OK
python3 tests/test_917_f41_lpbf_process.py -v
test_additivefoam_ran_three_real_mpi_cases (__main__.F41LpbfProcessTests) ... ok
test_architecture_and_post_print_oil_policy_are_explicit (__main__.F41LpbfProcessTests) ... ok
test_calculix_displacement_converges_but_stress_does_not (__main__.F41LpbfProcessTests) ... ok
test_geometry_failures_and_all_release_authorizations_stay_closed (__main__.F41LpbfProcessTests) ... ok
test_images_and_video_are_hash_locked (__main__.F41LpbfProcessTests) ... ok
test_machine_orientation_and_40_um_schedule_are_consistent (__main__.F41LpbfProcessTests) ... ok
test_power_sensitivity_is_numerical_but_hits_solver_cap (__main__.F41LpbfProcessTests) ... ok
test_published_audit_is_bound_to_the_sanitized_geometry_report (__main__.F41LpbfProcessTests) ... ok
test_step_is_hash_locked_and_roundtrips_as_one_solid (__main__.F41LpbfProcessTests) ... ok
test_whole_part_macro_model_preserves_its_limitations (__main__.F41LpbfProcessTests) ... ok

----------------------------------------------------------------------
Ran 10 tests in 0.002s

OK
python3 tests/test_917_f42_cooling_cht.py -v
test_analytical_bounds_are_deterministic (__main__.F42CoolingChtTests) ... ok
test_bridge_screen_fails_closed_above_material_range (__main__.F42CoolingChtTests) ... ok
test_geometry_is_exact_f41_and_not_modified (__main__.F42CoolingChtTests) ... ok
test_publication_manifest_is_self_consistent (__main__.F42CoolingChtTests) ... ok
test_published_report_never_claims_full_cht_or_release (__main__.F42CoolingChtTests) ... ok
test_release_gates_are_fail_closed (__main__.F42CoolingChtTests) ... ok

----------------------------------------------------------------------
Ran 6 tests in 0.026s

OK
python3 tests/test_917_f42_2_pcurve_repair.py -v
test_clean_synthetic_box_needs_no_pcurve_repair (__main__.F422PcurveRepairTests) ... skipped 'OCP is not installed'
test_numeric_regression_and_image_binding (__main__.F422PcurveRepairTests) ... ok
test_public_report_is_fail_closed_and_coordinate_free (__main__.F422PcurveRepairTests) ... ok
test_source_excludes_surface_and_3d_curve_rebuilds (__main__.F422PcurveRepairTests) ... ok

----------------------------------------------------------------------
Ran 4 tests in 0.001s

OK (skipped=1)
python3 tests/test_917_f42_2_material_process.py -v
test_HIP_and_machining_are_not_invented (__main__.F422MaterialProcessTests) ... ok
test_coupon_plan_covers_hot_tension_thermal_fatigue_CT_and_corrosion (__main__.F422MaterialProcessTests) ... ok
test_five_real_LPBF_aluminium_candidates_use_primary_sources (__main__.F422MaterialProcessTests) ... ok
test_is_bound_to_F42_1_and_does_not_change_envelope (__main__.F422MaterialProcessTests) ... ok
test_missing_hot_data_are_null_and_fail_closed (__main__.F422MaterialProcessTests) ... ok
test_provisional_choice_is_not_a_selection_or_allowable (__main__.F422MaterialProcessTests) ... ok
test_seat_guide_compatibility_and_every_release_gate_stay_closed (__main__.F422MaterialProcessTests) ... ok

----------------------------------------------------------------------
Ran 7 tests in 0.001s

OK
python3 tests/test_917_f42_omniverse_validation.py -v
test_fail_closed_release_gates (__main__.F42OmniverseValidationTests) ... ok
test_geometry_is_bounded_and_private (__main__.F42OmniverseValidationTests) ... ok
test_official_validator_results_are_not_overclaimed (__main__.F42OmniverseValidationTests) ... ok
test_published_media_hashes_and_scope (__main__.F42OmniverseValidationTests) ... ok
test_rented_runtime_was_closed_after_recovery (__main__.F42OmniverseValidationTests) ... ok
test_summary_has_no_private_runtime_path (__main__.F42OmniverseValidationTests) ... ok

----------------------------------------------------------------------
Ran 6 tests in 0.002s

OK
PYTHONDONTWRITEBYTECODE=1 python3 twins/reference-917-engine/source/validate_variant_authority_f43.py \
		--project-root . \
		--contract twins/reference-917-engine/variant-authority-f43.json
F43 variant authority validation passed
PYTHONDONTWRITEBYTECODE=1 python3 tests/test_917_variant_authority_f43.py -v
test_all_geometry_solver_performance_and_release_gates_remain_closed (__main__.VariantAuthorityF43Tests) ... ok
test_cli_validation_passes (__main__.VariantAuthorityF43Tests) ... ok
test_f10_4_5_l_branch_is_explicitly_excluded (__main__.VariantAuthorityF43Tests) ... ok
test_source_and_conflict_snapshots_are_path_and_digest_bound (__main__.VariantAuthorityF43Tests) ... ok
test_tracked_contract_passes_and_is_digest_locked (__main__.VariantAuthorityF43Tests) ... ok
test_two_2026_products_have_distinct_source_bound_displacements (__main__.VariantAuthorityF43Tests) ... ok
test_validator_rejects_forged_source_hash_and_open_release_gate (__main__.VariantAuthorityF43Tests) ... ok
test_validator_rejects_na_turbo_bore_and_invented_na_power (__main__.VariantAuthorityF43Tests) ... ok

----------------------------------------------------------------------
Ran 8 tests in 0.096s

OK
PYTHONDONTWRITEBYTECODE=1 python3 twins/reference-917-engine/source/validate_connecting_rod_cad_f44.py \
		--project-root . \
		--contract twins/reference-917-engine/connecting-rod-cad-f44.json
F44 connecting-rod CAD contract validation passed
PYTHONDONTWRITEBYTECODE=1 python3 tests/test_917_connecting_rod_cad_f44.py -v
test_all_release_gates_and_physics_metadata_remain_closed (__main__.ConnectingRodCadF44Tests) ... ok
test_builder_audits_authored_shape_before_cleaning (__main__.ConnectingRodCadF44Tests) ... ok
test_builder_keeps_build123d_lazy_and_models_subtractive_features (__main__.ConnectingRodCadF44Tests) ... ok
test_cli_validation_and_description_pass_without_cad_runtime (__main__.ConnectingRodCadF44Tests) ... ok
test_duplicate_source_and_extra_top_level_key_fail_closed (__main__.ConnectingRodCadF44Tests) ... ok
test_existing_output_is_never_overwritten (__main__.ConnectingRodCadF44Tests) ... ok
test_generator_rejects_output_outside_project_work_before_loading_cad (__main__.ConnectingRodCadF44Tests) ... ok
test_geometry_report_checks_require_positive_ligaments_and_cutter_intersections (__main__.ConnectingRodCadF44Tests) ... ok
test_make_target_runs_real_docker_smoke_with_separate_writable_work_mount (__main__.ConnectingRodCadF44Tests) ... ok
test_oil_channel_starts_beyond_big_end_bearing_outer_radius (__main__.ConnectingRodCadF44Tests) ... ok
test_only_allowed_parameter_classifications_are_used (__main__.ConnectingRodCadF44Tests) ... ok
test_output_symlink_is_rejected_before_loading_cad (__main__.ConnectingRodCadF44Tests) ... ok
test_pair_topology_mismatch_is_computed_and_blocks_export (__main__.ConnectingRodCadF44Tests) ... ok
test_requested_detailed_features_are_explicit_and_separate (__main__.ConnectingRodCadF44Tests) ... ok
test_smoke_metric_comparison_is_fail_closed (__main__.ConnectingRodCadF44Tests) ... ok
test_smoke_reopens_both_neutral_and_mesh_exports_and_checks_provenance (__main__.ConnectingRodCadF44Tests) ... ok
test_smoke_requires_exactly_nine_step_nine_stl_and_one_report (__main__.ConnectingRodCadF44Tests) ... ok
test_source_hash_and_geometry_transfer_are_fail_closed (__main__.ConnectingRodCadF44Tests) ... ok
test_stl_parser_proves_manifold_closure_and_opposite_edge_orientation (__main__.ConnectingRodCadF44Tests) ... ok
test_stl_parser_rejects_global_inversion_without_breaking_multiple_solids (__main__.ConnectingRodCadF44Tests) ... ok
test_tracked_contract_passes (__main__.ConnectingRodCadF44Tests) ... ok
test_validator_closes_nested_schemas_and_non_snapshot_values (__main__.ConnectingRodCadF44Tests) ... ok
test_validator_rejects_each_reviewed_fail_open_mutation (__main__.ConnectingRodCadF44Tests) ... ok
test_validator_rejects_measured_or_manufacturing_claims_in_comment_and_notes (__main__.ConnectingRodCadF44Tests) ... ok
test_validator_rejects_open_gate_or_filled_unknown (__main__.ConnectingRodCadF44Tests) ... ok
test_validator_rejects_silent_pair_enablement_or_dimension_change (__main__.ConnectingRodCadF44Tests) ... ok

----------------------------------------------------------------------
Ran 26 tests in 0.538s

OK
python3 twins/reference-917-engine/source/build_valvetrain_material_screen_f45.py --project-root . --check
{"image": "/Users/maxime/.codex/worktrees/fan-aerodynamics/3dprinting993/twins/reference-917-engine/evidence/f45-valvetrain/valvetrain-material-screen-f45.png", "report": "/Users/maxime/.codex/worktrees/fan-aerodynamics/3dprinting993/twins/reference-917-engine/valvetrain-material-screen-f45.json", "status": "ok"}
python3 tests/test_917_valvetrain_material_screen_f45.py -v
test_checked_image_is_full_hd_plan_view (__main__.ValvetrainMaterialScreenF45Tests) ... ok
test_circular_bore_packing_has_positive_gaps (__main__.ValvetrainMaterialScreenF45Tests) ... ok
test_curtain_throat_kinematics_and_frequency_are_explicit (__main__.ValvetrainMaterialScreenF45Tests) ... ok
test_no_global_ovalization_or_synthetic_head_body (__main__.ValvetrainMaterialScreenF45Tests) ... ok
test_no_head_material_has_a_complete_hot_card (__main__.ValvetrainMaterialScreenF45Tests) ... ok
test_report_is_reproducible_and_fail_closed (__main__.ValvetrainMaterialScreenF45Tests) ... ok
test_routes_are_purchased_for_valves_springs_seats_and_guides (__main__.ValvetrainMaterialScreenF45Tests) ... ok
test_spring_math_has_wahl_bind_load_and_margin (__main__.ValvetrainMaterialScreenF45Tests) ... ok
test_type_912_values_are_never_relabelled_as_917_30 (__main__.ValvetrainMaterialScreenF45Tests) ... ok

----------------------------------------------------------------------
Ran 9 tests in 0.001s

OK
python3 tests/test_917_f43_scan_contour_patch_rebuild.py -v
test_all_reproduction_sources_exist (__main__.F43ScanContourPatchTests) ... ok
test_builder_has_no_global_envelope_primitive (__main__.F43ScanContourPatchTests) ... ok
test_exact_brep_passes_but_quality_and_scope_fail_closed (__main__.F43ScanContourPatchTests) ... ok
test_images_are_bound_to_report (__main__.F43ScanContourPatchTests) ... ok
test_publication_contains_no_private_geometry (__main__.F43ScanContourPatchTests) ... ok
test_two_and_four_valve_variants_must_share_external_skin (__main__.F43ScanContourPatchTests) ... ok

----------------------------------------------------------------------
Ran 6 tests in 0.003s

OK
python3 twins/reference-917-engine/source/run_cantera_2v_4v_crank_cycle_f46.py --project-root . --check
F46 Cantera crank-cycle evidence: OK
python3 tests/test_917_cantera_2v_4v_crank_cycle_f46.py -v
test_comparisons_cover_step_cd_architecture_and_independent_combustion (__main__.CanteraCrankCycleF46Tests) ... ok
test_contract_is_hashed_comparable_and_fail_closed (__main__.CanteraCrankCycleF46Tests) ... ok
test_each_case_has_finite_outputs_balances_and_raw_trace (__main__.CanteraCrankCycleF46Tests) ... ok
test_exact_36_case_matrix_three_steps_and_cd_bracket (__main__.CanteraCrankCycleF46Tests) ... ok
test_manifest_and_vector_graph_are_bound (__main__.CanteraCrankCycleF46Tests) ... ok
test_quality_is_numerical_only_and_physical_gates_stay_closed (__main__.CanteraCrankCycleF46Tests) ... ok
test_slider_crank_has_exact_dead_centres_and_positive_volume (__main__.CanteraCrankCycleF46Tests) ... ok
test_valve_law_orifice_and_wiebe_equations (__main__.CanteraCrankCycleF46Tests) ... ok

----------------------------------------------------------------------
Ran 8 tests in 0.009s

OK
python3 twins/reference-917-engine/source/validate_engine_solver_authority_f46.py --project-root .
{
  "errors": [],
  "phase": "F46",
  "status": "passed"
}
python3 tests/test_917_engine_solver_authority_f46.py -v
test_source_revisions_and_cantera_are_locked (__main__.EngineSolverAuthorityF46Tests) ... ok
test_tracked_contract_passes (__main__.EngineSolverAuthorityF46Tests) ... ok
test_two_variants_are_comparable_and_all_gates_closed (__main__.EngineSolverAuthorityF46Tests) ... ok
test_unproved_ICEEngineFoam_name_cannot_be_promoted (__main__.EngineSolverAuthorityF46Tests) ... ok

----------------------------------------------------------------------
Ran 4 tests in 0.000s

OK
python3 twins/reference-917-engine/source/validate_engine_solver_authority_f46.py --project-root .
{
  "errors": [],
  "phase": "F46",
  "status": "passed"
}
python3 tests/test_917_engine_solver_authority_f46.py -v
test_source_revisions_and_cantera_are_locked (__main__.EngineSolverAuthorityF46Tests) ... ok
test_tracked_contract_passes (__main__.EngineSolverAuthorityF46Tests) ... ok
test_two_variants_are_comparable_and_all_gates_closed (__main__.EngineSolverAuthorityF46Tests) ... ok
test_unproved_ICEEngineFoam_name_cannot_be_promoted (__main__.EngineSolverAuthorityF46Tests) ... ok

----------------------------------------------------------------------
Ran 4 tests in 0.000s

OK
python3 deploy/vast/f46/_f46_controller.py --contract twins/reference-917-engine/f46-vast-cfd-cae-controller.json --jobs twins/reference-917-engine/f46-vast-job-manifest.json --root . check
F46 Vast controller contract OK; live launch gates remain closed
python3 deploy/vast/f46/_f46_controller.py --contract twins/reference-917-engine/f46-vast-cfd-cae-controller.json --jobs twins/reference-917-engine/f46-vast-job-manifest.json --root . preparation-report --check-report twins/reference-917-engine/evidence/f46-vast-controller-20260925/preparation-report.json
F46 preparation report OK: twins/reference-917-engine/evidence/f46-vast-controller-20260925/preparation-report.json
python3 tests/test_917_f46_vast_controller.py -v
test_conservative_cost_uses_larger_of_elapsed_and_provider_charge (__main__.F46ControllerTests) ... ok
test_contract_is_23_usd_fail_closed_and_jobs_are_complete (__main__.F46ControllerTests) ... ok
test_current_cli_check_is_read_only (__main__.F46ControllerTests) ... ok
test_finalize_requires_destroy_and_empty_complete_inventory (__main__.F46ControllerTests) ... ok
test_forbidden_geometry_names_and_revision_aliases_fail_closed (__main__.F46ControllerTests) ... ok
test_image_tag_arm64_or_missing_smoke_is_rejected (__main__.F46ControllerTests) ... ok
test_preparation_report_is_offline_and_hash_bound (__main__.F46ControllerTests) ... ok
test_runtime_smokes_are_authority_named_and_historical_is_conditional (__main__.F46ControllerTests) ... ok
test_shell_arms_cleanup_before_launch_and_has_two_ttls (__main__.F46ControllerTests) ... ok
test_solver_authority_replaces_unproved_executable_alias (__main__.F46ControllerTests) ... ok
test_stale_offer_nonempty_inventory_and_exhausted_ledger_are_rejected (__main__.F46ControllerTests) ... ok
test_synthetic_fixture_is_rejected_without_explicit_test_flag (__main__.F46ControllerTests) ... ok
test_synthetic_plan_exercises_selection_deadlines_and_budget_but_never_launches (__main__.F46ControllerTests) ... ok
test_existing_heavy_offer_listing_is_not_regressed (__main__.F46WrapperTests) ... ok
test_f46_launch_rolls_back_if_postconditions_fail (__main__.F46WrapperTests) ... OpenBao Vast.ai F46 paid launch attempt label: 3dprinting993-f46-cfd-cae-cccccccccccccccccccc
ok
test_f46_launch_uses_unique_attempt_label_and_remote_deadline (__main__.F46WrapperTests) ... OpenBao Vast.ai F46 paid launch attempt label: 3dprinting993-f46-cfd-cae-dddddddddddddddddddd
ok
test_f46_offer_filter_is_exact_and_budgeted (__main__.F46WrapperTests) ... ok
test_f46_reconciliation_destroys_only_exact_attempt_and_digest (__main__.F46WrapperTests) ... ok
test_ghcr_f46_command_never_forwards_github_credential (__main__.F46WrapperTests) ... ok
test_ghcr_proof_binds_index_and_single_linux_amd64_manifest (__main__.F46WrapperTests) ... ok

----------------------------------------------------------------------
Ran 20 tests in 0.104s

OK
python3 twins/reference-917-engine/source/build_cae_load_transfer_f47.py --project-root . --check
F47 CAE load-transfer evidence: OK
python3 tests/test_917_cae_load_transfer_f47.py -v
test_cli_check_and_all_release_gates_fail_closed (__main__.CaeLoadTransferF47Tests) ... ok
test_envelopes_are_ordered_complete_and_keep_models_separate (__main__.CaeLoadTransferF47Tests) ... ok
test_exact_matrix_and_no_interpolation (__main__.CaeLoadTransferF47Tests) ... ok
test_geometry_policy_forbids_any_authored_shape (__main__.CaeLoadTransferF47Tests) ... ok
test_h_gas_equation_and_flux_closure_reproduce_F46 (__main__.CaeLoadTransferF47Tests) ... ok
test_png_svg_csv_and_manifest_are_complete_and_hash_locked (__main__.CaeLoadTransferF47Tests) ... ok
test_solver_mappings_are_names_only_and_cannot_claim_execution (__main__.CaeLoadTransferF47Tests) ... ok
test_upstream_contract_report_manifest_and_every_raw_trace_are_hash_bound (__main__.CaeLoadTransferF47Tests) ... ok
test_validator_rejects_open_gate_geometry_and_joint_envelope_claims (__main__.CaeLoadTransferF47Tests) ... ok

----------------------------------------------------------------------
Ran 9 tests in 0.501s

OK
python3 tests/test_917_f47_internal_brep_variants.py -v
test_authority_and_same_locked_outer_skin (__main__.F47InternalBRepEvidenceTest) ... ok
test_builder_has_no_forbidden_global_primitive_call (__main__.F47InternalBRepEvidenceTest) ... ok
test_component_counts_and_separate_domains (__main__.F47InternalBRepEvidenceTest) ... ok
test_fail_closed_when_BOP_Gmsh_and_thickness_fail (__main__.F47InternalBRepEvidenceTest) ... ok
test_nominal_ligaments_are_recomputed_but_not_called_wall_proof (__main__.F47InternalBRepEvidenceTest) ... ok
test_public_hashes_and_no_private_geometry (__main__.F47InternalBRepEvidenceTest) ... ok

----------------------------------------------------------------------
Ran 6 tests in 0.004s

OK
python3 tests/test_917_f47_cfd_cae_image.py -v
test_build_context_is_a_public_allowlist (__main__.F47CfdCaeImageTests) ... ok
test_contract_is_bound_to_current_solver_authority_and_stays_closed (__main__.F47CfdCaeImageTests) ... ok
test_dockerfile_is_amd64_pinned_and_contains_the_exact_stack (__main__.F47CfdCaeImageTests) ... ok
test_runner_and_watchdog_are_bounded_and_non_root (__main__.F47CfdCaeImageTests) ... ok
test_smokes_are_real_and_release_claims_are_false (__main__.F47CfdCaeImageTests) ... ok
test_sources_parse_without_executing_external_actions (__main__.F47CfdCaeImageTests) ... ok
test_workflow_publishes_only_a_candidate_and_keeps_gpu_gate_closed (__main__.F47CfdCaeImageTests) ... ok

----------------------------------------------------------------------
Ran 7 tests in 0.046s

OK
python3 tests/test_917_f48_cfd_domains.py -v
test_geometry_source_is_native_circular_and_has_no_scan_import (__main__.F48CFDDomainsTest) ... ok
test_named_gas_patches_are_complete_and_nonempty (__main__.F48CFDDomainsTest) ... ok
test_oil_is_separate_open_lubrication_domain_not_coolant (__main__.F48CFDDomainsTest) ... ok
test_only_CFD_geometry_mesh_gate_is_open (__main__.F48CFDDomainsTest) ... ok
test_publication_hashes_and_no_geometry_leak (__main__.F48CFDDomainsTest) ... ok
test_three_comparable_meshes_per_variant_pass_quality (__main__.F48CFDDomainsTest) ... ok

----------------------------------------------------------------------
Ran 6 tests in 0.006s

OK
python3 twins/reference-917-engine/source/publish_mesh_diagnostic_f48.py --project-root . --check
F48 private STEP mesh diagnostic evidence: OK
python3 tests/test_917_mesh_diagnostic_f48.py -v
test_cli_check_and_fail_closed_verdict (__main__.MeshDiagnosticF48Tests) ... ok
test_exact_occt_counts_localize_gas_not_oil (__main__.MeshDiagnosticF48Tests) ... ok
test_external_skin_and_shape_policy_is_absolute (__main__.MeshDiagnosticF48Tests) ... ok
test_gmsh_failure_classes_are_not_promoted_to_meshes (__main__.MeshDiagnosticF48Tests) ... ok
test_manifest_hashes_and_reproducibility (__main__.MeshDiagnosticF48Tests) ... ok
test_private_coordinates_and_geometry_are_absent (__main__.MeshDiagnosticF48Tests) ... ok
test_private_diagnostic_script_refuses_repository_output (__main__.MeshDiagnosticF48Tests) ... ok
test_public_entity_refs_are_opaque_unique_and_complete (__main__.MeshDiagnosticF48Tests) ... ok
test_validator_rejects_geometry_or_release_claims (__main__.MeshDiagnosticF48Tests) ... ok

----------------------------------------------------------------------
Ran 9 tests in 0.082s

OK
python3 twins/reference-917-engine/source/build_material_lpbf_qualification_f49.py --project-root . --check
F49 material/LPBF qualification evidence: OK
python3 tests/test_917_material_lpbf_qualification_f49.py -v
test_CT_NDT_and_pressure_acceptance_are_not_invented (__main__.MaterialLpbfQualificationF49Tests) ... ok
test_additivefoam_and_thermomechanical_contracts_fail_closed (__main__.MaterialLpbfQualificationF49Tests) ... ok
test_cli_check_and_generator_are_deterministic (__main__.MaterialLpbfQualificationF49Tests) ... ok
test_coupon_plan_reaches_300C_but_has_no_invented_acceptance_curve (__main__.MaterialLpbfQualificationF49Tests) ... ok
test_csv_and_manifest_are_complete_and_hash_locked (__main__.MaterialLpbfQualificationF49Tests) ... ok
test_no_geometry_or_release_claim_and_all_gates_closed (__main__.MaterialLpbfQualificationF49Tests) ... ok
test_required_material_families_are_compared_without_false_selection (__main__.MaterialLpbfQualificationF49Tests) ... ok
test_sapphire_bare_envelope_math_does_not_claim_final_fit (__main__.MaterialLpbfQualificationF49Tests) ... ok
test_support_allowance_and_heat_treatment_plan_remain_hypotheses (__main__.MaterialLpbfQualificationF49Tests) ... ok
test_upstream_and_primary_sources_are_hash_bound (__main__.MaterialLpbfQualificationF49Tests) ... ok

----------------------------------------------------------------------
Ran 10 tests in 0.085s

OK
python3 tests/test_917_f49_omniverse_simready.py -v
test_atomic_stage_order_matches_nvidia_skill (__main__.OmniverseSimreadyF49Tests) ... ok
test_contract_is_fail_closed_and_binds_future_pair (__main__.OmniverseSimreadyF49Tests) ... ok
test_f43_skin_and_current_gallery_are_byte_locked (__main__.OmniverseSimreadyF49Tests) ... ok
test_gate_can_pass_only_with_complete_pair_and_receipts (__main__.OmniverseSimreadyF49Tests) ... ok
test_prompts_are_hash_locked_and_forbid_geometry_or_physics_invention (__main__.OmniverseSimreadyF49Tests) ... ok
test_public_runtime_scope_is_exact_and_does_not_claim_gpu (__main__.OmniverseSimreadyF49Tests) ... ok
test_template_is_rejected_before_any_nvidia_stage (__main__.OmniverseSimreadyF49Tests) ... ok

----------------------------------------------------------------------
Ran 7 tests in 0.085s

OK
python3 twins/reference-917-engine/source/publish_internal_solid_repair_f49.py --project-root . --check
F49 internal solid repair evidence: OK (fail-closed)
python3 tests/test_917_f49_internal_solid_repair.py -v
test_anti_ellipse_and_no_geometry_generation (__main__.F49InternalSolidRepairTest) ... ok
test_authority_and_outer_skin_are_locked (__main__.F49InternalSolidRepairTest) ... ok
test_no_private_geometry_or_coordinates_are_published (__main__.F49InternalSolidRepairTest) ... ok
test_oil_stays_separate_and_not_a_coolant_jacket (__main__.F49InternalSolidRepairTest) ... ok
test_publication_hashes_and_images (__main__.F49InternalSolidRepairTest) ... ok
test_publication_is_reproducible (__main__.F49InternalSolidRepairTest) ... ok
test_roundtrip_failures_are_not_promoted (__main__.F49InternalSolidRepairTest) ... ok
test_wall_and_release_gates_remain_closed (__main__.F49InternalSolidRepairTest) ... ok

----------------------------------------------------------------------
Ran 8 tests in 0.083s

OK
python3 tests/test_917_f49_cfd_cht.py -v
test_4V_coarse_volume_difference_is_explained_not_repaired (__main__.F49CFDCHTTest) ... ok
test_AATE_CHT_and_release_claims_remain_closed (__main__.F49CFDCHTTest) ... ok
test_authority_hashes_are_current (__main__.F49CFDCHTTest) ... ok
test_corrective_coarse_audits_wall_functions_and_energy_signs (__main__.F49CFDCHTTest) ... ok
test_corrective_contract_keeps_physics_and_geometry_unchanged (__main__.F49CFDCHTTest) ... ok
test_corrective_runner_fails_if_openfoam_environment_is_not_sourced (__main__.F49CFDCHTTest) ... ok
test_independent_analytic_method_is_only_an_upper_bound (__main__.F49CFDCHTTest) ... ok
test_no_geometry_or_external_skin_mutation (__main__.F49CFDCHTTest) ... ok
test_openfoam_execution_is_real_but_fail_closed (__main__.F49CFDCHTTest) ... ok
test_optional_Vast_budget_is_bounded_and_not_launched (__main__.F49CFDCHTTest) ... ok
test_publication_hashes_and_no_raw_solver_artifacts (__main__.F49CFDCHTTest) ... ok
test_runtime_policy_disables_residual_only_early_stop (__main__.F49CFDCHTTest) ... ok
test_same_BC_and_three_prepared_grids_for_2V_4V (__main__.F49CFDCHTTest) ... ok

----------------------------------------------------------------------
Ran 13 tests in 0.016s

OK
python3 twins/reference-917-engine/source/run_f50_thermomechanical_screen.py verify --root . --contract twins/reference-917-engine/thermomechanical-screen-f50.json --evidence twins/reference-917-engine/evidence/f50-thermomechanical
{"manifest_entries": 4, "release_gates_closed": true, "skin_untouched": true, "status": "local_witness_numerically_converged_engineering_screen_failed_release_blocked"}
python3 tests/test_917_f50_thermomechanical_screen.py -v
test_canonical_verifier_passes (__main__.F50ThermomechanicalScreenTests) ... ok
test_convergence_passes_but_engineering_screen_stays_red (__main__.F50ThermomechanicalScreenTests) ... ok
test_finest_values_and_fatigue_proxy_remain_bounded (__main__.F50ThermomechanicalScreenTests) ... ok
test_no_external_shape_or_scale_was_created (__main__.F50ThermomechanicalScreenTests) ... ok
test_public_manifest_images_and_no_private_geometry (__main__.F50ThermomechanicalScreenTests) ... ok
test_release_and_hot_material_gates_are_closed (__main__.F50ThermomechanicalScreenTests) ... ok
test_six_real_mesh_cases_and_fields_are_reported (__main__.F50ThermomechanicalScreenTests) ... ok
test_upstream_hashes_and_complete_traces_are_locked (__main__.F50ThermomechanicalScreenTests) ... ok

----------------------------------------------------------------------
Ran 8 tests in 0.128s

OK
python3 tests/test_917_f50_native_brep_mesh.py -v
test_all_release_gates_remain_closed (__main__.NativeBrepMeshF50Tests) ... ok
test_evidence_is_public_metrics_only (__main__.NativeBrepMeshF50Tests) ... ok
test_gmsh_profiles_fail_strict_quality_gate (__main__.NativeBrepMeshF50Tests) ... ok
test_no_global_oval_or_skin_deformation (__main__.NativeBrepMeshF50Tests) ... ok
test_rejected_strategies_are_not_promoted (__main__.NativeBrepMeshF50Tests) ... ok
test_reproducible_sources_are_present (__main__.NativeBrepMeshF50Tests) ... ok
test_step_interoperability_remains_rejected (__main__.NativeBrepMeshF50Tests) ... ok
test_tessellations_are_closed_and_volume_bounded (__main__.NativeBrepMeshF50Tests) ... ok
test_tetgen_is_independent_but_not_strictly_accepted (__main__.NativeBrepMeshF50Tests) ... ok
test_two_native_masters_pass_exact_roundtrip (__main__.NativeBrepMeshF50Tests) ... ok

----------------------------------------------------------------------
Ran 10 tests in 0.001s

OK
python3 tests/test_917_f50_additive_print.py -v
test_additivefoam_campaign_is_local_hash_linked_and_not_full_head (__main__.F50AdditivePrintTests) ... ok
test_every_physical_release_gate_remains_red (__main__.F50AdditivePrintTests) ... ok
test_full_piece_actual_slicing_has_all_50um_layers (__main__.F50AdditivePrintTests) ... ok
test_machine_and_geometry_screens_are_explicitly_limited (__main__.F50AdditivePrintTests) ... ok
test_no_oval_proxy_skin_change_or_anisotropic_scale (__main__.F50AdditivePrintTests) ... ok
test_no_private_paths_or_geometry_in_public_evidence (__main__.F50AdditivePrintTests) ... ok
test_private_native_masters_are_hash_locked_without_public_geometry (__main__.F50AdditivePrintTests) ... ok
test_public_manifest_hashes_and_formats (__main__.F50AdditivePrintTests) ... ok

----------------------------------------------------------------------
Ran 8 tests in 0.018s

OK
python3 tests/test_917_f51_native_brep_usd_validation.py -v
test_four_valve_winding_fix_changes_only_indices (__main__.NativeBrepUsdF51Tests) ... ok
test_no_scale_deformation_proxy_or_oval (__main__.NativeBrepUsdF51Tests) ... ok
test_nvidia_diagnostics_pass_but_formal_profile_is_blocked (__main__.NativeBrepUsdF51Tests) ... ok
test_public_evidence_contains_no_private_geometry_or_coordinates (__main__.NativeBrepUsdF51Tests) ... ok
test_release_gates_stay_closed (__main__.NativeBrepUsdF51Tests) ... ok
test_reproducible_sources_are_present (__main__.NativeBrepUsdF51Tests) ... ok
test_surface_and_usd_roundtrip_are_closed_and_scan_locked (__main__.NativeBrepUsdF51Tests) ... ok
test_two_variants_are_hash_linked_to_f50 (__main__.NativeBrepUsdF51Tests) ... ok
test_workflow_is_validation_only_without_step_or_content_agents (__main__.NativeBrepUsdF51Tests) ... ok

----------------------------------------------------------------------
Ran 9 tests in 0.001s

OK
python3 twins/reference-917-engine/source/validate_physicsnemo_readiness_f52.py --project-root .
{
  "accepted_training_samples": 0,
  "artifact_results": [
    {
      "id": "f14_dataset_contract",
      "status": "HASH_VERIFIED"
    },
    {
      "id": "f46_cantera_boundary_loads",
      "status": "HASH_VERIFIED"
    },
    {
      "id": "f49_compressible_CFD_CHT",
      "status": "HASH_VERIFIED"
    },
    {
      "id": "f50_steady_incompressible_CFD_recovery",
      "status": "HASH_VERIFIED"
    },
    {
      "id": "f50_thermomechanical_screen",
      "status": "HASH_VERIFIED"
    },
    {
      "id": "f50_native_BREP_mesh",
      "status": "HASH_VERIFIED"
    },
    {
      "id": "f50_additive_print",
      "status": "HASH_VERIFIED"
    },
    {
      "id": "f51_native_OpenUSD",
      "status": "HASH_VERIFIED"
    }
  ],
  "engine_start_authorized": false,
  "errors": [],
  "f50_CFD_recovery": {
    "accepted_training_samples": 0,
    "all_energy_gates_passed": false,
    "all_flow_gates_passed": false,
    "case_validation_gate_pass_cases": 0,
    "conjugate_CHT_executed": false,
    "declared_cases": 12,
    "energy_equation_solved": false,
    "energy_gate_applicable_cases": 0,
    "energy_gate_pass_cases": 0,
    "executed_cases_with_solver_receipt": 12,
    "flow_numerical_gate_fail_cases": 5,
    "flow_numerical_gate_pass_cases": 7,
    "source_schema": "porsche-917-f50-cfd-recovery-public/v1",
    "source_status": "CFD_RECOVERY_FAIL_CLOSED",
    "training_blocker": "energy_and_CHT_are_required_by_the_DoMINO_lane_but_absent",
    "validation_claim": false
  },
  "fail_closed": true,
  "manufacturing_authorized": false,
  "physicsnemo_execution": "IMPORT_SMOKE_ONLY_NOT_MODEL_EXECUTION",
  "schema": "porsche-917-physicsnemo-readiness-f52-validation/v1",
  "status": "PASS",
  "training_authorized": false
}
python3 tests/test_917_physicsnemo_readiness_f52.py -v
test_UQ_OOD_and_runtime_abstention_are_strict (__main__.PhysicsNeMoReadinessF52Tests) ... ok
test_artifacts_are_hashed_and_none_is_a_training_sample (__main__.PhysicsNeMoReadinessF52Tests) ... ok
test_every_authorization_gate_is_false (__main__.PhysicsNeMoReadinessF52Tests) ... ok
test_f50_physics_false_positives_are_rejected (__main__.PhysicsNeMoReadinessF52Tests) ... ok
test_f50_schema_and_counts_are_recomputed_from_cases (__main__.PhysicsNeMoReadinessF52Tests) ... ok
test_f50_schema_and_execution_false_positives_are_rejected (__main__.PhysicsNeMoReadinessF52Tests) ... ok
test_grouped_split_prevents_leakage (__main__.PhysicsNeMoReadinessF52Tests) ... ok
test_image_is_pinned_but_smoke_is_import_only (__main__.PhysicsNeMoReadinessF52Tests) ... ok
test_lanes_are_separated_and_not_ready (__main__.PhysicsNeMoReadinessF52Tests) ... ok
test_public_evidence_has_no_geometry_dataset_or_weights (__main__.PhysicsNeMoReadinessF52Tests) ... ok
test_validator_detects_false_training_claim (__main__.PhysicsNeMoReadinessF52Tests) ... ok
test_validator_passes_while_releases_stay_closed (__main__.PhysicsNeMoReadinessF52Tests) ... ok

----------------------------------------------------------------------
Ran 12 tests in 0.010s

OK
python3 scripts/generate_cold_side_case.py --check
OK   simulation/993-k16-cold-side-baseline/parameters.json and simulation/993-k16-cold-side-baseline/system/blockMeshDict
python3 scripts/generate_turbo_variants.py --check
OK   simulation/993-turbo-variants/variants.json (validated 3 variants)
python3 scripts/model_turbo_dyno_0d.py --check
OK   simulation/993-turbo-dyno/dyno-reference.json (validated 6 dyno references)
/Library/Developer/CommandLineTools/usr/bin/make route-trim-ring ROUTE_CHECK=--check
python3 scripts/build_process_route_card.py \
	  --catalog-part catalog/parts/993-int-switch-trim-ring-f1-0001.json \
	  --geometry-report twins/993-switch-trim-ring-f1/evidence/lpbf-f1/993-int-switch-trim-ring-f1-0001-lpbf-geometry-report.json \
	  --machine-card catalog/manufacturing/machines/eos-m290.json \
	  --process-card catalog/manufacturing/processes/eos-m290-alsi10mg-30um.json \
	  --master parts/993-int-switch-trim-ring-f1-0001/derived/switch_trim_ring_f1.step \
	  --surface parts/993-int-switch-trim-ring-f1-0001/derived/switch_trim_ring_f1.stl \
	  --part-screen parts/993-int-switch-trim-ring-f1-0001/evidence/geometry-screen.json \
	  --output twins/993-switch-trim-ring-f1/evidence/route-f1 --check
route a jour: 993-INT-SWITCH-TRIM-RING-F1-0001 status=blocked_missing_input
/Library/Developer/CommandLineTools/usr/bin/make turning-trim-ring ROUTE_CHECK=--check
python3 scripts/build_turning_route_card.py \
	  --catalog-part catalog/parts/993-int-switch-trim-ring-f1-0001.json \
	  --part-screen parts/993-int-switch-trim-ring-f1-0001/evidence/geometry-screen.json \
	  --process-card catalog/manufacturing/processes/cnc-turning-6063-t6-bright-anodised.json \
	  --master parts/993-int-switch-trim-ring-f1-0001/derived/switch_trim_ring_f1.step \
	  --output twins/993-switch-trim-ring-f1/evidence/turning-f1 --check
route tournage a jour: 993-INT-SWITCH-TRIM-RING-F1-0001 status=blocked_missing_input
/Library/Developer/CommandLineTools/usr/bin/make titanium-screen ROUTE_CHECK=--check
python3 scripts/screen_titanium_candidates.py \
	  --output twins/993-exhaust-tip-ti-f0/evidence/selection/titanium-candidate-screen.json --check
criblage titane a jour: 993-EXH-OVAL-TIP-TI-F1-0001
/Library/Developer/CommandLineTools/usr/bin/make tip-routes ROUTE_CHECK=--check
python3 scripts/build_process_route_card.py \
	  --catalog-part catalog/parts/993-exh-oval-tip-ti-f1-0001.json \
	  --geometry-report twins/993-exhaust-tip-ti-f0/evidence/lpbf-f1/993-exh-oval-tip-ti-f1-0001-lpbf-geometry-report.json \
	  --machine-card catalog/manufacturing/machines/eos-m290.json \
	  --process-card catalog/manufacturing/processes/eos-m290-ti64-30um.json \
	  --master parts/993-exh-oval-tip-ti-f1-0001/derived/oval_exhaust_tip_ti_f1.step \
	  --surface parts/993-exh-oval-tip-ti-f1-0001/derived/oval_exhaust_tip_ti_f1.stl \
	  --part-screen parts/993-exh-oval-tip-ti-f1-0001/evidence/engineering-screen-ti64.json \
	  --output twins/993-exhaust-tip-ti-f0/evidence/route-ti64 --check
route a jour: 993-EXH-OVAL-TIP-TI-F1-0001 status=blocked_missing_input
python3 scripts/build_process_route_card.py \
	  --catalog-part catalog/parts/993-exh-oval-tip-ti-f1-0001.json \
	  --geometry-report twins/993-exhaust-tip-ti-f0/evidence/lpbf-f1/993-exh-oval-tip-ti-f1-0001-lpbf-geometry-report.json \
	  --machine-card catalog/manufacturing/machines/eos-m290.json \
	  --process-card catalog/manufacturing/processes/lpbf-ti6242-research-route.json \
	  --master parts/993-exh-oval-tip-ti-f1-0001/derived/oval_exhaust_tip_ti_f1.step \
	  --surface parts/993-exh-oval-tip-ti-f1-0001/derived/oval_exhaust_tip_ti_f1.stl \
	  --part-screen parts/993-exh-oval-tip-ti-f1-0001/evidence/engineering-screen-ti6242.json \
	  --output twins/993-exhaust-tip-ti-f0/evidence/route-ti6242 --check
route a jour: 993-EXH-OVAL-TIP-TI-F1-0001 status=blocked_missing_input
/Library/Developer/CommandLineTools/usr/bin/make pet-zone-triage ROUTE_CHECK=--check
python3 scripts/screen_pet_zones_for_titanium.py \
	  --output twins/993-exhaust-tip-ti-f0/evidence/selection/pet-zone-titanium-triage.json --check
triage de zones a jour: 23 zones retenues
/Library/Developer/CommandLineTools/usr/bin/make pet-verdict ROUTE_CHECK=--check
python3 scripts/screen_pet_candidates.py \
	  --output twins/993-exhaust-tip-ti-f0/evidence/selection/pet-candidate-verdict.json --check
verdict a jour: 9 fiches a ouvrir
/Library/Developer/CommandLineTools/usr/bin/make route-lever-hook ROUTE_CHECK=--check
python3 scripts/build_process_route_card.py \
	  --catalog-part catalog/parts/993-int-door-opener-lever-f0-0001.json \
	  --geometry-report twins/993-door-opener-lever-alsi10mg-f0/evidence/lpbf-f0/993-int-door-opener-lever-f0-0001-lpbf-geometry-report.json \
	  --machine-card catalog/manufacturing/machines/eos-m290.json \
	  --process-card catalog/manufacturing/processes/eos-m290-alsi10mg-30um.json \
	  --master parts/993-int-door-opener-lever-f0-0001/derived/door_opener_lever_f0.step \
	  --surface parts/993-int-door-opener-lever-f0-0001/derived/door_opener_lever_f0.stl \
	  --part-screen parts/993-int-door-opener-lever-f0-0001/evidence/engineering-screen.json \
	  --output twins/993-door-opener-lever-alsi10mg-f0/evidence/route-f0 --check
route a jour: 993-INT-DOOR-OPENER-LEVER-F0-0001 status=blocked_missing_input
python3 scripts/build_process_route_card.py \
	  --catalog-part catalog/parts/993-elec-headlamp-spring-hook-f0-0001.json \
	  --geometry-report twins/993-headlamp-spring-hook-alsi10mg-f0/evidence/lpbf-f0/993-elec-headlamp-spring-hook-f0-0001-lpbf-geometry-report.json \
	  --machine-card catalog/manufacturing/machines/eos-m290.json \
	  --process-card catalog/manufacturing/processes/eos-m290-alsi10mg-30um.json \
	  --master parts/993-elec-headlamp-spring-hook-f0-0001/derived/headlamp_spring_hook_f0.step \
	  --surface parts/993-elec-headlamp-spring-hook-f0-0001/derived/headlamp_spring_hook_f0.stl \
	  --part-screen parts/993-elec-headlamp-spring-hook-f0-0001/evidence/engineering-screen.json \
	  --output twins/993-headlamp-spring-hook-alsi10mg-f0/evidence/route-f0 --check
route a jour: 993-ELEC-HEADLAMP-SPRING-HOOK-F0-0001 status=blocked_missing_input
python3 scripts/render_print_screen_sections.py --status docs/993/print-screen-status.json --check
python3 scripts/render_parts_table.py --check
OK   README.md, parts table matches the catalogue records
python3 scripts/render_part_pages.py --check
OK   docs/pieces and parts/*/README.md, 34 + 34 pages match the catalogue records
python3 scripts/render_reports_index.py --check
OK   docs/reports/README.md matches the reports
python3 scripts/check_doc_links.py --strict

0 broken link(s) in 568 Markdown files
python3 scripts/render_part_previews.py --check
OK   parts/*/media, every part with CAD has a preview made from its current CAD
OK   Makefile, 67 active targets annotated, no orphans
