layer_index,z_mm,part_area_mm2,part_perimeter_mm,part_component_count,new_island_count,unsupported_area_mm2,support_area_mm2,support_perimeter_mm
0,0.025,10.20494989,12.86636566,1,0,0.0,5473.5,1773.0
1,0.075,20.52986846,20.39466879,1,0,9.67375983,5462.5,1773.0
2,0.125,29.6749958,25.600833,1,0,8.11755608,5454.0,1774.0
3,0.175,38.53258454,30.70131016,1,0,7.57673394,5442.75,1758.0
4,0.225,45.04520053,33.78126295,1,0,5.11222898,5434.5,1744.0
5,0.275,49.88808305,35.94552936,1,0,3.74189516,5428.5,1737.0
6,0.325,53.76253118,37.64956528,1,0,2.96116124,5425.25,1735.0
7,0.375,56.51112531,38.83361754,1,0,1.8366675,5422.25,1737.0
8,0.425,59.1962237,40.01452024,1,0,1.78371568,5420.25,1739.0
9,0.475,61.87536201,41.19542294,1,0,1.76764165,5418.0,1740.0
10,0.525,64.54563613,42.3721701,1,0,1.76181155,5416.5,1741.0
11,0.575,67.01711278,43.44622351,1,0,1.57264601,5414.0,1742.0
12,0.625,69.50791773,44.51661511,1,0,1.65034382,5412.25,1742.0
13,0.675,72.0371401,45.59535977,1,0,1.73817031,5410.0,1744.0
14,0.725,74.66011113,47.55184126,2,1,1.84770818,5407.0,1745.0
15,0.775,78.01192567,51.68605257,2,0,2.55729912,5401.75,1745.0
16,0.825,82.31116621,55.8252574,2,0,3.35526584,5395.5,1737.0
17,0.875,86.97876156,59.38068141,2,0,3.61023869,5391.25,1732.0
18,0.925,91.25935872,62.42003663,2,0,3.31492478,5386.5,1724.0
19,0.975,94.70939107,63.62118537,2,0,2.50670723,5383.25,1721.0
20,1.025,97.60240078,64.80975488,2,0,2.02184644,5380.0,1723.0
21,1.075,100.4641964,66.35220872,2,0,1.97878632,5376.75,1725.0
22,1.125,103.39598509,67.909093,2,0,2.01232171,5374.75,1726.0
23,1.175,106.46414691,69.48896027,2,0,2.10687917,5372.75,1728.0
24,1.225,109.68703248,71.07097072,2,0,2.21798921,5369.25,1729.0
25,1.275,112.9930694,72.75202329,2,0,2.30319803,5365.5,1729.0
26,1.325,116.34375684,74.42873904,2,0,2.38192971,5364.0,1728.0
27,1.375,119.74988897,76.17346172,2,0,2.48144029,5358.25,1724.0
28,1.425,123.27002421,78.02997275,2,0,2.58199744,5354.0,1724.0
29,1.475,126.83839377,79.94485908,2,0,2.64429588,5351.75,1716.0
30,1.525,130.3304699,81.92706276,2,0,2.60687012,5346.5,1713.0
31,1.575,133.75139356,84.32714792,2,0,2.53255761,5342.0,1713.0
32,1.625,136.80728833,85.40219736,2,0,2.15322351,5341.0,1710.0
33,1.675,139.19618925,86.29835941,2,0,1.53775915,5337.5,1710.0
34,1.725,141.58567285,87.51087888,2,0,1.53300753,5337.0,1710.0
35,1.775,144.11362028,88.72339835,2,0,1.63953605,5333.25,1711.0
36,1.825,146.77949952,89.93544459,2,0,1.74610866,5331.75,1714.0
37,1.875,149.57270494,91.17788626,2,0,1.84821973,5329.25,1715.0
38,1.925,152.43756456,92.5012968,2,0,1.92192539,5324.0,1710.0
39,1.975,155.31755718,93.86333133,2,0,1.97237988,5324.75,1711.0
40,2.025,158.21613712,95.24253499,2,0,2.02322852,5319.5,1710.0
41,2.075,161.16631725,96.65439695,2,0,2.06356198,5318.0,1702.0
42,2.125,164.158471,98.08580731,2,0,2.08926415,5313.25,1698.0
43,2.175,167.07258458,99.4241756,2,0,2.0147784,5312.25,1696.0
44,2.225,169.71705881,100.56838032,2,0,1.78314905,5307.75,1694.0
45,2.275,172.03918408,101.5214402,2,0,1.53210638,5307.75,1694.0
46,2.325,174.2686097,102.50437385,2,0,1.42462856,5303.75,1695.0
47,2.375,176.48073416,103.53897441,2,0,1.3904002,5302.25,1695.0
48,2.425,178.71578688,104.61143403,2,0,1.4085105,5299.0,1694.0
49,2.475,180.99011316,105.74623657,2,0,1.45407681,5298.75,1695.0
50,2.525,183.34106481,106.9384354,2,0,1.52363989,5294.75,1693.0
51,2.575,185.78346465,108.12990584,2,0,1.60548991,5294.0,1694.0
52,2.625,188.27835222,109.33727117,2,0,1.67888306,5290.0,1694.0
53,2.675,190.83136464,110.55329854,2,0,1.74838541,5289.25,1693.0
54,2.725,193.46936308,111.78242318,2,0,1.81353379,5283.75,1687.0
55,2.775,196.14791876,113.06827111,2,0,1.8326522,5283.75,1686.0
56,2.825,198.76920381,114.54558564,2,0,1.78223739,5278.25,1684.0
57,2.875,201.25400796,115.77891096,2,0,1.68555201,5278.25,1684.0
58,2.925,203.28200303,116.59679166,2,0,1.26340189,5274.5,1685.0
59,2.975,205.26205495,117.55353764,2,0,1.19407692,5274.0,1685.0
60,3.025,207.26605742,118.51296329,2,0,1.18965707,5270.0,1685.0
61,3.075,209.3105425,119.49070835,2,0,1.2007724,5269.75,1685.0
62,3.125,211.44750193,120.4794959,2,0,1.2833781,5269.5,1686.0
63,3.175,213.66561112,121.46805621,2,0,1.36450228,5265.0,1686.0
64,3.225,215.97341251,122.47192417,2,0,1.44491955,5264.75,1684.0
65,3.275,218.36905538,123.5211587,2,0,1.52150184,5260.5,1686.0
66,3.325,220.74386623,124.62346744,2,0,1.54106775,5260.75,1684.0
67,3.375,223.11003447,125.86713232,2,0,1.5471037,5256.75,1683.0
68,3.425,225.53172727,127.15405638,2,0,1.59074873,5255.5,1680.0
69,3.475,227.98324502,128.45333971,2,0,1.6103571,5254.0,1673.0
70,3.525,230.37903814,130.02818736,2,0,1.56254902,5248.75,1669.0
71,3.575,232.48135432,131.21353151,2,0,1.26356579,5248.75,1669.0
72,3.625,234.33497852,131.750293,2,0,1.05763587,5244.75,1671.0
73,3.675,236.09779906,132.28489737,2,0,1.02349759,5245.0,1671.0
74,3.725,237.86853579,132.92486102,2,0,1.04104846,5245.25,1671.0
75,3.775,239.74322567,133.67722682,2,0,1.13067892,5241.0,1672.0
76,3.825,241.74074525,134.42959261,2,0,1.23164035,5240.75,1670.0
77,3.875,243.84961547,135.22919051,2,0,1.3270518,5236.75,1670.0
78,3.925,245.97540977,136.11667045,2,0,1.36121884,5236.0,1669.0
79,3.975,248.0660148,137.04301023,2,0,1.3536089,5235.0,1665.0
80,4.025,250.13720182,138.00436662,2,0,1.34339094,5231.25,1667.0
81,4.075,252.21276772,138.98453441,2,0,1.3468266,5230.0,1661.0
82,4.125,254.19046661,139.93601351,2,0,1.26143386,5229.5,1662.0
83,4.175,255.98034985,140.69825001,2,0,1.10673999,5227.25,1662.0
84,4.225,257.68209427,141.5071034,2,0,1.00256244,5227.0,1661.0
85,4.275,259.41221994,142.37084046,2,0,0.99907162,5223.25,1663.0
86,4.325,261.17759992,143.23457751,2,0,0.99912898,5223.25,1662.0
87,4.375,262.97859945,144.10169561,2,0,0.99918634,5222.75,1664.0
88,4.425,264.86004185,144.99713134,2,0,1.04283211,5218.5,1664.0
89,4.475,266.87012002,145.89346172,2,0,1.13167253,5219.0,1663.0
90,4.525,268.97542344,146.85111029,2,0,1.2117449,5218.75,1664.0
91,4.575,271.03115947,147.84371705,2,0,1.24300978,5215.25,1664.0
92,4.625,273.06564749,148.84495062,2,0,1.24063089,5214.75,1657.0
93,4.675,275.09517735,149.85151828,2,0,1.24215498,5212.75,1655.0
94,4.725,277.13774393,150.86746345,2,0,1.25279345,5209.0,1652.0
95,4.775,279.1625074,151.87680873,2,0,1.23011025,5208.5,1650.0
96,4.825,281.04171345,152.63870278,2,0,1.12976304,5205.25,1649.0
97,4.875,282.7420164,153.27014967,2,0,0.98957064,5204.25,1649.0
98,4.925,284.34607389,153.78839176,2,0,0.90790332,5203.75,1649.0
99,4.975,285.88286958,154.31026012,2,0,0.85059358,5200.75,1649.0
100,5.025,287.43765907,154.98673849,2,0,0.8724206,5200.5,1649.0
101,5.075,289.08786975,155.66407902,2,0,0.95961125,5200.25,1649.0
102,5.125,290.83294155,156.37109784,2,0,1.0400717,5196.25,1650.0
103,5.175,292.60703907,157.17820688,2,0,1.0597506,5196.0,1650.0
104,5.225,294.36737735,157.99759845,2,0,1.06307691,5195.75,1649.0
105,5.275,296.13090095,158.85479179,2,0,1.07034628,5191.5,1650.0
106,5.325,297.92315523,159.74126617,2,0,1.08504394,5191.25,1649.0
107,5.375,299.75661867,160.661972,2,0,1.10287993,5190.0,1649.0
108,5.425,301.73383873,161.60384899,2,0,1.22906614,5186.0,1648.0
109,5.475,303.43767126,162.41005433,2,0,0.95226598,5185.25,1648.0
110,5.525,304.9894643,163.04953774,2,0,0.82401195,5184.5,1645.0
111,5.575,306.45927004,163.69677117,2,0,0.76006714,5182.25,1647.0
112,5.625,307.97686043,164.38154444,2,0,0.79898631,5181.0,1647.0
113,5.675,309.56824992,165.06631772,2,0,0.85252732,5180.75,1647.0
114,5.725,311.23343851,165.75109099,2,0,0.90606832,5180.25,1648.0
115,5.775,312.9724262,166.43586426,2,0,0.95960932,5177.5,1646.0
116,5.825,314.7490723,167.18665113,2,0,1.00621103,5178.0,1646.0
117,5.875,316.48349199,168.00764418,2,0,1.01045681,5176.5,1642.0
118,5.925,318.20062632,168.8296147,2,0,1.00717879,5173.0,1642.0
119,5.975,319.91120229,169.65016719,2,0,1.00388071,5172.25,1641.0
120,6.025,321.60582112,170.43238605,2,0,0.98984169,5173.25,1638.0
121,6.075,323.23883005,171.13540635,2,0,0.92324771,5169.0,1637.0
122,6.125,324.747976,171.76731244,2,0,0.81418271,5168.25,1635.0
123,6.175,326.17758361,172.45071699,2,0,0.71484624,5168.5,1635.0
124,6.225,327.65277702,173.15276186,2,0,0.74143748,5164.75,1636.0
125,6.275,329.17715778,173.85482604,2,0,0.77136035,5164.25,1635.0
126,6.325,330.74975586,174.55298137,2,0,0.80128322,5165.0,1636.0
127,6.375,332.36472645,175.24255976,2,0,0.83120609,5164.75,1635.0
128,6.425,334.01432673,175.92970894,2,0,0.86112896,5160.5,1638.0
129,6.475,335.68300783,176.66736817,2,0,0.88307133,5159.75,1634.0
130,6.525,337.31756553,177.43350262,2,0,0.89256649,5159.75,1634.0
131,6.575,338.93940292,178.20885181,2,0,0.90202262,5155.5,1634.0
132,6.625,340.5650949,178.98484829,2,0,0.91147876,5157.0,1634.0
133,6.675,342.19026215,179.75393051,2,0,0.91799174,5155.75,1631.0
134,6.725,343.79285053,180.50470174,2,0,0.90886055,5153.5,1632.0
135,6.775,345.32859254,181.17049798,2,0,0.83833394,5153.25,1631.0
136,6.825,346.71355344,181.80594183,2,0,0.69275656,5153.0,1631.0
137,6.875,348.09142662,182.48614595,2,0,0.6715118,5152.75,1630.0
138,6.925,349.48951179,183.17030671,2,0,0.6751468,5149.0,1632.0
139,6.975,350.93071935,183.85749275,2,0,0.70433561,5148.25,1630.0
140,7.025,352.41823015,184.54467879,2,0,0.7375363,5148.75,1628.0
141,7.075,353.94897111,185.24900426,2,0,0.7700237,5146.25,1630.0
142,7.125,355.50524458,185.9642321,2,0,0.79647485,5146.25,1630.0
143,7.175,357.03483682,186.72906589,2,0,0.79336545,5145.5,1626.0
144,7.225,358.5468209,187.50844403,2,0,0.79409389,5145.0,1624.0
145,7.275,360.05982437,188.2893713,2,0,0.78698777,5143.0,1626.0
146,7.325,361.57624628,189.07648368,2,0,0.79955746,5141.75,1623.0
147,7.375,363.15938693,189.80750932,2,0,0.86175679,5141.25,1622.0
148,7.425,364.80628896,190.40885275,2,0,0.92264315,5141.0,1622.0
149,7.475,366.21882715,190.88817718,2,0,0.69904173,5137.25,1622.0
150,7.525,367.50108578,191.39622553,2,0,0.60594493,5137.25,1621.0
151,7.575,368.76205746,191.98246026,2,0,0.60792068,5137.75,1621.0
152,7.625,370.06194308,192.57017079,2,0,0.64544434,5133.75,1623.0
153,7.675,371.40096057,193.15662618,2,0,0.68293063,5133.5,1622.0
154,7.725,372.77891548,193.74308157,2,0,0.72041692,5134.0,1622.0
155,7.775,374.19536556,194.35826062,2,0,0.75607634,5135.25,1623.0
156,7.825,375.63880776,195.06141401,2,0,0.76970928,5131.25,1622.0
157,7.875,377.10729841,195.83374523,2,0,0.76790475,5131.5,1622.0
158,7.925,378.57685197,196.61395312,2,0,0.76267811,5132.0,1618.0
159,7.975,380.04667371,197.39451531,2,0,0.75745147,5132.25,1618.0
160,8.025,381.51928619,198.17204355,2,0,0.74996967,5129.0,1618.0
161,8.075,382.98051446,198.70455974,2,0,0.72947671,5128.5,1617.0
162,8.125,384.29807402,199.15635194,2,0,0.60366394,5128.5,1617.0
163,8.175,385.5186252,199.58479806,2,0,0.53598464,5128.25,1618.0
164,8.225,386.73255194,200.11169455,2,0,0.53604737,5124.75,1618.0
165,8.275,387.9837513,200.63479011,2,0,0.57084077,5124.75,1617.0
166,8.325,389.27268713,201.15749942,2,0,0.60563381,5125.5,1617.0
167,8.375,390.58983616,201.67857073,2,0,0.64042684,5123.25,1619.0
168,8.425,391.94025809,202.20509039,2,0,0.67521988,5122.75,1618.0
169,8.475,393.31872074,202.79960315,2,0,0.69833941,5122.25,1616.0
170,8.525,394.67218301,203.44266175,2,0,0.68132791,5122.25,1613.0
171,8.575,395.97017084,204.08829056,2,0,0.64839732,5120.5,1613.0
172,8.625,397.23415201,204.75268523,2,0,0.62989105,5119.0,1611.0
173,8.675,398.45734323,205.28470152,2,0,0.58001827,5119.25,1611.0
174,8.725,399.62674948,205.83892667,2,0,0.51818578,5119.25,1611.0
175,8.775,400.79716008,206.44055548,2,0,0.50719664,5116.25,1612.0
176,8.825,402.00760357,207.03891711,2,0,0.54036531,5115.25,1612.0
177,8.875,403.23994663,207.62535171,2,0,0.57442521,5115.5,1612.0
178,8.925,404.52221007,208.21353524,2,0,0.60848511,5116.75,1612.0
179,8.975,405.85420278,208.79540811,2,0,0.64254501,5114.25,1615.0
180,9.025,407.21185542,209.37694124,2,0,0.66913732,5112.75,1614.0
181,9.075,408.56862523,210.01348056,2,0,0.67853329,5114.25,1615.0
182,9.125,409.91342202,210.69423237,2,0,0.67496479,5114.0,1610.0
183,9.175,411.25850145,211.38225934,2,0,0.67134527,5112.5,1611.0
184,9.225,412.60420898,212.07079613,2,0,0.66772575,5110.75,1608.0
185,9.275,413.95021879,212.75061053,2,0,0.66387412,5110.5,1605.0
186,9.325,415.29624914,213.42759994,2,0,0.65712664,5110.0,1603.0
187,9.375,416.59107861,214.07373553,2,0,0.60357159,5110.5,1604.0
188,9.425,417.73433416,214.57661972,2,0,0.50214683,5108.25,1605.0
189,9.475,418.84750256,215.05641883,2,0,0.4801206,5108.5,1605.0
190,9.525,419.97354283,215.54054955,2,0,0.49334887,5108.75,1604.0
191,9.575,421.12196717,216.03016775,2,0,0.51453569,5109.5,1603.0
192,9.625,422.29559741,216.52235962,2,0,0.5357225,5107.25,1605.0
193,9.675,423.49886415,217.016781,2,0,0.55690931,5108.25,1605.0
194,9.725,424.72586049,217.52693432,2,0,0.57441533,5107.5,1602.0
195,9.775,425.95229596,218.09886834,2,0,0.57931407,5107.25,1602.0
196,9.825,427.17457356,218.67187906,2,0,0.58219902,5105.0,1603.0
197,9.875,428.41705681,219.47864902,2,0,0.59635642,5105.0,1600.0
198,9.925,429.67940408,220.3071222,2,0,0.62198153,5104.75,1600.0
199,9.975,430.89955581,220.88047864,2,0,0.58622868,5104.25,1600.0
200,10.025,432.02555196,221.25356971,2,0,0.496203,5101.0,1600.0
201,10.075,433.08334138,221.6080839,2,0,0.43737505,5101.0,1600.0
202,10.125,434.12463455,222.02093619,2,0,0.42259585,5101.0,1600.0
203,10.175,435.16949353,222.48357631,2,0,0.42442286,5101.25,1600.0
204,10.225,436.24897985,222.98541526,2,0,0.4536435,5101.5,1599.0
205,10.275,437.3677835,223.48924315,2,0,0.48469634,5099.25,1600.0
206,10.325,438.52797117,224.00606204,2,0,0.51438881,5098.75,1600.0
207,10.375,439.71014541,224.55763466,2,0,0.53887392,5100.25,1600.0
208,10.425,440.87484799,225.17141912,2,0,0.55562209,5099.75,1600.0
209,10.475,442.06551002,225.91239735,2,0,0.56084574,5095.0,1600.0
210,10.525,443.29781923,226.67641681,2,0,0.58839126,5096.5,1600.0
211,10.575,444.57316429,227.42078943,2,0,0.62765867,5096.5,1599.0
212,10.625,445.86391415,228.02772906,2,0,0.63939798,5098.5,1598.0
213,10.675,447.09499811,228.64944295,2,0,0.5862152,5095.5,1599.0
214,10.725,448.18690163,229.21472005,2,0,0.45311665,5094.75,1599.0
215,10.775,449.19907094,229.67849057,2,0,0.38963368,5095.0,1599.0
216,10.825,450.24093091,230.11128241,2,0,0.40442908,5095.25,1599.0
217,10.875,451.3172955,230.54435468,2,0,0.42322911,5096.0,1599.0
218,10.925,452.42777394,230.97778071,2,0,0.44202913,5093.25,1601.0
219,10.975,453.56683984,231.40990142,2,0,0.46082916,5093.5,1600.0
220,11.025,454.69285842,231.87506932,2,0,0.4774026,5095.0,1600.0
221,11.075,455.80471922,232.43197256,2,0,0.48072174,5095.0,1599.0
222,11.125,456.91236874,232.99465946,2,0,0.48487317,5094.5,1600.0
223,11.175,458.01761822,233.55842173,2,0,0.48913338,5091.25,1597.0
224,11.225,459.12876229,234.12285618,2,0,0.4934003,5091.75,1595.0
225,11.275,460.24723906,234.67127496,2,0,0.49706569,5092.0,1595.0
226,11.325,461.35103315,235.20200043,2,0,0.48435087,5093.5,1595.0
227,11.375,462.30954403,235.66622111,2,0,0.34357615,5090.75,1596.0
228,11.425,463.24898908,236.08745722,2,0,0.35357871,5091.0,1593.0
229,11.475,464.20936492,236.50875646,2,0,0.36989202,5090.75,1592.0
230,11.525,465.19072717,236.93013822,2,0,0.38620533,5091.75,1592.0
231,11.575,466.19318908,237.35161913,2,0,0.40251863,5092.25,1592.0
232,11.625,467.21670773,237.77315744,2,0,0.41883194,5089.25,1594.0
233,11.675,468.25943018,238.20918191,2,0,0.4345535,5089.5,1593.0
234,11.725,469.30897429,238.73258056,2,0,0.43694956,5090.0,1593.0
235,11.775,470.36803482,239.2609612,2,0,0.43477132,5091.0,1593.0
236,11.825,471.43573175,239.79544102,2,0,0.44419998,5089.75,1592.0
237,11.875,472.5036358,240.31708854,2,0,0.44624441,5088.0,1593.0
238,11.925,473.56013447,240.80591447,2,0,0.43984626,5087.75,1593.0
239,11.975,474.57878925,241.28688867,2,0,0.40051747,5088.25,1593.0
240,12.025,475.55236449,241.74870819,2,0,0.37587192,5088.5,1592.0
241,12.075,476.51433074,242.21602802,2,0,0.3689499,5088.0,1594.0
242,12.125,477.47756899,242.70122112,2,0,0.3717964,5088.75,1594.0
243,12.175,478.45296727,243.18002172,2,0,0.3783945,5089.75,1592.0
244,12.225,479.43941783,243.65936498,2,0,0.38506794,5090.0,1590.0
245,12.275,480.43520418,244.13875344,2,0,0.39174137,5089.75,1588.0
246,12.325,481.43979947,244.62613899,2,0,0.39810116,5088.0,1590.0
247,12.375,482.44399118,245.1368986,2,0,0.39795982,5088.5,1589.0
248,12.425,483.44068815,245.65017488,2,0,0.39379843,5089.25,1588.0
249,12.475,484.42444649,246.15515161,2,0,0.38172211,5088.75,1588.0
250,12.525,485.39185216,246.64883034,2,0,0.37614627,5090.0,1588.0
251,12.575,486.32762117,247.13273598,2,0,0.36771265,5087.5,1590.0
252,12.625,487.23146677,247.60101794,2,0,0.35005251,5088.25,1590.0
253,12.675,488.10728961,247.99517278,2,0,0.33192732,5087.75,1589.0
254,12.725,488.93834915,248.30819445,2,0,0.29675524,5087.5,1587.0
255,12.775,489.72350832,248.62008095,2,0,0.25800548,5087.5,1587.0
256,12.825,490.48374595,248.95203173,2,0,0.24034291,5085.75,1587.0
257,12.875,491.23234972,249.28451246,2,0,0.24155917,5087.0,1587.0
258,12.925,491.96387481,249.61714787,2,0,0.24244065,5087.5,1587.0
259,12.975,492.67928697,249.94966299,2,0,0.24332193,5088.25,1586.0
260,13.025,493.38345602,250.28166462,2,0,0.24419796,5089.0,1586.0
261,13.075,494.06914477,250.62275368,2,0,0.240611,5087.5,1586.0
262,13.125,494.73217689,250.95244443,2,0,0.23691324,5087.25,1584.0
263,13.175,495.37838138,251.27727392,2,0,0.22691408,5087.5,1584.0
264,13.225,495.99163636,251.60938419,2,0,0.21506934,5088.5,1584.0
265,13.275,496.56569647,251.9520867,2,0,0.20073623,5090.75,1583.0
266,13.325,497.06215512,252.16800878,2,0,0.221007,5089.5,1581.0
267,13.375,497.50698898,252.37144267,2,0,0.20918209,5090.0,1581.0
268,13.425,497.92278883,252.53653646,2,0,0.19732858,5091.0,1581.0
269,13.475,498.3201886,252.7019811,2,0,0.1854952,5091.75,1581.0
270,13.525,498.69974934,252.86983001,2,0,0.18060372,5092.0,1581.0
271,13.575,499.06425982,253.0356561,2,0,0.1811775,5091.0,1581.0
272,13.625,499.41039805,253.19748243,2,0,0.18175095,5091.75,1581.0
273,13.675,499.73207328,253.34623161,2,0,0.18232441,5093.25,1581.0
274,13.725,500.0410494,253.49114157,2,0,0.18289786,5094.5,1579.0
275,13.775,500.34835718,253.63635426,2,0,0.18347131,5097.75,1579.0
276,13.825,500.65425636,253.78142604,2,0,0.18404476,5097.5,1579.0
277,13.875,500.95891309,253.92648994,2,0,0.18460348,5098.0,1579.0
278,13.925,501.26342977,254.07142931,2,0,0.18540715,5098.75,1578.0
279,13.975,501.56577872,254.17964766,2,0,0.17972932,5099.25,1578.0
280,14.025,501.85621708,254.28444516,2,0,0.16418955,5099.25,1578.0
281,14.075,502.14443068,254.39736231,2,0,0.15828811,5099.75,1579.0
282,14.125,502.4390303,254.51137281,2,0,0.1604136,5099.0,1578.0
283,14.175,502.73406976,254.62502897,2,0,0.16253605,5100.75,1578.0
284,14.225,503.02831576,254.73883316,2,0,0.1646585,5101.5,1577.0
285,14.275,503.31934304,254.85600702,2,0,0.16678096,5102.0,1577.0
286,14.325,503.60785745,254.9905389,2,0,0.1677983,5103.0,1576.0
287,14.375,503.89816041,255.13423015,2,0,0.16528802,5103.5,1575.0
288,14.425,504.19396925,255.27875837,2,0,0.16213141,5103.5,1575.0
289,14.475,504.49358056,255.42327989,2,0,0.15895821,5104.0,1575.0
290,14.525,504.78844854,255.5546434,2,0,0.15170037,5104.75,1575.0
291,14.575,505.07528216,255.68830364,2,0,0.13912632,5104.75,1575.0
292,14.625,505.36195759,255.79859771,2,0,0.13391965,5105.5,1576.0
293,14.675,505.64855562,255.90594852,2,0,0.12964439,5106.0,1575.0
294,14.725,505.93511985,256.01329932,2,0,0.12549778,5107.5,1576.0
295,14.775,506.2201779,256.12972902,2,0,0.12230907,5108.75,1576.0
296,14.825,506.51255025,256.2730677,2,0,0.13367457,5109.75,1575.0
297,14.875,506.81734964,256.41645536,2,0,0.14895903,5109.25,1576.0
298,14.925,507.13429497,256.56079475,2,0,0.16424224,5109.0,1575.0
299,14.975,507.46397719,256.73162892,2,0,0.17653483,5109.75,1575.0
300,15.025,507.80532287,256.90236072,2,0,0.1876162,5110.5,1575.0
301,15.075,508.15236432,257.0728731,2,0,0.19870069,5114.0,1574.0
302,15.125,508.49916128,257.28280093,2,0,0.20160956,5114.0,1573.0
303,15.175,508.83894913,257.4976426,2,0,0.19208589,5112.5,1574.0
304,15.225,509.16926048,257.71246466,2,0,0.18179068,5112.75,1572.0
305,15.275,509.4737741,257.93387786,2,0,0.15539509,5112.75,1572.0
306,15.325,509.74812288,258.06631988,2,0,0.13432923,5114.0,1572.0
307,15.375,510.02089704,258.15205727,2,0,0.13249919,5114.25,1571.0
308,15.425,510.29219458,258.23791204,2,0,0.13216159,5114.5,1572.0
309,15.475,510.56316625,258.32383766,2,0,0.13182399,5115.0,1571.0
310,15.525,510.8319925,258.40918729,2,0,0.13148638,5116.75,1571.0
311,15.575,511.09770508,258.50481082,2,0,0.13140622,5117.25,1571.0
312,15.625,511.3581872,258.62846762,2,0,0.13270329,5117.25,1569.0
313,15.675,511.61388108,258.75366882,2,0,0.13590635,5119.0,1569.0
314,15.725,511.8669476,258.87921541,2,0,0.13910941,5120.0,1570.0
315,15.775,512.11086711,259.00373203,2,0,0.14231247,5120.5,1568.0
316,15.825,512.35948977,259.12118597,2,0,0.14505724,5121.25,1568.0
317,15.875,512.61519166,259.23717355,2,0,0.14352528,5122.5,1568.0
318,15.925,512.87911763,259.3532535,2,0,0.14156406,5123.25,1567.0
319,15.975,513.15202793,259.46991829,2,0,0.14365576,5123.25,1567.0
320,16.025,513.43466379,259.58611683,2,0,0.14545884,5123.0,1567.0
321,16.075,513.72217765,259.70385215,2,0,0.14216891,5123.5,1565.0
322,16.125,514.01053671,259.82855426,2,0,0.1388728,5124.5,1565.0
323,16.175,514.29773561,259.95371396,2,0,0.13557669,5127.25,1565.0
324,16.225,514.5816341,260.07921557,2,0,0.13228059,5128.5,1565.0
325,16.275,514.85429827,260.20395823,2,0,0.12898448,5127.75,1565.0
326,16.325,515.1471067,261.07588163,3,1,0.15690703,5127.0,1564.0
327,16.375,515.61639302,262.59388713,3,0,0.30192833,5128.5,1564.0
328,16.425,516.29817823,264.10925752,3,0,0.45029718,5128.25,1563.0
329,16.475,517.16955936,265.38859161,3,0,0.57104314,5127.5,1560.0
330,16.525,517.92270956,266.17151631,3,0,0.39771253,5129.0,1560.0
331,16.575,518.54429936,266.73883056,3,0,0.2372147,5128.25,1562.0
332,16.625,519.18085718,267.27251033,3,0,0.23282195,5129.5,1560.0
333,16.675,519.84520137,267.81083765,3,0,0.230791,5131.5,1558.0
334,16.725,520.54242508,268.35850563,3,0,0.24661111,5131.25,1558.0
335,16.775,521.25495182,268.91510531,3,0,0.24826957,5132.5,1557.0
336,16.825,521.97545851,269.47334157,3,0,0.24851913,5132.75,1555.0
337,16.875,522.70551476,270.03160323,3,0,0.24876869,5131.0,1557.0
338,16.925,523.45019038,270.58695444,3,0,0.24901825,5132.75,1557.0
339,16.975,524.20901468,271.14386041,3,0,0.24926781,5131.5,1550.0
340,17.025,524.97551306,271.68686357,3,0,0.24140688,5132.25,1550.0
341,17.075,525.72076433,272.20805037,3,0,0.23049996,5133.5,1550.0
342,17.125,526.43867483,272.70074739,3,0,0.21587626,5134.0,1550.0
343,17.175,527.13894765,273.14108943,3,0,0.20047675,5132.0,1549.0
344,17.225,527.83364356,273.53281871,3,0,0.19322144,5132.5,1548.0
345,17.275,528.52789632,273.92486087,3,0,0.19410741,5132.5,1548.0
346,17.325,529.22415091,274.32251081,3,0,0.19486364,5133.25,1547.0
347,17.375,529.92842338,274.72558938,3,0,0.19575821,5133.75,1547.0
348,17.425,530.64332206,275.12706034,3,0,0.21026691,5134.25,1545.0
349,17.475,531.368746,275.52858838,3,0,0.21500353,5131.25,1545.0
350,17.525,532.10380151,275.93444753,3,0,0.21921513,5131.25,1545.0
351,17.575,532.83882227,276.35315451,3,0,0.20600014,5133.75,1546.0
352,17.625,533.56851674,276.77691173,3,0,0.20348648,5134.75,1543.0
353,17.675,534.28796979,277.20519782,3,0,0.19924551,5136.75,1541.0
354,17.725,534.98188987,277.61333566,3,0,0.17998978,5138.5,1541.0
355,17.775,535.67185016,278.00872536,3,0,0.17563724,5135.75,1542.0
356,17.825,536.36181966,278.39149451,3,0,0.17073594,5137.0,1541.0
357,17.875,537.04706251,278.7716375,3,0,0.16741065,5137.25,1541.0
358,17.925,537.74204764,279.17314733,3,0,0.17982985,5138.0,1540.0
359,17.975,538.45511076,279.55333973,3,0,0.19479924,5138.5,1540.0
360,18.025,539.18707708,279.93317192,3,0,0.20976863,5139.25,1539.0
361,18.075,539.93743327,280.31266951,3,0,0.22473802,5136.5,1541.0
362,18.125,540.70254891,280.75703105,3,0,0.23576844,5136.75,1540.0
363,18.175,541.46315392,281.25262381,3,0,0.23176572,5137.0,1538.0
364,18.225,542.20033016,281.7553817,3,0,0.22631701,5137.75,1537.0
365,18.275,542.94326297,282.25815955,3,0,0.22086829,5140.75,1537.0
366,18.325,543.66580253,282.70048901,3,0,0.19419603,5142.0,1537.0
367,18.375,544.36897427,283.07082658,3,0,0.19346727,5140.0,1538.0
368,18.425,545.06905056,283.43249462,3,0,0.18997779,5140.25,1535.0
369,18.475,545.77029847,283.79384543,3,0,0.18509199,5141.25,1535.0
370,18.525,546.47272297,284.15519623,3,0,0.18020592,5141.5,1535.0
371,18.575,547.1762373,284.51550199,3,0,0.17531985,5141.5,1535.0
372,18.625,547.88281956,284.87580702,3,0,0.17902762,5141.25,1534.0
373,18.675,548.60669118,285.27402324,3,0,0.19287284,5142.0,1536.0
374,18.725,549.3440775,285.69130418,3,0,0.19722828,5141.5,1536.0
375,18.775,550.09223372,286.11639648,3,0,0.20055242,5141.75,1533.0
376,18.825,550.82892666,286.54367524,3,0,0.20387652,5142.75,1532.0
377,18.875,551.55984452,286.98301592,3,0,0.20665265,5143.0,1530.0
378,18.925,552.29498509,287.43358311,3,0,0.20493478,5144.25,1530.0
379,18.975,553.02759873,287.88490438,3,0,0.20283861,5144.5,1529.0
380,19.025,553.75840622,288.33630387,3,0,0.20074243,5142.25,1529.0
381,19.075,554.49207836,288.78763304,3,0,0.19864626,5142.25,1526.0
382,19.125,555.2296117,289.23772356,3,0,0.19544468,5144.75,1526.0
383,19.175,555.95059663,289.63941986,3,0,0.17072485,5146.5,1525.0
384,19.225,556.6600753,289.97497187,3,0,0.16930729,5147.75,1525.0
385,19.275,557.37257435,290.30847891,3,0,0.16775079,5148.5,1525.0
386,19.325,558.08958912,290.64256254,3,0,0.16619429,5147.0,1527.0
387,19.375,558.80432441,290.99509509,3,0,0.16429761,5147.25,1526.0
388,19.425,559.5200693,291.35131903,3,0,0.16519753,5148.5,1526.0
389,19.475,560.23617513,291.71223734,3,0,0.1679156,5148.75,1526.0
390,19.525,560.94903689,292.10936539,3,0,0.16745067,5149.0,1525.0
391,19.575,561.65662113,292.50921419,3,0,0.16438907,5149.5,1525.0
392,19.625,562.35910008,292.90907479,3,0,0.16119564,5151.0,1525.0
393,19.675,563.05717397,293.31293498,3,0,0.15859778,5149.75,1525.0
394,19.725,563.75878281,293.71768513,3,0,0.16211676,5150.25,1524.0
395,19.775,564.46071409,294.09281293,3,0,0.16340986,5150.25,1523.0
396,19.825,565.15958297,294.46804461,3,0,0.16334774,5150.75,1523.0
397,19.875,565.8566309,294.82120501,3,0,0.16328562,5151.0,1522.0
398,19.925,566.5502132,295.18983945,3,0,0.16323856,5152.0,1521.0
399,19.975,567.24188669,295.56855089,3,0,0.16259871,5150.25,1523.0
400,20.025,567.93141914,295.95046513,3,0,0.16154573,5150.0,1522.0
401,20.075,568.62051707,296.34812848,3,0,0.16045151,5150.5,1521.0
402,20.125,569.311371,296.75975089,3,0,0.15930765,5151.0,1520.0
403,20.175,570.00534009,297.16747817,3,0,0.1581638,5152.0,1520.0
404,20.225,570.7017818,297.57822011,3,0,0.15701994,5152.0,1518.0
405,20.275,571.4035999,297.98837988,3,0,0.15587427,5152.25,1518.0
406,20.325,572.10666105,298.38930196,3,0,0.15452265,5150.5,1518.0
407,20.375,572.80728079,298.78949953,3,0,0.15307894,5152.0,1517.0
408,20.425,573.50690984,299.18259965,3,0,0.1528717,5151.75,1516.0
409,20.475,574.21243887,299.53034886,3,0,0.15812098,5152.0,1514.0
410,20.525,574.91749992,299.87204304,3,0,0.15708856,5152.75,1514.0
411,20.575,575.62228341,300.21230395,3,0,0.15603831,5154.5,1514.0
412,20.625,576.32646124,300.55364305,3,0,0.15499012,5153.5,1515.0
413,20.675,577.0284901,300.89982606,3,0,0.15394193,5155.0,1514.0
414,20.725,577.72529347,301.25273284,3,0,0.15249176,5155.75,1513.0
415,20.775,578.40282847,301.61383541,3,0,0.14819956,5156.25,1512.0
416,20.825,579.06733071,301.97917502,3,0,0.14378973,5156.5,1512.0
417,20.875,579.73474338,302.38053574,3,0,0.14313812,5157.75,1512.0
418,20.925,580.41776458,302.78204281,3,0,0.14495204,5159.5,1511.0
419,20.975,581.11463887,303.17939574,3,0,0.14652172,5156.5,1510.0
420,21.025,581.81886894,303.57996599,3,0,0.15650243,5157.0,1509.0
421,21.075,582.52944976,303.98127525,3,0,0.15802192,5156.75,1508.0
422,21.125,583.23593365,304.36308891,3,0,0.15912986,5158.0,1508.0
423,21.175,583.92529796,304.69283803,3,0,0.15790556,5158.5,1508.0
424,21.225,584.61687564,305.04864809,3,0,0.15784245,5159.25,1507.0
425,21.275,585.3169367,305.40598457,3,0,0.15673932,5160.75,1507.0
426,21.325,586.02612982,305.76322163,3,0,0.15562937,5158.5,1506.0
427,21.375,586.743639,306.12055673,3,0,0.15451942,5158.5,1506.0
428,21.425,587.46412798,306.48682391,3,0,0.15340947,5160.75,1506.0
429,21.475,588.17417907,306.87095895,3,0,0.15229953,5162.25,1505.0
430,21.525,588.87440987,307.25593681,3,0,0.15118958,5163.0,1504.0
431,21.575,589.56510091,307.64089445,3,0,0.15007963,5164.0,1503.0
432,21.625,590.24086798,308.02346227,3,0,0.14839227,5164.0,1503.0
433,21.675,590.90787357,308.40170207,3,0,0.14457279,5161.25,1502.0
434,21.725,591.57227191,308.78184175,3,0,0.14188356,5161.5,1501.0
435,21.775,592.24305381,309.13497198,3,0,0.14018297,5163.25,1501.0
436,21.825,592.92772583,309.46260457,3,0,0.1368908,5163.75,1501.0
437,21.875,593.62638844,309.79226825,3,0,0.13356197,5164.75,1501.0
438,21.925,594.33861125,310.12517228,3,0,0.1298566,5167.0,1501.0
439,21.975,595.05784711,310.46152247,3,0,0.12509925,5167.0,1503.0
440,22.025,595.77396977,310.80089701,3,0,0.12368387,5165.75,1502.0
441,22.075,596.48802631,311.14045706,3,0,0.12368888,5165.25,1500.0
442,22.125,597.19868361,311.48690006,3,0,0.12260068,5165.25,1499.0
443,22.175,597.90385705,311.84401887,3,0,0.11972895,5165.5,1497.0
444,22.225,598.60486625,312.20051786,3,0,0.111901,5166.5,1497.0
445,22.275,599.30211237,312.56024064,3,0,0.11013758,5166.75,1496.0
446,22.325,599.98867879,312.93055703,3,0,0.10955402,5167.0,1496.0
447,22.375,600.6584031,313.28642088,3,0,0.10975039,5167.5,1495.0
448,22.425,601.30561087,313.61570835,3,0,0.109944,5169.25,1495.0
449,22.475,601.92968356,313.92611161,3,0,0.10939768,5170.0,1495.0
450,22.525,602.53894162,314.23923874,3,0,0.10723214,5170.25,1494.0
451,22.575,603.14000445,314.5568194,3,0,0.10503478,5172.0,1494.0
452,22.625,603.73405339,314.86774721,3,0,0.10245065,5174.25,1494.0
453,22.675,604.32200505,315.17804027,3,0,0.09972668,5176.0,1494.0
454,22.725,604.90418028,315.49310294,3,0,0.08887231,5173.0,1487.0
455,22.775,605.47945512,315.82430089,3,0,0.0883427,5173.5,1487.0
456,22.825,606.04915405,316.15210896,3,0,0.08781309,5174.0,1487.0
457,22.875,606.61369261,316.48100107,3,0,0.08728349,5174.75,1487.0
458,22.925,607.16778784,316.81059353,3,0,0.08675388,5175.5,1487.0
459,22.975,607.71008636,317.16012293,3,0,0.08622427,5176.5,1487.0
460,23.025,608.24344749,317.52924668,3,0,0.08569477,5177.0,1486.0
461,23.075,608.75201736,317.83575245,3,0,0.07303259,5175.25,1486.0
462,23.125,609.21511425,318.00533991,3,0,0.06613225,5176.5,1486.0
463,23.175,609.67746117,318.16641035,3,0,0.06584956,5178.0,1486.0
464,23.225,610.14433068,318.32854723,3,0,0.06556686,5180.0,1486.0
465,23.275,610.60986037,318.49299082,3,0,0.06528417,5180.25,1487.0
466,23.325,611.05952461,318.65902089,3,0,0.06500147,5181.5,1488.0
467,23.375,611.49194253,318.82507289,3,0,0.06471877,5183.25,1488.0
468,23.425,611.90715281,318.99112489,3,0,0.06443607,5182.75,1487.0
469,23.475,612.31115278,319.16363676,3,0,0.06415425,5183.0,1487.0
470,23.525,612.71563133,319.33760166,3,0,0.06384525,5184.25,1486.0
471,23.575,613.11726051,319.50836525,3,0,0.06350394,5184.75,1485.0
472,23.625,613.51666699,319.6787073,3,0,0.06317686,5186.75,1485.0
473,23.675,613.90619728,319.85237468,3,0,0.06216174,5187.75,1484.0
474,23.725,614.2824139,320.0260587,3,0,0.06088525,5189.5,1484.0
475,23.775,614.64751697,320.17227401,3,0,0.05960875,5188.75,1485.0
476,23.825,615.00795813,320.30674406,3,0,0.05833226,5188.5,1484.0
477,23.875,615.36281665,320.44176696,3,0,0.05705577,5189.5,1484.0
478,23.925,615.71240367,320.57677286,3,0,0.05577928,5190.25,1484.0
479,23.975,616.05999254,320.71744042,3,0,0.05592092,5190.75,1484.0
480,24.025,616.4193257,320.87849551,3,0,0.06701839,5192.25,1484.0
481,24.075,616.79384346,321.06732355,3,0,0.07898056,5192.75,1484.0
482,24.125,617.1688239,321.29022549,3,0,0.07796656,5193.5,1484.0
483,24.175,617.54236802,321.51343864,3,0,0.07315652,5192.0,1483.0
484,24.225,617.91718081,321.73790034,3,0,0.07050427,5193.0,1483.0
485,24.275,618.29536194,321.96237421,3,0,0.06886124,5194.5,1483.0
486,24.325,618.6767041,322.15147734,3,0,0.06706744,5195.0,1482.0
487,24.375,619.06002287,322.33147378,3,0,0.06641808,5194.75,1480.0
488,24.425,619.44399465,322.51153475,3,0,0.06584298,5195.5,1480.0
489,24.475,619.8278734,322.69159571,3,0,0.06526789,5197.25,1480.0
490,24.525,620.21350687,322.87205725,3,0,0.06469279,5196.5,1480.0
491,24.575,620.59974907,323.05332191,3,0,0.0641177,5197.75,1480.0
492,24.625,620.98245893,323.23453821,3,0,0.0635426,5198.25,1480.0
493,24.675,621.36165694,323.41527899,3,0,0.0629675,5200.75,1479.0
494,24.725,621.7375768,323.59620031,3,0,0.06239241,5200.75,1479.0
495,24.775,622.11044142,323.77838633,3,0,0.06181731,5201.5,1479.0
496,24.825,622.48041539,323.9606842,3,0,0.06124221,5202.25,1479.0
497,24.875,622.84795629,324.14333713,3,0,0.06065897,5203.0,1479.0
498,24.925,623.21434482,324.32397739,3,0,0.06000184,5203.0,1479.0
499,24.975,623.58077236,324.50419746,3,0,0.05945376,5203.5,1479.0
500,25.025,623.94703676,324.68401821,3,0,0.058911,5204.5,1479.0
501,25.075,624.31340611,324.86305689,3,0,0.05836824,5206.0,1479.0
502,25.125,624.67921662,325.03916082,3,0,0.05782549,5207.0,1478.0
503,25.175,625.04587052,325.23026825,3,0,0.05790959,5207.5,1479.0
504,25.225,625.41337612,325.43087564,3,0,0.05916853,5207.5,1479.0
505,25.275,625.78711473,325.63503561,3,0,0.06028696,5206.5,1478.0
506,25.325,626.16928919,325.84360883,3,0,0.0614054,5207.75,1478.0
507,25.375,626.54353345,326.05635686,3,0,0.06252383,5209.75,1476.0
508,25.425,626.91957703,326.2733757,3,0,0.06364226,5209.75,1476.0
509,25.475,627.30210097,326.49194895,3,0,0.06421905,5211.25,1476.0
510,25.525,627.67766637,326.70966718,3,0,0.05374277,5212.0,1476.0
511,25.575,628.05375701,326.87836683,3,0,0.05187553,5213.5,1476.0
512,25.625,628.44117478,327.04135467,3,0,0.05289215,5214.0,1476.0
513,25.675,628.83391732,327.20418552,3,0,0.05216635,5212.0,1474.0
514,25.725,629.23203115,327.36683728,3,0,0.05144054,5213.75,1474.0
515,25.775,629.63379692,327.52738418,3,0,0.05071474,5215.0,1474.0
516,25.825,630.02701938,327.66197762,3,0,0.04998894,5216.25,1473.0
517,25.875,630.40951382,327.79612827,3,0,0.04926314,5218.25,1473.0
518,25.925,630.78499909,327.93353944,3,0,0.04853734,5219.25,1473.0
519,25.975,631.15758276,328.07172956,3,0,0.04781153,5220.25,1473.0
520,26.025,631.52794734,328.21096464,3,0,0.04708573,5220.5,1473.0
521,26.075,631.89787713,328.3564905,3,0,0.04635993,5218.75,1472.0
522,26.125,632.27235625,328.51509586,3,0,0.04563593,5219.25,1472.0
523,26.175,632.65741259,328.68772029,3,0,0.04521534,5219.5,1472.0
524,26.225,633.05468126,328.86078496,3,0,0.04477076,5220.75,1472.0
525,26.275,633.46148642,329.03534524,3,0,0.04432399,5221.25,1472.0
526,26.325,633.87275851,329.21127199,3,0,0.04387723,5221.5,1472.0
527,26.375,634.28844862,329.38722058,3,0,0.04343046,5222.0,1472.0
528,26.425,634.70868868,329.56303233,3,0,0.0429837,5222.75,1472.0
529,26.475,635.13267585,329.73861939,3,0,0.04253693,5222.0,1472.0
530,26.525,635.56006842,329.9142773,3,0,0.04209017,5223.25,1472.0
531,26.575,635.99028714,330.09017009,3,0,0.0416434,5224.75,1473.0
532,26.625,636.42133942,330.26944674,3,0,0.04119664,5227.25,1472.0
533,26.675,636.84785163,330.4500246,3,0,0.05118956,5228.0,1472.0
534,26.725,637.26947559,330.63063203,3,0,0.05170136,5229.5,1472.0
535,26.775,637.67458436,330.8190504,3,0,0.05175516,5231.0,1472.0
536,26.825,638.06182879,330.98722337,3,0,0.05091922,5232.0,1472.0
537,26.875,638.44158241,331.1312742,3,0,0.04390809,5230.75,1473.0
538,26.925,638.81478824,331.27919844,3,0,0.03683224,5231.25,1473.0
539,26.975,639.19598995,331.4552035,3,0,0.03901158,5232.25,1474.0
540,27.025,639.5916004,331.63122674,3,0,0.04345535,5233.25,1474.0
541,27.075,640.00056306,331.8076133,3,0,0.04789824,5233.5,1474.0
542,27.125,640.42177005,331.9840479,3,0,0.05234113,5233.5,1474.0
543,27.175,640.8647098,332.64922178,4,1,0.05678402,5235.75,1473.0
544,27.225,641.59271128,334.82289936,4,0,0.31389209,5236.25,1473.0
545,27.275,642.52662078,336.49667494,4,0,0.41920541,5234.0,1472.0
546,27.325,643.5568212,337.63858622,4,0,0.4399978,5234.0,1470.0
547,27.375,644.50872743,338.39505458,4,0,0.3160749,5234.75,1469.0
548,27.425,645.39130914,339.21821945,4,0,0.23225163,5234.75,1469.0
549,27.475,646.2312219,340.04162039,4,0,0.17768473,5234.5,1465.0
550,27.525,647.02833296,340.85050054,4,0,0.13750497,5234.5,1463.0
551,27.575,647.78462306,341.4961104,4,0,0.09808418,5235.25,1463.0
552,27.625,648.51410746,341.92983791,4,0,0.0738137,5236.5,1463.0
553,27.675,649.2309178,342.26986392,4,0,0.06546381,5233.75,1462.0
554,27.725,649.94457399,342.61347085,4,0,0.06358973,5234.0,1461.0
555,27.775,650.65603383,342.95894012,4,0,0.06377556,5234.75,1460.0
556,27.825,651.3704469,343.30378911,4,0,0.06794958,5235.25,1460.0
557,27.875,652.08860482,343.64674078,4,0,0.07325528,5235.25,1460.0
558,27.925,652.80972264,343.98926592,4,0,0.07856099,5236.5,1460.0
559,27.975,653.52948894,344.36419215,4,0,0.08400856,5237.25,1460.0
560,28.025,654.25044761,344.88532077,4,0,0.09254506,5239.75,1460.0
561,28.075,654.98798096,345.42449472,4,0,0.09570904,5239.25,1461.0
562,28.125,655.73653983,345.96336958,4,0,0.09827153,5238.75,1461.0
563,28.175,656.49114,346.38772236,4,0,0.09541882,5238.5,1457.0
564,28.225,657.23607342,346.75005811,4,0,0.08256445,5239.0,1456.0
565,28.275,657.96894845,347.06933558,4,0,0.07009501,5239.25,1456.0
566,28.325,658.69522209,347.38794176,4,0,0.07016045,5239.25,1456.0
567,28.375,659.40000448,347.6973926,4,0,0.08314499,5239.25,1456.0
568,28.425,660.0944958,348.00749043,4,0,0.08477951,5239.75,1456.0
569,28.475,660.78668123,348.31913781,4,0,0.0850007,5237.75,1456.0
570,28.525,661.47652048,348.63256979,4,0,0.08522189,5236.75,1453.0
571,28.575,662.17498328,348.94919862,4,0,0.08544308,5237.5,1453.0
572,28.625,662.87684493,349.31029566,4,0,0.08578132,5238.0,1453.0
573,28.675,663.5723294,349.67430761,4,0,0.07952181,5239.25,1454.0
574,28.725,664.26451672,350.04541764,4,0,0.07314291,5239.25,1451.0
575,28.775,664.95812005,350.41780661,4,0,0.06668521,5240.0,1451.0
576,28.825,665.6645416,350.79065153,4,0,0.06557774,5240.75,1451.0
577,28.875,666.39165729,351.13908925,4,0,0.07640877,5243.0,1451.0
578,28.925,667.12187005,351.48570853,4,0,0.07468059,5239.75,1450.0
579,28.975,667.86201547,351.8354429,4,0,0.07289117,5240.75,1449.0
580,29.025,668.61383795,352.18424167,4,0,0.07170639,5242.0,1449.0
581,29.075,669.37866575,352.53132576,4,0,0.07437015,5242.25,1449.0
582,29.125,670.13943731,352.89554256,4,0,0.08079772,5243.0,1448.0
583,29.175,670.89062026,353.25979111,4,0,0.07829627,5243.5,1446.0
584,29.225,671.63372516,353.62586972,4,0,0.07579483,5246.25,1446.0
585,29.275,672.36659605,353.99037978,4,0,0.07329338,5246.5,1446.0
586,29.325,673.07834801,354.35226321,4,0,0.07068395,5244.75,1445.0
587,29.375,673.78975544,354.71529573,4,0,0.0677648,5245.75,1445.0
588,29.425,674.50457344,355.08220298,4,0,0.06264767,5246.25,1445.0
589,29.475,675.22345774,355.45328886,4,0,0.06033682,5247.25,1445.0
590,29.525,675.94812661,355.82131789,4,0,0.06033394,5248.5,1445.0
591,29.575,676.67787892,356.17226322,4,0,0.05944075,5248.5,1445.0
592,29.625,677.41182121,356.52279421,4,0,0.05811217,5248.75,1443.0
593,29.675,678.15015898,356.86691762,4,0,0.05798066,5251.75,1444.0
594,29.725,678.89184942,357.21042955,4,0,0.05852386,5253.0,1444.0
595,29.775,679.63750319,357.55529604,4,0,0.05906598,5249.75,1443.0
596,29.825,680.39114002,357.90258889,4,0,0.05962877,5250.75,1442.0
597,29.875,681.1540273,358.26489972,4,0,0.06062924,5251.25,1442.0
598,29.925,681.9165706,358.63494337,4,0,0.06115611,5251.75,1442.0
599,29.975,682.67770214,359.0066877,4,0,0.06161584,5253.0,1442.0
600,30.025,683.42938891,359.36983556,4,0,0.06075783,5252.75,1441.0
601,30.075,684.16500915,359.70037229,4,0,0.05659652,5254.0,1441.0
602,30.125,684.8951856,360.0331685,4,0,0.06392026,5254.0,1441.0
603,30.175,685.61318257,360.3678696,4,0,0.06861454,5254.5,1441.0
604,30.225,686.30120199,360.69196136,4,0,0.04854431,5253.25,1440.0
605,30.275,686.9863917,361.03811995,4,0,0.05270423,5253.5,1439.0
606,30.325,687.69843649,361.3853524,4,0,0.06404643,5253.5,1439.0
607,30.375,688.43244989,361.7334966,4,0,0.07528426,5254.0,1440.0
608,30.425,689.18719278,362.08116304,4,0,0.08652208,5254.5,1440.0
609,30.475,689.9630226,362.43175044,4,0,0.09779125,5254.75,1440.0
610,30.525,690.74999896,362.85924052,4,0,0.10133972,5257.0,1440.0
611,30.575,691.53631573,363.30674992,4,0,0.09462703,5258.0,1440.0
612,30.625,692.31971519,363.75612947,4,0,0.08791434,5255.75,1439.0
613,30.675,693.09603029,364.2044285,4,0,0.08120165,5259.0,1439.0
614,30.725,693.8648199,364.65208877,4,0,0.07448896,5259.5,1439.0
615,30.775,694.62626712,365.09971375,4,0,0.06777628,5258.75,1438.0
616,30.825,695.38071503,365.54743665,4,0,0.06106359,5260.25,1438.0
617,30.875,696.12922935,365.95582535,4,0,0.05380818,5261.0,1438.0
618,30.925,696.87511877,366.28636235,4,0,0.04502787,5261.25,1438.0
619,30.975,697.62690374,366.61271059,4,0,0.0447412,5261.5,1438.0
620,31.025,698.38698741,366.9431483,4,0,0.04635448,5263.0,1438.0
621,31.075,699.15920652,367.27996166,4,0,0.0495189,5259.5,1436.0
622,31.125,699.90611272,367.6120365,4,0,0.05297165,5260.0,1436.0
623,31.175,700.65117486,367.94179305,4,0,0.05642441,5260.75,1437.0
624,31.225,701.40516034,368.27556438,4,0,0.05991176,5262.0,1437.0
625,31.275,702.20189406,368.66145177,4,0,0.07466551,5262.5,1436.0
626,31.325,702.99023178,369.04954412,4,0,0.07221525,5262.75,1433.0
627,31.375,703.76195607,369.43958368,4,0,0.06521313,5263.25,1431.0
628,31.425,704.51268839,369.82885795,4,0,0.05802214,5263.25,1431.0
629,31.475,705.2426126,370.16925417,4,0,0.05158868,5263.75,1430.0
630,31.525,705.96657785,370.45808186,4,0,0.04852832,5260.75,1427.0
631,31.575,706.69792168,370.74840961,4,0,0.04628984,5263.25,1426.0
632,31.625,707.43623155,371.03593963,4,0,0.04408027,5264.25,1426.0
633,31.675,708.17885,371.3315186,4,0,0.04227768,5264.5,1426.0
634,31.725,708.92231386,371.6426406,4,0,0.04430264,5264.5,1426.0
635,31.775,709.66548587,371.95381558,4,0,0.04775387,5265.0,1427.0
636,31.825,710.40895097,372.26503734,4,0,0.05120511,5266.75,1427.0
637,31.875,711.15306523,372.58255492,4,0,0.05465634,5266.75,1427.0
638,31.925,711.90896604,373.03418712,4,0,0.06177331,5269.5,1426.0
639,31.975,712.67581522,373.56396594,4,0,0.06459949,5267.0,1425.0
640,32.025,713.44765485,374.09200335,4,0,0.06147801,5266.25,1421.0
641,32.075,714.2254803,374.61843737,4,0,0.06072042,5266.75,1421.0
642,32.125,714.9957588,374.93578045,4,0,0.04868977,5268.25,1421.0
643,32.175,715.74601693,375.22396396,4,0,0.03536465,5269.75,1421.0
644,32.225,716.49195706,375.52305575,4,0,0.03518614,5271.25,1421.0
645,32.275,717.23034487,375.78108067,4,0,0.0362909,5271.75,1421.0
646,32.325,717.96278335,376.03079646,4,0,0.03736859,5272.5,1420.0
647,32.375,718.68970982,376.280632,4,0,0.03844629,5274.0,1420.0
648,32.425,719.41134324,376.53155086,4,0,0.03952398,5272.25,1415.0
649,32.475,720.13092178,376.78566298,4,0,0.04060168,5272.25,1411.0
650,32.525,720.850289,377.05899926,4,0,0.04170247,5273.5,1411.0
651,32.575,721.59218159,377.4370833,4,0,0.04424663,5274.25,1411.0
652,32.625,722.3365537,377.81941812,4,0,0.04335968,5274.75,1412.0
653,32.675,723.0725775,378.1968112,4,0,0.0395875,5275.5,1410.0
654,32.725,723.79714568,378.57262678,4,0,0.03579593,5275.75,1410.0
655,32.775,724.5148005,378.88185517,4,0,0.03230262,5277.5,1410.0
656,32.825,725.23412749,379.17177147,4,0,0.02141386,5278.25,1410.0
657,32.875,725.95172877,379.46128241,4,0,0.02067554,5279.5,1411.0
658,32.925,726.66417844,379.75448546,4,0,0.0199295,5278.5,1409.0
659,32.975,727.36991591,380.05086247,4,0,0.01918346,5279.5,1409.0
660,33.025,728.07247242,380.35023097,4,0,0.01843743,5281.0,1410.0
661,33.075,728.79682976,380.66778989,4,0,0.01769139,5280.75,1408.0
662,33.125,729.55343278,380.99659799,4,0,0.0278551,5281.75,1408.0
663,33.175,730.31106041,381.33155014,4,0,0.03929996,5283.5,1405.0
664,33.225,731.06558645,381.66658414,4,0,0.0299181,5285.0,1405.0
665,33.275,731.81617445,382.00575748,4,0,0.03097629,5286.0,1405.0
666,33.325,732.56442828,382.34158705,4,0,0.03009117,5286.75,1405.0
667,33.375,733.30893164,382.67419105,4,0,0.0276862,5284.25,1404.0
668,33.425,734.04783876,382.98937786,4,0,0.02524436,5285.5,1404.0
669,33.475,734.78535451,383.29649017,4,0,0.02280252,5285.5,1403.0
670,33.525,735.52240238,383.60319652,4,0,0.01870704,5285.75,1402.0
671,33.575,736.26196068,383.90928908,4,0,0.01982716,5285.75,1402.0
672,33.625,737.01381868,384.22047663,4,0,0.03120177,5286.5,1402.0
673,33.675,737.76460388,384.54190835,4,0,0.03073733,5288.25,1402.0
674,33.725,738.5176843,384.86668732,4,0,0.02719293,5289.5,1402.0
675,33.775,739.290235,385.2319651,4,0,0.05248289,5290.5,1402.0
676,33.825,740.06325509,385.61833611,4,0,0.04930155,5289.25,1400.0
677,33.875,740.83879211,386.00342792,4,0,0.04612022,5287.5,1391.0
678,33.925,741.6161868,386.38849012,4,0,0.04293889,5288.75,1391.0
679,33.975,742.39472656,386.77370058,4,0,0.0302866,5289.5,1391.0
680,34.025,743.17315233,387.1169964,4,0,0.03012064,5290.5,1392.0
681,34.075,743.94930255,387.43412127,4,0,0.02880311,5292.0,1391.0
682,34.125,744.71598035,387.74444206,4,0,0.0259318,5292.5,1390.0
683,34.175,745.47266326,388.02070251,4,0,0.01928026,5292.75,1389.0
684,34.225,746.22854189,388.30127504,4,0,0.01855433,5293.0,1389.0
685,34.275,746.98101928,388.57414121,4,0,0.01782841,5293.75,1389.0
686,34.325,747.73052984,388.8468978,4,0,0.01710248,5293.0,1382.0
687,34.375,748.4770991,389.11966778,4,0,0.01637656,5292.75,1381.0
688,34.425,749.22083984,389.3924246,4,0,0.01565063,5294.75,1381.0
689,34.475,749.96452494,389.68014362,4,0,0.0149247,5295.25,1379.0
690,34.525,750.71226325,389.97065267,4,0,0.01419878,5297.0,1379.0
691,34.575,751.46624948,390.2591562,4,0,0.01347285,5297.5,1379.0
692,34.625,752.22614264,390.54844154,4,0,0.01274693,5297.5,1379.0
693,34.675,752.98844777,390.84952388,4,0,0.0121188,5298.75,1379.0
694,34.725,753.75046267,391.15177681,4,0,0.0114188,5299.75,1381.0
695,34.775,754.50916468,391.45584884,4,0,0.01070783,5301.25,1381.0
696,34.825,755.26349484,391.75261985,4,0,0.0,5303.0,1381.0
697,34.875,756.01530279,392.04888172,4,0,0.0,5304.0,1381.0
698,34.925,756.76657778,392.35005185,4,0,0.0,5304.0,1381.0
699,34.975,757.51914711,392.65248487,4,0,0.0,5304.25,1381.0
700,35.025,758.27612998,392.95582614,4,0,0.01025865,5305.5,1378.0
701,35.075,759.03815621,393.25923653,4,0,0.01062617,5307.0,1378.0
702,35.125,759.80129737,393.56140744,4,0,0.01097087,5307.5,1378.0
703,35.175,760.57450301,393.86570159,4,0,0.01044164,5309.5,1380.0
704,35.225,761.35520674,394.17238295,4,0,0.0,5310.25,1380.0
705,35.275,762.13786171,394.48075533,4,0,0.0,5310.5,1380.0
706,35.325,762.92473246,394.78940302,4,0,0.0,5311.0,1380.0
707,35.375,763.71706856,395.10098164,4,0,0.0,5312.0,1380.0
708,35.425,764.5130842,395.41926771,4,0,0.0,5313.0,1380.0
709,35.475,765.31167486,395.73575596,4,0,0.0,5313.25,1380.0
710,35.525,766.11329482,396.05414794,4,0,0.0,5315.0,1380.0
711,35.575,766.92476563,396.41510012,4,0,0.01002574,5315.0,1379.0
712,35.625,767.74731853,396.78214507,4,0,0.01013715,5315.5,1379.0
713,35.675,768.57662451,397.14978652,4,0,0.01010658,5316.75,1379.0
714,35.725,769.40636644,397.52106938,4,0,0.01007602,5316.75,1379.0
715,35.775,770.24472276,397.89422837,4,0,0.01004546,5317.0,1379.0
716,35.825,771.08900219,398.26887739,4,0,0.0202179,5319.0,1378.0
717,35.875,771.93219124,398.63266831,4,0,0.01410035,5320.75,1379.0
718,35.925,772.75721376,398.95792023,4,0,0.01037797,5320.75,1378.0
719,35.975,773.54461804,399.26419316,4,0,0.0,5321.25,1377.0
720,36.025,774.31373397,399.55452506,4,0,0.0,5321.5,1377.0
721,36.075,775.07006252,399.83737154,4,0,0.0,5323.0,1377.0
722,36.125,775.83001551,400.11675254,4,0,0.0,5325.0,1378.0
723,36.175,776.60361742,400.39609826,4,0,0.01384284,5326.75,1378.0
724,36.225,777.38343645,400.70388112,4,0,0.02532935,5327.75,1378.0
725,36.275,778.15675761,401.01263502,4,0,0.02224287,5327.25,1376.0
726,36.325,778.92389809,401.32131838,4,0,0.01910069,5326.75,1372.0
727,36.375,779.68448088,401.63438262,4,0,0.0159585,5327.25,1372.0
728,36.425,780.43979017,401.96095034,4,0,0.01281632,5327.75,1372.0
729,36.475,781.18686373,402.28825568,4,0,0.0,5329.0,1373.0
730,36.525,781.92866094,402.62119706,4,0,0.0,5329.25,1373.0
731,36.575,782.66556996,402.9381396,4,0,0.0,5329.25,1373.0
732,36.625,783.40041426,403.22055606,4,0,0.0,5331.0,1373.0
733,36.675,784.13644435,403.50311234,4,0,0.0,5332.0,1374.0
734,36.725,784.87175312,403.79759507,4,0,0.0,5332.0,1374.0
735,36.775,785.61387566,404.09759328,4,0,0.0,5333.75,1374.0
736,36.825,786.38763152,404.38100428,4,0,0.0,5335.5,1374.0
737,36.875,787.17951374,404.66466511,4,0,0.0,5336.25,1374.0
738,36.925,787.983984,404.95504632,4,0,0.01174822,5336.75,1374.0
739,36.975,788.78821266,405.2658356,4,0,0.01451863,5337.75,1373.0
740,37.025,789.58295309,405.61155518,4,0,0.01473644,5339.0,1375.0
741,37.075,790.36710783,405.94798468,4,0,0.0130214,5341.25,1375.0
742,37.125,791.15241228,406.28713615,4,0,0.01130636,5341.75,1373.0
743,37.175,791.93747455,406.61413786,4,0,0.0,5343.0,1374.0
744,37.225,792.71657443,406.94058164,4,0,0.0,5343.25,1374.0
745,37.275,793.4695338,407.19751474,4,0,0.0,5344.0,1374.0
746,37.325,794.22955429,407.45971735,4,0,0.0,5345.0,1374.0
747,37.375,795.0049325,407.72023094,4,0,0.0,5345.25,1374.0
748,37.425,795.79546788,407.97901297,4,0,0.0,5346.5,1374.0
749,37.475,796.6241499,408.2372235,4,0,0.0,5346.75,1374.0
750,37.525,797.5101876,408.50760997,4,0,0.0,5346.75,1374.0
751,37.575,798.47784718,408.78431964,4,0,0.0,5347.5,1374.0
752,37.625,799.4641194,409.07732305,4,0,0.0,5348.25,1375.0
753,37.675,800.4952296,409.39452728,4,0,0.01992745,5348.5,1375.0
754,37.725,801.57834136,409.82533725,4,0,0.04096802,5348.75,1373.0
755,37.775,802.69062472,410.2777391,4,0,0.03102619,5349.0,1373.0
756,37.825,803.81161137,410.73013669,4,0,0.02018709,5351.25,1371.0
757,37.875,804.93615601,411.14753453,4,0,0.0,5351.75,1371.0
758,37.925,806.06761027,411.4577144,4,0,0.0,5352.75,1371.0
759,37.975,807.2052839,411.76541289,4,0,0.0,5355.25,1370.0
760,38.025,808.35672623,412.05024797,4,0,0.0,5355.5,1370.0
761,38.075,809.53128328,412.32913087,4,0,0.0,5356.0,1370.0
762,38.125,810.74345273,412.60696368,4,0,0.0,5356.0,1370.0
763,38.175,812.0280499,412.89838969,4,0,0.01148275,5357.0,1370.0
764,38.225,813.37232154,413.19472094,4,0,0.010603,5357.5,1368.0
765,38.275,814.77004538,413.49858831,4,0,0.0,5357.75,1368.0
766,38.325,816.22662451,413.82432842,4,0,0.0,5358.0,1368.0
767,38.375,817.77665374,414.24436091,4,0,0.03621667,5358.25,1368.0
768,38.425,819.42114928,414.71589392,4,0,0.03143508,5358.25,1366.0
769,38.475,821.1392356,415.18709688,4,0,0.02207371,5358.25,1366.0
770,38.525,822.91678024,415.66027171,4,0,0.01271234,5358.75,1367.0
771,38.575,824.77347689,416.01031416,4,0,0.0,5359.25,1367.0
772,38.625,826.71038604,416.30735133,4,0,0.0,5360.75,1367.0
773,38.675,828.71486467,416.60037685,4,0,0.0,5361.75,1367.0
774,38.725,830.76063239,416.90074706,4,0,0.0,5362.5,1367.0
775,38.775,832.84516143,417.18661634,4,0,0.0,5363.0,1367.0
776,38.825,834.97854831,417.47897156,4,0,0.0,5363.75,1368.0
777,38.875,837.16266548,417.77161591,4,0,0.0,5365.0,1368.0
778,38.925,839.39906411,418.06677903,4,0,0.0,5366.25,1368.0
779,38.975,841.68986981,418.3663367,4,0,0.0,5366.25,1368.0
780,39.025,844.03908069,418.70913223,4,0,0.0,5368.25,1367.0
781,39.075,846.46238623,419.21958545,4,0,0.01484071,5368.75,1367.0
782,39.125,848.97805256,419.74272344,4,0,0.05617766,5368.5,1364.0
783,39.175,851.54312252,420.293498,4,0,0.04780178,5370.0,1362.0
784,39.225,854.1350223,420.81139559,4,0,0.0,5370.75,1362.0
785,39.275,857.0673978,421.14336616,4,0,0.08498631,5370.5,1362.0
786,39.325,860.57150317,421.4935032,4,0,0.32301841,5370.5,1362.0
787,39.375,864.53903368,421.86217441,4,0,0.59515447,5369.5,1362.0
788,39.425,868.79066147,422.24104459,4,0,0.76474989,5367.0,1362.0
789,39.475,873.31183218,422.62565332,4,0,0.93121216,5365.25,1363.0
790,39.525,877.94470789,423.01150827,4,0,0.97959492,5364.25,1362.0
791,39.575,882.68236145,423.40223507,4,0,1.01748978,5361.0,1362.0
792,39.625,887.53770651,423.81499173,4,0,1.05535177,5360.0,1362.0
793,39.675,892.48514362,424.23224042,4,0,1.09219115,5356.75,1361.0
794,39.725,897.5277126,424.71162486,4,0,1.13231554,5354.0,1361.0
795,39.775,902.80808892,425.22374566,4,0,1.28496827,5352.75,1362.0
796,39.825,908.34319672,425.74920398,4,0,1.49243181,5349.75,1362.0
797,39.875,914.15634894,426.27713303,4,0,1.73019359,5348.5,1362.0
798,39.925,920.63434322,426.82055694,4,0,2.30885119,5345.5,1362.0
799,39.975,929.85782162,427.43364974,4,0,4.96016438,5340.5,1362.0
800,40.025,1078.60818177,501.88469107,4,0,144.40295057,5163.0,1438.0
801,40.075,1220.71212471,503.11887039,4,0,133.88807955,5032.0,1438.0
802,40.125,1310.33516076,502.07175703,4,0,81.24924877,4946.75,1430.0
803,40.175,1378.77424476,502.37702614,4,0,60.03634427,4886.75,1426.0
804,40.225,1442.75260978,503.18004331,4,0,55.47500701,4816.25,1412.0
805,40.275,1502.96079526,503.86034718,4,0,51.59287151,4757.25,1408.0
806,40.325,1558.19111576,504.74173035,4,0,46.54194665,4713.0,1403.0
807,40.375,1606.29069579,505.71418135,4,0,39.37881045,4669.75,1400.0
808,40.425,1651.98094409,506.68845374,4,0,37.16851261,4619.5,1377.0
809,40.475,1696.47093857,507.76277068,4,0,36.15760032,4578.0,1366.0
810,40.525,1739.76024249,508.71744354,4,0,35.14633501,4534.25,1356.0
811,40.575,1781.19454558,509.71609113,4,0,33.47286755,4489.25,1340.0
812,40.625,1819.4852361,510.26332696,4,0,30.4732721,4449.5,1338.0
813,40.675,1857.15644604,510.88156341,4,0,29.70995632,4414.25,1338.0
814,40.725,1895.43561885,512.1665137,4,0,30.18839519,4402.25,1335.0
815,40.775,1933.1536646,498.2611876,3,0,29.44030244,4360.25,1320.0
816,40.825,1966.24499314,497.28933821,3,0,25.4761029,4320.5,1317.0
817,40.875,1997.79079189,496.36576058,3,0,23.97515015,4301.75,1315.0
818,40.925,2027.59123563,495.51436295,3,0,22.26572513,4276.75,1311.0
819,40.975,2055.81428689,494.85239669,3,0,20.92666045,4239.25,1307.0
820,41.025,2084.46574092,494.70282563,3,0,21.49203072,4234.75,1302.0
821,41.075,2112.87593141,494.63764949,3,0,21.29873418,4195.5,1297.0
822,41.125,2141.03180091,494.61683743,3,0,21.14120444,4155.25,1292.0
823,41.175,2168.9390449,494.63128653,3,0,20.98304278,4150.0,1282.0
824,41.225,2196.59946126,494.70073347,3,0,20.79308471,4110.5,1274.0
825,41.275,2223.86452972,494.60373841,3,0,20.4603132,4106.75,1269.0
826,41.325,2249.47760418,494.08235439,3,0,18.83767079,4067.25,1268.0
827,41.375,2273.6339018,493.67971438,3,0,17.38660456,4055.0,1267.0
828,41.425,2297.19084418,493.33691996,3,0,16.81277278,4026.0,1265.0
829,41.475,2320.67631301,493.03280276,3,0,16.75787301,4002.5,1262.0
830,41.525,2344.08271512,492.82198293,3,0,16.68561604,3987.0,1261.0
831,41.575,2367.2648477,492.68836012,3,0,16.46715098,3957.25,1261.0
832,41.625,2390.24000045,492.65331457,3,0,16.33515386,3946.0,1257.0
833,41.675,2413.14620014,492.6362079,3,0,16.28191655,3918.75,1255.0
834,41.725,2435.94762815,492.69133005,3,0,16.17722116,3903.0,1250.0
835,41.775,2458.57668717,492.84371603,3,0,16.00258179,3882.25,1245.0
836,41.825,2480.91649142,493.02139192,3,0,15.73306789,3862.0,1236.0
837,41.875,2502.53545842,493.24794061,3,0,15.0372908,3849.25,1235.0
838,41.925,2523.23674917,493.18922439,3,0,14.14883464,3820.25,1228.0
839,41.975,2543.67454487,492.94779214,3,0,13.87153032,3819.25,1227.0
840,42.025,2564.12731357,492.75762108,3,0,13.87150163,3781.25,1227.0
841,42.075,2584.45635989,492.59065739,3,0,13.72525356,3778.5,1225.0
842,42.125,2604.60517291,492.44472867,3,0,13.5226558,3739.75,1223.0
843,42.175,2624.60753706,492.41645787,3,0,13.34505029,3739.0,1222.0
844,42.225,2644.45054213,492.42086048,3,0,13.1747076,3715.25,1222.0
845,42.275,2664.14100418,492.47041686,3,0,13.04388814,3699.5,1220.0
846,42.325,2683.75312284,492.51695432,3,0,13.00598304,3697.0,1217.0
847,42.375,2703.31677446,492.5813011,3,0,12.97016328,3658.75,1213.0
848,42.425,2722.79552765,492.69869975,3,0,12.90351315,3657.25,1209.0
849,42.475,2742.14562761,492.81650238,3,0,12.82931257,3618.0,1204.0
850,42.525,2761.15044939,492.9665795,3,0,12.52102124,3614.5,1196.0
851,42.575,2779.50185201,492.8686469,3,0,11.89615125,3615.25,1195.0
852,42.625,2797.41754702,492.69636001,3,0,11.47998797,3577.0,1194.0
853,42.675,2815.18817854,492.560023,3,0,11.34862848,3575.0,1191.0
854,42.725,2832.8022566,492.42666154,3,0,11.19715341,3537.25,1191.0
855,42.775,2850.23464035,492.39117973,3,0,11.02174416,3537.25,1192.0
856,42.825,2867.40598083,492.38134472,3,0,10.75785061,3534.75,1190.0
857,42.875,2884.47852683,492.44840531,3,0,10.65421412,3495.25,1189.0
858,42.925,2901.61778577,492.55322958,3,0,10.68783616,3495.75,1188.0
859,42.975,2918.82270559,492.66569025,3,0,10.72210128,3493.0,1183.0
860,43.025,2936.0564933,492.81886142,3,0,10.74107448,3454.0,1181.0
861,43.075,2953.22782558,493.00573328,3,0,10.70505279,3451.75,1179.0
862,43.125,2970.3262688,493.19255116,3,0,10.66804868,3445.5,1173.0
863,43.175,2987.34268244,493.38434837,3,0,10.62182067,3410.5,1168.0
864,43.225,3004.21287578,493.38509618,3,0,10.51421912,3410.0,1165.0
865,43.275,3020.812702,493.21640095,3,0,10.27483058,3379.75,1163.0
866,43.325,3037.01894475,493.10218156,3,0,9.89565372,3369.5,1160.0
867,43.375,3052.81688316,493.00276393,3,0,9.48991919,3370.25,1160.0
868,43.425,3068.37206549,492.9569398,3,0,9.23438142,3330.75,1158.0
869,43.475,3083.97888314,493.01652418,3,0,9.2640179,3329.75,1156.0
870,43.525,3099.57810527,493.10213772,3,0,9.23117267,3328.75,1156.0
871,43.575,3115.10186263,493.22292834,3,0,9.17289829,3293.5,1156.0
872,43.625,3130.57287441,493.38203699,3,0,9.15405652,3289.0,1152.0
873,43.675,3145.99165222,493.60648859,3,0,9.13083123,3285.75,1150.0
874,43.725,3161.34032313,493.88022004,3,0,9.0961518,3266.0,1150.0
875,43.775,3176.61183923,494.12807801,3,0,9.06441568,3245.75,1141.0
876,43.825,3191.82490237,494.35758868,3,0,9.03230673,3245.0,1140.0
877,43.875,3206.83917738,494.38703671,3,0,8.85600249,3240.75,1139.0
878,43.925,3221.58289982,494.34084467,3,0,8.78222223,3205.0,1137.0
879,43.975,3233.70682574,494.30067513,3,0,8.62496918,3210.5,1160.0
880,44.025,3116.41239011,565.86260058,3,0,8.57027573,3324.0,1247.0
881,44.075,3021.65083758,566.24777317,3,0,8.3765105,3389.25,1260.0
882,44.125,2962.77263049,571.15075394,3,0,8.31621621,3462.25,1266.0
883,44.175,2914.79909177,575.48798654,3,0,8.28798118,3535.25,1267.0
884,44.225,2868.17462349,578.97083672,3,0,8.25266886,3536.0,1273.0
885,44.275,2831.13108548,582.00294945,3,0,8.19431117,3604.0,1293.0
886,44.325,2799.37110688,585.33647163,3,0,8.12420694,3654.0,1300.0
887,44.375,2767.95176673,588.38954017,3,0,8.04472958,3673.75,1304.0
888,44.425,2739.90539823,591.27187852,3,0,7.96530015,3696.0,1302.0
889,44.475,2715.08093911,593.66967946,3,0,7.88992571,3737.5,1309.0
890,44.525,2691.00433565,595.80771062,3,0,7.81318511,3762.0,1315.0
891,44.575,2668.66967099,597.03014209,3,0,7.6764536,3742.5,1322.0
892,44.625,2646.78292826,598.24527145,3,0,7.56116704,3788.25,1345.0
893,44.675,2624.9713532,599.6541828,3,0,7.48121316,3829.25,1351.0
894,44.725,2603.19013092,602.38661112,3,0,7.45464895,3839.25,1355.0
895,44.775,2564.63866693,603.32680511,3,0,7.43595963,3865.25,1356.0
896,44.825,2534.94230994,600.08018135,3,0,7.41879624,3904.25,1349.0
897,44.875,2510.55709975,598.36814982,3,0,7.38567358,3954.25,1347.0
898,44.925,2489.22785106,597.65226421,3,0,7.34727054,3943.75,1349.0
899,44.975,2469.5154048,603.10632865,3,0,7.30536512,3970.25,1347.0
900,45.025,2451.03482089,602.77055618,3,0,7.25003433,4015.0,1352.0
901,45.075,2433.57748709,603.14832018,3,0,7.15238735,4019.25,1347.0
902,45.125,2416.61327075,603.54781898,3,0,7.04075559,4028.0,1343.0
903,45.175,2400.22756081,604.21963108,3,0,6.87240339,4059.5,1346.0
904,45.225,2384.60409071,602.83081916,3,0,6.75199288,4076.25,1346.0
905,45.275,2370.67383204,601.98168899,3,0,6.65283782,4077.75,1351.0
906,45.325,2357.3900389,601.21771718,3,0,6.57816872,4085.5,1354.0
907,45.375,2344.6567558,600.7845248,3,0,6.55326411,4126.75,1354.0
908,45.425,2332.30270404,599.95779092,3,0,6.56590664,4136.75,1354.0
909,45.475,2320.65254262,598.78176118,3,0,6.57725356,4138.25,1355.0
910,45.525,2309.64840794,598.9860458,3,0,6.5928359,4141.25,1354.0
911,45.575,2299.02439183,599.24133647,3,0,6.60968872,4176.0,1356.0
912,45.625,2288.73642393,599.6484013,3,0,6.61849899,4181.25,1352.0
913,45.675,2278.67391024,600.27322827,3,0,6.63986192,4179.0,1352.0
914,45.725,2267.51103478,600.62537852,3,0,6.63330387,4186.0,1354.0
915,45.775,2256.54888358,601.03747358,3,0,6.432482,4225.75,1354.0
916,45.825,2246.1754724,601.04719579,3,0,6.2356698,4227.75,1355.0
917,45.875,2235.96751342,600.14159921,3,0,6.07582925,4230.0,1358.0
918,45.925,2225.73522515,599.36580472,3,0,5.97777251,4237.75,1358.0
919,45.975,2215.68197264,598.76700499,3,0,5.92201896,4246.0,1362.0
920,46.025,2206.10418476,598.65186189,3,0,5.91633507,4284.0,1355.0
921,46.075,2197.00524421,598.6647837,3,0,5.90285611,4248.25,1352.0
922,46.125,2188.51584667,598.78625995,3,0,5.88331352,4286.75,1354.0
923,46.175,2180.5668129,598.95704011,3,0,5.88864823,4288.0,1352.0
924,46.225,2173.06003673,599.30645988,3,0,5.8686706,4323.25,1345.0
925,46.275,2165.75884985,599.75183834,3,0,5.81369302,4288.0,1343.0
926,46.325,2159.01013326,600.22694096,3,0,5.81393747,4297.5,1340.0
927,46.375,2152.59317538,600.85300653,3,0,5.80256983,4328.5,1339.0
928,46.425,2146.10534364,601.49443201,3,0,5.71786275,4337.5,1334.0
929,46.475,2139.69231946,601.71619788,3,0,5.60933795,4330.25,1336.0
930,46.525,2133.54254711,601.40278832,3,0,5.60890291,4340.25,1334.0
931,46.575,2127.71729322,601.05847255,3,0,5.60488826,4342.25,1335.0
932,46.625,2122.09426612,600.76021596,3,0,5.60209911,4375.0,1337.0
933,46.675,2116.66272792,600.72849113,3,0,5.58520319,4357.75,1338.0
934,46.725,2111.33971179,601.07512897,3,0,5.56991428,4357.25,1339.0
935,46.775,2106.14106223,601.51021505,3,0,5.56248554,4383.5,1337.0
936,46.825,2101.4563702,602.03638384,3,0,5.55140873,4383.5,1336.0
937,46.875,2096.95827314,602.60019887,3,0,5.53649873,4421.0,1335.0
938,46.925,2092.53751344,603.18210719,3,0,5.5021988,4383.25,1332.0
939,46.975,2088.1843774,603.76825137,3,0,5.44148796,4384.75,1332.0
940,47.025,2083.97189859,604.50454472,3,0,5.37446812,4421.5,1329.0
941,47.075,2080.10558663,605.29612359,3,0,5.29949319,4420.75,1328.0
942,47.125,2076.40167179,605.82626466,3,0,5.20417713,4390.0,1320.0
943,47.175,2073.96321484,608.93836781,3,0,6.65053889,4422.0,1323.0
944,47.225,2069.82828606,597.59377535,2,0,5.02480214,4423.0,1322.0
945,47.275,2065.10872356,598.30082333,2,0,4.82530746,4430.5,1322.0
946,47.325,2059.48546397,609.00060204,2,0,4.85876146,4463.5,1325.0
947,47.375,2053.59885899,608.61916171,2,0,4.91449377,4435.5,1324.0
948,47.425,2047.86251164,608.51597086,2,0,4.87910516,4440.25,1325.0
949,47.475,2042.34164156,608.70763013,2,0,4.84769329,4473.25,1336.0
950,47.525,2037.26804992,609.17866456,2,0,4.80553053,4478.5,1333.0
951,47.575,2032.55226509,609.52608557,2,0,4.75826555,4444.5,1332.0
952,47.625,2028.08614192,609.92327189,2,0,4.81655561,4478.25,1332.0
953,47.675,2023.89995338,610.29158161,2,0,5.09363149,4488.25,1329.0
954,47.725,2019.64312937,610.59041118,2,0,4.96678632,4488.0,1327.0
955,47.775,2015.42352345,610.53641994,2,0,4.88906716,4523.0,1331.0
956,47.825,2011.19973841,610.2462802,2,0,4.8441787,4490.5,1331.0
957,47.875,2007.05695227,609.97175139,2,0,4.81068237,4492.75,1330.0
958,47.925,2003.066481,609.80792906,2,0,4.77895477,4517.0,1333.0
959,47.975,1999.19902971,609.69267123,2,0,4.75059269,4535.25,1331.0
960,48.025,1995.4183083,609.68875263,2,0,4.73263136,4534.0,1330.0
961,48.075,1991.71085936,609.70115355,2,0,4.71535461,4500.0,1330.0
962,48.125,1988.06437406,609.75768118,2,0,4.6970925,4539.25,1330.0
963,48.175,1984.41906347,609.87689843,2,0,4.67490186,4541.25,1329.0
964,48.225,1980.76634101,610.01133712,2,0,4.64417083,4544.75,1325.0
965,48.275,1977.12682985,610.20907991,2,0,4.56320526,4542.25,1325.0
966,48.325,1973.57867456,610.44145278,2,0,4.52443704,4543.5,1325.0
967,48.375,1970.26033885,610.69301807,2,0,4.51279011,4544.25,1324.0
968,48.425,1966.95216439,610.78344028,2,0,4.49603937,4552.0,1323.0
969,48.475,1963.60570322,610.72330672,2,0,4.48212975,4586.25,1326.0
970,48.525,1960.49630452,610.61230211,2,0,4.45812934,4546.25,1326.0
971,48.575,1957.43116363,610.50378045,2,0,4.40729423,4556.0,1325.0
972,48.625,1954.34266211,610.40514298,2,0,4.34604611,4591.25,1328.0
973,48.675,1951.12335895,610.36179872,2,0,4.28512059,4592.25,1330.0
974,48.725,1947.86243747,610.34661594,2,0,4.22472841,4600.75,1325.0
975,48.775,1944.65117493,610.35796952,2,0,4.16230203,4561.75,1325.0
976,48.825,1941.50633118,610.39118304,2,0,4.11131232,4597.75,1328.0
977,48.875,1938.44999562,610.49732794,2,0,4.10261663,4601.25,1327.0
978,48.925,1935.43037089,610.67369431,2,0,4.09778821,4605.0,1323.0
979,48.975,1932.33415346,610.91168771,2,0,4.07840431,4620.75,1323.0
980,49.025,1929.2778061,611.14987366,2,0,4.04413002,4600.75,1323.0
981,49.075,1926.26705967,611.36162599,2,0,4.01158178,4608.75,1320.0
982,49.125,1923.35846297,611.48149213,2,0,3.97639095,4610.25,1321.0
983,49.175,1920.57552457,611.56387448,2,0,3.95010664,4644.0,1327.0
984,49.225,1917.89260862,611.69999728,2,0,3.9286855,4649.25,1325.0
985,49.275,1915.36140767,611.83707923,2,0,3.92355716,4639.0,1321.0
986,49.325,1912.88013588,611.97282671,2,0,3.91916448,4614.25,1320.0
987,49.375,1910.39905814,612.15806106,2,0,3.90642398,4648.0,1324.0
988,49.425,1907.92136535,612.3863268,2,0,3.90307872,4657.5,1323.0
989,49.475,1905.47389796,612.63352881,2,0,3.89499262,4656.75,1321.0
990,49.525,1903.05257889,612.94127435,2,0,3.8831362,4656.25,1319.0
991,49.575,1900.64878016,613.19771591,2,0,3.86957429,4650.75,1321.0
992,49.625,1898.23844795,613.4941104,2,0,3.84530551,4659.5,1319.0
993,49.675,1895.75030525,613.78484438,2,0,3.7635862,4661.0,1320.0
994,49.725,1893.19598034,613.9965389,2,0,3.68382118,4662.0,1317.0
995,49.775,1890.65715189,613.99607659,2,0,3.62048721,4699.0,1318.0
996,49.825,1888.19845508,613.960488,2,0,3.56947267,4665.5,1318.0
997,49.875,1885.7763382,613.94807691,2,0,3.56508203,4666.0,1318.0
998,49.925,1883.40971324,613.94421237,2,0,3.55922238,4669.0,1320.0
999,49.975,1881.17668983,613.95725155,2,0,3.55336273,4707.5,1319.0
1000,50.025,1879.01676548,614.10870009,2,0,3.54876251,4707.5,1317.0
1001,50.075,1876.98137134,614.40398054,2,0,3.5826205,4699.5,1316.0
1002,50.125,1875.04918026,614.78548351,2,0,3.57760285,4672.25,1315.0
1003,50.175,1873.15396746,615.20626554,2,0,3.59103256,4706.25,1314.0
1004,50.225,1871.26845667,615.63142565,2,0,3.58969338,4710.25,1311.0
1005,50.275,1869.3514273,615.97421713,2,0,3.57917028,4712.0,1310.0
1006,50.325,1867.33404692,616.29336999,2,0,3.52474169,4713.5,1310.0
1007,50.375,1865.21732353,616.47778005,2,0,3.47603929,4682.25,1308.0
1008,50.425,1862.93990844,616.44438219,2,0,3.43958499,4716.0,1311.0
1009,50.475,1860.7021204,616.36280514,2,0,3.40263629,4717.0,1312.0
1010,50.525,1858.61037212,616.27594723,2,0,3.38097511,4718.75,1311.0
1011,50.575,1856.65219813,616.21785157,2,0,3.36158695,4727.75,1311.0
1012,50.625,1854.74576083,616.28300427,2,0,3.33650082,4744.25,1316.0
1013,50.675,1852.8687207,616.43775041,2,0,3.31535353,4722.5,1312.0
1014,50.725,1850.99678359,616.64129566,2,0,3.29417039,4722.5,1311.0
1015,50.775,1849.13472338,616.89776738,2,0,3.27340113,4729.5,1307.0
1016,50.825,1847.30729592,617.21306654,2,0,3.24639222,4757.25,1309.0
1017,50.875,1845.50900857,617.58244273,2,0,3.22173212,4764.25,1309.0
1018,50.925,1843.74472246,617.9831322,2,0,3.19769379,4726.25,1307.0
1019,50.975,1842.21736892,618.3681208,2,0,3.17275437,4729.5,1306.0
1020,51.025,1840.64491748,618.64935688,2,0,3.15164131,4733.5,1303.0
1021,51.075,1839.03635582,618.73786043,2,0,3.12993791,4767.75,1306.0
1022,51.125,1837.37707485,618.9580111,2,0,3.11452151,4768.0,1306.0
1023,51.175,1835.62136979,619.25959735,2,0,3.10389698,4769.0,1304.0
1024,51.225,1833.77305795,619.52560789,2,0,3.09492552,4738.5,1304.0
1025,51.275,1831.75309767,622.062452,2,0,3.07431312,4741.25,1303.0
1026,51.325,1829.04715799,626.68965041,2,0,3.04395097,4772.0,1303.0
1027,51.375,1825.57587966,631.33752128,2,0,3.01586278,4775.0,1311.0
1028,51.425,1820.36909582,630.06013253,3,0,2.9882763,4783.0,1311.0
1029,51.475,1813.52866404,616.90133774,2,0,2.96439097,4789.25,1299.0
1030,51.525,1811.78865221,616.92830597,2,0,2.94223677,4788.0,1302.0
1031,51.575,1810.45615682,616.97103751,2,0,2.9186365,4789.0,1300.0
1032,51.625,1809.14601067,616.99250569,2,0,2.89668094,4790.25,1299.0
1033,51.675,1807.81131036,617.02230261,2,0,2.87232895,4794.0,1298.0
1034,51.725,1806.43597628,617.00435381,2,0,2.83213726,4794.0,1298.0
1035,51.775,1805.13349308,616.91382401,2,0,2.8050218,4830.75,1304.0
1036,51.825,1803.89920318,616.88136993,2,0,2.78418451,4792.75,1303.0
1037,51.875,1802.66922564,616.89014558,2,0,2.76334721,4796.25,1300.0
1038,51.925,1801.44948858,616.90576529,2,0,2.74250992,4796.5,1298.0
1039,51.975,1800.2397239,616.93480197,2,0,2.72167262,4796.25,1298.0
1040,52.025,1799.01611363,617.00398289,2,0,2.70083533,4834.0,1305.0
1041,52.075,1797.78343007,617.10880221,2,0,2.68421498,4834.25,1305.0
1042,52.125,1796.5942593,617.24390438,2,0,2.6720283,4801.0,1305.0
1043,52.175,1795.46157524,617.38141917,2,0,2.66055597,4800.5,1303.0
1044,52.225,1794.38215411,617.48262,2,0,2.66033531,4801.75,1302.0
1045,52.275,1793.34023813,617.59790005,2,0,2.6472009,4837.5,1306.0
1046,52.325,1792.32143383,617.74108855,2,0,2.63299896,4837.5,1306.0
1047,52.375,1791.30004354,617.86574289,2,0,2.61582887,4842.5,1305.0
1048,52.425,1790.2680873,617.99249018,2,0,2.5994037,4803.0,1303.0
1049,52.475,1789.25824539,618.1018996,2,0,2.58344964,4803.25,1302.0
1050,52.525,1788.25868562,618.22034107,2,0,2.56845572,4842.75,1311.0
1051,52.575,1787.25531803,618.35695522,2,0,2.5480342,4844.25,1310.0
1052,52.625,1786.23022479,618.50979265,2,0,2.53231948,4847.25,1309.0
1053,52.675,1785.18433038,618.6816338,2,0,2.510095,4847.25,1309.0
1054,52.725,1784.13237087,618.91235473,2,0,2.49159876,4812.75,1309.0
1055,52.775,1783.07443545,619.16124482,2,0,2.47170121,4844.75,1313.0
1056,52.825,1782.0093148,619.43429647,2,0,2.45876824,4849.0,1308.0
1057,52.875,1780.9481564,619.71201844,2,0,2.45061581,4850.25,1307.0
1058,52.925,1779.87556967,619.97083779,2,0,2.45325645,4849.5,1305.0
1059,52.975,1778.75366167,620.15782967,2,0,2.426325,4848.25,1304.0
1060,53.025,1777.66297807,620.24667181,2,0,2.39610299,4878.0,1309.0
1061,53.075,1776.66425906,620.28094905,2,0,2.36154593,4851.25,1306.0
1062,53.125,1775.70636404,620.33527011,2,0,2.33910455,4852.25,1306.0
1063,53.175,1774.74189133,620.41784529,2,0,2.32716552,4852.5,1305.0
1064,53.225,1773.77707094,620.51219305,2,0,2.31936056,4852.25,1304.0
1065,53.275,1772.81202485,620.61038358,2,0,2.31155559,4880.5,1310.0
1066,53.325,1771.84138982,620.70901086,2,0,2.30375062,4891.5,1310.0
1067,53.375,1770.86669667,620.81242738,2,0,2.29576262,4854.0,1308.0
1068,53.425,1769.89993899,620.92945724,2,0,2.28553442,4854.75,1308.0
1069,53.475,1768.94135898,621.05443636,2,0,2.27436424,4854.75,1310.0
1070,53.525,1767.99813271,621.19127934,2,0,2.26329108,4854.5,1308.0
1071,53.575,1767.06775468,621.32044466,2,0,2.25215177,4891.25,1314.0
1072,53.625,1766.13466174,621.37514057,2,0,2.24108289,4896.0,1313.0
1073,53.675,1765.2244103,621.48533977,2,0,2.23130916,4894.0,1313.0
1074,53.725,1764.33921739,621.64794644,2,0,2.23790709,4857.5,1316.0
1075,53.775,1763.45456506,621.79924892,2,0,2.23099702,4858.75,1316.0
1076,53.825,1762.58195193,621.96646533,2,0,2.22442252,4894.0,1321.0
1077,53.875,1761.72329149,622.1782781,2,0,2.21390428,4898.5,1318.0
1078,53.925,1760.88410559,622.44162729,2,0,2.19006889,4899.25,1317.0
1079,53.975,1760.04263355,622.75895691,2,0,2.15883193,4899.75,1316.0
1080,54.025,1759.18832689,623.0971054,2,0,2.12022669,4859.25,1316.0
1081,54.075,1758.31914043,623.40705165,2,0,2.08419544,4860.5,1317.0
1082,54.125,1757.44034271,623.67313421,2,0,2.04811444,4900.5,1320.0
1083,54.175,1756.54309116,623.94233446,2,0,2.0159193,4901.0,1315.0
1084,54.225,1755.66275514,624.20492992,2,0,1.98592282,4902.75,1316.0
1085,54.275,1754.79021745,624.35270524,2,0,1.9603811,4903.75,1316.0
1086,54.325,1753.89867899,624.45324119,2,0,1.91559163,4904.25,1318.0
1087,54.375,1753.01090964,624.56624178,2,0,1.86581616,4884.75,1317.0
1088,54.425,1752.16228965,624.67753294,2,0,1.84270422,4905.5,1320.0
1089,54.475,1751.34152759,624.79294837,2,0,1.83223861,4906.5,1320.0
1090,54.525,1750.52751008,624.92391554,2,0,1.83065306,4907.0,1321.0
1091,54.575,1749.68085023,625.07475031,2,0,1.83059929,4907.0,1320.0
1092,54.625,1748.75979481,625.22845849,2,0,1.85113001,4906.75,1319.0
1093,54.675,1747.83434182,625.47867426,2,0,1.85624359,4945.5,1320.0
1094,54.725,1746.91130042,625.72575517,2,0,1.84689672,4908.0,1319.0
1095,54.775,1746.00733546,625.98829403,2,0,1.83608607,4909.5,1319.0
1096,54.825,1745.12564616,626.24141831,2,0,1.82260241,4909.5,1318.0
1097,54.875,1744.27311279,626.37637822,2,0,1.82069826,4909.0,1317.0
1098,54.925,1743.43354512,626.45640135,2,0,1.81877397,4909.5,1318.0
1099,54.975,1742.60112827,626.48795036,2,0,1.81805391,4948.5,1322.0
1100,55.025,1741.7608643,626.5452059,2,0,1.81851116,4950.75,1325.0
1101,55.075,1740.92347525,626.61289165,2,0,1.81739847,4912.0,1325.0
1102,55.125,1740.07788656,626.71434723,2,0,1.81770226,4913.0,1324.0
1103,55.175,1739.0680285,626.82716731,2,0,1.82035973,4913.25,1324.0
1104,55.225,1737.88864055,626.96283689,2,0,1.82307218,4914.0,1323.0
1105,55.275,1736.37235574,627.17108218,2,0,1.82578227,4955.25,1326.0
1106,55.325,1734.83698447,627.41650606,2,0,1.82387734,4954.5,1325.0
1107,55.375,1733.29482577,627.66557063,2,0,1.81458804,4955.0,1325.0
1108,55.425,1731.6411997,627.94685273,2,0,1.79408931,4918.25,1329.0
1109,55.475,1729.61226777,628.26239738,2,0,1.76594591,4919.75,1331.0
1110,55.525,1714.64053744,635.14742748,3,0,1.72517268,4934.5,1347.0
1111,55.575,1702.09385757,623.9587292,3,0,1.67752932,4986.25,1344.0
1112,55.625,1693.81368265,620.6682598,3,0,1.62914125,4995.75,1343.0
1113,55.675,1687.0608551,618.03278732,3,0,1.58634855,5001.5,1339.0
1114,55.725,1684.96047214,617.21455238,3,0,1.57271083,5001.5,1339.0
1115,55.775,1683.12529629,616.7358993,3,0,1.56370782,4968.0,1341.0
1116,55.825,1681.27665834,616.28720355,3,0,1.55460891,4971.25,1339.0
1117,55.875,1679.42543145,615.88551018,3,0,1.55660496,5000.75,1340.0
1118,55.925,1677.5660044,615.53186737,3,0,1.5467711,5009.75,1337.0
1119,55.975,1675.74296594,615.23029945,3,0,1.52696993,5010.5,1338.0
1120,56.025,1673.98254737,615.00325961,3,0,1.51617812,5014.75,1337.0
1121,56.075,1672.23575751,614.87471579,3,0,1.50237202,5015.75,1338.0
1122,56.125,1670.51293983,614.79384084,3,0,1.4885113,5010.25,1340.0
1123,56.175,1669.06663565,614.83675428,3,0,1.47315206,4982.0,1334.0
1124,56.225,1667.8377386,614.89585128,3,0,1.45800242,5017.5,1337.0
1125,56.275,1666.56102351,614.83686323,3,0,1.44151444,5017.75,1337.0
1126,56.325,1665.26013046,614.78770505,3,0,1.42940311,5019.75,1338.0
1127,56.375,1663.94991529,614.73990543,3,0,1.42237992,5020.5,1338.0
1128,56.425,1662.62931281,614.69239462,3,0,1.41659041,5020.75,1338.0
1129,56.475,1661.30197266,614.65198665,3,0,1.41358455,5026.25,1337.0
1130,56.525,1659.99725378,614.65379287,3,0,1.41001625,5022.0,1340.0
1131,56.575,1658.73747794,614.70292154,3,0,1.40698848,5021.5,1339.0
1132,56.625,1657.52734937,614.79572667,3,0,1.40368202,5022.25,1340.0
1133,56.675,1656.39419228,614.93144065,3,0,1.39974373,5023.25,1340.0
1134,56.725,1655.37337597,615.08228542,3,0,1.39378034,5023.25,1339.0
1135,56.775,1654.4541904,615.24286977,3,0,1.38607094,5028.5,1337.0
1136,56.825,1653.58860585,615.40283867,3,0,1.37579078,5048.25,1341.0
1137,56.875,1652.78051306,615.52694155,3,0,1.36491139,5055.0,1342.0
1138,56.925,1652.06091433,615.54188817,3,0,1.3378419,5025.0,1342.0
1139,56.975,1651.42983463,615.59974782,3,0,1.31411887,5025.5,1342.0
1140,57.025,1650.76720311,615.67865548,3,0,1.2825909,5026.25,1342.0
1141,57.075,1650.07074917,615.7710068,3,0,1.25241684,5031.0,1339.0
1142,57.125,1649.37525034,615.87825338,3,0,1.2432118,5031.0,1337.0
1143,57.175,1648.69783686,615.99061863,3,0,1.24244762,5065.5,1342.0
1144,57.225,1648.03494859,616.11462475,3,0,1.24168344,5065.25,1343.0
1145,57.275,1647.36852443,616.26542341,3,0,1.23531443,5029.75,1344.0
1146,57.325,1646.69538544,616.42765946,3,0,1.22582549,5027.0,1343.0
1147,57.375,1646.01073012,616.61387469,3,0,1.21633654,5028.0,1343.0
1148,57.425,1645.31747989,616.79959647,3,0,1.2068476,5032.75,1337.0
1149,57.475,1644.61800569,616.97135938,3,0,1.1970183,5031.75,1335.0
1150,57.525,1643.88800409,617.03826338,3,0,1.18207909,5066.75,1340.0
1151,57.575,1643.13118867,617.01196671,3,0,1.16660558,5068.0,1340.0
1152,57.625,1642.37973382,616.98624603,3,0,1.14673093,5068.25,1341.0
1153,57.675,1641.63742392,617.0048314,3,0,1.12694513,5032.75,1342.0
1154,57.725,1640.89472209,617.02933967,3,0,1.11426394,5035.25,1341.0
1155,57.775,1640.15981123,617.05627526,3,0,1.10780237,5035.25,1339.0
1156,57.825,1639.43654131,617.1013516,3,0,1.10138547,5035.0,1338.0
1157,57.875,1638.72384227,617.17930296,3,0,1.09496857,5070.5,1343.0
1158,57.925,1638.0263885,617.2708785,3,0,1.08855167,5071.5,1342.0
1159,57.975,1637.34249005,617.38605269,3,0,1.08213478,5071.5,1340.0
1160,58.025,1636.69874555,617.53243402,3,0,1.07571788,5070.75,1340.0
1161,58.075,1636.12555148,617.64472721,3,0,1.0692904,5041.0,1339.0
1162,58.125,1635.64203682,617.76428459,3,0,1.06286745,5039.25,1339.0
1163,58.175,1635.20861495,617.89413314,3,0,1.07186678,5039.0,1335.0
1164,58.225,1634.8249261,618.02591809,3,0,1.07633706,5073.5,1339.0
1165,58.275,1634.42151728,618.15366653,3,0,1.03656633,5074.5,1338.0
1166,58.325,1633.9983006,618.29058416,3,0,1.03247132,5074.75,1337.0
1167,58.375,1633.53075299,618.44246122,3,0,1.02792827,5075.25,1338.0
1168,58.425,1633.02507592,618.59424607,3,0,1.02330911,5081.0,1337.0
1169,58.475,1632.48639498,618.74814615,3,0,1.01868803,5043.75,1338.0
1170,58.525,1631.96261826,618.94083543,3,0,1.01406695,5042.5,1335.0
1171,58.575,1631.49743328,619.16270534,3,0,1.00944587,5076.75,1337.0
1172,58.625,1631.05643098,619.41281276,3,0,1.00509111,5078.0,1339.0
1173,58.675,1630.64084022,619.66314844,3,0,1.00211472,5077.75,1340.0
1174,58.725,1630.24038809,619.91273945,3,0,0.99368605,5079.0,1341.0
1175,58.775,1629.84481636,620.16561474,3,0,0.97419699,5084.5,1340.0
1176,58.825,1629.44266256,620.36175267,3,0,0.95415567,5084.25,1338.0
1177,58.875,1628.99185234,620.5576264,3,0,0.94618491,5053.25,1339.0
1178,58.925,1628.52984586,620.75931004,3,0,0.92445867,5079.5,1340.0
1179,58.975,1628.05331462,620.96383329,3,0,0.89378515,5079.5,1339.0
1180,59.025,1627.58014285,621.178414,3,0,0.87631078,5080.5,1340.0
1181,59.075,1627.1641607,621.40597193,3,0,0.87224208,5081.75,1341.0
1182,59.125,1626.79141894,621.66728215,3,0,0.8687039,5086.75,1340.0
1183,59.175,1626.44698824,621.9588726,3,0,0.86119603,5087.25,1341.0
1184,59.225,1626.08052966,622.24887373,3,0,0.84560902,5087.5,1342.0
1185,59.275,1625.70077983,622.50322391,3,0,0.83695155,5115.5,1344.0
1186,59.325,1625.33020003,622.76012572,3,0,0.82957204,5083.0,1342.0
1187,59.375,1624.94635891,623.02290168,3,0,0.82345613,5084.0,1343.0
1188,59.425,1624.53023538,623.23740896,3,0,0.81740681,5084.25,1343.0
1189,59.475,1624.07619784,623.35116106,3,0,0.81022039,5090.0,1344.0
1190,59.525,1623.57849216,623.48552302,3,0,0.80262765,5090.25,1345.0
1191,59.575,1623.14649365,623.68404754,3,0,0.83528686,5090.0,1344.0
1192,59.625,1622.8545994,623.94732949,3,0,0.92194639,5093.25,1345.0
1193,59.675,1622.57311688,624.20785217,3,0,0.92717193,5124.75,1347.0
1194,59.725,1622.2910295,624.48153014,3,0,0.91153328,5085.25,1346.0
1195,59.775,1622.03499465,624.78390875,3,0,0.90350786,5085.0,1346.0
1196,59.825,1621.79720648,625.11963137,3,0,0.89547613,5089.25,1342.0
1197,59.875,1622.20676791,625.5722329,3,0,1.53280833,5088.75,1336.0
1198,59.925,1622.85601579,626.07911407,3,0,1.75319355,5087.75,1334.0
1199,59.975,1623.52165527,626.72405012,3,0,1.75891659,5086.5,1332.0
1200,60.025,1623.56954413,617.84708273,2,0,1.14518563,5120.75,1336.0
1201,60.075,1623.31574233,617.16117903,2,0,1.29936724,5120.25,1333.0
1202,60.125,1622.6413231,616.62364196,2,0,0.94929964,5113.25,1333.0
1203,60.175,1621.70444034,616.28554866,2,0,0.80199083,5086.5,1331.0
1204,60.225,1620.70788288,616.00491391,2,0,0.78184681,5089.0,1328.0
1205,60.275,1619.65609867,615.72415426,2,0,0.76529092,5088.5,1327.0
1206,60.325,1618.53052951,615.45356955,2,0,0.74859918,5088.25,1327.0
1207,60.375,1617.3820904,615.21155292,2,0,0.73356156,5088.25,1328.0
1208,60.425,1616.23002664,614.97807612,2,0,0.72922187,5123.25,1332.0
1209,60.475,1615.07715647,614.75687918,2,0,0.72256975,5122.75,1331.0
1210,60.525,1613.91890994,614.54629789,2,0,0.70725246,5122.75,1331.0
1211,60.575,1612.78846174,614.36610997,2,0,0.69093933,5091.25,1327.0
1212,60.625,1611.72915007,614.1845575,2,0,0.6830792,5091.0,1326.0
1213,60.675,1610.71058234,613.99167922,2,0,0.67568073,5091.25,1326.0
1214,60.725,1609.6958705,613.7647644,2,0,0.66537391,5091.5,1326.0
1215,60.775,1608.49926063,613.40231551,2,0,0.65129462,5103.5,1327.0
1216,60.825,1607.32382204,613.0028942,2,0,0.63796039,5127.75,1330.0
1217,60.875,1606.16549667,612.6112115,2,0,0.61677065,5126.75,1330.0
1218,60.925,1604.96593918,612.22326978,2,0,0.60787597,5126.5,1329.0
1219,60.975,1603.75050536,611.83933518,2,0,0.60312715,5129.5,1328.0
1220,61.025,1602.52090916,611.46902271,2,0,0.59849835,5091.25,1325.0
1221,61.075,1601.27605045,611.14019821,2,0,0.59571065,5091.25,1325.0
1222,61.125,1600.00691783,610.84270635,2,0,0.59222083,5090.75,1324.0
1223,61.175,1598.72984805,610.55949826,2,0,0.58844095,5105.5,1329.0
1224,61.225,1597.45402662,610.29864393,2,0,0.58466108,5126.25,1328.0
1225,61.275,1596.1810109,610.04885133,2,0,0.58087464,5126.5,1328.0
1226,61.325,1594.91886857,609.7887397,2,0,0.5741152,5130.0,1330.0
1227,61.375,1593.67917044,609.49613939,2,0,0.56294663,5131.25,1330.0
1228,61.425,1592.31997451,609.151801,2,0,0.55751555,5130.25,1329.0
1229,61.475,1590.91580906,608.76062437,2,0,0.5478887,5094.5,1324.0
1230,61.525,1589.5243816,608.37387974,2,0,0.53915068,5091.75,1324.0
1231,61.575,1588.09477698,608.00598781,2,0,0.53320924,5097.75,1325.0
1232,61.625,1586.63571296,607.63942529,2,0,0.52578613,5128.0,1325.0
1233,61.675,1585.16236463,607.27830454,2,0,0.51196457,5127.75,1325.0
1234,61.725,1583.64499968,606.93041316,2,0,0.49476897,5132.5,1328.0
1235,61.775,1582.00992752,606.59537977,2,0,0.47070749,5132.0,1328.0
1236,61.825,1580.31890033,606.27519273,2,0,0.46553201,5132.0,1327.0
1237,61.875,1578.65111403,605.96877141,2,0,0.45132893,5131.5,1326.0
1238,61.925,1577.02970902,605.67620777,2,0,0.44718809,5098.25,1323.0
1239,61.975,1575.44655064,605.40179794,2,0,0.44304725,5095.25,1323.0
1240,62.025,1573.85063701,605.20015402,2,0,0.43885611,5131.25,1326.0
1241,62.075,1572.18231329,605.0166828,2,0,0.4340825,5131.25,1326.0
1242,62.125,1569.06576408,617.00441571,3,0,0.42765843,5134.0,1326.0
1243,62.175,1560.11028461,617.34565718,4,0,0.42572825,5135.75,1333.0
1244,62.225,1555.33129131,615.10541922,4,0,0.41765894,5136.75,1333.0
1245,62.275,1551.56485835,613.59384795,4,0,0.41215319,5138.0,1332.0
1246,62.325,1547.96597592,612.28118586,4,0,0.40989345,5139.0,1331.0
1247,62.375,1544.39270468,610.9873379,4,0,0.40574302,5139.75,1332.0
1248,62.425,1540.84838836,609.79231242,4,0,0.40399131,5138.25,1335.0
1249,62.475,1537.41805743,608.64029651,4,0,0.39559214,5138.5,1333.0
1250,62.525,1534.09385749,607.58769499,4,0,0.36330193,5139.25,1333.0
1251,62.575,1530.89808048,606.63631853,4,0,0.32882831,5143.0,1333.0
1252,62.625,1527.89164409,605.69758351,4,0,0.31550149,5143.0,1333.0
1253,62.675,1525.0813224,604.84179143,4,0,0.31174999,5142.25,1332.0
1254,62.725,1522.7160673,604.01397542,4,0,0.30799845,5142.5,1332.0
1255,62.775,1520.39841736,603.1115318,4,0,0.30425758,5143.25,1333.0
1256,62.825,1518.13098855,602.2076166,4,0,0.30055489,5155.5,1335.0
1257,62.875,1515.87824452,601.3112861,4,0,0.3017354,5139.75,1314.0
1258,62.925,1513.64395304,600.41604899,4,0,0.30849927,5140.5,1311.0
1259,62.975,1511.42326604,599.52239336,4,0,0.31279695,5144.0,1312.0
1260,63.025,1509.19777913,598.64137041,4,0,0.30085597,5144.25,1312.0
1261,63.075,1506.9654766,597.79914593,4,0,0.28132718,5143.5,1312.0
1262,63.125,1504.7417005,597.02317582,4,0,0.281681,5144.0,1312.0
1263,63.175,1502.55852158,596.25807493,4,0,0.28203482,5143.25,1312.0
1264,63.225,1500.42247311,595.51261462,4,0,0.280692,5146.25,1312.0
1265,63.275,1498.03104182,596.89129471,4,0,0.2745274,5177.5,1314.0
1266,63.325,1494.92227323,599.32657713,4,0,0.26565753,5176.75,1314.0
1267,63.375,1492.07503075,598.5187326,4,0,0.25157065,5147.25,1265.0
1268,63.425,1489.28245361,594.13431974,4,0,0.23818123,5149.5,1264.0
1269,63.475,1487.09600507,592.9733996,4,0,0.2265078,5151.75,1264.0
1270,63.525,1484.98575832,591.95970461,4,0,0.20973952,5151.0,1262.0
1271,63.575,1482.88805683,591.04741389,4,0,0.20455507,5150.75,1262.0
1272,63.625,1480.80034865,590.14498203,4,0,0.19815217,5150.5,1262.0
1273,63.675,1478.72093674,589.24907645,4,0,0.19218371,5150.5,1264.0
1274,63.725,1476.64829583,588.37461178,4,0,0.18753227,5180.25,1266.0
1275,63.775,1474.56971286,587.50640209,4,0,0.18331176,5179.75,1266.0
1276,63.825,1472.48634957,586.65612032,4,0,0.18260889,5183.5,1267.0
1277,63.875,1470.47852759,585.88011524,4,0,0.18179129,5163.0,1191.0
1278,63.925,1468.49708412,585.07595774,4,0,0.16721782,5163.5,1191.0
1279,63.975,1466.55026092,584.2795953,4,0,0.16152621,5164.0,1191.0
1280,64.025,1464.52673797,583.49289029,4,0,0.15172988,5164.5,1193.0
1281,64.075,1462.30575913,582.70284294,4,0,0.14317869,5165.0,1196.0
1282,64.125,1460.03246854,581.9163579,4,0,0.13468178,5165.0,1197.0
1283,64.175,1457.74703473,581.14197846,4,0,0.12619709,5194.0,1203.0
1284,64.225,1455.45791873,580.35335069,4,0,0.12007938,5193.5,1202.0
1285,64.275,1453.16763164,579.54897949,4,0,0.11634599,5201.5,1200.0
1286,64.325,1450.88354663,578.7486862,4,0,0.11709884,5201.0,1199.0
1287,64.375,1448.60716708,577.95466133,4,0,0.118396,5202.75,1197.0
1288,64.425,1446.34063214,577.16494207,4,0,0.11969316,5203.25,1199.0
1289,64.475,1444.09632878,576.37959718,4,0,0.12099033,5203.5,1199.0
1290,64.525,1441.87747374,575.60910779,4,0,0.12228749,5203.75,1199.0
1291,64.575,1439.69756424,574.84689967,4,0,0.12358466,5204.0,1199.0
1292,64.625,1437.56298192,574.08637496,4,0,0.12488182,5232.25,1204.0
1293,64.675,1435.45064206,573.32842433,4,0,0.12617899,5232.75,1203.0
1294,64.725,1433.34381984,572.580471,4,0,0.12730065,5238.75,1201.0
1295,64.775,1431.20469591,571.84546108,4,0,0.1276407,5239.75,1201.0
1296,64.825,1429.08609292,571.11540306,4,0,0.12748847,5239.75,1200.0
1297,64.875,1426.97150029,570.38532008,4,0,0.11898142,5240.25,1199.0
1298,64.925,1424.85265498,569.65348244,4,0,0.11108697,5240.5,1199.0
1299,64.975,1422.72816797,568.94285671,4,0,0.11033593,5240.25,1199.0
1300,65.025,1420.59802188,568.23771384,4,0,0.10975478,5240.25,1198.0
1301,65.075,1418.46309919,567.53359334,4,0,0.10917362,5267.0,1202.0
1302,65.125,1416.32968159,566.84166647,4,0,0.10859246,5268.0,1202.0
1303,65.175,1414.23759358,566.16502918,4,0,0.10801131,5275.25,1200.0
1304,65.225,1412.15463699,565.49874497,4,0,0.10764409,5278.0,1199.0
1305,65.275,1410.12272996,564.82268679,4,0,0.10775517,5278.0,1199.0
1306,65.325,1408.14071924,564.12735836,4,0,0.10789322,5277.5,1199.0
1307,65.375,1406.12439331,563.42033346,4,0,0.10803126,5277.25,1198.0
1308,65.425,1404.05280559,562.70010193,4,0,0.10827505,5277.75,1197.0
1309,65.475,1401.97387934,561.98667152,4,0,0.10851422,5278.25,1197.0
1310,65.525,1399.8993176,561.27038877,4,0,0.10848117,5281.75,1198.0
1311,65.575,1397.8478057,560.57370968,4,0,0.10669143,5306.75,1201.0
1312,65.625,1395.80991414,559.88780612,4,0,0.10487952,5314.0,1199.0
1313,65.675,1393.78507167,559.22896499,4,0,0.1041048,5314.5,1198.0
1314,65.725,1391.80432495,558.6051046,4,0,0.10342601,5314.5,1198.0
1315,65.775,1389.98979393,557.98015772,4,0,0.10274721,5314.25,1197.0
1316,65.825,1388.32271313,557.36864859,4,0,0.10230349,5314.0,1197.0
1317,65.875,1386.85734214,558.62199866,5,1,0.28398486,5313.75,1198.0
1318,65.925,1386.0396584,560.38503627,5,0,0.79848231,5312.25,1196.0
1319,65.975,1384.92308856,560.62111499,5,0,0.37629898,5311.75,1196.0
1320,66.025,1383.92049712,560.70863799,5,0,0.41244894,5338.25,1201.0
1321,66.075,1383.17681913,560.70105004,5,0,0.44824192,5345.75,1199.0
1322,66.125,1382.57935993,560.74846162,5,0,0.47316306,5348.25,1198.0
1323,66.175,1382.0557404,560.79426262,5,0,0.48013064,5347.25,1196.0
1324,66.225,1381.58608901,560.87163637,5,0,0.47589396,5346.5,1196.0
1325,66.275,1381.14533126,560.99733297,5,0,0.47981183,5345.25,1196.0
1326,66.325,1380.73416123,561.2095203,5,0,0.47383493,5344.5,1196.0
1327,66.375,1380.34233624,561.43158653,5,0,0.4694447,5344.5,1194.0
1328,66.425,1379.95107003,561.6700727,5,0,0.46542013,5343.5,1191.0
1329,66.475,1379.54584967,561.87753535,5,0,0.46205116,5343.0,1190.0
1330,66.525,1379.13441505,562.05950933,5,0,0.45987057,5369.0,1194.0
1331,66.575,1378.90747674,562.65545757,5,0,0.62901517,5375.25,1192.0
1332,66.625,1378.80290859,562.9846813,5,0,0.67686529,5375.5,1193.0
1333,66.675,1378.48897065,563.00174789,5,0,0.3974027,5373.75,1192.0
1334,66.725,1378.22293417,562.99257683,5,0,0.36975795,5373.25,1192.0
1335,66.775,1377.96870294,563.00042208,5,0,0.3749237,5372.75,1192.0
1336,66.825,1377.74268578,563.01479974,5,0,0.3918144,5372.25,1191.0
1337,66.875,1377.56072972,563.0396658,5,0,0.40870509,5372.5,1190.0
1338,66.925,1377.43331506,563.10302289,5,0,0.4410784,5370.75,1187.0
1339,66.975,1377.33969722,563.22060378,5,0,0.45361318,5371.5,1180.0
1340,67.025,1377.25573654,563.39876247,5,0,0.44918004,5397.0,1182.0
1341,67.075,1377.19096071,563.56947381,5,0,0.44161306,5403.5,1177.0
1342,67.125,1377.12786649,563.74333797,5,0,0.42704562,5402.75,1176.0
1343,67.175,1377.02075718,563.86880767,5,0,0.42721198,5401.75,1173.0
1344,67.225,1376.96475018,563.95720969,5,0,0.48574083,5400.25,1172.0
1345,67.275,1377.03471762,564.0832087,5,0,0.58133339,5400.5,1172.0
1346,67.325,1376.99607811,564.06200304,5,0,0.33860909,5399.75,1172.0
1347,67.375,1377.0970603,564.08951247,5,0,0.33407371,5399.25,1170.0
1348,67.425,1377.20766946,564.14343175,5,0,0.32949726,5398.25,1170.0
1349,67.475,1377.33339453,564.20113375,5,0,0.32492082,5398.0,1169.0
1350,67.525,1377.44610082,564.26291239,5,0,0.32034437,5397.0,1168.0
1351,67.575,1377.54481998,564.34502817,5,0,0.31576792,5404.25,1165.0
1352,67.625,1377.6398425,564.44566167,5,0,0.31077034,5404.0,1166.0
1353,67.675,1377.72667291,564.53516268,5,0,0.30177529,5403.5,1163.0
1354,67.725,1377.80530327,564.63652004,5,0,0.29154006,5402.5,1162.0
1355,67.775,1377.87221967,564.75050606,5,0,0.28134555,5402.75,1163.0
1356,67.825,1377.92512733,564.88032786,5,0,0.27118446,5403.25,1161.0
1357,67.875,1377.98288548,565.01615206,5,0,0.28059615,5402.5,1159.0
1358,67.925,1378.32412833,565.15354748,5,0,0.56223376,5401.5,1159.0
1359,67.975,1378.56794588,565.20743763,5,0,0.45263215,5400.0,1155.0
1360,68.025,1378.63775429,565.25936612,5,0,0.27124367,5401.0,1159.0
1361,68.075,1378.66127709,565.25103774,5,0,0.26571294,5407.5,1155.0
1362,68.125,1378.72589861,565.31280622,5,0,0.26567157,5406.25,1154.0
1363,68.175,1378.75293384,565.49845094,5,0,0.26471144,5405.0,1154.0
1364,68.225,1378.77899092,565.93625562,5,0,0.26357394,5404.75,1153.0
1365,68.275,1378.79451463,566.53179966,5,0,0.28159373,5405.0,1154.0
1366,68.325,1378.73840892,567.90776897,5,0,0.27899721,5404.25,1152.0
1367,68.375,1377.84492111,576.488283,5,0,0.27243489,5403.75,1149.0
1368,68.425,1376.95381188,579.04468076,5,0,0.25911913,5403.75,1151.0
1369,68.475,1376.41613331,579.15865246,5,0,0.25809395,5403.25,1151.0
1370,68.525,1375.87663091,579.25063383,5,0,0.25563396,5403.0,1154.0
1371,68.575,1375.34764604,579.29448195,5,0,0.24807677,5403.75,1158.0
1372,68.625,1374.80543702,579.25321594,5,0,0.24043934,5404.25,1162.0
1373,68.675,1374.27353914,579.15739506,5,0,0.23398454,5407.0,1165.0
1374,68.725,1373.7530314,579.03713376,5,0,0.23510745,5406.75,1164.0
1375,68.775,1373.23843198,578.9206728,5,0,0.23641842,5406.25,1164.0
1376,68.825,1372.7227621,578.81148997,5,0,0.23832591,5407.0,1165.0
1377,68.875,1372.21105776,578.70974924,5,0,0.24165576,5406.75,1167.0
1378,68.925,1371.74177854,578.65385944,5,0,0.245086,5407.75,1170.0
1379,68.975,1371.31895094,578.6429864,5,0,0.24853981,5406.25,1169.0
1380,69.025,1370.90506412,578.6339578,5,0,0.25199362,5405.25,1168.0
1381,69.075,1370.51460117,578.64959821,5,0,0.25544743,5406.25,1171.0
1382,69.125,1370.14742716,578.66368937,5,0,0.25890114,5406.25,1170.0
1383,69.175,1369.80754126,578.72694018,5,0,0.26195777,5405.5,1170.0
1384,69.225,1369.46971467,578.78609148,5,0,0.23420018,5405.25,1172.0
1385,69.275,1369.1459215,578.83610929,5,0,0.22806406,5404.5,1170.0
1386,69.325,1368.82341079,578.85318519,5,0,0.22789886,5403.5,1169.0
1387,69.375,1368.50205226,578.84034038,5,0,0.226495,5402.5,1170.0
1388,69.425,1368.19180599,578.8592102,5,0,0.22728587,5403.5,1170.0
1389,69.475,1367.8977716,578.90817781,5,0,0.22882924,5402.75,1171.0
1390,69.525,1367.62246271,578.97187257,5,0,0.23036309,5402.75,1172.0
1391,69.575,1367.37747877,579.05747798,5,0,0.23335689,5404.25,1169.0
1392,69.625,1367.17692528,579.18740662,5,0,0.23538315,5405.5,1173.0
1393,69.675,1367.00233705,579.32910285,5,0,0.23167203,5405.25,1173.0
1394,69.725,1366.82760727,579.50428153,5,0,0.22489352,5404.5,1170.0
1395,69.775,1366.65370431,579.69818212,5,0,0.21805997,5404.25,1171.0
1396,69.825,1366.49929406,579.88994766,5,0,0.21275909,5404.0,1172.0
1397,69.875,1366.37353343,580.06546585,5,0,0.21060992,5403.5,1172.0
1398,69.925,1366.28350661,580.22692534,5,0,0.20905761,5403.5,1173.0
1399,69.975,1366.21561924,580.40378266,5,0,0.20658434,5402.75,1172.0
1400,70.025,1366.16907516,580.58788406,5,0,0.20625171,5402.5,1172.0
1401,70.075,1366.13867775,580.7720022,5,0,0.20539837,5401.25,1170.0
1402,70.125,1366.12127978,580.96174967,5,0,0.20208511,5401.25,1170.0
1403,70.175,1366.11958483,581.15459273,5,0,0.20177694,5402.5,1172.0
1404,70.225,1366.12256595,581.34599447,5,0,0.20164917,5402.75,1176.0
1405,70.275,1366.11849168,581.54433964,5,0,0.20309122,5403.25,1179.0
1406,70.325,1366.10507911,581.75884279,5,0,0.20501721,5402.25,1178.0
1407,70.375,1366.08850963,581.98853238,5,0,0.20696525,5402.25,1181.0
1408,70.425,1366.08471836,582.23586476,5,0,0.20891734,5406.25,1181.0
1409,70.475,1366.08633167,582.49589217,5,0,0.21086314,5406.0,1181.0
1410,70.525,1366.06519438,582.73988113,5,0,0.18190938,5405.5,1182.0
1411,70.575,1366.01579457,582.94004729,5,0,0.15237497,5405.25,1182.0
1412,70.625,1365.96573944,583.13171137,5,0,0.1594621,5404.5,1181.0
1413,70.675,1365.89489431,583.29681544,5,0,0.16654924,5403.75,1179.0
1414,70.725,1365.81169373,583.46765962,5,0,0.17363637,5404.25,1182.0
1415,70.775,1365.69352078,583.69128561,5,0,0.18072351,5403.75,1181.0
1416,70.825,1365.5593055,583.94992076,5,0,0.18781064,5404.25,1183.0
1417,70.875,1365.40504159,584.22949206,5,0,0.19489778,5406.25,1192.0
1418,70.925,1365.22960535,584.55153574,5,0,0.20078847,5405.5,1191.0
1419,70.975,1365.03307655,584.91298232,5,0,0.18902522,5403.5,1189.0
1420,71.025,1364.8171662,585.32866332,5,0,0.18486907,5403.25,1189.0
1421,71.075,1364.7103955,585.86522015,5,0,0.31174167,5402.75,1189.0
1422,71.125,1364.61074567,586.54853721,5,0,0.31151669,5402.5,1191.0
1423,71.175,1364.32320805,586.87265347,5,0,0.1209114,5401.25,1192.0
1424,71.225,1364.07831853,587.03658803,5,0,0.11391157,5402.0,1191.0
1425,71.275,1363.84662247,587.19015396,5,0,0.12552842,5404.75,1192.0
1426,71.325,1363.6595332,587.33871053,5,0,0.13743847,5407.75,1204.0
1427,71.375,1363.50426068,587.49473413,5,0,0.14537447,5407.0,1203.0
1428,71.425,1363.36653623,587.66837828,5,0,0.14458304,5407.5,1203.0
1429,71.475,1363.24374427,587.8812148,5,0,0.1437908,5406.75,1203.0
1430,71.525,1363.12530189,588.11571506,5,0,0.14299856,5405.5,1200.0
1431,71.575,1363.0208679,588.36687086,5,0,0.14221713,5404.5,1200.0
1432,71.625,1362.91401623,588.61198863,5,0,0.14163754,5404.75,1200.0
1433,71.675,1362.81382762,588.81765216,5,0,0.14120489,5404.0,1197.0
1434,71.725,1362.71837779,588.9880531,5,0,0.14077484,5404.5,1197.0
1435,71.775,1362.64689129,589.15472457,5,0,0.16753303,5403.25,1195.0
1436,71.825,1362.69410903,589.31708915,5,0,0.28811927,5402.25,1194.0
1437,71.875,1362.67972407,589.44935756,5,0,0.1951779,5403.5,1194.0
1438,71.925,1362.64335363,589.54483406,5,0,0.16734754,5405.75,1202.0
1439,71.975,1362.60406384,589.60426976,5,0,0.16363469,5405.25,1202.0
1440,72.025,1362.56493787,589.66675238,5,0,0.15992183,5404.75,1200.0
1441,72.075,1362.52215631,589.74032982,5,0,0.15618627,5404.5,1200.0
1442,72.125,1362.47479939,589.82318261,5,0,0.15152406,5409.0,1202.0
1443,72.175,1362.42605365,589.94579447,5,0,0.15795018,5408.0,1199.0
1444,72.225,1362.37116887,590.11227427,5,0,0.1549337,5407.5,1198.0
1445,72.275,1362.30047129,590.31252026,5,0,0.14262568,5406.75,1196.0
1446,72.325,1362.21830935,590.52723646,5,0,0.14558006,5407.0,1198.0
1447,72.375,1362.14888616,590.7658279,5,0,0.16604583,5406.75,1199.0
1448,72.425,1362.12755613,591.00317897,5,0,0.18704494,5405.75,1197.0
1449,72.475,1362.12497358,591.17648746,5,0,0.19403748,5406.75,1198.0
1450,72.525,1362.06659886,591.19508128,5,0,0.16004387,5407.75,1203.0
1451,72.575,1362.0010677,591.18528479,5,0,0.14144507,5406.75,1202.0
1452,72.625,1361.93300074,591.18738745,5,0,0.13445439,5409.25,1203.0
1453,72.675,1361.85717713,591.20056857,5,0,0.13150287,5408.75,1203.0
1454,72.725,1361.76438368,591.21501273,5,0,0.1285527,5408.0,1202.0
1455,72.775,1361.65015292,591.23031509,5,0,0.1255918,5407.75,1202.0
1456,72.825,1361.50298263,591.2723367,5,0,0.12263085,5409.0,1200.0
1457,72.875,1361.35136491,591.34233621,5,0,0.11966991,5408.25,1199.0
1458,72.925,1361.20416886,591.42066674,5,0,0.11670896,5409.0,1201.0
1459,72.975,1361.06464542,591.51005802,5,0,0.11374802,5408.75,1199.0
1460,73.025,1360.94002338,591.62156752,5,0,0.11082979,5411.25,1199.0
1461,73.075,1360.83122277,591.74091807,5,0,0.10823983,5410.75,1200.0
1462,73.125,1360.73090543,591.85909306,5,0,0.10794011,5411.5,1201.0
1463,73.175,1360.62855022,591.8409206,5,0,0.10760847,5410.5,1196.0
1464,73.225,1360.5009578,591.84872633,5,0,0.10751497,5411.75,1201.0
1465,73.275,1360.36197443,591.86843494,5,0,0.10728749,5411.75,1201.0
1466,73.325,1360.22513507,591.90504516,5,0,0.10705925,5411.5,1201.0
1467,73.375,1360.08971755,592.01242547,5,0,0.10683101,5411.0,1201.0
1468,73.425,1359.95072978,592.16625819,5,0,0.10660278,5411.0,1201.0
1469,73.475,1359.821524,592.35460998,5,0,0.10813639,5411.25,1201.0
1470,73.525,1359.70086661,592.67393893,5,0,0.1161753,5411.0,1201.0
1471,73.575,1359.59625885,593.02004976,5,0,0.12403688,5411.0,1201.0
1472,73.625,1359.49813444,593.34045158,5,0,0.13094438,5410.5,1200.0
1473,73.675,1359.38516908,593.64502465,5,0,0.13792848,5409.0,1199.0
1474,73.725,1359.28105308,593.85700477,5,0,0.14244392,5409.0,1199.0
1475,73.775,1359.17504252,593.99528207,5,0,0.12985912,5410.0,1201.0
1476,73.825,1359.09160091,594.07542827,5,0,0.11522046,5410.75,1201.0
1477,73.875,1359.05822992,594.16123646,5,0,0.11005957,5414.25,1200.0
1478,73.925,1359.04945782,594.28750101,5,0,0.10646738,5416.0,1202.0
1479,73.975,1359.0472385,594.41882869,5,0,0.10419254,5415.5,1202.0
1480,74.025,1359.04527638,594.55595588,5,0,0.10256527,5414.75,1200.0
1481,74.075,1359.06023489,594.74282264,5,0,0.11309745,5416.5,1206.0
1482,74.125,1359.05500866,594.95395555,5,0,0.11486807,5416.5,1208.0
1483,74.175,1359.04033603,595.17283927,5,0,0.10827678,5416.0,1205.0
1484,74.225,1359.01438851,595.38881079,5,0,0.09592978,5414.75,1202.0
1485,74.275,1358.97766232,595.6047718,5,0,0.09427091,5414.0,1200.0
1486,74.325,1358.93900099,595.70596171,5,0,0.09285773,5414.25,1205.0
1487,74.375,1358.89560619,595.78112113,5,0,0.09303132,5414.5,1206.0
1488,74.425,1358.83075246,595.85613882,5,0,0.09360887,5415.5,1210.0
1489,74.475,1358.76109527,595.93706638,5,0,0.09416168,5417.0,1208.0
1490,74.525,1358.69230136,596.02401294,5,0,0.09501434,5417.75,1210.0
1491,74.575,1358.62307116,596.10540662,5,0,0.09489315,5418.75,1211.0
1492,74.625,1358.55936149,596.18417727,5,0,0.09307248,5418.5,1209.0
1493,74.675,1358.51130436,596.27714754,5,0,0.09093535,5420.5,1208.0
1494,74.725,1358.46370222,596.40248136,5,0,0.08880907,5425.5,1209.0
1495,74.775,1358.37968215,596.55168337,5,0,0.0868707,5425.25,1209.0
1496,74.825,1358.30569792,596.71094422,5,0,0.08466885,5424.25,1203.0
1497,74.875,1358.2261031,596.86846597,5,0,0.07187412,5424.0,1202.0
1498,74.925,1358.14195411,597.02004446,5,0,0.06980291,5424.75,1206.0
1499,74.975,1358.05485547,597.14141011,5,0,0.0677317,5425.0,1206.0
1500,75.025,1357.96522809,597.2294368,5,0,0.06509615,5425.25,1207.0
1501,75.075,1357.87764285,597.2905557,5,0,0.06048959,5425.75,1206.0
1502,75.125,1357.79312277,597.29129613,5,0,0.06026946,5427.0,1206.0
1503,75.175,1357.69787737,597.29788622,5,0,0.06157225,5427.75,1205.0
1504,75.225,1357.60361811,597.3130941,5,0,0.06287504,5427.75,1205.0
1505,75.275,1357.51418528,597.3223946,5,0,0.06387337,5426.75,1202.0
1506,75.325,1357.43334303,597.31727418,5,0,0.06457048,5426.75,1199.0
1507,75.375,1357.37620965,597.42776703,5,0,0.06712883,5427.0,1198.0
1508,75.425,1357.32764428,597.60179379,5,0,0.05663104,5428.0,1200.0
1509,75.475,1357.2267501,597.82239672,5,0,0.06063982,5427.75,1199.0
1510,75.525,1357.13024883,598.07346275,5,0,0.0646486,5428.25,1200.0
1511,75.575,1357.05233004,598.33693678,5,0,0.06865737,5429.75,1198.0
1512,75.625,1356.98915814,598.61799086,5,0,0.07266615,5433.25,1198.0
1513,75.675,1356.91133215,598.89311591,5,0,0.07664491,5434.75,1200.0
1514,75.725,1356.81201858,598.95196748,5,0,0.07070156,5434.0,1200.0
1515,75.775,1356.70377368,598.84978338,5,0,0.03310702,5435.5,1200.0
1516,75.825,1356.63044574,598.99361611,5,0,0.03109434,5435.5,1200.0
1517,75.875,1356.59001325,599.14987063,5,0,0.03340075,5435.25,1199.0
1518,75.925,1356.56664845,599.34143522,5,0,0.03570716,5436.5,1201.0
1519,75.975,1356.56394542,599.56495123,5,0,0.03801357,5436.5,1202.0
1520,76.025,1356.60721217,599.81119297,5,0,0.04031997,5437.25,1202.0
1521,76.075,1356.65823572,600.07112254,5,0,0.04262638,5437.25,1202.0
1522,76.125,1356.71471773,600.36314625,5,0,0.04493279,5437.0,1201.0
1523,76.175,1356.78199111,600.66762475,5,0,0.0472392,5440.5,1201.0
1524,76.225,1356.86033966,600.96738848,5,0,0.04954561,5440.0,1202.0
1525,76.275,1356.94732895,601.2760717,5,0,0.05185202,5440.75,1204.0
1526,76.325,1356.98545445,601.55876048,5,0,0.05415843,5441.0,1204.0
1527,76.375,1356.88706721,601.84154638,5,0,0.05655944,5442.0,1207.0
1528,76.425,1357.10781158,602.25270361,5,0,0.30642806,5443.25,1209.0
1529,76.475,1357.10269957,602.49107188,5,0,0.06239265,5448.0,1209.0
1530,76.525,1357.10784101,602.73958826,5,0,0.06381897,5449.75,1210.0
1531,76.575,1357.11974822,602.99591801,5,0,0.06524529,5450.75,1210.0
1532,76.625,1357.14207127,603.30587185,5,0,0.06667161,5451.5,1211.0
1533,76.675,1357.20223861,603.67307591,5,0,0.06809793,5451.5,1211.0
1534,76.725,1357.36744601,604.09527867,5,0,0.06952426,5452.0,1213.0
1535,76.775,1357.62234606,604.58360023,5,0,0.0822471,5451.5,1210.0
1536,76.825,1357.91629002,605.12946269,5,0,0.0723769,5451.25,1209.0
1537,76.875,1358.21770738,605.69397993,5,0,0.07380322,5451.25,1209.0
1538,76.925,1358.53420978,606.24346841,5,0,0.07522954,5452.25,1211.0
1539,76.975,1358.87156331,606.80002623,5,0,0.08415127,5453.25,1212.0
1540,77.025,1359.31395405,607.37824253,5,0,0.16181037,5452.25,1212.0
1541,77.075,1359.89820683,607.86203874,5,0,0.20354837,5452.75,1213.0
1542,77.125,1360.69731887,608.35206532,5,0,0.38325464,5453.25,1213.0
1543,77.175,1361.5183413,608.82144009,5,0,0.39074872,5454.25,1212.0
1544,77.225,1362.318879,609.31795584,5,0,0.35839572,5455.25,1213.0
1545,77.275,1363.13216007,609.84895769,5,0,0.35928466,5457.5,1213.0
1546,77.325,1363.96886414,610.42154931,5,0,0.3588867,5458.0,1215.0
1547,77.375,1364.82449175,611.04819426,5,0,0.35807028,5456.75,1213.0
1548,77.425,1365.7029772,611.69599791,5,0,0.35725393,5457.5,1214.0
1549,77.475,1366.60665734,612.39156477,5,0,0.35613794,5457.25,1213.0
1550,77.525,1374.95481132,624.62326294,6,1,7.77752641,5448.0,1215.0
1551,77.575,1388.52005258,631.50144178,6,0,12.41483738,5434.0,1209.0
1552,77.625,1400.72504039,637.32484383,6,0,10.74807697,5419.5,1209.0
1553,77.675,1408.5755073,640.63509443,6,0,6.60556064,5414.0,1207.0
1554,77.725,1418.06390814,641.0974813,4,0,8.20800961,5405.5,1192.0
1555,77.775,1420.80808477,625.39803438,3,0,1.57898841,5404.5,1191.0
1556,77.825,1421.65850949,622.80831874,3,0,0.47907633,5405.25,1188.0
1557,77.875,1422.1164454,622.20481487,3,0,0.23020236,5405.25,1185.0
1558,77.925,1422.52761717,621.6380561,3,0,0.2434705,5406.75,1186.0
1559,77.975,1423.00379018,621.11304979,3,0,0.25316404,5407.25,1186.0
1560,78.025,1423.48248022,620.66867428,3,0,0.18289549,5407.25,1186.0
1561,78.075,1423.68546388,620.34024945,3,0,0.09158577,5408.25,1182.0
1562,78.125,1423.73184252,620.13564967,3,0,0.07400239,5408.0,1180.0
1563,78.175,1423.69922335,620.01494149,3,0,0.05158584,5408.0,1178.0
1564,78.225,1423.63915949,619.87045415,3,0,0.0286243,5408.0,1178.0
1565,78.275,1423.56669754,619.67543094,3,0,0.01673732,5409.5,1178.0
1566,78.325,1423.45115325,619.47440183,3,0,0.0,5410.25,1178.0
1567,78.375,1423.30604088,619.2877287,3,0,0.0,5410.75,1178.0
1568,78.425,1423.17327787,619.10809411,3,0,0.0,5411.75,1179.0
1569,78.475,1423.0848401,618.9375241,3,0,0.0,5412.5,1180.0
1570,78.525,1423.02436752,618.7815391,3,0,0.0,5416.5,1182.0
1571,78.575,1422.97392882,618.63317679,3,0,0.0,5416.5,1182.0
1572,78.625,1423.00220343,618.49462304,3,0,0.0,5417.25,1182.0
1573,78.675,1423.01224811,618.37307948,3,0,0.0,5417.25,1182.0
1574,78.725,1423.01181856,618.27608481,3,0,0.0,5417.75,1182.0
1575,78.775,1423.01390437,618.18208023,3,0,0.0,5418.5,1182.0
1576,78.825,1423.01623459,618.09509597,3,0,0.0,5418.75,1183.0
1577,78.875,1423.01119822,618.01818112,3,0,0.0,5419.25,1184.0
1578,78.925,1422.99737351,617.9563928,3,0,0.0,5421.0,1186.0
1579,78.975,1422.97116965,617.89871258,3,0,0.0,5422.75,1186.0
1580,79.025,1422.92743365,617.84321691,3,0,0.0,5423.25,1186.0
1581,79.075,1422.86884175,617.77757412,3,0,0.0,5423.5,1186.0
1582,79.125,1422.8082607,617.70704129,3,0,0.0,5423.75,1186.0
1583,79.175,1422.74977111,617.63975913,3,0,0.0,5424.25,1186.0
1584,79.225,1422.71597036,617.60549354,3,0,0.0,5425.75,1186.0
1585,79.275,1422.74072766,617.60102093,3,0,0.0,5426.75,1188.0
1586,79.325,1422.81318624,617.64203406,3,0,0.0,5428.5,1188.0
1587,79.375,1422.89525966,617.75465834,3,0,0.0,5428.75,1188.0
1588,79.425,1422.98554558,617.88642413,3,0,0.0,5429.75,1190.0
1589,79.475,1423.08819618,618.01371325,3,0,0.0,5430.5,1190.0
1590,79.525,1423.18785533,618.17164569,3,0,0.0,5430.75,1190.0
1591,79.575,1423.2768329,618.29038734,3,0,0.0,5430.75,1190.0
1592,79.625,1423.37137425,618.3534123,3,0,0.0,5430.75,1190.0
1593,79.675,1423.50441986,618.36065932,3,0,0.0,5431.0,1190.0
1594,79.725,1423.66551155,618.35521517,3,0,0.0,5431.0,1190.0
1595,79.775,1423.84205453,618.35319838,3,0,0.0,5431.0,1190.0
1596,79.825,1424.02878406,618.35911189,3,0,0.0,5432.0,1190.0
1597,79.875,1424.2127444,618.38146587,3,0,0.0,5432.75,1190.0
1598,79.925,1424.40635531,618.45387597,3,0,0.0,5434.0,1192.0
1599,79.975,1424.60741467,618.53975409,3,0,0.0,5435.0,1193.0
1600,80.025,1424.78589629,618.63716355,3,0,0.0,5436.5,1194.0
1601,80.075,1424.88647619,618.73373095,3,0,0.0,5437.0,1194.0
1602,80.125,1424.97928176,618.83282367,3,0,0.0,5437.0,1194.0
1603,80.175,1425.07901219,618.93319083,3,0,0.0,5437.5,1194.0
1604,80.225,1425.22927829,619.02735801,3,0,0.0,5437.75,1196.0
1605,80.275,1425.39095178,619.07474362,3,0,0.0,5438.0,1196.0
1606,80.325,1425.56868823,619.09103876,3,0,0.0,5439.0,1196.0
1607,80.375,1424.77546584,618.92144442,3,0,0.0,5439.0,1196.0
1608,80.425,1423.54040061,618.75468121,3,0,0.0,5439.75,1198.0
1609,80.475,1423.481317,618.73776432,3,0,0.0,5440.5,1198.0
1610,80.525,1423.53675299,618.77510788,3,0,0.0,5440.75,1198.0
1611,80.575,1423.59006848,618.83629953,3,0,0.0,5441.25,1198.0
1612,80.625,1423.61703137,618.92475781,3,0,0.0,5442.0,1198.0
1613,80.675,1423.62578273,619.0515148,3,0,0.0,5443.0,1198.0
1614,80.725,1424.0643426,619.21025806,3,0,0.0,5443.0,1198.0
1615,80.775,1424.60573829,619.39735211,3,0,0.0,5443.0,1198.0
1616,80.825,1425.22153336,619.58326488,3,0,0.0,5443.75,1200.0
1617,80.875,1425.92969393,619.72991708,3,0,0.0338937,5444.25,1200.0
1618,80.925,1426.73532019,619.8586893,3,0,0.08034341,5445.25,1202.0
1619,80.975,1427.61336083,620.02801661,3,0,0.12942734,5446.5,1202.0
1620,81.025,1428.51511073,620.21528166,3,0,0.15682209,5446.5,1202.0
1621,81.075,1429.43317552,620.39990448,3,0,0.1777489,5446.5,1202.0
1622,81.125,1430.35794061,620.5893316,3,0,0.19803579,5442.75,1202.0
1623,81.175,1431.26845644,620.79812596,3,0,0.2017008,5441.75,1201.0
1624,81.225,1432.1333086,621.01360385,3,0,0.1975231,5443.25,1204.0
1625,81.275,1432.98441561,621.27769183,3,0,0.19287326,5444.75,1204.0
1626,81.325,1433.84077798,621.55296341,3,0,0.18755587,5444.75,1204.0
1627,81.375,1434.69081758,621.84024848,3,0,0.18020969,5444.75,1204.0
1628,81.425,1435.52694857,622.12596425,3,0,0.17142256,5445.75,1206.0
1629,81.475,1436.36926966,622.44199943,3,0,0.17644831,5443.75,1210.0
1630,81.525,1437.25839075,622.7995913,3,0,0.24197189,5443.5,1209.0
1631,81.575,1438.26099545,623.14953758,3,0,0.36188654,5444.25,1210.0
1632,81.625,1439.33952524,623.52476279,3,0,0.43750184,5444.5,1208.0
1633,81.675,1440.42831411,623.88894646,3,0,0.44535592,5444.75,1208.0
1634,81.725,1441.53558283,624.26467368,3,0,0.45222404,5442.0,1210.0
1635,81.775,1442.66942418,624.65325413,3,0,0.45909216,5442.5,1210.0
1636,81.825,1443.80417258,625.07085507,3,0,0.46507195,5442.0,1208.0
1637,81.875,1444.92501182,625.52742543,3,0,0.46913078,5442.25,1208.0
1638,81.925,1446.06605213,626.00892645,3,0,0.47307135,5441.75,1206.0
1639,81.975,1447.20700603,626.48956897,3,0,0.48072384,5441.25,1210.0
1640,82.025,1448.34003183,626.96997619,3,0,0.48856806,5441.5,1210.0
1641,82.075,1449.46982737,627.44745658,3,0,0.49585433,5440.75,1206.0
1642,82.125,1450.58509129,627.91299371,3,0,0.4881015,5440.75,1205.0
1643,82.175,1451.67696151,628.37491935,3,0,0.47371782,5440.5,1204.0
1644,82.225,1452.7640953,628.8514897,3,0,0.45878438,5437.25,1206.0
1645,82.275,1453.86292388,629.33320631,3,0,0.44254506,5437.5,1207.0
1646,82.325,1454.94761388,629.77890612,3,0,0.43640912,5437.0,1205.0
1647,82.375,1456.01502556,630.22801642,3,0,0.435282,5438.25,1204.0
1648,82.425,1457.06780006,630.67768625,3,0,0.43351762,5439.75,1206.0
1649,82.475,1458.10433867,631.14364136,3,0,0.43165427,5436.0,1207.0
1650,82.525,1459.12286549,631.66627338,3,0,0.42973207,5436.75,1206.0
1651,82.575,1460.12979371,632.2007608,3,0,0.42780987,5436.75,1204.0
1652,82.625,1461.12178863,632.7790597,3,0,0.42588767,5437.0,1205.0
1653,82.675,1462.0885461,633.34907902,3,0,0.42396547,5437.25,1205.0
1654,82.725,1463.03465033,633.88698548,3,0,0.42112693,5434.0,1207.0
1655,82.775,1463.95937058,634.41294257,3,0,0.41220135,5433.0,1205.0
1656,82.825,1464.8677247,634.89252707,3,0,0.40211609,5432.75,1204.0
1657,82.875,1465.76060449,635.34342982,3,0,0.39241068,5432.25,1202.0
1658,82.925,1466.66275121,635.73218249,3,0,0.38853455,5433.25,1203.0
1659,82.975,1467.58947097,636.10228873,3,0,0.38696788,5432.0,1206.0
1660,83.025,1468.5013208,636.47426203,3,0,0.37975552,5430.0,1204.0
1661,83.075,1469.39339097,636.84353244,3,0,0.37237193,5430.0,1204.0
1662,83.125,1470.26998311,637.20619664,3,0,0.36582135,5430.5,1205.0
1663,83.175,1471.12774638,637.60324565,3,0,0.35957462,5430.5,1204.0
1664,83.225,1471.95385032,638.02986848,3,0,0.35332788,5431.0,1204.0
1665,83.275,1472.73860155,638.49756693,3,0,0.34708115,5427.5,1205.0
1666,83.325,1473.41744344,638.98727423,3,0,0.34083442,5426.75,1205.0
1667,83.375,1474.05133077,639.43615325,3,0,0.33500061,5427.0,1204.0
1668,83.425,1474.69039467,640.84052566,4,1,0.34691655,5428.0,1208.0
1669,83.475,1475.42137483,642.22443361,4,0,0.37831902,5428.25,1209.0
1670,83.525,1476.1713282,642.9570867,4,0,0.34581974,5429.0,1209.0
1671,83.575,1476.91587441,643.61035612,4,0,0.33503849,5425.75,1210.0
1672,83.625,1477.65441666,644.24864573,4,0,0.33444615,5425.5,1210.0
1673,83.675,1478.41158275,644.88788967,4,0,0.34031708,5425.75,1210.0
1674,83.725,1479.20852411,645.53095751,4,0,0.34488453,5426.0,1209.0
1675,83.775,1480.02857143,646.27856247,4,0,0.34933184,5428.25,1211.0
1676,83.825,1480.73246765,647.31324471,4,0,0.35377916,5429.5,1212.0
1677,83.875,1481.3008103,648.53341706,4,0,0.39013604,5425.0,1211.0
1678,83.925,1481.79549101,649.79735981,4,0,0.40558127,5427.5,1209.0
1679,83.975,1482.18171532,651.11172609,4,0,0.41001166,5428.5,1210.0
1680,84.025,1482.45689106,652.44753681,4,0,0.41315319,5428.5,1209.0
1681,84.075,1482.40267976,654.52546641,4,0,0.40560339,5430.25,1208.0
1682,84.125,1473.12039234,662.02264221,6,0,0.34865881,5437.5,1219.0
1683,84.175,1471.94885007,661.61866703,6,0,0.33238827,5434.75,1218.0
1684,84.225,1471.30300667,661.46244586,6,0,0.32241344,5437.5,1220.0
1685,84.275,1470.71219851,661.30329711,6,0,0.30352853,5439.0,1220.0
1686,84.325,1470.13885339,661.11593401,6,0,0.2889393,5442.5,1219.0
1687,84.375,1469.57227069,660.92883982,6,0,0.28355489,5444.0,1219.0
1688,84.425,1468.99214488,660.75838249,6,0,0.27820738,5449.0,1222.0
1689,84.475,1468.40295359,660.62498047,6,0,0.28291104,5448.25,1219.0
1690,84.525,1467.80667485,660.52293461,6,0,0.27764406,5446.75,1215.0
1691,84.575,1467.21703644,660.44352708,6,0,0.26216483,5449.25,1215.0
1692,84.625,1466.62552745,660.37088543,6,0,0.25681732,5452.25,1213.0
1693,84.675,1466.10286189,660.32316108,6,0,0.25141999,5453.25,1213.0
1694,84.725,1465.81623564,660.30251355,6,0,0.24936038,5456.25,1212.0
1695,84.775,1465.72340217,660.34524733,6,0,0.25258078,5453.0,1212.0
1696,84.825,1465.6508521,660.29690517,6,0,0.25902129,5452.75,1212.0
1697,84.875,1465.56112445,660.1573467,6,0,0.2716095,5453.0,1213.0
1698,84.925,1465.42890942,659.99405784,6,0,0.28790304,5454.0,1214.0
1699,84.975,1465.30466192,659.8065065,6,0,0.29228837,5458.25,1212.0
1700,85.025,1465.18127025,659.6384179,6,0,0.28656548,5460.5,1212.0
1701,85.075,1465.06750631,659.49567179,6,0,0.28452091,5463.0,1208.0
1702,85.125,1464.96428257,659.40478527,6,0,0.28259035,5460.25,1210.0
1703,85.175,1464.87608007,659.35386848,6,0,0.28065978,5460.5,1209.0
1704,85.225,1464.79566291,659.32982517,6,0,0.27546872,5461.75,1209.0
1705,85.275,1464.71197349,659.33886561,6,0,0.27717167,5465.0,1208.0
1706,85.325,1464.62463584,659.37292953,6,0,0.27156585,5465.0,1208.0
1707,85.375,1464.54092411,659.43312076,6,0,0.26818194,5466.0,1207.0
1708,85.425,1464.46580761,659.54215545,6,0,0.26223378,5465.5,1209.0
1709,85.475,1464.40108275,659.59857017,6,0,0.25542421,5462.5,1208.0
1710,85.525,1464.34392023,659.6113409,6,0,0.24943974,5464.25,1209.0
1711,85.575,1464.2915761,659.61018149,6,0,0.2486217,5467.5,1205.0
1712,85.625,1464.25478414,659.63076323,6,0,0.24804028,5467.25,1205.0
1713,85.675,1464.27959645,659.66646403,6,0,0.24745886,5467.25,1204.0
1714,85.725,1464.43698668,659.71650076,6,0,0.28655854,5471.5,1203.0
1715,85.775,1464.65734898,659.80320516,6,0,0.31043941,5470.75,1206.0
1716,85.825,1464.91113104,659.94955409,6,0,0.31669252,5470.25,1206.0
1717,85.875,1465.18735145,660.11745685,6,0,0.32099646,5471.75,1205.0
1718,85.925,1465.49723859,660.29780518,6,0,0.3253004,5470.25,1208.0
1719,85.975,1465.83798085,660.50391084,6,0,0.32960434,5469.75,1206.0
1720,86.025,1466.19267349,660.75147604,6,0,0.33438686,5470.0,1206.0
1721,86.075,1466.55252332,660.97087676,6,0,0.34148878,5471.75,1206.0
1722,86.125,1466.89627381,661.15036468,6,0,0.34814868,5471.25,1211.0
1723,86.175,1467.25780387,661.314461,6,0,0.38678442,5470.75,1210.0
1724,86.225,1468.00543583,661.69696513,6,0,0.77773361,5470.25,1211.0
1725,86.275,1470.3548793,662.78753767,6,0,2.35270524,5467.25,1208.0
1726,86.325,1473.31724239,664.18179463,6,0,2.90153327,5463.0,1207.0
1727,86.375,1476.51742143,665.69071543,6,0,3.07922486,5462.5,1198.0
1728,86.425,1479.76147648,663.14268974,5,0,3.06520069,5466.0,1191.0
1729,86.475,1480.6136115,653.32972288,4,0,0.94178904,5466.75,1187.0
1730,86.525,1480.28583378,651.26167106,4,0,0.25952666,5468.75,1179.0
1731,86.575,1479.88138761,650.82984666,4,0,0.24129169,5468.75,1178.0
1732,86.625,1479.42732694,650.42670669,4,0,0.22603694,5469.5,1176.0
1733,86.675,1478.91276205,650.01247777,4,0,0.19829855,5470.0,1176.0
1734,86.725,1478.30878906,649.56618866,4,0,0.15963298,5474.5,1176.0
1735,86.775,1477.47375256,649.13823232,4,0,0.05073586,5474.75,1176.0
1736,86.825,1476.56424643,648.69623463,4,0,0.0499108,5474.75,1176.0
1737,86.875,1475.59256325,648.2370669,4,0,0.04740643,5474.75,1175.0
1738,86.925,1474.57971682,647.76381469,4,0,0.0473909,5477.5,1177.0
1739,86.975,1473.56541571,647.23032768,4,0,0.04803138,5478.5,1176.0
1740,87.025,1472.52436463,646.70597941,4,0,0.04867187,5483.0,1176.0
1741,87.075,1471.40442665,646.19148384,4,0,0.04931235,5484.0,1176.0
1742,87.125,1470.2645699,645.68599059,4,0,0.04995283,5485.25,1178.0
1743,87.175,1469.13098835,645.20702086,4,0,0.05059332,5485.5,1177.0
1744,87.225,1468.00644345,644.72715219,4,0,0.0512338,5486.75,1178.0
1745,87.275,1466.89243316,644.24309058,4,0,0.05187428,5489.75,1178.0
1746,87.325,1465.80927421,643.765545,4,0,0.05248929,5495.0,1175.0
1747,87.375,1464.78984382,643.35071387,4,0,0.05249924,5495.75,1175.0
1748,87.425,1463.82521724,642.98802921,4,0,0.05227181,5497.25,1177.0
1749,87.475,1462.88069612,642.59209552,4,0,0.05203934,5497.5,1176.0
1750,87.525,1461.95684059,642.20018989,4,0,0.05180687,5498.0,1176.0
1751,87.575,1461.05053694,641.79542742,4,0,0.05206059,5502.0,1176.0
1752,87.625,1460.12772387,641.39742373,4,0,0.05290568,5502.0,1178.0
1753,87.675,1459.203348,641.0257478,4,0,0.05375101,5502.5,1179.0
1754,87.725,1458.27718614,640.69536216,4,0,0.05459634,5503.5,1179.0
1755,87.775,1457.35199524,640.37661224,4,0,0.05536539,5503.25,1178.0
1756,87.825,1456.42448179,640.08400442,4,0,0.05621607,5503.5,1178.0
1757,87.875,1455.48420054,639.80869201,4,0,0.05763745,5507.25,1178.0
1758,87.925,1454.52611746,639.53527376,4,0,0.05906145,5510.0,1184.0
1759,87.975,1453.54656057,639.21964621,4,0,0.06048046,5510.25,1184.0
1760,88.025,1452.5622162,638.88792695,4,0,0.06172811,5511.0,1185.0
1761,88.075,1451.57517182,638.54869577,4,0,0.06280741,5511.75,1183.0
1762,88.125,1450.5850679,638.22337543,4,0,0.06365288,5515.0,1183.0
1763,88.175,1449.61600473,637.9153289,4,0,0.06291083,5519.0,1183.0
1764,88.225,1448.67919157,637.62753543,4,0,0.06186546,5519.25,1184.0
1765,88.275,1447.75686753,637.33436175,4,0,0.06082008,5519.25,1184.0
1766,88.325,1446.82638915,637.04095485,4,0,0.05977455,5521.0,1185.0
1767,88.375,1445.8854259,636.76114991,4,0,0.05867044,5521.0,1185.0
1768,88.425,1444.94003419,636.48641492,4,0,0.05749691,5524.25,1188.0
1769,88.475,1444.00511858,636.22204506,4,0,0.05632338,5528.75,1189.0
1770,88.525,1443.07549226,635.96942346,4,0,0.05514985,5528.0,1189.0
1771,88.575,1442.13991417,635.73021568,4,0,0.05397632,5528.25,1188.0
1772,88.625,1441.19625995,635.4689139,4,0,0.05280279,5530.0,1189.0
1773,88.675,1440.25266268,635.18474409,4,0,0.05162926,5530.75,1189.0
1774,88.725,1439.31595028,634.89044162,4,0,0.05587782,5535.5,1187.0
1775,88.775,1438.37972036,634.51176027,4,0,0.06131487,5535.0,1186.0
1776,88.825,1437.41519148,634.09884872,4,0,0.06167397,5534.75,1186.0
1777,88.875,1436.44368265,633.70021,4,0,0.06203307,5535.75,1184.0
1778,88.925,1435.46491418,633.304052,4,0,0.06239218,5537.25,1186.0
1779,88.975,1434.48994974,632.92129895,4,0,0.06275128,5542.5,1187.0
1780,89.025,1433.50634117,632.55339981,4,0,0.06311038,5547.0,1187.0
1781,89.075,1432.52375315,632.26081994,4,0,0.06346948,5546.25,1187.0
1782,89.125,1431.55204045,631.98388993,4,0,0.06382858,5546.75,1187.0
1783,89.175,1430.58513514,631.72619932,4,0,0.07469244,5548.25,1188.0
1784,89.225,1429.6090153,631.46418416,4,0,0.06454679,5548.25,1188.0
1785,89.275,1428.6260027,631.18577753,4,0,0.06490589,5550.0,1187.0
1786,89.325,1427.66279591,630.83829274,4,0,0.06548012,5555.25,1188.0
1787,89.375,1426.71589104,630.45823064,4,0,0.06766906,5557.0,1190.0
1788,89.425,1425.7790202,630.08960815,4,0,0.07792598,5558.5,1192.0
1789,89.475,1424.84058766,629.69782253,4,0,0.07826047,5559.75,1192.0
1790,89.525,1423.89510871,629.31007226,4,0,0.07774237,5560.75,1190.0
1791,89.575,1422.93389661,628.92138883,4,0,0.07608398,5561.75,1190.0
1792,89.625,1421.95561468,628.52752707,4,0,0.07438629,5565.5,1189.0
1793,89.675,1420.96786781,628.1418944,4,0,0.0726886,5566.0,1189.0
1794,89.725,1419.96581981,627.81083732,4,0,0.07099091,5566.25,1187.0
1795,89.775,1418.93518992,627.50484425,4,0,0.06929322,5566.5,1187.0
1796,89.825,1417.89701665,627.20837962,4,0,0.06759553,5567.75,1189.0
1797,89.875,1416.86401145,626.91842825,4,0,0.06589784,5572.5,1188.0
1798,89.925,1415.83785281,626.63097362,4,0,0.06420015,5577.0,1189.0
1799,89.975,1414.82119887,626.34311827,4,0,0.06283996,5577.5,1189.0
1800,90.025,1413.82645991,626.02806122,4,0,0.07165182,5578.0,1189.0
1801,90.075,1412.83435704,625.63019044,4,0,0.07363646,5577.75,1189.0
1802,90.125,1411.81181565,625.19731175,4,0,0.07417188,5578.75,1190.0
1803,90.175,1410.78577868,624.77845751,4,0,0.07445842,5583.25,1189.0
1804,90.225,1409.78327303,624.37852659,4,0,0.07466501,5583.25,1189.0
1805,90.275,1408.80901228,623.98605241,4,0,0.0748716,5583.75,1189.0
1806,90.325,1407.85436831,623.66800324,4,0,0.0750782,5583.5,1190.0
1807,90.375,1406.80969092,623.41658443,4,0,0.07528479,5583.75,1189.0
1808,90.425,1405.76400765,623.17810811,4,0,0.07549138,5585.25,1191.0
1809,90.475,1404.71842889,622.92756017,4,0,0.07569797,5586.25,1191.0
1810,90.525,1403.66797942,622.67612749,4,0,0.07590456,5586.5,1191.0
1811,90.575,1402.63151568,622.41538623,4,0,0.07611115,5587.75,1193.0
1812,90.625,1401.61570814,622.14425983,4,0,0.07619423,5589.0,1192.0
1813,90.675,1400.61522432,621.84782397,4,0,0.07530278,5590.5,1193.0
1814,90.725,1399.61955707,621.55333622,4,0,0.07395021,5591.25,1192.0
1815,90.775,1398.61030777,621.27045453,4,0,0.07545265,5595.0,1190.0
1816,90.825,1397.58608719,620.97805462,4,0,0.07689871,5595.25,1191.0
1817,90.875,1396.54951751,620.68196328,4,0,0.07830037,5595.0,1191.0
1818,90.925,1395.50587996,620.38676832,4,0,0.07970203,5597.5,1191.0
1819,90.975,1394.45585192,620.09441777,4,0,0.08110369,5597.5,1190.0
1820,91.025,1393.39157448,619.80555488,4,0,0.08250535,5597.75,1190.0
1821,91.075,1392.31307125,619.51639659,4,0,0.08390701,5597.25,1189.0
1822,91.125,1391.2218879,619.2257688,4,0,0.08530867,5597.25,1189.0
1823,91.175,1390.12969497,618.91922665,4,0,0.08671033,5598.0,1189.0
1824,91.225,1389.0488187,618.58355353,4,0,0.08811199,5598.5,1190.0
1825,91.275,1387.95488234,618.23970285,4,0,0.08951173,5598.5,1190.0
1826,91.325,1386.03654342,617.58682558,4,0,0.09353019,5598.0,1191.0
1827,91.375,1383.79001182,617.00459849,4,0,0.09248672,5598.75,1194.0
1828,91.425,1381.42773409,616.35957582,4,0,0.09188595,5603.5,1206.0
1829,91.475,1378.95522798,615.70513995,4,0,0.09117142,5605.0,1210.0
1830,91.525,1376.4120076,615.10579644,4,0,0.0902575,5610.75,1215.0
1831,91.575,1373.93834426,614.5674757,4,0,0.08928235,5612.0,1218.0
1832,91.625,1371.57109083,614.17555885,4,0,0.088262,5612.0,1219.0
1833,91.675,1369.25215103,613.86421579,4,0,0.08723656,5614.75,1219.0
1834,91.725,1366.97195538,613.63142093,4,0,0.08621113,5619.5,1218.0
1835,91.775,1364.75382167,613.42060303,4,0,0.08518569,5620.25,1218.0
1836,91.825,1362.56810751,613.2490343,4,0,0.08391827,5623.5,1216.0
1837,91.875,1360.3425616,613.099308,4,0,0.07433301,5623.5,1218.0
1838,91.925,1358.15381586,612.95152823,4,0,0.06342036,5627.0,1221.0
1839,91.975,1356.05957575,612.6648085,4,0,0.07456473,5631.75,1224.0
1840,92.025,1354.47717716,600.86932531,4,0,0.07870177,5634.75,1227.0
1841,92.075,1353.56888965,600.29702101,4,0,0.08205353,5634.75,1229.0
1842,92.125,1352.64185386,599.73504069,4,0,0.08348974,5634.5,1228.0
1843,92.175,1351.68001884,599.22314633,4,0,0.08446881,5635.0,1228.0
1844,92.225,1350.70605081,598.78122433,4,0,0.08544789,5635.5,1228.0
1845,92.275,1349.74356856,598.37925353,4,0,0.08642696,5635.25,1228.0
1846,92.325,1348.82746456,598.05912708,4,0,0.08740603,5635.25,1227.0
1847,92.375,1347.90227148,597.76274635,4,0,0.08838511,5635.5,1228.0
1848,92.425,1346.97323584,597.51677869,4,0,0.08936418,5637.5,1229.0
1849,92.475,1346.04485373,597.2510484,4,0,0.09034325,5638.0,1230.0
1850,92.525,1345.12208118,596.95351054,4,0,0.09132233,5638.25,1231.0
1851,92.575,1344.20595073,596.62454926,4,0,0.0923014,5638.25,1231.0
1852,92.625,1343.32829904,596.11620616,4,0,0.10179195,5639.25,1231.0
1853,92.675,1342.53511696,595.53377563,4,0,0.11260018,5640.5,1235.0
1854,92.725,1341.78030375,595.09020739,4,0,0.09530134,5641.0,1235.0
1855,92.775,1341.02490804,594.69496868,4,0,0.09222761,5641.5,1236.0
1856,92.825,1340.26806331,594.29715714,4,0,0.0928586,5641.5,1235.0
1857,92.875,1339.51076813,593.90080625,4,0,0.09348959,5642.0,1238.0
1858,92.925,1338.7527541,593.50390111,4,0,0.09412059,5643.25,1241.0
1859,92.975,1338.01348665,593.15551135,4,0,0.09475158,5644.5,1242.0
1860,93.025,1337.30251587,592.83914737,4,0,0.09538257,5644.5,1241.0
1861,93.075,1336.61156988,592.54818037,4,0,0.09567296,5645.75,1243.0
1862,93.125,1336.06320353,592.35339456,4,0,0.09581424,5646.75,1243.0
1863,93.175,1335.63264673,592.21641445,4,0,0.09595552,5647.5,1244.0
1864,93.225,1335.1753422,592.24965191,4,0,0.08931607,5648.0,1243.0
1865,93.275,1334.76575097,592.10219849,4,0,0.0870807,5648.5,1244.0
1866,93.325,1334.39988198,591.82490952,4,0,0.09348771,5648.0,1244.0
1867,93.375,1334.08727488,591.65416285,4,0,0.10540522,5649.0,1244.0
1868,93.425,1333.79713486,591.54322468,4,0,0.10702112,5650.5,1245.0
1869,93.475,1333.52858174,591.43505259,4,0,0.10863703,5650.5,1245.0
1870,93.525,1333.30367839,591.35099284,4,0,0.11025294,5649.75,1246.0
1871,93.575,1333.15150093,591.29621278,4,0,0.11186885,5650.25,1247.0
1872,93.625,1333.04800948,591.32141796,4,0,0.11348475,5650.5,1246.0
1873,93.675,1332.97163536,591.35228795,4,0,0.1150842,5651.5,1247.0
1874,93.725,1332.91967416,591.42283458,4,0,0.11658999,5652.25,1248.0
1875,93.775,1332.90309054,591.51367425,4,0,0.11809578,5652.0,1248.0
1876,93.825,1332.9233208,591.59888368,4,0,0.11960157,5652.0,1247.0
1877,93.875,1332.99230473,591.70525987,4,0,0.14298459,5651.0,1246.0
1878,93.925,1333.1293753,591.7277841,4,0,0.21477296,5654.5,1248.0
1879,93.975,1333.19236203,591.74777148,4,0,0.12376321,5653.25,1248.0
1880,94.025,1333.34983646,591.82714344,4,0,0.11811655,5653.25,1249.0
1881,94.075,1333.51104795,591.90169585,4,0,0.11901028,5653.5,1249.0
1882,94.125,1333.67158038,591.97645296,4,0,0.11990402,5653.25,1248.0
1883,94.175,1333.83220437,592.05278967,4,0,0.12079775,5652.75,1248.0
1884,94.225,1333.99604717,592.14048438,4,0,0.12169149,5653.75,1248.0
1885,94.275,1334.17945379,592.24204342,4,0,0.12258522,5653.5,1248.0
1886,94.325,1334.37919813,592.36836695,4,0,0.12347895,5654.5,1248.0
1887,94.375,1334.59276248,592.50951219,4,0,0.12437269,5653.75,1247.0
1888,94.425,1334.81332656,592.65164867,4,0,0.12526642,5656.25,1249.0
1889,94.475,1335.04396005,592.79249275,4,0,0.12948806,5657.5,1250.0
1890,94.525,1335.31006409,592.92550265,4,0,0.14079461,5657.0,1250.0
1891,94.575,1335.60721049,593.03123961,4,0,0.13586256,5656.5,1250.0
1892,94.625,1335.91683348,593.14728912,4,0,0.13940254,5657.5,1251.0
1893,94.675,1336.24500635,593.21123231,4,0,0.14061064,5657.75,1251.0
1894,94.725,1336.59323156,593.28034142,4,0,0.14190989,5657.0,1249.0
1895,94.775,1336.98557875,593.37010938,4,0,0.1432763,5657.0,1249.0
1896,94.825,1337.43283881,593.46137741,4,0,0.14464271,5656.5,1248.0
1897,94.875,1337.92803541,593.58817056,4,0,0.14600912,5657.0,1248.0
1898,94.925,1338.46549454,593.73896889,4,0,0.14737553,5657.0,1249.0
1899,94.975,1339.05533013,593.9195663,4,0,0.14874193,5657.25,1249.0
1900,95.025,1339.67944889,594.12778572,4,0,0.15010834,5657.75,1250.0
1901,95.075,1340.32245152,594.33420135,4,0,0.15147475,5658.25,1248.0
1902,95.125,1340.98260508,594.5406856,4,0,0.15284116,5658.25,1247.0
1903,95.175,1341.66568315,594.74142183,4,0,0.15188911,5658.5,1247.0
1904,95.225,1342.35697881,594.95764878,4,0,0.14873156,5658.5,1247.0
1905,95.275,1343.06935214,595.17416193,4,0,0.15881939,5658.75,1246.0
1906,95.325,1343.79727775,595.3928433,4,0,0.15786627,5658.75,1246.0
1907,95.375,1344.5290171,595.60747415,4,0,0.1568081,5660.0,1248.0
1908,95.425,1345.25808416,595.82211208,4,0,0.15574994,5660.25,1248.0
1909,95.475,1345.98561993,596.04357773,4,0,0.15469178,5659.0,1247.0
1910,95.525,1346.71130546,596.30123901,4,0,0.15363361,5659.0,1247.0
1911,95.575,1347.43185032,596.56328568,4,0,0.15257545,5659.25,1248.0
1912,95.625,1348.14818317,596.84541191,4,0,0.15151728,5659.25,1246.0
1913,95.675,1348.88641727,597.27383142,4,0,0.15045912,5660.0,1247.0
1914,95.725,1349.70734851,597.71090168,4,0,0.14940096,5660.75,1249.0
1915,95.775,1350.62099329,598.17986262,4,0,0.16197853,5661.5,1248.0
1916,95.825,1351.71636227,598.64121077,4,0,0.19625682,5660.5,1247.0
1917,95.875,1353.05586228,599.1193317,4,0,0.28806398,5660.25,1246.0
1918,95.925,1354.41378047,599.61285728,4,0,0.21976214,5659.25,1245.0
1919,95.975,1355.78978647,600.13976001,4,0,0.20781297,5659.0,1246.0
1920,96.025,1357.18588991,600.67424751,4,0,0.20835055,5659.25,1246.0
1921,96.075,1358.5885283,601.22155417,4,0,0.20698191,5660.5,1246.0
1922,96.125,1359.99367902,601.77807478,4,0,0.20557751,5655.5,1247.0
1923,96.175,1361.39750927,602.34091286,4,0,0.20417311,5655.0,1246.0
1924,96.225,1362.79802421,602.91399218,4,0,0.20276871,5654.5,1245.0
1925,96.275,1364.18805102,603.49450168,4,0,0.19283224,5654.25,1246.0
1926,96.325,1365.55906104,604.07441706,4,0,0.19296035,5654.0,1245.0
1927,96.375,1366.94389976,604.66591138,4,0,0.22251998,5655.5,1248.0
1928,96.425,1368.3824972,605.22774933,4,0,0.27614646,5657.25,1251.0
1929,96.475,1369.8472212,605.79635867,4,0,0.34542646,5655.5,1250.0
1930,96.525,1371.40339833,606.40212172,4,0,0.5018229,5654.0,1251.0
1931,96.575,1372.99124632,606.95155543,4,0,0.45731206,5651.0,1252.0
1932,96.625,1374.61046656,607.50724794,4,0,0.4417677,5651.75,1254.0
1933,96.675,1376.22926463,608.07308004,4,0,0.44520393,5650.5,1252.0
1934,96.725,1377.84926047,608.64581827,4,0,0.45657885,5650.75,1252.0
1935,96.775,1379.4470083,609.24905588,4,0,0.46794318,5651.5,1254.0
1936,96.825,1381.02964343,609.86758585,4,0,0.4793075,5648.25,1254.0
1937,96.875,1382.60302483,610.49774539,4,0,0.49067182,5646.0,1251.0
1938,96.925,1384.15606048,611.16780655,4,0,0.50203615,5645.75,1254.0
1939,96.975,1385.69362397,611.85478921,4,0,0.51328419,5646.25,1254.0
1940,97.025,1387.22404472,612.52702544,4,0,0.51752288,5646.25,1253.0
1941,97.075,1388.75924875,613.18402237,4,0,0.51245112,5647.0,1253.0
1942,97.125,1390.26224549,614.02800196,4,0,0.50824016,5644.75,1258.0
1943,97.175,1391.69588921,614.27448015,4,0,0.65744887,5644.75,1257.0
1944,97.225,1393.1716942,614.68110764,4,0,0.52983612,5645.0,1260.0
1945,97.275,1394.71724128,615.17654771,4,0,0.50012937,5644.0,1259.0
1946,97.325,1396.2040059,615.83536662,4,0,0.49885201,5644.0,1258.0
1947,97.375,1397.4937172,616.58335526,4,0,0.50192411,5644.0,1256.0
1948,97.425,1398.56767981,617.44436533,4,0,0.50505191,5639.5,1259.0
1949,97.475,1398.19512484,625.48755377,4,0,0.50817971,5640.5,1260.0
1950,97.525,1396.47266074,624.3966342,5,0,0.51130751,5643.75,1267.0
1951,97.575,1396.2522955,624.2967638,5,0,0.51443531,5645.0,1268.0
1952,97.625,1396.40864436,624.21364094,5,0,0.5175615,5646.5,1269.0
1953,97.675,1396.80580083,624.42188434,5,0,0.52451948,5647.0,1268.0
1954,97.725,1397.25092381,624.52861116,5,0,0.51125942,5646.75,1266.0
1955,97.775,1397.72583133,624.65798839,5,0,0.51440947,5647.25,1267.0
1956,97.825,1398.73039656,625.94911762,5,0,0.78876523,5651.0,1268.0
1957,97.875,1399.69661823,625.21161765,5,0,0.50025518,5651.25,1265.0
1958,97.925,1400.72094443,625.51956718,5,0,0.49589143,5651.5,1267.0
1959,97.975,1401.75456668,625.86997675,5,0,0.48443617,5648.0,1271.0
1960,98.025,1402.81562572,626.26314216,5,0,0.48380345,5647.5,1271.0
1961,98.075,1403.91143232,626.67456943,5,0,0.48815987,5647.0,1270.0
1962,98.125,1405.05115684,627.1715528,5,0,0.49251628,5648.25,1269.0
1963,98.175,1406.24598125,627.74859066,5,0,0.51497874,5651.25,1270.0
1964,98.225,1407.46458116,628.39543467,5,0,0.5775602,5650.25,1268.0
1965,98.275,1408.58726356,629.07110033,5,0,0.5868411,5646.0,1268.0
1966,98.325,1409.6970793,629.75415712,5,0,0.57443488,5647.5,1268.0
1967,98.375,1411.07484311,630.79711657,5,0,0.81268986,5645.75,1267.0
1968,98.425,1412.75268374,632.06676142,5,0,1.0652718,5644.75,1268.0
1969,98.475,1414.38634963,632.95136956,5,0,1.02468548,5643.75,1270.0
1970,98.525,1415.11244445,633.14583541,5,0,0.52240976,5645.25,1269.0
1971,98.575,1415.92095893,633.33578503,5,0,0.50063519,5642.0,1270.0
1972,98.625,1417.03835425,633.58889957,5,0,0.48540544,5641.0,1268.0
1973,98.675,1418.18466666,634.03063137,5,0,0.46906596,5640.75,1269.0
1974,98.725,1419.27385135,634.50554487,5,0,0.45812576,5640.75,1269.0
1975,98.775,1420.31779167,635.00594962,5,0,0.47966915,5640.75,1270.0
1976,98.825,1421.26979791,635.53792198,5,0,0.5059028,5640.5,1270.0
1977,98.875,1422.47773182,636.15287341,5,0,0.53213644,5635.25,1269.0
1978,98.925,1423.93159874,639.13646392,6,1,0.76958968,5634.25,1269.0
1979,98.975,1426.10631601,640.78473748,5,0,1.44514698,5633.25,1269.0
1980,99.025,1428.45627304,641.79724198,5,0,1.51132265,5632.25,1265.0
1981,99.075,1431.00182343,642.88008061,5,0,1.57385454,5631.0,1261.0
1982,99.125,1432.995192,643.28419572,5,0,1.01177052,5630.25,1261.0
1983,99.175,1434.90082519,650.78186761,4,0,0.96828636,5627.75,1259.0
1984,99.225,1437.00817428,636.26195702,4,0,0.89520875,5627.5,1262.0
1985,99.275,1437.94105532,636.47291696,4,0,0.37730383,5626.5,1261.0
1986,99.325,1438.82793659,636.68266882,4,0,0.37448448,5626.5,1261.0
1987,99.375,1439.70564923,636.89321387,4,0,0.37166513,5626.5,1261.0
1988,99.425,1440.59961473,637.15182279,4,0,0.36884577,5622.5,1261.0
1989,99.475,1441.59862613,637.44447615,4,0,0.36602642,5624.0,1261.0
1990,99.525,1442.67715407,637.78268339,4,0,0.36320707,5622.75,1261.0
1991,99.575,1443.73516426,638.15334637,4,0,0.36592824,5623.0,1261.0
1992,99.625,1444.77191023,638.5336042,4,0,0.36195321,5622.75,1261.0
1993,99.675,1445.76865907,638.94339865,4,0,0.33637044,5623.5,1260.0
1994,99.725,1446.71433315,639.34430844,4,0,0.31367338,5619.25,1261.0
1995,99.775,1447.59292789,639.68424046,4,0,0.29507828,5619.0,1260.0
1996,99.825,1448.40717746,640.00871279,4,0,0.29374449,5618.25,1258.0
1997,99.875,1449.21560739,640.30309169,4,0,0.29721538,5619.0,1257.0
1998,99.925,1450.0324488,640.59744819,4,0,0.30075138,5618.5,1256.0
1999,99.975,1450.86039592,640.89635043,4,0,0.30444321,5620.25,1258.0
2000,100.025,1451.72958861,641.20004656,4,0,0.30921801,5617.0,1258.0
2001,100.075,1452.73148546,641.52427798,4,0,0.31442055,5616.75,1259.0
2002,100.125,1453.90975838,641.94282101,4,0,0.31936169,5616.5,1258.0
2003,100.175,1455.09913381,642.37507676,4,0,0.32733844,5616.25,1255.0
2004,100.225,1456.29592371,642.80512338,4,0,0.33532192,5616.75,1257.0
2005,100.275,1457.49817783,643.23919912,4,0,0.3433054,5614.0,1258.0
2006,100.325,1458.70281912,643.6698312,4,0,0.35079979,5613.5,1260.0
2007,100.375,1459.92237061,644.09619611,4,0,0.35247204,5613.25,1259.0
2008,100.425,1461.16564076,644.43867865,4,0,0.35158288,5612.75,1258.0
2009,100.475,1462.35815142,644.67171403,4,0,0.36238753,5612.25,1255.0
2010,100.525,1463.48154854,644.78240523,4,0,0.37142203,5614.0,1259.0
2011,100.575,1464.53688321,644.70844179,4,0,0.39628603,5612.75,1261.0
2012,100.625,1465.52253091,644.60098053,4,0,0.52506808,5612.25,1263.0
2013,100.675,1466.403308,644.65492247,4,0,0.66160456,5615.0,1273.0
2014,100.725,1467.33531928,644.76533466,4,0,0.64928489,5617.75,1281.0
2015,100.775,1468.81133249,638.2872336,4,0,0.62644152,5619.0,1275.0
2016,100.825,1470.99867038,635.70429246,4,0,0.60359815,5620.25,1273.0
2017,100.875,1473.36226536,636.09744914,4,0,0.58075478,5615.5,1273.0
2018,100.925,1475.74301417,636.50508467,4,0,0.55799448,5614.75,1270.0
2019,100.975,1478.27490106,637.08694121,4,0,0.64986178,5614.0,1267.0
2020,101.025,1480.87056251,637.68501941,4,0,0.67539819,5613.75,1265.0
2021,101.075,1483.59215557,638.05171319,4,0,0.85241971,5614.5,1265.0
2022,101.125,1486.29320264,638.43694547,4,0,0.99182619,5614.0,1264.0
2023,101.175,1489.01193948,638.82282888,4,0,1.02274984,5609.0,1264.0
2024,101.225,1491.77917376,639.21968534,4,0,1.0535951,5607.5,1264.0
2025,101.275,1494.60756685,639.61899766,4,0,1.09456503,5607.25,1263.0
2026,101.325,1497.50695692,640.04332543,4,0,1.12572675,5604.75,1262.0
2027,101.375,1500.46888444,640.55453204,4,0,1.14336398,5605.5,1261.0
2028,101.425,1503.4454128,641.12344957,4,0,1.13400623,5605.5,1259.0
2029,101.475,1506.41881635,641.71528001,4,0,1.12124152,5598.5,1260.0
2030,101.525,1509.3769034,642.31508997,4,0,1.10650356,5596.25,1253.0
2031,101.575,1512.29900166,642.92140184,4,0,1.09131515,5596.25,1251.0
2032,101.625,1515.18102161,643.5271821,4,0,1.08754759,5595.25,1248.0
2033,101.675,1518.0815878,644.09412229,4,0,1.12671556,5595.25,1248.0
2034,101.725,1521.00320763,644.5528061,4,0,1.09205953,5591.25,1247.0
2035,101.775,1523.91142066,644.85054349,4,0,1.08656279,5587.75,1238.0
2036,101.825,1526.78473952,645.08940327,4,0,1.03416422,5587.5,1237.0
2037,101.875,1529.63298592,645.36885001,4,0,1.00934967,5584.75,1237.0
2038,101.925,1532.48768083,645.72215836,4,0,1.02080599,5584.75,1237.0
2039,101.975,1535.36143829,646.09847928,4,0,1.04428741,5584.75,1237.0
2040,102.025,1538.24456351,646.48174609,4,0,1.06776882,5581.5,1251.0
2041,102.075,1541.15207611,646.95254514,4,0,1.08885091,5581.75,1250.0
2042,102.125,1544.0591603,647.50016639,4,0,1.07504848,5581.75,1250.0
2043,102.175,1546.96006536,648.0564673,4,0,1.05488347,5580.5,1246.0
2044,102.225,1549.8531096,648.63522837,4,0,1.04374108,5580.75,1246.0
2045,102.275,1552.73057001,649.25547653,4,0,1.02162144,5578.5,1243.0
2046,102.325,1555.5014254,649.87519937,4,0,0.94163029,5573.0,1241.0
2047,102.375,1558.24978698,650.35067889,4,0,0.92118875,5572.5,1241.0
2048,102.425,1561.11456284,650.83649165,4,0,0.98448642,5570.5,1238.0
2049,102.475,1564.08398336,651.3150609,4,0,1.05342794,5571.0,1240.0
2050,102.525,1567.06915923,651.84286494,4,0,1.06029817,5569.0,1239.0
2051,102.575,1570.08033753,652.38781218,4,0,1.069533,5567.25,1237.0
2052,102.625,1573.11298943,652.96959223,4,0,1.07122254,5565.0,1239.0
2053,102.675,1576.15902958,653.60204815,4,0,1.09465766,5563.25,1237.0
2054,102.725,1579.22606626,654.27183395,4,0,1.10227328,5562.25,1235.0
2055,102.775,1582.30944951,654.98547746,4,0,1.09003753,5561.5,1233.0
2056,102.825,1585.40189561,655.71011313,4,0,1.08668359,5558.25,1232.0
2057,102.875,1588.5126888,656.42986425,4,0,1.11097298,5554.75,1234.0
2058,102.925,1591.63842961,657.14933854,4,0,1.12972519,5553.0,1234.0
2059,102.975,1594.75936984,657.87327257,4,0,1.14757737,5551.5,1230.0
2060,103.025,1597.85584616,658.54598432,4,0,1.11179997,5550.75,1227.0
2061,103.075,1600.89220177,659.16736192,4,0,1.03473385,5548.0,1226.0
2062,103.125,1603.93729806,659.75338147,4,0,1.0265491,5546.25,1226.0
2063,103.175,1607.0152861,660.33953772,4,0,1.04544215,5543.5,1226.0
2064,103.225,1610.12707473,660.92852908,4,0,1.06434601,5541.0,1225.0
2065,103.275,1613.26753402,661.53135563,4,0,1.08315169,5540.5,1223.0
2066,103.325,1616.42149946,662.19941637,4,0,1.10050428,5538.5,1221.0
2067,103.375,1619.62931888,663.03358706,4,0,1.09964436,5537.0,1219.0
2068,103.425,1622.79679613,663.88388639,4,0,1.07610325,5536.5,1218.0
2069,103.475,1625.93348652,664.76737832,4,0,1.05187205,5529.0,1215.0
2070,103.525,1629.07429442,665.67515161,4,0,1.04978036,5528.75,1214.0
2071,103.575,1632.26800753,666.61112878,4,0,1.11044174,5527.25,1215.0
2072,103.625,1635.50676322,667.59128656,4,0,1.17729817,5522.25,1210.0
2073,103.675,1638.76941576,668.37156502,4,0,1.23274809,5522.0,1211.0
2074,103.725,1642.1153283,669.00894293,4,0,1.32295943,5521.25,1211.0
2075,103.775,1645.59114814,669.83780731,4,0,1.51091971,5515.75,1209.0
2076,103.825,1649.0009489,670.69555979,4,0,1.53267414,5515.0,1207.0
2077,103.875,1652.30954476,671.64934287,4,0,1.52535821,5509.5,1207.0
2078,103.925,1655.60707933,673.7659043,4,0,1.59451382,5508.75,1209.0
2079,103.975,1658.43871321,680.90862301,4,0,1.70929802,5508.5,1208.0
2080,104.025,1660.29634613,683.55984926,4,0,1.76947326,5505.0,1206.0
2081,104.075,1662.31272576,685.05384134,4,0,1.85914603,5499.75,1209.0
2082,104.125,1664.90217239,686.72344148,4,0,1.97768907,5498.25,1210.0
2083,104.175,1669.01649349,688.74519225,4,0,3.27476667,5495.5,1210.0
2084,104.225,1673.4688752,690.87561304,4,0,3.54507549,5492.5,1196.0
2085,104.275,1676.81529619,683.99249086,3,0,2.34196475,5491.0,1198.0
2086,104.325,1678.42275169,684.31715766,3,0,0.9816284,5489.0,1197.0
2087,104.375,1680.06168881,684.72680444,3,0,0.98299404,5489.0,1199.0
2088,104.425,1681.78650058,685.19267459,3,0,1.03502065,5487.0,1199.0
2089,104.475,1683.52715852,685.67811863,3,0,1.05648026,5489.5,1199.0
2090,104.525,1685.27407431,686.18269232,3,0,1.07252726,5488.5,1199.0
2091,104.575,1687.02348496,686.7244839,3,0,1.0885231,5488.5,1201.0
2092,104.625,1688.74630798,687.3056638,3,0,1.10243763,5485.25,1203.0
2093,104.675,1690.3921496,688.01191458,3,0,1.10524703,5483.0,1203.0
2094,104.725,1691.95124273,688.76743669,3,0,1.11502091,5484.75,1202.0
2095,104.775,1693.42260083,689.53521271,3,0,1.12243384,5483.0,1199.0
2096,104.825,1694.8224152,690.35436864,3,0,1.12876489,5481.75,1198.0
2097,104.875,1696.17954229,691.30474752,3,0,1.13027551,5482.75,1196.0
2098,104.925,1697.47063308,692.27481939,3,0,1.12358387,5478.75,1196.0
2099,104.975,1698.55822084,692.97871327,3,0,1.07566588,5479.75,1196.0
2100,105.025,1699.96123655,693.02715598,3,0,1.31372225,5479.5,1194.0
2101,105.075,1701.72389478,693.26942186,3,0,1.63359903,5475.25,1196.0
2102,105.125,1703.66235534,693.75439667,3,0,1.84668826,5475.0,1197.0
2103,105.175,1706.19355631,694.48872561,3,0,2.40677172,5471.75,1197.0
2104,105.225,1709.05601142,695.85111334,3,0,2.71888767,5467.75,1198.0
2105,105.275,1711.95412053,697.38705994,3,0,3.04151195,5465.0,1191.0
2106,105.325,1715.47992753,699.26365835,3,0,3.72203347,5461.75,1180.0
2107,105.375,1719.0228605,694.87276397,2,0,3.65081292,5460.75,1176.0
2108,105.425,1719.52057812,686.01762131,1,0,1.08926705,5460.25,1178.0
2109,105.475,1719.61738359,686.75585426,1,0,0.98086682,5458.5,1175.0
2110,105.525,1713.61288586,690.43618016,2,0,0.87011595,5463.75,1181.0
2111,105.575,1707.17991365,687.45154465,2,0,0.75514257,5473.0,1179.0
2112,105.625,1703.34304237,685.65889563,2,0,0.68092229,5476.5,1182.0
2113,105.675,1700.47306312,684.13918749,2,0,0.72396042,5478.75,1184.0
2114,105.725,1697.51531629,682.57610877,2,0,0.79253584,5482.75,1186.0
2115,105.775,1694.57500673,681.03513453,2,0,0.78678827,5484.0,1190.0
2116,105.825,1691.72049542,679.50799721,2,0,0.77879943,5490.0,1198.0
2117,105.875,1688.90259334,678.01795211,2,0,0.77081059,5493.5,1202.0
2118,105.925,1686.55988561,676.89476477,2,0,0.7604139,5495.25,1200.0
2119,105.975,1684.53750895,676.10009176,2,0,0.74687195,5498.5,1200.0
2120,106.025,1682.70776968,675.48422571,2,0,0.80633332,5498.25,1198.0
2121,106.075,1680.95206928,674.89557415,2,0,0.79529066,5500.0,1198.0
2122,106.125,1679.29101014,674.46815865,2,0,0.78196345,5504.0,1196.0
2123,106.175,1677.66789931,674.15560358,2,0,0.78105266,5505.5,1199.0
2124,106.225,1676.14124584,673.87746324,2,0,0.78343372,5505.5,1199.0
2125,106.275,1674.61628896,673.40241593,2,0,0.69725227,5507.25,1198.0
2126,106.325,1673.27018529,672.5478688,2,0,0.66373504,5509.75,1198.0
2127,106.375,1671.96453972,671.73595614,2,0,0.68372505,5509.75,1200.0
2128,106.425,1670.63166603,670.92411625,2,0,0.7054945,5512.0,1203.0
2129,106.475,1669.27172734,670.1126409,2,0,0.72728217,5514.75,1203.0
2130,106.525,1667.88391435,669.29997071,2,0,0.74906984,5515.5,1205.0
2131,106.575,1666.46529185,668.60931647,2,0,0.75986343,5514.25,1204.0
2132,106.625,1665.07136985,668.19517243,2,0,0.77002681,5520.75,1206.0
2133,106.675,1663.79020358,667.86947564,2,0,0.76562546,5518.75,1203.0
2134,106.725,1662.5473383,667.56936822,2,0,0.75679352,5519.75,1202.0
2135,106.775,1661.3359248,667.286109,2,0,0.74796159,5519.75,1202.0
2136,106.825,1660.12219562,667.12084285,2,0,0.73912965,5522.5,1202.0
2137,106.875,1658.81192013,667.66970013,2,0,0.73375017,5524.5,1202.0
2138,106.925,1657.52268661,666.88420147,2,0,0.69915506,5525.25,1208.0
2139,106.975,1656.26058898,665.97839227,2,0,0.71750753,5524.0,1210.0
2140,107.025,1655.11210125,665.20967915,2,0,0.73506831,5530.0,1210.0
2141,107.075,1654.05280413,664.50398455,2,0,0.75936436,5529.0,1210.0
2142,107.125,1653.13710834,663.8945094,2,0,0.78365699,5530.75,1211.0
2143,107.175,1652.32955306,663.37300575,2,0,0.80794961,5530.75,1210.0
2144,107.225,1651.58771109,662.91617699,2,0,0.83224223,5528.75,1213.0
2145,107.275,1650.90653735,662.60643075,2,0,0.85127694,5535.25,1210.0
2146,107.325,1650.24169373,662.38035515,2,0,0.84266397,5535.5,1211.0
2147,107.375,1649.60026925,662.1798614,2,0,0.83337923,5533.25,1210.0
2148,107.425,1648.96561936,662.04852992,2,0,0.82409449,5535.25,1212.0
2149,107.475,1648.34987645,661.95526375,2,0,0.81540989,5534.75,1213.0
2150,107.525,1647.68724114,661.9834261,2,0,0.82387119,5539.75,1210.0
2151,107.575,1647.05716347,661.84292682,2,0,0.76074711,5539.5,1208.0
2152,107.625,1646.28243234,661.4214195,2,0,0.66273497,5537.25,1209.0
2153,107.675,1645.42887481,660.87940104,2,0,0.64453021,5539.5,1210.0
2154,107.725,1644.59108781,660.39075501,2,0,0.67165909,5540.75,1215.0
2155,107.775,1643.79472186,659.92722771,2,0,0.69903563,5540.25,1218.0
2156,107.825,1643.03955699,659.5009098,2,0,0.72641218,5546.0,1218.0
2157,107.875,1642.30148289,659.19432148,2,0,0.75279402,5545.25,1217.0
2158,107.925,1641.53581896,659.05275054,2,0,0.75013337,5546.0,1217.0
2159,107.975,1640.73542377,658.93980435,2,0,0.73917374,5546.0,1216.0
2160,108.025,1639.9006608,658.83183732,2,0,0.72832203,5544.0,1217.0
2161,108.075,1639.01511392,658.74197883,2,0,0.71747031,5550.25,1219.0
2162,108.125,1638.06918833,658.65908276,2,0,0.70661878,5552.0,1220.0
2163,108.175,1637.07788346,658.61105457,2,0,0.68488592,5549.25,1219.0
2164,108.225,1636.01931573,658.28779336,2,0,0.64374041,5552.0,1222.0
2165,108.275,1635.10172482,657.11615117,2,0,0.67207986,5552.25,1225.0
2166,108.325,1634.34495726,656.76961133,2,0,0.70905461,5552.25,1224.0
2167,108.375,1633.67313714,656.45209206,2,0,0.73101369,5554.0,1226.0
2168,108.425,1633.0321558,656.14775102,2,0,0.75181233,5555.5,1225.0
2169,108.475,1632.38434166,655.90182904,2,0,0.7719626,5557.0,1225.0
2170,108.525,1631.73629701,655.74990585,2,0,0.78681212,5557.75,1226.0
2171,108.575,1631.10798813,655.6309621,2,0,0.79498468,5555.5,1225.0
2172,108.625,1630.49728574,655.53941014,2,0,0.80318443,5556.5,1223.0
2173,108.675,1629.90655296,655.46128782,2,0,0.81138418,5556.25,1224.0
2174,108.725,1629.32592909,655.3977893,2,0,0.81958393,5556.25,1225.0
2175,108.775,1628.76111339,655.37925651,2,0,0.83125405,5560.75,1223.0
2176,108.825,1628.19048622,655.35898808,2,0,0.8363108,5559.0,1223.0
2177,108.875,1627.42139108,655.09757642,2,0,0.66908118,5560.75,1224.0
2178,108.925,1626.73708511,654.64007295,2,0,0.7710064,5560.25,1224.0
2179,108.975,1626.02943087,654.13858854,2,0,0.77025673,5559.75,1225.0
2180,109.025,1625.27389786,653.65958141,2,0,0.76930612,5560.5,1225.0
2181,109.075,1624.51619312,653.18509694,2,0,0.76834971,5561.5,1228.0
2182,109.125,1623.78302476,652.71649921,2,0,0.7673933,5564.25,1232.0
2183,109.175,1623.0761952,652.29288684,2,0,0.76645441,5566.5,1230.0
2184,109.225,1622.34917764,651.95096515,2,0,0.76704335,5564.75,1228.0
2185,109.275,1621.56167763,651.67608259,2,0,0.7646871,5566.5,1229.0
2186,109.325,1620.7254596,651.48689361,2,0,0.76260581,5566.25,1227.0
2187,109.375,1619.89346367,651.3354438,2,0,0.76089636,5564.75,1228.0
2188,109.425,1619.07212332,651.21981333,2,0,0.75918692,5566.5,1226.0
2189,109.475,1618.26892215,651.08021845,2,0,0.75646596,5566.25,1229.0
2190,109.525,1617.56252128,650.69988543,2,0,0.66678586,5567.0,1228.0
2191,109.575,1616.90441362,650.28246341,2,0,0.62245629,5572.25,1230.0
2192,109.625,1616.33494144,649.94593173,2,0,0.64425635,5570.5,1230.0
2193,109.675,1615.83404917,649.62370253,2,0,0.690342,5572.25,1230.0
2194,109.725,1615.40109811,649.30568134,2,0,0.73642764,5571.5,1229.0
2195,109.775,1615.02992959,649.00693452,2,0,0.78122405,5569.5,1229.0
2196,109.825,1614.63951459,648.7998639,2,0,0.8053571,5572.25,1231.0
2197,109.875,1614.17592982,648.73258619,2,0,0.78258319,5571.75,1230.0
2198,109.925,1613.67855575,648.68137966,2,0,0.7508742,5572.25,1232.0
2199,109.975,1613.15971641,648.63073661,2,0,0.71916521,5574.25,1233.0
2200,110.025,1612.61329124,648.57741392,2,0,0.68745622,5576.25,1229.0
2201,110.075,1612.02495535,648.57082727,2,0,0.65574723,5577.0,1228.0
2202,110.125,1611.44012211,648.62179851,2,0,0.66053064,5577.25,1228.0
2203,110.175,1611.00739323,648.49271788,2,0,0.77843491,5575.5,1227.0
2204,110.225,1610.63775652,648.08479839,2,0,0.84178423,5577.25,1228.0
2205,110.275,1610.21637726,647.69426258,2,0,0.82382139,5577.25,1228.0
2206,110.325,1609.78857392,647.34820852,2,0,0.82468013,5577.5,1230.0
2207,110.375,1609.35967865,647.00351066,2,0,0.82543598,5577.5,1230.0
2208,110.425,1608.9812088,646.69193844,2,0,0.82208865,5576.5,1230.0
2209,110.475,1608.68079898,646.49621674,2,0,0.82552091,5578.25,1232.0
2210,110.525,1608.30834545,646.42473806,2,0,0.80659201,5578.0,1232.0
2211,110.575,1607.78152106,646.35463821,2,0,0.78766006,5576.0,1232.0
2212,110.625,1607.12927947,646.29250103,2,0,0.76872811,5578.25,1232.0
2213,110.675,1606.37883431,646.36636384,2,0,0.76123425,5578.0,1230.0
2214,110.725,1605.54268831,646.46073711,2,0,0.77030459,5577.25,1227.0
2215,110.775,1604.63718223,647.21172642,2,0,0.76560073,5579.25,1231.0
2216,110.825,1603.91711246,646.20514783,2,0,0.71832582,5578.25,1230.0
2217,110.875,1603.23528033,645.50110438,2,0,0.66658824,5580.0,1232.0
2218,110.925,1602.58488856,645.05937963,2,0,0.6945537,5580.25,1231.0
2219,110.975,1601.93214149,644.65534068,2,0,0.72189216,5578.0,1232.0
2220,111.025,1601.33754964,644.28413044,2,0,0.74923062,5580.75,1232.0
2221,111.075,1600.80749094,643.91472633,2,0,0.77656907,5581.5,1234.0
2222,111.125,1600.33929893,643.66080451,2,0,0.79068319,5578.75,1231.0
2223,111.175,1599.90112385,643.49893824,2,0,0.77797205,5581.0,1229.0
2224,111.225,1599.49047287,643.39425274,2,0,0.76431696,5580.25,1227.0
2225,111.275,1599.12235619,643.29741357,2,0,0.75066186,5580.25,1225.0
2226,111.325,1598.78019659,643.20418716,2,0,0.73700676,5580.75,1225.0
2227,111.375,1598.45868306,643.11673245,2,0,0.72335166,5578.5,1224.0
2228,111.425,1598.13187845,643.03807529,2,0,0.70927754,5581.0,1224.0
2229,111.475,1597.71442124,642.86327633,2,0,0.68520147,5580.25,1223.0
2230,111.525,1597.26374304,642.64158978,2,0,0.66082224,5579.75,1224.0
2231,111.575,1596.82857966,642.4284942,2,0,0.66582605,5580.75,1223.0
2232,111.625,1596.40499902,642.22784685,2,0,0.6922638,5580.75,1224.0
2233,111.675,1595.99049348,642.02990083,2,0,0.71869621,5581.0,1224.0
2234,111.725,1595.5797089,641.85325715,2,0,0.7448075,5582.5,1228.0
2235,111.775,1595.15794973,641.74172038,2,0,0.76473581,5580.25,1228.0
2236,111.825,1594.66128011,641.70196722,2,0,0.7502426,5581.5,1227.0
2237,111.875,1594.15003338,641.69211653,2,0,0.75055977,5582.25,1229.0
2238,111.925,1593.60622387,641.83931799,2,0,0.75424261,5580.0,1227.0
2239,111.975,1593.01704745,641.98732164,2,0,0.76955311,5582.5,1229.0
2240,112.025,1592.38333958,642.1942357,2,0,0.77598589,5582.75,1231.0
2241,112.075,1591.68163422,642.4434327,2,0,0.79352684,5582.0,1230.0
2242,112.125,1590.69233184,642.10206605,2,0,0.75971477,5583.75,1231.0
2243,112.175,1589.87508697,641.58081446,2,0,0.79338817,5582.0,1232.0
2244,112.225,1589.18028321,641.02766652,2,0,0.69978921,5584.0,1231.0
2245,112.275,1588.61182507,640.64599661,2,0,0.66330157,5584.25,1231.0
2246,112.325,1588.04050787,640.29090463,2,0,0.64148681,5583.25,1232.0
2247,112.375,1587.47686948,640.0244919,2,0,0.62543009,5585.0,1232.0
2248,112.425,1586.96986796,639.84189865,2,0,0.61404329,5584.25,1228.0
2249,112.475,1586.41278865,639.78782603,2,0,0.54830276,5584.25,1225.0
2250,112.525,1585.74978383,639.87531601,2,0,0.48344081,5584.0,1222.0
2251,112.575,1585.00324556,639.98808456,2,0,0.43162579,5583.25,1217.0
2252,112.625,1584.18175956,640.10249028,2,0,0.3796938,5585.75,1217.0
2253,112.675,1583.27512914,640.22440115,2,0,0.32776181,5586.0,1216.0
2254,112.725,1582.18073518,640.45654157,2,0,0.20184744,5587.25,1216.0
2255,112.775,1580.54059891,640.36023927,2,0,0.0,5588.75,1216.0
2256,112.825,1578.85831885,640.12349525,2,0,0.0,5588.75,1216.0
2257,112.875,1577.14760986,639.91015497,2,0,0.0,5590.75,1217.0
2258,112.925,1575.38561397,639.69852954,2,0,0.0,5591.5,1217.0
2259,112.975,1573.56981564,639.49076594,2,0,0.0,5592.0,1220.0
2260,113.025,1571.70165687,639.29186455,2,0,0.0,5594.5,1221.0
2261,113.075,1569.80426274,639.12710189,2,0,0.0,5595.0,1223.0
2262,113.125,1567.90022528,639.08039691,2,0,0.0,5595.75,1223.0
2263,113.175,1566.00926204,639.04862694,2,0,0.0,5597.5,1223.0
2264,113.225,1564.13148471,639.02464132,2,0,0.0,5597.5,1223.0
2265,113.275,1562.28065041,639.02813952,2,0,0.0,5599.75,1224.0
2266,113.325,1560.49063613,639.00251136,2,0,0.0,5600.5,1225.0
2267,113.375,1558.69389923,638.97398185,2,0,0.0,5601.5,1227.0
2268,113.425,1556.8325523,638.88464951,2,0,0.0,5603.25,1227.0
2269,113.475,1554.83346015,638.5005487,2,0,0.0,5604.0,1229.0
2270,113.525,1552.86732085,638.20582746,2,0,0.0,5605.0,1229.0
2271,113.575,1550.88050078,638.07173482,2,0,0.0,5606.75,1229.0
2272,113.625,1548.89915675,637.97602969,2,0,0.0,5607.0,1229.0
2273,113.675,1546.96851758,637.89074428,2,0,0.0,5608.5,1231.0
2274,113.725,1545.0124585,637.8341935,2,0,0.0,5610.0,1233.0
2275,113.775,1543.02092303,637.78359872,2,0,0.0,5611.5,1235.0
2276,113.825,1540.99707412,637.77336251,2,0,0.0,5614.25,1236.0
2277,113.875,1538.95705147,637.84775485,2,0,0.0,5614.25,1236.0
2278,113.925,1536.97743251,637.89685341,2,0,0.0,5614.5,1237.0
2279,113.975,1535.109679,637.9629919,2,0,0.0,5617.0,1237.0
2280,114.025,1533.39704072,637.99186756,2,0,0.0,5617.0,1237.0
2281,114.075,1531.74244223,637.91075621,2,0,0.0,5619.5,1240.0
2282,114.125,1530.03705122,637.75334832,2,0,0.0,5620.5,1241.0
2283,114.175,1528.31314657,637.59895188,2,0,0.0,5620.75,1241.0
2284,114.225,1526.57750256,637.46178782,2,0,0.0,5622.75,1242.0
2285,114.275,1524.83938504,637.32442508,2,0,0.0,5623.5,1243.0
2286,114.325,1523.09701015,637.18859841,2,0,0.0,5623.75,1243.0
2287,114.375,1521.34154777,637.05579255,2,0,0.0,5626.25,1244.0
2288,114.425,1519.58086676,636.95493889,2,0,0.0,5626.5,1245.0
2289,114.475,1517.83325287,636.89571456,2,0,0.0,5627.25,1246.0
2290,114.525,1516.1166653,636.84883716,2,0,0.0,5629.5,1246.0
2291,114.575,1514.42823694,636.81068851,2,0,0.0,5629.5,1246.0
2292,114.625,1512.76024586,636.77430133,2,0,0.0,5632.25,1248.0
2293,114.675,1511.12434817,636.74003877,2,0,0.0,5632.75,1248.0
2294,114.725,1509.4868176,636.72772003,2,0,0.0,5633.0,1249.0
2295,114.775,1507.76749103,636.59306264,2,0,0.0,5635.25,1250.0
2296,114.825,1505.94425469,636.45862799,2,0,0.0,5635.5,1251.0
2297,114.875,1504.09778818,636.33477937,2,0,0.0,5636.0,1252.0
2298,114.925,1502.12648403,636.26395692,2,0,0.0,5638.0,1252.0
2299,114.975,1499.87684982,636.26592878,2,0,0.0,5638.25,1253.0
2300,115.025,1497.29929938,636.32416952,2,0,0.0,5640.5,1254.0
2301,115.075,1494.44961292,636.52270291,2,0,0.0,5640.75,1255.0
2302,115.125,1491.38056543,636.74142504,2,0,0.0,5641.0,1256.0
2303,115.175,1488.1231956,636.95526945,2,0,0.0,5643.75,1258.0
2304,115.225,1484.69951266,637.15536511,2,0,0.0,5645.5,1264.0
2305,115.275,1481.1801566,637.48475257,2,0,0.0,5648.25,1276.0
2306,115.325,1477.56576246,637.82477968,2,0,0.0,5650.5,1277.0
2307,115.375,1473.73063321,637.92777914,2,0,0.0,5651.5,1280.0
2308,115.425,1465.19168815,636.91728241,2,0,0.0,5660.5,1305.0
2309,115.475,1445.34957342,637.31001426,2,0,0.0,5678.5,1375.0
2310,115.525,1300.69392271,579.67987645,4,0,0.0,5831.5,1369.0
2311,115.575,1294.30162137,577.58653623,4,0,0.0,5840.5,1374.0
2312,115.625,1288.23884615,574.38367438,4,0,0.0,5846.0,1373.0
2313,115.675,1283.81968683,565.41853286,4,0,0.0,5848.5,1364.0
2314,115.725,1280.41379381,564.0925741,4,0,0.0,5851.75,1366.0
2315,115.775,1277.15722798,562.86337364,4,0,0.0,5858.25,1367.0
2316,115.825,1274.14386466,561.65705852,4,0,0.0,5859.0,1368.0
2317,115.875,1271.46080459,560.57512633,4,0,0.0,5859.75,1369.0
2318,115.925,1269.15271997,559.66065938,4,0,0.0,5863.75,1367.0
2319,115.975,1267.20597781,558.9847148,4,0,0.0,5864.0,1366.0
2320,116.025,1265.71579764,558.53864831,4,0,0.0,5864.25,1368.0
2321,116.075,1264.31661772,558.09906988,4,0,0.0,5867.75,1370.0
2322,116.125,1263.09480311,557.66996573,4,0,0.0,5867.75,1370.0
2323,116.175,1261.89082993,557.24543542,4,0,0.0,5867.75,1370.0
2324,116.225,1260.68941455,556.82112502,4,0,0.0,5867.75,1370.0
2325,116.275,1259.49007249,556.39894077,4,0,0.0,5867.75,1370.0
2326,116.325,1258.29318954,555.97858782,4,0,0.0,5867.75,1370.0
2327,116.375,1257.09810422,555.58712474,4,0,0.0,5867.75,1370.0
2328,116.425,1255.90686904,555.20319774,4,0,0.0,5867.75,1370.0
2329,116.475,1254.72395427,554.85922107,4,0,0.0,5867.75,1370.0
2330,116.525,1253.55614365,554.54263335,4,0,0.0,5867.75,1370.0
2331,116.575,1252.4090039,554.22616507,4,0,0.0,5867.75,1370.0
2332,116.625,1251.27794411,553.9112906,4,0,0.0,5867.75,1370.0
2333,116.675,1250.16689078,553.60593886,4,0,0.0,5867.75,1370.0
2334,116.725,1249.14608937,553.34248282,4,0,0.0,5867.75,1370.0
2335,116.775,1248.23737336,553.10648675,4,0,0.0,5867.75,1370.0
2336,116.825,1247.35102595,552.87616145,4,0,0.0,5867.75,1370.0
2337,116.875,1246.46803299,552.64626928,4,0,0.0,5867.75,1370.0
2338,116.925,1245.59114529,552.41755539,4,0,0.0,5867.75,1370.0
2339,116.975,1244.72569448,552.18926875,4,0,0.0,5867.75,1370.0
2340,117.025,1243.87702769,551.9696964,4,0,0.0,5867.75,1370.0
2341,117.075,1243.08880917,551.7891498,4,0,0.0,5867.75,1370.0
2342,117.125,1242.38215442,551.62961401,4,0,0.0,5867.75,1370.0
2343,117.175,1241.70847515,551.4806817,4,0,0.0,5867.75,1370.0
2344,117.225,1241.05869943,551.33718105,4,0,0.0,5867.75,1370.0
2345,117.275,1240.42822589,551.20413864,4,0,0.0,5867.75,1370.0
2346,117.325,1239.81511396,551.06746562,4,0,0.0,5867.75,1370.0
2347,117.375,1239.21686924,550.94335796,4,0,0.0,5867.75,1370.0
2348,117.425,1238.64464165,550.78154813,4,0,0.0,5867.75,1370.0
2349,117.475,1238.07847231,550.6024409,4,0,0.0,5867.75,1370.0
2350,117.525,1237.5094941,550.42300152,4,0,0.0,5867.75,1370.0
2351,117.575,1236.93731262,550.24350854,4,0,0.0,5867.75,1370.0
2352,117.625,1236.35979593,550.06687388,4,0,0.0,5867.75,1370.0
2353,117.675,1235.77783944,549.90089429,4,0,0.0,5867.75,1370.0
2354,117.725,1235.19516228,549.74183806,4,0,0.0,5867.75,1370.0
2355,117.775,1234.6155378,549.605712,4,0,0.0,5867.75,1370.0
2356,117.825,1234.11560815,549.49449084,4,0,0.0,5867.75,1370.0
2357,117.875,1233.72619115,549.40664354,4,0,0.0,5867.75,1370.0
2358,117.925,1233.34332725,549.33781603,4,0,0.0,5867.75,1370.0
2359,117.975,1232.9590969,549.27313096,4,0,0.0,5867.75,1370.0
2360,118.025,1232.57169799,549.20852646,4,0,0.0,5867.75,1370.0
2361,118.075,1232.17990737,549.14432996,4,0,0.0,5867.75,1370.0
2362,118.125,1231.78008002,549.08121474,4,0,0.0,5867.75,1370.0
2363,118.175,1231.36981059,549.01843081,4,0,0.0,5867.75,1370.0
2364,118.225,1230.95634883,548.95594112,4,0,0.0,5867.75,1370.0
2365,118.275,1230.53513525,548.89723472,4,0,0.0,5867.75,1370.0
2366,118.325,1230.06975845,548.84533231,4,0,0.0,5867.75,1370.0
2367,118.375,1229.57203762,548.80260492,4,0,0.0,5867.75,1370.0
2368,118.425,1229.06967661,548.76391049,4,0,0.0,5867.75,1370.0
2369,118.475,1228.5669559,548.73098766,4,0,0.0,5867.75,1370.0
2370,118.525,1228.06630337,548.69891563,4,0,0.0,5867.75,1370.0
2371,118.575,1227.56574094,548.66722328,4,0,0.0,5867.75,1370.0
2372,118.625,1227.06360781,548.64033823,4,0,0.0,5867.75,1370.0
2373,118.675,1226.56238634,548.63031635,4,0,0.0,5867.75,1370.0
2374,118.725,1226.06432255,548.63345224,4,0,0.0,5867.75,1370.0
2375,118.775,1225.57281776,548.64368444,4,0,0.0,5867.75,1370.0
2376,118.825,1225.08915424,548.65934912,4,0,0.0,5867.75,1370.0
2377,118.875,1224.5608478,548.74462297,4,0,0.0,5867.75,1370.0
2378,118.925,1223.85515858,548.90937939,4,0,0.0,5868.0,1372.0
2379,118.975,1222.98252369,549.12918701,4,0,0.0,5868.25,1373.0
2380,119.025,1222.14579582,549.40855688,4,0,0.0,5868.25,1373.0
2381,119.075,1221.32384389,549.69703076,4,0,0.0,5869.0,1377.0
2382,119.125,1220.04697278,556.18587364,5,0,0.0,5869.75,1379.0
2383,119.175,1216.07956492,554.79974825,5,0,0.0,5873.25,1386.0
2384,119.225,1213.02048188,553.55730736,5,0,0.0,5874.0,1386.0
2385,119.275,1211.31321152,553.07888998,5,0,0.0,5878.0,1385.0
2386,119.325,1209.90341074,552.65244857,5,0,0.0,5878.0,1385.0
2387,119.375,1208.46917388,552.2189465,5,0,0.0,5878.0,1385.0
2388,119.425,1207.0262653,551.79015581,5,0,0.0,5878.5,1386.0
2389,119.475,1205.61649971,551.36451265,5,0,0.0,5879.75,1387.0
2390,119.525,1204.25387018,550.94956309,5,0,0.0,5882.75,1386.0
2391,119.575,1202.95110637,550.5363666,5,0,0.0,5882.75,1386.0
2392,119.625,1201.67955298,550.17080745,5,0,0.0,5882.75,1386.0
2393,119.675,1200.4160549,549.83543943,5,0,0.0,5883.0,1387.0
2394,119.725,1199.17006162,549.51957767,5,0,0.0,5883.0,1387.0
2395,119.775,1197.93325204,549.20338902,5,0,0.0,5886.5,1388.0
2396,119.825,1196.70502376,548.89377424,5,0,0.0,5887.5,1388.0
2397,119.875,1195.63697964,548.64174396,5,0,0.0,5887.5,1388.0
2398,119.925,1194.61113731,548.41453174,5,0,0.0,5887.5,1388.0
2399,119.975,1193.62325683,548.18950391,5,0,0.0,5887.5,1388.0
2400,120.025,1192.67501288,547.97077823,5,0,0.0,5887.5,1388.0
2401,120.075,1191.74206157,547.77069517,5,0,0.0,5887.5,1388.0
2402,120.125,1190.80516608,547.57503743,5,0,0.0,5887.5,1388.0
2403,120.175,1189.84948701,547.38342624,5,0,0.0,5887.5,1388.0
2404,120.225,1188.77224403,547.20025366,5,0,0.0,5887.5,1388.0
2405,120.275,1187.6576341,547.02892962,5,0,0.0,5887.5,1388.0
2406,120.325,1186.52769153,546.87045736,5,0,0.0,5887.5,1388.0
2407,120.375,1185.38079115,546.71511921,5,0,0.0,5887.5,1388.0
2408,120.425,1184.21929806,546.56799925,5,0,0.0,5887.5,1388.0
2409,120.475,1183.04381173,546.42387679,5,0,0.0,5887.5,1388.0
2410,120.525,1181.84983053,546.26661793,5,0,0.0,5887.5,1388.0
2411,120.575,1180.66535601,546.10758379,5,0,0.0,5887.5,1388.0
2412,120.625,1179.51044064,545.93000661,5,0,0.0,5887.5,1388.0
2413,120.675,1178.34668777,545.73956064,5,0,0.0,5887.5,1388.0
2414,120.725,1177.17101409,545.56781806,5,0,0.0,5887.5,1388.0
2415,120.775,1175.96929709,545.40416165,5,0,0.0,5887.5,1388.0
2416,120.825,1174.75510061,545.25241479,5,0,0.0,5887.5,1388.0
2417,120.875,1173.50341402,545.10441495,5,0,0.0,5887.5,1388.0
2418,120.925,1171.94237569,544.99619336,5,0,0.0,5887.5,1388.0
2419,120.975,1170.27754342,544.90951876,5,0,0.0,5887.5,1388.0
2420,121.025,1168.59678347,544.85184451,5,0,0.0,5887.5,1388.0
2421,121.075,1166.90150603,544.80475745,5,0,0.0,5887.5,1388.0
2422,121.125,1165.19367598,544.7736682,5,0,0.0,5887.5,1388.0
2423,121.175,1163.47697314,544.76477787,5,0,0.0,5887.5,1388.0
2424,121.225,1161.74786719,544.76160094,5,0,0.0,5887.5,1388.0
2425,121.275,1160.01259971,544.76732867,5,0,0.0,5887.5,1388.0
2426,121.325,1158.29091435,544.76989161,5,0,0.0,5887.5,1388.0
2427,121.375,1156.54673786,544.78628607,5,0,0.0,5887.5,1388.0
2428,121.425,1154.76579201,544.81068531,5,0,0.0,5887.5,1388.0
2429,121.475,1152.94656983,544.83474336,5,0,0.0,5887.5,1388.0
2430,121.525,1151.09023864,544.86102734,5,0,0.0,5887.5,1388.0
2431,121.575,1149.03830337,544.9028759,5,0,0.0,5887.5,1388.0
2432,121.625,1146.91471219,544.94744477,5,0,0.0,5887.5,1388.0
2433,121.675,1144.78031194,544.99161639,5,0,0.0,5887.5,1388.0
2434,121.725,1142.63599685,545.03622579,5,0,0.0,5887.5,1388.0
2435,121.775,1140.48140004,545.08078388,5,0,0.0,5887.5,1388.0
2436,121.825,1138.30618681,545.12519026,5,0,0.0,5887.5,1388.0
2437,121.875,1136.10928642,545.17170968,5,0,0.0,5887.5,1388.0
2438,121.925,1133.59745868,545.23726747,5,0,0.0,5887.5,1388.0
2439,121.975,1130.76747774,545.31553208,5,0,0.0,5887.5,1388.0
2440,122.025,1127.81560842,545.40116454,5,0,0.0,5887.5,1388.0
2441,122.075,1124.60282553,545.50036774,5,0,0.0,5887.5,1388.0
2442,122.125,1120.92630612,545.61580937,5,0,0.0,5889.25,1389.0
2443,122.175,1116.95500313,545.75494773,5,0,0.0,5889.25,1389.0
2444,122.225,1112.794083,545.90487258,5,0,0.0,5889.5,1390.0
2445,122.275,1108.56862734,546.05554833,5,0,0.0,5889.5,1390.0
2446,122.325,1104.32029357,546.3778771,5,0,0.0,5889.5,1390.0
2447,122.375,1099.07647836,549.22869774,5,0,0.0,5889.5,1390.0
2448,122.425,1092.93445157,541.35019691,6,0,0.0,5889.5,1390.0
2449,122.475,1088.64443569,532.2226661,6,0,0.0,5889.5,1390.0
2450,122.525,1083.76851404,527.08545943,6,0,0.0,5889.5,1390.0
2451,122.575,1080.01689965,524.43845441,6,0,0.01159104,5889.5,1390.0
2452,122.625,1077.08064562,522.25494874,6,0,0.16018885,5889.5,1390.0
2453,122.675,1074.57518459,521.0570372,6,0,0.22760596,5889.5,1390.0
2454,122.725,1072.20021263,519.86177237,6,0,0.29502307,5889.0,1391.0
2455,122.775,1069.98168898,518.67660296,6,0,0.36243769,5888.5,1391.0
2456,122.825,1067.92004828,517.57473365,6,0,0.39053712,5888.0,1391.0
2457,122.875,1065.92470852,516.48626867,6,0,0.33253753,5887.5,1391.0
2458,122.925,1064.09091076,515.41185563,6,0,0.27045256,5887.0,1391.0
2459,122.975,1062.4610139,514.35695927,6,0,0.2083676,5887.0,1391.0
2460,123.025,1061.52710866,515.54653134,6,0,0.85084292,5884.75,1392.0
2461,123.075,1061.9304548,517.16183882,6,0,2.04567663,5882.25,1393.0
2462,123.125,1063.87699261,518.83774901,6,0,3.00039912,5877.25,1391.0
2463,123.175,1065.42043311,519.01191302,6,0,2.24916303,5875.0,1386.0
2464,123.225,1064.70614697,518.83142015,6,0,0.18157022,5874.0,1384.0
2465,123.275,1064.01909846,518.66770024,6,0,0.21500111,5873.5,1383.0
2466,123.325,1063.37815479,518.50787599,6,0,0.24940845,5872.25,1381.0
2467,123.375,1062.78407481,518.36191799,6,0,0.28381578,5871.5,1380.0
2468,123.425,1062.27018591,518.22220901,6,0,0.31822311,5871.25,1378.0
2469,123.475,1061.86240263,518.12688215,6,0,0.33538955,5870.5,1378.0
2470,123.525,1061.67399982,518.03873294,6,0,0.33132373,5869.0,1374.0
2471,123.575,1061.5222889,517.96457519,6,0,0.32722991,5868.5,1375.0
2472,123.625,1061.42902638,517.90702152,6,0,0.32313609,5867.0,1375.0
2473,123.675,1061.40341078,517.85508948,6,0,0.31904227,5866.75,1375.0
2474,123.725,1061.46168478,517.81554675,6,0,0.31494845,5866.25,1376.0
2475,123.775,1061.54818785,518.34296602,6,0,0.31076246,5865.25,1374.0
2476,123.825,1061.52829639,517.80459437,6,0,0.16175877,5864.0,1373.0
2477,123.875,1061.56322079,517.69185341,6,0,0.14504571,5863.75,1372.0
2478,123.925,1061.61983096,517.64737603,6,0,0.16791571,5863.0,1371.0
2479,123.975,1061.72212122,517.62250256,6,0,0.1907857,5862.75,1370.0
2480,124.025,1061.88217611,517.62143625,6,0,0.2136557,5862.25,1370.0
2481,124.075,1062.09890847,517.65129198,6,0,0.23643333,5861.75,1367.0
2482,124.125,1062.35059273,517.77734354,6,0,0.25117511,5861.25,1367.0
2483,124.175,1062.62745222,517.9273582,6,0,0.25657537,5860.5,1366.0
2484,124.225,1062.93930338,518.11725648,6,0,0.26192828,5859.25,1365.0
2485,124.275,1063.27672473,518.30948635,6,0,0.26728118,5858.5,1366.0
2486,124.325,1063.63577734,518.50295341,6,0,0.27263409,5858.0,1365.0
2487,124.375,1064.01933639,518.70893225,6,0,0.27798699,5857.5,1365.0
2488,124.425,1064.40018449,518.9043005,6,0,0.26434252,5856.75,1364.0
2489,124.475,1064.82925394,518.93129263,6,0,0.29094367,5856.25,1363.0
2490,124.525,1065.19775649,518.99905199,6,0,0.13545038,5855.75,1363.0
2491,124.575,1065.59244223,519.07142574,6,0,0.14559185,5855.5,1363.0
2492,124.625,1065.99697807,519.14809266,6,0,0.16322428,5854.5,1362.0
2493,124.675,1066.42486178,519.23087319,6,0,0.18187681,5854.25,1362.0
2494,124.725,1066.87621676,519.35934203,6,0,0.19819919,5853.75,1360.0
2495,124.775,1067.34404711,519.50108567,6,0,0.20285544,5853.5,1361.0
2496,124.825,1067.82759829,519.6432227,6,0,0.20656007,5852.75,1358.0
2497,124.875,1068.32690765,519.79070296,6,0,0.2102647,5852.25,1358.0
2498,124.925,1068.84214581,519.94149665,6,0,0.21396932,5851.25,1358.0
2499,124.975,1069.3925473,520.10344212,6,0,0.21767395,5850.75,1357.0
2500,125.025,1069.99413293,520.29884725,6,0,0.25208578,5849.75,1357.0
2501,125.075,1070.99823497,520.8929028,6,0,0.64114134,5849.25,1358.0
2502,125.125,1071.68408525,521.08987984,6,0,0.3006475,5849.0,1358.0
2503,125.175,1072.39535822,521.31782748,6,0,0.32266325,5848.75,1357.0
2504,125.225,1073.16658551,521.57643673,6,0,0.37190618,5847.25,1360.0
2505,125.275,1074.00778048,521.83379376,6,0,0.42817058,5843.5,1356.0
2506,125.325,1074.91901495,522.11969065,6,0,0.48292302,5843.25,1356.0
2507,125.375,1075.89717985,522.43819402,6,0,0.52982272,5842.25,1355.0
2508,125.425,1076.92948283,522.79082823,6,0,0.56534688,5842.0,1354.0
2509,125.475,1077.97863364,523.16484488,6,0,0.57568849,5840.75,1352.0
2510,125.525,1079.02237753,523.54970012,6,0,0.58362277,5836.25,1352.0
2511,125.575,1080.04653481,523.95066249,6,0,0.5827537,5835.25,1350.0
2512,125.625,1081.06881934,524.35326213,6,0,0.58083743,5834.25,1349.0
2513,125.675,1082.08948203,524.75736019,6,0,0.57892116,5834.25,1349.0
2514,125.725,1083.09952681,525.13808268,6,0,0.57665798,5834.0,1350.0
2515,125.775,1084.65755584,525.79177866,6,0,1.284106,5829.5,1351.0
2516,125.825,1087.63959581,527.06215586,6,0,2.62770669,5827.25,1350.0
2517,125.875,1091.11538336,527.49399604,5,0,3.00865868,5824.75,1343.0
2518,125.925,1092.03579989,521.71132328,5,0,0.54606703,5823.0,1340.0
2519,125.975,1092.5817453,521.35562627,5,0,0.44578869,5822.0,1338.0
2520,126.025,1093.03416894,521.03461343,5,0,0.41338521,5821.0,1335.0
2521,126.075,1093.334864,520.75083169,5,0,0.28585159,5820.75,1332.0
2522,126.125,1093.51547997,520.55104295,5,0,0.15822785,5819.5,1330.0
2523,126.175,1093.698105,520.45816162,5,0,0.15999406,5819.5,1330.0
2524,126.225,1093.90100718,520.37650266,5,0,0.16176028,5819.5,1330.0
2525,126.275,1094.11901714,520.30215266,5,0,0.1635265,5818.25,1330.0
2526,126.325,1094.34999336,520.22269655,5,0,0.16529221,5817.75,1329.0
2527,126.375,1094.57125015,520.13259487,5,0,0.13898824,5817.5,1330.0
2528,126.425,1094.78869147,520.03095704,5,0,0.1001993,5817.0,1329.0
2529,126.475,1095.02978907,519.92325789,5,0,0.09798019,5816.75,1329.0
2530,126.525,1095.29097737,519.84470045,5,0,0.10485347,5816.75,1329.0
2531,126.575,1095.56346484,519.75549272,5,0,0.11187347,5816.25,1329.0
2532,126.625,1095.84296071,519.67671722,5,0,0.11721822,5816.0,1328.0
2533,126.675,1096.11206562,519.6077472,5,0,0.12216231,5815.75,1328.0
2534,126.725,1096.36491305,519.55688105,5,0,0.12709175,5814.75,1327.0
2535,126.775,1096.6295435,519.52516502,5,0,0.1320212,5814.75,1327.0
2536,126.825,1096.93246113,519.51925366,5,0,0.13695064,5814.5,1326.0
2537,126.875,1097.2742814,519.5133423,5,0,0.14188008,5813.75,1325.0
2538,126.925,1097.65493687,519.50925884,5,0,0.14680953,5812.75,1325.0
2539,126.975,1098.07526464,519.56330235,5,0,0.15512738,5812.75,1324.0
2540,127.025,1098.60512352,519.78030102,5,0,0.23191637,5812.25,1324.0
2541,127.075,1099.12989333,519.58876283,5,0,0.20004136,5811.5,1324.0
2542,127.125,1099.36148248,519.34821275,5,0,0.05223187,5811.5,1324.0
2543,127.175,1099.56103724,518.76444603,5,0,0.06176024,5811.5,1324.0
2544,127.225,1099.88297367,517.78243218,5,0,0.07426175,5811.0,1324.0
2545,127.275,1100.45823826,516.73976798,5,0,0.08676326,5810.75,1323.0
2546,127.325,1101.26961036,515.71307715,5,1,0.09926477,5810.25,1323.0
2547,127.375,1102.22185515,516.01913089,4,0,0.11176627,5810.0,1324.0
2548,127.425,1103.18279304,516.4637727,4,0,0.124091,5809.75,1323.0
2549,127.475,1104.15401594,516.90872134,4,0,0.13605493,5809.25,1321.0
2550,127.525,1105.13683493,517.36103347,4,0,0.14801627,5809.0,1322.0
2551,127.575,1106.13153051,517.81726368,4,0,0.15997761,5808.5,1322.0
2552,127.625,1107.13716693,518.27465273,4,0,0.17115717,5807.5,1320.0
2553,127.675,1108.11266036,518.70062894,4,0,0.12518287,5807.0,1321.0
2554,127.725,1109.06411101,519.11681828,4,0,0.08250038,5807.25,1321.0
2555,127.775,1110.03828261,519.53572063,4,0,0.08531669,5806.75,1319.0
2556,127.825,1111.06312347,519.9822962,4,0,0.087302,5806.75,1320.0
2557,127.875,1112.1775298,520.47075363,4,0,0.08809549,5806.5,1321.0
2558,127.925,1113.34849459,520.98354449,4,0,0.09318244,5806.5,1321.0
2559,127.975,1114.524929,521.50175948,4,0,0.09934694,5806.25,1320.0
2560,128.025,1115.70549722,522.02868955,4,0,0.10551144,5805.25,1320.0
2561,128.075,1116.9043467,522.56560097,4,0,0.11167594,5805.25,1320.0
2562,128.125,1118.12751318,523.10278178,4,0,0.11784044,5804.5,1317.0
2563,128.175,1119.37177024,523.64065206,4,0,0.12400494,5804.5,1317.0
2564,128.225,1120.62700464,524.17863324,4,0,0.13016943,5804.25,1318.0
2565,128.275,1121.88961599,524.71369814,4,0,0.13481504,5803.25,1315.0
2566,128.325,1123.24732047,525.28635245,4,0,0.10841139,5802.75,1313.0
2567,128.375,1124.6627559,525.88374208,4,0,0.0783678,5802.5,1314.0
2568,128.425,1126.08659329,526.44938864,4,0,0.06667912,5802.5,1314.0
2569,128.475,1127.52357586,527.01737223,4,0,0.07416979,5802.25,1313.0
2570,128.525,1128.98059935,527.58590549,4,0,0.07837478,5802.25,1313.0
2571,128.575,1130.45725602,528.19107288,4,0,0.08237577,5801.75,1314.0
2572,128.625,1131.95634168,528.85496834,4,0,0.08637675,5801.5,1314.0
2573,128.675,1133.48230973,529.5412842,4,0,0.09037774,5801.0,1313.0
2574,128.725,1135.01290804,530.24464366,4,0,0.09437873,5800.75,1314.0
2575,128.775,1136.53287356,530.95001077,4,0,0.09837972,5800.5,1314.0
2576,128.825,1138.07876116,531.6640297,4,0,0.11257623,5800.25,1313.0
2577,128.875,1139.65077894,532.38049199,4,0,0.12242179,5799.75,1308.0
2578,128.925,1141.26000507,533.11413079,4,0,0.13226734,5799.25,1309.0
2579,128.975,1143.01516903,533.83779048,4,0,0.18628983,5798.0,1307.0
2580,129.025,1144.87446062,534.58293953,4,0,0.21646178,5795.75,1307.0
2581,129.075,1147.22392298,535.56235578,4,0,0.6792901,5795.0,1305.0
2582,129.125,1150.07695115,536.73468768,4,0,1.11174999,5790.25,1308.0
2583,129.175,1153.25965669,537.98131907,4,0,1.36605763,5789.75,1307.0
2584,129.225,1156.64313825,539.33415989,4,0,1.48971257,5786.5,1307.0
2585,129.275,1160.16094096,540.75300916,4,0,1.55189439,5782.5,1302.0
2586,129.325,1163.74871387,543.14520875,4,0,1.57806861,5777.5,1304.0
2587,129.375,1168.56892747,552.23645977,4,0,2.73203871,5773.0,1309.0
2588,129.425,1174.46972221,554.38496291,4,0,3.36967368,5767.25,1308.0
2589,129.475,1181.14826061,556.86043898,4,0,4.07960292,5760.5,1301.0
2590,129.525,1326.7277261,616.51029247,2,0,142.90048908,5606.25,1311.0
2591,129.575,1347.64992002,614.75519987,2,0,15.44775259,5587.5,1242.0
2592,129.625,1356.00644271,615.76698644,2,0,3.88652825,5575.0,1198.0
2593,129.675,1360.15228245,616.02899694,2,0,1.07618983,5575.0,1198.0
2594,129.725,1363.94505285,616.12607746,2,0,0.89640523,5571.75,1198.0
2595,129.775,1367.60670092,616.19983988,2,0,0.84156276,5570.75,1195.0
2596,129.825,1371.18179586,616.27857719,2,0,0.82849955,5570.0,1193.0
2597,129.875,1374.6740935,616.35857539,2,0,0.83177564,5567.25,1192.0
2598,129.925,1378.09393352,616.44753263,2,0,0.83613922,5566.5,1192.0
2599,129.975,1381.39942124,616.56646593,2,0,0.84050279,5565.5,1191.0
2600,130.025,1384.42256688,616.81547934,2,0,0.84867172,5563.25,1189.0
2601,130.075,1387.19162698,617.09270412,2,0,0.86644381,5561.75,1186.0
2602,130.125,1389.76791767,617.39475551,2,0,0.88504893,5559.75,1185.0
2603,130.175,1392.14728583,617.7220574,2,0,0.90365402,5559.5,1185.0
2604,130.225,1394.42526115,618.06704623,2,0,0.91967612,5558.75,1183.0
2605,130.275,1396.58270559,618.42695945,2,0,0.84694688,5556.25,1183.0
2606,130.325,1398.65908646,618.69605144,2,0,0.80129601,5555.5,1182.0
2607,130.375,1400.74009408,618.9584802,2,0,0.81275311,5554.5,1181.0
2608,130.425,1402.84700964,619.24477644,2,0,0.82454227,5552.0,1179.0
2609,130.475,1404.9829599,619.54138113,2,0,0.83333453,5550.75,1178.0
2610,130.525,1407.14883558,619.83889749,2,0,0.84230836,5549.25,1178.0
2611,130.575,1409.3434562,620.14770979,2,0,0.85116937,5548.75,1177.0
2612,130.625,1411.53411488,620.51163062,2,0,0.84124406,5546.75,1173.0
2613,130.675,1413.6989429,620.92407548,2,0,0.82266089,5544.25,1171.0
2614,130.725,1415.83489131,621.3447229,2,0,0.80579304,5543.25,1171.0
2615,130.775,1417.94205483,621.76801282,2,0,0.78811522,5543.0,1171.0
2616,130.825,1420.02124605,622.19613295,2,0,0.77043735,5540.5,1168.0
2617,130.875,1422.06893949,622.61054123,2,0,0.74887435,5539.25,1167.0
2618,130.925,1424.22052273,623.0696899,2,0,0.86256929,5537.75,1167.0
2619,130.975,1426.33752365,623.47470479,2,0,0.82541691,5535.25,1165.0
2620,131.025,1428.59279297,623.57099319,2,0,0.87675505,5535.25,1164.0
2621,131.075,1430.94322371,623.83153824,2,0,0.94676687,5532.5,1164.0
2622,131.125,1433.27156125,624.08435643,2,0,0.90220077,5532.5,1164.0
2623,131.175,1435.61638192,624.36755197,2,0,0.91077021,5532.0,1163.0
2624,131.225,1437.968994,624.66470312,2,0,0.91758844,5528.25,1162.0
2625,131.275,1440.32479869,624.97616096,2,0,0.92253954,5527.25,1161.0
2626,131.325,1442.68569218,625.32977777,2,0,0.93540007,5525.0,1157.0
2627,131.375,1445.05631941,625.73660778,2,0,0.95171638,5523.75,1157.0
2628,131.425,1447.40247419,626.20439916,2,0,0.93553514,5523.0,1155.0
2629,131.475,1449.71818975,626.6723781,2,0,0.91077839,5520.0,1155.0
2630,131.525,1452.00522435,627.14175101,2,0,0.88601728,5521.5,1157.0
2631,131.575,1454.21709074,627.63619254,2,0,0.83395173,5520.0,1153.0
2632,131.625,1456.26265234,627.92348294,2,0,0.78379802,5517.75,1152.0
2633,131.675,1458.3114811,628.13818348,2,0,0.7983426,5517.25,1152.0
2634,131.725,1460.35209482,628.39596091,2,0,0.78717103,5516.0,1152.0
2635,131.775,1462.44174501,628.65024494,2,0,0.81365707,5513.5,1150.0
2636,131.825,1464.55317783,628.91148063,2,0,0.81899128,5513.25,1149.0
2637,131.875,1466.67914516,629.18881941,2,0,0.83567592,5510.5,1149.0
2638,131.925,1468.81880829,629.49055016,2,0,0.85233733,5510.25,1149.0
2639,131.975,1470.95483638,629.88975672,2,0,0.85309771,5509.5,1147.0
2640,132.025,1473.06735502,630.33718567,2,0,0.84510971,5507.0,1146.0
2641,132.075,1475.14730829,630.79391383,2,0,0.82936517,5506.0,1142.0
2642,132.125,1477.19278862,631.24533745,2,0,0.81293717,5505.25,1141.0
2643,132.175,1479.19944313,631.70842634,2,0,0.7963771,5502.75,1141.0
2644,132.225,1481.14868311,632.19383031,2,0,0.77490533,5502.0,1140.0
2645,132.275,1482.96649843,632.5111141,2,0,0.75724572,5499.75,1140.0
2646,132.325,1484.24079897,632.46612147,2,0,0.79347364,5498.5,1138.0
2647,132.375,1485.39960657,632.58895912,2,0,0.83813275,5497.75,1137.0
2648,132.425,1486.45548024,632.71246352,2,0,0.81740045,5494.75,1135.0
2649,132.475,1487.41032139,632.83571833,2,0,0.79973925,5494.75,1135.0
2650,132.525,1488.37032702,633.00501628,2,0,0.78207805,5494.25,1137.0
2651,132.575,1489.31952231,633.24191142,2,0,0.76094042,5492.0,1136.0
2652,132.625,1490.24538898,633.63729684,2,0,0.79507903,5491.25,1135.0
2653,132.675,1491.05927673,634.19206752,2,0,0.83717634,5488.25,1134.0
2654,132.725,1491.88509903,634.78953312,2,0,0.87927365,5488.0,1134.0
2655,132.775,1492.75878622,635.44125126,2,0,0.92051428,5487.75,1134.0
2656,132.825,1493.63772722,636.59416858,2,0,0.92176312,5484.75,1134.0
2657,132.875,1494.7653485,638.19638446,2,0,1.13521953,5483.5,1127.0
2658,132.925,1495.95068135,637.31854779,2,0,0.96836455,5483.0,1127.0
2659,132.975,1497.05986496,637.09400868,2,0,1.00643812,5479.25,1125.0
2660,133.025,1498.15937858,636.96328948,2,0,1.00447491,5478.0,1122.0
2661,133.075,1499.18989054,637.02611436,2,0,0.92757969,5475.75,1121.0
2662,133.125,1500.12340418,637.1925107,2,0,0.81113587,5475.25,1121.0
2663,133.175,1500.9852575,637.41594584,2,0,0.80137102,5474.75,1120.0
2664,133.225,1501.70951077,637.67822362,2,0,0.7800129,5472.5,1120.0
2665,133.275,1502.43039032,637.99910095,2,0,0.81318004,5471.0,1116.0
2666,133.325,1503.14914516,638.35744155,2,0,0.850467,5470.25,1114.0
2667,133.375,1503.78528727,638.72930838,2,0,0.80085415,5467.25,1110.0
2668,133.425,1504.36354331,639.10252279,2,0,0.74324368,5467.0,1108.0
2669,133.475,1504.88909055,639.44685392,2,0,0.70168967,5465.5,1107.0
2670,133.525,1505.42996528,639.79678632,2,0,0.70626763,5464.25,1106.0
2671,133.575,1506.15513665,640.01804895,2,0,0.73997098,5463.75,1105.0
2672,133.625,1506.92914548,640.18762833,2,0,0.75650577,5461.5,1105.0
2673,133.675,1507.64014842,640.35042306,2,0,0.70221135,5461.25,1105.0
2674,133.725,1508.34984187,640.53601336,2,0,0.71338575,5460.75,1105.0
2675,133.775,1509.06104717,640.72652632,2,0,0.73116661,5458.5,1104.0
2676,133.825,1509.77310521,640.93710337,2,0,0.7467837,5458.5,1103.0
2677,133.875,1510.48494147,641.18048797,2,0,0.75011107,5457.25,1103.0
2678,133.925,1511.19433113,641.56737299,2,0,0.76530319,5455.0,1102.0
2679,133.975,1511.91594051,642.05395837,2,0,0.78851615,5454.75,1101.0
2680,134.025,1512.66323087,642.53909905,2,0,0.81164258,5452.5,1101.0
2681,134.075,1513.43644319,643.02423973,2,0,0.83476901,5451.5,1099.0
2682,134.125,1514.20871945,643.56165814,2,0,0.83099762,5451.0,1098.0
2683,134.175,1514.93849621,644.14009149,2,0,0.78236112,5449.0,1100.0
2684,134.225,1515.71225858,644.67037099,2,0,0.83666918,5447.75,1098.0
2685,134.275,1516.6150439,644.45111225,2,0,0.98009633,5446.0,1097.0
2686,134.325,1517.35796362,644.1990396,2,0,0.84292572,5444.5,1096.0
2687,134.375,1518.07499235,644.13639348,2,0,0.86036214,5444.25,1095.0
2688,134.425,1518.81005575,644.13382348,2,0,0.90070551,5442.0,1096.0
2689,134.475,1519.52820653,644.16558628,2,0,0.91991968,5442.0,1098.0
2690,134.525,1520.11095179,644.23932323,2,0,0.84503562,5442.0,1098.0
2691,134.575,1520.62254787,644.45145915,2,0,0.80709077,5439.25,1097.0
2692,134.625,1521.12285816,644.76599715,2,0,0.8087059,5438.75,1096.0
2693,134.675,1521.65647091,645.09445899,2,0,0.80332706,5438.25,1096.0
2694,134.725,1522.20292485,645.49453542,2,0,0.79772216,5436.25,1094.0
2695,134.775,1522.73018727,645.92948319,2,0,0.77838546,5436.0,1095.0
2696,134.825,1523.22958789,646.35940253,2,0,0.75508101,5433.75,1094.0
2697,134.875,1523.72399896,646.4675039,2,0,0.76112833,5433.5,1094.0
2698,134.925,1524.15969411,646.48010398,2,0,0.74525537,5433.25,1094.0
2699,134.975,1524.63993813,646.48253785,2,0,0.72453545,5431.25,1094.0
2700,135.025,1525.15906806,646.5038561,2,0,0.72685454,5429.5,1094.0
2701,135.075,1525.72035178,646.56830693,2,0,0.75363728,5425.25,1091.0
2702,135.125,1526.28062534,646.64143715,2,0,0.77992826,5423.5,1091.0
2703,135.175,1526.81835671,646.76683627,2,0,0.80161851,5422.25,1089.0
2704,135.225,1527.30523162,646.9703973,2,0,0.81129162,5419.75,1088.0
2705,135.275,1527.75882417,647.19663913,2,0,0.8184137,5420.5,1092.0
2706,135.325,1528.20881582,647.46798146,2,0,0.82553578,5422.25,1095.0
2707,135.375,1528.68955626,647.7378642,2,0,0.83248291,5420.5,1096.0
2708,135.425,1529.19065203,648.0240423,2,0,0.81858895,5420.75,1097.0
2709,135.475,1529.79216692,648.31123015,2,0,0.83291529,5416.25,1097.0
2710,135.525,1530.67543744,648.53885801,2,0,0.98144928,5413.5,1096.0
2711,135.575,1531.49761141,648.65433919,2,0,0.88500322,5413.5,1096.0
2712,135.625,1532.34283505,648.76052041,2,0,0.91343274,5410.5,1094.0
2713,135.675,1533.2222533,648.90735526,2,0,0.9431654,5410.75,1095.0
2714,135.725,1534.11109453,649.12389925,2,0,0.95682905,5410.5,1095.0
2715,135.775,1534.97177539,649.37385651,2,0,0.92479347,5407.5,1094.0
2716,135.825,1535.75334587,649.72517971,2,0,0.86956115,5408.0,1097.0
2717,135.875,1536.49514851,650.1617532,2,0,0.87148638,5405.5,1096.0
2718,135.925,1537.27694007,650.6105326,2,0,0.9195488,5400.25,1094.0
2719,135.975,1538.09210872,651.08211845,2,0,0.963832,5400.5,1094.0
2720,136.025,1538.87198167,651.54721359,2,0,0.95047042,5398.5,1094.0
2721,136.075,1539.56881186,652.00420633,2,0,0.92289264,5398.25,1095.0
2722,136.125,1540.1625469,652.3399685,2,0,0.89772174,5398.0,1092.0
2723,136.175,1540.67277025,652.54781265,2,0,0.87917367,5395.5,1091.0
2724,136.225,1541.14358185,652.72722766,2,0,0.87085387,5396.25,1093.0
2725,136.275,1541.62919779,652.88017496,2,0,0.8776485,5393.25,1095.0
2726,136.325,1542.13450171,653.03394808,2,0,0.88206605,5389.75,1094.0
2727,136.375,1542.65307246,653.18935837,2,0,0.87984324,5390.25,1095.0
2728,136.425,1543.18118475,653.34683536,2,0,0.87592557,5387.5,1093.0
2729,136.475,1543.72426505,653.53078243,2,0,0.87199578,5388.25,1095.0
2730,136.525,1544.29276132,653.75387714,2,0,0.90168324,5388.25,1095.0
2731,136.575,1544.89507051,654.03238311,2,0,0.93417576,5385.5,1094.0
2732,136.625,1545.55615369,654.32014843,2,0,0.96724945,5381.75,1096.0
2733,136.675,1546.27936431,654.60234582,2,0,1.00049587,5381.0,1095.0
2734,136.725,1547.00960941,654.96269701,2,0,1.00573804,5379.0,1095.0
2735,136.775,1547.83593883,656.93363784,2,0,1.1072834,5378.25,1092.0
2736,136.825,1548.94962773,656.65933859,2,0,1.26263143,5375.5,1089.0
2737,136.875,1550.17765841,656.37171885,2,0,1.35070936,5375.0,1091.0
2738,136.925,1551.19633319,656.17275971,2,0,1.22464759,5372.0,1093.0
2739,136.975,1552.14722254,656.06773788,2,0,1.14411179,5367.75,1090.0
2740,137.025,1553.03681608,656.09207241,2,0,1.08690704,5368.25,1090.0
2741,137.075,1553.89082971,656.20309992,2,0,1.06580257,5367.75,1089.0
2742,137.125,1554.74020626,656.33721509,2,0,1.04546044,5365.75,1090.0
2743,137.175,1555.55054049,656.63895985,2,0,1.0294959,5365.75,1091.0
2744,137.225,1556.3550414,657.08620926,2,0,1.03774702,5359.25,1091.0
2745,137.275,1557.16017657,657.56259231,2,0,1.06150822,5360.0,1094.0
2746,137.325,1557.96730417,658.06330576,2,0,1.08765091,5359.0,1089.0
2747,137.375,1558.7826422,658.64686872,2,0,1.11910107,5356.0,1086.0
2748,137.425,1559.44930375,659.28865113,2,0,1.03144287,5357.0,1088.0
2749,137.475,1559.98567281,659.43601705,2,0,1.00199478,5356.5,1087.0
2750,137.525,1560.47228914,659.53756697,2,0,1.04870231,5350.25,1089.0
2751,137.575,1561.06712599,659.65081111,2,0,1.13221661,5350.75,1090.0
2752,137.625,1561.72676708,659.80583172,2,0,1.1781237,5348.0,1089.0
2753,137.675,1562.43598714,659.98429608,2,0,1.20284849,5348.25,1089.0
2754,137.725,1563.18754278,660.18450934,2,0,1.22655927,5348.0,1088.0
2755,137.775,1564.02526739,660.52001169,2,0,1.2672541,5340.75,1089.0
2756,137.825,1564.97825384,660.92097018,2,0,1.31120199,5340.5,1087.0
2757,137.875,1566.02997761,661.43396651,2,0,1.34278059,5339.75,1087.0
2758,137.925,1567.11372118,661.98219723,2,0,1.36359112,5336.75,1086.0
2759,137.975,1568.21382709,662.65314428,2,0,1.38290238,5337.5,1089.0
2760,138.025,1569.33109565,663.36665741,2,0,1.3623561,5331.25,1089.0
2761,138.075,1570.55201752,665.08355032,3,1,1.39255032,5330.0,1087.0
2762,138.125,1572.02400487,665.25023539,2,0,1.53700174,5330.25,1083.0
2763,138.175,1573.29763641,664.05381068,2,0,1.42646525,5328.25,1082.0
2764,138.225,1574.42502454,664.32258566,2,0,1.42481886,5324.5,1086.0
2765,138.275,1575.5529096,664.69120171,2,0,1.4429357,5324.25,1085.0
2766,138.325,1576.70715119,665.06625538,2,0,1.46655775,5321.75,1083.0
2767,138.375,1577.91773099,665.48543737,2,0,1.49684766,5322.25,1084.0
2768,138.425,1579.26856049,666.01352705,2,0,1.59290072,5317.0,1084.0
2769,138.475,1580.66063856,666.68613838,2,0,1.612766,5315.25,1082.0
2770,138.525,1582.04880314,667.53630673,2,0,1.59456706,5314.0,1079.0
2771,138.575,1583.42355224,668.38173621,2,0,1.57592193,5312.25,1080.0
2772,138.625,1584.78557911,669.22698206,2,0,1.55790676,5307.5,1080.0
2773,138.675,1586.12991683,670.04440957,2,0,1.53322804,5307.75,1080.0
2774,138.725,1587.46529719,670.85577798,2,0,1.53611008,5305.0,1080.0
2775,138.775,1588.92120208,671.33440032,2,0,1.7602082,5301.0,1080.0
2776,138.825,1590.32706067,671.61411989,2,0,1.79867118,5300.25,1079.0
2777,138.875,1591.70850105,671.85039155,2,0,1.79178535,5299.25,1083.0
2778,138.925,1593.1541296,672.24827789,2,0,1.84291273,5295.75,1085.0
2779,138.975,1594.80309703,672.83862015,2,0,2.02113242,5293.5,1085.0
2780,139.025,1596.7626932,673.52402231,2,0,2.28829111,5291.0,1089.0
2781,139.075,1598.9465716,674.39823639,2,0,2.4766918,5287.75,1083.0
2782,139.125,1601.28332217,675.46083113,2,0,2.62601861,5282.25,1082.0
2783,139.175,1603.85766634,676.84499311,2,0,2.84735884,5280.0,1078.0
2784,139.225,1606.53607014,678.30770625,2,0,2.93251645,5274.0,1069.0
2785,139.275,1609.27567475,679.82764579,2,0,2.97847512,5271.5,1067.0
2786,139.325,1612.04405258,681.32260702,2,0,2.98717666,5267.5,1065.0
2787,139.375,1614.74814748,682.80402624,2,0,2.92034067,5265.75,1064.0
2788,139.425,1618.41627916,684.28930063,2,0,3.98177303,5261.0,1061.0
2789,139.475,1625.58041731,687.35201533,2,0,7.64006234,5253.75,1064.0
2790,139.525,1631.73257284,682.90287531,1,0,6.58930545,5246.0,1055.0
2791,139.575,1631.69235547,684.40812337,1,0,0.8964132,5244.75,1049.0
2792,139.625,1630.81073015,688.27289767,1,0,0.92012797,5243.25,1043.0
2793,139.675,1627.7339295,695.56270896,3,0,0.94384787,5242.0,1046.0
2794,139.725,1623.21676757,693.63699537,3,0,0.96557208,5248.5,1062.0
2795,139.775,1620.56039303,692.3657795,3,0,1.02630839,5246.75,1058.0
2796,139.825,1618.2184921,691.58951079,3,0,0.79724677,5247.25,1057.0
2797,139.875,1616.31722889,691.0726466,3,0,0.84186814,5249.5,1057.0
2798,139.925,1614.67681127,690.71199686,3,0,0.85033441,5250.5,1055.0
2799,139.975,1613.16954095,690.46215931,3,0,0.83457711,5252.0,1054.0
2800,140.025,1611.72167214,690.23900372,3,0,0.84491714,5251.5,1053.0
2801,140.075,1610.25337242,689.59445099,3,0,0.86329704,5249.25,1053.0
2802,140.125,1608.87189193,688.72808098,3,0,0.87497246,5252.75,1053.0
2803,140.175,1607.52168413,687.85880722,3,0,0.8873098,5249.5,1052.0
2804,140.225,1606.23857107,686.92287814,3,0,0.90373535,5249.0,1051.0
2805,140.275,1605.16568592,685.98789508,3,0,1.02725335,5248.0,1050.0
2806,140.325,1604.08726092,685.06899408,3,0,1.05276628,5248.5,1051.0
2807,140.375,1602.87133774,684.18196969,3,0,1.02751481,5248.25,1049.0
2808,140.425,1601.58880465,683.28201844,3,0,1.05255069,5251.75,1048.0
2809,140.475,1600.48011056,682.22517366,3,0,1.2447779,5250.5,1047.0
2810,140.525,1600.53340799,680.76246483,3,0,2.43362471,5248.25,1041.0
2811,140.575,1598.80237342,677.3400779,3,0,0.7195301,5248.5,1040.0
2812,140.625,1596.76510521,676.56201039,3,0,0.54133167,5248.25,1036.0
2813,140.675,1594.55333242,675.96669876,3,0,0.45045132,5248.5,1036.0
2814,140.725,1592.51901466,675.3835348,3,0,0.42445658,5251.25,1036.0
2815,140.775,1589.41537599,682.34690143,4,0,0.3490669,5251.5,1037.0
2816,140.825,1582.14128252,679.70059268,4,0,0.32674529,5255.25,1045.0
2817,140.875,1578.65785988,678.35150355,4,0,0.34278941,5254.5,1044.0
2818,140.925,1575.52426782,677.11811836,4,0,0.47797448,5257.5,1045.0
2819,140.975,1572.63146515,676.03651926,4,0,0.69969605,5263.0,1043.0
2820,141.025,1569.74970679,674.11542759,4,0,0.67893193,5262.25,1039.0
2821,141.075,1566.48760188,670.08444585,4,0,0.30241386,5265.5,1043.0
2822,141.125,1562.84082615,668.44323995,4,0,0.02759909,5268.0,1042.0
2823,141.175,1559.26205838,667.6574297,4,0,0.01991067,5270.5,1041.0
2824,141.225,1555.79549417,666.9282695,4,0,0.01272995,5270.75,1041.0
2825,141.275,1552.43376495,666.2742584,4,0,0.0,5274.5,1041.0
2826,141.325,1549.10581255,665.69223376,4,0,0.0,5274.75,1041.0
2827,141.375,1545.89807165,664.90970702,4,0,0.0,5275.0,1042.0
2828,141.425,1542.7673567,663.9544811,4,0,0.0,5277.25,1042.0
2829,141.475,1539.5992072,662.9773248,4,0,0.0,5279.0,1040.0
2830,141.525,1536.46093916,662.02004915,4,0,0.0,5279.25,1040.0
2831,141.575,1533.30551748,661.0729609,4,0,0.0,5283.0,1041.0
2832,141.625,1530.12446188,660.16670677,4,0,0.0,5283.0,1041.0
2833,141.675,1526.91367953,659.2783234,4,0,0.0,5283.25,1043.0
2834,141.725,1523.68926584,658.55529865,4,0,0.0,5283.25,1043.0
2835,141.775,1520.49252145,657.92285252,4,0,0.0,5283.75,1044.0
2836,141.825,1517.33591485,657.29421769,4,0,0.0,5285.75,1047.0
2837,141.875,1514.22797093,656.66904584,4,0,0.0,5288.25,1046.0
2838,141.925,1511.16951421,656.05156764,4,0,0.0,5289.0,1047.0
2839,141.975,1508.15375876,655.49149878,4,0,0.0,5289.75,1047.0
2840,142.025,1505.14977084,654.87257186,4,0,0.0,5290.0,1047.0
2841,142.075,1502.04846023,654.19663818,4,0,0.0,5290.0,1047.0
2842,142.125,1498.95775956,653.52849892,4,0,0.0,5294.75,1049.0
2843,142.175,1495.90214458,652.87433597,4,0,0.0,5297.5,1048.0
2844,142.225,1492.86326043,652.22808083,4,0,0.0,5297.75,1048.0
2845,142.275,1489.83011677,651.60807038,4,0,0.0,5297.75,1048.0
2846,142.325,1486.81914581,651.01616746,4,0,0.0,5298.0,1048.0
2847,142.375,1483.79603502,650.4658542,4,0,0.0,5298.25,1048.0
2848,142.425,1480.77558669,649.92457523,4,0,0.0,5302.25,1048.0
2849,142.475,1477.76273889,649.40116965,4,0,0.0,5302.25,1048.0
2850,142.525,1474.78001269,648.89130253,4,0,0.0,5302.25,1048.0
2851,142.575,1471.83876407,648.4045772,4,0,0.0,5302.25,1048.0
2852,142.625,1469.04074912,647.92428079,4,0,0.0,5304.75,1051.0
2853,142.675,1466.33396721,647.44378184,4,0,0.0,5304.75,1051.0
2854,142.725,1463.59520568,646.84483926,4,0,0.0,5308.75,1052.0
2855,142.775,1460.79199357,646.22755737,4,0,0.0,5308.75,1052.0
2856,142.825,1457.9524783,645.62223463,4,0,0.0,5308.75,1052.0
2857,142.875,1455.07599459,645.0246215,4,0,0.0,5309.25,1052.0
2858,142.925,1452.14923548,644.45317471,4,0,0.0,5309.25,1052.0
2859,142.975,1449.19169217,643.95396401,4,0,0.0,5309.5,1052.0
2860,143.025,1446.2845302,643.57126046,4,0,0.0,5312.75,1052.0
2861,143.075,1443.42369937,643.19769905,4,0,0.0,5313.5,1053.0
2862,143.125,1440.61716411,642.8728033,4,0,0.0,5316.25,1052.0
2863,143.175,1437.85915924,642.61114596,4,0,0.0,5316.25,1052.0
2864,143.225,1435.11864838,642.3751838,4,0,0.0,5316.5,1052.0
2865,143.275,1432.38929931,642.07575876,4,0,0.0,5317.25,1054.0
2866,143.325,1429.59586652,641.53168185,4,0,0.0,5320.25,1053.0
2867,143.375,1426.76756091,640.8473661,4,0,0.0,5320.25,1053.0
2868,143.425,1423.96083111,640.21629697,4,0,0.0,5320.25,1053.0
2869,143.475,1421.14782816,639.57492734,4,0,0.0,5320.25,1053.0
2870,143.525,1418.3217669,638.94092934,4,0,0.0,5320.75,1053.0
2871,143.575,1415.50186184,638.31057005,4,0,0.0,5324.25,1053.0
2872,143.625,1412.69856413,637.70154381,4,0,0.0,5324.25,1053.0
2873,143.675,1409.90901254,637.20309368,4,0,0.0,5324.25,1053.0
2874,143.725,1407.14102947,636.78472228,4,0,0.0,5324.25,1053.0
2875,143.775,1404.41053766,636.37481188,4,0,0.0,5324.75,1053.0
2876,143.825,1401.72169609,635.98942826,4,0,0.0,5325.0,1053.0
2877,143.875,1399.13379666,635.63051359,4,0,0.0,5328.5,1053.0
2878,143.925,1396.64125934,635.24029582,4,0,0.0,5328.5,1053.0
2879,143.975,1394.12325232,634.79876734,4,0,0.0,5328.75,1053.0
2880,144.025,1391.44801605,634.28680416,4,0,0.0,5330.25,1055.0
2881,144.075,1388.69142144,633.74935643,4,0,0.0,5333.25,1055.0
2882,144.125,1386.13141102,633.24748013,4,0,0.0,5333.25,1055.0
2883,144.175,1383.86355442,633.06375429,4,0,0.06551195,5336.0,1056.0
2884,144.225,1382.1748642,632.95007366,4,0,0.42821603,5336.0,1055.0
2885,144.275,1381.28540692,642.01596227,4,0,1.16702575,5333.5,1065.0
2886,144.325,1380.93611568,642.00363042,4,0,1.21283582,5330.75,1057.0
2887,144.375,1380.72132801,642.0032798,4,0,1.28168734,5328.25,1047.0
2888,144.425,1380.03242164,642.03092769,4,0,0.71589198,5327.75,1044.0
2889,144.475,1379.87424102,642.28271079,4,0,1.04895543,5327.5,1026.0
2890,144.525,1379.92379933,642.47909675,4,0,0.90581596,5327.25,1024.0
2891,144.575,1379.44690139,642.33202478,4,0,0.1899949,5327.5,1024.0
2892,144.625,1378.77021902,642.0964365,4,0,0.05934251,5327.75,1024.0
2893,144.675,1378.07015573,641.73846323,4,0,0.03950948,5326.75,1018.0
2894,144.725,1377.29634726,641.28941666,4,0,0.0,5326.75,1018.0
2895,144.775,1376.43364412,640.83718327,4,0,0.0,5330.75,1018.0
2896,144.825,1375.52491185,640.39146668,4,0,0.0,5330.75,1018.0
2897,144.875,1374.57181945,639.93522139,4,0,0.0,5332.25,1018.0
2898,144.925,1373.58116929,639.48811845,4,0,0.0,5333.5,1018.0
2899,144.975,1372.71676506,639.09307366,4,0,0.0,5335.75,1018.0
2900,145.025,1371.880961,638.71228971,4,0,0.0,5339.0,1018.0
2901,145.075,1371.07283746,638.34300672,4,0,0.0,5339.0,1018.0
2902,145.125,1370.29152496,637.98949694,4,0,0.0,5339.0,1018.0
2903,145.175,1369.4896892,637.64776328,4,0,0.0,5339.0,1018.0
2904,145.225,1368.67020354,637.30811244,4,0,0.0,5339.0,1018.0
2905,145.275,1367.84774997,636.89094525,4,0,0.0,5339.0,1018.0
2906,145.325,1367.00193063,636.34571586,4,0,0.0,5342.5,1018.0
2907,145.375,1366.09843882,635.83201327,4,0,0.01787139,5342.5,1018.0
2908,145.425,1365.14809018,635.35816848,4,0,0.01056194,5343.0,1018.0
2909,145.475,1364.09996544,634.91045491,4,0,0.0,5343.0,1018.0
2910,145.525,1362.94837117,634.49461362,4,0,0.0,5343.0,1018.0
2911,145.575,1361.82378277,634.16978958,4,0,0.0,5343.25,1018.0
2912,145.625,1360.68302276,633.89103688,4,0,0.0,5346.5,1018.0
2913,145.675,1359.49015221,633.67898322,4,0,0.0,5346.5,1018.0
2914,145.725,1358.2376818,633.4771094,4,0,0.0,5346.75,1018.0
2915,145.775,1356.88513017,633.2846146,4,0,0.0,5349.75,1019.0
2916,145.825,1355.01506701,638.34472323,4,0,0.0,5351.25,1018.0
2917,145.875,1352.60204761,638.35757095,5,0,0.0,5352.25,1019.0
2918,145.925,1350.09823433,637.03393407,5,0,0.0,5355.0,1018.0
2919,145.975,1346.19955853,635.85799889,5,0,0.0,5355.0,1018.0
2920,146.025,1342.88504688,632.98078807,6,0,0.0,5355.25,1018.0
2921,146.075,1340.70899049,629.46968371,5,0,0.0,5355.25,1018.0
2922,146.125,1338.90851127,628.6239122,5,0,0.0,5355.25,1018.0
2923,146.175,1337.19035524,627.80105298,5,0,0.02930627,5359.0,1018.0
2924,146.225,1336.0344561,627.08245102,5,0,0.69438781,5357.75,1019.0
2925,146.275,1334.06881674,626.45652507,5,0,0.21072307,5357.5,1019.0
2926,146.325,1332.09017555,625.91029743,5,0,0.23690802,5356.75,1018.0
2927,146.375,1330.20624595,625.37252401,5,0,0.35629713,5356.25,1018.0
2928,146.425,1328.43611386,624.83883412,5,0,0.47568624,5355.5,1019.0
2929,146.475,1326.7775037,624.32751057,5,0,0.59507534,5355.25,1021.0
2930,146.525,1324.82831204,624.1283042,5,0,0.66852026,5354.25,1022.0
2931,146.575,1322.11261787,622.10052692,5,0,0.53066946,5356.25,1021.0
2932,146.625,1319.70574612,619.18681309,5,0,0.26478202,5357.25,1019.0
2933,146.675,1317.24889521,617.62981069,5,0,0.20861778,5356.75,1018.0
2934,146.725,1314.73502561,616.10786253,5,0,0.21900472,5356.0,1018.0
2935,146.775,1312.14382713,614.57816357,5,0,0.22547641,5355.75,1017.0
2936,146.825,1309.46999315,613.09465431,5,0,0.23149975,5354.75,1014.0
2937,146.875,1306.88599745,611.70108697,5,0,0.23752309,5351.0,1012.0
2938,146.925,1304.31033162,610.3365179,5,0,0.24354643,5349.25,1010.0
2939,146.975,1301.79562917,608.93138274,5,0,0.24984196,5348.75,1007.0
2940,147.025,1299.35248454,607.48773636,5,0,0.2538695,5348.75,1007.0
2941,147.075,1296.97679813,606.04653081,5,0,0.27357489,5348.75,1007.0
2942,147.125,1294.83014207,605.2234284,5,0,0.49922667,5348.0,1008.0
2943,147.175,1293.20691343,604.56629232,5,0,1.05904378,5346.0,1008.0
2944,147.225,1291.05446883,602.95805313,5,0,0.98061355,5341.75,1009.0
2945,147.275,1288.18068061,601.04865194,5,0,0.83239958,5340.5,1009.0
2946,147.325,1285.31106078,599.18540978,5,0,1.01930888,5340.5,1009.0
2947,147.375,1282.49141196,597.23955826,5,0,1.09875725,5342.0,1011.0
2948,147.425,1280.04254867,595.54889059,5,0,1.28825598,5339.75,1011.0
2949,147.475,1278.09200638,593.86710264,5,0,1.55297986,5337.75,1011.0
2950,147.525,1276.91572601,592.83535846,5,0,2.09600838,5335.0,1006.0
2951,147.575,1276.39389733,583.20178338,4,0,2.56996571,5332.5,1001.0
2952,147.625,1273.55451651,580.47104543,4,0,0.533035,5332.0,998.0
2953,147.675,1270.60432377,578.03736553,4,0,0.28992342,5330.75,995.0
2954,147.725,1267.81672383,575.6884688,4,0,0.23308986,5329.75,992.0
2955,147.775,1265.19596894,573.37202603,4,0,0.17021417,5329.25,990.0
2956,147.825,1262.56368199,571.54918692,4,0,0.17295719,5327.75,988.0
2957,147.875,1259.42615233,569.12569859,4,0,0.58269865,5326.0,989.0
2958,147.925,1254.96535022,561.24926927,4,0,0.26608959,5324.75,983.0
2959,147.975,1248.98079662,551.17607179,4,0,0.21653934,5324.25,984.0
2960,148.025,1247.61887281,541.99165279,3,0,0.19763189,5323.5,984.0
2961,148.075,1247.43975249,541.77970316,3,0,0.2013242,5322.75,983.0
2962,148.125,1247.25158773,541.56572747,3,0,0.20501652,5326.75,982.0
2963,148.175,1247.05008085,541.37130864,3,0,0.20870883,5326.0,982.0
2964,148.225,1246.82364193,541.18257945,3,0,0.21240114,5325.5,981.0
2965,148.275,1246.59677574,541.02439647,3,0,0.21609346,5325.0,979.0
2966,148.325,1246.37816935,540.89695836,3,0,0.21978577,5324.75,980.0
2967,148.375,1246.15319125,540.78660243,3,0,0.22347808,5324.25,979.0
2968,148.425,1245.92890855,540.67971839,3,0,0.22635616,5323.75,979.0
2969,148.475,1245.6673672,540.57618198,3,0,0.19160989,5323.0,978.0
2970,148.525,1245.56258659,540.52566356,3,0,0.20605838,5322.5,979.0
2971,148.575,1245.63712689,540.50160253,3,0,0.21417803,5322.0,979.0
2972,148.625,1245.76929401,540.50507795,3,0,0.22345528,5321.0,979.0
2973,148.675,1245.9295102,540.51340095,3,0,0.23273253,5321.0,979.0
2974,148.725,1246.12048249,540.51054102,3,0,0.24200978,5320.25,978.0
2975,148.775,1246.33396116,540.47025267,3,0,0.25128703,5319.75,979.0
2976,148.825,1246.53006776,540.44018949,3,0,0.25567765,5319.25,978.0
2977,148.875,1246.63781033,540.41011909,3,0,0.2540841,5318.5,977.0
2978,148.925,1246.71959858,540.39343469,3,0,0.25249055,5317.75,976.0
2979,148.975,1246.79786572,540.42319503,3,0,0.250897,5317.5,974.0
2980,149.025,1246.88461728,540.46787464,3,0,0.24761147,5316.75,974.0
2981,149.075,1246.99110444,540.51796404,3,0,0.25002977,5315.25,974.0
2982,149.125,1247.17164656,540.59990584,3,0,0.27170475,5315.75,974.0
2983,149.175,1247.4587885,540.67829146,3,0,0.28271961,5314.75,975.0
2984,149.225,1247.8275736,540.76452795,3,0,0.24772162,5314.5,975.0
2985,149.275,1248.24574962,540.82231228,3,0,0.22913047,5314.0,976.0
2986,149.325,1248.80973385,540.90757303,3,0,0.24024141,5312.5,975.0
2987,149.375,1249.55214902,541.04614426,3,0,0.2518905,5312.25,976.0
2988,149.425,1250.35256716,541.28559126,3,0,0.26259744,5311.5,975.0
2989,149.475,1251.12672136,541.54262645,3,0,0.26441385,5311.0,973.0
2990,149.525,1251.85439905,541.80801626,3,0,0.26605306,5310.5,973.0
2991,149.575,1252.57173393,542.0969782,3,0,0.26769226,5309.75,972.0
2992,149.625,1253.29376723,542.39927392,3,0,0.26933146,5309.0,970.0
2993,149.675,1254.02374181,542.69530301,3,0,0.27126604,5307.75,966.0
2994,149.725,1254.77046295,542.99372513,3,0,0.27882316,5306.75,965.0
2995,149.775,1255.53506555,543.30847073,3,0,0.28448307,5307.25,967.0
2996,149.825,1256.34236549,543.66786753,3,0,0.30494749,5306.5,966.0
2997,149.875,1257.17507447,544.03718041,3,0,0.30874313,5306.25,967.0
2998,149.925,1258.03993361,544.39708209,3,0,0.30854346,5305.25,966.0
2999,149.975,1258.96216351,544.7601936,3,0,0.3083438,5304.25,966.0
3000,150.025,1259.92670325,545.12345515,3,0,0.30814413,5303.5,965.0
3001,150.075,1260.93221284,545.49733089,3,0,0.30794446,5302.75,966.0
3002,150.125,1261.92221483,545.90885555,3,0,0.30774479,5302.5,967.0
3003,150.175,1262.99518945,546.36160266,3,0,0.30754513,5301.5,968.0
3004,150.225,1264.10151379,546.83495678,3,0,0.30734546,5301.5,968.0
3005,150.275,1265.23079991,547.3249044,3,0,0.30714579,5300.25,967.0
3006,150.325,1266.38726951,547.81833623,3,0,0.30678972,5300.5,967.0
3007,150.375,1267.59836361,548.29991532,3,0,0.33362798,5298.75,967.0
3008,150.425,1268.90562449,548.78748154,3,0,0.40469022,5297.75,968.0
3009,150.475,1270.35708149,549.39232304,3,0,0.47768253,5296.5,969.0
3010,150.525,1271.72162345,549.94162173,3,0,0.31122799,5296.0,970.0
3011,150.575,1273.11674091,550.4659663,3,0,0.31735976,5295.75,970.0
3012,150.625,1274.55109482,550.9927893,3,0,0.33128661,5295.25,971.0
3013,150.675,1276.02951069,551.53107671,3,0,0.35595636,5294.25,970.0
3014,150.725,1277.55066121,552.06538199,3,0,0.38062612,5294.75,974.0
3015,150.775,1279.09099828,552.62009725,3,0,0.40529587,5294.25,976.0
3016,150.825,1280.58372172,553.19000124,3,0,0.42459526,5293.5,976.0
3017,150.875,1282.09573542,553.76938765,3,0,0.44252013,5291.25,969.0
3018,150.925,1283.62674277,554.38336269,3,0,0.44810021,5290.25,966.0
3019,150.975,1285.15719362,555.0070672,3,0,0.45091165,5289.5,964.0
3020,151.025,1286.68131077,555.63135924,3,0,0.44274726,5288.75,962.0
3021,151.075,1288.1927315,556.28000784,3,0,0.41584136,5286.75,957.0
3022,151.125,1290.06782859,557.15804842,3,0,0.67758434,5286.0,958.0
3023,151.175,1291.77495346,558.02522024,3,0,0.41654084,5285.5,962.0
3024,151.225,1293.52623934,558.89341931,3,0,0.39297983,5284.75,961.0
3025,151.275,1295.39571039,559.76756681,3,0,0.44076477,5285.25,961.0
3026,151.325,1297.38802636,560.65712816,3,0,0.48854971,5284.75,962.0
3027,151.375,1299.50246541,561.56450759,3,0,0.53633465,5282.75,960.0
3028,151.425,1301.67997578,562.51084093,3,0,0.58411959,5282.0,961.0
3029,151.475,1303.90126289,563.51581217,3,0,0.63190453,5281.5,961.0
3030,151.525,1306.235409,564.5749283,3,0,0.66611753,5280.75,960.0
3031,151.575,1308.58877975,565.64088918,3,0,0.65523338,5279.5,960.0
3032,151.625,1310.94530248,566.70873505,3,0,0.62851641,5278.75,961.0
3033,151.675,1313.31082644,567.77449402,3,0,0.60343647,5277.25,961.0
3034,151.725,1315.77185155,568.95385732,3,0,0.66618158,5275.75,962.0
3035,151.775,1318.67499736,570.55341252,3,0,1.03720755,5274.5,961.0
3036,151.825,1321.42140554,572.06494397,3,0,0.78336102,5274.0,961.0
3037,151.875,1324.31448503,573.6069007,3,0,0.87884635,5272.0,959.0
3038,151.925,1327.35094035,575.18778633,3,0,0.9790464,5267.5,961.0
3039,151.975,1330.49484611,576.84318082,3,0,1.04525844,5265.5,957.0
3040,152.025,1333.70452257,578.51999927,3,0,1.07255706,5263.25,953.0
3041,152.075,1336.9813711,580.6900586,3,0,1.11312413,5261.0,949.0
3042,152.125,1340.92357335,585.47426108,3,0,1.76278848,5259.25,950.0
3043,152.175,1345.67288325,590.38061494,3,0,2.37438975,5256.25,956.0
3044,152.225,1352.17949981,598.04052129,3,0,3.92801555,5248.5,961.0
3045,152.275,1358.39733385,599.34880245,3,0,3.29476929,5241.75,954.0
3046,152.325,1364.10920104,600.58062078,3,0,2.7750258,5239.5,952.0
3047,152.375,1368.9183728,601.2617486,3,0,1.88994789,5232.0,933.0
3048,152.425,1372.73503551,601.93767254,3,0,0.90904706,5234.75,945.0
3049,152.475,1376.3356288,602.43623076,3,0,0.69510385,5234.0,946.0
3050,152.525,1379.80127977,602.91304125,3,0,0.59408073,5232.75,946.0
3051,152.575,1383.14928608,603.33572187,3,0,0.51769648,5228.75,942.0
3052,152.625,1386.36363149,603.74819929,3,0,0.4406952,5227.5,936.0
3053,152.675,1389.49562759,604.17423361,3,0,0.40353339,5227.0,930.0
3054,152.725,1392.60907447,604.66284092,3,0,0.38949154,5225.75,923.0
3055,152.775,1395.68533875,605.18703166,3,0,0.41920379,5223.5,917.0
3056,152.825,1398.66332693,605.81768406,3,0,0.41174751,5219.75,916.0
3057,152.875,1401.52174949,606.46116467,3,0,0.37469475,5219.0,915.0
3058,152.925,1404.26859368,607.10455489,3,0,0.34801992,5221.0,914.0
3059,152.975,1406.88034374,607.76081323,3,0,0.30774556,5221.0,912.0
3060,153.025,1409.97345972,619.58094344,3,0,0.91265664,5218.0,910.0
3061,153.075,1413.66243298,619.97633592,3,0,1.15381646,5216.5,911.0
3062,153.125,1417.25344632,620.28746839,3,0,1.08394435,5211.75,910.0
3063,153.175,1420.82224262,620.51914728,3,0,1.06996427,5210.25,908.0
3064,153.225,1424.4006493,620.8143758,3,0,1.08519158,5208.75,908.0
3065,153.275,1427.98394172,621.18084271,3,0,1.11279661,5207.25,907.0
3066,153.325,1431.55710528,621.56532283,3,0,1.14111781,5207.75,906.0
3067,153.375,1435.09987142,621.98177488,3,0,1.16239166,5205.25,906.0
3068,153.425,1438.40193003,622.49587767,3,0,1.1480921,5204.75,911.0
3069,153.475,1441.71396253,623.15061536,3,0,1.20535293,5201.0,903.0
3070,153.525,1445.11122309,623.87297108,3,0,1.29477457,5199.0,901.0
3071,153.575,1448.49217116,624.64209699,3,0,1.30132926,5198.0,896.0
3072,153.625,1451.79320042,625.4051826,3,0,1.26505169,5196.5,889.0
3073,153.675,1455.00437327,626.10789838,3,0,1.21604548,5195.0,882.0
3074,153.725,1457.96842602,626.8872169,3,0,0.99890618,5192.0,882.0
3075,153.775,1460.17382966,627.19614363,3,0,0.35152576,5191.25,881.0
3076,153.825,1462.24250281,627.54782588,3,0,0.32141132,5191.25,881.0
3077,153.875,1464.26215208,627.91193332,3,0,0.31624064,5191.25,881.0
3078,153.925,1466.24213493,628.28589855,3,0,0.31369789,5193.25,883.0
3079,153.975,1468.19677102,628.6675483,3,0,0.31136326,5191.5,884.0
3080,154.025,1470.1090008,629.03698118,3,0,0.30902863,5189.25,883.0
3081,154.075,1471.97567498,629.41463515,3,0,0.306694,5189.25,883.0
3082,154.125,1473.79788691,629.78725111,3,0,0.30435938,5189.25,883.0
3083,154.175,1475.56430064,630.1645206,3,0,0.3175238,5189.25,883.0
3084,154.225,1477.29219904,630.54745598,3,0,0.31547322,5188.75,880.0
3085,154.275,1478.96497325,630.91368058,3,0,0.31719329,5184.5,880.0
3086,154.325,1480.59987125,631.27905321,3,0,0.31341458,5184.25,879.0
3087,154.375,1482.22349654,631.64988588,3,0,0.30783348,5184.25,879.0
3088,154.425,1483.82895333,632.02295342,3,0,0.30208054,5186.25,880.0
3089,154.475,1485.38664567,632.36046853,3,0,0.29948454,5186.5,880.0
3090,154.525,1486.92502272,632.62436083,3,0,0.29855042,5186.5,880.0
3091,154.575,1488.4623745,632.90944047,3,0,0.2976163,5182.25,880.0
3092,154.625,1489.9868998,633.23501178,3,0,0.29668218,5183.0,883.0
3093,154.675,1491.50740973,633.61255296,3,0,0.29574806,5183.0,882.0
3094,154.725,1492.9822516,634.01690152,3,0,0.29508159,5183.0,882.0
3095,154.775,1494.41778545,634.44820306,3,0,0.29629958,5183.25,882.0
3096,154.825,1495.88398817,634.91366224,3,0,0.3366346,5183.0,881.0
3097,154.875,1497.33208956,635.38981601,3,0,0.33141235,5178.75,882.0
3098,154.925,1498.75712175,635.86786028,3,0,0.32617012,5180.5,882.0
3099,154.975,1500.16919366,636.30696098,3,0,0.32003274,5180.5,881.0
3100,155.025,1501.59457424,636.71708871,3,0,0.3109883,5180.5,881.0
3101,155.075,1503.03177931,637.13284207,3,0,0.30584793,5180.5,881.0
3102,155.125,1504.48263335,637.53556877,3,0,0.30623206,5178.5,882.0
3103,155.175,1505.95008755,637.94164347,3,0,0.30762572,5176.25,883.0
3104,155.225,1507.43168048,638.35847992,3,0,0.30901937,5175.75,881.0
3105,155.275,1508.92092971,638.79173436,3,0,0.31041302,5175.5,881.0
3106,155.325,1510.4078943,639.24622804,3,0,0.31180667,5175.5,881.0
3107,155.375,1511.87689715,639.72156673,3,0,0.31320033,5175.5,881.0
3108,155.425,1513.3245614,640.21210418,3,0,0.31459398,5173.5,885.0
3109,155.475,1514.74879585,640.70192443,3,0,0.31598763,5173.5,884.0
3110,155.525,1516.15083734,641.19602274,3,0,0.31785703,5173.25,882.0
3111,155.575,1517.52756745,641.694023,3,0,0.31095247,5172.75,880.0
3112,155.625,1518.88654387,642.16281506,3,0,0.31477659,5172.5,879.0
3113,155.675,1520.24031114,642.62033975,3,0,0.31816222,5172.25,878.0
3114,155.725,1521.58102207,643.06417083,3,0,0.32079601,5168.0,880.0
3115,155.775,1522.93136917,643.49577091,3,0,0.3258079,5169.0,882.0
3116,155.825,1524.28673955,643.90838715,3,0,0.32743166,5169.0,882.0
3117,155.875,1525.64268622,644.31611227,3,0,0.32841765,5168.5,880.0
3118,155.925,1526.9929334,644.72869864,3,0,0.32940364,5170.25,881.0
3119,155.975,1528.33284488,645.15157824,3,0,0.33038963,5170.25,881.0
3120,156.025,1529.66559943,645.59632663,3,0,0.3313826,5165.75,883.0
3121,156.075,1531.00786608,646.05914087,3,0,0.33260324,5165.75,883.0
3122,156.125,1532.357564,646.54241846,3,0,0.34496475,5165.0,878.0
3123,156.175,1533.71351433,647.02103902,3,0,0.36301771,5164.75,877.0
3124,156.225,1535.06102336,647.51225447,3,0,0.3609511,5164.75,877.0
3125,156.275,1536.38002986,647.99604535,3,0,0.33637376,5164.5,876.0
3126,156.325,1537.68253975,648.39952988,3,0,0.32327848,5160.0,876.0
3127,156.375,1538.97082117,648.71921034,3,0,0.31301522,5160.0,876.0
3128,156.425,1540.25821719,649.01478574,3,0,0.30766892,5161.5,876.0
3129,156.475,1541.56013419,649.3237928,3,0,0.30538409,5161.5,876.0
3130,156.525,1542.88036372,649.63621219,3,0,0.30438331,5161.5,876.0
3131,156.575,1544.21158038,649.9805859,3,0,0.3033452,5157.75,877.0
3132,156.625,1545.54791177,650.33603794,3,0,0.30230708,5157.0,876.0
3133,156.675,1546.88870222,650.69268712,3,0,0.30126897,5156.75,875.0
3134,156.725,1548.23269669,651.05524934,3,0,0.30023085,5156.75,875.0
3135,156.775,1549.57877316,651.42694317,3,0,0.29919273,5156.5,874.0
3136,156.825,1550.92611028,651.79945518,3,0,0.29815462,5156.5,874.0
3137,156.875,1552.27835554,652.18083448,3,0,0.29767628,5153.0,875.0
3138,156.925,1553.64569584,652.55335893,3,0,0.30517782,5155.0,877.0
3139,156.975,1555.01760111,652.93055025,3,0,0.30761627,5154.75,876.0
3140,157.025,1556.38317524,653.30664267,3,0,0.30342304,5154.75,876.0
3141,157.075,1557.74657819,653.65442134,3,0,0.29938497,5154.5,875.0
3142,157.125,1559.10728235,654.00192899,3,0,0.29552767,5154.5,875.0
3143,157.175,1560.45164695,654.3541215,3,0,0.29167038,5150.5,876.0
3144,157.225,1561.77454152,654.71110981,3,0,0.28781308,5150.5,876.0
3145,157.275,1563.06522816,655.09366267,3,0,0.28395579,5150.25,875.0
3146,157.325,1564.34145269,655.51389227,3,0,0.28009849,5149.75,872.0
3147,157.375,1565.62070246,655.95097737,3,0,0.27616441,5149.75,872.0
3148,157.425,1566.89553896,656.4006226,3,0,0.27201975,5151.75,874.0
3149,157.475,1568.16578929,656.85947423,3,0,0.27088943,5147.75,875.0
3150,157.525,1569.43465976,657.30373302,3,0,0.26977978,5147.75,875.0
3151,157.575,1570.71118074,657.74628746,3,0,0.26852268,5147.75,875.0
3152,157.625,1572.00682111,658.20764324,3,0,0.29362086,5147.75,875.0
3153,157.675,1573.36693472,658.65567867,3,0,0.33633862,5147.0,874.0
3154,157.725,1574.76574266,659.13408426,3,0,0.36874684,5143.25,877.0
3155,157.775,1576.1785511,659.62622706,3,0,0.36548619,5142.75,876.0
3156,157.825,1577.60500607,660.1106288,3,0,0.34954317,5142.5,876.0
3157,157.875,1579.03911364,660.61165374,3,0,0.34338502,5142.0,874.0
3158,157.925,1580.45619971,661.13979496,3,0,0.33508548,5143.5,874.0
3159,157.975,1581.84753886,661.70665592,3,0,0.33075833,5144.5,876.0
3160,158.025,1583.21621061,662.29954312,3,0,0.34377266,5140.25,876.0
3161,158.075,1584.5616441,662.90411214,3,0,0.35851989,5139.5,872.0
3162,158.125,1585.90419871,663.44391337,3,0,0.36686848,5139.25,871.0
3163,158.175,1587.13109156,663.90457892,3,0,0.33982767,5139.75,870.0
3164,158.225,1588.30012415,664.33926935,3,0,0.33123681,5139.75,870.0
3165,158.275,1589.39397404,664.7701796,3,0,0.31767231,5139.75,869.0
3166,158.325,1590.40331322,665.20296071,3,0,0.31596128,5135.75,870.0
3167,158.375,1591.26941572,665.6377734,3,0,0.31425025,5135.25,869.0
3168,158.425,1591.86706444,666.1690696,3,0,0.31478639,5136.5,871.0
3169,158.475,1592.41245396,666.78700416,3,0,0.32561903,5136.5,871.0
3170,158.525,1592.55370058,671.14402943,3,0,0.32325825,5136.5,869.0
3171,158.575,1591.48621293,681.28324222,4,0,0.3206781,5137.0,872.0
3172,158.625,1588.62760024,681.24759224,5,0,0.31895524,5134.0,876.0
3173,158.675,1585.84997182,679.8121743,5,0,0.34509049,5135.25,876.0
3174,158.725,1583.28789885,678.52425392,5,0,0.34094164,5135.25,875.0
3175,158.775,1581.94604821,677.75611834,5,0,0.35891526,5137.5,875.0
3176,158.825,1581.53823574,677.56149201,5,0,0.37161925,5137.25,874.0
3177,158.875,1581.25795048,677.38216791,5,0,0.35616698,5136.75,873.0
3178,158.925,1581.09993487,677.20091738,5,0,0.31412641,5134.75,873.0
3179,158.975,1581.00922822,677.00288613,5,0,0.30138243,5135.75,874.0
3180,159.025,1580.9472648,676.8521437,5,0,0.28885504,5135.75,874.0
3181,159.075,1580.88276071,676.70114182,5,0,0.28354342,5136.25,873.0
3182,159.125,1580.82801128,676.55164709,5,0,0.28999261,5137.25,873.0
3183,159.175,1580.78801003,676.42853063,5,0,0.29693787,5133.75,874.0
3184,159.225,1580.78254429,676.38729291,5,0,0.30388312,5133.0,873.0
3185,159.275,1580.82027182,676.4298684,5,0,0.30397022,5133.0,873.0
3186,159.325,1581.03914346,676.51885661,5,0,0.30926929,5133.0,873.0
3187,159.375,1581.38634959,676.64025984,5,0,0.30995182,5132.75,870.0
3188,159.425,1581.73830652,676.7690673,5,0,0.31063435,5134.5,872.0
3189,159.475,1582.08514792,676.90190536,5,0,0.31131688,5131.25,872.0
3190,159.525,1582.44229969,677.02552584,5,0,0.31151388,5130.0,871.0
3191,159.575,1582.79195949,677.08685647,5,0,0.29236064,5130.75,871.0
3192,159.625,1583.12532999,677.09286622,5,0,0.27988082,5130.75,871.0
3193,159.675,1583.47548548,677.15959093,5,0,0.29690282,5131.5,871.0
3194,159.725,1583.83903695,677.23114326,5,0,0.30003668,5131.75,871.0
3195,159.775,1584.2119547,677.2997327,5,0,0.30314351,5127.25,871.0
3196,159.825,1584.59401142,677.37317162,5,0,0.30625034,5127.25,871.0
3197,159.875,1584.97638684,677.47227682,5,0,0.30935717,5127.25,871.0
3198,159.925,1585.33322761,677.60222095,5,0,0.31249756,5128.25,871.0
3199,159.975,1585.6619109,677.79419325,5,0,0.31502955,5129.5,872.0
3200,160.025,1585.97230276,678.00124832,5,0,0.31615784,5129.25,870.0
3201,160.075,1586.26466256,678.25432738,5,0,0.31799129,5125.0,870.0
3202,160.125,1586.55080786,678.46720407,5,0,0.33254864,5124.75,869.0
3203,160.175,1586.84149983,678.63242488,5,0,0.32783899,5125.0,870.0
3204,160.225,1587.22755858,678.72552082,5,0,0.36005792,5125.0,870.0
3205,160.275,1587.67982934,678.80370749,5,0,0.4157726,5124.75,869.0
3206,160.325,1588.35533403,678.9360158,5,0,0.60755891,5120.5,870.0
3207,160.375,1589.08358569,679.12845901,5,0,0.66892268,5120.5,868.0
3208,160.425,1589.84052469,679.32644349,5,0,0.7005954,5118.25,869.0
3209,160.475,1590.63584115,679.52669955,5,0,0.73160749,5119.25,870.0
3210,160.525,1591.45829225,679.7955966,5,0,0.75197566,5118.75,868.0
3211,160.575,1592.29840926,680.07547667,5,0,0.76195156,5114.5,869.0
3212,160.625,1593.14279517,680.40443276,5,0,0.77056802,5114.25,868.0
3213,160.675,1593.97884181,680.78079402,5,0,0.77539758,5113.5,866.0
3214,160.725,1594.8067249,681.15262329,5,0,0.78002382,5110.0,864.0
3215,160.775,1595.64911848,681.53355323,5,0,0.8082666,5108.5,862.0
3216,160.825,1596.56638273,681.88108271,5,0,0.86691531,5107.5,864.0
3217,160.875,1597.64602347,682.35736066,5,0,1.03902373,5104.25,863.0
3218,160.925,1607.74183892,674.67767786,3,0,10.09525772,5097.75,853.0
3219,160.975,1607.6676579,672.94716492,3,0,0.37907278,5097.75,853.0
3220,161.025,1607.4697139,672.03877233,3,0,0.35272291,5097.25,849.0
3221,161.075,1607.13750477,671.18403258,3,0,0.29695507,5097.25,849.0
3222,161.125,1606.65492289,670.33342235,3,0,0.22644796,5096.75,847.0
3223,161.175,1606.0356286,669.51489756,3,0,0.15604844,5096.25,844.0
3224,161.225,1605.27309594,668.73945879,3,0,0.06462761,5096.25,840.0
3225,161.275,1604.3785099,668.17904024,3,0,0.01196192,5096.5,840.0
3226,161.325,1603.44119838,667.70917959,3,0,0.0,5097.5,840.0
3227,161.375,1602.50635306,667.24919048,3,0,0.0,5098.5,840.0
3228,161.425,1601.58552711,666.77685314,3,0,0.0,5099.5,842.0
3229,161.475,1600.6845672,666.30219787,3,0,0.0,5099.5,842.0
3230,161.525,1599.81105073,665.82688268,3,0,0.0,5099.5,842.0
3231,161.575,1598.93586805,665.2501318,3,0,0.0,5099.5,842.0
3232,161.625,1598.02263918,664.67669552,3,0,0.0,5099.5,842.0
3233,161.675,1597.0995556,664.09347785,3,0,0.0,5099.5,842.0
3234,161.725,1596.18829342,663.4637428,3,0,0.0,5099.5,842.0
3235,161.775,1595.27588821,662.85145542,3,0,0.0,5099.5,842.0
3236,161.825,1594.29112054,662.26691284,3,0,0.0,5099.5,842.0
3237,161.875,1593.26154228,661.74299332,3,0,0.0,5100.5,843.0
3238,161.925,1592.21294654,661.23597988,3,0,0.0,5102.5,846.0
3239,161.975,1591.15151362,660.7324551,3,0,0.0,5102.5,846.0
3240,162.025,1590.08297806,660.23673317,3,0,0.0,5102.75,846.0
3241,162.075,1589.01834147,659.74991603,3,0,0.0,5102.75,846.0
3242,162.125,1587.93949436,659.25637302,3,0,0.0,5102.75,846.0
3243,162.175,1586.84973163,658.68798535,3,0,0.0,5102.75,846.0
3244,162.225,1585.74732254,658.09222634,3,0,0.0,5105.0,846.0
3245,162.275,1584.61001976,657.42174019,3,0,0.01382985,5105.25,846.0
3246,162.325,1583.41416431,656.72775847,3,0,0.0,5105.25,846.0
3247,162.375,1582.20672135,655.98857713,3,0,0.0,5105.25,846.0
3248,162.425,1580.98579887,655.24077271,3,0,0.0,5105.75,848.0
3249,162.475,1579.73449289,654.53694161,3,0,0.0,5105.75,848.0
3250,162.525,1578.46319771,653.83389497,3,0,0.0,5105.75,848.0
3251,162.575,1577.1753467,653.14813207,3,0,0.0,5105.75,848.0
3252,162.625,1575.87802846,652.46910323,3,0,0.0,5105.75,848.0
3253,162.675,1574.57903738,651.82081893,3,0,0.0,5106.0,848.0
3254,162.725,1573.28872027,651.17072033,3,0,0.0,5106.0,848.0
3255,162.775,1572.00569643,650.50594721,3,0,0.0,5106.75,850.0
3256,162.825,1570.71483542,649.84415244,3,0,0.0,5106.75,850.0
3257,162.875,1569.4168669,649.22649149,3,0,0.0,5106.75,850.0
3258,162.925,1568.08331542,648.61430086,3,0,0.0,5106.75,850.0
3259,162.975,1566.7208224,647.98839855,3,0,0.0,5106.75,850.0
3260,163.025,1565.34331729,647.36412107,3,0,0.0,5107.0,850.0
3261,163.075,1563.9640824,646.7488892,3,0,0.0,5109.25,850.0
3262,163.125,1562.61471675,646.17133698,3,0,0.0,5109.25,850.0
3263,163.175,1561.25359667,645.63832206,3,0,0.0,5109.25,850.0
3264,163.225,1559.90913284,645.15183832,3,0,0.0,5109.25,850.0
3265,163.275,1558.59016694,644.68161756,3,0,0.0,5109.25,850.0
3266,163.325,1557.29921718,644.22571488,3,0,0.0,5109.25,850.0
3267,163.375,1556.03378573,643.80155969,3,0,0.0,5109.25,850.0
3268,163.425,1554.78555887,643.39981351,3,0,0.0,5109.25,850.0
3269,163.475,1553.55079493,642.96780238,3,0,0.0,5109.25,850.0
3270,163.525,1552.32350067,642.51070763,3,0,0.0,5109.25,850.0
3271,163.575,1551.11037532,642.04261053,3,0,0.0,5109.5,850.0
3272,163.625,1549.92143466,641.57664964,3,0,0.0,5109.5,850.0
3273,163.675,1548.77362878,641.14060506,3,0,0.0,5110.25,854.0
3274,163.725,1547.69211543,640.72948076,3,0,0.0,5110.5,854.0
3275,163.775,1546.59630409,640.33054603,3,0,0.0,5110.75,854.0
3276,163.825,1545.53426118,639.97417451,3,0,0.0,5110.75,854.0
3277,163.875,1544.48520591,639.61873468,3,0,0.0,5110.75,854.0
3278,163.925,1543.44437761,639.25428388,3,0,0.0,5112.5,855.0
3279,163.975,1542.39536397,638.89687655,3,0,0.0,5113.25,854.0
3280,164.025,1541.33211068,638.54041833,3,0,0.0,5113.25,854.0
3281,164.075,1540.27349238,638.18434664,3,0,0.0,5113.25,854.0
3282,164.125,1539.22232158,637.83647262,3,0,0.0,5113.25,854.0
3283,164.175,1538.18737909,637.49355324,3,0,0.0,5113.25,854.0
3284,164.225,1537.17045489,637.02526417,3,0,0.0,5113.25,854.0
3285,164.275,1536.18990554,636.58808037,3,0,0.02789214,5113.25,854.0
3286,164.325,1535.26259083,636.15085067,3,0,0.0461401,5113.25,854.0
3287,164.375,1534.58263385,635.73187063,3,0,0.08817264,5113.0,854.0
3288,164.425,1534.03302051,635.36092609,3,0,0.17552866,5113.0,854.0
3289,164.475,1533.49624495,635.02187485,3,0,0.22297894,5112.75,854.0
3290,164.525,1533.01379703,634.70468181,3,0,0.27042921,5115.0,862.0
3291,164.575,1532.58372309,634.39660723,3,0,0.31787948,5114.75,862.0
3292,164.625,1532.15432563,634.14150332,3,0,0.32190855,5114.25,860.0
3293,164.675,1531.63349824,633.92391568,3,0,0.23290945,5113.25,854.0
3294,164.725,1530.9453027,633.72940729,3,0,0.07975607,5113.25,852.0
3295,164.775,1530.1924807,633.45194911,3,0,0.01078371,5113.25,852.0
3296,164.825,1529.47134297,633.18076681,3,0,0.0,5115.75,852.0
3297,164.875,1528.77548185,632.89558653,3,0,0.0,5115.75,852.0
3298,164.925,1528.09869172,632.60365525,3,0,0.01216954,5115.75,852.0
3299,164.975,1527.42944333,632.32413953,3,0,0.0,5115.75,852.0
3300,165.025,1526.73326578,632.06697017,3,0,0.0,5115.75,852.0
3301,165.075,1526.02886151,631.81733865,3,0,0.0,5116.25,852.0
3302,165.125,1525.38203522,631.60318248,3,0,0.0,5116.25,852.0
3303,165.175,1524.74697648,631.43438122,3,0,0.0,5116.25,852.0
3304,165.225,1524.12185639,631.27434044,3,0,0.0,5116.5,852.0
3305,165.275,1523.51913784,631.10021505,3,0,0.0,5116.5,852.0
3306,165.325,1522.95717178,630.91774902,3,0,0.0,5116.5,852.0
3307,165.375,1522.45401279,630.74356814,3,0,0.0,5118.0,856.0
3308,165.425,1521.98496684,630.52319277,3,0,0.0,5118.25,856.0
3309,165.475,1521.52993074,630.21255201,3,0,0.01081117,5118.25,856.0
3310,165.525,1521.07943227,629.9146866,3,0,0.01282442,5118.0,854.0
3311,165.575,1520.6376849,629.64387359,3,0,0.0,5118.0,854.0
3312,165.625,1520.21880204,629.37476049,3,0,0.0,5118.5,854.0
3313,165.675,1519.82189251,629.14863439,3,0,0.0,5121.25,854.0
3314,165.725,1519.44088041,629.01270672,3,0,0.0,5121.25,854.0
3315,165.775,1519.09085835,628.90169323,3,0,0.0,5121.5,854.0
3316,165.825,1518.78946671,628.82200501,3,0,0.0,5121.5,854.0
3317,165.875,1518.53082749,628.76495055,3,0,0.0,5121.75,854.0
3318,165.925,1518.28026573,628.70689534,3,0,0.0,5121.75,854.0
3319,165.975,1518.01930538,628.64496087,3,0,0.0,5121.75,854.0
3320,166.025,1517.75348864,628.59762944,3,0,0.0,5121.75,854.0
3321,166.075,1517.48487079,628.55304343,3,0,0.0,5122.0,854.0
3322,166.125,1517.20946513,628.50614743,3,0,0.0,5122.0,854.0
3323,166.175,1516.92321006,628.44212725,3,0,0.0,5123.0,856.0
3324,166.225,1516.62450072,628.35522979,3,0,0.0,5123.0,856.0
3325,166.275,1516.31200088,628.27216803,3,0,0.0,5123.0,856.0
3326,166.325,1515.96474629,628.19519233,3,0,0.0,5123.0,856.0
3327,166.375,1515.51774661,628.14523442,3,0,0.0,5123.25,856.0
3328,166.425,1515.05999292,628.12104539,3,0,0.0,5123.25,856.0
3329,166.475,1514.60247228,628.1168622,3,0,0.0,5123.25,856.0
3330,166.525,1514.29132326,628.12756231,3,0,0.0,5126.25,856.0
3331,166.575,1514.02631735,628.19929958,3,0,0.0,5126.25,856.0
3332,166.625,1513.78176639,628.27522111,3,0,0.0,5126.25,856.0
3333,166.675,1513.52052066,628.38566818,3,0,0.0,5126.5,856.0
3334,166.725,1513.2412314,628.52374937,3,0,0.0,5126.5,856.0
3335,166.775,1512.93968734,628.64533081,3,0,0.0,5126.5,856.0
3336,166.825,1512.60083007,628.74971609,3,0,0.0,5126.5,856.0
3337,166.875,1512.21432596,628.85179046,3,0,0.0,5126.5,856.0
3338,166.925,1511.76870214,629.00853712,3,0,0.0,5126.5,856.0
3339,166.975,1511.13483505,629.23796377,3,0,0.0,5126.5,856.0
3340,167.025,1510.33675604,629.58890741,3,0,0.0,5126.5,856.0
3341,167.075,1509.29644269,630.06359501,3,0,0.0,5126.5,856.0
3342,167.125,1508.35008229,630.58391152,3,0,0.0,5126.5,856.0
3343,167.175,1507.33632096,631.13746701,3,0,0.0,5127.0,857.0
3344,167.225,1506.2756556,631.68689705,3,0,0.0,5128.5,858.0
3345,167.275,1502.96336239,642.38834304,3,0,0.0,5129.25,859.0
3346,167.325,1491.63782408,651.37856773,6,0,0.0,5131.75,867.0
3347,167.375,1483.21470776,647.10674099,6,0,0.0,5134.75,867.0
3348,167.425,1469.28526825,641.00358163,6,0,0.0,5144.0,865.0
3349,167.475,1452.12730374,633.72015326,6,0,0.0,5150.25,866.0
3350,167.525,1447.57206065,622.38520207,5,0,0.0,5152.5,862.0
3351,167.575,1446.11310241,621.65524397,5,0,0.0,5152.5,862.0
3352,167.625,1444.7110408,620.94395435,5,0,0.0,5152.75,863.0
3353,167.675,1443.34700837,620.26619476,5,0,0.0,5152.75,863.0
3354,167.725,1442.01980843,619.62743882,5,0,0.0,5153.25,864.0
3355,167.775,1440.73425284,619.0008481,5,0,0.0,5153.25,864.0
3356,167.825,1439.48929452,618.38074103,5,0,0.0,5153.5,864.0
3357,167.875,1438.28251481,617.76113723,5,0,0.0,5153.75,864.0
3358,167.925,1437.12486491,617.14007326,5,0,0.0,5153.75,864.0
3359,167.975,1436.19051207,616.59004321,5,0,0.0,5153.75,864.0
3360,168.025,1435.20440872,615.9560304,5,0,0.0,5153.75,864.0
3361,168.075,1434.31631816,615.29829766,5,0,0.0,5153.75,864.0
3362,168.125,1433.55026345,614.65424142,5,0,0.0,5154.0,864.0
3363,168.175,1432.85783285,614.03180729,5,0,0.0,5154.25,864.0
3364,168.225,1432.2276771,613.43729672,5,0,0.02258551,5154.25,864.0
3365,168.275,1431.6913579,612.94945225,5,0,0.05963529,5157.5,864.0
3366,168.325,1431.24823571,612.55723025,5,0,0.07419812,5157.25,862.0
3367,168.375,1430.87289383,612.23475613,5,0,0.08876096,5157.5,862.0
3368,168.425,1430.55524881,611.97590442,5,0,0.10179822,5157.75,862.0
3369,168.475,1430.27388409,611.76539772,5,0,0.09517346,5157.5,863.0
3370,168.525,1430.0152548,611.56736564,5,0,0.08511359,5157.0,861.0
3371,168.575,1429.77550874,611.37967584,5,0,0.07505372,5156.5,859.0
3372,168.625,1429.53698155,611.19139,5,0,0.06499385,5156.75,859.0
3373,168.675,1429.27662,610.94203339,5,0,0.05361689,5156.75,859.0
3374,168.725,1428.96580492,610.65206649,5,0,0.02021852,5157.0,858.0
3375,168.775,1428.62864796,610.33966008,5,0,0.01380373,5157.0,858.0
3376,168.825,1428.27797826,610.02282541,5,0,0.01322298,5156.75,855.0
3377,168.875,1427.91239468,609.70555226,5,0,0.01264224,5156.75,855.0
3378,168.925,1427.53281958,609.39586135,5,0,0.01206149,5157.0,855.0
3379,168.975,1427.1494136,609.10333295,5,0,0.01148075,5157.25,855.0
3380,169.025,1426.76783589,608.82348299,5,0,0.0109,5157.25,855.0
3381,169.075,1426.39106968,608.55890664,5,0,0.01031926,5157.25,855.0
3382,169.125,1426.02984877,608.31892107,5,0,0.0,5160.75,855.0
3383,169.175,1425.68692465,608.09379864,5,0,0.0,5160.75,855.0
3384,169.225,1425.35052284,607.90170633,5,0,0.0,5160.75,855.0
3385,169.275,1424.98605164,607.73423217,5,0,0.0,5160.75,855.0
3386,169.325,1424.39963006,607.38746427,5,0,0.0,5160.75,855.0
3387,169.375,1423.97198932,607.13828008,5,0,0.0,5160.75,855.0
3388,169.425,1423.54152437,606.87194686,5,0,0.0,5161.25,856.0
3389,169.475,1423.11323533,606.61520431,5,0,0.0,5161.25,856.0
3390,169.525,1422.69272689,606.39906681,5,0,0.0,5161.5,856.0
3391,169.575,1422.30857709,606.21824661,5,0,0.0,5161.5,856.0
3392,169.625,1421.97281275,606.06041186,5,0,0.01571514,5161.25,856.0
3393,169.675,1421.64504774,605.93387674,5,0,0.02226826,5161.25,856.0
3394,169.725,1421.33362889,605.82731525,5,0,0.02882139,5161.25,856.0
3395,169.775,1421.04474668,605.71182042,5,0,0.03537451,5161.5,856.0
3396,169.825,1420.81435607,605.65107662,5,0,0.04189019,5161.5,856.0
3397,169.875,1420.62633796,605.66001978,5,0,0.04068745,5161.5,855.0
3398,169.925,1420.44164329,605.67176075,5,0,0.03596601,5161.75,855.0
3399,169.975,1420.25001453,605.63817182,5,0,0.03124456,5162.25,856.0
3400,170.025,1420.05474298,605.58523281,5,0,0.02652312,5164.75,854.0
3401,170.075,1419.84636836,605.49713367,5,0,0.02180168,5165.0,853.0
3402,170.125,1419.63704039,605.38450332,5,0,0.01708023,5165.5,853.0
3403,170.175,1419.42338437,605.24741995,5,0,0.01258885,5165.0,850.0
3404,170.225,1419.20572779,605.09830705,5,0,0.01048027,5165.0,850.0
3405,170.275,1418.99069736,604.96416108,5,0,0.0,5165.0,850.0
3406,170.325,1418.78434534,604.86404496,5,0,0.0,5165.25,850.0
3407,170.375,1418.58047901,604.78291646,5,0,0.0,5165.25,850.0
3408,170.425,1418.38134419,604.73180845,5,0,0.0,5165.5,850.0
3409,170.475,1418.17441092,604.68363564,5,0,0.0,5165.75,850.0
3410,170.525,1417.95790426,604.63874864,5,0,0.0,5165.75,850.0
3411,170.575,1417.7194291,604.57242365,5,0,0.0,5166.25,850.0
3412,170.625,1417.48494635,604.49508615,5,0,0.0,5166.25,850.0
3413,170.675,1417.25016497,604.4194045,5,0,0.0,5166.25,850.0
3414,170.725,1417.03275251,604.33116429,5,0,0.0,5166.25,850.0
3415,170.775,1416.82745139,604.2293483,5,0,0.0,5166.5,850.0
3416,170.825,1416.61786683,604.11879726,5,0,0.0,5166.5,850.0
3417,170.875,1416.40437847,604.00078644,5,0,0.0,5170.0,850.0
3418,170.925,1416.18914196,603.88784679,5,0,0.0,5170.75,850.0
3419,170.975,1415.96021842,603.77994995,5,0,0.0,5170.75,850.0
3420,171.025,1415.70726581,603.66999202,5,0,0.0,5170.75,850.0
3421,171.075,1415.42711515,603.56468908,5,0,0.0,5171.0,850.0
3422,171.125,1415.11725498,603.45898431,5,0,0.0,5171.0,850.0
3423,171.175,1414.78559674,603.33891642,5,0,0.0,5171.0,850.0
3424,171.225,1414.48986262,603.22511664,5,0,0.0,5171.25,850.0
3425,171.275,1414.24440038,603.08465024,5,0,0.0,5171.25,850.0
3426,171.325,1414.05086189,602.85466509,5,0,0.0,5171.25,850.0
3427,171.375,1413.85737064,602.53490023,5,0,0.01680535,5171.25,850.0
3428,171.425,1413.63304003,602.20974631,5,0,0.0,5172.25,850.0
3429,171.475,1413.43001236,601.87431767,5,0,0.0,5172.5,850.0
3430,171.525,1413.24937793,601.59974382,5,0,0.0,5173.0,850.0
3431,171.575,1413.08036661,601.42796423,5,0,0.0,5173.25,850.0
3432,171.625,1412.92915877,601.29769005,5,0,0.01097471,5173.0,848.0
3433,171.675,1412.7998166,601.20336452,5,0,0.0,5173.25,848.0
3434,171.725,1412.6873759,601.19146842,5,0,0.0,5177.0,848.0
3435,171.775,1412.59804784,601.19763079,5,0,0.0,5177.0,848.0
3436,171.825,1412.53826401,601.20528046,5,0,0.0,5177.0,848.0
3437,171.875,1412.44712234,601.25559685,5,0,0.0,5177.0,848.0
3438,171.925,1412.31784383,601.17933991,5,0,0.0,5177.75,848.0
3439,171.975,1412.17884093,601.08710716,5,0,0.0,5178.0,848.0
3440,172.025,1412.01104229,601.01090792,5,0,0.0,5178.0,848.0
3441,172.075,1411.81867372,600.95198638,5,0,0.0,5178.0,848.0
3442,172.125,1411.61979863,600.892203,5,0,0.01385162,5178.0,848.0
3443,172.175,1411.4102377,600.83666218,5,0,0.0175187,5177.75,848.0
3444,172.225,1411.18488025,600.79209949,5,0,0.01619712,5178.0,848.0
3445,172.275,1410.94558859,600.76459948,5,0,0.01487555,5178.25,848.0
3446,172.325,1410.7092153,600.73898896,5,0,0.01355397,5178.0,846.0
3447,172.375,1410.48016172,600.72328254,5,0,0.01223239,5178.0,846.0
3448,172.425,1410.26095062,600.71418768,5,0,0.01091081,5178.75,846.0
3449,172.475,1410.04115661,600.69676298,5,0,0.01025061,5178.75,846.0
3450,172.525,1409.81273364,600.64476834,5,0,0.02130691,5179.75,845.0
3451,172.575,1409.56235337,600.47277664,5,0,0.02312255,5180.0,844.0
3452,172.625,1409.29809489,600.27252589,5,0,0.02385441,5181.5,840.0
3453,172.675,1409.03059908,600.09275589,5,0,0.02385589,5181.25,839.0
3454,172.725,1408.77531572,599.93391232,5,0,0.01446899,5181.25,839.0
3455,172.775,1408.53670845,599.78800399,5,0,0.01544507,5181.25,839.0
3456,172.825,1408.32191,599.67710794,5,0,0.01549561,5181.25,839.0
3457,172.875,1408.12177192,599.62245906,5,0,0.01523221,5181.0,836.0
3458,172.925,1407.9272263,599.61173051,5,0,0.01496882,5182.0,836.0
3459,172.975,1407.73807535,599.60753192,5,0,0.01470542,5182.0,836.0
3460,173.025,1407.56027436,599.61090806,5,0,0.01033885,5182.0,835.0
3461,173.075,1407.39193873,599.62575292,5,0,0.0,5182.25,835.0
3462,173.125,1407.23533006,599.58101732,5,0,0.0,5182.5,835.0
3463,173.175,1407.07786336,599.51544266,5,0,0.0,5182.5,835.0
3464,173.225,1406.9301905,599.43289846,5,0,0.0,5182.5,835.0
3465,173.275,1406.78681223,599.31328681,5,0,0.01038482,5182.75,835.0
3466,173.325,1406.64500171,599.16605356,5,0,0.02080704,5182.75,835.0
3467,173.375,1406.50022815,598.95880074,5,0,0.02156396,5182.5,835.0
3468,173.425,1406.35505226,598.74921748,5,0,0.02253746,5185.5,836.0
3469,173.475,1406.17402461,598.54668432,5,0,0.02351096,5187.0,834.0
3470,173.525,1406.06052181,598.35472034,5,0,0.02438601,5187.0,834.0
3471,173.575,1406.00998285,598.22331088,5,0,0.02482975,5187.0,834.0
3472,173.625,1405.96506753,598.1220011,5,0,0.02525375,5186.5,833.0
3473,173.675,1405.9353198,598.03193228,5,0,0.02567775,5186.25,833.0
3474,173.725,1405.92055761,597.95369477,5,0,0.02610174,5186.0,831.0
3475,173.775,1405.92633413,597.8902609,5,0,0.04556502,5185.5,831.0
3476,173.825,1405.93924558,597.83869296,5,0,0.0466304,5185.25,828.0
3477,173.875,1405.92982104,597.66972559,5,0,0.02635654,5185.0,827.0
3478,173.925,1405.90251126,597.3389495,5,0,0.02628409,5185.75,827.0
3479,173.975,1405.85922952,596.87700663,5,0,0.04049788,5186.0,827.0
3480,174.025,1405.79737727,596.4160714,5,0,0.03819472,5185.5,825.0
3481,174.075,1405.71507371,595.95608977,5,0,0.02554955,5185.5,825.0
3482,174.125,1405.63490334,595.51080663,5,0,0.02528299,5184.75,823.0
3483,174.175,1405.56102334,595.12313889,5,0,0.02501644,5184.75,823.0
3484,174.225,1405.49667499,594.80413008,5,0,0.02474988,5184.5,823.0
3485,174.275,1405.45527517,594.53271726,5,0,0.02480355,5184.5,823.0
3486,174.325,1405.42814101,594.32264353,5,0,0.02620012,5184.0,821.0
3487,174.375,1405.38386979,594.15522887,5,0,0.02776085,5184.25,821.0
3488,174.425,1405.330308,593.98032777,5,0,0.02932157,5185.75,821.0
3489,174.475,1405.28044728,593.80117035,5,0,0.03075504,5185.25,821.0
3490,174.525,1405.22397638,593.64182645,5,0,0.03996929,5184.5,818.0
3491,174.575,1405.17102006,593.48960508,5,0,0.04877479,5184.5,818.0
3492,174.625,1405.10859856,593.3275569,5,0,0.05823246,5183.75,817.0
3493,174.675,1405.03306893,593.111658,5,0,0.0580253,5184.0,817.0
3494,174.725,1404.94507598,592.87354989,5,0,0.05431761,5183.75,817.0
3495,174.775,1404.84714815,592.6456981,5,0,0.05070586,5184.0,815.0
3496,174.825,1404.74463084,592.44282516,5,0,0.05026954,5183.5,814.0
3497,174.875,1404.65325413,592.248053,5,0,0.0383537,5183.0,813.0
3498,174.925,1404.54925727,592.05991606,5,0,0.0401785,5185.0,814.0
3499,174.975,1404.43143513,591.91580349,5,0,0.04200331,5184.75,814.0
3500,175.025,1404.30965136,591.77126199,5,0,0.04382811,5184.5,814.0
3501,175.075,1404.18068857,591.63640235,5,0,0.04565291,5183.5,814.0
3502,175.125,1404.07268855,591.51938057,5,0,0.0604263,5183.5,814.0
3503,175.175,1404.05867476,591.41243318,5,0,0.06653002,5183.5,814.0
3504,175.225,1404.11242577,591.271225,5,0,0.08719539,5183.5,814.0
3505,175.275,1404.29138317,591.01850948,5,0,0.20326585,5183.25,814.0
3506,175.325,1404.55644647,590.69520759,5,0,0.28216039,5181.75,814.0
3507,175.375,1404.89170619,590.49492518,5,0,0.34198439,5180.0,813.0
3508,175.425,1405.37155147,590.32975184,5,0,0.46268727,5180.0,808.0
3509,175.475,1406.08560872,590.29646542,5,0,0.68492399,5179.5,809.0
3510,175.525,1406.86149269,590.46575425,5,0,0.73168647,5178.25,804.0
3511,175.575,1407.62491642,590.6934885,5,0,0.68517843,5176.5,800.0
3512,175.625,1408.36692605,590.93177255,5,0,0.63654919,5176.0,798.0
3513,175.675,1408.7776254,586.96275523,5,0,0.28674603,5174.75,795.0
3514,175.725,1408.95706094,587.19064408,5,0,0.25708393,5175.0,795.0
3515,175.775,1409.0881383,587.39990621,5,0,0.20894331,5175.0,797.0
3516,175.825,1409.11415493,586.20764065,5,0,0.1239044,5175.75,798.0
3517,175.875,1409.00154051,585.59512964,5,0,0.051364,5174.5,793.0
3518,175.925,1408.86430476,585.73994368,5,0,0.04492442,5175.25,793.0
3519,175.975,1408.75280852,585.89050449,5,0,0.05807603,5174.5,790.0
3520,176.025,1408.64383507,584.42361539,5,0,0.04148206,5173.5,787.0
3521,176.075,1408.4588055,584.12935956,5,0,0.02461378,5173.5,787.0
3522,176.125,1408.26386784,583.86366234,5,0,0.02463757,5173.75,787.0
3523,176.175,1408.06930694,583.62752565,5,0,0.02461066,5173.75,787.0
3524,176.225,1407.87921821,583.40525919,5,0,0.02448753,5173.75,787.0
3525,176.275,1407.687354,583.21393537,5,0,0.02435541,5173.5,787.0
3526,176.325,1407.4897034,583.02667974,5,0,0.0242233,5173.5,787.0
3527,176.375,1407.29761557,582.8485151,5,0,0.02409118,5173.5,787.0
3528,176.425,1407.12036695,582.67297309,5,0,0.02395906,5173.5,787.0
3529,176.475,1406.9440492,582.42709864,5,0,0.02382695,5173.25,786.0
3530,176.525,1406.77197689,582.16041741,5,0,0.02369483,5173.25,786.0
3531,176.575,1406.67968575,581.39905824,5,0,0.05227393,5173.25,788.0
3532,176.625,1406.83757595,577.90245686,5,0,0.25568727,5172.0,782.0
3533,176.675,1406.6519739,578.00925049,5,0,0.02597661,5172.5,782.0
3534,176.725,1406.45433459,578.13205265,5,0,0.02843228,5172.5,782.0
3535,176.775,1406.24124866,578.2619975,5,0,0.03088795,5172.0,782.0
3536,176.825,1406.02942648,578.41952819,5,0,0.03334362,5171.75,782.0
3537,176.875,1405.82721019,578.59514192,5,0,0.03575309,5171.5,782.0
3538,176.925,1405.65287506,578.80333456,5,0,0.03669735,5173.25,785.0
3539,176.975,1405.46731299,579.04951872,5,0,0.03703099,5171.5,785.0
3540,177.025,1405.24229477,579.22806105,5,0,0.03736462,5170.5,784.0
3541,177.075,1405.02205239,579.38502705,5,0,0.03769826,5170.75,784.0
3542,177.125,1404.79690632,579.51087122,5,0,0.0380319,5171.0,784.0
3543,177.175,1404.56628259,579.63851382,5,0,0.03836781,5171.0,784.0
3544,177.225,1404.32904813,579.76894207,5,0,0.03913495,5171.25,784.0
3545,177.275,1404.09226753,579.91494258,5,0,0.04026465,5170.5,784.0
3546,177.325,1403.8604455,580.06125971,5,0,0.0413256,5170.5,784.0
3547,177.375,1403.63632091,580.21627544,5,0,0.04238655,5170.25,784.0
3548,177.425,1403.419212,580.37480185,5,0,0.0434475,5171.25,784.0
3549,177.475,1403.21213457,580.57661298,5,0,0.04450845,5168.25,783.0
3550,177.525,1403.02300678,580.81079665,5,0,0.0455694,5168.5,783.0
3551,177.575,1402.83126187,581.04725508,5,0,0.0464282,5168.5,783.0
3552,177.625,1402.63318529,581.2887611,5,0,0.04729105,5168.25,783.0
3553,177.675,1402.42864643,581.55301179,5,0,0.04076882,5168.25,783.0
3554,177.725,1402.25664307,581.83624326,5,0,0.05193552,5168.25,783.0
3555,177.775,1402.2070738,582.08707705,5,0,0.09287984,5168.0,783.0
3556,177.825,1402.22719905,582.35159366,5,0,0.11127036,5168.25,783.0
3557,177.875,1402.32796151,582.51894731,5,0,0.1586266,5168.25,783.0
3558,177.925,1402.52136849,582.65852904,5,0,0.19079497,5168.75,783.0
3559,177.975,1402.77277661,582.79473279,5,0,0.22103997,5163.0,784.0
3560,178.025,1403.05940911,582.93695631,5,0,0.23650236,5125.25,782.0
3561,178.075,1403.36934308,583.11623674,5,0,0.24741038,5125.25,782.0
3562,178.125,1403.68148769,583.33100726,5,0,0.25539959,5125.25,782.0
3563,178.175,1404.00371259,583.61625058,5,0,0.26327513,5124.5,780.0
3564,178.225,1404.3517471,583.91307869,5,0,0.28241604,5124.5,780.0
3565,178.275,1404.72658458,584.20813988,5,0,0.29380207,5124.25,779.0
3566,178.325,1405.11871594,584.51886804,5,0,0.30709991,5124.0,779.0
3567,178.375,1405.52886636,584.8224331,5,0,0.33567216,5119.5,780.0
3568,178.425,1405.96183668,585.11917098,5,0,0.36137698,5119.25,780.0
3569,178.475,1406.3753735,585.41448415,5,0,0.35770331,5115.25,777.0
3570,178.525,1406.74050046,585.71514928,5,0,0.35716402,5079.75,775.0
3571,178.575,1407.06243862,586.00790867,5,0,0.35811917,5079.5,774.0
3572,178.625,1407.37782713,586.23912,5,0,0.37239946,5079.0,774.0
3573,178.675,1407.75628046,586.47044967,5,0,0.37527385,5077.5,775.0
3574,178.725,1408.1497162,586.72464687,5,0,0.37439078,5074.75,775.0
3575,178.775,1408.5445732,587.02270135,5,0,0.37419477,5074.5,775.0
3576,178.825,1408.95469268,587.36242458,5,0,0.37821288,5074.0,773.0
3577,178.875,1409.39769097,587.71330776,5,0,0.39568921,5073.75,773.0
3578,178.925,1409.8672066,588.06861358,5,0,0.39772483,5072.25,772.0
3579,178.975,1410.39966666,588.46117625,5,0,0.39979549,5062.5,772.0
3580,179.025,1411.02541884,588.81407135,5,0,0.40205763,5029.75,770.0
3581,179.075,1411.64414832,589.12286182,5,0,0.40940557,5029.5,770.0
3582,179.125,1412.2608262,589.42045962,5,0,0.43027382,5029.25,769.0
3583,179.175,1412.88362324,589.53169511,5,0,0.45643412,5028.75,767.0
3584,179.225,1413.53896391,589.73541117,5,0,0.4786201,5029.0,768.0
3585,179.275,1414.34347563,589.95227704,5,0,0.49424846,5029.0,768.0
3586,179.325,1415.17053858,590.17923227,5,0,0.50829913,5025.25,769.0
3587,179.375,1416.02516309,590.4206138,5,0,0.52458071,5023.75,769.0
3588,179.425,1416.9230238,590.69013059,5,0,0.53794275,5020.0,766.0
3589,179.475,1417.8513276,590.98555895,5,0,0.54337524,5002.75,767.0
3590,179.525,1418.81187071,591.31120578,5,0,0.56235031,4983.75,764.0
3591,179.575,1419.80200332,591.64314732,5,0,0.57227862,4983.25,762.0
3592,179.625,1420.81121362,591.9626018,5,0,0.58211789,4982.75,763.0
3593,179.675,1421.82884347,592.29054691,5,0,0.58396511,4979.0,763.0
3594,179.725,1422.85600314,592.59841894,5,0,0.5862462,4978.75,763.0
3595,179.775,1423.89066053,592.91020228,5,0,0.60018366,4978.25,761.0
3596,179.825,1424.94765577,593.20867823,5,0,0.61021683,4977.75,760.0
3597,179.875,1426.03773072,593.51522486,5,0,0.62393988,4973.5,758.0
3598,179.925,1427.13969237,593.8295649,5,0,0.63527837,4972.75,756.0
3599,179.975,1428.24862027,594.14442509,5,0,0.64647074,4932.75,756.0
3600,180.025,1429.37145254,594.47645156,5,0,0.65767295,4932.5,755.0
3601,180.075,1430.50963652,594.82746044,5,0,0.66887646,4931.5,752.0
3602,180.125,1431.65965594,595.1859321,5,0,0.67868151,4931.5,752.0
3603,180.175,1432.81146855,595.54985582,5,0,0.68335804,4931.5,752.0
3604,180.225,1433.95655022,595.9162877,5,0,0.68586008,4931.25,752.0
3605,180.275,1435.07846729,596.30043481,5,0,0.68047049,4926.5,752.0
3606,180.325,1436.1832161,596.70923867,5,0,0.68068642,4922.25,748.0
3607,180.375,1437.28352487,597.11171446,5,0,0.69480802,4921.25,744.0
3608,180.425,1438.37110248,597.47588484,5,0,0.70588525,4885.5,744.0
3609,180.475,1439.43934129,597.78657425,5,0,0.719548,4884.25,742.0
3610,180.525,1440.48953066,598.08441438,5,0,0.72135664,4882.0,744.0
3611,180.575,1441.52660501,598.40206575,5,0,0.72453004,4880.0,742.0
3612,180.625,1442.55889934,598.72970982,5,0,0.73147566,4878.5,738.0
3613,180.675,1443.59160688,599.0542635,5,0,0.75444493,4878.5,739.0
3614,180.725,1444.63781877,599.41061699,5,0,0.7777352,4878.5,739.0
3615,180.775,1445.71200637,599.82109484,5,0,0.80131197,4874.25,737.0
3616,180.825,1446.8064807,600.23179576,5,0,0.82606081,4871.0,739.0
3617,180.875,1447.91566719,600.6254095,5,0,0.85066837,4833.75,738.0
3618,180.925,1449.02481514,601.01781305,5,0,0.87347517,4832.75,736.0
3619,180.975,1450.11469434,601.4166281,5,0,0.88954578,4832.5,736.0
3620,181.025,1451.17554626,601.83578644,5,0,0.91851929,4832.0,734.0
3621,181.075,1452.26426333,602.24131524,5,0,0.94996627,4831.75,733.0
3622,181.125,1453.37912936,602.65471103,5,0,0.97650001,4827.25,734.0
3623,181.175,1454.50665718,603.07251145,5,0,0.99000573,4826.75,734.0
3624,181.225,1455.70647665,603.56666726,5,0,1.00064053,4823.0,732.0
3625,181.275,1456.92417931,604.06798414,5,0,1.01054714,4821.75,730.0
3626,181.325,1458.14181435,604.5786112,5,0,1.02045375,4784.5,727.0
3627,181.375,1459.35140314,605.10145627,5,0,1.03036036,4780.75,728.0
3628,181.425,1460.5738652,605.62784719,5,0,1.04018391,4779.75,728.0
3629,181.475,1461.837667,606.16544766,5,0,1.07716103,4779.25,726.0
3630,181.525,1463.18998101,606.71414739,5,0,1.17622216,4779.25,726.0
3631,181.575,1464.54248247,607.29981475,5,0,1.20554782,4779.0,725.0
3632,181.625,1467.62491597,621.45703734,6,1,2.95533446,4772.75,738.0
3633,181.675,1470.66976434,623.05904747,6,0,2.21708437,4762.25,731.0
3634,181.725,1475.41565812,617.05990286,5,0,3.8500549,4757.0,729.0
3635,181.775,1477.50251675,610.26238519,5,0,1.54140915,4724.5,721.0
3636,181.825,1479.04799689,610.62770018,5,0,1.27812341,4724.0,719.0
3637,181.875,1480.57538459,611.0063306,5,0,1.27242617,4723.5,717.0
3638,181.925,1482.09194019,611.43459019,5,0,1.26672892,4719.75,719.0
3639,181.975,1483.59465599,611.88965401,5,0,1.2558932,4718.75,718.0
3640,182.025,1485.04727958,612.34689796,5,0,1.23081108,4717.75,717.0
3641,182.075,1486.47172926,612.806433,5,0,1.231849,4709.25,712.0
3642,182.125,1487.86949076,613.26882053,5,0,1.23398198,4708.75,712.0
3643,182.175,1489.24451495,613.74662149,5,0,1.24058156,4681.5,711.0
3644,182.225,1490.62307982,614.24284684,5,0,1.26408971,4670.5,707.0
3645,182.275,1492.04404169,614.74491159,5,0,1.30753292,4670.25,707.0
3646,182.325,1493.53040861,615.18700654,5,0,1.34199669,4669.25,704.0
3647,182.375,1495.12253345,615.57976914,5,0,1.44243553,4669.5,704.0
3648,182.425,1496.86567582,616.05009516,5,0,1.62290597,4666.25,705.0
3649,182.475,1498.93213215,616.6020555,5,0,1.95378292,4657.0,704.0
3650,182.525,1501.14624273,617.2756163,5,0,2.10482178,4652.0,700.0
3651,182.575,1503.41806167,617.97820007,5,0,2.15703919,4649.25,701.0
3652,182.625,1505.80686831,618.74062987,5,0,2.25995804,4616.0,695.0
3653,182.675,1508.21207003,619.53772076,5,0,2.25367851,4612.0,694.0
3654,182.725,1510.64782877,620.35610612,5,0,2.24320842,4606.5,692.0
3655,182.775,1513.19255556,621.17282267,5,0,2.3143875,4606.0,691.0
3656,182.825,1515.91713511,622.19164064,5,0,2.46392044,4604.0,693.0
3657,182.875,1524.74604265,623.40015889,4,0,8.54248325,4592.25,671.0
3658,182.925,1527.02794053,609.6933571,3,0,2.04968917,4588.0,664.0
3659,182.975,1527.71859465,609.43257503,3,0,1.1196993,4587.0,664.0
3660,183.025,1528.3529402,609.1870775,3,0,1.08007521,4557.25,661.0
3661,183.075,1528.94695982,608.97953036,3,0,1.05932753,4552.5,661.0
3662,183.125,1529.51358425,608.806195,3,0,1.05810351,4552.5,661.0
3663,183.175,1530.05414346,608.64615741,3,0,1.06194823,4552.25,661.0
3664,183.225,1530.56741851,608.49287854,3,0,1.07006193,4551.75,661.0
3665,183.275,1531.02810226,608.34696407,3,0,1.07909316,4548.5,660.0
3666,183.325,1531.42850723,608.20347358,3,0,1.0881291,4543.5,657.0
3667,183.375,1531.77647615,608.07194095,3,0,1.09716769,4542.75,657.0
3668,183.425,1532.07421379,607.93973422,3,0,1.10296125,4529.25,657.0
3669,183.475,1532.32248631,607.80186026,3,0,1.10607561,4508.25,655.0
3670,183.525,1532.53235305,607.65147231,3,0,1.10931371,4507.5,653.0
3671,183.575,1532.7759099,607.48802019,3,0,1.18210119,4507.0,651.0
3672,183.625,1533.03472639,607.29705633,3,0,1.24685758,4507.0,651.0
3673,183.675,1533.23753929,607.1013681,3,0,1.24603683,4502.0,652.0
3674,183.725,1533.40178889,606.87873535,3,0,1.24532072,4498.25,649.0
3675,183.775,1533.5084003,606.60494229,3,0,1.24568358,4497.25,649.0
3676,183.825,1533.58763621,606.34773251,3,0,1.25245025,4488.5,650.0
3677,183.875,1533.64260725,606.09920983,3,0,1.25863454,4463.5,645.0
3678,183.925,1533.67938102,605.86847172,3,0,1.26273616,4463.25,645.0
3679,183.975,1533.72111044,605.66080084,3,0,1.27329584,4462.75,645.0
3680,184.025,1533.78559062,605.49144966,3,0,1.28784348,4462.25,645.0
3681,184.075,1533.90253664,605.37491193,3,0,1.30240524,4454.75,642.0
3682,184.125,1534.05671041,605.28849524,3,0,1.31617849,4453.25,642.0
3683,184.175,1534.22138212,605.21817519,3,0,1.32396875,4452.5,642.0
3684,184.225,1534.36689812,605.16349475,3,0,1.32691912,4420.75,640.0
3685,184.275,1534.49260819,605.10504428,3,0,1.32469158,4419.0,639.0
3686,184.325,1534.61524277,605.04880085,3,0,1.33406656,4418.5,638.0
3687,184.375,1534.86236502,604.9919013,3,0,1.34302087,4418.25,638.0
3688,184.425,1535.18705438,604.93771948,3,0,1.35142536,4418.0,638.0
3689,184.475,1535.49186504,604.87954343,3,0,1.35658823,4410.25,636.0
3690,184.525,1535.77402736,604.81929634,3,0,1.36111934,4408.75,636.0
3691,184.575,1536.03425377,604.77103411,3,0,1.36565046,4408.5,636.0
3692,184.625,1536.30031544,604.75367402,3,0,1.37180358,4375.5,633.0
3693,184.675,1536.71297204,604.7599812,3,0,1.38211162,4375.5,633.0
3694,184.725,1537.1237364,604.77887889,3,0,1.38880055,4374.75,632.0
3695,184.775,1537.51787759,604.78338843,3,0,1.388007,4374.5,632.0
3696,184.825,1537.89123178,604.75634681,3,0,1.38892377,4368.75,630.0
3697,184.875,1538.19517621,604.85017464,3,0,1.40185221,4366.5,630.0
3698,184.925,1538.36703498,605.35073189,3,0,1.4234881,4366.0,630.0
3699,184.975,1538.38151132,607.47179171,3,0,1.43143221,4364.25,630.0
3700,185.025,1538.12311146,609.79535144,3,0,1.45006022,4331.25,628.0
3701,185.075,1537.60354019,611.52268382,4,0,1.47473931,4331.5,627.0
3702,185.125,1536.76772866,610.79035363,4,0,1.50945725,4331.25,627.0
3703,185.175,1535.87885801,610.09589247,4,0,1.53729155,4330.5,627.0
3704,185.225,1535.76998067,609.50770441,4,0,1.56662126,4323.0,625.0
3705,185.275,1535.85260686,608.95482678,4,0,1.59947418,4322.5,625.0
3706,185.325,1536.02068231,608.45906735,4,0,1.62546976,4321.75,625.0
3707,185.375,1536.25078046,608.06612685,4,0,1.63110311,4295.75,624.0
3708,185.425,1536.57999782,607.69354997,4,0,1.65121205,4286.75,622.0
3709,185.475,1536.939638,607.39434895,4,0,1.66077227,4286.75,622.0
3710,185.525,1537.32397836,607.11657722,4,0,1.66830379,4286.0,621.0
3711,185.575,1537.73351286,606.86582261,4,0,1.67413323,4277.25,617.0
3712,185.625,1538.15384151,606.60460849,4,0,1.69054919,4277.0,617.0
3713,185.675,1538.55859849,606.34417275,4,0,1.70737364,4276.25,617.0
3714,185.725,1538.93046356,606.08524073,4,0,1.71215469,4276.0,617.0
3715,185.775,1539.27357296,605.77461027,4,0,1.7150642,4241.5,614.0
3716,185.825,1539.61210108,605.44843435,4,0,1.71797371,4241.5,614.0
3717,185.875,1539.94999552,605.1335152,4,0,1.72088322,4241.25,613.0
3718,185.925,1540.28754985,604.8293673,4,0,1.72379273,4233.0,611.0
3719,185.975,1540.62166168,604.52766893,4,0,1.72670224,4232.25,611.0
3720,186.025,1540.95624291,604.26963869,4,0,1.72968245,4232.0,611.0
3721,186.075,1541.30979284,604.01626838,4,0,1.73249449,4230.5,611.0
3722,186.125,1541.68290717,603.76391501,4,0,1.73951695,4196.75,608.0
3723,186.175,1542.10300512,603.50558409,4,0,1.77169223,4196.75,608.0
3724,186.225,1542.58014464,603.23160814,4,0,1.81279508,4196.25,608.0
3725,186.275,1543.09743104,602.94557463,4,0,1.83456198,4188.0,605.0
3726,186.325,1543.63384022,602.66601645,4,0,1.85073092,4188.0,603.0
3727,186.375,1544.18313527,602.37329511,4,0,1.86293319,4188.0,603.0
3728,186.425,1544.75400423,602.0801204,4,0,1.87346201,4186.5,603.0
3729,186.475,1545.3370282,601.78836192,4,0,1.87728819,4153.0,599.0
3730,186.525,1545.964538,601.5194493,4,0,1.88004655,4152.5,599.0
3731,186.575,1546.6276945,601.30501086,4,0,1.88001352,4152.5,599.0
3732,186.625,1547.2538742,601.09407333,4,0,1.87841813,4144.5,597.0
3733,186.675,1547.84986933,600.92316633,4,0,1.89247858,4144.0,597.0
3734,186.725,1548.42935859,600.78172972,4,0,1.92298757,4143.0,597.0
3735,186.775,1549.02953407,600.64580848,4,0,1.97106837,4142.0,597.0
3736,186.825,1549.6508658,600.50902525,4,0,2.01248583,4108.25,594.0
3737,186.875,1550.27265692,600.33226607,4,0,2.02651095,4108.0,594.0
3738,186.925,1550.90569646,600.09747921,4,0,2.04772591,4108.5,594.0
3739,186.975,1551.58256245,599.87177609,4,0,2.05539699,4100.25,594.0
3740,187.025,1552.28300201,599.60688526,4,0,2.07258047,4099.5,592.0
3741,187.075,1553.01313072,599.36418751,4,0,2.11469872,4099.25,592.0
3742,187.125,1553.76807954,599.16624842,4,0,2.14893411,4097.75,591.0
3743,187.175,1554.54052019,598.98532831,4,0,2.17485993,4064.25,589.0
3744,187.225,1555.32428475,598.8280688,4,0,2.1994142,4063.75,588.0
3745,187.275,1556.09906865,598.67690211,4,0,2.2239409,4063.25,588.0
3746,187.325,1556.86045445,598.53685252,4,0,2.23084247,4055.25,588.0
3747,187.375,1557.63382291,598.42376214,4,0,2.22977395,4054.25,583.0
3748,187.425,1558.44039919,598.38493591,4,0,2.23303217,4053.75,583.0
3749,187.475,1559.23611239,598.35479295,4,0,2.20541132,4052.5,583.0
3750,187.525,1560.04737927,598.1642,4,0,2.21567208,4018.5,580.0
3751,187.575,1560.90399159,597.93768541,4,0,2.23675493,4018.25,579.0
3752,187.625,1561.74514514,597.732074,4,0,2.24379102,4010.75,579.0
3753,187.675,1562.54937782,597.52750974,4,0,2.2467137,4010.0,579.0
3754,187.725,1563.30872376,597.33586899,4,0,2.24684726,4009.0,577.0
3755,187.775,1564.03414026,597.15714625,4,0,2.25383892,4008.25,577.0
3756,187.825,1564.75030294,596.99079419,4,0,2.27090069,4007.5,577.0
3757,187.875,1565.47155019,596.83059254,4,0,2.28801635,3973.75,574.0
3758,187.925,1566.21058716,596.69860334,4,0,2.30453785,3973.75,574.0
3759,187.975,1566.95931414,596.57029342,4,0,2.32078402,3965.5,571.0
3760,188.025,1567.71884729,596.44417423,4,0,2.33609759,3964.25,571.0
3761,188.075,1568.44941639,596.33479725,4,0,2.31672498,3963.5,571.0
3762,188.125,1569.28315064,596.2889638,4,0,2.28614579,3963.25,571.0
3763,188.175,1570.2363034,596.23974106,4,0,2.34921267,3946.0,571.0
3764,188.225,1571.35457262,596.17645095,4,0,2.49639047,3929.0,568.0
3765,188.275,1572.53382302,596.14051503,4,0,2.54023797,3921.0,567.0
3766,188.325,1573.74199902,596.09650207,4,0,2.55720663,3920.75,567.0
3767,188.375,1574.99303588,596.04914755,4,0,2.57027292,3919.75,566.0
3768,188.425,1576.28536346,596.03823655,4,0,2.58308808,3917.5,565.0
3769,188.475,1577.59509884,596.0728651,4,0,2.58883946,3917.25,565.0
3770,188.525,1578.88775578,596.10931967,4,0,2.59282992,3883.75,563.0
3771,188.575,1580.17824276,596.19344948,4,0,2.60197492,3875.75,562.0
3772,188.625,1581.48365639,596.30645621,4,0,2.61238256,3875.5,562.0
3773,188.675,1582.79138522,596.41969428,4,0,2.63770231,3874.5,560.0
3774,188.725,1584.09542874,596.55612936,4,0,2.65329769,3874.75,560.0
3775,188.775,1585.38207725,596.73336275,4,0,2.65563517,3873.5,558.0
3776,188.825,1586.65674977,596.87650931,4,0,2.66898925,3840.75,556.0
3777,188.875,1588.09751825,597.07972112,4,0,2.84261476,3834.25,557.0
3778,188.925,1589.90100297,597.38503078,4,0,3.19986345,3831.5,554.0
3779,188.975,1591.82038826,597.76663542,4,0,3.30206636,3830.75,550.0
3780,189.025,1593.80131137,598.0690845,4,0,3.36094554,3825.0,550.0
3781,189.075,1595.81051887,598.36572266,4,0,3.39546279,3823.75,550.0
3782,189.125,1597.84283719,598.7049284,4,0,3.41386507,3815.0,548.0
3783,189.175,1599.92803295,599.07821097,4,0,3.41974922,3786.75,544.0
3784,189.225,1602.06624162,599.59334999,4,0,3.42466893,3777.25,542.0
3785,189.275,1604.19926227,600.12505046,4,0,3.42882528,3775.5,540.0
3786,189.325,1606.31168491,600.66399072,4,0,3.4329093,3774.25,540.0
3787,189.375,1613.00784842,603.21405471,4,0,8.08024705,3767.25,538.0
3788,189.425,1621.55158111,606.65228144,4,0,9.87521613,3758.25,536.0
3789,189.475,1633.96948872,613.69583754,4,0,13.66888634,3708.0,536.0
3790,189.525,1649.4540139,611.39588248,3,0,16.44082838,3689.75,523.0
3791,189.575,1652.27957854,610.9477743,3,0,3.97037201,3687.25,514.0
3792,189.625,1654.33503402,610.61920996,3,0,3.27056372,3684.0,503.0
3793,189.675,1656.32455285,610.34829492,3,0,3.26875238,3683.25,502.0
3794,189.725,1658.28032608,610.09181834,3,0,3.29967802,3681.75,502.0
3795,189.775,1660.14242294,609.89173171,3,0,3.26450516,3640.75,499.0
3796,189.825,1661.61443331,609.76173043,3,0,3.1272379,3640.5,499.0
3797,189.875,1662.91222429,609.64384348,3,0,3.09942993,3639.5,499.0
3798,189.925,1664.06556867,609.56401243,3,0,3.1302084,3638.0,496.0
3799,189.975,1665.22961886,609.5043082,3,0,3.16914454,3637.25,494.0
3800,190.025,1666.38858501,609.45475443,3,0,3.18416636,3636.0,494.0
3801,190.075,1667.55335285,609.39472337,3,0,3.193022,3595.5,490.0
3802,190.125,1668.72271884,609.28040015,3,0,3.21968884,3594.5,490.0
3803,190.175,1669.89287271,609.10149212,3,0,3.25412462,3594.0,489.0
3804,190.225,1671.06308511,608.90526574,3,0,3.29109643,3593.5,489.0
3805,190.275,1672.24615907,608.70786857,3,0,3.34391992,3591.5,489.0
3806,190.325,1673.40115072,608.5249744,3,0,3.34293894,3585.25,490.0
3807,190.375,1674.44978069,608.3462577,3,0,3.22750246,3550.75,486.0
3808,190.425,1675.52002673,608.16357889,3,0,3.23528038,3549.5,485.0
3809,190.475,1676.59924643,607.98419107,3,0,3.28577593,3548.75,485.0
3810,190.525,1677.68634678,607.83535847,3,0,3.33706909,3547.75,484.0
3811,190.575,1678.81365278,607.70010337,3,0,3.38059194,3546.25,484.0
3812,190.625,1679.96175885,607.58105097,3,0,3.41729416,3522.75,486.0
3813,190.675,1681.1203511,607.46941743,3,0,3.45249278,3506.0,481.0
3814,190.725,1682.28756846,607.36534933,3,0,3.49286901,3505.0,479.0
3815,190.775,1683.43473265,607.24028327,3,0,3.50551607,3503.5,478.0
3816,190.825,1684.5271463,607.00700432,3,0,3.51725369,3502.75,477.0
3817,190.875,1685.60524723,606.73071819,3,0,3.53946012,3502.5,477.0
3818,190.925,1686.66496079,606.45302222,3,0,3.56680161,3461.25,475.0
3819,190.975,1687.73017045,606.18317215,3,0,3.58690154,3459.5,475.0
3820,191.025,1688.80354277,605.91406464,3,0,3.60704413,3458.5,473.0
3821,191.075,1689.88745819,605.68024578,3,0,3.62082458,3456.5,470.0
3822,191.125,1690.97882537,605.46593253,3,0,3.63216198,3456.75,470.0
3823,191.175,1692.07624865,605.27014441,3,0,3.64525719,3448.25,469.0
3824,191.225,1693.20754973,605.14592472,3,0,3.67894992,3415.0,467.0
3825,191.275,1694.38269047,605.07640951,3,0,3.7191914,3413.75,465.0
3826,191.325,1695.58487571,605.04233288,3,0,3.74296673,3412.5,462.0
3827,191.375,1696.83856143,604.99114615,3,0,3.77106185,3411.25,462.0
3828,191.425,1698.09559986,604.92412158,3,0,3.76935152,3406.25,464.0
3829,191.475,1699.33059716,604.85552004,3,0,3.7625064,3369.5,459.0
3830,191.525,1700.53625876,604.76284298,3,0,3.76996265,3368.25,459.0
3831,191.575,1701.70309518,604.63948542,3,0,3.77497612,3367.5,456.0
3832,191.625,1702.85751206,604.51846444,3,0,3.78396772,3366.75,456.0
3833,191.675,1704.02779555,604.40230356,3,0,3.8099494,3365.5,457.0
3834,191.725,1705.21746215,604.28580909,3,0,3.83836565,3352.75,454.0
3835,191.775,1706.48107387,604.20134034,3,0,3.92038662,3323.75,450.0
3836,191.825,1707.79595373,604.1174682,3,0,3.97451234,3323.25,450.0
3837,191.875,1709.15241406,604.03523042,3,0,4.02860498,3321.75,450.0
3838,191.925,1710.56574997,603.96398935,3,0,4.08975905,3322.0,450.0
3839,191.975,1712.04780908,603.90968234,3,0,4.15979762,3313.5,450.0
3840,192.025,1713.48838425,603.82137681,3,0,4.14736372,3278.75,447.0
3841,192.075,1714.91700943,603.63703027,3,0,4.20618107,3278.25,448.0
3842,192.125,1716.33638716,603.21627524,3,0,4.2682951,3277.5,446.0
3843,192.175,1717.72928268,602.68800041,3,0,4.29009699,3276.5,446.0
3844,192.225,1719.11873195,602.1670756,3,0,4.30555282,3268.5,446.0
3845,192.275,1720.51138215,601.64947136,3,0,4.32054129,3233.75,442.0
3846,192.325,1721.91230543,601.16320207,3,0,4.33550703,3232.25,442.0
3847,192.375,1723.30947235,600.72452559,3,0,4.33997346,3231.25,441.0
3848,192.425,1724.72409536,600.26620348,3,0,4.33998146,3227.0,442.0
3849,192.475,1726.19299953,599.84201567,3,0,4.33998945,3223.0,441.0
3850,192.525,1727.71754132,599.49864407,3,0,4.35813304,3189.5,437.0
3851,192.575,1729.37304249,599.19307087,3,0,4.44746556,3189.0,436.0
3852,192.625,1731.20133308,598.86884066,3,0,4.57786746,3187.5,434.0
3853,192.675,1733.22621992,598.52749926,3,0,4.74228727,3183.0,436.0
3854,192.725,1735.12749909,597.3457646,3,1,4.57087808,3179.5,434.0
3855,192.775,1737.02116125,597.11282122,2,0,4.49128932,3143.75,431.0
3856,192.825,1738.9157843,597.22334647,2,0,4.48629924,3142.75,430.0
3857,192.875,1740.79627777,597.34072078,2,0,4.49819854,3142.25,429.0
3858,192.925,1742.65666895,597.4688332,2,0,4.51547938,3137.0,431.0
3859,192.975,1744.49910976,597.60981102,2,0,4.525752,3133.75,428.0
3860,193.025,1746.32007779,597.75680174,2,0,4.52554547,3098.5,426.0
3861,193.075,1748.12764119,597.91943105,2,0,4.5247911,3098.0,426.0
3862,193.125,1749.91900739,598.08422979,2,0,4.52403674,3096.0,425.0
3863,193.175,1751.66926039,598.25468184,2,0,4.52363682,3093.0,426.0
3864,193.225,1753.37605615,598.44280359,2,0,4.52871861,3088.0,426.0
3865,193.275,1754.87623892,598.54483389,2,0,4.42264774,3052.75,423.0
3866,193.325,1756.11253907,598.50298323,2,0,4.40097555,3052.0,423.0
3867,193.375,1757.30612806,598.39860665,2,0,4.39397532,3048.5,423.0
3868,193.425,1758.56337508,598.18837588,2,0,4.50677157,3046.75,423.0
3869,193.475,1760.02953113,597.99996431,2,0,4.70799723,3045.75,423.0
3870,193.525,1761.93084651,598.81506578,2,0,5.14385775,3010.5,422.0
3871,193.575,1764.48286393,599.69609758,2,0,5.7114092,3008.0,422.0
3872,193.625,1767.26810334,600.01614939,2,0,5.90748463,3001.5,420.0
3873,193.675,1769.67860511,598.55215615,2,0,5.53920698,2998.75,420.0
3874,193.725,1771.67157082,597.11014071,2,0,5.12016461,2973.25,418.0
3875,193.775,1773.34680798,596.94960167,2,0,4.87339877,2964.0,415.0
3876,193.825,1774.970363,597.05431026,2,0,4.89169849,2959.0,416.0
3877,193.875,1776.5694175,597.14015847,2,0,4.90891191,2956.25,416.0
3878,193.925,1778.13673366,597.21345552,2,0,4.90685366,2955.25,414.0
3879,193.975,1779.74955228,597.28051179,2,0,4.97415777,2921.25,412.0
3880,194.025,1781.41574236,597.24906023,2,0,5.04780297,2918.25,412.0
3881,194.075,1783.06967544,597.13850893,2,0,5.04710295,2914.0,411.0
3882,194.125,1785.02113046,597.05616994,2,0,5.23079214,2913.0,410.0
3883,194.175,1787.52999533,597.00721823,2,0,5.75120588,2905.75,410.0
3884,194.225,1790.06628543,596.96680885,2,0,5.78906899,2873.5,408.0
3885,194.275,1792.61161221,596.94648257,2,0,5.80962638,2868.25,408.0
3886,194.325,1795.18291816,596.95848843,2,0,5.82786159,2867.25,407.0
3887,194.375,1797.77961445,596.98987707,2,0,5.84373774,2867.5,407.0
3888,194.425,1800.39671147,597.04496287,2,0,5.85961389,2829.75,406.0
3889,194.475,1802.97254699,597.14244841,2,0,5.87513705,2825.0,406.0
3890,194.525,1805.51835323,597.27291669,2,0,5.91973374,2824.25,406.0
3891,194.575,1808.08225117,597.40445294,2,0,5.99087292,2821.75,403.0
3892,194.625,1810.67867261,597.46377658,2,0,6.07888861,2785.0,401.0
3893,194.675,1813.29800334,597.48152682,2,0,6.1765458,2778.25,402.0
3894,194.725,1815.92752748,597.40257868,2,0,6.23967031,2776.5,402.0
3895,194.775,1818.5677085,597.32151268,2,0,6.28532408,2776.25,402.0
3896,194.825,1821.29478929,597.29156397,2,0,6.40062532,2769.0,402.0
3897,194.875,1824.11108258,597.26121863,2,0,6.52918722,2731.25,401.0
3898,194.925,1826.9134174,597.28138904,2,0,6.55770539,2730.75,401.0
3899,194.975,1829.70599517,597.32325194,2,0,6.5642181,2728.5,401.0
3900,195.025,1832.48882012,597.36541892,2,0,6.57073082,2726.25,400.0
3901,195.075,1835.25313053,597.42441222,2,0,6.57692527,2684.5,399.0
3902,195.125,1838.01609865,597.55688723,2,0,6.58960489,2684.5,399.0
3903,195.175,1840.80765994,597.6947238,2,0,6.62138216,2683.5,398.0
3904,195.225,1843.63253263,597.84266272,2,0,6.65527342,2680.25,397.0
3905,195.275,1846.52951197,598.02174637,2,0,6.73769407,2638.5,395.0
3906,195.325,1849.44120192,598.07509651,2,0,6.75325944,2638.0,396.0
3907,195.375,1852.33258179,598.03643483,2,0,6.71201711,2637.0,396.0
3908,195.425,1855.24294416,598.00859596,2,0,6.74564746,2628.5,394.0
3909,195.475,1858.37818491,597.9996565,2,0,6.98753092,2592.25,395.0
3910,195.525,1861.56047677,597.97498598,2,0,7.04230543,2591.5,394.0
3911,195.575,1864.77436241,597.9505471,2,0,7.08271181,2590.5,393.0
3912,195.625,1868.04396785,597.99072023,2,0,7.12516795,2582.75,391.0
3913,195.675,1871.43434929,598.10057379,2,0,7.20942567,2545.25,391.0
3914,195.725,1874.872849,598.3059915,2,0,7.29317034,2544.75,390.0
3915,195.775,1878.38725566,598.57225048,2,0,7.41314012,2541.5,392.0
3916,195.825,1881.99159329,598.84065508,2,0,7.54685131,2536.0,389.0
3917,195.875,1885.63737816,599.14399767,2,0,7.69602554,2497.25,387.0
3918,195.925,1889.29407249,599.44210435,2,0,7.81573577,2496.0,385.0
3919,195.975,1892.86205101,599.53206111,2,0,7.75837574,2490.0,386.0
3920,196.025,1896.448433,599.57406339,2,0,7.79541174,2466.5,387.0
3921,196.075,1900.09505984,599.61874167,2,0,7.87676435,2451.75,385.0
3922,196.125,1903.82144745,599.70552232,2,0,7.96188679,2447.25,385.0
3923,196.175,1907.59107265,599.81496239,2,0,8.00247961,2443.0,385.0
3924,196.225,1911.39626564,599.93336293,2,0,8.03019856,2405.5,384.0
3925,196.275,1915.23919702,600.07767174,2,0,8.05791584,2404.25,385.0
3926,196.325,1919.12584957,600.27766127,2,0,8.08447244,2397.25,386.0
3927,196.375,1923.04907392,600.53618477,2,0,8.10825366,2396.0,384.0
3928,196.425,1926.97395648,600.84034742,2,0,8.11930464,2359.5,383.0
3929,196.475,1930.88212756,601.19234314,2,0,8.14950978,2352.5,382.0
3930,196.525,1934.81201941,601.56540336,2,0,8.26371088,2350.25,379.0
3931,196.575,1938.93583293,601.95632323,2,0,8.56077771,2321.0,376.0
3932,196.625,1943.31562895,602.3934259,2,0,8.85007342,2305.75,375.0
3933,196.675,1947.85529899,602.82815976,2,0,9.04288288,2304.0,375.0
3934,196.725,1952.54553829,603.90409166,2,0,9.22626581,2302.5,375.0
3935,196.775,1958.61661449,604.29403995,2,0,10.59034775,2265.75,377.0
3936,196.825,1963.66216441,601.46247643,2,0,9.60977874,2262.25,374.0
3937,196.875,1967.9848704,599.23354017,2,0,9.07614166,2261.0,372.0
3938,196.925,1971.98747684,598.20365435,2,0,8.90843757,2220.5,372.0
3939,196.975,1975.84318564,597.188517,2,0,8.81133023,2217.25,370.0
3940,197.025,1979.65685313,596.22055708,2,0,8.81722026,2214.75,369.0
3941,197.075,1983.44801008,595.29829656,2,0,8.85591548,2208.0,366.0
3942,197.125,1987.19342803,594.53385688,2,0,8.873438,2172.0,364.0
3943,197.175,1990.9678092,593.88582288,2,0,8.96337959,2171.0,361.0
3944,197.225,1994.7833364,593.20168625,2,0,9.05045491,2168.0,361.0
3945,197.275,1998.74776647,592.27478948,2,0,9.24816108,2128.25,355.0
3946,197.325,2003.38173133,589.7316761,2,0,9.95014191,2124.75,349.0
3947,197.375,2008.01040681,586.22459377,2,0,10.08943945,2118.5,346.0
3948,197.425,2011.97817695,585.2015239,2,0,9.55733692,2081.25,342.0
3949,197.475,2015.99916859,585.34980254,2,0,9.57964154,2080.75,342.0
3950,197.525,2019.97934763,585.50981283,2,0,9.59956533,2075.25,342.0
3951,197.575,2023.86977406,585.66922364,2,0,9.61948913,2039.0,342.0
3952,197.625,2027.66031553,585.86067642,2,0,9.63736271,2036.75,341.0
3953,197.675,2031.35125822,586.112926,2,0,9.64267925,2033.5,341.0
3954,197.725,2035.14298356,586.42145599,2,0,9.64059178,1996.25,339.0
3955,197.775,2038.90215131,586.76557861,2,0,9.61672267,1992.5,336.0
3956,197.825,2042.48424063,589.84839929,2,0,9.66244406,1990.25,335.0
3957,197.875,2043.39699704,598.68704716,3,0,10.30006811,1953.0,333.0
3958,197.925,2047.21556178,597.70864794,3,0,10.67662117,1948.5,333.0
3959,197.975,2051.10059007,597.19326535,3,0,10.76401274,1948.0,333.0
3960,198.025,2055.1213061,596.74932442,3,0,10.90840464,1908.75,333.0
3961,198.075,2059.27340455,596.34676285,3,0,11.00884423,1906.5,333.0
3962,198.125,2063.61677994,595.85721347,3,0,11.17433906,1904.0,333.0
3963,198.175,2068.14864572,595.45952041,3,0,11.39473322,1864.25,333.0
3964,198.225,2072.92449074,595.19066454,3,0,11.58748854,1861.5,333.0
3965,198.275,2077.86894309,595.07512324,3,0,11.64194249,1821.75,334.0
3966,198.325,2083.07944514,595.08214603,3,0,11.71767336,1818.75,334.0
3967,198.375,2088.44832432,595.21454181,3,0,11.80376938,1815.5,333.0
3968,198.425,2093.7778704,595.40656717,3,0,11.86660304,1775.75,332.0
3969,198.475,2099.1752018,595.6433174,3,0,11.96822272,1772.25,330.0
3970,198.525,2105.22295583,595.88188674,3,0,12.65893455,1765.75,328.0
3971,198.575,2111.63425768,595.85695667,3,0,13.09067014,1729.25,328.0
3972,198.625,2118.35160576,595.41175393,3,0,13.46210719,1721.75,328.0
3973,198.675,2125.08112176,595.0463502,3,0,13.5105901,1685.0,327.0
3974,198.725,2131.97364956,594.65260849,3,0,13.67836013,1678.75,328.0
3975,198.775,2138.92479906,594.26673877,3,0,13.81344113,1676.75,328.0
3976,198.825,2145.95385404,593.97166475,3,0,13.93811573,1634.75,328.0
3977,198.875,2153.14528451,593.74875322,3,0,14.08977659,1631.75,328.0
3978,198.925,2161.12831969,593.79097931,3,0,14.90483309,1589.0,330.0
3979,198.975,2169.4316429,593.83905364,3,0,15.2477525,1586.75,328.0
3980,199.025,2178.07868499,593.84355646,3,0,15.58715226,1552.75,329.0
3981,199.075,2186.96924112,593.92350509,3,0,15.85878206,1541.0,326.0
3982,199.125,2195.98525886,594.01828078,3,0,16.09117353,1533.25,323.0
3983,199.175,2205.15974953,594.13107033,3,0,16.35821562,1491.0,320.0
3984,199.225,2214.44766612,593.85381861,3,0,16.57497291,1488.5,318.0
3985,199.275,2223.70476407,593.39848575,3,0,16.69488222,1445.75,316.0
3986,199.325,2232.71950713,593.13744687,3,0,16.64861473,1441.0,317.0
3987,199.375,2241.71742389,592.94882824,3,0,16.68270758,1400.5,314.0
3988,199.425,2251.21416223,592.90967069,3,0,17.16879318,1394.5,314.0
3989,199.475,2261.84833044,592.9792708,3,0,18.30000767,1357.25,313.0
3990,199.525,2272.97004578,593.10154334,3,0,18.77547381,1351.0,314.0
3991,199.575,2284.4247027,593.30554858,3,0,19.09331986,1308.25,313.0
3992,199.625,2296.97673333,598.67293755,4,1,20.14108257,1300.75,321.0
3993,199.675,2318.05172545,610.40119812,4,0,28.36991286,1245.75,320.0
3994,199.725,2335.33614714,613.11705051,4,0,24.03855099,1231.5,314.0
3995,199.775,2353.16209803,615.81983387,4,0,24.54401559,1193.75,308.0
3996,199.825,2371.39770256,618.29469403,4,0,24.92402537,1173.5,303.0
3997,199.875,2390.5110581,620.15867427,4,0,25.76551066,1135.25,298.0
3998,199.925,2411.04556409,621.82927297,4,0,27.22029871,1087.25,297.0
3999,199.975,2432.48063617,623.68168681,4,0,28.12583502,1072.75,298.0
4000,200.025,2456.64753458,626.45298778,4,0,30.79970787,1024.25,280.0
4001,200.075,2483.15257058,630.58318846,4,0,33.04271142,999.75,283.0
4002,200.125,2508.01412139,615.19195304,3,0,31.93717093,961.5,286.0
4003,200.175,2536.64712651,617.61021618,3,0,35.83023528,905.5,288.0
4004,200.225,2571.08738459,622.03381681,3,0,41.5851735,854.25,298.0
4005,200.275,2617.42916765,618.74374444,3,0,53.29417486,842.75,306.0
4006,200.325,2637.5045456,616.41546297,3,0,27.25772768,806.0,301.0
4007,200.375,2657.98258443,614.28952423,3,0,27.8974889,763.0,293.0
4008,200.425,2679.0887315,612.22801203,3,0,28.79828324,721.5,285.0
4009,200.475,2700.08669747,610.14836965,3,0,28.93037677,693.25,277.0
4010,200.525,2723.15089521,606.89026865,3,0,31.15091877,667.5,272.0
4011,200.575,2748.91965552,602.93236431,3,0,34.09857515,626.0,266.0
4012,200.625,2775.40745785,598.96430639,3,0,34.78207551,576.25,252.0
4013,200.675,2803.70625468,595.04143098,3,0,36.77073255,536.5,242.0
4014,200.725,2834.40246721,591.22735098,3,0,39.35533889,489.75,236.0
4015,200.775,2872.24499849,587.37960749,3,0,46.69480592,429.25,226.0
4016,200.825,2912.44328891,583.31670641,3,0,49.22353901,385.25,204.0
4017,200.875,2955.09423784,579.07485531,3,0,51.87084152,324.0,183.0
4018,200.925,3010.39423599,571.97527455,3,0,64.73775655,257.0,174.0
4019,200.975,3102.88700725,563.5402903,3,0,102.29971671,144.0,157.0
4020,201.025,3202.61311573,491.34955391,3,0,110.13183387,37.0,74.0
4021,201.075,3190.30761491,491.25998805,3,0,2.22177896,30.75,48.0
4022,201.125,3175.46790118,491.17419236,3,0,0.05781261,30.75,48.0
4023,201.175,3160.23688475,491.01676256,3,0,0.0,30.75,48.0
4024,201.225,3144.76699788,490.64924235,3,0,0.0,30.75,48.0
4025,201.275,3129.23324821,490.3022812,3,0,0.0,30.75,48.0
4026,201.325,3113.65356662,489.97174558,3,0,0.0,30.75,48.0
4027,201.375,3098.01341993,489.71551052,3,0,0.0,30.75,48.0
4028,201.425,3082.3152019,489.52019011,3,0,0.0,30.75,48.0
4029,201.475,3066.54007062,489.32004779,3,0,0.0,30.75,48.0
4030,201.525,3050.65659608,489.13611109,3,0,0.0,30.75,48.0
4031,201.575,3034.77318782,488.96189415,3,0,0.0,30.75,48.0
4032,201.625,3018.78126274,488.90233945,3,0,0.0,30.75,48.0
4033,201.675,3002.5700537,488.8460108,3,0,0.0,30.75,48.0
4034,201.725,2986.18425419,488.79786905,3,0,0.0,30.75,48.0
4035,201.775,2969.64867629,488.75643546,3,0,0.0,30.75,48.0
4036,201.825,2952.82301979,488.55205784,3,0,0.0,30.75,48.0
4037,201.875,2935.38206896,488.17282247,3,0,0.01012714,30.25,47.0
4038,201.925,2917.79557832,487.78434255,3,0,0.01029114,30.0,46.0
4039,201.975,2900.20914669,487.4225642,3,0,0.01045514,30.0,46.0
4040,202.025,2882.64597271,487.1133764,3,0,0.01061914,30.0,46.0
4041,202.075,2865.08568921,486.86377241,3,0,0.01078314,30.0,46.0
4042,202.125,2847.52146644,486.62777399,3,0,0.01094714,29.75,47.0
4043,202.175,2829.94957966,486.46691678,3,0,0.01111114,29.75,47.0
4044,202.225,2812.26263336,486.3320921,3,0,0.01127514,29.5,47.0
4045,202.275,2794.4509453,486.20846117,3,0,0.01143914,29.75,47.0
4046,202.325,2776.50514258,486.09511503,3,0,0.01160314,29.0,44.0
4047,202.375,2758.39820695,486.0013381,3,0,0.01176715,29.0,44.0
4048,202.425,2740.0974246,485.91675939,3,0,0.01383371,29.0,44.0
4049,202.475,2721.69578473,485.56470497,3,0,0.02393048,29.0,44.0
4050,202.525,2702.76179813,485.07381402,3,0,0.02221412,29.0,44.0
4051,202.575,2683.50016749,484.69583532,3,0,0.02049776,28.75,44.0
4052,202.625,2663.9617708,484.28291943,3,0,0.0187099,28.75,44.0
4053,202.675,2644.13316265,483.91675813,3,0,0.01663021,28.25,41.0
4054,202.725,2624.1360888,483.65687757,3,0,0.01454014,28.25,41.0
4055,202.775,2604.08681453,483.39716258,3,0,0.01245007,28.0,39.0
4056,202.825,2583.99824471,483.17081953,3,0,0.01057116,28.0,39.0
4057,202.875,2563.877555,483.02786351,3,0,0.01009029,28.0,39.0
4058,202.925,2543.66840643,483.02988479,3,0,0.0,28.0,39.0
4059,202.975,2523.29582626,483.05116581,3,0,0.0,28.0,39.0
4060,203.025,2502.40503193,483.135117,3,0,0.0,28.0,39.0
4061,203.075,2480.89296549,483.32676323,3,0,0.0,28.0,39.0
4062,203.125,2459.03186657,483.32174571,3,0,0.0,28.0,39.0
4063,203.175,2436.58648961,483.01840476,3,0,0.0,28.0,39.0
4064,203.225,2413.89442165,482.71633229,3,0,0.0,28.0,39.0
4065,203.275,2390.99028725,482.41584061,3,0,0.0,28.0,39.0
4066,203.325,2367.90144004,482.18641116,3,0,0.0,28.0,39.0
4067,203.375,2344.70208001,481.97638534,3,0,0.0,28.0,39.0
4068,203.425,2321.36665286,481.76645553,3,0,0.0,28.0,39.0
4069,203.475,2297.93985598,481.56078356,3,0,0.0,28.0,39.0
4070,203.525,2274.4013801,481.40998776,3,0,0.0,28.0,39.0
4071,203.575,2250.59044196,481.37493363,3,0,0.0,28.0,39.0
4072,203.625,2226.1267355,481.42493395,3,0,0.01003682,27.5,38.0
4073,203.675,2200.92225708,481.47697807,3,0,0.01026067,27.25,37.0
4074,203.725,2174.82666724,481.65025412,3,0,0.01048452,27.25,37.0
4075,203.775,2147.76705968,481.66952503,3,0,0.01070836,27.0,38.0
4076,203.825,2120.22327224,481.18671295,3,0,0.01093221,26.5,38.0
4077,203.875,2092.33129297,480.71307335,3,0,0.01119221,26.75,38.0
4078,203.925,2063.84695404,480.27251091,3,0,0.0119285,26.5,38.0
4079,203.975,2033.97868382,480.01901764,3,0,0.0127092,26.5,38.0
4080,204.025,2003.91342328,479.88319796,3,0,0.0134899,26.5,38.0
4081,204.075,1974.46841861,479.8551302,3,0,0.01427061,26.25,37.0
4082,204.125,1944.88076029,479.95801132,3,0,0.01505131,26.0,36.0
4083,204.175,1914.53361181,480.42913045,3,0,0.0158713,25.75,37.0
4084,204.225,1883.13850609,485.19218227,3,0,0.0174941,25.5,37.0
4085,204.275,1847.76158331,491.601376,4,0,0.01947843,25.5,37.0
4086,204.325,1810.70411585,489.99458081,4,0,0.02127896,25.5,37.0
4087,204.375,1775.43110422,489.14539102,4,0,0.02153575,25.5,37.0
4088,204.425,1738.92753677,488.45836035,4,0,0.02073065,25.0,36.0
4089,204.475,1699.81784229,487.21626347,4,0,0.01992554,24.75,35.0
4090,204.525,1658.97808131,486.25348081,4,0,0.01912044,24.5,36.0
4091,204.575,1614.27636625,485.33326081,4,0,0.01831533,24.25,36.0
4092,204.625,1568.19488133,484.44485614,4,0,0.01751022,24.25,36.0
4093,204.675,1520.94943375,483.95161599,4,0,0.01670512,24.0,36.0
4094,204.725,1470.75801198,483.75091919,4,0,0.01590001,24.0,36.0
4095,204.775,1413.18277598,484.13575467,4,0,0.0150949,24.0,36.0
4096,204.825,1350.43677435,483.99078078,4,0,0.0142898,23.75,35.0
4097,204.875,1281.00422233,483.61973397,4,0,0.01348469,23.75,35.0
4098,204.925,1197.61465489,483.91015311,4,0,0.01267959,23.5,36.0
4099,204.975,1074.8690496,487.15270566,4,0,0.01187448,23.5,36.0
4100,205.025,925.05749487,417.00142547,4,0,0.01306371,23.5,36.0
4101,205.075,915.18755764,416.15749334,4,0,0.0219261,22.75,34.0
4102,205.125,907.66737276,415.57206395,4,0,0.02803206,22.75,34.0
4103,205.175,900.69091645,414.97382428,4,0,0.02704919,22.75,34.0
4104,205.225,894.19688751,414.40007278,4,0,0.0259788,22.75,34.0
4105,205.275,888.1516867,413.82948415,4,0,0.02490841,22.5,34.0
4106,205.325,882.54669435,413.26571778,4,0,0.02383802,22.0,33.0
4107,205.375,877.21218467,412.72393989,4,0,0.02251974,22.0,33.0
4108,205.425,872.09656832,412.20464952,4,0,0.02046577,21.75,32.0
4109,205.475,867.12288242,411.7103789,4,0,0.0183619,21.25,30.0
4110,205.525,862.26444444,411.2345703,4,0,0.01625804,21.25,30.0
4111,205.575,857.53896517,410.75440689,4,0,0.01415418,21.25,30.0
4112,205.625,853.03515931,410.27706764,4,0,0.01252638,21.25,30.0
4113,205.675,848.93621837,409.80335774,4,0,0.01300004,21.25,30.0
4114,205.725,845.32919625,409.33880853,4,0,0.01388773,21.0,30.0
4115,205.775,842.3549588,408.90163979,4,0,0.01477542,21.0,30.0
4116,205.825,839.56803094,408.46704685,4,0,0.01566311,20.5,29.0
4117,205.875,836.89159083,408.03366493,4,0,0.0165508,20.5,29.0
4118,205.925,834.33314021,407.6078124,4,0,0.01743849,20.5,29.0
4119,205.975,831.86685987,407.20556324,4,0,0.01832619,20.5,29.0
4120,206.025,829.47571392,406.81685654,4,0,0.01921388,20.5,29.0
4121,206.075,827.12707346,406.43493714,4,0,0.02010157,20.5,29.0
4122,206.125,824.81172091,406.06467837,4,0,0.02092622,20.25,30.0
4123,206.175,822.53503502,405.7014482,4,0,0.02125515,19.75,28.0
4124,206.225,820.29771761,405.34028765,4,0,0.02160372,19.75,28.0
4125,206.275,818.1047459,404.98412952,4,0,0.02137255,19.75,28.0
4126,206.325,816.05484392,404.62420766,4,0,0.02088436,19.25,27.0
4127,206.375,814.14648858,404.25692158,4,0,0.02039617,19.25,27.0
4128,206.425,812.36252886,403.8646401,4,0,0.01990798,19.25,27.0
4129,206.475,810.64840895,403.37869729,4,0,0.01941979,18.75,27.0
4130,206.525,808.99675976,402.88021335,4,0,0.0189316,18.75,27.0
4131,206.575,807.42404461,402.38076048,4,0,0.01847635,19.0,27.0
4132,206.625,805.92589787,401.88300026,4,0,0.02157015,18.75,27.0
4133,206.675,804.49954082,401.38711304,4,0,0.02242461,18.5,26.0
4134,206.725,803.12047705,400.91354124,4,0,0.02327484,18.5,26.0
4135,206.775,801.78673685,400.46440501,4,0,0.02412507,18.5,26.0
4136,206.825,800.50576996,400.01648122,4,0,0.0249753,18.0,25.0
4137,206.875,799.27203094,399.56892562,4,0,0.02582552,17.5,25.0
4138,206.925,798.10449357,399.1252829,4,0,0.02655038,17.25,24.0
4139,206.975,796.99438183,398.68376868,4,0,0.02596689,17.25,24.0
4140,207.025,795.9307331,398.14134638,4,0,0.02512352,17.25,24.0
4141,207.075,794.83623794,397.51000667,4,0,0.02428015,17.0,23.0
4142,207.125,793.68413842,396.81190455,4,0,0.02451416,16.75,23.0
4143,207.175,792.47640005,395.59709345,4,0,0.02554402,16.5,24.0
4144,207.225,791.44329081,393.77330588,4,0,0.02591346,16.0,24.0
4145,207.275,790.79407834,392.10497867,3,0,0.02628295,16.0,24.0
4146,207.325,790.33501343,392.09627498,3,0,0.02659285,15.75,22.0
4147,207.375,789.9497589,392.08921382,3,0,0.02646031,15.5,21.0
4148,207.425,789.64593277,392.08340045,3,0,0.02632749,15.5,21.0
4149,207.475,789.40131983,392.08028278,3,0,0.02619468,15.5,21.0
4150,207.525,789.20642871,392.07692779,3,0,0.02606186,15.25,22.0
4151,207.575,789.05373016,392.07551658,3,0,0.02592905,15.0,21.0
4152,207.625,788.93047591,392.07531394,3,0,0.02579623,15.0,21.0
4153,207.675,788.82417613,392.07388204,3,0,0.02566342,14.75,20.0
4154,207.725,788.72465996,392.03374618,3,0,0.0255306,14.75,20.0
4155,207.775,788.63487552,391.97229272,3,0,0.02539779,14.5,20.0
4156,207.825,788.55536572,391.91108665,3,0,0.02526497,14.5,20.0
4157,207.875,788.48494529,391.84991881,3,0,0.02513216,14.0,20.0
4158,207.925,788.42188407,391.78889533,3,0,0.02499934,13.75,19.0
4159,207.975,788.36461977,391.72918381,3,0,0.02486653,13.75,19.0
4160,208.025,788.28008751,391.66998022,3,0,0.02473371,13.75,19.0
4161,208.075,788.17761977,391.60927346,3,0,0.0246009,13.75,19.0
4162,208.125,788.07146802,391.5809448,3,0,0.02446808,13.75,19.0
4163,208.175,787.98596275,391.56613686,3,0,0.02465731,13.25,20.0
4164,208.225,787.91339986,391.55491956,3,0,0.02734129,13.0,20.0
4165,208.275,787.85501251,391.54529851,3,0,0.02661966,12.5,19.0
4166,208.325,787.81729951,391.53392031,3,0,0.03226207,12.5,19.0
4167,208.375,787.79744242,391.52780737,3,0,0.03180827,12.5,19.0
4168,208.425,787.79250807,391.52513483,3,0,0.03135425,12.5,19.0
4169,208.475,787.80151228,391.52258294,3,0,0.03090023,12.5,19.0
4170,208.525,787.8230097,391.52009034,3,0,0.03044621,11.75,19.0
4171,208.575,787.85247542,391.51746425,3,0,0.02999219,11.5,19.0
4172,208.625,787.86423773,391.51530729,3,0,0.02953817,11.25,18.0
4173,208.675,787.84341123,391.51595244,3,0,0.02908415,11.25,18.0
4174,208.725,787.81818412,391.51933276,3,0,0.02863013,11.0,18.0
4175,208.775,787.79053786,391.52415593,3,0,0.02817611,10.75,17.0
4176,208.825,787.75950092,391.5297667,3,0,0.02796006,10.75,17.0
4177,208.875,787.72956107,391.53476659,3,0,0.03129658,10.5,18.0
4178,208.925,787.70134093,391.54059268,3,0,0.03401798,10.25,18.0
4179,208.975,787.67443813,391.54431108,3,0,0.03535544,10.0,17.0
4180,209.025,787.64652716,391.5512647,3,0,0.0365488,9.25,17.0
4181,209.075,787.61432071,391.55986026,3,0,0.0370672,9.25,17.0
4182,209.125,787.57550528,391.55795487,3,0,0.03744769,9.0,16.0
4183,209.175,787.52366061,391.55281121,3,0,0.03782819,8.75,17.0
4184,209.225,787.45627597,391.54596975,3,0,0.03820869,8.5,16.0
4185,209.275,787.37459877,391.53765395,3,0,0.03858918,8.0,16.0
4186,209.325,787.28992449,391.53233845,3,0,0.03896968,8.0,16.0
4187,209.375,787.20622414,391.52704347,3,0,0.03935018,7.75,14.0
4188,209.425,787.12543002,391.52300541,3,0,0.039881,7.75,14.0
4189,209.475,787.0484762,391.51924252,3,0,0.04082929,7.75,14.0
4190,209.525,786.97565033,391.51618866,3,0,0.04181417,7.25,15.0
4191,209.575,786.90620387,391.51111588,3,0,0.04128007,6.75,14.0
4192,209.625,786.82843304,391.5029308,3,0,0.02941571,6.5,13.0
4193,209.675,786.74952055,391.47696363,3,0,0.02985614,6.5,13.0
4194,209.725,786.66540355,391.44965497,3,0,0.03220388,6.5,13.0
4195,209.775,786.57424775,391.42447155,3,0,0.03331969,6.5,13.0
4196,209.825,786.48627365,391.40202998,3,0,0.0344355,6.5,13.0
4197,209.875,786.40191371,391.38182998,3,0,0.03555131,5.75,12.0
4198,209.925,786.31641766,391.37336862,3,0,0.03666711,5.5,12.0
4199,209.975,786.22371363,391.36158371,3,0,0.03778292,5.25,12.0
4200,210.025,786.12476868,391.35001289,3,0,0.03889873,5.25,12.0
4201,210.075,786.02057544,391.34174802,3,0,0.03947548,5.0,11.0
4202,210.125,785.91321234,391.33493756,3,0,0.03800992,4.75,10.0
4203,210.175,785.80684339,391.33419751,3,0,0.03824922,4.5,11.0
4204,210.225,785.70712098,391.33401468,3,0,0.04018564,4.5,11.0
4205,210.275,785.61517587,391.32120197,3,0,0.04210301,4.5,11.0
4206,210.325,785.53206834,391.2993074,3,0,0.04402039,4.0,11.0
4207,210.375,785.45016175,391.25113676,3,0,0.04593776,3.75,10.0
4208,210.425,785.36615698,391.20328327,3,0,0.04786658,3.75,10.0
4209,210.475,785.27897895,391.15680318,3,0,0.04787645,3.25,10.0
4210,210.525,785.18545848,391.11043791,3,0,0.04675913,3.0,10.0
4211,210.575,785.07691668,391.06961652,3,0,0.04564181,2.75,10.0
4212,210.625,785.00310263,391.04426312,3,0,0.04452449,2.75,10.0
4213,210.675,784.93512693,391.04404224,3,0,0.04340718,2.5,8.0
4214,210.725,784.86873649,391.04789249,3,0,0.04228986,2.75,10.0
4215,210.775,784.80593567,391.05509119,3,0,0.04117254,2.25,9.0
4216,210.825,784.74722096,391.06266544,3,0,0.04005522,2.25,9.0
4217,210.875,784.68565083,391.06611692,3,0,0.03197491,2.0,8.0
4218,210.925,784.62304752,391.05766357,3,0,0.02735677,1.75,7.0
4219,210.975,784.55926992,391.04627424,3,0,0.02612707,1.5,7.0
4220,211.025,784.49753786,391.03987352,3,0,0.02706508,1.5,7.0
4221,211.075,784.43664984,391.03476202,3,0,0.02851269,1.5,7.0
4222,211.125,784.37482877,391.0303663,3,0,0.02900595,1.5,7.0
4223,211.175,784.31139836,391.02773658,3,0,0.02933782,1.0,6.0
4224,211.225,784.24759421,391.02510548,3,0,0.02966969,0.75,4.0
4225,211.275,784.17800486,391.02253909,3,0,0.03000156,0.5,3.0
4226,211.325,784.10700049,391.02360426,3,0,0.03033343,0.25,2.0
4227,211.375,784.04735667,391.02748829,3,0,0.0306653,0.0,0.0
4228,211.425,783.99948772,391.02941184,3,0,0.03099717,0.0,0.0
4229,211.475,783.94857246,391.0044224,3,0,0.02410774,0.0,0.0
4230,211.525,783.83809806,390.93272717,3,0,0.0,0.0,0.0
4231,211.575,783.70030913,390.837697,3,0,0.0,0.0,0.0
4232,211.625,783.55838382,390.74028593,3,0,0.0,0.0,0.0
4233,211.675,783.40029765,390.60800565,3,0,0.0,0.0,0.0
4234,211.725,783.20521017,390.46497754,3,0,0.0,0.0,0.0
4235,211.775,782.98494623,390.32704873,3,0,0.0,0.0,0.0
4236,211.825,782.75027809,390.18772391,3,0,0.0,0.0,0.0
4237,211.875,782.50384113,390.0546318,3,0,0.0,0.0,0.0
4238,211.925,782.24266446,389.92216801,3,0,0.0,0.0,0.0
4239,211.975,781.9659522,389.78920789,3,0,0.0,0.0,0.0
4240,212.025,781.67322111,389.65726987,3,0,0.0,0.0,0.0
4241,212.075,781.36504297,389.52552532,3,0,0.0,0.0,0.0
4242,212.125,781.04156548,389.39379139,3,0,0.0,0.0,0.0
4243,212.175,780.70275496,389.26144844,3,0,0.0,0.0,0.0
4244,212.225,780.34404268,389.12624721,3,0,0.0,0.0,0.0
4245,212.275,779.93690773,388.93360626,3,0,0.0,0.0,0.0
4246,212.325,779.4828343,388.68378629,3,0,0.0,0.0,0.0
4247,212.375,779.00961853,388.4175774,3,0,0.0,0.0,0.0
4248,212.425,778.52046447,388.15047564,3,0,0.0,0.0,0.0
4249,212.475,778.01535103,387.88343429,3,0,0.0,0.0,0.0
4250,212.525,777.49639786,387.63359725,3,0,0.0,0.0,0.0
4251,212.575,776.96371555,387.41981773,3,0,0.0,0.0,0.0
4252,212.625,776.42278798,387.20478908,3,0,0.0,0.0,0.0
4253,212.675,775.88147536,386.99263394,3,0,0.0,0.0,0.0
4254,212.725,775.33562912,386.78713796,3,0,0.0,0.0,0.0
4255,212.775,774.78399026,386.58173468,3,0,0.0,0.0,0.0
4256,212.825,774.22675957,386.3763314,3,0,0.0,0.0,0.0
4257,212.875,773.66309991,386.15702638,3,0,0.0,0.0,0.0
4258,212.925,773.08198856,385.90969781,3,0,0.0,0.0,0.0
4259,212.975,772.49022475,385.6226009,3,0,0.0,0.0,0.0
4260,213.025,771.90038317,385.31557196,3,0,0.0,0.0,0.0
4261,213.075,771.31281219,385.00858056,3,0,0.0,0.0,0.0
4262,213.125,770.72752561,384.7015939,3,0,0.0,0.0,0.0
4263,213.175,770.14442368,384.39468527,3,0,0.0,0.0,0.0
4264,213.225,769.56354277,384.08817268,3,0,0.0,0.0,0.0
4265,213.275,768.98505359,383.81112606,3,0,0.0,0.0,0.0
4266,213.325,768.4083389,383.56268583,3,0,0.0,0.0,0.0
4267,213.375,767.83003769,383.32619229,3,0,0.0,0.0,0.0
4268,213.425,767.24717957,383.09771217,3,0,0.0,0.0,0.0
4269,213.475,766.64856726,382.87208968,3,0,0.0,0.0,0.0
4270,213.525,766.03615643,382.61433459,3,0,0.0,0.0,0.0
4271,213.575,765.41184184,382.30337513,3,0,0.0,0.0,0.0
4272,213.625,764.77932451,381.93941268,3,0,0.0,0.0,0.0
4273,213.675,764.13442328,381.57450185,3,0,0.0,0.0,0.0
4274,213.725,763.48362187,381.22440218,3,0,0.0,0.0,0.0
4275,213.775,762.83548085,380.87763165,3,0,0.0,0.0,0.0
4276,213.825,762.19124613,380.59528664,3,0,0.0,0.0,0.0
4277,213.875,761.54806908,380.31613873,3,0,0.0,0.0,0.0
4278,213.925,760.89685518,380.06045814,3,0,0.0,0.0,0.0
4279,213.975,760.23679307,379.80583179,3,0,0.0,0.0,0.0
4280,214.025,759.57023377,379.5512533,3,0,0.0,0.0,0.0
4281,214.075,758.89743125,379.29670171,3,0,0.0,0.0,0.0
4282,214.125,758.21891362,379.04218193,3,0,0.0,0.0,0.0
4283,214.175,757.53422292,378.72493232,3,0,0.0,0.0,0.0
4284,214.225,756.83431773,378.34438752,3,0,0.0,0.0,0.0
4285,214.275,756.14223567,377.97630822,3,0,0.0,0.0,0.0
4286,214.325,755.45799608,377.61039325,3,0,0.0,0.0,0.0
4287,214.375,754.76780227,377.24381682,3,0,0.0,0.0,0.0
4288,214.425,754.06656008,376.87661715,3,0,0.0,0.0,0.0
4289,214.475,753.36518523,376.51035796,3,0,0.0,0.0,0.0
4290,214.525,752.66749733,376.15383154,3,0,0.0,0.0,0.0
4291,214.575,751.97792846,375.79941955,3,0,0.0,0.0,0.0
4292,214.625,751.29917218,375.44513684,3,0,0.0,0.0,0.0
4293,214.675,750.63198128,375.09085165,3,0,0.0,0.0,0.0
4294,214.725,749.97749092,374.7371145,3,0,0.0,0.0,0.0
4295,214.775,749.33854711,374.3858771,3,0,0.0,0.0,0.0
4296,214.825,748.7191539,374.05695178,3,0,0.0,0.0,0.0
4297,214.875,748.10276854,373.7593355,3,0,0.0,0.0,0.0
4298,214.925,747.47913296,373.46499231,3,0,0.0,0.0,0.0
4299,214.975,746.84718539,373.17071557,3,0,0.0,0.0,0.0
4300,215.025,746.20883616,372.82953799,3,0,0.0,0.0,0.0
4301,215.075,745.55405024,372.48594784,3,0,0.0,0.0,0.0
4302,215.125,744.8952716,372.13103295,3,0,0.0,0.0,0.0
4303,215.175,744.23866914,371.77862538,3,0,0.0,0.0,0.0
4304,215.225,743.58346541,371.42621781,3,0,0.0,0.0,0.0
4305,215.275,742.92925598,371.08619815,3,0,0.0,0.0,0.0
4306,215.325,742.27695523,370.79397476,3,0,0.0,0.0,0.0
4307,215.375,741.62749809,370.50175137,3,0,0.0,0.0,0.0
4308,215.425,740.97927997,370.20284137,3,0,0.0,0.0,0.0
4309,215.475,740.32429521,369.90326106,3,0,0.0,0.0,0.0
4310,215.525,739.65973027,369.60883727,3,0,0.0,0.0,0.0
4311,215.575,738.98164584,369.31604855,3,0,0.0,0.0,0.0
4312,215.625,738.29663517,369.01998344,3,0,0.0,0.0,0.0
4313,215.675,737.60198402,368.73376481,3,0,0.0,0.0,0.0
4314,215.725,736.89203662,368.45078103,3,0,0.0,0.0,0.0
4315,215.775,736.18521021,368.16497488,3,0,0.0,0.0,0.0
4316,215.825,735.48039057,367.87919205,3,0,0.0,0.0,0.0
4317,215.875,734.77717143,367.59422351,3,0,0.0,0.0,0.0
4318,215.925,734.07500594,367.30904216,3,0,0.0,0.0,0.0
4319,215.975,733.37380342,367.02404088,3,0,0.0,0.0,0.0
4320,216.025,732.67484721,366.73982369,3,0,0.0,0.0,0.0
4321,216.075,731.97835129,366.4556281,3,0,0.0,0.0,0.0
4322,216.125,731.28046473,366.16226542,3,0,0.0,0.0,0.0
4323,216.175,730.5855973,365.85841932,3,0,0.0,0.0,0.0
4324,216.225,729.89174377,365.55304477,3,0,0.0,0.0,0.0
4325,216.275,729.17627892,365.21254621,3,0,0.0,0.0,0.0
4326,216.325,728.43195215,364.86997914,3,0,0.0,0.0,0.0
4327,216.375,727.67464858,364.54118692,3,0,0.0,0.0,0.0
4328,216.425,726.91510462,364.22158926,3,0,0.0,0.0,0.0
4329,216.475,726.15798774,363.90283293,3,0,0.0,0.0,0.0
4330,216.525,725.40295671,363.58392156,3,0,0.0,0.0,0.0
4331,216.575,724.64953857,363.26877804,3,0,0.0,0.0,0.0
4332,216.625,723.89604761,362.96264818,3,0,0.0,0.0,0.0
4333,216.675,723.14163613,362.65712773,3,0,0.0,0.0,0.0
4334,216.725,722.38438029,362.35112216,3,0,0.0,0.0,0.0
4335,216.775,721.62592376,362.03583359,3,0,0.0,0.0,0.0
4336,216.825,720.8677167,361.71511996,3,0,0.0,0.0,0.0
4337,216.875,720.10660845,361.36350425,3,0,0.0,0.0,0.0
4338,216.925,719.34053076,361.02181596,3,0,0.0,0.0,0.0
4339,216.975,718.56958838,360.68724776,3,0,0.0,0.0,0.0
4340,217.025,717.79916438,360.35341598,3,0,0.0,0.0,0.0
4341,217.075,717.02910642,360.0210243,3,0,0.0,0.0,0.0
4342,217.125,716.26173473,359.68921306,3,0,0.0,0.0,0.0
4343,217.175,715.49790757,359.36684557,3,0,0.0,0.0,0.0
4344,217.225,714.73398869,359.04497014,3,0,0.0,0.0,0.0
4345,217.275,713.96763819,358.72395607,3,0,0.0,0.0,0.0
4346,217.325,713.19743949,358.40289964,3,0,0.0,0.0,0.0
4347,217.375,712.42688016,358.07660153,3,0,0.0,0.0,0.0
4348,217.425,711.66830262,357.7307464,3,0,0.0,0.0,0.0
4349,217.475,710.90557108,357.36029732,3,0,0.0,0.0,0.0
4350,217.525,710.12428391,356.98685677,3,0,0.0,0.0,0.0
4351,217.575,709.33143382,356.61097502,3,0,0.0,0.0,0.0
4352,217.625,708.52939691,356.23537829,3,0,0.0,0.0,0.0
4353,217.675,707.71854364,355.85966751,3,0,0.0,0.0,0.0
4354,217.725,706.89620976,355.48407701,3,0,0.0,0.0,0.0
4355,217.775,706.06539024,355.1093523,3,0,0.0,0.0,0.0
4356,217.825,705.23141341,354.75134398,3,0,0.0,0.0,0.0
4357,217.875,704.40337145,354.41329489,3,0,0.0,0.0,0.0
4358,217.925,703.57295148,354.0759116,3,0,0.0,0.0,0.0
4359,217.975,702.7563064,353.74025821,3,0,0.0,0.0,0.0
4360,218.025,701.96097285,353.40843531,3,0,0.0,0.0,0.0
4361,218.075,701.19425715,353.08076528,3,0,0.0,0.0,0.0
4362,218.125,700.4400867,352.7644858,3,0,0.0,0.0,0.0
4363,218.175,699.693071,352.4490803,3,0,0.0,0.0,0.0
4364,218.225,698.95311761,352.13291376,3,0,0.0,0.0,0.0
4365,218.275,698.21975766,351.81533021,3,0,0.0,0.0,0.0
4366,218.325,697.47714079,351.50950857,3,0,0.0,0.0,0.0
4367,218.375,696.72813109,351.22375727,3,0,0.0,0.0,0.0
4368,218.425,695.97817006,350.93888801,3,0,0.0,0.0,0.0
4369,218.475,695.22675217,350.65421018,3,0,0.0,0.0,0.0
4370,218.525,694.47323148,350.36965352,3,0,0.0,0.0,0.0
4371,218.575,693.71837805,350.08440752,3,0,0.0,0.0,0.0
4372,218.625,692.96342367,349.79799809,3,0,0.0,0.0,0.0
4373,218.675,692.21031751,349.51041168,3,0,0.0,0.0,0.0
4374,218.725,691.46158744,349.22255864,3,0,0.0,0.0,0.0
4375,218.775,690.71692826,348.91327612,3,0,0.0,0.0,0.0
4376,218.825,689.97921249,348.56809568,3,0,0.0,0.0,0.0
4377,218.875,689.21073074,348.06593214,3,0,0.0,0.0,0.0
4378,218.925,688.39890742,347.62843192,3,0,0.0,0.0,0.0
4379,218.975,687.64369603,347.25615079,3,0,0.0,0.0,0.0
4380,219.025,686.89123358,346.95970571,3,0,0.0,0.0,0.0
4381,219.075,686.13563603,346.67242928,3,0,0.0,0.0,0.0
4382,219.125,685.37743396,346.38585287,3,0,0.0,0.0,0.0
4383,219.175,684.6179756,346.09957154,3,0,0.0,0.0,0.0
4384,219.225,683.85792233,345.81469082,3,0,0.0,0.0,0.0
4385,219.275,683.09990936,345.53213096,3,0,0.0,0.0,0.0
4386,219.325,682.34461641,345.2495711,3,0,0.0,0.0,0.0
4387,219.375,681.59185573,344.96223704,3,0,0.0,0.0,0.0
4388,219.425,680.83443978,344.63915208,3,0,0.0,0.0,0.0
4389,219.475,680.06201193,344.2557989,3,0,0.0,0.0,0.0
4390,219.525,679.27476426,343.87311641,3,0,0.0,0.0,0.0
4391,219.575,678.47942157,343.48846424,3,0,0.0,0.0,0.0
4392,219.625,677.673487,343.10615897,3,0,0.0,0.0,0.0
4393,219.675,676.85498192,342.72445405,3,0,0.0,0.0,0.0
4394,219.725,676.03294065,342.34762602,3,0,0.0,0.0,0.0
4395,219.775,675.21408981,341.97114635,3,0,0.0,0.0,0.0
4396,219.825,674.39880907,341.59471634,3,0,0.0,0.0,0.0
4397,219.875,673.58720611,341.21828633,3,0,0.0,0.0,0.0
4398,219.925,672.77652529,340.83703817,3,0,0.0,0.0,0.0
4399,219.975,671.96103297,340.45496328,3,0,0.0,0.0,0.0
4400,220.025,671.14746154,340.05711297,3,0,0.0,0.0,0.0
4401,220.075,670.32554703,339.63741878,3,0,0.0,0.0,0.0
4402,220.125,669.48665979,339.2135202,3,0,0.0,0.0,0.0
4403,220.175,668.63310053,338.78425643,3,0,0.0,0.0,0.0
4404,220.225,667.76358,338.35488431,3,0,0.0,0.0,0.0
4405,220.275,666.88128571,337.93537525,3,0,0.0,0.0,0.0
4406,220.325,665.99220651,337.52089843,3,0,0.0,0.0,0.0
4407,220.375,665.1162661,337.16749595,3,0,0.0,0.0,0.0
4408,220.425,664.26892801,336.82266445,3,0,0.0,0.0,0.0
4409,220.475,663.44726523,336.47657383,3,0,0.0,0.0,0.0
4410,220.525,662.64871837,336.13207966,3,0,0.0,0.0,0.0
4411,220.575,661.87731219,335.79631805,3,0,0.0,0.0,0.0
4412,220.625,661.12420039,335.48105211,3,0,0.0,0.0,0.0
4413,220.675,660.35677977,335.15398932,3,0,0.0,0.0,0.0
4414,220.725,659.57131993,334.83028793,3,0,0.0,0.0,0.0
4415,220.775,658.78955638,334.50761836,3,0,0.0,0.0,0.0
4416,220.825,658.0158757,334.18253446,3,0,0.0,0.0,0.0
4417,220.875,657.21110085,333.85906215,3,0,0.0,0.0,0.0
4418,220.925,656.41157631,333.54742596,3,0,0.0,0.0,0.0
4419,220.975,655.61607441,333.24700277,3,0,0.0,0.0,0.0
4420,221.025,654.81822279,332.98307112,3,0,0.0,0.0,0.0
4421,221.075,654.01610373,332.71024589,3,0,0.0,0.0,0.0
4422,221.125,653.20879873,332.4400912,3,0,0.0,0.0,0.0
4423,221.175,652.39235229,332.17311745,3,0,0.0,0.0,0.0
4424,221.225,651.56527881,331.90624939,3,0,0.0,0.0,0.0
4425,221.275,650.72742133,331.63950392,3,0,0.0,0.0,0.0
4426,221.325,649.87821666,331.35288703,3,0,0.0,0.0,0.0
4427,221.375,649.01914697,330.99834202,3,0,0.0,0.0,0.0
4428,221.425,648.15286675,330.630306,3,0,0.0,0.0,0.0
4429,221.475,647.27338217,330.22854479,3,0,0.0,0.0,0.0
4430,221.525,646.38801192,329.82909151,3,0,0.0,0.0,0.0
4431,221.575,645.49908505,329.42949339,3,0,0.0,0.0,0.0
4432,221.625,644.62034255,329.03979891,3,0,0.0,0.0,0.0
4433,221.675,643.76207973,328.67506519,3,0,0.0,0.0,0.0
4434,221.725,642.9009572,328.32700565,3,0,0.0,0.0,0.0
4435,221.775,642.03310054,327.97934906,3,0,0.0,0.0,0.0
4436,221.825,641.15727861,327.63233439,3,0,0.0,0.0,0.0
4437,221.875,640.27282349,327.2864415,3,0,0.0,0.0,0.0
4438,221.925,639.3532761,326.92807809,3,0,0.0,0.0,0.0
4439,221.975,638.41723586,326.46424338,3,0,0.0,0.0,0.0
4440,222.025,637.47351608,326.01905506,3,0,0.0,0.0,0.0
4441,222.075,636.53665285,325.57286269,3,0,0.0,0.0,0.0
4442,222.125,635.60579236,325.12678591,3,0,0.0,0.0,0.0
4443,222.175,634.68187798,324.69812578,3,0,0.0,0.0,0.0
4444,222.225,633.76642846,324.27608602,3,0,0.0,0.0,0.0
4445,222.275,632.85914008,323.87390033,3,0,0.0,0.0,0.0
4446,222.325,631.95920302,323.50333581,3,0,0.0,0.0,0.0
4447,222.375,631.0706247,323.14860458,3,0,0.0,0.0,0.0
4448,222.425,630.19778868,322.79252078,3,0,0.0,0.0,0.0
4449,222.475,629.33870367,322.46538804,3,0,0.0,0.0,0.0
4450,222.525,628.49070628,322.14266204,3,0,0.0,0.0,0.0
4451,222.575,627.65335495,321.8199552,3,0,0.0,0.0,0.0
4452,222.625,626.82504808,321.49744236,3,0,0.0,0.0,0.0
4453,222.675,626.00498132,321.16187743,3,0,0.0,0.0,0.0
4454,222.725,625.18185778,320.69946234,3,0,0.0,0.0,0.0
4455,222.775,624.28737007,320.18430854,3,0,0.0,0.0,0.0
4456,222.825,623.37543028,319.74293466,3,0,0.0,0.0,0.0
4457,222.875,622.4845001,319.36766804,3,0,0.0,0.0,0.0
4458,222.925,621.57569941,318.99339956,3,0,0.0,0.0,0.0
4459,222.975,620.64650346,318.63793342,3,0,0.0,0.0,0.0
4460,223.025,619.73892131,318.29849244,3,0,0.0,0.0,0.0
4461,223.075,618.89901406,317.98045074,3,0,0.0,0.0,0.0
4462,223.125,618.05722068,317.67378752,3,0,0.0,0.0,0.0
4463,223.175,617.20053568,317.36958675,3,0,0.0,0.0,0.0
4464,223.225,616.33084776,317.06539951,3,0,0.0,0.0,0.0
4465,223.275,615.44022502,316.72361588,3,0,0.0,0.0,0.0
4466,223.325,614.49486861,316.31508323,3,0,0.0,0.0,0.0
4467,223.375,613.54789141,315.85387375,3,0,0.0,0.0,0.0
4468,223.425,612.6066041,315.38334014,3,0,0.0,0.0,0.0
4469,223.475,611.66865859,314.91105077,3,0,0.0,0.0,0.0
4470,223.525,610.73229763,314.43644887,3,0,0.0,0.0,0.0
4471,223.575,609.79489113,313.96120655,3,0,0.0,0.0,0.0
4472,223.625,608.85519924,313.50266448,3,0,0.0,0.0,0.0
4473,223.675,607.91392529,313.06828993,3,0,0.0,0.0,0.0
4474,223.725,606.97254424,312.63451656,3,0,0.0,0.0,0.0
4475,223.775,606.03422539,312.2088103,3,0,0.0,0.0,0.0
4476,223.825,605.10387383,311.8110953,3,0,0.0,0.0,0.0
4477,223.875,604.18290665,311.43776282,3,0,0.0,0.0,0.0
4478,223.925,603.26953846,311.06308081,3,0,0.0,0.0,0.0
4479,223.975,602.3625635,310.67651153,3,0,0.0,0.0,0.0
4480,224.025,601.46128283,310.28200311,3,0,0.0,0.0,0.0
4481,224.075,600.54489879,309.86426054,3,0,0.0,0.0,0.0
4482,224.125,599.62612577,309.45801309,3,0,0.0,0.0,0.0
4483,224.175,598.71888158,309.05878135,3,0,0.0,0.0,0.0
4484,224.225,597.82454883,308.69644668,3,0,0.0,0.0,0.0
4485,224.275,596.94062644,308.39962882,3,0,0.0,0.0,0.0
4486,224.325,596.06206805,308.10920868,3,0,0.0,0.0,0.0
4487,224.375,595.18544337,307.81886602,3,0,0.0,0.0,0.0
4488,224.425,594.31053049,307.5285635,3,0,0.0,0.0,0.0
4489,224.475,593.43389234,307.23896268,3,0,0.0,0.0,0.0
4490,224.525,592.54820961,306.93888019,3,0,0.0,0.0,0.0
4491,224.575,591.63382075,306.56947612,3,0,0.0,0.0,0.0
4492,224.625,590.66892597,306.14104835,3,0,0.0,0.0,0.0
4493,224.675,589.69858323,305.61227096,3,0,0.0,0.0,0.0
4494,224.725,588.73246414,305.1033794,3,0,0.0,0.0,0.0
4495,224.775,587.76944508,304.61578896,3,0,0.0,0.0,0.0
4496,224.825,586.80921543,304.128091,3,0,0.0,0.0,0.0
4497,224.875,585.85072086,303.6404396,3,0,0.0,0.0,0.0
4498,224.925,584.88258894,303.16563927,3,0,0.0,0.0,0.0
4499,224.975,583.91126882,302.70654214,3,0,0.0,0.0,0.0
4500,225.025,582.93959086,302.24846293,3,0,0.0,0.0,0.0
4501,225.075,581.96788276,301.79569415,3,0,0.0,0.0,0.0
4502,225.125,581.00064425,301.36182575,3,0,0.0,0.0,0.0
4503,225.175,580.05172879,301.0169596,3,0,0.0,0.0,0.0
4504,225.225,579.12103011,300.65619126,3,0,0.0,0.0,0.0
4505,225.275,578.22068278,300.2791717,3,0,0.0,0.0,0.0
4506,225.325,577.35021896,299.90155982,3,0,0.0,0.0,0.0
4507,225.375,576.4771346,299.52102843,3,0,0.0,0.0,0.0
4508,225.425,575.59381576,299.14448219,3,0,0.0,0.0,0.0
4509,225.475,574.70293533,298.76793595,3,0,0.0,0.0,0.0
4510,225.525,573.80398818,298.39263442,3,0,0.0,0.0,0.0
4511,225.575,572.89522477,298.03876655,3,0,0.0,0.0,0.0
4512,225.625,571.9710826,297.737408,3,0,0.0,0.0,0.0
4513,225.675,571.05413778,297.43646449,3,0,0.0,0.0,0.0
4514,225.725,570.14614232,297.13623829,3,0,0.0,0.0,0.0
4515,225.775,569.24718777,296.8360121,3,0,0.0,0.0,0.0
4516,225.825,568.35503854,296.51207848,3,0,0.0,0.0,0.0
4517,225.875,567.43411601,296.12491981,3,0,0.0,0.0,0.0
4518,225.925,566.44707258,295.60714233,3,0,0.0,0.0,0.0
4519,225.975,565.44951682,295.0630759,3,0,0.0,0.0,0.0
4520,226.025,564.44444996,294.51852471,3,0,0.0,0.0,0.0
4521,226.075,563.43600466,294.00539356,3,0,0.0,0.0,0.0
4522,226.125,562.44332777,293.53652221,3,0,0.0,0.0,0.0
4523,226.175,561.44946004,293.07029421,3,0,0.0,0.0,0.0
4524,226.225,560.45637391,292.61032341,3,0,0.0,0.0,0.0
4525,226.275,559.46635204,292.17010051,3,0,0.0,0.0,0.0
4526,226.325,558.48111121,291.73110693,3,0,0.0,0.0,0.0
4527,226.375,557.50439783,291.33063723,3,0,0.0,0.0,0.0
4528,226.425,556.53133244,290.93770078,3,0,0.0,0.0,0.0
4529,226.475,555.56299955,290.54144431,3,0,0.0,0.0,0.0
4530,226.525,554.59980238,290.14852734,3,0,0.0,0.0,0.0
4531,226.575,553.63875815,289.74799127,3,0,0.0,0.0,0.0
4532,226.625,552.6746771,289.22914405,3,0,0.0,0.0,0.0
4533,226.675,551.69780671,288.7042483,3,0,0.0,0.0,0.0
4534,226.725,550.70006145,288.17019972,3,0,0.0,0.0,0.0
4535,226.775,549.67758012,287.63409665,3,0,0.0,0.0,0.0
4536,226.825,548.62985884,287.09781091,3,0,0.0,0.0,0.0
4537,226.875,547.56126233,286.56298131,3,0,0.0,0.0,0.0
4538,226.925,546.50373744,286.10805292,3,0,0.0,0.0,0.0
4539,226.975,545.47404652,285.65430016,3,0,0.0,0.0,0.0
4540,227.025,544.47236541,285.20040067,3,0,0.0,0.0,0.0
4541,227.075,543.4986378,284.74649971,3,0,0.0,0.0,0.0
4542,227.125,542.55897473,284.30860466,3,0,0.0,0.0,0.0
4543,227.175,541.6436376,283.88846192,3,0,0.0,0.0,0.0
4544,227.225,540.73499133,283.51891825,3,0,0.0,0.0,0.0
4545,227.275,539.82612101,283.14927176,3,0,0.0,0.0,0.0
4546,227.325,538.91697568,282.77928072,3,0,0.0,0.0,0.0
4547,227.375,538.00391175,282.40992452,3,0,0.0,0.0,0.0
4548,227.425,537.07894287,282.04278572,3,0,0.0,0.0,0.0
4549,227.475,536.10143667,281.6731657,3,0,0.0,0.0,0.0
4550,227.525,535.11729429,281.30265632,3,0,0.0,0.0,0.0
4551,227.575,534.12778039,280.91162769,3,0,0.0,0.0,0.0
4552,227.625,533.13925172,280.48501072,3,0,0.0,0.0,0.0
4553,227.675,532.15249653,280.05871624,3,0,0.0,0.0,0.0
4554,227.725,531.16247527,279.63370833,3,0,0.0,0.0,0.0
4555,227.775,530.17243594,279.20201117,3,0,0.0,0.0,0.0
4556,227.825,529.20184076,278.74372079,3,0,0.0,0.0,0.0
4557,227.875,528.2468053,278.29172251,3,0,0.0,0.0,0.0
4558,227.925,527.26619981,277.83598907,3,0,0.0,0.0,0.0
4559,227.975,526.27221803,277.36677168,3,0,0.0,0.0,0.0
4560,228.025,525.26744064,276.89734236,3,0,0.0,0.0,0.0
4561,228.075,524.24901006,276.42790705,3,0,0.0,0.0,0.0
4562,228.125,523.21681139,275.95931874,3,0,0.0,0.0,0.0
4563,228.175,522.17194917,275.50991326,3,0,0.0,0.0,0.0
4564,228.225,521.13030026,275.06473547,3,0,0.0,0.0,0.0
4565,228.275,520.10210202,274.61962875,3,0,0.0,0.0,0.0
4566,228.325,519.08751107,274.17452204,3,0,0.0,0.0,0.0
4567,228.375,518.08651344,273.72933961,3,0,0.0,0.0,0.0
4568,228.425,517.15307309,273.31440804,3,0,0.0,0.0,0.0
4569,228.475,516.23517978,272.89822025,3,0,0.0,0.0,0.0
4570,228.525,515.27894423,272.46243707,3,0,0.0,0.0,0.0
4571,228.575,514.28667568,272.02348977,3,0,0.0,0.0,0.0
4572,228.625,513.27854702,271.60113713,3,0,0.0,0.0,0.0
4573,228.675,512.25647636,271.14018259,3,0,0.0,0.0,0.0
4574,228.725,511.22497772,270.63704459,3,0,0.0,0.0,0.0
4575,228.775,510.18273302,270.13924422,3,0,0.0,0.0,0.0
4576,228.825,509.13439045,269.64744622,3,0,0.0,0.0,0.0
4577,228.875,508.08671621,269.15543213,3,0,0.0,0.0,0.0
4578,228.925,507.0425897,268.66360215,3,0,0.0,0.0,0.0
4579,228.975,506.00230037,268.1717855,3,0,0.0,0.0,0.0
4580,229.025,504.96924471,267.70181424,3,0,0.0,0.0,0.0
4581,229.075,503.95432617,267.25372174,3,0,0.0,0.0,0.0
4582,229.125,502.94364839,266.82401369,3,0,0.0,0.0,0.0
4583,229.175,501.92326719,266.3879317,3,0,0.0,0.0,0.0
4584,229.225,500.89049944,265.95246783,3,0,0.0,0.0,0.0
4585,229.275,499.85016534,265.52007165,3,0,0.0,0.0,0.0
4586,229.325,498.80742591,265.08713723,3,0,0.0,0.0,0.0
4587,229.375,497.76252383,264.65385216,3,0,0.0,0.0,0.0
4588,229.425,496.71498013,264.22081488,3,0,0.0,0.0,0.0
4589,229.475,495.67186872,263.80838538,3,0,0.0,0.0,0.0
4590,229.525,494.67808589,263.42022656,3,0,0.0,0.0,0.0
4591,229.575,493.66429738,263.03156875,3,0,0.0,0.0,0.0
4592,229.625,492.62952727,262.6429662,3,0,0.0,0.0,0.0
4593,229.675,491.57024314,262.25461158,3,0,0.0,0.0,0.0
4594,229.725,490.4955457,261.85472603,3,0,0.0,0.0,0.0
4595,229.775,489.40878632,261.39742309,3,0,0.0,0.0,0.0
4596,229.825,488.32000957,260.88070716,3,0,0.0,0.0,0.0
4597,229.875,487.22826286,260.36153061,3,0,0.0,0.0,0.0
4598,229.925,486.13326516,259.84240219,3,0,0.0,0.0,0.0
4599,229.975,485.03486907,259.32346869,3,0,0.0,0.0,0.0
4600,230.025,483.93087561,258.80628044,3,0,0.0,0.0,0.0
4601,230.075,482.8278912,258.28798586,3,0,0.0,0.0,0.0
4602,230.125,481.71932024,257.78603218,3,0,0.0,0.0,0.0
4603,230.175,480.62559803,257.29696344,3,0,0.0,0.0,0.0
4604,230.225,479.55416516,256.80789471,3,0,0.0,0.0,0.0
4605,230.275,478.50507725,256.3185348,3,0,0.0,0.0,0.0
4606,230.325,477.47840597,255.82905565,3,0,0.0,0.0,0.0
4607,230.375,476.47425417,255.33922245,3,0,0.0,0.0,0.0
4608,230.425,475.48845369,254.84221649,3,0,0.0,0.0,0.0
4609,230.475,474.4617944,254.3241899,3,0,0.0,0.0,0.0
4610,230.525,473.39133582,253.80188984,3,0,0.0,0.0,0.0
4611,230.575,472.31069971,253.27973682,3,0,0.0,0.0,0.0
4612,230.625,471.22201583,252.75631828,3,0,0.0,0.0,0.0
4613,230.675,470.12827842,252.24917833,3,0,0.0,0.0,0.0
4614,230.725,469.03185603,251.75433347,3,0,0.0,0.0,0.0
4615,230.775,467.94478634,251.29119096,3,0,0.0,0.0,0.0
4616,230.825,466.88110621,250.83140494,3,0,0.0,0.0,0.0
4617,230.875,465.83013492,250.3722007,3,0,0.0,0.0,0.0
4618,230.925,464.79097296,249.91330914,3,0,0.0,0.0,0.0
4619,230.975,463.76811085,249.45661071,3,0,0.0,0.0,0.0
4620,231.025,462.7637832,249.00303597,3,0,0.0,0.0,0.0
4621,231.075,461.75724199,248.54474583,3,0,0.0,0.0,0.0
4622,231.125,460.71119012,248.04448088,3,0,0.0,0.0,0.0
4623,231.175,459.65257278,247.51368066,3,0,0.0,0.0,0.0
4624,231.225,458.57752294,246.98278713,3,0,0.0,0.0,0.0
4625,231.275,457.48604544,246.45152324,3,0,0.0,0.0,0.0
4626,231.325,456.37880382,245.91913964,3,0,0.0,0.0,0.0
4627,231.375,455.25610635,245.38678187,3,0,0.0,0.0,0.0
4628,231.425,454.12636635,244.86955522,3,0,0.0,0.0,0.0
4629,231.475,452.99570439,244.41035751,3,0,0.0,0.0,0.0
4630,231.525,451.88959998,243.95231882,3,0,0.0,0.0,0.0
4631,231.575,450.81377363,243.49482965,3,0,0.0,0.0,0.0
4632,231.625,449.7688972,243.03735768,3,0,0.0,0.0,0.0
4633,231.675,448.75535121,242.58051233,3,0,0.0,0.0,0.0
4634,231.725,447.76363585,242.08329754,3,0,0.0,0.0,0.0
4635,231.775,446.70155453,241.51889826,3,0,0.0,0.0,0.0
4636,231.825,445.56933542,240.93876484,3,0,0.0,0.0,0.0
4637,231.875,444.43637817,240.35748757,3,0,0.0,0.0,0.0
4638,231.925,443.30659708,239.77630344,3,0,0.0,0.0,0.0
4639,231.975,442.17985521,239.1951271,3,0,0.0,0.0,0.0
4640,232.025,441.05773272,238.64482086,3,0,0.0,0.0,0.0
4641,232.075,439.95822393,238.16161485,3,0,0.0,0.0,0.0
4642,232.125,438.89260886,237.69880887,3,0,0.0,0.0,0.0
4643,232.175,437.85909174,237.24084235,3,0,0.0,0.0,0.0
4644,232.225,436.84971794,236.78597424,3,0,0.0,0.0,0.0
4645,232.275,435.85837204,236.32024674,3,0,0.0,0.0,0.0
4646,232.325,434.86376105,235.85918408,3,0,0.0,0.0,0.0
4647,232.375,433.85217785,235.4226572,3,0,0.0,0.0,0.0
4648,232.425,432.73179607,235.03049014,3,0,0.0,0.0,0.0
4649,232.475,431.5828282,234.26320363,3,0,0.0,0.0,0.0
4650,232.525,430.47512824,233.49591826,3,0,0.0,0.0,0.0
4651,232.575,429.38768044,232.92783478,3,0,0.0,0.0,0.0
4652,232.625,428.29202011,232.38706692,3,0,0.0,0.0,0.0
4653,232.675,427.18594125,231.84808153,3,0,0.0,0.0,0.0
4654,232.725,426.06965354,231.31968592,3,0,0.0,0.0,0.0
4655,232.775,424.96259372,230.85776619,3,0,0.0,0.0,0.0
4656,232.825,423.87982901,230.40880592,3,0,0.0,0.0,0.0
4657,232.875,422.81912994,229.95984565,3,0,0.0,0.0,0.0
4658,232.925,421.78049652,229.51088538,3,0,0.0,0.0,0.0
4659,232.975,420.76392876,229.06192511,3,0,0.0,0.0,0.0
4660,233.025,419.74608948,228.55699308,3,0,0.0,0.0,0.0
4661,233.075,418.62884377,227.99606264,3,0,0.0,0.0,0.0
4662,233.125,417.51526952,227.39391485,3,0,0.0,0.0,0.0
4663,233.175,416.39581538,226.83020178,3,0,0.0,0.0,0.0
4664,233.225,415.26526538,226.26738911,3,0,0.0,0.0,0.0
4665,233.275,414.12041741,225.70660632,3,0,0.0,0.0,0.0
4666,233.325,412.96293833,225.14716347,3,0,0.0,0.0,0.0
4667,233.375,411.80928601,224.59721188,3,0,0.0,0.0,0.0
4668,233.425,410.66499063,224.1083359,3,0,0.0,0.0,0.0
4669,233.475,409.52909661,223.62000723,3,0,0.0,0.0,0.0
4670,233.525,408.403299,223.13101464,3,0,0.0,0.0,0.0
4671,233.575,407.28882936,222.65039556,3,0,0.0,0.0,0.0
4672,233.625,406.16863576,222.21556423,3,0,0.0,0.0,0.0
4673,233.675,405.0180853,221.60207964,3,0,0.0,0.0,0.0
4674,233.725,403.85784641,220.8416876,3,0,0.0,0.0,0.0
4675,233.775,402.71543607,220.15950181,3,0,0.0,0.0,0.0
4676,233.825,401.58070302,219.55545133,3,0,0.0,0.0,0.0
4677,233.875,400.45275303,218.95141992,3,0,0.0,0.0,0.0
4678,233.925,399.3392743,218.34757572,3,0,0.0,0.0,0.0
4679,233.975,398.25789949,217.76320877,3,0,0.0,0.0,0.0
4680,234.025,397.17763385,217.19719412,3,0,0.0,0.0,0.0
4681,234.075,396.09277178,216.63153174,3,0,0.0,0.0,0.0
4682,234.125,395.00316943,216.06586937,3,0,0.0,0.0,0.0
4683,234.175,393.90882681,215.50020699,3,0,0.0,0.0,0.0
4684,234.225,392.80776603,214.92472276,3,0,0.0,0.0,0.0
4685,234.275,391.69090965,214.34404067,3,0,0.0,0.0,0.0
4686,234.325,390.49226251,213.57346984,3,0,0.0,0.0,0.0
4687,234.375,389.24909346,212.84282097,3,0,0.0,0.0,0.0
4688,234.425,388.00721526,212.17536171,3,0,0.0,0.0,0.0
4689,234.475,386.7759926,211.50798326,3,0,0.0,0.0,0.0
4690,234.525,385.55545238,210.84067311,3,0,0.0,0.0,0.0
4691,234.575,384.33538843,210.17423062,3,0,0.0,0.0,0.0
4692,234.625,383.11408814,209.50978642,3,0,0.0,0.0,0.0
4693,234.675,381.91316935,208.88443842,3,0,0.0,0.0,0.0
4694,234.725,380.75460989,208.30708522,3,0,0.0,0.0,0.0
4695,234.775,379.62719976,207.72813084,3,0,0.0,0.0,0.0
4696,234.825,378.53087802,207.14942614,3,0,0.0,0.0,0.0
4697,234.875,377.4641328,206.57085099,3,0,0.0,0.0,0.0
4698,234.925,376.42678487,205.99718954,3,0,0.0,0.0,0.0
4699,234.975,375.41659991,205.44022849,3,0,0.0,0.0,0.0
4700,235.025,374.35188552,204.95397688,3,0,0.0,0.0,0.0
4701,235.075,373.15776978,204.22389799,3,0,0.0,0.0,0.0
4702,235.125,371.9285417,203.45974237,3,0,0.0,0.0,0.0
4703,235.175,370.72181338,202.66075659,3,0,0.0,0.0,0.0
4704,235.225,369.54761703,201.83955646,3,0,0.0,0.0,0.0
4705,235.275,368.40654209,201.02427161,3,0,0.0,0.0,0.0
4706,235.325,367.30116321,200.30032587,3,0,0.0,0.0,0.0
4707,235.375,366.21761624,199.64068012,3,0,0.0,0.0,0.0
4708,235.425,365.15414021,198.98887321,3,0,0.0,0.0,0.0
4709,235.475,364.11318671,198.33720354,3,0,0.0,0.0,0.0
4710,235.525,363.09500389,197.68553387,3,0,0.0,0.0,0.0
4711,235.575,362.09942907,197.03389524,3,0,0.0,0.0,0.0
4712,235.625,361.11300394,196.32262732,3,0,0.0,0.0,0.0
4713,235.675,360.10166626,195.01551161,3,0,0.0,0.0,0.0
4714,235.725,359.33255661,191.07769645,2,0,0.0,0.0,0.0
4715,235.775,358.6668658,190.76208757,2,0,0.0,0.0,0.0
4716,235.825,357.96913682,190.4025002,2,0,0.0,0.0,0.0
4717,235.875,357.24682175,190.05657486,2,0,0.0,0.0,0.0
4718,235.925,356.53493108,189.71165342,2,0,0.0,0.0,0.0
4719,235.975,355.84059816,189.38258671,2,0,0.0,0.0,0.0
4720,236.025,355.18982592,189.08368417,2,0,0.0,0.0,0.0
4721,236.075,354.56584249,188.78658929,2,0,0.0,0.0,0.0
4722,236.125,353.96710901,188.48995847,2,0,0.0,0.0,0.0
4723,236.175,353.39354383,188.19314961,2,0,0.0,0.0,0.0
4724,236.225,352.84633345,187.89598999,2,0,0.0,0.0,0.0
4725,236.275,352.32038913,187.62800455,2,0,0.0,0.0,0.0
4726,236.325,351.77628623,187.34231795,2,0,0.0,0.0,0.0
4727,236.375,351.15532326,187.03023115,2,0,0.0,0.0,0.0
4728,236.425,350.49646986,186.68965942,2,0,0.0,0.0,0.0
4729,236.475,349.81122015,186.35151088,2,0,0.0,0.0,0.0
4730,236.525,349.12007869,186.01585422,2,0,0.0,0.0,0.0
4731,236.575,348.42964021,185.68338702,2,0,0.0,0.0,0.0
4732,236.625,347.72665647,185.38543921,2,0,0.0,0.0,0.0
4733,236.675,347.03952034,185.08882806,2,0,0.0,0.0,0.0
4734,236.725,346.37372708,184.79221692,2,0,0.0,0.0,0.0
4735,236.775,345.72928416,184.49562729,2,0,0.0,0.0,0.0
4736,236.825,345.10628997,184.20153036,2,0,0.0,0.0,0.0
4737,236.875,344.50456015,183.90839344,2,0,0.0,0.0,0.0
4738,236.925,343.92026739,183.61448445,2,0,0.0,0.0,0.0
4739,236.975,343.33098355,183.32701071,2,0,0.0,0.0,0.0
4740,237.025,342.66604327,183.00455029,2,0,0.0,0.0,0.0
4741,237.075,341.97719641,182.67121956,2,0,0.0,0.0,0.0
4742,237.125,341.28400219,182.33789956,2,0,0.0,0.0,0.0
4743,237.175,340.58686427,182.00179044,2,0,0.0,0.0,0.0
4744,237.225,339.8870054,181.59806771,2,0,0.0,0.0,0.0
4745,237.275,339.1876564,181.18197549,2,0,0.0,0.0,0.0
4746,237.325,338.48359121,180.82401441,2,0,0.0,0.0,0.0
4747,237.375,337.79326458,180.49771665,2,0,0.0,0.0,0.0
4748,237.425,337.12174472,180.17141889,2,0,0.0,0.0,0.0
4749,237.475,336.46903164,179.84512113,2,0,0.0,0.0,0.0
4750,237.525,335.83512199,179.51918061,2,0,0.0,0.0,0.0
4751,237.575,335.16580122,179.23712822,2,0,0.0,0.0,0.0
4752,237.625,334.40794143,178.94590248,2,0,0.0,0.0,0.0
4753,237.675,333.64445775,178.63837966,2,0,0.0,0.0,0.0
4754,237.725,332.93663441,178.24962797,2,0,0.0,0.0,0.0
4755,237.775,332.21511938,177.85669407,2,0,0.0,0.0,0.0
4756,237.825,331.47854002,177.46306454,2,0,0.0,0.0,0.0
4757,237.875,330.7241824,177.07168525,2,0,0.0,0.0,0.0
4758,237.925,329.93544175,176.68161984,2,0,0.0,0.0,0.0
4759,237.975,329.1362399,176.29271525,2,0,0.0,0.0,0.0
4760,238.025,328.32807493,175.91350344,2,0,0.0,0.0,0.0
4761,238.075,327.5071369,175.53872149,2,0,0.0,0.0,0.0
4762,238.125,326.67446205,175.16201605,2,0,0.0,0.0,0.0
4763,238.175,325.79802194,174.72669068,2,0,0.0,0.0,0.0
4764,238.225,324.83951081,174.24686906,2,0,0.0,0.0,0.0
4765,238.275,323.77740799,173.71833177,2,0,0.0,0.0,0.0
4766,238.325,322.62175324,173.10639607,2,0,0.0,0.0,0.0
4767,238.375,321.44699715,172.4913049,2,0,0.0,0.0,0.0
4768,238.425,320.29070612,171.87686408,2,0,0.0,0.0,0.0
4769,238.475,319.15139875,171.26456045,2,0,0.0,0.0,0.0
4770,238.525,318.02669651,170.6537561,2,0,0.0,0.0,0.0
4771,238.575,316.91544737,170.05081625,2,0,0.0,0.0,0.0
4772,238.625,315.80932405,169.47002753,2,0,0.0,0.0,0.0
4773,238.675,314.70511896,168.88933582,2,0,0.0,0.0,0.0
4774,238.725,313.60300175,168.30968042,2,0,0.0,0.0,0.0
4775,238.775,312.47366755,167.73508223,2,0,0.0,0.0,0.0
4776,238.825,311.33434755,167.16111483,2,0,0.0,0.0,0.0
4777,238.875,310.15695198,166.57056201,2,0,0.0,0.0,0.0
4778,238.925,308.83008553,165.86123273,2,0,0.0,0.0,0.0
4779,238.975,307.41592675,165.13487053,2,0,0.0,0.0,0.0
4780,239.025,306.0199843,164.42403619,2,0,0.0,0.0,0.0
4781,239.075,304.65576526,163.71408391,2,0,0.0,0.0,0.0
4782,239.125,303.32625045,163.00772715,2,0,0.0,0.0,0.0
4783,239.175,302.03016759,162.30453727,2,0,0.0,0.0,0.0
4784,239.225,300.77295458,161.61663616,2,0,0.0,0.0,0.0
4785,239.275,299.54441232,160.96425193,2,0,0.0,0.0,0.0
4786,239.325,298.34126152,160.31186769,2,0,0.0,0.0,0.0
4787,239.375,297.16356706,159.65956194,2,0,0.0,0.0,0.0
4788,239.425,296.01168049,159.00732691,2,0,0.0,0.0,0.0
4789,239.475,294.87418053,158.40184446,2,0,0.0,0.0,0.0
4790,239.525,293.68672118,157.78170258,2,0,0.0,0.0,0.0
4791,239.575,292.37115223,157.06453117,2,0,0.0,0.0,0.0
4792,239.625,290.96970863,156.31468524,2,0,0.0,0.0,0.0
4793,239.675,289.57239227,155.5438266,2,0,0.0,0.0,0.0
4794,239.725,288.16715058,154.77333979,2,0,0.0,0.0,0.0
4795,239.775,286.77296269,154.03870538,2,0,0.0,0.0,0.0
4796,239.825,285.41692337,153.30848784,2,0,0.0,0.0,0.0
4797,239.875,284.10267461,152.60545453,2,0,0.0,0.0,0.0
4798,239.925,282.82848156,151.92103862,2,0,0.0,0.0,0.0
4799,239.975,281.57817244,151.26468844,2,0,0.0,0.0,0.0
4800,240.025,280.33214956,150.6110697,2,0,0.0,0.0,0.0
4801,240.075,279.09168023,149.95747927,2,0,0.0,0.0,0.0
4802,240.125,277.84461642,149.58974337,2,0,0.0,0.0,0.0
4803,240.175,276.34343875,148.35050721,2,0,0.0,0.0,0.0
4804,240.225,274.83745915,147.48067633,2,0,0.0,0.0,0.0
4805,240.275,273.32018293,146.63705901,2,0,0.0,0.0,0.0
4806,240.325,271.81477405,145.79344168,2,0,0.0,0.0,0.0
4807,240.375,270.33330474,144.93453948,2,0,0.0,0.0,0.0
4808,240.425,268.88918822,144.08037284,2,0,0.0,0.0,0.0
4809,240.475,267.4559612,143.23815332,2,0,0.0,0.0,0.0
4810,240.525,266.02661549,142.47268388,2,0,0.0,0.0,0.0
4811,240.575,264.63556545,141.78239976,2,0,0.0,0.0,0.0
4812,240.625,263.2773031,141.0951721,2,0,0.0,0.0,0.0
4813,240.675,261.95180059,140.40778101,2,0,0.0,0.0,0.0
4814,240.725,260.66058047,139.71808967,2,0,0.0,0.0,0.0
4815,240.775,259.39794668,139.02692665,2,0,0.0,0.0,0.0
4816,240.825,258.08731628,138.38556506,2,0,0.0,0.0,0.0
4817,240.875,256.34675054,137.57096668,2,0,0.0,0.0,0.0
4818,240.925,254.65556298,136.21971373,2,0,0.0,0.0,0.0
4819,240.975,253.0981798,135.29202019,2,0,0.0,0.0,0.0
4820,241.025,251.60330325,134.41862686,2,0,0.0,0.0,0.0
4821,241.075,250.11014978,133.5613516,2,0,0.0,0.0,0.0
4822,241.125,248.60690267,132.70977715,2,0,0.0,0.0,0.0
4823,241.175,247.11953964,131.87337901,2,0,0.0,0.0,0.0
4824,241.225,245.6820397,131.03784661,2,0,0.0,0.0,0.0
4825,241.275,244.29189633,130.20250265,2,0,0.0,0.0,0.0
4826,241.325,242.93921216,129.36666786,2,0,0.0,0.0,0.0
4827,241.375,241.60415701,128.54459216,2,0,0.0,0.0,0.0
4828,241.425,240.21825541,127.78198106,2,0,0.0,0.0,0.0
4829,241.475,238.797718,126.36132257,2,0,0.0,0.0,0.0
4830,241.525,236.78750853,122.65365411,2,0,0.0,0.0,0.0
4831,241.575,235.67128516,120.20692806,1,0,0.0,0.0,0.0
4832,241.625,234.7641801,119.7776696,1,0,0.0,0.0,0.0
4833,241.675,233.87793892,119.34841455,1,0,0.0,0.0,0.0
4834,241.725,233.01399618,118.91923663,1,0,0.0,0.0,0.0
4835,241.775,232.1577064,118.49358894,1,0,0.0,0.0,0.0
4836,241.825,231.30686634,118.08827846,1,0,0.0,0.0,0.0
4837,241.875,230.4805502,117.71546064,1,0,0.0,0.0,0.0
4838,241.925,229.68155103,117.34264283,1,0,0.0,0.0,0.0
4839,241.975,228.90986883,116.96982501,1,0,0.0,0.0,0.0
4840,242.025,228.16550359,116.5970072,1,0,0.0,0.0,0.0
4841,242.075,227.4474348,116.22938142,1,0,0.0,0.0,0.0
4842,242.125,226.64619108,115.85908954,1,0,0.0,0.0,0.0
4843,242.175,225.56734084,115.33190881,1,0,0.0,0.0,0.0
4844,242.225,224.42933875,114.77964005,1,0,0.0,0.0,0.0
4845,242.275,223.27097523,114.22719552,1,0,0.0,0.0,0.0
4846,242.325,222.11814582,113.70195988,1,0,0.0,0.0,0.0
4847,242.375,221.00085016,113.19715244,1,0,0.0,0.0,0.0
4848,242.425,219.91622471,112.68664886,1,0,0.0,0.0,0.0
4849,242.475,218.85499855,112.18662846,1,0,0.0,0.0,0.0
4850,242.525,217.82528718,111.7203469,1,0,0.0,0.0,0.0
4851,242.575,216.82382293,111.25197692,1,0,0.0,0.0,0.0
4852,242.625,215.84565363,110.78188028,1,0,0.0,0.0,0.0
4853,242.675,214.90721407,110.30837345,1,0,0.0,0.0,0.0
4854,242.725,213.96576265,109.85089363,1,0,0.0,0.0,0.0
4855,242.775,212.84284201,109.3957008,1,0,0.0,0.0,0.0
4856,242.825,211.33394518,108.70525397,1,0,0.0,0.0,0.0
4857,242.875,209.60585943,107.89729397,1,0,0.0,0.0,0.0
4858,242.925,207.62764842,106.99896839,1,0,0.0,0.0,0.0
4859,242.975,205.58751395,106.01148904,1,0,0.0,0.0,0.0
4860,243.025,203.49707257,104.97657623,1,0,0.0,0.0,0.0
4861,243.075,201.34119171,103.90665393,1,0,0.0,0.0,0.0
4862,243.125,199.14767819,102.85721488,1,0,0.0,0.0,0.0
4863,243.175,197.04814696,101.83741277,1,0,0.0,0.0,0.0
4864,243.225,195.00201084,100.90179836,1,0,0.0,0.0,0.0
4865,243.275,192.85479921,99.97592919,1,0,0.0,0.0,0.0
4866,243.325,190.60438085,99.05006003,1,0,0.0,0.0,0.0
4867,243.375,188.25075693,98.12420502,1,0,0.0,0.0,0.0
4868,243.425,185.74902588,97.1020764,1,0,0.0,0.0,0.0
4869,243.475,182.69601187,95.56987263,1,0,0.0,0.0,0.0
4870,243.525,179.37936773,93.8960793,1,0,0.0,0.0,0.0
4871,243.575,175.91713143,92.23405087,1,0,0.0,0.0,0.0
4872,243.625,172.45496093,90.57776483,1,0,0.0,0.0,0.0
4873,243.675,169.03135197,88.93070638,1,0,0.0,0.0,0.0
4874,243.725,165.68367518,87.30498773,1,0,0.0,0.0,0.0
4875,243.775,162.37084952,85.77079095,1,0,0.0,0.0,0.0
4876,243.825,159.20681573,84.26151239,1,0,0.0,0.0,0.0
4877,243.875,156.19672941,82.75313864,1,0,0.0,0.0,0.0
4878,243.925,153.25607069,81.25980484,1,0,0.0,0.0,0.0
4879,243.975,150.31502794,79.76742753,1,0,0.0,0.0,0.0
4880,244.025,147.34923866,78.32142975,1,0,0.0,0.0,0.0
4881,244.075,143.61280423,76.93382594,1,0,0.0,0.0,0.0
4882,244.125,139.00903887,74.55835529,1,0,0.0,0.0,0.0
4883,244.175,134.14082397,72.23954038,1,0,0.0,0.0,0.0
4884,244.225,128.83322105,69.96693795,1,0,0.0,0.0,0.0
4885,244.275,123.46456144,67.7060299,1,0,0.0,0.0,0.0
4886,244.325,118.31973311,65.46028854,1,0,0.0,0.0,0.0
4887,244.375,113.35824618,63.26037264,1,0,0.0,0.0,0.0
4888,244.425,108.47646136,60.9911563,1,0,0.0,0.0,0.0
4889,244.475,103.68930524,58.67162596,1,0,0.0,0.0,0.0
4890,244.525,99.02840897,56.36855906,1,0,0.0,0.0,0.0
4891,244.575,93.9977826,54.01670956,1,0,0.0,0.0,0.0
4892,244.625,88.65827287,51.69161337,1,0,0.0,0.0,0.0
4893,244.675,83.16254465,49.40510017,1,0,0.0,0.0,0.0
4894,244.725,75.75185035,46.35101137,1,0,0.0,0.0,0.0
4895,244.775,66.65544704,41.80508277,1,0,0.0,0.0,0.0
4896,244.825,56.19529446,37.45378357,1,0,0.0,0.0,0.0
4897,244.875,43.57967904,32.09485723,1,0,0.0,0.0,0.0
4898,244.925,28.38324395,24.59241214,1,0,0.0,0.0,0.0
4899,244.97476349,13.76153797,16.01388867,1,0,0.0,0.0,0.0
