/*---------------------------------------------------------------------------*\
| =========                 |                                                 |
| \\      /  F ield         | OpenFOAM: The Open Source CFD Toolbox           |
|  \\    /   O peration     | Version:  2312                                  |
|   \\  /    A nd           | Website:  www.openfoam.com                      |
|    \\/     M anipulation  |                                                 |
\*---------------------------------------------------------------------------*/
Build  : _c39a0f64-20231220 OPENFOAM=2312 version=2312
Arch   : "LSB;label=32;scalar=64"
Exec   : simpleFoam
Date   : Sep 27 2026
Time   : 19:44:37
Host   : 78b8bddd84ce
PID    : 233
I/O    : uncollated
Case   : /work/caseB_corrected
nProcs : 1
trapFpe: Floating point exception trapping enabled (FOAM_SIGFPE).
fileModificationChecking : Monitoring run-time modified files using timeStampMaster (fileModificationSkew 5, maxFileModificationPolls 20)
allowSystemOperations : Allowing user-supplied system call operations

// * * * * * * * * * * * * * * * * * * * * * * * * * * * * * * * * * * * * * //
Create time

Create mesh for time = 0


SIMPLE: convergence criteria
    field p	 tolerance 1e-05
    field U	 tolerance 1e-05
    field "(k|epsilon|omega)"	 tolerance 1e-05

Reading field p

Reading field U

Reading/calculating face flux field phi

Selecting incompressible transport model Newtonian
Selecting turbulence model type RAS
Selecting RAS turbulence model kEpsilon
bounding k, min: 0 max: 0.792395 average: 0.792395
No MRF models present

No finite volume options present

Starting time loop

surfaceFieldValue outFlow:
    operation     = average


surfaceFieldValue pIn:
    operation     = average


surfaceFieldValue pOut:
    operation     = average


Time = 1

smoothSolver:  Solving for Ux, Initial residual = 1, Final residual = 0.0093144397, No Iterations 4
smoothSolver:  Solving for Uy, Initial residual = 1, Final residual = 0.004483605, No Iterations 5
smoothSolver:  Solving for Uz, Initial residual = 1, Final residual = 0.0044835994, No Iterations 5
GAMG:  Solving for p, Initial residual = 1, Final residual = 0.0096029247, No Iterations 138
GAMG:  Solving for p, Initial residual = 0.0016876576, Final residual = 1.6641435e-05, No Iterations 130
time step continuity errors : sum local = 0.0018369188, global = -0.000113487, cumulative = -0.000113487
smoothSolver:  Solving for epsilon, Initial residual = 1, Final residual = 0.0031078776, No Iterations 3
smoothSolver:  Solving for k, Initial residual = 1, Final residual = 0.0065296289, No Iterations 1
bounding k, min: 0 max: 6.2455673 average: 1.484485
ExecutionTime = 0.06 s  ClockTime = 0 s

Time = 2

smoothSolver:  Solving for Ux, Initial residual = 0.7077469, Final residual = 0.0060707645, No Iterations 3
smoothSolver:  Solving for Uy, Initial residual = 0.56228504, Final residual = 0.0050891763, No Iterations 3
smoothSolver:  Solving for Uz, Initial residual = 0.56228504, Final residual = 0.0050891769, No Iterations 3
GAMG:  Solving for p, Initial residual = 0.42955788, Final residual = 0.004160378, No Iterations 79
GAMG:  Solving for p, Initial residual = 0.0019583376, Final residual = 1.8365842e-05, No Iterations 128
time step continuity errors : sum local = 0.0024156114, global = -0.00056507978, cumulative = -0.00067856677
smoothSolver:  Solving for epsilon, Initial residual = 0.81295491, Final residual = 0.0017189445, No Iterations 1
smoothSolver:  Solving for k, Initial residual = 0.44103014, Final residual = 0.0019071943, No Iterations 1
bounding k, min: 0 max: 12.895564 average: 2.4855289
ExecutionTime = 0.07 s  ClockTime = 0 s

Time = 3

smoothSolver:  Solving for Ux, Initial residual = 0.5152533, Final residual = 0.0032076388, No Iterations 3
smoothSolver:  Solving for Uy, Initial residual = 0.23101748, Final residual = 0.0012621691, No Iterations 3
smoothSolver:  Solving for Uz, Initial residual = 0.23101722, Final residual = 0.001262164, No Iterations 3
GAMG:  Solving for p, Initial residual = 0.37891209, Final residual = 0.003581606, No Iterations 80
GAMG:  Solving for p, Initial residual = 0.0020623968, Final residual = 2.0458087e-05, No Iterations 118
time step continuity errors : sum local = 0.0045789209, global = 0.0014085506, cumulative = 0.0007299838
smoothSolver:  Solving for epsilon, Initial residual = 0.38559426, Final residual = 1.6436444e-05, No Iterations 1
smoothSolver:  Solving for k, Initial residual = 0.12751215, Final residual = 0.00013867382, No Iterations 2
bounding k, min: 0 max: 9.6061372 average: 2.8050723
ExecutionTime = 0.08 s  ClockTime = 0 s

Time = 4

smoothSolver:  Solving for Ux, Initial residual = 0.24170636, Final residual = 0.00058129644, No Iterations 3
smoothSolver:  Solving for Uy, Initial residual = 0.22143214, Final residual = 0.0011287196, No Iterations 3
smoothSolver:  Solving for Uz, Initial residual = 0.22143197, Final residual = 0.0011287176, No Iterations 3
GAMG:  Solving for p, Initial residual = 0.76396246, Final residual = 0.0072687089, No Iterations 84
GAMG:  Solving for p, Initial residual = 0.0027536807, Final residual = 2.6668655e-05, No Iterations 138
time step continuity errors : sum local = 0.0032901116, global = 0.00076579887, cumulative = 0.0014957827
smoothSolver:  Solving for epsilon, Initial residual = 0.50116248, Final residual = 8.5324349e-05, No Iterations 1
smoothSolver:  Solving for k, Initial residual = 0.24791783, Final residual = 0.00066042959, No Iterations 2
bounding k, min: 0 max: 7.0858461 average: 2.3688341
ExecutionTime = 0.08 s  ClockTime = 0 s

Time = 5

smoothSolver:  Solving for Ux, Initial residual = 0.63350695, Final residual = 0.0031333691, No Iterations 3
smoothSolver:  Solving for Uy, Initial residual = 0.25845735, Final residual = 0.0018225619, No Iterations 3
smoothSolver:  Solving for Uz, Initial residual = 0.25845726, Final residual = 0.0018225592, No Iterations 3
GAMG:  Solving for p, Initial residual = 0.36770058, Final residual = 0.0034697268, No Iterations 112
GAMG:  Solving for p, Initial residual = 0.0018288496, Final residual = 1.7832579e-05, No Iterations 130
time step continuity errors : sum local = 0.0014345184, global = -0.00031273581, cumulative = 0.0011830469
smoothSolver:  Solving for epsilon, Initial residual = 0.5113829, Final residual = 0.00019478213, No Iterations 1
smoothSolver:  Solving for k, Initial residual = 0.20401118, Final residual = 0.00087742083, No Iterations 2
bounding k, min: 0 max: 5.9314996 average: 1.9568302
ExecutionTime = 0.09 s  ClockTime = 0 s

Time = 6

smoothSolver:  Solving for Ux, Initial residual = 0.30874037, Final residual = 0.00090547923, No Iterations 3
smoothSolver:  Solving for Uy, Initial residual = 0.36586681, Final residual = 0.0018108348, No Iterations 3
smoothSolver:  Solving for Uz, Initial residual = 0.36586627, Final residual = 0.00181083, No Iterations 3
GAMG:  Solving for p, Initial residual = 0.81383095, Final residual = 0.007529084, No Iterations 72
GAMG:  Solving for p, Initial residual = 0.0027556212, Final residual = 2.7446016e-05, No Iterations 104
time step continuity errors : sum local = 0.0028998674, global = -0.00089562496, cumulative = 0.0002874219
smoothSolver:  Solving for epsilon, Initial residual = 0.31761805, Final residual = 0.00046775605, No Iterations 1
smoothSolver:  Solving for k, Initial residual = 0.23486819, Final residual = 0.00070764636, No Iterations 2
bounding k, min: 0 max: 8.4895406 average: 1.797635
ExecutionTime = 0.1 s  ClockTime = 0 s

Time = 7

smoothSolver:  Solving for Ux, Initial residual = 0.57685637, Final residual = 0.0041325835, No Iterations 3
smoothSolver:  Solving for Uy, Initial residual = 0.42474734, Final residual = 0.0023044638, No Iterations 3
smoothSolver:  Solving for Uz, Initial residual = 0.42474761, Final residual = 0.0023044629, No Iterations 3
GAMG:  Solving for p, Initial residual = 0.57374065, Final residual = 0.0054694655, No Iterations 70
GAMG:  Solving for p, Initial residual = 0.0037854958, Final residual = 3.6451151e-05, No Iterations 112
time step continuity errors : sum local = 0.002443408, global = 0.00067533826, cumulative = 0.00096276015
smoothSolver:  Solving for epsilon, Initial residual = 0.069260994, Final residual = 9.8272826e-05, No Iterations 1
smoothSolver:  Solving for k, Initial residual = 0.15479678, Final residual = 0.00040162838, No Iterations 2
bounding k, min: 0 max: 10.367626 average: 1.8098423
ExecutionTime = 0.11 s  ClockTime = 0 s

Time = 8

smoothSolver:  Solving for Ux, Initial residual = 0.40066523, Final residual = 0.0011840721, No Iterations 3
smoothSolver:  Solving for Uy, Initial residual = 0.31863896, Final residual = 0.0020722003, No Iterations 3
smoothSolver:  Solving for Uz, Initial residual = 0.31863875, Final residual = 0.0020721921, No Iterations 3
GAMG:  Solving for p, Initial residual = 0.5982745, Final residual = 0.0058458037, No Iterations 90
GAMG:  Solving for p, Initial residual = 0.0024914051, Final residual = 2.4815747e-05, No Iterations 122
time step continuity errors : sum local = 0.0017028206, global = 0.00039170472, cumulative = 0.0013544649
smoothSolver:  Solving for epsilon, Initial residual = 0.20718495, Final residual = 0.00013908237, No Iterations 1
smoothSolver:  Solving for k, Initial residual = 0.068483955, Final residual = 0.00054991617, No Iterations 2
bounding k, min: 0 max: 11.975217 average: 1.7627337
ExecutionTime = 0.11 s  ClockTime = 0 s

Time = 9

smoothSolver:  Solving for Ux, Initial residual = 0.72366289, Final residual = 0.0054547968, No Iterations 3
smoothSolver:  Solving for Uy, Initial residual = 0.32294756, Final residual = 0.0013612356, No Iterations 3
smoothSolver:  Solving for Uz, Initial residual = 0.32294758, Final residual = 0.0013612339, No Iterations 3
GAMG:  Solving for p, Initial residual = 0.2468239, Final residual = 0.0024615164, No Iterations 88
GAMG:  Solving for p, Initial residual = 0.0023805675, Final residual = 2.2822563e-05, No Iterations 122
time step continuity errors : sum local = 0.00078058678, global = -0.00017728132, cumulative = 0.0011771835
smoothSolver:  Solving for epsilon, Initial residual = 0.082059105, Final residual = 0.00010437321, No Iterations 1
smoothSolver:  Solving for k, Initial residual = 0.11080425, Final residual = 0.00022767481, No Iterations 2
bounding k, min: 0 max: 13.600788 average: 1.8711158
ExecutionTime = 0.12 s  ClockTime = 0 s

Time = 10

smoothSolver:  Solving for Ux, Initial residual = 0.26014217, Final residual = 0.0014440232, No Iterations 3
smoothSolver:  Solving for Uy, Initial residual = 0.49209182, Final residual = 0.0021125964, No Iterations 3
smoothSolver:  Solving for Uz, Initial residual = 0.49209162, Final residual = 0.0021125929, No Iterations 3
GAMG:  Solving for p, Initial residual = 0.40463732, Final residual = 0.0038149298, No Iterations 90
GAMG:  Solving for p, Initial residual = 0.0017914684, Final residual = 1.6938375e-05, No Iterations 120
time step continuity errors : sum local = 0.0007422721, global = -0.00017416699, cumulative = 0.0010030166
smoothSolver:  Solving for epsilon, Initial residual = 0.35070318, Final residual = 0.00033294504, No Iterations 1
smoothSolver:  Solving for k, Initial residual = 0.21812898, Final residual = 0.0014348145, No Iterations 1
bounding k, min: 0 max: 19.410821 average: 2.0960284
ExecutionTime = 0.13 s  ClockTime = 0 s

Time = 11

smoothSolver:  Solving for Ux, Initial residual = 0.74882272, Final residual = 0.0060429126, No Iterations 3
smoothSolver:  Solving for Uy, Initial residual = 0.35663145, Final residual = 0.0018529779, No Iterations 3
smoothSolver:  Solving for Uz, Initial residual = 0.35663114, Final residual = 0.0018529745, No Iterations 3
GAMG:  Solving for p, Initial residual = 0.43740636, Final residual = 0.0041796494, No Iterations 78
GAMG:  Solving for p, Initial residual = 0.0037128469, Final residual = 3.6466721e-05, No Iterations 120
time step continuity errors : sum local = 0.00074298958, global = 0.00016609383, cumulative = 0.0011691104
smoothSolver:  Solving for epsilon, Initial residual = 0.1499788, Final residual = 8.6548007e-05, No Iterations 1
smoothSolver:  Solving for k, Initial residual = 0.15903623, Final residual = 0.00086634506, No Iterations 1
bounding k, min: 0 max: 25.61533 average: 2.4823524
ExecutionTime = 0.13 s  ClockTime = 0 s

Time = 12

smoothSolver:  Solving for Ux, Initial residual = 0.48918607, Final residual = 0.003835329, No Iterations 3
smoothSolver:  Solving for Uy, Initial residual = 0.21985817, Final residual = 0.0013615627, No Iterations 3
smoothSolver:  Solving for Uz, Initial residual = 0.21985802, Final residual = 0.0013615591, No Iterations 3
GAMG:  Solving for p, Initial residual = 0.34493301, Final residual = 0.0033502684, No Iterations 98
GAMG:  Solving for p, Initial residual = 0.0017775268, Final residual = 1.7012533e-05, No Iterations 124
time step continuity errors : sum local = 0.00053426807, global = 0.00011514731, cumulative = 0.0012842577
smoothSolver:  Solving for epsilon, Initial residual = 0.031335965, Final residual = 5.317139e-05, No Iterations 1
smoothSolver:  Solving for k, Initial residual = 0.11112487, Final residual = 0.00081779439, No Iterations 1
bounding k, min: 0 max: 31.055283 average: 2.8939617
ExecutionTime = 0.14 s  ClockTime = 0 s

Time = 13

smoothSolver:  Solving for Ux, Initial residual = 0.73358911, Final residual = 0.0067103621, No Iterations 3
smoothSolver:  Solving for Uy, Initial residual = 0.46527197, Final residual = 0.0021366955, No Iterations 3
smoothSolver:  Solving for Uz, Initial residual = 0.46527181, Final residual = 0.0021366936, No Iterations 3
GAMG:  Solving for p, Initial residual = 0.32693956, Final residual = 0.0030861954, No Iterations 76
GAMG:  Solving for p, Initial residual = 0.0032412501, Final residual = 3.2035047e-05, No Iterations 124
time step continuity errors : sum local = 0.00050184422, global = -0.00010570706, cumulative = 0.0011785506
smoothSolver:  Solving for epsilon, Initial residual = 0.060827319, Final residual = 5.8859417e-05, No Iterations 1
smoothSolver:  Solving for k, Initial residual = 0.11560389, Final residual = 0.00062380906, No Iterations 1
bounding k, min: 0 max: 38.224273 average: 3.4447146
ExecutionTime = 0.15 s  ClockTime = 0 s

Time = 14

smoothSolver:  Solving for Ux, Initial residual = 0.40693193, Final residual = 0.0035595449, No Iterations 3
smoothSolver:  Solving for Uy, Initial residual = 0.32542988, Final residual = 0.001908837, No Iterations 3
smoothSolver:  Solving for Uz, Initial residual = 0.32542994, Final residual = 0.0019088364, No Iterations 3
GAMG:  Solving for p, Initial residual = 0.39261153, Final residual = 0.0037723705, No Iterations 94
GAMG:  Solving for p, Initial residual = 0.0027456521, Final residual = 2.6467511e-05, No Iterations 126
time step continuity errors : sum local = 0.00054517463, global = -0.00011267176, cumulative = 0.0010658789
smoothSolver:  Solving for epsilon, Initial residual = 0.20349274, Final residual = 0.00027040878, No Iterations 1
smoothSolver:  Solving for k, Initial residual = 0.15262735, Final residual = 0.00063665494, No Iterations 1
bounding k, min: 0 max: 50.325093 average: 4.2947854
ExecutionTime = 0.16 s  ClockTime = 0 s

Time = 15

smoothSolver:  Solving for Ux, Initial residual = 0.67827354, Final residual = 0.0063228355, No Iterations 3
smoothSolver:  Solving for Uy, Initial residual = 0.33535544, Final residual = 0.0025364522, No Iterations 3
smoothSolver:  Solving for Uz, Initial residual = 0.33535559, Final residual = 0.0025364526, No Iterations 3
GAMG:  Solving for p, Initial residual = 0.3384569, Final residual = 0.0032500659, No Iterations 60
GAMG:  Solving for p, Initial residual = 0.0028503522, Final residual = 2.7999638e-05, No Iterations 126
time step continuity errors : sum local = 0.00047669805, global = 9.9687826e-05, cumulative = 0.0011655667
smoothSolver:  Solving for epsilon, Initial residual = 0.17643799, Final residual = 0.00022774679, No Iterations 1
smoothSolver:  Solving for k, Initial residual = 0.14844162, Final residual = 0.00062248405, No Iterations 1
bounding k, min: 0 max: 65.812506 average: 5.5168961
ExecutionTime = 0.16 s  ClockTime = 0 s

Time = 16

smoothSolver:  Solving for Ux, Initial residual = 0.44612139, Final residual = 0.0042418888, No Iterations 3
smoothSolver:  Solving for Uy, Initial residual = 0.15222894, Final residual = 0.0008662169, No Iterations 3
smoothSolver:  Solving for Uz, Initial residual = 0.15222893, Final residual = 0.00086621561, No Iterations 3
GAMG:  Solving for p, Initial residual = 0.37237099, Final residual = 0.0035709934, No Iterations 82
GAMG:  Solving for p, Initial residual = 0.0025389456, Final residual = 2.3892631e-05, No Iterations 130
time step continuity errors : sum local = 0.00057744553, global = 0.00012050118, cumulative = 0.0012860679
smoothSolver:  Solving for epsilon, Initial residual = 0.10164431, Final residual = 0.00021234982, No Iterations 1
smoothSolver:  Solving for k, Initial residual = 0.11935551, Final residual = 0.00068584384, No Iterations 1
bounding k, min: 0 max: 81.913198 average: 6.9294423
ExecutionTime = 0.17 s  ClockTime = 0 s

Time = 17

smoothSolver:  Solving for Ux, Initial residual = 0.71223184, Final residual = 0.0017121511, No Iterations 4
smoothSolver:  Solving for Uy, Initial residual = 0.27098704, Final residual = 0.0024067725, No Iterations 3
smoothSolver:  Solving for Uz, Initial residual = 0.27098707, Final residual = 0.0024067694, No Iterations 3
GAMG:  Solving for p, Initial residual = 0.41800111, Final residual = 0.0040145961, No Iterations 14
GAMG:  Solving for p, Initial residual = 0.0029783901, Final residual = 2.9602576e-05, No Iterations 128
time step continuity errors : sum local = 0.00077386293, global = -0.00016345609, cumulative = 0.0011226118
smoothSolver:  Solving for epsilon, Initial residual = 0.07975162, Final residual = 0.00021136111, No Iterations 1
smoothSolver:  Solving for k, Initial residual = 0.11179738, Final residual = 0.0008788855, No Iterations 1
bounding k, min: 0 max: 99.525665 average: 8.6320326
ExecutionTime = 0.18 s  ClockTime = 0 s

Time = 18

smoothSolver:  Solving for Ux, Initial residual = 0.48651701, Final residual = 0.0012877187, No Iterations 4
smoothSolver:  Solving for Uy, Initial residual = 0.12235647, Final residual = 0.00038859038, No Iterations 4
smoothSolver:  Solving for Uz, Initial residual = 0.12235648, Final residual = 0.00038858948, No Iterations 4
GAMG:  Solving for p, Initial residual = 0.42592087, Final residual = 0.0040686851, No Iterations 64
GAMG:  Solving for p, Initial residual = 0.0026201467, Final residual = 2.5486618e-05, No Iterations 136
time step continuity errors : sum local = 0.00085589797, global = -0.00017324191, cumulative = 0.00094936988
smoothSolver:  Solving for epsilon, Initial residual = 0.12473085, Final residual = 0.00046963357, No Iterations 1
smoothSolver:  Solving for k, Initial residual = 0.11654246, Final residual = 2.2994877e-05, No Iterations 2
bounding k, min: 0 max: 121.83128 average: 10.836659
ExecutionTime = 0.18 s  ClockTime = 0 s

Time = 19

smoothSolver:  Solving for Ux, Initial residual = 0.5950693, Final residual = 0.0017812499, No Iterations 4
smoothSolver:  Solving for Uy, Initial residual = 0.11431553, Final residual = 0.00035544172, No Iterations 4
smoothSolver:  Solving for Uz, Initial residual = 0.11431553, Final residual = 0.00035544083, No Iterations 4
GAMG:  Solving for p, Initial residual = 0.35212619, Final residual = 0.0030805709, No Iterations 5
GAMG:  Solving for p, Initial residual = 0.0022956837, Final residual = 2.1814983e-05, No Iterations 130
time step continuity errors : sum local = 0.0007377593, global = -0.00015358825, cumulative = 0.00079578163
smoothSolver:  Solving for epsilon, Initial residual = 0.13596842, Final residual = 0.00063220422, No Iterations 1
smoothSolver:  Solving for k, Initial residual = 0.12504345, Final residual = 3.5317665e-05, No Iterations 2
bounding k, min: 0 max: 149.75012 average: 13.797701
ExecutionTime = 0.19 s  ClockTime = 0 s

Time = 20

smoothSolver:  Solving for Ux, Initial residual = 0.49544022, Final residual = 0.0017019863, No Iterations 4
smoothSolver:  Solving for Uy, Initial residual = 0.085641507, Final residual = 0.00030643553, No Iterations 4
smoothSolver:  Solving for Uz, Initial residual = 0.085641512, Final residual = 0.00030643477, No Iterations 4
GAMG:  Solving for p, Initial residual = 0.35287421, Final residual = 0.0034794044, No Iterations 54
GAMG:  Solving for p, Initial residual = 0.00271961, Final residual = 2.5513559e-05, No Iterations 144
time step continuity errors : sum local = 0.00090658882, global = 0.00018317174, cumulative = 0.00097895336
smoothSolver:  Solving for epsilon, Initial residual = 0.11837482, Final residual = 0.00078056264, No Iterations 1
smoothSolver:  Solving for k, Initial residual = 0.11064613, Final residual = 5.4887641e-05, No Iterations 2
bounding k, min: 0 max: 180.13404 average: 17.297744
ExecutionTime = 0.19 s  ClockTime = 0 s

Time = 21

smoothSolver:  Solving for Ux, Initial residual = 0.58599434, Final residual = 0.002063945, No Iterations 4
smoothSolver:  Solving for Uy, Initial residual = 0.055404515, Final residual = 0.00028909205, No Iterations 4
smoothSolver:  Solving for Uz, Initial residual = 0.055404516, Final residual = 0.00028909123, No Iterations 4
GAMG:  Solving for p, Initial residual = 0.34870689, Final residual = 0.0033668045, No Iterations 32
GAMG:  Solving for p, Initial residual = 0.0025138196, Final residual = 2.4512338e-05, No Iterations 144
time step continuity errors : sum local = 0.00093587151, global = 0.00020020015, cumulative = 0.0011791535
smoothSolver:  Solving for epsilon, Initial residual = 0.087465237, Final residual = 0.00074124008, No Iterations 1
smoothSolver:  Solving for k, Initial residual = 0.10470691, Final residual = 9.0958297e-05, No Iterations 2
bounding k, min: 0 max: 211.10316 average: 21.421597
ExecutionTime = 0.2 s  ClockTime = 0 s

Time = 22

smoothSolver:  Solving for Ux, Initial residual = 0.55025971, Final residual = 0.0024961706, No Iterations 4
smoothSolver:  Solving for Uy, Initial residual = 0.056093542, Final residual = 0.00019187698, No Iterations 4
smoothSolver:  Solving for Uz, Initial residual = 0.056093543, Final residual = 0.00019187641, No Iterations 4
GAMG:  Solving for p, Initial residual = 0.3459349, Final residual = 0.0034531964, No Iterations 28
GAMG:  Solving for p, Initial residual = 0.00248109, Final residual = 2.4070101e-05, No Iterations 152
time step continuity errors : sum local = 0.00093643126, global = -0.00018563346, cumulative = 0.00099352005
smoothSolver:  Solving for epsilon, Initial residual = 0.094429606, Final residual = 2.1400945e-05, No Iterations 2
smoothSolver:  Solving for k, Initial residual = 0.091614905, Final residual = 0.00012894019, No Iterations 2
bounding k, min: 0 max: 242.67236 average: 26.013682
ExecutionTime = 0.21 s  ClockTime = 0 s

Time = 23

smoothSolver:  Solving for Ux, Initial residual = 0.26933868, Final residual = 0.0010196285, No Iterations 4
smoothSolver:  Solving for Uy, Initial residual = 0.035963124, Final residual = 0.0002472131, No Iterations 3
smoothSolver:  Solving for Uz, Initial residual = 0.035963123, Final residual = 0.00024721218, No Iterations 3
GAMG:  Solving for p, Initial residual = 0.27196362, Final residual = 0.0026359615, No Iterations 30
GAMG:  Solving for p, Initial residual = 0.0019787822, Final residual = 1.9534844e-05, No Iterations 150
time step continuity errors : sum local = 0.00072128383, global = -0.00016289984, cumulative = 0.00083062021
smoothSolver:  Solving for epsilon, Initial residual = 0.085069252, Final residual = 2.6997713e-05, No Iterations 2
smoothSolver:  Solving for k, Initial residual = 0.098465407, Final residual = 0.00020045428, No Iterations 2
bounding k, min: 0 max: 276.11088 average: 31.59406
ExecutionTime = 0.21 s  ClockTime = 0 s

Time = 24

smoothSolver:  Solving for Ux, Initial residual = 0.41945511, Final residual = 0.0027174356, No Iterations 4
smoothSolver:  Solving for Uy, Initial residual = 0.053112228, Final residual = 0.00051743807, No Iterations 3
smoothSolver:  Solving for Uz, Initial residual = 0.053112228, Final residual = 0.00051743771, No Iterations 3
GAMG:  Solving for p, Initial residual = 0.233346, Final residual = 0.0022831402, No Iterations 34
GAMG:  Solving for p, Initial residual = 0.0019352217, Final residual = 1.9294578e-05, No Iterations 160
time step continuity errors : sum local = 0.00057427386, global = 0.0001140103, cumulative = 0.00094463052
smoothSolver:  Solving for epsilon, Initial residual = 0.09587169, Final residual = 4.6211606e-05, No Iterations 2
smoothSolver:  Solving for k, Initial residual = 0.083305704, Final residual = 0.00023641538, No Iterations 2
bounding k, min: 0 max: 310.22366 average: 37.684624
ExecutionTime = 0.22 s  ClockTime = 0 s

Time = 25

smoothSolver:  Solving for Ux, Initial residual = 0.14310905, Final residual = 0.00089254423, No Iterations 4
smoothSolver:  Solving for Uy, Initial residual = 0.038828693, Final residual = 0.00025459901, No Iterations 4
smoothSolver:  Solving for Uz, Initial residual = 0.038828693, Final residual = 0.00025459893, No Iterations 4
GAMG:  Solving for p, Initial residual = 0.17388867, Final residual = 0.0017305898, No Iterations 46
GAMG:  Solving for p, Initial residual = 0.0015140339, Final residual = 1.4736277e-05, No Iterations 154
time step continuity errors : sum local = 0.0003817196, global = 9.1016799e-05, cumulative = 0.0010356473
smoothSolver:  Solving for epsilon, Initial residual = 0.068664831, Final residual = 4.3451296e-05, No Iterations 2
smoothSolver:  Solving for k, Initial residual = 0.087795857, Final residual = 0.00032881067, No Iterations 2
bounding k, min: 0 max: 343.83844 average: 44.721105
ExecutionTime = 0.23 s  ClockTime = 0 s

Time = 26

smoothSolver:  Solving for Ux, Initial residual = 0.2945696, Final residual = 0.0017846165, No Iterations 4
smoothSolver:  Solving for Uy, Initial residual = 0.059516535, Final residual = 0.00038856644, No Iterations 4
smoothSolver:  Solving for Uz, Initial residual = 0.059516535, Final residual = 0.00038856638, No Iterations 4
GAMG:  Solving for p, Initial residual = 0.14245534, Final residual = 0.0013755404, No Iterations 18
GAMG:  Solving for p, Initial residual = 0.0012156119, Final residual = 1.1866621e-05, No Iterations 168
time step continuity errors : sum local = 0.00025009643, global = -5.0913177e-05, cumulative = 0.00098473414
smoothSolver:  Solving for epsilon, Initial residual = 0.076795993, Final residual = 6.7823051e-05, No Iterations 2
smoothSolver:  Solving for k, Initial residual = 0.068103601, Final residual = 0.00033207183, No Iterations 2
bounding k, min: 0 max: 375.69513 average: 51.875126
ExecutionTime = 0.23 s  ClockTime = 0 s

Time = 27

smoothSolver:  Solving for Ux, Initial residual = 0.19662902, Final residual = 0.0015210818, No Iterations 4
smoothSolver:  Solving for Uy, Initial residual = 0.047545776, Final residual = 0.00044783213, No Iterations 4
smoothSolver:  Solving for Uz, Initial residual = 0.047545776, Final residual = 0.00044783167, No Iterations 4
GAMG:  Solving for p, Initial residual = 0.10593926, Final residual = 0.0010588384, No Iterations 66
GAMG:  Solving for p, Initial residual = 0.00092759129, Final residual = 8.9402517e-06, No Iterations 158
time step continuity errors : sum local = 0.00016673749, global = -4.0397694e-05, cumulative = 0.00094433645
smoothSolver:  Solving for epsilon, Initial residual = 0.055062704, Final residual = 6.005638e-05, No Iterations 2
smoothSolver:  Solving for k, Initial residual = 0.076639423, Final residual = 0.00046288342, No Iterations 2
bounding k, min: 0 max: 407.53937 average: 60.057661
ExecutionTime = 0.24 s  ClockTime = 0 s

Time = 28

smoothSolver:  Solving for Ux, Initial residual = 0.17434252, Final residual = 0.0013260888, No Iterations 4
smoothSolver:  Solving for Uy, Initial residual = 0.055265131, Final residual = 0.00044192437, No Iterations 4
smoothSolver:  Solving for Uz, Initial residual = 0.05526513, Final residual = 0.00044192398, No Iterations 4
GAMG:  Solving for p, Initial residual = 0.10474945, Final residual = 0.0010186303, No Iterations 40
GAMG:  Solving for p, Initial residual = 0.00095778659, Final residual = 9.1925041e-06, No Iterations 170
time step continuity errors : sum local = 0.00013150006, global = -2.6528067e-05, cumulative = 0.00091780838
smoothSolver:  Solving for epsilon, Initial residual = 0.068605197, Final residual = 0.00010219491, No Iterations 2
smoothSolver:  Solving for k, Initial residual = 0.057824113, Final residual = 0.00043697962, No Iterations 2
bounding k, min: 0 max: 438.92028 average: 68.151516
ExecutionTime = 0.25 s  ClockTime = 0 s

Time = 29

smoothSolver:  Solving for Ux, Initial residual = 0.16090151, Final residual = 0.0015746867, No Iterations 4
smoothSolver:  Solving for Uy, Initial residual = 0.045741494, Final residual = 0.00040491514, No Iterations 4
smoothSolver:  Solving for Uz, Initial residual = 0.045741494, Final residual = 0.00040491508, No Iterations 4
GAMG:  Solving for p, Initial residual = 0.12716726, Final residual = 0.0012424264, No Iterations 58
GAMG:  Solving for p, Initial residual = 0.0011544674, Final residual = 1.1489804e-05, No Iterations 156
time step continuity errors : sum local = 0.00014991714, global = 3.7428587e-05, cumulative = 0.00095523697
smoothSolver:  Solving for epsilon, Initial residual = 0.046386126, Final residual = 8.3712813e-05, No Iterations 2
smoothSolver:  Solving for k, Initial residual = 0.068396424, Final residual = 0.0006270303, No Iterations 2
bounding k, min: 0 max: 469.34911 average: 77.291457
ExecutionTime = 0.25 s  ClockTime = 0 s

Time = 30

smoothSolver:  Solving for Ux, Initial residual = 0.06445683, Final residual = 0.00026572224, No Iterations 4
smoothSolver:  Solving for Uy, Initial residual = 0.047895415, Final residual = 0.00032244427, No Iterations 4
smoothSolver:  Solving for Uz, Initial residual = 0.047895415, Final residual = 0.00032244423, No Iterations 4
GAMG:  Solving for p, Initial residual = 0.12450561, Final residual = 0.0012002444, No Iterations 46
GAMG:  Solving for p, Initial residual = 0.0011091352, Final residual = 1.1051145e-05, No Iterations 166
time step continuity errors : sum local = 0.00012402212, global = 2.5779364e-05, cumulative = 0.00098101633
smoothSolver:  Solving for epsilon, Initial residual = 0.057542446, Final residual = 0.00013986128, No Iterations 2
smoothSolver:  Solving for k, Initial residual = 0.050790252, Final residual = 7.420875e-05, No Iterations 3
bounding k, min: 0 max: 498.69759 average: 86.093331
ExecutionTime = 0.26 s  ClockTime = 0 s

Time = 31

smoothSolver:  Solving for Ux, Initial residual = 0.11524955, Final residual = 0.00062217871, No Iterations 4
smoothSolver:  Solving for Uy, Initial residual = 0.038630013, Final residual = 0.00023936536, No Iterations 4
smoothSolver:  Solving for Uz, Initial residual = 0.038630013, Final residual = 0.0002393653, No Iterations 4
GAMG:  Solving for p, Initial residual = 0.12445428, Final residual = 0.0012163939, No Iterations 46
GAMG:  Solving for p, Initial residual = 0.001169479, Final residual = 1.1317015e-05, No Iterations 154
time step continuity errors : sum local = 0.00011402596, global = -2.9447672e-05, cumulative = 0.00095156866
smoothSolver:  Solving for epsilon, Initial residual = 0.037815791, Final residual = 0.00011226492, No Iterations 2
smoothSolver:  Solving for k, Initial residual = 0.060221149, Final residual = 0.00011099945, No Iterations 3
bounding k, min: 0 max: 526.72451 average: 95.835305
ExecutionTime = 0.26 s  ClockTime = 0 s

Time = 32

smoothSolver:  Solving for Ux, Initial residual = 0.051572975, Final residual = 0.00026536566, No Iterations 4
smoothSolver:  Solving for Uy, Initial residual = 0.035825275, Final residual = 0.00017462722, No Iterations 4
smoothSolver:  Solving for Uz, Initial residual = 0.035825275, Final residual = 0.00017462717, No Iterations 4
GAMG:  Solving for p, Initial residual = 0.11123872, Final residual = 0.0010822059, No Iterations 54
GAMG:  Solving for p, Initial residual = 0.00098915371, Final residual = 9.5827374e-06, No Iterations 166
time step continuity errors : sum local = 9.0069445e-05, global = -1.8311426e-05, cumulative = 0.00093325723
smoothSolver:  Solving for epsilon, Initial residual = 0.048354819, Final residual = 0.00018845281, No Iterations 2
smoothSolver:  Solving for k, Initial residual = 0.04315983, Final residual = 0.00010094615, No Iterations 3
bounding k, min: 0 max: 553.58926 average: 105.00478
ExecutionTime = 0.27 s  ClockTime = 0 s

Time = 33

smoothSolver:  Solving for Ux, Initial residual = 0.095581773, Final residual = 0.00035008515, No Iterations 5
smoothSolver:  Solving for Uy, Initial residual = 0.028243877, Final residual = 0.00015722565, No Iterations 4
smoothSolver:  Solving for Uz, Initial residual = 0.028243877, Final residual = 0.0001572256, No Iterations 4
GAMG:  Solving for p, Initial residual = 0.1045421, Final residual = 0.0010118111, No Iterations 38
GAMG:  Solving for p, Initial residual = 0.00099065567, Final residual = 9.6082037e-06, No Iterations 152
time step continuity errors : sum local = 8.2110366e-05, global = 2.1480254e-05, cumulative = 0.00095473749
smoothSolver:  Solving for epsilon, Initial residual = 0.032882122, Final residual = 0.00015014315, No Iterations 2
smoothSolver:  Solving for k, Initial residual = 0.05357663, Final residual = 0.00015259227, No Iterations 3
bounding k, min: 0 max: 579.42242 average: 115.00855
ExecutionTime = 0.27 s  ClockTime = 0 s

Time = 34

smoothSolver:  Solving for Ux, Initial residual = 0.065139235, Final residual = 0.00050526459, No Iterations 4
smoothSolver:  Solving for Uy, Initial residual = 0.026341442, Final residual = 0.00017208816, No Iterations 4
smoothSolver:  Solving for Uz, Initial residual = 0.026341442, Final residual = 0.00017208812, No Iterations 4
GAMG:  Solving for p, Initial residual = 0.10276037, Final residual = 0.0010201393, No Iterations 50
GAMG:  Solving for p, Initial residual = 0.00097046266, Final residual = 9.2180939e-06, No Iterations 168
time step continuity errors : sum local = 7.5024368e-05, global = 1.5774482e-05, cumulative = 0.00097051197
smoothSolver:  Solving for epsilon, Initial residual = 0.040827855, Final residual = 0.000235024, No Iterations 2
smoothSolver:  Solving for k, Initial residual = 0.040026398, Final residual = 0.00013838127, No Iterations 3
bounding k, min: 0 max: 604.02223 average: 124.31311
ExecutionTime = 0.27 s  ClockTime = 0 s

Time = 35

smoothSolver:  Solving for Ux, Initial residual = 0.047984721, Final residual = 0.00018907801, No Iterations 4
smoothSolver:  Solving for Uy, Initial residual = 0.022800878, Final residual = 0.00017043569, No Iterations 4
smoothSolver:  Solving for Uz, Initial residual = 0.022800878, Final residual = 0.00017043565, No Iterations 4
GAMG:  Solving for p, Initial residual = 0.10609505, Final residual = 0.00084306419, No Iterations 8
GAMG:  Solving for p, Initial residual = 0.00080921595, Final residual = 7.7706161e-06, No Iterations 140
time step continuity errors : sum local = 5.9367115e-05, global = -1.6112392e-05, cumulative = 0.00095439958
smoothSolver:  Solving for epsilon, Initial residual = 0.02760336, Final residual = 0.00018222781, No Iterations 2
smoothSolver:  Solving for k, Initial residual = 0.046526204, Final residual = 0.00018784509, No Iterations 3
bounding k, min: 0 max: 627.37041 average: 134.24624
ExecutionTime = 0.27 s  ClockTime = 0 s

Time = 36

smoothSolver:  Solving for Ux, Initial residual = 0.049489236, Final residual = 0.00024879377, No Iterations 4
smoothSolver:  Solving for Uy, Initial residual = 0.021593186, Final residual = 0.00014852525, No Iterations 4
smoothSolver:  Solving for Uz, Initial residual = 0.021593186, Final residual = 0.0001485252, No Iterations 4
GAMG:  Solving for p, Initial residual = 0.10131951, Final residual = 0.00098486436, No Iterations 48
GAMG:  Solving for p, Initial residual = 0.00092724319, Final residual = 9.0349516e-06, No Iterations 178
time step continuity errors : sum local = 6.7005313e-05, global = -1.3638313e-05, cumulative = 0.00094076126
smoothSolver:  Solving for epsilon, Initial residual = 0.033747228, Final residual = 0.00026686669, No Iterations 2
smoothSolver:  Solving for k, Initial residual = 0.034995489, Final residual = 0.00016452219, No Iterations 3
bounding k, min: 0 max: 649.60264 average: 143.48481
ExecutionTime = 0.28 s  ClockTime = 0 s

Time = 37

smoothSolver:  Solving for Ux, Initial residual = 0.047970391, Final residual = 0.00018740315, No Iterations 5
smoothSolver:  Solving for Uy, Initial residual = 0.019079805, Final residual = 0.00011658655, No Iterations 4
smoothSolver:  Solving for Uz, Initial residual = 0.019079805, Final residual = 0.00011658652, No Iterations 4
GAMG:  Solving for p, Initial residual = 0.093939809, Final residual = 0.00062101284, No Iterations 4
GAMG:  Solving for p, Initial residual = 0.00060182839, Final residual = 5.9664252e-06, No Iterations 136
time step continuity errors : sum local = 4.2300729e-05, global = -1.0768612e-05, cumulative = 0.00092999265
smoothSolver:  Solving for epsilon, Initial residual = 0.02523818, Final residual = 0.00022375303, No Iterations 2
smoothSolver:  Solving for k, Initial residual = 0.040749841, Final residual = 0.00021651069, No Iterations 3
bounding k, min: 0 max: 670.86743 average: 153.19777
ExecutionTime = 0.28 s  ClockTime = 0 s

Time = 38

smoothSolver:  Solving for Ux, Initial residual = 0.06399751, Final residual = 0.0005384866, No Iterations 4
smoothSolver:  Solving for Uy, Initial residual = 0.017918024, Final residual = 9.4902339e-05, No Iterations 4
smoothSolver:  Solving for Uz, Initial residual = 0.017918024, Final residual = 9.4902312e-05, No Iterations 4
GAMG:  Solving for p, Initial residual = 0.086024398, Final residual = 0.00085432087, No Iterations 19
GAMG:  Solving for p, Initial residual = 0.00083399818, Final residual = 8.2114892e-06, No Iterations 194
time step continuity errors : sum local = 5.5414439e-05, global = 1.0763863e-05, cumulative = 0.00094075652
smoothSolver:  Solving for epsilon, Initial residual = 0.029008459, Final residual = 3.1476156e-05, No Iterations 3
smoothSolver:  Solving for k, Initial residual = 0.031839868, Final residual = 0.00018997191, No Iterations 3
bounding k, min: 0 max: 691.12486 average: 162.22062
ExecutionTime = 0.29 s  ClockTime = 0 s

Time = 39

smoothSolver:  Solving for Ux, Initial residual = 0.044803202, Final residual = 0.00043974065, No Iterations 4
smoothSolver:  Solving for Uy, Initial residual = 0.01619004, Final residual = 8.1573289e-05, No Iterations 4
smoothSolver:  Solving for Uz, Initial residual = 0.016190041, Final residual = 8.157326e-05, No Iterations 4
GAMG:  Solving for p, Initial residual = 0.080041915, Final residual = 0.00079128356, No Iterations 13
GAMG:  Solving for p, Initial residual = 0.00077106996, Final residual = 7.669395e-06, No Iterations 192
time step continuity errors : sum local = 5.0791103e-05, global = 1.1573411e-05, cumulative = 0.00095232993
smoothSolver:  Solving for epsilon, Initial residual = 0.020824014, Final residual = 2.5775272e-05, No Iterations 3
smoothSolver:  Solving for k, Initial residual = 0.035136686, Final residual = 0.00022992513, No Iterations 3
bounding k, min: 0 max: 710.39076 average: 171.5596
ExecutionTime = 0.29 s  ClockTime = 0 s

Time = 40

smoothSolver:  Solving for Ux, Initial residual = 0.065449668, Final residual = 0.00037458518, No Iterations 4
smoothSolver:  Solving for Uy, Initial residual = 0.014805534, Final residual = 8.003168e-05, No Iterations 4
smoothSolver:  Solving for Uz, Initial residual = 0.014805534, Final residual = 8.0031649e-05, No Iterations 4
GAMG:  Solving for p, Initial residual = 0.077156229, Final residual = 0.00053918322, No Iterations 2
GAMG:  Solving for p, Initial residual = 0.00052181005, Final residual = 5.0767355e-06, No Iterations 136
time step continuity errors : sum local = 3.2750822e-05, global = -5.2089968e-06, cumulative = 0.00094712093
smoothSolver:  Solving for epsilon, Initial residual = 0.023924958, Final residual = 3.4716603e-05, No Iterations 3
smoothSolver:  Solving for k, Initial residual = 0.029635534, Final residual = 0.00021223779, No Iterations 3
bounding k, min: 0 max: 728.71895 average: 180.28628
ExecutionTime = 0.29 s  ClockTime = 0 s

Time = 41

smoothSolver:  Solving for Ux, Initial residual = 0.05065131, Final residual = 0.00045129328, No Iterations 4
smoothSolver:  Solving for Uy, Initial residual = 0.013271728, Final residual = 8.168029e-05, No Iterations 4
smoothSolver:  Solving for Uz, Initial residual = 0.013271728, Final residual = 8.168026e-05, No Iterations 4
GAMG:  Solving for p, Initial residual = 0.071394051, Final residual = 0.00066859001, No Iterations 10
GAMG:  Solving for p, Initial residual = 0.00064712844, Final residual = 6.2099879e-06, No Iterations 190
time step continuity errors : sum local = 3.9441994e-05, global = -7.3226842e-06, cumulative = 0.00093979825
smoothSolver:  Solving for epsilon, Initial residual = 0.020182639, Final residual = 3.2922618e-05, No Iterations 3
smoothSolver:  Solving for k, Initial residual = 0.031473609, Final residual = 0.00024288111, No Iterations 3
bounding k, min: 0 max: 746.2131 average: 189.14981
ExecutionTime = 0.3 s  ClockTime = 0 s

Time = 42

smoothSolver:  Solving for Ux, Initial residual = 0.066414283, Final residual = 0.00055329956, No Iterations 4
smoothSolver:  Solving for Uy, Initial residual = 0.012592988, Final residual = 8.0506468e-05, No Iterations 4
smoothSolver:  Solving for Uz, Initial residual = 0.012592988, Final residual = 8.0506441e-05, No Iterations 4
GAMG:  Solving for p, Initial residual = 0.071581431, Final residual = 0.00066708118, No Iterations 6
GAMG:  Solving for p, Initial residual = 0.00065061936, Final residual = 6.4642858e-06, No Iterations 184
time step continuity errors : sum local = 3.9990105e-05, global = -4.583482e-06, cumulative = 0.00093521476
smoothSolver:  Solving for epsilon, Initial residual = 0.020764198, Final residual = 3.8345967e-05, No Iterations 3
smoothSolver:  Solving for k, Initial residual = 0.028084145, Final residual = 0.00023265849, No Iterations 3
bounding k, min: 0 max: 762.96688 average: 197.59659
ExecutionTime = 0.3 s  ClockTime = 0 s

Time = 43

smoothSolver:  Solving for Ux, Initial residual = 0.076628421, Final residual = 0.0002599214, No Iterations 5
smoothSolver:  Solving for Uy, Initial residual = 0.012324613, Final residual = 7.006233e-05, No Iterations 4
smoothSolver:  Solving for Uz, Initial residual = 0.012324613, Final residual = 7.0062311e-05, No Iterations 4
GAMG:  Solving for p, Initial residual = 0.066573271, Final residual = 0.00034301484, No Iterations 4
GAMG:  Solving for p, Initial residual = 0.00033456869, Final residual = 3.1946568e-06, No Iterations 162
time step continuity errors : sum local = 1.946521e-05, global = 2.1571423e-06, cumulative = 0.00093737191
smoothSolver:  Solving for epsilon, Initial residual = 0.018630826, Final residual = 3.8201962e-05, No Iterations 3
smoothSolver:  Solving for k, Initial residual = 0.028438066, Final residual = 0.00025051061, No Iterations 3
bounding k, min: 0 max: 779.04027 average: 206.00923
ExecutionTime = 0.3 s  ClockTime = 0 s

Time = 44

smoothSolver:  Solving for Ux, Initial residual = 0.096957395, Final residual = 0.00080140024, No Iterations 4
smoothSolver:  Solving for Uy, Initial residual = 0.012619877, Final residual = 6.2789981e-05, No Iterations 4
smoothSolver:  Solving for Uz, Initial residual = 0.012619877, Final residual = 6.2789962e-05, No Iterations 4
GAMG:  Solving for p, Initial residual = 0.062406887, Final residual = 0.00062062776, No Iterations 6
GAMG:  Solving for p, Initial residual = 0.00060413949, Final residual = 5.9997234e-06, No Iterations 180
time step continuity errors : sum local = 3.6148979e-05, global = 2.8915721e-06, cumulative = 0.00094026348
smoothSolver:  Solving for epsilon, Initial residual = 0.018269204, Final residual = 4.1217037e-05, No Iterations 3
smoothSolver:  Solving for k, Initial residual = 0.026392054, Final residual = 0.00024624833, No Iterations 3
bounding k, min: 0 max: 794.45449 average: 214.01365
ExecutionTime = 0.31 s  ClockTime = 0 s

Time = 45

smoothSolver:  Solving for Ux, Initial residual = 0.080422182, Final residual = 0.00076929058, No Iterations 4
smoothSolver:  Solving for Uy, Initial residual = 0.012138099, Final residual = 5.8769169e-05, No Iterations 4
smoothSolver:  Solving for Uz, Initial residual = 0.012138099, Final residual = 5.8769151e-05, No Iterations 4
GAMG:  Solving for p, Initial residual = 0.056727891, Final residual = 0.00043924672, No Iterations 6
GAMG:  Solving for p, Initial residual = 0.00042778391, Final residual = 4.066367e-06, No Iterations 180
time step continuity errors : sum local = 2.4241526e-05, global = 1.9665166e-06, cumulative = 0.00094222999
smoothSolver:  Solving for epsilon, Initial residual = 0.016904642, Final residual = 4.1595285e-05, No Iterations 3
smoothSolver:  Solving for k, Initial residual = 0.025645468, Final residual = 0.00025153695, No Iterations 3
bounding k, min: 0 max: 809.22398 average: 221.93452
ExecutionTime = 0.31 s  ClockTime = 0 s

Time = 46

smoothSolver:  Solving for Ux, Initial residual = 0.073136175, Final residual = 0.00061129171, No Iterations 4
smoothSolver:  Solving for Uy, Initial residual = 0.011140103, Final residual = 5.7396606e-05, No Iterations 4
smoothSolver:  Solving for Uz, Initial residual = 0.011140103, Final residual = 5.7396588e-05, No Iterations 4
GAMG:  Solving for p, Initial residual = 0.053662444, Final residual = 0.00049473581, No Iterations 4
GAMG:  Solving for p, Initial residual = 0.00048292058, Final residual = 4.692187e-06, No Iterations 46
time step continuity errors : sum local = 2.7645193e-05, global = 1.9494949e-06, cumulative = 0.00094417949
smoothSolver:  Solving for epsilon, Initial residual = 0.016052565, Final residual = 4.280792e-05, No Iterations 3
smoothSolver:  Solving for k, Initial residual = 0.024138504, Final residual = 5.5252071e-05, No Iterations 4
bounding k, min: 0 max: 823.49854 average: 229.58547
ExecutionTime = 0.31 s  ClockTime = 0 s

Time = 47

smoothSolver:  Solving for Ux, Initial residual = 0.057962146, Final residual = 0.00044760553, No Iterations 4
smoothSolver:  Solving for Uy, Initial residual = 0.0094343201, Final residual = 6.1733745e-05, No Iterations 4
smoothSolver:  Solving for Uz, Initial residual = 0.0094343203, Final residual = 6.1733727e-05, No Iterations 4
GAMG:  Solving for p, Initial residual = 0.051290867, Final residual = 0.00039545968, No Iterations 6
GAMG:  Solving for p, Initial residual = 0.00038494776, Final residual = 3.8031266e-06, No Iterations 160
time step continuity errors : sum local = 2.2389124e-05, global = -1.506768e-06, cumulative = 0.00094267272
smoothSolver:  Solving for epsilon, Initial residual = 0.015147048, Final residual = 4.3590677e-05, No Iterations 3
smoothSolver:  Solving for k, Initial residual = 0.022991394, Final residual = 5.5684126e-05, No Iterations 4
bounding k, min: 0 max: 843.42516 average: 236.99724
ExecutionTime = 0.31 s  ClockTime = 0 s

Time = 48

smoothSolver:  Solving for Ux, Initial residual = 0.047053806, Final residual = 0.00032375293, No Iterations 4
smoothSolver:  Solving for Uy, Initial residual = 0.0084348347, Final residual = 6.3478588e-05, No Iterations 4
smoothSolver:  Solving for Uz, Initial residual = 0.0084348347, Final residual = 6.3478568e-05, No Iterations 4
GAMG:  Solving for p, Initial residual = 0.048438672, Final residual = 0.00037379021, No Iterations 4
GAMG:  Solving for p, Initial residual = 0.00036165827, Final residual = 3.5812695e-06, No Iterations 152
time step continuity errors : sum local = 2.1209001e-05, global = -1.3780164e-06, cumulative = 0.0009412947
smoothSolver:  Solving for epsilon, Initial residual = 0.014296808, Final residual = 4.4158997e-05, No Iterations 3
smoothSolver:  Solving for k, Initial residual = 0.021849275, Final residual = 5.5741406e-05, No Iterations 4
bounding k, min: 0 max: 864.62038 average: 244.15555
ExecutionTime = 0.32 s  ClockTime = 0 s

Time = 49

smoothSolver:  Solving for Ux, Initial residual = 0.04020933, Final residual = 0.00025453631, No Iterations 4
smoothSolver:  Solving for Uy, Initial residual = 0.0081756368, Final residual = 5.7911615e-05, No Iterations 4
smoothSolver:  Solving for Uz, Initial residual = 0.0081756369, Final residual = 5.7911596e-05, No Iterations 4
GAMG:  Solving for p, Initial residual = 0.045582184, Final residual = 0.00027442273, No Iterations 2
GAMG:  Solving for p, Initial residual = 0.00026406199, Final residual = 2.609458e-06, No Iterations 113
time step continuity errors : sum local = 1.5533927e-05, global = 9.8736948e-07, cumulative = 0.00094228207
smoothSolver:  Solving for epsilon, Initial residual = 0.013500071, Final residual = 4.4501785e-05, No Iterations 3
smoothSolver:  Solving for k, Initial residual = 0.020813705, Final residual = 5.5623648e-05, No Iterations 4
bounding k, min: 0 max: 884.96039 average: 251.08142
ExecutionTime = 0.32 s  ClockTime = 0 s

Time = 50

smoothSolver:  Solving for Ux, Initial residual = 0.035934022, Final residual = 0.00020852583, No Iterations 4
smoothSolver:  Solving for Uy, Initial residual = 0.0078561423, Final residual = 4.9321531e-05, No Iterations 4
smoothSolver:  Solving for Uz, Initial residual = 0.0078561424, Final residual = 4.9321513e-05, No Iterations 4
GAMG:  Solving for p, Initial residual = 0.042881449, Final residual = 0.00041694261, No Iterations 2
GAMG:  Solving for p, Initial residual = 0.00040041691, Final residual = 3.8299351e-06, No Iterations 149
time step continuity errors : sum local = 2.2904646e-05, global = 1.4336715e-06, cumulative = 0.00094371575
smoothSolver:  Solving for epsilon, Initial residual = 0.012770913, Final residual = 4.4714639e-05, No Iterations 3
smoothSolver:  Solving for k, Initial residual = 0.019871667, Final residual = 5.5379098e-05, No Iterations 4
bounding k, min: 0 max: 904.50157 average: 257.7909
ExecutionTime = 0.32 s  ClockTime = 0 s

Time = 51

smoothSolver:  Solving for Ux, Initial residual = 0.032528389, Final residual = 0.00018629925, No Iterations 4
smoothSolver:  Solving for Uy, Initial residual = 0.007384984, Final residual = 4.3925143e-05, No Iterations 4
smoothSolver:  Solving for Uz, Initial residual = 0.0073849841, Final residual = 4.3925127e-05, No Iterations 4
GAMG:  Solving for p, Initial residual = 0.040228794, Final residual = 0.00038502373, No Iterations 2
GAMG:  Solving for p, Initial residual = 0.00037028486, Final residual = 3.7017679e-06, No Iterations 144
time step continuity errors : sum local = 2.2227407e-05, global = 1.3741875e-06, cumulative = 0.00094508993
smoothSolver:  Solving for epsilon, Initial residual = 0.012114862, Final residual = 4.4868072e-05, No Iterations 3
smoothSolver:  Solving for k, Initial residual = 0.019016799, Final residual = 5.5060661e-05, No Iterations 4
bounding k, min: 0 max: 923.3176 average: 264.29737
ExecutionTime = 0.33 s  ClockTime = 0 s

Time = 52

smoothSolver:  Solving for Ux, Initial residual = 0.029915456, Final residual = 0.00017190067, No Iterations 4
smoothSolver:  Solving for Uy, Initial residual = 0.0067095163, Final residual = 4.3546568e-05, No Iterations 4
smoothSolver:  Solving for Uz, Initial residual = 0.0067095164, Final residual = 4.3546554e-05, No Iterations 4
GAMG:  Solving for p, Initial residual = 0.037811361, Final residual = 0.00024399503, No Iterations 2
GAMG:  Solving for p, Initial residual = 0.00023516266, Final residual = 2.2760524e-06, No Iterations 101
time step continuity errors : sum local = 1.371879e-05, global = 8.394653e-07, cumulative = 0.0009459294
smoothSolver:  Solving for epsilon, Initial residual = 0.011534592, Final residual = 4.502201e-05, No Iterations 3
smoothSolver:  Solving for k, Initial residual = 0.018243391, Final residual = 5.4709755e-05, No Iterations 4
bounding k, min: 0 max: 941.48906 average: 270.61359
ExecutionTime = 0.33 s  ClockTime = 0 s

Time = 53

smoothSolver:  Solving for Ux, Initial residual = 0.026951021, Final residual = 0.00017459104, No Iterations 4
smoothSolver:  Solving for Uy, Initial residual = 0.0061734605, Final residual = 4.5453365e-05, No Iterations 4
smoothSolver:  Solving for Uz, Initial residual = 0.0061734606, Final residual = 4.5453353e-05, No Iterations 4
GAMG:  Solving for p, Initial residual = 0.035843831, Final residual = 0.00027517367, No Iterations 2
GAMG:  Solving for p, Initial residual = 0.00026570769, Final residual = 2.5530009e-06, No Iterations 134
time step continuity errors : sum local = 1.544709e-05, global = -9.3715001e-07, cumulative = 0.00094499225
smoothSolver:  Solving for epsilon, Initial residual = 0.011023184, Final residual = 4.5194413e-05, No Iterations 3
smoothSolver:  Solving for k, Initial residual = 0.017542604, Final residual = 5.4343608e-05, No Iterations 4
bounding k, min: 0 max: 959.0855 average: 276.7518
ExecutionTime = 0.33 s  ClockTime = 0 s

Time = 54

smoothSolver:  Solving for Ux, Initial residual = 0.024824444, Final residual = 0.00019406768, No Iterations 4
smoothSolver:  Solving for Uy, Initial residual = 0.005893109, Final residual = 4.5981924e-05, No Iterations 4
smoothSolver:  Solving for Uz, Initial residual = 0.005893109, Final residual = 4.5981912e-05, No Iterations 4
GAMG:  Solving for p, Initial residual = 0.034157866, Final residual = 0.00025917028, No Iterations 2
GAMG:  Solving for p, Initial residual = 0.00025066905, Final residual = 2.4939958e-06, No Iterations 141
time step continuity errors : sum local = 1.5148214e-05, global = -9.1210103e-07, cumulative = 0.00094408015
smoothSolver:  Solving for epsilon, Initial residual = 0.010562586, Final residual = 4.5347467e-05, No Iterations 3
smoothSolver:  Solving for k, Initial residual = 0.016901101, Final residual = 5.3951547e-05, No Iterations 4
bounding k, min: 0 max: 976.14954 average: 282.7226
ExecutionTime = 0.33 s  ClockTime = 0 s

Time = 55

smoothSolver:  Solving for Ux, Initial residual = 0.023591073, Final residual = 0.0001991995, No Iterations 4
smoothSolver:  Solving for Uy, Initial residual = 0.0056515239, Final residual = 4.3817643e-05, No Iterations 4
smoothSolver:  Solving for Uz, Initial residual = 0.005651524, Final residual = 4.3817632e-05, No Iterations 4
GAMG:  Solving for p, Initial residual = 0.032629368, Final residual = 0.00018802717, No Iterations 2
GAMG:  Solving for p, Initial residual = 0.00018214142, Final residual = 1.8039851e-06, No Iterations 98
time step continuity errors : sum local = 1.0997438e-05, global = -6.5794368e-07, cumulative = 0.0009434222
smoothSolver:  Solving for epsilon, Initial residual = 0.010131671, Final residual = 4.5416769e-05, No Iterations 3
smoothSolver:  Solving for k, Initial residual = 0.016304556, Final residual = 5.3510369e-05, No Iterations 4
bounding k, min: 0 max: 992.69549 average: 288.53395
ExecutionTime = 0.34 s  ClockTime = 0 s

Time = 56

smoothSolver:  Solving for Ux, Initial residual = 0.021390263, Final residual = 0.0001622877, No Iterations 4
smoothSolver:  Solving for Uy, Initial residual = 0.0054250719, Final residual = 4.0306368e-05, No Iterations 4
smoothSolver:  Solving for Uz, Initial residual = 0.0054250719, Final residual = 4.0306358e-05, No Iterations 4
GAMG:  Solving for p, Initial residual = 0.031168059, Final residual = 0.00019303782, No Iterations 2
GAMG:  Solving for p, Initial residual = 0.00018727313, Final residual = 1.784229e-06, No Iterations 125
time step continuity errors : sum local = 1.0913807e-05, global = 6.488208e-07, cumulative = 0.00094407102
smoothSolver:  Solving for epsilon, Initial residual = 0.0097172943, Final residual = 4.5362494e-05, No Iterations 3
smoothSolver:  Solving for k, Initial residual = 0.015742947, Final residual = 5.3008017e-05, No Iterations 4
bounding k, min: 0 max: 1008.7247 average: 294.19164
ExecutionTime = 0.34 s  ClockTime = 0 s

Time = 57

smoothSolver:  Solving for Ux, Initial residual = 0.021044983, Final residual = 0.00015722069, No Iterations 4
smoothSolver:  Solving for Uy, Initial residual = 0.0051807985, Final residual = 3.7486534e-05, No Iterations 4
smoothSolver:  Solving for Uz, Initial residual = 0.0051807985, Final residual = 3.7486525e-05, No Iterations 4
GAMG:  Solving for p, Initial residual = 0.029679028, Final residual = 0.00019932591, No Iterations 2
GAMG:  Solving for p, Initial residual = 0.00019364203, Final residual = 1.837642e-06, No Iterations 129
time step continuity errors : sum local = 1.1275317e-05, global = 6.6666414e-07, cumulative = 0.00094473769
smoothSolver:  Solving for epsilon, Initial residual = 0.0093195835, Final residual = 4.5201878e-05, No Iterations 3
smoothSolver:  Solving for k, Initial residual = 0.015212745, Final residual = 5.2455537e-05, No Iterations 4
bounding k, min: 0 max: 1024.2461 average: 299.70086
ExecutionTime = 0.34 s  ClockTime = 0 s

Time = 58

smoothSolver:  Solving for Ux, Initial residual = 0.02431689, Final residual = 0.00019174367, No Iterations 4
smoothSolver:  Solving for Uy, Initial residual = 0.0049329548, Final residual = 3.6188466e-05, No Iterations 4
smoothSolver:  Solving for Uz, Initial residual = 0.0049329548, Final residual = 3.6188458e-05, No Iterations 4
GAMG:  Solving for p, Initial residual = 0.028224645, Final residual = 0.00016350169, No Iterations 2
GAMG:  Solving for p, Initial residual = 0.0001590437, Final residual = 1.5777026e-06, No Iterations 111
time step continuity errors : sum local = 9.7085957e-06, global = 5.7108296e-07, cumulative = 0.00094530877
smoothSolver:  Solving for epsilon, Initial residual = 0.00894746, Final residual = 4.4996088e-05, No Iterations 3
smoothSolver:  Solving for k, Initial residual = 0.014701041, Final residual = 5.1831211e-05, No Iterations 4
bounding k, min: 0 max: 1039.288 average: 305.06757
ExecutionTime = 0.35 s  ClockTime = 0 s

Time = 59

smoothSolver:  Solving for Ux, Initial residual = 0.024725242, Final residual = 0.00019832802, No Iterations 4
smoothSolver:  Solving for Uy, Initial residual = 0.0047027634, Final residual = 3.5803208e-05, No Iterations 4
smoothSolver:  Solving for Uz, Initial residual = 0.0047027635, Final residual = 3.58032e-05, No Iterations 4
GAMG:  Solving for p, Initial residual = 0.026962992, Final residual = 0.00016093416, No Iterations 2
GAMG:  Solving for p, Initial residual = 0.00015673058, Final residual = 1.5589218e-06, No Iterations 108
time step continuity errors : sum local = 9.6200699e-06, global = -5.6327703e-07, cumulative = 0.00094474549
smoothSolver:  Solving for epsilon, Initial residual = 0.0086092421, Final residual = 4.4806839e-05, No Iterations 3
smoothSolver:  Solving for k, Initial residual = 0.014223148, Final residual = 5.1207797e-05, No Iterations 4
bounding k, min: 0 max: 1053.8928 average: 310.29878
ExecutionTime = 0.35 s  ClockTime = 0 s

Time = 60

smoothSolver:  Solving for Ux, Initial residual = 0.021989508, Final residual = 0.00017865962, No Iterations 4
smoothSolver:  Solving for Uy, Initial residual = 0.0045081756, Final residual = 3.5293674e-05, No Iterations 4
smoothSolver:  Solving for Uz, Initial residual = 0.0045081756, Final residual = 3.5293666e-05, No Iterations 4
GAMG:  Solving for p, Initial residual = 0.025869799, Final residual = 0.00015700758, No Iterations 2
GAMG:  Solving for p, Initial residual = 0.00015307361, Final residual = 1.4543457e-06, No Iterations 118
time step continuity errors : sum local = 8.9995552e-06, global = -5.2473356e-07, cumulative = 0.00094422076
smoothSolver:  Solving for epsilon, Initial residual = 0.0083056651, Final residual = 4.465803e-05, No Iterations 3
smoothSolver:  Solving for k, Initial residual = 0.013769863, Final residual = 5.0566556e-05, No Iterations 4
bounding k, min: 0 max: 1068.1037 average: 315.40173
ExecutionTime = 0.35 s  ClockTime = 0 s

Time = 61

smoothSolver:  Solving for Ux, Initial residual = 0.01886115, Final residual = 0.00015537886, No Iterations 4
smoothSolver:  Solving for Uy, Initial residual = 0.0043314195, Final residual = 3.4200363e-05, No Iterations 4
smoothSolver:  Solving for Uz, Initial residual = 0.0043314195, Final residual = 3.4200355e-05, No Iterations 4
GAMG:  Solving for p, Initial residual = 0.024845355, Final residual = 0.00013410822, No Iterations 2
GAMG:  Solving for p, Initial residual = 0.00013087846, Final residual = 1.2957169e-06, No Iterations 94
time step continuity errors : sum local = 8.0395653e-06, global = -4.6693168e-07, cumulative = 0.00094375383
smoothSolver:  Solving for epsilon, Initial residual = 0.0080299301, Final residual = 4.4530839e-05, No Iterations 3
smoothSolver:  Solving for k, Initial residual = 0.013344792, Final residual = 4.9929094e-05, No Iterations 4
bounding k, min: 0 max: 1081.9517 average: 320.38285
ExecutionTime = 0.35 s  ClockTime = 0 s

Time = 62

smoothSolver:  Solving for Ux, Initial residual = 0.017313492, Final residual = 0.00014565779, No Iterations 4
smoothSolver:  Solving for Uy, Initial residual = 0.0041757772, Final residual = 3.2766938e-05, No Iterations 4
smoothSolver:  Solving for Uz, Initial residual = 0.0041757773, Final residual = 3.2766931e-05, No Iterations 4
GAMG:  Solving for p, Initial residual = 0.023870751, Final residual = 0.00012814416, No Iterations 2
GAMG:  Solving for p, Initial residual = 0.00012517369, Final residual = 1.2334433e-06, No Iterations 103
time step continuity errors : sum local = 7.6731057e-06, global = 4.4380916e-07, cumulative = 0.00094419764
smoothSolver:  Solving for epsilon, Initial residual = 0.0077727654, Final residual = 4.4387967e-05, No Iterations 3
smoothSolver:  Solving for k, Initial residual = 0.012946146, Final residual = 4.9296021e-05, No Iterations 4
bounding k, min: 0 max: 1095.4538 average: 325.24737
ExecutionTime = 0.36 s  ClockTime = 0 s

Time = 63

smoothSolver:  Solving for Ux, Initial residual = 0.017539821, Final residual = 0.00014832614, No Iterations 4
smoothSolver:  Solving for Uy, Initial residual = 0.0040370599, Final residual = 3.14538e-05, No Iterations 4
smoothSolver:  Solving for Uz, Initial residual = 0.00403706, Final residual = 3.1453794e-05, No Iterations 4
GAMG:  Solving for p, Initial residual = 0.022966521, Final residual = 0.00013034209, No Iterations 2
GAMG:  Solving for p, Initial residual = 0.00012743323, Final residual = 1.268787e-06, No Iterations 115
time step continuity errors : sum local = 7.9127009e-06, global = 4.5617888e-07, cumulative = 0.00094465382
smoothSolver:  Solving for epsilon, Initial residual = 0.0075279294, Final residual = 4.4204695e-05, No Iterations 3
smoothSolver:  Solving for k, Initial residual = 0.012569343, Final residual = 4.8658204e-05, No Iterations 4
bounding k, min: 0 max: 1108.6186 average: 329.99962
ExecutionTime = 0.36 s  ClockTime = 0 s

Time = 64

smoothSolver:  Solving for Ux, Initial residual = 0.018832526, Final residual = 0.0001590792, No Iterations 4
smoothSolver:  Solving for Uy, Initial residual = 0.0039028435, Final residual = 3.0450297e-05, No Iterations 4
smoothSolver:  Solving for Uz, Initial residual = 0.0039028436, Final residual = 3.0450291e-05, No Iterations 4
GAMG:  Solving for p, Initial residual = 0.022121456, Final residual = 0.00012176147, No Iterations 2
GAMG:  Solving for p, Initial residual = 0.00011914294, Final residual = 1.151987e-06, No Iterations 87
time step continuity errors : sum local = 7.2015884e-06, global = 4.1334318e-07, cumulative = 0.00094506716
smoothSolver:  Solving for epsilon, Initial residual = 0.0072884422, Final residual = 4.3948379e-05, No Iterations 3
smoothSolver:  Solving for k, Initial residual = 0.012212319, Final residual = 4.8017356e-05, No Iterations 4
bounding k, min: 0 max: 1121.4553 average: 334.6437
ExecutionTime = 0.36 s  ClockTime = 0 s

Time = 65

smoothSolver:  Solving for Ux, Initial residual = 0.019997372, Final residual = 0.00016930676, No Iterations 4
smoothSolver:  Solving for Uy, Initial residual = 0.0037700759, Final residual = 2.9639859e-05, No Iterations 4
smoothSolver:  Solving for Uz, Initial residual = 0.003770076, Final residual = 2.9639853e-05, No Iterations 4
GAMG:  Solving for p, Initial residual = 0.021310729, Final residual = 0.00011712703, No Iterations 2
GAMG:  Solving for p, Initial residual = 0.00011469684, Final residual = 1.0972205e-06, No Iterations 71
time step continuity errors : sum local = 6.8752699e-06, global = -3.9404016e-07, cumulative = 0.00094467312
smoothSolver:  Solving for epsilon, Initial residual = 0.0070616954, Final residual = 4.3670719e-05, No Iterations 3
smoothSolver:  Solving for k, Initial residual = 0.011874713, Final residual = 4.7382158e-05, No Iterations 4
bounding k, min: 0 max: 1133.9776 average: 339.18391
ExecutionTime = 0.36 s  ClockTime = 0 s

Time = 66

smoothSolver:  Solving for Ux, Initial residual = 0.020292605, Final residual = 0.00017357481, No Iterations 4
smoothSolver:  Solving for Uy, Initial residual = 0.003640933, Final residual = 2.8828355e-05, No Iterations 4
smoothSolver:  Solving for Uz, Initial residual = 0.003640933, Final residual = 2.882835e-05, No Iterations 4
GAMG:  Solving for p, Initial residual = 0.020556389, Final residual = 0.00011470579, No Iterations 2
GAMG:  Solving for p, Initial residual = 0.00011240723, Final residual = 1.1046995e-06, No Iterations 100
time step continuity errors : sum local = 6.9379631e-06, global = -3.9613065e-07, cumulative = 0.00094427699
smoothSolver:  Solving for epsilon, Initial residual = 0.0068443328, Final residual = 4.3359292e-05, No Iterations 3
smoothSolver:  Solving for k, Initial residual = 0.011556324, Final residual = 4.676067e-05, No Iterations 4
bounding k, min: 0 max: 1146.2033 average: 343.62474
ExecutionTime = 0.37 s  ClockTime = 0 s

Time = 67

smoothSolver:  Solving for Ux, Initial residual = 0.019831063, Final residual = 0.00017185184, No Iterations 4
smoothSolver:  Solving for Uy, Initial residual = 0.0035209625, Final residual = 2.7959549e-05, No Iterations 4
smoothSolver:  Solving for Uz, Initial residual = 0.0035209626, Final residual = 2.7959544e-05, No Iterations 4
GAMG:  Solving for p, Initial residual = 0.019858681, Final residual = 0.00010645947, No Iterations 2
GAMG:  Solving for p, Initial residual = 0.0001043971, Final residual = 1.0218817e-06, No Iterations 78
time step continuity errors : sum local = 6.4321543e-06, global = -3.6669013e-07, cumulative = 0.0009439103
smoothSolver:  Solving for epsilon, Initial residual = 0.0066419066, Final residual = 4.3056826e-05, No Iterations 3
smoothSolver:  Solving for k, Initial residual = 0.011256211, Final residual = 4.6155955e-05, No Iterations 4
bounding k, min: 0 max: 1158.1501 average: 347.97055
ExecutionTime = 0.37 s  ClockTime = 0 s

Time = 68

smoothSolver:  Solving for Ux, Initial residual = 0.019191151, Final residual = 0.00016807882, No Iterations 4
smoothSolver:  Solving for Uy, Initial residual = 0.0034128064, Final residual = 2.7095799e-05, No Iterations 4
smoothSolver:  Solving for Uz, Initial residual = 0.0034128064, Final residual = 2.7095794e-05, No Iterations 4
GAMG:  Solving for p, Initial residual = 0.019202012, Final residual = 0.00010070811, No Iterations 2
GAMG:  Solving for p, Initial residual = 9.8820361e-05, Final residual = 9.6628938e-07, No Iterations 71
time step continuity errors : sum local = 6.0954707e-06, global = 3.4388401e-07, cumulative = 0.00094425418
smoothSolver:  Solving for epsilon, Initial residual = 0.0064528269, Final residual = 4.2761647e-05, No Iterations 3
smoothSolver:  Solving for k, Initial residual = 0.010972714, Final residual = 4.5566419e-05, No Iterations 4
bounding k, min: 0 max: 1169.8334 average: 352.22534
ExecutionTime = 0.37 s  ClockTime = 0 s

Time = 69

smoothSolver:  Solving for Ux, Initial residual = 0.018766285, Final residual = 0.0001649911, No Iterations 4
smoothSolver:  Solving for Uy, Initial residual = 0.0033150327, Final residual = 2.6310467e-05, No Iterations 4
smoothSolver:  Solving for Uz, Initial residual = 0.0033150328, Final residual = 2.6310462e-05, No Iterations 4
GAMG:  Solving for p, Initial residual = 0.018583143, Final residual = 9.9037122e-05, No Iterations 2
GAMG:  Solving for p, Initial residual = 9.7239431e-05, Final residual = 9.6791724e-07, No Iterations 93
time step continuity errors : sum local = 6.1187129e-06, global = 3.4623854e-07, cumulative = 0.00094460042
smoothSolver:  Solving for epsilon, Initial residual = 0.0062749566, Final residual = 4.246721e-05, No Iterations 3
smoothSolver:  Solving for k, Initial residual = 0.010704077, Final residual = 4.4989278e-05, No Iterations 4
bounding k, min: 0 max: 1181.2653 average: 356.3927
ExecutionTime = 0.37 s  ClockTime = 0 s

Time = 70

smoothSolver:  Solving for Ux, Initial residual = 0.018689395, Final residual = 0.00016367087, No Iterations 4
smoothSolver:  Solving for Uy, Initial residual = 0.0032229311, Final residual = 2.5600481e-05, No Iterations 4
smoothSolver:  Solving for Uz, Initial residual = 0.0032229311, Final residual = 2.5600529e-05, No Iterations 4
GAMG:  Solving for p, Initial residual = 0.018000146, Final residual = 9.4792087e-05, No Iterations 2
GAMG:  Solving for p, Initial residual = 9.3124469e-05, Final residual = 8.7615464e-07, No Iterations 67
time step continuity errors : sum local = 5.5501461e-06, global = 3.1435852e-07, cumulative = 0.00094491478
smoothSolver:  Solving for epsilon, Initial residual = 0.0061068064, Final residual = 4.217004e-05, No Iterations 3
smoothSolver:  Solving for k, Initial residual = 0.010448878, Final residual = 4.442297e-05, No Iterations 4
bounding k, min: 0 max: 1192.4562 average: 360.47601
ExecutionTime = 0.37 s  ClockTime = 0 s

Time = 71

smoothSolver:  Solving for Ux, Initial residual = 0.018683806, Final residual = 0.0001632128, No Iterations 4
smoothSolver:  Solving for Uy, Initial residual = 0.0031337036, Final residual = 2.4940264e-05, No Iterations 4
smoothSolver:  Solving for Uz, Initial residual = 0.0031337036, Final residual = 2.4940259e-05, No Iterations 4
GAMG:  Solving for p, Initial residual = 0.017451555, Final residual = 9.1274767e-05, No Iterations 2
GAMG:  Solving for p, Initial residual = 8.9717159e-05, Final residual = 8.9330744e-07, No Iterations 7
time step continuity errors : sum local = 5.6703333e-06, global = 4.8126517e-07, cumulative = 0.00094539605
smoothSolver:  Solving for epsilon, Initial residual = 0.005947723, Final residual = 4.1871464e-05, No Iterations 3
smoothSolver:  Solving for k, Initial residual = 0.010206174, Final residual = 4.3867884e-05, No Iterations 4
bounding k, min: 0 max: 1203.416 average: 364.47851
ExecutionTime = 0.38 s  ClockTime = 0 s

Time = 72

smoothSolver:  Solving for Ux, Initial residual = 0.018580081, Final residual = 0.00016234328, No Iterations 4
smoothSolver:  Solving for Uy, Initial residual = 0.0030474319, Final residual = 2.4292039e-05, No Iterations 4
smoothSolver:  Solving for Uz, Initial residual = 0.003047432, Final residual = 2.4292034e-05, No Iterations 4
GAMG:  Solving for p, Initial residual = 0.016933843, Final residual = 9.0013077e-05, No Iterations 2
GAMG:  Solving for p, Initial residual = 8.8520323e-05, Final residual = 8.7264748e-07, No Iterations 72
time step continuity errors : sum local = 5.5504511e-06, global = -3.1268299e-07, cumulative = 0.00094508336
smoothSolver:  Solving for epsilon, Initial residual = 0.0057973096, Final residual = 4.1574074e-05, No Iterations 3
smoothSolver:  Solving for k, Initial residual = 0.0099752668, Final residual = 4.332505e-05, No Iterations 4
bounding k, min: 0 max: 1214.1545 average: 368.4034
ExecutionTime = 0.38 s  ClockTime = 0 s

Time = 73

smoothSolver:  Solving for Ux, Initial residual = 0.018415532, Final residual = 0.00016128177, No Iterations 4
smoothSolver:  Solving for Uy, Initial residual = 0.0029656339, Final residual = 2.3652093e-05, No Iterations 4
smoothSolver:  Solving for Uz, Initial residual = 0.002965634, Final residual = 2.3652089e-05, No Iterations 4
GAMG:  Solving for p, Initial residual = 0.016444159, Final residual = 8.7032865e-05, No Iterations 2
GAMG:  Solving for p, Initial residual = 8.5628533e-05, Final residual = 8.2449915e-07, No Iterations 66
time step continuity errors : sum local = 5.2547581e-06, global = -2.9571863e-07, cumulative = 0.00094478764
smoothSolver:  Solving for epsilon, Initial residual = 0.0056549801, Final residual = 4.1278728e-05, No Iterations 3
smoothSolver:  Solving for k, Initial residual = 0.0097553928, Final residual = 4.2794629e-05, No Iterations 4
bounding k, min: 0 max: 1224.6807 average: 372.25373
ExecutionTime = 0.38 s  ClockTime = 0 s

Time = 74

smoothSolver:  Solving for Ux, Initial residual = 0.018303569, Final residual = 0.00016064295, No Iterations 4
smoothSolver:  Solving for Uy, Initial residual = 0.0028896776, Final residual = 2.3041705e-05, No Iterations 4
smoothSolver:  Solving for Uz, Initial residual = 0.0028896777, Final residual = 2.3041701e-05, No Iterations 4
GAMG:  Solving for p, Initial residual = 0.015980483, Final residual = 8.3363385e-05, No Iterations 2
GAMG:  Solving for p, Initial residual = 8.2053644e-05, Final residual = 7.9092765e-07, No Iterations 14
time step continuity errors : sum local = 5.0507615e-06, global = 2.9655562e-07, cumulative = 0.0009450842
smoothSolver:  Solving for epsilon, Initial residual = 0.0055199986, Final residual = 4.0984823e-05, No Iterations 3
smoothSolver:  Solving for k, Initial residual = 0.0095457396, Final residual = 4.2276102e-05, No Iterations 4
bounding k, min: 0 max: 1235.0032 average: 376.03235
ExecutionTime = 0.38 s  ClockTime = 0 s

Time = 75

smoothSolver:  Solving for Ux, Initial residual = 0.018244257, Final residual = 0.00016022247, No Iterations 4
smoothSolver:  Solving for Uy, Initial residual = 0.0028190347, Final residual = 2.247095e-05, No Iterations 4
smoothSolver:  Solving for Uz, Initial residual = 0.0028190347, Final residual = 2.2470946e-05, No Iterations 4
GAMG:  Solving for p, Initial residual = 0.015540698, Final residual = 8.1340228e-05, No Iterations 2
GAMG:  Solving for p, Initial residual = 8.0095731e-05, Final residual = 7.6165371e-07, No Iterations 75
time step continuity errors : sum local = 4.8732731e-06, global = 2.7080121e-07, cumulative = 0.000945355
smoothSolver:  Solving for epsilon, Initial residual = 0.0053916995, Final residual = 4.069182e-05, No Iterations 3
smoothSolver:  Solving for k, Initial residual = 0.0093455664, Final residual = 4.1768991e-05, No Iterations 4
bounding k, min: 0 max: 1245.1296 average: 379.74193
ExecutionTime = 0.38 s  ClockTime = 0 s

Time = 76

smoothSolver:  Solving for Ux, Initial residual = 0.018161772, Final residual = 0.00015926858, No Iterations 4
smoothSolver:  Solving for Uy, Initial residual = 0.0027512081, Final residual = 2.1924255e-05, No Iterations 4
smoothSolver:  Solving for Uz, Initial residual = 0.0027512081, Final residual = 2.1924251e-05, No Iterations 4
GAMG:  Solving for p, Initial residual = 0.015122813, Final residual = 7.9102771e-05, No Iterations 2
GAMG:  Solving for p, Initial residual = 7.792449e-05, Final residual = 7.3270494e-07, No Iterations 70
time step continuity errors : sum local = 4.6970136e-06, global = 2.6316258e-07, cumulative = 0.00094561816
smoothSolver:  Solving for epsilon, Initial residual = 0.00526965, Final residual = 4.040048e-05, No Iterations 3
smoothSolver:  Solving for k, Initial residual = 0.0091542806, Final residual = 4.1273333e-05, No Iterations 4
bounding k, min: 0 max: 1255.0677 average: 383.38497
ExecutionTime = 0.39 s  ClockTime = 0 s

Time = 77

smoothSolver:  Solving for Ux, Initial residual = 0.017942239, Final residual = 0.00015700939, No Iterations 4
smoothSolver:  Solving for Uy, Initial residual = 0.0026856569, Final residual = 2.1394888e-05, No Iterations 4
smoothSolver:  Solving for Uz, Initial residual = 0.0026856569, Final residual = 2.1394884e-05, No Iterations 4
GAMG:  Solving for p, Initial residual = 0.014725917, Final residual = 7.6511954e-05, No Iterations 2
GAMG:  Solving for p, Initial residual = 7.5401678e-05, Final residual = 7.4784639e-07, No Iterations 55
time step continuity errors : sum local = 4.8031026e-06, global = 2.6641559e-07, cumulative = 0.00094588458
smoothSolver:  Solving for epsilon, Initial residual = 0.0051536064, Final residual = 4.0112588e-05, No Iterations 3
smoothSolver:  Solving for k, Initial residual = 0.0089714589, Final residual = 4.078981e-05, No Iterations 4
bounding k, min: 0 max: 1264.8249 average: 386.96393
ExecutionTime = 0.39 s  ClockTime = 0 s

Time = 78

smoothSolver:  Solving for Ux, Initial residual = 0.017558198, Final residual = 0.00015336927, No Iterations 4
smoothSolver:  Solving for Uy, Initial residual = 0.0026229554, Final residual = 2.0886112e-05, No Iterations 4
smoothSolver:  Solving for Uz, Initial residual = 0.0026229555, Final residual = 2.0886109e-05, No Iterations 4
GAMG:  Solving for p, Initial residual = 0.014348791, Final residual = 7.4667419e-05, No Iterations 2
GAMG:  Solving for p, Initial residual = 7.3611231e-05, Final residual = 7.1286106e-07, No Iterations 15
time step continuity errors : sum local = 4.5869006e-06, global = -2.8185013e-07, cumulative = 0.00094560273
smoothSolver:  Solving for epsilon, Initial residual = 0.00504341, Final residual = 3.9830243e-05, No Iterations 3
smoothSolver:  Solving for k, Initial residual = 0.0087966957, Final residual = 4.0318863e-05, No Iterations 4
bounding k, min: 0 max: 1274.4089 average: 390.48119
ExecutionTime = 0.39 s  ClockTime = 0 s

Time = 79

smoothSolver:  Solving for Ux, Initial residual = 0.017101402, Final residual = 0.00014909546, No Iterations 4
smoothSolver:  Solving for Uy, Initial residual = 0.0025635305, Final residual = 2.0403125e-05, No Iterations 4
smoothSolver:  Solving for Uz, Initial residual = 0.0025635305, Final residual = 2.0403135e-05, No Iterations 4
GAMG:  Solving for p, Initial residual = 0.013990949, Final residual = 7.3146007e-05, No Iterations 2
GAMG:  Solving for p, Initial residual = 7.2136816e-05, Final residual = 6.782471e-07, No Iterations 42
time step continuity errors : sum local = 4.372165e-06, global = -2.4470918e-07, cumulative = 0.00094535802
smoothSolver:  Solving for epsilon, Initial residual = 0.0049386107, Final residual = 3.9552987e-05, No Iterations 3
smoothSolver:  Solving for k, Initial residual = 0.0086294978, Final residual = 3.9860129e-05, No Iterations 4
bounding k, min: 0 max: 1283.8264 average: 393.93903
ExecutionTime = 0.39 s  ClockTime = 0 s

Time = 80

smoothSolver:  Solving for Ux, Initial residual = 0.01666954, Final residual = 0.00014545725, No Iterations 4
smoothSolver:  Solving for Uy, Initial residual = 0.0025078603, Final residual = 1.9951996e-05, No Iterations 4
smoothSolver:  Solving for Uz, Initial residual = 0.0025078603, Final residual = 1.9951993e-05, No Iterations 4
GAMG:  Solving for p, Initial residual = 0.013651322, Final residual = 7.1099133e-05, No Iterations 2
GAMG:  Solving for p, Initial residual = 7.0141757e-05, Final residual = 6.6136715e-07, No Iterations 25
time step continuity errors : sum local = 4.2710575e-06, global = -2.5117639e-07, cumulative = 0.00094510684
smoothSolver:  Solving for epsilon, Initial residual = 0.0048387523, Final residual = 3.9280014e-05, No Iterations 3
smoothSolver:  Solving for k, Initial residual = 0.008469322, Final residual = 3.9412727e-05, No Iterations 4
bounding k, min: 0 max: 1293.0836 average: 397.3396
ExecutionTime = 0.39 s  ClockTime = 0 s

Time = 81

smoothSolver:  Solving for Ux, Initial residual = 0.016356164, Final residual = 0.00014270849, No Iterations 4
smoothSolver:  Solving for Uy, Initial residual = 0.0024551994, Final residual = 1.951929e-05, No Iterations 4
smoothSolver:  Solving for Uz, Initial residual = 0.0024551994, Final residual = 1.9519287e-05, No Iterations 4
GAMG:  Solving for p, Initial residual = 0.013327767, Final residual = 6.938445e-05, No Iterations 2
GAMG:  Solving for p, Initial residual = 6.8472074e-05, Final residual = 6.8158164e-07, No Iterations 32
time step continuity errors : sum local = 4.4094598e-06, global = 2.1191342e-07, cumulative = 0.00094531876
smoothSolver:  Solving for epsilon, Initial residual = 0.0047433182, Final residual = 3.9009802e-05, No Iterations 3
smoothSolver:  Solving for k, Initial residual = 0.0083156375, Final residual = 3.8975686e-05, No Iterations 4
bounding k, min: 0 max: 1302.1858 average: 400.68492
ExecutionTime = 0.39 s  ClockTime = 0 s

Time = 82

smoothSolver:  Solving for Ux, Initial residual = 0.016135897, Final residual = 0.00014061895, No Iterations 4
smoothSolver:  Solving for Uy, Initial residual = 0.0024047777, Final residual = 1.9096939e-05, No Iterations 4
smoothSolver:  Solving for Uz, Initial residual = 0.0024047777, Final residual = 1.9096936e-05, No Iterations 4
GAMG:  Solving for p, Initial residual = 0.013018583, Final residual = 6.8018688e-05, No Iterations 2
GAMG:  Solving for p, Initial residual = 6.7144759e-05, Final residual = 6.3017207e-07, No Iterations 65
time step continuity errors : sum local = 4.0840609e-06, global = 2.2250602e-07, cumulative = 0.00094554126
smoothSolver:  Solving for epsilon, Initial residual = 0.0046519156, Final residual = 3.8741589e-05, No Iterations 3
smoothSolver:  Solving for k, Initial residual = 0.0081680132, Final residual = 3.854848e-05, No Iterations 4
bounding k, min: 0 max: 1311.138 average: 403.97685
ExecutionTime = 0.4 s  ClockTime = 0 s

Time = 83

smoothSolver:  Solving for Ux, Initial residual = 0.015956541, Final residual = 0.00013869416, No Iterations 4
smoothSolver:  Solving for Uy, Initial residual = 0.0023556093, Final residual = 1.8679388e-05, No Iterations 4
smoothSolver:  Solving for Uz, Initial residual = 0.0023556093, Final residual = 1.8679385e-05, No Iterations 4
GAMG:  Solving for p, Initial residual = 0.012722705, Final residual = 6.6461619e-05, No Iterations 2
GAMG:  Solving for p, Initial residual = 6.5626821e-05, Final residual = 6.3659168e-07, No Iterations 63
time step continuity errors : sum local = 4.1328596e-06, global = 2.2461238e-07, cumulative = 0.00094576588
smoothSolver:  Solving for epsilon, Initial residual = 0.004564333, Final residual = 3.8475927e-05, No Iterations 3
smoothSolver:  Solving for k, Initial residual = 0.0080261254, Final residual = 3.8131075e-05, No Iterations 4
bounding k, min: 0 max: 1319.945 average: 407.2172
ExecutionTime = 0.4 s  ClockTime = 0 s

Time = 84

smoothSolver:  Solving for Ux, Initial residual = 0.015701961, Final residual = 0.00013626435, No Iterations 4
smoothSolver:  Solving for Uy, Initial residual = 0.0023081549, Final residual = 1.8275297e-05, No Iterations 4
smoothSolver:  Solving for Uz, Initial residual = 0.002308155, Final residual = 1.8275294e-05, No Iterations 4
GAMG:  Solving for p, Initial residual = 0.012439555, Final residual = 6.4810716e-05, No Iterations 2
GAMG:  Solving for p, Initial residual = 6.4014505e-05, Final residual = 6.0458112e-07, No Iterations 38
time step continuity errors : sum local = 3.9318084e-06, global = 1.9449098e-07, cumulative = 0.00094596037
smoothSolver:  Solving for epsilon, Initial residual = 0.0044805292, Final residual = 3.8214599e-05, No Iterations 3
smoothSolver:  Solving for k, Initial residual = 0.0078897523, Final residual = 3.7723884e-05, No Iterations 4
bounding k, min: 0 max: 1328.6119 average: 410.40771
ExecutionTime = 0.4 s  ClockTime = 0 s

Time = 85

smoothSolver:  Solving for Ux, Initial residual = 0.015325037, Final residual = 0.00013279889, No Iterations 4
smoothSolver:  Solving for Uy, Initial residual = 0.0022630081, Final residual = 1.7894096e-05, No Iterations 4
smoothSolver:  Solving for Uz, Initial residual = 0.0022630081, Final residual = 1.7894093e-05, No Iterations 4
GAMG:  Solving for p, Initial residual = 0.012168887, Final residual = 6.3475108e-05, No Iterations 2
GAMG:  Solving for p, Initial residual = 6.2712048e-05, Final residual = 4.8318149e-07, No Iterations 7
time step continuity errors : sum local = 3.1476621e-06, global = 1.8845428e-07, cumulative = 0.00094614882
smoothSolver:  Solving for epsilon, Initial residual = 0.0044004415, Final residual = 3.7959054e-05, No Iterations 3
smoothSolver:  Solving for k, Initial residual = 0.0077586768, Final residual = 3.7327162e-05, No Iterations 4
bounding k, min: 0 max: 1337.1437 average: 413.55007
ExecutionTime = 0.4 s  ClockTime = 0 s

Time = 86

smoothSolver:  Solving for Ux, Initial residual = 0.014878275, Final residual = 0.000128848, No Iterations 4
smoothSolver:  Solving for Uy, Initial residual = 0.0022202222, Final residual = 1.7536416e-05, No Iterations 4
smoothSolver:  Solving for Uz, Initial residual = 0.0022202222, Final residual = 1.7536414e-05, No Iterations 4
GAMG:  Solving for p, Initial residual = 0.011910435, Final residual = 6.2296323e-05, No Iterations 2
GAMG:  Solving for p, Initial residual = 6.1563166e-05, Final residual = 5.4582582e-07, No Iterations 13
time step continuity errors : sum local = 3.5617593e-06, global = -2.281671e-07, cumulative = 0.00094592065
smoothSolver:  Solving for epsilon, Initial residual = 0.0043238691, Final residual = 3.7709409e-05, No Iterations 3
smoothSolver:  Solving for k, Initial residual = 0.0076326257, Final residual = 3.6940658e-05, No Iterations 4
bounding k, min: 0 max: 1345.5453 average: 416.64592
ExecutionTime = 0.4 s  ClockTime = 0 s

Time = 87

smoothSolver:  Solving for Ux, Initial residual = 0.01444566, Final residual = 0.00012505057, No Iterations 4
smoothSolver:  Solving for Uy, Initial residual = 0.0021790226, Final residual = 1.7192121e-05, No Iterations 4
smoothSolver:  Solving for Uz, Initial residual = 0.0021790226, Final residual = 1.7192119e-05, No Iterations 4
GAMG:  Solving for p, Initial residual = 0.011663366, Final residual = 6.1104354e-05, No Iterations 2
GAMG:  Solving for p, Initial residual = 6.0400003e-05, Final residual = 5.6756871e-07, No Iterations 7
time step continuity errors : sum local = 3.7098358e-06, global = 2.5813684e-07, cumulative = 0.00094617879
smoothSolver:  Solving for epsilon, Initial residual = 0.0042505196, Final residual = 3.7464817e-05, No Iterations 3
smoothSolver:  Solving for k, Initial residual = 0.0075088014, Final residual = 3.6551672e-05, No Iterations 4
bounding k, min: 0 max: 1353.8209 average: 419.69679
ExecutionTime = 0.4 s  ClockTime = 0 s

Time = 88

smoothSolver:  Solving for Ux, Initial residual = 0.014065979, Final residual = 0.00012165707, No Iterations 4
smoothSolver:  Solving for Uy, Initial residual = 0.0021396183, Final residual = 1.6856724e-05, No Iterations 4
smoothSolver:  Solving for Uz, Initial residual = 0.0021396183, Final residual = 1.6856721e-05, No Iterations 4
GAMG:  Solving for p, Initial residual = 0.01142665, Final residual = 5.9792873e-05, No Iterations 2
GAMG:  Solving for p, Initial residual = 5.9117493e-05, Final residual = 5.6382834e-07, No Iterations 16
time step continuity errors : sum local = 3.6914949e-06, global = 2.1729486e-07, cumulative = 0.00094639609
smoothSolver:  Solving for epsilon, Initial residual = 0.0041801023, Final residual = 3.72243e-05, No Iterations 3
smoothSolver:  Solving for k, Initial residual = 0.0073884564, Final residual = 3.6166992e-05, No Iterations 4
bounding k, min: 0 max: 1361.9744 average: 422.70413
ExecutionTime = 0.4 s  ClockTime = 0 s

Time = 89

smoothSolver:  Solving for Ux, Initial residual = 0.013751615, Final residual = 0.00011878029, No Iterations 4
smoothSolver:  Solving for Uy, Initial residual = 0.0021018189, Final residual = 1.6530306e-05, No Iterations 4
smoothSolver:  Solving for Uz, Initial residual = 0.0021018189, Final residual = 1.6530303e-05, No Iterations 4
GAMG:  Solving for p, Initial residual = 0.011199347, Final residual = 5.9124594e-05, No Iterations 2
GAMG:  Solving for p, Initial residual = 5.8469922e-05, Final residual = 5.7163869e-07, No Iterations 55
time step continuity errors : sum local = 3.7487761e-06, global = 2.0363076e-07, cumulative = 0.00094659972
smoothSolver:  Solving for epsilon, Initial residual = 0.0041123673, Final residual = 3.6987102e-05, No Iterations 3
smoothSolver:  Solving for k, Initial residual = 0.0072705861, Final residual = 3.5782431e-05, No Iterations 4
bounding k, min: 0 max: 1370.0094 average: 425.66932
ExecutionTime = 0.41 s  ClockTime = 0 s

Time = 90

smoothSolver:  Solving for Ux, Initial residual = 0.013491166, Final residual = 0.00011622163, No Iterations 4
smoothSolver:  Solving for Uy, Initial residual = 0.0020650056, Final residual = 1.620825e-05, No Iterations 4
smoothSolver:  Solving for Uz, Initial residual = 0.0020650056, Final residual = 1.6208248e-05, No Iterations 4
GAMG:  Solving for p, Initial residual = 0.010980733, Final residual = 5.8088944e-05, No Iterations 2
GAMG:  Solving for p, Initial residual = 5.7458149e-05, Final residual = 5.5956959e-07, No Iterations 57
time step continuity errors : sum local = 3.6755997e-06, global = 1.9882992e-07, cumulative = 0.00094679855
smoothSolver:  Solving for epsilon, Initial residual = 0.0040471454, Final residual = 3.6753098e-05, No Iterations 3
smoothSolver:  Solving for k, Initial residual = 0.0071552609, Final residual = 3.5399047e-05, No Iterations 4
bounding k, min: 0 max: 1377.9292 average: 428.59364
ExecutionTime = 0.41 s  ClockTime = 0 s

Time = 91

smoothSolver:  Solving for Ux, Initial residual = 0.013201127, Final residual = 0.00011342717, No Iterations 4
smoothSolver:  Solving for Uy, Initial residual = 0.0020294944, Final residual = 1.5896644e-05, No Iterations 4
smoothSolver:  Solving for Uz, Initial residual = 0.0020294944, Final residual = 1.5896641e-05, No Iterations 4
GAMG:  Solving for p, Initial residual = 0.0107704, Final residual = 5.6951798e-05, No Iterations 2
GAMG:  Solving for p, Initial residual = 5.6345053e-05, Final residual = 5.5606449e-07, No Iterations 38
time step continuity errors : sum local = 3.6584682e-06, global = 1.8016494e-07, cumulative = 0.00094697871
smoothSolver:  Solving for epsilon, Initial residual = 0.0039843789, Final residual = 3.6523066e-05, No Iterations 3
smoothSolver:  Solving for k, Initial residual = 0.0070439849, Final residual = 3.5025067e-05, No Iterations 4
bounding k, min: 0 max: 1385.7374 average: 431.47836
ExecutionTime = 0.41 s  ClockTime = 1 s

Time = 92

smoothSolver:  Solving for Ux, Initial residual = 0.01283336, Final residual = 0.00011008458, No Iterations 4
smoothSolver:  Solving for Uy, Initial residual = 0.0019955135, Final residual = 1.5600704e-05, No Iterations 4
smoothSolver:  Solving for Uz, Initial residual = 0.0019955135, Final residual = 1.5600702e-05, No Iterations 4
GAMG:  Solving for p, Initial residual = 0.010568157, Final residual = 5.5933215e-05, No Iterations 2
GAMG:  Solving for p, Initial residual = 5.5348382e-05, Final residual = 5.294614e-07, No Iterations 7
time step continuity errors : sum local = 3.4890126e-06, global = -2.1113511e-07, cumulative = 0.00094676758
smoothSolver:  Solving for epsilon, Initial residual = 0.0039240308, Final residual = 3.6297875e-05, No Iterations 3
smoothSolver:  Solving for k, Initial residual = 0.0069366074, Final residual = 3.4660545e-05, No Iterations 4
bounding k, min: 0 max: 1393.4376 average: 434.3247
ExecutionTime = 0.41 s  ClockTime = 1 s

Time = 93

smoothSolver:  Solving for Ux, Initial residual = 0.012406064, Final residual = 0.00010630678, No Iterations 4
smoothSolver:  Solving for Uy, Initial residual = 0.0019629686, Final residual = 1.5320124e-05, No Iterations 4
smoothSolver:  Solving for Uz, Initial residual = 0.0019629686, Final residual = 1.5320122e-05, No Iterations 4
GAMG:  Solving for p, Initial residual = 0.010373823, Final residual = 5.5066784e-05, No Iterations 2
GAMG:  Solving for p, Initial residual = 5.4501493e-05, Final residual = 4.3331192e-07, No Iterations 8
time step continuity errors : sum local = 2.859943e-06, global = 2.8907927e-07, cumulative = 0.00094705666
smoothSolver:  Solving for epsilon, Initial residual = 0.0038660054, Final residual = 3.607777e-05, No Iterations 3
smoothSolver:  Solving for k, Initial residual = 0.0068329566, Final residual = 3.4305299e-05, No Iterations 4
bounding k, min: 0 max: 1401.033 average: 437.13383
ExecutionTime = 0.41 s  ClockTime = 1 s

Time = 94

smoothSolver:  Solving for Ux, Initial residual = 0.01197734, Final residual = 0.00010250695, No Iterations 4
smoothSolver:  Solving for Uy, Initial residual = 0.0019317176, Final residual = 1.5052344e-05, No Iterations 4
smoothSolver:  Solving for Uz, Initial residual = 0.0019317176, Final residual = 1.5052348e-05, No Iterations 4
GAMG:  Solving for p, Initial residual = 0.010186971, Final residual = 5.4269425e-05, No Iterations 2
GAMG:  Solving for p, Initial residual = 5.3722268e-05, Final residual = 5.3418193e-07, No Iterations 8
time step continuity errors : sum local = 3.5312552e-06, global = 3.059721e-07, cumulative = 0.00094736263
smoothSolver:  Solving for epsilon, Initial residual = 0.0038101496, Final residual = 3.5862373e-05, No Iterations 3
smoothSolver:  Solving for k, Initial residual = 0.0067328392, Final residual = 3.3958936e-05, No Iterations 4
bounding k, min: 0 max: 1408.5267 average: 439.90687
ExecutionTime = 0.41 s  ClockTime = 1 s

Time = 95

smoothSolver:  Solving for Ux, Initial residual = 0.011584547, Final residual = 9.8994554e-05, No Iterations 4
smoothSolver:  Solving for Uy, Initial residual = 0.0019015835, Final residual = 1.4794131e-05, No Iterations 4
smoothSolver:  Solving for Uz, Initial residual = 0.0019015835, Final residual = 1.4794129e-05, No Iterations 4
GAMG:  Solving for p, Initial residual = 0.010007079, Final residual = 5.3467024e-05, No Iterations 2
GAMG:  Solving for p, Initial residual = 5.2937396e-05, Final residual = 5.2181704e-07, No Iterations 32
time step continuity errors : sum local = 3.4549056e-06, global = 1.7796368e-07, cumulative = 0.00094754059
smoothSolver:  Solving for epsilon, Initial residual = 0.0037562908, Final residual = 3.5651026e-05, No Iterations 3
smoothSolver:  Solving for k, Initial residual = 0.0066360585, Final residual = 3.3620986e-05, No Iterations 4
bounding k, min: 0 max: 1415.9218 average: 442.64489
ExecutionTime = 0.42 s  ClockTime = 1 s

Time = 96

smoothSolver:  Solving for Ux, Initial residual = 0.011249002, Final residual = 9.5940651e-05, No Iterations 4
smoothSolver:  Solving for Uy, Initial residual = 0.0018723356, Final residual = 1.4540594e-05, No Iterations 4
smoothSolver:  Solving for Uz, Initial residual = 0.0018723356, Final residual = 1.4540592e-05, No Iterations 4
GAMG:  Solving for p, Initial residual = 0.0098334981, Final residual = 5.2550091e-05, No Iterations 2
GAMG:  Solving for p, Initial residual = 5.2038491e-05, Final residual = 4.8936836e-07, No Iterations 41
time step continuity errors : sum local = 3.2450902e-06, global = 1.7766846e-07, cumulative = 0.00094771826
smoothSolver:  Solving for epsilon, Initial residual = 0.0037042739, Final residual = 3.544317e-05, No Iterations 3
smoothSolver:  Solving for k, Initial residual = 0.0065424322, Final residual = 3.3291035e-05, No Iterations 4
bounding k, min: 0 max: 1423.2207 average: 445.34887
ExecutionTime = 0.42 s  ClockTime = 1 s

Time = 97

smoothSolver:  Solving for Ux, Initial residual = 0.010948516, Final residual = 9.3115631e-05, No Iterations 4
smoothSolver:  Solving for Uy, Initial residual = 0.001844072, Final residual = 1.4292745e-05, No Iterations 4
smoothSolver:  Solving for Uz, Initial residual = 0.001844072, Final residual = 1.4292743e-05, No Iterations 4
GAMG:  Solving for p, Initial residual = 0.0096658404, Final residual = 5.1914069e-05, No Iterations 2
GAMG:  Solving for p, Initial residual = 5.1417199e-05, Final residual = 4.949148e-07, No Iterations 46
time step continuity errors : sum local = 3.2869203e-06, global = 1.6976013e-07, cumulative = 0.00094788802
smoothSolver:  Solving for epsilon, Initial residual = 0.0036540001, Final residual = 3.5238734e-05, No Iterations 3
smoothSolver:  Solving for k, Initial residual = 0.0064518129, Final residual = 3.2968857e-05, No Iterations 4
bounding k, min: 0 max: 1430.4261 average: 448.0198
ExecutionTime = 0.42 s  ClockTime = 1 s

Time = 98

smoothSolver:  Solving for Ux, Initial residual = 0.010636335, Final residual = 9.0250137e-05, No Iterations 4
smoothSolver:  Solving for Uy, Initial residual = 0.0018168814, Final residual = 1.4053905e-05, No Iterations 4
smoothSolver:  Solving for Uz, Initial residual = 0.0018168814, Final residual = 1.4053903e-05, No Iterations 4
GAMG:  Solving for p, Initial residual = 0.0095038405, Final residual = 5.1391448e-05, No Iterations 2
GAMG:  Solving for p, Initial residual = 5.0907748e-05, Final residual = 5.0300909e-07, No Iterations 32
time step continuity errors : sum local = 3.3457808e-06, global = 1.7096202e-07, cumulative = 0.00094805898
smoothSolver:  Solving for epsilon, Initial residual = 0.0036054267, Final residual = 3.5038129e-05, No Iterations 3
smoothSolver:  Solving for k, Initial residual = 0.0063640873, Final residual = 3.2654397e-05, No Iterations 4
bounding k, min: 0 max: 1437.5405 average: 450.65858
ExecutionTime = 0.42 s  ClockTime = 1 s

Time = 99

smoothSolver:  Solving for Ux, Initial residual = 0.010289366, Final residual = 8.7156879e-05, No Iterations 4
smoothSolver:  Solving for Uy, Initial residual = 0.001790701, Final residual = 1.3825691e-05, No Iterations 4
smoothSolver:  Solving for Uz, Initial residual = 0.001790701, Final residual = 1.3825689e-05, No Iterations 4
GAMG:  Solving for p, Initial residual = 0.009347355, Final residual = 5.0450655e-05, No Iterations 2
GAMG:  Solving for p, Initial residual = 4.9983546e-05, Final residual = 4.8862392e-07, No Iterations 14
time step continuity errors : sum local = 3.2550276e-06, global = 2.2833229e-07, cumulative = 0.00094828731
smoothSolver:  Solving for epsilon, Initial residual = 0.0035585178, Final residual = 3.4841773e-05, No Iterations 3
smoothSolver:  Solving for k, Initial residual = 0.0062791505, Final residual = 3.23476e-05, No Iterations 4
bounding k, min: 0 max: 1444.5665 average: 453.26612
ExecutionTime = 0.42 s  ClockTime = 1 s

Time = 100

smoothSolver:  Solving for Ux, Initial residual = 0.0099198272, Final residual = 8.3859841e-05, No Iterations 4
smoothSolver:  Solving for Uy, Initial residual = 0.0017654153, Final residual = 1.3607148e-05, No Iterations 4
smoothSolver:  Solving for Uz, Initial residual = 0.0017654153, Final residual = 1.3607146e-05, No Iterations 4
GAMG:  Solving for p, Initial residual = 0.0091962527, Final residual = 4.9779947e-05, No Iterations 2
GAMG:  Solving for p, Initial residual = 4.9326435e-05, Final residual = 4.8198866e-07, No Iterations 14
time step continuity errors : sum local = 3.2156623e-06, global = 2.2487348e-07, cumulative = 0.00094851219
smoothSolver:  Solving for epsilon, Initial residual = 0.0035132056, Final residual = 3.4649721e-05, No Iterations 3
smoothSolver:  Solving for k, Initial residual = 0.0061968869, Final residual = 3.204828e-05, No Iterations 4
bounding k, min: 0 max: 1451.5066 average: 455.84328
ExecutionTime = 0.42 s  ClockTime = 1 s

surfaceFieldValue outFlow write:
    total faces   = 64
    total area    = 0.035328

    average(outlet) of U = (21.800747 -1.2514481e-08 6.6562331e-08)

surfaceFieldValue pIn write:
    total faces   = 64
    total area    = 0.035328

    average(inlet) of p = 5.5652628

surfaceFieldValue pOut write:
    total faces   = 64
    total area    = 0.035328

    average(outlet) of p = 0

Time = 101

smoothSolver:  Solving for Ux, Initial residual = 0.0095619087, Final residual = 8.0674768e-05, No Iterations 4
smoothSolver:  Solving for Uy, Initial residual = 0.0017408448, Final residual = 1.3395384e-05, No Iterations 4
smoothSolver:  Solving for Uz, Initial residual = 0.0017408448, Final residual = 1.3395382e-05, No Iterations 4
GAMG:  Solving for p, Initial residual = 0.0090502383, Final residual = 4.9305299e-05, No Iterations 2
GAMG:  Solving for p, Initial residual = 4.8863192e-05, Final residual = 4.746844e-07, No Iterations 30
time step continuity errors : sum local = 3.1716684e-06, global = 1.6594437e-07, cumulative = 0.00094867813
smoothSolver:  Solving for epsilon, Initial residual = 0.0034693899, Final residual = 3.4461638e-05, No Iterations 3
smoothSolver:  Solving for k, Initial residual = 0.0061171686, Final residual = 3.1756126e-05, No Iterations 4
bounding k, min: 0 max: 1458.3631 average: 458.3909
ExecutionTime = 0.43 s  ClockTime = 1 s

Time = 102

smoothSolver:  Solving for Ux, Initial residual = 0.0092388537, Final residual = 7.7790474e-05, No Iterations 4
smoothSolver:  Solving for Uy, Initial residual = 0.0017169791, Final residual = 1.3188437e-05, No Iterations 4
smoothSolver:  Solving for Uz, Initial residual = 0.0017169791, Final residual = 1.3188435e-05, No Iterations 4
GAMG:  Solving for p, Initial residual = 0.0089089447, Final residual = 4.8563409e-05, No Iterations 2
GAMG:  Solving for p, Initial residual = 4.8134695e-05, Final residual = 4.6800907e-07, No Iterations 38
time step continuity errors : sum local = 3.1317133e-06, global = 1.5660738e-07, cumulative = 0.00094883474
smoothSolver:  Solving for epsilon, Initial residual = 0.003426969, Final residual = 7.5436102e-06, No Iterations 4
smoothSolver:  Solving for k, Initial residual = 0.0060348484, Final residual = 3.1442241e-05, No Iterations 4
bounding k, min: 0 max: 1465.1305 average: 460.90779
ExecutionTime = 0.43 s  ClockTime = 1 s

Time = 103

smoothSolver:  Solving for Ux, Initial residual = 0.0089416068, Final residual = 7.5154674e-05, No Iterations 4
smoothSolver:  Solving for Uy, Initial residual = 0.0016840242, Final residual = 1.2774148e-05, No Iterations 4
smoothSolver:  Solving for Uz, Initial residual = 0.0016840242, Final residual = 1.2774146e-05, No Iterations 4
GAMG:  Solving for p, Initial residual = 0.0087493087, Final residual = 4.8108349e-05, No Iterations 2
GAMG:  Solving for p, Initial residual = 4.76912e-05, Final residual = 4.5373491e-07, No Iterations 38
time step continuity errors : sum local = 3.0406077e-06, global = 1.5301311e-07, cumulative = 0.00094898775
smoothSolver:  Solving for epsilon, Initial residual = 0.0033723422, Final residual = 7.4876626e-06, No Iterations 4
smoothSolver:  Solving for k, Initial residual = 0.0059537533, Final residual = 3.1127106e-05, No Iterations 4
bounding k, min: 0 max: 1471.8086 average: 463.39444
ExecutionTime = 0.43 s  ClockTime = 1 s

Time = 104

smoothSolver:  Solving for Ux, Initial residual = 0.0086523596, Final residual = 7.2588296e-05, No Iterations 4
smoothSolver:  Solving for Uy, Initial residual = 0.0016590366, Final residual = 1.2551502e-05, No Iterations 4
smoothSolver:  Solving for Uz, Initial residual = 0.0016590366, Final residual = 1.2551501e-05, No Iterations 4
GAMG:  Solving for p, Initial residual = 0.0085991947, Final residual = 4.771125e-05, No Iterations 2
GAMG:  Solving for p, Initial residual = 4.7304585e-05, Final residual = 4.568072e-07, No Iterations 30
time step continuity errors : sum local = 3.0655894e-06, global = 1.6268252e-07, cumulative = 0.00094915043
smoothSolver:  Solving for epsilon, Initial residual = 0.0033236991, Final residual = 7.4426886e-06, No Iterations 4
smoothSolver:  Solving for k, Initial residual = 0.0058768718, Final residual = 3.0830464e-05, No Iterations 4
bounding k, min: 0 max: 1478.4031 average: 465.85234
ExecutionTime = 0.43 s  ClockTime = 1 s

Time = 105

smoothSolver:  Solving for Ux, Initial residual = 0.0083558896, Final residual = 6.9969918e-05, No Iterations 4
smoothSolver:  Solving for Uy, Initial residual = 0.0016362537, Final residual = 1.2468329e-05, No Iterations 4
smoothSolver:  Solving for Uz, Initial residual = 0.0016362537, Final residual = 1.2468328e-05, No Iterations 4
GAMG:  Solving for p, Initial residual = 0.0084640284, Final residual = 4.7031902e-05, No Iterations 2
GAMG:  Solving for p, Initial residual = 4.6637277e-05, Final residual = 4.6215997e-07, No Iterations 16
time step continuity errors : sum local = 3.1059603e-06, global = 2.1867227e-07, cumulative = 0.00094936911
smoothSolver:  Solving for epsilon, Initial residual = 0.0032793841, Final residual = 7.4053608e-06, No Iterations 4
smoothSolver:  Solving for k, Initial residual = 0.0058035717, Final residual = 3.0548888e-05, No Iterations 4
bounding k, min: 0 max: 1484.9187 average: 468.28271
ExecutionTime = 0.43 s  ClockTime = 1 s

Time = 106

smoothSolver:  Solving for Ux, Initial residual = 0.0080527309, Final residual = 6.7295106e-05, No Iterations 4
smoothSolver:  Solving for Uy, Initial residual = 0.0016157251, Final residual = 1.2396396e-05, No Iterations 4
smoothSolver:  Solving for Uz, Initial residual = 0.0016157251, Final residual = 1.2396394e-05, No Iterations 4
GAMG:  Solving for p, Initial residual = 0.0083413149, Final residual = 4.6150885e-05, No Iterations 2
GAMG:  Solving for p, Initial residual = 4.576922e-05, Final residual = 4.4135615e-07, No Iterations 24
time step continuity errors : sum local = 2.970409e-06, global = 1.7131906e-07, cumulative = 0.00094954043
smoothSolver:  Solving for epsilon, Initial residual = 0.0032383194, Final residual = 7.373371e-06, No Iterations 4
smoothSolver:  Solving for k, Initial residual = 0.0057333343, Final residual = 3.0279506e-05, No Iterations 4
bounding k, min: 0 max: 1491.3591 average: 470.68658
ExecutionTime = 0.43 s  ClockTime = 1 s

Time = 107

smoothSolver:  Solving for Ux, Initial residual = 0.0077521747, Final residual = 6.4647751e-05, No Iterations 4
smoothSolver:  Solving for Uy, Initial residual = 0.001597242, Final residual = 1.2250906e-05, No Iterations 4
smoothSolver:  Solving for Uz, Initial residual = 0.001597242, Final residual = 1.2250904e-05, No Iterations 4
GAMG:  Solving for p, Initial residual = 0.0082252554, Final residual = 4.54051e-05, No Iterations 2
GAMG:  Solving for p, Initial residual = 4.5034787e-05, Final residual = 4.2654762e-07, No Iterations 32
time step continuity errors : sum local = 2.8748598e-06, global = 1.5029485e-07, cumulative = 0.00094969072
smoothSolver:  Solving for epsilon, Initial residual = 0.0031997497, Final residual = 7.3450741e-06, No Iterations 4
smoothSolver:  Solving for k, Initial residual = 0.0056657517, Final residual = 3.0020123e-05, No Iterations 4
bounding k, min: 0 max: 1497.7272 average: 473.06483
ExecutionTime = 0.44 s  ClockTime = 1 s

Time = 108

smoothSolver:  Solving for Ux, Initial residual = 0.0074518024, Final residual = 6.200441e-05, No Iterations 4
smoothSolver:  Solving for Uy, Initial residual = 0.0015798606, Final residual = 1.2041427e-05, No Iterations 4
smoothSolver:  Solving for Uz, Initial residual = 0.0015798606, Final residual = 1.2041425e-05, No Iterations 4
GAMG:  Solving for p, Initial residual = 0.0081114902, Final residual = 4.4941174e-05, No Iterations 2
GAMG:  Solving for p, Initial residual = 4.4579678e-05, Final residual = 4.4109663e-07, No Iterations 32
time step continuity errors : sum local = 2.9771509e-06, global = 1.5497464e-07, cumulative = 0.0009498457
smoothSolver:  Solving for epsilon, Initial residual = 0.0031631505, Final residual = 7.3193376e-06, No Iterations 4
smoothSolver:  Solving for k, Initial residual = 0.0056005156, Final residual = 2.9769174e-05, No Iterations 4
bounding k, min: 0 max: 1504.0253 average: 475.41823
ExecutionTime = 0.44 s  ClockTime = 1 s

Time = 109

smoothSolver:  Solving for Ux, Initial residual = 0.0071629296, Final residual = 5.9465591e-05, No Iterations 4
smoothSolver:  Solving for Uy, Initial residual = 0.0015625721, Final residual = 1.1828991e-05, No Iterations 4
smoothSolver:  Solving for Uz, Initial residual = 0.0015625721, Final residual = 1.182899e-05, No Iterations 4
GAMG:  Solving for p, Initial residual = 0.0079989791, Final residual = 4.4645251e-05, No Iterations 2
GAMG:  Solving for p, Initial residual = 4.4291081e-05, Final residual = 4.3627659e-07, No Iterations 30
time step continuity errors : sum local = 2.9487772e-06, global = 1.5704792e-07, cumulative = 0.00095000274
smoothSolver:  Solving for epsilon, Initial residual = 0.0031281635, Final residual = 7.295407e-06, No Iterations 4
smoothSolver:  Solving for k, Initial residual = 0.0055373966, Final residual = 2.952558e-05, No Iterations 4
bounding k, min: 0 max: 1510.2554 average: 477.74747
ExecutionTime = 0.44 s  ClockTime = 1 s

Time = 110

smoothSolver:  Solving for Ux, Initial residual = 0.0068790402, Final residual = 5.6978078e-05, No Iterations 4
smoothSolver:  Solving for Uy, Initial residual = 0.0015448737, Final residual = 1.1656785e-05, No Iterations 4
smoothSolver:  Solving for Uz, Initial residual = 0.0015448737, Final residual = 1.1656783e-05, No Iterations 4
GAMG:  Solving for p, Initial residual = 0.0078888648, Final residual = 4.431532e-05, No Iterations 2
GAMG:  Solving for p, Initial residual = 4.396857e-05, Final residual = 4.2971477e-07, No Iterations 26
time step continuity errors : sum local = 2.9084993e-06, global = 1.629034e-07, cumulative = 0.00095016565
smoothSolver:  Solving for epsilon, Initial residual = 0.0030945426, Final residual = 7.2727861e-06, No Iterations 4
smoothSolver:  Solving for k, Initial residual = 0.0054762215, Final residual = 2.928859e-05, No Iterations 4
bounding k, min: 0 max: 1516.4193 average: 480.05319
ExecutionTime = 0.44 s  ClockTime = 1 s

Time = 111

smoothSolver:  Solving for Ux, Initial residual = 0.006597816, Final residual = 5.4522805e-05, No Iterations 4
smoothSolver:  Solving for Uy, Initial residual = 0.0015268897, Final residual = 1.1521292e-05, No Iterations 4
smoothSolver:  Solving for Uz, Initial residual = 0.0015268897, Final residual = 1.152129e-05, No Iterations 4
GAMG:  Solving for p, Initial residual = 0.0077823135, Final residual = 4.3847916e-05, No Iterations 2
GAMG:  Solving for p, Initial residual = 4.350942e-05, Final residual = 4.2170889e-07, No Iterations 24
time step continuity errors : sum local = 2.8582932e-06, global = 1.651674e-07, cumulative = 0.00095033081
smoothSolver:  Solving for epsilon, Initial residual = 0.0030621139, Final residual = 7.2511456e-06, No Iterations 4
smoothSolver:  Solving for k, Initial residual = 0.0054168549, Final residual = 2.9057667e-05, No Iterations 4
bounding k, min: 0 max: 1522.5188 average: 482.33598
ExecutionTime = 0.44 s  ClockTime = 1 s

Time = 112

smoothSolver:  Solving for Ux, Initial residual = 0.0063268954, Final residual = 5.216176e-05, No Iterations 4
smoothSolver:  Solving for Uy, Initial residual = 0.0015090534, Final residual = 1.1392704e-05, No Iterations 4
smoothSolver:  Solving for Uz, Initial residual = 0.0015090534, Final residual = 1.1392707e-05, No Iterations 4
GAMG:  Solving for p, Initial residual = 0.0076793544, Final residual = 4.3306975e-05, No Iterations 2
GAMG:  Solving for p, Initial residual = 4.2977045e-05, Final residual = 4.1232591e-07, No Iterations 26
time step continuity errors : sum local = 2.7985751e-06, global = 1.5701247e-07, cumulative = 0.00095048783
smoothSolver:  Solving for epsilon, Initial residual = 0.0030307488, Final residual = 7.2302607e-06, No Iterations 4
smoothSolver:  Solving for k, Initial residual = 0.0053591866, Final residual = 2.8832404e-05, No Iterations 4
bounding k, min: 0 max: 1528.5554 average: 484.59641
ExecutionTime = 0.44 s  ClockTime = 1 s

Time = 113

smoothSolver:  Solving for Ux, Initial residual = 0.0060697338, Final residual = 4.9922572e-05, No Iterations 4
smoothSolver:  Solving for Uy, Initial residual = 0.0014917837, Final residual = 1.1251088e-05, No Iterations 4
smoothSolver:  Solving for Uz, Initial residual = 0.0014917837, Final residual = 1.1251086e-05, No Iterations 4
GAMG:  Solving for p, Initial residual = 0.0075791989, Final residual = 4.2809661e-05, No Iterations 2
GAMG:  Solving for p, Initial residual = 4.2487743e-05, Final residual = 4.0610211e-07, No Iterations 28
time step continuity errors : sum local = 2.7601364e-06, global = 1.5122349e-07, cumulative = 0.00095063905
smoothSolver:  Solving for epsilon, Initial residual = 0.0030003495, Final residual = 7.2099771e-06, No Iterations 4
smoothSolver:  Solving for k, Initial residual = 0.0053031242, Final residual = 2.861248e-05, No Iterations 4
bounding k, min: 0 max: 1534.5305 average: 486.83499
ExecutionTime = 0.44 s  ClockTime = 1 s

Time = 114

smoothSolver:  Solving for Ux, Initial residual = 0.0058257835, Final residual = 4.7799824e-05, No Iterations 4
smoothSolver:  Solving for Uy, Initial residual = 0.0014752931, Final residual = 1.1098558e-05, No Iterations 4
smoothSolver:  Solving for Uz, Initial residual = 0.0014752931, Final residual = 1.1098557e-05, No Iterations 4
GAMG:  Solving for p, Initial residual = 0.0074811587, Final residual = 4.240033e-05, No Iterations 2
GAMG:  Solving for p, Initial residual = 4.2085586e-05, Final residual = 4.0272376e-07, No Iterations 28
time step continuity errors : sum local = 2.7409283e-06, global = 1.5032611e-07, cumulative = 0.00095078938
smoothSolver:  Solving for epsilon, Initial residual = 0.0029708426, Final residual = 7.190196e-06, No Iterations 4
smoothSolver:  Solving for k, Initial residual = 0.0052485897, Final residual = 2.8397651e-05, No Iterations 4
bounding k, min: 0 max: 1540.4458 average: 489.05225
ExecutionTime = 0.45 s  ClockTime = 1 s

Time = 115

smoothSolver:  Solving for Ux, Initial residual = 0.0055921346, Final residual = 4.5769127e-05, No Iterations 4
smoothSolver:  Solving for Uy, Initial residual = 0.0014595039, Final residual = 1.0949483e-05, No Iterations 4
smoothSolver:  Solving for Uz, Initial residual = 0.0014595039, Final residual = 1.0949477e-05, No Iterations 4
GAMG:  Solving for p, Initial residual = 0.0073851363, Final residual = 4.2040259e-05, No Iterations 2
GAMG:  Solving for p, Initial residual = 4.1732168e-05, Final residual = 4.0411073e-07, No Iterations 26
time step continuity errors : sum local = 2.7541147e-06, global = 1.5450483e-07, cumulative = 0.00095094388
smoothSolver:  Solving for epsilon, Initial residual = 0.0029421725, Final residual = 7.1708585e-06, No Iterations 4
smoothSolver:  Solving for k, Initial residual = 0.0051955165, Final residual = 2.8187724e-05, No Iterations 4
bounding k, min: 0 max: 1546.3024 average: 491.24865
ExecutionTime = 0.45 s  ClockTime = 1 s

Time = 116

smoothSolver:  Solving for Ux, Initial residual = 0.0053664825, Final residual = 4.3810859e-05, No Iterations 4
smoothSolver:  Solving for Uy, Initial residual = 0.0014441575, Final residual = 1.0813844e-05, No Iterations 4
smoothSolver:  Solving for Uz, Initial residual = 0.0014441575, Final residual = 1.0813833e-05, No Iterations 4
GAMG:  Solving for p, Initial residual = 0.0072914302, Final residual = 4.1669166e-05, No Iterations 2
GAMG:  Solving for p, Initial residual = 4.1367643e-05, Final residual = 4.0687652e-07, No Iterations 24
time step continuity errors : sum local = 2.7767185e-06, global = 1.5972304e-07, cumulative = 0.0009511036
smoothSolver:  Solving for epsilon, Initial residual = 0.0029142948, Final residual = 7.1519304e-06, No Iterations 4
smoothSolver:  Solving for k, Initial residual = 0.0051438456, Final residual = 2.7982538e-05, No Iterations 4
bounding k, min: 0 max: 1552.1017 average: 493.42467
ExecutionTime = 0.45 s  ClockTime = 1 s

Time = 117

smoothSolver:  Solving for Ux, Initial residual = 0.0051488562, Final residual = 4.1925059e-05, No Iterations 4
smoothSolver:  Solving for Uy, Initial residual = 0.0014290294, Final residual = 1.068948e-05, No Iterations 4
smoothSolver:  Solving for Uz, Initial residual = 0.0014290294, Final residual = 1.0689469e-05, No Iterations 4
GAMG:  Solving for p, Initial residual = 0.0072002733, Final residual = 4.1265835e-05, No Iterations 2
GAMG:  Solving for p, Initial residual = 4.0970938e-05, Final residual = 4.0591743e-07, No Iterations 24
time step continuity errors : sum local = 2.7739024e-06, global = 1.5933338e-07, cumulative = 0.00095126294
smoothSolver:  Solving for epsilon, Initial residual = 0.002887171, Final residual = 7.1333874e-06, No Iterations 4
smoothSolver:  Solving for k, Initial residual = 0.0050935228, Final residual = 2.778195e-05, No Iterations 4
bounding k, min: 0 max: 1557.845 average: 495.58076
ExecutionTime = 0.45 s  ClockTime = 1 s

Time = 118

smoothSolver:  Solving for Ux, Initial residual = 0.0049409601, Final residual = 4.0125279e-05, No Iterations 4
smoothSolver:  Solving for Uy, Initial residual = 0.0014140836, Final residual = 1.0568283e-05, No Iterations 4
smoothSolver:  Solving for Uz, Initial residual = 0.0014140836, Final residual = 1.0568271e-05, No Iterations 4
GAMG:  Solving for p, Initial residual = 0.0071115939, Final residual = 4.0854911e-05, No Iterations 2
GAMG:  Solving for p, Initial residual = 4.0566522e-05, Final residual = 3.9192591e-07, No Iterations 26
time step continuity errors : sum local = 2.6818745e-06, global = 1.5028205e-07, cumulative = 0.00095141322
smoothSolver:  Solving for epsilon, Initial residual = 0.002860766, Final residual = 7.1152102e-06, No Iterations 4
smoothSolver:  Solving for k, Initial residual = 0.0050444971, Final residual = 2.7585819e-05, No Iterations 4
bounding k, min: 0 max: 1563.5336 average: 497.71734
ExecutionTime = 0.45 s  ClockTime = 1 s

Time = 119

smoothSolver:  Solving for Ux, Initial residual = 0.0047437161, Final residual = 3.8418402e-05, No Iterations 4
smoothSolver:  Solving for Uy, Initial residual = 0.0013994529, Final residual = 1.0445304e-05, No Iterations 4
smoothSolver:  Solving for Uz, Initial residual = 0.0013994529, Final residual = 1.0445293e-05, No Iterations 4
GAMG:  Solving for p, Initial residual = 0.0070251223, Final residual = 4.04676e-05, No Iterations 2
GAMG:  Solving for p, Initial residual = 4.0185396e-05, Final residual = 4.0167967e-07, No Iterations 24
time step continuity errors : sum local = 2.7522761e-06, global = 1.5779804e-07, cumulative = 0.00095157102
smoothSolver:  Solving for epsilon, Initial residual = 0.0028350485, Final residual = 7.0973856e-06, No Iterations 4
smoothSolver:  Solving for k, Initial residual = 0.0049967215, Final residual = 2.7394019e-05, No Iterations 4
bounding k, min: 0 max: 1569.1687 average: 499.83483
ExecutionTime = 0.45 s  ClockTime = 1 s

Time = 120

smoothSolver:  Solving for Ux, Initial residual = 0.0045569636, Final residual = 3.6784616e-05, No Iterations 4
smoothSolver:  Solving for Uy, Initial residual = 0.0013853086, Final residual = 1.0321995e-05, No Iterations 4
smoothSolver:  Solving for Uz, Initial residual = 0.0013853086, Final residual = 1.0321983e-05, No Iterations 4
GAMG:  Solving for p, Initial residual = 0.0069406329, Final residual = 4.0107252e-05, No Iterations 2
GAMG:  Solving for p, Initial residual = 3.9830903e-05, Final residual = 3.9568877e-07, No Iterations 24
time step continuity errors : sum local = 2.7148142e-06, global = 1.5551306e-07, cumulative = 0.00095172653
smoothSolver:  Solving for epsilon, Initial residual = 0.0028099916, Final residual = 7.0799082e-06, No Iterations 4
smoothSolver:  Solving for k, Initial residual = 0.0049501521, Final residual = 2.7206436e-05, No Iterations 4
bounding k, min: 0 max: 1574.7515 average: 501.93364
ExecutionTime = 0.45 s  ClockTime = 1 s

Time = 121

smoothSolver:  Solving for Ux, Initial residual = 0.004386322, Final residual = 3.5225537e-05, No Iterations 4
smoothSolver:  Solving for Uy, Initial residual = 0.0013716419, Final residual = 1.0202268e-05, No Iterations 4
smoothSolver:  Solving for Uz, Initial residual = 0.0013716419, Final residual = 1.0202256e-05, No Iterations 4
GAMG:  Solving for p, Initial residual = 0.0068580531, Final residual = 3.9760251e-05, No Iterations 2
GAMG:  Solving for p, Initial residual = 3.9489532e-05, Final residual = 3.879745e-07, No Iterations 24
time step continuity errors : sum local = 2.6653878e-06, global = 1.5245838e-07, cumulative = 0.00095187899
smoothSolver:  Solving for epsilon, Initial residual = 0.0027855701, Final residual = 7.0627736e-06, No Iterations 4
smoothSolver:  Solving for k, Initial residual = 0.0049047478, Final residual = 2.7022962e-05, No Iterations 4
bounding k, min: 0 max: 1580.283 average: 504.01416
ExecutionTime = 0.45 s  ClockTime = 1 s

Time = 122

smoothSolver:  Solving for Ux, Initial residual = 0.0042231746, Final residual = 3.3736445e-05, No Iterations 4
smoothSolver:  Solving for Uy, Initial residual = 0.0013583251, Final residual = 1.0088204e-05, No Iterations 4
smoothSolver:  Solving for Uz, Initial residual = 0.0013583251, Final residual = 1.0088193e-05, No Iterations 4
GAMG:  Solving for p, Initial residual = 0.0067774081, Final residual = 3.9412995e-05, No Iterations 2
GAMG:  Solving for p, Initial residual = 3.9147777e-05, Final residual = 3.7811057e-07, No Iterations 24
time step continuity errors : sum local = 2.6010192e-06, global = 1.4842758e-07, cumulative = 0.00095202742
smoothSolver:  Solving for epsilon, Initial residual = 0.0027617606, Final residual = 7.0459794e-06, No Iterations 4
smoothSolver:  Solving for k, Initial residual = 0.0048604692, Final residual = 2.6843493e-05, No Iterations 4
bounding k, min: 0 max: 1585.7645 average: 506.07676
ExecutionTime = 0.46 s  ClockTime = 1 s

Time = 123

smoothSolver:  Solving for Ux, Initial residual = 0.0040673944, Final residual = 3.2313233e-05, No Iterations 4
smoothSolver:  Solving for Uy, Initial residual = 0.0013452627, Final residual = 9.9787601e-06, No Iterations 4
smoothSolver:  Solving for Uz, Initial residual = 0.0013452627, Final residual = 9.9787488e-06, No Iterations 4
GAMG:  Solving for p, Initial residual = 0.0066987034, Final residual = 3.9063779e-05, No Iterations 2
GAMG:  Solving for p, Initial residual = 3.8803944e-05, Final residual = 3.8418074e-07, No Iterations 22
time step continuity errors : sum local = 2.6462121e-06, global = 1.5458428e-07, cumulative = 0.000952182
smoothSolver:  Solving for epsilon, Initial residual = 0.0027385417, Final residual = 7.0295247e-06, No Iterations 4
smoothSolver:  Solving for k, Initial residual = 0.0048172794, Final residual = 2.6667929e-05, No Iterations 4
bounding k, min: 0 max: 1591.197 average: 508.1218
ExecutionTime = 0.46 s  ClockTime = 1 s

Time = 124

smoothSolver:  Solving for Ux, Initial residual = 0.0039173347, Final residual = 3.094838e-05, No Iterations 4
smoothSolver:  Solving for Uy, Initial residual = 0.0013324513, Final residual = 9.8717972e-06, No Iterations 4
smoothSolver:  Solving for Uz, Initial residual = 0.0013324513, Final residual = 9.871786e-06, No Iterations 4
GAMG:  Solving for p, Initial residual = 0.006621872, Final residual = 3.8718433e-05, No Iterations 2
GAMG:  Solving for p, Initial residual = 3.846383e-05, Final residual = 3.6799801e-07, No Iterations 24
time step continuity errors : sum local = 2.5380235e-06, global = 1.4418287e-07, cumulative = 0.00095232618
smoothSolver:  Solving for epsilon, Initial residual = 0.0027158928, Final residual = 7.0134083e-06, No Iterations 4
smoothSolver:  Solving for k, Initial residual = 0.004775143, Final residual = 2.6496176e-05, No Iterations 4
bounding k, min: 0 max: 1596.5815 average: 510.14965
ExecutionTime = 0.46 s  ClockTime = 1 s

Time = 125

smoothSolver:  Solving for Ux, Initial residual = 0.0037754722, Final residual = 2.9655046e-05, No Iterations 4
smoothSolver:  Solving for Uy, Initial residual = 0.0013199093, Final residual = 9.7660864e-06, No Iterations 4
smoothSolver:  Solving for Uz, Initial residual = 0.0013199093, Final residual = 9.7660751e-06, No Iterations 4
GAMG:  Solving for p, Initial residual = 0.0065467995, Final residual = 3.8386161e-05, No Iterations 2
GAMG:  Solving for p, Initial residual = 3.8136588e-05, Final residual = 3.7820969e-07, No Iterations 22
time step continuity errors : sum local = 2.6118052e-06, global = 1.5174097e-07, cumulative = 0.00095247792
smoothSolver:  Solving for epsilon, Initial residual = 0.0026937937, Final residual = 6.9976272e-06, No Iterations 4
smoothSolver:  Solving for k, Initial residual = 0.0047340258, Final residual = 2.6328138e-05, No Iterations 4
bounding k, min: 0 max: 1601.9191 average: 512.16064
ExecutionTime = 0.46 s  ClockTime = 1 s

Time = 126

smoothSolver:  Solving for Ux, Initial residual = 0.0036434966, Final residual = 2.8416643e-05, No Iterations 4
smoothSolver:  Solving for Uy, Initial residual = 0.001307707, Final residual = 9.662269e-06, No Iterations 4
smoothSolver:  Solving for Uz, Initial residual = 0.001307707, Final residual = 9.6622579e-06, No Iterations 4
GAMG:  Solving for p, Initial residual = 0.0064733911, Final residual = 3.8064558e-05, No Iterations 2
GAMG:  Solving for p, Initial residual = 3.7819834e-05, Final residual = 3.6115163e-07, No Iterations 24
time step continuity errors : sum local = 2.4971951e-06, global = 1.4111273e-07, cumulative = 0.00095261904
smoothSolver:  Solving for epsilon, Initial residual = 0.0026722263, Final residual = 6.9821806e-06, No Iterations 4
smoothSolver:  Solving for k, Initial residual = 0.0046938956, Final residual = 2.6163726e-05, No Iterations 4
bounding k, min: 0 max: 1607.2108 average: 514.1551
ExecutionTime = 0.46 s  ClockTime = 1 s

Time = 127

smoothSolver:  Solving for Ux, Initial residual = 0.0035281964, Final residual = 2.7254004e-05, No Iterations 4
smoothSolver:  Solving for Uy, Initial residual = 0.0012958097, Final residual = 9.561196e-06, No Iterations 4
smoothSolver:  Solving for Uz, Initial residual = 0.0012958097, Final residual = 9.5611848e-06, No Iterations 4
GAMG:  Solving for p, Initial residual = 0.0064015894, Final residual = 3.7750549e-05, No Iterations 2
GAMG:  Solving for p, Initial residual = 3.751052e-05, Final residual = 3.6673465e-07, No Iterations 22
time step continuity errors : sum local = 2.5390219e-06, global = 1.4607856e-07, cumulative = 0.00095276512
smoothSolver:  Solving for epsilon, Initial residual = 0.0026511725, Final residual = 6.9670667e-06, No Iterations 4
smoothSolver:  Solving for k, Initial residual = 0.0046547213, Final residual = 2.6002851e-05, No Iterations 4
bounding k, min: 0 max: 1612.4576 average: 516.13337
ExecutionTime = 0.46 s  ClockTime = 1 s

Time = 128

smoothSolver:  Solving for Ux, Initial residual = 0.0034168685, Final residual = 2.6185949e-05, No Iterations 4
smoothSolver:  Solving for Uy, Initial residual = 0.0012841995, Final residual = 9.4633469e-06, No Iterations 4
smoothSolver:  Solving for Uz, Initial residual = 0.0012841995, Final residual = 9.4633358e-06, No Iterations 4
GAMG:  Solving for p, Initial residual = 0.006331366, Final residual = 3.7438282e-05, No Iterations 2
GAMG:  Solving for p, Initial residual = 3.7202835e-05, Final residual = 3.6124861e-07, No Iterations 22
time step continuity errors : sum local = 2.504201e-06, global = 1.433182e-07, cumulative = 0.00095290843
smoothSolver:  Solving for epsilon, Initial residual = 0.002630615, Final residual = 6.9522825e-06, No Iterations 4
smoothSolver:  Solving for k, Initial residual = 0.0046164738, Final residual = 2.5845434e-05, No Iterations 4
bounding k, min: 0 max: 1617.6603 average: 518.09574
ExecutionTime = 0.46 s  ClockTime = 1 s

Time = 129

smoothSolver:  Solving for Ux, Initial residual = 0.0033103463, Final residual = 2.5166814e-05, No Iterations 4
smoothSolver:  Solving for Uy, Initial residual = 0.0012728203, Final residual = 9.3682063e-06, No Iterations 4
smoothSolver:  Solving for Uz, Initial residual = 0.0012728203, Final residual = 9.3681952e-06, No Iterations 4
GAMG:  Solving for p, Initial residual = 0.0062626861, Final residual = 3.7128589e-05, No Iterations 2
GAMG:  Solving for p, Initial residual = 3.6897608e-05, Final residual = 3.5760854e-07, No Iterations 22
time step continuity errors : sum local = 2.4820831e-06, global = 1.414584e-07, cumulative = 0.00095304989
smoothSolver:  Solving for epsilon, Initial residual = 0.0026105374, Final residual = 6.9378253e-06, No Iterations 4
smoothSolver:  Solving for k, Initial residual = 0.0045791246, Final residual = 2.5691392e-05, No Iterations 4
bounding k, min: 0 max: 1622.82 average: 520.04253
ExecutionTime = 0.46 s  ClockTime = 1 s

Time = 130

smoothSolver:  Solving for Ux, Initial residual = 0.0032085818, Final residual = 2.4196438e-05, No Iterations 4
smoothSolver:  Solving for Uy, Initial residual = 0.0012616638, Final residual = 9.2751529e-06, No Iterations 4
smoothSolver:  Solving for Uz, Initial residual = 0.0012616639, Final residual = 9.2751418e-06, No Iterations 4
GAMG:  Solving for p, Initial residual = 0.0061954975, Final residual = 3.6825281e-05, No Iterations 2
GAMG:  Solving for p, Initial residual = 3.659863e-05, Final residual = 3.5408163e-07, No Iterations 22
time step continuity errors : sum local = 2.4606749e-06, global = 1.3963528e-07, cumulative = 0.00095318953
smoothSolver:  Solving for epsilon, Initial residual = 0.0025909244, Final residual = 6.9236937e-06, No Iterations 4
smoothSolver:  Solving for k, Initial residual = 0.0045426465, Final residual = 2.5540645e-05, No Iterations 4
bounding k, min: 0 max: 1627.9374 average: 521.97403
ExecutionTime = 0.47 s  ClockTime = 1 s

Time = 131

smoothSolver:  Solving for Ux, Initial residual = 0.0031113833, Final residual = 2.3272863e-05, No Iterations 4
smoothSolver:  Solving for Uy, Initial residual = 0.0012508358, Final residual = 9.1839469e-06, No Iterations 4
smoothSolver:  Solving for Uz, Initial residual = 0.0012508358, Final residual = 9.1839359e-06, No Iterations 4
GAMG:  Solving for p, Initial residual = 0.0061297397, Final residual = 3.6530817e-05, No Iterations 2
GAMG:  Solving for p, Initial residual = 3.6308352e-05, Final residual = 3.4915122e-07, No Iterations 22
time step continuity errors : sum local = 2.4294266e-06, global = 1.3706434e-07, cumulative = 0.00095332659
smoothSolver:  Solving for epsilon, Initial residual = 0.0025717632, Final residual = 6.9098903e-06, No Iterations 4
smoothSolver:  Solving for k, Initial residual = 0.0045070135, Final residual = 2.5393117e-05, No Iterations 4
bounding k, min: 0 max: 1633.0136 average: 523.89053
ExecutionTime = 0.47 s  ClockTime = 1 s

Time = 132

smoothSolver:  Solving for Ux, Initial residual = 0.003018449, Final residual = 2.2392766e-05, No Iterations 4
smoothSolver:  Solving for Uy, Initial residual = 0.0012402769, Final residual = 9.0947363e-06, No Iterations 4
smoothSolver:  Solving for Uz, Initial residual = 0.0012402769, Final residual = 9.0947253e-06, No Iterations 4
GAMG:  Solving for p, Initial residual = 0.0060653582, Final residual = 3.6242787e-05, No Iterations 2
GAMG:  Solving for p, Initial residual = 3.6024381e-05, Final residual = 3.584818e-07, No Iterations 20
time step continuity errors : sum local = 2.4974323e-06, global = 1.4351516e-07, cumulative = 0.00095347011
smoothSolver:  Solving for epsilon, Initial residual = 0.0025530401, Final residual = 6.8964144e-06, No Iterations 4
smoothSolver:  Solving for k, Initial residual = 0.0044722006, Final residual = 2.5248735e-05, No Iterations 4
bounding k, min: 0 max: 1638.0492 average: 525.7923
ExecutionTime = 0.47 s  ClockTime = 1 s

Time = 133

smoothSolver:  Solving for Ux, Initial residual = 0.0029288081, Final residual = 2.1546446e-05, No Iterations 4
smoothSolver:  Solving for Uy, Initial residual = 0.0012299599, Final residual = 9.0077747e-06, No Iterations 4
smoothSolver:  Solving for Uz, Initial residual = 0.0012299599, Final residual = 9.0077637e-06, No Iterations 4
GAMG:  Solving for p, Initial residual = 0.0060023122, Final residual = 3.5957974e-05, No Iterations 2
GAMG:  Solving for p, Initial residual = 3.5743524e-05, Final residual = 3.4548718e-07, No Iterations 22
time step continuity errors : sum local = 2.4098609e-06, global = 1.3496956e-07, cumulative = 0.00095360508
smoothSolver:  Solving for epsilon, Initial residual = 0.0025347419, Final residual = 6.8832643e-06, No Iterations 4
smoothSolver:  Solving for k, Initial residual = 0.0044381841, Final residual = 2.5107428e-05, No Iterations 4
bounding k, min: 0 max: 1643.0453 average: 527.67962
ExecutionTime = 0.47 s  ClockTime = 1 s

Time = 134

smoothSolver:  Solving for Ux, Initial residual = 0.002844111, Final residual = 2.0750204e-05, No Iterations 4
smoothSolver:  Solving for Uy, Initial residual = 0.001219843, Final residual = 8.9230106e-06, No Iterations 4
smoothSolver:  Solving for Uz, Initial residual = 0.001219843, Final residual = 8.9230018e-06, No Iterations 4
GAMG:  Solving for p, Initial residual = 0.0059405653, Final residual = 3.5678164e-05, No Iterations 2
GAMG:  Solving for p, Initial residual = 3.546756e-05, Final residual = 3.3900002e-07, No Iterations 22
time step continuity errors : sum local = 2.3675015e-06, global = 1.3148284e-07, cumulative = 0.00095373656
smoothSolver:  Solving for epsilon, Initial residual = 0.0025168552, Final residual = 6.8704365e-06, No Iterations 4
smoothSolver:  Solving for k, Initial residual = 0.0044049405, Final residual = 2.4969122e-05, No Iterations 4
bounding k, min: 0 max: 1648.0025 average: 529.55274
ExecutionTime = 0.47 s  ClockTime = 1 s

Time = 135

smoothSolver:  Solving for Ux, Initial residual = 0.0027671241, Final residual = 1.998947e-05, No Iterations 4
smoothSolver:  Solving for Uy, Initial residual = 0.0012099261, Final residual = 8.8407134e-06, No Iterations 4
smoothSolver:  Solving for Uz, Initial residual = 0.0012099261, Final residual = 8.8407024e-06, No Iterations 4
GAMG:  Solving for p, Initial residual = 0.0058800816, Final residual = 3.5403521e-05, No Iterations 2
GAMG:  Solving for p, Initial residual = 3.5196654e-05, Final residual = 3.4270979e-07, No Iterations 20
time step continuity errors : sum local = 2.3963189e-06, global = 1.3416258e-07, cumulative = 0.00095387072
smoothSolver:  Solving for epsilon, Initial residual = 0.0024992573, Final residual = 6.8576258e-06, No Iterations 4
smoothSolver:  Solving for k, Initial residual = 0.0043724481, Final residual = 2.4833754e-05, No Iterations 4
bounding k, min: 0 max: 1652.9217 average: 531.41194
ExecutionTime = 0.47 s  ClockTime = 1 s

Time = 136

smoothSolver:  Solving for Ux, Initial residual = 0.0026963831, Final residual = 1.9253455e-05, No Iterations 4
smoothSolver:  Solving for Uy, Initial residual = 0.0012002143, Final residual = 8.760467e-06, No Iterations 4
smoothSolver:  Solving for Uz, Initial residual = 0.0012002143, Final residual = 8.7604561e-06, No Iterations 4
GAMG:  Solving for p, Initial residual = 0.0058208222, Final residual = 3.5133184e-05, No Iterations 2
GAMG:  Solving for p, Initial residual = 3.4929955e-05, Final residual = 3.3932061e-07, No Iterations 20
time step continuity errors : sum local = 2.3754892e-06, global = 1.3214325e-07, cumulative = 0.00095400287
smoothSolver:  Solving for epsilon, Initial residual = 0.0024816668, Final residual = 6.8440816e-06, No Iterations 4
smoothSolver:  Solving for k, Initial residual = 0.0043397243, Final residual = 2.4695787e-05, No Iterations 4
bounding k, min: 0 max: 1657.8036 average: 533.25745
ExecutionTime = 0.47 s  ClockTime = 1 s

Time = 137

smoothSolver:  Solving for Ux, Initial residual = 0.0026287457, Final residual = 1.8553141e-05, No Iterations 4
smoothSolver:  Solving for Uy, Initial residual = 0.0011906943, Final residual = 8.6819253e-06, No Iterations 4
smoothSolver:  Solving for Uz, Initial residual = 0.0011906943, Final residual = 8.6819144e-06, No Iterations 4
GAMG:  Solving for p, Initial residual = 0.0057627478, Final residual = 3.4866725e-05, No Iterations 2
GAMG:  Solving for p, Initial residual = 3.4667039e-05, Final residual = 3.4023403e-07, No Iterations 20
time step continuity errors : sum local = 2.3847476e-06, global = 1.3253097e-07, cumulative = 0.0009541354
smoothSolver:  Solving for epsilon, Initial residual = 0.0024643794, Final residual = 6.8306367e-06, No Iterations 4
smoothSolver:  Solving for k, Initial residual = 0.0043076832, Final residual = 2.4560456e-05, No Iterations 4
bounding k, min: 0 max: 1662.649 average: 535.08953
ExecutionTime = 0.47 s  ClockTime = 1 s

Time = 138

smoothSolver:  Solving for Ux, Initial residual = 0.002564381, Final residual = 1.7889765e-05, No Iterations 4
smoothSolver:  Solving for Uy, Initial residual = 0.0011813635, Final residual = 8.6050764e-06, No Iterations 4
smoothSolver:  Solving for Uz, Initial residual = 0.0011813635, Final residual = 8.6050655e-06, No Iterations 4
GAMG:  Solving for p, Initial residual = 0.0057058214, Final residual = 3.4605085e-05, No Iterations 2
GAMG:  Solving for p, Initial residual = 3.4408845e-05, Final residual = 3.4218746e-07, No Iterations 20
time step continuity errors : sum local = 2.4013074e-06, global = 1.3345907e-07, cumulative = 0.00095426886
smoothSolver:  Solving for epsilon, Initial residual = 0.0024470673, Final residual = 6.8164024e-06, No Iterations 4
smoothSolver:  Solving for k, Initial residual = 0.0042756079, Final residual = 2.4423713e-05, No Iterations 4
bounding k, min: 0 max: 1667.4586 average: 536.9084
ExecutionTime = 0.48 s  ClockTime = 1 s

Time = 139

smoothSolver:  Solving for Ux, Initial residual = 0.0025031141, Final residual = 1.726107e-05, No Iterations 4
smoothSolver:  Solving for Uy, Initial residual = 0.001172217, Final residual = 8.5299216e-06, No Iterations 4
smoothSolver:  Solving for Uz, Initial residual = 0.001172217, Final residual = 8.5299108e-06, No Iterations 4
GAMG:  Solving for p, Initial residual = 0.0056500097, Final residual = 3.4348437e-05, No Iterations 2
GAMG:  Solving for p, Initial residual = 3.4155548e-05, Final residual = 3.250851e-07, No Iterations 22
time step continuity errors : sum local = 2.2840045e-06, global = 1.2379828e-07, cumulative = 0.00095439265
smoothSolver:  Solving for epsilon, Initial residual = 0.0024301307, Final residual = 6.8025103e-06, No Iterations 4
smoothSolver:  Solving for k, Initial residual = 0.0042439866, Final residual = 2.4288378e-05, No Iterations 4
bounding k, min: 0 max: 1672.2331 average: 538.7143
ExecutionTime = 0.48 s  ClockTime = 1 s

Time = 140

smoothSolver:  Solving for Ux, Initial residual = 0.002445277, Final residual = 1.666814e-05, No Iterations 4
smoothSolver:  Solving for Uy, Initial residual = 0.0011632398, Final residual = 8.4563872e-06, No Iterations 4
smoothSolver:  Solving for Uz, Initial residual = 0.0011632398, Final residual = 8.4563764e-06, No Iterations 4
GAMG:  Solving for p, Initial residual = 0.0055952818, Final residual = 3.4097177e-05, No Iterations 2
GAMG:  Solving for p, Initial residual = 3.3907544e-05, Final residual = 3.2131095e-07, No Iterations 14
time step continuity errors : sum local = 2.2601583e-06, global = 6.9019214e-08, cumulative = 0.00095446167
smoothSolver:  Solving for epsilon, Initial residual = 0.0024135589, Final residual = 6.7889566e-06, No Iterations 4
smoothSolver:  Solving for k, Initial residual = 0.0042130548, Final residual = 2.4155841e-05, No Iterations 4
bounding k, min: 0 max: 1676.9732 average: 540.50745
ExecutionTime = 0.48 s  ClockTime = 1 s

Time = 141

smoothSolver:  Solving for Ux, Initial residual = 0.0023898145, Final residual = 1.6104322e-05, No Iterations 4
smoothSolver:  Solving for Uy, Initial residual = 0.0011544393, Final residual = 8.3845157e-06, No Iterations 4
smoothSolver:  Solving for Uz, Initial residual = 0.0011544393, Final residual = 8.3845049e-06, No Iterations 4
GAMG:  Solving for p, Initial residual = 0.0055416063, Final residual = 3.3851837e-05, No Iterations 2
GAMG:  Solving for p, Initial residual = 3.3665365e-05, Final residual = 3.1228088e-07, No Iterations 10
time step continuity errors : sum local = 2.1992237e-06, global = 4.5389391e-08, cumulative = 0.00095450706
smoothSolver:  Solving for epsilon, Initial residual = 0.0023973424, Final residual = 6.7757401e-06, No Iterations 4
smoothSolver:  Solving for k, Initial residual = 0.004182794, Final residual = 2.4026042e-05, No Iterations 4
bounding k, min: 0 max: 1681.6797 average: 542.28808
ExecutionTime = 0.48 s  ClockTime = 1 s

Time = 142

smoothSolver:  Solving for Ux, Initial residual = 0.0023353299, Final residual = 1.5574775e-05, No Iterations 4
smoothSolver:  Solving for Uy, Initial residual = 0.0011458001, Final residual = 8.314089e-06, No Iterations 4
smoothSolver:  Solving for Uz, Initial residual = 0.0011458001, Final residual = 8.3140782e-06, No Iterations 4
GAMG:  Solving for p, Initial residual = 0.0054889566, Final residual = 3.3610637e-05, No Iterations 2
GAMG:  Solving for p, Initial residual = 3.3427244e-05, Final residual = 3.3141272e-07, No Iterations 9
time step continuity errors : sum local = 2.3366902e-06, global = -2.2967614e-07, cumulative = 0.00095427739
smoothSolver:  Solving for epsilon, Initial residual = 0.0023814715, Final residual = 6.7628573e-06, No Iterations 4
smoothSolver:  Solving for k, Initial residual = 0.0041531861, Final residual = 2.3898922e-05, No Iterations 4
bounding k, min: 0 max: 1686.3531 average: 544.0564
ExecutionTime = 0.48 s  ClockTime = 1 s

Time = 143

smoothSolver:  Solving for Ux, Initial residual = 0.0022865888, Final residual = 1.5127315e-05, No Iterations 4
smoothSolver:  Solving for Uy, Initial residual = 0.0011374557, Final residual = 8.245469e-06, No Iterations 4
smoothSolver:  Solving for Uz, Initial residual = 0.0011374558, Final residual = 8.2454586e-06, No Iterations 4
GAMG:  Solving for p, Initial residual = 0.0054372947, Final residual = 3.337865e-05, No Iterations 2
GAMG:  Solving for p, Initial residual = 3.3198229e-05, Final residual = 2.7325703e-07, No Iterations 8
time step continuity errors : sum local = 1.9288949e-06, global = -8.0066231e-08, cumulative = 0.00095419732
smoothSolver:  Solving for epsilon, Initial residual = 0.002365937, Final residual = 6.7503068e-06, No Iterations 4
smoothSolver:  Solving for k, Initial residual = 0.0041242137, Final residual = 2.3774424e-05, No Iterations 4
bounding k, min: 0 max: 1690.9941 average: 545.81262
ExecutionTime = 0.48 s  ClockTime = 1 s

Time = 144

smoothSolver:  Solving for Ux, Initial residual = 0.0022315639, Final residual = 1.4608282e-05, No Iterations 4
smoothSolver:  Solving for Uy, Initial residual = 0.0011291665, Final residual = 8.1777296e-06, No Iterations 4
smoothSolver:  Solving for Uz, Initial residual = 0.0011291665, Final residual = 8.1777189e-06, No Iterations 4
GAMG:  Solving for p, Initial residual = 0.0053866144, Final residual = 3.3138932e-05, No Iterations 2
GAMG:  Solving for p, Initial residual = 3.2961468e-05, Final residual = 2.7164263e-07, No Iterations 8
time step continuity errors : sum local = 1.9197192e-06, global = -7.9892692e-08, cumulative = 0.00095411743
smoothSolver:  Solving for epsilon, Initial residual = 0.0023507337, Final residual = 6.7380965e-06, No Iterations 4
smoothSolver:  Solving for k, Initial residual = 0.004095862, Final residual = 2.3652505e-05, No Iterations 4
bounding k, min: 0 max: 1695.6034 average: 547.55695
ExecutionTime = 0.48 s  ClockTime = 1 s

Time = 145

smoothSolver:  Solving for Ux, Initial residual = 0.0021783033, Final residual = 1.4111168e-05, No Iterations 4
smoothSolver:  Solving for Uy, Initial residual = 0.0011210625, Final residual = 8.1116009e-06, No Iterations 4
smoothSolver:  Solving for Uz, Initial residual = 0.0011210625, Final residual = 8.1115902e-06, No Iterations 4
GAMG:  Solving for p, Initial residual = 0.0053368829, Final residual = 3.2893919e-05, No Iterations 2
GAMG:  Solving for p, Initial residual = 3.2719386e-05, Final residual = 2.5338383e-07, No Iterations 8
time step continuity errors : sum local = 1.7927455e-06, global = 8.8750764e-08, cumulative = 0.00095420618
smoothSolver:  Solving for epsilon, Initial residual = 0.0023358509, Final residual = 6.7262169e-06, No Iterations 4
smoothSolver:  Solving for k, Initial residual = 0.0040681138, Final residual = 2.3533102e-05, No Iterations 4
bounding k, min: 0 max: 1700.1816 average: 549.28958
ExecutionTime = 0.48 s  ClockTime = 1 s

Time = 146

smoothSolver:  Solving for Ux, Initial residual = 0.0021302561, Final residual = 1.3673699e-05, No Iterations 4
smoothSolver:  Solving for Uy, Initial residual = 0.001113095, Final residual = 8.0467143e-06, No Iterations 4
smoothSolver:  Solving for Uz, Initial residual = 0.001113095, Final residual = 8.0467036e-06, No Iterations 4
GAMG:  Solving for p, Initial residual = 0.0052880625, Final residual = 3.2653024e-05, No Iterations 2
GAMG:  Solving for p, Initial residual = 3.2481346e-05, Final residual = 2.4453333e-07, No Iterations 10
time step continuity errors : sum local = 1.7321086e-06, global = 5.1263255e-08, cumulative = 0.00095425744
smoothSolver:  Solving for epsilon, Initial residual = 0.0023212775, Final residual = 6.7146564e-06, No Iterations 4
smoothSolver:  Solving for k, Initial residual = 0.0040409521, Final residual = 2.3416149e-05, No Iterations 4
bounding k, min: 0 max: 1704.7292 average: 551.01071
ExecutionTime = 0.49 s  ClockTime = 1 s

Time = 147

smoothSolver:  Solving for Ux, Initial residual = 0.0020865984, Final residual = 1.328104e-05, No Iterations 4
smoothSolver:  Solving for Uy, Initial residual = 0.0011053628, Final residual = 7.9837462e-06, No Iterations 4
smoothSolver:  Solving for Uz, Initial residual = 0.0011053628, Final residual = 7.9837356e-06, No Iterations 4
GAMG:  Solving for p, Initial residual = 0.0052401297, Final residual = 3.2414647e-05, No Iterations 2
GAMG:  Solving for p, Initial residual = 3.224576e-05, Final residual = 3.0659833e-07, No Iterations 9
time step continuity errors : sum local = 2.1742103e-06, global = -1.5314694e-07, cumulative = 0.00095410429
smoothSolver:  Solving for epsilon, Initial residual = 0.0023070042, Final residual = 6.703408e-06, No Iterations 4
smoothSolver:  Solving for k, Initial residual = 0.004014361, Final residual = 2.3301591e-05, No Iterations 4
bounding k, min: 0 max: 1709.2469 average: 552.72053
ExecutionTime = 0.49 s  ClockTime = 1 s

Time = 148

smoothSolver:  Solving for Ux, Initial residual = 0.0020472705, Final residual = 1.2942426e-05, No Iterations 4
smoothSolver:  Solving for Uy, Initial residual = 0.0010977011, Final residual = 7.9219347e-06, No Iterations 4
smoothSolver:  Solving for Uz, Initial residual = 0.0010977011, Final residual = 7.9219241e-06, No Iterations 4
GAMG:  Solving for p, Initial residual = 0.0051930726, Final residual = 3.2198683e-05, No Iterations 2
GAMG:  Solving for p, Initial residual = 3.2032421e-05, Final residual = 2.4692207e-07, No Iterations 8
time step continuity errors : sum local = 1.7530076e-06, global = 9.3775467e-08, cumulative = 0.00095419807
smoothSolver:  Solving for epsilon, Initial residual = 0.0022930237, Final residual = 6.6924702e-06, No Iterations 4
smoothSolver:  Solving for k, Initial residual = 0.0039883263, Final residual = 2.3189378e-05, No Iterations 4
bounding k, min: 0 max: 1713.7353 average: 554.41923
ExecutionTime = 0.49 s  ClockTime = 1 s

Time = 149

smoothSolver:  Solving for Ux, Initial residual = 0.002005422, Final residual = 1.2568384e-05, No Iterations 4
smoothSolver:  Solving for Uy, Initial residual = 0.0010901494, Final residual = 7.8609356e-06, No Iterations 4
smoothSolver:  Solving for Uz, Initial residual = 0.0010901494, Final residual = 7.860925e-06, No Iterations 4
GAMG:  Solving for p, Initial residual = 0.0051468643, Final residual = 3.1982444e-05, No Iterations 2
GAMG:  Solving for p, Initial residual = 3.181876e-05, Final residual = 2.7888057e-07, No Iterations 8
time step continuity errors : sum local = 1.9821281e-06, global = -8.1818057e-08, cumulative = 0.00095411625
smoothSolver:  Solving for epsilon, Initial residual = 0.0022793313, Final residual = 6.6818486e-06, No Iterations 4
smoothSolver:  Solving for k, Initial residual = 0.0039628354, Final residual = 2.3079476e-05, No Iterations 4
bounding k, min: 0 max: 1718.1949 average: 556.107
ExecutionTime = 0.49 s  ClockTime = 1 s

Time = 150

smoothSolver:  Solving for Ux, Initial residual = 0.0019656906, Final residual = 1.220602e-05, No Iterations 4
smoothSolver:  Solving for Uy, Initial residual = 0.0010827274, Final residual = 7.8011554e-06, No Iterations 4
smoothSolver:  Solving for Uz, Initial residual = 0.0010827274, Final residual = 7.8011449e-06, No Iterations 4
GAMG:  Solving for p, Initial residual = 0.0051014884, Final residual = 3.1773776e-05, No Iterations 2
GAMG:  Solving for p, Initial residual = 3.1612587e-05, Final residual = 2.816023e-07, No Iterations 8
time step continuity errors : sum local = 2.0037186e-06, global = -8.2722777e-08, cumulative = 0.00095403353
smoothSolver:  Solving for epsilon, Initial residual = 0.00226592, Final residual = 6.6715403e-06, No Iterations 4
smoothSolver:  Solving for k, Initial residual = 0.0039378748, Final residual = 2.2971834e-05, No Iterations 4
bounding k, min: 0 max: 1722.6263 average: 557.784
ExecutionTime = 0.49 s  ClockTime = 1 s

Time = 151

smoothSolver:  Solving for Ux, Initial residual = 0.001930882, Final residual = 1.1857165e-05, No Iterations 4
smoothSolver:  Solving for Uy, Initial residual = 0.0010754521, Final residual = 7.7426282e-06, No Iterations 4
smoothSolver:  Solving for Uz, Initial residual = 0.0010754521, Final residual = 7.7426177e-06, No Iterations 4
GAMG:  Solving for p, Initial residual = 0.0050569173, Final residual = 3.1564356e-05, No Iterations 2
GAMG:  Solving for p, Initial residual = 3.1405623e-05, Final residual = 2.9437762e-07, No Iterations 8
time step continuity errors : sum local = 2.0969587e-06, global = -8.1450351e-08, cumulative = 0.00095395208
smoothSolver:  Solving for epsilon, Initial residual = 0.0022527825, Final residual = 6.6615415e-06, No Iterations 4
smoothSolver:  Solving for k, Initial residual = 0.0039134313, Final residual = 2.2866406e-05, No Iterations 4
bounding k, min: 0 max: 1727.03 average: 559.45042
ExecutionTime = 0.49 s  ClockTime = 1 s

Time = 152

smoothSolver:  Solving for Ux, Initial residual = 0.0018982802, Final residual = 1.1531696e-05, No Iterations 4
smoothSolver:  Solving for Uy, Initial residual = 0.0010683048, Final residual = 7.685328e-06, No Iterations 4
smoothSolver:  Solving for Uz, Initial residual = 0.0010683048, Final residual = 7.6853176e-06, No Iterations 4
GAMG:  Solving for p, Initial residual = 0.0050131311, Final residual = 3.1356245e-05, No Iterations 2
GAMG:  Solving for p, Initial residual = 3.1199917e-05, Final residual = 2.9749186e-07, No Iterations 8
time step continuity errors : sum local = 2.1214961e-06, global = -8.1653907e-08, cumulative = 0.00095387043
smoothSolver:  Solving for epsilon, Initial residual = 0.0022399117, Final residual = 6.6518476e-06, No Iterations 4
smoothSolver:  Solving for k, Initial residual = 0.0038894919, Final residual = 2.2763145e-05, No Iterations 4
bounding k, min: 0 max: 1731.4065 average: 561.10643
ExecutionTime = 0.49 s  ClockTime = 1 s

Time = 153

smoothSolver:  Solving for Ux, Initial residual = 0.0018669293, Final residual = 1.1220515e-05, No Iterations 4
smoothSolver:  Solving for Uy, Initial residual = 0.0010613089, Final residual = 7.6293824e-06, No Iterations 4
smoothSolver:  Solving for Uz, Initial residual = 0.0010613089, Final residual = 7.6293719e-06, No Iterations 4
GAMG:  Solving for p, Initial residual = 0.0049701097, Final residual = 3.1146443e-05, No Iterations 2
GAMG:  Solving for p, Initial residual = 3.0992489e-05, Final residual = 2.8618344e-07, No Iterations 8
time step continuity errors : sum local = 2.0431079e-06, global = -8.4017948e-08, cumulative = 0.00095378641
smoothSolver:  Solving for epsilon, Initial residual = 0.0022273014, Final residual = 6.6424565e-06, No Iterations 4
smoothSolver:  Solving for k, Initial residual = 0.0038660447, Final residual = 2.2662009e-05, No Iterations 4
bounding k, min: 0 max: 1735.7564 average: 562.75219
ExecutionTime = 0.49 s  ClockTime = 1 s

Time = 154

smoothSolver:  Solving for Ux, Initial residual = 0.0018357698, Final residual = 1.0931594e-05, No Iterations 4
smoothSolver:  Solving for Uy, Initial residual = 0.0010544552, Final residual = 7.5746746e-06, No Iterations 4
smoothSolver:  Solving for Uz, Initial residual = 0.0010544552, Final residual = 7.5746642e-06, No Iterations 4
GAMG:  Solving for p, Initial residual = 0.0049278338, Final residual = 3.0932349e-05, No Iterations 2
GAMG:  Solving for p, Initial residual = 3.0780747e-05, Final residual = 2.8195934e-07, No Iterations 8
time step continuity errors : sum local = 2.0151643e-06, global = -8.3065427e-08, cumulative = 0.00095370334
smoothSolver:  Solving for epsilon, Initial residual = 0.0022149458, Final residual = 6.633367e-06, No Iterations 4
smoothSolver:  Solving for k, Initial residual = 0.003843078, Final residual = 2.2562957e-05, No Iterations 4
bounding k, min: 0 max: 1740.0802 average: 564.38788
ExecutionTime = 0.49 s  ClockTime = 1 s

Time = 155

smoothSolver:  Solving for Ux, Initial residual = 0.0018051689, Final residual = 1.0730882e-05, No Iterations 4
smoothSolver:  Solving for Uy, Initial residual = 0.0010476834, Final residual = 7.5208006e-06, No Iterations 4
smoothSolver:  Solving for Uz, Initial residual = 0.0010476834, Final residual = 7.5207902e-06, No Iterations 4
GAMG:  Solving for p, Initial residual = 0.0048862881, Final residual = 3.0718782e-05, No Iterations 2
GAMG:  Solving for p, Initial residual = 3.0569491e-05, Final residual = 2.8080638e-07, No Iterations 8
time step continuity errors : sum local = 2.0091194e-06, global = -8.2566951e-08, cumulative = 0.00095362077
smoothSolver:  Solving for epsilon, Initial residual = 0.002202839, Final residual = 6.6245758e-06, No Iterations 4
smoothSolver:  Solving for k, Initial residual = 0.0038205805, Final residual = 2.2465947e-05, No Iterations 4
bounding k, min: 0 max: 1744.3783 average: 566.01364
ExecutionTime = 0.5 s  ClockTime = 1 s

Time = 156

smoothSolver:  Solving for Ux, Initial residual = 0.001776395, Final residual = 1.0540549e-05, No Iterations 4
smoothSolver:  Solving for Uy, Initial residual = 0.0010409782, Final residual = 7.4676413e-06, No Iterations 4
smoothSolver:  Solving for Uz, Initial residual = 0.0010409782, Final residual = 7.467631e-06, No Iterations 4
GAMG:  Solving for p, Initial residual = 0.0048454592, Final residual = 3.0513347e-05, No Iterations 2
GAMG:  Solving for p, Initial residual = 3.0366288e-05, Final residual = 2.8167336e-07, No Iterations 8
time step continuity errors : sum local = 2.0175158e-06, global = -8.3210285e-08, cumulative = 0.00095353756
smoothSolver:  Solving for epsilon, Initial residual = 0.0021909746, Final residual = 6.6160783e-06, No Iterations 4
smoothSolver:  Solving for k, Initial residual = 0.0037985409, Final residual = 2.2370937e-05, No Iterations 4
bounding k, min: 0 max: 1748.6513 average: 567.62964
ExecutionTime = 0.5 s  ClockTime = 1 s

Time = 157

smoothSolver:  Solving for Ux, Initial residual = 0.001749991, Final residual = 1.0361786e-05, No Iterations 4
smoothSolver:  Solving for Uy, Initial residual = 0.0010343778, Final residual = 7.4154533e-06, No Iterations 4
smoothSolver:  Solving for Uz, Initial residual = 0.0010343778, Final residual = 7.415443e-06, No Iterations 4
GAMG:  Solving for p, Initial residual = 0.0048053314, Final residual = 3.0318142e-05, No Iterations 2
GAMG:  Solving for p, Initial residual = 3.0173229e-05, Final residual = 2.8258765e-07, No Iterations 8
time step continuity errors : sum local = 2.0262565e-06, global = -8.3741787e-08, cumulative = 0.00095345382
smoothSolver:  Solving for epsilon, Initial residual = 0.0021793465, Final residual = 6.6078697e-06, No Iterations 4
smoothSolver:  Solving for k, Initial residual = 0.0037769482, Final residual = 2.2277887e-05, No Iterations 4
bounding k, min: 0 max: 1752.8997 average: 569.23604
ExecutionTime = 0.5 s  ClockTime = 1 s

Time = 158

smoothSolver:  Solving for Ux, Initial residual = 0.0017251776, Final residual = 1.0191662e-05, No Iterations 4
smoothSolver:  Solving for Uy, Initial residual = 0.0010279234, Final residual = 7.3645186e-06, No Iterations 4
smoothSolver:  Solving for Uz, Initial residual = 0.0010279234, Final residual = 7.3645083e-06, No Iterations 4
GAMG:  Solving for p, Initial residual = 0.0047658856, Final residual = 3.0127969e-05, No Iterations 2
GAMG:  Solving for p, Initial residual = 2.9985141e-05, Final residual = 2.824955e-07, No Iterations 8
time step continuity errors : sum local = 2.0277784e-06, global = -8.3723616e-08, cumulative = 0.0009533701
smoothSolver:  Solving for epsilon, Initial residual = 0.0021679494, Final residual = 6.5999477e-06, No Iterations 4
smoothSolver:  Solving for k, Initial residual = 0.0037557921, Final residual = 2.2186758e-05, No Iterations 4
bounding k, min: 0 max: 1757.1239 average: 570.83299
ExecutionTime = 0.5 s  ClockTime = 1 s

Time = 159

smoothSolver:  Solving for Ux, Initial residual = 0.0017006867, Final residual = 1.0029603e-05, No Iterations 4
smoothSolver:  Solving for Uy, Initial residual = 0.0010216118, Final residual = 7.3148099e-06, No Iterations 4
smoothSolver:  Solving for Uz, Initial residual = 0.0010216118, Final residual = 7.3147996e-06, No Iterations 4
GAMG:  Solving for p, Initial residual = 0.0047271019, Final residual = 2.9936058e-05, No Iterations 2
GAMG:  Solving for p, Initial residual = 2.979529e-05, Final residual = 2.8133976e-07, No Iterations 8
time step continuity errors : sum local = 2.0216477e-06, global = -8.2944521e-08, cumulative = 0.00095328715
smoothSolver:  Solving for epsilon, Initial residual = 0.0021567786, Final residual = 6.5923118e-06, No Iterations 4
smoothSolver:  Solving for k, Initial residual = 0.0037350631, Final residual = 2.2097517e-05, No Iterations 4
bounding k, min: 0 max: 1761.3243 average: 572.42063
ExecutionTime = 0.5 s  ClockTime = 1 s

Time = 160

smoothSolver:  Solving for Ux, Initial residual = 0.0016759786, Final residual = 9.9122946e-06, No Iterations 4
smoothSolver:  Solving for Uy, Initial residual = 0.0010153991, Final residual = 7.2660098e-06, No Iterations 4
smoothSolver:  Solving for Uz, Initial residual = 0.0010153991, Final residual = 7.2659996e-06, No Iterations 4
GAMG:  Solving for p, Initial residual = 0.0046889644, Final residual = 2.9741521e-05, No Iterations 2
GAMG:  Solving for p, Initial residual = 2.9602792e-05, Final residual = 2.8012552e-07, No Iterations 8
time step continuity errors : sum local = 2.0150701e-06, global = -8.2220387e-08, cumulative = 0.00095320493
smoothSolver:  Solving for epsilon, Initial residual = 0.0021458297, Final residual = 6.5849612e-06, No Iterations 4
smoothSolver:  Solving for k, Initial residual = 0.0037147517, Final residual = 2.2010131e-05, No Iterations 4
bounding k, min: 0 max: 1765.5014 average: 573.99911
ExecutionTime = 0.5 s  ClockTime = 1 s

Time = 161

smoothSolver:  Solving for Ux, Initial residual = 0.0016515223, Final residual = 9.7991551e-06, No Iterations 4
smoothSolver:  Solving for Uy, Initial residual = 0.0010092519, Final residual = 7.2178744e-06, No Iterations 4
smoothSolver:  Solving for Uz, Initial residual = 0.0010092519, Final residual = 7.2178642e-06, No Iterations 4
GAMG:  Solving for p, Initial residual = 0.0046514614, Final residual = 2.9548533e-05, No Iterations 2
GAMG:  Solving for p, Initial residual = 2.9411801e-05, Final residual = 2.7972123e-07, No Iterations 8
time step continuity errors : sum local = 2.0142982e-06, global = -8.2126102e-08, cumulative = 0.00095312281
smoothSolver:  Solving for epsilon, Initial residual = 0.002135098, Final residual = 6.5778934e-06, No Iterations 4
smoothSolver:  Solving for k, Initial residual = 0.0036948486, Final residual = 2.1924565e-05, No Iterations 4
bounding k, min: 0 max: 1769.6557 average: 575.56858
ExecutionTime = 0.5 s  ClockTime = 1 s

Time = 162

smoothSolver:  Solving for Ux, Initial residual = 0.0016280931, Final residual = 9.6886428e-06, No Iterations 4
smoothSolver:  Solving for Uy, Initial residual = 0.0010031791, Final residual = 7.1704664e-06, No Iterations 4
smoothSolver:  Solving for Uz, Initial residual = 0.0010031791, Final residual = 7.1704563e-06, No Iterations 4
GAMG:  Solving for p, Initial residual = 0.0046145823, Final residual = 2.9360743e-05, No Iterations 2
GAMG:  Solving for p, Initial residual = 2.9225953e-05, Final residual = 2.7979789e-07, No Iterations 8
time step continuity errors : sum local = 2.016979e-06, global = -8.2354745e-08, cumulative = 0.00095304045
smoothSolver:  Solving for epsilon, Initial residual = 0.0021245783, Final residual = 6.5711049e-06, No Iterations 4
smoothSolver:  Solving for k, Initial residual = 0.0036753447, Final residual = 2.1840783e-05, No Iterations 4
bounding k, min: 0 max: 1773.7875 average: 577.12918
ExecutionTime = 0.5 s  ClockTime = 1 s

Time = 163

smoothSolver:  Solving for Ux, Initial residual = 0.0016060275, Final residual = 9.5803133e-06, No Iterations 4
smoothSolver:  Solving for Uy, Initial residual = 0.00099721192, Final residual = 7.1240092e-06, No Iterations 4
smoothSolver:  Solving for Uz, Initial residual = 0.00099721192, Final residual = 7.1239991e-06, No Iterations 4
GAMG:  Solving for p, Initial residual = 0.0045783145, Final residual = 2.917774e-05, No Iterations 2
GAMG:  Solving for p, Initial residual = 2.9044839e-05, Final residual = 2.7959513e-07, No Iterations 8
time step continuity errors : sum local = 2.0176366e-06, global = -8.2334861e-08, cumulative = 0.00095295812
smoothSolver:  Solving for epsilon, Initial residual = 0.0021142659, Final residual = 6.564592e-06, No Iterations 4
smoothSolver:  Solving for k, Initial residual = 0.0036562311, Final residual = 2.1758752e-05, No Iterations 4
bounding k, min: 0 max: 1777.8974 average: 578.68104
ExecutionTime = 0.5 s  ClockTime = 1 s

Time = 164

smoothSolver:  Solving for Ux, Initial residual = 0.0015850645, Final residual = 9.474555e-06, No Iterations 4
smoothSolver:  Solving for Uy, Initial residual = 0.00099136522, Final residual = 7.0786039e-06, No Iterations 4
smoothSolver:  Solving for Uz, Initial residual = 0.00099136522, Final residual = 7.0785939e-06, No Iterations 4
GAMG:  Solving for p, Initial residual = 0.0045426427, Final residual = 2.8996571e-05, No Iterations 2
GAMG:  Solving for p, Initial residual = 2.8865519e-05, Final residual = 2.787916e-07, No Iterations 8
time step continuity errors : sum local = 2.0139433e-06, global = -8.1856729e-08, cumulative = 0.00095287626
smoothSolver:  Solving for epsilon, Initial residual = 0.0021041563, Final residual = 6.5583523e-06, No Iterations 4
smoothSolver:  Solving for k, Initial residual = 0.0036374991, Final residual = 2.167844e-05, No Iterations 4
bounding k, min: 0 max: 1781.9857 average: 580.2243
ExecutionTime = 0.51 s  ClockTime = 1 s

Time = 165

smoothSolver:  Solving for Ux, Initial residual = 0.0015647406, Final residual = 9.3771031e-06, No Iterations 4
smoothSolver:  Solving for Uy, Initial residual = 0.0009856241, Final residual = 7.0341433e-06, No Iterations 4
smoothSolver:  Solving for Uz, Initial residual = 0.00098562411, Final residual = 7.0341332e-06, No Iterations 4
GAMG:  Solving for p, Initial residual = 0.0045075513, Final residual = 2.8815479e-05, No Iterations 2
GAMG:  Solving for p, Initial residual = 2.8686249e-05, Final residual = 2.7765738e-07, No Iterations 8
time step continuity errors : sum local = 2.0078386e-06, global = -8.1214941e-08, cumulative = 0.00095279505
smoothSolver:  Solving for epsilon, Initial residual = 0.0020942453, Final residual = 6.5523838e-06, No Iterations 4
smoothSolver:  Solving for k, Initial residual = 0.0036191407, Final residual = 2.1599815e-05, No Iterations 4
bounding k, min: 0 max: 1786.0528 average: 581.7591
ExecutionTime = 0.51 s  ClockTime = 1 s

Time = 166

smoothSolver:  Solving for Ux, Initial residual = 0.0015471733, Final residual = 9.2908676e-06, No Iterations 4
smoothSolver:  Solving for Uy, Initial residual = 0.00097996311, Final residual = 6.9904062e-06, No Iterations 4
smoothSolver:  Solving for Uz, Initial residual = 0.00097996312, Final residual = 6.9903961e-06, No Iterations 4
GAMG:  Solving for p, Initial residual = 0.0044730271, Final residual = 2.8635482e-05, No Iterations 2
GAMG:  Solving for p, Initial residual = 2.8508038e-05, Final residual = 2.7671137e-07, No Iterations 8
time step continuity errors : sum local = 2.0030715e-06, global = -8.0786072e-08, cumulative = 0.00095271426
smoothSolver:  Solving for epsilon, Initial residual = 0.0020845292, Final residual = 6.5466847e-06, No Iterations 4
smoothSolver:  Solving for k, Initial residual = 0.0036011481, Final residual = 2.1522849e-05, No Iterations 4
bounding k, min: 0 max: 1790.0991 average: 583.28556
ExecutionTime = 0.51 s  ClockTime = 1 s

Time = 167

smoothSolver:  Solving for Ux, Initial residual = 0.0015313066, Final residual = 9.2066582e-06, No Iterations 4
smoothSolver:  Solving for Uy, Initial residual = 0.00097437215, Final residual = 6.9473149e-06, No Iterations 4
smoothSolver:  Solving for Uz, Initial residual = 0.00097437215, Final residual = 6.9473049e-06, No Iterations 4
GAMG:  Solving for p, Initial residual = 0.0044390592, Final residual = 2.8458629e-05, No Iterations 2
GAMG:  Solving for p, Initial residual = 2.833293e-05, Final residual = 2.7615841e-07, No Iterations 8
time step continuity errors : sum local = 2.0011308e-06, global = -8.0637242e-08, cumulative = 0.00095263362
smoothSolver:  Solving for epsilon, Initial residual = 0.0020750037, Final residual = 6.5412528e-06, No Iterations 4
smoothSolver:  Solving for k, Initial residual = 0.0035835134, Final residual = 2.1447513e-05, No Iterations 4
bounding k, min: 0 max: 1794.1251 average: 584.80382
ExecutionTime = 0.51 s  ClockTime = 1 s

Time = 168

smoothSolver:  Solving for Ux, Initial residual = 0.0015157806, Final residual = 9.1237141e-06, No Iterations 4
smoothSolver:  Solving for Uy, Initial residual = 0.00096886094, Final residual = 6.9049559e-06, No Iterations 4
smoothSolver:  Solving for Uz, Initial residual = 0.00096886094, Final residual = 6.9049459e-06, No Iterations 4
GAMG:  Solving for p, Initial residual = 0.004405638, Final residual = 2.8285582e-05, No Iterations 2
GAMG:  Solving for p, Initial residual = 2.8161585e-05, Final residual = 2.7574826e-07, No Iterations 8
time step continuity errors : sum local = 2.0002101e-06, global = -8.0578519e-08, cumulative = 0.00095255305
smoothSolver:  Solving for epsilon, Initial residual = 0.0020656652, Final residual = 6.5360857e-06, No Iterations 4
smoothSolver:  Solving for k, Initial residual = 0.0035662291, Final residual = 2.1373777e-05, No Iterations 4
bounding k, min: 0 max: 1798.131 average: 586.314
ExecutionTime = 0.51 s  ClockTime = 1 s

Time = 169

smoothSolver:  Solving for Ux, Initial residual = 0.0015005819, Final residual = 9.0417346e-06, No Iterations 4
smoothSolver:  Solving for Uy, Initial residual = 0.00096344278, Final residual = 6.8634341e-06, No Iterations 4
smoothSolver:  Solving for Uz, Initial residual = 0.00096344278, Final residual = 6.8634241e-06, No Iterations 4
GAMG:  Solving for p, Initial residual = 0.0043727528, Final residual = 2.8115171e-05, No Iterations 2
GAMG:  Solving for p, Initial residual = 2.7992836e-05, Final residual = 2.7512865e-07, No Iterations 8
time step continuity errors : sum local = 1.9977549e-06, global = -8.0385869e-08, cumulative = 0.00095247266
smoothSolver:  Solving for epsilon, Initial residual = 0.0020565097, Final residual = 6.5311812e-06, No Iterations 4
smoothSolver:  Solving for k, Initial residual = 0.0035492881, Final residual = 2.1301614e-05, No Iterations 4
bounding k, min: 0 max: 1802.1173 average: 587.81623
ExecutionTime = 0.51 s  ClockTime = 1 s

Time = 170

smoothSolver:  Solving for Ux, Initial residual = 0.0014856654, Final residual = 8.960738e-06, No Iterations 4
smoothSolver:  Solving for Uy, Initial residual = 0.00095811908, Final residual = 6.8227467e-06, No Iterations 4
smoothSolver:  Solving for Uz, Initial residual = 0.00095811908, Final residual = 6.8227368e-06, No Iterations 4
GAMG:  Solving for p, Initial residual = 0.004340392, Final residual = 2.7945882e-05, No Iterations 2
GAMG:  Solving for p, Initial residual = 2.7825181e-05, Final residual = 2.7418162e-07, No Iterations 8
time step continuity errors : sum local = 1.9929032e-06, global = -8.0009136e-08, cumulative = 0.00095239265
smoothSolver:  Solving for epsilon, Initial residual = 0.0020475338, Final residual = 6.526537e-06, No Iterations 4
smoothSolver:  Solving for k, Initial residual = 0.0035326833, Final residual = 2.1230996e-05, No Iterations 4
bounding k, min: 0 max: 1806.0844 average: 589.31063
ExecutionTime = 0.51 s  ClockTime = 1 s

Time = 171

smoothSolver:  Solving for Ux, Initial residual = 0.001471096, Final residual = 8.8815077e-06, No Iterations 4
smoothSolver:  Solving for Uy, Initial residual = 0.00095287931, Final residual = 6.7827929e-06, No Iterations 4
smoothSolver:  Solving for Uz, Initial residual = 0.00095287931, Final residual = 6.782783e-06, No Iterations 4
GAMG:  Solving for p, Initial residual = 0.0043085435, Final residual = 2.7777371e-05, No Iterations 2
GAMG:  Solving for p, Initial residual = 2.7658275e-05, Final residual = 2.7306578e-07, No Iterations 8
time step continuity errors : sum local = 1.986802e-06, global = -7.9575757e-08, cumulative = 0.00095231307
smoothSolver:  Solving for epsilon, Initial residual = 0.0020387338, Final residual = 6.5221512e-06, No Iterations 4
smoothSolver:  Solving for k, Initial residual = 0.0035164077, Final residual = 2.1161897e-05, No Iterations 4
bounding k, min: 0 max: 1810.0325 average: 590.79731
ExecutionTime = 0.51 s  ClockTime = 1 s

Time = 172

smoothSolver:  Solving for Ux, Initial residual = 0.0014568501, Final residual = 8.8040001e-06, No Iterations 4
smoothSolver:  Solving for Uy, Initial residual = 0.00094771262, Final residual = 6.7434787e-06, No Iterations 4
smoothSolver:  Solving for Uz, Initial residual = 0.00094771262, Final residual = 6.7434688e-06, No Iterations 4
GAMG:  Solving for p, Initial residual = 0.0042771964, Final residual = 2.7610502e-05, No Iterations 2
GAMG:  Solving for p, Initial residual = 2.7492979e-05, Final residual = 2.7202008e-07, No Iterations 8
time step continuity errors : sum local = 1.9811881e-06, global = -7.9217766e-08, cumulative = 0.00095223386
smoothSolver:  Solving for epsilon, Initial residual = 0.0020301064, Final residual = 6.5180218e-06, No Iterations 4
smoothSolver:  Solving for k, Initial residual = 0.0035004549, Final residual = 2.1094291e-05, No Iterations 4
bounding k, min: 0 max: 1813.9621 average: 592.27641
ExecutionTime = 0.51 s  ClockTime = 1 s

Time = 173

smoothSolver:  Solving for Ux, Initial residual = 0.0014429476, Final residual = 8.7281327e-06, No Iterations 4
smoothSolver:  Solving for Uy, Initial residual = 0.00094261671, Final residual = 6.7048202e-06, No Iterations 4
smoothSolver:  Solving for Uz, Initial residual = 0.00094261671, Final residual = 6.7048116e-06, No Iterations 4
GAMG:  Solving for p, Initial residual = 0.0042463413, Final residual = 2.7446244e-05, No Iterations 2
GAMG:  Solving for p, Initial residual = 2.733026e-05, Final residual = 2.7113707e-07, No Iterations 8
time step continuity errors : sum local = 1.9767378e-06, global = -7.8962883e-08, cumulative = 0.00095215489
smoothSolver:  Solving for epsilon, Initial residual = 0.0020216483, Final residual = 6.5141468e-06, No Iterations 4
smoothSolver:  Solving for k, Initial residual = 0.0034848184, Final residual = 2.1028155e-05, No Iterations 4
bounding k, min: 0 max: 1817.8736 average: 593.74803
ExecutionTime = 0.51 s  ClockTime = 1 s

Time = 174

smoothSolver:  Solving for Ux, Initial residual = 0.0014294132, Final residual = 8.6538247e-06, No Iterations 4
smoothSolver:  Solving for Uy, Initial residual = 0.00093759625, Final residual = 6.6668564e-06, No Iterations 4
smoothSolver:  Solving for Uz, Initial residual = 0.00093759625, Final residual = 6.6668457e-06, No Iterations 4
GAMG:  Solving for p, Initial residual = 0.0042159691, Final residual = 2.7284746e-05, No Iterations 2
GAMG:  Solving for p, Initial residual = 2.7170265e-05, Final residual = 2.7031589e-07, No Iterations 8
time step continuity errors : sum local = 1.9727188e-06, global = -7.8753158e-08, cumulative = 0.00095207614
smoothSolver:  Solving for epsilon, Initial residual = 0.0020133563, Final residual = 6.510524e-06, No Iterations 4
smoothSolver:  Solving for k, Initial residual = 0.0034694919, Final residual = 2.0963462e-05, No Iterations 4
bounding k, min: 0 max: 1821.7671 average: 595.21229
ExecutionTime = 0.52 s  ClockTime = 1 s

Time = 175

smoothSolver:  Solving for Ux, Initial residual = 0.0014162413, Final residual = 8.5810219e-06, No Iterations 4
smoothSolver:  Solving for Uy, Initial residual = 0.00093265513, Final residual = 6.6296449e-06, No Iterations 4
smoothSolver:  Solving for Uz, Initial residual = 0.00093265513, Final residual = 6.6296353e-06, No Iterations 4
GAMG:  Solving for p, Initial residual = 0.0041860707, Final residual = 2.7125408e-05, No Iterations 2
GAMG:  Solving for p, Initial residual = 2.7012399e-05, Final residual = 2.6939835e-07, No Iterations 8
time step continuity errors : sum local = 1.9679771e-06, global = -7.8513504e-08, cumulative = 0.00095199763
smoothSolver:  Solving for epsilon, Initial residual = 0.0020051597, Final residual = 6.5069326e-06, No Iterations 4
smoothSolver:  Solving for k, Initial residual = 0.0034544694, Final residual = 2.0900189e-05, No Iterations 4
bounding k, min: 0 max: 1825.6432 average: 596.6693
ExecutionTime = 0.52 s  ClockTime = 1 s

Time = 176

smoothSolver:  Solving for Ux, Initial residual = 0.0014033939, Final residual = 8.5096924e-06, No Iterations 4
smoothSolver:  Solving for Uy, Initial residual = 0.00092779163, Final residual = 6.5930998e-06, No Iterations 4
smoothSolver:  Solving for Uz, Initial residual = 0.00092779163, Final residual = 6.5930901e-06, No Iterations 4
GAMG:  Solving for p, Initial residual = 0.0041566365, Final residual = 2.6967701e-05, No Iterations 2
GAMG:  Solving for p, Initial residual = 2.6856136e-05, Final residual = 2.6831739e-07, No Iterations 8
time step continuity errors : sum local = 1.9620202e-06, global = -7.821722e-08, cumulative = 0.00095191941
smoothSolver:  Solving for epsilon, Initial residual = 0.0019969786, Final residual = 6.5031176e-06, No Iterations 4
smoothSolver:  Solving for k, Initial residual = 0.0034393835, Final residual = 2.0836125e-05, No Iterations 4
bounding k, min: 0 max: 1829.502 average: 598.11918
ExecutionTime = 0.52 s  ClockTime = 1 s

Time = 177

smoothSolver:  Solving for Ux, Initial residual = 0.001390834, Final residual = 8.4398081e-06, No Iterations 4
smoothSolver:  Solving for Uy, Initial residual = 0.00092300022, Final residual = 6.5571984e-06, No Iterations 4
smoothSolver:  Solving for Uz, Initial residual = 0.00092300022, Final residual = 6.5571887e-06, No Iterations 4
GAMG:  Solving for p, Initial residual = 0.0041276569, Final residual = 2.6811558e-05, No Iterations 2
GAMG:  Solving for p, Initial residual = 2.6701409e-05, Final residual = 2.3015494e-07, No Iterations 9
time step continuity errors : sum local = 1.6846225e-06, global = 1.0436407e-07, cumulative = 0.00095202377
smoothSolver:  Solving for epsilon, Initial residual = 0.0019888155, Final residual = 6.4990907e-06, No Iterations 4
smoothSolver:  Solving for k, Initial residual = 0.0034245222, Final residual = 2.0773018e-05, No Iterations 4
bounding k, min: 0 max: 1833.344 average: 599.56203
ExecutionTime = 0.52 s  ClockTime = 1 s

Time = 178

smoothSolver:  Solving for Ux, Initial residual = 0.001377389, Final residual = 8.373444e-06, No Iterations 4
smoothSolver:  Solving for Uy, Initial residual = 0.0009182656, Final residual = 6.5217215e-06, No Iterations 4
smoothSolver:  Solving for Uz, Initial residual = 0.0009182656, Final residual = 6.5217118e-06, No Iterations 4
GAMG:  Solving for p, Initial residual = 0.0040991184, Final residual = 2.6647167e-05, No Iterations 2
GAMG:  Solving for p, Initial residual = 2.6538447e-05, Final residual = 2.6325848e-07, No Iterations 8
time step continuity errors : sum local = 1.9288142e-06, global = -7.6319547e-08, cumulative = 0.00095194745
smoothSolver:  Solving for epsilon, Initial residual = 0.0019807365, Final residual = 6.4950714e-06, No Iterations 4
smoothSolver:  Solving for k, Initial residual = 0.0034095232, Final residual = 2.0708681e-05, No Iterations 4
bounding k, min: 0 max: 1837.1694 average: 600.99796
ExecutionTime = 0.52 s  ClockTime = 1 s

Time = 179

smoothSolver:  Solving for Ux, Initial residual = 0.0013660249, Final residual = 8.3148722e-06, No Iterations 4
smoothSolver:  Solving for Uy, Initial residual = 0.0009136271, Final residual = 6.4872235e-06, No Iterations 4
smoothSolver:  Solving for Uz, Initial residual = 0.0009136271, Final residual = 6.4872138e-06, No Iterations 4
GAMG:  Solving for p, Initial residual = 0.0040710239, Final residual = 2.6494701e-05, No Iterations 2
GAMG:  Solving for p, Initial residual = 2.638734e-05, Final residual = 2.6321609e-07, No Iterations 8
time step continuity errors : sum local = 1.9303868e-06, global = -7.6283682e-08, cumulative = 0.00095187117
smoothSolver:  Solving for epsilon, Initial residual = 0.0019728098, Final residual = 6.4912876e-06, No Iterations 4
smoothSolver:  Solving for k, Initial residual = 0.003394808, Final residual = 2.0645674e-05, No Iterations 4
bounding k, min: 0 max: 1840.9787 average: 602.42709
ExecutionTime = 0.52 s  ClockTime = 1 s

Time = 180

smoothSolver:  Solving for Ux, Initial residual = 0.0013565054, Final residual = 8.256625e-06, No Iterations 4
smoothSolver:  Solving for Uy, Initial residual = 0.00090904112, Final residual = 6.4531969e-06, No Iterations 4
smoothSolver:  Solving for Uz, Initial residual = 0.00090904112, Final residual = 6.4531873e-06, No Iterations 4
GAMG:  Solving for p, Initial residual = 0.0040433611, Final residual = 2.6348598e-05, No Iterations 2
GAMG:  Solving for p, Initial residual = 2.6242552e-05, Final residual = 2.2759837e-07, No Iterations 9
time step continuity errors : sum local = 1.6707946e-06, global = 1.0314849e-07, cumulative = 0.00095197432
smoothSolver:  Solving for epsilon, Initial residual = 0.0019650329, Final residual = 6.4877396e-06, No Iterations 4
smoothSolver:  Solving for k, Initial residual = 0.0033803715, Final residual = 2.0583981e-05, No Iterations 4
bounding k, min: 0 max: 1844.7719 average: 603.8495
ExecutionTime = 0.52 s  ClockTime = 1 s

Time = 181

smoothSolver:  Solving for Ux, Initial residual = 0.0013455705, Final residual = 8.2058571e-06, No Iterations 4
smoothSolver:  Solving for Uy, Initial residual = 0.00090449788, Final residual = 6.4194047e-06, No Iterations 4
smoothSolver:  Solving for Uz, Initial residual = 0.00090449788, Final residual = 6.4193951e-06, No Iterations 4
GAMG:  Solving for p, Initial residual = 0.0040161134, Final residual = 2.6196953e-05, No Iterations 2
GAMG:  Solving for p, Initial residual = 2.6092224e-05, Final residual = 2.2580706e-07, No Iterations 9
time step continuity errors : sum local = 1.6592491e-06, global = 1.0287172e-07, cumulative = 0.00095207719
smoothSolver:  Solving for epsilon, Initial residual = 0.001957404, Final residual = 6.4844289e-06, No Iterations 4
smoothSolver:  Solving for k, Initial residual = 0.0033662089, Final residual = 2.0523584e-05, No Iterations 4
bounding k, min: 0 max: 1848.5496 average: 605.26531
ExecutionTime = 0.52 s  ClockTime = 1 s

Time = 182

smoothSolver:  Solving for Ux, Initial residual = 0.0013350744, Final residual = 8.154191e-06, No Iterations 4
smoothSolver:  Solving for Uy, Initial residual = 0.00090004139, Final residual = 6.3863494e-06, No Iterations 4
smoothSolver:  Solving for Uz, Initial residual = 0.00090004139, Final residual = 6.3863398e-06, No Iterations 4
GAMG:  Solving for p, Initial residual = 0.0039892779, Final residual = 2.60459e-05, No Iterations 2
GAMG:  Solving for p, Initial residual = 2.5942468e-05, Final residual = 2.5885744e-07, No Iterations 8
time step continuity errors : sum local = 1.9039392e-06, global = -7.5150314e-08, cumulative = 0.00095200204
smoothSolver:  Solving for epsilon, Initial residual = 0.0019499199, Final residual = 6.4813507e-06, No Iterations 4
smoothSolver:  Solving for k, Initial residual = 0.0033523148, Final residual = 2.0464459e-05, No Iterations 4
bounding k, min: 0 max: 1852.3119 average: 606.67462
ExecutionTime = 0.52 s  ClockTime = 1 s

Time = 183

smoothSolver:  Solving for Ux, Initial residual = 0.0013265681, Final residual = 8.0959267e-06, No Iterations 4
smoothSolver:  Solving for Uy, Initial residual = 0.00089567985, Final residual = 6.3541935e-06, No Iterations 4
smoothSolver:  Solving for Uz, Initial residual = 0.00089567985, Final residual = 6.354184e-06, No Iterations 4
GAMG:  Solving for p, Initial residual = 0.0039628543, Final residual = 2.5905622e-05, No Iterations 2
GAMG:  Solving for p, Initial residual = 2.5803426e-05, Final residual = 2.2352481e-07, No Iterations 9
time step continuity errors : sum local = 1.6456396e-06, global = 1.0142742e-07, cumulative = 0.00095210347
smoothSolver:  Solving for epsilon, Initial residual = 0.0019425776, Final residual = 6.478502e-06, No Iterations 4
smoothSolver:  Solving for k, Initial residual = 0.0033386839, Final residual = 2.0406584e-05, No Iterations 4
bounding k, min: 0 max: 1856.0592 average: 608.07753
ExecutionTime = 0.53 s  ClockTime = 1 s

Time = 184

smoothSolver:  Solving for Ux, Initial residual = 0.0013163498, Final residual = 8.0471565e-06, No Iterations 4
smoothSolver:  Solving for Uy, Initial residual = 0.00089134254, Final residual = 6.3222164e-06, No Iterations 4
smoothSolver:  Solving for Uz, Initial residual = 0.00089134254, Final residual = 6.3222069e-06, No Iterations 4
GAMG:  Solving for p, Initial residual = 0.0039368256, Final residual = 2.5759762e-05, No Iterations 2
GAMG:  Solving for p, Initial residual = 2.5658806e-05, Final residual = 2.2226992e-07, No Iterations 9
time step continuity errors : sum local = 1.6379644e-06, global = 1.0086008e-07, cumulative = 0.00095220433
smoothSolver:  Solving for epsilon, Initial residual = 0.0019353757, Final residual = 6.4758854e-06, No Iterations 4
smoothSolver:  Solving for k, Initial residual = 0.0033253122, Final residual = 2.0349946e-05, No Iterations 4
bounding k, min: 0 max: 1859.7918 average: 609.47414
ExecutionTime = 0.53 s  ClockTime = 1 s

Time = 185

smoothSolver:  Solving for Ux, Initial residual = 0.0013064068, Final residual = 7.9979389e-06, No Iterations 4
smoothSolver:  Solving for Uy, Initial residual = 0.00088706587, Final residual = 6.2907624e-06, No Iterations 4
smoothSolver:  Solving for Uz, Initial residual = 0.00088706587, Final residual = 6.290753e-06, No Iterations 4
GAMG:  Solving for p, Initial residual = 0.0039111868, Final residual = 2.5615495e-05, No Iterations 2
GAMG:  Solving for p, Initial residual = 2.5515757e-05, Final residual = 2.2075087e-07, No Iterations 9
time step continuity errors : sum local = 1.6283179e-06, global = 1.0017182e-07, cumulative = 0.0009523045
smoothSolver:  Solving for epsilon, Initial residual = 0.0019283115, Final residual = 6.473498e-06, No Iterations 4
smoothSolver:  Solving for k, Initial residual = 0.0033121947, Final residual = 2.0294524e-05, No Iterations 4
bounding k, min: 0 max: 1863.5098 average: 610.86454
ExecutionTime = 0.53 s  ClockTime = 1 s

Time = 186

smoothSolver:  Solving for Ux, Initial residual = 0.001296914, Final residual = 7.948015e-06, No Iterations 4
smoothSolver:  Solving for Uy, Initial residual = 0.00088285971, Final residual = 6.2599092e-06, No Iterations 4
smoothSolver:  Solving for Uz, Initial residual = 0.00088285971, Final residual = 6.2598997e-06, No Iterations 4
GAMG:  Solving for p, Initial residual = 0.0038859328, Final residual = 2.5473507e-05, No Iterations 2
GAMG:  Solving for p, Initial residual = 2.537496e-05, Final residual = 2.1942346e-07, No Iterations 9
time step continuity errors : sum local = 1.62006e-06, global = 9.9524158e-08, cumulative = 0.00095240402
smoothSolver:  Solving for epsilon, Initial residual = 0.0019213826, Final residual = 6.4713372e-06, No Iterations 4
smoothSolver:  Solving for k, Initial residual = 0.0032993267, Final residual = 2.0240298e-05, No Iterations 4
bounding k, min: 0 max: 1867.2137 average: 612.24883
ExecutionTime = 0.53 s  ClockTime = 1 s

Time = 187

smoothSolver:  Solving for Ux, Initial residual = 0.0012878785, Final residual = 7.8975715e-06, No Iterations 4
smoothSolver:  Solving for Uy, Initial residual = 0.00087872044, Final residual = 6.2296276e-06, No Iterations 4
smoothSolver:  Solving for Uz, Initial residual = 0.00087872044, Final residual = 6.2296182e-06, No Iterations 4
GAMG:  Solving for p, Initial residual = 0.0038610573, Final residual = 2.5334112e-05, No Iterations 2
GAMG:  Solving for p, Initial residual = 2.5236729e-05, Final residual = 2.1849727e-07, No Iterations 9
time step continuity errors : sum local = 1.6147437e-06, global = 9.9064318e-08, cumulative = 0.00095250309
smoothSolver:  Solving for epsilon, Initial residual = 0.0019145864, Final residual = 6.4694008e-06, No Iterations 4
smoothSolver:  Solving for k, Initial residual = 0.0032867038, Final residual = 2.0187249e-05, No Iterations 4
bounding k, min: 0 max: 1870.9037 average: 613.6271
ExecutionTime = 0.53 s  ClockTime = 1 s

Time = 188

smoothSolver:  Solving for Ux, Initial residual = 0.0012791957, Final residual = 7.8470839e-06, No Iterations 4
smoothSolver:  Solving for Uy, Initial residual = 0.0008746385, Final residual = 6.1998318e-06, No Iterations 4
smoothSolver:  Solving for Uz, Initial residual = 0.0008746385, Final residual = 6.1998225e-06, No Iterations 4
GAMG:  Solving for p, Initial residual = 0.0038365524, Final residual = 2.5197556e-05, No Iterations 2
GAMG:  Solving for p, Initial residual = 2.510131e-05, Final residual = 2.177794e-07, No Iterations 9
time step continuity errors : sum local = 1.6109505e-06, global = 9.8618143e-08, cumulative = 0.00095260171
smoothSolver:  Solving for epsilon, Initial residual = 0.0019079206, Final residual = 6.4676871e-06, No Iterations 4
smoothSolver:  Solving for k, Initial residual = 0.0032743215, Final residual = 2.0135361e-05, No Iterations 4
bounding k, min: 0 max: 1874.58 average: 614.99946
ExecutionTime = 0.53 s  ClockTime = 1 s

Time = 189

smoothSolver:  Solving for Ux, Initial residual = 0.0012707, Final residual = 7.7972308e-06, No Iterations 4
smoothSolver:  Solving for Uy, Initial residual = 0.00087060855, Final residual = 6.1704684e-06, No Iterations 4
smoothSolver:  Solving for Uz, Initial residual = 0.00087060855, Final residual = 6.1704591e-06, No Iterations 4
GAMG:  Solving for p, Initial residual = 0.0038124105, Final residual = 2.5063702e-05, No Iterations 2
GAMG:  Solving for p, Initial residual = 2.4968569e-05, Final residual = 2.1691658e-07, No Iterations 9
time step continuity errors : sum local = 1.6060694e-06, global = 9.7945949e-08, cumulative = 0.00095269965
smoothSolver:  Solving for epsilon, Initial residual = 0.0019013833, Final residual = 6.4661949e-06, No Iterations 4
smoothSolver:  Solving for k, Initial residual = 0.0032621757, Final residual = 2.0084616e-05, No Iterations 4
bounding k, min: 0 max: 1878.2429 average: 616.36598
ExecutionTime = 0.53 s  ClockTime = 1 s

Time = 190

smoothSolver:  Solving for Ux, Initial residual = 0.0012622304, Final residual = 7.7486842e-06, No Iterations 4
smoothSolver:  Solving for Uy, Initial residual = 0.00086663436, Final residual = 6.1415499e-06, No Iterations 4
smoothSolver:  Solving for Uz, Initial residual = 0.00086663436, Final residual = 6.1415406e-06, No Iterations 4
GAMG:  Solving for p, Initial residual = 0.0037886246, Final residual = 2.4931805e-05, No Iterations 2
GAMG:  Solving for p, Initial residual = 2.483776e-05, Final residual = 2.1571376e-07, No Iterations 9
time step continuity errors : sum local = 1.5986518e-06, global = 9.6998266e-08, cumulative = 0.00095279665
smoothSolver:  Solving for epsilon, Initial residual = 0.0018949725, Final residual = 6.4649236e-06, No Iterations 4
smoothSolver:  Solving for k, Initial residual = 0.0032502624, Final residual = 2.0034998e-05, No Iterations 4
bounding k, min: 0 max: 1881.8927 average: 617.72676
ExecutionTime = 0.53 s  ClockTime = 1 s

Time = 191

smoothSolver:  Solving for Ux, Initial residual = 0.001253701, Final residual = 7.7017754e-06, No Iterations 4
smoothSolver:  Solving for Uy, Initial residual = 0.00086271842, Final residual = 6.1131159e-06, No Iterations 4
smoothSolver:  Solving for Uz, Initial residual = 0.00086271842, Final residual = 6.1131066e-06, No Iterations 4
GAMG:  Solving for p, Initial residual = 0.0037651893, Final residual = 2.4800928e-05, No Iterations 2
GAMG:  Solving for p, Initial residual = 2.4707954e-05, Final residual = 2.1423278e-07, No Iterations 9
time step continuity errors : sum local = 1.5891495e-06, global = 9.5878348e-08, cumulative = 0.00095289253
smoothSolver:  Solving for epsilon, Initial residual = 0.0018886862, Final residual = 6.4638721e-06, No Iterations 4
smoothSolver:  Solving for k, Initial residual = 0.0032385777, Final residual = 1.9986492e-05, No Iterations 4
bounding k, min: 0 max: 1885.5296 average: 619.0819
ExecutionTime = 0.53 s  ClockTime = 1 s

Time = 192

smoothSolver:  Solving for Ux, Initial residual = 0.001245142, Final residual = 7.6562923e-06, No Iterations 4
smoothSolver:  Solving for Uy, Initial residual = 0.00085886011, Final residual = 6.0851797e-06, No Iterations 4
smoothSolver:  Solving for Uz, Initial residual = 0.00085886011, Final residual = 6.0851704e-06, No Iterations 4
GAMG:  Solving for p, Initial residual = 0.0037420993, Final residual = 2.4670528e-05, No Iterations 2
GAMG:  Solving for p, Initial residual = 2.4578608e-05, Final residual = 2.1270544e-07, No Iterations 9
time step continuity errors : sum local = 1.5792781e-06, global = 9.4807217e-08, cumulative = 0.00095298734
smoothSolver:  Solving for epsilon, Initial residual = 0.0018825226, Final residual = 6.4630393e-06, No Iterations 4
smoothSolver:  Solving for k, Initial residual = 0.0032271177, Final residual = 1.9939082e-05, No Iterations 4
bounding k, min: 0 max: 1889.1539 average: 620.43148
ExecutionTime = 0.54 s  ClockTime = 1 s

Time = 193

smoothSolver:  Solving for Ux, Initial residual = 0.0012366764, Final residual = 7.6116056e-06, No Iterations 4
smoothSolver:  Solving for Uy, Initial residual = 0.00085505647, Final residual = 6.057715e-06, No Iterations 4
smoothSolver:  Solving for Uz, Initial residual = 0.00085505647, Final residual = 6.0577058e-06, No Iterations 4
GAMG:  Solving for p, Initial residual = 0.0037193491, Final residual = 2.4540808e-05, No Iterations 2
GAMG:  Solving for p, Initial residual = 2.4449926e-05, Final residual = 2.1132387e-07, No Iterations 9
time step continuity errors : sum local = 1.5704646e-06, global = 9.4013179e-08, cumulative = 0.00095308135
smoothSolver:  Solving for epsilon, Initial residual = 0.0018764797, Final residual = 6.4624236e-06, No Iterations 4
smoothSolver:  Solving for k, Initial residual = 0.0032158786, Final residual = 1.9892752e-05, No Iterations 4
bounding k, min: 0 max: 1892.7658 average: 621.77558
ExecutionTime = 0.54 s  ClockTime = 1 s

Time = 194

smoothSolver:  Solving for Ux, Initial residual = 0.0012285679, Final residual = 7.5670844e-06, No Iterations 4
smoothSolver:  Solving for Uy, Initial residual = 0.0008513042, Final residual = 6.030704e-06, No Iterations 4
smoothSolver:  Solving for Uz, Initial residual = 0.0008513042, Final residual = 6.0306948e-06, No Iterations 4
GAMG:  Solving for p, Initial residual = 0.0036969325, Final residual = 2.4412511e-05, No Iterations 2
GAMG:  Solving for p, Initial residual = 2.4322646e-05, Final residual = 2.1019572e-07, No Iterations 9
time step continuity errors : sum local = 1.5635128e-06, global = 9.3448575e-08, cumulative = 0.0009531748
smoothSolver:  Solving for epsilon, Initial residual = 0.0018705554, Final residual = 6.4620233e-06, No Iterations 4
smoothSolver:  Solving for k, Initial residual = 0.0032048566, Final residual = 1.9847486e-05, No Iterations 4
bounding k, min: 0 max: 1896.3655 average: 623.11429
ExecutionTime = 0.54 s  ClockTime = 1 s

Time = 195

smoothSolver:  Solving for Ux, Initial residual = 0.001220739, Final residual = 7.5224489e-06, No Iterations 4
smoothSolver:  Solving for Uy, Initial residual = 0.0008476022, Final residual = 6.0041133e-06, No Iterations 4
smoothSolver:  Solving for Uz, Initial residual = 0.0008476022, Final residual = 6.0041041e-06, No Iterations 4
GAMG:  Solving for p, Initial residual = 0.0036748432, Final residual = 2.4286247e-05, No Iterations 2
GAMG:  Solving for p, Initial residual = 2.419738e-05, Final residual = 2.0913799e-07, No Iterations 9
time step continuity errors : sum local = 1.5570654e-06, global = 9.293605e-08, cumulative = 0.00095326773
smoothSolver:  Solving for epsilon, Initial residual = 0.0018647478, Final residual = 6.4618366e-06, No Iterations 4
smoothSolver:  Solving for k, Initial residual = 0.0031940481, Final residual = 1.9803269e-05, No Iterations 4
bounding k, min: 0 max: 1899.9534 average: 624.44771
ExecutionTime = 0.54 s  ClockTime = 1 s

Time = 196

smoothSolver:  Solving for Ux, Initial residual = 0.001213165, Final residual = 7.4778746e-06, No Iterations 4
smoothSolver:  Solving for Uy, Initial residual = 0.00084395093, Final residual = 5.9779378e-06, No Iterations 4
smoothSolver:  Solving for Uz, Initial residual = 0.00084395093, Final residual = 5.9779286e-06, No Iterations 4
GAMG:  Solving for p, Initial residual = 0.0036530753, Final residual = 2.4162115e-05, No Iterations 2
GAMG:  Solving for p, Initial residual = 2.4074224e-05, Final residual = 2.0796738e-07, No Iterations 9
time step continuity errors : sum local = 1.5497583e-06, global = 9.2263405e-08, cumulative = 0.00095336
smoothSolver:  Solving for epsilon, Initial residual = 0.0018590551, Final residual = 6.4618621e-06, No Iterations 4
smoothSolver:  Solving for k, Initial residual = 0.0031834496, Final residual = 1.9760087e-05, No Iterations 4
bounding k, min: 0 max: 1903.5296 average: 625.7759
ExecutionTime = 0.54 s  ClockTime = 1 s

Time = 197

smoothSolver:  Solving for Ux, Initial residual = 0.0012057591, Final residual = 7.4338249e-06, No Iterations 4
smoothSolver:  Solving for Uy, Initial residual = 0.00084035062, Final residual = 5.9521861e-06, No Iterations 4
smoothSolver:  Solving for Uz, Initial residual = 0.00084035062, Final residual = 5.952177e-06, No Iterations 4
GAMG:  Solving for p, Initial residual = 0.0036316234, Final residual = 2.4039782e-05, No Iterations 2
GAMG:  Solving for p, Initial residual = 2.3952847e-05, Final residual = 2.065966e-07, No Iterations 9
time step continuity errors : sum local = 1.540938e-06, global = 9.135974e-08, cumulative = 0.00095345136
smoothSolver:  Solving for epsilon, Initial residual = 0.0018534756, Final residual = 6.4620988e-06, No Iterations 4
smoothSolver:  Solving for k, Initial residual = 0.0031730576, Final residual = 1.9717925e-05, No Iterations 4
bounding k, min: 0 max: 1907.0944 average: 627.09896
ExecutionTime = 0.54 s  ClockTime = 1 s

Time = 198

smoothSolver:  Solving for Ux, Initial residual = 0.0011984312, Final residual = 7.3907207e-06, No Iterations 4
smoothSolver:  Solving for Uy, Initial residual = 0.00083680023, Final residual = 5.9268567e-06, No Iterations 4
smoothSolver:  Solving for Uz, Initial residual = 0.00083680023, Final residual = 5.9268476e-06, No Iterations 4
GAMG:  Solving for p, Initial residual = 0.0036104825, Final residual = 2.391882e-05, No Iterations 2
GAMG:  Solving for p, Initial residual = 2.3832825e-05, Final residual = 2.3816827e-07, No Iterations 8
time step continuity errors : sum local = 1.778024e-06, global = -7.1146684e-08, cumulative = 0.00095338021
smoothSolver:  Solving for epsilon, Initial residual = 0.0018480074, Final residual = 6.4625444e-06, No Iterations 4
smoothSolver:  Solving for k, Initial residual = 0.0031628687, Final residual = 1.9676769e-05, No Iterations 4
bounding k, min: 0 max: 1910.648 average: 628.41697
ExecutionTime = 0.54 s  ClockTime = 1 s

Time = 199

smoothSolver:  Solving for Ux, Initial residual = 0.0011925438, Final residual = 7.342819e-06, No Iterations 4
smoothSolver:  Solving for Uy, Initial residual = 0.00083331352, Final residual = 5.9020824e-06, No Iterations 4
smoothSolver:  Solving for Uz, Initial residual = 0.00083331352, Final residual = 5.9020733e-06, No Iterations 4
GAMG:  Solving for p, Initial residual = 0.0035896505, Final residual = 2.3807445e-05, No Iterations 2
GAMG:  Solving for p, Initial residual = 2.3722342e-05, Final residual = 2.0524953e-07, No Iterations 9
time step continuity errors : sum local = 1.5336495e-06, global = 9.0005458e-08, cumulative = 0.00095347022
smoothSolver:  Solving for epsilon, Initial residual = 0.0018426486, Final residual = 6.4631976e-06, No Iterations 4
smoothSolver:  Solving for k, Initial residual = 0.0031525291, Final residual = 1.9634422e-05, No Iterations 4
bounding k, min: 0 max: 1914.1906 average: 629.73
ExecutionTime = 0.54 s  ClockTime = 1 s

Time = 200

smoothSolver:  Solving for Ux, Initial residual = 0.0011845496, Final residual = 7.305555e-06, No Iterations 4
smoothSolver:  Solving for Uy, Initial residual = 0.00082983796, Final residual = 5.8773588e-06, No Iterations 4
smoothSolver:  Solving for Uz, Initial residual = 0.00082983796, Final residual = 5.8773497e-06, No Iterations 4
GAMG:  Solving for p, Initial residual = 0.0035691144, Final residual = 2.3688277e-05, No Iterations 2
GAMG:  Solving for p, Initial residual = 2.3604083e-05, Final residual = 2.3597177e-07, No Iterations 8
time step continuity errors : sum local = 1.7647886e-06, global = -7.1040704e-08, cumulative = 0.00095339918
smoothSolver:  Solving for epsilon, Initial residual = 0.0018373987, Final residual = 6.4640611e-06, No Iterations 4
smoothSolver:  Solving for k, Initial residual = 0.0031422371, Final residual = 1.9592121e-05, No Iterations 4
bounding k, min: 0 max: 1917.7224 average: 631.03814
ExecutionTime = 0.55 s  ClockTime = 1 s

surfaceFieldValue outFlow write:
    average(outlet) of U = (21.804268 -4.4732891e-09 2.3707538e-08)

surfaceFieldValue pIn write:
    average(inlet) of p = 5.5940537

surfaceFieldValue pOut write:
    average(outlet) of p = 0

End

