layer_index,z_mm,part_area_mm2,part_perimeter_mm,part_component_count,new_island_count,unsupported_area_mm2,support_area_mm2,support_perimeter_mm
0,0.025,0.05438613,1.65236947,1,0,0.0,12846.25,4733.0
1,0.075,0.31408557,2.50258346,1,0,0.16924002,12845.5,4733.0
2,0.125,0.56848748,3.04870879,1,0,0.12659446,12845.25,4732.0
3,0.175,0.81645359,3.5680312,1,0,0.09642388,12844.75,4733.0
4,0.225,1.06880474,4.03207072,1,0,0.07842008,12845.0,4733.0
5,0.275,1.33100798,4.42679702,1,0,0.06930623,12844.75,4733.0
6,0.325,1.60479488,4.82152333,1,0,0.06541091,12844.0,4733.0
7,0.375,1.89016543,5.21624964,1,0,0.06151558,12843.5,4731.0
8,0.425,2.18711964,5.61097594,1,0,0.05762026,12843.5,4731.0
9,0.475,2.4956575,6.00570225,1,0,0.05372494,12843.0,4731.0
10,0.525,2.8158071,6.39603073,1,0,0.04985769,12842.75,4730.0
11,0.575,3.14910299,6.76176186,1,0,0.04830812,12842.5,4728.0
12,0.625,3.4964235,7.12749298,1,0,0.04936962,12841.5,4725.0
13,0.675,3.85856,7.50135599,1,0,0.05110904,12841.5,4725.0
14,0.725,4.23576384,7.88533736,1,0,0.05161464,12841.0,4725.0
15,0.775,4.61414013,8.27202421,1,0,0.04545372,12840.5,4723.0
16,0.825,5.02743054,8.69682006,1,0,0.07288958,12840.5,4723.0
17,0.875,5.46622267,9.17219691,1,0,0.08804107,12840.25,4722.0
18,0.925,5.90489942,9.64808412,1,0,0.07309376,12840.0,4721.0
19,0.975,6.34031029,10.0388871,1,0,0.06027969,12839.75,4721.0
20,1.025,6.78121716,10.41568265,1,0,0.05269309,12839.5,4720.0
21,1.075,7.22728864,10.79247821,1,0,0.05553102,12839.5,4720.0
22,1.125,7.67824645,11.16985157,1,0,0.05257716,12839.25,4719.0
23,1.175,8.13296052,11.54365285,1,0,0.04833831,12838.5,4719.0
24,1.225,8.59382849,11.91522973,1,0,0.04635974,12838.5,4719.0
25,1.275,9.06107647,12.28680661,1,0,0.04464807,12838.25,4718.0
26,1.325,9.53470684,12.64432417,1,0,0.04329114,12837.75,4717.0
27,1.375,10.01558858,12.99502776,1,0,0.04368521,12837.5,4716.0
28,1.425,10.50394272,13.34573136,1,0,0.04435245,12837.5,4716.0
29,1.475,10.99957239,13.69723856,1,0,0.04482283,12837.5,4716.0
30,1.525,11.50039154,14.05123889,1,0,0.04233102,12837.25,4716.0
31,1.575,12.0106135,14.41007506,1,0,0.04357366,12837.0,4716.0
32,1.625,12.5315043,14.77744304,1,0,0.04646347,12836.5,4716.0
33,1.675,13.06317548,15.14481102,1,0,0.04934843,12836.25,4715.0
34,1.725,13.60562704,15.51217901,1,0,0.0522334,12836.0,4714.0
35,1.775,14.15885897,15.87954699,1,0,0.05511837,12835.75,4713.0
36,1.825,14.72259626,16.24589245,1,0,0.05799755,12835.5,4712.0
37,1.875,15.29274746,16.61714683,1,0,0.06382936,12835.0,4712.0
38,1.925,15.87869576,17.86218839,1,0,0.07786645,12834.75,4712.0
39,1.975,16.50348106,18.1788558,1,0,0.06954224,12834.25,4708.0
40,2.025,17.11985785,18.49543874,1,0,0.05941544,12834.25,4708.0
41,2.075,17.72712417,18.81122577,1,0,0.04897411,12834.25,4708.0
42,2.125,18.32324543,19.12573518,1,0,0.03853278,12834.0,4706.0
43,2.175,18.90756921,19.44033209,1,0,0.01956001,12833.5,4705.0
44,2.225,19.48510945,19.77562442,1,0,0.01896897,12833.5,4705.0
45,2.275,20.06315136,20.121121,1,0,0.01876091,12833.25,4705.0
46,2.325,20.64236026,20.47384565,1,0,0.01855285,12833.25,4705.0
47,2.375,21.22328419,20.82920952,1,0,0.01834478,12833.25,4705.0
48,2.425,21.80656868,21.17920831,1,0,0.01813672,12833.25,4705.0
49,2.475,22.39365407,21.5275474,1,0,0.01792866,12833.0,4705.0
50,2.525,22.98459942,21.8758865,1,0,0.0177206,12833.0,4705.0
51,2.575,23.57924148,22.22538298,1,0,0.01751254,12832.75,4704.0
52,2.625,24.17510203,22.57786511,1,0,0.01732587,12832.75,4704.0
53,2.675,24.77938261,22.93642753,1,0,0.02655173,12832.5,4704.0
54,2.725,25.39219904,23.28801578,1,0,0.03820712,12832.25,4703.0
55,2.775,25.99366148,23.62977891,1,0,0.0333776,12832.25,4703.0
56,2.825,26.59539197,23.97211245,1,0,0.02735616,12831.75,4703.0
57,2.875,27.19880908,24.31595204,1,0,0.03257109,12831.75,4703.0
58,2.925,27.80431518,24.65979163,1,0,0.03192665,12831.5,4702.0
59,2.975,28.41166998,25.00504309,1,0,0.03162107,12831.75,4703.0
60,3.025,29.01615106,25.34331308,1,0,0.03023839,12831.75,4703.0
61,3.075,29.6118331,25.69920359,1,0,0.02375502,12831.75,4703.0
62,3.125,30.20051986,26.0627283,1,0,0.01715644,12831.75,4703.0
63,3.175,30.78353066,26.41872977,1,0,0.01291099,12831.25,4703.0
64,3.225,31.36869898,26.77097523,1,0,0.0148607,12831.25,4703.0
65,3.275,31.9596716,27.12273393,1,0,0.01723105,12831.0,4703.0
66,3.325,32.56036956,27.47450606,1,0,0.0196014,12830.75,4701.0
67,3.375,33.17080097,27.82516417,1,0,0.03287867,12830.5,4700.0
68,3.425,33.78603551,28.16003081,1,0,0.02302911,12830.5,4700.0
69,3.475,34.39953501,28.49664131,1,0,0.02204416,12830.5,4700.0
70,3.525,35.01208429,28.83648974,1,0,0.02105135,12830.0,4699.0
71,3.575,35.62632797,29.17633817,1,0,0.02005854,12830.0,4699.0
72,3.625,36.24226481,29.51569382,1,0,0.01906448,12830.25,4699.0
73,3.675,36.85755308,29.83468966,1,0,0.01627088,12829.75,4698.0
74,3.725,37.46946874,30.15082068,1,0,0.01286667,12829.75,4698.0
75,3.775,38.07425493,30.46495867,1,0,0.0,12829.75,4698.0
76,3.825,38.67075258,30.77862242,1,0,0.0,12829.75,4698.0
77,3.875,39.25867445,31.09389579,1,0,0.0,12829.75,4698.0
78,3.925,39.84569875,31.45119707,1,0,0.0,12829.75,4698.0
79,3.975,40.4393343,31.80871151,1,0,0.0101294,12829.5,4698.0
80,4.025,41.04135844,32.1646896,1,0,0.01609465,12829.5,4698.0
81,4.075,41.65411541,32.52029564,1,0,0.0220599,12829.5,4698.0
82,4.125,42.2776849,32.87595933,1,0,0.02802516,12829.25,4696.0
83,4.175,42.91231411,33.23188179,1,0,0.04418831,12829.25,4696.0
84,4.225,43.55821187,33.58792721,1,0,0.05086822,12829.0,4696.0
85,4.275,44.21537613,33.94402911,1,0,0.05752494,12828.75,4695.0
86,4.325,44.88315562,34.30160028,1,0,0.06371542,12828.75,4695.0
87,4.375,45.5613629,34.66105996,1,0,0.06972763,12828.75,4695.0
88,4.425,46.22980311,35.00967394,1,0,0.05578489,12828.25,4693.0
89,4.475,46.87105098,35.36054395,1,0,0.02611175,12827.5,4690.0
90,4.525,47.50909222,35.71141395,1,0,0.01201707,12827.5,4690.0
91,4.575,48.14392684,36.06228395,1,0,0.01206403,12827.25,4690.0
92,4.625,48.77646465,36.40151367,1,0,0.01211098,12827.25,4690.0
93,4.675,49.41144159,36.73243708,1,0,0.01215794,12827.25,4690.0
94,4.725,50.04968579,37.07032461,1,0,0.01230946,12827.25,4690.0
95,4.775,50.69445769,37.42022035,1,0,0.01272512,12827.25,4690.0
96,4.825,51.34678216,37.77004381,1,0,0.02334484,12827.0,4691.0
97,4.875,52.00554341,38.11973792,1,0,0.02577492,12826.25,4689.0
98,4.925,52.67042682,38.46943202,1,0,0.02820501,12826.25,4689.0
99,4.975,53.34143948,38.81916973,1,0,0.03064218,12826.5,4690.0
100,5.025,54.0185895,39.16284923,1,0,0.03723343,12825.75,4688.0
101,5.075,54.69119401,39.48517454,1,0,0.03935835,12825.5,4686.0
102,5.125,55.36119649,39.80751274,1,0,0.03864811,12825.25,4685.0
103,5.175,56.02854527,40.12985093,1,0,0.03793786,12825.0,4684.0
104,5.225,56.68817262,40.44143225,1,0,0.03722761,12824.5,4684.0
105,5.275,57.33511925,40.76184361,1,0,0.03736955,12824.25,4683.0
106,5.325,57.9759306,41.08587306,1,0,0.03822805,12824.0,4682.0
107,5.375,58.6184303,41.4080668,1,0,0.03949896,12823.75,4681.0
108,5.425,59.26377022,41.72970448,1,0,0.03964568,12823.5,4680.0
109,5.475,59.91178083,42.05134215,1,0,0.03931156,12823.5,4680.0
110,5.525,60.56246213,42.37297983,1,0,0.03897743,12823.25,4681.0
111,5.575,61.2146766,42.69554047,1,0,0.02974641,12823.25,4681.0
112,5.625,61.86315247,43.01920066,1,0,0.02617272,12823.0,4679.0
113,5.675,62.51110508,43.40012513,1,0,0.02221174,12823.0,4679.0
114,5.725,63.1626622,43.78435234,1,0,0.01825075,12822.75,4678.0
115,5.775,63.81811717,44.16669564,1,0,0.02796993,12822.75,4678.0
116,5.825,64.4811391,44.54653662,1,0,0.03105735,12822.0,4678.0
117,5.875,65.15242422,44.9263776,1,0,0.03451038,12821.75,4678.0
118,5.925,65.8319723,45.30619704,1,0,0.03796342,12821.5,4678.0
119,5.975,66.51900185,45.68483212,1,0,0.04141645,12821.5,4678.0
120,6.025,67.21266131,46.06340132,1,0,0.04486949,12821.5,4679.0
121,6.075,67.91282025,46.44196958,1,0,0.04832252,12820.75,4676.0
122,6.125,68.59390921,46.78015132,1,0,0.03233102,12820.75,4676.0
123,6.175,69.26170063,47.11627573,1,0,0.03374131,12820.5,4676.0
124,6.225,69.93163534,47.45240015,1,0,0.03533897,12820.5,4676.0
125,6.275,70.60324699,47.78750944,1,0,0.03693663,12820.0,4676.0
126,6.325,71.27685616,48.12587315,1,0,0.04084929,12819.25,4676.0
127,6.375,71.95791119,48.46739456,1,0,0.05164697,12818.25,4673.0
128,6.425,72.6436197,48.80986911,1,0,0.05433413,12818.25,4674.0
129,6.475,73.32793516,49.1523065,1,0,0.04973565,12818.0,4675.0
130,6.525,74.01104001,49.4947129,1,0,0.04513717,12817.25,4672.0
131,6.575,74.69563971,49.836892,1,0,0.04053869,12817.25,4672.0
132,6.625,75.38469152,50.17471114,1,0,0.04837949,12817.25,4672.0
133,6.675,76.07919789,50.50771971,1,0,0.04675879,12817.0,4672.0
134,6.725,76.77687914,50.83595791,1,0,0.04580391,12817.0,4672.0
135,6.775,77.47141024,51.15683162,1,0,0.04193346,12816.0,4669.0
136,6.825,78.16108422,51.47966974,1,0,0.03753425,12815.25,4667.0
137,6.875,78.8430519,51.80275378,1,0,0.03313505,12815.0,4667.0
138,6.925,79.51850117,52.12012989,1,0,0.02157559,12814.25,4664.0
139,6.975,80.19170617,52.44307049,1,0,0.02159892,12814.25,4664.0
140,7.025,80.86958839,52.78832127,1,0,0.03662157,12813.75,4663.0
141,7.075,81.55562817,53.13331303,1,0,0.04248725,12813.5,4663.0
142,7.125,82.25131641,53.47822241,1,0,0.04830016,12813.5,4663.0
143,7.175,82.95671669,53.82313178,1,0,0.05411306,12813.5,4663.0
144,7.225,83.66701549,54.16461013,1,0,0.05516604,12812.75,4662.0
145,7.275,84.35994704,54.48819835,1,0,0.03357362,12812.75,4662.0
146,7.325,85.05535641,54.81159133,1,0,0.03352664,12812.0,4659.0
147,7.375,85.74520472,55.13360981,1,0,0.03405168,12811.5,4658.0
148,7.425,86.43424408,55.45551262,1,0,0.03457672,12811.25,4657.0
149,7.475,87.12547585,55.77755665,1,0,0.03501077,12811.0,4657.0
150,7.525,87.81838896,56.09934595,1,0,0.03487378,12811.0,4657.0
151,7.575,88.51149456,56.420947,1,0,0.03467253,12810.75,4657.0
152,7.625,89.20469465,56.74246061,1,0,0.03447127,12810.5,4657.0
153,7.675,89.89773549,57.05417742,1,0,0.03406916,12810.25,4657.0
154,7.725,90.58935829,57.35606825,1,0,0.03337879,12810.0,4656.0
155,7.775,91.27916395,57.65812167,1,0,0.03300802,12809.75,4655.0
156,7.825,91.96685692,57.96020379,1,0,0.03263725,12809.5,4654.0
157,7.875,92.6524319,58.26228591,1,0,0.03226648,12809.25,4654.0
158,7.925,93.3358894,58.56483454,1,0,0.03191601,12809.0,4653.0
159,7.975,94.02572805,58.90287806,1,0,0.03425123,12808.75,4653.0
160,8.025,94.73947439,59.24650171,1,0,0.06411853,12808.5,4654.0
161,8.075,95.46175477,59.62703705,1,0,0.07751448,12808.0,4653.0
162,8.125,96.18035428,60.00778994,1,0,0.07572094,12808.25,4653.0
163,8.175,96.89571832,60.38854282,1,0,0.0739274,12808.25,4653.0
164,8.225,97.61269757,60.80208957,1,0,0.0753024,12807.5,4653.0
165,8.275,98.33217737,61.25342514,1,0,0.05629089,12807.25,4651.0
166,8.325,99.05519718,61.62632568,1,0,0.06653008,12806.75,4650.0
167,8.375,99.7832441,61.98764437,1,0,0.07103078,12806.75,4650.0
168,8.425,100.51647833,62.34887576,1,0,0.07582943,12806.25,4648.0
169,8.475,101.25148459,62.71804623,1,0,0.07711849,12805.75,4646.0
170,8.525,101.98235201,63.08673808,1,0,0.0710904,12805.5,4645.0
171,8.575,102.70584951,63.45372415,1,0,0.06479255,12805.0,4643.0
172,8.625,103.4208727,63.82331144,1,0,0.05795696,12805.0,4643.0
173,8.675,104.12367493,64.1959087,1,0,0.04725669,12804.75,4642.0
174,8.725,104.81512521,64.53359801,1,0,0.03716997,12804.75,4642.0
175,8.775,105.5046536,64.85529308,1,0,0.02610998,12804.5,4642.0
176,8.825,106.20301189,65.17339377,1,0,0.02681018,12804.25,4642.0
177,8.875,106.91038351,65.49117476,1,0,0.02684353,12804.25,4642.0
178,8.925,107.62375687,65.80871869,1,0,0.02382323,12804.25,4642.0
179,8.975,108.34168274,66.12631399,1,0,0.02043468,12803.75,4642.0
180,9.025,109.05666298,66.44537318,1,0,0.01704613,12803.75,4642.0
181,9.075,109.78083402,67.2588884,2,1,0.02749539,12803.25,4642.0
182,9.125,110.62311764,68.70549194,2,0,0.11188789,12802.75,4639.0
183,9.175,111.60672223,70.15209547,2,0,0.20514745,12802.75,4639.0
184,9.225,112.73215785,71.59766828,2,0,0.28861333,12802.25,4641.0
185,9.275,113.98147976,72.93394855,2,0,0.35419874,12801.0,4637.0
186,9.325,115.10572306,73.79541567,2,0,0.19090154,12800.5,4638.0
187,9.375,116.18012796,74.5585719,2,0,0.12898329,12799.75,4638.0
188,9.425,117.27838882,75.32129238,2,0,0.14880383,12799.0,4636.0
189,9.475,118.40863079,76.16726638,2,0,0.17405339,12798.25,4634.0
190,9.525,119.5783373,77.01723283,2,0,0.20178141,12797.75,4635.0
191,9.575,120.78851058,77.86273359,2,0,0.22722977,12796.75,4633.0
192,9.625,122.04341232,78.70841618,2,0,0.2516404,12796.75,4636.0
193,9.675,123.40632257,79.71134942,2,0,0.34100067,12796.5,4636.0
194,9.725,124.89213923,80.81980805,2,0,0.45493291,12795.0,4635.0
195,9.775,126.20076893,81.80452951,2,0,0.23997949,12793.5,4628.0
196,9.825,127.46754494,82.64129859,2,0,0.17890978,12792.75,4628.0
197,9.875,128.73218241,83.44001761,2,0,0.1586021,12792.25,4627.0
198,9.925,130.00079504,84.23762308,2,0,0.15369886,12792.25,4627.0
199,9.975,131.27657326,85.01835278,2,0,0.15297105,12791.25,4626.0
200,10.025,132.56211602,85.79141824,2,0,0.15585067,12789.75,4624.0
201,10.075,133.85800453,86.50480743,2,0,0.15908932,12789.0,4622.0
202,10.125,135.16448451,87.22019644,2,0,0.16422593,12789.0,4622.0
203,10.175,136.48606875,87.94134043,2,0,0.16936253,12788.5,4623.0
204,10.225,137.80020952,88.67450317,2,0,0.14097128,12787.25,4619.0
205,10.275,139.10921968,89.41817408,2,0,0.12957793,12786.75,4616.0
206,10.325,140.42836952,90.16311283,2,0,0.14579877,12786.5,4616.0
207,10.375,141.77406031,90.98679005,2,0,0.16201961,12786.0,4617.0
208,10.425,143.16376295,91.86568526,2,0,0.17824045,12785.25,4616.0
209,10.475,144.61534318,92.8105842,2,0,0.22303081,12784.5,4613.0
210,10.525,146.11565105,93.78666938,2,0,0.23758392,12784.0,4612.0
211,10.575,147.62850632,94.81996383,2,0,0.21987646,12783.25,4613.0
212,10.625,149.26464061,95.87553884,2,0,0.3311306,12782.25,4611.0
213,10.675,150.90166974,96.92022577,2,0,0.32913607,12781.5,4607.0
214,10.725,152.37132456,97.64700681,2,0,0.161703,12780.5,4606.0
215,10.775,153.77622022,98.35235002,2,0,0.15248053,12779.25,4603.0
216,10.825,155.14425473,99.07303703,2,0,0.12932106,12779.0,4603.0
217,10.875,156.50046123,99.79320069,2,0,0.12841827,12779.0,4603.0
218,10.925,157.85458195,100.49430232,2,0,0.13182984,12778.5,4604.0
219,10.975,159.21119584,101.1941772,2,0,0.13627121,12777.75,4601.0
220,11.025,160.56977456,101.87768056,2,0,0.13103037,12777.0,4598.0
221,11.075,161.93577763,102.54754484,2,0,0.13595402,12776.75,4597.0
222,11.125,163.31479689,103.21738552,2,0,0.14087767,12776.25,4598.0
223,11.175,164.70502566,103.89043501,2,0,0.13404889,12775.5,4597.0
224,11.225,166.086742,104.5671393,2,0,0.14191558,12775.5,4597.0
225,11.275,167.46900082,105.24397182,2,0,0.1474048,12775.0,4594.0
226,11.325,168.85966549,105.92421643,2,0,0.15275264,12774.25,4591.0
227,11.375,170.26036409,106.68561998,2,0,0.14951039,12773.5,4589.0
228,11.425,171.66877737,107.50710449,2,0,0.15373934,12773.0,4588.0
229,11.475,173.07360077,108.3264035,2,0,0.13919601,12773.0,4588.0
230,11.525,174.48551247,109.22171709,2,0,0.14559162,12772.75,4587.0
231,11.575,175.9242452,110.12467434,2,0,0.16687399,12772.25,4587.0
232,11.625,177.37336603,110.95825469,2,0,0.16905053,12771.75,4587.0
233,11.675,178.77552867,111.58628401,2,0,0.11371452,12771.5,4587.0
234,11.725,180.1748902,112.20489438,2,0,0.11241271,12771.5,4587.0
235,11.775,181.57520787,112.82416103,2,0,0.11116756,12770.5,4586.0
236,11.825,182.97668322,113.44403212,2,0,0.10913879,12770.0,4585.0
237,11.875,184.37980421,114.06828443,2,0,0.10664023,12770.0,4585.0
238,11.925,185.78564635,114.70558668,2,0,0.10414166,12770.0,4585.0
239,11.975,187.19168185,115.3336814,2,0,0.1017481,12769.5,4585.0
240,12.025,188.59480131,115.95843979,2,0,0.10089223,12769.0,4585.0
241,12.075,189.99894247,116.59063158,2,0,0.11129667,12768.75,4583.0
242,12.125,191.38079957,117.21711684,2,0,0.11376924,12768.5,4581.0
243,12.175,192.75084476,117.84913481,2,0,0.10279838,12768.0,4579.0
244,12.225,194.10327416,118.48296186,2,0,0.099845,12767.25,4580.0
245,12.275,195.44786402,119.11744147,2,0,0.08702007,12767.25,4580.0
246,12.325,196.79098522,119.75818636,2,0,0.09102517,12767.0,4579.0
247,12.375,198.13950179,120.39955122,2,0,0.10211403,12766.75,4578.0
248,12.425,199.49517267,121.04041324,2,0,0.11327121,12766.75,4578.0
249,12.475,200.84524047,121.63574608,2,0,0.10275673,12766.0,4579.0
250,12.525,202.24288728,122.34295704,2,0,0.17478913,12765.5,4580.0
251,12.575,203.61872415,123.06263156,2,0,0.1495295,12765.25,4579.0
252,12.625,204.96953435,123.77729191,2,0,0.12981487,12764.75,4577.0
253,12.675,206.31565815,124.45350806,2,0,0.12259861,12764.5,4577.0
254,12.725,207.67986227,125.12348437,2,0,0.13514956,12763.25,4580.0
255,12.775,209.05895561,125.79347062,2,0,0.14374485,12763.0,4578.0
256,12.825,210.46022419,126.49687778,2,0,0.15945607,12762.75,4576.0
257,12.875,211.93907717,127.29927142,2,0,0.24308826,12762.0,4577.0
258,12.925,213.52640144,128.14829373,2,0,0.34597027,12760.5,4573.0
259,12.975,214.96901249,128.77482023,2,0,0.1759227,12759.5,4569.0
260,13.025,216.36198436,129.4476008,2,0,0.14275574,12759.0,4567.0
261,13.075,217.75392386,130.14868225,2,0,0.13744273,12759.0,4567.0
262,13.125,219.1578385,130.86411343,2,0,0.14531419,12758.75,4567.0
263,13.175,220.56566316,131.57238095,2,0,0.15138729,12757.75,4567.0
264,13.225,221.97697015,132.26734784,2,0,0.15746038,12756.75,4567.0
265,13.275,223.39584153,132.96620984,2,0,0.16353348,12756.5,4567.0
266,13.325,224.82445959,133.66534697,2,0,0.16960658,12755.25,4566.0
267,13.375,226.26288873,134.36330302,2,0,0.17567965,12755.0,4564.0
268,13.425,227.67432831,135.04214065,2,0,0.15999388,12754.5,4563.0
269,13.475,229.05044764,135.71586016,2,0,0.14323354,12754.25,4563.0
270,13.525,230.38497576,136.39740619,2,0,0.12482111,12753.5,4562.0
271,13.575,231.72012164,137.09390128,2,0,0.12978695,12753.0,4561.0
272,13.625,233.07510963,137.79817346,2,0,0.13474558,12752.5,4562.0
273,13.675,234.4516233,138.50400406,2,0,0.139587,12752.5,4562.0
274,13.725,235.84770116,139.21202572,2,0,0.14533307,12751.0,4561.0
275,13.775,237.26203304,139.92171342,2,0,0.15605533,12750.25,4559.0
276,13.825,238.69335177,140.63102179,2,0,0.16746631,12749.75,4559.0
277,13.875,240.13976007,141.33573081,2,0,0.17611174,12749.25,4557.0
278,13.925,241.58846408,142.0182557,2,0,0.170075,12748.5,4555.0
279,13.975,242.99636912,142.69641952,2,0,0.14112958,12747.5,4553.0
280,14.025,244.34457153,143.39742355,2,0,0.10208706,12747.5,4553.0
281,14.075,245.70966378,144.1260245,2,0,0.13151008,12747.0,4552.0
282,14.125,247.1493924,144.88295865,2,0,0.20638375,12745.75,4550.0
283,14.175,248.58475534,145.63916811,2,0,0.19832287,12745.5,4548.0
284,14.225,250.0157431,146.38999382,2,0,0.19026198,12745.0,4548.0
285,14.275,251.44207953,147.14075447,2,0,0.18220109,12744.0,4547.0
286,14.325,252.86386692,147.8915142,2,0,0.17424982,12744.0,4547.0
287,14.375,254.27769742,148.60327758,2,0,0.16321365,12743.5,4546.0
288,14.425,255.64604871,149.21789877,2,0,0.11660084,12743.25,4547.0
289,14.475,257.00299279,149.82886057,2,0,0.10728253,12742.25,4542.0
290,14.525,258.34867707,150.44022777,2,0,0.09725057,12742.0,4540.0
291,14.575,259.68956301,151.14884778,2,0,0.08024586,12741.25,4540.0
292,14.625,261.04155171,151.93279075,2,0,0.08012495,12741.0,4540.0
293,14.675,262.40615268,152.71673372,2,0,0.08000405,12740.75,4538.0
294,14.725,263.78334606,153.50140485,2,0,0.09131313,12740.75,4539.0
295,14.775,265.16851054,154.29811333,2,0,0.09212636,12740.5,4537.0
296,14.825,266.55043205,154.97706739,2,0,0.08895079,12740.25,4535.0
297,14.875,267.86269821,155.48758542,2,0,0.04349926,12740.0,4536.0
298,14.925,269.13917118,156.04005166,2,0,0.03612883,12739.5,4535.0
299,14.975,270.41649019,156.59183809,2,0,0.04438524,12739.0,4535.0
300,15.025,271.69454103,157.14362453,2,0,0.06287999,12739.0,4535.0
301,15.075,272.97419241,157.69528974,2,0,0.07162572,12739.0,4535.0
302,15.125,274.26030913,158.26099445,2,0,0.08037145,12738.75,4536.0
303,15.175,275.55478877,158.7657756,2,0,0.08911719,12738.25,4536.0
304,15.225,276.85703266,159.26326745,2,0,0.09786292,12737.5,4534.0
305,15.275,278.17412671,159.76150508,2,0,0.10660865,12737.5,4534.0
306,15.325,279.51499795,160.27686245,2,0,0.12270669,12737.0,4531.0
307,15.375,280.89750515,160.79757872,2,0,0.15023038,12736.5,4531.0
308,15.425,282.30730429,161.38192969,2,0,0.16151015,12736.25,4531.0
309,15.475,283.70369174,162.02219946,2,0,0.15153771,12735.5,4530.0
310,15.525,285.10343055,162.66815066,2,0,0.14688701,12735.0,4528.0
311,15.575,286.50787562,163.31410185,2,0,0.15027917,12734.25,4524.0
312,15.625,287.90400651,163.91312454,2,0,0.13384495,12734.25,4524.0
313,15.675,289.26723261,164.50087752,2,0,0.10486997,12733.75,4524.0
314,15.725,290.62202505,165.05880381,2,0,0.09934,12733.25,4522.0
315,15.775,291.96364948,165.7207579,2,0,0.09662897,12733.0,4523.0
316,15.825,293.30291979,166.37095324,2,0,0.1035906,12732.25,4522.0
317,15.875,294.64390632,167.04085585,2,0,0.11052484,12732.25,4522.0
318,15.925,295.98918262,167.74165056,2,0,0.11231829,12731.5,4522.0
319,15.975,297.34102762,168.44227451,2,0,0.12657395,12731.5,4522.0
320,16.025,298.69959293,169.15043769,2,0,0.12906267,12731.25,4522.0
321,16.075,300.05802371,169.85790655,2,0,0.1231396,12730.25,4520.0
322,16.125,301.40738262,170.43579054,2,0,0.0967742,12730.25,4520.0
323,16.175,302.74170011,170.99925356,2,0,0.08459875,12729.5,4520.0
324,16.225,304.06116584,171.56301994,2,0,0.08462436,12728.75,4517.0
325,16.275,305.36525341,172.18521869,2,0,0.07777367,12728.5,4517.0
326,16.325,306.68569761,172.8869612,2,0,0.09311902,12728.5,4517.0
327,16.375,308.03527018,173.5946052,2,0,0.10512298,12728.25,4517.0
328,16.425,309.39845403,174.32284709,2,0,0.12054232,12727.5,4516.0
329,16.475,310.77211049,175.05114793,2,0,0.13002664,12727.0,4516.0
330,16.525,312.15703025,175.78019769,2,0,0.13951095,12725.5,4512.0
331,16.575,313.54459219,176.48179532,2,0,0.14466388,12725.25,4512.0
332,16.625,314.91053651,177.16841164,2,0,0.12879528,12725.25,4512.0
333,16.675,316.25196381,177.82547287,2,0,0.10486914,12724.75,4511.0
334,16.725,317.58332371,178.45139273,2,0,0.0948501,12724.0,4507.0
335,16.775,318.91813194,179.08002589,2,0,0.09875122,12724.0,4507.0
336,16.825,320.25777804,179.70845307,2,0,0.1039134,12723.5,4508.0
337,16.875,321.60566807,180.33188582,2,0,0.10909521,12723.0,4506.0
338,16.925,322.94883041,180.95637692,2,0,0.09952019,12722.0,4501.0
339,16.975,324.2723821,181.58243891,2,0,0.07113562,12721.75,4501.0
340,17.025,325.57799102,182.19786682,2,0,0.05644443,12721.5,4501.0
341,17.075,326.87884216,182.79912242,2,0,0.04988108,12721.5,4501.0
342,17.125,328.17526087,183.3127903,2,0,0.04396466,12721.5,4501.0
343,17.175,329.47006108,183.82343694,2,0,0.03859057,12721.5,4501.0
344,17.225,330.77107088,184.37637761,2,0,0.05028858,12721.0,4501.0
345,17.275,332.08692956,184.92832885,2,0,0.06904551,12720.5,4501.0
346,17.325,333.42163186,185.48463316,2,0,0.08949224,12720.5,4501.0
347,17.375,334.78278965,186.04614834,2,0,0.11015168,12719.75,4501.0
348,17.425,336.14043468,186.62113635,2,0,0.09276451,12719.75,4501.0
349,17.475,337.46484169,187.14240291,2,0,0.05193134,12719.5,4501.0
350,17.525,338.79042324,187.62260661,2,0,0.05233342,12719.5,4501.0
351,17.575,340.11197073,188.11123655,2,0,0.0527355,12719.25,4501.0
352,17.625,341.43916907,188.65692021,2,0,0.06765977,12718.75,4501.0
353,17.675,342.76504723,189.28523588,2,0,0.08477142,12718.5,4499.0
354,17.725,344.0993271,189.9134487,2,0,0.09979217,12716.75,4494.0
355,17.775,345.45032277,190.54710561,2,0,0.1145424,12716.75,4494.0
356,17.825,346.8227992,191.18065951,2,0,0.12929323,12716.25,4494.0
357,17.875,348.20884493,191.85634309,2,0,0.1357964,12715.75,4492.0
358,17.925,349.60851792,193.25122497,3,1,0.1295044,12715.75,4492.0
359,17.975,351.11656968,195.1333999,4,1,0.18153655,12714.75,4491.0
360,18.025,352.66585182,196.97245417,4,0,0.16592889,12713.5,4490.0
361,18.075,354.25375882,198.24546487,3,0,0.16564122,12712.75,4488.0
362,18.125,355.82913422,199.31627499,3,0,0.14205361,12711.75,4487.0
363,18.175,357.4284841,200.48082655,3,0,0.16098185,12711.0,4485.0
364,18.225,359.05977332,201.64617793,3,0,0.16856669,12710.5,4486.0
365,18.275,360.72092154,202.80427307,3,0,0.17372624,12710.25,4486.0
366,18.325,362.41727839,203.96311969,3,0,0.18142467,12709.5,4485.0
367,18.375,364.14614237,205.11819238,3,0,0.18908518,12708.5,4481.0
368,18.425,365.89785607,206.24434999,3,0,0.19437985,12706.75,4472.0
369,18.475,367.67361054,208.5666699,3,0,0.21712589,12705.75,4471.0
370,18.525,369.44971429,209.39900845,3,0,0.18591231,12705.0,4469.0
371,18.575,371.20741364,210.23308148,3,0,0.15866794,12704.5,4469.0
372,18.625,372.95007271,211.12062764,3,0,0.14539168,12704.5,4469.0
373,18.675,374.68918494,212.11933745,3,0,0.13153794,12703.75,4468.0
374,18.725,376.42934731,213.1346074,3,0,0.11606364,12703.25,4467.0
375,18.775,378.18536842,214.25912104,3,0,0.11380071,12703.25,4468.0
376,18.825,379.95160529,215.38480167,3,0,0.10393427,12702.25,4465.0
377,18.875,381.7294244,216.49427113,3,0,0.09795314,12701.5,4464.0
378,18.925,383.66221613,219.2127052,3,0,0.25200778,12701.0,4464.0
379,18.975,385.5881671,220.10990701,3,0,0.15884251,12699.75,4465.0
380,19.025,387.5063477,221.01352835,3,0,0.15267297,12699.25,4463.0
381,19.075,389.42546774,221.92818987,3,0,0.13736484,12698.75,4462.0
382,19.125,391.34956304,222.84769799,3,0,0.13226603,12697.75,4462.0
383,19.175,393.27961202,223.76932014,3,0,0.12814847,12696.25,4456.0
384,19.225,395.2281603,224.75000986,3,0,0.14509702,12695.25,4454.0
385,19.275,397.33799879,225.94890935,3,0,0.27940197,12694.0,4450.0
386,19.325,399.47427203,227.21720787,3,0,0.25971346,12693.25,4447.0
387,19.375,401.45935481,228.15276175,3,0,0.09836206,12692.75,4447.0
388,19.425,403.43955485,229.9520972,4,1,0.09449884,12691.5,4448.0
389,19.475,405.52160392,231.78909022,3,0,0.14600764,12690.75,4446.0
390,19.525,407.65026085,232.83383848,3,0,0.15240607,12690.75,4446.0
391,19.575,409.80829901,233.88886156,3,0,0.17825261,12690.25,4447.0
392,19.625,412.02087404,234.96883458,3,0,0.19934115,12688.5,4442.0
393,19.675,414.27899524,236.07680213,3,0,0.20599982,12688.25,4441.0
394,19.725,416.54256692,237.27660379,3,0,0.20766122,12687.25,4439.0
395,19.775,418.81179246,239.11838295,3,0,0.21296378,12686.25,4438.0
396,19.825,421.15240701,241.39894997,3,0,0.25024149,12685.25,4435.0
397,19.875,423.47553838,242.83573359,4,1,0.17964871,12684.25,4432.0
398,19.925,425.76870803,244.67673606,3,0,0.14859882,12684.0,4431.0
399,19.975,428.03308451,245.58665506,3,0,0.11096527,12683.0,4426.0
400,20.025,430.28342314,246.49654187,3,0,0.09451338,12682.25,4424.0
401,20.075,432.5273012,247.41092225,3,0,0.06856315,12682.0,4422.0
402,20.125,434.77382014,248.33611645,3,0,0.0682323,12682.0,4424.0
403,20.175,437.0203398,249.24878494,3,0,0.06610982,12681.0,4421.0
404,20.225,439.27114697,250.13688251,3,0,0.06943966,12679.75,4415.0
405,20.275,441.53352643,251.02963857,3,0,0.08847013,12679.5,4414.0
406,20.325,443.79273088,251.86654988,3,0,0.10345207,12679.0,4413.0
407,20.375,446.0348567,252.75095428,3,0,0.11645194,12678.25,4412.0
408,20.425,448.2929016,253.7763892,3,0,0.12439459,12678.0,4412.0
409,20.475,450.57349339,254.80175555,3,0,0.13191281,12677.5,4413.0
410,20.525,452.87667221,255.82707644,3,0,0.13943102,12677.0,4412.0
411,20.575,455.20481382,256.86102875,3,0,0.1396888,12677.25,4412.0
412,20.625,457.58369219,259.16861772,3,0,0.17503624,12675.5,4411.0
413,20.675,460.07070156,259.92687428,3,0,0.20974668,12674.75,4407.0
414,20.725,462.5239964,261.47788527,4,1,0.17825539,12673.5,4408.0
415,20.775,464.97925309,263.01676726,3,0,0.13996281,12673.25,4407.0
416,20.825,467.44079435,263.90512963,3,0,0.12849457,12672.75,4403.0
417,20.875,469.93076173,265.04263654,3,0,0.14947479,12672.0,4403.0
418,20.925,472.4475075,266.1820607,3,0,0.16878632,12671.0,4402.0
419,20.975,474.99356329,267.30569417,3,0,0.18771602,12669.75,4400.0
420,21.025,477.57992163,268.43262394,3,0,0.21358342,12668.75,4397.0
421,21.075,480.19194512,269.58860187,3,0,0.21509047,12668.25,4395.0
422,21.125,482.94173291,272.28224972,4,1,0.35218751,12666.75,4397.0
423,21.175,485.78112156,274.0246901,3,0,0.34965367,12666.0,4392.0
424,21.225,488.53288209,275.86186754,4,1,0.258681,12663.5,4386.0
425,21.275,491.37287696,278.02898674,3,0,0.32050706,12662.25,4379.0
426,21.325,494.07743981,278.93657968,3,0,0.19927729,12661.5,4377.0
427,21.375,496.73172697,279.83190245,3,0,0.19348407,12661.0,4377.0
428,21.425,499.36374108,280.73567157,3,0,0.1663123,12660.75,4376.0
429,21.475,501.9772852,281.67397489,4,1,0.13445364,12660.5,4378.0
430,21.525,504.87707448,285.10980765,4,1,0.40258822,12658.5,4372.0
431,21.575,507.73962688,286.05589053,3,0,0.26093063,12657.75,4371.0
432,21.625,510.53087364,287.17786901,4,1,0.17972491,12657.5,4370.0
433,21.675,513.32561889,289.35448818,5,1,0.18156227,12657.0,4368.0
434,21.725,516.13011314,291.32873038,4,0,0.1509992,12656.75,4367.0
435,21.775,518.92678117,292.58670687,3,0,0.12398649,12655.75,4362.0
436,21.825,521.69709271,293.2949884,3,0,0.10760911,12654.5,4355.0
437,21.875,524.45157615,294.03668148,3,0,0.12114743,12653.0,4355.0
438,21.925,527.18777099,294.80322351,3,0,0.13104456,12652.75,4353.0
439,21.975,529.84659928,295.62098446,3,0,0.10021288,12652.25,4352.0
440,22.025,532.49122326,296.46141378,3,0,0.1033808,12652.25,4351.0
441,22.075,535.17451259,298.25313149,4,1,0.1391494,12650.75,4351.0
442,22.125,538.04284286,300.07217082,3,0,0.23124194,12650.5,4351.0
443,22.175,540.91498029,302.18496346,4,1,0.1986669,12649.75,4353.0
444,22.225,543.93466417,306.43664897,4,1,0.27870783,12648.25,4353.0
445,22.275,547.10033722,308.38881173,3,0,0.26384792,12647.25,4352.0
446,22.325,550.27795927,309.54845731,3,0,0.23445366,12645.5,4343.0
447,22.375,553.45721673,310.70766277,3,0,0.22953089,12643.75,4339.0
448,22.425,556.63747585,311.86687097,3,0,0.20007062,12642.75,4340.0
449,22.475,559.82091838,313.03695213,3,0,0.19900421,12641.0,4333.0
450,22.525,563.11127952,315.93201511,4,1,0.30167966,12639.5,4330.0
451,22.575,566.44407762,317.73224826,3,0,0.24505921,12638.25,4327.0
452,22.625,569.73154505,322.1434248,5,2,0.23039285,12636.5,4323.0
453,22.675,573.18373208,324.51620917,3,0,0.28629024,12635.25,4315.0
454,22.725,576.56766823,325.17693308,3,0,0.234643,12634.25,4314.0
455,22.775,579.86697046,325.84858259,3,0,0.21274319,12633.25,4311.0
456,22.825,583.10441684,326.55034306,3,0,0.19092836,12632.5,4309.0
457,22.875,586.30250499,327.39128007,3,0,0.1660628,12631.75,4308.0
458,22.925,589.46805452,328.45570058,4,1,0.14840012,12630.75,4306.0
459,22.975,592.69311695,330.81966149,4,0,0.20556906,12629.25,4302.0
460,23.025,596.045667,332.89924332,3,0,0.2637548,12628.75,4300.0
461,23.075,599.52546825,336.0671974,4,1,0.32450037,12627.0,4301.0
462,23.125,603.26368495,339.54945752,4,1,0.46684853,12625.75,4302.0
463,23.175,607.1671081,343.22422501,3,0,0.50278102,12624.25,4296.0
464,23.225,611.07789622,344.52933113,3,0,0.38622403,12621.5,4284.0
465,23.275,614.94377732,345.81408159,3,0,0.33014804,12620.25,4279.0
466,23.325,618.76500526,347.07528627,3,0,0.27362451,12619.25,4275.0
467,23.375,622.54085673,348.26520015,3,0,0.21345328,12617.5,4268.0
468,23.425,626.30296595,350.17580401,4,1,0.1865069,12617.75,4268.0
469,23.475,630.22278205,353.23995551,4,0,0.31233512,12617.25,4265.0
470,23.525,634.41565174,359.15123201,6,3,0.51420716,12613.5,4268.0
471,23.575,638.79892646,362.0787027,5,0,0.50494531,12612.0,4260.0
472,23.625,643.15386827,364.46167076,5,0,0.42301275,12610.75,4255.0
473,23.675,647.47887955,366.45842351,4,0,0.3686648,12610.0,4252.0
474,23.725,651.74853543,367.7303475,3,0,0.31384867,12608.75,4247.0
475,23.775,655.94846141,368.70212389,3,0,0.22511285,12608.5,4245.0
476,23.825,660.13211912,370.49329633,4,1,0.24102918,12606.5,4245.0
477,23.875,664.39385126,372.82495906,5,1,0.28251837,12604.75,4238.0
478,23.925,668.85504158,375.80085591,4,0,0.40379579,12603.75,4237.0
479,23.975,673.26120007,377.75801609,5,1,0.30057009,12603.0,4239.0
480,24.025,677.72723106,381.22882984,6,1,0.35427858,12600.75,4234.0
481,24.075,682.49811366,386.20481437,5,1,0.56138299,12600.25,4237.0
482,24.125,687.32501354,388.82125598,5,0,0.46899528,12597.25,4227.0
483,24.175,692.22134713,393.07291224,5,0,0.50199112,12595.5,4224.0
484,24.225,697.22672373,395.52329556,4,0,0.50532974,12595.0,4222.0
485,24.275,702.18900655,396.51746789,3,0,0.41364308,12592.5,4211.0
486,24.325,707.02977809,397.16487299,3,0,0.3170304,12591.75,4210.0
487,24.375,711.75004236,397.84927127,3,0,0.21229112,12591.25,4208.0
488,24.425,716.37399489,398.56360636,3,0,0.15651307,12590.5,4204.0
489,24.475,720.91369208,399.64289301,4,1,0.15505758,12589.75,4204.0
490,24.525,725.50719432,403.43813124,5,1,0.25274495,12588.5,4199.0
491,24.575,730.2452894,406.00393831,4,1,0.29919141,12587.0,4195.0
492,24.625,735.03485884,407.79125949,4,0,0.30027416,12586.5,4190.0
493,24.675,739.87711988,409.37780255,3,0,0.32266094,12585.75,4185.0
494,24.725,745.00722596,410.07117146,3,0,0.58723539,12583.5,4176.0
495,24.775,749.68375786,410.89828479,3,0,0.17213007,12583.25,4172.0
496,24.825,754.2332591,411.73871226,3,0,0.08866486,12583.0,4169.0
497,24.875,758.67457413,412.38229089,3,0,0.02894168,12582.75,4168.0
498,24.925,763.07506543,412.95329045,3,0,0.02745498,12582.75,4168.0
499,24.975,767.43184606,413.52045615,3,0,0.02596828,12581.75,4167.0
500,25.025,771.73739299,414.09141377,3,0,0.02575641,12581.5,4168.0
501,25.075,776.00021185,414.66524624,3,0,0.02757348,12581.5,4169.0
502,25.125,780.23473377,415.25836755,3,0,0.02939056,12581.5,4169.0
503,25.175,784.43589446,415.85300128,3,0,0.03120763,12583.0,4168.0
504,25.225,788.60106873,416.4534584,3,0,0.03302471,12583.0,4168.0
505,25.275,792.73373353,417.06931149,3,0,0.03484178,12583.0,4168.0
506,25.325,796.83422881,417.70273914,3,0,0.04775466,12582.75,4169.0
507,25.375,800.90346241,418.35781002,3,0,0.05343867,12581.5,4170.0
508,25.425,804.93223144,419.16870929,3,0,0.05821681,12581.0,4170.0
509,25.475,808.95258726,420.01076028,3,0,0.08764101,12580.25,4167.0
510,25.525,813.8273862,432.56379523,4,1,0.96315759,12577.0,4173.0
511,25.575,820.81730244,445.70052865,4,0,2.48124085,12569.5,4162.0
512,25.625,828.90065729,449.91491694,4,0,2.9585503,12565.25,4159.0
513,25.675,836.96287543,453.51653703,4,0,2.79020581,12563.5,4161.0
514,25.725,844.65001351,457.1377421,4,0,2.32193579,12560.0,4151.0
515,25.775,851.7200158,460.44174264,4,0,1.61842364,12556.75,4150.0
516,25.825,858.83742981,463.69659394,4,0,1.63757746,12549.75,4144.0
517,25.875,865.79246722,466.3012783,4,0,1.46635669,12543.75,4144.0
518,25.925,872.54992352,471.26669233,3,0,1.26604113,12541.25,4147.0
519,25.975,879.49282433,472.53086628,3,0,1.29479277,12540.0,4148.0
520,26.025,886.40866253,473.78734345,3,0,1.26633446,12538.25,4146.0
521,26.075,893.29978893,475.07418718,3,0,1.23418635,12535.75,4148.0
522,26.125,900.03424701,476.40734632,3,0,1.16482619,12533.5,4144.0
523,26.175,906.62067637,477.80242781,3,0,1.0864041,12526.75,4145.0
524,26.225,913.06707542,479.32303557,3,0,1.04095362,12521.25,4140.0
525,26.275,919.36773744,480.16328966,3,0,0.98540447,12520.75,4136.0
526,26.325,925.44169,480.84950246,3,0,0.87518712,12516.75,4135.0
527,26.375,931.3984621,481.7376688,3,0,0.85968845,12514.25,4134.0
528,26.425,937.27950004,482.94408588,3,0,0.88258978,12514.25,4134.0
529,26.475,943.19373375,484.24556879,3,0,0.94972276,12512.5,4134.0
530,26.525,949.17098663,485.52039398,3,0,1.01193816,12506.5,4131.0
531,26.575,955.18713531,486.80502365,3,0,1.0455027,12502.75,4132.0
532,26.625,961.21028331,488.12249158,3,0,1.07234671,12496.75,4127.0
533,26.675,967.22130797,489.46508913,3,0,1.06987702,12493.5,4122.0
534,26.725,973.19665944,490.66092434,3,0,1.04927459,12493.0,4116.0
535,26.775,979.01750326,491.82119963,3,0,1.00351012,12493.25,4115.0
536,26.825,984.52682689,492.76488446,3,0,0.89867321,12491.0,4112.0
537,26.875,989.85588968,493.8408013,3,0,0.92999459,12482.75,4114.0
538,26.925,995.21815675,494.90978952,3,0,0.95508633,12481.25,4113.0
539,26.975,1000.63071626,495.98874644,3,0,0.98489508,12477.75,4113.0
540,27.025,1006.10788138,497.06609994,3,0,1.02750691,12474.0,4113.0
541,27.075,1011.65939232,498.13878202,3,0,1.06494419,12472.75,4111.0
542,27.125,1017.2624976,499.13632267,3,0,1.10372263,12471.0,4107.0
543,27.175,1022.90375432,500.1372403,3,0,1.12348606,12469.5,4105.0
544,27.225,1028.55103803,500.83965833,3,0,1.11055425,12461.5,4105.0
545,27.275,1034.10430424,501.52642317,3,0,1.02261017,12457.25,4105.0
546,27.325,1039.60884815,502.47677739,3,0,0.98349385,12454.0,4107.0
547,27.375,1045.26710661,503.51942764,3,0,1.11564969,12451.5,4104.0
548,27.425,1051.06027904,504.61075279,3,0,1.22027891,12450.25,4103.0
549,27.475,1056.95620522,505.7097318,3,0,1.30024817,12447.75,4101.0
550,27.525,1062.94184499,506.80972277,3,0,1.35933043,12446.5,4098.0
551,27.575,1068.95239777,507.93607971,3,0,1.34823923,12438.0,4100.0
552,27.625,1074.96269319,509.06304359,3,0,1.31035405,12433.75,4096.0
553,27.675,1080.97755921,510.07754746,3,0,1.27118675,12431.0,4092.0
554,27.725,1087.04046799,510.96630384,3,0,1.27216175,12426.75,4090.0
555,27.775,1093.23901506,511.96055493,3,0,1.3940808,12424.0,4091.0
556,27.825,1099.31543838,512.84553443,3,0,1.2483207,12420.75,4090.0
557,27.875,1105.42586331,513.73449824,3,0,1.2490027,12417.0,4092.0
558,27.925,1111.57803184,514.6340242,3,0,1.25883505,12408.5,4091.0
559,27.975,1117.78560431,515.54731696,3,0,1.28150401,12406.25,4093.0
560,28.025,1124.04917007,516.46834285,3,0,1.30197877,12401.75,4090.0
561,28.075,1130.36611366,517.3895614,3,0,1.3222103,12398.75,4088.0
562,28.125,1136.71176978,518.32913992,3,0,1.33360504,12395.75,4087.0
563,28.175,1143.08230653,519.17727012,3,0,1.34339619,12392.5,4085.0
564,28.225,1149.52552592,520.03646344,3,0,1.38365185,12386.25,4088.0
565,28.275,1155.97221746,520.8922311,3,0,1.331356,12383.0,4088.0
566,28.325,1162.48971628,521.82195124,3,0,1.35237136,12377.25,4089.0
567,28.375,1169.0724348,522.7587333,3,0,1.3689104,12375.0,4086.0
568,28.425,1175.72314072,523.70803559,3,0,1.38506525,12371.25,4085.0
569,28.475,1182.45187127,524.66208687,3,0,1.40115054,12368.0,4085.0
570,28.525,1189.26821904,525.60415404,3,0,1.423395,12364.5,4082.0
571,28.575,1196.13715065,526.49250367,3,0,1.40965541,12357.0,4083.0
572,28.625,1203.10142133,528.13364328,3,0,1.44630552,12351.25,4084.0
573,28.675,1210.23028879,529.3890769,2,0,1.51689524,12347.5,4084.0
574,28.725,1217.34743825,529.36616275,2,0,1.43401442,12344.5,4082.0
575,28.775,1224.51850666,529.37050643,2,0,1.45072489,12340.75,4079.0
576,28.825,1231.73506785,529.38011097,2,0,1.46445927,12336.0,4078.0
577,28.875,1238.95670255,529.41024141,2,0,1.46318911,12331.25,4076.0
578,28.925,1246.14264808,529.43886026,2,0,1.4309595,12322.5,4072.0
579,28.975,1253.28450421,529.44328239,2,0,1.39745959,12319.5,4071.0
580,29.025,1260.39119005,529.44782537,2,0,1.35973182,12315.5,4071.0
581,29.075,1267.48324105,529.50978681,2,0,1.34683691,12310.75,4067.0
582,29.125,1274.6363337,529.63365242,2,0,1.39308032,12309.5,4069.0
583,29.175,1281.69357256,529.79092725,2,0,1.27661321,12306.25,4067.0
584,29.225,1288.76771833,529.9612689,2,0,1.27260671,12304.5,4068.0
585,29.275,1295.86743197,530.13263601,2,0,1.28776284,12296.0,4069.0
586,29.325,1302.9910349,530.31142519,2,0,1.2940015,12293.5,4064.0
587,29.375,1310.13554959,530.49070287,2,0,1.29630137,12287.25,4059.0
588,29.425,1317.30448101,530.63068566,2,0,1.28918256,12283.0,4055.0
589,29.475,1324.460228,530.63191956,2,0,1.26793747,12280.5,4054.0
590,29.525,1331.59376545,530.62762198,2,0,1.24529912,12277.0,4054.0
591,29.575,1338.72737054,530.68911635,2,0,1.25084435,12276.75,4054.0
592,29.625,1345.90724193,530.73541445,2,0,1.2726486,12267.5,4055.0
593,29.675,1353.13288497,530.78400629,2,0,1.31676957,12265.75,4055.0
594,29.725,1360.43429371,530.90076922,2,0,1.40117062,12262.75,4056.0
595,29.775,1367.74920571,531.03313718,2,0,1.39841516,12255.0,4056.0
596,29.825,1375.08273118,531.16570468,2,0,1.39284094,12251.25,4056.0
597,29.875,1382.43449774,531.29779349,2,0,1.38709853,12249.25,4051.0
598,29.925,1389.78958944,531.42967538,2,0,1.37464924,12245.25,4048.0
599,29.975,1397.15163268,531.49879154,2,0,1.37451657,12240.0,4049.0
600,30.025,1404.52219365,531.56531532,2,0,1.38760879,12235.75,4049.0
601,30.075,1411.84067507,531.64665877,2,0,1.3232554,12230.5,4049.0
602,30.125,1419.17911194,531.74897358,2,0,1.32160112,12223.5,4048.0
603,30.175,1426.56002351,531.85151736,2,0,1.34103231,12221.25,4048.0
604,30.225,1433.98095062,531.95481642,2,0,1.36075216,12219.75,4048.0
605,30.275,1441.44077929,532.05951877,2,0,1.38047201,12217.75,4047.0
606,30.325,1448.93761845,532.1721773,2,0,1.39876945,12211.5,4049.0
607,30.375,1456.46681441,532.30406886,2,0,1.40736088,12204.5,4046.0
608,30.425,1464.02250006,532.4172988,2,0,1.40530854,12195.75,4045.0
609,30.475,1471.58647387,532.47210238,2,0,1.38849421,12190.5,4045.0
610,30.525,1479.15785364,532.54325499,2,0,1.37298678,12189.25,4045.0
611,30.575,1486.74765745,532.63140222,2,0,1.37235742,12190.25,4043.0
612,30.625,1494.36036393,532.72654953,2,0,1.39008973,12186.75,4043.0
613,30.675,1502.0021415,532.83012653,2,0,1.39857641,12180.5,4043.0
614,30.725,1509.67697035,532.93364376,2,0,1.40744905,12171.5,4044.0
615,30.775,1517.38476003,533.05032124,2,0,1.41585288,12165.75,4042.0
616,30.825,1525.11845203,533.18238103,2,0,1.41770297,12160.25,4042.0
617,30.875,1532.87189291,533.30470582,2,0,1.41492967,12157.75,4039.0
618,30.925,1540.65620264,533.46069002,2,0,1.4236517,12157.25,4038.0
619,30.975,1548.5038362,533.7256342,2,0,1.45551727,12152.5,4040.0
620,31.025,1556.41629559,534.0009957,2,0,1.47471603,12147.0,4038.0
621,31.075,1564.34225863,534.29315232,2,0,1.45217172,12140.75,4038.0
622,31.125,1572.30300051,534.59491222,2,0,1.4466127,12132.75,4037.0
623,31.175,1580.31986458,534.90790604,2,0,1.46060597,12127.75,4038.0
624,31.225,1588.3930631,535.22331005,2,0,1.47463216,12128.5,4038.0
625,31.275,1596.2394032,546.45736499,2,0,1.48384578,12122.0,4033.0
626,31.325,1601.06606382,560.61685629,2,0,1.47914822,12119.75,4034.0
627,31.375,1606.32554541,568.52870753,2,0,1.47553196,12116.5,4035.0
628,31.425,1611.60180019,571.13165711,2,0,1.47750906,12108.25,4034.0
629,31.475,1617.15594783,572.27287965,2,0,1.47968035,12100.25,4034.0
630,31.525,1622.75556747,573.42601045,2,0,1.48187895,12097.25,4035.0
631,31.575,1628.40305967,574.58116619,2,0,1.48425553,12090.5,4030.0
632,31.625,1634.10279043,575.7596609,2,0,1.48763881,12086.75,4031.0
633,31.675,1639.74487289,576.95633649,2,0,1.49149932,12084.75,4033.0
634,31.725,1645.31245289,579.28649538,2,0,1.49688912,12082.0,4031.0
635,31.775,1650.84294085,582.08418206,2,0,1.5044678,12074.25,4033.0
636,31.825,1656.31295454,584.78866665,2,0,1.51097543,12064.5,4032.0
637,31.875,1661.80279853,585.92757956,2,0,1.51850382,12058.0,4032.0
638,31.925,1667.45191445,586.71673135,2,0,1.52611604,12054.75,4031.0
639,31.975,1673.1420705,587.51610444,2,0,1.53223415,12055.25,4030.0
640,32.025,1678.85144323,588.32702003,2,0,1.55490742,12054.75,4031.0
641,32.075,1684.54282777,589.53379082,2,0,1.56897434,12048.0,4026.0
642,32.125,1690.09109633,591.28009156,2,0,1.57401406,12038.25,4027.0
643,32.175,1695.64654451,593.04332822,2,0,1.58698157,12029.25,4023.0
644,32.225,1701.17375015,594.77545254,2,0,1.59513922,12021.75,4026.0
645,32.275,1706.66055702,596.50805623,2,0,1.60688435,12019.75,4024.0
646,32.325,1712.13107417,597.65199744,2,0,1.61505789,12017.25,4022.0
647,32.375,1717.67101268,598.3995151,2,0,1.62065491,12009.75,4018.0
648,32.425,1723.26600321,599.17405028,2,0,1.62636488,12007.25,4022.0
649,32.475,1728.88405964,599.94787702,2,0,1.63257331,11998.5,4018.0
650,32.525,1734.36335622,601.30529211,2,0,1.63879943,11990.5,4019.0
651,32.575,1739.66687917,602.94977273,2,0,1.64494977,11983.75,4020.0
652,32.625,1744.8931385,604.59045414,2,0,1.65508853,11978.75,4016.0
653,32.675,1750.02673177,606.19139891,2,0,1.64788944,11976.75,4017.0
654,32.725,1755.04925983,607.77999283,2,0,1.61805896,11977.75,4019.0
655,32.775,1760.01461614,609.22322535,2,0,1.61712905,11972.25,4018.0
656,32.825,1764.99628212,611.10489524,2,0,1.64136174,11959.25,4019.0
657,32.875,1769.96668563,612.96702227,2,0,1.68141239,11950.75,4017.0
658,32.925,1774.88947873,614.85293986,2,0,1.70250892,11944.25,4017.0
659,32.975,1779.74325164,616.72653216,2,0,1.71809827,11936.75,4017.0
660,33.025,1784.50568527,618.61824103,2,0,1.73268448,11933.5,4014.0
661,33.075,1789.12588029,620.52902113,2,0,1.73906848,11931.5,4013.0
662,33.125,1793.61345896,622.44258141,2,0,1.74391746,11927.5,4011.0
663,33.175,1798.05814255,624.17477357,2,0,1.73939937,11920.75,4012.0
664,33.225,1802.64598459,625.66510827,2,0,1.74681076,11913.5,4012.0
665,33.275,1807.31762692,626.5321093,2,0,1.74698469,11902.75,4009.0
666,33.325,1812.0967101,626.78945372,2,0,1.74635279,11896.0,4008.0
667,33.375,1816.9952908,627.0394822,2,0,1.74738676,11891.5,4008.0
668,33.425,1822.01647446,627.28393709,2,0,1.75274624,11885.25,4007.0
669,33.475,1827.20221262,627.62782702,2,0,1.75959139,11882.0,4006.0
670,33.525,1832.45765169,628.13996428,2,0,1.76668024,11874.75,3999.0
671,33.575,1837.68494735,630.23659205,2,0,1.77320289,11868.25,3986.0
672,33.625,1842.72218251,632.97235249,2,0,1.77594565,11860.0,3986.0
673,33.675,1847.55556634,635.59009485,2,0,1.77808422,11856.25,3984.0
674,33.725,1852.11082489,637.62762308,2,0,1.62318405,11850.5,3984.0
675,33.775,1856.61852309,639.47915384,2,0,1.61282189,11844.5,3984.0
676,33.825,1861.09262533,641.22066542,2,0,1.60230543,11838.5,3983.0
677,33.875,1865.52697799,642.96043276,2,0,1.59238075,11836.5,3983.0
678,33.925,1869.92694198,644.70331887,2,0,1.5833518,11827.75,3980.0
679,33.975,1874.30476012,646.44004264,2,0,1.5744644,11818.75,3976.0
680,34.025,1878.66444198,648.17939241,2,0,1.56670099,11814.5,3976.0
681,34.075,1883.01531503,649.91563401,2,0,1.56055078,11812.5,3976.0
682,34.125,1887.34849351,651.60726067,2,0,1.55481544,11806.75,3976.0
683,34.175,1891.63332327,653.00199027,2,0,1.55516212,11800.5,3974.0
684,34.225,1895.80113379,654.37808963,2,0,1.55916969,11796.75,3974.0
685,34.275,1899.68613384,655.76117138,2,0,1.56338524,11791.0,3975.0
686,34.325,1903.55060901,657.15403056,2,0,1.56636747,11783.5,3971.0
687,34.375,1907.42134832,658.56493368,2,0,1.56946055,11777.0,3971.0
688,34.425,1911.31263591,660.00057328,2,0,1.59667734,11773.25,3971.0
689,34.475,1915.20023777,661.46798526,2,0,1.60276427,11767.5,3966.0
690,34.525,1919.05749927,662.93743987,2,0,1.58830228,11756.0,3966.0
691,34.575,1922.89675759,664.4131501,2,0,1.57297526,11753.5,3965.0
692,34.625,1926.65988503,665.7395096,2,0,1.5728147,11749.75,3964.0
693,34.675,1930.12774091,667.03079339,2,0,1.57896778,11743.25,3964.0
694,34.725,1933.44696642,668.3443047,2,0,1.56548808,11740.75,3964.0
695,34.775,1936.67016478,669.65389054,2,0,1.5546078,11734.5,3965.0
696,34.825,1939.80607289,670.98120208,2,0,1.54489733,11728.5,3966.0
697,34.875,1942.89239543,672.59205175,2,0,1.53634559,11721.25,3964.0
698,34.925,1945.9371109,674.20291539,2,0,1.53544482,11715.75,3964.0
699,34.975,1948.94185375,675.79432495,2,0,1.53958095,11709.5,3963.0
700,35.025,1951.89972918,677.35065185,2,0,1.54426842,11703.75,3963.0
701,35.075,1954.81929693,678.9150241,2,0,1.55133945,11700.75,3964.0
702,35.125,1957.83109829,680.33909681,2,0,1.55844127,11694.75,3964.0
703,35.175,1960.82751704,681.80922224,2,0,1.56554449,11687.75,3966.0
704,35.225,1963.78106985,683.29569156,2,0,1.57009018,11682.75,3966.0
705,35.275,1966.61643313,684.9206366,2,0,1.5904026,11676.0,3962.0
706,35.325,1969.41204221,686.58605846,2,0,1.61661106,11670.5,3960.0
707,35.375,1972.14951592,688.25474324,2,0,1.61159312,11663.0,3957.0
708,35.425,1974.77853375,689.96117013,2,0,1.57625164,11657.25,3957.0
709,35.475,1977.26483633,691.72896163,2,0,1.57258306,11652.5,3956.0
710,35.525,1979.61721006,693.96731967,2,0,1.56724087,11648.0,3956.0
711,35.575,1981.78724034,696.65776653,2,0,1.56251051,11641.75,3956.0
712,35.625,1983.69425844,699.43007728,2,0,1.55768932,11629.75,3953.0
713,35.675,1985.41642897,702.27137507,2,0,1.5552536,11627.75,3953.0
714,35.725,1986.95137821,705.20699524,2,0,1.55363865,11621.0,3954.0
715,35.775,1988.31253342,708.15663707,2,0,1.55192158,11616.5,3951.0
716,35.825,1989.51451323,711.1205646,2,0,1.5502365,11614.0,3949.0
717,35.875,1990.61129251,713.95387555,2,0,1.54912284,11604.5,3950.0
718,35.925,1991.94254628,714.81918112,2,0,1.55130629,11602.5,3949.0
719,35.975,1993.43654104,715.70441481,2,0,1.55746407,11594.0,3947.0
720,36.025,1994.94316433,716.54829193,2,0,1.56339389,11583.0,3948.0
721,36.075,1996.45676496,717.38924019,2,0,1.56885942,11580.75,3948.0
722,36.125,1997.97160633,718.24824477,2,0,1.57469812,11572.25,3950.0
723,36.175,1999.49290149,719.15994887,2,0,1.57930112,11569.5,3950.0
724,36.225,2001.00525645,720.30004513,2,0,1.58266808,11566.5,3949.0
725,36.275,2002.49368742,721.45133482,2,0,1.58458022,11556.5,3947.0
726,36.325,2003.9140074,722.62720078,2,0,1.58645108,11552.75,3943.0
727,36.375,2005.31048607,723.77152332,2,0,1.58410808,11540.25,3943.0
728,36.425,2006.73149656,724.94003367,2,0,1.57656007,11534.5,3943.0
729,36.475,2008.21647706,725.92489213,2,0,1.58784655,11529.75,3943.0
730,36.525,2009.66773804,726.80269111,2,0,1.58966175,11528.0,3943.0
731,36.575,2011.07905522,727.75331654,2,0,1.58841075,11521.0,3944.0
732,36.625,2012.48821018,728.84670692,2,0,1.58715974,11511.75,3944.0
733,36.675,2013.91175878,730.01706123,2,0,1.586008,11503.75,3941.0
734,36.725,2015.33519053,731.19663702,2,0,1.58502923,11499.5,3941.0
735,36.775,2016.79601715,732.91836202,2,0,1.63911639,11493.5,3940.0
736,36.825,2018.16346909,735.90885542,2,0,1.71946903,11489.0,3939.0
737,36.875,2019.21627289,738.87056681,2,0,1.67776087,11479.5,3938.0
738,36.925,2020.08426259,741.7352742,2,0,1.63493263,11471.5,3939.0
739,36.975,2020.90584301,743.78106083,2,0,1.59886194,11464.5,3937.0
740,37.025,2021.8165969,744.44930141,2,0,1.60327469,11458.5,3937.0
741,37.075,2022.82753957,745.41166267,2,0,1.61317485,11452.0,3936.0
742,37.125,2023.84553184,746.45851499,2,0,1.6231031,11448.25,3935.0
743,37.175,2024.8677715,747.51284769,2,0,1.63303134,11439.75,3936.0
744,37.225,2025.88426154,748.59748135,2,0,1.64293383,11433.5,3936.0
745,37.275,2026.98787067,749.74054834,2,0,1.65575354,11425.75,3937.0
746,37.325,2028.08175742,751.07366364,2,0,1.64845771,11421.75,3934.0
747,37.375,2029.09328185,752.39140928,2,0,1.62412247,11412.25,3929.0
748,37.425,2030.05146134,753.49746576,2,0,1.62735967,11404.5,3929.0
749,37.475,2030.22291365,754.68821363,2,0,1.6302815,11400.25,3931.0
750,37.525,2029.5966853,755.39913916,2,0,1.63157998,11396.0,3929.0
751,37.575,2030.24163937,746.22327081,2,0,1.63336341,11387.75,3928.0
752,37.625,2031.59477281,746.20922156,2,0,1.64414976,11376.5,3924.0
753,37.675,2033.05556534,745.94439417,2,0,1.66010563,11368.0,3925.0
754,37.725,2034.74316108,744.35376059,2,0,1.67588803,11362.5,3923.0
755,37.775,2036.70523047,742.51437488,2,0,1.69159253,11354.0,3922.0
756,37.825,2038.79898633,740.88343741,2,0,1.68894189,11353.5,3922.0
757,37.875,2040.78057026,740.02569866,2,0,1.65507614,11350.75,3922.0
758,37.925,2042.89955197,740.00398941,2,0,1.64395415,11338.25,3922.0
759,37.975,2045.17644736,740.39682575,2,0,1.64224889,11332.25,3921.0
760,38.025,2047.4504079,740.7407264,2,0,1.64534725,11324.0,3922.0
761,38.075,2049.72602963,741.12216254,2,0,1.64273038,11316.0,3921.0
762,38.125,2052.01145774,741.52564189,2,0,1.63970487,11309.25,3921.0
763,38.175,2054.30816442,741.96032387,2,0,1.63710111,11302.5,3921.0
764,38.225,2056.64226065,742.41667276,2,0,1.63481124,11297.75,3920.0
765,38.275,2059.02624834,742.94239942,2,0,1.6321114,11293.25,3919.0
766,38.325,2061.43185869,743.54006852,2,0,1.62497499,11280.25,3911.0
767,38.375,2063.85504465,744.18577521,2,0,1.62115285,11273.0,3906.0
768,38.425,2066.27342348,744.8468097,2,0,1.61905689,11265.25,3907.0
769,38.475,2068.68409881,745.50735359,2,0,1.61853989,11259.25,3902.0
770,38.525,2071.08878135,746.17102247,2,0,1.6177422,11250.5,3900.0
771,38.575,2073.47834881,746.84405828,2,0,1.61703085,11246.25,3898.0
772,38.625,2075.83991108,747.56393098,2,0,1.59908392,11242.0,3896.0
773,38.675,2078.1466272,748.30172929,2,0,1.58864186,11235.75,3896.0
774,38.725,2080.39474649,749.02953281,2,0,1.57746374,11225.5,3895.0
775,38.775,2082.58577254,749.63281505,2,0,1.55708359,11220.25,3896.0
776,38.825,2084.74173872,750.25037558,2,0,1.53694812,11210.0,3893.0
777,38.875,2086.86671014,750.88672577,2,0,1.52237816,11203.75,3892.0
778,38.925,2088.96554354,751.54376945,2,0,1.5117747,11198.0,3889.0
779,38.975,2091.04196084,752.35784811,2,0,1.50206535,11191.25,3886.0
780,39.025,2093.09880521,753.26901891,2,0,1.50078457,11185.5,3882.0
781,39.075,2095.18012229,754.21318772,2,0,1.56729087,11180.0,3881.0
782,39.125,2097.24080055,755.20574627,2,0,1.57202392,11171.0,3881.0
783,39.175,2099.23423408,756.27773242,2,0,1.57040353,11162.5,3883.0
784,39.225,2101.04434367,757.20676268,2,0,1.56725758,11156.75,3881.0
785,39.275,2102.77125874,757.93735783,2,0,1.56432276,11149.5,3879.0
786,39.325,2104.41744628,758.89132577,2,0,1.58471406,11142.75,3872.0
787,39.375,2106.09694893,759.89152485,2,0,1.64355417,11138.25,3873.0
788,39.425,2107.82543945,760.89163256,2,0,1.7013284,11129.0,3866.0
789,39.475,2109.58814635,761.93471376,2,0,1.74542794,11122.5,3866.0
790,39.525,2111.43226196,763.07439709,2,0,1.84526995,11114.75,3865.0
791,39.575,2113.34975469,763.50827896,1,0,1.94381738,11105.5,3863.0
792,39.625,2114.79057927,763.19232526,1,0,1.54718984,11101.0,3861.0
793,39.675,2116.06526778,763.48774085,1,0,1.4913152,11094.25,3859.0
794,39.725,2117.25525149,763.81212776,1,0,1.48182254,11084.75,3854.0
795,39.775,2118.37339898,764.18240851,1,0,1.47362832,11084.5,3853.0
796,39.825,2119.40490176,764.64935024,1,0,1.46447233,11075.5,3851.0
797,39.875,2120.35436459,765.16293331,1,0,1.45942471,11066.25,3850.0
798,39.925,2121.24327597,765.69350231,1,0,1.45526075,11061.75,3849.0
799,39.975,2121.99537167,766.27287375,1,0,1.44873246,11052.0,3845.0
800,40.025,2122.6339581,767.06137137,1,0,1.44288944,11048.75,3846.0
801,40.075,2123.25589579,767.9015203,1,0,1.4391199,11043.75,3843.0
802,40.125,2123.86140923,768.40939394,1,0,1.43714343,11037.75,3843.0
803,40.175,2124.39523693,768.67521405,1,0,1.43432277,11034.5,3842.0
804,40.225,2124.85758857,768.94746711,1,0,1.4320061,11025.0,3837.0
805,40.275,2125.17462828,769.16719327,1,0,1.42947343,11017.25,3836.0
806,40.325,2125.42189628,769.26308595,1,0,1.42011285,11008.25,3834.0
807,40.375,2125.66601184,769.48836725,1,0,1.40848968,11001.5,3831.0
808,40.425,2125.87346067,769.73374968,1,0,1.39358434,10994.75,3826.0
809,40.475,2126.0380167,769.98985296,1,0,1.37915712,10990.5,3822.0
810,40.525,2126.15791021,770.28259324,1,0,1.37209357,10988.0,3821.0
811,40.575,2126.21221629,770.59547039,1,0,1.36884104,10984.5,3821.0
812,40.625,2126.12166137,770.81781629,1,0,1.36724725,10978.25,3819.0
813,40.675,2125.91544049,771.06620034,1,0,1.3656205,10968.75,3818.0
814,40.725,2125.67251683,771.28954782,1,0,1.35160937,10961.75,3816.0
815,40.775,2125.39161038,771.52406309,1,0,1.34938558,10955.0,3812.0
816,40.825,2125.07931129,771.7675074,1,0,1.34817733,10945.25,3809.0
817,40.875,2124.75880903,772.28426595,1,0,1.37558861,10942.5,3808.0
818,40.925,2124.39881205,772.68900369,1,0,1.3923915,10936.5,3806.0
819,40.975,2123.85095459,772.98532333,1,0,1.33097359,10929.75,3804.0
820,41.025,2123.22242381,773.305466,1,0,1.32940061,10925.0,3803.0
821,41.075,2122.52448254,773.59577933,1,0,1.32166575,10920.0,3799.0
822,41.125,2121.75318899,773.82930983,1,0,1.31357014,10918.5,3798.0
823,41.175,2120.92858366,774.07559976,1,0,1.30752249,10912.0,3798.0
824,41.225,2120.0261649,774.34146625,1,0,1.28634395,10898.75,3797.0
825,41.275,2119.04681075,774.62397893,1,0,1.26762861,10894.0,3794.0
826,41.325,2118.02214195,774.91708239,1,0,1.26318386,10889.25,3791.0
827,41.375,2116.94682089,775.21201894,1,0,1.2586692,10884.5,3789.0
828,41.425,2115.82343651,775.52645306,1,0,1.25453072,10879.25,3788.0
829,41.475,2114.66230091,775.82919024,1,0,1.25065181,10872.25,3785.0
830,41.525,2113.43217152,776.09372655,1,0,1.24660217,10871.0,3782.0
831,41.575,2112.10352095,776.38536381,1,0,1.24008721,10864.75,3777.0
832,41.625,2110.63157307,776.70450552,1,0,1.18379412,10853.0,3774.0
833,41.675,2109.76956817,785.14009017,3,2,1.87077296,10845.75,3782.0
834,41.725,2111.5808916,792.27721728,2,0,4.18492358,10836.5,3779.0
835,41.775,2113.44317236,796.81499937,2,0,3.96882204,10830.5,3782.0
836,41.825,2115.50218037,800.95741268,2,0,4.03070724,10821.25,3782.0
837,41.875,2117.73822219,804.62022321,2,0,4.0795974,10809.75,3777.0
838,41.925,2119.77740932,807.33533915,2,0,3.81974075,10802.75,3771.0
839,41.975,2120.94267205,809.87831645,2,0,2.98414901,10789.5,3760.0
840,42.025,2121.61768467,812.81424445,2,0,2.61703353,10781.75,3763.0
841,42.075,2122.21439064,816.36561467,2,0,2.74024868,10771.75,3758.0
842,42.125,2122.46067783,817.63952058,4,0,2.843847,10763.0,3752.0
843,42.175,2122.88996806,817.58988841,4,0,2.65532123,10758.25,3745.0
844,42.225,2123.33010895,817.73195588,4,0,2.46904008,10748.75,3747.0
845,42.275,2123.96227822,817.92440207,4,0,2.491439,10744.0,3745.0
846,42.325,2124.83884979,818.30177582,4,0,2.55411036,10735.25,3741.0
847,42.375,2125.97637911,818.77297974,4,0,2.61657994,10726.25,3735.0
848,42.425,2126.90649957,819.44921859,4,0,2.27879152,10713.75,3721.0
849,42.475,2127.45228385,819.88532263,4,0,1.8818128,10704.0,3710.0
850,42.525,2127.94170745,820.19014428,4,0,1.8406017,10697.0,3705.0
851,42.575,2128.41741818,820.43727891,4,0,1.82803886,10690.5,3703.0
852,42.625,2128.90697225,820.69060129,4,0,1.84585397,10685.25,3699.0
853,42.675,2129.45186432,820.94411274,4,0,1.86629398,10680.0,3697.0
854,42.725,2129.98061262,821.09105062,4,0,1.783248,10676.25,3686.0
855,42.775,2130.34123531,821.10661228,4,0,1.57312481,10666.25,3682.0
856,42.825,2130.41720062,821.13581054,4,0,1.51085212,10662.75,3681.0
857,42.875,2130.35336172,821.11957243,4,0,1.48518204,10653.0,3677.0
858,42.925,2130.24473492,820.99876623,4,0,1.43795833,10644.5,3675.0
859,42.975,2130.01687192,820.86542504,4,0,1.34907768,10640.25,3672.0
860,43.025,2129.74126425,820.81092406,4,0,1.32143371,10634.5,3669.0
861,43.075,2129.52694824,820.75476822,4,0,1.38033176,10630.25,3664.0
862,43.125,2129.37415007,820.75907387,4,0,1.4427131,10626.25,3664.0
863,43.175,2129.30524192,820.86527311,4,0,1.50526017,10618.75,3661.0
864,43.225,2129.31928924,821.04159927,4,0,1.5582235,10613.75,3658.0
865,43.275,2129.3115431,821.1901968,4,0,1.59300939,10610.5,3659.0
866,43.325,2129.14532332,821.31941181,4,0,1.46218418,10600.75,3653.0
867,43.375,2128.84340027,821.36517063,4,0,1.40465241,10595.0,3650.0
868,43.425,2128.48936569,821.41106504,4,0,1.36711123,10585.75,3649.0
869,43.475,2128.09480251,821.43767022,4,0,1.33334824,10582.0,3649.0
870,43.525,2127.68697274,821.43126875,4,0,1.32075366,10575.0,3648.0
871,43.575,2127.27947253,821.41774668,4,0,1.31264412,10570.0,3645.0
872,43.625,2126.89730344,821.3966591,4,0,1.32118992,10567.0,3646.0
873,43.675,2126.55218408,821.38244003,4,0,1.33284942,10564.25,3646.0
874,43.725,2126.25277087,821.38048619,4,0,1.3460224,10557.0,3643.0
875,43.775,2125.99760009,821.43061519,4,0,1.36713921,10548.5,3638.0
876,43.825,2125.75429668,821.53768472,4,0,1.36220735,10539.75,3636.0
877,43.875,2125.48484615,821.61501806,4,0,1.32730598,10533.0,3636.0
878,43.925,2125.24806679,821.64533119,4,0,1.32864427,10526.75,3631.0
879,43.975,2125.06828171,821.71118303,4,0,1.34442872,10521.0,3629.0
880,44.025,2124.95171274,821.80395065,4,0,1.35492841,10514.75,3628.0
881,44.075,2124.9158562,822.13175089,4,0,1.38543135,10514.0,3628.0
882,44.125,2125.02834868,822.36858695,4,0,1.45033081,10506.25,3622.0
883,44.175,2125.2490668,822.55035886,4,0,1.46091545,10499.25,3623.0
884,44.225,2125.43602675,823.02440739,4,0,1.39896598,10492.0,3619.0
885,44.275,2125.54920183,823.16991291,4,0,1.36592899,10485.75,3620.0
886,44.325,2125.68324292,823.32348088,4,0,1.37205687,10479.5,3615.0
887,44.375,2125.87035244,823.50518724,4,0,1.38504002,10469.0,3614.0
888,44.425,2126.1157008,823.69905681,4,0,1.39294524,10465.75,3614.0
889,44.475,2126.42165458,823.88045121,4,0,1.39621797,10461.75,3609.0
890,44.525,2126.75319975,824.05183716,4,0,1.3981902,10456.5,3604.0
891,44.575,2127.03415166,824.21956894,4,0,1.36748187,10448.0,3607.0
892,44.625,2127.28654162,824.36995473,4,0,1.35485428,10441.5,3604.0
893,44.675,2127.55050414,824.43042063,4,0,1.34238677,10439.25,3604.0
894,44.725,2127.80391666,824.62042974,4,0,1.33825327,10430.75,3598.0
895,44.775,2127.97815713,824.65365255,4,0,1.33838928,10423.75,3598.0
896,44.825,2128.17251708,824.69305279,4,0,1.34895428,10420.5,3595.0
897,44.875,2128.44559762,824.78758288,4,0,1.36094152,10412.5,3590.0
898,44.925,2128.80831762,824.98432695,4,0,1.35234419,10406.0,3589.0
899,44.975,2129.24100655,825.19189423,4,0,1.35296294,10399.5,3591.0
900,45.025,2129.7254324,825.334589,4,0,1.35550843,10394.0,3588.0
901,45.075,2130.21657539,825.41780908,4,0,1.34709487,10389.5,3584.0
902,45.125,2130.67724498,825.50768661,4,0,1.30746966,10383.5,3580.0
903,45.175,2131.09913939,825.62353819,4,0,1.2625125,10374.75,3581.0
904,45.225,2131.53760234,825.68097036,4,0,1.24446175,10369.25,3576.0
905,45.275,2131.92580881,825.19592795,4,0,1.28541025,10365.75,3577.0
906,45.325,2132.36294984,825.04277253,4,0,1.32511911,10355.0,3575.0
907,45.375,2132.99957884,825.13584032,4,0,1.36529384,10348.0,3578.0
908,45.425,2133.75100952,825.23991175,4,0,1.3972178,10340.5,3568.0
909,45.475,2134.58319078,825.33629752,4,0,1.3971281,10334.75,3568.0
910,45.525,2135.46407734,825.56657663,4,0,1.40751111,10330.75,3566.0
911,45.575,2136.3246206,825.7851679,4,0,1.36688563,10325.75,3565.0
912,45.625,2137.1091986,825.97167158,4,0,1.2912,10322.5,3565.0
913,45.675,2137.90017293,826.10145392,4,0,1.27423051,10314.75,3562.0
914,45.725,2138.74313453,826.21718403,4,0,1.30862178,10308.25,3563.0
915,45.775,2139.65275094,826.32626239,4,0,1.36649963,10301.25,3562.0
916,45.825,2140.60064952,826.50328079,4,0,1.38966094,10291.75,3559.0
917,45.875,2141.59179644,826.69611279,4,0,1.40865973,10284.25,3556.0
918,45.925,2142.66387196,826.97396223,4,0,1.41668368,10276.75,3556.0
919,45.975,2143.78211648,827.30070796,4,0,1.43077505,10274.25,3556.0
920,46.025,2144.84484465,827.75693408,4,0,1.38345395,10268.0,3552.0
921,46.075,2145.85827162,828.15833228,4,0,1.33002395,10262.5,3551.0
922,46.125,2146.82047226,828.65144501,4,0,1.32941389,10259.0,3551.0
923,46.175,2147.7801507,827.30555856,4,0,1.33580491,10252.5,3553.0
924,46.225,2148.9183536,827.3839324,4,0,1.35163932,10245.5,3549.0
925,46.275,2150.11238554,827.6497317,4,0,1.35856334,10235.25,3543.0
926,46.325,2151.34216732,828.12129174,4,0,1.37783855,10229.75,3541.0
927,46.375,2152.622929,828.68853475,4,0,1.40452087,10223.75,3539.0
928,46.425,2154.06661649,829.56341689,4,0,1.54212026,10215.25,3536.0
929,46.475,2155.39237528,830.33566216,4,0,1.38443089,10212.25,3534.0
930,46.525,2156.66755759,830.60931978,4,0,1.30967188,10206.25,3533.0
931,46.575,2157.94301049,830.93270922,4,0,1.31641504,10198.5,3532.0
932,46.625,2159.34183231,831.06018405,4,0,1.43265368,10191.0,3532.0
933,46.675,2160.74211889,831.13356017,4,0,1.41868039,10187.5,3533.0
934,46.725,2162.1002798,831.14724493,4,0,1.33483792,10177.5,3526.0
935,46.775,2163.48750961,831.21713433,4,0,1.29989272,10172.5,3525.0
936,46.825,2164.93479706,831.30074891,4,0,1.29320888,10168.0,3525.0
937,46.875,2166.45382591,831.41754109,4,0,1.31660033,10161.0,3526.0
938,46.925,2168.06521531,831.52665683,4,0,1.34199169,10155.75,3527.0
939,46.975,2169.75787893,831.66397351,4,0,1.35718295,10147.75,3525.0
940,47.025,2171.51564872,831.84579975,4,0,1.36379811,10142.0,3518.0
941,47.075,2173.26601629,832.04527662,4,0,1.32763654,10134.5,3517.0
942,47.125,2175.04236272,832.30495115,4,0,1.3370917,10127.75,3512.0
943,47.175,2176.85226251,832.58416075,4,0,1.36661119,10118.0,3511.0
944,47.225,2178.72751761,832.88509075,4,0,1.38818414,10115.75,3510.0
945,47.275,2180.6826181,833.22696632,4,0,1.41165943,10111.0,3511.0
946,47.325,2182.72245157,833.67010923,4,0,1.44426887,10102.75,3508.0
947,47.375,2184.87501683,834.23784808,4,0,1.50615615,10098.5,3512.0
948,47.425,2187.15448367,834.78416021,4,0,1.57116857,10092.25,3506.0
949,47.475,2189.46378766,835.49484102,4,0,1.54473146,10084.75,3507.0
950,47.525,2191.87839971,836.40902941,4,0,1.62946067,10073.0,3504.0
951,47.575,2194.2711093,837.06862445,4,0,1.56804239,10068.5,3503.0
952,47.625,2196.75959561,837.73420794,4,0,1.59298716,10062.75,3505.0
953,47.675,2199.32011272,838.43024367,4,0,1.60754733,10056.5,3503.0
954,47.725,2201.97630416,839.18137804,4,0,1.63981656,10048.0,3497.0
955,47.775,2204.7604223,840.15796821,4,0,1.68739659,10043.5,3499.0
956,47.825,2207.73518973,841.29060871,4,0,1.760079,10035.25,3499.0
957,47.875,2211.1349256,855.45099581,5,1,2.07983164,10023.5,3511.0
958,47.925,2215.65270062,856.95183098,5,0,2.4817351,10011.75,3501.0
959,47.975,2220.5451834,859.11855891,4,0,2.77625784,10005.5,3495.0
960,48.025,2225.23720923,858.14358428,4,0,2.47038468,10001.25,3496.0
961,48.075,2229.5107446,857.82141047,4,0,2.23272709,9989.0,3495.0
962,48.125,2234.34279931,861.76786451,3,0,2.60851849,9978.25,3494.0
963,48.175,2239.85518537,861.81417854,2,0,2.95634994,9969.5,3488.0
964,48.225,2244.94178513,860.41611013,2,0,2.45041587,9961.75,3477.0
965,48.275,2249.65136227,859.43337081,2,0,2.08651154,9950.25,3475.0
966,48.325,2254.21423656,859.14509257,2,0,1.96287646,9944.25,3474.0
967,48.375,2258.68906516,859.1993487,2,0,1.9236019,9937.75,3472.0
968,48.425,2263.14045583,859.19722908,2,0,1.95077875,9933.0,3472.0
969,48.475,2267.43076763,859.06114541,2,0,1.84718986,9927.0,3468.0
970,48.525,2271.64658562,858.93818057,2,0,1.81585318,9916.75,3462.0
971,48.575,2275.7667074,858.85780573,2,0,1.7539375,9908.25,3463.0
972,48.625,2279.81258817,858.87249063,2,0,1.70395801,9906.0,3462.0
973,48.675,2283.77500468,859.00491038,2,0,1.64767306,9895.75,3458.0
974,48.725,2287.5749489,859.27685251,2,0,1.51096981,9886.25,3456.0
975,48.775,2291.21193688,859.54011801,2,0,1.37972043,9879.25,3453.0
976,48.825,2294.76072688,859.86483772,2,0,1.32962991,9876.0,3451.0
977,48.875,2298.21660088,860.24084991,2,0,1.34432249,9869.5,3450.0
978,48.925,2301.6573183,860.68235722,2,0,1.34560755,9861.75,3449.0
979,48.975,2305.03412603,861.21227979,2,0,1.35210843,9854.75,3449.0
980,49.025,2308.37696172,861.74051846,2,0,1.35991791,9846.25,3446.0
981,49.075,2311.67733512,862.29434509,2,0,1.35136987,9840.25,3446.0
982,49.125,2314.92222327,862.88181266,2,0,1.34667399,9836.0,3449.0
983,49.175,2318.13374129,863.52404457,3,1,1.33181805,9829.25,3442.0
984,49.225,2321.29292392,864.31924965,3,0,1.30351072,9823.5,3442.0
985,49.275,2324.34914428,865.17191183,3,0,1.28799167,9815.25,3440.0
986,49.325,2327.3751153,866.06738962,3,0,1.26720434,9805.0,3440.0
987,49.375,2330.38907237,866.99523341,3,0,1.26969418,9799.0,3436.0
988,49.425,2333.37828718,867.96586975,3,0,1.2914366,9793.75,3435.0
989,49.475,2336.30459247,868.9205183,3,0,1.2955319,9787.5,3435.0
990,49.525,2339.21140852,869.87774681,3,0,1.28265046,9780.25,3433.0
991,49.575,2342.09483911,870.82490569,3,0,1.27039553,9773.75,3429.0
992,49.625,2344.980156,871.77299145,3,0,1.26090053,9768.25,3429.0
993,49.675,2347.92888508,873.32176544,4,1,1.29818029,9765.25,3428.0
994,49.725,2350.89840572,876.73210167,3,0,1.35281526,9755.5,3427.0
995,49.775,2353.57946157,879.81818115,4,1,1.36684521,9746.25,3420.0
996,49.825,2356.50119742,881.05454115,4,0,1.398872,9734.5,3420.0
997,49.875,2359.50154483,881.6885949,3,0,1.38996147,9730.5,3416.0
998,49.925,2362.44016849,882.63319179,3,0,1.34812265,9727.0,3415.0
999,49.975,2365.26420634,883.80834959,3,0,1.28775457,9724.25,3415.0
1000,50.025,2368.00283876,885.14098769,3,0,1.27825274,9712.25,3413.0
1001,50.075,2370.6923701,886.58943906,3,0,1.27089567,9706.75,3412.0
1002,50.125,2373.37425958,888.06058188,3,0,1.27733896,9697.25,3412.0
1003,50.175,2376.07306374,889.354135,3,0,1.32072776,9690.25,3411.0
1004,50.225,2378.75096342,890.53808342,3,0,1.33616061,9683.0,3412.0
1005,50.275,2381.33908388,891.80503947,3,0,1.34008562,9676.5,3412.0
1006,50.325,2383.83983033,893.10349661,3,0,1.33783748,9670.5,3408.0
1007,50.375,2386.31510374,894.5240394,3,0,1.37211278,9667.25,3408.0
1008,50.425,2388.79517636,895.99568351,3,0,1.40470329,9658.0,3408.0
1009,50.475,2391.26004149,897.46976956,3,0,1.41655212,9654.5,3409.0
1010,50.525,2393.69573194,899.46147824,4,1,1.42231866,9645.5,3408.0
1011,50.575,2396.11495004,901.75269133,4,0,1.43799811,9636.25,3410.0
1012,50.625,2398.43796336,903.28972965,3,0,1.40931883,9626.25,3405.0
1013,50.675,2400.6599101,903.43475182,3,0,1.39554225,9619.75,3405.0
1014,50.725,2402.90172373,903.52144609,3,0,1.40152935,9613.5,3403.0
1015,50.775,2405.1112184,903.05189694,3,0,1.41754307,9609.75,3405.0
1016,50.825,2407.36033899,902.84684063,3,0,1.44516076,9602.5,3402.0
1017,50.875,2409.79696943,903.1758729,3,0,1.50585562,9597.0,3402.0
1018,50.925,2412.41867173,903.68416439,3,0,1.53975694,9587.25,3397.0
1019,50.975,2415.03195644,904.35722034,3,0,1.55539107,9575.25,3396.0
1020,51.025,2417.76409869,906.26030081,4,1,1.6517816,9568.25,3396.0
1021,51.075,2420.56793497,907.66686785,3,0,1.63244677,9559.0,3393.0
1022,51.125,2423.25530881,910.96276924,3,0,1.54255036,9554.25,3393.0
1023,51.175,2425.72469551,911.92325883,4,1,1.53782562,9544.0,3387.0
1024,51.225,2428.06651046,912.17231057,3,0,1.52351552,9536.5,3384.0
1025,51.275,2430.58683845,912.15932753,3,0,1.49166877,9526.0,3381.0
1026,51.325,2433.23004421,912.33278063,3,0,1.47982254,9518.0,3377.0
1027,51.375,2435.93405665,912.85635249,3,0,1.45938924,9506.5,3375.0
1028,51.425,2438.63697442,913.45156367,3,0,1.45521098,9504.75,3376.0
1029,51.475,2441.34016254,914.09254296,3,0,1.48236911,9498.5,3375.0
1030,51.525,2443.96067521,914.78298008,3,0,1.52807569,9487.25,3371.0
1031,51.575,2446.46871003,915.38766069,3,0,1.47855786,9485.5,3372.0
1032,51.625,2449.1861225,915.65687246,3,0,1.72333898,9472.75,3373.0
1033,51.675,2451.47551592,915.21171226,3,0,1.43975426,9463.25,3372.0
1034,51.725,2453.88774156,915.59758818,3,0,1.42188002,9456.75,3370.0
1035,51.775,2456.48249831,916.34955934,3,0,1.48611135,9446.5,3369.0
1036,51.825,2459.11946749,917.18719371,3,0,1.513791,9442.0,3363.0
1037,51.875,2461.78313993,918.46693124,4,1,1.521858,9431.5,3362.0
1038,51.925,2464.504768,920.00791527,4,0,1.54635235,9425.25,3362.0
1039,51.975,2467.26435284,921.32238272,3,0,1.54435719,9414.75,3361.0
1040,52.025,2469.95724359,921.87722378,3,0,1.51726154,9410.75,3359.0
1041,52.075,2472.55426489,922.22402479,3,0,1.48113633,9402.75,3360.0
1042,52.125,2475.01563476,922.30500811,3,0,1.45757069,9393.25,3357.0
1043,52.175,2477.39374104,921.94182564,3,0,1.46196234,9387.0,3354.0
1044,52.225,2479.94379668,922.20981228,3,0,1.46246612,9376.5,3355.0
1045,52.275,2482.62856772,922.86625175,3,0,1.5067365,9371.25,3356.0
1046,52.325,2485.38484682,923.71459839,3,0,1.55403944,9359.0,3355.0
1047,52.375,2488.2105343,925.47634524,4,1,1.60105831,9350.0,3352.0
1048,52.425,2491.25726247,927.14910373,3,0,1.76685882,9340.75,3349.0
1049,52.475,2494.17061838,928.11396155,3,0,1.590758,9334.75,3347.0
1050,52.525,2497.06167245,929.52514438,4,1,1.52254589,9324.5,3341.0
1051,52.575,2499.92623823,931.8415091,3,0,1.52111649,9318.25,3341.0
1052,52.625,2502.94747428,932.18525989,3,0,1.56352936,9309.0,3340.0
1053,52.675,2506.08721087,932.58457803,3,0,1.66122654,9300.25,3337.0
1054,52.725,2509.15889921,933.03393623,3,0,1.56711528,9289.5,3337.0
1055,52.775,2512.29656725,933.53720447,3,0,1.5679106,9280.5,3332.0
1056,52.825,2515.46135839,934.08402808,3,0,1.57192145,9275.75,3331.0
1057,52.875,2518.60074484,934.69329809,3,0,1.53906833,9262.75,3330.0
1058,52.925,2521.73168603,935.32530928,3,0,1.52261118,9255.5,3327.0
1059,52.975,2524.89754755,936.47104226,4,1,1.52360866,9247.75,3325.0
1060,53.025,2528.15840663,937.77684356,3,0,1.58184477,9240.0,3322.0
1061,53.075,2531.45096907,938.43944406,3,0,1.57110522,9232.25,3318.0
1062,53.125,2534.79918771,939.10747774,3,0,1.60043976,9217.25,3319.0
1063,53.175,2538.1940305,939.85938643,3,0,1.62061329,9209.5,3316.0
1064,53.225,2541.64665853,940.67202108,3,0,1.64603715,9201.0,3311.0
1065,53.275,2545.14549209,941.51775177,3,0,1.66186628,9194.75,3308.0
1066,53.325,2548.67119501,942.3925559,3,0,1.67871404,9188.0,3307.0
1067,53.375,2552.20887853,943.43908623,3,0,1.71416984,9179.75,3307.0
1068,53.425,2555.71464989,944.78315717,4,1,1.68134934,9165.75,3304.0
1069,53.475,2559.22239308,946.47672134,4,0,1.6759768,9155.0,3304.0
1070,53.525,2562.70646808,946.95896027,3,0,1.67113616,9144.75,3302.0
1071,53.575,2566.06973618,947.00413389,3,0,1.64541384,9136.25,3299.0
1072,53.625,2569.15447865,946.79225333,3,0,1.61883739,9129.25,3296.0
1073,53.675,2572.53198441,947.29959164,3,0,1.60370899,9120.25,3294.0
1074,53.725,2575.90857166,948.20713293,4,1,1.5816672,9112.25,3288.0
1075,53.775,2579.29563714,949.54484916,4,0,1.58139642,9103.0,3289.0
1076,53.825,2582.68446544,950.93069695,4,0,1.57601419,9095.25,3286.0
1077,53.875,2586.02111629,952.06401644,4,1,1.56899423,9087.75,3279.0
1078,53.925,2589.51922481,953.94578682,4,1,1.89401146,9072.5,3276.0
1079,53.975,2592.66941582,954.66012216,3,0,1.60274384,9066.0,3274.0
1080,54.025,2595.82005859,955.38908272,3,0,1.60079778,9058.25,3273.0
1081,54.075,2598.94749622,956.22856883,3,0,1.60246224,9046.25,3269.0
1082,54.125,2602.0766243,957.39345966,3,0,1.62691107,9043.0,3269.0
1083,54.175,2605.22365242,958.60678353,3,0,1.62639996,9030.0,3266.0
1084,54.225,2608.41088525,960.76685868,3,0,1.66127799,9021.5,3266.0
1085,54.275,2611.72534275,963.90462535,3,0,1.75767435,9008.5,3269.0
1086,54.325,2615.37299879,968.54098522,2,0,2.02634821,8996.25,3268.0
1087,54.375,2618.91408996,970.23209721,2,0,2.03662494,8988.25,3265.0
1088,54.425,2622.36656521,969.96403576,2,0,1.95026465,8980.25,3261.0
1089,54.475,2625.58124724,968.91431584,2,0,1.65887607,8969.25,3256.0
1090,54.525,2628.63279105,968.71132078,2,0,1.5662262,8964.25,3253.0
1091,54.575,2631.6075951,968.55660491,2,0,1.53587175,8955.25,3251.0
1092,54.625,2634.49472167,968.41381596,2,0,1.51213511,8942.0,3238.0
1093,54.675,2637.28619698,968.27912733,2,0,1.47225451,8936.25,3237.0
1094,54.725,2639.94306533,968.24992075,2,0,1.46885828,8927.5,3237.0
1095,54.775,2642.45231422,968.52157355,2,0,1.48658168,8911.75,3235.0
1096,54.825,2645.00209174,969.24502657,2,0,1.67053674,8909.75,3235.0
1097,54.875,2647.21004591,969.57168473,2,0,1.4729243,8898.5,3232.0
1098,54.925,2649.28696483,969.82861737,2,0,1.44407329,8888.25,3226.0
1099,54.975,2651.2618764,970.13776665,2,0,1.41492178,8879.25,3224.0
1100,55.025,2653.09696858,970.45832189,2,0,1.38716027,8867.75,3220.0
1101,55.075,2654.79112311,970.8384078,2,0,1.38040904,8862.25,3216.0
1102,55.125,2656.39129413,971.25366031,2,0,1.37787616,8856.25,3209.0
1103,55.175,2657.909131,971.56712926,2,0,1.39867254,8842.25,3207.0
1104,55.225,2659.5956474,972.95987702,2,0,1.71579267,8836.0,3204.0
1105,55.275,2660.80190565,972.70207446,2,0,1.39608162,8827.5,3205.0
1106,55.325,2661.7632229,971.35078027,2,0,1.36217992,8819.25,3205.0
1107,55.375,2662.75370507,970.95865567,2,0,1.38324205,8812.25,3204.0
1108,55.425,2663.64790467,970.99100142,2,0,1.40089103,8802.5,3198.0
1109,55.475,2664.49713257,971.04232856,2,0,1.39900391,8793.0,3193.0
1110,55.525,2665.30511153,971.09300346,2,0,1.38338317,8787.25,3192.0
1111,55.575,2666.22954756,973.12260531,3,1,1.55271853,8782.0,3192.0
1112,55.625,2667.11679258,973.09816873,2,0,1.47028185,8769.75,3192.0
1113,55.675,2667.83064867,973.23512649,2,0,1.36579674,8754.5,3192.0
1114,55.725,2668.44875219,973.57473467,2,0,1.35876564,8747.75,3189.0
1115,55.775,2668.95980874,973.65312048,2,0,1.37017603,8737.75,3188.0
1116,55.825,2669.38878277,973.73743842,2,0,1.42094038,8728.0,3188.0
1117,55.875,2669.74228271,973.8511963,2,0,1.48806129,8725.0,3186.0
1118,55.925,2669.8450518,973.93830704,2,0,1.3872169,8721.75,3183.0
1119,55.975,2669.76837648,974.10971867,2,0,1.35751948,8713.5,3177.0
1120,56.025,2669.70947155,975.70761553,3,1,1.46581824,8697.0,3176.0
1121,56.075,2669.69197501,975.55673366,2,0,1.51465485,8686.5,3171.0
1122,56.125,2669.51344558,977.26363025,2,0,1.48244943,8678.5,3169.0
1123,56.175,2669.10266505,978.71250497,3,1,1.38300803,8670.0,3167.0
1124,56.225,2668.31484441,980.85443666,3,0,1.31956004,8660.25,3163.0
1125,56.275,2667.58148498,980.76935405,2,0,1.28963818,8652.75,3158.0
1126,56.325,2666.80692165,980.46657143,2,0,1.28326765,8645.0,3157.0
1127,56.375,2666.02478078,980.17012087,2,0,1.30941803,8638.25,3153.0
1128,56.425,2665.22894422,979.91788547,2,0,1.31612321,8629.5,3152.0
1129,56.475,2664.36927087,979.70988852,2,0,1.31644351,8616.75,3151.0
1130,56.525,2663.5198236,980.7413028,3,1,1.41621124,8609.25,3151.0
1131,56.575,2662.57379543,981.35612472,3,0,1.37992159,8600.5,3151.0
1132,56.625,2661.51948051,981.61996208,3,1,1.35157156,8591.75,3150.0
1133,56.675,2660.42005254,982.45041458,3,0,1.37967975,8582.75,3144.0
1134,56.725,2659.28639881,982.87241376,2,0,1.40218607,8578.25,3144.0
1135,56.775,2658.09071087,982.67215716,2,0,1.40318885,8571.0,3144.0
1136,56.825,2656.66786335,982.41927412,2,0,1.39837012,8562.5,3142.0
1137,56.875,2655.17112505,981.51627275,2,0,1.38986171,8557.25,3142.0
1138,56.925,2653.66178127,981.23415424,2,0,1.37772797,8542.25,3136.0
1139,56.975,2652.03508259,981.11106334,2,0,1.35178896,8530.5,3133.0
1140,57.025,2650.41861636,983.00382529,3,1,1.46174764,8517.25,3132.0
1141,57.075,2648.9725221,983.68577017,3,0,1.65619818,8511.25,3133.0
1142,57.125,2647.27209424,984.50117064,3,0,1.49129157,8506.75,3128.0
1143,57.175,2645.43255644,984.84766432,2,0,1.42111469,8498.5,3128.0
1144,57.225,2643.33406585,984.85342157,2,0,1.26808998,8494.0,3126.0
1145,57.275,2641.12623146,984.98422928,2,0,1.30668665,8488.75,3124.0
1146,57.325,2638.70698279,985.2311923,2,0,1.33210374,8475.75,3122.0
1147,57.375,2635.99000927,985.6879504,2,0,1.34094935,8462.25,3120.0
1148,57.425,2633.31790003,988.4234344,3,1,1.4446456,8448.5,3114.0
1149,57.475,2631.02793944,991.37127904,5,2,1.65279814,8440.0,3110.0
1150,57.525,2628.96410027,993.22819099,6,1,1.67876058,8433.5,3112.0
1151,57.575,2627.01859435,993.5112091,7,1,1.71139233,8426.25,3114.0
1152,57.625,2625.1713821,991.79958831,5,0,1.70973831,8421.25,3114.0
1153,57.675,2623.35600217,991.91460026,5,0,1.67529773,8408.5,3099.0
1154,57.725,2621.60474417,992.05940208,5,0,1.70662897,8401.75,3094.0
1155,57.775,2619.9933262,992.96871235,6,1,1.79011009,8391.0,3097.0
1156,57.825,2618.83681988,998.14336915,9,3,2.10222012,8381.0,3097.0
1157,57.875,2618.3763211,1002.39323944,9,2,2.40706061,8369.25,3092.0
1158,57.925,2618.25030994,1008.84353219,11,3,2.47196813,8355.0,3086.0
1159,57.975,2618.59089132,1015.63357185,10,0,2.58046664,8337.75,3085.0
1160,58.025,2619.87636319,1022.02692816,6,0,3.19146972,8329.0,3081.0
1161,58.075,2620.56722477,1017.09129454,4,1,2.3428579,8322.0,3073.0
1162,58.125,2620.60074655,1015.51562143,3,0,1.89770901,8317.0,3071.0
1163,58.175,2620.56594496,1014.58578311,3,0,1.89039237,8300.25,3058.0
1164,58.225,2620.38544366,1013.73548477,3,0,1.8434869,8291.75,3054.0
1165,58.275,2620.09457137,1012.92964689,3,0,1.84023583,8285.0,3055.0
1166,58.325,2619.77579854,1012.28308905,3,0,1.81939152,8270.25,3050.0
1167,58.375,2619.38849016,1011.70402789,3,0,1.80173255,8262.75,3048.0
1168,58.425,2618.90196012,1011.13907294,3,0,1.79337561,8251.25,3045.0
1169,58.475,2618.32710488,1010.56983243,3,0,1.77824374,8244.75,3040.0
1170,58.525,2617.73298962,1009.94032687,3,0,1.7532033,8238.25,3035.0
1171,58.575,2617.04620573,1009.22762323,3,0,1.75086077,8226.75,3035.0
1172,58.625,2616.1370937,1007.87913195,3,0,1.74849074,8218.5,3031.0
1173,58.675,2615.14031939,1006.67644155,3,0,1.74581504,8202.5,3032.0
1174,58.725,2614.46316076,1005.92375906,3,0,1.74307468,8196.0,3030.0
1175,58.775,2613.89826701,1005.34011411,3,0,1.74073276,8187.0,3029.0
1176,58.825,2613.36034208,1004.94004063,3,0,1.73917851,8181.25,3028.0
1177,58.875,2612.82942658,1004.54241223,3,0,1.737709,8169.5,3026.0
1178,58.925,2612.29279859,1004.15191148,3,0,1.73650519,8160.0,3021.0
1179,58.975,2611.69652702,1002.77276778,3,0,1.73600924,8154.25,3019.0
1180,59.025,2611.01285495,1003.13521647,3,0,1.73645886,8146.75,3020.0
1181,59.075,2610.18060119,1002.26061647,4,0,1.73680663,8140.5,3015.0
1182,59.125,2609.04130312,999.34563214,4,0,1.73714831,8127.0,3016.0
1183,59.175,2608.42160905,997.69102919,3,0,1.73757358,8119.25,3015.0
1184,59.225,2607.87865204,997.30020017,3,0,1.73851567,8110.0,3013.0
1185,59.275,2607.36578964,996.90426458,3,0,1.73688718,8100.75,3010.0
1186,59.325,2606.87203695,996.51861483,3,0,1.73712808,8085.5,3006.0
1187,59.375,2606.38767934,996.16767773,3,0,1.73741858,8078.25,3006.0
1188,59.425,2605.9140456,995.88523934,3,0,1.73875508,8070.5,3005.0
1189,59.475,2605.41473555,995.54287383,3,0,1.74274295,8067.25,3003.0
1190,59.525,2604.81464889,995.28848923,3,0,1.74725587,8059.5,2999.0
1191,59.575,2604.39003959,995.19019568,3,0,1.7518323,8047.5,2995.0
1192,59.625,2603.9914969,995.12449328,3,0,1.75648295,8042.5,2994.0
1193,59.675,2603.60655944,995.07590468,3,0,1.76113365,8028.25,2994.0
1194,59.725,2603.26607549,995.05058918,3,0,1.76578607,8019.5,2993.0
1195,59.775,2602.969308,995.06165839,3,0,1.7693416,8008.5,2990.0
1196,59.825,2602.67470482,994.97611228,3,0,1.76156371,7999.75,2988.0
1197,59.875,2602.33271548,994.8270974,3,0,1.75678896,7994.25,2988.0
1198,59.925,2601.93510755,994.67888071,3,0,1.76375837,7984.5,2987.0
1199,59.975,2601.52546335,994.38754919,3,0,1.77073842,7975.25,2986.0
1200,60.025,2601.11224554,994.07145375,3,0,1.77802689,7968.25,2986.0
1201,60.075,2600.73101673,993.71700238,3,0,1.78545755,7956.75,2987.0
1202,60.125,2600.41696283,993.38012058,3,0,1.79240681,7945.75,2987.0
1203,60.175,2600.14011121,993.23995449,3,0,1.79847237,7938.0,2986.0
1204,60.225,2599.80906099,993.18178453,3,0,1.80450172,7929.25,2985.0
1205,60.275,2599.41909377,993.28233512,3,0,1.81061398,7918.25,2984.0
1206,60.325,2598.91736125,993.71706674,3,0,1.81672624,7914.75,2982.0
1207,60.375,2598.1793957,995.2274643,3,0,1.8228385,7910.75,2982.0
1208,60.425,2597.4036848,994.83742459,3,0,1.8289797,7901.25,2980.0
1209,60.475,2596.45871614,994.61161417,3,0,1.83372793,7886.0,2978.0
1210,60.525,2595.07323597,994.77953534,3,0,1.83204439,7872.5,2977.0
1211,60.575,2594.02321505,995.64646977,3,0,1.82983465,7862.25,2975.0
1212,60.625,2592.86317004,996.72472105,3,0,1.83088429,7852.25,2976.0
1213,60.675,2591.67260712,997.96586638,3,0,1.8688629,7847.75,2974.0
1214,60.725,2590.43512809,999.26373817,3,0,1.94353854,7839.0,2971.0
1215,60.775,2589.12493942,999.67374036,3,0,1.90836207,7832.75,2971.0
1216,60.825,2587.74287827,999.72554564,3,0,1.86682874,7824.5,2969.0
1217,60.875,2586.10990637,1000.05163644,3,0,1.86139375,7812.5,2967.0
1218,60.925,2584.12096782,1001.47722486,5,0,1.8669391,7803.75,2966.0
1219,60.975,2582.16245772,1000.2968035,5,0,1.87213557,7792.5,2963.0
1220,61.025,2580.39263062,999.34261724,5,0,1.87732739,7783.75,2963.0
1221,61.075,2578.64568316,998.41039019,5,0,1.88253606,7770.75,2961.0
1222,61.125,2576.85570035,997.80358715,5,0,1.89877967,7767.5,2959.0
1223,61.175,2574.7534466,997.53157578,5,0,1.9058047,7760.0,2957.0
1224,61.225,2572.16544322,997.26547946,5,0,1.91258656,7755.5,2954.0
1225,61.275,2568.92814969,996.87195974,5,0,1.90422306,7745.75,2953.0
1226,61.325,2565.40643751,996.40102334,5,0,1.90933487,7732.0,2952.0
1227,61.375,2561.84211401,995.85173498,5,0,1.91314596,7720.75,2950.0
1228,61.425,2558.21893913,995.32869022,5,0,1.91646743,7711.25,2948.0
1229,61.475,2554.55952215,994.7694835,5,0,1.91871648,7702.0,2947.0
1230,61.525,2550.86304784,994.22141631,5,0,1.92340111,7695.25,2946.0
1231,61.575,2547.24801974,993.82089235,5,0,1.99748354,7690.25,2944.0
1232,61.625,2543.60767085,993.59397755,5,0,2.01956559,7678.25,2942.0
1233,61.675,2539.80881171,993.43791025,5,0,2.01554424,7670.0,2942.0
1234,61.725,2535.6236806,993.28726272,5,0,2.020113,7668.0,2943.0
1235,61.775,2531.21751243,993.1631831,5,0,2.02372227,7650.75,2943.0
1236,61.825,2526.61822075,992.98171319,5,0,2.03117505,7643.75,2943.0
1237,61.875,2521.86646195,992.78963932,5,0,2.03056187,7636.0,2942.0
1238,61.925,2517.23051316,990.06695143,6,0,2.03685807,7620.25,2941.0
1239,61.975,2512.91084074,986.57301929,6,0,2.04181017,7613.0,2938.0
1240,62.025,2508.74067365,986.4454873,6,0,2.04689596,7604.0,2933.0
1241,62.075,2504.60851672,985.31429072,7,0,2.05806479,7602.0,2933.0
1242,62.125,2500.562348,984.09876017,7,0,2.06840619,7593.75,2932.0
1243,62.175,2496.51387597,982.84263606,6,0,2.07913266,7578.5,2931.0
1244,62.225,2492.50487779,980.6136112,6,0,2.09084185,7571.75,2931.0
1245,62.275,2488.64831205,979.88510859,6,0,2.11392794,7561.0,2932.0
1246,62.325,2484.87274115,979.5436395,6,0,2.12856698,7552.5,2930.0
1247,62.375,2481.181393,979.2540965,6,0,2.14561427,7543.0,2932.0
1248,62.425,2477.58360912,979.0148919,6,0,2.16254059,7526.75,2929.0
1249,62.475,2474.08895217,978.76434132,6,0,2.18507177,7523.75,2929.0
1250,62.525,2470.65323108,978.56814717,6,0,2.19333152,7514.0,2923.0
1251,62.575,2467.26708641,978.49252448,6,0,2.22322499,7507.75,2921.0
1252,62.625,2463.71599467,978.37108595,6,0,2.2760859,7494.25,2923.0
1253,62.675,2460.18339658,978.2940831,6,0,2.3599842,7481.0,2923.0
1254,62.725,2456.91099671,976.31402206,6,0,2.34123415,7473.75,2921.0
1255,62.775,2453.88297538,974.35442967,6,0,2.33651748,7464.25,2918.0
1256,62.825,2451.12976307,972.95153928,6,0,2.33585542,7451.25,2917.0
1257,62.875,2448.52118452,972.88502074,6,0,2.3186389,7442.0,2916.0
1258,62.925,2446.04195446,973.01805007,6,0,2.3099694,7435.0,2916.0
1259,62.975,2443.68842142,973.16532004,6,0,2.31135493,7422.0,2912.0
1260,63.025,2441.41216448,973.60685365,6,0,2.28602191,7416.75,2911.0
1261,63.075,2439.24476457,981.33163988,5,2,2.48956681,7402.5,2919.0
1262,63.125,2436.88020703,981.52355708,4,1,2.36649313,7394.25,2918.0
1263,63.175,2434.559906,981.08038355,3,0,2.3752699,7378.75,2917.0
1264,63.225,2432.2104802,980.61333495,3,0,2.38607505,7371.5,2914.0
1265,63.275,2429.87735436,980.2708848,3,0,2.41379091,7361.0,2918.0
1266,63.325,2427.6906787,980.23306767,3,0,2.44915702,7352.0,2918.0
1267,63.375,2425.50783109,980.31333413,3,0,2.48373892,7341.75,2915.0
1268,63.425,2423.0945253,980.50831545,3,0,2.49092815,7325.75,2907.0
1269,63.475,2420.47305961,980.89520633,3,0,2.47303957,7314.75,2902.0
1270,63.525,2417.57491295,981.32109527,3,0,2.42798996,7306.75,2903.0
1271,63.575,2414.40966457,981.89229179,3,0,2.43796615,7296.75,2905.0
1272,63.625,2411.20515268,975.65858918,4,0,2.4822265,7283.75,2905.0
1273,63.675,2409.05896681,958.46830431,4,0,2.52106567,7273.5,2904.0
1274,63.725,2407.98854465,952.51561764,4,0,2.54737803,7265.75,2902.0
1275,63.775,2407.42412224,950.67832259,4,0,2.57310957,7255.5,2899.0
1276,63.825,2407.07441355,950.51943457,4,0,2.59433758,7246.0,2899.0
1277,63.875,2406.79320948,950.92279054,4,0,2.59978757,7231.5,2900.0
1278,63.925,2406.4545349,951.28354353,4,0,2.60620816,7220.5,2897.0
1279,63.975,2405.97940068,953.53158393,5,1,2.58551258,7205.75,2898.0
1280,64.025,2405.54067212,955.24244788,4,0,2.65357991,7199.5,2900.0
1281,64.075,2405.1894976,951.05996076,4,0,2.60531713,7187.75,2901.0
1282,64.125,2405.01546152,946.54871824,4,0,2.6050808,7177.75,2896.0
1283,64.175,2405.09607605,943.27346372,4,0,2.59312372,7166.25,2895.0
1284,64.225,2405.5622799,940.66686527,4,0,2.58389273,7157.0,2892.0
1285,64.275,2406.28030769,940.80430635,4,0,2.57710831,7141.25,2885.0
1286,64.325,2406.93651947,941.02905685,4,0,2.57186102,7130.5,2885.0
1287,64.375,2407.54783027,941.38070684,4,0,2.57251236,7118.0,2879.0
1288,64.425,2408.1111096,941.93877708,4,0,2.58428995,7110.75,2876.0
1289,64.475,2408.5777113,942.36896085,4,0,2.61665293,7097.5,2874.0
1290,64.525,2408.89320718,940.68701351,4,0,2.64185361,7085.5,2865.0
1291,64.575,2409.34409051,937.93161473,4,0,2.66154308,7076.5,2862.0
1292,64.625,2410.15113728,935.19304839,4,0,2.68811768,7065.0,2860.0
1293,64.675,2411.30454974,933.74562336,4,0,2.7059051,7057.75,2865.0
1294,64.725,2412.56657566,933.93159374,4,0,2.72081271,7050.0,2858.0
1295,64.775,2413.89008194,934.15576485,4,0,2.72390313,7033.5,2856.0
1296,64.825,2415.2771931,934.48180639,4,0,2.70854751,7018.0,2852.0
1297,64.875,2416.69629468,934.9181222,4,0,2.70176822,7008.75,2849.0
1298,64.925,2418.16884149,935.37632935,4,0,2.74191941,6993.5,2848.0
1299,64.975,2419.52657229,934.3434867,4,0,2.79031268,6988.75,2852.0
1300,65.025,2421.09187588,932.71595388,4,0,2.81519357,6977.5,2853.0
1301,65.075,2422.93751204,931.14571574,4,0,2.84476818,6965.0,2847.0
1302,65.125,2425.04332096,930.28769594,4,0,2.87749869,6956.75,2847.0
1303,65.175,2427.25058867,930.72715469,4,0,2.89311583,6944.75,2849.0
1304,65.225,2429.50777468,931.17634373,4,0,2.90816377,6929.5,2850.0
1305,65.275,2431.95070281,932.18003529,4,0,3.05608068,6921.0,2854.0
1306,65.325,2434.52505753,934.5692864,5,1,3.22111676,6906.5,2842.0
1307,65.375,2436.92389351,936.86678324,4,0,3.08451932,6890.75,2828.0
1308,65.425,2439.14949547,935.73934349,4,0,2.97737484,6871.75,2825.0
1309,65.475,2441.40779733,934.47337103,4,0,2.99396622,6864.5,2820.0
1310,65.525,2443.79653163,933.38003843,4,0,3.00934387,6860.0,2821.0
1311,65.575,2446.35749735,932.57452099,4,0,3.04727528,6844.25,2816.0
1312,65.625,2448.87935638,933.01422603,4,0,2.90660562,6833.75,2815.0
1313,65.675,2451.39083905,933.82840883,4,0,2.90202023,6818.25,2812.0
1314,65.725,2453.80536455,934.69647277,4,0,2.92709025,6809.75,2804.0
1315,65.775,2456.12908726,935.57819135,4,0,2.95209662,6793.75,2801.0
1316,65.825,2458.38983409,936.56860271,4,0,2.9792119,6782.5,2794.0
1317,65.875,2460.53556397,937.41921852,4,0,3.00679883,6774.0,2794.0
1318,65.925,2462.63731451,936.55902829,4,0,3.01640687,6767.5,2790.0
1319,65.975,2464.71390053,935.44802348,4,0,3.01430976,6761.25,2787.0
1320,66.025,2466.75640224,934.79962901,4,0,3.03443546,6738.25,2786.0
1321,66.075,2469.09948288,935.44098389,4,0,3.14015097,6723.25,2785.0
1322,66.125,2471.55041065,936.72325989,4,0,3.25556403,6711.0,2781.0
1323,66.175,2474.0571649,938.09402373,4,0,3.33990259,6702.5,2782.0
1324,66.225,2476.5998813,939.58650581,4,0,3.39911323,6694.25,2781.0
1325,66.275,2478.78698748,940.97694408,4,0,3.16215266,6681.75,2779.0
1326,66.325,2480.54171809,943.40650504,4,0,3.26124873,6667.25,2772.0
1327,66.375,2482.17053765,943.27079542,4,0,3.30722302,6657.5,2769.0
1328,66.425,2483.73578367,943.26630278,4,0,3.32910133,6647.25,2769.0
1329,66.475,2485.4192357,943.46346413,4,0,3.42443128,6634.75,2768.0
1330,66.525,2487.3200882,944.19407536,4,0,3.51477365,6613.5,2764.0
1331,66.575,2489.27979727,945.77225885,4,0,3.57118072,6602.75,2758.0
1332,66.625,2491.2594193,947.45453791,4,0,3.63750775,6593.5,2755.0
1333,66.675,2493.60118801,954.79056173,4,0,4.09559221,6580.25,2756.0
1334,66.725,2496.09939882,957.32342685,4,0,4.13849529,6565.5,2760.0
1335,66.775,2498.19951674,958.90122701,4,0,3.83995154,6554.75,2761.0
1336,66.825,2499.97693678,959.10237559,4,0,3.67159766,6544.25,2747.0
1337,66.875,2501.70444566,959.50365342,4,0,3.69993637,6529.75,2741.0
1338,66.925,2503.20824881,959.94726403,4,0,3.53497952,6513.25,2743.0
1339,66.975,2504.57254123,960.69922696,4,0,3.47498204,6502.75,2744.0
1340,67.025,2505.88885112,962.35084919,4,0,3.49761424,6488.5,2740.0
1341,67.075,2507.1536899,963.06647335,6,0,3.53819078,6477.25,2736.0
1342,67.125,2508.52245983,963.21147248,6,0,3.68389194,6462.75,2731.0
1343,67.175,2509.85408869,963.50534943,6,0,3.68355574,6450.5,2731.0
1344,67.225,2511.07211505,963.88399855,6,0,3.64900794,6440.0,2731.0
1345,67.275,2512.33321995,964.28691825,6,0,3.80294558,6428.0,2734.0
1346,67.325,2513.75906136,964.10596827,6,0,4.07026055,6412.0,2730.0
1347,67.375,2515.24015009,964.12758731,6,0,4.17026361,6401.25,2728.0
1348,67.425,2516.75491363,962.84202368,5,0,4.12447049,6389.0,2728.0
1349,67.475,2518.22325712,961.34047354,5,0,4.02880352,6379.0,2724.0
1350,67.525,2519.66093278,960.57391888,5,0,3.94806366,6363.25,2726.0
1351,67.575,2520.96536478,960.16018312,5,0,3.89480533,6348.0,2724.0
1352,67.625,2522.17135403,959.8744277,5,0,3.87213943,6336.75,2723.0
1353,67.675,2523.20645846,959.57345237,5,0,3.85427186,6324.0,2722.0
1354,67.725,2524.08143014,959.63339638,5,0,3.80628849,6310.75,2725.0
1355,67.775,2525.04147966,960.8788865,4,0,3.98290912,6296.0,2721.0
1356,67.825,2526.07189171,959.25717893,4,0,3.96209006,6288.0,2716.0
1357,67.875,2527.14140041,957.20714835,3,0,4.01746249,6268.75,2711.0
1358,67.925,2528.14843794,954.63917658,3,0,3.93850301,6262.75,2705.0
1359,67.975,2528.89427785,952.47637637,3,0,3.70059584,6253.0,2703.0
1360,68.025,2529.37071358,950.59528562,3,0,3.52347712,6236.5,2696.0
1361,68.075,2529.64785452,948.74661695,3,0,3.43104789,6223.0,2692.0
1362,68.125,2529.72518395,946.92371294,3,0,3.34447695,6211.75,2686.0
1363,68.175,2529.59181394,945.07780663,3,0,3.24973973,6201.5,2684.0
1364,68.225,2529.16368472,942.53033436,3,0,3.19800838,6196.75,2685.0
1365,68.275,2528.59686584,940.01083184,3,0,3.16098772,6183.5,2682.0
1366,68.325,2527.87533226,937.56809203,3,0,3.08517472,6171.25,2677.0
1367,68.375,2527.07884334,935.40385902,3,0,3.02040087,6152.75,2674.0
1368,68.425,2526.23224193,933.58952324,3,0,2.99396363,6142.75,2667.0
1369,68.475,2525.29130068,931.89569519,3,0,2.96774009,6130.75,2666.0
1370,68.525,2524.2361604,930.19398885,3,0,2.94150254,6124.25,2667.0
1371,68.575,2523.0642254,928.443795,3,0,2.912308,6113.75,2666.0
1372,68.625,2521.79779941,926.56679105,3,0,2.90681504,6109.25,2662.0
1373,68.675,2520.48393262,924.25937107,3,0,2.90006161,6095.25,2659.0
1374,68.725,2519.12775357,921.95206911,3,0,2.89251621,6088.5,2658.0
1375,68.775,2517.71753348,919.64648021,3,0,2.88505343,6079.25,2659.0
1376,68.825,2516.23613366,917.36580826,3,0,2.8778174,6066.0,2656.0
1377,68.875,2514.69916465,915.06678319,3,0,2.87060219,6052.0,2650.0
1378,68.925,2513.11755359,912.81318302,3,0,2.86338698,6041.75,2649.0
1379,68.975,2511.48393906,910.80492219,3,0,2.85617177,6030.0,2649.0
1380,69.025,2509.70609322,908.59168941,3,0,2.84839504,6026.75,2647.0
1381,69.075,2507.73057952,906.39442153,3,0,2.83924531,6014.0,2647.0
1382,69.125,2505.65604913,903.18167725,3,0,2.83004708,6002.5,2643.0
1383,69.175,2503.64323252,900.49003888,2,1,2.8209521,5994.75,2642.0
1384,69.225,2501.4716203,899.07404593,1,0,2.81212888,5987.25,2640.0
1385,69.275,2499.00042781,898.01280241,1,0,2.80345679,5973.75,2638.0
1386,69.325,2496.34721779,897.06646993,1,0,2.80881916,5958.25,2628.0
1387,69.375,2493.82956973,891.52905642,2,0,2.80948045,5958.25,2626.0
1388,69.425,2491.82770353,887.87760523,2,0,2.81096207,5942.5,2625.0
1389,69.475,2489.73208978,886.05381489,2,0,2.81249764,5939.0,2625.0
1390,69.525,2487.55103882,884.28542493,2,0,2.81349202,5926.5,2625.0
1391,69.575,2485.23757475,881.62674341,2,0,2.8142637,5917.75,2620.0
1392,69.625,2482.87114277,878.51637116,2,0,2.81176128,5907.25,2615.0
1393,69.675,2480.57996813,875.40630244,2,0,2.7972858,5895.5,2615.0
1394,69.725,2478.37687777,872.31147381,2,0,2.78210777,5887.25,2615.0
1395,69.775,2476.2722252,869.21836519,2,0,2.7719595,5875.75,2615.0
1396,69.825,2474.24388271,866.18567606,2,0,2.76634466,5865.25,2608.0
1397,69.875,2472.24736782,864.38483375,2,0,2.76059083,5859.0,2606.0
1398,69.925,2470.25302296,862.67538631,2,0,2.75484701,5851.75,2605.0
1399,69.975,2468.23422428,861.09651078,2,0,2.75014369,5844.0,2604.0
1400,70.025,2466.14284326,859.45620119,2,0,2.74598409,5837.75,2604.0
1401,70.075,2463.96132207,857.38390617,2,0,2.74182129,5827.5,2602.0
1402,70.125,2461.69474029,855.3196369,2,0,2.73736883,5812.25,2598.0
1403,70.175,2459.42109604,853.28455157,2,0,2.73386727,5799.0,2597.0
1404,70.225,2457.1541741,851.27007706,2,0,2.73081137,5792.5,2595.0
1405,70.275,2454.89337223,849.30384549,2,0,2.72829093,5778.75,2593.0
1406,70.325,2452.68883608,847.36649364,2,0,2.72605858,5774.25,2591.0
1407,70.375,2450.5103424,845.81020281,2,0,2.7139759,5763.0,2588.0
1408,70.425,2448.25784951,844.38165656,2,0,2.70959971,5757.25,2586.0
1409,70.475,2445.93041659,842.82860227,2,0,2.70300986,5750.5,2584.0
1410,70.525,2443.5641184,841.27178406,2,0,2.69629226,5739.5,2582.0
1411,70.575,2441.19788709,839.49590068,2,0,2.69012343,5731.0,2581.0
1412,70.625,2438.86393883,837.72815893,2,0,2.68401737,5723.75,2580.0
1413,70.675,2436.57137391,835.96917244,2,0,2.6779113,5711.75,2578.0
1414,70.725,2434.31630961,834.27183774,2,0,2.67180523,5705.25,2576.0
1415,70.775,2432.1238391,832.72263144,2,0,2.66539863,5692.5,2576.0
1416,70.825,2429.90927272,831.22226976,2,0,2.6590918,5677.75,2575.0
1417,70.875,2427.56819304,829.75695213,2,0,2.65916832,5667.75,2573.0
1418,70.925,2425.09550206,828.31165859,2,0,2.65624855,5662.75,2572.0
1419,70.975,2422.64547862,826.77280704,2,0,2.65061647,5659.5,2573.0
1420,71.025,2420.27471186,825.17234624,2,0,2.63917641,5647.5,2571.0
1421,71.075,2417.98508594,823.57851643,2,0,2.62898451,5640.25,2571.0
1422,71.125,2415.77928587,821.98347436,2,0,2.62171072,5626.75,2568.0
1423,71.175,2413.77131983,820.39544082,2,0,2.61827899,5617.75,2566.0
1424,71.225,2411.85393718,818.84351538,2,0,2.61374209,5606.0,2564.0
1425,71.275,2410.02278259,817.31124616,2,0,2.6187324,5600.0,2561.0
1426,71.325,2408.29872736,815.77743674,2,0,2.61096881,5595.5,2561.0
1427,71.375,2406.81654827,814.2559659,2,0,2.60039015,5583.75,2558.0
1428,71.425,2405.6538098,812.78039966,2,0,2.59005756,5575.75,2555.0
1429,71.475,2404.56306644,811.3179105,2,0,2.57973154,5562.0,2551.0
1430,71.525,2403.43827786,809.93436086,2,0,2.56975733,5555.75,2551.0
1431,71.575,2402.40182701,808.6021504,2,0,2.55959389,5549.0,2549.0
1432,71.625,2401.57665059,807.29542768,2,0,2.54943976,5541.0,2547.0
1433,71.675,2400.95092431,806.01690315,2,0,2.53952644,5530.75,2545.0
1434,71.725,2400.45242564,804.76536499,2,0,2.52965866,5519.5,2544.0
1435,71.775,2400.08448391,803.54984515,2,0,2.5257581,5503.75,2543.0
1436,71.825,2399.89875176,802.39499493,2,0,2.52594211,5498.0,2538.0
1437,71.875,2399.91591671,801.19461689,2,0,2.51998137,5489.75,2536.0
1438,71.925,2400.120209,800.01411165,2,0,2.51397286,5480.25,2536.0
1439,71.975,2400.42120938,798.86981151,2,0,2.5077119,5476.5,2535.0
1440,72.025,2400.81802798,797.73598028,2,0,2.50289152,5465.5,2533.0
1441,72.075,2401.31102014,796.62148281,2,0,2.4981874,5452.5,2528.0
1442,72.125,2401.94652214,795.5172256,2,0,2.49232387,5447.5,2526.0
1443,72.175,2402.70368228,794.42920229,2,0,2.48437265,5444.0,2525.0
1444,72.225,2403.66695596,793.33602415,2,0,2.47624698,5433.75,2523.0
1445,72.275,2404.84789595,792.20176852,2,0,2.46742202,5420.0,2522.0
1446,72.325,2406.16566821,790.80941617,2,0,2.4579711,5411.0,2516.0
1447,72.375,2407.54470831,789.40608169,2,0,2.4483132,5403.75,2514.0
1448,72.425,2408.98096504,788.03483347,2,0,2.4398686,5392.5,2513.0
1449,72.475,2410.49011553,786.67029967,2,0,2.43667163,5383.75,2512.0
1450,72.525,2412.06537671,785.31116027,2,0,2.42306161,5367.5,2516.0
1451,72.575,2413.73765725,784.03950556,2,0,2.40902965,5361.25,2516.0
1452,72.625,2415.59260177,782.88905413,2,0,2.39499283,5354.25,2515.0
1453,72.675,2417.64062748,781.79458638,2,0,2.38084348,5353.5,2513.0
1454,72.725,2419.89142693,780.71284604,2,0,2.36922616,5349.25,2513.0
1455,72.775,2422.3764226,779.61575862,2,0,2.35905729,5340.5,2513.0
1456,72.825,2425.08734236,778.54732665,2,0,2.35340388,5324.75,2513.0
1457,72.875,2427.89304431,777.49121797,2,0,2.37352801,5314.25,2512.0
1458,72.925,2430.73584441,776.45179717,2,0,2.36729458,5307.25,2515.0
1459,72.975,2433.62527695,775.43376899,2,0,2.35407065,5295.25,2515.0
1460,73.025,2436.54209818,774.45265123,2,0,2.34068145,5288.25,2515.0
1461,73.075,2439.4722416,773.49828125,2,0,2.32729336,5277.75,2515.0
1462,73.125,2442.40173199,772.56801927,2,0,2.31390411,5268.0,2513.0
1463,73.175,2445.36690987,771.64361239,2,0,2.30034587,5266.25,2514.0
1464,73.225,2448.4498779,770.64532949,2,0,2.28963878,5257.75,2516.0
1465,73.275,2451.67032673,769.4003496,2,0,2.2809425,5250.25,2516.0
1466,73.325,2455.03294453,768.10802251,2,0,2.27111242,5237.75,2511.0
1467,73.375,2458.45456685,766.83691882,2,0,2.25843552,5219.75,2510.0
1468,73.425,2461.94849716,765.58668009,2,0,2.24677415,5209.0,2513.0
1469,73.475,2465.51632523,764.41427432,2,0,2.2454724,5205.0,2513.0
1470,73.525,2469.11751682,763.47552002,2,0,2.23834133,5196.5,2514.0
1471,73.575,2472.75018937,762.60329067,2,0,2.23122547,5189.75,2512.0
1472,73.625,2476.19100049,764.93058781,2,0,2.22410961,5177.75,2514.0
1473,73.675,2479.29716554,766.64129528,2,0,2.21717889,5176.0,2516.0
1474,73.725,2482.07994628,769.25065088,2,0,2.21658583,5165.5,2515.0
1475,73.775,2484.67459985,771.59020169,2,0,2.21309962,5158.5,2514.0
1476,73.825,2487.01913582,773.38797664,2,0,2.19885736,5146.25,2512.0
1477,73.875,2489.16777846,775.55766763,2,0,2.18497436,5136.75,2512.0
1478,73.925,2491.07927092,777.96275037,2,0,2.17552228,5121.0,2507.0
1479,73.975,2492.80252492,780.21212865,2,0,2.16604506,5109.75,2507.0
1480,74.025,2494.47533336,781.05999667,2,0,2.15616332,5103.5,2504.0
1481,74.075,2495.62246817,787.92873824,2,0,2.15131587,5096.75,2500.0
1482,74.125,2496.46943398,790.81931932,2,0,2.14886277,5089.25,2498.0
1483,74.175,2497.11972697,794.76302689,2,0,2.14667416,5081.0,2495.0
1484,74.225,2497.60714979,797.13980922,2,0,2.15176181,5072.75,2496.0
1485,74.275,2497.59184333,801.74962464,2,0,2.14215958,5063.5,2490.0
1486,74.325,2497.37651819,801.52753943,2,0,2.12021936,5052.75,2480.0
1487,74.375,2496.90106682,802.9580481,2,0,2.09944611,5044.5,2470.0
1488,74.425,2496.39581867,804.3586433,2,0,2.07822876,5039.0,2457.0
1489,74.475,2495.93589007,805.23754352,2,0,2.05479065,5030.5,2456.0
1490,74.525,2495.39900198,806.41497265,2,0,2.03141113,5015.0,2447.0
1491,74.575,2494.50264109,812.06741841,2,0,1.99777827,5009.5,2441.0
1492,74.625,2492.96854848,815.86286185,2,0,1.97464669,5003.75,2432.0
1493,74.675,2491.24145888,816.44450071,2,0,1.98813713,4994.25,2431.0
1494,74.725,2489.46574015,816.51054418,2,0,2.00169735,4988.75,2427.0
1495,74.775,2487.36646803,817.51086097,2,0,1.97054905,4981.25,2424.0
1496,74.825,2484.9546604,818.55515831,2,0,1.95144471,4972.0,2423.0
1497,74.875,2482.4847498,819.77885182,2,0,1.93398274,4968.5,2419.0
1498,74.925,2480.03544967,820.77748389,2,0,1.91539815,4961.25,2416.0
1499,74.975,2477.52175707,823.34336981,2,0,1.89835377,4951.25,2412.0
1500,75.025,2474.43772508,828.69700193,2,0,1.88130214,4945.0,2400.0
1501,75.075,2470.58973375,832.14016053,2,0,1.86748517,4933.75,2398.0
1502,75.125,2466.44178323,832.01771074,2,0,1.9283156,4926.0,2389.0
1503,75.175,2462.29701375,831.85980419,2,0,1.90444074,4924.0,2387.0
1504,75.225,2457.9087118,833.11425295,2,0,1.85856041,4912.5,2384.0
1505,75.275,2453.25138973,834.48362087,2,0,1.82646851,4904.75,2374.0
1506,75.325,2448.29687718,835.93420315,2,0,1.79722491,4899.25,2370.0
1507,75.375,2443.02165546,836.844493,2,0,1.76809751,4897.0,2368.0
1508,75.425,2437.480179,838.84431516,2,0,1.74054644,4891.0,2368.0
1509,75.475,2431.2392269,843.71588688,2,0,1.71330891,4886.0,2365.0
1510,75.525,2424.01950653,847.03492999,2,0,1.72370104,4876.75,2352.0
1511,75.575,2416.14940791,845.94296083,2,0,1.81201582,4870.5,2348.0
1512,75.625,2407.88423117,844.59421931,2,0,1.81242786,4865.75,2335.0
1513,75.675,2399.38156453,845.07717607,2,0,1.79101718,4856.25,2315.0
1514,75.725,2390.68617414,844.86920254,2,0,1.77081363,4852.0,2307.0
1515,75.775,2382.11482327,842.24222655,2,0,1.83227954,4847.75,2303.0
1516,75.825,2373.85180999,840.67735704,3,0,1.81393158,4842.75,2289.0
1517,75.875,2365.65299189,837.33154598,4,0,1.72702774,4830.75,2258.0
1518,75.925,2357.29802831,835.6758733,4,0,1.65986482,4826.75,2258.0
1519,75.975,2347.69955429,840.27025093,4,1,1.6091553,4824.5,2252.0
1520,76.025,2337.57103618,835.21049094,4,0,1.57029436,4821.0,2247.0
1521,76.075,2327.76229404,828.59385567,3,1,1.52729094,4816.5,2239.0
1522,76.125,2318.79013093,825.91082,2,0,1.88522777,4812.0,2236.0
1523,76.175,2309.83446382,824.80198241,2,0,1.89081275,4807.0,2208.0
1524,76.225,2300.44022687,824.30932362,2,0,1.58103575,4805.0,2207.0
1525,76.275,2290.86366522,824.38652182,2,0,1.48806421,4802.75,2205.0
1526,76.325,2281.12280439,823.57285764,3,0,1.44980921,4797.75,2202.0
1527,76.375,2271.40946954,819.87709275,4,0,1.41155459,4792.0,2185.0
1528,76.425,2261.70355127,813.2838765,4,1,1.39053681,4791.0,2182.0
1529,76.475,2252.5667144,811.01609968,2,0,1.80377691,4788.0,2182.0
1530,76.525,2242.97789268,811.14997235,2,0,1.71534777,4786.25,2179.0
1531,76.575,2232.65177681,810.44903136,2,0,1.4735192,4780.0,2178.0
1532,76.625,2221.76041694,809.87352147,2,0,1.42825281,4778.0,2177.0
1533,76.675,2211.00110732,809.60759064,2,0,1.4283835,4775.0,2170.0
1534,76.725,2200.58721479,807.03415841,4,0,1.52814513,4773.25,2169.0
1535,76.775,2190.45337116,808.3119155,4,0,1.45899235,4768.75,2167.0
1536,76.825,2179.90360034,808.59221651,4,0,1.34988337,4765.75,2166.0
1537,76.875,2168.92737273,807.17021291,4,2,1.24104782,4764.25,2162.0
1538,76.925,2158.18681769,804.78415541,2,0,1.83390163,4761.0,2158.0
1539,76.975,2147.04542241,800.3004539,3,0,1.56196422,4757.75,2156.0
1540,77.025,2136.41090594,794.13573536,2,0,1.65908606,4753.25,2149.0
1541,77.075,2126.09377952,793.67728452,2,0,1.66976504,4752.0,2147.0
1542,77.125,2115.62449714,792.74769012,2,0,1.54607222,4750.25,2146.0
1543,77.175,2104.98323193,791.83613463,2,0,1.39189662,4744.75,2138.0
1544,77.225,2094.4148522,790.8975508,2,0,1.38159555,4743.75,2133.0
1545,77.275,2084.13042643,789.81126155,2,0,1.61165369,4740.0,2131.0
1546,77.325,2073.65091313,788.66981457,2,0,1.61307837,4738.75,2126.0
1547,77.375,2062.76071736,786.88304151,2,0,1.37200587,4737.5,2125.0
1548,77.425,2052.35475909,785.9938764,2,0,1.9836428,4731.75,2120.0
1549,77.475,2042.50192388,782.4143634,2,0,2.61736778,4730.75,2119.0
1550,77.525,2031.42273123,782.75766936,2,0,1.76967482,4726.75,2117.0
1551,77.575,2019.59622657,784.32532053,2,0,1.67369809,4723.25,2115.0
1552,77.625,2007.39244244,785.1514873,3,0,1.73661571,4721.5,2112.0
1553,77.675,1995.22180701,785.88565518,3,0,1.55981685,4719.5,2113.0
1554,77.725,1983.47411231,779.52856925,6,0,1.67295793,4717.0,2109.0
1555,77.775,1971.59404503,774.28922209,5,1,1.2135196,4715.25,2106.0
1556,77.825,1961.01260474,774.85928164,5,1,2.3757191,4710.25,2103.0
1557,77.875,1951.35348572,771.94404237,4,0,3.09490907,4706.75,2100.0
1558,77.925,1940.83737295,768.32854339,4,0,2.42935518,4703.5,2098.0
1559,77.975,1929.94352218,765.2664129,4,0,2.27942649,4701.25,2098.0
1560,78.025,1918.63009517,762.42519949,4,0,2.0027733,4698.25,2092.0
1561,78.075,1907.24116098,756.54548633,6,0,1.67834162,4696.0,2089.0
1562,78.125,1895.80498169,752.49695867,8,0,1.39540122,4694.0,2089.0
1563,78.175,1885.15739367,746.47046115,8,0,1.90449425,4691.75,2089.0
1564,78.225,1874.55666534,741.89606017,8,0,1.63840451,4689.0,2090.0
1565,78.275,1865.20188178,743.63269875,8,2,2.84506,4683.25,2094.0
1566,78.325,1856.2665922,737.9576628,6,0,2.8771529,4680.5,2095.0
1567,78.375,1846.70234396,733.93216674,6,0,2.1073939,4676.0,2092.0
1568,78.425,1837.37430817,727.71094941,6,0,1.88746548,4672.0,2088.0
1569,78.475,1828.64074926,721.57066569,6,0,1.84324777,4670.5,2088.0
1570,78.525,1820.64324558,717.00868969,6,0,1.84184752,4665.75,2079.0
1571,78.575,1813.0247605,715.36117708,6,0,1.84818152,4665.0,2079.0
1572,78.625,1805.46426668,714.36707304,6,0,1.81449652,4660.5,2074.0
1573,78.675,1797.404798,713.33105011,6,0,1.40617121,4658.5,2071.0
1574,78.725,1788.70023056,712.36150309,6,0,0.98708897,4657.25,2068.0
1575,78.775,1779.31902474,708.5797325,6,0,0.71678335,4655.5,2067.0
1576,78.825,1770.00565266,694.39676086,6,0,0.6839446,4654.0,2065.0
1577,78.875,1761.95464778,688.01098926,6,0,0.67020263,4652.5,2063.0
1578,78.925,1754.37922195,683.37758344,6,0,0.66925923,4651.75,2060.0
1579,78.975,1746.98679243,681.24528926,6,0,0.65911938,4647.75,2052.0
1580,79.025,1739.7857572,678.52235137,6,0,0.65753019,4646.25,2052.0
1581,79.075,1732.90522577,676.03895531,6,0,0.58640263,4646.25,2052.0
1582,79.125,1726.11824307,673.77121239,6,0,0.55712922,4644.75,2051.0
1583,79.175,1719.36502325,672.74479608,6,0,0.52221902,4644.25,2052.0
1584,79.225,1712.55024197,670.99424652,6,0,0.50764528,4642.5,2047.0
1585,79.275,1705.81689649,666.14456314,6,0,0.48165792,4641.75,2045.0
1586,79.325,1699.31598832,660.3884223,6,0,0.47346962,4639.75,2043.0
1587,79.375,1693.27100862,655.32083032,6,0,0.46526946,4638.75,2044.0
1588,79.425,1687.60170859,651.25864021,6,0,0.44874233,4638.5,2044.0
1589,79.475,1682.28588261,648.88594864,6,0,0.44243706,4637.0,2044.0
1590,79.525,1677.11259578,647.629368,6,0,0.43529883,4635.75,2040.0
1591,79.575,1671.93678153,646.52911289,6,0,0.42423213,4634.5,2040.0
1592,79.625,1666.65595765,645.35638456,6,0,0.33256616,4633.5,2038.0
1593,79.675,1661.38091211,642.52274606,6,0,0.32882086,4633.25,2040.0
1594,79.725,1656.47899026,635.8193905,6,1,0.34449141,4632.0,2038.0
1595,79.775,1652.00473261,632.11529632,4,0,0.35882125,4631.5,2038.0
1596,79.825,1647.64395706,630.45247577,4,0,0.37288,4630.5,2035.0
1597,79.875,1643.42073272,630.01953562,4,0,0.3687377,4629.75,2035.0
1598,79.925,1639.26735973,629.63677937,4,0,0.3631032,4629.0,2033.0
1599,79.975,1635.24921057,629.27848746,4,0,0.37012986,4628.5,2033.0
1600,80.025,1631.35029298,628.9281287,4,0,0.3775561,4627.5,2032.0
1601,80.075,1627.54152262,628.56593946,4,0,0.37378933,4627.0,2032.0
1602,80.125,1623.78790052,628.32530468,4,0,0.36668804,4625.75,2030.0
1603,80.175,1619.97711036,628.13830052,4,0,0.33973907,4625.75,2030.0
1604,80.225,1616.1608287,628.07438403,4,0,0.31981185,4624.25,2028.0
1605,80.275,1612.40004694,628.11001019,4,0,0.3154526,4624.25,2028.0
1606,80.325,1608.66809416,628.14314502,4,0,0.30985673,4623.0,2026.0
1607,80.375,1604.94453267,628.18224025,4,0,0.28499165,4622.5,2027.0
1608,80.425,1601.23545077,628.23771905,4,0,0.25438122,4622.5,2027.0
1609,80.475,1597.55401446,628.34175085,4,0,0.22377078,4621.0,2027.0
1610,80.525,1593.95289663,628.37145703,4,0,0.2062821,4620.5,2024.0
1611,80.575,1590.45655528,628.33029818,4,0,0.22788748,4620.5,2023.0
1612,80.625,1587.09286253,628.32527718,4,0,0.25229774,4620.0,2025.0
1613,80.675,1583.83796788,628.3884887,4,0,0.27274038,4619.75,2024.0
1614,80.725,1580.67313876,628.4687694,4,0,0.28793608,4619.0,2025.0
1615,80.775,1577.61839588,628.56070333,4,0,0.29962136,4618.25,2024.0
1616,80.825,1574.63659868,628.66554962,4,0,0.28613643,4617.75,2022.0
1617,80.875,1571.71721304,628.77615316,4,0,0.26495126,4617.75,2024.0
1618,80.925,1568.88015549,628.90495634,4,0,0.2437661,4616.5,2021.0
1619,80.975,1566.15487279,629.02530435,4,0,0.22258093,4615.5,2021.0
1620,81.025,1563.46494265,629.07822244,4,0,0.20139577,4615.25,2022.0
1621,81.075,1560.78038203,629.11992261,4,0,0.18679996,4615.25,2022.0
1622,81.125,1558.17790331,629.16730126,4,0,0.20059431,4614.5,2022.0
1623,81.175,1555.66108,629.22742583,4,0,0.21838931,4613.75,2022.0
1624,81.225,1553.23078917,629.30318323,4,0,0.23273587,4613.75,2022.0
1625,81.275,1550.88649066,629.38833369,4,0,0.23228183,4612.5,2020.0
1626,81.325,1548.621169,629.47512679,4,0,0.22669638,4611.75,2020.0
1627,81.375,1546.43619182,629.57012761,4,0,0.22044819,4611.75,2020.0
1628,81.425,1544.33115621,629.66019774,4,0,0.21250038,4610.5,2017.0
1629,81.475,1542.30462199,629.76800102,4,0,0.20332078,4610.25,2018.0
1630,81.525,1540.39793825,629.90061777,4,0,0.19414119,4609.0,2014.0
1631,81.575,1538.6008025,630.05042021,4,0,0.18536783,4609.0,2016.0
1632,81.625,1536.87671141,630.19868502,4,0,0.19387206,4608.5,2015.0
1633,81.675,1535.20957981,630.343197,4,0,0.18571342,4607.75,2013.0
1634,81.725,1533.5953682,630.477574,4,0,0.18844734,4607.75,2013.0
1635,81.775,1532.03194512,630.63720447,4,0,0.20379867,4607.25,2013.0
1636,81.825,1530.49476537,630.81285998,4,0,0.19622686,4606.0,2012.0
1637,81.875,1528.98040793,630.98730456,4,0,0.20069434,4605.75,2012.0
1638,81.925,1527.49794283,631.13007218,4,0,0.20515757,4605.75,2012.0
1639,81.975,1526.04201129,631.25666258,4,0,0.20218877,4605.0,2012.0
1640,82.025,1524.63032944,631.37169772,4,0,0.19322867,4604.75,2012.0
1641,82.075,1523.27599712,631.49164037,4,0,0.18396124,4604.25,2011.0
1642,82.125,1521.97775061,631.62374287,4,0,0.17469381,4603.75,2011.0
1643,82.175,1520.73743756,631.75518058,4,0,0.1663925,4603.75,2011.0
1644,82.225,1519.66842543,631.87920065,4,0,0.16915875,4603.25,2011.0
1645,82.275,1518.63955543,632.00361629,4,0,0.17543209,4602.5,2010.0
1646,82.325,1517.627755,632.12690996,4,0,0.18170543,4602.0,2010.0
1647,82.375,1516.63343996,632.26113636,4,0,0.18790358,4602.0,2010.0
1648,82.425,1515.6536811,632.4095098,4,0,0.18842593,4601.0,2008.0
1649,82.475,1514.69623181,632.5626104,4,0,0.18380806,4601.0,2009.0
1650,82.525,1513.78843786,632.76216014,4,0,0.17598651,4600.5,2008.0
1651,82.575,1512.93024877,632.9689444,4,0,0.16792558,4600.0,2008.0
1652,82.625,1512.09382709,633.18101409,4,0,0.16026171,4599.25,2007.0
1653,82.675,1511.2712127,633.39454277,4,0,0.15422699,4599.0,2008.0
1654,82.725,1510.47451904,633.6036036,4,0,0.1485172,4598.25,2008.0
1655,82.775,1509.70292953,633.80315123,4,0,0.14399459,4598.25,2008.0
1656,82.825,1508.95444218,634.0064089,4,0,0.1403386,4597.5,2006.0
1657,82.875,1508.2307577,634.1970636,4,0,0.1366826,4597.25,2006.0
1658,82.925,1507.55386197,634.37870259,4,0,0.13302661,4597.25,2006.0
1659,82.975,1506.93628609,634.61105285,4,0,0.12937061,4597.0,2005.0
1660,83.025,1506.40000693,634.84376785,4,0,0.12571461,4596.0,2005.0
1661,83.075,1505.93934753,635.08029915,4,0,0.12205862,4595.75,2002.0
1662,83.125,1505.5355581,635.33262038,4,0,0.13457062,4595.75,2002.0
1663,83.175,1505.17159838,635.58977073,4,0,0.15198791,4595.5,2002.0
1664,83.225,1504.81445682,635.79619394,4,0,0.14758759,4594.5,2003.0
1665,83.275,1504.48956051,635.99870597,4,0,0.14387511,4594.25,2003.0
1666,83.325,1504.13991365,636.222214,4,0,0.13993361,4594.25,2003.0
1667,83.375,1503.76202697,636.4758899,4,0,0.1359921,4593.5,2002.0
1668,83.425,1503.40748241,636.75053645,4,0,0.1320506,4593.25,2003.0
1669,83.475,1503.07990697,637.04683418,4,0,0.13870275,4593.0,2003.0
1670,83.525,1502.74187722,637.36128813,4,0,0.13884955,4592.5,2003.0
1671,83.575,1502.42166698,637.69691508,4,0,0.15034471,4592.25,2002.0
1672,83.625,1502.11913725,638.09845342,4,0,0.13909132,4591.5,2003.0
1673,83.675,1501.82829663,638.50277465,4,0,0.11932104,4591.0,2001.0
1674,83.725,1501.57967145,638.90483912,4,0,0.11224348,4590.75,2001.0
1675,83.775,1501.35892506,639.30185765,4,0,0.10830396,4590.5,1999.0
1676,83.825,1501.13665033,639.68618835,4,0,0.10868704,4590.0,2000.0
1677,83.875,1500.9351877,640.06853136,4,0,0.10910149,4589.75,1998.0
1678,83.925,1500.7558729,640.46580474,4,0,0.11299502,4589.75,1999.0
1679,83.975,1500.61067092,640.88894089,4,0,0.12558652,4589.5,1999.0
1680,84.025,1500.49377856,641.3446976,4,0,0.14713697,4588.5,1997.0
1681,84.075,1500.41007727,641.81195528,4,0,0.15583676,4588.0,1997.0
1682,84.125,1500.29222507,642.29263074,4,0,0.15482608,4587.25,1994.0
1683,84.175,1500.10971284,642.75519655,4,0,0.12280805,4587.0,1993.0
1684,84.225,1499.87990324,643.19416743,4,0,0.11741324,4586.75,1992.0
1685,84.275,1499.60574861,643.59297708,4,0,0.11552475,4586.75,1993.0
1686,84.325,1499.31835943,643.95751509,4,0,0.11494301,4586.25,1993.0
1687,84.375,1499.08742585,644.32386125,4,0,0.11002661,4586.0,1991.0
1688,84.425,1498.86895044,644.66955427,4,0,0.10487127,4585.5,1989.0
1689,84.475,1498.66251722,645.0563785,4,0,0.09971592,4585.5,1990.0
1690,84.525,1498.49155257,645.4532707,4,0,0.11363504,4584.75,1989.0
1691,84.575,1498.36030419,645.88684815,4,0,0.13173773,4584.75,1989.0
1692,84.625,1498.2387181,646.34644735,4,0,0.13660418,4584.75,1989.0
1693,84.675,1498.10220531,646.93736975,4,0,0.12912789,4584.25,1988.0
1694,84.725,1497.97798059,647.55662511,4,0,0.13362119,4583.0,1988.0
1695,84.775,1497.85985508,648.18753873,4,0,0.13574989,4582.75,1987.0
1696,84.825,1497.79267236,648.8208954,4,0,0.13805184,4582.75,1987.0
1697,84.875,1497.76517639,649.45778978,4,0,0.13254239,4582.75,1986.0
1698,84.925,1497.80611129,650.12355044,4,0,0.13786688,4582.0,1987.0
1699,84.975,1498.1022557,652.80932297,4,0,0.29319396,4581.0,1986.0
1700,85.025,1498.99002509,659.12270803,4,0,0.70497038,4578.0,1983.0
1701,85.075,1500.45448151,665.45696171,4,0,0.9507892,4575.5,1986.0
1702,85.125,1502.242422,667.90189532,4,0,0.94263998,4573.5,1984.0
1703,85.175,1503.84455701,668.5810953,4,0,0.70530342,4571.25,1978.0
1704,85.225,1505.20325896,669.29182023,4,0,0.5330368,4569.0,1973.0
1705,85.275,1506.37000351,670.01533919,4,0,0.36077019,4568.75,1971.0
1706,85.325,1507.39945155,670.71884586,4,0,0.20962886,4568.0,1969.0
1707,85.375,1508.61263053,672.86710378,4,0,0.37337586,4566.75,1967.0
1708,85.425,1510.21186424,677.81350339,4,0,0.6664891,4562.75,1965.0
1709,85.475,1512.16087798,682.80637769,4,0,0.78519244,4559.75,1965.0
1710,85.525,1514.44169767,687.8047454,4,0,0.88962155,4558.25,1968.0
1711,85.575,1516.93183279,691.49002941,4,0,0.87281145,4555.5,1969.0
1712,85.625,1519.18657798,692.37784626,4,0,0.47814651,4552.75,1964.0
1713,85.675,1521.3645497,693.3731741,4,0,0.34333581,4551.75,1961.0
1714,85.725,1523.54053531,694.3987489,4,0,0.30566982,4551.25,1961.0
1715,85.775,1525.70115209,695.46293599,4,0,0.26750685,4550.25,1956.0
1716,85.825,1527.86455931,696.96613524,4,0,0.2455201,4550.25,1959.0
1717,85.875,1530.33829691,701.00701921,4,0,0.49641706,4544.25,1957.0
1718,85.925,1533.12401498,705.26024948,4,0,0.60725102,4541.5,1953.0
1719,85.975,1536.22377613,709.51664422,4,0,0.7340526,4539.25,1952.0
1720,86.025,1539.63107608,713.78206036,4,0,0.86469524,4536.25,1951.0
1721,86.075,1543.15651325,716.78559807,4,0,0.79079393,4531.0,1942.0
1722,86.125,1546.52697711,718.2161909,4,0,0.51627987,4529.75,1940.0
1723,86.175,1549.82224064,719.64809746,4,0,0.40685991,4528.75,1937.0
1724,86.225,1553.0866031,721.11008503,4,0,0.34768437,4527.5,1934.0
1725,86.275,1556.39007845,722.57987494,4,0,0.33973152,4527.25,1933.0
1726,86.325,1559.73698451,724.69853607,4,0,0.33400602,4525.75,1930.0
1727,86.375,1563.28023163,729.17722617,4,0,0.45697257,4517.25,1906.0
1728,86.425,1567.14174718,734.33915242,4,0,0.58346709,4515.25,1908.0
1729,86.475,1571.49661697,741.17290129,4,0,0.8356602,4511.5,1903.0
1730,86.525,1576.12817269,742.4868246,2,0,0.81046351,4508.75,1897.0
1731,86.575,1580.62113617,742.38789112,2,0,0.64253828,4507.25,1893.0
1732,86.625,1584.96358758,742.29104489,2,0,0.51462921,4506.0,1888.0
1733,86.675,1589.17619644,742.30881939,2,0,0.40736049,4503.75,1877.0
1734,86.725,1593.29036308,742.51657182,2,0,0.3251358,4503.25,1873.0
1735,86.775,1597.28630337,742.75915571,2,0,0.22591626,4502.5,1869.0
1736,86.825,1601.15869451,743.07228372,2,0,0.12196029,4501.75,1866.0
1737,86.875,1604.97806886,743.51100568,2,0,0.09362292,4501.25,1866.0
1738,86.925,1608.79212461,743.96385312,2,0,0.09393026,4501.5,1868.0
1739,86.975,1612.59480954,744.41443672,2,0,0.0934873,4500.75,1865.0
1740,87.025,1616.37638755,744.86276176,2,0,0.09301979,4500.25,1865.0
1741,87.075,1620.2150756,745.29660264,2,0,0.09255057,4500.25,1865.0
1742,87.125,1624.13975089,745.74621428,2,0,0.09195749,4499.5,1866.0
1743,87.175,1628.15318733,746.22050507,2,0,0.09142522,4499.25,1866.0
1744,87.225,1632.22207974,746.74834484,2,0,0.09089295,4499.25,1866.0
1745,87.275,1636.33080205,747.3182733,2,0,0.09036068,4499.0,1865.0
1746,87.325,1640.4743242,747.91681613,2,0,0.08982842,4498.25,1863.0
1747,87.375,1644.6390702,748.56441553,2,0,0.08942519,4498.0,1864.0
1748,87.425,1648.80946995,749.24868777,2,0,0.08906604,4497.75,1863.0
1749,87.475,1652.96543986,749.97307542,2,0,0.08830945,4497.5,1863.0
1750,87.525,1657.11823729,750.74098448,2,0,0.0892073,4496.25,1862.0
1751,87.575,1661.34843978,751.53864322,2,0,0.09778145,4495.75,1861.0
1752,87.625,1665.65245094,752.35815495,2,0,0.10981362,4495.75,1864.0
1753,87.675,1669.96456401,753.2085223,2,0,0.11139493,4495.5,1862.0
1754,87.725,1674.17374255,754.11907443,2,0,0.10850693,4495.25,1861.0
1755,87.775,1678.40511293,755.03897708,2,0,0.10558272,4495.0,1861.0
1756,87.825,1682.64612565,755.95811888,2,0,0.10265851,4493.0,1855.0
1757,87.875,1686.89001368,757.09154809,2,0,0.0997343,4492.75,1854.0
1758,87.925,1690.99303001,758.55654152,2,0,0.09681244,4492.75,1855.0
1759,87.975,1694.90642454,759.54967477,3,0,0.08503442,4492.5,1855.0
1760,88.025,1698.90955266,756.71330805,4,0,0.08353467,4492.5,1855.0
1761,88.075,1702.94580923,754.73163914,4,0,0.09279993,4491.5,1854.0
1762,88.125,1707.3282414,753.00940043,4,0,0.09215762,4491.5,1854.0
1763,88.175,1711.86433962,752.39319242,4,0,0.09151531,4491.25,1853.0
1764,88.225,1716.46691673,751.82908251,4,0,0.090873,4491.0,1854.0
1765,88.275,1721.19144817,751.28482041,4,0,0.09021775,4490.5,1854.0
1766,88.325,1726.05667103,750.94032009,4,0,0.09138321,4489.5,1853.0
1767,88.375,1731.00854981,750.75894524,4,0,0.10891755,4489.25,1852.0
1768,88.425,1735.87091424,750.93992544,4,0,0.11859407,4489.0,1853.0
1769,88.475,1740.68001161,751.20178496,4,0,0.12348121,4488.5,1851.0
1770,88.525,1745.49197366,751.49639327,4,0,0.12404965,4487.25,1847.0
1771,88.575,1750.36544506,751.87248602,4,0,0.13565698,4486.75,1849.0
1772,88.625,1755.29967251,752.35851896,4,0,0.15149499,4486.25,1849.0
1773,88.675,1760.29876825,752.9246613,4,0,0.15815274,4485.75,1848.0
1774,88.725,1765.36076793,753.53342587,4,0,0.16182021,4484.75,1844.0
1775,88.775,1770.48549952,754.18496601,4,0,0.16374959,4483.75,1846.0
1776,88.825,1775.64032625,754.8903861,4,0,0.16742364,4483.25,1844.0
1777,88.875,1780.72330222,755.58315043,4,0,0.17823977,4483.0,1843.0
1778,88.925,1785.71109416,756.29816763,4,0,0.19115524,4481.0,1838.0
1779,88.975,1790.6963123,757.0343035,4,0,0.20598143,4479.5,1833.0
1780,89.025,1795.75035601,757.79235303,4,0,0.21175824,4479.0,1828.0
1781,89.075,1800.8727491,758.5607745,4,0,0.21220461,4478.0,1830.0
1782,89.125,1806.02111911,759.40659792,4,0,0.21050095,4477.5,1831.0
1783,89.175,1811.14426273,760.32522749,4,0,0.20609167,4476.75,1831.0
1784,89.225,1816.26113499,761.24863458,4,0,0.20014566,4476.0,1827.0
1785,89.275,1821.36629774,762.14015789,4,0,0.18041759,4474.5,1822.0
1786,89.325,1826.35163759,762.99693198,4,0,0.17288942,4472.5,1816.0
1787,89.375,1831.17232269,763.90335671,4,0,0.15873373,4471.25,1817.0
1788,89.425,1835.88462245,764.84466791,4,0,0.16161912,4470.75,1816.0
1789,89.475,1840.61325313,766.72454578,4,0,0.23599419,4470.25,1816.0
1790,89.525,1845.39723863,768.91902242,4,0,0.41019496,4469.25,1816.0
1791,89.575,1850.04425138,771.18234786,4,0,0.39587592,4468.0,1816.0
1792,89.625,1854.57352957,773.51418448,4,0,0.34555291,4466.5,1812.0
1793,89.675,1859.1006438,776.03933224,4,0,0.2907584,4464.25,1804.0
1794,89.725,1863.58531477,778.34436846,4,0,0.23501214,4463.75,1801.0
1795,89.775,1867.81459162,779.91398822,4,0,0.21724298,4463.5,1800.0
1796,89.825,1872.01056233,781.32785686,4,0,0.29379099,4461.0,1795.0
1797,89.875,1876.35625234,783.53584522,4,0,0.38667914,4458.75,1794.0
1798,89.925,1881.2926559,792.04051799,3,0,0.87626022,4456.0,1791.0
1799,89.975,1886.55624693,792.84581332,2,0,0.80946861,4455.0,1788.0
1800,90.025,1891.72803008,794.46745835,2,0,0.79057868,4451.75,1778.0
1801,90.075,1896.75042253,796.10822034,2,0,0.67573924,4449.75,1774.0
1802,90.125,1901.6501122,797.75863101,2,0,0.56552701,4448.5,1772.0
1803,90.175,1906.50111261,799.41934645,2,0,0.52425197,4448.75,1770.0
1804,90.225,1911.19784483,800.56783766,2,0,0.38729383,4447.75,1768.0
1805,90.275,1915.62535193,801.30228476,2,0,0.22854942,4447.5,1764.0
1806,90.325,1919.86714727,802.20326723,2,0,0.15405649,4446.75,1761.0
1807,90.375,1924.00807744,803.13532275,2,0,0.15746316,4445.75,1759.0
1808,90.425,1928.35673799,809.74599395,1,0,0.44227903,4444.25,1763.0
1809,90.475,1932.93259099,809.62579706,1,0,0.45905231,4441.75,1756.0
1810,90.525,1937.47906824,809.57504231,1,0,0.51864252,4441.5,1755.0
1811,90.575,1941.76882368,809.69028442,1,0,0.28569011,4440.75,1751.0
1812,90.625,1945.84361688,809.97046246,1,0,0.0779128,4440.75,1751.0
1813,90.675,1949.93544557,810.25331615,1,0,0.06371166,4440.75,1751.0
1814,90.725,1953.98008094,810.51772537,1,0,0.04951053,4440.75,1751.0
1815,90.775,1957.89523397,810.76670709,1,0,0.03530939,4440.75,1751.0
1816,90.825,1961.73679913,810.99416841,1,0,0.02110826,4439.75,1746.0
1817,90.875,1965.52933215,811.21533095,1,0,0.0,4439.75,1746.0
1818,90.925,1969.27796059,811.45045441,1,0,0.0,4439.75,1746.0
1819,90.975,1972.96480273,811.77381732,1,0,0.0,4440.0,1746.0
1820,91.025,1976.56205045,812.10623498,1,0,0.0,4440.0,1746.0
1821,91.075,1980.06729755,812.43394303,1,0,0.0,4440.0,1746.0
1822,91.125,1983.47778095,812.73741108,1,0,0.0,4440.0,1746.0
1823,91.175,1986.80612161,812.75134906,1,0,0.0,4440.25,1747.0
1824,91.225,1990.08646972,812.69345441,1,0,0.0,4440.25,1747.0
1825,91.275,1993.3218476,812.65086572,1,0,0.0,4440.25,1747.0
1826,91.325,1996.50969597,812.6534659,1,0,0.0,4440.5,1749.0
1827,91.375,1999.59732332,813.40392471,1,0,0.0,4440.5,1749.0
1828,91.425,2002.52467183,814.20198869,1,0,0.0,4440.5,1749.0
1829,91.475,2005.26528858,815.01081182,1,0,0.0,4440.5,1749.0
1830,91.525,2007.82545079,815.82311354,1,0,0.0,4440.5,1749.0
1831,91.575,2010.1605095,816.39958149,1,0,0.0,4440.5,1749.0
1832,91.625,2012.35746369,815.54208543,1,0,0.0,4440.5,1749.0
1833,91.675,2014.45467148,814.28761761,1,0,0.0,4440.75,1749.0
1834,91.725,2016.56550146,813.02297286,1,0,0.0,4441.0,1749.0
1835,91.775,2018.72003224,811.78669428,1,0,0.0,4441.0,1749.0
1836,91.825,2020.86212548,810.58593116,1,0,0.0,4441.0,1749.0
1837,91.875,2023.10657027,809.91536216,1,0,0.0,4441.0,1749.0
1838,91.925,2025.33175225,809.614689,1,0,0.0,4441.0,1749.0
1839,91.975,2027.44459876,809.36821031,1,0,0.0,4441.25,1750.0
1840,92.025,2029.42291629,809.18534178,1,0,0.0,4441.25,1750.0
1841,92.075,2031.29440417,809.14583247,1,0,0.0,4441.25,1750.0
1842,92.125,2033.09883621,808.67065175,1,0,0.0,4441.25,1750.0
1843,92.175,2034.76758863,808.06830377,1,0,0.0,4441.25,1750.0
1844,92.225,2036.29227677,807.49574224,1,0,0.0,4441.25,1750.0
1845,92.275,2037.69430654,806.97001737,1,0,0.0,4441.25,1750.0
1846,92.325,2038.98008426,806.4740214,1,0,0.0,4441.75,1751.0
1847,92.375,2040.14899583,806.01217958,1,0,0.0,4442.0,1751.0
1848,92.425,2041.22840493,805.56942737,1,0,0.0,4442.0,1751.0
1849,92.475,2042.23125374,805.61017684,2,1,0.0,4442.0,1751.0
1850,92.525,2043.17350001,805.86943945,2,0,0.0,4442.0,1751.0
1851,92.575,2044.0524733,806.06545135,2,0,0.0,4442.0,1751.0
1852,92.625,2044.81301327,806.35071585,2,0,0.0,4442.0,1751.0
1853,92.675,2045.4683491,806.65923048,2,0,0.0,4442.0,1751.0
1854,92.725,2046.04146455,807.03761318,2,0,0.01095967,4441.75,1751.0
1855,92.775,2046.47868079,807.5033958,2,0,0.01357347,4441.75,1751.0
1856,92.825,2046.7909967,808.11371751,2,0,0.01618726,4442.0,1751.0
1857,92.875,2047.10873721,808.7514967,2,0,0.01880106,4443.0,1751.0
1858,92.925,2047.45765374,809.40014568,2,0,0.02141486,4443.0,1753.0
1859,92.975,2047.77527752,809.74542425,2,0,0.02402865,4443.0,1752.0
1860,93.025,2048.02637058,810.11681374,2,0,0.02664245,4443.25,1752.0
1861,93.075,2048.21806671,810.69682483,2,0,0.02925624,4443.0,1752.0
1862,93.125,2048.35519855,811.27099504,2,0,0.03187004,4443.0,1752.0
1863,93.175,2048.38858752,811.88481551,2,0,0.03448384,4443.0,1752.0
1864,93.225,2048.33229503,812.55960153,2,0,0.03709763,4442.75,1753.0
1865,93.275,2048.14603498,813.2694121,2,0,0.03971143,4442.5,1753.0
1866,93.325,2047.83874862,814.74705219,2,0,0.07226164,4442.0,1752.0
1867,93.375,2047.32762592,815.27750384,2,0,0.08093678,4442.25,1752.0
1868,93.425,2046.35296333,815.86710563,2,0,0.03187633,4442.25,1752.0
1869,93.475,2045.09403342,815.92482884,2,0,0.03561405,4442.0,1752.0
1870,93.525,2043.79801616,815.63910513,2,0,0.03935176,4441.75,1753.0
1871,93.575,2042.49347415,815.35795722,2,0,0.04308948,4441.5,1754.0
1872,93.625,2041.20266077,815.08922326,2,0,0.04727004,4441.0,1754.0
1873,93.675,2039.95087473,815.14113378,2,0,0.0515616,4441.0,1754.0
1874,93.725,2038.71487162,815.38200663,2,0,0.0557894,4440.75,1751.0
1875,93.775,2037.44991265,815.64162819,2,0,0.0600172,4440.5,1751.0
1876,93.825,2035.97810953,816.07774065,3,1,0.064245,4440.75,1751.0
1877,93.875,2034.46398121,817.18941467,3,0,0.09275042,4440.0,1751.0
1878,93.925,2032.96133659,817.49829464,2,0,0.09865576,4439.75,1752.0
1879,93.975,2031.42473342,817.71492689,2,0,0.09791347,4439.25,1752.0
1880,94.025,2029.80643034,818.08918938,2,0,0.09860138,4439.0,1752.0
1881,94.075,2028.1096088,818.45793321,2,0,0.09928929,4438.0,1750.0
1882,94.125,2026.36106952,818.83150333,2,0,0.0999772,4437.75,1751.0
1883,94.175,2024.55398478,819.20566782,2,0,0.10066511,4437.5,1751.0
1884,94.225,2022.69391165,819.61413273,2,0,0.10135302,4437.5,1751.0
1885,94.275,2020.81061863,820.06336257,2,0,0.1023153,4437.5,1752.0
1886,94.325,2018.92212542,820.20038144,2,0,0.10438754,4437.0,1750.0
1887,94.375,2017.00521338,820.24980252,2,0,0.10642781,4435.75,1750.0
1888,94.425,2015.0970782,820.30765798,2,0,0.10846808,4435.75,1751.0
1889,94.475,2013.20852361,820.37667128,2,0,0.10949828,4435.75,1751.0
1890,94.525,2011.30726673,820.54415493,2,0,0.10593475,4435.25,1750.0
1891,94.575,2009.27660837,820.88155865,2,0,0.10218073,4434.75,1749.0
1892,94.625,2007.18878048,821.27271696,2,0,0.09987442,4434.75,1749.0
1893,94.675,2005.1190899,821.71972918,2,0,0.10081621,4433.5,1750.0
1894,94.725,2003.1612665,823.1157038,2,0,0.17495088,4433.5,1750.0
1895,94.775,2001.21225901,823.15421223,2,0,0.12492956,4433.0,1749.0
1896,94.825,1999.18664873,823.7924028,2,0,0.1080545,4432.25,1750.0
1897,94.875,1997.02266002,824.48601603,2,0,0.10955422,4431.5,1750.0
1898,94.925,1994.63506831,825.14815868,2,0,0.11105395,4431.25,1750.0
1899,94.975,1992.14059684,825.77968253,2,0,0.11255367,4430.5,1748.0
1900,95.025,1989.6229899,825.73929274,4,0,0.11405339,4430.25,1748.0
1901,95.075,1987.36079337,822.9027824,4,0,0.11555312,4430.0,1748.0
1902,95.125,1985.30922332,821.06702308,4,0,0.11705284,4430.25,1749.0
1903,95.175,1983.36570257,819.74566866,4,0,0.11855256,4430.0,1750.0
1904,95.225,1981.49853979,818.86230387,4,0,0.12005229,4428.75,1749.0
1905,95.275,1979.66874014,818.00244806,4,0,0.12155201,4428.0,1749.0
1906,95.325,1977.77643417,817.4325574,4,0,0.12292065,4428.0,1749.0
1907,95.375,1975.80466953,816.8976893,4,0,0.12181911,4427.75,1749.0
1908,95.425,1973.76565458,816.37185603,4,0,0.12177345,4426.5,1749.0
1909,95.475,1971.66695641,815.83831587,4,0,0.1217278,4425.0,1750.0
1910,95.525,1969.53303331,815.30975585,4,0,0.12168214,4426.25,1750.0
1911,95.575,1967.44453067,815.16748558,4,0,0.13904852,4424.75,1749.0
1912,95.625,1965.53537611,815.09486963,4,0,0.22629943,4425.0,1750.0
1913,95.675,1963.72384233,814.87061725,4,0,0.22323849,4424.75,1750.0
1914,95.725,1961.88741727,814.85534881,4,0,0.2076213,4423.0,1749.0
1915,95.775,1960.01598584,814.50880451,4,0,0.21152432,4423.0,1749.0
1916,95.825,1958.11686601,814.08049256,4,0,0.21573517,4422.25,1750.0
1917,95.875,1956.24151044,813.5624414,4,0,0.22147921,4421.75,1751.0
1918,95.925,1954.41762572,813.14384461,4,0,0.24071317,4421.5,1750.0
1919,95.975,1952.67231683,812.77090474,4,0,0.25021282,4421.0,1751.0
1920,96.025,1951.00576621,812.44368359,4,0,0.25586124,4419.0,1751.0
1921,96.075,1949.44646002,812.72567164,4,0,0.28787073,4418.5,1749.0
1922,96.125,1947.97725597,812.04053473,4,0,0.30196981,4417.5,1749.0
1923,96.175,1946.43981771,811.48761104,4,0,0.24699707,4417.5,1750.0
1924,96.225,1944.89239714,810.95609611,4,0,0.24402798,4416.75,1749.0
1925,96.275,1943.33417731,810.45801194,4,0,0.24269643,4414.5,1749.0
1926,96.325,1941.78953927,810.01284626,4,0,0.24316262,4413.25,1749.0
1927,96.375,1940.25236908,809.5954612,4,0,0.24362881,4413.0,1750.0
1928,96.425,1938.70992656,809.20957839,4,0,0.244095,4412.5,1750.0
1929,96.475,1937.11612976,808.93784448,4,0,0.24456119,4412.0,1750.0
1930,96.525,1935.47723249,808.76055022,4,0,0.24502738,4410.75,1748.0
1931,96.575,1933.79979274,808.61935929,4,0,0.24549357,4410.25,1748.0
1932,96.625,1932.06084635,808.5950578,4,0,0.24647455,4409.25,1748.0
1933,96.675,1930.23273644,808.20770262,4,0,0.24990336,4408.75,1749.0
1934,96.725,1928.34941758,807.67944662,4,0,0.25362313,4408.75,1749.0
1935,96.775,1926.40376187,807.15308213,4,0,0.2573429,4406.5,1748.0
1936,96.825,1924.39953538,806.6495993,4,0,0.26106267,4407.0,1748.0
1937,96.875,1922.38974285,806.68846195,4,0,0.29246265,4405.5,1749.0
1938,96.925,1920.42889224,806.45951224,4,0,0.32940926,4403.5,1748.0
1939,96.975,1918.48576452,805.95665112,4,0,0.30496999,4403.5,1748.0
1940,97.025,1916.58551843,805.6442903,4,0,0.28375474,4401.75,1750.0
1941,97.075,1914.75167903,805.12602976,4,0,0.28740796,4401.0,1750.0
1942,97.125,1912.97362087,804.37153964,4,0,0.29106547,4401.0,1750.0
1943,97.175,1911.18609407,803.55920229,4,0,0.29472297,4400.75,1752.0
1944,97.225,1909.38937166,802.67029065,4,0,0.29838048,4399.25,1752.0
1945,97.275,1907.61395599,801.76896237,4,0,0.30203799,4399.0,1752.0
1946,97.325,1905.86391138,800.9131468,4,0,0.3056955,4398.5,1754.0
1947,97.375,1904.13723614,800.10201705,4,0,0.309353,4396.25,1753.0
1948,97.425,1902.43212192,799.40306975,4,0,0.31301051,4395.25,1753.0
1949,97.475,1900.78023555,799.05962547,4,0,0.34578114,4393.5,1753.0
1950,97.525,1899.2170348,798.62300516,4,0,0.40418767,4393.5,1753.0
1951,97.575,1897.63505741,797.85417368,4,0,0.34411224,4392.75,1756.0
1952,97.625,1896.11819645,797.55196565,4,0,0.33958073,4391.75,1756.0
1953,97.675,1894.65260038,797.50627187,4,0,0.34994387,4391.75,1756.0
1954,97.725,1893.2133345,797.5040073,4,0,0.36030702,4390.0,1756.0
1955,97.775,1891.78832736,797.53011641,4,0,0.37067016,4388.0,1756.0
1956,97.825,1890.36137107,797.58589492,4,0,0.3810333,4387.0,1757.0
1957,97.875,1888.90497612,797.73468091,4,0,0.39139645,4387.25,1758.0
1958,97.925,1887.40744377,797.93210413,4,0,0.40175959,4384.25,1756.0
1959,97.975,1885.85938486,798.13142888,4,0,0.41212274,4383.75,1756.0
1960,98.025,1884.28535091,798.32670903,4,0,0.42240467,4382.0,1755.0
1961,98.075,1882.60913397,798.06247264,4,0,0.42844472,4382.5,1755.0
1962,98.125,1880.88859693,797.64636906,4,0,0.42732292,4380.25,1757.0
1963,98.175,1879.21964739,797.2714683,4,0,0.42415265,4379.25,1757.0
1964,98.225,1877.61304648,796.92405521,4,0,0.42624242,4377.25,1757.0
1965,98.275,1875.98035167,796.60954627,4,0,0.4296243,4377.5,1757.0
1966,98.325,1874.29422305,796.55653302,4,0,0.44305517,4377.25,1759.0
1967,98.375,1872.57719691,797.02101499,4,0,0.46643398,4376.0,1757.0
1968,98.425,1870.84718632,797.57267576,4,0,0.51740634,4376.0,1757.0
1969,98.475,1869.05924823,798.03914341,4,0,0.53516407,4373.25,1758.0
1970,98.525,1867.12282712,798.26328924,5,1,0.53676163,4371.5,1761.0
1971,98.575,1865.23176923,797.87712904,4,0,0.53318176,4370.25,1761.0
1972,98.625,1863.36067468,797.00107133,4,0,0.52655443,4369.0,1761.0
1973,98.675,1861.51220421,796.14286643,4,0,0.52902532,4367.5,1761.0
1974,98.725,1859.69815233,795.30154235,4,0,0.53143769,4367.25,1761.0
1975,98.775,1857.86689049,794.5557401,4,0,0.53385005,4365.0,1760.0
1976,98.825,1855.96220599,793.86098103,4,0,0.53626241,4364.5,1761.0
1977,98.875,1853.97216976,793.20602592,4,0,0.53867478,4361.0,1761.0
1978,98.925,1851.77963222,792.60580039,4,0,0.5619112,4360.5,1762.0
1979,98.975,1849.36400277,792.50750736,4,0,0.64068173,4360.0,1764.0
1980,99.025,1846.59107097,792.62857882,4,0,0.66844915,4358.5,1764.0
1981,99.075,1843.47209626,792.75910092,4,0,0.69621549,4358.25,1765.0
1982,99.125,1840.09358846,792.91940757,4,0,0.72067364,4357.75,1768.0
1983,99.175,1836.46189501,793.20312435,4,0,0.72270429,4354.75,1769.0
1984,99.225,1832.55280263,794.11896224,4,0,0.73140399,4352.75,1769.0
1985,99.275,1828.38691227,795.18423249,4,0,0.7941628,4351.25,1769.0
1986,99.325,1822.98653274,797.14695972,5,1,0.86919547,4348.0,1770.0
1987,99.375,1815.60181856,793.98453371,6,0,1.11286479,4343.75,1766.0
1988,99.425,1809.80071294,787.68480843,6,0,1.46502096,4341.0,1765.0
1989,99.475,1804.31704292,782.21006653,6,0,1.62739205,4337.5,1766.0
1990,99.525,1800.51991409,779.33802329,5,0,1.69917058,4337.25,1766.0
1991,99.575,1797.38971329,775.8164073,5,0,1.71145426,4330.25,1764.0
1992,99.625,1794.70127953,772.63686183,5,0,1.70359059,4328.75,1764.0
1993,99.675,1792.16149695,769.51515431,5,0,1.68772123,4329.25,1765.0
1994,99.725,1790.12362775,765.60575451,5,0,1.64187572,4326.75,1762.0
1995,99.775,1788.46126338,762.7266472,5,0,1.45851052,4322.5,1762.0
1996,99.825,1786.54064687,760.25542316,5,0,1.29688425,4320.25,1761.0
1997,99.875,1784.41054299,757.66124068,5,0,1.30913965,4317.25,1759.0
1998,99.925,1782.15595086,754.93904073,5,0,1.28818519,4315.5,1760.0
1999,99.975,1779.8483939,752.56965512,5,0,1.27416423,4313.0,1759.0
2000,100.025,1777.30034206,750.11217017,5,0,1.26210049,4309.25,1762.0
2001,100.075,1775.06263865,747.54961849,5,0,1.25003674,4306.25,1761.0
2002,100.125,1773.27282553,745.06458934,5,0,1.23797299,4305.0,1762.0
2003,100.175,1771.73664152,743.1310793,5,0,1.22552965,4304.0,1763.0
2004,100.225,1770.33356027,741.21646318,5,0,1.21225068,4301.5,1762.0
2005,100.275,1769.01968123,739.98755997,5,0,1.23814716,4297.5,1762.0
2006,100.325,1767.43608834,738.33249287,5,0,1.12525311,4296.25,1763.0
2007,100.375,1765.2818382,736.69878131,5,0,1.04966185,4294.75,1763.0
2008,100.425,1763.10314102,735.33215018,5,0,1.03241412,4291.0,1761.0
2009,100.475,1760.95649797,734.04748448,5,0,1.00474146,4289.25,1762.0
2010,100.525,1759.09374313,732.82096471,5,0,1.01692821,4287.25,1763.0
2011,100.575,1757.47980286,731.70526037,5,0,1.02910004,4284.5,1765.0
2012,100.625,1755.95024927,730.85186204,5,0,1.03679275,4282.5,1766.0
2013,100.675,1754.34134342,730.28653199,5,0,1.04115095,4279.5,1766.0
2014,100.725,1752.66867769,729.84945049,5,0,1.05974533,4275.25,1764.0
2015,100.775,1751.32882594,729.68261663,5,0,1.1486584,4272.5,1763.0
2016,100.825,1749.85305413,728.50864211,5,0,1.18349109,4272.75,1762.0
2017,100.875,1748.27028785,726.88179088,5,0,1.14173734,4269.0,1765.0
2018,100.925,1746.68089589,725.13393522,5,0,1.14470403,4266.75,1764.0
2019,100.975,1745.21360616,723.17976826,5,0,1.17430799,4264.5,1765.0
2020,101.025,1744.01673357,720.59907256,5,0,1.20348958,4260.75,1761.0
2021,101.075,1743.24857275,717.45155783,5,1,1.22892228,4257.25,1758.0
2022,101.125,1742.80201,716.53420713,4,0,1.25321368,4254.75,1754.0
2023,101.175,1742.37361544,715.84899577,4,0,1.26725287,4250.0,1753.0
2024,101.225,1741.99249617,715.59291206,4,0,1.28038625,4248.75,1754.0
2025,101.275,1741.68867919,715.57565443,4,0,1.31858766,4243.5,1752.0
2026,101.325,1741.44902094,715.84454146,4,0,1.35424856,4243.5,1754.0
2027,101.375,1741.25684406,716.25525626,4,0,1.3774147,4238.25,1753.0
2028,101.425,1740.99605685,716.66260913,4,0,1.38732464,4236.0,1756.0
2029,101.475,1740.69156711,717.13892277,4,0,1.39322554,4232.5,1756.0
2030,101.525,1740.43849656,717.7970628,4,0,1.44634392,4230.25,1753.0
2031,101.575,1740.250469,718.56035958,4,0,1.48258026,4225.75,1754.0
2032,101.625,1740.09924353,719.36461968,4,0,1.46044256,4224.0,1755.0
2033,101.675,1739.98027367,720.10340023,4,0,1.43357073,4220.75,1755.0
2034,101.725,1739.91724756,720.27151833,4,0,1.41537297,4218.0,1756.0
2035,101.775,1739.88167505,720.3792119,4,0,1.42504938,4214.0,1756.0
2036,101.825,1739.93556413,720.47562239,4,0,1.46490677,4210.0,1757.0
2037,101.875,1740.10369762,720.56461001,4,0,1.50661959,4206.75,1756.0
2038,101.925,1740.37792735,720.67247738,4,0,1.54844091,4202.75,1757.0
2039,101.975,1740.73503922,720.81764139,4,0,1.59026223,4200.5,1755.0
2040,102.025,1741.16260916,720.96741294,4,0,1.63208354,4196.5,1754.0
2041,102.075,1741.63142742,721.40440262,4,0,1.66731007,4192.0,1752.0
2042,102.125,1742.16894626,721.70120099,4,0,1.69594758,4188.0,1751.0
2043,102.175,1742.77696171,721.81145721,4,0,1.71431808,4184.75,1747.0
2044,102.225,1743.3695456,721.5595519,4,0,1.72235407,4181.25,1746.0
2045,102.275,1743.95452848,721.24432796,4,0,1.71237205,4175.0,1743.0
2046,102.325,1744.61321586,720.96336191,4,0,1.72546875,4173.0,1744.0
2047,102.375,1745.37329789,720.6824624,4,0,1.75909442,4167.5,1744.0
2048,102.425,1746.25620018,720.42679205,4,0,1.7784523,4164.0,1745.0
2049,102.475,1747.27833313,720.21972078,4,0,1.81246533,4162.75,1743.0
2050,102.525,1748.44807039,720.14897451,4,0,1.83942567,4158.25,1743.0
2051,102.575,1749.79501917,720.12338313,4,0,1.87657588,4155.0,1743.0
2052,102.625,1751.39348475,720.33953242,4,0,1.96793681,4151.25,1745.0
2053,102.675,1753.19039258,720.7249749,4,0,2.04125485,4144.75,1744.0
2054,102.725,1755.08701746,721.14694908,4,0,2.08852649,4141.75,1743.0
2055,102.775,1757.06361432,721.55170905,4,0,2.11634421,4136.0,1743.0
2056,102.825,1759.12238484,721.92157534,4,0,2.1375027,4133.5,1741.0
2057,102.875,1761.25369177,722.32480739,4,0,2.15133708,4130.5,1741.0
2058,102.925,1763.44909772,722.72864192,4,0,2.16130171,4126.25,1741.0
2059,102.975,1765.7030586,723.1229043,4,0,2.17042918,4117.75,1738.0
2060,103.025,1767.98901714,723.51769344,4,0,2.20221989,4113.25,1738.0
2061,103.075,1770.36761247,723.95497093,4,0,2.23977091,4109.75,1738.0
2062,103.125,1772.87616039,724.20671208,4,0,2.30737112,4105.25,1738.0
2063,103.175,1775.47266778,724.15121709,4,0,2.38067635,4100.25,1738.0
2064,103.225,1778.15759604,724.10457284,4,0,2.44494156,4097.0,1739.0
2065,103.275,1780.95072884,724.09000208,4,0,2.51919385,4092.75,1740.0
2066,103.325,1783.89987589,724.0987221,4,0,2.58872603,4089.0,1742.0
2067,103.375,1786.96633774,724.24770043,4,0,2.62399541,4086.0,1745.0
2068,103.425,1790.31263167,724.67674193,4,0,2.75361115,4078.75,1744.0
2069,103.475,1793.8917668,725.19366528,4,0,2.80774863,4072.0,1743.0
2070,103.525,1797.56726455,725.69783045,4,0,2.76942168,4067.0,1742.0
2071,103.575,1801.37961204,726.17755038,4,0,2.76732614,4060.0,1741.0
2072,103.625,1805.30896534,726.80521724,4,0,2.78328645,4054.75,1742.0
2073,103.675,1809.44913426,727.51432295,4,0,2.89358803,4051.25,1741.0
2074,103.725,1813.80530295,728.35020362,4,0,3.00948032,4044.0,1742.0
2075,103.775,1818.33743705,729.212061,4,0,3.08244704,4041.5,1742.0
2076,103.825,1823.03688997,730.07694717,4,0,3.1482395,4036.25,1741.0
2077,103.875,1827.90450337,730.95225625,4,0,3.21307534,4030.5,1738.0
2078,103.925,1832.90679945,731.98903098,4,0,3.28560287,4024.0,1742.0
2079,103.975,1837.99415783,733.08879191,4,0,3.33226525,4017.0,1740.0
2080,104.025,1843.10391528,734.18337379,4,0,3.29371176,4010.75,1738.0
2081,104.075,1848.34963666,735.32143496,4,0,3.36751708,4002.25,1739.0
2082,104.125,1853.78133246,736.46059241,4,0,3.45130571,3997.5,1741.0
2083,104.175,1859.39539073,737.63863219,4,0,3.53320755,3992.75,1742.0
2084,104.225,1865.14186012,738.93169947,4,0,3.61357667,3983.75,1740.0
2085,104.275,1871.00964806,740.28532379,4,0,3.69322932,3978.0,1735.0
2086,104.325,1877.00007684,741.65381402,4,0,3.76638076,3972.5,1731.0
2087,104.375,1883.0503368,743.01263697,4,0,3.77475466,3965.5,1730.0
2088,104.425,1889.14614232,744.35061525,4,0,3.77520237,3959.75,1731.0
2089,104.475,1895.46712181,745.73601332,4,0,3.94014496,3957.75,1727.0
2090,104.525,1901.95832555,747.04457888,4,0,4.12163771,3945.75,1729.0
2091,104.575,1908.43503861,748.35412942,4,0,4.09642897,3940.75,1727.0
2092,104.625,1914.98375043,749.68883629,4,0,4.11646932,3934.5,1728.0
2093,104.675,1921.69123886,751.08557691,4,0,4.18293749,3926.75,1729.0
2094,104.725,1928.5535379,752.67457307,4,0,4.27951563,3920.75,1730.0
2095,104.775,1935.73392198,754.56322227,4,0,4.54199945,3914.5,1731.0
2096,104.825,1943.12672759,756.55020987,4,0,4.66803587,3904.5,1730.0
2097,104.875,1950.69225497,758.55035246,4,0,4.78158672,3897.75,1729.0
2098,104.925,1958.28970795,760.32197116,4,0,4.81594355,3890.5,1730.0
2099,104.975,1965.8914277,761.97826968,4,0,4.8810509,3878.75,1729.0
2100,105.025,1973.45616091,763.68607678,4,0,4.96970397,3872.5,1729.0
2101,105.075,1981.08506213,765.41187106,4,0,5.06267149,3867.75,1730.0
2102,105.125,1988.8203129,767.14764709,4,0,5.16740343,3857.0,1732.0
2103,105.175,1996.62096118,768.91285962,4,0,5.27347082,3851.5,1732.0
2104,105.225,2004.56485853,771.06426038,4,0,5.4444613,3844.0,1732.0
2105,105.275,2012.71320782,773.27053146,4,0,5.6449505,3835.0,1729.0
2106,105.325,2020.8282952,775.72200071,4,0,5.65497904,3822.75,1731.0
2107,105.375,2029.03803107,778.22811372,4,0,5.76369285,3815.25,1727.0
2108,105.425,2037.40574787,780.29242101,4,0,5.94616147,3805.25,1729.0
2109,105.475,2045.9598359,782.43821155,4,0,6.17448163,3798.25,1729.0
2110,105.525,2054.70291293,784.62933812,4,0,6.40461533,3787.75,1732.0
2111,105.575,2063.59145531,786.83481981,4,0,6.60355968,3777.75,1733.0
2112,105.625,2072.61449626,789.05188329,4,0,6.77966117,3765.75,1731.0
2113,105.675,2081.78995321,791.30195184,4,0,6.96631782,3757.75,1729.0
2114,105.725,2091.11796333,793.615082,4,0,7.13685023,3750.0,1727.0
2115,105.775,2100.83195828,796.72921245,4,0,7.54240938,3741.0,1727.0
2116,105.825,2110.94807242,800.34048939,4,0,7.92986565,3727.0,1724.0
2117,105.875,2121.20015313,803.44025227,4,0,8.098804,3713.25,1720.0
2118,105.925,2131.79747223,806.24154212,4,0,8.48082273,3702.0,1720.0
2119,105.975,2142.40435974,809.58005866,4,0,8.53535694,3691.25,1723.0
2120,106.025,2153.41591072,814.02586937,4,0,8.94906905,3674.25,1721.0
2121,106.075,2165.76470184,823.31277853,5,1,10.25133382,3665.0,1721.0
2122,106.125,2180.49401476,833.71997159,5,0,12.32949136,3647.25,1725.0
2123,106.175,2198.86726237,847.68670267,4,0,15.64522937,3625.0,1723.0
2124,106.225,2217.22497797,851.93453585,4,0,15.16368256,3603.25,1709.0
2125,106.275,2235.55086527,858.9452869,4,0,15.32624335,3580.75,1697.0
2126,106.325,2254.96979844,868.0117839,4,0,16.45892295,3554.25,1684.0
2127,106.375,2274.29005279,871.15591719,3,0,16.30187449,3538.25,1687.0
2128,106.425,2293.59813135,871.21750427,3,0,16.30983034,3518.5,1681.0
2129,106.475,2312.64643087,871.34669539,3,0,16.18686099,3503.5,1676.0
2130,106.525,2331.44802232,871.48832883,3,0,16.07005245,3477.25,1675.0
2131,106.575,2350.00432929,871.6780582,3,0,15.97128033,3462.0,1672.0
2132,106.625,2368.32391168,871.89980741,3,0,15.87998495,3439.75,1667.0
2133,106.675,2386.4349698,872.1634673,3,0,15.81860797,3422.25,1665.0
2134,106.725,2404.10644919,872.31252076,3,0,15.70862179,3404.0,1663.0
2135,106.775,2421.18929299,872.26346131,3,0,15.61484427,3386.5,1659.0
2136,106.825,2437.7680817,872.0118887,3,0,15.52681897,3367.5,1658.0
2137,106.875,2453.95368393,871.75757106,3,0,15.43300448,3347.25,1655.0
2138,106.925,2469.86333306,871.50621916,3,0,15.35476353,3334.0,1656.0
2139,106.975,2485.5574373,871.26305429,3,0,15.32640305,3314.0,1653.0
2140,107.025,2501.11825331,871.05239772,3,0,15.36255947,3299.0,1648.0
2141,107.075,2516.54660676,870.85602121,3,0,15.40399991,3278.0,1643.0
2142,107.125,2531.82813551,870.64513025,3,0,15.43153065,3265.5,1641.0
2143,107.175,2546.96597952,870.38938435,3,0,15.46745664,3245.5,1637.0
2144,107.225,2561.96148977,870.19895605,3,0,15.49263832,3229.75,1636.0
2145,107.275,2576.89990449,869.93412904,3,0,15.64428285,3204.5,1627.0
2146,107.325,2591.74187874,869.54495683,3,0,15.66968026,3189.0,1623.0
2147,107.375,2606.44069496,869.1597215,3,0,15.64071535,3175.25,1619.0
2148,107.425,2621.02592205,868.77299292,3,0,15.62615929,3159.5,1618.0
2149,107.475,2635.62865838,868.41597221,3,0,15.64491056,3141.0,1612.0
2150,107.525,2650.13867816,868.11716998,3,0,15.62733319,3129.25,1618.0
2151,107.575,2664.42740974,867.86556676,3,0,15.57810922,3105.5,1614.0
2152,107.625,2678.47404135,867.65978584,3,0,15.52052504,3086.5,1613.0
2153,107.675,2692.30646105,867.48099737,3,0,15.47312366,3068.25,1609.0
2154,107.725,2706.04914226,867.26684563,3,0,15.48756293,3050.75,1608.0
2155,107.775,2719.72494524,867.05768302,3,0,15.51818159,3032.25,1599.0
2156,107.825,2733.29070887,866.81747117,3,0,15.49076631,3017.0,1594.0
2157,107.875,2746.68165596,866.56393406,3,0,15.45308927,3004.25,1585.0
2158,107.925,2759.86076297,866.30225552,3,0,15.402085,2990.0,1578.0
2159,107.975,2772.88121899,866.0236226,3,0,15.46274198,2971.5,1571.0
2160,108.025,2785.88573406,865.72149244,3,0,15.68224783,2954.0,1569.0
2161,108.075,2798.80341407,865.42127089,3,0,15.7792908,2935.75,1567.0
2162,108.125,2811.52880686,865.38399457,3,0,15.73911417,2918.0,1568.0
2163,108.175,2824.01081718,865.45677914,3,0,15.69766552,2904.5,1569.0
2164,108.225,2836.05942914,865.53862874,3,0,15.60719045,2886.25,1562.0
2165,108.275,2847.94747153,865.63394828,3,0,15.59973543,2867.5,1559.0
2166,108.325,2859.75118702,865.7948488,3,0,15.65243586,2850.5,1555.0
2167,108.375,2871.39885868,865.95634429,3,0,15.63909036,2841.5,1555.0
2168,108.425,2883.06968985,864.41414873,4,0,15.71604637,2822.0,1552.0
2169,108.475,2894.88971436,860.5758312,6,1,15.77475544,2802.75,1548.0
2170,108.525,2907.05093662,858.33363125,6,0,15.87302054,2785.5,1542.0
2171,108.575,2919.29602945,856.73403097,5,0,15.85521403,2772.25,1532.0
2172,108.625,2931.36031225,854.93987323,5,0,15.8282309,2756.25,1527.0
2173,108.675,2943.32636305,853.69162128,5,0,15.89089797,2741.0,1522.0
2174,108.725,2955.19350348,852.43728871,5,0,15.91086889,2728.0,1511.0
2175,108.775,2966.8225785,851.26221699,5,0,15.84502794,2712.5,1504.0
2176,108.825,2978.20988171,850.19259164,5,0,15.81205675,2698.25,1501.0
2177,108.875,2989.36526869,849.20746519,5,0,15.79071231,2684.25,1496.0
2178,108.925,3000.3400349,848.29156313,5,0,15.78970925,2667.75,1488.0
2179,108.975,3011.2769492,847.45899916,5,0,15.94460298,2650.5,1484.0
2180,109.025,3021.74309735,847.87986561,5,0,15.86518145,2635.0,1482.0
2181,109.075,3031.88623196,848.90256275,4,0,15.92520326,2622.0,1477.0
2182,109.125,3041.79506264,847.31308848,3,0,15.94230803,2605.75,1472.0
2183,109.175,3051.33738072,844.58581462,3,0,15.82211075,2595.25,1466.0
2184,109.225,3060.34976024,841.77491178,3,0,15.58110418,2577.0,1450.0
2185,109.275,3068.85436457,839.09095537,3,0,15.47374656,2563.75,1446.0
2186,109.325,3076.92075859,836.46923401,3,0,15.40472054,2553.25,1437.0
2187,109.375,3084.4331013,833.91737008,3,0,15.14551319,2537.5,1428.0
2188,109.425,3091.24252111,831.36715698,3,0,14.91352285,2525.5,1424.0
2189,109.475,3097.337438,828.84443417,3,0,14.7741845,2514.25,1417.0
2190,109.525,3103.24655029,826.39976264,3,0,14.98702845,2503.75,1411.0
2191,109.575,3109.32152878,823.71345463,3,0,15.63376259,2489.75,1411.0
2192,109.625,3115.20719124,820.9372418,3,0,15.81272658,2474.25,1402.0
2193,109.675,3120.35884965,818.04133224,3,0,15.39307891,2463.25,1396.0
2194,109.725,3126.32646789,813.31751759,3,0,16.5130983,2464.25,1400.0
2195,109.775,3130.74473769,807.70463136,3,0,15.28420451,2449.5,1381.0
2196,109.825,3133.89926333,802.05533695,3,0,14.36428469,2435.0,1361.0
2197,109.875,3135.63164284,796.42758093,3,0,13.32855236,2427.75,1344.0
2198,109.925,3135.93204477,790.76641793,3,0,12.37994077,2427.5,1340.0
2199,109.975,3134.88171329,785.13696014,3,0,11.67355576,2414.75,1327.0
2200,110.025,3134.07727172,778.39066461,3,0,12.8196154,2405.75,1311.0
2201,110.075,3131.35985281,769.77917742,3,0,12.0324327,2394.0,1301.0
2202,110.125,3123.57968476,761.51323531,3,0,7.78423552,2391.0,1292.0
2203,110.175,3109.47634326,748.7304684,3,0,2.01161639,2392.75,1277.0
2204,110.225,3092.7755605,747.42941473,3,0,0.17921843,2398.5,1280.0
2205,110.275,3075.62983222,746.09613552,3,0,0.18369373,2402.5,1283.0
2206,110.325,3057.98743627,744.76796389,3,0,0.18963744,2407.75,1281.0
2207,110.375,3040.29236404,743.43173851,3,0,0.19282069,2412.25,1280.0
2208,110.425,3022.56408595,742.0827526,3,0,0.19532791,2417.0,1282.0
2209,110.475,3004.79511981,740.7295554,3,0,0.19783585,2424.0,1280.0
2210,110.525,2987.01309765,739.3424614,3,0,0.20198626,2428.25,1282.0
2211,110.575,2969.23143841,737.91737871,3,0,0.21400176,2436.25,1282.0
2212,110.625,2951.46543012,736.50318395,3,0,0.22710699,2443.25,1279.0
2213,110.675,2933.69263235,735.09115229,3,0,0.2376786,2449.25,1280.0
2214,110.725,2915.89827376,733.69818334,3,0,0.22177173,2451.25,1278.0
2215,110.775,2898.06872917,732.3181228,3,0,0.21418286,2459.5,1282.0
2216,110.825,2880.21713548,730.95671827,3,0,0.20525371,2467.0,1283.0
2217,110.875,2862.26966476,729.61309193,3,0,0.19197393,2472.75,1283.0
2218,110.925,2844.23702933,728.27103291,3,0,0.17786573,2481.0,1284.0
2219,110.975,2826.17518204,726.92789794,3,0,0.16375753,2486.75,1288.0
2220,111.025,2808.06907735,725.58174898,3,0,0.14964933,2494.0,1289.0
2221,111.075,2789.90141982,724.27008175,3,0,0.1387683,2503.25,1291.0
2222,111.125,2771.65558721,722.96255889,3,0,0.12253388,2509.75,1293.0
2223,111.175,2753.35396014,721.67690872,3,0,0.11685936,2519.75,1296.0
2224,111.225,2735.02016698,720.44793249,3,0,0.11118483,2528.75,1300.0
2225,111.275,2716.66995416,719.21870264,3,0,0.1055103,2535.25,1300.0
2226,111.325,2698.28460487,718.02395191,3,0,0.10234138,2544.5,1299.0
2227,111.375,2679.61818969,716.84480383,3,0,0.10187724,2551.5,1296.0
2228,111.425,2660.84864083,715.57302524,3,0,0.10185393,2562.5,1296.0
2229,111.475,2642.06341904,714.27704559,3,0,0.10183063,2568.5,1297.0
2230,111.525,2623.19990758,712.97882988,3,0,0.10180732,2578.0,1298.0
2231,111.575,2604.22085928,711.68356851,3,0,0.10178402,2583.25,1296.0
2232,111.625,2585.10401728,710.47247399,3,0,0.10176071,2591.5,1295.0
2233,111.675,2565.78703962,709.32122415,3,0,0.10173741,2600.0,1295.0
2234,111.725,2546.38501164,708.21291817,3,0,0.11407288,2605.25,1294.0
2235,111.775,2526.94448294,707.0929484,3,0,0.11864533,2616.5,1295.0
2236,111.825,2507.51307299,705.95160441,3,0,0.12254172,2622.75,1294.0
2237,111.875,2488.05685056,704.90746962,3,0,0.11470183,2632.75,1297.0
2238,111.925,2468.52825937,703.9824694,3,0,0.10115845,2638.75,1295.0
2239,111.975,2448.95435693,703.06130441,3,0,0.10071811,2644.75,1295.0
2240,112.025,2429.1808592,702.14695943,3,0,0.10027777,2654.0,1295.0
2241,112.075,2409.32002672,701.26707475,3,0,0.09983744,2659.0,1295.0
2242,112.125,2389.39891476,700.41022691,3,0,0.0993971,2667.25,1295.0
2243,112.175,2369.34184748,699.5283079,3,0,0.09895677,2673.5,1295.0
2244,112.225,2349.34919534,698.70082946,3,0,0.09851643,2681.75,1296.0
2245,112.275,2329.39675385,697.90419245,3,0,0.09783338,2686.75,1295.0
2246,112.325,2309.52248363,697.06370461,3,0,0.09752071,2695.25,1298.0
2247,112.375,2289.77510779,696.25756831,3,0,0.09730414,2700.25,1299.0
2248,112.425,2270.09103431,695.45824064,3,0,0.0964172,2706.75,1299.0
2249,112.475,2250.47152519,694.67970757,3,0,0.09526992,2713.75,1302.0
2250,112.525,2230.91399326,693.90469693,3,0,0.0940543,2718.25,1302.0
2251,112.575,2211.40801893,693.1895702,3,0,0.09237358,2725.0,1301.0
2252,112.625,2191.8943853,692.53684224,3,0,0.0906891,2730.75,1303.0
2253,112.675,2172.29296335,691.97682777,3,0,0.08900463,2733.0,1302.0
2254,112.725,2152.58294342,691.44936212,3,0,0.08732015,2738.25,1302.0
2255,112.775,2132.70393588,690.88430526,3,0,0.08563567,2742.25,1303.0
2256,112.825,2112.39078791,690.12744812,3,0,0.0839512,2744.0,1303.0
2257,112.875,2091.96425912,689.32990829,3,0,0.08226672,2745.75,1303.0
2258,112.925,2071.47015743,688.51844127,3,0,0.08058225,2745.75,1302.0
2259,112.975,2050.98077777,687.73571947,3,0,0.07889777,2746.25,1302.0
2260,113.025,2030.56620582,686.91208341,3,0,0.07721329,2747.25,1303.0
2261,113.075,2010.23462187,686.12032067,3,0,0.07552882,2748.75,1304.0
2262,113.125,1989.97705335,685.36796244,3,0,0.07384434,2748.0,1303.0
2263,113.175,1969.75275944,684.58688358,3,0,0.07215986,2748.0,1303.0
2264,113.225,1949.59159301,683.82452606,3,0,0.07047539,2749.75,1306.0
2265,113.275,1929.60079541,683.06517779,3,0,0.06879091,2750.25,1307.0
2266,113.325,1909.72357876,682.27339537,3,0,0.06724661,2750.0,1308.0
2267,113.375,1890.01626856,681.51106731,3,0,0.07051994,2750.5,1308.0
2268,113.425,1870.56217584,680.76888656,3,0,0.07304473,2750.75,1306.0
2269,113.475,1851.33981481,680.04463592,3,0,0.07420249,2751.0,1307.0
2270,113.525,1831.99597241,679.34870557,3,0,0.07536025,2752.25,1308.0
2271,113.575,1812.34630726,678.64336275,3,0,0.0761357,2752.75,1309.0
2272,113.625,1792.68115989,677.92018681,3,0,0.0754875,2752.75,1309.0
2273,113.675,1773.25693341,677.18261233,3,0,0.07477699,2752.5,1308.0
2274,113.725,1753.56620559,676.33405568,3,0,0.07406648,2752.0,1308.0
2275,113.775,1733.31939806,675.51529672,3,0,0.07335597,2753.75,1310.0
2276,113.825,1713.44841839,674.49788465,3,0,0.07264546,2754.0,1309.0
2277,113.875,1694.09160167,673.49648721,3,0,0.07193495,2753.5,1308.0
2278,113.925,1675.30214093,672.51189115,3,0,0.07122444,2755.25,1310.0
2279,113.975,1657.07602918,671.42655703,3,0,0.07051393,2755.0,1309.0
2280,114.025,1639.16742614,670.15975568,3,0,0.06980341,2755.25,1309.0
2281,114.075,1621.5704354,668.95039396,3,0,0.0690929,2755.75,1310.0
2282,114.125,1603.92693202,667.79879438,3,0,0.06838239,2756.75,1310.0
2283,114.175,1586.90416447,666.43955812,3,0,0.06767188,2757.0,1311.0
2284,114.225,1571.35566979,665.08987686,3,0,0.06696137,2757.0,1311.0
2285,114.275,1557.32310434,663.73050602,3,0,0.06625087,2757.25,1312.0
2286,114.325,1545.13408548,663.02552735,3,0,0.06486975,2757.0,1311.0
2287,114.375,1536.20139877,663.20608788,3,0,0.06110141,2757.25,1312.0
2288,114.425,1529.45804524,660.41590945,5,0,0.05952881,2756.75,1311.0
2289,114.475,1523.44482888,657.35480244,5,0,0.0609009,2757.75,1313.0
2290,114.525,1517.90475636,655.81255178,5,0,0.06226919,2758.75,1313.0
2291,114.575,1513.05790468,654.5944922,5,0,0.06167148,2758.5,1312.0
2292,114.625,1508.8539906,651.41881486,5,0,0.0561883,2758.75,1312.0
2293,114.675,1505.24489631,644.55460653,5,0,0.05601291,2759.75,1310.0
2294,114.725,1502.27239601,639.60642727,4,0,0.05581121,2760.25,1308.0
2295,114.775,1499.54398185,639.33200492,4,0,0.05559966,2760.75,1310.0
2296,114.825,1496.91621412,639.07694411,4,0,0.05538786,2761.25,1310.0
2297,114.875,1494.39774931,638.86072767,4,0,0.05517605,2762.0,1313.0
2298,114.925,1491.99239753,638.64756137,4,0,0.05496425,2763.0,1315.0
2299,114.975,1489.68070526,638.44706629,4,0,0.05475244,2764.0,1315.0
2300,115.025,1487.50222629,638.31951277,4,0,0.05454064,2763.75,1314.0
2301,115.075,1485.49388665,638.16585236,4,0,0.05432883,2764.0,1314.0
2302,115.125,1483.63870343,638.00429809,4,0,0.05411702,2764.25,1317.0
2303,115.175,1481.93910425,637.92012621,4,0,0.05390522,2765.5,1319.0
2304,115.225,1480.32590728,637.90140002,4,0,0.05369341,2765.75,1320.0
2305,115.275,1478.81616089,637.97818202,4,0,0.05342726,2766.25,1320.0
2306,115.325,1477.35887336,638.08828095,4,0,0.05300291,2766.25,1319.0
2307,115.375,1475.95173001,638.20184155,4,0,0.05257378,2766.25,1319.0
2308,115.425,1474.59224597,638.3333073,4,0,0.05214466,2766.25,1320.0
2309,115.475,1473.26092995,638.44602886,4,0,0.05171554,2768.25,1321.0
2310,115.525,1471.95773585,638.44842757,4,0,0.05128642,2768.25,1321.0
2311,115.575,1470.67451051,638.40265848,4,0,0.0508573,2768.5,1321.0
2312,115.625,1469.45945716,638.36387093,4,0,0.05054532,2768.75,1322.0
2313,115.675,1468.32548054,638.33319938,4,0,0.05082493,2768.5,1320.0
2314,115.725,1467.28391635,638.31167273,4,0,0.05123446,2769.25,1322.0
2315,115.775,1466.33218485,638.29688036,4,0,0.05164399,2770.25,1324.0
2316,115.825,1465.46394819,638.29493992,4,0,0.05205351,2770.75,1324.0
2317,115.875,1464.66373635,638.31578148,4,0,0.05246304,2772.75,1326.0
2318,115.925,1463.90653107,638.34705723,4,0,0.05277626,2773.0,1326.0
2319,115.975,1463.22110373,638.38884005,4,0,0.05159921,2772.5,1323.0
2320,116.025,1462.59400703,638.44063458,4,0,0.04944343,2773.0,1322.0
2321,116.075,1461.99070964,638.44869171,4,0,0.04727609,2774.0,1322.0
2322,116.125,1461.39742563,638.44870836,4,0,0.04510875,2774.0,1322.0
2323,116.175,1460.81663613,638.44890118,4,0,0.04294142,2775.5,1324.0
2324,116.225,1460.23032642,638.44680888,4,0,0.04130976,2775.75,1325.0
2325,116.275,1459.67069517,638.45320647,4,0,0.04102498,2776.0,1325.0
2326,116.325,1459.14705615,638.48334029,4,0,0.04082912,2776.25,1324.0
2327,116.375,1458.65221969,638.5138233,4,0,0.04063325,2778.0,1326.0
2328,116.425,1458.17659219,638.53508276,4,0,0.04043739,2779.0,1326.0
2329,116.475,1457.71700169,638.55850529,4,0,0.04024153,2779.75,1327.0
2330,116.525,1457.27819428,638.59869521,4,0,0.04004566,2780.75,1328.0
2331,116.575,1456.86010293,638.66560682,4,0,0.0398498,2780.75,1328.0
2332,116.625,1456.47647886,638.76657239,4,0,0.03965394,2780.75,1328.0
2333,116.675,1456.12171336,638.88067369,4,0,0.03945808,2780.5,1324.0
2334,116.725,1455.79923011,638.99451175,4,0,0.03926221,2782.25,1324.0
2335,116.775,1455.51777636,639.11659414,4,0,0.03906635,2782.0,1323.0
2336,116.825,1455.2657798,639.23982905,4,0,0.03884167,2783.25,1325.0
2337,116.875,1455.02031411,639.27986902,4,0,0.03749728,2784.5,1325.0
2338,116.925,1454.78945339,639.29345233,4,0,0.03737928,2784.75,1327.0
2339,116.975,1454.6086044,639.29672213,4,0,0.03726071,2785.0,1327.0
2340,117.025,1454.49790265,639.29579843,4,0,0.03714215,2786.0,1328.0
2341,117.075,1454.39316843,639.31563189,4,0,0.03702358,2787.0,1328.0
2342,117.125,1454.27291344,639.34413166,4,0,0.03690502,2787.0,1327.0
2343,117.175,1454.13164942,639.39836449,4,0,0.03678646,2787.75,1327.0
2344,117.225,1453.9667946,639.46823683,4,0,0.03666789,2787.75,1327.0
2345,117.275,1453.7914192,639.52264355,4,0,0.03654933,2788.0,1325.0
2346,117.325,1453.61432251,639.55709172,4,0,0.03643076,2790.75,1326.0
2347,117.375,1453.39152408,639.39703278,4,0,0.0363122,2792.0,1328.0
2348,117.425,1453.10144514,639.25628161,4,0,0.03619364,2793.25,1329.0
2349,117.475,1452.85030549,639.22817403,4,0,0.03607507,2793.75,1330.0
2350,117.525,1452.60162778,639.24781353,4,0,0.03595165,2794.0,1330.0
2351,117.575,1452.34709539,639.27959821,4,0,0.03529367,2794.75,1331.0
2352,117.625,1452.08701987,639.3113517,4,0,0.03359843,2794.5,1331.0
2353,117.675,1451.8254365,639.34558663,4,0,0.0320487,2794.5,1330.0
2354,117.725,1451.59349978,639.37932442,4,0,0.03151979,2795.25,1330.0
2355,117.775,1451.37135724,639.44806637,4,0,0.03119588,2797.75,1331.0
2356,117.825,1451.1471446,639.50801227,4,0,0.03087198,2799.0,1334.0
2357,117.875,1450.92729042,639.55299849,4,0,0.03054808,2800.25,1333.0
2358,117.925,1450.71063246,639.57732709,4,0,0.03022417,2800.75,1333.0
2359,117.975,1450.50324358,639.61284529,4,0,0.02990027,2801.75,1335.0
2360,118.025,1450.32297556,639.65603344,4,0,0.02957637,2801.0,1332.0
2361,118.075,1450.14933882,639.69976574,4,0,0.02925246,2802.25,1331.0
2362,118.125,1449.97567208,639.74272113,4,0,0.02892856,2803.25,1331.0
2363,118.175,1449.80094194,639.8108181,4,0,0.02860466,2803.5,1331.0
2364,118.225,1449.62259269,639.89465362,4,0,0.02828075,2804.25,1331.0
2365,118.275,1449.43968531,639.98081823,4,0,0.02795685,2805.75,1333.0
2366,118.325,1449.25525989,640.06863547,4,0,0.02763295,2807.25,1334.0
2367,118.375,1449.06898476,640.13583895,4,0,0.02730904,2807.5,1335.0
2368,118.425,1448.88098408,640.19904611,4,0,0.02696671,2807.5,1334.0
2369,118.475,1448.69431144,640.26172329,4,0,0.02659161,2807.5,1333.0
2370,118.525,1448.50608378,640.32959001,4,0,0.02630213,2809.25,1334.0
2371,118.575,1448.31497046,640.40033971,4,0,0.02601264,2809.25,1334.0
2372,118.625,1448.12118959,640.47378722,4,0,0.02572315,2811.25,1334.0
2373,118.675,1447.91649466,640.55060955,4,0,0.02543366,2812.0,1334.0
2374,118.725,1447.71632165,640.62230309,4,0,0.02514418,2813.0,1333.0
2375,118.775,1447.51842125,640.69007792,4,0,0.02485469,2813.75,1335.0
2376,118.825,1447.32235776,640.74487416,4,0,0.0245652,2814.0,1333.0
2377,118.875,1447.13273851,640.82547698,4,0,0.02427572,2814.5,1334.0
2378,118.925,1446.98631041,640.93285704,4,0,0.02398623,2815.25,1335.0
2379,118.975,1446.85387936,641.06092188,4,0,0.02359377,2816.5,1336.0
2380,119.025,1446.71991967,641.20021204,4,0,0.02276932,2817.75,1339.0
2381,119.075,1446.5868766,641.3583333,4,0,0.02181863,2818.75,1339.0
2382,119.125,1446.45570417,641.51912577,4,0,0.02086794,2821.0,1339.0
2383,119.175,1446.32173077,641.6552324,4,0,0.01991725,2822.0,1340.0
2384,119.225,1446.18880464,641.76881258,4,0,0.01940571,2822.5,1340.0
2385,119.275,1446.05609926,641.91830039,4,0,0.02126231,2823.0,1338.0
2386,119.325,1445.9130085,642.05881458,4,0,0.02350303,2824.5,1337.0
2387,119.375,1445.7545683,642.20282237,4,0,0.02533017,2824.5,1337.0
2388,119.425,1445.57987884,642.35185327,4,0,0.02513418,2825.5,1337.0
2389,119.475,1445.41465866,642.51517244,4,0,0.02469439,2826.5,1337.0
2390,119.525,1445.28430366,642.63741295,4,0,0.02425461,2827.0,1337.0
2391,119.575,1445.15531787,642.72412107,4,0,0.02381483,2827.0,1337.0
2392,119.625,1445.04071105,642.73540204,4,0,0.02337505,2827.5,1340.0
2393,119.675,1444.92209078,642.70877572,4,0,0.02293527,2827.5,1339.0
2394,119.725,1444.81365872,642.64748572,4,0,0.02249549,2827.75,1339.0
2395,119.775,1444.72375601,642.57844966,4,0,0.02205571,2829.25,1340.0
2396,119.825,1444.65346505,642.51127865,4,0,0.02161592,2830.5,1339.0
2397,119.875,1444.60528956,642.46435907,4,0,0.02117614,2831.25,1339.0
2398,119.925,1444.59076601,642.45400188,4,0,0.02073636,2832.5,1340.0
2399,119.975,1444.60437202,642.46009161,4,0,0.02029658,2833.25,1339.0
2400,120.025,1444.64078945,642.47508631,4,0,0.0198568,2833.25,1338.0
2401,120.075,1444.72388913,642.55635433,4,0,0.01941702,2833.5,1336.0
2402,120.125,1444.84763807,642.58441979,4,0,0.01897724,2834.25,1338.0
2403,120.175,1444.98053709,642.56495135,4,0,0.01853746,2834.25,1338.0
2404,120.225,1445.11596104,642.5410299,4,0,0.01809767,2834.75,1338.0
2405,120.275,1445.26086204,642.54317544,4,0,0.01765789,2835.5,1338.0
2406,120.325,1445.40440781,642.60637571,4,0,0.01721811,2836.25,1338.0
2407,120.375,1445.55208026,642.67810822,4,0,0.01684753,2837.25,1339.0
2408,120.425,1445.70161299,642.73296223,4,0,0.01769205,2839.0,1342.0
2409,120.475,1445.85418727,642.80285154,4,0,0.02923358,2839.25,1342.0
2410,120.525,1446.02285237,642.9282082,4,0,0.02025276,2839.5,1341.0
2411,120.575,1446.19638897,643.1146709,4,0,0.02153311,2840.25,1341.0
2412,120.625,1446.3603535,643.27728936,4,0,0.02281347,2840.5,1341.0
2413,120.675,1446.5212173,643.47513264,4,0,0.02406923,2841.75,1342.0
2414,120.725,1446.69826266,643.69086924,4,0,0.02363636,2842.25,1342.0
2415,120.775,1446.89076475,643.98739323,4,0,0.02233655,2842.75,1343.0
2416,120.825,1447.07109336,644.29125334,4,0,0.02103674,2844.0,1343.0
2417,120.875,1447.23782082,644.63192959,4,0,0.02977278,2844.5,1343.0
2418,120.925,1447.4022463,645.01527753,4,0,0.03066144,2845.25,1341.0
2419,120.975,1447.55257732,645.41462114,4,0,0.03155011,2845.0,1339.0
2420,121.025,1447.68501673,645.77957052,4,0,0.0459748,2845.5,1340.0
2421,121.075,1447.84453539,646.14388751,4,0,0.05559152,2846.25,1341.0
2422,121.125,1448.03570311,646.48867698,4,0,0.06442427,2846.0,1341.0
2423,121.175,1448.26116781,646.84100222,4,0,0.07325703,2846.5,1340.0
2424,121.225,1448.52514265,647.20031706,4,0,0.08208978,2848.0,1342.0
2425,121.275,1448.82411067,647.57910264,4,0,0.08147257,2849.75,1341.0
2426,121.325,1449.13808898,648.00241754,4,0,0.07865186,2850.0,1341.0
2427,121.375,1449.47172667,648.42864076,4,0,0.06472667,2850.25,1339.0
2428,121.425,1449.84104613,648.84613644,4,0,0.05337877,2850.25,1337.0
2429,121.475,1450.21506351,649.12279765,4,0,0.07039519,2851.0,1335.0
2430,121.525,1450.58708337,649.40914078,4,0,0.0662255,2851.5,1335.0
2431,121.575,1451.04576158,649.71704037,4,0,0.07453635,2851.25,1334.0
2432,121.625,1451.53292489,650.06948027,4,0,0.07442435,2850.75,1333.0
2433,121.675,1452.04849978,650.44071093,4,0,0.0743086,2850.75,1331.0
2434,121.725,1452.59448749,650.82536283,4,0,0.07419285,2851.0,1332.0
2435,121.775,1453.16794252,651.23114722,4,0,0.0740771,2853.0,1335.0
2436,121.825,1453.75980037,651.64532975,4,0,0.07396135,2853.25,1336.0
2437,121.875,1454.37526822,652.06870071,4,0,0.07610239,2853.75,1335.0
2438,121.925,1455.04044599,652.49221462,4,0,0.09048007,2856.5,1334.0
2439,121.975,1455.7609352,652.8574496,4,0,0.09931635,2857.0,1334.0
2440,122.025,1456.52984985,653.25650902,4,0,0.10293498,2856.75,1334.0
2441,122.075,1457.35121873,653.68578172,4,0,0.11122091,2856.75,1332.0
2442,122.125,1458.22009874,654.11479361,4,0,0.11960307,2856.25,1330.0
2443,122.175,1459.11909233,654.56239812,4,0,0.12887398,2855.75,1332.0
2444,122.225,1460.0446761,655.0395219,4,0,0.14004667,2855.75,1331.0
2445,122.275,1461.00426639,655.51993735,4,0,0.15013786,2857.5,1334.0
2446,122.325,1461.97190586,656.00864723,4,0,0.13546982,2857.5,1331.0
2447,122.375,1462.94068314,656.47280683,4,0,0.11148721,2857.5,1330.0
2448,122.425,1463.90917662,656.8543737,4,0,0.09566017,2858.25,1323.0
2449,122.475,1464.88302407,657.21490022,4,0,0.0937995,2859.5,1323.0
2450,122.525,1465.86609545,657.63431064,4,0,0.08143555,2860.25,1324.0
2451,122.575,1466.86635993,658.07452674,4,0,0.08076937,2861.5,1324.0
2452,122.625,1467.88182581,658.52335305,4,0,0.08033592,2861.25,1323.0
2453,122.675,1468.91664414,658.98980582,4,0,0.07990246,2861.75,1324.0
2454,122.725,1469.95828254,659.48568881,4,0,0.079469,2862.25,1324.0
2455,122.775,1471.00760196,660.01563589,4,0,0.07903555,2861.5,1321.0
2456,122.825,1472.07031904,660.56813391,4,0,0.09007342,2863.25,1324.0
2457,122.875,1473.13592516,661.10897556,4,0,0.08258348,2864.5,1323.0
2458,122.925,1474.21638117,661.66675755,4,0,0.08201532,2865.0,1322.0
2459,122.975,1475.31405953,662.21032193,4,0,0.09150851,2864.75,1321.0
2460,123.025,1476.43164662,662.77722965,4,0,0.10100171,2866.0,1323.0
2461,123.075,1477.57527817,663.35214644,4,0,0.10968138,2866.0,1323.0
2462,123.125,1478.73757111,663.95657904,4,0,0.11230642,2866.5,1320.0
2463,123.175,1479.91770247,664.55855768,4,0,0.10803497,2866.0,1319.0
2464,123.225,1481.11766959,665.14143911,4,0,0.1012483,2868.0,1320.0
2465,123.275,1482.33855899,665.77120155,4,0,0.09934926,2867.25,1315.0
2466,123.325,1483.57845112,666.40385905,4,0,0.0993587,2868.75,1315.0
2467,123.375,1484.83127268,667.07025674,4,0,0.09681056,2870.0,1316.0
2468,123.425,1486.10581894,667.74371057,4,0,0.08352847,2870.75,1315.0
2469,123.475,1487.40275347,668.41101669,4,0,0.07134804,2871.25,1316.0
2470,123.525,1488.73136295,669.06937794,4,0,0.07335952,2871.5,1315.0
2471,123.575,1490.09423682,669.77071418,4,0,0.075371,2872.0,1317.0
2472,123.625,1491.51449637,670.4930972,4,0,0.10020921,2872.0,1318.0
2473,123.675,1492.99397376,671.22867151,4,0,0.1306955,2872.5,1317.0
2474,123.725,1494.49856156,671.93071146,4,0,0.14334407,2873.25,1317.0
2475,123.775,1496.00291371,672.60316427,4,0,0.12892663,2873.5,1318.0
2476,123.825,1497.50533956,673.18070005,4,0,0.11450089,2876.0,1318.0
2477,123.875,1499.00071949,673.72527759,4,0,0.10049273,2877.0,1315.0
2478,123.925,1500.50548954,674.286682,4,0,0.09639056,2877.0,1314.0
2479,123.975,1502.03283776,674.85752808,4,0,0.09652817,2877.25,1314.0
2480,124.025,1503.58029816,675.43616483,4,0,0.09667288,2877.75,1314.0
2481,124.075,1505.14926686,676.02084609,4,0,0.0968176,2878.75,1314.0
2482,124.125,1506.75671404,676.83677926,4,0,0.10920445,2878.25,1314.0
2483,124.175,1508.43987739,677.67978786,4,0,0.13447177,2878.0,1315.0
2484,124.225,1510.21633334,678.53169042,4,0,0.16425461,2878.25,1310.0
2485,124.275,1512.08034816,679.48668025,4,0,0.1847372,2878.75,1311.0
2486,124.325,1514.01798767,680.45285998,4,0,0.205893,2879.5,1310.0
2487,124.375,1516.01239518,681.4386704,4,0,0.20743862,2879.25,1307.0
2488,124.425,1518.07095361,682.43947659,4,0,0.22436452,2879.25,1304.0
2489,124.475,1520.23239044,683.49348847,4,0,0.27746932,2878.5,1299.0
2490,124.525,1522.49219966,684.91849519,4,0,0.35102782,2878.5,1297.0
2491,124.575,1525.0206829,688.65421984,2,0,0.59172308,2878.25,1294.0
2492,124.625,1527.48710551,688.28410085,2,0,0.40335169,2878.75,1292.0
2493,124.675,1529.79618506,687.92543205,2,0,0.29949832,2878.5,1288.0
2494,124.725,1531.95719112,687.58356684,2,0,0.19564495,2879.25,1287.0
2495,124.775,1533.99688747,687.24760216,2,0,0.11766849,2880.0,1287.0
2496,124.825,1535.95946547,686.87599034,2,0,0.08791962,2880.5,1287.0
2497,124.875,1537.85618516,686.56801666,2,0,0.06558947,2881.25,1288.0
2498,124.925,1539.72410401,686.29641623,2,0,0.07359782,2882.0,1289.0
2499,124.975,1541.5663126,686.02479463,2,0,0.08160617,2883.0,1291.0
2500,125.025,1543.4147468,686.63452865,3,1,0.12337085,2883.5,1294.0
2501,125.075,1545.45446629,688.0599522,3,0,0.31398798,2884.75,1296.0
2502,125.125,1547.64526135,688.9436304,3,0,0.4280673,2884.25,1296.0
2503,125.175,1549.88360023,689.88570451,3,0,0.44362434,2885.25,1297.0
2504,125.225,1552.09982384,689.75692201,2,0,0.40992948,2885.0,1297.0
2505,125.275,1554.20724369,689.26624865,2,0,0.3503361,2886.25,1296.0
2506,125.325,1556.19685866,688.79833962,2,0,0.29714151,2884.25,1294.0
2507,125.375,1558.0677876,688.36068216,2,0,0.24636303,2885.75,1293.0
2508,125.425,1559.85547128,687.9907767,2,0,0.23031649,2885.75,1293.0
2509,125.475,1561.56986311,687.62415141,2,0,0.22068227,2885.5,1292.0
2510,125.525,1563.19947895,687.2411804,2,0,0.20862387,2886.0,1297.0
2511,125.575,1564.76370938,686.89265222,2,0,0.19723156,2888.0,1296.0
2512,125.625,1566.24086087,686.56232568,2,0,0.18691594,2887.5,1294.0
2513,125.675,1567.63884676,686.22510138,2,0,0.18752063,2889.5,1294.0
2514,125.725,1568.97506046,685.87111609,2,0,0.18879562,2890.75,1295.0
2515,125.775,1570.25946802,685.50572045,2,0,0.18943968,2892.0,1296.0
2516,125.825,1571.48951886,685.1416317,2,0,0.18955403,2890.25,1293.0
2517,125.875,1572.66412966,684.78631944,2,0,0.19002262,2891.25,1294.0
2518,125.925,1573.77480252,684.40984202,2,0,0.18848678,2889.75,1289.0
2519,125.975,1574.81843985,684.02716067,2,0,0.18570121,2890.75,1288.0
2520,126.025,1575.7945543,683.65263476,2,0,0.18013657,2891.0,1288.0
2521,126.075,1576.69566771,683.3008347,2,0,0.17452333,2891.0,1287.0
2522,126.125,1577.51788488,682.841223,2,0,0.16891009,2892.0,1288.0
2523,126.175,1578.25907295,682.33054009,2,0,0.16329685,2894.5,1289.0
2524,126.225,1578.93851281,681.81957164,2,0,0.15771841,2896.25,1290.0
2525,126.275,1579.55431498,681.34048575,2,0,0.15144516,2897.75,1290.0
2526,126.325,1580.12418146,680.87259076,2,0,0.14415592,2897.0,1286.0
2527,126.375,1580.66808156,680.42860321,2,0,0.14137105,2896.25,1283.0
2528,126.425,1581.22947145,680.01342379,2,0,0.17776298,2896.75,1283.0
2529,126.475,1581.79119972,679.6905455,2,0,0.20752395,2896.75,1281.0
2530,126.525,1582.28017786,679.16587231,2,0,0.18424705,2896.25,1281.0
2531,126.575,1582.68387063,678.61127268,2,0,0.14358701,2897.25,1282.0
2532,126.625,1583.01024419,678.04180058,2,0,0.1188699,2899.25,1282.0
2533,126.675,1583.28106443,677.47592964,2,0,0.11599486,2901.0,1282.0
2534,126.725,1583.49876961,676.94069306,2,0,0.10954922,2900.0,1280.0
2535,126.775,1583.66252618,676.41878331,2,0,0.09592326,2901.5,1279.0
2536,126.825,1583.77396261,675.9009981,2,0,0.08241067,2902.25,1280.0
2537,126.875,1583.83159126,675.40457397,2,0,0.08338366,2902.5,1278.0
2538,126.925,1583.82288385,674.87518779,2,0,0.07872873,2903.0,1279.0
2539,126.975,1583.75643888,674.33440625,2,0,0.07289079,2903.5,1277.0
2540,127.025,1583.6523232,673.79420792,2,0,0.06705284,2903.75,1278.0
2541,127.075,1583.50351219,673.21003004,2,0,0.05353067,2905.0,1279.0
2542,127.125,1583.29119904,672.64777078,2,0,0.05139626,2906.75,1279.0
2543,127.175,1583.0446221,672.10351373,2,0,0.04926185,2907.75,1279.0
2544,127.225,1582.7601126,671.57703505,2,0,0.04712744,2908.25,1279.0
2545,127.275,1582.42795212,671.06926879,2,0,0.04515842,2910.25,1279.0
2546,127.325,1582.04180706,670.55882443,2,0,0.04187016,2911.25,1278.0
2547,127.375,1581.60328161,670.0773545,2,0,0.03841012,2911.5,1277.0
2548,127.425,1581.13129464,669.62688582,2,0,0.03495009,2912.0,1278.0
2549,127.475,1580.6239278,669.2292293,2,0,0.03131521,2912.75,1275.0
2550,127.525,1580.07120581,668.85087426,2,0,0.01281215,2914.25,1274.0
2551,127.575,1579.51802468,668.51514217,2,0,0.0,2915.0,1273.0
2552,127.625,1578.96398929,668.1974595,2,0,0.0,2916.5,1273.0
2553,127.675,1578.40969457,667.89690547,2,0,0.0,2916.75,1273.0
2554,127.725,1577.85978877,667.59702624,2,0,0.0,2917.75,1273.0
2555,127.775,1577.31832011,667.30018073,2,0,0.0,2919.0,1273.0
2556,127.825,1576.79868582,667.03565267,2,0,0.0,2920.75,1273.0
2557,127.875,1576.28542866,666.83190091,2,0,0.0,2921.25,1273.0
2558,127.925,1575.75550147,666.62550919,2,0,0.0,2922.25,1273.0
2559,127.975,1575.19286788,666.43075922,2,0,0.0,2924.25,1274.0
2560,128.025,1574.61993472,666.24824069,2,0,0.0,2924.5,1274.0
2561,128.075,1574.04908968,666.06791237,2,0,0.0,2925.0,1274.0
2562,128.125,1573.48326421,665.88335619,2,0,0.0,2926.5,1274.0
2563,128.175,1572.93311654,665.70718507,2,0,0.0,2926.75,1274.0
2564,128.225,1572.41496323,665.55319212,2,0,0.0,2927.75,1275.0
2565,128.275,1571.92571598,665.44125868,2,0,0.0,2928.25,1275.0
2566,128.325,1571.46943292,665.40165329,2,0,0.0,2929.75,1275.0
2567,128.375,1571.08684981,665.42350046,2,0,0.0,2931.25,1275.0
2568,128.425,1570.75368746,665.46523437,2,0,0.0,2932.5,1275.0
2569,128.475,1570.4657039,665.51081094,2,0,0.0,2932.75,1275.0
2570,128.525,1570.23780646,665.59599751,2,0,0.01061356,2933.75,1276.0
2571,128.575,1570.05364897,665.72425419,2,0,0.01333518,2934.5,1276.0
2572,128.625,1569.90509594,665.88118082,2,0,0.01552479,2935.25,1274.0
2573,128.675,1569.79980283,666.04769942,2,0,0.01534641,2936.0,1274.0
2574,128.725,1569.75640713,666.23080772,2,0,0.0151202,2936.75,1274.0
2575,128.775,1569.78125912,666.63065932,2,0,0.03249153,2937.75,1273.0
2576,128.825,1569.84597405,667.06298046,2,0,0.04456988,2938.5,1274.0
2577,128.875,1569.95803554,667.66483288,2,0,0.06361532,2939.75,1275.0
2578,128.925,1570.14370213,668.34901041,2,0,0.08704124,2939.75,1271.0
2579,128.975,1570.40583271,669.05980404,2,0,0.10776745,2940.25,1270.0
2580,129.025,1570.74567328,669.78600938,2,0,0.12849366,2940.75,1269.0
2581,129.075,1571.15550791,670.52062545,2,0,0.14921987,2940.25,1268.0
2582,129.125,1571.63360622,671.27403754,2,0,0.16870155,2941.0,1268.0
2583,129.175,1572.1646897,673.14760299,2,0,0.19441951,2941.0,1268.0
2584,129.225,1573.00839032,675.12577944,2,0,0.40472776,2941.0,1268.0
2585,129.275,1574.15020373,677.03865834,2,0,0.58595193,2939.25,1269.0
2586,129.325,1575.39987682,678.80489716,2,0,0.61470474,2940.5,1269.0
2587,129.375,1576.77575918,681.47284797,2,0,0.62641838,2939.75,1270.0
2588,129.425,1579.27803953,689.88923355,1,0,1.59863742,2935.75,1265.0
2589,129.475,1581.45428632,689.01611257,1,0,0.82983756,2936.0,1259.0
2590,129.525,1583.23374602,688.14726965,1,0,0.43271441,2936.75,1259.0
2591,129.575,1584.78632285,687.79597128,1,0,0.19691161,2934.25,1243.0
2592,129.625,1586.35693197,687.61059078,1,0,0.20307248,2934.5,1243.0
2593,129.675,1587.95445839,687.44417891,1,0,0.20119388,2934.75,1244.0
2594,129.725,1589.57224838,687.28125313,1,0,0.21272134,2936.0,1244.0
2595,129.775,1591.06431732,687.11938832,1,0,0.06938554,2937.0,1244.0
2596,129.825,1592.44981852,686.9577269,1,0,0.04100525,2937.5,1243.0
2597,129.875,1593.83755313,686.80594823,1,0,0.04043474,2937.5,1241.0
2598,129.925,1595.22079329,686.61422984,1,0,0.03986423,2938.75,1241.0
2599,129.975,1596.60365512,686.4234918,1,0,0.03929372,2939.75,1241.0
2600,130.025,1597.99173134,686.23402975,1,0,0.03872321,2941.0,1240.0
2601,130.075,1599.38818729,686.0449589,1,0,0.04986295,2942.0,1240.0
2602,130.125,1600.80693368,685.86275816,1,0,0.05287847,2942.25,1240.0
2603,130.175,1602.23547035,685.71306061,1,0,0.06309472,2942.0,1239.0
2604,130.225,1603.67775978,685.55403517,1,0,0.07036672,2941.75,1239.0
2605,130.275,1605.13931804,685.38477515,1,0,0.08039177,2943.25,1237.0
2606,130.325,1606.63706836,685.21481074,1,0,0.10553944,2944.0,1238.0
2607,130.375,1608.18345686,685.06934993,1,0,0.13032077,2943.5,1237.0
2608,130.425,1609.79522277,685.14283419,1,0,0.16079503,2944.75,1238.0
2609,130.475,1611.50512879,685.3483329,1,0,0.24837717,2944.5,1233.0
2610,130.525,1613.3120862,685.55532607,1,0,0.31451017,2944.25,1233.0
2611,130.575,1615.68768081,690.23294905,1,0,0.860485,2943.0,1239.0
2612,130.625,1618.17564121,689.72140853,1,0,0.73393844,2942.0,1235.0
2613,130.675,1620.36909371,689.32167979,1,0,0.47941521,2942.25,1234.0
2614,130.725,1622.40572501,689.1930029,1,0,0.37439792,2943.5,1237.0
2615,130.775,1624.32419959,689.09424101,1,0,0.28922013,2943.0,1232.0
2616,130.825,1626.17261113,689.04678586,1,0,0.23905494,2942.25,1231.0
2617,130.875,1627.96296811,689.02486919,1,0,0.19436756,2942.0,1228.0
2618,130.925,1629.70274396,688.98228392,1,0,0.16635069,2942.5,1225.0
2619,130.975,1631.39443635,688.89496861,1,0,0.13227223,2942.5,1225.0
2620,131.025,1633.03493312,688.83525208,1,0,0.12400653,2943.25,1225.0
2621,131.075,1634.57524801,688.95534624,1,0,0.1075345,2943.5,1225.0
2622,131.125,1636.07290928,688.89760895,1,0,0.1156511,2944.5,1223.0
2623,131.175,1637.61545628,688.69986737,1,0,0.13174137,2944.5,1225.0
2624,131.225,1639.1465929,688.52259442,1,0,0.14781647,2947.0,1225.0
2625,131.275,1640.66485597,688.35704453,1,0,0.16308308,2947.5,1222.0
2626,131.325,1642.16393942,688.20124121,1,0,0.17657405,2948.25,1220.0
2627,131.375,1643.66743149,688.07853618,1,0,0.16110968,2948.75,1221.0
2628,131.425,1645.13374862,687.99625967,1,0,0.12561448,2949.25,1221.0
2629,131.475,1646.54264234,687.9296315,1,0,0.08385049,2951.0,1216.0
2630,131.525,1647.88140204,687.8862859,1,0,0.04121488,2951.25,1217.0
2631,131.575,1649.17288954,687.91353173,1,0,0.01758996,2953.0,1217.0
2632,131.625,1650.48324666,687.84106831,1,0,0.01750418,2953.75,1217.0
2633,131.675,1651.79009263,687.76527303,1,0,0.01765769,2954.5,1217.0
2634,131.725,1653.0746093,687.71184975,1,0,0.02810361,2955.0,1216.0
2635,131.775,1654.34937194,687.69579638,1,0,0.01796471,2956.25,1216.0
2636,131.825,1655.61368846,687.68241748,1,0,0.01811821,2956.25,1216.0
2637,131.875,1656.84645403,687.66543398,1,0,0.01827172,2958.0,1216.0
2638,131.925,1658.05929224,687.68151427,1,0,0.01842523,2960.75,1218.0
2639,131.975,1659.26008418,687.7637512,1,0,0.01857874,2961.5,1216.0
2640,132.025,1660.45351272,687.84565033,1,0,0.01873225,2964.5,1218.0
2641,132.075,1661.63647118,687.97731431,1,0,0.02990976,2966.25,1218.0
2642,132.125,1662.79621329,688.12910432,1,0,0.03138232,2965.75,1217.0
2643,132.175,1663.92345179,688.2819068,1,0,0.03079195,2966.5,1217.0
2644,132.225,1664.95384628,688.43724889,1,0,0.0299759,2967.75,1216.0
2645,132.275,1665.86211372,688.60564013,1,0,0.02952009,2967.75,1215.0
2646,132.325,1666.71320319,688.78505001,1,0,0.0293436,2968.75,1213.0
2647,132.375,1667.54707997,688.96888858,1,0,0.01921078,2969.25,1211.0
2648,132.425,1668.34825347,689.15883081,1,0,0.01954346,2970.25,1211.0
2649,132.475,1669.09248813,689.34848063,1,0,0.01987615,2971.25,1210.0
2650,132.525,1669.77576323,689.53633169,1,0,0.02001726,2972.75,1210.0
2651,132.575,1670.42576411,689.71604215,1,0,0.01990427,2973.0,1210.0
2652,132.625,1671.03785584,689.8991464,1,0,0.0197902,2975.0,1212.0
2653,132.675,1671.62678196,690.08437105,1,0,0.01967614,2977.25,1214.0
2654,132.725,1672.19097446,690.27948421,1,0,0.01956207,2979.0,1215.0
2655,132.775,1672.72396003,690.48397202,1,0,0.019448,2979.75,1216.0
2656,132.825,1673.12622399,690.67959498,1,0,0.01933393,2980.5,1215.0
2657,132.875,1673.33316437,690.87881569,1,0,0.01921987,2981.0,1213.0
2658,132.925,1673.50774272,691.07891641,1,0,0.0191058,2983.5,1215.0
2659,132.975,1673.65711304,691.25568032,1,0,0.01899173,2984.5,1214.0
2660,133.025,1673.83779241,691.41881117,1,0,0.04125258,2984.75,1214.0
2661,133.075,1674.01312319,691.58902614,1,0,0.04916588,2987.25,1214.0
2662,133.125,1674.16994688,691.68212871,1,0,0.04547726,2988.0,1214.0
2663,133.175,1674.31464509,691.76271286,1,0,0.04189907,2990.0,1216.0
2664,133.225,1674.44803279,691.83870275,1,0,0.03892265,2993.0,1219.0
2665,133.275,1674.57545168,691.93423906,1,0,0.03597609,2994.25,1219.0
2666,133.325,1674.68151935,692.05525935,1,0,0.03305569,2996.25,1220.0
2667,133.375,1674.7932921,692.19436883,1,0,0.02111298,2998.5,1221.0
2668,133.425,1674.89259835,692.34271554,1,0,0.021696,2999.0,1221.0
2669,133.475,1674.96469918,692.53908942,1,0,0.02227903,2999.5,1221.0
2670,133.525,1675.00854229,692.59289631,1,0,0.03706519,3002.0,1219.0
2671,133.575,1675.05922095,692.65370085,1,0,0.04229392,3002.25,1218.0
2672,133.625,1675.0963195,692.71691434,1,0,0.04581577,3003.5,1218.0
2673,133.675,1675.13280632,692.78887962,1,0,0.04933763,3005.5,1218.0
2674,133.725,1675.18264655,692.87076508,1,0,0.05285949,3006.75,1218.0
2675,133.775,1675.23405148,693.00603535,1,0,0.05638134,3006.75,1220.0
2676,133.825,1675.29603371,693.17949784,1,0,0.05652738,3009.25,1220.0
2677,133.875,1675.35283607,693.32639291,1,0,0.0501561,3010.0,1220.0
2678,133.925,1675.39667082,693.45921424,1,0,0.0369587,3012.0,1220.0
2679,133.975,1675.42571722,693.59603466,1,0,0.02631095,3014.0,1221.0
2680,134.025,1675.4444459,693.71922305,1,0,0.02629464,3015.75,1220.0
2681,134.075,1675.45782315,693.85585508,1,0,0.02627833,3017.0,1220.0
2682,134.125,1675.45876386,694.01345031,1,0,0.03672311,3018.25,1220.0
2683,134.175,1675.43698142,694.1759314,1,0,0.03726912,3020.25,1222.0
2684,134.225,1675.38407043,694.34886375,1,0,0.03781513,3022.25,1220.0
2685,134.275,1675.27089248,694.53619727,1,0,0.03822976,3021.5,1221.0
2686,134.325,1675.09124293,694.80039842,1,0,0.03286995,3023.75,1223.0
2687,134.375,1674.88521514,695.0692847,1,0,0.03286817,3024.5,1223.0
2688,134.425,1674.59674389,695.35753052,1,0,0.0368169,3025.25,1226.0
2689,134.475,1674.19342,695.82877042,1,0,0.04181892,3027.75,1226.0
2690,134.525,1673.62377961,696.65355971,1,0,0.04672147,3029.75,1227.0
2691,134.575,1672.89650718,697.50693969,1,0,0.05048587,3032.0,1229.0
2692,134.625,1671.9900406,697.54892069,2,0,0.06218017,3033.5,1229.0
2693,134.675,1670.96225402,696.69438584,2,0,0.06320938,3034.5,1229.0
2694,134.725,1670.21138986,695.85514846,2,0,0.06605444,3035.75,1227.0
2695,134.775,1669.79193875,695.05611587,2,0,0.06960663,3038.25,1227.0
2696,134.825,1669.5118115,694.76438301,2,0,0.07315883,3039.25,1228.0
2697,134.875,1669.18326254,694.49476258,2,0,0.07671103,3040.5,1225.0
2698,134.925,1668.92234751,694.20499981,2,0,0.08029298,3040.75,1224.0
2699,134.975,1668.63545245,693.92379499,2,0,0.10982524,3042.75,1224.0
2700,135.025,1668.32827425,693.65846954,2,0,0.13609012,3041.5,1227.0
2701,135.075,1667.98036645,693.40482465,2,0,0.13778073,3040.5,1225.0
2702,135.125,1667.65410134,693.17905789,2,0,0.14067482,3040.75,1226.0
2703,135.175,1667.35926747,692.96363909,2,0,0.14436087,3044.0,1227.0
2704,135.225,1667.07835178,692.75441335,2,0,0.14803893,3045.75,1224.0
2705,135.275,1666.83256988,692.49132158,2,0,0.15588828,3045.5,1223.0
2706,135.325,1666.68207931,692.18428999,2,0,0.1602386,3045.5,1221.0
2707,135.375,1666.52630702,691.89035212,2,0,0.16334878,3048.5,1224.0
2708,135.425,1666.40635241,691.6060834,2,0,0.16645897,3049.25,1224.0
2709,135.475,1666.32995597,691.33666488,2,0,0.16892481,3052.0,1225.0
2710,135.525,1666.30688765,691.072489,2,0,0.17062862,3052.0,1224.0
2711,135.575,1666.34655026,690.81490858,2,0,0.17238794,3053.5,1223.0
2712,135.625,1666.43956526,690.65393326,2,0,0.17451575,3053.5,1223.0
2713,135.675,1666.57793922,690.5042525,2,0,0.17666683,3054.75,1224.0
2714,135.725,1666.72724294,690.37064195,2,0,0.17881792,3055.0,1224.0
2715,135.775,1666.86290637,690.20828562,2,0,0.18057053,3054.25,1220.0
2716,135.825,1667.01239621,690.01727896,2,0,0.18178745,3056.0,1220.0
2717,135.875,1667.17695617,689.83518072,2,0,0.19766302,3057.0,1220.0
2718,135.925,1667.37540421,689.64688891,2,0,0.20512251,3058.5,1220.0
2719,135.975,1667.61496211,689.48590341,2,0,0.21355653,3060.0,1219.0
2720,136.025,1667.90795187,689.32261923,2,0,0.21938214,3060.5,1223.0
2721,136.075,1668.24605078,689.16159559,2,0,0.22317267,3059.75,1218.0
2722,136.125,1668.60579565,689.00533201,2,0,0.22583023,3061.75,1218.0
2723,136.175,1668.91966482,688.87069639,2,0,0.22848779,3062.5,1218.0
2724,136.225,1669.21117733,688.71038585,2,0,0.23114535,3063.75,1215.0
2725,136.275,1669.5144749,688.53389781,2,0,0.23380291,3064.75,1216.0
2726,136.325,1669.8490946,688.35381092,2,0,0.23646047,3063.25,1213.0
2727,136.375,1670.21138323,688.17911421,2,0,0.23922481,3065.25,1216.0
2728,136.425,1670.60095213,688.01631333,2,0,0.25619125,3068.25,1214.0
2729,136.475,1671.01305108,687.85935764,2,0,0.26303073,3069.25,1216.0
2730,136.525,1671.43996968,687.72108827,2,0,0.26766028,3067.0,1214.0
2731,136.575,1671.87081868,687.58386332,2,0,0.27159328,3066.75,1211.0
2732,136.625,1672.28527032,687.46091242,2,0,0.2891349,3067.75,1211.0
2733,136.675,1672.67672561,687.30959818,2,0,0.33470943,3070.5,1212.0
2734,136.725,1673.13344577,688.08467344,3,1,0.44269808,3067.75,1215.0
2735,136.775,1673.79097591,688.92822968,3,0,0.58024829,3069.75,1218.0
2736,136.825,1674.67628618,689.76808384,3,0,0.71834542,3071.5,1216.0
2737,136.875,1675.77303177,690.52332314,3,0,0.84624723,3071.5,1216.0
2738,136.925,1677.02335485,691.10912391,3,0,0.92941129,3071.25,1213.0
2739,136.975,1678.38194996,691.72185019,3,0,0.97326373,3070.5,1210.0
2740,137.025,1679.85523316,692.40948434,3,0,1.01084398,3070.75,1210.0
2741,137.075,1681.55983585,691.73712142,2,0,1.15304219,3067.0,1206.0
2742,137.125,1683.49780663,689.70793344,2,0,1.41598964,3065.75,1200.0
2743,137.175,1684.70430674,688.42318463,2,0,0.79406903,3066.75,1194.0
2744,137.225,1685.5463471,687.82301001,2,0,0.48964088,3067.0,1190.0
2745,137.275,1686.35511436,687.54192584,2,0,0.45212428,3068.5,1189.0
2746,137.325,1687.14470905,687.275711,2,0,0.43233217,3065.75,1187.0
2747,137.375,1687.90280518,687.0643767,2,0,0.40333508,3067.5,1185.0
2748,137.425,1688.57375837,686.91757333,2,0,0.37030437,3069.0,1187.0
2749,137.475,1689.27696805,686.79036478,2,0,0.37621016,3069.75,1185.0
2750,137.525,1689.99264105,686.67415198,2,0,0.387315,3069.75,1185.0
2751,137.575,1690.72633206,686.4852185,2,0,0.3985905,3070.75,1185.0
2752,137.625,1691.46896782,686.28923871,2,0,0.409866,3073.25,1186.0
2753,137.675,1692.19686976,686.09028344,2,0,0.42237851,3072.5,1183.0
2754,137.725,1692.91782961,685.93307512,2,0,0.43618381,3071.5,1178.0
2755,137.775,1693.63364439,685.79176939,2,0,0.441986,3074.0,1179.0
2756,137.825,1694.33502318,685.66915831,2,0,0.44866793,3073.5,1178.0
2757,137.875,1695.04199339,685.56065664,2,0,0.4666516,3072.0,1176.0
2758,137.925,1695.75197352,685.44780488,2,0,0.47776571,3073.25,1172.0
2759,137.975,1696.43709612,685.32882625,2,0,0.48690951,3072.75,1170.0
2760,138.025,1697.14419292,685.19085175,2,0,0.50148409,3074.75,1170.0
2761,138.075,1697.87717085,685.05502635,2,0,0.51604453,3072.25,1165.0
2762,138.125,1698.61377798,684.80013202,2,0,0.52860331,3071.25,1165.0
2763,138.175,1699.40805381,684.52031955,2,0,0.54625153,3073.0,1162.0
2764,138.225,1700.28312637,684.24061446,2,0,0.56327403,3073.25,1162.0
2765,138.275,1701.21780719,683.98984574,2,0,0.57554338,3075.75,1162.0
2766,138.325,1702.1962836,683.75551664,2,0,0.59173026,3077.0,1162.0
2767,138.375,1703.22387393,683.63244237,2,0,0.59753684,3079.0,1159.0
2768,138.425,1704.24776047,683.53013449,2,0,0.60319233,3077.5,1160.0
2769,138.475,1705.31248262,683.44625946,2,0,0.62242736,3073.0,1154.0
2770,138.525,1706.38379497,683.38062253,2,0,0.61951366,3074.0,1153.0
2771,138.575,1707.45878721,683.32249004,2,0,0.63176857,3075.0,1154.0
2772,138.625,1708.55439431,683.27601296,2,0,0.6416198,3073.5,1147.0
2773,138.675,1709.66551137,683.22691078,2,0,0.64989038,3075.5,1142.0
2774,138.725,1710.75920695,683.20528001,2,0,0.65673834,3076.75,1142.0
2775,138.775,1711.85354257,683.21960521,2,0,0.66351573,3076.0,1140.0
2776,138.825,1712.93094899,683.24960943,2,0,0.67029313,3075.75,1137.0
2777,138.875,1714.00248521,683.2509195,2,0,0.67647156,3076.5,1138.0
2778,138.925,1715.04077752,683.17065317,2,0,0.67011922,3074.25,1131.0
2779,138.975,1715.99094647,683.01767607,2,0,0.66876665,3073.75,1131.0
2780,139.025,1716.89315282,682.76625633,2,0,0.66840042,3075.25,1128.0
2781,139.075,1717.78062629,682.5377792,2,0,0.66869865,3074.25,1127.0
2782,139.125,1718.66831071,682.30946757,2,0,0.68267608,3077.0,1128.0
2783,139.175,1719.54739899,682.08068764,2,0,0.70420405,3075.0,1128.0
2784,139.225,1720.46363675,681.84983434,2,0,0.71779119,3075.25,1127.0
2785,139.275,1721.42422934,681.62111246,2,0,0.73137833,3076.0,1126.0
2786,139.325,1722.39113627,681.43643869,2,0,0.74551831,3077.25,1126.0
2787,139.375,1723.35598912,681.23935777,2,0,0.77768748,3078.5,1127.0
2788,139.425,1724.36211842,681.03159731,2,0,0.80601316,3076.75,1129.0
2789,139.475,1725.42755675,680.72480869,2,0,0.82121976,3076.75,1130.0
2790,139.525,1726.46240188,680.42608201,2,0,0.83642407,3076.75,1129.0
2791,139.575,1727.44878528,680.06523588,2,0,0.85158,3077.25,1130.0
2792,139.625,1728.41932349,679.69736227,2,0,0.86650301,3075.5,1131.0
2793,139.675,1729.4171174,679.33774293,2,0,0.89764208,3074.0,1129.0
2794,139.725,1730.45136233,679.03307344,2,0,0.93245465,3073.75,1130.0
2795,139.775,1731.47611714,678.74448919,2,0,0.94623126,3076.75,1132.0
2796,139.825,1732.49114368,678.44953812,2,0,0.95993426,3076.0,1132.0
2797,139.875,1733.48680067,678.14061654,2,0,0.97355755,3078.75,1130.0
2798,139.925,1734.47662913,677.8374258,2,0,0.98741587,3074.0,1130.0
2799,139.975,1735.43525281,677.55464522,2,0,1.00106251,3074.0,1130.0
2800,140.025,1736.37628119,677.27294196,2,0,1.015232,3074.0,1132.0
2801,140.075,1737.30140696,676.96974896,2,0,1.03507191,3072.5,1133.0
2802,140.125,1738.21381043,676.68709458,2,0,1.05935316,3070.0,1133.0
2803,140.175,1739.13957492,676.4058525,2,0,1.08171273,3072.25,1134.0
2804,140.225,1740.14626308,676.13740963,2,0,1.10366141,3069.75,1135.0
2805,140.275,1741.14557995,675.85623581,2,0,1.12561009,3072.0,1135.0
2806,140.325,1742.12530861,675.52116836,2,0,1.14779716,3070.75,1135.0
2807,140.375,1743.0823597,675.09866665,2,0,1.17486932,3070.5,1137.0
2808,140.425,1744.01718784,674.61238947,2,0,1.20333366,3067.75,1136.0
2809,140.475,1744.97016058,673.99000258,2,0,1.22902199,3067.0,1136.0
2810,140.525,1745.90555084,673.41779573,2,0,1.25418531,3069.0,1136.0
2811,140.575,1746.8494184,672.86822287,2,0,1.27851409,3067.0,1136.0
2812,140.625,1747.87802984,672.33397789,2,0,1.3025929,3065.25,1136.0
2813,140.675,1749.00116923,671.88107665,2,0,1.32633966,3061.75,1132.0
2814,140.725,1750.19640042,671.46175993,2,0,1.34946879,3062.0,1135.0
2815,140.775,1751.41380662,671.01868253,2,0,1.38777742,3062.75,1133.0
2816,140.825,1752.60391122,670.55671786,2,0,1.43966577,3065.75,1133.0
2817,140.875,1753.86615744,670.11933098,2,0,1.50000221,3065.75,1132.0
2818,140.925,1755.24563567,669.71187363,2,0,1.53301486,3061.5,1132.0
2819,140.975,1756.69845324,669.37094647,2,0,1.56498257,3059.25,1131.0
2820,141.025,1758.23023874,669.06023805,2,0,1.60657785,3059.0,1131.0
2821,141.075,1759.70666075,668.76872847,2,0,1.64794153,3059.25,1130.0
2822,141.125,1761.09271372,668.54435155,3,1,1.67647105,3057.5,1132.0
2823,141.175,1762.545783,669.3779074,3,1,1.76211413,3052.25,1131.0
2824,141.225,1764.09999514,669.71433581,3,0,1.8069713,3050.75,1131.0
2825,141.275,1765.90785514,670.0016332,3,0,1.86709465,3050.25,1133.0
2826,141.325,1767.8538227,670.3012929,3,0,1.92721801,3050.0,1136.0
2827,141.375,1769.94209193,670.62372621,3,0,1.98690639,3049.75,1136.0
2828,141.425,1772.12933769,670.9868371,3,0,2.04488287,3047.0,1135.0
2829,141.475,1774.42456973,671.35652854,3,0,2.13745997,3047.0,1135.0
2830,141.525,1776.79849456,671.72693731,3,0,2.21408355,3045.0,1136.0
2831,141.575,1779.26408549,672.10462715,3,0,2.30202636,3039.25,1139.0
2832,141.625,1781.84281421,672.50512947,3,0,2.39524233,3037.0,1133.0
2833,141.675,1784.54450912,672.88965438,3,0,2.46028389,3033.25,1128.0
2834,141.725,1787.27822674,673.23654433,3,0,2.5104836,3028.75,1127.0
2835,141.775,1790.27429229,673.49046757,3,0,2.56061476,3027.25,1128.0
2836,141.825,1793.28682126,673.741613,3,0,2.6263864,3026.75,1129.0
2837,141.875,1796.38228035,674.02548238,3,0,2.6989,3022.25,1129.0
2838,141.925,1799.60457706,674.32587538,3,0,2.79304505,3023.0,1127.0
2839,141.975,1802.9638942,674.69108781,3,0,2.85528019,3019.25,1126.0
2840,142.025,1806.48541812,675.09698904,3,0,2.91589927,3017.0,1124.0
2841,142.075,1810.02495865,675.55321066,3,0,2.92029192,3020.75,1125.0
2842,142.125,1813.72712524,676.03516998,3,0,3.05921991,3008.75,1125.0
2843,142.175,1817.98076485,676.52559493,3,0,3.58491175,3003.0,1126.0
2844,142.225,1822.48628746,676.97292378,3,0,3.8375105,2999.25,1122.0
2845,142.275,1827.14450308,677.39246514,3,0,3.9853306,2997.0,1121.0
2846,142.325,1831.89963509,677.83027329,3,0,4.1327692,2991.25,1120.0
2847,142.375,1836.58083318,678.36437741,3,0,4.24946755,2984.5,1116.0
2848,142.425,1841.24791975,678.92721369,3,0,4.31206162,2979.75,1112.0
2849,142.475,1845.98691952,679.52635209,3,0,4.38043194,2983.0,1114.0
2850,142.525,1850.85878963,680.15782654,3,0,4.47348334,2974.25,1116.0
2851,142.575,1855.90146376,680.87127758,3,0,4.59958731,2968.0,1113.0
2852,142.625,1861.37064961,681.59369725,3,0,4.94451702,2965.25,1111.0
2853,142.675,1867.49002808,682.37698111,3,0,5.52264377,2955.0,1111.0
2854,142.725,1873.86753156,683.13341081,3,0,5.67629474,2950.5,1105.0
2855,142.775,1880.39332253,683.8365775,3,0,5.78045378,2945.0,1105.0
2856,142.825,1887.02364993,684.54378825,3,0,5.89490731,2934.5,1106.0
2857,142.875,1893.75391483,685.39000982,3,0,6.0220876,2930.75,1105.0
2858,142.925,1900.62161239,686.40042403,3,0,6.18763722,2925.25,1103.0
2859,142.975,1907.64031271,687.43361319,3,0,6.35399931,2918.25,1103.0
2860,143.025,1914.72774992,688.34264176,3,0,6.43122044,2908.0,1103.0
2861,143.075,1921.72086646,689.34103861,3,0,6.39228914,2900.75,1102.0
2862,143.125,1928.78787012,690.36466834,3,0,6.50040567,2898.75,1101.0
2863,143.175,1936.01815055,691.46752493,3,0,6.64560709,2891.75,1101.0
2864,143.225,1943.45422057,692.59245666,3,0,6.81940284,2881.0,1100.0
2865,143.275,1951.14024418,693.79653624,3,0,7.04235425,2869.75,1099.0
2866,143.325,1959.1125655,695.0053422,3,0,7.28741565,2862.5,1103.0
2867,143.375,1967.13632142,696.42788608,3,0,7.49598109,2861.25,1097.0
2868,143.425,1975.19573265,697.76055476,3,0,7.60850436,2851.25,1096.0
2869,143.475,1983.47335387,699.05852298,3,0,7.80789651,2835.5,1084.0
2870,143.525,1991.99305544,700.3488104,3,0,8.03376374,2830.0,1085.0
2871,143.575,2000.75915121,701.67851959,3,0,8.28930052,2820.25,1082.0
2872,143.625,2009.4154566,703.07314669,3,0,8.34081934,2814.0,1078.0
2873,143.675,2018.08854808,704.64621504,3,0,8.44571055,2802.75,1075.0
2874,143.725,2027.0022884,706.32964132,3,0,8.72370556,2794.25,1079.0
2875,143.775,2036.18936109,708.04039876,3,0,9.00480311,2781.75,1075.0
2876,143.825,2045.68745526,709.78988249,3,0,9.30054837,2772.0,1072.0
2877,143.875,2055.50981606,711.66238039,3,0,9.6103592,2761.0,1070.0
2878,143.925,2065.49281495,714.12783951,3,0,9.76227601,2749.0,1072.0
2879,143.975,2075.8284409,717.01282687,3,0,10.09576937,2738.5,1068.0
2880,144.025,2086.81814269,720.59459994,3,0,10.68121181,2724.25,1066.0
2881,144.075,2098.55182877,724.1128525,3,0,11.43566347,2708.75,1068.0
2882,144.125,2111.43176961,728.96932299,3,0,12.57638441,2702.0,1070.0
2883,144.175,2125.61566884,739.21645151,2,0,13.77377457,2680.25,1078.0
2884,144.225,2140.20997438,738.77235318,2,0,13.77039417,2660.75,1073.0
2885,144.275,2153.99211469,738.35735333,2,0,13.06073898,2645.25,1068.0
2886,144.325,2167.40133362,737.96506892,2,0,12.77107151,2634.5,1061.0
2887,144.375,2180.52628866,737.60780343,2,0,12.56525824,2619.0,1050.0
2888,144.425,2193.4000459,737.26316522,2,0,12.40810189,2604.75,1047.0
2889,144.475,2205.83258869,736.98090367,2,0,12.28337018,2591.5,1044.0
2890,144.525,2217.97602374,736.74898232,2,0,12.17252326,2576.25,1035.0
2891,144.575,2229.89537645,736.46516924,2,0,12.05757254,2561.5,1028.0
2892,144.625,2241.47559532,736.22512772,2,0,11.95302454,2555.25,1021.0
2893,144.675,2252.76741665,736.00404436,2,0,11.79667392,2536.25,1021.0
2894,144.725,2263.76246381,735.78252996,2,0,11.6653287,2522.25,1019.0
2895,144.775,2274.44099622,735.6669265,2,0,11.52844651,2507.25,1017.0
2896,144.825,2284.78231749,735.5603983,2,0,11.36725444,2497.25,1016.0
2897,144.875,2294.80697015,735.44325214,2,0,11.21338335,2485.5,1012.0
2898,144.925,2304.55228088,735.29741479,2,0,11.09463824,2471.5,1013.0
2899,144.975,2313.97482087,735.13366385,2,0,10.97859416,2462.25,1013.0
2900,145.025,2323.08012611,734.96895383,2,0,10.86823427,2449.0,1013.0
2901,145.075,2331.93864735,734.81032482,2,0,10.79101293,2436.5,1013.0
2902,145.125,2340.56442748,734.64835378,2,0,10.72690808,2426.75,1009.0
2903,145.175,2348.89001851,734.50198477,2,0,10.66029023,2413.0,1004.0
2904,145.225,2356.90692941,734.36365587,2,0,10.59705578,2400.25,1000.0
2905,145.275,2364.69076186,734.29699559,2,0,10.542415,2385.0,994.0
2906,145.325,2372.48941749,734.31533966,2,0,10.50706674,2378.75,994.0
2907,145.375,2379.96194606,734.70920157,2,0,10.47617475,2365.0,994.0
2908,145.425,2386.95386323,734.94426163,2,0,10.4318553,2356.5,993.0
2909,145.475,2393.97886824,735.22661554,2,0,10.38301863,2348.25,992.0
2910,145.525,2400.732696,735.5265685,2,0,10.34766166,2333.0,992.0
2911,145.575,2407.17896685,735.93791277,2,0,10.30893669,2319.0,990.0
2912,145.625,2413.25395165,736.48142961,2,0,10.25769226,2310.75,990.0
2913,145.675,2418.77453509,737.19356202,2,0,10.20344707,2298.0,986.0
2914,145.725,2423.80291312,737.9666752,2,0,10.148374,2284.75,982.0
2915,145.775,2428.32676666,738.7492976,2,0,10.0951309,2273.75,980.0
2916,145.825,2432.64470708,740.22696196,2,0,10.02603292,2261.5,982.0
2917,145.875,2435.83195435,743.32199007,2,0,9.97126136,2254.75,982.0
2918,145.925,2437.50191246,746.65899812,2,0,9.90292753,2246.0,980.0
2919,145.975,2437.91372787,753.43538609,2,0,9.83820424,2231.25,977.0
2920,146.025,2436.07481118,756.24718692,2,0,9.77872323,2225.5,977.0
2921,146.075,2434.45718786,754.38318589,3,0,9.7145748,2209.5,973.0
2922,146.125,2434.57157353,753.28015446,3,0,9.65384396,2199.25,973.0
2923,146.175,2434.93523307,752.16778566,3,0,9.60525126,2189.25,969.0
2924,146.225,2435.50218073,751.04419224,3,0,9.55658674,2177.25,966.0
2925,146.275,2436.12885554,749.89989241,3,0,9.4966421,2167.0,965.0
2926,146.325,2436.76162675,748.80037945,3,0,9.43321892,2155.5,966.0
2927,146.375,2437.31212171,747.6442878,3,0,9.37238894,2147.75,963.0
2928,146.425,2437.75781713,746.45145586,3,0,9.31120222,2140.25,963.0
2929,146.475,2438.13672911,745.26809226,3,0,9.23655245,2125.25,957.0
2930,146.525,2438.45066002,744.09658391,3,0,9.16088836,2116.0,955.0
2931,146.575,2438.67495774,742.93715562,3,0,9.08243048,2107.5,950.0
2932,146.625,2438.76637201,741.83664837,3,0,8.99021083,2098.0,951.0
2933,146.675,2438.66664022,740.73586669,3,0,8.901749,2087.75,952.0
2934,146.725,2438.35047798,740.46906865,3,0,8.95209414,2076.25,946.0
2935,146.775,2437.7164428,739.09858858,3,0,8.87708234,2069.0,947.0
2936,146.825,2436.84005653,737.7829249,3,0,8.80431595,2055.0,945.0
2937,146.875,2435.77792229,736.75653473,3,0,8.77525358,2048.0,946.0
2938,146.925,2434.51777848,735.72610367,3,0,8.74645395,2042.5,947.0
2939,146.975,2432.99407642,734.67906625,3,0,8.717655,2032.5,946.0
2940,147.025,2431.25483762,733.62311178,3,0,8.68624163,2022.5,943.0
2941,147.075,2429.29848365,732.56744183,3,0,8.64518504,2011.0,943.0
2942,147.125,2427.1411342,731.53870682,3,0,8.603775,2005.25,941.0
2943,147.175,2424.80593746,730.5182423,3,0,8.56042588,1990.25,938.0
2944,147.225,2422.28869773,729.4779326,3,0,8.51566888,1986.0,938.0
2945,147.275,2419.46653391,728.36090953,3,0,8.46199987,1971.75,936.0
2946,147.325,2416.21316623,727.2199339,3,0,8.42480274,1962.0,934.0
2947,147.375,2412.77064768,726.06638699,3,0,8.37677352,1956.75,931.0
2948,147.425,2409.23605614,724.90724462,3,0,8.32874431,1952.75,932.0
2949,147.475,2405.59712692,723.75350371,3,0,8.21225472,1937.5,929.0
2950,147.525,2401.85417819,722.61618983,3,0,8.0384774,1932.75,927.0
2951,147.575,2398.05176388,721.49565154,3,0,7.96257884,1921.25,926.0
2952,147.625,2394.17623433,720.37804623,3,0,7.90884544,1914.75,925.0
2953,147.675,2390.19769333,719.36899711,3,0,7.8586542,1902.75,923.0
2954,147.725,2386.11628406,718.31101221,3,0,7.82151507,1896.25,916.0
2955,147.775,2381.90386048,717.03172551,3,0,7.78407224,1887.5,916.0
2956,147.825,2377.6200203,715.68387427,3,0,7.74304813,1878.75,916.0
2957,147.875,2373.29010212,714.35546321,3,0,7.6871494,1869.0,910.0
2958,147.925,2368.93678578,713.0292444,3,0,7.63914413,1868.0,910.0
2959,147.975,2364.56634599,711.86257343,3,0,7.6030266,1856.75,905.0
2960,148.025,2360.16255076,710.70015776,3,0,7.56688043,1846.25,904.0
2961,148.075,2355.70206284,709.51828807,3,0,7.49957085,1841.25,902.0
2962,148.125,2351.16630489,708.34327502,3,0,7.41494514,1828.25,898.0
2963,148.175,2346.55361171,707.1392218,3,0,7.33665687,1824.0,893.0
2964,148.225,2341.86378583,705.91454867,3,0,7.25569953,1814.0,892.0
2965,148.275,2337.10038751,704.67167917,3,0,7.17451788,1804.75,891.0
2966,148.325,2332.24164574,703.40479558,3,0,7.08806731,1799.0,893.0
2967,148.375,2327.29361831,702.14171989,3,0,7.00153408,1791.0,892.0
2968,148.425,2322.27079579,700.90555756,3,0,6.91425699,1782.0,888.0
2969,148.475,2317.16343347,699.67410946,3,0,6.82715407,1778.75,885.0
2970,148.525,2311.95314301,698.37911279,3,0,6.74227368,1771.0,884.0
2971,148.575,2306.58135459,697.06316262,3,0,6.61721694,1761.5,882.0
2972,148.625,2300.91928655,695.5011499,3,0,6.52158376,1758.25,881.0
2973,148.675,2295.2949517,693.97748347,3,0,6.45545591,1749.25,884.0
2974,148.725,2289.6493449,692.46912329,3,0,6.38842327,1739.5,883.0
2975,148.775,2283.96252888,690.98388929,3,0,6.32139062,1735.25,882.0
2976,148.825,2278.24189345,689.50019311,3,0,6.25435798,1729.75,877.0
2977,148.875,2272.48882515,688.02031776,3,0,6.18731243,1721.0,877.0
2978,148.925,2266.71524916,686.55317569,3,0,6.11913405,1718.25,880.0
2979,148.975,2260.92831854,685.11932993,3,0,6.04600567,1713.75,878.0
2980,149.025,2255.0312703,683.65323676,3,0,5.92000083,1704.5,869.0
2981,149.075,2248.84940289,682.07563925,3,0,5.71807383,1699.0,866.0
2982,149.125,2242.50036039,680.56059762,2,0,5.57184954,1695.5,864.0
2983,149.175,2236.05265429,679.49618935,2,0,5.43962684,1686.0,859.0
2984,149.225,2229.50316332,678.4503502,2,0,5.30553287,1683.25,861.0
2985,149.275,2222.85118308,677.45555115,2,0,5.16801738,1676.75,857.0
2986,149.325,2216.08825324,676.46863733,2,0,5.04307878,1669.75,854.0
2987,149.375,2209.20920876,675.49727105,2,0,4.9148477,1667.0,850.0
2988,149.425,2202.23247781,674.50989357,2,0,4.79999555,1664.25,848.0
2989,149.475,2195.10979686,673.46954075,2,0,4.68672788,1660.25,850.0
2990,149.525,2187.72987585,672.4340516,2,0,4.50460156,1656.5,844.0
2991,149.575,2180.16974465,671.39693835,2,0,4.37548807,1651.0,845.0
2992,149.625,2172.39243725,670.2942457,2,0,4.19393652,1648.0,844.0
2993,149.675,2164.40567879,669.23319558,2,0,4.03393448,1646.5,845.0
2994,149.725,2156.31481668,667.99505904,2,0,3.90376761,1638.5,843.0
2995,149.775,2148.17598317,666.87998822,2,0,3.78630392,1635.75,841.0
2996,149.825,2139.94787115,665.92607667,2,0,3.67506161,1631.25,839.0
2997,149.875,2131.62040737,664.98111615,2,0,3.56426705,1628.5,837.0
2998,149.925,2123.00914027,663.99723277,2,0,3.26266492,1626.75,829.0
2999,149.975,2114.03977056,663.02865538,2,0,2.96382214,1625.25,821.0
3000,150.025,2104.50398919,662.12467947,2,0,2.56695397,1621.5,820.0
3001,150.075,2094.31488338,661.27277154,2,0,2.0111307,1619.75,819.0
3002,150.125,2083.8201234,660.37581043,2,0,1.69018448,1620.25,821.0
3003,150.175,2073.13460737,659.52623471,2,0,1.43990034,1617.25,818.0
3004,150.225,2062.28253509,658.69604382,2,0,1.22836841,1616.5,815.0
3005,150.275,2051.27987358,657.83695834,2,0,1.02304323,1615.75,807.0
3006,150.325,2040.11230026,656.9833049,2,0,0.83210661,1614.75,798.0
3007,150.375,2028.49832817,656.20484148,2,0,0.43935974,1616.5,789.0
3008,150.425,2016.34455235,655.42988659,2,0,0.15821625,1618.75,789.0
3009,150.475,2003.89561961,654.57018735,2,0,0.05757396,1620.25,791.0
3010,150.525,1991.35183154,653.62448474,2,0,0.05748799,1620.5,791.0
3011,150.575,1978.80303334,652.56852756,2,0,0.05740203,1623.75,791.0
3012,150.625,1966.27713403,651.49551223,2,0,0.05731606,1623.75,790.0
3013,150.675,1953.79181438,650.41589685,2,0,0.0572301,1623.75,790.0
3014,150.725,1941.34489602,649.33499739,2,0,0.05714413,1625.25,791.0
3015,150.775,1928.94129211,648.26279213,2,0,0.05705817,1625.5,791.0
3016,150.825,1916.56208924,647.2639386,2,0,0.0569722,1626.75,792.0
3017,150.875,1904.19793172,646.25610738,2,0,0.05688624,1629.0,794.0
3018,150.925,1891.85446306,645.23969979,2,0,0.05680027,1631.5,795.0
3019,150.975,1879.54833741,644.24022731,2,0,0.05671431,1633.0,795.0
3020,151.025,1867.2960813,643.25336132,2,0,0.05662834,1634.75,795.0
3021,151.075,1855.11499918,642.31214388,2,0,0.05654238,1636.75,795.0
3022,151.125,1842.97680593,641.33104691,2,0,0.05645641,1637.25,797.0
3023,151.175,1830.9335583,640.21493772,2,0,0.05637045,1636.75,795.0
3024,151.225,1819.00488314,639.11922901,2,0,0.05628448,1637.75,796.0
3025,151.275,1807.17529545,638.03148168,2,0,0.05667807,1638.75,797.0
3026,151.325,1795.42709623,636.95033303,2,0,0.05763255,1639.75,798.0
3027,151.375,1783.75150559,635.97081317,2,0,0.05911351,1642.75,798.0
3028,151.425,1772.14950936,634.99922611,2,0,0.06193227,1644.25,798.0
3029,151.475,1760.6144624,634.02089004,2,0,0.0643139,1646.75,799.0
3030,151.525,1749.13343664,633.02266287,2,0,0.06497314,1647.0,797.0
3031,151.575,1737.71428857,631.97310639,2,0,0.0655095,1649.5,797.0
3032,151.625,1726.38460396,630.87685338,2,0,0.06589009,1649.0,797.0
3033,151.675,1715.16317628,629.7748577,2,0,0.06594039,1649.0,797.0
3034,151.725,1704.0656307,628.7114,2,0,0.06598608,1650.75,799.0
3035,151.775,1693.08423644,627.65255134,2,0,0.06603176,1651.25,800.0
3036,151.825,1682.213125,626.58532942,2,0,0.06607744,1652.25,802.0
3037,151.875,1671.45783515,625.5001566,2,0,0.06612313,1655.0,802.0
3038,151.925,1660.82739818,624.27727972,2,0,0.07627004,1656.5,803.0
3039,151.975,1650.34283143,622.92842729,2,0,0.07656761,1657.0,801.0
3040,152.025,1640.03567399,621.67151873,2,0,0.07686518,1659.25,801.0
3041,152.075,1629.85631401,620.49552754,2,0,0.07716274,1661.25,802.0
3042,152.125,1619.79285036,619.31963031,2,0,0.07746031,1660.75,802.0
3043,152.175,1609.84345886,618.14414033,2,0,0.07775788,1661.5,802.0
3044,152.225,1600.00455856,616.96010087,2,0,0.07805544,1661.0,802.0
3045,152.275,1590.25387877,615.77378649,2,0,0.07835301,1661.25,802.0
3046,152.325,1580.60459192,614.42059465,2,0,0.07865058,1662.75,799.0
3047,152.375,1570.99183599,613.03882055,2,0,0.07894815,1664.75,799.0
3048,152.425,1561.42674199,611.69560026,2,0,0.07908299,1665.5,799.0
3049,152.475,1551.98800071,610.3776641,2,0,0.07719473,1666.5,799.0
3050,152.525,1542.68012399,609.05968399,2,0,0.06671701,1669.0,799.0
3051,152.575,1533.49020743,607.77309744,2,0,0.06676269,1669.75,799.0
3052,152.625,1524.49291972,606.62261566,2,0,0.06680838,1669.5,798.0
3053,152.675,1515.58402679,605.52968969,2,0,0.06685406,1670.25,799.0
3054,152.725,1506.74940954,604.41554197,2,0,0.06689974,1671.5,799.0
3055,152.775,1497.99704269,603.24886558,2,0,0.06694543,1672.25,800.0
3056,152.825,1489.4670709,600.66674794,2,0,0.06699111,1673.0,800.0
3057,152.875,1481.17643333,599.4368256,2,0,0.06703679,1675.75,804.0
3058,152.925,1472.76728855,597.62265438,2,0,0.06708248,1676.0,806.0
3059,152.975,1464.76614515,595.96026021,2,0,0.06712816,1678.0,805.0
3060,153.025,1456.99177697,594.69488801,2,0,0.06717384,1680.0,806.0
3061,153.075,1449.38028129,593.44205505,2,0,0.06790409,1681.0,806.0
3062,153.125,1441.89467516,592.19604335,2,0,0.06943355,1682.0,806.0
3063,153.175,1434.5232861,590.94736945,2,0,0.07094589,1683.25,807.0
3064,153.225,1427.05082538,589.20538264,2,0,0.07245823,1683.75,807.0
3065,153.275,1419.97130478,587.16997112,2,0,0.073859,1682.75,806.0
3066,153.325,1413.15467734,585.33928519,2,0,0.07417653,1685.0,806.0
3067,153.375,1406.50054236,583.69978852,2,0,0.07401408,1686.5,806.0
3068,153.425,1400.09029213,582.04039496,2,0,0.07381611,1687.0,806.0
3069,153.475,1393.8057997,579.93562075,2,0,0.07361621,1689.25,807.0
3070,153.525,1387.76881118,577.99069971,2,0,0.0734163,1692.25,805.0
3071,153.575,1382.06304338,576.13498794,2,0,0.0732164,1691.5,804.0
3072,153.625,1376.5207434,574.56858428,2,0,0.07301649,1692.5,805.0
3073,153.675,1370.88241607,573.50849556,2,0,0.07281659,1693.75,805.0
3074,153.725,1365.12169437,572.40241517,2,0,0.07261668,1693.75,805.0
3075,153.775,1359.78699831,569.24227482,3,0,0.07241678,1694.25,806.0
3076,153.825,1355.04698481,564.76570002,3,1,0.07221687,1695.75,806.0
3077,153.875,1350.32433544,561.46945378,3,1,0.07201697,1696.5,803.0
3078,153.925,1346.74080418,558.17489751,2,0,0.07181706,1697.5,803.0
3079,153.975,1343.71427597,555.12496383,2,0,0.07161716,1699.75,803.0
3080,154.025,1341.28933762,551.13769995,2,0,0.07141725,1702.5,803.0
3081,154.075,1339.57309933,547.75166203,2,0,0.07121735,1702.5,803.0
3082,154.125,1338.69230317,540.68432961,2,0,0.07101744,1703.0,805.0
3083,154.175,1338.68389363,539.31485655,1,0,0.07081754,1703.0,803.0
3084,154.225,1338.68895753,539.16602837,1,0,0.07061763,1704.0,804.0
3085,154.275,1338.69503989,539.01988083,1,0,0.07041773,1705.0,804.0
3086,154.325,1338.70186724,538.8741203,1,0,0.07021782,1705.75,804.0
3087,154.375,1338.72019084,538.76630504,1,0,0.07001792,1706.5,804.0
3088,154.425,1338.77594935,538.70217113,1,0,0.06981801,1707.75,806.0
3089,154.475,1338.84111744,538.64734637,1,0,0.06961811,1709.5,806.0
3090,154.525,1338.91346311,538.61763054,1,0,0.0694182,1710.25,804.0
3091,154.575,1338.99144027,538.59436528,1,0,0.0692183,1710.75,804.0
3092,154.625,1339.07541516,538.56954222,1,0,0.06999103,1711.75,805.0
3093,154.675,1339.16627353,538.54452053,1,0,0.07207653,1713.5,807.0
3094,154.725,1339.26485752,538.52361852,1,0,0.07430293,1712.5,808.0
3095,154.775,1339.36403298,538.4958446,1,0,0.07657995,1713.25,807.0
3096,154.825,1339.46361782,538.47684692,1,0,0.08894578,1714.0,807.0
3097,154.875,1339.56887317,538.46448073,1,0,0.09115788,1714.25,805.0
3098,154.925,1339.67170983,538.4572415,1,0,0.09155408,1715.25,805.0
3099,154.975,1339.76631422,538.44902649,1,0,0.09179104,1717.5,805.0
3100,155.025,1339.85047898,538.42727853,1,0,0.09504603,1718.0,805.0
3101,155.075,1339.92918053,538.37401446,1,0,0.09539866,1718.0,805.0
3102,155.125,1340.00479813,538.24677555,1,0,0.09542239,1718.0,804.0
3103,155.175,1340.07886786,538.11862718,1,0,0.09543497,1717.75,804.0
3104,155.225,1340.15132203,537.98851293,1,0,0.09544755,1718.25,804.0
3105,155.275,1340.22909338,537.86518945,1,0,0.09546014,1718.75,804.0
3106,155.325,1340.31005965,537.74287871,1,0,0.09547275,1718.5,804.0
3107,155.375,1340.38818007,537.62591256,1,0,0.09574687,1720.5,802.0
3108,155.425,1340.46600898,537.51507371,1,0,0.09608477,1721.0,802.0
3109,155.475,1340.54327126,537.43157565,1,0,0.09642266,1722.25,802.0
3110,155.525,1340.61664925,537.34686311,1,0,0.09676056,1723.25,802.0
3111,155.575,1340.68651878,537.25655716,1,0,0.09709845,1723.75,803.0
3112,155.625,1340.75357704,537.16166778,1,0,0.09743635,1725.25,801.0
3113,155.675,1340.81820744,537.06316334,1,0,0.09777424,1725.25,800.0
3114,155.725,1340.88663625,536.96724526,1,0,0.09811214,1725.25,800.0
3115,155.775,1340.96465191,536.87052281,1,0,0.09845004,1725.75,802.0
3116,155.825,1341.05011201,536.77440489,1,0,0.09855234,1726.75,802.0
3117,155.875,1341.1407361,536.68396186,1,0,0.09828374,1726.75,800.0
3118,155.925,1341.22879525,536.5919361,1,0,0.09847379,1727.75,801.0
3119,155.975,1341.32234563,536.48259534,1,0,0.10364223,1729.5,802.0
3120,156.025,1341.42053957,536.35051018,1,0,0.1049764,1729.25,801.0
3121,156.075,1341.51986509,536.2201098,1,0,0.10445712,1729.75,802.0
3122,156.125,1341.6155904,536.09051927,1,0,0.10393764,1730.5,801.0
3123,156.175,1341.70142859,535.95735835,1,0,0.10330159,1730.25,800.0
3124,156.225,1341.77703203,535.82419539,1,0,0.10277192,1731.0,800.0
3125,156.275,1341.84370265,535.69243012,1,0,0.10224225,1731.75,800.0
3126,156.325,1341.89958787,535.56129184,1,0,0.10171258,1733.5,801.0
3127,156.375,1341.95337395,535.4424484,1,0,0.10118291,1733.0,801.0
3128,156.425,1342.01922156,535.33878848,1,0,0.10065324,1733.0,798.0
3129,156.475,1342.09475948,535.24772928,1,0,0.10012357,1734.5,796.0
3130,156.525,1342.1722913,535.18831384,1,0,0.09971114,1734.5,796.0
3131,156.575,1342.25540351,535.13977324,1,0,0.09946701,1735.5,796.0
3132,156.625,1342.33713405,535.09141603,1,0,0.09922287,1736.5,796.0
3133,156.675,1342.42935773,535.0492073,1,0,0.09897874,1736.0,794.0
3134,156.725,1342.55913475,535.00961877,1,0,0.08887488,1737.25,794.0
3135,156.775,1342.68589718,534.97202258,1,0,0.08883864,1737.5,794.0
3136,156.825,1342.81248029,534.93289072,1,0,0.08939921,1740.0,796.0
3137,156.875,1342.94585518,534.888594,1,0,0.09314278,1739.25,796.0
3138,156.925,1343.06928974,534.79655437,1,0,0.10601654,1738.25,794.0
3139,156.975,1343.17244248,534.72219769,1,0,0.10779804,1740.75,794.0
3140,157.025,1343.28498562,534.66747535,1,0,0.10953388,1741.0,794.0
3141,157.075,1343.41142795,534.61573294,1,0,0.11126971,1742.75,795.0
3142,157.125,1343.5342904,534.56699837,1,0,0.11300554,1742.25,795.0
3143,157.175,1343.66256922,534.5219522,1,0,0.11474138,1741.75,792.0
3144,157.225,1343.79850871,534.49067655,1,0,0.11647721,1742.5,792.0
3145,157.275,1343.93614729,534.46790794,1,0,0.11821304,1742.75,792.0
3146,157.325,1344.07326622,534.44661488,1,0,0.11994947,1744.25,793.0
3147,157.375,1344.20284424,534.37307118,1,0,0.12170416,1744.25,794.0
3148,157.425,1344.32977672,534.29431759,1,0,0.12347931,1744.75,792.0
3149,157.475,1344.45306723,534.21553333,1,0,0.12524666,1745.0,790.0
3150,157.525,1344.5723082,534.13599414,1,0,0.12697812,1745.25,790.0
3151,157.575,1344.68376141,534.05508881,1,0,0.12741338,1745.25,790.0
3152,157.625,1344.78698533,533.97336531,1,0,0.12724394,1746.0,790.0
3153,157.675,1344.88369149,533.8895326,1,0,0.1270745,1746.0,788.0
3154,157.725,1344.97625223,533.80641419,1,0,0.12678734,1747.5,788.0
3155,157.775,1345.06520436,533.72610454,1,0,0.12548954,1747.5,791.0
3156,157.825,1345.15295639,533.62534761,1,0,0.12440317,1747.75,791.0
3157,157.875,1345.2438762,533.51643411,1,0,0.12426874,1748.75,792.0
3158,157.925,1345.33577516,533.40712919,1,0,0.12415858,1748.0,790.0
3159,157.975,1345.4246859,533.29486331,1,0,0.12404843,1749.5,789.0
3160,158.025,1345.48706408,533.18750807,1,0,0.12393827,1749.25,789.0
3161,158.075,1345.55210476,533.08238894,1,0,0.12382811,1750.25,790.0
3162,158.125,1345.62949739,532.98270571,1,0,0.12371795,1750.0,788.0
3163,158.175,1345.70988273,532.88432254,1,0,0.1236078,1750.0,788.0
3164,158.225,1345.79241746,532.78573518,1,0,0.12349764,1750.75,789.0
3165,158.275,1345.87626913,532.68509129,1,0,0.12342543,1751.0,790.0
3166,158.325,1345.97009975,532.58730121,1,0,0.1253851,1751.75,790.0
3167,158.375,1346.07034943,532.4924727,1,0,0.12814549,1751.25,787.0
3168,158.425,1346.18424361,532.39749263,1,0,0.13090588,1750.5,787.0
3169,158.475,1346.31444475,532.30581013,1,0,0.1336665,1752.25,788.0
3170,158.525,1346.4559786,532.20847151,1,0,0.13765252,1752.0,788.0
3171,158.575,1346.60405212,532.1107161,1,0,0.14317259,1753.5,789.0
3172,158.625,1346.73738775,532.01469834,1,0,0.14870083,1753.5,789.0
3173,158.675,1346.8380501,531.92721235,1,0,0.1531222,1753.75,789.0
3174,158.725,1346.91761244,531.83343513,1,0,0.15326859,1753.75,789.0
3175,158.775,1346.99289259,531.71859905,1,0,0.15200673,1753.5,789.0
3176,158.825,1347.06883818,531.59786453,1,0,0.15066847,1754.5,787.0
3177,158.875,1347.15500158,531.4721805,1,0,0.14933022,1754.5,787.0
3178,158.925,1347.23589464,531.35015969,1,0,0.14799196,1753.25,786.0
3179,158.975,1347.3153487,531.23447557,1,0,0.1466537,1753.75,785.0
3180,159.025,1347.39424153,531.11631743,1,0,0.14531545,1753.5,783.0
3181,159.075,1347.46948382,530.99714753,1,0,0.14397719,1755.5,784.0
3182,159.125,1347.54445432,530.88716523,1,0,0.14263893,1756.0,784.0
3183,159.175,1347.62053638,530.79512553,1,0,0.14134966,1755.75,784.0
3184,159.225,1347.69097906,530.70929989,1,0,0.14018257,1755.25,782.0
3185,159.275,1347.75874612,530.61937265,1,0,0.13850195,1755.5,782.0
3186,159.325,1347.83028029,530.52295235,1,0,0.13691277,1755.75,782.0
3187,159.375,1347.90137268,530.42258467,1,0,0.13540009,1755.75,782.0
3188,159.425,1347.95663315,530.3281903,1,0,0.13388741,1754.75,781.0
3189,159.475,1348.01163967,530.23538007,1,0,0.13237472,1755.5,779.0
3190,159.525,1348.07254007,530.14556526,1,0,0.13086204,1756.0,780.0
3191,159.575,1348.13504363,530.05922485,1,0,0.12934935,1756.0,780.0
3192,159.625,1348.17099754,529.94764483,1,0,0.12783667,1756.75,779.0
3193,159.675,1348.19248645,529.82264711,1,0,0.12632399,1756.5,778.0
3194,159.725,1348.20723813,529.70019302,1,0,0.1248113,1757.0,780.0
3195,159.775,1348.21874667,529.58348482,1,0,0.12329862,1756.0,779.0
3196,159.825,1348.22678428,529.46612857,1,0,0.12178593,1755.75,777.0
3197,159.875,1348.2410545,529.34995726,1,0,0.13376536,1756.0,776.0
3198,159.925,1348.26681717,529.23621728,1,0,0.14437105,1756.75,777.0
3199,159.975,1348.29895045,529.12235163,1,0,0.14354731,1757.5,776.0
3200,160.025,1348.33833202,529.01881275,1,0,0.14272357,1757.25,774.0
3201,160.075,1348.39082655,528.92029795,1,0,0.14189982,1757.5,774.0
3202,160.125,1348.46425921,528.82414345,1,0,0.15360137,1757.25,774.0
3203,160.175,1348.5873631,528.74760403,1,0,0.15819145,1757.25,774.0
3204,160.225,1348.72468416,528.69850653,1,0,0.15846817,1756.5,772.0
3205,160.275,1348.88067965,528.64918061,1,0,0.15843984,1756.25,772.0
3206,160.325,1349.05489959,528.60200624,1,0,0.15839785,1756.75,770.0
3207,160.375,1349.2466569,528.5585086,1,0,0.15835586,1755.5,768.0
3208,160.425,1349.44819248,528.52660388,1,0,0.15831386,1755.75,768.0
3209,160.475,1349.61897892,528.51474693,1,0,0.16918902,1756.75,768.0
3210,160.525,1349.77382652,528.50762336,1,0,0.16852195,1755.25,766.0
3211,160.575,1349.90600613,528.50195447,1,0,0.1675303,1755.5,766.0
3212,160.625,1350.01761861,528.5061153,1,0,0.16653813,1755.5,766.0
3213,160.675,1350.10512626,528.51629797,1,0,0.16554595,1756.0,766.0
3214,160.725,1350.15688391,528.50903463,1,0,0.14238889,1755.75,768.0
3215,160.775,1350.17803394,528.5242178,1,0,0.13925562,1755.5,766.0
3216,160.825,1350.20158577,528.5440215,1,0,0.13612235,1755.0,766.0
3217,160.875,1350.21622291,528.56589782,1,0,0.13386703,1755.25,765.0
3218,160.925,1350.2177475,528.60044134,1,0,0.13367663,1754.5,764.0
3219,160.975,1350.19473629,528.63867832,1,0,0.13261941,1754.0,763.0
3220,161.025,1350.1396018,528.67789407,1,0,0.13001438,1754.5,763.0
3221,161.075,1350.06025991,528.71843856,1,0,0.12738836,1754.75,763.0
3222,161.125,1349.96215068,528.75700234,1,0,0.12476234,1753.75,760.0
3223,161.175,1349.84477216,528.81798086,1,0,0.12213632,1754.25,760.0
3224,161.225,1349.70098334,528.88966246,1,0,0.1195103,1754.0,760.0
3225,161.275,1349.54206745,528.96226554,1,0,0.11688428,1754.0,759.0
3226,161.325,1349.36955392,529.03460145,1,0,0.11425825,1755.0,762.0
3227,161.375,1349.12840014,529.1486597,1,0,0.11163223,1754.25,762.0
3228,161.425,1348.85455358,529.30653828,1,0,0.10900621,1753.5,759.0
3229,161.475,1348.57178783,529.4543136,1,0,0.10747296,1754.0,760.0
3230,161.525,1348.2790563,529.63424749,1,0,0.10625815,1753.75,760.0
3231,161.575,1347.92315729,530.12815498,1,0,0.09442064,1754.75,763.0
3232,161.625,1347.29176651,530.9891532,1,0,0.0793907,1753.5,759.0
3233,161.675,1346.42681521,531.92246336,1,0,0.07527418,1753.0,754.0
3234,161.725,1345.43383836,531.50262736,2,0,0.06127206,1752.75,752.0
3235,161.775,1344.53486244,530.58492228,2,0,0.04970441,1752.75,753.0
3236,161.825,1343.77378837,529.86329605,2,0,0.0500624,1752.75,753.0
3237,161.875,1343.293848,529.31204056,2,0,0.05042038,1752.25,753.0
3238,161.925,1342.97649004,528.85201909,2,0,0.05077837,1751.75,751.0
3239,161.975,1342.66852426,528.50793765,2,0,0.05114135,1752.5,753.0
3240,162.025,1342.35909454,528.17096308,2,0,0.05164775,1752.5,754.0
3241,162.075,1342.04497639,527.82672268,2,0,0.05320334,1752.0,752.0
3242,162.125,1341.72209703,527.48594905,2,0,0.05546933,1750.75,750.0
3243,162.175,1341.38551047,527.15043634,2,0,0.05773533,1750.75,750.0
3244,162.225,1341.0488444,526.82889606,2,0,0.06000132,1750.25,749.0
3245,162.275,1340.73474996,526.5114821,2,0,0.06226732,1752.75,753.0
3246,162.325,1340.44170835,526.19125663,2,0,0.06453331,1751.75,752.0
3247,162.375,1340.16768032,525.87672688,2,0,0.0667993,1750.5,751.0
3248,162.425,1339.9147288,525.57240445,2,0,0.0690653,1748.5,749.0
3249,162.475,1339.68225968,525.27192817,2,0,0.07123075,1748.75,748.0
3250,162.525,1339.46935594,524.98529198,2,0,0.07407956,1748.5,747.0
3251,162.575,1339.26244166,524.70465906,2,0,0.07723091,1746.25,746.0
3252,162.625,1339.04336781,524.43189848,2,0,0.08038225,1746.0,746.0
3253,162.675,1338.79352488,524.16490169,2,0,0.0835336,1744.25,746.0
3254,162.725,1338.56031131,523.89976752,2,0,0.08756271,1744.0,746.0
3255,162.775,1338.33620534,523.63409705,2,0,0.09466091,1744.0,745.0
3256,162.825,1338.11614713,523.36494979,2,0,0.10191052,1743.25,744.0
3257,162.875,1337.8917627,523.05284571,2,0,0.10940928,1742.25,743.0
3258,162.925,1337.66390713,522.73274583,2,0,0.11715631,1741.5,743.0
3259,162.975,1337.44088799,522.40571264,2,0,0.12439045,1740.0,743.0
3260,163.025,1337.21402631,522.0747894,2,0,0.12879514,1738.25,739.0
3261,163.075,1336.98466207,521.74526936,2,0,0.13276624,1737.25,739.0
3262,163.125,1336.7472275,521.42940261,2,0,0.13673734,1736.5,738.0
3263,163.175,1336.49116655,521.11286895,2,0,0.14070844,1737.5,738.0
3264,163.225,1336.22135173,520.76265649,2,0,0.14467953,1737.0,738.0
3265,163.275,1335.95988343,520.39290976,2,0,0.14865063,1735.5,738.0
3266,163.325,1335.69235157,519.99801148,2,0,0.15258939,1732.25,736.0
3267,163.375,1335.44899049,519.60178044,2,0,0.15720535,1730.75,736.0
3268,163.425,1335.24067195,519.211141,2,0,0.16191017,1728.25,734.0
3269,163.475,1335.07983885,518.8271145,2,0,0.16661499,1728.75,734.0
3270,163.525,1334.95263122,518.45004915,2,0,0.17131981,1726.75,734.0
3271,163.575,1334.83791874,518.06737227,2,0,0.1755526,1724.75,733.0
3272,163.625,1334.72285039,517.69081183,2,0,0.17832992,1722.75,731.0
3273,163.675,1334.57729203,517.33024343,2,0,0.18106311,1719.25,729.0
3274,163.725,1334.4090959,516.98026562,2,0,0.1837963,1718.5,727.0
3275,163.775,1334.22539744,516.67285387,2,0,0.18652949,1715.5,726.0
3276,163.825,1334.06150897,516.362453,2,0,0.18926268,1714.5,726.0
3277,163.875,1333.92132891,516.05681306,2,0,0.1920107,1712.75,726.0
3278,163.925,1333.79574824,515.76691251,2,0,0.19671565,1710.75,725.0
3279,163.975,1333.57621104,515.50401327,2,0,0.2026212,1709.0,724.0
3280,164.025,1333.37712284,515.26450258,2,0,0.2084302,1709.0,724.0
3281,164.075,1333.19379211,515.04335447,2,0,0.21423919,1708.25,722.0
3282,164.125,1333.02278948,514.81950884,2,0,0.22004819,1707.25,722.0
3283,164.175,1332.85692639,514.60153877,2,0,0.22585718,1704.0,722.0
3284,164.225,1332.69485321,514.39123799,2,0,0.23195568,1702.5,721.0
3285,164.275,1332.53886868,514.18197503,2,0,0.2382581,1699.25,720.0
3286,164.325,1332.39489558,513.95023651,2,0,0.24453871,1699.0,720.0
3287,164.375,1332.25068369,513.70516512,2,0,0.250826,1693.75,719.0
3288,164.425,1332.09736295,513.46099262,2,0,0.25724219,1693.25,718.0
3289,164.475,1331.94019412,513.21901699,2,0,0.2637311,1690.25,718.0
3290,164.525,1331.78494695,512.97554366,2,0,0.27022007,1690.0,716.0
3291,164.575,1331.61023132,512.71860779,2,0,0.27683646,1688.75,714.0
3292,164.625,1331.42452731,512.4578482,2,0,0.28336098,1685.5,714.0
3293,164.675,1331.24074695,512.19919456,2,0,0.28975889,1682.0,712.0
3294,164.725,1331.08714373,511.94985873,2,0,0.31238513,1682.0,713.0
3295,164.775,1330.97478895,511.68810519,2,0,0.34633247,1680.0,711.0
3296,164.825,1330.88934296,511.4268154,2,0,0.35812199,1678.25,711.0
3297,164.875,1330.79886589,511.18981232,2,0,0.36779089,1674.75,710.0
3298,164.925,1330.64530234,510.9589381,2,0,0.37745979,1673.25,707.0
3299,164.975,1330.43010726,510.73891263,2,0,0.38712869,1672.0,706.0
3300,165.025,1330.21680682,510.53964873,2,0,0.39679759,1670.75,704.0
3301,165.075,1330.00504339,510.317586,2,0,0.40646649,1667.0,702.0
3302,165.125,1329.80538662,510.04164339,2,0,0.41676197,1663.0,696.0
3303,165.175,1329.62669398,509.6998497,2,0,0.42993572,1661.25,696.0
3304,165.225,1329.47263647,509.34547477,2,0,0.44346848,1658.75,697.0
3305,165.275,1329.33695268,509.00475777,2,0,0.45675114,1655.5,693.0
3306,165.325,1329.19051002,508.67046163,2,0,0.46700951,1654.75,690.0
3307,165.375,1329.03817461,508.34602823,2,0,0.47623552,1653.5,689.0
3308,165.425,1328.88480778,508.03127685,2,0,0.48608735,1650.0,688.0
3309,165.475,1328.72948126,507.71792635,2,0,0.49639046,1649.0,688.0
3310,165.525,1328.57574315,507.40048154,2,0,0.50672149,1647.0,686.0
3311,165.575,1328.43980619,507.09586633,2,0,0.51705253,1643.75,685.0
3312,165.625,1328.33786339,506.88594049,2,0,0.526537,1641.0,684.0
3313,165.675,1328.26096208,506.72877164,2,0,0.53163248,1638.75,682.0
3314,165.725,1328.1619259,506.59000719,2,0,0.5352573,1635.75,681.0
3315,165.775,1328.03814394,506.45238389,2,0,0.54303538,1632.25,680.0
3316,165.825,1327.894787,506.32147263,2,0,0.55297767,1632.25,682.0
3317,165.875,1327.73158101,506.19858235,2,0,0.56196057,1629.0,680.0
3318,165.925,1327.54372936,506.07566923,2,0,0.57052527,1622.75,679.0
3319,165.975,1327.43314955,505.94402375,2,0,0.57913661,1620.5,676.0
3320,166.025,1327.30327593,505.82893329,2,0,0.58773715,1616.0,672.0
3321,166.075,1327.13136322,505.70579982,2,0,0.5961347,1610.5,667.0
3322,166.125,1326.89313097,505.55604009,2,0,0.60441226,1611.5,668.0
3323,166.175,1326.64714149,505.35385994,2,0,0.61268982,1607.5,668.0
3324,166.225,1326.37491135,505.13868593,2,0,0.62096738,1605.5,669.0
3325,166.275,1326.06275833,504.92410692,2,0,0.62924495,1601.0,665.0
3326,166.325,1325.7090466,504.70969592,2,0,0.63752251,1600.25,663.0
3327,166.375,1325.31444063,504.50221366,2,0,0.64577521,1596.75,661.0
3328,166.425,1324.9110385,504.33281435,2,0,0.65383032,1594.0,659.0
3329,166.475,1324.48091538,504.16435597,2,0,0.66100813,1591.5,660.0
3330,166.525,1324.000233,503.88898195,2,0,0.66804711,1586.25,660.0
3331,166.575,1323.44523733,503.47387333,2,0,0.67490377,1585.0,658.0
3332,166.625,1322.8187521,503.1000827,2,0,0.68326468,1580.75,658.0
3333,166.675,1322.12477402,502.76114116,2,0,0.69317956,1576.0,655.0
3334,166.725,1321.41100067,502.40985654,2,0,0.70310277,1572.75,653.0
3335,166.775,1320.71590286,502.07401966,2,0,0.71302599,1571.75,651.0
3336,166.825,1320.05723487,501.85908537,2,0,0.7229492,1567.5,651.0
3337,166.875,1319.4038237,501.64023117,2,0,0.73305462,1564.25,652.0
3338,166.925,1318.75205652,501.41204309,2,0,0.75231911,1562.5,649.0
3339,166.975,1318.10479201,501.21168787,2,0,0.77675041,1560.0,651.0
3340,167.025,1317.45186478,501.04309488,2,0,0.79887827,1554.75,644.0
3341,167.075,1316.7609533,500.94975457,2,0,0.8116421,1550.75,643.0
3342,167.125,1316.01098836,500.87720371,2,0,0.82342285,1548.5,642.0
3343,167.175,1315.18696892,500.80380925,2,0,0.83523316,1548.25,641.0
3344,167.225,1314.28113422,500.74268085,2,0,0.86095666,1543.25,641.0
3345,167.275,1313.2758758,500.69000432,2,0,0.87519977,1538.25,637.0
3346,167.325,1312.21265628,500.6459516,2,0,0.88662629,1533.75,636.0
3347,167.375,1311.18554166,500.57692812,2,0,0.89798055,1532.25,636.0
3348,167.425,1310.08924136,500.46472751,2,0,0.89623508,1525.5,632.0
3349,167.475,1308.905957,500.23225835,2,0,0.904159,1524.75,628.0
3350,167.525,1307.64693742,499.98555904,2,0,0.91226499,1520.25,626.0
3351,167.575,1306.34562859,499.74623727,2,0,0.92037097,1519.0,625.0
3352,167.625,1305.01064016,499.50751326,2,0,0.92847696,1513.75,621.0
3353,167.675,1303.63738924,499.2723508,2,0,0.93658294,1510.25,618.0
3354,167.725,1302.21466759,499.18687748,2,0,0.94468892,1508.25,617.0
3355,167.775,1300.70898305,499.16752272,2,0,0.95117282,1504.0,616.0
3356,167.825,1299.10680257,499.17071087,2,0,0.96300445,1498.0,612.0
3357,167.875,1297.57461898,499.1795534,2,0,0.96679354,1496.25,608.0
3358,167.925,1296.0292484,499.23003877,2,0,0.97049866,1490.5,606.0
3359,167.975,1294.28218421,499.44916766,2,0,0.97480016,1487.5,603.0
3360,168.025,1292.30573086,499.76448376,2,0,0.97887996,1483.0,603.0
3361,168.075,1290.22483249,500.09598611,2,0,0.98294325,1480.0,601.0
3362,168.125,1288.04003489,500.40899288,2,0,0.98700654,1476.75,597.0
3363,168.175,1285.72565493,501.12591838,2,0,0.99106983,1473.0,592.0
3364,168.225,1282.99603807,502.07467143,3,0,0.99513313,1468.75,588.0
3365,168.275,1280.24519279,500.71016346,3,0,0.99919642,1467.0,589.0
3366,168.325,1277.80447491,499.37168336,3,0,1.00295209,1459.0,578.0
3367,168.375,1275.65057599,498.11527831,3,0,1.005213,1458.25,576.0
3368,168.425,1273.71118679,497.06531921,3,0,1.00279447,1454.25,567.0
3369,168.475,1271.86071085,496.00936622,3,0,1.00249048,1450.0,567.0
3370,168.525,1270.07629989,494.95347661,3,0,1.00252852,1441.75,558.0
3371,168.575,1268.35717169,493.89961675,3,0,0.99369518,1438.5,554.0
3372,168.625,1266.69920576,493.00687348,3,0,0.99802325,1439.5,554.0
3373,168.675,1265.07942542,492.21118102,3,0,1.02540594,1435.0,547.0
3374,168.725,1263.49239821,491.47100323,3,0,1.05095725,1431.75,543.0
3375,168.775,1261.89807559,490.78257225,3,0,1.06181652,1426.75,540.0
3376,168.825,1260.27267634,490.07786135,3,0,1.06952064,1424.0,541.0
3377,168.875,1258.62360176,489.35622974,3,0,1.07722476,1419.25,538.0
3378,168.925,1256.98766084,488.64488382,3,0,1.08492888,1416.25,538.0
3379,168.975,1255.41253411,487.92561278,3,0,1.09306675,1414.5,538.0
3380,169.025,1253.83990498,487.18625799,3,0,1.10142001,1410.0,537.0
3381,169.075,1252.2517424,486.44648816,3,0,1.10958936,1405.25,535.0
3382,169.125,1250.65398069,485.7090188,3,0,1.11775872,1401.5,532.0
3383,169.175,1249.04440813,484.97066332,3,0,1.12592808,1396.75,530.0
3384,169.225,1247.42285009,484.24690099,3,0,1.13409743,1395.75,531.0
3385,169.275,1245.79306021,483.45575381,3,0,1.14226679,1390.75,529.0
3386,169.325,1244.15280413,482.61908734,3,0,1.15043614,1383.5,526.0
3387,169.375,1242.5057254,481.78353718,3,0,1.15835813,1383.75,526.0
3388,169.425,1240.84984202,480.9515713,3,0,1.16726732,1379.25,523.0
3389,169.475,1239.20286074,480.12953833,3,0,1.18407714,1374.5,522.0
3390,169.525,1237.57152973,479.32275045,3,0,1.19827261,1372.5,523.0
3391,169.575,1235.94045919,478.511565,3,0,1.218154,1369.5,524.0
3392,169.625,1234.32520856,477.70247284,3,0,1.24124655,1364.75,519.0
3393,169.675,1232.68495594,476.89701672,3,0,1.25192728,1360.5,517.0
3394,169.725,1231.01797742,476.08705798,3,0,1.26141078,1354.75,514.0
3395,169.775,1229.34996556,475.24314277,3,0,1.27089428,1353.75,513.0
3396,169.825,1227.69128251,474.41331536,3,0,1.28037778,1346.75,509.0
3397,169.875,1226.03426705,473.60241221,3,0,1.28983107,1342.75,508.0
3398,169.925,1224.37605148,472.79061268,3,0,1.29858295,1340.0,505.0
3399,169.975,1222.71881939,471.97597281,3,0,1.3070148,1337.5,506.0
3400,170.025,1221.06435094,471.16075367,3,0,1.31544666,1333.25,504.0
3401,170.075,1219.40915628,470.36028461,3,0,1.32386301,1329.25,500.0
3402,170.125,1217.72818328,469.56740237,3,0,1.33221796,1324.25,499.0
3403,170.175,1216.01354342,468.75889075,3,0,1.34056693,1320.0,498.0
3404,170.225,1214.25907892,467.8649351,3,0,1.3489159,1314.75,493.0
3405,170.275,1212.47719731,466.93477383,3,0,1.35726486,1311.25,488.0
3406,170.325,1210.69423799,466.00866335,3,0,1.36561383,1310.0,488.0
3407,170.375,1208.90859512,465.08649809,3,0,1.3739628,1305.5,487.0
3408,170.425,1207.11370819,464.16924098,3,0,1.38231176,1301.0,486.0
3409,170.475,1205.27274785,463.25306219,3,0,1.39243533,1297.0,483.0
3410,170.525,1203.38958024,462.33252681,3,0,1.40896864,1294.0,482.0
3411,170.575,1201.46729774,461.4520651,3,0,1.4152622,1290.0,480.0
3412,170.625,1199.5245829,460.56945546,3,0,1.42092664,1285.25,477.0
3413,170.675,1197.56786486,459.6888731,3,0,1.42668507,1280.0,476.0
3414,170.725,1195.59620085,458.79490638,3,0,1.4324435,1275.75,474.0
3415,170.775,1193.62127309,457.90746452,3,0,1.43851984,1274.0,472.0
3416,170.825,1191.65459635,457.0437263,3,0,1.44542378,1269.25,471.0
3417,170.875,1189.70644697,456.18775282,3,0,1.45231565,1265.0,469.0
3418,170.925,1187.78432505,455.33714006,3,0,1.45921558,1260.75,465.0
3419,170.975,1185.8816328,454.50276888,3,0,1.46757677,1259.25,466.0
3420,171.025,1183.93998725,453.66954749,3,0,1.47761053,1254.0,462.0
3421,171.075,1181.94565732,452.78795944,3,0,1.48766275,1250.0,459.0
3422,171.125,1179.89130713,451.83445084,3,0,1.49750654,1245.5,457.0
3423,171.175,1177.79265536,450.82995626,3,0,1.50687201,1239.5,458.0
3424,171.225,1175.67543805,449.82837635,3,0,1.54278404,1234.5,458.0
3425,171.275,1173.5796477,448.85779802,3,0,1.56261108,1231.25,456.0
3426,171.325,1171.53006112,447.90153967,3,0,1.57527255,1228.5,456.0
3427,171.375,1169.5331576,446.95336517,3,0,1.58794048,1225.25,456.0
3428,171.425,1167.57793008,446.10065085,3,0,1.60060841,1218.25,453.0
3429,171.475,1165.62560393,445.26999364,3,0,1.61327634,1211.75,453.0
3430,171.525,1163.62643198,444.45445431,3,0,1.62594427,1212.25,452.0
3431,171.575,1161.56636001,443.64110284,3,0,1.63212362,1206.25,446.0
3432,171.625,1159.46321012,442.75703837,3,0,1.64471885,1198.25,445.0
3433,171.675,1157.34968494,441.80104103,3,0,1.65794526,1196.0,445.0
3434,171.725,1155.23315824,440.83325331,3,0,1.67117168,1190.5,445.0
3435,171.775,1153.11223755,439.85907134,3,0,1.68439807,1187.25,444.0
3436,171.825,1150.98829583,438.88626495,3,0,1.696815,1183.25,442.0
3437,171.875,1148.85943205,437.92241375,3,0,1.70737853,1177.75,441.0
3438,171.925,1146.71150052,436.980228,3,0,1.71782668,1172.75,439.0
3439,171.975,1144.52121721,436.03539892,3,0,1.72665894,1170.0,439.0
3440,172.025,1142.25198022,435.01107252,3,0,1.72799682,1166.25,440.0
3441,172.075,1139.92286828,433.94302629,3,0,1.72757787,1161.0,440.0
3442,172.125,1137.55692559,432.90565801,3,0,1.72687382,1151.5,437.0
3443,172.175,1135.17138789,431.87684921,3,0,1.72495682,1148.5,434.0
3444,172.225,1132.78768328,430.8719823,3,0,1.72503309,1145.5,434.0
3445,172.275,1130.40924163,429.95655965,3,0,1.72675045,1142.0,434.0
3446,172.325,1127.97915799,429.16176898,3,0,1.72846781,1137.75,431.0
3447,172.375,1125.49283416,428.37937484,3,0,1.73539045,1134.75,431.0
3448,172.425,1122.95595458,427.60679131,3,0,1.75409183,1128.25,430.0
3449,172.475,1120.32368615,426.84520762,3,0,1.77312678,1126.25,428.0
3450,172.525,1117.60517073,426.04256045,3,0,1.78777619,1121.0,428.0
3451,172.575,1114.84200477,424.81292049,3,0,1.79912426,1117.0,427.0
3452,172.625,1112.09813094,423.57859036,3,0,1.81042266,1113.75,426.0
3453,172.675,1109.38731818,422.34121006,3,0,1.82158077,1109.0,426.0
3454,172.725,1106.68741581,421.41158813,3,0,1.83273889,1103.25,424.0
3455,172.775,1103.93600272,420.60891226,3,0,1.843897,1100.5,422.0
3456,172.825,1101.13386192,419.80980065,3,0,1.85505512,1094.25,422.0
3457,172.875,1098.28097224,419.03057926,3,0,1.86621323,1089.0,422.0
3458,172.925,1095.2948237,418.27366548,3,0,1.87995897,1086.5,419.0
3459,172.975,1092.21494597,417.15218591,3,0,1.9069059,1083.0,418.0
3460,173.025,1089.08505798,415.63117864,3,0,1.92082641,1076.25,416.0
3461,173.075,1085.96573982,414.14987385,3,0,1.93474692,1072.5,415.0
3462,173.125,1082.89899027,412.6782167,3,0,1.94866743,1067.75,411.0
3463,173.175,1079.87699991,411.24218588,3,0,1.96258793,1065.0,410.0
3464,173.225,1076.91973843,410.28659151,3,0,1.97593771,1060.75,410.0
3465,173.275,1073.93766161,409.64568227,3,0,1.98066141,1056.25,411.0
3466,173.325,1070.89913893,409.0438349,3,0,1.98083177,1051.75,407.0
3467,173.375,1067.69544392,408.50341845,3,0,1.98437035,1045.25,405.0
3468,173.425,1064.25726209,407.95446691,3,0,1.99552492,1040.75,404.0
3469,173.475,1060.72472493,406.85702048,3,0,2.00689314,1035.25,404.0
3470,173.525,1057.17494219,405.53260023,3,0,2.01825082,1031.75,404.0
3471,173.575,1053.59608475,404.24402878,3,0,2.02791213,1028.0,404.0
3472,173.625,1050.02369116,403.12419778,3,0,2.03601651,1022.5,404.0
3473,173.675,1046.43101299,402.40594425,3,0,2.0441209,1015.75,401.0
3474,173.725,1042.74222325,401.98574614,3,0,2.05222529,1013.0,401.0
3475,173.775,1038.95489661,401.57351195,3,0,2.06032968,1007.25,396.0
3476,173.825,1035.00395266,401.27778875,3,0,2.07032581,1004.0,395.0
3477,173.875,1030.66718877,400.95582848,3,0,2.08889552,999.0,395.0
3478,173.925,1026.1071414,399.63563212,3,0,2.10202753,992.25,394.0
3479,173.975,1021.42375409,398.67936255,3,0,2.11233235,991.0,392.0
3480,174.025,1016.61416098,397.92918129,3,0,2.12263718,983.75,388.0
3481,174.075,1011.85921043,395.3252226,4,0,2.13271462,977.75,387.0
3482,174.125,1007.26948186,393.58940654,4,0,2.14241942,977.0,386.0
3483,174.175,1002.7488661,392.05800229,4,0,2.15283962,972.5,384.0
3484,174.225,998.42602642,390.92663566,4,0,2.16499331,966.25,380.0
3485,174.275,994.0628245,389.93931717,4,0,2.1770599,962.0,380.0
3486,174.325,989.37365386,388.99551206,4,0,2.18696681,957.75,378.0
3487,174.375,984.25894017,387.25879418,4,0,2.19789864,954.75,374.0
3488,174.425,979.25247166,384.9273904,4,0,2.21135128,948.25,370.0
3489,174.475,974.39102573,382.5941067,4,0,2.22467103,945.0,370.0
3490,174.525,969.67226211,380.26042009,4,0,2.23799077,939.75,370.0
3491,174.575,965.0449609,379.09918722,4,0,2.25131052,936.5,368.0
3492,174.625,960.42731139,378.07215712,4,0,2.26463027,930.75,366.0
3493,174.675,955.80032054,377.07927437,4,0,2.27795002,926.0,368.0
3494,174.725,951.06183115,376.1128257,4,0,2.28642508,923.0,366.0
3495,174.775,945.65178716,375.20407031,4,0,2.28467939,918.75,365.0
3496,174.825,939.8655865,373.4814833,4,0,2.29336803,911.0,365.0
3497,174.875,934.21565694,371.23694866,4,0,2.3026494,906.0,363.0
3498,174.925,928.70808448,368.9951277,4,0,2.31676398,904.5,363.0
3499,174.975,923.33936183,366.76779477,4,0,2.33069345,899.25,365.0
3500,175.025,918.06714401,365.58074234,4,0,2.34462291,893.75,361.0
3501,175.075,912.80849002,364.53246193,4,0,2.359433,891.0,357.0
3502,175.125,907.44376969,363.49946911,4,0,2.37310346,882.75,357.0
3503,175.175,902.05646449,362.54970461,4,0,2.38246733,879.0,356.0
3504,175.225,896.5838084,361.56701127,4,0,2.37865337,874.5,355.0
3505,175.275,891.03835832,359.23881921,4,0,2.38401386,871.0,355.0
3506,175.325,885.58576127,356.76197214,4,0,2.38937435,866.5,355.0
3507,175.375,880.30814362,354.29253507,4,0,2.39263175,861.75,354.0
3508,175.425,875.19650356,351.84394805,4,0,2.38899507,857.25,352.0
3509,175.475,870.20262511,350.49912723,4,0,2.38958539,852.25,352.0
3510,175.525,865.21819644,349.50327414,4,0,2.39525085,846.25,352.0
3511,175.575,860.23061808,348.56958208,4,0,2.40090778,844.0,353.0
3512,175.625,855.2133737,347.67036412,4,0,2.40652266,838.0,350.0
3513,175.675,850.16508302,346.77111494,4,0,2.43391481,833.0,348.0
3514,175.725,845.06460821,345.40105576,4,0,2.46129487,827.25,348.0
3515,175.775,839.85691314,342.17842874,4,0,2.47751227,822.5,349.0
3516,175.825,834.89089126,339.00213102,4,0,2.4936778,819.5,347.0
3517,175.875,830.2256338,335.85121192,4,0,2.50780673,814.25,346.0
3518,175.925,825.71221812,334.48468126,4,0,2.5153163,809.25,346.0
3519,175.975,821.20545769,333.41268769,4,0,2.52144886,807.0,344.0
3520,176.025,816.70227121,332.44152363,4,0,2.52819714,798.0,344.0
3521,176.075,812.17244312,331.4782102,4,0,2.53593499,792.75,339.0
3522,176.125,807.61607492,330.50737619,4,0,2.55015386,790.5,332.0
3523,176.175,803.04525698,328.70421807,4,0,2.56268093,784.5,328.0
3524,176.225,798.42859178,325.17038584,4,0,2.5813797,780.0,327.0
3525,176.275,794.08612577,321.66928007,4,0,2.62011,775.5,326.0
3526,176.325,790.06201872,318.17223096,4,0,2.65924532,772.0,326.0
3527,176.375,786.26262839,316.38106695,4,0,2.67527558,766.25,324.0
3528,176.425,782.48019773,315.27861848,4,0,2.67889755,761.5,324.0
3529,176.475,778.64090814,314.21167097,4,0,2.68225567,755.5,320.0
3530,176.525,774.66254738,313.16774657,4,0,2.67473249,751.0,320.0
3531,176.575,770.54306445,312.13303945,4,0,2.66438254,749.25,319.0
3532,176.625,766.26287086,310.96433096,4,0,2.65383715,743.5,319.0
3533,176.675,762.05582266,305.88508284,4,0,2.64980678,737.25,316.0
3534,176.725,758.13374675,300.69171094,4,0,2.65424985,733.5,316.0
3535,176.775,754.42599044,296.30944397,4,0,2.65872021,726.25,316.0
3536,176.825,750.99998287,293.15966026,4,0,2.67811524,721.0,313.0
3537,176.875,747.80254494,292.21485685,4,0,2.70417156,718.0,314.0
3538,176.925,744.55475251,291.27108841,4,0,2.73030176,714.25,311.0
3539,176.975,741.24969418,290.33490105,4,0,2.745483,708.5,310.0
3540,177.025,737.79914164,289.40368843,4,0,2.76085702,706.5,309.0
3541,177.075,734.11446364,288.49273666,4,0,2.76862023,697.75,307.0
3542,177.125,730.13243973,284.22010834,4,0,2.77141273,693.75,307.0
3543,177.175,726.49987158,271.30238529,4,0,2.75994797,689.75,306.0
3544,177.225,722.4153717,254.85160383,4,0,2.76858847,683.25,303.0
3545,177.275,721.08930032,247.41279243,3,0,2.80457742,680.75,303.0
3546,177.325,720.43410214,247.00516788,3,0,2.83889618,673.75,301.0
3547,177.375,719.79226817,246.60032953,3,0,2.86909783,669.25,301.0
3548,177.425,719.15755439,246.18835627,3,0,2.8961477,667.25,298.0
3549,177.475,718.51080625,245.77507928,3,0,2.91580249,660.0,298.0
3550,177.525,717.82986922,245.34078524,3,0,2.93397267,655.5,298.0
3551,177.575,717.0620895,244.85692987,3,0,2.93299478,650.5,298.0
3552,177.625,716.24814394,244.35736355,3,0,2.92568675,644.5,296.0
3553,177.675,715.40936666,243.8318038,3,0,2.91898147,640.75,295.0
3554,177.725,714.54490298,243.30584765,3,0,2.91407695,633.5,294.0
3555,177.775,713.6681646,242.77714689,3,0,2.91886832,629.0,292.0
3556,177.825,712.8052221,242.25542622,3,0,2.94832932,628.0,293.0
3557,177.875,711.96374124,241.75574315,3,0,2.99812063,620.5,289.0
3558,177.925,711.12252847,241.27918995,3,0,3.02469093,614.0,288.0
3559,177.975,710.21215253,240.78378107,3,0,2.98589688,610.25,288.0
3560,178.025,709.25197909,240.10792801,3,0,2.95258057,605.75,285.0
3561,178.075,708.28029979,239.36936806,3,0,2.91926427,599.75,286.0
3562,178.125,707.29208509,238.68073514,3,0,2.90586322,595.75,284.0
3563,178.175,706.35704835,238.08081014,3,0,2.955696,591.0,285.0
3564,178.225,705.53215112,237.67253004,3,0,3.00948004,583.25,285.0
3565,178.275,704.81103543,237.27935805,3,0,3.06277663,578.75,285.0
3566,178.325,704.10762442,236.91186206,3,0,3.07849756,573.75,282.0
3567,178.375,703.38437892,236.54710708,3,0,3.07026168,569.5,282.0
3568,178.425,702.64626593,236.18921465,3,0,3.05962496,564.25,280.0
3569,178.475,701.71349347,235.83342335,3,0,3.01488749,559.0,278.0
3570,178.525,700.71062601,235.48222947,3,0,3.02914708,554.75,278.0
3571,178.575,699.73732693,235.1329745,3,0,3.06401845,546.75,279.0
3572,178.625,698.82715817,234.78306194,3,0,3.09993078,545.0,277.0
3573,178.675,697.99289312,234.45203167,3,0,3.1400134,539.0,277.0
3574,178.725,697.19169061,234.12905543,3,0,3.17660279,531.75,274.0
3575,178.775,696.40775758,233.86522851,3,0,3.20366142,527.75,273.0
3576,178.825,695.61308335,233.58448092,3,0,3.21242501,522.75,271.0
3577,178.875,694.73400731,233.25847494,3,0,3.15125266,515.5,268.0
3578,178.925,693.76829329,233.06475208,3,0,3.10694053,510.75,267.0
3579,178.975,692.75362187,231.83571363,3,0,3.12659126,505.0,268.0
3580,179.025,691.88454842,231.50331555,3,0,3.15999281,500.5,268.0
3581,179.075,691.05501891,231.18512664,3,0,3.19350657,496.0,268.0
3582,179.125,690.2402148,230.74393257,3,0,3.21213037,490.25,267.0
3583,179.175,689.35559436,230.1921042,3,0,3.15731121,483.25,265.0
3584,179.225,688.39579993,229.64234258,3,0,3.09998134,477.5,263.0
3585,179.275,687.37014516,229.11872041,3,0,3.04645695,472.25,260.0
3586,179.325,686.27055843,228.58639747,3,0,2.98247335,466.25,251.0
3587,179.375,684.92251817,227.9386456,3,0,2.79303494,459.5,244.0
3588,179.425,683.12267521,226.98663967,3,0,2.53726916,455.0,242.0
3589,179.475,681.12421894,226.07605793,3,0,2.41726533,450.5,242.0
3590,179.525,678.99173886,225.17036913,3,0,2.35347584,445.75,241.0
3591,179.575,676.76043643,224.26510272,3,0,2.32926547,441.25,238.0
3592,179.625,674.42710448,223.36156953,3,0,2.2993859,435.0,238.0
3593,179.675,672.0051607,222.50588224,3,0,2.27991502,430.25,233.0
3594,179.725,669.50997713,221.66647942,3,0,2.26044414,428.0,227.0
3595,179.775,666.89605367,220.84583956,3,0,2.1754254,423.25,219.0
3596,179.825,663.9533561,220.02524866,3,0,1.97644853,419.5,216.0
3597,179.875,660.56961949,219.83492714,3,0,1.78338815,416.0,214.0
3598,179.925,656.89474859,217.91475804,3,0,1.65312437,412.5,214.0
3599,179.975,653.18742289,217.03083297,3,0,1.54043936,409.25,215.0
3600,180.025,649.41406403,216.16626542,3,0,1.4906642,405.0,209.0
3601,180.075,645.60997933,215.3054819,3,0,1.46004877,397.5,210.0
3602,180.125,641.77110873,214.44658605,3,0,1.42943335,396.75,206.0
3603,180.175,637.88058339,213.61143627,3,0,1.3995461,392.0,195.0
3604,180.225,633.81292854,212.8080768,3,0,1.27246818,390.75,188.0
3605,180.275,629.44715798,212.07670104,3,0,1.0444802,385.0,175.0
3606,180.325,624.52407777,211.21240296,3,0,0.71354727,384.0,170.0
3607,180.375,618.89587034,210.26716085,3,0,0.24685058,381.0,167.0
3608,180.425,612.91798008,209.37510735,3,0,0.10120535,378.75,161.0
3609,180.475,606.79586066,208.49050115,3,0,0.09120952,377.5,161.0
3610,180.525,600.53213932,207.64371846,3,0,0.09038716,375.75,159.0
3611,180.575,594.18050701,206.88674234,3,0,0.09235978,375.25,159.0
3612,180.625,587.79492268,206.15469993,3,0,0.09033661,375.25,157.0
3613,180.675,581.37678796,205.42547196,3,0,0.10014202,373.0,153.0
3614,180.725,574.92952381,204.70377812,3,0,0.11014967,371.0,151.0
3615,180.775,568.1274102,205.28228545,4,0,0.08826165,367.25,151.0
3616,180.825,560.96314798,201.63797921,3,0,0.07530135,366.0,151.0
3617,180.875,553.81253183,200.47969498,3,0,0.07532231,365.25,151.0
3618,180.925,546.47159543,199.38296531,3,0,0.0753433,363.25,151.0
3619,180.975,539.07245757,198.37032332,3,0,0.07638563,363.0,150.0
3620,181.025,531.66003678,197.3911887,3,0,0.07842401,364.25,150.0
3621,181.075,524.26136694,196.41551236,3,0,0.08046239,359.25,150.0
3622,181.125,516.87768993,195.44875371,3,0,0.08250076,358.0,150.0
3623,181.175,509.49270723,194.4800926,3,0,0.08453914,357.25,150.0
3624,181.225,502.10616081,193.5089948,3,0,0.08657752,357.75,150.0
3625,181.275,494.71572183,192.48938972,3,0,0.08861589,355.75,150.0
3626,181.325,487.30607056,191.27021634,3,0,0.09065427,355.0,150.0
3627,181.375,479.49407079,189.34214457,3,0,0.09269264,351.25,149.0
3628,181.425,472.15749744,188.18580173,3,0,0.09473102,352.25,149.0
3629,181.475,464.83249338,187.14130631,3,0,0.0967694,349.25,145.0
3630,181.525,457.47595477,186.0993617,3,0,0.09880777,350.25,149.0
3631,181.575,450.12261269,185.06135723,3,0,0.10091961,345.75,149.0
3632,181.625,442.78194906,184.0225584,3,0,0.10343404,343.5,142.0
3633,181.675,435.45298586,182.99586584,3,0,0.10603248,342.75,141.0
3634,181.725,427.94031187,181.81235925,3,0,0.10863092,342.0,141.0
3635,181.775,420.51618283,180.38087414,3,0,0.11122937,340.5,141.0
3636,181.825,413.32810075,179.070177,3,0,0.11382781,340.25,145.0
3637,181.875,406.06269161,179.48138373,4,0,0.11642625,337.0,141.0
3638,181.925,398.77806368,176.15286059,4,0,0.1190247,335.25,141.0
3639,181.975,391.85005127,174.4579725,3,0,0.12162314,331.75,141.0
3640,182.025,384.98477157,173.29259375,3,0,0.12496542,332.5,141.0
3641,182.075,378.13839697,172.26371798,3,0,0.1304526,330.75,144.0
3642,182.125,371.28263462,171.22673359,3,0,0.1360726,326.75,139.0
3643,182.175,364.41961626,170.17119352,3,0,0.1416926,327.0,140.0
3644,182.225,357.64644717,168.08974988,3,0,0.1473126,324.75,140.0
3645,182.275,351.15830552,165.86838959,3,0,0.1529326,325.0,140.0
3646,182.325,344.82785281,164.56124115,3,0,0.15855259,322.0,141.0
3647,182.375,338.55022723,163.3017266,3,0,0.16417259,320.25,137.0
3648,182.425,332.32262058,162.04518153,3,0,0.16979259,320.25,137.0
3649,182.475,326.16505359,160.80011782,3,0,0.17541259,318.75,136.0
3650,182.525,320.05501735,159.59240557,3,0,0.18103258,316.75,134.0
3651,182.575,313.94534761,158.271927,3,0,0.20193623,318.25,135.0
3652,182.625,307.95125454,156.08344033,3,0,0.2132481,313.5,134.0
3653,182.675,301.67735642,152.60177463,3,0,0.22091359,311.75,132.0
3654,182.725,296.14126697,150.97459294,3,0,0.22686916,312.0,131.0
3655,182.775,290.59559645,149.37014218,3,0,0.21927543,307.75,122.0
3656,182.825,285.20483251,147.89400522,3,0,0.2224263,305.5,121.0
3657,182.875,279.92991324,146.46032648,3,0,0.22542184,303.75,121.0
3658,182.925,274.51921359,143.59293233,3,0,0.21942116,301.75,121.0
3659,182.975,269.57326269,142.04510941,3,0,0.21978743,300.25,121.0
3660,183.025,264.57748017,140.52620007,3,0,0.22013992,300.0,121.0
3661,183.075,259.46912777,138.98145863,3,0,0.22049241,297.5,121.0
3662,183.125,254.15661204,135.71995793,3,0,0.2208449,295.0,120.0
3663,183.175,249.19318621,132.7159028,3,0,0.22119739,293.75,120.0
3664,183.225,244.73044107,130.87371459,3,0,0.22154988,293.0,120.0
3665,183.275,240.27893083,129.05612247,3,0,0.22190237,288.75,120.0
3666,183.325,235.79396328,126.7457292,3,0,0.22225028,286.25,120.0
3667,183.375,231.5158613,122.48031857,3,0,0.22295693,287.5,120.0
3668,183.425,227.62259853,121.13367849,3,0,0.22409797,286.75,120.0
3669,183.475,223.57768632,120.22169433,3,0,0.225256,285.0,119.0
3670,183.525,219.34081065,119.01582877,4,0,0.22641403,282.75,119.0
3671,183.575,214.89701832,112.72011011,5,0,0.22757207,280.0,119.0
3672,183.625,210.01203131,101.68735477,5,0,0.2287301,279.0,119.0
3673,183.675,207.21103032,95.07985447,5,0,0.22988814,278.5,119.0
3674,183.725,205.57723892,88.89359259,5,2,0.23104617,274.25,119.0
3675,183.775,204.72658615,87.29382214,2,0,0.2322042,271.5,119.0
3676,183.825,203.90954734,86.79336039,2,0,0.23336224,272.75,119.0
3677,183.875,203.10306929,86.30225542,2,0,0.23452027,272.25,119.0
3678,183.925,202.31358722,85.78947176,2,0,0.23567831,270.25,119.0
3679,183.975,201.53447549,85.22575227,2,0,0.23676187,270.5,118.0
3680,184.025,200.75851619,84.66562415,2,0,0.23749182,266.25,118.0
3681,184.075,199.97889417,84.10179038,2,0,0.23818755,263.5,117.0
3682,184.125,199.18710845,83.52407982,2,0,0.23888328,262.5,117.0
3683,184.175,198.38883296,82.9385473,2,0,0.239579,261.0,117.0
3684,184.225,197.58945469,82.35469279,2,0,0.24017716,259.75,117.0
3685,184.275,196.80232752,81.77401877,2,0,0.24431547,257.25,115.0
3686,184.325,195.99844022,81.19631524,2,0,0.25520361,255.5,115.0
3687,184.375,195.1688834,80.59402557,2,0,0.26624306,254.25,115.0
3688,184.425,194.34809764,79.65470689,2,0,0.27728251,253.5,115.0
3689,184.475,193.7235721,76.2625184,1,0,0.28771641,248.75,115.0
3690,184.525,193.309302,76.07828987,1,0,0.29284189,248.0,114.0
3691,184.575,192.89925904,75.87517667,1,0,0.29672641,245.5,114.0
3692,184.625,192.49332834,75.65974867,1,0,0.30061094,246.25,114.0
3693,184.675,192.08850952,75.45876065,1,0,0.30449546,242.5,113.0
3694,184.725,191.67299061,75.26666192,1,0,0.30743345,240.75,113.0
3695,184.775,191.24670694,75.07434612,1,0,0.3084721,238.75,113.0
3696,184.825,190.80975406,74.88203031,1,0,0.30945652,236.25,113.0
3697,184.875,190.36038804,74.68654813,1,0,0.31040859,236.0,113.0
3698,184.925,189.89107493,74.46228861,1,0,0.31065424,233.5,111.0
3699,184.975,189.41127792,74.23836848,1,0,0.31073225,232.0,110.0
3700,185.025,188.92149208,74.01444834,1,0,0.31080511,229.25,111.0
3701,185.075,188.42180574,73.79014508,1,0,0.31087798,228.5,108.0
3702,185.125,187.90868568,73.53736266,1,0,0.31095084,226.75,108.0
3703,185.175,187.37941907,73.28468677,1,0,0.31103066,225.75,107.0
3704,185.225,186.83708864,73.0356369,1,0,0.31146228,222.5,106.0
3705,185.275,186.28008727,72.78744149,1,0,0.31189017,219.5,106.0
3706,185.325,185.70801808,72.53924609,1,0,0.31231805,220.25,106.0
3707,185.375,185.12483345,72.30124243,1,0,0.31274593,216.5,106.0
3708,185.425,184.57972616,72.09847692,1,0,0.31317381,217.25,104.0
3709,185.475,184.05130088,71.92151546,1,0,0.31360169,213.5,103.0
3710,185.525,183.52388523,71.75108995,1,0,0.31402957,212.5,103.0
3711,185.575,182.99862639,71.58038922,1,0,0.31447434,210.0,103.0
3712,185.625,182.48420894,71.40900957,1,0,0.32335562,210.0,103.0
3713,185.675,181.98779068,71.23762992,1,0,0.33920811,209.5,103.0
3714,185.725,181.50299167,71.0800324,1,0,0.34947369,203.75,102.0
3715,185.775,181.01303267,70.92784473,1,0,0.3510372,203.0,102.0
3716,185.825,180.51497306,70.76340519,1,0,0.35238164,201.5,102.0
3717,185.875,180.00728961,70.59895682,1,0,0.35371966,201.25,101.0
3718,185.925,179.49324798,70.425515,1,0,0.35505767,197.0,100.0
3719,185.975,178.98289095,70.24812664,1,0,0.35639569,197.25,100.0
3720,186.025,178.47635836,70.07101994,1,0,0.35773371,196.25,100.0
3721,186.075,177.97382217,69.89413318,1,0,0.35933848,193.75,100.0
3722,186.125,177.47577543,69.71725591,1,0,0.36142529,194.0,100.0
3723,186.175,176.98384218,69.53919382,1,0,0.36404723,188.25,100.0
3724,186.225,176.49697604,69.35416255,1,0,0.36697165,187.75,100.0
3725,186.275,176.01171579,69.16819015,1,0,0.36989556,187.5,100.0
3726,186.325,175.5222849,68.97687028,1,0,0.37281947,187.5,100.0
3727,186.375,175.0289288,68.73148242,1,0,0.37574338,184.5,98.0
3728,186.425,174.53931373,68.48618078,1,0,0.37818975,182.75,98.0
3729,186.475,174.05140581,68.24093902,1,0,0.37859796,182.5,96.0
3730,186.525,173.56144291,68.00513662,1,0,0.3786437,180.0,96.0
3731,186.575,173.06390876,67.77059504,1,0,0.37865377,177.25,96.0
3732,186.625,172.55923209,67.537298,1,0,0.37866384,174.5,96.0
3733,186.675,172.05087183,67.30542235,1,0,0.37867391,174.0,96.0
3734,186.725,171.5349517,67.07187272,1,0,0.37868398,170.25,96.0
3735,186.775,170.98535398,66.83312573,1,0,0.37869404,169.75,95.0
3736,186.825,170.41996187,66.5774127,1,0,0.37870411,168.0,95.0
3737,186.875,169.85058252,66.32169967,1,0,0.37871418,165.75,95.0
3738,186.925,169.2759399,66.07435119,1,0,0.37872425,164.0,95.0
3739,186.975,168.69316972,65.82942956,1,0,0.37873432,163.25,95.0
3740,187.025,168.10216454,65.58450793,1,0,0.37871124,160.0,92.0
3741,187.075,167.50239845,65.33981209,1,0,0.37821748,159.25,93.0
3742,187.125,166.89182675,65.09488601,1,0,0.37595172,158.25,91.0
3743,187.175,166.2711731,64.85001032,1,0,0.3731919,158.0,92.0
3744,187.225,165.64444885,64.6087466,1,0,0.37043119,156.25,91.0
3745,187.275,165.06512286,64.4046406,1,0,0.36767048,154.75,91.0
3746,187.325,164.47931326,64.20413175,1,0,0.36490977,152.75,90.0
3747,187.375,163.88481944,64.00486506,1,0,0.36267144,152.0,90.0
3748,187.425,163.28527773,63.80733687,1,0,0.36401043,151.5,90.0
3749,187.475,162.681351,63.61074866,1,0,0.36596527,149.25,90.0
3750,187.525,162.07292271,63.41455494,1,0,0.36792011,145.5,90.0
3751,187.575,161.45998567,63.21836122,1,0,0.36987495,143.25,89.0
3752,187.625,160.84253988,63.0221675,1,0,0.37182979,142.75,89.0
3753,187.675,160.2213328,62.8260046,1,0,0.37453208,141.25,89.0
3754,187.725,159.64097511,62.63760779,1,0,0.42086121,140.0,89.0
3755,187.775,159.06629865,62.45572989,1,0,0.42736351,137.5,87.0
3756,187.825,158.48658148,62.27434068,1,0,0.42364854,135.5,88.0
3757,187.875,157.90118505,62.09295147,1,0,0.41993357,134.75,87.0
3758,187.925,157.31018588,61.91162254,1,0,0.41628704,134.25,87.0
3759,187.975,156.71799365,61.7316368,1,0,0.41667421,132.0,87.0
3760,188.025,156.12590551,61.55193801,1,0,0.418707,129.25,86.0
3761,188.075,155.53246219,61.3723525,1,0,0.41933024,128.25,86.0
3762,188.125,154.93363954,61.16938513,1,0,0.41900716,127.75,86.0
3763,188.175,154.32710124,60.92973942,1,0,0.41868408,125.5,85.0
3764,188.225,153.71417086,60.68954757,1,0,0.41903626,123.25,85.0
3765,188.275,153.10244605,60.44907443,1,0,0.42071513,122.5,84.0
3766,188.325,152.4944007,60.20860129,1,0,0.42245168,121.0,84.0
3767,188.375,151.89003483,59.96812815,1,0,0.42418823,119.5,84.0
3768,188.425,151.28934842,59.72765501,1,0,0.42592479,119.75,82.0
3769,188.475,150.69231623,59.48724264,1,0,0.42763616,118.75,82.0
3770,188.525,150.07358125,59.24310669,1,0,0.42823861,115.75,80.0
3771,188.575,149.44795436,58.99389634,1,0,0.42812445,113.0,75.0
3772,188.625,148.81239442,58.75116524,1,0,0.42790791,110.25,75.0
3773,188.675,148.16100029,58.50572296,1,0,0.42769137,107.75,76.0
3774,188.725,147.50117243,58.26027097,1,0,0.42747483,107.25,76.0
3775,188.775,146.8329109,58.01481897,1,0,0.42725829,106.0,73.0
3776,188.825,146.1562157,57.76936698,1,0,0.42704176,105.25,73.0
3777,188.875,145.46958325,57.5253596,1,0,0.42666871,104.5,73.0
3778,188.925,144.83003438,57.29239734,1,0,0.42608274,103.25,73.0
3779,188.975,144.20464638,57.06168843,1,0,0.43761519,103.0,73.0
3780,189.025,143.55374381,56.83088919,1,0,0.42222067,100.25,72.0
3781,189.075,142.87731601,56.60008996,1,0,0.42025675,98.25,72.0
3782,189.125,142.1856875,56.35368034,1,0,0.41829283,97.5,71.0
3783,189.175,141.49551177,56.10531724,1,0,0.41632891,96.75,68.0
3784,189.225,140.80688495,55.86648115,1,0,0.41436499,94.75,67.0
3785,189.275,140.11513602,55.66429154,1,0,0.41240107,94.0,69.0
3786,189.325,139.41809789,55.46213196,1,0,0.41043515,92.0,67.0
3787,189.375,138.71725266,55.26681297,1,0,0.40848517,91.0,67.0
3788,189.425,138.01555136,55.07533406,1,0,0.40603807,90.0,67.0
3789,189.475,137.31230852,54.88496413,1,0,0.40366846,88.5,67.0
3790,189.525,136.6064832,54.69468901,1,0,0.40151923,87.75,66.0
3791,189.575,135.91032769,54.49828462,1,0,0.41161695,85.5,66.0
3792,189.625,135.21780539,54.29950782,1,0,0.41515941,84.75,66.0
3793,189.675,134.52980958,54.09737613,1,0,0.41746882,83.25,65.0
3794,189.725,133.84516264,53.89450899,1,0,0.41977824,80.75,61.0
3795,189.775,133.16398499,53.69186324,1,0,0.42224605,80.25,61.0
3796,189.825,132.48903939,53.48710232,1,0,0.427796,79.5,58.0
3797,189.875,131.81158106,53.27918221,1,0,0.42726987,78.25,58.0
3798,189.925,131.12983076,53.0712621,1,0,0.42562375,76.25,56.0
3799,189.975,130.4437885,52.86334199,1,0,0.42397763,75.75,56.0
3800,190.025,129.7534712,52.60924944,1,0,0.42233151,75.5,56.0
3801,190.075,129.05713234,52.32761853,1,0,0.42068539,72.5,55.0
3802,190.125,128.34392647,52.04724461,1,0,0.41903926,72.25,55.0
3803,190.175,127.61138247,51.76687069,1,0,0.41739314,70.25,55.0
3804,190.225,126.86009591,51.48746494,1,0,0.41571036,70.0,55.0
3805,190.275,126.09481431,51.2096562,1,0,0.41345266,68.0,52.0
3806,190.325,125.31895647,50.93234233,1,0,0.41090355,67.0,52.0
3807,190.375,124.53823335,50.66030625,1,0,0.40835445,66.75,52.0
3808,190.425,123.74406714,50.39065532,1,0,0.40577161,64.5,51.0
3809,190.475,122.93795701,50.11998733,1,0,0.40240065,62.0,50.0
3810,190.525,122.13148575,49.84995961,1,0,0.39880778,62.0,50.0
3811,190.575,121.32463521,49.58250683,1,0,0.39521491,61.5,50.0
3812,190.625,120.51472166,49.31763655,1,0,0.39162205,60.5,50.0
3813,190.675,119.70591541,49.06039139,1,0,0.38927248,59.25,50.0
3814,190.725,118.90614173,48.80444343,1,0,0.38769438,58.5,50.0
3815,190.775,118.11553481,48.54849548,1,0,0.38610812,57.75,50.0
3816,190.825,117.33306296,48.29573467,1,0,0.38452186,56.0,50.0
3817,190.875,116.5325157,48.04512926,1,0,0.38358845,54.0,49.0
3818,190.925,115.74505739,47.79849656,1,0,0.38470559,53.25,49.0
3819,190.975,114.97330601,47.55186385,1,0,0.38588194,52.75,50.0
3820,191.025,114.21726156,47.30523114,1,0,0.38705815,51.5,47.0
3821,191.075,113.47692402,47.05859843,1,0,0.38823437,50.5,47.0
3822,191.125,112.75306094,46.84317312,1,0,0.38941035,49.0,47.0
3823,191.175,112.0525152,46.64425033,1,0,0.390512,47.5,47.0
3824,191.225,111.37485415,46.44078247,1,0,0.39129946,46.5,47.0
3825,191.275,110.6949522,46.22518317,1,0,0.38645755,46.0,47.0
3826,191.325,109.97696859,46.01472637,1,0,0.38536639,45.0,47.0
3827,191.375,109.22714371,45.82217487,1,0,0.38249778,44.0,44.0
3828,191.425,108.46093158,45.6547869,1,0,0.37872786,42.25,43.0
3829,191.475,107.67683435,45.48739893,1,0,0.37483906,40.0,41.0
3830,191.525,106.87485202,45.32001095,1,0,0.37095025,39.75,41.0
3831,191.575,106.05326772,45.16170882,1,0,0.36539646,38.75,40.0
3832,191.625,105.21060502,45.01263206,1,0,0.36232271,37.75,38.0
3833,191.675,104.3482147,44.8635673,1,0,0.35924895,37.0,38.0
3834,191.725,103.46544462,44.7145082,1,0,0.3561752,36.25,38.0
3835,191.775,102.56235624,44.56605434,1,0,0.35303153,36.25,38.0
3836,191.825,101.64760621,44.26497679,1,0,0.35055276,35.5,38.0
3837,191.875,100.73515844,43.94960317,1,0,0.3470428,34.0,38.0
3838,191.925,99.82526352,43.63419852,1,0,0.34347921,31.75,37.0
3839,191.975,98.91280614,43.31556902,1,0,0.33909441,31.0,37.0
3840,192.025,97.99484849,42.9968996,1,0,0.33308746,30.25,37.0
3841,192.075,97.07228978,42.67988586,1,0,0.32708051,30.0,36.0
3842,192.125,96.14328809,42.3819405,1,0,0.32107356,29.25,36.0
3843,192.175,95.19232373,42.08983125,1,0,0.31506661,28.25,35.0
3844,192.225,94.21941951,41.80036112,1,0,0.30985,27.0,34.0
3845,192.275,93.23428006,41.51142873,1,0,0.31015947,26.0,34.0
3846,192.325,92.24728893,41.21316529,1,0,0.30987337,26.0,34.0
3847,192.375,91.26739545,40.91444998,1,0,0.30902474,25.25,33.0
3848,192.425,90.29459149,40.615586,1,0,0.30806554,24.25,34.0
3849,192.475,89.32659273,40.31612628,1,0,0.30710634,23.0,30.0
3850,192.525,88.35501726,40.01878845,1,0,0.30614714,21.5,30.0
3851,192.575,87.37171801,39.74158567,1,0,0.30285812,20.75,28.0
3852,192.625,86.37209627,39.4662117,1,0,0.29260722,20.25,27.0
3853,192.675,85.35880345,39.19308541,1,0,0.29303334,20.5,27.0
3854,192.725,84.32097909,38.91735053,1,0,0.27561409,19.0,27.0
3855,192.775,83.26432685,38.62054323,1,0,0.27191409,18.0,27.0
3856,192.825,82.21770226,38.32373374,1,0,0.26817171,17.5,27.0
3857,192.875,81.18149875,38.02531389,1,0,0.26482033,16.25,26.0
3858,192.925,80.15780438,37.7254641,1,0,0.26363755,15.25,25.0
3859,192.975,79.14692744,37.42561431,1,0,0.26283455,15.5,25.0
3860,193.025,78.14886795,37.12576452,1,0,0.26203154,14.5,25.0
3861,193.075,77.16362589,36.82591473,1,0,0.26122853,14.25,24.0
3862,193.125,76.17735045,36.53684881,1,0,0.26023655,12.75,22.0
3863,193.175,75.15043678,36.24640734,1,0,0.25776466,12.5,22.0
3864,193.225,74.09894997,35.92133949,1,0,0.24946022,12.0,22.0
3865,193.275,73.02870121,35.57956502,1,0,0.24082067,11.5,22.0
3866,193.325,71.93663877,35.23783438,1,0,0.23218112,10.5,21.0
3867,193.375,70.8239044,34.90794893,1,0,0.22354158,10.0,20.0
3868,193.425,69.70012221,34.59561118,1,0,0.21599638,9.25,20.0
3869,193.475,68.61704742,34.31249309,1,0,0.20943666,8.75,19.0
3870,193.525,67.59801061,34.03214114,1,0,0.23694816,8.5,17.0
3871,193.575,66.5529779,33.76707865,1,0,0.21783449,8.25,17.0
3872,193.625,65.43800013,33.47990999,1,0,0.18836424,6.75,16.0
3873,193.675,64.34217529,33.22594852,1,0,0.18728956,6.75,16.0
3874,193.725,63.26435807,33.01809369,1,0,0.1874827,6.5,16.0
3875,193.775,62.18836019,32.81040113,1,0,0.18724512,6.0,16.0
3876,193.825,61.10755095,32.60297008,1,0,0.17950808,6.0,14.0
3877,193.875,60.01940838,32.39554352,1,0,0.16909677,5.25,13.0
3878,193.925,58.92064258,32.18815981,1,0,0.15868546,4.5,12.0
3879,193.975,57.80656848,31.99204126,1,0,0.14680208,4.25,11.0
3880,194.025,56.63536177,31.82833923,1,0,0.12462518,3.25,9.0
3881,194.075,55.40091497,31.57024835,1,0,0.10767631,3.25,9.0
3882,194.125,54.12856676,31.05824327,1,0,0.10253169,3.25,9.0
3883,194.175,52.82144744,30.59768125,1,0,0.09738707,3.25,9.0
3884,194.225,51.55121914,30.21987506,1,0,0.09224244,3.0,8.0
3885,194.275,50.33664897,29.84206886,1,0,0.08709782,2.25,8.0
3886,194.325,49.177734,29.46595962,1,0,0.0819532,2.25,8.0
3887,194.375,48.04655777,29.25185938,1,0,0.07680858,1.75,8.0
3888,194.425,46.915674,29.03866271,1,0,0.07166396,1.5,7.0
3889,194.475,45.7657223,28.84389789,1,0,0.06651314,1.5,7.0
3890,194.525,44.57576586,28.64978011,1,0,0.05956828,1.25,7.0
3891,194.575,43.34100516,28.45553486,1,0,0.0512982,1.25,7.0
3892,194.625,42.05845818,28.09127427,1,0,0.02512578,1.0,6.0
3893,194.675,40.77364423,27.68494677,1,0,0.02187727,1.0,6.0
3894,194.725,39.4888782,27.27861926,1,0,0.02011827,0.75,5.0
3895,194.775,38.20477578,26.87321114,1,0,0.01835926,0.5,4.0
3896,194.825,36.92792302,26.4680768,1,0,0.01660026,0.0,0.0
3897,194.875,35.65986845,26.06342427,1,0,0.01484126,0.0,0.0
3898,194.925,34.40548269,25.66026356,1,0,0.01308226,0.0,0.0
3899,194.975,33.16485751,25.2646518,1,0,0.01132325,0.0,0.0
3900,195.025,31.91468112,24.86452238,1,0,0.0,0.0,0.0
3901,195.075,30.61131718,24.44388592,1,0,0.0,0.0,0.0
3902,195.125,29.28896848,23.92489782,1,0,0.0,0.0,0.0
3903,195.175,27.98487633,23.40575694,1,0,0.0,0.0,0.0
3904,195.225,26.69904313,22.88661607,1,0,0.0,0.0,0.0
3905,195.275,25.43146888,22.3674752,1,0,0.0,0.0,0.0
3906,195.325,24.18145875,21.84682389,1,0,0.0,0.0,0.0
3907,195.375,22.94736457,21.32569261,1,0,0.0,0.0,0.0
3908,195.425,21.7291162,20.80456132,1,0,0.0,0.0,0.0
3909,195.475,20.53051144,20.24544027,1,0,0.0,0.0,0.0
3910,195.525,19.35848151,19.67947257,1,0,0.0,0.0,0.0
3911,195.575,18.21318005,19.11350486,1,0,0.0,0.0,0.0
3912,195.625,17.09460706,18.54753716,1,0,0.0,0.0,0.0
3913,195.675,16.00276254,17.98156945,1,0,0.0,0.0,0.0
3914,195.725,14.9376465,17.41560175,1,0,0.0,0.0,0.0
3915,195.775,13.89924248,16.84961004,1,0,0.0,0.0,0.0
3916,195.825,12.88663647,16.28348266,1,0,0.0,0.0,0.0
3917,195.875,11.89930288,15.71735527,1,0,0.0,0.0,0.0
3918,195.925,10.9384342,15.14998711,1,0,0.0,0.0,0.0
3919,195.975,10.0048082,14.54937633,1,0,0.0,0.0,0.0
3920,196.025,8.96752968,13.82754423,1,0,0.0,0.0,0.0
3921,196.075,7.97367922,13.05128605,1,0,0.0,0.0,0.0
3922,196.125,7.05620066,12.24372928,1,0,0.0,0.0,0.0
3923,196.175,6.21692823,11.4361725,1,0,0.0,0.0,0.0
3924,196.225,5.45586194,10.62861572,1,0,0.0,0.0,0.0
3925,196.275,4.77300178,9.82105894,1,0,0.0,0.0,0.0
3926,196.325,4.14438931,9.15031421,1,0,0.0,0.0,0.0
3927,196.375,3.4772608,8.6114615,1,0,0.0,0.0,0.0
3928,196.425,2.84463213,8.07653672,1,0,0.0,0.0,0.0
3929,196.475,2.2513326,7.54161193,1,0,0.0,0.0,0.0
3930,196.525,1.69586164,6.91040047,1,0,0.0,0.0,0.0
3931,196.56082088,0.75899462,4.75397487,1,0,0.0,0.0,0.0
